frame,bbox_topleft_x,bbox_topleft_y,bbox_width,bbox_height,track_id,color,type,speed
58,0,667,98,162,8,3,5,28
59,0,631,178,246,8,3,5,28
60,0,598,261,301,8,3,5,28
61,0,590,348,324,8,3,5,28
62,1,601,442,329,8,3,5,28
63,1,609,540,335,8,3,5,28
64,0,620,642,344,8,3,5,28
65,38,630,717,345,8,3,5,28
66,101,640,767,354,8,3,5,29
67,184,654,808,357,8,3,5,30
68,284,666,833,364,8,3,5,30
69,407,670,847,377,8,3,5,31
70,523,684,873,381,8,3,5,31
71,652,701,895,378,8,3,5,32
72,787,714,913,365,8,3,5,32
73,933,728,918,350,8,3,5,33
74,1088,741,830,338,8,3,5,33
75,1251,756,668,322,8,3,5,33
76,1419,768,500,311,8,3,5,33
77,1594,810,325,267,8,3,5,33
31,0,614,228,292,9,5,5,33
32,0,609,315,311,9,5,5,33
33,0,609,403,325,9,5,5,33
34,1,622,500,330,9,5,5,33
35,0,621,609,345,9,5,5,33
36,0,646,720,340,9,5,5,33
37,76,658,760,346,9,5,5,33
38,174,670,790,352,9,5,5,33
39,283,683,814,360,9,5,5,33
40,403,696,832,368,9,5,5,33
41,530,711,851,368,9,5,5,33
42,666,725,869,354,9,5,5,34
43,811,737,876,339,9,5,5,35
44,968,757,885,323,9,5,5,35
45,1128,771,789,308,9,5,5,36
46,1297,787,620,290,9,5,5,37
47,1474,805,446,271,9,5,5,37
48,1654,845,265,230,9,5,5,38
82,2,644,528,253,11,5,0,32
83,69,656,579,265,11,5,0,34
84,146,668,623,267,11,5,0,35
85,227,683,674,297,11,5,0,36
86,323,693,706,306,11,5,0,36
87,446,705,717,316,11,5,0,36
88,570,723,732,320,11,5,0,36
89,716,733,722,328,11,5,0,36
90,868,750,703,325,11,5,0,36
91,1024,767,701,311,11,5,0,36
92,1190,781,648,295,11,5,0,36
93,1359,798,559,277,11,5,0,36
94,1532,811,386,265,11,5,0,36
95,1711,842,208,235,11,5,0,36
115,1862,554,57,106,13,3,4,25
116,1808,539,111,127,13,3,4,25
117,1748,510,171,152,13,3,4,25
118,1688,495,231,163,13,3,4,25
119,1626,480,293,175,13,3,4,25
120,1562,478,356,190,13,3,4,25
121,1494,478,423,185,13,3,4,25
122,1427,474,470,183,13,3,4,25
123,1356,468,478,186,13,3,4,25
124,1286,464,471,184,13,3,4,26
125,1213,457,478,184,13,3,4,26
126,1143,450,470,184,13,3,4,27
127,1074,446,462,178,13,3,4,28
128,998,441,464,178,13,3,4,29
129,923,434,458,177,13,3,4,30
130,850,429,449,175,13,3,4,31
131,770,425,455,173,13,3,4,32
132,697,420,450,172,13,3,4,33
133,623,416,442,170,13,3,4,34
134,551,412,432,168,13,3,4,35
135,478,407,424,164,13,3,4,36
136,406,404,421,161,13,3,4,37
137,337,398,406,160,13,3,4,38
138,267,390,398,160,13,3,4,39
139,198,388,389,155,13,3,4,39
140,128,382,386,155,13,3,4,40
141,65,380,371,151,13,3,4,40
142,4,377,359,148,13,3,4,40
143,0,373,294,145,13,3,4,40
144,1,367,221,146,13,3,4,40
145,0,367,150,140,13,3,4,40
146,0,368,85,124,13,3,4,40
106,0,640,244,245,14,4,0,60
107,1,648,421,268,14,4,0,60
108,16,669,599,276,14,4,0,60
109,189,689,631,284,14,4,0,60
110,378,709,654,295,14,4,0,59
111,582,735,680,302,14,4,0,58
112,806,754,672,311,14,4,0,57
113,1041,782,596,294,14,4,0,56
114,1288,805,532,271,14,4,0,56
115,1546,829,372,247,14,4,0,55
116,1807,880,111,198,14,4,0,55
132,1808,588,111,146,15,9,1,30
133,1730,556,189,174,15,9,1,30
134,1651,536,268,187,15,9,1,30
135,1570,528,347,190,15,9,1,30
136,1490,522,428,210,15,9,1,30
137,1407,513,497,212,15,9,1,30
138,1321,506,490,213,15,9,1,30
139,1235,500,491,209,15,9,1,30
140,1142,492,489,212,15,9,1,31
141,1051,485,499,206,15,9,1,31
142,970,478,481,206,15,9,1,32
143,879,472,478,202,15,9,1,33
144,791,466,469,199,15,9,1,34
145,704,459,462,194,15,9,1,35
146,613,451,459,195,15,9,1,36
147,527,447,449,189,15,9,1,37
148,438,441,446,189,15,9,1,38
149,349,435,443,186,15,9,1,39
150,268,429,431,184,15,9,1,40
151,192,422,416,183,15,9,1,41
152,112,419,405,176,15,9,1,41
153,36,417,394,170,15,9,1,41
154,0,414,345,164,15,9,1,41
155,0,406,262,162,15,9,1,41
156,0,400,180,162,15,9,1,41
157,0,396,102,149,15,9,1,41
136,1860,471,59,69,16,9,1,28
137,1811,454,108,98,16,9,1,28
138,1771,427,148,118,16,9,1,28
139,1730,417,189,148,16,9,1,28
140,1690,410,228,144,16,9,1,28
141,1653,399,266,143,16,9,1,28
142,1619,388,280,145,16,9,1,28
143,1587,382,270,140,16,9,1,28
144,1559,376,258,135,16,9,1,29
145,1534,369,244,131,16,9,1,29
146,1507,361,234,130,16,9,1,29
147,1486,353,226,128,16,9,1,29
148,1467,346,210,125,16,9,1,30
149,1447,339,201,122,16,9,1,30
150,1428,335,191,117,16,9,1,31
151,1411,328,183,116,16,9,1,31
152,1398,319,172,115,16,9,1,32
153,1384,312,164,112,16,9,1,33
154,1369,306,159,113,16,9,1,34
155,1358,299,151,107,16,9,1,35
156,1345,293,147,106,16,9,1,36
157,1333,289,139,102,16,9,1,37
158,1320,283,137,100,16,9,1,38
159,1309,279,134,96,16,9,1,38
160,1299,272,129,96,16,9,1,38
161,1288,267,128,94,16,9,1,38
162,1279,261,120,92,16,9,1,39
163,1269,257,118,90,16,9,1,40
164,1262,253,114,87,16,9,1,41
165,1251,246,114,87,16,9,1,41
166,1243,243,109,82,16,9,1,42
167,1236,238,106,83,16,9,1,41
168,1226,234,105,81,16,9,1,42
169,1217,231,103,80,16,9,1,42
170,1211,224,100,79,16,9,1,43
171,1202,220,100,76,16,9,1,44
172,1196,217,94,74,16,9,1,45
173,1188,211,92,75,16,9,1,46
174,1180,209,93,72,16,9,1,47
175,1174,207,91,69,16,9,1,48
176,1170,201,86,69,16,9,1,48
177,1162,198,86,67,16,9,1,48
178,1155,195,85,66,16,9,1,48
179,1150,193,81,64,16,9,1,49
180,1145,189,79,63,16,9,1,50
181,1138,186,78,61,16,9,1,51
182,1130,182,80,60,16,9,1,51
183,1129,178,73,60,16,9,1,52
184,1123,175,73,60,16,9,1,52
185,1114,170,73,60,16,9,1,53
186,1107,171,74,56,16,9,1,52
187,1102,168,71,55,16,9,1,51
188,1095,162,71,58,16,9,1,52
189,1088,160,72,57,16,9,1,52
190,1081,159,71,53,16,9,1,53
191,1078,156,69,53,16,9,1,53
192,1072,154,67,52,16,9,1,54
193,1064,150,68,53,16,9,1,54
194,1058,148,67,52,16,9,1,54
195,1049,145,68,53,16,9,1,54
196,1043,144,65,50,16,9,1,55
197,1036,142,66,49,16,9,1,56
198,1029,141,66,46,16,9,1,55
199,1025,137,63,49,16,9,1,55
200,1018,136,62,48,16,9,1,55
201,1011,136,63,44,16,9,1,55
202,1005,132,61,47,16,9,1,54
203,997,130,62,46,16,9,1,55
204,990,128,61,46,16,9,1,55
205,983,127,60,44,16,9,1,58
206,976,126,58,43,16,9,1,58
207,967,122,61,43,16,9,1,59
208,958,122,62,42,16,9,1,59
209,955,121,57,41,16,9,1,60
210,947,118,58,41,16,9,1,60
211,939,116,57,41,16,9,1,57
212,932,116,56,40,16,9,1,56
213,924,114,57,41,16,9,1,55
214,916,113,56,40,16,9,1,57
215,911,111,54,40,16,9,1,58
216,903,111,54,37,16,9,1,58
217,895,106,54,40,16,9,1,59
218,887,106,54,40,16,9,1,59
219,880,104,53,40,16,9,1,61
220,870,102,55,41,16,9,1,59
221,864,102,56,38,16,9,1,59
222,858,102,52,37,16,9,1,60
223,849,102,53,36,16,9,1,61
224,840,100,53,35,16,9,1,64
225,836,100,52,34,16,9,1,61
226,827,99,51,35,16,9,1,62
227,821,95,51,37,16,9,1,61
228,817,94,45,36,16,9,1,61
229,806,90,48,40,16,9,1,61
230,797,92,52,36,16,9,1,63
231,789,91,49,35,16,9,1,66
232,779,90,53,35,16,9,1,67
233,774,90,48,34,16,9,1,67
234,766,90,48,32,16,9,1,69
235,764,85,42,37,16,9,1,70
236,763,87,37,32,16,9,1,70
237,751,87,39,31,16,9,1,68
238,734,81,49,38,16,9,1,67
132,1,683,331,281,18,3,0,74
133,1,705,589,297,18,3,0,74
134,160,733,707,311,18,3,0,74
135,416,761,746,316,18,3,0,74
136,703,789,772,286,18,3,0,74
137,1010,817,785,258,18,3,0,74
138,1326,846,591,230,18,3,0,74
139,1653,874,265,202,18,3,0,74
155,1824,516,95,152,19,6,5,35
156,1733,477,186,186,19,6,5,35
157,1642,464,277,190,19,6,5,35
158,1554,456,365,191,19,6,5,35
159,1460,452,457,213,19,6,5,35
160,1365,442,535,215,19,6,5,35
161,1279,435,525,215,19,6,5,35
162,1178,427,534,214,19,6,5,35
163,1090,422,527,210,19,6,5,36
164,995,415,522,208,19,6,5,37
165,899,409,523,205,19,6,5,38
166,805,402,517,203,19,6,5,39
167,715,396,508,203,19,6,5,40
168,624,392,498,199,19,6,5,41
169,533,389,494,192,19,6,5,42
170,444,383,486,191,19,6,5,43
171,360,381,474,185,19,6,5,44
172,275,377,463,181,19,6,5,45
173,194,367,451,184,19,6,5,45
174,112,369,444,175,19,6,5,46
175,35,366,433,172,19,6,5,46
176,0,362,379,167,19,6,5,46
177,1,355,294,168,19,6,5,46
178,0,351,211,166,19,6,5,46
179,0,389,132,113,19,6,5,46
194,1630,518,288,202,20,3,5,75
195,1421,504,499,229,20,3,5,75
196,1212,485,594,231,20,3,5,75
197,1006,468,589,228,20,3,5,76
198,810,459,576,215,20,3,5,77
199,622,443,564,211,20,3,5,78
200,447,432,545,204,20,3,5,79
201,280,422,519,198,20,3,5,79
202,123,414,501,189,20,3,5,80
203,1,404,447,186,20,3,5,80
204,1,392,292,183,20,3,5,81
205,0,416,147,141,20,3,5,81
222,1645,481,274,164,21,3,1,71
223,1458,472,399,173,21,3,1,71
224,1274,458,400,172,21,3,1,72
225,1094,443,391,170,21,3,1,73
226,919,429,387,167,21,3,1,74
227,750,416,377,166,21,3,1,75
228,591,411,364,156,21,3,1,77
229,438,406,355,148,21,3,1,78
230,296,397,341,144,21,3,1,79
231,159,388,327,141,21,3,1,79
232,32,381,313,138,21,3,1,79
233,0,373,211,134,21,3,1,78
234,0,366,85,127,21,3,1,78
241,1,663,347,281,22,5,0,74
242,0,687,586,298,22,5,0,74
243,155,721,695,306,22,5,0,73
244,398,748,742,323,22,5,0,73
245,664,781,771,294,22,5,0,73
246,959,815,786,260,22,5,0,73
247,1269,848,646,226,22,5,0,73
248,1590,877,327,198,22,5,0,73
271,1759,488,160,164,23,4,5,72
272,1579,461,339,179,23,4,5,72
273,1402,446,507,200,23,4,5,72
274,1225,433,516,198,23,4,5,72
275,1054,421,510,194,23,4,5,72
276,885,410,505,189,23,4,5,73
277,724,400,493,185,23,4,5,74
278,572,393,482,180,23,4,5,74
279,428,382,463,177,23,4,5,75
280,289,373,447,173,23,4,5,75
281,157,368,432,169,23,4,5,75
282,37,365,413,162,23,4,5,75
283,0,358,315,156,23,4,5,75
284,0,353,187,150,23,4,5,75
326,404,459,444,160,25,9,0,97
327,220,446,420,157,25,9,0,93
328,48,432,400,153,25,9,0,91
329,1,425,270,143,25,9,0,88
330,1,426,103,119,25,9,0,87
341,1190,458,469,172,26,8,5,82
342,1006,445,458,167,26,8,5,82
343,827,432,444,164,26,8,5,82
344,654,421,432,161,26,8,5,82
345,493,412,420,156,26,8,5,82
346,339,405,408,149,26,8,5,83
347,193,396,391,145,26,8,5,82
348,62,385,371,143,26,8,5,82
349,2,380,290,136,26,8,5,81
350,0,373,157,131,26,8,5,81
352,0,617,274,304,27,9,5,72
353,0,630,516,330,27,9,5,72
354,1,660,772,347,27,9,5,72
355,205,682,852,370,27,9,5,72
356,457,721,903,358,27,9,5,72
357,740,741,935,336,27,9,5,72
358,1055,770,865,308,27,9,5,72
359,1385,797,533,279,27,9,5,72
360,1729,870,190,208,27,9,5,72
381,0,626,374,301,29,5,1,80
382,26,645,607,325,29,5,1,80
383,266,676,652,337,29,5,1,80
384,537,707,692,350,29,5,1,80
385,836,739,718,339,29,5,1,80
386,1160,774,726,303,29,5,1,80
387,1497,806,420,270,29,5,1,80
428,1758,504,161,147,31,6,1,84
429,1546,467,373,187,31,6,1,84
430,1339,448,453,189,31,6,1,84
431,1135,435,446,183,31,6,1,84
432,938,423,436,178,31,6,1,85
433,751,410,423,174,31,6,1,86
434,570,400,410,168,31,6,1,87
435,400,390,398,164,31,6,1,88
436,240,385,381,156,31,6,1,88
437,94,375,363,152,31,6,1,88
438,0,366,299,149,31,6,1,88
439,1,362,154,140,31,6,1,88
665,1458,676,356,372,32,9,5,35
666,1448,649,351,363,32,9,5,35
667,1445,626,338,343,32,9,5,34
668,1439,604,329,324,32,9,5,34
669,1437,587,317,310,32,9,5,33
670,1435,563,305,300,32,9,5,32
671,1429,550,296,290,32,9,5,32
672,1421,537,291,273,32,9,5,31
673,1418,523,280,262,32,9,5,31
674,1411,509,277,247,32,9,5,30
675,1409,497,267,246,32,9,5,30
676,1404,489,258,234,32,9,5,29
677,1400,473,250,230,32,9,5,29
678,1398,465,242,218,32,9,5,28
679,1393,452,237,214,32,9,5,28
680,1391,446,228,206,32,9,5,27
681,1386,437,223,201,32,9,5,27
682,1383,425,215,199,32,9,5,27
683,1382,419,209,193,32,9,5,26
684,1378,409,203,188,32,9,5,26
685,1374,402,199,184,32,9,5,26
686,1370,393,194,177,32,9,5,27
687,1366,385,191,173,32,9,5,28
688,1361,376,187,169,32,9,5,28
689,1354,369,188,167,32,9,5,29
690,1352,364,181,160,32,9,5,29
691,1348,356,174,157,32,9,5,29
692,1345,351,172,153,32,9,5,29
693,1342,345,167,148,32,9,5,29
694,1338,337,164,149,32,9,5,29
695,1333,333,162,142,32,9,5,29
696,1328,328,160,137,32,9,5,30
697,1324,319,157,138,32,9,5,30
698,1321,311,152,135,32,9,5,31
699,1316,308,150,132,32,9,5,31
700,1311,301,150,130,32,9,5,32
701,1308,299,144,122,32,9,5,32
702,1305,293,142,123,32,9,5,32
703,1304,288,135,120,32,9,5,32
704,1293,281,139,119,32,9,5,32
705,1293,279,133,114,32,9,5,33
706,1291,277,129,109,32,9,5,34
707,1288,270,125,108,32,9,5,34
708,1280,266,123,103,32,9,5,35
709,1269,261,129,106,32,9,5,34
710,1266,257,126,103,32,9,5,34
711,1261,252,125,102,32,9,5,33
712,1254,248,123,100,32,9,5,33
713,1249,244,122,100,32,9,5,34
714,1249,243,115,92,32,9,5,35
715,1240,238,114,92,32,9,5,36
716,1244,234,104,91,32,9,5,37
717,1227,230,114,90,32,9,5,37
718,1219,224,117,89,32,9,5,37
719,1215,222,113,89,32,9,5,36
720,1212,217,111,89,32,9,5,36
721,1205,216,109,84,32,9,5,36
722,1199,212,107,83,32,9,5,36
723,1194,210,107,81,32,9,5,36
724,1190,209,104,77,32,9,5,37
725,1191,204,96,80,32,9,5,38
726,1178,200,101,78,32,9,5,39
727,1173,195,101,78,32,9,5,39
728,1168,194,99,76,32,9,5,40
729,1162,191,97,75,32,9,5,41
730,1155,187,98,74,32,9,5,41
731,1153,185,92,73,32,9,5,40
732,1147,184,93,71,32,9,5,39
733,1146,180,88,72,32,9,5,39
734,1135,176,93,71,32,9,5,39
735,1130,174,91,70,32,9,5,39
736,1124,171,92,70,32,9,5,39
737,1124,170,84,66,32,9,5,41
738,1116,168,85,67,32,9,5,42
739,1109,165,86,65,32,9,5,43
740,1103,164,86,64,32,9,5,43
741,1102,162,81,62,32,9,5,44
742,1096,160,81,61,32,9,5,44
743,1085,155,85,62,32,9,5,44
744,1081,155,83,61,32,9,5,45
745,1078,153,80,59,32,9,5,44
746,1073,152,78,57,32,9,5,44
747,1066,152,80,56,32,9,5,42
748,1058,149,80,57,32,9,5,42
749,1054,147,80,56,32,9,5,41
750,1049,145,77,56,32,9,5,42
751,1043,142,76,56,32,9,5,42
752,1036,140,79,55,32,9,5,43
753,1032,139,77,54,32,9,5,43
754,1027,139,75,52,32,9,5,44
755,1023,137,73,52,32,9,5,44
756,1016,136,74,51,32,9,5,44
757,1011,132,73,52,32,9,5,44
758,1006,133,72,49,32,9,5,43
759,1008,130,65,50,32,9,5,43
760,1001,130,65,50,32,9,5,43
761,988,128,72,49,32,9,5,44
762,984,127,70,48,32,9,5,45
763,980,125,69,47,32,9,5,45
764,974,123,69,48,32,9,5,45
765,966,121,69,48,32,9,5,44
766,960,120,69,48,32,9,5,43
767,955,121,68,47,32,9,5,42
768,952,118,67,47,32,9,5,42
769,945,117,67,46,32,9,5,43
770,940,115,66,46,32,9,5,45
771,934,115,66,44,32,9,5,47
772,930,115,64,43,32,9,5,48
773,922,113,64,43,32,9,5,47
774,916,112,66,44,32,9,5,44
775,915,112,63,43,32,9,5,41
776,908,110,62,43,32,9,5,42
777,902,109,61,43,32,9,5,42
778,893,105,65,44,32,9,5,46
779,889,100,62,49,32,9,5,48
780,884,104,64,42,32,9,5,51
781,879,103,61,43,32,9,5,52
782,873,100,61,45,32,9,5,50
783,865,102,64,42,32,9,5,50
784,861,102,63,41,32,9,5,47
785,857,100,62,40,32,9,5,48
786,853,101,60,39,32,9,5,46
787,846,102,60,37,32,9,5,47
788,838,99,60,38,32,9,5,47
789,835,98,59,38,32,9,5,47
790,832,97,55,38,32,9,5,46
791,825,96,57,38,32,9,5,45
792,820,94,58,39,32,9,5,43
793,812,94,59,38,32,9,5,42
794,805,94,58,38,32,9,5,42
795,800,93,58,38,32,9,5,43
796,794,89,60,40,32,9,5,44
797,790,90,58,38,32,9,5,44
798,782,90,58,38,32,9,5,47
799,776,89,61,37,32,9,5,49
800,772,89,56,36,32,9,5,52
801,768,89,55,36,32,9,5,53
802,766,88,52,34,32,9,5,54
803,762,85,48,37,32,9,5,55
804,764,87,41,35,32,9,5,55
805,764,88,35,32,32,9,5,57
806,733,85,59,35,32,9,5,49
807,731,85,56,36,32,9,5,46
808,727,83,55,38,32,9,5,38
468,1738,490,182,165,34,5,1,81
469,1536,470,383,189,34,5,1,81
470,1336,453,437,189,34,5,1,81
471,1139,441,430,183,34,5,1,81
472,949,425,424,181,34,5,1,82
473,767,412,414,177,34,5,1,82
474,591,405,404,171,34,5,1,83
475,427,391,387,171,34,5,1,84
476,270,385,374,163,34,5,1,85
477,127,378,359,156,34,5,1,85
478,0,368,331,154,34,5,1,86
479,0,363,190,147,34,5,1,86
854,0,520,67,138,35,9,5,22
855,0,511,109,164,35,9,5,22
856,0,486,154,201,35,9,5,22
857,0,462,198,224,35,9,5,22
858,0,453,245,233,35,9,5,22
859,1,449,291,235,35,9,5,22
860,1,452,339,229,35,9,5,22
861,2,447,385,230,35,9,5,22
862,1,446,441,227,35,9,5,22
863,1,444,493,231,35,9,5,22
864,0,442,549,233,35,9,5,22
865,0,438,602,236,35,9,5,22
866,24,437,636,236,35,9,5,22
867,79,434,630,236,35,9,5,22
868,135,432,624,233,35,9,5,22
869,192,429,617,233,35,9,5,22
870,256,425,601,230,35,9,5,23
871,315,420,585,229,35,9,5,23
872,371,415,573,227,35,9,5,23
873,425,414,566,223,35,9,5,23
874,481,410,549,220,35,9,5,24
875,532,408,534,217,35,9,5,24
876,588,403,511,213,35,9,5,24
877,641,398,491,212,35,9,5,24
878,690,392,475,210,35,9,5,24
879,741,392,451,204,35,9,5,24
880,785,383,433,204,35,9,5,25
881,832,378,411,201,35,9,5,25
882,873,375,394,196,35,9,5,25
883,914,370,373,193,35,9,5,26
884,952,364,355,188,35,9,5,26
885,990,362,334,183,35,9,5,27
886,1023,356,316,179,35,9,5,27
887,1049,351,303,175,35,9,5,27
888,1085,345,281,173,35,9,5,28
889,1113,340,263,169,35,9,5,28
890,1134,336,252,162,35,9,5,29
891,1159,326,234,166,35,9,5,29
892,1181,323,220,158,35,9,5,30
893,1198,318,209,155,35,9,5,30
894,1214,315,200,150,35,9,5,30
895,1228,309,189,148,35,9,5,31
896,1240,303,176,143,35,9,5,31
897,1252,298,170,143,35,9,5,31
898,1259,292,156,139,35,9,5,31
899,1263,285,153,139,35,9,5,31
900,1263,283,161,136,35,9,5,31
901,1262,279,160,133,35,9,5,31
902,1265,276,141,127,35,9,5,31
903,1265,273,141,124,35,9,5,31
904,1260,268,139,121,35,9,5,31
905,1268,262,127,121,35,9,5,32
906,1262,258,130,119,35,9,5,32
907,1261,255,127,114,35,9,5,33
908,1252,249,131,115,35,9,5,32
909,1248,246,130,112,35,9,5,33
910,1243,242,130,111,35,9,5,33
911,1237,238,131,108,35,9,5,34
912,1231,234,130,106,35,9,5,34
913,1220,231,135,104,35,9,5,39
914,1216,227,129,101,35,9,5,45
915,1212,224,115,84,35,9,5,51
916,1212,222,115,93,35,9,5,54
917,1195,219,126,91,35,9,5,55
918,1189,213,124,95,35,9,5,55
919,1183,210,120,91,35,9,5,52
920,1178,208,117,89,35,9,5,48
921,1171,204,117,89,35,9,5,42
922,1165,202,114,84,35,9,5,40
923,1163,198,111,87,35,9,5,39
924,1155,195,109,85,35,9,5,39
925,1152,190,105,85,35,9,5,39
926,1148,190,103,82,35,9,5,39
927,1142,185,104,82,35,9,5,40
928,1137,182,101,80,35,9,5,40
929,1131,179,101,81,35,9,5,40
930,1128,175,97,81,35,9,5,41
931,1121,172,98,80,35,9,5,41
932,1118,171,94,77,35,9,5,41
933,1112,169,96,75,35,9,5,42
934,1106,168,93,74,35,9,5,42
935,1101,165,93,71,35,9,5,43
936,1097,162,89,72,35,9,5,43
937,1095,160,85,72,35,9,5,43
938,1084,159,91,69,35,9,5,44
939,1081,157,86,67,35,9,5,44
940,1074,155,87,67,35,9,5,45
941,1070,154,85,64,35,9,5,48
942,1061,150,87,63,35,9,5,50
943,1057,148,85,61,35,9,5,49
944,1051,147,86,62,35,9,5,48
945,1046,144,84,62,35,9,5,49
946,1043,143,81,61,35,9,5,49
947,1033,139,84,60,35,9,5,48
948,1030,138,81,59,35,9,5,47
949,1024,135,81,60,35,9,5,48
950,1017,135,82,57,35,9,5,50
951,1013,132,79,58,35,9,5,49
952,1008,130,79,56,35,9,5,50
953,1002,132,78,54,35,9,5,49
954,996,127,77,55,35,9,5,49
955,989,126,77,54,35,9,5,48
956,984,125,76,54,35,9,5,45
957,979,123,75,55,35,9,5,45
958,973,122,75,54,35,9,5,44
959,969,122,72,51,35,9,5,46
960,962,119,71,52,35,9,5,47
961,961,121,67,48,35,9,5,48
962,952,119,69,47,35,9,5,50
963,948,118,67,48,35,9,5,50
964,941,115,67,49,35,9,5,48
965,936,115,66,47,35,9,5,46
966,931,114,64,47,35,9,5,46
967,925,112,63,47,35,9,5,47
968,915,110,67,46,35,9,5,49
969,909,108,67,47,35,9,5,50
970,902,105,67,48,35,9,5,54
971,901,109,58,42,35,9,5,57
972,887,98,68,50,35,9,5,58
973,883,103,67,44,35,9,5,59
974,877,104,65,42,35,9,5,59
975,869,102,65,41,35,9,5,58
976,862,100,65,43,35,9,5,57
977,857,104,64,37,35,9,5,56
978,852,100,63,39,35,9,5,58
979,844,98,65,40,35,9,5,57
980,838,95,61,41,35,9,5,56
981,835,96,58,39,35,9,5,55
982,827,96,60,39,35,9,5,53
983,822,95,59,38,35,9,5,52
984,815,93,61,39,35,9,5,49
985,804,92,62,39,35,9,5,49
986,798,89,62,41,35,9,5,48
987,792,89,62,40,35,9,5,51
988,785,90,64,38,35,9,5,55
989,779,86,60,39,35,9,5,58
990,771,86,63,38,35,9,5,61
991,768,88,57,36,35,9,5,62
992,764,86,54,36,35,9,5,65
993,761,83,47,39,35,9,5,63
994,752,84,51,36,35,9,5,62
995,737,84,57,35,35,9,5,61
996,731,80,60,40,35,9,5,63
997,726,77,55,41,35,9,5,65
703,1547,764,354,312,36,4,5,42
704,1542,722,337,353,36,4,5,42
705,1537,688,318,348,36,4,5,41
706,1529,659,304,324,36,4,5,41
707,1518,629,297,308,36,4,5,40
708,1512,604,283,288,36,4,5,40
709,1511,580,265,274,36,4,5,40
710,1501,558,257,261,36,4,5,39
711,1493,540,251,246,36,4,5,39
712,1485,521,242,237,36,4,5,39
713,1476,508,235,224,36,4,5,38
714,1468,491,228,214,36,4,5,38
715,1462,475,218,208,36,4,5,37
716,1454,466,212,196,36,4,5,37
717,1444,452,207,188,36,4,5,36
718,1440,438,198,185,36,4,5,36
719,1431,426,191,180,36,4,5,36
720,1421,416,189,171,36,4,5,36
721,1415,403,181,166,36,4,5,36
722,1409,394,175,162,36,4,5,37
723,1400,383,171,155,36,4,5,37
724,1393,374,168,149,36,4,5,38
725,1398,367,151,147,36,4,5,37
726,1378,356,158,140,36,4,5,38
727,1368,351,156,136,36,4,5,37
728,1360,342,154,133,36,4,5,37
729,1354,334,147,131,36,4,5,37
730,1346,324,147,129,36,4,5,37
731,1339,317,143,125,36,4,5,38
732,1331,313,139,120,36,4,5,38
733,1324,304,136,116,36,4,5,39
734,1317,297,133,116,36,4,5,39
735,1317,295,123,107,36,4,5,39
736,1303,287,129,109,36,4,5,40
737,1296,281,126,106,36,4,5,40
738,1289,278,122,100,36,4,5,40
739,1288,275,111,95,36,4,5,40
740,1273,266,120,99,36,4,5,40
741,1266,259,117,98,36,4,5,40
742,1263,259,111,89,36,4,5,40
743,1257,250,109,94,36,4,5,40
744,1248,247,108,88,36,4,5,41
745,1243,244,106,87,36,4,5,41
746,1234,237,107,87,36,4,5,40
747,1228,234,104,85,36,4,5,40
748,1222,230,104,83,36,4,5,40
749,1221,227,97,81,36,4,5,41
750,1208,220,100,82,36,4,5,41
751,1203,218,101,79,36,4,5,41
752,1198,214,95,78,36,4,5,41
753,1192,210,96,77,36,4,5,40
754,1185,210,94,75,36,4,5,40
755,1179,204,94,76,36,4,5,40
756,1173,201,93,73,36,4,5,40
757,1169,198,90,73,36,4,5,41
758,1165,196,85,70,36,4,5,42
759,1157,191,87,69,36,4,5,42
760,1151,189,89,68,36,4,5,42
761,1148,188,85,67,36,4,5,42
762,1143,182,82,68,36,4,5,43
763,1140,181,80,65,36,4,5,43
764,1131,178,83,65,36,4,5,43
765,1127,175,80,63,36,4,5,43
766,1122,174,78,62,36,4,5,43
767,1120,173,76,60,36,4,5,44
768,1110,170,78,59,36,4,5,44
769,1103,168,80,57,36,4,5,43
770,1102,169,74,54,36,4,5,41
771,1095,164,76,57,36,4,5,41
772,1089,162,75,57,36,4,5,42
773,1084,159,75,56,36,4,5,43
774,1078,158,74,53,36,4,5,44
775,1071,155,75,53,36,4,5,45
776,1065,155,74,51,36,4,5,45
777,1059,151,75,53,36,4,5,45
778,1055,151,74,51,36,4,5,44
779,1050,147,73,52,36,4,5,43
780,1042,144,73,53,36,4,5,43
781,1039,143,71,50,36,4,5,43
782,1033,142,72,49,36,4,5,44
783,1028,141,71,49,36,4,5,45
784,1024,139,68,48,36,4,5,46
785,1016,136,70,49,36,4,5,44
786,1011,135,69,48,36,4,5,43
787,1007,136,68,46,36,4,5,42
788,1001,132,68,47,36,4,5,41
789,996,133,66,46,36,4,5,39
790,989,129,68,48,36,4,5,38
791,985,129,66,46,36,4,5,39
792,981,128,64,45,36,4,5,41
793,977,127,62,43,36,4,5,43
794,969,125,63,43,36,4,5,43
795,963,122,64,46,36,4,5,44
796,958,122,65,44,36,4,5,46
797,955,121,63,43,36,4,5,46
798,951,120,60,41,36,4,5,46
799,945,118,61,43,36,4,5,45
800,940,118,61,41,36,4,5,46
801,934,116,60,41,36,4,5,46
802,928,116,62,40,36,4,5,43
803,924,114,60,42,36,4,5,41
804,919,115,61,39,36,4,5,39
805,914,113,58,41,36,4,5,39
806,910,113,58,39,36,4,5,39
807,904,114,58,36,36,4,5,41
808,899,109,57,40,36,4,5,43
809,897,110,54,37,36,4,5,45
810,889,107,57,39,36,4,5,47
811,883,106,57,39,36,4,5,46
812,878,106,57,37,36,4,5,44
813,873,107,56,36,36,4,5,42
814,867,105,57,37,36,4,5,41
815,862,104,57,36,36,4,5,43
816,860,103,54,37,36,4,5,44
817,854,101,55,35,36,4,5,48
818,847,100,56,36,36,4,5,51
819,845,101,51,36,36,4,5,55
820,839,100,53,35,36,4,5,57
821,834,99,53,35,36,4,5,56
822,828,96,54,37,36,4,5,54
823,825,96,53,35,36,4,5,52
824,818,94,55,37,36,4,5,48
825,811,97,55,33,36,4,5,43
826,805,94,56,36,36,4,5,40
827,801,93,54,37,36,4,5,38
828,796,93,54,35,36,4,5,40
829,791,92,55,35,36,4,5,41
830,784,91,56,34,36,4,5,48
831,780,91,56,34,36,4,5,53
832,777,92,47,30,36,4,5,60
833,772,91,48,31,36,4,5,62
834,769,90,45,30,36,4,5,63
835,767,88,41,32,36,4,5,60
836,765,89,37,30,36,4,5,55
837,763,89,35,30,36,4,5,51
838,766,89,25,29,36,4,5,47
840,730,82,50,37,36,4,5,47
901,1804,772,115,185,42,6,1,-1
902,1728,749,191,256,42,6,1,-1
903,1654,715,265,313,42,6,1,-1
904,1569,712,349,335,42,6,1,-1
905,1490,715,427,353,42,6,1,-1
906,1408,725,509,352,42,6,1,-1
907,1320,736,596,340,42,6,1,-1
908,1229,744,659,332,42,6,1,-1
909,1136,764,679,311,42,6,1,-1
910,1041,780,694,294,42,6,1,-1
911,955,811,697,263,42,6,1,-1
912,879,831,687,244,42,6,1,-1
913,838,861,641,212,42,6,1,-1
914,784,893,598,181,42,6,1,-1
915,738,930,545,145,42,6,1,-1
916,686,971,471,106,42,6,1,-1
923,1850,836,68,176,43,6,1,15
924,1774,818,145,231,43,6,1,15
925,1705,782,213,290,43,6,1,15
926,1630,762,289,314,43,6,1,15
927,1551,757,366,318,43,6,1,15
928,1473,757,445,317,43,6,1,15
929,1388,759,528,315,43,6,1,15
930,1306,776,611,297,43,6,1,15
931,1230,795,690,278,43,6,1,15
932,1163,814,741,261,43,6,1,15
933,1118,836,719,240,43,6,1,15
934,1064,861,687,212,43,6,1,15
935,1002,892,672,183,43,6,1,15
936,946,922,636,153,43,6,1,15
937,902,956,559,119,43,6,1,15
938,895,998,426,79,43,6,1,15
939,1772,770,147,211,44,5,1,23
940,1683,735,236,293,44,5,1,23
941,1596,726,322,321,44,5,1,23
942,1507,727,410,338,44,5,1,23
943,1413,737,504,341,44,5,1,23
944,1319,747,599,330,44,5,1,23
945,1218,760,665,314,44,5,1,23
946,1122,768,677,307,44,5,1,23
947,1021,794,696,280,44,5,1,23
948,919,807,713,267,44,5,1,23
949,826,834,719,240,44,5,1,23
950,745,850,707,224,44,5,1,23
951,713,873,644,201,44,5,1,23
952,644,907,610,170,44,5,1,23
953,578,948,572,128,44,5,1,23
954,526,981,506,96,44,5,1,23
979,1856,559,63,99,45,5,0,31
980,1789,544,129,113,45,5,0,31
981,1719,519,201,135,45,5,0,31
982,1648,512,271,139,45,5,0,31
983,1574,503,345,156,45,5,0,31
984,1500,497,418,157,45,5,0,31
985,1425,494,430,155,45,5,0,31
986,1346,487,430,152,45,5,0,31
987,1260,480,439,153,45,5,0,31
988,1182,474,430,152,45,5,0,31
989,1103,468,425,150,45,5,0,32
990,1021,463,427,148,45,5,0,32
991,937,458,420,147,45,5,0,33
992,857,452,417,145,45,5,0,34
993,772,446,412,142,45,5,0,35
994,691,441,407,142,45,5,0,37
995,607,434,400,140,45,5,0,38
996,528,429,394,138,45,5,0,39
997,444,425,387,137,45,5,0,40
998,366,421,377,134,45,5,0,41
999,287,417,368,130,45,5,0,42
1000,210,412,361,128,45,5,0,43
1001,135,407,352,125,45,5,0,44
1002,61,401,345,125,45,5,0,44
1003,0,395,324,124,45,5,0,45
1004,0,391,248,123,45,5,0,45
1005,0,391,170,116,45,5,0,45
1006,0,392,96,107,45,5,0,45
985,1792,587,127,143,46,5,1,29
986,1712,543,207,179,46,5,1,29
987,1631,535,288,181,46,5,1,29
988,1550,528,369,204,46,5,1,29
989,1462,518,453,207,46,5,1,29
990,1381,511,451,206,46,5,1,29
991,1294,504,454,205,46,5,1,29
992,1206,497,450,205,46,5,1,30
993,1117,492,448,202,46,5,1,31
994,1032,482,441,200,46,5,1,31
995,943,478,438,196,46,5,1,32
996,856,471,433,195,46,5,1,33
997,769,465,426,192,46,5,1,34
998,683,457,421,191,46,5,1,35
999,591,454,428,190,46,5,1,36
1000,510,450,412,183,46,5,1,37
1001,427,443,406,181,46,5,1,37
1002,346,437,398,179,46,5,1,38
1003,266,431,390,178,46,5,1,39
1004,186,427,382,174,46,5,1,39
1005,107,425,377,168,46,5,1,40
1006,35,419,361,167,46,5,1,40
1007,0,415,312,160,46,5,1,41
1008,0,413,231,157,46,5,1,41
1009,1,407,152,155,46,5,1,41
1010,0,403,77,135,46,5,1,41
998,1798,568,122,167,48,6,5,37
999,1699,513,220,214,48,6,5,37
1000,1596,505,323,215,48,6,5,37
1001,1494,497,423,212,48,6,5,37
1002,1390,489,528,244,48,6,5,37
1003,1284,482,616,240,48,6,5,37
1004,1179,475,612,239,48,6,5,37
1005,1074,465,613,236,48,6,5,37
1006,968,460,613,231,48,6,5,38
1007,864,453,605,229,48,6,5,38
1008,762,446,598,225,48,6,5,39
1009,657,439,592,222,48,6,5,40
1010,559,431,583,217,48,6,5,41
1011,463,424,573,216,48,6,5,42
1012,366,419,560,211,48,6,5,43
1013,272,414,546,206,48,6,5,44
1014,184,409,533,201,48,6,5,45
1015,96,399,516,201,48,6,5,45
1016,10,396,503,197,48,6,5,45
1017,0,391,414,191,48,6,5,45
1018,0,382,320,191,48,6,5,45
1019,0,383,229,182,48,6,5,45
1020,0,427,138,116,48,6,5,45
1005,1822,536,98,120,49,5,1,31
1006,1747,499,172,151,49,5,1,31
1007,1666,486,253,159,49,5,1,31
1008,1586,483,334,171,49,5,1,31
1009,1513,478,405,174,49,5,1,31
1010,1433,469,409,173,49,5,1,31
1011,1352,464,412,172,49,5,1,31
1012,1274,454,410,173,49,5,1,31
1013,1193,449,407,173,49,5,1,31
1014,1112,445,408,170,49,5,1,32
1015,1033,437,404,169,49,5,1,32
1016,954,432,401,167,49,5,1,33
1017,870,427,401,165,49,5,1,34
1018,793,423,395,164,49,5,1,35
1019,716,418,393,161,49,5,1,35
1020,636,412,389,160,49,5,1,36
1021,562,410,383,157,49,5,1,37
1022,487,404,376,154,49,5,1,38
1023,413,400,372,152,49,5,1,38
1024,341,394,366,152,49,5,1,39
1025,268,388,359,154,49,5,1,39
1026,199,386,352,148,49,5,1,40
1027,129,384,348,145,49,5,1,40
1028,65,380,335,142,49,5,1,41
1029,3,376,324,140,49,5,1,41
1030,1,372,256,138,49,5,1,42
1031,0,369,187,134,49,5,1,42
1032,0,368,120,130,49,5,1,42
1542,480,756,361,307,50,6,0,30
1543,460,725,355,298,50,6,0,30
1544,435,702,355,282,50,6,0,30
1545,411,679,353,267,50,6,0,30
1546,385,656,350,255,50,6,0,30
1547,356,635,349,244,50,6,0,30
1548,328,615,344,235,50,6,0,30
1549,299,597,339,225,50,6,0,30
1550,265,580,345,217,50,6,0,30
1551,237,564,334,209,50,6,0,31
1552,205,549,331,200,50,6,0,31
1553,174,535,324,193,50,6,0,31
1554,139,525,323,184,50,6,0,32
1555,104,511,320,177,50,6,0,32
1556,72,501,314,172,50,6,0,32
1557,37,487,309,170,50,6,0,32
1558,3,479,306,162,50,6,0,32
1559,1,469,265,156,50,6,0,32
1560,0,459,226,153,50,6,0,32
1561,0,447,185,152,50,6,0,32
1562,0,444,145,138,50,6,0,32
1563,0,441,104,129,50,6,0,32
1564,0,446,61,113,50,6,0,32
1095,1761,463,158,191,53,6,1,71
1096,1576,442,343,198,53,6,1,71
1097,1390,417,529,246,53,6,1,71
1098,1210,410,657,234,53,6,1,71
1099,1033,393,654,235,53,6,1,72
1100,861,379,649,231,53,6,1,73
1101,701,374,629,221,53,6,1,73
1102,541,362,620,218,53,6,1,74
1103,395,361,598,206,53,6,1,75
1104,259,352,573,203,53,6,1,76
1105,123,346,554,194,53,6,1,77
1106,2,341,528,186,53,6,1,78
1107,2,334,393,183,53,6,1,79
1108,0,336,262,172,53,6,1,80
1109,0,333,135,155,53,6,1,80
1110,0,592,310,317,54,9,1,60
1111,1,591,492,350,54,9,1,60
1112,1,593,693,381,54,9,1,60
1113,60,621,856,385,54,9,1,60
1114,249,636,896,403,54,9,1,59
1115,451,650,937,421,54,9,1,59
1116,673,673,963,403,54,9,1,58
1117,916,702,975,375,54,9,1,57
1118,1166,719,752,360,54,9,1,55
1119,1429,741,489,336,54,9,1,55
1120,1700,761,218,311,54,9,1,54
1140,0,670,213,227,57,7,0,82
1141,1,665,458,277,57,7,0,82
1142,56,698,672,287,57,7,0,81
1143,301,728,727,305,57,7,0,81
1144,582,758,764,319,57,7,0,81
1145,895,796,787,282,57,7,0,81
1146,1220,829,698,246,57,7,0,81
1147,1567,864,351,212,57,7,0,81
1162,1673,458,246,194,58,6,5,72
1163,1495,445,423,219,58,6,5,72
1164,1309,428,555,224,58,6,5,72
1165,1130,413,551,219,58,6,5,72
1166,954,405,541,211,58,6,5,73
1167,787,394,528,209,58,6,5,74
1168,628,387,511,200,58,6,5,75
1169,478,374,497,199,58,6,5,75
1170,332,366,482,193,58,6,5,76
1171,196,365,465,182,58,6,5,76
1172,71,357,442,180,58,6,5,76
1173,0,350,374,176,58,6,5,75
1174,0,343,245,170,58,6,5,75
1175,0,374,121,123,58,6,5,75
1262,626,415,369,155,60,3,1,88
1263,463,405,358,152,60,3,1,88
1264,311,399,341,144,60,3,1,87
1265,167,390,326,139,60,3,1,86
1266,35,378,311,140,60,3,1,85
1267,0,371,205,137,60,3,1,83
1269,508,449,417,185,61,9,1,86
1270,340,438,394,176,61,9,1,86
1271,179,430,376,168,61,9,1,84
1272,29,418,361,164,61,9,1,83
1273,1,412,228,154,61,9,1,81
1325,1,611,459,335,66,5,5,87
1326,22,645,738,350,66,5,5,87
1327,296,676,799,373,66,5,5,87
1328,612,712,846,367,66,5,5,85
1329,965,749,872,330,66,5,5,83
1330,1342,782,574,293,66,5,5,81
1331,1742,852,177,228,66,5,5,81
1383,1634,479,284,172,67,6,4,77
1384,1429,473,461,181,67,6,4,77
1385,1227,454,461,182,67,6,4,78
1386,1027,439,455,179,67,6,4,80
1387,839,426,445,175,67,6,4,81
1388,658,414,434,170,67,6,4,82
1389,485,406,419,164,67,6,4,83
1390,322,394,406,162,67,6,4,85
1391,173,386,388,154,67,6,4,85
1392,33,379,369,149,67,6,4,85
1393,0,368,251,148,67,6,4,84
1394,0,369,112,131,67,6,4,84
1409,1749,525,170,129,70,5,0,71
1410,1567,501,352,157,70,5,0,71
1411,1384,492,406,150,70,5,0,71
1412,1203,476,407,150,70,5,0,72
1413,1028,462,399,148,70,5,0,73
1414,863,450,388,143,70,5,0,74
1415,700,440,380,139,70,5,0,75
1416,544,429,372,137,70,5,0,76
1417,400,422,354,131,70,5,0,77
1418,262,415,343,125,70,5,0,77
1419,133,405,327,123,70,5,0,78
1420,12,395,311,124,70,5,0,78
1421,1,388,193,119,70,5,0,78
1955,1821,800,98,196,72,5,1,-1
1956,1767,784,152,222,72,5,1,-1
1957,1711,756,208,289,72,5,1,-1
1958,1652,745,267,333,72,5,1,-1
1959,1593,740,325,338,72,5,1,-1
1960,1530,739,388,337,72,5,1,-1
1961,1466,748,452,329,72,5,1,-1
1962,1395,761,521,313,72,5,1,-1
1963,1326,777,593,298,72,5,1,-1
1964,1269,800,645,275,72,5,1,-1
1965,1198,820,657,254,72,5,1,-1
1966,1149,844,644,231,72,5,1,-1
1967,1135,869,594,204,72,5,1,-1
1968,1072,899,582,175,72,5,1,-1
1969,1041,935,540,141,72,5,1,-1
1970,1006,972,485,104,72,5,1,-1
1971,1001,1014,360,63,72,5,1,-1
1987,1803,782,116,173,81,9,1,21
1988,1725,751,194,250,81,9,1,21
1989,1648,718,270,299,81,9,1,21
1990,1568,708,350,325,81,9,1,21
1991,1485,712,432,341,81,9,1,21
1992,1401,720,515,353,81,9,1,21
1993,1314,730,605,348,81,9,1,21
1994,1225,740,651,336,81,9,1,21
1995,1137,751,659,326,81,9,1,21
1996,1043,767,677,307,81,9,1,21
1997,946,786,698,288,81,9,1,21
1998,859,808,699,268,81,9,1,21
1999,787,829,688,246,81,9,1,21
2000,753,851,637,222,81,9,1,21
2001,719,881,589,193,81,9,1,21
2002,652,914,558,162,81,9,1,21
2003,594,951,515,125,81,9,1,21
2004,554,992,435,85,81,9,1,21
2086,0,641,148,215,82,5,5,38
2087,0,600,231,302,82,5,5,38
2088,0,594,324,326,82,5,5,38
2089,1,596,421,339,82,5,5,38
2090,1,606,533,346,82,5,5,38
2091,0,616,655,357,82,5,5,38
2092,2,630,784,363,82,5,5,38
2093,93,643,834,372,82,5,5,38
2094,213,654,865,380,82,5,5,38
2095,346,671,890,384,82,5,5,38
2096,492,688,909,390,82,5,5,39
2097,643,699,930,378,82,5,5,39
2098,811,718,942,358,82,5,5,40
2099,990,732,930,347,82,5,5,40
2100,1174,751,745,328,82,5,5,41
2101,1369,766,549,307,82,5,5,41
2102,1570,818,348,258,82,5,5,42
2103,1778,835,140,241,82,5,5,42
0,908,215,93,90,85,4,5,7
1,907,218,93,89,85,4,5,12
2,904,220,97,88,85,4,5,17
3,904,220,94,95,85,4,5,23
4,904,221,94,98,85,4,5,25
5,900,223,96,99,85,4,5,25
6,895,227,101,99,85,4,5,26
7,892,232,104,96,85,4,5,26
8,888,234,110,99,85,4,5,26
9,882,236,112,101,85,4,5,25
10,876,237,117,103,85,4,5,25
11,868,240,123,104,85,4,5,26
12,865,244,123,105,85,4,5,26
13,860,246,125,109,85,4,5,26
14,850,247,134,111,85,4,5,26
15,845,249,137,111,85,4,5,25
16,835,254,142,113,85,4,5,25
17,824,256,149,114,85,4,5,24
18,814,258,155,116,85,4,5,23
19,805,261,160,116,85,4,5,22
20,794,265,166,115,85,4,5,21
21,781,264,175,119,85,4,5,20
22,768,265,182,122,85,4,5,19
23,755,268,187,124,85,4,5,19
24,745,270,193,125,85,4,5,18
25,730,272,199,125,85,4,5,18
26,716,276,207,125,85,4,5,18
27,701,277,212,128,85,4,5,18
28,684,280,219,128,85,4,5,18
29,666,281,230,130,85,4,5,18
30,647,284,240,134,85,4,5,19
31,629,286,249,136,85,4,5,19
32,610,288,256,136,85,4,5,18
33,588,291,265,134,85,4,5,18
34,567,294,272,135,85,4,5,18
35,544,296,281,136,85,4,5,17
36,521,298,292,138,85,4,5,17
37,497,300,300,138,85,4,5,17
38,470,305,313,136,85,4,5,17
39,446,305,319,140,85,4,5,17
40,415,308,336,141,85,4,5,17
41,394,310,336,139,85,4,5,17
42,367,312,344,139,85,4,5,17
43,339,314,353,142,85,4,5,17
44,312,316,356,142,85,4,5,17
45,285,316,365,143,85,4,5,16
46,255,319,370,142,85,4,5,16
47,226,321,374,141,85,4,5,16
48,197,322,377,140,85,4,5,16
49,168,321,380,144,85,4,5,16
50,136,324,385,142,85,4,5,16
51,108,326,386,142,85,4,5,16
52,79,328,388,141,85,4,5,16
53,48,327,389,142,85,4,5,16
54,15,330,391,138,85,4,5,16
55,0,329,375,141,85,4,5,16
56,0,331,344,140,85,4,5,16
57,1,330,311,135,85,4,5,17
58,1,332,277,132,85,4,5,16
59,0,331,247,133,85,4,5,16
60,0,331,214,133,85,4,5,15
61,0,332,183,133,85,4,5,15
62,0,358,141,108,85,4,5,15
63,0,349,118,117,85,4,5,15
64,0,348,84,118,85,4,5,15
0,1266,274,95,82,86,9,0,72
1,1265,269,96,81,86,9,0,76
2,1266,266,94,73,86,9,0,74
3,1262,263,95,61,86,9,0,71
4,1254,260,101,61,86,9,0,63
5,1250,254,98,72,86,9,0,58
6,1245,249,99,73,86,9,0,54
7,1242,246,98,68,86,9,0,49
8,1236,243,95,65,86,9,0,44
9,1226,238,101,67,86,9,0,39
10,1220,234,95,68,86,9,0,38
11,1217,231,95,67,86,9,0,37
12,1209,227,94,65,86,9,0,37
13,1202,225,93,63,86,9,0,37
14,1197,220,91,62,86,9,0,38
15,1189,217,90,61,86,9,0,39
16,1187,214,86,60,86,9,0,40
17,1175,209,90,61,86,9,0,41
18,1171,207,85,58,86,9,0,41
19,1170,204,80,57,86,9,0,41
20,1161,201,82,57,86,9,0,41
21,1153,198,84,56,86,9,0,42
22,1151,195,76,54,86,9,0,44
23,1149,192,74,54,86,9,0,45
24,1136,189,78,51,86,9,0,46
25,1129,187,78,49,86,9,0,47
26,1122,184,77,51,86,9,0,47
27,1116,179,74,52,86,9,0,48
28,1108,177,74,49,86,9,0,46
29,1102,174,74,50,86,9,0,44
30,1098,172,73,51,86,9,0,44
31,1092,170,71,49,86,9,0,46
32,1085,166,70,48,86,9,0,47
33,1080,165,70,45,86,9,0,48
34,1075,163,68,46,86,9,0,49
35,1069,160,66,45,86,9,0,50
36,1059,158,70,45,86,9,0,50
37,1053,156,69,44,86,9,0,48
38,1046,154,71,43,86,9,0,47
39,1041,154,66,42,86,9,0,47
40,1033,151,67,41,86,9,0,48
41,1029,148,65,42,86,9,0,48
42,1023,146,63,42,86,9,0,48
43,1020,145,59,39,86,9,0,49
44,1010,143,63,40,86,9,0,48
45,1005,143,61,38,86,9,0,48
46,1002,142,56,38,86,9,0,47
47,989,138,63,39,86,9,0,47
48,982,135,63,40,86,9,0,46
49,978,134,59,39,86,9,0,46
50,971,131,59,40,86,9,0,47
51,965,131,60,38,86,9,0,49
52,958,130,62,37,86,9,0,50
53,953,129,60,36,86,9,0,51
54,948,127,58,36,86,9,0,52
55,938,126,59,35,86,9,0,53
56,933,125,57,34,86,9,0,53
57,927,126,57,32,86,9,0,52
58,919,122,59,34,86,9,0,52
59,914,121,57,34,86,9,0,50
60,909,119,56,33,86,9,0,51
61,904,119,55,32,86,9,0,50
62,897,117,56,32,86,9,0,52
63,889,112,58,36,86,9,0,54
64,885,114,54,31,86,9,0,54
65,878,112,55,32,86,9,0,53
66,872,112,54,32,86,9,0,54
67,865,112,53,30,86,9,0,57
68,857,109,53,30,86,9,0,57
69,852,107,52,31,86,9,0,55
70,848,107,50,31,86,9,0,53
71,842,106,52,31,86,9,0,53
72,834,105,52,31,86,9,0,51
73,832,104,49,30,86,9,0,49
74,824,101,49,32,86,9,0,46
75,816,103,51,30,86,9,0,48
76,812,103,48,30,86,9,0,49
77,806,101,45,29,86,9,0,55
78,792,99,55,32,86,9,0,57
80,782,98,52,28,86,9,0,62
81,776,96,53,30,86,9,0,67
82,772,95,49,29,86,9,0,73
83,767,94,46,27,86,9,0,75
84,769,94,35,28,86,9,0,69
85,766,93,34,28,86,9,0,65
86,759,94,34,28,86,9,0,57
87,737,94,51,28,86,9,0,55
88,733,91,50,30,86,9,0,51
0,1092,337,274,172,87,6,5,30
1,1124,330,254,168,87,6,5,30
2,1151,324,240,166,87,6,5,31
3,1178,317,225,164,87,6,5,32
4,1201,310,212,161,87,6,5,33
5,1224,307,197,152,87,6,5,35
6,1242,305,186,144,87,6,5,36
7,1255,294,174,148,87,6,5,36
8,1271,292,158,144,87,6,5,36
9,1279,285,155,140,87,6,5,35
10,1289,283,144,137,87,6,5,33
11,1293,279,140,135,87,6,5,31
12,1300,274,130,133,87,6,5,30
13,1305,272,121,129,87,6,5,30
14,1300,267,123,126,87,6,5,30
15,1293,261,128,125,87,6,5,31
16,1294,255,125,124,87,6,5,32
17,1282,253,133,119,87,6,5,33
18,1277,247,132,120,87,6,5,34
19,1272,244,131,115,87,6,5,34
20,1266,241,130,111,87,6,5,35
21,1258,237,132,111,87,6,5,35
22,1251,234,130,107,87,6,5,36
23,1247,228,128,107,87,6,5,37
24,1238,224,128,104,87,6,5,38
25,1231,221,128,99,87,6,5,38
26,1222,218,127,100,87,6,5,38
27,1215,214,125,100,87,6,5,39
28,1208,210,124,98,87,6,5,39
29,1203,208,120,93,87,6,5,39
30,1194,204,119,93,87,6,5,39
31,1186,200,118,92,87,6,5,39
32,1181,196,114,92,87,6,5,41
33,1176,193,111,89,87,6,5,41
34,1169,193,109,85,87,6,5,41
35,1161,188,109,86,87,6,5,41
36,1155,185,109,85,87,6,5,41
37,1149,184,106,82,87,6,5,41
38,1141,180,104,82,87,6,5,41
39,1136,174,102,83,87,6,5,41
40,1130,174,102,81,87,6,5,41
41,1124,168,100,82,87,6,5,44
42,1121,168,96,77,87,6,5,45
43,1115,165,94,74,87,6,5,46
44,1110,164,93,74,87,6,5,46
45,1103,161,92,73,87,6,5,46
46,1098,160,90,72,87,6,5,45
47,1095,157,85,72,87,6,5,43
48,1086,155,89,71,87,6,5,42
49,1082,153,84,70,87,6,5,42
50,1078,152,84,67,87,6,5,45
51,1071,150,84,65,87,6,5,46
52,1066,149,83,63,87,6,5,48
53,1062,146,81,63,87,6,5,47
54,1055,144,82,63,87,6,5,46
55,1049,144,81,62,87,6,5,45
56,1043,140,81,63,87,6,5,45
57,1037,138,81,61,87,6,5,45
58,1032,134,79,63,87,6,5,44
59,1026,137,78,57,87,6,5,45
60,1022,132,78,60,87,6,5,47
61,1016,132,79,58,87,6,5,49
62,1010,130,77,56,87,6,5,50
63,1005,129,77,55,87,6,5,49
64,1000,128,75,54,87,6,5,50
65,993,126,75,53,87,6,5,50
66,988,123,73,55,87,6,5,49
67,981,122,72,55,87,6,5,47
68,978,121,69,53,87,6,5,46
69,970,119,72,54,87,6,5,47
70,965,118,70,52,87,6,5,47
71,959,117,70,51,87,6,5,48
72,953,117,70,50,87,6,5,49
73,947,115,70,49,87,6,5,50
74,941,114,69,48,87,6,5,50
75,934,113,70,48,87,6,5,49
76,929,113,67,46,87,6,5,48
77,920,108,70,51,87,6,5,47
78,915,110,70,47,87,6,5,47
79,912,106,68,49,87,6,5,46
80,907,107,64,47,87,6,5,48
81,899,105,67,47,87,6,5,52
82,895,102,63,47,87,6,5,55
83,886,99,67,48,87,6,5,56
84,881,102,64,45,87,6,5,56
85,877,101,63,44,87,6,5,55
86,871,98,62,46,87,6,5,51
87,863,98,64,46,87,6,5,45
88,859,100,63,44,87,6,5,43
89,857,99,60,43,87,6,5,45
90,853,99,58,40,87,6,5,48
91,842,96,63,41,87,6,5,50
92,838,95,59,41,87,6,5,53
93,831,97,59,39,87,6,5,55
94,826,95,59,40,87,6,5,55
95,821,93,58,40,87,6,5,52
96,814,90,59,43,87,6,5,49
97,807,90,59,42,87,6,5,47
98,801,88,60,43,87,6,5,46
99,796,88,61,43,87,6,5,44
100,792,89,59,41,87,6,5,46
101,789,86,55,43,87,6,5,49
102,781,86,59,40,87,6,5,52
103,775,90,57,35,87,6,5,53
104,768,85,57,40,87,6,5,56
105,765,84,56,40,87,6,5,59
106,763,83,55,39,87,6,5,58
107,762,86,46,36,87,6,5,54
108,754,86,49,35,87,6,5,54
109,750,86,50,34,87,6,5,56
110,735,79,57,39,87,6,5,59
111,729,78,55,42,87,6,5,59
0,1125,171,94,67,88,9,5,44
1,1121,169,92,67,88,9,5,43
2,1115,165,93,67,88,9,5,43
3,1110,166,92,63,88,9,5,43
4,1104,162,91,64,88,9,5,42
5,1101,162,87,61,88,9,5,42
6,1096,159,87,62,88,9,5,42
7,1091,157,83,61,88,9,5,43
8,1082,154,85,61,88,9,5,43
9,1077,152,85,58,88,9,5,43
10,1071,152,87,58,88,9,5,43
11,1065,148,84,59,88,9,5,43
12,1060,148,84,56,88,9,5,43
13,1055,147,82,56,88,9,5,41
14,1050,142,82,57,88,9,5,42
15,1047,143,79,54,88,9,5,43
16,1039,140,82,55,88,9,5,45
17,1034,137,80,53,88,9,5,46
18,1028,137,79,52,88,9,5,47
19,1022,136,79,51,88,9,5,47
20,1018,133,75,52,88,9,5,47
21,1011,133,78,51,88,9,5,44
22,1006,132,75,49,88,9,5,43
23,1001,131,75,49,88,9,5,42
24,994,126,76,51,88,9,5,42
25,989,127,76,49,88,9,5,41
26,983,125,75,49,88,9,5,43
27,979,124,73,48,88,9,5,45
28,974,125,72,44,88,9,5,47
29,965,122,73,46,88,9,5,47
30,960,119,70,47,88,9,5,48
31,955,119,70,46,88,9,5,48
32,950,118,69,45,88,9,5,48
33,946,117,67,44,88,9,5,48
34,940,116,68,43,88,9,5,47
35,934,114,66,43,88,9,5,48
36,927,115,67,41,88,9,5,48
37,921,113,67,41,88,9,5,47
38,916,112,67,42,88,9,5,45
39,912,111,65,41,88,9,5,45
40,904,108,65,43,88,9,5,45
41,901,109,63,40,88,9,5,47
42,893,106,64,41,88,9,5,50
43,888,101,64,43,88,9,5,53
44,884,104,62,39,88,9,5,54
45,875,104,66,39,88,9,5,53
46,871,103,63,39,88,9,5,52
47,863,101,65,39,88,9,5,51
48,860,100,61,40,88,9,5,49
49,855,102,61,35,88,9,5,49
50,851,102,60,34,88,9,5,48
51,840,99,63,37,88,9,5,48
52,838,97,59,37,88,9,5,48
53,834,96,57,38,88,9,5,46
54,825,96,60,36,88,9,5,44
55,818,95,60,37,88,9,5,43
56,813,94,60,37,88,9,5,44
57,803,90,62,39,88,9,5,47
58,802,88,57,41,88,9,5,47
59,794,90,60,37,88,9,5,51
60,789,89,61,37,88,9,5,54
61,783,89,59,35,88,9,5,59
62,775,88,61,35,88,9,5,62
63,773,89,56,32,88,9,5,65
64,770,88,52,33,88,9,5,69
65,770,87,43,33,88,9,5,69
66,765,86,44,32,88,9,5,66
67,763,87,39,31,88,9,5,63
70,727,82,54,35,88,9,5,61
0,127,443,496,208,89,9,1,28
1,194,442,497,207,89,9,1,28
2,262,441,492,207,89,9,1,28
3,330,442,486,204,89,9,1,28
4,397,436,484,203,89,9,1,28
5,464,434,478,202,89,9,1,28
6,529,430,470,199,89,9,1,28
7,590,424,465,199,89,9,1,28
8,653,424,450,196,89,9,1,28
9,708,421,442,194,89,9,1,28
10,767,417,428,192,89,9,1,28
11,821,415,416,187,89,9,1,27
12,876,409,401,185,89,9,1,27
13,928,405,385,184,89,9,1,27
14,977,403,368,179,89,9,1,27
15,1021,397,354,179,89,9,1,27
16,1064,393,338,174,89,9,1,26
17,1105,388,319,172,89,9,1,26
18,1141,384,303,169,89,9,1,26
19,1175,380,286,164,89,9,1,26
20,1205,373,270,163,89,9,1,26
21,1233,369,259,159,89,9,1,26
22,1260,367,242,153,89,9,1,26
23,1285,360,225,153,89,9,1,26
24,1306,355,213,152,89,9,1,26
25,1326,350,198,147,89,9,1,25
26,1341,345,190,145,89,9,1,25
27,1357,340,178,144,89,9,1,25
28,1369,335,169,139,89,9,1,25
29,1381,333,161,135,89,9,1,25
30,1388,327,154,135,89,9,1,25
31,1393,324,147,130,89,9,1,25
32,1398,322,134,125,89,9,1,25
33,1401,317,125,124,89,9,1,25
34,1401,311,126,124,89,9,1,25
35,1395,307,130,121,89,9,1,24
36,1392,302,130,121,89,9,1,24
37,1389,297,130,121,89,9,1,24
38,1382,293,132,117,89,9,1,25
39,1377,290,133,112,89,9,1,25
40,1370,287,134,112,89,9,1,26
41,1363,282,133,109,89,9,1,27
42,1358,279,131,107,89,9,1,29
43,1347,274,135,105,89,9,1,29
44,1341,269,132,101,89,9,1,30
45,1332,266,133,102,89,9,1,30
46,1322,262,133,100,89,9,1,31
47,1323,261,124,92,89,9,1,31
48,1304,255,134,97,89,9,1,30
49,1324,255,102,92,89,9,1,30
50,1286,247,130,93,89,9,1,31
51,1278,243,127,93,89,9,1,31
52,1270,240,126,91,89,9,1,31
53,1279,239,108,87,89,9,1,32
54,1258,235,116,86,89,9,1,33
55,1246,231,119,85,89,9,1,33
56,1239,227,115,85,89,9,1,33
57,1246,225,97,82,89,9,1,33
58,1223,221,114,83,89,9,1,33
59,1217,218,110,82,89,9,1,33
60,1214,214,104,81,89,9,1,34
61,1204,209,109,81,89,9,1,34
62,1197,208,106,78,89,9,1,35
63,1193,206,100,76,89,9,1,36
64,1198,204,88,74,89,9,1,37
65,1176,198,101,75,89,9,1,37
66,1170,197,98,73,89,9,1,37
67,1163,195,96,72,89,9,1,37
68,1156,190,97,72,89,9,1,38
69,1150,188,97,70,89,9,1,38
70,1148,186,93,69,89,9,1,38
71,1145,183,87,70,89,9,1,38
72,1136,178,91,71,89,9,1,39
73,1131,177,87,68,89,9,1,40
74,1125,174,87,66,89,9,1,40
75,1123,174,83,63,89,9,1,41
76,1116,171,82,64,89,9,1,42
77,1110,168,82,62,89,9,1,43
78,1103,167,82,61,89,9,1,42
79,1101,165,79,60,89,9,1,42
80,1102,162,73,60,89,9,1,41
81,1093,158,76,62,89,9,1,41
82,1087,156,77,62,89,9,1,41
83,1082,155,75,58,89,9,1,42
84,1079,153,73,58,89,9,1,42
85,1073,152,73,56,89,9,1,43
86,1068,151,71,55,89,9,1,44
87,1061,149,74,55,89,9,1,44
88,1055,147,74,53,89,9,1,43
89,1053,144,70,55,89,9,1,42
90,1049,143,69,54,89,9,1,43
91,1042,142,70,51,89,9,1,45
92,1035,141,70,50,89,9,1,45
93,1030,139,70,49,89,9,1,46
94,1025,135,69,52,89,9,1,46
95,1022,135,66,50,89,9,1,46
96,1014,133,68,50,89,9,1,45
97,1009,134,67,46,89,9,1,43
98,1007,133,64,45,89,9,1,42
99,999,128,66,50,89,9,1,42
100,994,128,64,47,89,9,1,44
101,986,126,67,47,89,9,1,45
102,982,124,63,46,89,9,1,47
103,976,125,61,44,89,9,1,49
104,967,121,63,44,89,9,1,51
105,960,120,66,45,89,9,1,51
106,957,119,62,45,89,9,1,51
107,949,117,64,44,89,9,1,52
108,944,116,62,43,89,9,1,51
109,939,116,61,41,89,9,1,51
110,930,115,65,41,89,9,1,49
111,924,114,62,41,89,9,1,49
112,918,113,63,42,89,9,1,48
113,912,112,62,40,89,9,1,49
114,906,110,60,40,89,9,1,49
115,899,109,60,39,89,9,1,51
116,892,104,60,42,89,9,1,54
117,885,103,61,42,89,9,1,54
118,880,102,58,42,89,9,1,53
119,871,101,61,42,89,9,1,51
120,864,101,62,41,89,9,1,48
121,859,101,61,39,89,9,1,47
122,855,101,56,39,89,9,1,46
123,846,100,57,38,89,9,1,49
124,838,99,58,38,89,9,1,50
125,835,97,54,37,89,9,1,53
126,828,95,55,39,89,9,1,54
127,822,94,55,38,89,9,1,53
128,817,94,53,38,89,9,1,54
129,808,93,54,38,89,9,1,52
130,800,92,55,37,89,9,1,53
131,793,89,56,40,89,9,1,51
132,785,89,56,38,89,9,1,54
133,779,89,56,38,89,9,1,57
134,775,91,51,33,89,9,1,61
135,771,89,50,34,89,9,1,63
136,768,89,46,33,89,9,1,61
137,766,87,40,34,89,9,1,62
138,764,88,35,34,89,9,1,60
139,758,85,36,35,89,9,1,57
140,731,84,54,36,89,9,1,54
141,728,83,52,36,89,9,1,51
0,1012,129,83,60,90,6,1,47
1,1004,126,84,60,90,6,1,46
2,997,124,86,60,90,6,1,48
3,995,126,80,56,90,6,1,49
4,986,120,83,58,90,6,1,51
5,983,122,80,55,90,6,1,49
6,976,117,80,58,90,6,1,51
7,970,116,78,58,90,6,1,51
8,964,117,78,53,90,6,1,51
9,958,116,76,53,90,6,1,49
10,949,112,80,55,90,6,1,48
11,945,113,77,54,90,6,1,48
12,938,110,77,54,90,6,1,48
13,936,109,74,52,90,6,1,49
14,930,107,74,53,90,6,1,49
15,923,107,72,51,90,6,1,52
16,918,105,72,51,90,6,1,52
17,915,104,68,51,90,6,1,51
18,908,100,69,53,90,6,1,52
19,899,101,71,52,90,6,1,51
20,895,96,71,53,90,6,1,54
21,891,100,66,48,90,6,1,53
22,884,96,67,50,90,6,1,55
23,879,97,65,48,90,6,1,57
24,869,98,70,45,90,6,1,57
25,865,96,65,46,90,6,1,56
26,860,95,65,45,90,6,1,53
27,849,96,68,44,90,6,1,53
28,843,96,66,42,90,6,1,51
29,840,93,65,43,90,6,1,51
30,832,94,67,43,90,6,1,50
31,826,93,66,42,90,6,1,53
32,821,89,66,45,90,6,1,54
33,819,87,60,44,90,6,1,55
34,812,87,60,44,90,6,1,54
35,800,87,66,43,90,6,1,54
36,795,86,66,43,90,6,1,56
37,791,85,63,42,90,6,1,55
38,782,84,66,41,90,6,1,55
39,776,82,65,43,90,6,1,56
40,773,83,60,41,90,6,1,58
41,769,84,55,38,90,6,1,59
42,765,82,53,40,90,6,1,57
43,759,80,53,41,90,6,1,55
44,755,80,51,39,90,6,1,54
45,751,83,46,36,90,6,1,52
46,732,80,59,39,90,6,1,50
47,725,78,60,40,90,6,1,49
61,0,777,100,271,91,2,0,55
62,0,757,151,320,91,2,0,55
63,1,744,202,332,91,2,0,55
64,0,737,254,340,91,2,0,55
65,1,603,305,473,91,2,0,55
66,0,550,364,525,91,2,0,55
67,1,504,418,572,91,2,0,55
68,1,475,482,599,91,2,0,55
69,1,445,550,629,91,2,0,55
70,3,434,618,641,91,2,0,55
71,2,418,685,658,91,2,0,55
72,6,407,764,669,91,2,0,55
73,3,414,836,662,91,2,0,55
74,3,416,916,660,91,2,0,55
75,3,422,997,654,91,2,0,55
76,3,428,1072,651,91,2,0,55
77,11,433,1151,642,91,2,0,55
78,4,438,1252,634,91,2,0,55
79,13,442,1346,634,91,2,0,55
80,9,449,1468,623,91,2,0,55
81,7,458,1583,616,91,2,0,55
82,4,463,1698,612,91,2,0,55
83,510,477,1315,595,91,2,0,50
84,3,484,1898,591,91,2,0,44
85,11,492,1843,582,91,2,0,35
86,1019,505,879,568,91,2,0,31
87,1155,514,763,560,91,2,0,27
88,1285,529,631,543,91,2,0,31
89,1423,539,493,533,91,2,0,33
90,1537,553,381,516,91,2,0,39
68,732,105,49,40,92,3,1,144
69,734,96,56,50,92,3,1,127
70,754,112,41,39,92,3,1,113
71,753,110,50,40,92,3,1,90
72,762,109,47,44,92,3,1,81
73,768,108,40,44,92,3,1,73
74,767,115,42,40,92,3,1,69
75,771,117,42,40,92,3,1,65
76,774,118,40,42,92,3,1,63
77,779,121,36,38,92,3,1,64
80,800,125,51,42,92,3,1,63
81,802,125,54,45,92,3,1,64
82,809,127,52,42,92,3,1,62
83,814,128,51,46,92,3,1,62
84,823,132,46,43,92,3,1,58
85,815,129,61,47,92,3,1,54
86,825,133,51,44,92,3,1,50
87,826,134,58,45,92,3,1,46
88,830,139,58,42,92,3,1,43
89,835,137,58,46,92,3,1,41
90,836,139,61,45,92,3,1,43
91,840,141,61,46,92,3,1,46
92,843,142,62,49,92,3,1,48
93,845,143,64,49,92,3,1,47
94,848,145,64,49,92,3,1,47
95,852,145,63,52,92,3,1,46
96,855,148,65,51,92,3,1,44
97,859,148,65,53,92,3,1,41
98,863,151,64,52,92,3,1,38
99,864,150,65,54,92,3,1,37
100,868,153,64,52,92,3,1,36
101,870,155,65,53,92,3,1,36
102,871,155,67,57,92,3,1,35
103,873,158,69,55,92,3,1,35
104,875,160,69,54,92,3,1,36
105,877,162,70,56,92,3,1,36
106,882,161,68,58,92,3,1,35
107,883,162,69,59,92,3,1,34
108,887,167,68,57,92,3,1,33
109,888,170,67,55,92,3,1,31
110,891,169,67,58,92,3,1,30
111,892,171,67,58,92,3,1,29
112,893,172,67,60,92,3,1,28
113,894,173,69,60,92,3,1,27
114,895,175,68,60,92,3,1,26
115,897,176,67,59,92,3,1,27
116,896,176,70,62,92,3,1,28
117,897,178,70,65,92,3,1,29
118,898,179,71,63,92,3,1,29
119,898,180,72,66,92,3,1,30
120,899,180,73,68,92,3,1,28
121,902,183,70,65,92,3,1,25
122,901,182,74,66,92,3,1,22
123,902,186,69,61,92,3,1,18
124,903,186,73,64,92,3,1,15
125,904,190,75,51,92,3,1,11
126,903,188,82,62,92,3,1,8
127,905,189,76,54,92,3,1,7
128,907,193,75,57,92,3,1,5
129,906,192,77,58,92,3,1,6
130,905,195,78,55,92,3,1,5
131,905,197,76,51,92,3,1,11
132,906,197,73,51,92,3,1,11
133,906,199,76,53,92,3,1,13
134,905,199,77,56,92,3,1,10
135,909,200,71,47,92,3,1,11
136,906,199,82,58,92,3,1,12
137,908,202,81,55,92,3,1,10
138,908,202,79,53,92,3,1,7
139,909,203,76,49,92,3,1,7
140,906,206,81,50,92,3,1,6
141,906,205,81,50,92,3,1,6
142,908,206,80,49,92,3,1,3
143,908,206,79,50,92,3,1,3
317,0,618,282,297,93,3,4,59
318,1,614,458,334,93,3,4,59
319,2,631,653,346,93,3,4,59
320,131,652,731,358,93,3,4,59
321,320,670,763,373,93,3,4,59
322,528,691,787,384,93,3,4,59
323,748,712,808,365,93,3,4,58
324,987,735,821,343,93,3,4,58
325,1235,760,685,315,93,3,4,57
326,1485,782,433,292,93,3,4,57
327,1758,807,161,271,93,3,4,56
344,2,778,402,297,94,6,1,-1
345,2,792,733,283,94,6,1,-1
346,179,841,911,232,94,6,1,-1
347,535,884,886,191,94,6,1,-1
348,975,934,769,142,94,6,1,-1
349,1438,983,482,91,94,6,1,-1
369,899,210,95,54,95,6,3,27
370,902,212,92,54,95,6,3,29
371,900,212,94,51,95,6,3,25
372,902,212,94,47,95,6,3,19
374,900,212,95,51,95,6,3,11
376,899,212,95,52,95,6,3,9
377,899,212,95,50,95,6,3,7
378,900,212,94,48,95,6,3,5
379,899,212,94,49,95,6,3,3
391,899,212,94,52,95,6,3,2
392,899,212,95,48,95,6,3,1
393,900,212,94,48,95,6,3,1
394,900,212,94,49,95,6,3,0
395,899,211,95,52,95,6,3,0
400,902,212,92,50,95,6,3,0
401,901,211,93,54,95,6,3,1
402,902,211,93,53,95,6,3,1
403,902,212,93,51,95,6,3,1
404,902,212,92,49,95,6,3,1
407,901,211,92,54,95,6,3,2
409,898,212,96,53,95,6,3,1
415,899,212,94,50,95,6,3,1
418,899,212,94,51,95,6,3,0
419,898,212,96,50,95,6,3,0
435,727,107,51,42,96,9,3,86
436,732,107,48,42,96,9,3,84
438,738,109,55,45,96,9,3,79
439,745,111,50,45,96,9,3,74
440,751,112,53,43,96,9,3,67
441,755,110,51,47,96,9,3,64
442,761,109,47,48,96,9,3,59
443,764,110,44,50,96,9,3,55
444,765,113,46,49,96,9,3,52
445,767,116,44,46,96,9,3,52
446,771,120,40,46,96,9,3,55
448,776,123,37,49,96,9,3,55
450,782,124,57,51,96,9,3,54
451,788,124,57,51,96,9,3,53
452,791,123,58,54,96,9,3,52
453,793,125,58,55,96,9,3,49
454,797,128,56,53,96,9,3,43
455,799,126,58,56,96,9,3,40
456,803,129,57,52,96,9,3,39
457,804,128,60,56,96,9,3,40
458,804,128,65,56,96,9,3,39
459,804,130,68,58,96,9,3,41
460,807,132,67,55,96,9,3,44
461,815,135,61,54,96,9,3,45
462,820,138,59,54,96,9,3,46
463,823,139,60,54,96,9,3,43
464,822,140,65,55,96,9,3,43
465,827,141,63,55,96,9,3,40
466,827,143,65,56,96,9,3,39
467,830,145,65,55,96,9,3,37
468,833,148,64,55,96,9,3,35
469,834,149,65,56,96,9,3,35
470,835,148,66,57,96,9,3,33
471,838,150,67,59,96,9,3,33
472,840,151,67,58,96,9,3,31
473,842,153,69,58,96,9,3,30
474,843,153,69,60,96,9,3,29
475,845,154,71,60,96,9,3,28
476,845,154,70,63,96,9,3,29
477,848,154,71,64,96,9,3,29
478,849,157,70,64,96,9,3,29
479,852,158,70,65,96,9,3,28
480,853,160,72,63,96,9,3,27
481,855,162,71,63,96,9,3,27
482,856,162,71,65,96,9,3,26
483,858,164,69,66,96,9,3,26
484,859,165,70,64,96,9,3,25
485,859,165,73,67,96,9,3,26
486,860,167,72,67,96,9,3,26
487,860,167,72,68,96,9,3,24
488,863,168,72,69,96,9,3,24
489,864,169,73,69,96,9,3,23
490,864,170,74,70,96,9,3,22
491,866,172,73,70,96,9,3,22
492,866,171,75,73,96,9,3,21
493,868,172,74,74,96,9,3,21
494,868,172,77,75,96,9,3,20
495,869,173,73,75,96,9,3,18
496,869,175,75,74,96,9,3,16
497,870,175,77,74,96,9,3,13
498,871,175,73,74,96,9,3,10
499,871,177,76,73,96,9,3,8
500,873,176,76,74,96,9,3,7
501,874,176,76,75,96,9,3,6
502,874,178,77,74,96,9,3,7
503,874,179,79,74,96,9,3,8
504,875,178,79,76,96,9,3,9
505,875,179,77,76,96,9,3,9
506,876,180,77,75,96,9,3,9
507,876,179,77,76,96,9,3,8
508,876,179,78,77,96,9,3,7
509,876,179,78,76,96,9,3,6
510,877,180,76,77,96,9,3,5
511,877,180,75,77,96,9,3,4
512,877,180,74,77,96,9,3,4
513,878,181,74,76,96,9,3,4
514,879,181,73,76,96,9,3,4
515,879,181,73,77,96,9,3,3
516,879,181,72,77,96,9,3,3
517,879,181,73,77,96,9,3,2
518,879,181,73,77,96,9,3,2
519,879,182,74,76,96,9,3,1
520,880,182,71,77,96,9,3,1
521,879,182,72,76,96,9,3,0
522,880,182,72,77,96,9,3,0
523,880,181,71,77,96,9,3,0
524,879,182,71,76,96,9,3,0
525,879,182,72,77,96,9,3,0
526,879,182,72,77,96,9,3,0
527,880,182,71,76,96,9,3,0
528,879,183,72,75,96,9,3,0
529,879,182,73,76,96,9,3,0
530,879,182,73,76,96,9,3,0
531,879,182,74,76,96,9,3,0
532,879,182,74,76,96,9,3,0
533,879,182,73,76,96,9,3,0
534,880,182,73,77,96,9,3,0
535,879,182,74,76,96,9,3,0
536,879,182,75,77,96,9,3,0
537,879,183,74,76,96,9,3,0
538,879,183,75,76,96,9,3,1
539,879,183,75,76,96,9,3,1
540,880,184,72,76,96,9,3,1
541,880,184,72,76,96,9,3,1
542,880,184,71,76,96,9,3,1
543,880,184,71,76,96,9,3,2
544,880,184,71,76,96,9,3,2
545,880,184,71,76,96,9,3,2
546,880,184,70,77,96,9,3,2
547,880,184,70,77,96,9,3,2
548,880,184,70,77,96,9,3,2
549,880,184,70,77,96,9,3,1
550,880,185,73,76,96,9,3,1
551,880,185,73,76,96,9,3,0
552,880,185,72,76,96,9,3,0
553,880,185,73,76,96,9,3,0
554,880,185,73,76,96,9,3,0
555,880,185,73,76,96,9,3,0
556,880,184,73,76,96,9,3,0
557,880,184,73,77,96,9,3,0
558,880,184,73,76,96,9,3,0
559,880,184,73,76,96,9,3,0
560,880,183,72,77,96,9,3,0
561,880,184,72,77,96,9,3,0
562,880,184,71,76,96,9,3,0
563,880,184,73,76,96,9,3,0
564,880,184,71,76,96,9,3,0
565,880,184,72,77,96,9,3,0
566,881,183,71,77,96,9,3,0
567,881,183,70,78,96,9,3,0
568,881,183,70,78,96,9,3,0
569,881,184,69,77,96,9,3,0
570,881,184,70,77,96,9,3,0
571,881,184,69,78,96,9,3,0
572,881,183,70,78,96,9,3,0
573,881,184,70,78,96,9,3,0
574,881,184,69,77,96,9,3,0
575,881,184,69,77,96,9,3,0
576,881,184,71,76,96,9,3,0
577,881,185,73,76,96,9,3,0
578,880,185,74,76,96,9,3,0
579,880,185,72,76,96,9,3,0
580,879,185,74,76,96,9,3,0
581,880,184,71,77,96,9,3,1
582,880,184,72,76,96,9,3,3
583,879,184,74,80,96,9,3,6
584,878,184,75,81,96,9,3,8
585,878,183,73,84,96,9,3,8
586,878,184,75,84,96,9,3,6
587,879,183,74,80,96,9,3,4
588,877,183,77,78,96,9,3,11
589,878,184,76,65,96,9,3,20
590,879,185,74,63,96,9,3,31
591,879,186,81,63,96,9,3,34
592,880,185,75,62,96,9,3,36
593,880,186,74,60,96,9,3,29
594,879,186,77,61,96,9,3,22
595,880,186,75,59,96,9,3,13
596,880,187,73,59,96,9,3,9
597,880,187,76,59,96,9,3,10
598,881,191,76,58,96,9,3,13
599,881,191,79,61,96,9,3,19
600,882,190,79,67,96,9,3,23
601,883,190,79,69,96,9,3,27
602,884,192,81,70,96,9,3,31
603,884,192,80,74,96,9,3,32
604,884,193,82,76,96,9,3,32
605,886,194,80,75,96,9,3,30
606,889,193,77,80,96,9,3,29
607,887,194,82,77,96,9,3,29
608,888,197,83,77,96,9,3,24
609,889,197,82,81,96,9,3,21
610,890,199,86,75,96,9,3,15
611,890,200,92,79,96,9,3,18
612,893,202,89,75,96,9,3,20
613,893,202,91,79,96,9,3,26
614,893,206,93,79,96,9,3,27
615,894,207,93,81,96,9,3,28
616,896,208,91,83,96,9,3,28
617,898,210,90,79,96,9,3,29
618,899,210,93,85,96,9,3,29
619,901,212,90,87,96,9,3,28
620,902,213,91,88,96,9,3,27
621,901,214,92,89,96,9,3,26
622,902,217,91,90,96,9,3,25
623,901,217,92,91,96,9,3,23
624,902,220,92,92,96,9,3,22
625,903,223,91,90,96,9,3,21
626,904,223,90,93,96,9,3,21
627,901,227,91,92,96,9,3,21
628,898,230,95,94,96,9,3,21
629,896,231,98,95,96,9,3,21
630,893,233,99,96,96,9,3,21
631,890,236,103,94,96,9,3,22
632,885,237,106,98,96,9,3,22
633,880,238,107,102,96,9,3,23
634,874,242,111,103,96,9,3,24
635,866,243,114,106,96,9,3,25
636,859,247,118,106,96,9,3,26
637,847,251,127,107,96,9,3,26
638,839,253,128,107,96,9,3,26
639,824,256,138,111,96,9,3,27
640,811,259,144,114,96,9,3,27
641,795,262,149,114,96,9,3,27
642,774,265,163,116,96,9,3,27
643,756,269,167,117,96,9,3,27
644,734,272,177,119,96,9,3,27
645,709,276,188,120,96,9,3,27
646,684,280,195,121,96,9,3,27
647,655,284,207,122,96,9,3,28
648,625,287,217,124,96,9,3,28
649,594,292,225,126,96,9,3,29
650,555,296,239,127,96,9,3,29
651,518,299,248,129,96,9,3,29
652,478,304,257,129,96,9,3,30
653,437,310,265,126,96,9,3,30
654,391,312,275,129,96,9,3,30
655,344,316,284,130,96,9,3,30
656,296,321,290,130,96,9,3,30
657,245,323,296,131,96,9,3,30
658,193,328,301,128,96,9,3,31
659,140,330,304,129,96,9,3,31
660,83,333,310,131,96,9,3,31
661,28,334,311,131,96,9,3,31
662,3,337,282,130,96,9,3,31
663,0,337,223,125,96,9,3,31
664,0,338,165,125,96,9,3,30
665,0,340,108,122,96,9,3,30
666,0,344,56,117,96,9,3,29
442,0,689,238,244,97,5,0,74
443,2,704,465,272,97,5,0,74
444,83,735,641,285,97,5,0,73
445,320,765,683,299,97,5,0,73
446,587,799,715,277,97,5,0,73
447,875,832,749,243,97,5,0,73
448,1188,865,732,209,97,5,0,73
449,1517,896,400,178,97,5,0,73
463,898,211,95,50,98,9,3,13
464,898,211,95,48,98,9,3,11
465,897,211,96,50,98,9,3,10
466,898,211,96,50,98,9,3,7
467,898,211,96,51,98,9,3,6
468,906,213,86,46,98,9,3,4
469,906,213,86,45,98,9,3,5
470,906,212,85,45,98,9,3,5
471,904,212,88,45,98,9,3,5
472,904,212,88,46,98,9,3,3
473,898,211,95,49,98,9,3,2
474,899,211,94,48,98,9,3,3
475,898,212,95,47,98,9,3,3
477,901,212,92,50,98,9,3,4
479,903,211,90,49,98,9,3,3
525,1850,436,69,127,99,4,5,31
526,1794,412,125,136,99,4,5,31
527,1744,391,174,148,99,4,5,31
528,1700,378,219,153,99,4,5,31
529,1658,370,260,192,99,4,5,31
530,1619,361,300,186,99,4,5,31
531,1584,355,335,182,99,4,5,31
532,1549,344,347,176,99,4,5,31
533,1519,336,328,173,99,4,5,31
534,1488,328,320,170,99,4,5,32
535,1470,320,297,166,99,4,5,32
536,1448,312,280,164,99,4,5,33
537,1427,309,265,155,99,4,5,34
538,1410,302,253,152,99,4,5,34
539,1392,293,240,150,99,4,5,35
540,1378,289,226,145,99,4,5,35
541,1362,283,218,141,99,4,5,36
542,1348,276,206,140,99,4,5,36
543,1333,271,200,135,99,4,5,37
544,1321,266,192,131,99,4,5,37
545,1310,261,184,130,99,4,5,37
546,1297,257,178,125,99,4,5,38
547,1287,251,170,122,99,4,5,38
548,1278,247,165,119,99,4,5,38
549,1266,242,161,117,99,4,5,38
550,1258,238,155,115,99,4,5,39
551,1248,234,151,113,99,4,5,39
552,1239,228,147,111,99,4,5,39
553,1229,224,145,108,99,4,5,39
554,1221,220,140,107,99,4,5,40
555,1211,216,140,105,99,4,5,40
556,1205,212,135,103,99,4,5,41
557,1196,209,133,100,99,4,5,41
558,1186,206,132,97,99,4,5,42
559,1181,203,124,95,99,4,5,43
560,1173,197,125,95,99,4,5,44
561,1166,194,123,93,99,4,5,45
562,1160,193,118,89,99,4,5,45
563,1152,189,117,88,99,4,5,45
564,1145,185,115,88,99,4,5,45
565,1140,183,113,84,99,4,5,45
566,1134,180,110,83,99,4,5,44
567,1127,175,107,87,99,4,5,43
568,1122,173,105,83,99,4,5,44
569,1117,171,102,81,99,4,5,45
570,1113,167,100,81,99,4,5,46
571,1107,164,99,78,99,4,5,47
572,1102,162,97,77,99,4,5,47
573,1097,161,95,75,99,4,5,48
574,1093,157,91,75,99,4,5,47
575,1083,155,94,75,99,4,5,46
576,1080,153,90,72,99,4,5,47
577,1071,151,93,72,99,4,5,48
578,1067,148,91,69,99,4,5,50
579,1062,146,90,68,99,4,5,51
580,1056,145,90,66,99,4,5,51
581,1051,142,87,67,99,4,5,50
582,1046,140,87,67,99,4,5,49
583,1039,139,88,65,99,4,5,48
584,1033,135,86,66,99,4,5,48
585,1029,135,85,63,99,4,5,49
586,1023,132,83,62,99,4,5,52
587,1016,130,85,61,99,4,5,54
588,1011,128,82,60,99,4,5,55
589,1004,128,84,58,99,4,5,55
590,999,127,82,58,99,4,5,54
591,994,123,80,58,99,4,5,54
592,986,124,79,55,99,4,5,52
593,979,121,79,56,99,4,5,52
594,976,119,75,56,99,4,5,53
595,965,118,80,54,99,4,5,54
596,958,115,77,54,99,4,5,53
597,951,115,78,54,99,4,5,52
598,945,115,77,53,99,4,5,53
599,939,113,75,51,99,4,5,55
600,930,112,76,50,99,4,5,55
601,924,108,74,52,99,4,5,56
602,917,108,75,50,99,4,5,57
603,912,107,74,50,99,4,5,56
604,904,106,73,49,99,4,5,55
605,898,103,71,51,99,4,5,55
606,893,102,67,50,99,4,5,55
607,882,100,72,48,99,4,5,57
608,877,100,67,48,99,4,5,57
609,870,100,68,46,99,4,5,60
610,862,98,70,47,99,4,5,62
611,857,99,68,43,99,4,5,63
612,849,99,67,41,99,4,5,63
613,846,95,65,44,99,4,5,61
614,837,95,64,42,99,4,5,60
615,831,95,63,42,99,4,5,57
616,824,93,62,43,99,4,5,55
617,818,90,62,44,99,4,5,55
618,808,90,65,43,99,4,5,55
619,802,89,62,41,99,4,5,58
620,793,87,65,43,99,4,5,60
621,788,88,64,41,99,4,5,64
622,780,87,63,40,99,4,5,66
623,773,85,64,40,99,4,5,69
624,771,88,55,37,99,4,5,71
625,768,84,51,37,99,4,5,73
626,763,85,48,36,99,4,5,74
627,764,87,39,33,99,4,5,71
629,731,88,63,58,99,4,5,67
630,744,107,57,44,99,4,5,61
631,748,107,58,44,99,4,5,59
632,752,107,55,45,99,4,5,57
633,764,108,45,45,99,4,5,52
634,766,110,48,42,99,4,5,46
635,768,111,54,44,99,4,5,39
636,772,111,55,44,99,4,5,42
637,772,115,66,45,99,4,5,47
638,777,116,68,46,99,4,5,55
639,779,117,70,47,99,4,5,57
640,788,118,65,47,99,4,5,58
641,793,120,65,46,99,4,5,55
642,797,122,66,46,99,4,5,51
643,807,121,64,50,99,4,5,46
644,814,123,61,48,99,4,5,43
645,822,125,58,48,99,4,5,43
646,827,125,59,50,99,4,5,42
647,829,127,64,49,99,4,5,41
648,830,130,70,47,99,4,5,40
649,836,130,69,50,99,4,5,40
650,838,130,73,51,99,4,5,40
651,844,131,74,53,99,4,5,41
652,845,134,77,50,99,4,5,41
653,852,134,78,53,99,4,5,42
654,858,135,80,55,99,4,5,43
655,864,134,79,57,99,4,5,43
656,869,136,80,58,99,4,5,44
657,875,138,81,59,99,4,5,45
658,882,140,80,59,99,4,5,46
659,887,140,81,62,99,4,5,46
660,893,145,82,60,99,4,5,45
661,898,148,86,58,99,4,5,44
662,906,150,84,57,99,4,5,43
663,911,152,86,58,99,4,5,43
664,915,154,88,60,99,4,5,43
665,921,155,90,62,99,4,5,43
666,927,159,89,61,99,4,5,43
667,933,159,90,63,99,4,5,44
668,939,164,91,60,99,4,5,44
669,945,166,92,62,99,4,5,43
670,952,167,90,64,99,4,5,41
671,956,168,93,65,99,4,5,40
672,960,172,94,64,99,4,5,40
673,967,174,92,66,99,4,5,41
674,973,177,93,67,99,4,5,41
675,978,177,93,69,99,4,5,40
676,982,180,94,69,99,4,5,39
677,987,183,93,69,99,4,5,38
678,990,185,97,69,99,4,5,37
679,997,186,92,72,99,4,5,37
680,1002,190,94,72,99,4,5,38
681,1004,194,97,74,99,4,5,39
682,1007,196,99,77,99,4,5,40
683,1012,197,100,77,99,4,5,40
684,1013,199,101,79,99,4,5,40
685,1017,202,100,81,99,4,5,38
686,1021,204,99,81,99,4,5,35
687,1026,209,97,79,99,4,5,32
688,1027,211,99,80,99,4,5,31
689,1032,213,99,81,99,4,5,30
690,1032,216,101,82,99,4,5,30
691,1034,219,101,84,99,4,5,31
692,1035,223,102,85,99,4,5,32
693,1036,224,103,87,99,4,5,33
694,1039,228,101,89,99,4,5,34
695,1040,230,100,92,99,4,5,34
696,1041,235,101,91,99,4,5,33
697,1043,237,102,92,99,4,5,31
698,1044,241,102,92,99,4,5,30
699,1044,244,103,93,99,4,5,28
700,1045,248,104,93,99,4,5,27
701,1045,247,104,98,99,4,5,26
702,1045,250,106,99,99,4,5,26
703,1044,256,110,99,99,4,5,26
704,1045,258,109,100,99,4,5,26
705,1044,262,110,100,99,4,5,26
706,1044,267,110,100,99,4,5,25
707,1043,269,111,102,99,4,5,25
708,1041,268,112,107,99,4,5,24
709,1040,272,114,110,99,4,5,24
710,1039,274,116,110,99,4,5,24
711,1037,273,118,116,99,4,5,24
712,1036,273,121,122,99,4,5,23
713,1036,274,119,126,99,4,5,23
714,1036,294,119,109,99,4,5,22
715,1033,292,122,116,99,4,5,22
716,1032,294,124,119,99,4,5,22
717,1029,297,130,122,99,4,5,22
718,1026,301,133,124,99,4,5,22
719,1021,304,141,126,99,4,5,22
720,1018,308,142,128,99,4,5,22
721,1016,310,144,131,99,4,5,22
722,1013,313,143,136,99,4,5,23
723,1009,316,145,138,99,4,5,23
724,1005,320,153,142,99,4,5,23
725,1001,322,155,147,99,4,5,23
726,994,324,164,152,99,4,5,23
727,991,330,162,151,99,4,5,23
728,984,340,163,149,99,4,5,23
729,979,346,165,151,99,4,5,23
730,969,351,173,154,99,4,5,23
731,965,354,175,157,99,4,5,23
732,961,359,177,160,99,4,5,23
733,956,365,181,162,99,4,5,23
734,950,370,184,166,99,4,5,23
735,943,376,188,169,99,4,5,23
736,939,378,190,181,99,4,5,23
737,932,386,196,179,99,4,5,23
738,929,394,199,179,99,4,5,23
739,926,403,203,183,99,4,5,23
740,923,406,209,191,99,4,5,23
741,917,415,217,194,99,4,5,23
742,916,420,225,199,99,4,5,23
743,913,427,231,205,99,4,5,23
744,913,440,237,204,99,4,5,23
745,914,446,237,214,99,4,5,23
746,917,456,242,216,99,4,5,23
747,924,460,245,229,99,4,5,24
748,933,474,250,232,99,4,5,24
749,935,482,269,241,99,4,5,25
750,939,494,285,252,99,4,5,25
751,942,503,309,262,99,4,5,26
752,952,517,330,269,99,4,5,26
753,963,536,355,273,99,4,5,26
754,975,547,389,288,99,4,5,26
755,993,556,422,307,99,4,5,26
756,1013,575,456,313,99,4,5,27
757,1036,596,492,325,99,4,5,27
758,1062,615,536,335,99,4,5,27
759,1092,631,580,357,99,4,5,27
760,1132,652,617,370,99,4,5,27
761,1173,670,666,386,99,4,5,26
762,1222,688,698,389,99,4,5,25
763,1279,713,639,365,99,4,5,24
764,1345,736,575,343,99,4,5,23
765,1413,762,505,317,99,4,5,21
766,1492,785,426,291,99,4,5,19
767,1578,813,340,265,99,4,5,18
768,1676,840,243,237,99,4,5,17
769,1784,877,134,200,99,4,5,17
573,887,199,96,85,100,3,1,15
574,888,198,96,86,100,3,1,34
575,887,199,95,84,100,3,1,49
576,898,217,94,49,100,3,1,71
581,915,213,77,54,100,3,1,64
582,897,214,95,52,100,3,1,53
583,897,210,94,56,100,3,1,35
584,917,211,73,54,100,3,1,26
585,907,212,85,57,100,3,1,20
586,909,212,82,56,100,3,1,19
587,916,213,74,58,100,3,1,22
588,912,215,77,63,100,3,1,25
589,916,214,71,62,100,3,1,28
590,910,215,77,66,100,3,1,33
591,910,217,77,72,100,3,1,35
592,915,216,73,74,100,3,1,34
593,914,217,74,75,100,3,1,32
594,908,217,83,76,100,3,1,29
595,907,218,83,76,100,3,1,25
596,913,218,79,78,100,3,1,21
597,911,221,80,77,100,3,1,18
598,911,221,80,80,100,3,1,17
599,914,224,77,79,100,3,1,17
600,917,227,73,78,100,3,1,17
601,914,228,77,79,100,3,1,16
602,913,230,79,79,100,3,1,16
603,914,229,78,80,100,3,1,15
604,911,230,83,82,100,3,1,15
605,909,231,83,85,100,3,1,16
606,908,233,85,86,100,3,1,17
607,906,237,87,85,100,3,1,19
608,904,239,89,85,100,3,1,20
609,901,240,91,88,100,3,1,21
610,897,249,94,82,100,3,1,20
611,894,250,96,84,100,3,1,19
612,895,252,94,83,100,3,1,19
613,890,252,100,86,100,3,1,19
614,885,252,102,91,100,3,1,20
615,878,257,106,90,100,3,1,21
616,869,257,110,96,100,3,1,22
617,863,260,117,94,100,3,1,23
618,853,264,125,96,100,3,1,24
619,844,267,127,96,100,3,1,25
620,834,270,132,99,100,3,1,25
621,819,273,139,100,100,3,1,25
622,804,276,146,102,100,3,1,25
623,787,280,152,101,100,3,1,26
624,769,283,160,103,100,3,1,26
625,749,284,168,108,100,3,1,26
626,727,288,175,109,100,3,1,26
627,703,292,184,109,100,3,1,26
628,679,295,193,110,100,3,1,26
629,653,298,200,113,100,3,1,26
630,623,301,208,115,100,3,1,26
631,592,305,215,114,100,3,1,26
632,557,311,226,115,100,3,1,27
633,522,315,235,116,100,3,1,27
634,483,320,246,114,100,3,1,28
635,442,323,252,117,100,3,1,28
636,401,328,260,117,100,3,1,28
637,356,331,267,117,100,3,1,28
638,310,333,275,119,100,3,1,28
639,263,335,279,120,100,3,1,29
640,213,338,285,121,100,3,1,29
641,164,340,286,122,100,3,1,29
642,110,341,298,123,100,3,1,29
643,56,346,294,122,100,3,1,30
644,4,348,294,121,100,3,1,30
645,0,349,249,122,100,3,1,30
646,1,351,190,116,100,3,1,31
647,0,353,137,116,100,3,1,31
648,0,353,84,116,100,3,1,31
637,1514,1037,316,40,101,6,3,-1
638,1481,996,386,81,101,6,3,-1
639,1484,958,372,118,101,6,3,-1
640,1484,920,363,157,101,6,3,-1
641,1486,885,352,190,101,6,3,-1
642,1485,852,342,222,101,6,3,-1
656,1472,993,440,83,102,6,5,-1
657,1469,950,444,128,102,6,5,-1
658,1468,906,442,172,102,6,5,-1
659,1467,865,429,209,102,6,5,-1
660,1464,830,417,246,102,6,5,-1
661,1463,792,416,285,102,6,5,-1
662,1462,762,405,314,102,6,5,-1
663,1459,726,392,350,102,6,5,-1
664,1457,702,376,374,102,6,5,-1
698,1583,1024,333,54,103,4,0,-1
699,1574,969,343,107,103,4,0,-1
700,1566,909,353,168,103,4,0,-1
701,1562,859,354,217,103,4,0,-1
702,1554,810,363,266,103,4,0,-1
722,722,102,55,36,104,4,5,85
723,727,104,57,36,104,4,5,86
724,732,104,59,39,104,4,5,84
725,737,105,59,40,104,4,5,83
726,750,106,53,41,104,4,5,77
727,759,107,48,42,104,4,5,73
728,762,108,46,41,104,4,5,68
729,767,105,47,46,104,4,5,63
730,769,107,50,46,104,4,5,59
731,770,109,57,45,104,4,5,56
732,774,111,59,45,104,4,5,58
733,777,113,62,46,104,4,5,60
734,783,114,63,49,104,4,5,62
735,788,116,63,47,104,4,5,61
736,793,117,61,48,104,4,5,62
737,801,119,57,48,104,4,5,62
738,811,121,54,49,104,4,5,59
739,812,123,60,50,104,4,5,56
740,824,126,51,47,104,4,5,53
741,829,126,51,49,104,4,5,52
742,829,128,59,49,104,4,5,51
743,827,130,66,49,104,4,5,49
744,834,133,63,48,104,4,5,48
745,835,133,67,51,104,4,5,47
746,840,135,67,50,104,4,5,47
747,843,137,68,51,104,4,5,47
748,847,139,70,51,104,4,5,48
749,850,140,71,52,104,4,5,49
750,856,143,69,54,104,4,5,50
751,860,145,70,54,104,4,5,51
752,865,148,69,54,104,4,5,53
753,869,151,70,54,104,4,5,54
754,871,152,73,56,104,4,5,54
755,874,153,74,58,104,4,5,53
756,878,155,73,59,104,4,5,52
757,882,158,72,59,104,4,5,51
758,884,159,75,61,104,4,5,50
759,886,163,76,60,104,4,5,49
760,890,167,77,59,104,4,5,49
761,893,170,77,61,104,4,5,50
762,895,171,78,64,104,4,5,50
763,897,175,78,64,104,4,5,50
764,898,177,82,65,104,4,5,51
765,903,179,80,67,104,4,5,51
766,907,182,80,69,104,4,5,51
767,907,186,80,69,104,4,5,50
768,910,189,81,70,104,4,5,49
769,911,190,82,72,104,4,5,48
770,912,191,84,76,104,4,5,48
771,913,195,84,78,104,4,5,47
772,915,200,83,76,104,4,5,45
773,917,204,83,76,104,4,5,44
774,917,208,85,76,104,4,5,43
775,918,211,84,78,104,4,5,42
776,918,213,85,81,104,4,5,42
777,918,217,86,81,104,4,5,41
778,917,221,88,84,104,4,5,41
779,914,224,89,85,104,4,5,40
780,911,226,92,87,104,4,5,40
781,909,226,93,93,104,4,5,39
782,903,232,97,92,104,4,5,38
783,898,234,102,94,104,4,5,36
784,891,240,108,93,104,4,5,35
785,883,242,113,95,104,4,5,35
786,875,247,120,95,104,4,5,35
787,864,251,128,99,104,4,5,35
788,852,252,138,104,104,4,5,36
789,840,257,143,105,104,4,5,36
790,823,261,156,109,104,4,5,36
791,806,263,164,111,104,4,5,36
792,787,269,174,109,104,4,5,34
793,763,272,188,113,104,4,5,33
794,738,274,203,116,104,4,5,32
795,714,278,211,117,104,4,5,31
796,686,282,222,119,104,4,5,31
797,653,288,237,118,104,4,5,31
798,620,291,253,121,104,4,5,31
799,581,293,268,126,104,4,5,31
800,546,297,279,127,104,4,5,31
801,506,301,292,128,104,4,5,31
802,462,308,305,128,104,4,5,31
803,423,312,312,127,104,4,5,31
804,372,316,327,126,104,4,5,31
805,321,319,341,127,104,4,5,31
806,268,320,352,130,104,4,5,30
807,220,324,355,129,104,4,5,30
808,171,324,357,130,104,4,5,30
809,121,327,359,129,104,4,5,30
810,68,328,360,130,104,4,5,30
811,14,331,367,128,104,4,5,29
812,1,333,324,129,104,4,5,29
813,0,334,278,120,104,4,5,28
814,0,336,216,122,104,4,5,28
815,0,335,158,122,104,4,5,27
816,0,361,101,97,104,4,5,27
1030,727,113,50,34,105,3,4,94
1031,732,115,54,33,105,3,4,84
1032,740,119,51,32,105,3,4,75
1033,746,116,52,35,105,3,4,62
1034,752,118,51,34,105,3,4,55
1035,757,117,49,36,105,3,4,49
1036,766,118,41,36,105,3,4,44
1037,766,120,41,35,105,3,4,42
1038,768,122,41,34,105,3,4,41
1039,773,125,36,35,105,3,4,43
1040,775,126,38,34,105,3,4,45
1042,781,129,46,35,105,3,4,49
1045,800,131,50,40,105,3,4,52
1046,801,132,52,41,105,3,4,52
1047,807,133,52,41,105,3,4,52
1048,807,134,55,41,105,3,4,50
1049,808,135,58,43,105,3,4,47
1050,817,139,54,40,105,3,4,43
1051,819,139,56,41,105,3,4,40
1052,821,140,56,43,105,3,4,40
1053,824,141,58,43,105,3,4,38
1054,829,144,55,42,105,3,4,39
1055,831,149,58,39,105,3,4,40
1056,834,150,59,41,105,3,4,41
1057,837,151,59,42,105,3,4,40
1058,839,153,60,41,105,3,4,39
1059,841,152,62,43,105,3,4,40
1060,843,155,62,44,105,3,4,40
1061,844,155,64,45,105,3,4,39
1062,845,157,65,46,105,3,4,38
1063,849,159,65,46,105,3,4,39
1064,853,161,63,45,105,3,4,38
1065,856,163,64,46,105,3,4,37
1066,859,163,65,48,105,3,4,35
1067,860,165,66,47,105,3,4,33
1068,862,165,67,49,105,3,4,33
1069,865,169,67,48,105,3,4,32
1070,865,169,68,49,105,3,4,32
1071,868,172,67,48,105,3,4,31
1072,871,172,67,51,105,3,4,31
1073,870,174,72,50,105,3,4,30
1074,873,175,71,50,105,3,4,28
1075,875,176,71,52,105,3,4,27
1076,877,177,71,52,105,3,4,26
1077,880,178,70,54,105,3,4,26
1078,881,178,72,56,105,3,4,26
1079,883,180,71,56,105,3,4,26
1080,885,179,73,59,105,3,4,26
1081,887,180,73,59,105,3,4,25
1082,887,183,74,57,105,3,4,24
1083,888,184,75,59,105,3,4,23
1084,887,186,77,58,105,3,4,22
1085,891,187,75,60,105,3,4,21
1086,891,189,75,58,105,3,4,20
1087,891,190,77,59,105,3,4,20
1088,894,194,75,56,105,3,4,19
1089,894,196,76,56,105,3,4,18
1090,895,197,74,57,105,3,4,17
1091,898,198,73,57,105,3,4,16
1092,898,195,74,60,105,3,4,16
1093,898,199,76,59,105,3,4,16
1094,900,198,76,60,105,3,4,15
1095,901,200,74,59,105,3,4,14
1096,901,201,76,59,105,3,4,13
1097,902,202,78,60,105,3,4,13
1098,903,201,77,61,105,3,4,13
1099,904,203,76,63,105,3,4,13
1100,906,203,73,63,105,3,4,14
1101,905,204,73,63,105,3,4,14
1102,906,205,73,65,105,3,4,14
1103,907,206,70,64,105,3,4,14
1104,907,206,68,65,105,3,4,14
1105,907,205,73,69,105,3,4,14
1106,909,204,69,69,105,3,4,13
1107,908,206,69,68,105,3,4,11
1108,909,206,68,68,105,3,4,10
1109,909,209,68,66,105,3,4,8
1110,909,211,68,64,105,3,4,7
1111,909,210,69,66,105,3,4,5
1112,910,214,66,62,105,3,4,5
1113,910,212,70,65,105,3,4,5
1114,910,213,67,64,105,3,4,6
1115,911,216,66,64,105,3,4,7
1116,911,213,70,68,105,3,4,8
1117,911,214,69,67,105,3,4,8
1118,912,212,71,70,105,3,4,8
1119,913,214,67,68,105,3,4,8
1120,913,216,69,68,105,3,4,8
1121,912,211,74,72,105,3,4,7
1122,913,213,69,72,105,3,4,7
1123,913,216,69,69,105,3,4,7
1124,913,217,69,69,105,3,4,6
1125,913,215,69,71,105,3,4,6
1126,913,215,70,71,105,3,4,4
1127,913,216,73,70,105,3,4,3
1128,912,201,79,85,105,3,4,2
1129,913,203,79,82,105,3,4,1
1130,913,191,79,95,105,3,4,1
1131,913,199,79,86,105,3,4,1
1132,913,194,81,91,105,3,4,1
1133,912,187,89,100,105,3,4,1
1134,913,191,83,95,105,3,4,1
1135,912,189,91,97,105,3,4,1
1136,912,196,83,90,105,3,4,1
1137,913,192,83,94,105,3,4,2
1138,912,193,84,93,105,3,4,3
1139,912,193,84,92,105,3,4,5
1140,912,185,85,97,105,3,4,7
1141,912,185,86,98,105,3,4,7
1142,912,184,85,97,105,3,4,6
1143,912,184,85,99,105,3,4,4
1144,912,186,85,97,105,3,4,3
1145,912,185,85,98,105,3,4,2
1146,912,185,85,98,105,3,4,1
1147,912,186,82,98,105,3,4,1
1148,911,186,85,98,105,3,4,1
1149,912,184,82,100,105,3,4,1
1150,913,185,84,100,105,3,4,2
1151,913,187,84,98,105,3,4,2
1152,913,187,84,98,105,3,4,2
1153,913,188,84,97,105,3,4,1
1154,913,187,84,98,105,3,4,1
1155,913,187,84,98,105,3,4,0
1156,913,188,84,97,105,3,4,0
1157,913,187,84,97,105,3,4,0
1158,913,186,84,98,105,3,4,0
1159,913,185,84,100,105,3,4,0
1160,913,185,82,100,105,3,4,0
1161,913,186,81,98,105,3,4,0
1162,913,189,81,96,105,3,4,0
1163,913,188,83,97,105,3,4,0
1164,913,190,84,95,105,3,4,0
1165,913,197,83,87,105,3,4,0
1166,913,199,83,85,105,3,4,0
1167,913,195,83,90,105,3,4,0
1168,913,196,82,89,105,3,4,0
1169,913,198,82,87,105,3,4,0
1170,913,192,83,93,105,3,4,0
1171,913,192,83,93,105,3,4,0
1172,913,191,83,93,105,3,4,0
1173,913,194,83,90,105,3,4,0
1174,913,200,83,84,105,3,4,0
1175,913,200,83,84,105,3,4,0
1176,913,200,82,84,105,3,4,0
1177,913,199,82,85,105,3,4,0
1178,913,199,82,85,105,3,4,0
1179,913,193,82,91,105,3,4,0
1180,913,193,81,91,105,3,4,0
1181,913,194,81,90,105,3,4,0
1182,913,196,81,88,105,3,4,0
1183,913,198,81,86,105,3,4,0
1184,913,198,81,86,105,3,4,0
1185,913,198,81,86,105,3,4,0
1186,913,197,81,87,105,3,4,0
1187,913,196,81,88,105,3,4,0
1188,913,194,82,90,105,3,4,0
1189,913,195,82,89,105,3,4,0
1190,913,198,82,86,105,3,4,0
1191,913,198,82,86,105,3,4,0
1192,913,197,82,88,105,3,4,0
1193,913,198,82,87,105,3,4,0
1194,913,197,82,87,105,3,4,0
1195,913,198,82,86,105,3,4,0
1196,913,199,81,86,105,3,4,0
1197,914,201,81,83,105,3,4,0
1198,914,203,81,82,105,3,4,0
1199,914,203,81,82,105,3,4,0
1200,913,197,83,88,105,3,4,0
1201,913,197,83,88,105,3,4,0
1202,913,197,83,88,105,3,4,0
1203,913,197,83,88,105,3,4,0
1204,913,196,83,88,105,3,4,0
1205,913,197,83,87,105,3,4,0
1206,913,197,83,87,105,3,4,0
1207,913,196,83,89,105,3,4,0
1208,912,198,83,87,105,3,4,0
1209,912,199,83,86,105,3,4,0
1210,913,201,82,84,105,3,4,0
1211,913,201,82,83,105,3,4,0
1212,913,199,82,85,105,3,4,0
1213,913,200,82,85,105,3,4,0
1214,913,196,82,88,105,3,4,1
1215,913,196,82,88,105,3,4,0
1216,913,196,82,88,105,3,4,0
1217,913,196,82,88,105,3,4,0
1218,913,196,82,88,105,3,4,0
1219,913,196,82,88,105,3,4,0
1220,913,193,83,91,105,3,4,0
1221,913,192,83,92,105,3,4,0
1222,913,193,83,92,105,3,4,0
1223,913,196,83,89,105,3,4,0
1224,913,194,84,90,105,3,4,0
1225,913,194,84,90,105,3,4,0
1226,913,194,84,90,105,3,4,0
1227,913,194,84,90,105,3,4,0
1228,913,194,84,90,105,3,4,0
1229,913,195,84,89,105,3,4,0
1230,914,195,82,90,105,3,4,0
1231,914,195,82,90,105,3,4,0
1232,914,195,82,90,105,3,4,0
1233,914,194,82,91,105,3,4,0
1234,914,195,83,89,105,3,4,0
1235,914,196,83,89,105,3,4,0
1236,914,196,83,89,105,3,4,0
1237,913,196,83,89,105,3,4,0
1238,913,196,83,89,105,3,4,0
1239,913,196,83,89,105,3,4,0
1240,914,196,83,89,105,3,4,0
1241,914,196,83,89,105,3,4,0
1242,914,196,82,89,105,3,4,0
1243,914,196,82,89,105,3,4,0
1244,914,195,82,89,105,3,4,0
1245,914,195,82,89,105,3,4,0
1246,913,195,82,89,105,3,4,0
1247,913,195,82,89,105,3,4,0
1248,913,196,83,89,105,3,4,0
1249,913,195,83,89,105,3,4,0
1250,913,199,83,85,105,3,4,0
1251,913,200,82,85,105,3,4,0
1252,913,199,82,86,105,3,4,0
1253,913,199,82,86,105,3,4,0
1254,913,199,83,86,105,3,4,0
1255,913,198,83,86,105,3,4,0
1256,913,198,82,86,105,3,4,0
1257,913,198,83,87,105,3,4,0
1258,913,198,83,87,105,3,4,0
1259,913,199,82,86,105,3,4,0
1260,913,194,82,90,105,3,4,0
1261,913,194,82,90,105,3,4,0
1262,913,194,82,90,105,3,4,0
1263,913,195,82,90,105,3,4,0
1264,913,194,82,91,105,3,4,0
1265,913,194,82,91,105,3,4,0
1266,913,194,82,91,105,3,4,0
1267,913,194,83,91,105,3,4,0
1268,913,194,82,90,105,3,4,0
1269,913,194,82,91,105,3,4,0
1270,913,196,83,89,105,3,4,0
1271,913,196,83,89,105,3,4,0
1272,913,198,83,87,105,3,4,0
1273,913,198,83,87,105,3,4,0
1274,913,200,83,85,105,3,4,0
1275,913,199,83,85,105,3,4,0
1276,913,200,83,85,105,3,4,0
1277,913,199,83,86,105,3,4,0
1278,913,198,83,86,105,3,4,0
1279,913,197,83,87,105,3,4,0
1280,913,203,81,82,105,3,4,0
1281,913,203,81,82,105,3,4,0
1282,913,204,81,81,105,3,4,0
1283,913,202,82,83,105,3,4,0
1284,913,200,82,85,105,3,4,0
1285,913,200,82,85,105,3,4,0
1286,913,199,83,86,105,3,4,0
1287,913,199,83,86,105,3,4,0
1288,913,199,82,86,105,3,4,0
1289,914,198,82,86,105,3,4,0
1290,913,198,82,86,105,3,4,0
1291,913,199,82,85,105,3,4,0
1292,913,199,82,85,105,3,4,0
1293,913,195,83,89,105,3,4,0
1294,913,196,83,88,105,3,4,0
1295,913,195,82,89,105,3,4,0
1296,913,193,82,91,105,3,4,0
1297,913,195,82,89,105,3,4,0
1298,912,194,83,90,105,3,4,0
1299,912,195,83,89,105,3,4,0
1300,913,236,60,47,105,3,4,0
1301,913,236,60,47,105,3,4,1
1057,725,105,55,37,106,3,4,64
1058,729,105,59,39,106,3,4,64
1059,732,105,61,41,106,3,4,62
1060,738,106,62,42,106,3,4,59
1061,745,106,61,43,106,3,4,55
1062,759,107,51,43,106,3,4,50
1063,767,108,44,42,106,3,4,47
1064,767,108,47,43,106,3,4,43
1065,768,109,49,44,106,3,4,41
1066,772,111,56,43,106,3,4,39
1067,774,112,59,43,106,3,4,43
1068,778,113,64,44,106,3,4,47
1069,784,115,65,46,106,3,4,51
1070,790,116,61,46,106,3,4,52
1071,794,117,63,47,106,3,4,53
1072,799,118,63,47,106,3,4,53
1073,804,120,61,46,106,3,4,50
1074,807,122,65,47,106,3,4,49
1075,808,121,68,49,106,3,4,46
1076,823,126,57,47,106,3,4,46
1077,825,126,58,47,106,3,4,43
1078,830,126,59,49,106,3,4,42
1079,831,125,61,51,106,3,4,39
1080,832,128,65,50,106,3,4,37
1081,836,129,66,49,106,3,4,35
1082,839,131,67,50,106,3,4,35
1083,841,130,68,52,106,3,4,36
1084,844,130,69,54,106,3,4,37
1085,847,131,70,56,106,3,4,39
1086,852,131,69,56,106,3,4,39
1087,855,132,69,58,106,3,4,40
1088,859,134,68,58,106,3,4,39
1089,862,134,67,60,106,3,4,37
1090,863,133,67,61,106,3,4,36
1091,865,136,69,60,106,3,4,35
1092,867,138,70,61,106,3,4,34
1093,870,140,70,60,106,3,4,32
1094,873,139,70,62,106,3,4,31
1095,877,142,70,61,106,3,4,31
1096,877,142,74,64,106,3,4,31
1097,880,141,73,65,106,3,4,29
1098,884,146,71,62,106,3,4,28
1099,887,147,70,63,106,3,4,27
1100,887,149,71,62,106,3,4,26
1101,889,151,72,61,106,3,4,25
1102,891,152,73,62,106,3,4,23
1103,892,154,73,61,106,3,4,24
1104,893,154,73,62,106,3,4,26
1105,894,155,74,66,106,3,4,29
1106,897,156,73,68,106,3,4,31
1107,898,157,74,64,106,3,4,33
1108,898,158,75,65,106,3,4,35
1109,900,159,72,66,106,3,4,34
1110,900,160,75,67,106,3,4,29
1111,900,164,76,64,106,3,4,24
1112,903,165,72,63,106,3,4,20
1113,904,167,75,62,106,3,4,19
1114,905,167,73,64,106,3,4,17
1115,907,166,73,64,106,3,4,14
1116,907,166,75,65,106,3,4,10
1117,907,168,75,62,106,3,4,8
1118,908,167,77,63,106,3,4,6
1119,908,169,77,63,106,3,4,8
1120,909,171,77,61,106,3,4,7
1121,909,172,77,61,106,3,4,11
1122,909,173,77,60,106,3,4,12
1123,909,176,79,61,106,3,4,13
1124,910,178,79,59,106,3,4,12
1125,911,176,76,58,106,3,4,11
1126,911,175,80,64,106,3,4,12
1127,911,178,80,61,106,3,4,9
1128,913,180,79,58,106,3,4,7
1129,913,179,79,58,106,3,4,5
1130,912,179,79,59,106,3,4,4
1131,913,178,78,60,106,3,4,3
1132,913,178,79,61,106,3,4,1
1133,913,178,81,61,106,3,4,1
1134,913,181,82,58,106,3,4,1
1135,913,182,83,57,106,3,4,1
1136,913,182,82,56,106,3,4,1
1137,913,182,83,57,106,3,4,2
1138,913,181,83,57,106,3,4,1
1139,913,181,83,57,106,3,4,1
1166,914,186,82,53,106,3,4,0
1174,915,187,82,52,106,3,4,0
1175,915,186,82,53,106,3,4,0
1190,915,188,80,53,106,3,4,1
1193,914,187,81,54,106,3,4,1
1195,906,163,82,93,106,3,4,2
1196,915,188,80,54,106,3,4,2
1197,913,179,81,67,106,3,4,2
1198,915,180,79,64,106,3,4,1
1199,915,180,79,63,106,3,4,3
1207,915,188,81,52,106,3,4,3
1208,913,179,81,64,106,3,4,4
1209,913,179,81,63,106,3,4,2
1210,913,182,81,61,106,3,4,2
1211,912,182,83,62,106,3,4,4
1212,913,181,81,64,106,3,4,5
1213,913,181,81,64,106,3,4,7
1234,906,165,83,91,106,3,4,5
1246,907,165,82,90,106,3,4,3
1250,914,182,80,65,106,3,4,1
1251,914,182,79,65,106,3,4,0
1273,911,179,84,66,106,3,4,1
1274,911,178,83,64,106,3,4,2
1275,911,179,83,66,106,3,4,3
1276,913,179,81,64,106,3,4,2
1277,913,179,81,67,106,3,4,3
1280,914,180,80,61,106,3,4,4
1281,914,179,80,60,106,3,4,5
1282,914,180,80,59,106,3,4,4
1283,914,179,80,62,106,3,4,4
1284,914,179,80,63,106,3,4,6
1285,912,179,82,65,106,3,4,9
1286,912,179,83,66,106,3,4,13
1287,912,179,83,67,106,3,4,11
1288,913,179,82,67,106,3,4,8
1290,915,188,81,52,106,3,4,4
1300,912,180,82,64,106,3,4,10
1301,912,181,82,64,106,3,4,17
1302,913,192,83,92,106,3,4,26
1303,913,193,83,91,106,3,4,29
1304,913,194,83,90,106,3,4,39
1305,913,193,83,91,106,3,4,49
1306,913,194,83,91,106,3,4,47
1307,913,194,82,91,106,3,4,34
1308,913,194,83,91,106,3,4,16
1309,913,196,83,89,106,3,4,10
1310,913,197,84,88,106,3,4,5
1311,913,197,84,88,106,3,4,3
1312,913,199,84,86,106,3,4,1
1313,912,197,84,88,106,3,4,1
1314,913,197,84,87,106,3,4,0
1315,912,197,84,87,106,3,4,0
1316,912,200,83,84,106,3,4,0
1317,913,198,83,86,106,3,4,0
1318,913,197,83,87,106,3,4,0
1319,913,198,83,86,106,3,4,0
1320,913,238,58,47,106,3,4,0
1321,913,238,58,46,106,3,4,0
1325,913,235,66,49,106,3,4,0
1326,913,239,54,45,106,3,4,0
1327,913,197,83,87,106,3,4,0
1328,913,199,82,86,106,3,4,0
1329,913,197,82,87,106,3,4,0
1330,913,199,82,85,106,3,4,0
1331,913,196,83,88,106,3,4,0
1332,913,198,82,87,106,3,4,0
1333,913,198,83,87,106,3,4,0
1334,913,198,83,87,106,3,4,0
1335,913,197,82,88,106,3,4,0
1336,913,197,82,87,106,3,4,0
1337,913,200,82,84,106,3,4,0
1338,913,199,82,84,106,3,4,1
1339,913,197,82,87,106,3,4,1
1340,913,198,80,85,106,3,4,1
1341,913,198,80,86,106,3,4,0
1342,913,198,81,86,106,3,4,0
1343,913,198,81,86,106,3,4,0
1344,913,196,81,88,106,3,4,0
1345,913,195,81,89,106,3,4,0
1346,913,195,81,89,106,3,4,0
1347,913,196,81,88,106,3,4,0
1348,913,195,81,88,106,3,4,0
1349,913,193,82,90,106,3,4,0
1350,912,198,82,86,106,3,4,0
1351,912,198,82,87,106,3,4,0
1352,912,197,82,87,106,3,4,0
1353,913,238,56,46,106,3,4,0
1354,913,239,54,45,106,3,4,1
1355,913,239,53,44,106,3,4,1
1356,913,239,55,45,106,3,4,1
1121,2,781,401,295,107,9,0,-1
1122,4,809,725,266,107,9,0,-1
1123,171,855,908,218,107,9,0,-1
1124,516,898,864,176,107,9,0,-1
1125,947,950,748,126,107,9,0,-1
1316,913,180,82,67,108,3,4,9
1317,915,188,82,52,108,3,4,7
1318,915,188,82,52,108,3,4,9
1319,915,188,82,52,108,3,4,12
1320,912,179,83,65,108,3,4,32
1321,912,180,83,66,108,3,4,50
1322,913,194,82,91,108,3,4,70
1323,913,192,83,93,108,3,4,76
1324,913,194,82,91,108,3,4,66
1325,913,204,81,74,108,3,4,51
1326,912,181,83,66,108,3,4,49
1327,906,165,84,89,108,3,4,66
1328,913,180,82,62,108,3,4,88
1329,913,181,82,60,108,3,4,91
1330,914,182,80,59,108,3,4,76
1332,915,188,80,53,108,3,4,57
1333,915,188,80,52,108,3,4,34
1334,915,188,80,52,108,3,4,24
1335,915,188,80,52,108,3,4,12
1336,916,189,81,51,108,3,4,7
1337,915,188,81,52,108,3,4,3
1338,915,188,81,53,108,3,4,3
1339,915,188,81,52,108,3,4,4
1340,912,181,81,62,108,3,4,7
1341,912,181,81,62,108,3,4,6
1342,912,181,81,64,108,3,4,5
1343,913,180,80,62,108,3,4,3
1344,914,180,79,62,108,3,4,2
1350,913,190,82,50,108,3,4,1
1351,913,190,82,50,108,3,4,2
1353,910,179,84,63,108,3,4,1
1354,910,179,85,63,108,3,4,1
1355,910,180,84,62,108,3,4,0
1356,912,181,83,59,108,3,4,0
1357,915,189,80,50,108,3,4,0
1358,915,189,80,50,108,3,4,1
1359,911,179,85,62,108,3,4,1
1360,915,188,82,52,108,3,4,13
1361,915,188,82,52,108,3,4,24
1365,907,184,87,96,108,3,4,38
1368,912,201,83,83,108,3,4,42
1369,912,204,82,81,108,3,4,45
1370,912,194,83,91,108,3,4,46
1371,912,193,83,91,108,3,4,38
1372,913,193,83,91,108,3,4,27
1373,913,194,83,91,108,3,4,14
1374,913,194,82,91,108,3,4,8
1375,913,194,82,91,108,3,4,5
1376,913,194,83,91,108,3,4,3
1377,913,194,83,90,108,3,4,1
1378,912,195,83,89,108,3,4,1
1379,912,197,83,87,108,3,4,1
1380,913,217,79,69,108,3,4,1
1381,914,196,81,89,108,3,4,2
1382,913,216,78,70,108,3,4,3
1383,913,214,78,73,108,3,4,4
1384,913,214,78,73,108,3,4,3
1385,912,193,83,93,108,3,4,2
1386,913,213,79,74,108,3,4,1
1387,914,200,82,86,108,3,4,1
1388,913,201,83,85,108,3,4,1
1389,914,198,83,88,108,3,4,1
1390,914,199,83,86,108,3,4,1
1391,914,200,83,85,108,3,4,1
1392,914,199,82,87,108,3,4,0
1393,914,201,82,86,108,3,4,1
1394,913,193,82,94,108,3,4,2
1395,913,194,82,94,108,3,4,3
1396,913,193,81,95,108,3,4,3
1397,915,199,80,89,108,3,4,3
1398,915,201,80,87,108,3,4,3
1399,915,203,79,86,108,3,4,3
1400,916,200,79,89,108,3,4,3
1401,916,203,79,86,108,3,4,4
1402,915,200,80,90,108,3,4,4
1403,915,205,79,87,108,3,4,4
1404,916,205,78,86,108,3,4,3
1405,916,219,77,72,108,3,4,3
1406,916,203,83,88,108,3,4,2
1407,915,222,79,69,108,3,4,1
1408,915,221,79,70,108,3,4,0
1409,915,222,79,69,108,3,4,1
1410,915,222,79,68,108,3,4,1
1411,916,201,80,91,108,3,4,1
1412,916,204,79,88,108,3,4,1
1413,916,201,80,91,108,3,4,2
1414,916,198,80,94,108,3,4,2
1415,916,199,82,95,108,3,4,2
1416,916,194,85,98,108,3,4,1
1417,916,194,84,99,108,3,4,1
1418,916,196,83,98,108,3,4,1
1419,916,196,83,99,108,3,4,1
1420,916,197,83,96,108,3,4,1
1421,916,194,84,98,108,3,4,1
1422,916,198,82,95,108,3,4,0
1423,916,198,82,95,108,3,4,0
1424,916,197,82,97,108,3,4,0
1425,916,195,82,98,108,3,4,0
1426,916,195,83,97,108,3,4,0
1427,916,196,82,97,108,3,4,0
1428,916,198,82,96,108,3,4,0
1429,917,198,82,95,108,3,4,0
1430,916,199,81,93,108,3,4,0
1431,916,199,81,94,108,3,4,0
1432,916,199,81,94,108,3,4,0
1433,916,199,81,94,108,3,4,0
1434,916,201,81,93,108,3,4,0
1435,916,203,81,90,108,3,4,0
1436,916,202,81,90,108,3,4,0
1437,916,214,80,79,108,3,4,0
1438,915,215,80,79,108,3,4,0
1439,915,214,80,80,108,3,4,0
1440,916,203,81,92,108,3,4,1
1441,916,203,81,92,108,3,4,2
1442,916,201,81,93,108,3,4,3
1443,916,200,81,95,108,3,4,3
1444,916,200,81,96,108,3,4,4
1445,916,201,81,96,108,3,4,3
1446,916,202,81,95,108,3,4,3
1447,916,200,81,95,108,3,4,1
1448,917,199,81,97,108,3,4,1
1449,917,200,79,95,108,3,4,3
1450,918,201,79,92,108,3,4,6
1451,917,200,79,90,108,3,4,7
1452,918,201,77,86,108,3,4,6
1453,918,229,70,68,108,3,4,4
1454,918,229,67,68,108,3,4,3
1355,912,194,82,89,109,9,4,3
1356,913,195,83,88,109,9,4,3
1357,913,197,81,87,109,9,4,3
1358,913,198,81,86,109,9,4,3
1359,912,197,83,88,109,9,4,3
1360,913,196,83,88,109,9,4,2
1361,913,196,83,89,109,9,4,2
1362,913,198,84,87,109,9,4,1
1363,912,202,83,83,109,9,4,1
1364,912,201,83,83,109,9,4,0
1365,913,227,72,57,109,9,4,1
1366,913,226,73,58,109,9,4,1
1367,913,226,73,57,109,9,4,1
1368,914,188,82,50,110,9,4,17
1369,914,190,81,48,110,9,4,13
1380,911,176,83,78,110,9,4,10
1400,912,178,82,70,110,9,4,6
1401,912,177,82,66,110,9,4,4
1402,912,179,82,66,110,9,4,2
1403,912,178,81,63,110,9,4,2
1410,914,180,80,60,110,9,4,5
1411,916,185,78,54,110,9,4,7
1412,912,182,81,56,110,9,4,7
1413,918,194,77,44,110,9,4,5
1435,918,193,77,47,110,9,4,3
1444,918,192,77,51,110,9,4,2
1445,918,192,77,51,110,9,4,2
1446,918,192,77,51,110,9,4,2
1450,919,193,77,52,110,9,4,2
1452,921,193,74,51,110,9,4,1
1453,914,175,78,67,110,9,4,1
1454,915,180,78,63,110,9,4,0
1455,915,179,78,63,110,9,4,1
1458,914,179,78,66,110,9,4,1
1468,921,193,76,49,110,9,4,0
1488,920,194,79,48,110,9,4,0
1489,920,195,79,49,110,9,4,0
1424,731,118,48,33,111,9,0,76
1425,735,118,50,34,111,9,0,69
1426,739,123,51,31,111,9,0,64
1427,749,122,47,31,111,9,0,55
1428,748,123,52,32,111,9,0,50
1429,757,122,46,33,111,9,0,44
1430,766,114,42,41,111,9,0,41
1431,767,117,42,39,111,9,0,39
1432,770,125,38,34,111,9,0,37
1433,772,127,37,32,111,9,0,37
1435,775,129,36,32,111,9,0,38
1441,798,135,52,38,111,9,0,41
1442,800,134,53,38,111,9,0,42
1443,801,133,55,44,111,9,0,43
1444,804,134,54,43,111,9,0,42
1445,805,135,56,42,111,9,0,40
1446,810,138,52,41,111,9,0,38
1447,806,136,61,42,111,9,0,32
1448,815,139,55,41,111,9,0,27
1449,807,136,68,44,111,9,0,24
1450,817,140,59,43,111,9,0,24
1451,822,141,55,43,111,9,0,26
1452,827,144,52,40,111,9,0,27
1453,827,145,54,42,111,9,0,28
1454,828,147,56,40,111,9,0,28
1455,829,148,58,39,111,9,0,28
1456,829,149,58,40,111,9,0,28
1457,831,151,59,40,111,9,0,28
1458,833,151,58,39,111,9,0,27
1459,834,150,58,43,111,9,0,26
1460,836,150,59,43,111,9,0,25
1461,836,153,61,40,111,9,0,23
1462,838,152,60,43,111,9,0,21
1463,838,152,62,43,111,9,0,19
1464,840,150,62,46,111,9,0,18
1465,841,150,61,46,111,9,0,17
1466,841,151,63,45,111,9,0,18
1467,842,152,61,47,111,9,0,19
1468,843,154,63,46,111,9,0,18
1469,844,154,65,46,111,9,0,18
1470,844,155,65,45,111,9,0,17
1471,847,156,64,44,111,9,0,16
1472,846,157,65,43,111,9,0,13
1473,846,157,65,45,111,9,0,9
1474,849,157,63,44,111,9,0,7
1475,850,158,62,43,111,9,0,7
1476,850,158,62,44,111,9,0,8
1477,850,158,62,45,111,9,0,9
1478,851,157,62,46,111,9,0,9
1479,854,159,61,46,111,9,0,9
1480,855,161,63,44,111,9,0,9
1481,855,161,62,44,111,9,0,9
1482,855,162,61,44,111,9,0,8
1483,855,162,60,44,111,9,0,7
1484,854,161,62,44,111,9,0,5
1485,855,162,63,44,111,9,0,3
1486,856,161,62,44,111,9,0,2
1487,857,161,61,44,111,9,0,2
1488,856,161,62,46,111,9,0,2
1489,857,161,62,46,111,9,0,2
1490,857,161,60,45,111,9,0,3
1491,858,161,60,46,111,9,0,4
1492,858,161,61,46,111,9,0,4
1493,858,161,61,47,111,9,0,4
1494,858,161,62,46,111,9,0,3
1495,858,162,63,46,111,9,0,3
1496,858,162,62,46,111,9,0,2
1497,859,162,61,45,111,9,0,1
1498,859,163,61,44,111,9,0,1
1499,860,163,62,44,111,9,0,1
1500,860,161,61,46,111,9,0,1
1501,860,161,61,46,111,9,0,1
1502,860,162,60,46,111,9,0,2
1503,860,162,61,46,111,9,0,2
1504,860,163,60,45,111,9,0,2
1505,860,162,61,46,111,9,0,1
1506,861,161,60,47,111,9,0,1
1507,861,161,60,47,111,9,0,1
1508,861,161,61,46,111,9,0,1
1509,861,161,61,46,111,9,0,1
1510,861,161,64,47,111,9,0,1
1511,861,162,63,46,111,9,0,1
1512,860,162,64,47,111,9,0,2
1513,860,162,65,47,111,9,0,3
1514,860,162,64,46,111,9,0,3
1515,861,162,64,47,111,9,0,2
1516,861,162,64,46,111,9,0,2
1517,860,162,64,46,111,9,0,1
1518,861,162,64,46,111,9,0,1
1519,861,162,63,46,111,9,0,0
1520,860,162,62,46,111,9,0,0
1521,860,162,62,47,111,9,0,1
1522,860,162,63,47,111,9,0,2
1523,860,162,62,47,111,9,0,2
1524,861,162,62,47,111,9,0,2
1525,861,162,61,47,111,9,0,1
1526,861,162,61,47,111,9,0,1
1527,861,162,61,47,111,9,0,1
1528,861,162,61,47,111,9,0,1
1529,861,162,61,47,111,9,0,1
1530,861,163,62,47,111,9,0,0
1531,860,162,62,47,111,9,0,0
1532,860,162,62,47,111,9,0,0
1533,860,162,62,47,111,9,0,0
1534,861,163,62,46,111,9,0,0
1535,861,163,62,46,111,9,0,0
1536,861,163,61,46,111,9,0,0
1537,861,162,62,47,111,9,0,0
1538,861,162,62,47,111,9,0,0
1539,861,163,61,47,111,9,0,2
1540,862,163,65,47,111,9,0,3
1541,861,163,66,47,111,9,0,4
1542,861,163,65,47,111,9,0,3
1543,862,163,63,47,111,9,0,2
1544,862,163,64,47,111,9,0,2
1545,862,163,64,46,111,9,0,1
1546,862,163,64,46,111,9,0,1
1547,861,163,63,47,111,9,0,1
1548,861,161,63,48,111,9,0,1
1549,861,162,63,47,111,9,0,0
1550,861,162,65,47,111,9,0,0
1551,861,162,64,47,111,9,0,0
1552,861,162,64,48,111,9,0,0
1553,861,162,64,47,111,9,0,0
1554,862,162,64,47,111,9,0,0
1555,862,162,64,47,111,9,0,0
1556,861,162,63,47,111,9,0,0
1557,862,162,62,48,111,9,0,0
1558,861,161,63,48,111,9,0,0
1559,861,162,63,48,111,9,0,0
1560,861,162,62,48,111,9,0,0
1561,861,162,62,48,111,9,0,0
1562,861,162,63,48,111,9,0,0
1563,861,162,62,47,111,9,0,1
1564,861,162,62,47,111,9,0,1
1565,862,162,63,47,111,9,0,1
1566,861,162,61,48,111,9,0,0
1567,861,161,61,48,111,9,0,0
1568,861,162,62,48,111,9,0,0
1569,861,162,62,48,111,9,0,0
1570,861,162,64,47,111,9,0,0
1571,861,162,64,47,111,9,0,0
1572,860,160,63,49,111,9,0,0
1573,860,161,63,48,111,9,0,0
1574,860,161,62,49,111,9,0,0
1575,860,161,62,48,111,9,0,0
1576,860,160,62,49,111,9,0,0
1577,861,160,61,49,111,9,0,0
1578,860,160,61,49,111,9,0,0
1579,860,160,61,49,111,9,0,1
1580,861,161,59,48,111,9,0,0
1581,861,161,60,48,111,9,0,0
1582,861,161,60,48,111,9,0,0
1583,861,161,60,48,111,9,0,0
1584,861,161,59,49,111,9,0,1
1585,861,161,60,49,111,9,0,1
1586,861,161,60,49,111,9,0,1
1587,861,161,60,49,111,9,0,1
1588,861,162,60,48,111,9,0,1
1589,861,162,60,48,111,9,0,1
1590,860,163,60,46,111,9,0,1
1591,861,162,60,47,111,9,0,1
1592,862,162,59,47,111,9,0,1
1593,862,162,60,47,111,9,0,1
1594,861,163,59,47,111,9,0,0
1595,862,163,59,46,111,9,0,0
1596,861,163,59,46,111,9,0,1
1597,862,163,60,47,111,9,0,3
1598,861,163,61,47,111,9,0,3
1599,861,165,61,46,111,9,0,2
1600,862,161,60,49,111,9,0,1
1601,862,162,60,48,111,9,0,1
1602,862,161,60,49,111,9,0,1
1603,863,161,59,50,111,9,0,1
1604,862,164,59,47,111,9,0,1
1605,862,163,59,48,111,9,0,2
1606,861,164,59,47,111,9,0,2
1607,862,165,58,46,111,9,0,2
1608,861,163,58,47,111,9,0,1
1609,862,164,59,47,111,9,0,1
1610,862,164,59,46,111,9,0,1
1611,862,164,59,46,111,9,0,1
1612,862,164,59,46,111,9,0,0
1613,863,163,58,47,111,9,0,0
1614,863,165,56,45,111,9,0,0
1615,863,165,55,45,111,9,0,0
1616,862,165,56,46,111,9,0,0
1617,862,165,57,45,111,9,0,0
1618,862,166,57,44,111,9,0,1
1619,863,166,57,44,111,9,0,1
1620,863,164,58,45,111,9,0,2
1621,863,164,57,45,111,9,0,1
1622,864,167,56,43,111,9,0,1
1623,864,166,56,43,111,9,0,0
1624,863,168,56,42,111,9,0,0
1625,863,168,56,42,111,9,0,0
1626,863,166,56,43,111,9,0,0
1627,862,164,57,46,111,9,0,0
1628,863,165,56,45,111,9,0,0
1629,863,164,56,46,111,9,0,0
1630,862,165,58,45,111,9,0,0
1631,862,164,59,46,111,9,0,0
1632,862,164,57,45,111,9,0,0
1633,862,164,57,45,111,9,0,0
1634,862,164,57,46,111,9,0,0
1635,862,163,57,47,111,9,0,0
1636,862,163,58,48,111,9,0,0
1637,861,163,59,47,111,9,0,0
1638,861,164,59,46,111,9,0,0
1639,862,164,59,46,111,9,0,0
1640,861,163,59,47,111,9,0,1
1641,862,163,58,47,111,9,0,1
1642,862,163,58,47,111,9,0,1
1643,862,163,58,47,111,9,0,0
1644,862,164,58,46,111,9,0,0
1645,862,164,59,47,111,9,0,0
1646,862,164,58,46,111,9,0,0
1647,862,164,58,46,111,9,0,0
1648,862,163,58,47,111,9,0,0
1649,862,163,58,47,111,9,0,0
1650,862,163,58,47,111,9,0,0
1651,862,163,58,47,111,9,0,0
1652,862,163,58,47,111,9,0,1
1653,862,163,59,47,111,9,0,1
1654,862,163,60,48,111,9,0,1
1655,862,163,59,47,111,9,0,1
1656,862,164,59,47,111,9,0,2
1657,862,164,59,47,111,9,0,3
1658,862,164,59,47,111,9,0,3
1659,862,164,59,47,111,9,0,2
1660,862,164,60,46,111,9,0,1
1661,862,164,60,46,111,9,0,0
1662,862,166,60,46,111,9,0,0
1663,862,165,61,46,111,9,0,0
1664,863,165,61,46,111,9,0,1
1665,863,164,60,47,111,9,0,1
1666,863,164,61,48,111,9,0,1
1667,862,164,62,47,111,9,0,0
1668,862,163,63,48,111,9,0,0
1669,862,164,62,47,111,9,0,1
1670,862,164,63,47,111,9,0,1
1671,863,164,62,46,111,9,0,1
1672,863,164,63,47,111,9,0,0
1673,863,164,64,47,111,9,0,0
1674,863,163,63,48,111,9,0,1
1675,863,163,64,49,111,9,0,3
1676,863,163,64,49,111,9,0,5
1677,862,163,64,49,111,9,0,5
1678,862,163,65,49,111,9,0,6
1679,862,163,65,50,111,9,0,6
1680,862,163,65,51,111,9,0,6
1681,862,164,66,50,111,9,0,4
1682,863,164,66,49,111,9,0,3
1683,863,164,67,49,111,9,0,2
1684,864,163,67,50,111,9,0,1
1685,863,164,68,49,111,9,0,1
1686,863,164,68,49,111,9,0,1
1687,863,165,70,49,111,9,0,3
1688,865,166,68,49,111,9,0,5
1689,867,165,67,50,111,9,0,6
1690,865,165,70,51,111,9,0,7
1691,869,167,67,49,111,9,0,7
1692,870,166,68,50,111,9,0,8
1693,869,168,69,50,111,9,0,7
1694,870,168,67,49,111,9,0,8
1695,870,166,69,51,111,9,0,10
1696,870,167,71,53,111,9,0,11
1697,875,171,68,49,111,9,0,13
1698,877,172,67,47,111,9,0,15
1699,876,171,69,52,111,9,0,20
1700,879,173,69,50,111,9,0,20
1701,880,174,71,50,111,9,0,20
1702,881,173,73,52,111,9,0,19
1703,882,174,72,52,111,9,0,17
1704,883,175,74,51,111,9,0,15
1705,885,176,72,50,111,9,0,13
1706,886,177,72,52,111,9,0,14
1707,890,178,71,52,111,9,0,14
1708,889,178,74,53,111,9,0,15
1709,892,180,72,51,111,9,0,16
1710,893,179,76,56,111,9,0,18
1711,894,179,77,56,111,9,0,18
1712,898,181,75,56,111,9,0,18
1713,898,184,75,55,111,9,0,19
1714,903,186,74,54,111,9,0,19
1715,904,186,76,55,111,9,0,20
1716,906,188,77,56,111,9,0,20
1717,907,189,78,57,111,9,0,20
1718,910,190,78,57,111,9,0,20
1719,911,192,79,57,111,9,0,20
1720,912,194,81,56,111,9,0,20
1721,914,195,81,57,111,9,0,20
1722,917,198,80,56,111,9,0,20
1723,919,200,81,57,111,9,0,20
1724,920,200,83,58,111,9,0,20
1725,925,201,83,58,111,9,0,20
1726,927,202,83,60,111,9,0,20
1727,931,204,82,60,111,9,0,20
1728,933,203,82,61,111,9,0,20
1729,936,207,85,62,111,9,0,21
1730,937,209,85,62,111,9,0,22
1731,940,212,84,61,111,9,0,23
1732,943,213,83,63,111,9,0,24
1733,945,217,81,62,111,9,0,24
1734,946,218,83,63,111,9,0,24
1735,949,221,84,62,111,9,0,24
1736,952,223,81,64,111,9,0,25
1737,950,225,85,66,111,9,0,26
1738,952,226,86,68,111,9,0,26
1739,953,230,85,68,111,9,0,27
1740,951,230,85,71,111,9,0,28
1741,951,234,85,71,111,9,0,28
1742,948,238,88,70,111,9,0,28
1743,945,238,89,74,111,9,0,28
1744,942,242,90,74,111,9,0,28
1745,937,245,95,75,111,9,0,28
1746,933,247,97,78,111,9,0,29
1747,928,249,99,80,111,9,0,29
1748,920,252,102,80,111,9,0,29
1749,912,256,101,80,111,9,0,29
1750,905,259,111,83,111,9,0,29
1751,894,262,115,84,111,9,0,29
1752,879,270,121,81,111,9,0,30
1753,867,272,127,84,111,9,0,31
1754,854,276,132,84,111,9,0,32
1755,836,280,139,90,111,9,0,32
1756,817,281,148,92,111,9,0,32
1757,796,288,155,90,111,9,0,32
1758,773,292,163,91,111,9,0,33
1759,749,296,170,94,111,9,0,33
1760,719,301,183,96,111,9,0,33
1761,692,306,189,96,111,9,0,33
1762,659,308,197,100,111,9,0,33
1763,623,315,208,99,111,9,0,34
1764,584,318,218,102,111,9,0,34
1765,545,322,228,104,111,9,0,34
1766,500,329,240,102,111,9,0,34
1767,451,333,253,103,111,9,0,34
1768,405,337,257,105,111,9,0,34
1769,349,341,270,105,111,9,0,34
1770,293,344,281,107,111,9,0,34
1771,239,349,286,105,111,9,0,34
1772,183,354,289,102,111,9,0,34
1773,126,354,293,106,111,9,0,34
1774,68,357,296,105,111,9,0,33
1775,12,358,298,106,111,9,0,33
1776,0,361,249,105,111,9,0,32
1777,1,362,189,100,111,9,0,31
1778,0,362,133,100,111,9,0,31
1779,0,366,76,98,111,9,0,30
1534,592,1026,331,51,112,6,0,-1
1535,555,988,388,89,112,6,0,-1
1536,551,948,373,130,112,6,0,-1
1537,546,912,370,166,112,6,0,-1
1538,538,876,371,203,112,6,0,-1
1539,531,845,369,231,112,6,0,-1
1540,513,814,366,263,112,6,0,-1
1541,498,783,365,293,112,6,0,-1
1573,1858,468,61,95,113,6,1,25
1574,1829,457,90,95,113,6,1,25
1575,1800,437,120,112,113,6,1,25
1576,1772,428,147,117,113,6,1,25
1577,1742,418,177,144,113,6,1,25
1578,1715,410,204,143,113,6,1,25
1579,1689,403,231,139,113,6,1,25
1580,1659,398,259,135,113,6,1,25
1581,1637,388,256,136,113,6,1,25
1582,1614,383,245,132,113,6,1,25
1583,1593,377,237,128,113,6,1,24
1584,1573,369,226,128,113,6,1,24
1585,1552,362,220,129,113,6,1,24
1586,1533,357,211,122,113,6,1,25
1587,1516,350,202,121,113,6,1,25
1588,1496,341,198,124,113,6,1,26
1589,1477,337,193,119,113,6,1,26
1590,1464,332,183,116,113,6,1,27
1591,1450,327,176,113,113,6,1,28
1592,1432,319,172,110,113,6,1,28
1593,1417,312,166,111,113,6,1,29
1594,1402,307,160,110,113,6,1,30
1595,1385,302,158,105,113,6,1,31
1596,1374,295,152,105,113,6,1,32
1597,1359,292,148,101,113,6,1,33
1598,1346,286,142,97,113,6,1,34
1599,1333,282,138,95,113,6,1,35
1600,1320,276,137,94,113,6,1,36
1601,1309,271,132,92,113,6,1,37
1602,1297,266,129,90,113,6,1,37
1603,1286,259,126,90,113,6,1,38
1604,1277,257,121,85,113,6,1,38
1605,1265,252,119,85,113,6,1,39
1606,1258,248,114,81,113,6,1,39
1607,1248,242,112,83,113,6,1,40
1608,1237,238,111,80,113,6,1,40
1609,1232,233,104,79,113,6,1,40
1610,1221,231,106,77,113,6,1,40
1611,1216,226,100,75,113,6,1,41
1612,1210,220,96,77,113,6,1,41
1613,1199,218,97,73,113,6,1,42
1614,1194,214,95,71,113,6,1,43
1615,1186,210,92,71,113,6,1,44
1616,1179,208,93,68,113,6,1,44
1617,1173,203,90,68,113,6,1,44
1618,1167,201,87,68,113,6,1,44
1619,1160,197,86,65,113,6,1,44
1620,1155,194,84,65,113,6,1,44
1621,1150,193,82,62,113,6,1,44
1622,1147,190,79,60,113,6,1,46
1623,1136,186,83,61,113,6,1,46
1624,1132,182,78,60,113,6,1,47
1625,1127,179,77,58,113,6,1,46
1626,1121,176,77,60,113,6,1,46
1627,1115,174,77,58,113,6,1,47
1628,1108,171,76,56,113,6,1,47
1629,1102,169,75,54,113,6,1,47
1630,1097,165,75,56,113,6,1,47
1631,1089,162,74,56,113,6,1,48
1632,1082,162,75,52,113,6,1,49
1633,1076,160,72,51,113,6,1,48
1634,1073,157,69,52,113,6,1,48
1635,1064,154,72,52,113,6,1,48
1636,1056,152,72,50,113,6,1,49
1637,1053,151,69,49,113,6,1,49
1638,1048,149,66,48,113,6,1,49
1639,1041,146,67,48,113,6,1,50
1640,1035,143,65,49,113,6,1,49
1641,1027,141,66,49,113,6,1,49
1642,1022,141,67,47,113,6,1,49
1643,1016,139,63,46,113,6,1,50
1644,1008,140,64,42,113,6,1,50
1645,1003,137,64,43,113,6,1,50
1646,997,136,61,42,113,6,1,51
1647,989,133,63,43,113,6,1,51
1648,982,130,64,44,113,6,1,50
1649,977,129,61,43,113,6,1,49
1650,972,129,59,41,113,6,1,49
1651,963,130,61,38,113,6,1,49
1652,958,125,60,40,113,6,1,51
1653,951,124,59,40,113,6,1,52
1654,944,120,60,41,113,6,1,53
1655,939,118,56,41,113,6,1,55
1656,933,117,57,41,113,6,1,53
1657,924,118,58,38,113,6,1,53
1658,918,114,56,41,113,6,1,52
1659,913,115,55,38,113,6,1,52
1660,907,116,54,35,113,6,1,53
1661,900,112,55,37,113,6,1,52
1662,893,111,54,37,113,6,1,53
1663,886,110,55,37,113,6,1,53
1664,880,109,54,36,113,6,1,53
1665,875,110,53,34,113,6,1,53
1666,868,107,53,35,113,6,1,53
1667,863,107,54,32,113,6,1,58
1668,859,106,51,33,113,6,1,61
1669,853,105,46,30,113,6,1,65
1670,846,104,48,30,113,6,1,63
1671,839,102,50,32,113,6,1,62
1672,833,103,50,31,113,6,1,60
1673,829,99,48,32,113,6,1,55
1674,822,97,49,34,113,6,1,51
1675,814,96,48,35,113,6,1,47
1676,807,94,51,36,113,6,1,49
1677,800,96,51,32,113,6,1,50
1678,793,93,51,35,113,6,1,50
1679,788,93,50,33,113,6,1,54
1680,780,94,51,31,113,6,1,59
1681,775,93,48,29,113,6,1,62
1682,770,92,46,29,113,6,1,61
1683,766,91,46,30,113,6,1,56
1684,767,91,37,30,113,6,1,52
1685,762,91,37,30,113,6,1,44
1686,759,93,33,28,113,6,1,37
1687,734,91,52,29,113,6,1,32
1688,730,88,47,32,113,6,1,30
1601,913,167,66,35,114,6,4,7
1602,914,167,65,35,114,6,4,7
1603,914,167,64,35,114,6,4,10
1604,913,167,64,36,114,6,4,12
1605,911,168,66,37,114,6,4,14
1607,912,168,65,36,114,6,4,11
1608,913,168,64,36,114,6,4,8
1609,915,167,62,35,114,6,4,4
1610,917,168,62,34,114,6,4,3
1612,917,168,66,36,114,6,4,2
1619,915,168,60,36,114,6,4,2
1620,918,167,59,35,114,6,4,1
1621,914,166,64,36,114,6,4,1
1622,913,165,63,37,114,6,4,1
1623,912,167,64,36,114,6,4,7
1630,915,167,65,36,114,6,4,14
1631,913,169,71,49,114,6,4,23
1632,911,169,73,53,114,6,4,27
1633,911,169,76,56,114,6,4,24
1634,914,167,68,36,114,6,4,17
1635,913,167,69,36,114,6,4,21
1636,915,167,69,36,114,6,4,32
1638,914,167,69,36,114,6,4,43
1639,915,167,68,36,114,6,4,44
1745,726,116,42,31,115,3,0,135
1746,727,116,41,32,115,3,0,120
1747,730,116,51,36,115,3,0,108
1748,734,116,50,36,115,3,0,88
1749,738,118,48,37,115,3,0,77
1750,741,117,51,37,115,3,0,64
1751,741,116,52,38,115,3,0,51
1752,754,119,42,35,115,3,0,43
1753,756,119,45,35,115,3,0,35
1754,760,120,44,37,115,3,0,33
1755,766,121,41,36,115,3,0,30
1756,767,123,40,36,115,3,0,32
1757,770,124,39,35,115,3,0,35
1758,771,126,39,35,115,3,0,37
1759,772,127,40,36,115,3,0,41
1760,774,128,41,35,115,3,0,41
1761,775,130,40,37,115,3,0,50
1762,779,131,34,36,115,3,0,53
1763,780,132,33,41,115,3,0,57
1765,789,130,56,45,115,3,0,56
1766,793,134,54,42,115,3,0,54
1767,798,135,51,43,115,3,0,51
1768,803,136,48,42,115,3,0,43
1769,804,136,51,43,115,3,0,36
1770,808,136,51,43,115,3,0,30
1771,805,136,56,44,115,3,0,28
1772,813,141,51,41,115,3,0,28
1773,819,145,49,40,115,3,0,30
1774,822,145,51,42,115,3,0,34
1775,822,147,54,41,115,3,0,37
1776,823,148,56,43,115,3,0,40
1777,826,150,55,43,115,3,0,40
1778,828,154,55,40,115,3,0,38
1779,830,154,56,42,115,3,0,37
1780,831,154,59,43,115,3,0,35
1781,835,156,58,43,115,3,0,34
1782,836,157,60,44,115,3,0,33
1783,838,159,63,44,115,3,0,33
1784,839,159,62,46,115,3,0,35
1785,843,160,63,48,115,3,0,37
1786,847,162,62,49,115,3,0,39
1787,848,164,64,50,115,3,0,39
1788,850,166,64,49,115,3,0,40
1789,853,168,64,50,115,3,0,40
1790,857,171,63,49,115,3,0,39
1791,859,170,64,53,115,3,0,38
1792,860,173,66,52,115,3,0,36
1793,862,174,66,54,115,3,0,35
1794,863,177,66,53,115,3,0,35
1795,867,178,66,54,115,3,0,35
1796,868,181,69,55,115,3,0,36
1797,869,182,71,56,115,3,0,36
1798,873,185,71,57,115,3,0,37
1799,874,188,72,57,115,3,0,39
1800,877,192,72,57,115,3,0,41
1801,880,194,72,59,115,3,0,41
1802,883,195,72,61,115,3,0,40
1803,884,199,75,59,115,3,0,39
1804,886,202,74,60,115,3,0,39
1805,887,204,75,61,115,3,0,37
1806,889,209,75,61,115,3,0,37
1807,890,210,78,62,115,3,0,36
1808,892,213,76,64,115,3,0,37
1809,893,217,79,63,115,3,0,37
1810,894,219,78,65,115,3,0,37
1811,895,222,79,68,115,3,0,37
1812,896,224,79,68,115,3,0,36
1813,897,227,79,69,115,3,0,36
1814,897,230,79,69,115,3,0,34
1815,896,234,79,71,115,3,0,33
1816,896,236,82,71,115,3,0,32
1817,894,240,85,73,115,3,0,32
1818,895,242,84,75,115,3,0,32
1819,892,246,85,74,115,3,0,32
1820,887,249,89,77,115,3,0,32
1821,881,251,95,79,115,3,0,31
1822,874,255,98,78,115,3,0,31
1823,864,259,107,80,115,3,0,31
1824,858,264,110,80,115,3,0,31
1825,845,268,117,83,115,3,0,31
1826,831,270,126,85,115,3,0,32
1827,816,273,133,86,115,3,0,32
1828,801,279,137,87,115,3,0,32
1829,784,279,146,90,115,3,0,31
1830,765,284,155,90,115,3,0,30
1831,744,287,165,92,115,3,0,30
1832,719,292,174,92,115,3,0,30
1833,697,296,180,93,115,3,0,30
1834,669,298,192,97,115,3,0,29
1835,638,303,201,96,115,3,0,30
1836,607,308,210,97,115,3,0,30
1837,576,311,220,100,115,3,0,30
1838,544,316,228,100,115,3,0,30
1839,507,319,239,101,115,3,0,30
1840,464,325,251,100,115,3,0,30
1841,427,328,255,102,115,3,0,30
1842,383,332,265,100,115,3,0,29
1843,340,335,272,102,115,3,0,29
1844,294,336,280,105,115,3,0,29
1845,248,343,282,100,115,3,0,29
1846,198,345,297,102,115,3,0,29
1847,150,345,298,105,115,3,0,29
1848,101,348,301,103,115,3,0,29
1849,52,350,300,103,115,3,0,29
1850,3,352,299,103,115,3,0,29
1851,0,354,253,103,115,3,0,29
1852,2,355,199,99,115,3,0,29
1853,0,357,150,98,115,3,0,29
1854,0,366,93,91,115,3,0,29
1877,726,103,48,40,116,3,1,124
1878,730,105,54,38,116,3,1,109
1879,735,104,56,43,116,3,1,98
1880,741,105,53,42,116,3,1,80
1881,758,108,44,41,116,3,1,72
1882,758,107,46,43,116,3,1,63
1883,766,108,42,43,116,3,1,57
1884,768,110,42,42,116,3,1,52
1885,770,112,42,42,116,3,1,50
1886,771,113,48,43,116,3,1,51
1887,775,114,56,45,116,3,1,52
1888,779,114,57,46,116,3,1,56
1889,785,118,56,44,116,3,1,58
1890,787,119,60,47,116,3,1,59
1891,792,120,58,47,116,3,1,56
1892,796,121,57,46,116,3,1,54
1893,804,123,55,46,116,3,1,52
1894,811,124,55,47,116,3,1,48
1895,813,124,58,49,116,3,1,44
1896,819,125,55,49,116,3,1,41
1897,818,126,60,49,116,3,1,42
1898,826,129,57,48,116,3,1,44
1899,828,129,59,52,116,3,1,44
1900,830,131,61,51,116,3,1,45
1901,834,133,61,52,116,3,1,46
1902,838,133,62,55,116,3,1,48
1903,841,134,63,53,116,3,1,47
1904,845,136,63,55,116,3,1,47
1905,847,136,67,56,116,3,1,46
1906,850,139,68,55,116,3,1,46
1907,854,142,67,55,116,3,1,46
1908,858,145,66,55,116,3,1,45
1909,860,145,66,57,116,3,1,45
1910,863,147,67,57,116,3,1,44
1911,865,147,69,60,116,3,1,43
1912,869,150,68,59,116,3,1,41
1913,870,151,72,61,116,3,1,39
1914,873,152,72,61,116,3,1,38
1915,877,154,70,61,116,3,1,38
1916,879,153,70,65,116,3,1,38
1917,882,158,70,63,116,3,1,38
1918,884,159,72,64,116,3,1,38
1919,887,160,73,66,116,3,1,39
1920,888,165,74,64,116,3,1,40
1921,892,166,73,66,116,3,1,40
1922,892,167,77,68,116,3,1,40
1923,894,170,79,68,116,3,1,40
1924,896,172,78,69,116,3,1,39
1925,896,173,79,71,116,3,1,39
1926,898,175,80,71,116,3,1,38
1927,900,177,80,73,116,3,1,37
1928,904,181,78,72,116,3,1,36
1929,903,181,82,74,116,3,1,34
1930,904,181,82,77,116,3,1,33
1931,907,184,79,75,116,3,1,31
1932,909,186,81,77,116,3,1,31
1933,910,188,83,77,116,3,1,30
1934,910,189,82,83,116,3,1,31
1935,911,192,84,81,116,3,1,31
1936,911,192,85,83,116,3,1,31
1937,911,197,87,83,116,3,1,31
1938,912,200,86,81,116,3,1,28
1939,914,203,86,79,116,3,1,26
1940,915,202,85,83,116,3,1,24
1941,916,208,85,81,116,3,1,24
1942,916,206,87,85,116,3,1,23
1943,918,210,86,85,116,3,1,24
1944,917,212,88,86,116,3,1,25
1945,917,213,91,88,116,3,1,25
1946,916,215,90,89,116,3,1,24
1947,916,215,94,90,116,3,1,23
1948,916,216,94,91,116,3,1,22
1949,917,219,95,92,116,3,1,21
1950,918,220,96,95,116,3,1,20
1951,919,222,97,93,116,3,1,19
1952,920,222,94,96,116,3,1,19
1953,919,223,96,97,116,3,1,18
1954,919,225,95,98,116,3,1,18
1955,919,227,95,99,116,3,1,17
1956,917,230,96,98,116,3,1,16
1957,918,234,97,95,116,3,1,15
1958,917,238,99,92,116,3,1,14
1959,917,238,101,94,116,3,1,13
1960,917,238,101,96,116,3,1,12
1961,917,239,103,97,116,3,1,12
1962,917,242,103,97,116,3,1,13
1963,917,241,104,102,116,3,1,14
1964,915,244,104,99,116,3,1,14
1965,913,243,106,103,116,3,1,15
1966,914,244,102,105,116,3,1,15
1967,915,246,102,105,116,3,1,14
1968,915,245,102,108,116,3,1,14
1969,914,248,103,107,116,3,1,12
1970,914,250,102,106,116,3,1,11
1971,912,253,105,104,116,3,1,10
1972,912,252,105,107,116,3,1,9
1973,911,254,106,105,116,3,1,9
1974,910,255,107,107,116,3,1,9
1975,910,255,106,110,116,3,1,10
1976,909,261,107,105,116,3,1,10
1977,908,258,108,110,116,3,1,10
1978,908,259,109,109,116,3,1,9
1979,908,262,109,107,116,3,1,8
1980,907,265,110,106,116,3,1,7
1981,905,263,111,110,116,3,1,7
1982,906,261,111,113,116,3,1,6
1983,906,263,111,112,116,3,1,6
1984,906,265,111,111,116,3,1,6
1985,905,264,111,112,116,3,1,5
1986,904,263,113,114,116,3,1,5
1987,905,264,112,113,116,3,1,4
1988,904,264,113,114,116,3,1,4
1989,904,265,113,114,116,3,1,3
1990,903,266,113,113,116,3,1,2
1991,902,266,114,113,116,3,1,2
1992,903,263,114,116,116,3,1,1
1993,901,263,115,117,116,3,1,1
1994,901,262,115,117,116,3,1,0
1995,902,263,114,117,116,3,1,0
1996,902,263,115,117,116,3,1,0
1997,902,266,114,114,116,3,1,0
1998,902,265,114,115,116,3,1,0
1999,902,265,114,115,116,3,1,0
2000,903,264,113,116,116,3,1,0
2001,903,262,113,118,116,3,1,0
2002,903,263,113,117,116,3,1,0
2003,902,263,114,117,116,3,1,0
2004,902,264,113,116,116,3,1,0
2005,902,266,113,114,116,3,1,0
2006,903,263,113,117,116,3,1,0
2007,903,263,113,117,116,3,1,0
2008,903,263,113,117,116,3,1,0
2009,903,264,114,116,116,3,1,0
2010,903,263,113,117,116,3,1,0
2011,903,264,113,117,116,3,1,0
2012,904,266,113,114,116,3,1,0
2013,904,265,112,115,116,3,1,0
2014,903,265,113,115,116,3,1,0
2015,904,266,113,114,116,3,1,0
2016,904,267,113,114,116,3,1,0
2017,905,267,112,114,116,3,1,0
2018,904,267,113,113,116,3,1,0
2019,903,267,113,114,116,3,1,0
2020,903,265,113,115,116,3,1,0
2021,903,264,112,116,116,3,1,0
2022,904,265,112,115,116,3,1,0
2023,904,266,113,114,116,3,1,0
2024,903,267,114,113,116,3,1,0
2025,904,267,114,114,116,3,1,0
2026,904,265,114,115,116,3,1,0
2027,904,267,113,114,116,3,1,0
2028,904,269,113,112,116,3,1,0
2029,905,267,112,114,116,3,1,0
2030,903,265,113,116,116,3,1,0
2031,903,265,114,116,116,3,1,0
2032,902,265,114,116,116,3,1,0
2033,902,267,115,114,116,3,1,0
2034,903,267,114,114,116,3,1,0
2035,903,268,114,113,116,3,1,0
2036,903,270,114,112,116,3,1,0
2037,904,270,114,111,116,3,1,0
2038,903,268,114,113,116,3,1,0
2039,903,267,114,114,116,3,1,0
2040,904,267,113,114,116,3,1,0
2041,904,267,113,114,116,3,1,0
2042,904,267,113,114,116,3,1,0
2043,904,268,113,113,116,3,1,0
2044,904,267,113,113,116,3,1,0
2045,904,268,113,113,116,3,1,0
2046,904,267,113,113,116,3,1,0
2047,904,267,113,113,116,3,1,0
2048,904,267,112,114,116,3,1,0
2049,904,267,113,114,116,3,1,0
2050,903,265,113,114,116,3,1,0
2051,903,266,113,114,116,3,1,0
2052,903,267,114,114,116,3,1,0
2053,903,267,114,114,116,3,1,0
2054,903,267,114,113,116,3,1,0
2055,903,267,114,114,116,3,1,0
2056,903,266,114,114,116,3,1,0
2057,902,266,115,114,116,3,1,0
2058,902,266,114,114,116,3,1,0
2059,902,266,115,114,116,3,1,0
2060,903,267,114,113,116,3,1,0
2061,904,268,114,112,116,3,1,0
2062,904,268,113,112,116,3,1,0
2063,904,269,114,112,116,3,1,0
2064,904,268,114,113,116,3,1,0
2065,904,268,113,113,116,3,1,0
2066,904,268,114,113,116,3,1,0
2067,903,267,113,113,116,3,1,0
2068,903,267,113,113,116,3,1,0
2069,904,267,113,113,116,3,1,0
2070,904,269,113,111,116,3,1,0
2071,904,269,113,111,116,3,1,0
2072,904,268,113,112,116,3,1,0
2073,904,268,113,112,116,3,1,0
2074,905,268,113,112,116,3,1,0
2075,905,268,113,112,116,3,1,0
2076,905,267,112,113,116,3,1,0
2077,905,267,112,113,116,3,1,0
2078,905,268,113,112,116,3,1,0
2079,905,269,112,112,116,3,1,0
2080,905,268,112,112,116,3,1,0
2081,905,268,112,112,116,3,1,0
2082,905,268,112,112,116,3,1,0
2083,905,269,112,112,116,3,1,0
2084,905,268,112,112,116,3,1,0
2085,905,269,112,111,116,3,1,0
2086,905,269,112,112,116,3,1,0
2087,904,268,113,112,116,3,1,0
2088,905,268,113,113,116,3,1,0
2089,905,269,112,112,116,3,1,0
2090,905,268,113,112,116,3,1,0
2091,905,268,112,112,116,3,1,0
2092,904,268,113,113,116,3,1,0
2093,904,266,113,113,116,3,1,0
2094,904,267,113,113,116,3,1,0
2095,904,267,113,113,116,3,1,0
2096,905,267,113,113,116,3,1,0
2097,905,267,112,112,116,3,1,0
2098,905,268,113,112,116,3,1,0
2099,905,269,113,112,116,3,1,0
2100,905,270,113,111,116,3,1,0
2101,904,268,113,112,116,3,1,0
2102,904,267,113,112,116,3,1,0
2103,904,267,113,112,116,3,1,0
2104,904,267,113,112,116,3,1,0
2105,904,268,113,112,116,3,1,0
2106,904,268,113,112,116,3,1,0
2107,904,268,113,112,116,3,1,0
2108,905,269,113,111,116,3,1,0
2109,904,270,113,111,116,3,1,0
1901,726,99,61,40,117,9,1,20
1902,730,100,57,42,117,9,1,19
1903,735,100,59,42,117,9,1,27
1904,736,99,61,44,117,9,1,34
1905,744,100,59,47,117,9,1,44
1906,753,102,52,44,117,9,1,45
1907,763,101,47,47,117,9,1,48
1908,765,102,46,48,117,9,1,51
1909,766,103,53,46,117,9,1,51
1910,766,105,56,47,117,9,1,51
1911,771,105,56,47,117,9,1,47
1912,775,106,55,47,117,9,1,48
1913,779,108,58,46,117,9,1,48
1914,783,107,59,50,117,9,1,51
1915,789,110,57,49,117,9,1,53
1916,789,110,62,52,117,9,1,55
1917,791,110,63,52,117,9,1,55
1918,795,112,61,52,117,9,1,54
1919,799,112,63,52,117,9,1,52
1920,806,115,59,51,117,9,1,48
1921,806,115,62,51,117,9,1,45
1922,805,113,68,56,117,9,1,44
1923,818,120,59,50,117,9,1,44
1924,821,121,59,52,117,9,1,43
1925,823,120,60,54,117,9,1,42
1926,828,123,59,52,117,9,1,40
1927,830,122,60,54,117,9,1,39
1928,830,124,63,54,117,9,1,36
1929,833,123,63,55,117,9,1,33
1930,836,126,64,54,117,9,1,32
1931,838,127,64,54,117,9,1,32
1932,843,126,62,58,117,9,1,32
1933,844,128,64,56,117,9,1,32
1934,846,128,66,58,117,9,1,33
1935,848,129,65,59,117,9,1,34
1936,849,129,68,61,117,9,1,33
1937,851,131,69,60,117,9,1,33
1938,856,133,68,60,117,9,1,33
1939,859,133,67,61,117,9,1,33
1940,861,132,67,64,117,9,1,32
1941,862,133,70,64,117,9,1,30
1942,865,135,70,64,117,9,1,29
1943,867,133,71,66,117,9,1,29
1944,868,135,71,67,117,9,1,29
1945,870,138,71,67,117,9,1,30
1946,872,138,72,68,117,9,1,29
1947,873,137,73,71,117,9,1,31
1948,876,141,73,67,117,9,1,30
1949,878,143,73,68,117,9,1,30
1950,880,144,74,69,117,9,1,27
1951,882,145,74,68,117,9,1,26
1952,885,147,74,68,117,9,1,25
1953,886,149,74,67,117,9,1,24
1954,888,149,75,69,117,9,1,24
1955,889,150,76,70,117,9,1,24
1956,892,154,77,69,117,9,1,24
1957,893,154,77,70,117,9,1,24
1958,894,155,79,69,117,9,1,23
1959,897,156,78,70,117,9,1,24
1960,899,156,78,72,117,9,1,23
1961,900,159,79,71,117,9,1,22
1962,903,158,78,73,117,9,1,22
1963,905,161,78,72,117,9,1,23
1964,905,162,78,72,117,9,1,23
1965,907,163,79,74,117,9,1,23
1966,907,164,80,75,117,9,1,23
1967,909,163,81,77,117,9,1,22
1968,910,165,82,76,117,9,1,22
1969,912,164,81,79,117,9,1,21
1970,913,166,83,79,117,9,1,21
1971,915,167,81,79,117,9,1,21
1972,916,169,83,81,117,9,1,22
1973,917,170,83,81,117,9,1,23
1974,917,172,84,82,117,9,1,23
1975,918,172,85,83,117,9,1,23
1976,919,175,83,83,117,9,1,22
1977,920,176,85,82,117,9,1,20
1978,920,176,87,84,117,9,1,18
1979,922,177,88,83,117,9,1,17
1980,923,180,88,82,117,9,1,15
1981,922,179,90,85,117,9,1,14
1982,925,182,85,82,117,9,1,12
1983,925,182,87,82,117,9,1,12
1984,925,182,90,82,117,9,1,11
1985,925,185,90,82,117,9,1,11
1986,927,185,90,82,117,9,1,11
1987,928,185,89,82,117,9,1,12
1988,929,187,90,83,117,9,1,14
1989,929,189,92,83,117,9,1,15
1990,930,191,92,82,117,9,1,15
1991,928,192,94,83,117,9,1,15
1992,930,192,93,84,117,9,1,15
1993,929,194,92,82,117,9,1,14
1994,929,194,93,86,117,9,1,15
1995,932,193,92,87,117,9,1,16
1996,933,197,91,88,117,9,1,19
1997,934,202,90,87,117,9,1,21
1998,934,197,90,94,117,9,1,22
1999,934,200,91,93,117,9,1,24
2000,934,202,91,94,117,9,1,24
2001,932,201,94,98,117,9,1,23
2002,932,201,93,98,117,9,1,20
2003,933,202,93,98,117,9,1,17
2004,934,203,92,98,117,9,1,15
2005,936,206,90,95,117,9,1,13
2006,937,206,91,100,117,9,1,12
2007,936,209,94,98,117,9,1,11
2008,935,210,94,96,117,9,1,10
2009,938,207,93,99,117,9,1,10
2010,937,209,93,98,117,9,1,9
2011,938,209,92,99,117,9,1,8
2012,938,210,92,98,117,9,1,7
2013,938,210,91,99,117,9,1,6
2014,939,213,92,99,117,9,1,5
2015,937,213,94,96,117,9,1,4
2016,936,214,97,95,117,9,1,4
2017,937,214,96,97,117,9,1,5
2018,937,215,96,98,117,9,1,6
2019,939,220,96,96,117,9,1,7
2020,932,217,103,101,117,9,1,8
2021,932,217,100,101,117,9,1,9
2022,932,219,101,99,117,9,1,9
2023,937,220,100,98,117,9,1,7
2024,936,220,100,99,117,9,1,5
2025,937,220,100,97,117,9,1,3
2026,939,220,98,99,117,9,1,5
2027,937,220,99,101,117,9,1,7
2028,939,227,99,98,117,9,1,8
2029,938,225,99,100,117,9,1,9
2030,940,221,94,102,117,9,1,10
2031,938,224,99,103,117,9,1,11
2032,940,223,98,104,117,9,1,10
2033,939,224,98,103,117,9,1,9
2034,939,224,97,104,117,9,1,7
2035,939,225,98,103,117,9,1,6
2036,938,227,98,101,117,9,1,5
2037,936,227,100,102,117,9,1,4
2038,937,226,99,104,117,9,1,4
2039,937,226,100,104,117,9,1,4
2040,937,227,101,105,117,9,1,4
2041,937,226,101,105,117,9,1,4
2042,938,227,99,105,117,9,1,3
2043,939,227,98,105,117,9,1,2
2044,940,227,97,104,117,9,1,1
2045,940,227,97,105,117,9,1,1
2046,940,227,97,105,117,9,1,0
2047,941,227,96,105,117,9,1,0
2048,940,227,97,105,117,9,1,0
2049,940,226,97,105,117,9,1,0
2050,939,228,97,103,117,9,1,0
2051,940,228,97,103,117,9,1,0
2052,937,228,100,104,117,9,1,0
2053,938,228,100,104,117,9,1,0
2054,938,228,100,104,117,9,1,0
2055,937,228,100,104,117,9,1,0
2056,937,228,99,103,117,9,1,0
2057,937,228,99,103,117,9,1,0
2058,938,228,99,102,117,9,1,0
2059,937,228,99,102,117,9,1,0
2060,935,229,101,102,117,9,1,0
2061,933,230,104,102,117,9,1,0
2062,933,232,104,100,117,9,1,0
2063,932,233,105,99,117,9,1,0
2064,934,232,103,100,117,9,1,0
2065,936,230,101,102,117,9,1,0
2066,936,229,100,102,117,9,1,0
2067,936,230,99,101,117,9,1,0
2068,936,230,99,101,117,9,1,0
2069,935,230,100,101,117,9,1,0
2070,936,231,100,100,117,9,1,0
2071,935,231,101,100,117,9,1,0
2072,935,231,100,100,117,9,1,0
2073,935,231,101,101,117,9,1,0
2074,935,231,102,101,117,9,1,0
2075,933,230,103,101,117,9,1,0
2076,933,230,104,102,117,9,1,1
2077,933,230,104,103,117,9,1,2
2078,929,231,104,104,117,9,1,2
2079,929,232,104,102,117,9,1,1
2080,934,229,102,103,117,9,1,1
2081,930,230,103,105,117,9,1,2
2082,930,231,103,104,117,9,1,1
2083,930,231,104,104,117,9,1,1
2084,929,230,105,104,117,9,1,1
2085,934,228,101,103,117,9,1,2
2086,934,229,102,103,117,9,1,3
2087,936,228,100,103,117,9,1,5
2088,938,228,98,103,117,9,1,5
2089,938,229,98,102,117,9,1,4
2090,936,228,101,104,117,9,1,2
2091,937,227,99,105,117,9,1,1
2092,935,227,101,104,117,9,1,0
2093,935,228,101,103,117,9,1,0
2094,937,228,98,103,117,9,1,0
2095,937,228,98,103,117,9,1,0
2096,937,228,98,103,117,9,1,0
2097,937,227,98,104,117,9,1,0
2098,937,227,98,104,117,9,1,0
2099,936,228,99,103,117,9,1,0
2100,933,228,100,104,117,9,1,0
2101,938,227,97,103,117,9,1,0
2102,939,229,96,102,117,9,1,0
2103,940,229,94,101,117,9,1,0
2104,940,228,95,102,117,9,1,0
2105,939,228,97,102,117,9,1,0
2106,939,228,97,103,117,9,1,0
2107,937,228,99,104,117,9,1,0
2108,939,228,96,103,117,9,1,0
2109,937,227,98,104,117,9,1,0
1941,0,535,47,111,118,6,1,23
1942,0,524,91,135,118,6,1,23
1943,0,517,138,167,118,6,1,23
1944,1,478,185,203,118,6,1,23
1945,2,468,233,213,118,6,1,23
1946,0,459,288,218,118,6,1,23
1947,1,457,341,219,118,6,1,23
1948,1,455,397,217,118,6,1,23
1949,0,454,454,222,118,6,1,23
1950,0,452,510,224,118,6,1,23
1951,15,450,553,224,118,6,1,23
1952,72,444,549,227,118,6,1,23
1953,129,444,545,224,118,6,1,23
1954,187,441,544,223,118,6,1,23
1955,244,440,539,221,118,6,1,23
1956,302,436,531,218,118,6,1,23
1957,360,433,524,215,118,6,1,24
1958,414,433,517,207,118,6,1,24
1959,467,420,515,216,118,6,1,24
1960,528,418,490,213,118,6,1,25
1961,583,415,476,206,118,6,1,25
1962,636,411,456,202,118,6,1,25
1963,689,407,437,199,118,6,1,26
1964,747,401,417,195,118,6,1,26
1965,795,400,398,188,118,6,1,26
1966,839,391,382,190,118,6,1,26
1967,887,384,357,190,118,6,1,26
1968,926,381,341,183,118,6,1,26
1969,967,378,321,177,118,6,1,27
1970,1006,372,301,174,118,6,1,27
1971,1040,366,283,171,118,6,1,28
1972,1070,361,269,165,118,6,1,28
1973,1100,358,250,159,118,6,1,29
1974,1126,351,236,159,118,6,1,29
1975,1153,344,218,154,118,6,1,30
1976,1172,339,208,150,118,6,1,30
1977,1190,334,198,146,118,6,1,31
1978,1209,327,183,144,118,6,1,31
1979,1223,322,174,141,118,6,1,32
1980,1235,316,168,137,118,6,1,32
1981,1247,312,157,133,118,6,1,33
1982,1256,306,150,129,118,6,1,33
1983,1260,300,147,127,118,6,1,33
1984,1268,297,134,124,118,6,1,33
1985,1272,290,127,124,118,6,1,33
1986,1274,286,122,120,118,6,1,33
1987,1277,282,121,117,118,6,1,32
1988,1275,276,121,115,118,6,1,32
1989,1277,274,116,112,118,6,1,32
1990,1271,268,122,111,118,6,1,33
1991,1267,264,123,108,118,6,1,33
1992,1262,260,123,106,118,6,1,33
1993,1259,257,122,104,118,6,1,33
1994,1253,251,123,102,118,6,1,34
1995,1250,246,121,101,118,6,1,35
1996,1247,243,118,97,118,6,1,36
1997,1240,240,118,95,118,6,1,36
1998,1233,236,119,93,118,6,1,36
1999,1229,232,114,93,118,6,1,37
2000,1223,228,113,92,118,6,1,36
2001,1216,223,117,90,118,6,1,37
2002,1209,220,115,89,118,6,1,37
2003,1204,216,110,87,118,6,1,38
2004,1197,212,111,85,118,6,1,39
2005,1190,211,109,82,118,6,1,40
2006,1184,209,106,78,118,6,1,41
2007,1180,202,102,82,118,6,1,41
2008,1174,200,103,79,118,6,1,41
2009,1168,195,101,80,118,6,1,41
2010,1159,193,102,78,118,6,1,41
2011,1156,190,97,76,118,6,1,41
2012,1151,187,94,75,118,6,1,40
2013,1146,186,93,74,118,6,1,41
2014,1140,181,91,74,118,6,1,41
2015,1135,176,90,74,118,6,1,42
2016,1129,175,90,73,118,6,1,43
2017,1125,171,88,71,118,6,1,44
2018,1120,171,87,67,118,6,1,45
2019,1113,168,86,67,118,6,1,45
2020,1108,166,86,67,118,6,1,46
2021,1101,164,88,64,118,6,1,46
2022,1097,161,81,63,118,6,1,45
2023,1092,159,81,64,118,6,1,44
2024,1083,157,83,63,118,6,1,45
2025,1079,154,82,63,118,6,1,45
2026,1072,153,81,60,118,6,1,45
2027,1068,152,79,59,118,6,1,46
2028,1058,149,82,59,118,6,1,47
2029,1053,148,78,56,118,6,1,48
2030,1049,145,75,57,118,6,1,47
2031,1042,142,77,58,118,6,1,47
2032,1035,139,78,58,118,6,1,47
2033,1031,140,74,54,118,6,1,47
2034,1024,138,75,54,118,6,1,48
2035,1019,136,74,53,118,6,1,50
2036,1012,134,74,52,118,6,1,53
2037,1005,131,73,52,118,6,1,53
2038,1000,131,72,50,118,6,1,52
2039,995,127,70,53,118,6,1,52
2040,986,127,71,51,118,6,1,51
2041,982,125,69,50,118,6,1,50
2042,978,125,66,48,118,6,1,48
2043,969,123,69,48,118,6,1,49
2044,961,120,70,48,118,6,1,50
2045,956,117,67,50,118,6,1,50
2046,951,117,67,49,118,6,1,49
2047,943,114,66,50,118,6,1,49
2048,937,115,66,47,118,6,1,49
2049,929,115,67,45,118,6,1,48
2050,924,112,65,46,118,6,1,48
2051,916,112,67,45,118,6,1,47
2052,913,112,63,44,118,6,1,48
2053,907,110,64,44,118,6,1,49
2054,899,107,63,45,118,6,1,49
2055,890,108,63,42,118,6,1,49
2056,886,107,62,42,118,6,1,50
2057,881,105,62,42,118,6,1,52
2058,875,106,60,40,118,6,1,52
2059,865,102,63,43,118,6,1,53
2060,861,102,62,41,118,6,1,55
2061,860,100,57,40,118,6,1,56
2062,846,101,61,39,118,6,1,55
2063,838,102,62,37,118,6,1,55
2064,835,97,58,41,118,6,1,57
2065,829,96,57,40,118,6,1,58
2066,822,96,58,37,118,6,1,58
2067,815,94,56,38,118,6,1,57
2068,806,95,57,36,118,6,1,61
2069,804,93,55,37,118,6,1,64
2070,798,91,53,36,118,6,1,67
2071,790,92,53,34,118,6,1,70
2072,790,92,46,36,118,6,1,61
2073,781,92,44,33,118,6,1,54
2074,768,91,51,40,118,6,1,50
2082,722,98,61,45,118,6,1,62
2083,728,98,65,46,118,6,1,72
2084,738,102,58,44,118,6,1,73
2085,739,106,56,41,118,6,1,70
2086,738,103,63,44,118,6,1,64
2087,742,104,61,47,118,6,1,58
2088,748,110,54,41,118,6,1,55
2089,750,111,52,42,118,6,1,56
2090,752,109,53,48,118,6,1,60
2091,764,100,53,54,118,6,1,59
2092,764,92,54,63,118,6,1,58
2093,764,94,49,62,118,6,1,56
2094,770,117,42,40,118,6,1,49
2095,771,117,44,43,118,6,1,44
2096,771,114,50,46,118,6,1,38
2097,773,113,47,48,118,6,1,41
2098,772,115,51,48,118,6,1,39
2099,771,113,55,50,118,6,1,38
2100,774,115,62,50,118,6,1,37
2101,774,112,66,55,118,6,1,36
2102,779,116,61,52,118,6,1,33
2107,790,116,62,56,118,6,1,31
2108,791,115,64,58,118,6,1,30
2109,794,122,65,52,118,6,1,30
1966,0,524,76,117,119,3,4,29
1967,0,497,134,160,119,3,4,29
1968,0,470,200,188,119,3,4,29
1969,0,462,264,193,119,3,4,29
1970,1,458,327,193,119,3,4,29
1971,0,461,394,195,119,3,4,29
1972,0,452,461,198,119,3,4,29
1973,37,447,489,204,119,3,4,29
1974,104,450,488,198,119,3,4,29
1975,171,446,485,198,119,3,4,29
1976,241,445,480,196,119,3,4,29
1977,306,442,476,193,119,3,4,29
1978,373,438,471,192,119,3,4,29
1979,433,433,465,190,119,3,4,29
1980,502,429,453,189,119,3,4,29
1981,565,424,440,186,119,3,4,29
1982,627,421,421,181,119,3,4,29
1983,685,417,408,179,119,3,4,29
1984,743,414,388,174,119,3,4,29
1985,796,410,373,172,119,3,4,29
1986,848,404,350,168,119,3,4,29
1987,894,400,338,164,119,3,4,29
1988,937,398,321,156,119,3,4,29
1989,980,387,296,160,119,3,4,29
1990,1017,382,279,156,119,3,4,29
1991,1054,377,261,152,119,3,4,29
1992,1084,369,247,151,119,3,4,29
1993,1113,365,230,145,119,3,4,29
1994,1139,359,215,143,119,3,4,30
1995,1164,352,204,140,119,3,4,31
1996,1185,341,191,139,119,3,4,32
1997,1201,338,183,132,119,3,4,33
1998,1218,330,171,132,119,3,4,33
1999,1231,327,162,126,119,3,4,33
2000,1241,320,156,127,119,3,4,33
2001,1251,317,147,121,119,3,4,32
2002,1259,311,139,118,119,3,4,32
2003,1265,308,132,115,119,3,4,32
2004,1269,302,126,112,119,3,4,32
2005,1271,300,122,107,119,3,4,32
2006,1271,293,119,108,119,3,4,32
2007,1265,284,122,109,119,3,4,33
2008,1260,279,124,106,119,3,4,34
2009,1260,276,120,102,119,3,4,34
2010,1255,271,120,98,119,3,4,35
2011,1249,266,119,99,119,3,4,36
2012,1250,261,112,97,119,3,4,37
2013,1238,260,117,91,119,3,4,37
2014,1231,253,118,91,119,3,4,37
2015,1228,250,115,88,119,3,4,38
2016,1222,244,113,89,119,3,4,38
2017,1216,240,111,86,119,3,4,40
2018,1208,233,113,88,119,3,4,40
2019,1203,231,108,82,119,3,4,41
2020,1197,228,108,79,119,3,4,41
2021,1191,223,104,79,119,3,4,42
2022,1184,221,102,78,119,3,4,42
2023,1178,215,102,78,119,3,4,43
2024,1172,212,100,75,119,3,4,43
2025,1165,210,101,72,119,3,4,43
2026,1161,205,97,72,119,3,4,44
2027,1156,202,96,69,119,3,4,45
2028,1152,199,91,69,119,3,4,45
2029,1145,196,94,68,119,3,4,44
2030,1141,192,90,68,119,3,4,43
2031,1136,190,89,67,119,3,4,42
2032,1130,188,89,65,119,3,4,42
2033,1125,185,88,63,119,3,4,42
2034,1123,181,83,64,119,3,4,42
2035,1117,178,83,63,119,3,4,43
2036,1110,175,84,62,119,3,4,44
2037,1109,174,77,61,119,3,4,45
2038,1102,172,78,59,119,3,4,45
2039,1098,169,76,57,119,3,4,45
2040,1090,164,80,60,119,3,4,45
2041,1086,163,77,59,119,3,4,45
2042,1079,161,78,56,119,3,4,47
2043,1074,159,76,55,119,3,4,47
2044,1071,157,74,54,119,3,4,48
2045,1063,155,75,52,119,3,4,48
2046,1059,153,75,52,119,3,4,48
2047,1053,150,72,54,119,3,4,47
2048,1048,148,70,52,119,3,4,46
2049,1042,148,70,51,119,3,4,46
2050,1035,145,69,50,119,3,4,47
2051,1030,141,69,51,119,3,4,48
2052,1025,140,68,50,119,3,4,49
2053,1018,137,69,50,119,3,4,52
2054,1012,137,68,48,119,3,4,52
2055,1007,138,66,43,119,3,4,51
2056,1002,136,63,45,119,3,4,49
2057,991,132,68,47,119,3,4,48
2058,986,131,66,45,119,3,4,48
2059,979,130,67,45,119,3,4,47
2060,975,128,65,44,119,3,4,48
2061,966,127,66,43,119,3,4,48
2062,961,126,64,43,119,3,4,49
2063,954,125,65,42,119,3,4,49
2064,950,123,63,42,119,3,4,49
2065,943,122,62,41,119,3,4,49
2066,935,118,62,43,119,3,4,49
2067,929,118,61,41,119,3,4,48
2068,922,115,63,43,119,3,4,47
2069,916,114,62,43,119,3,4,48
2070,913,115,58,41,119,3,4,48
2071,908,114,55,39,119,3,4,51
2072,901,114,54,37,119,3,4,52
2073,893,111,56,38,119,3,4,54
2074,886,110,59,39,119,3,4,58
2075,877,107,60,40,119,3,4,60
2076,872,108,57,35,119,3,4,62
2077,864,105,60,38,119,3,4,60
2078,859,106,59,36,119,3,4,60
2079,855,104,56,36,119,3,4,60
2080,847,103,55,37,119,3,4,57
2081,841,102,54,36,119,3,4,54
2082,835,102,53,35,119,3,4,53
2083,826,102,55,35,119,3,4,53
2084,821,98,53,36,119,3,4,57
2085,817,95,51,39,119,3,4,56
2086,813,97,49,33,119,3,4,54
2089,793,96,46,34,119,3,4,48
2096,735,91,56,35,119,3,4,44
2097,732,90,52,34,119,3,4,43
2098,727,85,51,39,119,3,4,41
1989,1,517,90,132,120,6,4,25
1990,0,492,141,166,120,6,4,25
1991,0,471,194,187,120,6,4,25
1992,0,462,253,193,120,6,4,25
1993,0,461,306,191,120,6,4,25
1994,1,461,362,190,120,6,4,25
1995,1,459,417,194,120,6,4,25
1996,0,459,474,195,120,6,4,25
1997,33,456,497,195,120,6,4,24
1998,90,455,497,193,120,6,4,24
1999,147,454,492,192,120,6,4,24
2000,204,451,492,190,120,6,4,24
2001,261,447,487,190,120,6,4,24
2002,317,442,482,191,120,6,4,24
2003,372,439,475,188,120,6,4,24
2004,427,437,468,184,120,6,4,24
2005,480,434,461,184,120,6,4,24
2006,536,428,449,185,120,6,4,24
2007,589,427,433,180,120,6,4,24
2008,643,421,418,179,120,6,4,24
2009,694,419,405,176,120,6,4,24
2010,741,415,395,172,120,6,4,24
2011,789,411,376,170,120,6,4,24
2012,834,407,363,168,120,6,4,24
2013,876,401,348,166,120,6,4,24
2014,917,395,336,164,120,6,4,25
2015,958,390,317,161,120,6,4,25
2016,993,385,302,159,120,6,4,26
2017,1028,381,289,153,120,6,4,26
2018,1060,377,274,150,120,6,4,26
2019,1090,372,256,148,120,6,4,26
2020,1115,365,245,148,120,6,4,26
2021,1141,361,230,145,120,6,4,26
2022,1163,357,219,139,120,6,4,27
2023,1183,350,206,137,120,6,4,27
2024,1200,345,197,133,120,6,4,27
2025,1215,339,188,132,120,6,4,27
2026,1229,335,177,131,120,6,4,27
2027,1241,331,169,127,120,6,4,27
2028,1251,326,161,122,120,6,4,27
2029,1259,322,155,122,120,6,4,27
2030,1266,316,151,117,120,6,4,28
2031,1274,313,143,114,120,6,4,28
2032,1278,309,140,114,120,6,4,28
2033,1282,304,134,113,120,6,4,28
2034,1284,299,133,111,120,6,4,27
2035,1289,301,122,102,120,6,4,27
2036,1287,287,120,111,120,6,4,27
2037,1285,285,119,106,120,6,4,28
2038,1284,280,119,103,120,6,4,29
2039,1278,276,121,102,120,6,4,29
2040,1276,273,120,101,120,6,4,29
2041,1274,271,119,98,120,6,4,29
2042,1269,266,119,96,120,6,4,30
2043,1262,261,119,96,120,6,4,30
2044,1256,259,121,91,120,6,4,31
2045,1251,256,121,90,120,6,4,32
2046,1247,250,118,89,120,6,4,33
2047,1241,247,116,87,120,6,4,34
2048,1234,245,116,82,120,6,4,34
2049,1230,242,112,84,120,6,4,34
2050,1223,236,112,83,120,6,4,35
2051,1219,234,110,79,120,6,4,35
2052,1212,230,108,77,120,6,4,35
2053,1205,226,109,78,120,6,4,36
2054,1201,221,105,78,120,6,4,36
2055,1193,219,105,76,120,6,4,37
2056,1187,216,103,74,120,6,4,37
2057,1181,213,101,73,120,6,4,38
2058,1174,209,102,71,120,6,4,39
2059,1168,208,101,67,120,6,4,41
2060,1162,200,100,70,120,6,4,41
2061,1157,198,97,68,120,6,4,42
2062,1151,197,95,67,120,6,4,41
2063,1145,194,95,64,120,6,4,41
2064,1140,190,93,67,120,6,4,39
2065,1133,189,92,63,120,6,4,39
2066,1126,188,92,62,120,6,4,39
2067,1122,184,89,62,120,6,4,40
2068,1116,179,87,62,120,6,4,41
2069,1111,178,87,61,120,6,4,41
2070,1106,174,85,61,120,6,4,43
2071,1101,173,83,59,120,6,4,43
2072,1094,171,83,58,120,6,4,43
2073,1090,168,81,58,120,6,4,43
2074,1083,166,82,57,120,6,4,43
2075,1079,162,80,57,120,6,4,44
2076,1072,159,80,57,120,6,4,44
2077,1067,159,80,54,120,6,4,45
2078,1062,157,77,53,120,6,4,46
2079,1059,154,76,54,120,6,4,46
2080,1052,154,76,51,120,6,4,45
2081,1046,151,77,53,120,6,4,44
2082,1042,147,75,54,120,6,4,44
2083,1036,146,76,52,120,6,4,45
2084,1031,145,74,50,120,6,4,45
2085,1027,143,73,49,120,6,4,47
2086,1024,144,69,46,120,6,4,47
2087,1020,141,68,47,120,6,4,48
2088,1013,138,69,48,120,6,4,47
2089,1009,139,68,45,120,6,4,46
2090,1004,138,69,44,120,6,4,45
2091,1000,136,67,44,120,6,4,44
2092,992,132,68,45,120,6,4,45
2093,987,130,68,46,120,6,4,44
2094,982,130,67,44,120,6,4,46
2095,979,131,65,41,120,6,4,47
2096,972,127,64,42,120,6,4,48
2097,971,127,60,40,120,6,4,48
2098,960,123,65,43,120,6,4,47
2099,955,124,66,40,120,6,4,48
2100,950,119,65,45,120,6,4,47
2101,944,119,64,42,120,6,4,47
2102,940,117,63,42,120,6,4,46
2103,934,119,62,39,120,6,4,45
2104,929,117,62,40,120,6,4,43
2105,922,118,63,38,120,6,4,42
2106,916,116,65,40,120,6,4,41
2107,914,114,59,39,120,6,4,42
2108,910,113,57,39,120,6,4,42
2109,904,112,58,36,120,6,4,44
2011,0,503,92,128,121,6,1,30
2012,0,477,161,159,121,6,1,30
2013,1,458,228,179,121,6,1,30
2014,0,454,299,181,121,6,1,30
2015,0,459,366,177,121,6,1,30
2016,0,455,433,180,121,6,1,30
2017,45,453,455,182,121,6,1,29
2018,114,452,454,179,121,6,1,29
2019,180,450,446,180,121,6,1,29
2020,247,449,442,176,121,6,1,29
2021,311,444,437,178,121,6,1,28
2022,374,442,433,178,121,6,1,28
2023,438,438,425,177,121,6,1,28
2024,495,436,421,173,121,6,1,27
2025,556,434,409,172,121,6,1,27
2026,612,429,398,173,121,6,1,27
2027,667,426,388,169,121,6,1,26
2028,721,420,373,172,121,6,1,26
2029,771,417,366,168,121,6,1,26
2030,821,413,353,166,121,6,1,26
2031,868,411,336,162,121,6,1,26
2032,912,406,322,158,121,6,1,26
2033,954,399,312,159,121,6,1,26
2034,992,395,295,154,121,6,1,26
2035,1029,387,280,155,121,6,1,26
2036,1064,388,265,146,121,6,1,26
2037,1095,384,250,143,121,6,1,26
2038,1125,378,237,141,121,6,1,26
2039,1151,375,225,137,121,6,1,26
2040,1175,367,212,138,121,6,1,26
2041,1198,362,199,133,121,6,1,26
2042,1216,354,189,133,121,6,1,27
2043,1235,353,176,126,121,6,1,27
2044,1248,348,170,122,121,6,1,28
2045,1261,342,160,121,121,6,1,28
2046,1272,338,151,117,121,6,1,28
2047,1279,334,144,113,121,6,1,28
2048,1289,327,137,115,121,6,1,28
2049,1294,319,131,115,121,6,1,28
2050,1297,318,128,108,121,6,1,28
2051,1297,312,125,108,121,6,1,28
2052,1297,309,121,105,121,6,1,28
2053,1295,302,122,105,121,6,1,28
2054,1294,298,120,103,121,6,1,28
2055,1293,291,117,104,121,6,1,29
2056,1285,287,119,100,121,6,1,30
2057,1280,283,120,98,121,6,1,30
2058,1276,279,118,95,121,6,1,31
2059,1271,274,117,94,121,6,1,31
2060,1263,268,117,95,121,6,1,32
2061,1254,264,119,92,121,6,1,33
2062,1249,260,117,88,121,6,1,34
2063,1243,257,115,86,121,6,1,34
2064,1237,249,113,89,121,6,1,35
2065,1231,249,108,84,121,6,1,35
2066,1225,246,109,81,121,6,1,35
2067,1219,241,107,82,121,6,1,35
2068,1212,236,107,81,121,6,1,35
2069,1207,233,104,78,121,6,1,36
2070,1204,229,101,78,121,6,1,37
2071,1199,225,97,76,121,6,1,38
2072,1191,222,98,75,121,6,1,39
2073,1186,220,96,71,121,6,1,39
2074,1181,216,97,71,121,6,1,39
2075,1174,211,95,72,121,6,1,40
2076,1169,209,94,69,121,6,1,41
2077,1163,207,93,66,121,6,1,41
2078,1158,203,92,66,121,6,1,41
2079,1154,201,88,64,121,6,1,41
2080,1149,197,87,64,121,6,1,41
2081,1142,195,88,63,121,6,1,40
2082,1136,191,86,63,121,6,1,40
2083,1131,189,86,62,121,6,1,41
2084,1127,186,83,60,121,6,1,42
2085,1119,182,84,60,121,6,1,43
2086,1114,181,81,57,121,6,1,44
2087,1109,177,79,58,121,6,1,44
2088,1104,174,78,58,121,6,1,44
2089,1101,175,75,54,121,6,1,43
2090,1091,170,77,56,121,6,1,43
2091,1084,168,77,55,121,6,1,42
2092,1077,164,80,55,121,6,1,43
2093,1072,163,76,54,121,6,1,43
2094,1066,159,76,55,121,6,1,45
2095,1061,158,73,53,121,6,1,45
2096,1055,157,73,50,121,6,1,45
2097,1051,155,73,51,121,6,1,44
2098,1046,154,67,50,121,6,1,44
2099,1037,151,71,50,121,6,1,45
2100,1032,148,70,49,121,6,1,46
2101,1027,146,69,49,121,6,1,47
2102,1021,143,68,49,121,6,1,49
2103,1015,141,66,48,121,6,1,51
2104,1009,141,66,46,121,6,1,51
2105,1006,140,65,45,121,6,1,49
2106,1000,140,64,43,121,6,1,47
2107,994,139,63,43,121,6,1,45
2108,987,137,64,43,121,6,1,44
2109,981,134,65,43,121,6,1,44
2064,723,107,53,38,122,6,1,19
2065,727,109,56,40,122,6,1,24
2066,730,108,57,41,122,6,1,28
2067,733,112,56,39,122,6,1,30
2068,748,113,48,39,122,6,1,34
2069,759,111,42,40,122,6,1,37
2070,751,107,50,46,122,6,1,44
2071,751,112,53,42,122,6,1,45
2072,758,114,50,41,122,6,1,46
2073,762,114,45,42,122,6,1,46
2074,768,119,43,39,122,6,1,44
2075,765,116,45,44,122,6,1,41
2076,764,114,46,46,122,6,1,38
2077,766,117,47,44,122,6,1,37
2078,770,119,49,44,122,6,1,38
2079,773,118,52,44,122,6,1,38
2080,776,121,54,44,122,6,1,40
2083,782,122,63,47,122,6,1,41
2084,785,124,61,48,122,6,1,43
2085,789,123,60,48,122,6,1,42
2086,789,125,62,47,122,6,1,42
2087,792,123,62,50,122,6,1,42
2088,796,127,61,51,122,6,1,41
2089,798,129,61,49,122,6,1,37
2090,805,129,56,49,122,6,1,34
2091,806,127,57,51,122,6,1,33
2092,805,129,61,50,122,6,1,30
2093,813,131,57,50,122,6,1,26
2094,805,130,66,51,122,6,1,25
2095,812,132,61,48,122,6,1,28
2096,809,132,67,53,122,6,1,33
2097,812,133,66,51,122,6,1,35
2098,825,135,56,52,122,6,1,37
2099,828,138,55,48,122,6,1,37
2100,827,140,58,46,122,6,1,36
2101,826,140,60,49,122,6,1,33
2102,828,140,60,50,122,6,1,29
2103,829,141,60,49,122,6,1,27
2104,830,142,62,51,122,6,1,27
2105,832,142,63,52,122,6,1,27
2106,833,142,64,53,122,6,1,26
2107,832,141,67,55,122,6,1,25
2108,834,144,67,53,122,6,1,25
2109,835,144,66,54,122,6,1,25
2098,909,208,98,85,123,6,1,0
2099,902,203,99,86,123,6,1,2
2101,902,202,101,87,123,6,1,3
2102,902,201,99,84,123,6,1,4
2103,907,207,96,83,123,6,1,3
2102,1,903,129,173,124,3,0,-1
2103,0,860,251,215,124,3,0,-1
2104,1,840,378,233,124,3,0,-1
2105,1,853,521,222,124,3,0,-1
2106,1,872,660,206,124,3,0,-1
2107,2,895,813,181,124,3,0,-1
2108,149,914,790,163,124,3,0,-1
2109,320,945,733,131,124,3,0,-1
963,1846,744,73,171,142,6,5,16
964,1779,734,140,202,142,6,5,16
965,1709,705,210,307,142,6,5,16
966,1637,680,282,351,142,6,5,16
967,1562,682,356,365,142,6,5,16
968,1492,685,426,385,142,6,5,16
969,1417,692,501,386,142,6,5,16
970,1341,703,576,376,142,6,5,16
971,1262,716,655,361,142,6,5,16
972,1183,726,735,350,142,6,5,16
973,1102,744,816,331,142,6,5,16
974,1021,759,898,316,142,6,5,16
975,939,778,949,299,142,6,5,16
976,869,798,951,277,142,6,5,16
977,792,820,961,254,142,6,5,16
978,760,840,929,234,142,6,5,15
979,747,862,870,212,142,6,5,15
980,669,886,878,192,142,6,5,15
981,653,911,820,168,142,6,5,15
0,867,164,73,50,144,4,0,45
1,870,167,72,50,144,4,0,43
2,873,169,71,51,144,4,0,40
3,874,170,73,52,144,4,0,36
4,877,172,73,52,144,4,0,34
5,880,173,73,52,144,4,0,32
6,883,175,72,52,144,4,0,31
7,883,174,74,55,144,4,0,30
8,887,176,72,54,144,4,0,29
9,888,180,73,55,144,4,0,30
10,889,179,73,57,144,4,0,31
11,890,182,76,58,144,4,0,32
12,893,184,75,58,144,4,0,33
13,893,186,77,58,144,4,0,34
14,895,191,77,58,144,4,0,35
15,896,193,78,58,144,4,0,33
16,897,194,78,59,144,4,0,33
17,898,196,79,60,144,4,0,32
18,900,197,80,61,144,4,0,31
19,900,200,81,61,144,4,0,31
20,903,201,80,64,144,4,0,31
21,904,204,80,65,144,4,0,31
22,905,205,81,66,144,4,0,30
23,905,208,83,65,144,4,0,29
24,907,210,81,64,144,4,0,28
25,907,213,83,66,144,4,0,27
26,907,215,83,66,144,4,0,26
27,908,217,82,67,144,4,0,26
28,908,220,83,68,144,4,0,27
29,908,220,84,71,144,4,0,28
30,909,222,83,72,144,4,0,28
31,909,223,82,74,144,4,0,27
32,910,226,82,75,144,4,0,27
33,909,230,84,73,144,4,0,26
34,909,232,82,74,144,4,0,25
35,908,234,85,75,144,4,0,24
36,907,235,86,77,144,4,0,23
37,906,238,87,76,144,4,0,23
38,903,241,89,77,144,4,0,23
39,903,243,89,78,144,4,0,22
40,900,246,93,78,144,4,0,21
41,898,246,96,77,144,4,0,21
42,897,248,98,78,144,4,0,20
43,896,250,96,82,144,4,0,20
44,894,252,99,78,144,4,0,20
45,894,255,98,80,144,4,0,21
46,891,257,99,81,144,4,0,21
47,891,259,101,82,144,4,0,21
48,888,259,102,84,144,4,0,21
49,886,261,103,85,144,4,0,20
50,884,263,105,87,144,4,0,19
51,883,264,105,89,144,4,0,17
52,882,265,106,88,144,4,0,16
53,880,268,108,87,144,4,0,15
54,879,268,108,90,144,4,0,13
55,876,271,109,89,144,4,0,12
56,874,272,110,89,144,4,0,11
57,871,273,109,91,144,4,0,11
58,870,274,111,90,144,4,0,10
59,869,275,112,91,144,4,0,9
60,868,276,113,91,144,4,0,8
61,867,277,113,90,144,4,0,7
62,867,278,112,90,144,4,0,6
63,865,278,112,92,144,4,0,6
64,867,279,111,92,144,4,0,6
65,862,279,114,94,144,4,0,6
66,863,280,112,94,144,4,0,6
67,862,281,112,93,144,4,0,5
68,862,280,113,93,144,4,0,4
69,862,281,112,93,144,4,0,3
70,863,281,113,91,144,4,0,1
71,863,281,114,92,144,4,0,0
72,862,282,114,93,144,4,0,0
73,862,282,113,93,144,4,0,0
74,861,283,111,92,144,4,0,0
75,861,284,111,91,144,4,0,1
76,861,284,112,91,144,4,0,1
77,861,284,113,92,144,4,0,1
78,861,284,112,91,144,4,0,0
79,862,284,111,91,144,4,0,0
80,861,283,113,91,144,4,0,0
81,861,283,113,91,144,4,0,0
82,861,283,113,91,144,4,0,0
83,861,283,112,91,144,4,0,0
84,861,283,112,92,144,4,0,0
85,861,284,112,91,144,4,0,0
86,862,284,112,90,144,4,0,0
87,862,284,112,91,144,4,0,0
88,861,284,112,90,144,4,0,0
89,861,285,112,90,144,4,0,0
90,861,284,113,90,144,4,0,0
91,861,284,113,91,144,4,0,0
92,861,284,113,91,144,4,0,0
93,862,284,112,91,144,4,0,0
94,861,283,112,92,144,4,0,0
95,861,284,112,92,144,4,0,0
96,861,283,112,91,144,4,0,0
97,861,284,112,91,144,4,0,0
98,861,284,113,91,144,4,0,0
99,861,284,113,91,144,4,0,0
100,862,284,113,90,144,4,0,0
101,862,284,113,90,144,4,0,0
102,862,284,113,90,144,4,0,0
103,861,284,112,91,144,4,0,0
104,861,284,111,91,144,4,0,0
105,862,284,111,91,144,4,0,0
106,862,284,112,91,144,4,0,0
107,862,284,112,91,144,4,0,0
108,862,284,112,91,144,4,0,0
109,862,285,112,90,144,4,0,0
110,862,284,112,90,144,4,0,0
111,862,284,112,90,144,4,0,0
112,861,284,112,91,144,4,0,0
113,862,284,112,91,144,4,0,0
114,862,283,111,91,144,4,0,0
115,862,283,111,92,144,4,0,0
116,861,284,112,91,144,4,0,0
117,861,284,112,90,144,4,0,0
118,861,284,113,90,144,4,0,0
119,862,284,113,90,144,4,0,0
120,862,284,111,91,144,4,0,0
121,861,284,112,91,144,4,0,0
122,861,284,112,91,144,4,0,0
123,861,283,111,91,144,4,0,0
124,861,284,112,92,144,4,0,0
125,861,284,112,91,144,4,0,0
126,862,284,112,91,144,4,0,0
127,862,284,112,90,144,4,0,0
128,862,284,112,90,144,4,0,0
129,862,284,112,90,144,4,0,0
130,861,283,112,91,144,4,0,0
131,861,283,112,91,144,4,0,0
132,861,283,112,91,144,4,0,0
133,861,283,113,91,144,4,0,0
134,861,283,113,91,144,4,0,0
135,862,284,113,90,144,4,0,0
136,861,284,114,91,144,4,0,0
137,862,284,113,90,144,4,0,0
138,862,284,113,90,144,4,0,0
139,861,283,114,91,144,4,0,0
140,861,283,113,91,144,4,0,0
141,861,283,112,92,144,4,0,0
142,861,283,112,92,144,4,0,0
143,861,283,112,91,144,4,0,0
144,861,284,113,90,144,4,0,0
145,861,284,113,90,144,4,0,0
146,861,284,114,91,144,4,0,0
147,861,284,113,90,144,4,0,0
148,861,284,113,90,144,4,0,0
149,861,283,112,91,144,4,0,0
150,861,284,113,91,144,4,0,0
151,861,283,113,92,144,4,0,0
152,861,283,113,92,144,4,0,0
153,861,284,113,91,144,4,0,0
154,861,284,112,90,144,4,0,0
155,862,285,112,90,144,4,0,0
156,861,284,111,90,144,4,0,0
157,862,284,111,90,144,4,0,0
158,861,284,112,91,144,4,0,0
159,861,284,112,91,144,4,0,0
160,862,284,112,92,144,4,0,0
161,862,284,112,92,144,4,0,0
162,861,283,112,92,144,4,0,0
163,862,284,111,90,144,4,0,0
164,862,284,112,90,144,4,0,0
165,862,284,111,90,144,4,0,1
166,862,284,111,90,144,4,0,0
167,862,283,111,91,144,4,0,0
168,862,282,111,93,144,4,0,0
169,862,283,112,92,144,4,0,0
170,862,284,112,91,144,4,0,0
171,862,284,111,91,144,4,0,0
172,862,284,111,90,144,4,0,0
173,862,284,112,90,144,4,0,0
174,862,284,112,90,144,4,0,0
175,862,284,112,90,144,4,0,0
176,862,284,112,90,144,4,0,0
177,862,284,112,91,144,4,0,0
178,862,284,112,91,144,4,0,0
179,861,284,112,91,144,4,0,0
180,861,283,113,92,144,4,0,0
181,861,283,113,91,144,4,0,0
182,861,284,112,90,144,4,0,0
183,861,284,113,90,144,4,0,0
184,861,284,113,90,144,4,0,0
185,861,284,112,90,144,4,0,0
186,861,284,112,90,144,4,0,0
187,861,283,111,91,144,4,0,0
188,862,283,111,91,144,4,0,0
189,861,283,111,91,144,4,0,0
190,861,284,114,91,144,4,0,0
191,861,284,113,91,144,4,0,0
192,862,284,112,90,144,4,0,0
193,862,284,112,90,144,4,0,0
194,862,284,111,90,144,4,0,0
195,861,284,112,91,144,4,0,0
196,862,284,111,91,144,4,0,0
197,861,284,111,91,144,4,0,0
198,862,284,112,91,144,4,0,0
199,862,284,112,91,144,4,0,0
200,861,284,112,91,144,4,0,0
201,862,284,112,91,144,4,0,0
202,862,284,111,91,144,4,0,0
203,862,284,111,91,144,4,0,0
204,861,284,112,91,144,4,0,0
205,861,284,111,91,144,4,0,0
206,861,284,111,92,144,4,0,0
207,861,284,111,92,144,4,0,0
208,862,284,111,91,144,4,0,0
209,861,284,111,91,144,4,0,0
210,861,284,112,90,144,4,0,0
211,861,283,112,91,144,4,0,0
212,861,283,111,91,144,4,0,0
213,862,284,111,91,144,4,0,0
214,861,283,111,91,144,4,0,0
215,861,283,111,91,144,4,0,0
216,861,283,111,91,144,4,0,0
217,861,283,111,92,144,4,0,0
218,862,283,111,92,144,4,0,0
219,862,283,111,92,144,4,0,0
220,862,283,111,91,144,4,0,0
221,862,283,111,91,144,4,0,0
222,862,283,111,91,144,4,0,0
223,862,283,111,92,144,4,0,0
224,862,283,111,92,144,4,0,0
225,862,283,110,92,144,4,0,0
226,862,283,111,91,144,4,0,0
227,862,283,111,91,144,4,0,0
228,862,283,111,91,144,4,0,0
229,862,284,111,91,144,4,0,0
230,862,284,112,91,144,4,0,0
231,862,284,112,91,144,4,0,0
232,862,284,111,91,144,4,0,0
233,862,283,112,92,144,4,0,0
234,862,283,112,92,144,4,0,0
235,862,283,112,93,144,4,0,0
236,862,283,111,92,144,4,0,0
237,862,284,112,91,144,4,0,0
238,862,284,112,91,144,4,0,0
239,862,284,112,91,144,4,0,0
240,862,284,112,90,144,4,0,0
241,862,284,112,90,144,4,0,0
242,862,284,112,91,144,4,0,0
243,862,283,112,91,144,4,0,0
244,862,283,112,91,144,4,0,0
245,862,283,112,91,144,4,0,0
246,862,284,112,91,144,4,0,0
247,862,284,112,91,144,4,0,0
248,862,284,112,90,144,4,0,0
249,862,284,112,90,144,4,0,0
250,862,284,112,91,144,4,0,0
251,862,283,111,91,144,4,0,0
252,862,283,112,92,144,4,0,0
253,861,283,112,92,144,4,0,0
254,862,283,113,92,144,4,0,0
255,862,283,111,92,144,4,0,0
256,862,284,112,91,144,4,0,0
257,861,284,112,91,144,4,0,0
258,861,284,112,91,144,4,0,0
259,862,284,111,91,144,4,0,0
260,862,283,111,91,144,4,0,0
261,861,283,112,91,144,4,0,0
262,862,283,111,92,144,4,0,0
263,861,283,112,92,144,4,0,0
264,862,283,111,92,144,4,0,0
265,862,284,112,92,144,4,0,0
266,862,284,111,91,144,4,0,0
267,861,284,111,91,144,4,0,0
268,862,284,111,91,144,4,0,0
269,861,284,112,91,144,4,0,0
270,862,283,112,91,144,4,0,0
271,862,283,111,91,144,4,0,0
272,862,284,111,91,144,4,0,0
273,862,283,111,91,144,4,0,0
274,862,284,112,91,144,4,0,0
275,861,284,111,90,144,4,0,0
276,862,284,112,90,144,4,0,0
277,862,284,112,90,144,4,0,0
278,861,284,112,90,144,4,0,0
279,862,284,112,90,144,4,0,0
280,862,283,114,92,144,4,0,0
281,862,283,113,92,144,4,0,0
282,862,283,113,92,144,4,0,0
283,862,283,113,91,144,4,0,0
284,862,284,112,91,144,4,0,0
285,861,284,112,91,144,4,0,0
286,861,283,112,91,144,4,0,0
287,861,284,112,91,144,4,0,0
288,861,284,112,91,144,4,0,0
289,862,283,112,91,144,4,0,0
290,861,282,113,92,144,4,0,0
291,861,282,113,92,144,4,0,0
292,861,283,113,92,144,4,0,0
293,861,283,113,92,144,4,0,0
294,861,283,113,92,144,4,0,0
295,861,283,113,91,144,4,0,0
296,861,283,113,92,144,4,0,0
297,861,283,112,92,144,4,0,0
298,861,283,112,92,144,4,0,0
299,861,283,113,92,144,4,0,0
300,862,283,113,92,144,4,0,0
301,862,283,113,92,144,4,0,0
302,861,283,112,91,144,4,0,0
303,861,283,112,91,144,4,0,0
304,862,283,112,91,144,4,0,0
305,861,283,112,91,144,4,0,0
306,861,283,112,92,144,4,0,0
307,861,283,111,92,144,4,0,0
308,861,283,111,92,144,4,0,0
309,861,283,111,92,144,4,0,0
310,862,283,112,91,144,4,0,0
311,861,284,112,91,144,4,0,0
312,861,284,112,91,144,4,0,0
313,861,284,112,90,144,4,0,0
314,861,284,112,90,144,4,0,0
315,861,284,112,91,144,4,0,0
316,861,284,113,91,144,4,0,0
317,861,283,112,91,144,4,0,0
318,861,284,112,91,144,4,0,0
319,861,284,112,91,144,4,0,0
320,861,284,112,91,144,4,0,0
321,861,284,112,91,144,4,0,0
322,861,283,112,91,144,4,0,0
323,861,283,112,91,144,4,0,0
324,861,283,112,91,144,4,0,0
325,861,283,111,91,144,4,0,0
326,862,284,112,91,144,4,0,0
327,862,284,113,92,144,4,0,0
328,862,284,113,92,144,4,0,0
329,862,284,112,92,144,4,0,0
330,861,284,112,91,144,4,0,0
331,861,284,112,91,144,4,0,0
332,862,284,111,91,144,4,0,0
333,862,284,111,91,144,4,0,0
334,862,284,112,91,144,4,0,0
335,861,283,112,92,144,4,0,0
336,862,284,113,92,144,4,0,0
337,862,284,112,92,144,4,0,0
338,862,284,112,92,144,4,0,0
339,862,284,112,92,144,4,0,0
340,862,284,111,91,144,4,0,0
341,862,284,111,91,144,4,0,0
342,862,284,111,91,144,4,0,0
343,862,284,111,90,144,4,0,0
344,862,284,111,90,144,4,0,0
345,862,284,111,91,144,4,0,0
346,861,284,112,91,144,4,0,0
347,861,284,112,91,144,4,0,0
348,862,284,112,91,144,4,0,0
349,862,284,112,91,144,4,0,0
350,862,284,111,91,144,4,0,0
351,862,284,111,91,144,4,0,0
352,862,284,112,91,144,4,0,0
353,862,283,112,92,144,4,0,0
354,862,283,112,92,144,4,0,0
355,862,283,112,92,144,4,0,0
356,862,283,112,91,144,4,0,0
357,862,283,112,92,144,4,0,0
358,862,283,112,91,144,4,0,0
359,862,284,112,91,144,4,0,0
360,862,283,112,91,144,4,0,0
361,862,283,112,91,144,4,0,0
362,861,283,112,92,144,4,0,0
363,861,283,112,92,144,4,0,0
364,861,283,112,92,144,4,0,0
365,862,283,112,92,144,4,0,0
366,862,283,112,92,144,4,0,0
367,862,283,112,92,144,4,0,0
368,861,283,112,92,144,4,0,0
369,861,283,113,92,144,4,0,0
370,862,283,112,92,144,4,0,0
371,862,283,112,92,144,4,0,0
372,861,283,112,91,144,4,0,0
373,861,283,112,92,144,4,0,0
374,861,283,112,92,144,4,0,0
375,862,283,112,92,144,4,0,0
376,862,283,111,92,144,4,0,0
377,862,283,111,91,144,4,0,0
378,862,283,111,91,144,4,0,0
379,862,283,111,91,144,4,0,0
380,862,284,111,91,144,4,0,0
381,862,284,111,91,144,4,0,0
382,862,283,111,92,144,4,0,0
383,862,283,111,92,144,4,0,0
384,862,283,112,92,144,4,0,0
385,862,284,112,91,144,4,0,0
386,862,284,112,91,144,4,0,0
387,862,284,112,91,144,4,0,0
388,862,284,112,91,144,4,0,0
389,862,284,111,91,144,4,0,0
390,861,284,112,91,144,4,0,0
391,862,284,112,91,144,4,0,0
392,861,283,112,91,144,4,0,0
393,861,283,112,92,144,4,0,0
394,861,283,112,92,144,4,0,0
395,861,284,112,91,144,4,0,0
396,862,282,113,92,144,4,0,0
397,862,282,113,92,144,4,0,0
398,862,282,112,92,144,4,0,0
399,861,284,111,91,144,4,0,0
400,862,283,112,91,144,4,0,0
401,862,283,112,91,144,4,0,0
402,862,283,112,91,144,4,0,0
403,862,283,112,91,144,4,0,0
404,862,283,112,91,144,4,0,0
405,862,284,112,91,144,4,0,0
406,861,284,112,90,144,4,0,0
407,861,284,112,90,144,4,0,0
408,861,284,111,91,144,4,0,0
409,861,284,111,91,144,4,0,0
410,862,283,112,92,144,4,0,0
411,861,283,113,92,144,4,0,0
412,861,283,113,92,144,4,0,0
413,861,283,113,92,144,4,0,0
414,861,283,112,92,144,4,0,0
415,862,283,112,91,144,4,0,0
416,861,284,111,91,144,4,0,0
417,861,284,111,91,144,4,0,0
418,861,284,112,91,144,4,0,0
419,861,284,112,91,144,4,0,0
420,862,283,112,91,144,4,0,0
421,862,283,113,91,144,4,0,0
422,862,284,113,91,144,4,0,0
423,861,284,112,91,144,4,0,0
424,861,284,112,91,144,4,0,0
425,861,284,112,91,144,4,0,0
426,861,284,112,91,144,4,0,0
427,861,284,111,91,144,4,0,0
428,861,284,112,91,144,4,0,0
429,861,283,112,91,144,4,0,0
430,862,283,113,92,144,4,0,0
431,862,283,113,92,144,4,0,0
432,861,283,113,91,144,4,0,0
433,861,283,113,91,144,4,0,0
434,861,283,113,91,144,4,0,0
435,861,283,113,91,144,4,0,0
436,861,283,113,91,144,4,0,0
437,861,283,113,92,144,4,0,0
438,861,283,113,91,144,4,0,0
439,862,283,112,92,144,4,0,0
440,861,283,113,92,144,4,0,0
441,861,283,113,92,144,4,0,0
442,861,283,113,92,144,4,0,0
443,861,283,113,92,144,4,0,0
444,861,283,113,92,144,4,0,0
445,861,283,113,91,144,4,0,0
446,861,283,113,91,144,4,0,0
447,861,283,113,91,144,4,0,0
448,861,283,113,91,144,4,0,0
449,861,283,113,91,144,4,0,0
450,861,283,113,92,144,4,0,0
451,861,283,113,92,144,4,0,0
452,861,283,112,91,144,4,0,0
453,861,283,113,92,144,4,0,0
454,861,283,113,92,144,4,0,0
455,861,283,113,92,144,4,0,0
456,861,283,112,91,144,4,0,0
457,862,283,111,91,144,4,0,0
458,862,283,112,92,144,4,0,0
459,861,283,112,92,144,4,0,0
460,862,283,112,92,144,4,0,0
461,862,283,112,92,144,4,0,0
462,861,283,112,91,144,4,0,0
463,861,283,112,91,144,4,0,0
464,861,283,112,92,144,4,0,0
465,862,283,112,92,144,4,0,0
466,862,283,112,92,144,4,0,0
467,862,283,112,92,144,4,0,0
468,861,283,112,92,144,4,0,0
469,861,283,112,92,144,4,0,0
470,861,283,113,91,144,4,0,0
471,861,283,113,91,144,4,0,0
472,861,284,113,91,144,4,0,0
473,862,283,112,90,144,4,0,0
474,862,283,112,91,144,4,0,0
475,861,283,113,91,144,4,0,0
476,862,283,113,92,144,4,0,0
477,861,283,113,91,144,4,0,0
478,861,283,113,91,144,4,0,0
479,861,284,113,91,144,4,0,0
480,862,283,112,92,144,4,0,0
481,862,283,112,92,144,4,0,0
482,862,283,112,92,144,4,0,0
483,862,283,112,92,144,4,0,0
484,861,283,112,92,144,4,0,0
485,862,283,112,91,144,4,0,0
486,862,283,112,92,144,4,0,0
487,862,283,112,92,144,4,0,0
488,861,283,112,92,144,4,0,0
489,862,284,112,91,144,4,0,0
490,861,284,112,90,144,4,0,0
491,861,284,112,91,144,4,0,0
492,862,284,113,91,144,4,0,0
493,861,284,112,91,144,4,0,0
494,862,284,112,91,144,4,0,0
495,861,284,112,91,144,4,0,0
496,861,284,113,91,144,4,0,0
497,862,284,113,91,144,4,0,0
498,862,284,113,91,144,4,0,0
499,861,284,113,91,144,4,0,0
500,862,283,112,91,144,4,0,0
501,862,283,112,91,144,4,0,0
502,862,283,111,91,144,4,0,0
503,862,283,111,91,144,4,0,0
504,862,283,111,92,144,4,0,0
505,862,283,111,91,144,4,0,0
506,862,283,111,91,144,4,0,0
507,862,283,111,91,144,4,0,0
508,862,283,111,91,144,4,0,0
509,862,284,112,91,144,4,0,0
510,862,284,110,91,144,4,0,0
511,862,284,110,90,144,4,0,0
512,862,284,111,91,144,4,0,0
513,862,284,111,91,144,4,0,0
514,862,284,111,91,144,4,0,0
515,862,284,111,91,144,4,0,0
516,861,284,112,91,144,4,0,0
517,862,284,112,91,144,4,0,0
518,861,284,111,90,144,4,0,0
519,861,284,111,90,144,4,0,0
520,861,284,111,90,144,4,0,0
521,861,284,111,90,144,4,0,0
522,862,284,111,91,144,4,0,0
523,862,284,111,91,144,4,0,0
524,861,284,111,91,144,4,0,0
525,862,284,111,91,144,4,0,0
526,862,284,111,91,144,4,0,0
527,862,284,111,91,144,4,0,0
528,862,284,111,91,144,4,0,0
529,862,284,111,90,144,4,0,0
530,862,284,111,91,144,4,0,0
531,862,284,111,91,144,4,0,0
532,862,284,111,91,144,4,0,0
533,862,284,112,90,144,4,0,0
534,862,284,111,90,144,4,0,0
535,862,284,112,90,144,4,0,0
536,862,284,112,90,144,4,0,0
537,862,284,112,90,144,4,0,0
538,862,284,111,90,144,4,0,0
539,862,284,111,90,144,4,0,0
540,862,284,113,91,144,4,0,0
541,862,284,113,91,144,4,0,0
542,861,284,112,91,144,4,0,0
543,862,284,112,91,144,4,0,0
544,862,284,112,91,144,4,0,0
545,862,285,112,91,144,4,0,0
546,862,285,112,91,144,4,0,0
547,861,285,113,91,144,4,0,0
548,860,285,115,91,144,4,0,0
549,860,285,114,92,144,4,0,1
550,860,285,114,91,144,4,0,1
551,860,285,115,92,144,4,0,0
552,860,286,115,91,144,4,0,0
553,860,286,115,91,144,4,0,0
554,859,287,115,91,144,4,0,1
555,858,287,115,91,144,4,0,2
556,857,287,115,92,144,4,0,2
557,857,288,117,93,144,4,0,3
558,857,290,117,92,144,4,0,4
559,853,291,120,93,144,4,0,6
560,852,292,119,97,144,4,0,7
561,851,293,119,97,144,4,0,8
562,850,294,119,96,144,4,0,9
563,847,295,122,97,144,4,0,10
564,845,299,123,98,144,4,0,10
565,845,300,123,99,144,4,0,10
566,841,302,124,101,144,4,0,11
567,839,302,127,102,144,4,0,12
568,836,304,128,104,144,4,0,13
569,832,307,131,105,144,4,0,13
570,829,310,130,105,144,4,0,14
571,826,312,132,107,144,4,0,14
572,825,314,132,110,144,4,0,15
573,818,317,136,109,144,4,0,15
574,814,321,137,111,144,4,0,16
575,809,325,141,111,144,4,0,17
576,804,326,142,117,144,4,0,18
577,800,328,145,119,144,4,0,18
578,792,332,152,120,144,4,0,19
579,787,337,158,121,144,4,0,20
580,781,342,154,122,144,4,0,20
581,776,348,157,125,144,4,0,21
582,768,352,158,124,144,4,0,21
583,760,357,159,129,144,4,0,22
584,754,362,164,132,144,4,0,23
585,744,366,169,136,144,4,0,23
586,735,374,172,137,144,4,0,24
587,726,381,176,137,144,4,0,25
588,715,388,182,141,144,4,0,26
589,705,394,185,147,144,4,0,27
590,692,399,190,154,144,4,0,27
591,679,408,197,157,144,4,0,28
592,665,417,206,157,144,4,0,28
593,653,422,210,166,144,4,0,28
594,637,435,216,164,144,4,0,28
595,622,443,220,171,144,4,0,28
596,601,453,230,180,144,4,0,29
597,582,462,240,185,144,4,0,29
598,561,471,249,193,144,4,0,31
599,538,484,257,204,144,4,0,32
600,513,499,270,209,144,4,0,33
601,486,512,283,218,144,4,0,34
602,456,528,293,232,144,4,0,35
603,422,548,311,242,144,4,0,36
604,387,566,327,258,144,4,0,37
605,347,588,342,273,144,4,0,38
606,302,615,364,288,144,4,0,39
607,252,641,388,310,144,4,0,40
608,198,672,410,329,144,4,0,40
609,135,707,442,352,144,4,0,39
610,65,745,477,331,144,4,0,38
611,2,787,499,289,144,4,0,37
612,1,831,456,246,144,4,0,35
613,2,881,405,196,144,4,0,30
614,2,940,349,136,144,4,0,28
615,3,998,268,79,144,4,0,25
643,1486,823,333,253,145,9,1,28
644,1490,793,320,284,145,9,1,28
645,1490,767,312,309,145,9,1,28
646,1489,736,300,338,145,9,1,28
647,1489,720,293,320,145,9,1,28
648,1488,692,283,316,145,9,1,28
649,1489,674,277,294,145,9,1,28
650,1488,652,265,288,145,9,1,28
651,1489,630,256,277,145,9,1,28
652,1485,613,251,265,145,9,1,28
653,1491,600,240,253,145,9,1,28
654,1484,581,241,247,145,9,1,28
655,1483,560,237,242,145,9,1,28
656,1482,555,226,224,145,9,1,28
657,1473,541,227,215,145,9,1,28
658,1470,527,221,211,145,9,1,28
659,1467,517,216,200,145,9,1,28
660,1464,504,209,198,145,9,1,27
661,1464,493,202,193,145,9,1,27
662,1461,484,197,185,145,9,1,26
663,1455,471,193,184,145,9,1,26
664,1452,464,189,174,145,9,1,26
665,1447,452,185,173,145,9,1,26
666,1444,443,181,169,145,9,1,26
667,1441,436,178,165,145,9,1,26
668,1438,427,168,161,145,9,1,26
669,1436,417,165,157,145,9,1,26
670,1430,411,164,155,145,9,1,26
671,1424,401,162,148,145,9,1,27
672,1420,392,159,147,145,9,1,28
673,1413,387,156,137,145,9,1,29
674,1407,377,155,137,145,9,1,30
675,1406,371,149,130,145,9,1,31
676,1400,364,147,130,145,9,1,32
677,1394,355,144,125,145,9,1,32
678,1389,352,143,120,145,9,1,32
679,1384,342,140,119,145,9,1,32
680,1378,337,138,117,145,9,1,32
681,1373,331,135,114,145,9,1,33
682,1367,327,131,106,145,9,1,33
683,1363,323,127,102,145,9,1,33
684,1354,316,129,103,145,9,1,32
685,1355,310,119,104,145,9,1,32
686,1341,304,125,101,145,9,1,32
687,1335,297,124,100,145,9,1,32
688,1327,293,124,99,145,9,1,32
689,1322,288,119,93,145,9,1,33
690,1315,284,119,94,145,9,1,33
691,1306,280,119,89,145,9,1,34
692,1303,274,113,93,145,9,1,34
693,1297,270,111,85,145,9,1,34
694,1290,266,109,84,145,9,1,34
695,1286,261,106,86,145,9,1,33
696,1280,256,104,86,145,9,1,34
697,1270,252,105,81,145,9,1,34
698,1266,249,102,82,145,9,1,34
699,1257,244,105,81,145,9,1,34
700,1247,240,101,79,145,9,1,35
701,1240,237,102,77,145,9,1,36
702,1235,233,101,77,145,9,1,37
703,1232,229,95,74,145,9,1,37
704,1225,226,94,72,145,9,1,37
705,1218,223,93,73,145,9,1,37
706,1215,219,89,72,145,9,1,37
707,1208,215,88,71,145,9,1,37
708,1196,212,91,70,145,9,1,37
709,1191,210,90,68,145,9,1,38
710,1190,207,83,65,145,9,1,39
711,1178,204,87,64,145,9,1,40
712,1174,200,83,64,145,9,1,41
713,1167,196,84,65,145,9,1,41
714,1160,194,85,61,145,9,1,42
715,1155,192,81,61,145,9,1,41
716,1149,189,81,60,145,9,1,41
717,1144,187,78,60,145,9,1,42
718,1136,183,80,59,145,9,1,41
719,1131,179,78,59,145,9,1,41
720,1129,178,73,58,145,9,1,40
721,1122,176,73,57,145,9,1,41
722,1114,173,73,57,145,9,1,41
723,1107,171,76,55,145,9,1,41
724,1103,169,71,54,145,9,1,41
725,1096,166,72,55,145,9,1,42
726,1089,165,72,51,145,9,1,45
727,1081,162,71,53,145,9,1,44
728,1076,160,71,51,145,9,1,45
729,1071,156,69,54,145,9,1,44
730,1065,155,69,51,145,9,1,44
731,1057,153,70,51,145,9,1,43
732,1054,153,66,49,145,9,1,42
733,1051,151,62,49,145,9,1,43
734,1040,147,66,49,145,9,1,43
735,1033,146,67,49,145,9,1,43
736,1027,145,67,47,145,9,1,43
737,1024,143,64,47,145,9,1,44
738,1017,142,64,45,145,9,1,44
739,1010,141,64,45,145,9,1,44
740,1005,139,63,45,145,9,1,43
741,1000,138,61,44,145,9,1,43
742,996,137,58,43,145,9,1,42
743,988,136,60,43,145,9,1,42
744,982,132,60,44,145,9,1,43
745,978,130,58,44,145,9,1,44
746,973,130,57,42,145,9,1,45
747,964,128,60,42,145,9,1,47
748,963,126,56,42,145,9,1,47
749,955,126,57,40,145,9,1,46
750,948,122,59,44,145,9,1,43
751,944,122,56,42,145,9,1,43
752,938,121,56,43,145,9,1,41
753,934,119,55,42,145,9,1,41
754,930,119,52,40,145,9,1,41
755,922,119,55,40,145,9,1,40
756,917,116,53,41,145,9,1,43
757,912,117,53,39,145,9,1,46
758,912,116,46,37,145,9,1,50
759,901,113,53,38,145,9,1,52
760,901,111,47,38,145,9,1,55
761,892,108,51,40,145,9,1,57
762,885,109,53,37,145,9,1,57
763,881,109,51,36,145,9,1,54
764,872,106,54,38,145,9,1,49
765,872,105,48,38,145,9,1,47
766,864,103,52,39,145,9,1,46
767,860,104,49,36,145,9,1,45
768,854,103,50,36,145,9,1,44
769,850,104,46,35,145,9,1,43
770,842,101,50,37,145,9,1,45
771,837,102,49,34,145,9,1,47
772,833,101,49,34,145,9,1,46
773,829,98,45,36,145,9,1,47
774,826,98,43,36,145,9,1,47
775,817,97,46,34,145,9,1,48
776,813,95,42,36,145,9,1,46
777,803,95,48,36,145,9,1,44
778,797,93,49,36,145,9,1,48
779,793,93,46,35,145,9,1,51
780,784,92,49,33,145,9,1,56
781,781,92,45,32,145,9,1,61
782,775,93,46,31,145,9,1,65
783,772,93,42,28,145,9,1,69
784,769,92,39,29,145,9,1,64
785,769,90,33,31,145,9,1,59
786,764,88,32,33,145,9,1,53
787,743,88,48,32,145,9,1,52
788,735,87,51,34,145,9,1,51
742,1460,721,432,356,148,2,5,58
743,1456,670,398,409,148,2,5,58
744,1450,626,375,387,148,2,5,57
745,1444,585,346,358,148,2,5,57
746,1437,559,326,325,148,2,5,56
747,1430,530,309,305,148,2,5,55
748,1421,511,293,275,148,2,5,55
749,1416,482,277,265,148,2,5,54
750,1409,465,263,247,148,2,5,53
751,1402,447,252,234,148,2,5,52
752,1398,432,240,222,148,2,5,51
753,1391,418,229,207,148,2,5,50
754,1384,400,221,204,148,2,5,49
755,1373,385,214,196,148,2,5,49
756,1364,373,210,187,148,2,5,49
757,1361,364,199,174,148,2,5,49
758,1355,350,191,170,148,2,5,49
759,1346,342,186,163,148,2,5,49
760,1340,329,180,159,148,2,5,49
761,1333,322,174,151,148,2,5,49
762,1325,314,171,146,148,2,5,49
763,1318,304,164,141,148,2,5,49
764,1310,296,162,136,148,2,5,49
765,1303,288,155,133,148,2,5,48
766,1296,280,152,131,148,2,5,48
767,1292,275,144,125,148,2,5,48
768,1282,267,144,122,148,2,5,49
769,1273,261,142,117,148,2,5,49
770,1263,255,141,113,148,2,5,49
771,1259,250,136,111,148,2,5,49
772,1251,243,133,110,148,2,5,50
773,1242,239,131,105,148,2,5,52
774,1235,234,127,97,148,2,5,53
775,1231,231,122,93,148,2,5,52
776,1219,225,125,94,148,2,5,52
777,1214,220,121,93,148,2,5,53
778,1205,216,120,91,148,2,5,52
779,1199,210,114,85,148,2,5,51
780,1191,208,116,87,148,2,5,49
781,1184,202,116,86,148,2,5,51
782,1176,199,113,84,148,2,5,52
783,1170,193,109,82,148,2,5,52
784,1161,191,108,80,148,2,5,51
785,1155,188,105,78,148,2,5,50
786,1150,183,103,79,148,2,5,52
787,1145,182,101,75,148,2,5,51
788,1136,176,100,75,148,2,5,51
789,1130,174,100,74,148,2,5,51
790,1122,168,97,75,148,2,5,51
791,1117,168,96,70,148,2,5,53
792,1112,166,94,70,148,2,5,52
793,1104,163,91,66,148,2,5,51
794,1098,161,90,68,148,2,5,50
795,1090,160,91,66,148,2,5,50
796,1084,155,89,66,148,2,5,51
797,1077,153,89,63,148,2,5,50
798,1072,152,89,62,148,2,5,51
799,1065,150,87,61,148,2,5,51
800,1058,147,87,60,148,2,5,52
801,1051,145,87,60,148,2,5,51
802,1048,143,83,59,148,2,5,51
803,1037,139,86,60,148,2,5,52
804,1033,138,83,57,148,2,5,53
805,1027,137,82,56,148,2,5,54
806,1020,136,81,54,148,2,5,54
807,1015,133,79,54,148,2,5,53
808,1009,131,79,54,148,2,5,52
809,1002,130,80,54,148,2,5,51
810,997,129,76,52,148,2,5,51
811,989,126,76,52,148,2,5,51
812,982,125,78,51,148,2,5,49
813,977,122,75,52,148,2,5,50
814,971,122,74,51,148,2,5,53
815,966,120,71,49,148,2,5,55
816,959,118,73,48,148,2,5,57
817,953,118,73,48,148,2,5,58
818,947,115,69,48,148,2,5,61
819,942,114,68,47,148,2,5,59
820,935,114,70,45,148,2,5,57
821,929,112,69,47,148,2,5,53
822,923,110,68,47,148,2,5,50
823,916,110,70,46,148,2,5,47
824,913,107,64,47,148,2,5,44
825,906,110,67,42,148,2,5,47
826,901,106,65,46,148,2,5,49
827,892,103,67,45,148,2,5,55
828,887,100,64,47,148,2,5,56
829,881,103,65,42,148,2,5,58
830,875,102,68,42,148,2,5,57
831,869,102,64,41,148,2,5,54
832,861,101,66,42,148,2,5,52
833,859,102,62,39,148,2,5,50
834,853,101,61,37,148,2,5,53
835,847,98,63,39,148,2,5,53
836,840,96,61,39,148,2,5,53
837,837,97,60,38,148,2,5,52
838,829,95,61,40,148,2,5,52
839,823,94,62,40,148,2,5,49
840,820,93,59,38,148,2,5,47
841,814,92,59,39,148,2,5,47
842,805,90,61,40,148,2,5,50
843,801,89,58,38,148,2,5,54
844,792,89,64,38,148,2,5,56
845,788,90,61,37,148,2,5,57
846,778,90,58,34,148,2,5,60
847,773,87,59,37,148,2,5,60
848,769,88,57,34,148,2,5,60
849,762,85,58,36,148,2,5,58
850,764,86,53,35,148,2,5,55
851,762,84,45,36,148,2,5,51
852,759,88,45,32,148,2,5,46
853,735,84,63,36,148,2,5,40
854,732,84,59,35,148,2,5,36
855,727,82,58,38,148,2,5,31
1182,349,384,385,169,159,3,1,67
1183,209,383,366,158,159,3,1,67
1184,77,373,353,155,159,3,1,67
1185,0,368,296,150,159,3,1,67
1186,0,361,161,146,159,3,1,67
1531,1526,893,355,182,179,4,0,42
1532,1525,852,347,223,179,4,0,42
1533,1523,812,331,265,179,4,0,42
1534,1518,779,319,298,179,4,0,42
1535,1513,744,304,288,179,4,0,42
1536,1511,710,288,269,179,4,0,41
1537,1504,679,284,252,179,4,0,41
1538,1501,654,267,237,179,4,0,40
1539,1497,627,253,224,179,4,0,40
1540,1496,605,241,205,179,4,0,40
1541,1486,581,234,199,179,4,0,40
1542,1481,556,228,192,179,4,0,40
1543,1478,542,213,183,179,4,0,39
1544,1466,526,213,174,179,4,0,39
1545,1459,510,206,169,179,4,0,38
1546,1454,495,195,160,179,4,0,38
1547,1447,481,189,154,179,4,0,38
1548,1438,465,186,148,179,4,0,38
1549,1434,454,177,143,179,4,0,38
1550,1424,436,174,140,179,4,0,39
1551,1428,427,157,133,179,4,0,40
1552,1420,414,153,128,179,4,0,40
1553,1399,403,162,121,179,4,0,41
1554,1392,390,158,122,179,4,0,41
1555,1386,382,148,117,179,4,0,41
1556,1378,374,144,111,179,4,0,41
1557,1370,363,142,110,179,4,0,41
1558,1370,354,129,106,179,4,0,41
1559,1353,345,133,101,179,4,0,42
1560,1354,337,119,99,179,4,0,42
1561,1346,332,117,93,179,4,0,43
1562,1324,320,127,94,179,4,0,43
1563,1316,314,125,89,179,4,0,44
1564,1307,308,122,86,179,4,0,44
1565,1310,303,108,81,179,4,0,44
1566,1288,293,119,84,179,4,0,45
1567,1295,288,100,80,179,4,0,45
1568,1277,279,109,80,179,4,0,45
1569,1268,273,107,79,179,4,0,45
1570,1266,268,98,76,179,4,0,46
1571,1252,263,102,73,179,4,0,46
1572,1249,258,95,71,179,4,0,48
1573,1246,253,88,68,179,4,0,49
1574,1238,248,87,65,179,4,0,50
1575,1219,242,97,65,179,4,0,50
1576,1205,236,101,65,179,4,0,50
1577,1200,233,95,63,179,4,0,50
1578,1192,225,93,63,179,4,0,50
1579,1197,225,78,59,179,4,0,50
1580,1176,217,92,61,179,4,0,50
1581,1170,214,89,58,179,4,0,51
1582,1162,211,87,56,179,4,0,51
1583,1156,206,85,56,179,4,0,51
1584,1149,202,82,56,179,4,0,51
1585,1140,198,83,55,179,4,0,52
1586,1132,195,82,53,179,4,0,52
1587,1126,192,80,51,179,4,0,52
1588,1122,189,76,51,179,4,0,52
1589,1109,184,80,52,179,4,0,53
1590,1105,181,77,50,179,4,0,53
1591,1099,178,76,49,179,4,0,53
1592,1090,175,75,50,179,4,0,53
1593,1082,172,75,47,179,4,0,55
1594,1075,170,73,46,179,4,0,55
1595,1068,166,75,47,179,4,0,55
1596,1062,163,71,46,179,4,0,56
1597,1055,161,71,45,179,4,0,55
1598,1049,159,69,44,179,4,0,55
1599,1042,156,69,44,179,4,0,54
1600,1036,153,68,44,179,4,0,55
1601,1028,150,68,43,179,4,0,57
1602,1022,148,67,43,179,4,0,58
1603,1015,147,65,39,179,4,0,61
1604,1008,145,65,39,179,4,0,61
1605,1002,144,62,37,179,4,0,60
1606,996,143,60,37,179,4,0,57
1607,990,140,60,38,179,4,0,55
1608,981,137,62,39,179,4,0,52
1609,973,133,62,40,179,4,0,50
1610,967,132,61,40,179,4,0,50
1611,961,133,61,36,179,4,0,52
1612,955,131,61,36,179,4,0,54
1613,948,129,60,35,179,4,0,57
1614,940,126,57,36,179,4,0,59
1615,932,126,59,33,179,4,0,60
1616,926,124,57,34,179,4,0,58
1617,915,121,61,35,179,4,0,56
1618,911,120,57,36,179,4,0,56
1619,905,121,57,33,179,4,0,56
1620,898,118,55,33,179,4,0,57
1621,891,114,55,35,179,4,0,58
1622,884,112,55,35,179,4,0,61
1623,878,112,54,33,179,4,0,63
1624,869,112,54,32,179,4,0,64
1625,862,112,56,30,179,4,0,61
1626,856,111,52,29,179,4,0,60
1627,855,109,46,31,179,4,0,59
1628,842,107,53,30,179,4,0,62
1629,836,106,53,30,179,4,0,61
1630,832,105,49,29,179,4,0,61
1631,825,103,47,31,179,4,0,59
1632,817,103,46,29,179,4,0,59
1633,809,103,49,29,179,4,0,59
1634,801,100,51,29,179,4,0,57
1635,793,101,50,27,179,4,0,57
1636,784,100,53,28,179,4,0,55
1637,777,98,51,28,179,4,0,59
1638,773,97,50,28,179,4,0,59
1639,767,96,48,28,179,4,0,61
1640,766,95,41,27,179,4,0,60
1641,764,93,35,28,179,4,0,53
1642,762,94,31,27,179,4,0,46
1643,734,94,53,30,179,4,0,39
1644,730,92,49,30,179,4,0,40
911,729,112,54,33,181,3,0,141
912,732,113,56,32,181,3,0,126
913,737,113,55,36,181,3,0,113
914,751,114,45,35,181,3,0,93
915,756,114,47,38,181,3,0,81
916,758,114,49,39,181,3,0,71
917,765,113,42,39,181,3,0,61
918,761,116,50,39,181,3,0,57
919,770,117,41,39,181,3,0,50
920,774,125,42,34,181,3,0,51
921,777,125,46,34,181,3,0,51
922,782,127,55,36,181,3,0,55
923,786,126,59,38,181,3,0,55
924,792,128,57,39,181,3,0,55
925,802,128,51,40,181,3,0,56
926,814,133,42,36,181,3,0,53
927,809,131,53,42,181,3,0,52
928,813,132,54,41,181,3,0,48
929,813,135,60,40,181,3,0,48
930,819,134,57,43,181,3,0,48
931,827,138,55,41,181,3,0,47
932,830,140,54,42,181,3,0,47
933,834,142,54,41,181,3,0,45
934,832,142,59,43,181,3,0,46
935,836,146,61,41,181,3,0,44
936,841,147,61,43,181,3,0,42
937,842,147,62,43,181,3,0,40
938,847,149,62,43,181,3,0,40
939,849,150,64,45,181,3,0,40
940,853,154,65,43,181,3,0,40
941,857,152,66,47,181,3,0,41
942,860,155,64,47,181,3,0,42
943,862,157,66,48,181,3,0,43
944,867,159,66,48,181,3,0,42
945,868,158,67,50,181,3,0,41
946,872,161,66,50,181,3,0,41
947,876,166,69,48,181,3,0,41
948,879,169,69,48,181,3,0,40
949,880,168,70,51,181,3,0,41
950,885,173,68,48,181,3,0,41
951,887,174,69,51,181,3,0,41
952,890,176,71,51,181,3,0,40
953,892,176,72,53,181,3,0,39
954,896,178,73,55,181,3,0,39
955,900,181,72,54,181,3,0,38
956,901,184,73,54,181,3,0,38
957,905,186,71,55,181,3,0,38
958,905,189,75,57,181,3,0,38
959,908,191,76,56,181,3,0,38
960,911,196,75,54,181,3,0,37
961,913,198,76,56,181,3,0,37
962,915,198,77,58,181,3,0,35
963,917,200,77,59,181,3,0,35
964,919,201,77,61,181,3,0,35
965,919,204,79,63,181,3,0,35
966,921,209,79,61,181,3,0,35
967,925,213,76,59,181,3,0,34
968,926,212,78,64,181,3,0,34
969,928,214,79,66,181,3,0,33
970,929,219,79,63,181,3,0,32
971,931,223,80,62,181,3,0,31
972,930,224,83,66,181,3,0,31
973,931,226,83,67,181,3,0,30
974,931,226,85,70,181,3,0,29
975,933,232,86,67,181,3,0,29
976,934,234,85,69,181,3,0,28
977,935,235,86,70,181,3,0,26
978,935,233,87,74,181,3,0,25
979,936,240,86,72,181,3,0,25
980,936,244,88,71,181,3,0,25
981,936,247,89,71,181,3,0,24
982,936,249,90,73,181,3,0,24
983,935,250,94,75,181,3,0,24
984,936,252,91,75,181,3,0,23
985,935,254,95,78,181,3,0,23
986,934,256,95,77,181,3,0,22
987,934,257,95,80,181,3,0,22
988,933,262,96,80,181,3,0,21
989,932,265,98,80,181,3,0,20
990,933,266,93,80,181,3,0,19
991,931,268,96,80,181,3,0,18
992,929,270,97,81,181,3,0,17
993,929,270,97,85,181,3,0,16
994,928,274,98,82,181,3,0,15
995,927,274,98,84,181,3,0,15
996,926,275,99,86,181,3,0,15
997,925,276,100,88,181,3,0,15
998,924,279,100,90,181,3,0,15
999,921,280,104,90,181,3,0,14
1000,922,281,102,90,181,3,0,13
1001,922,282,102,91,181,3,0,12
1002,922,288,102,86,181,3,0,10
1003,921,286,104,90,181,3,0,8
1004,920,291,104,85,181,3,0,7
1005,920,290,102,87,181,3,0,6
1006,920,287,101,91,181,3,0,6
1007,920,290,104,90,181,3,0,5
1008,920,293,105,88,181,3,0,5
1009,920,292,101,89,181,3,0,5
1010,918,291,106,91,181,3,0,5
1011,918,291,105,92,181,3,0,5
1012,918,293,105,90,181,3,0,4
1013,918,293,106,91,181,3,0,4
1014,918,293,106,92,181,3,0,4
1015,917,293,107,94,181,3,0,3
1016,917,292,106,95,181,3,0,3
1017,917,295,107,93,181,3,0,3
1018,917,295,106,93,181,3,0,2
1019,917,296,106,91,181,3,0,2
1020,917,295,106,92,181,3,0,1
1021,917,296,107,92,181,3,0,1
1022,917,296,106,92,181,3,0,0
1023,917,298,106,91,181,3,0,0
1024,917,298,106,91,181,3,0,1
1025,917,298,106,91,181,3,0,1
1026,917,298,106,91,181,3,0,1
1027,917,297,106,92,181,3,0,0
1028,917,297,106,92,181,3,0,0
1029,917,297,107,92,181,3,0,0
1030,916,296,108,93,181,3,0,0
1031,916,296,108,92,181,3,0,0
1032,917,296,107,92,181,3,0,0
1033,917,297,107,92,181,3,0,0
1034,916,297,107,92,181,3,0,0
1035,916,297,107,92,181,3,0,0
1036,916,298,107,92,181,3,0,0
1037,916,298,107,92,181,3,0,0
1038,916,298,107,92,181,3,0,0
1039,917,298,107,92,181,3,0,0
1040,916,297,107,92,181,3,0,0
1041,916,297,107,92,181,3,0,0
1042,916,297,107,93,181,3,0,0
1043,916,297,107,92,181,3,0,0
1044,916,297,107,92,181,3,0,0
1045,916,298,107,91,181,3,0,0
1046,916,298,107,91,181,3,0,0
1047,916,298,107,91,181,3,0,0
1048,916,298,108,91,181,3,0,0
1049,916,297,108,92,181,3,0,0
1050,916,297,107,92,181,3,0,0
1051,916,297,108,92,181,3,0,0
1052,916,298,107,92,181,3,0,0
1053,916,298,107,91,181,3,0,0
1054,916,298,107,91,181,3,0,0
1055,916,298,107,91,181,3,0,0
1056,916,299,107,91,181,3,0,0
1057,916,298,107,91,181,3,0,0
1058,916,298,107,91,181,3,0,0
1059,916,298,107,91,181,3,0,0
1060,916,297,107,92,181,3,0,0
1061,916,297,107,92,181,3,0,0
1062,916,297,107,92,181,3,0,0
1063,916,297,107,92,181,3,0,0
1064,916,298,108,92,181,3,0,0
1065,916,298,107,92,181,3,0,0
1066,916,298,107,92,181,3,0,0
1067,916,297,108,92,181,3,0,0
1068,915,297,108,92,181,3,0,0
1069,915,297,108,92,181,3,0,0
1070,915,298,108,92,181,3,0,0
1071,915,298,108,92,181,3,0,0
1072,915,298,109,92,181,3,0,0
1073,915,298,109,92,181,3,0,0
1074,915,298,108,91,181,3,0,0
1075,915,298,108,92,181,3,0,0
1076,915,298,109,92,181,3,0,0
1077,915,298,109,92,181,3,0,0
1078,915,298,109,92,181,3,0,0
1079,915,298,109,92,181,3,0,0
1080,917,297,106,92,181,3,0,0
1081,917,297,106,92,181,3,0,0
1082,917,297,106,93,181,3,0,0
1083,917,297,106,93,181,3,0,0
1084,917,297,106,92,181,3,0,0
1085,917,297,106,92,181,3,0,0
1086,917,297,106,92,181,3,0,0
1087,917,297,106,93,181,3,0,0
1088,917,297,106,93,181,3,0,0
1089,917,297,107,93,181,3,0,0
1090,917,297,106,93,181,3,0,0
1091,917,297,106,93,181,3,0,0
1092,917,297,106,93,181,3,0,0
1093,917,297,106,93,181,3,0,0
1094,917,297,107,92,181,3,0,0
1095,917,297,106,92,181,3,0,0
1096,917,297,106,93,181,3,0,0
1097,917,298,106,92,181,3,0,0
1098,917,297,107,92,181,3,0,0
1099,917,297,107,93,181,3,0,0
1100,916,297,107,93,181,3,0,1
1101,916,297,107,91,181,3,0,2
1102,917,297,107,86,181,3,0,2
1103,917,297,107,91,181,3,0,1
1104,917,298,107,91,181,3,0,0
1105,917,297,107,91,181,3,0,0
1106,917,297,107,92,181,3,0,1
1107,917,297,107,92,181,3,0,1
1108,917,297,108,92,181,3,0,1
1109,917,297,108,92,181,3,0,0
1110,917,297,106,92,181,3,0,0
1111,917,297,106,92,181,3,0,0
1112,917,297,106,92,181,3,0,0
1113,917,297,106,92,181,3,0,0
1114,917,297,106,92,181,3,0,0
1115,917,297,106,91,181,3,0,0
1116,917,297,106,91,181,3,0,0
1117,917,296,107,92,181,3,0,0
1118,916,296,108,92,181,3,0,0
1119,917,296,107,92,181,3,0,0
1120,916,296,108,92,181,3,0,0
1121,916,296,108,92,181,3,0,0
1122,915,297,108,92,181,3,0,0
1123,915,297,108,92,181,3,0,0
1124,916,297,108,92,181,3,0,0
1125,916,297,108,92,181,3,0,0
1126,916,297,108,92,181,3,0,0
1127,916,297,108,92,181,3,0,0
1128,916,297,108,92,181,3,0,0
1129,917,297,108,92,181,3,0,0
1130,917,298,107,91,181,3,0,0
1131,917,298,107,91,181,3,0,0
1132,916,297,107,91,181,3,0,0
1133,917,297,107,92,181,3,0,0
1134,917,297,107,92,181,3,0,0
1135,918,297,106,92,181,3,0,0
1136,918,297,106,92,181,3,0,0
1137,918,297,106,92,181,3,0,0
1138,918,297,106,92,181,3,0,0
1139,917,297,107,92,181,3,0,0
1140,916,296,107,93,181,3,0,0
1141,916,296,107,92,181,3,0,0
1142,916,297,107,92,181,3,0,0
1143,917,296,108,93,181,3,0,0
1144,916,296,108,93,181,3,0,0
1145,916,296,109,93,181,3,0,0
1146,917,296,108,93,181,3,0,0
1147,916,296,108,93,181,3,0,0
1148,916,296,108,93,181,3,0,0
1149,916,296,108,93,181,3,0,0
1150,916,297,108,92,181,3,0,0
1151,916,297,108,92,181,3,0,0
1152,917,297,107,92,181,3,0,0
1153,917,297,107,92,181,3,0,0
1154,917,297,107,92,181,3,0,0
1155,917,297,107,92,181,3,0,0
1156,917,297,107,92,181,3,0,0
1157,917,297,107,92,181,3,0,0
1158,917,297,107,92,181,3,0,0
1159,917,297,107,91,181,3,0,0
1160,916,297,107,92,181,3,0,0
1161,916,297,107,92,181,3,0,0
1162,916,297,107,93,181,3,0,0
1163,917,297,107,93,181,3,0,0
1164,916,297,107,93,181,3,0,0
1165,916,298,107,92,181,3,0,0
1166,916,298,107,92,181,3,0,0
1167,916,298,108,92,181,3,0,0
1168,916,298,108,92,181,3,0,0
1169,917,298,107,91,181,3,0,0
1170,916,297,107,92,181,3,0,0
1171,916,298,107,92,181,3,0,0
1172,916,297,107,92,181,3,0,0
1173,916,297,107,92,181,3,0,0
1174,916,296,107,92,181,3,0,0
1175,916,296,108,92,181,3,0,0
1176,916,297,107,92,181,3,0,0
1177,916,297,107,92,181,3,0,0
1178,916,297,107,92,181,3,0,0
1179,916,297,108,92,181,3,0,0
1180,915,295,108,94,181,3,0,0
1181,915,296,108,93,181,3,0,0
1182,915,296,109,93,181,3,0,0
1183,915,296,109,93,181,3,0,0
1184,915,296,108,93,181,3,0,0
1185,915,296,109,93,181,3,0,0
1186,915,296,109,93,181,3,0,0
1187,915,296,108,93,181,3,0,0
1188,916,296,108,93,181,3,0,0
1189,916,296,108,93,181,3,0,0
1190,915,295,108,93,181,3,0,0
1191,915,295,108,93,181,3,0,0
1192,916,295,108,93,181,3,0,0
1193,916,295,108,94,181,3,0,0
1194,916,295,108,93,181,3,0,0
1195,916,296,107,93,181,3,0,0
1196,917,296,107,93,181,3,0,0
1197,917,296,107,93,181,3,0,0
1198,917,297,106,92,181,3,0,0
1199,917,296,107,93,181,3,0,0
1200,916,296,108,93,181,3,0,0
1201,916,296,109,93,181,3,0,0
1202,916,296,109,93,181,3,0,0
1203,916,296,109,93,181,3,0,0
1204,915,296,109,93,181,3,0,0
1205,915,297,109,92,181,3,0,0
1206,916,297,109,93,181,3,0,0
1207,916,297,109,92,181,3,0,0
1208,916,297,109,92,181,3,0,0
1209,916,297,109,92,181,3,0,0
1210,916,297,108,92,181,3,0,0
1211,916,298,107,92,181,3,0,0
1212,916,297,107,92,181,3,0,0
1213,916,298,108,92,181,3,0,0
1214,917,297,107,92,181,3,0,0
1215,917,297,107,92,181,3,0,0
1216,917,297,107,92,181,3,0,0
1217,917,297,107,92,181,3,0,0
1218,917,298,107,92,181,3,0,0
1219,917,297,107,92,181,3,0,0
1220,917,297,108,93,181,3,0,0
1221,916,297,108,92,181,3,0,0
1222,916,297,108,92,181,3,0,0
1223,917,297,107,92,181,3,0,0
1224,917,296,107,93,181,3,0,0
1225,917,296,107,93,181,3,0,0
1226,917,297,107,93,181,3,0,0
1227,917,296,107,93,181,3,0,0
1228,917,297,107,93,181,3,0,0
1229,917,297,107,92,181,3,0,0
1230,916,295,108,94,181,3,0,0
1231,916,296,108,94,181,3,0,0
1232,916,295,108,94,181,3,0,0
1233,917,296,107,93,181,3,0,0
1234,916,296,107,93,181,3,0,0
1235,916,296,107,93,181,3,0,0
1236,916,296,108,93,181,3,0,0
1237,916,296,108,93,181,3,0,0
1238,916,296,108,93,181,3,0,0
1239,916,296,108,93,181,3,0,0
1240,917,297,108,92,181,3,0,0
1241,917,297,108,92,181,3,0,0
1242,917,297,108,92,181,3,0,0
1243,917,297,108,92,181,3,0,0
1244,917,297,107,92,181,3,0,0
1245,917,297,107,92,181,3,0,0
1246,917,297,107,92,181,3,0,0
1247,917,297,107,92,181,3,0,0
1248,917,298,107,92,181,3,0,0
1249,917,298,107,92,181,3,0,0
1250,915,296,108,93,181,3,0,0
1251,915,296,108,93,181,3,0,0
1252,916,296,107,93,181,3,0,0
1253,916,296,107,93,181,3,0,0
1254,916,296,107,93,181,3,0,0
1255,916,296,108,93,181,3,0,0
1256,916,296,107,93,181,3,0,0
1257,916,297,107,93,181,3,0,0
1258,916,297,108,93,181,3,0,0
1259,917,296,106,93,181,3,0,0
1260,916,297,108,92,181,3,0,0
1261,916,296,108,92,181,3,0,0
1262,916,297,108,91,181,3,0,0
1263,916,297,108,92,181,3,0,0
1264,916,297,109,92,181,3,0,0
1265,916,296,108,92,181,3,0,0
1266,916,296,109,92,181,3,0,0
1267,916,296,108,92,181,3,0,0
1268,916,297,108,91,181,3,0,0
1269,916,297,108,92,181,3,0,0
1270,916,298,108,91,181,3,0,0
1271,916,298,108,91,181,3,0,0
1272,916,297,107,91,181,3,0,0
1273,916,297,107,92,181,3,0,0
1274,916,297,107,91,181,3,0,0
1275,916,296,108,93,181,3,0,0
1276,916,295,110,92,181,3,0,0
1277,916,296,108,92,181,3,0,0
1278,916,296,108,92,181,3,0,0
1279,916,296,108,92,181,3,0,0
1280,916,297,107,91,181,3,0,0
1281,916,297,108,92,181,3,0,0
1282,916,297,107,92,181,3,0,0
1283,916,297,107,92,181,3,0,0
1284,917,296,105,92,181,3,0,0
1285,917,297,105,92,181,3,0,0
1286,917,297,105,92,181,3,0,0
1287,917,296,106,93,181,3,0,0
1288,917,296,106,93,181,3,0,0
1289,917,296,107,93,181,3,0,0
1290,917,296,106,93,181,3,0,0
1291,916,296,106,93,181,3,0,0
1292,916,295,108,94,181,3,0,0
1293,917,296,108,93,181,3,0,0
1294,917,296,108,93,181,3,0,0
1295,917,295,108,93,181,3,0,0
1296,915,296,109,93,181,3,0,0
1297,915,295,109,94,181,3,0,0
1298,915,296,109,94,181,3,0,0
1299,916,296,109,93,181,3,0,0
1300,916,295,108,95,181,3,0,0
1301,916,295,108,95,181,3,0,0
1302,916,295,108,95,181,3,0,0
1303,916,295,108,94,181,3,0,0
1304,916,295,108,94,181,3,0,0
1305,917,295,108,94,181,3,0,0
1306,916,295,108,94,181,3,0,0
1307,916,295,108,94,181,3,0,0
1308,916,295,108,94,181,3,0,0
1309,916,295,108,94,181,3,0,0
1310,916,295,109,94,181,3,0,0
1311,916,295,108,94,181,3,0,0
1312,916,296,108,94,181,3,0,0
1313,916,296,108,94,181,3,0,0
1314,916,296,108,94,181,3,0,0
1315,916,296,108,94,181,3,0,0
1316,916,296,108,93,181,3,0,0
1317,916,296,108,93,181,3,0,0
1318,916,296,108,93,181,3,0,0
1319,916,296,108,93,181,3,0,0
1320,916,296,108,94,181,3,0,0
1321,916,296,108,94,181,3,0,0
1322,916,296,108,94,181,3,0,0
1323,916,296,108,94,181,3,0,0
1324,916,296,108,94,181,3,0,0
1325,916,295,108,94,181,3,0,0
1326,916,296,107,94,181,3,0,0
1327,916,295,108,94,181,3,0,0
1328,916,295,108,93,181,3,0,0
1329,916,295,107,94,181,3,0,0
1330,916,295,107,94,181,3,0,0
1331,917,295,107,94,181,3,0,0
1332,916,295,108,94,181,3,0,0
1333,916,295,108,93,181,3,0,0
1334,916,295,108,93,181,3,0,0
1335,915,295,109,93,181,3,0,0
1336,915,295,108,94,181,3,0,0
1337,915,295,108,94,181,3,0,0
1338,916,295,108,94,181,3,0,0
1339,916,295,108,94,181,3,0,0
1340,915,296,108,93,181,3,0,0
1341,916,296,108,93,181,3,0,0
1342,915,296,108,93,181,3,0,0
1343,915,296,108,93,181,3,0,0
1344,915,296,108,93,181,3,0,0
1345,915,296,108,93,181,3,0,0
1346,915,296,108,93,181,3,0,0
1347,915,297,107,93,181,3,0,0
1348,915,297,107,93,181,3,0,0
1349,915,296,108,93,181,3,0,0
1350,916,296,108,93,181,3,0,0
1351,916,296,108,94,181,3,0,0
1352,916,295,108,94,181,3,0,0
1353,916,295,108,94,181,3,0,0
1354,916,295,108,94,181,3,0,0
1355,916,295,108,94,181,3,0,0
1356,915,296,108,93,181,3,0,0
1357,914,296,109,93,181,3,0,0
1358,914,296,109,94,181,3,0,0
1359,915,296,109,94,181,3,0,0
1360,916,296,108,94,181,3,0,0
1361,916,296,108,94,181,3,0,0
1362,915,295,109,94,181,3,0,0
1363,915,295,108,94,181,3,0,0
1364,915,296,109,94,181,3,0,0
1365,915,295,109,94,181,3,0,0
1366,915,295,109,94,181,3,0,0
1367,915,296,109,94,181,3,0,0
1368,915,296,108,94,181,3,0,0
1369,916,296,108,93,181,3,0,0
1370,915,296,108,93,181,3,0,0
1371,915,296,109,94,181,3,0,0
1372,915,295,109,94,181,3,0,0
1373,915,295,109,94,181,3,0,0
1374,915,295,108,94,181,3,0,0
1375,915,295,108,94,181,3,0,0
1376,915,295,109,94,181,3,0,0
1377,915,295,109,94,181,3,0,0
1378,915,295,109,94,181,3,0,0
1379,915,295,109,94,181,3,0,0
1380,916,295,107,94,181,3,0,0
1381,916,295,107,94,181,3,0,0
1382,916,296,107,93,181,3,0,0
1383,916,296,107,93,181,3,0,0
1384,916,296,107,93,181,3,0,0
1385,917,296,107,93,181,3,0,0
1386,916,296,107,93,181,3,0,0
1387,916,296,107,93,181,3,0,0
1388,916,296,108,93,181,3,0,0
1389,916,296,108,93,181,3,0,0
1390,917,296,107,93,181,3,0,0
1391,917,296,107,93,181,3,0,0
1392,917,295,107,94,181,3,0,0
1393,917,295,107,94,181,3,0,0
1394,917,296,107,93,181,3,0,0
1395,917,295,106,94,181,3,0,0
1396,917,296,106,93,181,3,0,0
1397,917,296,107,93,181,3,0,0
1398,917,296,107,93,181,3,0,0
1399,917,296,107,93,181,3,0,0
1400,916,296,108,93,181,3,0,0
1401,916,296,108,93,181,3,0,0
1402,916,296,108,93,181,3,0,0
1403,916,296,108,93,181,3,0,0
1404,915,296,108,93,181,3,0,0
1405,915,296,108,93,181,3,0,0
1406,916,296,109,93,181,3,0,0
1407,916,296,108,93,181,3,0,0
1408,915,296,109,93,181,3,0,0
1409,915,296,109,93,181,3,0,0
1410,916,295,108,94,181,3,0,0
1411,916,296,107,93,181,3,0,0
1412,916,296,107,93,181,3,0,0
1413,917,296,107,93,181,3,0,0
1414,916,296,108,93,181,3,0,0
1415,916,296,108,93,181,3,0,0
1416,917,296,107,93,181,3,0,0
1417,917,296,107,93,181,3,0,0
1418,916,296,107,93,181,3,0,0
1419,916,296,107,93,181,3,0,0
1420,916,296,108,93,181,3,0,0
1421,916,296,108,93,181,3,0,0
1422,916,296,108,93,181,3,0,0
1423,916,296,108,93,181,3,0,0
1424,916,296,108,93,181,3,0,0
1425,916,296,108,93,181,3,0,0
1426,916,296,108,93,181,3,0,0
1427,916,296,108,93,181,3,0,0
1428,916,297,108,93,181,3,0,0
1429,916,296,108,93,181,3,0,0
1430,917,296,107,93,181,3,0,0
1431,917,296,106,93,181,3,0,0
1432,918,296,106,92,181,3,0,0
1433,918,297,106,92,181,3,0,0
1434,918,297,106,92,181,3,0,0
1435,918,297,106,92,181,3,0,0
1436,917,297,107,92,181,3,0,0
1437,917,297,108,92,181,3,0,0
1438,917,297,108,92,181,3,0,0
1439,918,297,107,91,181,3,0,0
1440,916,297,107,93,181,3,0,0
1441,916,297,107,93,181,3,0,0
1442,916,297,108,93,181,3,0,0
1443,916,297,108,92,181,3,0,0
1444,916,297,107,92,181,3,0,0
1445,916,297,108,92,181,3,0,0
1446,917,297,107,92,181,3,0,0
1447,916,297,107,92,181,3,0,0
1448,916,297,107,92,181,3,0,0
1449,917,297,107,92,181,3,0,0
1450,918,297,106,93,181,3,0,0
1451,918,297,106,93,181,3,0,0
1452,917,297,107,92,181,3,0,0
1453,917,296,106,92,181,3,0,0
1454,918,296,106,93,181,3,0,0
1455,918,296,106,93,181,3,0,0
1456,918,296,106,93,181,3,0,0
1457,918,296,106,93,181,3,0,0
1458,918,296,106,93,181,3,0,0
1459,918,296,106,93,181,3,0,0
1460,917,297,108,92,181,3,0,0
1461,916,297,108,92,181,3,0,0
1462,917,297,109,92,181,3,0,0
1463,917,297,108,92,181,3,0,0
1464,917,296,107,93,181,3,0,0
1465,918,297,106,92,181,3,0,0
1466,918,297,107,91,181,3,0,0
1467,917,297,107,91,181,3,0,0
1468,917,298,107,91,181,3,0,0
1469,917,297,107,91,181,3,0,0
1470,917,297,107,92,181,3,0,0
1471,917,297,107,92,181,3,0,0
1472,917,297,107,91,181,3,0,0
1473,917,298,107,91,181,3,0,0
1474,917,297,107,92,181,3,0,0
1475,917,297,107,92,181,3,0,0
1476,916,296,108,93,181,3,0,0
1477,916,297,107,92,181,3,0,0
1478,917,296,107,93,181,3,0,0
1479,917,296,107,92,181,3,0,0
1480,916,296,108,93,181,3,0,0
1481,916,296,109,93,181,3,0,0
1482,916,296,109,93,181,3,0,0
1483,916,296,109,93,181,3,0,0
1484,917,296,108,92,181,3,0,0
1485,917,296,107,93,181,3,0,0
1486,917,296,107,93,181,3,0,0
1487,917,296,107,93,181,3,0,0
1488,917,296,108,93,181,3,0,0
1489,917,296,108,93,181,3,0,0
1490,917,297,108,92,181,3,0,0
1491,917,297,108,92,181,3,0,0
1492,917,297,108,92,181,3,0,0
1493,917,297,108,92,181,3,0,0
1494,917,297,108,92,181,3,0,0
1495,917,297,107,92,181,3,0,0
1496,917,297,107,92,181,3,0,0
1497,917,297,107,92,181,3,0,0
1498,918,298,108,91,181,3,0,0
1499,917,298,108,91,181,3,0,0
1500,917,296,108,93,181,3,0,0
1501,917,296,107,92,181,3,0,0
1502,917,297,107,92,181,3,0,0
1503,917,297,107,92,181,3,0,0
1504,917,297,107,92,181,3,0,0
1505,917,297,107,91,181,3,0,0
1506,917,297,107,91,181,3,0,0
1507,917,297,107,91,181,3,0,0
1508,917,297,107,92,181,3,0,0
1509,917,297,107,92,181,3,0,0
1510,917,296,107,92,181,3,0,0
1511,918,297,106,92,181,3,0,0
1512,917,296,106,93,181,3,0,0
1513,917,296,106,93,181,3,0,0
1514,917,296,107,93,181,3,0,0
1515,917,296,107,93,181,3,0,0
1516,917,296,107,93,181,3,0,0
1517,917,296,107,93,181,3,0,0
1518,918,296,107,93,181,3,0,0
1519,918,296,107,92,181,3,0,0
1520,917,296,107,93,181,3,0,0
1521,917,297,107,92,181,3,0,0
1522,917,297,107,92,181,3,0,0
1523,917,297,107,92,181,3,0,0
1524,917,297,107,93,181,3,0,0
1525,917,296,107,93,181,3,0,0
1526,916,296,107,93,181,3,0,0
1527,916,296,107,93,181,3,0,0
1528,916,296,107,93,181,3,0,0
1529,916,296,107,94,181,3,0,0
1530,917,296,107,93,181,3,0,0
1531,917,297,107,92,181,3,0,0
1532,917,297,107,92,181,3,0,0
1533,917,297,107,92,181,3,0,0
1534,917,296,107,93,181,3,0,0
1535,917,296,107,93,181,3,0,0
1536,916,296,108,93,181,3,0,0
1537,916,296,108,93,181,3,0,0
1538,916,296,108,93,181,3,0,0
1539,916,296,108,93,181,3,0,0
1540,916,297,109,92,181,3,0,0
1541,916,297,108,91,181,3,0,0
1542,916,297,108,92,181,3,0,0
1543,916,297,108,92,181,3,0,0
1544,918,296,107,92,181,3,0,0
1545,918,296,107,92,181,3,0,0
1546,918,296,107,93,181,3,0,0
1547,917,296,108,92,181,3,0,0
1548,916,298,108,91,181,3,0,0
1549,916,298,109,91,181,3,0,0
1550,916,298,107,91,181,3,0,0
1551,915,297,109,92,181,3,0,0
1552,915,297,109,92,181,3,0,0
1553,916,298,108,91,181,3,0,0
1554,915,297,110,92,181,3,0,0
1555,916,297,109,92,181,3,0,0
1556,916,296,109,93,181,3,0,0
1557,916,297,109,92,181,3,0,0
1558,916,298,108,92,181,3,0,0
1559,916,298,107,91,181,3,0,0
1560,916,297,107,93,181,3,0,0
1561,916,295,108,94,181,3,0,0
1562,916,295,108,94,181,3,0,0
1563,916,295,108,94,181,3,0,0
1564,916,295,108,94,181,3,0,0
1565,916,296,109,93,181,3,0,0
1566,916,296,109,93,181,3,0,0
1567,916,296,109,94,181,3,0,0
1568,916,297,108,92,181,3,0,0
1569,916,296,109,93,181,3,0,0
1570,917,297,108,92,181,3,0,0
1571,916,297,108,92,181,3,0,0
1572,916,297,108,92,181,3,0,0
1573,916,297,108,92,181,3,0,0
1574,916,297,108,92,181,3,0,0
1575,917,297,108,92,181,3,0,0
1576,916,297,108,92,181,3,0,0
1577,916,297,108,92,181,3,0,0
1578,916,296,108,92,181,3,0,0
1579,916,296,108,92,181,3,0,0
1580,916,296,108,93,181,3,0,0
1581,916,296,108,93,181,3,0,0
1582,916,296,108,93,181,3,0,0
1583,916,296,108,92,181,3,0,0
1584,915,296,109,93,181,3,0,0
1585,915,296,108,93,181,3,0,0
1586,915,296,108,93,181,3,0,0
1587,915,296,108,93,181,3,0,0
1588,915,296,108,93,181,3,0,0
1589,915,296,109,93,181,3,0,0
1590,916,297,108,92,181,3,0,0
1591,916,297,109,91,181,3,0,0
1592,917,298,107,91,181,3,0,0
1593,916,297,109,91,181,3,0,0
1594,916,297,108,91,181,3,0,0
1595,917,298,106,91,181,3,0,0
1596,917,298,106,91,181,3,0,0
1597,917,297,107,92,181,3,0,0
1598,916,297,108,92,181,3,0,0
1599,917,297,108,92,181,3,0,0
1600,917,296,107,94,181,3,0,0
1601,917,296,108,93,181,3,0,0
1602,917,296,108,93,181,3,0,0
1603,917,296,107,93,181,3,0,0
1604,917,296,107,93,181,3,0,0
1605,916,295,107,94,181,3,0,0
1606,916,296,107,93,181,3,0,0
1607,917,296,107,93,181,3,0,0
1608,916,296,107,93,181,3,0,0
1609,916,297,107,92,181,3,0,0
1610,916,297,108,92,181,3,0,0
1611,915,297,109,92,181,3,0,0
1612,916,297,109,92,181,3,0,0
1613,916,297,108,92,181,3,0,0
1614,917,297,107,91,181,3,0,0
1615,917,297,106,92,181,3,0,0
1616,917,297,107,93,181,3,0,0
1617,917,296,107,94,181,3,0,0
1618,917,296,108,93,181,3,0,0
1619,916,296,108,94,181,3,0,0
1620,915,295,109,94,181,3,0,0
1621,916,295,108,96,181,3,0,0
1622,915,297,109,94,181,3,0,1
1623,915,300,109,92,181,3,0,1
1624,916,301,109,91,181,3,0,2
1625,916,300,108,94,181,3,0,3
1626,915,298,109,98,181,3,0,4
1627,915,302,110,94,181,3,0,4
1628,914,305,110,94,181,3,0,5
1629,913,306,111,93,181,3,0,5
1630,914,307,110,95,181,3,0,6
1631,912,306,113,97,181,3,0,6
1632,912,308,113,94,181,3,0,7
1633,911,308,111,99,181,3,0,8
1634,910,311,115,97,181,3,0,8
1635,910,311,114,100,181,3,0,9
1636,909,314,113,100,181,3,0,10
1637,908,315,114,103,181,3,0,11
1638,906,317,116,105,181,3,0,12
1639,904,318,119,107,181,3,0,12
1640,902,322,120,106,181,3,0,13
1641,897,323,124,108,181,3,0,14
1642,896,329,125,107,181,3,0,14
1643,892,333,128,108,181,3,0,14
1644,891,333,129,111,181,3,0,14
1645,888,337,131,111,181,3,0,15
1646,885,340,134,113,181,3,0,16
1647,881,344,136,117,181,3,0,17
1648,875,347,142,119,181,3,0,19
1649,872,351,144,122,181,3,0,20
1650,866,357,145,125,181,3,0,22
1651,862,363,147,127,181,3,0,22
1652,856,369,151,127,181,3,0,23
1653,849,374,156,128,181,3,0,23
1654,842,378,160,135,181,3,0,24
1655,835,386,161,134,181,3,0,24
1656,825,394,167,138,181,3,0,25
1657,817,402,172,141,181,3,0,26
1658,808,410,177,144,181,3,0,27
1659,798,415,179,153,181,3,0,28
1660,786,424,188,153,181,3,0,28
1661,775,437,192,152,181,3,0,28
1662,761,441,199,162,181,3,0,28
1663,748,454,204,163,181,3,0,28
1664,730,463,217,171,181,3,0,29
1665,715,472,224,178,181,3,0,29
1666,696,480,232,186,181,3,0,30
1667,675,496,242,191,181,3,0,31
1668,652,509,252,201,181,3,0,32
1669,627,523,265,212,181,3,0,33
1670,597,541,281,220,181,3,0,34
1671,567,559,296,231,181,3,0,35
1672,534,576,315,248,181,3,0,36
1673,497,598,332,261,181,3,0,37
1674,452,624,355,277,181,3,0,38
1675,406,645,376,301,181,3,0,39
1676,352,680,403,314,181,3,0,39
1677,300,710,426,338,181,3,0,39
1678,233,745,461,331,181,3,0,38
1679,169,785,492,290,181,3,0,37
1680,111,829,508,245,181,3,0,35
1681,83,871,490,203,181,3,0,32
1682,46,925,482,152,181,3,0,30
1683,16,983,447,93,181,3,0,28
922,724,103,61,38,182,6,1,114
923,729,103,63,38,182,6,1,113
924,734,103,62,41,182,6,1,112
925,740,102,61,46,182,6,1,110
926,752,106,54,44,182,6,1,110
927,760,107,48,40,182,6,1,109
928,766,103,46,49,182,6,1,107
929,769,109,45,42,182,6,1,92
930,765,106,59,48,182,6,1,74
931,770,106,59,49,182,6,1,60
932,776,109,63,47,182,6,1,57
933,778,110,62,45,182,6,1,59
934,786,111,59,48,182,6,1,55
935,791,113,58,47,182,6,1,50
936,793,114,61,47,182,6,1,48
937,797,114,64,47,182,6,1,50
938,805,117,58,49,182,6,1,51
939,806,116,64,52,182,6,1,52
940,809,121,64,47,182,6,1,52
941,809,122,71,50,182,6,1,55
942,822,127,61,47,182,6,1,53
943,825,126,64,49,182,6,1,51
944,828,128,63,48,182,6,1,48
945,832,132,68,47,182,6,1,46
946,835,130,65,50,182,6,1,43
947,839,130,68,52,182,6,1,42
948,843,130,68,54,182,6,1,42
949,846,133,70,54,182,6,1,41
950,848,131,71,56,182,6,1,39
951,854,131,69,58,182,6,1,38
952,858,135,67,56,182,6,1,37
953,860,134,69,59,182,6,1,37
954,863,135,70,59,182,6,1,37
955,868,139,71,59,182,6,1,38
956,870,138,72,62,182,6,1,40
957,873,141,75,60,182,6,1,41
958,877,140,71,65,182,6,1,43
959,882,145,69,62,182,6,1,42
960,885,144,71,66,182,6,1,42
961,887,146,73,65,182,6,1,41
962,889,146,74,68,182,6,1,38
963,891,150,75,65,182,6,1,35
964,894,148,74,67,182,6,1,31
965,897,154,75,62,182,6,1,30
966,901,156,74,63,182,6,1,31
967,905,159,75,64,182,6,1,32
968,906,159,77,68,182,6,1,33
969,908,159,79,67,182,6,1,35
970,909,159,81,70,182,6,1,37
971,910,161,81,70,182,6,1,37
972,914,163,80,71,182,6,1,35
973,915,164,81,72,182,6,1,34
974,916,166,81,71,182,6,1,32
975,920,167,82,75,182,6,1,31
976,920,170,86,72,182,6,1,30
977,922,170,86,74,182,6,1,29
978,928,172,83,77,182,6,1,31
979,928,171,84,79,182,6,1,31
980,930,174,89,82,182,6,1,33
981,930,175,92,83,182,6,1,33
982,932,178,91,83,182,6,1,34
983,934,177,91,84,182,6,1,33
984,934,181,90,85,182,6,1,32
985,934,181,93,86,182,6,1,32
986,937,186,90,86,182,6,1,32
987,936,187,93,91,182,6,1,32
988,938,191,90,85,182,6,1,31
989,941,192,90,84,182,6,1,30
990,941,191,91,88,182,6,1,29
991,941,195,91,86,182,6,1,26
992,942,197,91,88,182,6,1,24
993,944,197,90,87,182,6,1,22
994,943,198,92,89,182,6,1,22
995,943,200,95,89,182,6,1,22
996,945,201,93,93,182,6,1,22
997,944,203,95,92,182,6,1,22
998,944,203,94,96,182,6,1,22
999,944,206,94,95,182,6,1,21
1000,943,209,97,93,182,6,1,19
1001,944,209,95,93,182,6,1,18
1002,943,208,97,97,182,6,1,16
1003,944,209,96,99,182,6,1,15
1004,943,212,97,96,182,6,1,13
1005,944,213,97,97,182,6,1,13
1006,943,215,100,96,182,6,1,13
1007,942,214,100,95,182,6,1,13
1008,943,217,100,96,182,6,1,13
1009,944,217,100,97,182,6,1,13
1010,943,217,100,98,182,6,1,13
1011,944,221,99,98,182,6,1,13
1012,942,218,101,101,182,6,1,14
1013,943,218,99,101,182,6,1,15
1014,947,223,97,104,182,6,1,17
1015,943,222,102,102,182,6,1,19
1016,943,223,102,105,182,6,1,20
1017,943,224,100,106,182,6,1,20
1018,943,223,102,106,182,6,1,17
1019,942,225,103,105,182,6,1,14
1020,944,229,101,101,182,6,1,10
1021,944,230,101,101,182,6,1,8
1022,945,228,102,104,182,6,1,6
1023,944,227,102,105,182,6,1,4
1024,945,228,101,105,182,6,1,4
1025,945,228,101,105,182,6,1,3
1026,945,228,101,105,182,6,1,3
1027,943,229,103,104,182,6,1,2
1028,943,230,103,104,182,6,1,1
1029,943,230,103,102,182,6,1,0
1030,945,231,99,102,182,6,1,0
1031,945,232,98,101,182,6,1,0
1032,945,232,99,101,182,6,1,0
1033,944,233,100,97,182,6,1,1
1034,944,233,100,98,182,6,1,0
1035,944,233,100,99,182,6,1,0
1036,944,233,100,99,182,6,1,0
1037,941,232,103,99,182,6,1,0
1038,942,232,102,99,182,6,1,0
1039,943,232,101,98,182,6,1,0
1040,943,232,102,99,182,6,1,0
1041,943,232,102,98,182,6,1,0
1042,942,232,103,98,182,6,1,0
1043,942,232,104,99,182,6,1,0
1044,941,232,105,99,182,6,1,0
1045,940,232,105,99,182,6,1,0
1046,940,232,105,99,182,6,1,0
1047,941,232,105,99,182,6,1,0
1048,941,232,105,99,182,6,1,0
1049,941,232,104,99,182,6,1,1
1050,942,232,104,101,182,6,1,1
1051,942,232,104,101,182,6,1,1
1052,942,232,104,101,182,6,1,1
1053,941,233,104,100,182,6,1,1
1054,941,233,104,100,182,6,1,1
1055,941,233,104,101,182,6,1,1
1056,941,233,104,100,182,6,1,0
1057,941,233,104,100,182,6,1,0
1058,941,233,104,100,182,6,1,0
1059,941,233,104,100,182,6,1,0
1060,941,231,104,101,182,6,1,1
1061,941,231,104,101,182,6,1,1
1062,941,231,104,101,182,6,1,0
1063,941,233,105,101,182,6,1,0
1064,941,232,105,101,182,6,1,0
1065,940,232,105,101,182,6,1,0
1066,940,232,106,101,182,6,1,1
1067,940,232,106,102,182,6,1,1
1068,941,232,104,102,182,6,1,1
1069,941,231,105,102,182,6,1,0
1070,941,232,105,102,182,6,1,0
1071,941,232,105,101,182,6,1,0
1072,941,232,105,101,182,6,1,0
1073,941,233,106,101,182,6,1,0
1074,940,232,106,101,182,6,1,0
1075,940,233,105,101,182,6,1,0
1076,941,233,105,100,182,6,1,0
1077,941,233,105,101,182,6,1,0
1078,940,232,106,101,182,6,1,0
1079,940,233,105,100,182,6,1,0
1080,941,234,104,98,182,6,1,0
1081,941,234,104,97,182,6,1,0
1082,941,235,104,98,182,6,1,0
1083,942,236,103,96,182,6,1,0
1084,942,236,103,96,182,6,1,0
1085,942,236,103,97,182,6,1,0
1086,942,236,103,96,182,6,1,0
1087,942,235,103,96,182,6,1,0
1088,943,235,102,96,182,6,1,0
1089,943,235,102,97,182,6,1,0
1090,944,235,101,96,182,6,1,0
1091,944,235,102,97,182,6,1,0
1092,943,234,102,96,182,6,1,0
1093,943,234,102,97,182,6,1,1
1094,943,233,102,97,182,6,1,1
1095,943,234,102,96,182,6,1,0
1096,942,233,103,97,182,6,1,0
1097,942,233,104,98,182,6,1,0
1098,942,233,103,97,182,6,1,0
1099,943,232,103,98,182,6,1,0
1100,943,232,102,99,182,6,1,0
1101,943,232,102,98,182,6,1,0
1102,943,232,102,98,182,6,1,0
1103,943,232,101,99,182,6,1,0
1104,942,232,102,99,182,6,1,0
1105,942,232,102,98,182,6,1,0
1106,943,231,101,100,182,6,1,0
1107,943,232,101,97,182,6,1,0
1108,943,232,101,98,182,6,1,0
1109,943,232,101,99,182,6,1,0
1110,944,232,100,99,182,6,1,0
1111,944,232,100,100,182,6,1,1
1112,944,232,100,99,182,6,1,1
1113,944,232,100,100,182,6,1,1
1114,944,232,101,100,182,6,1,0
1115,943,232,102,99,182,6,1,0
1116,944,231,102,101,182,6,1,0
1117,944,231,102,101,182,6,1,0
1118,944,232,102,100,182,6,1,0
1119,943,232,102,101,182,6,1,0
1120,944,233,101,100,182,6,1,0
1121,943,233,102,99,182,6,1,0
1122,943,232,102,100,182,6,1,0
1123,943,232,101,99,182,6,1,0
1124,943,232,102,100,182,6,1,0
1125,943,232,101,99,182,6,1,0
1126,943,232,101,100,182,6,1,1
1127,943,232,102,98,182,6,1,1
1128,943,232,102,98,182,6,1,2
1129,943,232,103,99,182,6,1,2
1130,943,232,101,96,182,6,1,3
1131,943,232,101,98,182,6,1,3
1132,943,232,101,98,182,6,1,3
1133,944,232,100,92,182,6,1,4
1134,944,232,101,96,182,6,1,3
1135,944,232,101,94,182,6,1,3
1136,944,232,101,94,182,6,1,2
1137,944,232,101,96,182,6,1,2
1138,943,232,101,96,182,6,1,2
1139,943,232,101,96,182,6,1,3
1140,943,233,102,99,182,6,1,4
1141,943,233,102,99,182,6,1,4
1142,943,233,101,99,182,6,1,3
1143,943,232,102,98,182,6,1,2
1144,943,232,102,97,182,6,1,2
1145,943,232,102,97,182,6,1,2
1146,943,232,102,97,182,6,1,3
1147,943,232,102,96,182,6,1,3
1148,943,232,102,96,182,6,1,2
1149,943,232,102,96,182,6,1,1
1150,944,231,101,97,182,6,1,2
1151,944,231,101,97,182,6,1,3
1152,944,231,101,93,182,6,1,5
1153,944,231,100,91,182,6,1,5
1154,944,231,100,93,182,6,1,4
1155,944,231,101,93,182,6,1,3
1156,944,231,101,95,182,6,1,2
1157,944,231,100,94,182,6,1,2
1158,944,231,100,95,182,6,1,3
1159,944,231,101,94,182,6,1,4
1160,943,232,101,98,182,6,1,4
1161,943,231,101,97,182,6,1,2
1162,943,231,101,93,182,6,1,2
1163,943,231,102,94,182,6,1,3
1164,943,231,102,99,182,6,1,3
1165,943,230,102,100,182,6,1,3
1166,943,231,102,101,182,6,1,4
1167,943,231,102,100,182,6,1,6
1168,943,231,102,100,182,6,1,6
1169,943,231,102,100,182,6,1,4
1170,943,231,102,99,182,6,1,2
1171,943,231,102,100,182,6,1,1
1172,943,232,103,100,182,6,1,1
1173,943,232,103,100,182,6,1,1
1174,943,232,103,101,182,6,1,2
1175,943,232,103,101,182,6,1,2
1176,943,231,102,97,182,6,1,3
1177,943,231,102,97,182,6,1,3
1178,943,231,102,97,182,6,1,2
1179,943,232,102,98,182,6,1,1
1180,943,232,102,100,182,6,1,2
1181,943,232,102,99,182,6,1,3
1182,943,232,102,99,182,6,1,4
1183,943,232,102,99,182,6,1,3
1184,943,232,102,99,182,6,1,2
1185,943,232,103,100,182,6,1,1
1186,943,232,102,99,182,6,1,0
1187,943,232,102,99,182,6,1,0
1188,943,231,103,101,182,6,1,0
1189,943,231,103,101,182,6,1,1
1190,943,232,102,101,182,6,1,1
1191,943,232,102,101,182,6,1,1
1192,943,232,102,101,182,6,1,1
1193,943,232,102,101,182,6,1,1
1194,943,231,102,101,182,6,1,0
1195,943,232,102,101,182,6,1,0
1196,943,232,102,101,182,6,1,1
1197,943,231,102,101,182,6,1,2
1198,943,231,102,101,182,6,1,2
1199,943,231,102,100,182,6,1,1
1200,944,233,103,100,182,6,1,0
1201,943,233,103,100,182,6,1,0
1202,943,233,103,100,182,6,1,0
1203,943,233,103,100,182,6,1,1
1204,943,233,103,100,182,6,1,1
1205,943,233,103,100,182,6,1,1
1206,943,233,103,100,182,6,1,0
1207,943,232,102,100,182,6,1,0
1208,943,233,102,99,182,6,1,1
1209,943,233,102,99,182,6,1,1
1210,944,232,102,99,182,6,1,1
1211,944,232,102,99,182,6,1,2
1212,944,233,101,99,182,6,1,1
1213,944,232,101,98,182,6,1,1
1214,943,232,101,99,182,6,1,0
1215,944,232,101,99,182,6,1,0
1216,944,232,101,99,182,6,1,0
1217,944,232,101,99,182,6,1,0
1218,944,232,102,100,182,6,1,0
1219,944,232,101,99,182,6,1,0
1220,944,232,102,99,182,6,1,0
1221,944,232,102,99,182,6,1,0
1222,944,232,102,99,182,6,1,0
1223,943,233,102,100,182,6,1,0
1224,943,233,102,98,182,6,1,0
1225,943,233,102,98,182,6,1,0
1226,943,233,102,98,182,6,1,0
1227,943,233,102,99,182,6,1,0
1228,943,233,102,99,182,6,1,0
1229,943,233,102,99,182,6,1,0
1230,943,232,102,101,182,6,1,0
1231,943,232,102,101,182,6,1,0
1232,943,232,102,101,182,6,1,0
1233,943,232,103,101,182,6,1,0
1234,943,232,102,101,182,6,1,0
1235,943,232,102,101,182,6,1,0
1236,943,231,102,102,182,6,1,0
1237,943,231,102,102,182,6,1,0
1238,943,231,102,102,182,6,1,0
1239,943,231,102,102,182,6,1,0
1240,943,232,102,101,182,6,1,0
1241,943,232,102,101,182,6,1,0
1242,943,232,102,101,182,6,1,0
1243,943,232,103,101,182,6,1,0
1244,943,232,102,101,182,6,1,0
1245,943,232,102,101,182,6,1,0
1246,944,232,102,101,182,6,1,0
1247,944,233,102,101,182,6,1,1
1248,943,232,102,99,182,6,1,2
1249,944,232,101,99,182,6,1,4
1250,944,233,100,94,182,6,1,6
1251,944,233,100,95,182,6,1,6
1252,944,233,100,95,182,6,1,6
1253,944,233,100,95,182,6,1,5
1254,944,233,100,95,182,6,1,4
1255,944,233,100,94,182,6,1,3
1256,944,233,100,95,182,6,1,1
1257,944,233,100,94,182,6,1,1
1258,944,233,100,94,182,6,1,0
1259,944,233,100,94,182,6,1,1
1260,943,232,101,98,182,6,1,2
1261,943,232,101,98,182,6,1,2
1262,944,232,101,98,182,6,1,1
1263,944,232,100,96,182,6,1,1
1264,943,232,101,97,182,6,1,1
1265,943,232,101,97,182,6,1,0
1266,943,232,101,98,182,6,1,0
1267,943,232,101,98,182,6,1,0
1268,943,232,101,98,182,6,1,0
1269,943,232,102,98,182,6,1,1
1270,943,233,102,95,182,6,1,1
1271,943,232,102,95,182,6,1,2
1272,944,232,101,94,182,6,1,3
1273,943,231,101,96,182,6,1,3
1274,944,231,101,93,182,6,1,4
1275,943,231,101,100,182,6,1,3
1276,943,231,101,100,182,6,1,4
1277,944,231,101,103,182,6,1,5
1278,945,231,99,101,182,6,1,8
1279,945,231,99,103,182,6,1,9
1280,944,231,100,105,182,6,1,10
1281,944,231,100,105,182,6,1,8
1282,944,231,100,106,182,6,1,8
1283,944,231,100,107,182,6,1,6
1284,944,231,101,107,182,6,1,5
1285,944,231,101,107,182,6,1,4
1286,944,231,100,106,182,6,1,3
1287,944,231,100,106,182,6,1,2
1288,945,232,99,107,182,6,1,1
1289,945,232,100,106,182,6,1,0
1290,944,231,102,107,182,6,1,0
1291,944,231,102,107,182,6,1,1
1292,944,232,101,108,182,6,1,2
1293,944,233,101,107,182,6,1,3
1294,944,233,101,108,182,6,1,2
1295,944,233,101,107,182,6,1,2
1296,944,233,101,106,182,6,1,1
1297,944,233,101,107,182,6,1,1
1298,944,232,101,107,182,6,1,1
1299,944,232,101,107,182,6,1,2
1300,944,233,102,105,182,6,1,2
1301,944,233,102,105,182,6,1,1
1302,944,233,101,106,182,6,1,0
1303,944,233,102,106,182,6,1,0
1304,944,233,103,106,182,6,1,0
1305,943,233,103,106,182,6,1,0
1306,943,233,102,105,182,6,1,0
1307,943,233,103,105,182,6,1,0
1308,944,233,102,106,182,6,1,0
1309,944,233,101,106,182,6,1,0
1310,944,233,101,106,182,6,1,0
1311,944,233,101,106,182,6,1,0
1312,943,233,102,106,182,6,1,0
1313,944,233,101,106,182,6,1,0
1314,944,233,101,106,182,6,1,0
1315,944,234,101,106,182,6,1,0
1316,944,233,101,106,182,6,1,0
1317,944,233,101,106,182,6,1,0
1318,944,233,101,106,182,6,1,0
1319,944,233,102,106,182,6,1,0
1320,944,233,103,106,182,6,1,0
1321,944,233,103,106,182,6,1,0
1322,944,233,103,106,182,6,1,0
1323,944,233,103,106,182,6,1,0
1324,944,233,103,106,182,6,1,0
1325,944,233,104,106,182,6,1,0
1326,944,233,103,106,182,6,1,0
1327,942,232,105,106,182,6,1,0
1328,942,232,105,106,182,6,1,0
1329,943,232,105,106,182,6,1,0
1330,944,233,103,106,182,6,1,0
1331,944,233,103,106,182,6,1,0
1332,943,233,103,106,182,6,1,0
1333,944,233,102,106,182,6,1,0
1334,944,233,102,106,182,6,1,0
1335,943,233,103,106,182,6,1,0
1336,944,233,102,106,182,6,1,0
1337,943,232,102,106,182,6,1,0
1338,943,232,102,107,182,6,1,0
1339,943,232,102,107,182,6,1,0
1340,943,232,103,107,182,6,1,0
1341,943,232,103,107,182,6,1,0
1342,943,233,103,107,182,6,1,1
1343,943,233,104,107,182,6,1,1
1344,943,233,103,107,182,6,1,1
1345,943,232,104,107,182,6,1,0
1346,941,232,105,108,182,6,1,0
1347,942,232,105,108,182,6,1,0
1348,942,232,105,108,182,6,1,0
1349,943,232,104,108,182,6,1,0
1350,944,233,103,107,182,6,1,0
1351,943,233,103,107,182,6,1,0
1352,943,233,103,107,182,6,1,0
1353,944,233,102,107,182,6,1,0
1354,944,233,102,107,182,6,1,0
1355,943,233,103,107,182,6,1,0
1356,943,233,102,108,182,6,1,0
1357,943,232,102,108,182,6,1,0
1358,943,232,102,108,182,6,1,0
1359,943,232,104,108,182,6,1,0
1360,943,233,103,108,182,6,1,0
1361,943,233,103,108,182,6,1,0
1362,942,233,104,108,182,6,1,0
1363,943,233,103,107,182,6,1,0
1364,943,232,103,108,182,6,1,0
1365,942,232,104,108,182,6,1,0
1366,942,232,104,107,182,6,1,1
1367,942,232,104,107,182,6,1,1
1368,943,232,103,107,182,6,1,0
1369,943,233,103,108,182,6,1,0
1370,943,233,103,106,182,6,1,0
1371,943,233,103,106,182,6,1,0
1372,943,232,104,107,182,6,1,0
1373,942,232,104,107,182,6,1,0
1374,942,232,104,107,182,6,1,0
1375,942,232,104,107,182,6,1,0
1376,943,232,104,107,182,6,1,0
1377,943,232,103,107,182,6,1,0
1378,943,232,104,107,182,6,1,0
1379,943,232,104,106,182,6,1,0
1380,944,232,102,107,182,6,1,0
1381,943,232,103,107,182,6,1,0
1382,943,232,103,107,182,6,1,0
1383,942,232,103,107,182,6,1,0
1384,942,232,103,107,182,6,1,0
1385,942,232,104,107,182,6,1,0
1386,942,232,104,108,182,6,1,0
1387,942,232,104,108,182,6,1,0
1388,942,232,104,108,182,6,1,0
1389,942,232,104,108,182,6,1,0
1390,943,232,103,106,182,6,1,0
1391,943,232,103,106,182,6,1,0
1392,943,232,103,107,182,6,1,0
1393,942,232,103,107,182,6,1,0
1394,942,232,104,107,182,6,1,0
1395,943,232,103,107,182,6,1,0
1396,943,232,103,107,182,6,1,0
1397,943,232,103,107,182,6,1,0
1398,943,232,103,107,182,6,1,0
1399,943,232,103,107,182,6,1,0
1400,943,232,104,107,182,6,1,0
1401,943,232,104,107,182,6,1,0
1402,943,232,104,107,182,6,1,0
1403,943,232,104,107,182,6,1,0
1404,944,232,103,107,182,6,1,0
1405,943,232,103,107,182,6,1,0
1406,943,232,104,107,182,6,1,0
1407,943,232,104,106,182,6,1,0
1408,943,232,104,106,182,6,1,0
1409,943,232,104,106,182,6,1,0
1410,943,232,104,105,182,6,1,0
1411,943,233,104,105,182,6,1,0
1412,943,233,104,106,182,6,1,0
1413,943,233,104,105,182,6,1,0
1414,943,232,104,105,182,6,1,0
1415,943,232,104,106,182,6,1,0
1416,943,233,103,106,182,6,1,0
1417,943,233,103,106,182,6,1,0
1418,943,233,103,104,182,6,1,0
1419,943,233,103,105,182,6,1,0
1420,942,232,104,106,182,6,1,0
1421,942,233,104,106,182,6,1,0
1422,943,233,104,106,182,6,1,0
1423,943,233,104,106,182,6,1,0
1424,943,233,103,106,182,6,1,0
1425,943,233,104,106,182,6,1,0
1426,943,233,103,106,182,6,1,0
1427,943,233,103,107,182,6,1,0
1428,943,233,104,107,182,6,1,0
1429,942,233,104,107,182,6,1,0
1430,943,234,103,104,182,6,1,0
1431,943,234,103,104,182,6,1,0
1432,944,233,103,105,182,6,1,1
1433,943,233,103,105,182,6,1,1
1434,943,233,103,105,182,6,1,1
1435,944,233,102,105,182,6,1,1
1436,943,233,104,106,182,6,1,0
1437,943,233,104,106,182,6,1,0
1438,943,233,104,105,182,6,1,0
1439,943,233,103,106,182,6,1,0
1440,943,234,104,105,182,6,1,0
1441,943,234,104,105,182,6,1,0
1442,942,233,105,106,182,6,1,0
1443,942,234,105,106,182,6,1,0
1444,942,234,105,106,182,6,1,0
1445,942,234,106,106,182,6,1,0
1446,941,233,106,106,182,6,1,0
1447,942,233,105,106,182,6,1,0
1448,942,233,105,106,182,6,1,0
1449,942,233,104,106,182,6,1,0
1450,943,233,104,106,182,6,1,0
1451,943,234,104,106,182,6,1,0
1452,943,234,104,106,182,6,1,0
1453,943,234,104,106,182,6,1,0
1454,943,233,103,106,182,6,1,0
1455,943,233,103,107,182,6,1,0
1456,943,233,104,107,182,6,1,0
1457,942,233,104,106,182,6,1,0
1458,942,233,104,106,182,6,1,0
1459,942,234,104,106,182,6,1,0
1460,942,233,105,106,182,6,1,0
1461,942,233,105,106,182,6,1,0
1462,941,234,106,106,182,6,1,0
1463,941,234,107,106,182,6,1,0
1464,942,234,106,106,182,6,1,0
1465,942,233,106,107,182,6,1,0
1466,942,232,105,107,182,6,1,0
1467,942,233,105,106,182,6,1,0
1468,942,234,104,105,182,6,1,1
1469,942,234,104,105,182,6,1,1
1470,943,235,102,104,182,6,1,0
1471,943,235,102,104,182,6,1,0
1472,942,234,103,105,182,6,1,0
1473,942,234,103,105,182,6,1,0
1474,942,234,103,106,182,6,1,0
1475,941,233,105,107,182,6,1,0
1476,940,234,107,106,182,6,1,0
1477,940,234,106,105,182,6,1,0
1478,941,233,105,106,182,6,1,0
1479,941,234,106,107,182,6,1,0
1480,942,234,104,106,182,6,1,0
1481,942,234,105,106,182,6,1,0
1482,941,235,106,106,182,6,1,0
1483,941,234,106,106,182,6,1,0
1484,941,234,105,105,182,6,1,0
1485,942,234,105,105,182,6,1,0
1486,941,234,105,105,182,6,1,0
1487,941,234,105,105,182,6,1,0
1488,942,234,104,105,182,6,1,0
1489,941,234,105,106,182,6,1,0
1490,942,233,105,106,182,6,1,0
1491,942,233,105,106,182,6,1,0
1492,942,233,104,105,182,6,1,0
1493,942,233,104,105,182,6,1,0
1494,942,233,104,104,182,6,1,0
1495,942,233,104,105,182,6,1,0
1496,942,233,103,105,182,6,1,0
1497,942,232,103,106,182,6,1,1
1498,942,233,105,106,182,6,1,1
1499,942,234,105,105,182,6,1,2
1500,941,234,107,106,182,6,1,1
1501,941,234,106,105,182,6,1,0
1502,941,233,105,105,182,6,1,0
1503,941,234,104,105,182,6,1,0
1504,941,233,105,105,182,6,1,0
1505,941,234,105,105,182,6,1,0
1506,941,234,105,105,182,6,1,0
1507,941,234,105,104,182,6,1,0
1508,941,233,106,106,182,6,1,0
1509,941,233,106,106,182,6,1,0
1510,942,232,106,107,182,6,1,0
1511,942,233,105,105,182,6,1,0
1512,942,234,104,105,182,6,1,0
1513,942,234,104,105,182,6,1,0
1514,942,233,105,106,182,6,1,0
1515,941,233,106,107,182,6,1,0
1516,941,233,106,106,182,6,1,0
1517,941,233,106,106,182,6,1,0
1518,941,233,106,106,182,6,1,0
1519,941,233,106,106,182,6,1,0
1520,943,233,104,105,182,6,1,0
1521,941,233,105,106,182,6,1,0
1522,941,233,105,106,182,6,1,0
1523,941,233,105,106,182,6,1,0
1524,941,233,105,107,182,6,1,0
1525,942,233,105,107,182,6,1,0
1526,942,233,105,106,182,6,1,0
1527,942,233,105,106,182,6,1,0
1528,942,233,105,106,182,6,1,0
1529,942,233,105,106,182,6,1,0
1530,941,235,104,105,182,6,1,0
1531,940,235,106,106,182,6,1,0
1532,939,234,107,106,182,6,1,0
1533,940,234,107,106,182,6,1,0
1534,940,233,107,107,182,6,1,0
1535,940,234,106,107,182,6,1,0
1536,941,234,106,106,182,6,1,0
1537,941,234,105,106,182,6,1,0
1538,941,234,104,105,182,6,1,0
1539,941,233,105,106,182,6,1,0
1540,940,234,105,107,182,6,1,0
1541,940,235,105,106,182,6,1,0
1542,941,235,105,106,182,6,1,0
1543,941,234,104,106,182,6,1,0
1544,942,234,103,106,182,6,1,0
1545,942,234,103,106,182,6,1,0
1546,942,233,104,107,182,6,1,0
1547,941,234,104,106,182,6,1,0
1548,940,234,105,106,182,6,1,0
1549,940,234,105,106,182,6,1,0
1550,939,235,107,104,182,6,1,0
1551,939,236,107,104,182,6,1,0
1552,939,235,107,105,182,6,1,0
1553,939,234,106,105,182,6,1,0
1554,940,234,105,105,182,6,1,0
1555,940,234,106,106,182,6,1,0
1556,940,234,106,107,182,6,1,0
1557,940,236,105,104,182,6,1,0
1558,939,235,107,105,182,6,1,0
1559,939,234,107,106,182,6,1,0
1560,939,235,107,105,182,6,1,0
1561,940,235,106,105,182,6,1,0
1562,940,235,107,105,182,6,1,0
1563,941,235,106,105,182,6,1,0
1564,941,235,107,105,182,6,1,0
1565,940,235,107,105,182,6,1,0
1566,940,234,107,106,182,6,1,0
1567,941,234,106,106,182,6,1,0
1568,939,234,108,105,182,6,1,0
1569,939,234,108,107,182,6,1,0
1570,941,235,105,104,182,6,1,0
1571,941,235,105,104,182,6,1,0
1572,942,234,104,104,182,6,1,0
1573,942,234,104,104,182,6,1,0
1574,942,234,105,104,182,6,1,0
1575,942,234,104,104,182,6,1,0
1576,941,234,105,104,182,6,1,0
1577,941,235,105,104,182,6,1,0
1578,940,234,107,105,182,6,1,0
1579,940,234,107,104,182,6,1,0
1580,940,235,107,104,182,6,1,0
1581,941,235,107,105,182,6,1,0
1582,940,235,107,105,182,6,1,1
1583,941,234,106,105,182,6,1,0
1584,940,235,108,105,182,6,1,0
1585,940,235,107,105,182,6,1,0
1586,940,234,108,105,182,6,1,0
1587,940,234,108,106,182,6,1,0
1588,940,234,107,106,182,6,1,0
1589,941,235,107,106,182,6,1,0
1590,942,233,105,107,182,6,1,0
1591,941,232,107,108,182,6,1,0
1592,942,232,107,108,182,6,1,0
1593,942,232,107,108,182,6,1,0
1594,942,234,106,107,182,6,1,0
1595,941,234,105,106,182,6,1,0
1596,941,234,106,107,182,6,1,0
1597,941,234,105,107,182,6,1,0
1598,941,234,105,107,182,6,1,0
1599,942,233,105,107,182,6,1,0
1600,942,232,105,108,182,6,1,0
1601,942,232,106,108,182,6,1,0
1602,942,233,106,108,182,6,1,0
1603,942,232,105,108,182,6,1,0
1604,942,233,105,107,182,6,1,0
1605,941,234,106,107,182,6,1,0
1606,941,233,106,108,182,6,1,0
1607,942,233,105,108,182,6,1,0
1608,941,233,106,108,182,6,1,0
1609,941,232,106,109,182,6,1,0
1610,943,233,104,108,182,6,1,0
1611,943,232,104,108,182,6,1,0
1612,943,232,105,108,182,6,1,0
1613,942,233,105,108,182,6,1,0
1614,942,233,104,107,182,6,1,0
1615,941,233,106,107,182,6,1,0
1616,940,233,105,107,182,6,1,0
1617,940,232,107,108,182,6,1,0
1618,940,232,107,108,182,6,1,0
1619,941,232,107,108,182,6,1,1
1620,943,232,105,110,182,6,1,2
1621,942,233,105,110,182,6,1,2
1622,942,234,105,109,182,6,1,2
1623,942,234,105,108,182,6,1,2
1624,942,235,105,107,182,6,1,2
1625,941,234,106,109,182,6,1,2
1626,941,235,107,109,182,6,1,1
1627,942,236,107,109,182,6,1,2
1628,942,237,105,109,182,6,1,3
1629,942,237,105,108,182,6,1,4
1630,942,238,105,109,182,6,1,5
1631,942,238,105,110,182,6,1,5
1632,943,239,105,108,182,6,1,4
1633,945,239,102,108,182,6,1,3
1634,944,237,104,110,182,6,1,3
1635,943,237,103,110,182,6,1,4
1636,942,239,105,114,182,6,1,5
1637,942,239,105,115,182,6,1,7
1638,940,240,108,113,182,6,1,8
1639,938,241,108,117,182,6,1,10
1640,940,243,106,116,182,6,1,11
1641,939,249,109,112,182,6,1,12
1642,938,246,107,120,182,6,1,13
1643,939,246,106,120,182,6,1,13
1644,939,248,108,121,182,6,1,13
1645,938,251,110,118,182,6,1,13
1646,936,253,111,122,182,6,1,14
1647,935,255,113,122,182,6,1,13
1648,935,256,112,122,182,6,1,13
1649,934,259,115,122,182,6,1,15
1650,931,262,117,123,182,6,1,16
1651,930,264,119,128,182,6,1,17
1652,927,265,123,130,182,6,1,17
1653,927,268,122,131,182,6,1,18
1654,924,271,125,132,182,6,1,19
1655,923,272,126,132,182,6,1,19
1656,920,276,129,136,182,6,1,19
1657,917,280,131,135,182,6,1,19
1658,914,282,132,139,182,6,1,19
1659,911,290,137,135,182,6,1,20
1660,908,291,140,138,182,6,1,20
1661,902,293,145,146,182,6,1,21
1662,900,296,145,147,182,6,1,22
1663,897,302,147,149,182,6,1,23
1664,891,306,152,151,182,6,1,24
1665,886,309,154,157,182,6,1,25
1666,879,314,161,157,182,6,1,25
1667,872,317,164,166,182,6,1,26
1668,865,322,169,168,182,6,1,26
1669,860,328,172,170,182,6,1,27
1670,853,336,174,171,182,6,1,27
1671,846,345,177,175,182,6,1,28
1672,835,346,184,183,182,6,1,28
1673,824,364,190,178,182,6,1,28
1674,816,367,195,185,182,6,1,29
1675,804,364,202,200,182,6,1,29
1676,792,373,208,206,182,6,1,30
1677,780,377,213,216,182,6,1,30
1678,766,385,222,225,182,6,1,31
1679,751,398,228,224,182,6,1,31
1680,731,402,245,239,182,6,1,32
1681,713,415,251,244,182,6,1,32
1682,689,420,272,257,182,6,1,33
1683,669,433,278,271,182,6,1,34
1684,646,447,287,280,182,6,1,35
1685,614,461,305,295,182,6,1,36
1686,586,474,321,309,182,6,1,37
1687,554,492,336,330,182,6,1,39
1688,515,511,358,346,182,6,1,40
1689,476,530,378,375,182,6,1,41
1690,434,553,399,398,182,6,1,42
1691,384,573,427,433,182,6,1,41
1692,327,604,461,458,182,6,1,40
1693,265,628,496,451,182,6,1,37
1694,193,670,541,405,182,6,1,34
1695,115,709,585,365,182,6,1,31
1696,83,753,573,323,182,6,1,26
1697,3,801,608,275,182,6,1,21
1698,1,853,557,221,182,6,1,17
1699,1,914,484,160,182,6,1,16
1700,0,988,376,88,182,6,1,15
1453,920,196,78,84,183,3,0,102
1454,921,195,77,84,183,3,0,93
1455,919,200,77,90,183,3,0,82
1456,918,200,77,93,183,3,0,66
1457,918,198,78,97,183,3,0,57
1458,918,198,80,93,183,3,0,49
1459,918,197,80,99,183,3,0,41
1460,918,198,81,99,183,3,0,31
1461,918,198,81,100,183,3,0,21
1462,918,198,80,102,183,3,0,16
1463,919,198,80,99,183,3,0,11
1464,918,198,80,100,183,3,0,9
1465,918,199,79,99,183,3,0,5
1466,918,199,80,101,183,3,0,4
1467,918,200,80,100,183,3,0,4
1468,918,201,80,100,183,3,0,4
1469,918,201,80,100,183,3,0,5
1470,918,202,79,98,183,3,0,3
1471,918,202,80,98,183,3,0,3
1472,918,218,79,82,183,3,0,1
1473,918,219,79,81,183,3,0,1
1474,918,219,80,80,183,3,0,2
1475,918,201,81,99,183,3,0,2
1476,918,198,81,100,183,3,0,2
1477,918,199,82,100,183,3,0,3
1478,918,200,81,98,183,3,0,2
1479,918,201,81,97,183,3,0,3
1480,918,201,82,98,183,3,0,2
1481,919,199,85,96,183,3,0,3
1482,920,213,84,84,183,3,0,1
1483,920,213,83,84,183,3,0,1
1484,918,200,83,97,183,3,0,0
1485,918,201,83,97,183,3,0,1
1486,918,201,82,98,183,3,0,2
1487,918,201,82,98,183,3,0,3
1488,918,221,79,80,183,3,0,3
1489,918,225,76,75,183,3,0,3
1490,917,199,82,97,183,3,0,3
1491,917,199,82,97,183,3,0,2
1492,917,199,82,97,183,3,0,3
1493,918,199,82,98,183,3,0,3
1494,917,200,82,97,183,3,0,4
1495,917,200,82,98,183,3,0,3
1496,917,200,82,98,183,3,0,2
1497,917,200,82,98,183,3,0,1
1498,917,200,82,97,183,3,0,0
1499,917,201,83,96,183,3,0,0
1500,917,201,84,95,183,3,0,0
1501,917,202,84,94,183,3,0,0
1502,917,200,84,98,183,3,0,0
1503,917,201,84,98,183,3,0,0
1504,917,202,83,96,183,3,0,1
1505,917,202,83,97,183,3,0,1
1506,917,200,84,98,183,3,0,1
1507,917,201,84,98,183,3,0,1
1508,917,202,83,97,183,3,0,0
1509,917,202,83,97,183,3,0,0
1510,917,201,83,98,183,3,0,0
1511,917,203,83,96,183,3,0,0
1512,917,204,82,95,183,3,0,0
1513,917,205,82,95,183,3,0,0
1514,917,204,82,95,183,3,0,0
1515,917,203,83,96,183,3,0,0
1516,917,203,84,95,183,3,0,0
1517,917,203,84,95,183,3,0,1
1518,917,202,84,96,183,3,0,1
1519,917,203,84,95,183,3,0,1
1520,917,203,83,96,183,3,0,0
1521,918,200,81,98,183,3,0,0
1522,917,199,82,100,183,3,0,0
1523,917,200,82,100,183,3,0,0
1524,917,201,82,98,183,3,0,0
1525,917,202,82,98,183,3,0,1
1526,918,215,80,85,183,3,0,1
1527,918,216,80,85,183,3,0,1
1528,918,215,80,85,183,3,0,0
1529,917,203,82,97,183,3,0,0
1530,917,204,82,95,183,3,0,1
1531,917,204,82,95,183,3,0,2
1532,917,204,83,94,183,3,0,2
1533,917,204,83,95,183,3,0,1
1534,917,205,82,95,183,3,0,0
1535,917,205,82,94,183,3,0,0
1536,918,219,81,80,183,3,0,0
1537,918,219,80,81,183,3,0,0
1538,917,201,82,97,183,3,0,1
1539,917,202,82,97,183,3,0,0
1540,917,202,83,97,183,3,0,1
1541,916,202,83,96,183,3,0,1
1542,916,201,84,97,183,3,0,1
1543,917,201,83,97,183,3,0,1
1544,917,203,82,95,183,3,0,1
1545,917,202,83,95,183,3,0,1
1546,917,201,83,96,183,3,0,1
1547,917,202,82,96,183,3,0,0
1548,916,200,83,98,183,3,0,0
1549,916,199,83,99,183,3,0,0
1550,915,203,85,96,183,3,0,0
1551,915,202,85,96,183,3,0,0
1552,916,202,84,96,183,3,0,0
1553,916,201,83,97,183,3,0,0
1554,916,201,84,97,183,3,0,0
1555,917,202,84,97,183,3,0,0
1556,917,201,84,98,183,3,0,0
1557,918,202,87,96,183,3,0,0
1558,916,201,84,97,183,3,0,0
1559,916,201,84,98,183,3,0,0
1560,917,204,82,95,183,3,0,0
1561,917,201,82,96,183,3,0,0
1562,917,201,82,97,183,3,0,0
1563,917,201,83,97,183,3,0,0
1564,917,202,83,97,183,3,0,0
1565,918,219,80,81,183,3,0,0
1566,917,202,82,96,183,3,0,1
1567,917,203,81,96,183,3,0,1
1568,917,216,80,84,183,3,0,1
1569,917,204,82,96,183,3,0,1
1570,917,217,81,83,183,3,0,1
1571,917,218,80,82,183,3,0,1
1572,918,218,80,81,183,3,0,1
1573,918,219,80,81,183,3,0,1
1574,918,218,80,82,183,3,0,1
1575,917,203,83,97,183,3,0,1
1576,918,218,81,82,183,3,0,1
1577,916,202,83,97,183,3,0,1
1578,916,200,84,98,183,3,0,1
1579,916,200,84,98,183,3,0,1
1580,916,199,84,100,183,3,0,0
1581,916,201,84,98,183,3,0,0
1582,918,222,81,78,183,3,0,0
1583,919,217,84,81,183,3,0,0
1584,918,220,83,80,183,3,0,0
1585,916,199,83,98,183,3,0,0
1586,916,199,83,99,183,3,0,0
1587,916,197,83,101,183,3,0,0
1588,916,198,83,101,183,3,0,0
1589,918,218,84,82,183,3,0,0
1590,916,199,84,100,183,3,0,1
1591,916,200,84,98,183,3,0,1
1592,917,201,83,98,183,3,0,1
1593,916,199,83,98,183,3,0,0
1594,917,199,82,99,183,3,0,0
1595,916,197,83,102,183,3,0,0
1596,916,197,83,101,183,3,0,0
1597,916,197,83,102,183,3,0,0
1598,916,197,83,102,183,3,0,0
1599,916,199,83,100,183,3,0,1
1600,917,200,83,98,183,3,0,2
1601,918,225,75,76,183,3,0,3
1602,918,226,72,75,183,3,0,3
1603,918,226,71,75,183,3,0,2
1604,917,202,83,96,183,3,0,2
1605,916,202,82,95,183,3,0,1
1606,917,205,81,94,183,3,0,2
1607,917,205,81,94,183,3,0,2
1608,916,203,82,96,183,3,0,4
1609,918,224,78,76,183,3,0,5
1610,916,197,84,95,183,3,0,6
1611,916,197,84,96,183,3,0,4
1612,916,198,83,97,183,3,0,3
1613,917,199,82,99,183,3,0,3
1614,916,198,82,101,183,3,0,5
1615,916,198,83,100,183,3,0,7
1616,916,198,83,101,183,3,0,7
1617,916,201,82,99,183,3,0,6
1618,917,199,82,100,183,3,0,4
1619,917,199,82,99,183,3,0,4
1620,917,224,78,77,183,3,0,4
1621,917,225,77,77,183,3,0,4
1622,917,224,78,77,183,3,0,3
1623,917,219,81,83,183,3,0,4
1624,917,217,81,84,183,3,0,4
1625,916,198,83,103,183,3,0,4
1626,916,197,83,103,183,3,0,3
1627,916,198,83,100,183,3,0,2
1628,916,214,83,87,183,3,0,1
1629,915,213,84,89,183,3,0,1
1630,915,216,84,86,183,3,0,1
1631,916,214,84,88,183,3,0,3
1632,915,218,83,84,183,3,0,3
1633,915,221,82,81,183,3,0,3
1634,915,226,82,76,183,3,0,2
1635,917,227,81,75,183,3,0,1
1636,916,225,82,78,183,3,0,2
1637,915,221,85,83,183,3,0,2
1638,916,223,85,82,183,3,0,4
1639,916,226,84,78,183,3,0,6
1640,917,227,84,81,183,3,0,8
1641,917,229,86,79,183,3,0,8
1642,917,224,85,84,183,3,0,7
1643,917,228,88,81,183,3,0,7
1644,917,231,87,77,183,3,0,5
1645,917,234,89,74,183,3,0,6
1646,918,230,91,80,183,3,0,6
1647,918,226,91,86,183,3,0,6
1648,918,225,90,88,183,3,0,7
1649,920,235,86,76,183,3,0,10
1650,921,241,85,75,183,3,0,14
1651,921,244,87,75,183,3,0,16
1652,919,249,85,72,183,3,0,17
1653,918,245,88,77,183,3,0,17
1654,918,249,92,75,183,3,0,17
1655,918,248,95,75,183,3,0,15
1656,917,256,84,68,183,3,0,14
1657,915,259,90,68,183,3,0,14
1658,914,256,86,73,183,3,0,11
1659,911,257,88,74,183,3,0,14
1660,912,261,87,64,183,3,0,19
1661,908,263,90,76,183,3,0,27
1662,906,268,89,73,183,3,0,26
1663,903,269,93,78,183,3,0,21
1664,901,273,97,70,183,3,0,13
1665,903,277,94,49,183,3,0,8
1666,902,278,98,60,183,3,0,4
1667,899,281,104,58,183,3,0,2
1668,898,284,108,57,183,3,0,3
1669,892,290,107,59,183,3,0,9
1670,890,295,109,57,183,3,0,15
1671,886,297,117,59,183,3,0,21
1672,884,300,118,58,183,3,0,23
1673,882,304,119,61,183,3,0,26
1674,879,309,118,63,183,3,0,31
1675,873,311,122,70,183,3,0,35
1676,866,315,131,88,183,3,0,40
1677,864,320,129,86,183,3,0,44
1678,859,324,132,93,183,3,0,48
1679,856,330,131,103,183,3,0,51
1680,847,334,136,109,183,3,0,50
1681,841,340,142,116,183,3,0,48
1682,834,348,141,116,183,3,0,45
1683,826,354,147,119,183,3,0,43
1684,818,359,151,126,183,3,0,40
1685,810,362,155,132,183,3,0,37
1686,800,364,160,141,183,3,0,34
1687,792,379,163,134,183,3,0,32
1688,781,389,168,131,183,3,0,31
1689,768,398,174,136,183,3,0,31
1690,757,404,179,142,183,3,0,30
1691,745,415,182,147,183,3,0,31
1692,731,422,189,148,183,3,0,31
1693,718,432,195,155,183,3,0,32
1694,701,442,204,161,183,3,0,32
1695,684,450,210,166,183,3,0,32
1696,668,462,215,173,183,3,0,32
1697,646,471,225,179,183,3,0,32
1698,623,484,237,186,183,3,0,33
1699,601,496,249,192,183,3,0,33
1700,575,511,257,202,183,3,0,34
1701,548,525,270,213,183,3,0,34
1702,519,541,281,224,183,3,0,35
1703,487,560,297,234,183,3,0,36
1704,451,578,312,249,183,3,0,37
1705,410,604,332,263,183,3,0,38
1706,367,626,353,277,183,3,0,39
1707,320,655,369,296,183,3,0,39
1708,265,682,398,319,183,3,0,39
1709,207,716,424,339,183,3,0,38
1710,139,749,458,324,183,3,0,37
1711,69,786,488,290,183,3,0,36
1712,4,829,510,247,183,3,0,34
1713,0,876,468,203,183,3,0,30
1714,0,925,410,152,183,3,0,27
1715,3,973,345,103,183,3,0,25
1645,919,206,89,53,184,3,4,54
1646,919,202,90,59,184,3,4,54
1647,916,190,89,91,184,3,4,44
1648,917,190,87,81,184,3,4,32
1650,918,200,85,63,184,3,4,19
1651,919,201,84,62,184,3,4,16
1652,921,199,87,70,184,3,4,14
1653,920,198,92,71,184,3,4,11
1654,922,199,90,72,184,3,4,11
1655,924,201,89,72,184,3,4,12
1656,925,203,88,70,184,3,4,15
1657,924,203,89,72,184,3,4,16
1658,925,203,89,76,184,3,4,16
1659,925,205,89,72,184,3,4,15
1660,925,206,89,73,184,3,4,16
1661,926,204,87,74,184,3,4,16
1662,927,206,87,76,184,3,4,15
1663,929,209,88,74,184,3,4,16
1664,930,212,86,68,184,3,4,17
1665,930,213,88,73,184,3,4,24
1666,929,211,87,77,184,3,4,26
1667,929,214,91,78,184,3,4,28
1668,929,214,90,81,184,3,4,28
1669,929,215,91,82,184,3,4,28
1670,930,215,92,84,184,3,4,26
1671,929,219,94,85,184,3,4,24
1672,930,221,95,84,184,3,4,23
1673,930,223,94,84,184,3,4,22
1674,929,227,96,83,184,3,4,22
1675,930,225,94,89,184,3,4,21
1676,929,228,97,88,184,3,4,20
1677,929,231,98,87,184,3,4,19
1678,930,232,97,89,184,3,4,20
1679,929,233,100,90,184,3,4,19
1680,927,233,99,94,184,3,4,19
1681,927,235,101,95,184,3,4,19
1682,926,238,102,95,184,3,4,20
1683,924,243,104,95,184,3,4,22
1684,922,246,106,96,184,3,4,23
1685,922,250,106,96,184,3,4,24
1686,921,254,106,98,184,3,4,25
1687,917,260,107,95,184,3,4,26
1688,915,262,107,99,184,3,4,27
1689,914,262,111,103,184,3,4,27
1690,912,264,110,107,184,3,4,27
1691,908,269,114,106,184,3,4,27
1692,904,275,116,105,184,3,4,27
1693,901,280,119,106,184,3,4,27
1694,896,283,122,110,184,3,4,28
1695,893,283,126,115,184,3,4,28
1696,888,284,131,122,184,3,4,29
1697,884,294,135,120,184,3,4,30
1698,881,298,135,122,184,3,4,30
1699,875,302,141,124,184,3,4,30
1700,869,303,143,131,184,3,4,30
1701,865,307,148,137,184,3,4,31
1702,858,309,150,143,184,3,4,31
1703,852,312,155,150,184,3,4,32
1704,844,318,157,152,184,3,4,33
1705,835,324,163,156,184,3,4,33
1706,825,334,167,157,184,3,4,33
1707,815,341,172,159,184,3,4,33
1708,804,347,177,167,184,3,4,33
1709,794,354,181,168,184,3,4,33
1710,779,361,194,177,184,3,4,33
1711,770,368,193,181,184,3,4,33
1712,754,375,202,189,184,3,4,33
1713,739,383,210,194,184,3,4,33
1714,722,391,217,198,184,3,4,33
1715,704,402,226,206,184,3,4,34
1716,684,411,236,213,184,3,4,34
1717,662,421,250,222,184,3,4,34
1718,638,427,270,237,184,3,4,35
1719,613,441,277,244,184,3,4,36
1720,587,456,282,253,184,3,4,37
1721,559,467,296,269,184,3,4,38
1722,524,483,313,282,184,3,4,38
1723,488,500,330,299,184,3,4,39
1724,447,518,350,314,184,3,4,40
1725,405,538,370,332,184,3,4,40
1726,355,559,394,359,184,3,4,41
1727,303,585,420,378,184,3,4,41
1728,243,611,454,407,184,3,4,42
1729,178,639,484,435,184,3,4,42
1730,106,679,515,398,184,3,4,42
1731,23,713,556,364,184,3,4,42
1732,1,755,534,323,184,3,4,42
1733,0,794,485,285,184,3,4,41
1734,2,849,421,225,184,3,4,41
1735,3,908,349,168,184,3,4,41
1736,0,973,250,103,184,3,4,41
1098,719,100,63,39,185,6,5,123
1099,726,104,60,34,185,6,5,116
1100,730,101,62,40,185,6,5,106
1101,734,105,62,38,185,6,5,93
1102,737,102,64,42,185,6,5,82
1103,746,105,60,41,185,6,5,76
1104,758,104,51,42,185,6,5,67
1105,768,103,45,44,185,6,5,59
1106,765,103,54,45,185,6,5,53
1107,764,102,59,47,185,6,5,49
1108,768,105,61,46,185,6,5,47
1109,771,106,61,47,185,6,5,44
1110,774,107,65,46,185,6,5,44
1111,778,107,63,47,185,6,5,43
1112,784,109,63,48,185,6,5,46
1113,788,110,64,48,185,6,5,45
1114,792,109,63,51,185,6,5,46
1115,794,111,66,50,185,6,5,45
1116,799,113,65,50,185,6,5,44
1117,805,114,63,49,185,6,5,43
1118,807,115,65,49,185,6,5,39
1119,813,117,62,50,185,6,5,39
1120,823,119,58,48,185,6,5,36
1121,812,119,70,50,185,6,5,37
1122,823,122,63,48,185,6,5,37
1123,826,124,64,47,185,6,5,39
1124,827,123,67,51,185,6,5,40
1125,830,123,66,54,185,6,5,40
1126,834,124,66,52,185,6,5,39
1127,837,125,66,52,185,6,5,37
1128,839,125,67,53,185,6,5,35
1129,841,127,69,52,185,6,5,31
1130,843,127,70,53,185,6,5,28
1131,846,127,68,53,185,6,5,27
1132,847,128,72,56,185,6,5,28
1133,850,130,71,54,185,6,5,30
1134,854,131,71,55,185,6,5,31
1135,855,131,71,57,185,6,5,33
1136,858,132,70,56,185,6,5,33
1137,859,132,70,58,185,6,5,33
1138,862,132,70,59,185,6,5,32
1139,863,133,73,59,185,6,5,30
1140,864,134,73,60,185,6,5,28
1141,866,133,70,61,185,6,5,25
1142,868,135,71,61,185,6,5,24
1143,870,135,72,61,185,6,5,23
1144,869,138,70,60,185,6,5,22
1145,870,138,74,61,185,6,5,22
1146,873,138,72,62,185,6,5,21
1147,874,137,71,64,185,6,5,21
1148,875,137,70,65,185,6,5,20
1149,877,137,72,67,185,6,5,20
1150,878,140,71,64,185,6,5,19
1151,879,140,69,65,185,6,5,20
1152,882,143,70,65,185,6,5,20
1153,882,143,71,65,185,6,5,19
1154,884,145,71,63,185,6,5,18
1155,885,145,70,64,185,6,5,16
1156,885,146,71,63,185,6,5,13
1157,885,147,74,63,185,6,5,10
1158,885,147,75,62,185,6,5,8
1159,886,147,74,63,185,6,5,7
1160,887,147,73,63,185,6,5,7
1161,887,148,74,63,185,6,5,8
1162,889,149,76,63,185,6,5,9
1163,890,151,75,63,185,6,5,11
1164,891,151,75,63,185,6,5,13
1165,892,153,75,63,185,6,5,15
1166,892,153,73,62,185,6,5,16
1167,891,153,74,62,185,6,5,15
1168,892,152,75,64,185,6,5,15
1169,892,154,75,62,185,6,5,12
1170,894,154,72,64,185,6,5,11
1171,894,154,73,64,185,6,5,9
1172,894,154,73,64,185,6,5,8
1173,894,154,72,64,185,6,5,7
1174,895,155,71,63,185,6,5,5
1175,894,155,72,63,185,6,5,4
1176,894,154,71,65,185,6,5,3
1177,894,154,73,64,185,6,5,2
1178,894,154,72,64,185,6,5,2
1179,895,155,73,63,185,6,5,3
1180,896,155,72,64,185,6,5,3
1181,896,156,72,63,185,6,5,2
1182,897,156,70,63,185,6,5,1
1183,897,156,71,63,185,6,5,1
1184,897,156,71,63,185,6,5,0
1185,897,157,72,62,185,6,5,0
1186,897,156,71,63,185,6,5,1
1187,897,156,73,63,185,6,5,2
1188,896,156,73,65,185,6,5,4
1189,896,156,76,65,185,6,5,5
1190,896,157,75,64,185,6,5,5
1191,896,157,75,64,185,6,5,5
1192,896,156,76,65,185,6,5,4
1193,896,156,76,65,185,6,5,3
1194,896,157,76,64,185,6,5,1
1195,896,157,76,64,185,6,5,1
1196,897,157,75,64,185,6,5,1
1197,897,157,75,65,185,6,5,1
1198,897,158,73,64,185,6,5,3
1199,898,158,72,63,185,6,5,4
1200,897,157,74,67,185,6,5,5
1201,897,157,74,66,185,6,5,5
1202,897,157,74,66,185,6,5,5
1203,897,158,74,67,185,6,5,5
1204,897,157,74,67,185,6,5,4
1205,897,157,75,67,185,6,5,4
1206,897,157,75,68,185,6,5,3
1207,897,158,75,67,185,6,5,3
1208,897,158,74,67,185,6,5,3
1209,897,158,74,66,185,6,5,4
1210,897,158,74,64,185,6,5,5
1211,897,158,74,64,185,6,5,4
1212,897,159,74,64,185,6,5,3
1213,897,159,74,64,185,6,5,2
1214,897,159,74,65,185,6,5,2
1215,897,159,73,65,185,6,5,2
1216,897,159,74,65,185,6,5,3
1217,897,159,73,65,185,6,5,3
1218,897,159,74,65,185,6,5,2
1219,897,159,74,65,185,6,5,1
1220,897,158,73,66,185,6,5,0
1221,897,158,73,65,185,6,5,0
1222,898,158,73,65,185,6,5,1
1223,898,158,73,65,185,6,5,2
1224,898,158,74,65,185,6,5,3
1225,897,158,74,64,185,6,5,3
1226,898,158,74,64,185,6,5,3
1227,898,158,74,64,185,6,5,2
1228,898,158,74,64,185,6,5,3
1229,898,158,74,65,185,6,5,3
1230,897,158,75,66,185,6,5,4
1231,897,158,75,66,185,6,5,4
1232,897,158,75,66,185,6,5,4
1233,897,158,76,66,185,6,5,4
1234,897,158,77,65,185,6,5,3
1235,897,158,77,67,185,6,5,3
1236,896,158,77,66,185,6,5,1
1237,897,158,76,65,185,6,5,1
1238,897,158,76,66,185,6,5,0
1239,897,158,75,65,185,6,5,1
1240,897,157,75,66,185,6,5,1
1241,897,157,75,66,185,6,5,2
1242,897,157,75,66,185,6,5,1
1243,896,158,76,66,185,6,5,1
1244,896,158,76,66,185,6,5,1
1245,896,158,76,66,185,6,5,1
1246,896,157,75,66,185,6,5,1
1247,896,158,76,66,185,6,5,1
1248,896,158,75,67,185,6,5,2
1249,896,157,75,66,185,6,5,2
1250,896,158,74,65,185,6,5,2
1251,897,158,74,65,185,6,5,1
1252,897,158,74,65,185,6,5,2
1253,897,158,73,65,185,6,5,2
1254,897,157,74,65,185,6,5,2
1255,897,157,74,65,185,6,5,1
1256,897,158,74,65,185,6,5,1
1257,897,158,73,65,185,6,5,1
1258,897,158,73,65,185,6,5,1
1259,897,158,74,65,185,6,5,1
1260,897,157,73,65,185,6,5,2
1261,897,157,73,65,185,6,5,2
1262,897,157,73,65,185,6,5,2
1263,897,157,73,65,185,6,5,2
1264,897,157,73,65,185,6,5,2
1265,897,157,73,66,185,6,5,1
1266,897,157,73,65,185,6,5,1
1267,897,157,72,65,185,6,5,1
1268,897,157,73,65,185,6,5,1
1269,897,157,73,65,185,6,5,1
1270,897,158,73,65,185,6,5,2
1271,897,158,73,65,185,6,5,4
1272,897,158,73,66,185,6,5,7
1273,897,158,74,68,185,6,5,10
1274,897,158,74,69,185,6,5,9
1275,897,157,74,68,185,6,5,8
1276,897,157,74,68,185,6,5,5
1277,897,157,73,68,185,6,5,4
1278,897,158,73,68,185,6,5,2
1279,897,158,73,68,185,6,5,2
1280,899,159,77,67,185,6,5,2
1281,899,159,76,67,185,6,5,3
1282,899,159,76,67,185,6,5,4
1283,899,159,76,67,185,6,5,4
1284,897,158,74,66,185,6,5,5
1285,897,158,74,66,185,6,5,5
1286,897,158,74,67,185,6,5,5
1287,897,158,74,67,185,6,5,4
1288,897,158,74,67,185,6,5,2
1289,897,158,73,67,185,6,5,2
1290,896,159,73,65,185,6,5,1
1291,896,159,74,64,185,6,5,1
1292,897,158,74,67,185,6,5,1
1293,897,158,76,68,185,6,5,2
1294,897,158,75,68,185,6,5,2
1295,897,158,74,68,185,6,5,2
1296,896,158,77,67,185,6,5,2
1297,896,158,76,67,185,6,5,3
1298,896,158,77,66,185,6,5,4
1299,896,158,76,66,185,6,5,4
1300,896,158,78,67,185,6,5,3
1301,896,158,77,67,185,6,5,2
1302,896,157,78,68,185,6,5,1
1303,896,157,79,68,185,6,5,1
1304,896,157,78,68,185,6,5,1
1305,896,157,78,68,185,6,5,0
1306,896,157,78,67,185,6,5,0
1307,896,157,78,67,185,6,5,0
1308,896,158,78,67,185,6,5,0
1309,896,158,77,68,185,6,5,0
1310,897,158,74,67,185,6,5,0
1311,897,158,74,66,185,6,5,0
1312,897,158,74,67,185,6,5,0
1313,897,158,74,67,185,6,5,0
1314,897,157,74,67,185,6,5,0
1315,897,158,73,67,185,6,5,0
1316,897,158,74,66,185,6,5,0
1317,896,158,74,66,185,6,5,0
1318,897,158,74,66,185,6,5,0
1319,897,158,74,66,185,6,5,1
1320,897,157,77,67,185,6,5,1
1321,897,157,76,67,185,6,5,2
1322,897,157,76,67,185,6,5,1
1323,897,156,77,67,185,6,5,1
1324,897,157,77,67,185,6,5,0
1325,896,157,75,67,185,6,5,0
1326,896,157,76,66,185,6,5,0
1327,896,158,77,66,185,6,5,0
1328,897,158,76,66,185,6,5,0
1329,897,158,76,66,185,6,5,1
1330,897,158,74,67,185,6,5,2
1331,897,157,75,68,185,6,5,4
1332,897,158,74,68,185,6,5,6
1333,897,158,74,69,185,6,5,6
1334,897,158,75,69,185,6,5,5
1335,897,158,73,69,185,6,5,4
1336,897,158,74,67,185,6,5,2
1337,897,158,74,67,185,6,5,2
1338,897,158,74,67,185,6,5,4
1339,897,158,74,68,185,6,5,6
1340,897,157,74,67,185,6,5,7
1341,897,157,74,67,185,6,5,5
1342,897,157,74,67,185,6,5,3
1343,898,157,73,67,185,6,5,3
1344,896,158,75,65,185,6,5,3
1345,896,157,76,66,185,6,5,4
1346,896,158,77,67,185,6,5,3
1347,898,158,80,68,185,6,5,3
1348,898,158,81,68,185,6,5,4
1349,896,157,78,67,185,6,5,5
1350,899,159,83,68,185,6,5,6
1351,899,159,83,68,185,6,5,6
1352,899,159,83,68,185,6,5,4
1353,897,158,78,65,185,6,5,4
1354,898,159,82,67,185,6,5,3
1355,899,159,81,67,185,6,5,3
1356,898,159,82,67,185,6,5,1
1357,897,159,84,67,185,6,5,3
1358,898,159,83,67,185,6,5,4
1359,898,159,81,68,185,6,5,6
1360,898,158,81,70,185,6,5,5
1361,898,158,81,70,185,6,5,5
1362,899,158,81,70,185,6,5,5
1363,899,159,82,70,185,6,5,5
1364,899,159,83,70,185,6,5,4
1365,898,159,83,69,185,6,5,2
1366,898,159,84,69,185,6,5,1
1367,898,159,84,69,185,6,5,1
1368,898,159,84,69,185,6,5,1
1369,898,159,83,69,185,6,5,1
1370,899,158,81,70,185,6,5,1
1371,899,158,80,70,185,6,5,1
1372,898,158,81,70,185,6,5,0
1373,898,158,81,69,185,6,5,0
1374,899,158,81,70,185,6,5,0
1375,898,158,81,70,185,6,5,0
1376,899,158,81,69,185,6,5,0
1377,898,158,82,70,185,6,5,0
1378,898,158,82,69,185,6,5,0
1379,898,159,82,69,185,6,5,0
1380,899,158,76,70,185,6,5,2
1381,899,158,75,70,185,6,5,3
1382,899,159,78,70,185,6,5,4
1383,899,159,77,71,185,6,5,4
1384,900,159,77,70,185,6,5,4
1385,899,159,78,70,185,6,5,3
1386,899,159,78,71,185,6,5,2
1387,899,158,77,70,185,6,5,1
1388,900,159,77,70,185,6,5,1
1389,899,158,78,71,185,6,5,1
1390,899,159,79,69,185,6,5,1
1391,899,159,79,69,185,6,5,0
1392,899,159,80,70,185,6,5,1
1393,899,159,80,69,185,6,5,1
1394,900,159,80,69,185,6,5,1
1395,900,158,79,70,185,6,5,2
1396,900,158,80,69,185,6,5,3
1397,900,158,80,69,185,6,5,4
1398,900,158,79,69,185,6,5,3
1399,900,158,79,69,185,6,5,2
1400,900,158,75,70,185,6,5,1
1401,900,158,76,70,185,6,5,1
1402,899,158,78,69,185,6,5,1
1403,899,158,79,69,185,6,5,1
1404,899,158,80,70,185,6,5,2
1405,900,159,80,70,185,6,5,2
1406,900,159,79,70,185,6,5,3
1407,900,159,76,70,185,6,5,3
1408,900,159,76,69,185,6,5,5
1409,901,159,78,68,185,6,5,8
1410,903,158,73,67,185,6,5,9
1411,904,159,71,62,185,6,5,8
1412,903,159,74,69,185,6,5,4
1413,901,160,72,69,185,6,5,5
1414,901,160,73,69,185,6,5,6
1415,901,163,78,68,185,6,5,12
1416,901,161,77,69,185,6,5,12
1417,901,161,74,69,185,6,5,11
1418,902,161,73,68,185,6,5,5
1419,901,161,75,69,185,6,5,3
1420,901,163,79,68,185,6,5,2
1421,901,163,77,68,185,6,5,3
1422,902,164,78,67,185,6,5,4
1423,903,164,77,68,185,6,5,5
1424,902,164,78,69,185,6,5,4
1425,904,163,76,69,185,6,5,3
1426,904,164,76,68,185,6,5,2
1427,905,164,74,67,185,6,5,1
1428,905,165,76,66,185,6,5,0
1429,905,165,76,67,185,6,5,1
1430,904,166,79,68,185,6,5,1
1431,905,166,79,67,185,6,5,3
1432,905,166,79,67,185,6,5,4
1433,905,166,80,69,185,6,5,6
1434,904,166,80,68,185,6,5,7
1435,904,166,81,69,185,6,5,7
1436,905,166,79,70,185,6,5,7
1437,905,166,80,70,185,6,5,7
1438,905,166,83,71,185,6,5,6
1439,905,166,83,71,185,6,5,8
1440,905,166,81,69,185,6,5,11
1441,910,171,84,70,185,6,5,12
1442,910,170,83,71,185,6,5,9
1443,905,167,78,69,185,6,5,4
1444,905,167,78,69,185,6,5,3
1445,905,167,77,69,185,6,5,5
1446,905,167,77,69,185,6,5,8
1447,905,167,77,68,185,6,5,10
1448,905,167,77,68,185,6,5,10
1449,905,167,78,67,185,6,5,11
1450,907,165,77,66,185,6,5,17
1451,907,165,76,63,185,6,5,24
1452,910,165,68,56,185,6,5,33
1453,912,165,64,38,185,6,5,37
1454,908,164,65,56,185,6,5,33
1455,907,165,66,59,185,6,5,25
1456,909,166,69,63,185,6,5,16
1457,910,166,68,59,185,6,5,12
1458,910,166,67,58,185,6,5,19
1459,909,165,69,61,185,6,5,28
1460,907,166,74,70,185,6,5,32
1461,907,166,73,69,185,6,5,30
1462,909,166,70,67,185,6,5,22
1463,909,165,73,68,185,6,5,22
1464,910,167,70,61,185,6,5,15
1465,908,166,74,68,185,6,5,13
1466,907,167,77,71,185,6,5,10
1467,908,167,73,71,185,6,5,10
1468,907,167,75,71,185,6,5,14
1469,907,167,78,71,185,6,5,14
1470,908,167,76,71,185,6,5,13
1471,908,167,75,71,185,6,5,8
1472,907,168,78,71,185,6,5,5
1473,907,167,79,72,185,6,5,3
1474,906,167,79,72,185,6,5,2
1475,906,167,81,72,185,6,5,1
1476,906,167,78,70,185,6,5,3
1477,906,167,78,71,185,6,5,3
1478,908,167,76,68,185,6,5,5
1479,906,167,78,70,185,6,5,3
1480,907,167,78,70,185,6,5,7
1481,906,168,79,70,185,6,5,11
1482,909,170,85,73,185,6,5,13
1483,910,170,85,73,185,6,5,10
1484,906,168,80,69,185,6,5,7
1485,906,168,77,71,185,6,5,5
1486,906,168,77,71,185,6,5,7
1487,905,168,76,70,185,6,5,11
1488,906,168,77,69,185,6,5,12
1489,906,167,76,69,185,6,5,9
1490,906,167,78,70,185,6,5,5
1491,906,167,78,70,185,6,5,4
1492,906,167,78,70,185,6,5,2
1493,906,167,79,71,185,6,5,2
1494,905,167,81,71,185,6,5,3
1495,905,168,82,71,185,6,5,3
1496,905,168,82,72,185,6,5,2
1497,905,167,82,71,185,6,5,3
1498,906,167,79,70,185,6,5,3
1499,909,169,85,74,185,6,5,4
1500,905,168,83,72,185,6,5,2
1501,905,168,83,72,185,6,5,2
1502,905,169,81,71,185,6,5,2
1503,905,169,82,71,185,6,5,3
1504,905,169,81,71,185,6,5,3
1505,905,169,81,72,185,6,5,2
1506,905,169,83,71,185,6,5,1
1507,905,169,82,70,185,6,5,1
1508,905,168,82,71,185,6,5,1
1509,905,168,81,71,185,6,5,1
1510,905,169,84,70,185,6,5,1
1511,905,169,82,71,185,6,5,1
1512,904,168,84,72,185,6,5,0
1513,904,168,84,72,185,6,5,0
1514,904,168,84,71,185,6,5,0
1515,905,168,79,71,185,6,5,1
1516,905,168,79,70,185,6,5,2
1517,905,168,79,70,185,6,5,3
1518,908,171,85,71,185,6,5,3
1519,905,168,80,70,185,6,5,2
1520,904,169,81,69,185,6,5,1
1521,903,169,80,70,185,6,5,1
1522,903,169,80,69,185,6,5,1
1523,903,169,80,69,185,6,5,3
1524,904,169,81,70,185,6,5,4
1525,904,169,80,71,185,6,5,4
1526,904,169,83,72,185,6,5,4
1527,904,169,83,72,185,6,5,4
1528,904,169,83,72,185,6,5,3
1529,904,169,82,72,185,6,5,3
1530,904,170,82,70,185,6,5,3
1531,904,169,84,70,185,6,5,4
1532,904,169,85,69,185,6,5,3
1533,904,169,84,69,185,6,5,3
1534,904,169,84,70,185,6,5,2
1535,905,169,83,71,185,6,5,1
1536,905,169,84,70,185,6,5,1
1537,905,169,84,70,185,6,5,0
1538,904,170,81,69,185,6,5,0
1539,904,170,82,69,185,6,5,0
1540,904,170,83,69,185,6,5,0
1541,904,170,83,69,185,6,5,0
1542,904,169,83,70,185,6,5,1
1543,903,169,84,70,185,6,5,2
1544,906,169,80,68,185,6,5,4
1545,909,171,85,71,185,6,5,4
1546,909,172,85,70,185,6,5,3
1547,905,169,78,69,185,6,5,2
1548,904,169,81,70,185,6,5,2
1549,904,169,80,69,185,6,5,3
1550,904,170,83,69,185,6,5,6
1551,904,170,82,69,185,6,5,6
1552,904,169,82,69,185,6,5,6
1553,904,168,84,70,185,6,5,3
1554,905,168,83,70,185,6,5,2
1555,905,168,83,72,185,6,5,1
1556,905,168,82,72,185,6,5,1
1557,905,169,81,70,185,6,5,1
1558,904,169,83,70,185,6,5,1
1559,904,169,84,71,185,6,5,2
1560,904,169,82,70,185,6,5,2
1561,905,169,79,69,185,6,5,2
1562,905,169,79,70,185,6,5,1
1563,905,168,82,71,185,6,5,1
1564,905,169,83,71,185,6,5,1
1565,905,169,83,72,185,6,5,0
1566,905,169,80,70,185,6,5,0
1567,905,169,80,69,185,6,5,0
1568,905,170,82,69,185,6,5,1
1569,904,170,82,70,185,6,5,2
1570,907,172,86,71,185,6,5,3
1571,907,172,85,70,185,6,5,5
1572,907,171,84,72,185,6,5,7
1573,907,172,85,70,185,6,5,7
1574,907,172,85,70,185,6,5,5
1575,907,172,84,70,185,6,5,3
1576,908,174,84,69,185,6,5,2
1577,908,174,85,69,185,6,5,1
1578,908,174,84,68,185,6,5,4
1579,908,174,84,68,185,6,5,4
1580,906,171,81,67,185,6,5,5
1581,910,174,83,68,185,6,5,2
1582,910,174,83,69,185,6,5,4
1583,910,173,83,72,185,6,5,8
1584,910,177,84,69,185,6,5,11
1585,906,168,80,63,185,6,5,14
1586,909,173,84,71,185,6,5,16
1587,906,168,79,65,185,6,5,14
1588,906,169,78,63,185,6,5,11
1589,910,175,83,71,185,6,5,12
1590,910,175,83,72,185,6,5,13
1591,910,176,85,72,185,6,5,21
1592,911,178,84,69,185,6,5,24
1593,911,177,84,70,185,6,5,25
1594,912,178,82,68,185,6,5,17
1599,911,175,83,71,185,6,5,8
1600,910,173,83,74,185,6,5,5
1601,911,176,84,71,185,6,5,2
1602,911,176,84,71,185,6,5,1
1603,911,175,83,72,185,6,5,1
1604,911,176,81,69,185,6,5,3
1605,910,174,81,70,185,6,5,5
1606,910,173,81,70,185,6,5,6
1607,911,174,81,69,185,6,5,5
1608,911,174,82,70,185,6,5,4
1609,912,178,82,68,185,6,5,5
1610,911,178,84,70,185,6,5,6
1611,911,177,84,71,185,6,5,5
1612,911,174,83,72,185,6,5,10
1613,910,171,84,73,185,6,5,17
1614,908,168,80,66,185,6,5,27
1615,907,170,81,65,185,6,5,30
1616,907,170,82,64,185,6,5,25
1617,908,171,82,64,185,6,5,19
1618,910,175,84,70,185,6,5,16
1619,911,175,84,71,185,6,5,20
1620,910,177,84,69,185,6,5,25
1621,911,178,83,68,185,6,5,27
1622,911,181,83,66,185,6,5,22
1623,911,173,83,72,185,6,5,22
1624,910,172,82,73,185,6,5,21
1625,908,169,73,65,185,6,5,21
1626,907,169,75,67,185,6,5,15
1627,910,171,81,75,185,6,5,8
1628,909,170,82,76,185,6,5,5
1629,909,171,82,75,185,6,5,9
1630,911,174,83,71,185,6,5,14
1631,917,191,81,53,185,6,5,16
1632,917,191,81,54,185,6,5,11
1633,916,190,81,54,185,6,5,6
1634,911,175,84,71,185,6,5,4
1635,910,174,84,71,185,6,5,3
1636,911,174,84,70,185,6,5,2
1637,910,172,84,73,185,6,5,2
1638,910,173,84,73,185,6,5,2
1639,911,176,84,70,185,6,5,2
1640,909,172,82,74,185,6,5,2
1641,909,173,82,73,185,6,5,2
1642,909,172,82,74,185,6,5,2
1643,908,172,82,74,185,6,5,2
1644,908,175,83,73,185,6,5,3
1645,908,174,83,74,185,6,5,4
1646,908,172,80,76,185,6,5,4
1647,908,173,81,75,185,6,5,3
1648,908,173,78,74,185,6,5,2
1649,909,175,79,71,185,6,5,3
1650,909,175,80,73,185,6,5,8
1651,909,175,81,70,185,6,5,14
1652,909,171,77,67,185,6,5,20
1653,909,171,75,67,185,6,5,20
1654,910,172,75,64,185,6,5,19
1655,910,172,74,68,185,6,5,15
1656,910,172,74,67,185,6,5,12
1657,909,172,76,68,185,6,5,9
1658,910,171,74,68,185,6,5,11
1659,909,172,74,70,185,6,5,12
1660,909,172,74,71,185,6,5,14
1661,909,172,74,72,185,6,5,13
1662,910,172,72,73,185,6,5,16
1663,911,173,73,73,185,6,5,16
1664,912,175,75,75,185,6,5,17
1665,912,175,75,75,185,6,5,18
1666,911,175,77,77,185,6,5,19
1667,911,176,75,78,185,6,5,21
1668,911,175,76,78,185,6,5,20
1669,912,177,77,77,185,6,5,19
1670,910,178,78,77,185,6,5,16
1671,911,181,77,74,185,6,5,14
1672,912,180,78,76,185,6,5,12
1673,912,182,79,75,185,6,5,10
1674,911,184,81,73,185,6,5,9
1675,912,183,80,76,185,6,5,9
1676,912,186,86,74,185,6,5,10
1677,912,186,86,75,185,6,5,11
1678,912,186,84,77,185,6,5,12
1679,911,186,83,78,185,6,5,14
1680,913,188,86,79,185,6,5,17
1681,913,190,91,80,185,6,5,20
1682,913,190,87,84,185,6,5,22
1683,915,191,87,85,185,6,5,23
1684,914,191,89,86,185,6,5,24
1685,914,194,90,86,185,6,5,25
1686,913,195,92,82,185,6,5,21
1687,913,195,92,86,185,6,5,17
1688,913,196,93,81,185,6,5,13
1689,913,197,89,85,185,6,5,10
1690,913,197,90,89,185,6,5,9
1691,914,202,95,79,185,6,5,6
1692,914,202,89,79,185,6,5,7
1693,913,206,90,79,185,6,5,7
1694,913,208,88,76,185,6,5,8
1695,912,211,92,76,185,6,5,13
1696,913,216,93,78,185,6,5,20
1697,913,214,94,87,185,6,5,29
1698,911,217,96,90,185,6,5,35
1699,912,218,96,94,185,6,5,41
1700,911,220,99,100,185,6,5,44
1701,911,221,101,104,185,6,5,44
1702,911,224,100,105,185,6,5,41
1703,908,228,105,105,185,6,5,38
1704,907,231,107,104,185,6,5,35
1705,909,232,106,108,185,6,5,32
1706,903,236,114,111,185,6,5,30
1707,903,238,116,111,185,6,5,29
1708,902,241,118,114,185,6,5,29
1709,904,246,111,113,185,6,5,30
1710,902,246,114,121,185,6,5,31
1711,901,251,113,122,185,6,5,32
1712,897,255,117,126,185,6,5,32
1713,894,261,120,124,185,6,5,33
1714,889,265,124,127,185,6,5,33
1715,888,269,126,130,185,6,5,33
1716,883,272,131,134,185,6,5,32
1717,883,277,132,136,185,6,5,32
1718,878,282,140,139,185,6,5,32
1719,876,286,144,142,185,6,5,32
1720,872,292,150,146,185,6,5,32
1721,868,298,153,147,185,6,5,32
1722,857,303,162,151,185,6,5,33
1723,850,308,166,157,185,6,5,33
1724,844,316,168,159,185,6,5,34
1725,833,322,175,165,185,6,5,34
1726,824,327,182,169,185,6,5,35
1727,816,336,184,174,185,6,5,35
1728,808,343,189,178,185,6,5,35
1729,799,352,191,181,185,6,5,35
1730,784,358,200,190,185,6,5,35
1731,774,367,201,195,185,6,5,35
1732,756,372,215,202,185,6,5,35
1733,744,384,217,207,185,6,5,35
1734,725,394,227,214,185,6,5,35
1735,705,405,241,221,185,6,5,35
1736,684,414,251,233,185,6,5,36
1737,660,424,267,242,185,6,5,36
1738,636,434,278,255,185,6,5,37
1739,609,450,291,264,185,6,5,38
1740,576,466,309,279,185,6,5,39
1741,541,481,328,295,185,6,5,40
1742,503,500,352,309,185,6,5,41
1743,459,520,371,329,185,6,5,42
1744,412,545,396,349,185,6,5,43
1745,361,568,423,372,185,6,5,44
1746,297,597,461,399,185,6,5,43
1747,232,630,495,422,185,6,5,43
1748,158,666,533,411,185,6,5,41
1749,72,704,582,372,185,6,5,40
1750,0,747,612,329,185,6,5,38
1751,1,791,558,287,185,6,5,34
1752,0,842,510,237,185,6,5,29
1753,2,895,441,180,185,6,5,26
1754,3,951,364,125,185,6,5,25
1571,727,109,44,36,187,5,1,65
1572,730,109,51,38,187,5,1,64
1573,733,111,51,38,187,5,1,60
1574,739,111,50,39,187,5,1,56
1575,742,110,53,40,187,5,1,50
1576,748,113,50,39,187,5,1,48
1577,752,109,51,43,187,5,1,44
1578,757,114,46,40,187,5,1,40
1579,763,115,43,40,187,5,1,36
1580,765,114,43,40,187,5,1,32
1581,766,108,43,48,187,5,1,31
1582,768,116,42,40,187,5,1,31
1583,769,120,41,38,187,5,1,32
1591,788,128,54,42,187,5,1,33
1593,791,128,57,43,187,5,1,34
1594,795,130,53,43,187,5,1,35
1595,795,130,55,44,187,5,1,36
1596,799,128,53,47,187,5,1,36
1597,800,130,53,49,187,5,1,36
1598,802,130,55,48,187,5,1,34
1599,804,130,54,49,187,5,1,32
1600,805,130,54,49,187,5,1,30
1601,806,131,55,48,187,5,1,28
1602,805,132,58,50,187,5,1,26
1603,805,131,60,52,187,5,1,24
1604,805,131,61,53,187,5,1,25
1605,806,133,60,52,187,5,1,26
1606,809,134,59,53,187,5,1,26
1607,810,135,61,52,187,5,1,24
1608,811,135,60,53,187,5,1,20
1609,816,138,57,50,187,5,1,18
1610,823,144,52,43,187,5,1,15
1611,823,144,53,44,187,5,1,13
1612,823,146,54,43,187,5,1,9
1613,824,144,54,44,187,5,1,8
1614,824,142,53,48,187,5,1,9
1615,825,144,53,47,187,5,1,11
1616,825,145,55,46,187,5,1,11
1617,825,144,54,48,187,5,1,9
1618,827,143,52,47,187,5,1,7
1619,828,144,51,47,187,5,1,6
1620,829,146,52,45,187,5,1,5
1621,828,147,52,46,187,5,1,4
1622,827,146,55,46,187,5,1,5
1623,827,145,54,47,187,5,1,5
1624,827,146,54,47,187,5,1,6
1625,827,145,55,47,187,5,1,4
1626,827,144,54,49,187,5,1,3
1627,826,143,54,50,187,5,1,3
1628,827,146,54,47,187,5,1,3
1629,827,146,54,47,187,5,1,4
1630,829,144,54,49,187,5,1,4
1631,828,145,53,49,187,5,1,5
1632,828,145,53,49,187,5,1,5
1633,828,145,54,49,187,5,1,5
1634,827,145,54,49,187,5,1,4
1635,827,145,54,49,187,5,1,2
1636,827,145,54,49,187,5,1,1
1637,828,146,54,48,187,5,1,1
1638,829,146,54,47,187,5,1,2
1639,828,146,54,47,187,5,1,3
1640,828,146,55,47,187,5,1,4
1641,828,146,55,47,187,5,1,3
1642,829,146,55,47,187,5,1,2
1643,828,146,55,47,187,5,1,2
1644,829,147,55,47,187,5,1,2
1645,829,147,55,47,187,5,1,2
1646,829,147,55,47,187,5,1,2
1647,829,146,55,47,187,5,1,1
1648,830,147,54,47,187,5,1,1
1649,830,147,54,47,187,5,1,1
1650,829,146,53,48,187,5,1,1
1651,829,146,53,47,187,5,1,1
1652,829,146,54,47,187,5,1,1
1653,829,146,55,47,187,5,1,1
1654,829,146,55,47,187,5,1,1
1655,828,146,55,48,187,5,1,1
1656,828,146,55,48,187,5,1,1
1657,828,146,55,48,187,5,1,1
1658,828,146,54,48,187,5,1,2
1659,828,146,55,48,187,5,1,2
1660,829,147,54,47,187,5,1,2
1661,829,147,54,47,187,5,1,1
1662,829,147,53,47,187,5,1,1
1663,829,147,53,47,187,5,1,0
1664,830,146,52,47,187,5,1,1
1665,830,146,52,47,187,5,1,1
1666,830,146,53,47,187,5,1,1
1667,829,147,53,47,187,5,1,0
1668,829,145,53,49,187,5,1,1
1669,829,145,54,49,187,5,1,1
1670,828,146,55,48,187,5,1,2
1671,828,147,54,47,187,5,1,1
1672,829,146,54,48,187,5,1,1
1673,829,147,53,47,187,5,1,1
1674,829,147,52,46,187,5,1,0
1675,830,146,53,48,187,5,1,0
1676,830,145,53,49,187,5,1,0
1677,829,146,54,48,187,5,1,0
1678,828,146,55,48,187,5,1,0
1679,827,146,54,47,187,5,1,0
1680,828,145,56,48,187,5,1,0
1681,828,145,57,48,187,5,1,0
1682,828,145,59,48,187,5,1,0
1683,829,146,57,48,187,5,1,0
1684,829,146,55,48,187,5,1,1
1685,829,146,56,48,187,5,1,2
1686,828,146,56,48,187,5,1,2
1687,828,146,58,48,187,5,1,1
1688,827,145,58,49,187,5,1,1
1689,828,146,58,48,187,5,1,1
1690,828,145,57,48,187,5,1,1
1691,827,145,61,48,187,5,1,1
1692,828,147,58,47,187,5,1,0
1693,828,147,59,47,187,5,1,0
1694,828,147,57,47,187,5,1,0
1695,828,147,57,47,187,5,1,0
1696,827,146,58,48,187,5,1,0
1697,827,147,58,47,187,5,1,0
1698,828,147,59,47,187,5,1,0
1699,828,147,58,47,187,5,1,0
1700,828,148,59,46,187,5,1,0
1701,828,148,58,46,187,5,1,0
1702,829,148,59,46,187,5,1,0
1703,829,148,59,46,187,5,1,0
1704,829,148,58,46,187,5,1,0
1705,829,148,57,46,187,5,1,0
1706,829,148,58,47,187,5,1,1
1707,829,148,58,47,187,5,1,3
1708,829,148,59,47,187,5,1,4
1709,830,149,59,47,187,5,1,6
1710,831,148,59,49,187,5,1,7
1711,833,150,58,47,187,5,1,8
1712,834,149,58,48,187,5,1,9
1713,834,150,58,47,187,5,1,9
1714,833,151,59,47,187,5,1,9
1715,833,151,61,47,187,5,1,9
1716,834,152,62,47,187,5,1,9
1717,835,152,60,47,187,5,1,10
1718,836,153,62,47,187,5,1,10
1719,838,152,61,48,187,5,1,11
1720,838,152,63,48,187,5,1,12
1721,838,154,65,48,187,5,1,14
1722,840,154,64,49,187,5,1,15
1723,840,155,65,49,187,5,1,16
1724,842,156,65,49,187,5,1,17
1725,843,156,66,50,187,5,1,18
1726,845,158,66,50,187,5,1,19
1727,845,158,68,51,187,5,1,19
1728,850,157,66,54,187,5,1,20
1729,850,159,69,52,187,5,1,21
1730,853,161,67,51,187,5,1,21
1731,857,161,67,54,187,5,1,21
1732,858,163,68,52,187,5,1,21
1733,860,163,68,54,187,5,1,22
1734,861,165,70,54,187,5,1,23
1735,862,166,72,54,187,5,1,24
1736,865,168,70,55,187,5,1,25
1737,867,171,71,53,187,5,1,25
1738,870,171,71,55,187,5,1,25
1739,872,173,72,54,187,5,1,25
1740,873,173,73,55,187,5,1,25
1741,876,174,72,58,187,5,1,25
1742,878,175,72,58,187,5,1,25
1743,879,176,75,60,187,5,1,27
1744,882,178,74,60,187,5,1,27
1745,886,180,73,60,187,5,1,27
1746,887,180,73,61,187,5,1,28
1747,889,181,74,63,187,5,1,28
1748,891,183,76,64,187,5,1,29
1749,892,186,77,64,187,5,1,29
1750,893,189,76,65,187,5,1,31
1751,894,192,78,65,187,5,1,31
1752,896,189,76,69,187,5,1,32
1753,896,194,78,67,187,5,1,31
1754,897,197,78,67,187,5,1,31
1755,899,199,78,68,187,5,1,30
1756,903,203,79,67,187,5,1,30
1757,903,205,79,69,187,5,1,30
1758,904,208,80,68,187,5,1,30
1759,906,211,80,69,187,5,1,31
1760,907,213,79,70,187,5,1,31
1761,907,213,81,74,187,5,1,31
1762,908,217,81,73,187,5,1,32
1763,909,220,81,75,187,5,1,33
1764,911,222,81,77,187,5,1,33
1765,909,224,82,81,187,5,1,34
1766,908,229,85,78,187,5,1,33
1767,908,231,85,81,187,5,1,33
1768,906,232,85,82,187,5,1,33
1769,903,238,86,83,187,5,1,33
1770,899,246,90,80,187,5,1,33
1771,897,247,94,84,187,5,1,33
1772,896,249,95,86,187,5,1,34
1773,894,254,96,86,187,5,1,34
1774,893,259,95,87,187,5,1,35
1775,890,262,98,91,187,5,1,36
1776,888,267,100,94,187,5,1,37
1777,885,271,102,97,187,5,1,37
1778,882,275,103,99,187,5,1,38
1779,878,281,107,100,187,5,1,39
1780,873,286,110,104,187,5,1,39
1781,869,291,115,107,187,5,1,39
1782,864,296,119,109,187,5,1,39
1783,861,304,118,111,187,5,1,39
1784,855,309,124,115,187,5,1,39
1785,849,315,128,120,187,5,1,40
1786,843,321,133,123,187,5,1,40
1787,832,329,142,129,187,5,1,41
1788,824,337,142,132,187,5,1,41
1789,815,347,146,135,187,5,1,42
1790,803,355,152,139,187,5,1,42
1791,794,363,158,145,187,5,1,42
1792,784,369,162,152,187,5,1,42
1793,771,385,168,153,187,5,1,42
1794,755,396,175,159,187,5,1,42
1795,738,406,185,165,187,5,1,42
1796,721,417,192,173,187,5,1,42
1797,701,431,202,176,187,5,1,42
1798,678,445,212,186,187,5,1,42
1799,652,456,225,197,187,5,1,43
1800,624,470,239,209,187,5,1,43
1801,592,479,259,230,187,5,1,45
1802,558,501,271,240,187,5,1,46
1803,519,522,287,256,187,5,1,47
1804,476,550,306,269,187,5,1,48
1805,427,575,328,289,187,5,1,49
1806,372,603,352,315,187,5,1,50
1807,309,634,381,344,187,5,1,50
1808,237,676,410,368,187,5,1,49
1809,155,720,450,357,187,5,1,48
1810,66,766,492,309,187,5,1,47
1811,3,819,495,257,187,5,1,45
1812,0,882,436,195,187,5,1,44
1813,1,951,342,124,187,5,1,43
1712,728,114,45,31,188,6,0,87
1713,730,114,51,31,188,6,0,89
1714,731,115,53,32,188,6,0,85
1715,735,116,53,35,188,6,0,80
1716,736,116,53,34,188,6,0,70
1717,740,118,53,33,188,6,0,64
1718,740,117,56,36,188,6,0,57
1719,752,116,50,37,188,6,0,50
1720,754,114,48,38,188,6,0,44
1721,762,113,45,41,188,6,0,39
1722,763,116,44,38,188,6,0,36
1723,766,116,42,38,188,6,0,35
1724,765,118,45,38,188,6,0,35
1725,764,117,46,40,188,6,0,36
1726,767,122,45,34,188,6,0,37
1727,770,125,43,34,188,6,0,34
1728,771,126,43,33,188,6,0,38
1729,774,127,42,30,188,6,0,36
1730,774,127,44,36,188,6,0,46
1731,776,127,42,36,188,6,0,47
1733,778,131,41,37,188,6,0,56
1734,782,129,48,38,188,6,0,58
1736,788,129,61,43,188,6,0,58
1737,792,130,57,41,188,6,0,55
1738,802,134,48,36,188,6,0,49
1739,798,132,54,42,188,6,0,45
1740,800,136,54,38,188,6,0,38
1741,800,136,56,40,188,6,0,34
1742,803,135,55,41,188,6,0,29
1743,806,136,55,40,188,6,0,27
1744,806,136,56,41,188,6,0,25
1745,810,137,56,41,188,6,0,25
1746,812,138,57,41,188,6,0,25
1747,816,141,54,40,188,6,0,25
1748,819,143,55,38,188,6,0,25
1749,820,143,56,40,188,6,0,26
1750,819,142,59,42,188,6,0,27
1751,825,143,54,44,188,6,0,27
1752,827,144,53,43,188,6,0,27
1753,829,148,55,40,188,6,0,27
1754,829,149,57,41,188,6,0,28
1755,830,150,59,41,188,6,0,27
1756,833,150,59,42,188,6,0,28
1757,834,151,59,43,188,6,0,28
1758,838,154,59,42,188,6,0,28
1759,838,154,61,43,188,6,0,29
1760,839,156,62,43,188,6,0,30
1761,841,156,62,45,188,6,0,31
1762,842,158,63,46,188,6,0,32
1763,843,158,67,46,188,6,0,32
1764,847,162,65,46,188,6,0,33
1765,851,162,63,46,188,6,0,34
1766,853,163,64,47,188,6,0,34
1767,855,165,64,49,188,6,0,35
1768,857,167,65,49,188,6,0,34
1769,857,168,66,49,188,6,0,35
1770,860,171,65,48,188,6,0,36
1771,861,173,65,50,188,6,0,37
1772,863,174,67,52,188,6,0,37
1773,865,176,68,52,188,6,0,36
1774,866,177,70,53,188,6,0,37
1775,868,180,70,54,188,6,0,38
1776,870,182,70,54,188,6,0,38
1777,871,184,72,55,188,6,0,38
1778,872,185,73,58,188,6,0,38
1779,874,188,72,58,188,6,0,39
1780,876,193,72,56,188,6,0,39
1781,877,196,74,57,188,6,0,38
1782,877,197,76,58,188,6,0,38
1783,881,200,75,58,188,6,0,38
1784,882,202,76,61,188,6,0,39
1785,882,206,77,60,188,6,0,38
1786,885,209,75,62,188,6,0,39
1787,884,211,79,63,188,6,0,39
1788,885,216,78,63,188,6,0,40
1789,885,218,78,64,188,6,0,41
1790,884,221,83,68,188,6,0,40
1791,885,224,83,69,188,6,0,40
1792,885,228,83,67,188,6,0,38
1793,886,230,84,69,188,6,0,38
1794,883,235,88,69,188,6,0,37
1795,883,238,87,72,188,6,0,37
1796,881,240,88,76,188,6,0,37
1797,880,246,89,75,188,6,0,38
1798,878,250,93,77,188,6,0,39
1799,875,251,92,79,188,6,0,39
1800,874,261,95,76,188,6,0,39
1801,872,263,96,82,188,6,0,40
1802,868,269,102,83,188,6,0,40
1803,866,272,101,88,188,6,0,41
1804,862,275,104,92,188,6,0,41
1805,858,285,107,87,188,6,0,41
1806,851,290,110,89,188,6,0,40
1807,846,295,114,92,188,6,0,40
1808,841,302,116,94,188,6,0,39
1809,835,305,119,99,188,6,0,39
1810,828,309,122,104,188,6,0,40
1811,823,316,124,107,188,6,0,41
1812,814,325,130,109,188,6,0,41
1813,804,332,135,112,188,6,0,41
1814,795,338,144,115,188,6,0,41
1815,785,348,143,119,188,6,0,41
1816,774,355,148,120,188,6,0,41
1817,762,363,152,129,188,6,0,41
1818,751,372,161,129,188,6,0,41
1819,737,383,164,134,188,6,0,40
1820,724,392,170,139,188,6,0,40
1821,708,402,177,141,188,6,0,40
1822,690,411,186,151,188,6,0,40
1823,672,420,193,156,188,6,0,39
1824,655,432,200,159,188,6,0,39
1825,632,445,210,166,188,6,0,39
1826,608,457,221,174,188,6,0,39
1827,583,468,234,178,188,6,0,39
1828,559,482,243,192,188,6,0,39
1829,531,498,255,199,188,6,0,40
1830,500,509,271,219,188,6,0,40
1831,465,530,288,226,188,6,0,41
1832,435,553,292,231,188,6,0,41
1833,393,575,313,248,188,6,0,42
1834,351,601,328,262,188,6,0,42
1835,303,627,349,278,188,6,0,43
1836,248,656,375,300,188,6,0,43
1837,191,689,398,322,188,6,0,44
1838,126,727,429,347,188,6,0,44
1839,53,766,466,309,188,6,0,44
1840,0,810,475,267,188,6,0,44
1841,1,858,426,219,188,6,0,45
1842,1,912,371,166,188,6,0,45
1843,1,964,314,110,188,6,0,45
2016,721,109,52,36,189,6,1,22
2017,723,108,57,41,189,6,1,23
2018,724,106,59,43,189,6,1,29
2019,729,109,59,41,189,6,1,34
2020,731,108,63,45,189,6,1,38
2021,733,110,63,44,189,6,1,37
2022,740,112,61,43,189,6,1,36
2023,747,112,56,43,189,6,1,35
2024,750,109,56,47,189,6,1,32
2025,756,108,51,47,189,6,1,31
2026,759,109,50,48,189,6,1,29
2027,768,109,40,50,189,6,1,29
2028,769,114,41,45,189,6,1,29
2029,765,115,49,45,189,6,1,30
2030,766,117,54,44,189,6,1,30
2031,769,118,56,44,189,6,1,32
2032,774,119,60,44,189,6,1,34
2033,776,120,62,46,189,6,1,38
2034,778,122,64,46,189,6,1,41
2035,781,122,67,48,189,6,1,42
2036,786,123,65,48,189,6,1,44
2037,787,123,65,49,189,6,1,44
2038,791,124,64,50,189,6,1,44
2039,796,124,64,52,189,6,1,41
2040,797,126,65,52,189,6,1,39
2041,801,126,65,51,189,6,1,37
2042,805,128,64,51,189,6,1,35
2043,808,129,65,50,189,6,1,31
2044,808,129,68,51,189,6,1,27
2045,817,129,60,51,189,6,1,25
2046,825,131,56,50,189,6,1,24
2047,822,132,62,52,189,6,1,25
2048,824,132,63,52,189,6,1,25
2049,826,133,62,53,189,6,1,26
2050,828,137,65,50,189,6,1,28
2051,828,136,68,52,189,6,1,28
2052,830,138,68,53,189,6,1,30
2053,833,142,68,49,189,6,1,28
2054,834,139,70,54,189,6,1,29
2055,835,141,70,52,189,6,1,28
2056,837,140,72,55,189,6,1,28
2057,839,142,74,54,189,6,1,27
2058,842,143,73,55,189,6,1,26
2059,843,143,74,56,189,6,1,26
2060,845,146,74,55,189,6,1,26
2061,849,146,72,56,189,6,1,26
2062,851,147,73,57,189,6,1,25
2063,853,149,74,56,189,6,1,25
2064,856,147,71,59,189,6,1,24
2065,858,148,73,60,189,6,1,24
2066,859,151,73,57,189,6,1,22
2067,861,150,75,60,189,6,1,21
2068,864,153,75,58,189,6,1,21
2069,865,155,73,57,189,6,1,20
2070,867,154,75,59,189,6,1,19
2071,867,154,76,61,189,6,1,19
2072,869,155,75,60,189,6,1,20
2073,870,157,76,61,189,6,1,20
2074,871,159,76,60,189,6,1,21
2075,872,159,77,61,189,6,1,20
2076,872,159,81,63,189,6,1,20
2077,873,159,80,63,189,6,1,20
2078,876,157,79,67,189,6,1,19
2079,877,160,79,65,189,6,1,18
2080,879,161,78,65,189,6,1,17
2081,879,160,79,68,189,6,1,17
2082,881,164,78,64,189,6,1,17
2083,882,165,77,66,189,6,1,18
2084,883,165,78,67,189,6,1,19
2085,883,165,78,68,189,6,1,19
2086,885,169,78,67,189,6,1,20
2087,886,169,78,67,189,6,1,18
2088,886,168,78,67,189,6,1,17
2089,888,169,78,68,189,6,1,16
2090,887,172,80,65,189,6,1,15
2091,888,172,80,68,189,6,1,14
2092,889,170,80,69,189,6,1,13
2093,890,172,80,67,189,6,1,14
2094,890,174,80,68,189,6,1,16
2095,890,173,83,72,189,6,1,17
2096,891,174,83,72,189,6,1,17
2097,894,175,80,71,189,6,1,16
2098,895,176,81,71,189,6,1,16
2099,894,176,82,72,189,6,1,15
2100,895,178,80,71,189,6,1,11
2101,895,177,82,72,189,6,1,7
2102,895,177,82,69,189,6,1,9
2103,895,180,80,66,189,6,1,10
2104,897,180,83,74,189,6,1,12
2105,898,180,83,73,189,6,1,9
2106,897,179,86,73,189,6,1,13
2107,898,181,82,74,189,6,1,15
2108,900,182,82,75,189,6,1,18
2109,900,182,83,72,189,6,1,16
1802,722,105,57,40,190,9,5,133
1803,727,103,61,41,190,9,5,121
1804,730,106,63,42,190,9,5,112
1805,734,105,65,44,190,9,5,97
1806,750,108,54,44,190,9,5,90
1807,752,108,58,45,190,9,5,81
1808,762,109,48,45,190,9,5,74
1809,767,109,51,47,190,9,5,67
1810,769,111,54,47,190,9,5,61
1811,771,112,61,48,190,9,5,58
1812,773,113,65,50,190,9,5,59
1813,777,117,68,47,190,9,5,59
1815,788,120,65,51,190,9,5,62
1816,791,121,67,49,190,9,5,62
1817,796,121,67,53,190,9,5,62
1818,802,123,66,54,190,9,5,61
1819,804,122,72,55,190,9,5,56
1820,811,126,68,53,190,9,5,55
1821,824,128,60,53,190,9,5,52
1822,824,129,65,56,190,9,5,52
1823,828,133,65,54,190,9,5,49
1824,831,135,68,54,190,9,5,48
1825,835,137,67,53,190,9,5,48
1826,836,138,69,55,190,9,5,49
1827,839,139,74,56,190,9,5,48
1828,843,141,73,59,190,9,5,48
1829,846,144,74,57,190,9,5,50
1830,850,146,74,59,190,9,5,51
1831,855,148,73,60,190,9,5,53
1832,858,151,74,59,190,9,5,52
1833,862,153,75,61,190,9,5,51
1834,864,154,74,63,190,9,5,50
1835,865,155,78,64,190,9,5,49
1836,868,159,77,65,190,9,5,49
1837,871,163,79,64,190,9,5,49
1838,873,167,80,64,190,9,5,50
1839,877,169,79,66,190,9,5,50
1840,880,169,79,69,190,9,5,51
1841,882,173,80,69,190,9,5,52
1842,884,175,83,73,190,9,5,53
1843,885,176,85,76,190,9,5,54
1844,886,179,85,79,190,9,5,54
1845,885,182,89,80,190,9,5,54
1846,887,186,90,81,190,9,5,54
1847,890,190,89,81,190,9,5,53
1848,891,193,89,83,190,9,5,51
1849,891,199,93,82,190,9,5,50
1850,893,203,92,83,190,9,5,48
1851,893,209,93,83,190,9,5,48
1852,892,210,95,87,190,9,5,48
1853,892,215,94,88,190,9,5,48
1854,890,218,99,92,190,9,5,48
1855,892,223,99,93,190,9,5,48
1856,890,228,100,93,190,9,5,48
1857,890,232,100,98,190,9,5,49
1858,887,237,103,100,190,9,5,49
1859,885,239,106,105,190,9,5,49
1860,881,244,110,111,190,9,5,50
1861,876,249,115,113,190,9,5,50
1862,872,257,117,114,190,9,5,51
1863,867,264,125,117,190,9,5,51
1864,862,269,127,123,190,9,5,51
1865,859,277,130,125,190,9,5,50
1866,851,281,138,129,190,9,5,50
1867,844,288,140,135,190,9,5,50
1868,836,298,147,136,190,9,5,50
1869,826,307,150,142,190,9,5,50
1870,814,316,160,147,190,9,5,50
1871,801,324,169,152,190,9,5,50
1872,789,335,173,158,190,9,5,50
1873,776,345,181,163,190,9,5,50
1874,760,356,190,167,190,9,5,50
1875,744,365,200,179,190,9,5,50
1876,724,380,214,184,190,9,5,49
1877,703,391,222,192,190,9,5,49
1878,676,404,240,202,190,9,5,49
1879,648,416,256,216,190,9,5,50
1880,617,432,271,226,190,9,5,50
1881,583,447,290,243,190,9,5,51
1882,541,466,312,259,190,9,5,52
1883,497,490,337,274,190,9,5,53
1884,446,518,365,293,190,9,5,54
1885,389,545,394,316,190,9,5,56
1886,323,578,430,344,190,9,5,57
1887,239,616,480,379,190,9,5,56
1888,155,654,516,414,190,9,5,55
1889,47,695,580,383,190,9,5,53
1890,3,748,569,327,190,9,5,51
1891,0,801,509,278,190,9,5,47
1892,3,872,431,204,190,9,5,45
1893,1,948,330,132,190,9,5,43
1589,912,167,69,36,191,6,3,5
1590,912,167,68,37,191,6,3,4
1591,912,167,68,37,191,6,3,4
1592,912,167,68,37,191,6,3,4
1593,912,167,67,37,191,6,3,4
1594,913,167,65,36,191,6,3,17
1595,908,168,74,59,191,6,3,34
1596,908,168,71,59,191,6,3,57
1597,908,168,72,58,191,6,3,64
1598,910,169,68,51,191,6,3,70
0,793,118,61,52,201,9,1,68
1,795,119,62,54,201,9,1,60
2,798,121,63,54,201,9,1,52
3,803,122,60,54,201,9,1,40
4,806,123,62,53,201,9,1,34
5,807,123,65,53,201,9,1,30
6,807,123,68,55,201,9,1,29
7,809,124,69,56,201,9,1,28
8,813,127,67,55,201,9,1,28
9,824,130,59,53,201,9,1,31
10,824,130,62,55,201,9,1,33
11,826,130,62,57,201,9,1,35
12,829,134,63,53,201,9,1,34
13,830,134,65,56,201,9,1,33
14,833,135,66,55,201,9,1,31
15,836,136,65,55,201,9,1,31
16,837,137,67,56,201,9,1,31
17,839,136,68,60,201,9,1,30
18,841,138,70,59,201,9,1,31
19,844,138,70,60,201,9,1,31
20,847,144,70,58,201,9,1,34
21,847,144,72,58,201,9,1,35
22,850,145,73,61,201,9,1,35
23,852,145,73,63,201,9,1,36
24,856,146,74,63,201,9,1,35
25,859,149,71,63,201,9,1,36
26,859,146,72,67,201,9,1,34
27,862,151,75,64,201,9,1,33
28,863,151,76,66,201,9,1,31
29,864,151,79,65,201,9,1,31
30,867,153,76,66,201,9,1,33
31,868,154,77,69,201,9,1,34
32,870,154,79,72,201,9,1,35
33,872,156,81,71,201,9,1,36
34,875,159,81,71,201,9,1,36
35,877,159,81,73,201,9,1,35
36,879,163,79,72,201,9,1,33
37,880,164,80,72,201,9,1,31
38,881,166,80,73,201,9,1,30
39,882,167,80,73,201,9,1,29
40,884,168,83,75,201,9,1,29
41,884,171,86,75,201,9,1,30
42,886,170,85,79,201,9,1,30
43,887,173,87,78,201,9,1,30
44,889,174,86,79,201,9,1,29
45,888,176,86,80,201,9,1,28
46,889,179,91,78,201,9,1,27
47,891,181,89,78,201,9,1,26
48,892,181,89,82,201,9,1,26
49,892,182,91,84,201,9,1,25
50,893,186,92,82,201,9,1,24
51,894,188,92,80,201,9,1,23
52,895,188,91,80,201,9,1,23
53,896,190,92,84,201,9,1,23
54,897,193,93,83,201,9,1,22
55,898,192,92,86,201,9,1,22
56,899,195,92,85,201,9,1,24
57,899,197,92,87,201,9,1,25
58,900,198,92,88,201,9,1,24
59,900,197,93,92,201,9,1,23
60,901,201,91,87,201,9,1,22
61,905,202,91,88,201,9,1,21
62,904,205,90,88,201,9,1,20
63,906,204,90,92,201,9,1,16
64,906,206,90,91,201,9,1,18
65,905,206,90,85,201,9,1,22
66,906,210,91,93,201,9,1,30
67,904,208,92,97,201,9,1,28
68,903,209,92,98,201,9,1,25
69,904,210,92,98,201,9,1,22
70,903,210,95,99,201,9,1,19
71,906,210,93,100,201,9,1,16
72,903,211,96,99,201,9,1,11
73,903,212,94,98,201,9,1,9
74,901,213,94,99,201,9,1,7
75,899,214,97,99,201,9,1,7
76,898,215,99,98,201,9,1,6
77,898,215,98,100,201,9,1,6
78,899,216,97,99,201,9,1,6
79,900,218,95,96,201,9,1,6
80,899,217,97,100,201,9,1,6
81,898,215,99,101,201,9,1,5
82,900,215,98,102,201,9,1,3
83,899,216,98,100,201,9,1,2
84,899,216,98,100,201,9,1,1
85,897,215,100,102,201,9,1,1
86,897,215,99,103,201,9,1,0
87,896,216,99,101,201,9,1,0
88,898,216,97,100,201,9,1,0
89,900,215,96,101,201,9,1,0
90,899,215,96,100,201,9,1,1
91,899,216,97,100,201,9,1,1
92,898,215,97,101,201,9,1,1
93,898,215,98,101,201,9,1,0
94,893,215,103,100,201,9,1,0
95,893,215,104,101,201,9,1,0
96,894,216,102,101,201,9,1,0
97,896,216,100,100,201,9,1,0
98,897,216,99,99,201,9,1,0
99,898,216,99,99,201,9,1,0
100,897,217,98,99,201,9,1,0
101,897,216,99,99,201,9,1,0
102,894,217,102,98,201,9,1,0
103,895,216,101,100,201,9,1,0
104,897,217,99,100,201,9,1,0
105,897,218,99,99,201,9,1,0
106,897,219,99,97,201,9,1,0
107,897,220,99,96,201,9,1,0
108,896,220,100,96,201,9,1,0
109,897,218,99,98,201,9,1,0
110,899,218,98,98,201,9,1,0
111,899,220,97,96,201,9,1,0
112,899,219,97,98,201,9,1,0
113,899,219,97,97,201,9,1,0
114,900,220,96,97,201,9,1,0
115,899,219,98,98,201,9,1,0
116,900,220,96,97,201,9,1,0
117,898,220,98,98,201,9,1,0
118,898,222,98,95,201,9,1,0
119,897,222,99,96,201,9,1,0
120,900,222,96,94,201,9,1,0
121,900,223,96,94,201,9,1,0
122,900,225,96,91,201,9,1,0
123,900,229,95,89,201,9,1,0
124,900,230,96,88,201,9,1,0
125,900,225,96,92,201,9,1,0
126,900,226,96,91,201,9,1,0
127,900,226,96,91,201,9,1,0
128,899,234,95,84,201,9,1,1
129,899,235,97,81,201,9,1,2
130,899,229,97,86,201,9,1,2
131,898,232,98,86,201,9,1,1
132,895,233,101,84,201,9,1,1
133,896,232,100,84,201,9,1,1
134,896,228,100,88,201,9,1,0
135,896,230,100,85,201,9,1,0
136,898,230,97,85,201,9,1,0
137,898,235,98,81,201,9,1,0
138,897,236,99,81,201,9,1,0
139,899,230,98,85,201,9,1,0
140,898,229,97,87,201,9,1,0
141,898,230,98,86,201,9,1,0
142,898,228,98,88,201,9,1,0
143,898,229,97,87,201,9,1,0
144,896,215,100,103,201,9,1,1
145,897,213,98,105,201,9,1,1
146,897,215,99,102,201,9,1,2
147,897,218,99,100,201,9,1,2
148,898,214,98,103,201,9,1,2
149,897,214,99,104,201,9,1,1
150,896,217,99,101,201,9,1,0
151,896,214,100,104,201,9,1,0
152,896,215,100,103,201,9,1,0
153,896,213,99,105,201,9,1,0
154,897,214,99,104,201,9,1,0
155,898,213,97,104,201,9,1,0
156,897,213,99,104,201,9,1,1
157,897,213,99,104,201,9,1,1
158,896,211,99,104,201,9,1,2
159,896,212,98,103,201,9,1,2
160,896,212,99,104,201,9,1,1
161,896,212,99,104,201,9,1,1
162,898,213,98,103,201,9,1,1
163,900,212,96,103,201,9,1,1
164,900,212,96,103,201,9,1,1
165,900,212,95,104,201,9,1,1
166,899,213,97,104,201,9,1,1
167,899,212,96,103,201,9,1,0
168,897,213,99,102,201,9,1,0
169,896,213,100,103,201,9,1,0
170,897,214,99,103,201,9,1,0
171,897,213,99,103,201,9,1,0
172,897,214,97,102,201,9,1,0
173,899,213,96,102,201,9,1,0
174,899,213,96,103,201,9,1,0
175,899,213,96,103,201,9,1,0
176,899,213,95,102,201,9,1,0
177,896,213,99,102,201,9,1,0
178,896,214,99,102,201,9,1,0
179,897,214,99,101,201,9,1,0
180,898,214,97,102,201,9,1,0
181,897,216,99,102,201,9,1,1
182,897,213,98,102,201,9,1,1
183,899,215,97,103,201,9,1,2
184,899,215,97,103,201,9,1,2
185,899,217,97,101,201,9,1,2
186,896,214,100,104,201,9,1,2
187,896,213,99,101,201,9,1,1
188,896,214,100,102,201,9,1,1
189,895,215,101,104,201,9,1,1
190,897,213,98,102,201,9,1,2
191,898,213,96,101,201,9,1,2
192,900,213,95,101,201,9,1,2
193,900,213,96,101,201,9,1,2
194,900,213,96,101,201,9,1,2
195,897,213,99,102,201,9,1,2
196,897,213,99,102,201,9,1,1
197,897,214,99,102,201,9,1,1
198,897,214,99,102,201,9,1,1
199,898,214,98,101,201,9,1,1
200,900,214,95,101,201,9,1,1
201,900,213,96,101,201,9,1,1
202,900,213,96,100,201,9,1,1
203,901,213,96,100,201,9,1,1
204,898,213,98,102,201,9,1,0
205,899,214,98,100,201,9,1,0
206,898,214,99,101,201,9,1,1
207,898,214,98,101,201,9,1,2
208,897,214,99,101,201,9,1,3
209,898,214,98,101,201,9,1,4
210,900,215,96,102,201,9,1,4
211,900,214,96,103,201,9,1,4
212,900,215,96,102,201,9,1,3
213,899,216,97,101,201,9,1,2
214,897,214,100,101,201,9,1,1
215,895,215,101,101,201,9,1,1
216,895,214,102,101,201,9,1,2
217,895,214,102,101,201,9,1,2
218,895,215,101,100,201,9,1,2
219,896,215,100,102,201,9,1,1
220,896,213,100,103,201,9,1,1
221,896,213,100,103,201,9,1,1
222,896,213,100,103,201,9,1,1
223,895,214,101,103,201,9,1,2
224,893,214,102,101,201,9,1,2
225,896,213,100,101,201,9,1,2
226,896,214,100,101,201,9,1,2
227,895,214,101,100,201,9,1,3
228,895,213,100,100,201,9,1,3
229,897,213,99,101,201,9,1,2
230,900,213,95,102,201,9,1,1
231,900,213,95,102,201,9,1,1
232,899,213,96,102,201,9,1,1
233,896,215,100,100,201,9,1,1
234,894,215,102,101,201,9,1,2
235,894,214,102,101,201,9,1,1
236,897,217,99,101,201,9,1,2
237,899,218,97,100,201,9,1,2
238,899,216,97,102,201,9,1,2
239,899,215,97,103,201,9,1,1
240,901,213,95,102,201,9,1,1
241,900,213,96,102,201,9,1,1
242,897,214,98,102,201,9,1,1
243,894,214,102,102,201,9,1,1
244,895,214,100,102,201,9,1,1
245,896,214,100,102,201,9,1,0
246,895,214,100,101,201,9,1,0
247,894,213,101,101,201,9,1,0
248,896,213,100,102,201,9,1,0
249,896,213,100,102,201,9,1,0
250,896,213,99,103,201,9,1,0
251,895,213,100,103,201,9,1,0
252,895,214,101,101,201,9,1,0
253,894,214,102,102,201,9,1,0
254,894,213,102,102,201,9,1,0
255,896,213,100,102,201,9,1,0
256,896,213,99,102,201,9,1,0
257,898,213,97,101,201,9,1,0
258,899,213,96,101,201,9,1,1
259,898,213,97,101,201,9,1,1
260,894,213,100,101,201,9,1,1
261,894,213,101,101,201,9,1,1
262,894,214,102,102,201,9,1,1
263,893,213,103,100,201,9,1,0
264,895,214,102,99,201,9,1,1
265,895,214,102,100,201,9,1,1
266,896,213,100,98,201,9,1,3
267,896,213,99,100,201,9,1,3
268,896,213,99,99,201,9,1,3
269,894,213,101,100,201,9,1,1
270,896,214,99,101,201,9,1,3
271,895,214,100,101,201,9,1,4
272,896,214,99,102,201,9,1,5
273,895,214,100,102,201,9,1,5
274,896,214,99,102,201,9,1,4
275,896,213,99,103,201,9,1,3
276,897,213,98,102,201,9,1,2
277,898,212,97,101,201,9,1,2
278,896,213,99,101,201,9,1,1
279,896,213,100,102,201,9,1,0
280,895,213,101,102,201,9,1,0
281,896,213,101,102,201,9,1,0
282,896,213,101,101,201,9,1,0
283,896,213,100,102,201,9,1,0
284,897,213,99,102,201,9,1,0
285,898,213,97,102,201,9,1,0
286,898,213,97,101,201,9,1,0
287,898,213,97,100,201,9,1,0
288,899,213,97,102,201,9,1,0
289,898,214,98,102,201,9,1,0
290,896,214,101,100,201,9,1,0
291,895,214,101,100,201,9,1,1
292,896,214,100,99,201,9,1,1
293,897,218,99,99,201,9,1,2
294,899,213,96,100,201,9,1,2
295,899,217,97,101,201,9,1,1
296,898,216,98,102,201,9,1,1
297,897,213,98,100,201,9,1,1
298,895,214,101,100,201,9,1,1
299,895,214,100,99,201,9,1,2
300,894,213,102,102,201,9,1,1
301,894,213,102,102,201,9,1,2
302,896,215,100,101,201,9,1,2
303,897,214,99,103,201,9,1,2
304,897,214,98,104,201,9,1,1
305,897,213,98,100,201,9,1,0
306,895,213,99,102,201,9,1,0
307,897,214,98,101,201,9,1,0
308,896,214,99,101,201,9,1,2
309,896,214,99,101,201,9,1,4
310,896,213,99,101,201,9,1,4
311,897,216,98,101,201,9,1,3
312,896,213,99,102,201,9,1,2
313,897,213,98,102,201,9,1,2
314,897,215,99,103,201,9,1,2
315,896,215,99,102,201,9,1,2
316,896,213,99,102,201,9,1,1
317,894,213,101,102,201,9,1,1
318,894,213,101,101,201,9,1,1
319,894,213,101,102,201,9,1,2
320,896,213,99,101,201,9,1,3
321,897,213,98,99,201,9,1,2
322,896,213,98,102,201,9,1,1
323,896,213,99,102,201,9,1,0
324,896,213,98,102,201,9,1,0
325,895,213,100,101,201,9,1,1
326,894,214,101,102,201,9,1,1
327,894,214,102,101,201,9,1,1
328,894,214,102,100,201,9,1,0
329,895,214,100,100,201,9,1,0
330,896,213,99,102,201,9,1,0
331,896,213,99,101,201,9,1,0
332,898,213,97,102,201,9,1,0
333,898,213,97,102,201,9,1,0
334,897,213,98,102,201,9,1,0
335,896,214,99,101,201,9,1,0
336,897,214,98,102,201,9,1,0
337,897,214,98,102,201,9,1,0
338,897,213,99,102,201,9,1,0
339,896,214,99,102,201,9,1,0
340,898,213,97,102,201,9,1,0
341,898,213,97,102,201,9,1,0
342,898,213,97,102,201,9,1,0
343,898,213,97,102,201,9,1,0
344,898,213,97,101,201,9,1,0
345,897,213,98,101,201,9,1,0
346,897,214,98,101,201,9,1,0
347,897,214,98,101,201,9,1,0
348,896,214,100,102,201,9,1,0
349,896,217,99,100,201,9,1,1
350,898,213,97,103,201,9,1,1
351,898,213,97,103,201,9,1,0
352,897,213,98,102,201,9,1,0
353,897,213,98,102,201,9,1,0
354,897,215,98,101,201,9,1,0
355,896,214,100,101,201,9,1,0
356,895,215,100,101,201,9,1,0
357,895,214,101,102,201,9,1,0
358,895,214,100,102,201,9,1,1
359,897,214,98,102,201,9,1,2
360,900,214,96,104,201,9,1,3
361,900,216,97,103,201,9,1,2
362,898,217,98,101,201,9,1,1
363,897,214,99,102,201,9,1,0
364,897,214,99,102,201,9,1,0
365,897,214,99,103,201,9,1,0
366,897,214,99,103,201,9,1,0
367,896,213,100,104,201,9,1,0
368,898,218,98,100,201,9,1,0
369,897,219,98,98,201,9,1,0
370,900,221,96,97,201,9,1,0
371,898,222,98,96,201,9,1,0
372,899,228,97,90,201,9,1,0
373,897,219,99,99,201,9,1,0
374,897,220,99,98,201,9,1,0
375,896,219,99,99,201,9,1,0
376,897,220,99,98,201,9,1,0
377,897,223,98,95,201,9,1,0
378,897,225,98,93,201,9,1,0
379,897,224,98,93,201,9,1,0
380,898,214,97,103,201,9,1,0
381,897,216,98,102,201,9,1,0
382,896,215,100,102,201,9,1,0
383,895,216,100,101,201,9,1,0
384,896,215,100,101,201,9,1,1
385,896,216,100,101,201,9,1,2
386,898,213,97,102,201,9,1,4
387,899,213,97,102,201,9,1,3
388,899,213,96,102,201,9,1,2
389,898,213,97,103,201,9,1,1
390,898,217,98,100,201,9,1,1
391,897,221,98,97,201,9,1,1
392,897,223,98,94,201,9,1,2
393,897,223,99,94,201,9,1,2
394,896,222,99,96,201,9,1,2
395,897,221,99,96,201,9,1,1
396,897,216,99,101,201,9,1,0
397,897,217,99,101,201,9,1,0
398,898,218,99,100,201,9,1,0
399,898,220,98,98,201,9,1,0
400,897,222,98,96,201,9,1,0
401,897,220,98,98,201,9,1,0
402,897,220,98,97,201,9,1,0
403,898,221,98,96,201,9,1,0
404,897,223,98,94,201,9,1,0
405,897,218,99,100,201,9,1,0
406,897,218,98,100,201,9,1,0
407,898,221,97,97,201,9,1,0
408,896,218,100,100,201,9,1,0
409,896,221,100,97,201,9,1,0
410,894,218,101,101,201,9,1,0
411,894,217,101,102,201,9,1,0
412,893,215,102,101,201,9,1,0
413,893,217,102,102,201,9,1,0
414,895,217,101,101,201,9,1,0
415,896,222,99,96,201,9,1,0
416,897,219,99,99,201,9,1,1
417,896,219,99,99,201,9,1,1
418,896,220,100,99,201,9,1,1
419,894,220,102,98,201,9,1,0
420,897,217,99,100,201,9,1,0
421,896,217,100,100,201,9,1,0
422,896,217,99,100,201,9,1,0
423,896,217,99,101,201,9,1,0
424,896,217,100,100,201,9,1,0
425,896,217,99,100,201,9,1,0
426,896,218,99,100,201,9,1,0
427,896,217,99,101,201,9,1,0
428,896,216,99,101,201,9,1,0
429,897,217,99,101,201,9,1,0
430,895,214,100,102,201,9,1,0
431,894,214,101,102,201,9,1,0
432,894,215,102,103,201,9,1,0
433,894,214,102,104,201,9,1,1
434,894,213,101,103,201,9,1,1
435,894,213,101,102,201,9,1,1
436,894,213,101,103,201,9,1,1
437,894,214,102,104,201,9,1,1
438,896,213,100,103,201,9,1,1
439,894,215,102,103,201,9,1,0
440,896,214,99,101,201,9,1,0
441,896,214,99,101,201,9,1,0
442,894,216,101,102,201,9,1,0
443,892,216,103,102,201,9,1,0
444,896,217,100,100,201,9,1,1
445,897,216,99,101,201,9,1,1
446,896,216,99,101,201,9,1,0
447,896,214,98,101,201,9,1,0
448,897,217,99,101,201,9,1,0
449,896,218,99,100,201,9,1,0
450,895,215,100,102,201,9,1,0
451,895,216,100,102,201,9,1,1
452,895,215,101,103,201,9,1,1
453,894,215,101,103,201,9,1,1
454,894,215,101,103,201,9,1,1
455,895,216,101,102,201,9,1,2
456,894,213,101,102,201,9,1,2
457,894,213,101,102,201,9,1,2
458,895,215,101,103,201,9,1,1
459,894,214,101,101,201,9,1,1
460,895,217,101,101,201,9,1,1
461,895,217,101,101,201,9,1,1
462,895,218,100,100,201,9,1,1
463,896,220,99,98,201,9,1,2
464,896,221,99,97,201,9,1,1
465,895,219,100,99,201,9,1,1
466,894,220,101,98,201,9,1,0
467,894,219,101,100,201,9,1,0
468,895,222,101,96,201,9,1,0
469,895,225,100,93,201,9,1,0
470,896,223,99,95,201,9,1,0
471,895,223,100,95,201,9,1,0
472,895,222,100,96,201,9,1,0
473,895,222,100,95,201,9,1,0
474,896,224,99,93,201,9,1,0
475,895,226,100,91,201,9,1,0
476,895,218,101,98,201,9,1,0
477,896,220,100,97,201,9,1,0
478,896,218,99,99,201,9,1,0
479,896,221,100,96,201,9,1,1
480,896,218,99,97,201,9,1,1
481,896,218,100,97,201,9,1,2
482,897,217,100,99,201,9,1,1
483,898,216,98,99,201,9,1,1
484,897,215,98,101,201,9,1,0
485,897,215,99,101,201,9,1,0
486,898,215,98,101,201,9,1,0
487,898,215,98,101,201,9,1,0
488,898,216,98,99,201,9,1,0
489,898,215,97,101,201,9,1,0
490,899,215,97,101,201,9,1,0
491,899,214,96,102,201,9,1,0
492,899,214,96,103,201,9,1,0
493,900,213,95,104,201,9,1,0
494,899,213,96,103,201,9,1,0
495,900,212,96,105,201,9,1,0
496,900,213,95,103,201,9,1,0
497,900,213,96,103,201,9,1,0
498,900,215,95,101,201,9,1,0
499,900,216,96,101,201,9,1,0
500,901,216,95,101,201,9,1,0
501,901,216,94,101,201,9,1,0
502,901,216,94,100,201,9,1,0
503,902,217,94,100,201,9,1,0
504,902,217,95,100,201,9,1,0
505,902,216,94,101,201,9,1,0
506,902,217,94,100,201,9,1,0
507,901,216,94,101,201,9,1,0
508,901,217,95,100,201,9,1,0
509,901,217,95,100,201,9,1,0
510,902,215,94,102,201,9,1,0
511,902,215,94,102,201,9,1,0
512,902,215,94,102,201,9,1,0
513,902,216,94,101,201,9,1,0
514,902,217,94,99,201,9,1,0
515,902,219,94,98,201,9,1,0
516,902,218,94,98,201,9,1,0
517,902,218,94,99,201,9,1,0
518,902,218,94,99,201,9,1,0
519,902,219,94,98,201,9,1,0
520,901,217,95,100,201,9,1,0
521,902,218,93,99,201,9,1,0
522,902,218,92,99,201,9,1,0
523,902,218,92,98,201,9,1,0
524,902,219,92,98,201,9,1,0
525,902,218,92,98,201,9,1,0
526,902,219,92,98,201,9,1,0
527,902,219,93,98,201,9,1,0
528,902,219,93,97,201,9,1,0
529,902,219,93,97,201,9,1,0
530,902,217,95,100,201,9,1,0
531,902,217,95,100,201,9,1,0
532,902,217,95,99,201,9,1,0
533,901,217,95,99,201,9,1,0
534,901,218,95,98,201,9,1,0
535,903,219,92,97,201,9,1,0
536,903,219,94,98,201,9,1,0
537,903,219,92,97,201,9,1,0
538,903,219,92,97,201,9,1,0
539,903,218,92,97,201,9,1,0
540,902,218,94,99,201,9,1,0
541,902,218,94,99,201,9,1,0
542,901,218,94,99,201,9,1,0
543,902,218,94,99,201,9,1,0
544,901,218,94,99,201,9,1,0
545,902,218,94,99,201,9,1,1
546,902,219,94,98,201,9,1,0
547,902,220,93,98,201,9,1,1
548,902,220,94,98,201,9,1,0
549,902,220,94,98,201,9,1,0
550,902,219,95,99,201,9,1,0
551,902,219,95,98,201,9,1,0
552,903,218,94,99,201,9,1,0
553,903,218,94,99,201,9,1,0
554,903,218,93,100,201,9,1,0
555,902,220,94,98,201,9,1,0
556,903,220,94,98,201,9,1,0
557,902,220,95,98,201,9,1,0
558,902,221,94,97,201,9,1,0
559,901,222,95,97,201,9,1,0
560,901,219,94,99,201,9,1,0
561,900,220,95,99,201,9,1,0
562,900,221,95,98,201,9,1,0
563,899,222,98,97,201,9,1,0
564,899,218,98,101,201,9,1,0
565,899,218,98,101,201,9,1,0
566,899,220,96,99,201,9,1,0
567,899,221,96,98,201,9,1,0
568,898,223,97,96,201,9,1,0
569,897,225,98,94,201,9,1,0
570,898,224,97,96,201,9,1,1
571,898,227,98,94,201,9,1,2
572,896,227,99,94,201,9,1,3
573,897,232,97,90,201,9,1,4
574,898,241,96,81,201,9,1,4
575,897,245,96,77,201,9,1,5
576,895,238,99,85,201,9,1,5
577,895,232,98,93,201,9,1,6
578,893,231,98,93,201,9,1,6
579,892,232,101,95,201,9,1,7
580,889,228,103,98,201,9,1,7
581,888,234,104,94,201,9,1,8
582,886,233,107,96,201,9,1,8
583,885,234,107,97,201,9,1,8
584,883,234,108,98,201,9,1,9
585,880,235,112,99,201,9,1,9
586,877,235,114,100,201,9,1,10
587,875,236,115,101,201,9,1,10
588,871,242,115,98,201,9,1,11
589,867,236,121,106,201,9,1,12
590,864,244,118,101,201,9,1,13
591,862,243,118,104,201,9,1,14
592,857,243,126,106,201,9,1,14
593,852,244,129,108,201,9,1,14
594,846,245,135,109,201,9,1,14
595,839,251,134,106,201,9,1,15
596,832,249,138,111,201,9,1,16
597,821,250,146,115,201,9,1,17
598,815,251,147,118,201,9,1,18
599,802,256,155,115,201,9,1,19
600,792,258,160,116,201,9,1,19
601,778,259,168,120,201,9,1,20
602,764,263,173,118,201,9,1,20
603,749,264,178,122,201,9,1,20
604,730,268,186,122,201,9,1,20
605,709,270,196,124,201,9,1,21
606,689,270,207,127,201,9,1,21
607,667,274,215,128,201,9,1,22
608,640,276,228,130,201,9,1,23
609,613,280,236,132,201,9,1,23
610,584,283,242,134,201,9,1,24
611,554,287,255,133,201,9,1,24
612,522,287,265,137,201,9,1,25
613,488,291,276,138,201,9,1,25
614,454,293,282,141,201,9,1,25
615,415,298,293,139,201,9,1,25
616,378,300,298,142,201,9,1,25
617,337,305,307,140,201,9,1,25
618,295,309,317,138,201,9,1,25
619,255,313,317,137,201,9,1,25
620,212,313,323,141,201,9,1,25
621,171,316,323,140,201,9,1,25
622,127,317,322,141,201,9,1,25
623,78,316,334,144,201,9,1,26
624,31,320,331,140,201,9,1,26
625,0,322,315,141,201,9,1,26
626,0,323,267,140,201,9,1,26
627,0,324,216,134,201,9,1,26
628,0,324,170,137,201,9,1,26
629,0,323,123,137,201,9,1,26
630,0,325,74,133,201,9,1,25
1829,726,107,52,38,214,6,2,57
1830,733,106,51,43,214,6,2,58
1831,738,110,53,41,214,6,2,60
1832,747,110,49,43,214,6,2,61
1833,752,109,51,47,214,6,2,61
1834,761,110,43,46,214,6,2,59
1835,764,108,44,50,214,6,2,58
1836,766,108,44,52,214,6,2,57
1837,770,116,44,46,214,6,2,55
1838,774,122,49,41,214,6,2,54
1839,778,119,50,47,214,6,2,53
1840,784,119,54,48,214,6,2,54
1841,789,121,57,48,214,6,2,58
1842,792,122,57,51,214,6,2,62
1843,797,123,56,56,214,6,2,64
1844,801,126,56,51,214,6,2,65
1845,804,126,60,52,214,6,2,65
1846,805,128,62,53,214,6,2,66
1847,811,128,62,57,214,6,2,61
1848,808,129,70,57,214,6,2,56
1849,820,131,63,57,214,6,2,53
1850,826,138,62,52,214,6,2,53
1851,830,139,60,55,214,6,2,52
1852,833,140,60,56,214,6,2,49
1853,837,147,62,51,214,6,2,48
1854,838,143,64,57,214,6,2,48
1855,842,146,64,57,214,6,2,48
1856,846,146,66,59,214,6,2,48
1857,850,150,65,60,214,6,2,48
1858,852,151,67,62,214,6,2,49
1859,857,154,68,62,214,6,2,50
1860,859,152,67,66,214,6,2,49
1861,862,155,68,66,214,6,2,48
1862,864,155,69,68,214,6,2,47
1863,866,157,71,70,214,6,2,47
1864,869,161,73,71,214,6,2,46
1865,872,166,73,69,214,6,2,45
1866,875,167,73,68,214,6,2,45
1867,879,171,72,69,214,6,2,45
1868,881,171,73,74,214,6,2,45
1869,884,172,74,76,214,6,2,44
1870,885,175,76,78,214,6,2,45
1871,887,178,77,79,214,6,2,45
1872,886,180,82,79,214,6,2,45
1873,889,183,81,80,214,6,2,45
1874,891,185,83,84,214,6,2,44
1875,893,188,83,85,214,6,2,43
1876,897,189,81,87,214,6,2,41
1877,898,192,81,87,214,6,2,40
1878,899,197,83,87,214,6,2,40
1879,898,200,85,88,214,6,2,39
1880,900,204,83,89,214,6,2,38
1881,899,208,85,89,214,6,2,38
1882,897,211,87,91,214,6,2,37
1883,895,212,90,94,214,6,2,36
1884,896,214,89,95,214,6,2,34
1885,898,215,88,97,214,6,2,32
1886,894,217,91,100,214,6,2,31
1887,893,219,91,100,214,6,2,29
1888,889,222,96,102,214,6,2,28
1889,885,226,98,102,214,6,2,27
1890,881,229,100,103,214,6,2,27
1891,877,231,101,103,214,6,2,27
1892,872,233,103,108,214,6,2,27
1893,866,235,109,109,214,6,2,27
1894,862,238,109,110,214,6,2,26
1895,860,238,110,113,214,6,2,26
1896,851,240,115,114,214,6,2,24
1897,844,243,120,116,214,6,2,23
1898,838,244,122,116,214,6,2,21
1899,831,245,127,118,214,6,2,20
1900,823,249,132,118,214,6,2,19
1901,816,249,133,121,214,6,2,18
1902,811,252,137,121,214,6,2,17
1903,804,255,136,119,214,6,2,15
1904,799,257,139,118,214,6,2,14
1905,793,257,142,120,214,6,2,12
1906,787,260,147,119,214,6,2,11
1907,781,260,149,120,214,6,2,10
1908,773,262,155,120,214,6,2,10
1909,771,263,153,122,214,6,2,10
1910,768,263,151,121,214,6,2,9
1911,763,263,154,124,214,6,2,9
1912,760,263,157,124,214,6,2,8
1913,758,266,157,123,214,6,2,8
1914,754,267,161,122,214,6,2,7
1915,752,266,161,125,214,6,2,6
1916,750,266,162,126,214,6,2,5
1917,750,266,163,126,214,6,2,4
1918,748,265,163,127,214,6,2,4
1919,748,265,163,128,214,6,2,3
1920,747,265,164,129,214,6,2,3
1921,746,265,164,128,214,6,2,2
1922,747,265,163,128,214,6,2,1
1923,747,264,164,128,214,6,2,0
1924,748,264,164,128,214,6,2,0
1925,747,265,164,128,214,6,2,0
1926,747,265,164,128,214,6,2,0
1927,746,265,164,127,214,6,2,0
1928,746,265,164,127,214,6,2,0
1929,744,265,166,127,214,6,2,0
1930,743,265,166,128,214,6,2,0
1931,743,265,165,128,214,6,2,0
1932,741,266,166,127,214,6,2,0
1933,741,267,167,127,214,6,2,1
1934,738,267,170,128,214,6,2,1
1935,737,268,168,127,214,6,2,1
1936,735,268,170,128,214,6,2,1
1937,732,268,170,127,214,6,2,2
1938,730,268,170,128,214,6,2,2
1939,727,268,172,129,214,6,2,2
1940,723,270,173,127,214,6,2,2
1941,721,271,173,126,214,6,2,2
1942,717,271,175,127,214,6,2,3
1943,711,271,179,129,214,6,2,4
1944,702,273,183,129,214,6,2,5
1945,695,275,186,128,214,6,2,6
1946,684,274,192,131,214,6,2,7
1947,675,277,193,129,214,6,2,8
1948,663,277,198,131,214,6,2,9
1949,650,281,202,129,214,6,2,10
1950,636,281,211,134,214,6,2,11
1951,621,284,215,133,214,6,2,12
1952,605,286,217,133,214,6,2,13
1953,585,288,223,132,214,6,2,14
1954,562,290,232,134,214,6,2,14
1955,539,292,239,134,214,6,2,15
1956,515,295,245,134,214,6,2,15
1957,487,296,255,137,214,6,2,16
1958,462,301,256,136,214,6,2,17
1959,431,302,264,135,214,6,2,18
1960,400,305,271,136,214,6,2,19
1961,367,307,276,140,214,6,2,20
1962,330,307,284,139,214,6,2,21
1963,295,312,290,138,214,6,2,22
1964,257,316,293,135,214,6,2,22
1965,216,317,298,138,214,6,2,23
1966,174,320,301,137,214,6,2,23
1967,128,322,306,138,214,6,2,24
1968,88,323,305,137,214,6,2,24
1969,40,325,308,136,214,6,2,25
1970,0,327,302,133,214,6,2,25
1971,1,328,252,138,214,6,2,25
1972,0,329,205,130,214,6,2,26
1973,0,331,155,128,214,6,2,26
1974,0,332,105,130,214,6,2,26
