frame,bbox_topleft_x,bbox_topleft_y,bbox_width,bbox_height,track_id,color,type,speed
0,1310,394,364,175,820,9,1,26
1,1354,397,372,177,820,9,1,25
2,1399,402,378,178,820,9,1,25
3,1447,406,384,179,820,9,1,25
4,1498,410,388,183,820,9,1,25
5,1550,416,369,183,820,9,1,25
6,1603,422,316,184,820,9,1,25
7,1659,429,260,161,820,9,1,25
8,1715,431,204,160,820,9,1,24
9,1767,437,152,162,820,9,1,24
10,1825,444,94,159,820,9,1,23
0,417,215,255,255,821,2,7,3
1,417,215,255,255,821,2,7,2
2,417,214,254,255,821,2,7,2
3,417,214,254,255,821,2,7,1
4,417,214,254,255,821,2,7,1
5,417,214,255,255,821,2,7,0
6,417,214,256,255,821,2,7,0
7,417,214,255,255,821,2,7,0
8,417,214,255,255,821,2,7,0
9,416,214,254,255,821,2,7,0
10,416,215,254,254,821,2,7,0
11,416,215,255,255,821,2,7,0
12,415,213,256,258,821,2,7,1
13,415,213,236,258,821,2,7,1
14,415,215,222,255,821,2,7,2
15,415,215,208,255,821,2,7,2
16,412,215,199,256,821,2,7,3
17,410,214,195,259,821,2,7,4
18,410,214,192,260,821,2,7,5
19,407,213,235,262,821,2,7,6
20,403,213,267,262,821,2,7,6
21,405,214,264,263,821,2,7,6
22,405,213,221,263,821,2,7,7
23,404,214,263,264,821,2,7,7
24,402,215,228,265,821,2,7,7
25,403,217,263,264,821,2,7,6
26,401,217,255,265,821,2,7,6
27,402,218,182,264,821,2,7,7
28,399,218,189,267,821,2,7,8
29,397,218,227,268,821,2,7,8
30,394,219,189,269,821,2,7,8
31,391,220,188,269,821,2,7,8
32,389,222,187,270,821,2,7,7
33,385,222,192,273,821,2,7,8
34,379,221,213,274,821,2,7,8
35,377,222,197,278,821,2,7,8
36,373,221,197,279,821,2,7,8
37,371,225,199,278,821,2,7,9
38,368,224,218,282,821,2,7,9
39,361,225,217,285,821,2,7,9
40,362,224,246,289,821,2,7,10
41,355,227,231,289,821,2,7,10
42,353,227,225,292,821,2,7,10
43,348,226,209,295,821,2,7,10
44,345,230,209,295,821,2,7,10
45,337,230,215,298,821,2,7,10
46,334,231,218,301,821,2,7,11
47,327,232,231,305,821,2,7,11
48,322,233,222,310,821,2,7,12
49,316,234,226,312,821,2,7,12
50,308,237,236,313,821,2,7,13
51,305,238,232,319,821,2,7,13
52,296,241,281,322,821,2,7,14
53,292,242,270,326,821,2,7,14
54,285,242,340,330,821,2,7,15
55,279,239,347,339,821,2,7,15
56,272,244,352,342,821,2,7,15
57,266,246,367,344,821,2,7,14
58,260,248,370,346,821,2,7,14
59,251,248,378,352,821,2,7,14
60,242,238,384,369,821,2,7,13
61,234,245,391,369,821,2,7,13
62,227,253,393,367,821,2,7,13
63,217,254,404,372,821,2,7,14
64,209,252,409,382,821,2,7,14
65,198,252,417,389,821,2,7,14
66,188,256,422,391,821,2,7,14
67,179,260,360,399,821,2,7,15
68,167,267,442,399,821,2,7,16
69,156,268,449,410,821,2,7,17
70,148,273,456,416,821,2,7,18
71,134,275,470,424,821,2,7,18
72,120,279,480,432,821,2,7,18
73,104,284,494,438,821,2,7,18
74,91,284,503,450,821,2,7,18
75,76,288,515,461,821,2,7,18
76,58,291,529,471,821,2,7,18
77,38,296,546,484,821,2,7,18
78,20,304,558,492,821,2,7,18
79,1,305,576,508,821,2,7,19
80,0,310,573,519,821,2,7,19
81,1,313,570,537,821,2,7,19
82,0,321,565,551,821,2,7,20
83,0,327,562,566,821,2,7,20
84,1,331,557,588,821,2,7,20
85,1,339,550,603,821,2,7,20
86,0,341,545,628,821,2,7,20
87,1,355,271,643,821,2,7,20
88,0,350,534,676,821,2,7,20
89,0,353,531,703,821,2,7,19
90,0,359,525,714,821,2,7,15
91,0,361,522,712,821,2,7,11
92,0,367,514,702,821,2,7,7
93,0,371,510,699,821,2,7,5
94,0,377,502,693,821,2,7,3
95,2,382,489,690,821,2,7,2
96,0,389,486,677,821,2,7,2
97,0,397,477,674,821,2,7,1
98,0,404,471,632,821,2,7,1
99,1,410,464,659,821,2,7,0
100,1,419,457,653,821,2,7,0
101,0,426,449,648,821,2,7,0
102,0,432,439,639,821,2,7,1
103,0,445,427,625,821,2,7,1
104,0,454,416,612,821,2,7,2
105,0,468,405,555,821,2,7,1
106,2,475,392,584,821,2,7,1
107,1,491,380,560,821,2,7,1
108,2,503,366,552,821,2,7,1
109,2,518,352,543,821,2,7,1
110,2,535,334,538,821,2,7,1
111,1,550,319,520,821,2,7,1
112,1,569,303,493,821,2,7,1
113,0,593,284,467,821,2,7,1
114,0,617,263,439,821,2,7,1
115,0,639,241,436,821,2,7,1
116,0,668,219,404,821,2,7,1
117,1,699,191,360,821,2,7,1
118,0,771,165,291,821,2,7,1
119,1,872,136,205,821,2,7,1
120,1,906,105,170,821,2,7,1
0,671,335,123,119,822,5,5,2
1,671,336,122,119,822,5,5,1
2,671,336,124,118,822,5,5,2
3,670,335,125,121,822,5,5,2
4,669,336,125,121,822,5,5,3
5,668,337,126,121,822,5,5,3
6,667,338,127,122,822,5,5,4
7,666,338,127,123,822,5,5,5
8,665,340,129,124,822,5,5,6
9,663,339,131,127,822,5,5,7
10,663,339,129,128,822,5,5,7
11,662,339,130,129,822,5,5,8
12,661,348,131,125,822,5,5,9
13,660,346,132,130,822,5,5,10
14,658,347,134,132,822,5,5,11
15,653,351,135,134,822,5,5,13
16,652,354,137,135,822,5,5,14
17,649,356,140,136,822,5,5,15
18,645,358,142,139,822,5,5,16
19,643,365,143,137,822,5,5,17
20,638,367,145,144,822,5,5,18
21,632,372,151,144,822,5,5,19
22,629,375,151,148,822,5,5,20
23,625,379,155,149,822,5,5,21
24,621,383,158,154,822,5,5,22
25,619,390,159,156,822,5,5,23
26,612,394,162,163,822,5,5,24
27,608,400,166,165,822,5,5,25
28,603,406,170,173,822,5,5,26
29,595,415,176,174,822,5,5,27
30,587,422,180,180,822,5,5,28
31,579,426,185,190,822,5,5,29
32,572,440,189,192,822,5,5,30
33,561,444,199,204,822,5,5,31
34,553,457,204,209,822,5,5,31
35,543,466,208,220,822,5,5,32
36,530,488,220,223,822,5,5,33
37,520,501,223,232,822,5,5,34
38,508,516,231,244,822,5,5,35
39,492,532,243,258,822,5,5,36
40,477,538,254,286,822,5,5,36
41,459,570,266,290,822,5,5,37
42,434,585,290,318,822,5,5,37
43,413,616,300,334,822,5,5,38
44,387,650,320,353,822,5,5,37
45,354,682,343,380,822,5,5,36
46,317,716,370,361,822,5,5,33
47,270,749,408,328,822,5,5,32
48,234,807,430,271,822,5,5,29
49,186,854,462,221,822,5,5,28
50,207,916,420,160,822,5,5,27
0,925,178,34,28,823,4,0,67
1,925,179,34,28,823,4,0,54
2,926,178,34,28,823,4,0,50
3,926,178,34,28,823,4,0,34
4,927,177,33,29,823,4,0,27
5,927,178,32,29,823,4,0,13
6,926,177,31,30,823,4,0,10
7,926,176,29,31,823,4,0,6
8,926,175,28,32,823,4,0,13
9,926,174,27,33,823,4,0,14
10,926,175,25,33,823,4,0,16
11,927,175,25,33,823,4,0,9
19,925,176,25,31,823,4,0,6
20,924,175,25,32,823,4,0,4
21,924,174,24,33,823,4,0,5
22,924,173,23,34,823,4,0,6
23,923,173,24,34,823,4,0,8
29,923,172,25,34,823,4,0,7
30,921,173,27,33,823,4,0,6
31,921,173,27,33,823,4,0,5
33,923,172,24,34,823,4,0,5
34,921,172,24,34,823,4,0,5
35,921,172,24,33,823,4,0,5
36,921,173,23,33,823,4,0,4
37,921,173,23,34,823,4,0,3
38,921,173,23,33,823,4,0,2
39,920,172,25,34,823,4,0,4
40,919,172,26,34,823,4,0,5
41,921,172,25,34,823,4,0,12
42,921,171,25,35,823,4,0,18
43,921,171,25,34,823,4,0,21
44,920,171,28,34,823,4,0,16
45,918,172,29,34,823,4,0,9
46,916,171,30,35,823,4,0,6
47,917,171,29,35,823,4,0,7
48,918,170,27,36,823,4,0,6
49,919,171,25,35,823,4,0,9
50,918,172,26,33,823,4,0,7
51,918,172,26,33,823,4,0,8
52,918,173,26,32,823,4,0,7
53,920,173,25,32,823,4,0,6
54,921,173,23,32,823,4,0,7
55,922,174,24,32,823,4,0,7
56,922,174,24,32,823,4,0,9
57,921,173,26,33,823,4,0,9
61,921,175,24,32,823,4,0,10
62,920,173,24,34,823,4,0,8
63,920,173,24,33,823,4,0,7
64,919,173,25,34,823,4,0,6
65,918,173,26,34,823,4,0,8
66,919,173,25,34,823,4,0,7
67,919,173,25,33,823,4,0,7
68,920,173,24,33,823,4,0,13
69,921,173,24,34,823,4,0,16
70,924,177,21,32,823,4,0,18
71,924,177,22,31,823,4,0,14
72,923,177,23,30,823,4,0,14
73,924,178,23,30,823,4,0,13
74,923,178,23,30,823,4,0,13
75,924,179,22,29,823,4,0,13
76,923,179,23,29,823,4,0,12
77,922,178,23,29,823,4,0,9
78,923,178,22,30,823,4,0,10
79,924,178,22,30,823,4,0,10
80,925,177,20,32,823,4,0,11
81,925,176,20,31,823,4,0,7
82,925,177,21,31,823,4,0,8
83,925,178,21,30,823,4,0,7
91,925,181,21,29,823,4,0,6
97,927,179,20,29,823,4,0,4
98,927,179,20,29,823,4,0,4
99,927,180,21,29,823,4,0,4
0,696,292,107,73,824,3,5,1
1,696,292,105,73,824,3,5,1
2,694,292,107,73,824,3,5,2
3,697,292,105,74,824,3,5,4
4,696,292,107,76,824,3,5,6
5,691,292,110,76,824,3,5,8
6,686,296,111,76,824,3,5,10
7,686,296,109,74,824,3,5,9
8,686,298,106,72,824,3,5,8
9,685,297,108,73,824,3,5,5
10,685,298,108,73,824,3,5,4
11,686,299,106,70,824,3,5,6
12,687,299,104,74,824,3,5,7
13,685,300,106,78,824,3,5,9
14,684,300,107,76,824,3,5,8
15,687,302,103,73,824,3,5,13
16,686,303,102,77,824,3,5,21
17,681,303,111,93,824,3,5,29
18,682,303,110,99,824,3,5,34
19,679,304,112,98,824,3,5,36
20,678,306,111,98,824,3,5,38
21,678,307,110,103,824,3,5,36
22,676,309,110,106,824,3,5,32
23,675,310,113,111,824,3,5,27
24,675,311,112,106,824,3,5,26
25,674,310,114,109,824,3,5,24
26,675,310,112,112,824,3,5,22
27,673,311,114,113,824,3,5,17
28,672,313,114,112,824,3,5,14
29,672,315,116,112,824,3,5,11
30,672,316,115,112,824,3,5,12
31,671,316,116,117,824,3,5,12
32,670,318,116,117,824,3,5,12
33,669,319,116,118,824,3,5,12
34,667,321,117,119,824,3,5,13
35,667,321,117,122,824,3,5,13
36,664,325,120,120,824,3,5,13
37,662,328,121,122,824,3,5,13
38,661,329,123,123,824,3,5,14
39,661,330,124,125,824,3,5,14
40,660,333,125,126,824,3,5,15
41,660,335,124,129,824,3,5,16
42,659,337,124,131,824,3,5,17
43,658,340,126,135,824,3,5,18
44,656,341,129,137,824,3,5,19
45,653,344,132,138,824,3,5,20
46,649,349,138,140,824,3,5,20
47,648,350,139,144,824,3,5,20
48,642,355,145,145,824,3,5,21
49,641,355,144,153,824,3,5,22
50,635,359,152,156,824,3,5,22
51,629,360,162,162,824,3,5,23
52,628,364,160,167,824,3,5,24
53,625,375,163,162,824,3,5,24
54,623,382,167,165,824,3,5,25
55,617,389,178,169,824,3,5,25
56,615,395,181,172,824,3,5,26
57,613,402,181,177,824,3,5,27
58,607,407,185,182,824,3,5,27
59,601,415,192,187,824,3,5,28
60,594,422,198,195,824,3,5,29
61,588,431,206,202,824,3,5,30
62,580,438,215,211,824,3,5,31
63,575,440,215,229,824,3,5,32
64,567,464,221,222,824,3,5,32
65,556,476,231,234,824,3,5,33
66,547,489,236,245,824,3,5,33
67,529,502,255,252,824,3,5,33
68,522,520,259,263,824,3,5,34
69,504,540,271,278,824,3,5,35
70,494,563,280,293,824,3,5,35
71,473,587,297,309,824,3,5,36
72,456,611,308,331,824,3,5,37
73,431,642,329,353,824,3,5,37
74,402,670,349,383,824,3,5,36
75,372,704,370,372,824,3,5,34
76,338,740,399,334,824,3,5,33
77,290,786,438,289,824,3,5,31
78,243,844,470,233,824,3,5,30
79,267,897,434,178,824,3,5,29
2,824,174,36,36,825,4,0,22
3,825,175,35,36,825,4,0,17
4,824,174,35,37,825,4,0,18
6,824,174,35,37,825,4,0,20
7,824,177,36,35,825,4,0,26
8,824,178,35,35,825,4,0,29
9,824,178,35,35,825,4,0,27
10,826,186,31,28,825,4,0,25
11,825,180,33,33,825,4,0,20
12,824,183,33,30,825,4,0,20
13,821,184,36,29,825,4,0,21
14,820,183,37,32,825,4,0,32
15,820,182,38,34,825,4,0,40
16,822,190,35,28,825,4,0,51
17,822,191,35,27,825,4,0,55
18,821,193,34,27,825,4,0,59
19,819,195,34,25,825,4,0,59
20,819,194,34,25,825,4,0,50
21,817,193,35,26,825,4,0,41
22,817,194,34,26,825,4,0,31
23,818,195,33,25,825,4,0,28
24,817,198,30,24,825,4,0,28
25,816,199,32,24,825,4,0,31
26,815,198,34,25,825,4,0,30
27,814,196,36,26,825,4,0,31
28,814,196,38,26,825,4,0,24
29,814,197,37,26,825,4,0,28
30,812,198,35,26,825,4,0,24
31,810,201,36,25,825,4,0,31
32,810,199,34,26,825,4,0,33
33,810,200,34,26,825,4,0,45
34,808,198,37,28,825,4,0,50
35,808,203,34,26,825,4,0,53
36,807,203,36,26,825,4,0,53
37,805,203,36,26,825,4,0,52
38,803,207,37,25,825,4,0,53
39,804,207,37,25,825,4,0,50
40,804,203,35,29,825,4,0,49
41,805,208,34,26,825,4,0,49
42,803,207,36,28,825,4,0,50
43,801,208,37,29,825,4,0,50
44,802,207,36,31,825,4,0,52
45,802,207,36,31,825,4,0,53
46,800,210,39,32,825,4,0,56
47,799,212,37,30,825,4,0,54
48,796,217,39,27,825,4,0,54
49,796,210,38,35,825,4,0,52
50,794,218,40,28,825,4,0,51
51,792,215,42,32,825,4,0,52
52,791,221,42,29,825,4,0,49
53,790,219,42,33,825,4,0,52
54,789,219,45,33,825,4,0,51
55,788,222,44,34,825,4,0,55
56,788,222,45,34,825,4,0,55
57,786,221,47,38,825,4,0,55
58,786,224,47,38,825,4,0,56
59,785,225,50,38,825,4,0,56
60,783,228,51,38,825,4,0,60
61,782,225,52,44,825,4,0,61
62,781,229,51,44,825,4,0,62
63,778,230,53,45,825,4,0,62
64,778,231,52,46,825,4,0,61
65,774,233,54,46,825,4,0,62
66,772,234,57,48,825,4,0,60
67,770,238,58,48,825,4,0,59
68,769,238,60,51,825,4,0,58
69,767,240,61,52,825,4,0,58
70,767,244,60,51,825,4,0,56
71,764,246,61,51,825,4,0,55
72,764,249,59,51,825,4,0,55
73,762,252,60,53,825,4,0,54
74,760,252,62,58,825,4,0,55
75,756,256,67,56,825,4,0,57
76,754,261,68,56,825,4,0,60
77,752,266,68,57,825,4,0,62
78,750,270,69,58,825,4,0,62
79,748,271,69,61,825,4,0,62
80,742,275,75,62,825,4,0,62
81,743,277,73,66,825,4,0,61
82,739,282,76,67,825,4,0,60
83,738,286,79,68,825,4,0,59
84,734,291,79,69,825,4,0,59
85,731,294,82,74,825,4,0,60
86,727,299,85,75,825,4,0,60
87,724,305,88,78,825,4,0,60
88,719,309,90,82,825,4,0,60
89,716,315,92,84,825,4,0,60
90,711,320,94,87,825,4,0,60
91,706,329,102,88,825,4,0,59
92,701,334,104,92,825,4,0,59
93,698,341,106,95,825,4,0,58
94,694,349,107,100,825,4,0,58
95,686,357,115,102,825,4,0,58
96,682,365,121,109,825,4,0,58
97,675,375,123,112,825,4,0,58
98,670,383,129,118,825,4,0,58
99,659,396,137,124,825,4,0,58
100,651,404,144,132,825,4,0,58
101,647,419,146,138,825,4,0,58
102,635,435,155,143,825,4,0,58
103,625,448,163,154,825,4,0,58
104,612,465,173,164,825,4,0,58
105,597,488,186,171,825,4,0,58
106,584,508,194,182,825,4,0,58
107,568,532,207,198,825,4,0,58
108,549,558,222,215,825,4,0,58
109,528,590,235,231,825,4,0,58
110,504,627,254,254,825,4,0,59
111,478,668,272,285,825,4,0,58
112,444,720,297,316,825,4,0,56
113,407,783,323,295,825,4,0,54
114,360,852,358,221,825,4,0,53
115,366,938,329,139,825,4,0,53
6,733,284,74,72,826,5,0,4
7,732,284,76,75,826,5,0,3
8,732,284,76,75,826,5,0,2
9,732,284,76,75,826,5,0,1
10,732,284,75,75,826,5,0,0
11,732,284,76,75,826,5,0,0
12,731,284,76,75,826,5,0,0
13,731,284,77,76,826,5,0,0
14,730,284,77,75,826,5,0,0
15,730,285,77,74,826,5,0,1
16,729,285,78,74,826,5,0,2
17,726,286,82,74,826,5,0,3
18,725,288,82,73,826,5,0,3
19,726,288,81,74,826,5,0,3
20,726,289,80,72,826,5,0,4
21,727,291,81,71,826,5,0,5
22,725,290,79,73,826,5,0,4
23,726,289,79,74,826,5,0,3
24,729,290,77,72,826,5,0,3
25,729,290,77,73,826,5,0,4
26,729,291,77,74,826,5,0,4
27,727,290,79,75,826,5,0,4
28,725,290,80,75,826,5,0,4
29,725,290,80,75,826,5,0,4
30,723,290,82,76,826,5,0,4
31,723,291,83,75,826,5,0,4
32,719,291,85,76,826,5,0,4
33,718,292,86,77,826,5,0,6
34,716,293,87,76,826,5,0,8
35,717,293,86,81,826,5,0,11
36,714,295,90,77,826,5,0,14
37,711,295,94,81,826,5,0,16
38,710,297,95,82,826,5,0,18
39,712,297,92,81,826,5,0,17
40,706,300,99,80,826,5,0,17
41,706,301,99,81,826,5,0,16
42,701,303,104,82,826,5,0,15
43,703,304,102,83,826,5,0,14
44,698,304,107,84,826,5,0,14
45,696,307,108,84,826,5,0,15
46,697,308,106,86,826,5,0,16
47,697,309,105,86,826,5,0,17
48,695,311,107,90,826,5,0,19
49,695,312,106,91,826,5,0,20
50,697,316,105,92,826,5,0,22
51,696,316,107,95,826,5,0,23
52,694,318,107,100,826,5,0,23
53,695,322,108,96,826,5,0,22
54,695,326,108,91,826,5,0,21
55,695,328,108,93,826,5,0,20
56,697,328,106,96,826,5,0,19
57,694,333,109,96,826,5,0,19
58,689,334,114,98,826,5,0,19
59,687,339,117,99,826,5,0,21
60,685,342,120,100,826,5,0,22
61,682,346,124,101,826,5,0,23
62,683,350,120,103,826,5,0,24
63,682,354,122,103,826,5,0,26
64,681,356,123,110,826,5,0,27
65,675,358,133,118,826,5,0,28
66,674,365,133,113,826,5,0,28
67,674,368,132,118,826,5,0,29
68,669,376,140,117,826,5,0,29
69,667,379,141,123,826,5,0,29
70,666,383,143,128,826,5,0,29
71,662,388,146,131,826,5,0,29
72,657,395,150,134,826,5,0,30
73,654,400,155,140,826,5,0,31
74,650,409,157,142,826,5,0,31
75,647,417,161,148,826,5,0,32
76,642,424,164,152,826,5,0,32
77,634,435,175,154,826,5,0,33
78,628,442,180,163,826,5,0,33
79,624,455,184,166,826,5,0,34
80,615,465,192,172,826,5,0,34
81,609,475,198,181,826,5,0,35
82,603,489,202,190,826,5,0,36
83,594,503,215,198,826,5,0,36
84,582,516,227,210,826,5,0,37
85,575,534,229,221,826,5,0,38
86,557,550,246,236,826,5,0,38
87,548,574,249,249,826,5,0,39
88,534,599,262,261,826,5,0,39
89,517,626,279,280,826,5,0,40
90,498,656,294,302,826,5,0,40
91,477,689,312,328,826,5,0,40
92,452,723,332,349,826,5,0,40
93,424,765,357,310,826,5,0,40
94,393,811,382,265,826,5,0,39
95,358,864,413,210,826,5,0,38
96,382,927,375,148,826,5,0,37
97,391,1001,334,75,826,5,0,36
13,584,247,88,133,828,6,7,4
14,583,246,88,154,828,6,7,4
15,582,247,90,143,828,6,7,4
16,582,247,89,143,828,6,7,14
17,583,247,88,122,828,6,7,25
18,583,248,88,121,828,6,7,35
19,582,249,88,125,828,6,7,33
22,579,249,87,122,828,6,7,30
24,578,249,88,123,828,6,7,23
27,571,251,95,163,828,6,7,17
28,573,253,92,133,828,6,7,15
29,570,252,96,153,828,6,7,20
30,570,251,96,160,828,6,7,29
31,567,252,98,165,828,6,7,32
32,565,251,98,184,828,6,7,34
33,564,253,100,175,828,6,7,42
34,563,255,101,130,828,6,7,51
35,563,255,98,127,828,6,7,61
36,560,255,101,127,828,6,7,66
37,559,258,100,129,828,6,7,72
38,555,257,102,173,828,6,7,63
39,553,257,104,129,828,6,7,48
40,552,259,105,130,828,6,7,29
41,551,260,104,132,828,6,7,23
42,550,261,103,141,828,6,7,19
43,546,261,104,136,828,6,7,18
44,542,263,109,164,828,6,7,18
45,539,262,110,188,828,6,7,17
46,536,264,112,136,828,6,7,14
47,533,266,115,135,828,6,7,11
48,529,267,116,152,828,6,7,32
49,524,268,123,204,828,6,7,59
50,522,269,122,200,828,6,7,84
51,517,270,128,213,828,6,7,87
52,515,270,125,210,828,6,7,71
53,515,272,128,153,828,6,7,55
67,444,285,169,262,828,6,7,40
87,232,347,307,433,828,6,7,38
22,781,195,30,27,830,6,0,22
23,782,195,27,25,830,6,0,18
24,781,195,28,26,830,6,0,21
25,781,194,29,26,830,6,0,18
31,780,191,28,24,830,6,0,17
32,779,193,29,25,830,6,0,11
36,776,194,29,26,830,6,0,10
39,775,192,26,25,830,6,0,10
40,774,191,27,26,830,6,0,11
41,774,191,29,26,830,6,0,10
42,775,194,28,25,830,6,0,10
43,775,194,27,25,830,6,0,16
44,774,194,28,24,830,6,0,18
45,773,195,29,25,830,6,0,18
46,770,193,30,25,830,6,0,11
47,769,193,29,24,830,6,0,10
48,769,193,28,25,830,6,0,12
49,767,196,30,24,830,6,0,12
50,766,195,33,25,830,6,0,20
51,765,196,31,26,830,6,0,28
52,766,197,29,25,830,6,0,38
53,763,196,31,26,830,6,0,41
54,761,196,34,27,830,6,0,44
55,761,196,34,28,830,6,0,41
56,761,198,35,27,830,6,0,38
57,758,197,37,28,830,6,0,33
58,757,196,35,29,830,6,0,29
59,756,197,34,28,830,6,0,24
60,754,197,35,28,830,6,0,21
61,755,198,32,28,830,6,0,19
62,754,200,33,27,830,6,0,20
63,754,202,33,25,830,6,0,22
64,752,201,34,26,830,6,0,25
65,751,202,33,26,830,6,0,29
66,748,203,36,26,830,6,0,31
67,746,205,38,25,830,6,0,34
68,744,204,40,26,830,6,0,35
69,743,205,39,27,830,6,0,39
70,745,205,37,26,830,6,0,42
71,743,206,39,27,830,6,0,43
72,741,205,37,30,830,6,0,46
73,738,206,41,29,830,6,0,47
74,739,208,39,29,830,6,0,53
75,735,206,41,32,830,6,0,54
76,733,207,43,34,830,6,0,55
77,731,208,41,34,830,6,0,57
78,729,209,41,34,830,6,0,58
79,726,211,44,35,830,6,0,62
80,724,212,43,36,830,6,0,59
81,722,214,46,36,830,6,0,57
82,719,213,46,37,830,6,0,54
83,717,215,47,36,830,6,0,51
84,714,216,46,37,830,6,0,48
85,711,216,49,38,830,6,0,44
86,706,218,51,38,830,6,0,44
87,705,220,50,38,830,6,0,46
88,703,222,50,38,830,6,0,49
89,699,222,52,41,830,6,0,53
90,694,223,54,42,830,6,0,56
91,692,226,54,43,830,6,0,57
92,688,226,55,44,830,6,0,58
93,685,229,55,43,830,6,0,57
94,681,233,56,42,830,6,0,57
95,677,234,57,43,830,6,0,55
96,673,235,59,45,830,6,0,56
97,670,239,59,45,830,6,0,57
98,668,241,58,46,830,6,0,59
99,664,245,59,45,830,6,0,60
100,660,246,62,47,830,6,0,61
101,656,249,63,48,830,6,0,63
102,649,252,66,50,830,6,0,63
103,645,255,68,51,830,6,0,64
104,641,259,70,51,830,6,0,65
105,637,259,70,56,830,6,0,66
106,633,264,72,57,830,6,0,66
107,631,267,72,58,830,6,0,66
108,626,271,75,59,830,6,0,66
109,623,274,76,61,830,6,0,67
110,618,280,80,62,830,6,0,67
111,615,283,83,69,830,6,0,69
112,614,290,81,66,830,6,0,70
113,611,293,84,73,830,6,0,72
114,607,299,87,77,830,6,0,74
115,604,303,91,82,830,6,0,73
116,602,313,93,80,830,6,0,74
117,598,322,97,83,830,6,0,73
118,595,327,101,89,830,6,0,73
119,592,335,105,93,830,6,0,71
120,588,345,107,93,830,6,0,70
121,582,352,114,102,830,6,0,70
122,580,365,118,103,830,6,0,70
123,574,377,124,112,830,6,0,71
124,569,389,133,117,830,6,0,72
125,561,403,140,126,830,6,0,73
126,555,420,145,134,830,6,0,74
127,541,436,163,147,830,6,0,74
128,530,459,177,153,830,6,0,74
129,517,478,184,170,830,6,0,74
130,503,506,197,183,830,6,0,74
131,484,536,210,196,830,6,0,73
132,460,570,229,218,830,6,0,73
133,434,610,252,250,830,6,0,73
134,404,661,274,281,830,6,0,71
135,365,719,304,324,830,6,0,69
136,313,790,345,285,830,6,0,65
137,269,873,370,203,830,6,0,64
138,268,978,339,98,830,6,0,63
36,1889,391,31,73,832,4,5,17
37,1864,390,55,77,832,4,5,17
38,1837,378,81,88,832,4,5,17
39,1816,362,102,101,832,4,5,17
40,1791,357,128,103,832,4,5,17
41,1768,354,151,106,832,4,5,17
42,1745,355,174,103,832,4,5,17
43,1722,351,196,107,832,4,5,17
44,1700,347,218,110,832,4,5,17
45,1681,347,239,117,832,4,5,17
46,1658,345,261,116,832,4,5,17
47,1637,341,281,119,832,4,5,17
48,1616,340,291,117,832,4,5,17
49,1596,340,310,115,832,4,5,17
50,1579,337,302,113,832,4,5,16
51,1562,334,299,113,832,4,5,16
52,1543,333,297,113,832,4,5,16
53,1528,332,287,111,832,4,5,16
54,1515,328,280,111,832,4,5,16
55,1500,325,275,111,832,4,5,16
56,1485,322,273,112,832,4,5,17
57,1473,321,273,109,832,4,5,17
58,1458,320,258,107,832,4,5,18
59,1446,318,252,107,832,4,5,18
60,1434,315,244,107,832,4,5,18
61,1423,314,237,106,832,4,5,19
62,1412,311,227,105,832,4,5,20
63,1402,308,221,103,832,4,5,20
64,1390,304,218,103,832,4,5,20
65,1381,304,206,102,832,4,5,21
66,1372,301,201,103,832,4,5,21
67,1362,299,197,99,832,4,5,22
68,1354,297,190,99,832,4,5,22
69,1347,295,182,96,832,4,5,23
70,1339,294,177,95,832,4,5,24
71,1330,291,170,93,832,4,5,25
72,1326,287,163,95,832,4,5,25
73,1318,286,157,93,832,4,5,24
74,1312,286,153,91,832,4,5,24
75,1304,282,149,92,832,4,5,24
76,1297,282,145,89,832,4,5,24
77,1289,278,143,90,832,4,5,25
78,1284,275,138,89,832,4,5,26
79,1279,274,133,87,832,4,5,26
80,1272,272,130,86,832,4,5,26
81,1268,270,127,87,832,4,5,26
82,1263,269,124,85,832,4,5,26
83,1255,266,123,85,832,4,5,28
84,1252,264,118,83,832,4,5,29
85,1248,262,114,80,832,4,5,32
86,1243,262,113,79,832,4,5,35
87,1239,260,96,74,832,4,5,38
88,1233,259,109,77,832,4,5,39
89,1232,259,103,74,832,4,5,38
90,1224,256,106,74,832,4,5,38
91,1221,256,102,72,832,4,5,36
92,1214,251,101,74,832,4,5,35
93,1209,250,100,74,832,4,5,32
94,1206,248,98,73,832,4,5,32
95,1204,249,96,70,832,4,5,32
96,1200,249,93,67,832,4,5,34
97,1197,248,92,65,832,4,5,36
98,1194,244,88,64,832,4,5,37
99,1192,245,85,63,832,4,5,38
100,1188,242,86,64,832,4,5,38
101,1185,241,82,62,832,4,5,38
102,1180,240,83,63,832,4,5,36
103,1176,239,83,61,832,4,5,35
104,1173,237,81,61,832,4,5,34
105,1171,238,78,58,832,4,5,34
106,1166,236,79,58,832,4,5,36
107,1164,235,76,57,832,4,5,37
108,1158,233,78,55,832,4,5,40
109,1157,232,75,55,832,4,5,41
110,1155,229,73,55,832,4,5,43
111,1154,228,71,55,832,4,5,43
112,1150,229,70,52,832,4,5,42
113,1146,228,69,52,832,4,5,41
114,1143,226,68,51,832,4,5,39
115,1140,226,70,50,832,4,5,36
116,1136,223,70,52,832,4,5,34
117,1135,222,68,52,832,4,5,33
118,1130,222,67,51,832,4,5,32
119,1128,222,65,49,832,4,5,34
120,1125,218,64,50,832,4,5,34
121,1120,217,67,49,832,4,5,37
122,1116,216,66,50,832,4,5,39
123,1113,215,64,47,832,4,5,42
124,1110,214,64,48,832,4,5,43
125,1106,215,65,46,832,4,5,43
126,1104,215,64,43,832,4,5,45
127,1103,214,61,43,832,4,5,44
128,1100,212,61,43,832,4,5,45
129,1098,212,59,42,832,4,5,43
130,1093,211,59,42,832,4,5,42
131,1091,209,59,43,832,4,5,40
132,1090,208,58,43,832,4,5,37
133,1086,209,56,41,832,4,5,35
134,1084,206,54,43,832,4,5,34
135,1081,206,55,43,832,4,5,35
136,1080,207,52,41,832,4,5,37
137,1075,206,54,39,832,4,5,38
138,1074,207,52,38,832,4,5,39
139,1072,204,51,40,832,4,5,40
140,1070,203,51,39,832,4,5,42
141,1067,204,50,39,832,4,5,41
142,1065,203,48,38,832,4,5,41
143,1061,202,50,38,832,4,5,40
144,1062,202,48,38,832,4,5,40
145,1062,201,47,38,832,4,5,43
146,1061,202,45,34,832,4,5,45
147,1058,201,45,37,832,4,5,47
148,1054,199,45,38,832,4,5,48
149,1050,199,48,37,832,4,5,51
150,1050,199,47,35,832,4,5,47
151,1049,199,44,34,832,4,5,46
152,1045,198,45,35,832,4,5,42
153,1044,197,45,35,832,4,5,50
154,1042,198,45,34,832,4,5,51
155,1044,196,42,33,832,4,5,52
156,1042,198,42,31,832,4,5,50
157,1040,197,43,32,832,4,5,49
158,1040,196,42,32,832,4,5,46
159,1037,195,41,31,832,4,5,37
160,1036,194,40,34,832,4,5,28
161,1033,195,41,33,832,4,5,23
162,1033,194,38,32,832,4,5,22
163,1030,195,38,32,832,4,5,18
164,1028,194,37,31,832,4,5,19
165,1026,194,39,31,832,4,5,21
166,1025,193,38,32,832,4,5,25
167,1023,192,39,33,832,4,5,25
168,1020,192,41,32,832,4,5,24
169,1020,191,41,32,832,4,5,25
170,1020,192,38,31,832,4,5,25
171,1019,191,38,31,832,4,5,27
172,1017,191,37,30,832,4,5,30
173,1014,191,38,30,832,4,5,29
174,1014,191,37,28,832,4,5,26
175,1011,192,38,29,832,4,5,17
176,1010,192,37,29,832,4,5,16
177,1008,193,36,28,832,4,5,15
178,1008,192,34,27,832,4,5,15
179,1005,191,36,27,832,4,5,19
180,1002,191,38,27,832,4,5,24
181,1001,190,38,29,832,4,5,34
182,1000,189,36,29,832,4,5,34
183,1001,188,36,29,832,4,5,34
184,1000,188,35,29,832,4,5,32
185,1001,188,33,28,832,4,5,33
186,999,187,32,28,832,4,5,31
187,997,188,33,28,832,4,5,26
188,995,188,32,28,832,4,5,26
189,994,188,32,27,832,4,5,30
190,992,189,33,25,832,4,5,36
191,992,189,30,25,832,4,5,39
192,991,188,30,25,832,4,5,43
193,990,187,30,25,832,4,5,46
194,990,186,29,25,832,4,5,50
195,989,187,29,25,832,4,5,45
196,990,186,28,25,832,4,5,34
197,990,186,27,26,832,4,5,23
198,990,185,26,27,832,4,5,15
199,989,184,28,27,832,4,5,13
200,988,185,29,26,832,4,5,9
201,988,185,26,26,832,4,5,12
202,984,184,29,26,832,4,5,15
203,984,184,28,26,832,4,5,16
204,981,184,29,26,832,4,5,20
205,979,185,28,25,832,4,5,19
206,979,185,28,24,832,4,5,19
207,979,186,27,24,832,4,5,12
208,979,185,28,25,832,4,5,17
209,978,185,27,25,832,4,5,20
212,975,181,27,26,832,4,5,27
46,824,182,33,27,833,9,5,8
47,825,181,31,28,833,9,5,11
50,822,178,36,30,833,9,5,13
51,824,175,36,32,833,9,5,23
53,824,178,35,33,833,9,5,25
54,825,180,34,32,833,9,5,25
55,824,181,35,30,833,9,5,20
56,824,180,35,30,833,9,5,29
57,824,182,35,29,833,9,5,31
58,822,181,37,31,833,9,5,28
59,821,182,36,30,833,9,5,18
60,821,181,35,31,833,9,5,21
61,821,181,36,32,833,9,5,22
62,819,181,37,32,833,9,5,26
63,818,184,35,28,833,9,5,21
64,819,186,34,27,833,9,5,20
65,819,184,35,29,833,9,5,12
66,819,185,34,27,833,9,5,12
67,819,185,34,28,833,9,5,21
68,819,188,35,27,833,9,5,25
69,819,189,37,28,833,9,5,37
70,819,188,35,27,833,9,5,43
71,818,189,36,27,833,9,5,62
72,818,189,36,28,833,9,5,68
73,816,189,38,30,833,9,5,63
74,817,189,38,30,833,9,5,55
75,817,190,37,29,833,9,5,48
76,815,190,38,31,833,9,5,50
77,814,188,39,32,833,9,5,48
78,813,188,38,32,833,9,5,48
79,813,190,38,32,833,9,5,48
80,812,190,42,33,833,9,5,47
81,812,191,42,32,833,9,5,43
82,812,192,41,31,833,9,5,38
83,811,190,44,33,833,9,5,34
84,811,189,44,34,833,9,5,31
85,811,190,43,35,833,9,5,30
86,810,189,46,36,833,9,5,31
87,810,191,45,35,833,9,5,35
88,809,191,45,36,833,9,5,38
89,808,192,47,36,833,9,5,39
90,806,194,47,35,833,9,5,40
91,807,190,46,40,833,9,5,39
92,807,194,43,37,833,9,5,39
93,807,194,44,36,833,9,5,38
94,805,195,45,37,833,9,5,38
95,805,194,46,39,833,9,5,37
96,805,196,45,38,833,9,5,37
97,803,196,47,38,833,9,5,40
98,804,194,48,42,833,9,5,43
99,803,194,48,44,833,9,5,45
100,803,195,50,43,833,9,5,47
101,803,197,49,41,833,9,5,49
102,802,196,51,45,833,9,5,51
103,802,199,51,42,833,9,5,48
104,802,198,51,44,833,9,5,44
105,801,199,52,44,833,9,5,43
106,801,200,53,43,833,9,5,42
107,801,201,53,45,833,9,5,44
108,801,202,53,43,833,9,5,46
109,800,202,54,46,833,9,5,49
110,800,203,54,46,833,9,5,54
111,800,204,54,46,833,9,5,55
112,803,206,51,48,833,9,5,58
113,802,205,52,48,833,9,5,56
114,802,205,55,50,833,9,5,56
115,803,207,54,50,833,9,5,54
116,804,206,55,52,833,9,5,52
117,804,206,55,52,833,9,5,49
118,805,210,56,51,833,9,5,47
119,807,211,58,51,833,9,5,46
120,807,213,61,52,833,9,5,48
121,807,209,64,58,833,9,5,50
122,809,213,63,57,833,9,5,50
123,810,216,66,56,833,9,5,51
124,813,214,66,58,833,9,5,47
125,814,217,68,58,833,9,5,45
126,816,217,71,59,833,9,5,41
127,817,219,73,58,833,9,5,40
128,822,220,73,61,833,9,5,41
129,823,222,74,61,833,9,5,41
130,828,223,75,62,833,9,5,42
131,831,223,73,65,833,9,5,42
132,834,224,75,64,833,9,5,42
133,836,227,76,64,833,9,5,41
134,840,228,75,64,833,9,5,38
135,840,228,79,66,833,9,5,38
136,843,230,79,66,833,9,5,39
137,846,233,79,68,833,9,5,40
138,848,235,77,69,833,9,5,41
139,850,238,79,67,833,9,5,40
140,850,238,83,69,833,9,5,42
141,854,238,80,72,833,9,5,42
142,854,240,84,74,833,9,5,42
143,856,244,81,74,833,9,5,41
144,853,242,86,78,833,9,5,41
145,860,247,80,76,833,9,5,41
146,863,249,78,77,833,9,5,40
147,862,250,81,78,833,9,5,38
148,862,251,83,80,833,9,5,36
149,862,251,81,83,833,9,5,35
150,861,255,85,82,833,9,5,35
151,861,256,86,85,833,9,5,35
152,862,258,86,86,833,9,5,35
153,862,260,89,88,833,9,5,35
154,863,261,90,89,833,9,5,35
155,863,265,92,89,833,9,5,34
156,863,268,94,89,833,9,5,33
157,864,271,93,90,833,9,5,32
158,865,273,95,91,833,9,5,32
159,865,275,97,92,833,9,5,30
160,864,277,99,94,833,9,5,30
161,864,277,103,95,833,9,5,29
162,864,279,104,98,833,9,5,28
163,864,282,104,98,833,9,5,28
164,864,284,104,99,833,9,5,27
165,864,284,107,104,833,9,5,28
166,864,287,108,105,833,9,5,28
167,867,293,108,103,833,9,5,28
168,866,294,112,105,833,9,5,27
169,867,295,111,106,833,9,5,25
170,868,296,113,108,833,9,5,23
171,868,300,115,107,833,9,5,21
172,869,299,114,111,833,9,5,20
173,870,300,116,112,833,9,5,18
174,868,303,119,112,833,9,5,18
175,869,304,119,113,833,9,5,18
176,870,306,120,115,833,9,5,17
177,867,307,122,118,833,9,5,17
178,867,308,125,118,833,9,5,16
179,866,310,125,118,833,9,5,15
180,867,310,126,121,833,9,5,14
181,869,309,128,124,833,9,5,13
182,873,312,127,123,833,9,5,12
183,875,315,125,122,833,9,5,11
184,873,314,130,125,833,9,5,11
185,872,316,131,125,833,9,5,10
186,867,317,144,125,833,9,5,9
187,873,317,134,126,833,9,5,8
188,870,319,138,126,833,9,5,8
189,865,317,147,129,833,9,5,7
190,873,318,133,129,833,9,5,6
191,872,318,134,131,833,9,5,6
192,869,317,137,132,833,9,5,5
193,864,317,144,133,833,9,5,5
194,866,317,144,134,833,9,5,4
195,866,318,142,133,833,9,5,3
196,870,318,137,134,833,9,5,2
197,873,319,135,132,833,9,5,2
198,872,319,137,132,833,9,5,2
199,869,320,141,132,833,9,5,2
200,865,319,152,134,833,9,5,1
201,866,320,154,133,833,9,5,1
202,868,320,147,133,833,9,5,1
203,864,321,151,132,833,9,5,1
204,865,320,147,134,833,9,5,1
205,864,319,148,135,833,9,5,1
206,863,318,147,136,833,9,5,1
207,864,319,146,135,833,9,5,0
208,866,320,145,133,833,9,5,0
209,866,319,151,134,833,9,5,0
210,870,321,149,133,833,9,5,0
211,865,318,157,136,833,9,5,0
212,864,318,158,136,833,9,5,0
213,865,317,159,137,833,9,5,0
214,865,318,157,137,833,9,5,0
215,867,320,154,135,833,9,5,0
216,867,320,152,134,833,9,5,0
217,866,321,151,133,833,9,5,0
218,865,318,150,137,833,9,5,0
219,865,318,149,136,833,9,5,0
220,867,320,149,135,833,9,5,0
221,867,320,149,135,833,9,5,0
222,868,323,147,131,833,9,5,0
223,867,322,150,132,833,9,5,0
224,866,321,155,132,833,9,5,0
225,865,320,158,135,833,9,5,0
226,866,321,156,133,833,9,5,0
227,866,321,155,133,833,9,5,0
228,865,320,155,134,833,9,5,0
229,866,319,155,135,833,9,5,0
230,870,319,151,135,833,9,5,0
231,870,320,147,134,833,9,5,0
232,867,320,153,134,833,9,5,0
233,866,322,151,132,833,9,5,0
234,866,322,151,132,833,9,5,0
235,867,322,150,133,833,9,5,0
236,866,322,152,132,833,9,5,0
237,866,319,154,135,833,9,5,0
238,865,320,158,134,833,9,5,0
239,864,318,159,136,833,9,5,0
240,864,317,157,138,833,9,5,0
241,864,318,157,138,833,9,5,0
242,864,318,156,138,833,9,5,0
243,865,319,154,135,833,9,5,0
244,865,319,155,135,833,9,5,0
245,865,320,153,133,833,9,5,0
246,865,320,153,133,833,9,5,1
247,865,320,151,134,833,9,5,1
248,865,320,150,133,833,9,5,1
249,865,320,150,133,833,9,5,0
250,867,319,145,135,833,9,5,0
251,868,320,145,134,833,9,5,0
252,866,316,153,138,833,9,5,0
253,867,317,152,138,833,9,5,0
254,868,317,151,137,833,9,5,0
255,868,318,150,137,833,9,5,0
256,867,318,150,137,833,9,5,0
257,866,317,152,137,833,9,5,0
258,866,317,152,137,833,9,5,0
259,866,319,151,135,833,9,5,0
260,867,322,148,132,833,9,5,0
261,867,322,145,132,833,9,5,0
262,866,322,145,132,833,9,5,0
263,866,321,147,132,833,9,5,0
264,866,320,147,134,833,9,5,0
265,866,320,150,134,833,9,5,0
266,865,318,154,137,833,9,5,0
267,866,319,155,136,833,9,5,0
268,865,319,156,136,833,9,5,0
269,865,319,155,135,833,9,5,0
270,864,317,157,137,833,9,5,0
271,864,317,157,138,833,9,5,0
272,864,317,156,138,833,9,5,0
273,864,321,156,133,833,9,5,0
274,864,320,153,133,833,9,5,0
275,863,320,154,134,833,9,5,0
276,863,320,150,134,833,9,5,0
277,864,320,148,134,833,9,5,0
278,864,321,151,133,833,9,5,0
279,865,321,150,133,833,9,5,0
280,864,318,154,136,833,9,5,0
281,864,318,157,136,833,9,5,0
282,864,319,157,136,833,9,5,0
283,864,318,157,136,833,9,5,0
284,865,319,155,136,833,9,5,0
285,865,320,153,135,833,9,5,0
286,865,320,153,135,833,9,5,0
287,865,321,149,134,833,9,5,0
288,865,318,150,137,833,9,5,0
289,866,320,148,136,833,9,5,0
290,866,320,146,135,833,9,5,0
291,867,320,145,135,833,9,5,0
292,866,319,146,136,833,9,5,0
293,867,321,146,134,833,9,5,0
294,867,319,151,135,833,9,5,0
295,866,318,155,137,833,9,5,0
296,867,319,153,136,833,9,5,0
297,867,319,152,136,833,9,5,0
298,868,319,150,136,833,9,5,0
299,866,320,154,135,833,9,5,0
300,867,320,155,134,833,9,5,0
301,868,321,151,132,833,9,5,0
302,867,324,150,129,833,9,5,0
303,866,322,148,132,833,9,5,0
304,866,322,148,132,833,9,5,0
305,866,322,148,133,833,9,5,0
306,866,322,148,133,833,9,5,0
307,865,321,153,133,833,9,5,0
308,867,321,154,133,833,9,5,0
309,865,319,158,136,833,9,5,0
310,864,318,158,137,833,9,5,0
311,864,317,158,139,833,9,5,0
312,864,317,157,138,833,9,5,0
313,864,317,157,138,833,9,5,0
314,864,317,154,137,833,9,5,0
315,865,320,152,134,833,9,5,0
316,865,321,152,133,833,9,5,0
317,864,321,151,133,833,9,5,0
318,864,320,151,134,833,9,5,0
319,864,321,151,134,833,9,5,0
320,865,320,147,134,833,9,5,0
321,865,322,150,132,833,9,5,0
322,863,320,156,134,833,9,5,0
323,864,320,156,134,833,9,5,0
324,865,320,153,134,833,9,5,0
325,864,320,155,135,833,9,5,0
326,865,321,153,134,833,9,5,0
327,865,321,150,134,833,9,5,0
328,865,321,150,133,833,9,5,0
329,866,322,148,132,833,9,5,0
330,865,321,145,134,833,9,5,0
331,865,320,145,134,833,9,5,0
332,865,320,144,134,833,9,5,0
333,866,320,143,134,833,9,5,0
334,865,321,145,133,833,9,5,0
335,867,322,145,132,833,9,5,0
336,866,321,147,134,833,9,5,0
337,868,320,149,135,833,9,5,0
338,867,318,150,136,833,9,5,0
339,867,317,149,137,833,9,5,0
340,866,319,153,136,833,9,5,0
341,865,320,157,134,833,9,5,0
342,865,321,156,133,833,9,5,0
343,866,322,153,131,833,9,5,0
344,864,322,151,131,833,9,5,0
345,864,322,152,132,833,9,5,0
346,863,323,152,131,833,9,5,0
347,864,322,151,132,833,9,5,0
348,864,322,153,132,833,9,5,0
349,864,321,156,133,833,9,5,0
350,863,317,159,137,833,9,5,0
351,863,317,160,137,833,9,5,0
352,863,318,157,136,833,9,5,0
353,863,318,158,137,833,9,5,0
354,863,318,157,137,833,9,5,0
355,863,318,159,136,833,9,5,0
356,863,318,159,136,833,9,5,0
357,863,320,156,134,833,9,5,0
358,864,322,151,133,833,9,5,0
359,864,323,150,132,833,9,5,0
360,867,319,144,136,833,9,5,0
361,868,319,143,136,833,9,5,0
362,868,320,142,135,833,9,5,0
363,866,322,146,133,833,9,5,0
364,867,319,148,135,833,9,5,0
365,867,317,154,138,833,9,5,0
366,868,316,152,139,833,9,5,0
367,868,316,151,140,833,9,5,0
368,865,316,155,139,833,9,5,0
369,866,317,152,138,833,9,5,0
370,868,320,150,134,833,9,5,0
371,867,321,152,133,833,9,5,0
372,866,323,148,131,833,9,5,0
373,865,323,148,132,833,9,5,0
374,865,323,148,131,833,9,5,0
375,865,323,148,131,833,9,5,0
376,864,323,150,132,833,9,5,0
377,864,320,154,134,833,9,5,0
378,864,319,158,135,833,9,5,0
379,865,320,155,135,833,9,5,0
380,863,318,161,136,833,9,5,0
381,863,319,161,136,833,9,5,0
382,864,318,160,136,833,9,5,0
383,865,319,155,135,833,9,5,0
384,865,320,151,134,833,9,5,0
385,863,319,152,136,833,9,5,0
386,864,319,150,135,833,9,5,0
387,864,319,150,135,833,9,5,0
388,864,319,150,135,833,9,5,0
389,864,319,149,135,833,9,5,0
390,866,321,148,134,833,9,5,0
391,866,320,150,134,833,9,5,0
392,865,318,153,136,833,9,5,0
393,865,319,152,136,833,9,5,0
394,865,321,154,133,833,9,5,0
395,865,321,155,133,833,9,5,0
396,866,319,153,135,833,9,5,0
397,865,319,154,135,833,9,5,0
398,865,320,151,134,833,9,5,0
399,864,323,148,132,833,9,5,0
400,863,319,149,136,833,9,5,0
401,863,318,149,137,833,9,5,0
402,865,319,147,136,833,9,5,0
403,864,320,151,135,833,9,5,0
404,864,319,153,136,833,9,5,0
405,864,319,153,135,833,9,5,0
406,863,319,156,136,833,9,5,0
407,864,319,154,136,833,9,5,0
408,864,320,153,135,833,9,5,0
409,864,320,155,135,833,9,5,0
410,865,318,155,136,833,9,5,0
411,864,317,156,137,833,9,5,0
412,865,321,153,133,833,9,5,0
413,863,321,153,133,833,9,5,0
414,864,322,151,132,833,9,5,0
415,863,321,153,133,833,9,5,0
416,863,321,153,135,833,9,5,0
417,863,323,155,131,833,9,5,0
418,865,321,153,133,833,9,5,0
419,865,320,154,135,833,9,5,0
420,865,318,155,136,833,9,5,0
421,867,319,154,135,833,9,5,0
422,869,320,152,134,833,9,5,0
423,868,319,152,136,833,9,5,0
424,867,321,154,134,833,9,5,0
425,866,320,155,133,833,9,5,0
426,868,322,149,132,833,9,5,0
427,868,322,144,132,833,9,5,0
428,867,322,144,132,833,9,5,0
429,866,322,146,132,833,9,5,0
430,865,319,147,136,833,9,5,0
431,865,319,149,136,833,9,5,0
432,864,320,155,134,833,9,5,0
433,865,319,156,135,833,9,5,0
434,865,320,157,135,833,9,5,0
435,864,319,155,136,833,9,5,0
436,864,320,157,134,833,9,5,0
437,864,320,157,134,833,9,5,0
438,865,320,155,134,833,9,5,0
439,864,320,157,134,833,9,5,0
440,864,321,154,133,833,9,5,0
441,864,323,151,132,833,9,5,0
442,863,322,153,133,833,9,5,0
443,863,322,154,133,833,9,5,0
444,863,321,153,134,833,9,5,0
445,863,322,153,133,833,9,5,0
446,863,321,156,133,833,9,5,0
447,864,320,156,134,833,9,5,0
448,865,321,158,133,833,9,5,0
449,865,321,158,133,833,9,5,0
450,865,320,154,135,833,9,5,0
451,865,320,156,135,833,9,5,0
452,865,320,154,134,833,9,5,0
453,864,321,153,134,833,9,5,0
454,864,321,154,133,833,9,5,0
455,863,321,154,134,833,9,5,0
456,864,322,148,134,833,9,5,0
457,864,322,148,133,833,9,5,0
458,864,322,147,133,833,9,5,0
459,864,321,152,134,833,9,5,0
460,866,321,156,133,833,9,5,0
461,866,319,156,136,833,9,5,0
462,865,319,158,136,833,9,5,0
463,865,320,159,134,833,9,5,0
464,865,320,158,135,833,9,5,0
465,865,320,158,134,833,9,5,0
466,865,320,159,134,833,9,5,0
467,865,321,157,133,833,9,5,0
468,866,319,152,134,833,9,5,0
469,865,319,153,134,833,9,5,0
470,866,322,149,132,833,9,5,0
471,867,322,147,132,833,9,5,0
472,867,322,146,132,833,9,5,0
473,867,322,146,131,833,9,5,0
474,865,321,147,133,833,9,5,0
475,866,322,153,132,833,9,5,0
476,865,321,158,133,833,9,5,0
477,865,319,157,135,833,9,5,0
478,865,318,157,136,833,9,5,0
479,866,318,156,137,833,9,5,0
480,866,318,156,137,833,9,5,0
481,865,317,156,137,833,9,5,0
482,864,318,157,136,833,9,5,0
483,865,320,151,134,833,9,5,0
484,865,320,151,134,833,9,5,0
485,864,320,150,134,833,9,5,0
486,864,320,149,134,833,9,5,0
487,864,320,149,134,833,9,5,0
488,864,320,150,134,833,9,5,0
489,865,320,152,134,833,9,5,0
490,866,320,153,135,833,9,5,0
491,866,319,159,135,833,9,5,0
492,866,318,155,137,833,9,5,0
493,866,318,154,137,833,9,5,0
494,866,318,154,136,833,9,5,0
495,865,318,156,136,833,9,5,0
496,864,317,155,137,833,9,5,0
497,866,319,150,134,833,9,5,0
498,865,320,148,133,833,9,5,0
499,865,320,148,134,833,9,5,0
500,866,321,144,134,833,9,5,0
501,866,321,145,134,833,9,5,0
502,865,320,147,135,833,9,5,0
503,864,320,150,134,833,9,5,0
504,867,320,151,135,833,9,5,0
505,867,319,156,135,833,9,5,0
506,867,319,155,135,833,9,5,0
507,867,319,156,136,833,9,5,0
508,867,319,155,136,833,9,5,0
509,866,318,155,136,833,9,5,0
510,865,318,158,136,833,9,5,0
511,866,319,155,135,833,9,5,0
512,865,320,153,134,833,9,5,0
513,865,320,149,135,833,9,5,0
514,865,319,149,135,833,9,5,0
515,864,319,150,135,833,9,5,0
516,864,321,151,133,833,9,5,0
517,865,320,153,134,833,9,5,0
518,864,318,155,136,833,9,5,0
519,864,319,157,135,833,9,5,0
520,863,318,158,136,833,9,5,0
521,863,319,158,136,833,9,5,0
522,864,319,157,136,833,9,5,0
523,864,318,157,137,833,9,5,0
524,864,320,158,135,833,9,5,0
525,864,319,155,136,833,9,5,0
526,864,318,150,137,833,9,5,0
527,864,322,150,134,833,9,5,0
528,864,321,146,134,833,9,5,0
529,864,321,148,134,833,9,5,0
530,865,318,148,137,833,9,5,0
531,864,319,155,135,833,9,5,0
532,864,317,157,137,833,9,5,0
533,864,318,156,136,833,9,5,0
534,864,318,157,137,833,9,5,0
535,864,318,157,136,833,9,5,0
536,864,318,158,136,833,9,5,0
537,864,318,157,136,833,9,5,0
538,863,317,158,137,833,9,5,0
539,863,319,155,137,833,9,5,0
540,864,321,148,133,833,9,5,0
541,864,321,147,133,833,9,5,0
542,864,322,146,133,833,9,5,0
543,864,322,147,133,833,9,5,0
544,864,322,147,133,833,9,5,0
545,864,320,155,135,833,9,5,0
546,864,320,157,135,833,9,5,0
547,864,320,158,135,833,9,5,0
548,864,320,159,134,833,9,5,0
549,863,320,158,136,833,9,5,0
550,863,321,160,134,833,9,5,0
551,864,319,158,136,833,9,5,0
552,864,317,156,137,833,9,5,0
553,864,319,156,136,833,9,5,0
554,863,319,155,136,833,9,5,0
555,863,319,155,136,833,9,5,0
556,863,319,154,136,833,9,5,0
557,863,319,156,136,833,9,5,0
558,864,318,155,136,833,9,5,0
559,864,317,157,137,833,9,5,0
560,865,319,158,136,833,9,5,0
561,865,318,159,136,833,9,5,0
562,864,318,159,137,833,9,5,0
563,864,318,159,137,833,9,5,0
564,864,319,157,137,833,9,5,0
565,865,319,157,137,833,9,5,0
566,865,320,158,135,833,9,5,0
567,865,322,156,133,833,9,5,0
568,864,322,157,133,833,9,5,0
569,864,322,156,133,833,9,5,0
570,864,322,152,133,833,9,5,0
571,864,322,153,134,833,9,5,0
572,864,322,154,134,833,9,5,0
573,863,321,157,134,833,9,5,0
574,865,320,157,134,833,9,5,0
575,864,321,157,134,833,9,5,0
576,864,319,155,137,833,9,5,0
577,864,320,155,136,833,9,5,0
578,864,320,155,136,833,9,5,0
579,865,320,155,135,833,9,5,0
580,863,319,157,136,833,9,5,0
581,864,320,154,134,833,9,5,0
582,863,320,154,134,833,9,5,0
583,863,320,153,134,833,9,5,0
584,863,320,152,134,833,9,5,0
585,863,320,152,134,833,9,5,0
586,863,319,153,135,833,9,5,0
587,864,319,156,135,833,9,5,0
588,864,318,156,136,833,9,5,0
589,865,319,157,135,833,9,5,0
590,864,318,157,137,833,9,5,0
591,864,317,158,137,833,9,5,0
592,864,317,158,138,833,9,5,0
593,864,318,158,137,833,9,5,0
594,864,320,158,134,833,9,5,0
595,863,320,153,135,833,9,5,0
596,863,320,156,134,833,9,5,0
597,863,319,154,135,833,9,5,0
598,863,320,150,134,833,9,5,0
599,864,319,150,134,833,9,5,0
600,865,321,152,131,833,9,5,0
601,864,320,154,134,833,9,5,0
602,865,319,158,135,833,9,5,0
603,864,320,158,134,833,9,5,0
604,864,319,159,136,833,9,5,0
605,864,319,158,137,833,9,5,0
606,866,318,156,136,833,9,5,0
607,864,320,158,134,833,9,5,0
608,864,322,155,133,833,9,5,0
609,864,322,150,133,833,9,5,0
610,864,321,151,135,833,9,5,0
611,864,321,152,135,833,9,5,0
612,863,321,149,134,833,9,5,0
613,864,323,153,132,833,9,5,0
614,864,322,153,134,833,9,5,0
615,864,321,154,133,833,9,5,0
616,865,320,155,134,833,9,5,0
617,864,319,156,136,833,9,5,0
618,865,319,156,136,833,9,5,0
619,864,319,157,136,833,9,5,0
620,864,319,158,135,833,9,5,0
621,865,321,157,132,833,9,5,0
622,864,321,154,134,833,9,5,0
623,863,322,152,134,833,9,5,0
624,863,321,152,134,833,9,5,0
625,863,321,153,133,833,9,5,0
626,863,321,151,133,833,9,5,0
627,864,322,150,132,833,9,5,0
628,864,322,153,133,833,9,5,0
629,864,320,156,134,833,9,5,0
630,864,319,158,136,833,9,5,0
631,863,319,157,136,833,9,5,0
632,863,319,158,136,833,9,5,0
633,863,319,158,136,833,9,5,0
634,863,318,159,137,833,9,5,0
635,863,319,155,136,833,9,5,0
636,863,320,150,136,833,9,5,0
637,862,322,152,134,833,9,5,0
638,863,321,151,133,833,9,5,0
639,863,320,152,135,833,9,5,0
640,863,319,150,136,833,9,5,0
641,864,320,150,135,833,9,5,0
642,863,320,153,135,833,9,5,0
643,864,319,152,134,833,9,5,0
644,865,318,154,136,833,9,5,0
645,865,320,152,134,833,9,5,0
646,864,320,154,136,833,9,5,0
647,865,320,154,134,833,9,5,0
648,864,320,154,135,833,9,5,0
649,863,320,155,135,833,9,5,0
650,864,319,147,137,833,9,5,0
651,863,320,149,136,833,9,5,0
652,864,320,148,135,833,9,5,0
653,864,320,147,135,833,9,5,0
654,864,320,148,136,833,9,5,0
655,864,320,149,136,833,9,5,0
656,865,319,150,137,833,9,5,0
657,864,318,154,138,833,9,5,0
658,866,318,153,136,833,9,5,0
659,865,318,154,136,833,9,5,0
660,864,317,158,137,833,9,5,0
661,864,318,158,137,833,9,5,1
662,866,318,156,136,833,9,5,1
663,865,319,155,135,833,9,5,1
664,864,320,153,134,833,9,5,0
665,863,322,154,134,833,9,5,0
666,863,321,155,134,833,9,5,0
667,863,321,153,134,833,9,5,0
668,863,320,152,134,833,9,5,0
669,864,319,151,136,833,9,5,0
670,865,319,150,136,833,9,5,0
671,864,318,154,136,833,9,5,0
672,865,317,155,137,833,9,5,0
673,865,317,156,137,833,9,5,0
674,865,318,155,137,833,9,5,0
675,864,318,156,137,833,9,5,0
676,865,317,154,137,833,9,5,0
677,864,319,154,136,833,9,5,0
678,864,319,152,135,833,9,5,0
679,864,320,151,135,833,9,5,0
680,864,321,151,134,833,9,5,0
681,863,321,151,134,833,9,5,0
682,864,321,150,133,833,9,5,0
683,864,320,151,135,833,9,5,0
684,866,322,155,132,833,9,5,0
685,866,321,153,133,833,9,5,0
686,866,320,155,135,833,9,5,0
687,866,320,154,135,833,9,5,0
688,865,319,154,135,833,9,5,0
689,865,319,155,135,833,9,5,0
690,865,319,156,136,833,9,5,0
691,865,321,155,133,833,9,5,0
692,864,322,156,133,833,9,5,0
693,864,321,154,133,833,9,5,0
694,864,322,152,133,833,9,5,0
695,864,322,154,133,833,9,5,0
696,866,320,148,135,833,9,5,0
697,865,321,148,134,833,9,5,0
698,864,320,152,135,833,9,5,0
699,864,319,152,136,833,9,5,0
700,864,317,156,138,833,9,5,0
701,864,317,155,137,833,9,5,0
702,864,317,156,137,833,9,5,0
703,864,318,156,138,833,9,5,0
704,865,318,154,137,833,9,5,0
705,864,318,156,136,833,9,5,0
706,863,320,151,136,833,9,5,0
707,865,321,149,133,833,9,5,0
708,865,321,148,133,833,9,5,0
709,865,321,149,134,833,9,5,0
710,865,321,148,134,833,9,5,0
711,865,321,149,134,833,9,5,0
712,864,320,151,136,833,9,5,0
713,864,318,154,136,833,9,5,0
714,865,318,155,137,833,9,5,0
715,865,318,157,137,833,9,5,0
716,865,319,156,136,833,9,5,0
717,865,320,157,135,833,9,5,0
718,865,320,158,136,833,9,5,0
719,865,320,156,135,833,9,5,0
720,863,319,156,135,833,9,5,0
721,865,319,148,135,833,9,5,0
722,866,320,147,133,833,9,5,1
723,865,320,150,134,833,9,5,1
724,865,320,154,133,833,9,5,1
725,864,321,152,133,833,9,5,0
726,864,321,151,133,833,9,5,0
727,865,321,153,133,833,9,5,0
728,864,318,157,136,833,9,5,0
729,865,318,157,136,833,9,5,0
730,864,319,158,136,833,9,5,0
731,864,320,159,135,833,9,5,0
732,864,319,155,135,833,9,5,0
733,864,320,156,134,833,9,5,0
734,864,319,154,135,833,9,5,0
735,863,321,153,134,833,9,5,0
736,864,321,148,133,833,9,5,0
737,863,320,151,133,833,9,5,0
738,864,321,148,133,833,9,5,0
739,864,321,147,132,833,9,5,0
740,864,319,147,136,833,9,5,0
741,864,318,151,136,833,9,5,0
742,864,318,151,136,833,9,5,0
743,865,319,153,136,833,9,5,0
744,865,318,152,136,833,9,5,0
745,865,319,153,136,833,9,5,0
746,865,319,153,136,833,9,5,0
747,865,318,154,136,833,9,5,0
748,865,318,154,136,833,9,5,0
749,864,321,150,132,833,9,5,0
750,864,320,145,135,833,9,5,0
751,863,322,148,133,833,9,5,0
752,863,322,147,133,833,9,5,0
753,863,322,147,133,833,9,5,0
754,864,321,146,133,833,9,5,0
755,865,321,147,133,833,9,5,0
756,865,319,148,134,833,9,5,0
757,866,318,153,136,833,9,5,0
758,865,319,156,136,833,9,5,0
759,865,319,156,136,833,9,5,0
760,865,318,155,136,833,9,5,0
761,864,319,154,135,833,9,5,0
762,865,320,148,133,833,9,5,0
763,864,319,150,134,833,9,5,0
764,864,322,151,132,833,9,5,0
765,863,322,151,132,833,9,5,0
766,863,322,152,133,833,9,5,0
767,864,322,151,133,833,9,5,0
768,865,323,149,132,833,9,5,0
769,865,322,152,132,833,9,5,0
770,864,319,151,135,833,9,5,0
771,864,319,155,136,833,9,5,0
772,864,320,155,135,833,9,5,0
773,864,319,155,136,833,9,5,0
774,865,319,155,136,833,9,5,0
775,863,317,154,138,833,9,5,0
776,864,319,148,135,833,9,5,0
777,864,320,146,135,833,9,5,0
778,863,320,148,136,833,9,5,0
779,863,320,151,135,833,9,5,0
780,864,319,147,135,833,9,5,0
781,864,320,147,135,833,9,5,0
782,864,321,149,134,833,9,5,0
783,865,322,148,133,833,9,5,0
784,864,320,157,135,833,9,5,0
785,865,319,155,136,833,9,5,0
786,865,319,153,137,833,9,5,0
787,864,320,154,136,833,9,5,0
788,865,320,154,135,833,9,5,0
789,865,319,153,136,833,9,5,0
790,865,322,152,132,833,9,5,0
791,864,321,153,134,833,9,5,0
792,864,320,148,135,833,9,5,0
793,863,321,149,134,833,9,5,0
794,863,321,150,133,833,9,5,0
795,863,321,150,133,833,9,5,0
796,865,320,152,134,833,9,5,0
797,865,321,150,133,833,9,5,0
798,865,320,156,135,833,9,5,0
799,866,319,157,135,833,9,5,0
800,865,318,156,136,833,9,5,0
801,865,319,157,135,833,9,5,0
802,865,319,156,135,833,9,5,0
803,865,320,156,134,833,9,5,0
804,864,320,148,134,833,9,5,0
805,864,320,147,135,833,9,5,0
806,862,319,150,135,833,9,5,0
807,862,319,149,136,833,9,5,0
808,862,319,150,136,833,9,5,0
809,863,320,150,135,833,9,5,0
810,864,322,147,133,833,9,5,0
811,864,322,151,131,833,9,5,0
812,864,320,155,134,833,9,5,0
813,865,320,156,134,833,9,5,0
814,865,320,156,134,833,9,5,0
815,865,320,155,134,833,9,5,0
816,865,321,154,134,833,9,5,0
817,865,323,153,131,833,9,5,0
818,865,323,151,131,833,9,5,0
819,866,324,150,131,833,9,5,0
820,863,321,151,134,833,9,5,0
821,862,320,152,135,833,9,5,0
822,862,320,152,135,833,9,5,0
823,863,320,151,135,833,9,5,0
824,864,322,152,133,833,9,5,0
825,863,322,157,134,833,9,5,0
826,864,321,157,134,833,9,5,0
827,864,320,159,134,833,9,5,0
828,865,320,158,135,833,9,5,0
829,865,320,157,135,833,9,5,0
830,866,320,151,135,833,9,5,0
831,865,320,150,136,833,9,5,0
832,866,322,148,134,833,9,5,1
833,869,320,142,137,833,9,5,1
834,869,322,141,136,833,9,5,2
835,868,322,143,137,833,9,5,2
836,867,321,149,138,833,9,5,3
837,870,322,151,139,833,9,5,4
838,866,321,161,141,833,9,5,5
839,866,321,162,144,833,9,5,5
840,870,323,157,143,833,9,5,6
841,870,327,167,141,833,9,5,7
842,875,326,162,145,833,9,5,8
843,877,329,169,144,833,9,5,8
844,880,331,171,143,833,9,5,8
845,883,337,176,140,833,9,5,9
846,884,337,183,143,833,9,5,9
847,886,337,192,146,833,9,5,10
848,884,339,206,148,833,9,5,11
849,889,341,215,149,833,9,5,12
850,895,345,227,149,833,9,5,13
851,899,349,244,148,833,9,5,14
852,906,350,256,152,833,9,5,14
853,916,352,269,154,833,9,5,15
854,923,353,288,157,833,9,5,15
855,938,356,303,159,833,9,5,16
856,949,359,318,159,833,9,5,16
857,965,363,334,161,833,9,5,17
858,982,365,350,163,833,9,5,17
859,1003,369,364,164,833,9,5,18
860,1022,371,380,166,833,9,5,18
861,1046,372,392,169,833,9,5,19
862,1072,374,407,170,833,9,5,19
863,1103,380,417,170,833,9,5,19
864,1135,383,429,171,833,9,5,19
865,1168,385,439,173,833,9,5,20
866,1204,390,450,174,833,9,5,21
867,1244,395,459,173,833,9,5,21
868,1291,397,460,176,833,9,5,22
869,1332,405,469,171,833,9,5,22
870,1379,406,467,174,833,9,5,22
871,1424,411,471,173,833,9,5,22
872,1472,415,446,173,833,9,5,21
873,1521,413,398,176,833,9,5,21
874,1573,416,346,157,833,9,5,20
875,1628,416,291,159,833,9,5,20
876,1676,421,243,157,833,9,5,19
877,1734,444,185,139,833,9,5,18
878,1790,450,129,133,833,9,5,18
116,1882,585,37,109,834,3,4,35
117,1858,562,61,118,834,3,4,35
118,1831,532,88,150,834,3,4,35
119,1807,518,112,160,834,3,4,35
120,1782,503,137,187,834,3,4,35
121,1757,491,163,181,834,3,4,35
122,1733,480,186,174,834,3,4,35
123,1713,467,207,171,834,3,4,35
124,1691,458,228,164,834,3,4,35
125,1670,448,249,163,834,3,4,35
126,1650,437,248,160,834,3,4,35
127,1630,429,241,154,834,3,4,35
128,1611,420,229,148,834,3,4,36
129,1594,413,222,145,834,3,4,36
130,1576,404,212,140,834,3,4,36
131,1560,397,206,134,834,3,4,37
132,1544,391,198,130,834,3,4,37
133,1528,382,191,126,834,3,4,38
134,1515,373,183,124,834,3,4,39
135,1499,367,179,120,834,3,4,39
136,1484,361,174,116,834,3,4,40
137,1470,353,169,117,834,3,4,40
138,1458,351,161,108,834,3,4,41
139,1444,344,159,107,834,3,4,42
140,1432,338,154,105,834,3,4,43
141,1419,334,151,96,834,3,4,45
142,1408,328,145,97,834,3,4,46
143,1396,324,141,90,834,3,4,48
144,1386,318,138,89,834,3,4,47
145,1376,315,135,88,834,3,4,47
146,1370,310,125,88,834,3,4,46
147,1354,305,128,85,834,3,4,45
148,1345,301,124,86,834,3,4,43
149,1337,297,118,81,834,3,4,43
150,1328,295,114,80,834,3,4,43
151,1316,290,113,79,834,3,4,44
152,1305,286,113,79,834,3,4,44
153,1296,284,111,75,834,3,4,44
154,1289,281,108,74,834,3,4,44
155,1282,278,105,73,834,3,4,44
156,1278,275,99,73,834,3,4,46
157,1267,272,100,68,834,3,4,47
158,1258,269,99,67,834,3,4,48
159,1248,266,99,66,834,3,4,49
160,1242,263,96,66,834,3,4,51
161,1241,262,88,62,834,3,4,51
162,1230,258,88,62,834,3,4,51
163,1229,257,80,61,834,3,4,50
164,1230,255,69,58,834,3,4,51
165,1219,251,72,60,834,3,4,51
166,1203,248,81,59,834,3,4,51
167,1196,247,80,56,834,3,4,51
168,1191,245,77,55,834,3,4,50
169,1186,242,76,57,834,3,4,51
170,1180,240,76,54,834,3,4,54
171,1178,240,68,51,834,3,4,57
172,1173,237,69,48,834,3,4,58
173,1170,235,64,48,834,3,4,58
174,1163,233,64,51,834,3,4,59
175,1160,231,59,49,834,3,4,61
176,1152,230,61,47,834,3,4,57
177,1149,228,59,47,834,3,4,54
178,1141,226,60,48,834,3,4,51
179,1139,224,56,47,834,3,4,53
180,1137,223,53,46,834,3,4,53
181,1131,223,56,43,834,3,4,55
182,1123,219,58,44,834,3,4,56
183,1122,220,56,41,834,3,4,58
184,1120,217,52,42,834,3,4,61
185,1112,216,55,41,834,3,4,63
186,1110,215,52,39,834,3,4,64
187,1107,214,50,38,834,3,4,60
188,1102,214,49,38,834,3,4,57
189,1097,212,50,39,834,3,4,53
190,1096,211,48,38,834,3,4,49
191,1090,210,50,39,834,3,4,44
192,1087,210,49,37,834,3,4,42
193,1085,209,46,36,834,3,4,41
194,1082,207,46,37,834,3,4,39
195,1079,207,46,37,834,3,4,40
196,1077,205,44,38,834,3,4,41
197,1075,205,44,35,834,3,4,44
198,1072,204,44,36,834,3,4,44
199,1067,204,45,34,834,3,4,44
200,1066,202,44,35,834,3,4,43
201,1064,201,42,36,834,3,4,41
202,1061,201,41,36,834,3,4,39
203,1058,200,41,35,834,3,4,36
204,1054,200,40,34,834,3,4,34
205,1052,200,40,34,834,3,4,33
206,1049,200,42,33,834,3,4,36
207,1045,199,42,34,834,3,4,39
208,1044,200,39,31,834,3,4,42
209,1042,198,41,32,834,3,4,45
210,1038,197,39,32,834,3,4,50
211,1037,196,40,31,834,3,4,56
212,1035,196,39,29,834,3,4,57
213,1036,197,36,28,834,3,4,54
214,1034,197,35,27,834,3,4,50
215,1030,197,37,28,834,3,4,45
216,1027,195,38,29,834,3,4,40
217,1025,194,36,29,834,3,4,31
218,1024,193,34,29,834,3,4,22
219,1018,192,39,32,834,3,4,15
220,1018,193,37,31,834,3,4,15
221,1017,192,36,32,834,3,4,15
222,1017,193,34,28,834,3,4,17
223,1016,193,35,29,834,3,4,16
224,1016,193,35,31,834,3,4,22
225,1015,191,35,30,834,3,4,28
226,1012,191,35,28,834,3,4,31
227,1013,191,34,29,834,3,4,29
228,1011,191,33,27,834,3,4,37
229,1009,191,33,28,834,3,4,37
230,1006,191,35,27,834,3,4,36
231,1005,192,31,27,834,3,4,23
232,1004,191,30,26,834,3,4,19
233,1003,191,31,27,834,3,4,14
234,1002,191,29,28,834,3,4,12
235,1001,190,29,28,834,3,4,9
120,1882,782,37,173,835,9,1,34
121,1854,755,64,172,835,9,1,34
122,1827,734,92,177,835,9,1,34
123,1796,707,123,206,835,9,1,34
124,1767,678,152,278,835,9,1,34
125,1739,657,179,290,835,9,1,34
126,1714,638,205,271,835,9,1,34
127,1687,619,232,261,835,9,1,34
128,1659,604,258,249,835,9,1,34
129,1637,585,283,243,835,9,1,34
130,1611,567,309,232,835,9,1,34
131,1592,552,319,226,835,9,1,33
132,1567,537,311,215,835,9,1,33
133,1548,520,299,211,835,9,1,33
134,1526,508,288,201,835,9,1,33
135,1508,493,274,194,835,9,1,33
136,1487,483,264,185,835,9,1,33
137,1468,471,257,179,835,9,1,34
138,1451,459,246,174,835,9,1,34
139,1436,449,233,164,835,9,1,35
140,1419,440,226,159,835,9,1,36
141,1402,425,219,157,835,9,1,36
142,1390,416,208,151,835,9,1,37
143,1376,409,200,146,835,9,1,38
144,1362,401,193,140,835,9,1,39
145,1349,393,185,134,835,9,1,39
146,1337,382,178,133,835,9,1,40
147,1323,376,174,129,835,9,1,40
148,1312,369,164,124,835,9,1,41
149,1297,359,163,123,835,9,1,42
150,1306,355,137,116,835,9,1,43
151,1277,349,150,112,835,9,1,43
152,1269,347,143,105,835,9,1,44
153,1254,337,145,107,835,9,1,44
154,1246,332,138,103,835,9,1,45
155,1236,327,136,99,835,9,1,46
156,1228,321,128,97,835,9,1,46
157,1218,314,125,96,835,9,1,47
158,1208,311,123,92,835,9,1,48
159,1200,304,120,92,835,9,1,49
160,1193,301,114,86,835,9,1,50
161,1201,298,94,84,835,9,1,51
162,1177,292,107,82,835,9,1,51
163,1167,287,106,82,835,9,1,52
164,1160,285,104,79,835,9,1,52
165,1153,280,101,77,835,9,1,52
166,1147,277,98,76,835,9,1,52
167,1139,273,95,75,835,9,1,52
168,1136,271,89,70,835,9,1,53
169,1128,266,90,72,835,9,1,54
170,1127,262,84,69,835,9,1,55
171,1120,261,82,66,835,9,1,56
172,1110,258,87,66,835,9,1,56
173,1106,257,81,62,835,9,1,56
174,1103,252,77,64,835,9,1,55
175,1098,252,75,61,835,9,1,54
176,1090,246,77,63,835,9,1,54
177,1083,242,76,63,835,9,1,55
178,1081,240,72,61,835,9,1,56
179,1076,238,71,59,835,9,1,57
180,1071,237,70,57,835,9,1,59
181,1068,236,67,55,835,9,1,62
182,1063,232,68,54,835,9,1,63
183,1062,230,65,53,835,9,1,62
184,1061,230,60,51,835,9,1,62
185,1056,228,62,51,835,9,1,62
186,1051,226,61,49,835,9,1,59
187,1049,224,58,49,835,9,1,56
188,1047,223,55,49,835,9,1,54
189,1040,222,56,47,835,9,1,54
190,1038,220,56,46,835,9,1,53
191,1034,219,54,46,835,9,1,52
192,1031,218,54,45,835,9,1,55
193,1028,216,54,44,835,9,1,59
194,1027,215,52,42,835,9,1,60
195,1025,213,50,42,835,9,1,61
196,1023,212,50,42,835,9,1,61
197,1022,211,49,40,835,9,1,61
198,1019,211,48,39,835,9,1,58
199,1019,209,44,40,835,9,1,55
200,1015,209,46,38,835,9,1,54
201,1012,207,47,38,835,9,1,56
202,1012,204,44,40,835,9,1,57
203,1008,205,46,35,835,9,1,61
204,1008,205,40,35,835,9,1,63
205,1005,204,40,34,835,9,1,65
206,1003,203,41,33,835,9,1,63
207,1003,203,40,32,835,9,1,57
208,1001,203,39,32,835,9,1,50
209,1000,201,39,34,835,9,1,43
210,997,201,38,33,835,9,1,41
211,997,201,37,31,835,9,1,40
212,997,200,35,31,835,9,1,40
213,995,199,36,30,835,9,1,42
214,990,198,38,31,835,9,1,46
215,989,198,36,30,835,9,1,47
216,984,197,38,30,835,9,1,46
217,980,196,39,31,835,9,1,42
218,981,196,37,31,835,9,1,46
219,976,190,38,35,835,9,1,53
220,974,190,35,31,835,9,1,58
221,975,190,36,32,835,9,1,59
222,973,188,36,34,835,9,1,61
223,972,187,37,34,835,9,1,63
224,971,188,35,32,835,9,1,58
225,970,187,35,33,835,9,1,50
226,970,187,32,32,835,9,1,43
227,969,186,34,32,835,9,1,41
228,968,184,33,33,835,9,1,38
229,967,186,34,32,835,9,1,39
230,964,185,33,32,835,9,1,40
231,963,183,32,32,835,9,1,42
232,962,183,33,32,835,9,1,41
233,961,183,30,31,835,9,1,42
234,960,183,29,31,835,9,1,42
235,960,183,25,30,835,9,1,41
236,960,183,27,30,835,9,1,39
237,959,183,27,29,835,9,1,42
238,958,182,27,30,835,9,1,47
239,957,181,27,28,835,9,1,54
240,956,182,27,28,835,9,1,59
241,955,182,26,27,835,9,1,54
242,955,182,24,27,835,9,1,46
243,953,182,25,28,835,9,1,30
244,952,182,28,27,835,9,1,23
245,952,182,27,27,835,9,1,17
246,951,183,26,26,835,9,1,14
247,950,184,30,27,835,9,1,11
272,928,181,26,27,835,9,1,6
273,928,181,26,27,835,9,1,5
274,927,182,26,26,835,9,1,4
275,927,181,25,26,835,9,1,5
276,927,181,26,26,835,9,1,5
277,928,181,26,26,835,9,1,6
278,928,181,28,27,835,9,1,4
279,928,182,28,26,835,9,1,6
280,927,182,29,26,835,9,1,6
281,927,182,29,26,835,9,1,7
282,927,181,26,26,835,9,1,6
283,927,181,25,26,835,9,1,13
284,927,181,25,26,835,9,1,20
285,927,181,27,25,835,9,1,25
286,926,180,28,26,835,9,1,22
287,926,180,28,27,835,9,1,18
288,925,180,27,25,835,9,1,17
289,925,180,26,25,835,9,1,14
290,925,180,26,25,835,9,1,10
291,924,180,26,26,835,9,1,7
292,924,180,24,26,835,9,1,6
293,924,180,24,26,835,9,1,7
294,925,180,26,26,835,9,1,8
295,925,179,28,27,835,9,1,7
296,925,179,27,27,835,9,1,6
297,924,180,27,25,835,9,1,5
298,922,180,27,25,835,9,1,9
299,922,180,28,25,835,9,1,9
300,922,180,28,25,835,9,1,8
301,921,181,27,25,835,9,1,7
302,922,180,28,26,835,9,1,8
303,920,180,31,27,835,9,1,11
304,919,180,31,26,835,9,1,17
305,919,180,33,27,835,9,1,18
306,920,180,32,27,835,9,1,17
307,921,180,31,27,835,9,1,11
308,920,180,33,27,835,9,1,11
309,919,179,35,27,835,9,1,12
310,919,178,35,27,835,9,1,12
311,920,178,36,27,835,9,1,12
139,820,178,36,29,837,5,0,37
140,819,179,37,30,837,5,0,37
141,820,179,37,30,837,5,0,41
142,821,180,35,30,837,5,0,42
143,822,182,34,29,837,5,0,43
144,824,183,33,28,837,5,0,39
145,824,183,32,28,837,5,0,39
146,823,184,33,27,837,5,0,39
148,821,188,32,26,837,5,0,42
149,820,189,33,24,837,5,0,42
150,818,190,34,25,837,5,0,45
151,816,189,37,26,837,5,0,43
152,815,190,37,27,837,5,0,38
153,814,186,41,29,837,5,0,41
154,814,187,41,29,837,5,0,40
155,814,188,42,30,837,5,0,53
156,815,188,41,29,837,5,0,44
157,816,190,39,29,837,5,0,43
158,816,190,39,29,837,5,0,27
159,815,188,40,29,837,5,0,20
160,816,191,36,26,837,5,0,14
161,813,193,37,25,837,5,0,11
162,810,191,41,28,837,5,0,12
163,811,194,40,26,837,5,0,19
164,810,191,44,30,837,5,0,28
165,807,193,42,29,837,5,0,34
166,807,193,42,29,837,5,0,36
167,806,193,44,29,837,5,0,35
168,806,193,47,30,837,5,0,34
169,806,191,49,32,837,5,0,32
170,808,194,41,30,837,5,0,33
171,808,192,44,33,837,5,0,36
172,807,193,41,32,837,5,0,39
173,805,194,43,33,837,5,0,41
174,803,192,47,34,837,5,0,44
175,803,193,45,34,837,5,0,48
176,800,195,49,35,837,5,0,51
177,798,195,44,35,837,5,0,50
178,798,196,40,35,837,5,0,51
179,799,197,42,36,837,5,0,51
180,799,198,40,34,837,5,0,49
181,799,201,40,33,837,5,0,47
182,798,201,46,34,837,5,0,44
183,798,200,45,36,837,5,0,44
184,799,205,42,32,837,5,0,44
185,798,206,40,32,837,5,0,43
186,794,200,45,39,837,5,0,43
187,795,207,42,33,837,5,0,44
188,793,208,42,33,837,5,0,46
189,790,209,44,35,837,5,0,50
190,789,211,44,34,837,5,0,51
191,787,211,46,37,837,5,0,51
192,786,210,44,38,837,5,0,53
193,784,211,46,38,837,5,0,52
194,783,211,47,42,837,5,0,53
195,783,215,48,38,837,5,0,50
196,782,217,49,39,837,5,0,51
197,781,218,49,39,837,5,0,54
198,779,220,52,39,837,5,0,56
199,779,220,51,43,837,5,0,60
200,778,220,50,45,837,5,0,59
201,774,222,55,45,837,5,0,61
202,772,221,55,49,837,5,0,61
203,770,230,54,42,837,5,0,62
204,767,231,55,44,837,5,0,62
205,763,232,58,46,837,5,0,62
206,762,233,57,49,837,5,0,62
207,760,238,58,46,837,5,0,63
208,758,239,60,48,837,5,0,63
209,756,243,62,49,837,5,0,65
210,754,245,63,50,837,5,0,65
211,750,247,66,54,837,5,0,66
212,747,251,69,52,837,5,0,66
213,742,252,72,56,837,5,0,68
214,741,256,72,57,837,5,0,70
215,739,262,71,57,837,5,0,70
216,735,265,74,60,837,5,0,71
217,731,267,75,62,837,5,0,71
218,726,273,79,62,837,5,0,73
219,722,277,82,65,837,5,0,72
220,719,281,84,69,837,5,0,72
221,714,287,85,68,837,5,0,72
222,709,292,89,72,837,5,0,73
223,702,297,95,78,837,5,0,74
224,699,304,95,78,837,5,0,74
225,694,311,98,83,837,5,0,74
226,688,317,100,86,837,5,0,73
227,679,323,108,90,837,5,0,73
228,672,333,112,92,837,5,0,72
229,664,341,116,99,837,5,0,72
230,653,351,121,102,837,5,0,72
231,643,361,126,107,837,5,0,72
232,627,374,137,113,837,5,0,73
233,620,386,140,120,837,5,0,73
234,606,400,146,129,837,5,0,74
235,590,417,156,136,837,5,0,74
236,575,433,165,148,837,5,0,74
237,556,453,174,158,837,5,0,74
238,533,473,189,168,837,5,0,73
239,509,501,205,183,837,5,0,73
240,484,531,217,198,837,5,0,72
241,450,563,239,218,837,5,0,72
242,413,604,260,248,837,5,0,72
243,366,652,289,275,837,5,0,71
244,311,707,322,314,837,5,0,69
245,242,774,368,302,837,5,0,66
246,180,852,397,223,837,5,0,65
247,152,949,384,126,837,5,0,64
155,1823,504,96,158,839,6,5,40
156,1791,484,128,167,839,6,5,40
157,1759,466,160,226,839,6,5,40
158,1730,454,189,215,839,6,5,40
159,1698,444,219,204,839,6,5,40
160,1671,430,249,198,839,6,5,40
161,1646,423,272,187,839,6,5,40
162,1620,409,275,184,839,6,5,40
163,1596,398,262,177,839,6,5,41
164,1574,390,250,171,839,6,5,41
165,1551,381,243,165,839,6,5,42
166,1533,372,228,161,839,6,5,42
167,1514,368,219,150,839,6,5,43
168,1494,358,212,148,839,6,5,44
169,1474,351,207,143,839,6,5,45
170,1461,343,195,139,839,6,5,45
171,1444,338,187,133,839,6,5,46
172,1428,329,181,133,839,6,5,46
173,1413,324,174,128,839,6,5,47
174,1398,317,169,123,839,6,5,48
175,1384,312,161,121,839,6,5,49
176,1370,307,156,115,839,6,5,50
177,1357,304,151,110,839,6,5,51
178,1346,297,145,109,839,6,5,52
179,1333,293,141,105,839,6,5,53
180,1323,288,136,102,839,6,5,53
181,1312,284,133,100,839,6,5,54
182,1301,280,130,97,839,6,5,54
183,1294,277,125,94,839,6,5,54
184,1285,273,121,92,839,6,5,54
185,1276,269,117,91,839,6,5,54
186,1268,266,112,88,839,6,5,54
187,1259,263,110,85,839,6,5,55
188,1250,260,106,83,839,6,5,56
189,1242,258,104,79,839,6,5,56
190,1233,255,101,77,839,6,5,56
191,1226,251,99,78,839,6,5,56
192,1216,248,98,77,839,6,5,56
193,1208,245,97,74,839,6,5,57
194,1202,245,94,71,839,6,5,58
195,1199,242,90,68,839,6,5,60
196,1192,238,87,68,839,6,5,61
197,1185,237,88,66,839,6,5,61
198,1182,233,83,66,839,6,5,61
199,1174,231,85,67,839,6,5,59
200,1168,231,80,62,839,6,5,59
201,1162,229,79,61,839,6,5,57
202,1156,227,78,60,839,6,5,58
203,1151,226,76,58,839,6,5,60
204,1145,223,73,57,839,6,5,61
205,1140,222,72,56,839,6,5,61
206,1136,219,70,56,839,6,5,58
207,1132,218,69,56,839,6,5,59
208,1127,216,68,57,839,6,5,61
209,1124,215,65,51,839,6,5,62
210,1122,213,62,51,839,6,5,62
211,1119,213,60,50,839,6,5,65
212,1115,211,58,49,839,6,5,71
213,1111,209,57,47,839,6,5,74
214,1105,208,58,46,839,6,5,78
215,1100,207,60,44,839,6,5,81
216,1098,207,55,39,839,6,5,86
217,1098,207,49,38,839,6,5,88
218,1090,206,51,37,839,6,5,91
219,1088,204,51,36,839,6,5,93
220,1084,202,50,34,839,6,5,88
221,1081,202,50,34,839,6,5,86
222,1080,202,48,34,839,6,5,71
223,1076,199,47,32,839,6,5,56
224,1072,199,46,41,839,6,5,33
225,1069,199,47,39,839,6,5,22
226,1068,199,46,38,839,6,5,17
227,1064,199,47,37,839,6,5,16
228,1061,198,47,36,839,6,5,28
229,1061,197,45,37,839,6,5,42
230,1058,195,41,34,839,6,5,57
231,1053,195,43,35,839,6,5,67
232,1054,193,39,38,839,6,5,74
233,1050,193,40,34,839,6,5,80
234,1046,193,41,33,839,6,5,80
235,1044,192,41,34,839,6,5,71
236,1043,192,38,31,839,6,5,60
237,1042,193,36,33,839,6,5,41
238,1040,191,36,35,839,6,5,31
239,1038,191,34,35,839,6,5,19
240,1038,190,33,34,839,6,5,19
241,1037,191,33,36,839,6,5,14
242,1033,191,33,35,839,6,5,14
243,1031,190,33,35,839,6,5,14
244,1028,190,33,35,839,6,5,15
245,1026,190,32,32,839,6,5,27
246,1022,190,34,33,839,6,5,39
247,1019,190,33,30,839,6,5,47
248,1017,189,35,30,839,6,5,45
249,1017,189,32,33,839,6,5,33
250,1018,188,29,32,839,6,5,26
251,1016,188,30,35,839,6,5,17
252,1003,189,41,33,839,6,5,17
253,1011,188,32,33,839,6,5,19
254,1007,189,33,33,839,6,5,21
255,1005,187,34,32,839,6,5,27
256,1003,186,34,32,839,6,5,32
257,1004,187,31,31,839,6,5,41
258,999,187,33,31,839,6,5,44
259,998,187,31,30,839,6,5,45
260,999,186,28,30,839,6,5,45
261,998,186,27,30,839,6,5,47
262,997,186,27,29,839,6,5,56
263,995,186,25,26,839,6,5,66
264,993,187,27,27,839,6,5,71
265,993,186,25,26,839,6,5,65
267,990,185,27,26,839,6,5,55
269,982,185,33,27,839,6,5,41
270,976,184,37,26,839,6,5,41
271,980,183,31,27,839,6,5,41
272,978,183,32,25,839,6,5,41
273,972,183,36,25,839,6,5,42
274,954,183,51,26,839,6,5,43
275,958,182,47,25,839,6,5,43
276,955,181,48,26,839,6,5,33
277,950,180,49,28,839,6,5,22
278,968,181,32,26,839,6,5,23
280,936,181,63,26,839,6,5,22
281,963,180,32,26,839,6,5,23
282,964,181,31,25,839,6,5,20
283,960,181,34,25,839,6,5,21
284,959,181,33,25,839,6,5,21
291,937,180,47,25,839,6,5,16
292,946,180,39,25,839,6,5,12
312,918,177,38,28,839,6,5,8
313,918,178,38,28,839,6,5,5
314,918,178,38,27,839,6,5,4
315,917,178,33,28,839,6,5,3
316,916,177,35,28,839,6,5,5
317,916,177,35,28,839,6,5,5
318,917,178,33,27,839,6,5,5
319,916,177,33,28,839,6,5,6
320,917,177,33,28,839,6,5,6
321,916,177,34,28,839,6,5,6
322,917,177,33,28,839,6,5,4
323,917,176,35,29,839,6,5,3
324,916,176,36,29,839,6,5,3
325,916,176,36,29,839,6,5,2
326,917,176,36,29,839,6,5,7
327,917,176,35,29,839,6,5,9
328,917,177,34,29,839,6,5,12
329,920,177,33,29,839,6,5,10
330,917,177,34,29,839,6,5,11
331,917,177,32,29,839,6,5,10
332,916,176,34,30,839,6,5,8
333,917,177,33,29,839,6,5,7
334,915,177,35,29,839,6,5,5
335,913,176,36,30,839,6,5,7
336,914,175,36,31,839,6,5,15
337,915,174,35,31,839,6,5,24
338,915,174,34,30,839,6,5,26
339,915,174,35,30,839,6,5,24
340,913,174,37,31,839,6,5,17
341,915,174,34,31,839,6,5,16
342,915,175,33,31,839,6,5,21
343,916,175,31,31,839,6,5,24
344,920,176,25,30,839,6,5,23
345,918,175,28,31,839,6,5,16
346,920,175,25,31,839,6,5,11
347,920,175,26,31,839,6,5,8
348,920,176,26,31,839,6,5,5
349,921,177,25,29,839,6,5,4
350,924,177,26,29,839,6,5,3
351,923,178,27,28,839,6,5,6
352,923,178,28,27,839,6,5,9
353,920,177,31,27,839,6,5,11
354,918,176,31,29,839,6,5,10
355,920,177,29,28,839,6,5,7
356,922,177,27,28,839,6,5,7
357,922,178,26,28,839,6,5,11
358,921,178,26,28,839,6,5,21
359,922,178,25,28,839,6,5,32
360,927,182,24,27,839,6,5,40
361,927,181,24,28,839,6,5,38
362,927,180,23,29,839,6,5,31
363,927,181,24,27,839,6,5,20
364,927,181,23,26,839,6,5,20
365,926,182,25,25,839,6,5,23
366,927,180,24,26,839,6,5,25
367,928,180,24,27,839,6,5,23
368,927,180,25,27,839,6,5,16
369,925,178,26,28,839,6,5,16
370,925,178,26,29,839,6,5,16
371,927,180,24,29,839,6,5,18
372,926,178,23,30,839,6,5,16
373,926,177,23,31,839,6,5,19
374,925,177,23,31,839,6,5,19
375,926,177,23,32,839,6,5,21
376,927,177,22,31,839,6,5,21
377,926,178,22,29,839,6,5,29
378,927,178,22,28,839,6,5,28
396,928,177,35,32,839,6,5,21
397,929,178,37,31,839,6,5,12
398,930,178,38,31,839,6,5,9
399,934,179,35,31,839,6,5,9
400,934,179,35,31,839,6,5,10
401,933,180,34,30,839,6,5,9
402,930,180,37,28,839,6,5,9
403,929,180,35,29,839,6,5,9
404,928,179,35,29,839,6,5,20
405,927,179,36,29,839,6,5,32
406,926,177,31,30,839,6,5,43
407,926,177,30,29,839,6,5,45
408,926,176,31,30,839,6,5,44
409,926,176,33,30,839,6,5,42
410,925,178,34,28,839,6,5,33
411,926,176,36,30,839,6,5,24
412,924,176,34,31,839,6,5,17
413,924,176,33,31,839,6,5,15
414,923,176,35,30,839,6,5,12
415,922,176,34,30,839,6,5,9
416,923,176,33,30,839,6,5,8
417,923,177,32,30,839,6,5,7
418,925,178,30,30,839,6,5,5
419,925,178,29,29,839,6,5,3
420,924,178,31,28,839,6,5,1
421,924,177,30,29,839,6,5,1
422,924,178,30,28,839,6,5,3
423,925,178,27,28,839,6,5,4
424,926,178,26,29,839,6,5,5
425,927,178,24,29,839,6,5,10
426,927,177,23,30,839,6,5,12
427,926,177,23,31,839,6,5,13
428,926,177,23,30,839,6,5,9
429,925,177,24,30,839,6,5,14
430,924,177,24,30,839,6,5,13
431,924,176,24,30,839,6,5,22
432,926,177,23,29,839,6,5,17
433,926,176,23,29,839,6,5,17
455,920,173,25,33,839,6,5,7
460,920,176,27,31,839,6,5,5
461,922,176,26,30,839,6,5,2
462,921,176,27,30,839,6,5,1
463,922,177,27,29,839,6,5,1
464,921,178,29,28,839,6,5,6
465,921,177,29,28,839,6,5,7
466,920,176,29,29,839,6,5,8
467,919,176,27,30,839,6,5,3
468,918,177,29,29,839,6,5,4
469,920,178,28,28,839,6,5,3
470,920,179,29,27,839,6,5,4
471,921,178,29,28,839,6,5,3
472,921,178,31,28,839,6,5,4
473,921,178,30,28,839,6,5,3
474,922,179,28,27,839,6,5,3
475,923,178,27,28,839,6,5,3
476,923,178,27,28,839,6,5,2
477,922,178,29,27,839,6,5,2
478,922,179,29,27,839,6,5,2
479,923,179,28,27,839,6,5,2
480,920,178,32,28,839,6,5,4
481,922,178,30,28,839,6,5,10
482,925,179,24,28,839,6,5,19
483,924,177,26,31,839,6,5,28
484,922,177,26,32,839,6,5,29
485,921,176,26,32,839,6,5,28
486,922,175,25,32,839,6,5,21
487,923,176,23,32,839,6,5,16
488,923,176,24,32,839,6,5,15
489,924,177,24,31,839,6,5,18
491,922,177,27,30,839,6,5,20
492,921,177,28,29,839,6,5,22
493,923,178,25,29,839,6,5,19
494,926,177,23,29,839,6,5,18
506,925,176,23,30,839,6,5,11
507,925,176,23,30,839,6,5,7
508,926,176,22,31,839,6,5,4
518,926,179,21,28,839,6,5,3
519,926,179,22,28,839,6,5,2
520,927,178,21,29,839,6,5,2
521,927,179,21,28,839,6,5,2
522,927,179,21,28,839,6,5,5
523,927,180,22,26,839,6,5,6
524,927,180,22,26,839,6,5,7
525,927,182,20,25,839,6,5,6
534,928,181,21,26,839,6,5,5
535,928,181,21,27,839,6,5,5
552,927,182,22,25,839,6,5,4
553,927,183,21,25,839,6,5,4
556,926,182,22,27,839,6,5,3
557,926,182,24,27,839,6,5,2
558,926,182,26,26,839,6,5,1
559,926,182,27,26,839,6,5,2
560,926,182,28,26,839,6,5,7
561,927,182,27,25,839,6,5,12
562,926,181,28,26,839,6,5,17
563,927,181,26,26,839,6,5,19
564,927,181,23,26,839,6,5,17
565,926,181,25,26,839,6,5,13
566,926,181,24,26,839,6,5,12
567,927,181,22,26,839,6,5,15
568,926,181,23,27,839,6,5,17
569,926,180,22,29,839,6,5,15
572,927,181,22,27,839,6,5,12
573,927,180,23,26,839,6,5,12
574,927,179,24,26,839,6,5,21
575,927,179,23,27,839,6,5,25
576,927,179,24,26,839,6,5,26
577,927,180,23,26,839,6,5,17
581,927,180,21,28,839,6,5,11
586,927,179,23,29,839,6,5,8
591,926,178,22,27,839,6,5,7
599,925,178,28,31,839,6,5,7
600,926,180,27,28,839,6,5,6
601,926,179,29,28,839,6,5,6
602,926,178,29,27,839,6,5,6
603,926,178,30,27,839,6,5,15
604,927,177,30,28,839,6,5,25
605,926,178,30,28,839,6,5,29
606,924,178,31,27,839,6,5,31
607,924,178,32,29,839,6,5,33
608,925,179,31,29,839,6,5,38
609,923,177,29,31,839,6,5,32
610,923,178,30,29,839,6,5,24
611,924,178,26,29,839,6,5,17
612,925,178,26,29,839,6,5,15
613,926,178,24,29,839,6,5,13
614,928,179,23,28,839,6,5,16
615,927,178,25,28,839,6,5,15
616,926,178,26,28,839,6,5,15
617,925,178,26,28,839,6,5,15
618,926,178,26,28,839,6,5,12
619,927,178,24,28,839,6,5,10
620,925,177,25,30,839,6,5,11
621,926,177,24,30,839,6,5,17
622,926,177,23,31,839,6,5,25
623,924,176,22,32,839,6,5,31
624,924,176,23,32,839,6,5,27
625,924,177,23,31,839,6,5,21
630,927,175,22,32,839,6,5,12
631,926,174,23,32,839,6,5,12
632,926,173,22,33,839,6,5,11
186,928,182,21,25,844,4,0,85
187,927,182,21,25,844,4,0,79
188,928,182,20,26,844,4,0,71
189,927,182,20,27,844,4,0,58
190,925,183,21,26,844,4,0,47
192,923,184,21,26,844,4,0,37
196,927,183,21,27,844,4,0,27
197,927,183,21,26,844,4,0,20
198,927,181,22,27,844,4,0,17
199,927,181,22,27,844,4,0,17
200,927,181,22,27,844,4,0,20
201,927,181,22,27,844,4,0,18
202,927,183,21,25,844,4,0,14
203,926,182,21,26,844,4,0,8
210,928,183,19,25,844,4,0,6
211,928,182,20,25,844,4,0,5
212,927,182,21,25,844,4,0,5
213,927,182,21,25,844,4,0,5
214,927,182,22,25,844,4,0,4
215,927,183,21,24,844,4,0,7
216,927,183,20,25,844,4,0,7
217,927,183,19,25,844,4,0,8
223,928,183,19,24,844,4,0,4
224,928,183,19,24,844,4,0,4
245,926,183,23,26,844,4,0,3
248,927,183,35,26,844,4,0,2
249,927,181,30,27,844,4,0,1
250,927,181,36,28,844,4,0,1
251,927,181,38,27,844,4,0,6
252,928,181,35,27,844,4,0,9
253,928,181,35,26,844,4,0,11
254,927,181,35,26,844,4,0,12
255,927,181,34,27,844,4,0,18
256,928,182,27,25,844,4,0,19
257,928,181,28,25,844,4,0,17
258,927,181,32,27,844,4,0,11
259,927,180,37,28,844,4,0,12
260,927,180,34,28,844,4,0,10
261,926,181,38,28,844,4,0,21
262,926,181,35,28,844,4,0,21
263,926,182,38,28,844,4,0,22
264,927,181,34,27,844,4,0,10
265,927,181,32,28,844,4,0,10
266,928,181,32,27,844,4,0,8
267,927,181,28,26,844,4,0,12
268,928,181,31,27,844,4,0,10
269,927,181,30,27,844,4,0,14
270,927,181,29,27,844,4,0,12
271,927,180,27,27,844,4,0,15
187,1784,672,135,222,845,6,5,84
188,1708,611,211,313,845,6,5,84
189,1638,563,281,279,845,6,5,84
190,1572,521,345,259,845,6,5,84
191,1525,490,334,230,845,6,5,83
192,1480,463,302,207,845,6,5,82
193,1442,438,275,193,845,6,5,81
194,1405,417,255,179,845,6,5,81
195,1376,400,233,165,845,6,5,81
196,1348,384,218,154,845,6,5,81
197,1324,368,199,145,845,6,5,81
198,1299,355,189,138,845,6,5,81
199,1278,343,178,129,845,6,5,81
200,1261,332,166,123,845,6,5,81
201,1242,322,157,117,845,6,5,82
202,1224,313,150,111,845,6,5,82
203,1207,304,143,106,845,6,5,83
204,1194,296,134,103,845,6,5,83
205,1181,288,127,98,845,6,5,84
206,1167,281,125,95,845,6,5,84
207,1157,279,117,87,845,6,5,84
208,1147,274,114,85,845,6,5,83
209,1136,267,110,83,845,6,5,83
210,1129,268,105,75,845,6,5,83
211,1122,263,100,71,845,6,5,83
212,1117,255,93,72,845,6,5,82
213,1108,255,91,67,845,6,5,81
214,1101,248,88,70,845,6,5,81
215,1095,248,86,63,845,6,5,81
216,1086,242,84,63,845,6,5,81
217,1080,240,82,60,845,6,5,80
218,1074,238,77,57,845,6,5,81
219,1069,237,76,54,845,6,5,82
220,1066,234,72,53,845,6,5,84
221,1063,229,69,53,845,6,5,84
222,1059,228,66,50,845,6,5,83
223,1053,225,68,49,845,6,5,82
224,1052,215,64,57,845,6,5,81
225,1045,222,63,47,845,6,5,80
226,1040,218,61,47,845,6,5,78
227,1038,216,61,47,845,6,5,75
228,1034,220,59,41,845,6,5,73
229,1032,217,56,41,845,6,5,73
230,1025,215,55,41,845,6,5,73
231,1022,214,54,38,845,6,5,71
232,1021,212,51,38,845,6,5,67
233,1017,212,51,38,845,6,5,62
234,1015,212,48,37,845,6,5,60
235,1014,209,45,39,845,6,5,61
236,1011,210,45,35,845,6,5,64
237,1004,204,46,35,845,6,5,66
238,1002,206,47,33,845,6,5,67
239,1001,206,46,32,845,6,5,71
240,999,207,45,29,845,6,5,75
241,996,194,45,40,845,6,5,71
242,993,198,36,34,845,6,5,65
243,991,196,39,36,845,6,5,58
244,988,195,41,37,845,6,5,57
245,986,193,40,37,845,6,5,55
246,984,193,40,36,845,6,5,50
247,982,194,40,34,845,6,5,49
248,979,195,40,32,845,6,5,48
249,980,192,38,33,845,6,5,51
250,978,191,39,34,845,6,5,50
251,979,189,37,34,845,6,5,48
252,978,193,36,30,845,6,5,45
253,977,192,35,31,845,6,5,42
254,974,190,36,32,845,6,5,42
255,971,188,34,32,845,6,5,41
258,965,188,34,31,845,6,5,41
260,961,184,36,32,845,6,5,42
266,955,186,34,27,845,6,5,44
267,954,183,35,28,845,6,5,45
268,955,183,32,27,845,6,5,45
269,953,183,33,28,845,6,5,44
190,819,179,38,30,846,3,4,22
191,818,180,39,29,846,3,4,24
200,820,182,37,30,846,3,4,27
206,810,191,40,26,846,3,4,31
207,812,193,38,25,846,3,4,33
209,805,190,41,26,846,3,4,35
210,807,190,40,26,846,3,4,39
211,806,190,43,28,846,3,4,36
212,805,189,44,29,846,3,4,30
213,809,190,43,30,846,3,4,27
214,804,190,45,29,846,3,4,30
215,803,190,43,29,846,3,4,38
216,803,190,42,29,846,3,4,42
217,805,191,42,30,846,3,4,47
218,806,193,43,29,846,3,4,45
219,803,194,45,30,846,3,4,49
220,802,192,45,31,846,3,4,43
221,802,195,42,28,846,3,4,42
222,803,193,42,29,846,3,4,31
223,803,193,45,30,846,3,4,23
224,801,193,48,32,846,3,4,18
225,805,192,44,33,846,3,4,16
226,803,192,44,33,846,3,4,26
227,804,193,41,34,846,3,4,35
228,805,196,41,32,846,3,4,42
229,803,193,44,36,846,3,4,47
230,794,192,53,37,846,3,4,52
231,801,196,45,37,846,3,4,56
232,801,200,44,33,846,3,4,55
233,803,200,40,33,846,3,4,53
234,804,201,40,33,846,3,4,53
235,803,202,44,34,846,3,4,49
236,803,201,43,34,846,3,4,47
237,804,200,40,35,846,3,4,43
238,805,203,42,35,846,3,4,40
239,805,203,42,36,846,3,4,42
240,806,204,41,33,846,3,4,44
241,805,203,42,38,846,3,4,54
242,805,204,42,37,846,3,4,55
243,804,205,44,37,846,3,4,57
244,802,206,47,39,846,3,4,57
245,802,207,48,37,846,3,4,53
246,803,209,48,38,846,3,4,48
247,803,207,49,40,846,3,4,44
248,802,209,49,39,846,3,4,41
249,801,209,52,40,846,3,4,40
250,803,209,50,42,846,3,4,36
251,802,211,51,41,846,3,4,35
252,805,210,49,42,846,3,4,35
253,805,210,48,43,846,3,4,36
254,805,212,49,44,846,3,4,37
255,805,212,50,44,846,3,4,37
256,806,213,49,45,846,3,4,37
257,804,213,51,46,846,3,4,37
258,805,216,50,44,846,3,4,36
259,804,213,52,48,846,3,4,37
260,802,218,53,45,846,3,4,38
261,802,221,54,44,846,3,4,39
262,801,220,54,48,846,3,4,41
263,802,221,54,48,846,3,4,42
264,801,223,55,48,846,3,4,44
265,800,224,54,48,846,3,4,43
266,798,223,58,51,846,3,4,42
267,797,224,59,52,846,3,4,41
268,797,223,60,55,846,3,4,39
269,794,224,64,55,846,3,4,38
270,795,225,62,56,846,3,4,38
271,792,226,65,56,846,3,4,40
272,790,229,66,57,846,3,4,42
273,790,229,64,60,846,3,4,44
274,787,231,69,61,846,3,4,44
275,785,228,70,66,846,3,4,45
276,782,236,72,59,846,3,4,43
277,780,240,73,57,846,3,4,42
278,777,242,71,58,846,3,4,40
279,775,242,73,60,846,3,4,39
280,772,243,77,62,846,3,4,41
281,769,245,79,64,846,3,4,43
282,767,246,78,67,846,3,4,46
283,765,250,78,66,846,3,4,48
284,763,252,78,68,846,3,4,50
285,759,256,80,68,846,3,4,51
286,755,257,83,71,846,3,4,50
287,749,258,86,73,846,3,4,50
288,745,260,87,77,846,3,4,50
289,743,265,89,76,846,3,4,50
290,739,267,88,78,846,3,4,50
291,734,269,92,82,846,3,4,50
292,730,272,96,84,846,3,4,50
293,726,273,97,87,846,3,4,49
294,724,278,97,88,846,3,4,49
295,719,285,98,86,846,3,4,49
296,714,289,102,87,846,3,4,49
297,708,292,103,93,846,3,4,51
298,703,295,105,99,846,3,4,52
299,699,301,108,99,846,3,4,53
300,694,308,112,101,846,3,4,54
301,687,311,114,106,846,3,4,54
302,676,312,123,113,846,3,4,54
303,671,315,125,119,846,3,4,53
304,665,323,130,124,846,3,4,53
305,660,332,134,125,846,3,4,54
306,653,339,135,130,846,3,4,54
307,645,346,141,138,846,3,4,55
308,630,353,155,143,846,3,4,55
309,624,362,160,149,846,3,4,55
310,619,367,161,162,846,3,4,55
311,611,383,167,163,846,3,4,55
312,603,394,173,174,846,3,4,55
313,587,406,184,181,846,3,4,55
314,576,420,192,192,846,3,4,56
315,561,423,202,215,846,3,4,56
316,546,454,215,215,846,3,4,56
317,531,471,226,235,846,3,4,57
318,511,495,240,247,846,3,4,57
319,493,517,254,274,846,3,4,58
320,468,545,275,298,846,3,4,58
321,440,577,296,325,846,3,4,58
322,410,615,318,362,846,3,4,56
323,375,657,344,405,846,3,4,54
324,331,708,380,367,846,3,4,51
325,280,770,419,305,846,3,4,48
326,273,841,409,233,846,3,4,46
327,244,933,414,143,846,3,4,45
205,773,195,44,25,847,3,0,117
206,773,196,36,26,847,3,0,90
207,774,197,35,27,847,3,0,70
208,772,197,32,25,847,3,0,38
209,772,198,29,25,847,3,0,28
210,773,196,30,26,847,3,0,18
211,772,195,29,25,847,3,0,17
212,772,197,29,26,847,3,0,15
213,770,198,29,24,847,3,0,12
214,768,198,31,26,847,3,0,13
215,768,196,31,27,847,3,0,26
216,767,199,30,26,847,3,0,32
217,764,199,35,27,847,3,0,40
218,763,200,35,25,847,3,0,30
219,762,201,36,25,847,3,0,33
220,761,200,35,25,847,3,0,23
221,759,201,36,25,847,3,0,19
222,759,200,36,25,847,3,0,11
223,757,200,38,26,847,3,0,10
224,757,199,37,28,847,3,0,13
225,755,200,37,27,847,3,0,17
226,754,201,38,27,847,3,0,22
227,753,203,40,26,847,3,0,26
228,752,203,42,26,847,3,0,29
229,750,204,40,26,847,3,0,33
230,748,203,38,27,847,3,0,37
231,748,204,37,28,847,3,0,41
232,746,205,38,28,847,3,0,44
233,745,207,38,27,847,3,0,45
234,742,208,38,28,847,3,0,47
235,741,209,38,27,847,3,0,47
236,741,208,38,29,847,3,0,46
237,738,210,41,29,847,3,0,44
238,736,211,41,28,847,3,0,41
239,735,210,40,30,847,3,0,40
240,732,211,42,31,847,3,0,39
241,730,213,42,29,847,3,0,39
242,728,216,43,28,847,3,0,41
243,726,216,44,30,847,3,0,43
244,725,216,44,31,847,3,0,45
245,723,216,45,32,847,3,0,46
246,719,216,44,34,847,3,0,46
247,715,219,49,32,847,3,0,46
248,713,219,50,33,847,3,0,45
249,714,221,45,33,847,3,0,47
250,709,221,49,35,847,3,0,49
251,706,223,50,37,847,3,0,51
252,702,223,52,38,847,3,0,53
253,701,225,50,37,847,3,0,55
254,699,226,52,40,847,3,0,57
255,695,229,55,39,847,3,0,56
256,691,230,56,39,847,3,0,56
257,688,232,58,41,847,3,0,57
258,685,234,57,41,847,3,0,57
259,680,236,59,42,847,3,0,58
260,677,239,59,41,847,3,0,59
261,671,241,63,44,847,3,0,62
262,669,245,62,44,847,3,0,63
263,666,246,62,47,847,3,0,62
264,661,249,65,46,847,3,0,63
265,658,251,65,46,847,3,0,62
266,652,255,71,47,847,3,0,63
267,647,257,72,48,847,3,0,61
268,641,262,72,49,847,3,0,62
269,637,264,73,52,847,3,0,62
270,631,268,74,53,847,3,0,62
271,626,270,76,53,847,3,0,63
272,619,276,79,53,847,3,0,64
273,612,280,81,56,847,3,0,65
274,603,285,85,58,847,3,0,65
275,598,290,85,59,847,3,0,66
276,589,292,91,64,847,3,0,68
277,581,300,91,64,847,3,0,69
278,574,306,91,66,847,3,0,69
279,564,310,95,69,847,3,0,69
280,554,315,100,75,847,3,0,70
281,544,324,103,78,847,3,0,70
282,534,330,107,81,847,3,0,69
283,523,338,110,84,847,3,0,69
284,511,348,114,84,847,3,0,69
285,495,355,123,91,847,3,0,68
286,482,364,128,96,847,3,0,67
287,466,376,131,98,847,3,0,66
288,449,389,141,103,847,3,0,67
289,431,401,147,109,847,3,0,67
290,411,415,154,116,847,3,0,68
291,391,429,160,125,847,3,0,68
292,367,447,174,133,847,3,0,68
293,339,466,184,140,847,3,0,68
294,311,487,196,150,847,3,0,67
295,275,512,211,163,847,3,0,67
296,240,539,228,173,847,3,0,66
297,195,566,248,194,847,3,0,66
298,146,604,266,209,847,3,0,66
299,84,646,296,227,847,3,0,65
300,18,691,325,258,847,3,0,65
301,0,744,299,296,847,3,0,65
302,0,806,246,270,847,3,0,65
303,1,884,184,192,847,3,0,65
219,1842,513,77,130,849,3,1,75
220,1779,479,140,164,849,3,1,75
221,1726,454,193,154,849,3,1,75
222,1678,432,212,146,849,3,1,75
223,1632,415,200,136,849,3,1,76
224,1595,400,184,125,849,3,1,77
225,1558,385,174,121,849,3,1,77
226,1525,369,165,115,849,3,1,78
227,1495,358,156,109,849,3,1,78
228,1467,347,148,102,849,3,1,80
229,1452,339,131,96,849,3,1,81
230,1419,328,131,90,849,3,1,83
231,1398,317,123,88,849,3,1,83
232,1378,311,119,83,849,3,1,83
233,1357,303,116,81,849,3,1,83
234,1344,298,106,77,849,3,1,82
235,1324,292,104,74,849,3,1,81
236,1308,287,100,69,849,3,1,80
237,1294,280,98,70,849,3,1,79
238,1291,277,84,65,849,3,1,78
239,1270,271,90,65,849,3,1,79
240,1258,268,87,62,849,3,1,79
241,1245,264,85,58,849,3,1,81
242,1240,261,76,56,849,3,1,81
243,1227,254,76,56,849,3,1,83
244,1217,252,74,54,849,3,1,83
245,1206,248,74,53,849,3,1,82
246,1198,243,71,53,849,3,1,80
247,1191,242,68,52,849,3,1,78
248,1182,240,67,49,849,3,1,79
249,1174,237,64,46,849,3,1,79
250,1169,233,62,47,849,3,1,78
251,1162,231,59,45,849,3,1,77
252,1154,229,61,45,849,3,1,76
253,1150,227,57,45,849,3,1,75
254,1145,225,54,44,849,3,1,72
255,1137,223,54,42,849,3,1,70
256,1130,221,57,42,849,3,1,71
257,1125,220,53,40,849,3,1,75
258,1120,218,50,38,849,3,1,78
259,1115,216,49,37,849,3,1,78
260,1108,214,50,38,849,3,1,75
261,1104,214,47,36,849,3,1,73
262,1100,213,46,36,849,3,1,68
263,1097,210,46,37,849,3,1,64
264,1091,209,47,36,849,3,1,60
265,1087,208,44,34,849,3,1,62
266,1085,209,43,33,849,3,1,64
267,1080,206,42,32,849,3,1,66
268,1076,206,42,31,849,3,1,63
269,1074,204,41,33,849,3,1,59
270,1068,203,43,34,849,3,1,58
271,1065,202,41,32,849,3,1,57
272,1062,201,40,32,849,3,1,55
273,1058,201,38,30,849,3,1,54
274,1055,201,37,29,849,3,1,57
275,1051,201,38,28,849,3,1,57
276,1048,199,38,28,849,3,1,55
277,1044,199,39,28,849,3,1,49
278,1043,199,36,28,849,3,1,45
279,1040,197,36,29,849,3,1,40
280,1039,197,34,29,849,3,1,36
281,1038,197,33,28,849,3,1,36
282,1033,196,35,29,849,3,1,39
283,1030,195,37,28,849,3,1,43
284,1028,194,36,28,849,3,1,46
285,1026,194,34,27,849,3,1,39
286,1024,194,34,27,849,3,1,42
287,1018,194,36,29,849,3,1,38
288,1019,194,34,27,849,3,1,40
289,1018,194,31,26,849,3,1,32
290,1016,193,31,25,849,3,1,31
291,1015,193,31,26,849,3,1,35
292,1013,193,30,25,849,3,1,39
293,1012,192,28,27,849,3,1,44
294,1008,192,31,26,849,3,1,44
295,1007,191,30,26,849,3,1,47
296,1006,191,29,25,849,3,1,48
297,1006,190,27,25,849,3,1,49
298,1002,189,31,25,849,3,1,49
299,1002,189,29,25,849,3,1,47
300,1000,190,27,24,849,3,1,44
301,998,191,26,23,849,3,1,33
302,998,190,26,24,849,3,1,26
303,997,191,24,23,849,3,1,19
304,996,190,23,23,849,3,1,19
233,825,173,34,31,851,9,5,166
234,826,174,33,31,851,9,5,132
235,827,172,34,30,851,9,5,106
236,825,174,35,30,851,9,5,61
237,826,173,35,30,851,9,5,43
238,827,174,33,30,851,9,5,27
248,830,171,28,36,851,9,5,27
256,828,179,31,32,851,9,5,27
258,828,182,30,31,851,9,5,29
261,825,183,29,30,851,9,5,28
262,823,185,31,29,851,9,5,30
263,823,186,32,29,851,9,5,32
264,823,187,31,29,851,9,5,34
265,826,186,30,30,851,9,5,39
266,826,185,32,31,851,9,5,45
267,825,187,33,32,851,9,5,51
268,824,188,34,31,851,9,5,51
269,823,188,36,31,851,9,5,50
270,822,189,36,31,851,9,5,49
271,822,191,34,30,851,9,5,41
272,821,190,33,31,851,9,5,31
273,819,189,35,31,851,9,5,26
274,819,191,34,29,851,9,5,22
275,818,191,37,31,851,9,5,20
276,818,190,37,31,851,9,5,11
277,818,191,36,30,851,9,5,11
278,818,190,36,31,851,9,5,19
279,818,189,37,33,851,9,5,21
280,818,188,38,35,851,9,5,22
281,816,187,41,36,851,9,5,14
282,817,188,41,34,851,9,5,16
283,818,190,38,32,851,9,5,25
284,816,191,39,33,851,9,5,29
285,815,192,41,34,851,9,5,40
286,814,191,41,35,851,9,5,44
287,813,191,41,37,851,9,5,57
288,813,192,42,38,851,9,5,59
289,812,191,42,38,851,9,5,59
290,812,194,41,36,851,9,5,56
291,811,193,42,38,851,9,5,53
292,811,193,43,39,851,9,5,49
293,810,196,45,37,851,9,5,44
294,811,196,44,37,851,9,5,41
295,810,195,45,39,851,9,5,39
296,808,197,47,39,851,9,5,39
297,809,198,46,39,851,9,5,37
298,809,199,41,38,851,9,5,38
299,807,200,45,39,851,9,5,41
300,805,204,46,36,851,9,5,46
301,805,199,47,44,851,9,5,51
302,803,203,49,42,851,9,5,55
303,804,204,48,43,851,9,5,58
304,801,200,50,49,851,9,5,61
305,798,206,51,43,851,9,5,61
306,799,208,49,45,851,9,5,61
307,798,216,49,38,851,9,5,60
308,794,211,54,45,851,9,5,60
309,796,215,51,44,851,9,5,60
310,793,214,54,46,851,9,5,59
311,792,220,56,42,851,9,5,61
312,790,219,56,46,851,9,5,60
313,789,220,56,49,851,9,5,60
314,786,221,57,47,851,9,5,60
315,783,223,58,49,851,9,5,62
316,780,224,59,51,851,9,5,64
317,779,225,58,53,851,9,5,64
318,775,227,62,54,851,9,5,65
319,773,228,62,56,851,9,5,66
320,771,230,64,59,851,9,5,67
321,766,233,69,58,851,9,5,66
322,764,236,69,58,851,9,5,67
323,763,239,69,60,851,9,5,68
324,760,241,71,64,851,9,5,68
325,756,243,74,64,851,9,5,68
326,754,247,74,66,851,9,5,70
327,749,250,77,69,851,9,5,72
328,743,255,80,71,851,9,5,72
329,740,255,81,75,851,9,5,72
330,735,262,84,73,851,9,5,73
331,729,265,88,77,851,9,5,74
332,723,272,88,80,851,9,5,73
333,719,274,91,83,851,9,5,73
334,715,278,94,88,851,9,5,74
335,706,286,102,89,851,9,5,76
336,703,292,103,93,851,9,5,76
337,695,299,106,96,851,9,5,75
338,690,306,108,101,851,9,5,75
339,680,310,115,107,851,9,5,75
340,672,319,120,111,851,9,5,74
341,663,326,128,117,851,9,5,74
342,651,336,137,123,851,9,5,74
343,644,345,141,132,851,9,5,74
344,628,358,151,138,851,9,5,74
345,614,372,161,145,851,9,5,75
346,603,387,166,151,851,9,5,75
347,583,402,181,164,851,9,5,75
348,566,419,191,174,851,9,5,75
349,551,441,201,188,851,9,5,75
350,527,468,216,198,851,9,5,75
351,503,490,232,224,851,9,5,75
352,473,519,251,245,851,9,5,75
353,433,562,282,263,851,9,5,75
354,398,604,303,298,851,9,5,74
355,349,654,338,345,851,9,5,73
356,293,716,372,360,851,9,5,71
357,219,784,428,291,851,9,5,70
358,180,875,443,201,851,9,5,70
239,778,190,32,26,853,3,0,16
240,777,190,33,25,853,3,0,24
241,778,190,33,25,853,3,0,29
242,776,191,34,26,853,3,0,35
243,777,191,34,26,853,3,0,33
244,775,191,35,26,853,3,0,33
245,775,190,36,27,853,3,0,34
246,775,191,37,28,853,3,0,37
247,772,192,35,26,853,3,0,39
248,771,193,33,28,853,3,0,41
249,770,193,36,28,853,3,0,41
250,768,192,37,29,853,3,0,35
251,767,192,38,28,853,3,0,29
252,768,192,37,27,853,3,0,19
253,768,193,36,28,853,3,0,17
254,768,192,36,28,853,3,0,14
255,767,193,35,30,853,3,0,16
256,767,194,36,29,853,3,0,21
257,763,194,39,28,853,3,0,27
258,762,196,38,27,853,3,0,35
259,761,196,38,28,853,3,0,30
260,761,193,38,31,853,3,0,27
261,758,193,39,31,853,3,0,22
262,758,193,40,32,853,3,0,27
263,756,194,42,31,853,3,0,28
264,753,194,45,33,853,3,0,31
265,753,196,42,31,853,3,0,34
266,753,195,42,31,853,3,0,40
267,751,194,45,34,853,3,0,46
268,750,195,43,35,853,3,0,48
269,750,196,41,34,853,3,0,48
270,747,195,43,36,853,3,0,48
271,745,196,42,36,853,3,0,49
272,744,197,43,34,853,3,0,47
273,740,197,46,36,853,3,0,45
274,740,199,43,35,853,3,0,47
275,740,198,43,37,853,3,0,49
276,734,202,47,36,853,3,0,55
277,734,204,45,34,853,3,0,57
278,731,209,45,33,853,3,0,61
279,727,208,46,35,853,3,0,62
280,728,210,45,35,853,3,0,60
281,725,209,47,36,853,3,0,59
282,722,212,50,34,853,3,0,54
283,718,217,48,32,853,3,0,54
284,716,218,49,31,853,3,0,52
285,712,219,49,33,853,3,0,56
286,708,219,50,37,853,3,0,58
287,706,229,46,29,853,3,0,62
288,703,229,47,30,853,3,0,65
289,700,230,47,34,853,3,0,69
290,695,229,53,36,853,3,0,70
291,691,229,54,40,853,3,0,69
292,688,229,55,43,853,3,0,68
293,682,231,58,43,853,3,0,66
294,678,233,58,43,853,3,0,65
295,675,235,59,44,853,3,0,62
296,671,239,60,44,853,3,0,63
297,667,242,59,44,853,3,0,63
298,662,243,61,48,853,3,0,65
299,655,245,64,49,853,3,0,68
300,649,249,66,49,853,3,0,70
301,643,252,69,52,853,3,0,73
302,636,256,71,52,853,3,0,72
303,630,259,73,55,853,3,0,73
304,624,264,73,54,853,3,0,73
305,615,267,76,56,853,3,0,74
306,607,271,80,60,853,3,0,75
307,600,275,82,62,853,3,0,75
308,591,280,87,65,853,3,0,76
309,581,285,89,68,853,3,0,77
310,573,291,91,70,853,3,0,77
311,562,298,95,70,853,3,0,78
312,552,304,95,75,853,3,0,78
313,541,311,102,80,853,3,0,78
314,528,319,106,81,853,3,0,77
315,514,326,110,86,853,3,0,77
316,498,337,117,86,853,3,0,77
317,483,346,121,93,853,3,0,76
318,465,356,129,98,853,3,0,76
319,447,368,132,101,853,3,0,75
320,427,380,142,110,853,3,0,77
321,406,393,150,117,853,3,0,77
322,380,410,161,125,853,3,0,77
323,352,426,171,134,853,3,0,77
324,322,445,181,144,853,3,0,77
325,287,469,197,152,853,3,0,76
326,247,493,212,167,853,3,0,76
327,202,521,230,183,853,3,0,75
328,148,552,254,201,853,3,0,75
329,87,590,275,225,853,3,0,74
330,14,635,306,248,853,3,0,74
331,0,691,272,282,853,3,0,74
332,1,739,214,331,853,3,0,74
333,0,828,145,247,853,3,0,74
269,1830,488,89,148,857,4,5,77
270,1771,458,147,198,857,4,5,77
271,1719,437,200,179,857,4,5,77
272,1671,417,246,170,857,4,5,77
273,1629,401,251,160,857,4,5,77
274,1590,385,236,151,857,4,5,77
275,1557,372,215,141,857,4,5,77
276,1524,361,205,133,857,4,5,76
277,1495,346,193,129,857,4,5,76
278,1470,337,181,123,857,4,5,76
279,1445,327,169,118,857,4,5,76
280,1423,319,162,112,857,4,5,76
281,1401,310,154,107,857,4,5,77
282,1380,303,148,102,857,4,5,78
283,1362,297,141,97,857,4,5,79
284,1345,289,135,94,857,4,5,79
285,1330,284,124,89,857,4,5,80
286,1312,278,125,87,857,4,5,79
287,1299,273,117,84,857,4,5,79
288,1284,270,115,79,857,4,5,78
289,1272,263,109,79,857,4,5,77
290,1259,260,105,75,857,4,5,77
291,1248,256,103,74,857,4,5,76
292,1239,252,97,71,857,4,5,77
293,1231,249,94,69,857,4,5,77
294,1219,244,92,68,857,4,5,77
295,1210,243,91,64,857,4,5,78
296,1202,241,86,62,857,4,5,78
297,1194,239,85,57,857,4,5,79
298,1186,237,81,57,857,4,5,80
299,1179,231,79,58,857,4,5,82
300,1171,229,77,53,857,4,5,83
301,1162,227,75,53,857,4,5,81
302,1156,225,74,53,857,4,5,80
303,1149,223,70,50,857,4,5,78
304,1142,222,70,51,857,4,5,74
305,1137,218,67,50,857,4,5,72
306,1131,215,68,51,857,4,5,68
307,1126,214,65,49,857,4,5,69
308,1123,214,62,48,857,4,5,72
309,1116,212,62,45,857,4,5,75
310,1114,212,58,41,857,4,5,76
311,1107,208,58,44,857,4,5,73
312,1104,206,58,45,857,4,5,71
313,1099,207,55,43,857,4,5,67
314,1093,206,57,43,857,4,5,61
315,1090,205,54,41,857,4,5,58
316,1084,203,54,42,857,4,5,56
317,1080,203,54,39,857,4,5,58
318,1077,202,51,39,857,4,5,59
319,1073,201,51,38,857,4,5,60
320,1070,200,49,38,857,4,5,60
321,1067,199,49,37,857,4,5,61
322,1063,198,49,39,857,4,5,64
323,1061,197,48,36,857,4,5,66
324,1057,198,47,35,857,4,5,68
325,1053,198,46,33,857,4,5,68
326,1051,197,46,32,857,4,5,68
327,1050,196,43,34,857,4,5,61
328,1045,196,44,32,857,4,5,56
329,1042,195,44,33,857,4,5,47
330,1039,195,42,32,857,4,5,44
331,1039,195,38,32,857,4,5,41
332,1037,195,38,30,857,4,5,41
333,1034,195,39,31,857,4,5,42
334,1033,193,36,32,857,4,5,47
335,1029,192,37,32,857,4,5,52
336,1025,192,38,29,857,4,5,55
337,1024,192,38,29,857,4,5,56
338,1021,191,38,30,857,4,5,58
339,1018,191,39,29,857,4,5,61
340,1016,190,39,28,857,4,5,59
341,1015,191,37,27,857,4,5,55
342,1016,190,34,28,857,4,5,50
343,1011,190,35,28,857,4,5,43
344,1008,190,35,28,857,4,5,33
345,1006,190,36,28,857,4,5,28
346,1005,189,34,28,857,4,5,30
347,1004,188,33,27,857,4,5,33
348,1002,188,35,27,857,4,5,34
349,1001,188,33,28,857,4,5,36
350,999,189,34,26,857,4,5,41
351,997,188,34,26,857,4,5,40
352,996,189,33,25,857,4,5,40
353,996,189,31,24,857,4,5,40
354,996,187,30,25,857,4,5,41
355,994,187,28,25,857,4,5,43
356,993,187,27,25,857,4,5,47
357,991,185,26,25,857,4,5,51
358,991,186,26,25,857,4,5,54
359,987,186,29,24,857,4,5,56
360,987,184,27,24,857,4,5,51
361,984,183,30,25,857,4,5,40
362,983,185,27,24,857,4,5,37
363,981,185,28,24,857,4,5,36
365,978,181,29,26,857,4,5,45
283,727,201,47,42,858,3,4,48
284,734,198,39,35,858,3,4,44
286,729,198,43,33,858,3,4,36
287,729,199,40,37,858,3,4,31
288,729,200,42,34,858,3,4,28
289,726,202,40,35,858,3,4,33
290,723,204,45,34,858,3,4,45
291,720,206,43,35,858,3,4,57
292,718,205,43,36,858,3,4,69
293,716,208,43,36,858,3,4,66
294,714,208,46,38,858,3,4,65
295,712,209,46,38,858,3,4,59
296,710,209,46,39,858,3,4,60
297,705,210,49,40,858,3,4,60
298,699,212,50,41,858,3,4,62
299,697,214,51,41,858,3,4,61
300,694,214,50,43,858,3,4,63
301,692,216,50,44,858,3,4,64
302,687,217,55,45,858,3,4,65
303,682,218,56,46,858,3,4,63
304,678,220,57,48,858,3,4,61
305,674,221,57,48,858,3,4,60
306,669,223,60,49,858,3,4,59
307,665,223,61,51,858,3,4,58
308,659,225,63,51,858,3,4,58
309,656,227,65,53,858,3,4,60
310,650,229,66,54,858,3,4,61
311,644,230,68,58,858,3,4,64
312,640,235,69,56,858,3,4,66
313,634,239,72,57,858,3,4,68
314,629,242,72,58,858,3,4,70
315,622,242,74,61,858,3,4,70
316,617,247,73,61,858,3,4,71
317,608,247,77,67,858,3,4,71
318,601,251,82,68,858,3,4,71
319,595,256,82,69,858,3,4,72
320,587,260,85,71,858,3,4,74
321,578,262,87,77,858,3,4,75
322,571,264,90,82,858,3,4,76
323,562,269,94,83,858,3,4,76
324,552,274,98,88,858,3,4,77
325,543,281,98,90,858,3,4,76
326,532,290,106,88,858,3,4,76
327,521,294,109,95,858,3,4,75
328,509,301,111,98,858,3,4,75
329,495,310,117,100,858,3,4,75
330,477,315,125,110,858,3,4,76
331,462,324,131,115,858,3,4,76
332,446,333,138,121,858,3,4,77
333,428,344,143,127,858,3,4,78
334,408,353,151,139,858,3,4,79
335,385,368,159,144,858,3,4,79
336,359,382,171,154,858,3,4,79
337,331,396,187,169,858,3,4,79
338,299,413,198,180,858,3,4,78
339,264,435,214,195,858,3,4,78
340,224,459,229,206,858,3,4,77
341,176,484,250,231,858,3,4,77
342,120,514,274,255,858,3,4,77
343,55,553,305,279,858,3,4,76
344,0,593,318,319,858,3,4,76
345,0,642,268,364,858,3,4,76
346,0,706,207,369,858,3,4,76
347,1,784,133,290,858,3,4,76
297,784,194,29,25,859,7,0,58
298,782,192,29,25,859,7,0,44
299,781,192,29,24,859,7,0,39
305,775,193,27,25,859,7,0,30
306,774,194,28,26,859,7,0,32
307,774,196,28,24,859,7,0,26
308,773,196,28,24,859,7,0,21
309,773,195,27,24,859,7,0,15
310,768,194,29,24,859,7,0,12
311,768,194,29,25,859,7,0,9
312,768,193,28,25,859,7,0,7
313,767,195,27,25,859,7,0,9
314,767,195,26,25,859,7,0,19
315,762,197,29,26,859,7,0,31
316,761,197,30,26,859,7,0,39
317,761,196,27,27,859,7,0,39
318,757,195,31,28,859,7,0,40
319,757,195,30,28,859,7,0,32
320,755,198,30,27,859,7,0,27
321,754,198,32,26,859,7,0,23
322,753,198,33,27,859,7,0,28
323,752,198,34,27,859,7,0,35
324,752,198,36,28,859,7,0,33
325,751,198,34,28,859,7,0,31
326,750,200,33,27,859,7,0,27
327,749,199,31,28,859,7,0,29
328,747,200,31,27,859,7,0,29
329,744,201,31,28,859,7,0,31
330,742,201,33,28,859,7,0,33
331,740,204,34,26,859,7,0,37
332,739,205,33,28,859,7,0,40
333,737,205,36,28,859,7,0,41
334,736,205,35,28,859,7,0,41
335,733,206,37,29,859,7,0,44
336,732,206,37,29,859,7,0,45
337,730,208,36,30,859,7,0,48
338,727,207,39,30,859,7,0,49
339,726,209,38,31,859,7,0,53
340,724,210,37,31,859,7,0,55
341,722,212,39,31,859,7,0,58
342,718,212,41,32,859,7,0,61
343,716,213,41,35,859,7,0,60
344,712,213,43,36,859,7,0,60
345,710,215,42,35,859,7,0,58
346,707,216,47,36,859,7,0,59
347,704,219,43,34,859,7,0,55
348,702,219,47,37,859,7,0,55
349,699,219,46,38,859,7,0,53
350,696,222,49,38,859,7,0,55
351,694,221,50,40,859,7,0,56
352,691,225,51,39,859,7,0,57
353,689,224,51,43,859,7,0,59
354,685,226,53,43,859,7,0,58
355,681,229,52,43,859,7,0,59
356,678,229,53,45,859,7,0,57
357,674,232,54,44,859,7,0,56
358,672,235,53,44,859,7,0,55
359,668,238,53,42,859,7,0,53
360,664,239,58,45,859,7,0,53
361,661,242,58,44,859,7,0,53
362,659,245,56,45,859,7,0,53
363,655,245,58,48,859,7,0,53
364,652,246,59,49,859,7,0,53
365,648,249,62,50,859,7,0,54
366,644,252,65,50,859,7,0,53
367,639,255,64,50,859,7,0,53
368,634,258,67,52,859,7,0,54
369,631,260,67,54,859,7,0,54
370,625,262,71,56,859,7,0,54
371,622,265,69,55,859,7,0,53
372,616,268,71,56,859,7,0,52
373,609,270,78,59,859,7,0,51
374,605,273,77,59,859,7,0,50
375,600,276,80,61,859,7,0,50
376,596,281,80,61,859,7,0,50
377,592,283,81,63,859,7,0,50
378,585,286,84,66,859,7,0,51
379,580,290,84,68,859,7,0,51
380,576,293,86,70,859,7,0,50
381,570,297,89,70,859,7,0,49
382,562,301,92,71,859,7,0,48
383,556,304,94,73,859,7,0,47
384,549,308,93,77,859,7,0,46
385,542,311,100,80,859,7,0,45
386,532,315,103,82,859,7,0,44
387,523,322,107,79,859,7,0,44
388,512,325,110,83,859,7,0,43
389,503,330,114,85,859,7,0,41
390,490,333,117,88,859,7,0,40
391,478,338,125,87,859,7,0,39
392,463,341,131,94,859,7,0,38
393,447,346,137,95,859,7,0,38
394,431,350,142,97,859,7,0,37
395,413,354,149,102,859,7,0,37
396,391,364,161,101,859,7,0,37
397,368,367,169,104,859,7,0,36
398,343,376,179,104,859,7,0,36
399,319,380,186,108,859,7,0,35
400,290,386,197,111,859,7,0,35
401,258,392,207,114,859,7,0,34
402,225,397,222,120,859,7,0,34
403,190,405,231,117,859,7,0,33
404,153,412,243,124,859,7,0,33
405,112,419,257,127,859,7,0,33
406,69,428,271,127,859,7,0,32
407,24,436,284,130,859,7,0,32
408,0,446,270,132,859,7,0,31
409,1,453,227,135,859,7,0,31
410,0,460,191,127,859,7,0,30
411,1,470,143,112,859,7,0,30
412,0,487,97,98,859,7,0,30
311,822,196,33,29,862,5,1,44
312,818,193,34,30,862,5,1,53
313,819,192,34,32,862,5,1,59
314,817,194,37,33,862,5,1,60
315,816,195,38,33,862,5,1,60
316,816,195,36,31,862,5,1,62
317,816,197,35,31,862,5,1,61
318,815,198,36,33,862,5,1,50
319,814,195,38,33,862,5,1,31
320,813,200,37,29,862,5,1,39
321,813,200,38,28,862,5,1,40
322,813,201,39,32,862,5,1,43
323,813,200,39,32,862,5,1,37
324,812,202,39,30,862,5,1,42
325,810,201,42,33,862,5,1,51
326,810,201,40,34,862,5,1,52
327,809,201,41,34,862,5,1,54
328,805,203,45,36,862,5,1,55
329,805,206,42,35,862,5,1,56
330,803,205,43,36,862,5,1,56
331,801,206,44,36,862,5,1,59
332,799,207,44,37,862,5,1,59
333,799,208,42,39,862,5,1,56
334,799,210,43,37,862,5,1,52
335,799,209,43,40,862,5,1,50
336,797,211,44,39,862,5,1,50
337,795,211,45,40,862,5,1,50
338,794,215,46,39,862,5,1,51
339,792,215,47,41,862,5,1,53
340,790,218,51,40,862,5,1,56
341,788,220,51,41,862,5,1,59
342,786,222,52,42,862,5,1,63
343,783,222,54,44,862,5,1,65
344,781,222,55,47,862,5,1,66
345,779,224,54,48,862,5,1,66
346,778,226,56,49,862,5,1,66
347,775,227,57,51,862,5,1,67
348,774,230,57,51,862,5,1,67
349,772,232,59,54,862,5,1,69
350,768,232,62,57,862,5,1,69
351,766,237,63,56,862,5,1,69
352,765,239,62,57,862,5,1,71
353,762,242,65,59,862,5,1,71
354,760,246,63,61,862,5,1,72
355,756,248,67,62,862,5,1,72
356,751,253,72,64,862,5,1,74
357,747,255,71,67,862,5,1,75
358,743,260,75,68,862,5,1,75
359,739,265,77,70,862,5,1,76
360,735,269,80,71,862,5,1,76
361,729,273,85,77,862,5,1,77
362,724,278,87,78,862,5,1,76
363,721,284,88,81,862,5,1,76
364,717,292,91,81,862,5,1,77
365,709,298,97,85,862,5,1,77
366,703,305,100,90,862,5,1,78
367,698,312,102,94,862,5,1,77
368,693,318,105,100,862,5,1,78
369,682,325,112,106,862,5,1,78
370,672,334,122,112,862,5,1,78
371,664,348,125,116,862,5,1,78
372,656,358,130,123,862,5,1,78
373,647,372,136,128,862,5,1,78
374,633,383,146,139,862,5,1,78
375,621,400,153,149,862,5,1,78
376,609,416,162,161,862,5,1,78
377,589,438,175,173,862,5,1,78
378,569,460,188,188,862,5,1,79
379,548,484,204,209,862,5,1,79
380,520,505,223,240,862,5,1,79
381,490,548,243,257,862,5,1,78
382,456,591,264,289,862,5,1,78
383,409,640,297,332,862,5,1,77
384,352,709,335,366,862,5,1,76
385,287,786,380,288,862,5,1,76
386,258,893,378,183,862,5,1,75
314,1795,697,124,194,863,9,0,94
315,1704,626,214,227,863,9,0,94
316,1626,573,293,206,863,9,0,94
317,1559,532,284,179,863,9,0,94
318,1503,494,255,164,863,9,0,94
319,1456,465,230,147,863,9,0,94
320,1415,439,210,135,863,9,0,94
321,1381,418,189,125,863,9,0,93
322,1349,398,176,119,863,9,0,93
323,1320,383,165,109,863,9,0,93
324,1300,366,148,101,863,9,0,93
325,1273,354,142,96,863,9,0,93
326,1269,342,116,90,863,9,0,94
327,1232,332,126,83,863,9,0,95
328,1217,320,118,82,863,9,0,94
329,1201,310,111,78,863,9,0,94
330,1192,302,99,77,863,9,0,93
331,1171,296,102,72,863,9,0,93
332,1160,290,96,68,863,9,0,93
333,1149,284,92,63,863,9,0,92
334,1138,277,90,63,863,9,0,92
335,1133,273,82,59,863,9,0,91
336,1122,268,81,57,863,9,0,92
337,1114,263,78,56,863,9,0,91
338,1105,260,77,52,863,9,0,90
339,1102,257,70,49,863,9,0,89
340,1091,250,71,51,863,9,0,89
341,1084,245,68,51,863,9,0,89
342,1079,242,65,50,863,9,0,89
343,1072,240,65,47,863,9,0,90
344,1068,238,61,43,863,9,0,90
345,1062,234,62,43,863,9,0,89
346,1057,230,61,44,863,9,0,88
347,1054,230,56,42,863,9,0,86
348,1049,229,57,39,863,9,0,83
349,1047,226,53,39,863,9,0,80
350,1041,225,54,37,863,9,0,77
351,1037,222,53,37,863,9,0,77
352,1033,220,52,36,863,9,0,77
353,1030,218,51,36,863,9,0,76
354,1024,217,51,34,863,9,0,74
355,1022,216,50,34,863,9,0,75
356,1020,216,45,32,863,9,0,74
357,1015,212,45,32,863,9,0,74
358,1012,213,45,31,863,9,0,73
359,1010,210,45,31,863,9,0,74
360,1008,209,43,29,863,9,0,76
361,1005,207,40,30,863,9,0,73
362,1005,207,39,28,863,9,0,70
363,1003,207,38,27,863,9,0,64
364,998,206,39,29,863,9,0,60
365,997,205,38,28,863,9,0,55
366,991,205,42,27,863,9,0,51
367,990,203,42,28,863,9,0,53
368,987,202,41,27,863,9,0,57
369,987,201,35,26,863,9,0,60
370,977,196,42,31,863,9,0,60
371,979,197,39,30,863,9,0,60
372,976,196,39,30,863,9,0,59
373,974,192,36,32,863,9,0,55
374,973,193,36,31,863,9,0,50
375,970,191,37,32,863,9,0,46
376,969,190,35,32,863,9,0,44
377,968,191,35,30,863,9,0,45
378,969,191,34,30,863,9,0,46
379,968,190,32,29,863,9,0,47
380,966,188,32,30,863,9,0,47
381,966,185,29,33,863,9,0,47
382,964,188,30,29,863,9,0,48
383,962,187,31,29,863,9,0,47
384,962,188,28,27,863,9,0,45
385,958,187,29,27,863,9,0,36
386,958,187,28,28,863,9,0,30
387,957,187,27,29,863,9,0,22
388,955,186,27,29,863,9,0,19
389,956,186,25,28,863,9,0,20
390,955,185,25,29,863,9,0,28
391,955,184,24,27,863,9,0,37
392,954,184,24,27,863,9,0,47
393,954,182,24,29,863,9,0,52
395,953,180,23,28,863,9,0,58
396,950,180,25,29,863,9,0,59
397,948,180,26,29,863,9,0,59
336,1793,494,126,182,867,8,5,78
337,1734,466,185,168,867,8,5,78
338,1683,443,235,157,867,8,5,78
339,1635,425,219,145,867,8,5,79
340,1594,408,202,135,867,8,5,80
341,1556,389,187,127,867,8,5,81
342,1522,376,174,120,867,8,5,80
343,1492,364,161,114,867,8,5,80
344,1462,352,153,108,867,8,5,81
345,1435,339,145,104,867,8,5,81
346,1411,330,138,97,867,8,5,82
347,1390,321,129,93,867,8,5,83
348,1369,312,124,89,867,8,5,84
349,1351,305,118,84,867,8,5,84
350,1335,299,110,81,867,8,5,84
351,1318,291,105,78,867,8,5,84
352,1300,288,104,72,867,8,5,85
353,1287,281,99,70,867,8,5,85
354,1274,274,94,68,867,8,5,85
355,1262,271,89,66,867,8,5,84
356,1247,266,88,62,867,8,5,84
357,1240,263,81,61,867,8,5,82
358,1226,259,81,59,867,8,5,81
359,1217,255,77,58,867,8,5,81
360,1207,251,75,56,867,8,5,80
361,1198,247,72,55,867,8,5,80
362,1188,244,71,54,867,8,5,79
363,1181,241,70,53,867,8,5,80
364,1174,239,65,50,867,8,5,81
365,1168,235,65,49,867,8,5,81
366,1162,233,62,47,867,8,5,80
367,1154,232,60,45,867,8,5,79
368,1148,229,58,45,867,8,5,78
369,1142,226,56,46,867,8,5,76
370,1137,226,53,43,867,8,5,76
371,1129,223,54,41,867,8,5,77
372,1124,220,53,41,867,8,5,78
373,1118,220,52,38,867,8,5,80
374,1111,216,52,39,867,8,5,79
375,1107,215,52,38,867,8,5,76
376,1104,216,48,37,867,8,5,70
377,1098,213,48,37,867,8,5,65
378,1095,213,46,37,867,8,5,60
379,1089,210,48,37,867,8,5,60
380,1085,209,46,37,867,8,5,60
381,1081,207,45,35,867,8,5,62
382,1077,205,44,36,867,8,5,63
383,1076,206,40,34,867,8,5,62
384,1070,205,41,34,867,8,5,61
385,1065,203,42,34,867,8,5,59
386,1062,202,40,35,867,8,5,57
387,1057,201,41,33,867,8,5,57
388,1054,202,39,31,867,8,5,59
389,1051,201,39,30,867,8,5,61
390,1049,202,37,28,867,8,5,61
391,1047,200,37,28,867,8,5,57
392,1043,200,37,28,867,8,5,55
393,1043,199,35,29,867,8,5,50
394,1040,198,34,28,867,8,5,44
395,1037,197,33,28,867,8,5,37
396,1033,198,32,29,867,8,5,38
397,1030,197,32,28,867,8,5,46
398,1025,196,34,28,867,8,5,47
399,1024,195,33,28,867,8,5,41
400,1021,194,34,29,867,8,5,37
401,1018,194,34,28,867,8,5,37
402,1018,195,31,26,867,8,5,37
403,1015,195,30,26,867,8,5,35
404,1014,194,29,27,867,8,5,36
405,1014,192,28,27,867,8,5,38
406,1012,190,27,28,867,8,5,36
407,1006,191,31,27,867,8,5,34
408,1006,191,30,27,867,8,5,37
409,1004,192,29,27,867,8,5,42
410,1002,192,28,24,867,8,5,46
411,1001,190,28,25,867,8,5,39
412,1000,190,25,25,867,8,5,33
413,997,190,26,27,867,8,5,37
414,996,190,24,25,867,8,5,47
415,995,190,24,24,867,8,5,51
416,994,189,23,24,867,8,5,45
417,993,189,22,23,867,8,5,40
418,992,189,23,23,867,8,5,41
419,991,189,24,23,867,8,5,43
420,990,189,23,22,867,8,5,43
343,819,183,27,30,868,5,0,8
344,819,186,25,29,868,5,0,11
345,819,188,26,27,868,5,0,14
346,819,189,26,26,868,5,0,24
347,820,190,25,24,868,5,0,32
348,820,188,24,24,868,5,0,40
349,820,187,25,24,868,5,0,36
350,820,188,25,24,868,5,0,30
351,821,190,25,24,868,5,0,21
352,821,188,25,25,868,5,0,21
353,820,191,26,24,868,5,0,31
354,819,190,26,25,868,5,0,38
355,818,191,27,25,868,5,0,43
356,818,190,25,25,868,5,0,46
357,817,192,25,26,868,5,0,52
358,814,193,28,26,868,5,0,57
359,814,194,28,25,868,5,0,48
360,813,193,28,26,868,5,0,43
361,813,193,28,26,868,5,0,37
362,813,193,28,25,868,5,0,32
363,813,194,28,27,868,5,0,25
364,813,192,30,28,868,5,0,17
365,813,192,31,28,868,5,0,16
366,814,192,31,28,868,5,0,15
367,813,191,32,30,868,5,0,15
368,812,191,33,29,868,5,0,20
369,811,191,32,31,868,5,0,25
370,810,195,31,28,868,5,0,34
371,810,195,32,28,868,5,0,38
372,808,195,33,29,868,5,0,41
373,808,196,34,29,868,5,0,40
374,807,196,34,29,868,5,0,39
375,807,196,33,30,868,5,0,39
376,808,196,33,32,868,5,0,39
377,809,197,33,32,868,5,0,40
378,808,197,34,31,868,5,0,42
379,808,197,33,33,868,5,0,46
380,809,199,33,33,868,5,0,46
381,807,200,35,32,868,5,0,45
382,807,201,35,31,868,5,0,46
383,806,203,37,31,868,5,0,51
384,805,205,39,31,868,5,0,53
385,803,207,40,31,868,5,0,55
386,802,206,40,32,868,5,0,55
387,802,208,39,32,868,5,0,58
388,799,209,42,32,868,5,0,58
389,801,208,39,35,868,5,0,54
390,800,209,42,35,868,5,0,52
391,800,211,40,34,868,5,0,47
392,800,215,40,32,868,5,0,47
393,798,217,42,30,868,5,0,45
394,797,218,42,31,868,5,0,47
395,795,220,46,31,868,5,0,50
396,791,220,48,33,868,5,0,53
397,789,222,50,34,868,5,0,56
398,789,222,52,36,868,5,0,58
399,786,225,50,34,868,5,0,60
400,784,226,50,36,868,5,0,62
401,783,227,51,38,868,5,0,63
402,780,228,51,40,868,5,0,64
403,780,230,50,41,868,5,0,64
404,778,231,54,41,868,5,0,63
405,776,234,53,41,868,5,0,62
406,772,232,56,45,868,5,0,60
407,770,237,57,43,868,5,0,59
408,767,240,60,44,868,5,0,60
409,765,242,60,46,868,5,0,62
410,764,244,60,47,868,5,0,63
411,761,247,59,47,868,5,0,65
412,757,251,61,47,868,5,0,67
413,753,254,64,50,868,5,0,68
414,748,255,67,52,868,5,0,68
415,745,257,68,56,868,5,0,68
416,742,263,68,55,868,5,0,69
417,739,268,69,54,868,5,0,68
418,735,272,71,55,868,5,0,69
419,731,276,75,58,868,5,0,69
420,726,280,78,61,868,5,0,70
421,722,286,79,61,868,5,0,70
422,716,292,83,62,868,5,0,71
423,711,295,83,66,868,5,0,72
424,703,303,89,68,868,5,0,73
425,699,308,89,72,868,5,0,74
426,692,314,92,77,868,5,0,74
427,681,320,101,81,868,5,0,74
428,674,328,102,82,868,5,0,74
429,667,340,103,83,868,5,0,73
430,659,345,106,90,868,5,0,72
431,650,355,110,94,868,5,0,71
432,641,366,117,98,868,5,0,71
433,626,379,126,102,868,5,0,71
434,614,391,131,107,868,5,0,72
435,601,403,139,117,868,5,0,72
436,587,419,145,123,868,5,0,72
437,571,436,151,133,868,5,0,72
438,551,456,163,142,868,5,0,72
439,530,477,174,154,868,5,0,72
440,508,504,184,162,868,5,0,72
441,480,533,199,179,868,5,0,72
442,449,567,218,196,868,5,0,72
443,414,604,236,219,868,5,0,72
444,371,651,260,245,868,5,0,72
445,322,706,290,281,868,5,0,71
446,261,774,322,303,868,5,0,70
447,196,857,359,218,868,5,0,70
448,169,956,348,120,868,5,0,70
425,790,195,22,23,872,4,0,25
426,788,196,24,23,872,4,0,38
427,786,196,24,23,872,4,0,46
428,786,197,23,25,872,4,0,47
429,784,198,25,24,872,4,0,36
431,782,197,26,23,872,4,0,21
432,782,195,26,22,872,4,0,15
433,782,196,27,22,872,4,0,14
434,781,196,29,23,872,4,0,18
435,781,195,29,22,872,4,0,20
436,778,195,32,23,872,4,0,27
437,778,195,32,24,872,4,0,32
438,777,196,30,25,872,4,0,36
439,776,196,30,25,872,4,0,41
440,777,196,28,24,872,4,0,46
441,776,198,30,27,872,4,0,57
442,774,199,30,26,872,4,0,49
443,773,199,30,25,872,4,0,41
444,773,198,30,25,872,4,0,31
445,772,199,30,25,872,4,0,25
446,772,199,30,25,872,4,0,19
447,771,200,31,25,872,4,0,12
448,769,199,32,24,872,4,0,11
449,768,200,32,24,872,4,0,9
450,767,201,31,23,872,4,0,13
451,766,202,30,23,872,4,0,13
452,764,202,33,25,872,4,0,20
453,763,202,32,25,872,4,0,25
454,761,203,33,25,872,4,0,35
455,759,202,33,26,872,4,0,38
456,756,203,34,27,872,4,0,40
457,755,202,37,28,872,4,0,39
458,754,202,37,28,872,4,0,33
459,752,204,38,27,872,4,0,33
460,751,205,36,25,872,4,0,32
461,750,207,36,25,872,4,0,37
462,749,208,37,25,872,4,0,39
463,747,206,37,27,872,4,0,42
464,744,207,39,28,872,4,0,46
465,743,211,39,25,872,4,0,47
466,741,210,39,28,872,4,0,50
467,739,210,39,29,872,4,0,52
468,736,212,40,30,872,4,0,58
469,734,212,40,29,872,4,0,62
470,732,212,42,33,872,4,0,65
471,731,212,41,34,872,4,0,67
472,726,213,44,35,872,4,0,66
473,724,215,43,35,872,4,0,64
474,722,217,44,34,872,4,0,58
475,719,218,46,34,872,4,0,55
476,718,221,44,33,872,4,0,52
477,716,219,45,36,872,4,0,55
478,712,221,48,38,872,4,0,58
479,709,221,49,43,872,4,0,63
480,706,227,49,38,872,4,0,67
481,702,227,51,41,872,4,0,70
482,698,230,50,41,872,4,0,71
483,693,233,53,40,872,4,0,69
484,690,235,52,41,872,4,0,66
485,685,235,56,44,872,4,0,64
486,680,240,58,42,872,4,0,65
487,675,243,59,43,872,4,0,67
488,671,245,61,46,872,4,0,68
489,668,247,60,48,872,4,0,70
490,660,249,64,49,872,4,0,71
491,656,254,63,49,872,4,0,73
492,649,256,65,52,872,4,0,74
493,642,260,69,55,872,4,0,75
494,636,264,70,56,872,4,0,75
495,626,268,75,58,872,4,0,77
496,619,273,75,58,872,4,0,79
497,609,281,78,60,872,4,0,80
498,600,285,82,62,872,4,0,81
499,589,290,86,68,872,4,0,82
500,578,296,89,72,872,4,0,84
501,568,303,91,73,872,4,0,84
502,557,310,94,78,872,4,0,85
503,541,319,101,81,872,4,0,84
504,529,329,105,84,872,4,0,84
505,514,335,109,90,872,4,0,83
506,498,348,116,92,872,4,0,83
507,480,357,121,104,872,4,0,83
508,457,369,131,109,872,4,0,83
509,435,385,136,113,872,4,0,83
510,408,402,146,122,872,4,0,84
511,379,419,155,133,872,4,0,85
512,346,443,168,143,872,4,0,85
513,310,467,181,155,872,4,0,85
514,268,494,195,171,872,4,0,85
515,219,527,214,186,872,4,0,85
516,161,563,238,209,872,4,0,84
517,94,611,263,231,872,4,0,83
518,13,664,297,265,872,4,0,82
519,0,734,254,306,872,4,0,82
520,0,823,183,254,872,4,0,81
426,1797,478,122,182,873,6,1,93
427,1732,446,187,169,873,6,1,93
428,1675,424,241,159,873,6,1,93
429,1625,405,219,146,873,6,1,92
430,1581,388,203,134,873,6,1,92
431,1541,373,188,126,873,6,1,90
432,1505,357,177,119,873,6,1,90
433,1473,345,164,115,873,6,1,89
434,1443,335,154,107,873,6,1,89
435,1418,322,145,104,873,6,1,89
436,1392,313,138,98,873,6,1,89
437,1370,306,129,92,873,6,1,90
438,1351,296,122,88,873,6,1,91
439,1329,292,116,82,873,6,1,92
440,1310,284,113,79,873,6,1,91
441,1292,279,109,76,873,6,1,91
442,1277,273,103,75,873,6,1,90
443,1263,267,98,71,873,6,1,90
444,1248,264,95,66,873,6,1,89
445,1235,259,93,65,873,6,1,89
446,1224,256,88,62,873,6,1,88
447,1212,251,87,61,873,6,1,87
448,1203,246,82,61,873,6,1,87
449,1191,244,82,58,873,6,1,85
450,1183,239,79,57,873,6,1,85
451,1174,237,75,55,873,6,1,84
452,1166,236,71,52,873,6,1,85
453,1157,233,70,50,873,6,1,86
454,1148,229,67,49,873,6,1,85
455,1140,226,66,49,873,6,1,83
456,1134,225,64,48,873,6,1,80
457,1128,223,61,47,873,6,1,80
458,1123,220,60,46,873,6,1,79
459,1117,218,58,44,873,6,1,82
460,1109,215,60,45,873,6,1,84
461,1105,212,57,43,873,6,1,85
462,1101,213,55,40,873,6,1,83
463,1096,212,53,41,873,6,1,79
464,1092,211,53,39,873,6,1,75
465,1085,208,54,40,873,6,1,68
466,1081,208,53,39,873,6,1,64
467,1077,206,50,40,873,6,1,64
468,1074,204,45,39,873,6,1,65
469,1068,205,47,35,873,6,1,66
470,1063,200,47,40,873,6,1,64
471,1060,200,45,38,873,6,1,64
472,1056,200,47,36,873,6,1,63
473,1052,200,44,37,873,6,1,60
474,1049,199,44,35,873,6,1,57
475,1044,198,46,35,873,6,1,56
476,1041,197,46,36,873,6,1,55
477,1040,197,43,34,873,6,1,57
478,1038,196,42,35,873,6,1,58
479,1037,194,40,35,873,6,1,63
480,1035,194,38,33,873,6,1,66
481,1030,195,41,33,873,6,1,69
482,1027,194,41,33,873,6,1,72
483,1024,193,41,32,873,6,1,63
484,1021,193,41,33,873,6,1,49
485,1020,193,40,32,873,6,1,40
486,1016,192,39,33,873,6,1,40
487,1015,192,38,31,873,6,1,43
488,1015,193,35,29,873,6,1,41
489,1011,193,38,29,873,6,1,40
490,1011,192,34,29,873,6,1,37
491,1008,191,36,30,873,6,1,33
492,1008,191,35,31,873,6,1,35
493,1005,190,35,30,873,6,1,43
494,1005,189,32,30,873,6,1,55
495,1002,189,33,28,873,6,1,55
496,1001,188,31,28,873,6,1,60
497,999,189,30,28,873,6,1,60
498,997,190,30,26,873,6,1,60
499,995,189,29,25,873,6,1,60
500,994,189,33,26,873,6,1,50
501,993,189,30,24,873,6,1,54
502,992,189,31,24,873,6,1,49
503,992,188,30,24,873,6,1,48
504,992,188,27,24,873,6,1,48
505,992,188,26,25,873,6,1,37
506,990,187,27,24,873,6,1,34
507,989,188,26,25,873,6,1,22
508,987,187,27,25,873,6,1,18
509,985,187,28,24,873,6,1,15
510,984,186,26,25,873,6,1,12
511,982,187,28,24,873,6,1,20
512,982,186,25,24,873,6,1,28
513,981,186,27,24,873,6,1,39
514,980,185,24,24,873,6,1,42
515,978,185,23,23,873,6,1,39
516,978,185,22,23,873,6,1,31
517,976,184,22,25,873,6,1,22
518,975,185,23,24,873,6,1,15
519,976,185,23,24,873,6,1,12
520,975,185,22,24,873,6,1,10
521,975,183,22,24,873,6,1,15
522,974,183,21,24,873,6,1,22
523,973,183,22,24,873,6,1,26
524,969,182,24,24,873,6,1,36
525,970,183,23,24,873,6,1,37
526,968,182,23,24,873,6,1,47
465,1838,514,81,138,874,5,1,78
466,1769,477,149,184,874,5,1,78
467,1711,447,209,169,874,5,1,78
468,1656,427,236,158,874,5,1,79
469,1611,409,220,148,874,5,1,81
470,1565,389,205,137,874,5,1,83
471,1529,375,188,129,874,5,1,83
472,1493,362,179,122,874,5,1,83
473,1465,350,165,115,874,5,1,84
474,1455,339,138,109,874,5,1,84
475,1414,327,145,103,874,5,1,85
476,1388,319,137,97,874,5,1,86
477,1369,308,127,95,874,5,1,87
478,1347,302,126,88,874,5,1,88
479,1329,297,118,82,874,5,1,87
480,1311,287,113,83,874,5,1,87
481,1294,281,110,80,874,5,1,86
482,1277,276,105,77,874,5,1,85
483,1264,272,101,72,874,5,1,84
484,1256,267,90,70,874,5,1,84
485,1236,262,93,68,874,5,1,84
486,1223,258,92,65,874,5,1,84
487,1214,254,86,64,874,5,1,84
488,1203,250,84,62,874,5,1,84
489,1196,246,81,60,874,5,1,84
490,1187,243,77,58,874,5,1,84
491,1180,239,75,57,874,5,1,84
492,1171,237,74,55,874,5,1,84
493,1164,236,71,52,874,5,1,86
494,1157,232,68,51,874,5,1,86
495,1152,229,63,48,874,5,1,85
496,1144,226,64,50,874,5,1,83
497,1135,223,64,50,874,5,1,82
498,1130,224,62,45,874,5,1,81
499,1124,221,59,45,874,5,1,79
500,1118,217,59,46,874,5,1,79
501,1112,215,58,44,874,5,1,80
502,1107,214,57,43,874,5,1,81
503,1104,213,54,41,874,5,1,78
504,1101,211,51,41,874,5,1,74
505,1096,212,51,40,874,5,1,70
506,1091,209,51,40,874,5,1,67
507,1087,208,51,40,874,5,1,64
508,1083,206,50,39,874,5,1,64
509,1079,205,47,38,874,5,1,66
510,1076,204,44,37,874,5,1,68
511,1073,203,43,35,874,5,1,70
512,1067,202,45,36,874,5,1,67
513,1064,201,44,35,874,5,1,68
514,1062,200,41,37,874,5,1,66
515,1057,199,41,35,874,5,1,66
516,1055,201,41,31,874,5,1,65
517,1051,199,42,32,874,5,1,64
518,1048,198,42,32,874,5,1,65
519,1048,198,39,30,874,5,1,64
520,1044,198,41,32,874,5,1,64
521,1042,197,39,31,874,5,1,63
522,1040,195,38,32,874,5,1,56
523,1038,194,36,31,874,5,1,47
524,1033,194,36,32,874,5,1,43
525,1031,195,34,30,874,5,1,48
526,1027,194,36,30,874,5,1,50
527,1025,194,35,28,874,5,1,44
528,1023,194,34,29,874,5,1,40
529,1022,193,33,29,874,5,1,47
530,1019,192,34,30,874,5,1,50
531,1018,192,34,27,874,5,1,44
532,1016,191,33,29,874,5,1,38
533,1016,191,33,29,874,5,1,40
534,1014,191,31,29,874,5,1,51
535,1012,189,30,29,874,5,1,47
536,1009,189,32,27,874,5,1,51
537,1006,190,32,27,874,5,1,50
538,1005,189,30,27,874,5,1,62
539,1002,188,31,28,874,5,1,56
540,1001,189,28,26,874,5,1,49
541,1001,189,27,26,874,5,1,41
542,998,189,27,24,874,5,1,35
543,998,188,25,25,874,5,1,32
544,997,189,26,26,874,5,1,26
545,996,189,25,24,874,5,1,25
546,997,188,23,24,874,5,1,23
547,996,189,23,24,874,5,1,19
549,993,189,24,22,874,5,1,26
550,992,187,23,24,874,5,1,28
551,990,187,24,24,874,5,1,36
580,1882,453,37,67,878,4,0,29
581,1845,442,75,88,878,4,0,29
582,1806,428,114,108,878,4,0,29
583,1762,426,157,115,878,4,0,29
584,1715,426,204,116,878,4,0,29
585,1671,425,249,120,878,4,0,29
586,1622,428,297,118,878,4,0,29
587,1572,427,328,120,878,4,0,29
588,1520,428,334,121,878,4,0,29
589,1466,429,346,123,878,4,0,29
590,1407,431,354,122,878,4,0,29
591,1347,432,360,124,878,4,0,30
592,1290,431,363,129,878,4,0,30
593,1225,432,369,128,878,4,0,31
594,1158,432,379,135,878,4,0,32
595,1090,435,381,134,878,4,0,33
596,1017,436,388,136,878,4,0,34
597,945,440,393,137,878,4,0,35
598,870,444,398,136,878,4,0,35
599,794,447,402,140,878,4,0,36
600,716,451,408,140,878,4,0,36
601,632,453,416,144,878,4,0,36
602,554,457,412,146,878,4,0,36
603,471,462,416,148,878,4,0,36
604,388,468,414,146,878,4,0,36
605,303,471,413,149,878,4,0,36
606,216,477,414,149,878,4,0,36
607,129,481,412,151,878,4,0,35
608,45,486,410,152,878,4,0,35
609,0,492,366,153,878,4,0,34
610,1,500,279,138,878,4,0,33
611,0,505,191,137,878,4,0,33
612,1,516,106,130,878,4,0,32
612,1870,380,49,80,879,9,1,28
613,1836,376,84,80,879,9,1,28
614,1800,356,118,97,879,9,1,28
615,1765,353,153,99,879,9,1,28
616,1732,347,188,110,879,9,1,28
617,1698,344,220,112,879,9,1,28
618,1668,342,252,110,879,9,1,28
619,1634,340,265,108,879,9,1,27
620,1607,334,256,110,879,9,1,27
621,1576,333,253,107,879,9,1,27
622,1550,327,248,108,879,9,1,28
623,1523,325,239,106,879,9,1,28
624,1498,321,236,105,879,9,1,28
625,1475,318,226,104,879,9,1,28
626,1454,315,218,104,879,9,1,28
627,1435,311,210,101,879,9,1,29
628,1419,309,201,101,879,9,1,29
629,1401,305,194,99,879,9,1,30
630,1387,303,185,97,879,9,1,31
631,1375,299,176,96,879,9,1,31
632,1362,296,167,93,879,9,1,32
633,1351,294,159,93,879,9,1,32
634,1338,292,153,91,879,9,1,33
635,1327,289,145,90,879,9,1,33
636,1318,285,139,89,879,9,1,33
637,1308,282,135,88,879,9,1,33
638,1299,281,128,86,879,9,1,33
639,1291,279,124,83,879,9,1,35
640,1285,276,118,83,879,9,1,36
641,1279,273,113,81,879,9,1,37
642,1272,272,112,78,879,9,1,37
643,1266,268,109,79,879,9,1,37
644,1261,268,105,76,879,9,1,38
645,1255,264,101,76,879,9,1,38
646,1248,262,101,74,879,9,1,39
647,1242,259,97,74,879,9,1,39
648,1236,257,96,72,879,9,1,40
649,1229,254,95,72,879,9,1,41
650,1224,253,91,70,879,9,1,42
651,1218,251,90,68,879,9,1,43
652,1213,249,87,66,879,9,1,43
653,1206,247,88,67,879,9,1,43
654,1202,246,85,65,879,9,1,44
655,1198,245,83,62,879,9,1,46
656,1196,242,79,62,879,9,1,46
657,1191,240,79,60,879,9,1,47
658,1185,238,79,61,879,9,1,48
659,1181,235,78,60,879,9,1,48
660,1176,233,76,60,879,9,1,48
661,1173,233,73,58,879,9,1,47
662,1166,232,75,56,879,9,1,48
663,1162,230,72,55,879,9,1,49
664,1157,228,69,54,879,9,1,51
665,1152,227,70,53,879,9,1,52
666,1149,225,66,51,879,9,1,52
667,1144,223,68,53,879,9,1,51
668,1137,222,69,52,879,9,1,49
669,1136,222,65,50,879,9,1,48
670,1134,219,62,51,879,9,1,46
671,1130,217,61,50,879,9,1,47
672,1125,216,63,49,879,9,1,48
673,1123,215,60,48,879,9,1,51
674,1120,213,57,48,879,9,1,55
675,1118,213,55,46,879,9,1,57
676,1109,210,59,46,879,9,1,58
677,1107,210,57,44,879,9,1,58
678,1102,209,58,44,879,9,1,56
679,1100,209,53,42,879,9,1,54
680,1097,208,53,43,879,9,1,50
681,1093,207,51,42,879,9,1,48
682,1091,205,50,44,879,9,1,46
683,1087,205,52,41,879,9,1,46
684,1083,204,50,41,879,9,1,45
685,1081,204,49,39,879,9,1,45
686,1078,204,47,39,879,9,1,48
687,1074,203,49,38,879,9,1,49
688,1073,201,47,38,879,9,1,50
689,1066,200,51,38,879,9,1,47
690,1064,199,48,39,879,9,1,46
691,1061,197,46,39,879,9,1,47
692,1060,198,45,39,879,9,1,49
693,1057,197,42,36,879,9,1,52
694,1055,197,41,35,879,9,1,53
695,1051,197,41,34,879,9,1,57
696,1048,197,41,34,879,9,1,60
697,1046,195,43,34,879,9,1,60
698,1043,195,42,33,879,9,1,58
699,1041,195,42,32,879,9,1,53
700,1041,194,39,32,879,9,1,49
701,1040,195,38,31,879,9,1,43
702,1037,194,36,32,879,9,1,38
703,1036,194,35,31,879,9,1,30
704,1032,193,35,32,879,9,1,25
705,1032,192,36,33,879,9,1,26
706,1027,191,40,33,879,9,1,29
707,1024,190,37,31,879,9,1,36
708,1023,191,36,30,879,9,1,41
709,1020,192,37,29,879,9,1,47
710,1021,192,34,27,879,9,1,51
711,1018,191,36,28,879,9,1,46
712,1016,191,37,29,879,9,1,47
713,1016,188,35,31,879,9,1,40
714,1016,188,33,29,879,9,1,39
715,1013,188,33,30,879,9,1,26
716,1011,189,33,28,879,9,1,23
717,1007,189,35,30,879,9,1,20
718,1006,190,35,28,879,9,1,22
719,1006,189,32,27,879,9,1,24
720,1002,189,34,26,879,9,1,23
721,1001,189,33,25,879,9,1,28
722,1000,190,31,25,879,9,1,24
723,1000,188,30,27,879,9,1,22
724,997,189,30,28,879,9,1,14
725,995,188,30,27,879,9,1,11
726,994,188,29,26,879,9,1,8
727,995,188,28,27,879,9,1,8
728,995,188,27,26,879,9,1,20
729,994,187,26,26,879,9,1,28
730,992,187,25,25,879,9,1,34
731,992,187,25,26,879,9,1,35
732,990,186,27,25,879,9,1,42
733,991,186,24,24,879,9,1,50
734,986,186,26,24,879,9,1,49
735,985,186,24,23,879,9,1,46
738,979,185,25,23,879,9,1,40
741,977,184,23,26,879,9,1,37
751,967,183,24,23,879,9,1,35
626,0,668,93,150,882,9,1,19
627,0,654,150,166,882,9,1,19
628,0,619,210,199,882,9,1,19
629,0,608,270,208,882,9,1,19
630,1,604,329,210,882,9,1,19
631,0,599,393,222,882,9,1,19
632,0,598,461,219,882,9,1,19
633,6,595,516,222,882,9,1,19
634,66,592,521,223,882,9,1,19
635,129,587,525,225,882,9,1,19
636,195,583,529,227,882,9,1,19
637,263,577,525,225,882,9,1,19
638,330,576,528,223,882,9,1,20
639,404,571,527,224,882,9,1,20
640,476,567,526,223,882,9,1,21
641,552,562,519,223,882,9,1,21
642,618,559,527,222,882,9,1,22
643,690,553,526,222,882,9,1,22
644,766,551,520,219,882,9,1,23
645,844,548,514,220,882,9,1,23
646,916,544,510,218,882,9,1,24
647,988,541,509,218,882,9,1,24
648,1063,537,498,215,882,9,1,24
649,1135,535,492,213,882,9,1,25
650,1207,534,485,208,882,9,1,25
651,1279,530,481,207,882,9,1,25
652,1346,524,474,209,882,9,1,25
653,1418,526,460,203,882,9,1,25
654,1492,522,427,201,882,9,1,25
655,1560,523,358,196,882,9,1,25
656,1629,519,289,198,882,9,1,25
657,1692,519,227,191,882,9,1,25
658,1757,518,163,188,882,9,1,25
659,1819,519,101,156,882,9,1,25
632,1859,397,61,67,884,3,1,32
633,1819,376,100,84,884,3,1,32
634,1779,369,141,89,884,3,1,32
635,1735,366,184,95,884,3,1,32
636,1696,362,221,96,884,3,1,32
637,1658,358,235,97,884,3,1,31
638,1622,357,228,93,884,3,1,31
639,1588,356,226,89,884,3,1,30
640,1554,347,223,96,884,3,1,30
641,1523,343,219,93,884,3,1,31
642,1494,339,215,91,884,3,1,31
643,1466,335,207,91,884,3,1,31
644,1443,332,198,89,884,3,1,31
645,1421,330,190,88,884,3,1,31
646,1400,325,183,88,884,3,1,31
647,1379,321,178,88,884,3,1,31
648,1365,318,165,87,884,3,1,31
649,1347,313,160,85,884,3,1,32
650,1336,312,150,82,884,3,1,33
651,1324,308,142,80,884,3,1,34
652,1312,307,135,78,884,3,1,34
653,1302,304,128,78,884,3,1,34
654,1294,300,121,78,884,3,1,34
655,1284,296,119,76,884,3,1,34
656,1279,294,112,74,884,3,1,35
657,1271,292,107,71,884,3,1,36
658,1266,289,104,71,884,3,1,37
659,1263,286,98,70,884,3,1,37
660,1255,282,98,71,884,3,1,37
661,1246,279,97,70,884,3,1,36
662,1243,277,92,69,884,3,1,37
663,1240,276,87,66,884,3,1,36
664,1234,273,87,65,884,3,1,37
665,1228,271,84,66,884,3,1,37
666,1224,269,82,62,884,3,1,38
667,1217,266,83,62,884,3,1,39
668,1216,266,79,60,884,3,1,41
669,1209,262,80,59,884,3,1,43
670,1205,259,78,58,884,3,1,44
671,1202,258,75,56,884,3,1,45
672,1200,257,72,55,884,3,1,44
673,1194,254,74,55,884,3,1,44
674,1189,251,72,56,884,3,1,44
675,1185,250,71,54,884,3,1,43
676,1180,248,70,52,884,3,1,43
677,1176,245,69,53,884,3,1,43
678,1172,244,67,52,884,3,1,45
679,1169,243,66,50,884,3,1,48
680,1162,240,65,49,884,3,1,49
681,1157,236,65,49,884,3,1,49
682,1157,236,60,49,884,3,1,48
683,1151,235,62,48,884,3,1,49
684,1148,234,63,47,884,3,1,49
685,1147,233,58,44,884,3,1,47
686,1141,230,59,46,884,3,1,45
687,1138,228,57,46,884,3,1,45
688,1136,227,56,46,884,3,1,46
689,1132,224,55,46,884,3,1,47
690,1126,225,55,44,884,3,1,48
691,1124,223,54,43,884,3,1,50
692,1120,222,52,41,884,3,1,52
693,1115,221,52,40,884,3,1,54
694,1110,220,53,40,884,3,1,56
695,1107,218,52,39,884,3,1,59
696,1105,217,51,37,884,3,1,59
697,1102,217,50,36,884,3,1,56
698,1098,215,48,36,884,3,1,55
699,1097,214,48,37,884,3,1,51
700,1094,214,48,35,884,3,1,48
701,1092,212,47,37,884,3,1,44
702,1087,211,47,36,884,3,1,42
703,1084,212,45,33,884,3,1,42
704,1083,210,42,34,884,3,1,41
705,1079,209,42,34,884,3,1,47
706,1076,209,41,34,884,3,1,50
707,1072,206,42,32,884,3,1,56
708,1069,206,42,32,884,3,1,56
709,1065,205,41,32,884,3,1,56
710,1061,206,43,30,884,3,1,58
711,1061,203,39,32,884,3,1,54
712,1057,202,38,31,884,3,1,51
713,1055,203,40,30,884,3,1,44
714,1056,204,37,28,884,3,1,42
715,1051,204,38,27,884,3,1,42
716,1049,202,38,28,884,3,1,41
717,1047,201,37,28,884,3,1,42
718,1043,200,40,30,884,3,1,43
719,1038,199,40,30,884,3,1,47
720,1038,199,37,29,884,3,1,52
721,1038,198,34,28,884,3,1,49
722,1035,198,35,26,884,3,1,49
723,1032,197,35,28,884,3,1,47
724,1031,197,31,28,884,3,1,50
725,1028,196,32,28,884,3,1,48
726,1026,197,32,27,884,3,1,41
727,1025,196,32,27,884,3,1,34
728,1025,196,32,26,884,3,1,26
729,1023,196,31,27,884,3,1,28
730,1022,196,30,27,884,3,1,32
731,1022,195,28,26,884,3,1,31
732,1020,195,28,26,884,3,1,23
733,1017,196,28,27,884,3,1,17
734,1016,195,27,27,884,3,1,20
735,1016,195,26,25,884,3,1,25
736,1012,194,27,25,884,3,1,29
737,1011,193,22,25,884,3,1,36
738,1008,192,26,25,884,3,1,42
739,1007,191,25,26,884,3,1,49
740,1006,192,25,26,884,3,1,51
741,1004,190,24,25,884,3,1,52
742,1003,191,25,24,884,3,1,52
743,1002,190,23,25,884,3,1,43
744,1001,190,22,23,884,3,1,38
745,1000,191,22,25,884,3,1,25
746,999,190,22,24,884,3,1,23
747,998,191,22,24,884,3,1,19
750,984,187,29,25,884,3,1,24
754,974,185,35,25,884,3,1,31
755,968,183,34,25,884,3,1,39
757,965,183,36,24,884,3,1,45
758,964,182,38,24,884,3,1,45
760,965,182,36,24,884,3,1,45
646,1,645,111,187,886,9,1,23
647,0,628,179,202,886,9,1,23
648,0,589,251,239,886,9,1,23
649,2,584,320,241,886,9,1,23
650,1,582,398,237,886,9,1,23
651,0,582,472,250,886,9,1,23
652,2,574,544,255,886,9,1,23
653,2,569,624,257,886,9,1,23
654,78,566,629,257,886,9,1,23
655,156,563,631,255,886,9,1,23
656,242,556,628,255,886,9,1,24
657,325,549,630,256,886,9,1,24
658,410,545,627,256,886,9,1,24
659,496,538,623,256,886,9,1,24
660,574,533,628,256,886,9,1,25
661,660,531,617,251,886,9,1,25
662,746,526,613,248,886,9,1,26
663,828,521,604,247,886,9,1,26
664,907,516,601,246,886,9,1,26
665,985,513,593,243,886,9,1,27
666,1062,509,585,239,886,9,1,27
667,1144,506,569,235,886,9,1,27
668,1217,502,561,234,886,9,1,27
669,1293,502,549,227,886,9,1,27
670,1366,500,534,224,886,9,1,27
671,1441,497,476,221,886,9,1,26
672,1507,494,413,219,886,9,1,26
673,1576,494,342,214,886,9,1,25
674,1643,493,276,211,886,9,1,24
675,1707,490,212,209,886,9,1,23
676,1769,495,151,179,886,9,1,22
650,1867,396,53,66,887,9,3,30
651,1820,370,99,88,887,9,3,30
652,1777,362,143,93,887,9,3,30
653,1733,356,186,101,887,9,3,30
654,1692,354,226,103,887,9,3,30
655,1653,352,247,100,887,9,3,30
656,1615,349,244,98,887,9,3,30
657,1582,345,239,98,887,9,3,30
658,1547,340,237,99,887,9,3,30
659,1518,336,229,96,887,9,3,31
660,1488,331,219,97,887,9,3,31
661,1461,327,211,96,887,9,3,32
662,1437,324,202,95,887,9,3,32
663,1414,319,195,94,887,9,3,33
664,1395,316,184,93,887,9,3,33
665,1377,311,174,92,887,9,3,34
666,1363,308,164,91,887,9,3,34
667,1350,305,154,88,887,9,3,35
668,1339,303,145,84,887,9,3,35
669,1328,300,139,84,887,9,3,36
670,1320,296,130,84,887,9,3,36
671,1313,294,122,80,887,9,3,36
672,1304,291,118,79,887,9,3,36
673,1299,286,111,81,887,9,3,36
674,1290,285,110,77,887,9,3,37
675,1285,283,103,75,887,9,3,37
676,1278,279,101,76,887,9,3,36
677,1270,276,99,75,887,9,3,36
678,1265,274,95,73,887,9,3,37
679,1263,271,90,73,887,9,3,37
680,1256,269,90,70,887,9,3,38
681,1247,267,91,69,887,9,3,39
682,1245,266,86,67,887,9,3,40
683,1239,264,86,66,887,9,3,40
684,1236,261,83,65,887,9,3,41
685,1229,260,84,64,887,9,3,41
686,1225,258,81,61,887,9,3,41
687,1221,256,79,61,887,9,3,40
688,1216,254,79,61,887,9,3,41
689,1216,254,73,59,887,9,3,42
690,1204,250,78,58,887,9,3,42
691,1202,248,75,58,887,9,3,43
692,1199,245,71,57,887,9,3,43
693,1194,245,70,56,887,9,3,43
694,1192,243,66,56,887,9,3,42
695,1185,242,69,54,887,9,3,42
696,1181,240,67,54,887,9,3,41
697,1178,238,66,53,887,9,3,41
698,1176,237,64,53,887,9,3,41
699,1172,236,62,51,887,9,3,42
700,1170,234,62,50,887,9,3,43
701,1167,232,58,51,887,9,3,43
702,1161,231,61,49,887,9,3,45
703,1156,229,62,49,887,9,3,45
704,1154,227,59,48,887,9,3,44
705,1151,227,57,48,887,9,3,42
706,1146,225,57,48,887,9,3,41
707,1143,224,55,47,887,9,3,39
708,1140,224,54,46,887,9,3,38
709,1135,223,57,45,887,9,3,39
710,1132,222,55,44,887,9,3,42
711,1129,219,56,44,887,9,3,46
712,1128,218,52,43,887,9,3,51
713,1124,217,53,42,887,9,3,54
714,1123,215,51,41,887,9,3,57
715,1120,216,49,40,887,9,3,57
716,1116,214,51,39,887,9,3,55
717,1114,212,49,40,887,9,3,50
718,1110,212,51,40,887,9,3,45
719,1106,212,51,39,887,9,3,41
720,1104,210,47,39,887,9,3,37
721,1101,209,47,40,887,9,3,35
722,1099,209,45,40,887,9,3,34
723,1096,206,45,40,887,9,3,38
724,1093,207,45,38,887,9,3,40
725,1088,204,49,39,887,9,3,41
726,1087,205,45,37,887,9,3,43
727,1085,204,44,38,887,9,3,43
728,1081,203,45,37,887,9,3,47
729,1080,203,44,36,887,9,3,48
730,1077,202,42,34,887,9,3,49
731,1074,201,44,34,887,9,3,49
732,1074,201,39,34,887,9,3,52
733,1068,201,41,35,887,9,3,55
734,1065,200,41,33,887,9,3,56
735,1062,200,40,32,887,9,3,48
736,1060,200,40,31,887,9,3,45
737,1057,200,39,32,887,9,3,46
738,1054,200,39,31,887,9,3,49
739,1052,199,38,30,887,9,3,48
740,1051,199,36,30,887,9,3,43
741,1048,198,38,30,887,9,3,41
742,1047,198,37,30,887,9,3,39
743,1044,197,39,30,887,9,3,37
744,1044,196,35,30,887,9,3,35
745,1041,196,36,29,887,9,3,32
746,1039,196,37,29,887,9,3,34
747,1037,196,36,30,887,9,3,35
748,1036,196,34,28,887,9,3,31
749,1034,196,31,28,887,9,3,26
750,1031,196,32,30,887,9,3,19
751,1027,194,35,29,887,9,3,22
752,1026,195,34,28,887,9,3,20
753,1025,194,32,28,887,9,3,23
754,1023,194,36,28,887,9,3,31
755,1024,193,32,28,887,9,3,41
756,1021,192,34,28,887,9,3,51
757,1020,192,33,27,887,9,3,49
758,1021,191,29,28,887,9,3,48
759,1020,191,29,27,887,9,3,45
760,1020,192,27,26,887,9,3,39
761,1017,191,27,26,887,9,3,31
762,1015,192,26,26,887,9,3,23
763,1011,193,28,24,887,9,3,27
764,1011,191,27,26,887,9,3,27
765,1009,191,26,24,887,9,3,27
766,1006,192,27,24,887,9,3,28
767,1005,191,28,25,887,9,3,35
768,1004,189,28,26,887,9,3,45
769,1004,190,26,24,887,9,3,40
770,1004,190,27,24,887,9,3,37
771,1004,190,26,23,887,9,3,32
772,1002,189,24,24,887,9,3,32
773,1001,188,25,24,887,9,3,29
774,1001,189,23,23,887,9,3,26
775,998,188,27,24,887,9,3,24
776,997,188,22,23,887,9,3,23
778,996,188,22,24,887,9,3,21
690,0,655,151,182,894,4,5,32
691,2,612,247,222,894,4,5,32
692,1,608,352,221,894,4,5,32
693,0,602,458,237,894,4,5,32
694,0,597,564,242,894,4,5,32
695,73,590,600,243,894,4,5,32
696,183,583,599,243,894,4,5,32
697,290,579,600,241,894,4,5,32
698,404,571,598,241,894,4,5,32
699,514,563,596,243,894,4,5,32
700,620,556,595,241,894,4,5,33
701,730,548,588,242,894,4,5,33
702,839,544,581,235,894,4,5,34
703,945,539,574,232,894,4,5,34
704,1053,535,560,228,894,4,5,35
705,1160,529,541,227,894,4,5,35
706,1258,527,532,219,894,4,5,36
707,1355,523,519,213,894,4,5,36
708,1456,517,462,213,894,4,5,36
709,1547,515,373,210,894,4,5,35
710,1637,513,281,204,894,4,5,35
711,1724,511,195,201,894,4,5,35
727,927,183,20,26,900,4,0,2
728,927,182,21,25,900,4,0,1
729,927,182,21,25,900,4,0,2
732,927,182,22,25,900,4,0,1
733,927,182,21,26,900,4,0,3
734,927,182,21,25,900,4,0,2
735,927,183,20,25,900,4,0,3
729,1878,479,41,80,902,4,5,28
730,1839,469,80,101,902,4,5,28
731,1799,437,121,144,902,4,5,28
732,1759,432,161,151,902,4,5,28
733,1718,433,202,153,902,4,5,28
734,1676,433,244,156,902,4,5,28
735,1634,432,284,159,902,4,5,28
736,1588,433,331,162,902,4,5,28
737,1543,435,376,164,902,4,5,28
738,1497,439,420,164,902,4,5,28
739,1450,440,436,166,902,4,5,28
740,1405,440,440,172,902,4,5,29
741,1359,442,447,157,902,4,5,31
742,1346,445,415,138,902,4,5,32
743,1266,444,454,113,902,4,5,35
744,1215,450,427,184,902,4,5,38
745,1162,453,472,190,902,4,5,41
746,1111,458,484,195,902,4,5,42
747,1054,463,497,197,902,4,5,39
748,1012,468,489,202,902,4,5,35
749,962,476,494,205,902,4,5,31
750,908,479,501,212,902,4,5,29
751,854,486,509,219,902,4,5,29
752,799,490,517,228,902,4,5,28
753,746,499,523,236,902,4,5,28
754,690,507,532,245,902,4,5,28
755,635,518,539,250,902,4,5,28
756,577,531,548,256,902,4,5,28
757,521,540,555,267,902,4,5,28
758,462,553,564,278,902,4,5,28
759,403,567,572,289,902,4,5,28
760,339,583,586,298,902,4,5,28
761,277,603,594,304,902,4,5,28
762,212,617,604,320,902,4,5,27
763,146,638,620,334,902,4,5,27
764,82,659,626,346,902,4,5,26
765,12,681,643,363,902,4,5,26
766,0,704,601,374,902,4,5,25
767,4,729,538,349,902,4,5,25
768,0,756,485,323,902,4,5,24
769,1,782,427,295,902,4,5,23
770,0,813,370,262,902,4,5,22
771,1,849,305,226,902,4,5,21
772,2,887,244,190,902,4,5,21
773,1,934,184,142,902,4,5,21
731,0,635,129,197,903,6,5,45
732,0,583,279,247,903,6,5,45
733,2,575,430,246,903,6,5,45
734,1,566,587,268,903,6,5,45
735,39,556,707,272,903,6,5,45
736,190,550,711,267,903,6,5,45
737,342,536,715,271,903,6,5,46
738,498,529,710,266,903,6,5,46
739,654,518,696,264,903,6,5,47
740,802,514,688,260,903,6,5,48
741,952,509,666,250,903,6,5,49
742,1095,498,650,251,903,6,5,49
743,1234,496,619,241,903,6,5,49
744,1369,496,550,232,903,6,5,49
745,1493,491,426,227,903,6,5,48
746,1616,488,303,223,903,6,5,48
747,1729,524,189,176,903,6,5,48
770,928,180,23,28,906,4,0,31
771,928,180,23,27,906,4,0,24
774,928,180,23,26,906,4,0,20
775,928,181,24,26,906,4,0,12
776,928,181,22,25,906,4,0,10
777,927,181,28,26,906,4,0,7
778,927,181,29,26,906,4,0,6
779,927,181,31,25,906,4,0,6
781,926,181,25,25,906,4,0,8
782,926,181,26,26,906,4,0,7
783,928,182,22,26,906,4,0,6
785,928,181,23,25,906,4,0,3
786,929,181,23,26,906,4,0,2
787,929,181,22,25,906,4,0,2
788,928,181,23,26,906,4,0,3
789,928,181,23,26,906,4,0,13
790,927,181,24,28,906,4,0,17
791,926,180,24,29,906,4,0,27
792,925,180,24,28,906,4,0,23
793,925,181,25,28,906,4,0,23
794,924,181,26,27,906,4,0,16
795,925,180,25,27,906,4,0,13
796,926,180,23,28,906,4,0,15
797,927,180,23,28,906,4,0,18
798,927,180,22,26,906,4,0,21
799,928,180,23,26,906,4,0,18
800,928,180,25,26,906,4,0,19
801,927,180,25,26,906,4,0,15
802,928,180,25,26,906,4,0,24
803,927,178,23,29,906,4,0,18
804,928,177,23,32,906,4,0,18
829,925,173,27,33,906,4,0,8
835,923,173,28,34,906,4,0,6
836,922,173,30,35,906,4,0,4
837,923,173,29,35,906,4,0,3
839,923,176,31,32,906,4,0,3
840,924,177,34,30,906,4,0,5
841,923,177,34,30,906,4,0,10
842,923,176,31,30,906,4,0,14
843,923,176,29,30,906,4,0,15
844,923,176,30,30,906,4,0,12
845,923,177,29,30,906,4,0,10
846,924,177,26,31,906,4,0,11
847,924,176,27,32,906,4,0,12
848,923,176,28,31,906,4,0,18
849,922,175,29,32,906,4,0,18
850,923,173,26,35,906,4,0,18
851,923,173,26,35,906,4,0,13
852,925,174,24,34,906,4,0,13
800,1860,386,60,74,907,4,5,23
801,1819,362,100,92,907,4,5,23
802,1779,355,139,97,907,4,5,23
803,1738,352,181,98,907,4,5,23
804,1699,344,220,113,907,4,5,23
805,1661,340,254,113,907,4,5,24
806,1623,338,284,111,907,4,5,25
807,1589,336,280,108,907,4,5,27
808,1558,334,271,104,907,4,5,28
809,1531,332,263,101,907,4,5,29
810,1503,325,257,105,907,4,5,29
811,1479,323,273,101,907,4,5,30
812,1457,320,239,99,907,4,5,31
813,1438,316,228,99,907,4,5,31
814,1419,312,218,99,907,4,5,31
815,1403,308,209,97,907,4,5,32
816,1387,305,196,95,907,4,5,32
817,1374,302,185,94,907,4,5,32
818,1360,299,176,92,907,4,5,33
819,1349,295,167,92,907,4,5,34
820,1340,294,158,88,907,4,5,34
821,1330,290,148,87,907,4,5,35
822,1322,287,142,87,907,4,5,35
823,1312,286,137,83,907,4,5,36
824,1306,283,130,82,907,4,5,36
825,1296,280,128,81,907,4,5,36
826,1289,274,123,84,907,4,5,36
827,1282,272,119,82,907,4,5,36
828,1275,270,116,79,907,4,5,38
829,1265,268,117,78,907,4,5,39
830,1258,266,112,74,907,4,5,40
831,1251,264,108,74,907,4,5,41
832,1245,263,105,71,907,4,5,41
833,1238,261,101,70,907,4,5,42
834,1232,260,98,68,907,4,5,42
835,1224,256,99,68,907,4,5,42
836,1217,254,97,66,907,4,5,42
837,1214,252,93,67,907,4,5,42
838,1207,249,93,64,907,4,5,44
839,1203,248,90,64,907,4,5,45
840,1199,246,86,61,907,4,5,45
841,1194,244,84,61,907,4,5,45
842,1189,244,84,59,907,4,5,44
843,1185,241,80,59,907,4,5,44
844,1180,240,79,58,907,4,5,43
845,1174,239,79,56,907,4,5,42
846,1171,238,76,55,907,4,5,42
847,1166,237,75,53,907,4,5,44
848,1162,234,74,53,907,4,5,46
849,1158,233,72,52,907,4,5,47
850,1154,229,71,54,907,4,5,48
851,1151,230,70,50,907,4,5,49
852,1148,228,68,50,907,4,5,49
853,1146,228,66,48,907,4,5,47
854,1141,225,67,49,907,4,5,45
855,1138,224,65,50,907,4,5,43
856,1135,222,64,49,907,4,5,43
857,1130,221,64,48,907,4,5,42
858,1127,219,63,48,907,4,5,43
859,1125,219,61,47,907,4,5,45
860,1120,217,59,45,907,4,5,48
861,1117,216,59,45,907,4,5,51
862,1113,215,58,44,907,4,5,53
863,1110,214,57,42,907,4,5,56
864,1107,212,56,43,907,4,5,55
865,1103,210,56,43,907,4,5,54
866,1100,211,55,42,907,4,5,50
867,1098,210,54,41,907,4,5,48
868,1096,210,52,41,907,4,5,44
869,1092,209,54,40,907,4,5,42
870,1090,208,52,41,907,4,5,41
871,1086,206,52,41,907,4,5,43
872,1083,207,52,39,907,4,5,45
873,1082,206,48,38,907,4,5,46
874,1079,204,47,39,907,4,5,47
875,1075,204,49,38,907,4,5,47
876,1073,202,45,38,907,4,5,46
877,1070,202,46,37,907,4,5,42
878,1068,202,46,37,907,4,5,41
879,1065,200,46,38,907,4,5,41
880,1063,199,44,37,907,4,5,43
881,1059,198,45,37,907,4,5,44
882,1058,199,43,34,907,4,5,45
883,1055,198,43,35,907,4,5,45
884,1053,198,44,35,907,4,5,45
885,1049,199,45,33,907,4,5,46
886,1050,198,41,32,907,4,5,44
887,1049,198,39,31,907,4,5,42
888,1046,197,41,31,907,4,5,41
889,1044,196,42,32,907,4,5,40
890,1043,196,38,31,907,4,5,38
891,1039,196,39,31,907,4,5,35
892,1038,195,37,31,907,4,5,34
893,1038,195,36,30,907,4,5,33
894,1037,194,36,30,907,4,5,34
895,1032,196,38,29,907,4,5,35
896,1030,195,39,29,907,4,5,33
897,1028,194,38,30,907,4,5,27
898,1026,194,39,30,907,4,5,20
899,1026,193,36,31,907,4,5,19
900,1023,191,37,32,907,4,5,20
901,1020,190,37,32,907,4,5,25
902,1019,190,36,32,907,4,5,30
903,1017,190,36,30,907,4,5,39
904,1016,190,35,28,907,4,5,45
905,1015,190,34,27,907,4,5,51
906,1013,190,32,28,907,4,5,56
907,1013,190,31,27,907,4,5,50
908,1011,190,31,28,907,4,5,39
909,1008,189,33,29,907,4,5,23
910,1006,190,33,27,907,4,5,19
911,1003,190,34,28,907,4,5,16
912,1004,188,31,28,907,4,5,21
913,1001,188,33,28,907,4,5,21
914,1001,189,30,26,907,4,5,32
915,999,188,32,28,907,4,5,37
916,999,188,29,26,907,4,5,44
917,996,188,30,26,907,4,5,43
918,996,188,30,26,907,4,5,41
919,994,188,31,25,907,4,5,41
920,996,188,26,24,907,4,5,40
921,994,188,27,24,907,4,5,39
922,993,187,25,24,907,4,5,37
923,994,187,25,23,907,4,5,37
924,992,187,24,23,907,4,5,39
925,991,187,25,23,907,4,5,40
926,989,185,25,23,907,4,5,39
927,986,185,27,24,907,4,5,37
928,985,185,27,24,907,4,5,35
929,982,185,29,23,907,4,5,36
930,982,184,28,24,907,4,5,35
931,979,183,28,24,907,4,5,33
932,978,184,28,23,907,4,5,28
933,978,184,26,23,907,4,5,26
934,978,184,24,23,907,4,5,24
935,975,184,24,23,907,4,5,19
936,975,183,22,23,907,4,5,16
937,975,184,23,23,907,4,5,11
938,974,182,24,24,907,4,5,12
939,974,183,23,24,907,4,5,10
870,840,163,22,29,909,6,1,30
871,841,163,21,28,909,6,1,31
875,843,166,21,27,909,6,1,32
876,842,166,21,27,909,6,1,36
877,842,166,21,28,909,6,1,40
878,842,169,21,26,909,6,1,43
879,842,168,21,27,909,6,1,45
880,842,169,20,27,909,6,1,45
881,842,169,20,27,909,6,1,40
882,842,169,20,27,909,6,1,30
887,840,169,22,26,909,6,1,18
888,838,168,23,28,909,6,1,12
889,839,168,23,27,909,6,1,11
890,839,167,23,29,909,6,1,12
891,838,167,23,31,909,6,1,23
892,838,167,22,31,909,6,1,26
893,837,168,24,29,909,6,1,31
894,837,169,25,28,909,6,1,21
895,838,169,24,28,909,6,1,17
896,838,169,24,28,909,6,1,10
897,838,170,25,28,909,6,1,8
898,838,171,24,27,909,6,1,11
900,832,171,32,27,909,6,1,18
904,833,173,28,27,909,6,1,26
905,833,173,29,28,909,6,1,29
906,833,173,28,28,909,6,1,31
907,833,174,28,28,909,6,1,32
908,830,173,30,29,909,6,1,30
909,829,173,32,29,909,6,1,27
910,829,172,33,30,909,6,1,23
911,830,173,33,29,909,6,1,21
914,832,171,30,28,909,6,1,22
915,828,170,33,34,909,6,1,23
916,825,171,37,33,909,6,1,27
917,824,172,37,33,909,6,1,28
918,824,173,37,33,909,6,1,43
919,825,173,35,32,909,6,1,41
920,825,175,35,29,909,6,1,39
921,825,175,35,29,909,6,1,18
922,825,176,35,28,909,6,1,12
924,825,177,36,28,909,6,1,8
925,825,177,36,28,909,6,1,10
926,825,176,35,30,909,6,1,16
927,824,176,37,30,909,6,1,22
928,824,176,36,31,909,6,1,22
929,824,177,36,30,909,6,1,18
930,823,172,39,34,909,6,1,11
931,822,172,39,34,909,6,1,7
932,822,170,39,35,909,6,1,6
933,822,170,39,36,909,6,1,7
934,823,172,37,36,909,6,1,18
935,823,176,36,32,909,6,1,31
936,824,179,35,31,909,6,1,46
937,824,180,35,30,909,6,1,53
938,823,178,36,31,909,6,1,56
939,823,179,36,31,909,6,1,55
940,821,180,36,31,909,6,1,43
941,822,180,35,31,909,6,1,31
942,821,178,38,33,909,6,1,26
943,821,177,39,33,909,6,1,30
944,821,177,39,35,909,6,1,32
945,821,178,38,35,909,6,1,34
946,820,178,39,35,909,6,1,42
947,819,176,40,39,909,6,1,57
948,818,175,42,42,909,6,1,70
949,819,177,40,39,909,6,1,70
950,817,185,40,34,909,6,1,79
951,818,184,38,34,909,6,1,68
952,816,184,39,35,909,6,1,60
953,816,182,39,36,909,6,1,38
954,815,183,41,35,909,6,1,26
955,816,184,40,35,909,6,1,21
956,816,185,40,34,909,6,1,16
957,816,186,40,33,909,6,1,19
958,815,186,40,34,909,6,1,19
959,814,184,43,37,909,6,1,19
960,814,190,40,30,909,6,1,14
961,814,189,42,31,909,6,1,14
962,814,187,42,33,909,6,1,14
963,812,188,43,34,909,6,1,15
964,812,188,42,34,909,6,1,17
965,811,186,44,37,909,6,1,21
966,811,187,44,36,909,6,1,25
967,808,188,46,35,909,6,1,27
968,807,188,48,36,909,6,1,28
969,807,189,48,36,909,6,1,28
970,806,187,50,38,909,6,1,29
971,806,186,51,41,909,6,1,34
972,806,187,48,39,909,6,1,39
973,805,189,48,39,909,6,1,42
974,804,190,48,38,909,6,1,43
975,803,190,48,39,909,6,1,44
976,802,190,46,39,909,6,1,48
977,802,192,43,40,909,6,1,51
978,801,190,49,41,909,6,1,52
979,800,194,46,39,909,6,1,52
980,802,194,46,39,909,6,1,53
981,802,193,45,41,909,6,1,46
982,802,193,46,41,909,6,1,45
983,802,188,47,46,909,6,1,42
984,802,194,42,44,909,6,1,49
985,799,193,48,46,909,6,1,52
986,799,192,52,47,909,6,1,55
987,800,199,48,43,909,6,1,58
988,799,196,47,47,909,6,1,56
989,798,196,52,46,909,6,1,53
990,799,190,52,53,909,6,1,49
991,798,189,55,56,909,6,1,46
992,798,189,54,56,909,6,1,41
993,799,194,53,53,909,6,1,39
994,799,193,56,53,909,6,1,39
995,799,200,53,49,909,6,1,39
996,800,202,53,48,909,6,1,40
997,800,195,57,55,909,6,1,39
998,800,197,57,55,909,6,1,39
999,800,199,56,53,909,6,1,38
1000,803,196,55,56,909,6,1,38
1001,803,195,54,61,909,6,1,38
1002,803,197,54,59,909,6,1,37
1003,804,218,54,39,909,6,1,38
1004,805,216,54,44,909,6,1,39
1005,804,214,59,47,909,6,1,39
1006,806,218,59,44,909,6,1,40
1007,810,220,57,44,909,6,1,41
1008,811,218,59,48,909,6,1,43
1009,814,223,58,46,909,6,1,44
1010,815,219,59,49,909,6,1,45
1011,817,221,61,51,909,6,1,45
1012,817,220,63,52,909,6,1,43
1013,820,225,63,49,909,6,1,40
1014,823,224,64,51,909,6,1,38
1015,824,223,66,53,909,6,1,36
1016,825,223,67,55,909,6,1,37
1017,827,223,68,58,909,6,1,37
1018,830,226,68,58,909,6,1,38
1019,831,225,69,59,909,6,1,36
1020,832,223,70,63,909,6,1,36
1021,834,227,72,60,909,6,1,35
1022,836,228,72,61,909,6,1,32
1023,839,228,74,63,909,6,1,30
1024,842,229,72,62,909,6,1,29
1025,843,230,75,64,909,6,1,31
1026,845,232,74,64,909,6,1,31
1027,846,233,75,66,909,6,1,34
1028,847,234,76,67,909,6,1,36
1029,849,236,76,68,909,6,1,37
1030,850,237,76,69,909,6,1,37
1031,851,238,77,70,909,6,1,37
1032,852,241,81,68,909,6,1,37
1033,853,242,80,72,909,6,1,37
1034,855,243,81,73,909,6,1,36
1035,857,242,81,77,909,6,1,34
1036,858,247,79,73,909,6,1,34
1037,860,247,81,74,909,6,1,34
1038,862,250,79,76,909,6,1,34
1039,863,249,80,79,909,6,1,31
1040,862,251,82,79,909,6,1,30
1041,862,253,82,78,909,6,1,29
1042,862,254,85,80,909,6,1,30
1043,863,256,83,80,909,6,1,30
1044,863,256,85,85,909,6,1,30
1045,863,259,86,85,909,6,1,30
1046,863,256,87,90,909,6,1,30
1047,863,258,88,91,909,6,1,30
1048,863,259,91,91,909,6,1,29
1049,864,264,89,90,909,6,1,28
1050,865,269,90,88,909,6,1,26
1051,865,271,91,88,909,6,1,25
1052,867,272,91,89,909,6,1,25
1053,866,272,93,92,909,6,1,25
1054,865,273,95,94,909,6,1,25
1055,866,273,94,98,909,6,1,25
1056,867,280,96,93,909,6,1,24
1057,867,285,96,90,909,6,1,24
1058,866,285,98,93,909,6,1,23
1059,866,285,99,96,909,6,1,21
1060,866,284,99,98,909,6,1,19
1061,866,285,102,99,909,6,1,19
1062,866,285,102,102,909,6,1,19
1063,866,288,104,102,909,6,1,19
1064,866,286,105,108,909,6,1,19
1065,866,290,105,105,909,6,1,19
1066,868,292,104,107,909,6,1,18
1067,867,296,106,103,909,6,1,17
1068,868,300,106,102,909,6,1,16
1069,868,303,108,101,909,6,1,15
1070,867,304,111,102,909,6,1,13
1071,867,308,110,99,909,6,1,13
1072,867,310,111,99,909,6,1,13
1073,867,312,114,101,909,6,1,13
1074,867,310,114,104,909,6,1,12
1075,867,312,113,104,909,6,1,12
1076,867,310,116,106,909,6,1,12
1077,868,311,117,109,909,6,1,12
1078,869,313,116,109,909,6,1,11
1079,867,313,118,111,909,6,1,11
1080,868,313,119,112,909,6,1,11
1081,868,318,119,109,909,6,1,10
1082,867,319,120,109,909,6,1,9
1083,868,319,119,109,909,6,1,8
1084,867,321,120,109,909,6,1,7
1085,866,322,122,110,909,6,1,7
1086,866,319,123,113,909,6,1,6
1087,867,320,123,114,909,6,1,6
1088,868,321,123,113,909,6,1,5
1089,867,323,123,111,909,6,1,5
1090,867,324,123,112,909,6,1,4
1091,867,324,123,112,909,6,1,3
1092,866,322,125,114,909,6,1,3
1093,867,323,125,115,909,6,1,3
1094,866,324,126,114,909,6,1,3
1095,869,326,124,114,909,6,1,3
1096,868,325,125,114,909,6,1,3
1097,868,325,125,114,909,6,1,3
1098,867,324,125,115,909,6,1,2
1099,867,325,125,115,909,6,1,2
1100,869,326,123,115,909,6,1,2
1101,868,326,124,115,909,6,1,1
1102,868,325,124,116,909,6,1,1
1103,868,327,124,114,909,6,1,1
1104,868,327,124,114,909,6,1,1
1105,868,328,124,113,909,6,1,0
1106,867,327,125,114,909,6,1,0
1107,867,329,126,113,909,6,1,0
1108,867,329,125,113,909,6,1,0
1109,867,328,125,114,909,6,1,0
1110,867,328,126,113,909,6,1,0
1111,867,329,126,112,909,6,1,0
1112,867,329,125,112,909,6,1,0
1113,868,328,125,114,909,6,1,0
1114,868,329,125,113,909,6,1,0
1115,867,330,125,111,909,6,1,0
1116,868,330,125,112,909,6,1,0
1117,868,330,124,111,909,6,1,0
1118,868,331,124,111,909,6,1,0
1119,868,331,125,111,909,6,1,0
1120,868,331,125,111,909,6,1,0
1121,868,331,125,111,909,6,1,0
1122,868,331,125,111,909,6,1,0
1123,868,331,125,111,909,6,1,0
1124,868,331,124,111,909,6,1,0
1125,869,331,124,111,909,6,1,0
1126,868,331,124,112,909,6,1,0
1127,868,331,124,111,909,6,1,0
1128,868,331,124,111,909,6,1,0
1129,868,331,124,111,909,6,1,0
1130,867,329,125,112,909,6,1,0
1131,867,330,125,112,909,6,1,0
1132,867,330,125,111,909,6,1,0
1133,867,331,125,111,909,6,1,0
1134,867,330,125,111,909,6,1,0
1135,867,330,125,112,909,6,1,0
1136,867,330,125,112,909,6,1,0
1137,867,330,125,111,909,6,1,0
1138,867,330,125,111,909,6,1,0
1139,867,330,125,111,909,6,1,0
1140,867,329,127,114,909,6,1,1
1141,867,329,126,114,909,6,1,1
1142,867,330,126,113,909,6,1,1
1143,867,329,126,114,909,6,1,1
1144,867,328,126,115,909,6,1,0
1145,868,327,125,115,909,6,1,0
1146,867,329,125,113,909,6,1,0
1147,867,327,126,115,909,6,1,0
1148,867,327,126,115,909,6,1,0
1149,867,327,126,115,909,6,1,0
1150,867,327,126,115,909,6,1,0
1151,868,328,126,114,909,6,1,0
1152,868,329,124,113,909,6,1,0
1153,868,326,126,116,909,6,1,0
1154,867,326,125,116,909,6,1,0
1155,867,324,126,118,909,6,1,0
1156,867,327,126,114,909,6,1,0
1157,867,328,125,114,909,6,1,0
1158,868,327,125,115,909,6,1,0
1159,868,328,124,114,909,6,1,0
1160,868,330,125,113,909,6,1,0
1161,868,330,124,112,909,6,1,0
1162,868,330,125,112,909,6,1,0
1163,868,329,124,112,909,6,1,0
1164,868,328,124,114,909,6,1,0
1165,868,327,125,115,909,6,1,0
1166,868,328,124,113,909,6,1,0
1167,867,328,125,114,909,6,1,0
1168,868,327,125,115,909,6,1,0
1169,868,330,125,112,909,6,1,0
1170,868,328,125,114,909,6,1,0
1171,868,326,125,115,909,6,1,0
1172,868,324,125,117,909,6,1,0
1173,868,328,125,114,909,6,1,0
1174,868,329,125,113,909,6,1,0
1175,868,328,124,114,909,6,1,0
1176,868,326,125,115,909,6,1,0
1177,868,324,125,117,909,6,1,0
1178,868,325,125,116,909,6,1,0
1179,868,328,124,114,909,6,1,0
1180,868,330,126,113,909,6,1,0
1181,869,329,125,114,909,6,1,0
1182,868,329,125,113,909,6,1,0
1183,869,329,124,113,909,6,1,0
1184,869,329,124,113,909,6,1,0
1185,869,329,124,113,909,6,1,0
1186,868,329,125,113,909,6,1,0
1187,868,329,126,114,909,6,1,0
1188,868,329,125,113,909,6,1,0
1189,868,329,125,113,909,6,1,0
1190,867,331,126,112,909,6,1,0
1191,867,331,126,112,909,6,1,0
1192,867,331,126,113,909,6,1,0
1193,868,330,124,112,909,6,1,0
1194,868,329,125,114,909,6,1,0
1195,868,330,125,113,909,6,1,0
1196,869,330,125,113,909,6,1,0
1197,868,330,126,112,909,6,1,0
1198,868,330,125,111,909,6,1,0
1199,868,330,126,112,909,6,1,0
1200,868,330,127,112,909,6,1,0
1201,868,330,126,113,909,6,1,0
1202,868,329,125,113,909,6,1,0
1203,867,330,127,113,909,6,1,0
1204,868,330,125,112,909,6,1,0
1205,868,329,125,113,909,6,1,0
1206,868,329,127,114,909,6,1,0
1207,867,330,127,113,909,6,1,0
1208,868,330,127,113,909,6,1,0
1209,868,330,126,111,909,6,1,0
1210,868,330,127,111,909,6,1,0
1211,868,330,127,111,909,6,1,0
1212,868,330,127,110,909,6,1,1
1213,867,330,127,111,909,6,1,1
1214,867,329,126,112,909,6,1,1
1215,867,329,126,112,909,6,1,0
1216,867,330,126,112,909,6,1,0
1217,867,329,127,113,909,6,1,0
1218,867,329,127,112,909,6,1,0
1219,867,330,126,112,909,6,1,0
1220,868,327,127,115,909,6,1,0
1221,868,330,125,111,909,6,1,0
1222,868,327,127,115,909,6,1,0
1223,867,330,126,111,909,6,1,0
1224,868,330,126,111,909,6,1,0
1225,868,330,126,111,909,6,1,0
1226,867,330,126,111,909,6,1,0
1227,867,326,127,115,909,6,1,0
1228,867,329,125,113,909,6,1,0
1229,867,329,125,113,909,6,1,0
1230,868,330,125,112,909,6,1,0
1231,868,330,124,112,909,6,1,0
1232,868,328,126,114,909,6,1,0
1233,868,330,125,112,909,6,1,0
1234,868,331,125,111,909,6,1,0
1235,868,331,125,111,909,6,1,0
1236,868,331,125,111,909,6,1,0
1237,868,331,125,110,909,6,1,0
1238,868,330,125,111,909,6,1,0
1239,868,330,126,112,909,6,1,0
1240,868,330,125,112,909,6,1,0
1241,868,330,124,112,909,6,1,0
1242,868,330,125,113,909,6,1,0
1243,868,330,125,113,909,6,1,0
1244,868,330,126,113,909,6,1,0
1245,868,330,124,112,909,6,1,0
1246,869,330,125,112,909,6,1,0
1247,868,329,125,112,909,6,1,0
1248,868,329,126,113,909,6,1,0
1249,868,328,126,113,909,6,1,0
1250,869,330,124,111,909,6,1,0
1251,869,330,125,111,909,6,1,0
1252,869,330,124,111,909,6,1,0
1253,869,327,125,114,909,6,1,0
1254,869,329,124,112,909,6,1,0
1255,869,329,124,112,909,6,1,0
1256,869,329,124,113,909,6,1,0
1257,868,327,126,115,909,6,1,0
1258,868,329,125,112,909,6,1,0
1259,868,327,126,114,909,6,1,0
1260,868,330,125,111,909,6,1,0
1261,868,330,125,111,909,6,1,0
1262,867,330,125,111,909,6,1,0
1263,867,330,125,111,909,6,1,0
1264,867,330,125,111,909,6,1,0
1265,867,330,125,111,909,6,1,0
1266,867,330,125,111,909,6,1,0
1267,868,330,125,111,909,6,1,0
1268,868,330,125,111,909,6,1,0
1269,868,331,125,111,909,6,1,0
1270,868,331,125,111,909,6,1,0
1271,867,331,126,111,909,6,1,0
1272,868,331,125,111,909,6,1,0
1273,868,331,125,111,909,6,1,0
1274,868,330,125,111,909,6,1,0
1275,868,330,125,111,909,6,1,0
1276,868,330,125,112,909,6,1,0
1277,868,330,125,112,909,6,1,0
1278,868,330,125,111,909,6,1,0
1279,868,330,125,111,909,6,1,0
1280,867,329,125,112,909,6,1,0
1281,868,329,125,112,909,6,1,0
1282,867,329,125,112,909,6,1,0
1283,867,330,125,112,909,6,1,0
1284,867,329,125,112,909,6,1,0
1285,867,330,125,111,909,6,1,0
1286,867,330,126,112,909,6,1,0
1287,867,330,126,112,909,6,1,0
1288,867,330,126,111,909,6,1,0
1289,867,329,127,113,909,6,1,0
1290,868,330,125,111,909,6,1,0
1291,868,330,125,111,909,6,1,0
1292,868,330,126,111,909,6,1,0
1293,867,331,127,111,909,6,1,0
1294,867,331,127,111,909,6,1,0
1295,867,330,127,111,909,6,1,0
1296,867,331,126,111,909,6,1,0
1297,867,330,126,111,909,6,1,0
1298,867,331,126,111,909,6,1,0
1299,867,330,126,111,909,6,1,0
1300,868,331,126,111,909,6,1,0
1301,868,331,126,111,909,6,1,0
1302,868,331,125,111,909,6,1,0
1303,868,331,125,111,909,6,1,0
1304,867,331,125,111,909,6,1,0
1305,867,331,125,111,909,6,1,0
1306,867,331,126,111,909,6,1,0
1307,868,332,125,110,909,6,1,0
1308,869,331,124,111,909,6,1,0
1309,869,332,124,110,909,6,1,0
1310,868,331,124,111,909,6,1,0
1311,869,331,124,111,909,6,1,0
1312,869,331,124,111,909,6,1,0
1313,868,331,125,111,909,6,1,0
1314,867,331,125,110,909,6,1,0
1315,868,331,126,110,909,6,1,0
1316,868,331,125,110,909,6,1,0
1317,868,331,125,110,909,6,1,0
1318,868,331,125,111,909,6,1,0
1319,868,332,125,110,909,6,1,0
1320,867,332,126,110,909,6,1,0
1321,867,332,126,110,909,6,1,0
1322,867,331,126,110,909,6,1,0
1323,867,331,125,111,909,6,1,0
1324,867,331,125,111,909,6,1,0
1325,868,331,125,110,909,6,1,0
1326,867,330,126,112,909,6,1,0
1327,867,331,125,110,909,6,1,0
1328,867,329,126,113,909,6,1,0
1329,868,331,125,110,909,6,1,0
1330,868,332,124,109,909,6,1,0
1331,868,332,124,109,909,6,1,0
1332,868,331,124,110,909,6,1,0
1333,868,331,125,111,909,6,1,0
1334,868,331,124,111,909,6,1,0
1335,868,331,124,111,909,6,1,0
1336,868,331,124,111,909,6,1,0
1337,868,331,124,111,909,6,1,0
1338,868,332,124,111,909,6,1,0
1339,868,331,124,111,909,6,1,0
1340,867,332,125,110,909,6,1,0
1341,867,331,125,110,909,6,1,0
1342,867,332,125,110,909,6,1,0
1343,868,332,124,110,909,6,1,0
1344,867,332,125,110,909,6,1,0
1345,867,331,125,110,909,6,1,0
1346,867,331,126,111,909,6,1,0
1347,867,331,126,111,909,6,1,0
1348,867,331,125,111,909,6,1,0
1349,867,331,125,111,909,6,1,0
1350,868,332,124,110,909,6,1,0
1351,868,332,124,110,909,6,1,0
1352,868,332,125,110,909,6,1,0
1353,867,332,126,111,909,6,1,0
1354,868,332,124,110,909,6,1,0
1355,867,331,126,111,909,6,1,0
1356,868,332,125,110,909,6,1,0
1357,868,332,125,110,909,6,1,0
1358,867,332,125,110,909,6,1,0
1359,867,331,125,110,909,6,1,0
1360,868,332,124,110,909,6,1,0
1361,868,332,125,110,909,6,1,0
1362,868,332,125,110,909,6,1,0
1363,868,332,124,110,909,6,1,0
1364,868,332,124,110,909,6,1,0
1365,869,331,125,111,909,6,1,0
1366,869,331,125,111,909,6,1,0
1367,869,330,123,112,909,6,1,0
1368,869,331,124,112,909,6,1,0
1369,868,330,126,112,909,6,1,0
1370,868,332,124,110,909,6,1,0
1371,869,332,124,110,909,6,1,0
1372,868,331,125,111,909,6,1,0
1373,867,331,125,110,909,6,1,0
1374,867,331,126,110,909,6,1,0
1375,867,332,126,110,909,6,1,0
1376,868,331,125,110,909,6,1,0
1377,868,331,126,111,909,6,1,0
1378,868,330,124,111,909,6,1,0
1379,868,330,124,111,909,6,1,0
1380,868,329,125,112,909,6,1,0
1381,868,329,125,113,909,6,1,0
1382,868,330,126,113,909,6,1,0
1383,868,329,125,113,909,6,1,0
1384,867,331,127,112,909,6,1,0
1385,868,330,125,112,909,6,1,0
1386,867,330,127,113,909,6,1,0
1387,868,330,125,112,909,6,1,0
1388,868,330,125,112,909,6,1,0
1389,868,330,124,111,909,6,1,0
1390,867,331,125,111,909,6,1,0
1391,868,331,125,112,909,6,1,0
1392,868,329,125,113,909,6,1,0
1393,868,328,126,114,909,6,1,0
1394,868,331,126,112,909,6,1,0
1395,868,330,126,112,909,6,1,0
1396,868,330,126,112,909,6,1,0
1397,868,330,125,112,909,6,1,0
1398,867,330,125,111,909,6,1,0
1399,867,331,125,111,909,6,1,0
1400,868,331,124,111,909,6,1,0
1401,868,331,125,111,909,6,1,0
1402,868,331,124,111,909,6,1,0
1403,868,331,125,111,909,6,1,0
1404,868,331,125,111,909,6,1,0
1405,868,330,125,112,909,6,1,0
1406,868,330,125,112,909,6,1,0
1407,868,330,125,112,909,6,1,0
1408,868,330,125,112,909,6,1,0
1409,868,328,125,113,909,6,1,0
1410,868,331,126,112,909,6,1,0
1411,868,331,126,112,909,6,1,0
1412,868,331,124,111,909,6,1,0
1413,868,331,124,111,909,6,1,0
1414,868,331,124,111,909,6,1,0
1415,868,332,125,110,909,6,1,0
1416,867,331,125,111,909,6,1,0
1417,867,331,125,111,909,6,1,0
1418,868,329,126,113,909,6,1,0
1419,868,331,125,111,909,6,1,0
1420,868,331,126,112,909,6,1,0
1421,868,331,126,111,909,6,1,0
1422,869,331,127,111,909,6,1,0
1423,869,331,126,112,909,6,1,0
1424,868,331,126,112,909,6,1,0
1425,868,330,126,112,909,6,1,0
1426,867,331,126,112,909,6,1,0
1427,868,331,125,111,909,6,1,0
1428,868,332,125,110,909,6,1,0
1429,867,332,125,109,909,6,1,0
1430,867,330,126,112,909,6,1,0
1431,867,332,126,111,909,6,1,0
1432,867,331,125,111,909,6,1,0
1433,868,330,124,112,909,6,1,0
1434,868,329,125,113,909,6,1,0
1435,867,328,126,114,909,6,1,0
1436,869,328,125,113,909,6,1,0
1437,868,326,126,115,909,6,1,0
1438,868,331,125,111,909,6,1,0
1439,867,329,126,114,909,6,1,0
1440,867,331,125,112,909,6,1,0
1441,867,330,125,112,909,6,1,0
1442,867,330,127,112,909,6,1,0
1443,866,328,127,113,909,6,1,0
1444,865,326,127,116,909,6,1,0
1445,866,327,127,114,909,6,1,0
1446,867,331,125,111,909,6,1,0
1447,867,330,125,112,909,6,1,0
1448,868,329,125,113,909,6,1,0
1449,868,330,125,112,909,6,1,0
1450,868,330,125,112,909,6,1,0
1451,868,330,125,112,909,6,1,0
1452,868,330,124,112,909,6,1,0
1453,868,331,124,111,909,6,1,0
1454,868,330,124,112,909,6,1,0
1455,868,331,124,111,909,6,1,0
1456,868,331,125,111,909,6,1,0
1457,868,331,125,110,909,6,1,0
1458,868,331,125,110,909,6,1,0
1459,868,331,125,111,909,6,1,0
1460,868,332,125,110,909,6,1,0
1461,867,331,125,111,909,6,1,0
1462,868,330,124,111,909,6,1,0
1463,868,330,125,112,909,6,1,0
1464,867,331,125,111,909,6,1,0
1465,867,331,125,111,909,6,1,0
1466,867,331,125,111,909,6,1,0
1467,867,331,125,111,909,6,1,0
1468,867,332,125,109,909,6,1,0
1469,866,330,127,112,909,6,1,0
1470,866,330,127,112,909,6,1,0
1471,866,330,127,112,909,6,1,0
1472,866,330,127,112,909,6,1,0
1473,866,330,127,112,909,6,1,0
1474,867,332,125,110,909,6,1,0
1475,867,330,126,112,909,6,1,0
1476,867,331,125,110,909,6,1,0
1477,868,330,124,111,909,6,1,0
1478,868,331,124,111,909,6,1,0
1479,868,330,124,111,909,6,1,0
1480,868,329,125,113,909,6,1,0
1481,868,330,125,112,909,6,1,0
1482,867,330,125,112,909,6,1,0
1483,866,328,127,114,909,6,1,0
1484,866,327,127,114,909,6,1,0
1485,867,331,125,110,909,6,1,0
1486,867,331,125,110,909,6,1,0
1487,867,329,126,113,909,6,1,0
1488,866,332,127,110,909,6,1,0
1489,867,332,125,110,909,6,1,0
1490,867,331,126,111,909,6,1,0
1491,868,331,125,111,909,6,1,0
1492,867,330,125,112,909,6,1,0
1493,867,330,125,112,909,6,1,0
1494,867,330,125,112,909,6,1,0
1495,867,330,125,111,909,6,1,0
1496,867,330,125,111,909,6,1,0
1497,867,330,126,111,909,6,1,0
1498,867,332,126,110,909,6,1,0
1499,867,332,126,110,909,6,1,0
1500,867,331,126,111,909,6,1,0
1501,867,331,126,111,909,6,1,0
1502,867,331,125,110,909,6,1,0
1503,867,330,125,111,909,6,1,0
1504,867,329,126,112,909,6,1,0
1505,867,329,126,112,909,6,1,0
1506,867,330,126,112,909,6,1,0
1507,868,330,125,112,909,6,1,0
1508,867,330,125,112,909,6,1,0
1509,868,330,125,112,909,6,1,0
1510,867,330,126,111,909,6,1,0
1511,867,330,126,112,909,6,1,0
1512,867,331,126,111,909,6,1,0
1513,867,331,126,110,909,6,1,0
1514,867,332,125,110,909,6,1,0
1515,867,332,125,109,909,6,1,0
1516,867,331,125,111,909,6,1,0
1517,867,330,126,112,909,6,1,0
1518,867,329,126,112,909,6,1,0
1519,867,328,127,114,909,6,1,0
1520,867,331,127,112,909,6,1,0
1521,868,332,127,111,909,6,1,0
1522,868,333,127,110,909,6,1,0
1523,867,331,127,111,909,6,1,0
1524,867,328,125,113,909,6,1,0
1525,867,328,125,113,909,6,1,0
1526,867,330,125,111,909,6,1,0
1527,868,330,125,111,909,6,1,0
1528,868,331,124,111,909,6,1,0
1529,868,331,125,111,909,6,1,0
1530,867,330,126,111,909,6,1,0
1531,867,330,126,112,909,6,1,0
1532,867,330,126,112,909,6,1,0
1533,867,329,126,112,909,6,1,0
1534,867,330,125,112,909,6,1,0
1535,867,330,126,112,909,6,1,0
1536,868,331,126,111,909,6,1,0
1537,868,330,125,111,909,6,1,0
1538,868,331,125,111,909,6,1,0
1539,868,330,125,112,909,6,1,0
1540,868,330,125,111,909,6,1,0
1541,868,330,125,111,909,6,1,0
1542,868,331,126,111,909,6,1,0
1543,868,331,125,112,909,6,1,0
1544,868,332,125,111,909,6,1,1
1545,867,331,125,112,909,6,1,1
1546,867,331,126,113,909,6,1,1
1547,867,331,125,111,909,6,1,0
1548,867,328,127,114,909,6,1,0
1549,866,328,127,114,909,6,1,0
1550,868,331,125,111,909,6,1,0
1551,868,331,125,111,909,6,1,0
1552,868,331,126,111,909,6,1,0
1553,868,330,125,111,909,6,1,0
1554,868,331,125,111,909,6,1,0
1555,868,330,125,112,909,6,1,0
1556,868,330,125,112,909,6,1,0
1557,868,331,124,111,909,6,1,0
1558,868,332,124,110,909,6,1,0
1559,868,331,125,111,909,6,1,0
1560,868,330,126,111,909,6,1,0
1561,868,330,126,111,909,6,1,0
1562,867,330,126,112,909,6,1,0
1563,867,330,127,112,909,6,1,0
1564,867,331,127,112,909,6,1,0
1565,867,331,127,112,909,6,1,0
1566,867,331,126,112,909,6,1,0
1567,867,331,126,112,909,6,1,0
1568,867,331,126,111,909,6,1,0
1569,867,332,125,110,909,6,1,0
1570,867,331,126,110,909,6,1,0
1571,867,332,126,110,909,6,1,0
1572,867,331,126,111,909,6,1,0
1573,867,330,126,112,909,6,1,0
1574,867,330,126,112,909,6,1,0
1575,867,330,126,112,909,6,1,0
1576,867,329,127,113,909,6,1,0
1577,868,330,127,113,909,6,1,0
1578,867,330,126,111,909,6,1,0
1579,868,331,126,111,909,6,1,0
1580,868,330,126,112,909,6,1,0
1581,867,330,125,112,909,6,1,0
1582,867,330,125,112,909,6,1,0
1583,867,330,125,111,909,6,1,0
1584,867,332,126,110,909,6,1,0
1585,867,331,125,111,909,6,1,0
1586,867,330,127,112,909,6,1,0
1587,867,330,126,112,909,6,1,0
1588,867,331,126,111,909,6,1,0
1589,867,330,126,112,909,6,1,0
1590,868,330,125,112,909,6,1,0
1591,868,330,125,111,909,6,1,0
1592,868,330,126,113,909,6,1,0
1593,867,329,126,112,909,6,1,0
1594,867,330,125,112,909,6,1,0
1595,867,331,125,111,909,6,1,0
1596,867,331,126,111,909,6,1,0
1597,867,331,126,111,909,6,1,0
1598,867,331,126,110,909,6,1,0
1599,867,331,126,110,909,6,1,0
1600,867,330,126,112,909,6,1,0
1601,867,329,126,113,909,6,1,0
1602,867,329,126,112,909,6,1,0
1603,867,328,125,113,909,6,1,0
1604,868,331,125,110,909,6,1,0
1605,868,331,126,111,909,6,1,0
1606,868,331,126,111,909,6,1,0
1607,868,330,125,112,909,6,1,0
1608,867,329,126,112,909,6,1,0
1609,867,330,126,111,909,6,1,0
1610,867,331,126,111,909,6,1,0
1611,867,330,126,112,909,6,1,0
1612,867,331,126,111,909,6,1,0
1613,867,331,126,111,909,6,1,0
1614,867,331,126,111,909,6,1,0
1615,867,330,126,112,909,6,1,0
1616,867,329,126,113,909,6,1,0
1617,867,330,126,111,909,6,1,0
1618,867,330,126,111,909,6,1,0
1619,868,330,125,111,909,6,1,0
1620,867,330,126,111,909,6,1,0
1621,867,329,127,112,909,6,1,0
1622,867,329,126,113,909,6,1,0
1623,868,330,125,112,909,6,1,0
1624,868,330,125,111,909,6,1,0
1625,868,330,125,111,909,6,1,0
1626,867,331,125,111,909,6,1,0
1627,868,331,125,111,909,6,1,0
1628,867,330,125,112,909,6,1,0
1629,867,329,126,113,909,6,1,0
1630,868,330,125,111,909,6,1,0
1631,868,331,126,110,909,6,1,0
1632,868,331,126,110,909,6,1,0
1633,868,331,126,110,909,6,1,0
1634,868,330,126,112,909,6,1,0
1635,868,329,126,112,909,6,1,0
1636,867,329,127,113,909,6,1,0
1637,868,330,125,112,909,6,1,0
1638,867,331,125,111,909,6,1,0
1639,867,332,124,110,909,6,1,0
1640,867,332,126,110,909,6,1,0
1641,867,331,126,111,909,6,1,0
1642,867,331,125,111,909,6,1,0
1643,867,330,126,112,909,6,1,0
1644,867,330,125,112,909,6,1,0
1645,868,330,125,112,909,6,1,0
1646,868,330,125,112,909,6,1,0
1647,868,330,125,112,909,6,1,0
1648,868,329,126,113,909,6,1,0
1649,867,329,126,113,909,6,1,0
1650,867,330,125,112,909,6,1,0
1651,867,331,125,112,909,6,1,0
1652,867,330,125,112,909,6,1,0
1653,867,331,125,112,909,6,1,0
1654,867,331,125,111,909,6,1,0
1655,868,331,125,111,909,6,1,0
1656,867,330,126,113,909,6,1,0
1657,868,330,125,112,909,6,1,0
1658,868,330,125,112,909,6,1,0
1659,868,330,126,113,909,6,1,0
1660,868,330,126,111,909,6,1,0
1661,868,330,126,111,909,6,1,0
1662,868,330,126,111,909,6,1,0
1663,868,330,125,112,909,6,1,0
1664,868,330,126,112,909,6,1,0
1665,867,330,126,112,909,6,1,0
1666,868,331,125,110,909,6,1,0
1667,868,331,126,111,909,6,1,0
1668,868,331,125,112,909,6,1,0
1669,868,330,125,112,909,6,1,0
1670,867,331,126,110,909,6,1,0
1671,867,331,126,110,909,6,1,0
1672,868,331,126,110,909,6,1,0
1673,868,330,125,111,909,6,1,0
1674,868,330,125,112,909,6,1,0
1675,868,330,125,111,909,6,1,0
1676,868,330,125,111,909,6,1,0
1677,868,330,126,112,909,6,1,0
1678,868,331,125,111,909,6,1,0
1679,868,331,125,111,909,6,1,0
1680,868,330,125,112,909,6,1,0
1681,868,330,126,112,909,6,1,0
1682,868,330,125,112,909,6,1,2
1683,868,330,125,112,909,6,1,4
1684,867,331,127,102,909,6,1,5
1685,867,331,125,99,909,6,1,4
1686,867,329,126,113,909,6,1,1
1687,867,328,126,113,909,6,1,1
1688,868,328,125,114,909,6,1,1
1689,868,328,125,113,909,6,1,4
1690,867,330,126,112,909,6,1,4
1691,868,330,126,112,909,6,1,4
1692,868,330,126,112,909,6,1,1
1693,867,330,126,112,909,6,1,1
1694,868,329,125,112,909,6,1,0
1695,868,330,125,111,909,6,1,0
1696,868,329,125,112,909,6,1,0
1697,867,330,125,111,909,6,1,0
1698,867,330,125,112,909,6,1,0
1699,867,330,126,112,909,6,1,0
1700,867,330,125,112,909,6,1,0
1701,867,330,126,112,909,6,1,0
1702,867,330,126,111,909,6,1,0
1703,867,330,126,111,909,6,1,0
1704,867,330,126,112,909,6,1,0
1705,867,330,127,113,909,6,1,0
1706,867,330,126,113,909,6,1,0
1707,867,330,125,112,909,6,1,0
1708,868,330,125,112,909,6,1,0
1709,868,330,125,111,909,6,1,0
1710,868,330,125,111,909,6,1,0
1711,867,330,125,112,909,6,1,0
1712,867,330,125,112,909,6,1,0
1713,867,330,125,111,909,6,1,0
1714,867,330,126,111,909,6,1,0
1715,867,331,126,111,909,6,1,0
1716,867,330,126,112,909,6,1,0
1717,867,331,126,111,909,6,1,0
1718,867,331,125,112,909,6,1,1
1719,867,331,125,110,909,6,1,3
1720,866,332,125,105,909,6,1,3
1721,866,331,127,104,909,6,1,2
1722,866,331,127,110,909,6,1,1
1723,866,331,127,110,909,6,1,0
1724,866,331,126,111,909,6,1,1
1725,866,332,127,110,909,6,1,2
1726,866,331,126,111,909,6,1,2
1727,866,331,126,111,909,6,1,2
1728,866,331,126,111,909,6,1,1
1729,866,331,126,111,909,6,1,0
1730,867,330,125,111,909,6,1,0
1731,868,331,125,111,909,6,1,0
1732,868,330,124,112,909,6,1,0
1733,868,331,124,111,909,6,1,0
1734,868,330,124,111,909,6,1,0
1735,868,331,124,111,909,6,1,0
1736,868,331,125,110,909,6,1,0
1737,868,331,124,111,909,6,1,0
1738,869,330,124,110,909,6,1,0
1739,868,329,124,91,909,6,1,0
1740,867,331,126,110,909,6,1,0
1741,867,331,126,112,909,6,1,0
1742,866,330,127,111,909,6,1,0
1743,867,330,127,112,909,6,1,0
1744,867,331,127,112,909,6,1,0
1745,868,331,126,112,909,6,1,0
1746,868,331,125,112,909,6,1,0
1747,868,330,125,112,909,6,1,0
1748,868,330,125,112,909,6,1,0
1749,868,331,125,111,909,6,1,0
1750,868,331,125,110,909,6,1,0
1751,867,331,126,111,909,6,1,0
1752,868,332,125,110,909,6,1,0
1753,868,331,125,111,909,6,1,0
1754,867,332,125,111,909,6,1,0
1755,867,332,125,111,909,6,1,0
1756,868,332,125,111,909,6,1,0
1757,868,331,126,111,909,6,1,0
1758,867,331,126,111,909,6,1,0
1759,867,331,126,111,909,6,1,0
1760,868,331,126,112,909,6,1,0
1761,868,332,126,111,909,6,1,0
1762,868,331,126,111,909,6,1,0
1763,868,331,126,111,909,6,1,0
1764,867,330,126,112,909,6,1,0
1765,868,330,125,112,909,6,1,0
1766,867,329,126,113,909,6,1,0
1767,867,328,126,114,909,6,1,0
1768,867,329,126,114,909,6,1,0
1769,868,331,125,112,909,6,1,0
1770,868,331,125,111,909,6,1,0
1771,868,331,125,111,909,6,1,0
1772,868,330,125,112,909,6,1,0
1773,868,330,126,112,909,6,1,0
1774,868,331,125,112,909,6,1,0
1775,868,330,125,112,909,6,1,0
1776,869,330,124,112,909,6,1,0
1777,869,330,125,113,909,6,1,0
1778,868,330,125,111,909,6,1,0
1779,867,331,126,111,909,6,1,0
1780,868,331,125,111,909,6,1,0
1781,868,331,125,112,909,6,1,0
1782,868,331,125,112,909,6,1,0
1783,868,330,125,112,909,6,1,0
1784,868,330,125,112,909,6,1,0
1785,868,330,126,112,909,6,1,0
1786,867,331,126,111,909,6,1,0
1787,868,330,126,112,909,6,1,0
1788,868,330,125,112,909,6,1,0
1789,867,331,125,111,909,6,1,0
1790,867,331,126,111,909,6,1,0
1791,867,331,126,111,909,6,1,0
1792,867,331,126,110,909,6,1,0
1793,867,331,126,111,909,6,1,0
1794,867,331,126,111,909,6,1,0
1795,867,331,126,111,909,6,1,0
1796,867,331,126,110,909,6,1,0
1797,867,331,125,110,909,6,1,0
1798,867,332,126,110,909,6,1,0
1799,867,332,126,110,909,6,1,0
1800,869,333,125,111,909,6,1,0
1801,868,331,126,110,909,6,1,0
1802,867,330,126,111,909,6,1,0
1803,867,329,126,112,909,6,1,0
1804,868,330,126,112,909,6,1,0
1805,868,329,126,113,909,6,1,0
1806,868,329,125,112,909,6,1,1
1807,868,330,125,112,909,6,1,0
1808,868,330,125,112,909,6,1,0
1809,867,330,126,112,909,6,1,0
1810,867,331,126,111,909,6,1,0
1811,868,331,125,110,909,6,1,0
1812,868,331,126,110,909,6,1,0
1813,869,330,125,112,909,6,1,0
1814,869,330,125,112,909,6,1,0
1815,868,331,125,110,909,6,1,0
1816,868,331,125,110,909,6,1,0
1817,868,330,125,112,909,6,1,0
1818,868,331,125,110,909,6,1,0
1819,868,331,125,111,909,6,1,0
1820,866,331,127,110,909,6,1,0
1821,867,332,126,110,909,6,1,0
1822,867,331,126,110,909,6,1,0
1823,867,331,126,111,909,6,1,0
1824,867,331,125,111,909,6,1,0
1825,867,330,126,112,909,6,1,0
1826,867,330,126,112,909,6,1,0
1827,868,331,125,111,909,6,1,0
1828,869,331,125,112,909,6,1,0
1829,869,330,125,112,909,6,1,0
1830,868,331,125,111,909,6,1,0
1831,867,330,126,111,909,6,1,0
1832,868,329,125,112,909,6,1,0
1833,868,330,125,111,909,6,1,0
1834,868,331,125,111,909,6,1,0
1835,867,332,126,111,909,6,1,0
1836,868,331,126,112,909,6,1,0
1837,868,331,126,111,909,6,1,0
1838,868,331,125,111,909,6,1,0
1839,868,331,125,110,909,6,1,0
1840,868,331,127,111,909,6,1,1
1841,869,331,125,110,909,6,1,1
1842,868,332,126,109,909,6,1,1
1843,868,331,126,110,909,6,1,0
1844,867,331,127,112,909,6,1,0
1845,867,331,126,111,909,6,1,0
1846,867,331,126,111,909,6,1,0
1847,867,330,126,111,909,6,1,0
1848,867,330,126,112,909,6,1,0
1849,867,331,126,111,909,6,1,0
1850,868,331,127,112,909,6,1,0
1851,868,331,126,112,909,6,1,0
1852,868,332,126,111,909,6,1,0
1853,868,331,125,112,909,6,1,0
1854,868,331,125,112,909,6,1,0
1855,868,331,125,112,909,6,1,0
1856,869,331,125,111,909,6,1,0
1857,868,331,126,112,909,6,1,0
1858,867,330,126,113,909,6,1,0
1859,867,330,125,111,909,6,1,0
1860,868,331,125,111,909,6,1,0
1861,868,330,125,112,909,6,1,0
1862,867,331,125,111,909,6,1,0
1863,868,331,125,112,909,6,1,0
1864,868,331,125,112,909,6,1,0
1865,868,330,125,112,909,6,1,0
1866,867,330,126,111,909,6,1,0
1867,868,331,126,110,909,6,1,0
1868,868,331,126,110,909,6,1,0
1869,869,331,125,110,909,6,1,0
1870,867,330,127,113,909,6,1,0
1871,867,330,126,112,909,6,1,0
1872,867,330,125,112,909,6,1,0
1873,867,330,126,111,909,6,1,0
1874,867,331,126,111,909,6,1,0
1875,867,331,125,111,909,6,1,0
1876,867,330,125,111,909,6,1,0
1877,867,330,126,112,909,6,1,0
1878,867,329,125,113,909,6,1,2
1879,868,327,124,113,909,6,1,3
1880,867,331,128,99,909,6,1,3
1881,868,328,125,112,909,6,1,1
1882,869,329,125,113,909,6,1,0
1883,868,287,125,158,909,6,1,0
1884,868,324,125,118,909,6,1,2
1885,868,325,124,116,909,6,1,3
1886,868,329,125,113,909,6,1,3
1887,868,329,125,113,909,6,1,1
1888,868,329,125,113,909,6,1,1
1889,868,329,124,113,909,6,1,0
1890,867,330,126,113,909,6,1,0
1891,868,331,125,111,909,6,1,0
1892,867,331,126,111,909,6,1,0
1893,868,329,125,113,909,6,1,0
1894,867,329,126,113,909,6,1,0
1895,867,329,126,112,909,6,1,0
1896,868,331,125,111,909,6,1,0
1897,868,330,125,112,909,6,1,0
1898,868,330,125,112,909,6,1,0
1899,868,331,126,112,909,6,1,0
1900,867,331,126,111,909,6,1,0
1901,867,331,126,111,909,6,1,0
1902,867,331,126,110,909,6,1,0
1903,867,331,126,110,909,6,1,0
1904,867,330,126,112,909,6,1,0
1905,867,330,126,112,909,6,1,0
1906,867,330,126,112,909,6,1,0
1907,868,330,126,111,909,6,1,0
1908,868,330,125,111,909,6,1,0
1909,867,330,126,111,909,6,1,0
1910,868,331,126,111,909,6,1,0
1911,867,332,126,111,909,6,1,0
1912,867,332,126,111,909,6,1,0
1913,866,332,127,111,909,6,1,1
1914,866,332,127,112,909,6,1,1
1915,866,332,127,112,909,6,1,1
1916,866,332,127,112,909,6,1,1
1917,867,331,127,114,909,6,1,1
1918,867,331,129,114,909,6,1,1
1919,866,331,130,115,909,6,1,2
1920,866,331,131,116,909,6,1,2
1921,867,332,130,117,909,6,1,3
1922,868,333,129,116,909,6,1,4
1923,867,334,132,118,909,6,1,5
1924,867,333,132,120,909,6,1,6
1925,868,333,134,123,909,6,1,7
1926,871,335,134,122,909,6,1,7
1927,868,331,141,129,909,6,1,8
1928,870,334,144,127,909,6,1,9
1929,872,333,148,132,909,6,1,9
1930,874,335,154,132,909,6,1,10
1931,877,338,161,131,909,6,1,10
1932,879,336,170,136,909,6,1,11
1933,882,337,179,139,909,6,1,11
1934,883,336,190,143,909,6,1,12
1935,886,337,203,145,909,6,1,13
1936,890,338,214,149,909,6,1,14
1937,896,341,227,152,909,6,1,15
1938,906,342,237,153,909,6,1,16
1939,913,344,253,156,909,6,1,17
1940,926,346,265,160,909,6,1,18
1941,940,349,276,161,909,6,1,18
1942,953,351,293,163,909,6,1,19
1943,970,354,307,165,909,6,1,19
1944,988,358,319,165,909,6,1,19
1945,1011,362,331,164,909,6,1,19
1946,1032,363,347,171,909,6,1,20
1947,1062,365,355,171,909,6,1,20
1948,1092,369,364,171,909,6,1,20
1949,1123,372,374,172,909,6,1,21
1950,1156,376,383,174,909,6,1,21
1951,1191,380,392,176,909,6,1,22
1952,1230,384,399,176,909,6,1,22
1953,1270,386,407,178,909,6,1,23
1954,1316,390,409,180,909,6,1,23
1955,1361,394,412,181,909,6,1,23
1956,1410,397,415,180,909,6,1,23
1957,1463,400,414,182,909,6,1,23
1958,1518,404,401,181,909,6,1,23
1959,1572,409,345,179,909,6,1,23
1960,1629,415,288,163,909,6,1,23
1961,1687,420,232,161,909,6,1,23
1962,1739,418,181,165,909,6,1,23
1963,1796,419,123,168,909,6,1,23
880,1578,981,339,94,911,6,1,11
881,1541,969,377,106,911,6,1,11
882,1499,944,418,132,911,6,1,11
883,1458,910,459,165,911,6,1,11
884,1419,886,497,189,911,6,1,11
885,1377,857,542,217,911,6,1,11
886,1332,835,569,242,911,6,1,11
887,1287,809,556,266,911,6,1,11
888,1240,782,549,295,911,6,1,11
889,1194,756,542,319,911,6,1,11
890,1146,737,530,338,911,6,1,11
891,1095,718,523,330,911,6,1,12
892,1043,699,519,319,911,6,1,15
893,993,682,510,309,911,6,1,17
894,939,663,503,301,911,6,1,20
895,885,646,496,293,911,6,1,21
896,829,637,493,282,911,6,1,22
897,773,622,485,275,911,6,1,23
898,716,609,479,269,911,6,1,23
899,657,602,477,256,911,6,1,24
900,601,588,465,251,911,6,1,24
901,538,582,463,243,911,6,1,25
902,475,573,462,234,911,6,1,26
903,417,565,450,228,911,6,1,26
904,353,558,446,222,911,6,1,27
905,291,552,439,218,911,6,1,27
906,225,548,439,210,911,6,1,27
907,158,540,437,209,911,6,1,27
908,98,539,421,203,911,6,1,27
909,31,537,422,199,911,6,1,27
910,0,529,376,197,911,6,1,27
911,0,529,308,191,911,6,1,27
912,1,531,233,183,911,6,1,26
913,0,530,162,185,911,6,1,26
914,0,530,92,165,911,6,1,26
903,1441,981,479,96,912,2,4,24
904,1384,959,534,117,912,2,4,24
905,1336,924,578,153,912,2,4,24
906,1287,894,626,180,912,2,4,24
907,1242,860,634,214,912,2,4,24
908,1195,834,636,240,912,2,4,24
909,1145,807,635,268,912,2,4,24
910,1098,782,622,293,912,2,4,24
911,1047,757,613,319,912,2,4,24
912,999,737,598,341,912,2,4,24
913,950,718,589,359,912,2,4,24
914,899,701,580,360,912,2,4,23
915,847,683,571,346,912,2,4,23
916,793,666,565,336,912,2,4,23
917,734,650,563,327,912,2,4,23
918,680,636,554,317,912,2,4,23
919,628,625,543,304,912,2,4,23
920,571,614,540,294,912,2,4,23
921,515,604,529,288,912,2,4,23
922,460,594,521,281,912,2,4,24
923,402,586,518,271,912,2,4,24
924,346,579,507,263,912,2,4,24
925,291,569,499,260,912,2,4,24
926,231,563,497,250,912,2,4,25
927,173,558,486,244,912,2,4,25
928,120,553,474,237,912,2,4,25
929,60,548,472,232,912,2,4,25
930,9,542,458,229,912,2,4,25
931,1,540,405,218,912,2,4,25
932,2,535,341,218,912,2,4,25
933,2,536,274,209,912,2,4,24
934,1,535,211,203,912,2,4,24
935,0,532,151,201,912,2,4,24
921,1462,975,455,101,916,5,1,27
922,1410,953,507,124,916,5,1,27
923,1360,915,556,162,916,5,1,27
924,1308,879,571,197,916,5,1,27
925,1259,844,553,231,916,5,1,27
926,1208,814,540,262,916,5,1,27
927,1157,782,527,293,916,5,1,27
928,1104,754,516,322,916,5,1,27
929,1051,731,504,327,916,5,1,26
930,996,707,494,313,916,5,1,26
931,941,686,485,303,916,5,1,26
932,886,666,476,291,916,5,1,26
933,831,650,470,279,916,5,1,26
934,774,633,459,271,916,5,1,26
935,717,619,456,264,916,5,1,26
936,663,606,448,254,916,5,1,26
937,602,593,448,249,916,5,1,26
938,549,584,436,240,916,5,1,26
939,491,574,435,233,916,5,1,26
940,438,567,423,224,916,5,1,27
941,382,558,416,220,916,5,1,27
942,324,551,411,214,916,5,1,27
943,264,544,415,211,916,5,1,27
944,210,541,405,202,916,5,1,27
945,154,536,397,198,916,5,1,27
946,97,532,390,194,916,5,1,26
947,37,528,387,190,916,5,1,26
948,0,526,362,185,916,5,1,26
949,1,522,297,182,916,5,1,25
950,0,522,233,179,916,5,1,25
951,0,520,171,180,916,5,1,25
952,0,525,104,162,916,5,1,25
942,1598,1011,316,65,920,6,5,12
943,1544,970,372,106,920,6,5,12
944,1497,932,420,144,920,6,5,12
945,1450,893,470,183,920,6,5,12
946,1409,858,508,215,920,6,5,12
947,1369,828,546,247,920,6,5,12
948,1324,799,592,277,920,6,5,12
949,1281,770,637,307,920,6,5,12
950,1242,748,676,329,920,6,5,12
951,1195,722,717,355,920,6,5,12
952,1150,705,701,370,920,6,5,12
953,1106,685,689,393,920,6,5,12
954,1056,668,685,410,920,6,5,12
955,1010,649,672,429,920,6,5,12
956,960,637,667,413,920,6,5,13
957,909,621,662,399,920,6,5,14
958,858,610,655,387,920,6,5,16
959,807,599,648,373,920,6,5,18
960,755,584,643,366,920,6,5,20
961,702,575,640,353,920,6,5,20
962,651,566,640,340,920,6,5,21
963,600,560,625,328,920,6,5,21
964,546,553,620,318,920,6,5,22
965,494,545,615,310,920,6,5,22
966,435,537,615,303,920,6,5,22
967,384,531,607,296,920,6,5,23
968,331,529,602,285,920,6,5,23
969,275,524,601,278,920,6,5,23
970,223,520,592,270,920,6,5,23
971,166,518,589,263,920,6,5,23
972,116,515,577,255,920,6,5,23
973,59,514,578,249,920,6,5,23
974,5,509,571,246,920,6,5,23
975,1,509,507,239,920,6,5,23
976,0,507,453,237,920,6,5,23
977,2,511,389,225,920,6,5,23
978,0,512,331,219,920,6,5,23
979,0,509,270,220,920,6,5,23
980,0,557,205,170,920,6,5,23
981,0,557,150,164,920,6,5,23
982,0,559,88,138,920,6,5,23
977,926,181,25,28,924,4,0,32
978,925,180,28,28,924,4,0,24
979,925,180,27,29,924,4,0,20
980,926,180,30,28,924,4,0,12
981,926,181,28,28,924,4,0,9
982,926,181,32,28,924,4,0,6
983,926,181,31,27,924,4,0,5
984,926,181,26,27,924,4,0,5
985,926,181,25,27,924,4,0,4
986,926,181,27,28,924,4,0,3
987,926,181,27,28,924,4,0,3
988,926,181,28,28,924,4,0,2
989,926,181,27,27,924,4,0,6
990,926,181,23,27,924,4,0,10
993,927,179,23,28,924,4,0,13
994,927,179,23,28,924,4,0,15
995,927,180,23,28,924,4,0,13
996,927,179,23,28,924,4,0,13
998,928,179,22,28,924,4,0,8
999,927,179,23,28,924,4,0,6
1000,927,178,23,28,924,4,0,5
1001,927,177,23,30,924,4,0,4
978,1767,657,151,272,925,5,1,32
979,1740,636,179,260,925,5,1,32
980,1711,618,208,247,925,5,1,32
981,1684,598,235,241,925,5,1,32
982,1656,581,264,231,925,5,1,32
983,1635,564,284,223,925,5,1,32
984,1609,550,299,213,925,5,1,32
985,1587,536,284,204,925,5,1,32
986,1564,520,274,197,925,5,1,32
987,1540,508,263,188,925,5,1,32
988,1519,493,254,185,925,5,1,32
989,1499,481,245,178,925,5,1,33
990,1480,467,234,174,925,5,1,33
991,1463,456,224,165,925,5,1,34
992,1443,446,226,160,925,5,1,35
993,1428,435,208,156,925,5,1,36
994,1412,424,199,152,925,5,1,36
995,1395,417,194,144,925,5,1,37
996,1381,406,188,143,925,5,1,37
997,1367,399,180,138,925,5,1,38
998,1355,390,172,132,925,5,1,39
999,1340,383,169,129,925,5,1,39
1000,1328,375,162,125,925,5,1,40
1001,1315,369,159,121,925,5,1,40
1002,1315,360,140,119,925,5,1,41
1003,1292,355,146,115,925,5,1,42
1004,1280,349,142,109,925,5,1,43
1005,1270,340,136,107,925,5,1,44
1006,1259,337,134,104,925,5,1,45
1007,1249,330,129,103,925,5,1,46
1008,1240,326,127,97,925,5,1,47
1009,1230,318,121,98,925,5,1,47
1010,1221,315,118,93,925,5,1,47
1011,1213,310,113,91,925,5,1,48
1012,1205,306,113,87,925,5,1,49
1013,1198,302,111,84,925,5,1,50
1014,1190,298,106,83,925,5,1,50
1015,1182,293,101,80,925,5,1,51
1016,1175,290,96,78,925,5,1,51
1017,1168,286,97,77,925,5,1,50
1018,1160,281,96,76,925,5,1,50
1019,1156,280,88,74,925,5,1,50
1020,1150,276,83,70,925,5,1,51
1021,1144,269,81,73,925,5,1,51
1022,1138,267,80,71,925,5,1,51
1023,1133,265,78,68,925,5,1,52
1024,1128,264,76,65,925,5,1,53
1025,1123,260,75,65,925,5,1,53
1026,1119,257,72,62,925,5,1,53
1027,1113,254,71,63,925,5,1,52
1028,1107,253,67,60,925,5,1,54
1029,1104,248,67,62,925,5,1,57
1030,1099,247,65,56,925,5,1,60
1031,1096,243,59,56,925,5,1,61
1032,1089,242,59,54,925,5,1,61
1033,1085,237,60,57,925,5,1,61
1034,1082,238,57,53,925,5,1,59
1035,1080,236,59,52,925,5,1,56
1036,1075,235,54,51,925,5,1,53
1037,1072,233,51,50,925,5,1,52
1038,1068,231,59,49,925,5,1,52
1039,1065,229,52,49,925,5,1,53
1040,1063,229,48,46,925,5,1,55
1041,1060,225,35,47,925,5,1,54
1043,1051,223,46,45,925,5,1,53
1046,1041,221,32,44,925,5,1,51
982,1830,536,89,78,926,5,0,38
983,1801,519,119,106,926,5,0,38
984,1774,504,144,153,926,5,0,38
985,1749,490,170,143,926,5,0,38
986,1723,477,197,143,926,5,0,38
987,1697,466,222,144,926,5,0,38
988,1677,456,219,137,926,5,0,38
989,1653,445,212,133,926,5,0,38
990,1633,438,201,126,926,5,0,38
991,1611,427,192,122,926,5,0,39
992,1593,417,183,120,926,5,0,40
993,1570,408,178,115,926,5,0,41
994,1552,400,171,110,926,5,0,42
995,1534,392,163,106,926,5,0,43
996,1522,385,151,102,926,5,0,44
997,1497,376,155,101,926,5,0,44
998,1480,369,149,96,926,5,0,45
999,1467,361,142,94,926,5,0,45
1000,1449,354,139,93,926,5,0,46
1001,1436,350,132,87,926,5,0,46
1002,1435,342,114,86,926,5,0,47
1003,1417,339,115,82,926,5,0,48
1004,1397,331,118,80,926,5,0,49
1005,1395,328,103,77,926,5,0,49
1006,1374,320,108,78,926,5,0,50
1007,1361,316,106,74,926,5,0,52
1008,1355,312,98,71,926,5,0,54
1009,1341,307,97,68,926,5,0,56
1010,1329,301,97,65,926,5,0,57
1011,1324,297,86,62,926,5,0,59
1012,1310,293,89,64,926,5,0,63
1013,1301,291,86,57,926,5,0,67
1014,1294,288,83,47,926,5,0,71
1015,1276,283,88,49,926,5,0,72
1016,1270,279,84,47,926,5,0,78
1017,1261,275,81,44,926,5,0,84
1018,1258,273,72,38,926,5,0,85
1019,1246,270,74,35,926,5,0,83
1020,1237,267,76,38,926,5,0,77
1021,1229,264,75,37,926,5,0,74
1022,1223,261,73,39,926,5,0,58
1023,1220,256,68,49,926,5,0,44
1024,1209,255,74,56,926,5,0,29
1025,1206,253,65,47,926,5,0,27
1026,1199,248,64,49,926,5,0,30
1027,1188,246,69,45,926,5,0,32
1028,1183,244,64,43,926,5,0,51
1029,1182,244,62,50,926,5,0,64
1030,1176,241,57,44,926,5,0,84
1032,1165,237,56,46,926,5,0,83
1033,1159,235,53,41,926,5,0,77
1034,1156,234,51,41,926,5,0,67
1035,1151,234,50,41,926,5,0,56
1036,1144,231,53,43,926,5,0,55
1037,1142,228,48,43,926,5,0,47
1038,1136,230,51,40,926,5,0,48
1039,1133,229,47,39,926,5,0,49
1040,1128,226,47,35,926,5,0,56
1041,1127,226,43,34,926,5,0,59
1042,1117,225,46,34,926,5,0,63
1043,1111,223,48,33,926,5,0,67
1044,1116,223,39,31,926,5,0,67
1045,1108,221,43,30,926,5,0,67
1046,1109,220,36,30,926,5,0,64
1047,1105,217,36,31,926,5,0,68
1048,1101,216,37,33,926,5,0,70
1049,1099,216,34,28,926,5,0,72
1050,1091,215,41,29,926,5,0,73
1051,1089,212,37,29,926,5,0,74
1052,1088,212,31,27,926,5,0,73
1053,1081,208,35,30,926,5,0,67
1054,1081,208,33,30,926,5,0,64
1055,1079,209,34,28,926,5,0,60
1056,1076,207,33,27,926,5,0,52
1057,1073,208,33,26,926,5,0,40
1058,1067,207,34,29,926,5,0,29
1059,1069,207,27,28,926,5,0,25
1060,1067,207,26,28,926,5,0,19
1062,1059,202,29,31,926,5,0,19
1064,1051,201,31,32,926,5,0,22
1065,1045,201,33,29,926,5,0,29
1068,1044,200,26,27,926,5,0,33
1069,1041,199,29,29,926,5,0,34
1070,1038,199,28,29,926,5,0,31
1071,1036,198,28,29,926,5,0,26
1074,1008,195,48,34,926,5,0,23
1075,1015,196,39,31,926,5,0,21
1084,996,195,39,28,926,5,0,23
1085,1003,195,30,28,926,5,0,23
1087,980,193,49,29,926,5,0,28
1088,996,194,33,26,926,5,0,30
1089,993,194,34,24,926,5,0,32
1090,999,195,26,23,926,5,0,31
988,1880,756,40,200,927,6,5,45
989,1838,719,81,200,927,6,5,45
990,1799,674,119,235,927,6,5,45
991,1761,639,158,267,927,6,5,45
992,1722,611,197,345,927,6,5,45
993,1687,593,232,331,927,6,5,45
994,1658,567,261,313,927,6,5,45
995,1630,551,289,292,927,6,5,45
996,1600,530,320,279,927,6,5,45
997,1571,512,347,269,927,6,5,45
998,1547,497,366,253,927,6,5,44
999,1523,482,346,237,927,6,5,43
1000,1500,466,330,230,927,6,5,42
1001,1476,450,315,221,927,6,5,42
1002,1456,439,297,210,927,6,5,42
1003,1435,429,285,200,927,6,5,42
1004,1417,417,271,190,927,6,5,42
1005,1400,405,255,184,927,6,5,43
1006,1380,397,248,175,927,6,5,43
1007,1366,388,236,168,927,6,5,44
1008,1348,376,225,164,927,6,5,45
1009,1334,367,219,159,927,6,5,45
1010,1323,355,206,157,927,6,5,45
1011,1309,348,198,152,927,6,5,46
1012,1296,346,192,142,927,6,5,46
1013,1282,339,185,136,927,6,5,47
1014,1271,332,176,132,927,6,5,48
1015,1259,324,173,130,927,6,5,48
1016,1248,318,165,125,927,6,5,49
1017,1238,312,159,124,927,6,5,50
1018,1226,308,150,117,927,6,5,51
1019,1217,301,148,115,927,6,5,52
1020,1208,298,141,110,927,6,5,53
1021,1200,293,137,107,927,6,5,54
1022,1191,289,133,102,927,6,5,56
1023,1181,284,131,99,927,6,5,57
1024,1177,280,120,94,927,6,5,58
1025,1166,275,123,96,927,6,5,57
1026,1160,271,116,92,927,6,5,57
1027,1152,268,114,91,927,6,5,56
1028,1145,264,113,89,927,6,5,56
1029,1139,261,105,85,927,6,5,56
1030,1132,261,104,80,927,6,5,56
1031,1127,255,102,80,927,6,5,57
1032,1119,253,99,78,927,6,5,58
1033,1116,249,93,79,927,6,5,58
1034,1111,254,90,68,927,6,5,59
1035,1106,251,85,67,927,6,5,59
1036,1104,251,81,61,927,6,5,59
1037,1099,248,79,61,927,6,5,58
1038,1094,251,79,55,927,6,5,58
1039,1087,240,81,65,927,6,5,59
1040,1082,236,79,61,927,6,5,60
1041,1072,233,80,62,927,6,5,60
1042,1072,233,73,57,927,6,5,61
1043,1068,232,71,56,927,6,5,63
1044,1063,226,72,58,927,6,5,64
1045,1065,229,64,53,927,6,5,64
1046,1062,227,62,51,927,6,5,64
1047,1053,224,70,52,927,6,5,64
1048,1040,216,72,55,927,6,5,63
1049,1036,217,74,54,927,6,5,62
1050,1039,216,65,52,927,6,5,61
1051,1042,218,59,47,927,6,5,60
1052,1035,215,64,48,927,6,5,56
1053,1034,214,60,50,927,6,5,54
1054,1030,211,61,50,927,6,5,54
1055,1028,212,61,47,927,6,5,54
1056,1025,213,59,43,927,6,5,56
1057,1018,207,61,49,927,6,5,60
1058,1015,207,61,45,927,6,5,65
1059,1013,205,58,44,927,6,5,67
1060,1013,206,55,42,927,6,5,64
1061,1011,203,55,45,927,6,5,62
1062,1010,202,54,44,927,6,5,59
1063,1008,201,63,44,927,6,5,55
1064,1004,199,55,44,927,6,5,54
1065,1003,201,51,40,927,6,5,56
1066,1001,197,61,40,927,6,5,61
1067,998,198,62,39,927,6,5,62
1068,998,199,51,37,927,6,5,61
1069,996,197,49,38,927,6,5,61
1070,996,196,50,38,927,6,5,56
1071,992,195,52,37,927,6,5,53
1072,990,194,61,37,927,6,5,48
1073,990,194,63,38,927,6,5,49
1074,989,193,53,37,927,6,5,51
1075,987,193,57,35,927,6,5,52
1076,984,192,45,36,927,6,5,50
1077,982,192,52,35,927,6,5,48
1078,982,194,46,33,927,6,5,43
1079,980,193,55,33,927,6,5,39
1080,980,193,44,33,927,6,5,34
1081,977,193,41,32,927,6,5,33
1082,975,193,41,31,927,6,5,34
1083,974,193,37,31,927,6,5,36
1084,971,192,41,31,927,6,5,41
1085,972,192,34,29,927,6,5,45
1086,970,192,34,28,927,6,5,46
1087,969,192,38,28,927,6,5,47
1088,968,192,36,28,927,6,5,48
1089,966,191,38,27,927,6,5,48
1090,965,192,37,26,927,6,5,44
1091,965,192,34,26,927,6,5,40
1092,962,191,54,26,927,6,5,37
1093,960,192,39,25,927,6,5,36
1094,960,192,40,25,927,6,5,36
1095,960,191,39,24,927,6,5,37
1096,959,192,39,23,927,6,5,38
1099,958,190,54,24,927,6,5,39
1100,956,189,40,24,927,6,5,40
1102,954,188,51,24,927,6,5,38
1105,952,186,49,24,927,6,5,35
1107,952,185,46,25,927,6,5,30
1111,953,184,42,25,927,6,5,27
1112,948,185,47,24,927,6,5,23
1114,935,185,57,23,927,6,5,21
1123,926,183,44,24,927,6,5,19
1006,1876,545,44,111,929,5,1,36
1007,1845,513,74,126,929,5,1,36
1008,1816,496,102,163,929,5,1,36
1009,1791,484,128,169,929,5,1,36
1010,1765,473,154,163,929,5,1,36
1011,1741,460,178,158,929,5,1,36
1012,1714,449,205,155,929,5,1,36
1013,1694,437,222,153,929,5,1,36
1014,1671,429,215,147,929,5,1,36
1015,1649,421,209,142,929,5,1,36
1016,1629,413,200,136,929,5,1,37
1017,1611,406,193,131,929,5,1,37
1018,1590,396,185,129,929,5,1,37
1019,1572,389,179,125,929,5,1,37
1020,1554,382,173,122,929,5,1,38
1021,1538,375,169,120,929,5,1,38
1022,1521,367,164,117,929,5,1,39
1023,1505,361,159,112,929,5,1,39
1024,1490,354,153,109,929,5,1,40
1025,1477,349,148,106,929,5,1,41
1026,1462,342,144,105,929,5,1,42
1027,1447,339,140,100,929,5,1,43
1028,1434,333,135,98,929,5,1,43
1029,1422,328,129,95,929,5,1,43
1030,1411,324,126,92,929,5,1,43
1031,1398,319,121,91,929,5,1,44
1032,1386,315,118,87,929,5,1,44
1033,1379,309,112,86,929,5,1,45
1034,1362,304,115,86,929,5,1,45
1035,1354,300,111,83,929,5,1,46
1036,1344,297,107,80,929,5,1,47
1037,1334,294,104,77,929,5,1,48
1038,1325,288,101,78,929,5,1,48
1039,1313,286,100,75,929,5,1,48
1040,1304,282,100,74,929,5,1,48
1041,1296,280,96,71,929,5,1,47
1042,1291,278,90,70,929,5,1,47
1043,1281,273,89,69,929,5,1,48
1044,1272,272,88,67,929,5,1,47
1045,1263,270,88,63,929,5,1,47
1046,1257,267,84,64,929,5,1,48
1047,1248,263,84,63,929,5,1,49
1048,1241,261,82,61,929,5,1,51
1049,1233,258,81,60,929,5,1,51
1050,1229,255,78,58,929,5,1,52
1051,1223,254,75,57,929,5,1,52
1052,1217,252,75,55,929,5,1,52
1053,1211,250,72,55,929,5,1,51
1054,1203,246,74,55,929,5,1,50
1055,1197,244,71,54,929,5,1,50
1056,1193,243,67,53,929,5,1,48
1057,1187,240,68,53,929,5,1,49
1058,1182,239,64,52,929,5,1,49
1059,1176,238,64,49,929,5,1,51
1060,1169,235,65,50,929,5,1,52
1061,1165,233,62,49,929,5,1,54
1062,1161,232,60,46,929,5,1,55
1063,1156,232,59,44,929,5,1,55
1064,1151,229,59,46,929,5,1,54
1065,1146,227,57,46,929,5,1,52
1066,1140,226,57,44,929,5,1,50
1067,1137,225,54,44,929,5,1,46
1068,1132,223,54,44,929,5,1,46
1069,1130,223,52,43,929,5,1,46
1070,1124,221,54,42,929,5,1,49
1071,1121,218,49,43,929,5,1,50
1072,1115,215,52,43,929,5,1,53
1073,1111,216,51,40,929,5,1,56
1074,1108,216,51,39,929,5,1,56
1075,1107,215,45,38,929,5,1,54
1076,1103,215,45,37,929,5,1,51
1077,1100,213,44,38,929,5,1,47
1078,1096,212,46,37,929,5,1,43
1079,1091,212,46,37,929,5,1,40
1080,1087,210,45,38,929,5,1,39
1081,1085,209,44,37,929,5,1,40
1082,1081,209,43,36,929,5,1,41
1083,1079,207,41,36,929,5,1,43
1084,1077,206,40,36,929,5,1,47
1085,1075,206,39,34,929,5,1,49
1086,1071,205,39,34,929,5,1,49
1087,1069,203,39,35,929,5,1,47
1088,1064,202,41,35,929,5,1,47
1089,1063,201,39,37,929,5,1,48
1090,1063,202,35,33,929,5,1,50
1091,1057,202,39,31,929,5,1,53
1092,1056,201,38,33,929,5,1,56
1093,1055,200,36,32,929,5,1,61
1094,1051,199,37,31,929,5,1,63
1095,1050,199,36,30,929,5,1,60
1096,1049,201,35,29,929,5,1,55
1097,1043,200,39,29,929,5,1,50
1098,1042,198,37,30,929,5,1,48
1099,1041,199,35,30,929,5,1,45
1100,1039,198,34,29,929,5,1,44
1101,1040,198,33,28,929,5,1,42
1102,1037,198,32,28,929,5,1,41
1103,1033,198,32,27,929,5,1,40
1104,1034,196,30,29,929,5,1,39
1105,1031,196,31,29,929,5,1,41
1106,1027,196,32,28,929,5,1,42
1107,1025,194,31,28,929,5,1,45
1108,1025,195,30,27,929,5,1,46
1109,1022,195,33,27,929,5,1,46
1110,1022,195,30,26,929,5,1,46
1111,1021,195,29,25,929,5,1,38
1112,1018,194,31,25,929,5,1,29
1113,1018,195,28,26,929,5,1,22
1114,1016,194,27,26,929,5,1,21
1115,1014,194,30,25,929,5,1,21
1116,1013,191,26,27,929,5,1,21
1117,1011,192,27,25,929,5,1,30
1118,1009,191,27,26,929,5,1,32
1119,1009,190,25,24,929,5,1,39
1120,1005,192,27,25,929,5,1,34
1121,1005,191,26,24,929,5,1,34
1122,1004,191,25,24,929,5,1,28
1123,1003,191,23,24,929,5,1,21
1124,1001,190,27,25,929,5,1,20
1125,999,190,25,24,929,5,1,18
1126,997,190,28,24,929,5,1,22
1127,998,190,24,23,929,5,1,21
1128,996,189,23,23,929,5,1,23
1007,792,195,44,43,931,6,1,135
1008,791,197,40,41,931,6,1,122
1009,797,203,56,39,931,6,1,107
1010,797,203,53,38,931,6,1,79
1011,795,201,55,40,931,6,1,65
1012,794,202,55,39,931,6,1,57
1013,794,203,58,40,931,6,1,56
1014,795,203,56,43,931,6,1,51
1015,796,199,56,47,931,6,1,47
1016,797,198,54,48,931,6,1,47
1017,798,203,51,44,931,6,1,46
1018,799,201,50,48,931,6,1,42
1019,799,200,53,49,931,6,1,37
1020,800,204,52,45,931,6,1,33
1021,801,205,51,45,931,6,1,29
1022,801,203,51,46,931,6,1,28
1023,802,197,54,52,931,6,1,25
1024,803,200,51,54,931,6,1,29
1025,805,199,50,53,931,6,1,31
1026,805,199,50,54,931,6,1,39
1027,805,199,53,55,931,6,1,43
1028,807,211,52,45,931,6,1,44
1029,808,220,53,37,931,6,1,41
1030,808,216,55,42,931,6,1,36
1031,808,215,56,44,931,6,1,36
1032,814,220,54,40,931,6,1,39
1033,814,222,55,41,931,6,1,45
1034,816,221,57,46,931,6,1,52
1035,817,219,57,45,931,6,1,58
1036,821,222,55,46,931,6,1,63
1037,824,222,55,47,931,6,1,57
1038,825,223,56,48,931,6,1,47
1039,827,222,56,48,931,6,1,39
1040,829,224,56,48,931,6,1,35
1041,830,224,57,50,931,6,1,34
1042,832,223,57,52,931,6,1,30
1043,834,222,57,53,931,6,1,30
1044,836,226,61,51,931,6,1,30
1045,839,225,62,54,931,6,1,31
1046,838,226,64,54,931,6,1,30
1047,841,227,63,56,931,6,1,31
1048,845,227,60,55,931,6,1,31
1049,845,229,65,54,931,6,1,30
1050,847,230,64,55,931,6,1,29
1051,849,231,69,56,931,6,1,27
1052,851,231,65,56,931,6,1,27
1053,853,234,64,56,931,6,1,27
1054,852,233,66,58,931,6,1,26
1055,856,234,62,57,931,6,1,25
1056,857,236,65,57,931,6,1,24
1057,856,234,66,60,931,6,1,23
1058,857,236,66,59,931,6,1,24
1059,861,240,65,57,931,6,1,26
1060,862,242,67,59,931,6,1,30
1061,864,242,67,57,931,6,1,33
1062,865,242,67,58,931,6,1,36
1063,866,243,72,60,931,6,1,38
1064,866,243,71,62,931,6,1,41
1065,868,246,70,60,931,6,1,35
1066,870,247,72,67,931,6,1,31
1067,872,250,67,51,931,6,1,24
1068,871,250,73,61,931,6,1,22
1069,872,251,72,60,931,6,1,20
1070,872,252,73,58,931,6,1,16
1071,874,252,73,64,931,6,1,26
1072,874,253,71,35,931,6,1,31
1073,874,252,78,72,931,6,1,43
1074,875,253,76,73,931,6,1,42
1075,876,254,77,68,931,6,1,43
1076,875,255,77,68,931,6,1,35
1077,875,259,77,66,931,6,1,31
1078,875,263,78,60,931,6,1,29
1079,875,263,77,54,931,6,1,32
1080,877,266,74,46,931,6,1,31
1081,873,269,83,67,931,6,1,28
1082,873,268,84,69,931,6,1,27
1083,874,269,83,66,931,6,1,27
1084,873,269,86,68,931,6,1,39
1085,875,272,83,62,931,6,1,36
1086,872,272,88,67,931,6,1,33
1087,873,272,85,66,931,6,1,18
1088,874,274,84,57,931,6,1,17
1089,873,275,88,70,931,6,1,12
1090,875,276,85,55,931,6,1,10
1091,876,275,86,58,931,6,1,7
1092,873,277,89,58,931,6,1,8
1093,875,276,87,58,931,6,1,6
1094,878,280,80,54,931,6,1,5
1095,881,285,77,49,931,6,1,3
1096,879,288,78,46,931,6,1,3
1097,880,289,77,41,931,6,1,3
1098,878,288,79,48,931,6,1,3
1099,876,288,82,48,931,6,1,5
1100,876,289,82,49,931,6,1,7
1101,877,287,82,53,931,6,1,11
1102,877,288,85,52,931,6,1,12
1103,879,290,83,50,931,6,1,13
1104,880,291,85,50,931,6,1,12
1105,879,293,87,50,931,6,1,10
1106,879,292,87,53,931,6,1,7
1107,882,291,85,49,931,6,1,4
1108,882,292,85,47,931,6,1,4
1109,882,292,87,47,931,6,1,6
1110,884,292,86,46,931,6,1,9
1111,883,291,88,47,931,6,1,10
1112,883,291,87,46,931,6,1,8
1113,883,291,89,47,931,6,1,4
1114,882,292,90,47,931,6,1,2
1115,884,293,88,46,931,6,1,1
1116,884,292,87,46,931,6,1,1
1117,884,293,87,46,931,6,1,1
1118,884,292,89,47,931,6,1,1
1119,886,289,89,49,931,6,1,0
1120,884,293,90,47,931,6,1,0
1121,883,287,93,52,931,6,1,0
1122,883,289,91,48,931,6,1,6
1123,884,289,91,48,931,6,1,12
1124,878,296,99,51,931,6,1,19
1125,879,297,99,52,931,6,1,20
1127,878,299,97,49,931,6,1,20
1128,881,297,95,52,931,6,1,16
1130,879,295,99,56,931,6,1,12
1131,885,283,93,54,931,6,1,6
1132,879,296,97,56,931,6,1,5
1134,880,296,98,52,931,6,1,3
1135,878,296,101,53,931,6,1,3
1026,777,191,31,25,934,9,4,28
1027,776,190,31,25,934,9,4,37
1028,775,189,29,25,934,9,4,44
1029,775,190,27,26,934,9,4,53
1030,775,191,28,26,934,9,4,55
1031,773,191,27,27,934,9,4,48
1032,774,192,27,27,934,9,4,43
1033,773,191,29,26,934,9,4,34
1034,771,193,29,25,934,9,4,30
1035,769,193,31,26,934,9,4,22
1036,768,193,30,25,934,9,4,16
1037,769,194,30,26,934,9,4,20
1038,767,194,30,26,934,9,4,16
1039,767,194,31,25,934,9,4,19
1040,764,192,32,26,934,9,4,22
1041,763,194,31,27,934,9,4,25
1042,762,193,32,29,934,9,4,25
1043,760,194,33,27,934,9,4,28
1044,759,194,32,27,934,9,4,37
1045,758,196,33,28,934,9,4,44
1046,757,196,32,28,934,9,4,42
1047,755,195,34,29,934,9,4,39
1048,755,197,32,28,934,9,4,42
1049,752,195,32,29,934,9,4,38
1050,751,195,34,31,934,9,4,33
1051,750,195,34,30,934,9,4,23
1052,748,196,34,31,934,9,4,22
1053,746,196,35,30,934,9,4,26
1054,745,197,35,31,934,9,4,32
1055,742,198,36,31,934,9,4,38
1056,741,198,37,32,934,9,4,39
1057,740,198,38,33,934,9,4,40
1058,738,199,37,32,934,9,4,39
1059,737,198,36,33,934,9,4,40
1060,733,200,41,34,934,9,4,41
1061,731,200,40,36,934,9,4,43
1062,730,202,41,33,934,9,4,45
1063,727,201,42,37,934,9,4,51
1064,726,202,42,37,934,9,4,55
1065,724,204,42,37,934,9,4,56
1066,721,206,44,36,934,9,4,54
1067,718,206,44,37,934,9,4,52
1068,717,206,45,38,934,9,4,52
1069,715,207,44,39,934,9,4,50
1070,713,208,47,40,934,9,4,49
1071,708,208,49,41,934,9,4,48
1072,707,209,49,42,934,9,4,49
1073,702,210,52,43,934,9,4,51
1074,700,213,52,41,934,9,4,51
1075,695,214,57,42,934,9,4,51
1076,694,216,53,42,934,9,4,50
1077,691,218,53,41,934,9,4,51
1078,688,217,55,44,934,9,4,54
1079,685,218,56,47,934,9,4,57
1080,680,222,60,47,934,9,4,60
1081,678,222,58,49,934,9,4,61
1082,674,222,60,51,934,9,4,63
1083,669,224,61,51,934,9,4,63
1084,665,226,61,52,934,9,4,61
1085,660,228,62,53,934,9,4,60
1086,656,230,64,55,934,9,4,59
1087,651,233,68,55,934,9,4,60
1088,645,235,70,56,934,9,4,61
1089,642,238,71,57,934,9,4,63
1090,636,242,73,58,934,9,4,64
1091,631,244,74,59,934,9,4,64
1092,625,245,75,62,934,9,4,65
1093,619,247,77,66,934,9,4,66
1094,612,252,79,66,934,9,4,66
1095,605,256,83,66,934,9,4,67
1096,599,259,84,68,934,9,4,68
1097,591,263,87,71,934,9,4,70
1098,582,267,91,75,934,9,4,71
1099,573,269,93,80,934,9,4,73
1100,565,275,96,82,934,9,4,74
1101,555,281,101,84,934,9,4,75
1102,545,287,102,86,934,9,4,75
1103,534,292,107,90,934,9,4,74
1104,522,298,112,95,934,9,4,74
1105,511,305,115,98,934,9,4,73
1106,496,313,123,103,934,9,4,73
1107,481,320,127,106,934,9,4,74
1108,464,329,133,114,934,9,4,74
1109,446,338,142,120,934,9,4,75
1110,426,346,147,127,934,9,4,75
1111,406,361,156,135,934,9,4,76
1112,381,370,165,146,934,9,4,76
1113,355,387,176,152,934,9,4,76
1114,326,402,188,165,934,9,4,76
1115,295,418,202,176,934,9,4,76
1116,256,439,215,191,934,9,4,76
1117,215,462,232,206,934,9,4,75
1118,166,487,254,225,934,9,4,75
1119,109,516,278,247,934,9,4,74
1120,43,553,307,274,934,9,4,74
1121,0,594,306,308,934,9,4,74
1122,1,643,256,351,934,9,4,74
1123,0,708,194,367,934,9,4,74
1124,1,783,124,289,934,9,4,74
1032,803,200,48,37,935,9,1,40
1033,801,201,48,39,935,9,1,30
1034,799,201,48,37,935,9,1,33
1035,799,201,46,38,935,9,1,26
1036,798,201,47,41,935,9,1,25
1037,797,201,49,40,935,9,1,19
1038,797,199,50,41,935,9,1,29
1039,796,200,53,45,935,9,1,43
1040,795,199,54,47,935,9,1,52
1041,794,199,54,49,935,9,1,54
1042,793,198,56,50,935,9,1,53
1043,795,200,53,49,935,9,1,50
1044,793,197,56,51,935,9,1,44
1045,791,199,56,51,935,9,1,36
1046,791,199,57,52,935,9,1,35
1047,789,198,60,53,935,9,1,34
1048,787,201,61,54,935,9,1,37
1049,788,202,56,53,935,9,1,36
1050,789,205,53,51,935,9,1,36
1051,787,204,56,52,935,9,1,36
1052,785,207,57,50,935,9,1,35
1053,786,207,55,52,935,9,1,36
1054,785,209,57,51,935,9,1,34
1055,785,211,58,51,935,9,1,37
1056,784,215,58,48,935,9,1,38
1057,782,215,58,51,935,9,1,41
1058,781,217,58,49,935,9,1,41
1059,779,221,59,48,935,9,1,41
1060,778,216,61,54,935,9,1,40
1061,777,222,60,49,935,9,1,39
1062,774,219,63,54,935,9,1,40
1063,774,223,62,54,935,9,1,40
1064,772,221,65,55,935,9,1,41
1065,772,221,64,59,935,9,1,42
1066,769,223,66,59,935,9,1,44
1067,769,224,64,59,935,9,1,45
1068,765,227,67,60,935,9,1,46
1069,764,225,66,64,935,9,1,45
1070,763,230,67,61,935,9,1,45
1071,761,230,69,64,935,9,1,45
1072,756,236,71,60,935,9,1,45
1073,756,235,72,64,935,9,1,46
1074,754,236,71,67,935,9,1,46
1075,751,237,75,68,935,9,1,47
1076,750,238,76,70,935,9,1,49
1077,747,239,78,75,935,9,1,51
1078,744,240,80,78,935,9,1,52
1079,741,242,81,79,935,9,1,52
1080,742,243,81,81,935,9,1,52
1081,738,246,82,82,935,9,1,51
1082,735,252,82,80,935,9,1,50
1083,733,255,84,82,935,9,1,50
1084,729,256,87,86,935,9,1,52
1085,724,259,92,90,935,9,1,54
1086,722,262,95,92,935,9,1,55
1087,717,265,99,94,935,9,1,56
1088,715,268,99,98,935,9,1,57
1089,710,271,104,101,935,9,1,56
1090,705,276,104,103,935,9,1,55
1091,701,277,110,109,935,9,1,55
1092,698,283,110,110,935,9,1,55
1093,692,289,114,112,935,9,1,56
1094,688,292,118,119,935,9,1,56
1095,681,299,122,123,935,9,1,57
1096,676,301,126,129,935,9,1,57
1097,669,309,131,133,935,9,1,58
1098,664,317,135,135,935,9,1,58
1099,658,322,142,144,935,9,1,58
1100,653,331,147,147,935,9,1,57
1101,643,341,156,151,935,9,1,57
1102,636,348,162,159,935,9,1,57
1103,626,359,170,166,935,9,1,57
1104,621,365,175,179,935,9,1,58
1105,611,384,181,181,935,9,1,58
1106,602,387,188,201,935,9,1,59
1107,587,401,207,214,935,9,1,59
1108,575,419,213,222,935,9,1,59
1109,560,423,231,253,935,9,1,59
1110,545,464,235,244,935,9,1,59
1111,527,469,252,284,935,9,1,59
1112,504,490,272,308,935,9,1,59
1113,484,519,287,337,935,9,1,59
1114,455,548,313,375,935,9,1,59
1115,423,585,338,415,935,9,1,58
1116,383,622,371,454,935,9,1,58
1117,335,673,411,402,935,9,1,57
1118,280,731,454,344,935,9,1,56
1119,290,801,431,275,935,9,1,54
1120,269,885,436,194,935,9,1,53
1121,266,997,390,79,935,9,1,52
1061,803,203,46,36,938,6,1,103
1062,804,201,46,39,938,6,1,99
1063,804,202,45,41,938,6,1,94
1064,796,205,51,46,938,6,1,81
1065,808,203,40,43,938,6,1,68
1066,802,199,50,46,938,6,1,56
1067,804,202,47,44,938,6,1,49
1068,803,206,48,41,938,6,1,37
1069,806,204,46,45,938,6,1,34
1070,804,204,50,47,938,6,1,32
1071,807,203,47,50,938,6,1,31
1072,810,206,43,46,938,6,1,24
1073,808,206,45,39,938,6,1,23
1074,810,206,48,50,938,6,1,30
1075,811,211,49,48,938,6,1,37
1076,810,213,55,48,938,6,1,40
1077,813,214,54,47,938,6,1,51
1078,812,213,60,49,938,6,1,54
1079,813,216,62,48,938,6,1,54
1080,823,223,55,43,938,6,1,42
1081,825,223,56,43,938,6,1,39
1082,826,222,58,46,938,6,1,37
1083,828,222,61,47,938,6,1,36
1084,829,222,63,50,938,6,1,33
1085,833,221,63,51,938,6,1,31
1086,834,223,66,50,938,6,1,30
1087,835,223,70,51,938,6,1,31
1088,840,225,71,52,938,6,1,31
1089,842,225,71,52,938,6,1,33
1090,847,228,71,50,938,6,1,35
1091,852,228,69,53,938,6,1,38
1092,853,227,71,56,938,6,1,37
1093,856,229,73,55,938,6,1,38
1094,859,231,76,55,938,6,1,38
1095,861,231,74,58,938,6,1,37
1096,866,233,74,58,938,6,1,36
1097,870,233,75,58,938,6,1,34
1098,875,236,73,57,938,6,1,34
1099,877,236,72,57,938,6,1,33
1100,879,239,71,57,938,6,1,34
1101,880,240,74,58,938,6,1,33
1102,880,240,78,61,938,6,1,32
1103,883,239,76,61,938,6,1,31
1104,884,241,77,61,938,6,1,28
1105,885,242,76,59,938,6,1,25
1106,885,241,79,61,938,6,1,21
1107,889,244,75,58,938,6,1,22
1108,889,245,77,61,938,6,1,24
1109,888,246,81,65,938,6,1,26
1110,890,247,80,64,938,6,1,27
1111,890,249,80,62,938,6,1,30
1112,894,250,76,59,938,6,1,33
1113,891,252,80,62,938,6,1,30
1114,893,254,81,63,938,6,1,25
1115,894,255,78,61,938,6,1,18
1116,894,254,77,64,938,6,1,16
1117,897,254,75,61,938,6,1,12
1118,896,256,78,59,938,6,1,15
1119,893,258,81,58,938,6,1,14
1120,892,260,81,49,938,6,1,14
1121,888,260,87,59,938,6,1,11
1122,890,259,85,60,938,6,1,14
1123,890,261,86,62,938,6,1,17
1124,886,263,92,64,938,6,1,25
1125,888,264,90,61,938,6,1,24
1126,888,264,90,63,938,6,1,24
1127,888,265,91,59,938,6,1,24
1128,889,265,93,61,938,6,1,24
1129,884,278,93,58,938,6,1,25
1130,895,267,84,55,938,6,1,18
1131,895,267,84,49,938,6,1,20
1132,890,269,93,65,938,6,1,18
1133,885,281,94,56,938,6,1,17
1134,891,270,91,63,938,6,1,16
1135,891,270,93,62,938,6,1,25
1136,890,270,95,64,938,6,1,26
1137,888,273,97,63,938,6,1,24
1138,889,271,97,64,938,6,1,12
1139,891,272,93,61,938,6,1,9
1140,889,274,96,58,938,6,1,4
1141,889,274,96,59,938,6,1,4
1142,890,273,95,60,938,6,1,5
1143,889,273,96,59,938,6,1,5
1144,888,273,96,60,938,6,1,3
1145,889,273,95,60,938,6,1,3
1146,892,274,91,57,938,6,1,3
1147,892,274,91,56,938,6,1,3
1148,889,275,95,57,938,6,1,2
1149,889,276,95,57,938,6,1,2
1150,891,275,91,55,938,6,1,3
1151,891,275,91,56,938,6,1,3
1152,892,274,91,55,938,6,1,3
1153,892,273,92,55,938,6,1,3
1154,894,273,91,58,938,6,1,2
1155,895,272,90,59,938,6,1,2
1156,892,272,92,59,938,6,1,3
1157,892,272,93,60,938,6,1,5
1158,893,272,92,60,938,6,1,6
1159,891,272,93,59,938,6,1,5
1160,892,274,92,58,938,6,1,3
1161,892,274,91,58,938,6,1,2
1162,891,274,93,58,938,6,1,2
1163,891,273,92,59,938,6,1,1
1164,890,274,92,59,938,6,1,1
1165,892,273,91,58,938,6,1,0
1166,891,272,93,60,938,6,1,0
1167,891,272,93,60,938,6,1,0
1168,892,272,92,59,938,6,1,0
1169,889,272,96,61,938,6,1,0
1170,892,272,94,61,938,6,1,0
1171,892,271,93,61,938,6,1,0
1172,893,272,93,60,938,6,1,0
1173,890,272,95,60,938,6,1,1
1174,890,272,94,60,938,6,1,2
1175,891,272,94,60,938,6,1,2
1176,891,272,91,60,938,6,1,1
1177,892,273,90,59,938,6,1,1
1178,893,273,90,59,938,6,1,1
1179,892,273,91,58,938,6,1,1
1180,892,274,91,58,938,6,1,1
1181,889,273,94,60,938,6,1,1
1182,890,273,91,60,938,6,1,2
1183,890,272,93,61,938,6,1,4
1184,884,273,97,61,938,6,1,4
1185,884,274,97,61,938,6,1,4
1186,890,273,93,61,938,6,1,2
1187,893,273,91,59,938,6,1,2
1188,891,273,93,59,938,6,1,3
1189,892,273,92,58,938,6,1,3
1190,885,282,95,56,938,6,1,3
1191,885,280,95,57,938,6,1,2
1192,891,275,91,57,938,6,1,1
1193,891,275,91,57,938,6,1,2
1194,892,274,90,58,938,6,1,3
1195,885,277,96,59,938,6,1,3
1196,885,277,96,58,938,6,1,4
1197,884,277,97,59,938,6,1,3
1198,884,277,97,59,938,6,1,3
1199,890,273,91,60,938,6,1,2
1200,891,273,93,59,938,6,1,3
1201,889,273,94,60,938,6,1,5
1202,891,274,91,58,938,6,1,8
1203,891,274,91,58,938,6,1,8
1204,891,274,91,57,938,6,1,6
1205,891,274,91,57,938,6,1,3
1206,891,274,90,58,938,6,1,2
1207,890,274,92,58,938,6,1,1
1208,889,274,94,59,938,6,1,2
1209,892,274,91,58,938,6,1,3
1210,889,273,96,60,938,6,1,4
1211,889,273,96,60,938,6,1,3
1212,889,273,94,60,938,6,1,1
1213,889,272,94,61,938,6,1,2
1214,891,272,91,61,938,6,1,2
1215,885,276,97,60,938,6,1,3
1216,884,276,96,59,938,6,1,2
1217,884,276,96,58,938,6,1,2
1218,884,276,96,59,938,6,1,2
1219,885,276,96,59,938,6,1,2
1220,890,273,93,61,938,6,1,2
1221,889,273,94,61,938,6,1,3
1222,890,273,93,60,938,6,1,3
1223,891,273,93,60,938,6,1,3
1224,891,272,93,61,938,6,1,3
1225,891,272,94,61,938,6,1,2
1226,891,272,94,61,938,6,1,1
1227,890,271,94,63,938,6,1,2
1228,890,271,95,64,938,6,1,2
1229,891,271,94,64,938,6,1,2
1230,889,273,94,60,938,6,1,1
1231,890,273,94,60,938,6,1,0
1232,890,273,94,60,938,6,1,0
1233,890,273,94,60,938,6,1,1
1234,890,272,94,62,938,6,1,1
1235,890,272,94,62,938,6,1,1
1236,890,272,95,62,938,6,1,1
1237,890,272,94,62,938,6,1,1
1238,890,272,94,62,938,6,1,1
1239,891,272,94,61,938,6,1,0
1240,891,272,93,62,938,6,1,0
1241,892,271,92,63,938,6,1,0
1242,890,272,93,62,938,6,1,0
1243,889,272,94,63,938,6,1,1
1244,889,272,94,63,938,6,1,1
1245,889,272,93,62,938,6,1,1
1246,891,271,93,63,938,6,1,0
1247,891,271,93,63,938,6,1,0
1248,891,271,93,64,938,6,1,0
1249,890,271,94,64,938,6,1,0
1250,891,272,93,63,938,6,1,0
1251,891,272,93,62,938,6,1,0
1252,891,272,93,62,938,6,1,0
1253,889,271,96,64,938,6,1,0
1254,889,271,97,64,938,6,1,0
1255,889,271,97,63,938,6,1,0
1256,890,271,95,64,938,6,1,0
1257,889,271,96,63,938,6,1,0
1258,889,272,95,64,938,6,1,1
1259,889,272,95,63,938,6,1,0
1260,890,272,97,62,938,6,1,1
1261,889,272,97,62,938,6,1,0
1262,890,272,95,61,938,6,1,2
1263,890,273,95,61,938,6,1,3
1264,891,273,94,60,938,6,1,4
1265,891,273,94,60,938,6,1,3
1266,890,273,95,61,938,6,1,1
1267,890,274,95,59,938,6,1,1
1268,890,274,95,59,938,6,1,0
1269,889,275,95,59,938,6,1,0
1270,890,273,94,60,938,6,1,0
1271,890,273,94,60,938,6,1,0
1272,891,273,92,60,938,6,1,0
1273,891,274,92,59,938,6,1,1
1274,891,273,93,59,938,6,1,1
1275,891,273,92,59,938,6,1,2
1276,891,273,93,59,938,6,1,1
1277,891,273,93,59,938,6,1,2
1278,893,274,89,57,938,6,1,2
1279,893,274,90,57,938,6,1,1
1280,891,274,92,58,938,6,1,0
1281,891,274,90,58,938,6,1,0
1282,891,274,90,58,938,6,1,0
1283,891,274,90,58,938,6,1,3
1284,890,275,92,58,938,6,1,4
1285,885,280,95,57,938,6,1,4
1286,891,273,90,59,938,6,1,1
1287,890,273,92,59,938,6,1,1
1288,891,273,91,59,938,6,1,0
1289,891,272,92,61,938,6,1,3
1290,892,274,93,58,938,6,1,3
1291,892,274,92,58,938,6,1,4
1292,892,274,93,58,938,6,1,1
1293,893,275,91,56,938,6,1,2
1294,893,275,91,56,938,6,1,3
1295,893,274,91,56,938,6,1,4
1296,893,275,90,54,938,6,1,5
1297,893,275,90,54,938,6,1,6
1298,893,275,90,53,938,6,1,10
1299,893,276,90,53,938,6,1,10
1300,896,272,85,47,938,6,1,10
1305,891,276,91,56,938,6,1,6
1308,891,275,93,57,938,6,1,7
1309,884,282,98,57,938,6,1,8
1310,884,281,96,56,938,6,1,11
1311,885,281,95,57,938,6,1,12
1312,885,279,96,59,938,6,1,11
1313,885,282,96,56,938,6,1,10
1314,891,274,91,58,938,6,1,12
1315,891,274,92,58,938,6,1,15
1316,891,273,92,58,938,6,1,15
1317,891,273,92,58,938,6,1,15
1318,891,274,92,59,938,6,1,13
1319,891,274,92,59,938,6,1,9
1320,890,275,93,59,938,6,1,5
1321,890,274,93,59,938,6,1,3
1322,889,274,95,59,938,6,1,2
1323,890,274,94,58,938,6,1,1
1324,890,274,94,58,938,6,1,0
1325,890,274,95,59,938,6,1,0
1326,888,274,96,60,938,6,1,0
1327,889,274,95,59,938,6,1,0
1328,889,274,96,59,938,6,1,0
1329,889,274,95,59,938,6,1,0
1330,891,274,91,59,938,6,1,0
1331,890,275,92,59,938,6,1,0
1332,890,274,92,59,938,6,1,0
1333,890,274,93,60,938,6,1,0
1334,889,274,94,59,938,6,1,0
1335,890,274,93,59,938,6,1,0
1336,890,274,94,59,938,6,1,0
1337,890,273,93,60,938,6,1,0
1338,890,273,93,60,938,6,1,1
1339,891,273,94,60,938,6,1,1
1340,891,275,91,59,938,6,1,3
1341,890,275,91,59,938,6,1,4
1342,885,282,97,57,938,6,1,6
1343,890,275,93,59,938,6,1,7
1344,883,284,98,55,938,6,1,8
1345,884,280,98,58,938,6,1,6
1346,884,279,98,58,938,6,1,6
1347,890,275,92,58,938,6,1,5
1348,890,275,92,58,938,6,1,5
1349,890,275,92,58,938,6,1,3
1350,884,285,96,56,938,6,1,2
1351,883,279,98,59,938,6,1,3
1352,883,280,99,59,938,6,1,8
1353,883,281,98,58,938,6,1,14
1354,883,282,98,59,938,6,1,15
1355,884,280,98,60,938,6,1,11
1356,884,284,96,55,938,6,1,6
1357,884,284,97,55,938,6,1,9
1358,884,284,97,56,938,6,1,9
1359,891,274,90,57,938,6,1,13
1360,885,281,96,57,938,6,1,8
1361,891,275,90,58,938,6,1,7
1362,885,282,95,56,938,6,1,3
1363,885,281,96,57,938,6,1,3
1364,885,282,96,57,938,6,1,3
1365,890,273,93,61,938,6,1,3
1366,890,272,94,63,938,6,1,6
1367,891,272,93,61,938,6,1,9
1368,892,272,91,60,938,6,1,12
1369,893,272,90,59,938,6,1,10
1370,891,275,93,59,938,6,1,7
1371,889,274,94,61,938,6,1,4
1372,890,274,92,60,938,6,1,3
1373,888,275,95,59,938,6,1,4
1374,889,275,95,60,938,6,1,4
1375,888,274,95,61,938,6,1,4
1376,890,273,94,61,938,6,1,2
1377,890,272,94,62,938,6,1,1
1378,890,272,94,62,938,6,1,1
1379,891,272,94,62,938,6,1,2
1380,889,268,97,65,938,6,1,2
1381,892,271,93,62,938,6,1,2
1382,890,271,93,62,938,6,1,2
1383,891,271,93,62,938,6,1,2
1384,890,273,93,60,938,6,1,2
1385,889,273,93,60,938,6,1,1
1386,890,273,93,60,938,6,1,0
1387,890,274,92,59,938,6,1,0
1388,889,274,93,59,938,6,1,0
1389,889,273,93,60,938,6,1,0
1390,892,274,90,58,938,6,1,0
1391,890,272,92,61,938,6,1,0
1392,892,272,89,62,938,6,1,0
1393,892,273,88,61,938,6,1,0
1394,893,272,88,61,938,6,1,0
1395,893,272,88,60,938,6,1,0
1396,893,273,88,60,938,6,1,2
1397,894,272,88,61,938,6,1,3
1398,892,273,91,59,938,6,1,3
1399,892,274,91,58,938,6,1,2
1400,890,274,92,60,938,6,1,1
1401,890,274,91,59,938,6,1,1
1402,890,274,92,60,938,6,1,1
1403,891,274,91,59,938,6,1,1
1404,891,274,92,59,938,6,1,1
1405,889,273,93,61,938,6,1,1
1406,890,272,93,62,938,6,1,0
1407,890,272,93,62,938,6,1,0
1408,889,273,93,61,938,6,1,0
1409,891,272,92,61,938,6,1,0
1410,892,273,93,59,938,6,1,1
1411,891,274,93,59,938,6,1,3
1412,892,274,90,58,938,6,1,4
1413,893,275,88,56,938,6,1,5
1414,885,283,96,55,938,6,1,4
1415,885,282,95,55,938,6,1,3
1416,891,275,91,57,938,6,1,1
1417,890,275,92,57,938,6,1,1
1418,891,274,90,58,938,6,1,3
1419,892,275,89,57,938,6,1,4
1420,891,274,93,59,938,6,1,5
1421,883,278,100,59,938,6,1,2
1422,890,273,94,62,938,6,1,3
1423,892,273,92,60,938,6,1,2
1424,889,273,95,61,938,6,1,2
1425,889,274,95,60,938,6,1,2
1426,889,275,94,59,938,6,1,3
1427,883,278,98,61,938,6,1,8
1428,884,280,96,59,938,6,1,10
1429,885,283,96,61,938,6,1,11
1430,884,282,97,55,938,6,1,7
1431,883,279,97,58,938,6,1,9
1432,883,277,98,60,938,6,1,10
1433,890,273,91,58,938,6,1,14
1434,893,272,89,59,938,6,1,15
1435,893,271,88,60,938,6,1,16
1436,893,271,88,61,938,6,1,14
1437,894,271,88,61,938,6,1,11
1438,892,272,89,60,938,6,1,10
1439,893,272,88,60,938,6,1,9
1440,884,279,96,57,938,6,1,14
1441,885,282,96,56,938,6,1,13
1442,900,271,79,49,938,6,1,11
1444,894,274,88,60,938,6,1,6
1445,893,275,88,59,938,6,1,5
1450,892,275,91,57,938,6,1,4
1451,892,274,90,57,938,6,1,9
1452,892,274,90,57,938,6,1,9
1453,884,280,96,58,938,6,1,10
1454,891,275,91,58,938,6,1,7
1455,884,282,98,58,938,6,1,10
1456,884,282,97,57,938,6,1,13
1457,884,283,97,57,938,6,1,14
1458,894,276,87,55,938,6,1,12
1459,893,276,88,56,938,6,1,11
1460,884,277,99,59,938,6,1,11
1461,888,273,95,59,938,6,1,17
1462,889,273,93,59,938,6,1,16
1463,891,272,91,58,938,6,1,14
1464,893,273,89,57,938,6,1,9
1465,892,273,90,58,938,6,1,7
1466,891,273,91,59,938,6,1,10
1467,892,273,89,59,938,6,1,12
1468,884,283,96,57,938,6,1,17
1469,886,282,94,58,938,6,1,18
1470,885,281,96,57,938,6,1,20
1471,885,281,96,57,938,6,1,18
1472,885,281,96,58,938,6,1,14
1473,884,280,96,58,938,6,1,8
1474,883,280,98,60,938,6,1,5
1475,883,279,99,61,938,6,1,4
1476,885,279,96,58,938,6,1,5
1477,890,275,91,59,938,6,1,7
1478,891,274,90,60,938,6,1,9
1479,891,274,91,59,938,6,1,12
1480,891,273,92,58,938,6,1,12
1481,891,273,90,59,938,6,1,9
1482,884,280,97,60,938,6,1,5
1483,894,276,89,58,938,6,1,6
1484,894,276,87,58,938,6,1,9
1485,885,285,96,57,938,6,1,13
1486,885,285,96,56,938,6,1,11
1487,885,284,96,57,938,6,1,12
1488,884,284,98,57,938,6,1,9
1489,885,285,96,56,938,6,1,13
1490,888,276,96,58,938,6,1,13
1491,891,273,93,59,938,6,1,19
1492,890,273,94,60,938,6,1,20
1493,889,273,95,60,938,6,1,22
1494,889,273,94,59,938,6,1,18
1495,890,274,94,59,938,6,1,13
1496,889,274,94,59,938,6,1,10
1497,889,274,94,59,938,6,1,11
1498,883,281,100,59,938,6,1,13
1499,883,282,100,58,938,6,1,12
1500,883,281,99,56,938,6,1,10
1501,883,282,98,56,938,6,1,9
1502,883,279,99,59,938,6,1,11
1503,884,277,98,60,938,6,1,13
1504,891,272,91,59,938,6,1,15
1505,891,272,92,60,938,6,1,15
1506,891,272,92,59,938,6,1,15
1507,891,272,91,59,938,6,1,16
1508,892,271,90,59,938,6,1,13
1509,893,271,89,58,938,6,1,10
1510,890,273,93,60,938,6,1,6
1511,889,273,93,60,938,6,1,8
1512,889,274,93,59,938,6,1,11
1513,884,278,97,59,938,6,1,16
1514,884,281,96,57,938,6,1,13
1515,883,281,96,57,938,6,1,9
1516,890,274,93,59,938,6,1,4
1517,889,273,94,60,938,6,1,5
1518,889,272,95,60,938,6,1,8
1519,889,272,94,61,938,6,1,12
1520,889,272,95,61,938,6,1,11
1521,891,272,94,62,938,6,1,9
1522,891,273,93,62,938,6,1,5
1523,893,272,92,62,938,6,1,3
1524,892,272,93,61,938,6,1,2
1525,888,269,97,65,938,6,1,1
1526,890,273,95,60,938,6,1,0
1527,889,274,94,60,938,6,1,0
1528,889,274,94,60,938,6,1,1
1529,890,275,92,58,938,6,1,1
1530,891,274,91,57,938,6,1,2
1531,890,273,93,59,938,6,1,3
1532,890,273,93,59,938,6,1,4
1533,889,272,94,59,938,6,1,4
1534,891,271,92,60,938,6,1,3
1535,891,272,93,60,938,6,1,3
1536,892,271,91,62,938,6,1,2
1537,893,271,89,62,938,6,1,1
1538,891,272,90,60,938,6,1,4
1539,893,272,88,59,938,6,1,5
1540,885,277,96,60,938,6,1,6
1541,888,274,93,60,938,6,1,4
1542,888,274,94,60,938,6,1,5
1543,884,281,96,55,938,6,1,7
1544,883,284,96,54,938,6,1,7
1545,883,280,97,57,938,6,1,5
1546,884,279,96,58,938,6,1,3
1547,889,273,92,60,938,6,1,3
1548,891,272,90,61,938,6,1,5
1549,891,273,91,60,938,6,1,8
1550,891,274,93,58,938,6,1,10
1551,892,274,92,58,938,6,1,9
1552,893,274,89,58,938,6,1,7
1553,892,274,90,57,938,6,1,4
1554,891,274,93,58,938,6,1,2
1555,890,273,93,59,938,6,1,4
1556,890,274,93,59,938,6,1,6
1557,883,283,98,55,938,6,1,7
1558,884,284,98,54,938,6,1,6
1559,892,275,90,57,938,6,1,4
1560,885,277,95,58,938,6,1,3
1561,891,274,90,58,938,6,1,3
1562,892,273,91,60,938,6,1,4
1563,892,274,90,59,938,6,1,5
1564,893,274,89,58,938,6,1,6
1565,891,274,91,58,938,6,1,4
1566,892,274,90,58,938,6,1,5
1567,892,274,90,58,938,6,1,4
1568,894,274,87,56,938,6,1,6
1569,885,282,95,55,938,6,1,8
1570,884,279,99,58,938,6,1,9
1571,884,278,98,59,938,6,1,9
1572,884,280,96,56,938,6,1,6
1573,893,273,89,58,938,6,1,7
1574,891,273,91,59,938,6,1,9
1575,892,273,91,58,938,6,1,12
1576,893,270,91,61,938,6,1,11
1577,893,272,91,60,938,6,1,9
1578,892,271,91,62,938,6,1,6
1579,892,271,91,62,938,6,1,4
1580,893,272,91,61,938,6,1,3
1581,893,273,91,59,938,6,1,3
1582,892,273,91,60,938,6,1,7
1583,890,274,92,61,938,6,1,7
1584,885,282,98,59,938,6,1,7
1585,892,273,90,60,938,6,1,3
1586,890,273,92,62,938,6,1,2
1587,892,273,90,60,938,6,1,2
1588,891,273,91,60,938,6,1,4
1589,893,273,89,59,938,6,1,5
1590,887,268,100,67,938,6,1,5
1591,888,271,98,63,938,6,1,3
1592,889,271,97,63,938,6,1,3
1593,887,268,99,67,938,6,1,3
1594,886,268,100,65,938,6,1,3
1595,885,274,97,62,938,6,1,3
1596,885,275,98,61,938,6,1,3
1597,884,276,98,60,938,6,1,3
1598,883,278,101,60,938,6,1,3
1599,883,277,100,60,938,6,1,3
1600,884,277,96,57,938,6,1,4
1601,889,273,93,60,938,6,1,5
1602,891,274,92,58,938,6,1,7
1603,890,273,94,59,938,6,1,9
1604,890,273,93,60,938,6,1,9
1605,892,273,90,59,938,6,1,7
1606,892,274,90,58,938,6,1,6
1607,892,274,90,58,938,6,1,5
1608,884,277,99,58,938,6,1,5
1609,890,274,93,59,938,6,1,3
1610,888,274,96,61,938,6,1,6
1611,888,274,95,60,938,6,1,10
1612,883,284,98,54,938,6,1,11
1613,883,282,99,55,938,6,1,11
1614,883,281,99,56,938,6,1,7
1615,883,277,100,60,938,6,1,6
1616,887,269,99,65,938,6,1,4
1617,888,268,97,66,938,6,1,5
1618,888,268,97,66,938,6,1,6
1619,889,272,95,62,938,6,1,8
1620,891,273,93,59,938,6,1,7
1621,889,273,95,60,938,6,1,6
1622,891,273,93,59,938,6,1,3
1623,888,273,96,61,938,6,1,2
1624,888,275,97,60,938,6,1,2
1625,888,274,96,60,938,6,1,2
1626,888,276,96,59,938,6,1,2
1627,888,275,96,59,938,6,1,1
1628,889,273,95,60,938,6,1,3
1629,890,272,95,60,938,6,1,3
1630,892,273,94,59,938,6,1,3
1631,889,274,97,60,938,6,1,1
1632,887,274,98,61,938,6,1,1
1633,888,273,98,60,938,6,1,0
1634,890,273,95,60,938,6,1,0
1635,890,272,95,61,938,6,1,1
1636,890,273,94,60,938,6,1,1
1637,884,276,99,60,938,6,1,3
1638,884,277,99,59,938,6,1,5
1639,884,278,99,59,938,6,1,8
1640,883,280,100,57,938,6,1,7
1641,883,276,100,61,938,6,1,6
1642,889,274,94,60,938,6,1,4
1643,888,273,95,61,938,6,1,4
1644,888,272,95,61,938,6,1,4
1645,884,273,100,62,938,6,1,4
1646,887,272,96,62,938,6,1,4
1647,888,272,96,62,938,6,1,3
1648,889,272,95,61,938,6,1,2
1649,886,272,99,62,938,6,1,1
1650,886,273,98,62,938,6,1,1
1651,886,273,98,61,938,6,1,1
1652,883,276,99,59,938,6,1,2
1653,883,276,99,60,938,6,1,3
1654,884,276,99,60,938,6,1,3
1655,886,274,97,61,938,6,1,2
1656,889,272,94,61,938,6,1,2
1657,889,273,93,60,938,6,1,1
1658,885,275,97,61,938,6,1,1
1659,890,271,93,64,938,6,1,1
1660,890,272,94,63,938,6,1,1
1661,890,272,94,63,938,6,1,1
1662,889,273,96,61,938,6,1,1
1663,887,268,99,66,938,6,1,1
1664,882,274,101,62,938,6,1,1
1665,882,275,101,61,938,6,1,3
1666,882,277,101,60,938,6,1,5
1667,882,277,101,61,938,6,1,7
1668,882,278,100,59,938,6,1,6
1669,882,280,100,57,938,6,1,5
1670,890,275,93,60,938,6,1,2
1671,884,279,99,58,938,6,1,2
1672,883,277,100,60,938,6,1,1
1673,884,272,99,63,938,6,1,1
1674,884,273,100,64,938,6,1,1
1675,884,272,100,66,938,6,1,2
1676,884,271,100,66,938,6,1,3
1677,889,271,95,65,938,6,1,3
1678,889,272,94,61,938,6,1,4
1679,889,273,93,60,938,6,1,6
1680,890,272,92,62,938,6,1,6
1681,889,272,94,61,938,6,1,5
1682,884,275,97,61,938,6,1,5
1683,884,277,96,59,938,6,1,7
1684,885,279,94,58,938,6,1,7
1685,885,283,95,55,938,6,1,5
1686,891,272,91,61,938,6,1,3
1687,893,272,90,61,938,6,1,3
1688,893,272,89,62,938,6,1,4
1689,893,272,90,61,938,6,1,4
1690,890,272,93,62,938,6,1,5
1691,889,272,95,62,938,6,1,4
1692,890,271,94,64,938,6,1,3
1693,890,272,94,62,938,6,1,2
1694,889,272,96,61,938,6,1,2
1695,887,274,97,61,938,6,1,1
1696,887,273,98,62,938,6,1,1
1697,888,274,96,60,938,6,1,0
1698,888,274,95,60,938,6,1,0
1699,887,275,97,59,938,6,1,0
1700,889,276,94,58,938,6,1,0
1701,887,275,96,60,938,6,1,0
1702,887,274,96,60,938,6,1,1
1703,887,274,96,60,938,6,1,3
1704,883,275,100,61,938,6,1,3
1705,883,275,100,62,938,6,1,3
1706,887,274,96,60,938,6,1,1
1707,889,274,94,59,938,6,1,1
1708,888,275,96,59,938,6,1,0
1709,889,276,95,58,938,6,1,1
1710,884,276,100,60,938,6,1,1
1711,889,274,94,60,938,6,1,1
1712,889,274,95,60,938,6,1,1
1713,888,274,96,60,938,6,1,1
1714,887,274,97,60,938,6,1,0
1715,888,274,96,60,938,6,1,1
1716,883,274,98,62,938,6,1,1
1717,883,274,98,62,938,6,1,3
1718,883,274,97,61,938,6,1,3
1719,882,279,98,57,938,6,1,4
1720,884,280,97,56,938,6,1,2
1721,884,277,96,58,938,6,1,2
1722,883,279,99,57,938,6,1,1
1723,887,274,97,60,938,6,1,1
1724,883,276,99,60,938,6,1,1
1725,883,277,99,59,938,6,1,0
1726,883,277,99,60,938,6,1,0
1727,884,274,99,61,938,6,1,0
1728,883,275,99,61,938,6,1,1
1729,883,275,99,61,938,6,1,1
1730,888,273,94,61,938,6,1,2
1731,884,275,98,62,938,6,1,2
1732,889,273,93,61,938,6,1,4
1733,891,274,92,59,938,6,1,4
1734,891,273,92,59,938,6,1,4
1735,890,273,94,60,938,6,1,5
1736,891,273,92,59,938,6,1,5
1737,891,273,91,59,938,6,1,5
1738,891,273,91,60,938,6,1,4
1739,892,274,90,58,938,6,1,4
1740,885,278,96,58,938,6,1,3
1741,889,273,93,61,938,6,1,1
1742,890,272,93,60,938,6,1,0
1743,891,272,91,61,938,6,1,0
1744,890,272,92,61,938,6,1,1
1745,890,272,92,62,938,6,1,1
1746,890,272,92,62,938,6,1,1
1747,890,272,92,61,938,6,1,1
1748,890,272,92,61,938,6,1,3
1749,891,272,91,61,938,6,1,3
1750,885,284,96,54,938,6,1,3
1751,890,275,92,59,938,6,1,2
1752,891,275,91,59,938,6,1,2
1753,886,283,94,55,938,6,1,2
1754,889,275,93,59,938,6,1,2
1755,889,275,92,59,938,6,1,2
1756,889,275,93,59,938,6,1,2
1757,889,275,93,59,938,6,1,3
1758,889,275,93,58,938,6,1,3
1759,889,275,93,59,938,6,1,4
1760,891,272,93,61,938,6,1,3
1761,891,273,92,60,938,6,1,3
1762,891,273,93,60,938,6,1,2
1763,892,271,92,62,938,6,1,1
1764,889,272,96,61,938,6,1,1
1765,889,272,96,62,938,6,1,1
1766,888,272,96,62,938,6,1,1
1767,888,272,96,62,938,6,1,1
1768,889,272,95,61,938,6,1,0
1769,889,272,96,61,938,6,1,0
1770,888,273,96,61,938,6,1,0
1771,887,273,96,62,938,6,1,0
1772,889,273,94,61,938,6,1,0
1773,889,272,93,62,938,6,1,0
1774,890,272,94,62,938,6,1,1
1775,884,275,97,60,938,6,1,1
1776,884,275,99,61,938,6,1,2
1777,887,269,96,65,938,6,1,3
1778,884,275,98,62,938,6,1,3
1779,884,276,97,61,938,6,1,2
1780,888,274,94,60,938,6,1,2
1781,889,274,94,59,938,6,1,3
1782,889,274,94,59,938,6,1,3
1783,884,275,98,62,938,6,1,2
1784,884,275,98,62,938,6,1,1
1785,884,275,98,62,938,6,1,1
1786,888,274,95,60,938,6,1,1
1787,887,273,96,61,938,6,1,2
1788,888,274,96,60,938,6,1,3
1789,889,274,94,60,938,6,1,4
1790,889,275,95,59,938,6,1,4
1791,888,275,95,60,938,6,1,3
1792,888,275,96,60,938,6,1,2
1793,888,274,97,61,938,6,1,2
1794,887,274,96,61,938,6,1,2
1795,886,274,97,62,938,6,1,1
1796,888,274,96,61,938,6,1,1
1797,888,274,95,60,938,6,1,0
1798,885,277,98,59,938,6,1,0
1799,889,274,94,62,938,6,1,0
1800,884,275,99,61,938,6,1,0
1801,888,273,95,62,938,6,1,0
1802,888,273,96,61,938,6,1,2
1803,886,269,99,64,938,6,1,4
1804,888,273,95,61,938,6,1,5
1805,890,273,94,60,938,6,1,4
1806,888,274,95,59,938,6,1,3
1807,888,274,95,59,938,6,1,2
1808,889,274,95,59,938,6,1,2
1809,889,273,95,59,938,6,1,1
1810,883,275,99,60,938,6,1,1
1811,885,269,99,65,938,6,1,1
1812,885,274,97,62,938,6,1,1
1813,893,272,89,61,938,6,1,0
1814,891,272,92,61,938,6,1,0
1815,890,272,93,61,938,6,1,1
1816,889,272,95,62,938,6,1,1
1817,889,272,95,63,938,6,1,1
1818,890,274,94,60,938,6,1,2
1819,890,273,95,60,938,6,1,5
1820,884,282,100,55,938,6,1,7
1821,883,282,99,56,938,6,1,7
1822,883,277,98,60,938,6,1,4
1823,884,277,97,59,938,6,1,2
1824,889,273,93,60,938,6,1,4
1825,890,273,92,60,938,6,1,6
1826,891,272,94,60,938,6,1,9
1827,889,273,94,60,938,6,1,10
1828,890,273,93,60,938,6,1,9
1829,891,272,92,60,938,6,1,7
1830,892,272,93,60,938,6,1,4
1831,891,272,94,59,938,6,1,2
1832,892,272,94,60,938,6,1,3
1833,891,274,93,58,938,6,1,4
1834,883,277,98,59,938,6,1,5
1835,883,274,99,61,938,6,1,4
1836,888,274,95,60,938,6,1,3
1837,888,274,95,59,938,6,1,2
1838,890,274,93,59,938,6,1,3
1839,892,273,91,60,938,6,1,3
1840,891,272,94,61,938,6,1,3
1841,890,272,95,62,938,6,1,1
1842,890,273,94,61,938,6,1,0
1843,890,272,95,62,938,6,1,0
1844,889,273,95,60,938,6,1,0
1845,890,273,94,59,938,6,1,0
1846,889,274,94,60,938,6,1,0
1847,889,273,94,60,938,6,1,1
1848,884,274,98,61,938,6,1,1
1849,884,275,98,60,938,6,1,1
1850,884,274,97,61,938,6,1,2
1851,889,273,93,60,938,6,1,2
1852,883,275,99,61,938,6,1,2
1853,885,269,98,65,938,6,1,1
1854,885,269,98,66,938,6,1,1
1855,885,269,98,66,938,6,1,1
1856,884,274,99,63,938,6,1,3
1857,886,269,97,66,938,6,1,3
1858,889,273,93,60,938,6,1,3
1859,890,274,92,60,938,6,1,2
1860,884,278,97,60,938,6,1,4
1861,890,274,93,60,938,6,1,4
1862,891,273,91,59,938,6,1,4
1863,891,274,92,59,938,6,1,2
1864,890,274,93,59,938,6,1,4
1865,891,274,91,58,938,6,1,4
1866,891,273,92,60,938,6,1,5
1867,891,274,94,60,938,6,1,3
1868,889,273,95,61,938,6,1,3
1869,890,274,94,60,938,6,1,1
1870,891,271,94,62,938,6,1,1
1871,890,273,95,59,938,6,1,1
1872,891,273,95,60,938,6,1,1
1873,890,273,94,60,938,6,1,1
1874,888,274,96,62,938,6,1,3
1875,888,274,95,62,938,6,1,6
1876,888,274,95,63,938,6,1,6
1877,884,275,99,63,938,6,1,5
1878,889,269,96,65,938,6,1,3
1879,894,272,89,60,938,6,1,3
1880,891,273,92,60,938,6,1,3
1881,893,272,92,61,938,6,1,7
1882,890,272,97,63,938,6,1,9
1883,894,271,92,61,938,6,1,10
1884,895,271,92,59,938,6,1,7
1885,895,271,91,59,938,6,1,5
1886,892,272,93,59,938,6,1,5
1887,891,272,94,59,938,6,1,4
1888,891,273,94,58,938,6,1,5
1889,892,273,93,58,938,6,1,5
1891,889,272,94,62,938,6,1,7
1892,888,272,95,62,938,6,1,6
1893,886,270,98,64,938,6,1,4
1894,889,272,95,61,938,6,1,6
1895,888,273,96,60,938,6,1,6
1896,884,274,97,63,938,6,1,6
1897,884,274,97,62,938,6,1,3
1898,889,272,93,62,938,6,1,3
1899,883,274,97,62,938,6,1,4
1900,884,280,97,57,938,6,1,4
1901,884,280,97,57,938,6,1,3
1902,884,280,98,57,938,6,1,2
1903,884,279,98,59,938,6,1,2
1904,888,273,94,61,938,6,1,1
1905,888,274,94,60,938,6,1,2
1906,884,274,97,61,938,6,1,2
1907,885,274,96,61,938,6,1,5
1908,889,272,94,61,938,6,1,5
1909,889,273,94,61,938,6,1,5
1910,889,273,95,60,938,6,1,3
1911,882,278,98,58,938,6,1,3
1912,883,279,97,57,938,6,1,2
1913,884,283,96,54,938,6,1,2
1914,892,275,90,57,938,6,1,3
1915,892,275,90,58,938,6,1,4
1916,885,282,96,58,938,6,1,4
1917,884,279,98,59,938,6,1,3
1918,889,273,93,64,938,6,1,3
1919,890,272,92,64,938,6,1,3
1920,893,272,90,62,938,6,1,3
1921,892,273,92,62,938,6,1,4
1922,881,286,100,57,938,6,1,4
1923,892,274,92,60,938,6,1,6
1924,891,274,92,61,938,6,1,9
1925,884,286,96,56,938,6,1,15
1926,883,295,94,50,938,6,1,15
1927,880,298,93,54,938,6,1,29
1928,885,292,95,49,938,6,1,43
1929,875,300,103,57,938,6,1,57
1930,878,300,102,64,938,6,1,55
1931,876,299,107,75,938,6,1,47
1932,877,298,105,64,938,6,1,60
1933,876,298,109,78,938,6,1,63
1934,875,298,113,98,938,6,1,67
1935,874,303,114,93,938,6,1,49
1936,875,305,112,92,938,6,1,38
1937,874,305,112,97,938,6,1,27
1938,875,307,109,96,938,6,1,22
1939,875,310,104,95,938,6,1,18
1940,873,303,112,104,938,6,1,16
1941,875,305,114,103,938,6,1,14
1942,874,298,116,112,938,6,1,14
1943,878,316,116,97,938,6,1,13
1944,879,319,112,96,938,6,1,13
1945,878,322,114,97,938,6,1,14
1946,879,321,116,101,938,6,1,15
1947,881,324,119,101,938,6,1,16
1948,881,325,122,102,938,6,1,16
1949,883,325,125,105,938,6,1,17
1950,888,328,126,106,938,6,1,17
1951,893,331,125,107,938,6,1,17
1952,903,335,125,106,938,6,1,18
1953,906,335,130,111,938,6,1,18
1954,901,332,146,116,938,6,1,19
1955,900,334,160,119,938,6,1,19
1956,906,339,166,120,938,6,1,20
1957,911,340,176,123,938,6,1,20
1958,919,343,185,125,938,6,1,21
1959,927,344,198,127,938,6,1,21
1960,940,348,208,129,938,6,1,22
1961,951,353,221,132,938,6,1,23
1962,970,355,229,134,938,6,1,23
1963,984,357,244,137,938,6,1,24
1964,1001,361,259,140,938,6,1,24
1965,1023,363,271,143,938,6,1,24
1966,1043,365,286,147,938,6,1,24
1967,1070,369,297,148,938,6,1,24
1968,1102,377,306,146,938,6,1,24
1969,1133,378,317,150,938,6,1,24
1970,1165,380,331,154,938,6,1,25
1971,1204,384,340,156,938,6,1,25
1972,1244,388,347,159,938,6,1,26
1973,1288,389,356,163,938,6,1,26
1974,1334,395,362,165,938,6,1,27
1975,1385,402,368,163,938,6,1,27
1976,1436,406,371,165,938,6,1,27
1977,1489,409,373,169,938,6,1,28
1978,1548,410,371,170,938,6,1,28
1979,1608,417,310,165,938,6,1,28
1980,1665,426,254,147,938,6,1,28
1981,1725,429,194,146,938,6,1,27
1982,1783,433,136,146,938,6,1,27
1983,1842,437,77,145,938,6,1,27
1081,807,205,42,30,945,7,0,63
1082,807,204,45,31,945,7,0,54
1083,807,202,42,32,945,7,0,48
1084,805,204,46,33,945,7,0,37
1085,803,208,48,30,945,7,0,40
1086,803,208,44,30,945,7,0,42
1087,802,207,45,32,945,7,0,49
1088,801,208,44,31,945,7,0,47
1089,800,212,43,30,945,7,0,46
1090,798,210,48,33,945,7,0,44
1091,799,209,44,35,945,7,0,44
1092,799,211,42,34,945,7,0,44
1093,797,213,44,34,945,7,0,44
1094,796,214,45,33,945,7,0,44
1095,793,218,46,32,945,7,0,44
1096,791,215,49,36,945,7,0,46
1097,789,217,49,37,945,7,0,48
1098,789,219,48,36,945,7,0,49
1099,787,221,49,35,945,7,0,50
1100,785,221,52,37,945,7,0,55
1101,784,222,51,39,945,7,0,58
1102,783,222,53,43,945,7,0,60
1103,780,224,56,43,945,7,0,61
1104,779,226,54,43,945,7,0,64
1105,778,227,53,45,945,7,0,66
1106,775,229,56,46,945,7,0,65
1107,773,230,57,48,945,7,0,66
1108,768,234,60,48,945,7,0,66
1109,767,237,61,50,945,7,0,68
1110,766,239,61,50,945,7,0,67
1111,765,242,62,50,945,7,0,68
1112,760,244,64,52,945,7,0,70
1113,759,246,63,55,945,7,0,70
1114,756,252,65,55,945,7,0,71
1115,752,256,69,55,945,7,0,71
1116,750,259,69,57,945,7,0,72
1117,747,266,70,55,945,7,0,73
1118,743,268,73,58,945,7,0,73
1119,738,274,76,61,945,7,0,75
1120,735,280,78,61,945,7,0,76
1121,732,283,80,67,945,7,0,78
1122,724,288,85,69,945,7,0,79
1123,720,296,88,70,945,7,0,80
1124,717,302,89,73,945,7,0,81
1125,708,309,95,78,945,7,0,80
1126,701,314,100,83,945,7,0,80
1127,697,325,104,82,945,7,0,79
1128,690,333,104,89,945,7,0,80
1129,679,342,113,93,945,7,0,79
1130,671,352,119,99,945,7,0,79
1131,663,362,122,105,945,7,0,79
1132,652,374,131,113,945,7,0,79
1133,643,389,135,118,945,7,0,80
1134,623,402,150,131,945,7,0,80
1135,615,422,153,136,945,7,0,80
1136,596,442,165,147,945,7,0,80
1137,576,469,180,154,945,7,0,80
1138,554,493,194,170,945,7,0,80
1139,530,522,211,188,945,7,0,80
1140,501,556,227,211,945,7,0,80
1141,463,598,254,236,945,7,0,80
1142,423,650,282,265,945,7,0,78
1143,372,712,314,309,945,7,0,76
1144,307,789,365,287,945,7,0,73
1145,235,877,407,198,945,7,0,72
1146,249,991,358,86,945,7,0,71
1093,1809,463,109,172,948,6,7,76
1094,1749,433,170,235,948,6,7,76
1095,1696,414,223,218,948,6,7,76
1096,1651,396,268,203,948,6,7,76
1097,1607,379,312,190,948,6,7,76
1098,1570,364,300,180,948,6,7,76
1099,1535,352,280,169,948,6,7,76
1100,1505,338,263,162,948,6,7,76
1101,1476,330,250,151,948,6,7,76
1102,1455,320,229,144,948,6,7,76
1103,1428,311,218,136,948,6,7,76
1104,1408,303,205,132,948,6,7,76
1105,1387,297,193,123,948,6,7,77
1106,1365,290,188,119,948,6,7,77
1107,1350,283,175,115,948,6,7,77
1108,1332,275,169,111,948,6,7,78
1109,1318,271,160,106,948,6,7,78
1110,1305,266,153,102,948,6,7,79
1111,1287,261,148,98,948,6,7,80
1112,1275,256,144,95,948,6,7,79
1113,1265,252,134,91,948,6,7,80
1114,1254,249,128,90,948,6,7,79
1115,1240,245,125,84,948,6,7,80
1116,1233,242,117,82,948,6,7,79
1117,1221,237,114,82,948,6,7,79
1118,1209,234,114,79,948,6,7,80
1119,1202,232,107,76,948,6,7,79
1120,1192,231,106,71,948,6,7,79
1121,1184,227,101,71,948,6,7,77
1122,1178,226,97,69,948,6,7,78
1123,1170,225,91,65,948,6,7,78
1124,1161,221,94,64,948,6,7,77
1125,1154,214,90,69,948,6,7,76
1126,1148,216,85,63,948,6,7,75
1127,1142,214,85,61,948,6,7,75
1128,1136,211,80,63,948,6,7,73
1129,1131,209,78,61,948,6,7,74
1130,1125,209,74,58,948,6,7,74
1131,1119,205,73,58,948,6,7,75
1132,1114,204,71,56,948,6,7,77
1133,1108,201,70,57,948,6,7,77
1134,1102,201,71,54,948,6,7,77
1135,1096,201,71,52,948,6,7,73
1136,1094,198,69,53,948,6,7,70
1137,1089,198,67,52,948,6,7,66
1138,1086,196,63,52,948,6,7,61
1139,1083,197,58,49,948,6,7,60
1140,1078,196,60,49,948,6,7,59
1141,1075,195,60,47,948,6,7,62
1143,1067,195,57,44,948,6,7,60
1144,1064,194,55,43,948,6,7,61
1145,1060,194,57,43,948,6,7,63
1147,1053,193,53,40,948,6,7,63
1148,1050,191,52,40,948,6,7,61
1150,1043,191,51,39,948,6,7,57
1151,1042,191,49,38,948,6,7,54
1152,1038,189,52,39,948,6,7,51
1153,1036,190,50,38,948,6,7,47
1154,1035,190,49,36,948,6,7,43
1155,1032,189,48,36,948,6,7,40
1156,1030,190,46,35,948,6,7,37
1157,1027,189,47,36,948,6,7,38
1158,1025,190,44,35,948,6,7,41
1159,1024,190,44,33,948,6,7,44
1160,1021,188,44,34,948,6,7,44
1161,1019,189,43,32,948,6,7,47
1162,1016,187,43,35,948,6,7,52
1163,1015,186,41,35,948,6,7,53
1164,1011,187,43,33,948,6,7,54
1167,1006,185,41,33,948,6,7,51
1168,1004,184,39,32,948,6,7,52
1169,1004,186,39,30,948,6,7,50
1170,1003,186,37,29,948,6,7,48
1171,1000,186,40,29,948,6,7,47
1172,1000,186,38,28,948,6,7,39
1173,998,185,36,28,948,6,7,39
1174,997,184,37,31,948,6,7,40
1175,995,184,36,29,948,6,7,49
1176,994,184,35,28,948,6,7,43
1177,993,184,35,28,948,6,7,33
1180,989,182,31,30,948,6,7,30
1181,986,183,34,30,948,6,7,34
1182,986,182,32,28,948,6,7,45
1183,985,182,32,27,948,6,7,42
1184,984,181,31,27,948,6,7,52
1185,983,182,31,26,948,6,7,56
1186,983,181,30,26,948,6,7,63
1189,978,182,28,26,948,6,7,58
1195,970,180,29,25,948,6,7,55
1104,926,184,28,25,949,4,0,2
1105,926,184,27,25,949,4,0,1
1110,926,183,26,26,949,4,0,1
1111,926,182,27,27,949,4,0,3
1112,926,184,27,25,949,4,0,4
1114,926,183,30,25,949,4,0,4
1115,927,183,29,26,949,4,0,2
1116,926,183,28,25,949,4,0,5
1117,926,183,29,25,949,4,0,11
1118,926,182,26,25,949,4,0,13
1119,926,182,26,25,949,4,0,12
1120,927,183,25,25,949,4,0,9
1121,927,184,27,25,949,4,0,10
1122,927,183,32,24,949,4,0,9
1124,927,183,34,24,949,4,0,7
1125,927,183,33,24,949,4,0,6
1126,927,183,25,24,949,4,0,8
1127,927,183,26,24,949,4,0,9
1128,927,183,26,24,949,4,0,11
1129,927,182,27,24,949,4,0,9
1130,927,181,28,25,949,4,0,7
1131,927,181,28,25,949,4,0,5
1132,927,182,31,25,949,4,0,4
1133,926,182,28,25,949,4,0,5
1134,926,182,27,26,949,4,0,7
1135,926,182,27,25,949,4,0,15
1136,927,182,25,26,949,4,0,19
1137,927,182,25,26,949,4,0,18
1138,926,182,25,26,949,4,0,11
1139,927,182,25,26,949,4,0,9
1140,927,182,25,25,949,4,0,8
1141,927,182,25,26,949,4,0,7
1142,927,182,22,25,949,4,0,5
1144,926,183,23,25,949,4,0,3
1152,926,183,24,25,949,4,0,2
1153,926,182,24,25,949,4,0,2
1155,925,182,26,25,949,4,0,1
1164,921,179,30,28,949,4,0,2
1165,921,179,30,28,949,4,0,2
1175,917,178,31,29,949,4,0,3
1176,918,178,28,29,949,4,0,3
1177,917,177,29,29,949,4,0,2
1178,917,177,29,29,949,4,0,1
1179,918,177,29,30,949,4,0,0
1180,919,178,29,29,949,4,0,0
1181,919,178,29,29,949,4,0,0
1182,920,179,31,28,949,4,0,1
1183,920,179,31,27,949,4,0,3
1184,921,179,29,27,949,4,0,5
1185,922,179,28,27,949,4,0,8
1186,921,179,30,27,949,4,0,8
1187,921,179,29,27,949,4,0,7
1188,920,179,31,27,949,4,0,10
1189,920,179,30,27,949,4,0,16
1190,926,180,24,28,949,4,0,21
1191,926,180,25,28,949,4,0,25
1192,926,180,25,27,949,4,0,22
1193,925,180,25,28,949,4,0,19
1194,922,179,28,28,949,4,0,12
1195,921,178,30,28,949,4,0,17
1196,921,178,30,29,949,4,0,23
1197,924,178,27,28,949,4,0,25
1198,924,178,28,28,949,4,0,21
1199,923,178,28,28,949,4,0,14
1203,927,180,23,27,949,4,0,9
1210,923,176,28,29,949,4,0,6
1235,926,175,29,30,949,4,0,3
1236,925,175,30,30,949,4,0,2
1237,925,175,28,30,949,4,0,1
1238,925,175,32,31,949,4,0,1
1239,925,175,32,31,949,4,0,3
1240,924,175,32,31,949,4,0,5
1241,924,176,31,30,949,4,0,9
1242,924,176,30,30,949,4,0,9
1243,924,176,29,30,949,4,0,8
1244,925,176,28,31,949,4,0,5
1245,925,177,27,30,949,4,0,5
1246,925,175,27,30,949,4,0,5
1247,925,174,27,32,949,4,0,5
1248,925,173,27,33,949,4,0,4
1249,925,174,27,33,949,4,0,2
1250,925,174,26,33,949,4,0,2
1251,925,174,27,33,949,4,0,4
1252,925,173,26,33,949,4,0,4
1253,925,174,25,33,949,4,0,5
1254,925,173,25,33,949,4,0,3
1255,925,173,25,33,949,4,0,3
1256,925,173,25,33,949,4,0,3
1257,926,173,24,34,949,4,0,3
1258,926,173,24,33,949,4,0,4
1260,927,173,22,33,949,4,0,4
1159,1821,485,97,164,952,6,5,73
1160,1760,452,158,230,952,6,5,73
1161,1709,429,210,212,952,6,5,73
1162,1659,414,260,191,952,6,5,73
1163,1618,394,268,183,952,6,5,73
1164,1577,379,252,172,952,6,5,74
1165,1543,366,235,162,952,6,5,74
1166,1513,352,218,153,952,6,5,75
1167,1482,342,206,145,952,6,5,76
1168,1456,329,193,138,952,6,5,77
1169,1432,321,185,130,952,6,5,77
1170,1412,312,169,124,952,6,5,77
1171,1391,305,161,119,952,6,5,77
1172,1370,296,153,116,952,6,5,77
1173,1351,291,148,109,952,6,5,78
1174,1333,285,142,104,952,6,5,78
1175,1319,278,133,101,952,6,5,78
1176,1302,272,133,98,952,6,5,79
1177,1288,269,124,92,952,6,5,79
1178,1275,263,119,89,952,6,5,80
1179,1262,259,115,87,952,6,5,80
1180,1251,256,108,81,952,6,5,80
1181,1238,252,109,81,952,6,5,78
1182,1229,248,102,79,952,6,5,78
1183,1220,244,100,76,952,6,5,79
1184,1209,240,96,74,952,6,5,77
1185,1200,237,95,71,952,6,5,76
1186,1190,234,91,73,952,6,5,75
1187,1183,233,88,68,952,6,5,77
1188,1175,231,84,65,952,6,5,77
1189,1169,228,81,63,952,6,5,77
1190,1160,226,82,62,952,6,5,77
1191,1154,222,77,61,952,6,5,78
1192,1147,221,76,59,952,6,5,77
1193,1139,220,75,57,952,6,5,75
1194,1136,218,73,56,952,6,5,73
1195,1130,214,70,57,952,6,5,70
1196,1125,213,68,56,952,6,5,70
1197,1121,212,66,54,952,6,5,71
1198,1117,211,61,51,952,6,5,74
1199,1109,208,64,51,952,6,5,74
1200,1105,206,62,50,952,6,5,75
1201,1101,204,61,51,952,6,5,75
1202,1097,204,56,48,952,6,5,73
1203,1093,205,56,45,952,6,5,69
1204,1085,202,59,47,952,6,5,64
1205,1083,201,56,46,952,6,5,61
1206,1080,202,54,44,952,6,5,62
1207,1078,201,53,43,952,6,5,62
1208,1075,199,51,41,952,6,5,62
1209,1070,199,54,42,952,6,5,58
1210,1066,197,50,44,952,6,5,58
1211,1062,196,53,45,952,6,5,56
1212,1061,195,48,43,952,6,5,55
1213,1059,195,46,42,952,6,5,53
1214,1053,193,49,42,952,6,5,55
1215,1052,191,50,42,952,6,5,62
1216,1049,191,48,44,952,6,5,66
1217,1044,189,49,43,952,6,5,72
1218,1042,190,48,41,952,6,5,71
1219,1041,190,46,39,952,6,5,69
1220,1038,190,44,39,952,6,5,65
1221,1037,190,41,38,952,6,5,59
1222,1034,190,39,36,952,6,5,58
1223,1032,190,38,36,952,6,5,55
1224,1031,189,37,34,952,6,5,58
1225,1027,189,39,33,952,6,5,51
1226,1024,190,40,34,952,6,5,42
1227,1021,188,40,37,952,6,5,33
1228,1019,188,37,36,952,6,5,26
1229,1018,187,37,35,952,6,5,20
1230,1017,187,40,37,952,6,5,15
1231,1014,189,36,33,952,6,5,28
1232,1012,188,36,34,952,6,5,36
1233,1011,188,34,31,952,6,5,46
1234,1007,189,36,31,952,6,5,39
1171,1848,522,71,132,953,6,1,83
1172,1785,482,134,184,953,6,1,83
1173,1729,447,191,180,953,6,1,83
1174,1679,430,234,165,953,6,1,82
1175,1634,414,217,150,953,6,1,81
1176,1593,395,204,144,953,6,1,79
1177,1556,383,188,133,953,6,1,79
1178,1523,371,178,124,953,6,1,79
1179,1491,354,169,122,953,6,1,78
1180,1464,344,158,115,953,6,1,79
1181,1438,335,148,108,953,6,1,79
1182,1415,323,141,105,953,6,1,80
1183,1393,315,132,101,953,6,1,80
1184,1372,306,125,96,953,6,1,81
1185,1352,300,121,91,953,6,1,81
1186,1335,294,114,86,953,6,1,82
1187,1319,287,109,84,953,6,1,83
1188,1301,281,107,79,953,6,1,83
1189,1288,275,102,79,953,6,1,83
1190,1273,270,98,75,953,6,1,83
1191,1262,267,93,71,953,6,1,82
1192,1250,262,89,69,953,6,1,80
1193,1239,258,86,70,953,6,1,80
1194,1227,255,83,65,953,6,1,80
1195,1219,251,79,63,953,6,1,81
1196,1208,247,77,61,953,6,1,80
1197,1199,243,76,60,953,6,1,80
1198,1191,242,73,57,953,6,1,80
1199,1184,239,69,57,953,6,1,80
1200,1177,235,66,55,953,6,1,79
1201,1168,233,67,53,953,6,1,79
1202,1157,230,69,52,953,6,1,79
1203,1155,228,62,49,953,6,1,79
1204,1147,225,60,51,953,6,1,76
1205,1140,224,60,49,953,6,1,77
1206,1135,221,57,49,953,6,1,75
1207,1132,220,54,45,953,6,1,74
1208,1125,219,55,45,953,6,1,73
1209,1119,217,54,44,953,6,1,75
1210,1116,216,50,41,953,6,1,78
1211,1110,213,51,41,953,6,1,77
1212,1104,212,51,41,953,6,1,74
1213,1098,212,52,39,953,6,1,68
1214,1097,210,47,40,953,6,1,62
1215,1091,210,48,40,953,6,1,55
1216,1087,209,48,40,953,6,1,51
1217,1083,207,47,38,953,6,1,50
1218,1082,206,42,38,953,6,1,52
1219,1078,204,41,38,953,6,1,56
1220,1074,203,43,36,953,6,1,64
1221,1070,204,42,36,953,6,1,67
1222,1067,201,41,35,953,6,1,69
1223,1066,199,39,37,953,6,1,66
1224,1062,199,39,36,953,6,1,63
1225,1059,199,38,35,953,6,1,61
1226,1055,199,40,34,953,6,1,58
1227,1042,194,49,36,953,6,1,57
1228,1050,195,36,34,953,6,1,54
1229,1046,196,38,33,953,6,1,54
1230,1041,193,40,34,953,6,1,52
1231,1040,195,38,32,953,6,1,49
1232,1039,194,36,33,953,6,1,45
1233,1039,194,32,31,953,6,1,44
1234,1035,193,34,31,953,6,1,43
1235,1008,188,59,35,953,6,1,46
1236,1005,188,53,33,953,6,1,51
1237,1006,188,55,34,953,6,1,47
1238,1003,187,53,34,953,6,1,49
1239,1003,188,50,34,953,6,1,42
1240,1000,188,51,32,953,6,1,40
1241,998,187,51,31,953,6,1,38
1242,995,186,51,33,953,6,1,44
1243,994,186,49,32,953,6,1,53
1244,993,186,49,32,953,6,1,51
1245,993,187,49,30,953,6,1,47
1246,992,186,47,31,953,6,1,41
1247,992,187,45,30,953,6,1,32
1248,990,185,46,30,953,6,1,30
1249,989,186,45,31,953,6,1,26
1250,984,186,48,28,953,6,1,32
1251,983,185,46,29,953,6,1,32
1252,982,185,45,28,953,6,1,30
1253,982,185,44,28,953,6,1,35
1254,982,185,41,29,953,6,1,32
1255,980,185,44,28,953,6,1,34
1256,979,184,42,28,953,6,1,23
1257,978,184,43,28,953,6,1,21
1258,976,185,44,27,953,6,1,22
1259,976,185,41,26,953,6,1,26
1260,975,184,41,27,953,6,1,24
1261,971,184,44,27,953,6,1,20
1262,971,185,43,27,953,6,1,17
1263,972,183,41,28,953,6,1,16
1264,972,182,39,28,953,6,1,16
1265,971,183,38,28,953,6,1,16
1266,970,183,39,26,953,6,1,26
1267,969,183,37,26,953,6,1,35
1268,969,182,38,26,953,6,1,45
1269,968,182,35,25,953,6,1,42
1270,968,181,35,26,953,6,1,34
1271,969,182,34,26,953,6,1,26
1272,967,181,32,27,953,6,1,20
1273,966,180,32,27,953,6,1,20
1274,966,180,32,27,953,6,1,17
1275,965,179,31,27,953,6,1,24
1276,964,180,33,25,953,6,1,29
1277,964,180,32,25,953,6,1,31
1281,955,181,35,24,953,6,1,25
1287,950,179,35,25,953,6,1,18
1297,931,179,45,26,953,6,1,12
1298,933,179,42,26,953,6,1,8
1299,938,179,35,25,953,6,1,6
1300,931,179,42,26,953,6,1,9
1301,926,180,39,26,953,6,1,15
1305,927,181,28,26,953,6,1,23
1306,926,181,27,26,953,6,1,29
1307,925,181,32,27,953,6,1,32
1308,924,180,33,28,953,6,1,31
1309,924,180,34,28,953,6,1,31
1310,925,181,28,28,953,6,1,31
1311,925,181,28,28,953,6,1,27
1312,925,180,31,29,953,6,1,20
1313,924,179,31,30,953,6,1,13
1314,924,178,34,30,953,6,1,14
1315,924,178,33,29,953,6,1,15
1316,925,178,32,29,953,6,1,19
1317,925,178,31,29,953,6,1,16
1318,926,178,29,29,953,6,1,12
1319,926,180,26,29,953,6,1,7
1320,926,181,26,27,953,6,1,8
1321,926,181,27,27,953,6,1,7
1322,925,181,26,27,953,6,1,8
1323,926,180,25,27,953,6,1,8
1324,926,180,24,28,953,6,1,10
1325,927,179,24,28,953,6,1,12
1326,927,179,23,28,953,6,1,18
1327,927,178,24,28,953,6,1,20
1328,927,177,24,29,953,6,1,18
1330,927,177,23,32,953,6,1,11
1347,924,176,25,32,953,6,1,6
1349,926,180,27,29,953,6,1,4
1351,925,177,23,29,953,6,1,2
1353,924,176,23,31,953,6,1,2
1354,925,175,25,31,953,6,1,2
1355,925,177,26,30,953,6,1,5
1356,924,177,27,30,953,6,1,6
1360,927,179,25,28,953,6,1,6
1361,925,177,24,28,953,6,1,7
1362,924,176,26,30,953,6,1,8
1363,926,178,26,30,953,6,1,11
1364,927,178,25,30,953,6,1,11
1365,924,176,26,29,953,6,1,10
1369,926,177,23,28,953,6,1,7
1387,922,179,25,28,953,6,1,4
1388,922,179,27,28,953,6,1,3
1389,923,179,27,29,953,6,1,2
1390,922,179,33,29,953,6,1,2
1391,923,178,31,28,953,6,1,4
1392,922,178,32,28,953,6,1,10
1393,920,177,38,29,953,6,1,14
1394,920,177,39,29,953,6,1,18
1395,919,178,40,29,953,6,1,14
1396,919,177,41,29,953,6,1,14
1397,919,177,40,29,953,6,1,12
1398,921,178,37,29,953,6,1,21
1399,921,178,36,29,953,6,1,22
1400,920,178,32,30,953,6,1,28
1401,920,178,30,30,953,6,1,27
1402,921,178,30,29,953,6,1,26
1403,921,177,30,31,953,6,1,19
1404,920,178,32,29,953,6,1,13
1405,920,178,32,29,953,6,1,12
1406,920,178,32,29,953,6,1,14
1407,920,178,31,29,953,6,1,16
1408,921,177,30,29,953,6,1,18
1409,922,177,28,30,953,6,1,17
1410,924,176,26,30,953,6,1,16
1411,922,177,27,30,953,6,1,11
1412,921,178,29,28,953,6,1,10
1413,919,178,29,29,953,6,1,8
1414,921,178,26,29,953,6,1,7
1415,922,177,25,29,953,6,1,8
1416,924,178,24,28,953,6,1,6
1417,923,178,25,28,953,6,1,8
1418,923,178,25,28,953,6,1,11
1419,923,178,24,28,953,6,1,13
1422,926,178,23,27,953,6,1,12
1423,925,177,23,28,953,6,1,8
1424,926,176,22,30,953,6,1,7
1439,925,176,22,31,953,6,1,7
1448,925,179,22,30,953,6,1,8
1449,925,179,22,29,953,6,1,8
1450,925,179,22,30,953,6,1,9
1451,925,179,22,30,953,6,1,9
1452,926,180,21,29,953,6,1,8
1454,925,180,21,29,953,6,1,6
1460,926,181,21,28,953,6,1,4
1461,926,180,21,29,953,6,1,4
1462,926,180,22,29,953,6,1,4
1463,927,181,21,28,953,6,1,4
1464,927,180,21,28,953,6,1,3
1465,927,180,22,28,953,6,1,2
1466,926,181,22,28,953,6,1,1
1467,926,181,21,28,953,6,1,1
1205,834,173,25,26,956,5,5,44
1206,832,171,28,27,956,5,5,39
1207,832,172,28,27,956,5,5,34
1208,832,172,28,27,956,5,5,26
1209,831,171,29,28,956,5,5,21
1210,830,170,31,29,956,5,5,19
1211,829,170,32,29,956,5,5,24
1212,828,171,32,29,956,5,5,31
1213,827,172,32,30,956,5,5,39
1214,827,170,33,32,956,5,5,44
1215,828,170,32,32,956,5,5,49
1216,827,171,30,31,956,5,5,46
1217,828,171,29,31,956,5,5,37
1218,829,171,28,31,956,5,5,27
1219,829,170,28,31,956,5,5,23
1220,827,173,30,31,956,5,5,29
1221,827,173,29,31,956,5,5,29
1222,827,176,30,29,956,5,5,38
1223,827,176,30,28,956,5,5,42
1224,826,173,32,31,956,5,5,43
1225,827,172,33,33,956,5,5,34
1226,827,171,33,34,956,5,5,24
1227,826,169,33,36,956,5,5,26
1228,826,170,33,36,956,5,5,23
1229,825,171,34,35,956,5,5,20
1230,823,173,35,32,956,5,5,14
1231,823,173,35,33,956,5,5,15
1232,824,174,33,32,956,5,5,16
1233,824,175,33,32,956,5,5,24
1234,824,177,33,31,956,5,5,33
1235,824,178,32,30,956,5,5,42
1236,824,178,34,31,956,5,5,42
1237,823,177,35,32,956,5,5,40
1238,823,178,33,31,956,5,5,32
1239,824,178,32,31,956,5,5,24
1240,823,177,33,31,956,5,5,16
1241,823,176,34,33,956,5,5,13
1242,822,177,34,33,956,5,5,17
1243,823,179,33,31,956,5,5,22
1244,822,183,32,28,956,5,5,29
1245,822,181,33,30,956,5,5,31
1246,822,182,33,30,956,5,5,33
1247,821,181,33,30,956,5,5,34
1248,821,182,35,31,956,5,5,35
1249,821,182,33,31,956,5,5,38
1250,820,185,31,28,956,5,5,40
1251,818,186,34,28,956,5,5,44
1252,819,187,36,28,956,5,5,42
1253,818,187,37,29,956,5,5,40
1254,818,186,37,30,956,5,5,37
1255,817,187,37,29,956,5,5,37
1256,818,188,35,28,956,5,5,37
1257,817,189,36,30,956,5,5,39
1258,816,187,35,31,956,5,5,40
1259,816,186,36,33,956,5,5,43
1260,814,188,38,31,956,5,5,46
1261,814,189,38,32,956,5,5,49
1262,813,189,39,31,956,5,5,49
1263,812,190,40,32,956,5,5,47
1264,813,190,38,33,956,5,5,46
1265,813,190,38,33,956,5,5,45
1266,812,191,39,33,956,5,5,45
1267,811,191,39,34,956,5,5,41
1268,810,190,40,35,956,5,5,40
1269,809,193,41,33,956,5,5,40
1270,807,193,43,35,956,5,5,41
1271,808,193,41,35,956,5,5,44
1272,808,194,42,36,956,5,5,49
1273,805,195,46,38,956,5,5,58
1274,805,194,45,37,956,5,5,65
1275,803,195,43,38,956,5,5,72
1276,800,197,47,39,956,5,5,77
1277,801,197,45,41,956,5,5,77
1278,798,198,48,40,956,5,5,76
1279,797,197,49,42,956,5,5,73
1280,797,200,49,42,956,5,5,69
1281,795,200,50,44,956,5,5,64
1282,795,199,49,46,956,5,5,60
1283,792,202,52,45,956,5,5,58
1284,790,203,55,45,956,5,5,56
1285,789,207,54,42,956,5,5,56
1286,787,208,54,44,956,5,5,57
1287,787,208,54,48,956,5,5,58
1288,785,209,55,48,956,5,5,61
1289,785,211,55,49,956,5,5,65
1290,783,213,58,49,956,5,5,69
1291,781,213,59,52,956,5,5,70
1292,781,218,57,50,956,5,5,72
1293,776,218,61,54,956,5,5,75
1294,772,220,65,57,956,5,5,78
1295,768,223,68,57,956,5,5,79
1296,768,226,68,57,956,5,5,79
1297,765,228,70,60,956,5,5,80
1298,763,230,70,61,956,5,5,80
1299,762,234,71,63,956,5,5,80
1300,760,238,71,66,956,5,5,82
1301,756,240,74,67,956,5,5,83
1302,753,247,74,67,956,5,5,86
1303,748,249,78,72,956,5,5,86
1304,744,256,80,72,956,5,5,87
1305,741,256,84,78,956,5,5,88
1306,735,263,88,79,956,5,5,88
1307,728,269,94,84,956,5,5,90
1308,722,274,99,86,956,5,5,89
1309,718,280,100,93,956,5,5,90
1310,710,289,105,94,956,5,5,90
1311,702,295,109,99,956,5,5,90
1312,694,303,116,104,956,5,5,90
1313,687,313,118,110,956,5,5,90
1314,675,321,128,118,956,5,5,90
1315,664,332,137,125,956,5,5,90
1316,654,345,143,132,956,5,5,90
1317,635,360,160,139,956,5,5,90
1318,621,376,169,147,956,5,5,90
1319,603,392,184,164,956,5,5,90
1320,582,414,196,176,956,5,5,90
1321,560,439,212,188,956,5,5,90
1322,534,465,227,209,956,5,5,90
1323,503,497,246,233,956,5,5,90
1324,469,538,267,260,956,5,5,89
1325,421,590,300,292,956,5,5,88
1326,365,653,339,335,956,5,5,86
1327,297,725,385,352,956,5,5,85
1328,209,820,444,258,956,5,5,84
1223,782,192,28,23,958,3,0,60
1224,781,191,30,22,958,3,0,47
1225,780,192,29,22,958,3,0,50
1226,780,191,29,23,958,3,0,51
1227,778,193,30,23,958,3,0,63
1228,776,192,33,25,958,3,0,64
1229,776,193,32,25,958,3,0,65
1230,774,193,30,24,958,3,0,63
1231,773,194,27,24,958,3,0,61
1232,774,194,26,24,958,3,0,56
1233,773,196,28,24,958,3,0,51
1234,772,196,29,24,958,3,0,40
1235,771,196,29,24,958,3,0,32
1236,769,194,29,25,958,3,0,26
1237,769,197,29,23,958,3,0,22
1238,769,198,28,23,958,3,0,20
1239,767,198,27,23,958,3,0,19
1240,762,199,32,24,958,3,0,25
1241,762,200,30,23,958,3,0,29
1242,759,199,31,24,958,3,0,33
1243,760,199,28,24,958,3,0,33
1244,755,200,32,24,958,3,0,29
1245,755,199,33,25,958,3,0,24
1246,754,198,34,26,958,3,0,24
1247,751,200,38,25,958,3,0,31
1248,751,203,34,24,958,3,0,38
1249,750,202,33,24,958,3,0,42
1250,746,201,35,26,958,3,0,45
1251,744,202,38,27,958,3,0,49
1252,744,203,38,26,958,3,0,51
1253,740,206,36,25,958,3,0,53
1254,738,207,37,26,958,3,0,54
1255,736,207,36,27,958,3,0,57
1256,733,208,38,27,958,3,0,58
1257,730,209,39,29,958,3,0,60
1258,727,209,40,29,958,3,0,59
1259,725,211,39,29,958,3,0,60
1260,722,212,42,30,958,3,0,64
1261,718,214,42,30,958,3,0,67
1262,715,214,43,35,958,3,0,70
1263,712,216,45,34,958,3,0,69
1264,709,216,46,35,958,3,0,71
1265,705,220,46,33,958,3,0,72
1266,702,220,47,36,958,3,0,72
1267,696,223,49,37,958,3,0,72
1268,693,225,51,37,958,3,0,73
1269,689,225,53,41,958,3,0,77
1270,684,227,53,42,958,3,0,80
1271,678,230,54,43,958,3,0,80
1272,675,233,54,42,958,3,0,78
1273,670,238,54,41,958,3,0,78
1274,664,241,55,41,958,3,0,79
1275,658,245,59,43,958,3,0,79
1276,651,247,62,46,958,3,0,80
1277,644,248,64,48,958,3,0,82
1278,638,253,64,50,958,3,0,87
1279,630,258,65,52,958,3,0,89
1280,622,263,70,54,958,3,0,90
1281,612,268,73,55,958,3,0,90
1282,603,272,76,58,958,3,0,92
1283,594,278,78,60,958,3,0,94
1284,584,284,83,64,958,3,0,94
1285,573,292,86,66,958,3,0,94
1286,559,299,90,69,958,3,0,95
1287,545,306,95,73,958,3,0,96
1288,531,316,100,78,958,3,0,96
1289,515,326,104,80,958,3,0,95
1290,497,336,110,86,958,3,0,95
1291,479,346,117,92,958,3,0,95
1292,458,360,122,96,958,3,0,94
1293,434,373,133,105,958,3,0,94
1294,407,389,140,114,958,3,0,93
1295,376,408,150,122,958,3,0,93
1296,343,429,166,132,958,3,0,93
1297,304,455,180,142,958,3,0,93
1298,259,482,196,158,958,3,0,92
1299,208,516,219,172,958,3,0,92
1300,147,554,243,195,958,3,0,91
1301,71,601,274,223,958,3,0,91
1302,0,657,295,261,958,3,0,91
1303,0,732,229,301,958,3,0,91
1304,1,816,152,260,958,3,0,91
1225,373,230,34,28,959,4,1,5
1226,373,230,34,28,959,4,1,3
1227,373,230,34,28,959,4,1,2
1228,373,230,34,28,959,4,1,1
1229,373,230,34,28,959,4,1,1
1246,373,230,33,29,959,4,1,1
1247,373,230,33,29,959,4,1,1
1251,373,230,33,28,959,4,1,1
1254,1799,493,120,167,961,3,1,85
1255,1740,464,179,153,961,3,1,85
1256,1688,440,216,148,961,3,1,84
1257,1638,419,202,138,961,3,1,83
1258,1595,402,188,129,961,3,1,83
1259,1557,386,177,122,961,3,1,83
1260,1521,370,165,116,961,3,1,83
1261,1520,360,125,106,961,3,1,84
1262,1462,347,147,101,961,3,1,84
1263,1446,336,127,96,961,3,1,85
1264,1423,328,120,91,961,3,1,87
1265,1409,319,104,84,961,3,1,87
1266,1378,309,110,81,961,3,1,87
1267,1350,301,113,82,961,3,1,86
1268,1334,294,107,78,961,3,1,86
1269,1319,290,101,73,961,3,1,85
1270,1304,281,97,73,961,3,1,83
1271,1287,277,96,70,961,3,1,82
1272,1290,274,74,66,961,3,1,82
1273,1270,269,81,64,961,3,1,82
1274,1247,265,88,60,961,3,1,83
1275,1244,260,77,60,961,3,1,83
1276,1241,256,66,58,961,3,1,84
1277,1229,252,65,57,961,3,1,83
1278,1216,250,67,53,961,3,1,82
1279,1201,245,69,54,961,3,1,82
1280,1198,243,62,52,961,3,1,82
1281,1188,239,62,50,961,3,1,84
1282,1180,237,59,48,961,3,1,83
1283,1171,233,60,47,961,3,1,83
1284,1165,231,57,47,961,3,1,81
1285,1158,229,55,45,961,3,1,81
1286,1150,226,58,46,961,3,1,79
1287,1148,226,51,42,961,3,1,77
1288,1140,222,51,43,961,3,1,78
1289,1134,221,52,41,961,3,1,80
1290,1130,218,48,39,961,3,1,84
1291,1122,215,48,39,961,3,1,85
1292,1117,214,48,39,961,3,1,83
1293,1116,214,44,36,961,3,1,80
1294,1108,214,44,36,961,3,1,76
1295,1104,213,42,34,961,3,1,70
1296,1099,211,42,34,961,3,1,63
1297,1095,207,44,38,961,3,1,58
1298,1088,209,43,34,961,3,1,61
1299,1086,206,41,35,961,3,1,67
1300,1085,206,38,30,961,3,1,75
1301,1079,204,37,35,961,3,1,78
1302,1074,203,41,34,961,3,1,80
1303,1070,202,39,35,961,3,1,82
1304,1066,203,41,32,961,3,1,72
1305,1064,201,40,32,961,3,1,66
1306,1061,199,36,34,961,3,1,55
1307,1060,200,33,30,961,3,1,58
1308,1055,200,35,30,961,3,1,53
1309,1048,198,40,33,961,3,1,51
1310,1046,199,39,31,961,3,1,48
1311,1043,199,39,30,961,3,1,46
1312,1039,197,38,31,961,3,1,47
1313,1038,196,35,30,961,3,1,47
1314,1037,196,34,29,961,3,1,48
1315,1033,196,34,29,961,3,1,47
1316,1032,195,31,29,961,3,1,48
1317,1030,195,31,29,961,3,1,46
1318,1028,194,30,28,961,3,1,43
1319,1024,195,32,27,961,3,1,40
1320,1021,194,33,28,961,3,1,35
1321,1018,193,33,27,961,3,1,34
1322,1015,192,33,30,961,3,1,27
1323,1015,191,32,29,961,3,1,34
1324,1014,191,31,29,961,3,1,41
1325,1013,192,30,26,961,3,1,46
1326,1011,194,31,24,961,3,1,49
1327,1011,194,27,23,961,3,1,49
1328,1008,191,27,24,961,3,1,55
1329,1007,191,26,24,961,3,1,52
1330,1003,191,27,24,961,3,1,51
1331,1004,190,26,25,961,3,1,40
1332,1002,191,24,23,961,3,1,31
1333,998,191,26,25,961,3,1,24
1334,997,190,26,24,961,3,1,24
1335,997,189,25,23,961,3,1,24
1336,995,189,24,24,961,3,1,22
1337,994,189,24,24,961,3,1,21
1257,1774,664,145,266,963,9,1,87
1258,1694,608,224,235,963,9,1,87
1259,1623,562,297,216,963,9,1,87
1260,1569,524,269,193,963,9,1,86
1261,1516,489,249,178,963,9,1,85
1262,1473,461,226,166,963,9,1,84
1263,1436,436,204,155,963,9,1,84
1264,1402,416,190,144,963,9,1,84
1265,1370,399,178,132,963,9,1,84
1266,1346,381,164,125,963,9,1,84
1267,1321,371,153,116,963,9,1,84
1268,1299,355,145,111,963,9,1,85
1269,1280,346,137,102,963,9,1,85
1270,1262,333,127,99,963,9,1,85
1271,1244,326,122,93,963,9,1,85
1272,1232,317,111,88,963,9,1,85
1273,1227,308,98,85,963,9,1,85
1274,1201,301,106,81,963,9,1,85
1275,1200,295,90,78,963,9,1,85
1276,1181,287,94,75,963,9,1,85
1277,1165,282,95,73,963,9,1,85
1278,1155,277,92,68,963,9,1,84
1279,1151,274,84,64,963,9,1,82
1280,1146,270,78,64,963,9,1,81
1281,1131,264,81,63,963,9,1,81
1282,1125,259,77,59,963,9,1,82
1283,1116,258,75,55,963,9,1,81
1284,1111,253,73,54,963,9,1,81
1285,1105,250,69,54,963,9,1,82
1286,1098,247,69,52,963,9,1,81
1287,1092,240,67,54,963,9,1,82
1288,1087,238,62,52,963,9,1,81
1289,1082,235,61,49,963,9,1,84
1290,1078,233,61,47,963,9,1,84
1291,1073,231,59,46,963,9,1,83
1292,1066,227,57,47,963,9,1,81
1293,1063,225,56,47,963,9,1,78
1294,1057,225,56,44,963,9,1,76
1295,1054,223,54,42,963,9,1,73
1296,1048,220,53,42,963,9,1,71
1297,1043,219,53,42,963,9,1,71
1298,1041,217,50,41,963,9,1,72
1299,1037,216,51,39,963,9,1,72
1300,1034,216,51,37,963,9,1,71
1301,1032,214,46,36,963,9,1,72
1302,1027,212,48,36,963,9,1,73
1303,1024,209,47,36,963,9,1,73
1304,1020,209,45,35,963,9,1,71
1305,1019,208,44,34,963,9,1,70
1306,1017,207,43,34,963,9,1,71
1307,1012,205,46,33,963,9,1,71
1308,1013,204,38,32,963,9,1,71
1309,1008,203,42,31,963,9,1,71
1310,1007,203,39,31,963,9,1,72
1311,1002,201,42,31,963,9,1,73
1312,1001,201,38,31,963,9,1,72
1313,999,200,35,30,963,9,1,69
1314,998,199,35,29,963,9,1,69
1315,994,200,35,29,963,9,1,68
1316,993,200,35,26,963,9,1,70
1317,992,198,34,27,963,9,1,69
1318,989,199,34,27,963,9,1,70
1319,987,198,33,26,963,9,1,69
1320,984,198,33,25,963,9,1,65
1321,982,198,33,25,963,9,1,60
1322,979,197,33,25,963,9,1,56
1323,978,196,33,25,963,9,1,47
1324,978,196,30,26,963,9,1,47
1325,975,196,30,25,963,9,1,47
1326,973,195,29,24,963,9,1,53
1327,971,195,29,24,963,9,1,54
1328,970,195,30,23,963,9,1,54
1329,969,194,29,24,963,9,1,54
1330,966,192,30,24,963,9,1,52
1331,965,191,28,24,963,9,1,42
1332,965,192,27,24,963,9,1,35
1333,962,194,29,24,963,9,1,30
1334,962,190,28,25,963,9,1,34
1335,959,190,30,24,963,9,1,32
1336,957,190,29,23,963,9,1,30
1337,957,190,28,23,963,9,1,28
1339,954,190,26,23,963,9,1,29
1277,881,294,95,55,970,6,1,4
1278,881,295,94,55,970,6,1,3
1279,881,295,95,55,970,6,1,3
1290,881,295,96,53,970,6,1,2
1291,881,295,96,53,970,6,1,2
1292,880,295,97,52,970,6,1,1
1293,880,296,97,53,970,6,1,1
1294,880,296,98,53,970,6,1,2
1295,880,296,98,54,970,6,1,4
1296,880,296,99,57,970,6,1,7
1297,880,296,99,57,970,6,1,8
1298,879,295,100,58,970,6,1,13
1299,879,295,100,57,970,6,1,18
1300,884,286,97,53,970,6,1,24
1301,885,286,97,54,970,6,1,26
1302,884,285,97,54,970,6,1,27
1303,884,285,98,54,970,6,1,23
1304,884,285,98,54,970,6,1,16
1305,880,296,100,53,970,6,1,8
1306,885,284,97,54,970,6,1,9
1307,884,285,99,55,970,6,1,9
1308,880,296,100,55,970,6,1,12
1314,881,295,98,54,970,6,1,8
1316,881,294,98,58,970,6,1,10
1317,881,294,98,58,970,6,1,10
1318,881,295,98,57,970,6,1,13
1319,881,295,98,58,970,6,1,13
1300,791,190,24,25,971,3,1,126
1301,791,191,24,25,971,3,1,102
1302,789,190,26,24,971,3,1,82
1303,787,190,26,25,971,3,1,51
1304,787,190,26,24,971,3,1,36
1305,786,190,26,25,971,3,1,24
1306,784,190,27,25,971,3,1,25
1307,783,189,29,25,971,3,1,32
1308,783,191,27,25,971,3,1,42
1309,782,191,26,27,971,3,1,47
1310,779,189,29,29,971,3,1,51
1311,777,190,29,29,971,3,1,55
1312,776,192,29,28,971,3,1,55
1313,777,192,29,29,971,3,1,49
1314,775,193,31,27,971,3,1,42
1315,774,192,33,29,971,3,1,37
1316,774,191,30,29,971,3,1,37
1317,774,191,29,30,971,3,1,31
1318,773,191,29,31,971,3,1,27
1319,773,193,29,29,971,3,1,18
1320,769,194,31,29,971,3,1,24
1321,770,193,30,29,971,3,1,23
1322,768,194,31,30,971,3,1,24
1323,766,195,32,28,971,3,1,15
1324,764,194,35,29,971,3,1,14
1325,761,193,37,30,971,3,1,22
1326,761,195,34,30,971,3,1,22
1327,760,195,34,30,971,3,1,24
1328,759,194,34,31,971,3,1,20
1329,757,195,34,30,971,3,1,26
1330,755,197,36,29,971,3,1,26
1331,755,197,36,30,971,3,1,27
1332,753,197,35,30,971,3,1,27
1333,751,197,36,31,971,3,1,29
1334,751,198,38,31,971,3,1,32
1335,750,198,38,31,971,3,1,35
1336,748,198,39,33,971,3,1,40
1337,746,201,39,32,971,3,1,44
1338,743,202,39,32,971,3,1,47
1339,742,204,42,31,971,3,1,50
1340,740,205,40,30,971,3,1,55
1341,737,205,41,33,971,3,1,61
1342,738,205,39,36,971,3,1,63
1343,732,206,41,38,971,3,1,64
1344,730,206,40,38,971,3,1,64
1345,727,207,43,39,971,3,1,63
1346,725,208,43,39,971,3,1,62
1347,723,209,44,39,971,3,1,57
1348,720,211,46,41,971,3,1,55
1349,719,212,44,41,971,3,1,54
1350,715,213,47,42,971,3,1,57
1351,712,216,50,41,971,3,1,62
1352,708,217,49,43,971,3,1,65
1353,704,220,52,44,971,3,1,69
1354,699,220,53,46,971,3,1,70
1355,697,222,52,48,971,3,1,73
1356,692,225,56,48,971,3,1,72
1357,687,225,58,50,971,3,1,71
1358,683,227,58,51,971,3,1,71
1359,678,231,59,52,971,3,1,72
1360,671,234,61,53,971,3,1,74
1361,667,239,63,53,971,3,1,75
1362,662,243,64,55,971,3,1,78
1363,658,244,64,56,971,3,1,79
1364,648,248,70,57,971,3,1,81
1365,643,250,72,61,971,3,1,83
1366,636,258,74,61,971,3,1,84
1367,626,259,78,68,971,3,1,86
1368,620,264,80,68,971,3,1,88
1369,611,268,83,73,971,3,1,91
1370,600,273,86,80,971,3,1,92
1371,591,279,91,80,971,3,1,92
1372,578,288,95,84,971,3,1,92
1373,567,292,97,89,971,3,1,93
1374,554,302,102,92,971,3,1,93
1375,539,310,109,100,971,3,1,93
1376,524,318,114,105,971,3,1,91
1377,508,329,120,111,971,3,1,92
1378,486,339,132,119,971,3,1,92
1379,467,353,135,128,971,3,1,92
1380,443,367,145,138,971,3,1,92
1381,413,384,160,149,971,3,1,92
1382,384,404,169,161,971,3,1,93
1383,347,421,185,179,971,3,1,93
1384,303,450,201,191,971,3,1,92
1385,258,483,221,208,971,3,1,92
1386,197,513,249,240,971,3,1,91
1387,130,556,274,273,971,3,1,90
1388,44,596,314,322,971,3,1,89
1389,0,667,301,363,971,3,1,89
1390,0,753,229,322,971,3,1,89
1391,0,862,138,213,971,3,1,89
1380,1798,498,122,187,979,6,4,86
1381,1733,467,186,172,979,6,4,86
1382,1678,441,241,162,979,6,4,86
1383,1626,419,231,154,979,6,4,85
1384,1582,402,212,142,979,6,4,85
1385,1542,384,199,134,979,6,4,85
1386,1505,369,187,127,979,6,4,86
1387,1473,357,172,116,979,6,4,86
1388,1443,342,166,113,979,6,4,87
1389,1417,334,151,104,979,6,4,87
1390,1392,323,145,100,979,6,4,88
1391,1371,314,134,95,979,6,4,88
1392,1348,304,128,92,979,6,4,89
1393,1329,296,121,87,979,6,4,89
1394,1311,291,116,81,979,6,4,90
1395,1295,287,109,77,979,6,4,89
1396,1281,280,103,74,979,6,4,90
1397,1265,273,102,74,979,6,4,88
1398,1253,269,97,69,979,6,4,88
1399,1240,265,92,67,979,6,4,86
1400,1230,261,87,64,979,6,4,85
1401,1217,256,87,63,979,6,4,85
1402,1206,253,87,60,979,6,4,85
1403,1199,250,80,57,979,6,4,84
1404,1190,246,78,56,979,6,4,84
1405,1183,243,73,55,979,6,4,84
1406,1173,239,72,53,979,6,4,84
1407,1168,236,69,52,979,6,4,85
1408,1159,235,68,49,979,6,4,85
1409,1151,233,66,46,979,6,4,83
1410,1147,229,62,47,979,6,4,80
1411,1140,226,62,48,979,6,4,78
1412,1131,225,61,46,979,6,4,76
1413,1126,223,60,44,979,6,4,75
1414,1122,222,55,43,979,6,4,73
1415,1116,220,55,42,979,6,4,75
1416,1110,216,56,43,979,6,4,78
1417,1106,215,54,40,979,6,4,79
1418,1102,215,51,38,979,6,4,77
1419,1096,213,51,38,979,6,4,74
1420,1092,211,50,39,979,6,4,70
1421,1088,209,52,40,979,6,4,65
1422,1084,209,48,38,979,6,4,63
1423,1078,207,49,39,979,6,4,61
1424,1078,206,45,36,979,6,4,65
1425,1073,205,44,35,979,6,4,69
1426,1070,204,43,33,979,6,4,75
1427,1063,202,45,37,979,6,4,78
1428,1059,202,44,34,979,6,4,78
1429,1057,202,42,34,979,6,4,77
1430,1053,201,42,33,979,6,4,74
1431,1050,199,41,33,979,6,4,71
1432,1047,199,41,32,979,6,4,64
1433,1043,198,41,32,979,6,4,60
1434,1040,199,42,31,979,6,4,54
1435,1039,196,40,33,979,6,4,51
1436,1039,196,38,32,979,6,4,45
1437,1036,195,35,32,979,6,4,42
1438,1031,195,35,31,979,6,4,41
1439,1028,193,37,32,979,6,4,42
1440,1026,192,34,32,979,6,4,45
1441,1024,192,35,31,979,6,4,42
1442,1019,192,37,32,979,6,4,45
1443,1015,192,38,32,979,6,4,47
1444,1016,192,34,30,979,6,4,56
1445,1015,192,34,28,979,6,4,58
1446,1011,192,35,28,979,6,4,56
1447,1011,193,33,26,979,6,4,55
1448,1008,191,35,28,979,6,4,53
1449,1006,190,34,27,979,6,4,49
1450,1005,190,33,27,979,6,4,40
1451,1004,189,34,28,979,6,4,38
1452,1002,189,32,29,979,6,4,43
1453,1001,189,30,27,979,6,4,45
1454,1001,188,28,27,979,6,4,50
1455,998,189,28,26,979,6,4,43
1456,997,189,27,24,979,6,4,44
1457,996,189,27,25,979,6,4,34
1458,995,188,26,26,979,6,4,31
1459,993,189,27,25,979,6,4,26
1460,991,188,27,25,979,6,4,24
1461,991,187,26,25,979,6,4,28
1462,989,187,26,24,979,6,4,32
1463,989,187,24,24,979,6,4,36
1465,987,187,23,23,979,6,4,31
1467,983,187,26,23,979,6,4,24
1468,981,187,24,24,979,6,4,16
1469,981,187,24,24,979,6,4,16
1470,979,186,27,24,979,6,4,17
1471,978,185,24,23,979,6,4,28
1472,976,185,23,22,979,6,4,36
1473,975,185,24,22,979,6,4,40
1474,974,184,24,23,979,6,4,32
1475,974,185,23,23,979,6,4,26
1476,973,186,22,23,979,6,4,21
1407,1806,517,113,151,981,5,0,70
1408,1750,488,170,143,981,5,0,70
1409,1699,466,220,136,981,5,0,70
1410,1654,446,206,124,981,5,0,71
1411,1615,426,192,120,981,5,0,72
1412,1576,411,180,111,981,5,0,74
1413,1541,396,169,105,981,5,0,75
1414,1513,383,159,99,981,5,0,75
1415,1483,368,150,96,981,5,0,76
1416,1459,359,141,90,981,5,0,77
1417,1434,348,136,85,981,5,0,78
1418,1413,339,128,81,981,5,0,78
1419,1392,330,122,78,981,5,0,79
1420,1374,318,117,78,981,5,0,79
1421,1358,310,111,75,981,5,0,79
1422,1341,305,107,71,981,5,0,79
1423,1324,299,103,69,981,5,0,79
1424,1313,295,95,64,981,5,0,79
1425,1296,290,93,61,981,5,0,79
1426,1284,287,89,56,981,5,0,79
1427,1270,279,87,57,981,5,0,78
1428,1257,274,87,57,981,5,0,77
1429,1246,269,84,57,981,5,0,77
1430,1238,265,78,54,981,5,0,77
1431,1227,261,77,52,981,5,0,78
1432,1218,258,75,50,981,5,0,78
1433,1208,255,74,47,981,5,0,78
1434,1200,253,71,46,981,5,0,78
1435,1196,251,66,44,981,5,0,78
1436,1188,247,65,44,981,5,0,77
1437,1179,242,64,44,981,5,0,75
1438,1172,242,63,42,981,5,0,74
1439,1165,239,60,41,981,5,0,74
1440,1156,235,58,41,981,5,0,73
1441,1151,234,56,39,981,5,0,71
1442,1146,232,54,40,981,5,0,71
1443,1140,229,51,39,981,5,0,71
1444,1132,229,54,35,981,5,0,73
1445,1128,227,53,34,981,5,0,74
1446,1122,226,52,33,981,5,0,76
1447,1119,224,48,31,981,5,0,77
1448,1112,220,51,33,981,5,0,76
1449,1108,221,49,31,981,5,0,72
1450,1105,218,45,31,981,5,0,67
1451,1100,217,44,32,981,5,0,61
1452,1096,217,47,31,981,5,0,58
1453,1093,216,43,29,981,5,0,57
1454,1088,215,42,28,981,5,0,57
1455,1082,215,43,27,981,5,0,59
1456,1080,211,40,29,981,5,0,62
1457,1077,210,39,28,981,5,0,66
1458,1072,209,39,27,981,5,0,65
1459,1068,209,40,26,981,5,0,63
1460,1064,208,41,26,981,5,0,61
1461,1062,206,38,26,981,5,0,60
1462,1060,205,36,26,981,5,0,56
1463,1054,205,39,25,981,5,0,51
1464,1055,206,36,24,981,5,0,49
1465,1051,204,35,24,981,5,0,46
1466,1048,204,36,25,981,5,0,43
1467,1043,203,37,25,981,5,0,40
1468,1042,203,32,24,981,5,0,40
1469,1039,202,32,24,981,5,0,40
1470,1036,201,31,23,981,5,0,42
1471,1034,200,32,24,981,5,0,43
1472,1028,200,36,25,981,5,0,45
1473,1027,199,35,24,981,5,0,46
1474,1025,198,34,24,981,5,0,39
1475,1025,198,33,25,981,5,0,31
1476,1023,197,32,26,981,5,0,27
1477,1021,196,31,26,981,5,0,30
1478,1019,197,33,24,981,5,0,29
1479,1019,196,30,23,981,5,0,24
1480,1017,197,28,25,981,5,0,20
1481,1016,198,25,23,981,5,0,36
1482,1012,197,28,22,981,5,0,55
1483,1008,194,33,23,981,5,0,60
1484,1004,193,33,22,981,5,0,63
1485,1003,195,31,22,981,5,0,63
1486,1002,194,32,22,981,5,0,67
1487,1003,194,27,22,981,5,0,52
1488,999,193,28,23,981,5,0,34
1489,998,194,30,22,981,5,0,27
1490,997,194,28,22,981,5,0,28
1491,997,192,27,23,981,5,0,34
1492,996,191,26,22,981,5,0,35
1493,996,191,23,23,981,5,0,37
1412,882,294,96,55,982,6,1,3
1413,880,292,99,62,982,6,1,3
1419,881,294,97,57,982,6,1,3
1442,886,288,92,54,982,6,1,3
1443,887,283,93,57,982,6,1,3
1446,885,281,96,58,982,6,1,3
1447,884,279,97,60,982,6,1,3
1448,884,280,97,58,982,6,1,4
1449,884,281,97,57,982,6,1,7
1450,882,295,95,53,982,6,1,13
1451,882,295,95,55,982,6,1,17
1452,881,294,98,58,982,6,1,19
1458,877,294,102,61,982,6,1,17
1459,878,293,101,59,982,6,1,17
1464,880,296,99,55,982,6,1,15
1440,779,192,29,27,983,3,0,18
1441,778,195,30,29,983,3,0,36
1442,778,195,29,28,983,3,0,46
1443,777,194,29,26,983,3,0,60
1444,776,193,30,27,983,3,0,50
1445,776,194,30,26,983,3,0,43
1446,775,194,31,28,983,3,0,34
1447,776,193,28,27,983,3,0,28
1448,776,193,28,27,983,3,0,19
1449,775,193,29,27,983,3,0,10
1450,775,193,28,26,983,3,0,17
1451,774,194,28,26,983,3,0,19
1452,774,193,28,26,983,3,0,22
1453,773,195,29,27,983,3,0,13
1454,770,194,31,25,983,3,0,12
1455,770,196,30,25,983,3,0,11
1456,769,196,29,25,983,3,0,14
1457,768,197,30,24,983,3,0,11
1458,765,197,31,24,983,3,0,17
1459,763,198,33,23,983,3,0,20
1460,762,199,32,24,983,3,0,27
1461,761,199,32,24,983,3,0,29
1462,760,199,34,25,983,3,0,28
1463,759,200,34,25,983,3,0,26
1464,755,198,36,25,983,3,0,18
1465,755,199,32,25,983,3,0,14
1466,754,199,32,24,983,3,0,9
1467,754,200,33,24,983,3,0,7
1468,751,200,34,24,983,3,0,8
1469,751,201,35,24,983,3,0,11
1470,750,201,33,24,983,3,0,17
1471,750,201,32,25,983,3,0,22
1472,747,202,34,25,983,3,0,28
1473,746,203,33,25,983,3,0,31
1474,744,203,34,26,983,3,0,34
1475,742,202,35,26,983,3,0,37
1476,742,203,36,26,983,3,0,39
1477,741,205,35,26,983,3,0,40
1478,738,206,37,26,983,3,0,38
1479,736,207,39,24,983,3,0,38
1480,736,205,36,27,983,3,0,39
1481,733,204,38,30,983,3,0,38
1482,731,206,38,29,983,3,0,37
1483,730,206,38,29,983,3,0,38
1484,728,208,40,29,983,3,0,40
1485,726,209,39,30,983,3,0,42
1486,725,208,42,31,983,3,0,41
1487,723,210,41,31,983,3,0,42
1488,721,209,43,32,983,3,0,42
1489,720,210,41,32,983,3,0,42
1490,718,211,42,34,983,3,0,43
1491,717,212,43,33,983,3,0,43
1492,715,213,42,34,983,3,0,46
1493,713,213,44,35,983,3,0,45
1494,711,214,44,36,983,3,0,45
1495,709,215,45,35,983,3,0,43
1496,706,216,46,36,983,3,0,41
1497,703,216,48,37,983,3,0,40
1498,702,216,45,39,983,3,0,37
1499,700,218,48,38,983,3,0,37
1500,696,220,48,36,983,3,0,38
1501,694,221,50,37,983,3,0,40
1502,693,222,50,39,983,3,0,41
1503,690,222,53,40,983,3,0,42
1504,688,223,54,42,983,3,0,45
1505,687,224,53,42,983,3,0,47
1506,683,225,56,44,983,3,0,46
1507,680,225,57,44,983,3,0,45
1508,679,227,55,44,983,3,0,43
1509,675,228,58,45,983,3,0,43
1510,674,231,56,43,983,3,0,39
1511,672,232,58,44,983,3,0,38
1512,670,234,56,44,983,3,0,37
1513,666,234,59,45,983,3,0,36
1514,665,238,56,43,983,3,0,37
1515,660,238,60,45,983,3,0,37
1516,658,240,61,46,983,3,0,40
1517,655,242,63,47,983,3,0,41
1518,652,244,64,47,983,3,0,42
1519,650,244,64,49,983,3,0,42
1520,645,246,66,49,983,3,0,42
1521,642,247,67,50,983,3,0,42
1522,640,249,67,51,983,3,0,41
1523,636,251,68,53,983,3,0,41
1524,633,253,69,54,983,3,0,41
1525,631,255,69,54,983,3,0,41
1526,628,257,69,54,983,3,0,40
1527,622,258,73,55,983,3,0,39
1528,619,261,72,55,983,3,0,37
1529,617,262,72,56,983,3,0,36
1530,611,265,77,57,983,3,0,36
1531,608,267,78,58,983,3,0,36
1532,605,269,78,59,983,3,0,36
1533,602,270,77,60,983,3,0,36
1534,599,270,80,63,983,3,0,36
1535,595,273,83,63,983,3,0,35
1536,591,275,83,65,983,3,0,35
1537,587,277,84,66,983,3,0,35
1538,581,281,85,66,983,3,0,35
1539,579,283,86,67,983,3,0,34
1540,576,286,86,67,983,3,0,33
1541,572,288,88,67,983,3,0,33
1542,569,289,89,70,983,3,0,31
1543,565,291,91,71,983,3,0,30
1544,560,292,92,74,983,3,0,29
1545,558,294,92,75,983,3,0,29
1546,554,297,92,75,983,3,0,28
1547,550,299,94,75,983,3,0,27
1548,546,301,96,77,983,3,0,26
1549,545,304,95,76,983,3,0,25
1550,541,306,96,79,983,3,0,24
1551,537,306,99,81,983,3,0,23
1552,533,309,101,81,983,3,0,23
1553,530,311,101,82,983,3,0,22
1554,525,313,104,83,983,3,0,21
1555,523,315,103,83,983,3,0,20
1556,520,317,106,84,983,3,0,20
1557,516,318,106,86,983,3,0,19
1558,513,320,105,88,983,3,0,18
1559,510,323,107,86,983,3,0,17
1560,508,324,108,88,983,3,0,17
1561,505,328,110,86,983,3,0,16
1562,503,327,112,89,983,3,0,15
1563,499,329,114,91,983,3,0,14
1564,497,330,114,91,983,3,0,13
1565,495,331,115,92,983,3,0,13
1566,493,334,115,91,983,3,0,12
1567,489,334,117,92,983,3,0,11
1568,488,335,116,93,983,3,0,10
1569,485,336,117,94,983,3,0,10
1570,484,339,118,93,983,3,0,9
1571,481,340,119,94,983,3,0,9
1572,480,340,119,94,983,3,0,9
1573,479,342,119,95,983,3,0,9
1574,478,341,119,97,983,3,0,8
1575,477,340,119,98,983,3,0,7
1576,474,342,122,97,983,3,0,6
1577,474,343,122,96,983,3,0,5
1578,473,344,122,96,983,3,0,4
1579,472,345,123,96,983,3,0,3
1580,471,344,123,98,983,3,0,3
1581,471,346,123,98,983,3,0,3
1582,469,346,124,98,983,3,0,3
1583,468,346,125,99,983,3,0,4
1584,468,347,123,99,983,3,0,4
1585,468,347,124,99,983,3,0,3
1586,468,347,124,99,983,3,0,3
1587,468,347,124,99,983,3,0,2
1588,468,347,124,99,983,3,0,1
1589,468,347,125,99,983,3,0,1
1590,467,347,125,99,983,3,0,0
1591,467,347,126,99,983,3,0,0
1592,467,347,126,99,983,3,0,0
1593,467,347,125,99,983,3,0,0
1594,466,347,126,99,983,3,0,0
1595,466,347,124,99,983,3,0,0
1596,467,347,124,100,983,3,0,0
1597,467,347,123,100,983,3,0,0
1598,467,348,123,99,983,3,0,0
1599,467,348,123,99,983,3,0,0
1600,467,348,124,98,983,3,0,0
1601,467,348,123,98,983,3,0,0
1602,468,347,123,98,983,3,0,1
1603,467,346,125,99,983,3,0,1
1604,468,347,125,98,983,3,0,2
1605,468,346,124,98,983,3,0,2
1606,468,346,125,98,983,3,0,1
1607,468,346,125,99,983,3,0,1
1608,467,347,125,99,983,3,0,0
1609,467,347,124,98,983,3,0,0
1610,466,347,125,99,983,3,0,0
1611,466,347,125,98,983,3,0,0
1612,466,348,125,98,983,3,0,0
1613,466,348,125,98,983,3,0,0
1614,466,348,125,98,983,3,0,0
1615,466,348,125,98,983,3,0,0
1616,467,347,125,98,983,3,0,0
1617,467,347,126,98,983,3,0,0
1618,467,347,126,98,983,3,0,0
1619,467,347,125,98,983,3,0,0
1620,467,347,126,99,983,3,0,0
1621,467,347,126,99,983,3,0,0
1622,467,347,125,99,983,3,0,0
1623,467,347,124,99,983,3,0,0
1624,467,347,124,99,983,3,0,0
1625,466,347,125,99,983,3,0,0
1626,466,347,124,99,983,3,0,0
1627,466,347,124,99,983,3,0,0
1628,467,347,124,99,983,3,0,0
1629,467,347,125,99,983,3,0,0
1630,467,347,125,98,983,3,0,0
1631,467,347,125,98,983,3,0,0
1632,467,346,125,99,983,3,0,0
1633,467,346,125,99,983,3,0,0
1634,467,346,125,99,983,3,0,0
1635,467,347,125,99,983,3,0,0
1636,467,347,125,99,983,3,0,0
1637,466,347,125,98,983,3,0,0
1638,467,347,125,99,983,3,0,0
1639,467,347,124,99,983,3,0,0
1640,467,347,124,99,983,3,0,0
1641,467,347,124,99,983,3,0,0
1642,467,347,125,98,983,3,0,0
1643,467,347,124,98,983,3,0,0
1644,467,347,125,99,983,3,0,0
1645,468,346,125,99,983,3,0,0
1646,467,346,125,99,983,3,0,0
1647,467,347,125,99,983,3,0,0
1648,467,347,125,99,983,3,0,0
1649,467,347,125,99,983,3,0,0
1650,467,347,125,99,983,3,0,0
1651,467,347,125,99,983,3,0,0
1652,466,347,125,99,983,3,0,0
1653,466,347,125,99,983,3,0,0
1654,466,347,125,99,983,3,0,0
1655,466,347,125,99,983,3,0,0
1656,467,346,126,100,983,3,0,0
1657,467,346,126,100,983,3,0,0
1658,467,346,126,99,983,3,0,0
1659,467,346,126,100,983,3,0,0
1660,467,346,126,99,983,3,0,0
1661,467,346,126,99,983,3,0,0
1662,468,346,125,100,983,3,0,0
1663,467,346,126,99,983,3,0,0
1664,467,347,124,99,983,3,0,0
1665,467,347,124,99,983,3,0,0
1666,467,347,124,98,983,3,0,0
1667,467,347,125,98,983,3,0,0
1668,467,347,125,98,983,3,0,0
1669,467,347,124,99,983,3,0,0
1670,467,347,125,98,983,3,0,0
1671,467,347,125,98,983,3,0,0
1672,467,347,125,98,983,3,0,0
1673,467,347,125,98,983,3,0,0
1674,467,346,125,98,983,3,0,0
1675,467,346,126,99,983,3,0,0
1676,467,346,125,98,983,3,0,0
1677,467,346,126,99,983,3,0,0
1678,467,346,125,98,983,3,0,0
1679,467,347,125,98,983,3,0,0
1680,467,348,124,97,983,3,0,0
1681,467,348,124,97,983,3,0,0
1682,467,348,124,98,983,3,0,0
1683,467,348,124,97,983,3,0,0
1684,467,348,124,98,983,3,0,0
1685,467,348,124,97,983,3,0,0
1686,467,348,125,97,983,3,0,0
1687,468,348,124,97,983,3,0,0
1688,467,347,125,99,983,3,0,0
1689,467,347,124,96,983,3,0,1
1690,466,346,127,98,983,3,0,0
1691,466,346,127,98,983,3,0,0
1692,467,347,126,99,983,3,0,0
1693,467,347,126,98,983,3,0,0
1694,467,347,126,98,983,3,0,1
1695,466,347,126,99,983,3,0,1
1696,466,347,125,99,983,3,0,1
1697,466,347,126,98,983,3,0,0
1698,466,347,126,98,983,3,0,0
1699,466,347,126,98,983,3,0,0
1700,467,347,125,98,983,3,0,0
1701,467,347,125,98,983,3,0,0
1702,467,347,125,98,983,3,0,0
1703,467,347,125,98,983,3,0,0
1704,467,347,125,98,983,3,0,0
1705,467,347,125,99,983,3,0,0
1706,467,347,124,100,983,3,0,0
1707,467,347,125,99,983,3,0,0
1708,466,347,124,98,983,3,0,0
1709,466,347,124,98,983,3,0,0
1710,467,347,125,99,983,3,0,0
1711,467,347,125,99,983,3,0,0
1712,467,347,125,98,983,3,0,0
1713,467,347,126,99,983,3,0,0
1714,467,347,125,99,983,3,0,0
1715,467,347,125,99,983,3,0,0
1716,467,347,125,98,983,3,0,0
1717,467,347,125,99,983,3,0,0
1718,467,347,126,99,983,3,0,0
1719,466,347,125,98,983,3,0,0
1720,466,347,125,99,983,3,0,0
1721,466,347,125,98,983,3,0,0
1722,466,347,125,98,983,3,0,0
1723,466,347,125,98,983,3,0,0
1724,466,347,125,98,983,3,0,0
1725,466,347,125,99,983,3,0,0
1726,467,347,124,99,983,3,0,0
1727,466,346,126,97,983,3,0,0
1728,466,347,125,98,983,3,0,0
1729,467,347,125,98,983,3,0,0
1730,467,347,125,98,983,3,0,0
1731,467,347,125,98,983,3,0,0
1732,467,347,125,98,983,3,0,0
1733,467,347,125,98,983,3,0,0
1734,467,347,125,98,983,3,0,0
1735,467,347,125,98,983,3,0,0
1736,467,347,125,98,983,3,0,0
1737,467,347,125,98,983,3,0,0
1738,467,347,125,98,983,3,0,0
1739,467,347,125,98,983,3,0,0
1740,467,346,125,99,983,3,0,0
1741,467,346,125,99,983,3,0,0
1742,468,347,125,99,983,3,0,2
1743,466,347,127,100,983,3,0,2
1744,466,346,126,94,983,3,0,2
1745,466,347,126,98,983,3,0,1
1746,466,348,125,98,983,3,0,1
1747,467,347,126,99,983,3,0,0
1748,467,347,126,99,983,3,0,1
1749,467,347,126,99,983,3,0,1
1750,467,347,125,98,983,3,0,1
1751,467,347,125,98,983,3,0,0
1752,467,347,126,98,983,3,0,0
1753,467,347,126,98,983,3,0,0
1754,467,347,126,98,983,3,0,0
1755,467,347,126,98,983,3,0,0
1756,467,347,126,99,983,3,0,0
1757,467,347,126,99,983,3,0,0
1758,467,347,126,99,983,3,0,0
1759,467,346,126,99,983,3,0,0
1760,468,347,126,99,983,3,0,0
1761,468,346,126,99,983,3,0,0
1762,468,346,126,99,983,3,0,0
1763,468,346,126,99,983,3,0,0
1764,467,347,124,99,983,3,0,0
1765,468,347,123,99,983,3,0,0
1766,468,346,122,100,983,3,0,0
1767,468,345,126,100,983,3,0,0
1768,468,346,123,100,983,3,0,0
1769,467,347,124,99,983,3,0,0
1770,467,347,124,99,983,3,0,0
1771,467,347,125,99,983,3,0,0
1772,467,347,126,99,983,3,0,0
1773,467,347,127,99,983,3,0,0
1774,467,347,127,99,983,3,0,0
1775,467,347,126,99,983,3,0,0
1776,467,346,127,99,983,3,0,0
1777,467,347,127,99,983,3,0,0
1778,467,347,127,98,983,3,0,0
1779,467,347,127,98,983,3,0,0
1780,466,347,127,98,983,3,0,0
1781,466,347,127,98,983,3,0,0
1782,466,348,127,98,983,3,0,0
1783,466,348,127,97,983,3,0,0
1784,466,348,128,97,983,3,0,0
1785,466,348,128,97,983,3,0,0
1786,466,348,128,97,983,3,0,0
1787,467,348,127,97,983,3,0,0
1788,466,348,128,98,983,3,0,0
1789,466,348,128,98,983,3,0,0
1790,467,348,127,98,983,3,0,0
1791,467,348,127,98,983,3,0,0
1792,467,348,126,98,983,3,0,0
1793,467,347,126,99,983,3,0,0
1794,467,348,126,99,983,3,0,0
1795,467,348,126,99,983,3,0,0
1796,467,348,125,99,983,3,0,0
1797,468,347,126,98,983,3,0,0
1798,468,348,125,98,983,3,0,0
1799,468,347,126,99,983,3,0,0
1800,467,347,126,98,983,3,0,0
1801,468,348,125,98,983,3,0,0
1802,468,347,125,99,983,3,0,0
1803,467,347,125,98,983,3,0,0
1804,467,347,125,98,983,3,0,0
1805,467,347,125,98,983,3,0,0
1806,468,348,124,97,983,3,0,0
1807,468,348,124,97,983,3,0,0
1808,468,348,123,97,983,3,0,0
1809,468,348,123,98,983,3,0,0
1810,467,347,125,99,983,3,0,0
1811,467,347,125,99,983,3,0,0
1812,467,347,125,99,983,3,0,0
1813,467,346,126,99,983,3,0,0
1814,467,346,125,99,983,3,0,0
1815,467,346,126,98,983,3,0,0
1816,468,347,124,99,983,3,0,0
1817,468,347,124,99,983,3,0,0
1818,467,347,125,100,983,3,0,0
1819,467,347,124,99,983,3,0,1
1820,467,348,124,98,983,3,0,1
1821,467,348,124,98,983,3,0,0
1822,466,347,125,99,983,3,0,0
1823,466,347,126,99,983,3,0,0
1824,467,347,125,99,983,3,0,0
1825,467,347,125,99,983,3,0,0
1826,467,346,127,99,983,3,0,0
1827,467,346,126,99,983,3,0,0
1828,467,346,126,99,983,3,0,0
1829,467,346,126,99,983,3,0,0
1830,468,347,125,99,983,3,0,0
1831,467,346,127,100,983,3,0,0
1832,467,347,125,99,983,3,0,0
1833,467,346,125,100,983,3,0,0
1834,467,347,125,99,983,3,0,0
1835,467,347,125,99,983,3,0,0
1836,467,347,125,99,983,3,0,0
1837,467,347,125,99,983,3,0,0
1838,467,347,125,99,983,3,0,0
1839,467,346,126,98,983,3,0,0
1840,467,347,125,99,983,3,0,0
1841,467,347,125,99,983,3,0,0
1842,467,346,125,99,983,3,0,0
1843,467,347,125,99,983,3,0,0
1844,467,346,125,100,983,3,0,0
1845,466,347,125,100,983,3,0,0
1846,466,348,125,98,983,3,0,0
1847,466,347,125,99,983,3,0,0
1848,467,347,125,100,983,3,0,0
1849,467,347,125,100,983,3,0,0
1850,467,347,125,99,983,3,0,0
1851,467,347,125,99,983,3,0,0
1852,467,347,125,99,983,3,0,0
1853,467,347,125,99,983,3,0,0
1854,467,347,125,99,983,3,0,0
1855,467,347,125,99,983,3,0,0
1856,467,347,125,99,983,3,0,0
1857,467,347,125,99,983,3,0,0
1858,467,347,125,99,983,3,0,0
1859,466,347,125,99,983,3,0,0
1860,467,347,123,100,983,3,0,0
1861,467,347,123,99,983,3,0,0
1862,467,347,123,99,983,3,0,0
1863,467,347,123,100,983,3,0,0
1864,467,347,123,100,983,3,0,0
1865,467,347,124,100,983,3,0,0
1866,468,346,125,99,983,3,0,0
1867,469,347,123,99,983,3,0,0
1868,468,347,123,99,983,3,0,0
1869,468,346,125,99,983,3,0,0
1870,468,347,124,99,983,3,0,0
1871,467,347,124,99,983,3,0,0
1872,467,347,124,99,983,3,0,0
1873,467,348,124,99,983,3,0,0
1874,467,348,124,99,983,3,0,0
1875,467,348,124,99,983,3,0,0
1876,467,348,123,98,983,3,0,0
1877,467,348,124,99,983,3,0,0
1878,467,347,124,99,983,3,0,0
1879,468,347,124,99,983,3,0,0
1880,468,347,125,99,983,3,0,0
1881,468,347,125,99,983,3,0,0
1882,468,347,125,98,983,3,0,0
1883,467,347,125,99,983,3,0,0
1884,467,346,126,98,983,3,0,0
1885,467,346,127,99,983,3,0,0
1886,467,346,126,98,983,3,0,0
1887,467,346,126,99,983,3,0,0
1888,467,346,126,99,983,3,0,0
1889,467,346,126,99,983,3,0,0
1890,468,347,123,98,983,3,0,0
1891,468,347,123,98,983,3,0,0
1892,467,345,126,99,983,3,0,0
1893,467,345,127,100,983,3,0,0
1894,467,346,126,99,983,3,0,0
1895,467,346,124,100,983,3,0,0
1896,467,345,126,100,983,3,0,0
1897,468,346,123,100,983,3,0,0
1898,468,346,123,100,983,3,0,1
1899,467,347,125,100,983,3,0,1
1900,467,347,124,100,983,3,0,0
1901,467,347,124,100,983,3,0,0
1902,467,348,123,99,983,3,0,0
1903,467,348,124,99,983,3,0,0
1904,467,347,124,100,983,3,0,0
1905,467,347,124,100,983,3,0,0
1906,467,347,124,99,983,3,0,0
1907,468,347,124,100,983,3,0,0
1908,466,346,125,100,983,3,0,0
1909,466,347,126,100,983,3,0,0
1910,467,348,125,98,983,3,0,0
1911,466,348,124,98,983,3,0,0
1912,466,348,124,99,983,3,0,0
1913,466,348,124,98,983,3,0,0
1914,466,349,123,97,983,3,0,0
1915,466,349,123,97,983,3,0,0
1916,467,349,122,97,983,3,0,0
1917,466,348,125,99,983,3,0,0
1918,467,347,125,100,983,3,0,0
1919,466,347,126,100,983,3,0,0
1920,467,347,125,99,983,3,0,0
1921,467,347,124,99,983,3,0,0
1922,467,347,125,99,983,3,0,0
1923,467,347,125,99,983,3,0,0
1924,467,347,124,99,983,3,0,0
1925,467,348,123,97,983,3,0,0
1926,467,349,123,97,983,3,0,0
1927,467,349,123,97,983,3,0,0
1928,467,349,123,97,983,3,0,0
1929,467,349,123,97,983,3,0,0
1930,467,349,123,97,983,3,0,0
1931,467,349,123,98,983,3,0,0
1932,467,347,124,99,983,3,0,0
1933,467,347,125,99,983,3,0,0
1934,467,347,125,98,983,3,0,0
1935,467,347,125,98,983,3,0,0
1936,467,347,124,99,983,3,0,0
1937,468,348,123,97,983,3,0,0
1938,468,348,122,97,983,3,0,0
1939,468,348,122,97,983,3,0,0
1940,467,348,122,97,983,3,0,0
1941,467,348,122,97,983,3,0,0
1942,468,348,121,97,983,3,0,0
1943,467,348,123,97,983,3,0,0
1944,468,348,122,97,983,3,0,0
1945,468,348,122,98,983,3,0,0
1946,468,348,122,98,983,3,0,0
1947,468,347,123,98,983,3,0,0
1948,468,348,123,97,983,3,0,0
1949,468,347,124,98,983,3,0,0
1950,468,347,124,99,983,3,0,0
1951,468,347,123,98,983,3,0,0
1952,468,347,123,98,983,3,0,0
1953,468,348,123,97,983,3,0,0
1954,468,349,122,97,983,3,0,0
1955,467,349,121,97,983,3,0,0
1956,468,349,121,96,983,3,0,0
1957,467,349,121,96,983,3,0,0
1958,468,349,121,96,983,3,0,0
1959,467,349,122,96,983,3,0,0
1960,468,349,122,96,983,3,0,1
1961,468,348,123,96,983,3,0,1
1962,467,346,126,97,983,3,0,1
1963,467,346,126,97,983,3,0,1
1964,468,346,126,97,983,3,0,0
1965,467,347,124,98,983,3,0,0
1966,468,347,124,98,983,3,0,1
1967,468,348,124,98,983,3,0,2
1968,467,348,124,98,983,3,0,2
1969,467,349,123,97,983,3,0,1
1970,468,349,122,96,983,3,0,0
1971,468,349,122,96,983,3,0,0
1972,468,349,121,96,983,3,0,0
1973,468,348,123,97,983,3,0,0
1974,467,348,123,97,983,3,0,0
1975,468,347,123,99,983,3,0,0
1976,468,347,123,98,983,3,0,0
1977,468,347,124,99,983,3,0,0
1978,468,346,125,98,983,3,0,0
1979,468,347,124,99,983,3,0,0
1980,467,346,126,98,983,3,0,0
1981,467,346,126,99,983,3,0,0
1982,468,347,124,99,983,3,0,0
1983,467,347,123,99,983,3,0,0
1984,468,348,122,98,983,3,0,0
1985,467,347,123,99,983,3,0,0
1986,467,347,123,100,983,3,0,0
1987,468,347,123,99,983,3,0,0
1988,468,348,123,98,983,3,0,0
1989,468,348,124,98,983,3,0,0
1990,468,347,124,97,983,3,0,0
1991,467,347,125,99,983,3,0,0
1992,467,347,125,99,983,3,0,0
1993,467,347,125,99,983,3,0,0
1994,467,347,125,99,983,3,0,0
1995,467,347,125,99,983,3,0,0
1996,467,347,125,99,983,3,0,0
1997,468,347,124,99,983,3,0,0
1998,467,347,124,99,983,3,0,0
1999,467,348,124,99,983,3,0,0
2000,467,347,124,99,983,3,0,0
2001,468,347,124,99,983,3,0,0
2002,468,347,124,99,983,3,0,0
2003,467,347,125,99,983,3,0,0
2004,468,347,124,99,983,3,0,0
2005,468,347,124,99,983,3,0,0
2006,468,347,124,99,983,3,0,0
2007,468,347,125,99,983,3,0,0
2008,468,347,125,99,983,3,0,0
2009,467,347,125,99,983,3,0,0
2010,467,347,125,99,983,3,0,0
2011,467,347,125,99,983,3,0,0
2012,467,348,125,99,983,3,0,0
2013,467,348,125,99,983,3,0,0
2014,466,347,125,100,983,3,0,0
2015,466,347,125,100,983,3,0,0
2016,466,347,125,99,983,3,0,0
2017,467,347,125,99,983,3,0,0
2018,467,348,125,99,983,3,0,0
2019,467,348,125,99,983,3,0,0
2020,468,348,125,99,983,3,0,0
2021,468,348,125,98,983,3,0,0
2022,468,347,124,99,983,3,0,0
2023,468,347,125,99,983,3,0,0
2024,467,348,125,99,983,3,0,0
2025,467,348,124,99,983,3,0,0
2026,467,348,125,99,983,3,0,0
2027,467,348,124,99,983,3,0,0
2028,468,349,122,97,983,3,0,0
2029,468,349,122,97,983,3,0,0
2030,467,348,123,99,983,3,0,0
2031,466,347,125,99,983,3,0,0
2032,467,348,125,98,983,3,0,0
2033,467,348,124,98,983,3,0,0
2034,468,347,124,99,983,3,0,0
2035,468,347,124,99,983,3,0,0
2036,467,345,127,100,983,3,0,0
2037,468,346,125,100,983,3,0,0
2038,467,346,126,100,983,3,0,0
2039,467,348,125,99,983,3,0,0
2040,468,348,122,99,983,3,0,0
2041,468,348,122,98,983,3,0,0
2042,467,349,122,98,983,3,0,0
2043,467,349,122,98,983,3,0,0
2044,467,349,123,98,983,3,0,0
2045,467,349,122,98,983,3,0,0
2046,467,348,124,99,983,3,0,0
2047,467,348,124,98,983,3,0,0
2048,467,347,124,99,983,3,0,0
2049,467,347,124,99,983,3,0,0
2050,467,348,125,98,983,3,0,0
2051,467,348,125,98,983,3,0,0
2052,467,348,125,98,983,3,0,0
2053,467,348,124,98,983,3,0,0
2054,467,349,122,97,983,3,0,0
2055,467,349,122,98,983,3,0,0
2056,467,349,122,99,983,3,0,0
2057,467,349,122,98,983,3,0,0
2058,467,349,122,98,983,3,0,0
2059,467,349,122,97,983,3,0,0
2060,468,348,121,97,983,3,0,0
2061,468,348,123,98,983,3,0,0
2062,467,348,124,99,983,3,0,0
2063,468,348,123,98,983,3,0,0
2064,468,347,123,99,983,3,0,0
2065,467,348,122,98,983,3,0,1
2066,467,349,122,98,983,3,0,1
2067,465,348,119,101,983,3,0,1
2068,464,348,120,100,983,3,0,0
2069,463,347,125,101,983,3,0,1
2070,462,348,124,100,983,3,0,1
2071,462,349,122,100,983,3,0,1
2072,460,351,123,99,983,3,0,1
2073,459,352,124,99,983,3,0,2
2074,457,352,127,101,983,3,0,3
2075,456,352,128,100,983,3,0,4
2076,454,355,128,100,983,3,0,6
2077,451,355,129,106,983,3,0,7
2078,447,358,128,104,983,3,0,8
2079,443,361,131,102,983,3,0,9
2080,439,363,134,103,983,3,0,11
2081,435,366,136,106,983,3,0,12
2082,430,369,137,106,983,3,0,13
2083,425,371,140,108,983,3,0,14
2084,420,376,139,110,983,3,0,16
2085,412,378,143,110,983,3,0,17
2086,406,382,145,113,983,3,0,18
2087,399,387,146,112,983,3,0,19
2088,390,389,152,118,983,3,0,20
2089,384,395,151,117,983,3,0,20
2090,374,400,157,121,983,3,0,21
2091,364,407,161,119,983,3,0,22
2092,353,411,166,127,983,3,0,24
2093,343,417,167,130,983,3,0,25
2094,330,423,173,137,983,3,0,26
2095,319,430,176,138,983,3,0,27
2096,303,439,182,143,983,3,0,28
2097,288,448,188,143,983,3,0,29
2098,274,457,190,150,983,3,0,29
2099,256,465,197,157,983,3,0,30
2100,237,477,204,157,983,3,0,30
2101,217,489,211,165,983,3,0,31
2102,197,502,218,171,983,3,0,32
2103,174,515,227,179,983,3,0,33
2104,149,530,237,188,983,3,0,34
2105,116,548,253,196,983,3,0,35
2106,87,550,263,224,983,3,0,36
2107,52,583,278,228,983,3,0,37
2108,15,591,290,253,983,3,0,37
2109,0,616,279,267,983,3,0,37
1510,927,181,21,26,984,4,0,22
1511,927,181,22,26,984,4,0,20
1512,926,181,22,26,984,4,0,22
1513,927,182,21,26,984,4,0,24
1514,927,182,22,26,984,4,0,24
1515,927,182,21,26,984,4,0,19
1516,927,182,21,26,984,4,0,14
1517,927,182,21,26,984,4,0,10
1518,927,182,22,26,984,4,0,8
1519,927,181,23,26,984,4,0,11
1520,927,181,25,26,984,4,0,10
1521,927,180,25,27,984,4,0,11
1522,927,181,24,27,984,4,0,8
1523,927,181,24,26,984,4,0,8
1524,926,180,24,27,984,4,0,6
1525,926,180,23,27,984,4,0,5
1526,927,180,22,28,984,4,0,3
1528,927,181,22,26,984,4,0,3
1547,927,181,27,26,984,4,0,2
1550,926,178,27,27,984,4,0,2
1551,925,178,30,28,984,4,0,3
1552,925,178,32,28,984,4,0,2
1553,925,178,29,28,984,4,0,2
1555,926,179,26,28,984,4,0,6
1556,925,179,28,28,984,4,0,12
1557,925,179,28,29,984,4,0,15
1558,925,179,28,28,984,4,0,16
1559,925,179,28,28,984,4,0,13
1560,926,180,25,27,984,4,0,12
1561,926,180,26,27,984,4,0,8
1562,926,180,25,26,984,4,0,12
1563,926,180,26,27,984,4,0,11
1564,926,178,25,28,984,4,0,11
1565,926,178,24,29,984,4,0,6
1566,926,179,24,28,984,4,0,5
1567,926,179,24,28,984,4,0,5
1568,925,177,24,30,984,4,0,9
1570,924,174,23,33,984,4,0,13
1571,924,175,23,33,984,4,0,14
1572,925,175,22,33,984,4,0,10
1573,926,176,21,31,984,4,0,5
1574,926,177,22,30,984,4,0,6
1575,925,177,22,30,984,4,0,10
1576,924,177,23,29,984,4,0,17
1577,924,176,23,30,984,4,0,20
1578,924,175,24,31,984,4,0,16
1579,924,175,23,31,984,4,0,13
1596,924,177,21,30,984,4,0,10
1518,0,689,100,134,987,4,0,28
1519,0,683,179,147,987,4,0,28
1520,0,650,258,176,987,4,0,28
1521,1,644,344,179,987,4,0,28
1522,0,637,432,195,987,4,0,28
1523,0,632,523,197,987,4,0,28
1524,46,626,569,201,987,4,0,28
1525,143,622,569,201,987,4,0,28
1526,237,614,573,200,987,4,0,28
1527,337,610,573,197,987,4,0,29
1528,438,605,571,197,987,4,0,29
1529,542,598,569,196,987,4,0,30
1530,647,593,566,194,987,4,0,31
1531,752,585,561,195,987,4,0,32
1532,859,579,555,194,987,4,0,33
1533,963,577,547,186,987,4,0,34
1534,1068,570,534,187,987,4,0,35
1535,1179,564,517,184,987,4,0,35
1536,1279,560,506,180,987,4,0,36
1537,1378,558,492,174,987,4,0,36
1538,1479,555,440,170,987,4,0,36
1539,1573,553,346,166,987,4,0,36
1540,1665,544,255,170,987,4,0,36
1541,1756,542,163,161,987,4,0,36
1523,0,610,103,108,989,6,0,22
1524,1,600,157,120,989,6,0,22
1525,0,574,210,139,989,6,0,22
1526,0,564,267,147,989,6,0,22
1527,0,559,322,154,989,6,0,22
1528,0,554,379,167,989,6,0,22
1529,0,550,434,161,989,6,0,22
1530,33,542,457,162,989,6,0,21
1531,92,532,458,164,989,6,0,21
1532,153,528,451,162,989,6,0,21
1533,213,520,448,163,989,6,0,21
1534,270,513,443,160,989,6,0,22
1535,332,507,434,157,989,6,0,22
1536,390,501,425,154,989,6,0,23
1537,446,491,417,154,989,6,0,23
1538,502,486,406,151,989,6,0,24
1539,558,477,393,149,989,6,0,25
1540,614,470,378,148,989,6,0,25
1541,667,462,367,146,989,6,0,26
1542,718,459,350,137,989,6,0,27
1543,766,452,339,135,989,6,0,28
1544,812,442,324,137,989,6,0,28
1545,861,436,306,131,989,6,0,29
1546,901,428,293,132,989,6,0,29
1547,942,422,276,129,989,6,0,30
1548,979,417,263,125,989,6,0,30
1549,1013,412,253,122,989,6,0,30
1550,1050,407,235,116,989,6,0,31
1551,1081,402,222,114,989,6,0,31
1552,1112,394,207,113,989,6,0,32
1553,1139,389,198,110,989,6,0,32
1554,1162,384,187,109,989,6,0,33
1555,1184,377,175,107,989,6,0,33
1556,1204,374,167,100,989,6,0,33
1557,1223,369,157,100,989,6,0,34
1558,1239,366,145,96,989,6,0,34
1559,1253,359,136,95,989,6,0,35
1560,1265,357,129,91,989,6,0,35
1561,1276,352,123,88,989,6,0,36
1562,1284,347,119,87,989,6,0,36
1563,1291,342,115,85,989,6,0,36
1564,1296,337,108,85,989,6,0,36
1565,1300,334,102,84,989,6,0,36
1566,1306,329,95,81,989,6,0,36
1567,1307,326,96,78,989,6,0,35
1568,1308,321,93,81,989,6,0,35
1569,1308,317,92,79,989,6,0,37
1570,1306,316,91,72,989,6,0,39
1571,1303,312,91,71,989,6,0,39
1572,1302,308,91,69,989,6,0,40
1573,1298,306,92,68,989,6,0,40
1574,1296,303,90,67,989,6,0,41
1575,1289,300,91,66,989,6,0,41
1576,1287,296,91,63,989,6,0,41
1577,1282,293,90,61,989,6,0,41
1578,1276,290,90,61,989,6,0,41
1579,1270,288,89,60,989,6,0,42
1580,1264,283,88,60,989,6,0,43
1581,1258,283,88,57,989,6,0,42
1582,1253,281,87,54,989,6,0,42
1583,1248,276,84,58,989,6,0,42
1584,1242,273,85,56,989,6,0,43
1585,1237,271,82,54,989,6,0,43
1586,1232,268,79,54,989,6,0,43
1587,1226,266,79,53,989,6,0,43
1588,1220,263,78,54,989,6,0,44
1589,1214,261,79,52,989,6,0,46
1590,1208,258,76,51,989,6,0,47
1591,1204,256,75,49,989,6,0,48
1592,1200,255,72,48,989,6,0,48
1593,1197,254,69,46,989,6,0,49
1594,1190,252,69,45,989,6,0,49
1595,1184,249,69,45,989,6,0,47
1596,1177,245,68,47,989,6,0,47
1597,1171,245,69,45,989,6,0,46
1598,1167,244,69,43,989,6,0,47
1599,1163,242,67,42,989,6,0,48
1600,1159,239,64,43,989,6,0,48
1601,1153,237,62,42,989,6,0,48
1602,1151,237,61,40,989,6,0,48
1603,1148,234,59,42,989,6,0,46
1604,1143,234,60,40,989,6,0,44
1605,1139,232,57,41,989,6,0,43
1606,1135,231,57,40,989,6,0,44
1607,1131,227,57,41,989,6,0,46
1608,1128,227,54,38,989,6,0,47
1609,1125,226,52,37,989,6,0,52
1610,1121,225,52,37,989,6,0,55
1611,1117,225,51,33,989,6,0,59
1612,1110,223,54,35,989,6,0,60
1613,1107,222,52,33,989,6,0,60
1614,1104,220,50,33,989,6,0,58
1615,1103,221,48,32,989,6,0,53
1616,1099,220,47,32,989,6,0,50
1617,1096,219,48,32,989,6,0,45
1618,1093,217,48,33,989,6,0,44
1619,1091,215,46,33,989,6,0,43
1620,1087,213,45,32,989,6,0,44
1621,1084,212,45,33,989,6,0,46
1622,1079,212,49,32,989,6,0,49
1623,1078,210,42,31,989,6,0,54
1624,1073,210,45,32,989,6,0,55
1625,1071,210,43,30,989,6,0,58
1626,1068,209,42,29,989,6,0,62
1627,1066,208,42,31,989,6,0,67
1628,1063,208,42,29,989,6,0,63
1629,1061,208,41,27,989,6,0,67
1630,1060,206,40,30,989,6,0,60
1631,1058,205,39,26,989,6,0,69
1632,1056,206,38,26,989,6,0,54
1633,1053,204,39,28,989,6,0,50
1634,1049,205,40,28,989,6,0,44
1635,1048,204,39,27,989,6,0,40
1636,1048,204,37,26,989,6,0,35
1637,1043,203,38,27,989,6,0,22
1638,1040,201,39,30,989,6,0,28
1639,1039,201,37,29,989,6,0,33
1640,1039,201,34,26,989,6,0,36
1641,1038,201,35,26,989,6,0,29
1642,1036,201,35,27,989,6,0,32
1643,1034,201,34,27,989,6,0,40
1644,1031,199,35,27,989,6,0,53
1645,1029,197,35,28,989,6,0,49
1646,1028,197,35,25,989,6,0,51
1647,1027,196,33,27,989,6,0,49
1648,1026,196,34,28,989,6,0,49
1649,1025,196,33,28,989,6,0,39
1650,1023,196,32,27,989,6,0,25
1651,1021,195,31,28,989,6,0,16
1652,1018,194,31,28,989,6,0,10
1653,1015,194,34,29,989,6,0,22
1654,1015,196,31,28,989,6,0,29
1655,1015,193,28,27,989,6,0,46
1656,1013,192,30,27,989,6,0,49
1657,1013,192,29,27,989,6,0,54
1658,1009,193,32,25,989,6,0,56
1659,1007,193,34,26,989,6,0,48
1660,1006,194,33,24,989,6,0,50
1661,1005,192,33,25,989,6,0,46
1662,1005,191,30,25,989,6,0,54
1663,1003,190,30,24,989,6,0,56
1664,1003,189,26,25,989,6,0,59
1665,1001,191,28,24,989,6,0,51
1666,1001,189,23,25,989,6,0,40
1667,999,190,25,25,989,6,0,27
1668,997,191,27,25,989,6,0,19
1669,996,191,26,25,989,6,0,18
1670,996,190,24,24,989,6,0,15
1671,995,189,25,24,989,6,0,26
1672,993,189,26,23,989,6,0,35
1673,991,189,26,23,989,6,0,50
1674,991,190,25,22,989,6,0,52
1675,989,189,27,22,989,6,0,45
1676,990,189,24,22,989,6,0,31
1680,983,188,26,24,989,6,0,19
1681,982,188,27,24,989,6,0,19
1683,978,187,25,23,989,6,0,18
1684,977,187,24,23,989,6,0,16
1685,976,186,24,23,989,6,0,12
1687,976,187,23,24,989,6,0,10
1550,881,294,96,57,992,6,1,26
1551,881,294,96,58,992,6,1,23
1552,882,294,93,55,992,6,1,20
1553,882,294,94,55,992,6,1,15
1554,881,296,96,53,992,6,1,11
1555,882,296,97,54,992,6,1,8
1556,882,296,97,54,992,6,1,7
1559,881,295,96,53,992,6,1,5
1565,882,295,92,51,992,6,1,3
1566,882,295,92,52,992,6,1,1
1568,881,296,95,54,992,6,1,1
1585,881,295,96,56,992,6,1,0
1623,790,190,24,23,993,4,2,34
1624,788,190,25,23,993,4,2,40
1625,786,190,26,24,993,4,2,41
1626,786,192,25,23,993,4,2,45
1627,786,192,25,24,993,4,2,34
1628,785,193,26,23,993,4,2,27
1630,784,190,28,23,993,4,2,14
1631,784,191,28,24,993,4,2,10
1632,784,190,28,24,993,4,2,5
1633,782,191,29,25,993,4,2,4
1634,781,191,32,25,993,4,2,13
1635,779,191,31,25,993,4,2,24
1636,778,192,29,25,993,4,2,37
1637,777,192,32,26,993,4,2,39
1638,776,192,31,27,993,4,2,40
1639,776,192,31,28,993,4,2,41
1640,775,191,31,29,993,4,2,44
1641,776,191,31,30,993,4,2,45
1642,775,192,31,28,993,4,2,45
1643,775,192,30,29,993,4,2,44
1644,775,193,31,29,993,4,2,38
1645,774,194,31,28,993,4,2,30
1646,774,194,30,28,993,4,2,26
1647,773,194,31,28,993,4,2,30
1648,772,195,31,28,993,4,2,30
1649,771,196,32,30,993,4,2,28
1650,771,195,33,28,993,4,2,22
1651,770,199,32,26,993,4,2,21
1652,770,197,32,27,993,4,2,18
1653,768,197,33,27,993,4,2,13
1654,767,199,32,26,993,4,2,15
1655,766,199,31,27,993,4,2,14
1656,766,196,33,30,993,4,2,16
1657,765,196,34,30,993,4,2,10
1658,763,197,35,28,993,4,2,10
1659,762,197,37,28,993,4,2,7
1660,761,198,36,28,993,4,2,8
1661,761,198,35,29,993,4,2,7
1662,761,198,35,29,993,4,2,12
1663,757,198,37,30,993,4,2,19
1664,757,199,38,29,993,4,2,26
1665,756,201,40,29,993,4,2,28
1666,754,199,38,31,993,4,2,27
1667,753,199,40,31,993,4,2,28
1668,754,199,40,31,993,4,2,29
1669,753,200,41,32,993,4,2,29
1670,751,200,38,32,993,4,2,28
1671,749,201,39,31,993,4,2,28
1672,748,201,43,32,993,4,2,32
1673,748,201,44,33,993,4,2,34
1674,749,201,44,35,993,4,2,35
1675,747,201,46,35,993,4,2,35
1676,745,203,45,32,993,4,2,36
1677,743,205,46,32,993,4,2,39
1678,742,206,45,32,993,4,2,39
1679,741,207,42,33,993,4,2,43
1680,740,206,41,34,993,4,2,45
1681,738,206,43,37,993,4,2,48
1682,737,208,43,35,993,4,2,49
1683,737,207,41,36,993,4,2,47
1684,734,206,43,39,993,4,2,45
1685,733,208,43,38,993,4,2,39
1686,731,208,45,38,993,4,2,36
1687,730,208,46,39,993,4,2,34
1688,727,209,47,40,993,4,2,33
1689,725,210,48,39,993,4,2,31
1690,723,210,49,39,993,4,2,29
1691,723,210,46,41,993,4,2,30
1692,720,212,48,38,993,4,2,29
1693,719,213,48,39,993,4,2,30
1694,716,214,50,40,993,4,2,30
1695,715,215,50,40,993,4,2,32
1696,713,215,50,41,993,4,2,34
1697,713,216,50,42,993,4,2,34
1698,709,218,53,40,993,4,2,35
1699,707,217,51,42,993,4,2,35
1700,704,218,54,43,993,4,2,35
1701,703,220,53,43,993,4,2,34
1702,700,220,55,44,993,4,2,33
1703,698,219,57,46,993,4,2,34
1704,696,222,56,44,993,4,2,34
1705,694,222,58,46,993,4,2,34
1706,693,223,58,46,993,4,2,33
1707,691,224,56,47,993,4,2,32
1708,687,224,59,48,993,4,2,32
1709,687,224,57,48,993,4,2,29
1710,685,223,60,51,993,4,2,27
1711,683,225,60,49,993,4,2,24
1712,680,225,61,50,993,4,2,22
1713,678,225,62,52,993,4,2,21
1714,676,228,59,49,993,4,2,20
1715,676,225,60,53,993,4,2,22
1716,674,229,60,51,993,4,2,23
1717,671,229,61,53,993,4,2,25
1718,670,232,61,50,993,4,2,26
1719,668,233,62,52,993,4,2,28
1720,666,234,62,52,993,4,2,29
1721,665,235,63,54,993,4,2,29
1722,662,237,63,52,993,4,2,28
1723,660,236,65,55,993,4,2,27
1724,658,239,64,52,993,4,2,26
1725,658,239,63,54,993,4,2,25
1726,655,240,65,54,993,4,2,24
1727,654,242,64,54,993,4,2,23
1728,651,242,67,55,993,4,2,23
1729,648,243,68,55,993,4,2,23
1730,647,243,69,58,993,4,2,24
1731,644,246,70,56,993,4,2,23
1732,643,245,69,58,993,4,2,24
1733,640,247,72,58,993,4,2,24
1734,639,246,72,60,993,4,2,24
1735,636,247,73,60,993,4,2,23
1736,635,248,72,61,993,4,2,22
1737,634,250,73,60,993,4,2,21
1738,631,250,74,62,993,4,2,21
1739,629,250,75,63,993,4,2,20
1740,628,252,76,63,993,4,2,20
1741,626,252,76,64,993,4,2,19
1742,626,254,75,64,993,4,2,19
1743,623,254,76,64,993,4,2,18
1744,621,256,77,64,993,4,2,17
1745,621,255,76,65,993,4,2,16
1746,618,259,77,63,993,4,2,16
1747,618,259,77,64,993,4,2,17
1748,615,258,78,68,993,4,2,17
1749,614,260,77,67,993,4,2,18
1750,611,260,80,68,993,4,2,17
1751,609,262,79,67,993,4,2,18
1752,607,262,81,69,993,4,2,18
1753,606,264,81,69,993,4,2,18
1754,604,267,82,68,993,4,2,18
1755,602,264,84,72,993,4,2,18
1756,601,266,85,73,993,4,2,19
1757,598,267,87,74,993,4,2,19
1758,598,267,87,76,993,4,2,18
1759,596,267,85,76,993,4,2,17
1760,595,268,86,76,993,4,2,16
1761,594,269,86,76,993,4,2,15
1762,591,269,87,77,993,4,2,13
1763,590,270,88,78,993,4,2,13
1764,586,272,90,78,993,4,2,14
1765,585,271,90,81,993,4,2,14
1766,583,273,91,81,993,4,2,15
1767,581,273,89,82,993,4,2,15
1768,580,274,90,82,993,4,2,15
1769,578,277,89,81,993,4,2,14
1770,577,276,89,82,993,4,2,13
1771,575,277,91,83,993,4,2,12
1772,573,281,92,81,993,4,2,12
1773,572,281,93,82,993,4,2,12
1774,570,281,94,83,993,4,2,12
1775,570,282,94,84,993,4,2,12
1776,569,284,93,84,993,4,2,12
1777,566,283,94,86,993,4,2,11
1778,563,284,96,85,993,4,2,11
1779,561,286,97,84,993,4,2,10
1780,558,286,98,87,993,4,2,11
1781,557,287,99,86,993,4,2,10
1782,555,291,98,85,993,4,2,11
1783,554,289,100,88,993,4,2,12
1784,552,291,101,88,993,4,2,12
1785,553,293,98,88,993,4,2,12
1786,549,294,101,87,993,4,2,11
1787,546,293,105,89,993,4,2,11
1788,544,291,105,90,993,4,2,10
1789,545,293,102,90,993,4,2,9
1790,545,295,101,89,993,4,2,8
1791,542,295,105,89,993,4,2,7
1792,544,295,102,90,993,4,2,8
1793,543,295,102,92,993,4,2,8
1794,542,296,102,90,993,4,2,8
1795,541,297,102,90,993,4,2,8
1796,541,297,101,92,993,4,2,9
1797,541,298,101,92,993,4,2,9
1798,541,296,101,95,993,4,2,8
1799,541,297,101,95,993,4,2,8
1800,539,299,103,94,993,4,2,7
1801,538,301,103,92,993,4,2,7
1802,538,301,103,93,993,4,2,6
1803,537,300,104,95,993,4,2,6
1804,538,300,103,95,993,4,2,5
1805,539,299,102,96,993,4,2,5
1806,538,302,101,94,993,4,2,4
1807,537,301,101,95,993,4,2,4
1808,537,303,101,93,993,4,2,4
1809,537,305,101,91,993,4,2,4
1810,538,303,101,95,993,4,2,5
1811,538,305,100,94,993,4,2,5
1812,538,306,100,94,993,4,2,5
1813,538,307,100,94,993,4,2,5
1814,537,306,101,94,993,4,2,4
1815,537,306,100,94,993,4,2,3
1816,538,307,100,92,993,4,2,3
1817,537,307,100,90,993,4,2,3
1818,538,307,100,90,993,4,2,2
1819,536,308,102,90,993,4,2,1
1820,537,308,101,91,993,4,2,0
1821,537,308,101,91,993,4,2,0
1822,537,308,101,90,993,4,2,0
1823,537,309,101,90,993,4,2,0
1824,536,308,101,90,993,4,2,0
1825,537,308,101,90,993,4,2,0
1826,536,308,102,90,993,4,2,0
1827,537,308,101,90,993,4,2,0
1828,537,308,101,90,993,4,2,0
1829,537,308,101,90,993,4,2,0
1830,537,307,101,91,993,4,2,0
1831,537,307,101,91,993,4,2,0
1832,537,307,100,91,993,4,2,0
1833,537,307,100,91,993,4,2,0
1834,538,307,100,91,993,4,2,0
1835,537,307,100,91,993,4,2,0
1836,537,308,100,90,993,4,2,0
1837,537,307,100,91,993,4,2,0
1838,537,308,101,90,993,4,2,0
1839,537,308,100,90,993,4,2,0
1840,537,307,101,91,993,4,2,0
1841,538,307,99,91,993,4,2,0
1842,538,306,99,92,993,4,2,0
1843,538,307,100,91,993,4,2,0
1844,538,307,100,90,993,4,2,0
1845,538,308,99,91,993,4,2,0
1846,537,308,100,91,993,4,2,1
1847,538,308,99,91,993,4,2,1
1848,538,307,98,93,993,4,2,1
1849,538,308,99,91,993,4,2,0
1850,537,307,100,91,993,4,2,0
1851,537,307,100,91,993,4,2,0
1852,537,307,100,90,993,4,2,1
1853,537,306,101,92,993,4,2,1
1854,537,306,101,92,993,4,2,1
1855,537,306,101,92,993,4,2,0
1856,537,307,101,91,993,4,2,0
1857,537,307,100,90,993,4,2,0
1858,537,308,100,90,993,4,2,0
1859,537,308,100,90,993,4,2,0
1860,537,307,99,93,993,4,2,0
1861,536,307,100,92,993,4,2,0
1862,537,307,101,91,993,4,2,0
1863,537,307,101,91,993,4,2,0
1864,537,309,100,90,993,4,2,1
1865,536,308,101,90,993,4,2,1
1866,537,308,100,89,993,4,2,1
1867,538,307,99,92,993,4,2,0
1868,538,307,99,91,993,4,2,0
1869,538,307,99,91,993,4,2,0
1870,537,307,100,90,993,4,2,0
1871,537,307,101,92,993,4,2,0
1872,537,306,100,92,993,4,2,0
1873,538,307,99,92,993,4,2,0
1874,538,307,100,91,993,4,2,0
1875,537,307,100,91,993,4,2,0
1876,537,307,100,91,993,4,2,0
1877,538,307,100,92,993,4,2,0
1878,537,308,100,91,993,4,2,0
1879,538,307,99,91,993,4,2,0
1880,538,305,100,94,993,4,2,0
1881,538,306,100,91,993,4,2,1
1882,538,306,100,91,993,4,2,1
1883,538,306,100,90,993,4,2,1
1884,538,308,99,90,993,4,2,0
1885,538,308,99,90,993,4,2,0
1886,538,308,99,90,993,4,2,0
1887,538,307,100,91,993,4,2,0
1888,538,306,100,91,993,4,2,0
1889,538,307,100,91,993,4,2,0
1890,538,308,100,90,993,4,2,0
1891,538,308,100,90,993,4,2,0
1892,538,307,100,91,993,4,2,0
1893,538,307,100,90,993,4,2,0
1894,538,307,100,90,993,4,2,0
1895,537,307,101,91,993,4,2,0
1896,537,307,100,90,993,4,2,0
1897,537,307,100,91,993,4,2,0
1898,538,307,100,91,993,4,2,0
1899,538,307,100,91,993,4,2,0
1900,538,306,100,92,993,4,2,0
1901,538,306,100,92,993,4,2,0
1902,538,307,100,92,993,4,2,0
1903,538,307,100,92,993,4,2,0
1904,538,307,100,92,993,4,2,0
1905,538,307,100,92,993,4,2,0
1906,537,306,101,91,993,4,2,0
1907,537,306,101,91,993,4,2,0
1908,537,306,100,92,993,4,2,0
1909,537,307,100,92,993,4,2,0
1910,537,307,100,91,993,4,2,0
1911,538,307,100,91,993,4,2,0
1912,537,307,100,91,993,4,2,0
1913,538,308,99,91,993,4,2,0
1914,537,306,100,93,993,4,2,0
1915,538,307,99,91,993,4,2,0
1916,538,308,99,90,993,4,2,0
1917,537,307,100,91,993,4,2,0
1918,537,309,100,89,993,4,2,0
1919,537,309,100,89,993,4,2,0
1920,537,307,100,90,993,4,2,0
1921,537,307,100,89,993,4,2,0
1922,537,307,100,91,993,4,2,0
1923,537,308,100,90,993,4,2,0
1924,537,308,100,89,993,4,2,0
1925,537,308,100,90,993,4,2,0
1926,537,308,99,90,993,4,2,0
1927,537,308,99,90,993,4,2,0
1928,537,308,99,91,993,4,2,0
1929,537,308,99,91,993,4,2,0
1930,537,308,100,91,993,4,2,0
1931,537,308,100,90,993,4,2,0
1932,537,308,101,90,993,4,2,0
1933,538,307,100,91,993,4,2,0
1934,538,307,100,91,993,4,2,0
1935,538,307,100,91,993,4,2,0
1936,537,307,101,91,993,4,2,0
1937,537,307,100,91,993,4,2,0
1938,537,307,100,91,993,4,2,0
1939,538,307,100,92,993,4,2,0
1940,538,306,98,93,993,4,2,0
1941,537,306,98,93,993,4,2,0
1942,537,306,98,93,993,4,2,0
1943,537,306,99,93,993,4,2,0
1944,536,307,101,92,993,4,2,0
1945,537,307,100,92,993,4,2,0
1946,536,306,101,92,993,4,2,0
1947,536,305,101,93,993,4,2,0
1948,536,305,101,93,993,4,2,0
1949,536,305,101,92,993,4,2,1
1950,538,306,99,91,993,4,2,0
1951,537,306,100,92,993,4,2,0
1952,538,307,100,91,993,4,2,0
1953,537,307,100,91,993,4,2,0
1954,537,307,101,91,993,4,2,0
1955,537,307,101,91,993,4,2,0
1956,536,308,101,91,993,4,2,0
1957,537,308,101,91,993,4,2,0
1958,536,307,101,91,993,4,2,0
1959,536,307,101,91,993,4,2,0
1960,537,305,100,93,993,4,2,0
1961,537,307,100,91,993,4,2,1
1962,536,306,100,91,993,4,2,1
1963,536,306,101,91,993,4,2,1
1964,536,306,101,91,993,4,2,0
1965,537,306,101,92,993,4,2,0
1966,536,306,101,91,993,4,2,0
1967,536,306,101,92,993,4,2,1
1968,536,307,101,91,993,4,2,2
1969,536,308,100,91,993,4,2,2
1970,537,307,100,92,993,4,2,2
1971,537,307,100,92,993,4,2,2
1972,537,307,100,92,993,4,2,2
1973,537,308,101,91,993,4,2,1
1974,537,308,100,91,993,4,2,1
1975,537,306,101,92,993,4,2,1
1976,537,306,101,92,993,4,2,1
1977,537,306,101,92,993,4,2,1
1978,537,306,101,92,993,4,2,1
1979,537,306,101,92,993,4,2,1
1980,537,306,101,91,993,4,2,1
1981,537,306,101,91,993,4,2,0
1982,537,306,101,92,993,4,2,0
1983,536,306,101,92,993,4,2,0
1984,537,306,101,92,993,4,2,0
1985,536,306,101,92,993,4,2,0
1986,536,306,102,92,993,4,2,0
1987,536,305,102,93,993,4,2,0
1988,536,306,101,92,993,4,2,0
1989,537,305,101,92,993,4,2,1
1990,538,306,100,91,993,4,2,0
1991,538,306,100,91,993,4,2,0
1992,538,306,100,92,993,4,2,0
1993,538,306,100,92,993,4,2,0
1994,538,306,100,92,993,4,2,0
1995,538,306,100,92,993,4,2,0
1996,539,307,99,91,993,4,2,0
1997,538,307,100,91,993,4,2,0
1998,537,307,101,91,993,4,2,0
1999,537,308,100,90,993,4,2,0
2000,537,309,100,89,993,4,2,0
2001,537,308,100,89,993,4,2,0
2002,538,308,100,89,993,4,2,0
2003,538,308,101,89,993,4,2,0
2004,537,307,101,90,993,4,2,0
2005,537,307,101,90,993,4,2,0
2006,538,307,100,90,993,4,2,0
2007,538,307,100,91,993,4,2,0
2008,538,307,100,92,993,4,2,0
2009,537,307,100,91,993,4,2,0
2010,536,307,101,91,993,4,2,0
2011,536,306,102,92,993,4,2,0
2012,536,307,102,91,993,4,2,0
2013,536,307,102,91,993,4,2,0
2014,537,307,101,91,993,4,2,0
2015,537,307,101,91,993,4,2,0
2016,536,307,102,91,993,4,2,0
2017,537,306,101,94,993,4,2,0
2018,538,304,100,95,993,4,2,0
2019,538,304,100,95,993,4,2,0
2020,537,306,101,91,993,4,2,0
2021,537,306,101,91,993,4,2,0
2022,536,306,102,90,993,4,2,1
2023,537,306,101,92,993,4,2,0
2024,537,306,101,92,993,4,2,0
2025,537,307,101,91,993,4,2,0
2026,537,307,101,91,993,4,2,1
2027,537,308,101,91,993,4,2,1
2028,538,308,99,91,993,4,2,1
2029,538,308,99,91,993,4,2,1
2030,538,305,100,95,993,4,2,1
2031,537,305,100,95,993,4,2,0
2032,537,307,101,91,993,4,2,0
2033,537,307,101,91,993,4,2,0
2034,537,306,101,92,993,4,2,0
2035,537,307,101,91,993,4,2,1
2036,537,307,101,90,993,4,2,1
2037,537,307,101,92,993,4,2,0
2038,537,307,101,90,993,4,2,0
2039,537,308,101,91,993,4,2,0
2040,535,307,102,92,993,4,2,0
2041,535,308,102,91,993,4,2,0
2042,536,308,101,91,993,4,2,0
2043,536,308,101,91,993,4,2,0
2044,536,308,101,91,993,4,2,0
2045,536,307,101,92,993,4,2,0
2046,537,307,100,91,993,4,2,0
2047,537,306,101,92,993,4,2,0
2048,537,306,101,92,993,4,2,0
2049,537,306,101,92,993,4,2,1
2050,536,306,102,91,993,4,2,1
2051,536,306,102,91,993,4,2,0
2052,536,308,102,91,993,4,2,0
2053,536,307,101,91,993,4,2,0
2054,536,307,100,91,993,4,2,0
2055,536,307,100,92,993,4,2,0
2056,537,306,99,92,993,4,2,0
2057,537,306,99,92,993,4,2,0
2058,537,306,99,92,993,4,2,0
2059,537,307,99,92,993,4,2,0
2060,538,305,99,94,993,4,2,0
2061,538,306,99,93,993,4,2,0
2062,538,305,100,94,993,4,2,0
2063,537,305,100,94,993,4,2,0
2064,538,305,99,94,993,4,2,0
2065,537,305,100,95,993,4,2,0
2066,538,305,99,94,993,4,2,0
2067,538,305,99,95,993,4,2,0
2068,538,306,97,95,993,4,2,0
2069,536,305,99,95,993,4,2,0
2070,537,305,99,95,993,4,2,0
2071,536,306,99,95,993,4,2,0
2072,536,306,99,94,993,4,2,0
2073,535,305,100,95,993,4,2,0
2074,534,305,102,94,993,4,2,0
2075,533,307,104,94,993,4,2,0
2076,534,304,104,95,993,4,2,0
2077,534,304,104,96,993,4,2,0
2078,534,305,105,94,993,4,2,0
2079,530,306,106,94,993,4,2,0
2080,531,305,103,96,993,4,2,1
2081,530,307,104,96,993,4,2,2
2082,528,308,106,94,993,4,2,3
2083,527,308,108,94,993,4,2,4
2084,527,310,108,93,993,4,2,4
2085,526,307,108,97,993,4,2,5
2086,526,307,108,97,993,4,2,5
2087,526,307,109,99,993,4,2,5
2088,526,308,108,98,993,4,2,5
2089,526,310,107,96,993,4,2,5
2090,524,313,108,94,993,4,2,5
2091,524,313,109,95,993,4,2,5
2092,521,310,113,99,993,4,2,5
2093,520,314,112,98,993,4,2,6
2094,519,313,111,100,993,4,2,7
2095,515,315,113,101,993,4,2,8
2096,514,316,112,100,993,4,2,8
2097,512,316,112,101,993,4,2,9
2098,510,316,115,103,993,4,2,9
2099,507,316,115,106,993,4,2,9
2100,506,318,116,104,993,4,2,9
2101,505,326,115,98,993,4,2,9
2102,503,322,118,105,993,4,2,9
2103,501,323,118,105,993,4,2,9
2104,497,326,122,105,993,4,2,10
2105,494,327,121,106,993,4,2,10
2106,492,328,123,107,993,4,2,11
2107,488,327,126,112,993,4,2,12
2108,483,334,125,108,993,4,2,12
2109,481,333,126,112,993,4,2,13
1650,1854,470,65,73,995,3,0,30
1651,1811,446,109,108,995,3,0,30
1652,1765,438,155,119,995,3,0,30
1653,1716,440,204,121,995,3,0,30
1654,1668,442,252,121,995,3,0,30
1655,1616,441,303,123,995,3,0,30
1656,1564,442,348,124,995,3,0,30
1657,1504,445,359,123,995,3,0,30
1658,1449,443,364,128,995,3,0,30
1659,1389,442,371,131,995,3,0,30
1660,1326,443,379,133,995,3,0,30
1661,1261,446,383,133,995,3,0,31
1662,1195,447,390,136,995,3,0,31
1663,1123,449,401,136,995,3,0,32
1664,1053,450,406,139,995,3,0,33
1665,976,452,413,142,995,3,0,33
1666,901,454,418,143,995,3,0,34
1667,823,457,422,146,995,3,0,34
1668,742,461,427,145,995,3,0,35
1669,663,463,427,149,995,3,0,35
1670,583,464,430,153,995,3,0,35
1671,498,470,437,152,995,3,0,35
1672,415,477,432,150,995,3,0,35
1673,331,479,433,153,995,3,0,35
1674,249,481,430,157,995,3,0,35
1675,163,492,430,150,995,3,0,34
1676,80,497,424,150,995,3,0,34
1677,0,501,418,153,995,3,0,33
1678,1,506,329,152,995,3,0,33
1679,2,512,242,139,995,3,0,33
1680,2,519,153,137,995,3,0,33
1667,1835,428,85,118,997,6,1,34
1668,1787,410,132,150,997,6,1,34
1669,1735,409,184,154,997,6,1,34
1670,1682,406,237,162,997,6,1,34
1671,1627,409,292,158,997,6,1,34
1672,1567,409,351,162,997,6,1,34
1673,1507,412,398,160,997,6,1,34
1674,1444,411,406,164,997,6,1,34
1675,1376,411,423,169,997,6,1,34
1676,1310,411,427,171,997,6,1,34
1677,1235,411,436,173,997,6,1,34
1678,1161,411,448,178,997,6,1,34
1679,1084,412,454,181,997,6,1,35
1680,1004,413,461,183,997,6,1,35
1681,919,416,477,184,997,6,1,36
1682,838,417,472,189,997,6,1,37
1683,754,420,477,193,997,6,1,37
1684,667,422,481,195,997,6,1,38
1685,580,426,481,198,997,6,1,38
1686,492,431,486,201,997,6,1,38
1687,403,437,485,199,997,6,1,38
1688,312,442,490,197,997,6,1,38
1689,225,446,482,203,997,6,1,37
1690,127,455,493,194,997,6,1,37
1691,38,457,489,197,997,6,1,36
1692,0,460,434,208,997,6,1,35
1693,3,465,338,190,997,6,1,35
1694,0,470,249,191,997,6,1,34
1695,0,479,154,190,997,6,1,34
1683,1822,440,97,105,1002,3,0,27
1684,1772,435,147,113,1002,3,0,27
1685,1721,436,198,115,1002,3,0,27
1686,1668,436,252,116,1002,3,0,27
1687,1615,433,304,122,1002,3,0,27
1688,1557,438,322,121,1002,3,0,27
1689,1499,438,329,120,1002,3,0,28
1690,1436,438,342,124,1002,3,0,29
1691,1375,439,343,125,1002,3,0,30
1692,1306,441,356,125,1002,3,0,31
1693,1243,440,356,129,1002,3,0,32
1694,1176,444,362,129,1002,3,0,33
1695,1104,444,369,133,1002,3,0,33
1696,1035,448,372,132,1002,3,0,34
1697,962,451,379,133,1002,3,0,34
1698,886,453,384,136,1002,3,0,35
1699,810,455,386,138,1002,3,0,35
1700,733,459,392,139,1002,3,0,35
1701,654,462,393,142,1002,3,0,35
1702,573,464,398,144,1002,3,0,35
1703,493,468,399,145,1002,3,0,35
1704,412,472,396,145,1002,3,0,35
1705,331,476,398,147,1002,3,0,35
1706,247,479,399,149,1002,3,0,34
1707,167,485,396,147,1002,3,0,34
1708,87,494,393,144,1002,3,0,33
1709,7,498,392,147,1002,3,0,33
1710,0,502,317,147,1002,3,0,32
1711,1,507,238,136,1002,3,0,32
1712,0,513,158,134,1002,3,0,32
1704,1835,429,84,111,1006,3,3,34
1705,1782,416,137,134,1006,3,3,34
1706,1725,413,194,143,1006,3,3,34
1707,1665,411,255,148,1006,3,3,34
1708,1602,412,317,147,1006,3,3,34
1709,1539,415,354,147,1006,3,3,34
1710,1475,414,360,150,1006,3,3,34
1711,1408,412,368,155,1006,3,3,34
1712,1339,410,375,160,1006,3,3,34
1713,1266,411,384,159,1006,3,3,35
1714,1190,413,397,165,1006,3,3,35
1715,1117,412,398,168,1006,3,3,36
1716,1037,413,412,171,1006,3,3,36
1717,959,417,414,172,1006,3,3,37
1718,881,418,412,174,1006,3,3,37
1719,799,421,416,175,1006,3,3,38
1720,714,425,423,176,1006,3,3,38
1721,630,429,425,179,1006,3,3,38
1722,545,431,427,182,1006,3,3,38
1723,461,433,426,184,1006,3,3,38
1724,375,437,427,186,1006,3,3,37
1725,288,443,428,187,1006,3,3,37
1726,203,451,425,183,1006,3,3,36
1727,114,455,427,185,1006,3,3,35
1728,32,458,419,188,1006,3,3,34
1729,0,463,364,190,1006,3,3,33
1730,0,465,279,178,1006,3,3,32
1731,0,474,194,173,1006,3,3,31
1732,0,480,111,175,1006,3,3,31
1724,1800,405,119,147,1009,6,5,43
1725,1741,400,178,156,1009,6,5,43
1726,1682,402,238,159,1009,6,5,43
1727,1623,401,293,161,1009,6,5,43
1728,1556,401,364,163,1009,6,5,43
1729,1484,406,413,161,1009,6,5,42
1730,1409,403,433,171,1009,6,5,40
1731,1341,405,433,167,1009,6,5,39
1732,1264,405,443,169,1009,6,5,38
1733,1188,403,454,175,1009,6,5,38
1734,1106,403,461,179,1009,6,5,38
1735,1026,408,468,180,1009,6,5,38
1736,942,408,474,185,1009,6,5,39
1737,854,411,481,187,1009,6,5,39
1738,767,413,491,188,1009,6,5,40
1739,677,416,496,191,1009,6,5,40
1740,586,422,496,189,1009,6,5,40
1741,495,427,497,191,1009,6,5,40
1742,402,428,502,194,1009,6,5,40
1743,313,435,500,196,1009,6,5,39
1744,218,440,502,196,1009,6,5,39
1745,128,444,502,197,1009,6,5,38
1746,36,450,499,198,1009,6,5,37
1747,0,456,445,197,1009,6,5,35
1748,1,460,354,179,1009,6,5,34
1749,0,468,262,177,1009,6,5,33
1750,0,494,170,159,1009,6,5,33
1734,927,181,23,27,1011,4,0,3
1735,927,181,22,26,1011,4,0,2
1736,927,181,22,26,1011,4,0,4
1737,927,181,22,27,1011,4,0,5
1738,927,181,22,26,1011,4,0,6
1742,928,180,22,27,1011,4,0,4
1743,927,181,22,26,1011,4,0,2
1747,927,182,22,26,1011,4,0,1
1748,927,181,23,26,1011,4,0,1
1764,1868,405,51,56,1013,9,0,34
1765,1822,385,97,74,1013,9,0,34
1766,1777,378,143,79,1013,9,0,34
1767,1733,377,186,82,1013,9,0,34
1768,1689,370,228,86,1013,9,0,34
1769,1649,366,227,85,1013,9,0,33
1770,1609,361,227,85,1013,9,0,33
1771,1572,357,224,84,1013,9,0,33
1772,1541,352,215,84,1013,9,0,33
1773,1509,350,209,80,1013,9,0,33
1774,1480,343,205,82,1013,9,0,33
1775,1451,338,199,81,1013,9,0,33
1776,1427,337,191,79,1013,9,0,33
1777,1406,333,180,78,1013,9,0,33
1778,1385,328,173,77,1013,9,0,34
1779,1368,323,163,78,1013,9,0,34
1780,1350,321,156,74,1013,9,0,35
1781,1337,317,147,72,1013,9,0,35
1782,1323,316,140,70,1013,9,0,35
1783,1311,311,133,71,1013,9,0,35
1784,1299,308,128,70,1013,9,0,35
1785,1290,304,121,69,1013,9,0,36
1786,1279,302,117,66,1013,9,0,37
1787,1294,300,88,64,1013,9,0,38
1788,1266,295,105,64,1013,9,0,39
1789,1262,293,98,62,1013,9,0,39
1790,1257,290,95,62,1013,9,0,39
1791,1252,287,93,62,1013,9,0,39
1792,1247,286,90,58,1013,9,0,39
1793,1245,283,86,57,1013,9,0,38
1794,1239,281,83,57,1013,9,0,37
1795,1233,280,84,55,1013,9,0,38
1796,1232,276,80,56,1013,9,0,38
1797,1228,273,79,55,1013,9,0,38
1798,1221,271,81,55,1013,9,0,38
1799,1218,268,78,54,1013,9,0,38
1800,1217,265,74,54,1013,9,0,39
1801,1209,263,76,54,1013,9,0,40
1802,1204,261,77,51,1013,9,0,42
1803,1202,259,74,50,1013,9,0,43
1804,1199,258,73,48,1013,9,0,45
1805,1194,257,70,47,1013,9,0,45
1806,1187,254,72,47,1013,9,0,45
1807,1185,252,68,48,1013,9,0,45
1808,1180,250,68,46,1013,9,0,44
1809,1175,246,69,47,1013,9,0,43
1810,1172,245,66,47,1013,9,0,44
1811,1168,244,65,44,1013,9,0,46
1812,1163,242,66,44,1013,9,0,47
1813,1160,240,62,43,1013,9,0,48
1814,1156,241,61,40,1013,9,0,48
1815,1151,237,61,41,1013,9,0,47
1816,1148,236,60,42,1013,9,0,45
1817,1145,234,56,42,1013,9,0,42
1818,1138,232,59,42,1013,9,0,41
1819,1134,232,58,41,1013,9,0,38
1820,1130,232,58,38,1013,9,0,39
1821,1127,228,56,41,1013,9,0,40
1822,1126,228,53,39,1013,9,0,44
1823,1121,228,55,36,1013,9,0,47
1824,1118,226,52,36,1013,9,0,50
1825,1115,226,51,34,1013,9,0,55
1826,1109,221,54,36,1013,9,0,57
1827,1108,224,50,31,1013,9,0,57
1828,1104,222,50,32,1013,9,0,55
1829,1101,223,49,30,1013,9,0,50
1830,1097,219,47,33,1013,9,0,47
1831,1093,218,48,34,1013,9,0,43
1832,1091,217,47,32,1013,9,0,39
1833,1088,217,45,32,1013,9,0,36
1834,1085,214,46,34,1013,9,0,36
1835,1082,215,45,32,1013,9,0,39
1836,1078,215,46,30,1013,9,0,42
1837,1077,214,42,29,1013,9,0,47
1838,1076,212,40,29,1013,9,0,50
1839,1074,211,40,28,1013,9,0,54
1840,1069,210,42,29,1013,9,0,55
1841,1067,209,42,29,1013,9,0,56
1842,1062,209,43,27,1013,9,0,54
1843,1062,209,41,26,1013,9,0,52
1844,1058,208,41,26,1013,9,0,51
1845,1056,206,39,26,1013,9,0,52
1846,1054,207,38,25,1013,9,0,51
1847,1051,204,39,27,1013,9,0,49
1848,1049,205,37,26,1013,9,0,46
1849,1046,204,37,26,1013,9,0,42
1850,1043,204,38,26,1013,9,0,37
1851,1041,203,37,26,1013,9,0,32
1852,1039,203,37,26,1013,9,0,31
1853,1040,203,33,25,1013,9,0,32
1854,1037,202,32,24,1013,9,0,33
1855,1036,203,32,23,1013,9,0,33
1856,1034,202,31,24,1013,9,0,34
1857,1029,202,34,25,1013,9,0,38
1858,1027,199,36,27,1013,9,0,35
1859,1027,199,34,25,1013,9,0,28
1860,1024,197,34,27,1013,9,0,19
1861,1023,199,32,27,1013,9,0,18
1862,1022,198,32,26,1013,9,0,19
1863,1019,198,32,25,1013,9,0,21
1864,1020,197,30,26,1013,9,0,17
1865,1016,197,29,24,1013,9,0,27
1866,1015,198,29,25,1013,9,0,36
1867,1012,197,32,24,1013,9,0,52
1868,1012,196,30,25,1013,9,0,58
1869,1011,196,28,23,1013,9,0,55
1870,1009,195,30,23,1013,9,0,52
1871,1005,195,32,24,1013,9,0,45
1872,1003,195,30,24,1013,9,0,49
1873,1001,195,31,23,1013,9,0,40
1874,1002,194,28,23,1013,9,0,38
1875,1001,194,27,23,1013,9,0,30
1876,1000,193,27,23,1013,9,0,32
1881,997,193,24,22,1013,9,0,28
1787,1830,436,90,106,1015,5,1,41
1788,1763,422,157,126,1015,5,1,41
1789,1694,423,225,130,1015,5,1,41
1790,1620,423,296,132,1015,5,1,41
1791,1544,425,305,135,1015,5,1,41
1792,1468,429,312,134,1015,5,1,41
1793,1384,428,324,136,1015,5,1,41
1794,1299,427,334,141,1015,5,1,42
1795,1210,429,337,143,1015,5,1,43
1796,1120,430,346,148,1015,5,1,44
1797,1023,430,359,153,1015,5,1,45
1798,931,440,355,148,1015,5,1,45
1799,831,442,361,151,1015,5,1,46
1800,731,445,367,154,1015,5,1,46
1801,630,449,369,158,1015,5,1,46
1802,528,452,371,162,1015,5,1,46
1803,423,462,372,158,1015,5,1,46
1804,320,470,371,156,1015,5,1,45
1805,218,471,370,161,1015,5,1,44
1806,113,476,368,163,1015,5,1,43
1807,15,485,363,162,1015,5,1,41
1808,1,488,275,158,1015,5,1,39
1809,1,497,172,149,1015,5,1,38
1810,0,505,74,146,1015,5,1,37
1814,1826,433,94,103,1018,6,0,38
1815,1761,425,158,116,1018,6,0,38
1816,1699,426,220,119,1018,6,0,38
1817,1635,427,283,120,1018,6,0,38
1818,1566,429,314,119,1018,6,0,37
1819,1497,431,321,120,1018,6,0,37
1820,1428,431,333,122,1018,6,0,37
1821,1352,431,340,125,1018,6,0,38
1822,1279,433,347,127,1018,6,0,38
1823,1202,436,355,128,1018,6,0,39
1824,1124,435,360,134,1018,6,0,39
1825,1043,435,366,137,1018,6,0,40
1826,964,441,370,135,1018,6,0,40
1827,879,445,378,137,1018,6,0,40
1828,799,448,380,138,1018,6,0,40
1829,713,449,387,141,1018,6,0,40
1830,629,454,390,143,1018,6,0,40
1831,542,459,393,145,1018,6,0,39
1832,458,466,393,143,1018,6,0,39
1833,367,469,400,146,1018,6,0,38
1834,285,471,395,148,1018,6,0,38
1835,199,480,392,147,1018,6,0,37
1836,114,483,394,149,1018,6,0,36
1837,33,491,388,148,1018,6,0,34
1838,0,496,337,149,1018,6,0,33
1839,2,502,250,135,1018,6,0,32
1840,1,509,169,133,1018,6,0,31
1841,0,523,86,121,1018,6,0,31
1816,1610,1036,305,40,1019,5,1,0
1817,1609,1032,305,45,1019,5,1,0
1818,1606,1030,308,46,1019,5,1,0
1819,1606,1030,309,47,1019,5,1,0
1820,1602,1030,313,46,1019,5,1,0
1821,1599,1030,317,47,1019,5,1,0
1822,1596,1028,320,49,1019,5,1,0
1823,1593,1029,324,49,1019,5,1,0
1824,1591,1027,326,51,1019,5,1,0
1825,1591,1024,326,53,1019,5,1,0
1826,1589,1025,327,52,1019,5,1,0
1827,1591,1025,326,53,1019,5,1,0
1828,1592,1025,324,52,1019,5,1,0
1829,1590,1025,326,52,1019,5,1,0
1830,1591,1024,325,53,1019,5,1,0
1831,1592,1023,325,54,1019,5,1,0
1832,1592,1023,325,54,1019,5,1,0
1833,1591,1023,326,54,1019,5,1,0
1834,1590,1024,327,53,1019,5,1,0
1835,1589,1023,327,53,1019,5,1,0
1836,1592,1024,325,53,1019,5,1,0
1837,1591,1024,326,53,1019,5,1,0
1838,1591,1025,327,53,1019,5,1,0
1839,1591,1024,327,53,1019,5,1,0
1840,1592,1026,325,52,1019,5,1,0
1841,1593,1024,324,54,1019,5,1,0
1842,1593,1023,323,54,1019,5,1,0
1843,1593,1023,323,54,1019,5,1,0
1844,1592,1024,325,54,1019,5,1,0
1845,1590,1025,326,53,1019,5,1,0
1846,1590,1024,326,53,1019,5,1,0
1847,1589,1024,326,53,1019,5,1,0
1848,1589,1023,327,54,1019,5,1,0
1849,1589,1023,327,54,1019,5,1,0
1850,1589,1023,326,53,1019,5,1,0
1851,1591,1023,325,54,1019,5,1,0
1852,1590,1024,327,54,1019,5,1,0
1853,1591,1024,327,54,1019,5,1,0
1854,1591,1023,327,55,1019,5,1,0
1855,1591,1024,327,54,1019,5,1,0
1856,1591,1023,326,55,1019,5,1,0
1857,1590,1023,327,54,1019,5,1,0
1858,1588,1023,328,53,1019,5,1,0
1859,1588,1023,328,53,1019,5,1,0
1860,1589,1025,329,53,1019,5,1,0
1861,1589,1024,329,53,1019,5,1,0
1862,1589,1025,329,52,1019,5,1,0
1863,1589,1025,328,52,1019,5,1,0
1864,1589,1025,328,52,1019,5,1,0
1865,1589,1026,329,51,1019,5,1,0
1866,1590,1026,327,52,1019,5,1,0
1867,1592,1027,326,51,1019,5,1,0
1868,1592,1027,326,51,1019,5,1,0
1869,1591,1028,327,50,1019,5,1,0
1870,1591,1025,325,53,1019,5,1,0
1871,1589,1024,327,53,1019,5,1,0
1872,1589,1025,327,52,1019,5,1,0
1873,1588,1025,328,52,1019,5,1,0
1874,1588,1025,328,52,1019,5,1,0
1875,1587,1024,329,52,1019,5,1,0
1876,1588,1024,328,53,1019,5,1,0
1877,1587,1025,329,52,1019,5,1,0
1878,1587,1025,329,52,1019,5,1,0
1879,1590,1025,327,52,1019,5,1,0
1880,1590,1026,326,52,1019,5,1,0
1881,1589,1025,328,52,1019,5,1,0
1882,1591,1024,325,54,1019,5,1,0
1883,1591,1024,325,53,1019,5,1,0
1884,1592,1024,325,53,1019,5,1,0
1885,1591,1024,325,53,1019,5,1,0
1886,1591,1023,325,54,1019,5,1,0
1887,1591,1023,326,55,1019,5,1,0
1888,1590,1023,326,54,1019,5,1,0
1889,1589,1023,328,54,1019,5,1,0
1890,1587,1025,329,52,1019,5,1,0
1891,1588,1025,328,52,1019,5,1,0
1892,1589,1025,328,52,1019,5,1,0
1893,1589,1026,327,52,1019,5,1,0
1894,1590,1026,326,51,1019,5,1,0
1895,1588,1024,327,53,1019,5,1,0
1896,1589,1024,326,53,1019,5,1,0
1897,1588,1024,327,53,1019,5,1,0
1898,1586,1024,329,53,1019,5,1,0
1899,1587,1024,328,53,1019,5,1,0
1900,1587,1024,330,53,1019,5,1,0
1901,1587,1025,329,52,1019,5,1,0
1902,1588,1026,329,51,1019,5,1,0
1903,1588,1026,329,51,1019,5,1,0
1904,1588,1026,329,52,1019,5,1,0
1905,1589,1025,328,52,1019,5,1,0
1906,1588,1026,329,52,1019,5,1,0
1907,1589,1025,329,52,1019,5,1,0
1908,1590,1026,329,52,1019,5,1,0
1909,1590,1025,328,52,1019,5,1,0
1910,1589,1025,327,52,1019,5,1,0
1911,1589,1026,327,52,1019,5,1,0
1912,1588,1024,328,54,1019,5,1,0
1913,1587,1022,328,55,1019,5,1,0
1914,1586,1021,329,56,1019,5,1,0
1915,1584,1021,331,56,1019,5,1,0
1916,1584,1020,332,56,1019,5,1,0
1917,1580,1018,336,59,1019,5,1,0
1918,1576,1017,340,60,1019,5,1,0
1919,1574,1013,343,64,1019,5,1,0
1920,1570,998,348,77,1019,5,1,0
1921,1568,997,349,79,1019,5,1,0
1922,1562,980,354,96,1019,5,1,0
1923,1557,975,359,100,1019,5,1,0
1924,1549,975,368,103,1019,5,1,0
1925,1540,976,377,102,1019,5,1,0
1926,1534,967,381,110,1019,5,1,0
1927,1519,955,398,121,1019,5,1,0
1928,1501,946,418,132,1019,5,1,0
1929,1489,936,427,141,1019,5,1,0
1930,1474,922,443,155,1019,5,1,0
1931,1457,908,462,170,1019,5,1,0
1932,1437,893,481,183,1019,5,1,1
1933,1418,877,502,201,1019,5,1,2
1934,1393,861,525,214,1019,5,1,3
1935,1370,847,547,230,1019,5,1,3
1936,1343,832,556,244,1019,5,1,3
1937,1312,815,549,260,1019,5,1,3
1938,1284,800,549,275,1019,5,1,3
1939,1249,783,547,294,1019,5,1,3
1940,1215,767,544,310,1019,5,1,4
1941,1177,753,546,322,1019,5,1,5
1942,1139,736,542,343,1019,5,1,7
1943,1096,724,542,343,1019,5,1,8
1944,1051,710,544,333,1019,5,1,10
1945,1006,694,541,328,1019,5,1,12
1946,960,681,539,319,1019,5,1,14
1947,912,669,539,311,1019,5,1,15
1948,865,659,534,302,1019,5,1,16
1949,815,647,530,299,1019,5,1,17
1950,765,636,528,293,1019,5,1,17
1951,712,627,523,284,1019,5,1,18
1952,658,619,520,278,1019,5,1,18
1953,604,610,512,271,1019,5,1,19
1954,549,602,510,266,1019,5,1,20
1955,493,596,503,258,1019,5,1,20
1956,440,587,495,254,1019,5,1,21
1957,384,582,488,247,1019,5,1,21
1958,324,577,483,242,1019,5,1,22
1959,269,572,472,236,1019,5,1,22
1960,211,565,468,234,1019,5,1,22
1961,153,564,460,223,1019,5,1,23
1962,96,561,451,219,1019,5,1,23
1963,38,555,444,218,1019,5,1,23
1964,0,553,415,212,1019,5,1,23
1965,1,548,348,210,1019,5,1,23
1966,1,546,283,205,1019,5,1,23
1967,0,545,214,201,1019,5,1,23
1968,0,544,149,198,1019,5,1,23
1822,490,321,132,106,1020,4,2,0
1823,491,322,131,106,1020,4,2,0
1845,496,319,128,107,1020,4,2,0
1859,491,321,130,106,1020,4,2,0
1861,495,320,129,105,1020,4,2,0
1875,498,318,127,108,1020,4,2,0
1876,496,319,128,109,1020,4,2,0
1877,495,319,129,108,1020,4,2,0
1909,490,320,131,108,1020,4,2,0
1910,492,321,131,106,1020,4,2,0
1839,1855,395,64,57,1022,3,0,32
1840,1813,381,106,70,1022,3,0,32
1841,1779,374,140,75,1022,3,0,32
1842,1739,368,180,82,1022,3,0,32
1843,1704,364,214,86,1022,3,0,32
1844,1666,364,239,82,1022,3,0,31
1845,1631,361,235,80,1022,3,0,31
1846,1601,356,227,81,1022,3,0,30
1847,1570,351,223,81,1022,3,0,30
1848,1539,346,222,81,1022,3,0,30
1849,1515,344,211,81,1022,3,0,30
1850,1488,340,205,79,1022,3,0,30
1851,1459,335,203,81,1022,3,0,31
1852,1441,331,190,78,1022,3,0,32
1853,1422,328,182,76,1022,3,0,33
1854,1402,324,174,76,1022,3,0,33
1855,1388,322,164,73,1022,3,0,34
1856,1374,318,155,72,1022,3,0,34
1857,1360,315,147,72,1022,3,0,34
1858,1350,312,136,70,1022,3,0,33
1859,1338,309,131,70,1022,3,0,33
1860,1328,306,124,69,1022,3,0,33
1861,1324,304,116,67,1022,3,0,33
1862,1317,300,109,66,1022,3,0,33
1863,1311,298,103,65,1022,3,0,34
1864,1304,295,101,65,1022,3,0,34
1865,1300,293,99,62,1022,3,0,35
1866,1295,291,94,61,1022,3,0,35
1867,1286,289,94,59,1022,3,0,36
1868,1281,286,92,60,1022,3,0,36
1869,1275,283,89,58,1022,3,0,37
1870,1272,280,85,57,1022,3,0,38
1871,1265,277,85,57,1022,3,0,38
1872,1259,276,84,56,1022,3,0,39
1873,1252,272,81,55,1022,3,0,40
1874,1247,270,80,54,1022,3,0,40
1875,1243,268,78,53,1022,3,0,39
1876,1238,266,76,53,1022,3,0,40
1877,1231,263,77,53,1022,3,0,41
1878,1227,261,75,51,1022,3,0,42
1879,1223,260,74,49,1022,3,0,42
1880,1219,259,71,48,1022,3,0,42
1881,1213,257,71,48,1022,3,0,42
1882,1209,255,70,47,1022,3,0,42
1883,1203,252,70,47,1022,3,0,41
1884,1200,250,67,47,1022,3,0,40
1885,1196,249,65,46,1022,3,0,40
1886,1195,247,62,46,1022,3,0,40
1887,1190,246,63,44,1022,3,0,41
1888,1183,243,63,44,1022,3,0,42
1889,1180,243,61,42,1022,3,0,44
1890,1176,240,61,43,1022,3,0,46
1891,1173,239,60,41,1022,3,0,47
1892,1170,238,59,41,1022,3,0,47
1893,1166,237,57,40,1022,3,0,47
1894,1161,235,58,39,1022,3,0,45
1895,1156,233,57,39,1022,3,0,44
1896,1151,231,58,41,1022,3,0,43
1897,1148,230,56,39,1022,3,0,44
1898,1145,228,52,39,1022,3,0,45
1899,1142,227,52,38,1022,3,0,46
1900,1135,226,53,38,1022,3,0,49
1901,1133,225,52,36,1022,3,0,52
1902,1129,224,50,34,1022,3,0,55
1903,1127,223,49,34,1022,3,0,54
1904,1124,222,48,33,1022,3,0,55
1905,1121,221,46,34,1022,3,0,55
1906,1117,219,47,33,1022,3,0,53
1907,1114,218,48,33,1022,3,0,51
1908,1111,215,47,35,1022,3,0,47
1909,1108,216,45,32,1022,3,0,45
1910,1105,215,45,33,1022,3,0,42
1911,1100,214,45,34,1022,3,0,40
1912,1098,214,44,31,1022,3,0,40
1913,1096,213,43,31,1022,3,0,40
1914,1092,212,44,30,1022,3,0,42
1915,1089,212,42,29,1022,3,0,48
1916,1089,211,40,31,1022,3,0,52
1917,1085,209,41,29,1022,3,0,57
1918,1084,208,39,29,1022,3,0,60
1919,1081,209,39,29,1022,3,0,64
1920,1079,208,38,26,1022,3,0,67
1921,1077,206,38,27,1022,3,0,63
1922,1073,205,39,28,1022,3,0,61
1923,1070,205,40,28,1022,3,0,57
1924,1070,204,36,27,1022,3,0,50
1925,1066,204,38,28,1022,3,0,45
1926,1063,203,37,29,1022,3,0,40
1927,1061,203,35,27,1022,3,0,45
1928,1057,203,36,26,1022,3,0,39
1929,1054,202,37,26,1022,3,0,38
1930,1054,202,36,27,1022,3,0,35
1931,1051,202,35,26,1022,3,0,39
1932,1050,202,36,26,1022,3,0,33
1933,1049,200,35,27,1022,3,0,31
1934,1046,200,37,27,1022,3,0,30
1935,1043,199,37,27,1022,3,0,35
1936,1040,199,36,28,1022,3,0,38
1937,1040,198,34,27,1022,3,0,44
1938,1039,199,31,25,1022,3,0,49
1939,1036,196,31,26,1022,3,0,46
1940,1035,198,31,24,1022,3,0,47
1941,1031,198,33,25,1022,3,0,45
1942,1026,196,35,25,1022,3,0,48
1943,1025,197,34,24,1022,3,0,37
1944,1025,197,32,24,1022,3,0,30
1945,1024,196,30,26,1022,3,0,21
1946,1021,194,33,25,1022,3,0,20
1947,1021,195,32,26,1022,3,0,16
1948,1019,194,32,25,1022,3,0,16
1949,1018,194,31,26,1022,3,0,28
1950,1017,193,29,26,1022,3,0,34
1951,1015,192,28,25,1022,3,0,45
1952,1013,192,30,24,1022,3,0,42
1953,1011,192,30,25,1022,3,0,48
1954,1006,192,33,24,1022,3,0,47
1955,1007,192,32,23,1022,3,0,44
1956,1006,192,28,23,1022,3,0,40
1957,1006,192,27,22,1022,3,0,36
1958,1002,191,29,23,1022,3,0,34
1959,1002,190,29,23,1022,3,0,30
1960,1001,190,28,24,1022,3,0,26
1961,1001,191,26,23,1022,3,0,24
1962,1001,190,25,24,1022,3,0,23
1963,1001,189,24,24,1022,3,0,22
1964,999,189,27,23,1022,3,0,21
1965,998,188,24,24,1022,3,0,21
1966,997,189,25,23,1022,3,0,21
1967,996,188,24,24,1022,3,0,24
1968,994,189,24,23,1022,3,0,21
1969,992,189,24,22,1022,3,0,16
1970,992,188,25,24,1022,3,0,10
1971,992,189,24,23,1022,3,0,7
1972,991,188,23,23,1022,3,0,6
1973,990,189,24,22,1022,3,0,5
1851,828,163,31,29,1024,5,5,61
1852,829,165,32,28,1024,5,5,51
1853,827,165,34,29,1024,5,5,45
1865,818,170,41,27,1024,5,5,36
1866,818,171,41,27,1024,5,5,35
1867,820,172,40,27,1024,5,5,33
1868,820,172,40,27,1024,5,5,33
1871,821,172,39,28,1024,5,5,37
1872,818,172,42,30,1024,5,5,40
1873,817,172,43,29,1024,5,5,44
1874,816,173,42,28,1024,5,5,46
1875,818,174,41,28,1024,5,5,51
1876,819,175,40,28,1024,5,5,54
1877,822,174,38,30,1024,5,5,54
1878,823,174,37,30,1024,5,5,48
1879,824,174,37,31,1024,5,5,42
1880,824,172,36,31,1024,5,5,33
1881,825,174,36,30,1024,5,5,25
1882,823,173,39,32,1024,5,5,17
1883,820,173,41,31,1024,5,5,13
1884,815,174,44,30,1024,5,5,12
1885,816,175,43,29,1024,5,5,13
1888,813,178,45,27,1024,5,5,13
1889,818,178,41,28,1024,5,5,18
1890,820,178,40,29,1024,5,5,21
1891,819,176,41,31,1024,5,5,28
1892,821,178,38,29,1024,5,5,37
1893,821,176,38,33,1024,5,5,44
1894,820,175,39,35,1024,5,5,47
1895,817,175,42,35,1024,5,5,38
1896,818,176,39,34,1024,5,5,32
1897,819,176,37,32,1024,5,5,22
1898,820,179,37,30,1024,5,5,17
1899,822,179,35,30,1024,5,5,12
1900,823,181,34,30,1024,5,5,15
1901,822,182,34,29,1024,5,5,28
1902,823,185,33,28,1024,5,5,42
1903,821,183,34,28,1024,5,5,54
1904,820,181,36,31,1024,5,5,58
1905,818,180,39,32,1024,5,5,64
1906,816,178,40,36,1024,5,5,59
1907,817,178,40,38,1024,5,5,60
1908,816,178,42,38,1024,5,5,45
1909,816,182,39,36,1024,5,5,48
1910,821,181,35,33,1024,5,5,41
1911,816,186,38,32,1024,5,5,45
1912,814,187,40,32,1024,5,5,40
1913,816,188,38,32,1024,5,5,36
1914,813,185,41,34,1024,5,5,46
1915,811,186,42,35,1024,5,5,46
1916,810,186,43,34,1024,5,5,48
1917,811,185,43,36,1024,5,5,35
1918,813,186,42,37,1024,5,5,39
1919,815,187,41,36,1024,5,5,32
1920,815,186,39,37,1024,5,5,34
1921,815,185,39,37,1024,5,5,30
1922,813,188,42,35,1024,5,5,37
1923,811,186,43,38,1024,5,5,34
1924,810,186,45,41,1024,5,5,42
1925,809,185,45,41,1024,5,5,50
1926,806,190,47,38,1024,5,5,64
1927,807,190,46,40,1024,5,5,67
1928,804,192,48,38,1024,5,5,66
1929,802,189,50,41,1024,5,5,63
1930,801,188,52,44,1024,5,5,56
1931,801,190,51,41,1024,5,5,50
1932,803,200,47,33,1024,5,5,47
1933,802,200,49,34,1024,5,5,45
1934,802,201,48,34,1024,5,5,46
1935,803,200,48,35,1024,5,5,46
1936,800,190,53,48,1024,5,5,52
1937,801,192,50,44,1024,5,5,57
1938,802,198,50,43,1024,5,5,62
1939,800,194,51,47,1024,5,5,64
1940,802,188,50,55,1024,5,5,65
1941,802,187,50,56,1024,5,5,65
1942,801,184,51,61,1024,5,5,60
1943,800,184,52,63,1024,5,5,55
1944,803,184,50,64,1024,5,5,48
1945,805,187,47,62,1024,5,5,46
1946,804,185,49,66,1024,5,5,40
1947,806,188,49,61,1024,5,5,49
1948,804,185,53,56,1024,5,5,60
1949,804,184,53,54,1024,5,5,94
1950,804,185,47,39,1024,5,5,120
1951,804,185,46,40,1024,5,5,146
1952,804,187,46,41,1024,5,5,153
1953,803,185,47,41,1024,5,5,151
1954,802,189,48,38,1024,5,5,123
1955,801,190,48,37,1024,5,5,92
1956,800,189,49,39,1024,5,5,55
1957,799,189,50,40,1024,5,5,41
1958,799,189,51,40,1024,5,5,36
1959,798,187,52,41,1024,5,5,42
1960,798,187,52,45,1024,5,5,52
1961,797,185,54,47,1024,5,5,56
1962,798,185,54,50,1024,5,5,62
1963,796,186,57,49,1024,5,5,65
1964,795,186,57,51,1024,5,5,63
1965,794,189,54,49,1024,5,5,58
1966,792,193,56,46,1024,5,5,50
1967,793,203,50,37,1024,5,5,48
1968,792,190,54,50,1024,5,5,44
1969,791,195,51,47,1024,5,5,43
1970,788,198,54,46,1024,5,5,43
1971,787,195,58,51,1024,5,5,44
1972,787,196,53,51,1024,5,5,46
1973,786,197,55,51,1024,5,5,48
1974,784,194,58,56,1024,5,5,50
1975,783,211,52,41,1024,5,5,52
1976,782,197,58,55,1024,5,5,52
1977,781,210,54,46,1024,5,5,53
1978,780,206,54,50,1024,5,5,54
1979,778,208,56,52,1024,5,5,56
1980,777,219,58,44,1024,5,5,57
1981,774,222,56,42,1024,5,5,56
1982,773,228,56,39,1024,5,5,57
1983,771,224,58,44,1024,5,5,55
1984,770,227,60,44,1024,5,5,54
1985,768,225,61,46,1024,5,5,52
1986,767,228,62,47,1024,5,5,51
1987,766,227,63,50,1024,5,5,51
1988,764,227,63,53,1024,5,5,50
1989,762,226,65,56,1024,5,5,49
1990,762,227,66,57,1024,5,5,48
1991,758,229,68,57,1024,5,5,48
1992,758,225,68,64,1024,5,5,46
1993,756,231,68,60,1024,5,5,46
1994,753,232,71,62,1024,5,5,48
1995,753,233,69,65,1024,5,5,49
1996,749,237,72,65,1024,5,5,50
1997,746,240,73,63,1024,5,5,50
1998,747,241,72,66,1024,5,5,50
1999,744,245,74,65,1024,5,5,48
2000,741,245,76,68,1024,5,5,46
2001,741,246,77,69,1024,5,5,44
2002,739,249,77,69,1024,5,5,44
2003,738,250,78,72,1024,5,5,44
2004,735,253,80,73,1024,5,5,44
2005,732,253,82,76,1024,5,5,43
2006,730,255,82,78,1024,5,5,43
2007,728,256,85,79,1024,5,5,42
2008,729,258,83,81,1024,5,5,40
2009,727,258,85,83,1024,5,5,39
2010,725,262,87,85,1024,5,5,38
2011,722,263,90,87,1024,5,5,37
2012,722,266,89,88,1024,5,5,37
2013,720,269,91,87,1024,5,5,36
2014,717,272,93,89,1024,5,5,35
2015,718,273,91,90,1024,5,5,34
2016,715,275,94,92,1024,5,5,32
2017,714,276,96,95,1024,5,5,32
2018,710,278,100,96,1024,5,5,31
2019,709,282,99,97,1024,5,5,31
2020,707,285,101,97,1024,5,5,30
2021,705,286,101,100,1024,5,5,30
2022,705,289,101,100,1024,5,5,29
2023,702,290,103,102,1024,5,5,28
2024,699,292,106,104,1024,5,5,26
2025,696,299,107,101,1024,5,5,25
2026,695,296,109,106,1024,5,5,23
2027,694,300,109,104,1024,5,5,22
2028,691,301,113,107,1024,5,5,22
2029,689,303,113,109,1024,5,5,21
2030,688,304,113,111,1024,5,5,20
2031,686,305,114,114,1024,5,5,20
2032,683,306,116,116,1024,5,5,20
2033,682,307,116,118,1024,5,5,19
2034,678,309,120,118,1024,5,5,18
2035,677,311,121,118,1024,5,5,16
2036,677,316,121,116,1024,5,5,15
2037,675,318,122,116,1024,5,5,14
2038,673,316,125,121,1024,5,5,13
2039,671,316,126,123,1024,5,5,13
2040,669,320,126,122,1024,5,5,13
2041,669,320,126,125,1024,5,5,12
2042,668,323,127,123,1024,5,5,11
2043,668,323,126,125,1024,5,5,10
2044,666,325,128,124,1024,5,5,9
2045,665,323,128,128,1024,5,5,8
2046,664,327,129,125,1024,5,5,7
2047,665,329,128,124,1024,5,5,7
2048,663,328,130,126,1024,5,5,6
2049,663,330,131,126,1024,5,5,6
2050,662,330,130,127,1024,5,5,5
2051,661,329,131,130,1024,5,5,5
2052,662,328,130,130,1024,5,5,5
2053,660,330,131,130,1024,5,5,5
2054,659,332,131,128,1024,5,5,5
2055,659,330,132,131,1024,5,5,5
2056,658,331,132,132,1024,5,5,4
2057,658,331,132,133,1024,5,5,4
2058,658,331,133,133,1024,5,5,3
2059,658,331,132,133,1024,5,5,3
2060,658,335,131,130,1024,5,5,2
2061,658,335,133,131,1024,5,5,2
2062,658,335,133,131,1024,5,5,2
2063,657,336,134,132,1024,5,5,2
2064,656,336,133,133,1024,5,5,3
2065,656,336,131,133,1024,5,5,3
2066,655,337,134,133,1024,5,5,4
2067,652,337,137,136,1024,5,5,5
2068,653,340,136,136,1024,5,5,6
2069,651,342,136,135,1024,5,5,7
2070,649,340,139,139,1024,5,5,8
2071,647,345,142,139,1024,5,5,9
2072,646,347,143,141,1024,5,5,10
2073,643,350,146,141,1024,5,5,11
2074,641,352,146,143,1024,5,5,13
2075,638,353,152,147,1024,5,5,14
2076,634,354,157,152,1024,5,5,16
2077,630,358,159,154,1024,5,5,17
2078,627,357,162,162,1024,5,5,19
2079,622,360,165,166,1024,5,5,20
2080,616,366,172,170,1024,5,5,22
2081,612,376,178,167,1024,5,5,23
2082,607,386,178,167,1024,5,5,25
2083,602,393,184,173,1024,5,5,27
2084,594,400,190,177,1024,5,5,28
2085,589,408,194,183,1024,5,5,30
2086,580,415,204,193,1024,5,5,31
2087,574,422,206,201,1024,5,5,32
2088,564,435,217,204,1024,5,5,33
2089,558,446,220,215,1024,5,5,35
2090,548,461,229,222,1024,5,5,36
2091,533,475,242,234,1024,5,5,37
2092,525,490,246,248,1024,5,5,38
2093,512,507,258,261,1024,5,5,40
2094,497,528,269,277,1024,5,5,41
2095,478,551,284,297,1024,5,5,42
2096,458,577,300,316,1024,5,5,43
2097,436,605,319,339,1024,5,5,43
2098,409,638,340,366,1024,5,5,44
2099,377,678,366,395,1024,5,5,44
2100,339,724,396,351,1024,5,5,44
2101,297,771,431,304,1024,5,5,44
2102,242,827,476,249,1024,5,5,44
2103,250,896,458,180,1024,5,5,44
2104,259,978,424,98,1024,5,5,44
1869,1799,408,121,137,1026,9,5,46
1870,1721,401,198,150,1026,9,5,46
1871,1638,402,275,153,1026,9,5,46
1872,1548,405,369,154,1026,9,5,46
1873,1458,406,406,157,1026,9,5,46
1874,1363,407,421,157,1026,9,5,47
1875,1263,408,432,161,1026,9,5,48
1876,1158,409,447,166,1026,9,5,49
1877,1053,412,459,168,1026,9,5,50
1878,944,416,468,170,1026,9,5,51
1879,834,417,475,174,1026,9,5,52
1880,720,424,482,175,1026,9,5,52
1881,604,429,486,180,1026,9,5,52
1882,486,433,494,182,1026,9,5,52
1883,369,440,492,181,1026,9,5,52
1884,250,446,497,183,1026,9,5,51
1885,133,452,497,183,1026,9,5,49
1886,17,459,494,186,1026,9,5,47
1887,1,465,388,184,1026,9,5,45
1888,0,474,272,166,1026,9,5,44
1889,0,502,160,146,1026,9,5,43
1925,793,186,27,28,1032,9,1,16
1926,793,182,31,31,1032,9,1,31
1927,793,182,33,32,1032,9,1,40
1928,793,184,30,32,1032,9,1,52
1929,793,184,29,33,1032,9,1,51
1926,900,273,81,50,1033,6,4,133
1927,894,277,88,57,1033,6,4,100
1928,899,273,82,50,1033,6,4,76
1929,892,277,90,57,1033,6,4,38
1930,891,274,93,63,1033,6,4,26
1931,890,274,97,61,1033,6,4,24
1932,897,273,81,39,1033,6,4,26
1933,896,273,82,38,1033,6,4,39
1934,897,273,81,38,1033,6,4,46
1935,897,274,83,38,1033,6,4,58
1936,898,275,82,41,1033,6,4,55
1937,897,276,82,41,1033,6,4,56
1938,900,276,81,46,1033,6,4,57
1939,897,273,88,69,1033,6,4,65
1940,898,274,87,65,1033,6,4,65
1941,894,274,87,62,1033,6,4,66
1943,895,275,88,58,1033,6,4,65
1944,892,276,94,62,1033,6,4,55
1945,889,276,96,68,1033,6,4,39
1946,892,276,92,60,1033,6,4,21
1947,888,277,99,64,1033,6,4,17
1948,889,277,99,62,1033,6,4,12
1949,889,277,100,65,1033,6,4,15
1950,891,281,95,56,1033,6,4,26
1951,886,285,100,76,1033,6,4,44
1952,885,286,99,80,1033,6,4,64
1953,885,284,107,110,1033,6,4,72
1954,886,285,99,91,1033,6,4,76
1955,883,286,107,94,1033,6,4,66
1956,885,289,103,93,1033,6,4,55
1957,885,290,107,94,1033,6,4,40
1958,884,290,104,97,1033,6,4,31
1959,885,293,106,97,1033,6,4,24
1960,886,294,107,98,1033,6,4,20
1961,885,296,109,97,1033,6,4,18
1962,885,300,109,95,1033,6,4,18
1963,883,300,114,100,1033,6,4,18
1964,886,302,109,101,1033,6,4,18
1965,885,304,108,102,1033,6,4,19
1966,883,307,111,103,1033,6,4,20
1967,880,310,117,103,1033,6,4,21
1968,883,311,117,105,1033,6,4,21
1969,884,312,117,109,1033,6,4,22
1970,880,315,125,109,1033,6,4,22
1971,882,315,126,114,1033,6,4,22
1972,883,317,129,115,1033,6,4,21
1973,886,320,132,115,1033,6,4,21
1974,890,321,136,117,1033,6,4,21
1975,892,325,144,119,1033,6,4,21
1976,896,329,150,119,1033,6,4,21
1977,899,331,158,122,1033,6,4,21
1978,905,333,163,124,1033,6,4,21
1979,911,335,174,125,1033,6,4,21
1980,915,339,185,127,1033,6,4,21
1981,925,342,192,128,1033,6,4,20
1982,932,344,204,129,1033,6,4,20
1983,943,345,211,133,1033,6,4,21
1984,955,350,222,135,1033,6,4,21
1985,966,353,234,137,1033,6,4,21
1986,979,357,247,136,1033,6,4,21
1987,993,359,260,139,1033,6,4,22
1988,1013,362,268,142,1033,6,4,22
1989,1035,365,277,143,1033,6,4,22
1990,1053,366,291,148,1033,6,4,21
1991,1076,371,302,146,1033,6,4,21
1992,1102,375,312,148,1033,6,4,21
1993,1129,378,321,150,1033,6,4,21
1994,1158,380,329,153,1033,6,4,21
1995,1188,383,340,154,1033,6,4,21
1996,1220,387,347,155,1033,6,4,22
1997,1257,390,354,158,1033,6,4,22
1998,1294,393,360,160,1033,6,4,22
1999,1335,398,364,161,1033,6,4,22
2000,1375,403,371,160,1033,6,4,23
2001,1419,407,374,160,1033,6,4,23
2002,1466,411,374,162,1033,6,4,23
2003,1511,412,377,165,1033,6,4,23
2004,1562,414,357,166,1033,6,4,22
2005,1612,417,307,167,1033,6,4,22
2006,1664,425,256,149,1033,6,4,21
2007,1714,430,206,145,1033,6,4,21
2008,1765,436,153,143,1033,6,4,20
2009,1817,439,102,143,1033,6,4,20
1948,809,215,52,39,1037,6,1,124
1949,809,215,52,40,1037,6,1,114
1950,814,220,51,39,1037,6,1,107
1951,815,221,55,40,1037,6,1,93
1952,816,221,55,44,1037,6,1,84
1953,817,220,55,46,1037,6,1,74
1954,819,222,56,45,1037,6,1,66
1955,821,223,56,46,1037,6,1,59
1956,822,226,58,46,1037,6,1,51
1957,825,226,57,46,1037,6,1,46
1958,827,228,59,46,1037,6,1,44
1959,828,228,62,48,1037,6,1,45
1960,830,229,63,51,1037,6,1,46
1961,833,230,62,51,1037,6,1,47
1962,835,232,62,53,1037,6,1,49
1963,836,234,63,53,1037,6,1,50
1964,837,236,64,54,1037,6,1,50
1965,841,238,62,55,1037,6,1,49
1966,842,241,64,54,1037,6,1,47
1967,843,244,66,53,1037,6,1,47
1968,843,245,67,55,1037,6,1,45
1969,844,245,68,58,1037,6,1,46
1970,843,246,72,59,1037,6,1,46
1971,845,248,73,61,1037,6,1,48
1972,846,251,72,63,1037,6,1,50
1973,845,255,76,64,1037,6,1,50
1974,847,258,76,62,1037,6,1,50
1975,846,258,78,65,1037,6,1,50
1976,847,261,79,67,1037,6,1,49
1977,847,263,83,68,1037,6,1,47
1978,851,264,80,70,1037,6,1,46
1979,851,262,82,79,1037,6,1,46
1980,849,269,88,75,1037,6,1,46
1981,852,270,85,77,1037,6,1,46
1982,849,272,92,82,1037,6,1,46
1983,853,277,90,81,1037,6,1,45
1984,857,281,88,80,1037,6,1,44
1985,856,286,93,81,1037,6,1,43
1986,859,288,94,82,1037,6,1,42
1987,863,292,92,82,1037,6,1,40
1988,864,295,96,83,1037,6,1,39
1989,865,298,100,86,1037,6,1,38
1990,867,301,105,88,1037,6,1,37
1991,868,302,110,92,1037,6,1,36
1992,873,304,113,93,1037,6,1,36
1993,875,308,120,95,1037,6,1,36
1994,880,313,122,96,1037,6,1,35
1995,886,317,127,97,1037,6,1,34
1996,902,322,122,97,1037,6,1,34
1997,900,324,139,100,1037,6,1,34
1998,905,326,149,104,1037,6,1,34
1999,916,328,152,110,1037,6,1,34
2000,927,333,159,110,1037,6,1,33
2001,938,335,167,115,1037,6,1,33
2002,949,338,176,115,1037,6,1,33
2003,965,344,184,118,1037,6,1,32
2004,979,348,190,120,1037,6,1,31
2005,995,353,202,120,1037,6,1,30
2006,1014,357,207,121,1037,6,1,30
2007,1033,361,215,124,1037,6,1,29
2008,1054,362,224,129,1037,6,1,29
2009,1073,366,239,132,1037,6,1,28
2010,1098,370,249,135,1037,6,1,28
2011,1123,373,263,137,1037,6,1,27
2012,1152,377,271,139,1037,6,1,27
2013,1183,381,278,141,1037,6,1,27
2014,1213,386,288,144,1037,6,1,27
2015,1244,390,303,146,1037,6,1,27
2016,1282,392,312,151,1037,6,1,27
2017,1320,393,320,154,1037,6,1,27
2018,1360,406,328,150,1037,6,1,27
2019,1401,411,335,151,1037,6,1,27
2020,1447,413,339,152,1037,6,1,26
2021,1493,417,345,154,1037,6,1,26
2022,1540,422,347,154,1037,6,1,25
2023,1590,428,329,153,1037,6,1,24
2024,1640,432,279,152,1037,6,1,24
2025,1692,435,226,139,1037,6,1,23
2026,1745,437,174,140,1037,6,1,22
2027,1794,446,125,134,1037,6,1,21
2028,1848,453,72,130,1037,6,1,21
1948,927,181,27,27,1038,4,0,6
1949,927,181,27,27,1038,4,0,11
1950,926,182,29,26,1038,4,0,14
1951,927,182,25,26,1038,4,0,20
1952,927,182,26,27,1038,4,0,21
1953,927,182,26,27,1038,4,0,22
1954,926,182,24,27,1038,4,0,22
1955,926,182,23,27,1038,4,0,18
1956,925,181,27,29,1038,4,0,14
1957,926,180,26,29,1038,4,0,9
1958,926,181,26,28,1038,4,0,7
1959,926,181,26,28,1038,4,0,6
1960,926,182,24,27,1038,4,0,11
1961,927,182,24,27,1038,4,0,15
1962,927,181,24,27,1038,4,0,19
1965,927,180,23,27,1038,4,0,18
1967,927,180,23,28,1038,4,0,16
1968,927,180,22,27,1038,4,0,12
1969,927,180,21,28,1038,4,0,8
1970,927,181,21,27,1038,4,0,8
1971,927,180,21,28,1038,4,0,9
1974,928,181,20,28,1038,4,0,12
1956,1886,398,34,61,1040,6,0,-1
1957,1856,391,64,70,1040,6,0,-1
1958,1825,369,93,88,1040,6,0,-1
1959,1794,355,124,96,1040,6,0,-1
1960,1760,355,160,79,1040,6,0,-1
1961,1727,351,192,81,1040,6,0,-1
1962,1697,349,222,95,1042,6,4,41
1963,1664,346,248,100,1042,6,4,39
1964,1633,343,246,108,1042,6,4,37
1965,1605,340,241,107,1042,6,4,35
1966,1575,336,238,104,1042,6,4,34
1967,1548,335,228,103,1042,6,4,33
1968,1521,329,229,103,1042,6,4,32
1969,1495,325,217,102,1042,6,4,31
1970,1469,322,211,102,1042,6,4,30
1971,1446,319,202,100,1042,6,4,30
1972,1424,316,196,97,1042,6,4,30
1973,1403,311,190,99,1042,6,4,30
1974,1387,309,180,96,1042,6,4,30
1975,1369,305,173,98,1042,6,4,31
1976,1355,303,162,93,1042,6,4,32
1977,1341,299,154,93,1042,6,4,33
1978,1328,297,147,89,1042,6,4,33
1979,1317,295,140,88,1042,6,4,34
1980,1307,292,135,87,1042,6,4,35
1981,1299,287,126,87,1042,6,4,36
1982,1289,286,121,83,1042,6,4,36
1983,1281,282,117,84,1042,6,4,36
1984,1275,280,109,81,1042,6,4,36
1985,1267,276,108,82,1042,6,4,36
1986,1262,273,105,82,1042,6,4,36
1987,1258,272,99,79,1042,6,4,36
1988,1251,271,96,76,1042,6,4,37
1989,1248,267,91,76,1042,6,4,38
1990,1241,264,89,75,1042,6,4,39
1991,1235,264,89,71,1042,6,4,40
1992,1232,261,86,70,1042,6,4,40
1993,1228,259,85,72,1042,6,4,40
1994,1221,256,82,70,1042,6,4,40
1995,1217,254,82,68,1042,6,4,40
1996,1212,253,81,66,1042,6,4,40
1997,1207,251,78,65,1042,6,4,42
1998,1202,249,78,64,1042,6,4,43
1999,1200,246,74,64,1042,6,4,44
2000,1195,244,75,63,1042,6,4,44
2001,1190,242,75,63,1042,6,4,45
2002,1187,240,72,61,1042,6,4,45
2003,1183,240,70,59,1042,6,4,45
2004,1181,238,67,58,1042,6,4,46
2005,1176,236,67,57,1042,6,4,47
2006,1171,235,66,55,1042,6,4,49
2007,1168,234,63,53,1042,6,4,50
2008,1163,233,64,52,1042,6,4,52
2009,1159,229,62,52,1042,6,4,54
2010,1155,229,62,50,1042,6,4,53
2011,1150,227,62,50,1042,6,4,52
2012,1147,225,60,50,1042,6,4,48
2013,1144,224,58,51,1042,6,4,46
2014,1139,223,57,50,1042,6,4,45
2015,1135,222,57,48,1042,6,4,46
2016,1132,220,55,47,1042,6,4,48
2017,1128,219,55,46,1042,6,4,50
2018,1123,217,54,46,1042,6,4,54
2019,1121,216,52,45,1042,6,4,58
2020,1118,214,52,44,1042,6,4,60
2021,1112,213,53,43,1042,6,4,60
2022,1109,212,53,42,1042,6,4,58
2023,1105,212,50,41,1042,6,4,55
2024,1100,212,49,40,1042,6,4,53
2025,1097,211,48,40,1042,6,4,50
2026,1093,209,49,39,1042,6,4,49
2027,1091,208,46,40,1042,6,4,47
2028,1086,205,47,41,1042,6,4,53
2029,1084,205,45,42,1042,6,4,60
2030,1078,204,46,38,1042,6,4,68
2031,1076,204,44,39,1042,6,4,72
2032,1075,203,42,37,1042,6,4,73
2033,1070,201,43,38,1042,6,4,72
2034,1066,201,43,38,1042,6,4,65
2035,1064,200,42,37,1042,6,4,59
2036,1062,200,42,37,1042,6,4,52
2037,1060,199,41,37,1042,6,4,50
2038,1055,198,39,34,1042,6,4,51
2039,1052,199,40,34,1042,6,4,53
2040,1049,198,39,34,1042,6,4,58
2041,1047,197,38,33,1042,6,4,63
2042,1046,197,36,34,1042,6,4,66
2043,1042,196,37,34,1042,6,4,66
2044,1039,195,39,33,1042,6,4,64
2045,1039,196,36,31,1042,6,4,56
2046,1038,195,35,32,1042,6,4,50
2047,1037,194,33,32,1042,6,4,45
2048,1036,194,32,31,1042,6,4,47
2049,1035,194,33,32,1042,6,4,46
2050,1030,193,33,32,1042,6,4,46
2051,1028,192,33,32,1042,6,4,40
2052,1025,192,33,31,1042,6,4,32
2053,1023,193,31,31,1042,6,4,31
2054,1021,193,30,31,1042,6,4,34
2055,1018,193,32,28,1042,6,4,42
2056,1016,191,33,30,1042,6,4,47
2057,1014,190,32,30,1042,6,4,56
2058,1012,190,31,27,1042,6,4,67
2059,1012,189,30,30,1042,6,4,64
2060,1010,189,31,28,1042,6,4,65
2061,1007,190,33,28,1042,6,4,52
2062,1006,189,31,28,1042,6,4,49
2063,1004,189,31,28,1042,6,4,44
2064,1003,188,30,26,1042,6,4,50
2065,1003,188,27,27,1042,6,4,50
2066,1000,188,27,26,1042,6,4,45
2067,999,189,27,25,1042,6,4,46
2068,996,187,28,27,1042,6,4,41
2069,994,188,28,25,1042,6,4,44
2070,994,187,26,26,1042,6,4,39
2071,991,186,27,25,1042,6,4,47
2072,992,185,25,25,1042,6,4,45
2073,991,185,24,24,1042,6,4,41
2074,989,186,25,25,1042,6,4,32
2075,989,186,25,24,1042,6,4,27
2077,985,187,26,24,1042,6,4,20
2081,979,185,24,24,1042,6,4,18
2082,977,185,24,23,1042,6,4,15
1966,1554,1022,361,55,1045,9,1,22
1967,1508,982,410,95,1045,9,1,22
1968,1463,954,455,121,1045,9,1,22
1969,1422,925,494,152,1045,9,1,22
1970,1381,896,537,179,1045,9,1,22
1971,1343,866,567,207,1045,9,1,22
1972,1300,842,552,232,1045,9,1,22
1973,1258,815,541,261,1045,9,1,22
1974,1218,792,528,285,1045,9,1,22
1975,1175,767,519,309,1045,9,1,22
1976,1131,743,508,333,1045,9,1,22
1977,1085,726,498,321,1045,9,1,22
1978,1038,705,491,312,1045,9,1,22
1979,992,686,483,301,1045,9,1,22
1980,943,669,474,293,1045,9,1,22
1981,894,652,469,286,1045,9,1,22
1982,846,638,461,274,1045,9,1,22
1983,793,623,458,270,1045,9,1,23
1984,738,610,455,261,1045,9,1,23
1985,685,599,448,254,1045,9,1,24
1986,632,589,443,246,1045,9,1,24
1987,580,578,437,240,1045,9,1,24
1988,524,568,433,236,1045,9,1,25
1989,471,561,425,228,1045,9,1,25
1990,414,552,420,225,1045,9,1,25
1991,357,549,419,215,1045,9,1,25
1992,299,542,415,212,1045,9,1,25
1993,243,539,411,205,1045,9,1,25
1994,185,532,406,203,1045,9,1,25
1995,125,531,403,198,1045,9,1,25
1996,69,526,397,194,1045,9,1,25
1997,11,524,394,191,1045,9,1,25
1998,0,523,341,187,1045,9,1,24
1999,0,523,277,182,1045,9,1,24
2000,0,522,212,182,1045,9,1,23
2001,1,524,149,179,1045,9,1,23
1977,812,179,43,51,1051,4,5,56
1978,812,179,44,55,1051,4,5,49
1980,809,193,39,38,1051,4,5,48
1981,811,196,40,40,1051,4,5,47
1987,806,201,40,39,1051,4,5,55
1989,802,211,36,35,1051,4,5,60
1990,800,217,38,34,1051,4,5,66
1991,794,215,44,37,1051,4,5,58
1992,800,193,42,53,1051,4,5,65
1993,799,195,43,35,1051,4,5,61
1994,802,193,39,30,1051,4,5,69
1995,798,193,43,31,1051,4,5,60
1996,797,195,43,31,1051,4,5,60
1997,795,197,45,32,1051,4,5,48
1998,797,196,45,31,1051,4,5,54
1999,798,195,43,34,1051,4,5,49
2000,798,198,45,34,1051,4,5,51
2001,795,196,45,33,1051,4,5,31
2002,798,195,41,33,1051,4,5,24
2003,799,196,41,33,1051,4,5,22
2004,797,197,43,33,1051,4,5,21
2005,796,197,44,36,1051,4,5,28
2006,797,196,43,37,1051,4,5,35
2007,794,197,47,37,1051,4,5,47
2008,795,197,46,38,1051,4,5,49
2009,797,200,44,36,1051,4,5,46
2010,796,198,46,39,1051,4,5,44
2011,794,199,49,37,1051,4,5,44
2012,795,199,48,40,1051,4,5,48
2013,797,200,50,42,1051,4,5,53
2014,798,201,48,42,1051,4,5,58
2015,798,201,50,45,1051,4,5,67
2016,798,202,50,43,1051,4,5,72
2017,798,201,52,49,1051,4,5,75
2018,799,202,54,49,1051,4,5,73
2019,799,202,56,48,1051,4,5,69
2020,800,207,56,46,1051,4,5,69
2021,800,204,59,50,1051,4,5,62
2022,800,205,63,52,1051,4,5,58
2023,804,207,60,50,1051,4,5,52
2024,808,214,61,45,1051,4,5,50
2025,809,214,61,46,1051,4,5,49
2026,815,211,58,52,1051,4,5,47
2027,819,214,57,51,1051,4,5,47
2028,823,215,58,50,1051,4,5,45
2029,825,226,59,43,1051,4,5,46
2030,828,222,60,49,1051,4,5,45
2031,830,224,61,47,1051,4,5,43
2032,833,220,64,54,1051,4,5,44
2033,835,225,64,51,1051,4,5,44
2034,838,226,64,52,1051,4,5,45
2035,842,225,65,56,1051,4,5,45
2036,845,224,66,59,1051,4,5,44
2037,847,225,70,59,1051,4,5,44
2038,849,227,70,58,1051,4,5,43
2039,852,230,70,60,1051,4,5,43
2040,855,234,70,58,1051,4,5,41
2041,858,235,69,58,1051,4,5,39
2042,859,234,71,61,1051,4,5,40
2043,862,236,72,60,1051,4,5,40
2044,863,238,74,62,1051,4,5,41
2045,867,240,73,63,1051,4,5,41
2046,869,242,74,64,1051,4,5,41
2047,872,247,73,62,1051,4,5,42
2048,874,243,73,68,1051,4,5,42
2049,876,246,76,68,1051,4,5,41
2050,876,245,79,73,1051,4,5,40
2051,877,246,80,72,1051,4,5,39
2052,878,253,79,70,1051,4,5,40
2053,879,259,78,67,1051,4,5,39
2054,879,254,78,75,1051,4,5,38
2055,879,257,80,74,1051,4,5,37
2056,880,259,81,74,1051,4,5,35
2057,881,257,81,79,1051,4,5,34
2058,879,268,84,70,1051,4,5,32
2059,882,285,82,59,1051,4,5,31
2060,881,278,85,66,1051,4,5,30
2061,882,274,86,72,1051,4,5,29
2062,883,272,88,77,1051,4,5,30
2063,883,286,87,68,1051,4,5,30
2064,882,293,90,66,1051,4,5,30
2065,882,290,91,70,1051,4,5,30
2066,882,284,91,78,1051,4,5,31
2067,881,286,94,81,1051,4,5,31
2068,882,275,95,94,1051,4,5,29
2069,883,287,94,86,1051,4,5,27
2070,883,284,97,91,1051,4,5,26
2071,883,290,97,87,1051,4,5,25
2072,883,287,99,93,1051,4,5,24
2073,884,292,99,91,1051,4,5,22
2074,883,289,101,97,1051,4,5,22
2075,884,289,101,101,1051,4,5,21
2076,884,294,103,98,1051,4,5,21
2077,882,276,105,118,1051,4,5,21
2078,883,290,105,108,1051,4,5,20
2079,884,299,105,101,1051,4,5,19
2080,883,294,107,108,1051,4,5,18
2081,885,301,106,103,1051,4,5,17
2082,885,302,107,104,1051,4,5,16
2083,883,304,108,104,1051,4,5,16
2084,883,304,109,107,1051,4,5,15
2085,885,308,109,106,1051,4,5,15
2086,884,313,112,103,1051,4,5,14
2087,884,312,112,106,1051,4,5,14
2088,884,316,113,104,1051,4,5,13
2089,883,316,115,106,1051,4,5,13
2090,883,317,117,108,1051,4,5,12
2091,883,317,118,109,1051,4,5,12
2092,884,320,118,108,1051,4,5,12
2093,885,324,117,106,1051,4,5,11
2094,884,320,119,113,1051,4,5,11
2095,886,322,119,112,1051,4,5,10
2096,885,323,119,113,1051,4,5,10
2097,885,321,121,116,1051,4,5,9
2098,885,321,121,116,1051,4,5,8
2099,884,324,123,115,1051,4,5,7
2100,885,325,124,115,1051,4,5,6
2101,887,325,123,115,1051,4,5,5
2102,887,325,125,117,1051,4,5,5
2103,885,328,127,114,1051,4,5,5
2104,883,327,130,117,1051,4,5,5
2105,886,327,128,118,1051,4,5,4
2106,886,328,128,117,1051,4,5,4
2107,884,328,131,118,1051,4,5,4
2108,887,329,128,118,1051,4,5,4
2109,887,328,128,119,1051,4,5,4
1987,774,194,30,26,1053,9,1,140
1988,774,194,31,26,1053,9,1,111
1989,773,196,33,27,1053,9,1,90
1990,774,194,31,27,1053,9,1,57
1991,774,195,29,27,1053,9,1,44
1992,773,191,28,27,1053,9,1,31
1993,772,194,32,27,1053,9,1,24
1994,772,193,29,26,1053,9,1,19
1995,770,194,29,26,1053,9,1,16
1996,767,194,32,26,1053,9,1,33
1997,767,195,33,26,1053,9,1,38
1998,768,197,31,28,1053,9,1,55
1999,766,197,34,27,1053,9,1,41
2000,764,196,33,27,1053,9,1,50
2001,763,196,33,27,1053,9,1,36
2002,760,195,36,29,1053,9,1,33
2003,761,195,33,27,1053,9,1,22
2004,759,196,36,27,1053,9,1,19
2005,758,198,38,28,1053,9,1,15
2006,758,197,37,27,1053,9,1,13
2007,756,197,37,27,1053,9,1,14
2008,756,198,37,28,1053,9,1,17
2009,754,199,36,26,1053,9,1,17
2010,753,199,37,27,1053,9,1,16
2011,751,199,35,26,1053,9,1,15
2012,751,199,34,28,1053,9,1,23
2013,751,199,33,28,1053,9,1,31
2014,748,200,35,29,1053,9,1,38
2015,747,199,34,31,1053,9,1,38
2016,745,199,35,31,1053,9,1,36
2017,746,200,34,30,1053,9,1,36
2018,745,202,35,29,1053,9,1,36
2019,743,203,34,30,1053,9,1,37
2020,743,202,35,30,1053,9,1,39
2021,740,203,38,30,1053,9,1,43
2022,740,204,36,31,1053,9,1,46
2023,737,203,38,33,1053,9,1,48
2024,737,206,38,30,1053,9,1,49
2025,733,204,40,35,1053,9,1,49
2026,732,204,39,36,1053,9,1,47
2027,731,204,40,35,1053,9,1,44
2028,729,204,41,37,1053,9,1,45
2029,726,209,43,33,1053,9,1,43
2030,726,207,41,37,1053,9,1,42
2031,725,208,42,36,1053,9,1,39
2032,725,209,41,37,1053,9,1,40
2033,723,209,43,37,1053,9,1,41
2034,720,212,45,37,1053,9,1,41
2035,720,213,45,37,1053,9,1,40
2036,717,212,47,39,1053,9,1,38
2037,716,212,47,39,1053,9,1,37
2038,713,213,47,40,1053,9,1,37
2039,711,213,50,40,1053,9,1,37
2040,713,213,45,43,1053,9,1,38
2041,709,213,49,45,1053,9,1,39
2042,707,216,51,42,1053,9,1,39
2043,705,217,50,43,1053,9,1,39
2044,702,217,53,44,1053,9,1,37
2045,702,219,51,42,1053,9,1,34
2046,699,221,53,43,1053,9,1,34
2047,697,221,55,43,1053,9,1,35
2048,695,224,54,45,1053,9,1,38
2049,694,222,55,47,1053,9,1,39
2050,693,222,54,49,1053,9,1,41
2051,690,225,56,48,1053,9,1,41
2052,689,224,57,50,1053,9,1,37
2053,684,223,60,51,1053,9,1,34
2054,682,225,59,50,1053,9,1,32
2055,680,226,60,52,1053,9,1,32
2056,677,226,61,54,1053,9,1,32
2057,675,228,62,53,1053,9,1,33
2058,674,229,61,54,1053,9,1,36
2059,672,229,62,57,1053,9,1,37
2060,670,232,63,56,1053,9,1,38
2061,669,233,63,56,1053,9,1,37
2062,667,236,63,57,1053,9,1,37
2063,664,236,63,58,1053,9,1,36
2064,662,239,64,56,1053,9,1,34
2065,659,242,65,54,1053,9,1,33
2066,657,242,64,57,1053,9,1,31
2067,653,244,66,56,1053,9,1,29
2068,651,244,68,58,1053,9,1,28
2069,648,245,68,58,1053,9,1,29
2070,646,247,70,59,1053,9,1,30
2071,643,248,70,61,1053,9,1,30
2072,641,249,70,62,1053,9,1,31
2073,638,249,73,63,1053,9,1,32
2074,637,250,73,65,1053,9,1,32
2075,634,252,74,66,1053,9,1,31
2076,631,255,76,64,1053,9,1,28
2077,630,256,74,65,1053,9,1,26
2078,628,257,75,64,1053,9,1,25
2079,625,259,75,64,1053,9,1,24
2080,623,259,75,67,1053,9,1,23
2081,619,260,78,67,1053,9,1,22
2082,617,261,77,69,1053,9,1,22
2083,615,263,78,68,1053,9,1,22
2084,613,264,78,69,1053,9,1,22
2085,613,265,78,69,1053,9,1,22
2086,613,267,75,70,1053,9,1,22
2087,608,267,81,73,1053,9,1,23
2088,610,269,78,73,1053,9,1,22
2089,606,268,80,76,1053,9,1,23
2090,606,272,80,74,1053,9,1,22
2091,603,272,82,75,1053,9,1,21
2092,603,272,80,76,1053,9,1,20
2093,604,274,78,77,1053,9,1,18
2094,599,275,81,77,1053,9,1,17
2095,599,277,82,77,1053,9,1,16
2096,594,278,85,77,1053,9,1,16
2097,592,278,88,79,1053,9,1,16
2098,591,279,87,79,1053,9,1,15
2099,587,280,90,81,1053,9,1,15
2100,589,279,86,82,1053,9,1,15
2101,587,283,84,80,1053,9,1,16
2102,588,283,83,84,1053,9,1,16
2103,584,284,87,84,1053,9,1,16
2104,586,286,83,84,1053,9,1,17
2105,582,286,85,85,1053,9,1,17
2106,582,290,85,83,1053,9,1,17
2107,577,290,89,86,1053,9,1,16
2108,576,292,89,87,1053,9,1,16
2109,573,292,91,87,1053,9,1,15
1993,784,223,50,38,1054,3,1,34
1994,775,223,58,37,1054,3,1,31
1995,790,224,45,37,1054,3,1,31
1996,784,224,53,38,1054,3,1,29
1997,786,225,50,39,1054,3,1,29
1998,784,227,52,37,1054,3,1,28
1999,782,224,50,41,1054,3,1,28
2000,781,224,52,43,1054,3,1,32
2001,782,226,52,42,1054,3,1,35
2002,777,225,57,48,1054,3,1,39
2003,774,224,58,50,1054,3,1,42
2004,775,227,56,46,1054,3,1,45
2005,776,227,54,48,1054,3,1,51
2006,768,227,63,51,1054,3,1,53
2007,769,227,64,57,1054,3,1,56
2008,769,227,63,57,1054,3,1,54
2009,765,229,66,58,1054,3,1,56
2010,766,231,63,57,1054,3,1,54
2011,762,233,68,58,1054,3,1,51
2012,765,235,62,57,1054,3,1,48
2013,759,240,67,57,1054,3,1,45
2014,761,242,64,57,1054,3,1,43
2015,756,240,69,60,1054,3,1,41
2016,759,242,65,59,1054,3,1,40
2017,756,240,67,65,1054,3,1,38
2018,757,242,66,64,1054,3,1,35
2019,754,246,67,63,1054,3,1,32
2020,745,245,76,65,1054,3,1,32
2021,746,244,78,67,1054,3,1,31
2022,744,249,78,67,1054,3,1,33
2023,743,249,78,66,1054,3,1,34
2024,742,248,77,73,1054,3,1,38
2025,739,251,79,73,1054,3,1,40
2026,738,251,81,76,1054,3,1,40
2027,739,251,79,75,1054,3,1,40
2028,737,258,79,71,1054,3,1,38
2029,735,256,79,76,1054,3,1,36
2030,733,256,82,80,1054,3,1,33
2031,733,259,81,76,1054,3,1,32
2032,730,261,85,77,1054,3,1,32
2033,731,262,84,82,1054,3,1,32
2034,730,263,84,80,1054,3,1,30
2035,729,266,83,80,1054,3,1,30
2036,726,267,87,82,1054,3,1,29
2037,727,268,86,83,1054,3,1,27
2038,725,269,88,85,1054,3,1,26
2039,718,270,94,85,1054,3,1,23
2040,720,270,91,87,1054,3,1,22
2041,717,270,94,88,1054,3,1,20
2042,718,271,92,89,1054,3,1,18
2043,719,272,93,90,1054,3,1,17
2044,717,274,95,90,1054,3,1,16
2045,717,274,96,91,1054,3,1,15
2046,716,275,97,92,1054,3,1,14
2047,715,276,99,92,1054,3,1,14
2048,715,276,97,93,1054,3,1,13
2049,714,279,98,93,1054,3,1,13
2050,715,280,98,92,1054,3,1,12
2051,715,282,97,92,1054,3,1,12
2052,716,281,94,94,1054,3,1,11
2053,715,284,94,92,1054,3,1,11
2054,712,285,98,93,1054,3,1,11
2055,714,285,96,95,1054,3,1,10
2056,713,288,96,93,1054,3,1,10
2057,712,288,97,94,1054,3,1,9
2058,711,288,99,95,1054,3,1,9
2059,710,288,100,94,1054,3,1,10
2060,707,290,101,96,1054,3,1,11
2061,707,291,102,98,1054,3,1,13
2062,708,291,102,97,1054,3,1,13
2063,710,291,99,98,1054,3,1,13
2064,706,290,103,99,1054,3,1,12
2065,704,290,105,99,1054,3,1,9
2066,703,290,106,100,1054,3,1,6
2067,704,290,105,100,1054,3,1,3
2068,702,290,107,100,1054,3,1,2
2069,700,291,108,99,1054,3,1,2
2070,700,293,108,97,1054,3,1,3
2071,697,294,112,99,1054,3,1,4
2072,697,294,111,100,1054,3,1,5
2073,697,296,113,98,1054,3,1,6
2074,697,297,113,100,1054,3,1,7
2075,697,299,114,98,1054,3,1,7
2076,698,299,111,99,1054,3,1,7
2077,696,299,112,100,1054,3,1,7
2078,697,296,112,102,1054,3,1,7
2079,700,299,109,100,1054,3,1,7
2080,698,303,111,98,1054,3,1,7
2081,698,304,110,98,1054,3,1,8
2082,700,304,108,100,1054,3,1,8
2083,697,305,111,100,1054,3,1,8
2084,699,307,109,98,1054,3,1,9
2085,696,307,111,102,1054,3,1,10
2086,695,307,114,103,1054,3,1,10
2087,697,308,112,104,1054,3,1,11
2088,697,309,112,105,1054,3,1,11
2089,696,311,111,105,1054,3,1,12
2090,695,311,112,108,1054,3,1,12
2091,694,311,113,110,1054,3,1,12
2092,695,311,115,112,1054,3,1,12
2093,692,314,117,112,1054,3,1,13
2094,690,314,118,114,1054,3,1,13
2095,688,318,120,113,1054,3,1,14
2096,686,321,122,114,1054,3,1,15
2097,678,321,131,117,1054,3,1,16
2098,675,325,132,118,1054,3,1,17
2099,674,328,132,119,1054,3,1,18
2100,674,330,131,121,1054,3,1,18
2101,673,332,131,123,1054,3,1,19
2102,671,339,131,120,1054,3,1,19
2103,669,338,134,128,1054,3,1,20
2104,666,341,136,126,1054,3,1,20
2105,663,346,137,128,1054,3,1,21
2106,658,349,143,132,1054,3,1,22
2107,657,350,143,137,1054,3,1,22
2108,653,353,144,141,1054,3,1,22
2109,650,356,146,142,1054,3,1,22
2013,493,319,131,108,1058,4,2,12
2014,495,318,130,106,1058,4,2,10
2015,491,320,131,107,1058,4,2,8
2016,491,319,131,108,1058,4,2,5
2025,493,319,130,109,1058,4,2,3
2031,496,318,129,108,1058,4,2,1
2047,490,320,131,109,1058,4,2,1
2064,494,317,130,109,1058,4,2,2
2091,541,290,118,97,1058,4,2,3
2092,564,285,108,89,1058,4,2,3
2020,926,180,22,27,1059,4,0,7
2021,926,180,22,27,1059,4,0,7
2032,927,182,25,26,1059,4,0,7
2033,927,182,24,26,1059,4,0,7
2034,927,181,23,27,1059,4,0,6
2035,927,181,22,27,1059,4,0,5
2036,927,181,24,27,1059,4,0,4
2037,926,182,24,26,1059,4,0,3
2038,927,182,22,26,1059,4,0,7
2039,926,182,23,26,1059,4,0,12
2040,927,183,21,27,1059,4,0,19
2041,927,182,22,28,1059,4,0,21
2042,926,182,22,28,1059,4,0,23
2043,926,181,23,29,1059,4,0,24
2044,926,182,23,29,1059,4,0,24
2045,927,181,23,29,1059,4,0,20
2046,926,181,24,30,1059,4,0,15
2047,927,180,23,29,1059,4,0,16
2048,927,181,23,28,1059,4,0,14
2049,927,180,23,27,1059,4,0,13
2054,925,181,22,29,1059,4,0,7
2055,925,181,22,29,1059,4,0,5
2057,925,180,22,30,1059,4,0,4
2079,926,179,20,29,1059,4,0,3
2025,796,213,31,37,1060,6,3,82
2026,797,210,30,39,1060,6,3,88
2027,799,205,46,47,1060,6,3,80
2028,802,211,47,45,1060,6,3,68
2029,802,206,47,47,1060,6,3,47
2030,803,209,48,43,1060,6,3,39
2031,805,209,49,43,1060,6,3,33
2032,808,215,41,41,1060,6,3,28
2033,809,212,43,44,1060,6,3,26
2034,812,218,42,40,1060,6,3,31
2035,815,219,39,40,1060,6,3,40
2036,817,218,39,46,1060,6,3,45
2037,820,217,40,47,1060,6,3,47
2038,821,217,42,49,1060,6,3,48
2039,823,222,42,47,1060,6,3,53
2040,825,222,47,46,1060,6,3,54
2041,828,224,47,49,1060,6,3,55
2042,831,223,46,50,1060,6,3,53
2043,834,225,49,48,1060,6,3,53
2044,837,224,48,54,1060,6,3,54
2045,840,228,44,50,1060,6,3,50
2046,843,228,47,55,1060,6,3,49
2047,847,229,47,54,1060,6,3,46
2048,847,230,47,55,1060,6,3,44
2049,850,235,48,52,1060,6,3,42
2050,849,233,56,54,1060,6,3,37
2051,853,234,56,56,1060,6,3,37
2052,853,233,67,60,1060,6,3,34
2053,855,236,58,58,1060,6,3,34
2054,857,237,58,59,1060,6,3,35
2055,861,238,54,60,1060,6,3,37
2056,865,241,60,61,1060,6,3,39
2057,867,242,60,62,1060,6,3,39
2058,868,244,66,63,1060,6,3,40
2059,872,247,63,62,1060,6,3,41
2060,877,250,86,63,1060,6,3,40
2061,875,251,71,62,1060,6,3,39
2062,879,249,85,67,1060,6,3,36
2063,878,253,83,65,1060,6,3,31
2064,877,252,86,67,1060,6,3,24
2065,878,253,84,62,1060,6,3,16
2066,880,255,72,39,1060,6,3,11
2067,878,255,84,62,1060,6,3,13
2068,885,256,74,40,1060,6,3,13
2069,881,257,85,68,1060,6,3,16
2070,882,257,83,59,1060,6,3,11
2071,882,259,81,63,1060,6,3,35
2072,883,260,75,56,1060,6,3,38
2073,882,265,78,68,1060,6,3,44
2074,883,267,73,52,1060,6,3,20
2075,888,269,72,44,1060,6,3,16
2076,886,268,70,48,1060,6,3,13
2078,888,272,71,44,1060,6,3,12
2079,886,270,73,56,1060,6,3,13
2080,885,274,81,57,1060,6,3,18
2081,888,273,75,59,1060,6,3,29
2082,888,277,74,50,1060,6,3,39
2083,883,275,81,58,1060,6,3,35
2084,883,276,82,56,1060,6,3,29
2085,887,278,79,50,1060,6,3,18
2086,881,280,82,57,1060,6,3,25
2087,879,279,87,75,1060,6,3,33
2088,881,281,83,65,1060,6,3,43
2089,884,281,86,55,1060,6,3,36
2090,879,283,89,66,1060,6,3,26
2091,885,286,76,40,1060,6,3,19
2092,888,285,77,50,1060,6,3,21
2093,888,287,77,46,1060,6,3,20
2094,881,288,81,62,1060,6,3,18
2095,883,289,84,58,1060,6,3,16
2096,883,290,82,48,1060,6,3,15
2097,885,291,79,46,1060,6,3,13
2098,881,290,81,64,1060,6,3,20
2099,886,291,75,38,1060,6,3,37
2100,875,291,93,92,1060,6,3,55
2101,876,293,88,87,1060,6,3,66
2102,876,293,89,83,1060,6,3,58
2103,877,295,93,79,1060,6,3,48
2104,877,295,91,79,1060,6,3,29
2105,876,295,93,90,1060,6,3,20
2106,876,296,95,86,1060,6,3,15
2107,877,297,95,86,1060,6,3,15
2108,876,297,94,90,1060,6,3,17
2109,877,297,89,90,1060,6,3,17
