1,820,1310,394,364,175,1,-1,-1,-1
2,820,1354,397,372,177,1,-1,-1,-1
3,820,1399,402,378,178,1,-1,-1,-1
4,820,1447,406,384,179,1,-1,-1,-1
5,820,1498,410,388,183,1,-1,-1,-1
6,820,1550,416,369,183,1,-1,-1,-1
7,820,1603,422,316,184,1,-1,-1,-1
8,820,1659,429,260,161,1,-1,-1,-1
9,820,1715,431,204,160,1,-1,-1,-1
10,820,1767,437,152,162,1,-1,-1,-1
11,820,1825,444,94,159,1,-1,-1,-1
1,821,417,215,255,255,1,-1,-1,-1
2,821,417,215,255,255,1,-1,-1,-1
3,821,417,214,254,255,1,-1,-1,-1
4,821,417,214,254,255,1,-1,-1,-1
5,821,417,214,254,255,1,-1,-1,-1
6,821,417,214,255,255,1,-1,-1,-1
7,821,417,214,256,255,1,-1,-1,-1
8,821,417,214,255,255,1,-1,-1,-1
9,821,417,214,255,255,1,-1,-1,-1
10,821,416,214,254,255,1,-1,-1,-1
11,821,416,215,254,254,1,-1,-1,-1
12,821,416,215,255,255,1,-1,-1,-1
13,821,415,213,256,258,1,-1,-1,-1
14,821,415,213,236,258,1,-1,-1,-1
15,821,415,215,222,255,1,-1,-1,-1
16,821,415,215,208,255,1,-1,-1,-1
17,821,412,215,199,256,1,-1,-1,-1
18,821,410,214,195,259,1,-1,-1,-1
19,821,410,214,192,260,1,-1,-1,-1
20,821,407,213,235,262,1,-1,-1,-1
21,821,403,213,267,262,1,-1,-1,-1
22,821,405,214,264,263,1,-1,-1,-1
23,821,405,213,221,263,1,-1,-1,-1
24,821,404,214,263,264,1,-1,-1,-1
25,821,402,215,228,265,1,-1,-1,-1
26,821,403,217,263,264,1,-1,-1,-1
27,821,401,217,255,265,1,-1,-1,-1
28,821,402,218,182,264,1,-1,-1,-1
29,821,399,218,189,267,1,-1,-1,-1
30,821,397,218,227,268,1,-1,-1,-1
31,821,394,219,189,269,1,-1,-1,-1
32,821,391,220,188,269,1,-1,-1,-1
33,821,389,222,187,270,1,-1,-1,-1
34,821,385,222,192,273,1,-1,-1,-1
35,821,379,221,213,274,1,-1,-1,-1
36,821,377,222,197,278,1,-1,-1,-1
37,821,373,221,197,279,1,-1,-1,-1
38,821,371,225,199,278,1,-1,-1,-1
39,821,368,224,218,282,1,-1,-1,-1
40,821,361,225,217,285,1,-1,-1,-1
41,821,362,224,246,289,1,-1,-1,-1
42,821,355,227,231,289,1,-1,-1,-1
43,821,353,227,225,292,1,-1,-1,-1
44,821,348,226,209,295,1,-1,-1,-1
45,821,345,230,209,295,1,-1,-1,-1
46,821,337,230,215,298,1,-1,-1,-1
47,821,334,231,218,301,1,-1,-1,-1
48,821,327,232,231,305,1,-1,-1,-1
49,821,322,233,222,310,1,-1,-1,-1
50,821,316,234,226,312,1,-1,-1,-1
51,821,308,237,236,313,1,-1,-1,-1
52,821,305,238,232,319,1,-1,-1,-1
53,821,296,241,281,322,1,-1,-1,-1
54,821,292,242,270,326,1,-1,-1,-1
55,821,285,242,340,330,1,-1,-1,-1
56,821,279,239,347,339,1,-1,-1,-1
57,821,272,244,352,342,1,-1,-1,-1
58,821,266,246,367,344,1,-1,-1,-1
59,821,260,248,370,346,1,-1,-1,-1
60,821,251,248,378,352,1,-1,-1,-1
61,821,242,238,384,369,1,-1,-1,-1
62,821,234,245,391,369,1,-1,-1,-1
63,821,227,253,393,367,1,-1,-1,-1
64,821,217,254,404,372,1,-1,-1,-1
65,821,209,252,409,382,1,-1,-1,-1
66,821,198,252,417,389,1,-1,-1,-1
67,821,188,256,422,391,1,-1,-1,-1
68,821,179,260,360,399,1,-1,-1,-1
69,821,167,267,442,399,1,-1,-1,-1
70,821,156,268,449,410,1,-1,-1,-1
71,821,148,273,456,416,1,-1,-1,-1
72,821,134,275,470,424,1,-1,-1,-1
73,821,120,279,480,432,1,-1,-1,-1
74,821,104,284,494,438,1,-1,-1,-1
75,821,91,284,503,450,1,-1,-1,-1
76,821,76,288,515,461,1,-1,-1,-1
77,821,58,291,529,471,1,-1,-1,-1
78,821,38,296,546,484,1,-1,-1,-1
79,821,20,304,558,492,1,-1,-1,-1
80,821,1,305,576,508,1,-1,-1,-1
81,821,0,310,573,519,1,-1,-1,-1
82,821,1,313,570,537,1,-1,-1,-1
83,821,0,321,565,551,1,-1,-1,-1
84,821,0,327,562,566,1,-1,-1,-1
85,821,1,331,557,588,1,-1,-1,-1
86,821,1,339,550,603,1,-1,-1,-1
87,821,0,341,545,628,1,-1,-1,-1
88,821,1,355,271,643,1,-1,-1,-1
89,821,0,350,534,676,1,-1,-1,-1
90,821,0,353,531,703,1,-1,-1,-1
91,821,0,359,525,714,1,-1,-1,-1
92,821,0,361,522,712,1,-1,-1,-1
93,821,0,367,514,702,1,-1,-1,-1
94,821,0,371,510,699,1,-1,-1,-1
95,821,0,377,502,693,1,-1,-1,-1
96,821,2,382,489,690,1,-1,-1,-1
97,821,0,389,486,677,1,-1,-1,-1
98,821,0,397,477,674,1,-1,-1,-1
99,821,0,404,471,632,1,-1,-1,-1
100,821,1,410,464,659,1,-1,-1,-1
101,821,1,419,457,653,1,-1,-1,-1
102,821,0,426,449,648,1,-1,-1,-1
103,821,0,432,439,639,1,-1,-1,-1
104,821,0,445,427,625,1,-1,-1,-1
105,821,0,454,416,612,1,-1,-1,-1
106,821,0,468,405,555,1,-1,-1,-1
107,821,2,475,392,584,1,-1,-1,-1
108,821,1,491,380,560,1,-1,-1,-1
109,821,2,503,366,552,1,-1,-1,-1
110,821,2,518,352,543,1,-1,-1,-1
111,821,2,535,334,538,1,-1,-1,-1
112,821,1,550,319,520,1,-1,-1,-1
113,821,1,569,303,493,1,-1,-1,-1
114,821,0,593,284,467,1,-1,-1,-1
115,821,0,617,263,439,1,-1,-1,-1
116,821,0,639,241,436,1,-1,-1,-1
117,821,0,668,219,404,1,-1,-1,-1
118,821,1,699,191,360,1,-1,-1,-1
119,821,0,771,165,291,1,-1,-1,-1
120,821,1,872,136,205,1,-1,-1,-1
121,821,1,906,105,170,1,-1,-1,-1
1,822,671,335,123,119,1,-1,-1,-1
2,822,671,336,122,119,1,-1,-1,-1
3,822,671,336,124,118,1,-1,-1,-1
4,822,670,335,125,121,1,-1,-1,-1
5,822,669,336,125,121,1,-1,-1,-1
6,822,668,337,126,121,1,-1,-1,-1
7,822,667,338,127,122,1,-1,-1,-1
8,822,666,338,127,123,1,-1,-1,-1
9,822,665,340,129,124,1,-1,-1,-1
10,822,663,339,131,127,1,-1,-1,-1
11,822,663,339,129,128,1,-1,-1,-1
12,822,662,339,130,129,1,-1,-1,-1
13,822,661,348,131,125,1,-1,-1,-1
14,822,660,346,132,130,1,-1,-1,-1
15,822,658,347,134,132,1,-1,-1,-1
16,822,653,351,135,134,1,-1,-1,-1
17,822,652,354,137,135,1,-1,-1,-1
18,822,649,356,140,136,1,-1,-1,-1
19,822,645,358,142,139,1,-1,-1,-1
20,822,643,365,143,137,1,-1,-1,-1
21,822,638,367,145,144,1,-1,-1,-1
22,822,632,372,151,144,1,-1,-1,-1
23,822,629,375,151,148,1,-1,-1,-1
24,822,625,379,155,149,1,-1,-1,-1
25,822,621,383,158,154,1,-1,-1,-1
26,822,619,390,159,156,1,-1,-1,-1
27,822,612,394,162,163,1,-1,-1,-1
28,822,608,400,166,165,1,-1,-1,-1
29,822,603,406,170,173,1,-1,-1,-1
30,822,595,415,176,174,1,-1,-1,-1
31,822,587,422,180,180,1,-1,-1,-1
32,822,579,426,185,190,1,-1,-1,-1
33,822,572,440,189,192,1,-1,-1,-1
34,822,561,444,199,204,1,-1,-1,-1
35,822,553,457,204,209,1,-1,-1,-1
36,822,543,466,208,220,1,-1,-1,-1
37,822,530,488,220,223,1,-1,-1,-1
38,822,520,501,223,232,1,-1,-1,-1
39,822,508,516,231,244,1,-1,-1,-1
40,822,492,532,243,258,1,-1,-1,-1
41,822,477,538,254,286,1,-1,-1,-1
42,822,459,570,266,290,1,-1,-1,-1
43,822,434,585,290,318,1,-1,-1,-1
44,822,413,616,300,334,1,-1,-1,-1
45,822,387,650,320,353,1,-1,-1,-1
46,822,354,682,343,380,1,-1,-1,-1
47,822,317,716,370,361,1,-1,-1,-1
48,822,270,749,408,328,1,-1,-1,-1
49,822,234,807,430,271,1,-1,-1,-1
50,822,186,854,462,221,1,-1,-1,-1
51,822,207,916,420,160,1,-1,-1,-1
1,823,925,178,34,28,1,-1,-1,-1
2,823,925,179,34,28,1,-1,-1,-1
3,823,926,178,34,28,1,-1,-1,-1
4,823,926,178,34,28,1,-1,-1,-1
5,823,927,177,33,29,1,-1,-1,-1
6,823,927,178,32,29,1,-1,-1,-1
7,823,926,177,31,30,1,-1,-1,-1
8,823,926,176,29,31,1,-1,-1,-1
9,823,926,175,28,32,1,-1,-1,-1
10,823,926,174,27,33,1,-1,-1,-1
11,823,926,175,25,33,1,-1,-1,-1
12,823,927,175,25,33,1,-1,-1,-1
20,823,925,176,25,31,1,-1,-1,-1
21,823,924,175,25,32,1,-1,-1,-1
22,823,924,174,24,33,1,-1,-1,-1
23,823,924,173,23,34,1,-1,-1,-1
24,823,923,173,24,34,1,-1,-1,-1
30,823,923,172,25,34,1,-1,-1,-1
31,823,921,173,27,33,1,-1,-1,-1
32,823,921,173,27,33,1,-1,-1,-1
34,823,923,172,24,34,1,-1,-1,-1
35,823,921,172,24,34,1,-1,-1,-1
36,823,921,172,24,33,1,-1,-1,-1
37,823,921,173,23,33,1,-1,-1,-1
38,823,921,173,23,34,1,-1,-1,-1
39,823,921,173,23,33,1,-1,-1,-1
40,823,920,172,25,34,1,-1,-1,-1
41,823,919,172,26,34,1,-1,-1,-1
42,823,921,172,25,34,1,-1,-1,-1
43,823,921,171,25,35,1,-1,-1,-1
44,823,921,171,25,34,1,-1,-1,-1
45,823,920,171,28,34,1,-1,-1,-1
46,823,918,172,29,34,1,-1,-1,-1
47,823,916,171,30,35,1,-1,-1,-1
48,823,917,171,29,35,1,-1,-1,-1
49,823,918,170,27,36,1,-1,-1,-1
50,823,919,171,25,35,1,-1,-1,-1
51,823,918,172,26,33,1,-1,-1,-1
52,823,918,172,26,33,1,-1,-1,-1
53,823,918,173,26,32,1,-1,-1,-1
54,823,920,173,25,32,1,-1,-1,-1
55,823,921,173,23,32,1,-1,-1,-1
56,823,922,174,24,32,1,-1,-1,-1
57,823,922,174,24,32,1,-1,-1,-1
58,823,921,173,26,33,1,-1,-1,-1
62,823,921,175,24,32,1,-1,-1,-1
63,823,920,173,24,34,1,-1,-1,-1
64,823,920,173,24,33,1,-1,-1,-1
65,823,919,173,25,34,1,-1,-1,-1
66,823,918,173,26,34,1,-1,-1,-1
67,823,919,173,25,34,1,-1,-1,-1
68,823,919,173,25,33,1,-1,-1,-1
69,823,920,173,24,33,1,-1,-1,-1
70,823,921,173,24,34,1,-1,-1,-1
71,823,924,177,21,32,1,-1,-1,-1
72,823,924,177,22,31,1,-1,-1,-1
73,823,923,177,23,30,1,-1,-1,-1
74,823,924,178,23,30,1,-1,-1,-1
75,823,923,178,23,30,1,-1,-1,-1
76,823,924,179,22,29,1,-1,-1,-1
77,823,923,179,23,29,1,-1,-1,-1
78,823,922,178,23,29,1,-1,-1,-1
79,823,923,178,22,30,1,-1,-1,-1
80,823,924,178,22,30,1,-1,-1,-1
81,823,925,177,20,32,1,-1,-1,-1
82,823,925,176,20,31,1,-1,-1,-1
83,823,925,177,21,31,1,-1,-1,-1
84,823,925,178,21,30,1,-1,-1,-1
92,823,925,181,21,29,1,-1,-1,-1
98,823,927,179,20,29,1,-1,-1,-1
99,823,927,179,20,29,1,-1,-1,-1
100,823,927,180,21,29,1,-1,-1,-1
1,824,696,292,107,73,1,-1,-1,-1
2,824,696,292,105,73,1,-1,-1,-1
3,824,694,292,107,73,1,-1,-1,-1
4,824,697,292,105,74,1,-1,-1,-1
5,824,696,292,107,76,1,-1,-1,-1
6,824,691,292,110,76,1,-1,-1,-1
7,824,686,296,111,76,1,-1,-1,-1
8,824,686,296,109,74,1,-1,-1,-1
9,824,686,298,106,72,1,-1,-1,-1
10,824,685,297,108,73,1,-1,-1,-1
11,824,685,298,108,73,1,-1,-1,-1
12,824,686,299,106,70,1,-1,-1,-1
13,824,687,299,104,74,1,-1,-1,-1
14,824,685,300,106,78,1,-1,-1,-1
15,824,684,300,107,76,1,-1,-1,-1
16,824,687,302,103,73,1,-1,-1,-1
17,824,686,303,102,77,1,-1,-1,-1
18,824,681,303,111,93,1,-1,-1,-1
19,824,682,303,110,99,1,-1,-1,-1
20,824,679,304,112,98,1,-1,-1,-1
21,824,678,306,111,98,1,-1,-1,-1
22,824,678,307,110,103,1,-1,-1,-1
23,824,676,309,110,106,1,-1,-1,-1
24,824,675,310,113,111,1,-1,-1,-1
25,824,675,311,112,106,1,-1,-1,-1
26,824,674,310,114,109,1,-1,-1,-1
27,824,675,310,112,112,1,-1,-1,-1
28,824,673,311,114,113,1,-1,-1,-1
29,824,672,313,114,112,1,-1,-1,-1
30,824,672,315,116,112,1,-1,-1,-1
31,824,672,316,115,112,1,-1,-1,-1
32,824,671,316,116,117,1,-1,-1,-1
33,824,670,318,116,117,1,-1,-1,-1
34,824,669,319,116,118,1,-1,-1,-1
35,824,667,321,117,119,1,-1,-1,-1
36,824,667,321,117,122,1,-1,-1,-1
37,824,664,325,120,120,1,-1,-1,-1
38,824,662,328,121,122,1,-1,-1,-1
39,824,661,329,123,123,1,-1,-1,-1
40,824,661,330,124,125,1,-1,-1,-1
41,824,660,333,125,126,1,-1,-1,-1
42,824,660,335,124,129,1,-1,-1,-1
43,824,659,337,124,131,1,-1,-1,-1
44,824,658,340,126,135,1,-1,-1,-1
45,824,656,341,129,137,1,-1,-1,-1
46,824,653,344,132,138,1,-1,-1,-1
47,824,649,349,138,140,1,-1,-1,-1
48,824,648,350,139,144,1,-1,-1,-1
49,824,642,355,145,145,1,-1,-1,-1
50,824,641,355,144,153,1,-1,-1,-1
51,824,635,359,152,156,1,-1,-1,-1
52,824,629,360,162,162,1,-1,-1,-1
53,824,628,364,160,167,1,-1,-1,-1
54,824,625,375,163,162,1,-1,-1,-1
55,824,623,382,167,165,1,-1,-1,-1
56,824,617,389,178,169,1,-1,-1,-1
57,824,615,395,181,172,1,-1,-1,-1
58,824,613,402,181,177,1,-1,-1,-1
59,824,607,407,185,182,1,-1,-1,-1
60,824,601,415,192,187,1,-1,-1,-1
61,824,594,422,198,195,1,-1,-1,-1
62,824,588,431,206,202,1,-1,-1,-1
63,824,580,438,215,211,1,-1,-1,-1
64,824,575,440,215,229,1,-1,-1,-1
65,824,567,464,221,222,1,-1,-1,-1
66,824,556,476,231,234,1,-1,-1,-1
67,824,547,489,236,245,1,-1,-1,-1
68,824,529,502,255,252,1,-1,-1,-1
69,824,522,520,259,263,1,-1,-1,-1
70,824,504,540,271,278,1,-1,-1,-1
71,824,494,563,280,293,1,-1,-1,-1
72,824,473,587,297,309,1,-1,-1,-1
73,824,456,611,308,331,1,-1,-1,-1
74,824,431,642,329,353,1,-1,-1,-1
75,824,402,670,349,383,1,-1,-1,-1
76,824,372,704,370,372,1,-1,-1,-1
77,824,338,740,399,334,1,-1,-1,-1
78,824,290,786,438,289,1,-1,-1,-1
79,824,243,844,470,233,1,-1,-1,-1
80,824,267,897,434,178,1,-1,-1,-1
3,825,824,174,36,36,1,-1,-1,-1
4,825,825,175,35,36,1,-1,-1,-1
5,825,824,174,35,37,1,-1,-1,-1
7,825,824,174,35,37,1,-1,-1,-1
8,825,824,177,36,35,1,-1,-1,-1
9,825,824,178,35,35,1,-1,-1,-1
10,825,824,178,35,35,1,-1,-1,-1
11,825,826,186,31,28,1,-1,-1,-1
12,825,825,180,33,33,1,-1,-1,-1
13,825,824,183,33,30,1,-1,-1,-1
14,825,821,184,36,29,1,-1,-1,-1
15,825,820,183,37,32,1,-1,-1,-1
16,825,820,182,38,34,1,-1,-1,-1
17,825,822,190,35,28,1,-1,-1,-1
18,825,822,191,35,27,1,-1,-1,-1
19,825,821,193,34,27,1,-1,-1,-1
20,825,819,195,34,25,1,-1,-1,-1
21,825,819,194,34,25,1,-1,-1,-1
22,825,817,193,35,26,1,-1,-1,-1
23,825,817,194,34,26,1,-1,-1,-1
24,825,818,195,33,25,1,-1,-1,-1
25,825,817,198,30,24,1,-1,-1,-1
26,825,816,199,32,24,1,-1,-1,-1
27,825,815,198,34,25,1,-1,-1,-1
28,825,814,196,36,26,1,-1,-1,-1
29,825,814,196,38,26,1,-1,-1,-1
30,825,814,197,37,26,1,-1,-1,-1
31,825,812,198,35,26,1,-1,-1,-1
32,825,810,201,36,25,1,-1,-1,-1
33,825,810,199,34,26,1,-1,-1,-1
34,825,810,200,34,26,1,-1,-1,-1
35,825,808,198,37,28,1,-1,-1,-1
36,825,808,203,34,26,1,-1,-1,-1
37,825,807,203,36,26,1,-1,-1,-1
38,825,805,203,36,26,1,-1,-1,-1
39,825,803,207,37,25,1,-1,-1,-1
40,825,804,207,37,25,1,-1,-1,-1
41,825,804,203,35,29,1,-1,-1,-1
42,825,805,208,34,26,1,-1,-1,-1
43,825,803,207,36,28,1,-1,-1,-1
44,825,801,208,37,29,1,-1,-1,-1
45,825,802,207,36,31,1,-1,-1,-1
46,825,802,207,36,31,1,-1,-1,-1
47,825,800,210,39,32,1,-1,-1,-1
48,825,799,212,37,30,1,-1,-1,-1
49,825,796,217,39,27,1,-1,-1,-1
50,825,796,210,38,35,1,-1,-1,-1
51,825,794,218,40,28,1,-1,-1,-1
52,825,792,215,42,32,1,-1,-1,-1
53,825,791,221,42,29,1,-1,-1,-1
54,825,790,219,42,33,1,-1,-1,-1
55,825,789,219,45,33,1,-1,-1,-1
56,825,788,222,44,34,1,-1,-1,-1
57,825,788,222,45,34,1,-1,-1,-1
58,825,786,221,47,38,1,-1,-1,-1
59,825,786,224,47,38,1,-1,-1,-1
60,825,785,225,50,38,1,-1,-1,-1
61,825,783,228,51,38,1,-1,-1,-1
62,825,782,225,52,44,1,-1,-1,-1
63,825,781,229,51,44,1,-1,-1,-1
64,825,778,230,53,45,1,-1,-1,-1
65,825,778,231,52,46,1,-1,-1,-1
66,825,774,233,54,46,1,-1,-1,-1
67,825,772,234,57,48,1,-1,-1,-1
68,825,770,238,58,48,1,-1,-1,-1
69,825,769,238,60,51,1,-1,-1,-1
70,825,767,240,61,52,1,-1,-1,-1
71,825,767,244,60,51,1,-1,-1,-1
72,825,764,246,61,51,1,-1,-1,-1
73,825,764,249,59,51,1,-1,-1,-1
74,825,762,252,60,53,1,-1,-1,-1
75,825,760,252,62,58,1,-1,-1,-1
76,825,756,256,67,56,1,-1,-1,-1
77,825,754,261,68,56,1,-1,-1,-1
78,825,752,266,68,57,1,-1,-1,-1
79,825,750,270,69,58,1,-1,-1,-1
80,825,748,271,69,61,1,-1,-1,-1
81,825,742,275,75,62,1,-1,-1,-1
82,825,743,277,73,66,1,-1,-1,-1
83,825,739,282,76,67,1,-1,-1,-1
84,825,738,286,79,68,1,-1,-1,-1
85,825,734,291,79,69,1,-1,-1,-1
86,825,731,294,82,74,1,-1,-1,-1
87,825,727,299,85,75,1,-1,-1,-1
88,825,724,305,88,78,1,-1,-1,-1
89,825,719,309,90,82,1,-1,-1,-1
90,825,716,315,92,84,1,-1,-1,-1
91,825,711,320,94,87,1,-1,-1,-1
92,825,706,329,102,88,1,-1,-1,-1
93,825,701,334,104,92,1,-1,-1,-1
94,825,698,341,106,95,1,-1,-1,-1
95,825,694,349,107,100,1,-1,-1,-1
96,825,686,357,115,102,1,-1,-1,-1
97,825,682,365,121,109,1,-1,-1,-1
98,825,675,375,123,112,1,-1,-1,-1
99,825,670,383,129,118,1,-1,-1,-1
100,825,659,396,137,124,1,-1,-1,-1
101,825,651,404,144,132,1,-1,-1,-1
102,825,647,419,146,138,1,-1,-1,-1
103,825,635,435,155,143,1,-1,-1,-1
104,825,625,448,163,154,1,-1,-1,-1
105,825,612,465,173,164,1,-1,-1,-1
106,825,597,488,186,171,1,-1,-1,-1
107,825,584,508,194,182,1,-1,-1,-1
108,825,568,532,207,198,1,-1,-1,-1
109,825,549,558,222,215,1,-1,-1,-1
110,825,528,590,235,231,1,-1,-1,-1
111,825,504,627,254,254,1,-1,-1,-1
112,825,478,668,272,285,1,-1,-1,-1
113,825,444,720,297,316,1,-1,-1,-1
114,825,407,783,323,295,1,-1,-1,-1
115,825,360,852,358,221,1,-1,-1,-1
116,825,366,938,329,139,1,-1,-1,-1
7,826,733,284,74,72,1,-1,-1,-1
8,826,732,284,76,75,1,-1,-1,-1
9,826,732,284,76,75,1,-1,-1,-1
10,826,732,284,76,75,1,-1,-1,-1
11,826,732,284,75,75,1,-1,-1,-1
12,826,732,284,76,75,1,-1,-1,-1
13,826,731,284,76,75,1,-1,-1,-1
14,826,731,284,77,76,1,-1,-1,-1
15,826,730,284,77,75,1,-1,-1,-1
16,826,730,285,77,74,1,-1,-1,-1
17,826,729,285,78,74,1,-1,-1,-1
18,826,726,286,82,74,1,-1,-1,-1
19,826,725,288,82,73,1,-1,-1,-1
20,826,726,288,81,74,1,-1,-1,-1
21,826,726,289,80,72,1,-1,-1,-1
22,826,727,291,81,71,1,-1,-1,-1
23,826,725,290,79,73,1,-1,-1,-1
24,826,726,289,79,74,1,-1,-1,-1
25,826,729,290,77,72,1,-1,-1,-1
26,826,729,290,77,73,1,-1,-1,-1
27,826,729,291,77,74,1,-1,-1,-1
28,826,727,290,79,75,1,-1,-1,-1
29,826,725,290,80,75,1,-1,-1,-1
30,826,725,290,80,75,1,-1,-1,-1
31,826,723,290,82,76,1,-1,-1,-1
32,826,723,291,83,75,1,-1,-1,-1
33,826,719,291,85,76,1,-1,-1,-1
34,826,718,292,86,77,1,-1,-1,-1
35,826,716,293,87,76,1,-1,-1,-1
36,826,717,293,86,81,1,-1,-1,-1
37,826,714,295,90,77,1,-1,-1,-1
38,826,711,295,94,81,1,-1,-1,-1
39,826,710,297,95,82,1,-1,-1,-1
40,826,712,297,92,81,1,-1,-1,-1
41,826,706,300,99,80,1,-1,-1,-1
42,826,706,301,99,81,1,-1,-1,-1
43,826,701,303,104,82,1,-1,-1,-1
44,826,703,304,102,83,1,-1,-1,-1
45,826,698,304,107,84,1,-1,-1,-1
46,826,696,307,108,84,1,-1,-1,-1
47,826,697,308,106,86,1,-1,-1,-1
48,826,697,309,105,86,1,-1,-1,-1
49,826,695,311,107,90,1,-1,-1,-1
50,826,695,312,106,91,1,-1,-1,-1
51,826,697,316,105,92,1,-1,-1,-1
52,826,696,316,107,95,1,-1,-1,-1
53,826,694,318,107,100,1,-1,-1,-1
54,826,695,322,108,96,1,-1,-1,-1
55,826,695,326,108,91,1,-1,-1,-1
56,826,695,328,108,93,1,-1,-1,-1
57,826,697,328,106,96,1,-1,-1,-1
58,826,694,333,109,96,1,-1,-1,-1
59,826,689,334,114,98,1,-1,-1,-1
60,826,687,339,117,99,1,-1,-1,-1
61,826,685,342,120,100,1,-1,-1,-1
62,826,682,346,124,101,1,-1,-1,-1
63,826,683,350,120,103,1,-1,-1,-1
64,826,682,354,122,103,1,-1,-1,-1
65,826,681,356,123,110,1,-1,-1,-1
66,826,675,358,133,118,1,-1,-1,-1
67,826,674,365,133,113,1,-1,-1,-1
68,826,674,368,132,118,1,-1,-1,-1
69,826,669,376,140,117,1,-1,-1,-1
70,826,667,379,141,123,1,-1,-1,-1
71,826,666,383,143,128,1,-1,-1,-1
72,826,662,388,146,131,1,-1,-1,-1
73,826,657,395,150,134,1,-1,-1,-1
74,826,654,400,155,140,1,-1,-1,-1
75,826,650,409,157,142,1,-1,-1,-1
76,826,647,417,161,148,1,-1,-1,-1
77,826,642,424,164,152,1,-1,-1,-1
78,826,634,435,175,154,1,-1,-1,-1
79,826,628,442,180,163,1,-1,-1,-1
80,826,624,455,184,166,1,-1,-1,-1
81,826,615,465,192,172,1,-1,-1,-1
82,826,609,475,198,181,1,-1,-1,-1
83,826,603,489,202,190,1,-1,-1,-1
84,826,594,503,215,198,1,-1,-1,-1
85,826,582,516,227,210,1,-1,-1,-1
86,826,575,534,229,221,1,-1,-1,-1
87,826,557,550,246,236,1,-1,-1,-1
88,826,548,574,249,249,1,-1,-1,-1
89,826,534,599,262,261,1,-1,-1,-1
90,826,517,626,279,280,1,-1,-1,-1
91,826,498,656,294,302,1,-1,-1,-1
92,826,477,689,312,328,1,-1,-1,-1
93,826,452,723,332,349,1,-1,-1,-1
94,826,424,765,357,310,1,-1,-1,-1
95,826,393,811,382,265,1,-1,-1,-1
96,826,358,864,413,210,1,-1,-1,-1
97,826,382,927,375,148,1,-1,-1,-1
98,826,391,1001,334,75,1,-1,-1,-1
14,828,584,247,88,133,1,-1,-1,-1
15,828,583,246,88,154,1,-1,-1,-1
16,828,582,247,90,143,1,-1,-1,-1
17,828,582,247,89,143,1,-1,-1,-1
18,828,583,247,88,122,1,-1,-1,-1
19,828,583,248,88,121,1,-1,-1,-1
20,828,582,249,88,125,1,-1,-1,-1
23,828,579,249,87,122,1,-1,-1,-1
25,828,578,249,88,123,1,-1,-1,-1
28,828,571,251,95,163,1,-1,-1,-1
29,828,573,253,92,133,1,-1,-1,-1
30,828,570,252,96,153,1,-1,-1,-1
31,828,570,251,96,160,1,-1,-1,-1
32,828,567,252,98,165,1,-1,-1,-1
33,828,565,251,98,184,1,-1,-1,-1
34,828,564,253,100,175,1,-1,-1,-1
35,828,563,255,101,130,1,-1,-1,-1
36,828,563,255,98,127,1,-1,-1,-1
37,828,560,255,101,127,1,-1,-1,-1
38,828,559,258,100,129,1,-1,-1,-1
39,828,555,257,102,173,1,-1,-1,-1
40,828,553,257,104,129,1,-1,-1,-1
41,828,552,259,105,130,1,-1,-1,-1
42,828,551,260,104,132,1,-1,-1,-1
43,828,550,261,103,141,1,-1,-1,-1
44,828,546,261,104,136,1,-1,-1,-1
45,828,542,263,109,164,1,-1,-1,-1
46,828,539,262,110,188,1,-1,-1,-1
47,828,536,264,112,136,1,-1,-1,-1
48,828,533,266,115,135,1,-1,-1,-1
49,828,529,267,116,152,1,-1,-1,-1
50,828,524,268,123,204,1,-1,-1,-1
51,828,522,269,122,200,1,-1,-1,-1
52,828,517,270,128,213,1,-1,-1,-1
53,828,515,270,125,210,1,-1,-1,-1
54,828,515,272,128,153,1,-1,-1,-1
68,828,444,285,169,262,1,-1,-1,-1
88,828,232,347,307,433,1,-1,-1,-1
23,830,781,195,30,27,1,-1,-1,-1
24,830,782,195,27,25,1,-1,-1,-1
25,830,781,195,28,26,1,-1,-1,-1
26,830,781,194,29,26,1,-1,-1,-1
32,830,780,191,28,24,1,-1,-1,-1
33,830,779,193,29,25,1,-1,-1,-1
37,830,776,194,29,26,1,-1,-1,-1
40,830,775,192,26,25,1,-1,-1,-1
41,830,774,191,27,26,1,-1,-1,-1
42,830,774,191,29,26,1,-1,-1,-1
43,830,775,194,28,25,1,-1,-1,-1
44,830,775,194,27,25,1,-1,-1,-1
45,830,774,194,28,24,1,-1,-1,-1
46,830,773,195,29,25,1,-1,-1,-1
47,830,770,193,30,25,1,-1,-1,-1
48,830,769,193,29,24,1,-1,-1,-1
49,830,769,193,28,25,1,-1,-1,-1
50,830,767,196,30,24,1,-1,-1,-1
51,830,766,195,33,25,1,-1,-1,-1
52,830,765,196,31,26,1,-1,-1,-1
53,830,766,197,29,25,1,-1,-1,-1
54,830,763,196,31,26,1,-1,-1,-1
55,830,761,196,34,27,1,-1,-1,-1
56,830,761,196,34,28,1,-1,-1,-1
57,830,761,198,35,27,1,-1,-1,-1
58,830,758,197,37,28,1,-1,-1,-1
59,830,757,196,35,29,1,-1,-1,-1
60,830,756,197,34,28,1,-1,-1,-1
61,830,754,197,35,28,1,-1,-1,-1
62,830,755,198,32,28,1,-1,-1,-1
63,830,754,200,33,27,1,-1,-1,-1
64,830,754,202,33,25,1,-1,-1,-1
65,830,752,201,34,26,1,-1,-1,-1
66,830,751,202,33,26,1,-1,-1,-1
67,830,748,203,36,26,1,-1,-1,-1
68,830,746,205,38,25,1,-1,-1,-1
69,830,744,204,40,26,1,-1,-1,-1
70,830,743,205,39,27,1,-1,-1,-1
71,830,745,205,37,26,1,-1,-1,-1
72,830,743,206,39,27,1,-1,-1,-1
73,830,741,205,37,30,1,-1,-1,-1
74,830,738,206,41,29,1,-1,-1,-1
75,830,739,208,39,29,1,-1,-1,-1
76,830,735,206,41,32,1,-1,-1,-1
77,830,733,207,43,34,1,-1,-1,-1
78,830,731,208,41,34,1,-1,-1,-1
79,830,729,209,41,34,1,-1,-1,-1
80,830,726,211,44,35,1,-1,-1,-1
81,830,724,212,43,36,1,-1,-1,-1
82,830,722,214,46,36,1,-1,-1,-1
83,830,719,213,46,37,1,-1,-1,-1
84,830,717,215,47,36,1,-1,-1,-1
85,830,714,216,46,37,1,-1,-1,-1
86,830,711,216,49,38,1,-1,-1,-1
87,830,706,218,51,38,1,-1,-1,-1
88,830,705,220,50,38,1,-1,-1,-1
89,830,703,222,50,38,1,-1,-1,-1
90,830,699,222,52,41,1,-1,-1,-1
91,830,694,223,54,42,1,-1,-1,-1
92,830,692,226,54,43,1,-1,-1,-1
93,830,688,226,55,44,1,-1,-1,-1
94,830,685,229,55,43,1,-1,-1,-1
95,830,681,233,56,42,1,-1,-1,-1
96,830,677,234,57,43,1,-1,-1,-1
97,830,673,235,59,45,1,-1,-1,-1
98,830,670,239,59,45,1,-1,-1,-1
99,830,668,241,58,46,1,-1,-1,-1
100,830,664,245,59,45,1,-1,-1,-1
101,830,660,246,62,47,1,-1,-1,-1
102,830,656,249,63,48,1,-1,-1,-1
103,830,649,252,66,50,1,-1,-1,-1
104,830,645,255,68,51,1,-1,-1,-1
105,830,641,259,70,51,1,-1,-1,-1
106,830,637,259,70,56,1,-1,-1,-1
107,830,633,264,72,57,1,-1,-1,-1
108,830,631,267,72,58,1,-1,-1,-1
109,830,626,271,75,59,1,-1,-1,-1
110,830,623,274,76,61,1,-1,-1,-1
111,830,618,280,80,62,1,-1,-1,-1
112,830,615,283,83,69,1,-1,-1,-1
113,830,614,290,81,66,1,-1,-1,-1
114,830,611,293,84,73,1,-1,-1,-1
115,830,607,299,87,77,1,-1,-1,-1
116,830,604,303,91,82,1,-1,-1,-1
117,830,602,313,93,80,1,-1,-1,-1
118,830,598,322,97,83,1,-1,-1,-1
119,830,595,327,101,89,1,-1,-1,-1
120,830,592,335,105,93,1,-1,-1,-1
121,830,588,345,107,93,1,-1,-1,-1
122,830,582,352,114,102,1,-1,-1,-1
123,830,580,365,118,103,1,-1,-1,-1
124,830,574,377,124,112,1,-1,-1,-1
125,830,569,389,133,117,1,-1,-1,-1
126,830,561,403,140,126,1,-1,-1,-1
127,830,555,420,145,134,1,-1,-1,-1
128,830,541,436,163,147,1,-1,-1,-1
129,830,530,459,177,153,1,-1,-1,-1
130,830,517,478,184,170,1,-1,-1,-1
131,830,503,506,197,183,1,-1,-1,-1
132,830,484,536,210,196,1,-1,-1,-1
133,830,460,570,229,218,1,-1,-1,-1
134,830,434,610,252,250,1,-1,-1,-1
135,830,404,661,274,281,1,-1,-1,-1
136,830,365,719,304,324,1,-1,-1,-1
137,830,313,790,345,285,1,-1,-1,-1
138,830,269,873,370,203,1,-1,-1,-1
139,830,268,978,339,98,1,-1,-1,-1
37,832,1889,391,31,73,1,-1,-1,-1
38,832,1864,390,55,77,1,-1,-1,-1
39,832,1837,378,81,88,1,-1,-1,-1
40,832,1816,362,102,101,1,-1,-1,-1
41,832,1791,357,128,103,1,-1,-1,-1
42,832,1768,354,151,106,1,-1,-1,-1
43,832,1745,355,174,103,1,-1,-1,-1
44,832,1722,351,196,107,1,-1,-1,-1
45,832,1700,347,218,110,1,-1,-1,-1
46,832,1681,347,239,117,1,-1,-1,-1
47,832,1658,345,261,116,1,-1,-1,-1
48,832,1637,341,281,119,1,-1,-1,-1
49,832,1616,340,291,117,1,-1,-1,-1
50,832,1596,340,310,115,1,-1,-1,-1
51,832,1579,337,302,113,1,-1,-1,-1
52,832,1562,334,299,113,1,-1,-1,-1
53,832,1543,333,297,113,1,-1,-1,-1
54,832,1528,332,287,111,1,-1,-1,-1
55,832,1515,328,280,111,1,-1,-1,-1
56,832,1500,325,275,111,1,-1,-1,-1
57,832,1485,322,273,112,1,-1,-1,-1
58,832,1473,321,273,109,1,-1,-1,-1
59,832,1458,320,258,107,1,-1,-1,-1
60,832,1446,318,252,107,1,-1,-1,-1
61,832,1434,315,244,107,1,-1,-1,-1
62,832,1423,314,237,106,1,-1,-1,-1
63,832,1412,311,227,105,1,-1,-1,-1
64,832,1402,308,221,103,1,-1,-1,-1
65,832,1390,304,218,103,1,-1,-1,-1
66,832,1381,304,206,102,1,-1,-1,-1
67,832,1372,301,201,103,1,-1,-1,-1
68,832,1362,299,197,99,1,-1,-1,-1
69,832,1354,297,190,99,1,-1,-1,-1
70,832,1347,295,182,96,1,-1,-1,-1
71,832,1339,294,177,95,1,-1,-1,-1
72,832,1330,291,170,93,1,-1,-1,-1
73,832,1326,287,163,95,1,-1,-1,-1
74,832,1318,286,157,93,1,-1,-1,-1
75,832,1312,286,153,91,1,-1,-1,-1
76,832,1304,282,149,92,1,-1,-1,-1
77,832,1297,282,145,89,1,-1,-1,-1
78,832,1289,278,143,90,1,-1,-1,-1
79,832,1284,275,138,89,1,-1,-1,-1
80,832,1279,274,133,87,1,-1,-1,-1
81,832,1272,272,130,86,1,-1,-1,-1
82,832,1268,270,127,87,1,-1,-1,-1
83,832,1263,269,124,85,1,-1,-1,-1
84,832,1255,266,123,85,1,-1,-1,-1
85,832,1252,264,118,83,1,-1,-1,-1
86,832,1248,262,114,80,1,-1,-1,-1
87,832,1243,262,113,79,1,-1,-1,-1
88,832,1239,260,96,74,1,-1,-1,-1
89,832,1233,259,109,77,1,-1,-1,-1
90,832,1232,259,103,74,1,-1,-1,-1
91,832,1224,256,106,74,1,-1,-1,-1
92,832,1221,256,102,72,1,-1,-1,-1
93,832,1214,251,101,74,1,-1,-1,-1
94,832,1209,250,100,74,1,-1,-1,-1
95,832,1206,248,98,73,1,-1,-1,-1
96,832,1204,249,96,70,1,-1,-1,-1
97,832,1200,249,93,67,1,-1,-1,-1
98,832,1197,248,92,65,1,-1,-1,-1
99,832,1194,244,88,64,1,-1,-1,-1
100,832,1192,245,85,63,1,-1,-1,-1
101,832,1188,242,86,64,1,-1,-1,-1
102,832,1185,241,82,62,1,-1,-1,-1
103,832,1180,240,83,63,1,-1,-1,-1
104,832,1176,239,83,61,1,-1,-1,-1
105,832,1173,237,81,61,1,-1,-1,-1
106,832,1171,238,78,58,1,-1,-1,-1
107,832,1166,236,79,58,1,-1,-1,-1
108,832,1164,235,76,57,1,-1,-1,-1
109,832,1158,233,78,55,1,-1,-1,-1
110,832,1157,232,75,55,1,-1,-1,-1
111,832,1155,229,73,55,1,-1,-1,-1
112,832,1154,228,71,55,1,-1,-1,-1
113,832,1150,229,70,52,1,-1,-1,-1
114,832,1146,228,69,52,1,-1,-1,-1
115,832,1143,226,68,51,1,-1,-1,-1
116,832,1140,226,70,50,1,-1,-1,-1
117,832,1136,223,70,52,1,-1,-1,-1
118,832,1135,222,68,52,1,-1,-1,-1
119,832,1130,222,67,51,1,-1,-1,-1
120,832,1128,222,65,49,1,-1,-1,-1
121,832,1125,218,64,50,1,-1,-1,-1
122,832,1120,217,67,49,1,-1,-1,-1
123,832,1116,216,66,50,1,-1,-1,-1
124,832,1113,215,64,47,1,-1,-1,-1
125,832,1110,214,64,48,1,-1,-1,-1
126,832,1106,215,65,46,1,-1,-1,-1
127,832,1104,215,64,43,1,-1,-1,-1
128,832,1103,214,61,43,1,-1,-1,-1
129,832,1100,212,61,43,1,-1,-1,-1
130,832,1098,212,59,42,1,-1,-1,-1
131,832,1093,211,59,42,1,-1,-1,-1
132,832,1091,209,59,43,1,-1,-1,-1
133,832,1090,208,58,43,1,-1,-1,-1
134,832,1086,209,56,41,1,-1,-1,-1
135,832,1084,206,54,43,1,-1,-1,-1
136,832,1081,206,55,43,1,-1,-1,-1
137,832,1080,207,52,41,1,-1,-1,-1
138,832,1075,206,54,39,1,-1,-1,-1
139,832,1074,207,52,38,1,-1,-1,-1
140,832,1072,204,51,40,1,-1,-1,-1
141,832,1070,203,51,39,1,-1,-1,-1
142,832,1067,204,50,39,1,-1,-1,-1
143,832,1065,203,48,38,1,-1,-1,-1
144,832,1061,202,50,38,1,-1,-1,-1
145,832,1062,202,48,38,1,-1,-1,-1
146,832,1062,201,47,38,1,-1,-1,-1
147,832,1061,202,45,34,1,-1,-1,-1
148,832,1058,201,45,37,1,-1,-1,-1
149,832,1054,199,45,38,1,-1,-1,-1
150,832,1050,199,48,37,1,-1,-1,-1
151,832,1050,199,47,35,1,-1,-1,-1
152,832,1049,199,44,34,1,-1,-1,-1
153,832,1045,198,45,35,1,-1,-1,-1
154,832,1044,197,45,35,1,-1,-1,-1
155,832,1042,198,45,34,1,-1,-1,-1
156,832,1044,196,42,33,1,-1,-1,-1
157,832,1042,198,42,31,1,-1,-1,-1
158,832,1040,197,43,32,1,-1,-1,-1
159,832,1040,196,42,32,1,-1,-1,-1
160,832,1037,195,41,31,1,-1,-1,-1
161,832,1036,194,40,34,1,-1,-1,-1
162,832,1033,195,41,33,1,-1,-1,-1
163,832,1033,194,38,32,1,-1,-1,-1
164,832,1030,195,38,32,1,-1,-1,-1
165,832,1028,194,37,31,1,-1,-1,-1
166,832,1026,194,39,31,1,-1,-1,-1
167,832,1025,193,38,32,1,-1,-1,-1
168,832,1023,192,39,33,1,-1,-1,-1
169,832,1020,192,41,32,1,-1,-1,-1
170,832,1020,191,41,32,1,-1,-1,-1
171,832,1020,192,38,31,1,-1,-1,-1
172,832,1019,191,38,31,1,-1,-1,-1
173,832,1017,191,37,30,1,-1,-1,-1
174,832,1014,191,38,30,1,-1,-1,-1
175,832,1014,191,37,28,1,-1,-1,-1
176,832,1011,192,38,29,1,-1,-1,-1
177,832,1010,192,37,29,1,-1,-1,-1
178,832,1008,193,36,28,1,-1,-1,-1
179,832,1008,192,34,27,1,-1,-1,-1
180,832,1005,191,36,27,1,-1,-1,-1
181,832,1002,191,38,27,1,-1,-1,-1
182,832,1001,190,38,29,1,-1,-1,-1
183,832,1000,189,36,29,1,-1,-1,-1
184,832,1001,188,36,29,1,-1,-1,-1
185,832,1000,188,35,29,1,-1,-1,-1
186,832,1001,188,33,28,1,-1,-1,-1
187,832,999,187,32,28,1,-1,-1,-1
188,832,997,188,33,28,1,-1,-1,-1
189,832,995,188,32,28,1,-1,-1,-1
190,832,994,188,32,27,1,-1,-1,-1
191,832,992,189,33,25,1,-1,-1,-1
192,832,992,189,30,25,1,-1,-1,-1
193,832,991,188,30,25,1,-1,-1,-1
194,832,990,187,30,25,1,-1,-1,-1
195,832,990,186,29,25,1,-1,-1,-1
196,832,989,187,29,25,1,-1,-1,-1
197,832,990,186,28,25,1,-1,-1,-1
198,832,990,186,27,26,1,-1,-1,-1
199,832,990,185,26,27,1,-1,-1,-1
200,832,989,184,28,27,1,-1,-1,-1
201,832,988,185,29,26,1,-1,-1,-1
202,832,988,185,26,26,1,-1,-1,-1
203,832,984,184,29,26,1,-1,-1,-1
204,832,984,184,28,26,1,-1,-1,-1
205,832,981,184,29,26,1,-1,-1,-1
206,832,979,185,28,25,1,-1,-1,-1
207,832,979,185,28,24,1,-1,-1,-1
208,832,979,186,27,24,1,-1,-1,-1
209,832,979,185,28,25,1,-1,-1,-1
210,832,978,185,27,25,1,-1,-1,-1
213,832,975,181,27,26,1,-1,-1,-1
47,833,824,182,33,27,1,-1,-1,-1
48,833,825,181,31,28,1,-1,-1,-1
51,833,822,178,36,30,1,-1,-1,-1
52,833,824,175,36,32,1,-1,-1,-1
54,833,824,178,35,33,1,-1,-1,-1
55,833,825,180,34,32,1,-1,-1,-1
56,833,824,181,35,30,1,-1,-1,-1
57,833,824,180,35,30,1,-1,-1,-1
58,833,824,182,35,29,1,-1,-1,-1
59,833,822,181,37,31,1,-1,-1,-1
60,833,821,182,36,30,1,-1,-1,-1
61,833,821,181,35,31,1,-1,-1,-1
62,833,821,181,36,32,1,-1,-1,-1
63,833,819,181,37,32,1,-1,-1,-1
64,833,818,184,35,28,1,-1,-1,-1
65,833,819,186,34,27,1,-1,-1,-1
66,833,819,184,35,29,1,-1,-1,-1
67,833,819,185,34,27,1,-1,-1,-1
68,833,819,185,34,28,1,-1,-1,-1
69,833,819,188,35,27,1,-1,-1,-1
70,833,819,189,37,28,1,-1,-1,-1
71,833,819,188,35,27,1,-1,-1,-1
72,833,818,189,36,27,1,-1,-1,-1
73,833,818,189,36,28,1,-1,-1,-1
74,833,816,189,38,30,1,-1,-1,-1
75,833,817,189,38,30,1,-1,-1,-1
76,833,817,190,37,29,1,-1,-1,-1
77,833,815,190,38,31,1,-1,-1,-1
78,833,814,188,39,32,1,-1,-1,-1
79,833,813,188,38,32,1,-1,-1,-1
80,833,813,190,38,32,1,-1,-1,-1
81,833,812,190,42,33,1,-1,-1,-1
82,833,812,191,42,32,1,-1,-1,-1
83,833,812,192,41,31,1,-1,-1,-1
84,833,811,190,44,33,1,-1,-1,-1
85,833,811,189,44,34,1,-1,-1,-1
86,833,811,190,43,35,1,-1,-1,-1
87,833,810,189,46,36,1,-1,-1,-1
88,833,810,191,45,35,1,-1,-1,-1
89,833,809,191,45,36,1,-1,-1,-1
90,833,808,192,47,36,1,-1,-1,-1
91,833,806,194,47,35,1,-1,-1,-1
92,833,807,190,46,40,1,-1,-1,-1
93,833,807,194,43,37,1,-1,-1,-1
94,833,807,194,44,36,1,-1,-1,-1
95,833,805,195,45,37,1,-1,-1,-1
96,833,805,194,46,39,1,-1,-1,-1
97,833,805,196,45,38,1,-1,-1,-1
98,833,803,196,47,38,1,-1,-1,-1
99,833,804,194,48,42,1,-1,-1,-1
100,833,803,194,48,44,1,-1,-1,-1
101,833,803,195,50,43,1,-1,-1,-1
102,833,803,197,49,41,1,-1,-1,-1
103,833,802,196,51,45,1,-1,-1,-1
104,833,802,199,51,42,1,-1,-1,-1
105,833,802,198,51,44,1,-1,-1,-1
106,833,801,199,52,44,1,-1,-1,-1
107,833,801,200,53,43,1,-1,-1,-1
108,833,801,201,53,45,1,-1,-1,-1
109,833,801,202,53,43,1,-1,-1,-1
110,833,800,202,54,46,1,-1,-1,-1
111,833,800,203,54,46,1,-1,-1,-1
112,833,800,204,54,46,1,-1,-1,-1
113,833,803,206,51,48,1,-1,-1,-1
114,833,802,205,52,48,1,-1,-1,-1
115,833,802,205,55,50,1,-1,-1,-1
116,833,803,207,54,50,1,-1,-1,-1
117,833,804,206,55,52,1,-1,-1,-1
118,833,804,206,55,52,1,-1,-1,-1
119,833,805,210,56,51,1,-1,-1,-1
120,833,807,211,58,51,1,-1,-1,-1
121,833,807,213,61,52,1,-1,-1,-1
122,833,807,209,64,58,1,-1,-1,-1
123,833,809,213,63,57,1,-1,-1,-1
124,833,810,216,66,56,1,-1,-1,-1
125,833,813,214,66,58,1,-1,-1,-1
126,833,814,217,68,58,1,-1,-1,-1
127,833,816,217,71,59,1,-1,-1,-1
128,833,817,219,73,58,1,-1,-1,-1
129,833,822,220,73,61,1,-1,-1,-1
130,833,823,222,74,61,1,-1,-1,-1
131,833,828,223,75,62,1,-1,-1,-1
132,833,831,223,73,65,1,-1,-1,-1
133,833,834,224,75,64,1,-1,-1,-1
134,833,836,227,76,64,1,-1,-1,-1
135,833,840,228,75,64,1,-1,-1,-1
136,833,840,228,79,66,1,-1,-1,-1
137,833,843,230,79,66,1,-1,-1,-1
138,833,846,233,79,68,1,-1,-1,-1
139,833,848,235,77,69,1,-1,-1,-1
140,833,850,238,79,67,1,-1,-1,-1
141,833,850,238,83,69,1,-1,-1,-1
142,833,854,238,80,72,1,-1,-1,-1
143,833,854,240,84,74,1,-1,-1,-1
144,833,856,244,81,74,1,-1,-1,-1
145,833,853,242,86,78,1,-1,-1,-1
146,833,860,247,80,76,1,-1,-1,-1
147,833,863,249,78,77,1,-1,-1,-1
148,833,862,250,81,78,1,-1,-1,-1
149,833,862,251,83,80,1,-1,-1,-1
150,833,862,251,81,83,1,-1,-1,-1
151,833,861,255,85,82,1,-1,-1,-1
152,833,861,256,86,85,1,-1,-1,-1
153,833,862,258,86,86,1,-1,-1,-1
154,833,862,260,89,88,1,-1,-1,-1
155,833,863,261,90,89,1,-1,-1,-1
156,833,863,265,92,89,1,-1,-1,-1
157,833,863,268,94,89,1,-1,-1,-1
158,833,864,271,93,90,1,-1,-1,-1
159,833,865,273,95,91,1,-1,-1,-1
160,833,865,275,97,92,1,-1,-1,-1
161,833,864,277,99,94,1,-1,-1,-1
162,833,864,277,103,95,1,-1,-1,-1
163,833,864,279,104,98,1,-1,-1,-1
164,833,864,282,104,98,1,-1,-1,-1
165,833,864,284,104,99,1,-1,-1,-1
166,833,864,284,107,104,1,-1,-1,-1
167,833,864,287,108,105,1,-1,-1,-1
168,833,867,293,108,103,1,-1,-1,-1
169,833,866,294,112,105,1,-1,-1,-1
170,833,867,295,111,106,1,-1,-1,-1
171,833,868,296,113,108,1,-1,-1,-1
172,833,868,300,115,107,1,-1,-1,-1
173,833,869,299,114,111,1,-1,-1,-1
174,833,870,300,116,112,1,-1,-1,-1
175,833,868,303,119,112,1,-1,-1,-1
176,833,869,304,119,113,1,-1,-1,-1
177,833,870,306,120,115,1,-1,-1,-1
178,833,867,307,122,118,1,-1,-1,-1
179,833,867,308,125,118,1,-1,-1,-1
180,833,866,310,125,118,1,-1,-1,-1
181,833,867,310,126,121,1,-1,-1,-1
182,833,869,309,128,124,1,-1,-1,-1
183,833,873,312,127,123,1,-1,-1,-1
184,833,875,315,125,122,1,-1,-1,-1
185,833,873,314,130,125,1,-1,-1,-1
186,833,872,316,131,125,1,-1,-1,-1
187,833,867,317,144,125,1,-1,-1,-1
188,833,873,317,134,126,1,-1,-1,-1
189,833,870,319,138,126,1,-1,-1,-1
190,833,865,317,147,129,1,-1,-1,-1
191,833,873,318,133,129,1,-1,-1,-1
192,833,872,318,134,131,1,-1,-1,-1
193,833,869,317,137,132,1,-1,-1,-1
194,833,864,317,144,133,1,-1,-1,-1
195,833,866,317,144,134,1,-1,-1,-1
196,833,866,318,142,133,1,-1,-1,-1
197,833,870,318,137,134,1,-1,-1,-1
198,833,873,319,135,132,1,-1,-1,-1
199,833,872,319,137,132,1,-1,-1,-1
200,833,869,320,141,132,1,-1,-1,-1
201,833,865,319,152,134,1,-1,-1,-1
202,833,866,320,154,133,1,-1,-1,-1
203,833,868,320,147,133,1,-1,-1,-1
204,833,864,321,151,132,1,-1,-1,-1
205,833,865,320,147,134,1,-1,-1,-1
206,833,864,319,148,135,1,-1,-1,-1
207,833,863,318,147,136,1,-1,-1,-1
208,833,864,319,146,135,1,-1,-1,-1
209,833,866,320,145,133,1,-1,-1,-1
210,833,866,319,151,134,1,-1,-1,-1
211,833,870,321,149,133,1,-1,-1,-1
212,833,865,318,157,136,1,-1,-1,-1
213,833,864,318,158,136,1,-1,-1,-1
214,833,865,317,159,137,1,-1,-1,-1
215,833,865,318,157,137,1,-1,-1,-1
216,833,867,320,154,135,1,-1,-1,-1
217,833,867,320,152,134,1,-1,-1,-1
218,833,866,321,151,133,1,-1,-1,-1
219,833,865,318,150,137,1,-1,-1,-1
220,833,865,318,149,136,1,-1,-1,-1
221,833,867,320,149,135,1,-1,-1,-1
222,833,867,320,149,135,1,-1,-1,-1
223,833,868,323,147,131,1,-1,-1,-1
224,833,867,322,150,132,1,-1,-1,-1
225,833,866,321,155,132,1,-1,-1,-1
226,833,865,320,158,135,1,-1,-1,-1
227,833,866,321,156,133,1,-1,-1,-1
228,833,866,321,155,133,1,-1,-1,-1
229,833,865,320,155,134,1,-1,-1,-1
230,833,866,319,155,135,1,-1,-1,-1
231,833,870,319,151,135,1,-1,-1,-1
232,833,870,320,147,134,1,-1,-1,-1
233,833,867,320,153,134,1,-1,-1,-1
234,833,866,322,151,132,1,-1,-1,-1
235,833,866,322,151,132,1,-1,-1,-1
236,833,867,322,150,133,1,-1,-1,-1
237,833,866,322,152,132,1,-1,-1,-1
238,833,866,319,154,135,1,-1,-1,-1
239,833,865,320,158,134,1,-1,-1,-1
240,833,864,318,159,136,1,-1,-1,-1
241,833,864,317,157,138,1,-1,-1,-1
242,833,864,318,157,138,1,-1,-1,-1
243,833,864,318,156,138,1,-1,-1,-1
244,833,865,319,154,135,1,-1,-1,-1
245,833,865,319,155,135,1,-1,-1,-1
246,833,865,320,153,133,1,-1,-1,-1
247,833,865,320,153,133,1,-1,-1,-1
248,833,865,320,151,134,1,-1,-1,-1
249,833,865,320,150,133,1,-1,-1,-1
250,833,865,320,150,133,1,-1,-1,-1
251,833,867,319,145,135,1,-1,-1,-1
252,833,868,320,145,134,1,-1,-1,-1
253,833,866,316,153,138,1,-1,-1,-1
254,833,867,317,152,138,1,-1,-1,-1
255,833,868,317,151,137,1,-1,-1,-1
256,833,868,318,150,137,1,-1,-1,-1
257,833,867,318,150,137,1,-1,-1,-1
258,833,866,317,152,137,1,-1,-1,-1
259,833,866,317,152,137,1,-1,-1,-1
260,833,866,319,151,135,1,-1,-1,-1
261,833,867,322,148,132,1,-1,-1,-1
262,833,867,322,145,132,1,-1,-1,-1
263,833,866,322,145,132,1,-1,-1,-1
264,833,866,321,147,132,1,-1,-1,-1
265,833,866,320,147,134,1,-1,-1,-1
266,833,866,320,150,134,1,-1,-1,-1
267,833,865,318,154,137,1,-1,-1,-1
268,833,866,319,155,136,1,-1,-1,-1
269,833,865,319,156,136,1,-1,-1,-1
270,833,865,319,155,135,1,-1,-1,-1
271,833,864,317,157,137,1,-1,-1,-1
272,833,864,317,157,138,1,-1,-1,-1
273,833,864,317,156,138,1,-1,-1,-1
274,833,864,321,156,133,1,-1,-1,-1
275,833,864,320,153,133,1,-1,-1,-1
276,833,863,320,154,134,1,-1,-1,-1
277,833,863,320,150,134,1,-1,-1,-1
278,833,864,320,148,134,1,-1,-1,-1
279,833,864,321,151,133,1,-1,-1,-1
280,833,865,321,150,133,1,-1,-1,-1
281,833,864,318,154,136,1,-1,-1,-1
282,833,864,318,157,136,1,-1,-1,-1
283,833,864,319,157,136,1,-1,-1,-1
284,833,864,318,157,136,1,-1,-1,-1
285,833,865,319,155,136,1,-1,-1,-1
286,833,865,320,153,135,1,-1,-1,-1
287,833,865,320,153,135,1,-1,-1,-1
288,833,865,321,149,134,1,-1,-1,-1
289,833,865,318,150,137,1,-1,-1,-1
290,833,866,320,148,136,1,-1,-1,-1
291,833,866,320,146,135,1,-1,-1,-1
292,833,867,320,145,135,1,-1,-1,-1
293,833,866,319,146,136,1,-1,-1,-1
294,833,867,321,146,134,1,-1,-1,-1
295,833,867,319,151,135,1,-1,-1,-1
296,833,866,318,155,137,1,-1,-1,-1
297,833,867,319,153,136,1,-1,-1,-1
298,833,867,319,152,136,1,-1,-1,-1
299,833,868,319,150,136,1,-1,-1,-1
300,833,866,320,154,135,1,-1,-1,-1
301,833,867,320,155,134,1,-1,-1,-1
302,833,868,321,151,132,1,-1,-1,-1
303,833,867,324,150,129,1,-1,-1,-1
304,833,866,322,148,132,1,-1,-1,-1
305,833,866,322,148,132,1,-1,-1,-1
306,833,866,322,148,133,1,-1,-1,-1
307,833,866,322,148,133,1,-1,-1,-1
308,833,865,321,153,133,1,-1,-1,-1
309,833,867,321,154,133,1,-1,-1,-1
310,833,865,319,158,136,1,-1,-1,-1
311,833,864,318,158,137,1,-1,-1,-1
312,833,864,317,158,139,1,-1,-1,-1
313,833,864,317,157,138,1,-1,-1,-1
314,833,864,317,157,138,1,-1,-1,-1
315,833,864,317,154,137,1,-1,-1,-1
316,833,865,320,152,134,1,-1,-1,-1
317,833,865,321,152,133,1,-1,-1,-1
318,833,864,321,151,133,1,-1,-1,-1
319,833,864,320,151,134,1,-1,-1,-1
320,833,864,321,151,134,1,-1,-1,-1
321,833,865,320,147,134,1,-1,-1,-1
322,833,865,322,150,132,1,-1,-1,-1
323,833,863,320,156,134,1,-1,-1,-1
324,833,864,320,156,134,1,-1,-1,-1
325,833,865,320,153,134,1,-1,-1,-1
326,833,864,320,155,135,1,-1,-1,-1
327,833,865,321,153,134,1,-1,-1,-1
328,833,865,321,150,134,1,-1,-1,-1
329,833,865,321,150,133,1,-1,-1,-1
330,833,866,322,148,132,1,-1,-1,-1
331,833,865,321,145,134,1,-1,-1,-1
332,833,865,320,145,134,1,-1,-1,-1
333,833,865,320,144,134,1,-1,-1,-1
334,833,866,320,143,134,1,-1,-1,-1
335,833,865,321,145,133,1,-1,-1,-1
336,833,867,322,145,132,1,-1,-1,-1
337,833,866,321,147,134,1,-1,-1,-1
338,833,868,320,149,135,1,-1,-1,-1
339,833,867,318,150,136,1,-1,-1,-1
340,833,867,317,149,137,1,-1,-1,-1
341,833,866,319,153,136,1,-1,-1,-1
342,833,865,320,157,134,1,-1,-1,-1
343,833,865,321,156,133,1,-1,-1,-1
344,833,866,322,153,131,1,-1,-1,-1
345,833,864,322,151,131,1,-1,-1,-1
346,833,864,322,152,132,1,-1,-1,-1
347,833,863,323,152,131,1,-1,-1,-1
348,833,864,322,151,132,1,-1,-1,-1
349,833,864,322,153,132,1,-1,-1,-1
350,833,864,321,156,133,1,-1,-1,-1
351,833,863,317,159,137,1,-1,-1,-1
352,833,863,317,160,137,1,-1,-1,-1
353,833,863,318,157,136,1,-1,-1,-1
354,833,863,318,158,137,1,-1,-1,-1
355,833,863,318,157,137,1,-1,-1,-1
356,833,863,318,159,136,1,-1,-1,-1
357,833,863,318,159,136,1,-1,-1,-1
358,833,863,320,156,134,1,-1,-1,-1
359,833,864,322,151,133,1,-1,-1,-1
360,833,864,323,150,132,1,-1,-1,-1
361,833,867,319,144,136,1,-1,-1,-1
362,833,868,319,143,136,1,-1,-1,-1
363,833,868,320,142,135,1,-1,-1,-1
364,833,866,322,146,133,1,-1,-1,-1
365,833,867,319,148,135,1,-1,-1,-1
366,833,867,317,154,138,1,-1,-1,-1
367,833,868,316,152,139,1,-1,-1,-1
368,833,868,316,151,140,1,-1,-1,-1
369,833,865,316,155,139,1,-1,-1,-1
370,833,866,317,152,138,1,-1,-1,-1
371,833,868,320,150,134,1,-1,-1,-1
372,833,867,321,152,133,1,-1,-1,-1
373,833,866,323,148,131,1,-1,-1,-1
374,833,865,323,148,132,1,-1,-1,-1
375,833,865,323,148,131,1,-1,-1,-1
376,833,865,323,148,131,1,-1,-1,-1
377,833,864,323,150,132,1,-1,-1,-1
378,833,864,320,154,134,1,-1,-1,-1
379,833,864,319,158,135,1,-1,-1,-1
380,833,865,320,155,135,1,-1,-1,-1
381,833,863,318,161,136,1,-1,-1,-1
382,833,863,319,161,136,1,-1,-1,-1
383,833,864,318,160,136,1,-1,-1,-1
384,833,865,319,155,135,1,-1,-1,-1
385,833,865,320,151,134,1,-1,-1,-1
386,833,863,319,152,136,1,-1,-1,-1
387,833,864,319,150,135,1,-1,-1,-1
388,833,864,319,150,135,1,-1,-1,-1
389,833,864,319,150,135,1,-1,-1,-1
390,833,864,319,149,135,1,-1,-1,-1
391,833,866,321,148,134,1,-1,-1,-1
392,833,866,320,150,134,1,-1,-1,-1
393,833,865,318,153,136,1,-1,-1,-1
394,833,865,319,152,136,1,-1,-1,-1
395,833,865,321,154,133,1,-1,-1,-1
396,833,865,321,155,133,1,-1,-1,-1
397,833,866,319,153,135,1,-1,-1,-1
398,833,865,319,154,135,1,-1,-1,-1
399,833,865,320,151,134,1,-1,-1,-1
400,833,864,323,148,132,1,-1,-1,-1
401,833,863,319,149,136,1,-1,-1,-1
402,833,863,318,149,137,1,-1,-1,-1
403,833,865,319,147,136,1,-1,-1,-1
404,833,864,320,151,135,1,-1,-1,-1
405,833,864,319,153,136,1,-1,-1,-1
406,833,864,319,153,135,1,-1,-1,-1
407,833,863,319,156,136,1,-1,-1,-1
408,833,864,319,154,136,1,-1,-1,-1
409,833,864,320,153,135,1,-1,-1,-1
410,833,864,320,155,135,1,-1,-1,-1
411,833,865,318,155,136,1,-1,-1,-1
412,833,864,317,156,137,1,-1,-1,-1
413,833,865,321,153,133,1,-1,-1,-1
414,833,863,321,153,133,1,-1,-1,-1
415,833,864,322,151,132,1,-1,-1,-1
416,833,863,321,153,133,1,-1,-1,-1
417,833,863,321,153,135,1,-1,-1,-1
418,833,863,323,155,131,1,-1,-1,-1
419,833,865,321,153,133,1,-1,-1,-1
420,833,865,320,154,135,1,-1,-1,-1
421,833,865,318,155,136,1,-1,-1,-1
422,833,867,319,154,135,1,-1,-1,-1
423,833,869,320,152,134,1,-1,-1,-1
424,833,868,319,152,136,1,-1,-1,-1
425,833,867,321,154,134,1,-1,-1,-1
426,833,866,320,155,133,1,-1,-1,-1
427,833,868,322,149,132,1,-1,-1,-1
428,833,868,322,144,132,1,-1,-1,-1
429,833,867,322,144,132,1,-1,-1,-1
430,833,866,322,146,132,1,-1,-1,-1
431,833,865,319,147,136,1,-1,-1,-1
432,833,865,319,149,136,1,-1,-1,-1
433,833,864,320,155,134,1,-1,-1,-1
434,833,865,319,156,135,1,-1,-1,-1
435,833,865,320,157,135,1,-1,-1,-1
436,833,864,319,155,136,1,-1,-1,-1
437,833,864,320,157,134,1,-1,-1,-1
438,833,864,320,157,134,1,-1,-1,-1
439,833,865,320,155,134,1,-1,-1,-1
440,833,864,320,157,134,1,-1,-1,-1
441,833,864,321,154,133,1,-1,-1,-1
442,833,864,323,151,132,1,-1,-1,-1
443,833,863,322,153,133,1,-1,-1,-1
444,833,863,322,154,133,1,-1,-1,-1
445,833,863,321,153,134,1,-1,-1,-1
446,833,863,322,153,133,1,-1,-1,-1
447,833,863,321,156,133,1,-1,-1,-1
448,833,864,320,156,134,1,-1,-1,-1
449,833,865,321,158,133,1,-1,-1,-1
450,833,865,321,158,133,1,-1,-1,-1
451,833,865,320,154,135,1,-1,-1,-1
452,833,865,320,156,135,1,-1,-1,-1
453,833,865,320,154,134,1,-1,-1,-1
454,833,864,321,153,134,1,-1,-1,-1
455,833,864,321,154,133,1,-1,-1,-1
456,833,863,321,154,134,1,-1,-1,-1
457,833,864,322,148,134,1,-1,-1,-1
458,833,864,322,148,133,1,-1,-1,-1
459,833,864,322,147,133,1,-1,-1,-1
460,833,864,321,152,134,1,-1,-1,-1
461,833,866,321,156,133,1,-1,-1,-1
462,833,866,319,156,136,1,-1,-1,-1
463,833,865,319,158,136,1,-1,-1,-1
464,833,865,320,159,134,1,-1,-1,-1
465,833,865,320,158,135,1,-1,-1,-1
466,833,865,320,158,134,1,-1,-1,-1
467,833,865,320,159,134,1,-1,-1,-1
468,833,865,321,157,133,1,-1,-1,-1
469,833,866,319,152,134,1,-1,-1,-1
470,833,865,319,153,134,1,-1,-1,-1
471,833,866,322,149,132,1,-1,-1,-1
472,833,867,322,147,132,1,-1,-1,-1
473,833,867,322,146,132,1,-1,-1,-1
474,833,867,322,146,131,1,-1,-1,-1
475,833,865,321,147,133,1,-1,-1,-1
476,833,866,322,153,132,1,-1,-1,-1
477,833,865,321,158,133,1,-1,-1,-1
478,833,865,319,157,135,1,-1,-1,-1
479,833,865,318,157,136,1,-1,-1,-1
480,833,866,318,156,137,1,-1,-1,-1
481,833,866,318,156,137,1,-1,-1,-1
482,833,865,317,156,137,1,-1,-1,-1
483,833,864,318,157,136,1,-1,-1,-1
484,833,865,320,151,134,1,-1,-1,-1
485,833,865,320,151,134,1,-1,-1,-1
486,833,864,320,150,134,1,-1,-1,-1
487,833,864,320,149,134,1,-1,-1,-1
488,833,864,320,149,134,1,-1,-1,-1
489,833,864,320,150,134,1,-1,-1,-1
490,833,865,320,152,134,1,-1,-1,-1
491,833,866,320,153,135,1,-1,-1,-1
492,833,866,319,159,135,1,-1,-1,-1
493,833,866,318,155,137,1,-1,-1,-1
494,833,866,318,154,137,1,-1,-1,-1
495,833,866,318,154,136,1,-1,-1,-1
496,833,865,318,156,136,1,-1,-1,-1
497,833,864,317,155,137,1,-1,-1,-1
498,833,866,319,150,134,1,-1,-1,-1
499,833,865,320,148,133,1,-1,-1,-1
500,833,865,320,148,134,1,-1,-1,-1
501,833,866,321,144,134,1,-1,-1,-1
502,833,866,321,145,134,1,-1,-1,-1
503,833,865,320,147,135,1,-1,-1,-1
504,833,864,320,150,134,1,-1,-1,-1
505,833,867,320,151,135,1,-1,-1,-1
506,833,867,319,156,135,1,-1,-1,-1
507,833,867,319,155,135,1,-1,-1,-1
508,833,867,319,156,136,1,-1,-1,-1
509,833,867,319,155,136,1,-1,-1,-1
510,833,866,318,155,136,1,-1,-1,-1
511,833,865,318,158,136,1,-1,-1,-1
512,833,866,319,155,135,1,-1,-1,-1
513,833,865,320,153,134,1,-1,-1,-1
514,833,865,320,149,135,1,-1,-1,-1
515,833,865,319,149,135,1,-1,-1,-1
516,833,864,319,150,135,1,-1,-1,-1
517,833,864,321,151,133,1,-1,-1,-1
518,833,865,320,153,134,1,-1,-1,-1
519,833,864,318,155,136,1,-1,-1,-1
520,833,864,319,157,135,1,-1,-1,-1
521,833,863,318,158,136,1,-1,-1,-1
522,833,863,319,158,136,1,-1,-1,-1
523,833,864,319,157,136,1,-1,-1,-1
524,833,864,318,157,137,1,-1,-1,-1
525,833,864,320,158,135,1,-1,-1,-1
526,833,864,319,155,136,1,-1,-1,-1
527,833,864,318,150,137,1,-1,-1,-1
528,833,864,322,150,134,1,-1,-1,-1
529,833,864,321,146,134,1,-1,-1,-1
530,833,864,321,148,134,1,-1,-1,-1
531,833,865,318,148,137,1,-1,-1,-1
532,833,864,319,155,135,1,-1,-1,-1
533,833,864,317,157,137,1,-1,-1,-1
534,833,864,318,156,136,1,-1,-1,-1
535,833,864,318,157,137,1,-1,-1,-1
536,833,864,318,157,136,1,-1,-1,-1
537,833,864,318,158,136,1,-1,-1,-1
538,833,864,318,157,136,1,-1,-1,-1
539,833,863,317,158,137,1,-1,-1,-1
540,833,863,319,155,137,1,-1,-1,-1
541,833,864,321,148,133,1,-1,-1,-1
542,833,864,321,147,133,1,-1,-1,-1
543,833,864,322,146,133,1,-1,-1,-1
544,833,864,322,147,133,1,-1,-1,-1
545,833,864,322,147,133,1,-1,-1,-1
546,833,864,320,155,135,1,-1,-1,-1
547,833,864,320,157,135,1,-1,-1,-1
548,833,864,320,158,135,1,-1,-1,-1
549,833,864,320,159,134,1,-1,-1,-1
550,833,863,320,158,136,1,-1,-1,-1
551,833,863,321,160,134,1,-1,-1,-1
552,833,864,319,158,136,1,-1,-1,-1
553,833,864,317,156,137,1,-1,-1,-1
554,833,864,319,156,136,1,-1,-1,-1
555,833,863,319,155,136,1,-1,-1,-1
556,833,863,319,155,136,1,-1,-1,-1
557,833,863,319,154,136,1,-1,-1,-1
558,833,863,319,156,136,1,-1,-1,-1
559,833,864,318,155,136,1,-1,-1,-1
560,833,864,317,157,137,1,-1,-1,-1
561,833,865,319,158,136,1,-1,-1,-1
562,833,865,318,159,136,1,-1,-1,-1
563,833,864,318,159,137,1,-1,-1,-1
564,833,864,318,159,137,1,-1,-1,-1
565,833,864,319,157,137,1,-1,-1,-1
566,833,865,319,157,137,1,-1,-1,-1
567,833,865,320,158,135,1,-1,-1,-1
568,833,865,322,156,133,1,-1,-1,-1
569,833,864,322,157,133,1,-1,-1,-1
570,833,864,322,156,133,1,-1,-1,-1
571,833,864,322,152,133,1,-1,-1,-1
572,833,864,322,153,134,1,-1,-1,-1
573,833,864,322,154,134,1,-1,-1,-1
574,833,863,321,157,134,1,-1,-1,-1
575,833,865,320,157,134,1,-1,-1,-1
576,833,864,321,157,134,1,-1,-1,-1
577,833,864,319,155,137,1,-1,-1,-1
578,833,864,320,155,136,1,-1,-1,-1
579,833,864,320,155,136,1,-1,-1,-1
580,833,865,320,155,135,1,-1,-1,-1
581,833,863,319,157,136,1,-1,-1,-1
582,833,864,320,154,134,1,-1,-1,-1
583,833,863,320,154,134,1,-1,-1,-1
584,833,863,320,153,134,1,-1,-1,-1
585,833,863,320,152,134,1,-1,-1,-1
586,833,863,320,152,134,1,-1,-1,-1
587,833,863,319,153,135,1,-1,-1,-1
588,833,864,319,156,135,1,-1,-1,-1
589,833,864,318,156,136,1,-1,-1,-1
590,833,865,319,157,135,1,-1,-1,-1
591,833,864,318,157,137,1,-1,-1,-1
592,833,864,317,158,137,1,-1,-1,-1
593,833,864,317,158,138,1,-1,-1,-1
594,833,864,318,158,137,1,-1,-1,-1
595,833,864,320,158,134,1,-1,-1,-1
596,833,863,320,153,135,1,-1,-1,-1
597,833,863,320,156,134,1,-1,-1,-1
598,833,863,319,154,135,1,-1,-1,-1
599,833,863,320,150,134,1,-1,-1,-1
600,833,864,319,150,134,1,-1,-1,-1
601,833,865,321,152,131,1,-1,-1,-1
602,833,864,320,154,134,1,-1,-1,-1
603,833,865,319,158,135,1,-1,-1,-1
604,833,864,320,158,134,1,-1,-1,-1
605,833,864,319,159,136,1,-1,-1,-1
606,833,864,319,158,137,1,-1,-1,-1
607,833,866,318,156,136,1,-1,-1,-1
608,833,864,320,158,134,1,-1,-1,-1
609,833,864,322,155,133,1,-1,-1,-1
610,833,864,322,150,133,1,-1,-1,-1
611,833,864,321,151,135,1,-1,-1,-1
612,833,864,321,152,135,1,-1,-1,-1
613,833,863,321,149,134,1,-1,-1,-1
614,833,864,323,153,132,1,-1,-1,-1
615,833,864,322,153,134,1,-1,-1,-1
616,833,864,321,154,133,1,-1,-1,-1
617,833,865,320,155,134,1,-1,-1,-1
618,833,864,319,156,136,1,-1,-1,-1
619,833,865,319,156,136,1,-1,-1,-1
620,833,864,319,157,136,1,-1,-1,-1
621,833,864,319,158,135,1,-1,-1,-1
622,833,865,321,157,132,1,-1,-1,-1
623,833,864,321,154,134,1,-1,-1,-1
624,833,863,322,152,134,1,-1,-1,-1
625,833,863,321,152,134,1,-1,-1,-1
626,833,863,321,153,133,1,-1,-1,-1
627,833,863,321,151,133,1,-1,-1,-1
628,833,864,322,150,132,1,-1,-1,-1
629,833,864,322,153,133,1,-1,-1,-1
630,833,864,320,156,134,1,-1,-1,-1
631,833,864,319,158,136,1,-1,-1,-1
632,833,863,319,157,136,1,-1,-1,-1
633,833,863,319,158,136,1,-1,-1,-1
634,833,863,319,158,136,1,-1,-1,-1
635,833,863,318,159,137,1,-1,-1,-1
636,833,863,319,155,136,1,-1,-1,-1
637,833,863,320,150,136,1,-1,-1,-1
638,833,862,322,152,134,1,-1,-1,-1
639,833,863,321,151,133,1,-1,-1,-1
640,833,863,320,152,135,1,-1,-1,-1
641,833,863,319,150,136,1,-1,-1,-1
642,833,864,320,150,135,1,-1,-1,-1
643,833,863,320,153,135,1,-1,-1,-1
644,833,864,319,152,134,1,-1,-1,-1
645,833,865,318,154,136,1,-1,-1,-1
646,833,865,320,152,134,1,-1,-1,-1
647,833,864,320,154,136,1,-1,-1,-1
648,833,865,320,154,134,1,-1,-1,-1
649,833,864,320,154,135,1,-1,-1,-1
650,833,863,320,155,135,1,-1,-1,-1
651,833,864,319,147,137,1,-1,-1,-1
652,833,863,320,149,136,1,-1,-1,-1
653,833,864,320,148,135,1,-1,-1,-1
654,833,864,320,147,135,1,-1,-1,-1
655,833,864,320,148,136,1,-1,-1,-1
656,833,864,320,149,136,1,-1,-1,-1
657,833,865,319,150,137,1,-1,-1,-1
658,833,864,318,154,138,1,-1,-1,-1
659,833,866,318,153,136,1,-1,-1,-1
660,833,865,318,154,136,1,-1,-1,-1
661,833,864,317,158,137,1,-1,-1,-1
662,833,864,318,158,137,1,-1,-1,-1
663,833,866,318,156,136,1,-1,-1,-1
664,833,865,319,155,135,1,-1,-1,-1
665,833,864,320,153,134,1,-1,-1,-1
666,833,863,322,154,134,1,-1,-1,-1
667,833,863,321,155,134,1,-1,-1,-1
668,833,863,321,153,134,1,-1,-1,-1
669,833,863,320,152,134,1,-1,-1,-1
670,833,864,319,151,136,1,-1,-1,-1
671,833,865,319,150,136,1,-1,-1,-1
672,833,864,318,154,136,1,-1,-1,-1
673,833,865,317,155,137,1,-1,-1,-1
674,833,865,317,156,137,1,-1,-1,-1
675,833,865,318,155,137,1,-1,-1,-1
676,833,864,318,156,137,1,-1,-1,-1
677,833,865,317,154,137,1,-1,-1,-1
678,833,864,319,154,136,1,-1,-1,-1
679,833,864,319,152,135,1,-1,-1,-1
680,833,864,320,151,135,1,-1,-1,-1
681,833,864,321,151,134,1,-1,-1,-1
682,833,863,321,151,134,1,-1,-1,-1
683,833,864,321,150,133,1,-1,-1,-1
684,833,864,320,151,135,1,-1,-1,-1
685,833,866,322,155,132,1,-1,-1,-1
686,833,866,321,153,133,1,-1,-1,-1
687,833,866,320,155,135,1,-1,-1,-1
688,833,866,320,154,135,1,-1,-1,-1
689,833,865,319,154,135,1,-1,-1,-1
690,833,865,319,155,135,1,-1,-1,-1
691,833,865,319,156,136,1,-1,-1,-1
692,833,865,321,155,133,1,-1,-1,-1
693,833,864,322,156,133,1,-1,-1,-1
694,833,864,321,154,133,1,-1,-1,-1
695,833,864,322,152,133,1,-1,-1,-1
696,833,864,322,154,133,1,-1,-1,-1
697,833,866,320,148,135,1,-1,-1,-1
698,833,865,321,148,134,1,-1,-1,-1
699,833,864,320,152,135,1,-1,-1,-1
700,833,864,319,152,136,1,-1,-1,-1
701,833,864,317,156,138,1,-1,-1,-1
702,833,864,317,155,137,1,-1,-1,-1
703,833,864,317,156,137,1,-1,-1,-1
704,833,864,318,156,138,1,-1,-1,-1
705,833,865,318,154,137,1,-1,-1,-1
706,833,864,318,156,136,1,-1,-1,-1
707,833,863,320,151,136,1,-1,-1,-1
708,833,865,321,149,133,1,-1,-1,-1
709,833,865,321,148,133,1,-1,-1,-1
710,833,865,321,149,134,1,-1,-1,-1
711,833,865,321,148,134,1,-1,-1,-1
712,833,865,321,149,134,1,-1,-1,-1
713,833,864,320,151,136,1,-1,-1,-1
714,833,864,318,154,136,1,-1,-1,-1
715,833,865,318,155,137,1,-1,-1,-1
716,833,865,318,157,137,1,-1,-1,-1
717,833,865,319,156,136,1,-1,-1,-1
718,833,865,320,157,135,1,-1,-1,-1
719,833,865,320,158,136,1,-1,-1,-1
720,833,865,320,156,135,1,-1,-1,-1
721,833,863,319,156,135,1,-1,-1,-1
722,833,865,319,148,135,1,-1,-1,-1
723,833,866,320,147,133,1,-1,-1,-1
724,833,865,320,150,134,1,-1,-1,-1
725,833,865,320,154,133,1,-1,-1,-1
726,833,864,321,152,133,1,-1,-1,-1
727,833,864,321,151,133,1,-1,-1,-1
728,833,865,321,153,133,1,-1,-1,-1
729,833,864,318,157,136,1,-1,-1,-1
730,833,865,318,157,136,1,-1,-1,-1
731,833,864,319,158,136,1,-1,-1,-1
732,833,864,320,159,135,1,-1,-1,-1
733,833,864,319,155,135,1,-1,-1,-1
734,833,864,320,156,134,1,-1,-1,-1
735,833,864,319,154,135,1,-1,-1,-1
736,833,863,321,153,134,1,-1,-1,-1
737,833,864,321,148,133,1,-1,-1,-1
738,833,863,320,151,133,1,-1,-1,-1
739,833,864,321,148,133,1,-1,-1,-1
740,833,864,321,147,132,1,-1,-1,-1
741,833,864,319,147,136,1,-1,-1,-1
742,833,864,318,151,136,1,-1,-1,-1
743,833,864,318,151,136,1,-1,-1,-1
744,833,865,319,153,136,1,-1,-1,-1
745,833,865,318,152,136,1,-1,-1,-1
746,833,865,319,153,136,1,-1,-1,-1
747,833,865,319,153,136,1,-1,-1,-1
748,833,865,318,154,136,1,-1,-1,-1
749,833,865,318,154,136,1,-1,-1,-1
750,833,864,321,150,132,1,-1,-1,-1
751,833,864,320,145,135,1,-1,-1,-1
752,833,863,322,148,133,1,-1,-1,-1
753,833,863,322,147,133,1,-1,-1,-1
754,833,863,322,147,133,1,-1,-1,-1
755,833,864,321,146,133,1,-1,-1,-1
756,833,865,321,147,133,1,-1,-1,-1
757,833,865,319,148,134,1,-1,-1,-1
758,833,866,318,153,136,1,-1,-1,-1
759,833,865,319,156,136,1,-1,-1,-1
760,833,865,319,156,136,1,-1,-1,-1
761,833,865,318,155,136,1,-1,-1,-1
762,833,864,319,154,135,1,-1,-1,-1
763,833,865,320,148,133,1,-1,-1,-1
764,833,864,319,150,134,1,-1,-1,-1
765,833,864,322,151,132,1,-1,-1,-1
766,833,863,322,151,132,1,-1,-1,-1
767,833,863,322,152,133,1,-1,-1,-1
768,833,864,322,151,133,1,-1,-1,-1
769,833,865,323,149,132,1,-1,-1,-1
770,833,865,322,152,132,1,-1,-1,-1
771,833,864,319,151,135,1,-1,-1,-1
772,833,864,319,155,136,1,-1,-1,-1
773,833,864,320,155,135,1,-1,-1,-1
774,833,864,319,155,136,1,-1,-1,-1
775,833,865,319,155,136,1,-1,-1,-1
776,833,863,317,154,138,1,-1,-1,-1
777,833,864,319,148,135,1,-1,-1,-1
778,833,864,320,146,135,1,-1,-1,-1
779,833,863,320,148,136,1,-1,-1,-1
780,833,863,320,151,135,1,-1,-1,-1
781,833,864,319,147,135,1,-1,-1,-1
782,833,864,320,147,135,1,-1,-1,-1
783,833,864,321,149,134,1,-1,-1,-1
784,833,865,322,148,133,1,-1,-1,-1
785,833,864,320,157,135,1,-1,-1,-1
786,833,865,319,155,136,1,-1,-1,-1
787,833,865,319,153,137,1,-1,-1,-1
788,833,864,320,154,136,1,-1,-1,-1
789,833,865,320,154,135,1,-1,-1,-1
790,833,865,319,153,136,1,-1,-1,-1
791,833,865,322,152,132,1,-1,-1,-1
792,833,864,321,153,134,1,-1,-1,-1
793,833,864,320,148,135,1,-1,-1,-1
794,833,863,321,149,134,1,-1,-1,-1
795,833,863,321,150,133,1,-1,-1,-1
796,833,863,321,150,133,1,-1,-1,-1
797,833,865,320,152,134,1,-1,-1,-1
798,833,865,321,150,133,1,-1,-1,-1
799,833,865,320,156,135,1,-1,-1,-1
800,833,866,319,157,135,1,-1,-1,-1
801,833,865,318,156,136,1,-1,-1,-1
802,833,865,319,157,135,1,-1,-1,-1
803,833,865,319,156,135,1,-1,-1,-1
804,833,865,320,156,134,1,-1,-1,-1
805,833,864,320,148,134,1,-1,-1,-1
806,833,864,320,147,135,1,-1,-1,-1
807,833,862,319,150,135,1,-1,-1,-1
808,833,862,319,149,136,1,-1,-1,-1
809,833,862,319,150,136,1,-1,-1,-1
810,833,863,320,150,135,1,-1,-1,-1
811,833,864,322,147,133,1,-1,-1,-1
812,833,864,322,151,131,1,-1,-1,-1
813,833,864,320,155,134,1,-1,-1,-1
814,833,865,320,156,134,1,-1,-1,-1
815,833,865,320,156,134,1,-1,-1,-1
816,833,865,320,155,134,1,-1,-1,-1
817,833,865,321,154,134,1,-1,-1,-1
818,833,865,323,153,131,1,-1,-1,-1
819,833,865,323,151,131,1,-1,-1,-1
820,833,866,324,150,131,1,-1,-1,-1
821,833,863,321,151,134,1,-1,-1,-1
822,833,862,320,152,135,1,-1,-1,-1
823,833,862,320,152,135,1,-1,-1,-1
824,833,863,320,151,135,1,-1,-1,-1
825,833,864,322,152,133,1,-1,-1,-1
826,833,863,322,157,134,1,-1,-1,-1
827,833,864,321,157,134,1,-1,-1,-1
828,833,864,320,159,134,1,-1,-1,-1
829,833,865,320,158,135,1,-1,-1,-1
830,833,865,320,157,135,1,-1,-1,-1
831,833,866,320,151,135,1,-1,-1,-1
832,833,865,320,150,136,1,-1,-1,-1
833,833,866,322,148,134,1,-1,-1,-1
834,833,869,320,142,137,1,-1,-1,-1
835,833,869,322,141,136,1,-1,-1,-1
836,833,868,322,143,137,1,-1,-1,-1
837,833,867,321,149,138,1,-1,-1,-1
838,833,870,322,151,139,1,-1,-1,-1
839,833,866,321,161,141,1,-1,-1,-1
840,833,866,321,162,144,1,-1,-1,-1
841,833,870,323,157,143,1,-1,-1,-1
842,833,870,327,167,141,1,-1,-1,-1
843,833,875,326,162,145,1,-1,-1,-1
844,833,877,329,169,144,1,-1,-1,-1
845,833,880,331,171,143,1,-1,-1,-1
846,833,883,337,176,140,1,-1,-1,-1
847,833,884,337,183,143,1,-1,-1,-1
848,833,886,337,192,146,1,-1,-1,-1
849,833,884,339,206,148,1,-1,-1,-1
850,833,889,341,215,149,1,-1,-1,-1
851,833,895,345,227,149,1,-1,-1,-1
852,833,899,349,244,148,1,-1,-1,-1
853,833,906,350,256,152,1,-1,-1,-1
854,833,916,352,269,154,1,-1,-1,-1
855,833,923,353,288,157,1,-1,-1,-1
856,833,938,356,303,159,1,-1,-1,-1
857,833,949,359,318,159,1,-1,-1,-1
858,833,965,363,334,161,1,-1,-1,-1
859,833,982,365,350,163,1,-1,-1,-1
860,833,1003,369,364,164,1,-1,-1,-1
861,833,1022,371,380,166,1,-1,-1,-1
862,833,1046,372,392,169,1,-1,-1,-1
863,833,1072,374,407,170,1,-1,-1,-1
864,833,1103,380,417,170,1,-1,-1,-1
865,833,1135,383,429,171,1,-1,-1,-1
866,833,1168,385,439,173,1,-1,-1,-1
867,833,1204,390,450,174,1,-1,-1,-1
868,833,1244,395,459,173,1,-1,-1,-1
869,833,1291,397,460,176,1,-1,-1,-1
870,833,1332,405,469,171,1,-1,-1,-1
871,833,1379,406,467,174,1,-1,-1,-1
872,833,1424,411,471,173,1,-1,-1,-1
873,833,1472,415,446,173,1,-1,-1,-1
874,833,1521,413,398,176,1,-1,-1,-1
875,833,1573,416,346,157,1,-1,-1,-1
876,833,1628,416,291,159,1,-1,-1,-1
877,833,1676,421,243,157,1,-1,-1,-1
878,833,1734,444,185,139,1,-1,-1,-1
879,833,1790,450,129,133,1,-1,-1,-1
117,834,1882,585,37,109,1,-1,-1,-1
118,834,1858,562,61,118,1,-1,-1,-1
119,834,1831,532,88,150,1,-1,-1,-1
120,834,1807,518,112,160,1,-1,-1,-1
121,834,1782,503,137,187,1,-1,-1,-1
122,834,1757,491,163,181,1,-1,-1,-1
123,834,1733,480,186,174,1,-1,-1,-1
124,834,1713,467,207,171,1,-1,-1,-1
125,834,1691,458,228,164,1,-1,-1,-1
126,834,1670,448,249,163,1,-1,-1,-1
127,834,1650,437,248,160,1,-1,-1,-1
128,834,1630,429,241,154,1,-1,-1,-1
129,834,1611,420,229,148,1,-1,-1,-1
130,834,1594,413,222,145,1,-1,-1,-1
131,834,1576,404,212,140,1,-1,-1,-1
132,834,1560,397,206,134,1,-1,-1,-1
133,834,1544,391,198,130,1,-1,-1,-1
134,834,1528,382,191,126,1,-1,-1,-1
135,834,1515,373,183,124,1,-1,-1,-1
136,834,1499,367,179,120,1,-1,-1,-1
137,834,1484,361,174,116,1,-1,-1,-1
138,834,1470,353,169,117,1,-1,-1,-1
139,834,1458,351,161,108,1,-1,-1,-1
140,834,1444,344,159,107,1,-1,-1,-1
141,834,1432,338,154,105,1,-1,-1,-1
142,834,1419,334,151,96,1,-1,-1,-1
143,834,1408,328,145,97,1,-1,-1,-1
144,834,1396,324,141,90,1,-1,-1,-1
145,834,1386,318,138,89,1,-1,-1,-1
146,834,1376,315,135,88,1,-1,-1,-1
147,834,1370,310,125,88,1,-1,-1,-1
148,834,1354,305,128,85,1,-1,-1,-1
149,834,1345,301,124,86,1,-1,-1,-1
150,834,1337,297,118,81,1,-1,-1,-1
151,834,1328,295,114,80,1,-1,-1,-1
152,834,1316,290,113,79,1,-1,-1,-1
153,834,1305,286,113,79,1,-1,-1,-1
154,834,1296,284,111,75,1,-1,-1,-1
155,834,1289,281,108,74,1,-1,-1,-1
156,834,1282,278,105,73,1,-1,-1,-1
157,834,1278,275,99,73,1,-1,-1,-1
158,834,1267,272,100,68,1,-1,-1,-1
159,834,1258,269,99,67,1,-1,-1,-1
160,834,1248,266,99,66,1,-1,-1,-1
161,834,1242,263,96,66,1,-1,-1,-1
162,834,1241,262,88,62,1,-1,-1,-1
163,834,1230,258,88,62,1,-1,-1,-1
164,834,1229,257,80,61,1,-1,-1,-1
165,834,1230,255,69,58,1,-1,-1,-1
166,834,1219,251,72,60,1,-1,-1,-1
167,834,1203,248,81,59,1,-1,-1,-1
168,834,1196,247,80,56,1,-1,-1,-1
169,834,1191,245,77,55,1,-1,-1,-1
170,834,1186,242,76,57,1,-1,-1,-1
171,834,1180,240,76,54,1,-1,-1,-1
172,834,1178,240,68,51,1,-1,-1,-1
173,834,1173,237,69,48,1,-1,-1,-1
174,834,1170,235,64,48,1,-1,-1,-1
175,834,1163,233,64,51,1,-1,-1,-1
176,834,1160,231,59,49,1,-1,-1,-1
177,834,1152,230,61,47,1,-1,-1,-1
178,834,1149,228,59,47,1,-1,-1,-1
179,834,1141,226,60,48,1,-1,-1,-1
180,834,1139,224,56,47,1,-1,-1,-1
181,834,1137,223,53,46,1,-1,-1,-1
182,834,1131,223,56,43,1,-1,-1,-1
183,834,1123,219,58,44,1,-1,-1,-1
184,834,1122,220,56,41,1,-1,-1,-1
185,834,1120,217,52,42,1,-1,-1,-1
186,834,1112,216,55,41,1,-1,-1,-1
187,834,1110,215,52,39,1,-1,-1,-1
188,834,1107,214,50,38,1,-1,-1,-1
189,834,1102,214,49,38,1,-1,-1,-1
190,834,1097,212,50,39,1,-1,-1,-1
191,834,1096,211,48,38,1,-1,-1,-1
192,834,1090,210,50,39,1,-1,-1,-1
193,834,1087,210,49,37,1,-1,-1,-1
194,834,1085,209,46,36,1,-1,-1,-1
195,834,1082,207,46,37,1,-1,-1,-1
196,834,1079,207,46,37,1,-1,-1,-1
197,834,1077,205,44,38,1,-1,-1,-1
198,834,1075,205,44,35,1,-1,-1,-1
199,834,1072,204,44,36,1,-1,-1,-1
200,834,1067,204,45,34,1,-1,-1,-1
201,834,1066,202,44,35,1,-1,-1,-1
202,834,1064,201,42,36,1,-1,-1,-1
203,834,1061,201,41,36,1,-1,-1,-1
204,834,1058,200,41,35,1,-1,-1,-1
205,834,1054,200,40,34,1,-1,-1,-1
206,834,1052,200,40,34,1,-1,-1,-1
207,834,1049,200,42,33,1,-1,-1,-1
208,834,1045,199,42,34,1,-1,-1,-1
209,834,1044,200,39,31,1,-1,-1,-1
210,834,1042,198,41,32,1,-1,-1,-1
211,834,1038,197,39,32,1,-1,-1,-1
212,834,1037,196,40,31,1,-1,-1,-1
213,834,1035,196,39,29,1,-1,-1,-1
214,834,1036,197,36,28,1,-1,-1,-1
215,834,1034,197,35,27,1,-1,-1,-1
216,834,1030,197,37,28,1,-1,-1,-1
217,834,1027,195,38,29,1,-1,-1,-1
218,834,1025,194,36,29,1,-1,-1,-1
219,834,1024,193,34,29,1,-1,-1,-1
220,834,1018,192,39,32,1,-1,-1,-1
221,834,1018,193,37,31,1,-1,-1,-1
222,834,1017,192,36,32,1,-1,-1,-1
223,834,1017,193,34,28,1,-1,-1,-1
224,834,1016,193,35,29,1,-1,-1,-1
225,834,1016,193,35,31,1,-1,-1,-1
226,834,1015,191,35,30,1,-1,-1,-1
227,834,1012,191,35,28,1,-1,-1,-1
228,834,1013,191,34,29,1,-1,-1,-1
229,834,1011,191,33,27,1,-1,-1,-1
230,834,1009,191,33,28,1,-1,-1,-1
231,834,1006,191,35,27,1,-1,-1,-1
232,834,1005,192,31,27,1,-1,-1,-1
233,834,1004,191,30,26,1,-1,-1,-1
234,834,1003,191,31,27,1,-1,-1,-1
235,834,1002,191,29,28,1,-1,-1,-1
236,834,1001,190,29,28,1,-1,-1,-1
121,835,1882,782,37,173,1,-1,-1,-1
122,835,1854,755,64,172,1,-1,-1,-1
123,835,1827,734,92,177,1,-1,-1,-1
124,835,1796,707,123,206,1,-1,-1,-1
125,835,1767,678,152,278,1,-1,-1,-1
126,835,1739,657,179,290,1,-1,-1,-1
127,835,1714,638,205,271,1,-1,-1,-1
128,835,1687,619,232,261,1,-1,-1,-1
129,835,1659,604,258,249,1,-1,-1,-1
130,835,1637,585,283,243,1,-1,-1,-1
131,835,1611,567,309,232,1,-1,-1,-1
132,835,1592,552,319,226,1,-1,-1,-1
133,835,1567,537,311,215,1,-1,-1,-1
134,835,1548,520,299,211,1,-1,-1,-1
135,835,1526,508,288,201,1,-1,-1,-1
136,835,1508,493,274,194,1,-1,-1,-1
137,835,1487,483,264,185,1,-1,-1,-1
138,835,1468,471,257,179,1,-1,-1,-1
139,835,1451,459,246,174,1,-1,-1,-1
140,835,1436,449,233,164,1,-1,-1,-1
141,835,1419,440,226,159,1,-1,-1,-1
142,835,1402,425,219,157,1,-1,-1,-1
143,835,1390,416,208,151,1,-1,-1,-1
144,835,1376,409,200,146,1,-1,-1,-1
145,835,1362,401,193,140,1,-1,-1,-1
146,835,1349,393,185,134,1,-1,-1,-1
147,835,1337,382,178,133,1,-1,-1,-1
148,835,1323,376,174,129,1,-1,-1,-1
149,835,1312,369,164,124,1,-1,-1,-1
150,835,1297,359,163,123,1,-1,-1,-1
151,835,1306,355,137,116,1,-1,-1,-1
152,835,1277,349,150,112,1,-1,-1,-1
153,835,1269,347,143,105,1,-1,-1,-1
154,835,1254,337,145,107,1,-1,-1,-1
155,835,1246,332,138,103,1,-1,-1,-1
156,835,1236,327,136,99,1,-1,-1,-1
157,835,1228,321,128,97,1,-1,-1,-1
158,835,1218,314,125,96,1,-1,-1,-1
159,835,1208,311,123,92,1,-1,-1,-1
160,835,1200,304,120,92,1,-1,-1,-1
161,835,1193,301,114,86,1,-1,-1,-1
162,835,1201,298,94,84,1,-1,-1,-1
163,835,1177,292,107,82,1,-1,-1,-1
164,835,1167,287,106,82,1,-1,-1,-1
165,835,1160,285,104,79,1,-1,-1,-1
166,835,1153,280,101,77,1,-1,-1,-1
167,835,1147,277,98,76,1,-1,-1,-1
168,835,1139,273,95,75,1,-1,-1,-1
169,835,1136,271,89,70,1,-1,-1,-1
170,835,1128,266,90,72,1,-1,-1,-1
171,835,1127,262,84,69,1,-1,-1,-1
172,835,1120,261,82,66,1,-1,-1,-1
173,835,1110,258,87,66,1,-1,-1,-1
174,835,1106,257,81,62,1,-1,-1,-1
175,835,1103,252,77,64,1,-1,-1,-1
176,835,1098,252,75,61,1,-1,-1,-1
177,835,1090,246,77,63,1,-1,-1,-1
178,835,1083,242,76,63,1,-1,-1,-1
179,835,1081,240,72,61,1,-1,-1,-1
180,835,1076,238,71,59,1,-1,-1,-1
181,835,1071,237,70,57,1,-1,-1,-1
182,835,1068,236,67,55,1,-1,-1,-1
183,835,1063,232,68,54,1,-1,-1,-1
184,835,1062,230,65,53,1,-1,-1,-1
185,835,1061,230,60,51,1,-1,-1,-1
186,835,1056,228,62,51,1,-1,-1,-1
187,835,1051,226,61,49,1,-1,-1,-1
188,835,1049,224,58,49,1,-1,-1,-1
189,835,1047,223,55,49,1,-1,-1,-1
190,835,1040,222,56,47,1,-1,-1,-1
191,835,1038,220,56,46,1,-1,-1,-1
192,835,1034,219,54,46,1,-1,-1,-1
193,835,1031,218,54,45,1,-1,-1,-1
194,835,1028,216,54,44,1,-1,-1,-1
195,835,1027,215,52,42,1,-1,-1,-1
196,835,1025,213,50,42,1,-1,-1,-1
197,835,1023,212,50,42,1,-1,-1,-1
198,835,1022,211,49,40,1,-1,-1,-1
199,835,1019,211,48,39,1,-1,-1,-1
200,835,1019,209,44,40,1,-1,-1,-1
201,835,1015,209,46,38,1,-1,-1,-1
202,835,1012,207,47,38,1,-1,-1,-1
203,835,1012,204,44,40,1,-1,-1,-1
204,835,1008,205,46,35,1,-1,-1,-1
205,835,1008,205,40,35,1,-1,-1,-1
206,835,1005,204,40,34,1,-1,-1,-1
207,835,1003,203,41,33,1,-1,-1,-1
208,835,1003,203,40,32,1,-1,-1,-1
209,835,1001,203,39,32,1,-1,-1,-1
210,835,1000,201,39,34,1,-1,-1,-1
211,835,997,201,38,33,1,-1,-1,-1
212,835,997,201,37,31,1,-1,-1,-1
213,835,997,200,35,31,1,-1,-1,-1
214,835,995,199,36,30,1,-1,-1,-1
215,835,990,198,38,31,1,-1,-1,-1
216,835,989,198,36,30,1,-1,-1,-1
217,835,984,197,38,30,1,-1,-1,-1
218,835,980,196,39,31,1,-1,-1,-1
219,835,981,196,37,31,1,-1,-1,-1
220,835,976,190,38,35,1,-1,-1,-1
221,835,974,190,35,31,1,-1,-1,-1
222,835,975,190,36,32,1,-1,-1,-1
223,835,973,188,36,34,1,-1,-1,-1
224,835,972,187,37,34,1,-1,-1,-1
225,835,971,188,35,32,1,-1,-1,-1
226,835,970,187,35,33,1,-1,-1,-1
227,835,970,187,32,32,1,-1,-1,-1
228,835,969,186,34,32,1,-1,-1,-1
229,835,968,184,33,33,1,-1,-1,-1
230,835,967,186,34,32,1,-1,-1,-1
231,835,964,185,33,32,1,-1,-1,-1
232,835,963,183,32,32,1,-1,-1,-1
233,835,962,183,33,32,1,-1,-1,-1
234,835,961,183,30,31,1,-1,-1,-1
235,835,960,183,29,31,1,-1,-1,-1
236,835,960,183,25,30,1,-1,-1,-1
237,835,960,183,27,30,1,-1,-1,-1
238,835,959,183,27,29,1,-1,-1,-1
239,835,958,182,27,30,1,-1,-1,-1
240,835,957,181,27,28,1,-1,-1,-1
241,835,956,182,27,28,1,-1,-1,-1
242,835,955,182,26,27,1,-1,-1,-1
243,835,955,182,24,27,1,-1,-1,-1
244,835,953,182,25,28,1,-1,-1,-1
245,835,952,182,28,27,1,-1,-1,-1
246,835,952,182,27,27,1,-1,-1,-1
247,835,951,183,26,26,1,-1,-1,-1
248,835,950,184,30,27,1,-1,-1,-1
273,835,928,181,26,27,1,-1,-1,-1
274,835,928,181,26,27,1,-1,-1,-1
275,835,927,182,26,26,1,-1,-1,-1
276,835,927,181,25,26,1,-1,-1,-1
277,835,927,181,26,26,1,-1,-1,-1
278,835,928,181,26,26,1,-1,-1,-1
279,835,928,181,28,27,1,-1,-1,-1
280,835,928,182,28,26,1,-1,-1,-1
281,835,927,182,29,26,1,-1,-1,-1
282,835,927,182,29,26,1,-1,-1,-1
283,835,927,181,26,26,1,-1,-1,-1
284,835,927,181,25,26,1,-1,-1,-1
285,835,927,181,25,26,1,-1,-1,-1
286,835,927,181,27,25,1,-1,-1,-1
287,835,926,180,28,26,1,-1,-1,-1
288,835,926,180,28,27,1,-1,-1,-1
289,835,925,180,27,25,1,-1,-1,-1
290,835,925,180,26,25,1,-1,-1,-1
291,835,925,180,26,25,1,-1,-1,-1
292,835,924,180,26,26,1,-1,-1,-1
293,835,924,180,24,26,1,-1,-1,-1
294,835,924,180,24,26,1,-1,-1,-1
295,835,925,180,26,26,1,-1,-1,-1
296,835,925,179,28,27,1,-1,-1,-1
297,835,925,179,27,27,1,-1,-1,-1
298,835,924,180,27,25,1,-1,-1,-1
299,835,922,180,27,25,1,-1,-1,-1
300,835,922,180,28,25,1,-1,-1,-1
301,835,922,180,28,25,1,-1,-1,-1
302,835,921,181,27,25,1,-1,-1,-1
303,835,922,180,28,26,1,-1,-1,-1
304,835,920,180,31,27,1,-1,-1,-1
305,835,919,180,31,26,1,-1,-1,-1
306,835,919,180,33,27,1,-1,-1,-1
307,835,920,180,32,27,1,-1,-1,-1
308,835,921,180,31,27,1,-1,-1,-1
309,835,920,180,33,27,1,-1,-1,-1
310,835,919,179,35,27,1,-1,-1,-1
311,835,919,178,35,27,1,-1,-1,-1
312,835,920,178,36,27,1,-1,-1,-1
140,837,820,178,36,29,1,-1,-1,-1
141,837,819,179,37,30,1,-1,-1,-1
142,837,820,179,37,30,1,-1,-1,-1
143,837,821,180,35,30,1,-1,-1,-1
144,837,822,182,34,29,1,-1,-1,-1
145,837,824,183,33,28,1,-1,-1,-1
146,837,824,183,32,28,1,-1,-1,-1
147,837,823,184,33,27,1,-1,-1,-1
149,837,821,188,32,26,1,-1,-1,-1
150,837,820,189,33,24,1,-1,-1,-1
151,837,818,190,34,25,1,-1,-1,-1
152,837,816,189,37,26,1,-1,-1,-1
153,837,815,190,37,27,1,-1,-1,-1
154,837,814,186,41,29,1,-1,-1,-1
155,837,814,187,41,29,1,-1,-1,-1
156,837,814,188,42,30,1,-1,-1,-1
157,837,815,188,41,29,1,-1,-1,-1
158,837,816,190,39,29,1,-1,-1,-1
159,837,816,190,39,29,1,-1,-1,-1
160,837,815,188,40,29,1,-1,-1,-1
161,837,816,191,36,26,1,-1,-1,-1
162,837,813,193,37,25,1,-1,-1,-1
163,837,810,191,41,28,1,-1,-1,-1
164,837,811,194,40,26,1,-1,-1,-1
165,837,810,191,44,30,1,-1,-1,-1
166,837,807,193,42,29,1,-1,-1,-1
167,837,807,193,42,29,1,-1,-1,-1
168,837,806,193,44,29,1,-1,-1,-1
169,837,806,193,47,30,1,-1,-1,-1
170,837,806,191,49,32,1,-1,-1,-1
171,837,808,194,41,30,1,-1,-1,-1
172,837,808,192,44,33,1,-1,-1,-1
173,837,807,193,41,32,1,-1,-1,-1
174,837,805,194,43,33,1,-1,-1,-1
175,837,803,192,47,34,1,-1,-1,-1
176,837,803,193,45,34,1,-1,-1,-1
177,837,800,195,49,35,1,-1,-1,-1
178,837,798,195,44,35,1,-1,-1,-1
179,837,798,196,40,35,1,-1,-1,-1
180,837,799,197,42,36,1,-1,-1,-1
181,837,799,198,40,34,1,-1,-1,-1
182,837,799,201,40,33,1,-1,-1,-1
183,837,798,201,46,34,1,-1,-1,-1
184,837,798,200,45,36,1,-1,-1,-1
185,837,799,205,42,32,1,-1,-1,-1
186,837,798,206,40,32,1,-1,-1,-1
187,837,794,200,45,39,1,-1,-1,-1
188,837,795,207,42,33,1,-1,-1,-1
189,837,793,208,42,33,1,-1,-1,-1
190,837,790,209,44,35,1,-1,-1,-1
191,837,789,211,44,34,1,-1,-1,-1
192,837,787,211,46,37,1,-1,-1,-1
193,837,786,210,44,38,1,-1,-1,-1
194,837,784,211,46,38,1,-1,-1,-1
195,837,783,211,47,42,1,-1,-1,-1
196,837,783,215,48,38,1,-1,-1,-1
197,837,782,217,49,39,1,-1,-1,-1
198,837,781,218,49,39,1,-1,-1,-1
199,837,779,220,52,39,1,-1,-1,-1
200,837,779,220,51,43,1,-1,-1,-1
201,837,778,220,50,45,1,-1,-1,-1
202,837,774,222,55,45,1,-1,-1,-1
203,837,772,221,55,49,1,-1,-1,-1
204,837,770,230,54,42,1,-1,-1,-1
205,837,767,231,55,44,1,-1,-1,-1
206,837,763,232,58,46,1,-1,-1,-1
207,837,762,233,57,49,1,-1,-1,-1
208,837,760,238,58,46,1,-1,-1,-1
209,837,758,239,60,48,1,-1,-1,-1
210,837,756,243,62,49,1,-1,-1,-1
211,837,754,245,63,50,1,-1,-1,-1
212,837,750,247,66,54,1,-1,-1,-1
213,837,747,251,69,52,1,-1,-1,-1
214,837,742,252,72,56,1,-1,-1,-1
215,837,741,256,72,57,1,-1,-1,-1
216,837,739,262,71,57,1,-1,-1,-1
217,837,735,265,74,60,1,-1,-1,-1
218,837,731,267,75,62,1,-1,-1,-1
219,837,726,273,79,62,1,-1,-1,-1
220,837,722,277,82,65,1,-1,-1,-1
221,837,719,281,84,69,1,-1,-1,-1
222,837,714,287,85,68,1,-1,-1,-1
223,837,709,292,89,72,1,-1,-1,-1
224,837,702,297,95,78,1,-1,-1,-1
225,837,699,304,95,78,1,-1,-1,-1
226,837,694,311,98,83,1,-1,-1,-1
227,837,688,317,100,86,1,-1,-1,-1
228,837,679,323,108,90,1,-1,-1,-1
229,837,672,333,112,92,1,-1,-1,-1
230,837,664,341,116,99,1,-1,-1,-1
231,837,653,351,121,102,1,-1,-1,-1
232,837,643,361,126,107,1,-1,-1,-1
233,837,627,374,137,113,1,-1,-1,-1
234,837,620,386,140,120,1,-1,-1,-1
235,837,606,400,146,129,1,-1,-1,-1
236,837,590,417,156,136,1,-1,-1,-1
237,837,575,433,165,148,1,-1,-1,-1
238,837,556,453,174,158,1,-1,-1,-1
239,837,533,473,189,168,1,-1,-1,-1
240,837,509,501,205,183,1,-1,-1,-1
241,837,484,531,217,198,1,-1,-1,-1
242,837,450,563,239,218,1,-1,-1,-1
243,837,413,604,260,248,1,-1,-1,-1
244,837,366,652,289,275,1,-1,-1,-1
245,837,311,707,322,314,1,-1,-1,-1
246,837,242,774,368,302,1,-1,-1,-1
247,837,180,852,397,223,1,-1,-1,-1
248,837,152,949,384,126,1,-1,-1,-1
156,839,1823,504,96,158,1,-1,-1,-1
157,839,1791,484,128,167,1,-1,-1,-1
158,839,1759,466,160,226,1,-1,-1,-1
159,839,1730,454,189,215,1,-1,-1,-1
160,839,1698,444,219,204,1,-1,-1,-1
161,839,1671,430,249,198,1,-1,-1,-1
162,839,1646,423,272,187,1,-1,-1,-1
163,839,1620,409,275,184,1,-1,-1,-1
164,839,1596,398,262,177,1,-1,-1,-1
165,839,1574,390,250,171,1,-1,-1,-1
166,839,1551,381,243,165,1,-1,-1,-1
167,839,1533,372,228,161,1,-1,-1,-1
168,839,1514,368,219,150,1,-1,-1,-1
169,839,1494,358,212,148,1,-1,-1,-1
170,839,1474,351,207,143,1,-1,-1,-1
171,839,1461,343,195,139,1,-1,-1,-1
172,839,1444,338,187,133,1,-1,-1,-1
173,839,1428,329,181,133,1,-1,-1,-1
174,839,1413,324,174,128,1,-1,-1,-1
175,839,1398,317,169,123,1,-1,-1,-1
176,839,1384,312,161,121,1,-1,-1,-1
177,839,1370,307,156,115,1,-1,-1,-1
178,839,1357,304,151,110,1,-1,-1,-1
179,839,1346,297,145,109,1,-1,-1,-1
180,839,1333,293,141,105,1,-1,-1,-1
181,839,1323,288,136,102,1,-1,-1,-1
182,839,1312,284,133,100,1,-1,-1,-1
183,839,1301,280,130,97,1,-1,-1,-1
184,839,1294,277,125,94,1,-1,-1,-1
185,839,1285,273,121,92,1,-1,-1,-1
186,839,1276,269,117,91,1,-1,-1,-1
187,839,1268,266,112,88,1,-1,-1,-1
188,839,1259,263,110,85,1,-1,-1,-1
189,839,1250,260,106,83,1,-1,-1,-1
190,839,1242,258,104,79,1,-1,-1,-1
191,839,1233,255,101,77,1,-1,-1,-1
192,839,1226,251,99,78,1,-1,-1,-1
193,839,1216,248,98,77,1,-1,-1,-1
194,839,1208,245,97,74,1,-1,-1,-1
195,839,1202,245,94,71,1,-1,-1,-1
196,839,1199,242,90,68,1,-1,-1,-1
197,839,1192,238,87,68,1,-1,-1,-1
198,839,1185,237,88,66,1,-1,-1,-1
199,839,1182,233,83,66,1,-1,-1,-1
200,839,1174,231,85,67,1,-1,-1,-1
201,839,1168,231,80,62,1,-1,-1,-1
202,839,1162,229,79,61,1,-1,-1,-1
203,839,1156,227,78,60,1,-1,-1,-1
204,839,1151,226,76,58,1,-1,-1,-1
205,839,1145,223,73,57,1,-1,-1,-1
206,839,1140,222,72,56,1,-1,-1,-1
207,839,1136,219,70,56,1,-1,-1,-1
208,839,1132,218,69,56,1,-1,-1,-1
209,839,1127,216,68,57,1,-1,-1,-1
210,839,1124,215,65,51,1,-1,-1,-1
211,839,1122,213,62,51,1,-1,-1,-1
212,839,1119,213,60,50,1,-1,-1,-1
213,839,1115,211,58,49,1,-1,-1,-1
214,839,1111,209,57,47,1,-1,-1,-1
215,839,1105,208,58,46,1,-1,-1,-1
216,839,1100,207,60,44,1,-1,-1,-1
217,839,1098,207,55,39,1,-1,-1,-1
218,839,1098,207,49,38,1,-1,-1,-1
219,839,1090,206,51,37,1,-1,-1,-1
220,839,1088,204,51,36,1,-1,-1,-1
221,839,1084,202,50,34,1,-1,-1,-1
222,839,1081,202,50,34,1,-1,-1,-1
223,839,1080,202,48,34,1,-1,-1,-1
224,839,1076,199,47,32,1,-1,-1,-1
225,839,1072,199,46,41,1,-1,-1,-1
226,839,1069,199,47,39,1,-1,-1,-1
227,839,1068,199,46,38,1,-1,-1,-1
228,839,1064,199,47,37,1,-1,-1,-1
229,839,1061,198,47,36,1,-1,-1,-1
230,839,1061,197,45,37,1,-1,-1,-1
231,839,1058,195,41,34,1,-1,-1,-1
232,839,1053,195,43,35,1,-1,-1,-1
233,839,1054,193,39,38,1,-1,-1,-1
234,839,1050,193,40,34,1,-1,-1,-1
235,839,1046,193,41,33,1,-1,-1,-1
236,839,1044,192,41,34,1,-1,-1,-1
237,839,1043,192,38,31,1,-1,-1,-1
238,839,1042,193,36,33,1,-1,-1,-1
239,839,1040,191,36,35,1,-1,-1,-1
240,839,1038,191,34,35,1,-1,-1,-1
241,839,1038,190,33,34,1,-1,-1,-1
242,839,1037,191,33,36,1,-1,-1,-1
243,839,1033,191,33,35,1,-1,-1,-1
244,839,1031,190,33,35,1,-1,-1,-1
245,839,1028,190,33,35,1,-1,-1,-1
246,839,1026,190,32,32,1,-1,-1,-1
247,839,1022,190,34,33,1,-1,-1,-1
248,839,1019,190,33,30,1,-1,-1,-1
249,839,1017,189,35,30,1,-1,-1,-1
250,839,1017,189,32,33,1,-1,-1,-1
251,839,1018,188,29,32,1,-1,-1,-1
252,839,1016,188,30,35,1,-1,-1,-1
253,839,1003,189,41,33,1,-1,-1,-1
254,839,1011,188,32,33,1,-1,-1,-1
255,839,1007,189,33,33,1,-1,-1,-1
256,839,1005,187,34,32,1,-1,-1,-1
257,839,1003,186,34,32,1,-1,-1,-1
258,839,1004,187,31,31,1,-1,-1,-1
259,839,999,187,33,31,1,-1,-1,-1
260,839,998,187,31,30,1,-1,-1,-1
261,839,999,186,28,30,1,-1,-1,-1
262,839,998,186,27,30,1,-1,-1,-1
263,839,997,186,27,29,1,-1,-1,-1
264,839,995,186,25,26,1,-1,-1,-1
265,839,993,187,27,27,1,-1,-1,-1
266,839,993,186,25,26,1,-1,-1,-1
268,839,990,185,27,26,1,-1,-1,-1
270,839,982,185,33,27,1,-1,-1,-1
271,839,976,184,37,26,1,-1,-1,-1
272,839,980,183,31,27,1,-1,-1,-1
273,839,978,183,32,25,1,-1,-1,-1
274,839,972,183,36,25,1,-1,-1,-1
275,839,954,183,51,26,1,-1,-1,-1
276,839,958,182,47,25,1,-1,-1,-1
277,839,955,181,48,26,1,-1,-1,-1
278,839,950,180,49,28,1,-1,-1,-1
279,839,968,181,32,26,1,-1,-1,-1
281,839,936,181,63,26,1,-1,-1,-1
282,839,963,180,32,26,1,-1,-1,-1
283,839,964,181,31,25,1,-1,-1,-1
284,839,960,181,34,25,1,-1,-1,-1
285,839,959,181,33,25,1,-1,-1,-1
292,839,937,180,47,25,1,-1,-1,-1
293,839,946,180,39,25,1,-1,-1,-1
313,839,918,177,38,28,1,-1,-1,-1
314,839,918,178,38,28,1,-1,-1,-1
315,839,918,178,38,27,1,-1,-1,-1
316,839,917,178,33,28,1,-1,-1,-1
317,839,916,177,35,28,1,-1,-1,-1
318,839,916,177,35,28,1,-1,-1,-1
319,839,917,178,33,27,1,-1,-1,-1
320,839,916,177,33,28,1,-1,-1,-1
321,839,917,177,33,28,1,-1,-1,-1
322,839,916,177,34,28,1,-1,-1,-1
323,839,917,177,33,28,1,-1,-1,-1
324,839,917,176,35,29,1,-1,-1,-1
325,839,916,176,36,29,1,-1,-1,-1
326,839,916,176,36,29,1,-1,-1,-1
327,839,917,176,36,29,1,-1,-1,-1
328,839,917,176,35,29,1,-1,-1,-1
329,839,917,177,34,29,1,-1,-1,-1
330,839,920,177,33,29,1,-1,-1,-1
331,839,917,177,34,29,1,-1,-1,-1
332,839,917,177,32,29,1,-1,-1,-1
333,839,916,176,34,30,1,-1,-1,-1
334,839,917,177,33,29,1,-1,-1,-1
335,839,915,177,35,29,1,-1,-1,-1
336,839,913,176,36,30,1,-1,-1,-1
337,839,914,175,36,31,1,-1,-1,-1
338,839,915,174,35,31,1,-1,-1,-1
339,839,915,174,34,30,1,-1,-1,-1
340,839,915,174,35,30,1,-1,-1,-1
341,839,913,174,37,31,1,-1,-1,-1
342,839,915,174,34,31,1,-1,-1,-1
343,839,915,175,33,31,1,-1,-1,-1
344,839,916,175,31,31,1,-1,-1,-1
345,839,920,176,25,30,1,-1,-1,-1
346,839,918,175,28,31,1,-1,-1,-1
347,839,920,175,25,31,1,-1,-1,-1
348,839,920,175,26,31,1,-1,-1,-1
349,839,920,176,26,31,1,-1,-1,-1
350,839,921,177,25,29,1,-1,-1,-1
351,839,924,177,26,29,1,-1,-1,-1
352,839,923,178,27,28,1,-1,-1,-1
353,839,923,178,28,27,1,-1,-1,-1
354,839,920,177,31,27,1,-1,-1,-1
355,839,918,176,31,29,1,-1,-1,-1
356,839,920,177,29,28,1,-1,-1,-1
357,839,922,177,27,28,1,-1,-1,-1
358,839,922,178,26,28,1,-1,-1,-1
359,839,921,178,26,28,1,-1,-1,-1
360,839,922,178,25,28,1,-1,-1,-1
361,839,927,182,24,27,1,-1,-1,-1
362,839,927,181,24,28,1,-1,-1,-1
363,839,927,180,23,29,1,-1,-1,-1
364,839,927,181,24,27,1,-1,-1,-1
365,839,927,181,23,26,1,-1,-1,-1
366,839,926,182,25,25,1,-1,-1,-1
367,839,927,180,24,26,1,-1,-1,-1
368,839,928,180,24,27,1,-1,-1,-1
369,839,927,180,25,27,1,-1,-1,-1
370,839,925,178,26,28,1,-1,-1,-1
371,839,925,178,26,29,1,-1,-1,-1
372,839,927,180,24,29,1,-1,-1,-1
373,839,926,178,23,30,1,-1,-1,-1
374,839,926,177,23,31,1,-1,-1,-1
375,839,925,177,23,31,1,-1,-1,-1
376,839,926,177,23,32,1,-1,-1,-1
377,839,927,177,22,31,1,-1,-1,-1
378,839,926,178,22,29,1,-1,-1,-1
379,839,927,178,22,28,1,-1,-1,-1
397,839,928,177,35,32,1,-1,-1,-1
398,839,929,178,37,31,1,-1,-1,-1
399,839,930,178,38,31,1,-1,-1,-1
400,839,934,179,35,31,1,-1,-1,-1
401,839,934,179,35,31,1,-1,-1,-1
402,839,933,180,34,30,1,-1,-1,-1
403,839,930,180,37,28,1,-1,-1,-1
404,839,929,180,35,29,1,-1,-1,-1
405,839,928,179,35,29,1,-1,-1,-1
406,839,927,179,36,29,1,-1,-1,-1
407,839,926,177,31,30,1,-1,-1,-1
408,839,926,177,30,29,1,-1,-1,-1
409,839,926,176,31,30,1,-1,-1,-1
410,839,926,176,33,30,1,-1,-1,-1
411,839,925,178,34,28,1,-1,-1,-1
412,839,926,176,36,30,1,-1,-1,-1
413,839,924,176,34,31,1,-1,-1,-1
414,839,924,176,33,31,1,-1,-1,-1
415,839,923,176,35,30,1,-1,-1,-1
416,839,922,176,34,30,1,-1,-1,-1
417,839,923,176,33,30,1,-1,-1,-1
418,839,923,177,32,30,1,-1,-1,-1
419,839,925,178,30,30,1,-1,-1,-1
420,839,925,178,29,29,1,-1,-1,-1
421,839,924,178,31,28,1,-1,-1,-1
422,839,924,177,30,29,1,-1,-1,-1
423,839,924,178,30,28,1,-1,-1,-1
424,839,925,178,27,28,1,-1,-1,-1
425,839,926,178,26,29,1,-1,-1,-1
426,839,927,178,24,29,1,-1,-1,-1
427,839,927,177,23,30,1,-1,-1,-1
428,839,926,177,23,31,1,-1,-1,-1
429,839,926,177,23,30,1,-1,-1,-1
430,839,925,177,24,30,1,-1,-1,-1
431,839,924,177,24,30,1,-1,-1,-1
432,839,924,176,24,30,1,-1,-1,-1
433,839,926,177,23,29,1,-1,-1,-1
434,839,926,176,23,29,1,-1,-1,-1
456,839,920,173,25,33,1,-1,-1,-1
461,839,920,176,27,31,1,-1,-1,-1
462,839,922,176,26,30,1,-1,-1,-1
463,839,921,176,27,30,1,-1,-1,-1
464,839,922,177,27,29,1,-1,-1,-1
465,839,921,178,29,28,1,-1,-1,-1
466,839,921,177,29,28,1,-1,-1,-1
467,839,920,176,29,29,1,-1,-1,-1
468,839,919,176,27,30,1,-1,-1,-1
469,839,918,177,29,29,1,-1,-1,-1
470,839,920,178,28,28,1,-1,-1,-1
471,839,920,179,29,27,1,-1,-1,-1
472,839,921,178,29,28,1,-1,-1,-1
473,839,921,178,31,28,1,-1,-1,-1
474,839,921,178,30,28,1,-1,-1,-1
475,839,922,179,28,27,1,-1,-1,-1
476,839,923,178,27,28,1,-1,-1,-1
477,839,923,178,27,28,1,-1,-1,-1
478,839,922,178,29,27,1,-1,-1,-1
479,839,922,179,29,27,1,-1,-1,-1
480,839,923,179,28,27,1,-1,-1,-1
481,839,920,178,32,28,1,-1,-1,-1
482,839,922,178,30,28,1,-1,-1,-1
483,839,925,179,24,28,1,-1,-1,-1
484,839,924,177,26,31,1,-1,-1,-1
485,839,922,177,26,32,1,-1,-1,-1
486,839,921,176,26,32,1,-1,-1,-1
487,839,922,175,25,32,1,-1,-1,-1
488,839,923,176,23,32,1,-1,-1,-1
489,839,923,176,24,32,1,-1,-1,-1
490,839,924,177,24,31,1,-1,-1,-1
492,839,922,177,27,30,1,-1,-1,-1
493,839,921,177,28,29,1,-1,-1,-1
494,839,923,178,25,29,1,-1,-1,-1
495,839,926,177,23,29,1,-1,-1,-1
507,839,925,176,23,30,1,-1,-1,-1
508,839,925,176,23,30,1,-1,-1,-1
509,839,926,176,22,31,1,-1,-1,-1
519,839,926,179,21,28,1,-1,-1,-1
520,839,926,179,22,28,1,-1,-1,-1
521,839,927,178,21,29,1,-1,-1,-1
522,839,927,179,21,28,1,-1,-1,-1
523,839,927,179,21,28,1,-1,-1,-1
524,839,927,180,22,26,1,-1,-1,-1
525,839,927,180,22,26,1,-1,-1,-1
526,839,927,182,20,25,1,-1,-1,-1
535,839,928,181,21,26,1,-1,-1,-1
536,839,928,181,21,27,1,-1,-1,-1
553,839,927,182,22,25,1,-1,-1,-1
554,839,927,183,21,25,1,-1,-1,-1
557,839,926,182,22,27,1,-1,-1,-1
558,839,926,182,24,27,1,-1,-1,-1
559,839,926,182,26,26,1,-1,-1,-1
560,839,926,182,27,26,1,-1,-1,-1
561,839,926,182,28,26,1,-1,-1,-1
562,839,927,182,27,25,1,-1,-1,-1
563,839,926,181,28,26,1,-1,-1,-1
564,839,927,181,26,26,1,-1,-1,-1
565,839,927,181,23,26,1,-1,-1,-1
566,839,926,181,25,26,1,-1,-1,-1
567,839,926,181,24,26,1,-1,-1,-1
568,839,927,181,22,26,1,-1,-1,-1
569,839,926,181,23,27,1,-1,-1,-1
570,839,926,180,22,29,1,-1,-1,-1
573,839,927,181,22,27,1,-1,-1,-1
574,839,927,180,23,26,1,-1,-1,-1
575,839,927,179,24,26,1,-1,-1,-1
576,839,927,179,23,27,1,-1,-1,-1
577,839,927,179,24,26,1,-1,-1,-1
578,839,927,180,23,26,1,-1,-1,-1
582,839,927,180,21,28,1,-1,-1,-1
587,839,927,179,23,29,1,-1,-1,-1
592,839,926,178,22,27,1,-1,-1,-1
600,839,925,178,28,31,1,-1,-1,-1
601,839,926,180,27,28,1,-1,-1,-1
602,839,926,179,29,28,1,-1,-1,-1
603,839,926,178,29,27,1,-1,-1,-1
604,839,926,178,30,27,1,-1,-1,-1
605,839,927,177,30,28,1,-1,-1,-1
606,839,926,178,30,28,1,-1,-1,-1
607,839,924,178,31,27,1,-1,-1,-1
608,839,924,178,32,29,1,-1,-1,-1
609,839,925,179,31,29,1,-1,-1,-1
610,839,923,177,29,31,1,-1,-1,-1
611,839,923,178,30,29,1,-1,-1,-1
612,839,924,178,26,29,1,-1,-1,-1
613,839,925,178,26,29,1,-1,-1,-1
614,839,926,178,24,29,1,-1,-1,-1
615,839,928,179,23,28,1,-1,-1,-1
616,839,927,178,25,28,1,-1,-1,-1
617,839,926,178,26,28,1,-1,-1,-1
618,839,925,178,26,28,1,-1,-1,-1
619,839,926,178,26,28,1,-1,-1,-1
620,839,927,178,24,28,1,-1,-1,-1
621,839,925,177,25,30,1,-1,-1,-1
622,839,926,177,24,30,1,-1,-1,-1
623,839,926,177,23,31,1,-1,-1,-1
624,839,924,176,22,32,1,-1,-1,-1
625,839,924,176,23,32,1,-1,-1,-1
626,839,924,177,23,31,1,-1,-1,-1
631,839,927,175,22,32,1,-1,-1,-1
632,839,926,174,23,32,1,-1,-1,-1
633,839,926,173,22,33,1,-1,-1,-1
187,844,928,182,21,25,1,-1,-1,-1
188,844,927,182,21,25,1,-1,-1,-1
189,844,928,182,20,26,1,-1,-1,-1
190,844,927,182,20,27,1,-1,-1,-1
191,844,925,183,21,26,1,-1,-1,-1
193,844,923,184,21,26,1,-1,-1,-1
197,844,927,183,21,27,1,-1,-1,-1
198,844,927,183,21,26,1,-1,-1,-1
199,844,927,181,22,27,1,-1,-1,-1
200,844,927,181,22,27,1,-1,-1,-1
201,844,927,181,22,27,1,-1,-1,-1
202,844,927,181,22,27,1,-1,-1,-1
203,844,927,183,21,25,1,-1,-1,-1
204,844,926,182,21,26,1,-1,-1,-1
211,844,928,183,19,25,1,-1,-1,-1
212,844,928,182,20,25,1,-1,-1,-1
213,844,927,182,21,25,1,-1,-1,-1
214,844,927,182,21,25,1,-1,-1,-1
215,844,927,182,22,25,1,-1,-1,-1
216,844,927,183,21,24,1,-1,-1,-1
217,844,927,183,20,25,1,-1,-1,-1
218,844,927,183,19,25,1,-1,-1,-1
224,844,928,183,19,24,1,-1,-1,-1
225,844,928,183,19,24,1,-1,-1,-1
246,844,926,183,23,26,1,-1,-1,-1
249,844,927,183,35,26,1,-1,-1,-1
250,844,927,181,30,27,1,-1,-1,-1
251,844,927,181,36,28,1,-1,-1,-1
252,844,927,181,38,27,1,-1,-1,-1
253,844,928,181,35,27,1,-1,-1,-1
254,844,928,181,35,26,1,-1,-1,-1
255,844,927,181,35,26,1,-1,-1,-1
256,844,927,181,34,27,1,-1,-1,-1
257,844,928,182,27,25,1,-1,-1,-1
258,844,928,181,28,25,1,-1,-1,-1
259,844,927,181,32,27,1,-1,-1,-1
260,844,927,180,37,28,1,-1,-1,-1
261,844,927,180,34,28,1,-1,-1,-1
262,844,926,181,38,28,1,-1,-1,-1
263,844,926,181,35,28,1,-1,-1,-1
264,844,926,182,38,28,1,-1,-1,-1
265,844,927,181,34,27,1,-1,-1,-1
266,844,927,181,32,28,1,-1,-1,-1
267,844,928,181,32,27,1,-1,-1,-1
268,844,927,181,28,26,1,-1,-1,-1
269,844,928,181,31,27,1,-1,-1,-1
270,844,927,181,30,27,1,-1,-1,-1
271,844,927,181,29,27,1,-1,-1,-1
272,844,927,180,27,27,1,-1,-1,-1
188,845,1784,672,135,222,1,-1,-1,-1
189,845,1708,611,211,313,1,-1,-1,-1
190,845,1638,563,281,279,1,-1,-1,-1
191,845,1572,521,345,259,1,-1,-1,-1
192,845,1525,490,334,230,1,-1,-1,-1
193,845,1480,463,302,207,1,-1,-1,-1
194,845,1442,438,275,193,1,-1,-1,-1
195,845,1405,417,255,179,1,-1,-1,-1
196,845,1376,400,233,165,1,-1,-1,-1
197,845,1348,384,218,154,1,-1,-1,-1
198,845,1324,368,199,145,1,-1,-1,-1
199,845,1299,355,189,138,1,-1,-1,-1
200,845,1278,343,178,129,1,-1,-1,-1
201,845,1261,332,166,123,1,-1,-1,-1
202,845,1242,322,157,117,1,-1,-1,-1
203,845,1224,313,150,111,1,-1,-1,-1
204,845,1207,304,143,106,1,-1,-1,-1
205,845,1194,296,134,103,1,-1,-1,-1
206,845,1181,288,127,98,1,-1,-1,-1
207,845,1167,281,125,95,1,-1,-1,-1
208,845,1157,279,117,87,1,-1,-1,-1
209,845,1147,274,114,85,1,-1,-1,-1
210,845,1136,267,110,83,1,-1,-1,-1
211,845,1129,268,105,75,1,-1,-1,-1
212,845,1122,263,100,71,1,-1,-1,-1
213,845,1117,255,93,72,1,-1,-1,-1
214,845,1108,255,91,67,1,-1,-1,-1
215,845,1101,248,88,70,1,-1,-1,-1
216,845,1095,248,86,63,1,-1,-1,-1
217,845,1086,242,84,63,1,-1,-1,-1
218,845,1080,240,82,60,1,-1,-1,-1
219,845,1074,238,77,57,1,-1,-1,-1
220,845,1069,237,76,54,1,-1,-1,-1
221,845,1066,234,72,53,1,-1,-1,-1
222,845,1063,229,69,53,1,-1,-1,-1
223,845,1059,228,66,50,1,-1,-1,-1
224,845,1053,225,68,49,1,-1,-1,-1
225,845,1052,215,64,57,1,-1,-1,-1
226,845,1045,222,63,47,1,-1,-1,-1
227,845,1040,218,61,47,1,-1,-1,-1
228,845,1038,216,61,47,1,-1,-1,-1
229,845,1034,220,59,41,1,-1,-1,-1
230,845,1032,217,56,41,1,-1,-1,-1
231,845,1025,215,55,41,1,-1,-1,-1
232,845,1022,214,54,38,1,-1,-1,-1
233,845,1021,212,51,38,1,-1,-1,-1
234,845,1017,212,51,38,1,-1,-1,-1
235,845,1015,212,48,37,1,-1,-1,-1
236,845,1014,209,45,39,1,-1,-1,-1
237,845,1011,210,45,35,1,-1,-1,-1
238,845,1004,204,46,35,1,-1,-1,-1
239,845,1002,206,47,33,1,-1,-1,-1
240,845,1001,206,46,32,1,-1,-1,-1
241,845,999,207,45,29,1,-1,-1,-1
242,845,996,194,45,40,1,-1,-1,-1
243,845,993,198,36,34,1,-1,-1,-1
244,845,991,196,39,36,1,-1,-1,-1
245,845,988,195,41,37,1,-1,-1,-1
246,845,986,193,40,37,1,-1,-1,-1
247,845,984,193,40,36,1,-1,-1,-1
248,845,982,194,40,34,1,-1,-1,-1
249,845,979,195,40,32,1,-1,-1,-1
250,845,980,192,38,33,1,-1,-1,-1
251,845,978,191,39,34,1,-1,-1,-1
252,845,979,189,37,34,1,-1,-1,-1
253,845,978,193,36,30,1,-1,-1,-1
254,845,977,192,35,31,1,-1,-1,-1
255,845,974,190,36,32,1,-1,-1,-1
256,845,971,188,34,32,1,-1,-1,-1
259,845,965,188,34,31,1,-1,-1,-1
261,845,961,184,36,32,1,-1,-1,-1
267,845,955,186,34,27,1,-1,-1,-1
268,845,954,183,35,28,1,-1,-1,-1
269,845,955,183,32,27,1,-1,-1,-1
270,845,953,183,33,28,1,-1,-1,-1
191,846,819,179,38,30,1,-1,-1,-1
192,846,818,180,39,29,1,-1,-1,-1
201,846,820,182,37,30,1,-1,-1,-1
207,846,810,191,40,26,1,-1,-1,-1
208,846,812,193,38,25,1,-1,-1,-1
210,846,805,190,41,26,1,-1,-1,-1
211,846,807,190,40,26,1,-1,-1,-1
212,846,806,190,43,28,1,-1,-1,-1
213,846,805,189,44,29,1,-1,-1,-1
214,846,809,190,43,30,1,-1,-1,-1
215,846,804,190,45,29,1,-1,-1,-1
216,846,803,190,43,29,1,-1,-1,-1
217,846,803,190,42,29,1,-1,-1,-1
218,846,805,191,42,30,1,-1,-1,-1
219,846,806,193,43,29,1,-1,-1,-1
220,846,803,194,45,30,1,-1,-1,-1
221,846,802,192,45,31,1,-1,-1,-1
222,846,802,195,42,28,1,-1,-1,-1
223,846,803,193,42,29,1,-1,-1,-1
224,846,803,193,45,30,1,-1,-1,-1
225,846,801,193,48,32,1,-1,-1,-1
226,846,805,192,44,33,1,-1,-1,-1
227,846,803,192,44,33,1,-1,-1,-1
228,846,804,193,41,34,1,-1,-1,-1
229,846,805,196,41,32,1,-1,-1,-1
230,846,803,193,44,36,1,-1,-1,-1
231,846,794,192,53,37,1,-1,-1,-1
232,846,801,196,45,37,1,-1,-1,-1
233,846,801,200,44,33,1,-1,-1,-1
234,846,803,200,40,33,1,-1,-1,-1
235,846,804,201,40,33,1,-1,-1,-1
236,846,803,202,44,34,1,-1,-1,-1
237,846,803,201,43,34,1,-1,-1,-1
238,846,804,200,40,35,1,-1,-1,-1
239,846,805,203,42,35,1,-1,-1,-1
240,846,805,203,42,36,1,-1,-1,-1
241,846,806,204,41,33,1,-1,-1,-1
242,846,805,203,42,38,1,-1,-1,-1
243,846,805,204,42,37,1,-1,-1,-1
244,846,804,205,44,37,1,-1,-1,-1
245,846,802,206,47,39,1,-1,-1,-1
246,846,802,207,48,37,1,-1,-1,-1
247,846,803,209,48,38,1,-1,-1,-1
248,846,803,207,49,40,1,-1,-1,-1
249,846,802,209,49,39,1,-1,-1,-1
250,846,801,209,52,40,1,-1,-1,-1
251,846,803,209,50,42,1,-1,-1,-1
252,846,802,211,51,41,1,-1,-1,-1
253,846,805,210,49,42,1,-1,-1,-1
254,846,805,210,48,43,1,-1,-1,-1
255,846,805,212,49,44,1,-1,-1,-1
256,846,805,212,50,44,1,-1,-1,-1
257,846,806,213,49,45,1,-1,-1,-1
258,846,804,213,51,46,1,-1,-1,-1
259,846,805,216,50,44,1,-1,-1,-1
260,846,804,213,52,48,1,-1,-1,-1
261,846,802,218,53,45,1,-1,-1,-1
262,846,802,221,54,44,1,-1,-1,-1
263,846,801,220,54,48,1,-1,-1,-1
264,846,802,221,54,48,1,-1,-1,-1
265,846,801,223,55,48,1,-1,-1,-1
266,846,800,224,54,48,1,-1,-1,-1
267,846,798,223,58,51,1,-1,-1,-1
268,846,797,224,59,52,1,-1,-1,-1
269,846,797,223,60,55,1,-1,-1,-1
270,846,794,224,64,55,1,-1,-1,-1
271,846,795,225,62,56,1,-1,-1,-1
272,846,792,226,65,56,1,-1,-1,-1
273,846,790,229,66,57,1,-1,-1,-1
274,846,790,229,64,60,1,-1,-1,-1
275,846,787,231,69,61,1,-1,-1,-1
276,846,785,228,70,66,1,-1,-1,-1
277,846,782,236,72,59,1,-1,-1,-1
278,846,780,240,73,57,1,-1,-1,-1
279,846,777,242,71,58,1,-1,-1,-1
280,846,775,242,73,60,1,-1,-1,-1
281,846,772,243,77,62,1,-1,-1,-1
282,846,769,245,79,64,1,-1,-1,-1
283,846,767,246,78,67,1,-1,-1,-1
284,846,765,250,78,66,1,-1,-1,-1
285,846,763,252,78,68,1,-1,-1,-1
286,846,759,256,80,68,1,-1,-1,-1
287,846,755,257,83,71,1,-1,-1,-1
288,846,749,258,86,73,1,-1,-1,-1
289,846,745,260,87,77,1,-1,-1,-1
290,846,743,265,89,76,1,-1,-1,-1
291,846,739,267,88,78,1,-1,-1,-1
292,846,734,269,92,82,1,-1,-1,-1
293,846,730,272,96,84,1,-1,-1,-1
294,846,726,273,97,87,1,-1,-1,-1
295,846,724,278,97,88,1,-1,-1,-1
296,846,719,285,98,86,1,-1,-1,-1
297,846,714,289,102,87,1,-1,-1,-1
298,846,708,292,103,93,1,-1,-1,-1
299,846,703,295,105,99,1,-1,-1,-1
300,846,699,301,108,99,1,-1,-1,-1
301,846,694,308,112,101,1,-1,-1,-1
302,846,687,311,114,106,1,-1,-1,-1
303,846,676,312,123,113,1,-1,-1,-1
304,846,671,315,125,119,1,-1,-1,-1
305,846,665,323,130,124,1,-1,-1,-1
306,846,660,332,134,125,1,-1,-1,-1
307,846,653,339,135,130,1,-1,-1,-1
308,846,645,346,141,138,1,-1,-1,-1
309,846,630,353,155,143,1,-1,-1,-1
310,846,624,362,160,149,1,-1,-1,-1
311,846,619,367,161,162,1,-1,-1,-1
312,846,611,383,167,163,1,-1,-1,-1
313,846,603,394,173,174,1,-1,-1,-1
314,846,587,406,184,181,1,-1,-1,-1
315,846,576,420,192,192,1,-1,-1,-1
316,846,561,423,202,215,1,-1,-1,-1
317,846,546,454,215,215,1,-1,-1,-1
318,846,531,471,226,235,1,-1,-1,-1
319,846,511,495,240,247,1,-1,-1,-1
320,846,493,517,254,274,1,-1,-1,-1
321,846,468,545,275,298,1,-1,-1,-1
322,846,440,577,296,325,1,-1,-1,-1
323,846,410,615,318,362,1,-1,-1,-1
324,846,375,657,344,405,1,-1,-1,-1
325,846,331,708,380,367,1,-1,-1,-1
326,846,280,770,419,305,1,-1,-1,-1
327,846,273,841,409,233,1,-1,-1,-1
328,846,244,933,414,143,1,-1,-1,-1
206,847,773,195,44,25,1,-1,-1,-1
207,847,773,196,36,26,1,-1,-1,-1
208,847,774,197,35,27,1,-1,-1,-1
209,847,772,197,32,25,1,-1,-1,-1
210,847,772,198,29,25,1,-1,-1,-1
211,847,773,196,30,26,1,-1,-1,-1
212,847,772,195,29,25,1,-1,-1,-1
213,847,772,197,29,26,1,-1,-1,-1
214,847,770,198,29,24,1,-1,-1,-1
215,847,768,198,31,26,1,-1,-1,-1
216,847,768,196,31,27,1,-1,-1,-1
217,847,767,199,30,26,1,-1,-1,-1
218,847,764,199,35,27,1,-1,-1,-1
219,847,763,200,35,25,1,-1,-1,-1
220,847,762,201,36,25,1,-1,-1,-1
221,847,761,200,35,25,1,-1,-1,-1
222,847,759,201,36,25,1,-1,-1,-1
223,847,759,200,36,25,1,-1,-1,-1
224,847,757,200,38,26,1,-1,-1,-1
225,847,757,199,37,28,1,-1,-1,-1
226,847,755,200,37,27,1,-1,-1,-1
227,847,754,201,38,27,1,-1,-1,-1
228,847,753,203,40,26,1,-1,-1,-1
229,847,752,203,42,26,1,-1,-1,-1
230,847,750,204,40,26,1,-1,-1,-1
231,847,748,203,38,27,1,-1,-1,-1
232,847,748,204,37,28,1,-1,-1,-1
233,847,746,205,38,28,1,-1,-1,-1
234,847,745,207,38,27,1,-1,-1,-1
235,847,742,208,38,28,1,-1,-1,-1
236,847,741,209,38,27,1,-1,-1,-1
237,847,741,208,38,29,1,-1,-1,-1
238,847,738,210,41,29,1,-1,-1,-1
239,847,736,211,41,28,1,-1,-1,-1
240,847,735,210,40,30,1,-1,-1,-1
241,847,732,211,42,31,1,-1,-1,-1
242,847,730,213,42,29,1,-1,-1,-1
243,847,728,216,43,28,1,-1,-1,-1
244,847,726,216,44,30,1,-1,-1,-1
245,847,725,216,44,31,1,-1,-1,-1
246,847,723,216,45,32,1,-1,-1,-1
247,847,719,216,44,34,1,-1,-1,-1
248,847,715,219,49,32,1,-1,-1,-1
249,847,713,219,50,33,1,-1,-1,-1
250,847,714,221,45,33,1,-1,-1,-1
251,847,709,221,49,35,1,-1,-1,-1
252,847,706,223,50,37,1,-1,-1,-1
253,847,702,223,52,38,1,-1,-1,-1
254,847,701,225,50,37,1,-1,-1,-1
255,847,699,226,52,40,1,-1,-1,-1
256,847,695,229,55,39,1,-1,-1,-1
257,847,691,230,56,39,1,-1,-1,-1
258,847,688,232,58,41,1,-1,-1,-1
259,847,685,234,57,41,1,-1,-1,-1
260,847,680,236,59,42,1,-1,-1,-1
261,847,677,239,59,41,1,-1,-1,-1
262,847,671,241,63,44,1,-1,-1,-1
263,847,669,245,62,44,1,-1,-1,-1
264,847,666,246,62,47,1,-1,-1,-1
265,847,661,249,65,46,1,-1,-1,-1
266,847,658,251,65,46,1,-1,-1,-1
267,847,652,255,71,47,1,-1,-1,-1
268,847,647,257,72,48,1,-1,-1,-1
269,847,641,262,72,49,1,-1,-1,-1
270,847,637,264,73,52,1,-1,-1,-1
271,847,631,268,74,53,1,-1,-1,-1
272,847,626,270,76,53,1,-1,-1,-1
273,847,619,276,79,53,1,-1,-1,-1
274,847,612,280,81,56,1,-1,-1,-1
275,847,603,285,85,58,1,-1,-1,-1
276,847,598,290,85,59,1,-1,-1,-1
277,847,589,292,91,64,1,-1,-1,-1
278,847,581,300,91,64,1,-1,-1,-1
279,847,574,306,91,66,1,-1,-1,-1
280,847,564,310,95,69,1,-1,-1,-1
281,847,554,315,100,75,1,-1,-1,-1
282,847,544,324,103,78,1,-1,-1,-1
283,847,534,330,107,81,1,-1,-1,-1
284,847,523,338,110,84,1,-1,-1,-1
285,847,511,348,114,84,1,-1,-1,-1
286,847,495,355,123,91,1,-1,-1,-1
287,847,482,364,128,96,1,-1,-1,-1
288,847,466,376,131,98,1,-1,-1,-1
289,847,449,389,141,103,1,-1,-1,-1
290,847,431,401,147,109,1,-1,-1,-1
291,847,411,415,154,116,1,-1,-1,-1
292,847,391,429,160,125,1,-1,-1,-1
293,847,367,447,174,133,1,-1,-1,-1
294,847,339,466,184,140,1,-1,-1,-1
295,847,311,487,196,150,1,-1,-1,-1
296,847,275,512,211,163,1,-1,-1,-1
297,847,240,539,228,173,1,-1,-1,-1
298,847,195,566,248,194,1,-1,-1,-1
299,847,146,604,266,209,1,-1,-1,-1
300,847,84,646,296,227,1,-1,-1,-1
301,847,18,691,325,258,1,-1,-1,-1
302,847,0,744,299,296,1,-1,-1,-1
303,847,0,806,246,270,1,-1,-1,-1
304,847,1,884,184,192,1,-1,-1,-1
220,849,1842,513,77,130,1,-1,-1,-1
221,849,1779,479,140,164,1,-1,-1,-1
222,849,1726,454,193,154,1,-1,-1,-1
223,849,1678,432,212,146,1,-1,-1,-1
224,849,1632,415,200,136,1,-1,-1,-1
225,849,1595,400,184,125,1,-1,-1,-1
226,849,1558,385,174,121,1,-1,-1,-1
227,849,1525,369,165,115,1,-1,-1,-1
228,849,1495,358,156,109,1,-1,-1,-1
229,849,1467,347,148,102,1,-1,-1,-1
230,849,1452,339,131,96,1,-1,-1,-1
231,849,1419,328,131,90,1,-1,-1,-1
232,849,1398,317,123,88,1,-1,-1,-1
233,849,1378,311,119,83,1,-1,-1,-1
234,849,1357,303,116,81,1,-1,-1,-1
235,849,1344,298,106,77,1,-1,-1,-1
236,849,1324,292,104,74,1,-1,-1,-1
237,849,1308,287,100,69,1,-1,-1,-1
238,849,1294,280,98,70,1,-1,-1,-1
239,849,1291,277,84,65,1,-1,-1,-1
240,849,1270,271,90,65,1,-1,-1,-1
241,849,1258,268,87,62,1,-1,-1,-1
242,849,1245,264,85,58,1,-1,-1,-1
243,849,1240,261,76,56,1,-1,-1,-1
244,849,1227,254,76,56,1,-1,-1,-1
245,849,1217,252,74,54,1,-1,-1,-1
246,849,1206,248,74,53,1,-1,-1,-1
247,849,1198,243,71,53,1,-1,-1,-1
248,849,1191,242,68,52,1,-1,-1,-1
249,849,1182,240,67,49,1,-1,-1,-1
250,849,1174,237,64,46,1,-1,-1,-1
251,849,1169,233,62,47,1,-1,-1,-1
252,849,1162,231,59,45,1,-1,-1,-1
253,849,1154,229,61,45,1,-1,-1,-1
254,849,1150,227,57,45,1,-1,-1,-1
255,849,1145,225,54,44,1,-1,-1,-1
256,849,1137,223,54,42,1,-1,-1,-1
257,849,1130,221,57,42,1,-1,-1,-1
258,849,1125,220,53,40,1,-1,-1,-1
259,849,1120,218,50,38,1,-1,-1,-1
260,849,1115,216,49,37,1,-1,-1,-1
261,849,1108,214,50,38,1,-1,-1,-1
262,849,1104,214,47,36,1,-1,-1,-1
263,849,1100,213,46,36,1,-1,-1,-1
264,849,1097,210,46,37,1,-1,-1,-1
265,849,1091,209,47,36,1,-1,-1,-1
266,849,1087,208,44,34,1,-1,-1,-1
267,849,1085,209,43,33,1,-1,-1,-1
268,849,1080,206,42,32,1,-1,-1,-1
269,849,1076,206,42,31,1,-1,-1,-1
270,849,1074,204,41,33,1,-1,-1,-1
271,849,1068,203,43,34,1,-1,-1,-1
272,849,1065,202,41,32,1,-1,-1,-1
273,849,1062,201,40,32,1,-1,-1,-1
274,849,1058,201,38,30,1,-1,-1,-1
275,849,1055,201,37,29,1,-1,-1,-1
276,849,1051,201,38,28,1,-1,-1,-1
277,849,1048,199,38,28,1,-1,-1,-1
278,849,1044,199,39,28,1,-1,-1,-1
279,849,1043,199,36,28,1,-1,-1,-1
280,849,1040,197,36,29,1,-1,-1,-1
281,849,1039,197,34,29,1,-1,-1,-1
282,849,1038,197,33,28,1,-1,-1,-1
283,849,1033,196,35,29,1,-1,-1,-1
284,849,1030,195,37,28,1,-1,-1,-1
285,849,1028,194,36,28,1,-1,-1,-1
286,849,1026,194,34,27,1,-1,-1,-1
287,849,1024,194,34,27,1,-1,-1,-1
288,849,1018,194,36,29,1,-1,-1,-1
289,849,1019,194,34,27,1,-1,-1,-1
290,849,1018,194,31,26,1,-1,-1,-1
291,849,1016,193,31,25,1,-1,-1,-1
292,849,1015,193,31,26,1,-1,-1,-1
293,849,1013,193,30,25,1,-1,-1,-1
294,849,1012,192,28,27,1,-1,-1,-1
295,849,1008,192,31,26,1,-1,-1,-1
296,849,1007,191,30,26,1,-1,-1,-1
297,849,1006,191,29,25,1,-1,-1,-1
298,849,1006,190,27,25,1,-1,-1,-1
299,849,1002,189,31,25,1,-1,-1,-1
300,849,1002,189,29,25,1,-1,-1,-1
301,849,1000,190,27,24,1,-1,-1,-1
302,849,998,191,26,23,1,-1,-1,-1
303,849,998,190,26,24,1,-1,-1,-1
304,849,997,191,24,23,1,-1,-1,-1
305,849,996,190,23,23,1,-1,-1,-1
234,851,825,173,34,31,1,-1,-1,-1
235,851,826,174,33,31,1,-1,-1,-1
236,851,827,172,34,30,1,-1,-1,-1
237,851,825,174,35,30,1,-1,-1,-1
238,851,826,173,35,30,1,-1,-1,-1
239,851,827,174,33,30,1,-1,-1,-1
249,851,830,171,28,36,1,-1,-1,-1
257,851,828,179,31,32,1,-1,-1,-1
259,851,828,182,30,31,1,-1,-1,-1
262,851,825,183,29,30,1,-1,-1,-1
263,851,823,185,31,29,1,-1,-1,-1
264,851,823,186,32,29,1,-1,-1,-1
265,851,823,187,31,29,1,-1,-1,-1
266,851,826,186,30,30,1,-1,-1,-1
267,851,826,185,32,31,1,-1,-1,-1
268,851,825,187,33,32,1,-1,-1,-1
269,851,824,188,34,31,1,-1,-1,-1
270,851,823,188,36,31,1,-1,-1,-1
271,851,822,189,36,31,1,-1,-1,-1
272,851,822,191,34,30,1,-1,-1,-1
273,851,821,190,33,31,1,-1,-1,-1
274,851,819,189,35,31,1,-1,-1,-1
275,851,819,191,34,29,1,-1,-1,-1
276,851,818,191,37,31,1,-1,-1,-1
277,851,818,190,37,31,1,-1,-1,-1
278,851,818,191,36,30,1,-1,-1,-1
279,851,818,190,36,31,1,-1,-1,-1
280,851,818,189,37,33,1,-1,-1,-1
281,851,818,188,38,35,1,-1,-1,-1
282,851,816,187,41,36,1,-1,-1,-1
283,851,817,188,41,34,1,-1,-1,-1
284,851,818,190,38,32,1,-1,-1,-1
285,851,816,191,39,33,1,-1,-1,-1
286,851,815,192,41,34,1,-1,-1,-1
287,851,814,191,41,35,1,-1,-1,-1
288,851,813,191,41,37,1,-1,-1,-1
289,851,813,192,42,38,1,-1,-1,-1
290,851,812,191,42,38,1,-1,-1,-1
291,851,812,194,41,36,1,-1,-1,-1
292,851,811,193,42,38,1,-1,-1,-1
293,851,811,193,43,39,1,-1,-1,-1
294,851,810,196,45,37,1,-1,-1,-1
295,851,811,196,44,37,1,-1,-1,-1
296,851,810,195,45,39,1,-1,-1,-1
297,851,808,197,47,39,1,-1,-1,-1
298,851,809,198,46,39,1,-1,-1,-1
299,851,809,199,41,38,1,-1,-1,-1
300,851,807,200,45,39,1,-1,-1,-1
301,851,805,204,46,36,1,-1,-1,-1
302,851,805,199,47,44,1,-1,-1,-1
303,851,803,203,49,42,1,-1,-1,-1
304,851,804,204,48,43,1,-1,-1,-1
305,851,801,200,50,49,1,-1,-1,-1
306,851,798,206,51,43,1,-1,-1,-1
307,851,799,208,49,45,1,-1,-1,-1
308,851,798,216,49,38,1,-1,-1,-1
309,851,794,211,54,45,1,-1,-1,-1
310,851,796,215,51,44,1,-1,-1,-1
311,851,793,214,54,46,1,-1,-1,-1
312,851,792,220,56,42,1,-1,-1,-1
313,851,790,219,56,46,1,-1,-1,-1
314,851,789,220,56,49,1,-1,-1,-1
315,851,786,221,57,47,1,-1,-1,-1
316,851,783,223,58,49,1,-1,-1,-1
317,851,780,224,59,51,1,-1,-1,-1
318,851,779,225,58,53,1,-1,-1,-1
319,851,775,227,62,54,1,-1,-1,-1
320,851,773,228,62,56,1,-1,-1,-1
321,851,771,230,64,59,1,-1,-1,-1
322,851,766,233,69,58,1,-1,-1,-1
323,851,764,236,69,58,1,-1,-1,-1
324,851,763,239,69,60,1,-1,-1,-1
325,851,760,241,71,64,1,-1,-1,-1
326,851,756,243,74,64,1,-1,-1,-1
327,851,754,247,74,66,1,-1,-1,-1
328,851,749,250,77,69,1,-1,-1,-1
329,851,743,255,80,71,1,-1,-1,-1
330,851,740,255,81,75,1,-1,-1,-1
331,851,735,262,84,73,1,-1,-1,-1
332,851,729,265,88,77,1,-1,-1,-1
333,851,723,272,88,80,1,-1,-1,-1
334,851,719,274,91,83,1,-1,-1,-1
335,851,715,278,94,88,1,-1,-1,-1
336,851,706,286,102,89,1,-1,-1,-1
337,851,703,292,103,93,1,-1,-1,-1
338,851,695,299,106,96,1,-1,-1,-1
339,851,690,306,108,101,1,-1,-1,-1
340,851,680,310,115,107,1,-1,-1,-1
341,851,672,319,120,111,1,-1,-1,-1
342,851,663,326,128,117,1,-1,-1,-1
343,851,651,336,137,123,1,-1,-1,-1
344,851,644,345,141,132,1,-1,-1,-1
345,851,628,358,151,138,1,-1,-1,-1
346,851,614,372,161,145,1,-1,-1,-1
347,851,603,387,166,151,1,-1,-1,-1
348,851,583,402,181,164,1,-1,-1,-1
349,851,566,419,191,174,1,-1,-1,-1
350,851,551,441,201,188,1,-1,-1,-1
351,851,527,468,216,198,1,-1,-1,-1
352,851,503,490,232,224,1,-1,-1,-1
353,851,473,519,251,245,1,-1,-1,-1
354,851,433,562,282,263,1,-1,-1,-1
355,851,398,604,303,298,1,-1,-1,-1
356,851,349,654,338,345,1,-1,-1,-1
357,851,293,716,372,360,1,-1,-1,-1
358,851,219,784,428,291,1,-1,-1,-1
359,851,180,875,443,201,1,-1,-1,-1
240,853,778,190,32,26,1,-1,-1,-1
241,853,777,190,33,25,1,-1,-1,-1
242,853,778,190,33,25,1,-1,-1,-1
243,853,776,191,34,26,1,-1,-1,-1
244,853,777,191,34,26,1,-1,-1,-1
245,853,775,191,35,26,1,-1,-1,-1
246,853,775,190,36,27,1,-1,-1,-1
247,853,775,191,37,28,1,-1,-1,-1
248,853,772,192,35,26,1,-1,-1,-1
249,853,771,193,33,28,1,-1,-1,-1
250,853,770,193,36,28,1,-1,-1,-1
251,853,768,192,37,29,1,-1,-1,-1
252,853,767,192,38,28,1,-1,-1,-1
253,853,768,192,37,27,1,-1,-1,-1
254,853,768,193,36,28,1,-1,-1,-1
255,853,768,192,36,28,1,-1,-1,-1
256,853,767,193,35,30,1,-1,-1,-1
257,853,767,194,36,29,1,-1,-1,-1
258,853,763,194,39,28,1,-1,-1,-1
259,853,762,196,38,27,1,-1,-1,-1
260,853,761,196,38,28,1,-1,-1,-1
261,853,761,193,38,31,1,-1,-1,-1
262,853,758,193,39,31,1,-1,-1,-1
263,853,758,193,40,32,1,-1,-1,-1
264,853,756,194,42,31,1,-1,-1,-1
265,853,753,194,45,33,1,-1,-1,-1
266,853,753,196,42,31,1,-1,-1,-1
267,853,753,195,42,31,1,-1,-1,-1
268,853,751,194,45,34,1,-1,-1,-1
269,853,750,195,43,35,1,-1,-1,-1
270,853,750,196,41,34,1,-1,-1,-1
271,853,747,195,43,36,1,-1,-1,-1
272,853,745,196,42,36,1,-1,-1,-1
273,853,744,197,43,34,1,-1,-1,-1
274,853,740,197,46,36,1,-1,-1,-1
275,853,740,199,43,35,1,-1,-1,-1
276,853,740,198,43,37,1,-1,-1,-1
277,853,734,202,47,36,1,-1,-1,-1
278,853,734,204,45,34,1,-1,-1,-1
279,853,731,209,45,33,1,-1,-1,-1
280,853,727,208,46,35,1,-1,-1,-1
281,853,728,210,45,35,1,-1,-1,-1
282,853,725,209,47,36,1,-1,-1,-1
283,853,722,212,50,34,1,-1,-1,-1
284,853,718,217,48,32,1,-1,-1,-1
285,853,716,218,49,31,1,-1,-1,-1
286,853,712,219,49,33,1,-1,-1,-1
287,853,708,219,50,37,1,-1,-1,-1
288,853,706,229,46,29,1,-1,-1,-1
289,853,703,229,47,30,1,-1,-1,-1
290,853,700,230,47,34,1,-1,-1,-1
291,853,695,229,53,36,1,-1,-1,-1
292,853,691,229,54,40,1,-1,-1,-1
293,853,688,229,55,43,1,-1,-1,-1
294,853,682,231,58,43,1,-1,-1,-1
295,853,678,233,58,43,1,-1,-1,-1
296,853,675,235,59,44,1,-1,-1,-1
297,853,671,239,60,44,1,-1,-1,-1
298,853,667,242,59,44,1,-1,-1,-1
299,853,662,243,61,48,1,-1,-1,-1
300,853,655,245,64,49,1,-1,-1,-1
301,853,649,249,66,49,1,-1,-1,-1
302,853,643,252,69,52,1,-1,-1,-1
303,853,636,256,71,52,1,-1,-1,-1
304,853,630,259,73,55,1,-1,-1,-1
305,853,624,264,73,54,1,-1,-1,-1
306,853,615,267,76,56,1,-1,-1,-1
307,853,607,271,80,60,1,-1,-1,-1
308,853,600,275,82,62,1,-1,-1,-1
309,853,591,280,87,65,1,-1,-1,-1
310,853,581,285,89,68,1,-1,-1,-1
311,853,573,291,91,70,1,-1,-1,-1
312,853,562,298,95,70,1,-1,-1,-1
313,853,552,304,95,75,1,-1,-1,-1
314,853,541,311,102,80,1,-1,-1,-1
315,853,528,319,106,81,1,-1,-1,-1
316,853,514,326,110,86,1,-1,-1,-1
317,853,498,337,117,86,1,-1,-1,-1
318,853,483,346,121,93,1,-1,-1,-1
319,853,465,356,129,98,1,-1,-1,-1
320,853,447,368,132,101,1,-1,-1,-1
321,853,427,380,142,110,1,-1,-1,-1
322,853,406,393,150,117,1,-1,-1,-1
323,853,380,410,161,125,1,-1,-1,-1
324,853,352,426,171,134,1,-1,-1,-1
325,853,322,445,181,144,1,-1,-1,-1
326,853,287,469,197,152,1,-1,-1,-1
327,853,247,493,212,167,1,-1,-1,-1
328,853,202,521,230,183,1,-1,-1,-1
329,853,148,552,254,201,1,-1,-1,-1
330,853,87,590,275,225,1,-1,-1,-1
331,853,14,635,306,248,1,-1,-1,-1
332,853,0,691,272,282,1,-1,-1,-1
333,853,1,739,214,331,1,-1,-1,-1
334,853,0,828,145,247,1,-1,-1,-1
270,857,1830,488,89,148,1,-1,-1,-1
271,857,1771,458,147,198,1,-1,-1,-1
272,857,1719,437,200,179,1,-1,-1,-1
273,857,1671,417,246,170,1,-1,-1,-1
274,857,1629,401,251,160,1,-1,-1,-1
275,857,1590,385,236,151,1,-1,-1,-1
276,857,1557,372,215,141,1,-1,-1,-1
277,857,1524,361,205,133,1,-1,-1,-1
278,857,1495,346,193,129,1,-1,-1,-1
279,857,1470,337,181,123,1,-1,-1,-1
280,857,1445,327,169,118,1,-1,-1,-1
281,857,1423,319,162,112,1,-1,-1,-1
282,857,1401,310,154,107,1,-1,-1,-1
283,857,1380,303,148,102,1,-1,-1,-1
284,857,1362,297,141,97,1,-1,-1,-1
285,857,1345,289,135,94,1,-1,-1,-1
286,857,1330,284,124,89,1,-1,-1,-1
287,857,1312,278,125,87,1,-1,-1,-1
288,857,1299,273,117,84,1,-1,-1,-1
289,857,1284,270,115,79,1,-1,-1,-1
290,857,1272,263,109,79,1,-1,-1,-1
291,857,1259,260,105,75,1,-1,-1,-1
292,857,1248,256,103,74,1,-1,-1,-1
293,857,1239,252,97,71,1,-1,-1,-1
294,857,1231,249,94,69,1,-1,-1,-1
295,857,1219,244,92,68,1,-1,-1,-1
296,857,1210,243,91,64,1,-1,-1,-1
297,857,1202,241,86,62,1,-1,-1,-1
298,857,1194,239,85,57,1,-1,-1,-1
299,857,1186,237,81,57,1,-1,-1,-1
300,857,1179,231,79,58,1,-1,-1,-1
301,857,1171,229,77,53,1,-1,-1,-1
302,857,1162,227,75,53,1,-1,-1,-1
303,857,1156,225,74,53,1,-1,-1,-1
304,857,1149,223,70,50,1,-1,-1,-1
305,857,1142,222,70,51,1,-1,-1,-1
306,857,1137,218,67,50,1,-1,-1,-1
307,857,1131,215,68,51,1,-1,-1,-1
308,857,1126,214,65,49,1,-1,-1,-1
309,857,1123,214,62,48,1,-1,-1,-1
310,857,1116,212,62,45,1,-1,-1,-1
311,857,1114,212,58,41,1,-1,-1,-1
312,857,1107,208,58,44,1,-1,-1,-1
313,857,1104,206,58,45,1,-1,-1,-1
314,857,1099,207,55,43,1,-1,-1,-1
315,857,1093,206,57,43,1,-1,-1,-1
316,857,1090,205,54,41,1,-1,-1,-1
317,857,1084,203,54,42,1,-1,-1,-1
318,857,1080,203,54,39,1,-1,-1,-1
319,857,1077,202,51,39,1,-1,-1,-1
320,857,1073,201,51,38,1,-1,-1,-1
321,857,1070,200,49,38,1,-1,-1,-1
322,857,1067,199,49,37,1,-1,-1,-1
323,857,1063,198,49,39,1,-1,-1,-1
324,857,1061,197,48,36,1,-1,-1,-1
325,857,1057,198,47,35,1,-1,-1,-1
326,857,1053,198,46,33,1,-1,-1,-1
327,857,1051,197,46,32,1,-1,-1,-1
328,857,1050,196,43,34,1,-1,-1,-1
329,857,1045,196,44,32,1,-1,-1,-1
330,857,1042,195,44,33,1,-1,-1,-1
331,857,1039,195,42,32,1,-1,-1,-1
332,857,1039,195,38,32,1,-1,-1,-1
333,857,1037,195,38,30,1,-1,-1,-1
334,857,1034,195,39,31,1,-1,-1,-1
335,857,1033,193,36,32,1,-1,-1,-1
336,857,1029,192,37,32,1,-1,-1,-1
337,857,1025,192,38,29,1,-1,-1,-1
338,857,1024,192,38,29,1,-1,-1,-1
339,857,1021,191,38,30,1,-1,-1,-1
340,857,1018,191,39,29,1,-1,-1,-1
341,857,1016,190,39,28,1,-1,-1,-1
342,857,1015,191,37,27,1,-1,-1,-1
343,857,1016,190,34,28,1,-1,-1,-1
344,857,1011,190,35,28,1,-1,-1,-1
345,857,1008,190,35,28,1,-1,-1,-1
346,857,1006,190,36,28,1,-1,-1,-1
347,857,1005,189,34,28,1,-1,-1,-1
348,857,1004,188,33,27,1,-1,-1,-1
349,857,1002,188,35,27,1,-1,-1,-1
350,857,1001,188,33,28,1,-1,-1,-1
351,857,999,189,34,26,1,-1,-1,-1
352,857,997,188,34,26,1,-1,-1,-1
353,857,996,189,33,25,1,-1,-1,-1
354,857,996,189,31,24,1,-1,-1,-1
355,857,996,187,30,25,1,-1,-1,-1
356,857,994,187,28,25,1,-1,-1,-1
357,857,993,187,27,25,1,-1,-1,-1
358,857,991,185,26,25,1,-1,-1,-1
359,857,991,186,26,25,1,-1,-1,-1
360,857,987,186,29,24,1,-1,-1,-1
361,857,987,184,27,24,1,-1,-1,-1
362,857,984,183,30,25,1,-1,-1,-1
363,857,983,185,27,24,1,-1,-1,-1
364,857,981,185,28,24,1,-1,-1,-1
366,857,978,181,29,26,1,-1,-1,-1
284,858,727,201,47,42,1,-1,-1,-1
285,858,734,198,39,35,1,-1,-1,-1
287,858,729,198,43,33,1,-1,-1,-1
288,858,729,199,40,37,1,-1,-1,-1
289,858,729,200,42,34,1,-1,-1,-1
290,858,726,202,40,35,1,-1,-1,-1
291,858,723,204,45,34,1,-1,-1,-1
292,858,720,206,43,35,1,-1,-1,-1
293,858,718,205,43,36,1,-1,-1,-1
294,858,716,208,43,36,1,-1,-1,-1
295,858,714,208,46,38,1,-1,-1,-1
296,858,712,209,46,38,1,-1,-1,-1
297,858,710,209,46,39,1,-1,-1,-1
298,858,705,210,49,40,1,-1,-1,-1
299,858,699,212,50,41,1,-1,-1,-1
300,858,697,214,51,41,1,-1,-1,-1
301,858,694,214,50,43,1,-1,-1,-1
302,858,692,216,50,44,1,-1,-1,-1
303,858,687,217,55,45,1,-1,-1,-1
304,858,682,218,56,46,1,-1,-1,-1
305,858,678,220,57,48,1,-1,-1,-1
306,858,674,221,57,48,1,-1,-1,-1
307,858,669,223,60,49,1,-1,-1,-1
308,858,665,223,61,51,1,-1,-1,-1
309,858,659,225,63,51,1,-1,-1,-1
310,858,656,227,65,53,1,-1,-1,-1
311,858,650,229,66,54,1,-1,-1,-1
312,858,644,230,68,58,1,-1,-1,-1
313,858,640,235,69,56,1,-1,-1,-1
314,858,634,239,72,57,1,-1,-1,-1
315,858,629,242,72,58,1,-1,-1,-1
316,858,622,242,74,61,1,-1,-1,-1
317,858,617,247,73,61,1,-1,-1,-1
318,858,608,247,77,67,1,-1,-1,-1
319,858,601,251,82,68,1,-1,-1,-1
320,858,595,256,82,69,1,-1,-1,-1
321,858,587,260,85,71,1,-1,-1,-1
322,858,578,262,87,77,1,-1,-1,-1
323,858,571,264,90,82,1,-1,-1,-1
324,858,562,269,94,83,1,-1,-1,-1
325,858,552,274,98,88,1,-1,-1,-1
326,858,543,281,98,90,1,-1,-1,-1
327,858,532,290,106,88,1,-1,-1,-1
328,858,521,294,109,95,1,-1,-1,-1
329,858,509,301,111,98,1,-1,-1,-1
330,858,495,310,117,100,1,-1,-1,-1
331,858,477,315,125,110,1,-1,-1,-1
332,858,462,324,131,115,1,-1,-1,-1
333,858,446,333,138,121,1,-1,-1,-1
334,858,428,344,143,127,1,-1,-1,-1
335,858,408,353,151,139,1,-1,-1,-1
336,858,385,368,159,144,1,-1,-1,-1
337,858,359,382,171,154,1,-1,-1,-1
338,858,331,396,187,169,1,-1,-1,-1
339,858,299,413,198,180,1,-1,-1,-1
340,858,264,435,214,195,1,-1,-1,-1
341,858,224,459,229,206,1,-1,-1,-1
342,858,176,484,250,231,1,-1,-1,-1
343,858,120,514,274,255,1,-1,-1,-1
344,858,55,553,305,279,1,-1,-1,-1
345,858,0,593,318,319,1,-1,-1,-1
346,858,0,642,268,364,1,-1,-1,-1
347,858,0,706,207,369,1,-1,-1,-1
348,858,1,784,133,290,1,-1,-1,-1
298,859,784,194,29,25,1,-1,-1,-1
299,859,782,192,29,25,1,-1,-1,-1
300,859,781,192,29,24,1,-1,-1,-1
306,859,775,193,27,25,1,-1,-1,-1
307,859,774,194,28,26,1,-1,-1,-1
308,859,774,196,28,24,1,-1,-1,-1
309,859,773,196,28,24,1,-1,-1,-1
310,859,773,195,27,24,1,-1,-1,-1
311,859,768,194,29,24,1,-1,-1,-1
312,859,768,194,29,25,1,-1,-1,-1
313,859,768,193,28,25,1,-1,-1,-1
314,859,767,195,27,25,1,-1,-1,-1
315,859,767,195,26,25,1,-1,-1,-1
316,859,762,197,29,26,1,-1,-1,-1
317,859,761,197,30,26,1,-1,-1,-1
318,859,761,196,27,27,1,-1,-1,-1
319,859,757,195,31,28,1,-1,-1,-1
320,859,757,195,30,28,1,-1,-1,-1
321,859,755,198,30,27,1,-1,-1,-1
322,859,754,198,32,26,1,-1,-1,-1
323,859,753,198,33,27,1,-1,-1,-1
324,859,752,198,34,27,1,-1,-1,-1
325,859,752,198,36,28,1,-1,-1,-1
326,859,751,198,34,28,1,-1,-1,-1
327,859,750,200,33,27,1,-1,-1,-1
328,859,749,199,31,28,1,-1,-1,-1
329,859,747,200,31,27,1,-1,-1,-1
330,859,744,201,31,28,1,-1,-1,-1
331,859,742,201,33,28,1,-1,-1,-1
332,859,740,204,34,26,1,-1,-1,-1
333,859,739,205,33,28,1,-1,-1,-1
334,859,737,205,36,28,1,-1,-1,-1
335,859,736,205,35,28,1,-1,-1,-1
336,859,733,206,37,29,1,-1,-1,-1
337,859,732,206,37,29,1,-1,-1,-1
338,859,730,208,36,30,1,-1,-1,-1
339,859,727,207,39,30,1,-1,-1,-1
340,859,726,209,38,31,1,-1,-1,-1
341,859,724,210,37,31,1,-1,-1,-1
342,859,722,212,39,31,1,-1,-1,-1
343,859,718,212,41,32,1,-1,-1,-1
344,859,716,213,41,35,1,-1,-1,-1
345,859,712,213,43,36,1,-1,-1,-1
346,859,710,215,42,35,1,-1,-1,-1
347,859,707,216,47,36,1,-1,-1,-1
348,859,704,219,43,34,1,-1,-1,-1
349,859,702,219,47,37,1,-1,-1,-1
350,859,699,219,46,38,1,-1,-1,-1
351,859,696,222,49,38,1,-1,-1,-1
352,859,694,221,50,40,1,-1,-1,-1
353,859,691,225,51,39,1,-1,-1,-1
354,859,689,224,51,43,1,-1,-1,-1
355,859,685,226,53,43,1,-1,-1,-1
356,859,681,229,52,43,1,-1,-1,-1
357,859,678,229,53,45,1,-1,-1,-1
358,859,674,232,54,44,1,-1,-1,-1
359,859,672,235,53,44,1,-1,-1,-1
360,859,668,238,53,42,1,-1,-1,-1
361,859,664,239,58,45,1,-1,-1,-1
362,859,661,242,58,44,1,-1,-1,-1
363,859,659,245,56,45,1,-1,-1,-1
364,859,655,245,58,48,1,-1,-1,-1
365,859,652,246,59,49,1,-1,-1,-1
366,859,648,249,62,50,1,-1,-1,-1
367,859,644,252,65,50,1,-1,-1,-1
368,859,639,255,64,50,1,-1,-1,-1
369,859,634,258,67,52,1,-1,-1,-1
370,859,631,260,67,54,1,-1,-1,-1
371,859,625,262,71,56,1,-1,-1,-1
372,859,622,265,69,55,1,-1,-1,-1
373,859,616,268,71,56,1,-1,-1,-1
374,859,609,270,78,59,1,-1,-1,-1
375,859,605,273,77,59,1,-1,-1,-1
376,859,600,276,80,61,1,-1,-1,-1
377,859,596,281,80,61,1,-1,-1,-1
378,859,592,283,81,63,1,-1,-1,-1
379,859,585,286,84,66,1,-1,-1,-1
380,859,580,290,84,68,1,-1,-1,-1
381,859,576,293,86,70,1,-1,-1,-1
382,859,570,297,89,70,1,-1,-1,-1
383,859,562,301,92,71,1,-1,-1,-1
384,859,556,304,94,73,1,-1,-1,-1
385,859,549,308,93,77,1,-1,-1,-1
386,859,542,311,100,80,1,-1,-1,-1
387,859,532,315,103,82,1,-1,-1,-1
388,859,523,322,107,79,1,-1,-1,-1
389,859,512,325,110,83,1,-1,-1,-1
390,859,503,330,114,85,1,-1,-1,-1
391,859,490,333,117,88,1,-1,-1,-1
392,859,478,338,125,87,1,-1,-1,-1
393,859,463,341,131,94,1,-1,-1,-1
394,859,447,346,137,95,1,-1,-1,-1
395,859,431,350,142,97,1,-1,-1,-1
396,859,413,354,149,102,1,-1,-1,-1
397,859,391,364,161,101,1,-1,-1,-1
398,859,368,367,169,104,1,-1,-1,-1
399,859,343,376,179,104,1,-1,-1,-1
400,859,319,380,186,108,1,-1,-1,-1
401,859,290,386,197,111,1,-1,-1,-1
402,859,258,392,207,114,1,-1,-1,-1
403,859,225,397,222,120,1,-1,-1,-1
404,859,190,405,231,117,1,-1,-1,-1
405,859,153,412,243,124,1,-1,-1,-1
406,859,112,419,257,127,1,-1,-1,-1
407,859,69,428,271,127,1,-1,-1,-1
408,859,24,436,284,130,1,-1,-1,-1
409,859,0,446,270,132,1,-1,-1,-1
410,859,1,453,227,135,1,-1,-1,-1
411,859,0,460,191,127,1,-1,-1,-1
412,859,1,470,143,112,1,-1,-1,-1
413,859,0,487,97,98,1,-1,-1,-1
312,862,822,196,33,29,1,-1,-1,-1
313,862,818,193,34,30,1,-1,-1,-1
314,862,819,192,34,32,1,-1,-1,-1
315,862,817,194,37,33,1,-1,-1,-1
316,862,816,195,38,33,1,-1,-1,-1
317,862,816,195,36,31,1,-1,-1,-1
318,862,816,197,35,31,1,-1,-1,-1
319,862,815,198,36,33,1,-1,-1,-1
320,862,814,195,38,33,1,-1,-1,-1
321,862,813,200,37,29,1,-1,-1,-1
322,862,813,200,38,28,1,-1,-1,-1
323,862,813,201,39,32,1,-1,-1,-1
324,862,813,200,39,32,1,-1,-1,-1
325,862,812,202,39,30,1,-1,-1,-1
326,862,810,201,42,33,1,-1,-1,-1
327,862,810,201,40,34,1,-1,-1,-1
328,862,809,201,41,34,1,-1,-1,-1
329,862,805,203,45,36,1,-1,-1,-1
330,862,805,206,42,35,1,-1,-1,-1
331,862,803,205,43,36,1,-1,-1,-1
332,862,801,206,44,36,1,-1,-1,-1
333,862,799,207,44,37,1,-1,-1,-1
334,862,799,208,42,39,1,-1,-1,-1
335,862,799,210,43,37,1,-1,-1,-1
336,862,799,209,43,40,1,-1,-1,-1
337,862,797,211,44,39,1,-1,-1,-1
338,862,795,211,45,40,1,-1,-1,-1
339,862,794,215,46,39,1,-1,-1,-1
340,862,792,215,47,41,1,-1,-1,-1
341,862,790,218,51,40,1,-1,-1,-1
342,862,788,220,51,41,1,-1,-1,-1
343,862,786,222,52,42,1,-1,-1,-1
344,862,783,222,54,44,1,-1,-1,-1
345,862,781,222,55,47,1,-1,-1,-1
346,862,779,224,54,48,1,-1,-1,-1
347,862,778,226,56,49,1,-1,-1,-1
348,862,775,227,57,51,1,-1,-1,-1
349,862,774,230,57,51,1,-1,-1,-1
350,862,772,232,59,54,1,-1,-1,-1
351,862,768,232,62,57,1,-1,-1,-1
352,862,766,237,63,56,1,-1,-1,-1
353,862,765,239,62,57,1,-1,-1,-1
354,862,762,242,65,59,1,-1,-1,-1
355,862,760,246,63,61,1,-1,-1,-1
356,862,756,248,67,62,1,-1,-1,-1
357,862,751,253,72,64,1,-1,-1,-1
358,862,747,255,71,67,1,-1,-1,-1
359,862,743,260,75,68,1,-1,-1,-1
360,862,739,265,77,70,1,-1,-1,-1
361,862,735,269,80,71,1,-1,-1,-1
362,862,729,273,85,77,1,-1,-1,-1
363,862,724,278,87,78,1,-1,-1,-1
364,862,721,284,88,81,1,-1,-1,-1
365,862,717,292,91,81,1,-1,-1,-1
366,862,709,298,97,85,1,-1,-1,-1
367,862,703,305,100,90,1,-1,-1,-1
368,862,698,312,102,94,1,-1,-1,-1
369,862,693,318,105,100,1,-1,-1,-1
370,862,682,325,112,106,1,-1,-1,-1
371,862,672,334,122,112,1,-1,-1,-1
372,862,664,348,125,116,1,-1,-1,-1
373,862,656,358,130,123,1,-1,-1,-1
374,862,647,372,136,128,1,-1,-1,-1
375,862,633,383,146,139,1,-1,-1,-1
376,862,621,400,153,149,1,-1,-1,-1
377,862,609,416,162,161,1,-1,-1,-1
378,862,589,438,175,173,1,-1,-1,-1
379,862,569,460,188,188,1,-1,-1,-1
380,862,548,484,204,209,1,-1,-1,-1
381,862,520,505,223,240,1,-1,-1,-1
382,862,490,548,243,257,1,-1,-1,-1
383,862,456,591,264,289,1,-1,-1,-1
384,862,409,640,297,332,1,-1,-1,-1
385,862,352,709,335,366,1,-1,-1,-1
386,862,287,786,380,288,1,-1,-1,-1
387,862,258,893,378,183,1,-1,-1,-1
315,863,1795,697,124,194,1,-1,-1,-1
316,863,1704,626,214,227,1,-1,-1,-1
317,863,1626,573,293,206,1,-1,-1,-1
318,863,1559,532,284,179,1,-1,-1,-1
319,863,1503,494,255,164,1,-1,-1,-1
320,863,1456,465,230,147,1,-1,-1,-1
321,863,1415,439,210,135,1,-1,-1,-1
322,863,1381,418,189,125,1,-1,-1,-1
323,863,1349,398,176,119,1,-1,-1,-1
324,863,1320,383,165,109,1,-1,-1,-1
325,863,1300,366,148,101,1,-1,-1,-1
326,863,1273,354,142,96,1,-1,-1,-1
327,863,1269,342,116,90,1,-1,-1,-1
328,863,1232,332,126,83,1,-1,-1,-1
329,863,1217,320,118,82,1,-1,-1,-1
330,863,1201,310,111,78,1,-1,-1,-1
331,863,1192,302,99,77,1,-1,-1,-1
332,863,1171,296,102,72,1,-1,-1,-1
333,863,1160,290,96,68,1,-1,-1,-1
334,863,1149,284,92,63,1,-1,-1,-1
335,863,1138,277,90,63,1,-1,-1,-1
336,863,1133,273,82,59,1,-1,-1,-1
337,863,1122,268,81,57,1,-1,-1,-1
338,863,1114,263,78,56,1,-1,-1,-1
339,863,1105,260,77,52,1,-1,-1,-1
340,863,1102,257,70,49,1,-1,-1,-1
341,863,1091,250,71,51,1,-1,-1,-1
342,863,1084,245,68,51,1,-1,-1,-1
343,863,1079,242,65,50,1,-1,-1,-1
344,863,1072,240,65,47,1,-1,-1,-1
345,863,1068,238,61,43,1,-1,-1,-1
346,863,1062,234,62,43,1,-1,-1,-1
347,863,1057,230,61,44,1,-1,-1,-1
348,863,1054,230,56,42,1,-1,-1,-1
349,863,1049,229,57,39,1,-1,-1,-1
350,863,1047,226,53,39,1,-1,-1,-1
351,863,1041,225,54,37,1,-1,-1,-1
352,863,1037,222,53,37,1,-1,-1,-1
353,863,1033,220,52,36,1,-1,-1,-1
354,863,1030,218,51,36,1,-1,-1,-1
355,863,1024,217,51,34,1,-1,-1,-1
356,863,1022,216,50,34,1,-1,-1,-1
357,863,1020,216,45,32,1,-1,-1,-1
358,863,1015,212,45,32,1,-1,-1,-1
359,863,1012,213,45,31,1,-1,-1,-1
360,863,1010,210,45,31,1,-1,-1,-1
361,863,1008,209,43,29,1,-1,-1,-1
362,863,1005,207,40,30,1,-1,-1,-1
363,863,1005,207,39,28,1,-1,-1,-1
364,863,1003,207,38,27,1,-1,-1,-1
365,863,998,206,39,29,1,-1,-1,-1
366,863,997,205,38,28,1,-1,-1,-1
367,863,991,205,42,27,1,-1,-1,-1
368,863,990,203,42,28,1,-1,-1,-1
369,863,987,202,41,27,1,-1,-1,-1
370,863,987,201,35,26,1,-1,-1,-1
371,863,977,196,42,31,1,-1,-1,-1
372,863,979,197,39,30,1,-1,-1,-1
373,863,976,196,39,30,1,-1,-1,-1
374,863,974,192,36,32,1,-1,-1,-1
375,863,973,193,36,31,1,-1,-1,-1
376,863,970,191,37,32,1,-1,-1,-1
377,863,969,190,35,32,1,-1,-1,-1
378,863,968,191,35,30,1,-1,-1,-1
379,863,969,191,34,30,1,-1,-1,-1
380,863,968,190,32,29,1,-1,-1,-1
381,863,966,188,32,30,1,-1,-1,-1
382,863,966,185,29,33,1,-1,-1,-1
383,863,964,188,30,29,1,-1,-1,-1
384,863,962,187,31,29,1,-1,-1,-1
385,863,962,188,28,27,1,-1,-1,-1
386,863,958,187,29,27,1,-1,-1,-1
387,863,958,187,28,28,1,-1,-1,-1
388,863,957,187,27,29,1,-1,-1,-1
389,863,955,186,27,29,1,-1,-1,-1
390,863,956,186,25,28,1,-1,-1,-1
391,863,955,185,25,29,1,-1,-1,-1
392,863,955,184,24,27,1,-1,-1,-1
393,863,954,184,24,27,1,-1,-1,-1
394,863,954,182,24,29,1,-1,-1,-1
396,863,953,180,23,28,1,-1,-1,-1
397,863,950,180,25,29,1,-1,-1,-1
398,863,948,180,26,29,1,-1,-1,-1
337,867,1793,494,126,182,1,-1,-1,-1
338,867,1734,466,185,168,1,-1,-1,-1
339,867,1683,443,235,157,1,-1,-1,-1
340,867,1635,425,219,145,1,-1,-1,-1
341,867,1594,408,202,135,1,-1,-1,-1
342,867,1556,389,187,127,1,-1,-1,-1
343,867,1522,376,174,120,1,-1,-1,-1
344,867,1492,364,161,114,1,-1,-1,-1
345,867,1462,352,153,108,1,-1,-1,-1
346,867,1435,339,145,104,1,-1,-1,-1
347,867,1411,330,138,97,1,-1,-1,-1
348,867,1390,321,129,93,1,-1,-1,-1
349,867,1369,312,124,89,1,-1,-1,-1
350,867,1351,305,118,84,1,-1,-1,-1
351,867,1335,299,110,81,1,-1,-1,-1
352,867,1318,291,105,78,1,-1,-1,-1
353,867,1300,288,104,72,1,-1,-1,-1
354,867,1287,281,99,70,1,-1,-1,-1
355,867,1274,274,94,68,1,-1,-1,-1
356,867,1262,271,89,66,1,-1,-1,-1
357,867,1247,266,88,62,1,-1,-1,-1
358,867,1240,263,81,61,1,-1,-1,-1
359,867,1226,259,81,59,1,-1,-1,-1
360,867,1217,255,77,58,1,-1,-1,-1
361,867,1207,251,75,56,1,-1,-1,-1
362,867,1198,247,72,55,1,-1,-1,-1
363,867,1188,244,71,54,1,-1,-1,-1
364,867,1181,241,70,53,1,-1,-1,-1
365,867,1174,239,65,50,1,-1,-1,-1
366,867,1168,235,65,49,1,-1,-1,-1
367,867,1162,233,62,47,1,-1,-1,-1
368,867,1154,232,60,45,1,-1,-1,-1
369,867,1148,229,58,45,1,-1,-1,-1
370,867,1142,226,56,46,1,-1,-1,-1
371,867,1137,226,53,43,1,-1,-1,-1
372,867,1129,223,54,41,1,-1,-1,-1
373,867,1124,220,53,41,1,-1,-1,-1
374,867,1118,220,52,38,1,-1,-1,-1
375,867,1111,216,52,39,1,-1,-1,-1
376,867,1107,215,52,38,1,-1,-1,-1
377,867,1104,216,48,37,1,-1,-1,-1
378,867,1098,213,48,37,1,-1,-1,-1
379,867,1095,213,46,37,1,-1,-1,-1
380,867,1089,210,48,37,1,-1,-1,-1
381,867,1085,209,46,37,1,-1,-1,-1
382,867,1081,207,45,35,1,-1,-1,-1
383,867,1077,205,44,36,1,-1,-1,-1
384,867,1076,206,40,34,1,-1,-1,-1
385,867,1070,205,41,34,1,-1,-1,-1
386,867,1065,203,42,34,1,-1,-1,-1
387,867,1062,202,40,35,1,-1,-1,-1
388,867,1057,201,41,33,1,-1,-1,-1
389,867,1054,202,39,31,1,-1,-1,-1
390,867,1051,201,39,30,1,-1,-1,-1
391,867,1049,202,37,28,1,-1,-1,-1
392,867,1047,200,37,28,1,-1,-1,-1
393,867,1043,200,37,28,1,-1,-1,-1
394,867,1043,199,35,29,1,-1,-1,-1
395,867,1040,198,34,28,1,-1,-1,-1
396,867,1037,197,33,28,1,-1,-1,-1
397,867,1033,198,32,29,1,-1,-1,-1
398,867,1030,197,32,28,1,-1,-1,-1
399,867,1025,196,34,28,1,-1,-1,-1
400,867,1024,195,33,28,1,-1,-1,-1
401,867,1021,194,34,29,1,-1,-1,-1
402,867,1018,194,34,28,1,-1,-1,-1
403,867,1018,195,31,26,1,-1,-1,-1
404,867,1015,195,30,26,1,-1,-1,-1
405,867,1014,194,29,27,1,-1,-1,-1
406,867,1014,192,28,27,1,-1,-1,-1
407,867,1012,190,27,28,1,-1,-1,-1
408,867,1006,191,31,27,1,-1,-1,-1
409,867,1006,191,30,27,1,-1,-1,-1
410,867,1004,192,29,27,1,-1,-1,-1
411,867,1002,192,28,24,1,-1,-1,-1
412,867,1001,190,28,25,1,-1,-1,-1
413,867,1000,190,25,25,1,-1,-1,-1
414,867,997,190,26,27,1,-1,-1,-1
415,867,996,190,24,25,1,-1,-1,-1
416,867,995,190,24,24,1,-1,-1,-1
417,867,994,189,23,24,1,-1,-1,-1
418,867,993,189,22,23,1,-1,-1,-1
419,867,992,189,23,23,1,-1,-1,-1
420,867,991,189,24,23,1,-1,-1,-1
421,867,990,189,23,22,1,-1,-1,-1
344,868,819,183,27,30,1,-1,-1,-1
345,868,819,186,25,29,1,-1,-1,-1
346,868,819,188,26,27,1,-1,-1,-1
347,868,819,189,26,26,1,-1,-1,-1
348,868,820,190,25,24,1,-1,-1,-1
349,868,820,188,24,24,1,-1,-1,-1
350,868,820,187,25,24,1,-1,-1,-1
351,868,820,188,25,24,1,-1,-1,-1
352,868,821,190,25,24,1,-1,-1,-1
353,868,821,188,25,25,1,-1,-1,-1
354,868,820,191,26,24,1,-1,-1,-1
355,868,819,190,26,25,1,-1,-1,-1
356,868,818,191,27,25,1,-1,-1,-1
357,868,818,190,25,25,1,-1,-1,-1
358,868,817,192,25,26,1,-1,-1,-1
359,868,814,193,28,26,1,-1,-1,-1
360,868,814,194,28,25,1,-1,-1,-1
361,868,813,193,28,26,1,-1,-1,-1
362,868,813,193,28,26,1,-1,-1,-1
363,868,813,193,28,25,1,-1,-1,-1
364,868,813,194,28,27,1,-1,-1,-1
365,868,813,192,30,28,1,-1,-1,-1
366,868,813,192,31,28,1,-1,-1,-1
367,868,814,192,31,28,1,-1,-1,-1
368,868,813,191,32,30,1,-1,-1,-1
369,868,812,191,33,29,1,-1,-1,-1
370,868,811,191,32,31,1,-1,-1,-1
371,868,810,195,31,28,1,-1,-1,-1
372,868,810,195,32,28,1,-1,-1,-1
373,868,808,195,33,29,1,-1,-1,-1
374,868,808,196,34,29,1,-1,-1,-1
375,868,807,196,34,29,1,-1,-1,-1
376,868,807,196,33,30,1,-1,-1,-1
377,868,808,196,33,32,1,-1,-1,-1
378,868,809,197,33,32,1,-1,-1,-1
379,868,808,197,34,31,1,-1,-1,-1
380,868,808,197,33,33,1,-1,-1,-1
381,868,809,199,33,33,1,-1,-1,-1
382,868,807,200,35,32,1,-1,-1,-1
383,868,807,201,35,31,1,-1,-1,-1
384,868,806,203,37,31,1,-1,-1,-1
385,868,805,205,39,31,1,-1,-1,-1
386,868,803,207,40,31,1,-1,-1,-1
387,868,802,206,40,32,1,-1,-1,-1
388,868,802,208,39,32,1,-1,-1,-1
389,868,799,209,42,32,1,-1,-1,-1
390,868,801,208,39,35,1,-1,-1,-1
391,868,800,209,42,35,1,-1,-1,-1
392,868,800,211,40,34,1,-1,-1,-1
393,868,800,215,40,32,1,-1,-1,-1
394,868,798,217,42,30,1,-1,-1,-1
395,868,797,218,42,31,1,-1,-1,-1
396,868,795,220,46,31,1,-1,-1,-1
397,868,791,220,48,33,1,-1,-1,-1
398,868,789,222,50,34,1,-1,-1,-1
399,868,789,222,52,36,1,-1,-1,-1
400,868,786,225,50,34,1,-1,-1,-1
401,868,784,226,50,36,1,-1,-1,-1
402,868,783,227,51,38,1,-1,-1,-1
403,868,780,228,51,40,1,-1,-1,-1
404,868,780,230,50,41,1,-1,-1,-1
405,868,778,231,54,41,1,-1,-1,-1
406,868,776,234,53,41,1,-1,-1,-1
407,868,772,232,56,45,1,-1,-1,-1
408,868,770,237,57,43,1,-1,-1,-1
409,868,767,240,60,44,1,-1,-1,-1
410,868,765,242,60,46,1,-1,-1,-1
411,868,764,244,60,47,1,-1,-1,-1
412,868,761,247,59,47,1,-1,-1,-1
413,868,757,251,61,47,1,-1,-1,-1
414,868,753,254,64,50,1,-1,-1,-1
415,868,748,255,67,52,1,-1,-1,-1
416,868,745,257,68,56,1,-1,-1,-1
417,868,742,263,68,55,1,-1,-1,-1
418,868,739,268,69,54,1,-1,-1,-1
419,868,735,272,71,55,1,-1,-1,-1
420,868,731,276,75,58,1,-1,-1,-1
421,868,726,280,78,61,1,-1,-1,-1
422,868,722,286,79,61,1,-1,-1,-1
423,868,716,292,83,62,1,-1,-1,-1
424,868,711,295,83,66,1,-1,-1,-1
425,868,703,303,89,68,1,-1,-1,-1
426,868,699,308,89,72,1,-1,-1,-1
427,868,692,314,92,77,1,-1,-1,-1
428,868,681,320,101,81,1,-1,-1,-1
429,868,674,328,102,82,1,-1,-1,-1
430,868,667,340,103,83,1,-1,-1,-1
431,868,659,345,106,90,1,-1,-1,-1
432,868,650,355,110,94,1,-1,-1,-1
433,868,641,366,117,98,1,-1,-1,-1
434,868,626,379,126,102,1,-1,-1,-1
435,868,614,391,131,107,1,-1,-1,-1
436,868,601,403,139,117,1,-1,-1,-1
437,868,587,419,145,123,1,-1,-1,-1
438,868,571,436,151,133,1,-1,-1,-1
439,868,551,456,163,142,1,-1,-1,-1
440,868,530,477,174,154,1,-1,-1,-1
441,868,508,504,184,162,1,-1,-1,-1
442,868,480,533,199,179,1,-1,-1,-1
443,868,449,567,218,196,1,-1,-1,-1
444,868,414,604,236,219,1,-1,-1,-1
445,868,371,651,260,245,1,-1,-1,-1
446,868,322,706,290,281,1,-1,-1,-1
447,868,261,774,322,303,1,-1,-1,-1
448,868,196,857,359,218,1,-1,-1,-1
449,868,169,956,348,120,1,-1,-1,-1
426,872,790,195,22,23,1,-1,-1,-1
427,872,788,196,24,23,1,-1,-1,-1
428,872,786,196,24,23,1,-1,-1,-1
429,872,786,197,23,25,1,-1,-1,-1
430,872,784,198,25,24,1,-1,-1,-1
432,872,782,197,26,23,1,-1,-1,-1
433,872,782,195,26,22,1,-1,-1,-1
434,872,782,196,27,22,1,-1,-1,-1
435,872,781,196,29,23,1,-1,-1,-1
436,872,781,195,29,22,1,-1,-1,-1
437,872,778,195,32,23,1,-1,-1,-1
438,872,778,195,32,24,1,-1,-1,-1
439,872,777,196,30,25,1,-1,-1,-1
440,872,776,196,30,25,1,-1,-1,-1
441,872,777,196,28,24,1,-1,-1,-1
442,872,776,198,30,27,1,-1,-1,-1
443,872,774,199,30,26,1,-1,-1,-1
444,872,773,199,30,25,1,-1,-1,-1
445,872,773,198,30,25,1,-1,-1,-1
446,872,772,199,30,25,1,-1,-1,-1
447,872,772,199,30,25,1,-1,-1,-1
448,872,771,200,31,25,1,-1,-1,-1
449,872,769,199,32,24,1,-1,-1,-1
450,872,768,200,32,24,1,-1,-1,-1
451,872,767,201,31,23,1,-1,-1,-1
452,872,766,202,30,23,1,-1,-1,-1
453,872,764,202,33,25,1,-1,-1,-1
454,872,763,202,32,25,1,-1,-1,-1
455,872,761,203,33,25,1,-1,-1,-1
456,872,759,202,33,26,1,-1,-1,-1
457,872,756,203,34,27,1,-1,-1,-1
458,872,755,202,37,28,1,-1,-1,-1
459,872,754,202,37,28,1,-1,-1,-1
460,872,752,204,38,27,1,-1,-1,-1
461,872,751,205,36,25,1,-1,-1,-1
462,872,750,207,36,25,1,-1,-1,-1
463,872,749,208,37,25,1,-1,-1,-1
464,872,747,206,37,27,1,-1,-1,-1
465,872,744,207,39,28,1,-1,-1,-1
466,872,743,211,39,25,1,-1,-1,-1
467,872,741,210,39,28,1,-1,-1,-1
468,872,739,210,39,29,1,-1,-1,-1
469,872,736,212,40,30,1,-1,-1,-1
470,872,734,212,40,29,1,-1,-1,-1
471,872,732,212,42,33,1,-1,-1,-1
472,872,731,212,41,34,1,-1,-1,-1
473,872,726,213,44,35,1,-1,-1,-1
474,872,724,215,43,35,1,-1,-1,-1
475,872,722,217,44,34,1,-1,-1,-1
476,872,719,218,46,34,1,-1,-1,-1
477,872,718,221,44,33,1,-1,-1,-1
478,872,716,219,45,36,1,-1,-1,-1
479,872,712,221,48,38,1,-1,-1,-1
480,872,709,221,49,43,1,-1,-1,-1
481,872,706,227,49,38,1,-1,-1,-1
482,872,702,227,51,41,1,-1,-1,-1
483,872,698,230,50,41,1,-1,-1,-1
484,872,693,233,53,40,1,-1,-1,-1
485,872,690,235,52,41,1,-1,-1,-1
486,872,685,235,56,44,1,-1,-1,-1
487,872,680,240,58,42,1,-1,-1,-1
488,872,675,243,59,43,1,-1,-1,-1
489,872,671,245,61,46,1,-1,-1,-1
490,872,668,247,60,48,1,-1,-1,-1
491,872,660,249,64,49,1,-1,-1,-1
492,872,656,254,63,49,1,-1,-1,-1
493,872,649,256,65,52,1,-1,-1,-1
494,872,642,260,69,55,1,-1,-1,-1
495,872,636,264,70,56,1,-1,-1,-1
496,872,626,268,75,58,1,-1,-1,-1
497,872,619,273,75,58,1,-1,-1,-1
498,872,609,281,78,60,1,-1,-1,-1
499,872,600,285,82,62,1,-1,-1,-1
500,872,589,290,86,68,1,-1,-1,-1
501,872,578,296,89,72,1,-1,-1,-1
502,872,568,303,91,73,1,-1,-1,-1
503,872,557,310,94,78,1,-1,-1,-1
504,872,541,319,101,81,1,-1,-1,-1
505,872,529,329,105,84,1,-1,-1,-1
506,872,514,335,109,90,1,-1,-1,-1
507,872,498,348,116,92,1,-1,-1,-1
508,872,480,357,121,104,1,-1,-1,-1
509,872,457,369,131,109,1,-1,-1,-1
510,872,435,385,136,113,1,-1,-1,-1
511,872,408,402,146,122,1,-1,-1,-1
512,872,379,419,155,133,1,-1,-1,-1
513,872,346,443,168,143,1,-1,-1,-1
514,872,310,467,181,155,1,-1,-1,-1
515,872,268,494,195,171,1,-1,-1,-1
516,872,219,527,214,186,1,-1,-1,-1
517,872,161,563,238,209,1,-1,-1,-1
518,872,94,611,263,231,1,-1,-1,-1
519,872,13,664,297,265,1,-1,-1,-1
520,872,0,734,254,306,1,-1,-1,-1
521,872,0,823,183,254,1,-1,-1,-1
427,873,1797,478,122,182,1,-1,-1,-1
428,873,1732,446,187,169,1,-1,-1,-1
429,873,1675,424,241,159,1,-1,-1,-1
430,873,1625,405,219,146,1,-1,-1,-1
431,873,1581,388,203,134,1,-1,-1,-1
432,873,1541,373,188,126,1,-1,-1,-1
433,873,1505,357,177,119,1,-1,-1,-1
434,873,1473,345,164,115,1,-1,-1,-1
435,873,1443,335,154,107,1,-1,-1,-1
436,873,1418,322,145,104,1,-1,-1,-1
437,873,1392,313,138,98,1,-1,-1,-1
438,873,1370,306,129,92,1,-1,-1,-1
439,873,1351,296,122,88,1,-1,-1,-1
440,873,1329,292,116,82,1,-1,-1,-1
441,873,1310,284,113,79,1,-1,-1,-1
442,873,1292,279,109,76,1,-1,-1,-1
443,873,1277,273,103,75,1,-1,-1,-1
444,873,1263,267,98,71,1,-1,-1,-1
445,873,1248,264,95,66,1,-1,-1,-1
446,873,1235,259,93,65,1,-1,-1,-1
447,873,1224,256,88,62,1,-1,-1,-1
448,873,1212,251,87,61,1,-1,-1,-1
449,873,1203,246,82,61,1,-1,-1,-1
450,873,1191,244,82,58,1,-1,-1,-1
451,873,1183,239,79,57,1,-1,-1,-1
452,873,1174,237,75,55,1,-1,-1,-1
453,873,1166,236,71,52,1,-1,-1,-1
454,873,1157,233,70,50,1,-1,-1,-1
455,873,1148,229,67,49,1,-1,-1,-1
456,873,1140,226,66,49,1,-1,-1,-1
457,873,1134,225,64,48,1,-1,-1,-1
458,873,1128,223,61,47,1,-1,-1,-1
459,873,1123,220,60,46,1,-1,-1,-1
460,873,1117,218,58,44,1,-1,-1,-1
461,873,1109,215,60,45,1,-1,-1,-1
462,873,1105,212,57,43,1,-1,-1,-1
463,873,1101,213,55,40,1,-1,-1,-1
464,873,1096,212,53,41,1,-1,-1,-1
465,873,1092,211,53,39,1,-1,-1,-1
466,873,1085,208,54,40,1,-1,-1,-1
467,873,1081,208,53,39,1,-1,-1,-1
468,873,1077,206,50,40,1,-1,-1,-1
469,873,1074,204,45,39,1,-1,-1,-1
470,873,1068,205,47,35,1,-1,-1,-1
471,873,1063,200,47,40,1,-1,-1,-1
472,873,1060,200,45,38,1,-1,-1,-1
473,873,1056,200,47,36,1,-1,-1,-1
474,873,1052,200,44,37,1,-1,-1,-1
475,873,1049,199,44,35,1,-1,-1,-1
476,873,1044,198,46,35,1,-1,-1,-1
477,873,1041,197,46,36,1,-1,-1,-1
478,873,1040,197,43,34,1,-1,-1,-1
479,873,1038,196,42,35,1,-1,-1,-1
480,873,1037,194,40,35,1,-1,-1,-1
481,873,1035,194,38,33,1,-1,-1,-1
482,873,1030,195,41,33,1,-1,-1,-1
483,873,1027,194,41,33,1,-1,-1,-1
484,873,1024,193,41,32,1,-1,-1,-1
485,873,1021,193,41,33,1,-1,-1,-1
486,873,1020,193,40,32,1,-1,-1,-1
487,873,1016,192,39,33,1,-1,-1,-1
488,873,1015,192,38,31,1,-1,-1,-1
489,873,1015,193,35,29,1,-1,-1,-1
490,873,1011,193,38,29,1,-1,-1,-1
491,873,1011,192,34,29,1,-1,-1,-1
492,873,1008,191,36,30,1,-1,-1,-1
493,873,1008,191,35,31,1,-1,-1,-1
494,873,1005,190,35,30,1,-1,-1,-1
495,873,1005,189,32,30,1,-1,-1,-1
496,873,1002,189,33,28,1,-1,-1,-1
497,873,1001,188,31,28,1,-1,-1,-1
498,873,999,189,30,28,1,-1,-1,-1
499,873,997,190,30,26,1,-1,-1,-1
500,873,995,189,29,25,1,-1,-1,-1
501,873,994,189,33,26,1,-1,-1,-1
502,873,993,189,30,24,1,-1,-1,-1
503,873,992,189,31,24,1,-1,-1,-1
504,873,992,188,30,24,1,-1,-1,-1
505,873,992,188,27,24,1,-1,-1,-1
506,873,992,188,26,25,1,-1,-1,-1
507,873,990,187,27,24,1,-1,-1,-1
508,873,989,188,26,25,1,-1,-1,-1
509,873,987,187,27,25,1,-1,-1,-1
510,873,985,187,28,24,1,-1,-1,-1
511,873,984,186,26,25,1,-1,-1,-1
512,873,982,187,28,24,1,-1,-1,-1
513,873,982,186,25,24,1,-1,-1,-1
514,873,981,186,27,24,1,-1,-1,-1
515,873,980,185,24,24,1,-1,-1,-1
516,873,978,185,23,23,1,-1,-1,-1
517,873,978,185,22,23,1,-1,-1,-1
518,873,976,184,22,25,1,-1,-1,-1
519,873,975,185,23,24,1,-1,-1,-1
520,873,976,185,23,24,1,-1,-1,-1
521,873,975,185,22,24,1,-1,-1,-1
522,873,975,183,22,24,1,-1,-1,-1
523,873,974,183,21,24,1,-1,-1,-1
524,873,973,183,22,24,1,-1,-1,-1
525,873,969,182,24,24,1,-1,-1,-1
526,873,970,183,23,24,1,-1,-1,-1
527,873,968,182,23,24,1,-1,-1,-1
466,874,1838,514,81,138,1,-1,-1,-1
467,874,1769,477,149,184,1,-1,-1,-1
468,874,1711,447,209,169,1,-1,-1,-1
469,874,1656,427,236,158,1,-1,-1,-1
470,874,1611,409,220,148,1,-1,-1,-1
471,874,1565,389,205,137,1,-1,-1,-1
472,874,1529,375,188,129,1,-1,-1,-1
473,874,1493,362,179,122,1,-1,-1,-1
474,874,1465,350,165,115,1,-1,-1,-1
475,874,1455,339,138,109,1,-1,-1,-1
476,874,1414,327,145,103,1,-1,-1,-1
477,874,1388,319,137,97,1,-1,-1,-1
478,874,1369,308,127,95,1,-1,-1,-1
479,874,1347,302,126,88,1,-1,-1,-1
480,874,1329,297,118,82,1,-1,-1,-1
481,874,1311,287,113,83,1,-1,-1,-1
482,874,1294,281,110,80,1,-1,-1,-1
483,874,1277,276,105,77,1,-1,-1,-1
484,874,1264,272,101,72,1,-1,-1,-1
485,874,1256,267,90,70,1,-1,-1,-1
486,874,1236,262,93,68,1,-1,-1,-1
487,874,1223,258,92,65,1,-1,-1,-1
488,874,1214,254,86,64,1,-1,-1,-1
489,874,1203,250,84,62,1,-1,-1,-1
490,874,1196,246,81,60,1,-1,-1,-1
491,874,1187,243,77,58,1,-1,-1,-1
492,874,1180,239,75,57,1,-1,-1,-1
493,874,1171,237,74,55,1,-1,-1,-1
494,874,1164,236,71,52,1,-1,-1,-1
495,874,1157,232,68,51,1,-1,-1,-1
496,874,1152,229,63,48,1,-1,-1,-1
497,874,1144,226,64,50,1,-1,-1,-1
498,874,1135,223,64,50,1,-1,-1,-1
499,874,1130,224,62,45,1,-1,-1,-1
500,874,1124,221,59,45,1,-1,-1,-1
501,874,1118,217,59,46,1,-1,-1,-1
502,874,1112,215,58,44,1,-1,-1,-1
503,874,1107,214,57,43,1,-1,-1,-1
504,874,1104,213,54,41,1,-1,-1,-1
505,874,1101,211,51,41,1,-1,-1,-1
506,874,1096,212,51,40,1,-1,-1,-1
507,874,1091,209,51,40,1,-1,-1,-1
508,874,1087,208,51,40,1,-1,-1,-1
509,874,1083,206,50,39,1,-1,-1,-1
510,874,1079,205,47,38,1,-1,-1,-1
511,874,1076,204,44,37,1,-1,-1,-1
512,874,1073,203,43,35,1,-1,-1,-1
513,874,1067,202,45,36,1,-1,-1,-1
514,874,1064,201,44,35,1,-1,-1,-1
515,874,1062,200,41,37,1,-1,-1,-1
516,874,1057,199,41,35,1,-1,-1,-1
517,874,1055,201,41,31,1,-1,-1,-1
518,874,1051,199,42,32,1,-1,-1,-1
519,874,1048,198,42,32,1,-1,-1,-1
520,874,1048,198,39,30,1,-1,-1,-1
521,874,1044,198,41,32,1,-1,-1,-1
522,874,1042,197,39,31,1,-1,-1,-1
523,874,1040,195,38,32,1,-1,-1,-1
524,874,1038,194,36,31,1,-1,-1,-1
525,874,1033,194,36,32,1,-1,-1,-1
526,874,1031,195,34,30,1,-1,-1,-1
527,874,1027,194,36,30,1,-1,-1,-1
528,874,1025,194,35,28,1,-1,-1,-1
529,874,1023,194,34,29,1,-1,-1,-1
530,874,1022,193,33,29,1,-1,-1,-1
531,874,1019,192,34,30,1,-1,-1,-1
532,874,1018,192,34,27,1,-1,-1,-1
533,874,1016,191,33,29,1,-1,-1,-1
534,874,1016,191,33,29,1,-1,-1,-1
535,874,1014,191,31,29,1,-1,-1,-1
536,874,1012,189,30,29,1,-1,-1,-1
537,874,1009,189,32,27,1,-1,-1,-1
538,874,1006,190,32,27,1,-1,-1,-1
539,874,1005,189,30,27,1,-1,-1,-1
540,874,1002,188,31,28,1,-1,-1,-1
541,874,1001,189,28,26,1,-1,-1,-1
542,874,1001,189,27,26,1,-1,-1,-1
543,874,998,189,27,24,1,-1,-1,-1
544,874,998,188,25,25,1,-1,-1,-1
545,874,997,189,26,26,1,-1,-1,-1
546,874,996,189,25,24,1,-1,-1,-1
547,874,997,188,23,24,1,-1,-1,-1
548,874,996,189,23,24,1,-1,-1,-1
550,874,993,189,24,22,1,-1,-1,-1
551,874,992,187,23,24,1,-1,-1,-1
552,874,990,187,24,24,1,-1,-1,-1
581,878,1882,453,37,67,1,-1,-1,-1
582,878,1845,442,75,88,1,-1,-1,-1
583,878,1806,428,114,108,1,-1,-1,-1
584,878,1762,426,157,115,1,-1,-1,-1
585,878,1715,426,204,116,1,-1,-1,-1
586,878,1671,425,249,120,1,-1,-1,-1
587,878,1622,428,297,118,1,-1,-1,-1
588,878,1572,427,328,120,1,-1,-1,-1
589,878,1520,428,334,121,1,-1,-1,-1
590,878,1466,429,346,123,1,-1,-1,-1
591,878,1407,431,354,122,1,-1,-1,-1
592,878,1347,432,360,124,1,-1,-1,-1
593,878,1290,431,363,129,1,-1,-1,-1
594,878,1225,432,369,128,1,-1,-1,-1
595,878,1158,432,379,135,1,-1,-1,-1
596,878,1090,435,381,134,1,-1,-1,-1
597,878,1017,436,388,136,1,-1,-1,-1
598,878,945,440,393,137,1,-1,-1,-1
599,878,870,444,398,136,1,-1,-1,-1
600,878,794,447,402,140,1,-1,-1,-1
601,878,716,451,408,140,1,-1,-1,-1
602,878,632,453,416,144,1,-1,-1,-1
603,878,554,457,412,146,1,-1,-1,-1
604,878,471,462,416,148,1,-1,-1,-1
605,878,388,468,414,146,1,-1,-1,-1
606,878,303,471,413,149,1,-1,-1,-1
607,878,216,477,414,149,1,-1,-1,-1
608,878,129,481,412,151,1,-1,-1,-1
609,878,45,486,410,152,1,-1,-1,-1
610,878,0,492,366,153,1,-1,-1,-1
611,878,1,500,279,138,1,-1,-1,-1
612,878,0,505,191,137,1,-1,-1,-1
613,878,1,516,106,130,1,-1,-1,-1
613,879,1870,380,49,80,1,-1,-1,-1
614,879,1836,376,84,80,1,-1,-1,-1
615,879,1800,356,118,97,1,-1,-1,-1
616,879,1765,353,153,99,1,-1,-1,-1
617,879,1732,347,188,110,1,-1,-1,-1
618,879,1698,344,220,112,1,-1,-1,-1
619,879,1668,342,252,110,1,-1,-1,-1
620,879,1634,340,265,108,1,-1,-1,-1
621,879,1607,334,256,110,1,-1,-1,-1
622,879,1576,333,253,107,1,-1,-1,-1
623,879,1550,327,248,108,1,-1,-1,-1
624,879,1523,325,239,106,1,-1,-1,-1
625,879,1498,321,236,105,1,-1,-1,-1
626,879,1475,318,226,104,1,-1,-1,-1
627,879,1454,315,218,104,1,-1,-1,-1
628,879,1435,311,210,101,1,-1,-1,-1
629,879,1419,309,201,101,1,-1,-1,-1
630,879,1401,305,194,99,1,-1,-1,-1
631,879,1387,303,185,97,1,-1,-1,-1
632,879,1375,299,176,96,1,-1,-1,-1
633,879,1362,296,167,93,1,-1,-1,-1
634,879,1351,294,159,93,1,-1,-1,-1
635,879,1338,292,153,91,1,-1,-1,-1
636,879,1327,289,145,90,1,-1,-1,-1
637,879,1318,285,139,89,1,-1,-1,-1
638,879,1308,282,135,88,1,-1,-1,-1
639,879,1299,281,128,86,1,-1,-1,-1
640,879,1291,279,124,83,1,-1,-1,-1
641,879,1285,276,118,83,1,-1,-1,-1
642,879,1279,273,113,81,1,-1,-1,-1
643,879,1272,272,112,78,1,-1,-1,-1
644,879,1266,268,109,79,1,-1,-1,-1
645,879,1261,268,105,76,1,-1,-1,-1
646,879,1255,264,101,76,1,-1,-1,-1
647,879,1248,262,101,74,1,-1,-1,-1
648,879,1242,259,97,74,1,-1,-1,-1
649,879,1236,257,96,72,1,-1,-1,-1
650,879,1229,254,95,72,1,-1,-1,-1
651,879,1224,253,91,70,1,-1,-1,-1
652,879,1218,251,90,68,1,-1,-1,-1
653,879,1213,249,87,66,1,-1,-1,-1
654,879,1206,247,88,67,1,-1,-1,-1
655,879,1202,246,85,65,1,-1,-1,-1
656,879,1198,245,83,62,1,-1,-1,-1
657,879,1196,242,79,62,1,-1,-1,-1
658,879,1191,240,79,60,1,-1,-1,-1
659,879,1185,238,79,61,1,-1,-1,-1
660,879,1181,235,78,60,1,-1,-1,-1
661,879,1176,233,76,60,1,-1,-1,-1
662,879,1173,233,73,58,1,-1,-1,-1
663,879,1166,232,75,56,1,-1,-1,-1
664,879,1162,230,72,55,1,-1,-1,-1
665,879,1157,228,69,54,1,-1,-1,-1
666,879,1152,227,70,53,1,-1,-1,-1
667,879,1149,225,66,51,1,-1,-1,-1
668,879,1144,223,68,53,1,-1,-1,-1
669,879,1137,222,69,52,1,-1,-1,-1
670,879,1136,222,65,50,1,-1,-1,-1
671,879,1134,219,62,51,1,-1,-1,-1
672,879,1130,217,61,50,1,-1,-1,-1
673,879,1125,216,63,49,1,-1,-1,-1
674,879,1123,215,60,48,1,-1,-1,-1
675,879,1120,213,57,48,1,-1,-1,-1
676,879,1118,213,55,46,1,-1,-1,-1
677,879,1109,210,59,46,1,-1,-1,-1
678,879,1107,210,57,44,1,-1,-1,-1
679,879,1102,209,58,44,1,-1,-1,-1
680,879,1100,209,53,42,1,-1,-1,-1
681,879,1097,208,53,43,1,-1,-1,-1
682,879,1093,207,51,42,1,-1,-1,-1
683,879,1091,205,50,44,1,-1,-1,-1
684,879,1087,205,52,41,1,-1,-1,-1
685,879,1083,204,50,41,1,-1,-1,-1
686,879,1081,204,49,39,1,-1,-1,-1
687,879,1078,204,47,39,1,-1,-1,-1
688,879,1074,203,49,38,1,-1,-1,-1
689,879,1073,201,47,38,1,-1,-1,-1
690,879,1066,200,51,38,1,-1,-1,-1
691,879,1064,199,48,39,1,-1,-1,-1
692,879,1061,197,46,39,1,-1,-1,-1
693,879,1060,198,45,39,1,-1,-1,-1
694,879,1057,197,42,36,1,-1,-1,-1
695,879,1055,197,41,35,1,-1,-1,-1
696,879,1051,197,41,34,1,-1,-1,-1
697,879,1048,197,41,34,1,-1,-1,-1
698,879,1046,195,43,34,1,-1,-1,-1
699,879,1043,195,42,33,1,-1,-1,-1
700,879,1041,195,42,32,1,-1,-1,-1
701,879,1041,194,39,32,1,-1,-1,-1
702,879,1040,195,38,31,1,-1,-1,-1
703,879,1037,194,36,32,1,-1,-1,-1
704,879,1036,194,35,31,1,-1,-1,-1
705,879,1032,193,35,32,1,-1,-1,-1
706,879,1032,192,36,33,1,-1,-1,-1
707,879,1027,191,40,33,1,-1,-1,-1
708,879,1024,190,37,31,1,-1,-1,-1
709,879,1023,191,36,30,1,-1,-1,-1
710,879,1020,192,37,29,1,-1,-1,-1
711,879,1021,192,34,27,1,-1,-1,-1
712,879,1018,191,36,28,1,-1,-1,-1
713,879,1016,191,37,29,1,-1,-1,-1
714,879,1016,188,35,31,1,-1,-1,-1
715,879,1016,188,33,29,1,-1,-1,-1
716,879,1013,188,33,30,1,-1,-1,-1
717,879,1011,189,33,28,1,-1,-1,-1
718,879,1007,189,35,30,1,-1,-1,-1
719,879,1006,190,35,28,1,-1,-1,-1
720,879,1006,189,32,27,1,-1,-1,-1
721,879,1002,189,34,26,1,-1,-1,-1
722,879,1001,189,33,25,1,-1,-1,-1
723,879,1000,190,31,25,1,-1,-1,-1
724,879,1000,188,30,27,1,-1,-1,-1
725,879,997,189,30,28,1,-1,-1,-1
726,879,995,188,30,27,1,-1,-1,-1
727,879,994,188,29,26,1,-1,-1,-1
728,879,995,188,28,27,1,-1,-1,-1
729,879,995,188,27,26,1,-1,-1,-1
730,879,994,187,26,26,1,-1,-1,-1
731,879,992,187,25,25,1,-1,-1,-1
732,879,992,187,25,26,1,-1,-1,-1
733,879,990,186,27,25,1,-1,-1,-1
734,879,991,186,24,24,1,-1,-1,-1
735,879,986,186,26,24,1,-1,-1,-1
736,879,985,186,24,23,1,-1,-1,-1
739,879,979,185,25,23,1,-1,-1,-1
742,879,977,184,23,26,1,-1,-1,-1
752,879,967,183,24,23,1,-1,-1,-1
627,882,0,668,93,150,1,-1,-1,-1
628,882,0,654,150,166,1,-1,-1,-1
629,882,0,619,210,199,1,-1,-1,-1
630,882,0,608,270,208,1,-1,-1,-1
631,882,1,604,329,210,1,-1,-1,-1
632,882,0,599,393,222,1,-1,-1,-1
633,882,0,598,461,219,1,-1,-1,-1
634,882,6,595,516,222,1,-1,-1,-1
635,882,66,592,521,223,1,-1,-1,-1
636,882,129,587,525,225,1,-1,-1,-1
637,882,195,583,529,227,1,-1,-1,-1
638,882,263,577,525,225,1,-1,-1,-1
639,882,330,576,528,223,1,-1,-1,-1
640,882,404,571,527,224,1,-1,-1,-1
641,882,476,567,526,223,1,-1,-1,-1
642,882,552,562,519,223,1,-1,-1,-1
643,882,618,559,527,222,1,-1,-1,-1
644,882,690,553,526,222,1,-1,-1,-1
645,882,766,551,520,219,1,-1,-1,-1
646,882,844,548,514,220,1,-1,-1,-1
647,882,916,544,510,218,1,-1,-1,-1
648,882,988,541,509,218,1,-1,-1,-1
649,882,1063,537,498,215,1,-1,-1,-1
650,882,1135,535,492,213,1,-1,-1,-1
651,882,1207,534,485,208,1,-1,-1,-1
652,882,1279,530,481,207,1,-1,-1,-1
653,882,1346,524,474,209,1,-1,-1,-1
654,882,1418,526,460,203,1,-1,-1,-1
655,882,1492,522,427,201,1,-1,-1,-1
656,882,1560,523,358,196,1,-1,-1,-1
657,882,1629,519,289,198,1,-1,-1,-1
658,882,1692,519,227,191,1,-1,-1,-1
659,882,1757,518,163,188,1,-1,-1,-1
660,882,1819,519,101,156,1,-1,-1,-1
633,884,1859,397,61,67,1,-1,-1,-1
634,884,1819,376,100,84,1,-1,-1,-1
635,884,1779,369,141,89,1,-1,-1,-1
636,884,1735,366,184,95,1,-1,-1,-1
637,884,1696,362,221,96,1,-1,-1,-1
638,884,1658,358,235,97,1,-1,-1,-1
639,884,1622,357,228,93,1,-1,-1,-1
640,884,1588,356,226,89,1,-1,-1,-1
641,884,1554,347,223,96,1,-1,-1,-1
642,884,1523,343,219,93,1,-1,-1,-1
643,884,1494,339,215,91,1,-1,-1,-1
644,884,1466,335,207,91,1,-1,-1,-1
645,884,1443,332,198,89,1,-1,-1,-1
646,884,1421,330,190,88,1,-1,-1,-1
647,884,1400,325,183,88,1,-1,-1,-1
648,884,1379,321,178,88,1,-1,-1,-1
649,884,1365,318,165,87,1,-1,-1,-1
650,884,1347,313,160,85,1,-1,-1,-1
651,884,1336,312,150,82,1,-1,-1,-1
652,884,1324,308,142,80,1,-1,-1,-1
653,884,1312,307,135,78,1,-1,-1,-1
654,884,1302,304,128,78,1,-1,-1,-1
655,884,1294,300,121,78,1,-1,-1,-1
656,884,1284,296,119,76,1,-1,-1,-1
657,884,1279,294,112,74,1,-1,-1,-1
658,884,1271,292,107,71,1,-1,-1,-1
659,884,1266,289,104,71,1,-1,-1,-1
660,884,1263,286,98,70,1,-1,-1,-1
661,884,1255,282,98,71,1,-1,-1,-1
662,884,1246,279,97,70,1,-1,-1,-1
663,884,1243,277,92,69,1,-1,-1,-1
664,884,1240,276,87,66,1,-1,-1,-1
665,884,1234,273,87,65,1,-1,-1,-1
666,884,1228,271,84,66,1,-1,-1,-1
667,884,1224,269,82,62,1,-1,-1,-1
668,884,1217,266,83,62,1,-1,-1,-1
669,884,1216,266,79,60,1,-1,-1,-1
670,884,1209,262,80,59,1,-1,-1,-1
671,884,1205,259,78,58,1,-1,-1,-1
672,884,1202,258,75,56,1,-1,-1,-1
673,884,1200,257,72,55,1,-1,-1,-1
674,884,1194,254,74,55,1,-1,-1,-1
675,884,1189,251,72,56,1,-1,-1,-1
676,884,1185,250,71,54,1,-1,-1,-1
677,884,1180,248,70,52,1,-1,-1,-1
678,884,1176,245,69,53,1,-1,-1,-1
679,884,1172,244,67,52,1,-1,-1,-1
680,884,1169,243,66,50,1,-1,-1,-1
681,884,1162,240,65,49,1,-1,-1,-1
682,884,1157,236,65,49,1,-1,-1,-1
683,884,1157,236,60,49,1,-1,-1,-1
684,884,1151,235,62,48,1,-1,-1,-1
685,884,1148,234,63,47,1,-1,-1,-1
686,884,1147,233,58,44,1,-1,-1,-1
687,884,1141,230,59,46,1,-1,-1,-1
688,884,1138,228,57,46,1,-1,-1,-1
689,884,1136,227,56,46,1,-1,-1,-1
690,884,1132,224,55,46,1,-1,-1,-1
691,884,1126,225,55,44,1,-1,-1,-1
692,884,1124,223,54,43,1,-1,-1,-1
693,884,1120,222,52,41,1,-1,-1,-1
694,884,1115,221,52,40,1,-1,-1,-1
695,884,1110,220,53,40,1,-1,-1,-1
696,884,1107,218,52,39,1,-1,-1,-1
697,884,1105,217,51,37,1,-1,-1,-1
698,884,1102,217,50,36,1,-1,-1,-1
699,884,1098,215,48,36,1,-1,-1,-1
700,884,1097,214,48,37,1,-1,-1,-1
701,884,1094,214,48,35,1,-1,-1,-1
702,884,1092,212,47,37,1,-1,-1,-1
703,884,1087,211,47,36,1,-1,-1,-1
704,884,1084,212,45,33,1,-1,-1,-1
705,884,1083,210,42,34,1,-1,-1,-1
706,884,1079,209,42,34,1,-1,-1,-1
707,884,1076,209,41,34,1,-1,-1,-1
708,884,1072,206,42,32,1,-1,-1,-1
709,884,1069,206,42,32,1,-1,-1,-1
710,884,1065,205,41,32,1,-1,-1,-1
711,884,1061,206,43,30,1,-1,-1,-1
712,884,1061,203,39,32,1,-1,-1,-1
713,884,1057,202,38,31,1,-1,-1,-1
714,884,1055,203,40,30,1,-1,-1,-1
715,884,1056,204,37,28,1,-1,-1,-1
716,884,1051,204,38,27,1,-1,-1,-1
717,884,1049,202,38,28,1,-1,-1,-1
718,884,1047,201,37,28,1,-1,-1,-1
719,884,1043,200,40,30,1,-1,-1,-1
720,884,1038,199,40,30,1,-1,-1,-1
721,884,1038,199,37,29,1,-1,-1,-1
722,884,1038,198,34,28,1,-1,-1,-1
723,884,1035,198,35,26,1,-1,-1,-1
724,884,1032,197,35,28,1,-1,-1,-1
725,884,1031,197,31,28,1,-1,-1,-1
726,884,1028,196,32,28,1,-1,-1,-1
727,884,1026,197,32,27,1,-1,-1,-1
728,884,1025,196,32,27,1,-1,-1,-1
729,884,1025,196,32,26,1,-1,-1,-1
730,884,1023,196,31,27,1,-1,-1,-1
731,884,1022,196,30,27,1,-1,-1,-1
732,884,1022,195,28,26,1,-1,-1,-1
733,884,1020,195,28,26,1,-1,-1,-1
734,884,1017,196,28,27,1,-1,-1,-1
735,884,1016,195,27,27,1,-1,-1,-1
736,884,1016,195,26,25,1,-1,-1,-1
737,884,1012,194,27,25,1,-1,-1,-1
738,884,1011,193,22,25,1,-1,-1,-1
739,884,1008,192,26,25,1,-1,-1,-1
740,884,1007,191,25,26,1,-1,-1,-1
741,884,1006,192,25,26,1,-1,-1,-1
742,884,1004,190,24,25,1,-1,-1,-1
743,884,1003,191,25,24,1,-1,-1,-1
744,884,1002,190,23,25,1,-1,-1,-1
745,884,1001,190,22,23,1,-1,-1,-1
746,884,1000,191,22,25,1,-1,-1,-1
747,884,999,190,22,24,1,-1,-1,-1
748,884,998,191,22,24,1,-1,-1,-1
751,884,984,187,29,25,1,-1,-1,-1
755,884,974,185,35,25,1,-1,-1,-1
756,884,968,183,34,25,1,-1,-1,-1
758,884,965,183,36,24,1,-1,-1,-1
759,884,964,182,38,24,1,-1,-1,-1
761,884,965,182,36,24,1,-1,-1,-1
647,886,1,645,111,187,1,-1,-1,-1
648,886,0,628,179,202,1,-1,-1,-1
649,886,0,589,251,239,1,-1,-1,-1
650,886,2,584,320,241,1,-1,-1,-1
651,886,1,582,398,237,1,-1,-1,-1
652,886,0,582,472,250,1,-1,-1,-1
653,886,2,574,544,255,1,-1,-1,-1
654,886,2,569,624,257,1,-1,-1,-1
655,886,78,566,629,257,1,-1,-1,-1
656,886,156,563,631,255,1,-1,-1,-1
657,886,242,556,628,255,1,-1,-1,-1
658,886,325,549,630,256,1,-1,-1,-1
659,886,410,545,627,256,1,-1,-1,-1
660,886,496,538,623,256,1,-1,-1,-1
661,886,574,533,628,256,1,-1,-1,-1
662,886,660,531,617,251,1,-1,-1,-1
663,886,746,526,613,248,1,-1,-1,-1
664,886,828,521,604,247,1,-1,-1,-1
665,886,907,516,601,246,1,-1,-1,-1
666,886,985,513,593,243,1,-1,-1,-1
667,886,1062,509,585,239,1,-1,-1,-1
668,886,1144,506,569,235,1,-1,-1,-1
669,886,1217,502,561,234,1,-1,-1,-1
670,886,1293,502,549,227,1,-1,-1,-1
671,886,1366,500,534,224,1,-1,-1,-1
672,886,1441,497,476,221,1,-1,-1,-1
673,886,1507,494,413,219,1,-1,-1,-1
674,886,1576,494,342,214,1,-1,-1,-1
675,886,1643,493,276,211,1,-1,-1,-1
676,886,1707,490,212,209,1,-1,-1,-1
677,886,1769,495,151,179,1,-1,-1,-1
651,887,1867,396,53,66,1,-1,-1,-1
652,887,1820,370,99,88,1,-1,-1,-1
653,887,1777,362,143,93,1,-1,-1,-1
654,887,1733,356,186,101,1,-1,-1,-1
655,887,1692,354,226,103,1,-1,-1,-1
656,887,1653,352,247,100,1,-1,-1,-1
657,887,1615,349,244,98,1,-1,-1,-1
658,887,1582,345,239,98,1,-1,-1,-1
659,887,1547,340,237,99,1,-1,-1,-1
660,887,1518,336,229,96,1,-1,-1,-1
661,887,1488,331,219,97,1,-1,-1,-1
662,887,1461,327,211,96,1,-1,-1,-1
663,887,1437,324,202,95,1,-1,-1,-1
664,887,1414,319,195,94,1,-1,-1,-1
665,887,1395,316,184,93,1,-1,-1,-1
666,887,1377,311,174,92,1,-1,-1,-1
667,887,1363,308,164,91,1,-1,-1,-1
668,887,1350,305,154,88,1,-1,-1,-1
669,887,1339,303,145,84,1,-1,-1,-1
670,887,1328,300,139,84,1,-1,-1,-1
671,887,1320,296,130,84,1,-1,-1,-1
672,887,1313,294,122,80,1,-1,-1,-1
673,887,1304,291,118,79,1,-1,-1,-1
674,887,1299,286,111,81,1,-1,-1,-1
675,887,1290,285,110,77,1,-1,-1,-1
676,887,1285,283,103,75,1,-1,-1,-1
677,887,1278,279,101,76,1,-1,-1,-1
678,887,1270,276,99,75,1,-1,-1,-1
679,887,1265,274,95,73,1,-1,-1,-1
680,887,1263,271,90,73,1,-1,-1,-1
681,887,1256,269,90,70,1,-1,-1,-1
682,887,1247,267,91,69,1,-1,-1,-1
683,887,1245,266,86,67,1,-1,-1,-1
684,887,1239,264,86,66,1,-1,-1,-1
685,887,1236,261,83,65,1,-1,-1,-1
686,887,1229,260,84,64,1,-1,-1,-1
687,887,1225,258,81,61,1,-1,-1,-1
688,887,1221,256,79,61,1,-1,-1,-1
689,887,1216,254,79,61,1,-1,-1,-1
690,887,1216,254,73,59,1,-1,-1,-1
691,887,1204,250,78,58,1,-1,-1,-1
692,887,1202,248,75,58,1,-1,-1,-1
693,887,1199,245,71,57,1,-1,-1,-1
694,887,1194,245,70,56,1,-1,-1,-1
695,887,1192,243,66,56,1,-1,-1,-1
696,887,1185,242,69,54,1,-1,-1,-1
697,887,1181,240,67,54,1,-1,-1,-1
698,887,1178,238,66,53,1,-1,-1,-1
699,887,1176,237,64,53,1,-1,-1,-1
700,887,1172,236,62,51,1,-1,-1,-1
701,887,1170,234,62,50,1,-1,-1,-1
702,887,1167,232,58,51,1,-1,-1,-1
703,887,1161,231,61,49,1,-1,-1,-1
704,887,1156,229,62,49,1,-1,-1,-1
705,887,1154,227,59,48,1,-1,-1,-1
706,887,1151,227,57,48,1,-1,-1,-1
707,887,1146,225,57,48,1,-1,-1,-1
708,887,1143,224,55,47,1,-1,-1,-1
709,887,1140,224,54,46,1,-1,-1,-1
710,887,1135,223,57,45,1,-1,-1,-1
711,887,1132,222,55,44,1,-1,-1,-1
712,887,1129,219,56,44,1,-1,-1,-1
713,887,1128,218,52,43,1,-1,-1,-1
714,887,1124,217,53,42,1,-1,-1,-1
715,887,1123,215,51,41,1,-1,-1,-1
716,887,1120,216,49,40,1,-1,-1,-1
717,887,1116,214,51,39,1,-1,-1,-1
718,887,1114,212,49,40,1,-1,-1,-1
719,887,1110,212,51,40,1,-1,-1,-1
720,887,1106,212,51,39,1,-1,-1,-1
721,887,1104,210,47,39,1,-1,-1,-1
722,887,1101,209,47,40,1,-1,-1,-1
723,887,1099,209,45,40,1,-1,-1,-1
724,887,1096,206,45,40,1,-1,-1,-1
725,887,1093,207,45,38,1,-1,-1,-1
726,887,1088,204,49,39,1,-1,-1,-1
727,887,1087,205,45,37,1,-1,-1,-1
728,887,1085,204,44,38,1,-1,-1,-1
729,887,1081,203,45,37,1,-1,-1,-1
730,887,1080,203,44,36,1,-1,-1,-1
731,887,1077,202,42,34,1,-1,-1,-1
732,887,1074,201,44,34,1,-1,-1,-1
733,887,1074,201,39,34,1,-1,-1,-1
734,887,1068,201,41,35,1,-1,-1,-1
735,887,1065,200,41,33,1,-1,-1,-1
736,887,1062,200,40,32,1,-1,-1,-1
737,887,1060,200,40,31,1,-1,-1,-1
738,887,1057,200,39,32,1,-1,-1,-1
739,887,1054,200,39,31,1,-1,-1,-1
740,887,1052,199,38,30,1,-1,-1,-1
741,887,1051,199,36,30,1,-1,-1,-1
742,887,1048,198,38,30,1,-1,-1,-1
743,887,1047,198,37,30,1,-1,-1,-1
744,887,1044,197,39,30,1,-1,-1,-1
745,887,1044,196,35,30,1,-1,-1,-1
746,887,1041,196,36,29,1,-1,-1,-1
747,887,1039,196,37,29,1,-1,-1,-1
748,887,1037,196,36,30,1,-1,-1,-1
749,887,1036,196,34,28,1,-1,-1,-1
750,887,1034,196,31,28,1,-1,-1,-1
751,887,1031,196,32,30,1,-1,-1,-1
752,887,1027,194,35,29,1,-1,-1,-1
753,887,1026,195,34,28,1,-1,-1,-1
754,887,1025,194,32,28,1,-1,-1,-1
755,887,1023,194,36,28,1,-1,-1,-1
756,887,1024,193,32,28,1,-1,-1,-1
757,887,1021,192,34,28,1,-1,-1,-1
758,887,1020,192,33,27,1,-1,-1,-1
759,887,1021,191,29,28,1,-1,-1,-1
760,887,1020,191,29,27,1,-1,-1,-1
761,887,1020,192,27,26,1,-1,-1,-1
762,887,1017,191,27,26,1,-1,-1,-1
763,887,1015,192,26,26,1,-1,-1,-1
764,887,1011,193,28,24,1,-1,-1,-1
765,887,1011,191,27,26,1,-1,-1,-1
766,887,1009,191,26,24,1,-1,-1,-1
767,887,1006,192,27,24,1,-1,-1,-1
768,887,1005,191,28,25,1,-1,-1,-1
769,887,1004,189,28,26,1,-1,-1,-1
770,887,1004,190,26,24,1,-1,-1,-1
771,887,1004,190,27,24,1,-1,-1,-1
772,887,1004,190,26,23,1,-1,-1,-1
773,887,1002,189,24,24,1,-1,-1,-1
774,887,1001,188,25,24,1,-1,-1,-1
775,887,1001,189,23,23,1,-1,-1,-1
776,887,998,188,27,24,1,-1,-1,-1
777,887,997,188,22,23,1,-1,-1,-1
779,887,996,188,22,24,1,-1,-1,-1
691,894,0,655,151,182,1,-1,-1,-1
692,894,2,612,247,222,1,-1,-1,-1
693,894,1,608,352,221,1,-1,-1,-1
694,894,0,602,458,237,1,-1,-1,-1
695,894,0,597,564,242,1,-1,-1,-1
696,894,73,590,600,243,1,-1,-1,-1
697,894,183,583,599,243,1,-1,-1,-1
698,894,290,579,600,241,1,-1,-1,-1
699,894,404,571,598,241,1,-1,-1,-1
700,894,514,563,596,243,1,-1,-1,-1
701,894,620,556,595,241,1,-1,-1,-1
702,894,730,548,588,242,1,-1,-1,-1
703,894,839,544,581,235,1,-1,-1,-1
704,894,945,539,574,232,1,-1,-1,-1
705,894,1053,535,560,228,1,-1,-1,-1
706,894,1160,529,541,227,1,-1,-1,-1
707,894,1258,527,532,219,1,-1,-1,-1
708,894,1355,523,519,213,1,-1,-1,-1
709,894,1456,517,462,213,1,-1,-1,-1
710,894,1547,515,373,210,1,-1,-1,-1
711,894,1637,513,281,204,1,-1,-1,-1
712,894,1724,511,195,201,1,-1,-1,-1
728,900,927,183,20,26,1,-1,-1,-1
729,900,927,182,21,25,1,-1,-1,-1
730,900,927,182,21,25,1,-1,-1,-1
733,900,927,182,22,25,1,-1,-1,-1
734,900,927,182,21,26,1,-1,-1,-1
735,900,927,182,21,25,1,-1,-1,-1
736,900,927,183,20,25,1,-1,-1,-1
730,902,1878,479,41,80,1,-1,-1,-1
731,902,1839,469,80,101,1,-1,-1,-1
732,902,1799,437,121,144,1,-1,-1,-1
733,902,1759,432,161,151,1,-1,-1,-1
734,902,1718,433,202,153,1,-1,-1,-1
735,902,1676,433,244,156,1,-1,-1,-1
736,902,1634,432,284,159,1,-1,-1,-1
737,902,1588,433,331,162,1,-1,-1,-1
738,902,1543,435,376,164,1,-1,-1,-1
739,902,1497,439,420,164,1,-1,-1,-1
740,902,1450,440,436,166,1,-1,-1,-1
741,902,1405,440,440,172,1,-1,-1,-1
742,902,1359,442,447,157,1,-1,-1,-1
743,902,1346,445,415,138,1,-1,-1,-1
744,902,1266,444,454,113,1,-1,-1,-1
745,902,1215,450,427,184,1,-1,-1,-1
746,902,1162,453,472,190,1,-1,-1,-1
747,902,1111,458,484,195,1,-1,-1,-1
748,902,1054,463,497,197,1,-1,-1,-1
749,902,1012,468,489,202,1,-1,-1,-1
750,902,962,476,494,205,1,-1,-1,-1
751,902,908,479,501,212,1,-1,-1,-1
752,902,854,486,509,219,1,-1,-1,-1
753,902,799,490,517,228,1,-1,-1,-1
754,902,746,499,523,236,1,-1,-1,-1
755,902,690,507,532,245,1,-1,-1,-1
756,902,635,518,539,250,1,-1,-1,-1
757,902,577,531,548,256,1,-1,-1,-1
758,902,521,540,555,267,1,-1,-1,-1
759,902,462,553,564,278,1,-1,-1,-1
760,902,403,567,572,289,1,-1,-1,-1
761,902,339,583,586,298,1,-1,-1,-1
762,902,277,603,594,304,1,-1,-1,-1
763,902,212,617,604,320,1,-1,-1,-1
764,902,146,638,620,334,1,-1,-1,-1
765,902,82,659,626,346,1,-1,-1,-1
766,902,12,681,643,363,1,-1,-1,-1
767,902,0,704,601,374,1,-1,-1,-1
768,902,4,729,538,349,1,-1,-1,-1
769,902,0,756,485,323,1,-1,-1,-1
770,902,1,782,427,295,1,-1,-1,-1
771,902,0,813,370,262,1,-1,-1,-1
772,902,1,849,305,226,1,-1,-1,-1
773,902,2,887,244,190,1,-1,-1,-1
774,902,1,934,184,142,1,-1,-1,-1
732,903,0,635,129,197,1,-1,-1,-1
733,903,0,583,279,247,1,-1,-1,-1
734,903,2,575,430,246,1,-1,-1,-1
735,903,1,566,587,268,1,-1,-1,-1
736,903,39,556,707,272,1,-1,-1,-1
737,903,190,550,711,267,1,-1,-1,-1
738,903,342,536,715,271,1,-1,-1,-1
739,903,498,529,710,266,1,-1,-1,-1
740,903,654,518,696,264,1,-1,-1,-1
741,903,802,514,688,260,1,-1,-1,-1
742,903,952,509,666,250,1,-1,-1,-1
743,903,1095,498,650,251,1,-1,-1,-1
744,903,1234,496,619,241,1,-1,-1,-1
745,903,1369,496,550,232,1,-1,-1,-1
746,903,1493,491,426,227,1,-1,-1,-1
747,903,1616,488,303,223,1,-1,-1,-1
748,903,1729,524,189,176,1,-1,-1,-1
771,906,928,180,23,28,1,-1,-1,-1
772,906,928,180,23,27,1,-1,-1,-1
775,906,928,180,23,26,1,-1,-1,-1
776,906,928,181,24,26,1,-1,-1,-1
777,906,928,181,22,25,1,-1,-1,-1
778,906,927,181,28,26,1,-1,-1,-1
779,906,927,181,29,26,1,-1,-1,-1
780,906,927,181,31,25,1,-1,-1,-1
782,906,926,181,25,25,1,-1,-1,-1
783,906,926,181,26,26,1,-1,-1,-1
784,906,928,182,22,26,1,-1,-1,-1
786,906,928,181,23,25,1,-1,-1,-1
787,906,929,181,23,26,1,-1,-1,-1
788,906,929,181,22,25,1,-1,-1,-1
789,906,928,181,23,26,1,-1,-1,-1
790,906,928,181,23,26,1,-1,-1,-1
791,906,927,181,24,28,1,-1,-1,-1
792,906,926,180,24,29,1,-1,-1,-1
793,906,925,180,24,28,1,-1,-1,-1
794,906,925,181,25,28,1,-1,-1,-1
795,906,924,181,26,27,1,-1,-1,-1
796,906,925,180,25,27,1,-1,-1,-1
797,906,926,180,23,28,1,-1,-1,-1
798,906,927,180,23,28,1,-1,-1,-1
799,906,927,180,22,26,1,-1,-1,-1
800,906,928,180,23,26,1,-1,-1,-1
801,906,928,180,25,26,1,-1,-1,-1
802,906,927,180,25,26,1,-1,-1,-1
803,906,928,180,25,26,1,-1,-1,-1
804,906,927,178,23,29,1,-1,-1,-1
805,906,928,177,23,32,1,-1,-1,-1
830,906,925,173,27,33,1,-1,-1,-1
836,906,923,173,28,34,1,-1,-1,-1
837,906,922,173,30,35,1,-1,-1,-1
838,906,923,173,29,35,1,-1,-1,-1
840,906,923,176,31,32,1,-1,-1,-1
841,906,924,177,34,30,1,-1,-1,-1
842,906,923,177,34,30,1,-1,-1,-1
843,906,923,176,31,30,1,-1,-1,-1
844,906,923,176,29,30,1,-1,-1,-1
845,906,923,176,30,30,1,-1,-1,-1
846,906,923,177,29,30,1,-1,-1,-1
847,906,924,177,26,31,1,-1,-1,-1
848,906,924,176,27,32,1,-1,-1,-1
849,906,923,176,28,31,1,-1,-1,-1
850,906,922,175,29,32,1,-1,-1,-1
851,906,923,173,26,35,1,-1,-1,-1
852,906,923,173,26,35,1,-1,-1,-1
853,906,925,174,24,34,1,-1,-1,-1
801,907,1860,386,60,74,1,-1,-1,-1
802,907,1819,362,100,92,1,-1,-1,-1
803,907,1779,355,139,97,1,-1,-1,-1
804,907,1738,352,181,98,1,-1,-1,-1
805,907,1699,344,220,113,1,-1,-1,-1
806,907,1661,340,254,113,1,-1,-1,-1
807,907,1623,338,284,111,1,-1,-1,-1
808,907,1589,336,280,108,1,-1,-1,-1
809,907,1558,334,271,104,1,-1,-1,-1
810,907,1531,332,263,101,1,-1,-1,-1
811,907,1503,325,257,105,1,-1,-1,-1
812,907,1479,323,273,101,1,-1,-1,-1
813,907,1457,320,239,99,1,-1,-1,-1
814,907,1438,316,228,99,1,-1,-1,-1
815,907,1419,312,218,99,1,-1,-1,-1
816,907,1403,308,209,97,1,-1,-1,-1
817,907,1387,305,196,95,1,-1,-1,-1
818,907,1374,302,185,94,1,-1,-1,-1
819,907,1360,299,176,92,1,-1,-1,-1
820,907,1349,295,167,92,1,-1,-1,-1
821,907,1340,294,158,88,1,-1,-1,-1
822,907,1330,290,148,87,1,-1,-1,-1
823,907,1322,287,142,87,1,-1,-1,-1
824,907,1312,286,137,83,1,-1,-1,-1
825,907,1306,283,130,82,1,-1,-1,-1
826,907,1296,280,128,81,1,-1,-1,-1
827,907,1289,274,123,84,1,-1,-1,-1
828,907,1282,272,119,82,1,-1,-1,-1
829,907,1275,270,116,79,1,-1,-1,-1
830,907,1265,268,117,78,1,-1,-1,-1
831,907,1258,266,112,74,1,-1,-1,-1
832,907,1251,264,108,74,1,-1,-1,-1
833,907,1245,263,105,71,1,-1,-1,-1
834,907,1238,261,101,70,1,-1,-1,-1
835,907,1232,260,98,68,1,-1,-1,-1
836,907,1224,256,99,68,1,-1,-1,-1
837,907,1217,254,97,66,1,-1,-1,-1
838,907,1214,252,93,67,1,-1,-1,-1
839,907,1207,249,93,64,1,-1,-1,-1
840,907,1203,248,90,64,1,-1,-1,-1
841,907,1199,246,86,61,1,-1,-1,-1
842,907,1194,244,84,61,1,-1,-1,-1
843,907,1189,244,84,59,1,-1,-1,-1
844,907,1185,241,80,59,1,-1,-1,-1
845,907,1180,240,79,58,1,-1,-1,-1
846,907,1174,239,79,56,1,-1,-1,-1
847,907,1171,238,76,55,1,-1,-1,-1
848,907,1166,237,75,53,1,-1,-1,-1
849,907,1162,234,74,53,1,-1,-1,-1
850,907,1158,233,72,52,1,-1,-1,-1
851,907,1154,229,71,54,1,-1,-1,-1
852,907,1151,230,70,50,1,-1,-1,-1
853,907,1148,228,68,50,1,-1,-1,-1
854,907,1146,228,66,48,1,-1,-1,-1
855,907,1141,225,67,49,1,-1,-1,-1
856,907,1138,224,65,50,1,-1,-1,-1
857,907,1135,222,64,49,1,-1,-1,-1
858,907,1130,221,64,48,1,-1,-1,-1
859,907,1127,219,63,48,1,-1,-1,-1
860,907,1125,219,61,47,1,-1,-1,-1
861,907,1120,217,59,45,1,-1,-1,-1
862,907,1117,216,59,45,1,-1,-1,-1
863,907,1113,215,58,44,1,-1,-1,-1
864,907,1110,214,57,42,1,-1,-1,-1
865,907,1107,212,56,43,1,-1,-1,-1
866,907,1103,210,56,43,1,-1,-1,-1
867,907,1100,211,55,42,1,-1,-1,-1
868,907,1098,210,54,41,1,-1,-1,-1
869,907,1096,210,52,41,1,-1,-1,-1
870,907,1092,209,54,40,1,-1,-1,-1
871,907,1090,208,52,41,1,-1,-1,-1
872,907,1086,206,52,41,1,-1,-1,-1
873,907,1083,207,52,39,1,-1,-1,-1
874,907,1082,206,48,38,1,-1,-1,-1
875,907,1079,204,47,39,1,-1,-1,-1
876,907,1075,204,49,38,1,-1,-1,-1
877,907,1073,202,45,38,1,-1,-1,-1
878,907,1070,202,46,37,1,-1,-1,-1
879,907,1068,202,46,37,1,-1,-1,-1
880,907,1065,200,46,38,1,-1,-1,-1
881,907,1063,199,44,37,1,-1,-1,-1
882,907,1059,198,45,37,1,-1,-1,-1
883,907,1058,199,43,34,1,-1,-1,-1
884,907,1055,198,43,35,1,-1,-1,-1
885,907,1053,198,44,35,1,-1,-1,-1
886,907,1049,199,45,33,1,-1,-1,-1
887,907,1050,198,41,32,1,-1,-1,-1
888,907,1049,198,39,31,1,-1,-1,-1
889,907,1046,197,41,31,1,-1,-1,-1
890,907,1044,196,42,32,1,-1,-1,-1
891,907,1043,196,38,31,1,-1,-1,-1
892,907,1039,196,39,31,1,-1,-1,-1
893,907,1038,195,37,31,1,-1,-1,-1
894,907,1038,195,36,30,1,-1,-1,-1
895,907,1037,194,36,30,1,-1,-1,-1
896,907,1032,196,38,29,1,-1,-1,-1
897,907,1030,195,39,29,1,-1,-1,-1
898,907,1028,194,38,30,1,-1,-1,-1
899,907,1026,194,39,30,1,-1,-1,-1
900,907,1026,193,36,31,1,-1,-1,-1
901,907,1023,191,37,32,1,-1,-1,-1
902,907,1020,190,37,32,1,-1,-1,-1
903,907,1019,190,36,32,1,-1,-1,-1
904,907,1017,190,36,30,1,-1,-1,-1
905,907,1016,190,35,28,1,-1,-1,-1
906,907,1015,190,34,27,1,-1,-1,-1
907,907,1013,190,32,28,1,-1,-1,-1
908,907,1013,190,31,27,1,-1,-1,-1
909,907,1011,190,31,28,1,-1,-1,-1
910,907,1008,189,33,29,1,-1,-1,-1
911,907,1006,190,33,27,1,-1,-1,-1
912,907,1003,190,34,28,1,-1,-1,-1
913,907,1004,188,31,28,1,-1,-1,-1
914,907,1001,188,33,28,1,-1,-1,-1
915,907,1001,189,30,26,1,-1,-1,-1
916,907,999,188,32,28,1,-1,-1,-1
917,907,999,188,29,26,1,-1,-1,-1
918,907,996,188,30,26,1,-1,-1,-1
919,907,996,188,30,26,1,-1,-1,-1
920,907,994,188,31,25,1,-1,-1,-1
921,907,996,188,26,24,1,-1,-1,-1
922,907,994,188,27,24,1,-1,-1,-1
923,907,993,187,25,24,1,-1,-1,-1
924,907,994,187,25,23,1,-1,-1,-1
925,907,992,187,24,23,1,-1,-1,-1
926,907,991,187,25,23,1,-1,-1,-1
927,907,989,185,25,23,1,-1,-1,-1
928,907,986,185,27,24,1,-1,-1,-1
929,907,985,185,27,24,1,-1,-1,-1
930,907,982,185,29,23,1,-1,-1,-1
931,907,982,184,28,24,1,-1,-1,-1
932,907,979,183,28,24,1,-1,-1,-1
933,907,978,184,28,23,1,-1,-1,-1
934,907,978,184,26,23,1,-1,-1,-1
935,907,978,184,24,23,1,-1,-1,-1
936,907,975,184,24,23,1,-1,-1,-1
937,907,975,183,22,23,1,-1,-1,-1
938,907,975,184,23,23,1,-1,-1,-1
939,907,974,182,24,24,1,-1,-1,-1
940,907,974,183,23,24,1,-1,-1,-1
871,909,840,163,22,29,1,-1,-1,-1
872,909,841,163,21,28,1,-1,-1,-1
876,909,843,166,21,27,1,-1,-1,-1
877,909,842,166,21,27,1,-1,-1,-1
878,909,842,166,21,28,1,-1,-1,-1
879,909,842,169,21,26,1,-1,-1,-1
880,909,842,168,21,27,1,-1,-1,-1
881,909,842,169,20,27,1,-1,-1,-1
882,909,842,169,20,27,1,-1,-1,-1
883,909,842,169,20,27,1,-1,-1,-1
888,909,840,169,22,26,1,-1,-1,-1
889,909,838,168,23,28,1,-1,-1,-1
890,909,839,168,23,27,1,-1,-1,-1
891,909,839,167,23,29,1,-1,-1,-1
892,909,838,167,23,31,1,-1,-1,-1
893,909,838,167,22,31,1,-1,-1,-1
894,909,837,168,24,29,1,-1,-1,-1
895,909,837,169,25,28,1,-1,-1,-1
896,909,838,169,24,28,1,-1,-1,-1
897,909,838,169,24,28,1,-1,-1,-1
898,909,838,170,25,28,1,-1,-1,-1
899,909,838,171,24,27,1,-1,-1,-1
901,909,832,171,32,27,1,-1,-1,-1
905,909,833,173,28,27,1,-1,-1,-1
906,909,833,173,29,28,1,-1,-1,-1
907,909,833,173,28,28,1,-1,-1,-1
908,909,833,174,28,28,1,-1,-1,-1
909,909,830,173,30,29,1,-1,-1,-1
910,909,829,173,32,29,1,-1,-1,-1
911,909,829,172,33,30,1,-1,-1,-1
912,909,830,173,33,29,1,-1,-1,-1
915,909,832,171,30,28,1,-1,-1,-1
916,909,828,170,33,34,1,-1,-1,-1
917,909,825,171,37,33,1,-1,-1,-1
918,909,824,172,37,33,1,-1,-1,-1
919,909,824,173,37,33,1,-1,-1,-1
920,909,825,173,35,32,1,-1,-1,-1
921,909,825,175,35,29,1,-1,-1,-1
922,909,825,175,35,29,1,-1,-1,-1
923,909,825,176,35,28,1,-1,-1,-1
925,909,825,177,36,28,1,-1,-1,-1
926,909,825,177,36,28,1,-1,-1,-1
927,909,825,176,35,30,1,-1,-1,-1
928,909,824,176,37,30,1,-1,-1,-1
929,909,824,176,36,31,1,-1,-1,-1
930,909,824,177,36,30,1,-1,-1,-1
931,909,823,172,39,34,1,-1,-1,-1
932,909,822,172,39,34,1,-1,-1,-1
933,909,822,170,39,35,1,-1,-1,-1
934,909,822,170,39,36,1,-1,-1,-1
935,909,823,172,37,36,1,-1,-1,-1
936,909,823,176,36,32,1,-1,-1,-1
937,909,824,179,35,31,1,-1,-1,-1
938,909,824,180,35,30,1,-1,-1,-1
939,909,823,178,36,31,1,-1,-1,-1
940,909,823,179,36,31,1,-1,-1,-1
941,909,821,180,36,31,1,-1,-1,-1
942,909,822,180,35,31,1,-1,-1,-1
943,909,821,178,38,33,1,-1,-1,-1
944,909,821,177,39,33,1,-1,-1,-1
945,909,821,177,39,35,1,-1,-1,-1
946,909,821,178,38,35,1,-1,-1,-1
947,909,820,178,39,35,1,-1,-1,-1
948,909,819,176,40,39,1,-1,-1,-1
949,909,818,175,42,42,1,-1,-1,-1
950,909,819,177,40,39,1,-1,-1,-1
951,909,817,185,40,34,1,-1,-1,-1
952,909,818,184,38,34,1,-1,-1,-1
953,909,816,184,39,35,1,-1,-1,-1
954,909,816,182,39,36,1,-1,-1,-1
955,909,815,183,41,35,1,-1,-1,-1
956,909,816,184,40,35,1,-1,-1,-1
957,909,816,185,40,34,1,-1,-1,-1
958,909,816,186,40,33,1,-1,-1,-1
959,909,815,186,40,34,1,-1,-1,-1
960,909,814,184,43,37,1,-1,-1,-1
961,909,814,190,40,30,1,-1,-1,-1
962,909,814,189,42,31,1,-1,-1,-1
963,909,814,187,42,33,1,-1,-1,-1
964,909,812,188,43,34,1,-1,-1,-1
965,909,812,188,42,34,1,-1,-1,-1
966,909,811,186,44,37,1,-1,-1,-1
967,909,811,187,44,36,1,-1,-1,-1
968,909,808,188,46,35,1,-1,-1,-1
969,909,807,188,48,36,1,-1,-1,-1
970,909,807,189,48,36,1,-1,-1,-1
971,909,806,187,50,38,1,-1,-1,-1
972,909,806,186,51,41,1,-1,-1,-1
973,909,806,187,48,39,1,-1,-1,-1
974,909,805,189,48,39,1,-1,-1,-1
975,909,804,190,48,38,1,-1,-1,-1
976,909,803,190,48,39,1,-1,-1,-1
977,909,802,190,46,39,1,-1,-1,-1
978,909,802,192,43,40,1,-1,-1,-1
979,909,801,190,49,41,1,-1,-1,-1
980,909,800,194,46,39,1,-1,-1,-1
981,909,802,194,46,39,1,-1,-1,-1
982,909,802,193,45,41,1,-1,-1,-1
983,909,802,193,46,41,1,-1,-1,-1
984,909,802,188,47,46,1,-1,-1,-1
985,909,802,194,42,44,1,-1,-1,-1
986,909,799,193,48,46,1,-1,-1,-1
987,909,799,192,52,47,1,-1,-1,-1
988,909,800,199,48,43,1,-1,-1,-1
989,909,799,196,47,47,1,-1,-1,-1
990,909,798,196,52,46,1,-1,-1,-1
991,909,799,190,52,53,1,-1,-1,-1
992,909,798,189,55,56,1,-1,-1,-1
993,909,798,189,54,56,1,-1,-1,-1
994,909,799,194,53,53,1,-1,-1,-1
995,909,799,193,56,53,1,-1,-1,-1
996,909,799,200,53,49,1,-1,-1,-1
997,909,800,202,53,48,1,-1,-1,-1
998,909,800,195,57,55,1,-1,-1,-1
999,909,800,197,57,55,1,-1,-1,-1
1000,909,800,199,56,53,1,-1,-1,-1
1001,909,803,196,55,56,1,-1,-1,-1
1002,909,803,195,54,61,1,-1,-1,-1
1003,909,803,197,54,59,1,-1,-1,-1
1004,909,804,218,54,39,1,-1,-1,-1
1005,909,805,216,54,44,1,-1,-1,-1
1006,909,804,214,59,47,1,-1,-1,-1
1007,909,806,218,59,44,1,-1,-1,-1
1008,909,810,220,57,44,1,-1,-1,-1
1009,909,811,218,59,48,1,-1,-1,-1
1010,909,814,223,58,46,1,-1,-1,-1
1011,909,815,219,59,49,1,-1,-1,-1
1012,909,817,221,61,51,1,-1,-1,-1
1013,909,817,220,63,52,1,-1,-1,-1
1014,909,820,225,63,49,1,-1,-1,-1
1015,909,823,224,64,51,1,-1,-1,-1
1016,909,824,223,66,53,1,-1,-1,-1
1017,909,825,223,67,55,1,-1,-1,-1
1018,909,827,223,68,58,1,-1,-1,-1
1019,909,830,226,68,58,1,-1,-1,-1
1020,909,831,225,69,59,1,-1,-1,-1
1021,909,832,223,70,63,1,-1,-1,-1
1022,909,834,227,72,60,1,-1,-1,-1
1023,909,836,228,72,61,1,-1,-1,-1
1024,909,839,228,74,63,1,-1,-1,-1
1025,909,842,229,72,62,1,-1,-1,-1
1026,909,843,230,75,64,1,-1,-1,-1
1027,909,845,232,74,64,1,-1,-1,-1
1028,909,846,233,75,66,1,-1,-1,-1
1029,909,847,234,76,67,1,-1,-1,-1
1030,909,849,236,76,68,1,-1,-1,-1
1031,909,850,237,76,69,1,-1,-1,-1
1032,909,851,238,77,70,1,-1,-1,-1
1033,909,852,241,81,68,1,-1,-1,-1
1034,909,853,242,80,72,1,-1,-1,-1
1035,909,855,243,81,73,1,-1,-1,-1
1036,909,857,242,81,77,1,-1,-1,-1
1037,909,858,247,79,73,1,-1,-1,-1
1038,909,860,247,81,74,1,-1,-1,-1
1039,909,862,250,79,76,1,-1,-1,-1
1040,909,863,249,80,79,1,-1,-1,-1
1041,909,862,251,82,79,1,-1,-1,-1
1042,909,862,253,82,78,1,-1,-1,-1
1043,909,862,254,85,80,1,-1,-1,-1
1044,909,863,256,83,80,1,-1,-1,-1
1045,909,863,256,85,85,1,-1,-1,-1
1046,909,863,259,86,85,1,-1,-1,-1
1047,909,863,256,87,90,1,-1,-1,-1
1048,909,863,258,88,91,1,-1,-1,-1
1049,909,863,259,91,91,1,-1,-1,-1
1050,909,864,264,89,90,1,-1,-1,-1
1051,909,865,269,90,88,1,-1,-1,-1
1052,909,865,271,91,88,1,-1,-1,-1
1053,909,867,272,91,89,1,-1,-1,-1
1054,909,866,272,93,92,1,-1,-1,-1
1055,909,865,273,95,94,1,-1,-1,-1
1056,909,866,273,94,98,1,-1,-1,-1
1057,909,867,280,96,93,1,-1,-1,-1
1058,909,867,285,96,90,1,-1,-1,-1
1059,909,866,285,98,93,1,-1,-1,-1
1060,909,866,285,99,96,1,-1,-1,-1
1061,909,866,284,99,98,1,-1,-1,-1
1062,909,866,285,102,99,1,-1,-1,-1
1063,909,866,285,102,102,1,-1,-1,-1
1064,909,866,288,104,102,1,-1,-1,-1
1065,909,866,286,105,108,1,-1,-1,-1
1066,909,866,290,105,105,1,-1,-1,-1
1067,909,868,292,104,107,1,-1,-1,-1
1068,909,867,296,106,103,1,-1,-1,-1
1069,909,868,300,106,102,1,-1,-1,-1
1070,909,868,303,108,101,1,-1,-1,-1
1071,909,867,304,111,102,1,-1,-1,-1
1072,909,867,308,110,99,1,-1,-1,-1
1073,909,867,310,111,99,1,-1,-1,-1
1074,909,867,312,114,101,1,-1,-1,-1
1075,909,867,310,114,104,1,-1,-1,-1
1076,909,867,312,113,104,1,-1,-1,-1
1077,909,867,310,116,106,1,-1,-1,-1
1078,909,868,311,117,109,1,-1,-1,-1
1079,909,869,313,116,109,1,-1,-1,-1
1080,909,867,313,118,111,1,-1,-1,-1
1081,909,868,313,119,112,1,-1,-1,-1
1082,909,868,318,119,109,1,-1,-1,-1
1083,909,867,319,120,109,1,-1,-1,-1
1084,909,868,319,119,109,1,-1,-1,-1
1085,909,867,321,120,109,1,-1,-1,-1
1086,909,866,322,122,110,1,-1,-1,-1
1087,909,866,319,123,113,1,-1,-1,-1
1088,909,867,320,123,114,1,-1,-1,-1
1089,909,868,321,123,113,1,-1,-1,-1
1090,909,867,323,123,111,1,-1,-1,-1
1091,909,867,324,123,112,1,-1,-1,-1
1092,909,867,324,123,112,1,-1,-1,-1
1093,909,866,322,125,114,1,-1,-1,-1
1094,909,867,323,125,115,1,-1,-1,-1
1095,909,866,324,126,114,1,-1,-1,-1
1096,909,869,326,124,114,1,-1,-1,-1
1097,909,868,325,125,114,1,-1,-1,-1
1098,909,868,325,125,114,1,-1,-1,-1
1099,909,867,324,125,115,1,-1,-1,-1
1100,909,867,325,125,115,1,-1,-1,-1
1101,909,869,326,123,115,1,-1,-1,-1
1102,909,868,326,124,115,1,-1,-1,-1
1103,909,868,325,124,116,1,-1,-1,-1
1104,909,868,327,124,114,1,-1,-1,-1
1105,909,868,327,124,114,1,-1,-1,-1
1106,909,868,328,124,113,1,-1,-1,-1
1107,909,867,327,125,114,1,-1,-1,-1
1108,909,867,329,126,113,1,-1,-1,-1
1109,909,867,329,125,113,1,-1,-1,-1
1110,909,867,328,125,114,1,-1,-1,-1
1111,909,867,328,126,113,1,-1,-1,-1
1112,909,867,329,126,112,1,-1,-1,-1
1113,909,867,329,125,112,1,-1,-1,-1
1114,909,868,328,125,114,1,-1,-1,-1
1115,909,868,329,125,113,1,-1,-1,-1
1116,909,867,330,125,111,1,-1,-1,-1
1117,909,868,330,125,112,1,-1,-1,-1
1118,909,868,330,124,111,1,-1,-1,-1
1119,909,868,331,124,111,1,-1,-1,-1
1120,909,868,331,125,111,1,-1,-1,-1
1121,909,868,331,125,111,1,-1,-1,-1
1122,909,868,331,125,111,1,-1,-1,-1
1123,909,868,331,125,111,1,-1,-1,-1
1124,909,868,331,125,111,1,-1,-1,-1
1125,909,868,331,124,111,1,-1,-1,-1
1126,909,869,331,124,111,1,-1,-1,-1
1127,909,868,331,124,112,1,-1,-1,-1
1128,909,868,331,124,111,1,-1,-1,-1
1129,909,868,331,124,111,1,-1,-1,-1
1130,909,868,331,124,111,1,-1,-1,-1
1131,909,867,329,125,112,1,-1,-1,-1
1132,909,867,330,125,112,1,-1,-1,-1
1133,909,867,330,125,111,1,-1,-1,-1
1134,909,867,331,125,111,1,-1,-1,-1
1135,909,867,330,125,111,1,-1,-1,-1
1136,909,867,330,125,112,1,-1,-1,-1
1137,909,867,330,125,112,1,-1,-1,-1
1138,909,867,330,125,111,1,-1,-1,-1
1139,909,867,330,125,111,1,-1,-1,-1
1140,909,867,330,125,111,1,-1,-1,-1
1141,909,867,329,127,114,1,-1,-1,-1
1142,909,867,329,126,114,1,-1,-1,-1
1143,909,867,330,126,113,1,-1,-1,-1
1144,909,867,329,126,114,1,-1,-1,-1
1145,909,867,328,126,115,1,-1,-1,-1
1146,909,868,327,125,115,1,-1,-1,-1
1147,909,867,329,125,113,1,-1,-1,-1
1148,909,867,327,126,115,1,-1,-1,-1
1149,909,867,327,126,115,1,-1,-1,-1
1150,909,867,327,126,115,1,-1,-1,-1
1151,909,867,327,126,115,1,-1,-1,-1
1152,909,868,328,126,114,1,-1,-1,-1
1153,909,868,329,124,113,1,-1,-1,-1
1154,909,868,326,126,116,1,-1,-1,-1
1155,909,867,326,125,116,1,-1,-1,-1
1156,909,867,324,126,118,1,-1,-1,-1
1157,909,867,327,126,114,1,-1,-1,-1
1158,909,867,328,125,114,1,-1,-1,-1
1159,909,868,327,125,115,1,-1,-1,-1
1160,909,868,328,124,114,1,-1,-1,-1
1161,909,868,330,125,113,1,-1,-1,-1
1162,909,868,330,124,112,1,-1,-1,-1
1163,909,868,330,125,112,1,-1,-1,-1
1164,909,868,329,124,112,1,-1,-1,-1
1165,909,868,328,124,114,1,-1,-1,-1
1166,909,868,327,125,115,1,-1,-1,-1
1167,909,868,328,124,113,1,-1,-1,-1
1168,909,867,328,125,114,1,-1,-1,-1
1169,909,868,327,125,115,1,-1,-1,-1
1170,909,868,330,125,112,1,-1,-1,-1
1171,909,868,328,125,114,1,-1,-1,-1
1172,909,868,326,125,115,1,-1,-1,-1
1173,909,868,324,125,117,1,-1,-1,-1
1174,909,868,328,125,114,1,-1,-1,-1
1175,909,868,329,125,113,1,-1,-1,-1
1176,909,868,328,124,114,1,-1,-1,-1
1177,909,868,326,125,115,1,-1,-1,-1
1178,909,868,324,125,117,1,-1,-1,-1
1179,909,868,325,125,116,1,-1,-1,-1
1180,909,868,328,124,114,1,-1,-1,-1
1181,909,868,330,126,113,1,-1,-1,-1
1182,909,869,329,125,114,1,-1,-1,-1
1183,909,868,329,125,113,1,-1,-1,-1
1184,909,869,329,124,113,1,-1,-1,-1
1185,909,869,329,124,113,1,-1,-1,-1
1186,909,869,329,124,113,1,-1,-1,-1
1187,909,868,329,125,113,1,-1,-1,-1
1188,909,868,329,126,114,1,-1,-1,-1
1189,909,868,329,125,113,1,-1,-1,-1
1190,909,868,329,125,113,1,-1,-1,-1
1191,909,867,331,126,112,1,-1,-1,-1
1192,909,867,331,126,112,1,-1,-1,-1
1193,909,867,331,126,113,1,-1,-1,-1
1194,909,868,330,124,112,1,-1,-1,-1
1195,909,868,329,125,114,1,-1,-1,-1
1196,909,868,330,125,113,1,-1,-1,-1
1197,909,869,330,125,113,1,-1,-1,-1
1198,909,868,330,126,112,1,-1,-1,-1
1199,909,868,330,125,111,1,-1,-1,-1
1200,909,868,330,126,112,1,-1,-1,-1
1201,909,868,330,127,112,1,-1,-1,-1
1202,909,868,330,126,113,1,-1,-1,-1
1203,909,868,329,125,113,1,-1,-1,-1
1204,909,867,330,127,113,1,-1,-1,-1
1205,909,868,330,125,112,1,-1,-1,-1
1206,909,868,329,125,113,1,-1,-1,-1
1207,909,868,329,127,114,1,-1,-1,-1
1208,909,867,330,127,113,1,-1,-1,-1
1209,909,868,330,127,113,1,-1,-1,-1
1210,909,868,330,126,111,1,-1,-1,-1
1211,909,868,330,127,111,1,-1,-1,-1
1212,909,868,330,127,111,1,-1,-1,-1
1213,909,868,330,127,110,1,-1,-1,-1
1214,909,867,330,127,111,1,-1,-1,-1
1215,909,867,329,126,112,1,-1,-1,-1
1216,909,867,329,126,112,1,-1,-1,-1
1217,909,867,330,126,112,1,-1,-1,-1
1218,909,867,329,127,113,1,-1,-1,-1
1219,909,867,329,127,112,1,-1,-1,-1
1220,909,867,330,126,112,1,-1,-1,-1
1221,909,868,327,127,115,1,-1,-1,-1
1222,909,868,330,125,111,1,-1,-1,-1
1223,909,868,327,127,115,1,-1,-1,-1
1224,909,867,330,126,111,1,-1,-1,-1
1225,909,868,330,126,111,1,-1,-1,-1
1226,909,868,330,126,111,1,-1,-1,-1
1227,909,867,330,126,111,1,-1,-1,-1
1228,909,867,326,127,115,1,-1,-1,-1
1229,909,867,329,125,113,1,-1,-1,-1
1230,909,867,329,125,113,1,-1,-1,-1
1231,909,868,330,125,112,1,-1,-1,-1
1232,909,868,330,124,112,1,-1,-1,-1
1233,909,868,328,126,114,1,-1,-1,-1
1234,909,868,330,125,112,1,-1,-1,-1
1235,909,868,331,125,111,1,-1,-1,-1
1236,909,868,331,125,111,1,-1,-1,-1
1237,909,868,331,125,111,1,-1,-1,-1
1238,909,868,331,125,110,1,-1,-1,-1
1239,909,868,330,125,111,1,-1,-1,-1
1240,909,868,330,126,112,1,-1,-1,-1
1241,909,868,330,125,112,1,-1,-1,-1
1242,909,868,330,124,112,1,-1,-1,-1
1243,909,868,330,125,113,1,-1,-1,-1
1244,909,868,330,125,113,1,-1,-1,-1
1245,909,868,330,126,113,1,-1,-1,-1
1246,909,868,330,124,112,1,-1,-1,-1
1247,909,869,330,125,112,1,-1,-1,-1
1248,909,868,329,125,112,1,-1,-1,-1
1249,909,868,329,126,113,1,-1,-1,-1
1250,909,868,328,126,113,1,-1,-1,-1
1251,909,869,330,124,111,1,-1,-1,-1
1252,909,869,330,125,111,1,-1,-1,-1
1253,909,869,330,124,111,1,-1,-1,-1
1254,909,869,327,125,114,1,-1,-1,-1
1255,909,869,329,124,112,1,-1,-1,-1
1256,909,869,329,124,112,1,-1,-1,-1
1257,909,869,329,124,113,1,-1,-1,-1
1258,909,868,327,126,115,1,-1,-1,-1
1259,909,868,329,125,112,1,-1,-1,-1
1260,909,868,327,126,114,1,-1,-1,-1
1261,909,868,330,125,111,1,-1,-1,-1
1262,909,868,330,125,111,1,-1,-1,-1
1263,909,867,330,125,111,1,-1,-1,-1
1264,909,867,330,125,111,1,-1,-1,-1
1265,909,867,330,125,111,1,-1,-1,-1
1266,909,867,330,125,111,1,-1,-1,-1
1267,909,867,330,125,111,1,-1,-1,-1
1268,909,868,330,125,111,1,-1,-1,-1
1269,909,868,330,125,111,1,-1,-1,-1
1270,909,868,331,125,111,1,-1,-1,-1
1271,909,868,331,125,111,1,-1,-1,-1
1272,909,867,331,126,111,1,-1,-1,-1
1273,909,868,331,125,111,1,-1,-1,-1
1274,909,868,331,125,111,1,-1,-1,-1
1275,909,868,330,125,111,1,-1,-1,-1
1276,909,868,330,125,111,1,-1,-1,-1
1277,909,868,330,125,112,1,-1,-1,-1
1278,909,868,330,125,112,1,-1,-1,-1
1279,909,868,330,125,111,1,-1,-1,-1
1280,909,868,330,125,111,1,-1,-1,-1
1281,909,867,329,125,112,1,-1,-1,-1
1282,909,868,329,125,112,1,-1,-1,-1
1283,909,867,329,125,112,1,-1,-1,-1
1284,909,867,330,125,112,1,-1,-1,-1
1285,909,867,329,125,112,1,-1,-1,-1
1286,909,867,330,125,111,1,-1,-1,-1
1287,909,867,330,126,112,1,-1,-1,-1
1288,909,867,330,126,112,1,-1,-1,-1
1289,909,867,330,126,111,1,-1,-1,-1
1290,909,867,329,127,113,1,-1,-1,-1
1291,909,868,330,125,111,1,-1,-1,-1
1292,909,868,330,125,111,1,-1,-1,-1
1293,909,868,330,126,111,1,-1,-1,-1
1294,909,867,331,127,111,1,-1,-1,-1
1295,909,867,331,127,111,1,-1,-1,-1
1296,909,867,330,127,111,1,-1,-1,-1
1297,909,867,331,126,111,1,-1,-1,-1
1298,909,867,330,126,111,1,-1,-1,-1
1299,909,867,331,126,111,1,-1,-1,-1
1300,909,867,330,126,111,1,-1,-1,-1
1301,909,868,331,126,111,1,-1,-1,-1
1302,909,868,331,126,111,1,-1,-1,-1
1303,909,868,331,125,111,1,-1,-1,-1
1304,909,868,331,125,111,1,-1,-1,-1
1305,909,867,331,125,111,1,-1,-1,-1
1306,909,867,331,125,111,1,-1,-1,-1
1307,909,867,331,126,111,1,-1,-1,-1
1308,909,868,332,125,110,1,-1,-1,-1
1309,909,869,331,124,111,1,-1,-1,-1
1310,909,869,332,124,110,1,-1,-1,-1
1311,909,868,331,124,111,1,-1,-1,-1
1312,909,869,331,124,111,1,-1,-1,-1
1313,909,869,331,124,111,1,-1,-1,-1
1314,909,868,331,125,111,1,-1,-1,-1
1315,909,867,331,125,110,1,-1,-1,-1
1316,909,868,331,126,110,1,-1,-1,-1
1317,909,868,331,125,110,1,-1,-1,-1
1318,909,868,331,125,110,1,-1,-1,-1
1319,909,868,331,125,111,1,-1,-1,-1
1320,909,868,332,125,110,1,-1,-1,-1
1321,909,867,332,126,110,1,-1,-1,-1
1322,909,867,332,126,110,1,-1,-1,-1
1323,909,867,331,126,110,1,-1,-1,-1
1324,909,867,331,125,111,1,-1,-1,-1
1325,909,867,331,125,111,1,-1,-1,-1
1326,909,868,331,125,110,1,-1,-1,-1
1327,909,867,330,126,112,1,-1,-1,-1
1328,909,867,331,125,110,1,-1,-1,-1
1329,909,867,329,126,113,1,-1,-1,-1
1330,909,868,331,125,110,1,-1,-1,-1
1331,909,868,332,124,109,1,-1,-1,-1
1332,909,868,332,124,109,1,-1,-1,-1
1333,909,868,331,124,110,1,-1,-1,-1
1334,909,868,331,125,111,1,-1,-1,-1
1335,909,868,331,124,111,1,-1,-1,-1
1336,909,868,331,124,111,1,-1,-1,-1
1337,909,868,331,124,111,1,-1,-1,-1
1338,909,868,331,124,111,1,-1,-1,-1
1339,909,868,332,124,111,1,-1,-1,-1
1340,909,868,331,124,111,1,-1,-1,-1
1341,909,867,332,125,110,1,-1,-1,-1
1342,909,867,331,125,110,1,-1,-1,-1
1343,909,867,332,125,110,1,-1,-1,-1
1344,909,868,332,124,110,1,-1,-1,-1
1345,909,867,332,125,110,1,-1,-1,-1
1346,909,867,331,125,110,1,-1,-1,-1
1347,909,867,331,126,111,1,-1,-1,-1
1348,909,867,331,126,111,1,-1,-1,-1
1349,909,867,331,125,111,1,-1,-1,-1
1350,909,867,331,125,111,1,-1,-1,-1
1351,909,868,332,124,110,1,-1,-1,-1
1352,909,868,332,124,110,1,-1,-1,-1
1353,909,868,332,125,110,1,-1,-1,-1
1354,909,867,332,126,111,1,-1,-1,-1
1355,909,868,332,124,110,1,-1,-1,-1
1356,909,867,331,126,111,1,-1,-1,-1
1357,909,868,332,125,110,1,-1,-1,-1
1358,909,868,332,125,110,1,-1,-1,-1
1359,909,867,332,125,110,1,-1,-1,-1
1360,909,867,331,125,110,1,-1,-1,-1
1361,909,868,332,124,110,1,-1,-1,-1
1362,909,868,332,125,110,1,-1,-1,-1
1363,909,868,332,125,110,1,-1,-1,-1
1364,909,868,332,124,110,1,-1,-1,-1
1365,909,868,332,124,110,1,-1,-1,-1
1366,909,869,331,125,111,1,-1,-1,-1
1367,909,869,331,125,111,1,-1,-1,-1
1368,909,869,330,123,112,1,-1,-1,-1
1369,909,869,331,124,112,1,-1,-1,-1
1370,909,868,330,126,112,1,-1,-1,-1
1371,909,868,332,124,110,1,-1,-1,-1
1372,909,869,332,124,110,1,-1,-1,-1
1373,909,868,331,125,111,1,-1,-1,-1
1374,909,867,331,125,110,1,-1,-1,-1
1375,909,867,331,126,110,1,-1,-1,-1
1376,909,867,332,126,110,1,-1,-1,-1
1377,909,868,331,125,110,1,-1,-1,-1
1378,909,868,331,126,111,1,-1,-1,-1
1379,909,868,330,124,111,1,-1,-1,-1
1380,909,868,330,124,111,1,-1,-1,-1
1381,909,868,329,125,112,1,-1,-1,-1
1382,909,868,329,125,113,1,-1,-1,-1
1383,909,868,330,126,113,1,-1,-1,-1
1384,909,868,329,125,113,1,-1,-1,-1
1385,909,867,331,127,112,1,-1,-1,-1
1386,909,868,330,125,112,1,-1,-1,-1
1387,909,867,330,127,113,1,-1,-1,-1
1388,909,868,330,125,112,1,-1,-1,-1
1389,909,868,330,125,112,1,-1,-1,-1
1390,909,868,330,124,111,1,-1,-1,-1
1391,909,867,331,125,111,1,-1,-1,-1
1392,909,868,331,125,112,1,-1,-1,-1
1393,909,868,329,125,113,1,-1,-1,-1
1394,909,868,328,126,114,1,-1,-1,-1
1395,909,868,331,126,112,1,-1,-1,-1
1396,909,868,330,126,112,1,-1,-1,-1
1397,909,868,330,126,112,1,-1,-1,-1
1398,909,868,330,125,112,1,-1,-1,-1
1399,909,867,330,125,111,1,-1,-1,-1
1400,909,867,331,125,111,1,-1,-1,-1
1401,909,868,331,124,111,1,-1,-1,-1
1402,909,868,331,125,111,1,-1,-1,-1
1403,909,868,331,124,111,1,-1,-1,-1
1404,909,868,331,125,111,1,-1,-1,-1
1405,909,868,331,125,111,1,-1,-1,-1
1406,909,868,330,125,112,1,-1,-1,-1
1407,909,868,330,125,112,1,-1,-1,-1
1408,909,868,330,125,112,1,-1,-1,-1
1409,909,868,330,125,112,1,-1,-1,-1
1410,909,868,328,125,113,1,-1,-1,-1
1411,909,868,331,126,112,1,-1,-1,-1
1412,909,868,331,126,112,1,-1,-1,-1
1413,909,868,331,124,111,1,-1,-1,-1
1414,909,868,331,124,111,1,-1,-1,-1
1415,909,868,331,124,111,1,-1,-1,-1
1416,909,868,332,125,110,1,-1,-1,-1
1417,909,867,331,125,111,1,-1,-1,-1
1418,909,867,331,125,111,1,-1,-1,-1
1419,909,868,329,126,113,1,-1,-1,-1
1420,909,868,331,125,111,1,-1,-1,-1
1421,909,868,331,126,112,1,-1,-1,-1
1422,909,868,331,126,111,1,-1,-1,-1
1423,909,869,331,127,111,1,-1,-1,-1
1424,909,869,331,126,112,1,-1,-1,-1
1425,909,868,331,126,112,1,-1,-1,-1
1426,909,868,330,126,112,1,-1,-1,-1
1427,909,867,331,126,112,1,-1,-1,-1
1428,909,868,331,125,111,1,-1,-1,-1
1429,909,868,332,125,110,1,-1,-1,-1
1430,909,867,332,125,109,1,-1,-1,-1
1431,909,867,330,126,112,1,-1,-1,-1
1432,909,867,332,126,111,1,-1,-1,-1
1433,909,867,331,125,111,1,-1,-1,-1
1434,909,868,330,124,112,1,-1,-1,-1
1435,909,868,329,125,113,1,-1,-1,-1
1436,909,867,328,126,114,1,-1,-1,-1
1437,909,869,328,125,113,1,-1,-1,-1
1438,909,868,326,126,115,1,-1,-1,-1
1439,909,868,331,125,111,1,-1,-1,-1
1440,909,867,329,126,114,1,-1,-1,-1
1441,909,867,331,125,112,1,-1,-1,-1
1442,909,867,330,125,112,1,-1,-1,-1
1443,909,867,330,127,112,1,-1,-1,-1
1444,909,866,328,127,113,1,-1,-1,-1
1445,909,865,326,127,116,1,-1,-1,-1
1446,909,866,327,127,114,1,-1,-1,-1
1447,909,867,331,125,111,1,-1,-1,-1
1448,909,867,330,125,112,1,-1,-1,-1
1449,909,868,329,125,113,1,-1,-1,-1
1450,909,868,330,125,112,1,-1,-1,-1
1451,909,868,330,125,112,1,-1,-1,-1
1452,909,868,330,125,112,1,-1,-1,-1
1453,909,868,330,124,112,1,-1,-1,-1
1454,909,868,331,124,111,1,-1,-1,-1
1455,909,868,330,124,112,1,-1,-1,-1
1456,909,868,331,124,111,1,-1,-1,-1
1457,909,868,331,125,111,1,-1,-1,-1
1458,909,868,331,125,110,1,-1,-1,-1
1459,909,868,331,125,110,1,-1,-1,-1
1460,909,868,331,125,111,1,-1,-1,-1
1461,909,868,332,125,110,1,-1,-1,-1
1462,909,867,331,125,111,1,-1,-1,-1
1463,909,868,330,124,111,1,-1,-1,-1
1464,909,868,330,125,112,1,-1,-1,-1
1465,909,867,331,125,111,1,-1,-1,-1
1466,909,867,331,125,111,1,-1,-1,-1
1467,909,867,331,125,111,1,-1,-1,-1
1468,909,867,331,125,111,1,-1,-1,-1
1469,909,867,332,125,109,1,-1,-1,-1
1470,909,866,330,127,112,1,-1,-1,-1
1471,909,866,330,127,112,1,-1,-1,-1
1472,909,866,330,127,112,1,-1,-1,-1
1473,909,866,330,127,112,1,-1,-1,-1
1474,909,866,330,127,112,1,-1,-1,-1
1475,909,867,332,125,110,1,-1,-1,-1
1476,909,867,330,126,112,1,-1,-1,-1
1477,909,867,331,125,110,1,-1,-1,-1
1478,909,868,330,124,111,1,-1,-1,-1
1479,909,868,331,124,111,1,-1,-1,-1
1480,909,868,330,124,111,1,-1,-1,-1
1481,909,868,329,125,113,1,-1,-1,-1
1482,909,868,330,125,112,1,-1,-1,-1
1483,909,867,330,125,112,1,-1,-1,-1
1484,909,866,328,127,114,1,-1,-1,-1
1485,909,866,327,127,114,1,-1,-1,-1
1486,909,867,331,125,110,1,-1,-1,-1
1487,909,867,331,125,110,1,-1,-1,-1
1488,909,867,329,126,113,1,-1,-1,-1
1489,909,866,332,127,110,1,-1,-1,-1
1490,909,867,332,125,110,1,-1,-1,-1
1491,909,867,331,126,111,1,-1,-1,-1
1492,909,868,331,125,111,1,-1,-1,-1
1493,909,867,330,125,112,1,-1,-1,-1
1494,909,867,330,125,112,1,-1,-1,-1
1495,909,867,330,125,112,1,-1,-1,-1
1496,909,867,330,125,111,1,-1,-1,-1
1497,909,867,330,125,111,1,-1,-1,-1
1498,909,867,330,126,111,1,-1,-1,-1
1499,909,867,332,126,110,1,-1,-1,-1
1500,909,867,332,126,110,1,-1,-1,-1
1501,909,867,331,126,111,1,-1,-1,-1
1502,909,867,331,126,111,1,-1,-1,-1
1503,909,867,331,125,110,1,-1,-1,-1
1504,909,867,330,125,111,1,-1,-1,-1
1505,909,867,329,126,112,1,-1,-1,-1
1506,909,867,329,126,112,1,-1,-1,-1
1507,909,867,330,126,112,1,-1,-1,-1
1508,909,868,330,125,112,1,-1,-1,-1
1509,909,867,330,125,112,1,-1,-1,-1
1510,909,868,330,125,112,1,-1,-1,-1
1511,909,867,330,126,111,1,-1,-1,-1
1512,909,867,330,126,112,1,-1,-1,-1
1513,909,867,331,126,111,1,-1,-1,-1
1514,909,867,331,126,110,1,-1,-1,-1
1515,909,867,332,125,110,1,-1,-1,-1
1516,909,867,332,125,109,1,-1,-1,-1
1517,909,867,331,125,111,1,-1,-1,-1
1518,909,867,330,126,112,1,-1,-1,-1
1519,909,867,329,126,112,1,-1,-1,-1
1520,909,867,328,127,114,1,-1,-1,-1
1521,909,867,331,127,112,1,-1,-1,-1
1522,909,868,332,127,111,1,-1,-1,-1
1523,909,868,333,127,110,1,-1,-1,-1
1524,909,867,331,127,111,1,-1,-1,-1
1525,909,867,328,125,113,1,-1,-1,-1
1526,909,867,328,125,113,1,-1,-1,-1
1527,909,867,330,125,111,1,-1,-1,-1
1528,909,868,330,125,111,1,-1,-1,-1
1529,909,868,331,124,111,1,-1,-1,-1
1530,909,868,331,125,111,1,-1,-1,-1
1531,909,867,330,126,111,1,-1,-1,-1
1532,909,867,330,126,112,1,-1,-1,-1
1533,909,867,330,126,112,1,-1,-1,-1
1534,909,867,329,126,112,1,-1,-1,-1
1535,909,867,330,125,112,1,-1,-1,-1
1536,909,867,330,126,112,1,-1,-1,-1
1537,909,868,331,126,111,1,-1,-1,-1
1538,909,868,330,125,111,1,-1,-1,-1
1539,909,868,331,125,111,1,-1,-1,-1
1540,909,868,330,125,112,1,-1,-1,-1
1541,909,868,330,125,111,1,-1,-1,-1
1542,909,868,330,125,111,1,-1,-1,-1
1543,909,868,331,126,111,1,-1,-1,-1
1544,909,868,331,125,112,1,-1,-1,-1
1545,909,868,332,125,111,1,-1,-1,-1
1546,909,867,331,125,112,1,-1,-1,-1
1547,909,867,331,126,113,1,-1,-1,-1
1548,909,867,331,125,111,1,-1,-1,-1
1549,909,867,328,127,114,1,-1,-1,-1
1550,909,866,328,127,114,1,-1,-1,-1
1551,909,868,331,125,111,1,-1,-1,-1
1552,909,868,331,125,111,1,-1,-1,-1
1553,909,868,331,126,111,1,-1,-1,-1
1554,909,868,330,125,111,1,-1,-1,-1
1555,909,868,331,125,111,1,-1,-1,-1
1556,909,868,330,125,112,1,-1,-1,-1
1557,909,868,330,125,112,1,-1,-1,-1
1558,909,868,331,124,111,1,-1,-1,-1
1559,909,868,332,124,110,1,-1,-1,-1
1560,909,868,331,125,111,1,-1,-1,-1
1561,909,868,330,126,111,1,-1,-1,-1
1562,909,868,330,126,111,1,-1,-1,-1
1563,909,867,330,126,112,1,-1,-1,-1
1564,909,867,330,127,112,1,-1,-1,-1
1565,909,867,331,127,112,1,-1,-1,-1
1566,909,867,331,127,112,1,-1,-1,-1
1567,909,867,331,126,112,1,-1,-1,-1
1568,909,867,331,126,112,1,-1,-1,-1
1569,909,867,331,126,111,1,-1,-1,-1
1570,909,867,332,125,110,1,-1,-1,-1
1571,909,867,331,126,110,1,-1,-1,-1
1572,909,867,332,126,110,1,-1,-1,-1
1573,909,867,331,126,111,1,-1,-1,-1
1574,909,867,330,126,112,1,-1,-1,-1
1575,909,867,330,126,112,1,-1,-1,-1
1576,909,867,330,126,112,1,-1,-1,-1
1577,909,867,329,127,113,1,-1,-1,-1
1578,909,868,330,127,113,1,-1,-1,-1
1579,909,867,330,126,111,1,-1,-1,-1
1580,909,868,331,126,111,1,-1,-1,-1
1581,909,868,330,126,112,1,-1,-1,-1
1582,909,867,330,125,112,1,-1,-1,-1
1583,909,867,330,125,112,1,-1,-1,-1
1584,909,867,330,125,111,1,-1,-1,-1
1585,909,867,332,126,110,1,-1,-1,-1
1586,909,867,331,125,111,1,-1,-1,-1
1587,909,867,330,127,112,1,-1,-1,-1
1588,909,867,330,126,112,1,-1,-1,-1
1589,909,867,331,126,111,1,-1,-1,-1
1590,909,867,330,126,112,1,-1,-1,-1
1591,909,868,330,125,112,1,-1,-1,-1
1592,909,868,330,125,111,1,-1,-1,-1
1593,909,868,330,126,113,1,-1,-1,-1
1594,909,867,329,126,112,1,-1,-1,-1
1595,909,867,330,125,112,1,-1,-1,-1
1596,909,867,331,125,111,1,-1,-1,-1
1597,909,867,331,126,111,1,-1,-1,-1
1598,909,867,331,126,111,1,-1,-1,-1
1599,909,867,331,126,110,1,-1,-1,-1
1600,909,867,331,126,110,1,-1,-1,-1
1601,909,867,330,126,112,1,-1,-1,-1
1602,909,867,329,126,113,1,-1,-1,-1
1603,909,867,329,126,112,1,-1,-1,-1
1604,909,867,328,125,113,1,-1,-1,-1
1605,909,868,331,125,110,1,-1,-1,-1
1606,909,868,331,126,111,1,-1,-1,-1
1607,909,868,331,126,111,1,-1,-1,-1
1608,909,868,330,125,112,1,-1,-1,-1
1609,909,867,329,126,112,1,-1,-1,-1
1610,909,867,330,126,111,1,-1,-1,-1
1611,909,867,331,126,111,1,-1,-1,-1
1612,909,867,330,126,112,1,-1,-1,-1
1613,909,867,331,126,111,1,-1,-1,-1
1614,909,867,331,126,111,1,-1,-1,-1
1615,909,867,331,126,111,1,-1,-1,-1
1616,909,867,330,126,112,1,-1,-1,-1
1617,909,867,329,126,113,1,-1,-1,-1
1618,909,867,330,126,111,1,-1,-1,-1
1619,909,867,330,126,111,1,-1,-1,-1
1620,909,868,330,125,111,1,-1,-1,-1
1621,909,867,330,126,111,1,-1,-1,-1
1622,909,867,329,127,112,1,-1,-1,-1
1623,909,867,329,126,113,1,-1,-1,-1
1624,909,868,330,125,112,1,-1,-1,-1
1625,909,868,330,125,111,1,-1,-1,-1
1626,909,868,330,125,111,1,-1,-1,-1
1627,909,867,331,125,111,1,-1,-1,-1
1628,909,868,331,125,111,1,-1,-1,-1
1629,909,867,330,125,112,1,-1,-1,-1
1630,909,867,329,126,113,1,-1,-1,-1
1631,909,868,330,125,111,1,-1,-1,-1
1632,909,868,331,126,110,1,-1,-1,-1
1633,909,868,331,126,110,1,-1,-1,-1
1634,909,868,331,126,110,1,-1,-1,-1
1635,909,868,330,126,112,1,-1,-1,-1
1636,909,868,329,126,112,1,-1,-1,-1
1637,909,867,329,127,113,1,-1,-1,-1
1638,909,868,330,125,112,1,-1,-1,-1
1639,909,867,331,125,111,1,-1,-1,-1
1640,909,867,332,124,110,1,-1,-1,-1
1641,909,867,332,126,110,1,-1,-1,-1
1642,909,867,331,126,111,1,-1,-1,-1
1643,909,867,331,125,111,1,-1,-1,-1
1644,909,867,330,126,112,1,-1,-1,-1
1645,909,867,330,125,112,1,-1,-1,-1
1646,909,868,330,125,112,1,-1,-1,-1
1647,909,868,330,125,112,1,-1,-1,-1
1648,909,868,330,125,112,1,-1,-1,-1
1649,909,868,329,126,113,1,-1,-1,-1
1650,909,867,329,126,113,1,-1,-1,-1
1651,909,867,330,125,112,1,-1,-1,-1
1652,909,867,331,125,112,1,-1,-1,-1
1653,909,867,330,125,112,1,-1,-1,-1
1654,909,867,331,125,112,1,-1,-1,-1
1655,909,867,331,125,111,1,-1,-1,-1
1656,909,868,331,125,111,1,-1,-1,-1
1657,909,867,330,126,113,1,-1,-1,-1
1658,909,868,330,125,112,1,-1,-1,-1
1659,909,868,330,125,112,1,-1,-1,-1
1660,909,868,330,126,113,1,-1,-1,-1
1661,909,868,330,126,111,1,-1,-1,-1
1662,909,868,330,126,111,1,-1,-1,-1
1663,909,868,330,126,111,1,-1,-1,-1
1664,909,868,330,125,112,1,-1,-1,-1
1665,909,868,330,126,112,1,-1,-1,-1
1666,909,867,330,126,112,1,-1,-1,-1
1667,909,868,331,125,110,1,-1,-1,-1
1668,909,868,331,126,111,1,-1,-1,-1
1669,909,868,331,125,112,1,-1,-1,-1
1670,909,868,330,125,112,1,-1,-1,-1
1671,909,867,331,126,110,1,-1,-1,-1
1672,909,867,331,126,110,1,-1,-1,-1
1673,909,868,331,126,110,1,-1,-1,-1
1674,909,868,330,125,111,1,-1,-1,-1
1675,909,868,330,125,112,1,-1,-1,-1
1676,909,868,330,125,111,1,-1,-1,-1
1677,909,868,330,125,111,1,-1,-1,-1
1678,909,868,330,126,112,1,-1,-1,-1
1679,909,868,331,125,111,1,-1,-1,-1
1680,909,868,331,125,111,1,-1,-1,-1
1681,909,868,330,125,112,1,-1,-1,-1
1682,909,868,330,126,112,1,-1,-1,-1
1683,909,868,330,125,112,1,-1,-1,-1
1684,909,868,330,125,112,1,-1,-1,-1
1685,909,867,331,127,102,1,-1,-1,-1
1686,909,867,331,125,99,1,-1,-1,-1
1687,909,867,329,126,113,1,-1,-1,-1
1688,909,867,328,126,113,1,-1,-1,-1
1689,909,868,328,125,114,1,-1,-1,-1
1690,909,868,328,125,113,1,-1,-1,-1
1691,909,867,330,126,112,1,-1,-1,-1
1692,909,868,330,126,112,1,-1,-1,-1
1693,909,868,330,126,112,1,-1,-1,-1
1694,909,867,330,126,112,1,-1,-1,-1
1695,909,868,329,125,112,1,-1,-1,-1
1696,909,868,330,125,111,1,-1,-1,-1
1697,909,868,329,125,112,1,-1,-1,-1
1698,909,867,330,125,111,1,-1,-1,-1
1699,909,867,330,125,112,1,-1,-1,-1
1700,909,867,330,126,112,1,-1,-1,-1
1701,909,867,330,125,112,1,-1,-1,-1
1702,909,867,330,126,112,1,-1,-1,-1
1703,909,867,330,126,111,1,-1,-1,-1
1704,909,867,330,126,111,1,-1,-1,-1
1705,909,867,330,126,112,1,-1,-1,-1
1706,909,867,330,127,113,1,-1,-1,-1
1707,909,867,330,126,113,1,-1,-1,-1
1708,909,867,330,125,112,1,-1,-1,-1
1709,909,868,330,125,112,1,-1,-1,-1
1710,909,868,330,125,111,1,-1,-1,-1
1711,909,868,330,125,111,1,-1,-1,-1
1712,909,867,330,125,112,1,-1,-1,-1
1713,909,867,330,125,112,1,-1,-1,-1
1714,909,867,330,125,111,1,-1,-1,-1
1715,909,867,330,126,111,1,-1,-1,-1
1716,909,867,331,126,111,1,-1,-1,-1
1717,909,867,330,126,112,1,-1,-1,-1
1718,909,867,331,126,111,1,-1,-1,-1
1719,909,867,331,125,112,1,-1,-1,-1
1720,909,867,331,125,110,1,-1,-1,-1
1721,909,866,332,125,105,1,-1,-1,-1
1722,909,866,331,127,104,1,-1,-1,-1
1723,909,866,331,127,110,1,-1,-1,-1
1724,909,866,331,127,110,1,-1,-1,-1
1725,909,866,331,126,111,1,-1,-1,-1
1726,909,866,332,127,110,1,-1,-1,-1
1727,909,866,331,126,111,1,-1,-1,-1
1728,909,866,331,126,111,1,-1,-1,-1
1729,909,866,331,126,111,1,-1,-1,-1
1730,909,866,331,126,111,1,-1,-1,-1
1731,909,867,330,125,111,1,-1,-1,-1
1732,909,868,331,125,111,1,-1,-1,-1
1733,909,868,330,124,112,1,-1,-1,-1
1734,909,868,331,124,111,1,-1,-1,-1
1735,909,868,330,124,111,1,-1,-1,-1
1736,909,868,331,124,111,1,-1,-1,-1
1737,909,868,331,125,110,1,-1,-1,-1
1738,909,868,331,124,111,1,-1,-1,-1
1739,909,869,330,124,110,1,-1,-1,-1
1740,909,868,329,124,91,1,-1,-1,-1
1741,909,867,331,126,110,1,-1,-1,-1
1742,909,867,331,126,112,1,-1,-1,-1
1743,909,866,330,127,111,1,-1,-1,-1
1744,909,867,330,127,112,1,-1,-1,-1
1745,909,867,331,127,112,1,-1,-1,-1
1746,909,868,331,126,112,1,-1,-1,-1
1747,909,868,331,125,112,1,-1,-1,-1
1748,909,868,330,125,112,1,-1,-1,-1
1749,909,868,330,125,112,1,-1,-1,-1
1750,909,868,331,125,111,1,-1,-1,-1
1751,909,868,331,125,110,1,-1,-1,-1
1752,909,867,331,126,111,1,-1,-1,-1
1753,909,868,332,125,110,1,-1,-1,-1
1754,909,868,331,125,111,1,-1,-1,-1
1755,909,867,332,125,111,1,-1,-1,-1
1756,909,867,332,125,111,1,-1,-1,-1
1757,909,868,332,125,111,1,-1,-1,-1
1758,909,868,331,126,111,1,-1,-1,-1
1759,909,867,331,126,111,1,-1,-1,-1
1760,909,867,331,126,111,1,-1,-1,-1
1761,909,868,331,126,112,1,-1,-1,-1
1762,909,868,332,126,111,1,-1,-1,-1
1763,909,868,331,126,111,1,-1,-1,-1
1764,909,868,331,126,111,1,-1,-1,-1
1765,909,867,330,126,112,1,-1,-1,-1
1766,909,868,330,125,112,1,-1,-1,-1
1767,909,867,329,126,113,1,-1,-1,-1
1768,909,867,328,126,114,1,-1,-1,-1
1769,909,867,329,126,114,1,-1,-1,-1
1770,909,868,331,125,112,1,-1,-1,-1
1771,909,868,331,125,111,1,-1,-1,-1
1772,909,868,331,125,111,1,-1,-1,-1
1773,909,868,330,125,112,1,-1,-1,-1
1774,909,868,330,126,112,1,-1,-1,-1
1775,909,868,331,125,112,1,-1,-1,-1
1776,909,868,330,125,112,1,-1,-1,-1
1777,909,869,330,124,112,1,-1,-1,-1
1778,909,869,330,125,113,1,-1,-1,-1
1779,909,868,330,125,111,1,-1,-1,-1
1780,909,867,331,126,111,1,-1,-1,-1
1781,909,868,331,125,111,1,-1,-1,-1
1782,909,868,331,125,112,1,-1,-1,-1
1783,909,868,331,125,112,1,-1,-1,-1
1784,909,868,330,125,112,1,-1,-1,-1
1785,909,868,330,125,112,1,-1,-1,-1
1786,909,868,330,126,112,1,-1,-1,-1
1787,909,867,331,126,111,1,-1,-1,-1
1788,909,868,330,126,112,1,-1,-1,-1
1789,909,868,330,125,112,1,-1,-1,-1
1790,909,867,331,125,111,1,-1,-1,-1
1791,909,867,331,126,111,1,-1,-1,-1
1792,909,867,331,126,111,1,-1,-1,-1
1793,909,867,331,126,110,1,-1,-1,-1
1794,909,867,331,126,111,1,-1,-1,-1
1795,909,867,331,126,111,1,-1,-1,-1
1796,909,867,331,126,111,1,-1,-1,-1
1797,909,867,331,126,110,1,-1,-1,-1
1798,909,867,331,125,110,1,-1,-1,-1
1799,909,867,332,126,110,1,-1,-1,-1
1800,909,867,332,126,110,1,-1,-1,-1
1801,909,869,333,125,111,1,-1,-1,-1
1802,909,868,331,126,110,1,-1,-1,-1
1803,909,867,330,126,111,1,-1,-1,-1
1804,909,867,329,126,112,1,-1,-1,-1
1805,909,868,330,126,112,1,-1,-1,-1
1806,909,868,329,126,113,1,-1,-1,-1
1807,909,868,329,125,112,1,-1,-1,-1
1808,909,868,330,125,112,1,-1,-1,-1
1809,909,868,330,125,112,1,-1,-1,-1
1810,909,867,330,126,112,1,-1,-1,-1
1811,909,867,331,126,111,1,-1,-1,-1
1812,909,868,331,125,110,1,-1,-1,-1
1813,909,868,331,126,110,1,-1,-1,-1
1814,909,869,330,125,112,1,-1,-1,-1
1815,909,869,330,125,112,1,-1,-1,-1
1816,909,868,331,125,110,1,-1,-1,-1
1817,909,868,331,125,110,1,-1,-1,-1
1818,909,868,330,125,112,1,-1,-1,-1
1819,909,868,331,125,110,1,-1,-1,-1
1820,909,868,331,125,111,1,-1,-1,-1
1821,909,866,331,127,110,1,-1,-1,-1
1822,909,867,332,126,110,1,-1,-1,-1
1823,909,867,331,126,110,1,-1,-1,-1
1824,909,867,331,126,111,1,-1,-1,-1
1825,909,867,331,125,111,1,-1,-1,-1
1826,909,867,330,126,112,1,-1,-1,-1
1827,909,867,330,126,112,1,-1,-1,-1
1828,909,868,331,125,111,1,-1,-1,-1
1829,909,869,331,125,112,1,-1,-1,-1
1830,909,869,330,125,112,1,-1,-1,-1
1831,909,868,331,125,111,1,-1,-1,-1
1832,909,867,330,126,111,1,-1,-1,-1
1833,909,868,329,125,112,1,-1,-1,-1
1834,909,868,330,125,111,1,-1,-1,-1
1835,909,868,331,125,111,1,-1,-1,-1
1836,909,867,332,126,111,1,-1,-1,-1
1837,909,868,331,126,112,1,-1,-1,-1
1838,909,868,331,126,111,1,-1,-1,-1
1839,909,868,331,125,111,1,-1,-1,-1
1840,909,868,331,125,110,1,-1,-1,-1
1841,909,868,331,127,111,1,-1,-1,-1
1842,909,869,331,125,110,1,-1,-1,-1
1843,909,868,332,126,109,1,-1,-1,-1
1844,909,868,331,126,110,1,-1,-1,-1
1845,909,867,331,127,112,1,-1,-1,-1
1846,909,867,331,126,111,1,-1,-1,-1
1847,909,867,331,126,111,1,-1,-1,-1
1848,909,867,330,126,111,1,-1,-1,-1
1849,909,867,330,126,112,1,-1,-1,-1
1850,909,867,331,126,111,1,-1,-1,-1
1851,909,868,331,127,112,1,-1,-1,-1
1852,909,868,331,126,112,1,-1,-1,-1
1853,909,868,332,126,111,1,-1,-1,-1
1854,909,868,331,125,112,1,-1,-1,-1
1855,909,868,331,125,112,1,-1,-1,-1
1856,909,868,331,125,112,1,-1,-1,-1
1857,909,869,331,125,111,1,-1,-1,-1
1858,909,868,331,126,112,1,-1,-1,-1
1859,909,867,330,126,113,1,-1,-1,-1
1860,909,867,330,125,111,1,-1,-1,-1
1861,909,868,331,125,111,1,-1,-1,-1
1862,909,868,330,125,112,1,-1,-1,-1
1863,909,867,331,125,111,1,-1,-1,-1
1864,909,868,331,125,112,1,-1,-1,-1
1865,909,868,331,125,112,1,-1,-1,-1
1866,909,868,330,125,112,1,-1,-1,-1
1867,909,867,330,126,111,1,-1,-1,-1
1868,909,868,331,126,110,1,-1,-1,-1
1869,909,868,331,126,110,1,-1,-1,-1
1870,909,869,331,125,110,1,-1,-1,-1
1871,909,867,330,127,113,1,-1,-1,-1
1872,909,867,330,126,112,1,-1,-1,-1
1873,909,867,330,125,112,1,-1,-1,-1
1874,909,867,330,126,111,1,-1,-1,-1
1875,909,867,331,126,111,1,-1,-1,-1
1876,909,867,331,125,111,1,-1,-1,-1
1877,909,867,330,125,111,1,-1,-1,-1
1878,909,867,330,126,112,1,-1,-1,-1
1879,909,867,329,125,113,1,-1,-1,-1
1880,909,868,327,124,113,1,-1,-1,-1
1881,909,867,331,128,99,1,-1,-1,-1
1882,909,868,328,125,112,1,-1,-1,-1
1883,909,869,329,125,113,1,-1,-1,-1
1884,909,868,287,125,158,1,-1,-1,-1
1885,909,868,324,125,118,1,-1,-1,-1
1886,909,868,325,124,116,1,-1,-1,-1
1887,909,868,329,125,113,1,-1,-1,-1
1888,909,868,329,125,113,1,-1,-1,-1
1889,909,868,329,125,113,1,-1,-1,-1
1890,909,868,329,124,113,1,-1,-1,-1
1891,909,867,330,126,113,1,-1,-1,-1
1892,909,868,331,125,111,1,-1,-1,-1
1893,909,867,331,126,111,1,-1,-1,-1
1894,909,868,329,125,113,1,-1,-1,-1
1895,909,867,329,126,113,1,-1,-1,-1
1896,909,867,329,126,112,1,-1,-1,-1
1897,909,868,331,125,111,1,-1,-1,-1
1898,909,868,330,125,112,1,-1,-1,-1
1899,909,868,330,125,112,1,-1,-1,-1
1900,909,868,331,126,112,1,-1,-1,-1
1901,909,867,331,126,111,1,-1,-1,-1
1902,909,867,331,126,111,1,-1,-1,-1
1903,909,867,331,126,110,1,-1,-1,-1
1904,909,867,331,126,110,1,-1,-1,-1
1905,909,867,330,126,112,1,-1,-1,-1
1906,909,867,330,126,112,1,-1,-1,-1
1907,909,867,330,126,112,1,-1,-1,-1
1908,909,868,330,126,111,1,-1,-1,-1
1909,909,868,330,125,111,1,-1,-1,-1
1910,909,867,330,126,111,1,-1,-1,-1
1911,909,868,331,126,111,1,-1,-1,-1
1912,909,867,332,126,111,1,-1,-1,-1
1913,909,867,332,126,111,1,-1,-1,-1
1914,909,866,332,127,111,1,-1,-1,-1
1915,909,866,332,127,112,1,-1,-1,-1
1916,909,866,332,127,112,1,-1,-1,-1
1917,909,866,332,127,112,1,-1,-1,-1
1918,909,867,331,127,114,1,-1,-1,-1
1919,909,867,331,129,114,1,-1,-1,-1
1920,909,866,331,130,115,1,-1,-1,-1
1921,909,866,331,131,116,1,-1,-1,-1
1922,909,867,332,130,117,1,-1,-1,-1
1923,909,868,333,129,116,1,-1,-1,-1
1924,909,867,334,132,118,1,-1,-1,-1
1925,909,867,333,132,120,1,-1,-1,-1
1926,909,868,333,134,123,1,-1,-1,-1
1927,909,871,335,134,122,1,-1,-1,-1
1928,909,868,331,141,129,1,-1,-1,-1
1929,909,870,334,144,127,1,-1,-1,-1
1930,909,872,333,148,132,1,-1,-1,-1
1931,909,874,335,154,132,1,-1,-1,-1
1932,909,877,338,161,131,1,-1,-1,-1
1933,909,879,336,170,136,1,-1,-1,-1
1934,909,882,337,179,139,1,-1,-1,-1
1935,909,883,336,190,143,1,-1,-1,-1
1936,909,886,337,203,145,1,-1,-1,-1
1937,909,890,338,214,149,1,-1,-1,-1
1938,909,896,341,227,152,1,-1,-1,-1
1939,909,906,342,237,153,1,-1,-1,-1
1940,909,913,344,253,156,1,-1,-1,-1
1941,909,926,346,265,160,1,-1,-1,-1
1942,909,940,349,276,161,1,-1,-1,-1
1943,909,953,351,293,163,1,-1,-1,-1
1944,909,970,354,307,165,1,-1,-1,-1
1945,909,988,358,319,165,1,-1,-1,-1
1946,909,1011,362,331,164,1,-1,-1,-1
1947,909,1032,363,347,171,1,-1,-1,-1
1948,909,1062,365,355,171,1,-1,-1,-1
1949,909,1092,369,364,171,1,-1,-1,-1
1950,909,1123,372,374,172,1,-1,-1,-1
1951,909,1156,376,383,174,1,-1,-1,-1
1952,909,1191,380,392,176,1,-1,-1,-1
1953,909,1230,384,399,176,1,-1,-1,-1
1954,909,1270,386,407,178,1,-1,-1,-1
1955,909,1316,390,409,180,1,-1,-1,-1
1956,909,1361,394,412,181,1,-1,-1,-1
1957,909,1410,397,415,180,1,-1,-1,-1
1958,909,1463,400,414,182,1,-1,-1,-1
1959,909,1518,404,401,181,1,-1,-1,-1
1960,909,1572,409,345,179,1,-1,-1,-1
1961,909,1629,415,288,163,1,-1,-1,-1
1962,909,1687,420,232,161,1,-1,-1,-1
1963,909,1739,418,181,165,1,-1,-1,-1
1964,909,1796,419,123,168,1,-1,-1,-1
881,911,1578,981,339,94,1,-1,-1,-1
882,911,1541,969,377,106,1,-1,-1,-1
883,911,1499,944,418,132,1,-1,-1,-1
884,911,1458,910,459,165,1,-1,-1,-1
885,911,1419,886,497,189,1,-1,-1,-1
886,911,1377,857,542,217,1,-1,-1,-1
887,911,1332,835,569,242,1,-1,-1,-1
888,911,1287,809,556,266,1,-1,-1,-1
889,911,1240,782,549,295,1,-1,-1,-1
890,911,1194,756,542,319,1,-1,-1,-1
891,911,1146,737,530,338,1,-1,-1,-1
892,911,1095,718,523,330,1,-1,-1,-1
893,911,1043,699,519,319,1,-1,-1,-1
894,911,993,682,510,309,1,-1,-1,-1
895,911,939,663,503,301,1,-1,-1,-1
896,911,885,646,496,293,1,-1,-1,-1
897,911,829,637,493,282,1,-1,-1,-1
898,911,773,622,485,275,1,-1,-1,-1
899,911,716,609,479,269,1,-1,-1,-1
900,911,657,602,477,256,1,-1,-1,-1
901,911,601,588,465,251,1,-1,-1,-1
902,911,538,582,463,243,1,-1,-1,-1
903,911,475,573,462,234,1,-1,-1,-1
904,911,417,565,450,228,1,-1,-1,-1
905,911,353,558,446,222,1,-1,-1,-1
906,911,291,552,439,218,1,-1,-1,-1
907,911,225,548,439,210,1,-1,-1,-1
908,911,158,540,437,209,1,-1,-1,-1
909,911,98,539,421,203,1,-1,-1,-1
910,911,31,537,422,199,1,-1,-1,-1
911,911,0,529,376,197,1,-1,-1,-1
912,911,0,529,308,191,1,-1,-1,-1
913,911,1,531,233,183,1,-1,-1,-1
914,911,0,530,162,185,1,-1,-1,-1
915,911,0,530,92,165,1,-1,-1,-1
904,912,1441,981,479,96,1,-1,-1,-1
905,912,1384,959,534,117,1,-1,-1,-1
906,912,1336,924,578,153,1,-1,-1,-1
907,912,1287,894,626,180,1,-1,-1,-1
908,912,1242,860,634,214,1,-1,-1,-1
909,912,1195,834,636,240,1,-1,-1,-1
910,912,1145,807,635,268,1,-1,-1,-1
911,912,1098,782,622,293,1,-1,-1,-1
912,912,1047,757,613,319,1,-1,-1,-1
913,912,999,737,598,341,1,-1,-1,-1
914,912,950,718,589,359,1,-1,-1,-1
915,912,899,701,580,360,1,-1,-1,-1
916,912,847,683,571,346,1,-1,-1,-1
917,912,793,666,565,336,1,-1,-1,-1
918,912,734,650,563,327,1,-1,-1,-1
919,912,680,636,554,317,1,-1,-1,-1
920,912,628,625,543,304,1,-1,-1,-1
921,912,571,614,540,294,1,-1,-1,-1
922,912,515,604,529,288,1,-1,-1,-1
923,912,460,594,521,281,1,-1,-1,-1
924,912,402,586,518,271,1,-1,-1,-1
925,912,346,579,507,263,1,-1,-1,-1
926,912,291,569,499,260,1,-1,-1,-1
927,912,231,563,497,250,1,-1,-1,-1
928,912,173,558,486,244,1,-1,-1,-1
929,912,120,553,474,237,1,-1,-1,-1
930,912,60,548,472,232,1,-1,-1,-1
931,912,9,542,458,229,1,-1,-1,-1
932,912,1,540,405,218,1,-1,-1,-1
933,912,2,535,341,218,1,-1,-1,-1
934,912,2,536,274,209,1,-1,-1,-1
935,912,1,535,211,203,1,-1,-1,-1
936,912,0,532,151,201,1,-1,-1,-1
922,916,1462,975,455,101,1,-1,-1,-1
923,916,1410,953,507,124,1,-1,-1,-1
924,916,1360,915,556,162,1,-1,-1,-1
925,916,1308,879,571,197,1,-1,-1,-1
926,916,1259,844,553,231,1,-1,-1,-1
927,916,1208,814,540,262,1,-1,-1,-1
928,916,1157,782,527,293,1,-1,-1,-1
929,916,1104,754,516,322,1,-1,-1,-1
930,916,1051,731,504,327,1,-1,-1,-1
931,916,996,707,494,313,1,-1,-1,-1
932,916,941,686,485,303,1,-1,-1,-1
933,916,886,666,476,291,1,-1,-1,-1
934,916,831,650,470,279,1,-1,-1,-1
935,916,774,633,459,271,1,-1,-1,-1
936,916,717,619,456,264,1,-1,-1,-1
937,916,663,606,448,254,1,-1,-1,-1
938,916,602,593,448,249,1,-1,-1,-1
939,916,549,584,436,240,1,-1,-1,-1
940,916,491,574,435,233,1,-1,-1,-1
941,916,438,567,423,224,1,-1,-1,-1
942,916,382,558,416,220,1,-1,-1,-1
943,916,324,551,411,214,1,-1,-1,-1
944,916,264,544,415,211,1,-1,-1,-1
945,916,210,541,405,202,1,-1,-1,-1
946,916,154,536,397,198,1,-1,-1,-1
947,916,97,532,390,194,1,-1,-1,-1
948,916,37,528,387,190,1,-1,-1,-1
949,916,0,526,362,185,1,-1,-1,-1
950,916,1,522,297,182,1,-1,-1,-1
951,916,0,522,233,179,1,-1,-1,-1
952,916,0,520,171,180,1,-1,-1,-1
953,916,0,525,104,162,1,-1,-1,-1
943,920,1598,1011,316,65,1,-1,-1,-1
944,920,1544,970,372,106,1,-1,-1,-1
945,920,1497,932,420,144,1,-1,-1,-1
946,920,1450,893,470,183,1,-1,-1,-1
947,920,1409,858,508,215,1,-1,-1,-1
948,920,1369,828,546,247,1,-1,-1,-1
949,920,1324,799,592,277,1,-1,-1,-1
950,920,1281,770,637,307,1,-1,-1,-1
951,920,1242,748,676,329,1,-1,-1,-1
952,920,1195,722,717,355,1,-1,-1,-1
953,920,1150,705,701,370,1,-1,-1,-1
954,920,1106,685,689,393,1,-1,-1,-1
955,920,1056,668,685,410,1,-1,-1,-1
956,920,1010,649,672,429,1,-1,-1,-1
957,920,960,637,667,413,1,-1,-1,-1
958,920,909,621,662,399,1,-1,-1,-1
959,920,858,610,655,387,1,-1,-1,-1
960,920,807,599,648,373,1,-1,-1,-1
961,920,755,584,643,366,1,-1,-1,-1
962,920,702,575,640,353,1,-1,-1,-1
963,920,651,566,640,340,1,-1,-1,-1
964,920,600,560,625,328,1,-1,-1,-1
965,920,546,553,620,318,1,-1,-1,-1
966,920,494,545,615,310,1,-1,-1,-1
967,920,435,537,615,303,1,-1,-1,-1
968,920,384,531,607,296,1,-1,-1,-1
969,920,331,529,602,285,1,-1,-1,-1
970,920,275,524,601,278,1,-1,-1,-1
971,920,223,520,592,270,1,-1,-1,-1
972,920,166,518,589,263,1,-1,-1,-1
973,920,116,515,577,255,1,-1,-1,-1
974,920,59,514,578,249,1,-1,-1,-1
975,920,5,509,571,246,1,-1,-1,-1
976,920,1,509,507,239,1,-1,-1,-1
977,920,0,507,453,237,1,-1,-1,-1
978,920,2,511,389,225,1,-1,-1,-1
979,920,0,512,331,219,1,-1,-1,-1
980,920,0,509,270,220,1,-1,-1,-1
981,920,0,557,205,170,1,-1,-1,-1
982,920,0,557,150,164,1,-1,-1,-1
983,920,0,559,88,138,1,-1,-1,-1
978,924,926,181,25,28,1,-1,-1,-1
979,924,925,180,28,28,1,-1,-1,-1
980,924,925,180,27,29,1,-1,-1,-1
981,924,926,180,30,28,1,-1,-1,-1
982,924,926,181,28,28,1,-1,-1,-1
983,924,926,181,32,28,1,-1,-1,-1
984,924,926,181,31,27,1,-1,-1,-1
985,924,926,181,26,27,1,-1,-1,-1
986,924,926,181,25,27,1,-1,-1,-1
987,924,926,181,27,28,1,-1,-1,-1
988,924,926,181,27,28,1,-1,-1,-1
989,924,926,181,28,28,1,-1,-1,-1
990,924,926,181,27,27,1,-1,-1,-1
991,924,926,181,23,27,1,-1,-1,-1
994,924,927,179,23,28,1,-1,-1,-1
995,924,927,179,23,28,1,-1,-1,-1
996,924,927,180,23,28,1,-1,-1,-1
997,924,927,179,23,28,1,-1,-1,-1
999,924,928,179,22,28,1,-1,-1,-1
1000,924,927,179,23,28,1,-1,-1,-1
1001,924,927,178,23,28,1,-1,-1,-1
1002,924,927,177,23,30,1,-1,-1,-1
979,925,1767,657,151,272,1,-1,-1,-1
980,925,1740,636,179,260,1,-1,-1,-1
981,925,1711,618,208,247,1,-1,-1,-1
982,925,1684,598,235,241,1,-1,-1,-1
983,925,1656,581,264,231,1,-1,-1,-1
984,925,1635,564,284,223,1,-1,-1,-1
985,925,1609,550,299,213,1,-1,-1,-1
986,925,1587,536,284,204,1,-1,-1,-1
987,925,1564,520,274,197,1,-1,-1,-1
988,925,1540,508,263,188,1,-1,-1,-1
989,925,1519,493,254,185,1,-1,-1,-1
990,925,1499,481,245,178,1,-1,-1,-1
991,925,1480,467,234,174,1,-1,-1,-1
992,925,1463,456,224,165,1,-1,-1,-1
993,925,1443,446,226,160,1,-1,-1,-1
994,925,1428,435,208,156,1,-1,-1,-1
995,925,1412,424,199,152,1,-1,-1,-1
996,925,1395,417,194,144,1,-1,-1,-1
997,925,1381,406,188,143,1,-1,-1,-1
998,925,1367,399,180,138,1,-1,-1,-1
999,925,1355,390,172,132,1,-1,-1,-1
1000,925,1340,383,169,129,1,-1,-1,-1
1001,925,1328,375,162,125,1,-1,-1,-1
1002,925,1315,369,159,121,1,-1,-1,-1
1003,925,1315,360,140,119,1,-1,-1,-1
1004,925,1292,355,146,115,1,-1,-1,-1
1005,925,1280,349,142,109,1,-1,-1,-1
1006,925,1270,340,136,107,1,-1,-1,-1
1007,925,1259,337,134,104,1,-1,-1,-1
1008,925,1249,330,129,103,1,-1,-1,-1
1009,925,1240,326,127,97,1,-1,-1,-1
1010,925,1230,318,121,98,1,-1,-1,-1
1011,925,1221,315,118,93,1,-1,-1,-1
1012,925,1213,310,113,91,1,-1,-1,-1
1013,925,1205,306,113,87,1,-1,-1,-1
1014,925,1198,302,111,84,1,-1,-1,-1
1015,925,1190,298,106,83,1,-1,-1,-1
1016,925,1182,293,101,80,1,-1,-1,-1
1017,925,1175,290,96,78,1,-1,-1,-1
1018,925,1168,286,97,77,1,-1,-1,-1
1019,925,1160,281,96,76,1,-1,-1,-1
1020,925,1156,280,88,74,1,-1,-1,-1
1021,925,1150,276,83,70,1,-1,-1,-1
1022,925,1144,269,81,73,1,-1,-1,-1
1023,925,1138,267,80,71,1,-1,-1,-1
1024,925,1133,265,78,68,1,-1,-1,-1
1025,925,1128,264,76,65,1,-1,-1,-1
1026,925,1123,260,75,65,1,-1,-1,-1
1027,925,1119,257,72,62,1,-1,-1,-1
1028,925,1113,254,71,63,1,-1,-1,-1
1029,925,1107,253,67,60,1,-1,-1,-1
1030,925,1104,248,67,62,1,-1,-1,-1
1031,925,1099,247,65,56,1,-1,-1,-1
1032,925,1096,243,59,56,1,-1,-1,-1
1033,925,1089,242,59,54,1,-1,-1,-1
1034,925,1085,237,60,57,1,-1,-1,-1
1035,925,1082,238,57,53,1,-1,-1,-1
1036,925,1080,236,59,52,1,-1,-1,-1
1037,925,1075,235,54,51,1,-1,-1,-1
1038,925,1072,233,51,50,1,-1,-1,-1
1039,925,1068,231,59,49,1,-1,-1,-1
1040,925,1065,229,52,49,1,-1,-1,-1
1041,925,1063,229,48,46,1,-1,-1,-1
1042,925,1060,225,35,47,1,-1,-1,-1
1044,925,1051,223,46,45,1,-1,-1,-1
1047,925,1041,221,32,44,1,-1,-1,-1
983,926,1830,536,89,78,1,-1,-1,-1
984,926,1801,519,119,106,1,-1,-1,-1
985,926,1774,504,144,153,1,-1,-1,-1
986,926,1749,490,170,143,1,-1,-1,-1
987,926,1723,477,197,143,1,-1,-1,-1
988,926,1697,466,222,144,1,-1,-1,-1
989,926,1677,456,219,137,1,-1,-1,-1
990,926,1653,445,212,133,1,-1,-1,-1
991,926,1633,438,201,126,1,-1,-1,-1
992,926,1611,427,192,122,1,-1,-1,-1
993,926,1593,417,183,120,1,-1,-1,-1
994,926,1570,408,178,115,1,-1,-1,-1
995,926,1552,400,171,110,1,-1,-1,-1
996,926,1534,392,163,106,1,-1,-1,-1
997,926,1522,385,151,102,1,-1,-1,-1
998,926,1497,376,155,101,1,-1,-1,-1
999,926,1480,369,149,96,1,-1,-1,-1
1000,926,1467,361,142,94,1,-1,-1,-1
1001,926,1449,354,139,93,1,-1,-1,-1
1002,926,1436,350,132,87,1,-1,-1,-1
1003,926,1435,342,114,86,1,-1,-1,-1
1004,926,1417,339,115,82,1,-1,-1,-1
1005,926,1397,331,118,80,1,-1,-1,-1
1006,926,1395,328,103,77,1,-1,-1,-1
1007,926,1374,320,108,78,1,-1,-1,-1
1008,926,1361,316,106,74,1,-1,-1,-1
1009,926,1355,312,98,71,1,-1,-1,-1
1010,926,1341,307,97,68,1,-1,-1,-1
1011,926,1329,301,97,65,1,-1,-1,-1
1012,926,1324,297,86,62,1,-1,-1,-1
1013,926,1310,293,89,64,1,-1,-1,-1
1014,926,1301,291,86,57,1,-1,-1,-1
1015,926,1294,288,83,47,1,-1,-1,-1
1016,926,1276,283,88,49,1,-1,-1,-1
1017,926,1270,279,84,47,1,-1,-1,-1
1018,926,1261,275,81,44,1,-1,-1,-1
1019,926,1258,273,72,38,1,-1,-1,-1
1020,926,1246,270,74,35,1,-1,-1,-1
1021,926,1237,267,76,38,1,-1,-1,-1
1022,926,1229,264,75,37,1,-1,-1,-1
1023,926,1223,261,73,39,1,-1,-1,-1
1024,926,1220,256,68,49,1,-1,-1,-1
1025,926,1209,255,74,56,1,-1,-1,-1
1026,926,1206,253,65,47,1,-1,-1,-1
1027,926,1199,248,64,49,1,-1,-1,-1
1028,926,1188,246,69,45,1,-1,-1,-1
1029,926,1183,244,64,43,1,-1,-1,-1
1030,926,1182,244,62,50,1,-1,-1,-1
1031,926,1176,241,57,44,1,-1,-1,-1
1033,926,1165,237,56,46,1,-1,-1,-1
1034,926,1159,235,53,41,1,-1,-1,-1
1035,926,1156,234,51,41,1,-1,-1,-1
1036,926,1151,234,50,41,1,-1,-1,-1
1037,926,1144,231,53,43,1,-1,-1,-1
1038,926,1142,228,48,43,1,-1,-1,-1
1039,926,1136,230,51,40,1,-1,-1,-1
1040,926,1133,229,47,39,1,-1,-1,-1
1041,926,1128,226,47,35,1,-1,-1,-1
1042,926,1127,226,43,34,1,-1,-1,-1
1043,926,1117,225,46,34,1,-1,-1,-1
1044,926,1111,223,48,33,1,-1,-1,-1
1045,926,1116,223,39,31,1,-1,-1,-1
1046,926,1108,221,43,30,1,-1,-1,-1
1047,926,1109,220,36,30,1,-1,-1,-1
1048,926,1105,217,36,31,1,-1,-1,-1
1049,926,1101,216,37,33,1,-1,-1,-1
1050,926,1099,216,34,28,1,-1,-1,-1
1051,926,1091,215,41,29,1,-1,-1,-1
1052,926,1089,212,37,29,1,-1,-1,-1
1053,926,1088,212,31,27,1,-1,-1,-1
1054,926,1081,208,35,30,1,-1,-1,-1
1055,926,1081,208,33,30,1,-1,-1,-1
1056,926,1079,209,34,28,1,-1,-1,-1
1057,926,1076,207,33,27,1,-1,-1,-1
1058,926,1073,208,33,26,1,-1,-1,-1
1059,926,1067,207,34,29,1,-1,-1,-1
1060,926,1069,207,27,28,1,-1,-1,-1
1061,926,1067,207,26,28,1,-1,-1,-1
1063,926,1059,202,29,31,1,-1,-1,-1
1065,926,1051,201,31,32,1,-1,-1,-1
1066,926,1045,201,33,29,1,-1,-1,-1
1069,926,1044,200,26,27,1,-1,-1,-1
1070,926,1041,199,29,29,1,-1,-1,-1
1071,926,1038,199,28,29,1,-1,-1,-1
1072,926,1036,198,28,29,1,-1,-1,-1
1075,926,1008,195,48,34,1,-1,-1,-1
1076,926,1015,196,39,31,1,-1,-1,-1
1085,926,996,195,39,28,1,-1,-1,-1
1086,926,1003,195,30,28,1,-1,-1,-1
1088,926,980,193,49,29,1,-1,-1,-1
1089,926,996,194,33,26,1,-1,-1,-1
1090,926,993,194,34,24,1,-1,-1,-1
1091,926,999,195,26,23,1,-1,-1,-1
989,927,1880,756,40,200,1,-1,-1,-1
990,927,1838,719,81,200,1,-1,-1,-1
991,927,1799,674,119,235,1,-1,-1,-1
992,927,1761,639,158,267,1,-1,-1,-1
993,927,1722,611,197,345,1,-1,-1,-1
994,927,1687,593,232,331,1,-1,-1,-1
995,927,1658,567,261,313,1,-1,-1,-1
996,927,1630,551,289,292,1,-1,-1,-1
997,927,1600,530,320,279,1,-1,-1,-1
998,927,1571,512,347,269,1,-1,-1,-1
999,927,1547,497,366,253,1,-1,-1,-1
1000,927,1523,482,346,237,1,-1,-1,-1
1001,927,1500,466,330,230,1,-1,-1,-1
1002,927,1476,450,315,221,1,-1,-1,-1
1003,927,1456,439,297,210,1,-1,-1,-1
1004,927,1435,429,285,200,1,-1,-1,-1
1005,927,1417,417,271,190,1,-1,-1,-1
1006,927,1400,405,255,184,1,-1,-1,-1
1007,927,1380,397,248,175,1,-1,-1,-1
1008,927,1366,388,236,168,1,-1,-1,-1
1009,927,1348,376,225,164,1,-1,-1,-1
1010,927,1334,367,219,159,1,-1,-1,-1
1011,927,1323,355,206,157,1,-1,-1,-1
1012,927,1309,348,198,152,1,-1,-1,-1
1013,927,1296,346,192,142,1,-1,-1,-1
1014,927,1282,339,185,136,1,-1,-1,-1
1015,927,1271,332,176,132,1,-1,-1,-1
1016,927,1259,324,173,130,1,-1,-1,-1
1017,927,1248,318,165,125,1,-1,-1,-1
1018,927,1238,312,159,124,1,-1,-1,-1
1019,927,1226,308,150,117,1,-1,-1,-1
1020,927,1217,301,148,115,1,-1,-1,-1
1021,927,1208,298,141,110,1,-1,-1,-1
1022,927,1200,293,137,107,1,-1,-1,-1
1023,927,1191,289,133,102,1,-1,-1,-1
1024,927,1181,284,131,99,1,-1,-1,-1
1025,927,1177,280,120,94,1,-1,-1,-1
1026,927,1166,275,123,96,1,-1,-1,-1
1027,927,1160,271,116,92,1,-1,-1,-1
1028,927,1152,268,114,91,1,-1,-1,-1
1029,927,1145,264,113,89,1,-1,-1,-1
1030,927,1139,261,105,85,1,-1,-1,-1
1031,927,1132,261,104,80,1,-1,-1,-1
1032,927,1127,255,102,80,1,-1,-1,-1
1033,927,1119,253,99,78,1,-1,-1,-1
1034,927,1116,249,93,79,1,-1,-1,-1
1035,927,1111,254,90,68,1,-1,-1,-1
1036,927,1106,251,85,67,1,-1,-1,-1
1037,927,1104,251,81,61,1,-1,-1,-1
1038,927,1099,248,79,61,1,-1,-1,-1
1039,927,1094,251,79,55,1,-1,-1,-1
1040,927,1087,240,81,65,1,-1,-1,-1
1041,927,1082,236,79,61,1,-1,-1,-1
1042,927,1072,233,80,62,1,-1,-1,-1
1043,927,1072,233,73,57,1,-1,-1,-1
1044,927,1068,232,71,56,1,-1,-1,-1
1045,927,1063,226,72,58,1,-1,-1,-1
1046,927,1065,229,64,53,1,-1,-1,-1
1047,927,1062,227,62,51,1,-1,-1,-1
1048,927,1053,224,70,52,1,-1,-1,-1
1049,927,1040,216,72,55,1,-1,-1,-1
1050,927,1036,217,74,54,1,-1,-1,-1
1051,927,1039,216,65,52,1,-1,-1,-1
1052,927,1042,218,59,47,1,-1,-1,-1
1053,927,1035,215,64,48,1,-1,-1,-1
1054,927,1034,214,60,50,1,-1,-1,-1
1055,927,1030,211,61,50,1,-1,-1,-1
1056,927,1028,212,61,47,1,-1,-1,-1
1057,927,1025,213,59,43,1,-1,-1,-1
1058,927,1018,207,61,49,1,-1,-1,-1
1059,927,1015,207,61,45,1,-1,-1,-1
1060,927,1013,205,58,44,1,-1,-1,-1
1061,927,1013,206,55,42,1,-1,-1,-1
1062,927,1011,203,55,45,1,-1,-1,-1
1063,927,1010,202,54,44,1,-1,-1,-1
1064,927,1008,201,63,44,1,-1,-1,-1
1065,927,1004,199,55,44,1,-1,-1,-1
1066,927,1003,201,51,40,1,-1,-1,-1
1067,927,1001,197,61,40,1,-1,-1,-1
1068,927,998,198,62,39,1,-1,-1,-1
1069,927,998,199,51,37,1,-1,-1,-1
1070,927,996,197,49,38,1,-1,-1,-1
1071,927,996,196,50,38,1,-1,-1,-1
1072,927,992,195,52,37,1,-1,-1,-1
1073,927,990,194,61,37,1,-1,-1,-1
1074,927,990,194,63,38,1,-1,-1,-1
1075,927,989,193,53,37,1,-1,-1,-1
1076,927,987,193,57,35,1,-1,-1,-1
1077,927,984,192,45,36,1,-1,-1,-1
1078,927,982,192,52,35,1,-1,-1,-1
1079,927,982,194,46,33,1,-1,-1,-1
1080,927,980,193,55,33,1,-1,-1,-1
1081,927,980,193,44,33,1,-1,-1,-1
1082,927,977,193,41,32,1,-1,-1,-1
1083,927,975,193,41,31,1,-1,-1,-1
1084,927,974,193,37,31,1,-1,-1,-1
1085,927,971,192,41,31,1,-1,-1,-1
1086,927,972,192,34,29,1,-1,-1,-1
1087,927,970,192,34,28,1,-1,-1,-1
1088,927,969,192,38,28,1,-1,-1,-1
1089,927,968,192,36,28,1,-1,-1,-1
1090,927,966,191,38,27,1,-1,-1,-1
1091,927,965,192,37,26,1,-1,-1,-1
1092,927,965,192,34,26,1,-1,-1,-1
1093,927,962,191,54,26,1,-1,-1,-1
1094,927,960,192,39,25,1,-1,-1,-1
1095,927,960,192,40,25,1,-1,-1,-1
1096,927,960,191,39,24,1,-1,-1,-1
1097,927,959,192,39,23,1,-1,-1,-1
1100,927,958,190,54,24,1,-1,-1,-1
1101,927,956,189,40,24,1,-1,-1,-1
1103,927,954,188,51,24,1,-1,-1,-1
1106,927,952,186,49,24,1,-1,-1,-1
1108,927,952,185,46,25,1,-1,-1,-1
1112,927,953,184,42,25,1,-1,-1,-1
1113,927,948,185,47,24,1,-1,-1,-1
1115,927,935,185,57,23,1,-1,-1,-1
1124,927,926,183,44,24,1,-1,-1,-1
1007,929,1876,545,44,111,1,-1,-1,-1
1008,929,1845,513,74,126,1,-1,-1,-1
1009,929,1816,496,102,163,1,-1,-1,-1
1010,929,1791,484,128,169,1,-1,-1,-1
1011,929,1765,473,154,163,1,-1,-1,-1
1012,929,1741,460,178,158,1,-1,-1,-1
1013,929,1714,449,205,155,1,-1,-1,-1
1014,929,1694,437,222,153,1,-1,-1,-1
1015,929,1671,429,215,147,1,-1,-1,-1
1016,929,1649,421,209,142,1,-1,-1,-1
1017,929,1629,413,200,136,1,-1,-1,-1
1018,929,1611,406,193,131,1,-1,-1,-1
1019,929,1590,396,185,129,1,-1,-1,-1
1020,929,1572,389,179,125,1,-1,-1,-1
1021,929,1554,382,173,122,1,-1,-1,-1
1022,929,1538,375,169,120,1,-1,-1,-1
1023,929,1521,367,164,117,1,-1,-1,-1
1024,929,1505,361,159,112,1,-1,-1,-1
1025,929,1490,354,153,109,1,-1,-1,-1
1026,929,1477,349,148,106,1,-1,-1,-1
1027,929,1462,342,144,105,1,-1,-1,-1
1028,929,1447,339,140,100,1,-1,-1,-1
1029,929,1434,333,135,98,1,-1,-1,-1
1030,929,1422,328,129,95,1,-1,-1,-1
1031,929,1411,324,126,92,1,-1,-1,-1
1032,929,1398,319,121,91,1,-1,-1,-1
1033,929,1386,315,118,87,1,-1,-1,-1
1034,929,1379,309,112,86,1,-1,-1,-1
1035,929,1362,304,115,86,1,-1,-1,-1
1036,929,1354,300,111,83,1,-1,-1,-1
1037,929,1344,297,107,80,1,-1,-1,-1
1038,929,1334,294,104,77,1,-1,-1,-1
1039,929,1325,288,101,78,1,-1,-1,-1
1040,929,1313,286,100,75,1,-1,-1,-1
1041,929,1304,282,100,74,1,-1,-1,-1
1042,929,1296,280,96,71,1,-1,-1,-1
1043,929,1291,278,90,70,1,-1,-1,-1
1044,929,1281,273,89,69,1,-1,-1,-1
1045,929,1272,272,88,67,1,-1,-1,-1
1046,929,1263,270,88,63,1,-1,-1,-1
1047,929,1257,267,84,64,1,-1,-1,-1
1048,929,1248,263,84,63,1,-1,-1,-1
1049,929,1241,261,82,61,1,-1,-1,-1
1050,929,1233,258,81,60,1,-1,-1,-1
1051,929,1229,255,78,58,1,-1,-1,-1
1052,929,1223,254,75,57,1,-1,-1,-1
1053,929,1217,252,75,55,1,-1,-1,-1
1054,929,1211,250,72,55,1,-1,-1,-1
1055,929,1203,246,74,55,1,-1,-1,-1
1056,929,1197,244,71,54,1,-1,-1,-1
1057,929,1193,243,67,53,1,-1,-1,-1
1058,929,1187,240,68,53,1,-1,-1,-1
1059,929,1182,239,64,52,1,-1,-1,-1
1060,929,1176,238,64,49,1,-1,-1,-1
1061,929,1169,235,65,50,1,-1,-1,-1
1062,929,1165,233,62,49,1,-1,-1,-1
1063,929,1161,232,60,46,1,-1,-1,-1
1064,929,1156,232,59,44,1,-1,-1,-1
1065,929,1151,229,59,46,1,-1,-1,-1
1066,929,1146,227,57,46,1,-1,-1,-1
1067,929,1140,226,57,44,1,-1,-1,-1
1068,929,1137,225,54,44,1,-1,-1,-1
1069,929,1132,223,54,44,1,-1,-1,-1
1070,929,1130,223,52,43,1,-1,-1,-1
1071,929,1124,221,54,42,1,-1,-1,-1
1072,929,1121,218,49,43,1,-1,-1,-1
1073,929,1115,215,52,43,1,-1,-1,-1
1074,929,1111,216,51,40,1,-1,-1,-1
1075,929,1108,216,51,39,1,-1,-1,-1
1076,929,1107,215,45,38,1,-1,-1,-1
1077,929,1103,215,45,37,1,-1,-1,-1
1078,929,1100,213,44,38,1,-1,-1,-1
1079,929,1096,212,46,37,1,-1,-1,-1
1080,929,1091,212,46,37,1,-1,-1,-1
1081,929,1087,210,45,38,1,-1,-1,-1
1082,929,1085,209,44,37,1,-1,-1,-1
1083,929,1081,209,43,36,1,-1,-1,-1
1084,929,1079,207,41,36,1,-1,-1,-1
1085,929,1077,206,40,36,1,-1,-1,-1
1086,929,1075,206,39,34,1,-1,-1,-1
1087,929,1071,205,39,34,1,-1,-1,-1
1088,929,1069,203,39,35,1,-1,-1,-1
1089,929,1064,202,41,35,1,-1,-1,-1
1090,929,1063,201,39,37,1,-1,-1,-1
1091,929,1063,202,35,33,1,-1,-1,-1
1092,929,1057,202,39,31,1,-1,-1,-1
1093,929,1056,201,38,33,1,-1,-1,-1
1094,929,1055,200,36,32,1,-1,-1,-1
1095,929,1051,199,37,31,1,-1,-1,-1
1096,929,1050,199,36,30,1,-1,-1,-1
1097,929,1049,201,35,29,1,-1,-1,-1
1098,929,1043,200,39,29,1,-1,-1,-1
1099,929,1042,198,37,30,1,-1,-1,-1
1100,929,1041,199,35,30,1,-1,-1,-1
1101,929,1039,198,34,29,1,-1,-1,-1
1102,929,1040,198,33,28,1,-1,-1,-1
1103,929,1037,198,32,28,1,-1,-1,-1
1104,929,1033,198,32,27,1,-1,-1,-1
1105,929,1034,196,30,29,1,-1,-1,-1
1106,929,1031,196,31,29,1,-1,-1,-1
1107,929,1027,196,32,28,1,-1,-1,-1
1108,929,1025,194,31,28,1,-1,-1,-1
1109,929,1025,195,30,27,1,-1,-1,-1
1110,929,1022,195,33,27,1,-1,-1,-1
1111,929,1022,195,30,26,1,-1,-1,-1
1112,929,1021,195,29,25,1,-1,-1,-1
1113,929,1018,194,31,25,1,-1,-1,-1
1114,929,1018,195,28,26,1,-1,-1,-1
1115,929,1016,194,27,26,1,-1,-1,-1
1116,929,1014,194,30,25,1,-1,-1,-1
1117,929,1013,191,26,27,1,-1,-1,-1
1118,929,1011,192,27,25,1,-1,-1,-1
1119,929,1009,191,27,26,1,-1,-1,-1
1120,929,1009,190,25,24,1,-1,-1,-1
1121,929,1005,192,27,25,1,-1,-1,-1
1122,929,1005,191,26,24,1,-1,-1,-1
1123,929,1004,191,25,24,1,-1,-1,-1
1124,929,1003,191,23,24,1,-1,-1,-1
1125,929,1001,190,27,25,1,-1,-1,-1
1126,929,999,190,25,24,1,-1,-1,-1
1127,929,997,190,28,24,1,-1,-1,-1
1128,929,998,190,24,23,1,-1,-1,-1
1129,929,996,189,23,23,1,-1,-1,-1
1008,931,792,195,44,43,1,-1,-1,-1
1009,931,791,197,40,41,1,-1,-1,-1
1010,931,797,203,56,39,1,-1,-1,-1
1011,931,797,203,53,38,1,-1,-1,-1
1012,931,795,201,55,40,1,-1,-1,-1
1013,931,794,202,55,39,1,-1,-1,-1
1014,931,794,203,58,40,1,-1,-1,-1
1015,931,795,203,56,43,1,-1,-1,-1
1016,931,796,199,56,47,1,-1,-1,-1
1017,931,797,198,54,48,1,-1,-1,-1
1018,931,798,203,51,44,1,-1,-1,-1
1019,931,799,201,50,48,1,-1,-1,-1
1020,931,799,200,53,49,1,-1,-1,-1
1021,931,800,204,52,45,1,-1,-1,-1
1022,931,801,205,51,45,1,-1,-1,-1
1023,931,801,203,51,46,1,-1,-1,-1
1024,931,802,197,54,52,1,-1,-1,-1
1025,931,803,200,51,54,1,-1,-1,-1
1026,931,805,199,50,53,1,-1,-1,-1
1027,931,805,199,50,54,1,-1,-1,-1
1028,931,805,199,53,55,1,-1,-1,-1
1029,931,807,211,52,45,1,-1,-1,-1
1030,931,808,220,53,37,1,-1,-1,-1
1031,931,808,216,55,42,1,-1,-1,-1
1032,931,808,215,56,44,1,-1,-1,-1
1033,931,814,220,54,40,1,-1,-1,-1
1034,931,814,222,55,41,1,-1,-1,-1
1035,931,816,221,57,46,1,-1,-1,-1
1036,931,817,219,57,45,1,-1,-1,-1
1037,931,821,222,55,46,1,-1,-1,-1
1038,931,824,222,55,47,1,-1,-1,-1
1039,931,825,223,56,48,1,-1,-1,-1
1040,931,827,222,56,48,1,-1,-1,-1
1041,931,829,224,56,48,1,-1,-1,-1
1042,931,830,224,57,50,1,-1,-1,-1
1043,931,832,223,57,52,1,-1,-1,-1
1044,931,834,222,57,53,1,-1,-1,-1
1045,931,836,226,61,51,1,-1,-1,-1
1046,931,839,225,62,54,1,-1,-1,-1
1047,931,838,226,64,54,1,-1,-1,-1
1048,931,841,227,63,56,1,-1,-1,-1
1049,931,845,227,60,55,1,-1,-1,-1
1050,931,845,229,65,54,1,-1,-1,-1
1051,931,847,230,64,55,1,-1,-1,-1
1052,931,849,231,69,56,1,-1,-1,-1
1053,931,851,231,65,56,1,-1,-1,-1
1054,931,853,234,64,56,1,-1,-1,-1
1055,931,852,233,66,58,1,-1,-1,-1
1056,931,856,234,62,57,1,-1,-1,-1
1057,931,857,236,65,57,1,-1,-1,-1
1058,931,856,234,66,60,1,-1,-1,-1
1059,931,857,236,66,59,1,-1,-1,-1
1060,931,861,240,65,57,1,-1,-1,-1
1061,931,862,242,67,59,1,-1,-1,-1
1062,931,864,242,67,57,1,-1,-1,-1
1063,931,865,242,67,58,1,-1,-1,-1
1064,931,866,243,72,60,1,-1,-1,-1
1065,931,866,243,71,62,1,-1,-1,-1
1066,931,868,246,70,60,1,-1,-1,-1
1067,931,870,247,72,67,1,-1,-1,-1
1068,931,872,250,67,51,1,-1,-1,-1
1069,931,871,250,73,61,1,-1,-1,-1
1070,931,872,251,72,60,1,-1,-1,-1
1071,931,872,252,73,58,1,-1,-1,-1
1072,931,874,252,73,64,1,-1,-1,-1
1073,931,874,253,71,35,1,-1,-1,-1
1074,931,874,252,78,72,1,-1,-1,-1
1075,931,875,253,76,73,1,-1,-1,-1
1076,931,876,254,77,68,1,-1,-1,-1
1077,931,875,255,77,68,1,-1,-1,-1
1078,931,875,259,77,66,1,-1,-1,-1
1079,931,875,263,78,60,1,-1,-1,-1
1080,931,875,263,77,54,1,-1,-1,-1
1081,931,877,266,74,46,1,-1,-1,-1
1082,931,873,269,83,67,1,-1,-1,-1
1083,931,873,268,84,69,1,-1,-1,-1
1084,931,874,269,83,66,1,-1,-1,-1
1085,931,873,269,86,68,1,-1,-1,-1
1086,931,875,272,83,62,1,-1,-1,-1
1087,931,872,272,88,67,1,-1,-1,-1
1088,931,873,272,85,66,1,-1,-1,-1
1089,931,874,274,84,57,1,-1,-1,-1
1090,931,873,275,88,70,1,-1,-1,-1
1091,931,875,276,85,55,1,-1,-1,-1
1092,931,876,275,86,58,1,-1,-1,-1
1093,931,873,277,89,58,1,-1,-1,-1
1094,931,875,276,87,58,1,-1,-1,-1
1095,931,878,280,80,54,1,-1,-1,-1
1096,931,881,285,77,49,1,-1,-1,-1
1097,931,879,288,78,46,1,-1,-1,-1
1098,931,880,289,77,41,1,-1,-1,-1
1099,931,878,288,79,48,1,-1,-1,-1
1100,931,876,288,82,48,1,-1,-1,-1
1101,931,876,289,82,49,1,-1,-1,-1
1102,931,877,287,82,53,1,-1,-1,-1
1103,931,877,288,85,52,1,-1,-1,-1
1104,931,879,290,83,50,1,-1,-1,-1
1105,931,880,291,85,50,1,-1,-1,-1
1106,931,879,293,87,50,1,-1,-1,-1
1107,931,879,292,87,53,1,-1,-1,-1
1108,931,882,291,85,49,1,-1,-1,-1
1109,931,882,292,85,47,1,-1,-1,-1
1110,931,882,292,87,47,1,-1,-1,-1
1111,931,884,292,86,46,1,-1,-1,-1
1112,931,883,291,88,47,1,-1,-1,-1
1113,931,883,291,87,46,1,-1,-1,-1
1114,931,883,291,89,47,1,-1,-1,-1
1115,931,882,292,90,47,1,-1,-1,-1
1116,931,884,293,88,46,1,-1,-1,-1
1117,931,884,292,87,46,1,-1,-1,-1
1118,931,884,293,87,46,1,-1,-1,-1
1119,931,884,292,89,47,1,-1,-1,-1
1120,931,886,289,89,49,1,-1,-1,-1
1121,931,884,293,90,47,1,-1,-1,-1
1122,931,883,287,93,52,1,-1,-1,-1
1123,931,883,289,91,48,1,-1,-1,-1
1124,931,884,289,91,48,1,-1,-1,-1
1125,931,878,296,99,51,1,-1,-1,-1
1126,931,879,297,99,52,1,-1,-1,-1
1128,931,878,299,97,49,1,-1,-1,-1
1129,931,881,297,95,52,1,-1,-1,-1
1131,931,879,295,99,56,1,-1,-1,-1
1132,931,885,283,93,54,1,-1,-1,-1
1133,931,879,296,97,56,1,-1,-1,-1
1135,931,880,296,98,52,1,-1,-1,-1
1136,931,878,296,101,53,1,-1,-1,-1
1027,934,777,191,31,25,1,-1,-1,-1
1028,934,776,190,31,25,1,-1,-1,-1
1029,934,775,189,29,25,1,-1,-1,-1
1030,934,775,190,27,26,1,-1,-1,-1
1031,934,775,191,28,26,1,-1,-1,-1
1032,934,773,191,27,27,1,-1,-1,-1
1033,934,774,192,27,27,1,-1,-1,-1
1034,934,773,191,29,26,1,-1,-1,-1
1035,934,771,193,29,25,1,-1,-1,-1
1036,934,769,193,31,26,1,-1,-1,-1
1037,934,768,193,30,25,1,-1,-1,-1
1038,934,769,194,30,26,1,-1,-1,-1
1039,934,767,194,30,26,1,-1,-1,-1
1040,934,767,194,31,25,1,-1,-1,-1
1041,934,764,192,32,26,1,-1,-1,-1
1042,934,763,194,31,27,1,-1,-1,-1
1043,934,762,193,32,29,1,-1,-1,-1
1044,934,760,194,33,27,1,-1,-1,-1
1045,934,759,194,32,27,1,-1,-1,-1
1046,934,758,196,33,28,1,-1,-1,-1
1047,934,757,196,32,28,1,-1,-1,-1
1048,934,755,195,34,29,1,-1,-1,-1
1049,934,755,197,32,28,1,-1,-1,-1
1050,934,752,195,32,29,1,-1,-1,-1
1051,934,751,195,34,31,1,-1,-1,-1
1052,934,750,195,34,30,1,-1,-1,-1
1053,934,748,196,34,31,1,-1,-1,-1
1054,934,746,196,35,30,1,-1,-1,-1
1055,934,745,197,35,31,1,-1,-1,-1
1056,934,742,198,36,31,1,-1,-1,-1
1057,934,741,198,37,32,1,-1,-1,-1
1058,934,740,198,38,33,1,-1,-1,-1
1059,934,738,199,37,32,1,-1,-1,-1
1060,934,737,198,36,33,1,-1,-1,-1
1061,934,733,200,41,34,1,-1,-1,-1
1062,934,731,200,40,36,1,-1,-1,-1
1063,934,730,202,41,33,1,-1,-1,-1
1064,934,727,201,42,37,1,-1,-1,-1
1065,934,726,202,42,37,1,-1,-1,-1
1066,934,724,204,42,37,1,-1,-1,-1
1067,934,721,206,44,36,1,-1,-1,-1
1068,934,718,206,44,37,1,-1,-1,-1
1069,934,717,206,45,38,1,-1,-1,-1
1070,934,715,207,44,39,1,-1,-1,-1
1071,934,713,208,47,40,1,-1,-1,-1
1072,934,708,208,49,41,1,-1,-1,-1
1073,934,707,209,49,42,1,-1,-1,-1
1074,934,702,210,52,43,1,-1,-1,-1
1075,934,700,213,52,41,1,-1,-1,-1
1076,934,695,214,57,42,1,-1,-1,-1
1077,934,694,216,53,42,1,-1,-1,-1
1078,934,691,218,53,41,1,-1,-1,-1
1079,934,688,217,55,44,1,-1,-1,-1
1080,934,685,218,56,47,1,-1,-1,-1
1081,934,680,222,60,47,1,-1,-1,-1
1082,934,678,222,58,49,1,-1,-1,-1
1083,934,674,222,60,51,1,-1,-1,-1
1084,934,669,224,61,51,1,-1,-1,-1
1085,934,665,226,61,52,1,-1,-1,-1
1086,934,660,228,62,53,1,-1,-1,-1
1087,934,656,230,64,55,1,-1,-1,-1
1088,934,651,233,68,55,1,-1,-1,-1
1089,934,645,235,70,56,1,-1,-1,-1
1090,934,642,238,71,57,1,-1,-1,-1
1091,934,636,242,73,58,1,-1,-1,-1
1092,934,631,244,74,59,1,-1,-1,-1
1093,934,625,245,75,62,1,-1,-1,-1
1094,934,619,247,77,66,1,-1,-1,-1
1095,934,612,252,79,66,1,-1,-1,-1
1096,934,605,256,83,66,1,-1,-1,-1
1097,934,599,259,84,68,1,-1,-1,-1
1098,934,591,263,87,71,1,-1,-1,-1
1099,934,582,267,91,75,1,-1,-1,-1
1100,934,573,269,93,80,1,-1,-1,-1
1101,934,565,275,96,82,1,-1,-1,-1
1102,934,555,281,101,84,1,-1,-1,-1
1103,934,545,287,102,86,1,-1,-1,-1
1104,934,534,292,107,90,1,-1,-1,-1
1105,934,522,298,112,95,1,-1,-1,-1
1106,934,511,305,115,98,1,-1,-1,-1
1107,934,496,313,123,103,1,-1,-1,-1
1108,934,481,320,127,106,1,-1,-1,-1
1109,934,464,329,133,114,1,-1,-1,-1
1110,934,446,338,142,120,1,-1,-1,-1
1111,934,426,346,147,127,1,-1,-1,-1
1112,934,406,361,156,135,1,-1,-1,-1
1113,934,381,370,165,146,1,-1,-1,-1
1114,934,355,387,176,152,1,-1,-1,-1
1115,934,326,402,188,165,1,-1,-1,-1
1116,934,295,418,202,176,1,-1,-1,-1
1117,934,256,439,215,191,1,-1,-1,-1
1118,934,215,462,232,206,1,-1,-1,-1
1119,934,166,487,254,225,1,-1,-1,-1
1120,934,109,516,278,247,1,-1,-1,-1
1121,934,43,553,307,274,1,-1,-1,-1
1122,934,0,594,306,308,1,-1,-1,-1
1123,934,1,643,256,351,1,-1,-1,-1
1124,934,0,708,194,367,1,-1,-1,-1
1125,934,1,783,124,289,1,-1,-1,-1
1033,935,803,200,48,37,1,-1,-1,-1
1034,935,801,201,48,39,1,-1,-1,-1
1035,935,799,201,48,37,1,-1,-1,-1
1036,935,799,201,46,38,1,-1,-1,-1
1037,935,798,201,47,41,1,-1,-1,-1
1038,935,797,201,49,40,1,-1,-1,-1
1039,935,797,199,50,41,1,-1,-1,-1
1040,935,796,200,53,45,1,-1,-1,-1
1041,935,795,199,54,47,1,-1,-1,-1
1042,935,794,199,54,49,1,-1,-1,-1
1043,935,793,198,56,50,1,-1,-1,-1
1044,935,795,200,53,49,1,-1,-1,-1
1045,935,793,197,56,51,1,-1,-1,-1
1046,935,791,199,56,51,1,-1,-1,-1
1047,935,791,199,57,52,1,-1,-1,-1
1048,935,789,198,60,53,1,-1,-1,-1
1049,935,787,201,61,54,1,-1,-1,-1
1050,935,788,202,56,53,1,-1,-1,-1
1051,935,789,205,53,51,1,-1,-1,-1
1052,935,787,204,56,52,1,-1,-1,-1
1053,935,785,207,57,50,1,-1,-1,-1
1054,935,786,207,55,52,1,-1,-1,-1
1055,935,785,209,57,51,1,-1,-1,-1
1056,935,785,211,58,51,1,-1,-1,-1
1057,935,784,215,58,48,1,-1,-1,-1
1058,935,782,215,58,51,1,-1,-1,-1
1059,935,781,217,58,49,1,-1,-1,-1
1060,935,779,221,59,48,1,-1,-1,-1
1061,935,778,216,61,54,1,-1,-1,-1
1062,935,777,222,60,49,1,-1,-1,-1
1063,935,774,219,63,54,1,-1,-1,-1
1064,935,774,223,62,54,1,-1,-1,-1
1065,935,772,221,65,55,1,-1,-1,-1
1066,935,772,221,64,59,1,-1,-1,-1
1067,935,769,223,66,59,1,-1,-1,-1
1068,935,769,224,64,59,1,-1,-1,-1
1069,935,765,227,67,60,1,-1,-1,-1
1070,935,764,225,66,64,1,-1,-1,-1
1071,935,763,230,67,61,1,-1,-1,-1
1072,935,761,230,69,64,1,-1,-1,-1
1073,935,756,236,71,60,1,-1,-1,-1
1074,935,756,235,72,64,1,-1,-1,-1
1075,935,754,236,71,67,1,-1,-1,-1
1076,935,751,237,75,68,1,-1,-1,-1
1077,935,750,238,76,70,1,-1,-1,-1
1078,935,747,239,78,75,1,-1,-1,-1
1079,935,744,240,80,78,1,-1,-1,-1
1080,935,741,242,81,79,1,-1,-1,-1
1081,935,742,243,81,81,1,-1,-1,-1
1082,935,738,246,82,82,1,-1,-1,-1
1083,935,735,252,82,80,1,-1,-1,-1
1084,935,733,255,84,82,1,-1,-1,-1
1085,935,729,256,87,86,1,-1,-1,-1
1086,935,724,259,92,90,1,-1,-1,-1
1087,935,722,262,95,92,1,-1,-1,-1
1088,935,717,265,99,94,1,-1,-1,-1
1089,935,715,268,99,98,1,-1,-1,-1
1090,935,710,271,104,101,1,-1,-1,-1
1091,935,705,276,104,103,1,-1,-1,-1
1092,935,701,277,110,109,1,-1,-1,-1
1093,935,698,283,110,110,1,-1,-1,-1
1094,935,692,289,114,112,1,-1,-1,-1
1095,935,688,292,118,119,1,-1,-1,-1
1096,935,681,299,122,123,1,-1,-1,-1
1097,935,676,301,126,129,1,-1,-1,-1
1098,935,669,309,131,133,1,-1,-1,-1
1099,935,664,317,135,135,1,-1,-1,-1
1100,935,658,322,142,144,1,-1,-1,-1
1101,935,653,331,147,147,1,-1,-1,-1
1102,935,643,341,156,151,1,-1,-1,-1
1103,935,636,348,162,159,1,-1,-1,-1
1104,935,626,359,170,166,1,-1,-1,-1
1105,935,621,365,175,179,1,-1,-1,-1
1106,935,611,384,181,181,1,-1,-1,-1
1107,935,602,387,188,201,1,-1,-1,-1
1108,935,587,401,207,214,1,-1,-1,-1
1109,935,575,419,213,222,1,-1,-1,-1
1110,935,560,423,231,253,1,-1,-1,-1
1111,935,545,464,235,244,1,-1,-1,-1
1112,935,527,469,252,284,1,-1,-1,-1
1113,935,504,490,272,308,1,-1,-1,-1
1114,935,484,519,287,337,1,-1,-1,-1
1115,935,455,548,313,375,1,-1,-1,-1
1116,935,423,585,338,415,1,-1,-1,-1
1117,935,383,622,371,454,1,-1,-1,-1
1118,935,335,673,411,402,1,-1,-1,-1
1119,935,280,731,454,344,1,-1,-1,-1
1120,935,290,801,431,275,1,-1,-1,-1
1121,935,269,885,436,194,1,-1,-1,-1
1122,935,266,997,390,79,1,-1,-1,-1
1062,938,803,203,46,36,1,-1,-1,-1
1063,938,804,201,46,39,1,-1,-1,-1
1064,938,804,202,45,41,1,-1,-1,-1
1065,938,796,205,51,46,1,-1,-1,-1
1066,938,808,203,40,43,1,-1,-1,-1
1067,938,802,199,50,46,1,-1,-1,-1
1068,938,804,202,47,44,1,-1,-1,-1
1069,938,803,206,48,41,1,-1,-1,-1
1070,938,806,204,46,45,1,-1,-1,-1
1071,938,804,204,50,47,1,-1,-1,-1
1072,938,807,203,47,50,1,-1,-1,-1
1073,938,810,206,43,46,1,-1,-1,-1
1074,938,808,206,45,39,1,-1,-1,-1
1075,938,810,206,48,50,1,-1,-1,-1
1076,938,811,211,49,48,1,-1,-1,-1
1077,938,810,213,55,48,1,-1,-1,-1
1078,938,813,214,54,47,1,-1,-1,-1
1079,938,812,213,60,49,1,-1,-1,-1
1080,938,813,216,62,48,1,-1,-1,-1
1081,938,823,223,55,43,1,-1,-1,-1
1082,938,825,223,56,43,1,-1,-1,-1
1083,938,826,222,58,46,1,-1,-1,-1
1084,938,828,222,61,47,1,-1,-1,-1
1085,938,829,222,63,50,1,-1,-1,-1
1086,938,833,221,63,51,1,-1,-1,-1
1087,938,834,223,66,50,1,-1,-1,-1
1088,938,835,223,70,51,1,-1,-1,-1
1089,938,840,225,71,52,1,-1,-1,-1
1090,938,842,225,71,52,1,-1,-1,-1
1091,938,847,228,71,50,1,-1,-1,-1
1092,938,852,228,69,53,1,-1,-1,-1
1093,938,853,227,71,56,1,-1,-1,-1
1094,938,856,229,73,55,1,-1,-1,-1
1095,938,859,231,76,55,1,-1,-1,-1
1096,938,861,231,74,58,1,-1,-1,-1
1097,938,866,233,74,58,1,-1,-1,-1
1098,938,870,233,75,58,1,-1,-1,-1
1099,938,875,236,73,57,1,-1,-1,-1
1100,938,877,236,72,57,1,-1,-1,-1
1101,938,879,239,71,57,1,-1,-1,-1
1102,938,880,240,74,58,1,-1,-1,-1
1103,938,880,240,78,61,1,-1,-1,-1
1104,938,883,239,76,61,1,-1,-1,-1
1105,938,884,241,77,61,1,-1,-1,-1
1106,938,885,242,76,59,1,-1,-1,-1
1107,938,885,241,79,61,1,-1,-1,-1
1108,938,889,244,75,58,1,-1,-1,-1
1109,938,889,245,77,61,1,-1,-1,-1
1110,938,888,246,81,65,1,-1,-1,-1
1111,938,890,247,80,64,1,-1,-1,-1
1112,938,890,249,80,62,1,-1,-1,-1
1113,938,894,250,76,59,1,-1,-1,-1
1114,938,891,252,80,62,1,-1,-1,-1
1115,938,893,254,81,63,1,-1,-1,-1
1116,938,894,255,78,61,1,-1,-1,-1
1117,938,894,254,77,64,1,-1,-1,-1
1118,938,897,254,75,61,1,-1,-1,-1
1119,938,896,256,78,59,1,-1,-1,-1
1120,938,893,258,81,58,1,-1,-1,-1
1121,938,892,260,81,49,1,-1,-1,-1
1122,938,888,260,87,59,1,-1,-1,-1
1123,938,890,259,85,60,1,-1,-1,-1
1124,938,890,261,86,62,1,-1,-1,-1
1125,938,886,263,92,64,1,-1,-1,-1
1126,938,888,264,90,61,1,-1,-1,-1
1127,938,888,264,90,63,1,-1,-1,-1
1128,938,888,265,91,59,1,-1,-1,-1
1129,938,889,265,93,61,1,-1,-1,-1
1130,938,884,278,93,58,1,-1,-1,-1
1131,938,895,267,84,55,1,-1,-1,-1
1132,938,895,267,84,49,1,-1,-1,-1
1133,938,890,269,93,65,1,-1,-1,-1
1134,938,885,281,94,56,1,-1,-1,-1
1135,938,891,270,91,63,1,-1,-1,-1
1136,938,891,270,93,62,1,-1,-1,-1
1137,938,890,270,95,64,1,-1,-1,-1
1138,938,888,273,97,63,1,-1,-1,-1
1139,938,889,271,97,64,1,-1,-1,-1
1140,938,891,272,93,61,1,-1,-1,-1
1141,938,889,274,96,58,1,-1,-1,-1
1142,938,889,274,96,59,1,-1,-1,-1
1143,938,890,273,95,60,1,-1,-1,-1
1144,938,889,273,96,59,1,-1,-1,-1
1145,938,888,273,96,60,1,-1,-1,-1
1146,938,889,273,95,60,1,-1,-1,-1
1147,938,892,274,91,57,1,-1,-1,-1
1148,938,892,274,91,56,1,-1,-1,-1
1149,938,889,275,95,57,1,-1,-1,-1
1150,938,889,276,95,57,1,-1,-1,-1
1151,938,891,275,91,55,1,-1,-1,-1
1152,938,891,275,91,56,1,-1,-1,-1
1153,938,892,274,91,55,1,-1,-1,-1
1154,938,892,273,92,55,1,-1,-1,-1
1155,938,894,273,91,58,1,-1,-1,-1
1156,938,895,272,90,59,1,-1,-1,-1
1157,938,892,272,92,59,1,-1,-1,-1
1158,938,892,272,93,60,1,-1,-1,-1
1159,938,893,272,92,60,1,-1,-1,-1
1160,938,891,272,93,59,1,-1,-1,-1
1161,938,892,274,92,58,1,-1,-1,-1
1162,938,892,274,91,58,1,-1,-1,-1
1163,938,891,274,93,58,1,-1,-1,-1
1164,938,891,273,92,59,1,-1,-1,-1
1165,938,890,274,92,59,1,-1,-1,-1
1166,938,892,273,91,58,1,-1,-1,-1
1167,938,891,272,93,60,1,-1,-1,-1
1168,938,891,272,93,60,1,-1,-1,-1
1169,938,892,272,92,59,1,-1,-1,-1
1170,938,889,272,96,61,1,-1,-1,-1
1171,938,892,272,94,61,1,-1,-1,-1
1172,938,892,271,93,61,1,-1,-1,-1
1173,938,893,272,93,60,1,-1,-1,-1
1174,938,890,272,95,60,1,-1,-1,-1
1175,938,890,272,94,60,1,-1,-1,-1
1176,938,891,272,94,60,1,-1,-1,-1
1177,938,891,272,91,60,1,-1,-1,-1
1178,938,892,273,90,59,1,-1,-1,-1
1179,938,893,273,90,59,1,-1,-1,-1
1180,938,892,273,91,58,1,-1,-1,-1
1181,938,892,274,91,58,1,-1,-1,-1
1182,938,889,273,94,60,1,-1,-1,-1
1183,938,890,273,91,60,1,-1,-1,-1
1184,938,890,272,93,61,1,-1,-1,-1
1185,938,884,273,97,61,1,-1,-1,-1
1186,938,884,274,97,61,1,-1,-1,-1
1187,938,890,273,93,61,1,-1,-1,-1
1188,938,893,273,91,59,1,-1,-1,-1
1189,938,891,273,93,59,1,-1,-1,-1
1190,938,892,273,92,58,1,-1,-1,-1
1191,938,885,282,95,56,1,-1,-1,-1
1192,938,885,280,95,57,1,-1,-1,-1
1193,938,891,275,91,57,1,-1,-1,-1
1194,938,891,275,91,57,1,-1,-1,-1
1195,938,892,274,90,58,1,-1,-1,-1
1196,938,885,277,96,59,1,-1,-1,-1
1197,938,885,277,96,58,1,-1,-1,-1
1198,938,884,277,97,59,1,-1,-1,-1
1199,938,884,277,97,59,1,-1,-1,-1
1200,938,890,273,91,60,1,-1,-1,-1
1201,938,891,273,93,59,1,-1,-1,-1
1202,938,889,273,94,60,1,-1,-1,-1
1203,938,891,274,91,58,1,-1,-1,-1
1204,938,891,274,91,58,1,-1,-1,-1
1205,938,891,274,91,57,1,-1,-1,-1
1206,938,891,274,91,57,1,-1,-1,-1
1207,938,891,274,90,58,1,-1,-1,-1
1208,938,890,274,92,58,1,-1,-1,-1
1209,938,889,274,94,59,1,-1,-1,-1
1210,938,892,274,91,58,1,-1,-1,-1
1211,938,889,273,96,60,1,-1,-1,-1
1212,938,889,273,96,60,1,-1,-1,-1
1213,938,889,273,94,60,1,-1,-1,-1
1214,938,889,272,94,61,1,-1,-1,-1
1215,938,891,272,91,61,1,-1,-1,-1
1216,938,885,276,97,60,1,-1,-1,-1
1217,938,884,276,96,59,1,-1,-1,-1
1218,938,884,276,96,58,1,-1,-1,-1
1219,938,884,276,96,59,1,-1,-1,-1
1220,938,885,276,96,59,1,-1,-1,-1
1221,938,890,273,93,61,1,-1,-1,-1
1222,938,889,273,94,61,1,-1,-1,-1
1223,938,890,273,93,60,1,-1,-1,-1
1224,938,891,273,93,60,1,-1,-1,-1
1225,938,891,272,93,61,1,-1,-1,-1
1226,938,891,272,94,61,1,-1,-1,-1
1227,938,891,272,94,61,1,-1,-1,-1
1228,938,890,271,94,63,1,-1,-1,-1
1229,938,890,271,95,64,1,-1,-1,-1
1230,938,891,271,94,64,1,-1,-1,-1
1231,938,889,273,94,60,1,-1,-1,-1
1232,938,890,273,94,60,1,-1,-1,-1
1233,938,890,273,94,60,1,-1,-1,-1
1234,938,890,273,94,60,1,-1,-1,-1
1235,938,890,272,94,62,1,-1,-1,-1
1236,938,890,272,94,62,1,-1,-1,-1
1237,938,890,272,95,62,1,-1,-1,-1
1238,938,890,272,94,62,1,-1,-1,-1
1239,938,890,272,94,62,1,-1,-1,-1
1240,938,891,272,94,61,1,-1,-1,-1
1241,938,891,272,93,62,1,-1,-1,-1
1242,938,892,271,92,63,1,-1,-1,-1
1243,938,890,272,93,62,1,-1,-1,-1
1244,938,889,272,94,63,1,-1,-1,-1
1245,938,889,272,94,63,1,-1,-1,-1
1246,938,889,272,93,62,1,-1,-1,-1
1247,938,891,271,93,63,1,-1,-1,-1
1248,938,891,271,93,63,1,-1,-1,-1
1249,938,891,271,93,64,1,-1,-1,-1
1250,938,890,271,94,64,1,-1,-1,-1
1251,938,891,272,93,63,1,-1,-1,-1
1252,938,891,272,93,62,1,-1,-1,-1
1253,938,891,272,93,62,1,-1,-1,-1
1254,938,889,271,96,64,1,-1,-1,-1
1255,938,889,271,97,64,1,-1,-1,-1
1256,938,889,271,97,63,1,-1,-1,-1
1257,938,890,271,95,64,1,-1,-1,-1
1258,938,889,271,96,63,1,-1,-1,-1
1259,938,889,272,95,64,1,-1,-1,-1
1260,938,889,272,95,63,1,-1,-1,-1
1261,938,890,272,97,62,1,-1,-1,-1
1262,938,889,272,97,62,1,-1,-1,-1
1263,938,890,272,95,61,1,-1,-1,-1
1264,938,890,273,95,61,1,-1,-1,-1
1265,938,891,273,94,60,1,-1,-1,-1
1266,938,891,273,94,60,1,-1,-1,-1
1267,938,890,273,95,61,1,-1,-1,-1
1268,938,890,274,95,59,1,-1,-1,-1
1269,938,890,274,95,59,1,-1,-1,-1
1270,938,889,275,95,59,1,-1,-1,-1
1271,938,890,273,94,60,1,-1,-1,-1
1272,938,890,273,94,60,1,-1,-1,-1
1273,938,891,273,92,60,1,-1,-1,-1
1274,938,891,274,92,59,1,-1,-1,-1
1275,938,891,273,93,59,1,-1,-1,-1
1276,938,891,273,92,59,1,-1,-1,-1
1277,938,891,273,93,59,1,-1,-1,-1
1278,938,891,273,93,59,1,-1,-1,-1
1279,938,893,274,89,57,1,-1,-1,-1
1280,938,893,274,90,57,1,-1,-1,-1
1281,938,891,274,92,58,1,-1,-1,-1
1282,938,891,274,90,58,1,-1,-1,-1
1283,938,891,274,90,58,1,-1,-1,-1
1284,938,891,274,90,58,1,-1,-1,-1
1285,938,890,275,92,58,1,-1,-1,-1
1286,938,885,280,95,57,1,-1,-1,-1
1287,938,891,273,90,59,1,-1,-1,-1
1288,938,890,273,92,59,1,-1,-1,-1
1289,938,891,273,91,59,1,-1,-1,-1
1290,938,891,272,92,61,1,-1,-1,-1
1291,938,892,274,93,58,1,-1,-1,-1
1292,938,892,274,92,58,1,-1,-1,-1
1293,938,892,274,93,58,1,-1,-1,-1
1294,938,893,275,91,56,1,-1,-1,-1
1295,938,893,275,91,56,1,-1,-1,-1
1296,938,893,274,91,56,1,-1,-1,-1
1297,938,893,275,90,54,1,-1,-1,-1
1298,938,893,275,90,54,1,-1,-1,-1
1299,938,893,275,90,53,1,-1,-1,-1
1300,938,893,276,90,53,1,-1,-1,-1
1301,938,896,272,85,47,1,-1,-1,-1
1306,938,891,276,91,56,1,-1,-1,-1
1309,938,891,275,93,57,1,-1,-1,-1
1310,938,884,282,98,57,1,-1,-1,-1
1311,938,884,281,96,56,1,-1,-1,-1
1312,938,885,281,95,57,1,-1,-1,-1
1313,938,885,279,96,59,1,-1,-1,-1
1314,938,885,282,96,56,1,-1,-1,-1
1315,938,891,274,91,58,1,-1,-1,-1
1316,938,891,274,92,58,1,-1,-1,-1
1317,938,891,273,92,58,1,-1,-1,-1
1318,938,891,273,92,58,1,-1,-1,-1
1319,938,891,274,92,59,1,-1,-1,-1
1320,938,891,274,92,59,1,-1,-1,-1
1321,938,890,275,93,59,1,-1,-1,-1
1322,938,890,274,93,59,1,-1,-1,-1
1323,938,889,274,95,59,1,-1,-1,-1
1324,938,890,274,94,58,1,-1,-1,-1
1325,938,890,274,94,58,1,-1,-1,-1
1326,938,890,274,95,59,1,-1,-1,-1
1327,938,888,274,96,60,1,-1,-1,-1
1328,938,889,274,95,59,1,-1,-1,-1
1329,938,889,274,96,59,1,-1,-1,-1
1330,938,889,274,95,59,1,-1,-1,-1
1331,938,891,274,91,59,1,-1,-1,-1
1332,938,890,275,92,59,1,-1,-1,-1
1333,938,890,274,92,59,1,-1,-1,-1
1334,938,890,274,93,60,1,-1,-1,-1
1335,938,889,274,94,59,1,-1,-1,-1
1336,938,890,274,93,59,1,-1,-1,-1
1337,938,890,274,94,59,1,-1,-1,-1
1338,938,890,273,93,60,1,-1,-1,-1
1339,938,890,273,93,60,1,-1,-1,-1
1340,938,891,273,94,60,1,-1,-1,-1
1341,938,891,275,91,59,1,-1,-1,-1
1342,938,890,275,91,59,1,-1,-1,-1
1343,938,885,282,97,57,1,-1,-1,-1
1344,938,890,275,93,59,1,-1,-1,-1
1345,938,883,284,98,55,1,-1,-1,-1
1346,938,884,280,98,58,1,-1,-1,-1
1347,938,884,279,98,58,1,-1,-1,-1
1348,938,890,275,92,58,1,-1,-1,-1
1349,938,890,275,92,58,1,-1,-1,-1
1350,938,890,275,92,58,1,-1,-1,-1
1351,938,884,285,96,56,1,-1,-1,-1
1352,938,883,279,98,59,1,-1,-1,-1
1353,938,883,280,99,59,1,-1,-1,-1
1354,938,883,281,98,58,1,-1,-1,-1
1355,938,883,282,98,59,1,-1,-1,-1
1356,938,884,280,98,60,1,-1,-1,-1
1357,938,884,284,96,55,1,-1,-1,-1
1358,938,884,284,97,55,1,-1,-1,-1
1359,938,884,284,97,56,1,-1,-1,-1
1360,938,891,274,90,57,1,-1,-1,-1
1361,938,885,281,96,57,1,-1,-1,-1
1362,938,891,275,90,58,1,-1,-1,-1
1363,938,885,282,95,56,1,-1,-1,-1
1364,938,885,281,96,57,1,-1,-1,-1
1365,938,885,282,96,57,1,-1,-1,-1
1366,938,890,273,93,61,1,-1,-1,-1
1367,938,890,272,94,63,1,-1,-1,-1
1368,938,891,272,93,61,1,-1,-1,-1
1369,938,892,272,91,60,1,-1,-1,-1
1370,938,893,272,90,59,1,-1,-1,-1
1371,938,891,275,93,59,1,-1,-1,-1
1372,938,889,274,94,61,1,-1,-1,-1
1373,938,890,274,92,60,1,-1,-1,-1
1374,938,888,275,95,59,1,-1,-1,-1
1375,938,889,275,95,60,1,-1,-1,-1
1376,938,888,274,95,61,1,-1,-1,-1
1377,938,890,273,94,61,1,-1,-1,-1
1378,938,890,272,94,62,1,-1,-1,-1
1379,938,890,272,94,62,1,-1,-1,-1
1380,938,891,272,94,62,1,-1,-1,-1
1381,938,889,268,97,65,1,-1,-1,-1
1382,938,892,271,93,62,1,-1,-1,-1
1383,938,890,271,93,62,1,-1,-1,-1
1384,938,891,271,93,62,1,-1,-1,-1
1385,938,890,273,93,60,1,-1,-1,-1
1386,938,889,273,93,60,1,-1,-1,-1
1387,938,890,273,93,60,1,-1,-1,-1
1388,938,890,274,92,59,1,-1,-1,-1
1389,938,889,274,93,59,1,-1,-1,-1
1390,938,889,273,93,60,1,-1,-1,-1
1391,938,892,274,90,58,1,-1,-1,-1
1392,938,890,272,92,61,1,-1,-1,-1
1393,938,892,272,89,62,1,-1,-1,-1
1394,938,892,273,88,61,1,-1,-1,-1
1395,938,893,272,88,61,1,-1,-1,-1
1396,938,893,272,88,60,1,-1,-1,-1
1397,938,893,273,88,60,1,-1,-1,-1
1398,938,894,272,88,61,1,-1,-1,-1
1399,938,892,273,91,59,1,-1,-1,-1
1400,938,892,274,91,58,1,-1,-1,-1
1401,938,890,274,92,60,1,-1,-1,-1
1402,938,890,274,91,59,1,-1,-1,-1
1403,938,890,274,92,60,1,-1,-1,-1
1404,938,891,274,91,59,1,-1,-1,-1
1405,938,891,274,92,59,1,-1,-1,-1
1406,938,889,273,93,61,1,-1,-1,-1
1407,938,890,272,93,62,1,-1,-1,-1
1408,938,890,272,93,62,1,-1,-1,-1
1409,938,889,273,93,61,1,-1,-1,-1
1410,938,891,272,92,61,1,-1,-1,-1
1411,938,892,273,93,59,1,-1,-1,-1
1412,938,891,274,93,59,1,-1,-1,-1
1413,938,892,274,90,58,1,-1,-1,-1
1414,938,893,275,88,56,1,-1,-1,-1
1415,938,885,283,96,55,1,-1,-1,-1
1416,938,885,282,95,55,1,-1,-1,-1
1417,938,891,275,91,57,1,-1,-1,-1
1418,938,890,275,92,57,1,-1,-1,-1
1419,938,891,274,90,58,1,-1,-1,-1
1420,938,892,275,89,57,1,-1,-1,-1
1421,938,891,274,93,59,1,-1,-1,-1
1422,938,883,278,100,59,1,-1,-1,-1
1423,938,890,273,94,62,1,-1,-1,-1
1424,938,892,273,92,60,1,-1,-1,-1
1425,938,889,273,95,61,1,-1,-1,-1
1426,938,889,274,95,60,1,-1,-1,-1
1427,938,889,275,94,59,1,-1,-1,-1
1428,938,883,278,98,61,1,-1,-1,-1
1429,938,884,280,96,59,1,-1,-1,-1
1430,938,885,283,96,61,1,-1,-1,-1
1431,938,884,282,97,55,1,-1,-1,-1
1432,938,883,279,97,58,1,-1,-1,-1
1433,938,883,277,98,60,1,-1,-1,-1
1434,938,890,273,91,58,1,-1,-1,-1
1435,938,893,272,89,59,1,-1,-1,-1
1436,938,893,271,88,60,1,-1,-1,-1
1437,938,893,271,88,61,1,-1,-1,-1
1438,938,894,271,88,61,1,-1,-1,-1
1439,938,892,272,89,60,1,-1,-1,-1
1440,938,893,272,88,60,1,-1,-1,-1
1441,938,884,279,96,57,1,-1,-1,-1
1442,938,885,282,96,56,1,-1,-1,-1
1443,938,900,271,79,49,1,-1,-1,-1
1445,938,894,274,88,60,1,-1,-1,-1
1446,938,893,275,88,59,1,-1,-1,-1
1451,938,892,275,91,57,1,-1,-1,-1
1452,938,892,274,90,57,1,-1,-1,-1
1453,938,892,274,90,57,1,-1,-1,-1
1454,938,884,280,96,58,1,-1,-1,-1
1455,938,891,275,91,58,1,-1,-1,-1
1456,938,884,282,98,58,1,-1,-1,-1
1457,938,884,282,97,57,1,-1,-1,-1
1458,938,884,283,97,57,1,-1,-1,-1
1459,938,894,276,87,55,1,-1,-1,-1
1460,938,893,276,88,56,1,-1,-1,-1
1461,938,884,277,99,59,1,-1,-1,-1
1462,938,888,273,95,59,1,-1,-1,-1
1463,938,889,273,93,59,1,-1,-1,-1
1464,938,891,272,91,58,1,-1,-1,-1
1465,938,893,273,89,57,1,-1,-1,-1
1466,938,892,273,90,58,1,-1,-1,-1
1467,938,891,273,91,59,1,-1,-1,-1
1468,938,892,273,89,59,1,-1,-1,-1
1469,938,884,283,96,57,1,-1,-1,-1
1470,938,886,282,94,58,1,-1,-1,-1
1471,938,885,281,96,57,1,-1,-1,-1
1472,938,885,281,96,57,1,-1,-1,-1
1473,938,885,281,96,58,1,-1,-1,-1
1474,938,884,280,96,58,1,-1,-1,-1
1475,938,883,280,98,60,1,-1,-1,-1
1476,938,883,279,99,61,1,-1,-1,-1
1477,938,885,279,96,58,1,-1,-1,-1
1478,938,890,275,91,59,1,-1,-1,-1
1479,938,891,274,90,60,1,-1,-1,-1
1480,938,891,274,91,59,1,-1,-1,-1
1481,938,891,273,92,58,1,-1,-1,-1
1482,938,891,273,90,59,1,-1,-1,-1
1483,938,884,280,97,60,1,-1,-1,-1
1484,938,894,276,89,58,1,-1,-1,-1
1485,938,894,276,87,58,1,-1,-1,-1
1486,938,885,285,96,57,1,-1,-1,-1
1487,938,885,285,96,56,1,-1,-1,-1
1488,938,885,284,96,57,1,-1,-1,-1
1489,938,884,284,98,57,1,-1,-1,-1
1490,938,885,285,96,56,1,-1,-1,-1
1491,938,888,276,96,58,1,-1,-1,-1
1492,938,891,273,93,59,1,-1,-1,-1
1493,938,890,273,94,60,1,-1,-1,-1
1494,938,889,273,95,60,1,-1,-1,-1
1495,938,889,273,94,59,1,-1,-1,-1
1496,938,890,274,94,59,1,-1,-1,-1
1497,938,889,274,94,59,1,-1,-1,-1
1498,938,889,274,94,59,1,-1,-1,-1
1499,938,883,281,100,59,1,-1,-1,-1
1500,938,883,282,100,58,1,-1,-1,-1
1501,938,883,281,99,56,1,-1,-1,-1
1502,938,883,282,98,56,1,-1,-1,-1
1503,938,883,279,99,59,1,-1,-1,-1
1504,938,884,277,98,60,1,-1,-1,-1
1505,938,891,272,91,59,1,-1,-1,-1
1506,938,891,272,92,60,1,-1,-1,-1
1507,938,891,272,92,59,1,-1,-1,-1
1508,938,891,272,91,59,1,-1,-1,-1
1509,938,892,271,90,59,1,-1,-1,-1
1510,938,893,271,89,58,1,-1,-1,-1
1511,938,890,273,93,60,1,-1,-1,-1
1512,938,889,273,93,60,1,-1,-1,-1
1513,938,889,274,93,59,1,-1,-1,-1
1514,938,884,278,97,59,1,-1,-1,-1
1515,938,884,281,96,57,1,-1,-1,-1
1516,938,883,281,96,57,1,-1,-1,-1
1517,938,890,274,93,59,1,-1,-1,-1
1518,938,889,273,94,60,1,-1,-1,-1
1519,938,889,272,95,60,1,-1,-1,-1
1520,938,889,272,94,61,1,-1,-1,-1
1521,938,889,272,95,61,1,-1,-1,-1
1522,938,891,272,94,62,1,-1,-1,-1
1523,938,891,273,93,62,1,-1,-1,-1
1524,938,893,272,92,62,1,-1,-1,-1
1525,938,892,272,93,61,1,-1,-1,-1
1526,938,888,269,97,65,1,-1,-1,-1
1527,938,890,273,95,60,1,-1,-1,-1
1528,938,889,274,94,60,1,-1,-1,-1
1529,938,889,274,94,60,1,-1,-1,-1
1530,938,890,275,92,58,1,-1,-1,-1
1531,938,891,274,91,57,1,-1,-1,-1
1532,938,890,273,93,59,1,-1,-1,-1
1533,938,890,273,93,59,1,-1,-1,-1
1534,938,889,272,94,59,1,-1,-1,-1
1535,938,891,271,92,60,1,-1,-1,-1
1536,938,891,272,93,60,1,-1,-1,-1
1537,938,892,271,91,62,1,-1,-1,-1
1538,938,893,271,89,62,1,-1,-1,-1
1539,938,891,272,90,60,1,-1,-1,-1
1540,938,893,272,88,59,1,-1,-1,-1
1541,938,885,277,96,60,1,-1,-1,-1
1542,938,888,274,93,60,1,-1,-1,-1
1543,938,888,274,94,60,1,-1,-1,-1
1544,938,884,281,96,55,1,-1,-1,-1
1545,938,883,284,96,54,1,-1,-1,-1
1546,938,883,280,97,57,1,-1,-1,-1
1547,938,884,279,96,58,1,-1,-1,-1
1548,938,889,273,92,60,1,-1,-1,-1
1549,938,891,272,90,61,1,-1,-1,-1
1550,938,891,273,91,60,1,-1,-1,-1
1551,938,891,274,93,58,1,-1,-1,-1
1552,938,892,274,92,58,1,-1,-1,-1
1553,938,893,274,89,58,1,-1,-1,-1
1554,938,892,274,90,57,1,-1,-1,-1
1555,938,891,274,93,58,1,-1,-1,-1
1556,938,890,273,93,59,1,-1,-1,-1
1557,938,890,274,93,59,1,-1,-1,-1
1558,938,883,283,98,55,1,-1,-1,-1
1559,938,884,284,98,54,1,-1,-1,-1
1560,938,892,275,90,57,1,-1,-1,-1
1561,938,885,277,95,58,1,-1,-1,-1
1562,938,891,274,90,58,1,-1,-1,-1
1563,938,892,273,91,60,1,-1,-1,-1
1564,938,892,274,90,59,1,-1,-1,-1
1565,938,893,274,89,58,1,-1,-1,-1
1566,938,891,274,91,58,1,-1,-1,-1
1567,938,892,274,90,58,1,-1,-1,-1
1568,938,892,274,90,58,1,-1,-1,-1
1569,938,894,274,87,56,1,-1,-1,-1
1570,938,885,282,95,55,1,-1,-1,-1
1571,938,884,279,99,58,1,-1,-1,-1
1572,938,884,278,98,59,1,-1,-1,-1
1573,938,884,280,96,56,1,-1,-1,-1
1574,938,893,273,89,58,1,-1,-1,-1
1575,938,891,273,91,59,1,-1,-1,-1
1576,938,892,273,91,58,1,-1,-1,-1
1577,938,893,270,91,61,1,-1,-1,-1
1578,938,893,272,91,60,1,-1,-1,-1
1579,938,892,271,91,62,1,-1,-1,-1
1580,938,892,271,91,62,1,-1,-1,-1
1581,938,893,272,91,61,1,-1,-1,-1
1582,938,893,273,91,59,1,-1,-1,-1
1583,938,892,273,91,60,1,-1,-1,-1
1584,938,890,274,92,61,1,-1,-1,-1
1585,938,885,282,98,59,1,-1,-1,-1
1586,938,892,273,90,60,1,-1,-1,-1
1587,938,890,273,92,62,1,-1,-1,-1
1588,938,892,273,90,60,1,-1,-1,-1
1589,938,891,273,91,60,1,-1,-1,-1
1590,938,893,273,89,59,1,-1,-1,-1
1591,938,887,268,100,67,1,-1,-1,-1
1592,938,888,271,98,63,1,-1,-1,-1
1593,938,889,271,97,63,1,-1,-1,-1
1594,938,887,268,99,67,1,-1,-1,-1
1595,938,886,268,100,65,1,-1,-1,-1
1596,938,885,274,97,62,1,-1,-1,-1
1597,938,885,275,98,61,1,-1,-1,-1
1598,938,884,276,98,60,1,-1,-1,-1
1599,938,883,278,101,60,1,-1,-1,-1
1600,938,883,277,100,60,1,-1,-1,-1
1601,938,884,277,96,57,1,-1,-1,-1
1602,938,889,273,93,60,1,-1,-1,-1
1603,938,891,274,92,58,1,-1,-1,-1
1604,938,890,273,94,59,1,-1,-1,-1
1605,938,890,273,93,60,1,-1,-1,-1
1606,938,892,273,90,59,1,-1,-1,-1
1607,938,892,274,90,58,1,-1,-1,-1
1608,938,892,274,90,58,1,-1,-1,-1
1609,938,884,277,99,58,1,-1,-1,-1
1610,938,890,274,93,59,1,-1,-1,-1
1611,938,888,274,96,61,1,-1,-1,-1
1612,938,888,274,95,60,1,-1,-1,-1
1613,938,883,284,98,54,1,-1,-1,-1
1614,938,883,282,99,55,1,-1,-1,-1
1615,938,883,281,99,56,1,-1,-1,-1
1616,938,883,277,100,60,1,-1,-1,-1
1617,938,887,269,99,65,1,-1,-1,-1
1618,938,888,268,97,66,1,-1,-1,-1
1619,938,888,268,97,66,1,-1,-1,-1
1620,938,889,272,95,62,1,-1,-1,-1
1621,938,891,273,93,59,1,-1,-1,-1
1622,938,889,273,95,60,1,-1,-1,-1
1623,938,891,273,93,59,1,-1,-1,-1
1624,938,888,273,96,61,1,-1,-1,-1
1625,938,888,275,97,60,1,-1,-1,-1
1626,938,888,274,96,60,1,-1,-1,-1
1627,938,888,276,96,59,1,-1,-1,-1
1628,938,888,275,96,59,1,-1,-1,-1
1629,938,889,273,95,60,1,-1,-1,-1
1630,938,890,272,95,60,1,-1,-1,-1
1631,938,892,273,94,59,1,-1,-1,-1
1632,938,889,274,97,60,1,-1,-1,-1
1633,938,887,274,98,61,1,-1,-1,-1
1634,938,888,273,98,60,1,-1,-1,-1
1635,938,890,273,95,60,1,-1,-1,-1
1636,938,890,272,95,61,1,-1,-1,-1
1637,938,890,273,94,60,1,-1,-1,-1
1638,938,884,276,99,60,1,-1,-1,-1
1639,938,884,277,99,59,1,-1,-1,-1
1640,938,884,278,99,59,1,-1,-1,-1
1641,938,883,280,100,57,1,-1,-1,-1
1642,938,883,276,100,61,1,-1,-1,-1
1643,938,889,274,94,60,1,-1,-1,-1
1644,938,888,273,95,61,1,-1,-1,-1
1645,938,888,272,95,61,1,-1,-1,-1
1646,938,884,273,100,62,1,-1,-1,-1
1647,938,887,272,96,62,1,-1,-1,-1
1648,938,888,272,96,62,1,-1,-1,-1
1649,938,889,272,95,61,1,-1,-1,-1
1650,938,886,272,99,62,1,-1,-1,-1
1651,938,886,273,98,62,1,-1,-1,-1
1652,938,886,273,98,61,1,-1,-1,-1
1653,938,883,276,99,59,1,-1,-1,-1
1654,938,883,276,99,60,1,-1,-1,-1
1655,938,884,276,99,60,1,-1,-1,-1
1656,938,886,274,97,61,1,-1,-1,-1
1657,938,889,272,94,61,1,-1,-1,-1
1658,938,889,273,93,60,1,-1,-1,-1
1659,938,885,275,97,61,1,-1,-1,-1
1660,938,890,271,93,64,1,-1,-1,-1
1661,938,890,272,94,63,1,-1,-1,-1
1662,938,890,272,94,63,1,-1,-1,-1
1663,938,889,273,96,61,1,-1,-1,-1
1664,938,887,268,99,66,1,-1,-1,-1
1665,938,882,274,101,62,1,-1,-1,-1
1666,938,882,275,101,61,1,-1,-1,-1
1667,938,882,277,101,60,1,-1,-1,-1
1668,938,882,277,101,61,1,-1,-1,-1
1669,938,882,278,100,59,1,-1,-1,-1
1670,938,882,280,100,57,1,-1,-1,-1
1671,938,890,275,93,60,1,-1,-1,-1
1672,938,884,279,99,58,1,-1,-1,-1
1673,938,883,277,100,60,1,-1,-1,-1
1674,938,884,272,99,63,1,-1,-1,-1
1675,938,884,273,100,64,1,-1,-1,-1
1676,938,884,272,100,66,1,-1,-1,-1
1677,938,884,271,100,66,1,-1,-1,-1
1678,938,889,271,95,65,1,-1,-1,-1
1679,938,889,272,94,61,1,-1,-1,-1
1680,938,889,273,93,60,1,-1,-1,-1
1681,938,890,272,92,62,1,-1,-1,-1
1682,938,889,272,94,61,1,-1,-1,-1
1683,938,884,275,97,61,1,-1,-1,-1
1684,938,884,277,96,59,1,-1,-1,-1
1685,938,885,279,94,58,1,-1,-1,-1
1686,938,885,283,95,55,1,-1,-1,-1
1687,938,891,272,91,61,1,-1,-1,-1
1688,938,893,272,90,61,1,-1,-1,-1
1689,938,893,272,89,62,1,-1,-1,-1
1690,938,893,272,90,61,1,-1,-1,-1
1691,938,890,272,93,62,1,-1,-1,-1
1692,938,889,272,95,62,1,-1,-1,-1
1693,938,890,271,94,64,1,-1,-1,-1
1694,938,890,272,94,62,1,-1,-1,-1
1695,938,889,272,96,61,1,-1,-1,-1
1696,938,887,274,97,61,1,-1,-1,-1
1697,938,887,273,98,62,1,-1,-1,-1
1698,938,888,274,96,60,1,-1,-1,-1
1699,938,888,274,95,60,1,-1,-1,-1
1700,938,887,275,97,59,1,-1,-1,-1
1701,938,889,276,94,58,1,-1,-1,-1
1702,938,887,275,96,60,1,-1,-1,-1
1703,938,887,274,96,60,1,-1,-1,-1
1704,938,887,274,96,60,1,-1,-1,-1
1705,938,883,275,100,61,1,-1,-1,-1
1706,938,883,275,100,62,1,-1,-1,-1
1707,938,887,274,96,60,1,-1,-1,-1
1708,938,889,274,94,59,1,-1,-1,-1
1709,938,888,275,96,59,1,-1,-1,-1
1710,938,889,276,95,58,1,-1,-1,-1
1711,938,884,276,100,60,1,-1,-1,-1
1712,938,889,274,94,60,1,-1,-1,-1
1713,938,889,274,95,60,1,-1,-1,-1
1714,938,888,274,96,60,1,-1,-1,-1
1715,938,887,274,97,60,1,-1,-1,-1
1716,938,888,274,96,60,1,-1,-1,-1
1717,938,883,274,98,62,1,-1,-1,-1
1718,938,883,274,98,62,1,-1,-1,-1
1719,938,883,274,97,61,1,-1,-1,-1
1720,938,882,279,98,57,1,-1,-1,-1
1721,938,884,280,97,56,1,-1,-1,-1
1722,938,884,277,96,58,1,-1,-1,-1
1723,938,883,279,99,57,1,-1,-1,-1
1724,938,887,274,97,60,1,-1,-1,-1
1725,938,883,276,99,60,1,-1,-1,-1
1726,938,883,277,99,59,1,-1,-1,-1
1727,938,883,277,99,60,1,-1,-1,-1
1728,938,884,274,99,61,1,-1,-1,-1
1729,938,883,275,99,61,1,-1,-1,-1
1730,938,883,275,99,61,1,-1,-1,-1
1731,938,888,273,94,61,1,-1,-1,-1
1732,938,884,275,98,62,1,-1,-1,-1
1733,938,889,273,93,61,1,-1,-1,-1
1734,938,891,274,92,59,1,-1,-1,-1
1735,938,891,273,92,59,1,-1,-1,-1
1736,938,890,273,94,60,1,-1,-1,-1
1737,938,891,273,92,59,1,-1,-1,-1
1738,938,891,273,91,59,1,-1,-1,-1
1739,938,891,273,91,60,1,-1,-1,-1
1740,938,892,274,90,58,1,-1,-1,-1
1741,938,885,278,96,58,1,-1,-1,-1
1742,938,889,273,93,61,1,-1,-1,-1
1743,938,890,272,93,60,1,-1,-1,-1
1744,938,891,272,91,61,1,-1,-1,-1
1745,938,890,272,92,61,1,-1,-1,-1
1746,938,890,272,92,62,1,-1,-1,-1
1747,938,890,272,92,62,1,-1,-1,-1
1748,938,890,272,92,61,1,-1,-1,-1
1749,938,890,272,92,61,1,-1,-1,-1
1750,938,891,272,91,61,1,-1,-1,-1
1751,938,885,284,96,54,1,-1,-1,-1
1752,938,890,275,92,59,1,-1,-1,-1
1753,938,891,275,91,59,1,-1,-1,-1
1754,938,886,283,94,55,1,-1,-1,-1
1755,938,889,275,93,59,1,-1,-1,-1
1756,938,889,275,92,59,1,-1,-1,-1
1757,938,889,275,93,59,1,-1,-1,-1
1758,938,889,275,93,59,1,-1,-1,-1
1759,938,889,275,93,58,1,-1,-1,-1
1760,938,889,275,93,59,1,-1,-1,-1
1761,938,891,272,93,61,1,-1,-1,-1
1762,938,891,273,92,60,1,-1,-1,-1
1763,938,891,273,93,60,1,-1,-1,-1
1764,938,892,271,92,62,1,-1,-1,-1
1765,938,889,272,96,61,1,-1,-1,-1
1766,938,889,272,96,62,1,-1,-1,-1
1767,938,888,272,96,62,1,-1,-1,-1
1768,938,888,272,96,62,1,-1,-1,-1
1769,938,889,272,95,61,1,-1,-1,-1
1770,938,889,272,96,61,1,-1,-1,-1
1771,938,888,273,96,61,1,-1,-1,-1
1772,938,887,273,96,62,1,-1,-1,-1
1773,938,889,273,94,61,1,-1,-1,-1
1774,938,889,272,93,62,1,-1,-1,-1
1775,938,890,272,94,62,1,-1,-1,-1
1776,938,884,275,97,60,1,-1,-1,-1
1777,938,884,275,99,61,1,-1,-1,-1
1778,938,887,269,96,65,1,-1,-1,-1
1779,938,884,275,98,62,1,-1,-1,-1
1780,938,884,276,97,61,1,-1,-1,-1
1781,938,888,274,94,60,1,-1,-1,-1
1782,938,889,274,94,59,1,-1,-1,-1
1783,938,889,274,94,59,1,-1,-1,-1
1784,938,884,275,98,62,1,-1,-1,-1
1785,938,884,275,98,62,1,-1,-1,-1
1786,938,884,275,98,62,1,-1,-1,-1
1787,938,888,274,95,60,1,-1,-1,-1
1788,938,887,273,96,61,1,-1,-1,-1
1789,938,888,274,96,60,1,-1,-1,-1
1790,938,889,274,94,60,1,-1,-1,-1
1791,938,889,275,95,59,1,-1,-1,-1
1792,938,888,275,95,60,1,-1,-1,-1
1793,938,888,275,96,60,1,-1,-1,-1
1794,938,888,274,97,61,1,-1,-1,-1
1795,938,887,274,96,61,1,-1,-1,-1
1796,938,886,274,97,62,1,-1,-1,-1
1797,938,888,274,96,61,1,-1,-1,-1
1798,938,888,274,95,60,1,-1,-1,-1
1799,938,885,277,98,59,1,-1,-1,-1
1800,938,889,274,94,62,1,-1,-1,-1
1801,938,884,275,99,61,1,-1,-1,-1
1802,938,888,273,95,62,1,-1,-1,-1
1803,938,888,273,96,61,1,-1,-1,-1
1804,938,886,269,99,64,1,-1,-1,-1
1805,938,888,273,95,61,1,-1,-1,-1
1806,938,890,273,94,60,1,-1,-1,-1
1807,938,888,274,95,59,1,-1,-1,-1
1808,938,888,274,95,59,1,-1,-1,-1
1809,938,889,274,95,59,1,-1,-1,-1
1810,938,889,273,95,59,1,-1,-1,-1
1811,938,883,275,99,60,1,-1,-1,-1
1812,938,885,269,99,65,1,-1,-1,-1
1813,938,885,274,97,62,1,-1,-1,-1
1814,938,893,272,89,61,1,-1,-1,-1
1815,938,891,272,92,61,1,-1,-1,-1
1816,938,890,272,93,61,1,-1,-1,-1
1817,938,889,272,95,62,1,-1,-1,-1
1818,938,889,272,95,63,1,-1,-1,-1
1819,938,890,274,94,60,1,-1,-1,-1
1820,938,890,273,95,60,1,-1,-1,-1
1821,938,884,282,100,55,1,-1,-1,-1
1822,938,883,282,99,56,1,-1,-1,-1
1823,938,883,277,98,60,1,-1,-1,-1
1824,938,884,277,97,59,1,-1,-1,-1
1825,938,889,273,93,60,1,-1,-1,-1
1826,938,890,273,92,60,1,-1,-1,-1
1827,938,891,272,94,60,1,-1,-1,-1
1828,938,889,273,94,60,1,-1,-1,-1
1829,938,890,273,93,60,1,-1,-1,-1
1830,938,891,272,92,60,1,-1,-1,-1
1831,938,892,272,93,60,1,-1,-1,-1
1832,938,891,272,94,59,1,-1,-1,-1
1833,938,892,272,94,60,1,-1,-1,-1
1834,938,891,274,93,58,1,-1,-1,-1
1835,938,883,277,98,59,1,-1,-1,-1
1836,938,883,274,99,61,1,-1,-1,-1
1837,938,888,274,95,60,1,-1,-1,-1
1838,938,888,274,95,59,1,-1,-1,-1
1839,938,890,274,93,59,1,-1,-1,-1
1840,938,892,273,91,60,1,-1,-1,-1
1841,938,891,272,94,61,1,-1,-1,-1
1842,938,890,272,95,62,1,-1,-1,-1
1843,938,890,273,94,61,1,-1,-1,-1
1844,938,890,272,95,62,1,-1,-1,-1
1845,938,889,273,95,60,1,-1,-1,-1
1846,938,890,273,94,59,1,-1,-1,-1
1847,938,889,274,94,60,1,-1,-1,-1
1848,938,889,273,94,60,1,-1,-1,-1
1849,938,884,274,98,61,1,-1,-1,-1
1850,938,884,275,98,60,1,-1,-1,-1
1851,938,884,274,97,61,1,-1,-1,-1
1852,938,889,273,93,60,1,-1,-1,-1
1853,938,883,275,99,61,1,-1,-1,-1
1854,938,885,269,98,65,1,-1,-1,-1
1855,938,885,269,98,66,1,-1,-1,-1
1856,938,885,269,98,66,1,-1,-1,-1
1857,938,884,274,99,63,1,-1,-1,-1
1858,938,886,269,97,66,1,-1,-1,-1
1859,938,889,273,93,60,1,-1,-1,-1
1860,938,890,274,92,60,1,-1,-1,-1
1861,938,884,278,97,60,1,-1,-1,-1
1862,938,890,274,93,60,1,-1,-1,-1
1863,938,891,273,91,59,1,-1,-1,-1
1864,938,891,274,92,59,1,-1,-1,-1
1865,938,890,274,93,59,1,-1,-1,-1
1866,938,891,274,91,58,1,-1,-1,-1
1867,938,891,273,92,60,1,-1,-1,-1
1868,938,891,274,94,60,1,-1,-1,-1
1869,938,889,273,95,61,1,-1,-1,-1
1870,938,890,274,94,60,1,-1,-1,-1
1871,938,891,271,94,62,1,-1,-1,-1
1872,938,890,273,95,59,1,-1,-1,-1
1873,938,891,273,95,60,1,-1,-1,-1
1874,938,890,273,94,60,1,-1,-1,-1
1875,938,888,274,96,62,1,-1,-1,-1
1876,938,888,274,95,62,1,-1,-1,-1
1877,938,888,274,95,63,1,-1,-1,-1
1878,938,884,275,99,63,1,-1,-1,-1
1879,938,889,269,96,65,1,-1,-1,-1
1880,938,894,272,89,60,1,-1,-1,-1
1881,938,891,273,92,60,1,-1,-1,-1
1882,938,893,272,92,61,1,-1,-1,-1
1883,938,890,272,97,63,1,-1,-1,-1
1884,938,894,271,92,61,1,-1,-1,-1
1885,938,895,271,92,59,1,-1,-1,-1
1886,938,895,271,91,59,1,-1,-1,-1
1887,938,892,272,93,59,1,-1,-1,-1
1888,938,891,272,94,59,1,-1,-1,-1
1889,938,891,273,94,58,1,-1,-1,-1
1890,938,892,273,93,58,1,-1,-1,-1
1892,938,889,272,94,62,1,-1,-1,-1
1893,938,888,272,95,62,1,-1,-1,-1
1894,938,886,270,98,64,1,-1,-1,-1
1895,938,889,272,95,61,1,-1,-1,-1
1896,938,888,273,96,60,1,-1,-1,-1
1897,938,884,274,97,63,1,-1,-1,-1
1898,938,884,274,97,62,1,-1,-1,-1
1899,938,889,272,93,62,1,-1,-1,-1
1900,938,883,274,97,62,1,-1,-1,-1
1901,938,884,280,97,57,1,-1,-1,-1
1902,938,884,280,97,57,1,-1,-1,-1
1903,938,884,280,98,57,1,-1,-1,-1
1904,938,884,279,98,59,1,-1,-1,-1
1905,938,888,273,94,61,1,-1,-1,-1
1906,938,888,274,94,60,1,-1,-1,-1
1907,938,884,274,97,61,1,-1,-1,-1
1908,938,885,274,96,61,1,-1,-1,-1
1909,938,889,272,94,61,1,-1,-1,-1
1910,938,889,273,94,61,1,-1,-1,-1
1911,938,889,273,95,60,1,-1,-1,-1
1912,938,882,278,98,58,1,-1,-1,-1
1913,938,883,279,97,57,1,-1,-1,-1
1914,938,884,283,96,54,1,-1,-1,-1
1915,938,892,275,90,57,1,-1,-1,-1
1916,938,892,275,90,58,1,-1,-1,-1
1917,938,885,282,96,58,1,-1,-1,-1
1918,938,884,279,98,59,1,-1,-1,-1
1919,938,889,273,93,64,1,-1,-1,-1
1920,938,890,272,92,64,1,-1,-1,-1
1921,938,893,272,90,62,1,-1,-1,-1
1922,938,892,273,92,62,1,-1,-1,-1
1923,938,881,286,100,57,1,-1,-1,-1
1924,938,892,274,92,60,1,-1,-1,-1
1925,938,891,274,92,61,1,-1,-1,-1
1926,938,884,286,96,56,1,-1,-1,-1
1927,938,883,295,94,50,1,-1,-1,-1
1928,938,880,298,93,54,1,-1,-1,-1
1929,938,885,292,95,49,1,-1,-1,-1
1930,938,875,300,103,57,1,-1,-1,-1
1931,938,878,300,102,64,1,-1,-1,-1
1932,938,876,299,107,75,1,-1,-1,-1
1933,938,877,298,105,64,1,-1,-1,-1
1934,938,876,298,109,78,1,-1,-1,-1
1935,938,875,298,113,98,1,-1,-1,-1
1936,938,874,303,114,93,1,-1,-1,-1
1937,938,875,305,112,92,1,-1,-1,-1
1938,938,874,305,112,97,1,-1,-1,-1
1939,938,875,307,109,96,1,-1,-1,-1
1940,938,875,310,104,95,1,-1,-1,-1
1941,938,873,303,112,104,1,-1,-1,-1
1942,938,875,305,114,103,1,-1,-1,-1
1943,938,874,298,116,112,1,-1,-1,-1
1944,938,878,316,116,97,1,-1,-1,-1
1945,938,879,319,112,96,1,-1,-1,-1
1946,938,878,322,114,97,1,-1,-1,-1
1947,938,879,321,116,101,1,-1,-1,-1
1948,938,881,324,119,101,1,-1,-1,-1
1949,938,881,325,122,102,1,-1,-1,-1
1950,938,883,325,125,105,1,-1,-1,-1
1951,938,888,328,126,106,1,-1,-1,-1
1952,938,893,331,125,107,1,-1,-1,-1
1953,938,903,335,125,106,1,-1,-1,-1
1954,938,906,335,130,111,1,-1,-1,-1
1955,938,901,332,146,116,1,-1,-1,-1
1956,938,900,334,160,119,1,-1,-1,-1
1957,938,906,339,166,120,1,-1,-1,-1
1958,938,911,340,176,123,1,-1,-1,-1
1959,938,919,343,185,125,1,-1,-1,-1
1960,938,927,344,198,127,1,-1,-1,-1
1961,938,940,348,208,129,1,-1,-1,-1
1962,938,951,353,221,132,1,-1,-1,-1
1963,938,970,355,229,134,1,-1,-1,-1
1964,938,984,357,244,137,1,-1,-1,-1
1965,938,1001,361,259,140,1,-1,-1,-1
1966,938,1023,363,271,143,1,-1,-1,-1
1967,938,1043,365,286,147,1,-1,-1,-1
1968,938,1070,369,297,148,1,-1,-1,-1
1969,938,1102,377,306,146,1,-1,-1,-1
1970,938,1133,378,317,150,1,-1,-1,-1
1971,938,1165,380,331,154,1,-1,-1,-1
1972,938,1204,384,340,156,1,-1,-1,-1
1973,938,1244,388,347,159,1,-1,-1,-1
1974,938,1288,389,356,163,1,-1,-1,-1
1975,938,1334,395,362,165,1,-1,-1,-1
1976,938,1385,402,368,163,1,-1,-1,-1
1977,938,1436,406,371,165,1,-1,-1,-1
1978,938,1489,409,373,169,1,-1,-1,-1
1979,938,1548,410,371,170,1,-1,-1,-1
1980,938,1608,417,310,165,1,-1,-1,-1
1981,938,1665,426,254,147,1,-1,-1,-1
1982,938,1725,429,194,146,1,-1,-1,-1
1983,938,1783,433,136,146,1,-1,-1,-1
1984,938,1842,437,77,145,1,-1,-1,-1
1082,945,807,205,42,30,1,-1,-1,-1
1083,945,807,204,45,31,1,-1,-1,-1
1084,945,807,202,42,32,1,-1,-1,-1
1085,945,805,204,46,33,1,-1,-1,-1
1086,945,803,208,48,30,1,-1,-1,-1
1087,945,803,208,44,30,1,-1,-1,-1
1088,945,802,207,45,32,1,-1,-1,-1
1089,945,801,208,44,31,1,-1,-1,-1
1090,945,800,212,43,30,1,-1,-1,-1
1091,945,798,210,48,33,1,-1,-1,-1
1092,945,799,209,44,35,1,-1,-1,-1
1093,945,799,211,42,34,1,-1,-1,-1
1094,945,797,213,44,34,1,-1,-1,-1
1095,945,796,214,45,33,1,-1,-1,-1
1096,945,793,218,46,32,1,-1,-1,-1
1097,945,791,215,49,36,1,-1,-1,-1
1098,945,789,217,49,37,1,-1,-1,-1
1099,945,789,219,48,36,1,-1,-1,-1
1100,945,787,221,49,35,1,-1,-1,-1
1101,945,785,221,52,37,1,-1,-1,-1
1102,945,784,222,51,39,1,-1,-1,-1
1103,945,783,222,53,43,1,-1,-1,-1
1104,945,780,224,56,43,1,-1,-1,-1
1105,945,779,226,54,43,1,-1,-1,-1
1106,945,778,227,53,45,1,-1,-1,-1
1107,945,775,229,56,46,1,-1,-1,-1
1108,945,773,230,57,48,1,-1,-1,-1
1109,945,768,234,60,48,1,-1,-1,-1
1110,945,767,237,61,50,1,-1,-1,-1
1111,945,766,239,61,50,1,-1,-1,-1
1112,945,765,242,62,50,1,-1,-1,-1
1113,945,760,244,64,52,1,-1,-1,-1
1114,945,759,246,63,55,1,-1,-1,-1
1115,945,756,252,65,55,1,-1,-1,-1
1116,945,752,256,69,55,1,-1,-1,-1
1117,945,750,259,69,57,1,-1,-1,-1
1118,945,747,266,70,55,1,-1,-1,-1
1119,945,743,268,73,58,1,-1,-1,-1
1120,945,738,274,76,61,1,-1,-1,-1
1121,945,735,280,78,61,1,-1,-1,-1
1122,945,732,283,80,67,1,-1,-1,-1
1123,945,724,288,85,69,1,-1,-1,-1
1124,945,720,296,88,70,1,-1,-1,-1
1125,945,717,302,89,73,1,-1,-1,-1
1126,945,708,309,95,78,1,-1,-1,-1
1127,945,701,314,100,83,1,-1,-1,-1
1128,945,697,325,104,82,1,-1,-1,-1
1129,945,690,333,104,89,1,-1,-1,-1
1130,945,679,342,113,93,1,-1,-1,-1
1131,945,671,352,119,99,1,-1,-1,-1
1132,945,663,362,122,105,1,-1,-1,-1
1133,945,652,374,131,113,1,-1,-1,-1
1134,945,643,389,135,118,1,-1,-1,-1
1135,945,623,402,150,131,1,-1,-1,-1
1136,945,615,422,153,136,1,-1,-1,-1
1137,945,596,442,165,147,1,-1,-1,-1
1138,945,576,469,180,154,1,-1,-1,-1
1139,945,554,493,194,170,1,-1,-1,-1
1140,945,530,522,211,188,1,-1,-1,-1
1141,945,501,556,227,211,1,-1,-1,-1
1142,945,463,598,254,236,1,-1,-1,-1
1143,945,423,650,282,265,1,-1,-1,-1
1144,945,372,712,314,309,1,-1,-1,-1
1145,945,307,789,365,287,1,-1,-1,-1
1146,945,235,877,407,198,1,-1,-1,-1
1147,945,249,991,358,86,1,-1,-1,-1
1094,948,1809,463,109,172,1,-1,-1,-1
1095,948,1749,433,170,235,1,-1,-1,-1
1096,948,1696,414,223,218,1,-1,-1,-1
1097,948,1651,396,268,203,1,-1,-1,-1
1098,948,1607,379,312,190,1,-1,-1,-1
1099,948,1570,364,300,180,1,-1,-1,-1
1100,948,1535,352,280,169,1,-1,-1,-1
1101,948,1505,338,263,162,1,-1,-1,-1
1102,948,1476,330,250,151,1,-1,-1,-1
1103,948,1455,320,229,144,1,-1,-1,-1
1104,948,1428,311,218,136,1,-1,-1,-1
1105,948,1408,303,205,132,1,-1,-1,-1
1106,948,1387,297,193,123,1,-1,-1,-1
1107,948,1365,290,188,119,1,-1,-1,-1
1108,948,1350,283,175,115,1,-1,-1,-1
1109,948,1332,275,169,111,1,-1,-1,-1
1110,948,1318,271,160,106,1,-1,-1,-1
1111,948,1305,266,153,102,1,-1,-1,-1
1112,948,1287,261,148,98,1,-1,-1,-1
1113,948,1275,256,144,95,1,-1,-1,-1
1114,948,1265,252,134,91,1,-1,-1,-1
1115,948,1254,249,128,90,1,-1,-1,-1
1116,948,1240,245,125,84,1,-1,-1,-1
1117,948,1233,242,117,82,1,-1,-1,-1
1118,948,1221,237,114,82,1,-1,-1,-1
1119,948,1209,234,114,79,1,-1,-1,-1
1120,948,1202,232,107,76,1,-1,-1,-1
1121,948,1192,231,106,71,1,-1,-1,-1
1122,948,1184,227,101,71,1,-1,-1,-1
1123,948,1178,226,97,69,1,-1,-1,-1
1124,948,1170,225,91,65,1,-1,-1,-1
1125,948,1161,221,94,64,1,-1,-1,-1
1126,948,1154,214,90,69,1,-1,-1,-1
1127,948,1148,216,85,63,1,-1,-1,-1
1128,948,1142,214,85,61,1,-1,-1,-1
1129,948,1136,211,80,63,1,-1,-1,-1
1130,948,1131,209,78,61,1,-1,-1,-1
1131,948,1125,209,74,58,1,-1,-1,-1
1132,948,1119,205,73,58,1,-1,-1,-1
1133,948,1114,204,71,56,1,-1,-1,-1
1134,948,1108,201,70,57,1,-1,-1,-1
1135,948,1102,201,71,54,1,-1,-1,-1
1136,948,1096,201,71,52,1,-1,-1,-1
1137,948,1094,198,69,53,1,-1,-1,-1
1138,948,1089,198,67,52,1,-1,-1,-1
1139,948,1086,196,63,52,1,-1,-1,-1
1140,948,1083,197,58,49,1,-1,-1,-1
1141,948,1078,196,60,49,1,-1,-1,-1
1142,948,1075,195,60,47,1,-1,-1,-1
1144,948,1067,195,57,44,1,-1,-1,-1
1145,948,1064,194,55,43,1,-1,-1,-1
1146,948,1060,194,57,43,1,-1,-1,-1
1148,948,1053,193,53,40,1,-1,-1,-1
1149,948,1050,191,52,40,1,-1,-1,-1
1151,948,1043,191,51,39,1,-1,-1,-1
1152,948,1042,191,49,38,1,-1,-1,-1
1153,948,1038,189,52,39,1,-1,-1,-1
1154,948,1036,190,50,38,1,-1,-1,-1
1155,948,1035,190,49,36,1,-1,-1,-1
1156,948,1032,189,48,36,1,-1,-1,-1
1157,948,1030,190,46,35,1,-1,-1,-1
1158,948,1027,189,47,36,1,-1,-1,-1
1159,948,1025,190,44,35,1,-1,-1,-1
1160,948,1024,190,44,33,1,-1,-1,-1
1161,948,1021,188,44,34,1,-1,-1,-1
1162,948,1019,189,43,32,1,-1,-1,-1
1163,948,1016,187,43,35,1,-1,-1,-1
1164,948,1015,186,41,35,1,-1,-1,-1
1165,948,1011,187,43,33,1,-1,-1,-1
1168,948,1006,185,41,33,1,-1,-1,-1
1169,948,1004,184,39,32,1,-1,-1,-1
1170,948,1004,186,39,30,1,-1,-1,-1
1171,948,1003,186,37,29,1,-1,-1,-1
1172,948,1000,186,40,29,1,-1,-1,-1
1173,948,1000,186,38,28,1,-1,-1,-1
1174,948,998,185,36,28,1,-1,-1,-1
1175,948,997,184,37,31,1,-1,-1,-1
1176,948,995,184,36,29,1,-1,-1,-1
1177,948,994,184,35,28,1,-1,-1,-1
1178,948,993,184,35,28,1,-1,-1,-1
1181,948,989,182,31,30,1,-1,-1,-1
1182,948,986,183,34,30,1,-1,-1,-1
1183,948,986,182,32,28,1,-1,-1,-1
1184,948,985,182,32,27,1,-1,-1,-1
1185,948,984,181,31,27,1,-1,-1,-1
1186,948,983,182,31,26,1,-1,-1,-1
1187,948,983,181,30,26,1,-1,-1,-1
1190,948,978,182,28,26,1,-1,-1,-1
1196,948,970,180,29,25,1,-1,-1,-1
1105,949,926,184,28,25,1,-1,-1,-1
1106,949,926,184,27,25,1,-1,-1,-1
1111,949,926,183,26,26,1,-1,-1,-1
1112,949,926,182,27,27,1,-1,-1,-1
1113,949,926,184,27,25,1,-1,-1,-1
1115,949,926,183,30,25,1,-1,-1,-1
1116,949,927,183,29,26,1,-1,-1,-1
1117,949,926,183,28,25,1,-1,-1,-1
1118,949,926,183,29,25,1,-1,-1,-1
1119,949,926,182,26,25,1,-1,-1,-1
1120,949,926,182,26,25,1,-1,-1,-1
1121,949,927,183,25,25,1,-1,-1,-1
1122,949,927,184,27,25,1,-1,-1,-1
1123,949,927,183,32,24,1,-1,-1,-1
1125,949,927,183,34,24,1,-1,-1,-1
1126,949,927,183,33,24,1,-1,-1,-1
1127,949,927,183,25,24,1,-1,-1,-1
1128,949,927,183,26,24,1,-1,-1,-1
1129,949,927,183,26,24,1,-1,-1,-1
1130,949,927,182,27,24,1,-1,-1,-1
1131,949,927,181,28,25,1,-1,-1,-1
1132,949,927,181,28,25,1,-1,-1,-1
1133,949,927,182,31,25,1,-1,-1,-1
1134,949,926,182,28,25,1,-1,-1,-1
1135,949,926,182,27,26,1,-1,-1,-1
1136,949,926,182,27,25,1,-1,-1,-1
1137,949,927,182,25,26,1,-1,-1,-1
1138,949,927,182,25,26,1,-1,-1,-1
1139,949,926,182,25,26,1,-1,-1,-1
1140,949,927,182,25,26,1,-1,-1,-1
1141,949,927,182,25,25,1,-1,-1,-1
1142,949,927,182,25,26,1,-1,-1,-1
1143,949,927,182,22,25,1,-1,-1,-1
1145,949,926,183,23,25,1,-1,-1,-1
1153,949,926,183,24,25,1,-1,-1,-1
1154,949,926,182,24,25,1,-1,-1,-1
1156,949,925,182,26,25,1,-1,-1,-1
1165,949,921,179,30,28,1,-1,-1,-1
1166,949,921,179,30,28,1,-1,-1,-1
1176,949,917,178,31,29,1,-1,-1,-1
1177,949,918,178,28,29,1,-1,-1,-1
1178,949,917,177,29,29,1,-1,-1,-1
1179,949,917,177,29,29,1,-1,-1,-1
1180,949,918,177,29,30,1,-1,-1,-1
1181,949,919,178,29,29,1,-1,-1,-1
1182,949,919,178,29,29,1,-1,-1,-1
1183,949,920,179,31,28,1,-1,-1,-1
1184,949,920,179,31,27,1,-1,-1,-1
1185,949,921,179,29,27,1,-1,-1,-1
1186,949,922,179,28,27,1,-1,-1,-1
1187,949,921,179,30,27,1,-1,-1,-1
1188,949,921,179,29,27,1,-1,-1,-1
1189,949,920,179,31,27,1,-1,-1,-1
1190,949,920,179,30,27,1,-1,-1,-1
1191,949,926,180,24,28,1,-1,-1,-1
1192,949,926,180,25,28,1,-1,-1,-1
1193,949,926,180,25,27,1,-1,-1,-1
1194,949,925,180,25,28,1,-1,-1,-1
1195,949,922,179,28,28,1,-1,-1,-1
1196,949,921,178,30,28,1,-1,-1,-1
1197,949,921,178,30,29,1,-1,-1,-1
1198,949,924,178,27,28,1,-1,-1,-1
1199,949,924,178,28,28,1,-1,-1,-1
1200,949,923,178,28,28,1,-1,-1,-1
1204,949,927,180,23,27,1,-1,-1,-1
1211,949,923,176,28,29,1,-1,-1,-1
1236,949,926,175,29,30,1,-1,-1,-1
1237,949,925,175,30,30,1,-1,-1,-1
1238,949,925,175,28,30,1,-1,-1,-1
1239,949,925,175,32,31,1,-1,-1,-1
1240,949,925,175,32,31,1,-1,-1,-1
1241,949,924,175,32,31,1,-1,-1,-1
1242,949,924,176,31,30,1,-1,-1,-1
1243,949,924,176,30,30,1,-1,-1,-1
1244,949,924,176,29,30,1,-1,-1,-1
1245,949,925,176,28,31,1,-1,-1,-1
1246,949,925,177,27,30,1,-1,-1,-1
1247,949,925,175,27,30,1,-1,-1,-1
1248,949,925,174,27,32,1,-1,-1,-1
1249,949,925,173,27,33,1,-1,-1,-1
1250,949,925,174,27,33,1,-1,-1,-1
1251,949,925,174,26,33,1,-1,-1,-1
1252,949,925,174,27,33,1,-1,-1,-1
1253,949,925,173,26,33,1,-1,-1,-1
1254,949,925,174,25,33,1,-1,-1,-1
1255,949,925,173,25,33,1,-1,-1,-1
1256,949,925,173,25,33,1,-1,-1,-1
1257,949,925,173,25,33,1,-1,-1,-1
1258,949,926,173,24,34,1,-1,-1,-1
1259,949,926,173,24,33,1,-1,-1,-1
1261,949,927,173,22,33,1,-1,-1,-1
1160,952,1821,485,97,164,1,-1,-1,-1
1161,952,1760,452,158,230,1,-1,-1,-1
1162,952,1709,429,210,212,1,-1,-1,-1
1163,952,1659,414,260,191,1,-1,-1,-1
1164,952,1618,394,268,183,1,-1,-1,-1
1165,952,1577,379,252,172,1,-1,-1,-1
1166,952,1543,366,235,162,1,-1,-1,-1
1167,952,1513,352,218,153,1,-1,-1,-1
1168,952,1482,342,206,145,1,-1,-1,-1
1169,952,1456,329,193,138,1,-1,-1,-1
1170,952,1432,321,185,130,1,-1,-1,-1
1171,952,1412,312,169,124,1,-1,-1,-1
1172,952,1391,305,161,119,1,-1,-1,-1
1173,952,1370,296,153,116,1,-1,-1,-1
1174,952,1351,291,148,109,1,-1,-1,-1
1175,952,1333,285,142,104,1,-1,-1,-1
1176,952,1319,278,133,101,1,-1,-1,-1
1177,952,1302,272,133,98,1,-1,-1,-1
1178,952,1288,269,124,92,1,-1,-1,-1
1179,952,1275,263,119,89,1,-1,-1,-1
1180,952,1262,259,115,87,1,-1,-1,-1
1181,952,1251,256,108,81,1,-1,-1,-1
1182,952,1238,252,109,81,1,-1,-1,-1
1183,952,1229,248,102,79,1,-1,-1,-1
1184,952,1220,244,100,76,1,-1,-1,-1
1185,952,1209,240,96,74,1,-1,-1,-1
1186,952,1200,237,95,71,1,-1,-1,-1
1187,952,1190,234,91,73,1,-1,-1,-1
1188,952,1183,233,88,68,1,-1,-1,-1
1189,952,1175,231,84,65,1,-1,-1,-1
1190,952,1169,228,81,63,1,-1,-1,-1
1191,952,1160,226,82,62,1,-1,-1,-1
1192,952,1154,222,77,61,1,-1,-1,-1
1193,952,1147,221,76,59,1,-1,-1,-1
1194,952,1139,220,75,57,1,-1,-1,-1
1195,952,1136,218,73,56,1,-1,-1,-1
1196,952,1130,214,70,57,1,-1,-1,-1
1197,952,1125,213,68,56,1,-1,-1,-1
1198,952,1121,212,66,54,1,-1,-1,-1
1199,952,1117,211,61,51,1,-1,-1,-1
1200,952,1109,208,64,51,1,-1,-1,-1
1201,952,1105,206,62,50,1,-1,-1,-1
1202,952,1101,204,61,51,1,-1,-1,-1
1203,952,1097,204,56,48,1,-1,-1,-1
1204,952,1093,205,56,45,1,-1,-1,-1
1205,952,1085,202,59,47,1,-1,-1,-1
1206,952,1083,201,56,46,1,-1,-1,-1
1207,952,1080,202,54,44,1,-1,-1,-1
1208,952,1078,201,53,43,1,-1,-1,-1
1209,952,1075,199,51,41,1,-1,-1,-1
1210,952,1070,199,54,42,1,-1,-1,-1
1211,952,1066,197,50,44,1,-1,-1,-1
1212,952,1062,196,53,45,1,-1,-1,-1
1213,952,1061,195,48,43,1,-1,-1,-1
1214,952,1059,195,46,42,1,-1,-1,-1
1215,952,1053,193,49,42,1,-1,-1,-1
1216,952,1052,191,50,42,1,-1,-1,-1
1217,952,1049,191,48,44,1,-1,-1,-1
1218,952,1044,189,49,43,1,-1,-1,-1
1219,952,1042,190,48,41,1,-1,-1,-1
1220,952,1041,190,46,39,1,-1,-1,-1
1221,952,1038,190,44,39,1,-1,-1,-1
1222,952,1037,190,41,38,1,-1,-1,-1
1223,952,1034,190,39,36,1,-1,-1,-1
1224,952,1032,190,38,36,1,-1,-1,-1
1225,952,1031,189,37,34,1,-1,-1,-1
1226,952,1027,189,39,33,1,-1,-1,-1
1227,952,1024,190,40,34,1,-1,-1,-1
1228,952,1021,188,40,37,1,-1,-1,-1
1229,952,1019,188,37,36,1,-1,-1,-1
1230,952,1018,187,37,35,1,-1,-1,-1
1231,952,1017,187,40,37,1,-1,-1,-1
1232,952,1014,189,36,33,1,-1,-1,-1
1233,952,1012,188,36,34,1,-1,-1,-1
1234,952,1011,188,34,31,1,-1,-1,-1
1235,952,1007,189,36,31,1,-1,-1,-1
1172,953,1848,522,71,132,1,-1,-1,-1
1173,953,1785,482,134,184,1,-1,-1,-1
1174,953,1729,447,191,180,1,-1,-1,-1
1175,953,1679,430,234,165,1,-1,-1,-1
1176,953,1634,414,217,150,1,-1,-1,-1
1177,953,1593,395,204,144,1,-1,-1,-1
1178,953,1556,383,188,133,1,-1,-1,-1
1179,953,1523,371,178,124,1,-1,-1,-1
1180,953,1491,354,169,122,1,-1,-1,-1
1181,953,1464,344,158,115,1,-1,-1,-1
1182,953,1438,335,148,108,1,-1,-1,-1
1183,953,1415,323,141,105,1,-1,-1,-1
1184,953,1393,315,132,101,1,-1,-1,-1
1185,953,1372,306,125,96,1,-1,-1,-1
1186,953,1352,300,121,91,1,-1,-1,-1
1187,953,1335,294,114,86,1,-1,-1,-1
1188,953,1319,287,109,84,1,-1,-1,-1
1189,953,1301,281,107,79,1,-1,-1,-1
1190,953,1288,275,102,79,1,-1,-1,-1
1191,953,1273,270,98,75,1,-1,-1,-1
1192,953,1262,267,93,71,1,-1,-1,-1
1193,953,1250,262,89,69,1,-1,-1,-1
1194,953,1239,258,86,70,1,-1,-1,-1
1195,953,1227,255,83,65,1,-1,-1,-1
1196,953,1219,251,79,63,1,-1,-1,-1
1197,953,1208,247,77,61,1,-1,-1,-1
1198,953,1199,243,76,60,1,-1,-1,-1
1199,953,1191,242,73,57,1,-1,-1,-1
1200,953,1184,239,69,57,1,-1,-1,-1
1201,953,1177,235,66,55,1,-1,-1,-1
1202,953,1168,233,67,53,1,-1,-1,-1
1203,953,1157,230,69,52,1,-1,-1,-1
1204,953,1155,228,62,49,1,-1,-1,-1
1205,953,1147,225,60,51,1,-1,-1,-1
1206,953,1140,224,60,49,1,-1,-1,-1
1207,953,1135,221,57,49,1,-1,-1,-1
1208,953,1132,220,54,45,1,-1,-1,-1
1209,953,1125,219,55,45,1,-1,-1,-1
1210,953,1119,217,54,44,1,-1,-1,-1
1211,953,1116,216,50,41,1,-1,-1,-1
1212,953,1110,213,51,41,1,-1,-1,-1
1213,953,1104,212,51,41,1,-1,-1,-1
1214,953,1098,212,52,39,1,-1,-1,-1
1215,953,1097,210,47,40,1,-1,-1,-1
1216,953,1091,210,48,40,1,-1,-1,-1
1217,953,1087,209,48,40,1,-1,-1,-1
1218,953,1083,207,47,38,1,-1,-1,-1
1219,953,1082,206,42,38,1,-1,-1,-1
1220,953,1078,204,41,38,1,-1,-1,-1
1221,953,1074,203,43,36,1,-1,-1,-1
1222,953,1070,204,42,36,1,-1,-1,-1
1223,953,1067,201,41,35,1,-1,-1,-1
1224,953,1066,199,39,37,1,-1,-1,-1
1225,953,1062,199,39,36,1,-1,-1,-1
1226,953,1059,199,38,35,1,-1,-1,-1
1227,953,1055,199,40,34,1,-1,-1,-1
1228,953,1042,194,49,36,1,-1,-1,-1
1229,953,1050,195,36,34,1,-1,-1,-1
1230,953,1046,196,38,33,1,-1,-1,-1
1231,953,1041,193,40,34,1,-1,-1,-1
1232,953,1040,195,38,32,1,-1,-1,-1
1233,953,1039,194,36,33,1,-1,-1,-1
1234,953,1039,194,32,31,1,-1,-1,-1
1235,953,1035,193,34,31,1,-1,-1,-1
1236,953,1008,188,59,35,1,-1,-1,-1
1237,953,1005,188,53,33,1,-1,-1,-1
1238,953,1006,188,55,34,1,-1,-1,-1
1239,953,1003,187,53,34,1,-1,-1,-1
1240,953,1003,188,50,34,1,-1,-1,-1
1241,953,1000,188,51,32,1,-1,-1,-1
1242,953,998,187,51,31,1,-1,-1,-1
1243,953,995,186,51,33,1,-1,-1,-1
1244,953,994,186,49,32,1,-1,-1,-1
1245,953,993,186,49,32,1,-1,-1,-1
1246,953,993,187,49,30,1,-1,-1,-1
1247,953,992,186,47,31,1,-1,-1,-1
1248,953,992,187,45,30,1,-1,-1,-1
1249,953,990,185,46,30,1,-1,-1,-1
1250,953,989,186,45,31,1,-1,-1,-1
1251,953,984,186,48,28,1,-1,-1,-1
1252,953,983,185,46,29,1,-1,-1,-1
1253,953,982,185,45,28,1,-1,-1,-1
1254,953,982,185,44,28,1,-1,-1,-1
1255,953,982,185,41,29,1,-1,-1,-1
1256,953,980,185,44,28,1,-1,-1,-1
1257,953,979,184,42,28,1,-1,-1,-1
1258,953,978,184,43,28,1,-1,-1,-1
1259,953,976,185,44,27,1,-1,-1,-1
1260,953,976,185,41,26,1,-1,-1,-1
1261,953,975,184,41,27,1,-1,-1,-1
1262,953,971,184,44,27,1,-1,-1,-1
1263,953,971,185,43,27,1,-1,-1,-1
1264,953,972,183,41,28,1,-1,-1,-1
1265,953,972,182,39,28,1,-1,-1,-1
1266,953,971,183,38,28,1,-1,-1,-1
1267,953,970,183,39,26,1,-1,-1,-1
1268,953,969,183,37,26,1,-1,-1,-1
1269,953,969,182,38,26,1,-1,-1,-1
1270,953,968,182,35,25,1,-1,-1,-1
1271,953,968,181,35,26,1,-1,-1,-1
1272,953,969,182,34,26,1,-1,-1,-1
1273,953,967,181,32,27,1,-1,-1,-1
1274,953,966,180,32,27,1,-1,-1,-1
1275,953,966,180,32,27,1,-1,-1,-1
1276,953,965,179,31,27,1,-1,-1,-1
1277,953,964,180,33,25,1,-1,-1,-1
1278,953,964,180,32,25,1,-1,-1,-1
1282,953,955,181,35,24,1,-1,-1,-1
1288,953,950,179,35,25,1,-1,-1,-1
1298,953,931,179,45,26,1,-1,-1,-1
1299,953,933,179,42,26,1,-1,-1,-1
1300,953,938,179,35,25,1,-1,-1,-1
1301,953,931,179,42,26,1,-1,-1,-1
1302,953,926,180,39,26,1,-1,-1,-1
1306,953,927,181,28,26,1,-1,-1,-1
1307,953,926,181,27,26,1,-1,-1,-1
1308,953,925,181,32,27,1,-1,-1,-1
1309,953,924,180,33,28,1,-1,-1,-1
1310,953,924,180,34,28,1,-1,-1,-1
1311,953,925,181,28,28,1,-1,-1,-1
1312,953,925,181,28,28,1,-1,-1,-1
1313,953,925,180,31,29,1,-1,-1,-1
1314,953,924,179,31,30,1,-1,-1,-1
1315,953,924,178,34,30,1,-1,-1,-1
1316,953,924,178,33,29,1,-1,-1,-1
1317,953,925,178,32,29,1,-1,-1,-1
1318,953,925,178,31,29,1,-1,-1,-1
1319,953,926,178,29,29,1,-1,-1,-1
1320,953,926,180,26,29,1,-1,-1,-1
1321,953,926,181,26,27,1,-1,-1,-1
1322,953,926,181,27,27,1,-1,-1,-1
1323,953,925,181,26,27,1,-1,-1,-1
1324,953,926,180,25,27,1,-1,-1,-1
1325,953,926,180,24,28,1,-1,-1,-1
1326,953,927,179,24,28,1,-1,-1,-1
1327,953,927,179,23,28,1,-1,-1,-1
1328,953,927,178,24,28,1,-1,-1,-1
1329,953,927,177,24,29,1,-1,-1,-1
1331,953,927,177,23,32,1,-1,-1,-1
1348,953,924,176,25,32,1,-1,-1,-1
1350,953,926,180,27,29,1,-1,-1,-1
1352,953,925,177,23,29,1,-1,-1,-1
1354,953,924,176,23,31,1,-1,-1,-1
1355,953,925,175,25,31,1,-1,-1,-1
1356,953,925,177,26,30,1,-1,-1,-1
1357,953,924,177,27,30,1,-1,-1,-1
1361,953,927,179,25,28,1,-1,-1,-1
1362,953,925,177,24,28,1,-1,-1,-1
1363,953,924,176,26,30,1,-1,-1,-1
1364,953,926,178,26,30,1,-1,-1,-1
1365,953,927,178,25,30,1,-1,-1,-1
1366,953,924,176,26,29,1,-1,-1,-1
1370,953,926,177,23,28,1,-1,-1,-1
1388,953,922,179,25,28,1,-1,-1,-1
1389,953,922,179,27,28,1,-1,-1,-1
1390,953,923,179,27,29,1,-1,-1,-1
1391,953,922,179,33,29,1,-1,-1,-1
1392,953,923,178,31,28,1,-1,-1,-1
1393,953,922,178,32,28,1,-1,-1,-1
1394,953,920,177,38,29,1,-1,-1,-1
1395,953,920,177,39,29,1,-1,-1,-1
1396,953,919,178,40,29,1,-1,-1,-1
1397,953,919,177,41,29,1,-1,-1,-1
1398,953,919,177,40,29,1,-1,-1,-1
1399,953,921,178,37,29,1,-1,-1,-1
1400,953,921,178,36,29,1,-1,-1,-1
1401,953,920,178,32,30,1,-1,-1,-1
1402,953,920,178,30,30,1,-1,-1,-1
1403,953,921,178,30,29,1,-1,-1,-1
1404,953,921,177,30,31,1,-1,-1,-1
1405,953,920,178,32,29,1,-1,-1,-1
1406,953,920,178,32,29,1,-1,-1,-1
1407,953,920,178,32,29,1,-1,-1,-1
1408,953,920,178,31,29,1,-1,-1,-1
1409,953,921,177,30,29,1,-1,-1,-1
1410,953,922,177,28,30,1,-1,-1,-1
1411,953,924,176,26,30,1,-1,-1,-1
1412,953,922,177,27,30,1,-1,-1,-1
1413,953,921,178,29,28,1,-1,-1,-1
1414,953,919,178,29,29,1,-1,-1,-1
1415,953,921,178,26,29,1,-1,-1,-1
1416,953,922,177,25,29,1,-1,-1,-1
1417,953,924,178,24,28,1,-1,-1,-1
1418,953,923,178,25,28,1,-1,-1,-1
1419,953,923,178,25,28,1,-1,-1,-1
1420,953,923,178,24,28,1,-1,-1,-1
1423,953,926,178,23,27,1,-1,-1,-1
1424,953,925,177,23,28,1,-1,-1,-1
1425,953,926,176,22,30,1,-1,-1,-1
1440,953,925,176,22,31,1,-1,-1,-1
1449,953,925,179,22,30,1,-1,-1,-1
1450,953,925,179,22,29,1,-1,-1,-1
1451,953,925,179,22,30,1,-1,-1,-1
1452,953,925,179,22,30,1,-1,-1,-1
1453,953,926,180,21,29,1,-1,-1,-1
1455,953,925,180,21,29,1,-1,-1,-1
1461,953,926,181,21,28,1,-1,-1,-1
1462,953,926,180,21,29,1,-1,-1,-1
1463,953,926,180,22,29,1,-1,-1,-1
1464,953,927,181,21,28,1,-1,-1,-1
1465,953,927,180,21,28,1,-1,-1,-1
1466,953,927,180,22,28,1,-1,-1,-1
1467,953,926,181,22,28,1,-1,-1,-1
1468,953,926,181,21,28,1,-1,-1,-1
1206,956,834,173,25,26,1,-1,-1,-1
1207,956,832,171,28,27,1,-1,-1,-1
1208,956,832,172,28,27,1,-1,-1,-1
1209,956,832,172,28,27,1,-1,-1,-1
1210,956,831,171,29,28,1,-1,-1,-1
1211,956,830,170,31,29,1,-1,-1,-1
1212,956,829,170,32,29,1,-1,-1,-1
1213,956,828,171,32,29,1,-1,-1,-1
1214,956,827,172,32,30,1,-1,-1,-1
1215,956,827,170,33,32,1,-1,-1,-1
1216,956,828,170,32,32,1,-1,-1,-1
1217,956,827,171,30,31,1,-1,-1,-1
1218,956,828,171,29,31,1,-1,-1,-1
1219,956,829,171,28,31,1,-1,-1,-1
1220,956,829,170,28,31,1,-1,-1,-1
1221,956,827,173,30,31,1,-1,-1,-1
1222,956,827,173,29,31,1,-1,-1,-1
1223,956,827,176,30,29,1,-1,-1,-1
1224,956,827,176,30,28,1,-1,-1,-1
1225,956,826,173,32,31,1,-1,-1,-1
1226,956,827,172,33,33,1,-1,-1,-1
1227,956,827,171,33,34,1,-1,-1,-1
1228,956,826,169,33,36,1,-1,-1,-1
1229,956,826,170,33,36,1,-1,-1,-1
1230,956,825,171,34,35,1,-1,-1,-1
1231,956,823,173,35,32,1,-1,-1,-1
1232,956,823,173,35,33,1,-1,-1,-1
1233,956,824,174,33,32,1,-1,-1,-1
1234,956,824,175,33,32,1,-1,-1,-1
1235,956,824,177,33,31,1,-1,-1,-1
1236,956,824,178,32,30,1,-1,-1,-1
1237,956,824,178,34,31,1,-1,-1,-1
1238,956,823,177,35,32,1,-1,-1,-1
1239,956,823,178,33,31,1,-1,-1,-1
1240,956,824,178,32,31,1,-1,-1,-1
1241,956,823,177,33,31,1,-1,-1,-1
1242,956,823,176,34,33,1,-1,-1,-1
1243,956,822,177,34,33,1,-1,-1,-1
1244,956,823,179,33,31,1,-1,-1,-1
1245,956,822,183,32,28,1,-1,-1,-1
1246,956,822,181,33,30,1,-1,-1,-1
1247,956,822,182,33,30,1,-1,-1,-1
1248,956,821,181,33,30,1,-1,-1,-1
1249,956,821,182,35,31,1,-1,-1,-1
1250,956,821,182,33,31,1,-1,-1,-1
1251,956,820,185,31,28,1,-1,-1,-1
1252,956,818,186,34,28,1,-1,-1,-1
1253,956,819,187,36,28,1,-1,-1,-1
1254,956,818,187,37,29,1,-1,-1,-1
1255,956,818,186,37,30,1,-1,-1,-1
1256,956,817,187,37,29,1,-1,-1,-1
1257,956,818,188,35,28,1,-1,-1,-1
1258,956,817,189,36,30,1,-1,-1,-1
1259,956,816,187,35,31,1,-1,-1,-1
1260,956,816,186,36,33,1,-1,-1,-1
1261,956,814,188,38,31,1,-1,-1,-1
1262,956,814,189,38,32,1,-1,-1,-1
1263,956,813,189,39,31,1,-1,-1,-1
1264,956,812,190,40,32,1,-1,-1,-1
1265,956,813,190,38,33,1,-1,-1,-1
1266,956,813,190,38,33,1,-1,-1,-1
1267,956,812,191,39,33,1,-1,-1,-1
1268,956,811,191,39,34,1,-1,-1,-1
1269,956,810,190,40,35,1,-1,-1,-1
1270,956,809,193,41,33,1,-1,-1,-1
1271,956,807,193,43,35,1,-1,-1,-1
1272,956,808,193,41,35,1,-1,-1,-1
1273,956,808,194,42,36,1,-1,-1,-1
1274,956,805,195,46,38,1,-1,-1,-1
1275,956,805,194,45,37,1,-1,-1,-1
1276,956,803,195,43,38,1,-1,-1,-1
1277,956,800,197,47,39,1,-1,-1,-1
1278,956,801,197,45,41,1,-1,-1,-1
1279,956,798,198,48,40,1,-1,-1,-1
1280,956,797,197,49,42,1,-1,-1,-1
1281,956,797,200,49,42,1,-1,-1,-1
1282,956,795,200,50,44,1,-1,-1,-1
1283,956,795,199,49,46,1,-1,-1,-1
1284,956,792,202,52,45,1,-1,-1,-1
1285,956,790,203,55,45,1,-1,-1,-1
1286,956,789,207,54,42,1,-1,-1,-1
1287,956,787,208,54,44,1,-1,-1,-1
1288,956,787,208,54,48,1,-1,-1,-1
1289,956,785,209,55,48,1,-1,-1,-1
1290,956,785,211,55,49,1,-1,-1,-1
1291,956,783,213,58,49,1,-1,-1,-1
1292,956,781,213,59,52,1,-1,-1,-1
1293,956,781,218,57,50,1,-1,-1,-1
1294,956,776,218,61,54,1,-1,-1,-1
1295,956,772,220,65,57,1,-1,-1,-1
1296,956,768,223,68,57,1,-1,-1,-1
1297,956,768,226,68,57,1,-1,-1,-1
1298,956,765,228,70,60,1,-1,-1,-1
1299,956,763,230,70,61,1,-1,-1,-1
1300,956,762,234,71,63,1,-1,-1,-1
1301,956,760,238,71,66,1,-1,-1,-1
1302,956,756,240,74,67,1,-1,-1,-1
1303,956,753,247,74,67,1,-1,-1,-1
1304,956,748,249,78,72,1,-1,-1,-1
1305,956,744,256,80,72,1,-1,-1,-1
1306,956,741,256,84,78,1,-1,-1,-1
1307,956,735,263,88,79,1,-1,-1,-1
1308,956,728,269,94,84,1,-1,-1,-1
1309,956,722,274,99,86,1,-1,-1,-1
1310,956,718,280,100,93,1,-1,-1,-1
1311,956,710,289,105,94,1,-1,-1,-1
1312,956,702,295,109,99,1,-1,-1,-1
1313,956,694,303,116,104,1,-1,-1,-1
1314,956,687,313,118,110,1,-1,-1,-1
1315,956,675,321,128,118,1,-1,-1,-1
1316,956,664,332,137,125,1,-1,-1,-1
1317,956,654,345,143,132,1,-1,-1,-1
1318,956,635,360,160,139,1,-1,-1,-1
1319,956,621,376,169,147,1,-1,-1,-1
1320,956,603,392,184,164,1,-1,-1,-1
1321,956,582,414,196,176,1,-1,-1,-1
1322,956,560,439,212,188,1,-1,-1,-1
1323,956,534,465,227,209,1,-1,-1,-1
1324,956,503,497,246,233,1,-1,-1,-1
1325,956,469,538,267,260,1,-1,-1,-1
1326,956,421,590,300,292,1,-1,-1,-1
1327,956,365,653,339,335,1,-1,-1,-1
1328,956,297,725,385,352,1,-1,-1,-1
1329,956,209,820,444,258,1,-1,-1,-1
1224,958,782,192,28,23,1,-1,-1,-1
1225,958,781,191,30,22,1,-1,-1,-1
1226,958,780,192,29,22,1,-1,-1,-1
1227,958,780,191,29,23,1,-1,-1,-1
1228,958,778,193,30,23,1,-1,-1,-1
1229,958,776,192,33,25,1,-1,-1,-1
1230,958,776,193,32,25,1,-1,-1,-1
1231,958,774,193,30,24,1,-1,-1,-1
1232,958,773,194,27,24,1,-1,-1,-1
1233,958,774,194,26,24,1,-1,-1,-1
1234,958,773,196,28,24,1,-1,-1,-1
1235,958,772,196,29,24,1,-1,-1,-1
1236,958,771,196,29,24,1,-1,-1,-1
1237,958,769,194,29,25,1,-1,-1,-1
1238,958,769,197,29,23,1,-1,-1,-1
1239,958,769,198,28,23,1,-1,-1,-1
1240,958,767,198,27,23,1,-1,-1,-1
1241,958,762,199,32,24,1,-1,-1,-1
1242,958,762,200,30,23,1,-1,-1,-1
1243,958,759,199,31,24,1,-1,-1,-1
1244,958,760,199,28,24,1,-1,-1,-1
1245,958,755,200,32,24,1,-1,-1,-1
1246,958,755,199,33,25,1,-1,-1,-1
1247,958,754,198,34,26,1,-1,-1,-1
1248,958,751,200,38,25,1,-1,-1,-1
1249,958,751,203,34,24,1,-1,-1,-1
1250,958,750,202,33,24,1,-1,-1,-1
1251,958,746,201,35,26,1,-1,-1,-1
1252,958,744,202,38,27,1,-1,-1,-1
1253,958,744,203,38,26,1,-1,-1,-1
1254,958,740,206,36,25,1,-1,-1,-1
1255,958,738,207,37,26,1,-1,-1,-1
1256,958,736,207,36,27,1,-1,-1,-1
1257,958,733,208,38,27,1,-1,-1,-1
1258,958,730,209,39,29,1,-1,-1,-1
1259,958,727,209,40,29,1,-1,-1,-1
1260,958,725,211,39,29,1,-1,-1,-1
1261,958,722,212,42,30,1,-1,-1,-1
1262,958,718,214,42,30,1,-1,-1,-1
1263,958,715,214,43,35,1,-1,-1,-1
1264,958,712,216,45,34,1,-1,-1,-1
1265,958,709,216,46,35,1,-1,-1,-1
1266,958,705,220,46,33,1,-1,-1,-1
1267,958,702,220,47,36,1,-1,-1,-1
1268,958,696,223,49,37,1,-1,-1,-1
1269,958,693,225,51,37,1,-1,-1,-1
1270,958,689,225,53,41,1,-1,-1,-1
1271,958,684,227,53,42,1,-1,-1,-1
1272,958,678,230,54,43,1,-1,-1,-1
1273,958,675,233,54,42,1,-1,-1,-1
1274,958,670,238,54,41,1,-1,-1,-1
1275,958,664,241,55,41,1,-1,-1,-1
1276,958,658,245,59,43,1,-1,-1,-1
1277,958,651,247,62,46,1,-1,-1,-1
1278,958,644,248,64,48,1,-1,-1,-1
1279,958,638,253,64,50,1,-1,-1,-1
1280,958,630,258,65,52,1,-1,-1,-1
1281,958,622,263,70,54,1,-1,-1,-1
1282,958,612,268,73,55,1,-1,-1,-1
1283,958,603,272,76,58,1,-1,-1,-1
1284,958,594,278,78,60,1,-1,-1,-1
1285,958,584,284,83,64,1,-1,-1,-1
1286,958,573,292,86,66,1,-1,-1,-1
1287,958,559,299,90,69,1,-1,-1,-1
1288,958,545,306,95,73,1,-1,-1,-1
1289,958,531,316,100,78,1,-1,-1,-1
1290,958,515,326,104,80,1,-1,-1,-1
1291,958,497,336,110,86,1,-1,-1,-1
1292,958,479,346,117,92,1,-1,-1,-1
1293,958,458,360,122,96,1,-1,-1,-1
1294,958,434,373,133,105,1,-1,-1,-1
1295,958,407,389,140,114,1,-1,-1,-1
1296,958,376,408,150,122,1,-1,-1,-1
1297,958,343,429,166,132,1,-1,-1,-1
1298,958,304,455,180,142,1,-1,-1,-1
1299,958,259,482,196,158,1,-1,-1,-1
1300,958,208,516,219,172,1,-1,-1,-1
1301,958,147,554,243,195,1,-1,-1,-1
1302,958,71,601,274,223,1,-1,-1,-1
1303,958,0,657,295,261,1,-1,-1,-1
1304,958,0,732,229,301,1,-1,-1,-1
1305,958,1,816,152,260,1,-1,-1,-1
1226,959,373,230,34,28,1,-1,-1,-1
1227,959,373,230,34,28,1,-1,-1,-1
1228,959,373,230,34,28,1,-1,-1,-1
1229,959,373,230,34,28,1,-1,-1,-1
1230,959,373,230,34,28,1,-1,-1,-1
1247,959,373,230,33,29,1,-1,-1,-1
1248,959,373,230,33,29,1,-1,-1,-1
1252,959,373,230,33,28,1,-1,-1,-1
1255,961,1799,493,120,167,1,-1,-1,-1
1256,961,1740,464,179,153,1,-1,-1,-1
1257,961,1688,440,216,148,1,-1,-1,-1
1258,961,1638,419,202,138,1,-1,-1,-1
1259,961,1595,402,188,129,1,-1,-1,-1
1260,961,1557,386,177,122,1,-1,-1,-1
1261,961,1521,370,165,116,1,-1,-1,-1
1262,961,1520,360,125,106,1,-1,-1,-1
1263,961,1462,347,147,101,1,-1,-1,-1
1264,961,1446,336,127,96,1,-1,-1,-1
1265,961,1423,328,120,91,1,-1,-1,-1
1266,961,1409,319,104,84,1,-1,-1,-1
1267,961,1378,309,110,81,1,-1,-1,-1
1268,961,1350,301,113,82,1,-1,-1,-1
1269,961,1334,294,107,78,1,-1,-1,-1
1270,961,1319,290,101,73,1,-1,-1,-1
1271,961,1304,281,97,73,1,-1,-1,-1
1272,961,1287,277,96,70,1,-1,-1,-1
1273,961,1290,274,74,66,1,-1,-1,-1
1274,961,1270,269,81,64,1,-1,-1,-1
1275,961,1247,265,88,60,1,-1,-1,-1
1276,961,1244,260,77,60,1,-1,-1,-1
1277,961,1241,256,66,58,1,-1,-1,-1
1278,961,1229,252,65,57,1,-1,-1,-1
1279,961,1216,250,67,53,1,-1,-1,-1
1280,961,1201,245,69,54,1,-1,-1,-1
1281,961,1198,243,62,52,1,-1,-1,-1
1282,961,1188,239,62,50,1,-1,-1,-1
1283,961,1180,237,59,48,1,-1,-1,-1
1284,961,1171,233,60,47,1,-1,-1,-1
1285,961,1165,231,57,47,1,-1,-1,-1
1286,961,1158,229,55,45,1,-1,-1,-1
1287,961,1150,226,58,46,1,-1,-1,-1
1288,961,1148,226,51,42,1,-1,-1,-1
1289,961,1140,222,51,43,1,-1,-1,-1
1290,961,1134,221,52,41,1,-1,-1,-1
1291,961,1130,218,48,39,1,-1,-1,-1
1292,961,1122,215,48,39,1,-1,-1,-1
1293,961,1117,214,48,39,1,-1,-1,-1
1294,961,1116,214,44,36,1,-1,-1,-1
1295,961,1108,214,44,36,1,-1,-1,-1
1296,961,1104,213,42,34,1,-1,-1,-1
1297,961,1099,211,42,34,1,-1,-1,-1
1298,961,1095,207,44,38,1,-1,-1,-1
1299,961,1088,209,43,34,1,-1,-1,-1
1300,961,1086,206,41,35,1,-1,-1,-1
1301,961,1085,206,38,30,1,-1,-1,-1
1302,961,1079,204,37,35,1,-1,-1,-1
1303,961,1074,203,41,34,1,-1,-1,-1
1304,961,1070,202,39,35,1,-1,-1,-1
1305,961,1066,203,41,32,1,-1,-1,-1
1306,961,1064,201,40,32,1,-1,-1,-1
1307,961,1061,199,36,34,1,-1,-1,-1
1308,961,1060,200,33,30,1,-1,-1,-1
1309,961,1055,200,35,30,1,-1,-1,-1
1310,961,1048,198,40,33,1,-1,-1,-1
1311,961,1046,199,39,31,1,-1,-1,-1
1312,961,1043,199,39,30,1,-1,-1,-1
1313,961,1039,197,38,31,1,-1,-1,-1
1314,961,1038,196,35,30,1,-1,-1,-1
1315,961,1037,196,34,29,1,-1,-1,-1
1316,961,1033,196,34,29,1,-1,-1,-1
1317,961,1032,195,31,29,1,-1,-1,-1
1318,961,1030,195,31,29,1,-1,-1,-1
1319,961,1028,194,30,28,1,-1,-1,-1
1320,961,1024,195,32,27,1,-1,-1,-1
1321,961,1021,194,33,28,1,-1,-1,-1
1322,961,1018,193,33,27,1,-1,-1,-1
1323,961,1015,192,33,30,1,-1,-1,-1
1324,961,1015,191,32,29,1,-1,-1,-1
1325,961,1014,191,31,29,1,-1,-1,-1
1326,961,1013,192,30,26,1,-1,-1,-1
1327,961,1011,194,31,24,1,-1,-1,-1
1328,961,1011,194,27,23,1,-1,-1,-1
1329,961,1008,191,27,24,1,-1,-1,-1
1330,961,1007,191,26,24,1,-1,-1,-1
1331,961,1003,191,27,24,1,-1,-1,-1
1332,961,1004,190,26,25,1,-1,-1,-1
1333,961,1002,191,24,23,1,-1,-1,-1
1334,961,998,191,26,25,1,-1,-1,-1
1335,961,997,190,26,24,1,-1,-1,-1
1336,961,997,189,25,23,1,-1,-1,-1
1337,961,995,189,24,24,1,-1,-1,-1
1338,961,994,189,24,24,1,-1,-1,-1
1258,963,1774,664,145,266,1,-1,-1,-1
1259,963,1694,608,224,235,1,-1,-1,-1
1260,963,1623,562,297,216,1,-1,-1,-1
1261,963,1569,524,269,193,1,-1,-1,-1
1262,963,1516,489,249,178,1,-1,-1,-1
1263,963,1473,461,226,166,1,-1,-1,-1
1264,963,1436,436,204,155,1,-1,-1,-1
1265,963,1402,416,190,144,1,-1,-1,-1
1266,963,1370,399,178,132,1,-1,-1,-1
1267,963,1346,381,164,125,1,-1,-1,-1
1268,963,1321,371,153,116,1,-1,-1,-1
1269,963,1299,355,145,111,1,-1,-1,-1
1270,963,1280,346,137,102,1,-1,-1,-1
1271,963,1262,333,127,99,1,-1,-1,-1
1272,963,1244,326,122,93,1,-1,-1,-1
1273,963,1232,317,111,88,1,-1,-1,-1
1274,963,1227,308,98,85,1,-1,-1,-1
1275,963,1201,301,106,81,1,-1,-1,-1
1276,963,1200,295,90,78,1,-1,-1,-1
1277,963,1181,287,94,75,1,-1,-1,-1
1278,963,1165,282,95,73,1,-1,-1,-1
1279,963,1155,277,92,68,1,-1,-1,-1
1280,963,1151,274,84,64,1,-1,-1,-1
1281,963,1146,270,78,64,1,-1,-1,-1
1282,963,1131,264,81,63,1,-1,-1,-1
1283,963,1125,259,77,59,1,-1,-1,-1
1284,963,1116,258,75,55,1,-1,-1,-1
1285,963,1111,253,73,54,1,-1,-1,-1
1286,963,1105,250,69,54,1,-1,-1,-1
1287,963,1098,247,69,52,1,-1,-1,-1
1288,963,1092,240,67,54,1,-1,-1,-1
1289,963,1087,238,62,52,1,-1,-1,-1
1290,963,1082,235,61,49,1,-1,-1,-1
1291,963,1078,233,61,47,1,-1,-1,-1
1292,963,1073,231,59,46,1,-1,-1,-1
1293,963,1066,227,57,47,1,-1,-1,-1
1294,963,1063,225,56,47,1,-1,-1,-1
1295,963,1057,225,56,44,1,-1,-1,-1
1296,963,1054,223,54,42,1,-1,-1,-1
1297,963,1048,220,53,42,1,-1,-1,-1
1298,963,1043,219,53,42,1,-1,-1,-1
1299,963,1041,217,50,41,1,-1,-1,-1
1300,963,1037,216,51,39,1,-1,-1,-1
1301,963,1034,216,51,37,1,-1,-1,-1
1302,963,1032,214,46,36,1,-1,-1,-1
1303,963,1027,212,48,36,1,-1,-1,-1
1304,963,1024,209,47,36,1,-1,-1,-1
1305,963,1020,209,45,35,1,-1,-1,-1
1306,963,1019,208,44,34,1,-1,-1,-1
1307,963,1017,207,43,34,1,-1,-1,-1
1308,963,1012,205,46,33,1,-1,-1,-1
1309,963,1013,204,38,32,1,-1,-1,-1
1310,963,1008,203,42,31,1,-1,-1,-1
1311,963,1007,203,39,31,1,-1,-1,-1
1312,963,1002,201,42,31,1,-1,-1,-1
1313,963,1001,201,38,31,1,-1,-1,-1
1314,963,999,200,35,30,1,-1,-1,-1
1315,963,998,199,35,29,1,-1,-1,-1
1316,963,994,200,35,29,1,-1,-1,-1
1317,963,993,200,35,26,1,-1,-1,-1
1318,963,992,198,34,27,1,-1,-1,-1
1319,963,989,199,34,27,1,-1,-1,-1
1320,963,987,198,33,26,1,-1,-1,-1
1321,963,984,198,33,25,1,-1,-1,-1
1322,963,982,198,33,25,1,-1,-1,-1
1323,963,979,197,33,25,1,-1,-1,-1
1324,963,978,196,33,25,1,-1,-1,-1
1325,963,978,196,30,26,1,-1,-1,-1
1326,963,975,196,30,25,1,-1,-1,-1
1327,963,973,195,29,24,1,-1,-1,-1
1328,963,971,195,29,24,1,-1,-1,-1
1329,963,970,195,30,23,1,-1,-1,-1
1330,963,969,194,29,24,1,-1,-1,-1
1331,963,966,192,30,24,1,-1,-1,-1
1332,963,965,191,28,24,1,-1,-1,-1
1333,963,965,192,27,24,1,-1,-1,-1
1334,963,962,194,29,24,1,-1,-1,-1
1335,963,962,190,28,25,1,-1,-1,-1
1336,963,959,190,30,24,1,-1,-1,-1
1337,963,957,190,29,23,1,-1,-1,-1
1338,963,957,190,28,23,1,-1,-1,-1
1340,963,954,190,26,23,1,-1,-1,-1
1278,970,881,294,95,55,1,-1,-1,-1
1279,970,881,295,94,55,1,-1,-1,-1
1280,970,881,295,95,55,1,-1,-1,-1
1291,970,881,295,96,53,1,-1,-1,-1
1292,970,881,295,96,53,1,-1,-1,-1
1293,970,880,295,97,52,1,-1,-1,-1
1294,970,880,296,97,53,1,-1,-1,-1
1295,970,880,296,98,53,1,-1,-1,-1
1296,970,880,296,98,54,1,-1,-1,-1
1297,970,880,296,99,57,1,-1,-1,-1
1298,970,880,296,99,57,1,-1,-1,-1
1299,970,879,295,100,58,1,-1,-1,-1
1300,970,879,295,100,57,1,-1,-1,-1
1301,970,884,286,97,53,1,-1,-1,-1
1302,970,885,286,97,54,1,-1,-1,-1
1303,970,884,285,97,54,1,-1,-1,-1
1304,970,884,285,98,54,1,-1,-1,-1
1305,970,884,285,98,54,1,-1,-1,-1
1306,970,880,296,100,53,1,-1,-1,-1
1307,970,885,284,97,54,1,-1,-1,-1
1308,970,884,285,99,55,1,-1,-1,-1
1309,970,880,296,100,55,1,-1,-1,-1
1315,970,881,295,98,54,1,-1,-1,-1
1317,970,881,294,98,58,1,-1,-1,-1
1318,970,881,294,98,58,1,-1,-1,-1
1319,970,881,295,98,57,1,-1,-1,-1
1320,970,881,295,98,58,1,-1,-1,-1
1301,971,791,190,24,25,1,-1,-1,-1
1302,971,791,191,24,25,1,-1,-1,-1
1303,971,789,190,26,24,1,-1,-1,-1
1304,971,787,190,26,25,1,-1,-1,-1
1305,971,787,190,26,24,1,-1,-1,-1
1306,971,786,190,26,25,1,-1,-1,-1
1307,971,784,190,27,25,1,-1,-1,-1
1308,971,783,189,29,25,1,-1,-1,-1
1309,971,783,191,27,25,1,-1,-1,-1
1310,971,782,191,26,27,1,-1,-1,-1
1311,971,779,189,29,29,1,-1,-1,-1
1312,971,777,190,29,29,1,-1,-1,-1
1313,971,776,192,29,28,1,-1,-1,-1
1314,971,777,192,29,29,1,-1,-1,-1
1315,971,775,193,31,27,1,-1,-1,-1
1316,971,774,192,33,29,1,-1,-1,-1
1317,971,774,191,30,29,1,-1,-1,-1
1318,971,774,191,29,30,1,-1,-1,-1
1319,971,773,191,29,31,1,-1,-1,-1
1320,971,773,193,29,29,1,-1,-1,-1
1321,971,769,194,31,29,1,-1,-1,-1
1322,971,770,193,30,29,1,-1,-1,-1
1323,971,768,194,31,30,1,-1,-1,-1
1324,971,766,195,32,28,1,-1,-1,-1
1325,971,764,194,35,29,1,-1,-1,-1
1326,971,761,193,37,30,1,-1,-1,-1
1327,971,761,195,34,30,1,-1,-1,-1
1328,971,760,195,34,30,1,-1,-1,-1
1329,971,759,194,34,31,1,-1,-1,-1
1330,971,757,195,34,30,1,-1,-1,-1
1331,971,755,197,36,29,1,-1,-1,-1
1332,971,755,197,36,30,1,-1,-1,-1
1333,971,753,197,35,30,1,-1,-1,-1
1334,971,751,197,36,31,1,-1,-1,-1
1335,971,751,198,38,31,1,-1,-1,-1
1336,971,750,198,38,31,1,-1,-1,-1
1337,971,748,198,39,33,1,-1,-1,-1
1338,971,746,201,39,32,1,-1,-1,-1
1339,971,743,202,39,32,1,-1,-1,-1
1340,971,742,204,42,31,1,-1,-1,-1
1341,971,740,205,40,30,1,-1,-1,-1
1342,971,737,205,41,33,1,-1,-1,-1
1343,971,738,205,39,36,1,-1,-1,-1
1344,971,732,206,41,38,1,-1,-1,-1
1345,971,730,206,40,38,1,-1,-1,-1
1346,971,727,207,43,39,1,-1,-1,-1
1347,971,725,208,43,39,1,-1,-1,-1
1348,971,723,209,44,39,1,-1,-1,-1
1349,971,720,211,46,41,1,-1,-1,-1
1350,971,719,212,44,41,1,-1,-1,-1
1351,971,715,213,47,42,1,-1,-1,-1
1352,971,712,216,50,41,1,-1,-1,-1
1353,971,708,217,49,43,1,-1,-1,-1
1354,971,704,220,52,44,1,-1,-1,-1
1355,971,699,220,53,46,1,-1,-1,-1
1356,971,697,222,52,48,1,-1,-1,-1
1357,971,692,225,56,48,1,-1,-1,-1
1358,971,687,225,58,50,1,-1,-1,-1
1359,971,683,227,58,51,1,-1,-1,-1
1360,971,678,231,59,52,1,-1,-1,-1
1361,971,671,234,61,53,1,-1,-1,-1
1362,971,667,239,63,53,1,-1,-1,-1
1363,971,662,243,64,55,1,-1,-1,-1
1364,971,658,244,64,56,1,-1,-1,-1
1365,971,648,248,70,57,1,-1,-1,-1
1366,971,643,250,72,61,1,-1,-1,-1
1367,971,636,258,74,61,1,-1,-1,-1
1368,971,626,259,78,68,1,-1,-1,-1
1369,971,620,264,80,68,1,-1,-1,-1
1370,971,611,268,83,73,1,-1,-1,-1
1371,971,600,273,86,80,1,-1,-1,-1
1372,971,591,279,91,80,1,-1,-1,-1
1373,971,578,288,95,84,1,-1,-1,-1
1374,971,567,292,97,89,1,-1,-1,-1
1375,971,554,302,102,92,1,-1,-1,-1
1376,971,539,310,109,100,1,-1,-1,-1
1377,971,524,318,114,105,1,-1,-1,-1
1378,971,508,329,120,111,1,-1,-1,-1
1379,971,486,339,132,119,1,-1,-1,-1
1380,971,467,353,135,128,1,-1,-1,-1
1381,971,443,367,145,138,1,-1,-1,-1
1382,971,413,384,160,149,1,-1,-1,-1
1383,971,384,404,169,161,1,-1,-1,-1
1384,971,347,421,185,179,1,-1,-1,-1
1385,971,303,450,201,191,1,-1,-1,-1
1386,971,258,483,221,208,1,-1,-1,-1
1387,971,197,513,249,240,1,-1,-1,-1
1388,971,130,556,274,273,1,-1,-1,-1
1389,971,44,596,314,322,1,-1,-1,-1
1390,971,0,667,301,363,1,-1,-1,-1
1391,971,0,753,229,322,1,-1,-1,-1
1392,971,0,862,138,213,1,-1,-1,-1
1381,979,1798,498,122,187,1,-1,-1,-1
1382,979,1733,467,186,172,1,-1,-1,-1
1383,979,1678,441,241,162,1,-1,-1,-1
1384,979,1626,419,231,154,1,-1,-1,-1
1385,979,1582,402,212,142,1,-1,-1,-1
1386,979,1542,384,199,134,1,-1,-1,-1
1387,979,1505,369,187,127,1,-1,-1,-1
1388,979,1473,357,172,116,1,-1,-1,-1
1389,979,1443,342,166,113,1,-1,-1,-1
1390,979,1417,334,151,104,1,-1,-1,-1
1391,979,1392,323,145,100,1,-1,-1,-1
1392,979,1371,314,134,95,1,-1,-1,-1
1393,979,1348,304,128,92,1,-1,-1,-1
1394,979,1329,296,121,87,1,-1,-1,-1
1395,979,1311,291,116,81,1,-1,-1,-1
1396,979,1295,287,109,77,1,-1,-1,-1
1397,979,1281,280,103,74,1,-1,-1,-1
1398,979,1265,273,102,74,1,-1,-1,-1
1399,979,1253,269,97,69,1,-1,-1,-1
1400,979,1240,265,92,67,1,-1,-1,-1
1401,979,1230,261,87,64,1,-1,-1,-1
1402,979,1217,256,87,63,1,-1,-1,-1
1403,979,1206,253,87,60,1,-1,-1,-1
1404,979,1199,250,80,57,1,-1,-1,-1
1405,979,1190,246,78,56,1,-1,-1,-1
1406,979,1183,243,73,55,1,-1,-1,-1
1407,979,1173,239,72,53,1,-1,-1,-1
1408,979,1168,236,69,52,1,-1,-1,-1
1409,979,1159,235,68,49,1,-1,-1,-1
1410,979,1151,233,66,46,1,-1,-1,-1
1411,979,1147,229,62,47,1,-1,-1,-1
1412,979,1140,226,62,48,1,-1,-1,-1
1413,979,1131,225,61,46,1,-1,-1,-1
1414,979,1126,223,60,44,1,-1,-1,-1
1415,979,1122,222,55,43,1,-1,-1,-1
1416,979,1116,220,55,42,1,-1,-1,-1
1417,979,1110,216,56,43,1,-1,-1,-1
1418,979,1106,215,54,40,1,-1,-1,-1
1419,979,1102,215,51,38,1,-1,-1,-1
1420,979,1096,213,51,38,1,-1,-1,-1
1421,979,1092,211,50,39,1,-1,-1,-1
1422,979,1088,209,52,40,1,-1,-1,-1
1423,979,1084,209,48,38,1,-1,-1,-1
1424,979,1078,207,49,39,1,-1,-1,-1
1425,979,1078,206,45,36,1,-1,-1,-1
1426,979,1073,205,44,35,1,-1,-1,-1
1427,979,1070,204,43,33,1,-1,-1,-1
1428,979,1063,202,45,37,1,-1,-1,-1
1429,979,1059,202,44,34,1,-1,-1,-1
1430,979,1057,202,42,34,1,-1,-1,-1
1431,979,1053,201,42,33,1,-1,-1,-1
1432,979,1050,199,41,33,1,-1,-1,-1
1433,979,1047,199,41,32,1,-1,-1,-1
1434,979,1043,198,41,32,1,-1,-1,-1
1435,979,1040,199,42,31,1,-1,-1,-1
1436,979,1039,196,40,33,1,-1,-1,-1
1437,979,1039,196,38,32,1,-1,-1,-1
1438,979,1036,195,35,32,1,-1,-1,-1
1439,979,1031,195,35,31,1,-1,-1,-1
1440,979,1028,193,37,32,1,-1,-1,-1
1441,979,1026,192,34,32,1,-1,-1,-1
1442,979,1024,192,35,31,1,-1,-1,-1
1443,979,1019,192,37,32,1,-1,-1,-1
1444,979,1015,192,38,32,1,-1,-1,-1
1445,979,1016,192,34,30,1,-1,-1,-1
1446,979,1015,192,34,28,1,-1,-1,-1
1447,979,1011,192,35,28,1,-1,-1,-1
1448,979,1011,193,33,26,1,-1,-1,-1
1449,979,1008,191,35,28,1,-1,-1,-1
1450,979,1006,190,34,27,1,-1,-1,-1
1451,979,1005,190,33,27,1,-1,-1,-1
1452,979,1004,189,34,28,1,-1,-1,-1
1453,979,1002,189,32,29,1,-1,-1,-1
1454,979,1001,189,30,27,1,-1,-1,-1
1455,979,1001,188,28,27,1,-1,-1,-1
1456,979,998,189,28,26,1,-1,-1,-1
1457,979,997,189,27,24,1,-1,-1,-1
1458,979,996,189,27,25,1,-1,-1,-1
1459,979,995,188,26,26,1,-1,-1,-1
1460,979,993,189,27,25,1,-1,-1,-1
1461,979,991,188,27,25,1,-1,-1,-1
1462,979,991,187,26,25,1,-1,-1,-1
1463,979,989,187,26,24,1,-1,-1,-1
1464,979,989,187,24,24,1,-1,-1,-1
1466,979,987,187,23,23,1,-1,-1,-1
1468,979,983,187,26,23,1,-1,-1,-1
1469,979,981,187,24,24,1,-1,-1,-1
1470,979,981,187,24,24,1,-1,-1,-1
1471,979,979,186,27,24,1,-1,-1,-1
1472,979,978,185,24,23,1,-1,-1,-1
1473,979,976,185,23,22,1,-1,-1,-1
1474,979,975,185,24,22,1,-1,-1,-1
1475,979,974,184,24,23,1,-1,-1,-1
1476,979,974,185,23,23,1,-1,-1,-1
1477,979,973,186,22,23,1,-1,-1,-1
1408,981,1806,517,113,151,1,-1,-1,-1
1409,981,1750,488,170,143,1,-1,-1,-1
1410,981,1699,466,220,136,1,-1,-1,-1
1411,981,1654,446,206,124,1,-1,-1,-1
1412,981,1615,426,192,120,1,-1,-1,-1
1413,981,1576,411,180,111,1,-1,-1,-1
1414,981,1541,396,169,105,1,-1,-1,-1
1415,981,1513,383,159,99,1,-1,-1,-1
1416,981,1483,368,150,96,1,-1,-1,-1
1417,981,1459,359,141,90,1,-1,-1,-1
1418,981,1434,348,136,85,1,-1,-1,-1
1419,981,1413,339,128,81,1,-1,-1,-1
1420,981,1392,330,122,78,1,-1,-1,-1
1421,981,1374,318,117,78,1,-1,-1,-1
1422,981,1358,310,111,75,1,-1,-1,-1
1423,981,1341,305,107,71,1,-1,-1,-1
1424,981,1324,299,103,69,1,-1,-1,-1
1425,981,1313,295,95,64,1,-1,-1,-1
1426,981,1296,290,93,61,1,-1,-1,-1
1427,981,1284,287,89,56,1,-1,-1,-1
1428,981,1270,279,87,57,1,-1,-1,-1
1429,981,1257,274,87,57,1,-1,-1,-1
1430,981,1246,269,84,57,1,-1,-1,-1
1431,981,1238,265,78,54,1,-1,-1,-1
1432,981,1227,261,77,52,1,-1,-1,-1
1433,981,1218,258,75,50,1,-1,-1,-1
1434,981,1208,255,74,47,1,-1,-1,-1
1435,981,1200,253,71,46,1,-1,-1,-1
1436,981,1196,251,66,44,1,-1,-1,-1
1437,981,1188,247,65,44,1,-1,-1,-1
1438,981,1179,242,64,44,1,-1,-1,-1
1439,981,1172,242,63,42,1,-1,-1,-1
1440,981,1165,239,60,41,1,-1,-1,-1
1441,981,1156,235,58,41,1,-1,-1,-1
1442,981,1151,234,56,39,1,-1,-1,-1
1443,981,1146,232,54,40,1,-1,-1,-1
1444,981,1140,229,51,39,1,-1,-1,-1
1445,981,1132,229,54,35,1,-1,-1,-1
1446,981,1128,227,53,34,1,-1,-1,-1
1447,981,1122,226,52,33,1,-1,-1,-1
1448,981,1119,224,48,31,1,-1,-1,-1
1449,981,1112,220,51,33,1,-1,-1,-1
1450,981,1108,221,49,31,1,-1,-1,-1
1451,981,1105,218,45,31,1,-1,-1,-1
1452,981,1100,217,44,32,1,-1,-1,-1
1453,981,1096,217,47,31,1,-1,-1,-1
1454,981,1093,216,43,29,1,-1,-1,-1
1455,981,1088,215,42,28,1,-1,-1,-1
1456,981,1082,215,43,27,1,-1,-1,-1
1457,981,1080,211,40,29,1,-1,-1,-1
1458,981,1077,210,39,28,1,-1,-1,-1
1459,981,1072,209,39,27,1,-1,-1,-1
1460,981,1068,209,40,26,1,-1,-1,-1
1461,981,1064,208,41,26,1,-1,-1,-1
1462,981,1062,206,38,26,1,-1,-1,-1
1463,981,1060,205,36,26,1,-1,-1,-1
1464,981,1054,205,39,25,1,-1,-1,-1
1465,981,1055,206,36,24,1,-1,-1,-1
1466,981,1051,204,35,24,1,-1,-1,-1
1467,981,1048,204,36,25,1,-1,-1,-1
1468,981,1043,203,37,25,1,-1,-1,-1
1469,981,1042,203,32,24,1,-1,-1,-1
1470,981,1039,202,32,24,1,-1,-1,-1
1471,981,1036,201,31,23,1,-1,-1,-1
1472,981,1034,200,32,24,1,-1,-1,-1
1473,981,1028,200,36,25,1,-1,-1,-1
1474,981,1027,199,35,24,1,-1,-1,-1
1475,981,1025,198,34,24,1,-1,-1,-1
1476,981,1025,198,33,25,1,-1,-1,-1
1477,981,1023,197,32,26,1,-1,-1,-1
1478,981,1021,196,31,26,1,-1,-1,-1
1479,981,1019,197,33,24,1,-1,-1,-1
1480,981,1019,196,30,23,1,-1,-1,-1
1481,981,1017,197,28,25,1,-1,-1,-1
1482,981,1016,198,25,23,1,-1,-1,-1
1483,981,1012,197,28,22,1,-1,-1,-1
1484,981,1008,194,33,23,1,-1,-1,-1
1485,981,1004,193,33,22,1,-1,-1,-1
1486,981,1003,195,31,22,1,-1,-1,-1
1487,981,1002,194,32,22,1,-1,-1,-1
1488,981,1003,194,27,22,1,-1,-1,-1
1489,981,999,193,28,23,1,-1,-1,-1
1490,981,998,194,30,22,1,-1,-1,-1
1491,981,997,194,28,22,1,-1,-1,-1
1492,981,997,192,27,23,1,-1,-1,-1
1493,981,996,191,26,22,1,-1,-1,-1
1494,981,996,191,23,23,1,-1,-1,-1
1413,982,882,294,96,55,1,-1,-1,-1
1414,982,880,292,99,62,1,-1,-1,-1
1420,982,881,294,97,57,1,-1,-1,-1
1443,982,886,288,92,54,1,-1,-1,-1
1444,982,887,283,93,57,1,-1,-1,-1
1447,982,885,281,96,58,1,-1,-1,-1
1448,982,884,279,97,60,1,-1,-1,-1
1449,982,884,280,97,58,1,-1,-1,-1
1450,982,884,281,97,57,1,-1,-1,-1
1451,982,882,295,95,53,1,-1,-1,-1
1452,982,882,295,95,55,1,-1,-1,-1
1453,982,881,294,98,58,1,-1,-1,-1
1459,982,877,294,102,61,1,-1,-1,-1
1460,982,878,293,101,59,1,-1,-1,-1
1465,982,880,296,99,55,1,-1,-1,-1
1441,983,779,192,29,27,1,-1,-1,-1
1442,983,778,195,30,29,1,-1,-1,-1
1443,983,778,195,29,28,1,-1,-1,-1
1444,983,777,194,29,26,1,-1,-1,-1
1445,983,776,193,30,27,1,-1,-1,-1
1446,983,776,194,30,26,1,-1,-1,-1
1447,983,775,194,31,28,1,-1,-1,-1
1448,983,776,193,28,27,1,-1,-1,-1
1449,983,776,193,28,27,1,-1,-1,-1
1450,983,775,193,29,27,1,-1,-1,-1
1451,983,775,193,28,26,1,-1,-1,-1
1452,983,774,194,28,26,1,-1,-1,-1
1453,983,774,193,28,26,1,-1,-1,-1
1454,983,773,195,29,27,1,-1,-1,-1
1455,983,770,194,31,25,1,-1,-1,-1
1456,983,770,196,30,25,1,-1,-1,-1
1457,983,769,196,29,25,1,-1,-1,-1
1458,983,768,197,30,24,1,-1,-1,-1
1459,983,765,197,31,24,1,-1,-1,-1
1460,983,763,198,33,23,1,-1,-1,-1
1461,983,762,199,32,24,1,-1,-1,-1
1462,983,761,199,32,24,1,-1,-1,-1
1463,983,760,199,34,25,1,-1,-1,-1
1464,983,759,200,34,25,1,-1,-1,-1
1465,983,755,198,36,25,1,-1,-1,-1
1466,983,755,199,32,25,1,-1,-1,-1
1467,983,754,199,32,24,1,-1,-1,-1
1468,983,754,200,33,24,1,-1,-1,-1
1469,983,751,200,34,24,1,-1,-1,-1
1470,983,751,201,35,24,1,-1,-1,-1
1471,983,750,201,33,24,1,-1,-1,-1
1472,983,750,201,32,25,1,-1,-1,-1
1473,983,747,202,34,25,1,-1,-1,-1
1474,983,746,203,33,25,1,-1,-1,-1
1475,983,744,203,34,26,1,-1,-1,-1
1476,983,742,202,35,26,1,-1,-1,-1
1477,983,742,203,36,26,1,-1,-1,-1
1478,983,741,205,35,26,1,-1,-1,-1
1479,983,738,206,37,26,1,-1,-1,-1
1480,983,736,207,39,24,1,-1,-1,-1
1481,983,736,205,36,27,1,-1,-1,-1
1482,983,733,204,38,30,1,-1,-1,-1
1483,983,731,206,38,29,1,-1,-1,-1
1484,983,730,206,38,29,1,-1,-1,-1
1485,983,728,208,40,29,1,-1,-1,-1
1486,983,726,209,39,30,1,-1,-1,-1
1487,983,725,208,42,31,1,-1,-1,-1
1488,983,723,210,41,31,1,-1,-1,-1
1489,983,721,209,43,32,1,-1,-1,-1
1490,983,720,210,41,32,1,-1,-1,-1
1491,983,718,211,42,34,1,-1,-1,-1
1492,983,717,212,43,33,1,-1,-1,-1
1493,983,715,213,42,34,1,-1,-1,-1
1494,983,713,213,44,35,1,-1,-1,-1
1495,983,711,214,44,36,1,-1,-1,-1
1496,983,709,215,45,35,1,-1,-1,-1
1497,983,706,216,46,36,1,-1,-1,-1
1498,983,703,216,48,37,1,-1,-1,-1
1499,983,702,216,45,39,1,-1,-1,-1
1500,983,700,218,48,38,1,-1,-1,-1
1501,983,696,220,48,36,1,-1,-1,-1
1502,983,694,221,50,37,1,-1,-1,-1
1503,983,693,222,50,39,1,-1,-1,-1
1504,983,690,222,53,40,1,-1,-1,-1
1505,983,688,223,54,42,1,-1,-1,-1
1506,983,687,224,53,42,1,-1,-1,-1
1507,983,683,225,56,44,1,-1,-1,-1
1508,983,680,225,57,44,1,-1,-1,-1
1509,983,679,227,55,44,1,-1,-1,-1
1510,983,675,228,58,45,1,-1,-1,-1
1511,983,674,231,56,43,1,-1,-1,-1
1512,983,672,232,58,44,1,-1,-1,-1
1513,983,670,234,56,44,1,-1,-1,-1
1514,983,666,234,59,45,1,-1,-1,-1
1515,983,665,238,56,43,1,-1,-1,-1
1516,983,660,238,60,45,1,-1,-1,-1
1517,983,658,240,61,46,1,-1,-1,-1
1518,983,655,242,63,47,1,-1,-1,-1
1519,983,652,244,64,47,1,-1,-1,-1
1520,983,650,244,64,49,1,-1,-1,-1
1521,983,645,246,66,49,1,-1,-1,-1
1522,983,642,247,67,50,1,-1,-1,-1
1523,983,640,249,67,51,1,-1,-1,-1
1524,983,636,251,68,53,1,-1,-1,-1
1525,983,633,253,69,54,1,-1,-1,-1
1526,983,631,255,69,54,1,-1,-1,-1
1527,983,628,257,69,54,1,-1,-1,-1
1528,983,622,258,73,55,1,-1,-1,-1
1529,983,619,261,72,55,1,-1,-1,-1
1530,983,617,262,72,56,1,-1,-1,-1
1531,983,611,265,77,57,1,-1,-1,-1
1532,983,608,267,78,58,1,-1,-1,-1
1533,983,605,269,78,59,1,-1,-1,-1
1534,983,602,270,77,60,1,-1,-1,-1
1535,983,599,270,80,63,1,-1,-1,-1
1536,983,595,273,83,63,1,-1,-1,-1
1537,983,591,275,83,65,1,-1,-1,-1
1538,983,587,277,84,66,1,-1,-1,-1
1539,983,581,281,85,66,1,-1,-1,-1
1540,983,579,283,86,67,1,-1,-1,-1
1541,983,576,286,86,67,1,-1,-1,-1
1542,983,572,288,88,67,1,-1,-1,-1
1543,983,569,289,89,70,1,-1,-1,-1
1544,983,565,291,91,71,1,-1,-1,-1
1545,983,560,292,92,74,1,-1,-1,-1
1546,983,558,294,92,75,1,-1,-1,-1
1547,983,554,297,92,75,1,-1,-1,-1
1548,983,550,299,94,75,1,-1,-1,-1
1549,983,546,301,96,77,1,-1,-1,-1
1550,983,545,304,95,76,1,-1,-1,-1
1551,983,541,306,96,79,1,-1,-1,-1
1552,983,537,306,99,81,1,-1,-1,-1
1553,983,533,309,101,81,1,-1,-1,-1
1554,983,530,311,101,82,1,-1,-1,-1
1555,983,525,313,104,83,1,-1,-1,-1
1556,983,523,315,103,83,1,-1,-1,-1
1557,983,520,317,106,84,1,-1,-1,-1
1558,983,516,318,106,86,1,-1,-1,-1
1559,983,513,320,105,88,1,-1,-1,-1
1560,983,510,323,107,86,1,-1,-1,-1
1561,983,508,324,108,88,1,-1,-1,-1
1562,983,505,328,110,86,1,-1,-1,-1
1563,983,503,327,112,89,1,-1,-1,-1
1564,983,499,329,114,91,1,-1,-1,-1
1565,983,497,330,114,91,1,-1,-1,-1
1566,983,495,331,115,92,1,-1,-1,-1
1567,983,493,334,115,91,1,-1,-1,-1
1568,983,489,334,117,92,1,-1,-1,-1
1569,983,488,335,116,93,1,-1,-1,-1
1570,983,485,336,117,94,1,-1,-1,-1
1571,983,484,339,118,93,1,-1,-1,-1
1572,983,481,340,119,94,1,-1,-1,-1
1573,983,480,340,119,94,1,-1,-1,-1
1574,983,479,342,119,95,1,-1,-1,-1
1575,983,478,341,119,97,1,-1,-1,-1
1576,983,477,340,119,98,1,-1,-1,-1
1577,983,474,342,122,97,1,-1,-1,-1
1578,983,474,343,122,96,1,-1,-1,-1
1579,983,473,344,122,96,1,-1,-1,-1
1580,983,472,345,123,96,1,-1,-1,-1
1581,983,471,344,123,98,1,-1,-1,-1
1582,983,471,346,123,98,1,-1,-1,-1
1583,983,469,346,124,98,1,-1,-1,-1
1584,983,468,346,125,99,1,-1,-1,-1
1585,983,468,347,123,99,1,-1,-1,-1
1586,983,468,347,124,99,1,-1,-1,-1
1587,983,468,347,124,99,1,-1,-1,-1
1588,983,468,347,124,99,1,-1,-1,-1
1589,983,468,347,124,99,1,-1,-1,-1
1590,983,468,347,125,99,1,-1,-1,-1
1591,983,467,347,125,99,1,-1,-1,-1
1592,983,467,347,126,99,1,-1,-1,-1
1593,983,467,347,126,99,1,-1,-1,-1
1594,983,467,347,125,99,1,-1,-1,-1
1595,983,466,347,126,99,1,-1,-1,-1
1596,983,466,347,124,99,1,-1,-1,-1
1597,983,467,347,124,100,1,-1,-1,-1
1598,983,467,347,123,100,1,-1,-1,-1
1599,983,467,348,123,99,1,-1,-1,-1
1600,983,467,348,123,99,1,-1,-1,-1
1601,983,467,348,124,98,1,-1,-1,-1
1602,983,467,348,123,98,1,-1,-1,-1
1603,983,468,347,123,98,1,-1,-1,-1
1604,983,467,346,125,99,1,-1,-1,-1
1605,983,468,347,125,98,1,-1,-1,-1
1606,983,468,346,124,98,1,-1,-1,-1
1607,983,468,346,125,98,1,-1,-1,-1
1608,983,468,346,125,99,1,-1,-1,-1
1609,983,467,347,125,99,1,-1,-1,-1
1610,983,467,347,124,98,1,-1,-1,-1
1611,983,466,347,125,99,1,-1,-1,-1
1612,983,466,347,125,98,1,-1,-1,-1
1613,983,466,348,125,98,1,-1,-1,-1
1614,983,466,348,125,98,1,-1,-1,-1
1615,983,466,348,125,98,1,-1,-1,-1
1616,983,466,348,125,98,1,-1,-1,-1
1617,983,467,347,125,98,1,-1,-1,-1
1618,983,467,347,126,98,1,-1,-1,-1
1619,983,467,347,126,98,1,-1,-1,-1
1620,983,467,347,125,98,1,-1,-1,-1
1621,983,467,347,126,99,1,-1,-1,-1
1622,983,467,347,126,99,1,-1,-1,-1
1623,983,467,347,125,99,1,-1,-1,-1
1624,983,467,347,124,99,1,-1,-1,-1
1625,983,467,347,124,99,1,-1,-1,-1
1626,983,466,347,125,99,1,-1,-1,-1
1627,983,466,347,124,99,1,-1,-1,-1
1628,983,466,347,124,99,1,-1,-1,-1
1629,983,467,347,124,99,1,-1,-1,-1
1630,983,467,347,125,99,1,-1,-1,-1
1631,983,467,347,125,98,1,-1,-1,-1
1632,983,467,347,125,98,1,-1,-1,-1
1633,983,467,346,125,99,1,-1,-1,-1
1634,983,467,346,125,99,1,-1,-1,-1
1635,983,467,346,125,99,1,-1,-1,-1
1636,983,467,347,125,99,1,-1,-1,-1
1637,983,467,347,125,99,1,-1,-1,-1
1638,983,466,347,125,98,1,-1,-1,-1
1639,983,467,347,125,99,1,-1,-1,-1
1640,983,467,347,124,99,1,-1,-1,-1
1641,983,467,347,124,99,1,-1,-1,-1
1642,983,467,347,124,99,1,-1,-1,-1
1643,983,467,347,125,98,1,-1,-1,-1
1644,983,467,347,124,98,1,-1,-1,-1
1645,983,467,347,125,99,1,-1,-1,-1
1646,983,468,346,125,99,1,-1,-1,-1
1647,983,467,346,125,99,1,-1,-1,-1
1648,983,467,347,125,99,1,-1,-1,-1
1649,983,467,347,125,99,1,-1,-1,-1
1650,983,467,347,125,99,1,-1,-1,-1
1651,983,467,347,125,99,1,-1,-1,-1
1652,983,467,347,125,99,1,-1,-1,-1
1653,983,466,347,125,99,1,-1,-1,-1
1654,983,466,347,125,99,1,-1,-1,-1
1655,983,466,347,125,99,1,-1,-1,-1
1656,983,466,347,125,99,1,-1,-1,-1
1657,983,467,346,126,100,1,-1,-1,-1
1658,983,467,346,126,100,1,-1,-1,-1
1659,983,467,346,126,99,1,-1,-1,-1
1660,983,467,346,126,100,1,-1,-1,-1
1661,983,467,346,126,99,1,-1,-1,-1
1662,983,467,346,126,99,1,-1,-1,-1
1663,983,468,346,125,100,1,-1,-1,-1
1664,983,467,346,126,99,1,-1,-1,-1
1665,983,467,347,124,99,1,-1,-1,-1
1666,983,467,347,124,99,1,-1,-1,-1
1667,983,467,347,124,98,1,-1,-1,-1
1668,983,467,347,125,98,1,-1,-1,-1
1669,983,467,347,125,98,1,-1,-1,-1
1670,983,467,347,124,99,1,-1,-1,-1
1671,983,467,347,125,98,1,-1,-1,-1
1672,983,467,347,125,98,1,-1,-1,-1
1673,983,467,347,125,98,1,-1,-1,-1
1674,983,467,347,125,98,1,-1,-1,-1
1675,983,467,346,125,98,1,-1,-1,-1
1676,983,467,346,126,99,1,-1,-1,-1
1677,983,467,346,125,98,1,-1,-1,-1
1678,983,467,346,126,99,1,-1,-1,-1
1679,983,467,346,125,98,1,-1,-1,-1
1680,983,467,347,125,98,1,-1,-1,-1
1681,983,467,348,124,97,1,-1,-1,-1
1682,983,467,348,124,97,1,-1,-1,-1
1683,983,467,348,124,98,1,-1,-1,-1
1684,983,467,348,124,97,1,-1,-1,-1
1685,983,467,348,124,98,1,-1,-1,-1
1686,983,467,348,124,97,1,-1,-1,-1
1687,983,467,348,125,97,1,-1,-1,-1
1688,983,468,348,124,97,1,-1,-1,-1
1689,983,467,347,125,99,1,-1,-1,-1
1690,983,467,347,124,96,1,-1,-1,-1
1691,983,466,346,127,98,1,-1,-1,-1
1692,983,466,346,127,98,1,-1,-1,-1
1693,983,467,347,126,99,1,-1,-1,-1
1694,983,467,347,126,98,1,-1,-1,-1
1695,983,467,347,126,98,1,-1,-1,-1
1696,983,466,347,126,99,1,-1,-1,-1
1697,983,466,347,125,99,1,-1,-1,-1
1698,983,466,347,126,98,1,-1,-1,-1
1699,983,466,347,126,98,1,-1,-1,-1
1700,983,466,347,126,98,1,-1,-1,-1
1701,983,467,347,125,98,1,-1,-1,-1
1702,983,467,347,125,98,1,-1,-1,-1
1703,983,467,347,125,98,1,-1,-1,-1
1704,983,467,347,125,98,1,-1,-1,-1
1705,983,467,347,125,98,1,-1,-1,-1
1706,983,467,347,125,99,1,-1,-1,-1
1707,983,467,347,124,100,1,-1,-1,-1
1708,983,467,347,125,99,1,-1,-1,-1
1709,983,466,347,124,98,1,-1,-1,-1
1710,983,466,347,124,98,1,-1,-1,-1
1711,983,467,347,125,99,1,-1,-1,-1
1712,983,467,347,125,99,1,-1,-1,-1
1713,983,467,347,125,98,1,-1,-1,-1
1714,983,467,347,126,99,1,-1,-1,-1
1715,983,467,347,125,99,1,-1,-1,-1
1716,983,467,347,125,99,1,-1,-1,-1
1717,983,467,347,125,98,1,-1,-1,-1
1718,983,467,347,125,99,1,-1,-1,-1
1719,983,467,347,126,99,1,-1,-1,-1
1720,983,466,347,125,98,1,-1,-1,-1
1721,983,466,347,125,99,1,-1,-1,-1
1722,983,466,347,125,98,1,-1,-1,-1
1723,983,466,347,125,98,1,-1,-1,-1
1724,983,466,347,125,98,1,-1,-1,-1
1725,983,466,347,125,98,1,-1,-1,-1
1726,983,466,347,125,99,1,-1,-1,-1
1727,983,467,347,124,99,1,-1,-1,-1
1728,983,466,346,126,97,1,-1,-1,-1
1729,983,466,347,125,98,1,-1,-1,-1
1730,983,467,347,125,98,1,-1,-1,-1
1731,983,467,347,125,98,1,-1,-1,-1
1732,983,467,347,125,98,1,-1,-1,-1
1733,983,467,347,125,98,1,-1,-1,-1
1734,983,467,347,125,98,1,-1,-1,-1
1735,983,467,347,125,98,1,-1,-1,-1
1736,983,467,347,125,98,1,-1,-1,-1
1737,983,467,347,125,98,1,-1,-1,-1
1738,983,467,347,125,98,1,-1,-1,-1
1739,983,467,347,125,98,1,-1,-1,-1
1740,983,467,347,125,98,1,-1,-1,-1
1741,983,467,346,125,99,1,-1,-1,-1
1742,983,467,346,125,99,1,-1,-1,-1
1743,983,468,347,125,99,1,-1,-1,-1
1744,983,466,347,127,100,1,-1,-1,-1
1745,983,466,346,126,94,1,-1,-1,-1
1746,983,466,347,126,98,1,-1,-1,-1
1747,983,466,348,125,98,1,-1,-1,-1
1748,983,467,347,126,99,1,-1,-1,-1
1749,983,467,347,126,99,1,-1,-1,-1
1750,983,467,347,126,99,1,-1,-1,-1
1751,983,467,347,125,98,1,-1,-1,-1
1752,983,467,347,125,98,1,-1,-1,-1
1753,983,467,347,126,98,1,-1,-1,-1
1754,983,467,347,126,98,1,-1,-1,-1
1755,983,467,347,126,98,1,-1,-1,-1
1756,983,467,347,126,98,1,-1,-1,-1
1757,983,467,347,126,99,1,-1,-1,-1
1758,983,467,347,126,99,1,-1,-1,-1
1759,983,467,347,126,99,1,-1,-1,-1
1760,983,467,346,126,99,1,-1,-1,-1
1761,983,468,347,126,99,1,-1,-1,-1
1762,983,468,346,126,99,1,-1,-1,-1
1763,983,468,346,126,99,1,-1,-1,-1
1764,983,468,346,126,99,1,-1,-1,-1
1765,983,467,347,124,99,1,-1,-1,-1
1766,983,468,347,123,99,1,-1,-1,-1
1767,983,468,346,122,100,1,-1,-1,-1
1768,983,468,345,126,100,1,-1,-1,-1
1769,983,468,346,123,100,1,-1,-1,-1
1770,983,467,347,124,99,1,-1,-1,-1
1771,983,467,347,124,99,1,-1,-1,-1
1772,983,467,347,125,99,1,-1,-1,-1
1773,983,467,347,126,99,1,-1,-1,-1
1774,983,467,347,127,99,1,-1,-1,-1
1775,983,467,347,127,99,1,-1,-1,-1
1776,983,467,347,126,99,1,-1,-1,-1
1777,983,467,346,127,99,1,-1,-1,-1
1778,983,467,347,127,99,1,-1,-1,-1
1779,983,467,347,127,98,1,-1,-1,-1
1780,983,467,347,127,98,1,-1,-1,-1
1781,983,466,347,127,98,1,-1,-1,-1
1782,983,466,347,127,98,1,-1,-1,-1
1783,983,466,348,127,98,1,-1,-1,-1
1784,983,466,348,127,97,1,-1,-1,-1
1785,983,466,348,128,97,1,-1,-1,-1
1786,983,466,348,128,97,1,-1,-1,-1
1787,983,466,348,128,97,1,-1,-1,-1
1788,983,467,348,127,97,1,-1,-1,-1
1789,983,466,348,128,98,1,-1,-1,-1
1790,983,466,348,128,98,1,-1,-1,-1
1791,983,467,348,127,98,1,-1,-1,-1
1792,983,467,348,127,98,1,-1,-1,-1
1793,983,467,348,126,98,1,-1,-1,-1
1794,983,467,347,126,99,1,-1,-1,-1
1795,983,467,348,126,99,1,-1,-1,-1
1796,983,467,348,126,99,1,-1,-1,-1
1797,983,467,348,125,99,1,-1,-1,-1
1798,983,468,347,126,98,1,-1,-1,-1
1799,983,468,348,125,98,1,-1,-1,-1
1800,983,468,347,126,99,1,-1,-1,-1
1801,983,467,347,126,98,1,-1,-1,-1
1802,983,468,348,125,98,1,-1,-1,-1
1803,983,468,347,125,99,1,-1,-1,-1
1804,983,467,347,125,98,1,-1,-1,-1
1805,983,467,347,125,98,1,-1,-1,-1
1806,983,467,347,125,98,1,-1,-1,-1
1807,983,468,348,124,97,1,-1,-1,-1
1808,983,468,348,124,97,1,-1,-1,-1
1809,983,468,348,123,97,1,-1,-1,-1
1810,983,468,348,123,98,1,-1,-1,-1
1811,983,467,347,125,99,1,-1,-1,-1
1812,983,467,347,125,99,1,-1,-1,-1
1813,983,467,347,125,99,1,-1,-1,-1
1814,983,467,346,126,99,1,-1,-1,-1
1815,983,467,346,125,99,1,-1,-1,-1
1816,983,467,346,126,98,1,-1,-1,-1
1817,983,468,347,124,99,1,-1,-1,-1
1818,983,468,347,124,99,1,-1,-1,-1
1819,983,467,347,125,100,1,-1,-1,-1
1820,983,467,347,124,99,1,-1,-1,-1
1821,983,467,348,124,98,1,-1,-1,-1
1822,983,467,348,124,98,1,-1,-1,-1
1823,983,466,347,125,99,1,-1,-1,-1
1824,983,466,347,126,99,1,-1,-1,-1
1825,983,467,347,125,99,1,-1,-1,-1
1826,983,467,347,125,99,1,-1,-1,-1
1827,983,467,346,127,99,1,-1,-1,-1
1828,983,467,346,126,99,1,-1,-1,-1
1829,983,467,346,126,99,1,-1,-1,-1
1830,983,467,346,126,99,1,-1,-1,-1
1831,983,468,347,125,99,1,-1,-1,-1
1832,983,467,346,127,100,1,-1,-1,-1
1833,983,467,347,125,99,1,-1,-1,-1
1834,983,467,346,125,100,1,-1,-1,-1
1835,983,467,347,125,99,1,-1,-1,-1
1836,983,467,347,125,99,1,-1,-1,-1
1837,983,467,347,125,99,1,-1,-1,-1
1838,983,467,347,125,99,1,-1,-1,-1
1839,983,467,347,125,99,1,-1,-1,-1
1840,983,467,346,126,98,1,-1,-1,-1
1841,983,467,347,125,99,1,-1,-1,-1
1842,983,467,347,125,99,1,-1,-1,-1
1843,983,467,346,125,99,1,-1,-1,-1
1844,983,467,347,125,99,1,-1,-1,-1
1845,983,467,346,125,100,1,-1,-1,-1
1846,983,466,347,125,100,1,-1,-1,-1
1847,983,466,348,125,98,1,-1,-1,-1
1848,983,466,347,125,99,1,-1,-1,-1
1849,983,467,347,125,100,1,-1,-1,-1
1850,983,467,347,125,100,1,-1,-1,-1
1851,983,467,347,125,99,1,-1,-1,-1
1852,983,467,347,125,99,1,-1,-1,-1
1853,983,467,347,125,99,1,-1,-1,-1
1854,983,467,347,125,99,1,-1,-1,-1
1855,983,467,347,125,99,1,-1,-1,-1
1856,983,467,347,125,99,1,-1,-1,-1
1857,983,467,347,125,99,1,-1,-1,-1
1858,983,467,347,125,99,1,-1,-1,-1
1859,983,467,347,125,99,1,-1,-1,-1
1860,983,466,347,125,99,1,-1,-1,-1
1861,983,467,347,123,100,1,-1,-1,-1
1862,983,467,347,123,99,1,-1,-1,-1
1863,983,467,347,123,99,1,-1,-1,-1
1864,983,467,347,123,100,1,-1,-1,-1
1865,983,467,347,123,100,1,-1,-1,-1
1866,983,467,347,124,100,1,-1,-1,-1
1867,983,468,346,125,99,1,-1,-1,-1
1868,983,469,347,123,99,1,-1,-1,-1
1869,983,468,347,123,99,1,-1,-1,-1
1870,983,468,346,125,99,1,-1,-1,-1
1871,983,468,347,124,99,1,-1,-1,-1
1872,983,467,347,124,99,1,-1,-1,-1
1873,983,467,347,124,99,1,-1,-1,-1
1874,983,467,348,124,99,1,-1,-1,-1
1875,983,467,348,124,99,1,-1,-1,-1
1876,983,467,348,124,99,1,-1,-1,-1
1877,983,467,348,123,98,1,-1,-1,-1
1878,983,467,348,124,99,1,-1,-1,-1
1879,983,467,347,124,99,1,-1,-1,-1
1880,983,468,347,124,99,1,-1,-1,-1
1881,983,468,347,125,99,1,-1,-1,-1
1882,983,468,347,125,99,1,-1,-1,-1
1883,983,468,347,125,98,1,-1,-1,-1
1884,983,467,347,125,99,1,-1,-1,-1
1885,983,467,346,126,98,1,-1,-1,-1
1886,983,467,346,127,99,1,-1,-1,-1
1887,983,467,346,126,98,1,-1,-1,-1
1888,983,467,346,126,99,1,-1,-1,-1
1889,983,467,346,126,99,1,-1,-1,-1
1890,983,467,346,126,99,1,-1,-1,-1
1891,983,468,347,123,98,1,-1,-1,-1
1892,983,468,347,123,98,1,-1,-1,-1
1893,983,467,345,126,99,1,-1,-1,-1
1894,983,467,345,127,100,1,-1,-1,-1
1895,983,467,346,126,99,1,-1,-1,-1
1896,983,467,346,124,100,1,-1,-1,-1
1897,983,467,345,126,100,1,-1,-1,-1
1898,983,468,346,123,100,1,-1,-1,-1
1899,983,468,346,123,100,1,-1,-1,-1
1900,983,467,347,125,100,1,-1,-1,-1
1901,983,467,347,124,100,1,-1,-1,-1
1902,983,467,347,124,100,1,-1,-1,-1
1903,983,467,348,123,99,1,-1,-1,-1
1904,983,467,348,124,99,1,-1,-1,-1
1905,983,467,347,124,100,1,-1,-1,-1
1906,983,467,347,124,100,1,-1,-1,-1
1907,983,467,347,124,99,1,-1,-1,-1
1908,983,468,347,124,100,1,-1,-1,-1
1909,983,466,346,125,100,1,-1,-1,-1
1910,983,466,347,126,100,1,-1,-1,-1
1911,983,467,348,125,98,1,-1,-1,-1
1912,983,466,348,124,98,1,-1,-1,-1
1913,983,466,348,124,99,1,-1,-1,-1
1914,983,466,348,124,98,1,-1,-1,-1
1915,983,466,349,123,97,1,-1,-1,-1
1916,983,466,349,123,97,1,-1,-1,-1
1917,983,467,349,122,97,1,-1,-1,-1
1918,983,466,348,125,99,1,-1,-1,-1
1919,983,467,347,125,100,1,-1,-1,-1
1920,983,466,347,126,100,1,-1,-1,-1
1921,983,467,347,125,99,1,-1,-1,-1
1922,983,467,347,124,99,1,-1,-1,-1
1923,983,467,347,125,99,1,-1,-1,-1
1924,983,467,347,125,99,1,-1,-1,-1
1925,983,467,347,124,99,1,-1,-1,-1
1926,983,467,348,123,97,1,-1,-1,-1
1927,983,467,349,123,97,1,-1,-1,-1
1928,983,467,349,123,97,1,-1,-1,-1
1929,983,467,349,123,97,1,-1,-1,-1
1930,983,467,349,123,97,1,-1,-1,-1
1931,983,467,349,123,97,1,-1,-1,-1
1932,983,467,349,123,98,1,-1,-1,-1
1933,983,467,347,124,99,1,-1,-1,-1
1934,983,467,347,125,99,1,-1,-1,-1
1935,983,467,347,125,98,1,-1,-1,-1
1936,983,467,347,125,98,1,-1,-1,-1
1937,983,467,347,124,99,1,-1,-1,-1
1938,983,468,348,123,97,1,-1,-1,-1
1939,983,468,348,122,97,1,-1,-1,-1
1940,983,468,348,122,97,1,-1,-1,-1
1941,983,467,348,122,97,1,-1,-1,-1
1942,983,467,348,122,97,1,-1,-1,-1
1943,983,468,348,121,97,1,-1,-1,-1
1944,983,467,348,123,97,1,-1,-1,-1
1945,983,468,348,122,97,1,-1,-1,-1
1946,983,468,348,122,98,1,-1,-1,-1
1947,983,468,348,122,98,1,-1,-1,-1
1948,983,468,347,123,98,1,-1,-1,-1
1949,983,468,348,123,97,1,-1,-1,-1
1950,983,468,347,124,98,1,-1,-1,-1
1951,983,468,347,124,99,1,-1,-1,-1
1952,983,468,347,123,98,1,-1,-1,-1
1953,983,468,347,123,98,1,-1,-1,-1
1954,983,468,348,123,97,1,-1,-1,-1
1955,983,468,349,122,97,1,-1,-1,-1
1956,983,467,349,121,97,1,-1,-1,-1
1957,983,468,349,121,96,1,-1,-1,-1
1958,983,467,349,121,96,1,-1,-1,-1
1959,983,468,349,121,96,1,-1,-1,-1
1960,983,467,349,122,96,1,-1,-1,-1
1961,983,468,349,122,96,1,-1,-1,-1
1962,983,468,348,123,96,1,-1,-1,-1
1963,983,467,346,126,97,1,-1,-1,-1
1964,983,467,346,126,97,1,-1,-1,-1
1965,983,468,346,126,97,1,-1,-1,-1
1966,983,467,347,124,98,1,-1,-1,-1
1967,983,468,347,124,98,1,-1,-1,-1
1968,983,468,348,124,98,1,-1,-1,-1
1969,983,467,348,124,98,1,-1,-1,-1
1970,983,467,349,123,97,1,-1,-1,-1
1971,983,468,349,122,96,1,-1,-1,-1
1972,983,468,349,122,96,1,-1,-1,-1
1973,983,468,349,121,96,1,-1,-1,-1
1974,983,468,348,123,97,1,-1,-1,-1
1975,983,467,348,123,97,1,-1,-1,-1
1976,983,468,347,123,99,1,-1,-1,-1
1977,983,468,347,123,98,1,-1,-1,-1
1978,983,468,347,124,99,1,-1,-1,-1
1979,983,468,346,125,98,1,-1,-1,-1
1980,983,468,347,124,99,1,-1,-1,-1
1981,983,467,346,126,98,1,-1,-1,-1
1982,983,467,346,126,99,1,-1,-1,-1
1983,983,468,347,124,99,1,-1,-1,-1
1984,983,467,347,123,99,1,-1,-1,-1
1985,983,468,348,122,98,1,-1,-1,-1
1986,983,467,347,123,99,1,-1,-1,-1
1987,983,467,347,123,100,1,-1,-1,-1
1988,983,468,347,123,99,1,-1,-1,-1
1989,983,468,348,123,98,1,-1,-1,-1
1990,983,468,348,124,98,1,-1,-1,-1
1991,983,468,347,124,97,1,-1,-1,-1
1992,983,467,347,125,99,1,-1,-1,-1
1993,983,467,347,125,99,1,-1,-1,-1
1994,983,467,347,125,99,1,-1,-1,-1
1995,983,467,347,125,99,1,-1,-1,-1
1996,983,467,347,125,99,1,-1,-1,-1
1997,983,467,347,125,99,1,-1,-1,-1
1998,983,468,347,124,99,1,-1,-1,-1
1999,983,467,347,124,99,1,-1,-1,-1
2000,983,467,348,124,99,1,-1,-1,-1
2001,983,467,347,124,99,1,-1,-1,-1
2002,983,468,347,124,99,1,-1,-1,-1
2003,983,468,347,124,99,1,-1,-1,-1
2004,983,467,347,125,99,1,-1,-1,-1
2005,983,468,347,124,99,1,-1,-1,-1
2006,983,468,347,124,99,1,-1,-1,-1
2007,983,468,347,124,99,1,-1,-1,-1
2008,983,468,347,125,99,1,-1,-1,-1
2009,983,468,347,125,99,1,-1,-1,-1
2010,983,467,347,125,99,1,-1,-1,-1
2011,983,467,347,125,99,1,-1,-1,-1
2012,983,467,347,125,99,1,-1,-1,-1
2013,983,467,348,125,99,1,-1,-1,-1
2014,983,467,348,125,99,1,-1,-1,-1
2015,983,466,347,125,100,1,-1,-1,-1
2016,983,466,347,125,100,1,-1,-1,-1
2017,983,466,347,125,99,1,-1,-1,-1
2018,983,467,347,125,99,1,-1,-1,-1
2019,983,467,348,125,99,1,-1,-1,-1
2020,983,467,348,125,99,1,-1,-1,-1
2021,983,468,348,125,99,1,-1,-1,-1
2022,983,468,348,125,98,1,-1,-1,-1
2023,983,468,347,124,99,1,-1,-1,-1
2024,983,468,347,125,99,1,-1,-1,-1
2025,983,467,348,125,99,1,-1,-1,-1
2026,983,467,348,124,99,1,-1,-1,-1
2027,983,467,348,125,99,1,-1,-1,-1
2028,983,467,348,124,99,1,-1,-1,-1
2029,983,468,349,122,97,1,-1,-1,-1
2030,983,468,349,122,97,1,-1,-1,-1
2031,983,467,348,123,99,1,-1,-1,-1
2032,983,466,347,125,99,1,-1,-1,-1
2033,983,467,348,125,98,1,-1,-1,-1
2034,983,467,348,124,98,1,-1,-1,-1
2035,983,468,347,124,99,1,-1,-1,-1
2036,983,468,347,124,99,1,-1,-1,-1
2037,983,467,345,127,100,1,-1,-1,-1
2038,983,468,346,125,100,1,-1,-1,-1
2039,983,467,346,126,100,1,-1,-1,-1
2040,983,467,348,125,99,1,-1,-1,-1
2041,983,468,348,122,99,1,-1,-1,-1
2042,983,468,348,122,98,1,-1,-1,-1
2043,983,467,349,122,98,1,-1,-1,-1
2044,983,467,349,122,98,1,-1,-1,-1
2045,983,467,349,123,98,1,-1,-1,-1
2046,983,467,349,122,98,1,-1,-1,-1
2047,983,467,348,124,99,1,-1,-1,-1
2048,983,467,348,124,98,1,-1,-1,-1
2049,983,467,347,124,99,1,-1,-1,-1
2050,983,467,347,124,99,1,-1,-1,-1
2051,983,467,348,125,98,1,-1,-1,-1
2052,983,467,348,125,98,1,-1,-1,-1
2053,983,467,348,125,98,1,-1,-1,-1
2054,983,467,348,124,98,1,-1,-1,-1
2055,983,467,349,122,97,1,-1,-1,-1
2056,983,467,349,122,98,1,-1,-1,-1
2057,983,467,349,122,99,1,-1,-1,-1
2058,983,467,349,122,98,1,-1,-1,-1
2059,983,467,349,122,98,1,-1,-1,-1
2060,983,467,349,122,97,1,-1,-1,-1
2061,983,468,348,121,97,1,-1,-1,-1
2062,983,468,348,123,98,1,-1,-1,-1
2063,983,467,348,124,99,1,-1,-1,-1
2064,983,468,348,123,98,1,-1,-1,-1
2065,983,468,347,123,99,1,-1,-1,-1
2066,983,467,348,122,98,1,-1,-1,-1
2067,983,467,349,122,98,1,-1,-1,-1
2068,983,465,348,119,101,1,-1,-1,-1
2069,983,464,348,120,100,1,-1,-1,-1
2070,983,463,347,125,101,1,-1,-1,-1
2071,983,462,348,124,100,1,-1,-1,-1
2072,983,462,349,122,100,1,-1,-1,-1
2073,983,460,351,123,99,1,-1,-1,-1
2074,983,459,352,124,99,1,-1,-1,-1
2075,983,457,352,127,101,1,-1,-1,-1
2076,983,456,352,128,100,1,-1,-1,-1
2077,983,454,355,128,100,1,-1,-1,-1
2078,983,451,355,129,106,1,-1,-1,-1
2079,983,447,358,128,104,1,-1,-1,-1
2080,983,443,361,131,102,1,-1,-1,-1
2081,983,439,363,134,103,1,-1,-1,-1
2082,983,435,366,136,106,1,-1,-1,-1
2083,983,430,369,137,106,1,-1,-1,-1
2084,983,425,371,140,108,1,-1,-1,-1
2085,983,420,376,139,110,1,-1,-1,-1
2086,983,412,378,143,110,1,-1,-1,-1
2087,983,406,382,145,113,1,-1,-1,-1
2088,983,399,387,146,112,1,-1,-1,-1
2089,983,390,389,152,118,1,-1,-1,-1
2090,983,384,395,151,117,1,-1,-1,-1
2091,983,374,400,157,121,1,-1,-1,-1
2092,983,364,407,161,119,1,-1,-1,-1
2093,983,353,411,166,127,1,-1,-1,-1
2094,983,343,417,167,130,1,-1,-1,-1
2095,983,330,423,173,137,1,-1,-1,-1
2096,983,319,430,176,138,1,-1,-1,-1
2097,983,303,439,182,143,1,-1,-1,-1
2098,983,288,448,188,143,1,-1,-1,-1
2099,983,274,457,190,150,1,-1,-1,-1
2100,983,256,465,197,157,1,-1,-1,-1
2101,983,237,477,204,157,1,-1,-1,-1
2102,983,217,489,211,165,1,-1,-1,-1
2103,983,197,502,218,171,1,-1,-1,-1
2104,983,174,515,227,179,1,-1,-1,-1
2105,983,149,530,237,188,1,-1,-1,-1
2106,983,116,548,253,196,1,-1,-1,-1
2107,983,87,550,263,224,1,-1,-1,-1
2108,983,52,583,278,228,1,-1,-1,-1
2109,983,15,591,290,253,1,-1,-1,-1
2110,983,0,616,279,267,1,-1,-1,-1
1511,984,927,181,21,26,1,-1,-1,-1
1512,984,927,181,22,26,1,-1,-1,-1
1513,984,926,181,22,26,1,-1,-1,-1
1514,984,927,182,21,26,1,-1,-1,-1
1515,984,927,182,22,26,1,-1,-1,-1
1516,984,927,182,21,26,1,-1,-1,-1
1517,984,927,182,21,26,1,-1,-1,-1
1518,984,927,182,21,26,1,-1,-1,-1
1519,984,927,182,22,26,1,-1,-1,-1
1520,984,927,181,23,26,1,-1,-1,-1
1521,984,927,181,25,26,1,-1,-1,-1
1522,984,927,180,25,27,1,-1,-1,-1
1523,984,927,181,24,27,1,-1,-1,-1
1524,984,927,181,24,26,1,-1,-1,-1
1525,984,926,180,24,27,1,-1,-1,-1
1526,984,926,180,23,27,1,-1,-1,-1
1527,984,927,180,22,28,1,-1,-1,-1
1529,984,927,181,22,26,1,-1,-1,-1
1548,984,927,181,27,26,1,-1,-1,-1
1551,984,926,178,27,27,1,-1,-1,-1
1552,984,925,178,30,28,1,-1,-1,-1
1553,984,925,178,32,28,1,-1,-1,-1
1554,984,925,178,29,28,1,-1,-1,-1
1556,984,926,179,26,28,1,-1,-1,-1
1557,984,925,179,28,28,1,-1,-1,-1
1558,984,925,179,28,29,1,-1,-1,-1
1559,984,925,179,28,28,1,-1,-1,-1
1560,984,925,179,28,28,1,-1,-1,-1
1561,984,926,180,25,27,1,-1,-1,-1
1562,984,926,180,26,27,1,-1,-1,-1
1563,984,926,180,25,26,1,-1,-1,-1
1564,984,926,180,26,27,1,-1,-1,-1
1565,984,926,178,25,28,1,-1,-1,-1
1566,984,926,178,24,29,1,-1,-1,-1
1567,984,926,179,24,28,1,-1,-1,-1
1568,984,926,179,24,28,1,-1,-1,-1
1569,984,925,177,24,30,1,-1,-1,-1
1571,984,924,174,23,33,1,-1,-1,-1
1572,984,924,175,23,33,1,-1,-1,-1
1573,984,925,175,22,33,1,-1,-1,-1
1574,984,926,176,21,31,1,-1,-1,-1
1575,984,926,177,22,30,1,-1,-1,-1
1576,984,925,177,22,30,1,-1,-1,-1
1577,984,924,177,23,29,1,-1,-1,-1
1578,984,924,176,23,30,1,-1,-1,-1
1579,984,924,175,24,31,1,-1,-1,-1
1580,984,924,175,23,31,1,-1,-1,-1
1597,984,924,177,21,30,1,-1,-1,-1
1519,987,0,689,100,134,1,-1,-1,-1
1520,987,0,683,179,147,1,-1,-1,-1
1521,987,0,650,258,176,1,-1,-1,-1
1522,987,1,644,344,179,1,-1,-1,-1
1523,987,0,637,432,195,1,-1,-1,-1
1524,987,0,632,523,197,1,-1,-1,-1
1525,987,46,626,569,201,1,-1,-1,-1
1526,987,143,622,569,201,1,-1,-1,-1
1527,987,237,614,573,200,1,-1,-1,-1
1528,987,337,610,573,197,1,-1,-1,-1
1529,987,438,605,571,197,1,-1,-1,-1
1530,987,542,598,569,196,1,-1,-1,-1
1531,987,647,593,566,194,1,-1,-1,-1
1532,987,752,585,561,195,1,-1,-1,-1
1533,987,859,579,555,194,1,-1,-1,-1
1534,987,963,577,547,186,1,-1,-1,-1
1535,987,1068,570,534,187,1,-1,-1,-1
1536,987,1179,564,517,184,1,-1,-1,-1
1537,987,1279,560,506,180,1,-1,-1,-1
1538,987,1378,558,492,174,1,-1,-1,-1
1539,987,1479,555,440,170,1,-1,-1,-1
1540,987,1573,553,346,166,1,-1,-1,-1
1541,987,1665,544,255,170,1,-1,-1,-1
1542,987,1756,542,163,161,1,-1,-1,-1
1524,989,0,610,103,108,1,-1,-1,-1
1525,989,1,600,157,120,1,-1,-1,-1
1526,989,0,574,210,139,1,-1,-1,-1
1527,989,0,564,267,147,1,-1,-1,-1
1528,989,0,559,322,154,1,-1,-1,-1
1529,989,0,554,379,167,1,-1,-1,-1
1530,989,0,550,434,161,1,-1,-1,-1
1531,989,33,542,457,162,1,-1,-1,-1
1532,989,92,532,458,164,1,-1,-1,-1
1533,989,153,528,451,162,1,-1,-1,-1
1534,989,213,520,448,163,1,-1,-1,-1
1535,989,270,513,443,160,1,-1,-1,-1
1536,989,332,507,434,157,1,-1,-1,-1
1537,989,390,501,425,154,1,-1,-1,-1
1538,989,446,491,417,154,1,-1,-1,-1
1539,989,502,486,406,151,1,-1,-1,-1
1540,989,558,477,393,149,1,-1,-1,-1
1541,989,614,470,378,148,1,-1,-1,-1
1542,989,667,462,367,146,1,-1,-1,-1
1543,989,718,459,350,137,1,-1,-1,-1
1544,989,766,452,339,135,1,-1,-1,-1
1545,989,812,442,324,137,1,-1,-1,-1
1546,989,861,436,306,131,1,-1,-1,-1
1547,989,901,428,293,132,1,-1,-1,-1
1548,989,942,422,276,129,1,-1,-1,-1
1549,989,979,417,263,125,1,-1,-1,-1
1550,989,1013,412,253,122,1,-1,-1,-1
1551,989,1050,407,235,116,1,-1,-1,-1
1552,989,1081,402,222,114,1,-1,-1,-1
1553,989,1112,394,207,113,1,-1,-1,-1
1554,989,1139,389,198,110,1,-1,-1,-1
1555,989,1162,384,187,109,1,-1,-1,-1
1556,989,1184,377,175,107,1,-1,-1,-1
1557,989,1204,374,167,100,1,-1,-1,-1
1558,989,1223,369,157,100,1,-1,-1,-1
1559,989,1239,366,145,96,1,-1,-1,-1
1560,989,1253,359,136,95,1,-1,-1,-1
1561,989,1265,357,129,91,1,-1,-1,-1
1562,989,1276,352,123,88,1,-1,-1,-1
1563,989,1284,347,119,87,1,-1,-1,-1
1564,989,1291,342,115,85,1,-1,-1,-1
1565,989,1296,337,108,85,1,-1,-1,-1
1566,989,1300,334,102,84,1,-1,-1,-1
1567,989,1306,329,95,81,1,-1,-1,-1
1568,989,1307,326,96,78,1,-1,-1,-1
1569,989,1308,321,93,81,1,-1,-1,-1
1570,989,1308,317,92,79,1,-1,-1,-1
1571,989,1306,316,91,72,1,-1,-1,-1
1572,989,1303,312,91,71,1,-1,-1,-1
1573,989,1302,308,91,69,1,-1,-1,-1
1574,989,1298,306,92,68,1,-1,-1,-1
1575,989,1296,303,90,67,1,-1,-1,-1
1576,989,1289,300,91,66,1,-1,-1,-1
1577,989,1287,296,91,63,1,-1,-1,-1
1578,989,1282,293,90,61,1,-1,-1,-1
1579,989,1276,290,90,61,1,-1,-1,-1
1580,989,1270,288,89,60,1,-1,-1,-1
1581,989,1264,283,88,60,1,-1,-1,-1
1582,989,1258,283,88,57,1,-1,-1,-1
1583,989,1253,281,87,54,1,-1,-1,-1
1584,989,1248,276,84,58,1,-1,-1,-1
1585,989,1242,273,85,56,1,-1,-1,-1
1586,989,1237,271,82,54,1,-1,-1,-1
1587,989,1232,268,79,54,1,-1,-1,-1
1588,989,1226,266,79,53,1,-1,-1,-1
1589,989,1220,263,78,54,1,-1,-1,-1
1590,989,1214,261,79,52,1,-1,-1,-1
1591,989,1208,258,76,51,1,-1,-1,-1
1592,989,1204,256,75,49,1,-1,-1,-1
1593,989,1200,255,72,48,1,-1,-1,-1
1594,989,1197,254,69,46,1,-1,-1,-1
1595,989,1190,252,69,45,1,-1,-1,-1
1596,989,1184,249,69,45,1,-1,-1,-1
1597,989,1177,245,68,47,1,-1,-1,-1
1598,989,1171,245,69,45,1,-1,-1,-1
1599,989,1167,244,69,43,1,-1,-1,-1
1600,989,1163,242,67,42,1,-1,-1,-1
1601,989,1159,239,64,43,1,-1,-1,-1
1602,989,1153,237,62,42,1,-1,-1,-1
1603,989,1151,237,61,40,1,-1,-1,-1
1604,989,1148,234,59,42,1,-1,-1,-1
1605,989,1143,234,60,40,1,-1,-1,-1
1606,989,1139,232,57,41,1,-1,-1,-1
1607,989,1135,231,57,40,1,-1,-1,-1
1608,989,1131,227,57,41,1,-1,-1,-1
1609,989,1128,227,54,38,1,-1,-1,-1
1610,989,1125,226,52,37,1,-1,-1,-1
1611,989,1121,225,52,37,1,-1,-1,-1
1612,989,1117,225,51,33,1,-1,-1,-1
1613,989,1110,223,54,35,1,-1,-1,-1
1614,989,1107,222,52,33,1,-1,-1,-1
1615,989,1104,220,50,33,1,-1,-1,-1
1616,989,1103,221,48,32,1,-1,-1,-1
1617,989,1099,220,47,32,1,-1,-1,-1
1618,989,1096,219,48,32,1,-1,-1,-1
1619,989,1093,217,48,33,1,-1,-1,-1
1620,989,1091,215,46,33,1,-1,-1,-1
1621,989,1087,213,45,32,1,-1,-1,-1
1622,989,1084,212,45,33,1,-1,-1,-1
1623,989,1079,212,49,32,1,-1,-1,-1
1624,989,1078,210,42,31,1,-1,-1,-1
1625,989,1073,210,45,32,1,-1,-1,-1
1626,989,1071,210,43,30,1,-1,-1,-1
1627,989,1068,209,42,29,1,-1,-1,-1
1628,989,1066,208,42,31,1,-1,-1,-1
1629,989,1063,208,42,29,1,-1,-1,-1
1630,989,1061,208,41,27,1,-1,-1,-1
1631,989,1060,206,40,30,1,-1,-1,-1
1632,989,1058,205,39,26,1,-1,-1,-1
1633,989,1056,206,38,26,1,-1,-1,-1
1634,989,1053,204,39,28,1,-1,-1,-1
1635,989,1049,205,40,28,1,-1,-1,-1
1636,989,1048,204,39,27,1,-1,-1,-1
1637,989,1048,204,37,26,1,-1,-1,-1
1638,989,1043,203,38,27,1,-1,-1,-1
1639,989,1040,201,39,30,1,-1,-1,-1
1640,989,1039,201,37,29,1,-1,-1,-1
1641,989,1039,201,34,26,1,-1,-1,-1
1642,989,1038,201,35,26,1,-1,-1,-1
1643,989,1036,201,35,27,1,-1,-1,-1
1644,989,1034,201,34,27,1,-1,-1,-1
1645,989,1031,199,35,27,1,-1,-1,-1
1646,989,1029,197,35,28,1,-1,-1,-1
1647,989,1028,197,35,25,1,-1,-1,-1
1648,989,1027,196,33,27,1,-1,-1,-1
1649,989,1026,196,34,28,1,-1,-1,-1
1650,989,1025,196,33,28,1,-1,-1,-1
1651,989,1023,196,32,27,1,-1,-1,-1
1652,989,1021,195,31,28,1,-1,-1,-1
1653,989,1018,194,31,28,1,-1,-1,-1
1654,989,1015,194,34,29,1,-1,-1,-1
1655,989,1015,196,31,28,1,-1,-1,-1
1656,989,1015,193,28,27,1,-1,-1,-1
1657,989,1013,192,30,27,1,-1,-1,-1
1658,989,1013,192,29,27,1,-1,-1,-1
1659,989,1009,193,32,25,1,-1,-1,-1
1660,989,1007,193,34,26,1,-1,-1,-1
1661,989,1006,194,33,24,1,-1,-1,-1
1662,989,1005,192,33,25,1,-1,-1,-1
1663,989,1005,191,30,25,1,-1,-1,-1
1664,989,1003,190,30,24,1,-1,-1,-1
1665,989,1003,189,26,25,1,-1,-1,-1
1666,989,1001,191,28,24,1,-1,-1,-1
1667,989,1001,189,23,25,1,-1,-1,-1
1668,989,999,190,25,25,1,-1,-1,-1
1669,989,997,191,27,25,1,-1,-1,-1
1670,989,996,191,26,25,1,-1,-1,-1
1671,989,996,190,24,24,1,-1,-1,-1
1672,989,995,189,25,24,1,-1,-1,-1
1673,989,993,189,26,23,1,-1,-1,-1
1674,989,991,189,26,23,1,-1,-1,-1
1675,989,991,190,25,22,1,-1,-1,-1
1676,989,989,189,27,22,1,-1,-1,-1
1677,989,990,189,24,22,1,-1,-1,-1
1681,989,983,188,26,24,1,-1,-1,-1
1682,989,982,188,27,24,1,-1,-1,-1
1684,989,978,187,25,23,1,-1,-1,-1
1685,989,977,187,24,23,1,-1,-1,-1
1686,989,976,186,24,23,1,-1,-1,-1
1688,989,976,187,23,24,1,-1,-1,-1
1551,992,881,294,96,57,1,-1,-1,-1
1552,992,881,294,96,58,1,-1,-1,-1
1553,992,882,294,93,55,1,-1,-1,-1
1554,992,882,294,94,55,1,-1,-1,-1
1555,992,881,296,96,53,1,-1,-1,-1
1556,992,882,296,97,54,1,-1,-1,-1
1557,992,882,296,97,54,1,-1,-1,-1
1560,992,881,295,96,53,1,-1,-1,-1
1566,992,882,295,92,51,1,-1,-1,-1
1567,992,882,295,92,52,1,-1,-1,-1
1569,992,881,296,95,54,1,-1,-1,-1
1586,992,881,295,96,56,1,-1,-1,-1
1624,993,790,190,24,23,1,-1,-1,-1
1625,993,788,190,25,23,1,-1,-1,-1
1626,993,786,190,26,24,1,-1,-1,-1
1627,993,786,192,25,23,1,-1,-1,-1
1628,993,786,192,25,24,1,-1,-1,-1
1629,993,785,193,26,23,1,-1,-1,-1
1631,993,784,190,28,23,1,-1,-1,-1
1632,993,784,191,28,24,1,-1,-1,-1
1633,993,784,190,28,24,1,-1,-1,-1
1634,993,782,191,29,25,1,-1,-1,-1
1635,993,781,191,32,25,1,-1,-1,-1
1636,993,779,191,31,25,1,-1,-1,-1
1637,993,778,192,29,25,1,-1,-1,-1
1638,993,777,192,32,26,1,-1,-1,-1
1639,993,776,192,31,27,1,-1,-1,-1
1640,993,776,192,31,28,1,-1,-1,-1
1641,993,775,191,31,29,1,-1,-1,-1
1642,993,776,191,31,30,1,-1,-1,-1
1643,993,775,192,31,28,1,-1,-1,-1
1644,993,775,192,30,29,1,-1,-1,-1
1645,993,775,193,31,29,1,-1,-1,-1
1646,993,774,194,31,28,1,-1,-1,-1
1647,993,774,194,30,28,1,-1,-1,-1
1648,993,773,194,31,28,1,-1,-1,-1
1649,993,772,195,31,28,1,-1,-1,-1
1650,993,771,196,32,30,1,-1,-1,-1
1651,993,771,195,33,28,1,-1,-1,-1
1652,993,770,199,32,26,1,-1,-1,-1
1653,993,770,197,32,27,1,-1,-1,-1
1654,993,768,197,33,27,1,-1,-1,-1
1655,993,767,199,32,26,1,-1,-1,-1
1656,993,766,199,31,27,1,-1,-1,-1
1657,993,766,196,33,30,1,-1,-1,-1
1658,993,765,196,34,30,1,-1,-1,-1
1659,993,763,197,35,28,1,-1,-1,-1
1660,993,762,197,37,28,1,-1,-1,-1
1661,993,761,198,36,28,1,-1,-1,-1
1662,993,761,198,35,29,1,-1,-1,-1
1663,993,761,198,35,29,1,-1,-1,-1
1664,993,757,198,37,30,1,-1,-1,-1
1665,993,757,199,38,29,1,-1,-1,-1
1666,993,756,201,40,29,1,-1,-1,-1
1667,993,754,199,38,31,1,-1,-1,-1
1668,993,753,199,40,31,1,-1,-1,-1
1669,993,754,199,40,31,1,-1,-1,-1
1670,993,753,200,41,32,1,-1,-1,-1
1671,993,751,200,38,32,1,-1,-1,-1
1672,993,749,201,39,31,1,-1,-1,-1
1673,993,748,201,43,32,1,-1,-1,-1
1674,993,748,201,44,33,1,-1,-1,-1
1675,993,749,201,44,35,1,-1,-1,-1
1676,993,747,201,46,35,1,-1,-1,-1
1677,993,745,203,45,32,1,-1,-1,-1
1678,993,743,205,46,32,1,-1,-1,-1
1679,993,742,206,45,32,1,-1,-1,-1
1680,993,741,207,42,33,1,-1,-1,-1
1681,993,740,206,41,34,1,-1,-1,-1
1682,993,738,206,43,37,1,-1,-1,-1
1683,993,737,208,43,35,1,-1,-1,-1
1684,993,737,207,41,36,1,-1,-1,-1
1685,993,734,206,43,39,1,-1,-1,-1
1686,993,733,208,43,38,1,-1,-1,-1
1687,993,731,208,45,38,1,-1,-1,-1
1688,993,730,208,46,39,1,-1,-1,-1
1689,993,727,209,47,40,1,-1,-1,-1
1690,993,725,210,48,39,1,-1,-1,-1
1691,993,723,210,49,39,1,-1,-1,-1
1692,993,723,210,46,41,1,-1,-1,-1
1693,993,720,212,48,38,1,-1,-1,-1
1694,993,719,213,48,39,1,-1,-1,-1
1695,993,716,214,50,40,1,-1,-1,-1
1696,993,715,215,50,40,1,-1,-1,-1
1697,993,713,215,50,41,1,-1,-1,-1
1698,993,713,216,50,42,1,-1,-1,-1
1699,993,709,218,53,40,1,-1,-1,-1
1700,993,707,217,51,42,1,-1,-1,-1
1701,993,704,218,54,43,1,-1,-1,-1
1702,993,703,220,53,43,1,-1,-1,-1
1703,993,700,220,55,44,1,-1,-1,-1
1704,993,698,219,57,46,1,-1,-1,-1
1705,993,696,222,56,44,1,-1,-1,-1
1706,993,694,222,58,46,1,-1,-1,-1
1707,993,693,223,58,46,1,-1,-1,-1
1708,993,691,224,56,47,1,-1,-1,-1
1709,993,687,224,59,48,1,-1,-1,-1
1710,993,687,224,57,48,1,-1,-1,-1
1711,993,685,223,60,51,1,-1,-1,-1
1712,993,683,225,60,49,1,-1,-1,-1
1713,993,680,225,61,50,1,-1,-1,-1
1714,993,678,225,62,52,1,-1,-1,-1
1715,993,676,228,59,49,1,-1,-1,-1
1716,993,676,225,60,53,1,-1,-1,-1
1717,993,674,229,60,51,1,-1,-1,-1
1718,993,671,229,61,53,1,-1,-1,-1
1719,993,670,232,61,50,1,-1,-1,-1
1720,993,668,233,62,52,1,-1,-1,-1
1721,993,666,234,62,52,1,-1,-1,-1
1722,993,665,235,63,54,1,-1,-1,-1
1723,993,662,237,63,52,1,-1,-1,-1
1724,993,660,236,65,55,1,-1,-1,-1
1725,993,658,239,64,52,1,-1,-1,-1
1726,993,658,239,63,54,1,-1,-1,-1
1727,993,655,240,65,54,1,-1,-1,-1
1728,993,654,242,64,54,1,-1,-1,-1
1729,993,651,242,67,55,1,-1,-1,-1
1730,993,648,243,68,55,1,-1,-1,-1
1731,993,647,243,69,58,1,-1,-1,-1
1732,993,644,246,70,56,1,-1,-1,-1
1733,993,643,245,69,58,1,-1,-1,-1
1734,993,640,247,72,58,1,-1,-1,-1
1735,993,639,246,72,60,1,-1,-1,-1
1736,993,636,247,73,60,1,-1,-1,-1
1737,993,635,248,72,61,1,-1,-1,-1
1738,993,634,250,73,60,1,-1,-1,-1
1739,993,631,250,74,62,1,-1,-1,-1
1740,993,629,250,75,63,1,-1,-1,-1
1741,993,628,252,76,63,1,-1,-1,-1
1742,993,626,252,76,64,1,-1,-1,-1
1743,993,626,254,75,64,1,-1,-1,-1
1744,993,623,254,76,64,1,-1,-1,-1
1745,993,621,256,77,64,1,-1,-1,-1
1746,993,621,255,76,65,1,-1,-1,-1
1747,993,618,259,77,63,1,-1,-1,-1
1748,993,618,259,77,64,1,-1,-1,-1
1749,993,615,258,78,68,1,-1,-1,-1
1750,993,614,260,77,67,1,-1,-1,-1
1751,993,611,260,80,68,1,-1,-1,-1
1752,993,609,262,79,67,1,-1,-1,-1
1753,993,607,262,81,69,1,-1,-1,-1
1754,993,606,264,81,69,1,-1,-1,-1
1755,993,604,267,82,68,1,-1,-1,-1
1756,993,602,264,84,72,1,-1,-1,-1
1757,993,601,266,85,73,1,-1,-1,-1
1758,993,598,267,87,74,1,-1,-1,-1
1759,993,598,267,87,76,1,-1,-1,-1
1760,993,596,267,85,76,1,-1,-1,-1
1761,993,595,268,86,76,1,-1,-1,-1
1762,993,594,269,86,76,1,-1,-1,-1
1763,993,591,269,87,77,1,-1,-1,-1
1764,993,590,270,88,78,1,-1,-1,-1
1765,993,586,272,90,78,1,-1,-1,-1
1766,993,585,271,90,81,1,-1,-1,-1
1767,993,583,273,91,81,1,-1,-1,-1
1768,993,581,273,89,82,1,-1,-1,-1
1769,993,580,274,90,82,1,-1,-1,-1
1770,993,578,277,89,81,1,-1,-1,-1
1771,993,577,276,89,82,1,-1,-1,-1
1772,993,575,277,91,83,1,-1,-1,-1
1773,993,573,281,92,81,1,-1,-1,-1
1774,993,572,281,93,82,1,-1,-1,-1
1775,993,570,281,94,83,1,-1,-1,-1
1776,993,570,282,94,84,1,-1,-1,-1
1777,993,569,284,93,84,1,-1,-1,-1
1778,993,566,283,94,86,1,-1,-1,-1
1779,993,563,284,96,85,1,-1,-1,-1
1780,993,561,286,97,84,1,-1,-1,-1
1781,993,558,286,98,87,1,-1,-1,-1
1782,993,557,287,99,86,1,-1,-1,-1
1783,993,555,291,98,85,1,-1,-1,-1
1784,993,554,289,100,88,1,-1,-1,-1
1785,993,552,291,101,88,1,-1,-1,-1
1786,993,553,293,98,88,1,-1,-1,-1
1787,993,549,294,101,87,1,-1,-1,-1
1788,993,546,293,105,89,1,-1,-1,-1
1789,993,544,291,105,90,1,-1,-1,-1
1790,993,545,293,102,90,1,-1,-1,-1
1791,993,545,295,101,89,1,-1,-1,-1
1792,993,542,295,105,89,1,-1,-1,-1
1793,993,544,295,102,90,1,-1,-1,-1
1794,993,543,295,102,92,1,-1,-1,-1
1795,993,542,296,102,90,1,-1,-1,-1
1796,993,541,297,102,90,1,-1,-1,-1
1797,993,541,297,101,92,1,-1,-1,-1
1798,993,541,298,101,92,1,-1,-1,-1
1799,993,541,296,101,95,1,-1,-1,-1
1800,993,541,297,101,95,1,-1,-1,-1
1801,993,539,299,103,94,1,-1,-1,-1
1802,993,538,301,103,92,1,-1,-1,-1
1803,993,538,301,103,93,1,-1,-1,-1
1804,993,537,300,104,95,1,-1,-1,-1
1805,993,538,300,103,95,1,-1,-1,-1
1806,993,539,299,102,96,1,-1,-1,-1
1807,993,538,302,101,94,1,-1,-1,-1
1808,993,537,301,101,95,1,-1,-1,-1
1809,993,537,303,101,93,1,-1,-1,-1
1810,993,537,305,101,91,1,-1,-1,-1
1811,993,538,303,101,95,1,-1,-1,-1
1812,993,538,305,100,94,1,-1,-1,-1
1813,993,538,306,100,94,1,-1,-1,-1
1814,993,538,307,100,94,1,-1,-1,-1
1815,993,537,306,101,94,1,-1,-1,-1
1816,993,537,306,100,94,1,-1,-1,-1
1817,993,538,307,100,92,1,-1,-1,-1
1818,993,537,307,100,90,1,-1,-1,-1
1819,993,538,307,100,90,1,-1,-1,-1
1820,993,536,308,102,90,1,-1,-1,-1
1821,993,537,308,101,91,1,-1,-1,-1
1822,993,537,308,101,91,1,-1,-1,-1
1823,993,537,308,101,90,1,-1,-1,-1
1824,993,537,309,101,90,1,-1,-1,-1
1825,993,536,308,101,90,1,-1,-1,-1
1826,993,537,308,101,90,1,-1,-1,-1
1827,993,536,308,102,90,1,-1,-1,-1
1828,993,537,308,101,90,1,-1,-1,-1
1829,993,537,308,101,90,1,-1,-1,-1
1830,993,537,308,101,90,1,-1,-1,-1
1831,993,537,307,101,91,1,-1,-1,-1
1832,993,537,307,101,91,1,-1,-1,-1
1833,993,537,307,100,91,1,-1,-1,-1
1834,993,537,307,100,91,1,-1,-1,-1
1835,993,538,307,100,91,1,-1,-1,-1
1836,993,537,307,100,91,1,-1,-1,-1
1837,993,537,308,100,90,1,-1,-1,-1
1838,993,537,307,100,91,1,-1,-1,-1
1839,993,537,308,101,90,1,-1,-1,-1
1840,993,537,308,100,90,1,-1,-1,-1
1841,993,537,307,101,91,1,-1,-1,-1
1842,993,538,307,99,91,1,-1,-1,-1
1843,993,538,306,99,92,1,-1,-1,-1
1844,993,538,307,100,91,1,-1,-1,-1
1845,993,538,307,100,90,1,-1,-1,-1
1846,993,538,308,99,91,1,-1,-1,-1
1847,993,537,308,100,91,1,-1,-1,-1
1848,993,538,308,99,91,1,-1,-1,-1
1849,993,538,307,98,93,1,-1,-1,-1
1850,993,538,308,99,91,1,-1,-1,-1
1851,993,537,307,100,91,1,-1,-1,-1
1852,993,537,307,100,91,1,-1,-1,-1
1853,993,537,307,100,90,1,-1,-1,-1
1854,993,537,306,101,92,1,-1,-1,-1
1855,993,537,306,101,92,1,-1,-1,-1
1856,993,537,306,101,92,1,-1,-1,-1
1857,993,537,307,101,91,1,-1,-1,-1
1858,993,537,307,100,90,1,-1,-1,-1
1859,993,537,308,100,90,1,-1,-1,-1
1860,993,537,308,100,90,1,-1,-1,-1
1861,993,537,307,99,93,1,-1,-1,-1
1862,993,536,307,100,92,1,-1,-1,-1
1863,993,537,307,101,91,1,-1,-1,-1
1864,993,537,307,101,91,1,-1,-1,-1
1865,993,537,309,100,90,1,-1,-1,-1
1866,993,536,308,101,90,1,-1,-1,-1
1867,993,537,308,100,89,1,-1,-1,-1
1868,993,538,307,99,92,1,-1,-1,-1
1869,993,538,307,99,91,1,-1,-1,-1
1870,993,538,307,99,91,1,-1,-1,-1
1871,993,537,307,100,90,1,-1,-1,-1
1872,993,537,307,101,92,1,-1,-1,-1
1873,993,537,306,100,92,1,-1,-1,-1
1874,993,538,307,99,92,1,-1,-1,-1
1875,993,538,307,100,91,1,-1,-1,-1
1876,993,537,307,100,91,1,-1,-1,-1
1877,993,537,307,100,91,1,-1,-1,-1
1878,993,538,307,100,92,1,-1,-1,-1
1879,993,537,308,100,91,1,-1,-1,-1
1880,993,538,307,99,91,1,-1,-1,-1
1881,993,538,305,100,94,1,-1,-1,-1
1882,993,538,306,100,91,1,-1,-1,-1
1883,993,538,306,100,91,1,-1,-1,-1
1884,993,538,306,100,90,1,-1,-1,-1
1885,993,538,308,99,90,1,-1,-1,-1
1886,993,538,308,99,90,1,-1,-1,-1
1887,993,538,308,99,90,1,-1,-1,-1
1888,993,538,307,100,91,1,-1,-1,-1
1889,993,538,306,100,91,1,-1,-1,-1
1890,993,538,307,100,91,1,-1,-1,-1
1891,993,538,308,100,90,1,-1,-1,-1
1892,993,538,308,100,90,1,-1,-1,-1
1893,993,538,307,100,91,1,-1,-1,-1
1894,993,538,307,100,90,1,-1,-1,-1
1895,993,538,307,100,90,1,-1,-1,-1
1896,993,537,307,101,91,1,-1,-1,-1
1897,993,537,307,100,90,1,-1,-1,-1
1898,993,537,307,100,91,1,-1,-1,-1
1899,993,538,307,100,91,1,-1,-1,-1
1900,993,538,307,100,91,1,-1,-1,-1
1901,993,538,306,100,92,1,-1,-1,-1
1902,993,538,306,100,92,1,-1,-1,-1
1903,993,538,307,100,92,1,-1,-1,-1
1904,993,538,307,100,92,1,-1,-1,-1
1905,993,538,307,100,92,1,-1,-1,-1
1906,993,538,307,100,92,1,-1,-1,-1
1907,993,537,306,101,91,1,-1,-1,-1
1908,993,537,306,101,91,1,-1,-1,-1
1909,993,537,306,100,92,1,-1,-1,-1
1910,993,537,307,100,92,1,-1,-1,-1
1911,993,537,307,100,91,1,-1,-1,-1
1912,993,538,307,100,91,1,-1,-1,-1
1913,993,537,307,100,91,1,-1,-1,-1
1914,993,538,308,99,91,1,-1,-1,-1
1915,993,537,306,100,93,1,-1,-1,-1
1916,993,538,307,99,91,1,-1,-1,-1
1917,993,538,308,99,90,1,-1,-1,-1
1918,993,537,307,100,91,1,-1,-1,-1
1919,993,537,309,100,89,1,-1,-1,-1
1920,993,537,309,100,89,1,-1,-1,-1
1921,993,537,307,100,90,1,-1,-1,-1
1922,993,537,307,100,89,1,-1,-1,-1
1923,993,537,307,100,91,1,-1,-1,-1
1924,993,537,308,100,90,1,-1,-1,-1
1925,993,537,308,100,89,1,-1,-1,-1
1926,993,537,308,100,90,1,-1,-1,-1
1927,993,537,308,99,90,1,-1,-1,-1
1928,993,537,308,99,90,1,-1,-1,-1
1929,993,537,308,99,91,1,-1,-1,-1
1930,993,537,308,99,91,1,-1,-1,-1
1931,993,537,308,100,91,1,-1,-1,-1
1932,993,537,308,100,90,1,-1,-1,-1
1933,993,537,308,101,90,1,-1,-1,-1
1934,993,538,307,100,91,1,-1,-1,-1
1935,993,538,307,100,91,1,-1,-1,-1
1936,993,538,307,100,91,1,-1,-1,-1
1937,993,537,307,101,91,1,-1,-1,-1
1938,993,537,307,100,91,1,-1,-1,-1
1939,993,537,307,100,91,1,-1,-1,-1
1940,993,538,307,100,92,1,-1,-1,-1
1941,993,538,306,98,93,1,-1,-1,-1
1942,993,537,306,98,93,1,-1,-1,-1
1943,993,537,306,98,93,1,-1,-1,-1
1944,993,537,306,99,93,1,-1,-1,-1
1945,993,536,307,101,92,1,-1,-1,-1
1946,993,537,307,100,92,1,-1,-1,-1
1947,993,536,306,101,92,1,-1,-1,-1
1948,993,536,305,101,93,1,-1,-1,-1
1949,993,536,305,101,93,1,-1,-1,-1
1950,993,536,305,101,92,1,-1,-1,-1
1951,993,538,306,99,91,1,-1,-1,-1
1952,993,537,306,100,92,1,-1,-1,-1
1953,993,538,307,100,91,1,-1,-1,-1
1954,993,537,307,100,91,1,-1,-1,-1
1955,993,537,307,101,91,1,-1,-1,-1
1956,993,537,307,101,91,1,-1,-1,-1
1957,993,536,308,101,91,1,-1,-1,-1
1958,993,537,308,101,91,1,-1,-1,-1
1959,993,536,307,101,91,1,-1,-1,-1
1960,993,536,307,101,91,1,-1,-1,-1
1961,993,537,305,100,93,1,-1,-1,-1
1962,993,537,307,100,91,1,-1,-1,-1
1963,993,536,306,100,91,1,-1,-1,-1
1964,993,536,306,101,91,1,-1,-1,-1
1965,993,536,306,101,91,1,-1,-1,-1
1966,993,537,306,101,92,1,-1,-1,-1
1967,993,536,306,101,91,1,-1,-1,-1
1968,993,536,306,101,92,1,-1,-1,-1
1969,993,536,307,101,91,1,-1,-1,-1
1970,993,536,308,100,91,1,-1,-1,-1
1971,993,537,307,100,92,1,-1,-1,-1
1972,993,537,307,100,92,1,-1,-1,-1
1973,993,537,307,100,92,1,-1,-1,-1
1974,993,537,308,101,91,1,-1,-1,-1
1975,993,537,308,100,91,1,-1,-1,-1
1976,993,537,306,101,92,1,-1,-1,-1
1977,993,537,306,101,92,1,-1,-1,-1
1978,993,537,306,101,92,1,-1,-1,-1
1979,993,537,306,101,92,1,-1,-1,-1
1980,993,537,306,101,92,1,-1,-1,-1
1981,993,537,306,101,91,1,-1,-1,-1
1982,993,537,306,101,91,1,-1,-1,-1
1983,993,537,306,101,92,1,-1,-1,-1
1984,993,536,306,101,92,1,-1,-1,-1
1985,993,537,306,101,92,1,-1,-1,-1
1986,993,536,306,101,92,1,-1,-1,-1
1987,993,536,306,102,92,1,-1,-1,-1
1988,993,536,305,102,93,1,-1,-1,-1
1989,993,536,306,101,92,1,-1,-1,-1
1990,993,537,305,101,92,1,-1,-1,-1
1991,993,538,306,100,91,1,-1,-1,-1
1992,993,538,306,100,91,1,-1,-1,-1
1993,993,538,306,100,92,1,-1,-1,-1
1994,993,538,306,100,92,1,-1,-1,-1
1995,993,538,306,100,92,1,-1,-1,-1
1996,993,538,306,100,92,1,-1,-1,-1
1997,993,539,307,99,91,1,-1,-1,-1
1998,993,538,307,100,91,1,-1,-1,-1
1999,993,537,307,101,91,1,-1,-1,-1
2000,993,537,308,100,90,1,-1,-1,-1
2001,993,537,309,100,89,1,-1,-1,-1
2002,993,537,308,100,89,1,-1,-1,-1
2003,993,538,308,100,89,1,-1,-1,-1
2004,993,538,308,101,89,1,-1,-1,-1
2005,993,537,307,101,90,1,-1,-1,-1
2006,993,537,307,101,90,1,-1,-1,-1
2007,993,538,307,100,90,1,-1,-1,-1
2008,993,538,307,100,91,1,-1,-1,-1
2009,993,538,307,100,92,1,-1,-1,-1
2010,993,537,307,100,91,1,-1,-1,-1
2011,993,536,307,101,91,1,-1,-1,-1
2012,993,536,306,102,92,1,-1,-1,-1
2013,993,536,307,102,91,1,-1,-1,-1
2014,993,536,307,102,91,1,-1,-1,-1
2015,993,537,307,101,91,1,-1,-1,-1
2016,993,537,307,101,91,1,-1,-1,-1
2017,993,536,307,102,91,1,-1,-1,-1
2018,993,537,306,101,94,1,-1,-1,-1
2019,993,538,304,100,95,1,-1,-1,-1
2020,993,538,304,100,95,1,-1,-1,-1
2021,993,537,306,101,91,1,-1,-1,-1
2022,993,537,306,101,91,1,-1,-1,-1
2023,993,536,306,102,90,1,-1,-1,-1
2024,993,537,306,101,92,1,-1,-1,-1
2025,993,537,306,101,92,1,-1,-1,-1
2026,993,537,307,101,91,1,-1,-1,-1
2027,993,537,307,101,91,1,-1,-1,-1
2028,993,537,308,101,91,1,-1,-1,-1
2029,993,538,308,99,91,1,-1,-1,-1
2030,993,538,308,99,91,1,-1,-1,-1
2031,993,538,305,100,95,1,-1,-1,-1
2032,993,537,305,100,95,1,-1,-1,-1
2033,993,537,307,101,91,1,-1,-1,-1
2034,993,537,307,101,91,1,-1,-1,-1
2035,993,537,306,101,92,1,-1,-1,-1
2036,993,537,307,101,91,1,-1,-1,-1
2037,993,537,307,101,90,1,-1,-1,-1
2038,993,537,307,101,92,1,-1,-1,-1
2039,993,537,307,101,90,1,-1,-1,-1
2040,993,537,308,101,91,1,-1,-1,-1
2041,993,535,307,102,92,1,-1,-1,-1
2042,993,535,308,102,91,1,-1,-1,-1
2043,993,536,308,101,91,1,-1,-1,-1
2044,993,536,308,101,91,1,-1,-1,-1
2045,993,536,308,101,91,1,-1,-1,-1
2046,993,536,307,101,92,1,-1,-1,-1
2047,993,537,307,100,91,1,-1,-1,-1
2048,993,537,306,101,92,1,-1,-1,-1
2049,993,537,306,101,92,1,-1,-1,-1
2050,993,537,306,101,92,1,-1,-1,-1
2051,993,536,306,102,91,1,-1,-1,-1
2052,993,536,306,102,91,1,-1,-1,-1
2053,993,536,308,102,91,1,-1,-1,-1
2054,993,536,307,101,91,1,-1,-1,-1
2055,993,536,307,100,91,1,-1,-1,-1
2056,993,536,307,100,92,1,-1,-1,-1
2057,993,537,306,99,92,1,-1,-1,-1
2058,993,537,306,99,92,1,-1,-1,-1
2059,993,537,306,99,92,1,-1,-1,-1
2060,993,537,307,99,92,1,-1,-1,-1
2061,993,538,305,99,94,1,-1,-1,-1
2062,993,538,306,99,93,1,-1,-1,-1
2063,993,538,305,100,94,1,-1,-1,-1
2064,993,537,305,100,94,1,-1,-1,-1
2065,993,538,305,99,94,1,-1,-1,-1
2066,993,537,305,100,95,1,-1,-1,-1
2067,993,538,305,99,94,1,-1,-1,-1
2068,993,538,305,99,95,1,-1,-1,-1
2069,993,538,306,97,95,1,-1,-1,-1
2070,993,536,305,99,95,1,-1,-1,-1
2071,993,537,305,99,95,1,-1,-1,-1
2072,993,536,306,99,95,1,-1,-1,-1
2073,993,536,306,99,94,1,-1,-1,-1
2074,993,535,305,100,95,1,-1,-1,-1
2075,993,534,305,102,94,1,-1,-1,-1
2076,993,533,307,104,94,1,-1,-1,-1
2077,993,534,304,104,95,1,-1,-1,-1
2078,993,534,304,104,96,1,-1,-1,-1
2079,993,534,305,105,94,1,-1,-1,-1
2080,993,530,306,106,94,1,-1,-1,-1
2081,993,531,305,103,96,1,-1,-1,-1
2082,993,530,307,104,96,1,-1,-1,-1
2083,993,528,308,106,94,1,-1,-1,-1
2084,993,527,308,108,94,1,-1,-1,-1
2085,993,527,310,108,93,1,-1,-1,-1
2086,993,526,307,108,97,1,-1,-1,-1
2087,993,526,307,108,97,1,-1,-1,-1
2088,993,526,307,109,99,1,-1,-1,-1
2089,993,526,308,108,98,1,-1,-1,-1
2090,993,526,310,107,96,1,-1,-1,-1
2091,993,524,313,108,94,1,-1,-1,-1
2092,993,524,313,109,95,1,-1,-1,-1
2093,993,521,310,113,99,1,-1,-1,-1
2094,993,520,314,112,98,1,-1,-1,-1
2095,993,519,313,111,100,1,-1,-1,-1
2096,993,515,315,113,101,1,-1,-1,-1
2097,993,514,316,112,100,1,-1,-1,-1
2098,993,512,316,112,101,1,-1,-1,-1
2099,993,510,316,115,103,1,-1,-1,-1
2100,993,507,316,115,106,1,-1,-1,-1
2101,993,506,318,116,104,1,-1,-1,-1
2102,993,505,326,115,98,1,-1,-1,-1
2103,993,503,322,118,105,1,-1,-1,-1
2104,993,501,323,118,105,1,-1,-1,-1
2105,993,497,326,122,105,1,-1,-1,-1
2106,993,494,327,121,106,1,-1,-1,-1
2107,993,492,328,123,107,1,-1,-1,-1
2108,993,488,327,126,112,1,-1,-1,-1
2109,993,483,334,125,108,1,-1,-1,-1
2110,993,481,333,126,112,1,-1,-1,-1
1651,995,1854,470,65,73,1,-1,-1,-1
1652,995,1811,446,109,108,1,-1,-1,-1
1653,995,1765,438,155,119,1,-1,-1,-1
1654,995,1716,440,204,121,1,-1,-1,-1
1655,995,1668,442,252,121,1,-1,-1,-1
1656,995,1616,441,303,123,1,-1,-1,-1
1657,995,1564,442,348,124,1,-1,-1,-1
1658,995,1504,445,359,123,1,-1,-1,-1
1659,995,1449,443,364,128,1,-1,-1,-1
1660,995,1389,442,371,131,1,-1,-1,-1
1661,995,1326,443,379,133,1,-1,-1,-1
1662,995,1261,446,383,133,1,-1,-1,-1
1663,995,1195,447,390,136,1,-1,-1,-1
1664,995,1123,449,401,136,1,-1,-1,-1
1665,995,1053,450,406,139,1,-1,-1,-1
1666,995,976,452,413,142,1,-1,-1,-1
1667,995,901,454,418,143,1,-1,-1,-1
1668,995,823,457,422,146,1,-1,-1,-1
1669,995,742,461,427,145,1,-1,-1,-1
1670,995,663,463,427,149,1,-1,-1,-1
1671,995,583,464,430,153,1,-1,-1,-1
1672,995,498,470,437,152,1,-1,-1,-1
1673,995,415,477,432,150,1,-1,-1,-1
1674,995,331,479,433,153,1,-1,-1,-1
1675,995,249,481,430,157,1,-1,-1,-1
1676,995,163,492,430,150,1,-1,-1,-1
1677,995,80,497,424,150,1,-1,-1,-1
1678,995,0,501,418,153,1,-1,-1,-1
1679,995,1,506,329,152,1,-1,-1,-1
1680,995,2,512,242,139,1,-1,-1,-1
1681,995,2,519,153,137,1,-1,-1,-1
1668,997,1835,428,85,118,1,-1,-1,-1
1669,997,1787,410,132,150,1,-1,-1,-1
1670,997,1735,409,184,154,1,-1,-1,-1
1671,997,1682,406,237,162,1,-1,-1,-1
1672,997,1627,409,292,158,1,-1,-1,-1
1673,997,1567,409,351,162,1,-1,-1,-1
1674,997,1507,412,398,160,1,-1,-1,-1
1675,997,1444,411,406,164,1,-1,-1,-1
1676,997,1376,411,423,169,1,-1,-1,-1
1677,997,1310,411,427,171,1,-1,-1,-1
1678,997,1235,411,436,173,1,-1,-1,-1
1679,997,1161,411,448,178,1,-1,-1,-1
1680,997,1084,412,454,181,1,-1,-1,-1
1681,997,1004,413,461,183,1,-1,-1,-1
1682,997,919,416,477,184,1,-1,-1,-1
1683,997,838,417,472,189,1,-1,-1,-1
1684,997,754,420,477,193,1,-1,-1,-1
1685,997,667,422,481,195,1,-1,-1,-1
1686,997,580,426,481,198,1,-1,-1,-1
1687,997,492,431,486,201,1,-1,-1,-1
1688,997,403,437,485,199,1,-1,-1,-1
1689,997,312,442,490,197,1,-1,-1,-1
1690,997,225,446,482,203,1,-1,-1,-1
1691,997,127,455,493,194,1,-1,-1,-1
1692,997,38,457,489,197,1,-1,-1,-1
1693,997,0,460,434,208,1,-1,-1,-1
1694,997,3,465,338,190,1,-1,-1,-1
1695,997,0,470,249,191,1,-1,-1,-1
1696,997,0,479,154,190,1,-1,-1,-1
1684,1002,1822,440,97,105,1,-1,-1,-1
1685,1002,1772,435,147,113,1,-1,-1,-1
1686,1002,1721,436,198,115,1,-1,-1,-1
1687,1002,1668,436,252,116,1,-1,-1,-1
1688,1002,1615,433,304,122,1,-1,-1,-1
1689,1002,1557,438,322,121,1,-1,-1,-1
1690,1002,1499,438,329,120,1,-1,-1,-1
1691,1002,1436,438,342,124,1,-1,-1,-1
1692,1002,1375,439,343,125,1,-1,-1,-1
1693,1002,1306,441,356,125,1,-1,-1,-1
1694,1002,1243,440,356,129,1,-1,-1,-1
1695,1002,1176,444,362,129,1,-1,-1,-1
1696,1002,1104,444,369,133,1,-1,-1,-1
1697,1002,1035,448,372,132,1,-1,-1,-1
1698,1002,962,451,379,133,1,-1,-1,-1
1699,1002,886,453,384,136,1,-1,-1,-1
1700,1002,810,455,386,138,1,-1,-1,-1
1701,1002,733,459,392,139,1,-1,-1,-1
1702,1002,654,462,393,142,1,-1,-1,-1
1703,1002,573,464,398,144,1,-1,-1,-1
1704,1002,493,468,399,145,1,-1,-1,-1
1705,1002,412,472,396,145,1,-1,-1,-1
1706,1002,331,476,398,147,1,-1,-1,-1
1707,1002,247,479,399,149,1,-1,-1,-1
1708,1002,167,485,396,147,1,-1,-1,-1
1709,1002,87,494,393,144,1,-1,-1,-1
1710,1002,7,498,392,147,1,-1,-1,-1
1711,1002,0,502,317,147,1,-1,-1,-1
1712,1002,1,507,238,136,1,-1,-1,-1
1713,1002,0,513,158,134,1,-1,-1,-1
1705,1006,1835,429,84,111,1,-1,-1,-1
1706,1006,1782,416,137,134,1,-1,-1,-1
1707,1006,1725,413,194,143,1,-1,-1,-1
1708,1006,1665,411,255,148,1,-1,-1,-1
1709,1006,1602,412,317,147,1,-1,-1,-1
1710,1006,1539,415,354,147,1,-1,-1,-1
1711,1006,1475,414,360,150,1,-1,-1,-1
1712,1006,1408,412,368,155,1,-1,-1,-1
1713,1006,1339,410,375,160,1,-1,-1,-1
1714,1006,1266,411,384,159,1,-1,-1,-1
1715,1006,1190,413,397,165,1,-1,-1,-1
1716,1006,1117,412,398,168,1,-1,-1,-1
1717,1006,1037,413,412,171,1,-1,-1,-1
1718,1006,959,417,414,172,1,-1,-1,-1
1719,1006,881,418,412,174,1,-1,-1,-1
1720,1006,799,421,416,175,1,-1,-1,-1
1721,1006,714,425,423,176,1,-1,-1,-1
1722,1006,630,429,425,179,1,-1,-1,-1
1723,1006,545,431,427,182,1,-1,-1,-1
1724,1006,461,433,426,184,1,-1,-1,-1
1725,1006,375,437,427,186,1,-1,-1,-1
1726,1006,288,443,428,187,1,-1,-1,-1
1727,1006,203,451,425,183,1,-1,-1,-1
1728,1006,114,455,427,185,1,-1,-1,-1
1729,1006,32,458,419,188,1,-1,-1,-1
1730,1006,0,463,364,190,1,-1,-1,-1
1731,1006,0,465,279,178,1,-1,-1,-1
1732,1006,0,474,194,173,1,-1,-1,-1
1733,1006,0,480,111,175,1,-1,-1,-1
1725,1009,1800,405,119,147,1,-1,-1,-1
1726,1009,1741,400,178,156,1,-1,-1,-1
1727,1009,1682,402,238,159,1,-1,-1,-1
1728,1009,1623,401,293,161,1,-1,-1,-1
1729,1009,1556,401,364,163,1,-1,-1,-1
1730,1009,1484,406,413,161,1,-1,-1,-1
1731,1009,1409,403,433,171,1,-1,-1,-1
1732,1009,1341,405,433,167,1,-1,-1,-1
1733,1009,1264,405,443,169,1,-1,-1,-1
1734,1009,1188,403,454,175,1,-1,-1,-1
1735,1009,1106,403,461,179,1,-1,-1,-1
1736,1009,1026,408,468,180,1,-1,-1,-1
1737,1009,942,408,474,185,1,-1,-1,-1
1738,1009,854,411,481,187,1,-1,-1,-1
1739,1009,767,413,491,188,1,-1,-1,-1
1740,1009,677,416,496,191,1,-1,-1,-1
1741,1009,586,422,496,189,1,-1,-1,-1
1742,1009,495,427,497,191,1,-1,-1,-1
1743,1009,402,428,502,194,1,-1,-1,-1
1744,1009,313,435,500,196,1,-1,-1,-1
1745,1009,218,440,502,196,1,-1,-1,-1
1746,1009,128,444,502,197,1,-1,-1,-1
1747,1009,36,450,499,198,1,-1,-1,-1
1748,1009,0,456,445,197,1,-1,-1,-1
1749,1009,1,460,354,179,1,-1,-1,-1
1750,1009,0,468,262,177,1,-1,-1,-1
1751,1009,0,494,170,159,1,-1,-1,-1
1735,1011,927,181,23,27,1,-1,-1,-1
1736,1011,927,181,22,26,1,-1,-1,-1
1737,1011,927,181,22,26,1,-1,-1,-1
1738,1011,927,181,22,27,1,-1,-1,-1
1739,1011,927,181,22,26,1,-1,-1,-1
1743,1011,928,180,22,27,1,-1,-1,-1
1744,1011,927,181,22,26,1,-1,-1,-1
1748,1011,927,182,22,26,1,-1,-1,-1
1749,1011,927,181,23,26,1,-1,-1,-1
1765,1013,1868,405,51,56,1,-1,-1,-1
1766,1013,1822,385,97,74,1,-1,-1,-1
1767,1013,1777,378,143,79,1,-1,-1,-1
1768,1013,1733,377,186,82,1,-1,-1,-1
1769,1013,1689,370,228,86,1,-1,-1,-1
1770,1013,1649,366,227,85,1,-1,-1,-1
1771,1013,1609,361,227,85,1,-1,-1,-1
1772,1013,1572,357,224,84,1,-1,-1,-1
1773,1013,1541,352,215,84,1,-1,-1,-1
1774,1013,1509,350,209,80,1,-1,-1,-1
1775,1013,1480,343,205,82,1,-1,-1,-1
1776,1013,1451,338,199,81,1,-1,-1,-1
1777,1013,1427,337,191,79,1,-1,-1,-1
1778,1013,1406,333,180,78,1,-1,-1,-1
1779,1013,1385,328,173,77,1,-1,-1,-1
1780,1013,1368,323,163,78,1,-1,-1,-1
1781,1013,1350,321,156,74,1,-1,-1,-1
1782,1013,1337,317,147,72,1,-1,-1,-1
1783,1013,1323,316,140,70,1,-1,-1,-1
1784,1013,1311,311,133,71,1,-1,-1,-1
1785,1013,1299,308,128,70,1,-1,-1,-1
1786,1013,1290,304,121,69,1,-1,-1,-1
1787,1013,1279,302,117,66,1,-1,-1,-1
1788,1013,1294,300,88,64,1,-1,-1,-1
1789,1013,1266,295,105,64,1,-1,-1,-1
1790,1013,1262,293,98,62,1,-1,-1,-1
1791,1013,1257,290,95,62,1,-1,-1,-1
1792,1013,1252,287,93,62,1,-1,-1,-1
1793,1013,1247,286,90,58,1,-1,-1,-1
1794,1013,1245,283,86,57,1,-1,-1,-1
1795,1013,1239,281,83,57,1,-1,-1,-1
1796,1013,1233,280,84,55,1,-1,-1,-1
1797,1013,1232,276,80,56,1,-1,-1,-1
1798,1013,1228,273,79,55,1,-1,-1,-1
1799,1013,1221,271,81,55,1,-1,-1,-1
1800,1013,1218,268,78,54,1,-1,-1,-1
1801,1013,1217,265,74,54,1,-1,-1,-1
1802,1013,1209,263,76,54,1,-1,-1,-1
1803,1013,1204,261,77,51,1,-1,-1,-1
1804,1013,1202,259,74,50,1,-1,-1,-1
1805,1013,1199,258,73,48,1,-1,-1,-1
1806,1013,1194,257,70,47,1,-1,-1,-1
1807,1013,1187,254,72,47,1,-1,-1,-1
1808,1013,1185,252,68,48,1,-1,-1,-1
1809,1013,1180,250,68,46,1,-1,-1,-1
1810,1013,1175,246,69,47,1,-1,-1,-1
1811,1013,1172,245,66,47,1,-1,-1,-1
1812,1013,1168,244,65,44,1,-1,-1,-1
1813,1013,1163,242,66,44,1,-1,-1,-1
1814,1013,1160,240,62,43,1,-1,-1,-1
1815,1013,1156,241,61,40,1,-1,-1,-1
1816,1013,1151,237,61,41,1,-1,-1,-1
1817,1013,1148,236,60,42,1,-1,-1,-1
1818,1013,1145,234,56,42,1,-1,-1,-1
1819,1013,1138,232,59,42,1,-1,-1,-1
1820,1013,1134,232,58,41,1,-1,-1,-1
1821,1013,1130,232,58,38,1,-1,-1,-1
1822,1013,1127,228,56,41,1,-1,-1,-1
1823,1013,1126,228,53,39,1,-1,-1,-1
1824,1013,1121,228,55,36,1,-1,-1,-1
1825,1013,1118,226,52,36,1,-1,-1,-1
1826,1013,1115,226,51,34,1,-1,-1,-1
1827,1013,1109,221,54,36,1,-1,-1,-1
1828,1013,1108,224,50,31,1,-1,-1,-1
1829,1013,1104,222,50,32,1,-1,-1,-1
1830,1013,1101,223,49,30,1,-1,-1,-1
1831,1013,1097,219,47,33,1,-1,-1,-1
1832,1013,1093,218,48,34,1,-1,-1,-1
1833,1013,1091,217,47,32,1,-1,-1,-1
1834,1013,1088,217,45,32,1,-1,-1,-1
1835,1013,1085,214,46,34,1,-1,-1,-1
1836,1013,1082,215,45,32,1,-1,-1,-1
1837,1013,1078,215,46,30,1,-1,-1,-1
1838,1013,1077,214,42,29,1,-1,-1,-1
1839,1013,1076,212,40,29,1,-1,-1,-1
1840,1013,1074,211,40,28,1,-1,-1,-1
1841,1013,1069,210,42,29,1,-1,-1,-1
1842,1013,1067,209,42,29,1,-1,-1,-1
1843,1013,1062,209,43,27,1,-1,-1,-1
1844,1013,1062,209,41,26,1,-1,-1,-1
1845,1013,1058,208,41,26,1,-1,-1,-1
1846,1013,1056,206,39,26,1,-1,-1,-1
1847,1013,1054,207,38,25,1,-1,-1,-1
1848,1013,1051,204,39,27,1,-1,-1,-1
1849,1013,1049,205,37,26,1,-1,-1,-1
1850,1013,1046,204,37,26,1,-1,-1,-1
1851,1013,1043,204,38,26,1,-1,-1,-1
1852,1013,1041,203,37,26,1,-1,-1,-1
1853,1013,1039,203,37,26,1,-1,-1,-1
1854,1013,1040,203,33,25,1,-1,-1,-1
1855,1013,1037,202,32,24,1,-1,-1,-1
1856,1013,1036,203,32,23,1,-1,-1,-1
1857,1013,1034,202,31,24,1,-1,-1,-1
1858,1013,1029,202,34,25,1,-1,-1,-1
1859,1013,1027,199,36,27,1,-1,-1,-1
1860,1013,1027,199,34,25,1,-1,-1,-1
1861,1013,1024,197,34,27,1,-1,-1,-1
1862,1013,1023,199,32,27,1,-1,-1,-1
1863,1013,1022,198,32,26,1,-1,-1,-1
1864,1013,1019,198,32,25,1,-1,-1,-1
1865,1013,1020,197,30,26,1,-1,-1,-1
1866,1013,1016,197,29,24,1,-1,-1,-1
1867,1013,1015,198,29,25,1,-1,-1,-1
1868,1013,1012,197,32,24,1,-1,-1,-1
1869,1013,1012,196,30,25,1,-1,-1,-1
1870,1013,1011,196,28,23,1,-1,-1,-1
1871,1013,1009,195,30,23,1,-1,-1,-1
1872,1013,1005,195,32,24,1,-1,-1,-1
1873,1013,1003,195,30,24,1,-1,-1,-1
1874,1013,1001,195,31,23,1,-1,-1,-1
1875,1013,1002,194,28,23,1,-1,-1,-1
1876,1013,1001,194,27,23,1,-1,-1,-1
1877,1013,1000,193,27,23,1,-1,-1,-1
1882,1013,997,193,24,22,1,-1,-1,-1
1788,1015,1830,436,90,106,1,-1,-1,-1
1789,1015,1763,422,157,126,1,-1,-1,-1
1790,1015,1694,423,225,130,1,-1,-1,-1
1791,1015,1620,423,296,132,1,-1,-1,-1
1792,1015,1544,425,305,135,1,-1,-1,-1
1793,1015,1468,429,312,134,1,-1,-1,-1
1794,1015,1384,428,324,136,1,-1,-1,-1
1795,1015,1299,427,334,141,1,-1,-1,-1
1796,1015,1210,429,337,143,1,-1,-1,-1
1797,1015,1120,430,346,148,1,-1,-1,-1
1798,1015,1023,430,359,153,1,-1,-1,-1
1799,1015,931,440,355,148,1,-1,-1,-1
1800,1015,831,442,361,151,1,-1,-1,-1
1801,1015,731,445,367,154,1,-1,-1,-1
1802,1015,630,449,369,158,1,-1,-1,-1
1803,1015,528,452,371,162,1,-1,-1,-1
1804,1015,423,462,372,158,1,-1,-1,-1
1805,1015,320,470,371,156,1,-1,-1,-1
1806,1015,218,471,370,161,1,-1,-1,-1
1807,1015,113,476,368,163,1,-1,-1,-1
1808,1015,15,485,363,162,1,-1,-1,-1
1809,1015,1,488,275,158,1,-1,-1,-1
1810,1015,1,497,172,149,1,-1,-1,-1
1811,1015,0,505,74,146,1,-1,-1,-1
1815,1018,1826,433,94,103,1,-1,-1,-1
1816,1018,1761,425,158,116,1,-1,-1,-1
1817,1018,1699,426,220,119,1,-1,-1,-1
1818,1018,1635,427,283,120,1,-1,-1,-1
1819,1018,1566,429,314,119,1,-1,-1,-1
1820,1018,1497,431,321,120,1,-1,-1,-1
1821,1018,1428,431,333,122,1,-1,-1,-1
1822,1018,1352,431,340,125,1,-1,-1,-1
1823,1018,1279,433,347,127,1,-1,-1,-1
1824,1018,1202,436,355,128,1,-1,-1,-1
1825,1018,1124,435,360,134,1,-1,-1,-1
1826,1018,1043,435,366,137,1,-1,-1,-1
1827,1018,964,441,370,135,1,-1,-1,-1
1828,1018,879,445,378,137,1,-1,-1,-1
1829,1018,799,448,380,138,1,-1,-1,-1
1830,1018,713,449,387,141,1,-1,-1,-1
1831,1018,629,454,390,143,1,-1,-1,-1
1832,1018,542,459,393,145,1,-1,-1,-1
1833,1018,458,466,393,143,1,-1,-1,-1
1834,1018,367,469,400,146,1,-1,-1,-1
1835,1018,285,471,395,148,1,-1,-1,-1
1836,1018,199,480,392,147,1,-1,-1,-1
1837,1018,114,483,394,149,1,-1,-1,-1
1838,1018,33,491,388,148,1,-1,-1,-1
1839,1018,0,496,337,149,1,-1,-1,-1
1840,1018,2,502,250,135,1,-1,-1,-1
1841,1018,1,509,169,133,1,-1,-1,-1
1842,1018,0,523,86,121,1,-1,-1,-1
1817,1019,1610,1036,305,40,1,-1,-1,-1
1818,1019,1609,1032,305,45,1,-1,-1,-1
1819,1019,1606,1030,308,46,1,-1,-1,-1
1820,1019,1606,1030,309,47,1,-1,-1,-1
1821,1019,1602,1030,313,46,1,-1,-1,-1
1822,1019,1599,1030,317,47,1,-1,-1,-1
1823,1019,1596,1028,320,49,1,-1,-1,-1
1824,1019,1593,1029,324,49,1,-1,-1,-1
1825,1019,1591,1027,326,51,1,-1,-1,-1
1826,1019,1591,1024,326,53,1,-1,-1,-1
1827,1019,1589,1025,327,52,1,-1,-1,-1
1828,1019,1591,1025,326,53,1,-1,-1,-1
1829,1019,1592,1025,324,52,1,-1,-1,-1
1830,1019,1590,1025,326,52,1,-1,-1,-1
1831,1019,1591,1024,325,53,1,-1,-1,-1
1832,1019,1592,1023,325,54,1,-1,-1,-1
1833,1019,1592,1023,325,54,1,-1,-1,-1
1834,1019,1591,1023,326,54,1,-1,-1,-1
1835,1019,1590,1024,327,53,1,-1,-1,-1
1836,1019,1589,1023,327,53,1,-1,-1,-1
1837,1019,1592,1024,325,53,1,-1,-1,-1
1838,1019,1591,1024,326,53,1,-1,-1,-1
1839,1019,1591,1025,327,53,1,-1,-1,-1
1840,1019,1591,1024,327,53,1,-1,-1,-1
1841,1019,1592,1026,325,52,1,-1,-1,-1
1842,1019,1593,1024,324,54,1,-1,-1,-1
1843,1019,1593,1023,323,54,1,-1,-1,-1
1844,1019,1593,1023,323,54,1,-1,-1,-1
1845,1019,1592,1024,325,54,1,-1,-1,-1
1846,1019,1590,1025,326,53,1,-1,-1,-1
1847,1019,1590,1024,326,53,1,-1,-1,-1
1848,1019,1589,1024,326,53,1,-1,-1,-1
1849,1019,1589,1023,327,54,1,-1,-1,-1
1850,1019,1589,1023,327,54,1,-1,-1,-1
1851,1019,1589,1023,326,53,1,-1,-1,-1
1852,1019,1591,1023,325,54,1,-1,-1,-1
1853,1019,1590,1024,327,54,1,-1,-1,-1
1854,1019,1591,1024,327,54,1,-1,-1,-1
1855,1019,1591,1023,327,55,1,-1,-1,-1
1856,1019,1591,1024,327,54,1,-1,-1,-1
1857,1019,1591,1023,326,55,1,-1,-1,-1
1858,1019,1590,1023,327,54,1,-1,-1,-1
1859,1019,1588,1023,328,53,1,-1,-1,-1
1860,1019,1588,1023,328,53,1,-1,-1,-1
1861,1019,1589,1025,329,53,1,-1,-1,-1
1862,1019,1589,1024,329,53,1,-1,-1,-1
1863,1019,1589,1025,329,52,1,-1,-1,-1
1864,1019,1589,1025,328,52,1,-1,-1,-1
1865,1019,1589,1025,328,52,1,-1,-1,-1
1866,1019,1589,1026,329,51,1,-1,-1,-1
1867,1019,1590,1026,327,52,1,-1,-1,-1
1868,1019,1592,1027,326,51,1,-1,-1,-1
1869,1019,1592,1027,326,51,1,-1,-1,-1
1870,1019,1591,1028,327,50,1,-1,-1,-1
1871,1019,1591,1025,325,53,1,-1,-1,-1
1872,1019,1589,1024,327,53,1,-1,-1,-1
1873,1019,1589,1025,327,52,1,-1,-1,-1
1874,1019,1588,1025,328,52,1,-1,-1,-1
1875,1019,1588,1025,328,52,1,-1,-1,-1
1876,1019,1587,1024,329,52,1,-1,-1,-1
1877,1019,1588,1024,328,53,1,-1,-1,-1
1878,1019,1587,1025,329,52,1,-1,-1,-1
1879,1019,1587,1025,329,52,1,-1,-1,-1
1880,1019,1590,1025,327,52,1,-1,-1,-1
1881,1019,1590,1026,326,52,1,-1,-1,-1
1882,1019,1589,1025,328,52,1,-1,-1,-1
1883,1019,1591,1024,325,54,1,-1,-1,-1
1884,1019,1591,1024,325,53,1,-1,-1,-1
1885,1019,1592,1024,325,53,1,-1,-1,-1
1886,1019,1591,1024,325,53,1,-1,-1,-1
1887,1019,1591,1023,325,54,1,-1,-1,-1
1888,1019,1591,1023,326,55,1,-1,-1,-1
1889,1019,1590,1023,326,54,1,-1,-1,-1
1890,1019,1589,1023,328,54,1,-1,-1,-1
1891,1019,1587,1025,329,52,1,-1,-1,-1
1892,1019,1588,1025,328,52,1,-1,-1,-1
1893,1019,1589,1025,328,52,1,-1,-1,-1
1894,1019,1589,1026,327,52,1,-1,-1,-1
1895,1019,1590,1026,326,51,1,-1,-1,-1
1896,1019,1588,1024,327,53,1,-1,-1,-1
1897,1019,1589,1024,326,53,1,-1,-1,-1
1898,1019,1588,1024,327,53,1,-1,-1,-1
1899,1019,1586,1024,329,53,1,-1,-1,-1
1900,1019,1587,1024,328,53,1,-1,-1,-1
1901,1019,1587,1024,330,53,1,-1,-1,-1
1902,1019,1587,1025,329,52,1,-1,-1,-1
1903,1019,1588,1026,329,51,1,-1,-1,-1
1904,1019,1588,1026,329,51,1,-1,-1,-1
1905,1019,1588,1026,329,52,1,-1,-1,-1
1906,1019,1589,1025,328,52,1,-1,-1,-1
1907,1019,1588,1026,329,52,1,-1,-1,-1
1908,1019,1589,1025,329,52,1,-1,-1,-1
1909,1019,1590,1026,329,52,1,-1,-1,-1
1910,1019,1590,1025,328,52,1,-1,-1,-1
1911,1019,1589,1025,327,52,1,-1,-1,-1
1912,1019,1589,1026,327,52,1,-1,-1,-1
1913,1019,1588,1024,328,54,1,-1,-1,-1
1914,1019,1587,1022,328,55,1,-1,-1,-1
1915,1019,1586,1021,329,56,1,-1,-1,-1
1916,1019,1584,1021,331,56,1,-1,-1,-1
1917,1019,1584,1020,332,56,1,-1,-1,-1
1918,1019,1580,1018,336,59,1,-1,-1,-1
1919,1019,1576,1017,340,60,1,-1,-1,-1
1920,1019,1574,1013,343,64,1,-1,-1,-1
1921,1019,1570,998,348,77,1,-1,-1,-1
1922,1019,1568,997,349,79,1,-1,-1,-1
1923,1019,1562,980,354,96,1,-1,-1,-1
1924,1019,1557,975,359,100,1,-1,-1,-1
1925,1019,1549,975,368,103,1,-1,-1,-1
1926,1019,1540,976,377,102,1,-1,-1,-1
1927,1019,1534,967,381,110,1,-1,-1,-1
1928,1019,1519,955,398,121,1,-1,-1,-1
1929,1019,1501,946,418,132,1,-1,-1,-1
1930,1019,1489,936,427,141,1,-1,-1,-1
1931,1019,1474,922,443,155,1,-1,-1,-1
1932,1019,1457,908,462,170,1,-1,-1,-1
1933,1019,1437,893,481,183,1,-1,-1,-1
1934,1019,1418,877,502,201,1,-1,-1,-1
1935,1019,1393,861,525,214,1,-1,-1,-1
1936,1019,1370,847,547,230,1,-1,-1,-1
1937,1019,1343,832,556,244,1,-1,-1,-1
1938,1019,1312,815,549,260,1,-1,-1,-1
1939,1019,1284,800,549,275,1,-1,-1,-1
1940,1019,1249,783,547,294,1,-1,-1,-1
1941,1019,1215,767,544,310,1,-1,-1,-1
1942,1019,1177,753,546,322,1,-1,-1,-1
1943,1019,1139,736,542,343,1,-1,-1,-1
1944,1019,1096,724,542,343,1,-1,-1,-1
1945,1019,1051,710,544,333,1,-1,-1,-1
1946,1019,1006,694,541,328,1,-1,-1,-1
1947,1019,960,681,539,319,1,-1,-1,-1
1948,1019,912,669,539,311,1,-1,-1,-1
1949,1019,865,659,534,302,1,-1,-1,-1
1950,1019,815,647,530,299,1,-1,-1,-1
1951,1019,765,636,528,293,1,-1,-1,-1
1952,1019,712,627,523,284,1,-1,-1,-1
1953,1019,658,619,520,278,1,-1,-1,-1
1954,1019,604,610,512,271,1,-1,-1,-1
1955,1019,549,602,510,266,1,-1,-1,-1
1956,1019,493,596,503,258,1,-1,-1,-1
1957,1019,440,587,495,254,1,-1,-1,-1
1958,1019,384,582,488,247,1,-1,-1,-1
1959,1019,324,577,483,242,1,-1,-1,-1
1960,1019,269,572,472,236,1,-1,-1,-1
1961,1019,211,565,468,234,1,-1,-1,-1
1962,1019,153,564,460,223,1,-1,-1,-1
1963,1019,96,561,451,219,1,-1,-1,-1
1964,1019,38,555,444,218,1,-1,-1,-1
1965,1019,0,553,415,212,1,-1,-1,-1
1966,1019,1,548,348,210,1,-1,-1,-1
1967,1019,1,546,283,205,1,-1,-1,-1
1968,1019,0,545,214,201,1,-1,-1,-1
1969,1019,0,544,149,198,1,-1,-1,-1
1823,1020,490,321,132,106,1,-1,-1,-1
1824,1020,491,322,131,106,1,-1,-1,-1
1846,1020,496,319,128,107,1,-1,-1,-1
1860,1020,491,321,130,106,1,-1,-1,-1
1862,1020,495,320,129,105,1,-1,-1,-1
1876,1020,498,318,127,108,1,-1,-1,-1
1877,1020,496,319,128,109,1,-1,-1,-1
1878,1020,495,319,129,108,1,-1,-1,-1
1910,1020,490,320,131,108,1,-1,-1,-1
1911,1020,492,321,131,106,1,-1,-1,-1
1840,1022,1855,395,64,57,1,-1,-1,-1
1841,1022,1813,381,106,70,1,-1,-1,-1
1842,1022,1779,374,140,75,1,-1,-1,-1
1843,1022,1739,368,180,82,1,-1,-1,-1
1844,1022,1704,364,214,86,1,-1,-1,-1
1845,1022,1666,364,239,82,1,-1,-1,-1
1846,1022,1631,361,235,80,1,-1,-1,-1
1847,1022,1601,356,227,81,1,-1,-1,-1
1848,1022,1570,351,223,81,1,-1,-1,-1
1849,1022,1539,346,222,81,1,-1,-1,-1
1850,1022,1515,344,211,81,1,-1,-1,-1
1851,1022,1488,340,205,79,1,-1,-1,-1
1852,1022,1459,335,203,81,1,-1,-1,-1
1853,1022,1441,331,190,78,1,-1,-1,-1
1854,1022,1422,328,182,76,1,-1,-1,-1
1855,1022,1402,324,174,76,1,-1,-1,-1
1856,1022,1388,322,164,73,1,-1,-1,-1
1857,1022,1374,318,155,72,1,-1,-1,-1
1858,1022,1360,315,147,72,1,-1,-1,-1
1859,1022,1350,312,136,70,1,-1,-1,-1
1860,1022,1338,309,131,70,1,-1,-1,-1
1861,1022,1328,306,124,69,1,-1,-1,-1
1862,1022,1324,304,116,67,1,-1,-1,-1
1863,1022,1317,300,109,66,1,-1,-1,-1
1864,1022,1311,298,103,65,1,-1,-1,-1
1865,1022,1304,295,101,65,1,-1,-1,-1
1866,1022,1300,293,99,62,1,-1,-1,-1
1867,1022,1295,291,94,61,1,-1,-1,-1
1868,1022,1286,289,94,59,1,-1,-1,-1
1869,1022,1281,286,92,60,1,-1,-1,-1
1870,1022,1275,283,89,58,1,-1,-1,-1
1871,1022,1272,280,85,57,1,-1,-1,-1
1872,1022,1265,277,85,57,1,-1,-1,-1
1873,1022,1259,276,84,56,1,-1,-1,-1
1874,1022,1252,272,81,55,1,-1,-1,-1
1875,1022,1247,270,80,54,1,-1,-1,-1
1876,1022,1243,268,78,53,1,-1,-1,-1
1877,1022,1238,266,76,53,1,-1,-1,-1
1878,1022,1231,263,77,53,1,-1,-1,-1
1879,1022,1227,261,75,51,1,-1,-1,-1
1880,1022,1223,260,74,49,1,-1,-1,-1
1881,1022,1219,259,71,48,1,-1,-1,-1
1882,1022,1213,257,71,48,1,-1,-1,-1
1883,1022,1209,255,70,47,1,-1,-1,-1
1884,1022,1203,252,70,47,1,-1,-1,-1
1885,1022,1200,250,67,47,1,-1,-1,-1
1886,1022,1196,249,65,46,1,-1,-1,-1
1887,1022,1195,247,62,46,1,-1,-1,-1
1888,1022,1190,246,63,44,1,-1,-1,-1
1889,1022,1183,243,63,44,1,-1,-1,-1
1890,1022,1180,243,61,42,1,-1,-1,-1
1891,1022,1176,240,61,43,1,-1,-1,-1
1892,1022,1173,239,60,41,1,-1,-1,-1
1893,1022,1170,238,59,41,1,-1,-1,-1
1894,1022,1166,237,57,40,1,-1,-1,-1
1895,1022,1161,235,58,39,1,-1,-1,-1
1896,1022,1156,233,57,39,1,-1,-1,-1
1897,1022,1151,231,58,41,1,-1,-1,-1
1898,1022,1148,230,56,39,1,-1,-1,-1
1899,1022,1145,228,52,39,1,-1,-1,-1
1900,1022,1142,227,52,38,1,-1,-1,-1
1901,1022,1135,226,53,38,1,-1,-1,-1
1902,1022,1133,225,52,36,1,-1,-1,-1
1903,1022,1129,224,50,34,1,-1,-1,-1
1904,1022,1127,223,49,34,1,-1,-1,-1
1905,1022,1124,222,48,33,1,-1,-1,-1
1906,1022,1121,221,46,34,1,-1,-1,-1
1907,1022,1117,219,47,33,1,-1,-1,-1
1908,1022,1114,218,48,33,1,-1,-1,-1
1909,1022,1111,215,47,35,1,-1,-1,-1
1910,1022,1108,216,45,32,1,-1,-1,-1
1911,1022,1105,215,45,33,1,-1,-1,-1
1912,1022,1100,214,45,34,1,-1,-1,-1
1913,1022,1098,214,44,31,1,-1,-1,-1
1914,1022,1096,213,43,31,1,-1,-1,-1
1915,1022,1092,212,44,30,1,-1,-1,-1
1916,1022,1089,212,42,29,1,-1,-1,-1
1917,1022,1089,211,40,31,1,-1,-1,-1
1918,1022,1085,209,41,29,1,-1,-1,-1
1919,1022,1084,208,39,29,1,-1,-1,-1
1920,1022,1081,209,39,29,1,-1,-1,-1
1921,1022,1079,208,38,26,1,-1,-1,-1
1922,1022,1077,206,38,27,1,-1,-1,-1
1923,1022,1073,205,39,28,1,-1,-1,-1
1924,1022,1070,205,40,28,1,-1,-1,-1
1925,1022,1070,204,36,27,1,-1,-1,-1
1926,1022,1066,204,38,28,1,-1,-1,-1
1927,1022,1063,203,37,29,1,-1,-1,-1
1928,1022,1061,203,35,27,1,-1,-1,-1
1929,1022,1057,203,36,26,1,-1,-1,-1
1930,1022,1054,202,37,26,1,-1,-1,-1
1931,1022,1054,202,36,27,1,-1,-1,-1
1932,1022,1051,202,35,26,1,-1,-1,-1
1933,1022,1050,202,36,26,1,-1,-1,-1
1934,1022,1049,200,35,27,1,-1,-1,-1
1935,1022,1046,200,37,27,1,-1,-1,-1
1936,1022,1043,199,37,27,1,-1,-1,-1
1937,1022,1040,199,36,28,1,-1,-1,-1
1938,1022,1040,198,34,27,1,-1,-1,-1
1939,1022,1039,199,31,25,1,-1,-1,-1
1940,1022,1036,196,31,26,1,-1,-1,-1
1941,1022,1035,198,31,24,1,-1,-1,-1
1942,1022,1031,198,33,25,1,-1,-1,-1
1943,1022,1026,196,35,25,1,-1,-1,-1
1944,1022,1025,197,34,24,1,-1,-1,-1
1945,1022,1025,197,32,24,1,-1,-1,-1
1946,1022,1024,196,30,26,1,-1,-1,-1
1947,1022,1021,194,33,25,1,-1,-1,-1
1948,1022,1021,195,32,26,1,-1,-1,-1
1949,1022,1019,194,32,25,1,-1,-1,-1
1950,1022,1018,194,31,26,1,-1,-1,-1
1951,1022,1017,193,29,26,1,-1,-1,-1
1952,1022,1015,192,28,25,1,-1,-1,-1
1953,1022,1013,192,30,24,1,-1,-1,-1
1954,1022,1011,192,30,25,1,-1,-1,-1
1955,1022,1006,192,33,24,1,-1,-1,-1
1956,1022,1007,192,32,23,1,-1,-1,-1
1957,1022,1006,192,28,23,1,-1,-1,-1
1958,1022,1006,192,27,22,1,-1,-1,-1
1959,1022,1002,191,29,23,1,-1,-1,-1
1960,1022,1002,190,29,23,1,-1,-1,-1
1961,1022,1001,190,28,24,1,-1,-1,-1
1962,1022,1001,191,26,23,1,-1,-1,-1
1963,1022,1001,190,25,24,1,-1,-1,-1
1964,1022,1001,189,24,24,1,-1,-1,-1
1965,1022,999,189,27,23,1,-1,-1,-1
1966,1022,998,188,24,24,1,-1,-1,-1
1967,1022,997,189,25,23,1,-1,-1,-1
1968,1022,996,188,24,24,1,-1,-1,-1
1969,1022,994,189,24,23,1,-1,-1,-1
1970,1022,992,189,24,22,1,-1,-1,-1
1971,1022,992,188,25,24,1,-1,-1,-1
1972,1022,992,189,24,23,1,-1,-1,-1
1973,1022,991,188,23,23,1,-1,-1,-1
1974,1022,990,189,24,22,1,-1,-1,-1
1852,1024,828,163,31,29,1,-1,-1,-1
1853,1024,829,165,32,28,1,-1,-1,-1
1854,1024,827,165,34,29,1,-1,-1,-1
1866,1024,818,170,41,27,1,-1,-1,-1
1867,1024,818,171,41,27,1,-1,-1,-1
1868,1024,820,172,40,27,1,-1,-1,-1
1869,1024,820,172,40,27,1,-1,-1,-1
1872,1024,821,172,39,28,1,-1,-1,-1
1873,1024,818,172,42,30,1,-1,-1,-1
1874,1024,817,172,43,29,1,-1,-1,-1
1875,1024,816,173,42,28,1,-1,-1,-1
1876,1024,818,174,41,28,1,-1,-1,-1
1877,1024,819,175,40,28,1,-1,-1,-1
1878,1024,822,174,38,30,1,-1,-1,-1
1879,1024,823,174,37,30,1,-1,-1,-1
1880,1024,824,174,37,31,1,-1,-1,-1
1881,1024,824,172,36,31,1,-1,-1,-1
1882,1024,825,174,36,30,1,-1,-1,-1
1883,1024,823,173,39,32,1,-1,-1,-1
1884,1024,820,173,41,31,1,-1,-1,-1
1885,1024,815,174,44,30,1,-1,-1,-1
1886,1024,816,175,43,29,1,-1,-1,-1
1889,1024,813,178,45,27,1,-1,-1,-1
1890,1024,818,178,41,28,1,-1,-1,-1
1891,1024,820,178,40,29,1,-1,-1,-1
1892,1024,819,176,41,31,1,-1,-1,-1
1893,1024,821,178,38,29,1,-1,-1,-1
1894,1024,821,176,38,33,1,-1,-1,-1
1895,1024,820,175,39,35,1,-1,-1,-1
1896,1024,817,175,42,35,1,-1,-1,-1
1897,1024,818,176,39,34,1,-1,-1,-1
1898,1024,819,176,37,32,1,-1,-1,-1
1899,1024,820,179,37,30,1,-1,-1,-1
1900,1024,822,179,35,30,1,-1,-1,-1
1901,1024,823,181,34,30,1,-1,-1,-1
1902,1024,822,182,34,29,1,-1,-1,-1
1903,1024,823,185,33,28,1,-1,-1,-1
1904,1024,821,183,34,28,1,-1,-1,-1
1905,1024,820,181,36,31,1,-1,-1,-1
1906,1024,818,180,39,32,1,-1,-1,-1
1907,1024,816,178,40,36,1,-1,-1,-1
1908,1024,817,178,40,38,1,-1,-1,-1
1909,1024,816,178,42,38,1,-1,-1,-1
1910,1024,816,182,39,36,1,-1,-1,-1
1911,1024,821,181,35,33,1,-1,-1,-1
1912,1024,816,186,38,32,1,-1,-1,-1
1913,1024,814,187,40,32,1,-1,-1,-1
1914,1024,816,188,38,32,1,-1,-1,-1
1915,1024,813,185,41,34,1,-1,-1,-1
1916,1024,811,186,42,35,1,-1,-1,-1
1917,1024,810,186,43,34,1,-1,-1,-1
1918,1024,811,185,43,36,1,-1,-1,-1
1919,1024,813,186,42,37,1,-1,-1,-1
1920,1024,815,187,41,36,1,-1,-1,-1
1921,1024,815,186,39,37,1,-1,-1,-1
1922,1024,815,185,39,37,1,-1,-1,-1
1923,1024,813,188,42,35,1,-1,-1,-1
1924,1024,811,186,43,38,1,-1,-1,-1
1925,1024,810,186,45,41,1,-1,-1,-1
1926,1024,809,185,45,41,1,-1,-1,-1
1927,1024,806,190,47,38,1,-1,-1,-1
1928,1024,807,190,46,40,1,-1,-1,-1
1929,1024,804,192,48,38,1,-1,-1,-1
1930,1024,802,189,50,41,1,-1,-1,-1
1931,1024,801,188,52,44,1,-1,-1,-1
1932,1024,801,190,51,41,1,-1,-1,-1
1933,1024,803,200,47,33,1,-1,-1,-1
1934,1024,802,200,49,34,1,-1,-1,-1
1935,1024,802,201,48,34,1,-1,-1,-1
1936,1024,803,200,48,35,1,-1,-1,-1
1937,1024,800,190,53,48,1,-1,-1,-1
1938,1024,801,192,50,44,1,-1,-1,-1
1939,1024,802,198,50,43,1,-1,-1,-1
1940,1024,800,194,51,47,1,-1,-1,-1
1941,1024,802,188,50,55,1,-1,-1,-1
1942,1024,802,187,50,56,1,-1,-1,-1
1943,1024,801,184,51,61,1,-1,-1,-1
1944,1024,800,184,52,63,1,-1,-1,-1
1945,1024,803,184,50,64,1,-1,-1,-1
1946,1024,805,187,47,62,1,-1,-1,-1
1947,1024,804,185,49,66,1,-1,-1,-1
1948,1024,806,188,49,61,1,-1,-1,-1
1949,1024,804,185,53,56,1,-1,-1,-1
1950,1024,804,184,53,54,1,-1,-1,-1
1951,1024,804,185,47,39,1,-1,-1,-1
1952,1024,804,185,46,40,1,-1,-1,-1
1953,1024,804,187,46,41,1,-1,-1,-1
1954,1024,803,185,47,41,1,-1,-1,-1
1955,1024,802,189,48,38,1,-1,-1,-1
1956,1024,801,190,48,37,1,-1,-1,-1
1957,1024,800,189,49,39,1,-1,-1,-1
1958,1024,799,189,50,40,1,-1,-1,-1
1959,1024,799,189,51,40,1,-1,-1,-1
1960,1024,798,187,52,41,1,-1,-1,-1
1961,1024,798,187,52,45,1,-1,-1,-1
1962,1024,797,185,54,47,1,-1,-1,-1
1963,1024,798,185,54,50,1,-1,-1,-1
1964,1024,796,186,57,49,1,-1,-1,-1
1965,1024,795,186,57,51,1,-1,-1,-1
1966,1024,794,189,54,49,1,-1,-1,-1
1967,1024,792,193,56,46,1,-1,-1,-1
1968,1024,793,203,50,37,1,-1,-1,-1
1969,1024,792,190,54,50,1,-1,-1,-1
1970,1024,791,195,51,47,1,-1,-1,-1
1971,1024,788,198,54,46,1,-1,-1,-1
1972,1024,787,195,58,51,1,-1,-1,-1
1973,1024,787,196,53,51,1,-1,-1,-1
1974,1024,786,197,55,51,1,-1,-1,-1
1975,1024,784,194,58,56,1,-1,-1,-1
1976,1024,783,211,52,41,1,-1,-1,-1
1977,1024,782,197,58,55,1,-1,-1,-1
1978,1024,781,210,54,46,1,-1,-1,-1
1979,1024,780,206,54,50,1,-1,-1,-1
1980,1024,778,208,56,52,1,-1,-1,-1
1981,1024,777,219,58,44,1,-1,-1,-1
1982,1024,774,222,56,42,1,-1,-1,-1
1983,1024,773,228,56,39,1,-1,-1,-1
1984,1024,771,224,58,44,1,-1,-1,-1
1985,1024,770,227,60,44,1,-1,-1,-1
1986,1024,768,225,61,46,1,-1,-1,-1
1987,1024,767,228,62,47,1,-1,-1,-1
1988,1024,766,227,63,50,1,-1,-1,-1
1989,1024,764,227,63,53,1,-1,-1,-1
1990,1024,762,226,65,56,1,-1,-1,-1
1991,1024,762,227,66,57,1,-1,-1,-1
1992,1024,758,229,68,57,1,-1,-1,-1
1993,1024,758,225,68,64,1,-1,-1,-1
1994,1024,756,231,68,60,1,-1,-1,-1
1995,1024,753,232,71,62,1,-1,-1,-1
1996,1024,753,233,69,65,1,-1,-1,-1
1997,1024,749,237,72,65,1,-1,-1,-1
1998,1024,746,240,73,63,1,-1,-1,-1
1999,1024,747,241,72,66,1,-1,-1,-1
2000,1024,744,245,74,65,1,-1,-1,-1
2001,1024,741,245,76,68,1,-1,-1,-1
2002,1024,741,246,77,69,1,-1,-1,-1
2003,1024,739,249,77,69,1,-1,-1,-1
2004,1024,738,250,78,72,1,-1,-1,-1
2005,1024,735,253,80,73,1,-1,-1,-1
2006,1024,732,253,82,76,1,-1,-1,-1
2007,1024,730,255,82,78,1,-1,-1,-1
2008,1024,728,256,85,79,1,-1,-1,-1
2009,1024,729,258,83,81,1,-1,-1,-1
2010,1024,727,258,85,83,1,-1,-1,-1
2011,1024,725,262,87,85,1,-1,-1,-1
2012,1024,722,263,90,87,1,-1,-1,-1
2013,1024,722,266,89,88,1,-1,-1,-1
2014,1024,720,269,91,87,1,-1,-1,-1
2015,1024,717,272,93,89,1,-1,-1,-1
2016,1024,718,273,91,90,1,-1,-1,-1
2017,1024,715,275,94,92,1,-1,-1,-1
2018,1024,714,276,96,95,1,-1,-1,-1
2019,1024,710,278,100,96,1,-1,-1,-1
2020,1024,709,282,99,97,1,-1,-1,-1
2021,1024,707,285,101,97,1,-1,-1,-1
2022,1024,705,286,101,100,1,-1,-1,-1
2023,1024,705,289,101,100,1,-1,-1,-1
2024,1024,702,290,103,102,1,-1,-1,-1
2025,1024,699,292,106,104,1,-1,-1,-1
2026,1024,696,299,107,101,1,-1,-1,-1
2027,1024,695,296,109,106,1,-1,-1,-1
2028,1024,694,300,109,104,1,-1,-1,-1
2029,1024,691,301,113,107,1,-1,-1,-1
2030,1024,689,303,113,109,1,-1,-1,-1
2031,1024,688,304,113,111,1,-1,-1,-1
2032,1024,686,305,114,114,1,-1,-1,-1
2033,1024,683,306,116,116,1,-1,-1,-1
2034,1024,682,307,116,118,1,-1,-1,-1
2035,1024,678,309,120,118,1,-1,-1,-1
2036,1024,677,311,121,118,1,-1,-1,-1
2037,1024,677,316,121,116,1,-1,-1,-1
2038,1024,675,318,122,116,1,-1,-1,-1
2039,1024,673,316,125,121,1,-1,-1,-1
2040,1024,671,316,126,123,1,-1,-1,-1
2041,1024,669,320,126,122,1,-1,-1,-1
2042,1024,669,320,126,125,1,-1,-1,-1
2043,1024,668,323,127,123,1,-1,-1,-1
2044,1024,668,323,126,125,1,-1,-1,-1
2045,1024,666,325,128,124,1,-1,-1,-1
2046,1024,665,323,128,128,1,-1,-1,-1
2047,1024,664,327,129,125,1,-1,-1,-1
2048,1024,665,329,128,124,1,-1,-1,-1
2049,1024,663,328,130,126,1,-1,-1,-1
2050,1024,663,330,131,126,1,-1,-1,-1
2051,1024,662,330,130,127,1,-1,-1,-1
2052,1024,661,329,131,130,1,-1,-1,-1
2053,1024,662,328,130,130,1,-1,-1,-1
2054,1024,660,330,131,130,1,-1,-1,-1
2055,1024,659,332,131,128,1,-1,-1,-1
2056,1024,659,330,132,131,1,-1,-1,-1
2057,1024,658,331,132,132,1,-1,-1,-1
2058,1024,658,331,132,133,1,-1,-1,-1
2059,1024,658,331,133,133,1,-1,-1,-1
2060,1024,658,331,132,133,1,-1,-1,-1
2061,1024,658,335,131,130,1,-1,-1,-1
2062,1024,658,335,133,131,1,-1,-1,-1
2063,1024,658,335,133,131,1,-1,-1,-1
2064,1024,657,336,134,132,1,-1,-1,-1
2065,1024,656,336,133,133,1,-1,-1,-1
2066,1024,656,336,131,133,1,-1,-1,-1
2067,1024,655,337,134,133,1,-1,-1,-1
2068,1024,652,337,137,136,1,-1,-1,-1
2069,1024,653,340,136,136,1,-1,-1,-1
2070,1024,651,342,136,135,1,-1,-1,-1
2071,1024,649,340,139,139,1,-1,-1,-1
2072,1024,647,345,142,139,1,-1,-1,-1
2073,1024,646,347,143,141,1,-1,-1,-1
2074,1024,643,350,146,141,1,-1,-1,-1
2075,1024,641,352,146,143,1,-1,-1,-1
2076,1024,638,353,152,147,1,-1,-1,-1
2077,1024,634,354,157,152,1,-1,-1,-1
2078,1024,630,358,159,154,1,-1,-1,-1
2079,1024,627,357,162,162,1,-1,-1,-1
2080,1024,622,360,165,166,1,-1,-1,-1
2081,1024,616,366,172,170,1,-1,-1,-1
2082,1024,612,376,178,167,1,-1,-1,-1
2083,1024,607,386,178,167,1,-1,-1,-1
2084,1024,602,393,184,173,1,-1,-1,-1
2085,1024,594,400,190,177,1,-1,-1,-1
2086,1024,589,408,194,183,1,-1,-1,-1
2087,1024,580,415,204,193,1,-1,-1,-1
2088,1024,574,422,206,201,1,-1,-1,-1
2089,1024,564,435,217,204,1,-1,-1,-1
2090,1024,558,446,220,215,1,-1,-1,-1
2091,1024,548,461,229,222,1,-1,-1,-1
2092,1024,533,475,242,234,1,-1,-1,-1
2093,1024,525,490,246,248,1,-1,-1,-1
2094,1024,512,507,258,261,1,-1,-1,-1
2095,1024,497,528,269,277,1,-1,-1,-1
2096,1024,478,551,284,297,1,-1,-1,-1
2097,1024,458,577,300,316,1,-1,-1,-1
2098,1024,436,605,319,339,1,-1,-1,-1
2099,1024,409,638,340,366,1,-1,-1,-1
2100,1024,377,678,366,395,1,-1,-1,-1
2101,1024,339,724,396,351,1,-1,-1,-1
2102,1024,297,771,431,304,1,-1,-1,-1
2103,1024,242,827,476,249,1,-1,-1,-1
2104,1024,250,896,458,180,1,-1,-1,-1
2105,1024,259,978,424,98,1,-1,-1,-1
1870,1026,1799,408,121,137,1,-1,-1,-1
1871,1026,1721,401,198,150,1,-1,-1,-1
1872,1026,1638,402,275,153,1,-1,-1,-1
1873,1026,1548,405,369,154,1,-1,-1,-1
1874,1026,1458,406,406,157,1,-1,-1,-1
1875,1026,1363,407,421,157,1,-1,-1,-1
1876,1026,1263,408,432,161,1,-1,-1,-1
1877,1026,1158,409,447,166,1,-1,-1,-1
1878,1026,1053,412,459,168,1,-1,-1,-1
1879,1026,944,416,468,170,1,-1,-1,-1
1880,1026,834,417,475,174,1,-1,-1,-1
1881,1026,720,424,482,175,1,-1,-1,-1
1882,1026,604,429,486,180,1,-1,-1,-1
1883,1026,486,433,494,182,1,-1,-1,-1
1884,1026,369,440,492,181,1,-1,-1,-1
1885,1026,250,446,497,183,1,-1,-1,-1
1886,1026,133,452,497,183,1,-1,-1,-1
1887,1026,17,459,494,186,1,-1,-1,-1
1888,1026,1,465,388,184,1,-1,-1,-1
1889,1026,0,474,272,166,1,-1,-1,-1
1890,1026,0,502,160,146,1,-1,-1,-1
1926,1032,793,186,27,28,1,-1,-1,-1
1927,1032,793,182,31,31,1,-1,-1,-1
1928,1032,793,182,33,32,1,-1,-1,-1
1929,1032,793,184,30,32,1,-1,-1,-1
1930,1032,793,184,29,33,1,-1,-1,-1
1927,1033,900,273,81,50,1,-1,-1,-1
1928,1033,894,277,88,57,1,-1,-1,-1
1929,1033,899,273,82,50,1,-1,-1,-1
1930,1033,892,277,90,57,1,-1,-1,-1
1931,1033,891,274,93,63,1,-1,-1,-1
1932,1033,890,274,97,61,1,-1,-1,-1
1933,1033,897,273,81,39,1,-1,-1,-1
1934,1033,896,273,82,38,1,-1,-1,-1
1935,1033,897,273,81,38,1,-1,-1,-1
1936,1033,897,274,83,38,1,-1,-1,-1
1937,1033,898,275,82,41,1,-1,-1,-1
1938,1033,897,276,82,41,1,-1,-1,-1
1939,1033,900,276,81,46,1,-1,-1,-1
1940,1033,897,273,88,69,1,-1,-1,-1
1941,1033,898,274,87,65,1,-1,-1,-1
1942,1033,894,274,87,62,1,-1,-1,-1
1944,1033,895,275,88,58,1,-1,-1,-1
1945,1033,892,276,94,62,1,-1,-1,-1
1946,1033,889,276,96,68,1,-1,-1,-1
1947,1033,892,276,92,60,1,-1,-1,-1
1948,1033,888,277,99,64,1,-1,-1,-1
1949,1033,889,277,99,62,1,-1,-1,-1
1950,1033,889,277,100,65,1,-1,-1,-1
1951,1033,891,281,95,56,1,-1,-1,-1
1952,1033,886,285,100,76,1,-1,-1,-1
1953,1033,885,286,99,80,1,-1,-1,-1
1954,1033,885,284,107,110,1,-1,-1,-1
1955,1033,886,285,99,91,1,-1,-1,-1
1956,1033,883,286,107,94,1,-1,-1,-1
1957,1033,885,289,103,93,1,-1,-1,-1
1958,1033,885,290,107,94,1,-1,-1,-1
1959,1033,884,290,104,97,1,-1,-1,-1
1960,1033,885,293,106,97,1,-1,-1,-1
1961,1033,886,294,107,98,1,-1,-1,-1
1962,1033,885,296,109,97,1,-1,-1,-1
1963,1033,885,300,109,95,1,-1,-1,-1
1964,1033,883,300,114,100,1,-1,-1,-1
1965,1033,886,302,109,101,1,-1,-1,-1
1966,1033,885,304,108,102,1,-1,-1,-1
1967,1033,883,307,111,103,1,-1,-1,-1
1968,1033,880,310,117,103,1,-1,-1,-1
1969,1033,883,311,117,105,1,-1,-1,-1
1970,1033,884,312,117,109,1,-1,-1,-1
1971,1033,880,315,125,109,1,-1,-1,-1
1972,1033,882,315,126,114,1,-1,-1,-1
1973,1033,883,317,129,115,1,-1,-1,-1
1974,1033,886,320,132,115,1,-1,-1,-1
1975,1033,890,321,136,117,1,-1,-1,-1
1976,1033,892,325,144,119,1,-1,-1,-1
1977,1033,896,329,150,119,1,-1,-1,-1
1978,1033,899,331,158,122,1,-1,-1,-1
1979,1033,905,333,163,124,1,-1,-1,-1
1980,1033,911,335,174,125,1,-1,-1,-1
1981,1033,915,339,185,127,1,-1,-1,-1
1982,1033,925,342,192,128,1,-1,-1,-1
1983,1033,932,344,204,129,1,-1,-1,-1
1984,1033,943,345,211,133,1,-1,-1,-1
1985,1033,955,350,222,135,1,-1,-1,-1
1986,1033,966,353,234,137,1,-1,-1,-1
1987,1033,979,357,247,136,1,-1,-1,-1
1988,1033,993,359,260,139,1,-1,-1,-1
1989,1033,1013,362,268,142,1,-1,-1,-1
1990,1033,1035,365,277,143,1,-1,-1,-1
1991,1033,1053,366,291,148,1,-1,-1,-1
1992,1033,1076,371,302,146,1,-1,-1,-1
1993,1033,1102,375,312,148,1,-1,-1,-1
1994,1033,1129,378,321,150,1,-1,-1,-1
1995,1033,1158,380,329,153,1,-1,-1,-1
1996,1033,1188,383,340,154,1,-1,-1,-1
1997,1033,1220,387,347,155,1,-1,-1,-1
1998,1033,1257,390,354,158,1,-1,-1,-1
1999,1033,1294,393,360,160,1,-1,-1,-1
2000,1033,1335,398,364,161,1,-1,-1,-1
2001,1033,1375,403,371,160,1,-1,-1,-1
2002,1033,1419,407,374,160,1,-1,-1,-1
2003,1033,1466,411,374,162,1,-1,-1,-1
2004,1033,1511,412,377,165,1,-1,-1,-1
2005,1033,1562,414,357,166,1,-1,-1,-1
2006,1033,1612,417,307,167,1,-1,-1,-1
2007,1033,1664,425,256,149,1,-1,-1,-1
2008,1033,1714,430,206,145,1,-1,-1,-1
2009,1033,1765,436,153,143,1,-1,-1,-1
2010,1033,1817,439,102,143,1,-1,-1,-1
1949,1037,809,215,52,39,1,-1,-1,-1
1950,1037,809,215,52,40,1,-1,-1,-1
1951,1037,814,220,51,39,1,-1,-1,-1
1952,1037,815,221,55,40,1,-1,-1,-1
1953,1037,816,221,55,44,1,-1,-1,-1
1954,1037,817,220,55,46,1,-1,-1,-1
1955,1037,819,222,56,45,1,-1,-1,-1
1956,1037,821,223,56,46,1,-1,-1,-1
1957,1037,822,226,58,46,1,-1,-1,-1
1958,1037,825,226,57,46,1,-1,-1,-1
1959,1037,827,228,59,46,1,-1,-1,-1
1960,1037,828,228,62,48,1,-1,-1,-1
1961,1037,830,229,63,51,1,-1,-1,-1
1962,1037,833,230,62,51,1,-1,-1,-1
1963,1037,835,232,62,53,1,-1,-1,-1
1964,1037,836,234,63,53,1,-1,-1,-1
1965,1037,837,236,64,54,1,-1,-1,-1
1966,1037,841,238,62,55,1,-1,-1,-1
1967,1037,842,241,64,54,1,-1,-1,-1
1968,1037,843,244,66,53,1,-1,-1,-1
1969,1037,843,245,67,55,1,-1,-1,-1
1970,1037,844,245,68,58,1,-1,-1,-1
1971,1037,843,246,72,59,1,-1,-1,-1
1972,1037,845,248,73,61,1,-1,-1,-1
1973,1037,846,251,72,63,1,-1,-1,-1
1974,1037,845,255,76,64,1,-1,-1,-1
1975,1037,847,258,76,62,1,-1,-1,-1
1976,1037,846,258,78,65,1,-1,-1,-1
1977,1037,847,261,79,67,1,-1,-1,-1
1978,1037,847,263,83,68,1,-1,-1,-1
1979,1037,851,264,80,70,1,-1,-1,-1
1980,1037,851,262,82,79,1,-1,-1,-1
1981,1037,849,269,88,75,1,-1,-1,-1
1982,1037,852,270,85,77,1,-1,-1,-1
1983,1037,849,272,92,82,1,-1,-1,-1
1984,1037,853,277,90,81,1,-1,-1,-1
1985,1037,857,281,88,80,1,-1,-1,-1
1986,1037,856,286,93,81,1,-1,-1,-1
1987,1037,859,288,94,82,1,-1,-1,-1
1988,1037,863,292,92,82,1,-1,-1,-1
1989,1037,864,295,96,83,1,-1,-1,-1
1990,1037,865,298,100,86,1,-1,-1,-1
1991,1037,867,301,105,88,1,-1,-1,-1
1992,1037,868,302,110,92,1,-1,-1,-1
1993,1037,873,304,113,93,1,-1,-1,-1
1994,1037,875,308,120,95,1,-1,-1,-1
1995,1037,880,313,122,96,1,-1,-1,-1
1996,1037,886,317,127,97,1,-1,-1,-1
1997,1037,902,322,122,97,1,-1,-1,-1
1998,1037,900,324,139,100,1,-1,-1,-1
1999,1037,905,326,149,104,1,-1,-1,-1
2000,1037,916,328,152,110,1,-1,-1,-1
2001,1037,927,333,159,110,1,-1,-1,-1
2002,1037,938,335,167,115,1,-1,-1,-1
2003,1037,949,338,176,115,1,-1,-1,-1
2004,1037,965,344,184,118,1,-1,-1,-1
2005,1037,979,348,190,120,1,-1,-1,-1
2006,1037,995,353,202,120,1,-1,-1,-1
2007,1037,1014,357,207,121,1,-1,-1,-1
2008,1037,1033,361,215,124,1,-1,-1,-1
2009,1037,1054,362,224,129,1,-1,-1,-1
2010,1037,1073,366,239,132,1,-1,-1,-1
2011,1037,1098,370,249,135,1,-1,-1,-1
2012,1037,1123,373,263,137,1,-1,-1,-1
2013,1037,1152,377,271,139,1,-1,-1,-1
2014,1037,1183,381,278,141,1,-1,-1,-1
2015,1037,1213,386,288,144,1,-1,-1,-1
2016,1037,1244,390,303,146,1,-1,-1,-1
2017,1037,1282,392,312,151,1,-1,-1,-1
2018,1037,1320,393,320,154,1,-1,-1,-1
2019,1037,1360,406,328,150,1,-1,-1,-1
2020,1037,1401,411,335,151,1,-1,-1,-1
2021,1037,1447,413,339,152,1,-1,-1,-1
2022,1037,1493,417,345,154,1,-1,-1,-1
2023,1037,1540,422,347,154,1,-1,-1,-1
2024,1037,1590,428,329,153,1,-1,-1,-1
2025,1037,1640,432,279,152,1,-1,-1,-1
2026,1037,1692,435,226,139,1,-1,-1,-1
2027,1037,1745,437,174,140,1,-1,-1,-1
2028,1037,1794,446,125,134,1,-1,-1,-1
2029,1037,1848,453,72,130,1,-1,-1,-1
1949,1038,927,181,27,27,1,-1,-1,-1
1950,1038,927,181,27,27,1,-1,-1,-1
1951,1038,926,182,29,26,1,-1,-1,-1
1952,1038,927,182,25,26,1,-1,-1,-1
1953,1038,927,182,26,27,1,-1,-1,-1
1954,1038,927,182,26,27,1,-1,-1,-1
1955,1038,926,182,24,27,1,-1,-1,-1
1956,1038,926,182,23,27,1,-1,-1,-1
1957,1038,925,181,27,29,1,-1,-1,-1
1958,1038,926,180,26,29,1,-1,-1,-1
1959,1038,926,181,26,28,1,-1,-1,-1
1960,1038,926,181,26,28,1,-1,-1,-1
1961,1038,926,182,24,27,1,-1,-1,-1
1962,1038,927,182,24,27,1,-1,-1,-1
1963,1038,927,181,24,27,1,-1,-1,-1
1966,1038,927,180,23,27,1,-1,-1,-1
1968,1038,927,180,23,28,1,-1,-1,-1
1969,1038,927,180,22,27,1,-1,-1,-1
1970,1038,927,180,21,28,1,-1,-1,-1
1971,1038,927,181,21,27,1,-1,-1,-1
1972,1038,927,180,21,28,1,-1,-1,-1
1975,1038,928,181,20,28,1,-1,-1,-1
1957,1040,1886,398,34,61,1,-1,-1,-1
1958,1040,1856,391,64,70,1,-1,-1,-1
1959,1040,1825,369,93,88,1,-1,-1,-1
1960,1040,1794,355,124,96,1,-1,-1,-1
1961,1040,1760,355,160,79,1,-1,-1,-1
1962,1040,1727,351,192,81,1,-1,-1,-1
1963,1042,1697,349,222,95,1,-1,-1,-1
1964,1042,1664,346,248,100,1,-1,-1,-1
1965,1042,1633,343,246,108,1,-1,-1,-1
1966,1042,1605,340,241,107,1,-1,-1,-1
1967,1042,1575,336,238,104,1,-1,-1,-1
1968,1042,1548,335,228,103,1,-1,-1,-1
1969,1042,1521,329,229,103,1,-1,-1,-1
1970,1042,1495,325,217,102,1,-1,-1,-1
1971,1042,1469,322,211,102,1,-1,-1,-1
1972,1042,1446,319,202,100,1,-1,-1,-1
1973,1042,1424,316,196,97,1,-1,-1,-1
1974,1042,1403,311,190,99,1,-1,-1,-1
1975,1042,1387,309,180,96,1,-1,-1,-1
1976,1042,1369,305,173,98,1,-1,-1,-1
1977,1042,1355,303,162,93,1,-1,-1,-1
1978,1042,1341,299,154,93,1,-1,-1,-1
1979,1042,1328,297,147,89,1,-1,-1,-1
1980,1042,1317,295,140,88,1,-1,-1,-1
1981,1042,1307,292,135,87,1,-1,-1,-1
1982,1042,1299,287,126,87,1,-1,-1,-1
1983,1042,1289,286,121,83,1,-1,-1,-1
1984,1042,1281,282,117,84,1,-1,-1,-1
1985,1042,1275,280,109,81,1,-1,-1,-1
1986,1042,1267,276,108,82,1,-1,-1,-1
1987,1042,1262,273,105,82,1,-1,-1,-1
1988,1042,1258,272,99,79,1,-1,-1,-1
1989,1042,1251,271,96,76,1,-1,-1,-1
1990,1042,1248,267,91,76,1,-1,-1,-1
1991,1042,1241,264,89,75,1,-1,-1,-1
1992,1042,1235,264,89,71,1,-1,-1,-1
1993,1042,1232,261,86,70,1,-1,-1,-1
1994,1042,1228,259,85,72,1,-1,-1,-1
1995,1042,1221,256,82,70,1,-1,-1,-1
1996,1042,1217,254,82,68,1,-1,-1,-1
1997,1042,1212,253,81,66,1,-1,-1,-1
1998,1042,1207,251,78,65,1,-1,-1,-1
1999,1042,1202,249,78,64,1,-1,-1,-1
2000,1042,1200,246,74,64,1,-1,-1,-1
2001,1042,1195,244,75,63,1,-1,-1,-1
2002,1042,1190,242,75,63,1,-1,-1,-1
2003,1042,1187,240,72,61,1,-1,-1,-1
2004,1042,1183,240,70,59,1,-1,-1,-1
2005,1042,1181,238,67,58,1,-1,-1,-1
2006,1042,1176,236,67,57,1,-1,-1,-1
2007,1042,1171,235,66,55,1,-1,-1,-1
2008,1042,1168,234,63,53,1,-1,-1,-1
2009,1042,1163,233,64,52,1,-1,-1,-1
2010,1042,1159,229,62,52,1,-1,-1,-1
2011,1042,1155,229,62,50,1,-1,-1,-1
2012,1042,1150,227,62,50,1,-1,-1,-1
2013,1042,1147,225,60,50,1,-1,-1,-1
2014,1042,1144,224,58,51,1,-1,-1,-1
2015,1042,1139,223,57,50,1,-1,-1,-1
2016,1042,1135,222,57,48,1,-1,-1,-1
2017,1042,1132,220,55,47,1,-1,-1,-1
2018,1042,1128,219,55,46,1,-1,-1,-1
2019,1042,1123,217,54,46,1,-1,-1,-1
2020,1042,1121,216,52,45,1,-1,-1,-1
2021,1042,1118,214,52,44,1,-1,-1,-1
2022,1042,1112,213,53,43,1,-1,-1,-1
2023,1042,1109,212,53,42,1,-1,-1,-1
2024,1042,1105,212,50,41,1,-1,-1,-1
2025,1042,1100,212,49,40,1,-1,-1,-1
2026,1042,1097,211,48,40,1,-1,-1,-1
2027,1042,1093,209,49,39,1,-1,-1,-1
2028,1042,1091,208,46,40,1,-1,-1,-1
2029,1042,1086,205,47,41,1,-1,-1,-1
2030,1042,1084,205,45,42,1,-1,-1,-1
2031,1042,1078,204,46,38,1,-1,-1,-1
2032,1042,1076,204,44,39,1,-1,-1,-1
2033,1042,1075,203,42,37,1,-1,-1,-1
2034,1042,1070,201,43,38,1,-1,-1,-1
2035,1042,1066,201,43,38,1,-1,-1,-1
2036,1042,1064,200,42,37,1,-1,-1,-1
2037,1042,1062,200,42,37,1,-1,-1,-1
2038,1042,1060,199,41,37,1,-1,-1,-1
2039,1042,1055,198,39,34,1,-1,-1,-1
2040,1042,1052,199,40,34,1,-1,-1,-1
2041,1042,1049,198,39,34,1,-1,-1,-1
2042,1042,1047,197,38,33,1,-1,-1,-1
2043,1042,1046,197,36,34,1,-1,-1,-1
2044,1042,1042,196,37,34,1,-1,-1,-1
2045,1042,1039,195,39,33,1,-1,-1,-1
2046,1042,1039,196,36,31,1,-1,-1,-1
2047,1042,1038,195,35,32,1,-1,-1,-1
2048,1042,1037,194,33,32,1,-1,-1,-1
2049,1042,1036,194,32,31,1,-1,-1,-1
2050,1042,1035,194,33,32,1,-1,-1,-1
2051,1042,1030,193,33,32,1,-1,-1,-1
2052,1042,1028,192,33,32,1,-1,-1,-1
2053,1042,1025,192,33,31,1,-1,-1,-1
2054,1042,1023,193,31,31,1,-1,-1,-1
2055,1042,1021,193,30,31,1,-1,-1,-1
2056,1042,1018,193,32,28,1,-1,-1,-1
2057,1042,1016,191,33,30,1,-1,-1,-1
2058,1042,1014,190,32,30,1,-1,-1,-1
2059,1042,1012,190,31,27,1,-1,-1,-1
2060,1042,1012,189,30,30,1,-1,-1,-1
2061,1042,1010,189,31,28,1,-1,-1,-1
2062,1042,1007,190,33,28,1,-1,-1,-1
2063,1042,1006,189,31,28,1,-1,-1,-1
2064,1042,1004,189,31,28,1,-1,-1,-1
2065,1042,1003,188,30,26,1,-1,-1,-1
2066,1042,1003,188,27,27,1,-1,-1,-1
2067,1042,1000,188,27,26,1,-1,-1,-1
2068,1042,999,189,27,25,1,-1,-1,-1
2069,1042,996,187,28,27,1,-1,-1,-1
2070,1042,994,188,28,25,1,-1,-1,-1
2071,1042,994,187,26,26,1,-1,-1,-1
2072,1042,991,186,27,25,1,-1,-1,-1
2073,1042,992,185,25,25,1,-1,-1,-1
2074,1042,991,185,24,24,1,-1,-1,-1
2075,1042,989,186,25,25,1,-1,-1,-1
2076,1042,989,186,25,24,1,-1,-1,-1
2078,1042,985,187,26,24,1,-1,-1,-1
2082,1042,979,185,24,24,1,-1,-1,-1
2083,1042,977,185,24,23,1,-1,-1,-1
1967,1045,1554,1022,361,55,1,-1,-1,-1
1968,1045,1508,982,410,95,1,-1,-1,-1
1969,1045,1463,954,455,121,1,-1,-1,-1
1970,1045,1422,925,494,152,1,-1,-1,-1
1971,1045,1381,896,537,179,1,-1,-1,-1
1972,1045,1343,866,567,207,1,-1,-1,-1
1973,1045,1300,842,552,232,1,-1,-1,-1
1974,1045,1258,815,541,261,1,-1,-1,-1
1975,1045,1218,792,528,285,1,-1,-1,-1
1976,1045,1175,767,519,309,1,-1,-1,-1
1977,1045,1131,743,508,333,1,-1,-1,-1
1978,1045,1085,726,498,321,1,-1,-1,-1
1979,1045,1038,705,491,312,1,-1,-1,-1
1980,1045,992,686,483,301,1,-1,-1,-1
1981,1045,943,669,474,293,1,-1,-1,-1
1982,1045,894,652,469,286,1,-1,-1,-1
1983,1045,846,638,461,274,1,-1,-1,-1
1984,1045,793,623,458,270,1,-1,-1,-1
1985,1045,738,610,455,261,1,-1,-1,-1
1986,1045,685,599,448,254,1,-1,-1,-1
1987,1045,632,589,443,246,1,-1,-1,-1
1988,1045,580,578,437,240,1,-1,-1,-1
1989,1045,524,568,433,236,1,-1,-1,-1
1990,1045,471,561,425,228,1,-1,-1,-1
1991,1045,414,552,420,225,1,-1,-1,-1
1992,1045,357,549,419,215,1,-1,-1,-1
1993,1045,299,542,415,212,1,-1,-1,-1
1994,1045,243,539,411,205,1,-1,-1,-1
1995,1045,185,532,406,203,1,-1,-1,-1
1996,1045,125,531,403,198,1,-1,-1,-1
1997,1045,69,526,397,194,1,-1,-1,-1
1998,1045,11,524,394,191,1,-1,-1,-1
1999,1045,0,523,341,187,1,-1,-1,-1
2000,1045,0,523,277,182,1,-1,-1,-1
2001,1045,0,522,212,182,1,-1,-1,-1
2002,1045,1,524,149,179,1,-1,-1,-1
1978,1051,812,179,43,51,1,-1,-1,-1
1979,1051,812,179,44,55,1,-1,-1,-1
1981,1051,809,193,39,38,1,-1,-1,-1
1982,1051,811,196,40,40,1,-1,-1,-1
1988,1051,806,201,40,39,1,-1,-1,-1
1990,1051,802,211,36,35,1,-1,-1,-1
1991,1051,800,217,38,34,1,-1,-1,-1
1992,1051,794,215,44,37,1,-1,-1,-1
1993,1051,800,193,42,53,1,-1,-1,-1
1994,1051,799,195,43,35,1,-1,-1,-1
1995,1051,802,193,39,30,1,-1,-1,-1
1996,1051,798,193,43,31,1,-1,-1,-1
1997,1051,797,195,43,31,1,-1,-1,-1
1998,1051,795,197,45,32,1,-1,-1,-1
1999,1051,797,196,45,31,1,-1,-1,-1
2000,1051,798,195,43,34,1,-1,-1,-1
2001,1051,798,198,45,34,1,-1,-1,-1
2002,1051,795,196,45,33,1,-1,-1,-1
2003,1051,798,195,41,33,1,-1,-1,-1
2004,1051,799,196,41,33,1,-1,-1,-1
2005,1051,797,197,43,33,1,-1,-1,-1
2006,1051,796,197,44,36,1,-1,-1,-1
2007,1051,797,196,43,37,1,-1,-1,-1
2008,1051,794,197,47,37,1,-1,-1,-1
2009,1051,795,197,46,38,1,-1,-1,-1
2010,1051,797,200,44,36,1,-1,-1,-1
2011,1051,796,198,46,39,1,-1,-1,-1
2012,1051,794,199,49,37,1,-1,-1,-1
2013,1051,795,199,48,40,1,-1,-1,-1
2014,1051,797,200,50,42,1,-1,-1,-1
2015,1051,798,201,48,42,1,-1,-1,-1
2016,1051,798,201,50,45,1,-1,-1,-1
2017,1051,798,202,50,43,1,-1,-1,-1
2018,1051,798,201,52,49,1,-1,-1,-1
2019,1051,799,202,54,49,1,-1,-1,-1
2020,1051,799,202,56,48,1,-1,-1,-1
2021,1051,800,207,56,46,1,-1,-1,-1
2022,1051,800,204,59,50,1,-1,-1,-1
2023,1051,800,205,63,52,1,-1,-1,-1
2024,1051,804,207,60,50,1,-1,-1,-1
2025,1051,808,214,61,45,1,-1,-1,-1
2026,1051,809,214,61,46,1,-1,-1,-1
2027,1051,815,211,58,52,1,-1,-1,-1
2028,1051,819,214,57,51,1,-1,-1,-1
2029,1051,823,215,58,50,1,-1,-1,-1
2030,1051,825,226,59,43,1,-1,-1,-1
2031,1051,828,222,60,49,1,-1,-1,-1
2032,1051,830,224,61,47,1,-1,-1,-1
2033,1051,833,220,64,54,1,-1,-1,-1
2034,1051,835,225,64,51,1,-1,-1,-1
2035,1051,838,226,64,52,1,-1,-1,-1
2036,1051,842,225,65,56,1,-1,-1,-1
2037,1051,845,224,66,59,1,-1,-1,-1
2038,1051,847,225,70,59,1,-1,-1,-1
2039,1051,849,227,70,58,1,-1,-1,-1
2040,1051,852,230,70,60,1,-1,-1,-1
2041,1051,855,234,70,58,1,-1,-1,-1
2042,1051,858,235,69,58,1,-1,-1,-1
2043,1051,859,234,71,61,1,-1,-1,-1
2044,1051,862,236,72,60,1,-1,-1,-1
2045,1051,863,238,74,62,1,-1,-1,-1
2046,1051,867,240,73,63,1,-1,-1,-1
2047,1051,869,242,74,64,1,-1,-1,-1
2048,1051,872,247,73,62,1,-1,-1,-1
2049,1051,874,243,73,68,1,-1,-1,-1
2050,1051,876,246,76,68,1,-1,-1,-1
2051,1051,876,245,79,73,1,-1,-1,-1
2052,1051,877,246,80,72,1,-1,-1,-1
2053,1051,878,253,79,70,1,-1,-1,-1
2054,1051,879,259,78,67,1,-1,-1,-1
2055,1051,879,254,78,75,1,-1,-1,-1
2056,1051,879,257,80,74,1,-1,-1,-1
2057,1051,880,259,81,74,1,-1,-1,-1
2058,1051,881,257,81,79,1,-1,-1,-1
2059,1051,879,268,84,70,1,-1,-1,-1
2060,1051,882,285,82,59,1,-1,-1,-1
2061,1051,881,278,85,66,1,-1,-1,-1
2062,1051,882,274,86,72,1,-1,-1,-1
2063,1051,883,272,88,77,1,-1,-1,-1
2064,1051,883,286,87,68,1,-1,-1,-1
2065,1051,882,293,90,66,1,-1,-1,-1
2066,1051,882,290,91,70,1,-1,-1,-1
2067,1051,882,284,91,78,1,-1,-1,-1
2068,1051,881,286,94,81,1,-1,-1,-1
2069,1051,882,275,95,94,1,-1,-1,-1
2070,1051,883,287,94,86,1,-1,-1,-1
2071,1051,883,284,97,91,1,-1,-1,-1
2072,1051,883,290,97,87,1,-1,-1,-1
2073,1051,883,287,99,93,1,-1,-1,-1
2074,1051,884,292,99,91,1,-1,-1,-1
2075,1051,883,289,101,97,1,-1,-1,-1
2076,1051,884,289,101,101,1,-1,-1,-1
2077,1051,884,294,103,98,1,-1,-1,-1
2078,1051,882,276,105,118,1,-1,-1,-1
2079,1051,883,290,105,108,1,-1,-1,-1
2080,1051,884,299,105,101,1,-1,-1,-1
2081,1051,883,294,107,108,1,-1,-1,-1
2082,1051,885,301,106,103,1,-1,-1,-1
2083,1051,885,302,107,104,1,-1,-1,-1
2084,1051,883,304,108,104,1,-1,-1,-1
2085,1051,883,304,109,107,1,-1,-1,-1
2086,1051,885,308,109,106,1,-1,-1,-1
2087,1051,884,313,112,103,1,-1,-1,-1
2088,1051,884,312,112,106,1,-1,-1,-1
2089,1051,884,316,113,104,1,-1,-1,-1
2090,1051,883,316,115,106,1,-1,-1,-1
2091,1051,883,317,117,108,1,-1,-1,-1
2092,1051,883,317,118,109,1,-1,-1,-1
2093,1051,884,320,118,108,1,-1,-1,-1
2094,1051,885,324,117,106,1,-1,-1,-1
2095,1051,884,320,119,113,1,-1,-1,-1
2096,1051,886,322,119,112,1,-1,-1,-1
2097,1051,885,323,119,113,1,-1,-1,-1
2098,1051,885,321,121,116,1,-1,-1,-1
2099,1051,885,321,121,116,1,-1,-1,-1
2100,1051,884,324,123,115,1,-1,-1,-1
2101,1051,885,325,124,115,1,-1,-1,-1
2102,1051,887,325,123,115,1,-1,-1,-1
2103,1051,887,325,125,117,1,-1,-1,-1
2104,1051,885,328,127,114,1,-1,-1,-1
2105,1051,883,327,130,117,1,-1,-1,-1
2106,1051,886,327,128,118,1,-1,-1,-1
2107,1051,886,328,128,117,1,-1,-1,-1
2108,1051,884,328,131,118,1,-1,-1,-1
2109,1051,887,329,128,118,1,-1,-1,-1
2110,1051,887,328,128,119,1,-1,-1,-1
1988,1053,774,194,30,26,1,-1,-1,-1
1989,1053,774,194,31,26,1,-1,-1,-1
1990,1053,773,196,33,27,1,-1,-1,-1
1991,1053,774,194,31,27,1,-1,-1,-1
1992,1053,774,195,29,27,1,-1,-1,-1
1993,1053,773,191,28,27,1,-1,-1,-1
1994,1053,772,194,32,27,1,-1,-1,-1
1995,1053,772,193,29,26,1,-1,-1,-1
1996,1053,770,194,29,26,1,-1,-1,-1
1997,1053,767,194,32,26,1,-1,-1,-1
1998,1053,767,195,33,26,1,-1,-1,-1
1999,1053,768,197,31,28,1,-1,-1,-1
2000,1053,766,197,34,27,1,-1,-1,-1
2001,1053,764,196,33,27,1,-1,-1,-1
2002,1053,763,196,33,27,1,-1,-1,-1
2003,1053,760,195,36,29,1,-1,-1,-1
2004,1053,761,195,33,27,1,-1,-1,-1
2005,1053,759,196,36,27,1,-1,-1,-1
2006,1053,758,198,38,28,1,-1,-1,-1
2007,1053,758,197,37,27,1,-1,-1,-1
2008,1053,756,197,37,27,1,-1,-1,-1
2009,1053,756,198,37,28,1,-1,-1,-1
2010,1053,754,199,36,26,1,-1,-1,-1
2011,1053,753,199,37,27,1,-1,-1,-1
2012,1053,751,199,35,26,1,-1,-1,-1
2013,1053,751,199,34,28,1,-1,-1,-1
2014,1053,751,199,33,28,1,-1,-1,-1
2015,1053,748,200,35,29,1,-1,-1,-1
2016,1053,747,199,34,31,1,-1,-1,-1
2017,1053,745,199,35,31,1,-1,-1,-1
2018,1053,746,200,34,30,1,-1,-1,-1
2019,1053,745,202,35,29,1,-1,-1,-1
2020,1053,743,203,34,30,1,-1,-1,-1
2021,1053,743,202,35,30,1,-1,-1,-1
2022,1053,740,203,38,30,1,-1,-1,-1
2023,1053,740,204,36,31,1,-1,-1,-1
2024,1053,737,203,38,33,1,-1,-1,-1
2025,1053,737,206,38,30,1,-1,-1,-1
2026,1053,733,204,40,35,1,-1,-1,-1
2027,1053,732,204,39,36,1,-1,-1,-1
2028,1053,731,204,40,35,1,-1,-1,-1
2029,1053,729,204,41,37,1,-1,-1,-1
2030,1053,726,209,43,33,1,-1,-1,-1
2031,1053,726,207,41,37,1,-1,-1,-1
2032,1053,725,208,42,36,1,-1,-1,-1
2033,1053,725,209,41,37,1,-1,-1,-1
2034,1053,723,209,43,37,1,-1,-1,-1
2035,1053,720,212,45,37,1,-1,-1,-1
2036,1053,720,213,45,37,1,-1,-1,-1
2037,1053,717,212,47,39,1,-1,-1,-1
2038,1053,716,212,47,39,1,-1,-1,-1
2039,1053,713,213,47,40,1,-1,-1,-1
2040,1053,711,213,50,40,1,-1,-1,-1
2041,1053,713,213,45,43,1,-1,-1,-1
2042,1053,709,213,49,45,1,-1,-1,-1
2043,1053,707,216,51,42,1,-1,-1,-1
2044,1053,705,217,50,43,1,-1,-1,-1
2045,1053,702,217,53,44,1,-1,-1,-1
2046,1053,702,219,51,42,1,-1,-1,-1
2047,1053,699,221,53,43,1,-1,-1,-1
2048,1053,697,221,55,43,1,-1,-1,-1
2049,1053,695,224,54,45,1,-1,-1,-1
2050,1053,694,222,55,47,1,-1,-1,-1
2051,1053,693,222,54,49,1,-1,-1,-1
2052,1053,690,225,56,48,1,-1,-1,-1
2053,1053,689,224,57,50,1,-1,-1,-1
2054,1053,684,223,60,51,1,-1,-1,-1
2055,1053,682,225,59,50,1,-1,-1,-1
2056,1053,680,226,60,52,1,-1,-1,-1
2057,1053,677,226,61,54,1,-1,-1,-1
2058,1053,675,228,62,53,1,-1,-1,-1
2059,1053,674,229,61,54,1,-1,-1,-1
2060,1053,672,229,62,57,1,-1,-1,-1
2061,1053,670,232,63,56,1,-1,-1,-1
2062,1053,669,233,63,56,1,-1,-1,-1
2063,1053,667,236,63,57,1,-1,-1,-1
2064,1053,664,236,63,58,1,-1,-1,-1
2065,1053,662,239,64,56,1,-1,-1,-1
2066,1053,659,242,65,54,1,-1,-1,-1
2067,1053,657,242,64,57,1,-1,-1,-1
2068,1053,653,244,66,56,1,-1,-1,-1
2069,1053,651,244,68,58,1,-1,-1,-1
2070,1053,648,245,68,58,1,-1,-1,-1
2071,1053,646,247,70,59,1,-1,-1,-1
2072,1053,643,248,70,61,1,-1,-1,-1
2073,1053,641,249,70,62,1,-1,-1,-1
2074,1053,638,249,73,63,1,-1,-1,-1
2075,1053,637,250,73,65,1,-1,-1,-1
2076,1053,634,252,74,66,1,-1,-1,-1
2077,1053,631,255,76,64,1,-1,-1,-1
2078,1053,630,256,74,65,1,-1,-1,-1
2079,1053,628,257,75,64,1,-1,-1,-1
2080,1053,625,259,75,64,1,-1,-1,-1
2081,1053,623,259,75,67,1,-1,-1,-1
2082,1053,619,260,78,67,1,-1,-1,-1
2083,1053,617,261,77,69,1,-1,-1,-1
2084,1053,615,263,78,68,1,-1,-1,-1
2085,1053,613,264,78,69,1,-1,-1,-1
2086,1053,613,265,78,69,1,-1,-1,-1
2087,1053,613,267,75,70,1,-1,-1,-1
2088,1053,608,267,81,73,1,-1,-1,-1
2089,1053,610,269,78,73,1,-1,-1,-1
2090,1053,606,268,80,76,1,-1,-1,-1
2091,1053,606,272,80,74,1,-1,-1,-1
2092,1053,603,272,82,75,1,-1,-1,-1
2093,1053,603,272,80,76,1,-1,-1,-1
2094,1053,604,274,78,77,1,-1,-1,-1
2095,1053,599,275,81,77,1,-1,-1,-1
2096,1053,599,277,82,77,1,-1,-1,-1
2097,1053,594,278,85,77,1,-1,-1,-1
2098,1053,592,278,88,79,1,-1,-1,-1
2099,1053,591,279,87,79,1,-1,-1,-1
2100,1053,587,280,90,81,1,-1,-1,-1
2101,1053,589,279,86,82,1,-1,-1,-1
2102,1053,587,283,84,80,1,-1,-1,-1
2103,1053,588,283,83,84,1,-1,-1,-1
2104,1053,584,284,87,84,1,-1,-1,-1
2105,1053,586,286,83,84,1,-1,-1,-1
2106,1053,582,286,85,85,1,-1,-1,-1
2107,1053,582,290,85,83,1,-1,-1,-1
2108,1053,577,290,89,86,1,-1,-1,-1
2109,1053,576,292,89,87,1,-1,-1,-1
2110,1053,573,292,91,87,1,-1,-1,-1
1994,1054,784,223,50,38,1,-1,-1,-1
1995,1054,775,223,58,37,1,-1,-1,-1
1996,1054,790,224,45,37,1,-1,-1,-1
1997,1054,784,224,53,38,1,-1,-1,-1
1998,1054,786,225,50,39,1,-1,-1,-1
1999,1054,784,227,52,37,1,-1,-1,-1
2000,1054,782,224,50,41,1,-1,-1,-1
2001,1054,781,224,52,43,1,-1,-1,-1
2002,1054,782,226,52,42,1,-1,-1,-1
2003,1054,777,225,57,48,1,-1,-1,-1
2004,1054,774,224,58,50,1,-1,-1,-1
2005,1054,775,227,56,46,1,-1,-1,-1
2006,1054,776,227,54,48,1,-1,-1,-1
2007,1054,768,227,63,51,1,-1,-1,-1
2008,1054,769,227,64,57,1,-1,-1,-1
2009,1054,769,227,63,57,1,-1,-1,-1
2010,1054,765,229,66,58,1,-1,-1,-1
2011,1054,766,231,63,57,1,-1,-1,-1
2012,1054,762,233,68,58,1,-1,-1,-1
2013,1054,765,235,62,57,1,-1,-1,-1
2014,1054,759,240,67,57,1,-1,-1,-1
2015,1054,761,242,64,57,1,-1,-1,-1
2016,1054,756,240,69,60,1,-1,-1,-1
2017,1054,759,242,65,59,1,-1,-1,-1
2018,1054,756,240,67,65,1,-1,-1,-1
2019,1054,757,242,66,64,1,-1,-1,-1
2020,1054,754,246,67,63,1,-1,-1,-1
2021,1054,745,245,76,65,1,-1,-1,-1
2022,1054,746,244,78,67,1,-1,-1,-1
2023,1054,744,249,78,67,1,-1,-1,-1
2024,1054,743,249,78,66,1,-1,-1,-1
2025,1054,742,248,77,73,1,-1,-1,-1
2026,1054,739,251,79,73,1,-1,-1,-1
2027,1054,738,251,81,76,1,-1,-1,-1
2028,1054,739,251,79,75,1,-1,-1,-1
2029,1054,737,258,79,71,1,-1,-1,-1
2030,1054,735,256,79,76,1,-1,-1,-1
2031,1054,733,256,82,80,1,-1,-1,-1
2032,1054,733,259,81,76,1,-1,-1,-1
2033,1054,730,261,85,77,1,-1,-1,-1
2034,1054,731,262,84,82,1,-1,-1,-1
2035,1054,730,263,84,80,1,-1,-1,-1
2036,1054,729,266,83,80,1,-1,-1,-1
2037,1054,726,267,87,82,1,-1,-1,-1
2038,1054,727,268,86,83,1,-1,-1,-1
2039,1054,725,269,88,85,1,-1,-1,-1
2040,1054,718,270,94,85,1,-1,-1,-1
2041,1054,720,270,91,87,1,-1,-1,-1
2042,1054,717,270,94,88,1,-1,-1,-1
2043,1054,718,271,92,89,1,-1,-1,-1
2044,1054,719,272,93,90,1,-1,-1,-1
2045,1054,717,274,95,90,1,-1,-1,-1
2046,1054,717,274,96,91,1,-1,-1,-1
2047,1054,716,275,97,92,1,-1,-1,-1
2048,1054,715,276,99,92,1,-1,-1,-1
2049,1054,715,276,97,93,1,-1,-1,-1
2050,1054,714,279,98,93,1,-1,-1,-1
2051,1054,715,280,98,92,1,-1,-1,-1
2052,1054,715,282,97,92,1,-1,-1,-1
2053,1054,716,281,94,94,1,-1,-1,-1
2054,1054,715,284,94,92,1,-1,-1,-1
2055,1054,712,285,98,93,1,-1,-1,-1
2056,1054,714,285,96,95,1,-1,-1,-1
2057,1054,713,288,96,93,1,-1,-1,-1
2058,1054,712,288,97,94,1,-1,-1,-1
2059,1054,711,288,99,95,1,-1,-1,-1
2060,1054,710,288,100,94,1,-1,-1,-1
2061,1054,707,290,101,96,1,-1,-1,-1
2062,1054,707,291,102,98,1,-1,-1,-1
2063,1054,708,291,102,97,1,-1,-1,-1
2064,1054,710,291,99,98,1,-1,-1,-1
2065,1054,706,290,103,99,1,-1,-1,-1
2066,1054,704,290,105,99,1,-1,-1,-1
2067,1054,703,290,106,100,1,-1,-1,-1
2068,1054,704,290,105,100,1,-1,-1,-1
2069,1054,702,290,107,100,1,-1,-1,-1
2070,1054,700,291,108,99,1,-1,-1,-1
2071,1054,700,293,108,97,1,-1,-1,-1
2072,1054,697,294,112,99,1,-1,-1,-1
2073,1054,697,294,111,100,1,-1,-1,-1
2074,1054,697,296,113,98,1,-1,-1,-1
2075,1054,697,297,113,100,1,-1,-1,-1
2076,1054,697,299,114,98,1,-1,-1,-1
2077,1054,698,299,111,99,1,-1,-1,-1
2078,1054,696,299,112,100,1,-1,-1,-1
2079,1054,697,296,112,102,1,-1,-1,-1
2080,1054,700,299,109,100,1,-1,-1,-1
2081,1054,698,303,111,98,1,-1,-1,-1
2082,1054,698,304,110,98,1,-1,-1,-1
2083,1054,700,304,108,100,1,-1,-1,-1
2084,1054,697,305,111,100,1,-1,-1,-1
2085,1054,699,307,109,98,1,-1,-1,-1
2086,1054,696,307,111,102,1,-1,-1,-1
2087,1054,695,307,114,103,1,-1,-1,-1
2088,1054,697,308,112,104,1,-1,-1,-1
2089,1054,697,309,112,105,1,-1,-1,-1
2090,1054,696,311,111,105,1,-1,-1,-1
2091,1054,695,311,112,108,1,-1,-1,-1
2092,1054,694,311,113,110,1,-1,-1,-1
2093,1054,695,311,115,112,1,-1,-1,-1
2094,1054,692,314,117,112,1,-1,-1,-1
2095,1054,690,314,118,114,1,-1,-1,-1
2096,1054,688,318,120,113,1,-1,-1,-1
2097,1054,686,321,122,114,1,-1,-1,-1
2098,1054,678,321,131,117,1,-1,-1,-1
2099,1054,675,325,132,118,1,-1,-1,-1
2100,1054,674,328,132,119,1,-1,-1,-1
2101,1054,674,330,131,121,1,-1,-1,-1
2102,1054,673,332,131,123,1,-1,-1,-1
2103,1054,671,339,131,120,1,-1,-1,-1
2104,1054,669,338,134,128,1,-1,-1,-1
2105,1054,666,341,136,126,1,-1,-1,-1
2106,1054,663,346,137,128,1,-1,-1,-1
2107,1054,658,349,143,132,1,-1,-1,-1
2108,1054,657,350,143,137,1,-1,-1,-1
2109,1054,653,353,144,141,1,-1,-1,-1
2110,1054,650,356,146,142,1,-1,-1,-1
2014,1058,493,319,131,108,1,-1,-1,-1
2015,1058,495,318,130,106,1,-1,-1,-1
2016,1058,491,320,131,107,1,-1,-1,-1
2017,1058,491,319,131,108,1,-1,-1,-1
2026,1058,493,319,130,109,1,-1,-1,-1
2032,1058,496,318,129,108,1,-1,-1,-1
2048,1058,490,320,131,109,1,-1,-1,-1
2065,1058,494,317,130,109,1,-1,-1,-1
2092,1058,541,290,118,97,1,-1,-1,-1
2093,1058,564,285,108,89,1,-1,-1,-1
2021,1059,926,180,22,27,1,-1,-1,-1
2022,1059,926,180,22,27,1,-1,-1,-1
2033,1059,927,182,25,26,1,-1,-1,-1
2034,1059,927,182,24,26,1,-1,-1,-1
2035,1059,927,181,23,27,1,-1,-1,-1
2036,1059,927,181,22,27,1,-1,-1,-1
2037,1059,927,181,24,27,1,-1,-1,-1
2038,1059,926,182,24,26,1,-1,-1,-1
2039,1059,927,182,22,26,1,-1,-1,-1
2040,1059,926,182,23,26,1,-1,-1,-1
2041,1059,927,183,21,27,1,-1,-1,-1
2042,1059,927,182,22,28,1,-1,-1,-1
2043,1059,926,182,22,28,1,-1,-1,-1
2044,1059,926,181,23,29,1,-1,-1,-1
2045,1059,926,182,23,29,1,-1,-1,-1
2046,1059,927,181,23,29,1,-1,-1,-1
2047,1059,926,181,24,30,1,-1,-1,-1
2048,1059,927,180,23,29,1,-1,-1,-1
2049,1059,927,181,23,28,1,-1,-1,-1
2050,1059,927,180,23,27,1,-1,-1,-1
2055,1059,925,181,22,29,1,-1,-1,-1
2056,1059,925,181,22,29,1,-1,-1,-1
2058,1059,925,180,22,30,1,-1,-1,-1
2080,1059,926,179,20,29,1,-1,-1,-1
2026,1060,796,213,31,37,1,-1,-1,-1
2027,1060,797,210,30,39,1,-1,-1,-1
2028,1060,799,205,46,47,1,-1,-1,-1
2029,1060,802,211,47,45,1,-1,-1,-1
2030,1060,802,206,47,47,1,-1,-1,-1
2031,1060,803,209,48,43,1,-1,-1,-1
2032,1060,805,209,49,43,1,-1,-1,-1
2033,1060,808,215,41,41,1,-1,-1,-1
2034,1060,809,212,43,44,1,-1,-1,-1
2035,1060,812,218,42,40,1,-1,-1,-1
2036,1060,815,219,39,40,1,-1,-1,-1
2037,1060,817,218,39,46,1,-1,-1,-1
2038,1060,820,217,40,47,1,-1,-1,-1
2039,1060,821,217,42,49,1,-1,-1,-1
2040,1060,823,222,42,47,1,-1,-1,-1
2041,1060,825,222,47,46,1,-1,-1,-1
2042,1060,828,224,47,49,1,-1,-1,-1
2043,1060,831,223,46,50,1,-1,-1,-1
2044,1060,834,225,49,48,1,-1,-1,-1
2045,1060,837,224,48,54,1,-1,-1,-1
2046,1060,840,228,44,50,1,-1,-1,-1
2047,1060,843,228,47,55,1,-1,-1,-1
2048,1060,847,229,47,54,1,-1,-1,-1
2049,1060,847,230,47,55,1,-1,-1,-1
2050,1060,850,235,48,52,1,-1,-1,-1
2051,1060,849,233,56,54,1,-1,-1,-1
2052,1060,853,234,56,56,1,-1,-1,-1
2053,1060,853,233,67,60,1,-1,-1,-1
2054,1060,855,236,58,58,1,-1,-1,-1
2055,1060,857,237,58,59,1,-1,-1,-1
2056,1060,861,238,54,60,1,-1,-1,-1
2057,1060,865,241,60,61,1,-1,-1,-1
2058,1060,867,242,60,62,1,-1,-1,-1
2059,1060,868,244,66,63,1,-1,-1,-1
2060,1060,872,247,63,62,1,-1,-1,-1
2061,1060,877,250,86,63,1,-1,-1,-1
2062,1060,875,251,71,62,1,-1,-1,-1
2063,1060,879,249,85,67,1,-1,-1,-1
2064,1060,878,253,83,65,1,-1,-1,-1
2065,1060,877,252,86,67,1,-1,-1,-1
2066,1060,878,253,84,62,1,-1,-1,-1
2067,1060,880,255,72,39,1,-1,-1,-1
2068,1060,878,255,84,62,1,-1,-1,-1
2069,1060,885,256,74,40,1,-1,-1,-1
2070,1060,881,257,85,68,1,-1,-1,-1
2071,1060,882,257,83,59,1,-1,-1,-1
2072,1060,882,259,81,63,1,-1,-1,-1
2073,1060,883,260,75,56,1,-1,-1,-1
2074,1060,882,265,78,68,1,-1,-1,-1
2075,1060,883,267,73,52,1,-1,-1,-1
2076,1060,888,269,72,44,1,-1,-1,-1
2077,1060,886,268,70,48,1,-1,-1,-1
2079,1060,888,272,71,44,1,-1,-1,-1
2080,1060,886,270,73,56,1,-1,-1,-1
2081,1060,885,274,81,57,1,-1,-1,-1
2082,1060,888,273,75,59,1,-1,-1,-1
2083,1060,888,277,74,50,1,-1,-1,-1
2084,1060,883,275,81,58,1,-1,-1,-1
2085,1060,883,276,82,56,1,-1,-1,-1
2086,1060,887,278,79,50,1,-1,-1,-1
2087,1060,881,280,82,57,1,-1,-1,-1
2088,1060,879,279,87,75,1,-1,-1,-1
2089,1060,881,281,83,65,1,-1,-1,-1
2090,1060,884,281,86,55,1,-1,-1,-1
2091,1060,879,283,89,66,1,-1,-1,-1
2092,1060,885,286,76,40,1,-1,-1,-1
2093,1060,888,285,77,50,1,-1,-1,-1
2094,1060,888,287,77,46,1,-1,-1,-1
2095,1060,881,288,81,62,1,-1,-1,-1
2096,1060,883,289,84,58,1,-1,-1,-1
2097,1060,883,290,82,48,1,-1,-1,-1
2098,1060,885,291,79,46,1,-1,-1,-1
2099,1060,881,290,81,64,1,-1,-1,-1
2100,1060,886,291,75,38,1,-1,-1,-1
2101,1060,875,291,93,92,1,-1,-1,-1
2102,1060,876,293,88,87,1,-1,-1,-1
2103,1060,876,293,89,83,1,-1,-1,-1
2104,1060,877,295,93,79,1,-1,-1,-1
2105,1060,877,295,91,79,1,-1,-1,-1
2106,1060,876,295,93,90,1,-1,-1,-1
2107,1060,876,296,95,86,1,-1,-1,-1
2108,1060,877,297,95,86,1,-1,-1,-1
2109,1060,876,297,94,90,1,-1,-1,-1
2110,1060,877,297,89,90,1,-1,-1,-1
