1,8,696,292,107,73,1,-1,-1,-1
2,8,696,292,105,73,1,-1,-1,-1
3,8,694,292,107,73,1,-1,-1,-1
4,8,697,292,105,74,1,-1,-1,-1
5,8,696,292,107,76,1,-1,-1,-1
6,8,691,292,110,76,1,-1,-1,-1
7,8,686,296,111,76,1,-1,-1,-1
8,8,686,296,109,74,1,-1,-1,-1
9,8,686,298,106,72,1,-1,-1,-1
10,8,685,297,108,73,1,-1,-1,-1
11,8,685,298,108,73,1,-1,-1,-1
12,8,686,299,106,70,1,-1,-1,-1
13,8,687,299,104,74,1,-1,-1,-1
14,8,685,300,106,78,1,-1,-1,-1
15,8,684,300,107,76,1,-1,-1,-1
16,8,687,302,103,73,1,-1,-1,-1
17,8,686,303,102,77,1,-1,-1,-1
18,8,681,303,111,93,1,-1,-1,-1
19,8,682,303,110,99,1,-1,-1,-1
20,8,679,304,112,98,1,-1,-1,-1
21,8,678,306,111,98,1,-1,-1,-1
22,8,678,307,110,103,1,-1,-1,-1
23,8,676,309,110,106,1,-1,-1,-1
24,8,675,310,113,111,1,-1,-1,-1
25,8,675,311,112,106,1,-1,-1,-1
26,8,674,310,114,109,1,-1,-1,-1
27,8,675,310,112,112,1,-1,-1,-1
28,8,673,311,114,113,1,-1,-1,-1
29,8,672,313,114,112,1,-1,-1,-1
30,8,672,315,116,112,1,-1,-1,-1
31,8,672,316,115,112,1,-1,-1,-1
32,8,671,316,116,117,1,-1,-1,-1
33,8,670,318,116,117,1,-1,-1,-1
34,8,669,319,116,118,1,-1,-1,-1
35,8,667,321,117,119,1,-1,-1,-1
36,8,667,321,117,122,1,-1,-1,-1
37,8,664,325,120,120,1,-1,-1,-1
38,8,662,328,121,122,1,-1,-1,-1
39,8,661,329,123,123,1,-1,-1,-1
40,8,661,330,124,125,1,-1,-1,-1
41,8,660,333,125,126,1,-1,-1,-1
42,8,660,335,124,129,1,-1,-1,-1
43,8,659,337,124,131,1,-1,-1,-1
44,8,658,340,126,135,1,-1,-1,-1
45,8,656,341,129,137,1,-1,-1,-1
46,8,653,344,132,138,1,-1,-1,-1
47,8,649,349,138,140,1,-1,-1,-1
48,8,648,350,139,144,1,-1,-1,-1
49,8,642,355,145,145,1,-1,-1,-1
50,8,641,355,144,153,1,-1,-1,-1
51,8,635,359,152,156,1,-1,-1,-1
52,8,629,360,162,162,1,-1,-1,-1
53,8,628,364,160,167,1,-1,-1,-1
54,8,625,375,163,162,1,-1,-1,-1
55,8,623,382,167,165,1,-1,-1,-1
56,8,617,389,178,169,1,-1,-1,-1
57,8,615,395,181,172,1,-1,-1,-1
58,8,613,402,181,177,1,-1,-1,-1
59,8,607,407,185,182,1,-1,-1,-1
60,8,601,415,192,187,1,-1,-1,-1
61,8,594,422,198,195,1,-1,-1,-1
62,8,588,431,206,202,1,-1,-1,-1
63,8,580,438,215,211,1,-1,-1,-1
64,8,575,440,215,229,1,-1,-1,-1
65,8,567,464,221,222,1,-1,-1,-1
66,8,556,476,231,234,1,-1,-1,-1
67,8,547,489,236,245,1,-1,-1,-1
68,8,529,502,255,252,1,-1,-1,-1
69,8,522,520,259,263,1,-1,-1,-1
70,8,504,540,271,278,1,-1,-1,-1
71,8,494,563,280,293,1,-1,-1,-1
72,8,473,587,297,309,1,-1,-1,-1
73,8,456,611,308,331,1,-1,-1,-1
74,8,431,642,329,353,1,-1,-1,-1
75,8,402,670,349,383,1,-1,-1,-1
76,8,372,704,370,372,1,-1,-1,-1
77,8,338,740,399,334,1,-1,-1,-1
78,8,290,786,438,289,1,-1,-1,-1
79,8,243,844,470,233,1,-1,-1,-1
80,8,267,897,434,178,1,-1,-1,-1
1,9,671,335,123,119,1,-1,-1,-1
2,9,671,336,122,119,1,-1,-1,-1
3,9,671,336,124,118,1,-1,-1,-1
4,9,670,335,125,121,1,-1,-1,-1
5,9,669,336,125,121,1,-1,-1,-1
6,9,668,337,126,121,1,-1,-1,-1
7,9,667,338,127,122,1,-1,-1,-1
8,9,666,338,127,123,1,-1,-1,-1
9,9,665,340,129,124,1,-1,-1,-1
10,9,663,339,131,127,1,-1,-1,-1
11,9,663,339,129,128,1,-1,-1,-1
12,9,662,339,130,129,1,-1,-1,-1
13,9,661,348,131,125,1,-1,-1,-1
14,9,660,346,132,130,1,-1,-1,-1
15,9,658,347,134,132,1,-1,-1,-1
16,9,653,351,135,134,1,-1,-1,-1
17,9,652,354,137,135,1,-1,-1,-1
18,9,649,356,140,136,1,-1,-1,-1
19,9,645,358,142,139,1,-1,-1,-1
20,9,643,365,143,137,1,-1,-1,-1
21,9,638,367,145,144,1,-1,-1,-1
22,9,632,372,151,144,1,-1,-1,-1
23,9,629,375,151,148,1,-1,-1,-1
24,9,625,379,155,149,1,-1,-1,-1
25,9,621,383,158,154,1,-1,-1,-1
26,9,619,390,159,156,1,-1,-1,-1
27,9,612,394,162,163,1,-1,-1,-1
28,9,608,400,166,165,1,-1,-1,-1
29,9,603,406,170,173,1,-1,-1,-1
30,9,595,415,176,174,1,-1,-1,-1
31,9,587,422,180,180,1,-1,-1,-1
32,9,579,426,185,190,1,-1,-1,-1
33,9,572,440,189,192,1,-1,-1,-1
34,9,561,444,199,204,1,-1,-1,-1
35,9,553,457,204,209,1,-1,-1,-1
36,9,543,466,208,220,1,-1,-1,-1
37,9,530,488,220,223,1,-1,-1,-1
38,9,520,501,223,232,1,-1,-1,-1
39,9,508,516,231,244,1,-1,-1,-1
40,9,492,532,243,258,1,-1,-1,-1
41,9,477,538,254,286,1,-1,-1,-1
42,9,459,570,266,290,1,-1,-1,-1
43,9,434,585,290,318,1,-1,-1,-1
44,9,413,616,300,334,1,-1,-1,-1
45,9,387,650,320,353,1,-1,-1,-1
46,9,354,682,343,380,1,-1,-1,-1
47,9,317,716,370,361,1,-1,-1,-1
48,9,270,749,408,328,1,-1,-1,-1
49,9,234,807,430,271,1,-1,-1,-1
50,9,186,854,462,221,1,-1,-1,-1
51,9,207,916,420,160,1,-1,-1,-1
7,11,733,284,74,72,1,-1,-1,-1
8,11,732,284,76,75,1,-1,-1,-1
9,11,732,284,76,75,1,-1,-1,-1
10,11,732,284,76,75,1,-1,-1,-1
11,11,732,284,75,75,1,-1,-1,-1
12,11,732,284,76,75,1,-1,-1,-1
13,11,731,284,76,75,1,-1,-1,-1
14,11,731,284,77,76,1,-1,-1,-1
15,11,730,284,77,75,1,-1,-1,-1
16,11,730,285,77,74,1,-1,-1,-1
17,11,729,285,78,74,1,-1,-1,-1
18,11,726,286,82,74,1,-1,-1,-1
19,11,725,288,82,73,1,-1,-1,-1
20,11,726,288,81,74,1,-1,-1,-1
21,11,726,289,80,72,1,-1,-1,-1
22,11,727,291,81,71,1,-1,-1,-1
23,11,725,290,79,73,1,-1,-1,-1
24,11,726,289,79,74,1,-1,-1,-1
25,11,729,290,77,72,1,-1,-1,-1
26,11,729,290,77,73,1,-1,-1,-1
27,11,729,291,77,74,1,-1,-1,-1
28,11,727,290,79,75,1,-1,-1,-1
29,11,725,290,80,75,1,-1,-1,-1
30,11,725,290,80,75,1,-1,-1,-1
31,11,723,290,82,76,1,-1,-1,-1
32,11,723,291,83,75,1,-1,-1,-1
33,11,719,291,85,76,1,-1,-1,-1
34,11,718,292,86,77,1,-1,-1,-1
35,11,716,293,87,76,1,-1,-1,-1
36,11,717,293,86,81,1,-1,-1,-1
37,11,714,295,90,77,1,-1,-1,-1
38,11,711,295,94,81,1,-1,-1,-1
39,11,710,297,95,82,1,-1,-1,-1
40,11,712,297,92,81,1,-1,-1,-1
41,11,706,300,99,80,1,-1,-1,-1
42,11,706,301,99,81,1,-1,-1,-1
43,11,701,303,104,82,1,-1,-1,-1
44,11,703,304,102,83,1,-1,-1,-1
45,11,698,304,107,84,1,-1,-1,-1
46,11,696,307,108,84,1,-1,-1,-1
47,11,697,308,106,86,1,-1,-1,-1
48,11,697,309,105,86,1,-1,-1,-1
49,11,695,311,107,90,1,-1,-1,-1
50,11,695,312,106,91,1,-1,-1,-1
51,11,697,316,105,92,1,-1,-1,-1
52,11,696,316,107,95,1,-1,-1,-1
53,11,694,318,107,100,1,-1,-1,-1
54,11,695,322,108,96,1,-1,-1,-1
55,11,695,326,108,91,1,-1,-1,-1
56,11,695,328,108,93,1,-1,-1,-1
57,11,697,328,106,96,1,-1,-1,-1
58,11,694,333,109,96,1,-1,-1,-1
59,11,689,334,114,98,1,-1,-1,-1
60,11,687,339,117,99,1,-1,-1,-1
61,11,685,342,120,100,1,-1,-1,-1
62,11,682,346,124,101,1,-1,-1,-1
63,11,683,350,120,103,1,-1,-1,-1
64,11,682,354,122,103,1,-1,-1,-1
65,11,681,356,123,110,1,-1,-1,-1
66,11,675,358,133,118,1,-1,-1,-1
67,11,674,365,133,113,1,-1,-1,-1
68,11,674,368,132,118,1,-1,-1,-1
69,11,669,376,140,117,1,-1,-1,-1
70,11,667,379,141,123,1,-1,-1,-1
71,11,666,383,143,128,1,-1,-1,-1
72,11,662,388,146,131,1,-1,-1,-1
73,11,657,395,150,134,1,-1,-1,-1
74,11,654,400,155,140,1,-1,-1,-1
75,11,650,409,157,142,1,-1,-1,-1
76,11,647,417,161,148,1,-1,-1,-1
77,11,642,424,164,152,1,-1,-1,-1
78,11,634,435,175,154,1,-1,-1,-1
79,11,628,442,180,163,1,-1,-1,-1
80,11,624,455,184,166,1,-1,-1,-1
81,11,615,465,192,172,1,-1,-1,-1
82,11,609,475,198,181,1,-1,-1,-1
83,11,603,489,202,190,1,-1,-1,-1
84,11,594,503,215,198,1,-1,-1,-1
85,11,582,516,227,210,1,-1,-1,-1
86,11,575,534,229,221,1,-1,-1,-1
87,11,557,550,246,236,1,-1,-1,-1
88,11,548,574,249,249,1,-1,-1,-1
89,11,534,599,262,261,1,-1,-1,-1
90,11,517,626,279,280,1,-1,-1,-1
91,11,498,656,294,302,1,-1,-1,-1
92,11,477,689,312,328,1,-1,-1,-1
93,11,452,723,332,349,1,-1,-1,-1
94,11,424,765,357,310,1,-1,-1,-1
95,11,393,811,382,265,1,-1,-1,-1
96,11,358,864,413,210,1,-1,-1,-1
97,11,382,927,375,148,1,-1,-1,-1
98,11,391,1001,334,75,1,-1,-1,-1
117,13,1882,585,37,109,1,-1,-1,-1
118,13,1858,562,61,118,1,-1,-1,-1
119,13,1831,532,88,150,1,-1,-1,-1
120,13,1807,518,112,160,1,-1,-1,-1
121,13,1782,503,137,187,1,-1,-1,-1
122,13,1757,491,163,181,1,-1,-1,-1
123,13,1733,480,186,174,1,-1,-1,-1
124,13,1713,467,207,171,1,-1,-1,-1
125,13,1691,458,228,164,1,-1,-1,-1
126,13,1670,448,249,163,1,-1,-1,-1
127,13,1650,437,248,160,1,-1,-1,-1
128,13,1630,429,241,154,1,-1,-1,-1
129,13,1611,420,229,148,1,-1,-1,-1
130,13,1594,413,222,145,1,-1,-1,-1
131,13,1576,404,212,140,1,-1,-1,-1
132,13,1560,397,206,134,1,-1,-1,-1
133,13,1544,391,198,130,1,-1,-1,-1
134,13,1528,382,191,126,1,-1,-1,-1
135,13,1515,373,183,124,1,-1,-1,-1
136,13,1499,367,179,120,1,-1,-1,-1
137,13,1484,361,174,116,1,-1,-1,-1
138,13,1470,353,169,117,1,-1,-1,-1
139,13,1458,351,161,108,1,-1,-1,-1
140,13,1444,344,159,107,1,-1,-1,-1
141,13,1432,338,154,105,1,-1,-1,-1
142,13,1419,334,151,96,1,-1,-1,-1
143,13,1408,328,145,97,1,-1,-1,-1
144,13,1396,324,141,90,1,-1,-1,-1
145,13,1386,318,138,89,1,-1,-1,-1
146,13,1376,315,135,88,1,-1,-1,-1
147,13,1370,310,125,88,1,-1,-1,-1
148,13,1354,305,128,85,1,-1,-1,-1
149,13,1345,301,124,86,1,-1,-1,-1
150,13,1337,297,118,81,1,-1,-1,-1
151,13,1328,295,114,80,1,-1,-1,-1
152,13,1316,290,113,79,1,-1,-1,-1
153,13,1305,286,113,79,1,-1,-1,-1
154,13,1296,284,111,75,1,-1,-1,-1
155,13,1289,281,108,74,1,-1,-1,-1
156,13,1282,278,105,73,1,-1,-1,-1
157,13,1278,275,99,73,1,-1,-1,-1
158,13,1267,272,100,68,1,-1,-1,-1
159,13,1258,269,99,67,1,-1,-1,-1
160,13,1248,266,99,66,1,-1,-1,-1
161,13,1242,263,96,66,1,-1,-1,-1
162,13,1241,262,88,62,1,-1,-1,-1
163,13,1230,258,88,62,1,-1,-1,-1
164,13,1229,257,80,61,1,-1,-1,-1
165,13,1230,255,69,58,1,-1,-1,-1
166,13,1219,251,72,60,1,-1,-1,-1
167,13,1203,248,81,59,1,-1,-1,-1
168,13,1196,247,80,56,1,-1,-1,-1
169,13,1191,245,77,55,1,-1,-1,-1
170,13,1186,242,76,57,1,-1,-1,-1
171,13,1180,240,76,54,1,-1,-1,-1
172,13,1178,240,68,51,1,-1,-1,-1
173,13,1173,237,69,48,1,-1,-1,-1
174,13,1170,235,64,48,1,-1,-1,-1
175,13,1163,233,64,51,1,-1,-1,-1
176,13,1160,231,59,49,1,-1,-1,-1
177,13,1152,230,61,47,1,-1,-1,-1
178,13,1149,228,59,47,1,-1,-1,-1
179,13,1141,226,60,48,1,-1,-1,-1
180,13,1139,224,56,47,1,-1,-1,-1
181,13,1137,223,53,46,1,-1,-1,-1
182,13,1131,223,56,43,1,-1,-1,-1
183,13,1123,219,58,44,1,-1,-1,-1
184,13,1122,220,56,41,1,-1,-1,-1
185,13,1120,217,52,42,1,-1,-1,-1
186,13,1112,216,55,41,1,-1,-1,-1
187,13,1110,215,52,39,1,-1,-1,-1
188,13,1107,214,50,38,1,-1,-1,-1
189,13,1102,214,49,38,1,-1,-1,-1
190,13,1097,212,50,39,1,-1,-1,-1
191,13,1096,211,48,38,1,-1,-1,-1
192,13,1090,210,50,39,1,-1,-1,-1
193,13,1087,210,49,37,1,-1,-1,-1
194,13,1085,209,46,36,1,-1,-1,-1
195,13,1082,207,46,37,1,-1,-1,-1
196,13,1079,207,46,37,1,-1,-1,-1
197,13,1077,205,44,38,1,-1,-1,-1
198,13,1075,205,44,35,1,-1,-1,-1
199,13,1072,204,44,36,1,-1,-1,-1
200,13,1067,204,45,34,1,-1,-1,-1
201,13,1066,202,44,35,1,-1,-1,-1
202,13,1064,201,42,36,1,-1,-1,-1
203,13,1061,201,41,36,1,-1,-1,-1
204,13,1058,200,41,35,1,-1,-1,-1
205,13,1054,200,40,34,1,-1,-1,-1
206,13,1052,200,40,34,1,-1,-1,-1
207,13,1049,200,42,33,1,-1,-1,-1
208,13,1045,199,42,34,1,-1,-1,-1
209,13,1044,200,39,31,1,-1,-1,-1
210,13,1042,198,41,32,1,-1,-1,-1
211,13,1038,197,39,32,1,-1,-1,-1
212,13,1037,196,40,31,1,-1,-1,-1
213,13,1035,196,39,29,1,-1,-1,-1
214,13,1036,197,36,28,1,-1,-1,-1
215,13,1034,197,35,27,1,-1,-1,-1
216,13,1030,197,37,28,1,-1,-1,-1
217,13,1027,195,38,29,1,-1,-1,-1
218,13,1025,194,36,29,1,-1,-1,-1
219,13,1024,193,34,29,1,-1,-1,-1
220,13,1018,192,39,32,1,-1,-1,-1
221,13,1018,193,37,31,1,-1,-1,-1
222,13,1017,192,36,32,1,-1,-1,-1
223,13,1017,193,34,28,1,-1,-1,-1
224,13,1016,193,35,29,1,-1,-1,-1
225,13,1016,193,35,31,1,-1,-1,-1
226,13,1015,191,35,30,1,-1,-1,-1
227,13,1012,191,35,28,1,-1,-1,-1
228,13,1013,191,34,29,1,-1,-1,-1
229,13,1011,191,33,27,1,-1,-1,-1
230,13,1009,191,33,28,1,-1,-1,-1
231,13,1006,191,35,27,1,-1,-1,-1
232,13,1005,192,31,27,1,-1,-1,-1
233,13,1004,191,30,26,1,-1,-1,-1
234,13,1003,191,31,27,1,-1,-1,-1
235,13,1002,191,29,28,1,-1,-1,-1
236,13,1001,190,29,28,1,-1,-1,-1
3,14,824,174,36,36,1,-1,-1,-1
4,14,825,175,35,36,1,-1,-1,-1
5,14,824,174,35,37,1,-1,-1,-1
7,14,824,174,35,37,1,-1,-1,-1
8,14,824,177,36,35,1,-1,-1,-1
9,14,824,178,35,35,1,-1,-1,-1
10,14,824,178,35,35,1,-1,-1,-1
11,14,826,186,31,28,1,-1,-1,-1
12,14,825,180,33,33,1,-1,-1,-1
13,14,824,183,33,30,1,-1,-1,-1
14,14,821,184,36,29,1,-1,-1,-1
15,14,820,183,37,32,1,-1,-1,-1
16,14,820,182,38,34,1,-1,-1,-1
17,14,822,190,35,28,1,-1,-1,-1
18,14,822,191,35,27,1,-1,-1,-1
19,14,821,193,34,27,1,-1,-1,-1
20,14,819,195,34,25,1,-1,-1,-1
21,14,819,194,34,25,1,-1,-1,-1
22,14,817,193,35,26,1,-1,-1,-1
23,14,817,194,34,26,1,-1,-1,-1
24,14,818,195,33,25,1,-1,-1,-1
25,14,817,198,30,24,1,-1,-1,-1
26,14,816,199,32,24,1,-1,-1,-1
27,14,815,198,34,25,1,-1,-1,-1
28,14,814,196,36,26,1,-1,-1,-1
29,14,814,196,38,26,1,-1,-1,-1
30,14,814,197,37,26,1,-1,-1,-1
31,14,812,198,35,26,1,-1,-1,-1
32,14,810,201,36,25,1,-1,-1,-1
33,14,810,199,34,26,1,-1,-1,-1
34,14,810,200,34,26,1,-1,-1,-1
35,14,808,198,37,28,1,-1,-1,-1
36,14,808,203,34,26,1,-1,-1,-1
37,14,807,203,36,26,1,-1,-1,-1
38,14,805,203,36,26,1,-1,-1,-1
39,14,803,207,37,25,1,-1,-1,-1
40,14,804,207,37,25,1,-1,-1,-1
41,14,804,203,35,29,1,-1,-1,-1
42,14,805,208,34,26,1,-1,-1,-1
43,14,803,207,36,28,1,-1,-1,-1
44,14,801,208,37,29,1,-1,-1,-1
45,14,802,207,36,31,1,-1,-1,-1
46,14,802,207,36,31,1,-1,-1,-1
47,14,800,210,39,32,1,-1,-1,-1
48,14,799,212,37,30,1,-1,-1,-1
49,14,796,217,39,27,1,-1,-1,-1
50,14,796,210,38,35,1,-1,-1,-1
51,14,794,218,40,28,1,-1,-1,-1
52,14,792,215,42,32,1,-1,-1,-1
53,14,791,221,42,29,1,-1,-1,-1
54,14,790,219,42,33,1,-1,-1,-1
55,14,789,219,45,33,1,-1,-1,-1
56,14,788,222,44,34,1,-1,-1,-1
57,14,788,222,45,34,1,-1,-1,-1
58,14,786,221,47,38,1,-1,-1,-1
59,14,786,224,47,38,1,-1,-1,-1
60,14,785,225,50,38,1,-1,-1,-1
61,14,783,228,51,38,1,-1,-1,-1
62,14,782,225,52,44,1,-1,-1,-1
63,14,781,229,51,44,1,-1,-1,-1
64,14,778,230,53,45,1,-1,-1,-1
65,14,778,231,52,46,1,-1,-1,-1
66,14,774,233,54,46,1,-1,-1,-1
67,14,772,234,57,48,1,-1,-1,-1
68,14,770,238,58,48,1,-1,-1,-1
69,14,769,238,60,51,1,-1,-1,-1
70,14,767,240,61,52,1,-1,-1,-1
71,14,767,244,60,51,1,-1,-1,-1
72,14,764,246,61,51,1,-1,-1,-1
73,14,764,249,59,51,1,-1,-1,-1
74,14,762,252,60,53,1,-1,-1,-1
75,14,760,252,62,58,1,-1,-1,-1
76,14,756,256,67,56,1,-1,-1,-1
77,14,754,261,68,56,1,-1,-1,-1
78,14,752,266,68,57,1,-1,-1,-1
79,14,750,270,69,58,1,-1,-1,-1
80,14,748,271,69,61,1,-1,-1,-1
81,14,742,275,75,62,1,-1,-1,-1
82,14,743,277,73,66,1,-1,-1,-1
83,14,739,282,76,67,1,-1,-1,-1
84,14,738,286,79,68,1,-1,-1,-1
85,14,734,291,79,69,1,-1,-1,-1
86,14,731,294,82,74,1,-1,-1,-1
87,14,727,299,85,75,1,-1,-1,-1
88,14,724,305,88,78,1,-1,-1,-1
89,14,719,309,90,82,1,-1,-1,-1
90,14,716,315,92,84,1,-1,-1,-1
91,14,711,320,94,87,1,-1,-1,-1
92,14,706,329,102,88,1,-1,-1,-1
93,14,701,334,104,92,1,-1,-1,-1
94,14,698,341,106,95,1,-1,-1,-1
95,14,694,349,107,100,1,-1,-1,-1
96,14,686,357,115,102,1,-1,-1,-1
97,14,682,365,121,109,1,-1,-1,-1
98,14,675,375,123,112,1,-1,-1,-1
99,14,670,383,129,118,1,-1,-1,-1
100,14,659,396,137,124,1,-1,-1,-1
101,14,651,404,144,132,1,-1,-1,-1
102,14,647,419,146,138,1,-1,-1,-1
103,14,635,435,155,143,1,-1,-1,-1
104,14,625,448,163,154,1,-1,-1,-1
105,14,612,465,173,164,1,-1,-1,-1
106,14,597,488,186,171,1,-1,-1,-1
107,14,584,508,194,182,1,-1,-1,-1
108,14,568,532,207,198,1,-1,-1,-1
109,14,549,558,222,215,1,-1,-1,-1
110,14,528,590,235,231,1,-1,-1,-1
111,14,504,627,254,254,1,-1,-1,-1
112,14,478,668,272,285,1,-1,-1,-1
113,14,444,720,297,316,1,-1,-1,-1
114,14,407,783,323,295,1,-1,-1,-1
115,14,360,852,358,221,1,-1,-1,-1
116,14,366,938,329,139,1,-1,-1,-1
121,15,1882,782,37,173,1,-1,-1,-1
122,15,1854,755,64,172,1,-1,-1,-1
123,15,1827,734,92,177,1,-1,-1,-1
124,15,1796,707,123,206,1,-1,-1,-1
125,15,1767,678,152,278,1,-1,-1,-1
126,15,1739,657,179,290,1,-1,-1,-1
127,15,1714,638,205,271,1,-1,-1,-1
128,15,1687,619,232,261,1,-1,-1,-1
129,15,1659,604,258,249,1,-1,-1,-1
130,15,1637,585,283,243,1,-1,-1,-1
131,15,1611,567,309,232,1,-1,-1,-1
132,15,1592,552,319,226,1,-1,-1,-1
133,15,1567,537,311,215,1,-1,-1,-1
134,15,1548,520,299,211,1,-1,-1,-1
135,15,1526,508,288,201,1,-1,-1,-1
136,15,1508,493,274,194,1,-1,-1,-1
137,15,1487,483,264,185,1,-1,-1,-1
138,15,1468,471,257,179,1,-1,-1,-1
139,15,1451,459,246,174,1,-1,-1,-1
140,15,1436,449,233,164,1,-1,-1,-1
141,15,1419,440,226,159,1,-1,-1,-1
142,15,1402,425,219,157,1,-1,-1,-1
143,15,1390,416,208,151,1,-1,-1,-1
144,15,1376,409,200,146,1,-1,-1,-1
145,15,1362,401,193,140,1,-1,-1,-1
146,15,1349,393,185,134,1,-1,-1,-1
147,15,1337,382,178,133,1,-1,-1,-1
148,15,1323,376,174,129,1,-1,-1,-1
149,15,1312,369,164,124,1,-1,-1,-1
150,15,1297,359,163,123,1,-1,-1,-1
151,15,1306,355,137,116,1,-1,-1,-1
152,15,1277,349,150,112,1,-1,-1,-1
153,15,1269,347,143,105,1,-1,-1,-1
154,15,1254,337,145,107,1,-1,-1,-1
155,15,1246,332,138,103,1,-1,-1,-1
156,15,1236,327,136,99,1,-1,-1,-1
157,15,1228,321,128,97,1,-1,-1,-1
158,15,1218,314,125,96,1,-1,-1,-1
159,15,1208,311,123,92,1,-1,-1,-1
160,15,1200,304,120,92,1,-1,-1,-1
161,15,1193,301,114,86,1,-1,-1,-1
162,15,1201,298,94,84,1,-1,-1,-1
163,15,1177,292,107,82,1,-1,-1,-1
164,15,1167,287,106,82,1,-1,-1,-1
165,15,1160,285,104,79,1,-1,-1,-1
166,15,1153,280,101,77,1,-1,-1,-1
167,15,1147,277,98,76,1,-1,-1,-1
168,15,1139,273,95,75,1,-1,-1,-1
169,15,1136,271,89,70,1,-1,-1,-1
170,15,1128,266,90,72,1,-1,-1,-1
171,15,1127,262,84,69,1,-1,-1,-1
172,15,1120,261,82,66,1,-1,-1,-1
173,15,1110,258,87,66,1,-1,-1,-1
174,15,1106,257,81,62,1,-1,-1,-1
175,15,1103,252,77,64,1,-1,-1,-1
176,15,1098,252,75,61,1,-1,-1,-1
177,15,1090,246,77,63,1,-1,-1,-1
178,15,1083,242,76,63,1,-1,-1,-1
179,15,1081,240,72,61,1,-1,-1,-1
180,15,1076,238,71,59,1,-1,-1,-1
181,15,1071,237,70,57,1,-1,-1,-1
182,15,1068,236,67,55,1,-1,-1,-1
183,15,1063,232,68,54,1,-1,-1,-1
184,15,1062,230,65,53,1,-1,-1,-1
185,15,1061,230,60,51,1,-1,-1,-1
186,15,1056,228,62,51,1,-1,-1,-1
187,15,1051,226,61,49,1,-1,-1,-1
188,15,1049,224,58,49,1,-1,-1,-1
189,15,1047,223,55,49,1,-1,-1,-1
190,15,1040,222,56,47,1,-1,-1,-1
191,15,1038,220,56,46,1,-1,-1,-1
192,15,1034,219,54,46,1,-1,-1,-1
193,15,1031,218,54,45,1,-1,-1,-1
194,15,1028,216,54,44,1,-1,-1,-1
195,15,1027,215,52,42,1,-1,-1,-1
196,15,1025,213,50,42,1,-1,-1,-1
197,15,1023,212,50,42,1,-1,-1,-1
198,15,1022,211,49,40,1,-1,-1,-1
199,15,1019,211,48,39,1,-1,-1,-1
200,15,1019,209,44,40,1,-1,-1,-1
201,15,1015,209,46,38,1,-1,-1,-1
202,15,1012,207,47,38,1,-1,-1,-1
203,15,1012,204,44,40,1,-1,-1,-1
204,15,1008,205,46,35,1,-1,-1,-1
205,15,1008,205,40,35,1,-1,-1,-1
206,15,1005,204,40,34,1,-1,-1,-1
207,15,1003,203,41,33,1,-1,-1,-1
208,15,1003,203,40,32,1,-1,-1,-1
209,15,1001,203,39,32,1,-1,-1,-1
210,15,1000,201,39,34,1,-1,-1,-1
211,15,997,201,38,33,1,-1,-1,-1
212,15,997,201,37,31,1,-1,-1,-1
213,15,997,200,35,31,1,-1,-1,-1
214,15,995,199,36,30,1,-1,-1,-1
215,15,990,198,38,31,1,-1,-1,-1
216,15,989,198,36,30,1,-1,-1,-1
217,15,984,197,38,30,1,-1,-1,-1
218,15,980,196,39,31,1,-1,-1,-1
219,15,981,196,37,31,1,-1,-1,-1
220,15,976,190,38,35,1,-1,-1,-1
221,15,974,190,35,31,1,-1,-1,-1
222,15,975,190,36,32,1,-1,-1,-1
223,15,973,188,36,34,1,-1,-1,-1
224,15,972,187,37,34,1,-1,-1,-1
225,15,971,188,35,32,1,-1,-1,-1
226,15,970,187,35,33,1,-1,-1,-1
227,15,970,187,32,32,1,-1,-1,-1
228,15,969,186,34,32,1,-1,-1,-1
229,15,968,184,33,33,1,-1,-1,-1
230,15,967,186,34,32,1,-1,-1,-1
231,15,964,185,33,32,1,-1,-1,-1
232,15,963,183,32,32,1,-1,-1,-1
233,15,962,183,33,32,1,-1,-1,-1
234,15,961,183,30,31,1,-1,-1,-1
235,15,960,183,29,31,1,-1,-1,-1
236,15,960,183,25,30,1,-1,-1,-1
237,15,960,183,27,30,1,-1,-1,-1
238,15,959,183,27,29,1,-1,-1,-1
239,15,958,182,27,30,1,-1,-1,-1
240,15,957,181,27,28,1,-1,-1,-1
241,15,956,182,27,28,1,-1,-1,-1
242,15,955,182,26,27,1,-1,-1,-1
243,15,955,182,24,27,1,-1,-1,-1
244,15,953,182,25,28,1,-1,-1,-1
245,15,952,182,28,27,1,-1,-1,-1
246,15,952,182,27,27,1,-1,-1,-1
247,15,951,183,26,26,1,-1,-1,-1
248,15,950,184,30,27,1,-1,-1,-1
273,15,928,181,26,27,1,-1,-1,-1
274,15,928,181,26,27,1,-1,-1,-1
275,15,927,182,26,26,1,-1,-1,-1
276,15,927,181,25,26,1,-1,-1,-1
277,15,927,181,26,26,1,-1,-1,-1
278,15,928,181,26,26,1,-1,-1,-1
279,15,928,181,28,27,1,-1,-1,-1
280,15,928,182,28,26,1,-1,-1,-1
281,15,927,182,29,26,1,-1,-1,-1
282,15,927,182,29,26,1,-1,-1,-1
283,15,927,181,26,26,1,-1,-1,-1
284,15,927,181,25,26,1,-1,-1,-1
285,15,927,181,25,26,1,-1,-1,-1
286,15,927,181,27,25,1,-1,-1,-1
287,15,926,180,28,26,1,-1,-1,-1
288,15,926,180,28,27,1,-1,-1,-1
289,15,925,180,27,25,1,-1,-1,-1
290,15,925,180,26,25,1,-1,-1,-1
291,15,925,180,26,25,1,-1,-1,-1
292,15,924,180,26,26,1,-1,-1,-1
293,15,924,180,24,26,1,-1,-1,-1
294,15,924,180,24,26,1,-1,-1,-1
295,15,925,180,26,26,1,-1,-1,-1
296,15,925,179,28,27,1,-1,-1,-1
297,15,925,179,27,27,1,-1,-1,-1
298,15,924,180,27,25,1,-1,-1,-1
299,15,922,180,27,25,1,-1,-1,-1
300,15,922,180,28,25,1,-1,-1,-1
301,15,922,180,28,25,1,-1,-1,-1
302,15,921,181,27,25,1,-1,-1,-1
303,15,922,180,28,26,1,-1,-1,-1
304,15,920,180,31,27,1,-1,-1,-1
305,15,919,180,31,26,1,-1,-1,-1
306,15,919,180,33,27,1,-1,-1,-1
307,15,920,180,32,27,1,-1,-1,-1
308,15,921,180,31,27,1,-1,-1,-1
309,15,920,180,33,27,1,-1,-1,-1
310,15,919,179,35,27,1,-1,-1,-1
311,15,919,178,35,27,1,-1,-1,-1
312,15,920,178,36,27,1,-1,-1,-1
156,19,1823,504,96,158,1,-1,-1,-1
157,19,1791,484,128,167,1,-1,-1,-1
158,19,1759,466,160,226,1,-1,-1,-1
159,19,1730,454,189,215,1,-1,-1,-1
160,19,1698,444,219,204,1,-1,-1,-1
161,19,1671,430,249,198,1,-1,-1,-1
162,19,1646,423,272,187,1,-1,-1,-1
163,19,1620,409,275,184,1,-1,-1,-1
164,19,1596,398,262,177,1,-1,-1,-1
165,19,1574,390,250,171,1,-1,-1,-1
166,19,1551,381,243,165,1,-1,-1,-1
167,19,1533,372,228,161,1,-1,-1,-1
168,19,1514,368,219,150,1,-1,-1,-1
169,19,1494,358,212,148,1,-1,-1,-1
170,19,1474,351,207,143,1,-1,-1,-1
171,19,1461,343,195,139,1,-1,-1,-1
172,19,1444,338,187,133,1,-1,-1,-1
173,19,1428,329,181,133,1,-1,-1,-1
174,19,1413,324,174,128,1,-1,-1,-1
175,19,1398,317,169,123,1,-1,-1,-1
176,19,1384,312,161,121,1,-1,-1,-1
177,19,1370,307,156,115,1,-1,-1,-1
178,19,1357,304,151,110,1,-1,-1,-1
179,19,1346,297,145,109,1,-1,-1,-1
180,19,1333,293,141,105,1,-1,-1,-1
181,19,1323,288,136,102,1,-1,-1,-1
182,19,1312,284,133,100,1,-1,-1,-1
183,19,1301,280,130,97,1,-1,-1,-1
184,19,1294,277,125,94,1,-1,-1,-1
185,19,1285,273,121,92,1,-1,-1,-1
186,19,1276,269,117,91,1,-1,-1,-1
187,19,1268,266,112,88,1,-1,-1,-1
188,19,1259,263,110,85,1,-1,-1,-1
189,19,1250,260,106,83,1,-1,-1,-1
190,19,1242,258,104,79,1,-1,-1,-1
191,19,1233,255,101,77,1,-1,-1,-1
192,19,1226,251,99,78,1,-1,-1,-1
193,19,1216,248,98,77,1,-1,-1,-1
194,19,1208,245,97,74,1,-1,-1,-1
195,19,1202,245,94,71,1,-1,-1,-1
196,19,1199,242,90,68,1,-1,-1,-1
197,19,1192,238,87,68,1,-1,-1,-1
198,19,1185,237,88,66,1,-1,-1,-1
199,19,1182,233,83,66,1,-1,-1,-1
200,19,1174,231,85,67,1,-1,-1,-1
201,19,1168,231,80,62,1,-1,-1,-1
202,19,1162,229,79,61,1,-1,-1,-1
203,19,1156,227,78,60,1,-1,-1,-1
204,19,1151,226,76,58,1,-1,-1,-1
205,19,1145,223,73,57,1,-1,-1,-1
206,19,1140,222,72,56,1,-1,-1,-1
207,19,1136,219,70,56,1,-1,-1,-1
208,19,1132,218,69,56,1,-1,-1,-1
209,19,1127,216,68,57,1,-1,-1,-1
210,19,1124,215,65,51,1,-1,-1,-1
211,19,1122,213,62,51,1,-1,-1,-1
212,19,1119,213,60,50,1,-1,-1,-1
213,19,1115,211,58,49,1,-1,-1,-1
214,19,1111,209,57,47,1,-1,-1,-1
215,19,1105,208,58,46,1,-1,-1,-1
216,19,1100,207,60,44,1,-1,-1,-1
217,19,1098,207,55,39,1,-1,-1,-1
218,19,1098,207,49,38,1,-1,-1,-1
219,19,1090,206,51,37,1,-1,-1,-1
220,19,1088,204,51,36,1,-1,-1,-1
221,19,1084,202,50,34,1,-1,-1,-1
222,19,1081,202,50,34,1,-1,-1,-1
223,19,1080,202,48,34,1,-1,-1,-1
224,19,1076,199,47,32,1,-1,-1,-1
225,19,1072,199,46,41,1,-1,-1,-1
226,19,1069,199,47,39,1,-1,-1,-1
227,19,1068,199,46,38,1,-1,-1,-1
228,19,1064,199,47,37,1,-1,-1,-1
229,19,1061,198,47,36,1,-1,-1,-1
230,19,1061,197,45,37,1,-1,-1,-1
231,19,1058,195,41,34,1,-1,-1,-1
232,19,1053,195,43,35,1,-1,-1,-1
233,19,1054,193,39,38,1,-1,-1,-1
234,19,1050,193,40,34,1,-1,-1,-1
235,19,1046,193,41,33,1,-1,-1,-1
236,19,1044,192,41,34,1,-1,-1,-1
237,19,1043,192,38,31,1,-1,-1,-1
238,19,1042,193,36,33,1,-1,-1,-1
239,19,1040,191,36,35,1,-1,-1,-1
240,19,1038,191,34,35,1,-1,-1,-1
241,19,1038,190,33,34,1,-1,-1,-1
242,19,1037,191,33,36,1,-1,-1,-1
243,19,1033,191,33,35,1,-1,-1,-1
244,19,1031,190,33,35,1,-1,-1,-1
245,19,1028,190,33,35,1,-1,-1,-1
246,19,1026,190,32,32,1,-1,-1,-1
247,19,1022,190,34,33,1,-1,-1,-1
248,19,1019,190,33,30,1,-1,-1,-1
249,19,1017,189,35,30,1,-1,-1,-1
250,19,1017,189,32,33,1,-1,-1,-1
251,19,1018,188,29,32,1,-1,-1,-1
252,19,1016,188,30,35,1,-1,-1,-1
253,19,1003,189,41,33,1,-1,-1,-1
254,19,1011,188,32,33,1,-1,-1,-1
255,19,1007,189,33,33,1,-1,-1,-1
256,19,1005,187,34,32,1,-1,-1,-1
257,19,1003,186,34,32,1,-1,-1,-1
258,19,1004,187,31,31,1,-1,-1,-1
259,19,999,187,33,31,1,-1,-1,-1
260,19,998,187,31,30,1,-1,-1,-1
261,19,999,186,28,30,1,-1,-1,-1
262,19,998,186,27,30,1,-1,-1,-1
263,19,997,186,27,29,1,-1,-1,-1
264,19,995,186,25,26,1,-1,-1,-1
265,19,993,187,27,27,1,-1,-1,-1
266,19,993,186,25,26,1,-1,-1,-1
268,19,990,185,27,26,1,-1,-1,-1
270,19,982,185,33,27,1,-1,-1,-1
271,19,976,184,37,26,1,-1,-1,-1
272,19,980,183,31,27,1,-1,-1,-1
273,19,978,183,32,25,1,-1,-1,-1
274,19,972,183,36,25,1,-1,-1,-1
275,19,954,183,51,26,1,-1,-1,-1
276,19,958,182,47,25,1,-1,-1,-1
277,19,955,181,48,26,1,-1,-1,-1
278,19,950,180,49,28,1,-1,-1,-1
279,19,968,181,32,26,1,-1,-1,-1
281,19,936,181,63,26,1,-1,-1,-1
282,19,963,180,32,26,1,-1,-1,-1
283,19,964,181,31,25,1,-1,-1,-1
284,19,960,181,34,25,1,-1,-1,-1
285,19,959,181,33,25,1,-1,-1,-1
292,19,937,180,47,25,1,-1,-1,-1
293,19,946,180,39,25,1,-1,-1,-1
313,19,918,177,38,28,1,-1,-1,-1
314,19,918,178,38,28,1,-1,-1,-1
315,19,918,178,38,27,1,-1,-1,-1
316,19,917,178,33,28,1,-1,-1,-1
317,19,916,177,35,28,1,-1,-1,-1
318,19,916,177,35,28,1,-1,-1,-1
319,19,917,178,33,27,1,-1,-1,-1
320,19,916,177,33,28,1,-1,-1,-1
321,19,917,177,33,28,1,-1,-1,-1
322,19,916,177,34,28,1,-1,-1,-1
323,19,917,177,33,28,1,-1,-1,-1
324,19,917,176,35,29,1,-1,-1,-1
325,19,916,176,36,29,1,-1,-1,-1
326,19,916,176,36,29,1,-1,-1,-1
327,19,917,176,36,29,1,-1,-1,-1
328,19,917,176,35,29,1,-1,-1,-1
329,19,917,177,34,29,1,-1,-1,-1
330,19,920,177,33,29,1,-1,-1,-1
331,19,917,177,34,29,1,-1,-1,-1
332,19,917,177,32,29,1,-1,-1,-1
333,19,916,176,34,30,1,-1,-1,-1
334,19,917,177,33,29,1,-1,-1,-1
335,19,915,177,35,29,1,-1,-1,-1
336,19,913,176,36,30,1,-1,-1,-1
337,19,914,175,36,31,1,-1,-1,-1
338,19,915,174,35,31,1,-1,-1,-1
339,19,915,174,34,30,1,-1,-1,-1
340,19,915,174,35,30,1,-1,-1,-1
341,19,913,174,37,31,1,-1,-1,-1
342,19,915,174,34,31,1,-1,-1,-1
343,19,915,175,33,31,1,-1,-1,-1
344,19,916,175,31,31,1,-1,-1,-1
345,19,920,176,25,30,1,-1,-1,-1
346,19,918,175,28,31,1,-1,-1,-1
347,19,920,175,25,31,1,-1,-1,-1
348,19,920,175,26,31,1,-1,-1,-1
349,19,920,176,26,31,1,-1,-1,-1
350,19,921,177,25,29,1,-1,-1,-1
351,19,924,177,26,29,1,-1,-1,-1
352,19,923,178,27,28,1,-1,-1,-1
353,19,923,178,28,27,1,-1,-1,-1
354,19,920,177,31,27,1,-1,-1,-1
355,19,918,176,31,29,1,-1,-1,-1
356,19,920,177,29,28,1,-1,-1,-1
357,19,922,177,27,28,1,-1,-1,-1
358,19,922,178,26,28,1,-1,-1,-1
359,19,921,178,26,28,1,-1,-1,-1
360,19,922,178,25,28,1,-1,-1,-1
361,19,927,182,24,27,1,-1,-1,-1
362,19,927,181,24,28,1,-1,-1,-1
363,19,927,180,23,29,1,-1,-1,-1
364,19,927,181,24,27,1,-1,-1,-1
365,19,927,181,23,26,1,-1,-1,-1
366,19,926,182,25,25,1,-1,-1,-1
367,19,927,180,24,26,1,-1,-1,-1
368,19,928,180,24,27,1,-1,-1,-1
369,19,927,180,25,27,1,-1,-1,-1
370,19,925,178,26,28,1,-1,-1,-1
371,19,925,178,26,29,1,-1,-1,-1
372,19,927,180,24,29,1,-1,-1,-1
373,19,926,178,23,30,1,-1,-1,-1
374,19,926,177,23,31,1,-1,-1,-1
375,19,925,177,23,31,1,-1,-1,-1
376,19,926,177,23,32,1,-1,-1,-1
377,19,927,177,22,31,1,-1,-1,-1
378,19,926,178,22,29,1,-1,-1,-1
379,19,927,178,22,28,1,-1,-1,-1
397,19,928,177,35,32,1,-1,-1,-1
398,19,929,178,37,31,1,-1,-1,-1
399,19,930,178,38,31,1,-1,-1,-1
400,19,934,179,35,31,1,-1,-1,-1
401,19,934,179,35,31,1,-1,-1,-1
402,19,933,180,34,30,1,-1,-1,-1
403,19,930,180,37,28,1,-1,-1,-1
404,19,929,180,35,29,1,-1,-1,-1
405,19,928,179,35,29,1,-1,-1,-1
406,19,927,179,36,29,1,-1,-1,-1
407,19,926,177,31,30,1,-1,-1,-1
408,19,926,177,30,29,1,-1,-1,-1
409,19,926,176,31,30,1,-1,-1,-1
410,19,926,176,33,30,1,-1,-1,-1
411,19,925,178,34,28,1,-1,-1,-1
412,19,926,176,36,30,1,-1,-1,-1
413,19,924,176,34,31,1,-1,-1,-1
414,19,924,176,33,31,1,-1,-1,-1
415,19,923,176,35,30,1,-1,-1,-1
416,19,922,176,34,30,1,-1,-1,-1
417,19,923,176,33,30,1,-1,-1,-1
418,19,923,177,32,30,1,-1,-1,-1
419,19,925,178,30,30,1,-1,-1,-1
420,19,925,178,29,29,1,-1,-1,-1
421,19,924,178,31,28,1,-1,-1,-1
422,19,924,177,30,29,1,-1,-1,-1
423,19,924,178,30,28,1,-1,-1,-1
424,19,925,178,27,28,1,-1,-1,-1
425,19,926,178,26,29,1,-1,-1,-1
426,19,927,178,24,29,1,-1,-1,-1
427,19,927,177,23,30,1,-1,-1,-1
428,19,926,177,23,31,1,-1,-1,-1
429,19,926,177,23,30,1,-1,-1,-1
430,19,925,177,24,30,1,-1,-1,-1
431,19,924,177,24,30,1,-1,-1,-1
432,19,924,176,24,30,1,-1,-1,-1
433,19,926,177,23,29,1,-1,-1,-1
434,19,926,176,23,29,1,-1,-1,-1
456,19,920,173,25,33,1,-1,-1,-1
461,19,920,176,27,31,1,-1,-1,-1
462,19,922,176,26,30,1,-1,-1,-1
463,19,921,176,27,30,1,-1,-1,-1
464,19,922,177,27,29,1,-1,-1,-1
465,19,921,178,29,28,1,-1,-1,-1
466,19,921,177,29,28,1,-1,-1,-1
467,19,920,176,29,29,1,-1,-1,-1
468,19,919,176,27,30,1,-1,-1,-1
469,19,918,177,29,29,1,-1,-1,-1
470,19,920,178,28,28,1,-1,-1,-1
471,19,920,179,29,27,1,-1,-1,-1
472,19,921,178,29,28,1,-1,-1,-1
473,19,921,178,31,28,1,-1,-1,-1
474,19,921,178,30,28,1,-1,-1,-1
475,19,922,179,28,27,1,-1,-1,-1
476,19,923,178,27,28,1,-1,-1,-1
477,19,923,178,27,28,1,-1,-1,-1
478,19,922,178,29,27,1,-1,-1,-1
479,19,922,179,29,27,1,-1,-1,-1
480,19,923,179,28,27,1,-1,-1,-1
481,19,920,178,32,28,1,-1,-1,-1
482,19,922,178,30,28,1,-1,-1,-1
483,19,925,179,24,28,1,-1,-1,-1
484,19,924,177,26,31,1,-1,-1,-1
485,19,922,177,26,32,1,-1,-1,-1
486,19,921,176,26,32,1,-1,-1,-1
487,19,922,175,25,32,1,-1,-1,-1
488,19,923,176,23,32,1,-1,-1,-1
489,19,923,176,24,32,1,-1,-1,-1
490,19,924,177,24,31,1,-1,-1,-1
492,19,922,177,27,30,1,-1,-1,-1
493,19,921,177,28,29,1,-1,-1,-1
494,19,923,178,25,29,1,-1,-1,-1
495,19,926,177,23,29,1,-1,-1,-1
507,19,925,176,23,30,1,-1,-1,-1
508,19,925,176,23,30,1,-1,-1,-1
509,19,926,176,22,31,1,-1,-1,-1
519,19,926,179,21,28,1,-1,-1,-1
520,19,926,179,22,28,1,-1,-1,-1
521,19,927,178,21,29,1,-1,-1,-1
522,19,927,179,21,28,1,-1,-1,-1
523,19,927,179,21,28,1,-1,-1,-1
524,19,927,180,22,26,1,-1,-1,-1
525,19,927,180,22,26,1,-1,-1,-1
526,19,927,182,20,25,1,-1,-1,-1
535,19,928,181,21,26,1,-1,-1,-1
536,19,928,181,21,27,1,-1,-1,-1
553,19,927,182,22,25,1,-1,-1,-1
554,19,927,183,21,25,1,-1,-1,-1
557,19,926,182,22,27,1,-1,-1,-1
558,19,926,182,24,27,1,-1,-1,-1
559,19,926,182,26,26,1,-1,-1,-1
560,19,926,182,27,26,1,-1,-1,-1
561,19,926,182,28,26,1,-1,-1,-1
562,19,927,182,27,25,1,-1,-1,-1
563,19,926,181,28,26,1,-1,-1,-1
564,19,927,181,26,26,1,-1,-1,-1
565,19,927,181,23,26,1,-1,-1,-1
566,19,926,181,25,26,1,-1,-1,-1
567,19,926,181,24,26,1,-1,-1,-1
568,19,927,181,22,26,1,-1,-1,-1
569,19,926,181,23,27,1,-1,-1,-1
570,19,926,180,22,29,1,-1,-1,-1
573,19,927,181,22,27,1,-1,-1,-1
574,19,927,180,23,26,1,-1,-1,-1
575,19,927,179,24,26,1,-1,-1,-1
576,19,927,179,23,27,1,-1,-1,-1
577,19,927,179,24,26,1,-1,-1,-1
578,19,927,180,23,26,1,-1,-1,-1
582,19,927,180,21,28,1,-1,-1,-1
587,19,927,179,23,29,1,-1,-1,-1
592,19,926,178,22,27,1,-1,-1,-1
600,19,925,178,28,31,1,-1,-1,-1
601,19,926,180,27,28,1,-1,-1,-1
602,19,926,179,29,28,1,-1,-1,-1
603,19,926,178,29,27,1,-1,-1,-1
604,19,926,178,30,27,1,-1,-1,-1
605,19,927,177,30,28,1,-1,-1,-1
606,19,926,178,30,28,1,-1,-1,-1
607,19,924,178,31,27,1,-1,-1,-1
608,19,924,178,32,29,1,-1,-1,-1
609,19,925,179,31,29,1,-1,-1,-1
610,19,923,177,29,31,1,-1,-1,-1
611,19,923,178,30,29,1,-1,-1,-1
612,19,924,178,26,29,1,-1,-1,-1
613,19,925,178,26,29,1,-1,-1,-1
614,19,926,178,24,29,1,-1,-1,-1
615,19,928,179,23,28,1,-1,-1,-1
616,19,927,178,25,28,1,-1,-1,-1
617,19,926,178,26,28,1,-1,-1,-1
618,19,925,178,26,28,1,-1,-1,-1
619,19,926,178,26,28,1,-1,-1,-1
620,19,927,178,24,28,1,-1,-1,-1
621,19,925,177,25,30,1,-1,-1,-1
622,19,926,177,24,30,1,-1,-1,-1
623,19,926,177,23,31,1,-1,-1,-1
624,19,924,176,22,32,1,-1,-1,-1
625,19,924,176,23,32,1,-1,-1,-1
626,19,924,177,23,31,1,-1,-1,-1
631,19,927,175,22,32,1,-1,-1,-1
632,19,926,174,23,32,1,-1,-1,-1
633,19,926,173,22,33,1,-1,-1,-1
188,20,1784,672,135,222,1,-1,-1,-1
189,20,1708,611,211,313,1,-1,-1,-1
190,20,1638,563,281,279,1,-1,-1,-1
191,20,1572,521,345,259,1,-1,-1,-1
192,20,1525,490,334,230,1,-1,-1,-1
193,20,1480,463,302,207,1,-1,-1,-1
194,20,1442,438,275,193,1,-1,-1,-1
195,20,1405,417,255,179,1,-1,-1,-1
196,20,1376,400,233,165,1,-1,-1,-1
197,20,1348,384,218,154,1,-1,-1,-1
198,20,1324,368,199,145,1,-1,-1,-1
199,20,1299,355,189,138,1,-1,-1,-1
200,20,1278,343,178,129,1,-1,-1,-1
201,20,1261,332,166,123,1,-1,-1,-1
202,20,1242,322,157,117,1,-1,-1,-1
203,20,1224,313,150,111,1,-1,-1,-1
204,20,1207,304,143,106,1,-1,-1,-1
205,20,1194,296,134,103,1,-1,-1,-1
206,20,1181,288,127,98,1,-1,-1,-1
207,20,1167,281,125,95,1,-1,-1,-1
208,20,1157,279,117,87,1,-1,-1,-1
209,20,1147,274,114,85,1,-1,-1,-1
210,20,1136,267,110,83,1,-1,-1,-1
211,20,1129,268,105,75,1,-1,-1,-1
212,20,1122,263,100,71,1,-1,-1,-1
213,20,1117,255,93,72,1,-1,-1,-1
214,20,1108,255,91,67,1,-1,-1,-1
215,20,1101,248,88,70,1,-1,-1,-1
216,20,1095,248,86,63,1,-1,-1,-1
217,20,1086,242,84,63,1,-1,-1,-1
218,20,1080,240,82,60,1,-1,-1,-1
219,20,1074,238,77,57,1,-1,-1,-1
220,20,1069,237,76,54,1,-1,-1,-1
221,20,1066,234,72,53,1,-1,-1,-1
222,20,1063,229,69,53,1,-1,-1,-1
223,20,1059,228,66,50,1,-1,-1,-1
224,20,1053,225,68,49,1,-1,-1,-1
225,20,1052,215,64,57,1,-1,-1,-1
226,20,1045,222,63,47,1,-1,-1,-1
227,20,1040,218,61,47,1,-1,-1,-1
228,20,1038,216,61,47,1,-1,-1,-1
229,20,1034,220,59,41,1,-1,-1,-1
230,20,1032,217,56,41,1,-1,-1,-1
231,20,1025,215,55,41,1,-1,-1,-1
232,20,1022,214,54,38,1,-1,-1,-1
233,20,1021,212,51,38,1,-1,-1,-1
234,20,1017,212,51,38,1,-1,-1,-1
235,20,1015,212,48,37,1,-1,-1,-1
236,20,1014,209,45,39,1,-1,-1,-1
237,20,1011,210,45,35,1,-1,-1,-1
238,20,1004,204,46,35,1,-1,-1,-1
239,20,1002,206,47,33,1,-1,-1,-1
240,20,1001,206,46,32,1,-1,-1,-1
241,20,999,207,45,29,1,-1,-1,-1
242,20,996,194,45,40,1,-1,-1,-1
243,20,993,198,36,34,1,-1,-1,-1
244,20,991,196,39,36,1,-1,-1,-1
245,20,988,195,41,37,1,-1,-1,-1
246,20,986,193,40,37,1,-1,-1,-1
247,20,984,193,40,36,1,-1,-1,-1
248,20,982,194,40,34,1,-1,-1,-1
249,20,979,195,40,32,1,-1,-1,-1
250,20,980,192,38,33,1,-1,-1,-1
251,20,978,191,39,34,1,-1,-1,-1
252,20,979,189,37,34,1,-1,-1,-1
253,20,978,193,36,30,1,-1,-1,-1
254,20,977,192,35,31,1,-1,-1,-1
255,20,974,190,36,32,1,-1,-1,-1
256,20,971,188,34,32,1,-1,-1,-1
259,20,965,188,34,31,1,-1,-1,-1
261,20,961,184,36,32,1,-1,-1,-1
267,20,955,186,34,27,1,-1,-1,-1
268,20,954,183,35,28,1,-1,-1,-1
269,20,955,183,32,27,1,-1,-1,-1
270,20,953,183,33,28,1,-1,-1,-1
220,21,1842,513,77,130,1,-1,-1,-1
221,21,1779,479,140,164,1,-1,-1,-1
222,21,1726,454,193,154,1,-1,-1,-1
223,21,1678,432,212,146,1,-1,-1,-1
224,21,1632,415,200,136,1,-1,-1,-1
225,21,1595,400,184,125,1,-1,-1,-1
226,21,1558,385,174,121,1,-1,-1,-1
227,21,1525,369,165,115,1,-1,-1,-1
228,21,1495,358,156,109,1,-1,-1,-1
229,21,1467,347,148,102,1,-1,-1,-1
230,21,1452,339,131,96,1,-1,-1,-1
231,21,1419,328,131,90,1,-1,-1,-1
232,21,1398,317,123,88,1,-1,-1,-1
233,21,1378,311,119,83,1,-1,-1,-1
234,21,1357,303,116,81,1,-1,-1,-1
235,21,1344,298,106,77,1,-1,-1,-1
236,21,1324,292,104,74,1,-1,-1,-1
237,21,1308,287,100,69,1,-1,-1,-1
238,21,1294,280,98,70,1,-1,-1,-1
239,21,1291,277,84,65,1,-1,-1,-1
240,21,1270,271,90,65,1,-1,-1,-1
241,21,1258,268,87,62,1,-1,-1,-1
242,21,1245,264,85,58,1,-1,-1,-1
243,21,1240,261,76,56,1,-1,-1,-1
244,21,1227,254,76,56,1,-1,-1,-1
245,21,1217,252,74,54,1,-1,-1,-1
246,21,1206,248,74,53,1,-1,-1,-1
247,21,1198,243,71,53,1,-1,-1,-1
248,21,1191,242,68,52,1,-1,-1,-1
249,21,1182,240,67,49,1,-1,-1,-1
250,21,1174,237,64,46,1,-1,-1,-1
251,21,1169,233,62,47,1,-1,-1,-1
252,21,1162,231,59,45,1,-1,-1,-1
253,21,1154,229,61,45,1,-1,-1,-1
254,21,1150,227,57,45,1,-1,-1,-1
255,21,1145,225,54,44,1,-1,-1,-1
256,21,1137,223,54,42,1,-1,-1,-1
257,21,1130,221,57,42,1,-1,-1,-1
258,21,1125,220,53,40,1,-1,-1,-1
259,21,1120,218,50,38,1,-1,-1,-1
260,21,1115,216,49,37,1,-1,-1,-1
261,21,1108,214,50,38,1,-1,-1,-1
262,21,1104,214,47,36,1,-1,-1,-1
263,21,1100,213,46,36,1,-1,-1,-1
264,21,1097,210,46,37,1,-1,-1,-1
265,21,1091,209,47,36,1,-1,-1,-1
266,21,1087,208,44,34,1,-1,-1,-1
267,21,1085,209,43,33,1,-1,-1,-1
268,21,1080,206,42,32,1,-1,-1,-1
269,21,1076,206,42,31,1,-1,-1,-1
270,21,1074,204,41,33,1,-1,-1,-1
271,21,1068,203,43,34,1,-1,-1,-1
272,21,1065,202,41,32,1,-1,-1,-1
273,21,1062,201,40,32,1,-1,-1,-1
274,21,1058,201,38,30,1,-1,-1,-1
275,21,1055,201,37,29,1,-1,-1,-1
276,21,1051,201,38,28,1,-1,-1,-1
277,21,1048,199,38,28,1,-1,-1,-1
278,21,1044,199,39,28,1,-1,-1,-1
279,21,1043,199,36,28,1,-1,-1,-1
280,21,1040,197,36,29,1,-1,-1,-1
281,21,1039,197,34,29,1,-1,-1,-1
282,21,1038,197,33,28,1,-1,-1,-1
283,21,1033,196,35,29,1,-1,-1,-1
284,21,1030,195,37,28,1,-1,-1,-1
285,21,1028,194,36,28,1,-1,-1,-1
286,21,1026,194,34,27,1,-1,-1,-1
287,21,1024,194,34,27,1,-1,-1,-1
288,21,1018,194,36,29,1,-1,-1,-1
289,21,1019,194,34,27,1,-1,-1,-1
290,21,1018,194,31,26,1,-1,-1,-1
291,21,1016,193,31,25,1,-1,-1,-1
292,21,1015,193,31,26,1,-1,-1,-1
293,21,1013,193,30,25,1,-1,-1,-1
294,21,1012,192,28,27,1,-1,-1,-1
295,21,1008,192,31,26,1,-1,-1,-1
296,21,1007,191,30,26,1,-1,-1,-1
297,21,1006,191,29,25,1,-1,-1,-1
298,21,1006,190,27,25,1,-1,-1,-1
299,21,1002,189,31,25,1,-1,-1,-1
300,21,1002,189,29,25,1,-1,-1,-1
301,21,1000,190,27,24,1,-1,-1,-1
302,21,998,191,26,23,1,-1,-1,-1
303,21,998,190,26,24,1,-1,-1,-1
304,21,997,191,24,23,1,-1,-1,-1
305,21,996,190,23,23,1,-1,-1,-1
140,22,820,178,36,29,1,-1,-1,-1
141,22,819,179,37,30,1,-1,-1,-1
142,22,820,179,37,30,1,-1,-1,-1
143,22,821,180,35,30,1,-1,-1,-1
144,22,822,182,34,29,1,-1,-1,-1
145,22,824,183,33,28,1,-1,-1,-1
146,22,824,183,32,28,1,-1,-1,-1
147,22,823,184,33,27,1,-1,-1,-1
149,22,821,188,32,26,1,-1,-1,-1
150,22,820,189,33,24,1,-1,-1,-1
151,22,818,190,34,25,1,-1,-1,-1
152,22,816,189,37,26,1,-1,-1,-1
153,22,815,190,37,27,1,-1,-1,-1
154,22,814,186,41,29,1,-1,-1,-1
155,22,814,187,41,29,1,-1,-1,-1
156,22,814,188,42,30,1,-1,-1,-1
157,22,815,188,41,29,1,-1,-1,-1
158,22,816,190,39,29,1,-1,-1,-1
159,22,816,190,39,29,1,-1,-1,-1
160,22,815,188,40,29,1,-1,-1,-1
161,22,816,191,36,26,1,-1,-1,-1
162,22,813,193,37,25,1,-1,-1,-1
163,22,810,191,41,28,1,-1,-1,-1
164,22,811,194,40,26,1,-1,-1,-1
165,22,810,191,44,30,1,-1,-1,-1
166,22,807,193,42,29,1,-1,-1,-1
167,22,807,193,42,29,1,-1,-1,-1
168,22,806,193,44,29,1,-1,-1,-1
169,22,806,193,47,30,1,-1,-1,-1
170,22,806,191,49,32,1,-1,-1,-1
171,22,808,194,41,30,1,-1,-1,-1
172,22,808,192,44,33,1,-1,-1,-1
173,22,807,193,41,32,1,-1,-1,-1
174,22,805,194,43,33,1,-1,-1,-1
175,22,803,192,47,34,1,-1,-1,-1
176,22,803,193,45,34,1,-1,-1,-1
177,22,800,195,49,35,1,-1,-1,-1
178,22,798,195,44,35,1,-1,-1,-1
179,22,798,196,40,35,1,-1,-1,-1
180,22,799,197,42,36,1,-1,-1,-1
181,22,799,198,40,34,1,-1,-1,-1
182,22,799,201,40,33,1,-1,-1,-1
183,22,798,201,46,34,1,-1,-1,-1
184,22,798,200,45,36,1,-1,-1,-1
185,22,799,205,42,32,1,-1,-1,-1
186,22,798,206,40,32,1,-1,-1,-1
187,22,794,200,45,39,1,-1,-1,-1
188,22,795,207,42,33,1,-1,-1,-1
189,22,793,208,42,33,1,-1,-1,-1
190,22,790,209,44,35,1,-1,-1,-1
191,22,789,211,44,34,1,-1,-1,-1
192,22,787,211,46,37,1,-1,-1,-1
193,22,786,210,44,38,1,-1,-1,-1
194,22,784,211,46,38,1,-1,-1,-1
195,22,783,211,47,42,1,-1,-1,-1
196,22,783,215,48,38,1,-1,-1,-1
197,22,782,217,49,39,1,-1,-1,-1
198,22,781,218,49,39,1,-1,-1,-1
199,22,779,220,52,39,1,-1,-1,-1
200,22,779,220,51,43,1,-1,-1,-1
201,22,778,220,50,45,1,-1,-1,-1
202,22,774,222,55,45,1,-1,-1,-1
203,22,772,221,55,49,1,-1,-1,-1
204,22,770,230,54,42,1,-1,-1,-1
205,22,767,231,55,44,1,-1,-1,-1
206,22,763,232,58,46,1,-1,-1,-1
207,22,762,233,57,49,1,-1,-1,-1
208,22,760,238,58,46,1,-1,-1,-1
209,22,758,239,60,48,1,-1,-1,-1
210,22,756,243,62,49,1,-1,-1,-1
211,22,754,245,63,50,1,-1,-1,-1
212,22,750,247,66,54,1,-1,-1,-1
213,22,747,251,69,52,1,-1,-1,-1
214,22,742,252,72,56,1,-1,-1,-1
215,22,741,256,72,57,1,-1,-1,-1
216,22,739,262,71,57,1,-1,-1,-1
217,22,735,265,74,60,1,-1,-1,-1
218,22,731,267,75,62,1,-1,-1,-1
219,22,726,273,79,62,1,-1,-1,-1
220,22,722,277,82,65,1,-1,-1,-1
221,22,719,281,84,69,1,-1,-1,-1
222,22,714,287,85,68,1,-1,-1,-1
223,22,709,292,89,72,1,-1,-1,-1
224,22,702,297,95,78,1,-1,-1,-1
225,22,699,304,95,78,1,-1,-1,-1
226,22,694,311,98,83,1,-1,-1,-1
227,22,688,317,100,86,1,-1,-1,-1
228,22,679,323,108,90,1,-1,-1,-1
229,22,672,333,112,92,1,-1,-1,-1
230,22,664,341,116,99,1,-1,-1,-1
231,22,653,351,121,102,1,-1,-1,-1
232,22,643,361,126,107,1,-1,-1,-1
233,22,627,374,137,113,1,-1,-1,-1
234,22,620,386,140,120,1,-1,-1,-1
235,22,606,400,146,129,1,-1,-1,-1
236,22,590,417,156,136,1,-1,-1,-1
237,22,575,433,165,148,1,-1,-1,-1
238,22,556,453,174,158,1,-1,-1,-1
239,22,533,473,189,168,1,-1,-1,-1
240,22,509,501,205,183,1,-1,-1,-1
241,22,484,531,217,198,1,-1,-1,-1
242,22,450,563,239,218,1,-1,-1,-1
243,22,413,604,260,248,1,-1,-1,-1
244,22,366,652,289,275,1,-1,-1,-1
245,22,311,707,322,314,1,-1,-1,-1
246,22,242,774,368,302,1,-1,-1,-1
247,22,180,852,397,223,1,-1,-1,-1
248,22,152,949,384,126,1,-1,-1,-1
270,23,1830,488,89,148,1,-1,-1,-1
271,23,1771,458,147,198,1,-1,-1,-1
272,23,1719,437,200,179,1,-1,-1,-1
273,23,1671,417,246,170,1,-1,-1,-1
274,23,1629,401,251,160,1,-1,-1,-1
275,23,1590,385,236,151,1,-1,-1,-1
276,23,1557,372,215,141,1,-1,-1,-1
277,23,1524,361,205,133,1,-1,-1,-1
278,23,1495,346,193,129,1,-1,-1,-1
279,23,1470,337,181,123,1,-1,-1,-1
280,23,1445,327,169,118,1,-1,-1,-1
281,23,1423,319,162,112,1,-1,-1,-1
282,23,1401,310,154,107,1,-1,-1,-1
283,23,1380,303,148,102,1,-1,-1,-1
284,23,1362,297,141,97,1,-1,-1,-1
285,23,1345,289,135,94,1,-1,-1,-1
286,23,1330,284,124,89,1,-1,-1,-1
287,23,1312,278,125,87,1,-1,-1,-1
288,23,1299,273,117,84,1,-1,-1,-1
289,23,1284,270,115,79,1,-1,-1,-1
290,23,1272,263,109,79,1,-1,-1,-1
291,23,1259,260,105,75,1,-1,-1,-1
292,23,1248,256,103,74,1,-1,-1,-1
293,23,1239,252,97,71,1,-1,-1,-1
294,23,1231,249,94,69,1,-1,-1,-1
295,23,1219,244,92,68,1,-1,-1,-1
296,23,1210,243,91,64,1,-1,-1,-1
297,23,1202,241,86,62,1,-1,-1,-1
298,23,1194,239,85,57,1,-1,-1,-1
299,23,1186,237,81,57,1,-1,-1,-1
300,23,1179,231,79,58,1,-1,-1,-1
301,23,1171,229,77,53,1,-1,-1,-1
302,23,1162,227,75,53,1,-1,-1,-1
303,23,1156,225,74,53,1,-1,-1,-1
304,23,1149,223,70,50,1,-1,-1,-1
305,23,1142,222,70,51,1,-1,-1,-1
306,23,1137,218,67,50,1,-1,-1,-1
307,23,1131,215,68,51,1,-1,-1,-1
308,23,1126,214,65,49,1,-1,-1,-1
309,23,1123,214,62,48,1,-1,-1,-1
310,23,1116,212,62,45,1,-1,-1,-1
311,23,1114,212,58,41,1,-1,-1,-1
312,23,1107,208,58,44,1,-1,-1,-1
313,23,1104,206,58,45,1,-1,-1,-1
314,23,1099,207,55,43,1,-1,-1,-1
315,23,1093,206,57,43,1,-1,-1,-1
316,23,1090,205,54,41,1,-1,-1,-1
317,23,1084,203,54,42,1,-1,-1,-1
318,23,1080,203,54,39,1,-1,-1,-1
319,23,1077,202,51,39,1,-1,-1,-1
320,23,1073,201,51,38,1,-1,-1,-1
321,23,1070,200,49,38,1,-1,-1,-1
322,23,1067,199,49,37,1,-1,-1,-1
323,23,1063,198,49,39,1,-1,-1,-1
324,23,1061,197,48,36,1,-1,-1,-1
325,23,1057,198,47,35,1,-1,-1,-1
326,23,1053,198,46,33,1,-1,-1,-1
327,23,1051,197,46,32,1,-1,-1,-1
328,23,1050,196,43,34,1,-1,-1,-1
329,23,1045,196,44,32,1,-1,-1,-1
330,23,1042,195,44,33,1,-1,-1,-1
331,23,1039,195,42,32,1,-1,-1,-1
332,23,1039,195,38,32,1,-1,-1,-1
333,23,1037,195,38,30,1,-1,-1,-1
334,23,1034,195,39,31,1,-1,-1,-1
335,23,1033,193,36,32,1,-1,-1,-1
336,23,1029,192,37,32,1,-1,-1,-1
337,23,1025,192,38,29,1,-1,-1,-1
338,23,1024,192,38,29,1,-1,-1,-1
339,23,1021,191,38,30,1,-1,-1,-1
340,23,1018,191,39,29,1,-1,-1,-1
341,23,1016,190,39,28,1,-1,-1,-1
342,23,1015,191,37,27,1,-1,-1,-1
343,23,1016,190,34,28,1,-1,-1,-1
344,23,1011,190,35,28,1,-1,-1,-1
345,23,1008,190,35,28,1,-1,-1,-1
346,23,1006,190,36,28,1,-1,-1,-1
347,23,1005,189,34,28,1,-1,-1,-1
348,23,1004,188,33,27,1,-1,-1,-1
349,23,1002,188,35,27,1,-1,-1,-1
350,23,1001,188,33,28,1,-1,-1,-1
351,23,999,189,34,26,1,-1,-1,-1
352,23,997,188,34,26,1,-1,-1,-1
353,23,996,189,33,25,1,-1,-1,-1
354,23,996,189,31,24,1,-1,-1,-1
355,23,996,187,30,25,1,-1,-1,-1
356,23,994,187,28,25,1,-1,-1,-1
357,23,993,187,27,25,1,-1,-1,-1
358,23,991,185,26,25,1,-1,-1,-1
359,23,991,186,26,25,1,-1,-1,-1
360,23,987,186,29,24,1,-1,-1,-1
361,23,987,184,27,24,1,-1,-1,-1
362,23,984,183,30,25,1,-1,-1,-1
363,23,983,185,27,24,1,-1,-1,-1
364,23,981,185,28,24,1,-1,-1,-1
366,23,978,181,29,26,1,-1,-1,-1
206,24,773,195,44,25,1,-1,-1,-1
207,24,773,196,36,26,1,-1,-1,-1
208,24,774,197,35,27,1,-1,-1,-1
209,24,772,197,32,25,1,-1,-1,-1
210,24,772,198,29,25,1,-1,-1,-1
211,24,773,196,30,26,1,-1,-1,-1
212,24,772,195,29,25,1,-1,-1,-1
213,24,772,197,29,26,1,-1,-1,-1
214,24,770,198,29,24,1,-1,-1,-1
215,24,768,198,31,26,1,-1,-1,-1
216,24,768,196,31,27,1,-1,-1,-1
217,24,767,199,30,26,1,-1,-1,-1
218,24,764,199,35,27,1,-1,-1,-1
219,24,763,200,35,25,1,-1,-1,-1
220,24,762,201,36,25,1,-1,-1,-1
221,24,761,200,35,25,1,-1,-1,-1
222,24,759,201,36,25,1,-1,-1,-1
223,24,759,200,36,25,1,-1,-1,-1
224,24,757,200,38,26,1,-1,-1,-1
225,24,757,199,37,28,1,-1,-1,-1
226,24,755,200,37,27,1,-1,-1,-1
227,24,754,201,38,27,1,-1,-1,-1
228,24,753,203,40,26,1,-1,-1,-1
229,24,752,203,42,26,1,-1,-1,-1
230,24,750,204,40,26,1,-1,-1,-1
231,24,748,203,38,27,1,-1,-1,-1
232,24,748,204,37,28,1,-1,-1,-1
233,24,746,205,38,28,1,-1,-1,-1
234,24,745,207,38,27,1,-1,-1,-1
235,24,742,208,38,28,1,-1,-1,-1
236,24,741,209,38,27,1,-1,-1,-1
237,24,741,208,38,29,1,-1,-1,-1
238,24,738,210,41,29,1,-1,-1,-1
239,24,736,211,41,28,1,-1,-1,-1
240,24,735,210,40,30,1,-1,-1,-1
241,24,732,211,42,31,1,-1,-1,-1
242,24,730,213,42,29,1,-1,-1,-1
243,24,728,216,43,28,1,-1,-1,-1
244,24,726,216,44,30,1,-1,-1,-1
245,24,725,216,44,31,1,-1,-1,-1
246,24,723,216,45,32,1,-1,-1,-1
247,24,719,216,44,34,1,-1,-1,-1
248,24,715,219,49,32,1,-1,-1,-1
249,24,713,219,50,33,1,-1,-1,-1
250,24,714,221,45,33,1,-1,-1,-1
251,24,709,221,49,35,1,-1,-1,-1
252,24,706,223,50,37,1,-1,-1,-1
253,24,702,223,52,38,1,-1,-1,-1
254,24,701,225,50,37,1,-1,-1,-1
255,24,699,226,52,40,1,-1,-1,-1
256,24,695,229,55,39,1,-1,-1,-1
257,24,691,230,56,39,1,-1,-1,-1
258,24,688,232,58,41,1,-1,-1,-1
259,24,685,234,57,41,1,-1,-1,-1
260,24,680,236,59,42,1,-1,-1,-1
261,24,677,239,59,41,1,-1,-1,-1
262,24,671,241,63,44,1,-1,-1,-1
263,24,669,245,62,44,1,-1,-1,-1
264,24,666,246,62,47,1,-1,-1,-1
265,24,661,249,65,46,1,-1,-1,-1
266,24,658,251,65,46,1,-1,-1,-1
267,24,652,255,71,47,1,-1,-1,-1
268,24,647,257,72,48,1,-1,-1,-1
269,24,641,262,72,49,1,-1,-1,-1
270,24,637,264,73,52,1,-1,-1,-1
271,24,631,268,74,53,1,-1,-1,-1
272,24,626,270,76,53,1,-1,-1,-1
273,24,619,276,79,53,1,-1,-1,-1
274,24,612,280,81,56,1,-1,-1,-1
275,24,603,285,85,58,1,-1,-1,-1
276,24,598,290,85,59,1,-1,-1,-1
277,24,589,292,91,64,1,-1,-1,-1
278,24,581,300,91,64,1,-1,-1,-1
279,24,574,306,91,66,1,-1,-1,-1
280,24,564,310,95,69,1,-1,-1,-1
281,24,554,315,100,75,1,-1,-1,-1
282,24,544,324,103,78,1,-1,-1,-1
283,24,534,330,107,81,1,-1,-1,-1
284,24,523,338,110,84,1,-1,-1,-1
285,24,511,348,114,84,1,-1,-1,-1
286,24,495,355,123,91,1,-1,-1,-1
287,24,482,364,128,96,1,-1,-1,-1
288,24,466,376,131,98,1,-1,-1,-1
289,24,449,389,141,103,1,-1,-1,-1
290,24,431,401,147,109,1,-1,-1,-1
291,24,411,415,154,116,1,-1,-1,-1
292,24,391,429,160,125,1,-1,-1,-1
293,24,367,447,174,133,1,-1,-1,-1
294,24,339,466,184,140,1,-1,-1,-1
295,24,311,487,196,150,1,-1,-1,-1
296,24,275,512,211,163,1,-1,-1,-1
297,24,240,539,228,173,1,-1,-1,-1
298,24,195,566,248,194,1,-1,-1,-1
299,24,146,604,266,209,1,-1,-1,-1
300,24,84,646,296,227,1,-1,-1,-1
301,24,18,691,325,258,1,-1,-1,-1
302,24,0,744,299,296,1,-1,-1,-1
303,24,0,806,246,270,1,-1,-1,-1
304,24,1,884,184,192,1,-1,-1,-1
315,25,1795,697,124,194,1,-1,-1,-1
316,25,1704,626,214,227,1,-1,-1,-1
317,25,1626,573,293,206,1,-1,-1,-1
318,25,1559,532,284,179,1,-1,-1,-1
319,25,1503,494,255,164,1,-1,-1,-1
320,25,1456,465,230,147,1,-1,-1,-1
321,25,1415,439,210,135,1,-1,-1,-1
322,25,1381,418,189,125,1,-1,-1,-1
323,25,1349,398,176,119,1,-1,-1,-1
324,25,1320,383,165,109,1,-1,-1,-1
325,25,1300,366,148,101,1,-1,-1,-1
326,25,1273,354,142,96,1,-1,-1,-1
327,25,1269,342,116,90,1,-1,-1,-1
328,25,1232,332,126,83,1,-1,-1,-1
329,25,1217,320,118,82,1,-1,-1,-1
330,25,1201,310,111,78,1,-1,-1,-1
331,25,1192,302,99,77,1,-1,-1,-1
332,25,1171,296,102,72,1,-1,-1,-1
333,25,1160,290,96,68,1,-1,-1,-1
334,25,1149,284,92,63,1,-1,-1,-1
335,25,1138,277,90,63,1,-1,-1,-1
336,25,1133,273,82,59,1,-1,-1,-1
337,25,1122,268,81,57,1,-1,-1,-1
338,25,1114,263,78,56,1,-1,-1,-1
339,25,1105,260,77,52,1,-1,-1,-1
340,25,1102,257,70,49,1,-1,-1,-1
341,25,1091,250,71,51,1,-1,-1,-1
342,25,1084,245,68,51,1,-1,-1,-1
343,25,1079,242,65,50,1,-1,-1,-1
344,25,1072,240,65,47,1,-1,-1,-1
345,25,1068,238,61,43,1,-1,-1,-1
346,25,1062,234,62,43,1,-1,-1,-1
347,25,1057,230,61,44,1,-1,-1,-1
348,25,1054,230,56,42,1,-1,-1,-1
349,25,1049,229,57,39,1,-1,-1,-1
350,25,1047,226,53,39,1,-1,-1,-1
351,25,1041,225,54,37,1,-1,-1,-1
352,25,1037,222,53,37,1,-1,-1,-1
353,25,1033,220,52,36,1,-1,-1,-1
354,25,1030,218,51,36,1,-1,-1,-1
355,25,1024,217,51,34,1,-1,-1,-1
356,25,1022,216,50,34,1,-1,-1,-1
357,25,1020,216,45,32,1,-1,-1,-1
358,25,1015,212,45,32,1,-1,-1,-1
359,25,1012,213,45,31,1,-1,-1,-1
360,25,1010,210,45,31,1,-1,-1,-1
361,25,1008,209,43,29,1,-1,-1,-1
362,25,1005,207,40,30,1,-1,-1,-1
363,25,1005,207,39,28,1,-1,-1,-1
364,25,1003,207,38,27,1,-1,-1,-1
365,25,998,206,39,29,1,-1,-1,-1
366,25,997,205,38,28,1,-1,-1,-1
367,25,991,205,42,27,1,-1,-1,-1
368,25,990,203,42,28,1,-1,-1,-1
369,25,987,202,41,27,1,-1,-1,-1
370,25,987,201,35,26,1,-1,-1,-1
371,25,977,196,42,31,1,-1,-1,-1
372,25,979,197,39,30,1,-1,-1,-1
373,25,976,196,39,30,1,-1,-1,-1
374,25,974,192,36,32,1,-1,-1,-1
375,25,973,193,36,31,1,-1,-1,-1
376,25,970,191,37,32,1,-1,-1,-1
377,25,969,190,35,32,1,-1,-1,-1
378,25,968,191,35,30,1,-1,-1,-1
379,25,969,191,34,30,1,-1,-1,-1
380,25,968,190,32,29,1,-1,-1,-1
381,25,966,188,32,30,1,-1,-1,-1
382,25,966,185,29,33,1,-1,-1,-1
383,25,964,188,30,29,1,-1,-1,-1
384,25,962,187,31,29,1,-1,-1,-1
385,25,962,188,28,27,1,-1,-1,-1
386,25,958,187,29,27,1,-1,-1,-1
387,25,958,187,28,28,1,-1,-1,-1
388,25,957,187,27,29,1,-1,-1,-1
389,25,955,186,27,29,1,-1,-1,-1
390,25,956,186,25,28,1,-1,-1,-1
391,25,955,185,25,29,1,-1,-1,-1
392,25,955,184,24,27,1,-1,-1,-1
393,25,954,184,24,27,1,-1,-1,-1
394,25,954,182,24,29,1,-1,-1,-1
396,25,953,180,23,28,1,-1,-1,-1
397,25,950,180,25,29,1,-1,-1,-1
398,25,948,180,26,29,1,-1,-1,-1
337,26,1793,494,126,182,1,-1,-1,-1
338,26,1734,466,185,168,1,-1,-1,-1
339,26,1683,443,235,157,1,-1,-1,-1
340,26,1635,425,219,145,1,-1,-1,-1
341,26,1594,408,202,135,1,-1,-1,-1
342,26,1556,389,187,127,1,-1,-1,-1
343,26,1522,376,174,120,1,-1,-1,-1
344,26,1492,364,161,114,1,-1,-1,-1
345,26,1462,352,153,108,1,-1,-1,-1
346,26,1435,339,145,104,1,-1,-1,-1
347,26,1411,330,138,97,1,-1,-1,-1
348,26,1390,321,129,93,1,-1,-1,-1
349,26,1369,312,124,89,1,-1,-1,-1
350,26,1351,305,118,84,1,-1,-1,-1
351,26,1335,299,110,81,1,-1,-1,-1
352,26,1318,291,105,78,1,-1,-1,-1
353,26,1300,288,104,72,1,-1,-1,-1
354,26,1287,281,99,70,1,-1,-1,-1
355,26,1274,274,94,68,1,-1,-1,-1
356,26,1262,271,89,66,1,-1,-1,-1
357,26,1247,266,88,62,1,-1,-1,-1
358,26,1240,263,81,61,1,-1,-1,-1
359,26,1226,259,81,59,1,-1,-1,-1
360,26,1217,255,77,58,1,-1,-1,-1
361,26,1207,251,75,56,1,-1,-1,-1
362,26,1198,247,72,55,1,-1,-1,-1
363,26,1188,244,71,54,1,-1,-1,-1
364,26,1181,241,70,53,1,-1,-1,-1
365,26,1174,239,65,50,1,-1,-1,-1
366,26,1168,235,65,49,1,-1,-1,-1
367,26,1162,233,62,47,1,-1,-1,-1
368,26,1154,232,60,45,1,-1,-1,-1
369,26,1148,229,58,45,1,-1,-1,-1
370,26,1142,226,56,46,1,-1,-1,-1
371,26,1137,226,53,43,1,-1,-1,-1
372,26,1129,223,54,41,1,-1,-1,-1
373,26,1124,220,53,41,1,-1,-1,-1
374,26,1118,220,52,38,1,-1,-1,-1
375,26,1111,216,52,39,1,-1,-1,-1
376,26,1107,215,52,38,1,-1,-1,-1
377,26,1104,216,48,37,1,-1,-1,-1
378,26,1098,213,48,37,1,-1,-1,-1
379,26,1095,213,46,37,1,-1,-1,-1
380,26,1089,210,48,37,1,-1,-1,-1
381,26,1085,209,46,37,1,-1,-1,-1
382,26,1081,207,45,35,1,-1,-1,-1
383,26,1077,205,44,36,1,-1,-1,-1
384,26,1076,206,40,34,1,-1,-1,-1
385,26,1070,205,41,34,1,-1,-1,-1
386,26,1065,203,42,34,1,-1,-1,-1
387,26,1062,202,40,35,1,-1,-1,-1
388,26,1057,201,41,33,1,-1,-1,-1
389,26,1054,202,39,31,1,-1,-1,-1
390,26,1051,201,39,30,1,-1,-1,-1
391,26,1049,202,37,28,1,-1,-1,-1
392,26,1047,200,37,28,1,-1,-1,-1
393,26,1043,200,37,28,1,-1,-1,-1
394,26,1043,199,35,29,1,-1,-1,-1
395,26,1040,198,34,28,1,-1,-1,-1
396,26,1037,197,33,28,1,-1,-1,-1
397,26,1033,198,32,29,1,-1,-1,-1
398,26,1030,197,32,28,1,-1,-1,-1
399,26,1025,196,34,28,1,-1,-1,-1
400,26,1024,195,33,28,1,-1,-1,-1
401,26,1021,194,34,29,1,-1,-1,-1
402,26,1018,194,34,28,1,-1,-1,-1
403,26,1018,195,31,26,1,-1,-1,-1
404,26,1015,195,30,26,1,-1,-1,-1
405,26,1014,194,29,27,1,-1,-1,-1
406,26,1014,192,28,27,1,-1,-1,-1
407,26,1012,190,27,28,1,-1,-1,-1
408,26,1006,191,31,27,1,-1,-1,-1
409,26,1006,191,30,27,1,-1,-1,-1
410,26,1004,192,29,27,1,-1,-1,-1
411,26,1002,192,28,24,1,-1,-1,-1
412,26,1001,190,28,25,1,-1,-1,-1
413,26,1000,190,25,25,1,-1,-1,-1
414,26,997,190,26,27,1,-1,-1,-1
415,26,996,190,24,25,1,-1,-1,-1
416,26,995,190,24,24,1,-1,-1,-1
417,26,994,189,23,24,1,-1,-1,-1
418,26,993,189,22,23,1,-1,-1,-1
419,26,992,189,23,23,1,-1,-1,-1
420,26,991,189,24,23,1,-1,-1,-1
421,26,990,189,23,22,1,-1,-1,-1
234,27,825,173,34,31,1,-1,-1,-1
235,27,826,174,33,31,1,-1,-1,-1
236,27,827,172,34,30,1,-1,-1,-1
237,27,825,174,35,30,1,-1,-1,-1
238,27,826,173,35,30,1,-1,-1,-1
239,27,827,174,33,30,1,-1,-1,-1
249,27,830,171,28,36,1,-1,-1,-1
257,27,828,179,31,32,1,-1,-1,-1
259,27,828,182,30,31,1,-1,-1,-1
262,27,825,183,29,30,1,-1,-1,-1
263,27,823,185,31,29,1,-1,-1,-1
264,27,823,186,32,29,1,-1,-1,-1
265,27,823,187,31,29,1,-1,-1,-1
266,27,826,186,30,30,1,-1,-1,-1
267,27,826,185,32,31,1,-1,-1,-1
268,27,825,187,33,32,1,-1,-1,-1
269,27,824,188,34,31,1,-1,-1,-1
270,27,823,188,36,31,1,-1,-1,-1
271,27,822,189,36,31,1,-1,-1,-1
272,27,822,191,34,30,1,-1,-1,-1
273,27,821,190,33,31,1,-1,-1,-1
274,27,819,189,35,31,1,-1,-1,-1
275,27,819,191,34,29,1,-1,-1,-1
276,27,818,191,37,31,1,-1,-1,-1
277,27,818,190,37,31,1,-1,-1,-1
278,27,818,191,36,30,1,-1,-1,-1
279,27,818,190,36,31,1,-1,-1,-1
280,27,818,189,37,33,1,-1,-1,-1
281,27,818,188,38,35,1,-1,-1,-1
282,27,816,187,41,36,1,-1,-1,-1
283,27,817,188,41,34,1,-1,-1,-1
284,27,818,190,38,32,1,-1,-1,-1
285,27,816,191,39,33,1,-1,-1,-1
286,27,815,192,41,34,1,-1,-1,-1
287,27,814,191,41,35,1,-1,-1,-1
288,27,813,191,41,37,1,-1,-1,-1
289,27,813,192,42,38,1,-1,-1,-1
290,27,812,191,42,38,1,-1,-1,-1
291,27,812,194,41,36,1,-1,-1,-1
292,27,811,193,42,38,1,-1,-1,-1
293,27,811,193,43,39,1,-1,-1,-1
294,27,810,196,45,37,1,-1,-1,-1
295,27,811,196,44,37,1,-1,-1,-1
296,27,810,195,45,39,1,-1,-1,-1
297,27,808,197,47,39,1,-1,-1,-1
298,27,809,198,46,39,1,-1,-1,-1
299,27,809,199,41,38,1,-1,-1,-1
300,27,807,200,45,39,1,-1,-1,-1
301,27,805,204,46,36,1,-1,-1,-1
302,27,805,199,47,44,1,-1,-1,-1
303,27,803,203,49,42,1,-1,-1,-1
304,27,804,204,48,43,1,-1,-1,-1
305,27,801,200,50,49,1,-1,-1,-1
306,27,798,206,51,43,1,-1,-1,-1
307,27,799,208,49,45,1,-1,-1,-1
308,27,798,216,49,38,1,-1,-1,-1
309,27,794,211,54,45,1,-1,-1,-1
310,27,796,215,51,44,1,-1,-1,-1
311,27,793,214,54,46,1,-1,-1,-1
312,27,792,220,56,42,1,-1,-1,-1
313,27,790,219,56,46,1,-1,-1,-1
314,27,789,220,56,49,1,-1,-1,-1
315,27,786,221,57,47,1,-1,-1,-1
316,27,783,223,58,49,1,-1,-1,-1
317,27,780,224,59,51,1,-1,-1,-1
318,27,779,225,58,53,1,-1,-1,-1
319,27,775,227,62,54,1,-1,-1,-1
320,27,773,228,62,56,1,-1,-1,-1
321,27,771,230,64,59,1,-1,-1,-1
322,27,766,233,69,58,1,-1,-1,-1
323,27,764,236,69,58,1,-1,-1,-1
324,27,763,239,69,60,1,-1,-1,-1
325,27,760,241,71,64,1,-1,-1,-1
326,27,756,243,74,64,1,-1,-1,-1
327,27,754,247,74,66,1,-1,-1,-1
328,27,749,250,77,69,1,-1,-1,-1
329,27,743,255,80,71,1,-1,-1,-1
330,27,740,255,81,75,1,-1,-1,-1
331,27,735,262,84,73,1,-1,-1,-1
332,27,729,265,88,77,1,-1,-1,-1
333,27,723,272,88,80,1,-1,-1,-1
334,27,719,274,91,83,1,-1,-1,-1
335,27,715,278,94,88,1,-1,-1,-1
336,27,706,286,102,89,1,-1,-1,-1
337,27,703,292,103,93,1,-1,-1,-1
338,27,695,299,106,96,1,-1,-1,-1
339,27,690,306,108,101,1,-1,-1,-1
340,27,680,310,115,107,1,-1,-1,-1
341,27,672,319,120,111,1,-1,-1,-1
342,27,663,326,128,117,1,-1,-1,-1
343,27,651,336,137,123,1,-1,-1,-1
344,27,644,345,141,132,1,-1,-1,-1
345,27,628,358,151,138,1,-1,-1,-1
346,27,614,372,161,145,1,-1,-1,-1
347,27,603,387,166,151,1,-1,-1,-1
348,27,583,402,181,164,1,-1,-1,-1
349,27,566,419,191,174,1,-1,-1,-1
350,27,551,441,201,188,1,-1,-1,-1
351,27,527,468,216,198,1,-1,-1,-1
352,27,503,490,232,224,1,-1,-1,-1
353,27,473,519,251,245,1,-1,-1,-1
354,27,433,562,282,263,1,-1,-1,-1
355,27,398,604,303,298,1,-1,-1,-1
356,27,349,654,338,345,1,-1,-1,-1
357,27,293,716,372,360,1,-1,-1,-1
358,27,219,784,428,291,1,-1,-1,-1
359,27,180,875,443,201,1,-1,-1,-1
312,29,822,196,33,29,1,-1,-1,-1
313,29,818,193,34,30,1,-1,-1,-1
314,29,819,192,34,32,1,-1,-1,-1
315,29,817,194,37,33,1,-1,-1,-1
316,29,816,195,38,33,1,-1,-1,-1
317,29,816,195,36,31,1,-1,-1,-1
318,29,816,197,35,31,1,-1,-1,-1
319,29,815,198,36,33,1,-1,-1,-1
320,29,814,195,38,33,1,-1,-1,-1
321,29,813,200,37,29,1,-1,-1,-1
322,29,813,200,38,28,1,-1,-1,-1
323,29,813,201,39,32,1,-1,-1,-1
324,29,813,200,39,32,1,-1,-1,-1
325,29,812,202,39,30,1,-1,-1,-1
326,29,810,201,42,33,1,-1,-1,-1
327,29,810,201,40,34,1,-1,-1,-1
328,29,809,201,41,34,1,-1,-1,-1
329,29,805,203,45,36,1,-1,-1,-1
330,29,805,206,42,35,1,-1,-1,-1
331,29,803,205,43,36,1,-1,-1,-1
332,29,801,206,44,36,1,-1,-1,-1
333,29,799,207,44,37,1,-1,-1,-1
334,29,799,208,42,39,1,-1,-1,-1
335,29,799,210,43,37,1,-1,-1,-1
336,29,799,209,43,40,1,-1,-1,-1
337,29,797,211,44,39,1,-1,-1,-1
338,29,795,211,45,40,1,-1,-1,-1
339,29,794,215,46,39,1,-1,-1,-1
340,29,792,215,47,41,1,-1,-1,-1
341,29,790,218,51,40,1,-1,-1,-1
342,29,788,220,51,41,1,-1,-1,-1
343,29,786,222,52,42,1,-1,-1,-1
344,29,783,222,54,44,1,-1,-1,-1
345,29,781,222,55,47,1,-1,-1,-1
346,29,779,224,54,48,1,-1,-1,-1
347,29,778,226,56,49,1,-1,-1,-1
348,29,775,227,57,51,1,-1,-1,-1
349,29,774,230,57,51,1,-1,-1,-1
350,29,772,232,59,54,1,-1,-1,-1
351,29,768,232,62,57,1,-1,-1,-1
352,29,766,237,63,56,1,-1,-1,-1
353,29,765,239,62,57,1,-1,-1,-1
354,29,762,242,65,59,1,-1,-1,-1
355,29,760,246,63,61,1,-1,-1,-1
356,29,756,248,67,62,1,-1,-1,-1
357,29,751,253,72,64,1,-1,-1,-1
358,29,747,255,71,67,1,-1,-1,-1
359,29,743,260,75,68,1,-1,-1,-1
360,29,739,265,77,70,1,-1,-1,-1
361,29,735,269,80,71,1,-1,-1,-1
362,29,729,273,85,77,1,-1,-1,-1
363,29,724,278,87,78,1,-1,-1,-1
364,29,721,284,88,81,1,-1,-1,-1
365,29,717,292,91,81,1,-1,-1,-1
366,29,709,298,97,85,1,-1,-1,-1
367,29,703,305,100,90,1,-1,-1,-1
368,29,698,312,102,94,1,-1,-1,-1
369,29,693,318,105,100,1,-1,-1,-1
370,29,682,325,112,106,1,-1,-1,-1
371,29,672,334,122,112,1,-1,-1,-1
372,29,664,348,125,116,1,-1,-1,-1
373,29,656,358,130,123,1,-1,-1,-1
374,29,647,372,136,128,1,-1,-1,-1
375,29,633,383,146,139,1,-1,-1,-1
376,29,621,400,153,149,1,-1,-1,-1
377,29,609,416,162,161,1,-1,-1,-1
378,29,589,438,175,173,1,-1,-1,-1
379,29,569,460,188,188,1,-1,-1,-1
380,29,548,484,204,209,1,-1,-1,-1
381,29,520,505,223,240,1,-1,-1,-1
382,29,490,548,243,257,1,-1,-1,-1
383,29,456,591,264,289,1,-1,-1,-1
384,29,409,640,297,332,1,-1,-1,-1
385,29,352,709,335,366,1,-1,-1,-1
386,29,287,786,380,288,1,-1,-1,-1
387,29,258,893,378,183,1,-1,-1,-1
298,30,784,194,29,25,1,-1,-1,-1
299,30,782,192,29,25,1,-1,-1,-1
300,30,781,192,29,24,1,-1,-1,-1
306,30,775,193,27,25,1,-1,-1,-1
307,30,774,194,28,26,1,-1,-1,-1
308,30,774,196,28,24,1,-1,-1,-1
309,30,773,196,28,24,1,-1,-1,-1
310,30,773,195,27,24,1,-1,-1,-1
311,30,768,194,29,24,1,-1,-1,-1
312,30,768,194,29,25,1,-1,-1,-1
313,30,768,193,28,25,1,-1,-1,-1
314,30,767,195,27,25,1,-1,-1,-1
315,30,767,195,26,25,1,-1,-1,-1
316,30,762,197,29,26,1,-1,-1,-1
317,30,761,197,30,26,1,-1,-1,-1
318,30,761,196,27,27,1,-1,-1,-1
319,30,757,195,31,28,1,-1,-1,-1
320,30,757,195,30,28,1,-1,-1,-1
321,30,755,198,30,27,1,-1,-1,-1
322,30,754,198,32,26,1,-1,-1,-1
323,30,753,198,33,27,1,-1,-1,-1
324,30,752,198,34,27,1,-1,-1,-1
325,30,752,198,36,28,1,-1,-1,-1
326,30,751,198,34,28,1,-1,-1,-1
327,30,750,200,33,27,1,-1,-1,-1
328,30,749,199,31,28,1,-1,-1,-1
329,30,747,200,31,27,1,-1,-1,-1
330,30,744,201,31,28,1,-1,-1,-1
331,30,742,201,33,28,1,-1,-1,-1
332,30,740,204,34,26,1,-1,-1,-1
333,30,739,205,33,28,1,-1,-1,-1
334,30,737,205,36,28,1,-1,-1,-1
335,30,736,205,35,28,1,-1,-1,-1
336,30,733,206,37,29,1,-1,-1,-1
337,30,732,206,37,29,1,-1,-1,-1
338,30,730,208,36,30,1,-1,-1,-1
339,30,727,207,39,30,1,-1,-1,-1
340,30,726,209,38,31,1,-1,-1,-1
341,30,724,210,37,31,1,-1,-1,-1
342,30,722,212,39,31,1,-1,-1,-1
343,30,718,212,41,32,1,-1,-1,-1
344,30,716,213,41,35,1,-1,-1,-1
345,30,712,213,43,36,1,-1,-1,-1
346,30,710,215,42,35,1,-1,-1,-1
347,30,707,216,47,36,1,-1,-1,-1
348,30,704,219,43,34,1,-1,-1,-1
349,30,702,219,47,37,1,-1,-1,-1
350,30,699,219,46,38,1,-1,-1,-1
351,30,696,222,49,38,1,-1,-1,-1
352,30,694,221,50,40,1,-1,-1,-1
353,30,691,225,51,39,1,-1,-1,-1
354,30,689,224,51,43,1,-1,-1,-1
355,30,685,226,53,43,1,-1,-1,-1
356,30,681,229,52,43,1,-1,-1,-1
357,30,678,229,53,45,1,-1,-1,-1
358,30,674,232,54,44,1,-1,-1,-1
359,30,672,235,53,44,1,-1,-1,-1
360,30,668,238,53,42,1,-1,-1,-1
361,30,664,239,58,45,1,-1,-1,-1
362,30,661,242,58,44,1,-1,-1,-1
363,30,659,245,56,45,1,-1,-1,-1
364,30,655,245,58,48,1,-1,-1,-1
365,30,652,246,59,49,1,-1,-1,-1
366,30,648,249,62,50,1,-1,-1,-1
367,30,644,252,65,50,1,-1,-1,-1
368,30,639,255,64,50,1,-1,-1,-1
369,30,634,258,67,52,1,-1,-1,-1
370,30,631,260,67,54,1,-1,-1,-1
371,30,625,262,71,56,1,-1,-1,-1
372,30,622,265,69,55,1,-1,-1,-1
373,30,616,268,71,56,1,-1,-1,-1
374,30,609,270,78,59,1,-1,-1,-1
375,30,605,273,77,59,1,-1,-1,-1
376,30,600,276,80,61,1,-1,-1,-1
377,30,596,281,80,61,1,-1,-1,-1
378,30,592,283,81,63,1,-1,-1,-1
379,30,585,286,84,66,1,-1,-1,-1
380,30,580,290,84,68,1,-1,-1,-1
381,30,576,293,86,70,1,-1,-1,-1
382,30,570,297,89,70,1,-1,-1,-1
383,30,562,301,92,71,1,-1,-1,-1
384,30,556,304,94,73,1,-1,-1,-1
385,30,549,308,93,77,1,-1,-1,-1
386,30,542,311,100,80,1,-1,-1,-1
387,30,532,315,103,82,1,-1,-1,-1
388,30,523,322,107,79,1,-1,-1,-1
389,30,512,325,110,83,1,-1,-1,-1
390,30,503,330,114,85,1,-1,-1,-1
391,30,490,333,117,88,1,-1,-1,-1
392,30,478,338,125,87,1,-1,-1,-1
393,30,463,341,131,94,1,-1,-1,-1
394,30,447,346,137,95,1,-1,-1,-1
395,30,431,350,142,97,1,-1,-1,-1
396,30,413,354,149,102,1,-1,-1,-1
397,30,391,364,161,101,1,-1,-1,-1
398,30,368,367,169,104,1,-1,-1,-1
399,30,343,376,179,104,1,-1,-1,-1
400,30,319,380,186,108,1,-1,-1,-1
401,30,290,386,197,111,1,-1,-1,-1
402,30,258,392,207,114,1,-1,-1,-1
403,30,225,397,222,120,1,-1,-1,-1
404,30,190,405,231,117,1,-1,-1,-1
405,30,153,412,243,124,1,-1,-1,-1
406,30,112,419,257,127,1,-1,-1,-1
407,30,69,428,271,127,1,-1,-1,-1
408,30,24,436,284,130,1,-1,-1,-1
409,30,0,446,270,132,1,-1,-1,-1
410,30,1,453,227,135,1,-1,-1,-1
411,30,0,460,191,127,1,-1,-1,-1
412,30,1,470,143,112,1,-1,-1,-1
413,30,0,487,97,98,1,-1,-1,-1
427,31,1797,478,122,182,1,-1,-1,-1
428,31,1732,446,187,169,1,-1,-1,-1
429,31,1675,424,241,159,1,-1,-1,-1
430,31,1625,405,219,146,1,-1,-1,-1
431,31,1581,388,203,134,1,-1,-1,-1
432,31,1541,373,188,126,1,-1,-1,-1
433,31,1505,357,177,119,1,-1,-1,-1
434,31,1473,345,164,115,1,-1,-1,-1
435,31,1443,335,154,107,1,-1,-1,-1
436,31,1418,322,145,104,1,-1,-1,-1
437,31,1392,313,138,98,1,-1,-1,-1
438,31,1370,306,129,92,1,-1,-1,-1
439,31,1351,296,122,88,1,-1,-1,-1
440,31,1329,292,116,82,1,-1,-1,-1
441,31,1310,284,113,79,1,-1,-1,-1
442,31,1292,279,109,76,1,-1,-1,-1
443,31,1277,273,103,75,1,-1,-1,-1
444,31,1263,267,98,71,1,-1,-1,-1
445,31,1248,264,95,66,1,-1,-1,-1
446,31,1235,259,93,65,1,-1,-1,-1
447,31,1224,256,88,62,1,-1,-1,-1
448,31,1212,251,87,61,1,-1,-1,-1
449,31,1203,246,82,61,1,-1,-1,-1
450,31,1191,244,82,58,1,-1,-1,-1
451,31,1183,239,79,57,1,-1,-1,-1
452,31,1174,237,75,55,1,-1,-1,-1
453,31,1166,236,71,52,1,-1,-1,-1
454,31,1157,233,70,50,1,-1,-1,-1
455,31,1148,229,67,49,1,-1,-1,-1
456,31,1140,226,66,49,1,-1,-1,-1
457,31,1134,225,64,48,1,-1,-1,-1
458,31,1128,223,61,47,1,-1,-1,-1
459,31,1123,220,60,46,1,-1,-1,-1
460,31,1117,218,58,44,1,-1,-1,-1
461,31,1109,215,60,45,1,-1,-1,-1
462,31,1105,212,57,43,1,-1,-1,-1
463,31,1101,213,55,40,1,-1,-1,-1
464,31,1096,212,53,41,1,-1,-1,-1
465,31,1092,211,53,39,1,-1,-1,-1
466,31,1085,208,54,40,1,-1,-1,-1
467,31,1081,208,53,39,1,-1,-1,-1
468,31,1077,206,50,40,1,-1,-1,-1
469,31,1074,204,45,39,1,-1,-1,-1
470,31,1068,205,47,35,1,-1,-1,-1
471,31,1063,200,47,40,1,-1,-1,-1
472,31,1060,200,45,38,1,-1,-1,-1
473,31,1056,200,47,36,1,-1,-1,-1
474,31,1052,200,44,37,1,-1,-1,-1
475,31,1049,199,44,35,1,-1,-1,-1
476,31,1044,198,46,35,1,-1,-1,-1
477,31,1041,197,46,36,1,-1,-1,-1
478,31,1040,197,43,34,1,-1,-1,-1
479,31,1038,196,42,35,1,-1,-1,-1
480,31,1037,194,40,35,1,-1,-1,-1
481,31,1035,194,38,33,1,-1,-1,-1
482,31,1030,195,41,33,1,-1,-1,-1
483,31,1027,194,41,33,1,-1,-1,-1
484,31,1024,193,41,32,1,-1,-1,-1
485,31,1021,193,41,33,1,-1,-1,-1
486,31,1020,193,40,32,1,-1,-1,-1
487,31,1016,192,39,33,1,-1,-1,-1
488,31,1015,192,38,31,1,-1,-1,-1
489,31,1015,193,35,29,1,-1,-1,-1
490,31,1011,193,38,29,1,-1,-1,-1
491,31,1011,192,34,29,1,-1,-1,-1
492,31,1008,191,36,30,1,-1,-1,-1
493,31,1008,191,35,31,1,-1,-1,-1
494,31,1005,190,35,30,1,-1,-1,-1
495,31,1005,189,32,30,1,-1,-1,-1
496,31,1002,189,33,28,1,-1,-1,-1
497,31,1001,188,31,28,1,-1,-1,-1
498,31,999,189,30,28,1,-1,-1,-1
499,31,997,190,30,26,1,-1,-1,-1
500,31,995,189,29,25,1,-1,-1,-1
501,31,994,189,33,26,1,-1,-1,-1
502,31,993,189,30,24,1,-1,-1,-1
503,31,992,189,31,24,1,-1,-1,-1
504,31,992,188,30,24,1,-1,-1,-1
505,31,992,188,27,24,1,-1,-1,-1
506,31,992,188,26,25,1,-1,-1,-1
507,31,990,187,27,24,1,-1,-1,-1
508,31,989,188,26,25,1,-1,-1,-1
509,31,987,187,27,25,1,-1,-1,-1
510,31,985,187,28,24,1,-1,-1,-1
511,31,984,186,26,25,1,-1,-1,-1
512,31,982,187,28,24,1,-1,-1,-1
513,31,982,186,25,24,1,-1,-1,-1
514,31,981,186,27,24,1,-1,-1,-1
515,31,980,185,24,24,1,-1,-1,-1
516,31,978,185,23,23,1,-1,-1,-1
517,31,978,185,22,23,1,-1,-1,-1
518,31,976,184,22,25,1,-1,-1,-1
519,31,975,185,23,24,1,-1,-1,-1
520,31,976,185,23,24,1,-1,-1,-1
521,31,975,185,22,24,1,-1,-1,-1
522,31,975,183,22,24,1,-1,-1,-1
523,31,974,183,21,24,1,-1,-1,-1
524,31,973,183,22,24,1,-1,-1,-1
525,31,969,182,24,24,1,-1,-1,-1
526,31,970,183,23,24,1,-1,-1,-1
527,31,968,182,23,24,1,-1,-1,-1
647,32,1,645,111,187,1,-1,-1,-1
648,32,0,628,179,202,1,-1,-1,-1
649,32,0,589,251,239,1,-1,-1,-1
650,32,2,584,320,241,1,-1,-1,-1
651,32,1,582,398,237,1,-1,-1,-1
652,32,0,582,472,250,1,-1,-1,-1
653,32,2,574,544,255,1,-1,-1,-1
654,32,2,569,624,257,1,-1,-1,-1
655,32,78,566,629,257,1,-1,-1,-1
656,32,156,563,631,255,1,-1,-1,-1
657,32,242,556,628,255,1,-1,-1,-1
658,32,325,549,630,256,1,-1,-1,-1
659,32,410,545,627,256,1,-1,-1,-1
660,32,496,538,623,256,1,-1,-1,-1
661,32,574,533,628,256,1,-1,-1,-1
662,32,660,531,617,251,1,-1,-1,-1
663,32,746,526,613,248,1,-1,-1,-1
664,32,828,521,604,247,1,-1,-1,-1
665,32,907,516,601,246,1,-1,-1,-1
666,32,985,513,593,243,1,-1,-1,-1
667,32,1062,509,585,239,1,-1,-1,-1
668,32,1144,506,569,235,1,-1,-1,-1
669,32,1217,502,561,234,1,-1,-1,-1
670,32,1293,502,549,227,1,-1,-1,-1
671,32,1366,500,534,224,1,-1,-1,-1
672,32,1441,497,476,221,1,-1,-1,-1
673,32,1507,494,413,219,1,-1,-1,-1
674,32,1576,494,342,214,1,-1,-1,-1
675,32,1643,493,276,211,1,-1,-1,-1
676,32,1707,490,212,209,1,-1,-1,-1
677,32,1769,495,151,179,1,-1,-1,-1
466,34,1838,514,81,138,1,-1,-1,-1
467,34,1769,477,149,184,1,-1,-1,-1
468,34,1711,447,209,169,1,-1,-1,-1
469,34,1656,427,236,158,1,-1,-1,-1
470,34,1611,409,220,148,1,-1,-1,-1
471,34,1565,389,205,137,1,-1,-1,-1
472,34,1529,375,188,129,1,-1,-1,-1
473,34,1493,362,179,122,1,-1,-1,-1
474,34,1465,350,165,115,1,-1,-1,-1
475,34,1455,339,138,109,1,-1,-1,-1
476,34,1414,327,145,103,1,-1,-1,-1
477,34,1388,319,137,97,1,-1,-1,-1
478,34,1369,308,127,95,1,-1,-1,-1
479,34,1347,302,126,88,1,-1,-1,-1
480,34,1329,297,118,82,1,-1,-1,-1
481,34,1311,287,113,83,1,-1,-1,-1
482,34,1294,281,110,80,1,-1,-1,-1
483,34,1277,276,105,77,1,-1,-1,-1
484,34,1264,272,101,72,1,-1,-1,-1
485,34,1256,267,90,70,1,-1,-1,-1
486,34,1236,262,93,68,1,-1,-1,-1
487,34,1223,258,92,65,1,-1,-1,-1
488,34,1214,254,86,64,1,-1,-1,-1
489,34,1203,250,84,62,1,-1,-1,-1
490,34,1196,246,81,60,1,-1,-1,-1
491,34,1187,243,77,58,1,-1,-1,-1
492,34,1180,239,75,57,1,-1,-1,-1
493,34,1171,237,74,55,1,-1,-1,-1
494,34,1164,236,71,52,1,-1,-1,-1
495,34,1157,232,68,51,1,-1,-1,-1
496,34,1152,229,63,48,1,-1,-1,-1
497,34,1144,226,64,50,1,-1,-1,-1
498,34,1135,223,64,50,1,-1,-1,-1
499,34,1130,224,62,45,1,-1,-1,-1
500,34,1124,221,59,45,1,-1,-1,-1
501,34,1118,217,59,46,1,-1,-1,-1
502,34,1112,215,58,44,1,-1,-1,-1
503,34,1107,214,57,43,1,-1,-1,-1
504,34,1104,213,54,41,1,-1,-1,-1
505,34,1101,211,51,41,1,-1,-1,-1
506,34,1096,212,51,40,1,-1,-1,-1
507,34,1091,209,51,40,1,-1,-1,-1
508,34,1087,208,51,40,1,-1,-1,-1
509,34,1083,206,50,39,1,-1,-1,-1
510,34,1079,205,47,38,1,-1,-1,-1
511,34,1076,204,44,37,1,-1,-1,-1
512,34,1073,203,43,35,1,-1,-1,-1
513,34,1067,202,45,36,1,-1,-1,-1
514,34,1064,201,44,35,1,-1,-1,-1
515,34,1062,200,41,37,1,-1,-1,-1
516,34,1057,199,41,35,1,-1,-1,-1
517,34,1055,201,41,31,1,-1,-1,-1
518,34,1051,199,42,32,1,-1,-1,-1
519,34,1048,198,42,32,1,-1,-1,-1
520,34,1048,198,39,30,1,-1,-1,-1
521,34,1044,198,41,32,1,-1,-1,-1
522,34,1042,197,39,31,1,-1,-1,-1
523,34,1040,195,38,32,1,-1,-1,-1
524,34,1038,194,36,31,1,-1,-1,-1
525,34,1033,194,36,32,1,-1,-1,-1
526,34,1031,195,34,30,1,-1,-1,-1
527,34,1027,194,36,30,1,-1,-1,-1
528,34,1025,194,35,28,1,-1,-1,-1
529,34,1023,194,34,29,1,-1,-1,-1
530,34,1022,193,33,29,1,-1,-1,-1
531,34,1019,192,34,30,1,-1,-1,-1
532,34,1018,192,34,27,1,-1,-1,-1
533,34,1016,191,33,29,1,-1,-1,-1
534,34,1016,191,33,29,1,-1,-1,-1
535,34,1014,191,31,29,1,-1,-1,-1
536,34,1012,189,30,29,1,-1,-1,-1
537,34,1009,189,32,27,1,-1,-1,-1
538,34,1006,190,32,27,1,-1,-1,-1
539,34,1005,189,30,27,1,-1,-1,-1
540,34,1002,188,31,28,1,-1,-1,-1
541,34,1001,189,28,26,1,-1,-1,-1
542,34,1001,189,27,26,1,-1,-1,-1
543,34,998,189,27,24,1,-1,-1,-1
544,34,998,188,25,25,1,-1,-1,-1
545,34,997,189,26,26,1,-1,-1,-1
546,34,996,189,25,24,1,-1,-1,-1
547,34,997,188,23,24,1,-1,-1,-1
548,34,996,189,23,24,1,-1,-1,-1
550,34,993,189,24,22,1,-1,-1,-1
551,34,992,187,23,24,1,-1,-1,-1
552,34,990,187,24,24,1,-1,-1,-1
47,35,824,182,33,27,1,-1,-1,-1
48,35,825,181,31,28,1,-1,-1,-1
51,35,822,178,36,30,1,-1,-1,-1
52,35,824,175,36,32,1,-1,-1,-1
54,35,824,178,35,33,1,-1,-1,-1
55,35,825,180,34,32,1,-1,-1,-1
56,35,824,181,35,30,1,-1,-1,-1
57,35,824,180,35,30,1,-1,-1,-1
58,35,824,182,35,29,1,-1,-1,-1
59,35,822,181,37,31,1,-1,-1,-1
60,35,821,182,36,30,1,-1,-1,-1
61,35,821,181,35,31,1,-1,-1,-1
62,35,821,181,36,32,1,-1,-1,-1
63,35,819,181,37,32,1,-1,-1,-1
64,35,818,184,35,28,1,-1,-1,-1
65,35,819,186,34,27,1,-1,-1,-1
66,35,819,184,35,29,1,-1,-1,-1
67,35,819,185,34,27,1,-1,-1,-1
68,35,819,185,34,28,1,-1,-1,-1
69,35,819,188,35,27,1,-1,-1,-1
70,35,819,189,37,28,1,-1,-1,-1
71,35,819,188,35,27,1,-1,-1,-1
72,35,818,189,36,27,1,-1,-1,-1
73,35,818,189,36,28,1,-1,-1,-1
74,35,816,189,38,30,1,-1,-1,-1
75,35,817,189,38,30,1,-1,-1,-1
76,35,817,190,37,29,1,-1,-1,-1
77,35,815,190,38,31,1,-1,-1,-1
78,35,814,188,39,32,1,-1,-1,-1
79,35,813,188,38,32,1,-1,-1,-1
80,35,813,190,38,32,1,-1,-1,-1
81,35,812,190,42,33,1,-1,-1,-1
82,35,812,191,42,32,1,-1,-1,-1
83,35,812,192,41,31,1,-1,-1,-1
84,35,811,190,44,33,1,-1,-1,-1
85,35,811,189,44,34,1,-1,-1,-1
86,35,811,190,43,35,1,-1,-1,-1
87,35,810,189,46,36,1,-1,-1,-1
88,35,810,191,45,35,1,-1,-1,-1
89,35,809,191,45,36,1,-1,-1,-1
90,35,808,192,47,36,1,-1,-1,-1
91,35,806,194,47,35,1,-1,-1,-1
92,35,807,190,46,40,1,-1,-1,-1
93,35,807,194,43,37,1,-1,-1,-1
94,35,807,194,44,36,1,-1,-1,-1
95,35,805,195,45,37,1,-1,-1,-1
96,35,805,194,46,39,1,-1,-1,-1
97,35,805,196,45,38,1,-1,-1,-1
98,35,803,196,47,38,1,-1,-1,-1
99,35,804,194,48,42,1,-1,-1,-1
100,35,803,194,48,44,1,-1,-1,-1
101,35,803,195,50,43,1,-1,-1,-1
102,35,803,197,49,41,1,-1,-1,-1
103,35,802,196,51,45,1,-1,-1,-1
104,35,802,199,51,42,1,-1,-1,-1
105,35,802,198,51,44,1,-1,-1,-1
106,35,801,199,52,44,1,-1,-1,-1
107,35,801,200,53,43,1,-1,-1,-1
108,35,801,201,53,45,1,-1,-1,-1
109,35,801,202,53,43,1,-1,-1,-1
110,35,800,202,54,46,1,-1,-1,-1
111,35,800,203,54,46,1,-1,-1,-1
112,35,800,204,54,46,1,-1,-1,-1
113,35,803,206,51,48,1,-1,-1,-1
114,35,802,205,52,48,1,-1,-1,-1
115,35,802,205,55,50,1,-1,-1,-1
116,35,803,207,54,50,1,-1,-1,-1
117,35,804,206,55,52,1,-1,-1,-1
118,35,804,206,55,52,1,-1,-1,-1
119,35,805,210,56,51,1,-1,-1,-1
120,35,807,211,58,51,1,-1,-1,-1
121,35,807,213,61,52,1,-1,-1,-1
122,35,807,209,64,58,1,-1,-1,-1
123,35,809,213,63,57,1,-1,-1,-1
124,35,810,216,66,56,1,-1,-1,-1
125,35,813,214,66,58,1,-1,-1,-1
126,35,814,217,68,58,1,-1,-1,-1
127,35,816,217,71,59,1,-1,-1,-1
128,35,817,219,73,58,1,-1,-1,-1
129,35,822,220,73,61,1,-1,-1,-1
130,35,823,222,74,61,1,-1,-1,-1
131,35,828,223,75,62,1,-1,-1,-1
132,35,831,223,73,65,1,-1,-1,-1
133,35,834,224,75,64,1,-1,-1,-1
134,35,836,227,76,64,1,-1,-1,-1
135,35,840,228,75,64,1,-1,-1,-1
136,35,840,228,79,66,1,-1,-1,-1
137,35,843,230,79,66,1,-1,-1,-1
138,35,846,233,79,68,1,-1,-1,-1
139,35,848,235,77,69,1,-1,-1,-1
140,35,850,238,79,67,1,-1,-1,-1
141,35,850,238,83,69,1,-1,-1,-1
142,35,854,238,80,72,1,-1,-1,-1
143,35,854,240,84,74,1,-1,-1,-1
144,35,856,244,81,74,1,-1,-1,-1
145,35,853,242,86,78,1,-1,-1,-1
146,35,860,247,80,76,1,-1,-1,-1
147,35,863,249,78,77,1,-1,-1,-1
148,35,862,250,81,78,1,-1,-1,-1
149,35,862,251,83,80,1,-1,-1,-1
150,35,862,251,81,83,1,-1,-1,-1
151,35,861,255,85,82,1,-1,-1,-1
152,35,861,256,86,85,1,-1,-1,-1
153,35,862,258,86,86,1,-1,-1,-1
154,35,862,260,89,88,1,-1,-1,-1
155,35,863,261,90,89,1,-1,-1,-1
156,35,863,265,92,89,1,-1,-1,-1
157,35,863,268,94,89,1,-1,-1,-1
158,35,864,271,93,90,1,-1,-1,-1
159,35,865,273,95,91,1,-1,-1,-1
160,35,865,275,97,92,1,-1,-1,-1
161,35,864,277,99,94,1,-1,-1,-1
162,35,864,277,103,95,1,-1,-1,-1
163,35,864,279,104,98,1,-1,-1,-1
164,35,864,282,104,98,1,-1,-1,-1
165,35,864,284,104,99,1,-1,-1,-1
166,35,864,284,107,104,1,-1,-1,-1
167,35,864,287,108,105,1,-1,-1,-1
168,35,867,293,108,103,1,-1,-1,-1
169,35,866,294,112,105,1,-1,-1,-1
170,35,867,295,111,106,1,-1,-1,-1
171,35,868,296,113,108,1,-1,-1,-1
172,35,868,300,115,107,1,-1,-1,-1
173,35,869,299,114,111,1,-1,-1,-1
174,35,870,300,116,112,1,-1,-1,-1
175,35,868,303,119,112,1,-1,-1,-1
176,35,869,304,119,113,1,-1,-1,-1
177,35,870,306,120,115,1,-1,-1,-1
178,35,867,307,122,118,1,-1,-1,-1
179,35,867,308,125,118,1,-1,-1,-1
180,35,866,310,125,118,1,-1,-1,-1
181,35,867,310,126,121,1,-1,-1,-1
182,35,869,309,128,124,1,-1,-1,-1
183,35,873,312,127,123,1,-1,-1,-1
184,35,875,315,125,122,1,-1,-1,-1
185,35,873,314,130,125,1,-1,-1,-1
186,35,872,316,131,125,1,-1,-1,-1
187,35,867,317,144,125,1,-1,-1,-1
188,35,873,317,134,126,1,-1,-1,-1
189,35,870,319,138,126,1,-1,-1,-1
190,35,865,317,147,129,1,-1,-1,-1
191,35,873,318,133,129,1,-1,-1,-1
192,35,872,318,134,131,1,-1,-1,-1
193,35,869,317,137,132,1,-1,-1,-1
194,35,864,317,144,133,1,-1,-1,-1
195,35,866,317,144,134,1,-1,-1,-1
196,35,866,318,142,133,1,-1,-1,-1
197,35,870,318,137,134,1,-1,-1,-1
198,35,873,319,135,132,1,-1,-1,-1
199,35,872,319,137,132,1,-1,-1,-1
200,35,869,320,141,132,1,-1,-1,-1
201,35,865,319,152,134,1,-1,-1,-1
202,35,866,320,154,133,1,-1,-1,-1
203,35,868,320,147,133,1,-1,-1,-1
204,35,864,321,151,132,1,-1,-1,-1
205,35,865,320,147,134,1,-1,-1,-1
206,35,864,319,148,135,1,-1,-1,-1
207,35,863,318,147,136,1,-1,-1,-1
208,35,864,319,146,135,1,-1,-1,-1
209,35,866,320,145,133,1,-1,-1,-1
210,35,866,319,151,134,1,-1,-1,-1
211,35,870,321,149,133,1,-1,-1,-1
212,35,865,318,157,136,1,-1,-1,-1
213,35,864,318,158,136,1,-1,-1,-1
214,35,865,317,159,137,1,-1,-1,-1
215,35,865,318,157,137,1,-1,-1,-1
216,35,867,320,154,135,1,-1,-1,-1
217,35,867,320,152,134,1,-1,-1,-1
218,35,866,321,151,133,1,-1,-1,-1
219,35,865,318,150,137,1,-1,-1,-1
220,35,865,318,149,136,1,-1,-1,-1
221,35,867,320,149,135,1,-1,-1,-1
222,35,867,320,149,135,1,-1,-1,-1
223,35,868,323,147,131,1,-1,-1,-1
224,35,867,322,150,132,1,-1,-1,-1
225,35,866,321,155,132,1,-1,-1,-1
226,35,865,320,158,135,1,-1,-1,-1
227,35,866,321,156,133,1,-1,-1,-1
228,35,866,321,155,133,1,-1,-1,-1
229,35,865,320,155,134,1,-1,-1,-1
230,35,866,319,155,135,1,-1,-1,-1
231,35,870,319,151,135,1,-1,-1,-1
232,35,870,320,147,134,1,-1,-1,-1
233,35,867,320,153,134,1,-1,-1,-1
234,35,866,322,151,132,1,-1,-1,-1
235,35,866,322,151,132,1,-1,-1,-1
236,35,867,322,150,133,1,-1,-1,-1
237,35,866,322,152,132,1,-1,-1,-1
238,35,866,319,154,135,1,-1,-1,-1
239,35,865,320,158,134,1,-1,-1,-1
240,35,864,318,159,136,1,-1,-1,-1
241,35,864,317,157,138,1,-1,-1,-1
242,35,864,318,157,138,1,-1,-1,-1
243,35,864,318,156,138,1,-1,-1,-1
244,35,865,319,154,135,1,-1,-1,-1
245,35,865,319,155,135,1,-1,-1,-1
246,35,865,320,153,133,1,-1,-1,-1
247,35,865,320,153,133,1,-1,-1,-1
248,35,865,320,151,134,1,-1,-1,-1
249,35,865,320,150,133,1,-1,-1,-1
250,35,865,320,150,133,1,-1,-1,-1
251,35,867,319,145,135,1,-1,-1,-1
252,35,868,320,145,134,1,-1,-1,-1
253,35,866,316,153,138,1,-1,-1,-1
254,35,867,317,152,138,1,-1,-1,-1
255,35,868,317,151,137,1,-1,-1,-1
256,35,868,318,150,137,1,-1,-1,-1
257,35,867,318,150,137,1,-1,-1,-1
258,35,866,317,152,137,1,-1,-1,-1
259,35,866,317,152,137,1,-1,-1,-1
260,35,866,319,151,135,1,-1,-1,-1
261,35,867,322,148,132,1,-1,-1,-1
262,35,867,322,145,132,1,-1,-1,-1
263,35,866,322,145,132,1,-1,-1,-1
264,35,866,321,147,132,1,-1,-1,-1
265,35,866,320,147,134,1,-1,-1,-1
266,35,866,320,150,134,1,-1,-1,-1
267,35,865,318,154,137,1,-1,-1,-1
268,35,866,319,155,136,1,-1,-1,-1
269,35,865,319,156,136,1,-1,-1,-1
270,35,865,319,155,135,1,-1,-1,-1
271,35,864,317,157,137,1,-1,-1,-1
272,35,864,317,157,138,1,-1,-1,-1
273,35,864,317,156,138,1,-1,-1,-1
274,35,864,321,156,133,1,-1,-1,-1
275,35,864,320,153,133,1,-1,-1,-1
276,35,863,320,154,134,1,-1,-1,-1
277,35,863,320,150,134,1,-1,-1,-1
278,35,864,320,148,134,1,-1,-1,-1
279,35,864,321,151,133,1,-1,-1,-1
280,35,865,321,150,133,1,-1,-1,-1
281,35,864,318,154,136,1,-1,-1,-1
282,35,864,318,157,136,1,-1,-1,-1
283,35,864,319,157,136,1,-1,-1,-1
284,35,864,318,157,136,1,-1,-1,-1
285,35,865,319,155,136,1,-1,-1,-1
286,35,865,320,153,135,1,-1,-1,-1
287,35,865,320,153,135,1,-1,-1,-1
288,35,865,321,149,134,1,-1,-1,-1
289,35,865,318,150,137,1,-1,-1,-1
290,35,866,320,148,136,1,-1,-1,-1
291,35,866,320,146,135,1,-1,-1,-1
292,35,867,320,145,135,1,-1,-1,-1
293,35,866,319,146,136,1,-1,-1,-1
294,35,867,321,146,134,1,-1,-1,-1
295,35,867,319,151,135,1,-1,-1,-1
296,35,866,318,155,137,1,-1,-1,-1
297,35,867,319,153,136,1,-1,-1,-1
298,35,867,319,152,136,1,-1,-1,-1
299,35,868,319,150,136,1,-1,-1,-1
300,35,866,320,154,135,1,-1,-1,-1
301,35,867,320,155,134,1,-1,-1,-1
302,35,868,321,151,132,1,-1,-1,-1
303,35,867,324,150,129,1,-1,-1,-1
304,35,866,322,148,132,1,-1,-1,-1
305,35,866,322,148,132,1,-1,-1,-1
306,35,866,322,148,133,1,-1,-1,-1
307,35,866,322,148,133,1,-1,-1,-1
308,35,865,321,153,133,1,-1,-1,-1
309,35,867,321,154,133,1,-1,-1,-1
310,35,865,319,158,136,1,-1,-1,-1
311,35,864,318,158,137,1,-1,-1,-1
312,35,864,317,158,139,1,-1,-1,-1
313,35,864,317,157,138,1,-1,-1,-1
314,35,864,317,157,138,1,-1,-1,-1
315,35,864,317,154,137,1,-1,-1,-1
316,35,865,320,152,134,1,-1,-1,-1
317,35,865,321,152,133,1,-1,-1,-1
318,35,864,321,151,133,1,-1,-1,-1
319,35,864,320,151,134,1,-1,-1,-1
320,35,864,321,151,134,1,-1,-1,-1
321,35,865,320,147,134,1,-1,-1,-1
322,35,865,322,150,132,1,-1,-1,-1
323,35,863,320,156,134,1,-1,-1,-1
324,35,864,320,156,134,1,-1,-1,-1
325,35,865,320,153,134,1,-1,-1,-1
326,35,864,320,155,135,1,-1,-1,-1
327,35,865,321,153,134,1,-1,-1,-1
328,35,865,321,150,134,1,-1,-1,-1
329,35,865,321,150,133,1,-1,-1,-1
330,35,866,322,148,132,1,-1,-1,-1
331,35,865,321,145,134,1,-1,-1,-1
332,35,865,320,145,134,1,-1,-1,-1
333,35,865,320,144,134,1,-1,-1,-1
334,35,866,320,143,134,1,-1,-1,-1
335,35,865,321,145,133,1,-1,-1,-1
336,35,867,322,145,132,1,-1,-1,-1
337,35,866,321,147,134,1,-1,-1,-1
338,35,868,320,149,135,1,-1,-1,-1
339,35,867,318,150,136,1,-1,-1,-1
340,35,867,317,149,137,1,-1,-1,-1
341,35,866,319,153,136,1,-1,-1,-1
342,35,865,320,157,134,1,-1,-1,-1
343,35,865,321,156,133,1,-1,-1,-1
344,35,866,322,153,131,1,-1,-1,-1
345,35,864,322,151,131,1,-1,-1,-1
346,35,864,322,152,132,1,-1,-1,-1
347,35,863,323,152,131,1,-1,-1,-1
348,35,864,322,151,132,1,-1,-1,-1
349,35,864,322,153,132,1,-1,-1,-1
350,35,864,321,156,133,1,-1,-1,-1
351,35,863,317,159,137,1,-1,-1,-1
352,35,863,317,160,137,1,-1,-1,-1
353,35,863,318,157,136,1,-1,-1,-1
354,35,863,318,158,137,1,-1,-1,-1
355,35,863,318,157,137,1,-1,-1,-1
356,35,863,318,159,136,1,-1,-1,-1
357,35,863,318,159,136,1,-1,-1,-1
358,35,863,320,156,134,1,-1,-1,-1
359,35,864,322,151,133,1,-1,-1,-1
360,35,864,323,150,132,1,-1,-1,-1
361,35,867,319,144,136,1,-1,-1,-1
362,35,868,319,143,136,1,-1,-1,-1
363,35,868,320,142,135,1,-1,-1,-1
364,35,866,322,146,133,1,-1,-1,-1
365,35,867,319,148,135,1,-1,-1,-1
366,35,867,317,154,138,1,-1,-1,-1
367,35,868,316,152,139,1,-1,-1,-1
368,35,868,316,151,140,1,-1,-1,-1
369,35,865,316,155,139,1,-1,-1,-1
370,35,866,317,152,138,1,-1,-1,-1
371,35,868,320,150,134,1,-1,-1,-1
372,35,867,321,152,133,1,-1,-1,-1
373,35,866,323,148,131,1,-1,-1,-1
374,35,865,323,148,132,1,-1,-1,-1
375,35,865,323,148,131,1,-1,-1,-1
376,35,865,323,148,131,1,-1,-1,-1
377,35,864,323,150,132,1,-1,-1,-1
378,35,864,320,154,134,1,-1,-1,-1
379,35,864,319,158,135,1,-1,-1,-1
380,35,865,320,155,135,1,-1,-1,-1
381,35,863,318,161,136,1,-1,-1,-1
382,35,863,319,161,136,1,-1,-1,-1
383,35,864,318,160,136,1,-1,-1,-1
384,35,865,319,155,135,1,-1,-1,-1
385,35,865,320,151,134,1,-1,-1,-1
386,35,863,319,152,136,1,-1,-1,-1
387,35,864,319,150,135,1,-1,-1,-1
388,35,864,319,150,135,1,-1,-1,-1
389,35,864,319,150,135,1,-1,-1,-1
390,35,864,319,149,135,1,-1,-1,-1
391,35,866,321,148,134,1,-1,-1,-1
392,35,866,320,150,134,1,-1,-1,-1
393,35,865,318,153,136,1,-1,-1,-1
394,35,865,319,152,136,1,-1,-1,-1
395,35,865,321,154,133,1,-1,-1,-1
396,35,865,321,155,133,1,-1,-1,-1
397,35,866,319,153,135,1,-1,-1,-1
398,35,865,319,154,135,1,-1,-1,-1
399,35,865,320,151,134,1,-1,-1,-1
400,35,864,323,148,132,1,-1,-1,-1
401,35,863,319,149,136,1,-1,-1,-1
402,35,863,318,149,137,1,-1,-1,-1
403,35,865,319,147,136,1,-1,-1,-1
404,35,864,320,151,135,1,-1,-1,-1
405,35,864,319,153,136,1,-1,-1,-1
406,35,864,319,153,135,1,-1,-1,-1
407,35,863,319,156,136,1,-1,-1,-1
408,35,864,319,154,136,1,-1,-1,-1
409,35,864,320,153,135,1,-1,-1,-1
410,35,864,320,155,135,1,-1,-1,-1
411,35,865,318,155,136,1,-1,-1,-1
412,35,864,317,156,137,1,-1,-1,-1
413,35,865,321,153,133,1,-1,-1,-1
414,35,863,321,153,133,1,-1,-1,-1
415,35,864,322,151,132,1,-1,-1,-1
416,35,863,321,153,133,1,-1,-1,-1
417,35,863,321,153,135,1,-1,-1,-1
418,35,863,323,155,131,1,-1,-1,-1
419,35,865,321,153,133,1,-1,-1,-1
420,35,865,320,154,135,1,-1,-1,-1
421,35,865,318,155,136,1,-1,-1,-1
422,35,867,319,154,135,1,-1,-1,-1
423,35,869,320,152,134,1,-1,-1,-1
424,35,868,319,152,136,1,-1,-1,-1
425,35,867,321,154,134,1,-1,-1,-1
426,35,866,320,155,133,1,-1,-1,-1
427,35,868,322,149,132,1,-1,-1,-1
428,35,868,322,144,132,1,-1,-1,-1
429,35,867,322,144,132,1,-1,-1,-1
430,35,866,322,146,132,1,-1,-1,-1
431,35,865,319,147,136,1,-1,-1,-1
432,35,865,319,149,136,1,-1,-1,-1
433,35,864,320,155,134,1,-1,-1,-1
434,35,865,319,156,135,1,-1,-1,-1
435,35,865,320,157,135,1,-1,-1,-1
436,35,864,319,155,136,1,-1,-1,-1
437,35,864,320,157,134,1,-1,-1,-1
438,35,864,320,157,134,1,-1,-1,-1
439,35,865,320,155,134,1,-1,-1,-1
440,35,864,320,157,134,1,-1,-1,-1
441,35,864,321,154,133,1,-1,-1,-1
442,35,864,323,151,132,1,-1,-1,-1
443,35,863,322,153,133,1,-1,-1,-1
444,35,863,322,154,133,1,-1,-1,-1
445,35,863,321,153,134,1,-1,-1,-1
446,35,863,322,153,133,1,-1,-1,-1
447,35,863,321,156,133,1,-1,-1,-1
448,35,864,320,156,134,1,-1,-1,-1
449,35,865,321,158,133,1,-1,-1,-1
450,35,865,321,158,133,1,-1,-1,-1
451,35,865,320,154,135,1,-1,-1,-1
452,35,865,320,156,135,1,-1,-1,-1
453,35,865,320,154,134,1,-1,-1,-1
454,35,864,321,153,134,1,-1,-1,-1
455,35,864,321,154,133,1,-1,-1,-1
456,35,863,321,154,134,1,-1,-1,-1
457,35,864,322,148,134,1,-1,-1,-1
458,35,864,322,148,133,1,-1,-1,-1
459,35,864,322,147,133,1,-1,-1,-1
460,35,864,321,152,134,1,-1,-1,-1
461,35,866,321,156,133,1,-1,-1,-1
462,35,866,319,156,136,1,-1,-1,-1
463,35,865,319,158,136,1,-1,-1,-1
464,35,865,320,159,134,1,-1,-1,-1
465,35,865,320,158,135,1,-1,-1,-1
466,35,865,320,158,134,1,-1,-1,-1
467,35,865,320,159,134,1,-1,-1,-1
468,35,865,321,157,133,1,-1,-1,-1
469,35,866,319,152,134,1,-1,-1,-1
470,35,865,319,153,134,1,-1,-1,-1
471,35,866,322,149,132,1,-1,-1,-1
472,35,867,322,147,132,1,-1,-1,-1
473,35,867,322,146,132,1,-1,-1,-1
474,35,867,322,146,131,1,-1,-1,-1
475,35,865,321,147,133,1,-1,-1,-1
476,35,866,322,153,132,1,-1,-1,-1
477,35,865,321,158,133,1,-1,-1,-1
478,35,865,319,157,135,1,-1,-1,-1
479,35,865,318,157,136,1,-1,-1,-1
480,35,866,318,156,137,1,-1,-1,-1
481,35,866,318,156,137,1,-1,-1,-1
482,35,865,317,156,137,1,-1,-1,-1
483,35,864,318,157,136,1,-1,-1,-1
484,35,865,320,151,134,1,-1,-1,-1
485,35,865,320,151,134,1,-1,-1,-1
486,35,864,320,150,134,1,-1,-1,-1
487,35,864,320,149,134,1,-1,-1,-1
488,35,864,320,149,134,1,-1,-1,-1
489,35,864,320,150,134,1,-1,-1,-1
490,35,865,320,152,134,1,-1,-1,-1
491,35,866,320,153,135,1,-1,-1,-1
492,35,866,319,159,135,1,-1,-1,-1
493,35,866,318,155,137,1,-1,-1,-1
494,35,866,318,154,137,1,-1,-1,-1
495,35,866,318,154,136,1,-1,-1,-1
496,35,865,318,156,136,1,-1,-1,-1
497,35,864,317,155,137,1,-1,-1,-1
498,35,866,319,150,134,1,-1,-1,-1
499,35,865,320,148,133,1,-1,-1,-1
500,35,865,320,148,134,1,-1,-1,-1
501,35,866,321,144,134,1,-1,-1,-1
502,35,866,321,145,134,1,-1,-1,-1
503,35,865,320,147,135,1,-1,-1,-1
504,35,864,320,150,134,1,-1,-1,-1
505,35,867,320,151,135,1,-1,-1,-1
506,35,867,319,156,135,1,-1,-1,-1
507,35,867,319,155,135,1,-1,-1,-1
508,35,867,319,156,136,1,-1,-1,-1
509,35,867,319,155,136,1,-1,-1,-1
510,35,866,318,155,136,1,-1,-1,-1
511,35,865,318,158,136,1,-1,-1,-1
512,35,866,319,155,135,1,-1,-1,-1
513,35,865,320,153,134,1,-1,-1,-1
514,35,865,320,149,135,1,-1,-1,-1
515,35,865,319,149,135,1,-1,-1,-1
516,35,864,319,150,135,1,-1,-1,-1
517,35,864,321,151,133,1,-1,-1,-1
518,35,865,320,153,134,1,-1,-1,-1
519,35,864,318,155,136,1,-1,-1,-1
520,35,864,319,157,135,1,-1,-1,-1
521,35,863,318,158,136,1,-1,-1,-1
522,35,863,319,158,136,1,-1,-1,-1
523,35,864,319,157,136,1,-1,-1,-1
524,35,864,318,157,137,1,-1,-1,-1
525,35,864,320,158,135,1,-1,-1,-1
526,35,864,319,155,136,1,-1,-1,-1
527,35,864,318,150,137,1,-1,-1,-1
528,35,864,322,150,134,1,-1,-1,-1
529,35,864,321,146,134,1,-1,-1,-1
530,35,864,321,148,134,1,-1,-1,-1
531,35,865,318,148,137,1,-1,-1,-1
532,35,864,319,155,135,1,-1,-1,-1
533,35,864,317,157,137,1,-1,-1,-1
534,35,864,318,156,136,1,-1,-1,-1
535,35,864,318,157,137,1,-1,-1,-1
536,35,864,318,157,136,1,-1,-1,-1
537,35,864,318,158,136,1,-1,-1,-1
538,35,864,318,157,136,1,-1,-1,-1
539,35,863,317,158,137,1,-1,-1,-1
540,35,863,319,155,137,1,-1,-1,-1
541,35,864,321,148,133,1,-1,-1,-1
542,35,864,321,147,133,1,-1,-1,-1
543,35,864,322,146,133,1,-1,-1,-1
544,35,864,322,147,133,1,-1,-1,-1
545,35,864,322,147,133,1,-1,-1,-1
546,35,864,320,155,135,1,-1,-1,-1
547,35,864,320,157,135,1,-1,-1,-1
548,35,864,320,158,135,1,-1,-1,-1
549,35,864,320,159,134,1,-1,-1,-1
550,35,863,320,158,136,1,-1,-1,-1
551,35,863,321,160,134,1,-1,-1,-1
552,35,864,319,158,136,1,-1,-1,-1
553,35,864,317,156,137,1,-1,-1,-1
554,35,864,319,156,136,1,-1,-1,-1
555,35,863,319,155,136,1,-1,-1,-1
556,35,863,319,155,136,1,-1,-1,-1
557,35,863,319,154,136,1,-1,-1,-1
558,35,863,319,156,136,1,-1,-1,-1
559,35,864,318,155,136,1,-1,-1,-1
560,35,864,317,157,137,1,-1,-1,-1
561,35,865,319,158,136,1,-1,-1,-1
562,35,865,318,159,136,1,-1,-1,-1
563,35,864,318,159,137,1,-1,-1,-1
564,35,864,318,159,137,1,-1,-1,-1
565,35,864,319,157,137,1,-1,-1,-1
566,35,865,319,157,137,1,-1,-1,-1
567,35,865,320,158,135,1,-1,-1,-1
568,35,865,322,156,133,1,-1,-1,-1
569,35,864,322,157,133,1,-1,-1,-1
570,35,864,322,156,133,1,-1,-1,-1
571,35,864,322,152,133,1,-1,-1,-1
572,35,864,322,153,134,1,-1,-1,-1
573,35,864,322,154,134,1,-1,-1,-1
574,35,863,321,157,134,1,-1,-1,-1
575,35,865,320,157,134,1,-1,-1,-1
576,35,864,321,157,134,1,-1,-1,-1
577,35,864,319,155,137,1,-1,-1,-1
578,35,864,320,155,136,1,-1,-1,-1
579,35,864,320,155,136,1,-1,-1,-1
580,35,865,320,155,135,1,-1,-1,-1
581,35,863,319,157,136,1,-1,-1,-1
582,35,864,320,154,134,1,-1,-1,-1
583,35,863,320,154,134,1,-1,-1,-1
584,35,863,320,153,134,1,-1,-1,-1
585,35,863,320,152,134,1,-1,-1,-1
586,35,863,320,152,134,1,-1,-1,-1
587,35,863,319,153,135,1,-1,-1,-1
588,35,864,319,156,135,1,-1,-1,-1
589,35,864,318,156,136,1,-1,-1,-1
590,35,865,319,157,135,1,-1,-1,-1
591,35,864,318,157,137,1,-1,-1,-1
592,35,864,317,158,137,1,-1,-1,-1
593,35,864,317,158,138,1,-1,-1,-1
594,35,864,318,158,137,1,-1,-1,-1
595,35,864,320,158,134,1,-1,-1,-1
596,35,863,320,153,135,1,-1,-1,-1
597,35,863,320,156,134,1,-1,-1,-1
598,35,863,319,154,135,1,-1,-1,-1
599,35,863,320,150,134,1,-1,-1,-1
600,35,864,319,150,134,1,-1,-1,-1
601,35,865,321,152,131,1,-1,-1,-1
602,35,864,320,154,134,1,-1,-1,-1
603,35,865,319,158,135,1,-1,-1,-1
604,35,864,320,158,134,1,-1,-1,-1
605,35,864,319,159,136,1,-1,-1,-1
606,35,864,319,158,137,1,-1,-1,-1
607,35,866,318,156,136,1,-1,-1,-1
608,35,864,320,158,134,1,-1,-1,-1
609,35,864,322,155,133,1,-1,-1,-1
610,35,864,322,150,133,1,-1,-1,-1
611,35,864,321,151,135,1,-1,-1,-1
612,35,864,321,152,135,1,-1,-1,-1
613,35,863,321,149,134,1,-1,-1,-1
614,35,864,323,153,132,1,-1,-1,-1
615,35,864,322,153,134,1,-1,-1,-1
616,35,864,321,154,133,1,-1,-1,-1
617,35,865,320,155,134,1,-1,-1,-1
618,35,864,319,156,136,1,-1,-1,-1
619,35,865,319,156,136,1,-1,-1,-1
620,35,864,319,157,136,1,-1,-1,-1
621,35,864,319,158,135,1,-1,-1,-1
622,35,865,321,157,132,1,-1,-1,-1
623,35,864,321,154,134,1,-1,-1,-1
624,35,863,322,152,134,1,-1,-1,-1
625,35,863,321,152,134,1,-1,-1,-1
626,35,863,321,153,133,1,-1,-1,-1
627,35,863,321,151,133,1,-1,-1,-1
628,35,864,322,150,132,1,-1,-1,-1
629,35,864,322,153,133,1,-1,-1,-1
630,35,864,320,156,134,1,-1,-1,-1
631,35,864,319,158,136,1,-1,-1,-1
632,35,863,319,157,136,1,-1,-1,-1
633,35,863,319,158,136,1,-1,-1,-1
634,35,863,319,158,136,1,-1,-1,-1
635,35,863,318,159,137,1,-1,-1,-1
636,35,863,319,155,136,1,-1,-1,-1
637,35,863,320,150,136,1,-1,-1,-1
638,35,862,322,152,134,1,-1,-1,-1
639,35,863,321,151,133,1,-1,-1,-1
640,35,863,320,152,135,1,-1,-1,-1
641,35,863,319,150,136,1,-1,-1,-1
642,35,864,320,150,135,1,-1,-1,-1
643,35,863,320,153,135,1,-1,-1,-1
644,35,864,319,152,134,1,-1,-1,-1
645,35,865,318,154,136,1,-1,-1,-1
646,35,865,320,152,134,1,-1,-1,-1
647,35,864,320,154,136,1,-1,-1,-1
648,35,865,320,154,134,1,-1,-1,-1
649,35,864,320,154,135,1,-1,-1,-1
650,35,863,320,155,135,1,-1,-1,-1
651,35,864,319,147,137,1,-1,-1,-1
652,35,863,320,149,136,1,-1,-1,-1
653,35,864,320,148,135,1,-1,-1,-1
654,35,864,320,147,135,1,-1,-1,-1
655,35,864,320,148,136,1,-1,-1,-1
656,35,864,320,149,136,1,-1,-1,-1
657,35,865,319,150,137,1,-1,-1,-1
658,35,864,318,154,138,1,-1,-1,-1
659,35,866,318,153,136,1,-1,-1,-1
660,35,865,318,154,136,1,-1,-1,-1
661,35,864,317,158,137,1,-1,-1,-1
662,35,864,318,158,137,1,-1,-1,-1
663,35,866,318,156,136,1,-1,-1,-1
664,35,865,319,155,135,1,-1,-1,-1
665,35,864,320,153,134,1,-1,-1,-1
666,35,863,322,154,134,1,-1,-1,-1
667,35,863,321,155,134,1,-1,-1,-1
668,35,863,321,153,134,1,-1,-1,-1
669,35,863,320,152,134,1,-1,-1,-1
670,35,864,319,151,136,1,-1,-1,-1
671,35,865,319,150,136,1,-1,-1,-1
672,35,864,318,154,136,1,-1,-1,-1
673,35,865,317,155,137,1,-1,-1,-1
674,35,865,317,156,137,1,-1,-1,-1
675,35,865,318,155,137,1,-1,-1,-1
676,35,864,318,156,137,1,-1,-1,-1
677,35,865,317,154,137,1,-1,-1,-1
678,35,864,319,154,136,1,-1,-1,-1
679,35,864,319,152,135,1,-1,-1,-1
680,35,864,320,151,135,1,-1,-1,-1
681,35,864,321,151,134,1,-1,-1,-1
682,35,863,321,151,134,1,-1,-1,-1
683,35,864,321,150,133,1,-1,-1,-1
684,35,864,320,151,135,1,-1,-1,-1
685,35,866,322,155,132,1,-1,-1,-1
686,35,866,321,153,133,1,-1,-1,-1
687,35,866,320,155,135,1,-1,-1,-1
688,35,866,320,154,135,1,-1,-1,-1
689,35,865,319,154,135,1,-1,-1,-1
690,35,865,319,155,135,1,-1,-1,-1
691,35,865,319,156,136,1,-1,-1,-1
692,35,865,321,155,133,1,-1,-1,-1
693,35,864,322,156,133,1,-1,-1,-1
694,35,864,321,154,133,1,-1,-1,-1
695,35,864,322,152,133,1,-1,-1,-1
696,35,864,322,154,133,1,-1,-1,-1
697,35,866,320,148,135,1,-1,-1,-1
698,35,865,321,148,134,1,-1,-1,-1
699,35,864,320,152,135,1,-1,-1,-1
700,35,864,319,152,136,1,-1,-1,-1
701,35,864,317,156,138,1,-1,-1,-1
702,35,864,317,155,137,1,-1,-1,-1
703,35,864,317,156,137,1,-1,-1,-1
704,35,864,318,156,138,1,-1,-1,-1
705,35,865,318,154,137,1,-1,-1,-1
706,35,864,318,156,136,1,-1,-1,-1
707,35,863,320,151,136,1,-1,-1,-1
708,35,865,321,149,133,1,-1,-1,-1
709,35,865,321,148,133,1,-1,-1,-1
710,35,865,321,149,134,1,-1,-1,-1
711,35,865,321,148,134,1,-1,-1,-1
712,35,865,321,149,134,1,-1,-1,-1
713,35,864,320,151,136,1,-1,-1,-1
714,35,864,318,154,136,1,-1,-1,-1
715,35,865,318,155,137,1,-1,-1,-1
716,35,865,318,157,137,1,-1,-1,-1
717,35,865,319,156,136,1,-1,-1,-1
718,35,865,320,157,135,1,-1,-1,-1
719,35,865,320,158,136,1,-1,-1,-1
720,35,865,320,156,135,1,-1,-1,-1
721,35,863,319,156,135,1,-1,-1,-1
722,35,865,319,148,135,1,-1,-1,-1
723,35,866,320,147,133,1,-1,-1,-1
724,35,865,320,150,134,1,-1,-1,-1
725,35,865,320,154,133,1,-1,-1,-1
726,35,864,321,152,133,1,-1,-1,-1
727,35,864,321,151,133,1,-1,-1,-1
728,35,865,321,153,133,1,-1,-1,-1
729,35,864,318,157,136,1,-1,-1,-1
730,35,865,318,157,136,1,-1,-1,-1
731,35,864,319,158,136,1,-1,-1,-1
732,35,864,320,159,135,1,-1,-1,-1
733,35,864,319,155,135,1,-1,-1,-1
734,35,864,320,156,134,1,-1,-1,-1
735,35,864,319,154,135,1,-1,-1,-1
736,35,863,321,153,134,1,-1,-1,-1
737,35,864,321,148,133,1,-1,-1,-1
738,35,863,320,151,133,1,-1,-1,-1
739,35,864,321,148,133,1,-1,-1,-1
740,35,864,321,147,132,1,-1,-1,-1
741,35,864,319,147,136,1,-1,-1,-1
742,35,864,318,151,136,1,-1,-1,-1
743,35,864,318,151,136,1,-1,-1,-1
744,35,865,319,153,136,1,-1,-1,-1
745,35,865,318,152,136,1,-1,-1,-1
746,35,865,319,153,136,1,-1,-1,-1
747,35,865,319,153,136,1,-1,-1,-1
748,35,865,318,154,136,1,-1,-1,-1
749,35,865,318,154,136,1,-1,-1,-1
750,35,864,321,150,132,1,-1,-1,-1
751,35,864,320,145,135,1,-1,-1,-1
752,35,863,322,148,133,1,-1,-1,-1
753,35,863,322,147,133,1,-1,-1,-1
754,35,863,322,147,133,1,-1,-1,-1
755,35,864,321,146,133,1,-1,-1,-1
756,35,865,321,147,133,1,-1,-1,-1
757,35,865,319,148,134,1,-1,-1,-1
758,35,866,318,153,136,1,-1,-1,-1
759,35,865,319,156,136,1,-1,-1,-1
760,35,865,319,156,136,1,-1,-1,-1
761,35,865,318,155,136,1,-1,-1,-1
762,35,864,319,154,135,1,-1,-1,-1
763,35,865,320,148,133,1,-1,-1,-1
764,35,864,319,150,134,1,-1,-1,-1
765,35,864,322,151,132,1,-1,-1,-1
766,35,863,322,151,132,1,-1,-1,-1
767,35,863,322,152,133,1,-1,-1,-1
768,35,864,322,151,133,1,-1,-1,-1
769,35,865,323,149,132,1,-1,-1,-1
770,35,865,322,152,132,1,-1,-1,-1
771,35,864,319,151,135,1,-1,-1,-1
772,35,864,319,155,136,1,-1,-1,-1
773,35,864,320,155,135,1,-1,-1,-1
774,35,864,319,155,136,1,-1,-1,-1
775,35,865,319,155,136,1,-1,-1,-1
776,35,863,317,154,138,1,-1,-1,-1
777,35,864,319,148,135,1,-1,-1,-1
778,35,864,320,146,135,1,-1,-1,-1
779,35,863,320,148,136,1,-1,-1,-1
780,35,863,320,151,135,1,-1,-1,-1
781,35,864,319,147,135,1,-1,-1,-1
782,35,864,320,147,135,1,-1,-1,-1
783,35,864,321,149,134,1,-1,-1,-1
784,35,865,322,148,133,1,-1,-1,-1
785,35,864,320,157,135,1,-1,-1,-1
786,35,865,319,155,136,1,-1,-1,-1
787,35,865,319,153,137,1,-1,-1,-1
788,35,864,320,154,136,1,-1,-1,-1
789,35,865,320,154,135,1,-1,-1,-1
790,35,865,319,153,136,1,-1,-1,-1
791,35,865,322,152,132,1,-1,-1,-1
792,35,864,321,153,134,1,-1,-1,-1
793,35,864,320,148,135,1,-1,-1,-1
794,35,863,321,149,134,1,-1,-1,-1
795,35,863,321,150,133,1,-1,-1,-1
796,35,863,321,150,133,1,-1,-1,-1
797,35,865,320,152,134,1,-1,-1,-1
798,35,865,321,150,133,1,-1,-1,-1
799,35,865,320,156,135,1,-1,-1,-1
800,35,866,319,157,135,1,-1,-1,-1
801,35,865,318,156,136,1,-1,-1,-1
802,35,865,319,157,135,1,-1,-1,-1
803,35,865,319,156,135,1,-1,-1,-1
804,35,865,320,156,134,1,-1,-1,-1
805,35,864,320,148,134,1,-1,-1,-1
806,35,864,320,147,135,1,-1,-1,-1
807,35,862,319,150,135,1,-1,-1,-1
808,35,862,319,149,136,1,-1,-1,-1
809,35,862,319,150,136,1,-1,-1,-1
810,35,863,320,150,135,1,-1,-1,-1
811,35,864,322,147,133,1,-1,-1,-1
812,35,864,322,151,131,1,-1,-1,-1
813,35,864,320,155,134,1,-1,-1,-1
814,35,865,320,156,134,1,-1,-1,-1
815,35,865,320,156,134,1,-1,-1,-1
816,35,865,320,155,134,1,-1,-1,-1
817,35,865,321,154,134,1,-1,-1,-1
818,35,865,323,153,131,1,-1,-1,-1
819,35,865,323,151,131,1,-1,-1,-1
820,35,866,324,150,131,1,-1,-1,-1
821,35,863,321,151,134,1,-1,-1,-1
822,35,862,320,152,135,1,-1,-1,-1
823,35,862,320,152,135,1,-1,-1,-1
824,35,863,320,151,135,1,-1,-1,-1
825,35,864,322,152,133,1,-1,-1,-1
826,35,863,322,157,134,1,-1,-1,-1
827,35,864,321,157,134,1,-1,-1,-1
828,35,864,320,159,134,1,-1,-1,-1
829,35,865,320,158,135,1,-1,-1,-1
830,35,865,320,157,135,1,-1,-1,-1
831,35,866,320,151,135,1,-1,-1,-1
832,35,865,320,150,136,1,-1,-1,-1
833,35,866,322,148,134,1,-1,-1,-1
834,35,869,320,142,137,1,-1,-1,-1
835,35,869,322,141,136,1,-1,-1,-1
836,35,868,322,143,137,1,-1,-1,-1
837,35,867,321,149,138,1,-1,-1,-1
838,35,870,322,151,139,1,-1,-1,-1
839,35,866,321,161,141,1,-1,-1,-1
840,35,866,321,162,144,1,-1,-1,-1
841,35,870,323,157,143,1,-1,-1,-1
842,35,870,327,167,141,1,-1,-1,-1
843,35,875,326,162,145,1,-1,-1,-1
844,35,877,329,169,144,1,-1,-1,-1
845,35,880,331,171,143,1,-1,-1,-1
846,35,883,337,176,140,1,-1,-1,-1
847,35,884,337,183,143,1,-1,-1,-1
848,35,886,337,192,146,1,-1,-1,-1
849,35,884,339,206,148,1,-1,-1,-1
850,35,889,341,215,149,1,-1,-1,-1
851,35,895,345,227,149,1,-1,-1,-1
852,35,899,349,244,148,1,-1,-1,-1
853,35,906,350,256,152,1,-1,-1,-1
854,35,916,352,269,154,1,-1,-1,-1
855,35,923,353,288,157,1,-1,-1,-1
856,35,938,356,303,159,1,-1,-1,-1
857,35,949,359,318,159,1,-1,-1,-1
858,35,965,363,334,161,1,-1,-1,-1
859,35,982,365,350,163,1,-1,-1,-1
860,35,1003,369,364,164,1,-1,-1,-1
861,35,1022,371,380,166,1,-1,-1,-1
862,35,1046,372,392,169,1,-1,-1,-1
863,35,1072,374,407,170,1,-1,-1,-1
864,35,1103,380,417,170,1,-1,-1,-1
865,35,1135,383,429,171,1,-1,-1,-1
866,35,1168,385,439,173,1,-1,-1,-1
867,35,1204,390,450,174,1,-1,-1,-1
868,35,1244,395,459,173,1,-1,-1,-1
869,35,1291,397,460,176,1,-1,-1,-1
870,35,1332,405,469,171,1,-1,-1,-1
871,35,1379,406,467,174,1,-1,-1,-1
872,35,1424,411,471,173,1,-1,-1,-1
873,35,1472,415,446,173,1,-1,-1,-1
874,35,1521,413,398,176,1,-1,-1,-1
875,35,1573,416,346,157,1,-1,-1,-1
876,35,1628,416,291,159,1,-1,-1,-1
877,35,1676,421,243,157,1,-1,-1,-1
878,35,1734,444,185,139,1,-1,-1,-1
879,35,1790,450,129,133,1,-1,-1,-1
691,36,0,655,151,182,1,-1,-1,-1
692,36,2,612,247,222,1,-1,-1,-1
693,36,1,608,352,221,1,-1,-1,-1
694,36,0,602,458,237,1,-1,-1,-1
695,36,0,597,564,242,1,-1,-1,-1
696,36,73,590,600,243,1,-1,-1,-1
697,36,183,583,599,243,1,-1,-1,-1
698,36,290,579,600,241,1,-1,-1,-1
699,36,404,571,598,241,1,-1,-1,-1
700,36,514,563,596,243,1,-1,-1,-1
701,36,620,556,595,241,1,-1,-1,-1
702,36,730,548,588,242,1,-1,-1,-1
703,36,839,544,581,235,1,-1,-1,-1
704,36,945,539,574,232,1,-1,-1,-1
705,36,1053,535,560,228,1,-1,-1,-1
706,36,1160,529,541,227,1,-1,-1,-1
707,36,1258,527,532,219,1,-1,-1,-1
708,36,1355,523,519,213,1,-1,-1,-1
709,36,1456,517,462,213,1,-1,-1,-1
710,36,1547,515,373,210,1,-1,-1,-1
711,36,1637,513,281,204,1,-1,-1,-1
712,36,1724,511,195,201,1,-1,-1,-1
728,37,927,183,20,26,1,-1,-1,-1
729,37,927,182,21,25,1,-1,-1,-1
730,37,927,182,21,25,1,-1,-1,-1
733,37,927,182,22,25,1,-1,-1,-1
734,37,927,182,21,26,1,-1,-1,-1
735,37,927,182,21,25,1,-1,-1,-1
736,37,927,183,20,25,1,-1,-1,-1
771,41,928,180,23,28,1,-1,-1,-1
772,41,928,180,23,27,1,-1,-1,-1
775,41,928,180,23,26,1,-1,-1,-1
776,41,928,181,24,26,1,-1,-1,-1
777,41,928,181,22,25,1,-1,-1,-1
778,41,927,181,28,26,1,-1,-1,-1
779,41,927,181,29,26,1,-1,-1,-1
780,41,927,181,31,25,1,-1,-1,-1
782,41,926,181,25,25,1,-1,-1,-1
783,41,926,181,26,26,1,-1,-1,-1
784,41,928,182,22,26,1,-1,-1,-1
786,41,928,181,23,25,1,-1,-1,-1
787,41,929,181,23,26,1,-1,-1,-1
788,41,929,181,22,25,1,-1,-1,-1
789,41,928,181,23,26,1,-1,-1,-1
790,41,928,181,23,26,1,-1,-1,-1
791,41,927,181,24,28,1,-1,-1,-1
792,41,926,180,24,29,1,-1,-1,-1
793,41,925,180,24,28,1,-1,-1,-1
794,41,925,181,25,28,1,-1,-1,-1
795,41,924,181,26,27,1,-1,-1,-1
796,41,925,180,25,27,1,-1,-1,-1
797,41,926,180,23,28,1,-1,-1,-1
798,41,927,180,23,28,1,-1,-1,-1
799,41,927,180,22,26,1,-1,-1,-1
800,41,928,180,23,26,1,-1,-1,-1
801,41,928,180,25,26,1,-1,-1,-1
802,41,927,180,25,26,1,-1,-1,-1
803,41,928,180,25,26,1,-1,-1,-1
804,41,927,178,23,29,1,-1,-1,-1
805,41,928,177,23,32,1,-1,-1,-1
830,41,925,173,27,33,1,-1,-1,-1
836,41,923,173,28,34,1,-1,-1,-1
837,41,922,173,30,35,1,-1,-1,-1
838,41,923,173,29,35,1,-1,-1,-1
840,41,923,176,31,32,1,-1,-1,-1
841,41,924,177,34,30,1,-1,-1,-1
842,41,923,177,34,30,1,-1,-1,-1
843,41,923,176,31,30,1,-1,-1,-1
844,41,923,176,29,30,1,-1,-1,-1
845,41,923,176,30,30,1,-1,-1,-1
846,41,923,177,29,30,1,-1,-1,-1
847,41,924,177,26,31,1,-1,-1,-1
848,41,924,176,27,32,1,-1,-1,-1
849,41,923,176,28,31,1,-1,-1,-1
850,41,922,175,29,32,1,-1,-1,-1
851,41,923,173,26,35,1,-1,-1,-1
852,41,923,173,26,35,1,-1,-1,-1
853,41,925,174,24,34,1,-1,-1,-1
881,42,1578,981,339,94,1,-1,-1,-1
882,42,1541,969,377,106,1,-1,-1,-1
883,42,1499,944,418,132,1,-1,-1,-1
884,42,1458,910,459,165,1,-1,-1,-1
885,42,1419,886,497,189,1,-1,-1,-1
886,42,1377,857,542,217,1,-1,-1,-1
887,42,1332,835,569,242,1,-1,-1,-1
888,42,1287,809,556,266,1,-1,-1,-1
889,42,1240,782,549,295,1,-1,-1,-1
890,42,1194,756,542,319,1,-1,-1,-1
891,42,1146,737,530,338,1,-1,-1,-1
892,42,1095,718,523,330,1,-1,-1,-1
893,42,1043,699,519,319,1,-1,-1,-1
894,42,993,682,510,309,1,-1,-1,-1
895,42,939,663,503,301,1,-1,-1,-1
896,42,885,646,496,293,1,-1,-1,-1
897,42,829,637,493,282,1,-1,-1,-1
898,42,773,622,485,275,1,-1,-1,-1
899,42,716,609,479,269,1,-1,-1,-1
900,42,657,602,477,256,1,-1,-1,-1
901,42,601,588,465,251,1,-1,-1,-1
902,42,538,582,463,243,1,-1,-1,-1
903,42,475,573,462,234,1,-1,-1,-1
904,42,417,565,450,228,1,-1,-1,-1
905,42,353,558,446,222,1,-1,-1,-1
906,42,291,552,439,218,1,-1,-1,-1
907,42,225,548,439,210,1,-1,-1,-1
908,42,158,540,437,209,1,-1,-1,-1
909,42,98,539,421,203,1,-1,-1,-1
910,42,31,537,422,199,1,-1,-1,-1
911,42,0,529,376,197,1,-1,-1,-1
912,42,0,529,308,191,1,-1,-1,-1
913,42,1,531,233,183,1,-1,-1,-1
914,42,0,530,162,185,1,-1,-1,-1
915,42,0,530,92,165,1,-1,-1,-1
904,43,1441,981,479,96,1,-1,-1,-1
905,43,1384,959,534,117,1,-1,-1,-1
906,43,1336,924,578,153,1,-1,-1,-1
907,43,1287,894,626,180,1,-1,-1,-1
908,43,1242,860,634,214,1,-1,-1,-1
909,43,1195,834,636,240,1,-1,-1,-1
910,43,1145,807,635,268,1,-1,-1,-1
911,43,1098,782,622,293,1,-1,-1,-1
912,43,1047,757,613,319,1,-1,-1,-1
913,43,999,737,598,341,1,-1,-1,-1
914,43,950,718,589,359,1,-1,-1,-1
915,43,899,701,580,360,1,-1,-1,-1
916,43,847,683,571,346,1,-1,-1,-1
917,43,793,666,565,336,1,-1,-1,-1
918,43,734,650,563,327,1,-1,-1,-1
919,43,680,636,554,317,1,-1,-1,-1
920,43,628,625,543,304,1,-1,-1,-1
921,43,571,614,540,294,1,-1,-1,-1
922,43,515,604,529,288,1,-1,-1,-1
923,43,460,594,521,281,1,-1,-1,-1
924,43,402,586,518,271,1,-1,-1,-1
925,43,346,579,507,263,1,-1,-1,-1
926,43,291,569,499,260,1,-1,-1,-1
927,43,231,563,497,250,1,-1,-1,-1
928,43,173,558,486,244,1,-1,-1,-1
929,43,120,553,474,237,1,-1,-1,-1
930,43,60,548,472,232,1,-1,-1,-1
931,43,9,542,458,229,1,-1,-1,-1
932,43,1,540,405,218,1,-1,-1,-1
933,43,2,535,341,218,1,-1,-1,-1
934,43,2,536,274,209,1,-1,-1,-1
935,43,1,535,211,203,1,-1,-1,-1
936,43,0,532,151,201,1,-1,-1,-1
922,44,1462,975,455,101,1,-1,-1,-1
923,44,1410,953,507,124,1,-1,-1,-1
924,44,1360,915,556,162,1,-1,-1,-1
925,44,1308,879,571,197,1,-1,-1,-1
926,44,1259,844,553,231,1,-1,-1,-1
927,44,1208,814,540,262,1,-1,-1,-1
928,44,1157,782,527,293,1,-1,-1,-1
929,44,1104,754,516,322,1,-1,-1,-1
930,44,1051,731,504,327,1,-1,-1,-1
931,44,996,707,494,313,1,-1,-1,-1
932,44,941,686,485,303,1,-1,-1,-1
933,44,886,666,476,291,1,-1,-1,-1
934,44,831,650,470,279,1,-1,-1,-1
935,44,774,633,459,271,1,-1,-1,-1
936,44,717,619,456,264,1,-1,-1,-1
937,44,663,606,448,254,1,-1,-1,-1
938,44,602,593,448,249,1,-1,-1,-1
939,44,549,584,436,240,1,-1,-1,-1
940,44,491,574,435,233,1,-1,-1,-1
941,44,438,567,423,224,1,-1,-1,-1
942,44,382,558,416,220,1,-1,-1,-1
943,44,324,551,411,214,1,-1,-1,-1
944,44,264,544,415,211,1,-1,-1,-1
945,44,210,541,405,202,1,-1,-1,-1
946,44,154,536,397,198,1,-1,-1,-1
947,44,97,532,390,194,1,-1,-1,-1
948,44,37,528,387,190,1,-1,-1,-1
949,44,0,526,362,185,1,-1,-1,-1
950,44,1,522,297,182,1,-1,-1,-1
951,44,0,522,233,179,1,-1,-1,-1
952,44,0,520,171,180,1,-1,-1,-1
953,44,0,525,104,162,1,-1,-1,-1
983,45,1830,536,89,78,1,-1,-1,-1
984,45,1801,519,119,106,1,-1,-1,-1
985,45,1774,504,144,153,1,-1,-1,-1
986,45,1749,490,170,143,1,-1,-1,-1
987,45,1723,477,197,143,1,-1,-1,-1
988,45,1697,466,222,144,1,-1,-1,-1
989,45,1677,456,219,137,1,-1,-1,-1
990,45,1653,445,212,133,1,-1,-1,-1
991,45,1633,438,201,126,1,-1,-1,-1
992,45,1611,427,192,122,1,-1,-1,-1
993,45,1593,417,183,120,1,-1,-1,-1
994,45,1570,408,178,115,1,-1,-1,-1
995,45,1552,400,171,110,1,-1,-1,-1
996,45,1534,392,163,106,1,-1,-1,-1
997,45,1522,385,151,102,1,-1,-1,-1
998,45,1497,376,155,101,1,-1,-1,-1
999,45,1480,369,149,96,1,-1,-1,-1
1000,45,1467,361,142,94,1,-1,-1,-1
1001,45,1449,354,139,93,1,-1,-1,-1
1002,45,1436,350,132,87,1,-1,-1,-1
1003,45,1435,342,114,86,1,-1,-1,-1
1004,45,1417,339,115,82,1,-1,-1,-1
1005,45,1397,331,118,80,1,-1,-1,-1
1006,45,1395,328,103,77,1,-1,-1,-1
1007,45,1374,320,108,78,1,-1,-1,-1
1008,45,1361,316,106,74,1,-1,-1,-1
1009,45,1355,312,98,71,1,-1,-1,-1
1010,45,1341,307,97,68,1,-1,-1,-1
1011,45,1329,301,97,65,1,-1,-1,-1
1012,45,1324,297,86,62,1,-1,-1,-1
1013,45,1310,293,89,64,1,-1,-1,-1
1014,45,1301,291,86,57,1,-1,-1,-1
1015,45,1294,288,83,47,1,-1,-1,-1
1016,45,1276,283,88,49,1,-1,-1,-1
1017,45,1270,279,84,47,1,-1,-1,-1
1018,45,1261,275,81,44,1,-1,-1,-1
1019,45,1258,273,72,38,1,-1,-1,-1
1020,45,1246,270,74,35,1,-1,-1,-1
1021,45,1237,267,76,38,1,-1,-1,-1
1022,45,1229,264,75,37,1,-1,-1,-1
1023,45,1223,261,73,39,1,-1,-1,-1
1024,45,1220,256,68,49,1,-1,-1,-1
1025,45,1209,255,74,56,1,-1,-1,-1
1026,45,1206,253,65,47,1,-1,-1,-1
1027,45,1199,248,64,49,1,-1,-1,-1
1028,45,1188,246,69,45,1,-1,-1,-1
1029,45,1183,244,64,43,1,-1,-1,-1
1030,45,1182,244,62,50,1,-1,-1,-1
1031,45,1176,241,57,44,1,-1,-1,-1
1033,45,1165,237,56,46,1,-1,-1,-1
1034,45,1159,235,53,41,1,-1,-1,-1
1035,45,1156,234,51,41,1,-1,-1,-1
1036,45,1151,234,50,41,1,-1,-1,-1
1037,45,1144,231,53,43,1,-1,-1,-1
1038,45,1142,228,48,43,1,-1,-1,-1
1039,45,1136,230,51,40,1,-1,-1,-1
1040,45,1133,229,47,39,1,-1,-1,-1
1041,45,1128,226,47,35,1,-1,-1,-1
1042,45,1127,226,43,34,1,-1,-1,-1
1043,45,1117,225,46,34,1,-1,-1,-1
1044,45,1111,223,48,33,1,-1,-1,-1
1045,45,1116,223,39,31,1,-1,-1,-1
1046,45,1108,221,43,30,1,-1,-1,-1
1047,45,1109,220,36,30,1,-1,-1,-1
1048,45,1105,217,36,31,1,-1,-1,-1
1049,45,1101,216,37,33,1,-1,-1,-1
1050,45,1099,216,34,28,1,-1,-1,-1
1051,45,1091,215,41,29,1,-1,-1,-1
1052,45,1089,212,37,29,1,-1,-1,-1
1053,45,1088,212,31,27,1,-1,-1,-1
1054,45,1081,208,35,30,1,-1,-1,-1
1055,45,1081,208,33,30,1,-1,-1,-1
1056,45,1079,209,34,28,1,-1,-1,-1
1057,45,1076,207,33,27,1,-1,-1,-1
1058,45,1073,208,33,26,1,-1,-1,-1
1059,45,1067,207,34,29,1,-1,-1,-1
1060,45,1069,207,27,28,1,-1,-1,-1
1061,45,1067,207,26,28,1,-1,-1,-1
1063,45,1059,202,29,31,1,-1,-1,-1
1065,45,1051,201,31,32,1,-1,-1,-1
1066,45,1045,201,33,29,1,-1,-1,-1
1069,45,1044,200,26,27,1,-1,-1,-1
1070,45,1041,199,29,29,1,-1,-1,-1
1071,45,1038,199,28,29,1,-1,-1,-1
1072,45,1036,198,28,29,1,-1,-1,-1
1075,45,1008,195,48,34,1,-1,-1,-1
1076,45,1015,196,39,31,1,-1,-1,-1
1085,45,996,195,39,28,1,-1,-1,-1
1086,45,1003,195,30,28,1,-1,-1,-1
1088,45,980,193,49,29,1,-1,-1,-1
1089,45,996,194,33,26,1,-1,-1,-1
1090,45,993,194,34,24,1,-1,-1,-1
1091,45,999,195,26,23,1,-1,-1,-1
979,46,1767,657,151,272,1,-1,-1,-1
980,46,1740,636,179,260,1,-1,-1,-1
981,46,1711,618,208,247,1,-1,-1,-1
982,46,1684,598,235,241,1,-1,-1,-1
983,46,1656,581,264,231,1,-1,-1,-1
984,46,1635,564,284,223,1,-1,-1,-1
985,46,1609,550,299,213,1,-1,-1,-1
986,46,1587,536,284,204,1,-1,-1,-1
987,46,1564,520,274,197,1,-1,-1,-1
988,46,1540,508,263,188,1,-1,-1,-1
989,46,1519,493,254,185,1,-1,-1,-1
990,46,1499,481,245,178,1,-1,-1,-1
991,46,1480,467,234,174,1,-1,-1,-1
992,46,1463,456,224,165,1,-1,-1,-1
993,46,1443,446,226,160,1,-1,-1,-1
994,46,1428,435,208,156,1,-1,-1,-1
995,46,1412,424,199,152,1,-1,-1,-1
996,46,1395,417,194,144,1,-1,-1,-1
997,46,1381,406,188,143,1,-1,-1,-1
998,46,1367,399,180,138,1,-1,-1,-1
999,46,1355,390,172,132,1,-1,-1,-1
1000,46,1340,383,169,129,1,-1,-1,-1
1001,46,1328,375,162,125,1,-1,-1,-1
1002,46,1315,369,159,121,1,-1,-1,-1
1003,46,1315,360,140,119,1,-1,-1,-1
1004,46,1292,355,146,115,1,-1,-1,-1
1005,46,1280,349,142,109,1,-1,-1,-1
1006,46,1270,340,136,107,1,-1,-1,-1
1007,46,1259,337,134,104,1,-1,-1,-1
1008,46,1249,330,129,103,1,-1,-1,-1
1009,46,1240,326,127,97,1,-1,-1,-1
1010,46,1230,318,121,98,1,-1,-1,-1
1011,46,1221,315,118,93,1,-1,-1,-1
1012,46,1213,310,113,91,1,-1,-1,-1
1013,46,1205,306,113,87,1,-1,-1,-1
1014,46,1198,302,111,84,1,-1,-1,-1
1015,46,1190,298,106,83,1,-1,-1,-1
1016,46,1182,293,101,80,1,-1,-1,-1
1017,46,1175,290,96,78,1,-1,-1,-1
1018,46,1168,286,97,77,1,-1,-1,-1
1019,46,1160,281,96,76,1,-1,-1,-1
1020,46,1156,280,88,74,1,-1,-1,-1
1021,46,1150,276,83,70,1,-1,-1,-1
1022,46,1144,269,81,73,1,-1,-1,-1
1023,46,1138,267,80,71,1,-1,-1,-1
1024,46,1133,265,78,68,1,-1,-1,-1
1025,46,1128,264,76,65,1,-1,-1,-1
1026,46,1123,260,75,65,1,-1,-1,-1
1027,46,1119,257,72,62,1,-1,-1,-1
1028,46,1113,254,71,63,1,-1,-1,-1
1029,46,1107,253,67,60,1,-1,-1,-1
1030,46,1104,248,67,62,1,-1,-1,-1
1031,46,1099,247,65,56,1,-1,-1,-1
1032,46,1096,243,59,56,1,-1,-1,-1
1033,46,1089,242,59,54,1,-1,-1,-1
1034,46,1085,237,60,57,1,-1,-1,-1
1035,46,1082,238,57,53,1,-1,-1,-1
1036,46,1080,236,59,52,1,-1,-1,-1
1037,46,1075,235,54,51,1,-1,-1,-1
1038,46,1072,233,51,50,1,-1,-1,-1
1039,46,1068,231,59,49,1,-1,-1,-1
1040,46,1065,229,52,49,1,-1,-1,-1
1041,46,1063,229,48,46,1,-1,-1,-1
1042,46,1060,225,35,47,1,-1,-1,-1
1044,46,1051,223,46,45,1,-1,-1,-1
1047,46,1041,221,32,44,1,-1,-1,-1
989,48,1880,756,40,200,1,-1,-1,-1
990,48,1838,719,81,200,1,-1,-1,-1
991,48,1799,674,119,235,1,-1,-1,-1
992,48,1761,639,158,267,1,-1,-1,-1
993,48,1722,611,197,345,1,-1,-1,-1
994,48,1687,593,232,331,1,-1,-1,-1
995,48,1658,567,261,313,1,-1,-1,-1
996,48,1630,551,289,292,1,-1,-1,-1
997,48,1600,530,320,279,1,-1,-1,-1
998,48,1571,512,347,269,1,-1,-1,-1
999,48,1547,497,366,253,1,-1,-1,-1
1000,48,1523,482,346,237,1,-1,-1,-1
1001,48,1500,466,330,230,1,-1,-1,-1
1002,48,1476,450,315,221,1,-1,-1,-1
1003,48,1456,439,297,210,1,-1,-1,-1
1004,48,1435,429,285,200,1,-1,-1,-1
1005,48,1417,417,271,190,1,-1,-1,-1
1006,48,1400,405,255,184,1,-1,-1,-1
1007,48,1380,397,248,175,1,-1,-1,-1
1008,48,1366,388,236,168,1,-1,-1,-1
1009,48,1348,376,225,164,1,-1,-1,-1
1010,48,1334,367,219,159,1,-1,-1,-1
1011,48,1323,355,206,157,1,-1,-1,-1
1012,48,1309,348,198,152,1,-1,-1,-1
1013,48,1296,346,192,142,1,-1,-1,-1
1014,48,1282,339,185,136,1,-1,-1,-1
1015,48,1271,332,176,132,1,-1,-1,-1
1016,48,1259,324,173,130,1,-1,-1,-1
1017,48,1248,318,165,125,1,-1,-1,-1
1018,48,1238,312,159,124,1,-1,-1,-1
1019,48,1226,308,150,117,1,-1,-1,-1
1020,48,1217,301,148,115,1,-1,-1,-1
1021,48,1208,298,141,110,1,-1,-1,-1
1022,48,1200,293,137,107,1,-1,-1,-1
1023,48,1191,289,133,102,1,-1,-1,-1
1024,48,1181,284,131,99,1,-1,-1,-1
1025,48,1177,280,120,94,1,-1,-1,-1
1026,48,1166,275,123,96,1,-1,-1,-1
1027,48,1160,271,116,92,1,-1,-1,-1
1028,48,1152,268,114,91,1,-1,-1,-1
1029,48,1145,264,113,89,1,-1,-1,-1
1030,48,1139,261,105,85,1,-1,-1,-1
1031,48,1132,261,104,80,1,-1,-1,-1
1032,48,1127,255,102,80,1,-1,-1,-1
1033,48,1119,253,99,78,1,-1,-1,-1
1034,48,1116,249,93,79,1,-1,-1,-1
1035,48,1111,254,90,68,1,-1,-1,-1
1036,48,1106,251,85,67,1,-1,-1,-1
1037,48,1104,251,81,61,1,-1,-1,-1
1038,48,1099,248,79,61,1,-1,-1,-1
1039,48,1094,251,79,55,1,-1,-1,-1
1040,48,1087,240,81,65,1,-1,-1,-1
1041,48,1082,236,79,61,1,-1,-1,-1
1042,48,1072,233,80,62,1,-1,-1,-1
1043,48,1072,233,73,57,1,-1,-1,-1
1044,48,1068,232,71,56,1,-1,-1,-1
1045,48,1063,226,72,58,1,-1,-1,-1
1046,48,1065,229,64,53,1,-1,-1,-1
1047,48,1062,227,62,51,1,-1,-1,-1
1048,48,1053,224,70,52,1,-1,-1,-1
1049,48,1040,216,72,55,1,-1,-1,-1
1050,48,1036,217,74,54,1,-1,-1,-1
1051,48,1039,216,65,52,1,-1,-1,-1
1052,48,1042,218,59,47,1,-1,-1,-1
1053,48,1035,215,64,48,1,-1,-1,-1
1054,48,1034,214,60,50,1,-1,-1,-1
1055,48,1030,211,61,50,1,-1,-1,-1
1056,48,1028,212,61,47,1,-1,-1,-1
1057,48,1025,213,59,43,1,-1,-1,-1
1058,48,1018,207,61,49,1,-1,-1,-1
1059,48,1015,207,61,45,1,-1,-1,-1
1060,48,1013,205,58,44,1,-1,-1,-1
1061,48,1013,206,55,42,1,-1,-1,-1
1062,48,1011,203,55,45,1,-1,-1,-1
1063,48,1010,202,54,44,1,-1,-1,-1
1064,48,1008,201,63,44,1,-1,-1,-1
1065,48,1004,199,55,44,1,-1,-1,-1
1066,48,1003,201,51,40,1,-1,-1,-1
1067,48,1001,197,61,40,1,-1,-1,-1
1068,48,998,198,62,39,1,-1,-1,-1
1069,48,998,199,51,37,1,-1,-1,-1
1070,48,996,197,49,38,1,-1,-1,-1
1071,48,996,196,50,38,1,-1,-1,-1
1072,48,992,195,52,37,1,-1,-1,-1
1073,48,990,194,61,37,1,-1,-1,-1
1074,48,990,194,63,38,1,-1,-1,-1
1075,48,989,193,53,37,1,-1,-1,-1
1076,48,987,193,57,35,1,-1,-1,-1
1077,48,984,192,45,36,1,-1,-1,-1
1078,48,982,192,52,35,1,-1,-1,-1
1079,48,982,194,46,33,1,-1,-1,-1
1080,48,980,193,55,33,1,-1,-1,-1
1081,48,980,193,44,33,1,-1,-1,-1
1082,48,977,193,41,32,1,-1,-1,-1
1083,48,975,193,41,31,1,-1,-1,-1
1084,48,974,193,37,31,1,-1,-1,-1
1085,48,971,192,41,31,1,-1,-1,-1
1086,48,972,192,34,29,1,-1,-1,-1
1087,48,970,192,34,28,1,-1,-1,-1
1088,48,969,192,38,28,1,-1,-1,-1
1089,48,968,192,36,28,1,-1,-1,-1
1090,48,966,191,38,27,1,-1,-1,-1
1091,48,965,192,37,26,1,-1,-1,-1
1092,48,965,192,34,26,1,-1,-1,-1
1093,48,962,191,54,26,1,-1,-1,-1
1094,48,960,192,39,25,1,-1,-1,-1
1095,48,960,192,40,25,1,-1,-1,-1
1096,48,960,191,39,24,1,-1,-1,-1
1097,48,959,192,39,23,1,-1,-1,-1
1100,48,958,190,54,24,1,-1,-1,-1
1101,48,956,189,40,24,1,-1,-1,-1
1103,48,954,188,51,24,1,-1,-1,-1
1106,48,952,186,49,24,1,-1,-1,-1
1108,48,952,185,46,25,1,-1,-1,-1
1112,48,953,184,42,25,1,-1,-1,-1
1113,48,948,185,47,24,1,-1,-1,-1
1115,48,935,185,57,23,1,-1,-1,-1
1124,48,926,183,44,24,1,-1,-1,-1
1007,49,1876,545,44,111,1,-1,-1,-1
1008,49,1845,513,74,126,1,-1,-1,-1
1009,49,1816,496,102,163,1,-1,-1,-1
1010,49,1791,484,128,169,1,-1,-1,-1
1011,49,1765,473,154,163,1,-1,-1,-1
1012,49,1741,460,178,158,1,-1,-1,-1
1013,49,1714,449,205,155,1,-1,-1,-1
1014,49,1694,437,222,153,1,-1,-1,-1
1015,49,1671,429,215,147,1,-1,-1,-1
1016,49,1649,421,209,142,1,-1,-1,-1
1017,49,1629,413,200,136,1,-1,-1,-1
1018,49,1611,406,193,131,1,-1,-1,-1
1019,49,1590,396,185,129,1,-1,-1,-1
1020,49,1572,389,179,125,1,-1,-1,-1
1021,49,1554,382,173,122,1,-1,-1,-1
1022,49,1538,375,169,120,1,-1,-1,-1
1023,49,1521,367,164,117,1,-1,-1,-1
1024,49,1505,361,159,112,1,-1,-1,-1
1025,49,1490,354,153,109,1,-1,-1,-1
1026,49,1477,349,148,106,1,-1,-1,-1
1027,49,1462,342,144,105,1,-1,-1,-1
1028,49,1447,339,140,100,1,-1,-1,-1
1029,49,1434,333,135,98,1,-1,-1,-1
1030,49,1422,328,129,95,1,-1,-1,-1
1031,49,1411,324,126,92,1,-1,-1,-1
1032,49,1398,319,121,91,1,-1,-1,-1
1033,49,1386,315,118,87,1,-1,-1,-1
1034,49,1379,309,112,86,1,-1,-1,-1
1035,49,1362,304,115,86,1,-1,-1,-1
1036,49,1354,300,111,83,1,-1,-1,-1
1037,49,1344,297,107,80,1,-1,-1,-1
1038,49,1334,294,104,77,1,-1,-1,-1
1039,49,1325,288,101,78,1,-1,-1,-1
1040,49,1313,286,100,75,1,-1,-1,-1
1041,49,1304,282,100,74,1,-1,-1,-1
1042,49,1296,280,96,71,1,-1,-1,-1
1043,49,1291,278,90,70,1,-1,-1,-1
1044,49,1281,273,89,69,1,-1,-1,-1
1045,49,1272,272,88,67,1,-1,-1,-1
1046,49,1263,270,88,63,1,-1,-1,-1
1047,49,1257,267,84,64,1,-1,-1,-1
1048,49,1248,263,84,63,1,-1,-1,-1
1049,49,1241,261,82,61,1,-1,-1,-1
1050,49,1233,258,81,60,1,-1,-1,-1
1051,49,1229,255,78,58,1,-1,-1,-1
1052,49,1223,254,75,57,1,-1,-1,-1
1053,49,1217,252,75,55,1,-1,-1,-1
1054,49,1211,250,72,55,1,-1,-1,-1
1055,49,1203,246,74,55,1,-1,-1,-1
1056,49,1197,244,71,54,1,-1,-1,-1
1057,49,1193,243,67,53,1,-1,-1,-1
1058,49,1187,240,68,53,1,-1,-1,-1
1059,49,1182,239,64,52,1,-1,-1,-1
1060,49,1176,238,64,49,1,-1,-1,-1
1061,49,1169,235,65,50,1,-1,-1,-1
1062,49,1165,233,62,49,1,-1,-1,-1
1063,49,1161,232,60,46,1,-1,-1,-1
1064,49,1156,232,59,44,1,-1,-1,-1
1065,49,1151,229,59,46,1,-1,-1,-1
1066,49,1146,227,57,46,1,-1,-1,-1
1067,49,1140,226,57,44,1,-1,-1,-1
1068,49,1137,225,54,44,1,-1,-1,-1
1069,49,1132,223,54,44,1,-1,-1,-1
1070,49,1130,223,52,43,1,-1,-1,-1
1071,49,1124,221,54,42,1,-1,-1,-1
1072,49,1121,218,49,43,1,-1,-1,-1
1073,49,1115,215,52,43,1,-1,-1,-1
1074,49,1111,216,51,40,1,-1,-1,-1
1075,49,1108,216,51,39,1,-1,-1,-1
1076,49,1107,215,45,38,1,-1,-1,-1
1077,49,1103,215,45,37,1,-1,-1,-1
1078,49,1100,213,44,38,1,-1,-1,-1
1079,49,1096,212,46,37,1,-1,-1,-1
1080,49,1091,212,46,37,1,-1,-1,-1
1081,49,1087,210,45,38,1,-1,-1,-1
1082,49,1085,209,44,37,1,-1,-1,-1
1083,49,1081,209,43,36,1,-1,-1,-1
1084,49,1079,207,41,36,1,-1,-1,-1
1085,49,1077,206,40,36,1,-1,-1,-1
1086,49,1075,206,39,34,1,-1,-1,-1
1087,49,1071,205,39,34,1,-1,-1,-1
1088,49,1069,203,39,35,1,-1,-1,-1
1089,49,1064,202,41,35,1,-1,-1,-1
1090,49,1063,201,39,37,1,-1,-1,-1
1091,49,1063,202,35,33,1,-1,-1,-1
1092,49,1057,202,39,31,1,-1,-1,-1
1093,49,1056,201,38,33,1,-1,-1,-1
1094,49,1055,200,36,32,1,-1,-1,-1
1095,49,1051,199,37,31,1,-1,-1,-1
1096,49,1050,199,36,30,1,-1,-1,-1
1097,49,1049,201,35,29,1,-1,-1,-1
1098,49,1043,200,39,29,1,-1,-1,-1
1099,49,1042,198,37,30,1,-1,-1,-1
1100,49,1041,199,35,30,1,-1,-1,-1
1101,49,1039,198,34,29,1,-1,-1,-1
1102,49,1040,198,33,28,1,-1,-1,-1
1103,49,1037,198,32,28,1,-1,-1,-1
1104,49,1033,198,32,27,1,-1,-1,-1
1105,49,1034,196,30,29,1,-1,-1,-1
1106,49,1031,196,31,29,1,-1,-1,-1
1107,49,1027,196,32,28,1,-1,-1,-1
1108,49,1025,194,31,28,1,-1,-1,-1
1109,49,1025,195,30,27,1,-1,-1,-1
1110,49,1022,195,33,27,1,-1,-1,-1
1111,49,1022,195,30,26,1,-1,-1,-1
1112,49,1021,195,29,25,1,-1,-1,-1
1113,49,1018,194,31,25,1,-1,-1,-1
1114,49,1018,195,28,26,1,-1,-1,-1
1115,49,1016,194,27,26,1,-1,-1,-1
1116,49,1014,194,30,25,1,-1,-1,-1
1117,49,1013,191,26,27,1,-1,-1,-1
1118,49,1011,192,27,25,1,-1,-1,-1
1119,49,1009,191,27,26,1,-1,-1,-1
1120,49,1009,190,25,24,1,-1,-1,-1
1121,49,1005,192,27,25,1,-1,-1,-1
1122,49,1005,191,26,24,1,-1,-1,-1
1123,49,1004,191,25,24,1,-1,-1,-1
1124,49,1003,191,23,24,1,-1,-1,-1
1125,49,1001,190,27,25,1,-1,-1,-1
1126,49,999,190,25,24,1,-1,-1,-1
1127,49,997,190,28,24,1,-1,-1,-1
1128,49,998,190,24,23,1,-1,-1,-1
1129,49,996,189,23,23,1,-1,-1,-1
1524,50,0,610,103,108,1,-1,-1,-1
1525,50,1,600,157,120,1,-1,-1,-1
1526,50,0,574,210,139,1,-1,-1,-1
1527,50,0,564,267,147,1,-1,-1,-1
1528,50,0,559,322,154,1,-1,-1,-1
1529,50,0,554,379,167,1,-1,-1,-1
1530,50,0,550,434,161,1,-1,-1,-1
1531,50,33,542,457,162,1,-1,-1,-1
1532,50,92,532,458,164,1,-1,-1,-1
1533,50,153,528,451,162,1,-1,-1,-1
1534,50,213,520,448,163,1,-1,-1,-1
1535,50,270,513,443,160,1,-1,-1,-1
1536,50,332,507,434,157,1,-1,-1,-1
1537,50,390,501,425,154,1,-1,-1,-1
1538,50,446,491,417,154,1,-1,-1,-1
1539,50,502,486,406,151,1,-1,-1,-1
1540,50,558,477,393,149,1,-1,-1,-1
1541,50,614,470,378,148,1,-1,-1,-1
1542,50,667,462,367,146,1,-1,-1,-1
1543,50,718,459,350,137,1,-1,-1,-1
1544,50,766,452,339,135,1,-1,-1,-1
1545,50,812,442,324,137,1,-1,-1,-1
1546,50,861,436,306,131,1,-1,-1,-1
1547,50,901,428,293,132,1,-1,-1,-1
1548,50,942,422,276,129,1,-1,-1,-1
1549,50,979,417,263,125,1,-1,-1,-1
1550,50,1013,412,253,122,1,-1,-1,-1
1551,50,1050,407,235,116,1,-1,-1,-1
1552,50,1081,402,222,114,1,-1,-1,-1
1553,50,1112,394,207,113,1,-1,-1,-1
1554,50,1139,389,198,110,1,-1,-1,-1
1555,50,1162,384,187,109,1,-1,-1,-1
1556,50,1184,377,175,107,1,-1,-1,-1
1557,50,1204,374,167,100,1,-1,-1,-1
1558,50,1223,369,157,100,1,-1,-1,-1
1559,50,1239,366,145,96,1,-1,-1,-1
1560,50,1253,359,136,95,1,-1,-1,-1
1561,50,1265,357,129,91,1,-1,-1,-1
1562,50,1276,352,123,88,1,-1,-1,-1
1563,50,1284,347,119,87,1,-1,-1,-1
1564,50,1291,342,115,85,1,-1,-1,-1
1565,50,1296,337,108,85,1,-1,-1,-1
1566,50,1300,334,102,84,1,-1,-1,-1
1567,50,1306,329,95,81,1,-1,-1,-1
1568,50,1307,326,96,78,1,-1,-1,-1
1569,50,1308,321,93,81,1,-1,-1,-1
1570,50,1308,317,92,79,1,-1,-1,-1
1571,50,1306,316,91,72,1,-1,-1,-1
1572,50,1303,312,91,71,1,-1,-1,-1
1573,50,1302,308,91,69,1,-1,-1,-1
1574,50,1298,306,92,68,1,-1,-1,-1
1575,50,1296,303,90,67,1,-1,-1,-1
1576,50,1289,300,91,66,1,-1,-1,-1
1577,50,1287,296,91,63,1,-1,-1,-1
1578,50,1282,293,90,61,1,-1,-1,-1
1579,50,1276,290,90,61,1,-1,-1,-1
1580,50,1270,288,89,60,1,-1,-1,-1
1581,50,1264,283,88,60,1,-1,-1,-1
1582,50,1258,283,88,57,1,-1,-1,-1
1583,50,1253,281,87,54,1,-1,-1,-1
1584,50,1248,276,84,58,1,-1,-1,-1
1585,50,1242,273,85,56,1,-1,-1,-1
1586,50,1237,271,82,54,1,-1,-1,-1
1587,50,1232,268,79,54,1,-1,-1,-1
1588,50,1226,266,79,53,1,-1,-1,-1
1589,50,1220,263,78,54,1,-1,-1,-1
1590,50,1214,261,79,52,1,-1,-1,-1
1591,50,1208,258,76,51,1,-1,-1,-1
1592,50,1204,256,75,49,1,-1,-1,-1
1593,50,1200,255,72,48,1,-1,-1,-1
1594,50,1197,254,69,46,1,-1,-1,-1
1595,50,1190,252,69,45,1,-1,-1,-1
1596,50,1184,249,69,45,1,-1,-1,-1
1597,50,1177,245,68,47,1,-1,-1,-1
1598,50,1171,245,69,45,1,-1,-1,-1
1599,50,1167,244,69,43,1,-1,-1,-1
1600,50,1163,242,67,42,1,-1,-1,-1
1601,50,1159,239,64,43,1,-1,-1,-1
1602,50,1153,237,62,42,1,-1,-1,-1
1603,50,1151,237,61,40,1,-1,-1,-1
1604,50,1148,234,59,42,1,-1,-1,-1
1605,50,1143,234,60,40,1,-1,-1,-1
1606,50,1139,232,57,41,1,-1,-1,-1
1607,50,1135,231,57,40,1,-1,-1,-1
1608,50,1131,227,57,41,1,-1,-1,-1
1609,50,1128,227,54,38,1,-1,-1,-1
1610,50,1125,226,52,37,1,-1,-1,-1
1611,50,1121,225,52,37,1,-1,-1,-1
1612,50,1117,225,51,33,1,-1,-1,-1
1613,50,1110,223,54,35,1,-1,-1,-1
1614,50,1107,222,52,33,1,-1,-1,-1
1615,50,1104,220,50,33,1,-1,-1,-1
1616,50,1103,221,48,32,1,-1,-1,-1
1617,50,1099,220,47,32,1,-1,-1,-1
1618,50,1096,219,48,32,1,-1,-1,-1
1619,50,1093,217,48,33,1,-1,-1,-1
1620,50,1091,215,46,33,1,-1,-1,-1
1621,50,1087,213,45,32,1,-1,-1,-1
1622,50,1084,212,45,33,1,-1,-1,-1
1623,50,1079,212,49,32,1,-1,-1,-1
1624,50,1078,210,42,31,1,-1,-1,-1
1625,50,1073,210,45,32,1,-1,-1,-1
1626,50,1071,210,43,30,1,-1,-1,-1
1627,50,1068,209,42,29,1,-1,-1,-1
1628,50,1066,208,42,31,1,-1,-1,-1
1629,50,1063,208,42,29,1,-1,-1,-1
1630,50,1061,208,41,27,1,-1,-1,-1
1631,50,1060,206,40,30,1,-1,-1,-1
1632,50,1058,205,39,26,1,-1,-1,-1
1633,50,1056,206,38,26,1,-1,-1,-1
1634,50,1053,204,39,28,1,-1,-1,-1
1635,50,1049,205,40,28,1,-1,-1,-1
1636,50,1048,204,39,27,1,-1,-1,-1
1637,50,1048,204,37,26,1,-1,-1,-1
1638,50,1043,203,38,27,1,-1,-1,-1
1639,50,1040,201,39,30,1,-1,-1,-1
1640,50,1039,201,37,29,1,-1,-1,-1
1641,50,1039,201,34,26,1,-1,-1,-1
1642,50,1038,201,35,26,1,-1,-1,-1
1643,50,1036,201,35,27,1,-1,-1,-1
1644,50,1034,201,34,27,1,-1,-1,-1
1645,50,1031,199,35,27,1,-1,-1,-1
1646,50,1029,197,35,28,1,-1,-1,-1
1647,50,1028,197,35,25,1,-1,-1,-1
1648,50,1027,196,33,27,1,-1,-1,-1
1649,50,1026,196,34,28,1,-1,-1,-1
1650,50,1025,196,33,28,1,-1,-1,-1
1651,50,1023,196,32,27,1,-1,-1,-1
1652,50,1021,195,31,28,1,-1,-1,-1
1653,50,1018,194,31,28,1,-1,-1,-1
1654,50,1015,194,34,29,1,-1,-1,-1
1655,50,1015,196,31,28,1,-1,-1,-1
1656,50,1015,193,28,27,1,-1,-1,-1
1657,50,1013,192,30,27,1,-1,-1,-1
1658,50,1013,192,29,27,1,-1,-1,-1
1659,50,1009,193,32,25,1,-1,-1,-1
1660,50,1007,193,34,26,1,-1,-1,-1
1661,50,1006,194,33,24,1,-1,-1,-1
1662,50,1005,192,33,25,1,-1,-1,-1
1663,50,1005,191,30,25,1,-1,-1,-1
1664,50,1003,190,30,24,1,-1,-1,-1
1665,50,1003,189,26,25,1,-1,-1,-1
1666,50,1001,191,28,24,1,-1,-1,-1
1667,50,1001,189,23,25,1,-1,-1,-1
1668,50,999,190,25,25,1,-1,-1,-1
1669,50,997,191,27,25,1,-1,-1,-1
1670,50,996,191,26,25,1,-1,-1,-1
1671,50,996,190,24,24,1,-1,-1,-1
1672,50,995,189,25,24,1,-1,-1,-1
1673,50,993,189,26,23,1,-1,-1,-1
1674,50,991,189,26,23,1,-1,-1,-1
1675,50,991,190,25,22,1,-1,-1,-1
1676,50,989,189,27,22,1,-1,-1,-1
1677,50,990,189,24,22,1,-1,-1,-1
1681,50,983,188,26,24,1,-1,-1,-1
1682,50,982,188,27,24,1,-1,-1,-1
1684,50,978,187,25,23,1,-1,-1,-1
1685,50,977,187,24,23,1,-1,-1,-1
1686,50,976,186,24,23,1,-1,-1,-1
1688,50,976,187,23,24,1,-1,-1,-1
1094,53,1809,463,109,172,1,-1,-1,-1
1095,53,1749,433,170,235,1,-1,-1,-1
1096,53,1696,414,223,218,1,-1,-1,-1
1097,53,1651,396,268,203,1,-1,-1,-1
1098,53,1607,379,312,190,1,-1,-1,-1
1099,53,1570,364,300,180,1,-1,-1,-1
1100,53,1535,352,280,169,1,-1,-1,-1
1101,53,1505,338,263,162,1,-1,-1,-1
1102,53,1476,330,250,151,1,-1,-1,-1
1103,53,1455,320,229,144,1,-1,-1,-1
1104,53,1428,311,218,136,1,-1,-1,-1
1105,53,1408,303,205,132,1,-1,-1,-1
1106,53,1387,297,193,123,1,-1,-1,-1
1107,53,1365,290,188,119,1,-1,-1,-1
1108,53,1350,283,175,115,1,-1,-1,-1
1109,53,1332,275,169,111,1,-1,-1,-1
1110,53,1318,271,160,106,1,-1,-1,-1
1111,53,1305,266,153,102,1,-1,-1,-1
1112,53,1287,261,148,98,1,-1,-1,-1
1113,53,1275,256,144,95,1,-1,-1,-1
1114,53,1265,252,134,91,1,-1,-1,-1
1115,53,1254,249,128,90,1,-1,-1,-1
1116,53,1240,245,125,84,1,-1,-1,-1
1117,53,1233,242,117,82,1,-1,-1,-1
1118,53,1221,237,114,82,1,-1,-1,-1
1119,53,1209,234,114,79,1,-1,-1,-1
1120,53,1202,232,107,76,1,-1,-1,-1
1121,53,1192,231,106,71,1,-1,-1,-1
1122,53,1184,227,101,71,1,-1,-1,-1
1123,53,1178,226,97,69,1,-1,-1,-1
1124,53,1170,225,91,65,1,-1,-1,-1
1125,53,1161,221,94,64,1,-1,-1,-1
1126,53,1154,214,90,69,1,-1,-1,-1
1127,53,1148,216,85,63,1,-1,-1,-1
1128,53,1142,214,85,61,1,-1,-1,-1
1129,53,1136,211,80,63,1,-1,-1,-1
1130,53,1131,209,78,61,1,-1,-1,-1
1131,53,1125,209,74,58,1,-1,-1,-1
1132,53,1119,205,73,58,1,-1,-1,-1
1133,53,1114,204,71,56,1,-1,-1,-1
1134,53,1108,201,70,57,1,-1,-1,-1
1135,53,1102,201,71,54,1,-1,-1,-1
1136,53,1096,201,71,52,1,-1,-1,-1
1137,53,1094,198,69,53,1,-1,-1,-1
1138,53,1089,198,67,52,1,-1,-1,-1
1139,53,1086,196,63,52,1,-1,-1,-1
1140,53,1083,197,58,49,1,-1,-1,-1
1141,53,1078,196,60,49,1,-1,-1,-1
1142,53,1075,195,60,47,1,-1,-1,-1
1144,53,1067,195,57,44,1,-1,-1,-1
1145,53,1064,194,55,43,1,-1,-1,-1
1146,53,1060,194,57,43,1,-1,-1,-1
1148,53,1053,193,53,40,1,-1,-1,-1
1149,53,1050,191,52,40,1,-1,-1,-1
1151,53,1043,191,51,39,1,-1,-1,-1
1152,53,1042,191,49,38,1,-1,-1,-1
1153,53,1038,189,52,39,1,-1,-1,-1
1154,53,1036,190,50,38,1,-1,-1,-1
1155,53,1035,190,49,36,1,-1,-1,-1
1156,53,1032,189,48,36,1,-1,-1,-1
1157,53,1030,190,46,35,1,-1,-1,-1
1158,53,1027,189,47,36,1,-1,-1,-1
1159,53,1025,190,44,35,1,-1,-1,-1
1160,53,1024,190,44,33,1,-1,-1,-1
1161,53,1021,188,44,34,1,-1,-1,-1
1162,53,1019,189,43,32,1,-1,-1,-1
1163,53,1016,187,43,35,1,-1,-1,-1
1164,53,1015,186,41,35,1,-1,-1,-1
1165,53,1011,187,43,33,1,-1,-1,-1
1168,53,1006,185,41,33,1,-1,-1,-1
1169,53,1004,184,39,32,1,-1,-1,-1
1170,53,1004,186,39,30,1,-1,-1,-1
1171,53,1003,186,37,29,1,-1,-1,-1
1172,53,1000,186,40,29,1,-1,-1,-1
1173,53,1000,186,38,28,1,-1,-1,-1
1174,53,998,185,36,28,1,-1,-1,-1
1175,53,997,184,37,31,1,-1,-1,-1
1176,53,995,184,36,29,1,-1,-1,-1
1177,53,994,184,35,28,1,-1,-1,-1
1178,53,993,184,35,28,1,-1,-1,-1
1181,53,989,182,31,30,1,-1,-1,-1
1182,53,986,183,34,30,1,-1,-1,-1
1183,53,986,182,32,28,1,-1,-1,-1
1184,53,985,182,32,27,1,-1,-1,-1
1185,53,984,181,31,27,1,-1,-1,-1
1186,53,983,182,31,26,1,-1,-1,-1
1187,53,983,181,30,26,1,-1,-1,-1
1190,53,978,182,28,26,1,-1,-1,-1
1196,53,970,180,29,25,1,-1,-1,-1
1033,54,803,200,48,37,1,-1,-1,-1
1034,54,801,201,48,39,1,-1,-1,-1
1035,54,799,201,48,37,1,-1,-1,-1
1036,54,799,201,46,38,1,-1,-1,-1
1037,54,798,201,47,41,1,-1,-1,-1
1038,54,797,201,49,40,1,-1,-1,-1
1039,54,797,199,50,41,1,-1,-1,-1
1040,54,796,200,53,45,1,-1,-1,-1
1041,54,795,199,54,47,1,-1,-1,-1
1042,54,794,199,54,49,1,-1,-1,-1
1043,54,793,198,56,50,1,-1,-1,-1
1044,54,795,200,53,49,1,-1,-1,-1
1045,54,793,197,56,51,1,-1,-1,-1
1046,54,791,199,56,51,1,-1,-1,-1
1047,54,791,199,57,52,1,-1,-1,-1
1048,54,789,198,60,53,1,-1,-1,-1
1049,54,787,201,61,54,1,-1,-1,-1
1050,54,788,202,56,53,1,-1,-1,-1
1051,54,789,205,53,51,1,-1,-1,-1
1052,54,787,204,56,52,1,-1,-1,-1
1053,54,785,207,57,50,1,-1,-1,-1
1054,54,786,207,55,52,1,-1,-1,-1
1055,54,785,209,57,51,1,-1,-1,-1
1056,54,785,211,58,51,1,-1,-1,-1
1057,54,784,215,58,48,1,-1,-1,-1
1058,54,782,215,58,51,1,-1,-1,-1
1059,54,781,217,58,49,1,-1,-1,-1
1060,54,779,221,59,48,1,-1,-1,-1
1061,54,778,216,61,54,1,-1,-1,-1
1062,54,777,222,60,49,1,-1,-1,-1
1063,54,774,219,63,54,1,-1,-1,-1
1064,54,774,223,62,54,1,-1,-1,-1
1065,54,772,221,65,55,1,-1,-1,-1
1066,54,772,221,64,59,1,-1,-1,-1
1067,54,769,223,66,59,1,-1,-1,-1
1068,54,769,224,64,59,1,-1,-1,-1
1069,54,765,227,67,60,1,-1,-1,-1
1070,54,764,225,66,64,1,-1,-1,-1
1071,54,763,230,67,61,1,-1,-1,-1
1072,54,761,230,69,64,1,-1,-1,-1
1073,54,756,236,71,60,1,-1,-1,-1
1074,54,756,235,72,64,1,-1,-1,-1
1075,54,754,236,71,67,1,-1,-1,-1
1076,54,751,237,75,68,1,-1,-1,-1
1077,54,750,238,76,70,1,-1,-1,-1
1078,54,747,239,78,75,1,-1,-1,-1
1079,54,744,240,80,78,1,-1,-1,-1
1080,54,741,242,81,79,1,-1,-1,-1
1081,54,742,243,81,81,1,-1,-1,-1
1082,54,738,246,82,82,1,-1,-1,-1
1083,54,735,252,82,80,1,-1,-1,-1
1084,54,733,255,84,82,1,-1,-1,-1
1085,54,729,256,87,86,1,-1,-1,-1
1086,54,724,259,92,90,1,-1,-1,-1
1087,54,722,262,95,92,1,-1,-1,-1
1088,54,717,265,99,94,1,-1,-1,-1
1089,54,715,268,99,98,1,-1,-1,-1
1090,54,710,271,104,101,1,-1,-1,-1
1091,54,705,276,104,103,1,-1,-1,-1
1092,54,701,277,110,109,1,-1,-1,-1
1093,54,698,283,110,110,1,-1,-1,-1
1094,54,692,289,114,112,1,-1,-1,-1
1095,54,688,292,118,119,1,-1,-1,-1
1096,54,681,299,122,123,1,-1,-1,-1
1097,54,676,301,126,129,1,-1,-1,-1
1098,54,669,309,131,133,1,-1,-1,-1
1099,54,664,317,135,135,1,-1,-1,-1
1100,54,658,322,142,144,1,-1,-1,-1
1101,54,653,331,147,147,1,-1,-1,-1
1102,54,643,341,156,151,1,-1,-1,-1
1103,54,636,348,162,159,1,-1,-1,-1
1104,54,626,359,170,166,1,-1,-1,-1
1105,54,621,365,175,179,1,-1,-1,-1
1106,54,611,384,181,181,1,-1,-1,-1
1107,54,602,387,188,201,1,-1,-1,-1
1108,54,587,401,207,214,1,-1,-1,-1
1109,54,575,419,213,222,1,-1,-1,-1
1110,54,560,423,231,253,1,-1,-1,-1
1111,54,545,464,235,244,1,-1,-1,-1
1112,54,527,469,252,284,1,-1,-1,-1
1113,54,504,490,272,308,1,-1,-1,-1
1114,54,484,519,287,337,1,-1,-1,-1
1115,54,455,548,313,375,1,-1,-1,-1
1116,54,423,585,338,415,1,-1,-1,-1
1117,54,383,622,371,454,1,-1,-1,-1
1118,54,335,673,411,402,1,-1,-1,-1
1119,54,280,731,454,344,1,-1,-1,-1
1120,54,290,801,431,275,1,-1,-1,-1
1121,54,269,885,436,194,1,-1,-1,-1
1122,54,266,997,390,79,1,-1,-1,-1
1027,55,777,191,31,25,1,-1,-1,-1
1028,55,776,190,31,25,1,-1,-1,-1
1029,55,775,189,29,25,1,-1,-1,-1
1030,55,775,190,27,26,1,-1,-1,-1
1031,55,775,191,28,26,1,-1,-1,-1
1032,55,773,191,27,27,1,-1,-1,-1
1033,55,774,192,27,27,1,-1,-1,-1
1034,55,773,191,29,26,1,-1,-1,-1
1035,55,771,193,29,25,1,-1,-1,-1
1036,55,769,193,31,26,1,-1,-1,-1
1037,55,768,193,30,25,1,-1,-1,-1
1038,55,769,194,30,26,1,-1,-1,-1
1039,55,767,194,30,26,1,-1,-1,-1
1040,55,767,194,31,25,1,-1,-1,-1
1041,55,764,192,32,26,1,-1,-1,-1
1042,55,763,194,31,27,1,-1,-1,-1
1043,55,762,193,32,29,1,-1,-1,-1
1044,55,760,194,33,27,1,-1,-1,-1
1045,55,759,194,32,27,1,-1,-1,-1
1046,55,758,196,33,28,1,-1,-1,-1
1047,55,757,196,32,28,1,-1,-1,-1
1048,55,755,195,34,29,1,-1,-1,-1
1049,55,755,197,32,28,1,-1,-1,-1
1050,55,752,195,32,29,1,-1,-1,-1
1051,55,751,195,34,31,1,-1,-1,-1
1052,55,750,195,34,30,1,-1,-1,-1
1053,55,748,196,34,31,1,-1,-1,-1
1054,55,746,196,35,30,1,-1,-1,-1
1055,55,745,197,35,31,1,-1,-1,-1
1056,55,742,198,36,31,1,-1,-1,-1
1057,55,741,198,37,32,1,-1,-1,-1
1058,55,740,198,38,33,1,-1,-1,-1
1059,55,738,199,37,32,1,-1,-1,-1
1060,55,737,198,36,33,1,-1,-1,-1
1061,55,733,200,41,34,1,-1,-1,-1
1062,55,731,200,40,36,1,-1,-1,-1
1063,55,730,202,41,33,1,-1,-1,-1
1064,55,727,201,42,37,1,-1,-1,-1
1065,55,726,202,42,37,1,-1,-1,-1
1066,55,724,204,42,37,1,-1,-1,-1
1067,55,721,206,44,36,1,-1,-1,-1
1068,55,718,206,44,37,1,-1,-1,-1
1069,55,717,206,45,38,1,-1,-1,-1
1070,55,715,207,44,39,1,-1,-1,-1
1071,55,713,208,47,40,1,-1,-1,-1
1072,55,708,208,49,41,1,-1,-1,-1
1073,55,707,209,49,42,1,-1,-1,-1
1074,55,702,210,52,43,1,-1,-1,-1
1075,55,700,213,52,41,1,-1,-1,-1
1076,55,695,214,57,42,1,-1,-1,-1
1077,55,694,216,53,42,1,-1,-1,-1
1078,55,691,218,53,41,1,-1,-1,-1
1079,55,688,217,55,44,1,-1,-1,-1
1080,55,685,218,56,47,1,-1,-1,-1
1081,55,680,222,60,47,1,-1,-1,-1
1082,55,678,222,58,49,1,-1,-1,-1
1083,55,674,222,60,51,1,-1,-1,-1
1084,55,669,224,61,51,1,-1,-1,-1
1085,55,665,226,61,52,1,-1,-1,-1
1086,55,660,228,62,53,1,-1,-1,-1
1087,55,656,230,64,55,1,-1,-1,-1
1088,55,651,233,68,55,1,-1,-1,-1
1089,55,645,235,70,56,1,-1,-1,-1
1090,55,642,238,71,57,1,-1,-1,-1
1091,55,636,242,73,58,1,-1,-1,-1
1092,55,631,244,74,59,1,-1,-1,-1
1093,55,625,245,75,62,1,-1,-1,-1
1094,55,619,247,77,66,1,-1,-1,-1
1095,55,612,252,79,66,1,-1,-1,-1
1096,55,605,256,83,66,1,-1,-1,-1
1097,55,599,259,84,68,1,-1,-1,-1
1098,55,591,263,87,71,1,-1,-1,-1
1099,55,582,267,91,75,1,-1,-1,-1
1100,55,573,269,93,80,1,-1,-1,-1
1101,55,565,275,96,82,1,-1,-1,-1
1102,55,555,281,101,84,1,-1,-1,-1
1103,55,545,287,102,86,1,-1,-1,-1
1104,55,534,292,107,90,1,-1,-1,-1
1105,55,522,298,112,95,1,-1,-1,-1
1106,55,511,305,115,98,1,-1,-1,-1
1107,55,496,313,123,103,1,-1,-1,-1
1108,55,481,320,127,106,1,-1,-1,-1
1109,55,464,329,133,114,1,-1,-1,-1
1110,55,446,338,142,120,1,-1,-1,-1
1111,55,426,346,147,127,1,-1,-1,-1
1112,55,406,361,156,135,1,-1,-1,-1
1113,55,381,370,165,146,1,-1,-1,-1
1114,55,355,387,176,152,1,-1,-1,-1
1115,55,326,402,188,165,1,-1,-1,-1
1116,55,295,418,202,176,1,-1,-1,-1
1117,55,256,439,215,191,1,-1,-1,-1
1118,55,215,462,232,206,1,-1,-1,-1
1119,55,166,487,254,225,1,-1,-1,-1
1120,55,109,516,278,247,1,-1,-1,-1
1121,55,43,553,307,274,1,-1,-1,-1
1122,55,0,594,306,308,1,-1,-1,-1
1123,55,1,643,256,351,1,-1,-1,-1
1124,55,0,708,194,367,1,-1,-1,-1
1125,55,1,783,124,289,1,-1,-1,-1
1082,57,807,205,42,30,1,-1,-1,-1
1083,57,807,204,45,31,1,-1,-1,-1
1084,57,807,202,42,32,1,-1,-1,-1
1085,57,805,204,46,33,1,-1,-1,-1
1086,57,803,208,48,30,1,-1,-1,-1
1087,57,803,208,44,30,1,-1,-1,-1
1088,57,802,207,45,32,1,-1,-1,-1
1089,57,801,208,44,31,1,-1,-1,-1
1090,57,800,212,43,30,1,-1,-1,-1
1091,57,798,210,48,33,1,-1,-1,-1
1092,57,799,209,44,35,1,-1,-1,-1
1093,57,799,211,42,34,1,-1,-1,-1
1094,57,797,213,44,34,1,-1,-1,-1
1095,57,796,214,45,33,1,-1,-1,-1
1096,57,793,218,46,32,1,-1,-1,-1
1097,57,791,215,49,36,1,-1,-1,-1
1098,57,789,217,49,37,1,-1,-1,-1
1099,57,789,219,48,36,1,-1,-1,-1
1100,57,787,221,49,35,1,-1,-1,-1
1101,57,785,221,52,37,1,-1,-1,-1
1102,57,784,222,51,39,1,-1,-1,-1
1103,57,783,222,53,43,1,-1,-1,-1
1104,57,780,224,56,43,1,-1,-1,-1
1105,57,779,226,54,43,1,-1,-1,-1
1106,57,778,227,53,45,1,-1,-1,-1
1107,57,775,229,56,46,1,-1,-1,-1
1108,57,773,230,57,48,1,-1,-1,-1
1109,57,768,234,60,48,1,-1,-1,-1
1110,57,767,237,61,50,1,-1,-1,-1
1111,57,766,239,61,50,1,-1,-1,-1
1112,57,765,242,62,50,1,-1,-1,-1
1113,57,760,244,64,52,1,-1,-1,-1
1114,57,759,246,63,55,1,-1,-1,-1
1115,57,756,252,65,55,1,-1,-1,-1
1116,57,752,256,69,55,1,-1,-1,-1
1117,57,750,259,69,57,1,-1,-1,-1
1118,57,747,266,70,55,1,-1,-1,-1
1119,57,743,268,73,58,1,-1,-1,-1
1120,57,738,274,76,61,1,-1,-1,-1
1121,57,735,280,78,61,1,-1,-1,-1
1122,57,732,283,80,67,1,-1,-1,-1
1123,57,724,288,85,69,1,-1,-1,-1
1124,57,720,296,88,70,1,-1,-1,-1
1125,57,717,302,89,73,1,-1,-1,-1
1126,57,708,309,95,78,1,-1,-1,-1
1127,57,701,314,100,83,1,-1,-1,-1
1128,57,697,325,104,82,1,-1,-1,-1
1129,57,690,333,104,89,1,-1,-1,-1
1130,57,679,342,113,93,1,-1,-1,-1
1131,57,671,352,119,99,1,-1,-1,-1
1132,57,663,362,122,105,1,-1,-1,-1
1133,57,652,374,131,113,1,-1,-1,-1
1134,57,643,389,135,118,1,-1,-1,-1
1135,57,623,402,150,131,1,-1,-1,-1
1136,57,615,422,153,136,1,-1,-1,-1
1137,57,596,442,165,147,1,-1,-1,-1
1138,57,576,469,180,154,1,-1,-1,-1
1139,57,554,493,194,170,1,-1,-1,-1
1140,57,530,522,211,188,1,-1,-1,-1
1141,57,501,556,227,211,1,-1,-1,-1
1142,57,463,598,254,236,1,-1,-1,-1
1143,57,423,650,282,265,1,-1,-1,-1
1144,57,372,712,314,309,1,-1,-1,-1
1145,57,307,789,365,287,1,-1,-1,-1
1146,57,235,877,407,198,1,-1,-1,-1
1147,57,249,991,358,86,1,-1,-1,-1
1160,58,1821,485,97,164,1,-1,-1,-1
1161,58,1760,452,158,230,1,-1,-1,-1
1162,58,1709,429,210,212,1,-1,-1,-1
1163,58,1659,414,260,191,1,-1,-1,-1
1164,58,1618,394,268,183,1,-1,-1,-1
1165,58,1577,379,252,172,1,-1,-1,-1
1166,58,1543,366,235,162,1,-1,-1,-1
1167,58,1513,352,218,153,1,-1,-1,-1
1168,58,1482,342,206,145,1,-1,-1,-1
1169,58,1456,329,193,138,1,-1,-1,-1
1170,58,1432,321,185,130,1,-1,-1,-1
1171,58,1412,312,169,124,1,-1,-1,-1
1172,58,1391,305,161,119,1,-1,-1,-1
1173,58,1370,296,153,116,1,-1,-1,-1
1174,58,1351,291,148,109,1,-1,-1,-1
1175,58,1333,285,142,104,1,-1,-1,-1
1176,58,1319,278,133,101,1,-1,-1,-1
1177,58,1302,272,133,98,1,-1,-1,-1
1178,58,1288,269,124,92,1,-1,-1,-1
1179,58,1275,263,119,89,1,-1,-1,-1
1180,58,1262,259,115,87,1,-1,-1,-1
1181,58,1251,256,108,81,1,-1,-1,-1
1182,58,1238,252,109,81,1,-1,-1,-1
1183,58,1229,248,102,79,1,-1,-1,-1
1184,58,1220,244,100,76,1,-1,-1,-1
1185,58,1209,240,96,74,1,-1,-1,-1
1186,58,1200,237,95,71,1,-1,-1,-1
1187,58,1190,234,91,73,1,-1,-1,-1
1188,58,1183,233,88,68,1,-1,-1,-1
1189,58,1175,231,84,65,1,-1,-1,-1
1190,58,1169,228,81,63,1,-1,-1,-1
1191,58,1160,226,82,62,1,-1,-1,-1
1192,58,1154,222,77,61,1,-1,-1,-1
1193,58,1147,221,76,59,1,-1,-1,-1
1194,58,1139,220,75,57,1,-1,-1,-1
1195,58,1136,218,73,56,1,-1,-1,-1
1196,58,1130,214,70,57,1,-1,-1,-1
1197,58,1125,213,68,56,1,-1,-1,-1
1198,58,1121,212,66,54,1,-1,-1,-1
1199,58,1117,211,61,51,1,-1,-1,-1
1200,58,1109,208,64,51,1,-1,-1,-1
1201,58,1105,206,62,50,1,-1,-1,-1
1202,58,1101,204,61,51,1,-1,-1,-1
1203,58,1097,204,56,48,1,-1,-1,-1
1204,58,1093,205,56,45,1,-1,-1,-1
1205,58,1085,202,59,47,1,-1,-1,-1
1206,58,1083,201,56,46,1,-1,-1,-1
1207,58,1080,202,54,44,1,-1,-1,-1
1208,58,1078,201,53,43,1,-1,-1,-1
1209,58,1075,199,51,41,1,-1,-1,-1
1210,58,1070,199,54,42,1,-1,-1,-1
1211,58,1066,197,50,44,1,-1,-1,-1
1212,58,1062,196,53,45,1,-1,-1,-1
1213,58,1061,195,48,43,1,-1,-1,-1
1214,58,1059,195,46,42,1,-1,-1,-1
1215,58,1053,193,49,42,1,-1,-1,-1
1216,58,1052,191,50,42,1,-1,-1,-1
1217,58,1049,191,48,44,1,-1,-1,-1
1218,58,1044,189,49,43,1,-1,-1,-1
1219,58,1042,190,48,41,1,-1,-1,-1
1220,58,1041,190,46,39,1,-1,-1,-1
1221,58,1038,190,44,39,1,-1,-1,-1
1222,58,1037,190,41,38,1,-1,-1,-1
1223,58,1034,190,39,36,1,-1,-1,-1
1224,58,1032,190,38,36,1,-1,-1,-1
1225,58,1031,189,37,34,1,-1,-1,-1
1226,58,1027,189,39,33,1,-1,-1,-1
1227,58,1024,190,40,34,1,-1,-1,-1
1228,58,1021,188,40,37,1,-1,-1,-1
1229,58,1019,188,37,36,1,-1,-1,-1
1230,58,1018,187,37,35,1,-1,-1,-1
1231,58,1017,187,40,37,1,-1,-1,-1
1232,58,1014,189,36,33,1,-1,-1,-1
1233,58,1012,188,36,34,1,-1,-1,-1
1234,58,1011,188,34,31,1,-1,-1,-1
1235,58,1007,189,36,31,1,-1,-1,-1
1255,60,1799,493,120,167,1,-1,-1,-1
1256,60,1740,464,179,153,1,-1,-1,-1
1257,60,1688,440,216,148,1,-1,-1,-1
1258,60,1638,419,202,138,1,-1,-1,-1
1259,60,1595,402,188,129,1,-1,-1,-1
1260,60,1557,386,177,122,1,-1,-1,-1
1261,60,1521,370,165,116,1,-1,-1,-1
1262,60,1520,360,125,106,1,-1,-1,-1
1263,60,1462,347,147,101,1,-1,-1,-1
1264,60,1446,336,127,96,1,-1,-1,-1
1265,60,1423,328,120,91,1,-1,-1,-1
1266,60,1409,319,104,84,1,-1,-1,-1
1267,60,1378,309,110,81,1,-1,-1,-1
1268,60,1350,301,113,82,1,-1,-1,-1
1269,60,1334,294,107,78,1,-1,-1,-1
1270,60,1319,290,101,73,1,-1,-1,-1
1271,60,1304,281,97,73,1,-1,-1,-1
1272,60,1287,277,96,70,1,-1,-1,-1
1273,60,1290,274,74,66,1,-1,-1,-1
1274,60,1270,269,81,64,1,-1,-1,-1
1275,60,1247,265,88,60,1,-1,-1,-1
1276,60,1244,260,77,60,1,-1,-1,-1
1277,60,1241,256,66,58,1,-1,-1,-1
1278,60,1229,252,65,57,1,-1,-1,-1
1279,60,1216,250,67,53,1,-1,-1,-1
1280,60,1201,245,69,54,1,-1,-1,-1
1281,60,1198,243,62,52,1,-1,-1,-1
1282,60,1188,239,62,50,1,-1,-1,-1
1283,60,1180,237,59,48,1,-1,-1,-1
1284,60,1171,233,60,47,1,-1,-1,-1
1285,60,1165,231,57,47,1,-1,-1,-1
1286,60,1158,229,55,45,1,-1,-1,-1
1287,60,1150,226,58,46,1,-1,-1,-1
1288,60,1148,226,51,42,1,-1,-1,-1
1289,60,1140,222,51,43,1,-1,-1,-1
1290,60,1134,221,52,41,1,-1,-1,-1
1291,60,1130,218,48,39,1,-1,-1,-1
1292,60,1122,215,48,39,1,-1,-1,-1
1293,60,1117,214,48,39,1,-1,-1,-1
1294,60,1116,214,44,36,1,-1,-1,-1
1295,60,1108,214,44,36,1,-1,-1,-1
1296,60,1104,213,42,34,1,-1,-1,-1
1297,60,1099,211,42,34,1,-1,-1,-1
1298,60,1095,207,44,38,1,-1,-1,-1
1299,60,1088,209,43,34,1,-1,-1,-1
1300,60,1086,206,41,35,1,-1,-1,-1
1301,60,1085,206,38,30,1,-1,-1,-1
1302,60,1079,204,37,35,1,-1,-1,-1
1303,60,1074,203,41,34,1,-1,-1,-1
1304,60,1070,202,39,35,1,-1,-1,-1
1305,60,1066,203,41,32,1,-1,-1,-1
1306,60,1064,201,40,32,1,-1,-1,-1
1307,60,1061,199,36,34,1,-1,-1,-1
1308,60,1060,200,33,30,1,-1,-1,-1
1309,60,1055,200,35,30,1,-1,-1,-1
1310,60,1048,198,40,33,1,-1,-1,-1
1311,60,1046,199,39,31,1,-1,-1,-1
1312,60,1043,199,39,30,1,-1,-1,-1
1313,60,1039,197,38,31,1,-1,-1,-1
1314,60,1038,196,35,30,1,-1,-1,-1
1315,60,1037,196,34,29,1,-1,-1,-1
1316,60,1033,196,34,29,1,-1,-1,-1
1317,60,1032,195,31,29,1,-1,-1,-1
1318,60,1030,195,31,29,1,-1,-1,-1
1319,60,1028,194,30,28,1,-1,-1,-1
1320,60,1024,195,32,27,1,-1,-1,-1
1321,60,1021,194,33,28,1,-1,-1,-1
1322,60,1018,193,33,27,1,-1,-1,-1
1323,60,1015,192,33,30,1,-1,-1,-1
1324,60,1015,191,32,29,1,-1,-1,-1
1325,60,1014,191,31,29,1,-1,-1,-1
1326,60,1013,192,30,26,1,-1,-1,-1
1327,60,1011,194,31,24,1,-1,-1,-1
1328,60,1011,194,27,23,1,-1,-1,-1
1329,60,1008,191,27,24,1,-1,-1,-1
1330,60,1007,191,26,24,1,-1,-1,-1
1331,60,1003,191,27,24,1,-1,-1,-1
1332,60,1004,190,26,25,1,-1,-1,-1
1333,60,1002,191,24,23,1,-1,-1,-1
1334,60,998,191,26,25,1,-1,-1,-1
1335,60,997,190,26,24,1,-1,-1,-1
1336,60,997,189,25,23,1,-1,-1,-1
1337,60,995,189,24,24,1,-1,-1,-1
1338,60,994,189,24,24,1,-1,-1,-1
1258,61,1774,664,145,266,1,-1,-1,-1
1259,61,1694,608,224,235,1,-1,-1,-1
1260,61,1623,562,297,216,1,-1,-1,-1
1261,61,1569,524,269,193,1,-1,-1,-1
1262,61,1516,489,249,178,1,-1,-1,-1
1263,61,1473,461,226,166,1,-1,-1,-1
1264,61,1436,436,204,155,1,-1,-1,-1
1265,61,1402,416,190,144,1,-1,-1,-1
1266,61,1370,399,178,132,1,-1,-1,-1
1267,61,1346,381,164,125,1,-1,-1,-1
1268,61,1321,371,153,116,1,-1,-1,-1
1269,61,1299,355,145,111,1,-1,-1,-1
1270,61,1280,346,137,102,1,-1,-1,-1
1271,61,1262,333,127,99,1,-1,-1,-1
1272,61,1244,326,122,93,1,-1,-1,-1
1273,61,1232,317,111,88,1,-1,-1,-1
1274,61,1227,308,98,85,1,-1,-1,-1
1275,61,1201,301,106,81,1,-1,-1,-1
1276,61,1200,295,90,78,1,-1,-1,-1
1277,61,1181,287,94,75,1,-1,-1,-1
1278,61,1165,282,95,73,1,-1,-1,-1
1279,61,1155,277,92,68,1,-1,-1,-1
1280,61,1151,274,84,64,1,-1,-1,-1
1281,61,1146,270,78,64,1,-1,-1,-1
1282,61,1131,264,81,63,1,-1,-1,-1
1283,61,1125,259,77,59,1,-1,-1,-1
1284,61,1116,258,75,55,1,-1,-1,-1
1285,61,1111,253,73,54,1,-1,-1,-1
1286,61,1105,250,69,54,1,-1,-1,-1
1287,61,1098,247,69,52,1,-1,-1,-1
1288,61,1092,240,67,54,1,-1,-1,-1
1289,61,1087,238,62,52,1,-1,-1,-1
1290,61,1082,235,61,49,1,-1,-1,-1
1291,61,1078,233,61,47,1,-1,-1,-1
1292,61,1073,231,59,46,1,-1,-1,-1
1293,61,1066,227,57,47,1,-1,-1,-1
1294,61,1063,225,56,47,1,-1,-1,-1
1295,61,1057,225,56,44,1,-1,-1,-1
1296,61,1054,223,54,42,1,-1,-1,-1
1297,61,1048,220,53,42,1,-1,-1,-1
1298,61,1043,219,53,42,1,-1,-1,-1
1299,61,1041,217,50,41,1,-1,-1,-1
1300,61,1037,216,51,39,1,-1,-1,-1
1301,61,1034,216,51,37,1,-1,-1,-1
1302,61,1032,214,46,36,1,-1,-1,-1
1303,61,1027,212,48,36,1,-1,-1,-1
1304,61,1024,209,47,36,1,-1,-1,-1
1305,61,1020,209,45,35,1,-1,-1,-1
1306,61,1019,208,44,34,1,-1,-1,-1
1307,61,1017,207,43,34,1,-1,-1,-1
1308,61,1012,205,46,33,1,-1,-1,-1
1309,61,1013,204,38,32,1,-1,-1,-1
1310,61,1008,203,42,31,1,-1,-1,-1
1311,61,1007,203,39,31,1,-1,-1,-1
1312,61,1002,201,42,31,1,-1,-1,-1
1313,61,1001,201,38,31,1,-1,-1,-1
1314,61,999,200,35,30,1,-1,-1,-1
1315,61,998,199,35,29,1,-1,-1,-1
1316,61,994,200,35,29,1,-1,-1,-1
1317,61,993,200,35,26,1,-1,-1,-1
1318,61,992,198,34,27,1,-1,-1,-1
1319,61,989,199,34,27,1,-1,-1,-1
1320,61,987,198,33,26,1,-1,-1,-1
1321,61,984,198,33,25,1,-1,-1,-1
1322,61,982,198,33,25,1,-1,-1,-1
1323,61,979,197,33,25,1,-1,-1,-1
1324,61,978,196,33,25,1,-1,-1,-1
1325,61,978,196,30,26,1,-1,-1,-1
1326,61,975,196,30,25,1,-1,-1,-1
1327,61,973,195,29,24,1,-1,-1,-1
1328,61,971,195,29,24,1,-1,-1,-1
1329,61,970,195,30,23,1,-1,-1,-1
1330,61,969,194,29,24,1,-1,-1,-1
1331,61,966,192,30,24,1,-1,-1,-1
1332,61,965,191,28,24,1,-1,-1,-1
1333,61,965,192,27,24,1,-1,-1,-1
1334,61,962,194,29,24,1,-1,-1,-1
1335,61,962,190,28,25,1,-1,-1,-1
1336,61,959,190,30,24,1,-1,-1,-1
1337,61,957,190,29,23,1,-1,-1,-1
1338,61,957,190,28,23,1,-1,-1,-1
1340,61,954,190,26,23,1,-1,-1,-1
1224,65,782,192,28,23,1,-1,-1,-1
1225,65,781,191,30,22,1,-1,-1,-1
1226,65,780,192,29,22,1,-1,-1,-1
1227,65,780,191,29,23,1,-1,-1,-1
1228,65,778,193,30,23,1,-1,-1,-1
1229,65,776,192,33,25,1,-1,-1,-1
1230,65,776,193,32,25,1,-1,-1,-1
1231,65,774,193,30,24,1,-1,-1,-1
1232,65,773,194,27,24,1,-1,-1,-1
1233,65,774,194,26,24,1,-1,-1,-1
1234,65,773,196,28,24,1,-1,-1,-1
1235,65,772,196,29,24,1,-1,-1,-1
1236,65,771,196,29,24,1,-1,-1,-1
1237,65,769,194,29,25,1,-1,-1,-1
1238,65,769,197,29,23,1,-1,-1,-1
1239,65,769,198,28,23,1,-1,-1,-1
1240,65,767,198,27,23,1,-1,-1,-1
1241,65,762,199,32,24,1,-1,-1,-1
1242,65,762,200,30,23,1,-1,-1,-1
1243,65,759,199,31,24,1,-1,-1,-1
1244,65,760,199,28,24,1,-1,-1,-1
1245,65,755,200,32,24,1,-1,-1,-1
1246,65,755,199,33,25,1,-1,-1,-1
1247,65,754,198,34,26,1,-1,-1,-1
1248,65,751,200,38,25,1,-1,-1,-1
1249,65,751,203,34,24,1,-1,-1,-1
1250,65,750,202,33,24,1,-1,-1,-1
1251,65,746,201,35,26,1,-1,-1,-1
1252,65,744,202,38,27,1,-1,-1,-1
1253,65,744,203,38,26,1,-1,-1,-1
1254,65,740,206,36,25,1,-1,-1,-1
1255,65,738,207,37,26,1,-1,-1,-1
1256,65,736,207,36,27,1,-1,-1,-1
1257,65,733,208,38,27,1,-1,-1,-1
1258,65,730,209,39,29,1,-1,-1,-1
1259,65,727,209,40,29,1,-1,-1,-1
1260,65,725,211,39,29,1,-1,-1,-1
1261,65,722,212,42,30,1,-1,-1,-1
1262,65,718,214,42,30,1,-1,-1,-1
1263,65,715,214,43,35,1,-1,-1,-1
1264,65,712,216,45,34,1,-1,-1,-1
1265,65,709,216,46,35,1,-1,-1,-1
1266,65,705,220,46,33,1,-1,-1,-1
1267,65,702,220,47,36,1,-1,-1,-1
1268,65,696,223,49,37,1,-1,-1,-1
1269,65,693,225,51,37,1,-1,-1,-1
1270,65,689,225,53,41,1,-1,-1,-1
1271,65,684,227,53,42,1,-1,-1,-1
1272,65,678,230,54,43,1,-1,-1,-1
1273,65,675,233,54,42,1,-1,-1,-1
1274,65,670,238,54,41,1,-1,-1,-1
1275,65,664,241,55,41,1,-1,-1,-1
1276,65,658,245,59,43,1,-1,-1,-1
1277,65,651,247,62,46,1,-1,-1,-1
1278,65,644,248,64,48,1,-1,-1,-1
1279,65,638,253,64,50,1,-1,-1,-1
1280,65,630,258,65,52,1,-1,-1,-1
1281,65,622,263,70,54,1,-1,-1,-1
1282,65,612,268,73,55,1,-1,-1,-1
1283,65,603,272,76,58,1,-1,-1,-1
1284,65,594,278,78,60,1,-1,-1,-1
1285,65,584,284,83,64,1,-1,-1,-1
1286,65,573,292,86,66,1,-1,-1,-1
1287,65,559,299,90,69,1,-1,-1,-1
1288,65,545,306,95,73,1,-1,-1,-1
1289,65,531,316,100,78,1,-1,-1,-1
1290,65,515,326,104,80,1,-1,-1,-1
1291,65,497,336,110,86,1,-1,-1,-1
1292,65,479,346,117,92,1,-1,-1,-1
1293,65,458,360,122,96,1,-1,-1,-1
1294,65,434,373,133,105,1,-1,-1,-1
1295,65,407,389,140,114,1,-1,-1,-1
1296,65,376,408,150,122,1,-1,-1,-1
1297,65,343,429,166,132,1,-1,-1,-1
1298,65,304,455,180,142,1,-1,-1,-1
1299,65,259,482,196,158,1,-1,-1,-1
1300,65,208,516,219,172,1,-1,-1,-1
1301,65,147,554,243,195,1,-1,-1,-1
1302,65,71,601,274,223,1,-1,-1,-1
1303,65,0,657,295,261,1,-1,-1,-1
1304,65,0,732,229,301,1,-1,-1,-1
1305,65,1,816,152,260,1,-1,-1,-1
1206,66,834,173,25,26,1,-1,-1,-1
1207,66,832,171,28,27,1,-1,-1,-1
1208,66,832,172,28,27,1,-1,-1,-1
1209,66,832,172,28,27,1,-1,-1,-1
1210,66,831,171,29,28,1,-1,-1,-1
1211,66,830,170,31,29,1,-1,-1,-1
1212,66,829,170,32,29,1,-1,-1,-1
1213,66,828,171,32,29,1,-1,-1,-1
1214,66,827,172,32,30,1,-1,-1,-1
1215,66,827,170,33,32,1,-1,-1,-1
1216,66,828,170,32,32,1,-1,-1,-1
1217,66,827,171,30,31,1,-1,-1,-1
1218,66,828,171,29,31,1,-1,-1,-1
1219,66,829,171,28,31,1,-1,-1,-1
1220,66,829,170,28,31,1,-1,-1,-1
1221,66,827,173,30,31,1,-1,-1,-1
1222,66,827,173,29,31,1,-1,-1,-1
1223,66,827,176,30,29,1,-1,-1,-1
1224,66,827,176,30,28,1,-1,-1,-1
1225,66,826,173,32,31,1,-1,-1,-1
1226,66,827,172,33,33,1,-1,-1,-1
1227,66,827,171,33,34,1,-1,-1,-1
1228,66,826,169,33,36,1,-1,-1,-1
1229,66,826,170,33,36,1,-1,-1,-1
1230,66,825,171,34,35,1,-1,-1,-1
1231,66,823,173,35,32,1,-1,-1,-1
1232,66,823,173,35,33,1,-1,-1,-1
1233,66,824,174,33,32,1,-1,-1,-1
1234,66,824,175,33,32,1,-1,-1,-1
1235,66,824,177,33,31,1,-1,-1,-1
1236,66,824,178,32,30,1,-1,-1,-1
1237,66,824,178,34,31,1,-1,-1,-1
1238,66,823,177,35,32,1,-1,-1,-1
1239,66,823,178,33,31,1,-1,-1,-1
1240,66,824,178,32,31,1,-1,-1,-1
1241,66,823,177,33,31,1,-1,-1,-1
1242,66,823,176,34,33,1,-1,-1,-1
1243,66,822,177,34,33,1,-1,-1,-1
1244,66,823,179,33,31,1,-1,-1,-1
1245,66,822,183,32,28,1,-1,-1,-1
1246,66,822,181,33,30,1,-1,-1,-1
1247,66,822,182,33,30,1,-1,-1,-1
1248,66,821,181,33,30,1,-1,-1,-1
1249,66,821,182,35,31,1,-1,-1,-1
1250,66,821,182,33,31,1,-1,-1,-1
1251,66,820,185,31,28,1,-1,-1,-1
1252,66,818,186,34,28,1,-1,-1,-1
1253,66,819,187,36,28,1,-1,-1,-1
1254,66,818,187,37,29,1,-1,-1,-1
1255,66,818,186,37,30,1,-1,-1,-1
1256,66,817,187,37,29,1,-1,-1,-1
1257,66,818,188,35,28,1,-1,-1,-1
1258,66,817,189,36,30,1,-1,-1,-1
1259,66,816,187,35,31,1,-1,-1,-1
1260,66,816,186,36,33,1,-1,-1,-1
1261,66,814,188,38,31,1,-1,-1,-1
1262,66,814,189,38,32,1,-1,-1,-1
1263,66,813,189,39,31,1,-1,-1,-1
1264,66,812,190,40,32,1,-1,-1,-1
1265,66,813,190,38,33,1,-1,-1,-1
1266,66,813,190,38,33,1,-1,-1,-1
1267,66,812,191,39,33,1,-1,-1,-1
1268,66,811,191,39,34,1,-1,-1,-1
1269,66,810,190,40,35,1,-1,-1,-1
1270,66,809,193,41,33,1,-1,-1,-1
1271,66,807,193,43,35,1,-1,-1,-1
1272,66,808,193,41,35,1,-1,-1,-1
1273,66,808,194,42,36,1,-1,-1,-1
1274,66,805,195,46,38,1,-1,-1,-1
1275,66,805,194,45,37,1,-1,-1,-1
1276,66,803,195,43,38,1,-1,-1,-1
1277,66,800,197,47,39,1,-1,-1,-1
1278,66,801,197,45,41,1,-1,-1,-1
1279,66,798,198,48,40,1,-1,-1,-1
1280,66,797,197,49,42,1,-1,-1,-1
1281,66,797,200,49,42,1,-1,-1,-1
1282,66,795,200,50,44,1,-1,-1,-1
1283,66,795,199,49,46,1,-1,-1,-1
1284,66,792,202,52,45,1,-1,-1,-1
1285,66,790,203,55,45,1,-1,-1,-1
1286,66,789,207,54,42,1,-1,-1,-1
1287,66,787,208,54,44,1,-1,-1,-1
1288,66,787,208,54,48,1,-1,-1,-1
1289,66,785,209,55,48,1,-1,-1,-1
1290,66,785,211,55,49,1,-1,-1,-1
1291,66,783,213,58,49,1,-1,-1,-1
1292,66,781,213,59,52,1,-1,-1,-1
1293,66,781,218,57,50,1,-1,-1,-1
1294,66,776,218,61,54,1,-1,-1,-1
1295,66,772,220,65,57,1,-1,-1,-1
1296,66,768,223,68,57,1,-1,-1,-1
1297,66,768,226,68,57,1,-1,-1,-1
1298,66,765,228,70,60,1,-1,-1,-1
1299,66,763,230,70,61,1,-1,-1,-1
1300,66,762,234,71,63,1,-1,-1,-1
1301,66,760,238,71,66,1,-1,-1,-1
1302,66,756,240,74,67,1,-1,-1,-1
1303,66,753,247,74,67,1,-1,-1,-1
1304,66,748,249,78,72,1,-1,-1,-1
1305,66,744,256,80,72,1,-1,-1,-1
1306,66,741,256,84,78,1,-1,-1,-1
1307,66,735,263,88,79,1,-1,-1,-1
1308,66,728,269,94,84,1,-1,-1,-1
1309,66,722,274,99,86,1,-1,-1,-1
1310,66,718,280,100,93,1,-1,-1,-1
1311,66,710,289,105,94,1,-1,-1,-1
1312,66,702,295,109,99,1,-1,-1,-1
1313,66,694,303,116,104,1,-1,-1,-1
1314,66,687,313,118,110,1,-1,-1,-1
1315,66,675,321,128,118,1,-1,-1,-1
1316,66,664,332,137,125,1,-1,-1,-1
1317,66,654,345,143,132,1,-1,-1,-1
1318,66,635,360,160,139,1,-1,-1,-1
1319,66,621,376,169,147,1,-1,-1,-1
1320,66,603,392,184,164,1,-1,-1,-1
1321,66,582,414,196,176,1,-1,-1,-1
1322,66,560,439,212,188,1,-1,-1,-1
1323,66,534,465,227,209,1,-1,-1,-1
1324,66,503,497,246,233,1,-1,-1,-1
1325,66,469,538,267,260,1,-1,-1,-1
1326,66,421,590,300,292,1,-1,-1,-1
1327,66,365,653,339,335,1,-1,-1,-1
1328,66,297,725,385,352,1,-1,-1,-1
1329,66,209,820,444,258,1,-1,-1,-1
1381,67,1798,498,122,187,1,-1,-1,-1
1382,67,1733,467,186,172,1,-1,-1,-1
1383,67,1678,441,241,162,1,-1,-1,-1
1384,67,1626,419,231,154,1,-1,-1,-1
1385,67,1582,402,212,142,1,-1,-1,-1
1386,67,1542,384,199,134,1,-1,-1,-1
1387,67,1505,369,187,127,1,-1,-1,-1
1388,67,1473,357,172,116,1,-1,-1,-1
1389,67,1443,342,166,113,1,-1,-1,-1
1390,67,1417,334,151,104,1,-1,-1,-1
1391,67,1392,323,145,100,1,-1,-1,-1
1392,67,1371,314,134,95,1,-1,-1,-1
1393,67,1348,304,128,92,1,-1,-1,-1
1394,67,1329,296,121,87,1,-1,-1,-1
1395,67,1311,291,116,81,1,-1,-1,-1
1396,67,1295,287,109,77,1,-1,-1,-1
1397,67,1281,280,103,74,1,-1,-1,-1
1398,67,1265,273,102,74,1,-1,-1,-1
1399,67,1253,269,97,69,1,-1,-1,-1
1400,67,1240,265,92,67,1,-1,-1,-1
1401,67,1230,261,87,64,1,-1,-1,-1
1402,67,1217,256,87,63,1,-1,-1,-1
1403,67,1206,253,87,60,1,-1,-1,-1
1404,67,1199,250,80,57,1,-1,-1,-1
1405,67,1190,246,78,56,1,-1,-1,-1
1406,67,1183,243,73,55,1,-1,-1,-1
1407,67,1173,239,72,53,1,-1,-1,-1
1408,67,1168,236,69,52,1,-1,-1,-1
1409,67,1159,235,68,49,1,-1,-1,-1
1410,67,1151,233,66,46,1,-1,-1,-1
1411,67,1147,229,62,47,1,-1,-1,-1
1412,67,1140,226,62,48,1,-1,-1,-1
1413,67,1131,225,61,46,1,-1,-1,-1
1414,67,1126,223,60,44,1,-1,-1,-1
1415,67,1122,222,55,43,1,-1,-1,-1
1416,67,1116,220,55,42,1,-1,-1,-1
1417,67,1110,216,56,43,1,-1,-1,-1
1418,67,1106,215,54,40,1,-1,-1,-1
1419,67,1102,215,51,38,1,-1,-1,-1
1420,67,1096,213,51,38,1,-1,-1,-1
1421,67,1092,211,50,39,1,-1,-1,-1
1422,67,1088,209,52,40,1,-1,-1,-1
1423,67,1084,209,48,38,1,-1,-1,-1
1424,67,1078,207,49,39,1,-1,-1,-1
1425,67,1078,206,45,36,1,-1,-1,-1
1426,67,1073,205,44,35,1,-1,-1,-1
1427,67,1070,204,43,33,1,-1,-1,-1
1428,67,1063,202,45,37,1,-1,-1,-1
1429,67,1059,202,44,34,1,-1,-1,-1
1430,67,1057,202,42,34,1,-1,-1,-1
1431,67,1053,201,42,33,1,-1,-1,-1
1432,67,1050,199,41,33,1,-1,-1,-1
1433,67,1047,199,41,32,1,-1,-1,-1
1434,67,1043,198,41,32,1,-1,-1,-1
1435,67,1040,199,42,31,1,-1,-1,-1
1436,67,1039,196,40,33,1,-1,-1,-1
1437,67,1039,196,38,32,1,-1,-1,-1
1438,67,1036,195,35,32,1,-1,-1,-1
1439,67,1031,195,35,31,1,-1,-1,-1
1440,67,1028,193,37,32,1,-1,-1,-1
1441,67,1026,192,34,32,1,-1,-1,-1
1442,67,1024,192,35,31,1,-1,-1,-1
1443,67,1019,192,37,32,1,-1,-1,-1
1444,67,1015,192,38,32,1,-1,-1,-1
1445,67,1016,192,34,30,1,-1,-1,-1
1446,67,1015,192,34,28,1,-1,-1,-1
1447,67,1011,192,35,28,1,-1,-1,-1
1448,67,1011,193,33,26,1,-1,-1,-1
1449,67,1008,191,35,28,1,-1,-1,-1
1450,67,1006,190,34,27,1,-1,-1,-1
1451,67,1005,190,33,27,1,-1,-1,-1
1452,67,1004,189,34,28,1,-1,-1,-1
1453,67,1002,189,32,29,1,-1,-1,-1
1454,67,1001,189,30,27,1,-1,-1,-1
1455,67,1001,188,28,27,1,-1,-1,-1
1456,67,998,189,28,26,1,-1,-1,-1
1457,67,997,189,27,24,1,-1,-1,-1
1458,67,996,189,27,25,1,-1,-1,-1
1459,67,995,188,26,26,1,-1,-1,-1
1460,67,993,189,27,25,1,-1,-1,-1
1461,67,991,188,27,25,1,-1,-1,-1
1462,67,991,187,26,25,1,-1,-1,-1
1463,67,989,187,26,24,1,-1,-1,-1
1464,67,989,187,24,24,1,-1,-1,-1
1466,67,987,187,23,23,1,-1,-1,-1
1468,67,983,187,26,23,1,-1,-1,-1
1469,67,981,187,24,24,1,-1,-1,-1
1470,67,981,187,24,24,1,-1,-1,-1
1471,67,979,186,27,24,1,-1,-1,-1
1472,67,978,185,24,23,1,-1,-1,-1
1473,67,976,185,23,22,1,-1,-1,-1
1474,67,975,185,24,22,1,-1,-1,-1
1475,67,974,184,24,23,1,-1,-1,-1
1476,67,974,185,23,23,1,-1,-1,-1
1477,67,973,186,22,23,1,-1,-1,-1
1408,70,1806,517,113,151,1,-1,-1,-1
1409,70,1750,488,170,143,1,-1,-1,-1
1410,70,1699,466,220,136,1,-1,-1,-1
1411,70,1654,446,206,124,1,-1,-1,-1
1412,70,1615,426,192,120,1,-1,-1,-1
1413,70,1576,411,180,111,1,-1,-1,-1
1414,70,1541,396,169,105,1,-1,-1,-1
1415,70,1513,383,159,99,1,-1,-1,-1
1416,70,1483,368,150,96,1,-1,-1,-1
1417,70,1459,359,141,90,1,-1,-1,-1
1418,70,1434,348,136,85,1,-1,-1,-1
1419,70,1413,339,128,81,1,-1,-1,-1
1420,70,1392,330,122,78,1,-1,-1,-1
1421,70,1374,318,117,78,1,-1,-1,-1
1422,70,1358,310,111,75,1,-1,-1,-1
1423,70,1341,305,107,71,1,-1,-1,-1
1424,70,1324,299,103,69,1,-1,-1,-1
1425,70,1313,295,95,64,1,-1,-1,-1
1426,70,1296,290,93,61,1,-1,-1,-1
1427,70,1284,287,89,56,1,-1,-1,-1
1428,70,1270,279,87,57,1,-1,-1,-1
1429,70,1257,274,87,57,1,-1,-1,-1
1430,70,1246,269,84,57,1,-1,-1,-1
1431,70,1238,265,78,54,1,-1,-1,-1
1432,70,1227,261,77,52,1,-1,-1,-1
1433,70,1218,258,75,50,1,-1,-1,-1
1434,70,1208,255,74,47,1,-1,-1,-1
1435,70,1200,253,71,46,1,-1,-1,-1
1436,70,1196,251,66,44,1,-1,-1,-1
1437,70,1188,247,65,44,1,-1,-1,-1
1438,70,1179,242,64,44,1,-1,-1,-1
1439,70,1172,242,63,42,1,-1,-1,-1
1440,70,1165,239,60,41,1,-1,-1,-1
1441,70,1156,235,58,41,1,-1,-1,-1
1442,70,1151,234,56,39,1,-1,-1,-1
1443,70,1146,232,54,40,1,-1,-1,-1
1444,70,1140,229,51,39,1,-1,-1,-1
1445,70,1132,229,54,35,1,-1,-1,-1
1446,70,1128,227,53,34,1,-1,-1,-1
1447,70,1122,226,52,33,1,-1,-1,-1
1448,70,1119,224,48,31,1,-1,-1,-1
1449,70,1112,220,51,33,1,-1,-1,-1
1450,70,1108,221,49,31,1,-1,-1,-1
1451,70,1105,218,45,31,1,-1,-1,-1
1452,70,1100,217,44,32,1,-1,-1,-1
1453,70,1096,217,47,31,1,-1,-1,-1
1454,70,1093,216,43,29,1,-1,-1,-1
1455,70,1088,215,42,28,1,-1,-1,-1
1456,70,1082,215,43,27,1,-1,-1,-1
1457,70,1080,211,40,29,1,-1,-1,-1
1458,70,1077,210,39,28,1,-1,-1,-1
1459,70,1072,209,39,27,1,-1,-1,-1
1460,70,1068,209,40,26,1,-1,-1,-1
1461,70,1064,208,41,26,1,-1,-1,-1
1462,70,1062,206,38,26,1,-1,-1,-1
1463,70,1060,205,36,26,1,-1,-1,-1
1464,70,1054,205,39,25,1,-1,-1,-1
1465,70,1055,206,36,24,1,-1,-1,-1
1466,70,1051,204,35,24,1,-1,-1,-1
1467,70,1048,204,36,25,1,-1,-1,-1
1468,70,1043,203,37,25,1,-1,-1,-1
1469,70,1042,203,32,24,1,-1,-1,-1
1470,70,1039,202,32,24,1,-1,-1,-1
1471,70,1036,201,31,23,1,-1,-1,-1
1472,70,1034,200,32,24,1,-1,-1,-1
1473,70,1028,200,36,25,1,-1,-1,-1
1474,70,1027,199,35,24,1,-1,-1,-1
1475,70,1025,198,34,24,1,-1,-1,-1
1476,70,1025,198,33,25,1,-1,-1,-1
1477,70,1023,197,32,26,1,-1,-1,-1
1478,70,1021,196,31,26,1,-1,-1,-1
1479,70,1019,197,33,24,1,-1,-1,-1
1480,70,1019,196,30,23,1,-1,-1,-1
1481,70,1017,197,28,25,1,-1,-1,-1
1482,70,1016,198,25,23,1,-1,-1,-1
1483,70,1012,197,28,22,1,-1,-1,-1
1484,70,1008,194,33,23,1,-1,-1,-1
1485,70,1004,193,33,22,1,-1,-1,-1
1486,70,1003,195,31,22,1,-1,-1,-1
1487,70,1002,194,32,22,1,-1,-1,-1
1488,70,1003,194,27,22,1,-1,-1,-1
1489,70,999,193,28,23,1,-1,-1,-1
1490,70,998,194,30,22,1,-1,-1,-1
1491,70,997,194,28,22,1,-1,-1,-1
1492,70,997,192,27,23,1,-1,-1,-1
1493,70,996,191,26,22,1,-1,-1,-1
1494,70,996,191,23,23,1,-1,-1,-1
1817,72,1610,1036,305,40,1,-1,-1,-1
1818,72,1609,1032,305,45,1,-1,-1,-1
1819,72,1606,1030,308,46,1,-1,-1,-1
1820,72,1606,1030,309,47,1,-1,-1,-1
1821,72,1602,1030,313,46,1,-1,-1,-1
1822,72,1599,1030,317,47,1,-1,-1,-1
1823,72,1596,1028,320,49,1,-1,-1,-1
1824,72,1593,1029,324,49,1,-1,-1,-1
1825,72,1591,1027,326,51,1,-1,-1,-1
1826,72,1591,1024,326,53,1,-1,-1,-1
1827,72,1589,1025,327,52,1,-1,-1,-1
1828,72,1591,1025,326,53,1,-1,-1,-1
1829,72,1592,1025,324,52,1,-1,-1,-1
1830,72,1590,1025,326,52,1,-1,-1,-1
1831,72,1591,1024,325,53,1,-1,-1,-1
1832,72,1592,1023,325,54,1,-1,-1,-1
1833,72,1592,1023,325,54,1,-1,-1,-1
1834,72,1591,1023,326,54,1,-1,-1,-1
1835,72,1590,1024,327,53,1,-1,-1,-1
1836,72,1589,1023,327,53,1,-1,-1,-1
1837,72,1592,1024,325,53,1,-1,-1,-1
1838,72,1591,1024,326,53,1,-1,-1,-1
1839,72,1591,1025,327,53,1,-1,-1,-1
1840,72,1591,1024,327,53,1,-1,-1,-1
1841,72,1592,1026,325,52,1,-1,-1,-1
1842,72,1593,1024,324,54,1,-1,-1,-1
1843,72,1593,1023,323,54,1,-1,-1,-1
1844,72,1593,1023,323,54,1,-1,-1,-1
1845,72,1592,1024,325,54,1,-1,-1,-1
1846,72,1590,1025,326,53,1,-1,-1,-1
1847,72,1590,1024,326,53,1,-1,-1,-1
1848,72,1589,1024,326,53,1,-1,-1,-1
1849,72,1589,1023,327,54,1,-1,-1,-1
1850,72,1589,1023,327,54,1,-1,-1,-1
1851,72,1589,1023,326,53,1,-1,-1,-1
1852,72,1591,1023,325,54,1,-1,-1,-1
1853,72,1590,1024,327,54,1,-1,-1,-1
1854,72,1591,1024,327,54,1,-1,-1,-1
1855,72,1591,1023,327,55,1,-1,-1,-1
1856,72,1591,1024,327,54,1,-1,-1,-1
1857,72,1591,1023,326,55,1,-1,-1,-1
1858,72,1590,1023,327,54,1,-1,-1,-1
1859,72,1588,1023,328,53,1,-1,-1,-1
1860,72,1588,1023,328,53,1,-1,-1,-1
1861,72,1589,1025,329,53,1,-1,-1,-1
1862,72,1589,1024,329,53,1,-1,-1,-1
1863,72,1589,1025,329,52,1,-1,-1,-1
1864,72,1589,1025,328,52,1,-1,-1,-1
1865,72,1589,1025,328,52,1,-1,-1,-1
1866,72,1589,1026,329,51,1,-1,-1,-1
1867,72,1590,1026,327,52,1,-1,-1,-1
1868,72,1592,1027,326,51,1,-1,-1,-1
1869,72,1592,1027,326,51,1,-1,-1,-1
1870,72,1591,1028,327,50,1,-1,-1,-1
1871,72,1591,1025,325,53,1,-1,-1,-1
1872,72,1589,1024,327,53,1,-1,-1,-1
1873,72,1589,1025,327,52,1,-1,-1,-1
1874,72,1588,1025,328,52,1,-1,-1,-1
1875,72,1588,1025,328,52,1,-1,-1,-1
1876,72,1587,1024,329,52,1,-1,-1,-1
1877,72,1588,1024,328,53,1,-1,-1,-1
1878,72,1587,1025,329,52,1,-1,-1,-1
1879,72,1587,1025,329,52,1,-1,-1,-1
1880,72,1590,1025,327,52,1,-1,-1,-1
1881,72,1590,1026,326,52,1,-1,-1,-1
1882,72,1589,1025,328,52,1,-1,-1,-1
1883,72,1591,1024,325,54,1,-1,-1,-1
1884,72,1591,1024,325,53,1,-1,-1,-1
1885,72,1592,1024,325,53,1,-1,-1,-1
1886,72,1591,1024,325,53,1,-1,-1,-1
1887,72,1591,1023,325,54,1,-1,-1,-1
1888,72,1591,1023,326,55,1,-1,-1,-1
1889,72,1590,1023,326,54,1,-1,-1,-1
1890,72,1589,1023,328,54,1,-1,-1,-1
1891,72,1587,1025,329,52,1,-1,-1,-1
1892,72,1588,1025,328,52,1,-1,-1,-1
1893,72,1589,1025,328,52,1,-1,-1,-1
1894,72,1589,1026,327,52,1,-1,-1,-1
1895,72,1590,1026,326,51,1,-1,-1,-1
1896,72,1588,1024,327,53,1,-1,-1,-1
1897,72,1589,1024,326,53,1,-1,-1,-1
1898,72,1588,1024,327,53,1,-1,-1,-1
1899,72,1586,1024,329,53,1,-1,-1,-1
1900,72,1587,1024,328,53,1,-1,-1,-1
1901,72,1587,1024,330,53,1,-1,-1,-1
1902,72,1587,1025,329,52,1,-1,-1,-1
1903,72,1588,1026,329,51,1,-1,-1,-1
1904,72,1588,1026,329,51,1,-1,-1,-1
1905,72,1588,1026,329,52,1,-1,-1,-1
1906,72,1589,1025,328,52,1,-1,-1,-1
1907,72,1588,1026,329,52,1,-1,-1,-1
1908,72,1589,1025,329,52,1,-1,-1,-1
1909,72,1590,1026,329,52,1,-1,-1,-1
1910,72,1590,1025,328,52,1,-1,-1,-1
1911,72,1589,1025,327,52,1,-1,-1,-1
1912,72,1589,1026,327,52,1,-1,-1,-1
1913,72,1588,1024,328,54,1,-1,-1,-1
1914,72,1587,1022,328,55,1,-1,-1,-1
1915,72,1586,1021,329,56,1,-1,-1,-1
1916,72,1584,1021,331,56,1,-1,-1,-1
1917,72,1584,1020,332,56,1,-1,-1,-1
1918,72,1580,1018,336,59,1,-1,-1,-1
1919,72,1576,1017,340,60,1,-1,-1,-1
1920,72,1574,1013,343,64,1,-1,-1,-1
1921,72,1570,998,348,77,1,-1,-1,-1
1922,72,1568,997,349,79,1,-1,-1,-1
1923,72,1562,980,354,96,1,-1,-1,-1
1924,72,1557,975,359,100,1,-1,-1,-1
1925,72,1549,975,368,103,1,-1,-1,-1
1926,72,1540,976,377,102,1,-1,-1,-1
1927,72,1534,967,381,110,1,-1,-1,-1
1928,72,1519,955,398,121,1,-1,-1,-1
1929,72,1501,946,418,132,1,-1,-1,-1
1930,72,1489,936,427,141,1,-1,-1,-1
1931,72,1474,922,443,155,1,-1,-1,-1
1932,72,1457,908,462,170,1,-1,-1,-1
1933,72,1437,893,481,183,1,-1,-1,-1
1934,72,1418,877,502,201,1,-1,-1,-1
1935,72,1393,861,525,214,1,-1,-1,-1
1936,72,1370,847,547,230,1,-1,-1,-1
1937,72,1343,832,556,244,1,-1,-1,-1
1938,72,1312,815,549,260,1,-1,-1,-1
1939,72,1284,800,549,275,1,-1,-1,-1
1940,72,1249,783,547,294,1,-1,-1,-1
1941,72,1215,767,544,310,1,-1,-1,-1
1942,72,1177,753,546,322,1,-1,-1,-1
1943,72,1139,736,542,343,1,-1,-1,-1
1944,72,1096,724,542,343,1,-1,-1,-1
1945,72,1051,710,544,333,1,-1,-1,-1
1946,72,1006,694,541,328,1,-1,-1,-1
1947,72,960,681,539,319,1,-1,-1,-1
1948,72,912,669,539,311,1,-1,-1,-1
1949,72,865,659,534,302,1,-1,-1,-1
1950,72,815,647,530,299,1,-1,-1,-1
1951,72,765,636,528,293,1,-1,-1,-1
1952,72,712,627,523,284,1,-1,-1,-1
1953,72,658,619,520,278,1,-1,-1,-1
1954,72,604,610,512,271,1,-1,-1,-1
1955,72,549,602,510,266,1,-1,-1,-1
1956,72,493,596,503,258,1,-1,-1,-1
1957,72,440,587,495,254,1,-1,-1,-1
1958,72,384,582,488,247,1,-1,-1,-1
1959,72,324,577,483,242,1,-1,-1,-1
1960,72,269,572,472,236,1,-1,-1,-1
1961,72,211,565,468,234,1,-1,-1,-1
1962,72,153,564,460,223,1,-1,-1,-1
1963,72,96,561,451,219,1,-1,-1,-1
1964,72,38,555,444,218,1,-1,-1,-1
1965,72,0,553,415,212,1,-1,-1,-1
1966,72,1,548,348,210,1,-1,-1,-1
1967,72,1,546,283,205,1,-1,-1,-1
1968,72,0,545,214,201,1,-1,-1,-1
1969,72,0,544,149,198,1,-1,-1,-1
1511,74,927,181,21,26,1,-1,-1,-1
1512,74,927,181,22,26,1,-1,-1,-1
1513,74,926,181,22,26,1,-1,-1,-1
1514,74,927,182,21,26,1,-1,-1,-1
1515,74,927,182,22,26,1,-1,-1,-1
1516,74,927,182,21,26,1,-1,-1,-1
1517,74,927,182,21,26,1,-1,-1,-1
1518,74,927,182,21,26,1,-1,-1,-1
1519,74,927,182,22,26,1,-1,-1,-1
1520,74,927,181,23,26,1,-1,-1,-1
1521,74,927,181,25,26,1,-1,-1,-1
1522,74,927,180,25,27,1,-1,-1,-1
1523,74,927,181,24,27,1,-1,-1,-1
1524,74,927,181,24,26,1,-1,-1,-1
1525,74,926,180,24,27,1,-1,-1,-1
1526,74,926,180,23,27,1,-1,-1,-1
1527,74,927,180,22,28,1,-1,-1,-1
1529,74,927,181,22,26,1,-1,-1,-1
1548,74,927,181,27,26,1,-1,-1,-1
1551,74,926,178,27,27,1,-1,-1,-1
1552,74,925,178,30,28,1,-1,-1,-1
1553,74,925,178,32,28,1,-1,-1,-1
1554,74,925,178,29,28,1,-1,-1,-1
1556,74,926,179,26,28,1,-1,-1,-1
1557,74,925,179,28,28,1,-1,-1,-1
1558,74,925,179,28,29,1,-1,-1,-1
1559,74,925,179,28,28,1,-1,-1,-1
1560,74,925,179,28,28,1,-1,-1,-1
1561,74,926,180,25,27,1,-1,-1,-1
1562,74,926,180,26,27,1,-1,-1,-1
1563,74,926,180,25,26,1,-1,-1,-1
1564,74,926,180,26,27,1,-1,-1,-1
1565,74,926,178,25,28,1,-1,-1,-1
1566,74,926,178,24,29,1,-1,-1,-1
1567,74,926,179,24,28,1,-1,-1,-1
1568,74,926,179,24,28,1,-1,-1,-1
1569,74,925,177,24,30,1,-1,-1,-1
1571,74,924,174,23,33,1,-1,-1,-1
1572,74,924,175,23,33,1,-1,-1,-1
1573,74,925,175,22,33,1,-1,-1,-1
1574,74,926,176,21,31,1,-1,-1,-1
1575,74,926,177,22,30,1,-1,-1,-1
1576,74,925,177,22,30,1,-1,-1,-1
1577,74,924,177,23,29,1,-1,-1,-1
1578,74,924,176,23,30,1,-1,-1,-1
1579,74,924,175,24,31,1,-1,-1,-1
1580,74,924,175,23,31,1,-1,-1,-1
1597,74,924,177,21,30,1,-1,-1,-1
1967,81,1554,1022,361,55,1,-1,-1,-1
1968,81,1508,982,410,95,1,-1,-1,-1
1969,81,1463,954,455,121,1,-1,-1,-1
1970,81,1422,925,494,152,1,-1,-1,-1
1971,81,1381,896,537,179,1,-1,-1,-1
1972,81,1343,866,567,207,1,-1,-1,-1
1973,81,1300,842,552,232,1,-1,-1,-1
1974,81,1258,815,541,261,1,-1,-1,-1
1975,81,1218,792,528,285,1,-1,-1,-1
1976,81,1175,767,519,309,1,-1,-1,-1
1977,81,1131,743,508,333,1,-1,-1,-1
1978,81,1085,726,498,321,1,-1,-1,-1
1979,81,1038,705,491,312,1,-1,-1,-1
1980,81,992,686,483,301,1,-1,-1,-1
1981,81,943,669,474,293,1,-1,-1,-1
1982,81,894,652,469,286,1,-1,-1,-1
1983,81,846,638,461,274,1,-1,-1,-1
1984,81,793,623,458,270,1,-1,-1,-1
1985,81,738,610,455,261,1,-1,-1,-1
1986,81,685,599,448,254,1,-1,-1,-1
1987,81,632,589,443,246,1,-1,-1,-1
1988,81,580,578,437,240,1,-1,-1,-1
1989,81,524,568,433,236,1,-1,-1,-1
1990,81,471,561,425,228,1,-1,-1,-1
1991,81,414,552,420,225,1,-1,-1,-1
1992,81,357,549,419,215,1,-1,-1,-1
1993,81,299,542,415,212,1,-1,-1,-1
1994,81,243,539,411,205,1,-1,-1,-1
1995,81,185,532,406,203,1,-1,-1,-1
1996,81,125,531,403,198,1,-1,-1,-1
1997,81,69,526,397,194,1,-1,-1,-1
1998,81,11,524,394,191,1,-1,-1,-1
1999,81,0,523,341,187,1,-1,-1,-1
2000,81,0,523,277,182,1,-1,-1,-1
2001,81,0,522,212,182,1,-1,-1,-1
2002,81,1,524,149,179,1,-1,-1,-1
1852,82,828,163,31,29,1,-1,-1,-1
1853,82,829,165,32,28,1,-1,-1,-1
1854,82,827,165,34,29,1,-1,-1,-1
1866,82,818,170,41,27,1,-1,-1,-1
1867,82,818,171,41,27,1,-1,-1,-1
1868,82,820,172,40,27,1,-1,-1,-1
1869,82,820,172,40,27,1,-1,-1,-1
1872,82,821,172,39,28,1,-1,-1,-1
1873,82,818,172,42,30,1,-1,-1,-1
1874,82,817,172,43,29,1,-1,-1,-1
1875,82,816,173,42,28,1,-1,-1,-1
1876,82,818,174,41,28,1,-1,-1,-1
1877,82,819,175,40,28,1,-1,-1,-1
1878,82,822,174,38,30,1,-1,-1,-1
1879,82,823,174,37,30,1,-1,-1,-1
1880,82,824,174,37,31,1,-1,-1,-1
1881,82,824,172,36,31,1,-1,-1,-1
1882,82,825,174,36,30,1,-1,-1,-1
1883,82,823,173,39,32,1,-1,-1,-1
1884,82,820,173,41,31,1,-1,-1,-1
1885,82,815,174,44,30,1,-1,-1,-1
1886,82,816,175,43,29,1,-1,-1,-1
1889,82,813,178,45,27,1,-1,-1,-1
1890,82,818,178,41,28,1,-1,-1,-1
1891,82,820,178,40,29,1,-1,-1,-1
1892,82,819,176,41,31,1,-1,-1,-1
1893,82,821,178,38,29,1,-1,-1,-1
1894,82,821,176,38,33,1,-1,-1,-1
1895,82,820,175,39,35,1,-1,-1,-1
1896,82,817,175,42,35,1,-1,-1,-1
1897,82,818,176,39,34,1,-1,-1,-1
1898,82,819,176,37,32,1,-1,-1,-1
1899,82,820,179,37,30,1,-1,-1,-1
1900,82,822,179,35,30,1,-1,-1,-1
1901,82,823,181,34,30,1,-1,-1,-1
1902,82,822,182,34,29,1,-1,-1,-1
1903,82,823,185,33,28,1,-1,-1,-1
1904,82,821,183,34,28,1,-1,-1,-1
1905,82,820,181,36,31,1,-1,-1,-1
1906,82,818,180,39,32,1,-1,-1,-1
1907,82,816,178,40,36,1,-1,-1,-1
1908,82,817,178,40,38,1,-1,-1,-1
1909,82,816,178,42,38,1,-1,-1,-1
1910,82,816,182,39,36,1,-1,-1,-1
1911,82,821,181,35,33,1,-1,-1,-1
1912,82,816,186,38,32,1,-1,-1,-1
1913,82,814,187,40,32,1,-1,-1,-1
1914,82,816,188,38,32,1,-1,-1,-1
1915,82,813,185,41,34,1,-1,-1,-1
1916,82,811,186,42,35,1,-1,-1,-1
1917,82,810,186,43,34,1,-1,-1,-1
1918,82,811,185,43,36,1,-1,-1,-1
1919,82,813,186,42,37,1,-1,-1,-1
1920,82,815,187,41,36,1,-1,-1,-1
1921,82,815,186,39,37,1,-1,-1,-1
1922,82,815,185,39,37,1,-1,-1,-1
1923,82,813,188,42,35,1,-1,-1,-1
1924,82,811,186,43,38,1,-1,-1,-1
1925,82,810,186,45,41,1,-1,-1,-1
1926,82,809,185,45,41,1,-1,-1,-1
1927,82,806,190,47,38,1,-1,-1,-1
1928,82,807,190,46,40,1,-1,-1,-1
1929,82,804,192,48,38,1,-1,-1,-1
1930,82,802,189,50,41,1,-1,-1,-1
1931,82,801,188,52,44,1,-1,-1,-1
1932,82,801,190,51,41,1,-1,-1,-1
1933,82,803,200,47,33,1,-1,-1,-1
1934,82,802,200,49,34,1,-1,-1,-1
1935,82,802,201,48,34,1,-1,-1,-1
1936,82,803,200,48,35,1,-1,-1,-1
1937,82,800,190,53,48,1,-1,-1,-1
1938,82,801,192,50,44,1,-1,-1,-1
1939,82,802,198,50,43,1,-1,-1,-1
1940,82,800,194,51,47,1,-1,-1,-1
1941,82,802,188,50,55,1,-1,-1,-1
1942,82,802,187,50,56,1,-1,-1,-1
1943,82,801,184,51,61,1,-1,-1,-1
1944,82,800,184,52,63,1,-1,-1,-1
1945,82,803,184,50,64,1,-1,-1,-1
1946,82,805,187,47,62,1,-1,-1,-1
1947,82,804,185,49,66,1,-1,-1,-1
1948,82,806,188,49,61,1,-1,-1,-1
1949,82,804,185,53,56,1,-1,-1,-1
1950,82,804,184,53,54,1,-1,-1,-1
1951,82,804,185,47,39,1,-1,-1,-1
1952,82,804,185,46,40,1,-1,-1,-1
1953,82,804,187,46,41,1,-1,-1,-1
1954,82,803,185,47,41,1,-1,-1,-1
1955,82,802,189,48,38,1,-1,-1,-1
1956,82,801,190,48,37,1,-1,-1,-1
1957,82,800,189,49,39,1,-1,-1,-1
1958,82,799,189,50,40,1,-1,-1,-1
1959,82,799,189,51,40,1,-1,-1,-1
1960,82,798,187,52,41,1,-1,-1,-1
1961,82,798,187,52,45,1,-1,-1,-1
1962,82,797,185,54,47,1,-1,-1,-1
1963,82,798,185,54,50,1,-1,-1,-1
1964,82,796,186,57,49,1,-1,-1,-1
1965,82,795,186,57,51,1,-1,-1,-1
1966,82,794,189,54,49,1,-1,-1,-1
1967,82,792,193,56,46,1,-1,-1,-1
1968,82,793,203,50,37,1,-1,-1,-1
1969,82,792,190,54,50,1,-1,-1,-1
1970,82,791,195,51,47,1,-1,-1,-1
1971,82,788,198,54,46,1,-1,-1,-1
1972,82,787,195,58,51,1,-1,-1,-1
1973,82,787,196,53,51,1,-1,-1,-1
1974,82,786,197,55,51,1,-1,-1,-1
1975,82,784,194,58,56,1,-1,-1,-1
1976,82,783,211,52,41,1,-1,-1,-1
1977,82,782,197,58,55,1,-1,-1,-1
1978,82,781,210,54,46,1,-1,-1,-1
1979,82,780,206,54,50,1,-1,-1,-1
1980,82,778,208,56,52,1,-1,-1,-1
1981,82,777,219,58,44,1,-1,-1,-1
1982,82,774,222,56,42,1,-1,-1,-1
1983,82,773,228,56,39,1,-1,-1,-1
1984,82,771,224,58,44,1,-1,-1,-1
1985,82,770,227,60,44,1,-1,-1,-1
1986,82,768,225,61,46,1,-1,-1,-1
1987,82,767,228,62,47,1,-1,-1,-1
1988,82,766,227,63,50,1,-1,-1,-1
1989,82,764,227,63,53,1,-1,-1,-1
1990,82,762,226,65,56,1,-1,-1,-1
1991,82,762,227,66,57,1,-1,-1,-1
1992,82,758,229,68,57,1,-1,-1,-1
1993,82,758,225,68,64,1,-1,-1,-1
1994,82,756,231,68,60,1,-1,-1,-1
1995,82,753,232,71,62,1,-1,-1,-1
1996,82,753,233,69,65,1,-1,-1,-1
1997,82,749,237,72,65,1,-1,-1,-1
1998,82,746,240,73,63,1,-1,-1,-1
1999,82,747,241,72,66,1,-1,-1,-1
2000,82,744,245,74,65,1,-1,-1,-1
2001,82,741,245,76,68,1,-1,-1,-1
2002,82,741,246,77,69,1,-1,-1,-1
2003,82,739,249,77,69,1,-1,-1,-1
2004,82,738,250,78,72,1,-1,-1,-1
2005,82,735,253,80,73,1,-1,-1,-1
2006,82,732,253,82,76,1,-1,-1,-1
2007,82,730,255,82,78,1,-1,-1,-1
2008,82,728,256,85,79,1,-1,-1,-1
2009,82,729,258,83,81,1,-1,-1,-1
2010,82,727,258,85,83,1,-1,-1,-1
2011,82,725,262,87,85,1,-1,-1,-1
2012,82,722,263,90,87,1,-1,-1,-1
2013,82,722,266,89,88,1,-1,-1,-1
2014,82,720,269,91,87,1,-1,-1,-1
2015,82,717,272,93,89,1,-1,-1,-1
2016,82,718,273,91,90,1,-1,-1,-1
2017,82,715,275,94,92,1,-1,-1,-1
2018,82,714,276,96,95,1,-1,-1,-1
2019,82,710,278,100,96,1,-1,-1,-1
2020,82,709,282,99,97,1,-1,-1,-1
2021,82,707,285,101,97,1,-1,-1,-1
2022,82,705,286,101,100,1,-1,-1,-1
2023,82,705,289,101,100,1,-1,-1,-1
2024,82,702,290,103,102,1,-1,-1,-1
2025,82,699,292,106,104,1,-1,-1,-1
2026,82,696,299,107,101,1,-1,-1,-1
2027,82,695,296,109,106,1,-1,-1,-1
2028,82,694,300,109,104,1,-1,-1,-1
2029,82,691,301,113,107,1,-1,-1,-1
2030,82,689,303,113,109,1,-1,-1,-1
2031,82,688,304,113,111,1,-1,-1,-1
2032,82,686,305,114,114,1,-1,-1,-1
2033,82,683,306,116,116,1,-1,-1,-1
2034,82,682,307,116,118,1,-1,-1,-1
2035,82,678,309,120,118,1,-1,-1,-1
2036,82,677,311,121,118,1,-1,-1,-1
2037,82,677,316,121,116,1,-1,-1,-1
2038,82,675,318,122,116,1,-1,-1,-1
2039,82,673,316,125,121,1,-1,-1,-1
2040,82,671,316,126,123,1,-1,-1,-1
2041,82,669,320,126,122,1,-1,-1,-1
2042,82,669,320,126,125,1,-1,-1,-1
2043,82,668,323,127,123,1,-1,-1,-1
2044,82,668,323,126,125,1,-1,-1,-1
2045,82,666,325,128,124,1,-1,-1,-1
2046,82,665,323,128,128,1,-1,-1,-1
2047,82,664,327,129,125,1,-1,-1,-1
2048,82,665,329,128,124,1,-1,-1,-1
2049,82,663,328,130,126,1,-1,-1,-1
2050,82,663,330,131,126,1,-1,-1,-1
2051,82,662,330,130,127,1,-1,-1,-1
2052,82,661,329,131,130,1,-1,-1,-1
2053,82,662,328,130,130,1,-1,-1,-1
2054,82,660,330,131,130,1,-1,-1,-1
2055,82,659,332,131,128,1,-1,-1,-1
2056,82,659,330,132,131,1,-1,-1,-1
2057,82,658,331,132,132,1,-1,-1,-1
2058,82,658,331,132,133,1,-1,-1,-1
2059,82,658,331,133,133,1,-1,-1,-1
2060,82,658,331,132,133,1,-1,-1,-1
2061,82,658,335,131,130,1,-1,-1,-1
2062,82,658,335,133,131,1,-1,-1,-1
2063,82,658,335,133,131,1,-1,-1,-1
2064,82,657,336,134,132,1,-1,-1,-1
2065,82,656,336,133,133,1,-1,-1,-1
2066,82,656,336,131,133,1,-1,-1,-1
2067,82,655,337,134,133,1,-1,-1,-1
2068,82,652,337,137,136,1,-1,-1,-1
2069,82,653,340,136,136,1,-1,-1,-1
2070,82,651,342,136,135,1,-1,-1,-1
2071,82,649,340,139,139,1,-1,-1,-1
2072,82,647,345,142,139,1,-1,-1,-1
2073,82,646,347,143,141,1,-1,-1,-1
2074,82,643,350,146,141,1,-1,-1,-1
2075,82,641,352,146,143,1,-1,-1,-1
2076,82,638,353,152,147,1,-1,-1,-1
2077,82,634,354,157,152,1,-1,-1,-1
2078,82,630,358,159,154,1,-1,-1,-1
2079,82,627,357,162,162,1,-1,-1,-1
2080,82,622,360,165,166,1,-1,-1,-1
2081,82,616,366,172,170,1,-1,-1,-1
2082,82,612,376,178,167,1,-1,-1,-1
2083,82,607,386,178,167,1,-1,-1,-1
2084,82,602,393,184,173,1,-1,-1,-1
2085,82,594,400,190,177,1,-1,-1,-1
2086,82,589,408,194,183,1,-1,-1,-1
2087,82,580,415,204,193,1,-1,-1,-1
2088,82,574,422,206,201,1,-1,-1,-1
2089,82,564,435,217,204,1,-1,-1,-1
2090,82,558,446,220,215,1,-1,-1,-1
2091,82,548,461,229,222,1,-1,-1,-1
2092,82,533,475,242,234,1,-1,-1,-1
2093,82,525,490,246,248,1,-1,-1,-1
2094,82,512,507,258,261,1,-1,-1,-1
2095,82,497,528,269,277,1,-1,-1,-1
2096,82,478,551,284,297,1,-1,-1,-1
2097,82,458,577,300,316,1,-1,-1,-1
2098,82,436,605,319,339,1,-1,-1,-1
2099,82,409,638,340,366,1,-1,-1,-1
2100,82,377,678,366,395,1,-1,-1,-1
2101,82,339,724,396,351,1,-1,-1,-1
2102,82,297,771,431,304,1,-1,-1,-1
2103,82,242,827,476,249,1,-1,-1,-1
2104,82,250,896,458,180,1,-1,-1,-1
2105,82,259,978,424,98,1,-1,-1,-1
1441,83,779,192,29,27,1,-1,-1,-1
1442,83,778,195,30,29,1,-1,-1,-1
1443,83,778,195,29,28,1,-1,-1,-1
1444,83,777,194,29,26,1,-1,-1,-1
1445,83,776,193,30,27,1,-1,-1,-1
1446,83,776,194,30,26,1,-1,-1,-1
1447,83,775,194,31,28,1,-1,-1,-1
1448,83,776,193,28,27,1,-1,-1,-1
1449,83,776,193,28,27,1,-1,-1,-1
1450,83,775,193,29,27,1,-1,-1,-1
1451,83,775,193,28,26,1,-1,-1,-1
1452,83,774,194,28,26,1,-1,-1,-1
1453,83,774,193,28,26,1,-1,-1,-1
1454,83,773,195,29,27,1,-1,-1,-1
1455,83,770,194,31,25,1,-1,-1,-1
1456,83,770,196,30,25,1,-1,-1,-1
1457,83,769,196,29,25,1,-1,-1,-1
1458,83,768,197,30,24,1,-1,-1,-1
1459,83,765,197,31,24,1,-1,-1,-1
1460,83,763,198,33,23,1,-1,-1,-1
1461,83,762,199,32,24,1,-1,-1,-1
1462,83,761,199,32,24,1,-1,-1,-1
1463,83,760,199,34,25,1,-1,-1,-1
1464,83,759,200,34,25,1,-1,-1,-1
1465,83,755,198,36,25,1,-1,-1,-1
1466,83,755,199,32,25,1,-1,-1,-1
1467,83,754,199,32,24,1,-1,-1,-1
1468,83,754,200,33,24,1,-1,-1,-1
1469,83,751,200,34,24,1,-1,-1,-1
1470,83,751,201,35,24,1,-1,-1,-1
1471,83,750,201,33,24,1,-1,-1,-1
1472,83,750,201,32,25,1,-1,-1,-1
1473,83,747,202,34,25,1,-1,-1,-1
1474,83,746,203,33,25,1,-1,-1,-1
1475,83,744,203,34,26,1,-1,-1,-1
1476,83,742,202,35,26,1,-1,-1,-1
1477,83,742,203,36,26,1,-1,-1,-1
1478,83,741,205,35,26,1,-1,-1,-1
1479,83,738,206,37,26,1,-1,-1,-1
1480,83,736,207,39,24,1,-1,-1,-1
1481,83,736,205,36,27,1,-1,-1,-1
1482,83,733,204,38,30,1,-1,-1,-1
1483,83,731,206,38,29,1,-1,-1,-1
1484,83,730,206,38,29,1,-1,-1,-1
1485,83,728,208,40,29,1,-1,-1,-1
1486,83,726,209,39,30,1,-1,-1,-1
1487,83,725,208,42,31,1,-1,-1,-1
1488,83,723,210,41,31,1,-1,-1,-1
1489,83,721,209,43,32,1,-1,-1,-1
1490,83,720,210,41,32,1,-1,-1,-1
1491,83,718,211,42,34,1,-1,-1,-1
1492,83,717,212,43,33,1,-1,-1,-1
1493,83,715,213,42,34,1,-1,-1,-1
1494,83,713,213,44,35,1,-1,-1,-1
1495,83,711,214,44,36,1,-1,-1,-1
1496,83,709,215,45,35,1,-1,-1,-1
1497,83,706,216,46,36,1,-1,-1,-1
1498,83,703,216,48,37,1,-1,-1,-1
1499,83,702,216,45,39,1,-1,-1,-1
1500,83,700,218,48,38,1,-1,-1,-1
1501,83,696,220,48,36,1,-1,-1,-1
1502,83,694,221,50,37,1,-1,-1,-1
1503,83,693,222,50,39,1,-1,-1,-1
1504,83,690,222,53,40,1,-1,-1,-1
1505,83,688,223,54,42,1,-1,-1,-1
1506,83,687,224,53,42,1,-1,-1,-1
1507,83,683,225,56,44,1,-1,-1,-1
1508,83,680,225,57,44,1,-1,-1,-1
1509,83,679,227,55,44,1,-1,-1,-1
1510,83,675,228,58,45,1,-1,-1,-1
1511,83,674,231,56,43,1,-1,-1,-1
1512,83,672,232,58,44,1,-1,-1,-1
1513,83,670,234,56,44,1,-1,-1,-1
1514,83,666,234,59,45,1,-1,-1,-1
1515,83,665,238,56,43,1,-1,-1,-1
1516,83,660,238,60,45,1,-1,-1,-1
1517,83,658,240,61,46,1,-1,-1,-1
1518,83,655,242,63,47,1,-1,-1,-1
1519,83,652,244,64,47,1,-1,-1,-1
1520,83,650,244,64,49,1,-1,-1,-1
1521,83,645,246,66,49,1,-1,-1,-1
1522,83,642,247,67,50,1,-1,-1,-1
1523,83,640,249,67,51,1,-1,-1,-1
1524,83,636,251,68,53,1,-1,-1,-1
1525,83,633,253,69,54,1,-1,-1,-1
1526,83,631,255,69,54,1,-1,-1,-1
1527,83,628,257,69,54,1,-1,-1,-1
1528,83,622,258,73,55,1,-1,-1,-1
1529,83,619,261,72,55,1,-1,-1,-1
1530,83,617,262,72,56,1,-1,-1,-1
1531,83,611,265,77,57,1,-1,-1,-1
1532,83,608,267,78,58,1,-1,-1,-1
1533,83,605,269,78,59,1,-1,-1,-1
1534,83,602,270,77,60,1,-1,-1,-1
1535,83,599,270,80,63,1,-1,-1,-1
1536,83,595,273,83,63,1,-1,-1,-1
1537,83,591,275,83,65,1,-1,-1,-1
1538,83,587,277,84,66,1,-1,-1,-1
1539,83,581,281,85,66,1,-1,-1,-1
1540,83,579,283,86,67,1,-1,-1,-1
1541,83,576,286,86,67,1,-1,-1,-1
1542,83,572,288,88,67,1,-1,-1,-1
1543,83,569,289,89,70,1,-1,-1,-1
1544,83,565,291,91,71,1,-1,-1,-1
1545,83,560,292,92,74,1,-1,-1,-1
1546,83,558,294,92,75,1,-1,-1,-1
1547,83,554,297,92,75,1,-1,-1,-1
1548,83,550,299,94,75,1,-1,-1,-1
1549,83,546,301,96,77,1,-1,-1,-1
1550,83,545,304,95,76,1,-1,-1,-1
1551,83,541,306,96,79,1,-1,-1,-1
1552,83,537,306,99,81,1,-1,-1,-1
1553,83,533,309,101,81,1,-1,-1,-1
1554,83,530,311,101,82,1,-1,-1,-1
1555,83,525,313,104,83,1,-1,-1,-1
1556,83,523,315,103,83,1,-1,-1,-1
1557,83,520,317,106,84,1,-1,-1,-1
1558,83,516,318,106,86,1,-1,-1,-1
1559,83,513,320,105,88,1,-1,-1,-1
1560,83,510,323,107,86,1,-1,-1,-1
1561,83,508,324,108,88,1,-1,-1,-1
1562,83,505,328,110,86,1,-1,-1,-1
1563,83,503,327,112,89,1,-1,-1,-1
1564,83,499,329,114,91,1,-1,-1,-1
1565,83,497,330,114,91,1,-1,-1,-1
1566,83,495,331,115,92,1,-1,-1,-1
1567,83,493,334,115,91,1,-1,-1,-1
1568,83,489,334,117,92,1,-1,-1,-1
1569,83,488,335,116,93,1,-1,-1,-1
1570,83,485,336,117,94,1,-1,-1,-1
1571,83,484,339,118,93,1,-1,-1,-1
1572,83,481,340,119,94,1,-1,-1,-1
1573,83,480,340,119,94,1,-1,-1,-1
1574,83,479,342,119,95,1,-1,-1,-1
1575,83,478,341,119,97,1,-1,-1,-1
1576,83,477,340,119,98,1,-1,-1,-1
1577,83,474,342,122,97,1,-1,-1,-1
1578,83,474,343,122,96,1,-1,-1,-1
1579,83,473,344,122,96,1,-1,-1,-1
1580,83,472,345,123,96,1,-1,-1,-1
1581,83,471,344,123,98,1,-1,-1,-1
1582,83,471,346,123,98,1,-1,-1,-1
1583,83,469,346,124,98,1,-1,-1,-1
1584,83,468,346,125,99,1,-1,-1,-1
1585,83,468,347,123,99,1,-1,-1,-1
1586,83,468,347,124,99,1,-1,-1,-1
1587,83,468,347,124,99,1,-1,-1,-1
1588,83,468,347,124,99,1,-1,-1,-1
1589,83,468,347,124,99,1,-1,-1,-1
1590,83,468,347,125,99,1,-1,-1,-1
1591,83,467,347,125,99,1,-1,-1,-1
1592,83,467,347,126,99,1,-1,-1,-1
1593,83,467,347,126,99,1,-1,-1,-1
1594,83,467,347,125,99,1,-1,-1,-1
1595,83,466,347,126,99,1,-1,-1,-1
1596,83,466,347,124,99,1,-1,-1,-1
1597,83,467,347,124,100,1,-1,-1,-1
1598,83,467,347,123,100,1,-1,-1,-1
1599,83,467,348,123,99,1,-1,-1,-1
1600,83,467,348,123,99,1,-1,-1,-1
1601,83,467,348,124,98,1,-1,-1,-1
1602,83,467,348,123,98,1,-1,-1,-1
1603,83,468,347,123,98,1,-1,-1,-1
1604,83,467,346,125,99,1,-1,-1,-1
1605,83,468,347,125,98,1,-1,-1,-1
1606,83,468,346,124,98,1,-1,-1,-1
1607,83,468,346,125,98,1,-1,-1,-1
1608,83,468,346,125,99,1,-1,-1,-1
1609,83,467,347,125,99,1,-1,-1,-1
1610,83,467,347,124,98,1,-1,-1,-1
1611,83,466,347,125,99,1,-1,-1,-1
1612,83,466,347,125,98,1,-1,-1,-1
1613,83,466,348,125,98,1,-1,-1,-1
1614,83,466,348,125,98,1,-1,-1,-1
1615,83,466,348,125,98,1,-1,-1,-1
1616,83,466,348,125,98,1,-1,-1,-1
1617,83,467,347,125,98,1,-1,-1,-1
1618,83,467,347,126,98,1,-1,-1,-1
1619,83,467,347,126,98,1,-1,-1,-1
1620,83,467,347,125,98,1,-1,-1,-1
1621,83,467,347,126,99,1,-1,-1,-1
1622,83,467,347,126,99,1,-1,-1,-1
1623,83,467,347,125,99,1,-1,-1,-1
1624,83,467,347,124,99,1,-1,-1,-1
1625,83,467,347,124,99,1,-1,-1,-1
1626,83,466,347,125,99,1,-1,-1,-1
1627,83,466,347,124,99,1,-1,-1,-1
1628,83,466,347,124,99,1,-1,-1,-1
1629,83,467,347,124,99,1,-1,-1,-1
1630,83,467,347,125,99,1,-1,-1,-1
1631,83,467,347,125,98,1,-1,-1,-1
1632,83,467,347,125,98,1,-1,-1,-1
1633,83,467,346,125,99,1,-1,-1,-1
1634,83,467,346,125,99,1,-1,-1,-1
1635,83,467,346,125,99,1,-1,-1,-1
1636,83,467,347,125,99,1,-1,-1,-1
1637,83,467,347,125,99,1,-1,-1,-1
1638,83,466,347,125,98,1,-1,-1,-1
1639,83,467,347,125,99,1,-1,-1,-1
1640,83,467,347,124,99,1,-1,-1,-1
1641,83,467,347,124,99,1,-1,-1,-1
1642,83,467,347,124,99,1,-1,-1,-1
1643,83,467,347,125,98,1,-1,-1,-1
1644,83,467,347,124,98,1,-1,-1,-1
1645,83,467,347,125,99,1,-1,-1,-1
1646,83,468,346,125,99,1,-1,-1,-1
1647,83,467,346,125,99,1,-1,-1,-1
1648,83,467,347,125,99,1,-1,-1,-1
1649,83,467,347,125,99,1,-1,-1,-1
1650,83,467,347,125,99,1,-1,-1,-1
1651,83,467,347,125,99,1,-1,-1,-1
1652,83,467,347,125,99,1,-1,-1,-1
1653,83,466,347,125,99,1,-1,-1,-1
1654,83,466,347,125,99,1,-1,-1,-1
1655,83,466,347,125,99,1,-1,-1,-1
1656,83,466,347,125,99,1,-1,-1,-1
1657,83,467,346,126,100,1,-1,-1,-1
1658,83,467,346,126,100,1,-1,-1,-1
1659,83,467,346,126,99,1,-1,-1,-1
1660,83,467,346,126,100,1,-1,-1,-1
1661,83,467,346,126,99,1,-1,-1,-1
1662,83,467,346,126,99,1,-1,-1,-1
1663,83,468,346,125,100,1,-1,-1,-1
1664,83,467,346,126,99,1,-1,-1,-1
1665,83,467,347,124,99,1,-1,-1,-1
1666,83,467,347,124,99,1,-1,-1,-1
1667,83,467,347,124,98,1,-1,-1,-1
1668,83,467,347,125,98,1,-1,-1,-1
1669,83,467,347,125,98,1,-1,-1,-1
1670,83,467,347,124,99,1,-1,-1,-1
1671,83,467,347,125,98,1,-1,-1,-1
1672,83,467,347,125,98,1,-1,-1,-1
1673,83,467,347,125,98,1,-1,-1,-1
1674,83,467,347,125,98,1,-1,-1,-1
1675,83,467,346,125,98,1,-1,-1,-1
1676,83,467,346,126,99,1,-1,-1,-1
1677,83,467,346,125,98,1,-1,-1,-1
1678,83,467,346,126,99,1,-1,-1,-1
1679,83,467,346,125,98,1,-1,-1,-1
1680,83,467,347,125,98,1,-1,-1,-1
1681,83,467,348,124,97,1,-1,-1,-1
1682,83,467,348,124,97,1,-1,-1,-1
1683,83,467,348,124,98,1,-1,-1,-1
1684,83,467,348,124,97,1,-1,-1,-1
1685,83,467,348,124,98,1,-1,-1,-1
1686,83,467,348,124,97,1,-1,-1,-1
1687,83,467,348,125,97,1,-1,-1,-1
1688,83,468,348,124,97,1,-1,-1,-1
1689,83,467,347,125,99,1,-1,-1,-1
1690,83,467,347,124,96,1,-1,-1,-1
1691,83,466,346,127,98,1,-1,-1,-1
1692,83,466,346,127,98,1,-1,-1,-1
1693,83,467,347,126,99,1,-1,-1,-1
1694,83,467,347,126,98,1,-1,-1,-1
1695,83,467,347,126,98,1,-1,-1,-1
1696,83,466,347,126,99,1,-1,-1,-1
1697,83,466,347,125,99,1,-1,-1,-1
1698,83,466,347,126,98,1,-1,-1,-1
1699,83,466,347,126,98,1,-1,-1,-1
1700,83,466,347,126,98,1,-1,-1,-1
1701,83,467,347,125,98,1,-1,-1,-1
1702,83,467,347,125,98,1,-1,-1,-1
1703,83,467,347,125,98,1,-1,-1,-1
1704,83,467,347,125,98,1,-1,-1,-1
1705,83,467,347,125,98,1,-1,-1,-1
1706,83,467,347,125,99,1,-1,-1,-1
1707,83,467,347,124,100,1,-1,-1,-1
1708,83,467,347,125,99,1,-1,-1,-1
1709,83,466,347,124,98,1,-1,-1,-1
1710,83,466,347,124,98,1,-1,-1,-1
1711,83,467,347,125,99,1,-1,-1,-1
1712,83,467,347,125,99,1,-1,-1,-1
1713,83,467,347,125,98,1,-1,-1,-1
1714,83,467,347,126,99,1,-1,-1,-1
1715,83,467,347,125,99,1,-1,-1,-1
1716,83,467,347,125,99,1,-1,-1,-1
1717,83,467,347,125,98,1,-1,-1,-1
1718,83,467,347,125,99,1,-1,-1,-1
1719,83,467,347,126,99,1,-1,-1,-1
1720,83,466,347,125,98,1,-1,-1,-1
1721,83,466,347,125,99,1,-1,-1,-1
1722,83,466,347,125,98,1,-1,-1,-1
1723,83,466,347,125,98,1,-1,-1,-1
1724,83,466,347,125,98,1,-1,-1,-1
1725,83,466,347,125,98,1,-1,-1,-1
1726,83,466,347,125,99,1,-1,-1,-1
1727,83,467,347,124,99,1,-1,-1,-1
1728,83,466,346,126,97,1,-1,-1,-1
1729,83,466,347,125,98,1,-1,-1,-1
1730,83,467,347,125,98,1,-1,-1,-1
1731,83,467,347,125,98,1,-1,-1,-1
1732,83,467,347,125,98,1,-1,-1,-1
1733,83,467,347,125,98,1,-1,-1,-1
1734,83,467,347,125,98,1,-1,-1,-1
1735,83,467,347,125,98,1,-1,-1,-1
1736,83,467,347,125,98,1,-1,-1,-1
1737,83,467,347,125,98,1,-1,-1,-1
1738,83,467,347,125,98,1,-1,-1,-1
1739,83,467,347,125,98,1,-1,-1,-1
1740,83,467,347,125,98,1,-1,-1,-1
1741,83,467,346,125,99,1,-1,-1,-1
1742,83,467,346,125,99,1,-1,-1,-1
1743,83,468,347,125,99,1,-1,-1,-1
1744,83,466,347,127,100,1,-1,-1,-1
1745,83,466,346,126,94,1,-1,-1,-1
1746,83,466,347,126,98,1,-1,-1,-1
1747,83,466,348,125,98,1,-1,-1,-1
1748,83,467,347,126,99,1,-1,-1,-1
1749,83,467,347,126,99,1,-1,-1,-1
1750,83,467,347,126,99,1,-1,-1,-1
1751,83,467,347,125,98,1,-1,-1,-1
1752,83,467,347,125,98,1,-1,-1,-1
1753,83,467,347,126,98,1,-1,-1,-1
1754,83,467,347,126,98,1,-1,-1,-1
1755,83,467,347,126,98,1,-1,-1,-1
1756,83,467,347,126,98,1,-1,-1,-1
1757,83,467,347,126,99,1,-1,-1,-1
1758,83,467,347,126,99,1,-1,-1,-1
1759,83,467,347,126,99,1,-1,-1,-1
1760,83,467,346,126,99,1,-1,-1,-1
1761,83,468,347,126,99,1,-1,-1,-1
1762,83,468,346,126,99,1,-1,-1,-1
1763,83,468,346,126,99,1,-1,-1,-1
1764,83,468,346,126,99,1,-1,-1,-1
1765,83,467,347,124,99,1,-1,-1,-1
1766,83,468,347,123,99,1,-1,-1,-1
1767,83,468,346,122,100,1,-1,-1,-1
1768,83,468,345,126,100,1,-1,-1,-1
1769,83,468,346,123,100,1,-1,-1,-1
1770,83,467,347,124,99,1,-1,-1,-1
1771,83,467,347,124,99,1,-1,-1,-1
1772,83,467,347,125,99,1,-1,-1,-1
1773,83,467,347,126,99,1,-1,-1,-1
1774,83,467,347,127,99,1,-1,-1,-1
1775,83,467,347,127,99,1,-1,-1,-1
1776,83,467,347,126,99,1,-1,-1,-1
1777,83,467,346,127,99,1,-1,-1,-1
1778,83,467,347,127,99,1,-1,-1,-1
1779,83,467,347,127,98,1,-1,-1,-1
1780,83,467,347,127,98,1,-1,-1,-1
1781,83,466,347,127,98,1,-1,-1,-1
1782,83,466,347,127,98,1,-1,-1,-1
1783,83,466,348,127,98,1,-1,-1,-1
1784,83,466,348,127,97,1,-1,-1,-1
1785,83,466,348,128,97,1,-1,-1,-1
1786,83,466,348,128,97,1,-1,-1,-1
1787,83,466,348,128,97,1,-1,-1,-1
1788,83,467,348,127,97,1,-1,-1,-1
1789,83,466,348,128,98,1,-1,-1,-1
1790,83,466,348,128,98,1,-1,-1,-1
1791,83,467,348,127,98,1,-1,-1,-1
1792,83,467,348,127,98,1,-1,-1,-1
1793,83,467,348,126,98,1,-1,-1,-1
1794,83,467,347,126,99,1,-1,-1,-1
1795,83,467,348,126,99,1,-1,-1,-1
1796,83,467,348,126,99,1,-1,-1,-1
1797,83,467,348,125,99,1,-1,-1,-1
1798,83,468,347,126,98,1,-1,-1,-1
1799,83,468,348,125,98,1,-1,-1,-1
1800,83,468,347,126,99,1,-1,-1,-1
1801,83,467,347,126,98,1,-1,-1,-1
1802,83,468,348,125,98,1,-1,-1,-1
1803,83,468,347,125,99,1,-1,-1,-1
1804,83,467,347,125,98,1,-1,-1,-1
1805,83,467,347,125,98,1,-1,-1,-1
1806,83,467,347,125,98,1,-1,-1,-1
1807,83,468,348,124,97,1,-1,-1,-1
1808,83,468,348,124,97,1,-1,-1,-1
1809,83,468,348,123,97,1,-1,-1,-1
1810,83,468,348,123,98,1,-1,-1,-1
1811,83,467,347,125,99,1,-1,-1,-1
1812,83,467,347,125,99,1,-1,-1,-1
1813,83,467,347,125,99,1,-1,-1,-1
1814,83,467,346,126,99,1,-1,-1,-1
1815,83,467,346,125,99,1,-1,-1,-1
1816,83,467,346,126,98,1,-1,-1,-1
1817,83,468,347,124,99,1,-1,-1,-1
1818,83,468,347,124,99,1,-1,-1,-1
1819,83,467,347,125,100,1,-1,-1,-1
1820,83,467,347,124,99,1,-1,-1,-1
1821,83,467,348,124,98,1,-1,-1,-1
1822,83,467,348,124,98,1,-1,-1,-1
1823,83,466,347,125,99,1,-1,-1,-1
1824,83,466,347,126,99,1,-1,-1,-1
1825,83,467,347,125,99,1,-1,-1,-1
1826,83,467,347,125,99,1,-1,-1,-1
1827,83,467,346,127,99,1,-1,-1,-1
1828,83,467,346,126,99,1,-1,-1,-1
1829,83,467,346,126,99,1,-1,-1,-1
1830,83,467,346,126,99,1,-1,-1,-1
1831,83,468,347,125,99,1,-1,-1,-1
1832,83,467,346,127,100,1,-1,-1,-1
1833,83,467,347,125,99,1,-1,-1,-1
1834,83,467,346,125,100,1,-1,-1,-1
1835,83,467,347,125,99,1,-1,-1,-1
1836,83,467,347,125,99,1,-1,-1,-1
1837,83,467,347,125,99,1,-1,-1,-1
1838,83,467,347,125,99,1,-1,-1,-1
1839,83,467,347,125,99,1,-1,-1,-1
1840,83,467,346,126,98,1,-1,-1,-1
1841,83,467,347,125,99,1,-1,-1,-1
1842,83,467,347,125,99,1,-1,-1,-1
1843,83,467,346,125,99,1,-1,-1,-1
1844,83,467,347,125,99,1,-1,-1,-1
1845,83,467,346,125,100,1,-1,-1,-1
1846,83,466,347,125,100,1,-1,-1,-1
1847,83,466,348,125,98,1,-1,-1,-1
1848,83,466,347,125,99,1,-1,-1,-1
1849,83,467,347,125,100,1,-1,-1,-1
1850,83,467,347,125,100,1,-1,-1,-1
1851,83,467,347,125,99,1,-1,-1,-1
1852,83,467,347,125,99,1,-1,-1,-1
1853,83,467,347,125,99,1,-1,-1,-1
1854,83,467,347,125,99,1,-1,-1,-1
1855,83,467,347,125,99,1,-1,-1,-1
1856,83,467,347,125,99,1,-1,-1,-1
1857,83,467,347,125,99,1,-1,-1,-1
1858,83,467,347,125,99,1,-1,-1,-1
1859,83,467,347,125,99,1,-1,-1,-1
1860,83,466,347,125,99,1,-1,-1,-1
1861,83,467,347,123,100,1,-1,-1,-1
1862,83,467,347,123,99,1,-1,-1,-1
1863,83,467,347,123,99,1,-1,-1,-1
1864,83,467,347,123,100,1,-1,-1,-1
1865,83,467,347,123,100,1,-1,-1,-1
1866,83,467,347,124,100,1,-1,-1,-1
1867,83,468,346,125,99,1,-1,-1,-1
1868,83,469,347,123,99,1,-1,-1,-1
1869,83,468,347,123,99,1,-1,-1,-1
1870,83,468,346,125,99,1,-1,-1,-1
1871,83,468,347,124,99,1,-1,-1,-1
1872,83,467,347,124,99,1,-1,-1,-1
1873,83,467,347,124,99,1,-1,-1,-1
1874,83,467,348,124,99,1,-1,-1,-1
1875,83,467,348,124,99,1,-1,-1,-1
1876,83,467,348,124,99,1,-1,-1,-1
1877,83,467,348,123,98,1,-1,-1,-1
1878,83,467,348,124,99,1,-1,-1,-1
1879,83,467,347,124,99,1,-1,-1,-1
1880,83,468,347,124,99,1,-1,-1,-1
1881,83,468,347,125,99,1,-1,-1,-1
1882,83,468,347,125,99,1,-1,-1,-1
1883,83,468,347,125,98,1,-1,-1,-1
1884,83,467,347,125,99,1,-1,-1,-1
1885,83,467,346,126,98,1,-1,-1,-1
1886,83,467,346,127,99,1,-1,-1,-1
1887,83,467,346,126,98,1,-1,-1,-1
1888,83,467,346,126,99,1,-1,-1,-1
1889,83,467,346,126,99,1,-1,-1,-1
1890,83,467,346,126,99,1,-1,-1,-1
1891,83,468,347,123,98,1,-1,-1,-1
1892,83,468,347,123,98,1,-1,-1,-1
1893,83,467,345,126,99,1,-1,-1,-1
1894,83,467,345,127,100,1,-1,-1,-1
1895,83,467,346,126,99,1,-1,-1,-1
1896,83,467,346,124,100,1,-1,-1,-1
1897,83,467,345,126,100,1,-1,-1,-1
1898,83,468,346,123,100,1,-1,-1,-1
1899,83,468,346,123,100,1,-1,-1,-1
1900,83,467,347,125,100,1,-1,-1,-1
1901,83,467,347,124,100,1,-1,-1,-1
1902,83,467,347,124,100,1,-1,-1,-1
1903,83,467,348,123,99,1,-1,-1,-1
1904,83,467,348,124,99,1,-1,-1,-1
1905,83,467,347,124,100,1,-1,-1,-1
1906,83,467,347,124,100,1,-1,-1,-1
1907,83,467,347,124,99,1,-1,-1,-1
1908,83,468,347,124,100,1,-1,-1,-1
1909,83,466,346,125,100,1,-1,-1,-1
1910,83,466,347,126,100,1,-1,-1,-1
1911,83,467,348,125,98,1,-1,-1,-1
1912,83,466,348,124,98,1,-1,-1,-1
1913,83,466,348,124,99,1,-1,-1,-1
1914,83,466,348,124,98,1,-1,-1,-1
1915,83,466,349,123,97,1,-1,-1,-1
1916,83,466,349,123,97,1,-1,-1,-1
1917,83,467,349,122,97,1,-1,-1,-1
1918,83,466,348,125,99,1,-1,-1,-1
1919,83,467,347,125,100,1,-1,-1,-1
1920,83,466,347,126,100,1,-1,-1,-1
1921,83,467,347,125,99,1,-1,-1,-1
1922,83,467,347,124,99,1,-1,-1,-1
1923,83,467,347,125,99,1,-1,-1,-1
1924,83,467,347,125,99,1,-1,-1,-1
1925,83,467,347,124,99,1,-1,-1,-1
1926,83,467,348,123,97,1,-1,-1,-1
1927,83,467,349,123,97,1,-1,-1,-1
1928,83,467,349,123,97,1,-1,-1,-1
1929,83,467,349,123,97,1,-1,-1,-1
1930,83,467,349,123,97,1,-1,-1,-1
1931,83,467,349,123,97,1,-1,-1,-1
1932,83,467,349,123,98,1,-1,-1,-1
1933,83,467,347,124,99,1,-1,-1,-1
1934,83,467,347,125,99,1,-1,-1,-1
1935,83,467,347,125,98,1,-1,-1,-1
1936,83,467,347,125,98,1,-1,-1,-1
1937,83,467,347,124,99,1,-1,-1,-1
1938,83,468,348,123,97,1,-1,-1,-1
1939,83,468,348,122,97,1,-1,-1,-1
1940,83,468,348,122,97,1,-1,-1,-1
1941,83,467,348,122,97,1,-1,-1,-1
1942,83,467,348,122,97,1,-1,-1,-1
1943,83,468,348,121,97,1,-1,-1,-1
1944,83,467,348,123,97,1,-1,-1,-1
1945,83,468,348,122,97,1,-1,-1,-1
1946,83,468,348,122,98,1,-1,-1,-1
1947,83,468,348,122,98,1,-1,-1,-1
1948,83,468,347,123,98,1,-1,-1,-1
1949,83,468,348,123,97,1,-1,-1,-1
1950,83,468,347,124,98,1,-1,-1,-1
1951,83,468,347,124,99,1,-1,-1,-1
1952,83,468,347,123,98,1,-1,-1,-1
1953,83,468,347,123,98,1,-1,-1,-1
1954,83,468,348,123,97,1,-1,-1,-1
1955,83,468,349,122,97,1,-1,-1,-1
1956,83,467,349,121,97,1,-1,-1,-1
1957,83,468,349,121,96,1,-1,-1,-1
1958,83,467,349,121,96,1,-1,-1,-1
1959,83,468,349,121,96,1,-1,-1,-1
1960,83,467,349,122,96,1,-1,-1,-1
1961,83,468,349,122,96,1,-1,-1,-1
1962,83,468,348,123,96,1,-1,-1,-1
1963,83,467,346,126,97,1,-1,-1,-1
1964,83,467,346,126,97,1,-1,-1,-1
1965,83,468,346,126,97,1,-1,-1,-1
1966,83,467,347,124,98,1,-1,-1,-1
1967,83,468,347,124,98,1,-1,-1,-1
1968,83,468,348,124,98,1,-1,-1,-1
1969,83,467,348,124,98,1,-1,-1,-1
1970,83,467,349,123,97,1,-1,-1,-1
1971,83,468,349,122,96,1,-1,-1,-1
1972,83,468,349,122,96,1,-1,-1,-1
1973,83,468,349,121,96,1,-1,-1,-1
1974,83,468,348,123,97,1,-1,-1,-1
1975,83,467,348,123,97,1,-1,-1,-1
1976,83,468,347,123,99,1,-1,-1,-1
1977,83,468,347,123,98,1,-1,-1,-1
1978,83,468,347,124,99,1,-1,-1,-1
1979,83,468,346,125,98,1,-1,-1,-1
1980,83,468,347,124,99,1,-1,-1,-1
1981,83,467,346,126,98,1,-1,-1,-1
1982,83,467,346,126,99,1,-1,-1,-1
1983,83,468,347,124,99,1,-1,-1,-1
1984,83,467,347,123,99,1,-1,-1,-1
1985,83,468,348,122,98,1,-1,-1,-1
1986,83,467,347,123,99,1,-1,-1,-1
1987,83,467,347,123,100,1,-1,-1,-1
1988,83,468,347,123,99,1,-1,-1,-1
1989,83,468,348,123,98,1,-1,-1,-1
1990,83,468,348,124,98,1,-1,-1,-1
1991,83,468,347,124,97,1,-1,-1,-1
1992,83,467,347,125,99,1,-1,-1,-1
1993,83,467,347,125,99,1,-1,-1,-1
1994,83,467,347,125,99,1,-1,-1,-1
1995,83,467,347,125,99,1,-1,-1,-1
1996,83,467,347,125,99,1,-1,-1,-1
1997,83,467,347,125,99,1,-1,-1,-1
1998,83,468,347,124,99,1,-1,-1,-1
1999,83,467,347,124,99,1,-1,-1,-1
2000,83,467,348,124,99,1,-1,-1,-1
2001,83,467,347,124,99,1,-1,-1,-1
2002,83,468,347,124,99,1,-1,-1,-1
2003,83,468,347,124,99,1,-1,-1,-1
2004,83,467,347,125,99,1,-1,-1,-1
2005,83,468,347,124,99,1,-1,-1,-1
2006,83,468,347,124,99,1,-1,-1,-1
2007,83,468,347,124,99,1,-1,-1,-1
2008,83,468,347,125,99,1,-1,-1,-1
2009,83,468,347,125,99,1,-1,-1,-1
2010,83,467,347,125,99,1,-1,-1,-1
2011,83,467,347,125,99,1,-1,-1,-1
2012,83,467,347,125,99,1,-1,-1,-1
2013,83,467,348,125,99,1,-1,-1,-1
2014,83,467,348,125,99,1,-1,-1,-1
2015,83,466,347,125,100,1,-1,-1,-1
2016,83,466,347,125,100,1,-1,-1,-1
2017,83,466,347,125,99,1,-1,-1,-1
2018,83,467,347,125,99,1,-1,-1,-1
2019,83,467,348,125,99,1,-1,-1,-1
2020,83,467,348,125,99,1,-1,-1,-1
2021,83,468,348,125,99,1,-1,-1,-1
2022,83,468,348,125,98,1,-1,-1,-1
2023,83,468,347,124,99,1,-1,-1,-1
2024,83,468,347,125,99,1,-1,-1,-1
2025,83,467,348,125,99,1,-1,-1,-1
2026,83,467,348,124,99,1,-1,-1,-1
2027,83,467,348,125,99,1,-1,-1,-1
2028,83,467,348,124,99,1,-1,-1,-1
2029,83,468,349,122,97,1,-1,-1,-1
2030,83,468,349,122,97,1,-1,-1,-1
2031,83,467,348,123,99,1,-1,-1,-1
2032,83,466,347,125,99,1,-1,-1,-1
2033,83,467,348,125,98,1,-1,-1,-1
2034,83,467,348,124,98,1,-1,-1,-1
2035,83,468,347,124,99,1,-1,-1,-1
2036,83,468,347,124,99,1,-1,-1,-1
2037,83,467,345,127,100,1,-1,-1,-1
2038,83,468,346,125,100,1,-1,-1,-1
2039,83,467,346,126,100,1,-1,-1,-1
2040,83,467,348,125,99,1,-1,-1,-1
2041,83,468,348,122,99,1,-1,-1,-1
2042,83,468,348,122,98,1,-1,-1,-1
2043,83,467,349,122,98,1,-1,-1,-1
2044,83,467,349,122,98,1,-1,-1,-1
2045,83,467,349,123,98,1,-1,-1,-1
2046,83,467,349,122,98,1,-1,-1,-1
2047,83,467,348,124,99,1,-1,-1,-1
2048,83,467,348,124,98,1,-1,-1,-1
2049,83,467,347,124,99,1,-1,-1,-1
2050,83,467,347,124,99,1,-1,-1,-1
2051,83,467,348,125,98,1,-1,-1,-1
2052,83,467,348,125,98,1,-1,-1,-1
2053,83,467,348,125,98,1,-1,-1,-1
2054,83,467,348,124,98,1,-1,-1,-1
2055,83,467,349,122,97,1,-1,-1,-1
2056,83,467,349,122,98,1,-1,-1,-1
2057,83,467,349,122,99,1,-1,-1,-1
2058,83,467,349,122,98,1,-1,-1,-1
2059,83,467,349,122,98,1,-1,-1,-1
2060,83,467,349,122,97,1,-1,-1,-1
2061,83,468,348,121,97,1,-1,-1,-1
2062,83,468,348,123,98,1,-1,-1,-1
2063,83,467,348,124,99,1,-1,-1,-1
2064,83,468,348,123,98,1,-1,-1,-1
2065,83,468,347,123,99,1,-1,-1,-1
2066,83,467,348,122,98,1,-1,-1,-1
2067,83,467,349,122,98,1,-1,-1,-1
2068,83,465,348,119,101,1,-1,-1,-1
2069,83,464,348,120,100,1,-1,-1,-1
2070,83,463,347,125,101,1,-1,-1,-1
2071,83,462,348,124,100,1,-1,-1,-1
2072,83,462,349,122,100,1,-1,-1,-1
2073,83,460,351,123,99,1,-1,-1,-1
2074,83,459,352,124,99,1,-1,-1,-1
2075,83,457,352,127,101,1,-1,-1,-1
2076,83,456,352,128,100,1,-1,-1,-1
2077,83,454,355,128,100,1,-1,-1,-1
2078,83,451,355,129,106,1,-1,-1,-1
2079,83,447,358,128,104,1,-1,-1,-1
2080,83,443,361,131,102,1,-1,-1,-1
2081,83,439,363,134,103,1,-1,-1,-1
2082,83,435,366,136,106,1,-1,-1,-1
2083,83,430,369,137,106,1,-1,-1,-1
2084,83,425,371,140,108,1,-1,-1,-1
2085,83,420,376,139,110,1,-1,-1,-1
2086,83,412,378,143,110,1,-1,-1,-1
2087,83,406,382,145,113,1,-1,-1,-1
2088,83,399,387,146,112,1,-1,-1,-1
2089,83,390,389,152,118,1,-1,-1,-1
2090,83,384,395,151,117,1,-1,-1,-1
2091,83,374,400,157,121,1,-1,-1,-1
2092,83,364,407,161,119,1,-1,-1,-1
2093,83,353,411,166,127,1,-1,-1,-1
2094,83,343,417,167,130,1,-1,-1,-1
2095,83,330,423,173,137,1,-1,-1,-1
2096,83,319,430,176,138,1,-1,-1,-1
2097,83,303,439,182,143,1,-1,-1,-1
2098,83,288,448,188,143,1,-1,-1,-1
2099,83,274,457,190,150,1,-1,-1,-1
2100,83,256,465,197,157,1,-1,-1,-1
2101,83,237,477,204,157,1,-1,-1,-1
2102,83,217,489,211,165,1,-1,-1,-1
2103,83,197,502,218,171,1,-1,-1,-1
2104,83,174,515,227,179,1,-1,-1,-1
2105,83,149,530,237,188,1,-1,-1,-1
2106,83,116,548,253,196,1,-1,-1,-1
2107,83,87,550,263,224,1,-1,-1,-1
2108,83,52,583,278,228,1,-1,-1,-1
2109,83,15,591,290,253,1,-1,-1,-1
2110,83,0,616,279,267,1,-1,-1,-1
37,85,1889,391,31,73,1,-1,-1,-1
38,85,1864,390,55,77,1,-1,-1,-1
39,85,1837,378,81,88,1,-1,-1,-1
40,85,1816,362,102,101,1,-1,-1,-1
41,85,1791,357,128,103,1,-1,-1,-1
42,85,1768,354,151,106,1,-1,-1,-1
43,85,1745,355,174,103,1,-1,-1,-1
44,85,1722,351,196,107,1,-1,-1,-1
45,85,1700,347,218,110,1,-1,-1,-1
46,85,1681,347,239,117,1,-1,-1,-1
47,85,1658,345,261,116,1,-1,-1,-1
48,85,1637,341,281,119,1,-1,-1,-1
49,85,1616,340,291,117,1,-1,-1,-1
50,85,1596,340,310,115,1,-1,-1,-1
51,85,1579,337,302,113,1,-1,-1,-1
52,85,1562,334,299,113,1,-1,-1,-1
53,85,1543,333,297,113,1,-1,-1,-1
54,85,1528,332,287,111,1,-1,-1,-1
55,85,1515,328,280,111,1,-1,-1,-1
56,85,1500,325,275,111,1,-1,-1,-1
57,85,1485,322,273,112,1,-1,-1,-1
58,85,1473,321,273,109,1,-1,-1,-1
59,85,1458,320,258,107,1,-1,-1,-1
60,85,1446,318,252,107,1,-1,-1,-1
61,85,1434,315,244,107,1,-1,-1,-1
62,85,1423,314,237,106,1,-1,-1,-1
63,85,1412,311,227,105,1,-1,-1,-1
64,85,1402,308,221,103,1,-1,-1,-1
65,85,1390,304,218,103,1,-1,-1,-1
66,85,1381,304,206,102,1,-1,-1,-1
67,85,1372,301,201,103,1,-1,-1,-1
68,85,1362,299,197,99,1,-1,-1,-1
69,85,1354,297,190,99,1,-1,-1,-1
70,85,1347,295,182,96,1,-1,-1,-1
71,85,1339,294,177,95,1,-1,-1,-1
72,85,1330,291,170,93,1,-1,-1,-1
73,85,1326,287,163,95,1,-1,-1,-1
74,85,1318,286,157,93,1,-1,-1,-1
75,85,1312,286,153,91,1,-1,-1,-1
76,85,1304,282,149,92,1,-1,-1,-1
77,85,1297,282,145,89,1,-1,-1,-1
78,85,1289,278,143,90,1,-1,-1,-1
79,85,1284,275,138,89,1,-1,-1,-1
80,85,1279,274,133,87,1,-1,-1,-1
81,85,1272,272,130,86,1,-1,-1,-1
82,85,1268,270,127,87,1,-1,-1,-1
83,85,1263,269,124,85,1,-1,-1,-1
84,85,1255,266,123,85,1,-1,-1,-1
85,85,1252,264,118,83,1,-1,-1,-1
86,85,1248,262,114,80,1,-1,-1,-1
87,85,1243,262,113,79,1,-1,-1,-1
88,85,1239,260,96,74,1,-1,-1,-1
89,85,1233,259,109,77,1,-1,-1,-1
90,85,1232,259,103,74,1,-1,-1,-1
91,85,1224,256,106,74,1,-1,-1,-1
92,85,1221,256,102,72,1,-1,-1,-1
93,85,1214,251,101,74,1,-1,-1,-1
94,85,1209,250,100,74,1,-1,-1,-1
95,85,1206,248,98,73,1,-1,-1,-1
96,85,1204,249,96,70,1,-1,-1,-1
97,85,1200,249,93,67,1,-1,-1,-1
98,85,1197,248,92,65,1,-1,-1,-1
99,85,1194,244,88,64,1,-1,-1,-1
100,85,1192,245,85,63,1,-1,-1,-1
101,85,1188,242,86,64,1,-1,-1,-1
102,85,1185,241,82,62,1,-1,-1,-1
103,85,1180,240,83,63,1,-1,-1,-1
104,85,1176,239,83,61,1,-1,-1,-1
105,85,1173,237,81,61,1,-1,-1,-1
106,85,1171,238,78,58,1,-1,-1,-1
107,85,1166,236,79,58,1,-1,-1,-1
108,85,1164,235,76,57,1,-1,-1,-1
109,85,1158,233,78,55,1,-1,-1,-1
110,85,1157,232,75,55,1,-1,-1,-1
111,85,1155,229,73,55,1,-1,-1,-1
112,85,1154,228,71,55,1,-1,-1,-1
113,85,1150,229,70,52,1,-1,-1,-1
114,85,1146,228,69,52,1,-1,-1,-1
115,85,1143,226,68,51,1,-1,-1,-1
116,85,1140,226,70,50,1,-1,-1,-1
117,85,1136,223,70,52,1,-1,-1,-1
118,85,1135,222,68,52,1,-1,-1,-1
119,85,1130,222,67,51,1,-1,-1,-1
120,85,1128,222,65,49,1,-1,-1,-1
121,85,1125,218,64,50,1,-1,-1,-1
122,85,1120,217,67,49,1,-1,-1,-1
123,85,1116,216,66,50,1,-1,-1,-1
124,85,1113,215,64,47,1,-1,-1,-1
125,85,1110,214,64,48,1,-1,-1,-1
126,85,1106,215,65,46,1,-1,-1,-1
127,85,1104,215,64,43,1,-1,-1,-1
128,85,1103,214,61,43,1,-1,-1,-1
129,85,1100,212,61,43,1,-1,-1,-1
130,85,1098,212,59,42,1,-1,-1,-1
131,85,1093,211,59,42,1,-1,-1,-1
132,85,1091,209,59,43,1,-1,-1,-1
133,85,1090,208,58,43,1,-1,-1,-1
134,85,1086,209,56,41,1,-1,-1,-1
135,85,1084,206,54,43,1,-1,-1,-1
136,85,1081,206,55,43,1,-1,-1,-1
137,85,1080,207,52,41,1,-1,-1,-1
138,85,1075,206,54,39,1,-1,-1,-1
139,85,1074,207,52,38,1,-1,-1,-1
140,85,1072,204,51,40,1,-1,-1,-1
141,85,1070,203,51,39,1,-1,-1,-1
142,85,1067,204,50,39,1,-1,-1,-1
143,85,1065,203,48,38,1,-1,-1,-1
144,85,1061,202,50,38,1,-1,-1,-1
145,85,1062,202,48,38,1,-1,-1,-1
146,85,1062,201,47,38,1,-1,-1,-1
147,85,1061,202,45,34,1,-1,-1,-1
148,85,1058,201,45,37,1,-1,-1,-1
149,85,1054,199,45,38,1,-1,-1,-1
150,85,1050,199,48,37,1,-1,-1,-1
151,85,1050,199,47,35,1,-1,-1,-1
152,85,1049,199,44,34,1,-1,-1,-1
153,85,1045,198,45,35,1,-1,-1,-1
154,85,1044,197,45,35,1,-1,-1,-1
155,85,1042,198,45,34,1,-1,-1,-1
156,85,1044,196,42,33,1,-1,-1,-1
157,85,1042,198,42,31,1,-1,-1,-1
158,85,1040,197,43,32,1,-1,-1,-1
159,85,1040,196,42,32,1,-1,-1,-1
160,85,1037,195,41,31,1,-1,-1,-1
161,85,1036,194,40,34,1,-1,-1,-1
162,85,1033,195,41,33,1,-1,-1,-1
163,85,1033,194,38,32,1,-1,-1,-1
164,85,1030,195,38,32,1,-1,-1,-1
165,85,1028,194,37,31,1,-1,-1,-1
166,85,1026,194,39,31,1,-1,-1,-1
167,85,1025,193,38,32,1,-1,-1,-1
168,85,1023,192,39,33,1,-1,-1,-1
169,85,1020,192,41,32,1,-1,-1,-1
170,85,1020,191,41,32,1,-1,-1,-1
171,85,1020,192,38,31,1,-1,-1,-1
172,85,1019,191,38,31,1,-1,-1,-1
173,85,1017,191,37,30,1,-1,-1,-1
174,85,1014,191,38,30,1,-1,-1,-1
175,85,1014,191,37,28,1,-1,-1,-1
176,85,1011,192,38,29,1,-1,-1,-1
177,85,1010,192,37,29,1,-1,-1,-1
178,85,1008,193,36,28,1,-1,-1,-1
179,85,1008,192,34,27,1,-1,-1,-1
180,85,1005,191,36,27,1,-1,-1,-1
181,85,1002,191,38,27,1,-1,-1,-1
182,85,1001,190,38,29,1,-1,-1,-1
183,85,1000,189,36,29,1,-1,-1,-1
184,85,1001,188,36,29,1,-1,-1,-1
185,85,1000,188,35,29,1,-1,-1,-1
186,85,1001,188,33,28,1,-1,-1,-1
187,85,999,187,32,28,1,-1,-1,-1
188,85,997,188,33,28,1,-1,-1,-1
189,85,995,188,32,28,1,-1,-1,-1
190,85,994,188,32,27,1,-1,-1,-1
191,85,992,189,33,25,1,-1,-1,-1
192,85,992,189,30,25,1,-1,-1,-1
193,85,991,188,30,25,1,-1,-1,-1
194,85,990,187,30,25,1,-1,-1,-1
195,85,990,186,29,25,1,-1,-1,-1
196,85,989,187,29,25,1,-1,-1,-1
197,85,990,186,28,25,1,-1,-1,-1
198,85,990,186,27,26,1,-1,-1,-1
199,85,990,185,26,27,1,-1,-1,-1
200,85,989,184,28,27,1,-1,-1,-1
201,85,988,185,29,26,1,-1,-1,-1
202,85,988,185,26,26,1,-1,-1,-1
203,85,984,184,29,26,1,-1,-1,-1
204,85,984,184,28,26,1,-1,-1,-1
205,85,981,184,29,26,1,-1,-1,-1
206,85,979,185,28,25,1,-1,-1,-1
207,85,979,185,28,24,1,-1,-1,-1
208,85,979,186,27,24,1,-1,-1,-1
209,85,979,185,28,25,1,-1,-1,-1
210,85,978,185,27,25,1,-1,-1,-1
213,85,975,181,27,26,1,-1,-1,-1
1,89,1310,394,364,175,1,-1,-1,-1
2,89,1354,397,372,177,1,-1,-1,-1
3,89,1399,402,378,178,1,-1,-1,-1
4,89,1447,406,384,179,1,-1,-1,-1
5,89,1498,410,388,183,1,-1,-1,-1
6,89,1550,416,369,183,1,-1,-1,-1
7,89,1603,422,316,184,1,-1,-1,-1
8,89,1659,429,260,161,1,-1,-1,-1
9,89,1715,431,204,160,1,-1,-1,-1
10,89,1767,437,152,162,1,-1,-1,-1
11,89,1825,444,94,159,1,-1,-1,-1
191,93,819,179,38,30,1,-1,-1,-1
192,93,818,180,39,29,1,-1,-1,-1
201,93,820,182,37,30,1,-1,-1,-1
207,93,810,191,40,26,1,-1,-1,-1
208,93,812,193,38,25,1,-1,-1,-1
210,93,805,190,41,26,1,-1,-1,-1
211,93,807,190,40,26,1,-1,-1,-1
212,93,806,190,43,28,1,-1,-1,-1
213,93,805,189,44,29,1,-1,-1,-1
214,93,809,190,43,30,1,-1,-1,-1
215,93,804,190,45,29,1,-1,-1,-1
216,93,803,190,43,29,1,-1,-1,-1
217,93,803,190,42,29,1,-1,-1,-1
218,93,805,191,42,30,1,-1,-1,-1
219,93,806,193,43,29,1,-1,-1,-1
220,93,803,194,45,30,1,-1,-1,-1
221,93,802,192,45,31,1,-1,-1,-1
222,93,802,195,42,28,1,-1,-1,-1
223,93,803,193,42,29,1,-1,-1,-1
224,93,803,193,45,30,1,-1,-1,-1
225,93,801,193,48,32,1,-1,-1,-1
226,93,805,192,44,33,1,-1,-1,-1
227,93,803,192,44,33,1,-1,-1,-1
228,93,804,193,41,34,1,-1,-1,-1
229,93,805,196,41,32,1,-1,-1,-1
230,93,803,193,44,36,1,-1,-1,-1
231,93,794,192,53,37,1,-1,-1,-1
232,93,801,196,45,37,1,-1,-1,-1
233,93,801,200,44,33,1,-1,-1,-1
234,93,803,200,40,33,1,-1,-1,-1
235,93,804,201,40,33,1,-1,-1,-1
236,93,803,202,44,34,1,-1,-1,-1
237,93,803,201,43,34,1,-1,-1,-1
238,93,804,200,40,35,1,-1,-1,-1
239,93,805,203,42,35,1,-1,-1,-1
240,93,805,203,42,36,1,-1,-1,-1
241,93,806,204,41,33,1,-1,-1,-1
242,93,805,203,42,38,1,-1,-1,-1
243,93,805,204,42,37,1,-1,-1,-1
244,93,804,205,44,37,1,-1,-1,-1
245,93,802,206,47,39,1,-1,-1,-1
246,93,802,207,48,37,1,-1,-1,-1
247,93,803,209,48,38,1,-1,-1,-1
248,93,803,207,49,40,1,-1,-1,-1
249,93,802,209,49,39,1,-1,-1,-1
250,93,801,209,52,40,1,-1,-1,-1
251,93,803,209,50,42,1,-1,-1,-1
252,93,802,211,51,41,1,-1,-1,-1
253,93,805,210,49,42,1,-1,-1,-1
254,93,805,210,48,43,1,-1,-1,-1
255,93,805,212,49,44,1,-1,-1,-1
256,93,805,212,50,44,1,-1,-1,-1
257,93,806,213,49,45,1,-1,-1,-1
258,93,804,213,51,46,1,-1,-1,-1
259,93,805,216,50,44,1,-1,-1,-1
260,93,804,213,52,48,1,-1,-1,-1
261,93,802,218,53,45,1,-1,-1,-1
262,93,802,221,54,44,1,-1,-1,-1
263,93,801,220,54,48,1,-1,-1,-1
264,93,802,221,54,48,1,-1,-1,-1
265,93,801,223,55,48,1,-1,-1,-1
266,93,800,224,54,48,1,-1,-1,-1
267,93,798,223,58,51,1,-1,-1,-1
268,93,797,224,59,52,1,-1,-1,-1
269,93,797,223,60,55,1,-1,-1,-1
270,93,794,224,64,55,1,-1,-1,-1
271,93,795,225,62,56,1,-1,-1,-1
272,93,792,226,65,56,1,-1,-1,-1
273,93,790,229,66,57,1,-1,-1,-1
274,93,790,229,64,60,1,-1,-1,-1
275,93,787,231,69,61,1,-1,-1,-1
276,93,785,228,70,66,1,-1,-1,-1
277,93,782,236,72,59,1,-1,-1,-1
278,93,780,240,73,57,1,-1,-1,-1
279,93,777,242,71,58,1,-1,-1,-1
280,93,775,242,73,60,1,-1,-1,-1
281,93,772,243,77,62,1,-1,-1,-1
282,93,769,245,79,64,1,-1,-1,-1
283,93,767,246,78,67,1,-1,-1,-1
284,93,765,250,78,66,1,-1,-1,-1
285,93,763,252,78,68,1,-1,-1,-1
286,93,759,256,80,68,1,-1,-1,-1
287,93,755,257,83,71,1,-1,-1,-1
288,93,749,258,86,73,1,-1,-1,-1
289,93,745,260,87,77,1,-1,-1,-1
290,93,743,265,89,76,1,-1,-1,-1
291,93,739,267,88,78,1,-1,-1,-1
292,93,734,269,92,82,1,-1,-1,-1
293,93,730,272,96,84,1,-1,-1,-1
294,93,726,273,97,87,1,-1,-1,-1
295,93,724,278,97,88,1,-1,-1,-1
296,93,719,285,98,86,1,-1,-1,-1
297,93,714,289,102,87,1,-1,-1,-1
298,93,708,292,103,93,1,-1,-1,-1
299,93,703,295,105,99,1,-1,-1,-1
300,93,699,301,108,99,1,-1,-1,-1
301,93,694,308,112,101,1,-1,-1,-1
302,93,687,311,114,106,1,-1,-1,-1
303,93,676,312,123,113,1,-1,-1,-1
304,93,671,315,125,119,1,-1,-1,-1
305,93,665,323,130,124,1,-1,-1,-1
306,93,660,332,134,125,1,-1,-1,-1
307,93,653,339,135,130,1,-1,-1,-1
308,93,645,346,141,138,1,-1,-1,-1
309,93,630,353,155,143,1,-1,-1,-1
310,93,624,362,160,149,1,-1,-1,-1
311,93,619,367,161,162,1,-1,-1,-1
312,93,611,383,167,163,1,-1,-1,-1
313,93,603,394,173,174,1,-1,-1,-1
314,93,587,406,184,181,1,-1,-1,-1
315,93,576,420,192,192,1,-1,-1,-1
316,93,561,423,202,215,1,-1,-1,-1
317,93,546,454,215,215,1,-1,-1,-1
318,93,531,471,226,235,1,-1,-1,-1
319,93,511,495,240,247,1,-1,-1,-1
320,93,493,517,254,274,1,-1,-1,-1
321,93,468,545,275,298,1,-1,-1,-1
322,93,440,577,296,325,1,-1,-1,-1
323,93,410,615,318,362,1,-1,-1,-1
324,93,375,657,344,405,1,-1,-1,-1
325,93,331,708,380,367,1,-1,-1,-1
326,93,280,770,419,305,1,-1,-1,-1
327,93,273,841,409,233,1,-1,-1,-1
328,93,244,933,414,143,1,-1,-1,-1
651,96,1867,396,53,66,1,-1,-1,-1
652,96,1820,370,99,88,1,-1,-1,-1
653,96,1777,362,143,93,1,-1,-1,-1
654,96,1733,356,186,101,1,-1,-1,-1
655,96,1692,354,226,103,1,-1,-1,-1
656,96,1653,352,247,100,1,-1,-1,-1
657,96,1615,349,244,98,1,-1,-1,-1
658,96,1582,345,239,98,1,-1,-1,-1
659,96,1547,340,237,99,1,-1,-1,-1
660,96,1518,336,229,96,1,-1,-1,-1
661,96,1488,331,219,97,1,-1,-1,-1
662,96,1461,327,211,96,1,-1,-1,-1
663,96,1437,324,202,95,1,-1,-1,-1
664,96,1414,319,195,94,1,-1,-1,-1
665,96,1395,316,184,93,1,-1,-1,-1
666,96,1377,311,174,92,1,-1,-1,-1
667,96,1363,308,164,91,1,-1,-1,-1
668,96,1350,305,154,88,1,-1,-1,-1
669,96,1339,303,145,84,1,-1,-1,-1
670,96,1328,300,139,84,1,-1,-1,-1
671,96,1320,296,130,84,1,-1,-1,-1
672,96,1313,294,122,80,1,-1,-1,-1
673,96,1304,291,118,79,1,-1,-1,-1
674,96,1299,286,111,81,1,-1,-1,-1
675,96,1290,285,110,77,1,-1,-1,-1
676,96,1285,283,103,75,1,-1,-1,-1
677,96,1278,279,101,76,1,-1,-1,-1
678,96,1270,276,99,75,1,-1,-1,-1
679,96,1265,274,95,73,1,-1,-1,-1
680,96,1263,271,90,73,1,-1,-1,-1
681,96,1256,269,90,70,1,-1,-1,-1
682,96,1247,267,91,69,1,-1,-1,-1
683,96,1245,266,86,67,1,-1,-1,-1
684,96,1239,264,86,66,1,-1,-1,-1
685,96,1236,261,83,65,1,-1,-1,-1
686,96,1229,260,84,64,1,-1,-1,-1
687,96,1225,258,81,61,1,-1,-1,-1
688,96,1221,256,79,61,1,-1,-1,-1
689,96,1216,254,79,61,1,-1,-1,-1
690,96,1216,254,73,59,1,-1,-1,-1
691,96,1204,250,78,58,1,-1,-1,-1
692,96,1202,248,75,58,1,-1,-1,-1
693,96,1199,245,71,57,1,-1,-1,-1
694,96,1194,245,70,56,1,-1,-1,-1
695,96,1192,243,66,56,1,-1,-1,-1
696,96,1185,242,69,54,1,-1,-1,-1
697,96,1181,240,67,54,1,-1,-1,-1
698,96,1178,238,66,53,1,-1,-1,-1
699,96,1176,237,64,53,1,-1,-1,-1
700,96,1172,236,62,51,1,-1,-1,-1
701,96,1170,234,62,50,1,-1,-1,-1
702,96,1167,232,58,51,1,-1,-1,-1
703,96,1161,231,61,49,1,-1,-1,-1
704,96,1156,229,62,49,1,-1,-1,-1
705,96,1154,227,59,48,1,-1,-1,-1
706,96,1151,227,57,48,1,-1,-1,-1
707,96,1146,225,57,48,1,-1,-1,-1
708,96,1143,224,55,47,1,-1,-1,-1
709,96,1140,224,54,46,1,-1,-1,-1
710,96,1135,223,57,45,1,-1,-1,-1
711,96,1132,222,55,44,1,-1,-1,-1
712,96,1129,219,56,44,1,-1,-1,-1
713,96,1128,218,52,43,1,-1,-1,-1
714,96,1124,217,53,42,1,-1,-1,-1
715,96,1123,215,51,41,1,-1,-1,-1
716,96,1120,216,49,40,1,-1,-1,-1
717,96,1116,214,51,39,1,-1,-1,-1
718,96,1114,212,49,40,1,-1,-1,-1
719,96,1110,212,51,40,1,-1,-1,-1
720,96,1106,212,51,39,1,-1,-1,-1
721,96,1104,210,47,39,1,-1,-1,-1
722,96,1101,209,47,40,1,-1,-1,-1
723,96,1099,209,45,40,1,-1,-1,-1
724,96,1096,206,45,40,1,-1,-1,-1
725,96,1093,207,45,38,1,-1,-1,-1
726,96,1088,204,49,39,1,-1,-1,-1
727,96,1087,205,45,37,1,-1,-1,-1
728,96,1085,204,44,38,1,-1,-1,-1
729,96,1081,203,45,37,1,-1,-1,-1
730,96,1080,203,44,36,1,-1,-1,-1
731,96,1077,202,42,34,1,-1,-1,-1
732,96,1074,201,44,34,1,-1,-1,-1
733,96,1074,201,39,34,1,-1,-1,-1
734,96,1068,201,41,35,1,-1,-1,-1
735,96,1065,200,41,33,1,-1,-1,-1
736,96,1062,200,40,32,1,-1,-1,-1
737,96,1060,200,40,31,1,-1,-1,-1
738,96,1057,200,39,32,1,-1,-1,-1
739,96,1054,200,39,31,1,-1,-1,-1
740,96,1052,199,38,30,1,-1,-1,-1
741,96,1051,199,36,30,1,-1,-1,-1
742,96,1048,198,38,30,1,-1,-1,-1
743,96,1047,198,37,30,1,-1,-1,-1
744,96,1044,197,39,30,1,-1,-1,-1
745,96,1044,196,35,30,1,-1,-1,-1
746,96,1041,196,36,29,1,-1,-1,-1
747,96,1039,196,37,29,1,-1,-1,-1
748,96,1037,196,36,30,1,-1,-1,-1
749,96,1036,196,34,28,1,-1,-1,-1
750,96,1034,196,31,28,1,-1,-1,-1
751,96,1031,196,32,30,1,-1,-1,-1
752,96,1027,194,35,29,1,-1,-1,-1
753,96,1026,195,34,28,1,-1,-1,-1
754,96,1025,194,32,28,1,-1,-1,-1
755,96,1023,194,36,28,1,-1,-1,-1
756,96,1024,193,32,28,1,-1,-1,-1
757,96,1021,192,34,28,1,-1,-1,-1
758,96,1020,192,33,27,1,-1,-1,-1
759,96,1021,191,29,28,1,-1,-1,-1
760,96,1020,191,29,27,1,-1,-1,-1
761,96,1020,192,27,26,1,-1,-1,-1
762,96,1017,191,27,26,1,-1,-1,-1
763,96,1015,192,26,26,1,-1,-1,-1
764,96,1011,193,28,24,1,-1,-1,-1
765,96,1011,191,27,26,1,-1,-1,-1
766,96,1009,191,26,24,1,-1,-1,-1
767,96,1006,192,27,24,1,-1,-1,-1
768,96,1005,191,28,25,1,-1,-1,-1
769,96,1004,189,28,26,1,-1,-1,-1
770,96,1004,190,26,24,1,-1,-1,-1
771,96,1004,190,27,24,1,-1,-1,-1
772,96,1004,190,26,23,1,-1,-1,-1
773,96,1002,189,24,24,1,-1,-1,-1
774,96,1001,188,25,24,1,-1,-1,-1
775,96,1001,189,23,23,1,-1,-1,-1
776,96,998,188,27,24,1,-1,-1,-1
777,96,997,188,22,23,1,-1,-1,-1
779,96,996,188,22,24,1,-1,-1,-1
344,97,819,183,27,30,1,-1,-1,-1
345,97,819,186,25,29,1,-1,-1,-1
346,97,819,188,26,27,1,-1,-1,-1
347,97,819,189,26,26,1,-1,-1,-1
348,97,820,190,25,24,1,-1,-1,-1
349,97,820,188,24,24,1,-1,-1,-1
350,97,820,187,25,24,1,-1,-1,-1
351,97,820,188,25,24,1,-1,-1,-1
352,97,821,190,25,24,1,-1,-1,-1
353,97,821,188,25,25,1,-1,-1,-1
354,97,820,191,26,24,1,-1,-1,-1
355,97,819,190,26,25,1,-1,-1,-1
356,97,818,191,27,25,1,-1,-1,-1
357,97,818,190,25,25,1,-1,-1,-1
358,97,817,192,25,26,1,-1,-1,-1
359,97,814,193,28,26,1,-1,-1,-1
360,97,814,194,28,25,1,-1,-1,-1
361,97,813,193,28,26,1,-1,-1,-1
362,97,813,193,28,26,1,-1,-1,-1
363,97,813,193,28,25,1,-1,-1,-1
364,97,813,194,28,27,1,-1,-1,-1
365,97,813,192,30,28,1,-1,-1,-1
366,97,813,192,31,28,1,-1,-1,-1
367,97,814,192,31,28,1,-1,-1,-1
368,97,813,191,32,30,1,-1,-1,-1
369,97,812,191,33,29,1,-1,-1,-1
370,97,811,191,32,31,1,-1,-1,-1
371,97,810,195,31,28,1,-1,-1,-1
372,97,810,195,32,28,1,-1,-1,-1
373,97,808,195,33,29,1,-1,-1,-1
374,97,808,196,34,29,1,-1,-1,-1
375,97,807,196,34,29,1,-1,-1,-1
376,97,807,196,33,30,1,-1,-1,-1
377,97,808,196,33,32,1,-1,-1,-1
378,97,809,197,33,32,1,-1,-1,-1
379,97,808,197,34,31,1,-1,-1,-1
380,97,808,197,33,33,1,-1,-1,-1
381,97,809,199,33,33,1,-1,-1,-1
382,97,807,200,35,32,1,-1,-1,-1
383,97,807,201,35,31,1,-1,-1,-1
384,97,806,203,37,31,1,-1,-1,-1
385,97,805,205,39,31,1,-1,-1,-1
386,97,803,207,40,31,1,-1,-1,-1
387,97,802,206,40,32,1,-1,-1,-1
388,97,802,208,39,32,1,-1,-1,-1
389,97,799,209,42,32,1,-1,-1,-1
390,97,801,208,39,35,1,-1,-1,-1
391,97,800,209,42,35,1,-1,-1,-1
392,97,800,211,40,34,1,-1,-1,-1
393,97,800,215,40,32,1,-1,-1,-1
394,97,798,217,42,30,1,-1,-1,-1
395,97,797,218,42,31,1,-1,-1,-1
396,97,795,220,46,31,1,-1,-1,-1
397,97,791,220,48,33,1,-1,-1,-1
398,97,789,222,50,34,1,-1,-1,-1
399,97,789,222,52,36,1,-1,-1,-1
400,97,786,225,50,34,1,-1,-1,-1
401,97,784,226,50,36,1,-1,-1,-1
402,97,783,227,51,38,1,-1,-1,-1
403,97,780,228,51,40,1,-1,-1,-1
404,97,780,230,50,41,1,-1,-1,-1
405,97,778,231,54,41,1,-1,-1,-1
406,97,776,234,53,41,1,-1,-1,-1
407,97,772,232,56,45,1,-1,-1,-1
408,97,770,237,57,43,1,-1,-1,-1
409,97,767,240,60,44,1,-1,-1,-1
410,97,765,242,60,46,1,-1,-1,-1
411,97,764,244,60,47,1,-1,-1,-1
412,97,761,247,59,47,1,-1,-1,-1
413,97,757,251,61,47,1,-1,-1,-1
414,97,753,254,64,50,1,-1,-1,-1
415,97,748,255,67,52,1,-1,-1,-1
416,97,745,257,68,56,1,-1,-1,-1
417,97,742,263,68,55,1,-1,-1,-1
418,97,739,268,69,54,1,-1,-1,-1
419,97,735,272,71,55,1,-1,-1,-1
420,97,731,276,75,58,1,-1,-1,-1
421,97,726,280,78,61,1,-1,-1,-1
422,97,722,286,79,61,1,-1,-1,-1
423,97,716,292,83,62,1,-1,-1,-1
424,97,711,295,83,66,1,-1,-1,-1
425,97,703,303,89,68,1,-1,-1,-1
426,97,699,308,89,72,1,-1,-1,-1
427,97,692,314,92,77,1,-1,-1,-1
428,97,681,320,101,81,1,-1,-1,-1
429,97,674,328,102,82,1,-1,-1,-1
430,97,667,340,103,83,1,-1,-1,-1
431,97,659,345,106,90,1,-1,-1,-1
432,97,650,355,110,94,1,-1,-1,-1
433,97,641,366,117,98,1,-1,-1,-1
434,97,626,379,126,102,1,-1,-1,-1
435,97,614,391,131,107,1,-1,-1,-1
436,97,601,403,139,117,1,-1,-1,-1
437,97,587,419,145,123,1,-1,-1,-1
438,97,571,436,151,133,1,-1,-1,-1
439,97,551,456,163,142,1,-1,-1,-1
440,97,530,477,174,154,1,-1,-1,-1
441,97,508,504,184,162,1,-1,-1,-1
442,97,480,533,199,179,1,-1,-1,-1
443,97,449,567,218,196,1,-1,-1,-1
444,97,414,604,236,219,1,-1,-1,-1
445,97,371,651,260,245,1,-1,-1,-1
446,97,322,706,290,281,1,-1,-1,-1
447,97,261,774,322,303,1,-1,-1,-1
448,97,196,857,359,218,1,-1,-1,-1
449,97,169,956,348,120,1,-1,-1,-1
730,99,1878,479,41,80,1,-1,-1,-1
731,99,1839,469,80,101,1,-1,-1,-1
732,99,1799,437,121,144,1,-1,-1,-1
733,99,1759,432,161,151,1,-1,-1,-1
734,99,1718,433,202,153,1,-1,-1,-1
735,99,1676,433,244,156,1,-1,-1,-1
736,99,1634,432,284,159,1,-1,-1,-1
737,99,1588,433,331,162,1,-1,-1,-1
738,99,1543,435,376,164,1,-1,-1,-1
739,99,1497,439,420,164,1,-1,-1,-1
740,99,1450,440,436,166,1,-1,-1,-1
741,99,1405,440,440,172,1,-1,-1,-1
742,99,1359,442,447,157,1,-1,-1,-1
743,99,1346,445,415,138,1,-1,-1,-1
744,99,1266,444,454,113,1,-1,-1,-1
745,99,1215,450,427,184,1,-1,-1,-1
746,99,1162,453,472,190,1,-1,-1,-1
747,99,1111,458,484,195,1,-1,-1,-1
748,99,1054,463,497,197,1,-1,-1,-1
749,99,1012,468,489,202,1,-1,-1,-1
750,99,962,476,494,205,1,-1,-1,-1
751,99,908,479,501,212,1,-1,-1,-1
752,99,854,486,509,219,1,-1,-1,-1
753,99,799,490,517,228,1,-1,-1,-1
754,99,746,499,523,236,1,-1,-1,-1
755,99,690,507,532,245,1,-1,-1,-1
756,99,635,518,539,250,1,-1,-1,-1
757,99,577,531,548,256,1,-1,-1,-1
758,99,521,540,555,267,1,-1,-1,-1
759,99,462,553,564,278,1,-1,-1,-1
760,99,403,567,572,289,1,-1,-1,-1
761,99,339,583,586,298,1,-1,-1,-1
762,99,277,603,594,304,1,-1,-1,-1
763,99,212,617,604,320,1,-1,-1,-1
764,99,146,638,620,334,1,-1,-1,-1
765,99,82,659,626,346,1,-1,-1,-1
766,99,12,681,643,363,1,-1,-1,-1
767,99,0,704,601,374,1,-1,-1,-1
768,99,4,729,538,349,1,-1,-1,-1
769,99,0,756,485,323,1,-1,-1,-1
770,99,1,782,427,295,1,-1,-1,-1
771,99,0,813,370,262,1,-1,-1,-1
772,99,1,849,305,226,1,-1,-1,-1
773,99,2,887,244,190,1,-1,-1,-1
774,99,1,934,184,142,1,-1,-1,-1
633,100,1859,397,61,67,1,-1,-1,-1
634,100,1819,376,100,84,1,-1,-1,-1
635,100,1779,369,141,89,1,-1,-1,-1
636,100,1735,366,184,95,1,-1,-1,-1
637,100,1696,362,221,96,1,-1,-1,-1
638,100,1658,358,235,97,1,-1,-1,-1
639,100,1622,357,228,93,1,-1,-1,-1
640,100,1588,356,226,89,1,-1,-1,-1
641,100,1554,347,223,96,1,-1,-1,-1
642,100,1523,343,219,93,1,-1,-1,-1
643,100,1494,339,215,91,1,-1,-1,-1
644,100,1466,335,207,91,1,-1,-1,-1
645,100,1443,332,198,89,1,-1,-1,-1
646,100,1421,330,190,88,1,-1,-1,-1
647,100,1400,325,183,88,1,-1,-1,-1
648,100,1379,321,178,88,1,-1,-1,-1
649,100,1365,318,165,87,1,-1,-1,-1
650,100,1347,313,160,85,1,-1,-1,-1
651,100,1336,312,150,82,1,-1,-1,-1
652,100,1324,308,142,80,1,-1,-1,-1
653,100,1312,307,135,78,1,-1,-1,-1
654,100,1302,304,128,78,1,-1,-1,-1
655,100,1294,300,121,78,1,-1,-1,-1
656,100,1284,296,119,76,1,-1,-1,-1
657,100,1279,294,112,74,1,-1,-1,-1
658,100,1271,292,107,71,1,-1,-1,-1
659,100,1266,289,104,71,1,-1,-1,-1
660,100,1263,286,98,70,1,-1,-1,-1
661,100,1255,282,98,71,1,-1,-1,-1
662,100,1246,279,97,70,1,-1,-1,-1
663,100,1243,277,92,69,1,-1,-1,-1
664,100,1240,276,87,66,1,-1,-1,-1
665,100,1234,273,87,65,1,-1,-1,-1
666,100,1228,271,84,66,1,-1,-1,-1
667,100,1224,269,82,62,1,-1,-1,-1
668,100,1217,266,83,62,1,-1,-1,-1
669,100,1216,266,79,60,1,-1,-1,-1
670,100,1209,262,80,59,1,-1,-1,-1
671,100,1205,259,78,58,1,-1,-1,-1
672,100,1202,258,75,56,1,-1,-1,-1
673,100,1200,257,72,55,1,-1,-1,-1
674,100,1194,254,74,55,1,-1,-1,-1
675,100,1189,251,72,56,1,-1,-1,-1
676,100,1185,250,71,54,1,-1,-1,-1
677,100,1180,248,70,52,1,-1,-1,-1
678,100,1176,245,69,53,1,-1,-1,-1
679,100,1172,244,67,52,1,-1,-1,-1
680,100,1169,243,66,50,1,-1,-1,-1
681,100,1162,240,65,49,1,-1,-1,-1
682,100,1157,236,65,49,1,-1,-1,-1
683,100,1157,236,60,49,1,-1,-1,-1
684,100,1151,235,62,48,1,-1,-1,-1
685,100,1148,234,63,47,1,-1,-1,-1
686,100,1147,233,58,44,1,-1,-1,-1
687,100,1141,230,59,46,1,-1,-1,-1
688,100,1138,228,57,46,1,-1,-1,-1
689,100,1136,227,56,46,1,-1,-1,-1
690,100,1132,224,55,46,1,-1,-1,-1
691,100,1126,225,55,44,1,-1,-1,-1
692,100,1124,223,54,43,1,-1,-1,-1
693,100,1120,222,52,41,1,-1,-1,-1
694,100,1115,221,52,40,1,-1,-1,-1
695,100,1110,220,53,40,1,-1,-1,-1
696,100,1107,218,52,39,1,-1,-1,-1
697,100,1105,217,51,37,1,-1,-1,-1
698,100,1102,217,50,36,1,-1,-1,-1
699,100,1098,215,48,36,1,-1,-1,-1
700,100,1097,214,48,37,1,-1,-1,-1
701,100,1094,214,48,35,1,-1,-1,-1
702,100,1092,212,47,37,1,-1,-1,-1
703,100,1087,211,47,36,1,-1,-1,-1
704,100,1084,212,45,33,1,-1,-1,-1
705,100,1083,210,42,34,1,-1,-1,-1
706,100,1079,209,42,34,1,-1,-1,-1
707,100,1076,209,41,34,1,-1,-1,-1
708,100,1072,206,42,32,1,-1,-1,-1
709,100,1069,206,42,32,1,-1,-1,-1
710,100,1065,205,41,32,1,-1,-1,-1
711,100,1061,206,43,30,1,-1,-1,-1
712,100,1061,203,39,32,1,-1,-1,-1
713,100,1057,202,38,31,1,-1,-1,-1
714,100,1055,203,40,30,1,-1,-1,-1
715,100,1056,204,37,28,1,-1,-1,-1
716,100,1051,204,38,27,1,-1,-1,-1
717,100,1049,202,38,28,1,-1,-1,-1
718,100,1047,201,37,28,1,-1,-1,-1
719,100,1043,200,40,30,1,-1,-1,-1
720,100,1038,199,40,30,1,-1,-1,-1
721,100,1038,199,37,29,1,-1,-1,-1
722,100,1038,198,34,28,1,-1,-1,-1
723,100,1035,198,35,26,1,-1,-1,-1
724,100,1032,197,35,28,1,-1,-1,-1
725,100,1031,197,31,28,1,-1,-1,-1
726,100,1028,196,32,28,1,-1,-1,-1
727,100,1026,197,32,27,1,-1,-1,-1
728,100,1025,196,32,27,1,-1,-1,-1
729,100,1025,196,32,26,1,-1,-1,-1
730,100,1023,196,31,27,1,-1,-1,-1
731,100,1022,196,30,27,1,-1,-1,-1
732,100,1022,195,28,26,1,-1,-1,-1
733,100,1020,195,28,26,1,-1,-1,-1
734,100,1017,196,28,27,1,-1,-1,-1
735,100,1016,195,27,27,1,-1,-1,-1
736,100,1016,195,26,25,1,-1,-1,-1
737,100,1012,194,27,25,1,-1,-1,-1
738,100,1011,193,22,25,1,-1,-1,-1
739,100,1008,192,26,25,1,-1,-1,-1
740,100,1007,191,25,26,1,-1,-1,-1
741,100,1006,192,25,26,1,-1,-1,-1
742,100,1004,190,24,25,1,-1,-1,-1
743,100,1003,191,25,24,1,-1,-1,-1
744,100,1002,190,23,25,1,-1,-1,-1
745,100,1001,190,22,23,1,-1,-1,-1
746,100,1000,191,22,25,1,-1,-1,-1
747,100,999,190,22,24,1,-1,-1,-1
748,100,998,191,22,24,1,-1,-1,-1
751,100,984,187,29,25,1,-1,-1,-1
755,100,974,185,35,25,1,-1,-1,-1
756,100,968,183,34,25,1,-1,-1,-1
758,100,965,183,36,24,1,-1,-1,-1
759,100,964,182,38,24,1,-1,-1,-1
761,100,965,182,36,24,1,-1,-1,-1
801,104,1860,386,60,74,1,-1,-1,-1
802,104,1819,362,100,92,1,-1,-1,-1
803,104,1779,355,139,97,1,-1,-1,-1
804,104,1738,352,181,98,1,-1,-1,-1
805,104,1699,344,220,113,1,-1,-1,-1
806,104,1661,340,254,113,1,-1,-1,-1
807,104,1623,338,284,111,1,-1,-1,-1
808,104,1589,336,280,108,1,-1,-1,-1
809,104,1558,334,271,104,1,-1,-1,-1
810,104,1531,332,263,101,1,-1,-1,-1
811,104,1503,325,257,105,1,-1,-1,-1
812,104,1479,323,273,101,1,-1,-1,-1
813,104,1457,320,239,99,1,-1,-1,-1
814,104,1438,316,228,99,1,-1,-1,-1
815,104,1419,312,218,99,1,-1,-1,-1
816,104,1403,308,209,97,1,-1,-1,-1
817,104,1387,305,196,95,1,-1,-1,-1
818,104,1374,302,185,94,1,-1,-1,-1
819,104,1360,299,176,92,1,-1,-1,-1
820,104,1349,295,167,92,1,-1,-1,-1
821,104,1340,294,158,88,1,-1,-1,-1
822,104,1330,290,148,87,1,-1,-1,-1
823,104,1322,287,142,87,1,-1,-1,-1
824,104,1312,286,137,83,1,-1,-1,-1
825,104,1306,283,130,82,1,-1,-1,-1
826,104,1296,280,128,81,1,-1,-1,-1
827,104,1289,274,123,84,1,-1,-1,-1
828,104,1282,272,119,82,1,-1,-1,-1
829,104,1275,270,116,79,1,-1,-1,-1
830,104,1265,268,117,78,1,-1,-1,-1
831,104,1258,266,112,74,1,-1,-1,-1
832,104,1251,264,108,74,1,-1,-1,-1
833,104,1245,263,105,71,1,-1,-1,-1
834,104,1238,261,101,70,1,-1,-1,-1
835,104,1232,260,98,68,1,-1,-1,-1
836,104,1224,256,99,68,1,-1,-1,-1
837,104,1217,254,97,66,1,-1,-1,-1
838,104,1214,252,93,67,1,-1,-1,-1
839,104,1207,249,93,64,1,-1,-1,-1
840,104,1203,248,90,64,1,-1,-1,-1
841,104,1199,246,86,61,1,-1,-1,-1
842,104,1194,244,84,61,1,-1,-1,-1
843,104,1189,244,84,59,1,-1,-1,-1
844,104,1185,241,80,59,1,-1,-1,-1
845,104,1180,240,79,58,1,-1,-1,-1
846,104,1174,239,79,56,1,-1,-1,-1
847,104,1171,238,76,55,1,-1,-1,-1
848,104,1166,237,75,53,1,-1,-1,-1
849,104,1162,234,74,53,1,-1,-1,-1
850,104,1158,233,72,52,1,-1,-1,-1
851,104,1154,229,71,54,1,-1,-1,-1
852,104,1151,230,70,50,1,-1,-1,-1
853,104,1148,228,68,50,1,-1,-1,-1
854,104,1146,228,66,48,1,-1,-1,-1
855,104,1141,225,67,49,1,-1,-1,-1
856,104,1138,224,65,50,1,-1,-1,-1
857,104,1135,222,64,49,1,-1,-1,-1
858,104,1130,221,64,48,1,-1,-1,-1
859,104,1127,219,63,48,1,-1,-1,-1
860,104,1125,219,61,47,1,-1,-1,-1
861,104,1120,217,59,45,1,-1,-1,-1
862,104,1117,216,59,45,1,-1,-1,-1
863,104,1113,215,58,44,1,-1,-1,-1
864,104,1110,214,57,42,1,-1,-1,-1
865,104,1107,212,56,43,1,-1,-1,-1
866,104,1103,210,56,43,1,-1,-1,-1
867,104,1100,211,55,42,1,-1,-1,-1
868,104,1098,210,54,41,1,-1,-1,-1
869,104,1096,210,52,41,1,-1,-1,-1
870,104,1092,209,54,40,1,-1,-1,-1
871,104,1090,208,52,41,1,-1,-1,-1
872,104,1086,206,52,41,1,-1,-1,-1
873,104,1083,207,52,39,1,-1,-1,-1
874,104,1082,206,48,38,1,-1,-1,-1
875,104,1079,204,47,39,1,-1,-1,-1
876,104,1075,204,49,38,1,-1,-1,-1
877,104,1073,202,45,38,1,-1,-1,-1
878,104,1070,202,46,37,1,-1,-1,-1
879,104,1068,202,46,37,1,-1,-1,-1
880,104,1065,200,46,38,1,-1,-1,-1
881,104,1063,199,44,37,1,-1,-1,-1
882,104,1059,198,45,37,1,-1,-1,-1
883,104,1058,199,43,34,1,-1,-1,-1
884,104,1055,198,43,35,1,-1,-1,-1
885,104,1053,198,44,35,1,-1,-1,-1
886,104,1049,199,45,33,1,-1,-1,-1
887,104,1050,198,41,32,1,-1,-1,-1
888,104,1049,198,39,31,1,-1,-1,-1
889,104,1046,197,41,31,1,-1,-1,-1
890,104,1044,196,42,32,1,-1,-1,-1
891,104,1043,196,38,31,1,-1,-1,-1
892,104,1039,196,39,31,1,-1,-1,-1
893,104,1038,195,37,31,1,-1,-1,-1
894,104,1038,195,36,30,1,-1,-1,-1
895,104,1037,194,36,30,1,-1,-1,-1
896,104,1032,196,38,29,1,-1,-1,-1
897,104,1030,195,39,29,1,-1,-1,-1
898,104,1028,194,38,30,1,-1,-1,-1
899,104,1026,194,39,30,1,-1,-1,-1
900,104,1026,193,36,31,1,-1,-1,-1
901,104,1023,191,37,32,1,-1,-1,-1
902,104,1020,190,37,32,1,-1,-1,-1
903,104,1019,190,36,32,1,-1,-1,-1
904,104,1017,190,36,30,1,-1,-1,-1
905,104,1016,190,35,28,1,-1,-1,-1
906,104,1015,190,34,27,1,-1,-1,-1
907,104,1013,190,32,28,1,-1,-1,-1
908,104,1013,190,31,27,1,-1,-1,-1
909,104,1011,190,31,28,1,-1,-1,-1
910,104,1008,189,33,29,1,-1,-1,-1
911,104,1006,190,33,27,1,-1,-1,-1
912,104,1003,190,34,28,1,-1,-1,-1
913,104,1004,188,31,28,1,-1,-1,-1
914,104,1001,188,33,28,1,-1,-1,-1
915,104,1001,189,30,26,1,-1,-1,-1
916,104,999,188,32,28,1,-1,-1,-1
917,104,999,188,29,26,1,-1,-1,-1
918,104,996,188,30,26,1,-1,-1,-1
919,104,996,188,30,26,1,-1,-1,-1
920,104,994,188,31,25,1,-1,-1,-1
921,104,996,188,26,24,1,-1,-1,-1
922,104,994,188,27,24,1,-1,-1,-1
923,104,993,187,25,24,1,-1,-1,-1
924,104,994,187,25,23,1,-1,-1,-1
925,104,992,187,24,23,1,-1,-1,-1
926,104,991,187,25,23,1,-1,-1,-1
927,104,989,185,25,23,1,-1,-1,-1
928,104,986,185,27,24,1,-1,-1,-1
929,104,985,185,27,24,1,-1,-1,-1
930,104,982,185,29,23,1,-1,-1,-1
931,104,982,184,28,24,1,-1,-1,-1
932,104,979,183,28,24,1,-1,-1,-1
933,104,978,184,28,23,1,-1,-1,-1
934,104,978,184,26,23,1,-1,-1,-1
935,104,978,184,24,23,1,-1,-1,-1
936,104,975,184,24,23,1,-1,-1,-1
937,104,975,183,22,23,1,-1,-1,-1
938,104,975,184,23,23,1,-1,-1,-1
939,104,974,182,24,24,1,-1,-1,-1
940,104,974,183,23,24,1,-1,-1,-1
1765,111,1868,405,51,56,1,-1,-1,-1
1766,111,1822,385,97,74,1,-1,-1,-1
1767,111,1777,378,143,79,1,-1,-1,-1
1768,111,1733,377,186,82,1,-1,-1,-1
1769,111,1689,370,228,86,1,-1,-1,-1
1770,111,1649,366,227,85,1,-1,-1,-1
1771,111,1609,361,227,85,1,-1,-1,-1
1772,111,1572,357,224,84,1,-1,-1,-1
1773,111,1541,352,215,84,1,-1,-1,-1
1774,111,1509,350,209,80,1,-1,-1,-1
1775,111,1480,343,205,82,1,-1,-1,-1
1776,111,1451,338,199,81,1,-1,-1,-1
1777,111,1427,337,191,79,1,-1,-1,-1
1778,111,1406,333,180,78,1,-1,-1,-1
1779,111,1385,328,173,77,1,-1,-1,-1
1780,111,1368,323,163,78,1,-1,-1,-1
1781,111,1350,321,156,74,1,-1,-1,-1
1782,111,1337,317,147,72,1,-1,-1,-1
1783,111,1323,316,140,70,1,-1,-1,-1
1784,111,1311,311,133,71,1,-1,-1,-1
1785,111,1299,308,128,70,1,-1,-1,-1
1786,111,1290,304,121,69,1,-1,-1,-1
1787,111,1279,302,117,66,1,-1,-1,-1
1788,111,1294,300,88,64,1,-1,-1,-1
1789,111,1266,295,105,64,1,-1,-1,-1
1790,111,1262,293,98,62,1,-1,-1,-1
1791,111,1257,290,95,62,1,-1,-1,-1
1792,111,1252,287,93,62,1,-1,-1,-1
1793,111,1247,286,90,58,1,-1,-1,-1
1794,111,1245,283,86,57,1,-1,-1,-1
1795,111,1239,281,83,57,1,-1,-1,-1
1796,111,1233,280,84,55,1,-1,-1,-1
1797,111,1232,276,80,56,1,-1,-1,-1
1798,111,1228,273,79,55,1,-1,-1,-1
1799,111,1221,271,81,55,1,-1,-1,-1
1800,111,1218,268,78,54,1,-1,-1,-1
1801,111,1217,265,74,54,1,-1,-1,-1
1802,111,1209,263,76,54,1,-1,-1,-1
1803,111,1204,261,77,51,1,-1,-1,-1
1804,111,1202,259,74,50,1,-1,-1,-1
1805,111,1199,258,73,48,1,-1,-1,-1
1806,111,1194,257,70,47,1,-1,-1,-1
1807,111,1187,254,72,47,1,-1,-1,-1
1808,111,1185,252,68,48,1,-1,-1,-1
1809,111,1180,250,68,46,1,-1,-1,-1
1810,111,1175,246,69,47,1,-1,-1,-1
1811,111,1172,245,66,47,1,-1,-1,-1
1812,111,1168,244,65,44,1,-1,-1,-1
1813,111,1163,242,66,44,1,-1,-1,-1
1814,111,1160,240,62,43,1,-1,-1,-1
1815,111,1156,241,61,40,1,-1,-1,-1
1816,111,1151,237,61,41,1,-1,-1,-1
1817,111,1148,236,60,42,1,-1,-1,-1
1818,111,1145,234,56,42,1,-1,-1,-1
1819,111,1138,232,59,42,1,-1,-1,-1
1820,111,1134,232,58,41,1,-1,-1,-1
1821,111,1130,232,58,38,1,-1,-1,-1
1822,111,1127,228,56,41,1,-1,-1,-1
1823,111,1126,228,53,39,1,-1,-1,-1
1824,111,1121,228,55,36,1,-1,-1,-1
1825,111,1118,226,52,36,1,-1,-1,-1
1826,111,1115,226,51,34,1,-1,-1,-1
1827,111,1109,221,54,36,1,-1,-1,-1
1828,111,1108,224,50,31,1,-1,-1,-1
1829,111,1104,222,50,32,1,-1,-1,-1
1830,111,1101,223,49,30,1,-1,-1,-1
1831,111,1097,219,47,33,1,-1,-1,-1
1832,111,1093,218,48,34,1,-1,-1,-1
1833,111,1091,217,47,32,1,-1,-1,-1
1834,111,1088,217,45,32,1,-1,-1,-1
1835,111,1085,214,46,34,1,-1,-1,-1
1836,111,1082,215,45,32,1,-1,-1,-1
1837,111,1078,215,46,30,1,-1,-1,-1
1838,111,1077,214,42,29,1,-1,-1,-1
1839,111,1076,212,40,29,1,-1,-1,-1
1840,111,1074,211,40,28,1,-1,-1,-1
1841,111,1069,210,42,29,1,-1,-1,-1
1842,111,1067,209,42,29,1,-1,-1,-1
1843,111,1062,209,43,27,1,-1,-1,-1
1844,111,1062,209,41,26,1,-1,-1,-1
1845,111,1058,208,41,26,1,-1,-1,-1
1846,111,1056,206,39,26,1,-1,-1,-1
1847,111,1054,207,38,25,1,-1,-1,-1
1848,111,1051,204,39,27,1,-1,-1,-1
1849,111,1049,205,37,26,1,-1,-1,-1
1850,111,1046,204,37,26,1,-1,-1,-1
1851,111,1043,204,38,26,1,-1,-1,-1
1852,111,1041,203,37,26,1,-1,-1,-1
1853,111,1039,203,37,26,1,-1,-1,-1
1854,111,1040,203,33,25,1,-1,-1,-1
1855,111,1037,202,32,24,1,-1,-1,-1
1856,111,1036,203,32,23,1,-1,-1,-1
1857,111,1034,202,31,24,1,-1,-1,-1
1858,111,1029,202,34,25,1,-1,-1,-1
1859,111,1027,199,36,27,1,-1,-1,-1
1860,111,1027,199,34,25,1,-1,-1,-1
1861,111,1024,197,34,27,1,-1,-1,-1
1862,111,1023,199,32,27,1,-1,-1,-1
1863,111,1022,198,32,26,1,-1,-1,-1
1864,111,1019,198,32,25,1,-1,-1,-1
1865,111,1020,197,30,26,1,-1,-1,-1
1866,111,1016,197,29,24,1,-1,-1,-1
1867,111,1015,198,29,25,1,-1,-1,-1
1868,111,1012,197,32,24,1,-1,-1,-1
1869,111,1012,196,30,25,1,-1,-1,-1
1870,111,1011,196,28,23,1,-1,-1,-1
1871,111,1009,195,30,23,1,-1,-1,-1
1872,111,1005,195,32,24,1,-1,-1,-1
1873,111,1003,195,30,24,1,-1,-1,-1
1874,111,1001,195,31,23,1,-1,-1,-1
1875,111,1002,194,28,23,1,-1,-1,-1
1876,111,1001,194,27,23,1,-1,-1,-1
1877,111,1000,193,27,23,1,-1,-1,-1
1882,111,997,193,24,22,1,-1,-1,-1
1840,115,1855,395,64,57,1,-1,-1,-1
1841,115,1813,381,106,70,1,-1,-1,-1
1842,115,1779,374,140,75,1,-1,-1,-1
1843,115,1739,368,180,82,1,-1,-1,-1
1844,115,1704,364,214,86,1,-1,-1,-1
1845,115,1666,364,239,82,1,-1,-1,-1
1846,115,1631,361,235,80,1,-1,-1,-1
1847,115,1601,356,227,81,1,-1,-1,-1
1848,115,1570,351,223,81,1,-1,-1,-1
1849,115,1539,346,222,81,1,-1,-1,-1
1850,115,1515,344,211,81,1,-1,-1,-1
1851,115,1488,340,205,79,1,-1,-1,-1
1852,115,1459,335,203,81,1,-1,-1,-1
1853,115,1441,331,190,78,1,-1,-1,-1
1854,115,1422,328,182,76,1,-1,-1,-1
1855,115,1402,324,174,76,1,-1,-1,-1
1856,115,1388,322,164,73,1,-1,-1,-1
1857,115,1374,318,155,72,1,-1,-1,-1
1858,115,1360,315,147,72,1,-1,-1,-1
1859,115,1350,312,136,70,1,-1,-1,-1
1860,115,1338,309,131,70,1,-1,-1,-1
1861,115,1328,306,124,69,1,-1,-1,-1
1862,115,1324,304,116,67,1,-1,-1,-1
1863,115,1317,300,109,66,1,-1,-1,-1
1864,115,1311,298,103,65,1,-1,-1,-1
1865,115,1304,295,101,65,1,-1,-1,-1
1866,115,1300,293,99,62,1,-1,-1,-1
1867,115,1295,291,94,61,1,-1,-1,-1
1868,115,1286,289,94,59,1,-1,-1,-1
1869,115,1281,286,92,60,1,-1,-1,-1
1870,115,1275,283,89,58,1,-1,-1,-1
1871,115,1272,280,85,57,1,-1,-1,-1
1872,115,1265,277,85,57,1,-1,-1,-1
1873,115,1259,276,84,56,1,-1,-1,-1
1874,115,1252,272,81,55,1,-1,-1,-1
1875,115,1247,270,80,54,1,-1,-1,-1
1876,115,1243,268,78,53,1,-1,-1,-1
1877,115,1238,266,76,53,1,-1,-1,-1
1878,115,1231,263,77,53,1,-1,-1,-1
1879,115,1227,261,75,51,1,-1,-1,-1
1880,115,1223,260,74,49,1,-1,-1,-1
1881,115,1219,259,71,48,1,-1,-1,-1
1882,115,1213,257,71,48,1,-1,-1,-1
1883,115,1209,255,70,47,1,-1,-1,-1
1884,115,1203,252,70,47,1,-1,-1,-1
1885,115,1200,250,67,47,1,-1,-1,-1
1886,115,1196,249,65,46,1,-1,-1,-1
1887,115,1195,247,62,46,1,-1,-1,-1
1888,115,1190,246,63,44,1,-1,-1,-1
1889,115,1183,243,63,44,1,-1,-1,-1
1890,115,1180,243,61,42,1,-1,-1,-1
1891,115,1176,240,61,43,1,-1,-1,-1
1892,115,1173,239,60,41,1,-1,-1,-1
1893,115,1170,238,59,41,1,-1,-1,-1
1894,115,1166,237,57,40,1,-1,-1,-1
1895,115,1161,235,58,39,1,-1,-1,-1
1896,115,1156,233,57,39,1,-1,-1,-1
1897,115,1151,231,58,41,1,-1,-1,-1
1898,115,1148,230,56,39,1,-1,-1,-1
1899,115,1145,228,52,39,1,-1,-1,-1
1900,115,1142,227,52,38,1,-1,-1,-1
1901,115,1135,226,53,38,1,-1,-1,-1
1902,115,1133,225,52,36,1,-1,-1,-1
1903,115,1129,224,50,34,1,-1,-1,-1
1904,115,1127,223,49,34,1,-1,-1,-1
1905,115,1124,222,48,33,1,-1,-1,-1
1906,115,1121,221,46,34,1,-1,-1,-1
1907,115,1117,219,47,33,1,-1,-1,-1
1908,115,1114,218,48,33,1,-1,-1,-1
1909,115,1111,215,47,35,1,-1,-1,-1
1910,115,1108,216,45,32,1,-1,-1,-1
1911,115,1105,215,45,33,1,-1,-1,-1
1912,115,1100,214,45,34,1,-1,-1,-1
1913,115,1098,214,44,31,1,-1,-1,-1
1914,115,1096,213,43,31,1,-1,-1,-1
1915,115,1092,212,44,30,1,-1,-1,-1
1916,115,1089,212,42,29,1,-1,-1,-1
1917,115,1089,211,40,31,1,-1,-1,-1
1918,115,1085,209,41,29,1,-1,-1,-1
1919,115,1084,208,39,29,1,-1,-1,-1
1920,115,1081,209,39,29,1,-1,-1,-1
1921,115,1079,208,38,26,1,-1,-1,-1
1922,115,1077,206,38,27,1,-1,-1,-1
1923,115,1073,205,39,28,1,-1,-1,-1
1924,115,1070,205,40,28,1,-1,-1,-1
1925,115,1070,204,36,27,1,-1,-1,-1
1926,115,1066,204,38,28,1,-1,-1,-1
1927,115,1063,203,37,29,1,-1,-1,-1
1928,115,1061,203,35,27,1,-1,-1,-1
1929,115,1057,203,36,26,1,-1,-1,-1
1930,115,1054,202,37,26,1,-1,-1,-1
1931,115,1054,202,36,27,1,-1,-1,-1
1932,115,1051,202,35,26,1,-1,-1,-1
1933,115,1050,202,36,26,1,-1,-1,-1
1934,115,1049,200,35,27,1,-1,-1,-1
1935,115,1046,200,37,27,1,-1,-1,-1
1936,115,1043,199,37,27,1,-1,-1,-1
1937,115,1040,199,36,28,1,-1,-1,-1
1938,115,1040,198,34,27,1,-1,-1,-1
1939,115,1039,199,31,25,1,-1,-1,-1
1940,115,1036,196,31,26,1,-1,-1,-1
1941,115,1035,198,31,24,1,-1,-1,-1
1942,115,1031,198,33,25,1,-1,-1,-1
1943,115,1026,196,35,25,1,-1,-1,-1
1944,115,1025,197,34,24,1,-1,-1,-1
1945,115,1025,197,32,24,1,-1,-1,-1
1946,115,1024,196,30,26,1,-1,-1,-1
1947,115,1021,194,33,25,1,-1,-1,-1
1948,115,1021,195,32,26,1,-1,-1,-1
1949,115,1019,194,32,25,1,-1,-1,-1
1950,115,1018,194,31,26,1,-1,-1,-1
1951,115,1017,193,29,26,1,-1,-1,-1
1952,115,1015,192,28,25,1,-1,-1,-1
1953,115,1013,192,30,24,1,-1,-1,-1
1954,115,1011,192,30,25,1,-1,-1,-1
1955,115,1006,192,33,24,1,-1,-1,-1
1956,115,1007,192,32,23,1,-1,-1,-1
1957,115,1006,192,28,23,1,-1,-1,-1
1958,115,1006,192,27,22,1,-1,-1,-1
1959,115,1002,191,29,23,1,-1,-1,-1
1960,115,1002,190,29,23,1,-1,-1,-1
1961,115,1001,190,28,24,1,-1,-1,-1
1962,115,1001,191,26,23,1,-1,-1,-1
1963,115,1001,190,25,24,1,-1,-1,-1
1964,115,1001,189,24,24,1,-1,-1,-1
1965,115,999,189,27,23,1,-1,-1,-1
1966,115,998,188,24,24,1,-1,-1,-1
1967,115,997,189,25,23,1,-1,-1,-1
1968,115,996,188,24,24,1,-1,-1,-1
1969,115,994,189,24,23,1,-1,-1,-1
1970,115,992,189,24,22,1,-1,-1,-1
1971,115,992,188,25,24,1,-1,-1,-1
1972,115,992,189,24,23,1,-1,-1,-1
1973,115,991,188,23,23,1,-1,-1,-1
1974,115,990,189,24,22,1,-1,-1,-1
871,118,840,163,22,29,1,-1,-1,-1
872,118,841,163,21,28,1,-1,-1,-1
876,118,843,166,21,27,1,-1,-1,-1
877,118,842,166,21,27,1,-1,-1,-1
878,118,842,166,21,28,1,-1,-1,-1
879,118,842,169,21,26,1,-1,-1,-1
880,118,842,168,21,27,1,-1,-1,-1
881,118,842,169,20,27,1,-1,-1,-1
882,118,842,169,20,27,1,-1,-1,-1
883,118,842,169,20,27,1,-1,-1,-1
888,118,840,169,22,26,1,-1,-1,-1
889,118,838,168,23,28,1,-1,-1,-1
890,118,839,168,23,27,1,-1,-1,-1
891,118,839,167,23,29,1,-1,-1,-1
892,118,838,167,23,31,1,-1,-1,-1
893,118,838,167,22,31,1,-1,-1,-1
894,118,837,168,24,29,1,-1,-1,-1
895,118,837,169,25,28,1,-1,-1,-1
896,118,838,169,24,28,1,-1,-1,-1
897,118,838,169,24,28,1,-1,-1,-1
898,118,838,170,25,28,1,-1,-1,-1
899,118,838,171,24,27,1,-1,-1,-1
901,118,832,171,32,27,1,-1,-1,-1
905,118,833,173,28,27,1,-1,-1,-1
906,118,833,173,29,28,1,-1,-1,-1
907,118,833,173,28,28,1,-1,-1,-1
908,118,833,174,28,28,1,-1,-1,-1
909,118,830,173,30,29,1,-1,-1,-1
910,118,829,173,32,29,1,-1,-1,-1
911,118,829,172,33,30,1,-1,-1,-1
912,118,830,173,33,29,1,-1,-1,-1
915,118,832,171,30,28,1,-1,-1,-1
916,118,828,170,33,34,1,-1,-1,-1
917,118,825,171,37,33,1,-1,-1,-1
918,118,824,172,37,33,1,-1,-1,-1
919,118,824,173,37,33,1,-1,-1,-1
920,118,825,173,35,32,1,-1,-1,-1
921,118,825,175,35,29,1,-1,-1,-1
922,118,825,175,35,29,1,-1,-1,-1
923,118,825,176,35,28,1,-1,-1,-1
925,118,825,177,36,28,1,-1,-1,-1
926,118,825,177,36,28,1,-1,-1,-1
927,118,825,176,35,30,1,-1,-1,-1
928,118,824,176,37,30,1,-1,-1,-1
929,118,824,176,36,31,1,-1,-1,-1
930,118,824,177,36,30,1,-1,-1,-1
931,118,823,172,39,34,1,-1,-1,-1
932,118,822,172,39,34,1,-1,-1,-1
933,118,822,170,39,35,1,-1,-1,-1
934,118,822,170,39,36,1,-1,-1,-1
935,118,823,172,37,36,1,-1,-1,-1
936,118,823,176,36,32,1,-1,-1,-1
937,118,824,179,35,31,1,-1,-1,-1
938,118,824,180,35,30,1,-1,-1,-1
939,118,823,178,36,31,1,-1,-1,-1
940,118,823,179,36,31,1,-1,-1,-1
941,118,821,180,36,31,1,-1,-1,-1
942,118,822,180,35,31,1,-1,-1,-1
943,118,821,178,38,33,1,-1,-1,-1
944,118,821,177,39,33,1,-1,-1,-1
945,118,821,177,39,35,1,-1,-1,-1
946,118,821,178,38,35,1,-1,-1,-1
947,118,820,178,39,35,1,-1,-1,-1
948,118,819,176,40,39,1,-1,-1,-1
949,118,818,175,42,42,1,-1,-1,-1
950,118,819,177,40,39,1,-1,-1,-1
951,118,817,185,40,34,1,-1,-1,-1
952,118,818,184,38,34,1,-1,-1,-1
953,118,816,184,39,35,1,-1,-1,-1
954,118,816,182,39,36,1,-1,-1,-1
955,118,815,183,41,35,1,-1,-1,-1
956,118,816,184,40,35,1,-1,-1,-1
957,118,816,185,40,34,1,-1,-1,-1
958,118,816,186,40,33,1,-1,-1,-1
959,118,815,186,40,34,1,-1,-1,-1
960,118,814,184,43,37,1,-1,-1,-1
961,118,814,190,40,30,1,-1,-1,-1
962,118,814,189,42,31,1,-1,-1,-1
963,118,814,187,42,33,1,-1,-1,-1
964,118,812,188,43,34,1,-1,-1,-1
965,118,812,188,42,34,1,-1,-1,-1
966,118,811,186,44,37,1,-1,-1,-1
967,118,811,187,44,36,1,-1,-1,-1
968,118,808,188,46,35,1,-1,-1,-1
969,118,807,188,48,36,1,-1,-1,-1
970,118,807,189,48,36,1,-1,-1,-1
971,118,806,187,50,38,1,-1,-1,-1
972,118,806,186,51,41,1,-1,-1,-1
973,118,806,187,48,39,1,-1,-1,-1
974,118,805,189,48,39,1,-1,-1,-1
975,118,804,190,48,38,1,-1,-1,-1
976,118,803,190,48,39,1,-1,-1,-1
977,118,802,190,46,39,1,-1,-1,-1
978,118,802,192,43,40,1,-1,-1,-1
979,118,801,190,49,41,1,-1,-1,-1
980,118,800,194,46,39,1,-1,-1,-1
981,118,802,194,46,39,1,-1,-1,-1
982,118,802,193,45,41,1,-1,-1,-1
983,118,802,193,46,41,1,-1,-1,-1
984,118,802,188,47,46,1,-1,-1,-1
985,118,802,194,42,44,1,-1,-1,-1
986,118,799,193,48,46,1,-1,-1,-1
987,118,799,192,52,47,1,-1,-1,-1
988,118,800,199,48,43,1,-1,-1,-1
989,118,799,196,47,47,1,-1,-1,-1
990,118,798,196,52,46,1,-1,-1,-1
991,118,799,190,52,53,1,-1,-1,-1
992,118,798,189,55,56,1,-1,-1,-1
993,118,798,189,54,56,1,-1,-1,-1
994,118,799,194,53,53,1,-1,-1,-1
995,118,799,193,56,53,1,-1,-1,-1
996,118,799,200,53,49,1,-1,-1,-1
997,118,800,202,53,48,1,-1,-1,-1
998,118,800,195,57,55,1,-1,-1,-1
999,118,800,197,57,55,1,-1,-1,-1
1000,118,800,199,56,53,1,-1,-1,-1
1001,118,803,196,55,56,1,-1,-1,-1
1002,118,803,195,54,61,1,-1,-1,-1
1003,118,803,197,54,59,1,-1,-1,-1
1004,118,804,218,54,39,1,-1,-1,-1
1005,118,805,216,54,44,1,-1,-1,-1
1006,118,804,214,59,47,1,-1,-1,-1
1007,118,806,218,59,44,1,-1,-1,-1
1008,118,810,220,57,44,1,-1,-1,-1
1009,118,811,218,59,48,1,-1,-1,-1
1010,118,814,223,58,46,1,-1,-1,-1
1011,118,815,219,59,49,1,-1,-1,-1
1012,118,817,221,61,51,1,-1,-1,-1
1013,118,817,220,63,52,1,-1,-1,-1
1014,118,820,225,63,49,1,-1,-1,-1
1015,118,823,224,64,51,1,-1,-1,-1
1016,118,824,223,66,53,1,-1,-1,-1
1017,118,825,223,67,55,1,-1,-1,-1
1018,118,827,223,68,58,1,-1,-1,-1
1019,118,830,226,68,58,1,-1,-1,-1
1020,118,831,225,69,59,1,-1,-1,-1
1021,118,832,223,70,63,1,-1,-1,-1
1022,118,834,227,72,60,1,-1,-1,-1
1023,118,836,228,72,61,1,-1,-1,-1
1024,118,839,228,74,63,1,-1,-1,-1
1025,118,842,229,72,62,1,-1,-1,-1
1026,118,843,230,75,64,1,-1,-1,-1
1027,118,845,232,74,64,1,-1,-1,-1
1028,118,846,233,75,66,1,-1,-1,-1
1029,118,847,234,76,67,1,-1,-1,-1
1030,118,849,236,76,68,1,-1,-1,-1
1031,118,850,237,76,69,1,-1,-1,-1
1032,118,851,238,77,70,1,-1,-1,-1
1033,118,852,241,81,68,1,-1,-1,-1
1034,118,853,242,80,72,1,-1,-1,-1
1035,118,855,243,81,73,1,-1,-1,-1
1036,118,857,242,81,77,1,-1,-1,-1
1037,118,858,247,79,73,1,-1,-1,-1
1038,118,860,247,81,74,1,-1,-1,-1
1039,118,862,250,79,76,1,-1,-1,-1
1040,118,863,249,80,79,1,-1,-1,-1
1041,118,862,251,82,79,1,-1,-1,-1
1042,118,862,253,82,78,1,-1,-1,-1
1043,118,862,254,85,80,1,-1,-1,-1
1044,118,863,256,83,80,1,-1,-1,-1
1045,118,863,256,85,85,1,-1,-1,-1
1046,118,863,259,86,85,1,-1,-1,-1
1047,118,863,256,87,90,1,-1,-1,-1
1048,118,863,258,88,91,1,-1,-1,-1
1049,118,863,259,91,91,1,-1,-1,-1
1050,118,864,264,89,90,1,-1,-1,-1
1051,118,865,269,90,88,1,-1,-1,-1
1052,118,865,271,91,88,1,-1,-1,-1
1053,118,867,272,91,89,1,-1,-1,-1
1054,118,866,272,93,92,1,-1,-1,-1
1055,118,865,273,95,94,1,-1,-1,-1
1056,118,866,273,94,98,1,-1,-1,-1
1057,118,867,280,96,93,1,-1,-1,-1
1058,118,867,285,96,90,1,-1,-1,-1
1059,118,866,285,98,93,1,-1,-1,-1
1060,118,866,285,99,96,1,-1,-1,-1
1061,118,866,284,99,98,1,-1,-1,-1
1062,118,866,285,102,99,1,-1,-1,-1
1063,118,866,285,102,102,1,-1,-1,-1
1064,118,866,288,104,102,1,-1,-1,-1
1065,118,866,286,105,108,1,-1,-1,-1
1066,118,866,290,105,105,1,-1,-1,-1
1067,118,868,292,104,107,1,-1,-1,-1
1068,118,867,296,106,103,1,-1,-1,-1
1069,118,868,300,106,102,1,-1,-1,-1
1070,118,868,303,108,101,1,-1,-1,-1
1071,118,867,304,111,102,1,-1,-1,-1
1072,118,867,308,110,99,1,-1,-1,-1
1073,118,867,310,111,99,1,-1,-1,-1
1074,118,867,312,114,101,1,-1,-1,-1
1075,118,867,310,114,104,1,-1,-1,-1
1076,118,867,312,113,104,1,-1,-1,-1
1077,118,867,310,116,106,1,-1,-1,-1
1078,118,868,311,117,109,1,-1,-1,-1
1079,118,869,313,116,109,1,-1,-1,-1
1080,118,867,313,118,111,1,-1,-1,-1
1081,118,868,313,119,112,1,-1,-1,-1
1082,118,868,318,119,109,1,-1,-1,-1
1083,118,867,319,120,109,1,-1,-1,-1
1084,118,868,319,119,109,1,-1,-1,-1
1085,118,867,321,120,109,1,-1,-1,-1
1086,118,866,322,122,110,1,-1,-1,-1
1087,118,866,319,123,113,1,-1,-1,-1
1088,118,867,320,123,114,1,-1,-1,-1
1089,118,868,321,123,113,1,-1,-1,-1
1090,118,867,323,123,111,1,-1,-1,-1
1091,118,867,324,123,112,1,-1,-1,-1
1092,118,867,324,123,112,1,-1,-1,-1
1093,118,866,322,125,114,1,-1,-1,-1
1094,118,867,323,125,115,1,-1,-1,-1
1095,118,866,324,126,114,1,-1,-1,-1
1096,118,869,326,124,114,1,-1,-1,-1
1097,118,868,325,125,114,1,-1,-1,-1
1098,118,868,325,125,114,1,-1,-1,-1
1099,118,867,324,125,115,1,-1,-1,-1
1100,118,867,325,125,115,1,-1,-1,-1
1101,118,869,326,123,115,1,-1,-1,-1
1102,118,868,326,124,115,1,-1,-1,-1
1103,118,868,325,124,116,1,-1,-1,-1
1104,118,868,327,124,114,1,-1,-1,-1
1105,118,868,327,124,114,1,-1,-1,-1
1106,118,868,328,124,113,1,-1,-1,-1
1107,118,867,327,125,114,1,-1,-1,-1
1108,118,867,329,126,113,1,-1,-1,-1
1109,118,867,329,125,113,1,-1,-1,-1
1110,118,867,328,125,114,1,-1,-1,-1
1111,118,867,328,126,113,1,-1,-1,-1
1112,118,867,329,126,112,1,-1,-1,-1
1113,118,867,329,125,112,1,-1,-1,-1
1114,118,868,328,125,114,1,-1,-1,-1
1115,118,868,329,125,113,1,-1,-1,-1
1116,118,867,330,125,111,1,-1,-1,-1
1117,118,868,330,125,112,1,-1,-1,-1
1118,118,868,330,124,111,1,-1,-1,-1
1119,118,868,331,124,111,1,-1,-1,-1
1120,118,868,331,125,111,1,-1,-1,-1
1121,118,868,331,125,111,1,-1,-1,-1
1122,118,868,331,125,111,1,-1,-1,-1
1123,118,868,331,125,111,1,-1,-1,-1
1124,118,868,331,125,111,1,-1,-1,-1
1125,118,868,331,124,111,1,-1,-1,-1
1126,118,869,331,124,111,1,-1,-1,-1
1127,118,868,331,124,112,1,-1,-1,-1
1128,118,868,331,124,111,1,-1,-1,-1
1129,118,868,331,124,111,1,-1,-1,-1
1130,118,868,331,124,111,1,-1,-1,-1
1131,118,867,329,125,112,1,-1,-1,-1
1132,118,867,330,125,112,1,-1,-1,-1
1133,118,867,330,125,111,1,-1,-1,-1
1134,118,867,331,125,111,1,-1,-1,-1
1135,118,867,330,125,111,1,-1,-1,-1
1136,118,867,330,125,112,1,-1,-1,-1
1137,118,867,330,125,112,1,-1,-1,-1
1138,118,867,330,125,111,1,-1,-1,-1
1139,118,867,330,125,111,1,-1,-1,-1
1140,118,867,330,125,111,1,-1,-1,-1
1141,118,867,329,127,114,1,-1,-1,-1
1142,118,867,329,126,114,1,-1,-1,-1
1143,118,867,330,126,113,1,-1,-1,-1
1144,118,867,329,126,114,1,-1,-1,-1
1145,118,867,328,126,115,1,-1,-1,-1
1146,118,868,327,125,115,1,-1,-1,-1
1147,118,867,329,125,113,1,-1,-1,-1
1148,118,867,327,126,115,1,-1,-1,-1
1149,118,867,327,126,115,1,-1,-1,-1
1150,118,867,327,126,115,1,-1,-1,-1
1151,118,867,327,126,115,1,-1,-1,-1
1152,118,868,328,126,114,1,-1,-1,-1
1153,118,868,329,124,113,1,-1,-1,-1
1154,118,868,326,126,116,1,-1,-1,-1
1155,118,867,326,125,116,1,-1,-1,-1
1156,118,867,324,126,118,1,-1,-1,-1
1157,118,867,327,126,114,1,-1,-1,-1
1158,118,867,328,125,114,1,-1,-1,-1
1159,118,868,327,125,115,1,-1,-1,-1
1160,118,868,328,124,114,1,-1,-1,-1
1161,118,868,330,125,113,1,-1,-1,-1
1162,118,868,330,124,112,1,-1,-1,-1
1163,118,868,330,125,112,1,-1,-1,-1
1164,118,868,329,124,112,1,-1,-1,-1
1165,118,868,328,124,114,1,-1,-1,-1
1166,118,868,327,125,115,1,-1,-1,-1
1167,118,868,328,124,113,1,-1,-1,-1
1168,118,867,328,125,114,1,-1,-1,-1
1169,118,868,327,125,115,1,-1,-1,-1
1170,118,868,330,125,112,1,-1,-1,-1
1171,118,868,328,125,114,1,-1,-1,-1
1172,118,868,326,125,115,1,-1,-1,-1
1173,118,868,324,125,117,1,-1,-1,-1
1174,118,868,328,125,114,1,-1,-1,-1
1175,118,868,329,125,113,1,-1,-1,-1
1176,118,868,328,124,114,1,-1,-1,-1
1177,118,868,326,125,115,1,-1,-1,-1
1178,118,868,324,125,117,1,-1,-1,-1
1179,118,868,325,125,116,1,-1,-1,-1
1180,118,868,328,124,114,1,-1,-1,-1
1181,118,868,330,126,113,1,-1,-1,-1
1182,118,869,329,125,114,1,-1,-1,-1
1183,118,868,329,125,113,1,-1,-1,-1
1184,118,869,329,124,113,1,-1,-1,-1
1185,118,869,329,124,113,1,-1,-1,-1
1186,118,869,329,124,113,1,-1,-1,-1
1187,118,868,329,125,113,1,-1,-1,-1
1188,118,868,329,126,114,1,-1,-1,-1
1189,118,868,329,125,113,1,-1,-1,-1
1190,118,868,329,125,113,1,-1,-1,-1
1191,118,867,331,126,112,1,-1,-1,-1
1192,118,867,331,126,112,1,-1,-1,-1
1193,118,867,331,126,113,1,-1,-1,-1
1194,118,868,330,124,112,1,-1,-1,-1
1195,118,868,329,125,114,1,-1,-1,-1
1196,118,868,330,125,113,1,-1,-1,-1
1197,118,869,330,125,113,1,-1,-1,-1
1198,118,868,330,126,112,1,-1,-1,-1
1199,118,868,330,125,111,1,-1,-1,-1
1200,118,868,330,126,112,1,-1,-1,-1
1201,118,868,330,127,112,1,-1,-1,-1
1202,118,868,330,126,113,1,-1,-1,-1
1203,118,868,329,125,113,1,-1,-1,-1
1204,118,867,330,127,113,1,-1,-1,-1
1205,118,868,330,125,112,1,-1,-1,-1
1206,118,868,329,125,113,1,-1,-1,-1
1207,118,868,329,127,114,1,-1,-1,-1
1208,118,867,330,127,113,1,-1,-1,-1
1209,118,868,330,127,113,1,-1,-1,-1
1210,118,868,330,126,111,1,-1,-1,-1
1211,118,868,330,127,111,1,-1,-1,-1
1212,118,868,330,127,111,1,-1,-1,-1
1213,118,868,330,127,110,1,-1,-1,-1
1214,118,867,330,127,111,1,-1,-1,-1
1215,118,867,329,126,112,1,-1,-1,-1
1216,118,867,329,126,112,1,-1,-1,-1
1217,118,867,330,126,112,1,-1,-1,-1
1218,118,867,329,127,113,1,-1,-1,-1
1219,118,867,329,127,112,1,-1,-1,-1
1220,118,867,330,126,112,1,-1,-1,-1
1221,118,868,327,127,115,1,-1,-1,-1
1222,118,868,330,125,111,1,-1,-1,-1
1223,118,868,327,127,115,1,-1,-1,-1
1224,118,867,330,126,111,1,-1,-1,-1
1225,118,868,330,126,111,1,-1,-1,-1
1226,118,868,330,126,111,1,-1,-1,-1
1227,118,867,330,126,111,1,-1,-1,-1
1228,118,867,326,127,115,1,-1,-1,-1
1229,118,867,329,125,113,1,-1,-1,-1
1230,118,867,329,125,113,1,-1,-1,-1
1231,118,868,330,125,112,1,-1,-1,-1
1232,118,868,330,124,112,1,-1,-1,-1
1233,118,868,328,126,114,1,-1,-1,-1
1234,118,868,330,125,112,1,-1,-1,-1
1235,118,868,331,125,111,1,-1,-1,-1
1236,118,868,331,125,111,1,-1,-1,-1
1237,118,868,331,125,111,1,-1,-1,-1
1238,118,868,331,125,110,1,-1,-1,-1
1239,118,868,330,125,111,1,-1,-1,-1
1240,118,868,330,126,112,1,-1,-1,-1
1241,118,868,330,125,112,1,-1,-1,-1
1242,118,868,330,124,112,1,-1,-1,-1
1243,118,868,330,125,113,1,-1,-1,-1
1244,118,868,330,125,113,1,-1,-1,-1
1245,118,868,330,126,113,1,-1,-1,-1
1246,118,868,330,124,112,1,-1,-1,-1
1247,118,869,330,125,112,1,-1,-1,-1
1248,118,868,329,125,112,1,-1,-1,-1
1249,118,868,329,126,113,1,-1,-1,-1
1250,118,868,328,126,113,1,-1,-1,-1
1251,118,869,330,124,111,1,-1,-1,-1
1252,118,869,330,125,111,1,-1,-1,-1
1253,118,869,330,124,111,1,-1,-1,-1
1254,118,869,327,125,114,1,-1,-1,-1
1255,118,869,329,124,112,1,-1,-1,-1
1256,118,869,329,124,112,1,-1,-1,-1
1257,118,869,329,124,113,1,-1,-1,-1
1258,118,868,327,126,115,1,-1,-1,-1
1259,118,868,329,125,112,1,-1,-1,-1
1260,118,868,327,126,114,1,-1,-1,-1
1261,118,868,330,125,111,1,-1,-1,-1
1262,118,868,330,125,111,1,-1,-1,-1
1263,118,867,330,125,111,1,-1,-1,-1
1264,118,867,330,125,111,1,-1,-1,-1
1265,118,867,330,125,111,1,-1,-1,-1
1266,118,867,330,125,111,1,-1,-1,-1
1267,118,867,330,125,111,1,-1,-1,-1
1268,118,868,330,125,111,1,-1,-1,-1
1269,118,868,330,125,111,1,-1,-1,-1
1270,118,868,331,125,111,1,-1,-1,-1
1271,118,868,331,125,111,1,-1,-1,-1
1272,118,867,331,126,111,1,-1,-1,-1
1273,118,868,331,125,111,1,-1,-1,-1
1274,118,868,331,125,111,1,-1,-1,-1
1275,118,868,330,125,111,1,-1,-1,-1
1276,118,868,330,125,111,1,-1,-1,-1
1277,118,868,330,125,112,1,-1,-1,-1
1278,118,868,330,125,112,1,-1,-1,-1
1279,118,868,330,125,111,1,-1,-1,-1
1280,118,868,330,125,111,1,-1,-1,-1
1281,118,867,329,125,112,1,-1,-1,-1
1282,118,868,329,125,112,1,-1,-1,-1
1283,118,867,329,125,112,1,-1,-1,-1
1284,118,867,330,125,112,1,-1,-1,-1
1285,118,867,329,125,112,1,-1,-1,-1
1286,118,867,330,125,111,1,-1,-1,-1
1287,118,867,330,126,112,1,-1,-1,-1
1288,118,867,330,126,112,1,-1,-1,-1
1289,118,867,330,126,111,1,-1,-1,-1
1290,118,867,329,127,113,1,-1,-1,-1
1291,118,868,330,125,111,1,-1,-1,-1
1292,118,868,330,125,111,1,-1,-1,-1
1293,118,868,330,126,111,1,-1,-1,-1
1294,118,867,331,127,111,1,-1,-1,-1
1295,118,867,331,127,111,1,-1,-1,-1
1296,118,867,330,127,111,1,-1,-1,-1
1297,118,867,331,126,111,1,-1,-1,-1
1298,118,867,330,126,111,1,-1,-1,-1
1299,118,867,331,126,111,1,-1,-1,-1
1300,118,867,330,126,111,1,-1,-1,-1
1301,118,868,331,126,111,1,-1,-1,-1
1302,118,868,331,126,111,1,-1,-1,-1
1303,118,868,331,125,111,1,-1,-1,-1
1304,118,868,331,125,111,1,-1,-1,-1
1305,118,867,331,125,111,1,-1,-1,-1
1306,118,867,331,125,111,1,-1,-1,-1
1307,118,867,331,126,111,1,-1,-1,-1
1308,118,868,332,125,110,1,-1,-1,-1
1309,118,869,331,124,111,1,-1,-1,-1
1310,118,869,332,124,110,1,-1,-1,-1
1311,118,868,331,124,111,1,-1,-1,-1
1312,118,869,331,124,111,1,-1,-1,-1
1313,118,869,331,124,111,1,-1,-1,-1
1314,118,868,331,125,111,1,-1,-1,-1
1315,118,867,331,125,110,1,-1,-1,-1
1316,118,868,331,126,110,1,-1,-1,-1
1317,118,868,331,125,110,1,-1,-1,-1
1318,118,868,331,125,110,1,-1,-1,-1
1319,118,868,331,125,111,1,-1,-1,-1
1320,118,868,332,125,110,1,-1,-1,-1
1321,118,867,332,126,110,1,-1,-1,-1
1322,118,867,332,126,110,1,-1,-1,-1
1323,118,867,331,126,110,1,-1,-1,-1
1324,118,867,331,125,111,1,-1,-1,-1
1325,118,867,331,125,111,1,-1,-1,-1
1326,118,868,331,125,110,1,-1,-1,-1
1327,118,867,330,126,112,1,-1,-1,-1
1328,118,867,331,125,110,1,-1,-1,-1
1329,118,867,329,126,113,1,-1,-1,-1
1330,118,868,331,125,110,1,-1,-1,-1
1331,118,868,332,124,109,1,-1,-1,-1
1332,118,868,332,124,109,1,-1,-1,-1
1333,118,868,331,124,110,1,-1,-1,-1
1334,118,868,331,125,111,1,-1,-1,-1
1335,118,868,331,124,111,1,-1,-1,-1
1336,118,868,331,124,111,1,-1,-1,-1
1337,118,868,331,124,111,1,-1,-1,-1
1338,118,868,331,124,111,1,-1,-1,-1
1339,118,868,332,124,111,1,-1,-1,-1
1340,118,868,331,124,111,1,-1,-1,-1
1341,118,867,332,125,110,1,-1,-1,-1
1342,118,867,331,125,110,1,-1,-1,-1
1343,118,867,332,125,110,1,-1,-1,-1
1344,118,868,332,124,110,1,-1,-1,-1
1345,118,867,332,125,110,1,-1,-1,-1
1346,118,867,331,125,110,1,-1,-1,-1
1347,118,867,331,126,111,1,-1,-1,-1
1348,118,867,331,126,111,1,-1,-1,-1
1349,118,867,331,125,111,1,-1,-1,-1
1350,118,867,331,125,111,1,-1,-1,-1
1351,118,868,332,124,110,1,-1,-1,-1
1352,118,868,332,124,110,1,-1,-1,-1
1353,118,868,332,125,110,1,-1,-1,-1
1354,118,867,332,126,111,1,-1,-1,-1
1355,118,868,332,124,110,1,-1,-1,-1
1356,118,867,331,126,111,1,-1,-1,-1
1357,118,868,332,125,110,1,-1,-1,-1
1358,118,868,332,125,110,1,-1,-1,-1
1359,118,867,332,125,110,1,-1,-1,-1
1360,118,867,331,125,110,1,-1,-1,-1
1361,118,868,332,124,110,1,-1,-1,-1
1362,118,868,332,125,110,1,-1,-1,-1
1363,118,868,332,125,110,1,-1,-1,-1
1364,118,868,332,124,110,1,-1,-1,-1
1365,118,868,332,124,110,1,-1,-1,-1
1366,118,869,331,125,111,1,-1,-1,-1
1367,118,869,331,125,111,1,-1,-1,-1
1368,118,869,330,123,112,1,-1,-1,-1
1369,118,869,331,124,112,1,-1,-1,-1
1370,118,868,330,126,112,1,-1,-1,-1
1371,118,868,332,124,110,1,-1,-1,-1
1372,118,869,332,124,110,1,-1,-1,-1
1373,118,868,331,125,111,1,-1,-1,-1
1374,118,867,331,125,110,1,-1,-1,-1
1375,118,867,331,126,110,1,-1,-1,-1
1376,118,867,332,126,110,1,-1,-1,-1
1377,118,868,331,125,110,1,-1,-1,-1
1378,118,868,331,126,111,1,-1,-1,-1
1379,118,868,330,124,111,1,-1,-1,-1
1380,118,868,330,124,111,1,-1,-1,-1
1381,118,868,329,125,112,1,-1,-1,-1
1382,118,868,329,125,113,1,-1,-1,-1
1383,118,868,330,126,113,1,-1,-1,-1
1384,118,868,329,125,113,1,-1,-1,-1
1385,118,867,331,127,112,1,-1,-1,-1
1386,118,868,330,125,112,1,-1,-1,-1
1387,118,867,330,127,113,1,-1,-1,-1
1388,118,868,330,125,112,1,-1,-1,-1
1389,118,868,330,125,112,1,-1,-1,-1
1390,118,868,330,124,111,1,-1,-1,-1
1391,118,867,331,125,111,1,-1,-1,-1
1392,118,868,331,125,112,1,-1,-1,-1
1393,118,868,329,125,113,1,-1,-1,-1
1394,118,868,328,126,114,1,-1,-1,-1
1395,118,868,331,126,112,1,-1,-1,-1
1396,118,868,330,126,112,1,-1,-1,-1
1397,118,868,330,126,112,1,-1,-1,-1
1398,118,868,330,125,112,1,-1,-1,-1
1399,118,867,330,125,111,1,-1,-1,-1
1400,118,867,331,125,111,1,-1,-1,-1
1401,118,868,331,124,111,1,-1,-1,-1
1402,118,868,331,125,111,1,-1,-1,-1
1403,118,868,331,124,111,1,-1,-1,-1
1404,118,868,331,125,111,1,-1,-1,-1
1405,118,868,331,125,111,1,-1,-1,-1
1406,118,868,330,125,112,1,-1,-1,-1
1407,118,868,330,125,112,1,-1,-1,-1
1408,118,868,330,125,112,1,-1,-1,-1
1409,118,868,330,125,112,1,-1,-1,-1
1410,118,868,328,125,113,1,-1,-1,-1
1411,118,868,331,126,112,1,-1,-1,-1
1412,118,868,331,126,112,1,-1,-1,-1
1413,118,868,331,124,111,1,-1,-1,-1
1414,118,868,331,124,111,1,-1,-1,-1
1415,118,868,331,124,111,1,-1,-1,-1
1416,118,868,332,125,110,1,-1,-1,-1
1417,118,867,331,125,111,1,-1,-1,-1
1418,118,867,331,125,111,1,-1,-1,-1
1419,118,868,329,126,113,1,-1,-1,-1
1420,118,868,331,125,111,1,-1,-1,-1
1421,118,868,331,126,112,1,-1,-1,-1
1422,118,868,331,126,111,1,-1,-1,-1
1423,118,869,331,127,111,1,-1,-1,-1
1424,118,869,331,126,112,1,-1,-1,-1
1425,118,868,331,126,112,1,-1,-1,-1
1426,118,868,330,126,112,1,-1,-1,-1
1427,118,867,331,126,112,1,-1,-1,-1
1428,118,868,331,125,111,1,-1,-1,-1
1429,118,868,332,125,110,1,-1,-1,-1
1430,118,867,332,125,109,1,-1,-1,-1
1431,118,867,330,126,112,1,-1,-1,-1
1432,118,867,332,126,111,1,-1,-1,-1
1433,118,867,331,125,111,1,-1,-1,-1
1434,118,868,330,124,112,1,-1,-1,-1
1435,118,868,329,125,113,1,-1,-1,-1
1436,118,867,328,126,114,1,-1,-1,-1
1437,118,869,328,125,113,1,-1,-1,-1
1438,118,868,326,126,115,1,-1,-1,-1
1439,118,868,331,125,111,1,-1,-1,-1
1440,118,867,329,126,114,1,-1,-1,-1
1441,118,867,331,125,112,1,-1,-1,-1
1442,118,867,330,125,112,1,-1,-1,-1
1443,118,867,330,127,112,1,-1,-1,-1
1444,118,866,328,127,113,1,-1,-1,-1
1445,118,865,326,127,116,1,-1,-1,-1
1446,118,866,327,127,114,1,-1,-1,-1
1447,118,867,331,125,111,1,-1,-1,-1
1448,118,867,330,125,112,1,-1,-1,-1
1449,118,868,329,125,113,1,-1,-1,-1
1450,118,868,330,125,112,1,-1,-1,-1
1451,118,868,330,125,112,1,-1,-1,-1
1452,118,868,330,125,112,1,-1,-1,-1
1453,118,868,330,124,112,1,-1,-1,-1
1454,118,868,331,124,111,1,-1,-1,-1
1455,118,868,330,124,112,1,-1,-1,-1
1456,118,868,331,124,111,1,-1,-1,-1
1457,118,868,331,125,111,1,-1,-1,-1
1458,118,868,331,125,110,1,-1,-1,-1
1459,118,868,331,125,110,1,-1,-1,-1
1460,118,868,331,125,111,1,-1,-1,-1
1461,118,868,332,125,110,1,-1,-1,-1
1462,118,867,331,125,111,1,-1,-1,-1
1463,118,868,330,124,111,1,-1,-1,-1
1464,118,868,330,125,112,1,-1,-1,-1
1465,118,867,331,125,111,1,-1,-1,-1
1466,118,867,331,125,111,1,-1,-1,-1
1467,118,867,331,125,111,1,-1,-1,-1
1468,118,867,331,125,111,1,-1,-1,-1
1469,118,867,332,125,109,1,-1,-1,-1
1470,118,866,330,127,112,1,-1,-1,-1
1471,118,866,330,127,112,1,-1,-1,-1
1472,118,866,330,127,112,1,-1,-1,-1
1473,118,866,330,127,112,1,-1,-1,-1
1474,118,866,330,127,112,1,-1,-1,-1
1475,118,867,332,125,110,1,-1,-1,-1
1476,118,867,330,126,112,1,-1,-1,-1
1477,118,867,331,125,110,1,-1,-1,-1
1478,118,868,330,124,111,1,-1,-1,-1
1479,118,868,331,124,111,1,-1,-1,-1
1480,118,868,330,124,111,1,-1,-1,-1
1481,118,868,329,125,113,1,-1,-1,-1
1482,118,868,330,125,112,1,-1,-1,-1
1483,118,867,330,125,112,1,-1,-1,-1
1484,118,866,328,127,114,1,-1,-1,-1
1485,118,866,327,127,114,1,-1,-1,-1
1486,118,867,331,125,110,1,-1,-1,-1
1487,118,867,331,125,110,1,-1,-1,-1
1488,118,867,329,126,113,1,-1,-1,-1
1489,118,866,332,127,110,1,-1,-1,-1
1490,118,867,332,125,110,1,-1,-1,-1
1491,118,867,331,126,111,1,-1,-1,-1
1492,118,868,331,125,111,1,-1,-1,-1
1493,118,867,330,125,112,1,-1,-1,-1
1494,118,867,330,125,112,1,-1,-1,-1
1495,118,867,330,125,112,1,-1,-1,-1
1496,118,867,330,125,111,1,-1,-1,-1
1497,118,867,330,125,111,1,-1,-1,-1
1498,118,867,330,126,111,1,-1,-1,-1
1499,118,867,332,126,110,1,-1,-1,-1
1500,118,867,332,126,110,1,-1,-1,-1
1501,118,867,331,126,111,1,-1,-1,-1
1502,118,867,331,126,111,1,-1,-1,-1
1503,118,867,331,125,110,1,-1,-1,-1
1504,118,867,330,125,111,1,-1,-1,-1
1505,118,867,329,126,112,1,-1,-1,-1
1506,118,867,329,126,112,1,-1,-1,-1
1507,118,867,330,126,112,1,-1,-1,-1
1508,118,868,330,125,112,1,-1,-1,-1
1509,118,867,330,125,112,1,-1,-1,-1
1510,118,868,330,125,112,1,-1,-1,-1
1511,118,867,330,126,111,1,-1,-1,-1
1512,118,867,330,126,112,1,-1,-1,-1
1513,118,867,331,126,111,1,-1,-1,-1
1514,118,867,331,126,110,1,-1,-1,-1
1515,118,867,332,125,110,1,-1,-1,-1
1516,118,867,332,125,109,1,-1,-1,-1
1517,118,867,331,125,111,1,-1,-1,-1
1518,118,867,330,126,112,1,-1,-1,-1
1519,118,867,329,126,112,1,-1,-1,-1
1520,118,867,328,127,114,1,-1,-1,-1
1521,118,867,331,127,112,1,-1,-1,-1
1522,118,868,332,127,111,1,-1,-1,-1
1523,118,868,333,127,110,1,-1,-1,-1
1524,118,867,331,127,111,1,-1,-1,-1
1525,118,867,328,125,113,1,-1,-1,-1
1526,118,867,328,125,113,1,-1,-1,-1
1527,118,867,330,125,111,1,-1,-1,-1
1528,118,868,330,125,111,1,-1,-1,-1
1529,118,868,331,124,111,1,-1,-1,-1
1530,118,868,331,125,111,1,-1,-1,-1
1531,118,867,330,126,111,1,-1,-1,-1
1532,118,867,330,126,112,1,-1,-1,-1
1533,118,867,330,126,112,1,-1,-1,-1
1534,118,867,329,126,112,1,-1,-1,-1
1535,118,867,330,125,112,1,-1,-1,-1
1536,118,867,330,126,112,1,-1,-1,-1
1537,118,868,331,126,111,1,-1,-1,-1
1538,118,868,330,125,111,1,-1,-1,-1
1539,118,868,331,125,111,1,-1,-1,-1
1540,118,868,330,125,112,1,-1,-1,-1
1541,118,868,330,125,111,1,-1,-1,-1
1542,118,868,330,125,111,1,-1,-1,-1
1543,118,868,331,126,111,1,-1,-1,-1
1544,118,868,331,125,112,1,-1,-1,-1
1545,118,868,332,125,111,1,-1,-1,-1
1546,118,867,331,125,112,1,-1,-1,-1
1547,118,867,331,126,113,1,-1,-1,-1
1548,118,867,331,125,111,1,-1,-1,-1
1549,118,867,328,127,114,1,-1,-1,-1
1550,118,866,328,127,114,1,-1,-1,-1
1551,118,868,331,125,111,1,-1,-1,-1
1552,118,868,331,125,111,1,-1,-1,-1
1553,118,868,331,126,111,1,-1,-1,-1
1554,118,868,330,125,111,1,-1,-1,-1
1555,118,868,331,125,111,1,-1,-1,-1
1556,118,868,330,125,112,1,-1,-1,-1
1557,118,868,330,125,112,1,-1,-1,-1
1558,118,868,331,124,111,1,-1,-1,-1
1559,118,868,332,124,110,1,-1,-1,-1
1560,118,868,331,125,111,1,-1,-1,-1
1561,118,868,330,126,111,1,-1,-1,-1
1562,118,868,330,126,111,1,-1,-1,-1
1563,118,867,330,126,112,1,-1,-1,-1
1564,118,867,330,127,112,1,-1,-1,-1
1565,118,867,331,127,112,1,-1,-1,-1
1566,118,867,331,127,112,1,-1,-1,-1
1567,118,867,331,126,112,1,-1,-1,-1
1568,118,867,331,126,112,1,-1,-1,-1
1569,118,867,331,126,111,1,-1,-1,-1
1570,118,867,332,125,110,1,-1,-1,-1
1571,118,867,331,126,110,1,-1,-1,-1
1572,118,867,332,126,110,1,-1,-1,-1
1573,118,867,331,126,111,1,-1,-1,-1
1574,118,867,330,126,112,1,-1,-1,-1
1575,118,867,330,126,112,1,-1,-1,-1
1576,118,867,330,126,112,1,-1,-1,-1
1577,118,867,329,127,113,1,-1,-1,-1
1578,118,868,330,127,113,1,-1,-1,-1
1579,118,867,330,126,111,1,-1,-1,-1
1580,118,868,331,126,111,1,-1,-1,-1
1581,118,868,330,126,112,1,-1,-1,-1
1582,118,867,330,125,112,1,-1,-1,-1
1583,118,867,330,125,112,1,-1,-1,-1
1584,118,867,330,125,111,1,-1,-1,-1
1585,118,867,332,126,110,1,-1,-1,-1
1586,118,867,331,125,111,1,-1,-1,-1
1587,118,867,330,127,112,1,-1,-1,-1
1588,118,867,330,126,112,1,-1,-1,-1
1589,118,867,331,126,111,1,-1,-1,-1
1590,118,867,330,126,112,1,-1,-1,-1
1591,118,868,330,125,112,1,-1,-1,-1
1592,118,868,330,125,111,1,-1,-1,-1
1593,118,868,330,126,113,1,-1,-1,-1
1594,118,867,329,126,112,1,-1,-1,-1
1595,118,867,330,125,112,1,-1,-1,-1
1596,118,867,331,125,111,1,-1,-1,-1
1597,118,867,331,126,111,1,-1,-1,-1
1598,118,867,331,126,111,1,-1,-1,-1
1599,118,867,331,126,110,1,-1,-1,-1
1600,118,867,331,126,110,1,-1,-1,-1
1601,118,867,330,126,112,1,-1,-1,-1
1602,118,867,329,126,113,1,-1,-1,-1
1603,118,867,329,126,112,1,-1,-1,-1
1604,118,867,328,125,113,1,-1,-1,-1
1605,118,868,331,125,110,1,-1,-1,-1
1606,118,868,331,126,111,1,-1,-1,-1
1607,118,868,331,126,111,1,-1,-1,-1
1608,118,868,330,125,112,1,-1,-1,-1
1609,118,867,329,126,112,1,-1,-1,-1
1610,118,867,330,126,111,1,-1,-1,-1
1611,118,867,331,126,111,1,-1,-1,-1
1612,118,867,330,126,112,1,-1,-1,-1
1613,118,867,331,126,111,1,-1,-1,-1
1614,118,867,331,126,111,1,-1,-1,-1
1615,118,867,331,126,111,1,-1,-1,-1
1616,118,867,330,126,112,1,-1,-1,-1
1617,118,867,329,126,113,1,-1,-1,-1
1618,118,867,330,126,111,1,-1,-1,-1
1619,118,867,330,126,111,1,-1,-1,-1
1620,118,868,330,125,111,1,-1,-1,-1
1621,118,867,330,126,111,1,-1,-1,-1
1622,118,867,329,127,112,1,-1,-1,-1
1623,118,867,329,126,113,1,-1,-1,-1
1624,118,868,330,125,112,1,-1,-1,-1
1625,118,868,330,125,111,1,-1,-1,-1
1626,118,868,330,125,111,1,-1,-1,-1
1627,118,867,331,125,111,1,-1,-1,-1
1628,118,868,331,125,111,1,-1,-1,-1
1629,118,867,330,125,112,1,-1,-1,-1
1630,118,867,329,126,113,1,-1,-1,-1
1631,118,868,330,125,111,1,-1,-1,-1
1632,118,868,331,126,110,1,-1,-1,-1
1633,118,868,331,126,110,1,-1,-1,-1
1634,118,868,331,126,110,1,-1,-1,-1
1635,118,868,330,126,112,1,-1,-1,-1
1636,118,868,329,126,112,1,-1,-1,-1
1637,118,867,329,127,113,1,-1,-1,-1
1638,118,868,330,125,112,1,-1,-1,-1
1639,118,867,331,125,111,1,-1,-1,-1
1640,118,867,332,124,110,1,-1,-1,-1
1641,118,867,332,126,110,1,-1,-1,-1
1642,118,867,331,126,111,1,-1,-1,-1
1643,118,867,331,125,111,1,-1,-1,-1
1644,118,867,330,126,112,1,-1,-1,-1
1645,118,867,330,125,112,1,-1,-1,-1
1646,118,868,330,125,112,1,-1,-1,-1
1647,118,868,330,125,112,1,-1,-1,-1
1648,118,868,330,125,112,1,-1,-1,-1
1649,118,868,329,126,113,1,-1,-1,-1
1650,118,867,329,126,113,1,-1,-1,-1
1651,118,867,330,125,112,1,-1,-1,-1
1652,118,867,331,125,112,1,-1,-1,-1
1653,118,867,330,125,112,1,-1,-1,-1
1654,118,867,331,125,112,1,-1,-1,-1
1655,118,867,331,125,111,1,-1,-1,-1
1656,118,868,331,125,111,1,-1,-1,-1
1657,118,867,330,126,113,1,-1,-1,-1
1658,118,868,330,125,112,1,-1,-1,-1
1659,118,868,330,125,112,1,-1,-1,-1
1660,118,868,330,126,113,1,-1,-1,-1
1661,118,868,330,126,111,1,-1,-1,-1
1662,118,868,330,126,111,1,-1,-1,-1
1663,118,868,330,126,111,1,-1,-1,-1
1664,118,868,330,125,112,1,-1,-1,-1
1665,118,868,330,126,112,1,-1,-1,-1
1666,118,867,330,126,112,1,-1,-1,-1
1667,118,868,331,125,110,1,-1,-1,-1
1668,118,868,331,126,111,1,-1,-1,-1
1669,118,868,331,125,112,1,-1,-1,-1
1670,118,868,330,125,112,1,-1,-1,-1
1671,118,867,331,126,110,1,-1,-1,-1
1672,118,867,331,126,110,1,-1,-1,-1
1673,118,868,331,126,110,1,-1,-1,-1
1674,118,868,330,125,111,1,-1,-1,-1
1675,118,868,330,125,112,1,-1,-1,-1
1676,118,868,330,125,111,1,-1,-1,-1
1677,118,868,330,125,111,1,-1,-1,-1
1678,118,868,330,126,112,1,-1,-1,-1
1679,118,868,331,125,111,1,-1,-1,-1
1680,118,868,331,125,111,1,-1,-1,-1
1681,118,868,330,125,112,1,-1,-1,-1
1682,118,868,330,126,112,1,-1,-1,-1
1683,118,868,330,125,112,1,-1,-1,-1
1684,118,868,330,125,112,1,-1,-1,-1
1685,118,867,331,127,102,1,-1,-1,-1
1686,118,867,331,125,99,1,-1,-1,-1
1687,118,867,329,126,113,1,-1,-1,-1
1688,118,867,328,126,113,1,-1,-1,-1
1689,118,868,328,125,114,1,-1,-1,-1
1690,118,868,328,125,113,1,-1,-1,-1
1691,118,867,330,126,112,1,-1,-1,-1
1692,118,868,330,126,112,1,-1,-1,-1
1693,118,868,330,126,112,1,-1,-1,-1
1694,118,867,330,126,112,1,-1,-1,-1
1695,118,868,329,125,112,1,-1,-1,-1
1696,118,868,330,125,111,1,-1,-1,-1
1697,118,868,329,125,112,1,-1,-1,-1
1698,118,867,330,125,111,1,-1,-1,-1
1699,118,867,330,125,112,1,-1,-1,-1
1700,118,867,330,126,112,1,-1,-1,-1
1701,118,867,330,125,112,1,-1,-1,-1
1702,118,867,330,126,112,1,-1,-1,-1
1703,118,867,330,126,111,1,-1,-1,-1
1704,118,867,330,126,111,1,-1,-1,-1
1705,118,867,330,126,112,1,-1,-1,-1
1706,118,867,330,127,113,1,-1,-1,-1
1707,118,867,330,126,113,1,-1,-1,-1
1708,118,867,330,125,112,1,-1,-1,-1
1709,118,868,330,125,112,1,-1,-1,-1
1710,118,868,330,125,111,1,-1,-1,-1
1711,118,868,330,125,111,1,-1,-1,-1
1712,118,867,330,125,112,1,-1,-1,-1
1713,118,867,330,125,112,1,-1,-1,-1
1714,118,867,330,125,111,1,-1,-1,-1
1715,118,867,330,126,111,1,-1,-1,-1
1716,118,867,331,126,111,1,-1,-1,-1
1717,118,867,330,126,112,1,-1,-1,-1
1718,118,867,331,126,111,1,-1,-1,-1
1719,118,867,331,125,112,1,-1,-1,-1
1720,118,867,331,125,110,1,-1,-1,-1
1721,118,866,332,125,105,1,-1,-1,-1
1722,118,866,331,127,104,1,-1,-1,-1
1723,118,866,331,127,110,1,-1,-1,-1
1724,118,866,331,127,110,1,-1,-1,-1
1725,118,866,331,126,111,1,-1,-1,-1
1726,118,866,332,127,110,1,-1,-1,-1
1727,118,866,331,126,111,1,-1,-1,-1
1728,118,866,331,126,111,1,-1,-1,-1
1729,118,866,331,126,111,1,-1,-1,-1
1730,118,866,331,126,111,1,-1,-1,-1
1731,118,867,330,125,111,1,-1,-1,-1
1732,118,868,331,125,111,1,-1,-1,-1
1733,118,868,330,124,112,1,-1,-1,-1
1734,118,868,331,124,111,1,-1,-1,-1
1735,118,868,330,124,111,1,-1,-1,-1
1736,118,868,331,124,111,1,-1,-1,-1
1737,118,868,331,125,110,1,-1,-1,-1
1738,118,868,331,124,111,1,-1,-1,-1
1739,118,869,330,124,110,1,-1,-1,-1
1740,118,868,329,124,91,1,-1,-1,-1
1741,118,867,331,126,110,1,-1,-1,-1
1742,118,867,331,126,112,1,-1,-1,-1
1743,118,866,330,127,111,1,-1,-1,-1
1744,118,867,330,127,112,1,-1,-1,-1
1745,118,867,331,127,112,1,-1,-1,-1
1746,118,868,331,126,112,1,-1,-1,-1
1747,118,868,331,125,112,1,-1,-1,-1
1748,118,868,330,125,112,1,-1,-1,-1
1749,118,868,330,125,112,1,-1,-1,-1
1750,118,868,331,125,111,1,-1,-1,-1
1751,118,868,331,125,110,1,-1,-1,-1
1752,118,867,331,126,111,1,-1,-1,-1
1753,118,868,332,125,110,1,-1,-1,-1
1754,118,868,331,125,111,1,-1,-1,-1
1755,118,867,332,125,111,1,-1,-1,-1
1756,118,867,332,125,111,1,-1,-1,-1
1757,118,868,332,125,111,1,-1,-1,-1
1758,118,868,331,126,111,1,-1,-1,-1
1759,118,867,331,126,111,1,-1,-1,-1
1760,118,867,331,126,111,1,-1,-1,-1
1761,118,868,331,126,112,1,-1,-1,-1
1762,118,868,332,126,111,1,-1,-1,-1
1763,118,868,331,126,111,1,-1,-1,-1
1764,118,868,331,126,111,1,-1,-1,-1
1765,118,867,330,126,112,1,-1,-1,-1
1766,118,868,330,125,112,1,-1,-1,-1
1767,118,867,329,126,113,1,-1,-1,-1
1768,118,867,328,126,114,1,-1,-1,-1
1769,118,867,329,126,114,1,-1,-1,-1
1770,118,868,331,125,112,1,-1,-1,-1
1771,118,868,331,125,111,1,-1,-1,-1
1772,118,868,331,125,111,1,-1,-1,-1
1773,118,868,330,125,112,1,-1,-1,-1
1774,118,868,330,126,112,1,-1,-1,-1
1775,118,868,331,125,112,1,-1,-1,-1
1776,118,868,330,125,112,1,-1,-1,-1
1777,118,869,330,124,112,1,-1,-1,-1
1778,118,869,330,125,113,1,-1,-1,-1
1779,118,868,330,125,111,1,-1,-1,-1
1780,118,867,331,126,111,1,-1,-1,-1
1781,118,868,331,125,111,1,-1,-1,-1
1782,118,868,331,125,112,1,-1,-1,-1
1783,118,868,331,125,112,1,-1,-1,-1
1784,118,868,330,125,112,1,-1,-1,-1
1785,118,868,330,125,112,1,-1,-1,-1
1786,118,868,330,126,112,1,-1,-1,-1
1787,118,867,331,126,111,1,-1,-1,-1
1788,118,868,330,126,112,1,-1,-1,-1
1789,118,868,330,125,112,1,-1,-1,-1
1790,118,867,331,125,111,1,-1,-1,-1
1791,118,867,331,126,111,1,-1,-1,-1
1792,118,867,331,126,111,1,-1,-1,-1
1793,118,867,331,126,110,1,-1,-1,-1
1794,118,867,331,126,111,1,-1,-1,-1
1795,118,867,331,126,111,1,-1,-1,-1
1796,118,867,331,126,111,1,-1,-1,-1
1797,118,867,331,126,110,1,-1,-1,-1
1798,118,867,331,125,110,1,-1,-1,-1
1799,118,867,332,126,110,1,-1,-1,-1
1800,118,867,332,126,110,1,-1,-1,-1
1801,118,869,333,125,111,1,-1,-1,-1
1802,118,868,331,126,110,1,-1,-1,-1
1803,118,867,330,126,111,1,-1,-1,-1
1804,118,867,329,126,112,1,-1,-1,-1
1805,118,868,330,126,112,1,-1,-1,-1
1806,118,868,329,126,113,1,-1,-1,-1
1807,118,868,329,125,112,1,-1,-1,-1
1808,118,868,330,125,112,1,-1,-1,-1
1809,118,868,330,125,112,1,-1,-1,-1
1810,118,867,330,126,112,1,-1,-1,-1
1811,118,867,331,126,111,1,-1,-1,-1
1812,118,868,331,125,110,1,-1,-1,-1
1813,118,868,331,126,110,1,-1,-1,-1
1814,118,869,330,125,112,1,-1,-1,-1
1815,118,869,330,125,112,1,-1,-1,-1
1816,118,868,331,125,110,1,-1,-1,-1
1817,118,868,331,125,110,1,-1,-1,-1
1818,118,868,330,125,112,1,-1,-1,-1
1819,118,868,331,125,110,1,-1,-1,-1
1820,118,868,331,125,111,1,-1,-1,-1
1821,118,866,331,127,110,1,-1,-1,-1
1822,118,867,332,126,110,1,-1,-1,-1
1823,118,867,331,126,110,1,-1,-1,-1
1824,118,867,331,126,111,1,-1,-1,-1
1825,118,867,331,125,111,1,-1,-1,-1
1826,118,867,330,126,112,1,-1,-1,-1
1827,118,867,330,126,112,1,-1,-1,-1
1828,118,868,331,125,111,1,-1,-1,-1
1829,118,869,331,125,112,1,-1,-1,-1
1830,118,869,330,125,112,1,-1,-1,-1
1831,118,868,331,125,111,1,-1,-1,-1
1832,118,867,330,126,111,1,-1,-1,-1
1833,118,868,329,125,112,1,-1,-1,-1
1834,118,868,330,125,111,1,-1,-1,-1
1835,118,868,331,125,111,1,-1,-1,-1
1836,118,867,332,126,111,1,-1,-1,-1
1837,118,868,331,126,112,1,-1,-1,-1
1838,118,868,331,126,111,1,-1,-1,-1
1839,118,868,331,125,111,1,-1,-1,-1
1840,118,868,331,125,110,1,-1,-1,-1
1841,118,868,331,127,111,1,-1,-1,-1
1842,118,869,331,125,110,1,-1,-1,-1
1843,118,868,332,126,109,1,-1,-1,-1
1844,118,868,331,126,110,1,-1,-1,-1
1845,118,867,331,127,112,1,-1,-1,-1
1846,118,867,331,126,111,1,-1,-1,-1
1847,118,867,331,126,111,1,-1,-1,-1
1848,118,867,330,126,111,1,-1,-1,-1
1849,118,867,330,126,112,1,-1,-1,-1
1850,118,867,331,126,111,1,-1,-1,-1
1851,118,868,331,127,112,1,-1,-1,-1
1852,118,868,331,126,112,1,-1,-1,-1
1853,118,868,332,126,111,1,-1,-1,-1
1854,118,868,331,125,112,1,-1,-1,-1
1855,118,868,331,125,112,1,-1,-1,-1
1856,118,868,331,125,112,1,-1,-1,-1
1857,118,869,331,125,111,1,-1,-1,-1
1858,118,868,331,126,112,1,-1,-1,-1
1859,118,867,330,126,113,1,-1,-1,-1
1860,118,867,330,125,111,1,-1,-1,-1
1861,118,868,331,125,111,1,-1,-1,-1
1862,118,868,330,125,112,1,-1,-1,-1
1863,118,867,331,125,111,1,-1,-1,-1
1864,118,868,331,125,112,1,-1,-1,-1
1865,118,868,331,125,112,1,-1,-1,-1
1866,118,868,330,125,112,1,-1,-1,-1
1867,118,867,330,126,111,1,-1,-1,-1
1868,118,868,331,126,110,1,-1,-1,-1
1869,118,868,331,126,110,1,-1,-1,-1
1870,118,869,331,125,110,1,-1,-1,-1
1871,118,867,330,127,113,1,-1,-1,-1
1872,118,867,330,126,112,1,-1,-1,-1
1873,118,867,330,125,112,1,-1,-1,-1
1874,118,867,330,126,111,1,-1,-1,-1
1875,118,867,331,126,111,1,-1,-1,-1
1876,118,867,331,125,111,1,-1,-1,-1
1877,118,867,330,125,111,1,-1,-1,-1
1878,118,867,330,126,112,1,-1,-1,-1
1879,118,867,329,125,113,1,-1,-1,-1
1880,118,868,327,124,113,1,-1,-1,-1
1881,118,867,331,128,99,1,-1,-1,-1
1882,118,868,328,125,112,1,-1,-1,-1
1883,118,869,329,125,113,1,-1,-1,-1
1884,118,868,287,125,158,1,-1,-1,-1
1885,118,868,324,125,118,1,-1,-1,-1
1886,118,868,325,124,116,1,-1,-1,-1
1887,118,868,329,125,113,1,-1,-1,-1
1888,118,868,329,125,113,1,-1,-1,-1
1889,118,868,329,125,113,1,-1,-1,-1
1890,118,868,329,124,113,1,-1,-1,-1
1891,118,867,330,126,113,1,-1,-1,-1
1892,118,868,331,125,111,1,-1,-1,-1
1893,118,867,331,126,111,1,-1,-1,-1
1894,118,868,329,125,113,1,-1,-1,-1
1895,118,867,329,126,113,1,-1,-1,-1
1896,118,867,329,126,112,1,-1,-1,-1
1897,118,868,331,125,111,1,-1,-1,-1
1898,118,868,330,125,112,1,-1,-1,-1
1899,118,868,330,125,112,1,-1,-1,-1
1900,118,868,331,126,112,1,-1,-1,-1
1901,118,867,331,126,111,1,-1,-1,-1
1902,118,867,331,126,111,1,-1,-1,-1
1903,118,867,331,126,110,1,-1,-1,-1
1904,118,867,331,126,110,1,-1,-1,-1
1905,118,867,330,126,112,1,-1,-1,-1
1906,118,867,330,126,112,1,-1,-1,-1
1907,118,867,330,126,112,1,-1,-1,-1
1908,118,868,330,126,111,1,-1,-1,-1
1909,118,868,330,125,111,1,-1,-1,-1
1910,118,867,330,126,111,1,-1,-1,-1
1911,118,868,331,126,111,1,-1,-1,-1
1912,118,867,332,126,111,1,-1,-1,-1
1913,118,867,332,126,111,1,-1,-1,-1
1914,118,866,332,127,111,1,-1,-1,-1
1915,118,866,332,127,112,1,-1,-1,-1
1916,118,866,332,127,112,1,-1,-1,-1
1917,118,866,332,127,112,1,-1,-1,-1
1918,118,867,331,127,114,1,-1,-1,-1
1919,118,867,331,129,114,1,-1,-1,-1
1920,118,866,331,130,115,1,-1,-1,-1
1921,118,866,331,131,116,1,-1,-1,-1
1922,118,867,332,130,117,1,-1,-1,-1
1923,118,868,333,129,116,1,-1,-1,-1
1924,118,867,334,132,118,1,-1,-1,-1
1925,118,867,333,132,120,1,-1,-1,-1
1926,118,868,333,134,123,1,-1,-1,-1
1927,118,871,335,134,122,1,-1,-1,-1
1928,118,868,331,141,129,1,-1,-1,-1
1929,118,870,334,144,127,1,-1,-1,-1
1930,118,872,333,148,132,1,-1,-1,-1
1931,118,874,335,154,132,1,-1,-1,-1
1932,118,877,338,161,131,1,-1,-1,-1
1933,118,879,336,170,136,1,-1,-1,-1
1934,118,882,337,179,139,1,-1,-1,-1
1935,118,883,336,190,143,1,-1,-1,-1
1936,118,886,337,203,145,1,-1,-1,-1
1937,118,890,338,214,149,1,-1,-1,-1
1938,118,896,341,227,152,1,-1,-1,-1
1939,118,906,342,237,153,1,-1,-1,-1
1940,118,913,344,253,156,1,-1,-1,-1
1941,118,926,346,265,160,1,-1,-1,-1
1942,118,940,349,276,161,1,-1,-1,-1
1943,118,953,351,293,163,1,-1,-1,-1
1944,118,970,354,307,165,1,-1,-1,-1
1945,118,988,358,319,165,1,-1,-1,-1
1946,118,1011,362,331,164,1,-1,-1,-1
1947,118,1032,363,347,171,1,-1,-1,-1
1948,118,1062,365,355,171,1,-1,-1,-1
1949,118,1092,369,364,171,1,-1,-1,-1
1950,118,1123,372,374,172,1,-1,-1,-1
1951,118,1156,376,383,174,1,-1,-1,-1
1952,118,1191,380,392,176,1,-1,-1,-1
1953,118,1230,384,399,176,1,-1,-1,-1
1954,118,1270,386,407,178,1,-1,-1,-1
1955,118,1316,390,409,180,1,-1,-1,-1
1956,118,1361,394,412,181,1,-1,-1,-1
1957,118,1410,397,415,180,1,-1,-1,-1
1958,118,1463,400,414,182,1,-1,-1,-1
1959,118,1518,404,401,181,1,-1,-1,-1
1960,118,1572,409,345,179,1,-1,-1,-1
1961,118,1629,415,288,163,1,-1,-1,-1
1962,118,1687,420,232,161,1,-1,-1,-1
1963,118,1739,418,181,165,1,-1,-1,-1
1964,118,1796,419,123,168,1,-1,-1,-1
1927,120,900,273,81,50,1,-1,-1,-1
1928,120,894,277,88,57,1,-1,-1,-1
1929,120,899,273,82,50,1,-1,-1,-1
1930,120,892,277,90,57,1,-1,-1,-1
1931,120,891,274,93,63,1,-1,-1,-1
1932,120,890,274,97,61,1,-1,-1,-1
1933,120,897,273,81,39,1,-1,-1,-1
1934,120,896,273,82,38,1,-1,-1,-1
1935,120,897,273,81,38,1,-1,-1,-1
1936,120,897,274,83,38,1,-1,-1,-1
1937,120,898,275,82,41,1,-1,-1,-1
1938,120,897,276,82,41,1,-1,-1,-1
1939,120,900,276,81,46,1,-1,-1,-1
1940,120,897,273,88,69,1,-1,-1,-1
1941,120,898,274,87,65,1,-1,-1,-1
1942,120,894,274,87,62,1,-1,-1,-1
1944,120,895,275,88,58,1,-1,-1,-1
1945,120,892,276,94,62,1,-1,-1,-1
1946,120,889,276,96,68,1,-1,-1,-1
1947,120,892,276,92,60,1,-1,-1,-1
1948,120,888,277,99,64,1,-1,-1,-1
1949,120,889,277,99,62,1,-1,-1,-1
1950,120,889,277,100,65,1,-1,-1,-1
1951,120,891,281,95,56,1,-1,-1,-1
1952,120,886,285,100,76,1,-1,-1,-1
1953,120,885,286,99,80,1,-1,-1,-1
1954,120,885,284,107,110,1,-1,-1,-1
1955,120,886,285,99,91,1,-1,-1,-1
1956,120,883,286,107,94,1,-1,-1,-1
1957,120,885,289,103,93,1,-1,-1,-1
1958,120,885,290,107,94,1,-1,-1,-1
1959,120,884,290,104,97,1,-1,-1,-1
1960,120,885,293,106,97,1,-1,-1,-1
1961,120,886,294,107,98,1,-1,-1,-1
1962,120,885,296,109,97,1,-1,-1,-1
1963,120,885,300,109,95,1,-1,-1,-1
1964,120,883,300,114,100,1,-1,-1,-1
1965,120,886,302,109,101,1,-1,-1,-1
1966,120,885,304,108,102,1,-1,-1,-1
1967,120,883,307,111,103,1,-1,-1,-1
1968,120,880,310,117,103,1,-1,-1,-1
1969,120,883,311,117,105,1,-1,-1,-1
1970,120,884,312,117,109,1,-1,-1,-1
1971,120,880,315,125,109,1,-1,-1,-1
1972,120,882,315,126,114,1,-1,-1,-1
1973,120,883,317,129,115,1,-1,-1,-1
1974,120,886,320,132,115,1,-1,-1,-1
1975,120,890,321,136,117,1,-1,-1,-1
1976,120,892,325,144,119,1,-1,-1,-1
1977,120,896,329,150,119,1,-1,-1,-1
1978,120,899,331,158,122,1,-1,-1,-1
1979,120,905,333,163,124,1,-1,-1,-1
1980,120,911,335,174,125,1,-1,-1,-1
1981,120,915,339,185,127,1,-1,-1,-1
1982,120,925,342,192,128,1,-1,-1,-1
1983,120,932,344,204,129,1,-1,-1,-1
1984,120,943,345,211,133,1,-1,-1,-1
1985,120,955,350,222,135,1,-1,-1,-1
1986,120,966,353,234,137,1,-1,-1,-1
1987,120,979,357,247,136,1,-1,-1,-1
1988,120,993,359,260,139,1,-1,-1,-1
1989,120,1013,362,268,142,1,-1,-1,-1
1990,120,1035,365,277,143,1,-1,-1,-1
1991,120,1053,366,291,148,1,-1,-1,-1
1992,120,1076,371,302,146,1,-1,-1,-1
1993,120,1102,375,312,148,1,-1,-1,-1
1994,120,1129,378,321,150,1,-1,-1,-1
1995,120,1158,380,329,153,1,-1,-1,-1
1996,120,1188,383,340,154,1,-1,-1,-1
1997,120,1220,387,347,155,1,-1,-1,-1
1998,120,1257,390,354,158,1,-1,-1,-1
1999,120,1294,393,360,160,1,-1,-1,-1
2000,120,1335,398,364,161,1,-1,-1,-1
2001,120,1375,403,371,160,1,-1,-1,-1
2002,120,1419,407,374,160,1,-1,-1,-1
2003,120,1466,411,374,162,1,-1,-1,-1
2004,120,1511,412,377,165,1,-1,-1,-1
2005,120,1562,414,357,166,1,-1,-1,-1
2006,120,1612,417,307,167,1,-1,-1,-1
2007,120,1664,425,256,149,1,-1,-1,-1
2008,120,1714,430,206,145,1,-1,-1,-1
2009,120,1765,436,153,143,1,-1,-1,-1
2010,120,1817,439,102,143,1,-1,-1,-1
1949,121,809,215,52,39,1,-1,-1,-1
1950,121,809,215,52,40,1,-1,-1,-1
1951,121,814,220,51,39,1,-1,-1,-1
1952,121,815,221,55,40,1,-1,-1,-1
1953,121,816,221,55,44,1,-1,-1,-1
1954,121,817,220,55,46,1,-1,-1,-1
1955,121,819,222,56,45,1,-1,-1,-1
1956,121,821,223,56,46,1,-1,-1,-1
1957,121,822,226,58,46,1,-1,-1,-1
1958,121,825,226,57,46,1,-1,-1,-1
1959,121,827,228,59,46,1,-1,-1,-1
1960,121,828,228,62,48,1,-1,-1,-1
1961,121,830,229,63,51,1,-1,-1,-1
1962,121,833,230,62,51,1,-1,-1,-1
1963,121,835,232,62,53,1,-1,-1,-1
1964,121,836,234,63,53,1,-1,-1,-1
1965,121,837,236,64,54,1,-1,-1,-1
1966,121,841,238,62,55,1,-1,-1,-1
1967,121,842,241,64,54,1,-1,-1,-1
1968,121,843,244,66,53,1,-1,-1,-1
1969,121,843,245,67,55,1,-1,-1,-1
1970,121,844,245,68,58,1,-1,-1,-1
1971,121,843,246,72,59,1,-1,-1,-1
1972,121,845,248,73,61,1,-1,-1,-1
1973,121,846,251,72,63,1,-1,-1,-1
1974,121,845,255,76,64,1,-1,-1,-1
1975,121,847,258,76,62,1,-1,-1,-1
1976,121,846,258,78,65,1,-1,-1,-1
1977,121,847,261,79,67,1,-1,-1,-1
1978,121,847,263,83,68,1,-1,-1,-1
1979,121,851,264,80,70,1,-1,-1,-1
1980,121,851,262,82,79,1,-1,-1,-1
1981,121,849,269,88,75,1,-1,-1,-1
1982,121,852,270,85,77,1,-1,-1,-1
1983,121,849,272,92,82,1,-1,-1,-1
1984,121,853,277,90,81,1,-1,-1,-1
1985,121,857,281,88,80,1,-1,-1,-1
1986,121,856,286,93,81,1,-1,-1,-1
1987,121,859,288,94,82,1,-1,-1,-1
1988,121,863,292,92,82,1,-1,-1,-1
1989,121,864,295,96,83,1,-1,-1,-1
1990,121,865,298,100,86,1,-1,-1,-1
1991,121,867,301,105,88,1,-1,-1,-1
1992,121,868,302,110,92,1,-1,-1,-1
1993,121,873,304,113,93,1,-1,-1,-1
1994,121,875,308,120,95,1,-1,-1,-1
1995,121,880,313,122,96,1,-1,-1,-1
1996,121,886,317,127,97,1,-1,-1,-1
1997,121,902,322,122,97,1,-1,-1,-1
1998,121,900,324,139,100,1,-1,-1,-1
1999,121,905,326,149,104,1,-1,-1,-1
2000,121,916,328,152,110,1,-1,-1,-1
2001,121,927,333,159,110,1,-1,-1,-1
2002,121,938,335,167,115,1,-1,-1,-1
2003,121,949,338,176,115,1,-1,-1,-1
2004,121,965,344,184,118,1,-1,-1,-1
2005,121,979,348,190,120,1,-1,-1,-1
2006,121,995,353,202,120,1,-1,-1,-1
2007,121,1014,357,207,121,1,-1,-1,-1
2008,121,1033,361,215,124,1,-1,-1,-1
2009,121,1054,362,224,129,1,-1,-1,-1
2010,121,1073,366,239,132,1,-1,-1,-1
2011,121,1098,370,249,135,1,-1,-1,-1
2012,121,1123,373,263,137,1,-1,-1,-1
2013,121,1152,377,271,139,1,-1,-1,-1
2014,121,1183,381,278,141,1,-1,-1,-1
2015,121,1213,386,288,144,1,-1,-1,-1
2016,121,1244,390,303,146,1,-1,-1,-1
2017,121,1282,392,312,151,1,-1,-1,-1
2018,121,1320,393,320,154,1,-1,-1,-1
2019,121,1360,406,328,150,1,-1,-1,-1
2020,121,1401,411,335,151,1,-1,-1,-1
2021,121,1447,413,339,152,1,-1,-1,-1
2022,121,1493,417,345,154,1,-1,-1,-1
2023,121,1540,422,347,154,1,-1,-1,-1
2024,121,1590,428,329,153,1,-1,-1,-1
2025,121,1640,432,279,152,1,-1,-1,-1
2026,121,1692,435,226,139,1,-1,-1,-1
2027,121,1745,437,174,140,1,-1,-1,-1
2028,121,1794,446,125,134,1,-1,-1,-1
2029,121,1848,453,72,130,1,-1,-1,-1
1,128,417,215,255,255,1,-1,-1,-1
2,128,417,215,255,255,1,-1,-1,-1
3,128,417,214,254,255,1,-1,-1,-1
4,128,417,214,254,255,1,-1,-1,-1
5,128,417,214,254,255,1,-1,-1,-1
6,128,417,214,255,255,1,-1,-1,-1
7,128,417,214,256,255,1,-1,-1,-1
8,128,417,214,255,255,1,-1,-1,-1
9,128,417,214,255,255,1,-1,-1,-1
10,128,416,214,254,255,1,-1,-1,-1
11,128,416,215,254,254,1,-1,-1,-1
12,128,416,215,255,255,1,-1,-1,-1
13,128,415,213,256,258,1,-1,-1,-1
14,128,415,213,236,258,1,-1,-1,-1
15,128,415,215,222,255,1,-1,-1,-1
16,128,415,215,208,255,1,-1,-1,-1
17,128,412,215,199,256,1,-1,-1,-1
18,128,410,214,195,259,1,-1,-1,-1
19,128,410,214,192,260,1,-1,-1,-1
20,128,407,213,235,262,1,-1,-1,-1
21,128,403,213,267,262,1,-1,-1,-1
22,128,405,214,264,263,1,-1,-1,-1
23,128,405,213,221,263,1,-1,-1,-1
24,128,404,214,263,264,1,-1,-1,-1
25,128,402,215,228,265,1,-1,-1,-1
26,128,403,217,263,264,1,-1,-1,-1
27,128,401,217,255,265,1,-1,-1,-1
28,128,402,218,182,264,1,-1,-1,-1
29,128,399,218,189,267,1,-1,-1,-1
30,128,397,218,227,268,1,-1,-1,-1
31,128,394,219,189,269,1,-1,-1,-1
32,128,391,220,188,269,1,-1,-1,-1
33,128,389,222,187,270,1,-1,-1,-1
34,128,385,222,192,273,1,-1,-1,-1
35,128,379,221,213,274,1,-1,-1,-1
36,128,377,222,197,278,1,-1,-1,-1
37,128,373,221,197,279,1,-1,-1,-1
38,128,371,225,199,278,1,-1,-1,-1
39,128,368,224,218,282,1,-1,-1,-1
40,128,361,225,217,285,1,-1,-1,-1
41,128,362,224,246,289,1,-1,-1,-1
42,128,355,227,231,289,1,-1,-1,-1
43,128,353,227,225,292,1,-1,-1,-1
44,128,348,226,209,295,1,-1,-1,-1
45,128,345,230,209,295,1,-1,-1,-1
46,128,337,230,215,298,1,-1,-1,-1
47,128,334,231,218,301,1,-1,-1,-1
48,128,327,232,231,305,1,-1,-1,-1
49,128,322,233,222,310,1,-1,-1,-1
50,128,316,234,226,312,1,-1,-1,-1
51,128,308,237,236,313,1,-1,-1,-1
52,128,305,238,232,319,1,-1,-1,-1
53,128,296,241,281,322,1,-1,-1,-1
54,128,292,242,270,326,1,-1,-1,-1
55,128,285,242,340,330,1,-1,-1,-1
56,128,279,239,347,339,1,-1,-1,-1
57,128,272,244,352,342,1,-1,-1,-1
58,128,266,246,367,344,1,-1,-1,-1
59,128,260,248,370,346,1,-1,-1,-1
60,128,251,248,378,352,1,-1,-1,-1
61,128,242,238,384,369,1,-1,-1,-1
62,128,234,245,391,369,1,-1,-1,-1
63,128,227,253,393,367,1,-1,-1,-1
64,128,217,254,404,372,1,-1,-1,-1
65,128,209,252,409,382,1,-1,-1,-1
66,128,198,252,417,389,1,-1,-1,-1
67,128,188,256,422,391,1,-1,-1,-1
68,128,179,260,360,399,1,-1,-1,-1
69,128,167,267,442,399,1,-1,-1,-1
70,128,156,268,449,410,1,-1,-1,-1
71,128,148,273,456,416,1,-1,-1,-1
72,128,134,275,470,424,1,-1,-1,-1
73,128,120,279,480,432,1,-1,-1,-1
74,128,104,284,494,438,1,-1,-1,-1
75,128,91,284,503,450,1,-1,-1,-1
76,128,76,288,515,461,1,-1,-1,-1
77,128,58,291,529,471,1,-1,-1,-1
78,128,38,296,546,484,1,-1,-1,-1
79,128,20,304,558,492,1,-1,-1,-1
80,128,1,305,576,508,1,-1,-1,-1
81,128,0,310,573,519,1,-1,-1,-1
82,128,1,313,570,537,1,-1,-1,-1
83,128,0,321,565,551,1,-1,-1,-1
84,128,0,327,562,566,1,-1,-1,-1
85,128,1,331,557,588,1,-1,-1,-1
86,128,1,339,550,603,1,-1,-1,-1
87,128,0,341,545,628,1,-1,-1,-1
88,128,1,355,271,643,1,-1,-1,-1
89,128,0,350,534,676,1,-1,-1,-1
90,128,0,353,531,703,1,-1,-1,-1
91,128,0,359,525,714,1,-1,-1,-1
92,128,0,361,522,712,1,-1,-1,-1
93,128,0,367,514,702,1,-1,-1,-1
94,128,0,371,510,699,1,-1,-1,-1
95,128,0,377,502,693,1,-1,-1,-1
96,128,2,382,489,690,1,-1,-1,-1
97,128,0,389,486,677,1,-1,-1,-1
98,128,0,397,477,674,1,-1,-1,-1
99,128,0,404,471,632,1,-1,-1,-1
100,128,1,410,464,659,1,-1,-1,-1
101,128,1,419,457,653,1,-1,-1,-1
102,128,0,426,449,648,1,-1,-1,-1
103,128,0,432,439,639,1,-1,-1,-1
104,128,0,445,427,625,1,-1,-1,-1
105,128,0,454,416,612,1,-1,-1,-1
106,128,0,468,405,555,1,-1,-1,-1
107,128,2,475,392,584,1,-1,-1,-1
108,128,1,491,380,560,1,-1,-1,-1
109,128,2,503,366,552,1,-1,-1,-1
110,128,2,518,352,543,1,-1,-1,-1
111,128,2,535,334,538,1,-1,-1,-1
112,128,1,550,319,520,1,-1,-1,-1
113,128,1,569,303,493,1,-1,-1,-1
114,128,0,593,284,467,1,-1,-1,-1
115,128,0,617,263,439,1,-1,-1,-1
116,128,0,639,241,436,1,-1,-1,-1
117,128,0,668,219,404,1,-1,-1,-1
118,128,1,699,191,360,1,-1,-1,-1
119,128,0,771,165,291,1,-1,-1,-1
120,128,1,872,136,205,1,-1,-1,-1
121,128,1,906,105,170,1,-1,-1,-1
240,136,778,190,32,26,1,-1,-1,-1
241,136,777,190,33,25,1,-1,-1,-1
242,136,778,190,33,25,1,-1,-1,-1
243,136,776,191,34,26,1,-1,-1,-1
244,136,777,191,34,26,1,-1,-1,-1
245,136,775,191,35,26,1,-1,-1,-1
246,136,775,190,36,27,1,-1,-1,-1
247,136,775,191,37,28,1,-1,-1,-1
248,136,772,192,35,26,1,-1,-1,-1
249,136,771,193,33,28,1,-1,-1,-1
250,136,770,193,36,28,1,-1,-1,-1
251,136,768,192,37,29,1,-1,-1,-1
252,136,767,192,38,28,1,-1,-1,-1
253,136,768,192,37,27,1,-1,-1,-1
254,136,768,193,36,28,1,-1,-1,-1
255,136,768,192,36,28,1,-1,-1,-1
256,136,767,193,35,30,1,-1,-1,-1
257,136,767,194,36,29,1,-1,-1,-1
258,136,763,194,39,28,1,-1,-1,-1
259,136,762,196,38,27,1,-1,-1,-1
260,136,761,196,38,28,1,-1,-1,-1
261,136,761,193,38,31,1,-1,-1,-1
262,136,758,193,39,31,1,-1,-1,-1
263,136,758,193,40,32,1,-1,-1,-1
264,136,756,194,42,31,1,-1,-1,-1
265,136,753,194,45,33,1,-1,-1,-1
266,136,753,196,42,31,1,-1,-1,-1
267,136,753,195,42,31,1,-1,-1,-1
268,136,751,194,45,34,1,-1,-1,-1
269,136,750,195,43,35,1,-1,-1,-1
270,136,750,196,41,34,1,-1,-1,-1
271,136,747,195,43,36,1,-1,-1,-1
272,136,745,196,42,36,1,-1,-1,-1
273,136,744,197,43,34,1,-1,-1,-1
274,136,740,197,46,36,1,-1,-1,-1
275,136,740,199,43,35,1,-1,-1,-1
276,136,740,198,43,37,1,-1,-1,-1
277,136,734,202,47,36,1,-1,-1,-1
278,136,734,204,45,34,1,-1,-1,-1
279,136,731,209,45,33,1,-1,-1,-1
280,136,727,208,46,35,1,-1,-1,-1
281,136,728,210,45,35,1,-1,-1,-1
282,136,725,209,47,36,1,-1,-1,-1
283,136,722,212,50,34,1,-1,-1,-1
284,136,718,217,48,32,1,-1,-1,-1
285,136,716,218,49,31,1,-1,-1,-1
286,136,712,219,49,33,1,-1,-1,-1
287,136,708,219,50,37,1,-1,-1,-1
288,136,706,229,46,29,1,-1,-1,-1
289,136,703,229,47,30,1,-1,-1,-1
290,136,700,230,47,34,1,-1,-1,-1
291,136,695,229,53,36,1,-1,-1,-1
292,136,691,229,54,40,1,-1,-1,-1
293,136,688,229,55,43,1,-1,-1,-1
294,136,682,231,58,43,1,-1,-1,-1
295,136,678,233,58,43,1,-1,-1,-1
296,136,675,235,59,44,1,-1,-1,-1
297,136,671,239,60,44,1,-1,-1,-1
298,136,667,242,59,44,1,-1,-1,-1
299,136,662,243,61,48,1,-1,-1,-1
300,136,655,245,64,49,1,-1,-1,-1
301,136,649,249,66,49,1,-1,-1,-1
302,136,643,252,69,52,1,-1,-1,-1
303,136,636,256,71,52,1,-1,-1,-1
304,136,630,259,73,55,1,-1,-1,-1
305,136,624,264,73,54,1,-1,-1,-1
306,136,615,267,76,56,1,-1,-1,-1
307,136,607,271,80,60,1,-1,-1,-1
308,136,600,275,82,62,1,-1,-1,-1
309,136,591,280,87,65,1,-1,-1,-1
310,136,581,285,89,68,1,-1,-1,-1
311,136,573,291,91,70,1,-1,-1,-1
312,136,562,298,95,70,1,-1,-1,-1
313,136,552,304,95,75,1,-1,-1,-1
314,136,541,311,102,80,1,-1,-1,-1
315,136,528,319,106,81,1,-1,-1,-1
316,136,514,326,110,86,1,-1,-1,-1
317,136,498,337,117,86,1,-1,-1,-1
318,136,483,346,121,93,1,-1,-1,-1
319,136,465,356,129,98,1,-1,-1,-1
320,136,447,368,132,101,1,-1,-1,-1
321,136,427,380,142,110,1,-1,-1,-1
322,136,406,393,150,117,1,-1,-1,-1
323,136,380,410,161,125,1,-1,-1,-1
324,136,352,426,171,134,1,-1,-1,-1
325,136,322,445,181,144,1,-1,-1,-1
326,136,287,469,197,152,1,-1,-1,-1
327,136,247,493,212,167,1,-1,-1,-1
328,136,202,521,230,183,1,-1,-1,-1
329,136,148,552,254,201,1,-1,-1,-1
330,136,87,590,275,225,1,-1,-1,-1
331,136,14,635,306,248,1,-1,-1,-1
332,136,0,691,272,282,1,-1,-1,-1
333,136,1,739,214,331,1,-1,-1,-1
334,136,0,828,145,247,1,-1,-1,-1
284,137,727,201,47,42,1,-1,-1,-1
285,137,734,198,39,35,1,-1,-1,-1
287,137,729,198,43,33,1,-1,-1,-1
288,137,729,199,40,37,1,-1,-1,-1
289,137,729,200,42,34,1,-1,-1,-1
290,137,726,202,40,35,1,-1,-1,-1
291,137,723,204,45,34,1,-1,-1,-1
292,137,720,206,43,35,1,-1,-1,-1
293,137,718,205,43,36,1,-1,-1,-1
294,137,716,208,43,36,1,-1,-1,-1
295,137,714,208,46,38,1,-1,-1,-1
296,137,712,209,46,38,1,-1,-1,-1
297,137,710,209,46,39,1,-1,-1,-1
298,137,705,210,49,40,1,-1,-1,-1
299,137,699,212,50,41,1,-1,-1,-1
300,137,697,214,51,41,1,-1,-1,-1
301,137,694,214,50,43,1,-1,-1,-1
302,137,692,216,50,44,1,-1,-1,-1
303,137,687,217,55,45,1,-1,-1,-1
304,137,682,218,56,46,1,-1,-1,-1
305,137,678,220,57,48,1,-1,-1,-1
306,137,674,221,57,48,1,-1,-1,-1
307,137,669,223,60,49,1,-1,-1,-1
308,137,665,223,61,51,1,-1,-1,-1
309,137,659,225,63,51,1,-1,-1,-1
310,137,656,227,65,53,1,-1,-1,-1
311,137,650,229,66,54,1,-1,-1,-1
312,137,644,230,68,58,1,-1,-1,-1
313,137,640,235,69,56,1,-1,-1,-1
314,137,634,239,72,57,1,-1,-1,-1
315,137,629,242,72,58,1,-1,-1,-1
316,137,622,242,74,61,1,-1,-1,-1
317,137,617,247,73,61,1,-1,-1,-1
318,137,608,247,77,67,1,-1,-1,-1
319,137,601,251,82,68,1,-1,-1,-1
320,137,595,256,82,69,1,-1,-1,-1
321,137,587,260,85,71,1,-1,-1,-1
322,137,578,262,87,77,1,-1,-1,-1
323,137,571,264,90,82,1,-1,-1,-1
324,137,562,269,94,83,1,-1,-1,-1
325,137,552,274,98,88,1,-1,-1,-1
326,137,543,281,98,90,1,-1,-1,-1
327,137,532,290,106,88,1,-1,-1,-1
328,137,521,294,109,95,1,-1,-1,-1
329,137,509,301,111,98,1,-1,-1,-1
330,137,495,310,117,100,1,-1,-1,-1
331,137,477,315,125,110,1,-1,-1,-1
332,137,462,324,131,115,1,-1,-1,-1
333,137,446,333,138,121,1,-1,-1,-1
334,137,428,344,143,127,1,-1,-1,-1
335,137,408,353,151,139,1,-1,-1,-1
336,137,385,368,159,144,1,-1,-1,-1
337,137,359,382,171,154,1,-1,-1,-1
338,137,331,396,187,169,1,-1,-1,-1
339,137,299,413,198,180,1,-1,-1,-1
340,137,264,435,214,195,1,-1,-1,-1
341,137,224,459,229,206,1,-1,-1,-1
342,137,176,484,250,231,1,-1,-1,-1
343,137,120,514,274,255,1,-1,-1,-1
344,137,55,553,305,279,1,-1,-1,-1
345,137,0,593,318,319,1,-1,-1,-1
346,137,0,642,268,364,1,-1,-1,-1
347,137,0,706,207,369,1,-1,-1,-1
348,137,1,784,133,290,1,-1,-1,-1
426,141,790,195,22,23,1,-1,-1,-1
427,141,788,196,24,23,1,-1,-1,-1
428,141,786,196,24,23,1,-1,-1,-1
429,141,786,197,23,25,1,-1,-1,-1
430,141,784,198,25,24,1,-1,-1,-1
432,141,782,197,26,23,1,-1,-1,-1
433,141,782,195,26,22,1,-1,-1,-1
434,141,782,196,27,22,1,-1,-1,-1
435,141,781,196,29,23,1,-1,-1,-1
436,141,781,195,29,22,1,-1,-1,-1
437,141,778,195,32,23,1,-1,-1,-1
438,141,778,195,32,24,1,-1,-1,-1
439,141,777,196,30,25,1,-1,-1,-1
440,141,776,196,30,25,1,-1,-1,-1
441,141,777,196,28,24,1,-1,-1,-1
442,141,776,198,30,27,1,-1,-1,-1
443,141,774,199,30,26,1,-1,-1,-1
444,141,773,199,30,25,1,-1,-1,-1
445,141,773,198,30,25,1,-1,-1,-1
446,141,772,199,30,25,1,-1,-1,-1
447,141,772,199,30,25,1,-1,-1,-1
448,141,771,200,31,25,1,-1,-1,-1
449,141,769,199,32,24,1,-1,-1,-1
450,141,768,200,32,24,1,-1,-1,-1
451,141,767,201,31,23,1,-1,-1,-1
452,141,766,202,30,23,1,-1,-1,-1
453,141,764,202,33,25,1,-1,-1,-1
454,141,763,202,32,25,1,-1,-1,-1
455,141,761,203,33,25,1,-1,-1,-1
456,141,759,202,33,26,1,-1,-1,-1
457,141,756,203,34,27,1,-1,-1,-1
458,141,755,202,37,28,1,-1,-1,-1
459,141,754,202,37,28,1,-1,-1,-1
460,141,752,204,38,27,1,-1,-1,-1
461,141,751,205,36,25,1,-1,-1,-1
462,141,750,207,36,25,1,-1,-1,-1
463,141,749,208,37,25,1,-1,-1,-1
464,141,747,206,37,27,1,-1,-1,-1
465,141,744,207,39,28,1,-1,-1,-1
466,141,743,211,39,25,1,-1,-1,-1
467,141,741,210,39,28,1,-1,-1,-1
468,141,739,210,39,29,1,-1,-1,-1
469,141,736,212,40,30,1,-1,-1,-1
470,141,734,212,40,29,1,-1,-1,-1
471,141,732,212,42,33,1,-1,-1,-1
472,141,731,212,41,34,1,-1,-1,-1
473,141,726,213,44,35,1,-1,-1,-1
474,141,724,215,43,35,1,-1,-1,-1
475,141,722,217,44,34,1,-1,-1,-1
476,141,719,218,46,34,1,-1,-1,-1
477,141,718,221,44,33,1,-1,-1,-1
478,141,716,219,45,36,1,-1,-1,-1
479,141,712,221,48,38,1,-1,-1,-1
480,141,709,221,49,43,1,-1,-1,-1
481,141,706,227,49,38,1,-1,-1,-1
482,141,702,227,51,41,1,-1,-1,-1
483,141,698,230,50,41,1,-1,-1,-1
484,141,693,233,53,40,1,-1,-1,-1
485,141,690,235,52,41,1,-1,-1,-1
486,141,685,235,56,44,1,-1,-1,-1
487,141,680,240,58,42,1,-1,-1,-1
488,141,675,243,59,43,1,-1,-1,-1
489,141,671,245,61,46,1,-1,-1,-1
490,141,668,247,60,48,1,-1,-1,-1
491,141,660,249,64,49,1,-1,-1,-1
492,141,656,254,63,49,1,-1,-1,-1
493,141,649,256,65,52,1,-1,-1,-1
494,141,642,260,69,55,1,-1,-1,-1
495,141,636,264,70,56,1,-1,-1,-1
496,141,626,268,75,58,1,-1,-1,-1
497,141,619,273,75,58,1,-1,-1,-1
498,141,609,281,78,60,1,-1,-1,-1
499,141,600,285,82,62,1,-1,-1,-1
500,141,589,290,86,68,1,-1,-1,-1
501,141,578,296,89,72,1,-1,-1,-1
502,141,568,303,91,73,1,-1,-1,-1
503,141,557,310,94,78,1,-1,-1,-1
504,141,541,319,101,81,1,-1,-1,-1
505,141,529,329,105,84,1,-1,-1,-1
506,141,514,335,109,90,1,-1,-1,-1
507,141,498,348,116,92,1,-1,-1,-1
508,141,480,357,121,104,1,-1,-1,-1
509,141,457,369,131,109,1,-1,-1,-1
510,141,435,385,136,113,1,-1,-1,-1
511,141,408,402,146,122,1,-1,-1,-1
512,141,379,419,155,133,1,-1,-1,-1
513,141,346,443,168,143,1,-1,-1,-1
514,141,310,467,181,155,1,-1,-1,-1
515,141,268,494,195,171,1,-1,-1,-1
516,141,219,527,214,186,1,-1,-1,-1
517,141,161,563,238,209,1,-1,-1,-1
518,141,94,611,263,231,1,-1,-1,-1
519,141,13,664,297,265,1,-1,-1,-1
520,141,0,734,254,306,1,-1,-1,-1
521,141,0,823,183,254,1,-1,-1,-1
943,142,1598,1011,316,65,1,-1,-1,-1
944,142,1544,970,372,106,1,-1,-1,-1
945,142,1497,932,420,144,1,-1,-1,-1
946,142,1450,893,470,183,1,-1,-1,-1
947,142,1409,858,508,215,1,-1,-1,-1
948,142,1369,828,546,247,1,-1,-1,-1
949,142,1324,799,592,277,1,-1,-1,-1
950,142,1281,770,637,307,1,-1,-1,-1
951,142,1242,748,676,329,1,-1,-1,-1
952,142,1195,722,717,355,1,-1,-1,-1
953,142,1150,705,701,370,1,-1,-1,-1
954,142,1106,685,689,393,1,-1,-1,-1
955,142,1056,668,685,410,1,-1,-1,-1
956,142,1010,649,672,429,1,-1,-1,-1
957,142,960,637,667,413,1,-1,-1,-1
958,142,909,621,662,399,1,-1,-1,-1
959,142,858,610,655,387,1,-1,-1,-1
960,142,807,599,648,373,1,-1,-1,-1
961,142,755,584,643,366,1,-1,-1,-1
962,142,702,575,640,353,1,-1,-1,-1
963,142,651,566,640,340,1,-1,-1,-1
964,142,600,560,625,328,1,-1,-1,-1
965,142,546,553,620,318,1,-1,-1,-1
966,142,494,545,615,310,1,-1,-1,-1
967,142,435,537,615,303,1,-1,-1,-1
968,142,384,531,607,296,1,-1,-1,-1
969,142,331,529,602,285,1,-1,-1,-1
970,142,275,524,601,278,1,-1,-1,-1
971,142,223,520,592,270,1,-1,-1,-1
972,142,166,518,589,263,1,-1,-1,-1
973,142,116,515,577,255,1,-1,-1,-1
974,142,59,514,578,249,1,-1,-1,-1
975,142,5,509,571,246,1,-1,-1,-1
976,142,1,509,507,239,1,-1,-1,-1
977,142,0,507,453,237,1,-1,-1,-1
978,142,2,511,389,225,1,-1,-1,-1
979,142,0,512,331,219,1,-1,-1,-1
980,142,0,509,270,220,1,-1,-1,-1
981,142,0,557,205,170,1,-1,-1,-1
982,142,0,557,150,164,1,-1,-1,-1
983,142,0,559,88,138,1,-1,-1,-1
1008,143,792,195,44,43,1,-1,-1,-1
1009,143,791,197,40,41,1,-1,-1,-1
1010,143,797,203,56,39,1,-1,-1,-1
1011,143,797,203,53,38,1,-1,-1,-1
1012,143,795,201,55,40,1,-1,-1,-1
1013,143,794,202,55,39,1,-1,-1,-1
1014,143,794,203,58,40,1,-1,-1,-1
1015,143,795,203,56,43,1,-1,-1,-1
1016,143,796,199,56,47,1,-1,-1,-1
1017,143,797,198,54,48,1,-1,-1,-1
1018,143,798,203,51,44,1,-1,-1,-1
1019,143,799,201,50,48,1,-1,-1,-1
1020,143,799,200,53,49,1,-1,-1,-1
1021,143,800,204,52,45,1,-1,-1,-1
1022,143,801,205,51,45,1,-1,-1,-1
1023,143,801,203,51,46,1,-1,-1,-1
1024,143,802,197,54,52,1,-1,-1,-1
1025,143,803,200,51,54,1,-1,-1,-1
1026,143,805,199,50,53,1,-1,-1,-1
1027,143,805,199,50,54,1,-1,-1,-1
1028,143,805,199,53,55,1,-1,-1,-1
1029,143,807,211,52,45,1,-1,-1,-1
1030,143,808,220,53,37,1,-1,-1,-1
1031,143,808,216,55,42,1,-1,-1,-1
1032,143,808,215,56,44,1,-1,-1,-1
1033,143,814,220,54,40,1,-1,-1,-1
1034,143,814,222,55,41,1,-1,-1,-1
1035,143,816,221,57,46,1,-1,-1,-1
1036,143,817,219,57,45,1,-1,-1,-1
1037,143,821,222,55,46,1,-1,-1,-1
1038,143,824,222,55,47,1,-1,-1,-1
1039,143,825,223,56,48,1,-1,-1,-1
1040,143,827,222,56,48,1,-1,-1,-1
1041,143,829,224,56,48,1,-1,-1,-1
1042,143,830,224,57,50,1,-1,-1,-1
1043,143,832,223,57,52,1,-1,-1,-1
1044,143,834,222,57,53,1,-1,-1,-1
1045,143,836,226,61,51,1,-1,-1,-1
1046,143,839,225,62,54,1,-1,-1,-1
1047,143,838,226,64,54,1,-1,-1,-1
1048,143,841,227,63,56,1,-1,-1,-1
1049,143,845,227,60,55,1,-1,-1,-1
1050,143,845,229,65,54,1,-1,-1,-1
1051,143,847,230,64,55,1,-1,-1,-1
1052,143,849,231,69,56,1,-1,-1,-1
1053,143,851,231,65,56,1,-1,-1,-1
1054,143,853,234,64,56,1,-1,-1,-1
1055,143,852,233,66,58,1,-1,-1,-1
1056,143,856,234,62,57,1,-1,-1,-1
1057,143,857,236,65,57,1,-1,-1,-1
1058,143,856,234,66,60,1,-1,-1,-1
1059,143,857,236,66,59,1,-1,-1,-1
1060,143,861,240,65,57,1,-1,-1,-1
1061,143,862,242,67,59,1,-1,-1,-1
1062,143,864,242,67,57,1,-1,-1,-1
1063,143,865,242,67,58,1,-1,-1,-1
1064,143,866,243,72,60,1,-1,-1,-1
1065,143,866,243,71,62,1,-1,-1,-1
1066,143,868,246,70,60,1,-1,-1,-1
1067,143,870,247,72,67,1,-1,-1,-1
1068,143,872,250,67,51,1,-1,-1,-1
1069,143,871,250,73,61,1,-1,-1,-1
1070,143,872,251,72,60,1,-1,-1,-1
1071,143,872,252,73,58,1,-1,-1,-1
1072,143,874,252,73,64,1,-1,-1,-1
1073,143,874,253,71,35,1,-1,-1,-1
1074,143,874,252,78,72,1,-1,-1,-1
1075,143,875,253,76,73,1,-1,-1,-1
1076,143,876,254,77,68,1,-1,-1,-1
1077,143,875,255,77,68,1,-1,-1,-1
1078,143,875,259,77,66,1,-1,-1,-1
1079,143,875,263,78,60,1,-1,-1,-1
1080,143,875,263,77,54,1,-1,-1,-1
1081,143,877,266,74,46,1,-1,-1,-1
1082,143,873,269,83,67,1,-1,-1,-1
1083,143,873,268,84,69,1,-1,-1,-1
1084,143,874,269,83,66,1,-1,-1,-1
1085,143,873,269,86,68,1,-1,-1,-1
1086,143,875,272,83,62,1,-1,-1,-1
1087,143,872,272,88,67,1,-1,-1,-1
1088,143,873,272,85,66,1,-1,-1,-1
1089,143,874,274,84,57,1,-1,-1,-1
1090,143,873,275,88,70,1,-1,-1,-1
1091,143,875,276,85,55,1,-1,-1,-1
1092,143,876,275,86,58,1,-1,-1,-1
1093,143,873,277,89,58,1,-1,-1,-1
1094,143,875,276,87,58,1,-1,-1,-1
1095,143,878,280,80,54,1,-1,-1,-1
1096,143,881,285,77,49,1,-1,-1,-1
1097,143,879,288,78,46,1,-1,-1,-1
1098,143,880,289,77,41,1,-1,-1,-1
1099,143,878,288,79,48,1,-1,-1,-1
1100,143,876,288,82,48,1,-1,-1,-1
1101,143,876,289,82,49,1,-1,-1,-1
1102,143,877,287,82,53,1,-1,-1,-1
1103,143,877,288,85,52,1,-1,-1,-1
1104,143,879,290,83,50,1,-1,-1,-1
1105,143,880,291,85,50,1,-1,-1,-1
1106,143,879,293,87,50,1,-1,-1,-1
1107,143,879,292,87,53,1,-1,-1,-1
1108,143,882,291,85,49,1,-1,-1,-1
1109,143,882,292,85,47,1,-1,-1,-1
1110,143,882,292,87,47,1,-1,-1,-1
1111,143,884,292,86,46,1,-1,-1,-1
1112,143,883,291,88,47,1,-1,-1,-1
1113,143,883,291,87,46,1,-1,-1,-1
1114,143,883,291,89,47,1,-1,-1,-1
1115,143,882,292,90,47,1,-1,-1,-1
1116,143,884,293,88,46,1,-1,-1,-1
1117,143,884,292,87,46,1,-1,-1,-1
1118,143,884,293,87,46,1,-1,-1,-1
1119,143,884,292,89,47,1,-1,-1,-1
1120,143,886,289,89,49,1,-1,-1,-1
1121,143,884,293,90,47,1,-1,-1,-1
1122,143,883,287,93,52,1,-1,-1,-1
1123,143,883,289,91,48,1,-1,-1,-1
1124,143,884,289,91,48,1,-1,-1,-1
1125,143,878,296,99,51,1,-1,-1,-1
1126,143,879,297,99,52,1,-1,-1,-1
1128,143,878,299,97,49,1,-1,-1,-1
1129,143,881,297,95,52,1,-1,-1,-1
1131,143,879,295,99,56,1,-1,-1,-1
1132,143,885,283,93,54,1,-1,-1,-1
1133,143,879,296,97,56,1,-1,-1,-1
1135,143,880,296,98,52,1,-1,-1,-1
1136,143,878,296,101,53,1,-1,-1,-1
581,144,1882,453,37,67,1,-1,-1,-1
582,144,1845,442,75,88,1,-1,-1,-1
583,144,1806,428,114,108,1,-1,-1,-1
584,144,1762,426,157,115,1,-1,-1,-1
585,144,1715,426,204,116,1,-1,-1,-1
586,144,1671,425,249,120,1,-1,-1,-1
587,144,1622,428,297,118,1,-1,-1,-1
588,144,1572,427,328,120,1,-1,-1,-1
589,144,1520,428,334,121,1,-1,-1,-1
590,144,1466,429,346,123,1,-1,-1,-1
591,144,1407,431,354,122,1,-1,-1,-1
592,144,1347,432,360,124,1,-1,-1,-1
593,144,1290,431,363,129,1,-1,-1,-1
594,144,1225,432,369,128,1,-1,-1,-1
595,144,1158,432,379,135,1,-1,-1,-1
596,144,1090,435,381,134,1,-1,-1,-1
597,144,1017,436,388,136,1,-1,-1,-1
598,144,945,440,393,137,1,-1,-1,-1
599,144,870,444,398,136,1,-1,-1,-1
600,144,794,447,402,140,1,-1,-1,-1
601,144,716,451,408,140,1,-1,-1,-1
602,144,632,453,416,144,1,-1,-1,-1
603,144,554,457,412,146,1,-1,-1,-1
604,144,471,462,416,148,1,-1,-1,-1
605,144,388,468,414,146,1,-1,-1,-1
606,144,303,471,413,149,1,-1,-1,-1
607,144,216,477,414,149,1,-1,-1,-1
608,144,129,481,412,151,1,-1,-1,-1
609,144,45,486,410,152,1,-1,-1,-1
610,144,0,492,366,153,1,-1,-1,-1
611,144,1,500,279,138,1,-1,-1,-1
612,144,0,505,191,137,1,-1,-1,-1
613,144,1,516,106,130,1,-1,-1,-1
627,145,0,668,93,150,1,-1,-1,-1
628,145,0,654,150,166,1,-1,-1,-1
629,145,0,619,210,199,1,-1,-1,-1
630,145,0,608,270,208,1,-1,-1,-1
631,145,1,604,329,210,1,-1,-1,-1
632,145,0,599,393,222,1,-1,-1,-1
633,145,0,598,461,219,1,-1,-1,-1
634,145,6,595,516,222,1,-1,-1,-1
635,145,66,592,521,223,1,-1,-1,-1
636,145,129,587,525,225,1,-1,-1,-1
637,145,195,583,529,227,1,-1,-1,-1
638,145,263,577,525,225,1,-1,-1,-1
639,145,330,576,528,223,1,-1,-1,-1
640,145,404,571,527,224,1,-1,-1,-1
641,145,476,567,526,223,1,-1,-1,-1
642,145,552,562,519,223,1,-1,-1,-1
643,145,618,559,527,222,1,-1,-1,-1
644,145,690,553,526,222,1,-1,-1,-1
645,145,766,551,520,219,1,-1,-1,-1
646,145,844,548,514,220,1,-1,-1,-1
647,145,916,544,510,218,1,-1,-1,-1
648,145,988,541,509,218,1,-1,-1,-1
649,145,1063,537,498,215,1,-1,-1,-1
650,145,1135,535,492,213,1,-1,-1,-1
651,145,1207,534,485,208,1,-1,-1,-1
652,145,1279,530,481,207,1,-1,-1,-1
653,145,1346,524,474,209,1,-1,-1,-1
654,145,1418,526,460,203,1,-1,-1,-1
655,145,1492,522,427,201,1,-1,-1,-1
656,145,1560,523,358,196,1,-1,-1,-1
657,145,1629,519,289,198,1,-1,-1,-1
658,145,1692,519,227,191,1,-1,-1,-1
659,145,1757,518,163,188,1,-1,-1,-1
660,145,1819,519,101,156,1,-1,-1,-1
732,148,0,635,129,197,1,-1,-1,-1
733,148,0,583,279,247,1,-1,-1,-1
734,148,2,575,430,246,1,-1,-1,-1
735,148,1,566,587,268,1,-1,-1,-1
736,148,39,556,707,272,1,-1,-1,-1
737,148,190,550,711,267,1,-1,-1,-1
738,148,342,536,715,271,1,-1,-1,-1
739,148,498,529,710,266,1,-1,-1,-1
740,148,654,518,696,264,1,-1,-1,-1
741,148,802,514,688,260,1,-1,-1,-1
742,148,952,509,666,250,1,-1,-1,-1
743,148,1095,498,650,251,1,-1,-1,-1
744,148,1234,496,619,241,1,-1,-1,-1
745,148,1369,496,550,232,1,-1,-1,-1
746,148,1493,491,426,227,1,-1,-1,-1
747,148,1616,488,303,223,1,-1,-1,-1
748,148,1729,524,189,176,1,-1,-1,-1
1172,159,1848,522,71,132,1,-1,-1,-1
1173,159,1785,482,134,184,1,-1,-1,-1
1174,159,1729,447,191,180,1,-1,-1,-1
1175,159,1679,430,234,165,1,-1,-1,-1
1176,159,1634,414,217,150,1,-1,-1,-1
1177,159,1593,395,204,144,1,-1,-1,-1
1178,159,1556,383,188,133,1,-1,-1,-1
1179,159,1523,371,178,124,1,-1,-1,-1
1180,159,1491,354,169,122,1,-1,-1,-1
1181,159,1464,344,158,115,1,-1,-1,-1
1182,159,1438,335,148,108,1,-1,-1,-1
1183,159,1415,323,141,105,1,-1,-1,-1
1184,159,1393,315,132,101,1,-1,-1,-1
1185,159,1372,306,125,96,1,-1,-1,-1
1186,159,1352,300,121,91,1,-1,-1,-1
1187,159,1335,294,114,86,1,-1,-1,-1
1188,159,1319,287,109,84,1,-1,-1,-1
1189,159,1301,281,107,79,1,-1,-1,-1
1190,159,1288,275,102,79,1,-1,-1,-1
1191,159,1273,270,98,75,1,-1,-1,-1
1192,159,1262,267,93,71,1,-1,-1,-1
1193,159,1250,262,89,69,1,-1,-1,-1
1194,159,1239,258,86,70,1,-1,-1,-1
1195,159,1227,255,83,65,1,-1,-1,-1
1196,159,1219,251,79,63,1,-1,-1,-1
1197,159,1208,247,77,61,1,-1,-1,-1
1198,159,1199,243,76,60,1,-1,-1,-1
1199,159,1191,242,73,57,1,-1,-1,-1
1200,159,1184,239,69,57,1,-1,-1,-1
1201,159,1177,235,66,55,1,-1,-1,-1
1202,159,1168,233,67,53,1,-1,-1,-1
1203,159,1157,230,69,52,1,-1,-1,-1
1204,159,1155,228,62,49,1,-1,-1,-1
1205,159,1147,225,60,51,1,-1,-1,-1
1206,159,1140,224,60,49,1,-1,-1,-1
1207,159,1135,221,57,49,1,-1,-1,-1
1208,159,1132,220,54,45,1,-1,-1,-1
1209,159,1125,219,55,45,1,-1,-1,-1
1210,159,1119,217,54,44,1,-1,-1,-1
1211,159,1116,216,50,41,1,-1,-1,-1
1212,159,1110,213,51,41,1,-1,-1,-1
1213,159,1104,212,51,41,1,-1,-1,-1
1214,159,1098,212,52,39,1,-1,-1,-1
1215,159,1097,210,47,40,1,-1,-1,-1
1216,159,1091,210,48,40,1,-1,-1,-1
1217,159,1087,209,48,40,1,-1,-1,-1
1218,159,1083,207,47,38,1,-1,-1,-1
1219,159,1082,206,42,38,1,-1,-1,-1
1220,159,1078,204,41,38,1,-1,-1,-1
1221,159,1074,203,43,36,1,-1,-1,-1
1222,159,1070,204,42,36,1,-1,-1,-1
1223,159,1067,201,41,35,1,-1,-1,-1
1224,159,1066,199,39,37,1,-1,-1,-1
1225,159,1062,199,39,36,1,-1,-1,-1
1226,159,1059,199,38,35,1,-1,-1,-1
1227,159,1055,199,40,34,1,-1,-1,-1
1228,159,1042,194,49,36,1,-1,-1,-1
1229,159,1050,195,36,34,1,-1,-1,-1
1230,159,1046,196,38,33,1,-1,-1,-1
1231,159,1041,193,40,34,1,-1,-1,-1
1232,159,1040,195,38,32,1,-1,-1,-1
1233,159,1039,194,36,33,1,-1,-1,-1
1234,159,1039,194,32,31,1,-1,-1,-1
1235,159,1035,193,34,31,1,-1,-1,-1
1236,159,1008,188,59,35,1,-1,-1,-1
1237,159,1005,188,53,33,1,-1,-1,-1
1238,159,1006,188,55,34,1,-1,-1,-1
1239,159,1003,187,53,34,1,-1,-1,-1
1240,159,1003,188,50,34,1,-1,-1,-1
1241,159,1000,188,51,32,1,-1,-1,-1
1242,159,998,187,51,31,1,-1,-1,-1
1243,159,995,186,51,33,1,-1,-1,-1
1244,159,994,186,49,32,1,-1,-1,-1
1245,159,993,186,49,32,1,-1,-1,-1
1246,159,993,187,49,30,1,-1,-1,-1
1247,159,992,186,47,31,1,-1,-1,-1
1248,159,992,187,45,30,1,-1,-1,-1
1249,159,990,185,46,30,1,-1,-1,-1
1250,159,989,186,45,31,1,-1,-1,-1
1251,159,984,186,48,28,1,-1,-1,-1
1252,159,983,185,46,29,1,-1,-1,-1
1253,159,982,185,45,28,1,-1,-1,-1
1254,159,982,185,44,28,1,-1,-1,-1
1255,159,982,185,41,29,1,-1,-1,-1
1256,159,980,185,44,28,1,-1,-1,-1
1257,159,979,184,42,28,1,-1,-1,-1
1258,159,978,184,43,28,1,-1,-1,-1
1259,159,976,185,44,27,1,-1,-1,-1
1260,159,976,185,41,26,1,-1,-1,-1
1261,159,975,184,41,27,1,-1,-1,-1
1262,159,971,184,44,27,1,-1,-1,-1
1263,159,971,185,43,27,1,-1,-1,-1
1264,159,972,183,41,28,1,-1,-1,-1
1265,159,972,182,39,28,1,-1,-1,-1
1266,159,971,183,38,28,1,-1,-1,-1
1267,159,970,183,39,26,1,-1,-1,-1
1268,159,969,183,37,26,1,-1,-1,-1
1269,159,969,182,38,26,1,-1,-1,-1
1270,159,968,182,35,25,1,-1,-1,-1
1271,159,968,181,35,26,1,-1,-1,-1
1272,159,969,182,34,26,1,-1,-1,-1
1273,159,967,181,32,27,1,-1,-1,-1
1274,159,966,180,32,27,1,-1,-1,-1
1275,159,966,180,32,27,1,-1,-1,-1
1276,159,965,179,31,27,1,-1,-1,-1
1277,159,964,180,33,25,1,-1,-1,-1
1278,159,964,180,32,25,1,-1,-1,-1
1282,159,955,181,35,24,1,-1,-1,-1
1288,159,950,179,35,25,1,-1,-1,-1
1298,159,931,179,45,26,1,-1,-1,-1
1299,159,933,179,42,26,1,-1,-1,-1
1300,159,938,179,35,25,1,-1,-1,-1
1301,159,931,179,42,26,1,-1,-1,-1
1302,159,926,180,39,26,1,-1,-1,-1
1306,159,927,181,28,26,1,-1,-1,-1
1307,159,926,181,27,26,1,-1,-1,-1
1308,159,925,181,32,27,1,-1,-1,-1
1309,159,924,180,33,28,1,-1,-1,-1
1310,159,924,180,34,28,1,-1,-1,-1
1311,159,925,181,28,28,1,-1,-1,-1
1312,159,925,181,28,28,1,-1,-1,-1
1313,159,925,180,31,29,1,-1,-1,-1
1314,159,924,179,31,30,1,-1,-1,-1
1315,159,924,178,34,30,1,-1,-1,-1
1316,159,924,178,33,29,1,-1,-1,-1
1317,159,925,178,32,29,1,-1,-1,-1
1318,159,925,178,31,29,1,-1,-1,-1
1319,159,926,178,29,29,1,-1,-1,-1
1320,159,926,180,26,29,1,-1,-1,-1
1321,159,926,181,26,27,1,-1,-1,-1
1322,159,926,181,27,27,1,-1,-1,-1
1323,159,925,181,26,27,1,-1,-1,-1
1324,159,926,180,25,27,1,-1,-1,-1
1325,159,926,180,24,28,1,-1,-1,-1
1326,159,927,179,24,28,1,-1,-1,-1
1327,159,927,179,23,28,1,-1,-1,-1
1328,159,927,178,24,28,1,-1,-1,-1
1329,159,927,177,24,29,1,-1,-1,-1
1331,159,927,177,23,32,1,-1,-1,-1
1348,159,924,176,25,32,1,-1,-1,-1
1350,159,926,180,27,29,1,-1,-1,-1
1352,159,925,177,23,29,1,-1,-1,-1
1354,159,924,176,23,31,1,-1,-1,-1
1355,159,925,175,25,31,1,-1,-1,-1
1356,159,925,177,26,30,1,-1,-1,-1
1357,159,924,177,27,30,1,-1,-1,-1
1361,159,927,179,25,28,1,-1,-1,-1
1362,159,925,177,24,28,1,-1,-1,-1
1363,159,924,176,26,30,1,-1,-1,-1
1364,159,926,178,26,30,1,-1,-1,-1
1365,159,927,178,25,30,1,-1,-1,-1
1366,159,924,176,26,29,1,-1,-1,-1
1370,159,926,177,23,28,1,-1,-1,-1
1388,159,922,179,25,28,1,-1,-1,-1
1389,159,922,179,27,28,1,-1,-1,-1
1390,159,923,179,27,29,1,-1,-1,-1
1391,159,922,179,33,29,1,-1,-1,-1
1392,159,923,178,31,28,1,-1,-1,-1
1393,159,922,178,32,28,1,-1,-1,-1
1394,159,920,177,38,29,1,-1,-1,-1
1395,159,920,177,39,29,1,-1,-1,-1
1396,159,919,178,40,29,1,-1,-1,-1
1397,159,919,177,41,29,1,-1,-1,-1
1398,159,919,177,40,29,1,-1,-1,-1
1399,159,921,178,37,29,1,-1,-1,-1
1400,159,921,178,36,29,1,-1,-1,-1
1401,159,920,178,32,30,1,-1,-1,-1
1402,159,920,178,30,30,1,-1,-1,-1
1403,159,921,178,30,29,1,-1,-1,-1
1404,159,921,177,30,31,1,-1,-1,-1
1405,159,920,178,32,29,1,-1,-1,-1
1406,159,920,178,32,29,1,-1,-1,-1
1407,159,920,178,32,29,1,-1,-1,-1
1408,159,920,178,31,29,1,-1,-1,-1
1409,159,921,177,30,29,1,-1,-1,-1
1410,159,922,177,28,30,1,-1,-1,-1
1411,159,924,176,26,30,1,-1,-1,-1
1412,159,922,177,27,30,1,-1,-1,-1
1413,159,921,178,29,28,1,-1,-1,-1
1414,159,919,178,29,29,1,-1,-1,-1
1415,159,921,178,26,29,1,-1,-1,-1
1416,159,922,177,25,29,1,-1,-1,-1
1417,159,924,178,24,28,1,-1,-1,-1
1418,159,923,178,25,28,1,-1,-1,-1
1419,159,923,178,25,28,1,-1,-1,-1
1420,159,923,178,24,28,1,-1,-1,-1
1423,159,926,178,23,27,1,-1,-1,-1
1424,159,925,177,23,28,1,-1,-1,-1
1425,159,926,176,22,30,1,-1,-1,-1
1440,159,925,176,22,31,1,-1,-1,-1
1449,159,925,179,22,30,1,-1,-1,-1
1450,159,925,179,22,29,1,-1,-1,-1
1451,159,925,179,22,30,1,-1,-1,-1
1452,159,925,179,22,30,1,-1,-1,-1
1453,159,926,180,21,29,1,-1,-1,-1
1455,159,925,180,21,29,1,-1,-1,-1
1461,159,926,181,21,28,1,-1,-1,-1
1462,159,926,180,21,29,1,-1,-1,-1
1463,159,926,180,22,29,1,-1,-1,-1
1464,159,927,181,21,28,1,-1,-1,-1
1465,159,927,180,21,28,1,-1,-1,-1
1466,159,927,180,22,28,1,-1,-1,-1
1467,159,926,181,22,28,1,-1,-1,-1
1468,159,926,181,21,28,1,-1,-1,-1
1301,175,791,190,24,25,1,-1,-1,-1
1302,175,791,191,24,25,1,-1,-1,-1
1303,175,789,190,26,24,1,-1,-1,-1
1304,175,787,190,26,25,1,-1,-1,-1
1305,175,787,190,26,24,1,-1,-1,-1
1306,175,786,190,26,25,1,-1,-1,-1
1307,175,784,190,27,25,1,-1,-1,-1
1308,175,783,189,29,25,1,-1,-1,-1
1309,175,783,191,27,25,1,-1,-1,-1
1310,175,782,191,26,27,1,-1,-1,-1
1311,175,779,189,29,29,1,-1,-1,-1
1312,175,777,190,29,29,1,-1,-1,-1
1313,175,776,192,29,28,1,-1,-1,-1
1314,175,777,192,29,29,1,-1,-1,-1
1315,175,775,193,31,27,1,-1,-1,-1
1316,175,774,192,33,29,1,-1,-1,-1
1317,175,774,191,30,29,1,-1,-1,-1
1318,175,774,191,29,30,1,-1,-1,-1
1319,175,773,191,29,31,1,-1,-1,-1
1320,175,773,193,29,29,1,-1,-1,-1
1321,175,769,194,31,29,1,-1,-1,-1
1322,175,770,193,30,29,1,-1,-1,-1
1323,175,768,194,31,30,1,-1,-1,-1
1324,175,766,195,32,28,1,-1,-1,-1
1325,175,764,194,35,29,1,-1,-1,-1
1326,175,761,193,37,30,1,-1,-1,-1
1327,175,761,195,34,30,1,-1,-1,-1
1328,175,760,195,34,30,1,-1,-1,-1
1329,175,759,194,34,31,1,-1,-1,-1
1330,175,757,195,34,30,1,-1,-1,-1
1331,175,755,197,36,29,1,-1,-1,-1
1332,175,755,197,36,30,1,-1,-1,-1
1333,175,753,197,35,30,1,-1,-1,-1
1334,175,751,197,36,31,1,-1,-1,-1
1335,175,751,198,38,31,1,-1,-1,-1
1336,175,750,198,38,31,1,-1,-1,-1
1337,175,748,198,39,33,1,-1,-1,-1
1338,175,746,201,39,32,1,-1,-1,-1
1339,175,743,202,39,32,1,-1,-1,-1
1340,175,742,204,42,31,1,-1,-1,-1
1341,175,740,205,40,30,1,-1,-1,-1
1342,175,737,205,41,33,1,-1,-1,-1
1343,175,738,205,39,36,1,-1,-1,-1
1344,175,732,206,41,38,1,-1,-1,-1
1345,175,730,206,40,38,1,-1,-1,-1
1346,175,727,207,43,39,1,-1,-1,-1
1347,175,725,208,43,39,1,-1,-1,-1
1348,175,723,209,44,39,1,-1,-1,-1
1349,175,720,211,46,41,1,-1,-1,-1
1350,175,719,212,44,41,1,-1,-1,-1
1351,175,715,213,47,42,1,-1,-1,-1
1352,175,712,216,50,41,1,-1,-1,-1
1353,175,708,217,49,43,1,-1,-1,-1
1354,175,704,220,52,44,1,-1,-1,-1
1355,175,699,220,53,46,1,-1,-1,-1
1356,175,697,222,52,48,1,-1,-1,-1
1357,175,692,225,56,48,1,-1,-1,-1
1358,175,687,225,58,50,1,-1,-1,-1
1359,175,683,227,58,51,1,-1,-1,-1
1360,175,678,231,59,52,1,-1,-1,-1
1361,175,671,234,61,53,1,-1,-1,-1
1362,175,667,239,63,53,1,-1,-1,-1
1363,175,662,243,64,55,1,-1,-1,-1
1364,175,658,244,64,56,1,-1,-1,-1
1365,175,648,248,70,57,1,-1,-1,-1
1366,175,643,250,72,61,1,-1,-1,-1
1367,175,636,258,74,61,1,-1,-1,-1
1368,175,626,259,78,68,1,-1,-1,-1
1369,175,620,264,80,68,1,-1,-1,-1
1370,175,611,268,83,73,1,-1,-1,-1
1371,175,600,273,86,80,1,-1,-1,-1
1372,175,591,279,91,80,1,-1,-1,-1
1373,175,578,288,95,84,1,-1,-1,-1
1374,175,567,292,97,89,1,-1,-1,-1
1375,175,554,302,102,92,1,-1,-1,-1
1376,175,539,310,109,100,1,-1,-1,-1
1377,175,524,318,114,105,1,-1,-1,-1
1378,175,508,329,120,111,1,-1,-1,-1
1379,175,486,339,132,119,1,-1,-1,-1
1380,175,467,353,135,128,1,-1,-1,-1
1381,175,443,367,145,138,1,-1,-1,-1
1382,175,413,384,160,149,1,-1,-1,-1
1383,175,384,404,169,161,1,-1,-1,-1
1384,175,347,421,185,179,1,-1,-1,-1
1385,175,303,450,201,191,1,-1,-1,-1
1386,175,258,483,221,208,1,-1,-1,-1
1387,175,197,513,249,240,1,-1,-1,-1
1388,175,130,556,274,273,1,-1,-1,-1
1389,175,44,596,314,322,1,-1,-1,-1
1390,175,0,667,301,363,1,-1,-1,-1
1391,175,0,753,229,322,1,-1,-1,-1
1392,175,0,862,138,213,1,-1,-1,-1
1519,179,0,689,100,134,1,-1,-1,-1
1520,179,0,683,179,147,1,-1,-1,-1
1521,179,0,650,258,176,1,-1,-1,-1
1522,179,1,644,344,179,1,-1,-1,-1
1523,179,0,637,432,195,1,-1,-1,-1
1524,179,0,632,523,197,1,-1,-1,-1
1525,179,46,626,569,201,1,-1,-1,-1
1526,179,143,622,569,201,1,-1,-1,-1
1527,179,237,614,573,200,1,-1,-1,-1
1528,179,337,610,573,197,1,-1,-1,-1
1529,179,438,605,571,197,1,-1,-1,-1
1530,179,542,598,569,196,1,-1,-1,-1
1531,179,647,593,566,194,1,-1,-1,-1
1532,179,752,585,561,195,1,-1,-1,-1
1533,179,859,579,555,194,1,-1,-1,-1
1534,179,963,577,547,186,1,-1,-1,-1
1535,179,1068,570,534,187,1,-1,-1,-1
1536,179,1179,564,517,184,1,-1,-1,-1
1537,179,1279,560,506,180,1,-1,-1,-1
1538,179,1378,558,492,174,1,-1,-1,-1
1539,179,1479,555,440,170,1,-1,-1,-1
1540,179,1573,553,346,166,1,-1,-1,-1
1541,179,1665,544,255,170,1,-1,-1,-1
1542,179,1756,542,163,161,1,-1,-1,-1
1651,181,1854,470,65,73,1,-1,-1,-1
1652,181,1811,446,109,108,1,-1,-1,-1
1653,181,1765,438,155,119,1,-1,-1,-1
1654,181,1716,440,204,121,1,-1,-1,-1
1655,181,1668,442,252,121,1,-1,-1,-1
1656,181,1616,441,303,123,1,-1,-1,-1
1657,181,1564,442,348,124,1,-1,-1,-1
1658,181,1504,445,359,123,1,-1,-1,-1
1659,181,1449,443,364,128,1,-1,-1,-1
1660,181,1389,442,371,131,1,-1,-1,-1
1661,181,1326,443,379,133,1,-1,-1,-1
1662,181,1261,446,383,133,1,-1,-1,-1
1663,181,1195,447,390,136,1,-1,-1,-1
1664,181,1123,449,401,136,1,-1,-1,-1
1665,181,1053,450,406,139,1,-1,-1,-1
1666,181,976,452,413,142,1,-1,-1,-1
1667,181,901,454,418,143,1,-1,-1,-1
1668,181,823,457,422,146,1,-1,-1,-1
1669,181,742,461,427,145,1,-1,-1,-1
1670,181,663,463,427,149,1,-1,-1,-1
1671,181,583,464,430,153,1,-1,-1,-1
1672,181,498,470,437,152,1,-1,-1,-1
1673,181,415,477,432,150,1,-1,-1,-1
1674,181,331,479,433,153,1,-1,-1,-1
1675,181,249,481,430,157,1,-1,-1,-1
1676,181,163,492,430,150,1,-1,-1,-1
1677,181,80,497,424,150,1,-1,-1,-1
1678,181,0,501,418,153,1,-1,-1,-1
1679,181,1,506,329,152,1,-1,-1,-1
1680,181,2,512,242,139,1,-1,-1,-1
1681,181,2,519,153,137,1,-1,-1,-1
1668,182,1835,428,85,118,1,-1,-1,-1
1669,182,1787,410,132,150,1,-1,-1,-1
1670,182,1735,409,184,154,1,-1,-1,-1
1671,182,1682,406,237,162,1,-1,-1,-1
1672,182,1627,409,292,158,1,-1,-1,-1
1673,182,1567,409,351,162,1,-1,-1,-1
1674,182,1507,412,398,160,1,-1,-1,-1
1675,182,1444,411,406,164,1,-1,-1,-1
1676,182,1376,411,423,169,1,-1,-1,-1
1677,182,1310,411,427,171,1,-1,-1,-1
1678,182,1235,411,436,173,1,-1,-1,-1
1679,182,1161,411,448,178,1,-1,-1,-1
1680,182,1084,412,454,181,1,-1,-1,-1
1681,182,1004,413,461,183,1,-1,-1,-1
1682,182,919,416,477,184,1,-1,-1,-1
1683,182,838,417,472,189,1,-1,-1,-1
1684,182,754,420,477,193,1,-1,-1,-1
1685,182,667,422,481,195,1,-1,-1,-1
1686,182,580,426,481,198,1,-1,-1,-1
1687,182,492,431,486,201,1,-1,-1,-1
1688,182,403,437,485,199,1,-1,-1,-1
1689,182,312,442,490,197,1,-1,-1,-1
1690,182,225,446,482,203,1,-1,-1,-1
1691,182,127,455,493,194,1,-1,-1,-1
1692,182,38,457,489,197,1,-1,-1,-1
1693,182,0,460,434,208,1,-1,-1,-1
1694,182,3,465,338,190,1,-1,-1,-1
1695,182,0,470,249,191,1,-1,-1,-1
1696,182,0,479,154,190,1,-1,-1,-1
1684,183,1822,440,97,105,1,-1,-1,-1
1685,183,1772,435,147,113,1,-1,-1,-1
1686,183,1721,436,198,115,1,-1,-1,-1
1687,183,1668,436,252,116,1,-1,-1,-1
1688,183,1615,433,304,122,1,-1,-1,-1
1689,183,1557,438,322,121,1,-1,-1,-1
1690,183,1499,438,329,120,1,-1,-1,-1
1691,183,1436,438,342,124,1,-1,-1,-1
1692,183,1375,439,343,125,1,-1,-1,-1
1693,183,1306,441,356,125,1,-1,-1,-1
1694,183,1243,440,356,129,1,-1,-1,-1
1695,183,1176,444,362,129,1,-1,-1,-1
1696,183,1104,444,369,133,1,-1,-1,-1
1697,183,1035,448,372,132,1,-1,-1,-1
1698,183,962,451,379,133,1,-1,-1,-1
1699,183,886,453,384,136,1,-1,-1,-1
1700,183,810,455,386,138,1,-1,-1,-1
1701,183,733,459,392,139,1,-1,-1,-1
1702,183,654,462,393,142,1,-1,-1,-1
1703,183,573,464,398,144,1,-1,-1,-1
1704,183,493,468,399,145,1,-1,-1,-1
1705,183,412,472,396,145,1,-1,-1,-1
1706,183,331,476,398,147,1,-1,-1,-1
1707,183,247,479,399,149,1,-1,-1,-1
1708,183,167,485,396,147,1,-1,-1,-1
1709,183,87,494,393,144,1,-1,-1,-1
1710,183,7,498,392,147,1,-1,-1,-1
1711,183,0,502,317,147,1,-1,-1,-1
1712,183,1,507,238,136,1,-1,-1,-1
1713,183,0,513,158,134,1,-1,-1,-1
1705,184,1835,429,84,111,1,-1,-1,-1
1706,184,1782,416,137,134,1,-1,-1,-1
1707,184,1725,413,194,143,1,-1,-1,-1
1708,184,1665,411,255,148,1,-1,-1,-1
1709,184,1602,412,317,147,1,-1,-1,-1
1710,184,1539,415,354,147,1,-1,-1,-1
1711,184,1475,414,360,150,1,-1,-1,-1
1712,184,1408,412,368,155,1,-1,-1,-1
1713,184,1339,410,375,160,1,-1,-1,-1
1714,184,1266,411,384,159,1,-1,-1,-1
1715,184,1190,413,397,165,1,-1,-1,-1
1716,184,1117,412,398,168,1,-1,-1,-1
1717,184,1037,413,412,171,1,-1,-1,-1
1718,184,959,417,414,172,1,-1,-1,-1
1719,184,881,418,412,174,1,-1,-1,-1
1720,184,799,421,416,175,1,-1,-1,-1
1721,184,714,425,423,176,1,-1,-1,-1
1722,184,630,429,425,179,1,-1,-1,-1
1723,184,545,431,427,182,1,-1,-1,-1
1724,184,461,433,426,184,1,-1,-1,-1
1725,184,375,437,427,186,1,-1,-1,-1
1726,184,288,443,428,187,1,-1,-1,-1
1727,184,203,451,425,183,1,-1,-1,-1
1728,184,114,455,427,185,1,-1,-1,-1
1729,184,32,458,419,188,1,-1,-1,-1
1730,184,0,463,364,190,1,-1,-1,-1
1731,184,0,465,279,178,1,-1,-1,-1
1732,184,0,474,194,173,1,-1,-1,-1
1733,184,0,480,111,175,1,-1,-1,-1
1725,185,1800,405,119,147,1,-1,-1,-1
1726,185,1741,400,178,156,1,-1,-1,-1
1727,185,1682,402,238,159,1,-1,-1,-1
1728,185,1623,401,293,161,1,-1,-1,-1
1729,185,1556,401,364,163,1,-1,-1,-1
1730,185,1484,406,413,161,1,-1,-1,-1
1731,185,1409,403,433,171,1,-1,-1,-1
1732,185,1341,405,433,167,1,-1,-1,-1
1733,185,1264,405,443,169,1,-1,-1,-1
1734,185,1188,403,454,175,1,-1,-1,-1
1735,185,1106,403,461,179,1,-1,-1,-1
1736,185,1026,408,468,180,1,-1,-1,-1
1737,185,942,408,474,185,1,-1,-1,-1
1738,185,854,411,481,187,1,-1,-1,-1
1739,185,767,413,491,188,1,-1,-1,-1
1740,185,677,416,496,191,1,-1,-1,-1
1741,185,586,422,496,189,1,-1,-1,-1
1742,185,495,427,497,191,1,-1,-1,-1
1743,185,402,428,502,194,1,-1,-1,-1
1744,185,313,435,500,196,1,-1,-1,-1
1745,185,218,440,502,196,1,-1,-1,-1
1746,185,128,444,502,197,1,-1,-1,-1
1747,185,36,450,499,198,1,-1,-1,-1
1748,185,0,456,445,197,1,-1,-1,-1
1749,185,1,460,354,179,1,-1,-1,-1
1750,185,0,468,262,177,1,-1,-1,-1
1751,185,0,494,170,159,1,-1,-1,-1
1788,187,1830,436,90,106,1,-1,-1,-1
1789,187,1763,422,157,126,1,-1,-1,-1
1790,187,1694,423,225,130,1,-1,-1,-1
1791,187,1620,423,296,132,1,-1,-1,-1
1792,187,1544,425,305,135,1,-1,-1,-1
1793,187,1468,429,312,134,1,-1,-1,-1
1794,187,1384,428,324,136,1,-1,-1,-1
1795,187,1299,427,334,141,1,-1,-1,-1
1796,187,1210,429,337,143,1,-1,-1,-1
1797,187,1120,430,346,148,1,-1,-1,-1
1798,187,1023,430,359,153,1,-1,-1,-1
1799,187,931,440,355,148,1,-1,-1,-1
1800,187,831,442,361,151,1,-1,-1,-1
1801,187,731,445,367,154,1,-1,-1,-1
1802,187,630,449,369,158,1,-1,-1,-1
1803,187,528,452,371,162,1,-1,-1,-1
1804,187,423,462,372,158,1,-1,-1,-1
1805,187,320,470,371,156,1,-1,-1,-1
1806,187,218,471,370,161,1,-1,-1,-1
1807,187,113,476,368,163,1,-1,-1,-1
1808,187,15,485,363,162,1,-1,-1,-1
1809,187,1,488,275,158,1,-1,-1,-1
1810,187,1,497,172,149,1,-1,-1,-1
1811,187,0,505,74,146,1,-1,-1,-1
1815,188,1826,433,94,103,1,-1,-1,-1
1816,188,1761,425,158,116,1,-1,-1,-1
1817,188,1699,426,220,119,1,-1,-1,-1
1818,188,1635,427,283,120,1,-1,-1,-1
1819,188,1566,429,314,119,1,-1,-1,-1
1820,188,1497,431,321,120,1,-1,-1,-1
1821,188,1428,431,333,122,1,-1,-1,-1
1822,188,1352,431,340,125,1,-1,-1,-1
1823,188,1279,433,347,127,1,-1,-1,-1
1824,188,1202,436,355,128,1,-1,-1,-1
1825,188,1124,435,360,134,1,-1,-1,-1
1826,188,1043,435,366,137,1,-1,-1,-1
1827,188,964,441,370,135,1,-1,-1,-1
1828,188,879,445,378,137,1,-1,-1,-1
1829,188,799,448,380,138,1,-1,-1,-1
1830,188,713,449,387,141,1,-1,-1,-1
1831,188,629,454,390,143,1,-1,-1,-1
1832,188,542,459,393,145,1,-1,-1,-1
1833,188,458,466,393,143,1,-1,-1,-1
1834,188,367,469,400,146,1,-1,-1,-1
1835,188,285,471,395,148,1,-1,-1,-1
1836,188,199,480,392,147,1,-1,-1,-1
1837,188,114,483,394,149,1,-1,-1,-1
1838,188,33,491,388,148,1,-1,-1,-1
1839,188,0,496,337,149,1,-1,-1,-1
1840,188,2,502,250,135,1,-1,-1,-1
1841,188,1,509,169,133,1,-1,-1,-1
1842,188,0,523,86,121,1,-1,-1,-1
1870,190,1799,408,121,137,1,-1,-1,-1
1871,190,1721,401,198,150,1,-1,-1,-1
1872,190,1638,402,275,153,1,-1,-1,-1
1873,190,1548,405,369,154,1,-1,-1,-1
1874,190,1458,406,406,157,1,-1,-1,-1
1875,190,1363,407,421,157,1,-1,-1,-1
1876,190,1263,408,432,161,1,-1,-1,-1
1877,190,1158,409,447,166,1,-1,-1,-1
1878,190,1053,412,459,168,1,-1,-1,-1
1879,190,944,416,468,170,1,-1,-1,-1
1880,190,834,417,475,174,1,-1,-1,-1
1881,190,720,424,482,175,1,-1,-1,-1
1882,190,604,429,486,180,1,-1,-1,-1
1883,190,486,433,494,182,1,-1,-1,-1
1884,190,369,440,492,181,1,-1,-1,-1
1885,190,250,446,497,183,1,-1,-1,-1
1886,190,133,452,497,183,1,-1,-1,-1
1887,190,17,459,494,186,1,-1,-1,-1
1888,190,1,465,388,184,1,-1,-1,-1
1889,190,0,474,272,166,1,-1,-1,-1
1890,190,0,502,160,146,1,-1,-1,-1
1062,191,803,203,46,36,1,-1,-1,-1
1063,191,804,201,46,39,1,-1,-1,-1
1064,191,804,202,45,41,1,-1,-1,-1
1065,191,796,205,51,46,1,-1,-1,-1
1066,191,808,203,40,43,1,-1,-1,-1
1067,191,802,199,50,46,1,-1,-1,-1
1068,191,804,202,47,44,1,-1,-1,-1
1069,191,803,206,48,41,1,-1,-1,-1
1070,191,806,204,46,45,1,-1,-1,-1
1071,191,804,204,50,47,1,-1,-1,-1
1072,191,807,203,47,50,1,-1,-1,-1
1073,191,810,206,43,46,1,-1,-1,-1
1074,191,808,206,45,39,1,-1,-1,-1
1075,191,810,206,48,50,1,-1,-1,-1
1076,191,811,211,49,48,1,-1,-1,-1
1077,191,810,213,55,48,1,-1,-1,-1
1078,191,813,214,54,47,1,-1,-1,-1
1079,191,812,213,60,49,1,-1,-1,-1
1080,191,813,216,62,48,1,-1,-1,-1
1081,191,823,223,55,43,1,-1,-1,-1
1082,191,825,223,56,43,1,-1,-1,-1
1083,191,826,222,58,46,1,-1,-1,-1
1084,191,828,222,61,47,1,-1,-1,-1
1085,191,829,222,63,50,1,-1,-1,-1
1086,191,833,221,63,51,1,-1,-1,-1
1087,191,834,223,66,50,1,-1,-1,-1
1088,191,835,223,70,51,1,-1,-1,-1
1089,191,840,225,71,52,1,-1,-1,-1
1090,191,842,225,71,52,1,-1,-1,-1
1091,191,847,228,71,50,1,-1,-1,-1
1092,191,852,228,69,53,1,-1,-1,-1
1093,191,853,227,71,56,1,-1,-1,-1
1094,191,856,229,73,55,1,-1,-1,-1
1095,191,859,231,76,55,1,-1,-1,-1
1096,191,861,231,74,58,1,-1,-1,-1
1097,191,866,233,74,58,1,-1,-1,-1
1098,191,870,233,75,58,1,-1,-1,-1
1099,191,875,236,73,57,1,-1,-1,-1
1100,191,877,236,72,57,1,-1,-1,-1
1101,191,879,239,71,57,1,-1,-1,-1
1102,191,880,240,74,58,1,-1,-1,-1
1103,191,880,240,78,61,1,-1,-1,-1
1104,191,883,239,76,61,1,-1,-1,-1
1105,191,884,241,77,61,1,-1,-1,-1
1106,191,885,242,76,59,1,-1,-1,-1
1107,191,885,241,79,61,1,-1,-1,-1
1108,191,889,244,75,58,1,-1,-1,-1
1109,191,889,245,77,61,1,-1,-1,-1
1110,191,888,246,81,65,1,-1,-1,-1
1111,191,890,247,80,64,1,-1,-1,-1
1112,191,890,249,80,62,1,-1,-1,-1
1113,191,894,250,76,59,1,-1,-1,-1
1114,191,891,252,80,62,1,-1,-1,-1
1115,191,893,254,81,63,1,-1,-1,-1
1116,191,894,255,78,61,1,-1,-1,-1
1117,191,894,254,77,64,1,-1,-1,-1
1118,191,897,254,75,61,1,-1,-1,-1
1119,191,896,256,78,59,1,-1,-1,-1
1120,191,893,258,81,58,1,-1,-1,-1
1121,191,892,260,81,49,1,-1,-1,-1
1122,191,888,260,87,59,1,-1,-1,-1
1123,191,890,259,85,60,1,-1,-1,-1
1124,191,890,261,86,62,1,-1,-1,-1
1125,191,886,263,92,64,1,-1,-1,-1
1126,191,888,264,90,61,1,-1,-1,-1
1127,191,888,264,90,63,1,-1,-1,-1
1128,191,888,265,91,59,1,-1,-1,-1
1129,191,889,265,93,61,1,-1,-1,-1
1130,191,884,278,93,58,1,-1,-1,-1
1131,191,895,267,84,55,1,-1,-1,-1
1132,191,895,267,84,49,1,-1,-1,-1
1133,191,890,269,93,65,1,-1,-1,-1
1134,191,885,281,94,56,1,-1,-1,-1
1135,191,891,270,91,63,1,-1,-1,-1
1136,191,891,270,93,62,1,-1,-1,-1
1137,191,890,270,95,64,1,-1,-1,-1
1138,191,888,273,97,63,1,-1,-1,-1
1139,191,889,271,97,64,1,-1,-1,-1
1140,191,891,272,93,61,1,-1,-1,-1
1141,191,889,274,96,58,1,-1,-1,-1
1142,191,889,274,96,59,1,-1,-1,-1
1143,191,890,273,95,60,1,-1,-1,-1
1144,191,889,273,96,59,1,-1,-1,-1
1145,191,888,273,96,60,1,-1,-1,-1
1146,191,889,273,95,60,1,-1,-1,-1
1147,191,892,274,91,57,1,-1,-1,-1
1148,191,892,274,91,56,1,-1,-1,-1
1149,191,889,275,95,57,1,-1,-1,-1
1150,191,889,276,95,57,1,-1,-1,-1
1151,191,891,275,91,55,1,-1,-1,-1
1152,191,891,275,91,56,1,-1,-1,-1
1153,191,892,274,91,55,1,-1,-1,-1
1154,191,892,273,92,55,1,-1,-1,-1
1155,191,894,273,91,58,1,-1,-1,-1
1156,191,895,272,90,59,1,-1,-1,-1
1157,191,892,272,92,59,1,-1,-1,-1
1158,191,892,272,93,60,1,-1,-1,-1
1159,191,893,272,92,60,1,-1,-1,-1
1160,191,891,272,93,59,1,-1,-1,-1
1161,191,892,274,92,58,1,-1,-1,-1
1162,191,892,274,91,58,1,-1,-1,-1
1163,191,891,274,93,58,1,-1,-1,-1
1164,191,891,273,92,59,1,-1,-1,-1
1165,191,890,274,92,59,1,-1,-1,-1
1166,191,892,273,91,58,1,-1,-1,-1
1167,191,891,272,93,60,1,-1,-1,-1
1168,191,891,272,93,60,1,-1,-1,-1
1169,191,892,272,92,59,1,-1,-1,-1
1170,191,889,272,96,61,1,-1,-1,-1
1171,191,892,272,94,61,1,-1,-1,-1
1172,191,892,271,93,61,1,-1,-1,-1
1173,191,893,272,93,60,1,-1,-1,-1
1174,191,890,272,95,60,1,-1,-1,-1
1175,191,890,272,94,60,1,-1,-1,-1
1176,191,891,272,94,60,1,-1,-1,-1
1177,191,891,272,91,60,1,-1,-1,-1
1178,191,892,273,90,59,1,-1,-1,-1
1179,191,893,273,90,59,1,-1,-1,-1
1180,191,892,273,91,58,1,-1,-1,-1
1181,191,892,274,91,58,1,-1,-1,-1
1182,191,889,273,94,60,1,-1,-1,-1
1183,191,890,273,91,60,1,-1,-1,-1
1184,191,890,272,93,61,1,-1,-1,-1
1185,191,884,273,97,61,1,-1,-1,-1
1186,191,884,274,97,61,1,-1,-1,-1
1187,191,890,273,93,61,1,-1,-1,-1
1188,191,893,273,91,59,1,-1,-1,-1
1189,191,891,273,93,59,1,-1,-1,-1
1190,191,892,273,92,58,1,-1,-1,-1
1191,191,885,282,95,56,1,-1,-1,-1
1192,191,885,280,95,57,1,-1,-1,-1
1193,191,891,275,91,57,1,-1,-1,-1
1194,191,891,275,91,57,1,-1,-1,-1
1195,191,892,274,90,58,1,-1,-1,-1
1196,191,885,277,96,59,1,-1,-1,-1
1197,191,885,277,96,58,1,-1,-1,-1
1198,191,884,277,97,59,1,-1,-1,-1
1199,191,884,277,97,59,1,-1,-1,-1
1200,191,890,273,91,60,1,-1,-1,-1
1201,191,891,273,93,59,1,-1,-1,-1
1202,191,889,273,94,60,1,-1,-1,-1
1203,191,891,274,91,58,1,-1,-1,-1
1204,191,891,274,91,58,1,-1,-1,-1
1205,191,891,274,91,57,1,-1,-1,-1
1206,191,891,274,91,57,1,-1,-1,-1
1207,191,891,274,90,58,1,-1,-1,-1
1208,191,890,274,92,58,1,-1,-1,-1
1209,191,889,274,94,59,1,-1,-1,-1
1210,191,892,274,91,58,1,-1,-1,-1
1211,191,889,273,96,60,1,-1,-1,-1
1212,191,889,273,96,60,1,-1,-1,-1
1213,191,889,273,94,60,1,-1,-1,-1
1214,191,889,272,94,61,1,-1,-1,-1
1215,191,891,272,91,61,1,-1,-1,-1
1216,191,885,276,97,60,1,-1,-1,-1
1217,191,884,276,96,59,1,-1,-1,-1
1218,191,884,276,96,58,1,-1,-1,-1
1219,191,884,276,96,59,1,-1,-1,-1
1220,191,885,276,96,59,1,-1,-1,-1
1221,191,890,273,93,61,1,-1,-1,-1
1222,191,889,273,94,61,1,-1,-1,-1
1223,191,890,273,93,60,1,-1,-1,-1
1224,191,891,273,93,60,1,-1,-1,-1
1225,191,891,272,93,61,1,-1,-1,-1
1226,191,891,272,94,61,1,-1,-1,-1
1227,191,891,272,94,61,1,-1,-1,-1
1228,191,890,271,94,63,1,-1,-1,-1
1229,191,890,271,95,64,1,-1,-1,-1
1230,191,891,271,94,64,1,-1,-1,-1
1231,191,889,273,94,60,1,-1,-1,-1
1232,191,890,273,94,60,1,-1,-1,-1
1233,191,890,273,94,60,1,-1,-1,-1
1234,191,890,273,94,60,1,-1,-1,-1
1235,191,890,272,94,62,1,-1,-1,-1
1236,191,890,272,94,62,1,-1,-1,-1
1237,191,890,272,95,62,1,-1,-1,-1
1238,191,890,272,94,62,1,-1,-1,-1
1239,191,890,272,94,62,1,-1,-1,-1
1240,191,891,272,94,61,1,-1,-1,-1
1241,191,891,272,93,62,1,-1,-1,-1
1242,191,892,271,92,63,1,-1,-1,-1
1243,191,890,272,93,62,1,-1,-1,-1
1244,191,889,272,94,63,1,-1,-1,-1
1245,191,889,272,94,63,1,-1,-1,-1
1246,191,889,272,93,62,1,-1,-1,-1
1247,191,891,271,93,63,1,-1,-1,-1
1248,191,891,271,93,63,1,-1,-1,-1
1249,191,891,271,93,64,1,-1,-1,-1
1250,191,890,271,94,64,1,-1,-1,-1
1251,191,891,272,93,63,1,-1,-1,-1
1252,191,891,272,93,62,1,-1,-1,-1
1253,191,891,272,93,62,1,-1,-1,-1
1254,191,889,271,96,64,1,-1,-1,-1
1255,191,889,271,97,64,1,-1,-1,-1
1256,191,889,271,97,63,1,-1,-1,-1
1257,191,890,271,95,64,1,-1,-1,-1
1258,191,889,271,96,63,1,-1,-1,-1
1259,191,889,272,95,64,1,-1,-1,-1
1260,191,889,272,95,63,1,-1,-1,-1
1261,191,890,272,97,62,1,-1,-1,-1
1262,191,889,272,97,62,1,-1,-1,-1
1263,191,890,272,95,61,1,-1,-1,-1
1264,191,890,273,95,61,1,-1,-1,-1
1265,191,891,273,94,60,1,-1,-1,-1
1266,191,891,273,94,60,1,-1,-1,-1
1267,191,890,273,95,61,1,-1,-1,-1
1268,191,890,274,95,59,1,-1,-1,-1
1269,191,890,274,95,59,1,-1,-1,-1
1270,191,889,275,95,59,1,-1,-1,-1
1271,191,890,273,94,60,1,-1,-1,-1
1272,191,890,273,94,60,1,-1,-1,-1
1273,191,891,273,92,60,1,-1,-1,-1
1274,191,891,274,92,59,1,-1,-1,-1
1275,191,891,273,93,59,1,-1,-1,-1
1276,191,891,273,92,59,1,-1,-1,-1
1277,191,891,273,93,59,1,-1,-1,-1
1278,191,891,273,93,59,1,-1,-1,-1
1279,191,893,274,89,57,1,-1,-1,-1
1280,191,893,274,90,57,1,-1,-1,-1
1281,191,891,274,92,58,1,-1,-1,-1
1282,191,891,274,90,58,1,-1,-1,-1
1283,191,891,274,90,58,1,-1,-1,-1
1284,191,891,274,90,58,1,-1,-1,-1
1285,191,890,275,92,58,1,-1,-1,-1
1286,191,885,280,95,57,1,-1,-1,-1
1287,191,891,273,90,59,1,-1,-1,-1
1288,191,890,273,92,59,1,-1,-1,-1
1289,191,891,273,91,59,1,-1,-1,-1
1290,191,891,272,92,61,1,-1,-1,-1
1291,191,892,274,93,58,1,-1,-1,-1
1292,191,892,274,92,58,1,-1,-1,-1
1293,191,892,274,93,58,1,-1,-1,-1
1294,191,893,275,91,56,1,-1,-1,-1
1295,191,893,275,91,56,1,-1,-1,-1
1296,191,893,274,91,56,1,-1,-1,-1
1297,191,893,275,90,54,1,-1,-1,-1
1298,191,893,275,90,54,1,-1,-1,-1
1299,191,893,275,90,53,1,-1,-1,-1
1300,191,893,276,90,53,1,-1,-1,-1
1301,191,896,272,85,47,1,-1,-1,-1
1306,191,891,276,91,56,1,-1,-1,-1
1309,191,891,275,93,57,1,-1,-1,-1
1310,191,884,282,98,57,1,-1,-1,-1
1311,191,884,281,96,56,1,-1,-1,-1
1312,191,885,281,95,57,1,-1,-1,-1
1313,191,885,279,96,59,1,-1,-1,-1
1314,191,885,282,96,56,1,-1,-1,-1
1315,191,891,274,91,58,1,-1,-1,-1
1316,191,891,274,92,58,1,-1,-1,-1
1317,191,891,273,92,58,1,-1,-1,-1
1318,191,891,273,92,58,1,-1,-1,-1
1319,191,891,274,92,59,1,-1,-1,-1
1320,191,891,274,92,59,1,-1,-1,-1
1321,191,890,275,93,59,1,-1,-1,-1
1322,191,890,274,93,59,1,-1,-1,-1
1323,191,889,274,95,59,1,-1,-1,-1
1324,191,890,274,94,58,1,-1,-1,-1
1325,191,890,274,94,58,1,-1,-1,-1
1326,191,890,274,95,59,1,-1,-1,-1
1327,191,888,274,96,60,1,-1,-1,-1
1328,191,889,274,95,59,1,-1,-1,-1
1329,191,889,274,96,59,1,-1,-1,-1
1330,191,889,274,95,59,1,-1,-1,-1
1331,191,891,274,91,59,1,-1,-1,-1
1332,191,890,275,92,59,1,-1,-1,-1
1333,191,890,274,92,59,1,-1,-1,-1
1334,191,890,274,93,60,1,-1,-1,-1
1335,191,889,274,94,59,1,-1,-1,-1
1336,191,890,274,93,59,1,-1,-1,-1
1337,191,890,274,94,59,1,-1,-1,-1
1338,191,890,273,93,60,1,-1,-1,-1
1339,191,890,273,93,60,1,-1,-1,-1
1340,191,891,273,94,60,1,-1,-1,-1
1341,191,891,275,91,59,1,-1,-1,-1
1342,191,890,275,91,59,1,-1,-1,-1
1343,191,885,282,97,57,1,-1,-1,-1
1344,191,890,275,93,59,1,-1,-1,-1
1345,191,883,284,98,55,1,-1,-1,-1
1346,191,884,280,98,58,1,-1,-1,-1
1347,191,884,279,98,58,1,-1,-1,-1
1348,191,890,275,92,58,1,-1,-1,-1
1349,191,890,275,92,58,1,-1,-1,-1
1350,191,890,275,92,58,1,-1,-1,-1
1351,191,884,285,96,56,1,-1,-1,-1
1352,191,883,279,98,59,1,-1,-1,-1
1353,191,883,280,99,59,1,-1,-1,-1
1354,191,883,281,98,58,1,-1,-1,-1
1355,191,883,282,98,59,1,-1,-1,-1
1356,191,884,280,98,60,1,-1,-1,-1
1357,191,884,284,96,55,1,-1,-1,-1
1358,191,884,284,97,55,1,-1,-1,-1
1359,191,884,284,97,56,1,-1,-1,-1
1360,191,891,274,90,57,1,-1,-1,-1
1361,191,885,281,96,57,1,-1,-1,-1
1362,191,891,275,90,58,1,-1,-1,-1
1363,191,885,282,95,56,1,-1,-1,-1
1364,191,885,281,96,57,1,-1,-1,-1
1365,191,885,282,96,57,1,-1,-1,-1
1366,191,890,273,93,61,1,-1,-1,-1
1367,191,890,272,94,63,1,-1,-1,-1
1368,191,891,272,93,61,1,-1,-1,-1
1369,191,892,272,91,60,1,-1,-1,-1
1370,191,893,272,90,59,1,-1,-1,-1
1371,191,891,275,93,59,1,-1,-1,-1
1372,191,889,274,94,61,1,-1,-1,-1
1373,191,890,274,92,60,1,-1,-1,-1
1374,191,888,275,95,59,1,-1,-1,-1
1375,191,889,275,95,60,1,-1,-1,-1
1376,191,888,274,95,61,1,-1,-1,-1
1377,191,890,273,94,61,1,-1,-1,-1
1378,191,890,272,94,62,1,-1,-1,-1
1379,191,890,272,94,62,1,-1,-1,-1
1380,191,891,272,94,62,1,-1,-1,-1
1381,191,889,268,97,65,1,-1,-1,-1
1382,191,892,271,93,62,1,-1,-1,-1
1383,191,890,271,93,62,1,-1,-1,-1
1384,191,891,271,93,62,1,-1,-1,-1
1385,191,890,273,93,60,1,-1,-1,-1
1386,191,889,273,93,60,1,-1,-1,-1
1387,191,890,273,93,60,1,-1,-1,-1
1388,191,890,274,92,59,1,-1,-1,-1
1389,191,889,274,93,59,1,-1,-1,-1
1390,191,889,273,93,60,1,-1,-1,-1
1391,191,892,274,90,58,1,-1,-1,-1
1392,191,890,272,92,61,1,-1,-1,-1
1393,191,892,272,89,62,1,-1,-1,-1
1394,191,892,273,88,61,1,-1,-1,-1
1395,191,893,272,88,61,1,-1,-1,-1
1396,191,893,272,88,60,1,-1,-1,-1
1397,191,893,273,88,60,1,-1,-1,-1
1398,191,894,272,88,61,1,-1,-1,-1
1399,191,892,273,91,59,1,-1,-1,-1
1400,191,892,274,91,58,1,-1,-1,-1
1401,191,890,274,92,60,1,-1,-1,-1
1402,191,890,274,91,59,1,-1,-1,-1
1403,191,890,274,92,60,1,-1,-1,-1
1404,191,891,274,91,59,1,-1,-1,-1
1405,191,891,274,92,59,1,-1,-1,-1
1406,191,889,273,93,61,1,-1,-1,-1
1407,191,890,272,93,62,1,-1,-1,-1
1408,191,890,272,93,62,1,-1,-1,-1
1409,191,889,273,93,61,1,-1,-1,-1
1410,191,891,272,92,61,1,-1,-1,-1
1411,191,892,273,93,59,1,-1,-1,-1
1412,191,891,274,93,59,1,-1,-1,-1
1413,191,892,274,90,58,1,-1,-1,-1
1414,191,893,275,88,56,1,-1,-1,-1
1415,191,885,283,96,55,1,-1,-1,-1
1416,191,885,282,95,55,1,-1,-1,-1
1417,191,891,275,91,57,1,-1,-1,-1
1418,191,890,275,92,57,1,-1,-1,-1
1419,191,891,274,90,58,1,-1,-1,-1
1420,191,892,275,89,57,1,-1,-1,-1
1421,191,891,274,93,59,1,-1,-1,-1
1422,191,883,278,100,59,1,-1,-1,-1
1423,191,890,273,94,62,1,-1,-1,-1
1424,191,892,273,92,60,1,-1,-1,-1
1425,191,889,273,95,61,1,-1,-1,-1
1426,191,889,274,95,60,1,-1,-1,-1
1427,191,889,275,94,59,1,-1,-1,-1
1428,191,883,278,98,61,1,-1,-1,-1
1429,191,884,280,96,59,1,-1,-1,-1
1430,191,885,283,96,61,1,-1,-1,-1
1431,191,884,282,97,55,1,-1,-1,-1
1432,191,883,279,97,58,1,-1,-1,-1
1433,191,883,277,98,60,1,-1,-1,-1
1434,191,890,273,91,58,1,-1,-1,-1
1435,191,893,272,89,59,1,-1,-1,-1
1436,191,893,271,88,60,1,-1,-1,-1
1437,191,893,271,88,61,1,-1,-1,-1
1438,191,894,271,88,61,1,-1,-1,-1
1439,191,892,272,89,60,1,-1,-1,-1
1440,191,893,272,88,60,1,-1,-1,-1
1441,191,884,279,96,57,1,-1,-1,-1
1442,191,885,282,96,56,1,-1,-1,-1
1443,191,900,271,79,49,1,-1,-1,-1
1445,191,894,274,88,60,1,-1,-1,-1
1446,191,893,275,88,59,1,-1,-1,-1
1451,191,892,275,91,57,1,-1,-1,-1
1452,191,892,274,90,57,1,-1,-1,-1
1453,191,892,274,90,57,1,-1,-1,-1
1454,191,884,280,96,58,1,-1,-1,-1
1455,191,891,275,91,58,1,-1,-1,-1
1456,191,884,282,98,58,1,-1,-1,-1
1457,191,884,282,97,57,1,-1,-1,-1
1458,191,884,283,97,57,1,-1,-1,-1
1459,191,894,276,87,55,1,-1,-1,-1
1460,191,893,276,88,56,1,-1,-1,-1
1461,191,884,277,99,59,1,-1,-1,-1
1462,191,888,273,95,59,1,-1,-1,-1
1463,191,889,273,93,59,1,-1,-1,-1
1464,191,891,272,91,58,1,-1,-1,-1
1465,191,893,273,89,57,1,-1,-1,-1
1466,191,892,273,90,58,1,-1,-1,-1
1467,191,891,273,91,59,1,-1,-1,-1
1468,191,892,273,89,59,1,-1,-1,-1
1469,191,884,283,96,57,1,-1,-1,-1
1470,191,886,282,94,58,1,-1,-1,-1
1471,191,885,281,96,57,1,-1,-1,-1
1472,191,885,281,96,57,1,-1,-1,-1
1473,191,885,281,96,58,1,-1,-1,-1
1474,191,884,280,96,58,1,-1,-1,-1
1475,191,883,280,98,60,1,-1,-1,-1
1476,191,883,279,99,61,1,-1,-1,-1
1477,191,885,279,96,58,1,-1,-1,-1
1478,191,890,275,91,59,1,-1,-1,-1
1479,191,891,274,90,60,1,-1,-1,-1
1480,191,891,274,91,59,1,-1,-1,-1
1481,191,891,273,92,58,1,-1,-1,-1
1482,191,891,273,90,59,1,-1,-1,-1
1483,191,884,280,97,60,1,-1,-1,-1
1484,191,894,276,89,58,1,-1,-1,-1
1485,191,894,276,87,58,1,-1,-1,-1
1486,191,885,285,96,57,1,-1,-1,-1
1487,191,885,285,96,56,1,-1,-1,-1
1488,191,885,284,96,57,1,-1,-1,-1
1489,191,884,284,98,57,1,-1,-1,-1
1490,191,885,285,96,56,1,-1,-1,-1
1491,191,888,276,96,58,1,-1,-1,-1
1492,191,891,273,93,59,1,-1,-1,-1
1493,191,890,273,94,60,1,-1,-1,-1
1494,191,889,273,95,60,1,-1,-1,-1
1495,191,889,273,94,59,1,-1,-1,-1
1496,191,890,274,94,59,1,-1,-1,-1
1497,191,889,274,94,59,1,-1,-1,-1
1498,191,889,274,94,59,1,-1,-1,-1
1499,191,883,281,100,59,1,-1,-1,-1
1500,191,883,282,100,58,1,-1,-1,-1
1501,191,883,281,99,56,1,-1,-1,-1
1502,191,883,282,98,56,1,-1,-1,-1
1503,191,883,279,99,59,1,-1,-1,-1
1504,191,884,277,98,60,1,-1,-1,-1
1505,191,891,272,91,59,1,-1,-1,-1
1506,191,891,272,92,60,1,-1,-1,-1
1507,191,891,272,92,59,1,-1,-1,-1
1508,191,891,272,91,59,1,-1,-1,-1
1509,191,892,271,90,59,1,-1,-1,-1
1510,191,893,271,89,58,1,-1,-1,-1
1511,191,890,273,93,60,1,-1,-1,-1
1512,191,889,273,93,60,1,-1,-1,-1
1513,191,889,274,93,59,1,-1,-1,-1
1514,191,884,278,97,59,1,-1,-1,-1
1515,191,884,281,96,57,1,-1,-1,-1
1516,191,883,281,96,57,1,-1,-1,-1
1517,191,890,274,93,59,1,-1,-1,-1
1518,191,889,273,94,60,1,-1,-1,-1
1519,191,889,272,95,60,1,-1,-1,-1
1520,191,889,272,94,61,1,-1,-1,-1
1521,191,889,272,95,61,1,-1,-1,-1
1522,191,891,272,94,62,1,-1,-1,-1
1523,191,891,273,93,62,1,-1,-1,-1
1524,191,893,272,92,62,1,-1,-1,-1
1525,191,892,272,93,61,1,-1,-1,-1
1526,191,888,269,97,65,1,-1,-1,-1
1527,191,890,273,95,60,1,-1,-1,-1
1528,191,889,274,94,60,1,-1,-1,-1
1529,191,889,274,94,60,1,-1,-1,-1
1530,191,890,275,92,58,1,-1,-1,-1
1531,191,891,274,91,57,1,-1,-1,-1
1532,191,890,273,93,59,1,-1,-1,-1
1533,191,890,273,93,59,1,-1,-1,-1
1534,191,889,272,94,59,1,-1,-1,-1
1535,191,891,271,92,60,1,-1,-1,-1
1536,191,891,272,93,60,1,-1,-1,-1
1537,191,892,271,91,62,1,-1,-1,-1
1538,191,893,271,89,62,1,-1,-1,-1
1539,191,891,272,90,60,1,-1,-1,-1
1540,191,893,272,88,59,1,-1,-1,-1
1541,191,885,277,96,60,1,-1,-1,-1
1542,191,888,274,93,60,1,-1,-1,-1
1543,191,888,274,94,60,1,-1,-1,-1
1544,191,884,281,96,55,1,-1,-1,-1
1545,191,883,284,96,54,1,-1,-1,-1
1546,191,883,280,97,57,1,-1,-1,-1
1547,191,884,279,96,58,1,-1,-1,-1
1548,191,889,273,92,60,1,-1,-1,-1
1549,191,891,272,90,61,1,-1,-1,-1
1550,191,891,273,91,60,1,-1,-1,-1
1551,191,891,274,93,58,1,-1,-1,-1
1552,191,892,274,92,58,1,-1,-1,-1
1553,191,893,274,89,58,1,-1,-1,-1
1554,191,892,274,90,57,1,-1,-1,-1
1555,191,891,274,93,58,1,-1,-1,-1
1556,191,890,273,93,59,1,-1,-1,-1
1557,191,890,274,93,59,1,-1,-1,-1
1558,191,883,283,98,55,1,-1,-1,-1
1559,191,884,284,98,54,1,-1,-1,-1
1560,191,892,275,90,57,1,-1,-1,-1
1561,191,885,277,95,58,1,-1,-1,-1
1562,191,891,274,90,58,1,-1,-1,-1
1563,191,892,273,91,60,1,-1,-1,-1
1564,191,892,274,90,59,1,-1,-1,-1
1565,191,893,274,89,58,1,-1,-1,-1
1566,191,891,274,91,58,1,-1,-1,-1
1567,191,892,274,90,58,1,-1,-1,-1
1568,191,892,274,90,58,1,-1,-1,-1
1569,191,894,274,87,56,1,-1,-1,-1
1570,191,885,282,95,55,1,-1,-1,-1
1571,191,884,279,99,58,1,-1,-1,-1
1572,191,884,278,98,59,1,-1,-1,-1
1573,191,884,280,96,56,1,-1,-1,-1
1574,191,893,273,89,58,1,-1,-1,-1
1575,191,891,273,91,59,1,-1,-1,-1
1576,191,892,273,91,58,1,-1,-1,-1
1577,191,893,270,91,61,1,-1,-1,-1
1578,191,893,272,91,60,1,-1,-1,-1
1579,191,892,271,91,62,1,-1,-1,-1
1580,191,892,271,91,62,1,-1,-1,-1
1581,191,893,272,91,61,1,-1,-1,-1
1582,191,893,273,91,59,1,-1,-1,-1
1583,191,892,273,91,60,1,-1,-1,-1
1584,191,890,274,92,61,1,-1,-1,-1
1585,191,885,282,98,59,1,-1,-1,-1
1586,191,892,273,90,60,1,-1,-1,-1
1587,191,890,273,92,62,1,-1,-1,-1
1588,191,892,273,90,60,1,-1,-1,-1
1589,191,891,273,91,60,1,-1,-1,-1
1590,191,893,273,89,59,1,-1,-1,-1
1591,191,887,268,100,67,1,-1,-1,-1
1592,191,888,271,98,63,1,-1,-1,-1
1593,191,889,271,97,63,1,-1,-1,-1
1594,191,887,268,99,67,1,-1,-1,-1
1595,191,886,268,100,65,1,-1,-1,-1
1596,191,885,274,97,62,1,-1,-1,-1
1597,191,885,275,98,61,1,-1,-1,-1
1598,191,884,276,98,60,1,-1,-1,-1
1599,191,883,278,101,60,1,-1,-1,-1
1600,191,883,277,100,60,1,-1,-1,-1
1601,191,884,277,96,57,1,-1,-1,-1
1602,191,889,273,93,60,1,-1,-1,-1
1603,191,891,274,92,58,1,-1,-1,-1
1604,191,890,273,94,59,1,-1,-1,-1
1605,191,890,273,93,60,1,-1,-1,-1
1606,191,892,273,90,59,1,-1,-1,-1
1607,191,892,274,90,58,1,-1,-1,-1
1608,191,892,274,90,58,1,-1,-1,-1
1609,191,884,277,99,58,1,-1,-1,-1
1610,191,890,274,93,59,1,-1,-1,-1
1611,191,888,274,96,61,1,-1,-1,-1
1612,191,888,274,95,60,1,-1,-1,-1
1613,191,883,284,98,54,1,-1,-1,-1
1614,191,883,282,99,55,1,-1,-1,-1
1615,191,883,281,99,56,1,-1,-1,-1
1616,191,883,277,100,60,1,-1,-1,-1
1617,191,887,269,99,65,1,-1,-1,-1
1618,191,888,268,97,66,1,-1,-1,-1
1619,191,888,268,97,66,1,-1,-1,-1
1620,191,889,272,95,62,1,-1,-1,-1
1621,191,891,273,93,59,1,-1,-1,-1
1622,191,889,273,95,60,1,-1,-1,-1
1623,191,891,273,93,59,1,-1,-1,-1
1624,191,888,273,96,61,1,-1,-1,-1
1625,191,888,275,97,60,1,-1,-1,-1
1626,191,888,274,96,60,1,-1,-1,-1
1627,191,888,276,96,59,1,-1,-1,-1
1628,191,888,275,96,59,1,-1,-1,-1
1629,191,889,273,95,60,1,-1,-1,-1
1630,191,890,272,95,60,1,-1,-1,-1
1631,191,892,273,94,59,1,-1,-1,-1
1632,191,889,274,97,60,1,-1,-1,-1
1633,191,887,274,98,61,1,-1,-1,-1
1634,191,888,273,98,60,1,-1,-1,-1
1635,191,890,273,95,60,1,-1,-1,-1
1636,191,890,272,95,61,1,-1,-1,-1
1637,191,890,273,94,60,1,-1,-1,-1
1638,191,884,276,99,60,1,-1,-1,-1
1639,191,884,277,99,59,1,-1,-1,-1
1640,191,884,278,99,59,1,-1,-1,-1
1641,191,883,280,100,57,1,-1,-1,-1
1642,191,883,276,100,61,1,-1,-1,-1
1643,191,889,274,94,60,1,-1,-1,-1
1644,191,888,273,95,61,1,-1,-1,-1
1645,191,888,272,95,61,1,-1,-1,-1
1646,191,884,273,100,62,1,-1,-1,-1
1647,191,887,272,96,62,1,-1,-1,-1
1648,191,888,272,96,62,1,-1,-1,-1
1649,191,889,272,95,61,1,-1,-1,-1
1650,191,886,272,99,62,1,-1,-1,-1
1651,191,886,273,98,62,1,-1,-1,-1
1652,191,886,273,98,61,1,-1,-1,-1
1653,191,883,276,99,59,1,-1,-1,-1
1654,191,883,276,99,60,1,-1,-1,-1
1655,191,884,276,99,60,1,-1,-1,-1
1656,191,886,274,97,61,1,-1,-1,-1
1657,191,889,272,94,61,1,-1,-1,-1
1658,191,889,273,93,60,1,-1,-1,-1
1659,191,885,275,97,61,1,-1,-1,-1
1660,191,890,271,93,64,1,-1,-1,-1
1661,191,890,272,94,63,1,-1,-1,-1
1662,191,890,272,94,63,1,-1,-1,-1
1663,191,889,273,96,61,1,-1,-1,-1
1664,191,887,268,99,66,1,-1,-1,-1
1665,191,882,274,101,62,1,-1,-1,-1
1666,191,882,275,101,61,1,-1,-1,-1
1667,191,882,277,101,60,1,-1,-1,-1
1668,191,882,277,101,61,1,-1,-1,-1
1669,191,882,278,100,59,1,-1,-1,-1
1670,191,882,280,100,57,1,-1,-1,-1
1671,191,890,275,93,60,1,-1,-1,-1
1672,191,884,279,99,58,1,-1,-1,-1
1673,191,883,277,100,60,1,-1,-1,-1
1674,191,884,272,99,63,1,-1,-1,-1
1675,191,884,273,100,64,1,-1,-1,-1
1676,191,884,272,100,66,1,-1,-1,-1
1677,191,884,271,100,66,1,-1,-1,-1
1678,191,889,271,95,65,1,-1,-1,-1
1679,191,889,272,94,61,1,-1,-1,-1
1680,191,889,273,93,60,1,-1,-1,-1
1681,191,890,272,92,62,1,-1,-1,-1
1682,191,889,272,94,61,1,-1,-1,-1
1683,191,884,275,97,61,1,-1,-1,-1
1684,191,884,277,96,59,1,-1,-1,-1
1685,191,885,279,94,58,1,-1,-1,-1
1686,191,885,283,95,55,1,-1,-1,-1
1687,191,891,272,91,61,1,-1,-1,-1
1688,191,893,272,90,61,1,-1,-1,-1
1689,191,893,272,89,62,1,-1,-1,-1
1690,191,893,272,90,61,1,-1,-1,-1
1691,191,890,272,93,62,1,-1,-1,-1
1692,191,889,272,95,62,1,-1,-1,-1
1693,191,890,271,94,64,1,-1,-1,-1
1694,191,890,272,94,62,1,-1,-1,-1
1695,191,889,272,96,61,1,-1,-1,-1
1696,191,887,274,97,61,1,-1,-1,-1
1697,191,887,273,98,62,1,-1,-1,-1
1698,191,888,274,96,60,1,-1,-1,-1
1699,191,888,274,95,60,1,-1,-1,-1
1700,191,887,275,97,59,1,-1,-1,-1
1701,191,889,276,94,58,1,-1,-1,-1
1702,191,887,275,96,60,1,-1,-1,-1
1703,191,887,274,96,60,1,-1,-1,-1
1704,191,887,274,96,60,1,-1,-1,-1
1705,191,883,275,100,61,1,-1,-1,-1
1706,191,883,275,100,62,1,-1,-1,-1
1707,191,887,274,96,60,1,-1,-1,-1
1708,191,889,274,94,59,1,-1,-1,-1
1709,191,888,275,96,59,1,-1,-1,-1
1710,191,889,276,95,58,1,-1,-1,-1
1711,191,884,276,100,60,1,-1,-1,-1
1712,191,889,274,94,60,1,-1,-1,-1
1713,191,889,274,95,60,1,-1,-1,-1
1714,191,888,274,96,60,1,-1,-1,-1
1715,191,887,274,97,60,1,-1,-1,-1
1716,191,888,274,96,60,1,-1,-1,-1
1717,191,883,274,98,62,1,-1,-1,-1
1718,191,883,274,98,62,1,-1,-1,-1
1719,191,883,274,97,61,1,-1,-1,-1
1720,191,882,279,98,57,1,-1,-1,-1
1721,191,884,280,97,56,1,-1,-1,-1
1722,191,884,277,96,58,1,-1,-1,-1
1723,191,883,279,99,57,1,-1,-1,-1
1724,191,887,274,97,60,1,-1,-1,-1
1725,191,883,276,99,60,1,-1,-1,-1
1726,191,883,277,99,59,1,-1,-1,-1
1727,191,883,277,99,60,1,-1,-1,-1
1728,191,884,274,99,61,1,-1,-1,-1
1729,191,883,275,99,61,1,-1,-1,-1
1730,191,883,275,99,61,1,-1,-1,-1
1731,191,888,273,94,61,1,-1,-1,-1
1732,191,884,275,98,62,1,-1,-1,-1
1733,191,889,273,93,61,1,-1,-1,-1
1734,191,891,274,92,59,1,-1,-1,-1
1735,191,891,273,92,59,1,-1,-1,-1
1736,191,890,273,94,60,1,-1,-1,-1
1737,191,891,273,92,59,1,-1,-1,-1
1738,191,891,273,91,59,1,-1,-1,-1
1739,191,891,273,91,60,1,-1,-1,-1
1740,191,892,274,90,58,1,-1,-1,-1
1741,191,885,278,96,58,1,-1,-1,-1
1742,191,889,273,93,61,1,-1,-1,-1
1743,191,890,272,93,60,1,-1,-1,-1
1744,191,891,272,91,61,1,-1,-1,-1
1745,191,890,272,92,61,1,-1,-1,-1
1746,191,890,272,92,62,1,-1,-1,-1
1747,191,890,272,92,62,1,-1,-1,-1
1748,191,890,272,92,61,1,-1,-1,-1
1749,191,890,272,92,61,1,-1,-1,-1
1750,191,891,272,91,61,1,-1,-1,-1
1751,191,885,284,96,54,1,-1,-1,-1
1752,191,890,275,92,59,1,-1,-1,-1
1753,191,891,275,91,59,1,-1,-1,-1
1754,191,886,283,94,55,1,-1,-1,-1
1755,191,889,275,93,59,1,-1,-1,-1
1756,191,889,275,92,59,1,-1,-1,-1
1757,191,889,275,93,59,1,-1,-1,-1
1758,191,889,275,93,59,1,-1,-1,-1
1759,191,889,275,93,58,1,-1,-1,-1
1760,191,889,275,93,59,1,-1,-1,-1
1761,191,891,272,93,61,1,-1,-1,-1
1762,191,891,273,92,60,1,-1,-1,-1
1763,191,891,273,93,60,1,-1,-1,-1
1764,191,892,271,92,62,1,-1,-1,-1
1765,191,889,272,96,61,1,-1,-1,-1
1766,191,889,272,96,62,1,-1,-1,-1
1767,191,888,272,96,62,1,-1,-1,-1
1768,191,888,272,96,62,1,-1,-1,-1
1769,191,889,272,95,61,1,-1,-1,-1
1770,191,889,272,96,61,1,-1,-1,-1
1771,191,888,273,96,61,1,-1,-1,-1
1772,191,887,273,96,62,1,-1,-1,-1
1773,191,889,273,94,61,1,-1,-1,-1
1774,191,889,272,93,62,1,-1,-1,-1
1775,191,890,272,94,62,1,-1,-1,-1
1776,191,884,275,97,60,1,-1,-1,-1
1777,191,884,275,99,61,1,-1,-1,-1
1778,191,887,269,96,65,1,-1,-1,-1
1779,191,884,275,98,62,1,-1,-1,-1
1780,191,884,276,97,61,1,-1,-1,-1
1781,191,888,274,94,60,1,-1,-1,-1
1782,191,889,274,94,59,1,-1,-1,-1
1783,191,889,274,94,59,1,-1,-1,-1
1784,191,884,275,98,62,1,-1,-1,-1
1785,191,884,275,98,62,1,-1,-1,-1
1786,191,884,275,98,62,1,-1,-1,-1
1787,191,888,274,95,60,1,-1,-1,-1
1788,191,887,273,96,61,1,-1,-1,-1
1789,191,888,274,96,60,1,-1,-1,-1
1790,191,889,274,94,60,1,-1,-1,-1
1791,191,889,275,95,59,1,-1,-1,-1
1792,191,888,275,95,60,1,-1,-1,-1
1793,191,888,275,96,60,1,-1,-1,-1
1794,191,888,274,97,61,1,-1,-1,-1
1795,191,887,274,96,61,1,-1,-1,-1
1796,191,886,274,97,62,1,-1,-1,-1
1797,191,888,274,96,61,1,-1,-1,-1
1798,191,888,274,95,60,1,-1,-1,-1
1799,191,885,277,98,59,1,-1,-1,-1
1800,191,889,274,94,62,1,-1,-1,-1
1801,191,884,275,99,61,1,-1,-1,-1
1802,191,888,273,95,62,1,-1,-1,-1
1803,191,888,273,96,61,1,-1,-1,-1
1804,191,886,269,99,64,1,-1,-1,-1
1805,191,888,273,95,61,1,-1,-1,-1
1806,191,890,273,94,60,1,-1,-1,-1
1807,191,888,274,95,59,1,-1,-1,-1
1808,191,888,274,95,59,1,-1,-1,-1
1809,191,889,274,95,59,1,-1,-1,-1
1810,191,889,273,95,59,1,-1,-1,-1
1811,191,883,275,99,60,1,-1,-1,-1
1812,191,885,269,99,65,1,-1,-1,-1
1813,191,885,274,97,62,1,-1,-1,-1
1814,191,893,272,89,61,1,-1,-1,-1
1815,191,891,272,92,61,1,-1,-1,-1
1816,191,890,272,93,61,1,-1,-1,-1
1817,191,889,272,95,62,1,-1,-1,-1
1818,191,889,272,95,63,1,-1,-1,-1
1819,191,890,274,94,60,1,-1,-1,-1
1820,191,890,273,95,60,1,-1,-1,-1
1821,191,884,282,100,55,1,-1,-1,-1
1822,191,883,282,99,56,1,-1,-1,-1
1823,191,883,277,98,60,1,-1,-1,-1
1824,191,884,277,97,59,1,-1,-1,-1
1825,191,889,273,93,60,1,-1,-1,-1
1826,191,890,273,92,60,1,-1,-1,-1
1827,191,891,272,94,60,1,-1,-1,-1
1828,191,889,273,94,60,1,-1,-1,-1
1829,191,890,273,93,60,1,-1,-1,-1
1830,191,891,272,92,60,1,-1,-1,-1
1831,191,892,272,93,60,1,-1,-1,-1
1832,191,891,272,94,59,1,-1,-1,-1
1833,191,892,272,94,60,1,-1,-1,-1
1834,191,891,274,93,58,1,-1,-1,-1
1835,191,883,277,98,59,1,-1,-1,-1
1836,191,883,274,99,61,1,-1,-1,-1
1837,191,888,274,95,60,1,-1,-1,-1
1838,191,888,274,95,59,1,-1,-1,-1
1839,191,890,274,93,59,1,-1,-1,-1
1840,191,892,273,91,60,1,-1,-1,-1
1841,191,891,272,94,61,1,-1,-1,-1
1842,191,890,272,95,62,1,-1,-1,-1
1843,191,890,273,94,61,1,-1,-1,-1
1844,191,890,272,95,62,1,-1,-1,-1
1845,191,889,273,95,60,1,-1,-1,-1
1846,191,890,273,94,59,1,-1,-1,-1
1847,191,889,274,94,60,1,-1,-1,-1
1848,191,889,273,94,60,1,-1,-1,-1
1849,191,884,274,98,61,1,-1,-1,-1
1850,191,884,275,98,60,1,-1,-1,-1
1851,191,884,274,97,61,1,-1,-1,-1
1852,191,889,273,93,60,1,-1,-1,-1
1853,191,883,275,99,61,1,-1,-1,-1
1854,191,885,269,98,65,1,-1,-1,-1
1855,191,885,269,98,66,1,-1,-1,-1
1856,191,885,269,98,66,1,-1,-1,-1
1857,191,884,274,99,63,1,-1,-1,-1
1858,191,886,269,97,66,1,-1,-1,-1
1859,191,889,273,93,60,1,-1,-1,-1
1860,191,890,274,92,60,1,-1,-1,-1
1861,191,884,278,97,60,1,-1,-1,-1
1862,191,890,274,93,60,1,-1,-1,-1
1863,191,891,273,91,59,1,-1,-1,-1
1864,191,891,274,92,59,1,-1,-1,-1
1865,191,890,274,93,59,1,-1,-1,-1
1866,191,891,274,91,58,1,-1,-1,-1
1867,191,891,273,92,60,1,-1,-1,-1
1868,191,891,274,94,60,1,-1,-1,-1
1869,191,889,273,95,61,1,-1,-1,-1
1870,191,890,274,94,60,1,-1,-1,-1
1871,191,891,271,94,62,1,-1,-1,-1
1872,191,890,273,95,59,1,-1,-1,-1
1873,191,891,273,95,60,1,-1,-1,-1
1874,191,890,273,94,60,1,-1,-1,-1
1875,191,888,274,96,62,1,-1,-1,-1
1876,191,888,274,95,62,1,-1,-1,-1
1877,191,888,274,95,63,1,-1,-1,-1
1878,191,884,275,99,63,1,-1,-1,-1
1879,191,889,269,96,65,1,-1,-1,-1
1880,191,894,272,89,60,1,-1,-1,-1
1881,191,891,273,92,60,1,-1,-1,-1
1882,191,893,272,92,61,1,-1,-1,-1
1883,191,890,272,97,63,1,-1,-1,-1
1884,191,894,271,92,61,1,-1,-1,-1
1885,191,895,271,92,59,1,-1,-1,-1
1886,191,895,271,91,59,1,-1,-1,-1
1887,191,892,272,93,59,1,-1,-1,-1
1888,191,891,272,94,59,1,-1,-1,-1
1889,191,891,273,94,58,1,-1,-1,-1
1890,191,892,273,93,58,1,-1,-1,-1
1892,191,889,272,94,62,1,-1,-1,-1
1893,191,888,272,95,62,1,-1,-1,-1
1894,191,886,270,98,64,1,-1,-1,-1
1895,191,889,272,95,61,1,-1,-1,-1
1896,191,888,273,96,60,1,-1,-1,-1
1897,191,884,274,97,63,1,-1,-1,-1
1898,191,884,274,97,62,1,-1,-1,-1
1899,191,889,272,93,62,1,-1,-1,-1
1900,191,883,274,97,62,1,-1,-1,-1
1901,191,884,280,97,57,1,-1,-1,-1
1902,191,884,280,97,57,1,-1,-1,-1
1903,191,884,280,98,57,1,-1,-1,-1
1904,191,884,279,98,59,1,-1,-1,-1
1905,191,888,273,94,61,1,-1,-1,-1
1906,191,888,274,94,60,1,-1,-1,-1
1907,191,884,274,97,61,1,-1,-1,-1
1908,191,885,274,96,61,1,-1,-1,-1
1909,191,889,272,94,61,1,-1,-1,-1
1910,191,889,273,94,61,1,-1,-1,-1
1911,191,889,273,95,60,1,-1,-1,-1
1912,191,882,278,98,58,1,-1,-1,-1
1913,191,883,279,97,57,1,-1,-1,-1
1914,191,884,283,96,54,1,-1,-1,-1
1915,191,892,275,90,57,1,-1,-1,-1
1916,191,892,275,90,58,1,-1,-1,-1
1917,191,885,282,96,58,1,-1,-1,-1
1918,191,884,279,98,59,1,-1,-1,-1
1919,191,889,273,93,64,1,-1,-1,-1
1920,191,890,272,92,64,1,-1,-1,-1
1921,191,893,272,90,62,1,-1,-1,-1
1922,191,892,273,92,62,1,-1,-1,-1
1923,191,881,286,100,57,1,-1,-1,-1
1924,191,892,274,92,60,1,-1,-1,-1
1925,191,891,274,92,61,1,-1,-1,-1
1926,191,884,286,96,56,1,-1,-1,-1
1927,191,883,295,94,50,1,-1,-1,-1
1928,191,880,298,93,54,1,-1,-1,-1
1929,191,885,292,95,49,1,-1,-1,-1
1930,191,875,300,103,57,1,-1,-1,-1
1931,191,878,300,102,64,1,-1,-1,-1
1932,191,876,299,107,75,1,-1,-1,-1
1933,191,877,298,105,64,1,-1,-1,-1
1934,191,876,298,109,78,1,-1,-1,-1
1935,191,875,298,113,98,1,-1,-1,-1
1936,191,874,303,114,93,1,-1,-1,-1
1937,191,875,305,112,92,1,-1,-1,-1
1938,191,874,305,112,97,1,-1,-1,-1
1939,191,875,307,109,96,1,-1,-1,-1
1940,191,875,310,104,95,1,-1,-1,-1
1941,191,873,303,112,104,1,-1,-1,-1
1942,191,875,305,114,103,1,-1,-1,-1
1943,191,874,298,116,112,1,-1,-1,-1
1944,191,878,316,116,97,1,-1,-1,-1
1945,191,879,319,112,96,1,-1,-1,-1
1946,191,878,322,114,97,1,-1,-1,-1
1947,191,879,321,116,101,1,-1,-1,-1
1948,191,881,324,119,101,1,-1,-1,-1
1949,191,881,325,122,102,1,-1,-1,-1
1950,191,883,325,125,105,1,-1,-1,-1
1951,191,888,328,126,106,1,-1,-1,-1
1952,191,893,331,125,107,1,-1,-1,-1
1953,191,903,335,125,106,1,-1,-1,-1
1954,191,906,335,130,111,1,-1,-1,-1
1955,191,901,332,146,116,1,-1,-1,-1
1956,191,900,334,160,119,1,-1,-1,-1
1957,191,906,339,166,120,1,-1,-1,-1
1958,191,911,340,176,123,1,-1,-1,-1
1959,191,919,343,185,125,1,-1,-1,-1
1960,191,927,344,198,127,1,-1,-1,-1
1961,191,940,348,208,129,1,-1,-1,-1
1962,191,951,353,221,132,1,-1,-1,-1
1963,191,970,355,229,134,1,-1,-1,-1
1964,191,984,357,244,137,1,-1,-1,-1
1965,191,1001,361,259,140,1,-1,-1,-1
1966,191,1023,363,271,143,1,-1,-1,-1
1967,191,1043,365,286,147,1,-1,-1,-1
1968,191,1070,369,297,148,1,-1,-1,-1
1969,191,1102,377,306,146,1,-1,-1,-1
1970,191,1133,378,317,150,1,-1,-1,-1
1971,191,1165,380,331,154,1,-1,-1,-1
1972,191,1204,384,340,156,1,-1,-1,-1
1973,191,1244,388,347,159,1,-1,-1,-1
1974,191,1288,389,356,163,1,-1,-1,-1
1975,191,1334,395,362,165,1,-1,-1,-1
1976,191,1385,402,368,163,1,-1,-1,-1
1977,191,1436,406,371,165,1,-1,-1,-1
1978,191,1489,409,373,169,1,-1,-1,-1
1979,191,1548,410,371,170,1,-1,-1,-1
1980,191,1608,417,310,165,1,-1,-1,-1
1981,191,1665,426,254,147,1,-1,-1,-1
1982,191,1725,429,194,146,1,-1,-1,-1
1983,191,1783,433,136,146,1,-1,-1,-1
1984,191,1842,437,77,145,1,-1,-1,-1
1978,196,812,179,43,51,1,-1,-1,-1
1979,196,812,179,44,55,1,-1,-1,-1
1981,196,809,193,39,38,1,-1,-1,-1
1982,196,811,196,40,40,1,-1,-1,-1
1988,196,806,201,40,39,1,-1,-1,-1
1990,196,802,211,36,35,1,-1,-1,-1
1991,196,800,217,38,34,1,-1,-1,-1
1992,196,794,215,44,37,1,-1,-1,-1
1993,196,800,193,42,53,1,-1,-1,-1
1994,196,799,195,43,35,1,-1,-1,-1
1995,196,802,193,39,30,1,-1,-1,-1
1996,196,798,193,43,31,1,-1,-1,-1
1997,196,797,195,43,31,1,-1,-1,-1
1998,196,795,197,45,32,1,-1,-1,-1
1999,196,797,196,45,31,1,-1,-1,-1
2000,196,798,195,43,34,1,-1,-1,-1
2001,196,798,198,45,34,1,-1,-1,-1
2002,196,795,196,45,33,1,-1,-1,-1
2003,196,798,195,41,33,1,-1,-1,-1
2004,196,799,196,41,33,1,-1,-1,-1
2005,196,797,197,43,33,1,-1,-1,-1
2006,196,796,197,44,36,1,-1,-1,-1
2007,196,797,196,43,37,1,-1,-1,-1
2008,196,794,197,47,37,1,-1,-1,-1
2009,196,795,197,46,38,1,-1,-1,-1
2010,196,797,200,44,36,1,-1,-1,-1
2011,196,796,198,46,39,1,-1,-1,-1
2012,196,794,199,49,37,1,-1,-1,-1
2013,196,795,199,48,40,1,-1,-1,-1
2014,196,797,200,50,42,1,-1,-1,-1
2015,196,798,201,48,42,1,-1,-1,-1
2016,196,798,201,50,45,1,-1,-1,-1
2017,196,798,202,50,43,1,-1,-1,-1
2018,196,798,201,52,49,1,-1,-1,-1
2019,196,799,202,54,49,1,-1,-1,-1
2020,196,799,202,56,48,1,-1,-1,-1
2021,196,800,207,56,46,1,-1,-1,-1
2022,196,800,204,59,50,1,-1,-1,-1
2023,196,800,205,63,52,1,-1,-1,-1
2024,196,804,207,60,50,1,-1,-1,-1
2025,196,808,214,61,45,1,-1,-1,-1
2026,196,809,214,61,46,1,-1,-1,-1
2027,196,815,211,58,52,1,-1,-1,-1
2028,196,819,214,57,51,1,-1,-1,-1
2029,196,823,215,58,50,1,-1,-1,-1
2030,196,825,226,59,43,1,-1,-1,-1
2031,196,828,222,60,49,1,-1,-1,-1
2032,196,830,224,61,47,1,-1,-1,-1
2033,196,833,220,64,54,1,-1,-1,-1
2034,196,835,225,64,51,1,-1,-1,-1
2035,196,838,226,64,52,1,-1,-1,-1
2036,196,842,225,65,56,1,-1,-1,-1
2037,196,845,224,66,59,1,-1,-1,-1
2038,196,847,225,70,59,1,-1,-1,-1
2039,196,849,227,70,58,1,-1,-1,-1
2040,196,852,230,70,60,1,-1,-1,-1
2041,196,855,234,70,58,1,-1,-1,-1
2042,196,858,235,69,58,1,-1,-1,-1
2043,196,859,234,71,61,1,-1,-1,-1
2044,196,862,236,72,60,1,-1,-1,-1
2045,196,863,238,74,62,1,-1,-1,-1
2046,196,867,240,73,63,1,-1,-1,-1
2047,196,869,242,74,64,1,-1,-1,-1
2048,196,872,247,73,62,1,-1,-1,-1
2049,196,874,243,73,68,1,-1,-1,-1
2050,196,876,246,76,68,1,-1,-1,-1
2051,196,876,245,79,73,1,-1,-1,-1
2052,196,877,246,80,72,1,-1,-1,-1
2053,196,878,253,79,70,1,-1,-1,-1
2054,196,879,259,78,67,1,-1,-1,-1
2055,196,879,254,78,75,1,-1,-1,-1
2056,196,879,257,80,74,1,-1,-1,-1
2057,196,880,259,81,74,1,-1,-1,-1
2058,196,881,257,81,79,1,-1,-1,-1
2059,196,879,268,84,70,1,-1,-1,-1
2060,196,882,285,82,59,1,-1,-1,-1
2061,196,881,278,85,66,1,-1,-1,-1
2062,196,882,274,86,72,1,-1,-1,-1
2063,196,883,272,88,77,1,-1,-1,-1
2064,196,883,286,87,68,1,-1,-1,-1
2065,196,882,293,90,66,1,-1,-1,-1
2066,196,882,290,91,70,1,-1,-1,-1
2067,196,882,284,91,78,1,-1,-1,-1
2068,196,881,286,94,81,1,-1,-1,-1
2069,196,882,275,95,94,1,-1,-1,-1
2070,196,883,287,94,86,1,-1,-1,-1
2071,196,883,284,97,91,1,-1,-1,-1
2072,196,883,290,97,87,1,-1,-1,-1
2073,196,883,287,99,93,1,-1,-1,-1
2074,196,884,292,99,91,1,-1,-1,-1
2075,196,883,289,101,97,1,-1,-1,-1
2076,196,884,289,101,101,1,-1,-1,-1
2077,196,884,294,103,98,1,-1,-1,-1
2078,196,882,276,105,118,1,-1,-1,-1
2079,196,883,290,105,108,1,-1,-1,-1
2080,196,884,299,105,101,1,-1,-1,-1
2081,196,883,294,107,108,1,-1,-1,-1
2082,196,885,301,106,103,1,-1,-1,-1
2083,196,885,302,107,104,1,-1,-1,-1
2084,196,883,304,108,104,1,-1,-1,-1
2085,196,883,304,109,107,1,-1,-1,-1
2086,196,885,308,109,106,1,-1,-1,-1
2087,196,884,313,112,103,1,-1,-1,-1
2088,196,884,312,112,106,1,-1,-1,-1
2089,196,884,316,113,104,1,-1,-1,-1
2090,196,883,316,115,106,1,-1,-1,-1
2091,196,883,317,117,108,1,-1,-1,-1
2092,196,883,317,118,109,1,-1,-1,-1
2093,196,884,320,118,108,1,-1,-1,-1
2094,196,885,324,117,106,1,-1,-1,-1
2095,196,884,320,119,113,1,-1,-1,-1
2096,196,886,322,119,112,1,-1,-1,-1
2097,196,885,323,119,113,1,-1,-1,-1
2098,196,885,321,121,116,1,-1,-1,-1
2099,196,885,321,121,116,1,-1,-1,-1
2100,196,884,324,123,115,1,-1,-1,-1
2101,196,885,325,124,115,1,-1,-1,-1
2102,196,887,325,123,115,1,-1,-1,-1
2103,196,887,325,125,117,1,-1,-1,-1
2104,196,885,328,127,114,1,-1,-1,-1
2105,196,883,327,130,117,1,-1,-1,-1
2106,196,886,327,128,118,1,-1,-1,-1
2107,196,886,328,128,117,1,-1,-1,-1
2108,196,884,328,131,118,1,-1,-1,-1
2109,196,887,329,128,118,1,-1,-1,-1
2110,196,887,328,128,119,1,-1,-1,-1
1,197,925,178,34,28,1,-1,-1,-1
2,197,925,179,34,28,1,-1,-1,-1
3,197,926,178,34,28,1,-1,-1,-1
4,197,926,178,34,28,1,-1,-1,-1
5,197,927,177,33,29,1,-1,-1,-1
6,197,927,178,32,29,1,-1,-1,-1
7,197,926,177,31,30,1,-1,-1,-1
8,197,926,176,29,31,1,-1,-1,-1
9,197,926,175,28,32,1,-1,-1,-1
10,197,926,174,27,33,1,-1,-1,-1
11,197,926,175,25,33,1,-1,-1,-1
12,197,927,175,25,33,1,-1,-1,-1
20,197,925,176,25,31,1,-1,-1,-1
21,197,924,175,25,32,1,-1,-1,-1
22,197,924,174,24,33,1,-1,-1,-1
23,197,924,173,23,34,1,-1,-1,-1
24,197,923,173,24,34,1,-1,-1,-1
30,197,923,172,25,34,1,-1,-1,-1
31,197,921,173,27,33,1,-1,-1,-1
32,197,921,173,27,33,1,-1,-1,-1
34,197,923,172,24,34,1,-1,-1,-1
35,197,921,172,24,34,1,-1,-1,-1
36,197,921,172,24,33,1,-1,-1,-1
37,197,921,173,23,33,1,-1,-1,-1
38,197,921,173,23,34,1,-1,-1,-1
39,197,921,173,23,33,1,-1,-1,-1
40,197,920,172,25,34,1,-1,-1,-1
41,197,919,172,26,34,1,-1,-1,-1
42,197,921,172,25,34,1,-1,-1,-1
43,197,921,171,25,35,1,-1,-1,-1
44,197,921,171,25,34,1,-1,-1,-1
45,197,920,171,28,34,1,-1,-1,-1
46,197,918,172,29,34,1,-1,-1,-1
47,197,916,171,30,35,1,-1,-1,-1
48,197,917,171,29,35,1,-1,-1,-1
49,197,918,170,27,36,1,-1,-1,-1
50,197,919,171,25,35,1,-1,-1,-1
51,197,918,172,26,33,1,-1,-1,-1
52,197,918,172,26,33,1,-1,-1,-1
53,197,918,173,26,32,1,-1,-1,-1
54,197,920,173,25,32,1,-1,-1,-1
55,197,921,173,23,32,1,-1,-1,-1
56,197,922,174,24,32,1,-1,-1,-1
57,197,922,174,24,32,1,-1,-1,-1
58,197,921,173,26,33,1,-1,-1,-1
62,197,921,175,24,32,1,-1,-1,-1
63,197,920,173,24,34,1,-1,-1,-1
64,197,920,173,24,33,1,-1,-1,-1
65,197,919,173,25,34,1,-1,-1,-1
66,197,918,173,26,34,1,-1,-1,-1
67,197,919,173,25,34,1,-1,-1,-1
68,197,919,173,25,33,1,-1,-1,-1
69,197,920,173,24,33,1,-1,-1,-1
70,197,921,173,24,34,1,-1,-1,-1
71,197,924,177,21,32,1,-1,-1,-1
72,197,924,177,22,31,1,-1,-1,-1
73,197,923,177,23,30,1,-1,-1,-1
74,197,924,178,23,30,1,-1,-1,-1
75,197,923,178,23,30,1,-1,-1,-1
76,197,924,179,22,29,1,-1,-1,-1
77,197,923,179,23,29,1,-1,-1,-1
78,197,922,178,23,29,1,-1,-1,-1
79,197,923,178,22,30,1,-1,-1,-1
80,197,924,178,22,30,1,-1,-1,-1
81,197,925,177,20,32,1,-1,-1,-1
82,197,925,176,20,31,1,-1,-1,-1
83,197,925,177,21,31,1,-1,-1,-1
84,197,925,178,21,30,1,-1,-1,-1
92,197,925,181,21,29,1,-1,-1,-1
98,197,927,179,20,29,1,-1,-1,-1
99,197,927,179,20,29,1,-1,-1,-1
100,197,927,180,21,29,1,-1,-1,-1
14,198,584,247,88,133,1,-1,-1,-1
15,198,583,246,88,154,1,-1,-1,-1
16,198,582,247,90,143,1,-1,-1,-1
17,198,582,247,89,143,1,-1,-1,-1
18,198,583,247,88,122,1,-1,-1,-1
19,198,583,248,88,121,1,-1,-1,-1
20,198,582,249,88,125,1,-1,-1,-1
23,198,579,249,87,122,1,-1,-1,-1
25,198,578,249,88,123,1,-1,-1,-1
28,198,571,251,95,163,1,-1,-1,-1
29,198,573,253,92,133,1,-1,-1,-1
30,198,570,252,96,153,1,-1,-1,-1
31,198,570,251,96,160,1,-1,-1,-1
32,198,567,252,98,165,1,-1,-1,-1
33,198,565,251,98,184,1,-1,-1,-1
34,198,564,253,100,175,1,-1,-1,-1
35,198,563,255,101,130,1,-1,-1,-1
36,198,563,255,98,127,1,-1,-1,-1
37,198,560,255,101,127,1,-1,-1,-1
38,198,559,258,100,129,1,-1,-1,-1
39,198,555,257,102,173,1,-1,-1,-1
40,198,553,257,104,129,1,-1,-1,-1
41,198,552,259,105,130,1,-1,-1,-1
42,198,551,260,104,132,1,-1,-1,-1
43,198,550,261,103,141,1,-1,-1,-1
44,198,546,261,104,136,1,-1,-1,-1
45,198,542,263,109,164,1,-1,-1,-1
46,198,539,262,110,188,1,-1,-1,-1
47,198,536,264,112,136,1,-1,-1,-1
48,198,533,266,115,135,1,-1,-1,-1
49,198,529,267,116,152,1,-1,-1,-1
50,198,524,268,123,204,1,-1,-1,-1
51,198,522,269,122,200,1,-1,-1,-1
52,198,517,270,128,213,1,-1,-1,-1
53,198,515,270,125,210,1,-1,-1,-1
54,198,515,272,128,153,1,-1,-1,-1
68,198,444,285,169,262,1,-1,-1,-1
88,198,232,347,307,433,1,-1,-1,-1
23,199,781,195,30,27,1,-1,-1,-1
24,199,782,195,27,25,1,-1,-1,-1
25,199,781,195,28,26,1,-1,-1,-1
26,199,781,194,29,26,1,-1,-1,-1
32,199,780,191,28,24,1,-1,-1,-1
33,199,779,193,29,25,1,-1,-1,-1
37,199,776,194,29,26,1,-1,-1,-1
40,199,775,192,26,25,1,-1,-1,-1
41,199,774,191,27,26,1,-1,-1,-1
42,199,774,191,29,26,1,-1,-1,-1
43,199,775,194,28,25,1,-1,-1,-1
44,199,775,194,27,25,1,-1,-1,-1
45,199,774,194,28,24,1,-1,-1,-1
46,199,773,195,29,25,1,-1,-1,-1
47,199,770,193,30,25,1,-1,-1,-1
48,199,769,193,29,24,1,-1,-1,-1
49,199,769,193,28,25,1,-1,-1,-1
50,199,767,196,30,24,1,-1,-1,-1
51,199,766,195,33,25,1,-1,-1,-1
52,199,765,196,31,26,1,-1,-1,-1
53,199,766,197,29,25,1,-1,-1,-1
54,199,763,196,31,26,1,-1,-1,-1
55,199,761,196,34,27,1,-1,-1,-1
56,199,761,196,34,28,1,-1,-1,-1
57,199,761,198,35,27,1,-1,-1,-1
58,199,758,197,37,28,1,-1,-1,-1
59,199,757,196,35,29,1,-1,-1,-1
60,199,756,197,34,28,1,-1,-1,-1
61,199,754,197,35,28,1,-1,-1,-1
62,199,755,198,32,28,1,-1,-1,-1
63,199,754,200,33,27,1,-1,-1,-1
64,199,754,202,33,25,1,-1,-1,-1
65,199,752,201,34,26,1,-1,-1,-1
66,199,751,202,33,26,1,-1,-1,-1
67,199,748,203,36,26,1,-1,-1,-1
68,199,746,205,38,25,1,-1,-1,-1
69,199,744,204,40,26,1,-1,-1,-1
70,199,743,205,39,27,1,-1,-1,-1
71,199,745,205,37,26,1,-1,-1,-1
72,199,743,206,39,27,1,-1,-1,-1
73,199,741,205,37,30,1,-1,-1,-1
74,199,738,206,41,29,1,-1,-1,-1
75,199,739,208,39,29,1,-1,-1,-1
76,199,735,206,41,32,1,-1,-1,-1
77,199,733,207,43,34,1,-1,-1,-1
78,199,731,208,41,34,1,-1,-1,-1
79,199,729,209,41,34,1,-1,-1,-1
80,199,726,211,44,35,1,-1,-1,-1
81,199,724,212,43,36,1,-1,-1,-1
82,199,722,214,46,36,1,-1,-1,-1
83,199,719,213,46,37,1,-1,-1,-1
84,199,717,215,47,36,1,-1,-1,-1
85,199,714,216,46,37,1,-1,-1,-1
86,199,711,216,49,38,1,-1,-1,-1
87,199,706,218,51,38,1,-1,-1,-1
88,199,705,220,50,38,1,-1,-1,-1
89,199,703,222,50,38,1,-1,-1,-1
90,199,699,222,52,41,1,-1,-1,-1
91,199,694,223,54,42,1,-1,-1,-1
92,199,692,226,54,43,1,-1,-1,-1
93,199,688,226,55,44,1,-1,-1,-1
94,199,685,229,55,43,1,-1,-1,-1
95,199,681,233,56,42,1,-1,-1,-1
96,199,677,234,57,43,1,-1,-1,-1
97,199,673,235,59,45,1,-1,-1,-1
98,199,670,239,59,45,1,-1,-1,-1
99,199,668,241,58,46,1,-1,-1,-1
100,199,664,245,59,45,1,-1,-1,-1
101,199,660,246,62,47,1,-1,-1,-1
102,199,656,249,63,48,1,-1,-1,-1
103,199,649,252,66,50,1,-1,-1,-1
104,199,645,255,68,51,1,-1,-1,-1
105,199,641,259,70,51,1,-1,-1,-1
106,199,637,259,70,56,1,-1,-1,-1
107,199,633,264,72,57,1,-1,-1,-1
108,199,631,267,72,58,1,-1,-1,-1
109,199,626,271,75,59,1,-1,-1,-1
110,199,623,274,76,61,1,-1,-1,-1
111,199,618,280,80,62,1,-1,-1,-1
112,199,615,283,83,69,1,-1,-1,-1
113,199,614,290,81,66,1,-1,-1,-1
114,199,611,293,84,73,1,-1,-1,-1
115,199,607,299,87,77,1,-1,-1,-1
116,199,604,303,91,82,1,-1,-1,-1
117,199,602,313,93,80,1,-1,-1,-1
118,199,598,322,97,83,1,-1,-1,-1
119,199,595,327,101,89,1,-1,-1,-1
120,199,592,335,105,93,1,-1,-1,-1
121,199,588,345,107,93,1,-1,-1,-1
122,199,582,352,114,102,1,-1,-1,-1
123,199,580,365,118,103,1,-1,-1,-1
124,199,574,377,124,112,1,-1,-1,-1
125,199,569,389,133,117,1,-1,-1,-1
126,199,561,403,140,126,1,-1,-1,-1
127,199,555,420,145,134,1,-1,-1,-1
128,199,541,436,163,147,1,-1,-1,-1
129,199,530,459,177,153,1,-1,-1,-1
130,199,517,478,184,170,1,-1,-1,-1
131,199,503,506,197,183,1,-1,-1,-1
132,199,484,536,210,196,1,-1,-1,-1
133,199,460,570,229,218,1,-1,-1,-1
134,199,434,610,252,250,1,-1,-1,-1
135,199,404,661,274,281,1,-1,-1,-1
136,199,365,719,304,324,1,-1,-1,-1
137,199,313,790,345,285,1,-1,-1,-1
138,199,269,873,370,203,1,-1,-1,-1
139,199,268,978,339,98,1,-1,-1,-1
187,200,928,182,21,25,1,-1,-1,-1
188,200,927,182,21,25,1,-1,-1,-1
189,200,928,182,20,26,1,-1,-1,-1
190,200,927,182,20,27,1,-1,-1,-1
191,200,925,183,21,26,1,-1,-1,-1
193,200,923,184,21,26,1,-1,-1,-1
197,200,927,183,21,27,1,-1,-1,-1
198,200,927,183,21,26,1,-1,-1,-1
199,200,927,181,22,27,1,-1,-1,-1
200,200,927,181,22,27,1,-1,-1,-1
201,200,927,181,22,27,1,-1,-1,-1
202,200,927,181,22,27,1,-1,-1,-1
203,200,927,183,21,25,1,-1,-1,-1
204,200,926,182,21,26,1,-1,-1,-1
211,200,928,183,19,25,1,-1,-1,-1
212,200,928,182,20,25,1,-1,-1,-1
213,200,927,182,21,25,1,-1,-1,-1
214,200,927,182,21,25,1,-1,-1,-1
215,200,927,182,22,25,1,-1,-1,-1
216,200,927,183,21,24,1,-1,-1,-1
217,200,927,183,20,25,1,-1,-1,-1
218,200,927,183,19,25,1,-1,-1,-1
224,200,928,183,19,24,1,-1,-1,-1
225,200,928,183,19,24,1,-1,-1,-1
246,200,926,183,23,26,1,-1,-1,-1
249,200,927,183,35,26,1,-1,-1,-1
250,200,927,181,30,27,1,-1,-1,-1
251,200,927,181,36,28,1,-1,-1,-1
252,200,927,181,38,27,1,-1,-1,-1
253,200,928,181,35,27,1,-1,-1,-1
254,200,928,181,35,26,1,-1,-1,-1
255,200,927,181,35,26,1,-1,-1,-1
256,200,927,181,34,27,1,-1,-1,-1
257,200,928,182,27,25,1,-1,-1,-1
258,200,928,181,28,25,1,-1,-1,-1
259,200,927,181,32,27,1,-1,-1,-1
260,200,927,180,37,28,1,-1,-1,-1
261,200,927,180,34,28,1,-1,-1,-1
262,200,926,181,38,28,1,-1,-1,-1
263,200,926,181,35,28,1,-1,-1,-1
264,200,926,182,38,28,1,-1,-1,-1
265,200,927,181,34,27,1,-1,-1,-1
266,200,927,181,32,28,1,-1,-1,-1
267,200,928,181,32,27,1,-1,-1,-1
268,200,927,181,28,26,1,-1,-1,-1
269,200,928,181,31,27,1,-1,-1,-1
270,200,927,181,30,27,1,-1,-1,-1
271,200,927,181,29,27,1,-1,-1,-1
272,200,927,180,27,27,1,-1,-1,-1
613,201,1870,380,49,80,1,-1,-1,-1
614,201,1836,376,84,80,1,-1,-1,-1
615,201,1800,356,118,97,1,-1,-1,-1
616,201,1765,353,153,99,1,-1,-1,-1
617,201,1732,347,188,110,1,-1,-1,-1
618,201,1698,344,220,112,1,-1,-1,-1
619,201,1668,342,252,110,1,-1,-1,-1
620,201,1634,340,265,108,1,-1,-1,-1
621,201,1607,334,256,110,1,-1,-1,-1
622,201,1576,333,253,107,1,-1,-1,-1
623,201,1550,327,248,108,1,-1,-1,-1
624,201,1523,325,239,106,1,-1,-1,-1
625,201,1498,321,236,105,1,-1,-1,-1
626,201,1475,318,226,104,1,-1,-1,-1
627,201,1454,315,218,104,1,-1,-1,-1
628,201,1435,311,210,101,1,-1,-1,-1
629,201,1419,309,201,101,1,-1,-1,-1
630,201,1401,305,194,99,1,-1,-1,-1
631,201,1387,303,185,97,1,-1,-1,-1
632,201,1375,299,176,96,1,-1,-1,-1
633,201,1362,296,167,93,1,-1,-1,-1
634,201,1351,294,159,93,1,-1,-1,-1
635,201,1338,292,153,91,1,-1,-1,-1
636,201,1327,289,145,90,1,-1,-1,-1
637,201,1318,285,139,89,1,-1,-1,-1
638,201,1308,282,135,88,1,-1,-1,-1
639,201,1299,281,128,86,1,-1,-1,-1
640,201,1291,279,124,83,1,-1,-1,-1
641,201,1285,276,118,83,1,-1,-1,-1
642,201,1279,273,113,81,1,-1,-1,-1
643,201,1272,272,112,78,1,-1,-1,-1
644,201,1266,268,109,79,1,-1,-1,-1
645,201,1261,268,105,76,1,-1,-1,-1
646,201,1255,264,101,76,1,-1,-1,-1
647,201,1248,262,101,74,1,-1,-1,-1
648,201,1242,259,97,74,1,-1,-1,-1
649,201,1236,257,96,72,1,-1,-1,-1
650,201,1229,254,95,72,1,-1,-1,-1
651,201,1224,253,91,70,1,-1,-1,-1
652,201,1218,251,90,68,1,-1,-1,-1
653,201,1213,249,87,66,1,-1,-1,-1
654,201,1206,247,88,67,1,-1,-1,-1
655,201,1202,246,85,65,1,-1,-1,-1
656,201,1198,245,83,62,1,-1,-1,-1
657,201,1196,242,79,62,1,-1,-1,-1
658,201,1191,240,79,60,1,-1,-1,-1
659,201,1185,238,79,61,1,-1,-1,-1
660,201,1181,235,78,60,1,-1,-1,-1
661,201,1176,233,76,60,1,-1,-1,-1
662,201,1173,233,73,58,1,-1,-1,-1
663,201,1166,232,75,56,1,-1,-1,-1
664,201,1162,230,72,55,1,-1,-1,-1
665,201,1157,228,69,54,1,-1,-1,-1
666,201,1152,227,70,53,1,-1,-1,-1
667,201,1149,225,66,51,1,-1,-1,-1
668,201,1144,223,68,53,1,-1,-1,-1
669,201,1137,222,69,52,1,-1,-1,-1
670,201,1136,222,65,50,1,-1,-1,-1
671,201,1134,219,62,51,1,-1,-1,-1
672,201,1130,217,61,50,1,-1,-1,-1
673,201,1125,216,63,49,1,-1,-1,-1
674,201,1123,215,60,48,1,-1,-1,-1
675,201,1120,213,57,48,1,-1,-1,-1
676,201,1118,213,55,46,1,-1,-1,-1
677,201,1109,210,59,46,1,-1,-1,-1
678,201,1107,210,57,44,1,-1,-1,-1
679,201,1102,209,58,44,1,-1,-1,-1
680,201,1100,209,53,42,1,-1,-1,-1
681,201,1097,208,53,43,1,-1,-1,-1
682,201,1093,207,51,42,1,-1,-1,-1
683,201,1091,205,50,44,1,-1,-1,-1
684,201,1087,205,52,41,1,-1,-1,-1
685,201,1083,204,50,41,1,-1,-1,-1
686,201,1081,204,49,39,1,-1,-1,-1
687,201,1078,204,47,39,1,-1,-1,-1
688,201,1074,203,49,38,1,-1,-1,-1
689,201,1073,201,47,38,1,-1,-1,-1
690,201,1066,200,51,38,1,-1,-1,-1
691,201,1064,199,48,39,1,-1,-1,-1
692,201,1061,197,46,39,1,-1,-1,-1
693,201,1060,198,45,39,1,-1,-1,-1
694,201,1057,197,42,36,1,-1,-1,-1
695,201,1055,197,41,35,1,-1,-1,-1
696,201,1051,197,41,34,1,-1,-1,-1
697,201,1048,197,41,34,1,-1,-1,-1
698,201,1046,195,43,34,1,-1,-1,-1
699,201,1043,195,42,33,1,-1,-1,-1
700,201,1041,195,42,32,1,-1,-1,-1
701,201,1041,194,39,32,1,-1,-1,-1
702,201,1040,195,38,31,1,-1,-1,-1
703,201,1037,194,36,32,1,-1,-1,-1
704,201,1036,194,35,31,1,-1,-1,-1
705,201,1032,193,35,32,1,-1,-1,-1
706,201,1032,192,36,33,1,-1,-1,-1
707,201,1027,191,40,33,1,-1,-1,-1
708,201,1024,190,37,31,1,-1,-1,-1
709,201,1023,191,36,30,1,-1,-1,-1
710,201,1020,192,37,29,1,-1,-1,-1
711,201,1021,192,34,27,1,-1,-1,-1
712,201,1018,191,36,28,1,-1,-1,-1
713,201,1016,191,37,29,1,-1,-1,-1
714,201,1016,188,35,31,1,-1,-1,-1
715,201,1016,188,33,29,1,-1,-1,-1
716,201,1013,188,33,30,1,-1,-1,-1
717,201,1011,189,33,28,1,-1,-1,-1
718,201,1007,189,35,30,1,-1,-1,-1
719,201,1006,190,35,28,1,-1,-1,-1
720,201,1006,189,32,27,1,-1,-1,-1
721,201,1002,189,34,26,1,-1,-1,-1
722,201,1001,189,33,25,1,-1,-1,-1
723,201,1000,190,31,25,1,-1,-1,-1
724,201,1000,188,30,27,1,-1,-1,-1
725,201,997,189,30,28,1,-1,-1,-1
726,201,995,188,30,27,1,-1,-1,-1
727,201,994,188,29,26,1,-1,-1,-1
728,201,995,188,28,27,1,-1,-1,-1
729,201,995,188,27,26,1,-1,-1,-1
730,201,994,187,26,26,1,-1,-1,-1
731,201,992,187,25,25,1,-1,-1,-1
732,201,992,187,25,26,1,-1,-1,-1
733,201,990,186,27,25,1,-1,-1,-1
734,201,991,186,24,24,1,-1,-1,-1
735,201,986,186,26,24,1,-1,-1,-1
736,201,985,186,24,23,1,-1,-1,-1
739,201,979,185,25,23,1,-1,-1,-1
742,201,977,184,23,26,1,-1,-1,-1
752,201,967,183,24,23,1,-1,-1,-1
978,202,926,181,25,28,1,-1,-1,-1
979,202,925,180,28,28,1,-1,-1,-1
980,202,925,180,27,29,1,-1,-1,-1
981,202,926,180,30,28,1,-1,-1,-1
982,202,926,181,28,28,1,-1,-1,-1
983,202,926,181,32,28,1,-1,-1,-1
984,202,926,181,31,27,1,-1,-1,-1
985,202,926,181,26,27,1,-1,-1,-1
986,202,926,181,25,27,1,-1,-1,-1
987,202,926,181,27,28,1,-1,-1,-1
988,202,926,181,27,28,1,-1,-1,-1
989,202,926,181,28,28,1,-1,-1,-1
990,202,926,181,27,27,1,-1,-1,-1
991,202,926,181,23,27,1,-1,-1,-1
994,202,927,179,23,28,1,-1,-1,-1
995,202,927,179,23,28,1,-1,-1,-1
996,202,927,180,23,28,1,-1,-1,-1
997,202,927,179,23,28,1,-1,-1,-1
999,202,928,179,22,28,1,-1,-1,-1
1000,202,927,179,23,28,1,-1,-1,-1
1001,202,927,178,23,28,1,-1,-1,-1
1002,202,927,177,23,30,1,-1,-1,-1
1105,203,926,184,28,25,1,-1,-1,-1
1106,203,926,184,27,25,1,-1,-1,-1
1111,203,926,183,26,26,1,-1,-1,-1
1112,203,926,182,27,27,1,-1,-1,-1
1113,203,926,184,27,25,1,-1,-1,-1
1115,203,926,183,30,25,1,-1,-1,-1
1116,203,927,183,29,26,1,-1,-1,-1
1117,203,926,183,28,25,1,-1,-1,-1
1118,203,926,183,29,25,1,-1,-1,-1
1119,203,926,182,26,25,1,-1,-1,-1
1120,203,926,182,26,25,1,-1,-1,-1
1121,203,927,183,25,25,1,-1,-1,-1
1122,203,927,184,27,25,1,-1,-1,-1
1123,203,927,183,32,24,1,-1,-1,-1
1125,203,927,183,34,24,1,-1,-1,-1
1126,203,927,183,33,24,1,-1,-1,-1
1127,203,927,183,25,24,1,-1,-1,-1
1128,203,927,183,26,24,1,-1,-1,-1
1129,203,927,183,26,24,1,-1,-1,-1
1130,203,927,182,27,24,1,-1,-1,-1
1131,203,927,181,28,25,1,-1,-1,-1
1132,203,927,181,28,25,1,-1,-1,-1
1133,203,927,182,31,25,1,-1,-1,-1
1134,203,926,182,28,25,1,-1,-1,-1
1135,203,926,182,27,26,1,-1,-1,-1
1136,203,926,182,27,25,1,-1,-1,-1
1137,203,927,182,25,26,1,-1,-1,-1
1138,203,927,182,25,26,1,-1,-1,-1
1139,203,926,182,25,26,1,-1,-1,-1
1140,203,927,182,25,26,1,-1,-1,-1
1141,203,927,182,25,25,1,-1,-1,-1
1142,203,927,182,25,26,1,-1,-1,-1
1143,203,927,182,22,25,1,-1,-1,-1
1145,203,926,183,23,25,1,-1,-1,-1
1153,203,926,183,24,25,1,-1,-1,-1
1154,203,926,182,24,25,1,-1,-1,-1
1156,203,925,182,26,25,1,-1,-1,-1
1165,203,921,179,30,28,1,-1,-1,-1
1166,203,921,179,30,28,1,-1,-1,-1
1176,203,917,178,31,29,1,-1,-1,-1
1177,203,918,178,28,29,1,-1,-1,-1
1178,203,917,177,29,29,1,-1,-1,-1
1179,203,917,177,29,29,1,-1,-1,-1
1180,203,918,177,29,30,1,-1,-1,-1
1181,203,919,178,29,29,1,-1,-1,-1
1182,203,919,178,29,29,1,-1,-1,-1
1183,203,920,179,31,28,1,-1,-1,-1
1184,203,920,179,31,27,1,-1,-1,-1
1185,203,921,179,29,27,1,-1,-1,-1
1186,203,922,179,28,27,1,-1,-1,-1
1187,203,921,179,30,27,1,-1,-1,-1
1188,203,921,179,29,27,1,-1,-1,-1
1189,203,920,179,31,27,1,-1,-1,-1
1190,203,920,179,30,27,1,-1,-1,-1
1191,203,926,180,24,28,1,-1,-1,-1
1192,203,926,180,25,28,1,-1,-1,-1
1193,203,926,180,25,27,1,-1,-1,-1
1194,203,925,180,25,28,1,-1,-1,-1
1195,203,922,179,28,28,1,-1,-1,-1
1196,203,921,178,30,28,1,-1,-1,-1
1197,203,921,178,30,29,1,-1,-1,-1
1198,203,924,178,27,28,1,-1,-1,-1
1199,203,924,178,28,28,1,-1,-1,-1
1200,203,923,178,28,28,1,-1,-1,-1
1204,203,927,180,23,27,1,-1,-1,-1
1211,203,923,176,28,29,1,-1,-1,-1
1236,203,926,175,29,30,1,-1,-1,-1
1237,203,925,175,30,30,1,-1,-1,-1
1238,203,925,175,28,30,1,-1,-1,-1
1239,203,925,175,32,31,1,-1,-1,-1
1240,203,925,175,32,31,1,-1,-1,-1
1241,203,924,175,32,31,1,-1,-1,-1
1242,203,924,176,31,30,1,-1,-1,-1
1243,203,924,176,30,30,1,-1,-1,-1
1244,203,924,176,29,30,1,-1,-1,-1
1245,203,925,176,28,31,1,-1,-1,-1
1246,203,925,177,27,30,1,-1,-1,-1
1247,203,925,175,27,30,1,-1,-1,-1
1248,203,925,174,27,32,1,-1,-1,-1
1249,203,925,173,27,33,1,-1,-1,-1
1250,203,925,174,27,33,1,-1,-1,-1
1251,203,925,174,26,33,1,-1,-1,-1
1252,203,925,174,27,33,1,-1,-1,-1
1253,203,925,173,26,33,1,-1,-1,-1
1254,203,925,174,25,33,1,-1,-1,-1
1255,203,925,173,25,33,1,-1,-1,-1
1256,203,925,173,25,33,1,-1,-1,-1
1257,203,925,173,25,33,1,-1,-1,-1
1258,203,926,173,24,34,1,-1,-1,-1
1259,203,926,173,24,33,1,-1,-1,-1
1261,203,927,173,22,33,1,-1,-1,-1
1226,204,373,230,34,28,1,-1,-1,-1
1227,204,373,230,34,28,1,-1,-1,-1
1228,204,373,230,34,28,1,-1,-1,-1
1229,204,373,230,34,28,1,-1,-1,-1
1230,204,373,230,34,28,1,-1,-1,-1
1247,204,373,230,33,29,1,-1,-1,-1
1248,204,373,230,33,29,1,-1,-1,-1
1252,204,373,230,33,28,1,-1,-1,-1
1278,205,881,294,95,55,1,-1,-1,-1
1279,205,881,295,94,55,1,-1,-1,-1
1280,205,881,295,95,55,1,-1,-1,-1
1291,205,881,295,96,53,1,-1,-1,-1
1292,205,881,295,96,53,1,-1,-1,-1
1293,205,880,295,97,52,1,-1,-1,-1
1294,205,880,296,97,53,1,-1,-1,-1
1295,205,880,296,98,53,1,-1,-1,-1
1296,205,880,296,98,54,1,-1,-1,-1
1297,205,880,296,99,57,1,-1,-1,-1
1298,205,880,296,99,57,1,-1,-1,-1
1299,205,879,295,100,58,1,-1,-1,-1
1300,205,879,295,100,57,1,-1,-1,-1
1301,205,884,286,97,53,1,-1,-1,-1
1302,205,885,286,97,54,1,-1,-1,-1
1303,205,884,285,97,54,1,-1,-1,-1
1304,205,884,285,98,54,1,-1,-1,-1
1305,205,884,285,98,54,1,-1,-1,-1
1306,205,880,296,100,53,1,-1,-1,-1
1307,205,885,284,97,54,1,-1,-1,-1
1308,205,884,285,99,55,1,-1,-1,-1
1309,205,880,296,100,55,1,-1,-1,-1
1315,205,881,295,98,54,1,-1,-1,-1
1317,205,881,294,98,58,1,-1,-1,-1
1318,205,881,294,98,58,1,-1,-1,-1
1319,205,881,295,98,57,1,-1,-1,-1
1320,205,881,295,98,58,1,-1,-1,-1
1413,206,882,294,96,55,1,-1,-1,-1
1414,206,880,292,99,62,1,-1,-1,-1
1420,206,881,294,97,57,1,-1,-1,-1
1443,206,886,288,92,54,1,-1,-1,-1
1444,206,887,283,93,57,1,-1,-1,-1
1447,206,885,281,96,58,1,-1,-1,-1
1448,206,884,279,97,60,1,-1,-1,-1
1449,206,884,280,97,58,1,-1,-1,-1
1450,206,884,281,97,57,1,-1,-1,-1
1451,206,882,295,95,53,1,-1,-1,-1
1452,206,882,295,95,55,1,-1,-1,-1
1453,206,881,294,98,58,1,-1,-1,-1
1459,206,877,294,102,61,1,-1,-1,-1
1460,206,878,293,101,59,1,-1,-1,-1
1465,206,880,296,99,55,1,-1,-1,-1
1551,207,881,294,96,57,1,-1,-1,-1
1552,207,881,294,96,58,1,-1,-1,-1
1553,207,882,294,93,55,1,-1,-1,-1
1554,207,882,294,94,55,1,-1,-1,-1
1555,207,881,296,96,53,1,-1,-1,-1
1556,207,882,296,97,54,1,-1,-1,-1
1557,207,882,296,97,54,1,-1,-1,-1
1560,207,881,295,96,53,1,-1,-1,-1
1566,207,882,295,92,51,1,-1,-1,-1
1567,207,882,295,92,52,1,-1,-1,-1
1569,207,881,296,95,54,1,-1,-1,-1
1586,207,881,295,96,56,1,-1,-1,-1
1624,208,790,190,24,23,1,-1,-1,-1
1625,208,788,190,25,23,1,-1,-1,-1
1626,208,786,190,26,24,1,-1,-1,-1
1627,208,786,192,25,23,1,-1,-1,-1
1628,208,786,192,25,24,1,-1,-1,-1
1629,208,785,193,26,23,1,-1,-1,-1
1631,208,784,190,28,23,1,-1,-1,-1
1632,208,784,191,28,24,1,-1,-1,-1
1633,208,784,190,28,24,1,-1,-1,-1
1634,208,782,191,29,25,1,-1,-1,-1
1635,208,781,191,32,25,1,-1,-1,-1
1636,208,779,191,31,25,1,-1,-1,-1
1637,208,778,192,29,25,1,-1,-1,-1
1638,208,777,192,32,26,1,-1,-1,-1
1639,208,776,192,31,27,1,-1,-1,-1
1640,208,776,192,31,28,1,-1,-1,-1
1641,208,775,191,31,29,1,-1,-1,-1
1642,208,776,191,31,30,1,-1,-1,-1
1643,208,775,192,31,28,1,-1,-1,-1
1644,208,775,192,30,29,1,-1,-1,-1
1645,208,775,193,31,29,1,-1,-1,-1
1646,208,774,194,31,28,1,-1,-1,-1
1647,208,774,194,30,28,1,-1,-1,-1
1648,208,773,194,31,28,1,-1,-1,-1
1649,208,772,195,31,28,1,-1,-1,-1
1650,208,771,196,32,30,1,-1,-1,-1
1651,208,771,195,33,28,1,-1,-1,-1
1652,208,770,199,32,26,1,-1,-1,-1
1653,208,770,197,32,27,1,-1,-1,-1
1654,208,768,197,33,27,1,-1,-1,-1
1655,208,767,199,32,26,1,-1,-1,-1
1656,208,766,199,31,27,1,-1,-1,-1
1657,208,766,196,33,30,1,-1,-1,-1
1658,208,765,196,34,30,1,-1,-1,-1
1659,208,763,197,35,28,1,-1,-1,-1
1660,208,762,197,37,28,1,-1,-1,-1
1661,208,761,198,36,28,1,-1,-1,-1
1662,208,761,198,35,29,1,-1,-1,-1
1663,208,761,198,35,29,1,-1,-1,-1
1664,208,757,198,37,30,1,-1,-1,-1
1665,208,757,199,38,29,1,-1,-1,-1
1666,208,756,201,40,29,1,-1,-1,-1
1667,208,754,199,38,31,1,-1,-1,-1
1668,208,753,199,40,31,1,-1,-1,-1
1669,208,754,199,40,31,1,-1,-1,-1
1670,208,753,200,41,32,1,-1,-1,-1
1671,208,751,200,38,32,1,-1,-1,-1
1672,208,749,201,39,31,1,-1,-1,-1
1673,208,748,201,43,32,1,-1,-1,-1
1674,208,748,201,44,33,1,-1,-1,-1
1675,208,749,201,44,35,1,-1,-1,-1
1676,208,747,201,46,35,1,-1,-1,-1
1677,208,745,203,45,32,1,-1,-1,-1
1678,208,743,205,46,32,1,-1,-1,-1
1679,208,742,206,45,32,1,-1,-1,-1
1680,208,741,207,42,33,1,-1,-1,-1
1681,208,740,206,41,34,1,-1,-1,-1
1682,208,738,206,43,37,1,-1,-1,-1
1683,208,737,208,43,35,1,-1,-1,-1
1684,208,737,207,41,36,1,-1,-1,-1
1685,208,734,206,43,39,1,-1,-1,-1
1686,208,733,208,43,38,1,-1,-1,-1
1687,208,731,208,45,38,1,-1,-1,-1
1688,208,730,208,46,39,1,-1,-1,-1
1689,208,727,209,47,40,1,-1,-1,-1
1690,208,725,210,48,39,1,-1,-1,-1
1691,208,723,210,49,39,1,-1,-1,-1
1692,208,723,210,46,41,1,-1,-1,-1
1693,208,720,212,48,38,1,-1,-1,-1
1694,208,719,213,48,39,1,-1,-1,-1
1695,208,716,214,50,40,1,-1,-1,-1
1696,208,715,215,50,40,1,-1,-1,-1
1697,208,713,215,50,41,1,-1,-1,-1
1698,208,713,216,50,42,1,-1,-1,-1
1699,208,709,218,53,40,1,-1,-1,-1
1700,208,707,217,51,42,1,-1,-1,-1
1701,208,704,218,54,43,1,-1,-1,-1
1702,208,703,220,53,43,1,-1,-1,-1
1703,208,700,220,55,44,1,-1,-1,-1
1704,208,698,219,57,46,1,-1,-1,-1
1705,208,696,222,56,44,1,-1,-1,-1
1706,208,694,222,58,46,1,-1,-1,-1
1707,208,693,223,58,46,1,-1,-1,-1
1708,208,691,224,56,47,1,-1,-1,-1
1709,208,687,224,59,48,1,-1,-1,-1
1710,208,687,224,57,48,1,-1,-1,-1
1711,208,685,223,60,51,1,-1,-1,-1
1712,208,683,225,60,49,1,-1,-1,-1
1713,208,680,225,61,50,1,-1,-1,-1
1714,208,678,225,62,52,1,-1,-1,-1
1715,208,676,228,59,49,1,-1,-1,-1
1716,208,676,225,60,53,1,-1,-1,-1
1717,208,674,229,60,51,1,-1,-1,-1
1718,208,671,229,61,53,1,-1,-1,-1
1719,208,670,232,61,50,1,-1,-1,-1
1720,208,668,233,62,52,1,-1,-1,-1
1721,208,666,234,62,52,1,-1,-1,-1
1722,208,665,235,63,54,1,-1,-1,-1
1723,208,662,237,63,52,1,-1,-1,-1
1724,208,660,236,65,55,1,-1,-1,-1
1725,208,658,239,64,52,1,-1,-1,-1
1726,208,658,239,63,54,1,-1,-1,-1
1727,208,655,240,65,54,1,-1,-1,-1
1728,208,654,242,64,54,1,-1,-1,-1
1729,208,651,242,67,55,1,-1,-1,-1
1730,208,648,243,68,55,1,-1,-1,-1
1731,208,647,243,69,58,1,-1,-1,-1
1732,208,644,246,70,56,1,-1,-1,-1
1733,208,643,245,69,58,1,-1,-1,-1
1734,208,640,247,72,58,1,-1,-1,-1
1735,208,639,246,72,60,1,-1,-1,-1
1736,208,636,247,73,60,1,-1,-1,-1
1737,208,635,248,72,61,1,-1,-1,-1
1738,208,634,250,73,60,1,-1,-1,-1
1739,208,631,250,74,62,1,-1,-1,-1
1740,208,629,250,75,63,1,-1,-1,-1
1741,208,628,252,76,63,1,-1,-1,-1
1742,208,626,252,76,64,1,-1,-1,-1
1743,208,626,254,75,64,1,-1,-1,-1
1744,208,623,254,76,64,1,-1,-1,-1
1745,208,621,256,77,64,1,-1,-1,-1
1746,208,621,255,76,65,1,-1,-1,-1
1747,208,618,259,77,63,1,-1,-1,-1
1748,208,618,259,77,64,1,-1,-1,-1
1749,208,615,258,78,68,1,-1,-1,-1
1750,208,614,260,77,67,1,-1,-1,-1
1751,208,611,260,80,68,1,-1,-1,-1
1752,208,609,262,79,67,1,-1,-1,-1
1753,208,607,262,81,69,1,-1,-1,-1
1754,208,606,264,81,69,1,-1,-1,-1
1755,208,604,267,82,68,1,-1,-1,-1
1756,208,602,264,84,72,1,-1,-1,-1
1757,208,601,266,85,73,1,-1,-1,-1
1758,208,598,267,87,74,1,-1,-1,-1
1759,208,598,267,87,76,1,-1,-1,-1
1760,208,596,267,85,76,1,-1,-1,-1
1761,208,595,268,86,76,1,-1,-1,-1
1762,208,594,269,86,76,1,-1,-1,-1
1763,208,591,269,87,77,1,-1,-1,-1
1764,208,590,270,88,78,1,-1,-1,-1
1765,208,586,272,90,78,1,-1,-1,-1
1766,208,585,271,90,81,1,-1,-1,-1
1767,208,583,273,91,81,1,-1,-1,-1
1768,208,581,273,89,82,1,-1,-1,-1
1769,208,580,274,90,82,1,-1,-1,-1
1770,208,578,277,89,81,1,-1,-1,-1
1771,208,577,276,89,82,1,-1,-1,-1
1772,208,575,277,91,83,1,-1,-1,-1
1773,208,573,281,92,81,1,-1,-1,-1
1774,208,572,281,93,82,1,-1,-1,-1
1775,208,570,281,94,83,1,-1,-1,-1
1776,208,570,282,94,84,1,-1,-1,-1
1777,208,569,284,93,84,1,-1,-1,-1
1778,208,566,283,94,86,1,-1,-1,-1
1779,208,563,284,96,85,1,-1,-1,-1
1780,208,561,286,97,84,1,-1,-1,-1
1781,208,558,286,98,87,1,-1,-1,-1
1782,208,557,287,99,86,1,-1,-1,-1
1783,208,555,291,98,85,1,-1,-1,-1
1784,208,554,289,100,88,1,-1,-1,-1
1785,208,552,291,101,88,1,-1,-1,-1
1786,208,553,293,98,88,1,-1,-1,-1
1787,208,549,294,101,87,1,-1,-1,-1
1788,208,546,293,105,89,1,-1,-1,-1
1789,208,544,291,105,90,1,-1,-1,-1
1790,208,545,293,102,90,1,-1,-1,-1
1791,208,545,295,101,89,1,-1,-1,-1
1792,208,542,295,105,89,1,-1,-1,-1
1793,208,544,295,102,90,1,-1,-1,-1
1794,208,543,295,102,92,1,-1,-1,-1
1795,208,542,296,102,90,1,-1,-1,-1
1796,208,541,297,102,90,1,-1,-1,-1
1797,208,541,297,101,92,1,-1,-1,-1
1798,208,541,298,101,92,1,-1,-1,-1
1799,208,541,296,101,95,1,-1,-1,-1
1800,208,541,297,101,95,1,-1,-1,-1
1801,208,539,299,103,94,1,-1,-1,-1
1802,208,538,301,103,92,1,-1,-1,-1
1803,208,538,301,103,93,1,-1,-1,-1
1804,208,537,300,104,95,1,-1,-1,-1
1805,208,538,300,103,95,1,-1,-1,-1
1806,208,539,299,102,96,1,-1,-1,-1
1807,208,538,302,101,94,1,-1,-1,-1
1808,208,537,301,101,95,1,-1,-1,-1
1809,208,537,303,101,93,1,-1,-1,-1
1810,208,537,305,101,91,1,-1,-1,-1
1811,208,538,303,101,95,1,-1,-1,-1
1812,208,538,305,100,94,1,-1,-1,-1
1813,208,538,306,100,94,1,-1,-1,-1
1814,208,538,307,100,94,1,-1,-1,-1
1815,208,537,306,101,94,1,-1,-1,-1
1816,208,537,306,100,94,1,-1,-1,-1
1817,208,538,307,100,92,1,-1,-1,-1
1818,208,537,307,100,90,1,-1,-1,-1
1819,208,538,307,100,90,1,-1,-1,-1
1820,208,536,308,102,90,1,-1,-1,-1
1821,208,537,308,101,91,1,-1,-1,-1
1822,208,537,308,101,91,1,-1,-1,-1
1823,208,537,308,101,90,1,-1,-1,-1
1824,208,537,309,101,90,1,-1,-1,-1
1825,208,536,308,101,90,1,-1,-1,-1
1826,208,537,308,101,90,1,-1,-1,-1
1827,208,536,308,102,90,1,-1,-1,-1
1828,208,537,308,101,90,1,-1,-1,-1
1829,208,537,308,101,90,1,-1,-1,-1
1830,208,537,308,101,90,1,-1,-1,-1
1831,208,537,307,101,91,1,-1,-1,-1
1832,208,537,307,101,91,1,-1,-1,-1
1833,208,537,307,100,91,1,-1,-1,-1
1834,208,537,307,100,91,1,-1,-1,-1
1835,208,538,307,100,91,1,-1,-1,-1
1836,208,537,307,100,91,1,-1,-1,-1
1837,208,537,308,100,90,1,-1,-1,-1
1838,208,537,307,100,91,1,-1,-1,-1
1839,208,537,308,101,90,1,-1,-1,-1
1840,208,537,308,100,90,1,-1,-1,-1
1841,208,537,307,101,91,1,-1,-1,-1
1842,208,538,307,99,91,1,-1,-1,-1
1843,208,538,306,99,92,1,-1,-1,-1
1844,208,538,307,100,91,1,-1,-1,-1
1845,208,538,307,100,90,1,-1,-1,-1
1846,208,538,308,99,91,1,-1,-1,-1
1847,208,537,308,100,91,1,-1,-1,-1
1848,208,538,308,99,91,1,-1,-1,-1
1849,208,538,307,98,93,1,-1,-1,-1
1850,208,538,308,99,91,1,-1,-1,-1
1851,208,537,307,100,91,1,-1,-1,-1
1852,208,537,307,100,91,1,-1,-1,-1
1853,208,537,307,100,90,1,-1,-1,-1
1854,208,537,306,101,92,1,-1,-1,-1
1855,208,537,306,101,92,1,-1,-1,-1
1856,208,537,306,101,92,1,-1,-1,-1
1857,208,537,307,101,91,1,-1,-1,-1
1858,208,537,307,100,90,1,-1,-1,-1
1859,208,537,308,100,90,1,-1,-1,-1
1860,208,537,308,100,90,1,-1,-1,-1
1861,208,537,307,99,93,1,-1,-1,-1
1862,208,536,307,100,92,1,-1,-1,-1
1863,208,537,307,101,91,1,-1,-1,-1
1864,208,537,307,101,91,1,-1,-1,-1
1865,208,537,309,100,90,1,-1,-1,-1
1866,208,536,308,101,90,1,-1,-1,-1
1867,208,537,308,100,89,1,-1,-1,-1
1868,208,538,307,99,92,1,-1,-1,-1
1869,208,538,307,99,91,1,-1,-1,-1
1870,208,538,307,99,91,1,-1,-1,-1
1871,208,537,307,100,90,1,-1,-1,-1
1872,208,537,307,101,92,1,-1,-1,-1
1873,208,537,306,100,92,1,-1,-1,-1
1874,208,538,307,99,92,1,-1,-1,-1
1875,208,538,307,100,91,1,-1,-1,-1
1876,208,537,307,100,91,1,-1,-1,-1
1877,208,537,307,100,91,1,-1,-1,-1
1878,208,538,307,100,92,1,-1,-1,-1
1879,208,537,308,100,91,1,-1,-1,-1
1880,208,538,307,99,91,1,-1,-1,-1
1881,208,538,305,100,94,1,-1,-1,-1
1882,208,538,306,100,91,1,-1,-1,-1
1883,208,538,306,100,91,1,-1,-1,-1
1884,208,538,306,100,90,1,-1,-1,-1
1885,208,538,308,99,90,1,-1,-1,-1
1886,208,538,308,99,90,1,-1,-1,-1
1887,208,538,308,99,90,1,-1,-1,-1
1888,208,538,307,100,91,1,-1,-1,-1
1889,208,538,306,100,91,1,-1,-1,-1
1890,208,538,307,100,91,1,-1,-1,-1
1891,208,538,308,100,90,1,-1,-1,-1
1892,208,538,308,100,90,1,-1,-1,-1
1893,208,538,307,100,91,1,-1,-1,-1
1894,208,538,307,100,90,1,-1,-1,-1
1895,208,538,307,100,90,1,-1,-1,-1
1896,208,537,307,101,91,1,-1,-1,-1
1897,208,537,307,100,90,1,-1,-1,-1
1898,208,537,307,100,91,1,-1,-1,-1
1899,208,538,307,100,91,1,-1,-1,-1
1900,208,538,307,100,91,1,-1,-1,-1
1901,208,538,306,100,92,1,-1,-1,-1
1902,208,538,306,100,92,1,-1,-1,-1
1903,208,538,307,100,92,1,-1,-1,-1
1904,208,538,307,100,92,1,-1,-1,-1
1905,208,538,307,100,92,1,-1,-1,-1
1906,208,538,307,100,92,1,-1,-1,-1
1907,208,537,306,101,91,1,-1,-1,-1
1908,208,537,306,101,91,1,-1,-1,-1
1909,208,537,306,100,92,1,-1,-1,-1
1910,208,537,307,100,92,1,-1,-1,-1
1911,208,537,307,100,91,1,-1,-1,-1
1912,208,538,307,100,91,1,-1,-1,-1
1913,208,537,307,100,91,1,-1,-1,-1
1914,208,538,308,99,91,1,-1,-1,-1
1915,208,537,306,100,93,1,-1,-1,-1
1916,208,538,307,99,91,1,-1,-1,-1
1917,208,538,308,99,90,1,-1,-1,-1
1918,208,537,307,100,91,1,-1,-1,-1
1919,208,537,309,100,89,1,-1,-1,-1
1920,208,537,309,100,89,1,-1,-1,-1
1921,208,537,307,100,90,1,-1,-1,-1
1922,208,537,307,100,89,1,-1,-1,-1
1923,208,537,307,100,91,1,-1,-1,-1
1924,208,537,308,100,90,1,-1,-1,-1
1925,208,537,308,100,89,1,-1,-1,-1
1926,208,537,308,100,90,1,-1,-1,-1
1927,208,537,308,99,90,1,-1,-1,-1
1928,208,537,308,99,90,1,-1,-1,-1
1929,208,537,308,99,91,1,-1,-1,-1
1930,208,537,308,99,91,1,-1,-1,-1
1931,208,537,308,100,91,1,-1,-1,-1
1932,208,537,308,100,90,1,-1,-1,-1
1933,208,537,308,101,90,1,-1,-1,-1
1934,208,538,307,100,91,1,-1,-1,-1
1935,208,538,307,100,91,1,-1,-1,-1
1936,208,538,307,100,91,1,-1,-1,-1
1937,208,537,307,101,91,1,-1,-1,-1
1938,208,537,307,100,91,1,-1,-1,-1
1939,208,537,307,100,91,1,-1,-1,-1
1940,208,538,307,100,92,1,-1,-1,-1
1941,208,538,306,98,93,1,-1,-1,-1
1942,208,537,306,98,93,1,-1,-1,-1
1943,208,537,306,98,93,1,-1,-1,-1
1944,208,537,306,99,93,1,-1,-1,-1
1945,208,536,307,101,92,1,-1,-1,-1
1946,208,537,307,100,92,1,-1,-1,-1
1947,208,536,306,101,92,1,-1,-1,-1
1948,208,536,305,101,93,1,-1,-1,-1
1949,208,536,305,101,93,1,-1,-1,-1
1950,208,536,305,101,92,1,-1,-1,-1
1951,208,538,306,99,91,1,-1,-1,-1
1952,208,537,306,100,92,1,-1,-1,-1
1953,208,538,307,100,91,1,-1,-1,-1
1954,208,537,307,100,91,1,-1,-1,-1
1955,208,537,307,101,91,1,-1,-1,-1
1956,208,537,307,101,91,1,-1,-1,-1
1957,208,536,308,101,91,1,-1,-1,-1
1958,208,537,308,101,91,1,-1,-1,-1
1959,208,536,307,101,91,1,-1,-1,-1
1960,208,536,307,101,91,1,-1,-1,-1
1961,208,537,305,100,93,1,-1,-1,-1
1962,208,537,307,100,91,1,-1,-1,-1
1963,208,536,306,100,91,1,-1,-1,-1
1964,208,536,306,101,91,1,-1,-1,-1
1965,208,536,306,101,91,1,-1,-1,-1
1966,208,537,306,101,92,1,-1,-1,-1
1967,208,536,306,101,91,1,-1,-1,-1
1968,208,536,306,101,92,1,-1,-1,-1
1969,208,536,307,101,91,1,-1,-1,-1
1970,208,536,308,100,91,1,-1,-1,-1
1971,208,537,307,100,92,1,-1,-1,-1
1972,208,537,307,100,92,1,-1,-1,-1
1973,208,537,307,100,92,1,-1,-1,-1
1974,208,537,308,101,91,1,-1,-1,-1
1975,208,537,308,100,91,1,-1,-1,-1
1976,208,537,306,101,92,1,-1,-1,-1
1977,208,537,306,101,92,1,-1,-1,-1
1978,208,537,306,101,92,1,-1,-1,-1
1979,208,537,306,101,92,1,-1,-1,-1
1980,208,537,306,101,92,1,-1,-1,-1
1981,208,537,306,101,91,1,-1,-1,-1
1982,208,537,306,101,91,1,-1,-1,-1
1983,208,537,306,101,92,1,-1,-1,-1
1984,208,536,306,101,92,1,-1,-1,-1
1985,208,537,306,101,92,1,-1,-1,-1
1986,208,536,306,101,92,1,-1,-1,-1
1987,208,536,306,102,92,1,-1,-1,-1
1988,208,536,305,102,93,1,-1,-1,-1
1989,208,536,306,101,92,1,-1,-1,-1
1990,208,537,305,101,92,1,-1,-1,-1
1991,208,538,306,100,91,1,-1,-1,-1
1992,208,538,306,100,91,1,-1,-1,-1
1993,208,538,306,100,92,1,-1,-1,-1
1994,208,538,306,100,92,1,-1,-1,-1
1995,208,538,306,100,92,1,-1,-1,-1
1996,208,538,306,100,92,1,-1,-1,-1
1997,208,539,307,99,91,1,-1,-1,-1
1998,208,538,307,100,91,1,-1,-1,-1
1999,208,537,307,101,91,1,-1,-1,-1
2000,208,537,308,100,90,1,-1,-1,-1
2001,208,537,309,100,89,1,-1,-1,-1
2002,208,537,308,100,89,1,-1,-1,-1
2003,208,538,308,100,89,1,-1,-1,-1
2004,208,538,308,101,89,1,-1,-1,-1
2005,208,537,307,101,90,1,-1,-1,-1
2006,208,537,307,101,90,1,-1,-1,-1
2007,208,538,307,100,90,1,-1,-1,-1
2008,208,538,307,100,91,1,-1,-1,-1
2009,208,538,307,100,92,1,-1,-1,-1
2010,208,537,307,100,91,1,-1,-1,-1
2011,208,536,307,101,91,1,-1,-1,-1
2012,208,536,306,102,92,1,-1,-1,-1
2013,208,536,307,102,91,1,-1,-1,-1
2014,208,536,307,102,91,1,-1,-1,-1
2015,208,537,307,101,91,1,-1,-1,-1
2016,208,537,307,101,91,1,-1,-1,-1
2017,208,536,307,102,91,1,-1,-1,-1
2018,208,537,306,101,94,1,-1,-1,-1
2019,208,538,304,100,95,1,-1,-1,-1
2020,208,538,304,100,95,1,-1,-1,-1
2021,208,537,306,101,91,1,-1,-1,-1
2022,208,537,306,101,91,1,-1,-1,-1
2023,208,536,306,102,90,1,-1,-1,-1
2024,208,537,306,101,92,1,-1,-1,-1
2025,208,537,306,101,92,1,-1,-1,-1
2026,208,537,307,101,91,1,-1,-1,-1
2027,208,537,307,101,91,1,-1,-1,-1
2028,208,537,308,101,91,1,-1,-1,-1
2029,208,538,308,99,91,1,-1,-1,-1
2030,208,538,308,99,91,1,-1,-1,-1
2031,208,538,305,100,95,1,-1,-1,-1
2032,208,537,305,100,95,1,-1,-1,-1
2033,208,537,307,101,91,1,-1,-1,-1
2034,208,537,307,101,91,1,-1,-1,-1
2035,208,537,306,101,92,1,-1,-1,-1
2036,208,537,307,101,91,1,-1,-1,-1
2037,208,537,307,101,90,1,-1,-1,-1
2038,208,537,307,101,92,1,-1,-1,-1
2039,208,537,307,101,90,1,-1,-1,-1
2040,208,537,308,101,91,1,-1,-1,-1
2041,208,535,307,102,92,1,-1,-1,-1
2042,208,535,308,102,91,1,-1,-1,-1
2043,208,536,308,101,91,1,-1,-1,-1
2044,208,536,308,101,91,1,-1,-1,-1
2045,208,536,308,101,91,1,-1,-1,-1
2046,208,536,307,101,92,1,-1,-1,-1
2047,208,537,307,100,91,1,-1,-1,-1
2048,208,537,306,101,92,1,-1,-1,-1
2049,208,537,306,101,92,1,-1,-1,-1
2050,208,537,306,101,92,1,-1,-1,-1
2051,208,536,306,102,91,1,-1,-1,-1
2052,208,536,306,102,91,1,-1,-1,-1
2053,208,536,308,102,91,1,-1,-1,-1
2054,208,536,307,101,91,1,-1,-1,-1
2055,208,536,307,100,91,1,-1,-1,-1
2056,208,536,307,100,92,1,-1,-1,-1
2057,208,537,306,99,92,1,-1,-1,-1
2058,208,537,306,99,92,1,-1,-1,-1
2059,208,537,306,99,92,1,-1,-1,-1
2060,208,537,307,99,92,1,-1,-1,-1
2061,208,538,305,99,94,1,-1,-1,-1
2062,208,538,306,99,93,1,-1,-1,-1
2063,208,538,305,100,94,1,-1,-1,-1
2064,208,537,305,100,94,1,-1,-1,-1
2065,208,538,305,99,94,1,-1,-1,-1
2066,208,537,305,100,95,1,-1,-1,-1
2067,208,538,305,99,94,1,-1,-1,-1
2068,208,538,305,99,95,1,-1,-1,-1
2069,208,538,306,97,95,1,-1,-1,-1
2070,208,536,305,99,95,1,-1,-1,-1
2071,208,537,305,99,95,1,-1,-1,-1
2072,208,536,306,99,95,1,-1,-1,-1
2073,208,536,306,99,94,1,-1,-1,-1
2074,208,535,305,100,95,1,-1,-1,-1
2075,208,534,305,102,94,1,-1,-1,-1
2076,208,533,307,104,94,1,-1,-1,-1
2077,208,534,304,104,95,1,-1,-1,-1
2078,208,534,304,104,96,1,-1,-1,-1
2079,208,534,305,105,94,1,-1,-1,-1
2080,208,530,306,106,94,1,-1,-1,-1
2081,208,531,305,103,96,1,-1,-1,-1
2082,208,530,307,104,96,1,-1,-1,-1
2083,208,528,308,106,94,1,-1,-1,-1
2084,208,527,308,108,94,1,-1,-1,-1
2085,208,527,310,108,93,1,-1,-1,-1
2086,208,526,307,108,97,1,-1,-1,-1
2087,208,526,307,108,97,1,-1,-1,-1
2088,208,526,307,109,99,1,-1,-1,-1
2089,208,526,308,108,98,1,-1,-1,-1
2090,208,526,310,107,96,1,-1,-1,-1
2091,208,524,313,108,94,1,-1,-1,-1
2092,208,524,313,109,95,1,-1,-1,-1
2093,208,521,310,113,99,1,-1,-1,-1
2094,208,520,314,112,98,1,-1,-1,-1
2095,208,519,313,111,100,1,-1,-1,-1
2096,208,515,315,113,101,1,-1,-1,-1
2097,208,514,316,112,100,1,-1,-1,-1
2098,208,512,316,112,101,1,-1,-1,-1
2099,208,510,316,115,103,1,-1,-1,-1
2100,208,507,316,115,106,1,-1,-1,-1
2101,208,506,318,116,104,1,-1,-1,-1
2102,208,505,326,115,98,1,-1,-1,-1
2103,208,503,322,118,105,1,-1,-1,-1
2104,208,501,323,118,105,1,-1,-1,-1
2105,208,497,326,122,105,1,-1,-1,-1
2106,208,494,327,121,106,1,-1,-1,-1
2107,208,492,328,123,107,1,-1,-1,-1
2108,208,488,327,126,112,1,-1,-1,-1
2109,208,483,334,125,108,1,-1,-1,-1
2110,208,481,333,126,112,1,-1,-1,-1
1735,209,927,181,23,27,1,-1,-1,-1
1736,209,927,181,22,26,1,-1,-1,-1
1737,209,927,181,22,26,1,-1,-1,-1
1738,209,927,181,22,27,1,-1,-1,-1
1739,209,927,181,22,26,1,-1,-1,-1
1743,209,928,180,22,27,1,-1,-1,-1
1744,209,927,181,22,26,1,-1,-1,-1
1748,209,927,182,22,26,1,-1,-1,-1
1749,209,927,181,23,26,1,-1,-1,-1
1823,210,490,321,132,106,1,-1,-1,-1
1824,210,491,322,131,106,1,-1,-1,-1
1846,210,496,319,128,107,1,-1,-1,-1
1860,210,491,321,130,106,1,-1,-1,-1
1862,210,495,320,129,105,1,-1,-1,-1
1876,210,498,318,127,108,1,-1,-1,-1
1877,210,496,319,128,109,1,-1,-1,-1
1878,210,495,319,129,108,1,-1,-1,-1
1910,210,490,320,131,108,1,-1,-1,-1
1911,210,492,321,131,106,1,-1,-1,-1
1926,211,793,186,27,28,1,-1,-1,-1
1927,211,793,182,31,31,1,-1,-1,-1
1928,211,793,182,33,32,1,-1,-1,-1
1929,211,793,184,30,32,1,-1,-1,-1
1930,211,793,184,29,33,1,-1,-1,-1
1949,212,927,181,27,27,1,-1,-1,-1
1950,212,927,181,27,27,1,-1,-1,-1
1951,212,926,182,29,26,1,-1,-1,-1
1952,212,927,182,25,26,1,-1,-1,-1
1953,212,927,182,26,27,1,-1,-1,-1
1954,212,927,182,26,27,1,-1,-1,-1
1955,212,926,182,24,27,1,-1,-1,-1
1956,212,926,182,23,27,1,-1,-1,-1
1957,212,925,181,27,29,1,-1,-1,-1
1958,212,926,180,26,29,1,-1,-1,-1
1959,212,926,181,26,28,1,-1,-1,-1
1960,212,926,181,26,28,1,-1,-1,-1
1961,212,926,182,24,27,1,-1,-1,-1
1962,212,927,182,24,27,1,-1,-1,-1
1963,212,927,181,24,27,1,-1,-1,-1
1966,212,927,180,23,27,1,-1,-1,-1
1968,212,927,180,23,28,1,-1,-1,-1
1969,212,927,180,22,27,1,-1,-1,-1
1970,212,927,180,21,28,1,-1,-1,-1
1971,212,927,181,21,27,1,-1,-1,-1
1972,212,927,180,21,28,1,-1,-1,-1
1975,212,928,181,20,28,1,-1,-1,-1
1957,213,1886,398,34,61,1,-1,-1,-1
1958,213,1856,391,64,70,1,-1,-1,-1
1959,213,1825,369,93,88,1,-1,-1,-1
1960,213,1794,355,124,96,1,-1,-1,-1
1961,213,1760,355,160,79,1,-1,-1,-1
1962,213,1727,351,192,81,1,-1,-1,-1
1963,214,1697,349,222,95,1,-1,-1,-1
1964,214,1664,346,248,100,1,-1,-1,-1
1965,214,1633,343,246,108,1,-1,-1,-1
1966,214,1605,340,241,107,1,-1,-1,-1
1967,214,1575,336,238,104,1,-1,-1,-1
1968,214,1548,335,228,103,1,-1,-1,-1
1969,214,1521,329,229,103,1,-1,-1,-1
1970,214,1495,325,217,102,1,-1,-1,-1
1971,214,1469,322,211,102,1,-1,-1,-1
1972,214,1446,319,202,100,1,-1,-1,-1
1973,214,1424,316,196,97,1,-1,-1,-1
1974,214,1403,311,190,99,1,-1,-1,-1
1975,214,1387,309,180,96,1,-1,-1,-1
1976,214,1369,305,173,98,1,-1,-1,-1
1977,214,1355,303,162,93,1,-1,-1,-1
1978,214,1341,299,154,93,1,-1,-1,-1
1979,214,1328,297,147,89,1,-1,-1,-1
1980,214,1317,295,140,88,1,-1,-1,-1
1981,214,1307,292,135,87,1,-1,-1,-1
1982,214,1299,287,126,87,1,-1,-1,-1
1983,214,1289,286,121,83,1,-1,-1,-1
1984,214,1281,282,117,84,1,-1,-1,-1
1985,214,1275,280,109,81,1,-1,-1,-1
1986,214,1267,276,108,82,1,-1,-1,-1
1987,214,1262,273,105,82,1,-1,-1,-1
1988,214,1258,272,99,79,1,-1,-1,-1
1989,214,1251,271,96,76,1,-1,-1,-1
1990,214,1248,267,91,76,1,-1,-1,-1
1991,214,1241,264,89,75,1,-1,-1,-1
1992,214,1235,264,89,71,1,-1,-1,-1
1993,214,1232,261,86,70,1,-1,-1,-1
1994,214,1228,259,85,72,1,-1,-1,-1
1995,214,1221,256,82,70,1,-1,-1,-1
1996,214,1217,254,82,68,1,-1,-1,-1
1997,214,1212,253,81,66,1,-1,-1,-1
1998,214,1207,251,78,65,1,-1,-1,-1
1999,214,1202,249,78,64,1,-1,-1,-1
2000,214,1200,246,74,64,1,-1,-1,-1
2001,214,1195,244,75,63,1,-1,-1,-1
2002,214,1190,242,75,63,1,-1,-1,-1
2003,214,1187,240,72,61,1,-1,-1,-1
2004,214,1183,240,70,59,1,-1,-1,-1
2005,214,1181,238,67,58,1,-1,-1,-1
2006,214,1176,236,67,57,1,-1,-1,-1
2007,214,1171,235,66,55,1,-1,-1,-1
2008,214,1168,234,63,53,1,-1,-1,-1
2009,214,1163,233,64,52,1,-1,-1,-1
2010,214,1159,229,62,52,1,-1,-1,-1
2011,214,1155,229,62,50,1,-1,-1,-1
2012,214,1150,227,62,50,1,-1,-1,-1
2013,214,1147,225,60,50,1,-1,-1,-1
2014,214,1144,224,58,51,1,-1,-1,-1
2015,214,1139,223,57,50,1,-1,-1,-1
2016,214,1135,222,57,48,1,-1,-1,-1
2017,214,1132,220,55,47,1,-1,-1,-1
2018,214,1128,219,55,46,1,-1,-1,-1
2019,214,1123,217,54,46,1,-1,-1,-1
2020,214,1121,216,52,45,1,-1,-1,-1
2021,214,1118,214,52,44,1,-1,-1,-1
2022,214,1112,213,53,43,1,-1,-1,-1
2023,214,1109,212,53,42,1,-1,-1,-1
2024,214,1105,212,50,41,1,-1,-1,-1
2025,214,1100,212,49,40,1,-1,-1,-1
2026,214,1097,211,48,40,1,-1,-1,-1
2027,214,1093,209,49,39,1,-1,-1,-1
2028,214,1091,208,46,40,1,-1,-1,-1
2029,214,1086,205,47,41,1,-1,-1,-1
2030,214,1084,205,45,42,1,-1,-1,-1
2031,214,1078,204,46,38,1,-1,-1,-1
2032,214,1076,204,44,39,1,-1,-1,-1
2033,214,1075,203,42,37,1,-1,-1,-1
2034,214,1070,201,43,38,1,-1,-1,-1
2035,214,1066,201,43,38,1,-1,-1,-1
2036,214,1064,200,42,37,1,-1,-1,-1
2037,214,1062,200,42,37,1,-1,-1,-1
2038,214,1060,199,41,37,1,-1,-1,-1
2039,214,1055,198,39,34,1,-1,-1,-1
2040,214,1052,199,40,34,1,-1,-1,-1
2041,214,1049,198,39,34,1,-1,-1,-1
2042,214,1047,197,38,33,1,-1,-1,-1
2043,214,1046,197,36,34,1,-1,-1,-1
2044,214,1042,196,37,34,1,-1,-1,-1
2045,214,1039,195,39,33,1,-1,-1,-1
2046,214,1039,196,36,31,1,-1,-1,-1
2047,214,1038,195,35,32,1,-1,-1,-1
2048,214,1037,194,33,32,1,-1,-1,-1
2049,214,1036,194,32,31,1,-1,-1,-1
2050,214,1035,194,33,32,1,-1,-1,-1
2051,214,1030,193,33,32,1,-1,-1,-1
2052,214,1028,192,33,32,1,-1,-1,-1
2053,214,1025,192,33,31,1,-1,-1,-1
2054,214,1023,193,31,31,1,-1,-1,-1
2055,214,1021,193,30,31,1,-1,-1,-1
2056,214,1018,193,32,28,1,-1,-1,-1
2057,214,1016,191,33,30,1,-1,-1,-1
2058,214,1014,190,32,30,1,-1,-1,-1
2059,214,1012,190,31,27,1,-1,-1,-1
2060,214,1012,189,30,30,1,-1,-1,-1
2061,214,1010,189,31,28,1,-1,-1,-1
2062,214,1007,190,33,28,1,-1,-1,-1
2063,214,1006,189,31,28,1,-1,-1,-1
2064,214,1004,189,31,28,1,-1,-1,-1
2065,214,1003,188,30,26,1,-1,-1,-1
2066,214,1003,188,27,27,1,-1,-1,-1
2067,214,1000,188,27,26,1,-1,-1,-1
2068,214,999,189,27,25,1,-1,-1,-1
2069,214,996,187,28,27,1,-1,-1,-1
2070,214,994,188,28,25,1,-1,-1,-1
2071,214,994,187,26,26,1,-1,-1,-1
2072,214,991,186,27,25,1,-1,-1,-1
2073,214,992,185,25,25,1,-1,-1,-1
2074,214,991,185,24,24,1,-1,-1,-1
2075,214,989,186,25,25,1,-1,-1,-1
2076,214,989,186,25,24,1,-1,-1,-1
2078,214,985,187,26,24,1,-1,-1,-1
2082,214,979,185,24,24,1,-1,-1,-1
2083,214,977,185,24,23,1,-1,-1,-1
1988,215,774,194,30,26,1,-1,-1,-1
1989,215,774,194,31,26,1,-1,-1,-1
1990,215,773,196,33,27,1,-1,-1,-1
1991,215,774,194,31,27,1,-1,-1,-1
1992,215,774,195,29,27,1,-1,-1,-1
1993,215,773,191,28,27,1,-1,-1,-1
1994,215,772,194,32,27,1,-1,-1,-1
1995,215,772,193,29,26,1,-1,-1,-1
1996,215,770,194,29,26,1,-1,-1,-1
1997,215,767,194,32,26,1,-1,-1,-1
1998,215,767,195,33,26,1,-1,-1,-1
1999,215,768,197,31,28,1,-1,-1,-1
2000,215,766,197,34,27,1,-1,-1,-1
2001,215,764,196,33,27,1,-1,-1,-1
2002,215,763,196,33,27,1,-1,-1,-1
2003,215,760,195,36,29,1,-1,-1,-1
2004,215,761,195,33,27,1,-1,-1,-1
2005,215,759,196,36,27,1,-1,-1,-1
2006,215,758,198,38,28,1,-1,-1,-1
2007,215,758,197,37,27,1,-1,-1,-1
2008,215,756,197,37,27,1,-1,-1,-1
2009,215,756,198,37,28,1,-1,-1,-1
2010,215,754,199,36,26,1,-1,-1,-1
2011,215,753,199,37,27,1,-1,-1,-1
2012,215,751,199,35,26,1,-1,-1,-1
2013,215,751,199,34,28,1,-1,-1,-1
2014,215,751,199,33,28,1,-1,-1,-1
2015,215,748,200,35,29,1,-1,-1,-1
2016,215,747,199,34,31,1,-1,-1,-1
2017,215,745,199,35,31,1,-1,-1,-1
2018,215,746,200,34,30,1,-1,-1,-1
2019,215,745,202,35,29,1,-1,-1,-1
2020,215,743,203,34,30,1,-1,-1,-1
2021,215,743,202,35,30,1,-1,-1,-1
2022,215,740,203,38,30,1,-1,-1,-1
2023,215,740,204,36,31,1,-1,-1,-1
2024,215,737,203,38,33,1,-1,-1,-1
2025,215,737,206,38,30,1,-1,-1,-1
2026,215,733,204,40,35,1,-1,-1,-1
2027,215,732,204,39,36,1,-1,-1,-1
2028,215,731,204,40,35,1,-1,-1,-1
2029,215,729,204,41,37,1,-1,-1,-1
2030,215,726,209,43,33,1,-1,-1,-1
2031,215,726,207,41,37,1,-1,-1,-1
2032,215,725,208,42,36,1,-1,-1,-1
2033,215,725,209,41,37,1,-1,-1,-1
2034,215,723,209,43,37,1,-1,-1,-1
2035,215,720,212,45,37,1,-1,-1,-1
2036,215,720,213,45,37,1,-1,-1,-1
2037,215,717,212,47,39,1,-1,-1,-1
2038,215,716,212,47,39,1,-1,-1,-1
2039,215,713,213,47,40,1,-1,-1,-1
2040,215,711,213,50,40,1,-1,-1,-1
2041,215,713,213,45,43,1,-1,-1,-1
2042,215,709,213,49,45,1,-1,-1,-1
2043,215,707,216,51,42,1,-1,-1,-1
2044,215,705,217,50,43,1,-1,-1,-1
2045,215,702,217,53,44,1,-1,-1,-1
2046,215,702,219,51,42,1,-1,-1,-1
2047,215,699,221,53,43,1,-1,-1,-1
2048,215,697,221,55,43,1,-1,-1,-1
2049,215,695,224,54,45,1,-1,-1,-1
2050,215,694,222,55,47,1,-1,-1,-1
2051,215,693,222,54,49,1,-1,-1,-1
2052,215,690,225,56,48,1,-1,-1,-1
2053,215,689,224,57,50,1,-1,-1,-1
2054,215,684,223,60,51,1,-1,-1,-1
2055,215,682,225,59,50,1,-1,-1,-1
2056,215,680,226,60,52,1,-1,-1,-1
2057,215,677,226,61,54,1,-1,-1,-1
2058,215,675,228,62,53,1,-1,-1,-1
2059,215,674,229,61,54,1,-1,-1,-1
2060,215,672,229,62,57,1,-1,-1,-1
2061,215,670,232,63,56,1,-1,-1,-1
2062,215,669,233,63,56,1,-1,-1,-1
2063,215,667,236,63,57,1,-1,-1,-1
2064,215,664,236,63,58,1,-1,-1,-1
2065,215,662,239,64,56,1,-1,-1,-1
2066,215,659,242,65,54,1,-1,-1,-1
2067,215,657,242,64,57,1,-1,-1,-1
2068,215,653,244,66,56,1,-1,-1,-1
2069,215,651,244,68,58,1,-1,-1,-1
2070,215,648,245,68,58,1,-1,-1,-1
2071,215,646,247,70,59,1,-1,-1,-1
2072,215,643,248,70,61,1,-1,-1,-1
2073,215,641,249,70,62,1,-1,-1,-1
2074,215,638,249,73,63,1,-1,-1,-1
2075,215,637,250,73,65,1,-1,-1,-1
2076,215,634,252,74,66,1,-1,-1,-1
2077,215,631,255,76,64,1,-1,-1,-1
2078,215,630,256,74,65,1,-1,-1,-1
2079,215,628,257,75,64,1,-1,-1,-1
2080,215,625,259,75,64,1,-1,-1,-1
2081,215,623,259,75,67,1,-1,-1,-1
2082,215,619,260,78,67,1,-1,-1,-1
2083,215,617,261,77,69,1,-1,-1,-1
2084,215,615,263,78,68,1,-1,-1,-1
2085,215,613,264,78,69,1,-1,-1,-1
2086,215,613,265,78,69,1,-1,-1,-1
2087,215,613,267,75,70,1,-1,-1,-1
2088,215,608,267,81,73,1,-1,-1,-1
2089,215,610,269,78,73,1,-1,-1,-1
2090,215,606,268,80,76,1,-1,-1,-1
2091,215,606,272,80,74,1,-1,-1,-1
2092,215,603,272,82,75,1,-1,-1,-1
2093,215,603,272,80,76,1,-1,-1,-1
2094,215,604,274,78,77,1,-1,-1,-1
2095,215,599,275,81,77,1,-1,-1,-1
2096,215,599,277,82,77,1,-1,-1,-1
2097,215,594,278,85,77,1,-1,-1,-1
2098,215,592,278,88,79,1,-1,-1,-1
2099,215,591,279,87,79,1,-1,-1,-1
2100,215,587,280,90,81,1,-1,-1,-1
2101,215,589,279,86,82,1,-1,-1,-1
2102,215,587,283,84,80,1,-1,-1,-1
2103,215,588,283,83,84,1,-1,-1,-1
2104,215,584,284,87,84,1,-1,-1,-1
2105,215,586,286,83,84,1,-1,-1,-1
2106,215,582,286,85,85,1,-1,-1,-1
2107,215,582,290,85,83,1,-1,-1,-1
2108,215,577,290,89,86,1,-1,-1,-1
2109,215,576,292,89,87,1,-1,-1,-1
2110,215,573,292,91,87,1,-1,-1,-1
1994,216,784,223,50,38,1,-1,-1,-1
1995,216,775,223,58,37,1,-1,-1,-1
1996,216,790,224,45,37,1,-1,-1,-1
1997,216,784,224,53,38,1,-1,-1,-1
1998,216,786,225,50,39,1,-1,-1,-1
1999,216,784,227,52,37,1,-1,-1,-1
2000,216,782,224,50,41,1,-1,-1,-1
2001,216,781,224,52,43,1,-1,-1,-1
2002,216,782,226,52,42,1,-1,-1,-1
2003,216,777,225,57,48,1,-1,-1,-1
2004,216,774,224,58,50,1,-1,-1,-1
2005,216,775,227,56,46,1,-1,-1,-1
2006,216,776,227,54,48,1,-1,-1,-1
2007,216,768,227,63,51,1,-1,-1,-1
2008,216,769,227,64,57,1,-1,-1,-1
2009,216,769,227,63,57,1,-1,-1,-1
2010,216,765,229,66,58,1,-1,-1,-1
2011,216,766,231,63,57,1,-1,-1,-1
2012,216,762,233,68,58,1,-1,-1,-1
2013,216,765,235,62,57,1,-1,-1,-1
2014,216,759,240,67,57,1,-1,-1,-1
2015,216,761,242,64,57,1,-1,-1,-1
2016,216,756,240,69,60,1,-1,-1,-1
2017,216,759,242,65,59,1,-1,-1,-1
2018,216,756,240,67,65,1,-1,-1,-1
2019,216,757,242,66,64,1,-1,-1,-1
2020,216,754,246,67,63,1,-1,-1,-1
2021,216,745,245,76,65,1,-1,-1,-1
2022,216,746,244,78,67,1,-1,-1,-1
2023,216,744,249,78,67,1,-1,-1,-1
2024,216,743,249,78,66,1,-1,-1,-1
2025,216,742,248,77,73,1,-1,-1,-1
2026,216,739,251,79,73,1,-1,-1,-1
2027,216,738,251,81,76,1,-1,-1,-1
2028,216,739,251,79,75,1,-1,-1,-1
2029,216,737,258,79,71,1,-1,-1,-1
2030,216,735,256,79,76,1,-1,-1,-1
2031,216,733,256,82,80,1,-1,-1,-1
2032,216,733,259,81,76,1,-1,-1,-1
2033,216,730,261,85,77,1,-1,-1,-1
2034,216,731,262,84,82,1,-1,-1,-1
2035,216,730,263,84,80,1,-1,-1,-1
2036,216,729,266,83,80,1,-1,-1,-1
2037,216,726,267,87,82,1,-1,-1,-1
2038,216,727,268,86,83,1,-1,-1,-1
2039,216,725,269,88,85,1,-1,-1,-1
2040,216,718,270,94,85,1,-1,-1,-1
2041,216,720,270,91,87,1,-1,-1,-1
2042,216,717,270,94,88,1,-1,-1,-1
2043,216,718,271,92,89,1,-1,-1,-1
2044,216,719,272,93,90,1,-1,-1,-1
2045,216,717,274,95,90,1,-1,-1,-1
2046,216,717,274,96,91,1,-1,-1,-1
2047,216,716,275,97,92,1,-1,-1,-1
2048,216,715,276,99,92,1,-1,-1,-1
2049,216,715,276,97,93,1,-1,-1,-1
2050,216,714,279,98,93,1,-1,-1,-1
2051,216,715,280,98,92,1,-1,-1,-1
2052,216,715,282,97,92,1,-1,-1,-1
2053,216,716,281,94,94,1,-1,-1,-1
2054,216,715,284,94,92,1,-1,-1,-1
2055,216,712,285,98,93,1,-1,-1,-1
2056,216,714,285,96,95,1,-1,-1,-1
2057,216,713,288,96,93,1,-1,-1,-1
2058,216,712,288,97,94,1,-1,-1,-1
2059,216,711,288,99,95,1,-1,-1,-1
2060,216,710,288,100,94,1,-1,-1,-1
2061,216,707,290,101,96,1,-1,-1,-1
2062,216,707,291,102,98,1,-1,-1,-1
2063,216,708,291,102,97,1,-1,-1,-1
2064,216,710,291,99,98,1,-1,-1,-1
2065,216,706,290,103,99,1,-1,-1,-1
2066,216,704,290,105,99,1,-1,-1,-1
2067,216,703,290,106,100,1,-1,-1,-1
2068,216,704,290,105,100,1,-1,-1,-1
2069,216,702,290,107,100,1,-1,-1,-1
2070,216,700,291,108,99,1,-1,-1,-1
2071,216,700,293,108,97,1,-1,-1,-1
2072,216,697,294,112,99,1,-1,-1,-1
2073,216,697,294,111,100,1,-1,-1,-1
2074,216,697,296,113,98,1,-1,-1,-1
2075,216,697,297,113,100,1,-1,-1,-1
2076,216,697,299,114,98,1,-1,-1,-1
2077,216,698,299,111,99,1,-1,-1,-1
2078,216,696,299,112,100,1,-1,-1,-1
2079,216,697,296,112,102,1,-1,-1,-1
2080,216,700,299,109,100,1,-1,-1,-1
2081,216,698,303,111,98,1,-1,-1,-1
2082,216,698,304,110,98,1,-1,-1,-1
2083,216,700,304,108,100,1,-1,-1,-1
2084,216,697,305,111,100,1,-1,-1,-1
2085,216,699,307,109,98,1,-1,-1,-1
2086,216,696,307,111,102,1,-1,-1,-1
2087,216,695,307,114,103,1,-1,-1,-1
2088,216,697,308,112,104,1,-1,-1,-1
2089,216,697,309,112,105,1,-1,-1,-1
2090,216,696,311,111,105,1,-1,-1,-1
2091,216,695,311,112,108,1,-1,-1,-1
2092,216,694,311,113,110,1,-1,-1,-1
2093,216,695,311,115,112,1,-1,-1,-1
2094,216,692,314,117,112,1,-1,-1,-1
2095,216,690,314,118,114,1,-1,-1,-1
2096,216,688,318,120,113,1,-1,-1,-1
2097,216,686,321,122,114,1,-1,-1,-1
2098,216,678,321,131,117,1,-1,-1,-1
2099,216,675,325,132,118,1,-1,-1,-1
2100,216,674,328,132,119,1,-1,-1,-1
2101,216,674,330,131,121,1,-1,-1,-1
2102,216,673,332,131,123,1,-1,-1,-1
2103,216,671,339,131,120,1,-1,-1,-1
2104,216,669,338,134,128,1,-1,-1,-1
2105,216,666,341,136,126,1,-1,-1,-1
2106,216,663,346,137,128,1,-1,-1,-1
2107,216,658,349,143,132,1,-1,-1,-1
2108,216,657,350,143,137,1,-1,-1,-1
2109,216,653,353,144,141,1,-1,-1,-1
2110,216,650,356,146,142,1,-1,-1,-1
2014,217,493,319,131,108,1,-1,-1,-1
2015,217,495,318,130,106,1,-1,-1,-1
2016,217,491,320,131,107,1,-1,-1,-1
2017,217,491,319,131,108,1,-1,-1,-1
2026,217,493,319,130,109,1,-1,-1,-1
2032,217,496,318,129,108,1,-1,-1,-1
2048,217,490,320,131,109,1,-1,-1,-1
2065,217,494,317,130,109,1,-1,-1,-1
2092,217,541,290,118,97,1,-1,-1,-1
2093,217,564,285,108,89,1,-1,-1,-1
2021,218,926,180,22,27,1,-1,-1,-1
2022,218,926,180,22,27,1,-1,-1,-1
2033,218,927,182,25,26,1,-1,-1,-1
2034,218,927,182,24,26,1,-1,-1,-1
2035,218,927,181,23,27,1,-1,-1,-1
2036,218,927,181,22,27,1,-1,-1,-1
2037,218,927,181,24,27,1,-1,-1,-1
2038,218,926,182,24,26,1,-1,-1,-1
2039,218,927,182,22,26,1,-1,-1,-1
2040,218,926,182,23,26,1,-1,-1,-1
2041,218,927,183,21,27,1,-1,-1,-1
2042,218,927,182,22,28,1,-1,-1,-1
2043,218,926,182,22,28,1,-1,-1,-1
2044,218,926,181,23,29,1,-1,-1,-1
2045,218,926,182,23,29,1,-1,-1,-1
2046,218,927,181,23,29,1,-1,-1,-1
2047,218,926,181,24,30,1,-1,-1,-1
2048,218,927,180,23,29,1,-1,-1,-1
2049,218,927,181,23,28,1,-1,-1,-1
2050,218,927,180,23,27,1,-1,-1,-1
2055,218,925,181,22,29,1,-1,-1,-1
2056,218,925,181,22,29,1,-1,-1,-1
2058,218,925,180,22,30,1,-1,-1,-1
2080,218,926,179,20,29,1,-1,-1,-1
2026,219,796,213,31,37,1,-1,-1,-1
2027,219,797,210,30,39,1,-1,-1,-1
2028,219,799,205,46,47,1,-1,-1,-1
2029,219,802,211,47,45,1,-1,-1,-1
2030,219,802,206,47,47,1,-1,-1,-1
2031,219,803,209,48,43,1,-1,-1,-1
2032,219,805,209,49,43,1,-1,-1,-1
2033,219,808,215,41,41,1,-1,-1,-1
2034,219,809,212,43,44,1,-1,-1,-1
2035,219,812,218,42,40,1,-1,-1,-1
2036,219,815,219,39,40,1,-1,-1,-1
2037,219,817,218,39,46,1,-1,-1,-1
2038,219,820,217,40,47,1,-1,-1,-1
2039,219,821,217,42,49,1,-1,-1,-1
2040,219,823,222,42,47,1,-1,-1,-1
2041,219,825,222,47,46,1,-1,-1,-1
2042,219,828,224,47,49,1,-1,-1,-1
2043,219,831,223,46,50,1,-1,-1,-1
2044,219,834,225,49,48,1,-1,-1,-1
2045,219,837,224,48,54,1,-1,-1,-1
2046,219,840,228,44,50,1,-1,-1,-1
2047,219,843,228,47,55,1,-1,-1,-1
2048,219,847,229,47,54,1,-1,-1,-1
2049,219,847,230,47,55,1,-1,-1,-1
2050,219,850,235,48,52,1,-1,-1,-1
2051,219,849,233,56,54,1,-1,-1,-1
2052,219,853,234,56,56,1,-1,-1,-1
2053,219,853,233,67,60,1,-1,-1,-1
2054,219,855,236,58,58,1,-1,-1,-1
2055,219,857,237,58,59,1,-1,-1,-1
2056,219,861,238,54,60,1,-1,-1,-1
2057,219,865,241,60,61,1,-1,-1,-1
2058,219,867,242,60,62,1,-1,-1,-1
2059,219,868,244,66,63,1,-1,-1,-1
2060,219,872,247,63,62,1,-1,-1,-1
2061,219,877,250,86,63,1,-1,-1,-1
2062,219,875,251,71,62,1,-1,-1,-1
2063,219,879,249,85,67,1,-1,-1,-1
2064,219,878,253,83,65,1,-1,-1,-1
2065,219,877,252,86,67,1,-1,-1,-1
2066,219,878,253,84,62,1,-1,-1,-1
2067,219,880,255,72,39,1,-1,-1,-1
2068,219,878,255,84,62,1,-1,-1,-1
2069,219,885,256,74,40,1,-1,-1,-1
2070,219,881,257,85,68,1,-1,-1,-1
2071,219,882,257,83,59,1,-1,-1,-1
2072,219,882,259,81,63,1,-1,-1,-1
2073,219,883,260,75,56,1,-1,-1,-1
2074,219,882,265,78,68,1,-1,-1,-1
2075,219,883,267,73,52,1,-1,-1,-1
2076,219,888,269,72,44,1,-1,-1,-1
2077,219,886,268,70,48,1,-1,-1,-1
2079,219,888,272,71,44,1,-1,-1,-1
2080,219,886,270,73,56,1,-1,-1,-1
2081,219,885,274,81,57,1,-1,-1,-1
2082,219,888,273,75,59,1,-1,-1,-1
2083,219,888,277,74,50,1,-1,-1,-1
2084,219,883,275,81,58,1,-1,-1,-1
2085,219,883,276,82,56,1,-1,-1,-1
2086,219,887,278,79,50,1,-1,-1,-1
2087,219,881,280,82,57,1,-1,-1,-1
2088,219,879,279,87,75,1,-1,-1,-1
2089,219,881,281,83,65,1,-1,-1,-1
2090,219,884,281,86,55,1,-1,-1,-1
2091,219,879,283,89,66,1,-1,-1,-1
2092,219,885,286,76,40,1,-1,-1,-1
2093,219,888,285,77,50,1,-1,-1,-1
2094,219,888,287,77,46,1,-1,-1,-1
2095,219,881,288,81,62,1,-1,-1,-1
2096,219,883,289,84,58,1,-1,-1,-1
2097,219,883,290,82,48,1,-1,-1,-1
2098,219,885,291,79,46,1,-1,-1,-1
2099,219,881,290,81,64,1,-1,-1,-1
2100,219,886,291,75,38,1,-1,-1,-1
2101,219,875,291,93,92,1,-1,-1,-1
2102,219,876,293,88,87,1,-1,-1,-1
2103,219,876,293,89,83,1,-1,-1,-1
2104,219,877,295,93,79,1,-1,-1,-1
2105,219,877,295,91,79,1,-1,-1,-1
2106,219,876,295,93,90,1,-1,-1,-1
2107,219,876,296,95,86,1,-1,-1,-1
2108,219,877,297,95,86,1,-1,-1,-1
2109,219,876,297,94,90,1,-1,-1,-1
2110,219,877,297,89,90,1,-1,-1,-1
