frame,bbox_topleft_x,bbox_topleft_y,bbox_width,bbox_height,track_id,color,type,speed
0,442,385,234,177,436,9,0,1
1,443,385,234,177,436,9,0,0
2,443,385,233,178,436,9,0,0
3,443,385,233,177,436,9,0,0
4,444,385,231,177,436,9,0,0
5,443,385,232,177,436,9,0,0
6,443,385,233,177,436,9,0,0
7,444,385,232,177,436,9,0,0
8,443,385,233,177,436,9,0,0
9,443,384,233,178,436,9,0,0
10,444,385,233,178,436,9,0,0
11,444,384,232,178,436,9,0,0
12,443,385,233,178,436,9,0,0
13,443,384,234,178,436,9,0,0
14,443,385,233,177,436,9,0,0
15,443,385,233,177,436,9,0,0
16,443,385,233,178,436,9,0,0
17,443,385,233,177,436,9,0,0
18,443,385,233,178,436,9,0,0
19,443,385,232,177,436,9,0,0
20,443,384,232,178,436,9,0,0
21,443,384,233,178,436,9,0,0
22,443,385,234,178,436,9,0,0
23,442,385,234,177,436,9,0,0
24,443,385,233,177,436,9,0,0
25,443,385,233,177,436,9,0,0
26,442,385,233,177,436,9,0,0
27,442,385,233,176,436,9,0,0
28,442,385,234,176,436,9,0,0
29,442,385,234,177,436,9,0,0
30,442,385,233,177,436,9,0,0
31,443,385,233,177,436,9,0,0
32,443,385,232,177,436,9,0,0
33,443,385,232,177,436,9,0,0
34,443,385,233,177,436,9,0,0
35,443,385,233,177,436,9,0,0
36,443,385,233,178,436,9,0,0
37,443,385,233,178,436,9,0,0
38,443,385,233,177,436,9,0,0
39,443,385,233,177,436,9,0,0
40,443,385,233,177,436,9,0,0
41,443,385,232,178,436,9,0,0
42,442,385,233,178,436,9,0,0
43,442,384,233,178,436,9,0,0
44,443,384,233,178,436,9,0,0
45,443,384,232,178,436,9,0,0
46,443,384,233,178,436,9,0,0
47,443,384,233,178,436,9,0,0
48,442,384,234,178,436,9,0,0
49,442,384,233,178,436,9,0,0
50,443,384,232,177,436,9,0,0
51,443,384,232,177,436,9,0,0
52,444,385,231,177,436,9,0,0
53,443,384,232,177,436,9,0,0
54,443,384,233,177,436,9,0,0
55,442,384,233,177,436,9,0,0
56,442,384,233,177,436,9,0,0
57,442,384,233,177,436,9,0,0
58,443,384,232,177,436,9,0,0
59,443,384,233,177,436,9,0,0
60,443,385,232,177,436,9,0,0
61,443,384,232,177,436,9,0,0
62,443,384,232,177,436,9,0,0
63,443,385,232,177,436,9,0,0
64,443,384,232,177,436,9,0,0
65,443,384,232,177,436,9,0,0
66,443,384,233,177,436,9,0,0
67,443,383,233,178,436,9,0,0
68,443,383,233,178,436,9,0,0
69,443,383,233,178,436,9,0,0
70,442,383,233,178,436,9,0,0
71,442,383,233,178,436,9,0,0
72,442,383,233,178,436,9,0,0
73,442,383,233,178,436,9,0,0
74,442,383,233,178,436,9,0,0
75,442,383,233,178,436,9,0,0
76,442,384,233,177,436,9,0,0
77,442,384,233,178,436,9,0,0
78,443,384,233,177,436,9,0,0
79,443,384,232,177,436,9,0,0
80,443,384,232,177,436,9,0,0
81,444,384,231,177,436,9,0,0
82,443,384,231,177,436,9,0,0
83,443,384,232,177,436,9,0,0
84,443,384,232,178,436,9,0,0
85,443,384,232,178,436,9,0,0
86,443,384,232,178,436,9,0,0
87,443,384,232,178,436,9,0,0
88,443,384,232,178,436,9,0,0
89,442,384,232,177,436,9,0,0
90,442,383,234,179,436,9,0,0
91,442,383,234,178,436,9,0,0
92,442,383,234,178,436,9,0,0
93,442,383,233,178,436,9,0,0
94,442,382,233,179,436,9,0,0
95,442,382,233,179,436,9,0,0
96,442,383,233,178,436,9,0,0
97,443,383,233,178,436,9,0,0
98,443,383,233,178,436,9,0,0
99,443,383,233,178,436,9,0,0
100,443,383,233,178,436,9,0,0
101,443,384,233,177,436,9,0,0
102,443,384,233,177,436,9,0,0
103,443,384,232,178,436,9,0,0
104,443,384,233,177,436,9,0,0
105,443,385,234,177,436,9,0,0
106,444,385,233,177,436,9,0,0
107,444,385,232,177,436,9,0,0
108,443,385,233,177,436,9,0,0
109,443,385,233,177,436,9,0,0
110,443,384,233,177,436,9,0,0
111,443,385,232,177,436,9,0,0
112,443,384,232,178,436,9,0,0
113,443,384,232,177,436,9,0,0
114,443,384,233,177,436,9,0,0
115,443,384,233,177,436,9,0,0
116,442,384,234,177,436,9,0,0
117,443,384,233,177,436,9,0,0
118,443,384,233,177,436,9,0,0
119,443,384,233,177,436,9,0,0
120,442,384,234,177,436,9,0,0
121,442,384,234,177,436,9,0,0
122,442,384,234,177,436,9,0,0
123,442,384,234,177,436,9,0,0
124,442,384,233,177,436,9,0,0
125,443,384,233,177,436,9,0,0
126,442,385,233,177,436,9,0,0
127,444,384,231,178,436,9,0,0
128,444,384,231,178,436,9,0,0
129,444,384,230,178,436,9,0,0
130,444,384,230,178,436,9,0,0
131,444,384,231,178,436,9,0,0
132,444,384,230,177,436,9,0,0
133,444,384,231,177,436,9,0,0
134,444,384,231,177,436,9,0,0
135,444,384,231,177,436,9,0,0
136,444,383,231,178,436,9,0,0
137,444,384,231,177,436,9,0,0
138,443,383,232,177,436,9,0,0
139,443,383,233,177,436,9,0,0
140,443,384,233,177,436,9,0,0
141,443,384,233,177,436,9,0,0
142,442,383,233,177,436,9,0,0
143,442,384,233,177,436,9,0,0
144,442,384,233,177,436,9,0,0
145,442,383,232,178,436,9,0,0
146,442,383,232,178,436,9,0,0
147,442,383,233,178,436,9,0,0
148,442,384,234,178,436,9,0,0
149,442,384,234,178,436,9,0,0
150,442,384,235,178,436,9,0,0
151,443,384,232,178,436,9,0,0
152,443,385,233,178,436,9,0,0
153,443,384,232,178,436,9,0,0
154,443,384,234,177,436,9,0,0
155,443,384,234,177,436,9,0,0
156,444,385,233,177,436,9,0,0
157,444,385,233,177,436,9,0,0
158,443,384,233,177,436,9,0,0
159,443,384,233,177,436,9,0,0
160,443,384,233,177,436,9,0,0
161,443,385,234,177,436,9,0,0
162,443,384,233,178,436,9,0,0
163,443,384,234,178,436,9,0,0
164,443,384,233,178,436,9,0,0
165,443,384,234,178,436,9,0,0
166,443,384,233,178,436,9,0,0
167,443,384,234,178,436,9,0,0
168,443,384,234,178,436,9,0,0
169,443,384,234,177,436,9,0,0
170,443,384,234,178,436,9,0,0
171,443,385,234,176,436,9,0,0
172,443,385,233,176,436,9,0,0
173,444,385,232,176,436,9,0,0
174,443,385,233,177,436,9,0,0
175,443,385,233,177,436,9,0,0
176,443,385,234,177,436,9,0,0
177,443,385,234,177,436,9,0,0
178,443,385,234,176,436,9,0,0
179,443,385,234,176,436,9,0,0
180,443,385,234,176,436,9,0,0
181,444,385,233,176,436,9,0,0
182,444,384,233,176,436,9,0,0
183,444,384,233,177,436,9,0,0
184,443,384,234,177,436,9,0,0
185,443,384,233,177,436,9,0,0
186,443,384,233,177,436,9,0,0
187,444,384,232,178,436,9,0,0
188,444,384,232,177,436,9,0,0
189,444,384,233,177,436,9,0,0
190,444,383,233,177,436,9,0,0
191,442,383,234,177,436,9,0,0
192,442,383,235,178,436,9,0,0
193,442,383,235,178,436,9,0,0
194,442,384,236,178,436,9,0,0
195,441,384,237,178,436,9,0,0
196,443,384,235,178,436,9,0,0
197,443,384,235,178,436,9,0,0
198,443,384,234,177,436,9,0,0
199,444,384,232,177,436,9,0,0
200,444,384,233,177,436,9,0,0
201,443,384,234,178,436,9,0,0
202,443,384,234,178,436,9,0,0
203,443,384,234,178,436,9,0,0
204,444,384,233,178,436,9,0,0
205,444,384,233,178,436,9,0,0
206,443,384,234,177,436,9,0,0
207,443,384,234,178,436,9,0,0
208,443,384,235,177,436,9,0,0
209,443,384,235,178,436,9,0,0
210,443,384,235,178,436,9,0,0
211,443,384,234,177,436,9,0,0
212,443,384,234,178,436,9,0,0
213,443,384,234,178,436,9,0,0
214,443,384,234,177,436,9,0,0
215,443,384,234,177,436,9,0,0
216,443,385,234,177,436,9,0,0
217,443,385,234,177,436,9,0,0
218,443,385,234,177,436,9,0,0
219,442,385,234,177,436,9,0,0
220,442,385,234,177,436,9,0,0
221,443,385,234,177,436,9,0,0
222,442,385,234,177,436,9,0,0
223,443,385,234,177,436,9,0,0
224,443,385,234,177,436,9,0,0
225,442,385,234,177,436,9,0,0
226,442,385,234,177,436,9,0,0
227,443,385,234,177,436,9,0,0
228,442,385,234,177,436,9,0,0
229,442,385,235,177,436,9,0,0
230,442,385,235,176,436,9,0,0
231,443,385,235,176,436,9,0,0
232,443,385,235,177,436,9,0,0
233,443,385,235,176,436,9,0,0
234,443,385,235,176,436,9,0,0
235,443,385,235,176,436,9,0,0
236,442,385,235,177,436,9,0,0
237,442,384,236,177,436,9,0,0
238,442,384,235,177,436,9,0,0
239,442,384,235,177,436,9,0,0
240,442,384,235,177,436,9,0,0
241,442,385,234,177,436,9,0,0
242,442,384,235,177,436,9,0,0
243,442,385,235,176,436,9,0,0
244,442,385,235,177,436,9,0,0
245,441,384,235,177,436,9,0,0
246,441,384,235,177,436,9,0,0
247,441,384,235,177,436,9,0,0
248,442,384,235,177,436,9,0,0
249,442,384,235,177,436,9,0,0
250,442,385,235,177,436,9,0,0
251,442,385,235,177,436,9,0,0
252,441,384,235,178,436,9,0,0
253,441,383,234,178,436,9,0,0
254,441,383,234,179,436,9,0,0
255,442,383,234,178,436,9,0,0
256,442,385,234,177,436,9,0,0
257,442,385,234,177,436,9,0,0
258,441,383,234,178,436,9,0,0
259,441,383,234,178,436,9,0,0
260,441,383,234,178,436,9,0,0
261,442,383,234,178,436,9,0,0
262,441,384,235,177,436,9,0,0
263,442,384,235,178,436,9,0,0
264,442,384,234,177,436,9,0,0
265,442,384,234,177,436,9,0,0
266,442,385,234,177,436,9,0,0
267,442,384,235,177,436,9,0,0
268,442,385,234,177,436,9,0,0
269,442,385,234,177,436,9,0,0
270,442,385,234,177,436,9,0,0
271,444,385,233,177,436,9,0,0
272,443,384,233,177,436,9,0,0
273,443,384,233,177,436,9,0,0
274,443,384,233,177,436,9,0,0
275,443,384,232,177,436,9,0,0
276,443,384,232,177,436,9,0,0
277,443,384,232,177,436,9,0,0
278,443,384,232,177,436,9,0,0
279,443,384,232,177,436,9,0,0
280,443,384,233,178,436,9,0,0
281,443,384,233,178,436,9,0,0
282,443,383,233,178,436,9,0,0
283,443,384,233,177,436,9,0,0
284,444,384,232,177,436,9,0,0
285,444,385,232,176,436,9,0,0
286,444,385,232,176,436,9,0,0
287,444,385,232,176,436,9,0,0
288,444,384,232,177,436,9,0,0
289,443,385,233,177,436,9,0,0
290,444,385,232,177,436,9,0,0
291,444,384,231,177,436,9,0,0
292,444,385,232,177,436,9,0,0
293,444,385,232,177,436,9,0,0
294,444,384,232,177,436,9,0,0
295,443,385,233,177,436,9,0,0
296,443,384,232,177,436,9,0,0
297,443,384,233,177,436,9,0,0
298,443,384,233,178,436,9,0,0
299,443,384,233,178,436,9,0,0
300,443,384,233,177,436,9,0,0
301,443,384,233,177,436,9,0,0
302,443,384,233,177,436,9,0,0
303,443,384,233,178,436,9,0,0
304,443,384,233,177,436,9,0,0
305,443,384,233,177,436,9,0,0
306,443,384,232,177,436,9,0,0
307,443,384,232,177,436,9,0,0
308,443,384,233,178,436,9,0,0
309,443,384,232,178,436,9,0,0
310,443,384,232,177,436,9,0,0
311,443,384,232,178,436,9,0,0
312,444,384,231,178,436,9,0,0
313,444,384,231,178,436,9,0,0
314,443,384,232,178,436,9,0,0
315,443,384,232,178,436,9,0,0
316,443,384,232,178,436,9,0,0
317,443,384,232,178,436,9,0,0
318,443,384,232,178,436,9,0,0
319,443,383,232,178,436,9,0,0
320,443,383,232,178,436,9,0,0
321,443,383,233,178,436,9,0,0
322,442,383,233,178,436,9,0,0
323,442,383,233,178,436,9,0,0
324,442,383,234,178,436,9,0,0
325,442,383,234,178,436,9,0,0
326,442,383,235,178,436,9,0,0
327,442,383,235,178,436,9,0,0
328,442,383,235,178,436,9,0,0
329,443,384,234,178,436,9,0,0
330,443,384,234,178,436,9,0,0
331,443,384,234,178,436,9,0,0
332,443,384,234,178,436,9,0,0
333,443,384,234,178,436,9,0,0
334,443,383,234,178,436,9,0,0
335,443,383,234,178,436,9,0,0
336,443,384,234,178,436,9,0,0
337,443,384,234,178,436,9,0,0
338,443,384,233,178,436,9,0,0
339,443,384,233,178,436,9,0,0
340,443,384,233,178,436,9,0,0
341,443,384,233,178,436,9,0,0
342,443,384,233,178,436,9,0,0
343,443,384,233,178,436,9,0,0
344,443,384,233,178,436,9,0,0
345,443,384,233,178,436,9,0,0
346,443,384,233,178,436,9,0,0
347,443,384,233,178,436,9,0,0
348,443,384,234,178,436,9,0,0
349,443,384,233,178,436,9,0,0
350,444,384,233,178,436,9,0,0
351,444,383,233,178,436,9,0,0
352,444,383,233,178,436,9,0,0
353,444,383,233,179,436,9,0,0
354,444,383,233,179,436,9,0,0
355,444,383,233,179,436,9,0,0
356,444,383,233,179,436,9,0,0
357,444,383,233,179,436,9,0,0
358,444,383,233,179,436,9,0,0
359,444,383,233,179,436,9,0,0
360,444,383,234,179,436,9,0,0
361,444,383,234,179,436,9,0,0
362,444,383,234,179,436,9,0,0
363,444,383,234,179,436,9,0,0
364,443,383,234,179,436,9,0,0
365,444,383,233,179,436,9,0,0
366,444,383,233,179,436,9,0,0
367,443,383,233,179,436,9,0,0
368,443,383,234,179,436,9,0,0
369,443,383,234,178,436,9,0,0
370,443,384,234,178,436,9,0,0
371,443,384,234,178,436,9,0,0
372,444,384,233,177,436,9,0,0
373,444,384,233,177,436,9,0,0
374,443,384,233,177,436,9,0,0
375,443,384,234,177,436,9,0,0
376,443,384,234,177,436,9,0,0
377,443,384,233,177,436,9,0,0
378,443,384,234,177,436,9,0,0
379,443,384,234,177,436,9,0,0
380,443,384,234,177,436,9,0,0
381,443,384,234,177,436,9,0,0
382,443,384,234,177,436,9,0,0
383,443,384,233,177,436,9,0,0
384,444,383,232,177,436,9,0,0
385,443,383,233,177,436,9,0,0
386,443,384,233,177,436,9,0,0
387,444,383,233,178,436,9,0,0
388,444,383,233,178,436,9,0,0
389,444,383,233,178,436,9,0,0
390,443,384,233,177,436,9,0,0
391,443,384,233,177,436,9,0,0
392,443,384,233,177,436,9,0,0
393,443,384,233,178,436,9,0,0
394,444,383,232,177,436,9,0,0
395,444,383,233,177,436,9,0,0
396,443,383,234,178,436,9,0,0
397,442,383,234,177,436,9,0,0
398,442,383,234,177,436,9,0,0
399,442,383,234,177,436,9,0,0
400,442,383,233,178,436,9,0,0
401,442,384,234,177,436,9,0,0
402,443,384,233,178,436,9,0,0
403,443,384,233,177,436,9,0,0
404,443,384,233,177,436,9,0,0
405,443,384,233,178,436,9,0,0
406,443,384,233,178,436,9,0,0
407,443,384,233,178,436,9,0,0
408,443,384,233,178,436,9,0,0
409,443,384,233,178,436,9,0,0
410,443,384,233,178,436,9,0,0
411,443,384,233,179,436,9,0,0
412,443,384,232,178,436,9,0,0
413,443,384,232,178,436,9,0,0
414,443,384,232,178,436,9,0,0
415,444,384,232,178,436,9,0,0
416,443,383,232,178,436,9,0,0
417,443,383,233,178,436,9,0,0
418,443,383,233,178,436,9,0,0
419,443,383,233,178,436,9,0,0
420,443,384,233,178,436,9,0,0
421,443,384,233,178,436,9,0,0
422,443,384,234,177,436,9,0,0
423,443,384,233,177,436,9,0,0
424,443,384,234,178,436,9,0,0
425,443,384,234,178,436,9,0,0
426,443,383,234,178,436,9,0,0
427,443,384,233,178,436,9,0,0
428,444,384,233,178,436,9,0,0
429,444,384,233,178,436,9,0,0
430,444,384,232,178,436,9,0,0
431,444,384,232,178,436,9,0,0
432,444,383,232,178,436,9,0,0
433,444,384,232,178,436,9,0,0
434,444,383,232,178,436,9,0,0
435,444,383,233,179,436,9,0,0
436,444,384,233,178,436,9,0,0
437,444,384,233,178,436,9,0,0
438,444,384,233,178,436,9,0,0
439,443,384,235,178,436,9,0,0
440,442,383,236,178,436,9,0,0
441,442,384,237,178,436,9,0,0
442,442,384,236,177,436,9,0,0
443,442,384,236,178,436,9,0,0
444,443,383,235,178,436,9,0,0
445,443,383,236,178,436,9,0,0
446,443,383,235,177,436,9,0,0
447,443,384,235,178,436,9,0,0
448,443,384,235,178,436,9,0,0
449,443,383,235,178,436,9,0,0
450,443,384,235,178,436,9,0,0
451,444,384,234,178,436,9,0,0
452,444,384,234,178,436,9,0,0
453,444,384,234,178,436,9,0,0
454,444,384,234,178,436,9,0,0
455,444,384,233,178,436,9,0,0
456,444,384,233,178,436,9,0,0
457,444,384,233,178,436,9,0,0
458,444,384,233,178,436,9,0,0
459,444,384,233,178,436,9,0,0
460,444,384,232,178,436,9,0,0
461,444,384,232,178,436,9,0,0
462,443,384,234,178,436,9,0,0
463,443,384,235,177,436,9,0,0
464,443,384,234,177,436,9,0,0
465,443,384,234,177,436,9,0,0
466,443,384,234,178,436,9,0,0
467,443,384,234,178,436,9,0,0
468,444,384,233,178,436,9,0,0
469,444,384,233,178,436,9,0,0
470,444,385,233,177,436,9,0,0
471,443,384,234,177,436,9,0,0
472,443,385,233,178,436,9,0,0
473,444,385,232,178,436,9,0,0
474,443,384,232,178,436,9,0,0
475,443,384,233,179,436,9,0,0
476,443,384,233,178,436,9,0,0
477,443,384,233,178,436,9,0,0
478,443,384,233,179,436,9,0,0
479,443,384,233,178,436,9,0,0
480,442,385,234,178,436,9,0,0
481,443,384,234,178,436,9,0,0
482,443,385,234,178,436,9,0,0
483,443,385,234,178,436,9,0,0
484,443,384,233,177,436,9,0,0
485,442,384,234,178,436,9,0,0
486,442,384,234,178,436,9,0,0
487,443,385,233,178,436,9,0,0
488,443,385,233,178,436,9,0,0
489,442,383,236,179,436,9,0,0
490,442,383,235,179,436,9,0,0
491,443,384,234,178,436,9,0,0
492,442,384,235,178,436,9,0,0
493,443,384,235,178,436,9,0,0
494,442,383,235,179,436,9,0,0
495,442,384,236,178,436,9,0,0
496,443,384,234,178,436,9,0,0
497,443,384,234,178,436,9,0,0
498,443,384,233,178,436,9,0,0
499,444,384,233,178,436,9,0,0
500,443,384,233,178,436,9,0,0
501,443,384,233,178,436,9,0,0
502,443,384,233,178,436,9,0,0
503,443,384,232,178,436,9,0,0
504,443,385,232,178,436,9,0,0
505,443,385,232,178,436,9,0,0
506,443,385,233,177,436,9,0,0
507,443,384,234,178,436,9,0,0
508,443,384,234,178,436,9,0,0
509,443,384,233,178,436,9,0,0
510,443,384,232,178,436,9,0,0
511,442,384,232,178,436,9,0,0
512,442,383,232,178,436,9,0,0
513,442,383,232,178,436,9,0,0
514,442,384,232,178,436,9,0,0
515,442,384,232,178,436,9,0,0
516,442,384,233,178,436,9,0,0
517,443,384,233,178,436,9,0,0
518,443,384,233,177,436,9,0,0
519,443,384,233,178,436,9,0,0
520,442,384,233,178,436,9,0,0
521,442,384,233,178,436,9,0,0
522,443,384,233,177,436,9,0,0
523,443,385,233,177,436,9,0,0
524,443,385,233,177,436,9,0,0
525,443,384,233,177,436,9,0,0
526,443,384,233,177,436,9,0,0
527,443,384,233,177,436,9,0,0
528,442,384,234,178,436,9,0,0
529,442,384,234,178,436,9,0,0
530,442,384,234,178,436,9,0,0
531,442,384,234,178,436,9,0,0
532,442,385,234,178,436,9,0,0
533,442,385,234,177,436,9,0,0
534,443,384,234,178,436,9,0,0
535,442,384,234,178,436,9,0,0
536,443,384,234,178,436,9,0,0
537,443,384,234,178,436,9,0,0
538,443,384,233,178,436,9,0,0
539,442,383,234,178,436,9,0,0
540,444,384,232,178,436,9,0,0
541,444,384,232,178,436,9,0,0
542,444,384,232,178,436,9,0,0
543,444,384,232,177,436,9,0,0
544,444,384,232,178,436,9,0,0
545,444,384,233,178,436,9,0,0
546,444,384,232,178,436,9,0,0
547,444,384,232,178,436,9,0,0
548,444,384,232,178,436,9,0,0
549,444,384,232,178,436,9,0,0
550,443,384,232,178,436,9,0,0
551,443,384,233,178,436,9,0,0
552,444,384,233,178,436,9,0,0
553,444,384,233,178,436,9,0,0
554,444,384,233,178,436,9,0,0
555,444,384,233,178,436,9,0,0
556,444,384,233,179,436,9,0,0
557,444,384,232,177,436,9,0,0
558,444,384,232,178,436,9,0,0
559,444,384,232,178,436,9,0,0
560,444,384,232,177,436,9,0,0
561,444,384,232,177,436,9,0,0
562,444,384,232,177,436,9,0,0
563,444,384,231,177,436,9,0,0
564,444,384,231,177,436,9,0,0
565,444,384,232,177,436,9,0,0
566,444,384,231,177,436,9,0,0
567,444,384,232,177,436,9,0,0
568,444,384,232,177,436,9,0,0
569,444,384,231,178,436,9,0,0
570,444,384,231,178,436,9,0,0
571,444,384,231,177,436,9,0,0
572,444,384,231,177,436,9,0,0
573,444,384,230,177,436,9,0,0
574,445,384,231,177,436,9,0,0
575,444,384,231,178,436,9,0,0
576,444,384,232,178,436,9,0,0
577,444,384,232,177,436,9,0,0
578,444,384,232,177,436,9,0,0
579,443,384,232,177,436,9,0,0
580,444,383,232,177,436,9,0,0
581,444,384,232,177,436,9,0,0
582,444,384,233,177,436,9,0,0
583,443,384,233,177,436,9,0,0
584,443,383,232,176,436,9,0,0
585,443,384,233,176,436,9,0,0
586,443,384,233,176,436,9,0,0
587,444,384,233,177,436,9,0,0
588,444,384,232,178,436,9,0,0
589,444,383,232,178,436,9,0,0
590,444,384,231,178,436,9,0,1
591,444,384,233,178,436,9,0,0
592,444,384,232,178,436,9,0,0
593,444,384,232,178,436,9,0,0
594,444,384,233,178,436,9,0,0
595,444,384,232,178,436,9,0,0
596,444,384,232,178,436,9,0,0
597,444,383,233,178,436,9,0,0
598,444,384,233,178,436,9,0,0
599,444,384,233,178,436,9,0,0
600,444,384,233,177,436,9,0,0
601,443,384,233,178,436,9,0,0
602,443,383,233,178,436,9,0,0
603,443,383,233,178,436,9,0,0
604,443,383,233,178,436,9,0,0
605,444,383,232,178,436,9,0,0
606,443,383,232,178,436,9,0,0
607,443,384,232,178,436,9,0,0
608,443,384,233,177,436,9,0,0
609,443,384,233,177,436,9,0,0
610,443,384,233,177,436,9,0,0
611,443,384,233,178,436,9,0,0
612,443,384,232,178,436,9,0,0
613,443,384,232,178,436,9,0,0
614,443,384,232,178,436,9,0,0
615,444,384,232,178,436,9,0,0
616,444,384,233,178,436,9,0,0
617,444,385,232,177,436,9,0,0
618,444,385,232,177,436,9,0,0
619,444,385,232,176,436,9,0,0
620,444,385,231,177,436,9,0,0
621,444,384,232,177,436,9,0,0
622,444,384,232,178,436,9,0,0
623,444,384,232,178,436,9,0,0
624,444,384,232,177,436,9,0,0
625,444,384,232,178,436,9,0,0
626,444,384,232,177,436,9,0,0
627,444,384,231,178,436,9,0,0
628,445,384,231,178,436,9,0,0
629,445,384,231,178,436,9,0,0
630,445,383,231,178,436,9,0,0
631,445,383,231,178,436,9,0,0
632,445,383,231,178,436,9,0,0
633,445,384,231,178,436,9,0,0
634,445,384,231,178,436,9,0,0
635,444,384,232,178,436,9,0,0
636,445,384,232,179,436,9,0,0
637,445,385,230,177,436,9,0,0
638,445,385,230,177,436,9,0,0
639,444,385,231,177,436,9,0,0
640,444,385,231,177,436,9,0,0
641,444,385,231,177,436,9,0,0
642,444,385,231,177,436,9,0,0
643,444,385,232,177,436,9,0,0
644,444,385,231,177,436,9,0,0
645,443,385,232,177,436,9,0,0
646,443,385,233,177,436,9,0,0
647,443,386,233,177,436,9,0,0
648,443,387,231,177,436,9,0,0
649,443,387,232,176,436,9,0,0
650,443,386,232,176,436,9,0,0
651,443,386,232,176,436,9,0,0
652,443,386,232,177,436,9,0,0
653,443,386,232,177,436,9,0,0
654,444,386,231,177,436,9,0,0
655,444,386,231,176,436,9,0,0
656,443,385,232,177,436,9,0,0
657,444,385,232,177,436,9,0,0
658,444,385,233,177,436,9,0,0
659,444,385,232,177,436,9,0,0
660,443,385,233,177,436,9,0,0
661,443,385,234,177,436,9,0,0
662,443,385,234,177,436,9,0,0
663,443,386,233,177,436,9,0,0
664,443,385,233,177,436,9,0,0
665,442,385,234,177,436,9,0,0
666,443,385,233,177,436,9,0,0
667,443,385,232,178,436,9,0,0
668,443,385,233,178,436,9,0,0
669,443,385,232,178,436,9,0,0
670,443,385,233,177,436,9,0,0
671,443,385,233,177,436,9,0,0
672,443,385,233,178,436,9,0,0
673,442,385,233,177,436,9,0,0
674,442,384,233,178,436,9,0,0
675,443,384,233,178,436,9,0,0
676,443,385,232,177,436,9,0,0
677,443,385,232,177,436,9,0,0
678,443,386,232,177,436,9,0,0
679,443,385,232,177,436,9,0,0
680,442,385,232,177,436,9,0,0
681,443,385,231,177,436,9,0,0
682,443,385,231,177,436,9,0,0
683,443,385,232,178,436,9,0,0
684,443,385,231,178,436,9,0,0
685,443,385,231,178,436,9,0,0
686,443,385,231,178,436,9,0,0
687,444,385,232,177,436,9,0,0
688,444,385,232,177,436,9,0,0
689,444,385,232,177,436,9,0,0
690,444,386,232,177,436,9,0,0
691,444,386,232,177,436,9,0,0
692,444,385,232,177,436,9,0,0
693,444,386,233,177,436,9,0,0
694,444,385,232,177,436,9,0,0
695,444,385,232,177,436,9,0,0
696,444,385,233,178,436,9,0,0
697,444,384,232,179,436,9,0,0
698,444,385,232,178,436,9,0,0
699,445,385,231,178,436,9,0,0
700,445,386,232,178,436,9,0,0
701,445,386,232,177,436,9,0,0
702,445,386,232,177,436,9,0,0
703,444,386,233,177,436,9,0,0
704,444,385,232,178,436,9,0,0
705,443,385,233,178,436,9,0,0
706,443,385,233,178,436,9,0,0
707,443,385,234,178,436,9,0,0
708,444,386,232,176,436,9,0,0
709,444,385,232,176,436,9,0,0
710,443,386,232,176,436,9,0,0
711,443,386,232,176,436,9,0,0
712,444,386,232,176,436,9,0,0
713,444,386,231,176,436,9,0,0
714,444,386,232,176,436,9,0,0
715,444,386,233,176,436,9,0,0
716,443,386,233,177,436,9,0,0
717,444,385,233,177,436,9,0,0
718,444,385,233,177,436,9,0,0
719,444,385,232,177,436,9,0,0
720,444,386,233,178,436,9,0,1
721,444,386,233,179,436,9,0,1
722,444,386,234,178,436,9,0,1
723,444,386,233,178,436,9,0,1
724,445,386,233,179,436,9,0,1
725,446,386,232,179,436,9,0,1
726,446,386,232,179,436,9,0,0
727,446,386,232,178,436,9,0,0
728,446,386,231,178,436,9,0,0
729,446,385,233,179,436,9,0,0
730,446,386,232,179,436,9,0,0
731,445,385,232,177,436,9,0,0
732,445,386,232,178,436,9,0,0
733,445,386,232,178,436,9,0,0
734,444,386,233,178,436,9,0,0
735,444,386,233,177,436,9,0,0
736,443,386,232,177,436,9,0,0
737,443,386,232,177,436,9,0,0
738,443,386,232,177,436,9,0,0
739,443,386,232,177,436,9,0,0
740,443,386,231,177,436,9,0,0
741,443,386,231,177,436,9,0,0
742,444,386,232,177,436,9,0,0
743,444,387,232,176,436,9,0,0
744,444,387,232,177,436,9,0,0
745,444,385,231,178,436,9,0,0
746,445,386,231,178,436,9,0,0
747,445,385,230,178,436,9,0,0
748,445,385,231,179,436,9,0,0
749,445,385,231,179,436,9,0,0
750,444,386,234,179,436,9,0,0
751,445,385,233,179,436,9,0,0
752,445,385,233,179,436,9,0,0
753,445,385,233,179,436,9,0,0
754,444,385,234,179,436,9,0,0
755,444,385,233,179,436,9,0,0
756,445,384,231,179,436,9,0,0
757,443,385,233,178,436,9,0,0
758,443,385,234,178,436,9,0,0
759,443,385,235,178,436,9,0,0
760,443,385,235,177,436,9,0,0
761,443,386,234,177,436,9,0,0
762,443,386,234,177,436,9,0,0
763,443,387,233,176,436,9,0,0
764,443,386,233,177,436,9,0,0
765,443,386,233,177,436,9,0,0
766,444,385,234,177,436,9,0,0
767,445,385,234,178,436,9,0,0
768,445,385,234,178,436,9,0,0
769,445,385,234,178,436,9,0,0
770,445,385,235,178,436,9,0,0
771,444,386,236,179,436,9,0,0
772,444,386,235,179,436,9,0,0
773,445,385,233,178,436,9,0,0
774,445,385,233,178,436,9,0,0
775,445,385,234,178,436,9,0,0
776,444,385,234,178,436,9,0,0
777,444,385,234,178,436,9,0,0
778,444,385,235,178,436,9,0,0
779,444,385,232,177,436,9,0,0
780,443,387,233,175,436,9,0,0
781,443,386,233,176,436,9,0,0
782,443,386,233,177,436,9,0,0
783,443,386,234,177,436,9,0,0
784,443,386,234,177,436,9,0,0
785,443,386,234,177,436,9,0,0
786,443,386,234,177,436,9,0,0
787,444,386,231,176,436,9,0,0
788,444,386,232,175,436,9,0,0
789,444,386,232,175,436,9,0,0
790,444,386,232,176,436,9,0,0
791,444,386,232,176,436,9,0,0
792,444,386,232,176,436,9,0,0
793,444,386,232,175,436,9,0,0
794,444,386,231,176,436,9,0,0
795,445,386,231,176,436,9,0,0
796,444,387,231,176,436,9,0,0
797,444,387,231,176,436,9,0,0
798,444,387,231,176,436,9,0,0
799,444,386,231,176,436,9,0,0
800,444,386,231,176,436,9,0,0
801,444,386,231,176,436,9,0,0
802,444,386,231,176,436,9,0,0
803,444,386,231,176,436,9,0,0
804,445,386,231,176,436,9,0,0
805,445,387,231,175,436,9,0,0
806,445,387,231,176,436,9,0,0
807,444,386,231,176,436,9,0,0
808,445,385,232,177,436,9,0,0
809,444,386,231,177,436,9,0,0
810,444,386,231,176,436,9,0,0
811,444,386,231,176,436,9,0,0
812,444,386,231,176,436,9,0,0
813,444,386,231,176,436,9,0,0
814,444,386,231,177,436,9,0,0
815,444,386,231,177,436,9,0,0
816,444,386,232,177,436,9,0,0
817,444,386,233,177,436,9,0,0
818,444,386,233,177,436,9,0,0
819,444,385,233,177,436,9,0,0
820,444,385,232,177,436,9,0,0
821,444,385,232,177,436,9,0,0
822,444,385,233,177,436,9,0,0
823,444,386,232,176,436,9,0,0
824,444,386,232,176,436,9,0,0
825,444,386,232,177,436,9,0,0
826,444,386,232,177,436,9,0,0
827,444,386,232,176,436,9,0,0
828,443,386,233,176,436,9,0,0
829,444,386,232,177,436,9,0,0
830,444,386,233,177,436,9,0,0
831,444,386,233,177,436,9,0,0
832,444,386,232,177,436,9,0,0
833,444,386,233,177,436,9,0,0
834,444,386,233,177,436,9,0,0
835,444,386,232,177,436,9,0,0
836,444,386,232,177,436,9,0,0
837,444,386,232,177,436,9,0,0
838,444,385,233,177,436,9,0,0
839,444,386,233,177,436,9,0,0
840,444,386,232,176,436,9,0,0
841,443,386,232,176,436,9,0,0
842,444,387,233,176,436,9,0,0
843,443,386,233,177,436,9,0,0
844,443,386,233,177,436,9,0,0
845,443,386,233,177,436,9,0,0
846,443,386,233,176,436,9,0,0
847,443,386,233,176,436,9,0,0
848,443,387,233,176,436,9,0,0
849,444,386,233,176,436,9,0,0
850,444,386,233,177,436,9,0,0
851,443,387,234,176,436,9,0,0
852,443,387,233,176,436,9,0,0
853,443,387,233,177,436,9,0,0
854,443,387,233,177,436,9,0,0
855,443,387,233,177,436,9,0,0
856,443,387,233,177,436,9,0,0
857,443,386,233,177,436,9,0,0
858,443,386,234,177,436,9,0,0
859,443,386,234,177,436,9,0,0
860,443,386,234,177,436,9,0,0
861,443,386,234,177,436,9,0,0
862,443,386,234,177,436,9,0,0
863,443,386,233,176,436,9,0,0
864,444,386,232,177,436,9,0,0
865,444,387,232,176,436,9,0,0
866,444,386,232,177,436,9,0,0
867,444,387,231,176,436,9,0,0
868,444,387,231,176,436,9,0,0
869,444,386,233,177,436,9,0,0
870,444,385,233,177,436,9,0,0
871,444,386,233,177,436,9,0,0
872,444,386,232,177,436,9,0,0
873,444,386,232,177,436,9,0,0
874,444,386,232,177,436,9,0,0
875,444,385,232,177,436,9,0,0
876,444,386,233,177,436,9,0,0
877,443,386,233,177,436,9,0,0
878,443,386,233,177,436,9,0,0
879,443,386,233,177,436,9,0,0
880,444,386,233,177,436,9,0,0
881,443,386,234,177,436,9,0,0
882,443,386,234,177,436,9,0,0
883,443,387,234,177,436,9,0,0
884,443,386,233,177,436,9,0,0
885,443,386,233,177,436,9,0,0
886,443,386,233,177,436,9,0,0
887,444,386,233,178,436,9,0,0
888,444,385,232,178,436,9,0,0
889,444,386,232,177,436,9,0,0
890,444,387,232,176,436,9,0,0
891,444,387,232,176,436,9,0,0
892,444,386,232,177,436,9,0,0
893,444,387,232,176,436,9,0,0
894,444,387,233,176,436,9,0,0
895,444,387,233,176,436,9,0,0
896,444,386,233,176,436,9,0,0
897,444,386,233,176,436,9,0,0
898,444,386,233,176,436,9,0,0
899,444,386,233,177,436,9,0,0
900,444,388,231,175,436,9,0,0
901,444,388,232,175,436,9,0,0
902,443,388,232,175,436,9,0,0
903,444,388,231,176,436,9,0,0
904,444,387,232,177,436,9,0,0
905,444,387,232,177,436,9,0,0
906,444,387,232,176,436,9,0,0
907,444,387,231,176,436,9,0,0
908,444,388,232,175,436,9,0,0
909,443,388,231,175,436,9,0,0
910,443,388,232,176,436,9,0,0
911,443,387,232,176,436,9,0,0
912,444,387,231,176,436,9,0,0
913,444,387,232,175,436,9,0,0
914,444,387,232,176,436,9,0,0
915,444,387,232,176,436,9,0,0
916,444,387,232,175,436,9,0,0
917,444,387,233,176,436,9,0,0
918,444,387,232,176,436,9,0,0
919,444,387,232,176,436,9,0,0
920,444,387,232,176,436,9,0,0
921,444,387,231,176,436,9,0,0
922,444,387,232,176,436,9,0,0
923,444,387,232,176,436,9,0,0
924,443,387,232,176,436,9,0,0
925,443,387,233,176,436,9,0,0
926,443,387,233,176,436,9,0,0
927,443,387,233,176,436,9,0,0
928,443,387,232,176,436,9,0,0
929,443,387,233,176,436,9,0,0
930,443,387,232,176,436,9,0,0
931,443,387,232,176,436,9,0,0
932,443,387,232,176,436,9,0,0
933,443,386,232,176,436,9,0,0
934,443,387,232,176,436,9,0,0
935,443,386,232,176,436,9,0,0
936,443,386,233,176,436,9,0,0
937,443,387,233,176,436,9,0,0
938,443,387,233,176,436,9,0,0
939,443,386,233,176,436,9,0,0
940,444,387,232,176,436,9,0,0
941,444,387,232,176,436,9,0,0
942,444,386,232,176,436,9,0,0
943,444,387,232,176,436,9,0,0
944,444,387,232,176,436,9,0,0
945,443,387,233,176,436,9,0,0
946,443,386,232,177,436,9,0,0
947,443,386,232,177,436,9,0,0
948,444,386,231,177,436,9,0,0
949,444,386,231,177,436,9,0,0
950,444,386,231,177,436,9,0,0
951,444,386,231,176,436,9,0,0
952,444,386,231,176,436,9,0,0
953,444,386,231,176,436,9,0,0
954,444,387,231,176,436,9,0,0
955,444,387,231,176,436,9,0,0
956,444,386,232,177,436,9,0,0
957,444,387,232,176,436,9,0,0
958,444,387,232,176,436,9,0,0
959,444,387,231,176,436,9,0,0
960,444,387,231,176,436,9,0,0
961,444,387,232,176,436,9,0,0
962,444,387,232,176,436,9,0,0
963,444,387,231,176,436,9,0,0
964,444,387,231,176,436,9,0,0
965,444,387,231,176,436,9,0,0
966,444,387,231,176,436,9,0,0
967,444,387,231,176,436,9,0,0
968,444,387,231,176,436,9,0,0
969,444,387,231,176,436,9,0,0
970,443,387,232,176,436,9,0,0
971,443,387,233,176,436,9,0,0
972,443,387,232,176,436,9,0,0
973,443,387,232,176,436,9,0,0
974,443,387,232,176,436,9,0,0
975,443,387,232,176,436,9,0,0
976,443,387,232,176,436,9,0,0
977,443,387,232,176,436,9,0,0
978,443,387,233,175,436,9,0,0
979,443,387,233,175,436,9,0,0
980,443,387,233,175,436,9,0,0
981,443,387,233,176,436,9,0,0
982,444,387,233,175,436,9,0,0
983,444,387,233,176,436,9,0,0
984,444,387,234,175,436,9,0,0
985,443,387,235,175,436,9,0,0
986,444,387,235,175,436,9,0,0
987,443,387,235,175,436,9,0,0
988,443,387,235,175,436,9,0,0
989,443,387,236,175,436,9,0,0
990,442,386,236,176,436,9,0,0
991,443,387,235,175,436,9,0,0
992,443,387,235,175,436,9,0,0
993,443,387,235,175,436,9,0,0
994,443,387,236,175,436,9,0,0
995,443,387,235,175,436,9,0,0
996,443,386,235,176,436,9,0,0
997,443,386,234,176,436,9,0,0
998,443,386,234,176,436,9,0,0
999,443,386,235,176,436,9,0,0
1000,443,387,234,176,436,9,0,0
1001,443,386,233,176,436,9,0,0
1002,443,386,234,176,436,9,0,0
1003,443,386,234,176,436,9,0,0
1004,443,387,233,176,436,9,0,0
1005,443,387,233,176,436,9,0,0
1006,442,387,234,176,436,9,0,0
1007,442,388,234,176,436,9,0,0
1008,443,386,234,176,436,9,0,0
1009,443,386,234,177,436,9,0,0
1010,443,386,235,177,436,9,0,0
1011,443,386,234,177,436,9,0,0
1012,442,386,234,177,436,9,0,0
1013,443,386,234,177,436,9,0,0
1014,443,386,234,177,436,9,0,0
1015,443,386,234,177,436,9,0,0
1016,443,386,234,177,436,9,0,0
1017,443,386,234,177,436,9,0,0
1018,443,386,234,177,436,9,0,0
1019,443,386,233,177,436,9,0,0
1020,443,386,234,177,436,9,0,0
1021,444,387,232,175,436,9,0,0
1022,444,387,232,175,436,9,0,0
1023,444,387,232,175,436,9,0,0
1024,444,387,232,175,436,9,0,0
1025,444,387,232,174,436,9,0,0
1026,443,388,232,174,436,9,0,0
1027,444,387,232,175,436,9,0,0
1028,445,387,232,175,436,9,0,0
1029,445,387,232,176,436,9,0,0
1030,444,388,232,176,436,9,0,0
1031,443,388,233,175,436,9,0,0
1032,443,388,233,174,436,9,0,0
1033,443,388,233,174,436,9,0,0
1034,443,388,233,174,436,9,0,0
1035,443,388,233,174,436,9,0,0
1036,443,388,233,174,436,9,0,0
1037,443,388,233,174,436,9,0,0
1038,443,388,232,174,436,9,0,0
1039,443,387,233,175,436,9,0,0
1040,443,387,233,175,436,9,0,0
1041,444,388,232,174,436,9,0,0
1042,444,389,231,174,436,9,0,0
1043,444,388,231,174,436,9,0,0
1044,444,388,231,174,436,9,0,0
1045,444,388,231,174,436,9,0,0
1046,444,388,231,175,436,9,0,0
1047,444,388,231,175,436,9,0,0
1048,444,387,231,175,436,9,0,0
1049,444,388,231,175,436,9,0,0
1050,445,388,231,175,436,9,0,0
1051,443,388,232,174,436,9,0,0
1052,444,388,232,175,436,9,0,0
1053,443,388,232,175,436,9,0,0
1054,445,387,231,175,436,9,0,0
1055,444,388,233,175,436,9,0,0
1056,443,388,233,175,436,9,0,0
1057,443,388,233,175,436,9,0,0
1058,443,388,233,174,436,9,0,0
1059,444,388,233,174,436,9,0,0
1060,444,388,232,175,436,9,0,0
1061,444,387,232,176,436,9,0,0
1062,445,387,231,176,436,9,0,0
1063,444,387,231,176,436,9,0,0
1064,444,386,232,176,436,9,0,0
1065,444,386,232,176,436,9,0,0
1066,444,386,232,176,436,9,0,0
1067,444,386,232,176,436,9,0,0
1068,444,386,232,176,436,9,0,0
1069,444,386,232,176,436,9,0,0
1070,443,386,232,176,436,9,0,0
1071,443,388,233,175,436,9,0,0
1072,443,388,233,175,436,9,0,0
1073,443,388,232,175,436,9,0,0
1074,443,388,232,175,436,9,0,0
1075,443,388,232,175,436,9,0,0
1076,443,387,232,175,436,9,0,0
1077,443,387,232,175,436,9,0,0
1078,443,387,232,175,436,9,0,0
1079,443,387,232,175,436,9,0,0
1080,443,387,233,175,436,9,0,0
1081,443,387,233,175,436,9,0,0
1082,443,387,233,175,436,9,0,0
1083,443,387,233,175,436,9,0,0
1084,443,387,233,175,436,9,0,0
1085,443,387,233,175,436,9,0,0
1086,443,387,233,175,436,9,0,0
1087,443,387,234,175,436,9,0,0
1088,443,387,234,175,436,9,0,0
1089,443,387,234,175,436,9,0,0
1090,443,387,234,175,436,9,0,0
1091,443,387,234,175,436,9,0,0
1092,442,387,234,176,436,9,0,0
1093,443,387,233,175,436,9,0,0
1094,443,386,233,176,436,9,0,0
1095,442,387,234,176,436,9,0,0
1096,442,387,234,176,436,9,0,0
1097,443,386,232,176,436,9,0,0
1098,443,386,233,176,436,9,0,0
1099,443,386,233,176,436,9,0,0
1100,443,386,233,176,436,9,0,0
1101,443,386,233,176,436,9,0,0
1102,443,386,233,176,436,9,0,0
1103,443,386,233,176,436,9,0,0
1104,443,386,233,176,436,9,0,0
1105,443,386,233,177,436,9,0,0
1106,444,386,233,177,436,9,0,0
1107,444,385,233,177,436,9,0,0
1108,444,385,233,177,436,9,0,0
1109,444,385,233,177,436,9,0,0
1110,444,385,232,177,436,9,0,0
1111,443,385,232,176,436,9,0,0
1112,443,385,232,176,436,9,0,0
1113,443,385,232,177,436,9,0,0
1114,443,385,233,177,436,9,0,0
1115,443,385,233,177,436,9,0,0
1116,442,386,234,177,436,9,0,0
1117,442,386,233,176,436,9,0,0
1118,443,386,233,176,436,9,0,0
1119,443,386,233,176,436,9,0,0
1120,443,386,235,176,436,9,0,0
1121,443,385,236,177,436,9,0,0
1122,442,385,235,177,436,9,0,0
1123,442,385,234,176,436,9,0,0
1124,442,385,234,176,436,9,0,0
1125,442,385,234,176,436,9,0,0
1126,442,385,233,177,436,9,0,0
1127,442,385,233,176,436,9,0,0
1128,443,386,236,175,436,9,0,0
1129,443,386,236,176,436,9,0,0
1130,443,386,236,176,436,9,0,0
1131,443,386,235,176,436,9,0,0
1132,443,386,234,176,436,9,0,0
1133,443,386,232,176,436,9,0,0
1134,443,386,232,176,436,9,0,0
1135,443,386,231,176,436,9,0,0
1136,443,386,232,177,436,9,0,0
1137,443,386,232,177,436,9,0,0
1138,443,386,233,177,436,9,0,0
1139,443,385,232,177,436,9,0,0
1140,442,386,233,177,436,9,0,0
1141,442,386,234,177,436,9,0,0
1142,442,385,235,177,436,9,0,0
1143,442,385,235,177,436,9,0,0
1144,441,385,236,177,436,9,0,0
1145,442,385,239,177,436,9,0,0
1146,442,385,236,177,436,9,0,0
1147,442,385,236,177,436,9,0,0
1148,442,385,236,177,436,9,0,0
1149,442,385,235,176,436,9,0,0
1150,442,385,235,177,436,9,0,0
1151,442,385,235,177,436,9,0,0
1152,442,385,234,177,436,9,0,0
1153,443,385,234,177,436,9,0,0
1154,443,385,232,176,436,9,0,0
1155,443,385,233,176,436,9,0,0
1156,443,385,231,176,436,9,0,0
1157,443,385,230,176,436,9,0,0
1158,444,385,230,176,436,9,0,0
1159,444,385,229,176,436,9,0,0
1160,444,386,228,176,436,9,0,0
1161,444,386,230,176,436,9,0,0
1162,444,386,230,176,436,9,0,0
1163,444,386,229,176,436,9,0,0
1164,443,386,232,176,436,9,0,0
1165,443,386,231,177,436,9,0,0
1166,443,385,231,178,436,9,0,0
1167,443,385,232,178,436,9,0,0
1168,443,385,232,178,436,9,0,0
1169,443,384,234,178,436,9,0,0
1170,443,384,234,178,436,9,0,0
1171,443,384,233,178,436,9,0,0
1172,444,384,232,178,436,9,0,0
1173,443,384,232,178,436,9,0,0
1174,443,384,232,178,436,9,0,0
1175,443,383,232,179,436,9,0,0
1176,443,384,233,178,436,9,0,0
1177,443,384,233,178,436,9,0,0
1178,443,384,233,178,436,9,0,0
1179,443,384,233,178,436,9,0,0
1180,444,384,232,178,436,9,0,0
1181,444,384,232,177,436,9,0,0
1182,444,385,232,177,436,9,0,0
1183,444,385,232,177,436,9,0,0
1184,444,385,232,176,436,9,0,0
1185,444,385,232,177,436,9,0,0
1186,442,385,234,175,436,9,0,0
1187,442,385,234,175,436,9,0,0
1188,443,385,234,175,436,9,0,1
1189,443,385,235,175,436,9,0,1
1190,442,385,237,175,436,9,0,1
1191,442,385,236,175,436,9,0,0
1192,442,385,235,176,436,9,0,0
1193,442,385,236,175,436,9,0,0
1194,443,385,236,176,436,9,0,0
1195,442,385,236,175,436,9,0,0
1196,442,384,237,177,436,9,0,0
1197,442,384,237,177,436,9,0,0
1198,442,384,237,177,436,9,0,0
1199,442,384,237,177,436,9,0,0
1200,443,383,236,178,436,9,0,0
1201,443,383,236,177,436,9,0,0
1202,443,384,236,178,436,9,0,0
1203,442,384,236,177,436,9,0,0
1204,443,383,236,178,436,9,0,0
1205,442,383,236,177,436,9,0,0
1206,442,384,236,178,436,9,0,0
1207,442,384,236,178,436,9,0,0
1208,442,384,236,178,436,9,0,0
1209,442,384,236,177,436,9,0,0
1210,442,384,236,177,436,9,0,0
1211,442,384,237,177,436,9,0,0
1212,442,384,237,177,436,9,0,0
1213,442,384,236,177,436,9,0,0
1214,442,383,235,177,436,9,0,0
1215,442,384,235,177,436,9,0,0
1216,442,383,235,178,436,9,0,0
1217,442,383,236,177,436,9,0,0
1218,443,382,235,178,436,9,0,0
1219,443,382,234,178,436,9,0,0
1220,443,382,234,178,436,9,0,0
1221,443,382,234,178,436,9,0,0
1222,442,383,234,178,436,9,0,0
1223,442,383,234,177,436,9,0,0
1224,442,383,235,178,436,9,0,0
1225,442,383,234,178,436,9,0,0
1226,442,383,235,178,436,9,0,0
1227,442,383,234,178,436,9,0,0
1228,442,383,234,178,436,9,0,0
1229,442,384,234,177,436,9,0,0
1230,442,384,234,177,436,9,0,0
1231,442,384,234,177,436,9,0,0
1232,442,384,234,177,436,9,0,0
1233,442,384,234,177,436,9,0,0
1234,442,384,235,177,436,9,0,0
1235,442,384,235,177,436,9,0,0
1236,442,383,238,177,436,9,0,0
1237,442,383,238,177,436,9,0,0
1238,442,383,238,177,436,9,0,0
1239,443,382,236,178,436,9,0,0
1240,443,382,236,179,436,9,0,0
1241,442,381,236,179,436,9,0,0
1242,442,381,236,179,436,9,0,0
1243,442,381,236,179,436,9,0,0
1244,442,381,236,179,436,9,0,0
1245,442,381,236,180,436,9,0,0
1246,442,382,236,179,436,9,0,0
1247,443,382,236,178,436,9,0,0
1248,443,383,236,178,436,9,0,0
1249,442,384,236,177,436,9,0,0
1250,442,383,237,178,436,9,0,0
1251,442,385,236,176,436,9,0,0
1252,442,385,236,176,436,9,0,0
1253,442,385,235,176,436,9,0,0
1254,442,385,235,176,436,9,0,0
1255,442,385,235,176,436,9,0,0
1256,442,385,235,176,436,9,0,0
1257,442,385,235,176,436,9,0,0
1258,442,385,235,177,436,9,0,0
1259,442,385,236,176,436,9,0,0
1260,443,384,236,177,436,9,0,0
1261,442,384,235,177,436,9,0,0
1262,443,384,235,177,436,9,0,0
1263,444,384,234,177,436,9,0,0
1264,444,384,234,177,436,9,0,0
1265,444,384,233,177,436,9,0,0
1266,444,384,233,178,436,9,0,0
1267,444,384,234,178,436,9,0,0
1268,444,384,234,178,436,9,0,0
1269,443,384,234,178,436,9,0,0
1270,442,384,235,177,436,9,0,0
1271,443,384,234,177,436,9,0,0
1272,443,384,234,177,436,9,0,0
1273,443,384,235,177,436,9,0,0
1274,442,384,235,176,436,9,0,0
1275,442,384,235,177,436,9,0,0
1276,442,384,235,177,436,9,0,0
1277,442,384,235,177,436,9,0,0
1278,442,384,235,177,436,9,0,0
1279,442,384,235,177,436,9,0,0
1280,443,384,234,177,436,9,0,0
1281,443,384,234,177,436,9,0,0
1282,443,384,234,177,436,9,0,0
1283,443,384,234,177,436,9,0,0
1284,443,384,234,177,436,9,0,0
1285,443,384,234,177,436,9,0,0
1286,443,384,235,177,436,9,0,0
1287,443,384,235,177,436,9,0,0
1288,443,384,235,177,436,9,0,0
1289,443,384,235,177,436,9,0,0
1290,443,384,235,177,436,9,0,0
1291,443,384,235,177,436,9,0,0
1292,443,384,235,177,436,9,0,0
1293,443,384,235,177,436,9,0,0
1294,443,384,235,177,436,9,0,0
1295,443,384,235,177,436,9,0,0
1296,441,384,237,177,436,9,0,0
1297,441,384,237,177,436,9,0,0
1298,441,384,237,177,436,9,0,0
1299,441,384,237,177,436,9,0,0
1300,442,384,236,177,436,9,0,0
1301,441,384,236,177,436,9,0,0
1302,442,384,236,177,436,9,0,0
1303,442,384,236,177,436,9,0,0
1304,442,384,236,177,436,9,0,0
1305,442,384,236,177,436,9,0,0
1306,441,384,236,177,436,9,0,0
1307,442,384,236,177,436,9,0,0
1308,442,383,236,178,436,9,0,0
1309,442,383,235,178,436,9,0,0
1310,442,384,234,177,436,9,0,0
1311,442,384,234,177,436,9,0,0
1312,442,383,235,178,436,9,0,0
1313,442,383,235,178,436,9,0,0
1314,442,383,235,178,436,9,0,0
1315,442,383,235,178,436,9,0,0
1316,442,383,235,178,436,9,0,0
1317,442,383,235,178,436,9,0,0
1318,442,383,235,178,436,9,0,0
1319,442,383,235,178,436,9,0,0
1320,442,382,236,179,436,9,0,0
1321,442,383,236,178,436,9,0,0
1322,442,383,235,178,436,9,0,0
1323,442,382,235,178,436,9,0,0
1324,442,383,236,178,436,9,0,0
1325,442,382,236,178,436,9,0,0
1326,442,382,236,178,436,9,0,0
1327,442,382,236,178,436,9,0,0
1328,442,382,236,178,436,9,0,0
1329,442,382,236,178,436,9,0,0
1330,442,382,236,179,436,9,0,0
1331,442,382,236,179,436,9,0,0
1332,442,383,235,179,436,9,0,0
1333,442,383,235,179,436,9,0,0
1334,442,382,235,179,436,9,0,0
1335,442,383,235,179,436,9,0,0
1336,442,382,236,179,436,9,0,0
1337,442,382,236,179,436,9,0,0
1338,442,382,236,179,436,9,0,0
1339,442,382,236,179,436,9,0,0
1340,442,382,236,179,436,9,0,0
1341,442,382,236,179,436,9,0,0
1342,442,382,236,179,436,9,0,0
1343,442,382,236,180,436,9,0,0
1344,442,382,236,179,436,9,0,0
1345,442,382,236,179,436,9,0,0
1346,443,382,234,179,436,9,0,0
1347,443,383,235,179,436,9,0,0
1348,442,382,235,179,436,9,0,0
1349,442,382,235,179,436,9,0,0
1350,442,383,236,178,436,9,0,0
1351,442,383,236,179,436,9,0,0
1352,442,383,236,178,436,9,0,0
1353,442,383,236,179,436,9,0,0
1354,442,383,236,179,436,9,0,0
1355,442,383,236,179,436,9,0,0
1356,442,383,236,178,436,9,0,0
1357,442,382,236,179,436,9,0,0
1358,442,382,236,179,436,9,0,0
1359,442,382,236,179,436,9,0,0
1360,442,382,236,179,436,9,0,0
1361,442,382,236,179,436,9,0,0
1362,442,382,236,179,436,9,0,0
1363,442,382,236,179,436,9,0,0
1364,442,381,236,179,436,9,0,0
1365,443,381,235,180,436,9,0,0
1366,443,381,235,180,436,9,0,0
1367,442,382,235,179,436,9,0,0
1368,443,382,235,179,436,9,0,0
1369,443,382,235,179,436,9,0,0
1370,443,382,234,179,436,9,0,0
1371,443,382,235,179,436,9,0,0
1372,443,382,234,179,436,9,0,0
1373,443,382,235,178,436,9,0,0
1374,443,382,235,178,436,9,0,0
1375,443,382,235,178,436,9,0,0
1376,443,382,235,179,436,9,0,0
1377,443,382,235,179,436,9,0,0
1378,443,382,235,179,436,9,0,0
1379,443,382,235,179,436,9,0,0
1380,442,381,236,179,436,9,0,0
1381,442,381,236,179,436,9,0,0
1382,442,382,236,179,436,9,0,0
1383,442,382,236,179,436,9,0,0
1384,443,381,235,179,436,9,0,0
1385,443,381,235,179,436,9,0,0
1386,442,382,235,179,436,9,0,0
1387,443,381,235,179,436,9,0,0
1388,442,382,235,179,436,9,0,0
1389,442,382,235,179,436,9,0,0
1390,442,383,234,179,436,9,0,1
1391,443,383,235,179,436,9,0,1
1392,443,383,234,179,436,9,0,0
1393,443,383,233,179,436,9,0,0
1394,442,383,234,179,436,9,0,0
1395,443,383,233,179,436,9,0,0
1396,443,384,233,178,436,9,0,0
1397,443,383,233,178,436,9,0,0
1398,442,382,235,179,436,9,0,0
1399,442,382,235,179,436,9,0,0
1400,442,382,236,178,436,9,0,0
1401,443,382,235,179,436,9,0,0
1402,443,382,235,178,436,9,0,0
1403,443,382,234,178,436,9,0,0
1404,442,382,234,178,436,9,0,0
1405,442,382,234,179,436,9,0,0
1406,442,382,235,178,436,9,0,0
1407,442,382,234,178,436,9,0,0
1408,442,382,234,179,436,9,0,0
1409,442,382,234,179,436,9,0,0
1410,442,382,234,179,436,9,0,0
1411,442,381,234,179,436,9,0,0
1412,442,381,234,179,436,9,0,0
1413,442,381,234,180,436,9,0,0
1414,442,382,234,179,436,9,0,0
1415,442,382,234,179,436,9,0,0
1416,443,381,233,180,436,9,0,0
1417,442,381,233,179,436,9,0,0
1418,443,382,233,178,436,9,0,0
1419,443,383,234,178,436,9,0,0
1420,443,383,233,178,436,9,0,0
1421,443,382,233,179,436,9,0,0
1422,443,382,233,179,436,9,0,0
1423,443,383,234,179,436,9,0,0
1424,443,382,234,179,436,9,0,0
1425,443,382,233,178,436,9,0,0
1426,443,383,233,178,436,9,0,0
1427,443,383,233,178,436,9,0,0
1428,442,383,235,178,436,9,0,0
1429,443,383,235,178,436,9,0,0
1430,442,383,236,179,436,9,0,0
1431,442,383,236,178,436,9,0,0
1432,442,383,236,178,436,9,0,0
1433,442,383,236,178,436,9,0,0
1434,442,383,235,178,436,9,0,0
1435,442,383,235,178,436,9,0,0
1436,443,383,235,178,436,9,0,0
1437,443,383,235,178,436,9,0,0
1438,443,383,235,178,436,9,0,0
1439,443,383,234,178,436,9,0,0
1440,443,382,235,179,436,9,0,0
1441,443,383,234,179,436,9,0,0
1442,443,383,234,179,436,9,0,0
1443,443,383,234,179,436,9,0,0
1444,443,383,235,179,436,9,0,0
1445,443,383,234,179,436,9,0,0
1446,443,383,235,179,436,9,0,0
1447,443,382,234,179,436,9,0,0
1448,443,382,234,179,436,9,0,0
1449,443,382,234,179,436,9,0,0
1450,443,382,234,179,436,9,0,0
1451,443,382,235,179,436,9,0,0
1452,442,382,235,179,436,9,0,0
1453,442,382,235,179,436,9,0,0
1454,442,382,236,179,436,9,0,0
1455,442,383,235,179,436,9,0,0
1456,442,383,235,179,436,9,0,0
1457,442,383,235,178,436,9,0,0
1458,442,383,235,179,436,9,0,0
1459,442,383,235,178,436,9,0,0
1460,442,383,235,179,436,9,0,0
1461,442,383,235,178,436,9,0,0
1462,442,383,235,178,436,9,0,0
1463,443,384,234,178,436,9,0,0
1464,443,384,234,177,436,9,0,0
1465,443,384,234,177,436,9,0,0
1466,444,385,232,177,436,9,0,0
1467,444,385,232,177,436,9,0,0
1468,444,385,233,177,436,9,0,0
1469,443,385,233,177,436,9,0,0
1470,443,385,233,177,436,9,0,0
1471,443,385,233,177,436,9,0,0
1472,443,384,233,178,436,9,0,0
1473,443,384,233,177,436,9,0,0
1474,443,384,233,177,436,9,0,0
1475,443,385,233,177,436,9,0,0
1476,443,384,234,177,436,9,0,0
1477,443,385,234,177,436,9,0,0
1478,443,385,234,177,436,9,0,0
1479,443,385,234,177,436,9,0,0
1480,443,384,234,177,436,9,0,0
1481,443,385,234,177,436,9,0,0
1482,443,385,233,177,436,9,0,0
1483,443,385,233,177,436,9,0,0
1484,443,385,233,177,436,9,0,0
1485,443,385,233,177,436,9,0,0
1486,444,385,232,177,436,9,0,0
1487,444,385,232,177,436,9,0,0
1488,444,385,233,177,436,9,0,0
1489,444,385,234,177,436,9,0,0
1490,444,385,233,176,436,9,0,0
1491,444,385,234,176,436,9,0,0
1492,444,385,234,176,436,9,0,0
1493,443,385,234,176,436,9,0,0
1494,444,385,234,176,436,9,0,0
1495,444,385,234,176,436,9,0,0
1496,443,385,234,177,436,9,0,0
1497,444,385,234,177,436,9,0,0
1498,444,386,233,176,436,9,0,0
1499,443,386,234,176,436,9,0,0
1500,443,385,234,177,436,9,0,0
1501,443,385,234,176,436,9,0,0
1502,443,385,234,176,436,9,0,0
1503,443,385,234,176,436,9,0,0
1504,443,385,234,177,436,9,0,0
1505,443,385,234,176,436,9,0,0
1506,443,385,234,176,436,9,0,0
1507,443,385,233,177,436,9,0,0
1508,443,385,234,176,436,9,0,0
1509,443,385,233,176,436,9,0,0
1510,443,385,233,176,436,9,0,0
1511,443,385,233,176,436,9,0,0
1512,443,385,234,177,436,9,0,0
1513,443,385,235,177,436,9,0,0
1514,443,385,235,176,436,9,0,0
1515,443,385,235,176,436,9,0,0
1516,443,386,234,176,436,9,0,0
1517,443,386,235,176,436,9,0,0
1518,443,386,234,175,436,9,0,0
1519,443,386,234,176,436,9,0,0
1520,443,385,234,176,436,9,0,0
1521,443,385,233,176,436,9,0,0
1522,443,385,234,176,436,9,0,0
1523,443,385,234,176,436,9,0,0
1524,443,385,234,176,436,9,0,0
1525,443,385,234,176,436,9,0,0
1526,443,385,234,177,436,9,0,0
1527,443,385,234,176,436,9,0,0
1528,443,385,234,176,436,9,0,0
1529,443,384,233,177,436,9,0,0
1530,443,384,233,177,436,9,0,0
1531,443,384,233,177,436,9,0,0
1532,443,384,233,177,436,9,0,0
1533,443,384,233,177,436,9,0,0
1534,443,384,235,177,436,9,0,0
1535,443,384,235,177,436,9,0,0
1536,443,385,235,177,436,9,0,0
1537,444,385,233,177,436,9,0,0
1538,444,385,233,177,436,9,0,0
1539,444,385,233,177,436,9,0,0
1540,444,385,233,177,436,9,0,0
1541,444,385,233,177,436,9,0,0
1542,444,385,233,176,436,9,0,0
1543,444,385,233,177,436,9,0,0
1544,443,386,233,175,436,9,0,0
1545,443,386,233,175,436,9,0,0
1546,443,386,233,175,436,9,0,0
1547,443,386,233,175,436,9,0,0
1548,444,385,234,176,436,9,0,0
1549,443,384,234,177,436,9,0,0
1550,443,384,233,177,436,9,0,0
1551,443,384,234,177,436,9,0,0
1552,443,384,234,177,436,9,0,0
1553,443,384,233,177,436,9,0,0
1554,443,383,233,178,436,9,0,0
1555,443,383,233,178,436,9,0,0
1556,443,383,233,178,436,9,0,0
1557,443,383,233,177,436,9,0,0
1558,443,383,233,177,436,9,0,0
1559,443,384,233,177,436,9,0,0
1560,443,384,232,176,436,9,0,0
1561,443,385,233,176,436,9,0,0
1562,443,385,233,176,436,9,0,0
1563,443,385,233,176,436,9,0,0
1564,444,384,232,176,436,9,0,0
1565,444,384,232,176,436,9,0,0
1566,443,384,233,177,436,9,0,0
1567,443,384,233,176,436,9,0,0
1568,443,384,232,176,436,9,0,0
1569,443,384,232,176,436,9,0,0
1570,443,384,233,177,436,9,0,0
1571,443,384,233,177,436,9,0,0
1572,443,384,234,177,436,9,0,0
1573,443,384,234,177,436,9,0,0
1574,443,384,234,177,436,9,0,0
1575,443,384,234,177,436,9,0,0
1576,443,384,234,177,436,9,0,0
1577,443,384,234,177,436,9,0,0
1578,443,384,234,177,436,9,0,0
1579,443,384,234,177,436,9,0,0
1580,443,384,234,177,436,9,0,0
1581,443,384,234,177,436,9,0,0
1582,443,384,234,177,436,9,0,0
1583,443,384,234,177,436,9,0,0
1584,443,384,233,177,436,9,0,0
1585,443,384,233,177,436,9,0,0
1586,443,384,233,177,436,9,0,0
1587,441,384,235,177,436,9,0,0
1588,442,385,234,177,436,9,0,0
1589,443,385,234,177,436,9,0,0
1590,443,385,234,176,436,9,0,0
1591,443,385,234,176,436,9,0,0
1592,443,385,234,176,436,9,0,0
1593,442,384,234,177,436,9,0,0
1594,442,384,234,177,436,9,0,0
1595,442,384,234,177,436,9,0,0
1596,443,384,234,177,436,9,0,0
1597,444,385,233,176,436,9,0,0
1598,444,385,233,176,436,9,0,0
1599,444,385,233,176,436,9,0,0
1600,444,385,233,177,436,9,0,0
1601,444,384,233,177,436,9,0,0
1602,443,384,234,177,436,9,0,0
1603,443,384,234,177,436,9,0,0
1604,444,385,233,177,436,9,0,0
1605,444,385,233,177,436,9,0,0
1606,444,385,233,177,436,9,0,0
1607,444,384,233,177,436,9,0,0
1608,443,385,232,177,436,9,0,0
1609,443,385,232,177,436,9,0,0
1610,443,385,233,177,436,9,0,0
1611,443,385,233,177,436,9,0,0
1612,443,384,232,177,436,9,0,0
1613,443,384,233,177,436,9,0,0
1614,443,385,232,177,436,9,0,0
1615,443,385,233,177,436,9,0,0
1616,443,385,233,176,436,9,0,0
1617,443,385,232,176,436,9,0,0
1618,443,385,233,177,436,9,0,0
1619,443,385,233,177,436,9,0,0
1620,443,385,233,177,436,9,0,0
1621,443,385,234,177,436,9,0,0
1622,443,385,234,177,436,9,0,0
1623,443,385,234,177,436,9,0,0
1624,443,386,234,176,436,9,0,0
1625,443,386,234,176,436,9,0,0
1626,444,386,234,176,436,9,0,0
1627,443,386,234,176,436,9,0,0
1628,444,386,234,176,436,9,0,0
1629,444,386,234,176,436,9,0,0
1630,444,386,234,176,436,9,0,0
1631,444,386,234,176,436,9,0,0
1632,444,386,234,176,436,9,0,0
1633,444,386,233,176,436,9,0,0
1634,444,386,233,176,436,9,0,0
1635,444,386,232,176,436,9,0,0
1636,444,386,232,176,436,9,0,0
1637,444,386,232,176,436,9,0,0
1638,444,386,232,176,436,9,0,0
1639,444,385,232,176,436,9,0,0
1640,444,385,232,176,436,9,0,0
1641,444,386,233,176,436,9,0,0
1642,444,386,234,176,436,9,0,0
1643,444,385,232,176,436,9,0,0
1644,443,385,232,176,436,9,0,0
1645,444,386,232,176,436,9,0,0
1646,444,385,233,176,436,9,0,0
1647,444,386,233,176,436,9,0,0
1648,444,385,232,176,436,9,0,0
1649,444,385,233,176,436,9,0,0
1650,444,386,233,175,436,9,0,0
1651,444,386,233,176,436,9,0,0
1652,444,386,233,176,436,9,0,0
1653,444,386,233,176,436,9,0,0
1654,445,385,234,176,436,9,0,0
1655,445,385,234,176,436,9,0,0
1656,445,385,235,177,436,9,0,0
1657,445,385,235,177,436,9,0,0
1658,445,385,234,177,436,9,0,0
1659,445,385,235,176,436,9,0,0
1660,445,385,234,177,436,9,0,0
1661,445,385,233,177,436,9,0,0
1662,445,385,233,177,436,9,0,0
1663,444,385,234,177,436,9,0,0
1664,444,384,234,177,436,9,0,0
1665,445,384,234,177,436,9,0,0
1666,445,385,234,177,436,9,0,0
1667,445,385,235,177,436,9,0,0
1668,444,385,235,177,436,9,0,0
1669,444,385,236,177,436,9,0,0
1670,444,385,236,177,436,9,0,0
1671,444,385,236,176,436,9,0,0
1672,444,385,236,177,436,9,0,0
1673,444,385,235,177,436,9,0,0
1674,444,385,234,176,436,9,0,0
1675,444,385,234,176,436,9,0,0
1676,444,385,234,176,436,9,0,0
1677,444,385,234,176,436,9,0,0
1678,444,386,233,176,436,9,0,0
1679,444,386,234,176,436,9,0,0
1680,444,385,233,177,436,9,0,0
1681,444,385,233,177,436,9,0,0
1682,444,385,234,177,436,9,0,0
1683,444,385,234,177,436,9,0,0
1684,444,386,233,176,436,9,0,0
1685,444,386,234,176,436,9,0,0
1686,444,386,233,176,436,9,0,0
1687,444,386,234,176,436,9,0,0
1688,444,386,233,176,436,9,0,0
1689,444,386,233,176,436,9,0,0
1690,444,386,233,176,436,9,0,0
1691,444,386,233,176,436,9,0,0
1692,444,385,231,177,436,9,0,0
1693,444,385,231,177,436,9,0,0
1694,444,386,232,175,436,9,0,0
1695,444,386,233,175,436,9,0,0
1696,443,386,232,175,436,9,0,0
1697,444,386,232,175,436,9,0,0
1698,443,386,230,175,436,9,0,0
1699,444,386,231,176,436,9,0,0
1700,444,386,232,175,436,9,0,0
1701,444,386,233,175,436,9,0,0
1702,444,386,233,175,436,9,0,0
1703,444,386,234,175,436,9,0,0
1704,444,385,233,177,436,9,0,0
1705,444,385,233,178,436,9,0,0
1706,444,385,233,177,436,9,0,0
1707,444,386,232,177,436,9,0,0
1708,444,385,231,177,436,9,0,0
1709,444,385,232,177,436,9,0,0
1710,444,385,231,177,436,9,0,0
1711,444,386,232,177,436,9,0,0
1712,444,385,232,178,436,9,0,0
1713,444,385,232,178,436,9,0,0
1714,443,386,233,178,436,9,0,0
1715,443,386,233,178,436,9,0,0
1716,443,386,233,178,436,9,0,0
1717,444,385,234,178,436,9,0,0
1718,444,385,234,178,436,9,0,0
1719,444,385,234,178,436,9,0,0
1720,444,385,234,178,436,9,0,0
1721,444,385,234,178,436,9,0,0
1722,444,386,233,178,436,9,0,0
1723,444,386,233,178,436,9,0,0
1724,444,386,232,178,436,9,0,0
1725,444,385,232,178,436,9,0,0
1726,444,386,232,178,436,9,0,0
1727,444,385,232,178,436,9,0,0
1728,444,385,232,178,436,9,0,0
1729,445,385,231,178,436,9,0,0
1730,444,385,233,177,436,9,0,0
1731,444,386,232,177,436,9,0,0
1732,445,385,232,178,436,9,0,0
1733,445,384,232,178,436,9,0,0
1734,445,384,231,178,436,9,0,0
1735,445,384,232,178,436,9,0,0
1736,445,384,233,178,436,9,0,0
1737,446,384,231,179,436,9,0,0
1738,446,384,232,179,436,9,0,0
1739,446,384,233,179,436,9,0,0
1740,447,384,233,179,436,9,0,0
1741,447,385,233,178,436,9,0,0
1742,446,384,233,179,436,9,0,0
1743,445,384,235,179,436,9,0,0
1744,445,384,235,179,436,9,0,0
1745,445,384,233,179,436,9,0,0
1746,445,384,233,179,436,9,0,0
1747,444,384,234,179,436,9,0,0
1748,444,384,234,179,436,9,0,0
1749,444,384,233,179,436,9,0,0
1750,445,383,232,180,436,9,0,0
1751,445,383,233,179,436,9,0,0
1752,445,383,233,179,436,9,0,0
1753,445,384,232,179,436,9,0,0
1754,445,384,232,179,436,9,0,0
1755,445,383,233,179,436,9,0,0
1756,445,383,232,179,436,9,0,0
1757,444,385,231,178,436,9,0,0
1758,444,385,231,178,436,9,0,0
1759,444,384,232,179,436,9,0,0
1760,444,385,232,179,436,9,0,0
1761,444,385,232,178,436,9,0,0
1762,444,385,231,178,436,9,0,0
1763,444,385,231,179,436,9,0,0
1764,444,384,232,180,436,9,0,0
1765,445,384,231,179,436,9,0,0
1766,445,384,231,179,436,9,0,0
1767,445,384,231,179,436,9,0,0
1768,445,385,231,179,436,9,0,0
1769,444,384,232,179,436,9,0,0
1770,444,385,231,178,436,9,0,0
1771,444,386,231,177,436,9,0,0
1772,443,386,232,178,436,9,0,0
1773,444,385,232,177,436,9,0,0
1774,444,385,233,178,436,9,0,0
1775,444,385,232,178,436,9,0,0
1776,444,386,231,177,436,9,0,0
1777,444,385,232,178,436,9,0,0
1778,445,385,231,178,436,9,0,0
1779,445,385,232,178,436,9,0,0
1780,446,385,232,179,436,9,0,0
1781,446,385,232,178,436,9,0,0
1782,446,385,231,178,436,9,0,0
1783,446,386,231,178,436,9,0,0
1784,447,384,231,179,436,9,0,0
1785,447,384,231,179,436,9,0,0
1786,447,384,231,179,436,9,0,0
1787,447,385,231,179,436,9,0,0
1788,447,385,231,178,436,9,0,0
1789,447,384,231,179,436,9,0,0
1790,447,384,232,179,436,9,0,0
1791,445,384,233,180,436,9,0,0
1792,445,384,233,179,436,9,0,0
1793,445,385,232,179,436,9,0,0
1794,444,384,234,179,436,9,0,0
1795,444,384,234,178,436,9,0,0
1796,444,385,233,178,436,9,0,0
1797,444,385,233,178,436,9,0,0
1798,444,385,233,178,436,9,0,0
1799,445,384,233,178,436,9,0,0
1800,445,385,231,177,436,9,0,0
1801,445,385,230,177,436,9,0,0
1802,445,385,231,178,436,9,0,0
1803,445,385,230,177,436,9,0,0
1804,446,385,230,177,436,9,0,0
1805,447,386,229,177,436,9,0,0
1806,447,385,230,178,436,9,0,0
1807,446,384,230,178,436,9,0,0
1808,447,384,230,178,436,9,0,0
1809,448,384,230,179,436,9,0,0
1810,447,385,230,179,436,9,0,0
1811,447,385,230,179,436,9,0,0
1812,447,385,231,179,436,9,0,0
1813,447,385,231,179,436,9,0,0
1814,447,386,230,178,436,9,0,0
1815,447,385,231,178,436,9,0,0
1816,447,384,231,179,436,9,0,0
1817,446,384,232,179,436,9,0,0
1818,446,385,231,179,436,9,0,0
1819,445,385,232,179,436,9,0,0
1820,445,385,232,178,436,9,0,0
1821,445,385,232,178,436,9,0,0
1822,444,385,233,178,436,9,0,0
1823,444,385,233,178,436,9,0,0
1824,444,385,233,177,436,9,0,0
1825,444,385,232,177,436,9,0,0
1826,445,385,232,177,436,9,0,0
1827,444,385,233,177,436,9,0,0
1828,444,385,233,177,436,9,0,0
1829,445,386,233,177,436,9,0,0
1830,445,386,232,177,436,9,0,0
1831,444,385,232,177,436,9,0,0
1832,445,386,232,177,436,9,0,0
1833,445,385,232,177,436,9,0,0
1834,445,385,231,178,436,9,0,0
1835,445,385,230,178,436,9,0,0
1836,445,385,231,178,436,9,0,0
1837,445,385,231,178,436,9,0,0
1838,445,385,230,179,436,9,0,0
1839,445,385,230,179,436,9,0,0
1840,446,385,230,179,436,9,0,0
1841,446,384,230,178,436,9,0,0
1842,446,385,230,178,436,9,0,0
1843,445,385,230,178,436,9,0,0
1844,445,385,230,177,436,9,0,0
1845,445,385,230,177,436,9,0,0
1846,445,385,231,177,436,9,0,0
1847,445,386,230,177,436,9,0,0
1848,445,386,230,176,436,9,0,0
1849,445,386,230,177,436,9,0,0
1850,444,385,231,178,436,9,0,0
1851,444,384,231,178,436,9,0,0
1852,444,385,231,178,436,9,0,0
1853,444,385,231,178,436,9,0,0
1854,444,385,231,178,436,9,0,0
1855,444,385,232,178,436,9,0,0
1856,445,384,231,178,436,9,0,0
1857,446,384,231,178,436,9,0,0
1858,444,385,231,179,436,9,0,0
1859,446,384,230,178,436,9,0,0
1860,446,384,230,178,436,9,0,0
1861,446,384,229,178,436,9,0,0
1862,446,383,229,179,436,9,0,0
1863,446,383,230,179,436,9,0,0
1864,446,383,229,179,436,9,0,0
1865,446,383,229,179,436,9,0,0
1866,446,383,230,179,436,9,0,0
1867,445,382,230,179,436,9,0,0
1868,445,383,231,179,436,9,0,0
1869,445,383,231,179,436,9,0,0
1870,445,382,231,179,436,9,0,0
1871,444,382,232,179,436,9,0,0
1872,444,382,231,179,436,9,0,0
1873,444,383,231,179,436,9,0,0
1874,444,383,231,179,436,9,0,0
1875,444,383,231,179,436,9,0,0
1876,444,383,231,179,436,9,0,0
1877,444,383,231,178,436,9,0,0
1878,444,383,231,178,436,9,0,0
1879,444,383,231,178,436,9,0,0
1880,444,384,232,177,436,9,0,0
1881,444,385,232,177,436,9,0,0
1882,445,384,231,177,436,9,0,0
1883,445,384,231,178,436,9,0,0
1884,445,384,231,177,436,9,0,0
1885,445,384,230,177,436,9,0,0
1886,445,384,230,177,436,9,0,0
1887,445,384,231,177,436,9,0,0
1888,445,384,231,177,436,9,0,0
1889,446,384,231,178,436,9,0,0
1890,445,383,232,178,436,9,0,0
1891,445,383,231,178,436,9,0,0
1892,445,383,230,178,436,9,0,0
1893,445,384,231,177,436,9,0,0
1894,445,384,231,177,436,9,0,0
1895,444,384,231,178,436,9,0,0
1896,444,385,230,178,436,9,0,0
1897,444,385,230,178,436,9,0,0
1898,444,385,230,178,436,9,0,0
1899,444,385,230,177,436,9,0,0
1900,444,385,230,177,436,9,0,0
1901,444,385,230,178,436,9,0,0
1902,445,384,230,178,436,9,0,0
1903,443,385,231,178,436,9,0,0
1904,443,385,232,178,436,9,0,0
1905,443,385,232,178,436,9,0,0
1906,443,385,232,178,436,9,0,0
1907,443,385,232,178,436,9,0,0
1908,444,385,231,178,436,9,0,0
1909,444,385,231,178,436,9,0,0
1910,445,385,230,177,436,9,0,0
1911,445,385,230,176,436,9,0,0
1912,445,385,230,176,436,9,0,0
1913,445,385,230,177,436,9,0,0
1914,445,385,229,177,436,9,0,0
1915,445,385,229,177,436,9,0,0
1916,445,385,229,177,436,9,0,0
1917,445,385,230,177,436,9,0,0
1918,445,385,230,177,436,9,0,0
1919,445,385,230,177,436,9,0,0
1920,446,385,229,177,436,9,0,0
1921,446,385,229,177,436,9,0,0
1922,446,385,229,177,436,9,0,0
1923,446,385,229,177,436,9,0,0
1924,446,385,229,177,436,9,0,0
1925,446,385,229,177,436,9,0,0
1926,446,385,229,177,436,9,0,0
1927,446,385,229,177,436,9,0,0
1928,446,385,230,177,436,9,0,0
1929,446,385,229,177,436,9,0,0
1930,446,385,230,177,436,9,0,0
1931,446,385,229,177,436,9,0,0
1932,445,385,229,177,436,9,0,0
1933,446,385,229,177,436,9,0,0
1934,446,385,229,177,436,9,0,0
1935,445,384,229,177,436,9,0,0
1936,445,385,229,177,436,9,0,0
1937,446,385,229,177,436,9,0,0
1938,446,385,229,177,436,9,0,0
1939,445,384,229,177,436,9,0,0
1940,445,384,229,177,436,9,0,0
1941,446,385,229,177,436,9,0,0
1942,446,385,230,177,436,9,0,0
1943,446,385,230,177,436,9,0,0
1944,446,385,230,177,436,9,0,0
1945,446,385,230,176,436,9,0,0
1946,446,385,230,177,436,9,0,0
1947,446,385,230,178,436,9,0,0
1948,446,385,230,178,436,9,0,0
1949,446,385,230,177,436,9,0,0
1950,445,385,230,178,436,9,0,0
1951,445,385,230,178,436,9,0,0
1952,446,384,230,178,436,9,0,0
1953,446,384,230,178,436,9,0,0
1954,446,385,230,178,436,9,0,0
1955,446,385,230,178,436,9,0,0
1956,446,384,229,178,436,9,0,0
1957,446,384,230,178,436,9,0,0
1958,445,384,231,178,436,9,0,0
1959,445,384,231,178,436,9,0,0
1960,445,384,231,178,436,9,0,0
1961,445,384,231,178,436,9,0,0
1962,445,384,231,178,436,9,0,0
1963,445,384,231,178,436,9,0,0
1964,445,384,231,178,436,9,0,0
1965,446,384,230,178,436,9,0,0
1966,446,384,230,178,436,9,0,0
1967,446,384,230,178,436,9,0,0
1968,445,384,230,178,436,9,0,0
1969,445,384,230,177,436,9,0,0
1970,445,384,230,178,436,9,0,0
1971,445,385,230,178,436,9,0,0
1972,445,384,229,178,436,9,0,0
1973,445,384,229,178,436,9,0,0
1974,445,384,229,178,436,9,0,0
1975,445,383,229,179,436,9,0,0
1976,445,383,229,178,436,9,0,0
1977,445,383,229,179,436,9,0,0
1978,445,384,230,178,436,9,0,0
1979,445,384,230,178,436,9,0,0
1980,445,384,229,178,436,9,0,0
1981,445,384,229,178,436,9,0,0
1982,445,384,230,178,436,9,0,0
1983,445,384,230,178,436,9,0,0
1984,445,384,229,178,436,9,0,0
1985,446,384,229,178,436,9,0,0
1986,446,384,230,178,436,9,0,0
1987,446,384,230,178,436,9,0,0
1988,447,384,229,178,436,9,0,0
1989,447,384,229,178,436,9,0,0
1990,446,384,229,179,436,9,0,0
1991,446,384,229,179,436,9,0,0
1992,446,384,229,178,436,9,0,0
1993,445,385,231,178,436,9,0,0
1994,444,385,231,178,436,9,0,0
1995,444,385,231,177,436,9,0,0
1996,444,384,231,178,436,9,0,0
1997,444,384,231,178,436,9,0,0
1998,444,384,231,178,436,9,0,0
1999,444,384,231,178,436,9,0,0
2000,444,384,231,179,436,9,0,0
2001,444,384,231,179,436,9,0,0
2002,444,383,230,179,436,9,0,0
2003,445,384,230,178,436,9,0,0
2004,444,386,230,177,436,9,0,0
2005,446,384,229,178,436,9,0,0
2006,446,384,229,178,436,9,0,0
2007,446,384,231,179,436,9,0,0
2008,446,383,231,179,436,9,0,0
2009,447,383,231,179,436,9,0,0
2010,447,383,231,180,436,9,0,0
2011,447,383,232,180,436,9,0,0
2012,447,384,231,179,436,9,0,0
2013,447,384,231,179,436,9,0,0
2014,447,383,231,180,436,9,0,0
2015,446,383,231,179,436,9,0,0
2016,446,384,231,179,436,9,0,0
2017,446,384,230,178,436,9,0,0
2018,446,385,230,178,436,9,0,0
2019,445,385,231,179,436,9,0,0
2020,444,385,231,179,436,9,0,0
2021,445,383,231,179,436,9,0,0
2022,445,384,231,179,436,9,0,0
2023,445,384,231,179,436,9,0,0
2024,444,384,231,179,436,9,0,0
2025,444,384,231,179,436,9,0,0
2026,445,384,231,178,436,9,0,0
2027,446,385,231,178,436,9,0,0
2028,446,383,231,179,436,9,0,0
2029,446,383,231,179,436,9,0,0
2030,447,384,229,178,436,9,0,0
2031,446,384,229,178,436,9,0,0
2032,446,384,230,178,436,9,0,0
2033,446,385,231,178,436,9,0,0
2034,446,385,232,177,436,9,0,0
2035,446,384,231,178,436,9,0,0
2036,446,385,231,177,436,9,0,0
2037,446,384,231,177,436,9,0,0
2038,446,384,230,178,436,9,0,0
2039,446,384,230,178,436,9,0,0
2040,446,385,229,177,436,9,0,0
2041,445,385,230,176,436,9,0,0
2042,445,385,230,176,436,9,0,0
2043,445,385,230,176,436,9,0,0
2044,444,385,230,176,436,9,0,0
2045,445,385,230,176,436,9,0,0
2046,445,385,230,176,436,9,0,0
2047,445,385,230,176,436,9,0,0
2048,445,385,230,176,436,9,0,0
2049,445,385,230,177,436,9,0,0
2050,445,385,230,177,436,9,0,0
2051,444,386,230,177,436,9,0,0
2052,444,386,231,178,436,9,0,1
2053,444,386,231,178,436,9,0,0
2054,444,386,231,178,436,9,0,0
2055,445,385,230,177,436,9,0,0
2056,445,385,230,177,436,9,0,0
2057,445,384,231,178,436,9,0,1
2058,445,384,231,178,436,9,0,1
2059,445,384,231,178,436,9,0,1
2060,445,384,231,178,436,9,0,0
2061,445,384,231,178,436,9,0,0
2062,445,384,230,178,436,9,0,0
2063,445,383,230,179,436,9,0,0
2064,445,384,230,178,436,9,0,0
2065,444,383,230,178,436,9,0,0
2066,445,383,230,178,436,9,0,0
2067,445,383,229,179,436,9,0,0
2068,445,383,230,179,436,9,0,0
2069,445,383,230,179,436,9,0,0
2070,445,383,230,179,436,9,0,0
2071,445,383,230,178,436,9,0,0
2072,445,383,230,179,436,9,0,0
2073,445,383,230,179,436,9,0,0
2074,445,383,230,179,436,9,0,0
2075,446,383,229,179,436,9,0,0
2076,445,384,230,178,436,9,0,0
2077,445,384,231,178,436,9,0,0
2078,446,384,230,178,436,9,0,0
2079,446,384,230,178,436,9,0,0
2080,446,384,230,178,436,9,0,0
2081,446,384,230,178,436,9,0,0
2082,445,384,231,178,436,9,0,0
2083,445,384,231,178,436,9,0,0
2084,445,384,230,178,436,9,0,0
2085,445,385,230,178,436,9,0,0
2086,445,385,230,178,436,9,0,0
2087,445,384,231,178,436,9,0,0
2088,446,384,228,178,436,9,0,0
2089,446,385,229,178,436,9,0,0
2090,446,384,228,178,436,9,0,0
2091,446,384,228,178,436,9,0,0
2092,445,384,229,178,436,9,0,0
2093,446,384,229,178,436,9,0,0
2094,445,384,229,178,436,9,0,0
2095,445,385,230,178,436,9,0,0
2096,445,384,230,178,436,9,0,0
2097,445,384,230,178,436,9,0,0
2098,445,384,229,178,436,9,0,0
2099,446,385,230,177,436,9,0,0
2100,446,384,231,177,436,9,0,0
2101,446,385,231,177,436,9,0,0
2102,445,385,231,178,436,9,0,0
2103,445,385,232,178,436,9,0,0
2104,445,385,232,178,436,9,0,0
2105,445,385,232,178,436,9,0,0
2106,445,384,232,179,436,9,0,0
2107,445,384,232,179,436,9,0,0
2108,445,384,231,179,436,9,0,0
2109,445,384,232,179,436,9,0,0
2110,445,384,232,178,436,9,0,0
2111,446,384,231,179,436,9,0,0
2112,444,385,232,177,436,9,0,0
2113,445,385,232,177,436,9,0,0
2114,444,385,232,176,436,9,0,0
2115,444,384,232,177,436,9,0,0
2116,445,384,232,178,436,9,0,0
2117,445,384,231,178,436,9,0,0
2118,444,384,232,177,436,9,0,0
2119,444,385,232,177,436,9,0,0
2120,445,385,231,177,436,9,0,0
2121,445,384,232,177,436,9,0,0
2122,445,384,233,178,436,9,0,0
2123,445,384,233,178,436,9,0,0
2124,445,385,232,177,436,9,0,0
2125,445,385,232,177,436,9,0,0
2126,444,386,232,176,436,9,0,0
2127,445,385,231,177,436,9,0,0
2128,445,385,234,177,436,9,0,0
2129,445,385,232,177,436,9,0,0
2130,444,385,232,177,436,9,0,0
2131,445,385,231,177,436,9,0,0
2132,445,384,231,178,436,9,0,0
2133,445,384,231,179,436,9,0,0
2134,445,383,231,179,436,9,0,0
2135,445,383,231,179,436,9,0,0
2136,444,383,231,179,436,9,0,0
2137,444,383,231,179,436,9,0,0
2138,444,383,231,179,436,9,0,0
2139,445,383,230,180,436,9,0,0
2140,444,382,231,180,436,9,0,0
2141,444,382,231,180,436,9,0,0
2142,444,382,232,179,436,9,0,0
2143,444,382,232,179,436,9,0,0
2144,444,382,231,179,436,9,0,0
2145,444,382,231,179,436,9,0,0
2146,444,382,231,178,436,9,0,0
2147,444,383,231,178,436,9,0,0
2148,445,383,231,179,436,9,0,0
2149,445,383,231,179,436,9,0,0
2150,445,383,230,179,436,9,0,0
2151,445,383,230,179,436,9,0,0
2152,445,384,229,178,436,9,0,0
2153,445,384,229,179,436,9,0,0
2154,445,384,228,178,436,9,0,0
2155,445,384,229,178,436,9,0,0
2156,445,384,229,179,436,9,0,0
2157,445,384,229,178,436,9,0,0
2158,445,384,229,178,436,9,0,0
2159,445,384,228,178,436,9,0,0
2160,445,383,228,178,436,9,0,0
2161,444,383,228,179,436,9,0,0
2162,445,383,227,179,436,9,0,0
2163,444,383,228,180,436,9,0,0
2164,444,383,230,179,436,9,0,0
2165,444,383,229,179,436,9,0,0
2166,444,384,227,180,436,9,0,0
2167,444,384,229,179,436,9,0,0
2168,445,383,226,180,436,9,0,0
2169,445,383,226,180,436,9,0,0
2170,445,383,226,180,436,9,0,0
2171,445,383,228,180,436,9,0,0
2172,446,384,228,178,436,9,0,0
2173,446,384,229,178,436,9,0,0
2174,446,383,230,178,436,9,0,0
2175,446,384,230,178,436,9,0,0
2176,446,383,229,178,436,9,0,0
2177,446,384,229,178,436,9,0,0
2178,446,383,229,178,436,9,0,0
2179,446,384,229,178,436,9,0,0
2180,446,383,228,179,436,9,0,0
2181,446,383,229,179,436,9,0,0
2182,446,384,228,178,436,9,0,0
2183,445,384,228,178,436,9,0,0
2184,445,384,229,178,436,9,0,0
2185,445,384,229,178,436,9,0,0
2186,446,384,229,178,436,9,0,0
2187,446,384,229,178,436,9,0,0
2188,446,384,230,177,436,9,0,0
2189,445,385,230,177,436,9,0,0
2190,445,384,230,177,436,9,0,0
2191,445,384,230,177,436,9,0,0
2192,445,383,230,179,436,9,0,0
2193,445,383,230,179,436,9,0,0
2194,445,383,230,179,436,9,0,0
2195,445,384,230,179,436,9,0,0
2196,445,384,231,179,436,9,0,0
2197,445,384,231,179,436,9,0,0
2198,445,384,231,179,436,9,0,0
2199,445,384,232,179,436,9,0,0
2200,445,384,231,179,436,9,0,0
2201,445,384,232,179,436,9,0,0
2202,445,383,231,179,436,9,0,0
2203,445,383,231,179,436,9,0,0
2204,445,384,231,179,436,9,0,0
2205,445,384,231,179,436,9,0,0
2206,445,384,231,179,436,9,0,0
2207,445,384,231,179,436,9,0,0
2208,444,383,232,180,436,9,0,0
2209,445,382,233,180,436,9,0,0
2210,444,382,233,180,436,9,0,0
2211,443,382,233,181,436,9,0,0
2212,443,383,232,180,436,9,0,0
2213,443,382,232,180,436,9,0,0
2214,443,382,232,180,436,9,0,0
2215,443,382,232,180,436,9,0,0
2216,443,382,232,180,436,9,0,0
2217,442,382,232,180,436,9,0,0
2218,443,382,232,180,436,9,0,0
2219,443,382,233,180,436,9,0,0
2220,442,381,232,180,436,9,0,0
2221,442,381,232,180,436,9,0,0
2222,442,381,233,181,436,9,0,0
2223,442,381,233,181,436,9,0,0
2224,442,380,233,181,436,9,0,0
2225,442,380,233,181,436,9,0,0
2226,442,381,232,180,436,9,0,0
2227,443,381,232,180,436,9,0,0
2228,443,381,232,180,436,9,0,0
2229,443,381,233,180,436,9,0,0
2230,443,381,233,180,436,9,0,0
2231,444,381,231,180,436,9,0,0
2232,442,382,233,179,436,9,0,0
2233,442,382,233,179,436,9,0,0
2234,442,382,233,179,436,9,0,0
2235,442,382,233,180,436,9,0,0
2236,442,381,233,180,436,9,0,0
2237,442,381,233,180,436,9,0,0
2238,442,382,233,179,436,9,0,0
2239,442,381,233,179,436,9,0,0
2240,442,382,234,180,436,9,0,0
2241,442,382,233,180,436,9,0,0
2242,441,381,234,180,436,9,0,0
2243,441,381,234,180,436,9,0,0
2244,442,381,234,180,436,9,0,0
2245,441,381,234,180,436,9,0,0
2246,441,380,234,180,436,9,0,0
2247,442,381,234,180,436,9,0,0
2248,442,381,234,180,436,9,0,0
2249,442,381,233,180,436,9,0,0
2250,441,381,234,180,436,9,0,0
2251,442,382,233,179,436,9,0,0
2252,443,381,233,180,436,9,0,0
2253,443,381,233,180,436,9,0,0
2254,443,381,233,180,436,9,0,0
2255,443,381,232,180,436,9,0,0
2256,443,381,233,180,436,9,0,0
2257,443,381,233,180,436,9,0,0
2258,443,381,233,179,436,9,0,0
2259,443,381,233,180,436,9,0,0
2260,443,381,234,180,436,9,0,0
2261,443,380,233,180,436,9,0,0
2262,442,381,233,180,436,9,0,0
2263,442,381,233,180,436,9,0,0
2264,442,381,232,180,436,9,0,0
2265,442,381,233,180,436,9,0,0
2266,442,381,232,179,436,9,0,0
2267,442,381,232,179,436,9,0,0
2268,442,380,232,181,436,9,0,0
2269,442,380,232,181,436,9,0,0
2270,442,380,232,180,436,9,0,0
2271,442,381,232,180,436,9,0,0
2272,442,381,232,180,436,9,0,0
2273,443,381,232,181,436,9,0,0
2274,443,381,233,181,436,9,0,0
2275,442,381,232,180,436,9,0,0
2276,442,381,233,180,436,9,0,0
2277,443,381,233,180,436,9,0,0
2278,442,381,233,180,436,9,0,0
2279,442,381,233,180,436,9,0,0
2280,443,381,232,180,436,9,0,0
2281,443,382,231,180,436,9,0,0
2282,442,380,233,180,436,9,0,0
2283,442,381,232,180,436,9,0,0
2284,442,381,232,179,436,9,0,0
2285,442,381,232,180,436,9,0,0
2286,443,381,231,180,436,9,0,0
2287,442,381,232,180,436,9,0,0
2288,442,381,232,180,436,9,0,0
2289,442,381,232,180,436,9,0,0
2290,442,381,232,180,436,9,0,0
2291,442,381,233,179,436,9,0,0
2292,442,381,233,178,436,9,0,0
2293,442,381,234,179,436,9,0,0
2294,442,381,234,179,436,9,0,0
2295,442,382,233,179,436,9,0,0
2296,442,382,233,178,436,9,0,0
2297,442,382,233,178,436,9,0,0
2298,443,382,233,180,436,9,0,1
2299,443,382,233,180,436,9,0,1
2300,443,382,233,180,436,9,0,1
2301,443,382,233,180,436,9,0,1
2302,442,382,234,180,436,9,0,0
2303,442,382,234,180,436,9,0,0
2304,441,382,234,179,436,9,0,0
2305,441,382,234,179,436,9,0,0
2306,441,382,234,179,436,9,0,0
2307,441,382,234,179,436,9,0,0
2308,442,381,234,180,436,9,0,0
2309,442,381,233,180,436,9,0,0
2310,442,381,233,179,436,9,0,0
2311,442,382,233,179,436,9,0,0
2312,442,381,233,180,436,9,0,0
2313,442,381,233,180,436,9,0,0
2314,442,381,233,180,436,9,0,0
2315,442,380,233,181,436,9,0,0
2316,442,381,232,181,436,9,0,0
2317,442,381,232,181,436,9,0,0
2318,442,381,232,181,436,9,0,0
2319,442,381,232,181,436,9,0,0
2320,442,382,232,180,436,9,0,0
2321,443,382,231,180,436,9,0,0
2322,443,382,233,180,436,9,0,0
2323,443,381,232,181,436,9,0,0
2324,443,381,232,180,436,9,0,0
2325,443,382,233,180,436,9,0,0
2326,443,382,233,179,436,9,0,0
2327,443,382,234,180,436,9,0,0
2328,442,382,234,180,436,9,0,0
2329,442,382,234,180,436,9,0,0
2330,442,382,234,179,436,9,0,0
2331,443,382,233,180,436,9,0,0
0,1335,247,153,125,437,6,0,0
1,1334,247,153,125,437,6,0,0
2,1334,247,153,125,437,6,0,0
3,1334,247,153,125,437,6,0,0
4,1334,248,153,124,437,6,0,0
5,1333,248,154,124,437,6,0,0
6,1334,248,153,124,437,6,0,0
7,1334,248,153,124,437,6,0,0
8,1334,248,153,124,437,6,0,0
9,1334,248,153,124,437,6,0,0
10,1334,248,153,124,437,6,0,0
11,1334,248,153,124,437,6,0,0
12,1334,248,153,124,437,6,0,0
13,1334,248,153,123,437,6,0,1
14,1334,248,153,124,437,6,0,0
15,1334,248,153,123,437,6,0,0
16,1334,248,152,124,437,6,0,0
17,1334,248,153,124,437,6,0,0
18,1335,248,152,124,437,6,0,0
19,1334,248,152,124,437,6,0,1
20,1334,248,152,125,437,6,0,1
21,1334,248,153,125,437,6,0,1
22,1334,248,153,125,437,6,0,1
23,1334,248,153,125,437,6,0,0
24,1334,247,153,125,437,6,0,0
25,1334,247,152,125,437,6,0,0
26,1334,247,152,125,437,6,0,1
27,1334,247,152,125,437,6,0,0
28,1334,247,152,125,437,6,0,0
29,1334,247,152,125,437,6,0,0
30,1334,247,153,125,437,6,0,0
31,1334,247,153,125,437,6,0,0
32,1334,247,153,125,437,6,0,0
33,1334,248,153,125,437,6,0,0
34,1334,248,153,124,437,6,0,0
35,1334,248,153,124,437,6,0,0
36,1334,248,153,125,437,6,0,0
37,1334,247,153,125,437,6,0,0
38,1334,247,153,125,437,6,0,0
39,1333,247,154,125,437,6,0,0
40,1334,247,153,125,437,6,0,0
41,1334,247,153,125,437,6,0,0
42,1334,247,153,125,437,6,0,0
43,1334,247,153,125,437,6,0,0
44,1334,247,153,125,437,6,0,0
45,1334,248,153,125,437,6,0,0
46,1334,247,152,125,437,6,0,0
47,1335,247,152,125,437,6,0,0
48,1335,247,152,125,437,6,0,0
49,1335,247,152,125,437,6,0,0
50,1335,247,152,125,437,6,0,0
51,1335,247,152,125,437,6,0,0
52,1335,247,152,125,437,6,0,0
53,1333,247,154,125,437,6,0,0
54,1333,247,154,125,437,6,0,0
55,1334,247,153,125,437,6,0,0
56,1334,247,153,125,437,6,0,0
57,1334,248,153,124,437,6,0,0
58,1334,248,153,125,437,6,0,0
59,1334,248,153,125,437,6,0,0
60,1333,248,154,125,437,6,0,0
61,1333,248,154,124,437,6,0,0
62,1334,247,153,125,437,6,0,0
63,1333,247,154,125,437,6,0,0
64,1334,247,153,125,437,6,0,0
65,1334,247,153,125,437,6,0,0
66,1335,247,152,125,437,6,0,0
67,1335,247,153,125,437,6,0,0
68,1335,247,153,125,437,6,0,0
69,1335,246,153,125,437,6,0,0
70,1335,247,153,125,437,6,0,0
71,1335,247,153,125,437,6,0,0
72,1334,247,154,125,437,6,0,0
73,1334,247,154,125,437,6,0,0
74,1334,247,154,126,437,6,0,0
75,1334,247,154,126,437,6,0,0
76,1335,247,154,125,437,6,0,0
77,1334,247,154,125,437,6,0,0
78,1334,247,154,125,437,6,0,0
79,1334,247,155,126,437,6,0,0
80,1334,247,154,126,437,6,0,0
81,1334,247,154,126,437,6,0,0
82,1334,247,154,126,437,6,0,1
83,1334,246,155,127,437,6,0,1
84,1334,247,154,126,437,6,0,1
85,1334,247,154,126,437,6,0,0
86,1334,247,154,126,437,6,0,0
87,1334,247,154,126,437,6,0,0
88,1334,247,154,125,437,6,0,0
89,1334,247,154,126,437,6,0,0
90,1334,247,154,126,437,6,0,0
91,1334,247,155,126,437,6,0,0
92,1334,247,155,126,437,6,0,0
93,1335,247,154,125,437,6,0,0
94,1335,247,154,126,437,6,0,0
95,1335,247,154,125,437,6,0,0
96,1335,247,153,125,437,6,0,0
97,1334,247,154,126,437,6,0,0
98,1334,247,154,126,437,6,0,0
99,1334,247,154,126,437,6,0,0
100,1334,247,154,126,437,6,0,1
101,1334,247,154,126,437,6,0,1
102,1334,247,153,126,437,6,0,2
103,1334,247,154,127,437,6,0,1
104,1333,247,155,127,437,6,0,1
105,1333,247,155,126,437,6,0,0
106,1333,247,154,126,437,6,0,0
107,1333,247,155,127,437,6,0,0
108,1334,247,154,127,437,6,0,0
109,1334,247,154,127,437,6,0,0
110,1334,247,154,127,437,6,0,0
111,1334,247,153,126,437,6,0,0
112,1335,247,153,126,437,6,0,1
113,1335,247,153,126,437,6,0,1
114,1335,247,153,126,437,6,0,1
115,1335,247,153,126,437,6,0,1
116,1335,246,153,126,437,6,0,1
117,1335,246,153,126,437,6,0,0
118,1335,246,153,126,437,6,0,0
119,1335,247,153,126,437,6,0,0
120,1335,247,153,126,437,6,0,0
121,1335,247,153,126,437,6,0,0
122,1335,247,153,126,437,6,0,0
123,1335,247,153,126,437,6,0,0
124,1334,247,153,127,437,6,0,1
125,1334,247,153,127,437,6,0,1
126,1334,247,153,127,437,6,0,2
127,1334,247,155,127,437,6,0,2
128,1334,247,154,127,437,6,0,2
129,1335,247,154,127,437,6,0,1
130,1335,247,153,127,437,6,0,0
131,1334,247,154,127,437,6,0,0
132,1335,247,153,126,437,6,0,0
133,1335,247,153,126,437,6,0,0
134,1335,247,153,126,437,6,0,1
135,1335,247,153,126,437,6,0,1
136,1335,247,153,125,437,6,0,2
137,1335,247,153,125,437,6,0,2
138,1335,247,152,126,437,6,0,2
139,1336,247,152,125,437,6,0,1
140,1336,246,152,126,437,6,0,1
141,1336,247,152,126,437,6,0,0
142,1336,247,152,126,437,6,0,0
143,1335,247,153,126,437,6,0,0
144,1335,247,153,127,437,6,0,0
145,1335,247,154,126,437,6,0,0
146,1335,247,154,126,437,6,0,0
147,1335,247,153,126,437,6,0,0
148,1335,247,153,126,437,6,0,0
149,1335,247,153,126,437,6,0,0
150,1335,247,154,126,437,6,0,0
151,1334,247,153,126,437,6,0,0
152,1335,247,153,126,437,6,0,0
153,1334,246,153,126,437,6,0,0
154,1334,246,153,127,437,6,0,0
155,1335,246,153,126,437,6,0,0
156,1334,246,154,126,437,6,0,0
157,1334,246,154,126,437,6,0,0
158,1334,246,153,126,437,6,0,0
159,1334,246,153,126,437,6,0,0
160,1334,246,154,126,437,6,0,0
161,1334,246,154,126,437,6,0,0
162,1334,246,154,126,437,6,0,0
163,1334,246,153,126,437,6,0,0
164,1335,246,153,126,437,6,0,0
165,1335,246,153,126,437,6,0,0
166,1335,246,153,126,437,6,0,0
167,1334,246,153,126,437,6,0,0
168,1335,246,154,126,437,6,0,0
169,1334,247,153,126,437,6,0,1
170,1334,247,154,126,437,6,0,0
171,1333,247,155,125,437,6,0,0
172,1333,247,155,125,437,6,0,0
173,1333,247,155,124,437,6,0,1
174,1332,247,156,125,437,6,0,2
175,1332,247,156,124,437,6,0,2
176,1332,247,156,124,437,6,0,2
177,1332,247,156,124,437,6,0,1
178,1332,247,156,124,437,6,0,0
179,1332,247,156,124,437,6,0,0
180,1332,247,156,125,437,6,0,0
181,1333,247,155,125,437,6,0,1
182,1334,247,155,126,437,6,0,1
183,1334,247,154,126,437,6,0,1
184,1334,247,153,126,437,6,0,1
185,1334,247,154,126,437,6,0,1
186,1334,247,153,126,437,6,0,1
187,1335,247,153,126,437,6,0,1
188,1335,247,153,126,437,6,0,1
189,1335,247,153,126,437,6,0,1
190,1335,247,153,126,437,6,0,0
191,1335,247,153,126,437,6,0,0
192,1334,247,154,126,437,6,0,0
193,1335,247,154,126,437,6,0,0
194,1335,247,153,126,437,6,0,1
195,1334,247,153,125,437,6,0,2
196,1334,247,154,125,437,6,0,2
197,1334,247,154,125,437,6,0,2
198,1334,247,153,125,437,6,0,2
199,1334,247,154,125,437,6,0,1
200,1334,247,154,125,437,6,0,0
201,1333,247,156,126,437,6,0,0
202,1333,247,155,125,437,6,0,0
203,1333,247,155,125,437,6,0,0
204,1333,247,154,125,437,6,0,0
205,1333,247,154,125,437,6,0,0
206,1334,247,153,125,437,6,0,0
207,1335,247,153,125,437,6,0,0
208,1335,247,153,126,437,6,0,0
209,1335,246,153,126,437,6,0,0
210,1335,246,153,126,437,6,0,0
211,1334,246,153,126,437,6,0,0
212,1334,246,153,126,437,6,0,0
213,1334,246,153,126,437,6,0,0
214,1335,246,153,126,437,6,0,0
215,1334,246,153,126,437,6,0,0
216,1335,246,153,126,437,6,0,0
217,1335,246,153,126,437,6,0,0
218,1335,247,153,126,437,6,0,0
219,1334,246,154,126,437,6,0,0
220,1334,246,154,125,437,6,0,0
221,1332,246,155,125,437,6,0,0
222,1333,247,154,126,437,6,0,0
223,1332,246,155,126,437,6,0,0
224,1333,246,155,126,437,6,0,0
225,1332,247,155,126,437,6,0,0
226,1332,247,155,126,437,6,0,0
227,1332,246,155,126,437,6,0,0
228,1332,246,156,126,437,6,0,0
229,1332,246,156,126,437,6,0,0
230,1332,246,155,126,437,6,0,0
231,1333,246,155,126,437,6,0,0
232,1333,247,155,126,437,6,0,0
233,1333,247,155,126,437,6,0,0
234,1333,247,154,126,437,6,0,0
235,1333,247,154,126,437,6,0,0
236,1333,247,155,126,437,6,0,0
237,1333,246,155,126,437,6,0,0
238,1333,246,154,126,437,6,0,1
239,1333,246,154,126,437,6,0,0
240,1333,246,154,126,437,6,0,0
241,1333,247,154,126,437,6,0,0
242,1333,247,155,125,437,6,0,1
243,1333,247,155,126,437,6,0,1
244,1332,247,155,126,437,6,0,1
245,1333,246,155,125,437,6,0,0
246,1333,246,154,126,437,6,0,0
247,1334,246,154,126,437,6,0,0
248,1334,247,154,126,437,6,0,0
249,1333,247,154,126,437,6,0,0
250,1333,247,154,126,437,6,0,0
251,1334,246,154,126,437,6,0,0
252,1333,247,155,125,437,6,0,1
253,1334,246,154,125,437,6,0,1
254,1334,246,154,125,437,6,0,1
255,1333,247,155,125,437,6,0,0
256,1333,247,155,125,437,6,0,0
257,1333,247,155,125,437,6,0,0
258,1333,246,155,126,437,6,0,0
259,1334,246,154,126,437,6,0,0
260,1334,246,154,126,437,6,0,0
261,1332,247,156,126,437,6,0,0
262,1333,247,155,126,437,6,0,0
263,1334,247,154,125,437,6,0,1
264,1334,247,154,126,437,6,0,1
265,1333,247,155,126,437,6,0,1
266,1333,247,154,125,437,6,0,1
267,1334,247,154,125,437,6,0,1
268,1334,247,154,125,437,6,0,1
269,1334,247,154,125,437,6,0,1
270,1333,247,155,125,437,6,0,1
271,1333,247,155,125,437,6,0,1
272,1333,247,155,125,437,6,0,1
273,1333,247,154,125,437,6,0,1
274,1334,247,154,126,437,6,0,1
275,1334,247,154,126,437,6,0,1
276,1335,247,153,126,437,6,0,1
277,1334,247,153,126,437,6,0,1
278,1334,247,153,126,437,6,0,1
279,1334,247,153,127,437,6,0,1
280,1334,247,154,127,437,6,0,1
281,1334,247,154,127,437,6,0,0
282,1334,247,155,126,437,6,0,0
283,1334,247,155,126,437,6,0,0
284,1334,248,154,126,437,6,0,0
285,1334,248,154,126,437,6,0,0
286,1334,248,154,126,437,6,0,0
287,1334,248,154,125,437,6,0,0
288,1334,248,154,125,437,6,0,0
289,1334,248,154,125,437,6,0,0
290,1334,248,155,125,437,6,0,1
291,1334,248,155,125,437,6,0,1
292,1334,248,155,125,437,6,0,0
293,1334,248,155,125,437,6,0,0
294,1334,248,155,125,437,6,0,0
295,1334,248,155,125,437,6,0,0
296,1333,248,155,126,437,6,0,0
297,1333,247,155,126,437,6,0,0
298,1334,247,155,126,437,6,0,0
299,1333,247,155,126,437,6,0,0
300,1334,247,154,125,437,6,0,0
301,1335,248,154,125,437,6,0,0
302,1334,248,154,126,437,6,0,0
303,1334,247,154,126,437,6,0,0
304,1334,247,154,126,437,6,0,0
305,1335,248,154,126,437,6,0,0
306,1335,247,153,125,437,6,0,0
307,1335,248,153,125,437,6,0,0
308,1335,248,153,125,437,6,0,0
309,1335,248,153,125,437,6,0,0
310,1335,248,153,125,437,6,0,0
311,1334,248,154,125,437,6,0,0
312,1334,247,154,126,437,6,0,0
313,1334,247,154,126,437,6,0,0
314,1333,247,155,126,437,6,0,0
315,1334,247,154,126,437,6,0,1
316,1334,247,153,126,437,6,0,1
317,1334,247,153,126,437,6,0,0
318,1334,247,153,125,437,6,0,0
319,1334,247,153,126,437,6,0,0
320,1335,247,153,125,437,6,0,0
321,1334,247,153,125,437,6,0,0
322,1334,247,154,126,437,6,0,0
323,1334,247,155,126,437,6,0,0
324,1333,247,155,126,437,6,0,1
325,1333,247,155,126,437,6,0,1
326,1333,247,155,127,437,6,0,1
327,1333,247,156,126,437,6,0,1
328,1332,247,156,127,437,6,0,0
329,1332,247,157,127,437,6,0,0
330,1332,247,156,126,437,6,0,0
331,1332,247,156,126,437,6,0,0
332,1332,246,156,127,437,6,0,0
333,1333,247,156,126,437,6,0,0
334,1333,247,156,126,437,6,0,0
335,1332,247,156,126,437,6,0,0
336,1332,247,156,125,437,6,0,0
337,1332,247,156,126,437,6,0,0
338,1332,247,156,125,437,6,0,0
339,1333,247,155,125,437,6,0,0
340,1333,247,156,126,437,6,0,0
341,1333,247,156,125,437,6,0,0
342,1333,247,156,125,437,6,0,0
343,1332,247,156,125,437,6,0,0
344,1332,247,157,126,437,6,0,0
345,1332,247,156,125,437,6,0,0
346,1332,247,156,126,437,6,0,0
347,1332,247,156,126,437,6,0,0
348,1332,247,156,125,437,6,0,0
349,1332,248,157,125,437,6,0,0
350,1332,247,157,125,437,6,0,0
351,1332,248,157,125,437,6,0,0
352,1331,248,158,125,437,6,0,0
353,1331,248,158,124,437,6,0,0
354,1331,248,157,124,437,6,0,0
355,1331,248,157,124,437,6,0,1
356,1331,248,157,124,437,6,0,1
357,1331,248,158,124,437,6,0,1
358,1330,248,158,124,437,6,0,1
359,1330,248,158,124,437,6,0,1
360,1332,248,157,125,437,6,0,1
361,1332,248,157,125,437,6,0,1
362,1332,248,157,125,437,6,0,1
363,1332,248,157,125,437,6,0,0
364,1331,248,157,124,437,6,0,0
365,1331,248,157,124,437,6,0,0
366,1331,248,157,124,437,6,0,0
367,1332,248,156,124,437,6,0,0
368,1332,247,156,125,437,6,0,0
369,1332,247,156,125,437,6,0,0
370,1332,247,156,125,437,6,0,0
371,1332,247,156,126,437,6,0,0
372,1334,247,154,125,437,6,0,0
373,1334,247,154,125,437,6,0,0
374,1334,247,154,125,437,6,0,0
375,1334,247,154,125,437,6,0,0
376,1334,247,154,125,437,6,0,0
377,1334,247,154,125,437,6,0,0
378,1334,247,154,125,437,6,0,0
379,1334,247,154,125,437,6,0,0
380,1334,247,154,125,437,6,0,0
381,1334,247,154,125,437,6,0,0
382,1333,248,154,124,437,6,0,0
383,1333,248,155,125,437,6,0,0
384,1332,247,155,125,437,6,0,0
385,1332,247,155,125,437,6,0,0
386,1332,247,155,125,437,6,0,0
387,1332,248,155,124,437,6,0,0
388,1332,248,156,124,437,6,0,0
389,1332,248,156,124,437,6,0,0
390,1332,247,155,125,437,6,0,0
391,1333,247,155,125,437,6,0,0
392,1333,247,155,125,437,6,0,0
393,1332,247,155,125,437,6,0,0
394,1333,248,155,125,437,6,0,0
395,1332,248,155,124,437,6,0,0
396,1333,247,154,125,437,6,0,0
397,1333,247,154,126,437,6,0,0
398,1333,247,154,126,437,6,0,0
399,1334,247,153,126,437,6,0,0
400,1334,247,154,125,437,6,0,0
401,1333,247,154,125,437,6,0,0
402,1333,247,154,125,437,6,0,0
403,1333,247,154,125,437,6,0,0
404,1333,247,154,125,437,6,0,0
405,1333,247,154,125,437,6,0,0
406,1333,248,155,125,437,6,0,0
407,1333,248,155,125,437,6,0,0
408,1333,248,155,125,437,6,0,0
409,1333,248,154,125,437,6,0,0
410,1333,248,155,125,437,6,0,0
411,1333,248,155,125,437,6,0,0
412,1331,248,157,124,437,6,0,0
413,1332,248,156,125,437,6,0,0
414,1332,248,156,125,437,6,0,0
415,1332,248,156,125,437,6,0,0
416,1332,248,156,125,437,6,0,0
417,1333,248,155,125,437,6,0,0
418,1332,248,155,124,437,6,0,0
419,1333,247,155,125,437,6,0,0
420,1334,248,154,125,437,6,0,0
421,1334,247,154,125,437,6,0,0
422,1334,247,154,125,437,6,0,0
423,1334,248,154,125,437,6,0,0
424,1333,247,155,125,437,6,0,0
425,1334,248,154,125,437,6,0,0
426,1333,248,155,125,437,6,0,0
427,1333,248,155,125,437,6,0,0
428,1332,248,156,125,437,6,0,0
429,1332,249,156,124,437,6,0,0
430,1332,248,157,125,437,6,0,0
431,1332,248,156,125,437,6,0,0
432,1333,248,155,125,437,6,0,0
433,1333,248,155,125,437,6,0,0
434,1333,248,155,125,437,6,0,0
435,1334,248,154,125,437,6,0,0
436,1334,248,154,125,437,6,0,0
437,1334,248,154,125,437,6,0,0
438,1333,248,154,125,437,6,0,0
439,1334,247,153,125,437,6,0,0
440,1333,246,154,126,437,6,0,0
441,1333,247,154,126,437,6,0,0
442,1333,247,155,126,437,6,0,0
443,1333,247,155,126,437,6,0,0
444,1333,247,154,126,437,6,0,0
445,1333,247,154,126,437,6,0,1
446,1333,247,155,126,437,6,0,1
447,1333,247,155,125,437,6,0,1
448,1333,247,155,125,437,6,0,1
449,1333,247,155,125,437,6,0,0
450,1333,247,155,125,437,6,0,0
451,1333,248,155,125,437,6,0,0
452,1333,248,155,125,437,6,0,0
453,1333,248,155,125,437,6,0,1
454,1333,248,155,125,437,6,0,1
455,1333,248,155,125,437,6,0,1
456,1334,248,153,125,437,6,0,1
457,1334,248,154,125,437,6,0,1
458,1334,247,153,125,437,6,0,0
459,1334,248,154,125,437,6,0,0
460,1334,248,154,125,437,6,0,0
461,1333,247,154,125,437,6,0,0
462,1333,247,154,125,437,6,0,0
463,1334,247,153,125,437,6,0,0
464,1333,247,154,125,437,6,0,0
465,1333,248,154,125,437,6,0,0
466,1334,247,154,126,437,6,0,0
467,1334,247,154,126,437,6,0,1
468,1334,248,154,126,437,6,0,2
469,1333,248,156,125,437,6,0,2
470,1333,248,156,126,437,6,0,2
471,1333,248,156,126,437,6,0,1
472,1333,248,156,125,437,6,0,1
473,1333,249,157,125,437,6,0,0
474,1333,249,156,125,437,6,0,0
475,1333,249,156,125,437,6,0,0
476,1332,248,157,125,437,6,0,0
477,1333,249,156,124,437,6,0,0
478,1333,249,156,125,437,6,0,0
479,1332,249,156,125,437,6,0,0
480,1333,249,156,124,437,6,0,0
481,1333,249,156,125,437,6,0,0
482,1334,249,155,124,437,6,0,0
483,1334,249,155,125,437,6,0,0
484,1333,248,156,126,437,6,0,0
485,1333,247,155,126,437,6,0,0
486,1334,248,155,125,437,6,0,0
487,1333,248,155,125,437,6,0,0
488,1333,248,155,125,437,6,0,0
489,1334,247,155,126,437,6,0,0
490,1334,247,155,126,437,6,0,0
491,1333,247,156,126,437,6,0,0
492,1333,247,155,126,437,6,0,0
493,1333,247,155,126,437,6,0,0
494,1333,247,156,126,437,6,0,0
495,1332,247,156,126,437,6,0,0
496,1333,248,156,125,437,6,0,0
497,1333,248,156,125,437,6,0,0
498,1332,248,157,125,437,6,0,0
499,1332,248,157,125,437,6,0,0
500,1334,248,155,125,437,6,0,0
501,1333,248,155,126,437,6,0,0
502,1333,248,155,125,437,6,0,0
503,1333,248,155,125,437,6,0,0
504,1334,248,154,125,437,6,0,0
505,1334,248,154,125,437,6,0,0
506,1333,248,156,124,437,6,0,1
507,1333,247,156,125,437,6,0,1
508,1333,247,156,125,437,6,0,1
509,1333,248,155,125,437,6,0,1
510,1333,247,155,125,437,6,0,1
511,1333,247,155,125,437,6,0,0
512,1332,247,155,126,437,6,0,0
513,1333,247,155,125,437,6,0,0
514,1333,247,155,125,437,6,0,0
515,1333,247,154,125,437,6,0,0
516,1333,247,154,125,437,6,0,0
517,1333,247,154,125,437,6,0,0
518,1333,247,154,125,437,6,0,0
519,1333,247,154,125,437,6,0,0
520,1334,247,154,125,437,6,0,0
521,1333,247,154,125,437,6,0,0
522,1334,247,154,125,437,6,0,0
523,1334,248,154,125,437,6,0,0
524,1334,248,153,125,437,6,0,0
525,1334,248,154,125,437,6,0,0
526,1334,248,154,125,437,6,0,0
527,1334,248,154,125,437,6,0,0
528,1334,248,153,125,437,6,0,0
529,1334,248,153,124,437,6,0,0
530,1334,247,153,125,437,6,0,0
531,1334,248,153,124,437,6,0,0
532,1334,248,154,124,437,6,0,0
533,1334,248,154,125,437,6,0,0
534,1333,247,154,126,437,6,0,0
535,1334,247,154,126,437,6,0,1
536,1334,247,154,126,437,6,0,1
537,1333,247,154,126,437,6,0,1
538,1333,247,155,126,437,6,0,1
539,1333,247,155,126,437,6,0,1
540,1333,247,155,127,437,6,0,1
541,1334,247,154,126,437,6,0,0
542,1334,247,154,126,437,6,0,0
543,1334,247,154,126,437,6,0,0
544,1334,248,154,126,437,6,0,0
545,1334,248,154,125,437,6,0,0
546,1333,248,154,125,437,6,0,0
547,1334,248,153,125,437,6,0,0
548,1333,248,154,125,437,6,0,0
549,1333,248,154,125,437,6,0,0
550,1332,249,155,125,437,6,0,0
551,1332,248,155,125,437,6,0,0
552,1333,248,155,124,437,6,0,0
553,1333,248,155,124,437,6,0,0
554,1333,248,154,124,437,6,0,0
555,1333,248,154,124,437,6,0,0
556,1333,248,154,124,437,6,0,0
557,1333,248,155,125,437,6,0,0
558,1333,248,155,125,437,6,0,0
559,1334,248,154,125,437,6,0,0
560,1334,248,154,125,437,6,0,0
561,1333,248,154,125,437,6,0,0
562,1333,248,154,125,437,6,0,0
563,1334,248,154,125,437,6,0,0
564,1333,248,155,125,437,6,0,0
565,1332,248,156,125,437,6,0,0
566,1332,248,156,125,437,6,0,0
567,1332,248,156,125,437,6,0,0
568,1332,248,156,124,437,6,0,0
569,1332,248,156,124,437,6,0,0
570,1332,248,156,125,437,6,0,0
571,1332,248,156,125,437,6,0,0
572,1332,248,156,125,437,6,0,0
573,1332,248,156,125,437,6,0,0
574,1332,248,156,125,437,6,0,0
575,1332,248,155,125,437,6,0,0
576,1332,248,155,125,437,6,0,0
577,1332,248,155,125,437,6,0,0
578,1332,248,155,125,437,6,0,0
579,1333,247,155,125,437,6,0,0
580,1333,247,155,126,437,6,0,0
581,1332,248,155,125,437,6,0,0
582,1332,248,156,125,437,6,0,0
583,1332,248,155,125,437,6,0,0
584,1332,248,155,125,437,6,0,0
585,1333,248,155,125,437,6,0,0
586,1332,248,156,125,437,6,0,0
587,1331,248,157,125,437,6,0,0
588,1332,248,155,125,437,6,0,0
589,1332,248,156,125,437,6,0,0
590,1332,248,155,125,437,6,0,0
591,1332,248,155,125,437,6,0,0
592,1332,248,155,125,437,6,0,0
593,1332,248,155,125,437,6,0,0
594,1332,248,156,124,437,6,0,0
595,1332,248,156,124,437,6,0,0
596,1332,248,156,124,437,6,0,0
597,1332,248,156,124,437,6,0,0
598,1332,248,156,124,437,6,0,0
599,1332,248,156,124,437,6,0,0
600,1331,248,157,124,437,6,0,0
601,1331,248,157,124,437,6,0,0
602,1331,248,157,124,437,6,0,0
603,1331,248,156,124,437,6,0,0
604,1332,248,156,124,437,6,0,0
605,1333,248,155,124,437,6,0,0
606,1332,248,155,125,437,6,0,0
607,1332,248,155,124,437,6,0,0
608,1332,248,155,124,437,6,0,0
609,1332,248,155,124,437,6,0,0
610,1332,248,155,124,437,6,0,0
611,1333,248,155,123,437,6,0,0
612,1331,248,156,124,437,6,0,0
613,1333,248,155,124,437,6,0,0
614,1332,248,156,124,437,6,0,0
615,1332,248,157,124,437,6,0,0
616,1331,248,157,124,437,6,0,0
617,1331,248,157,123,437,6,0,0
618,1331,248,157,123,437,6,0,1
619,1330,248,158,123,437,6,0,1
620,1330,248,158,123,437,6,0,1
621,1330,248,158,123,437,6,0,1
622,1329,248,159,123,437,6,0,1
623,1329,248,160,124,437,6,0,2
624,1331,248,157,125,437,6,0,2
625,1332,248,156,124,437,6,0,3
626,1332,248,156,125,437,6,0,2
627,1331,247,158,125,437,6,0,2
628,1331,247,158,125,437,6,0,1
629,1332,247,157,125,437,6,0,0
630,1332,247,157,125,437,6,0,0
631,1331,247,157,125,437,6,0,0
632,1331,247,157,125,437,6,0,0
633,1332,247,157,125,437,6,0,0
634,1331,248,156,125,437,6,0,0
635,1331,248,158,125,437,6,0,0
636,1331,248,158,125,437,6,0,0
637,1330,249,158,124,437,6,0,0
638,1330,248,158,125,437,6,0,0
639,1331,249,158,124,437,6,0,0
640,1331,249,157,124,437,6,0,0
641,1332,248,157,125,437,6,0,0
642,1331,248,157,125,437,6,0,0
643,1331,248,157,125,437,6,0,0
644,1332,248,156,125,437,6,0,0
645,1332,248,156,125,437,6,0,0
646,1332,248,156,125,437,6,0,0
647,1333,249,156,123,437,6,0,0
648,1333,249,156,124,437,6,0,1
649,1333,249,156,125,437,6,0,1
650,1333,249,156,125,437,6,0,1
651,1333,249,156,124,437,6,0,1
652,1333,249,156,124,437,6,0,1
653,1333,249,156,125,437,6,0,1
654,1333,249,156,126,437,6,0,1
655,1332,249,157,125,437,6,0,0
656,1332,249,156,124,437,6,0,0
657,1332,249,156,124,437,6,0,0
658,1333,249,155,125,437,6,0,0
659,1333,249,155,125,437,6,0,1
660,1334,249,155,124,437,6,0,1
661,1333,248,155,124,437,6,0,0
662,1333,248,155,125,437,6,0,0
663,1333,249,155,124,437,6,0,0
664,1334,249,154,124,437,6,0,0
665,1334,248,154,125,437,6,0,0
666,1334,248,154,124,437,6,0,0
667,1334,249,154,123,437,6,0,0
668,1333,249,154,123,437,6,0,1
669,1334,249,154,123,437,6,0,1
670,1332,248,156,124,437,6,0,1
671,1332,248,156,123,437,6,0,0
672,1332,249,156,124,437,6,0,0
673,1332,249,156,124,437,6,0,0
674,1331,248,156,124,437,6,0,0
675,1331,248,156,124,437,6,0,0
676,1332,248,156,124,437,6,0,0
677,1330,249,157,124,437,6,0,0
678,1330,248,158,124,437,6,0,0
679,1329,248,160,124,437,6,0,0
680,1329,249,160,124,437,6,0,1
681,1328,249,161,124,437,6,0,1
682,1329,249,159,124,437,6,0,0
683,1330,248,158,125,437,6,0,0
684,1333,248,155,124,437,6,0,0
685,1332,248,156,124,437,6,0,1
686,1332,248,156,125,437,6,0,2
687,1328,248,161,124,437,6,0,3
688,1331,248,158,123,437,6,0,2
689,1331,248,158,124,437,6,0,1
690,1330,248,158,124,437,6,0,0
691,1332,248,157,124,437,6,0,0
692,1332,248,157,124,437,6,0,0
693,1333,248,156,124,437,6,0,1
694,1333,249,156,124,437,6,0,2
695,1333,249,155,124,437,6,0,3
696,1333,248,155,125,437,6,0,4
697,1333,249,155,126,437,6,0,5
698,1333,249,155,127,437,6,0,5
699,1332,249,157,127,437,6,0,4
700,1335,250,155,125,437,6,0,3
701,1335,250,155,125,437,6,0,2
702,1334,250,156,125,437,6,0,1
703,1333,250,158,125,437,6,0,0
704,1334,249,155,127,437,6,0,0
705,1332,249,157,126,437,6,0,0
706,1333,249,156,126,437,6,0,0
707,1331,249,158,126,437,6,0,0
708,1332,249,156,126,437,6,0,0
709,1332,249,157,126,437,6,0,0
710,1332,249,156,126,437,6,0,0
711,1333,249,155,126,437,6,0,0
712,1332,249,157,127,437,6,0,0
713,1331,248,157,126,437,6,0,0
714,1332,249,156,126,437,6,0,0
715,1333,249,156,127,437,6,0,0
716,1333,248,156,128,437,6,0,0
717,1332,248,157,128,437,6,0,1
718,1332,249,157,127,437,6,0,2
719,1332,249,157,128,437,6,0,2
720,1334,250,156,126,437,6,0,1
721,1336,250,155,127,437,6,0,1
722,1336,250,154,126,437,6,0,0
723,1335,250,154,126,437,6,0,0
724,1336,251,153,126,437,6,0,0
725,1335,251,154,125,437,6,0,0
726,1336,251,153,126,437,6,0,0
727,1334,250,157,128,437,6,0,0
728,1334,250,157,127,437,6,0,0
729,1335,250,157,128,437,6,0,0
730,1335,250,157,127,437,6,0,1
731,1333,249,158,127,437,6,0,2
732,1334,248,154,126,437,6,0,3
733,1334,248,155,127,437,6,0,2
734,1333,249,155,127,437,6,0,4
735,1333,248,156,128,437,6,0,4
736,1332,248,155,126,437,6,0,4
737,1333,248,154,125,437,6,0,3
738,1334,248,154,125,437,6,0,3
739,1334,248,154,125,437,6,0,3
740,1334,248,154,126,437,6,0,3
741,1334,249,154,126,437,6,0,3
742,1334,249,154,127,437,6,0,4
743,1334,249,155,127,437,6,0,4
744,1335,250,155,125,437,6,0,4
745,1335,250,155,126,437,6,0,3
746,1335,250,155,125,437,6,0,2
747,1333,249,156,127,437,6,0,1
748,1332,249,158,127,437,6,0,0
749,1334,250,157,126,437,6,0,0
750,1336,250,154,125,437,6,0,0
751,1336,250,154,125,437,6,0,0
752,1336,250,154,125,437,6,0,0
753,1336,250,154,125,437,6,0,1
754,1334,249,156,126,437,6,0,1
755,1334,249,155,125,437,6,0,1
756,1335,250,154,125,437,6,0,0
757,1334,250,155,125,437,6,0,0
758,1334,250,156,126,437,6,0,0
759,1334,250,156,126,437,6,0,1
760,1334,250,155,126,437,6,0,1
761,1334,249,155,127,437,6,0,1
762,1334,249,154,127,437,6,0,1
763,1334,250,156,126,437,6,0,1
764,1334,249,155,126,437,6,0,0
765,1334,249,155,127,437,6,0,0
766,1334,249,157,127,437,6,0,0
767,1334,249,157,127,437,6,0,0
768,1335,249,157,126,437,6,0,0
769,1335,250,157,126,437,6,0,0
770,1335,249,156,126,437,6,0,0
771,1335,250,155,126,437,6,0,0
772,1335,250,155,126,437,6,0,0
773,1335,249,156,126,437,6,0,0
774,1334,249,156,126,437,6,0,0
775,1335,249,156,126,437,6,0,0
776,1335,250,155,126,437,6,0,0
777,1335,250,155,125,437,6,0,0
778,1334,249,155,126,437,6,0,0
779,1334,248,154,127,437,6,0,0
780,1334,248,154,127,437,6,0,1
781,1333,248,154,126,437,6,0,1
782,1333,248,154,125,437,6,0,2
783,1333,248,154,125,437,6,0,2
784,1333,248,153,125,437,6,0,2
785,1333,248,154,125,437,6,0,2
786,1333,248,154,125,437,6,0,1
787,1332,248,155,125,437,6,0,1
788,1332,248,156,126,437,6,0,0
789,1333,248,155,125,437,6,0,0
790,1333,248,155,126,437,6,0,0
791,1333,248,155,124,437,6,0,0
792,1335,249,152,123,437,6,0,0
793,1335,249,152,124,437,6,0,0
794,1334,249,153,124,437,6,0,0
795,1334,249,153,124,437,6,0,0
796,1334,249,154,125,437,6,0,1
797,1334,249,153,125,437,6,0,1
798,1334,249,153,125,437,6,0,0
799,1334,249,153,124,437,6,0,0
800,1335,249,153,124,437,6,0,0
801,1335,249,153,124,437,6,0,0
802,1335,249,153,124,437,6,0,0
803,1335,249,153,124,437,6,0,0
804,1335,249,152,124,437,6,0,1
805,1335,249,152,125,437,6,0,1
806,1335,249,152,125,437,6,0,0
807,1335,249,152,125,437,6,0,0
808,1335,249,152,124,437,6,0,0
809,1335,249,152,124,437,6,0,0
810,1335,249,152,124,437,6,0,0
811,1335,249,153,124,437,6,0,0
812,1335,249,153,124,437,6,0,0
813,1335,249,153,124,437,6,0,0
814,1334,249,153,124,437,6,0,0
815,1335,249,153,124,437,6,0,0
816,1335,248,152,125,437,6,0,0
817,1335,248,152,125,437,6,0,0
818,1335,248,152,125,437,6,0,0
819,1335,248,152,125,437,6,0,0
820,1334,248,152,125,437,6,0,0
821,1334,248,153,125,437,6,0,0
822,1335,249,152,124,437,6,0,1
823,1335,249,152,125,437,6,0,1
824,1335,249,152,125,437,6,0,1
825,1334,249,153,125,437,6,0,1
826,1334,249,153,124,437,6,0,1
827,1334,249,154,125,437,6,0,2
828,1334,249,154,126,437,6,0,2
829,1334,249,154,126,437,6,0,2
830,1334,249,154,126,437,6,0,2
831,1334,249,155,126,437,6,0,2
832,1334,249,154,126,437,6,0,1
833,1334,249,154,126,437,6,0,0
834,1334,249,154,126,437,6,0,0
835,1334,250,154,124,437,6,0,0
836,1334,250,154,124,437,6,0,1
837,1334,250,154,124,437,6,0,1
838,1334,250,155,124,437,6,0,1
839,1335,250,154,124,437,6,0,1
840,1335,250,154,124,437,6,0,0
841,1334,249,154,125,437,6,0,1
842,1334,249,153,124,437,6,0,1
843,1333,248,155,124,437,6,0,2
844,1333,248,154,125,437,6,0,2
845,1333,248,154,124,437,6,0,2
846,1333,248,154,125,437,6,0,2
847,1334,248,153,125,437,6,0,2
848,1334,248,153,125,437,6,0,2
849,1334,249,154,125,437,6,0,3
850,1334,249,153,126,437,6,0,3
851,1335,249,152,125,437,6,0,4
852,1335,249,153,126,437,6,0,4
853,1335,249,153,126,437,6,0,4
854,1335,249,153,126,437,6,0,3
855,1335,249,153,126,437,6,0,2
856,1335,249,154,125,437,6,0,1
857,1334,249,155,125,437,6,0,0
858,1334,250,156,125,437,6,0,0
859,1334,250,156,126,437,6,0,0
860,1334,250,156,125,437,6,0,0
861,1334,250,155,125,437,6,0,0
862,1335,249,153,126,437,6,0,1
863,1335,249,153,126,437,6,0,3
864,1334,248,152,124,437,6,0,5
865,1334,249,153,124,437,6,0,5
866,1334,249,153,124,437,6,0,4
867,1333,248,154,125,437,6,0,3
868,1333,248,154,125,437,6,0,3
869,1333,248,154,126,437,6,0,2
870,1333,248,154,126,437,6,0,2
871,1333,248,155,126,437,6,0,1
872,1333,248,155,125,437,6,0,0
873,1334,248,153,125,437,6,0,0
874,1334,248,154,125,437,6,0,0
875,1335,248,153,125,437,6,0,0
876,1334,248,154,126,437,6,0,1
877,1334,249,154,126,437,6,0,2
878,1334,249,154,126,437,6,0,2
879,1334,249,154,126,437,6,0,2
880,1334,248,154,126,437,6,0,1
881,1334,249,154,126,437,6,0,1
882,1335,249,154,126,437,6,0,1
883,1335,250,154,125,437,6,0,1
884,1335,249,154,125,437,6,0,1
885,1335,249,154,127,437,6,0,0
886,1335,250,154,125,437,6,0,0
887,1335,249,154,126,437,6,0,0
888,1335,249,155,124,437,6,0,0
889,1334,249,154,125,437,6,0,0
890,1334,249,155,125,437,6,0,0
891,1333,249,155,125,437,6,0,1
892,1333,249,155,125,437,6,0,0
893,1333,249,155,125,437,6,0,0
894,1333,249,155,125,437,6,0,0
895,1333,249,155,125,437,6,0,0
896,1334,249,154,124,437,6,0,0
897,1333,249,154,124,437,6,0,0
898,1333,249,154,124,437,6,0,0
899,1333,249,155,124,437,6,0,0
900,1334,249,155,125,437,6,0,1
901,1334,249,155,126,437,6,0,1
902,1334,249,155,126,437,6,0,2
903,1334,249,154,126,437,6,0,2
904,1334,249,154,126,437,6,0,2
905,1334,248,154,127,437,6,0,1
906,1334,248,154,127,437,6,0,0
907,1334,248,155,127,437,6,0,0
908,1333,248,155,127,437,6,0,0
909,1333,248,155,127,437,6,0,0
910,1333,248,155,127,437,6,0,0
911,1334,249,155,126,437,6,0,1
912,1334,248,154,125,437,6,0,1
913,1334,248,155,126,437,6,0,2
914,1334,248,155,126,437,6,0,2
915,1334,248,154,125,437,6,0,3
916,1334,249,154,125,437,6,0,2
917,1333,248,154,125,437,6,0,2
918,1334,249,154,124,437,6,0,1
919,1333,249,154,125,437,6,0,1
920,1333,249,155,125,437,6,0,0
921,1334,249,154,125,437,6,0,0
922,1334,249,153,125,437,6,0,0
923,1334,249,153,125,437,6,0,0
924,1334,249,153,125,437,6,0,0
925,1333,249,154,125,437,6,0,0
926,1333,249,154,124,437,6,0,0
927,1333,249,154,124,437,6,0,0
928,1333,249,155,125,437,6,0,0
929,1333,249,154,125,437,6,0,0
930,1333,249,154,125,437,6,0,0
931,1334,249,153,124,437,6,0,0
932,1334,249,153,125,437,6,0,0
933,1334,249,153,125,437,6,0,0
934,1334,249,153,125,437,6,0,0
935,1333,249,154,125,437,6,0,0
936,1334,249,153,125,437,6,0,0
937,1334,249,154,124,437,6,0,0
938,1333,249,154,124,437,6,0,1
939,1333,249,154,124,437,6,0,1
940,1332,249,156,124,437,6,0,1
941,1333,248,155,124,437,6,0,1
942,1333,248,155,125,437,6,0,0
943,1333,248,155,125,437,6,0,0
944,1333,248,155,125,437,6,0,0
945,1333,248,155,125,437,6,0,0
946,1333,247,155,125,437,6,0,0
947,1333,247,155,125,437,6,0,0
948,1333,248,155,124,437,6,0,1
949,1333,248,155,124,437,6,0,1
950,1333,248,155,124,437,6,0,1
951,1333,248,155,124,437,6,0,0
952,1333,248,154,124,437,6,0,0
953,1333,248,155,124,437,6,0,0
954,1333,248,155,124,437,6,0,0
955,1333,248,155,124,437,6,0,0
956,1333,248,155,124,437,6,0,0
957,1333,248,155,125,437,6,0,1
958,1332,248,156,125,437,6,0,1
959,1332,248,156,125,437,6,0,1
960,1333,248,154,125,437,6,0,0
961,1334,248,154,125,437,6,0,0
962,1334,248,153,125,437,6,0,0
963,1334,248,153,125,437,6,0,0
964,1334,248,153,125,437,6,0,0
965,1334,248,153,125,437,6,0,0
966,1334,248,153,125,437,6,0,0
967,1334,248,153,125,437,6,0,0
968,1334,248,153,125,437,6,0,0
969,1334,247,154,126,437,6,0,0
970,1334,247,154,126,437,6,0,0
971,1335,246,153,126,437,6,0,0
972,1334,247,153,126,437,6,0,0
973,1334,247,154,126,437,6,0,0
974,1334,247,154,126,437,6,0,0
975,1334,247,154,126,437,6,0,0
976,1334,247,154,126,437,6,0,0
977,1334,247,154,126,437,6,0,0
978,1333,247,154,125,437,6,0,0
979,1333,247,154,126,437,6,0,0
980,1332,247,156,126,437,6,0,0
981,1332,247,156,126,437,6,0,0
982,1332,248,156,125,437,6,0,0
983,1332,248,155,125,437,6,0,0
984,1332,247,155,126,437,6,0,0
985,1333,247,155,126,437,6,0,0
986,1332,247,155,126,437,6,0,0
987,1333,247,154,126,437,6,0,0
988,1333,246,154,127,437,6,0,0
989,1334,247,153,125,437,6,0,0
990,1333,247,154,126,437,6,0,0
991,1332,247,155,126,437,6,0,0
992,1332,247,155,126,437,6,0,0
993,1334,246,153,127,437,6,0,0
994,1333,246,154,126,437,6,0,0
995,1333,247,154,126,437,6,0,0
996,1334,246,153,127,437,6,0,0
997,1334,246,153,127,437,6,0,0
998,1334,246,153,127,437,6,0,0
999,1334,246,153,127,437,6,0,0
1000,1334,247,153,126,437,6,0,0
1001,1334,246,153,126,437,6,0,0
1002,1333,246,154,126,437,6,0,0
1003,1333,247,153,126,437,6,0,0
1004,1333,247,154,125,437,6,0,0
1005,1333,247,154,125,437,6,0,0
1006,1333,247,154,125,437,6,0,0
1007,1333,247,154,125,437,6,0,0
1008,1332,247,154,125,437,6,0,0
1009,1333,247,154,125,437,6,0,0
1010,1333,248,154,125,437,6,0,0
1011,1332,247,154,125,437,6,0,0
1012,1332,247,155,126,437,6,0,0
1013,1333,247,154,126,437,6,0,0
1014,1333,247,154,126,437,6,0,0
1015,1333,247,154,126,437,6,0,0
1016,1333,247,154,126,437,6,0,0
1017,1333,247,154,126,437,6,0,0
1018,1333,247,154,125,437,6,0,0
1019,1332,247,155,126,437,6,0,0
1020,1333,247,154,125,437,6,0,0
1021,1332,246,155,127,437,6,0,0
1022,1332,246,155,127,437,6,0,0
1023,1332,247,156,127,437,6,0,0
1024,1332,247,155,126,437,6,0,1
1025,1332,247,155,127,437,6,0,1
1026,1333,247,155,126,437,6,0,1
1027,1332,247,155,126,437,6,0,0
1028,1332,247,155,126,437,6,0,0
1029,1332,247,155,126,437,6,0,0
1030,1332,247,155,126,437,6,0,0
1031,1332,249,156,124,437,6,0,0
1032,1332,249,156,124,437,6,0,0
1033,1332,249,156,124,437,6,0,0
1034,1332,249,156,124,437,6,0,0
1035,1332,249,156,124,437,6,0,0
1036,1332,249,156,124,437,6,0,0
1037,1332,249,156,124,437,6,0,0
1038,1332,248,156,124,437,6,0,0
1039,1332,248,156,125,437,6,0,0
1040,1332,248,156,125,437,6,0,0
1041,1331,248,157,125,437,6,0,0
1042,1332,247,157,126,437,6,0,0
1043,1333,247,155,126,437,6,0,0
1044,1333,247,155,126,437,6,0,0
1045,1332,248,155,126,437,6,0,0
1046,1333,247,155,126,437,6,0,0
1047,1333,247,155,126,437,6,0,0
1048,1333,247,155,126,437,6,0,0
1049,1332,247,155,126,437,6,0,0
1050,1332,248,156,126,437,6,0,0
1051,1334,247,155,127,437,6,0,0
1052,1334,247,155,127,437,6,0,1
1053,1333,247,155,127,437,6,0,2
1054,1332,247,156,127,437,6,0,2
1055,1333,247,155,128,437,6,0,2
1056,1334,247,155,128,437,6,0,1
1057,1334,247,155,128,437,6,0,0
1058,1334,247,155,128,437,6,0,0
1059,1334,247,155,128,437,6,0,0
1060,1334,247,155,127,437,6,0,1
1061,1333,247,155,127,437,6,0,1
1062,1334,247,154,126,437,6,0,2
1063,1333,247,154,126,437,6,0,2
1064,1333,247,155,126,437,6,0,2
1065,1333,247,155,126,437,6,0,2
1066,1333,247,155,126,437,6,0,2
1067,1333,247,154,126,437,6,0,1
1068,1332,247,155,126,437,6,0,1
1069,1332,247,157,126,437,6,0,1
1070,1332,247,157,125,437,6,0,1
1071,1333,247,155,125,437,6,0,1
1072,1333,247,155,125,437,6,0,0
1073,1333,247,156,125,437,6,0,0
1074,1332,247,156,125,437,6,0,0
1075,1332,247,157,126,437,6,0,0
1076,1331,247,157,126,437,6,0,0
1077,1331,247,157,126,437,6,0,0
1078,1332,247,156,126,437,6,0,0
1079,1331,247,158,126,437,6,0,1
1080,1330,247,158,126,437,6,0,1
1081,1326,247,162,126,437,6,0,1
1082,1326,247,162,126,437,6,0,1
1083,1329,247,159,127,437,6,0,1
1084,1330,247,158,127,437,6,0,1
1085,1327,247,161,127,437,6,0,1
1086,1331,248,158,126,437,6,0,2
1087,1332,248,156,127,437,6,0,1
1088,1331,247,157,127,437,6,0,1
1089,1330,247,159,127,437,6,0,0
1090,1331,247,157,127,437,6,0,0
1091,1330,247,158,127,437,6,0,0
1092,1329,247,159,127,437,6,0,0
1093,1331,247,157,127,437,6,0,0
1094,1331,247,157,127,437,6,0,0
1095,1330,247,158,127,437,6,0,0
1096,1332,248,156,126,437,6,0,0
1097,1332,247,155,126,437,6,0,0
1098,1332,247,156,127,437,6,0,0
1099,1328,247,160,127,437,6,0,0
1100,1330,247,158,127,437,6,0,0
1101,1330,247,159,127,437,6,0,0
1102,1330,247,158,127,437,6,0,0
1103,1330,247,159,127,437,6,0,0
1104,1330,247,159,127,437,6,0,0
1105,1329,247,160,127,437,6,0,0
1106,1329,247,159,127,437,6,0,0
1107,1328,247,160,127,437,6,0,0
1108,1327,247,161,127,437,6,0,0
1109,1330,247,159,127,437,6,0,0
1110,1330,247,158,127,437,6,0,0
1111,1329,247,159,127,437,6,0,0
1112,1331,247,158,127,437,6,0,0
1113,1332,247,157,127,437,6,0,0
1114,1331,247,157,127,437,6,0,0
1115,1331,247,157,127,437,6,0,0
1116,1331,247,157,127,437,6,0,0
1117,1330,247,158,127,437,6,0,0
1118,1330,247,158,126,437,6,0,1
1119,1333,247,154,126,437,6,0,1
1120,1334,248,153,125,437,6,0,0
1121,1334,247,154,127,437,6,0,0
1122,1333,247,155,127,437,6,0,0
1123,1334,247,154,127,437,6,0,0
1124,1333,247,155,127,437,6,0,1
1125,1332,247,156,127,437,6,0,1
1126,1333,247,155,127,437,6,0,1
1127,1334,247,154,127,437,6,0,0
1128,1334,247,155,127,437,6,0,0
1129,1334,247,155,127,437,6,0,0
1130,1334,247,155,127,437,6,0,0
1131,1333,247,156,127,437,6,0,0
1132,1334,247,155,127,437,6,0,0
1133,1333,247,155,127,437,6,0,0
1134,1333,247,155,127,437,6,0,0
1135,1334,247,155,128,437,6,0,0
1136,1334,247,155,127,437,6,0,0
1137,1334,247,155,127,437,6,0,0
1138,1334,247,155,127,437,6,0,0
1139,1334,247,156,127,437,6,0,0
1140,1334,247,155,127,437,6,0,0
1141,1334,247,154,127,437,6,0,0
1142,1334,247,155,127,437,6,0,0
1143,1334,247,155,127,437,6,0,0
1144,1335,247,154,127,437,6,0,0
1145,1335,247,154,126,437,6,0,0
1146,1335,247,153,126,437,6,0,0
1147,1334,247,154,126,437,6,0,0
1148,1334,247,154,126,437,6,0,0
1149,1334,247,154,126,437,6,0,0
1150,1334,247,154,126,437,6,0,0
1151,1334,247,154,126,437,6,0,0
1152,1334,247,156,127,437,6,0,0
1153,1333,247,156,127,437,6,0,0
1154,1333,247,156,127,437,6,0,0
1155,1333,247,156,127,437,6,0,0
1156,1333,247,155,126,437,6,0,0
1157,1333,247,155,126,437,6,0,0
1158,1333,247,155,126,437,6,0,0
1159,1333,247,155,126,437,6,0,0
1160,1333,247,156,127,437,6,0,0
1161,1333,247,156,126,437,6,0,0
1162,1333,247,155,126,437,6,0,0
1163,1332,247,156,126,437,6,0,1
1164,1333,247,155,125,437,6,0,1
1165,1333,247,155,125,437,6,0,1
1166,1332,247,158,127,437,6,0,1
1167,1332,247,158,127,437,6,0,0
1168,1332,247,157,127,437,6,0,0
1169,1333,246,157,127,437,6,0,0
1170,1333,246,156,127,437,6,0,0
1171,1332,246,156,127,437,6,0,0
1172,1333,247,156,127,437,6,0,0
1173,1332,246,157,127,437,6,0,0
1174,1333,246,156,127,437,6,0,0
1175,1333,246,156,127,437,6,0,0
1176,1333,247,155,126,437,6,0,0
1177,1333,247,155,126,437,6,0,1
1178,1333,247,155,126,437,6,0,2
1179,1333,246,155,126,437,6,0,2
1180,1333,246,155,126,437,6,0,2
1181,1333,246,155,126,437,6,0,2
1182,1333,246,155,126,437,6,0,2
1183,1333,246,155,126,437,6,0,2
1184,1334,246,155,126,437,6,0,1
1185,1333,246,155,126,437,6,0,0
1186,1332,246,156,125,437,6,0,0
1187,1331,246,157,125,437,6,0,0
1188,1331,246,157,125,437,6,0,0
1189,1330,246,158,125,437,6,0,0
1190,1331,246,157,125,437,6,0,0
1191,1331,246,157,126,437,6,0,0
1192,1331,246,157,125,437,6,0,0
1193,1330,246,158,125,437,6,0,0
1194,1331,246,158,126,437,6,0,0
1195,1330,246,158,126,437,6,0,0
1196,1331,246,157,126,437,6,0,1
1197,1331,246,157,126,437,6,0,1
1198,1331,246,158,126,437,6,0,1
1199,1332,246,157,126,437,6,0,1
1200,1332,246,157,126,437,6,0,1
1201,1331,246,158,126,437,6,0,0
1202,1331,246,158,126,437,6,0,0
1203,1331,246,158,126,437,6,0,0
1204,1331,246,157,126,437,6,0,0
1205,1330,246,158,126,437,6,0,0
1206,1332,246,157,126,437,6,0,0
1207,1331,246,157,126,437,6,0,0
1208,1332,246,157,126,437,6,0,0
1209,1331,246,157,126,437,6,0,0
1210,1331,246,157,126,437,6,0,0
1211,1331,246,158,126,437,6,0,0
1212,1332,246,156,127,437,6,0,0
1213,1332,246,155,126,437,6,0,0
1214,1333,246,155,126,437,6,0,0
1215,1333,246,155,126,437,6,0,0
1216,1333,246,156,127,437,6,0,0
1217,1333,246,155,126,437,6,0,0
1218,1333,246,156,127,437,6,0,0
1219,1333,246,155,127,437,6,0,1
1220,1333,246,156,127,437,6,0,2
1221,1333,246,156,127,437,6,0,2
1222,1332,246,157,128,437,6,0,2
1223,1332,246,157,127,437,6,0,2
1224,1332,246,157,128,437,6,0,2
1225,1332,246,156,128,437,6,0,1
1226,1333,246,155,127,437,6,0,0
1227,1333,246,155,127,437,6,0,0
1228,1333,246,155,127,437,6,0,0
1229,1333,246,154,127,437,6,0,0
1230,1333,246,155,127,437,6,0,0
1231,1333,246,155,127,437,6,0,0
1232,1334,246,154,127,437,6,0,0
1233,1333,246,154,127,437,6,0,0
1234,1334,246,154,127,437,6,0,0
1235,1334,246,154,127,437,6,0,0
1236,1334,246,154,127,437,6,0,0
1237,1333,246,154,127,437,6,0,0
1238,1334,246,153,126,437,6,0,0
1239,1334,246,153,126,437,6,0,0
1240,1334,246,153,126,437,6,0,0
1241,1334,246,154,126,437,6,0,0
1242,1334,246,153,126,437,6,0,0
1243,1334,246,153,126,437,6,0,0
1244,1334,246,153,127,437,6,0,0
1245,1334,246,153,126,437,6,0,0
1246,1335,246,153,126,437,6,0,0
1247,1335,246,152,126,437,6,0,0
1248,1335,246,152,126,437,6,0,0
1249,1335,246,152,126,437,6,0,0
1250,1334,246,152,126,437,6,0,0
1251,1335,246,152,126,437,6,0,0
1252,1335,246,152,126,437,6,0,0
1253,1334,246,152,126,437,6,0,0
1254,1334,246,153,126,437,6,0,0
1255,1334,246,153,126,437,6,0,0
1256,1334,247,154,126,437,6,0,0
1257,1334,247,154,126,437,6,0,0
1258,1334,246,153,126,437,6,0,0
1259,1334,246,153,126,437,6,0,0
1260,1333,246,154,126,437,6,0,0
1261,1333,246,155,126,437,6,0,0
1262,1333,246,155,127,437,6,0,0
1263,1333,246,155,126,437,6,0,0
1264,1333,246,155,126,437,6,0,0
1265,1333,246,155,126,437,6,0,0
1266,1333,246,155,126,437,6,0,0
1267,1333,246,155,126,437,6,0,0
1268,1333,246,155,126,437,6,0,0
1269,1333,246,155,127,437,6,0,0
1270,1333,246,155,126,437,6,0,0
1271,1333,246,155,126,437,6,0,0
1272,1333,246,154,126,437,6,0,0
1273,1334,246,154,126,437,6,0,0
1274,1334,246,154,126,437,6,0,0
1275,1334,246,154,126,437,6,0,0
1276,1334,246,154,127,437,6,0,0
1277,1334,246,155,127,437,6,0,0
1278,1334,246,154,127,437,6,0,0
1279,1334,246,154,127,437,6,0,0
1280,1334,246,155,127,437,6,0,0
1281,1334,246,154,127,437,6,0,0
1282,1334,246,154,127,437,6,0,0
1283,1333,246,155,127,437,6,0,0
1284,1334,246,154,126,437,6,0,0
1285,1334,246,154,126,437,6,0,0
1286,1333,246,154,126,437,6,0,1
1287,1333,246,154,126,437,6,0,1
1288,1334,246,154,126,437,6,0,0
1289,1334,246,154,126,437,6,0,0
1290,1334,246,154,126,437,6,0,0
1291,1334,246,154,126,437,6,0,0
1292,1333,246,154,126,437,6,0,0
1293,1334,246,154,126,437,6,0,0
1294,1333,246,154,126,437,6,0,0
1295,1334,246,154,126,437,6,0,0
1296,1332,246,156,127,437,6,0,0
1297,1332,246,156,127,437,6,0,0
1298,1332,246,156,126,437,6,0,0
1299,1332,246,156,126,437,6,0,0
1300,1332,246,156,126,437,6,0,0
1301,1332,246,156,126,437,6,0,0
1302,1332,246,156,126,437,6,0,0
1303,1332,246,156,126,437,6,0,0
1304,1332,246,156,127,437,6,0,0
1305,1332,246,155,127,437,6,0,0
1306,1332,246,156,127,437,6,0,0
1307,1332,246,156,126,437,6,0,0
1308,1332,246,156,126,437,6,0,0
1309,1333,246,155,127,437,6,0,0
1310,1333,246,155,126,437,6,0,0
1311,1333,246,155,126,437,6,0,0
1312,1333,246,156,126,437,6,0,0
1313,1333,246,156,126,437,6,0,0
1314,1333,246,156,126,437,6,0,0
1315,1333,246,156,126,437,6,0,0
1316,1333,246,156,126,437,6,0,0
1317,1333,246,155,126,437,6,0,0
1318,1333,246,155,126,437,6,0,0
1319,1333,246,155,126,437,6,0,0
1320,1333,246,155,126,437,6,0,0
1321,1333,246,155,126,437,6,0,0
1322,1333,246,155,126,437,6,0,0
1323,1333,246,155,126,437,6,0,0
1324,1333,246,155,126,437,6,0,0
1325,1333,246,155,126,437,6,0,0
1326,1333,246,155,126,437,6,0,0
1327,1333,246,155,126,437,6,0,0
1328,1333,246,155,126,437,6,0,0
1329,1333,246,154,126,437,6,0,0
1330,1333,246,154,126,437,6,0,0
1331,1333,246,154,126,437,6,0,0
1332,1333,246,155,126,437,6,0,0
1333,1333,246,155,126,437,6,0,0
1334,1333,246,155,126,437,6,0,0
1335,1333,246,155,126,437,6,0,0
1336,1332,246,156,126,437,6,0,0
1337,1332,246,156,126,437,6,0,0
1338,1332,246,156,126,437,6,0,0
1339,1333,246,155,126,437,6,0,0
1340,1333,246,155,126,437,6,0,0
1341,1333,246,155,126,437,6,0,0
1342,1333,246,155,126,437,6,0,0
1343,1332,246,155,126,437,6,0,0
1344,1333,246,155,126,437,6,0,0
1345,1333,246,155,127,437,6,0,0
1346,1333,246,155,127,437,6,0,0
1347,1333,246,155,127,437,6,0,0
1348,1332,246,157,127,437,6,0,0
1349,1332,246,156,127,437,6,0,0
1350,1332,246,157,127,437,6,0,0
1351,1332,246,156,127,437,6,0,0
1352,1332,246,156,127,437,6,0,0
1353,1332,246,156,127,437,6,0,0
1354,1332,246,156,127,437,6,0,0
1355,1332,246,156,127,437,6,0,0
1356,1333,247,155,127,437,6,0,0
1357,1333,246,155,127,437,6,0,0
1358,1333,246,155,127,437,6,0,0
1359,1333,246,155,127,437,6,0,0
1360,1333,246,155,127,437,6,0,0
1361,1334,246,155,127,437,6,0,0
1362,1334,246,155,127,437,6,0,0
1363,1334,247,155,127,437,6,0,0
1364,1334,247,154,126,437,6,0,0
1365,1335,247,153,126,437,6,0,0
1366,1335,247,153,126,437,6,0,0
1367,1335,247,153,126,437,6,0,0
1368,1334,247,154,126,437,6,0,0
1369,1334,247,154,126,437,6,0,0
1370,1334,247,154,125,437,6,0,0
1371,1334,247,153,125,437,6,0,0
1372,1334,247,153,125,437,6,0,0
1373,1334,247,154,126,437,6,0,0
1374,1334,247,154,126,437,6,0,0
1375,1334,247,154,125,437,6,0,0
1376,1334,247,153,125,437,6,0,0
1377,1334,247,154,126,437,6,0,0
1378,1334,247,154,126,437,6,0,0
1379,1334,247,154,126,437,6,0,0
1380,1334,247,154,126,437,6,0,0
1381,1334,247,154,126,437,6,0,0
1382,1334,247,154,126,437,6,0,0
1383,1334,247,154,126,437,6,0,0
1384,1334,246,154,126,437,6,0,0
1385,1334,246,154,126,437,6,0,0
1386,1334,247,154,126,437,6,0,0
1387,1334,247,154,126,437,6,0,0
1388,1333,247,156,126,437,6,0,0
1389,1333,247,156,126,437,6,0,0
1390,1333,246,156,127,437,6,0,0
1391,1333,247,156,127,437,6,0,0
1392,1334,247,156,126,437,6,0,0
1393,1334,247,156,127,437,6,0,0
1394,1334,247,155,126,437,6,0,0
1395,1334,247,155,127,437,6,0,0
1396,1334,247,155,127,437,6,0,0
1397,1333,247,155,126,437,6,0,0
1398,1333,247,154,126,437,6,0,0
1399,1333,247,155,127,437,6,0,0
1400,1333,247,155,127,437,6,0,0
1401,1333,247,155,126,437,6,0,0
1402,1333,247,155,126,437,6,0,0
1403,1334,247,154,126,437,6,0,0
1404,1334,247,154,126,437,6,0,0
1405,1334,247,154,126,437,6,0,0
1406,1334,247,154,126,437,6,0,0
1407,1334,247,154,126,437,6,0,0
1408,1334,247,153,126,437,6,0,0
1409,1334,247,153,126,437,6,0,0
1410,1334,247,153,126,437,6,0,0
1411,1334,247,153,126,437,6,0,0
1412,1334,247,153,126,437,6,0,0
1413,1334,247,153,126,437,6,0,0
1414,1334,247,153,125,437,6,0,0
1415,1334,247,153,125,437,6,0,0
1416,1334,247,154,125,437,6,0,0
1417,1334,247,154,125,437,6,0,0
1418,1334,247,154,126,437,6,0,0
1419,1333,247,154,126,437,6,0,0
1420,1333,247,154,126,437,6,0,0
1421,1334,247,154,126,437,6,0,0
1422,1334,247,154,126,437,6,0,0
1423,1334,247,154,125,437,6,0,0
1424,1333,247,154,125,437,6,0,1
1425,1333,247,155,125,437,6,0,1
1426,1333,247,155,125,437,6,0,1
1427,1333,247,155,125,437,6,0,0
1428,1333,247,154,125,437,6,0,0
1429,1333,247,154,125,437,6,0,0
1430,1334,247,153,126,437,6,0,0
1431,1334,247,153,125,437,6,0,0
1432,1334,247,154,125,437,6,0,0
1433,1334,247,153,125,437,6,0,0
1434,1334,247,154,125,437,6,0,0
1435,1334,247,153,125,437,6,0,0
1436,1334,247,153,126,437,6,0,0
1437,1333,247,154,125,437,6,0,0
1438,1333,247,154,126,437,6,0,0
1439,1333,247,154,126,437,6,0,0
1440,1333,247,155,126,437,6,0,0
1441,1333,247,155,125,437,6,0,0
1442,1333,247,155,126,437,6,0,0
1443,1333,247,155,126,437,6,0,0
1444,1333,247,155,125,437,6,0,0
1445,1333,247,155,125,437,6,0,0
1446,1333,247,155,125,437,6,0,0
1447,1333,247,155,125,437,6,0,0
1448,1333,247,155,125,437,6,0,0
1449,1333,247,155,125,437,6,0,0
1450,1332,247,156,125,437,6,0,0
1451,1332,247,155,125,437,6,0,0
1452,1333,247,154,125,437,6,0,0
1453,1333,247,154,125,437,6,0,0
1454,1334,247,154,125,437,6,0,0
1455,1333,247,154,125,437,6,0,0
1456,1333,247,154,125,437,6,0,0
1457,1333,247,154,125,437,6,0,0
1458,1333,247,154,125,437,6,0,0
1459,1333,247,154,125,437,6,0,0
1460,1333,247,154,125,437,6,0,0
1461,1333,247,154,125,437,6,0,0
1462,1333,247,155,124,437,6,0,1
1463,1332,247,156,126,437,6,0,2
1464,1332,247,156,127,437,6,0,3
1465,1333,247,156,127,437,6,0,3
1466,1333,247,156,127,437,6,0,3
1467,1333,247,155,127,437,6,0,2
1468,1333,247,155,127,437,6,0,1
1469,1333,247,155,126,437,6,0,0
1470,1333,247,155,126,437,6,0,0
1471,1333,247,154,126,437,6,0,0
1472,1333,246,154,127,437,6,0,0
1473,1333,247,154,127,437,6,0,0
1474,1333,246,154,127,437,6,0,0
1475,1333,246,154,127,437,6,0,0
1476,1333,246,154,127,437,6,0,0
1477,1333,246,155,127,437,6,0,0
1478,1333,246,154,127,437,6,0,0
1479,1333,246,155,127,437,6,0,0
1480,1333,246,154,127,437,6,0,0
1481,1333,247,155,127,437,6,0,0
1482,1333,246,155,127,437,6,0,0
1483,1333,246,155,127,437,6,0,0
1484,1333,246,155,127,437,6,0,0
1485,1332,247,155,127,437,6,0,0
1486,1332,247,155,127,437,6,0,0
1487,1333,247,155,127,437,6,0,0
1488,1333,247,155,127,437,6,0,0
1489,1332,246,156,127,437,6,0,0
1490,1332,247,156,126,437,6,0,0
1491,1333,247,155,127,437,6,0,0
1492,1333,247,155,126,437,6,0,0
1493,1333,247,155,126,437,6,0,0
1494,1333,247,155,126,437,6,0,0
1495,1333,247,155,126,437,6,0,0
1496,1333,247,155,126,437,6,0,0
1497,1333,247,155,126,437,6,0,0
1498,1333,247,156,126,437,6,0,0
1499,1332,247,156,125,437,6,0,0
1500,1333,247,155,126,437,6,0,0
1501,1333,247,154,126,437,6,0,0
1502,1333,247,154,126,437,6,0,0
1503,1333,246,155,126,437,6,0,0
1504,1333,246,155,126,437,6,0,0
1505,1333,246,154,126,437,6,0,0
1506,1334,246,154,127,437,6,0,0
1507,1333,246,153,126,437,6,0,0
1508,1334,246,153,126,437,6,0,0
1509,1333,246,154,126,437,6,0,0
1510,1334,246,153,126,437,6,0,0
1511,1334,246,153,126,437,6,0,0
1512,1334,246,153,126,437,6,0,0
1513,1334,247,153,126,437,6,0,0
1514,1333,247,154,126,437,6,0,0
1515,1333,247,154,126,437,6,0,0
1516,1333,247,154,126,437,6,0,0
1517,1334,247,154,126,437,6,0,0
1518,1334,247,154,126,437,6,0,0
1519,1334,247,155,126,437,6,0,0
1520,1333,247,156,126,437,6,0,0
1521,1334,247,155,126,437,6,0,0
1522,1333,247,155,126,437,6,0,0
1523,1334,247,155,126,437,6,0,0
1524,1333,247,155,126,437,6,0,0
1525,1334,246,155,127,437,6,0,0
1526,1333,246,155,127,437,6,0,0
1527,1333,246,155,127,437,6,0,0
1528,1334,246,155,127,437,6,0,1
1529,1334,247,154,126,437,6,0,1
1530,1334,246,155,126,437,6,0,2
1531,1334,246,155,126,437,6,0,2
1532,1334,246,154,126,437,6,0,2
1533,1334,246,155,126,437,6,0,1
1534,1333,246,155,126,437,6,0,1
1535,1333,246,155,126,437,6,0,1
1536,1333,246,155,127,437,6,0,2
1537,1333,246,154,128,437,6,0,3
1538,1333,246,155,127,437,6,0,2
1539,1333,246,155,127,437,6,0,2
1540,1333,246,154,127,437,6,0,1
1541,1334,246,154,127,437,6,0,1
1542,1334,246,154,127,437,6,0,0
1543,1334,246,154,127,437,6,0,0
1544,1333,246,154,126,437,6,0,0
1545,1333,246,155,127,437,6,0,0
1546,1333,246,155,126,437,6,0,0
1547,1334,246,154,127,437,6,0,0
1548,1333,246,155,126,437,6,0,0
1549,1334,246,154,127,437,6,0,0
1550,1334,246,154,127,437,6,0,0
1551,1334,246,154,127,437,6,0,0
1552,1334,246,154,127,437,6,0,1
1553,1334,246,154,127,437,6,0,1
1554,1334,246,155,128,437,6,0,1
1555,1334,246,155,128,437,6,0,1
1556,1334,246,155,128,437,6,0,1
1557,1333,246,155,128,437,6,0,1
1558,1332,246,156,129,437,6,0,1
1559,1332,246,157,128,437,6,0,0
1560,1333,246,155,128,437,6,0,0
1561,1333,246,155,128,437,6,0,0
1562,1334,246,155,128,437,6,0,0
1563,1334,247,154,127,437,6,0,1
1564,1334,247,154,127,437,6,0,1
1565,1334,246,154,127,437,6,0,2
1566,1334,246,155,127,437,6,0,2
1567,1334,246,154,127,437,6,0,1
1568,1334,246,154,127,437,6,0,1
1569,1334,246,154,127,437,6,0,1
1570,1333,246,155,127,437,6,0,1
1571,1333,247,155,127,437,6,0,1
1572,1334,247,154,127,437,6,0,1
1573,1334,247,154,126,437,6,0,1
1574,1333,246,155,126,437,6,0,1
1575,1333,246,155,126,437,6,0,1
1576,1333,246,155,126,437,6,0,1
1577,1334,246,155,126,437,6,0,2
1578,1333,246,155,126,437,6,0,1
1579,1333,246,155,126,437,6,0,1
1580,1333,246,155,126,437,6,0,0
1581,1333,246,156,126,437,6,0,0
1582,1333,246,156,126,437,6,0,1
1583,1333,246,155,126,437,6,0,2
1584,1332,246,157,129,437,6,0,3
1585,1332,246,157,129,437,6,0,2
1586,1332,245,157,129,437,6,0,2
1587,1332,245,157,128,437,6,0,1
1588,1332,245,157,128,437,6,0,1
1589,1332,245,157,128,437,6,0,1
1590,1332,245,157,128,437,6,0,2
1591,1333,245,157,128,437,6,0,1
1592,1332,245,157,128,437,6,0,1
1593,1332,245,157,128,437,6,0,0
1594,1332,246,156,127,437,6,0,0
1595,1333,246,156,127,437,6,0,0
1596,1333,246,155,128,437,6,0,0
1597,1333,246,154,128,437,6,0,0
1598,1333,246,155,127,437,6,0,0
1599,1333,246,155,127,437,6,0,0
1600,1333,246,154,127,437,6,0,0
1601,1333,246,155,127,437,6,0,0
1602,1334,246,154,127,437,6,0,0
1603,1334,246,154,127,437,6,0,0
1604,1333,246,154,127,437,6,0,0
1605,1333,246,154,127,437,6,0,0
1606,1333,246,154,128,437,6,0,0
1607,1333,246,154,127,437,6,0,0
1608,1333,246,155,127,437,6,0,0
1609,1333,246,155,126,437,6,0,0
1610,1332,246,156,127,437,6,0,0
1611,1332,246,156,127,437,6,0,0
1612,1332,246,155,127,437,6,0,0
1613,1332,246,155,127,437,6,0,0
1614,1333,246,155,127,437,6,0,0
1615,1333,246,155,127,437,6,0,0
1616,1333,246,155,127,437,6,0,0
1617,1333,246,155,127,437,6,0,0
1618,1333,246,156,128,437,6,0,1
1619,1333,246,156,127,437,6,0,0
1620,1334,246,155,128,437,6,0,0
1621,1333,246,155,128,437,6,0,0
1622,1333,246,155,127,437,6,0,0
1623,1333,246,155,127,437,6,0,0
1624,1333,246,156,127,437,6,0,0
1625,1332,246,157,127,437,6,0,0
1626,1332,246,157,127,437,6,0,0
1627,1332,246,156,127,437,6,0,0
1628,1332,246,156,127,437,6,0,0
1629,1333,246,156,127,437,6,0,0
1630,1333,246,156,128,437,6,0,0
1631,1333,246,155,128,437,6,0,0
1632,1334,245,154,128,437,6,0,0
1633,1334,245,154,128,437,6,0,0
1634,1333,245,154,128,437,6,0,0
1635,1333,245,154,128,437,6,0,0
1636,1333,245,154,128,437,6,0,0
1637,1333,245,154,128,437,6,0,0
1638,1334,246,154,127,437,6,0,0
1639,1334,246,154,127,437,6,0,0
1640,1333,246,155,128,437,6,0,0
1641,1334,246,154,127,437,6,0,0
1642,1333,246,155,128,437,6,0,0
1643,1334,245,154,128,437,6,0,0
1644,1334,246,154,127,437,6,0,0
1645,1334,246,154,127,437,6,0,0
1646,1334,246,154,127,437,6,0,0
1647,1334,246,154,127,437,6,0,0
1648,1334,246,154,127,437,6,0,0
1649,1334,246,154,127,437,6,0,0
1650,1333,246,155,127,437,6,0,0
1651,1333,246,155,127,437,6,0,0
1652,1333,246,155,127,437,6,0,0
1653,1333,246,155,127,437,6,0,0
1654,1333,246,155,127,437,6,0,0
1655,1333,246,155,127,437,6,0,0
1656,1335,246,153,127,437,6,0,0
1657,1335,246,153,127,437,6,0,0
1658,1335,246,153,127,437,6,0,0
1659,1335,246,153,127,437,6,0,0
1660,1335,246,153,127,437,6,0,0
1661,1335,246,153,127,437,6,0,0
1662,1335,246,153,127,437,6,0,0
1663,1335,246,153,127,437,6,0,0
1664,1335,246,153,127,437,6,0,0
1665,1335,246,153,127,437,6,0,0
1666,1335,246,153,127,437,6,0,0
1667,1335,246,153,127,437,6,0,0
1668,1335,246,153,127,437,6,0,0
1669,1335,246,152,127,437,6,0,0
1670,1335,246,153,127,437,6,0,0
1671,1334,246,153,127,437,6,0,0
1672,1334,246,153,127,437,6,0,0
1673,1334,246,153,127,437,6,0,0
1674,1334,246,154,127,437,6,0,0
1675,1334,246,154,127,437,6,0,0
1676,1334,246,154,127,437,6,0,0
1677,1334,246,154,127,437,6,0,0
1678,1334,246,155,127,437,6,0,0
1679,1334,246,154,127,437,6,0,0
1680,1333,246,155,127,437,6,0,0
1681,1333,246,156,127,437,6,0,0
1682,1333,246,156,127,437,6,0,0
1683,1333,246,155,127,437,6,0,0
1684,1333,246,156,127,437,6,0,0
1685,1333,246,156,127,437,6,0,0
1686,1333,246,156,127,437,6,0,0
1687,1334,246,155,127,437,6,0,0
1688,1334,246,155,127,437,6,0,0
1689,1333,246,156,127,437,6,0,0
1690,1334,246,156,127,437,6,0,0
1691,1333,245,156,128,437,6,0,0
1692,1334,245,154,128,437,6,0,0
1693,1334,245,154,128,437,6,0,0
1694,1333,246,156,127,437,6,0,0
1695,1333,246,156,127,437,6,0,0
1696,1333,246,156,127,437,6,0,0
1697,1333,246,156,127,437,6,0,0
1698,1333,246,156,128,437,6,0,0
1699,1333,245,155,128,437,6,0,0
1700,1334,245,154,127,437,6,0,0
1701,1334,245,154,127,437,6,0,0
1702,1333,246,155,127,437,6,0,0
1703,1333,246,155,127,437,6,0,0
1704,1334,245,154,128,437,6,0,0
1705,1333,246,155,127,437,6,0,0
1706,1333,246,155,127,437,6,0,0
1707,1333,246,156,127,437,6,0,0
1708,1334,245,155,128,437,6,0,0
1709,1334,245,155,128,437,6,0,0
1710,1334,246,154,126,437,6,0,0
1711,1335,246,154,126,437,6,0,0
1712,1335,246,154,126,437,6,0,0
1713,1335,246,153,126,437,6,0,0
1714,1335,249,155,124,437,6,0,0
1715,1335,248,154,125,437,6,0,0
1716,1336,247,153,126,437,6,0,1
1717,1336,247,153,126,437,6,0,1
1718,1335,247,153,126,437,6,0,1
1719,1335,248,153,126,437,6,0,1
1720,1336,247,152,126,437,6,0,0
1721,1335,246,153,127,437,6,0,0
1722,1335,247,153,126,437,6,0,0
1723,1334,247,154,126,437,6,0,0
1724,1335,248,153,125,437,6,0,0
1725,1335,247,153,126,437,6,0,0
1726,1334,247,154,126,437,6,0,0
1727,1335,247,153,126,437,6,0,0
1728,1335,247,153,126,437,6,0,0
1729,1335,247,154,126,437,6,0,0
1730,1334,247,154,126,437,6,0,0
1731,1334,247,155,125,437,6,0,0
1732,1334,248,155,126,437,6,0,0
1733,1334,247,154,126,437,6,0,0
1734,1334,248,155,125,437,6,0,0
1735,1334,247,156,126,437,6,0,0
1736,1333,247,156,127,437,6,0,0
1737,1334,247,155,127,437,6,0,1
1738,1335,247,154,126,437,6,0,1
1739,1335,249,156,126,437,6,0,2
1740,1335,248,155,126,437,6,0,1
1741,1335,249,155,126,437,6,0,1
1742,1335,249,154,125,437,6,0,1
1743,1335,249,155,125,437,6,0,1
1744,1334,248,155,127,437,6,0,1
1745,1333,248,155,126,437,6,0,1
1746,1333,248,155,125,437,6,0,1
1747,1333,248,155,125,437,6,0,1
1748,1333,248,155,125,437,6,0,1
1749,1333,249,156,125,437,6,0,1
1750,1334,248,154,125,437,6,0,1
1751,1334,247,154,126,437,6,0,1
1752,1334,247,154,126,437,6,0,0
1753,1333,247,155,126,437,6,0,1
1754,1334,247,154,126,437,6,0,1
1755,1335,247,153,126,437,6,0,1
1756,1334,247,154,127,437,6,0,0
1757,1334,247,154,127,437,6,0,0
1758,1334,247,155,126,437,6,0,0
1759,1333,247,155,127,437,6,0,1
1760,1333,248,155,126,437,6,0,1
1761,1333,248,155,126,437,6,0,1
1762,1334,248,154,126,437,6,0,1
1763,1335,248,153,126,437,6,0,0
1764,1335,248,152,126,437,6,0,0
1765,1335,248,152,126,437,6,0,0
1766,1335,248,152,125,437,6,0,1
1767,1335,248,152,125,437,6,0,1
1768,1335,247,152,126,437,6,0,1
1769,1335,246,152,127,437,6,0,1
1770,1333,247,154,126,437,6,0,0
1771,1333,248,153,125,437,6,0,0
1772,1335,248,152,126,437,6,0,0
1773,1334,248,153,125,437,6,0,0
1774,1335,248,153,125,437,6,0,0
1775,1334,248,153,125,437,6,0,0
1776,1334,248,153,125,437,6,0,0
1777,1334,248,153,125,437,6,0,0
1778,1334,248,153,125,437,6,0,0
1779,1334,248,154,125,437,6,0,1
1780,1333,248,155,126,437,6,0,2
1781,1332,248,155,127,437,6,0,2
1782,1332,248,156,126,437,6,0,1
1783,1334,248,154,126,437,6,0,2
1784,1333,249,155,126,437,6,0,2
1785,1333,249,155,126,437,6,0,2
1786,1333,249,155,126,437,6,0,1
1787,1333,248,155,126,437,6,0,1
1788,1333,249,154,126,437,6,0,1
1789,1334,249,154,126,437,6,0,0
1790,1332,249,155,126,437,6,0,0
1791,1333,249,155,126,437,6,0,0
1792,1333,249,154,126,437,6,0,0
1793,1334,248,153,127,437,6,0,1
1794,1333,249,154,125,437,6,0,1
1795,1333,247,154,126,437,6,0,2
1796,1333,248,154,126,437,6,0,3
1797,1333,247,154,126,437,6,0,4
1798,1333,247,154,126,437,6,0,3
1799,1334,247,153,126,437,6,0,2
1800,1333,248,155,125,437,6,0,2
1801,1331,249,157,126,437,6,0,2
1802,1331,249,157,126,437,6,0,2
1803,1331,249,157,126,437,6,0,3
1804,1329,249,159,126,437,6,0,3
1805,1331,249,157,127,437,6,0,3
1806,1330,249,158,127,437,6,0,2
1807,1331,249,157,125,437,6,0,1
1808,1331,249,158,125,437,6,0,0
1809,1332,249,157,127,437,6,0,0
1810,1336,250,154,125,437,6,0,0
1811,1336,250,154,125,437,6,0,0
1812,1336,250,154,125,437,6,0,0
1813,1336,250,154,124,437,6,0,0
1814,1335,249,154,125,437,6,0,1
1815,1334,248,155,126,437,6,0,2
1816,1333,248,155,125,437,6,0,2
1817,1333,248,155,125,437,6,0,2
1818,1332,248,156,125,437,6,0,2
1819,1334,248,154,126,437,6,0,2
1820,1333,247,154,126,437,6,0,1
1821,1334,246,154,127,437,6,0,0
1822,1333,246,155,127,437,6,0,0
1823,1331,246,156,127,437,6,0,1
1824,1330,246,157,127,437,6,0,1
1825,1331,246,156,126,437,6,0,1
1826,1331,246,156,126,437,6,0,1
1827,1331,246,156,126,437,6,0,1
1828,1331,246,156,126,437,6,0,1
1829,1332,246,155,126,437,6,0,0
1830,1332,246,155,126,437,6,0,0
1831,1332,246,155,126,437,6,0,0
1832,1333,246,155,127,437,6,0,0
1833,1333,246,155,126,437,6,0,0
1834,1332,248,156,125,437,6,0,1
1835,1332,248,156,125,437,6,0,1
1836,1334,248,155,125,437,6,0,1
1837,1333,248,155,125,437,6,0,1
1838,1331,248,157,126,437,6,0,1
1839,1331,247,158,127,437,6,0,1
1840,1333,247,155,125,437,6,0,0
1841,1334,247,154,126,437,6,0,0
1842,1334,247,154,126,437,6,0,0
1843,1334,247,154,126,437,6,0,0
1844,1334,247,153,127,437,6,0,0
1845,1333,246,154,127,437,6,0,0
1846,1332,246,156,126,437,6,0,0
1847,1332,246,156,127,437,6,0,0
1848,1332,246,155,127,437,6,0,1
1849,1333,246,155,127,437,6,0,1
1850,1334,246,153,126,437,6,0,2
1851,1334,246,153,126,437,6,0,1
1852,1334,246,153,126,437,6,0,1
1853,1334,246,153,126,437,6,0,1
1854,1334,246,153,126,437,6,0,0
1855,1333,246,154,126,437,6,0,0
1856,1331,246,157,126,437,6,0,0
1857,1331,246,157,126,437,6,0,0
1858,1332,246,156,127,437,6,0,0
1859,1333,246,155,126,437,6,0,0
1860,1335,246,152,126,437,6,0,0
1861,1335,246,152,126,437,6,0,0
1862,1335,246,152,126,437,6,0,0
1863,1336,246,151,126,437,6,0,0
1864,1335,247,152,125,437,6,0,0
1865,1334,246,153,126,437,6,0,0
1866,1334,246,153,126,437,6,0,0
1867,1334,246,154,126,437,6,0,0
1868,1335,246,153,126,437,6,0,0
1869,1335,246,153,126,437,6,0,0
1870,1335,246,152,126,437,6,0,0
1871,1334,246,153,126,437,6,0,0
1872,1335,246,152,125,437,6,0,0
1873,1335,246,152,126,437,6,0,0
1874,1335,246,152,125,437,6,0,0
1875,1335,246,152,125,437,6,0,0
1876,1335,246,152,125,437,6,0,0
1877,1335,246,152,125,437,6,0,0
1878,1335,246,152,125,437,6,0,0
1879,1335,246,152,125,437,6,0,0
1880,1335,246,153,126,437,6,0,0
1881,1334,245,153,126,437,6,0,0
1882,1334,246,153,126,437,6,0,0
1883,1334,246,154,126,437,6,0,1
1884,1334,246,154,126,437,6,0,1
1885,1333,246,155,126,437,6,0,1
1886,1333,246,155,127,437,6,0,1
1887,1334,246,154,127,437,6,0,1
1888,1334,246,154,127,437,6,0,1
1889,1333,246,154,127,437,6,0,1
1890,1333,246,154,127,437,6,0,0
1891,1333,245,154,127,437,6,0,0
1892,1333,246,155,126,437,6,0,0
1893,1334,246,154,126,437,6,0,0
1894,1333,246,154,127,437,6,0,0
1895,1333,246,155,126,437,6,0,0
1896,1332,246,156,126,437,6,0,0
1897,1333,246,156,126,437,6,0,0
1898,1332,246,156,126,437,6,0,0
1899,1332,246,156,126,437,6,0,0
1900,1333,246,155,127,437,6,0,0
1901,1333,246,155,126,437,6,0,0
1902,1333,246,155,126,437,6,0,0
1903,1334,246,155,126,437,6,0,0
1904,1333,247,155,126,437,6,0,0
1905,1333,246,155,126,437,6,0,0
1906,1333,246,156,126,437,6,0,0
1907,1332,246,156,127,437,6,0,0
1908,1333,246,155,127,437,6,0,0
1909,1333,246,155,127,437,6,0,0
1910,1332,245,156,127,437,6,0,0
1911,1332,245,155,127,437,6,0,0
1912,1332,245,156,126,437,6,0,0
1913,1332,245,156,127,437,6,0,0
1914,1332,246,155,127,437,6,0,0
1915,1333,245,155,127,437,6,0,0
1916,1333,246,155,127,437,6,0,1
1917,1333,246,155,127,437,6,0,1
1918,1333,246,155,127,437,6,0,1
1919,1333,246,155,126,437,6,0,0
1920,1333,246,155,126,437,6,0,0
1921,1333,246,156,126,437,6,0,1
1922,1333,246,155,126,437,6,0,1
1923,1333,246,155,126,437,6,0,1
1924,1333,246,155,126,437,6,0,1
1925,1333,246,155,126,437,6,0,0
1926,1333,246,155,127,437,6,0,0
1927,1332,246,156,126,437,6,0,0
1928,1333,246,155,127,437,6,0,0
1929,1332,246,156,127,437,6,0,0
1930,1332,246,156,126,437,6,0,0
1931,1333,246,155,126,437,6,0,0
1932,1332,246,156,126,437,6,0,0
1933,1332,246,156,126,437,6,0,0
1934,1332,246,156,126,437,6,0,0
1935,1332,246,156,126,437,6,0,0
1936,1332,246,156,126,437,6,0,0
1937,1332,246,156,126,437,6,0,0
1938,1332,246,156,126,437,6,0,0
1939,1332,246,156,126,437,6,0,0
1940,1332,246,156,126,437,6,0,0
1941,1331,245,157,126,437,6,0,0
1942,1332,246,157,126,437,6,0,0
1943,1332,246,157,126,437,6,0,0
1944,1333,246,155,126,437,6,0,0
1945,1333,246,156,126,437,6,0,1
1946,1333,246,155,127,437,6,0,1
1947,1333,246,156,127,437,6,0,1
1948,1334,246,154,127,437,6,0,1
1949,1332,246,156,127,437,6,0,0
1950,1333,246,156,126,437,6,0,0
1951,1334,246,155,126,437,6,0,0
1952,1334,246,155,127,437,6,0,0
1953,1334,246,155,126,437,6,0,0
1954,1333,246,155,126,437,6,0,0
1955,1333,246,156,127,437,6,0,0
1956,1333,246,155,126,437,6,0,0
1957,1333,246,155,126,437,6,0,0
1958,1333,246,155,126,437,6,0,0
1959,1333,246,155,126,437,6,0,0
1960,1333,246,156,126,437,6,0,0
1961,1333,246,156,126,437,6,0,0
1962,1332,246,156,126,437,6,0,0
1963,1333,246,156,126,437,6,0,0
1964,1333,246,155,126,437,6,0,0
1965,1333,246,156,126,437,6,0,0
1966,1333,246,156,126,437,6,0,0
1967,1333,247,156,126,437,6,0,0
1968,1333,246,155,126,437,6,0,0
1969,1334,246,155,126,437,6,0,0
1970,1334,246,154,126,437,6,0,0
1971,1333,246,155,125,437,6,0,0
1972,1332,246,156,125,437,6,0,0
1973,1333,246,155,125,437,6,0,1
1974,1333,246,155,125,437,6,0,1
1975,1332,246,156,125,437,6,0,1
1976,1332,246,156,125,437,6,0,1
1977,1333,246,155,124,437,6,0,1
1978,1333,246,155,124,437,6,0,1
1979,1333,246,155,124,437,6,0,0
1980,1332,246,156,125,437,6,0,0
1981,1333,246,155,124,437,6,0,0
1982,1332,246,156,125,437,6,0,0
1983,1332,246,156,125,437,6,0,1
1984,1331,246,156,125,437,6,0,2
1985,1330,246,158,126,437,6,0,2
1986,1332,246,157,126,437,6,0,2
1987,1334,246,155,126,437,6,0,2
1988,1333,246,155,126,437,6,0,1
1989,1333,246,156,126,437,6,0,1
1990,1335,246,154,126,437,6,0,0
1991,1334,246,154,126,437,6,0,0
1992,1335,246,153,127,437,6,0,0
1993,1335,246,153,126,437,6,0,0
1994,1335,246,153,126,437,6,0,0
1995,1335,246,152,125,437,6,0,0
1996,1335,246,153,125,437,6,0,1
1997,1335,246,152,126,437,6,0,1
1998,1335,246,153,126,437,6,0,1
1999,1335,246,153,125,437,6,0,1
2000,1336,246,152,126,437,6,0,0
2001,1336,246,152,126,437,6,0,1
2002,1335,246,152,126,437,6,0,0
2003,1335,246,151,126,437,6,0,0
2004,1334,246,153,126,437,6,0,0
2005,1334,246,153,126,437,6,0,0
2006,1335,246,153,126,437,6,0,1
2007,1336,246,152,127,437,6,0,1
2008,1336,246,151,127,437,6,0,1
2009,1336,245,152,127,437,6,0,0
2010,1336,246,152,127,437,6,0,0
2011,1336,246,152,127,437,6,0,0
2012,1336,246,152,126,437,6,0,0
2013,1336,246,152,126,437,6,0,0
2014,1336,246,152,127,437,6,0,0
2015,1336,246,153,127,437,6,0,0
2016,1337,246,151,127,437,6,0,0
2017,1336,245,151,127,437,6,0,0
2018,1336,245,152,127,437,6,0,0
2019,1336,245,152,127,437,6,0,1
2020,1335,245,152,126,437,6,0,1
2021,1335,245,152,127,437,6,0,1
2022,1335,245,152,127,437,6,0,1
2023,1335,245,152,126,437,6,0,0
2024,1335,246,152,126,437,6,0,0
2025,1335,246,152,126,437,6,0,0
2026,1336,245,151,126,437,6,0,0
2027,1336,245,151,127,437,6,0,0
2028,1336,245,151,126,437,6,0,0
2029,1336,246,152,126,437,6,0,0
2030,1336,245,153,127,437,6,0,0
2031,1335,246,153,127,437,6,0,1
2032,1335,246,153,127,437,6,0,1
2033,1335,246,153,127,437,6,0,1
2034,1336,246,152,127,437,6,0,1
2035,1335,246,153,127,437,6,0,1
2036,1335,246,153,127,437,6,0,1
2037,1335,245,153,127,437,6,0,1
2038,1335,245,153,127,437,6,0,1
2039,1335,245,152,127,437,6,0,1
2040,1335,245,153,127,437,6,0,2
2041,1335,245,152,126,437,6,0,2
2042,1334,245,153,127,437,6,0,2
2043,1334,245,154,127,437,6,0,2
2044,1334,245,154,126,437,6,0,2
2045,1334,245,153,126,437,6,0,2
2046,1334,245,153,126,437,6,0,1
2047,1334,245,154,126,437,6,0,0
2048,1334,245,154,126,437,6,0,0
2049,1334,245,154,126,437,6,0,0
2050,1334,245,154,126,437,6,0,0
2051,1334,245,154,127,437,6,0,0
2052,1334,245,153,127,437,6,0,1
2053,1334,245,153,127,437,6,0,1
2054,1334,245,154,127,437,6,0,1
2055,1334,245,154,127,437,6,0,1
2056,1334,245,153,127,437,6,0,0
2057,1335,245,153,127,437,6,0,0
2058,1335,245,153,127,437,6,0,0
2059,1334,245,153,127,437,6,0,0
2060,1334,245,154,127,437,6,0,0
2061,1334,245,154,127,437,6,0,0
2062,1333,245,155,127,437,6,0,0
2063,1333,245,155,127,437,6,0,0
2064,1334,246,154,126,437,6,0,0
2065,1334,246,154,126,437,6,0,0
2066,1334,246,154,126,437,6,0,0
2067,1334,246,154,126,437,6,0,0
2068,1333,246,155,125,437,6,0,0
2069,1334,246,154,125,437,6,0,1
2070,1333,246,154,125,437,6,0,1
2071,1333,246,155,125,437,6,0,1
2072,1334,246,154,125,437,6,0,1
2073,1333,246,154,125,437,6,0,0
2074,1334,246,153,126,437,6,0,0
2075,1333,246,154,126,437,6,0,1
2076,1333,246,154,126,437,6,0,1
2077,1334,246,154,126,437,6,0,1
2078,1334,246,154,126,437,6,0,1
2079,1334,246,154,126,437,6,0,1
2080,1334,246,154,126,437,6,0,0
2081,1334,246,154,126,437,6,0,0
2082,1333,245,155,127,437,6,0,0
2083,1333,245,155,127,437,6,0,0
2084,1333,245,155,127,437,6,0,0
2085,1333,245,156,126,437,6,0,1
2086,1332,245,156,126,437,6,0,0
2087,1333,245,155,126,437,6,0,0
2088,1334,246,155,126,437,6,0,0
2089,1333,246,156,125,437,6,0,0
2090,1333,246,156,125,437,6,0,0
2091,1333,246,156,125,437,6,0,0
2092,1333,246,156,125,437,6,0,0
2093,1333,246,156,125,437,6,0,0
2094,1333,246,156,125,437,6,0,0
2095,1333,246,156,126,437,6,0,0
2096,1334,246,155,126,437,6,0,0
2097,1333,246,156,126,437,6,0,0
2098,1333,246,155,126,437,6,0,0
2099,1333,246,156,126,437,6,0,0
2100,1333,246,155,126,437,6,0,0
2101,1333,246,155,125,437,6,0,1
2102,1333,246,155,125,437,6,0,1
2103,1333,246,155,125,437,6,0,1
2104,1334,246,154,126,437,6,0,0
2105,1334,246,155,126,437,6,0,0
2106,1334,246,154,126,437,6,0,0
2107,1333,246,155,126,437,6,0,0
2108,1333,246,155,126,437,6,0,0
2109,1333,246,155,126,437,6,0,0
2110,1332,246,156,125,437,6,0,0
2111,1332,246,157,125,437,6,0,1
2112,1333,245,154,126,437,6,0,0
2113,1334,245,154,126,437,6,0,0
2114,1333,245,155,126,437,6,0,0
2115,1333,246,155,125,437,6,0,0
2116,1333,246,154,125,437,6,0,0
2117,1332,246,156,126,437,6,0,0
2118,1332,246,156,125,437,6,0,0
2119,1331,246,156,126,437,6,0,0
2120,1330,246,158,126,437,6,0,0
2121,1332,246,157,125,437,6,0,0
2122,1327,246,161,125,437,6,0,0
2123,1331,246,157,126,437,6,0,2
2124,1330,246,159,126,437,6,0,2
2125,1329,246,160,130,437,6,0,3
2126,1329,246,160,127,437,6,0,1
2127,1326,246,163,126,437,6,0,1
2128,1329,246,160,125,437,6,0,0
2129,1332,246,156,125,437,6,0,2
2130,1331,246,157,125,437,6,0,3
2131,1332,246,156,126,437,6,0,3
2132,1330,246,157,125,437,6,0,2
2133,1328,246,160,126,437,6,0,1
2134,1329,246,159,125,437,6,0,0
2135,1331,246,156,125,437,6,0,0
2136,1332,246,155,125,437,6,0,0
2137,1333,246,155,125,437,6,0,0
2138,1333,246,154,125,437,6,0,0
2139,1334,246,154,125,437,6,0,0
2140,1334,246,154,125,437,6,0,0
2141,1335,246,153,125,437,6,0,1
2142,1334,247,154,125,437,6,0,1
2143,1334,246,154,126,437,6,0,1
2144,1333,246,155,126,437,6,0,1
2145,1333,246,156,126,437,6,0,1
2146,1333,246,155,126,437,6,0,1
2147,1333,246,156,127,437,6,0,1
2148,1333,246,156,127,437,6,0,1
2149,1332,246,156,127,437,6,0,1
2150,1333,246,155,127,437,6,0,1
2151,1333,246,155,127,437,6,0,1
2152,1333,246,156,127,437,6,0,1
2153,1332,246,157,127,437,6,0,0
2154,1333,246,156,127,437,6,0,0
2155,1333,246,156,127,437,6,0,0
2156,1334,246,155,127,437,6,0,0
2157,1335,246,154,127,437,6,0,0
2158,1334,246,154,127,437,6,0,0
2159,1335,246,154,128,437,6,0,0
2160,1333,246,156,127,437,6,0,0
2161,1333,246,156,126,437,6,0,0
2162,1332,246,158,127,437,6,0,0
2163,1332,246,157,127,437,6,0,0
2164,1331,246,158,126,437,6,0,0
2165,1332,246,157,127,437,6,0,1
2166,1332,246,157,127,437,6,0,0
2167,1331,246,158,128,437,6,0,1
2168,1332,246,157,127,437,6,0,1
2169,1333,246,156,127,437,6,0,1
2170,1333,246,155,127,437,6,0,0
2171,1333,246,156,127,437,6,0,0
2172,1335,246,153,128,437,6,0,1
2173,1336,246,153,129,437,6,0,1
2174,1335,246,154,129,437,6,0,1
2175,1335,245,154,128,437,6,0,0
2176,1335,246,153,128,437,6,0,0
2177,1336,246,152,128,437,6,0,0
2178,1336,246,153,128,437,6,0,0
2179,1335,246,153,128,437,6,0,0
2180,1334,246,154,127,437,6,0,0
2181,1333,245,155,127,437,6,0,0
2182,1331,246,158,127,437,6,0,0
2183,1331,246,157,127,437,6,0,1
2184,1332,245,156,127,437,6,0,2
2185,1332,245,157,127,437,6,0,2
2186,1331,245,157,127,437,6,0,1
2187,1331,246,157,127,437,6,0,0
2188,1333,246,156,127,437,6,0,0
2189,1332,246,156,127,437,6,0,0
2190,1333,246,156,127,437,6,0,0
2191,1333,246,155,127,437,6,0,0
2192,1333,246,156,127,437,6,0,0
2193,1333,246,156,127,437,6,0,0
2194,1333,247,156,127,437,6,0,0
2195,1334,247,155,126,437,6,0,0
2196,1335,247,154,126,437,6,0,0
2197,1335,247,155,126,437,6,0,0
2198,1335,247,154,126,437,6,0,0
2199,1335,247,155,126,437,6,0,0
2200,1335,247,154,126,437,6,0,0
2201,1335,247,154,126,437,6,0,0
2202,1335,247,155,126,437,6,0,0
2203,1335,246,155,126,437,6,0,0
2204,1335,247,154,126,437,6,0,0
2205,1335,247,154,126,437,6,0,0
2206,1335,247,154,126,437,6,0,0
2207,1334,246,155,126,437,6,0,0
2208,1333,246,156,126,437,6,0,0
2209,1333,246,157,126,437,6,0,0
2210,1332,246,158,127,437,6,0,0
2211,1332,246,157,126,437,6,0,0
2212,1333,246,156,127,437,6,0,1
2213,1332,246,156,127,437,6,0,1
2214,1332,246,156,127,437,6,0,0
2215,1333,245,156,127,437,6,0,0
2216,1332,245,156,127,437,6,0,0
2217,1333,245,155,127,437,6,0,0
2218,1333,245,155,127,437,6,0,0
2219,1332,245,156,128,437,6,0,0
2220,1332,245,156,127,437,6,0,0
2221,1332,245,155,127,437,6,0,0
2222,1333,245,155,127,437,6,0,0
2223,1333,245,155,127,437,6,0,0
2224,1333,245,155,127,437,6,0,0
2225,1333,245,155,127,437,6,0,0
2226,1333,245,155,127,437,6,0,0
2227,1333,245,155,127,437,6,0,0
2228,1333,245,155,127,437,6,0,0
2229,1333,245,155,127,437,6,0,0
2230,1333,245,155,127,437,6,0,0
2231,1333,245,155,127,437,6,0,0
2232,1333,245,155,127,437,6,0,0
2233,1333,246,155,127,437,6,0,0
2234,1333,246,155,126,437,6,0,0
2235,1332,245,155,127,437,6,0,0
2236,1333,246,154,126,437,6,0,0
2237,1333,246,155,126,437,6,0,0
2238,1333,246,154,126,437,6,0,0
2239,1333,246,154,126,437,6,0,0
2240,1333,246,155,126,437,6,0,0
2241,1333,246,155,126,437,6,0,0
2242,1333,246,155,126,437,6,0,0
2243,1333,246,155,126,437,6,0,0
2244,1333,246,154,125,437,6,0,0
2245,1333,246,154,125,437,6,0,0
2246,1333,246,154,126,437,6,0,0
2247,1333,246,154,125,437,6,0,0
2248,1333,246,154,125,437,6,0,0
2249,1333,246,154,126,437,6,0,0
2250,1333,245,155,126,437,6,0,0
2251,1333,245,154,127,437,6,0,0
2252,1332,246,155,126,437,6,0,0
2253,1332,246,155,126,437,6,0,1
2254,1332,246,155,126,437,6,0,1
2255,1332,246,155,126,437,6,0,1
2256,1332,246,157,126,437,6,0,0
2257,1332,246,157,126,437,6,0,0
2258,1332,246,157,126,437,6,0,0
2259,1332,246,157,126,437,6,0,0
2260,1332,246,157,126,437,6,0,0
2261,1332,246,157,126,437,6,0,0
2262,1330,246,160,127,437,6,0,0
2263,1330,246,160,126,437,6,0,0
2264,1331,246,159,126,437,6,0,0
2265,1332,246,158,126,437,6,0,0
2266,1331,246,158,126,437,6,0,0
2267,1331,246,159,127,437,6,0,0
2268,1332,246,157,127,437,6,0,0
2269,1332,246,157,127,437,6,0,0
2270,1333,246,156,126,437,6,0,0
2271,1331,246,158,127,437,6,0,0
2272,1331,246,158,127,437,6,0,0
2273,1331,246,157,127,437,6,0,0
2274,1332,246,157,127,437,6,0,0
2275,1332,246,157,127,437,6,0,0
2276,1332,246,157,127,437,6,0,0
2277,1332,246,156,127,437,6,0,0
2278,1332,246,155,127,437,6,0,0
2279,1332,246,156,127,437,6,0,0
2280,1333,245,155,127,437,6,0,0
2281,1333,245,155,127,437,6,0,0
2282,1333,246,156,126,437,6,0,0
2283,1333,246,156,127,437,6,0,0
2284,1333,246,156,126,437,6,0,0
2285,1333,246,156,126,437,6,0,0
2286,1334,246,155,126,437,6,0,0
2287,1334,246,155,126,437,6,0,0
2288,1333,246,155,126,437,6,0,0
2289,1333,246,155,126,437,6,0,0
2290,1334,246,155,126,437,6,0,0
2291,1334,246,155,126,437,6,0,0
2292,1334,246,155,125,437,6,0,0
2293,1334,246,155,125,437,6,0,0
2294,1334,247,155,125,437,6,0,0
2295,1333,247,156,126,437,6,0,1
2296,1333,247,156,126,437,6,0,1
2297,1332,247,157,126,437,6,0,1
2298,1333,247,156,126,437,6,0,1
2299,1333,247,155,125,437,6,0,1
2300,1333,247,155,125,437,6,0,0
2301,1333,247,155,126,437,6,0,0
2302,1332,247,156,126,437,6,0,0
2303,1332,247,157,127,437,6,0,0
2304,1333,247,156,127,437,6,0,0
2305,1332,247,156,126,437,6,0,0
2306,1333,247,156,125,437,6,0,0
2307,1333,247,155,125,437,6,0,0
2308,1333,247,155,125,437,6,0,1
2309,1332,247,155,125,437,6,0,1
2310,1332,247,156,125,437,6,0,1
2311,1331,247,157,125,437,6,0,1
2312,1332,247,157,126,437,6,0,1
2313,1333,247,157,126,437,6,0,1
2314,1333,247,157,126,437,6,0,0
2315,1333,247,156,126,437,6,0,0
2316,1333,246,156,126,437,6,0,0
2317,1333,246,156,126,437,6,0,0
2318,1332,247,157,126,437,6,0,0
2319,1332,247,157,126,437,6,0,0
2320,1334,247,155,126,437,6,0,0
2321,1334,247,156,125,437,6,0,1
2322,1333,247,156,126,437,6,0,1
2323,1333,247,157,127,437,6,0,1
2324,1333,247,156,126,437,6,0,0
2325,1333,247,157,126,437,6,0,0
2326,1333,247,157,126,437,6,0,0
2327,1333,247,156,126,437,6,0,0
2328,1333,247,157,126,437,6,0,0
2329,1333,247,157,126,437,6,0,0
2330,1333,247,157,126,437,6,0,0
2331,1333,247,156,126,437,6,0,0
0,648,244,151,118,438,9,0,5
1,648,244,151,119,438,9,0,4
2,648,244,152,120,438,9,0,3
3,648,244,151,119,438,9,0,2
4,649,245,151,119,438,9,0,1
5,649,244,151,119,438,9,0,1
6,648,245,151,119,438,9,0,0
7,648,245,151,119,438,9,0,0
8,648,245,151,119,438,9,0,0
9,648,245,151,118,438,9,0,0
10,648,245,150,118,438,9,0,0
11,648,245,150,118,438,9,0,0
12,649,245,150,118,438,9,0,0
13,649,245,151,118,438,9,0,0
14,649,245,151,119,438,9,0,0
15,649,245,151,118,438,9,0,0
16,649,245,152,118,438,9,0,0
17,649,245,150,119,438,9,0,0
18,649,244,150,119,438,9,0,0
19,649,244,151,119,438,9,0,0
20,648,244,151,119,438,9,0,0
21,648,244,151,119,438,9,0,0
22,648,244,151,119,438,9,0,0
23,648,244,151,119,438,9,0,0
24,648,244,152,119,438,9,0,0
25,648,244,152,120,438,9,0,0
26,648,244,151,119,438,9,0,0
27,648,244,152,119,438,9,0,0
28,648,244,151,119,438,9,0,0
29,648,244,151,119,438,9,0,0
30,648,244,151,119,438,9,0,0
31,648,244,152,119,438,9,0,0
32,649,244,151,119,438,9,0,0
33,649,245,151,118,438,9,0,0
34,649,244,151,119,438,9,0,0
35,649,244,151,119,438,9,0,0
36,648,244,152,119,438,9,0,0
37,648,244,152,119,438,9,0,0
38,648,244,152,119,438,9,0,0
39,648,244,152,119,438,9,0,0
40,648,244,152,119,438,9,0,0
41,648,244,152,119,438,9,0,0
42,648,244,152,119,438,9,0,0
43,648,244,152,119,438,9,0,0
44,648,244,152,119,438,9,0,0
45,648,244,152,119,438,9,0,0
46,648,244,152,120,438,9,0,0
47,648,244,153,120,438,9,0,0
48,648,244,152,120,438,9,0,0
49,648,244,152,120,438,9,0,0
50,649,244,152,119,438,9,0,0
51,649,244,153,119,438,9,0,0
52,649,245,152,119,438,9,0,0
53,649,245,152,118,438,9,0,0
54,649,245,152,118,438,9,0,0
55,649,245,152,118,438,9,0,0
56,649,245,152,118,438,9,0,0
57,649,245,152,118,438,9,0,0
58,649,245,153,119,438,9,0,0
59,649,245,153,118,438,9,0,0
60,649,245,152,118,438,9,0,0
61,649,245,152,119,438,9,0,0
62,649,245,152,118,438,9,0,0
63,649,245,152,118,438,9,0,0
64,649,244,153,119,438,9,0,0
65,648,244,153,119,438,9,0,0
66,648,243,152,120,438,9,0,0
67,648,243,153,120,438,9,0,0
68,648,243,153,120,438,9,0,0
69,647,243,154,121,438,9,0,0
70,647,243,154,120,438,9,0,0
71,647,243,154,120,438,9,0,0
72,647,243,154,120,438,9,0,0
73,647,243,154,120,438,9,0,0
74,647,243,154,120,438,9,0,0
75,647,243,154,120,438,9,0,0
76,647,244,154,120,438,9,0,0
77,647,244,153,119,438,9,0,0
78,648,244,154,120,438,9,0,1
79,648,244,153,120,438,9,0,1
80,648,245,154,120,438,9,0,1
81,648,245,153,119,438,9,0,0
82,648,245,154,119,438,9,0,0
83,648,245,153,119,438,9,0,0
84,649,244,152,119,438,9,0,1
85,649,244,152,119,438,9,0,1
86,649,244,152,119,438,9,0,2
87,649,244,151,119,438,9,0,1
88,649,244,151,119,438,9,0,1
89,649,244,151,119,438,9,0,1
90,647,243,152,119,438,9,0,0
91,647,243,152,120,438,9,0,0
92,647,242,152,121,438,9,0,0
93,647,243,153,120,438,9,0,0
94,646,243,153,120,438,9,0,0
95,646,243,153,120,438,9,0,0
96,647,243,153,120,438,9,0,0
97,646,243,153,120,438,9,0,0
98,647,243,152,120,438,9,0,0
99,647,243,152,119,438,9,0,0
100,647,244,152,119,438,9,0,0
101,648,245,151,119,438,9,0,0
102,648,244,150,119,438,9,0,0
103,648,244,151,119,438,9,0,0
104,649,245,151,118,438,9,0,0
105,649,245,151,118,438,9,0,0
106,648,245,151,119,438,9,0,0
107,648,245,151,119,438,9,0,0
108,648,245,152,119,438,9,0,1
109,648,245,152,119,438,9,0,1
110,648,245,152,119,438,9,0,1
111,648,244,152,119,438,9,0,1
112,648,244,152,119,438,9,0,1
113,648,244,152,119,438,9,0,1
114,648,244,152,119,438,9,0,1
115,648,244,152,119,438,9,0,1
116,648,244,152,119,438,9,0,1
117,648,244,152,119,438,9,0,0
118,648,244,153,119,438,9,0,0
119,648,244,153,119,438,9,0,0
120,648,244,153,118,438,9,0,0
121,648,244,153,118,438,9,0,0
122,648,244,152,119,438,9,0,0
123,648,244,152,118,438,9,0,0
124,648,244,152,119,438,9,0,0
125,648,244,153,118,438,9,0,0
126,648,244,152,118,438,9,0,0
127,649,244,151,118,438,9,0,0
128,649,244,152,118,438,9,0,0
129,649,244,152,119,438,9,0,0
130,649,244,152,119,438,9,0,0
131,649,244,152,119,438,9,0,1
132,648,244,152,119,438,9,0,1
133,648,245,152,119,438,9,0,1
134,648,245,151,118,438,9,0,1
135,648,245,152,118,438,9,0,0
136,649,244,151,118,438,9,0,0
137,649,244,151,119,438,9,0,0
138,649,244,151,119,438,9,0,0
139,648,244,152,119,438,9,0,0
140,648,244,152,119,438,9,0,0
141,648,244,152,119,438,9,0,0
142,647,244,153,119,438,9,0,0
143,647,244,153,119,438,9,0,0
144,648,244,153,119,438,9,0,0
145,648,244,152,119,438,9,0,0
146,648,244,152,119,438,9,0,0
147,648,245,152,119,438,9,0,0
148,648,245,152,119,438,9,0,0
149,648,245,153,119,438,9,0,0
150,648,245,153,119,438,9,0,1
151,648,245,152,119,438,9,0,0
152,648,245,152,119,438,9,0,0
153,649,245,151,119,438,9,0,0
154,648,245,152,118,438,9,0,0
155,649,245,152,118,438,9,0,0
156,649,245,151,118,438,9,0,0
157,649,245,151,118,438,9,0,0
158,648,245,152,118,438,9,0,0
159,648,245,152,119,438,9,0,0
160,648,245,152,118,438,9,0,0
161,648,245,152,118,438,9,0,0
162,648,245,152,119,438,9,0,0
163,648,244,153,119,438,9,0,0
164,648,244,152,119,438,9,0,0
165,648,244,152,119,438,9,0,0
166,648,244,152,119,438,9,0,0
167,648,244,152,119,438,9,0,0
168,648,244,152,119,438,9,0,0
169,649,245,152,118,438,9,0,0
170,649,245,152,118,438,9,0,0
171,648,245,153,118,438,9,0,0
172,648,245,153,118,438,9,0,0
173,648,245,153,118,438,9,0,0
174,648,245,153,118,438,9,0,0
175,648,245,153,118,438,9,0,0
176,648,245,153,119,438,9,0,0
177,648,245,154,119,438,9,0,0
178,648,245,154,118,438,9,0,0
179,648,245,154,118,438,9,0,0
180,648,245,153,118,438,9,0,0
181,648,245,152,118,438,9,0,0
182,648,245,152,118,438,9,0,0
183,648,245,152,118,438,9,0,0
184,648,244,153,119,438,9,0,0
185,648,245,153,118,438,9,0,0
186,648,245,153,119,438,9,0,0
187,648,245,152,119,438,9,0,0
188,648,245,152,118,438,9,0,0
189,648,245,152,118,438,9,0,0
190,648,245,151,118,438,9,0,0
191,648,244,152,119,438,9,0,0
192,648,244,152,119,438,9,0,0
193,648,244,152,119,438,9,0,1
194,649,244,152,118,438,9,0,1
195,648,244,151,118,438,9,0,1
196,648,245,151,119,438,9,0,1
197,648,245,151,119,438,9,0,1
198,649,245,151,119,438,9,0,1
199,648,245,150,119,438,9,0,1
200,649,245,150,118,438,9,0,1
201,648,245,153,118,438,9,0,0
202,648,245,153,118,438,9,0,0
203,648,245,152,119,438,9,0,0
204,648,245,152,118,438,9,0,0
205,648,245,152,118,438,9,0,0
206,648,245,153,118,438,9,0,0
207,648,245,152,118,438,9,0,0
208,648,245,153,118,438,9,0,1
209,648,245,153,117,438,9,0,1
210,648,245,153,118,438,9,0,1
211,648,245,151,117,438,9,0,1
212,648,245,151,117,438,9,0,1
213,648,245,151,117,438,9,0,0
214,648,245,151,117,438,9,0,0
215,648,245,151,117,438,9,0,0
216,649,245,151,118,438,9,0,0
217,649,245,151,118,438,9,0,0
218,649,245,151,118,438,9,0,0
219,648,245,152,118,438,9,0,1
220,648,245,152,118,438,9,0,1
221,648,245,152,118,438,9,0,1
222,648,245,152,118,438,9,0,0
223,649,245,151,118,438,9,0,0
224,648,245,152,118,438,9,0,0
225,648,245,152,118,438,9,0,0
226,648,245,152,118,438,9,0,0
227,648,245,152,118,438,9,0,0
228,648,245,152,118,438,9,0,0
229,648,245,152,118,438,9,0,0
230,648,245,152,118,438,9,0,0
231,648,245,152,118,438,9,0,0
232,648,245,152,118,438,9,0,0
233,648,245,152,118,438,9,0,0
234,648,245,152,118,438,9,0,0
235,648,245,152,118,438,9,0,0
236,648,245,152,118,438,9,0,0
237,648,245,152,118,438,9,0,0
238,648,245,152,118,438,9,0,0
239,648,245,152,118,438,9,0,0
240,648,245,152,119,438,9,0,0
241,648,245,153,118,438,9,0,0
242,648,245,153,118,438,9,0,0
243,648,245,152,118,438,9,0,0
244,648,245,153,118,438,9,0,0
245,648,245,152,118,438,9,0,0
246,648,245,152,118,438,9,0,0
247,648,245,152,118,438,9,0,0
248,648,244,153,119,438,9,0,0
249,647,244,153,119,438,9,0,0
250,648,244,153,119,438,9,0,0
251,648,244,153,119,438,9,0,0
252,648,245,151,119,438,9,0,0
253,647,244,153,120,438,9,0,0
254,647,244,153,120,438,9,0,0
255,648,245,152,119,438,9,0,0
256,648,245,152,118,438,9,0,0
257,648,245,152,118,438,9,0,0
258,647,243,153,120,438,9,0,0
259,647,243,153,120,438,9,0,0
260,647,243,153,120,438,9,0,0
261,647,244,153,119,438,9,0,0
262,648,244,152,119,438,9,0,0
263,648,243,152,120,438,9,0,0
264,648,244,152,119,438,9,0,0
265,648,244,152,119,438,9,0,0
266,649,244,151,119,438,9,0,0
267,649,245,151,119,438,9,0,0
268,649,245,151,119,438,9,0,0
269,649,245,151,119,438,9,0,0
270,649,245,151,119,438,9,0,0
271,649,244,151,119,438,9,0,0
272,649,244,151,119,438,9,0,0
273,649,244,150,119,438,9,0,0
274,649,244,150,120,438,9,0,0
275,648,244,152,120,438,9,0,0
276,647,245,153,118,438,9,0,0
277,647,245,153,118,438,9,0,0
278,647,244,153,119,438,9,0,0
279,647,244,153,119,438,9,0,0
280,648,244,152,119,438,9,0,1
281,648,244,152,119,438,9,0,1
282,648,244,152,119,438,9,0,1
283,648,244,153,119,438,9,0,0
284,648,244,154,119,438,9,0,0
285,648,244,153,119,438,9,0,0
286,648,244,153,119,438,9,0,0
287,648,244,153,119,438,9,0,0
288,648,244,153,119,438,9,0,0
289,647,245,153,119,438,9,0,1
290,647,245,153,119,438,9,0,1
291,647,245,153,119,438,9,0,1
292,647,245,153,119,438,9,0,1
293,647,245,153,119,438,9,0,1
294,648,245,153,119,438,9,0,0
295,648,245,153,119,438,9,0,0
296,648,245,153,119,438,9,0,0
297,648,245,153,118,438,9,0,0
298,648,245,152,118,438,9,0,0
299,648,245,152,118,438,9,0,0
300,648,244,152,119,438,9,0,0
301,648,244,152,119,438,9,0,0
302,648,244,153,119,438,9,0,0
303,648,244,153,119,438,9,0,0
304,648,244,153,119,438,9,0,0
305,648,244,153,119,438,9,0,0
306,648,244,153,119,438,9,0,0
307,648,244,153,119,438,9,0,0
308,648,244,153,119,438,9,0,0
309,648,244,153,119,438,9,0,0
310,648,244,153,119,438,9,0,0
311,648,244,153,119,438,9,0,0
312,648,244,153,119,438,9,0,0
313,648,244,153,119,438,9,0,0
314,648,244,153,119,438,9,0,0
315,648,244,152,119,438,9,0,0
316,648,244,152,119,438,9,0,0
317,648,244,152,119,438,9,0,0
318,648,244,152,119,438,9,0,0
319,648,244,153,119,438,9,0,0
320,647,244,153,119,438,9,0,0
321,647,244,153,119,438,9,0,0
322,648,244,153,119,438,9,0,0
323,648,244,152,119,438,9,0,0
324,648,243,152,120,438,9,0,0
325,648,243,152,119,438,9,0,0
326,648,244,152,119,438,9,0,0
327,648,245,152,118,438,9,0,0
328,649,245,151,118,438,9,0,0
329,648,245,151,118,438,9,0,0
330,648,245,151,118,438,9,0,0
331,649,245,151,118,438,9,0,0
332,648,245,151,117,438,9,0,0
333,649,245,151,118,438,9,0,0
334,649,245,151,118,438,9,0,0
335,649,245,151,118,438,9,0,0
336,648,245,152,118,438,9,0,0
337,648,246,152,117,438,9,0,0
338,649,245,152,117,438,9,0,0
339,649,245,152,117,438,9,0,0
340,649,245,152,117,438,9,0,0
341,649,245,152,117,438,9,0,0
342,649,245,152,117,438,9,0,0
343,648,245,152,117,438,9,0,0
344,648,245,152,117,438,9,0,0
345,649,245,152,118,438,9,0,0
346,649,245,152,118,438,9,0,0
347,649,245,152,118,438,9,0,0
348,648,245,152,118,438,9,0,0
349,649,246,151,117,438,9,0,0
350,649,246,151,117,438,9,0,0
351,649,246,151,117,438,9,0,0
352,649,246,151,117,438,9,0,0
353,649,245,152,117,438,9,0,0
354,649,245,152,118,438,9,0,0
355,649,245,152,118,438,9,0,0
356,649,245,152,117,438,9,0,0
357,649,245,152,117,438,9,0,0
358,649,246,152,117,438,9,0,0
359,649,246,152,117,438,9,0,0
360,649,246,152,117,438,9,0,0
361,649,246,152,117,438,9,0,0
362,648,246,152,117,438,9,0,0
363,649,246,152,117,438,9,0,0
364,649,246,152,117,438,9,0,0
365,649,246,152,117,438,9,0,0
366,649,246,152,117,438,9,0,0
367,649,245,152,117,438,9,0,0
368,648,245,153,118,438,9,0,0
369,648,245,153,118,438,9,0,0
370,648,245,152,118,438,9,0,0
371,648,245,152,118,438,9,0,0
372,648,244,152,118,438,9,0,0
373,648,244,152,118,438,9,0,0
374,648,244,152,118,438,9,0,0
375,648,244,152,118,438,9,0,0
376,648,244,152,118,438,9,0,0
377,648,244,152,119,438,9,0,0
378,648,244,152,119,438,9,0,1
379,648,245,152,118,438,9,0,1
380,648,245,152,119,438,9,0,1
381,648,245,152,118,438,9,0,0
382,649,245,152,118,438,9,0,0
383,649,245,152,118,438,9,0,0
384,649,245,151,118,438,9,0,0
385,649,245,151,117,438,9,0,0
386,648,245,152,117,438,9,0,0
387,648,246,153,117,438,9,0,0
388,648,246,152,117,438,9,0,0
389,648,245,153,118,438,9,0,0
390,648,244,152,119,438,9,0,0
391,648,244,152,118,438,9,0,0
392,648,244,152,118,438,9,0,0
393,648,245,153,119,438,9,0,0
394,648,246,154,118,438,9,0,0
395,648,245,153,118,438,9,0,0
396,648,244,152,119,438,9,0,0
397,648,244,152,118,438,9,0,0
398,648,244,152,119,438,9,0,0
399,647,244,152,119,438,9,0,0
400,647,244,153,119,438,9,0,0
401,647,244,152,119,438,9,0,0
402,647,244,152,119,438,9,0,0
403,647,244,153,119,438,9,0,0
404,648,244,153,119,438,9,0,0
405,648,245,152,118,438,9,0,0
406,648,245,153,118,438,9,0,0
407,648,245,153,118,438,9,0,0
408,648,245,152,118,438,9,0,0
409,648,245,153,118,438,9,0,0
410,648,245,152,118,438,9,0,0
411,648,245,153,118,438,9,0,0
412,648,245,153,118,438,9,0,0
413,648,245,153,118,438,9,0,0
414,648,246,153,118,438,9,0,0
415,647,246,153,118,438,9,0,0
416,648,245,153,118,438,9,0,0
417,647,244,154,119,438,9,0,0
418,647,244,154,119,438,9,0,0
419,647,244,154,119,438,9,0,0
420,648,245,153,119,438,9,0,0
421,648,245,153,119,438,9,0,0
422,648,245,153,119,438,9,0,0
423,648,245,153,119,438,9,0,0
424,648,246,152,118,438,9,0,0
425,648,246,152,118,438,9,0,0
426,648,246,152,118,438,9,0,0
427,648,246,153,118,438,9,0,0
428,648,245,154,118,438,9,0,0
429,648,246,154,118,438,9,0,0
430,648,246,154,118,438,9,0,0
431,648,246,154,118,438,9,0,0
432,648,246,154,118,438,9,0,0
433,648,246,154,118,438,9,0,0
434,648,246,154,117,438,9,0,0
435,648,245,155,118,438,9,0,0
436,648,245,155,118,438,9,0,0
437,648,245,155,118,438,9,0,0
438,648,246,155,118,438,9,0,0
439,648,245,153,118,438,9,0,0
440,647,244,153,119,438,9,0,0
441,647,244,153,119,438,9,0,0
442,647,244,154,119,438,9,0,0
443,647,244,154,119,438,9,0,0
444,647,243,154,120,438,9,0,0
445,647,243,155,121,438,9,0,0
446,647,243,154,120,438,9,0,0
447,647,244,154,120,438,9,0,0
448,647,244,154,120,438,9,0,0
449,647,244,154,120,438,9,0,0
450,647,244,154,120,438,9,0,0
451,647,245,154,119,438,9,0,0
452,647,246,154,118,438,9,0,0
453,647,245,154,119,438,9,0,0
454,647,245,154,119,438,9,0,0
455,647,245,154,119,438,9,0,0
456,648,246,153,118,438,9,0,0
457,648,246,153,118,438,9,0,0
458,648,244,153,120,438,9,0,0
459,648,245,153,119,438,9,0,0
460,647,244,153,120,438,9,0,0
461,648,244,153,120,438,9,0,0
462,647,244,154,120,438,9,0,0
463,647,244,153,120,438,9,0,0
464,647,244,154,120,438,9,0,0
465,647,244,154,120,438,9,0,0
466,648,244,153,119,438,9,0,0
467,648,244,153,119,438,9,0,0
468,647,245,153,118,438,9,0,0
469,647,246,154,118,438,9,0,0
470,647,246,154,118,438,9,0,0
471,647,246,154,118,438,9,0,0
472,647,246,154,118,438,9,0,1
473,647,246,154,118,438,9,0,1
474,647,246,154,118,438,9,0,0
475,648,245,154,118,438,9,0,0
476,647,245,154,118,438,9,0,0
477,647,245,154,118,438,9,0,0
478,648,246,154,118,438,9,0,0
479,648,246,153,118,438,9,0,0
480,648,246,154,118,438,9,0,0
481,648,246,154,118,438,9,0,0
482,648,246,154,118,438,9,0,0
483,648,246,154,118,438,9,0,0
484,648,245,153,119,438,9,0,0
485,648,245,154,119,438,9,0,0
486,648,245,154,119,438,9,0,0
487,648,246,153,118,438,9,0,0
488,648,245,153,118,438,9,0,0
489,647,244,154,119,438,9,0,0
490,647,244,154,119,438,9,0,0
491,647,244,154,119,438,9,0,0
492,648,245,154,119,438,9,0,0
493,648,245,153,119,438,9,0,0
494,648,245,153,119,438,9,0,0
495,648,245,154,119,438,9,0,0
496,648,245,154,118,438,9,0,0
497,648,245,154,119,438,9,0,0
498,648,245,154,119,438,9,0,0
499,648,245,154,119,438,9,0,0
500,648,245,153,118,438,9,0,0
501,648,245,153,118,438,9,0,0
502,648,244,153,119,438,9,0,1
503,648,244,153,119,438,9,0,1
504,648,244,153,118,438,9,0,0
505,648,245,153,118,438,9,0,0
506,647,245,154,118,438,9,0,0
507,647,245,154,118,438,9,0,0
508,647,245,154,118,438,9,0,0
509,647,245,154,118,438,9,0,0
510,647,245,154,118,438,9,0,0
511,647,245,154,118,438,9,0,0
512,647,244,154,119,438,9,0,0
513,647,245,154,119,438,9,0,0
514,647,244,153,119,438,9,0,0
515,647,244,153,119,438,9,0,0
516,647,245,153,119,438,9,0,0
517,647,245,152,119,438,9,0,0
518,648,245,152,119,438,9,0,0
519,648,245,152,118,438,9,0,0
520,648,245,152,119,438,9,0,1
521,648,245,152,118,438,9,0,1
522,648,245,153,118,438,9,0,1
523,647,245,153,118,438,9,0,1
524,647,245,153,118,438,9,0,1
525,648,245,153,118,438,9,0,1
526,647,245,153,118,438,9,0,1
527,647,246,154,117,438,9,0,1
528,648,246,153,118,438,9,0,1
529,648,246,153,117,438,9,0,1
530,648,246,152,118,438,9,0,0
531,648,245,152,118,438,9,0,0
532,648,245,152,118,438,9,0,0
533,648,245,152,118,438,9,0,0
534,648,245,152,118,438,9,0,1
535,648,245,153,118,438,9,0,1
536,648,244,152,118,438,9,0,1
537,648,244,152,118,438,9,0,0
538,647,245,153,118,438,9,0,0
539,646,244,154,119,438,9,0,0
540,647,244,153,119,438,9,0,0
541,648,245,152,118,438,9,0,1
542,648,245,152,118,438,9,0,1
543,648,245,152,118,438,9,0,1
544,648,245,152,118,438,9,0,0
545,648,245,152,118,438,9,0,0
546,648,245,151,118,438,9,0,0
547,648,245,151,118,438,9,0,0
548,648,245,151,117,438,9,0,0
549,648,246,151,117,438,9,0,0
550,648,246,152,118,438,9,0,0
551,648,246,152,118,438,9,0,0
552,648,245,153,118,438,9,0,0
553,648,245,153,118,438,9,0,0
554,648,245,152,118,438,9,0,0
555,648,245,152,118,438,9,0,1
556,648,245,152,118,438,9,0,1
557,647,245,154,118,438,9,0,1
558,647,245,155,118,438,9,0,0
559,647,246,155,118,438,9,0,0
560,647,246,155,117,438,9,0,0
561,647,245,155,118,438,9,0,0
562,647,245,155,117,438,9,0,0
563,647,246,155,117,438,9,0,0
564,647,245,153,118,438,9,0,0
565,647,245,153,118,438,9,0,0
566,648,245,153,118,438,9,0,0
567,647,245,153,118,438,9,0,0
568,646,245,155,119,438,9,0,0
569,646,245,156,119,438,9,0,0
570,646,245,156,119,438,9,0,0
571,646,245,155,118,438,9,0,0
572,646,245,156,118,438,9,0,0
573,646,245,156,119,438,9,0,0
574,646,245,156,119,438,9,0,0
575,647,245,155,119,438,9,0,0
576,647,245,153,118,438,9,0,0
577,648,245,153,119,438,9,0,0
578,648,245,153,119,438,9,0,0
579,648,245,153,118,438,9,0,0
580,648,245,153,118,438,9,0,0
581,647,245,153,118,438,9,0,0
582,647,245,153,118,438,9,0,0
583,647,244,153,118,438,9,0,0
584,647,244,153,119,438,9,0,0
585,647,244,153,119,438,9,0,0
586,647,245,154,119,438,9,0,0
587,647,245,153,119,438,9,0,0
588,648,245,152,118,438,9,0,0
589,648,245,152,118,438,9,0,0
590,648,245,152,119,438,9,0,0
591,647,245,153,118,438,9,0,0
592,647,245,153,118,438,9,0,0
593,647,245,153,118,438,9,0,0
594,647,245,153,118,438,9,0,0
595,647,245,153,118,438,9,0,0
596,648,245,153,118,438,9,0,0
597,648,244,154,119,438,9,0,0
598,648,244,154,120,438,9,0,0
599,648,244,154,120,438,9,0,0
600,647,244,154,120,438,9,0,0
601,648,244,154,120,438,9,0,0
602,648,244,154,120,438,9,0,0
603,648,244,154,120,438,9,0,0
604,648,244,154,120,438,9,0,0
605,648,244,153,120,438,9,0,0
606,648,244,153,120,438,9,0,0
607,647,244,153,120,438,9,0,0
608,647,244,153,120,438,9,0,0
609,647,244,153,120,438,9,0,0
610,647,244,153,120,438,9,0,0
611,647,245,153,119,438,9,0,0
612,648,245,152,119,438,9,0,0
613,647,244,153,120,438,9,0,0
614,647,244,153,120,438,9,0,0
615,647,244,153,120,438,9,0,0
616,648,245,153,119,438,9,0,0
617,648,245,152,119,438,9,0,0
618,648,245,152,119,438,9,0,0
619,648,245,152,119,438,9,0,0
620,648,245,152,119,438,9,0,0
621,648,245,152,119,438,9,0,0
622,648,245,152,119,438,9,0,0
623,648,244,153,119,438,9,0,1
624,649,244,152,119,438,9,0,0
625,649,244,152,119,438,9,0,0
626,649,245,151,119,438,9,0,0
627,648,244,153,119,438,9,0,0
628,648,244,153,119,438,9,0,0
629,648,244,153,119,438,9,0,0
630,648,243,153,120,438,9,0,0
631,648,243,152,120,438,9,0,0
632,648,244,153,119,438,9,0,0
633,648,244,153,119,438,9,0,0
634,648,245,153,118,438,9,0,0
635,648,245,153,118,438,9,0,0
636,648,245,154,119,438,9,0,0
637,648,244,153,119,438,9,0,0
638,648,244,153,119,438,9,0,0
639,647,245,154,118,438,9,0,0
640,647,245,154,119,438,9,0,0
641,647,245,154,119,438,9,0,0
642,647,245,153,118,438,9,0,0
643,648,245,153,118,438,9,0,0
644,648,245,153,118,438,9,0,0
645,647,245,154,119,438,9,0,0
646,647,245,154,119,438,9,0,0
647,647,246,155,118,438,9,0,0
648,647,246,154,118,438,9,0,0
649,647,246,154,118,438,9,0,0
650,647,246,154,118,438,9,0,0
651,648,246,154,118,438,9,0,0
652,648,246,153,117,438,9,0,0
653,647,246,154,118,438,9,0,0
654,647,246,154,118,438,9,0,1
655,647,246,155,118,438,9,0,1
656,648,246,154,118,438,9,0,1
657,648,245,154,118,438,9,0,0
658,647,246,153,118,438,9,0,0
659,647,246,153,118,438,9,0,0
660,648,245,153,118,438,9,0,0
661,648,245,153,119,438,9,0,0
662,648,245,153,119,438,9,0,0
663,648,245,153,118,438,9,0,0
664,648,245,154,119,438,9,0,0
665,648,245,153,118,438,9,0,0
666,648,245,153,118,438,9,0,0
667,647,245,154,118,438,9,0,0
668,647,245,154,119,438,9,0,0
669,647,245,154,118,438,9,0,0
670,648,244,154,119,438,9,0,0
671,647,244,154,119,438,9,0,1
672,646,246,155,118,438,9,0,1
673,646,246,155,118,438,9,0,1
674,647,245,154,119,438,9,0,0
675,647,245,154,119,438,9,0,0
676,647,244,153,119,438,9,0,0
677,646,245,155,119,438,9,0,0
678,646,245,155,119,438,9,0,0
679,647,245,154,120,438,9,0,0
680,647,245,154,119,438,9,0,0
681,647,245,153,119,438,9,0,0
682,647,245,153,119,438,9,0,0
683,647,245,153,118,438,9,0,0
684,647,245,154,119,438,9,0,0
685,647,246,154,118,438,9,0,0
686,647,246,154,118,438,9,0,0
687,648,244,153,119,438,9,0,0
688,647,244,153,119,438,9,0,0
689,647,244,153,119,438,9,0,0
690,647,244,154,119,438,9,0,0
691,647,244,154,119,438,9,0,0
692,647,245,155,119,438,9,0,0
693,647,245,155,118,438,9,0,1
694,646,246,155,119,438,9,0,1
695,646,245,155,119,438,9,0,1
696,647,245,154,119,438,9,0,1
697,647,246,154,118,438,9,0,1
698,647,246,154,119,438,9,0,1
699,647,246,154,119,438,9,0,1
700,647,247,154,118,438,9,0,0
701,648,247,153,118,438,9,0,0
702,648,247,153,118,438,9,0,0
703,648,247,153,118,438,9,0,0
704,648,247,152,118,438,9,0,0
705,648,246,152,118,438,9,0,1
706,648,246,151,118,438,9,0,1
707,647,246,153,119,438,9,0,1
708,646,246,154,120,438,9,0,0
709,646,246,154,120,438,9,0,0
710,646,246,154,119,438,9,0,0
711,646,246,154,119,438,9,0,0
712,647,246,153,119,438,9,0,1
713,647,246,153,119,438,9,0,1
714,647,246,153,118,438,9,0,1
715,647,246,153,119,438,9,0,0
716,647,246,154,119,438,9,0,0
717,647,246,153,119,438,9,0,0
718,646,246,155,119,438,9,0,0
719,647,246,153,119,438,9,0,0
720,649,247,151,118,438,9,0,0
721,649,247,150,119,438,9,0,0
722,649,247,151,119,438,9,0,0
723,649,247,151,118,438,9,0,0
724,649,247,152,118,438,9,0,0
725,648,248,152,118,438,9,0,0
726,649,248,152,118,438,9,0,0
727,647,247,154,119,438,9,0,0
728,647,247,154,119,438,9,0,0
729,647,247,154,119,438,9,0,0
730,648,247,152,119,438,9,0,0
731,648,247,152,118,438,9,0,0
732,647,247,152,119,438,9,0,0
733,647,247,153,119,438,9,0,0
734,648,247,152,119,438,9,0,0
735,646,246,155,120,438,9,0,0
736,646,245,154,119,438,9,0,0
737,646,245,154,119,438,9,0,0
738,646,245,154,120,438,9,0,1
739,645,245,155,120,438,9,0,1
740,647,245,154,119,438,9,0,1
741,646,246,154,119,438,9,0,1
742,646,246,154,120,438,9,0,1
743,647,246,153,119,438,9,0,1
744,647,246,154,119,438,9,0,1
745,648,247,153,119,438,9,0,1
746,648,247,153,119,438,9,0,1
747,648,247,153,119,438,9,0,0
748,649,247,152,119,438,9,0,0
749,649,247,152,119,438,9,0,0
750,649,247,152,119,438,9,0,0
751,648,246,153,120,438,9,0,0
752,648,247,153,119,438,9,0,0
753,648,247,153,119,438,9,0,0
754,649,247,152,119,438,9,0,0
755,648,247,153,119,438,9,0,0
756,648,246,153,119,438,9,0,1
757,647,246,152,119,438,9,0,1
758,647,246,153,119,438,9,0,1
759,647,246,153,119,438,9,0,1
760,646,246,154,119,438,9,0,0
761,646,245,155,120,438,9,0,0
762,646,245,154,120,438,9,0,0
763,647,246,153,119,438,9,0,0
764,647,246,153,119,438,9,0,0
765,648,246,153,119,438,9,0,0
766,649,246,152,119,438,9,0,1
767,649,247,151,118,438,9,0,1
768,649,247,152,119,438,9,0,2
769,649,247,152,119,438,9,0,2
770,649,247,152,119,438,9,0,2
771,648,247,154,119,438,9,0,2
772,648,247,153,119,438,9,0,1
773,649,247,152,119,438,9,0,1
774,649,247,152,119,438,9,0,0
775,649,247,152,119,438,9,0,0
776,649,247,151,119,438,9,0,0
777,649,247,151,119,438,9,0,1
778,648,246,153,119,438,9,0,2
779,647,245,154,120,438,9,0,2
780,646,245,154,120,438,9,0,1
781,646,246,154,118,438,9,0,1
782,645,246,155,119,438,9,0,1
783,646,246,154,119,438,9,0,1
784,646,246,154,120,438,9,0,1
785,646,246,155,120,438,9,0,1
786,646,246,155,120,438,9,0,1
787,646,245,155,118,438,9,0,1
788,646,246,155,118,438,9,0,2
789,645,245,156,118,438,9,0,4
790,645,245,156,118,438,9,0,4
791,646,245,155,118,438,9,0,3
792,646,246,155,118,438,9,0,1
793,645,245,156,119,438,9,0,1
794,645,245,155,119,438,9,0,0
795,645,245,156,119,438,9,0,0
796,646,245,155,119,438,9,0,0
797,646,244,154,120,438,9,0,0
798,646,245,154,120,438,9,0,0
799,646,245,155,119,438,9,0,0
800,646,245,155,119,438,9,0,0
801,646,245,155,119,438,9,0,0
802,646,245,155,119,438,9,0,0
803,646,245,155,119,438,9,0,0
804,647,245,154,118,438,9,0,0
805,646,246,154,118,438,9,0,0
806,646,246,154,118,438,9,0,0
807,646,245,156,118,438,9,0,0
808,646,245,156,118,438,9,0,0
809,646,245,156,118,438,9,0,0
810,646,245,155,118,438,9,0,0
811,646,245,155,119,438,9,0,0
812,647,245,155,119,438,9,0,0
813,647,245,155,119,438,9,0,0
814,646,245,155,118,438,9,0,0
815,646,245,155,118,438,9,0,0
816,646,245,156,118,438,9,0,0
817,646,245,156,118,438,9,0,0
818,646,245,156,118,438,9,0,0
819,646,245,155,118,438,9,0,0
820,646,246,155,118,438,9,0,0
821,646,246,155,118,438,9,0,0
822,647,246,155,118,438,9,0,0
823,646,246,155,118,438,9,0,0
824,647,246,155,118,438,9,0,0
825,647,246,155,118,438,9,0,0
826,647,246,155,117,438,9,0,0
827,647,245,154,119,438,9,0,0
828,646,246,155,118,438,9,0,0
829,646,245,155,119,438,9,0,0
830,646,245,155,119,438,9,0,0
831,646,245,156,119,438,9,0,0
832,646,245,155,119,438,9,0,0
833,646,246,155,118,438,9,0,0
834,646,246,155,118,438,9,0,0
835,646,246,155,118,438,9,0,0
836,646,246,155,118,438,9,0,0
837,646,246,155,118,438,9,0,0
838,646,246,155,118,438,9,0,0
839,646,245,155,118,438,9,0,0
840,646,246,156,118,438,9,0,0
841,646,246,156,118,438,9,0,0
842,646,246,155,118,438,9,0,0
843,647,246,155,118,438,9,0,0
844,647,246,154,118,438,9,0,0
845,647,246,154,118,438,9,0,0
846,647,245,154,118,438,9,0,0
847,647,246,154,118,438,9,0,0
848,646,246,155,118,438,9,0,0
849,646,246,155,118,438,9,0,0
850,646,246,156,119,438,9,0,1
851,646,246,156,119,438,9,0,1
852,646,246,156,119,438,9,0,1
853,646,246,156,119,438,9,0,0
854,646,246,156,119,438,9,0,0
855,646,246,156,119,438,9,0,0
856,647,246,155,119,438,9,0,0
857,648,246,153,119,438,9,0,1
858,648,246,153,118,438,9,0,1
859,648,246,153,118,438,9,0,1
860,647,246,154,118,438,9,0,0
861,647,245,154,119,438,9,0,0
862,646,246,155,118,438,9,0,0
863,647,246,155,118,438,9,0,0
864,647,246,155,118,438,9,0,0
865,648,246,155,118,438,9,0,0
866,647,245,155,118,438,9,0,0
867,647,246,154,118,438,9,0,0
868,648,246,153,118,438,9,0,0
869,648,246,153,118,438,9,0,0
870,648,246,153,119,438,9,0,0
871,648,246,153,118,438,9,0,0
872,648,246,153,119,438,9,0,0
873,648,246,153,118,438,9,0,0
874,647,246,154,118,438,9,0,0
875,647,246,154,119,438,9,0,0
876,646,245,156,119,438,9,0,0
877,646,245,155,119,438,9,0,0
878,647,246,155,119,438,9,0,0
879,646,246,155,119,438,9,0,0
880,646,246,156,119,438,9,0,0
881,646,246,156,119,438,9,0,0
882,646,245,156,119,438,9,0,0
883,646,245,156,120,438,9,0,0
884,647,246,155,119,438,9,0,0
885,647,246,155,119,438,9,0,0
886,646,246,155,119,438,9,0,0
887,646,246,155,120,438,9,0,0
888,646,245,155,119,438,9,0,0
889,646,245,156,119,438,9,0,0
890,646,245,155,119,438,9,0,0
891,646,245,156,119,438,9,0,1
892,646,245,156,119,438,9,0,1
893,646,245,156,119,438,9,0,1
894,646,245,155,119,438,9,0,1
895,646,245,155,118,438,9,0,1
896,647,245,154,118,438,9,0,1
897,647,245,154,118,438,9,0,1
898,647,245,154,118,438,9,0,1
899,647,246,154,118,438,9,0,1
900,647,246,153,119,438,9,0,2
901,647,246,153,119,438,9,0,2
902,647,245,153,120,438,9,0,2
903,647,246,154,119,438,9,0,2
904,646,246,154,119,438,9,0,2
905,647,246,154,119,438,9,0,1
906,647,246,154,119,438,9,0,0
907,647,246,154,118,438,9,0,0
908,646,246,154,119,438,9,0,0
909,646,246,154,119,438,9,0,0
910,647,246,154,119,438,9,0,0
911,646,246,154,119,438,9,0,0
912,647,247,154,118,438,9,0,0
913,647,246,154,119,438,9,0,0
914,647,246,154,118,438,9,0,0
915,647,246,154,118,438,9,0,0
916,646,246,155,119,438,9,0,0
917,646,247,155,118,438,9,0,0
918,647,247,154,118,438,9,0,0
919,647,247,154,118,438,9,0,0
920,648,246,154,119,438,9,0,0
921,648,246,154,118,438,9,0,0
922,647,246,154,118,438,9,0,0
923,647,247,154,118,438,9,0,0
924,647,247,154,117,438,9,0,0
925,647,247,155,117,438,9,0,0
926,647,247,155,117,438,9,0,0
927,647,246,155,117,438,9,0,0
928,647,246,155,118,438,9,0,0
929,647,246,154,118,438,9,0,0
930,647,246,154,118,438,9,0,0
931,647,246,155,119,438,9,0,0
932,647,246,155,118,438,9,0,0
933,647,246,155,118,438,9,0,0
934,647,246,155,118,438,9,0,0
935,647,246,154,118,438,9,0,0
936,647,246,155,118,438,9,0,0
937,647,246,155,118,438,9,0,0
938,646,246,155,119,438,9,0,0
939,646,246,155,118,438,9,0,0
940,647,246,154,118,438,9,0,0
941,647,246,154,118,438,9,0,0
942,648,246,152,118,438,9,0,0
943,647,246,153,117,438,9,0,1
944,647,246,153,117,438,9,0,1
945,647,246,153,117,438,9,0,1
946,647,246,152,117,438,9,0,1
947,648,246,152,117,438,9,0,0
948,648,246,152,117,438,9,0,0
949,648,246,152,117,438,9,0,0
950,648,246,152,117,438,9,0,0
951,648,246,152,117,438,9,0,0
952,648,246,152,117,438,9,0,0
953,648,246,152,117,438,9,0,0
954,647,246,153,117,438,9,0,0
955,647,246,153,117,438,9,0,0
956,647,246,153,117,438,9,0,0
957,647,246,153,117,438,9,0,0
958,647,246,153,117,438,9,0,0
959,647,246,153,117,438,9,0,0
960,647,246,153,117,438,9,0,0
961,647,246,153,117,438,9,0,0
962,647,247,153,117,438,9,0,0
963,647,246,153,117,438,9,0,0
964,647,246,153,117,438,9,0,0
965,647,246,153,117,438,9,0,0
966,647,246,153,117,438,9,0,0
967,647,246,153,117,438,9,0,0
968,647,246,153,117,438,9,0,0
969,648,246,152,117,438,9,0,0
970,648,246,152,117,438,9,0,0
971,648,245,152,118,438,9,0,0
972,648,246,152,117,438,9,0,0
973,648,246,152,117,438,9,0,0
974,648,246,152,118,438,9,0,0
975,648,246,152,118,438,9,0,0
976,648,246,152,117,438,9,0,0
977,648,246,152,117,438,9,0,0
978,647,246,154,117,438,9,0,0
979,647,246,154,117,438,9,0,0
980,647,245,152,118,438,9,0,0
981,647,245,153,118,438,9,0,0
982,647,245,154,118,438,9,0,0
983,646,245,154,118,438,9,0,0
984,647,245,153,119,438,9,0,0
985,647,245,154,119,438,9,0,0
986,647,245,153,119,438,9,0,0
987,647,245,153,119,438,9,0,0
988,646,244,154,119,438,9,0,0
989,646,244,154,119,438,9,0,0
990,646,244,154,119,438,9,0,0
991,646,244,155,119,438,9,0,1
992,646,244,155,119,438,9,0,1
993,646,244,154,119,438,9,0,1
994,646,244,155,119,438,9,0,0
995,646,244,155,119,438,9,0,0
996,647,244,153,119,438,9,0,0
997,647,243,153,119,438,9,0,0
998,647,243,153,119,438,9,0,0
999,647,244,153,118,438,9,0,0
1000,647,244,154,120,438,9,0,0
1001,647,244,154,120,438,9,0,0
1002,647,244,154,119,438,9,0,0
1003,647,244,154,119,438,9,0,0
1004,647,244,154,119,438,9,0,0
1005,647,244,154,119,438,9,0,0
1006,647,244,154,119,438,9,0,0
1007,647,244,154,119,438,9,0,0
1008,647,244,155,120,438,9,0,0
1009,647,244,155,120,438,9,0,0
1010,647,244,155,120,438,9,0,0
1011,647,244,154,119,438,9,0,0
1012,647,245,154,119,438,9,0,0
1013,647,245,154,118,438,9,0,0
1014,647,245,154,118,438,9,0,0
1015,647,244,154,118,438,9,0,0
1016,647,244,154,119,438,9,0,0
1017,647,245,154,118,438,9,0,0
1018,647,244,154,119,438,9,0,0
1019,647,245,154,119,438,9,0,0
1020,647,245,154,119,438,9,0,0
1021,648,244,153,119,438,9,0,0
1022,648,244,153,119,438,9,0,0
1023,647,244,153,119,438,9,0,0
1024,647,244,153,119,438,9,0,0
1025,647,244,154,119,438,9,0,0
1026,647,244,154,119,438,9,0,0
1027,647,245,153,119,438,9,0,1
1028,646,245,154,119,438,9,0,1
1029,646,245,154,119,438,9,0,0
1030,647,244,154,119,438,9,0,0
1031,647,244,155,120,438,9,0,0
1032,648,245,154,118,438,9,0,0
1033,648,245,154,118,438,9,0,0
1034,648,245,154,118,438,9,0,0
1035,647,245,155,118,438,9,0,0
1036,647,245,155,119,438,9,0,0
1037,647,245,155,119,438,9,0,0
1038,647,245,155,119,438,9,0,0
1039,647,245,154,119,438,9,0,0
1040,647,245,156,119,438,9,0,0
1041,647,244,153,119,438,9,0,0
1042,648,244,154,119,438,9,0,0
1043,647,244,154,119,438,9,0,0
1044,647,244,154,120,438,9,0,0
1045,647,244,154,120,438,9,0,0
1046,647,244,156,119,438,9,0,0
1047,648,243,154,120,438,9,0,0
1048,648,243,154,120,438,9,0,0
1049,647,244,156,119,438,9,0,1
1050,648,243,154,119,438,9,0,1
1051,647,243,153,120,438,9,0,0
1052,647,243,153,120,438,9,0,0
1053,647,243,154,120,438,9,0,0
1054,646,243,156,120,438,9,0,0
1055,646,243,156,120,438,9,0,0
1056,646,243,154,120,438,9,0,0
1057,646,243,154,120,438,9,0,0
1058,646,243,154,120,438,9,0,0
1059,646,243,154,120,438,9,0,0
1060,646,243,155,119,438,9,0,1
1061,645,243,155,119,438,9,0,1
1062,645,244,154,119,438,9,0,1
1063,645,244,155,119,438,9,0,1
1064,646,243,154,119,438,9,0,0
1065,646,244,154,119,438,9,0,0
1066,646,244,154,119,438,9,0,0
1067,646,244,155,119,438,9,0,0
1068,647,245,154,118,438,9,0,0
1069,647,244,153,118,438,9,0,0
1070,647,244,153,118,438,9,0,0
1071,647,244,154,119,438,9,0,0
1072,647,244,154,119,438,9,0,0
1073,647,244,154,119,438,9,0,0
1074,647,243,154,120,438,9,0,0
1075,647,243,154,120,438,9,0,0
1076,647,243,153,120,438,9,0,0
1077,647,244,153,120,438,9,0,0
1078,647,244,153,119,438,9,0,0
1079,647,244,153,119,438,9,0,0
1080,647,244,156,119,438,9,0,0
1081,646,244,157,119,438,9,0,0
1082,646,245,157,119,438,9,0,0
1083,646,245,157,118,438,9,0,0
1084,647,244,155,119,438,9,0,0
1085,647,244,155,119,438,9,0,0
1086,647,244,155,119,438,9,0,0
1087,646,245,157,119,438,9,0,0
1088,647,244,154,119,438,9,0,0
1089,647,244,154,119,438,9,0,0
1090,647,244,155,119,438,9,0,0
1091,646,245,157,119,438,9,0,0
1092,645,245,158,118,438,9,0,0
1093,645,245,158,119,438,9,0,0
1094,644,244,159,120,438,9,0,0
1095,644,244,160,120,438,9,0,0
1096,644,244,159,120,438,9,0,0
1097,644,244,160,120,438,9,0,0
1098,645,244,159,120,438,9,0,0
1099,644,243,159,120,438,9,0,0
1100,644,243,159,120,438,9,0,0
1101,644,244,157,119,438,9,0,1
1102,644,244,157,119,438,9,0,1
1103,644,244,159,119,438,9,0,1
1104,646,244,154,119,438,9,0,0
1105,646,244,154,118,438,9,0,0
1106,647,244,154,119,438,9,0,0
1107,647,244,154,119,438,9,0,0
1108,647,244,154,119,438,9,0,0
1109,647,244,154,119,438,9,0,0
1110,647,244,153,118,438,9,0,1
1111,647,245,153,119,438,9,0,1
1112,646,245,154,119,438,9,0,1
1113,646,245,153,119,438,9,0,1
1114,646,245,153,119,438,9,0,2
1115,646,245,153,119,438,9,0,1
1116,646,245,154,119,438,9,0,1
1117,646,245,154,119,438,9,0,0
1118,646,244,153,119,438,9,0,0
1119,646,244,153,119,438,9,0,0
1120,646,244,154,120,438,9,0,0
1121,646,243,153,121,438,9,0,0
1122,646,243,153,121,438,9,0,0
1123,646,243,153,121,438,9,0,0
1124,646,243,153,121,438,9,0,0
1125,646,243,153,121,438,9,0,0
1126,646,243,153,121,438,9,0,0
1127,646,243,153,121,438,9,0,0
1128,646,243,152,121,438,9,0,0
1129,646,243,153,121,438,9,0,0
1130,646,243,153,121,438,9,0,0
1131,646,243,153,120,438,9,0,1
1132,646,243,153,120,438,9,0,1
1133,646,243,153,120,438,9,0,1
1134,646,244,153,120,438,9,0,0
1135,646,244,153,120,438,9,0,0
1136,646,244,153,118,438,9,0,0
1137,646,244,153,118,438,9,0,0
1138,646,244,153,118,438,9,0,0
1139,646,245,153,118,438,9,0,0
1140,646,245,153,119,438,9,0,0
1141,646,245,153,119,438,9,0,1
1142,646,245,153,119,438,9,0,2
1143,646,245,153,119,438,9,0,2
1144,646,245,153,119,438,9,0,1
1145,645,244,154,120,438,9,0,0
1146,645,243,154,120,438,9,0,0
1147,645,243,154,121,438,9,0,0
1148,645,243,154,121,438,9,0,0
1149,645,243,154,121,438,9,0,0
1150,645,243,154,121,438,9,0,0
1151,646,243,154,121,438,9,0,0
1152,646,244,154,121,438,9,0,0
1153,646,244,154,120,438,9,0,0
1154,646,244,154,120,438,9,0,0
1155,646,244,154,120,438,9,0,0
1156,646,242,154,121,438,9,0,0
1157,646,242,154,121,438,9,0,0
1158,645,243,155,121,438,9,0,0
1159,645,243,155,121,438,9,0,0
1160,645,243,155,121,438,9,0,0
1161,645,243,155,121,438,9,0,0
1162,645,243,155,121,438,9,0,1
1163,645,243,155,121,438,9,0,1
1164,644,242,157,121,438,9,0,1
1165,644,242,158,121,438,9,0,1
1166,645,245,156,118,438,9,0,1
1167,645,245,156,118,438,9,0,1
1168,645,244,156,119,438,9,0,1
1169,645,243,155,120,438,9,0,1
1170,645,243,155,120,438,9,0,0
1171,646,244,154,120,438,9,0,0
1172,645,244,154,120,438,9,0,0
1173,646,244,154,120,438,9,0,0
1174,646,243,154,120,438,9,0,0
1175,646,243,153,120,438,9,0,0
1176,643,244,157,119,438,9,0,0
1177,643,244,157,119,438,9,0,0
1178,644,244,156,120,438,9,0,0
1179,644,244,156,120,438,9,0,0
1180,644,244,156,120,438,9,0,0
1181,645,244,155,119,438,9,0,0
1182,645,244,154,120,438,9,0,0
1183,645,244,155,120,438,9,0,0
1184,647,245,152,119,438,9,0,0
1185,647,245,152,120,438,9,0,0
1186,643,243,156,120,438,9,0,0
1187,644,244,155,120,438,9,0,0
1188,643,243,157,120,438,9,0,0
1189,644,244,156,120,438,9,0,0
1190,643,244,158,120,438,9,0,0
1191,645,244,155,120,438,9,0,0
1192,644,244,155,120,438,9,0,0
1193,645,244,155,120,438,9,0,0
1194,645,244,154,120,438,9,0,0
1195,645,244,154,120,438,9,0,0
1196,645,243,154,120,438,9,0,1
1197,645,243,154,120,438,9,0,1
1198,646,243,154,120,438,9,0,1
1199,646,243,154,120,438,9,0,0
1200,646,244,153,120,438,9,0,0
1201,645,244,154,120,438,9,0,0
1202,645,243,154,120,438,9,0,0
1203,646,243,153,121,438,9,0,1
1204,646,243,153,121,438,9,0,1
1205,646,244,153,121,438,9,0,1
1206,647,244,152,120,438,9,0,0
1207,647,244,152,119,438,9,0,0
1208,647,244,152,119,438,9,0,0
1209,647,245,152,119,438,9,0,1
1210,647,245,152,119,438,9,0,1
1211,647,244,152,119,438,9,0,1
1212,647,244,152,119,438,9,0,0
1213,647,244,152,119,438,9,0,0
1214,647,244,153,119,438,9,0,0
1215,647,244,153,119,438,9,0,0
1216,647,244,152,120,438,9,0,0
1217,647,244,152,120,438,9,0,0
1218,646,243,153,120,438,9,0,0
1219,646,243,153,120,438,9,0,0
1220,646,243,153,120,438,9,0,0
1221,646,243,153,120,438,9,0,0
1222,646,244,155,119,438,9,0,0
1223,646,243,153,120,438,9,0,0
1224,646,244,154,120,438,9,0,0
1225,646,244,154,120,438,9,0,1
1226,644,245,155,119,438,9,0,1
1227,644,245,155,119,438,9,0,1
1228,644,245,156,119,438,9,0,0
1229,643,244,157,119,438,9,0,0
1230,642,244,158,119,438,9,0,0
1231,643,244,157,119,438,9,0,0
1232,643,244,157,119,438,9,0,0
1233,643,245,157,119,438,9,0,0
1234,643,245,156,119,438,9,0,0
1235,642,245,158,118,438,9,0,0
1236,644,245,156,119,438,9,0,0
1237,644,244,155,119,438,9,0,0
1238,644,244,156,119,438,9,0,0
1239,645,244,155,119,438,9,0,0
1240,644,244,156,118,438,9,0,0
1241,644,244,155,119,438,9,0,0
1242,644,244,155,119,438,9,0,0
1243,645,243,155,119,438,9,0,0
1244,645,243,155,119,438,9,0,0
1245,645,243,154,119,438,9,0,0
1246,645,243,155,119,438,9,0,0
1247,645,243,154,119,438,9,0,0
1248,644,244,155,118,438,9,0,0
1249,644,244,156,119,438,9,0,0
1250,644,244,157,119,438,9,0,1
1251,644,244,157,119,438,9,0,0
1252,643,244,157,119,438,9,0,0
1253,644,244,157,119,438,9,0,0
1254,644,244,156,118,438,9,0,0
1255,644,244,157,118,438,9,0,0
1256,645,244,154,119,438,9,0,0
1257,645,244,154,119,438,9,0,0
1258,644,244,156,119,438,9,0,0
1259,644,243,156,119,438,9,0,0
1260,644,243,156,119,438,9,0,0
1261,644,244,156,119,438,9,0,0
1262,644,243,157,119,438,9,0,0
1263,644,243,156,119,438,9,0,0
1264,644,243,156,119,438,9,0,0
1265,644,243,156,119,438,9,0,0
1266,644,243,156,119,438,9,0,0
1267,644,243,156,119,438,9,0,0
1268,645,243,156,119,438,9,0,0
1269,646,243,154,119,438,9,0,0
1270,645,243,155,119,438,9,0,0
1271,646,243,154,119,438,9,0,0
1272,645,243,155,119,438,9,0,1
1273,645,244,155,119,438,9,0,2
1274,645,244,155,119,438,9,0,2
1275,645,244,155,119,438,9,0,2
1276,645,244,155,119,438,9,0,2
1277,645,244,155,119,438,9,0,1
1278,646,244,155,119,438,9,0,1
1279,646,244,155,119,438,9,0,0
1280,646,244,155,119,438,9,0,0
1281,645,244,155,119,438,9,0,0
1282,646,244,155,119,438,9,0,0
1283,646,244,154,119,438,9,0,0
1284,645,244,155,119,438,9,0,0
1285,645,244,155,119,438,9,0,0
1286,644,244,156,119,438,9,0,0
1287,644,244,156,119,438,9,0,0
1288,644,244,157,119,438,9,0,0
1289,644,244,156,119,438,9,0,0
1290,644,244,156,119,438,9,0,0
1291,645,244,155,118,438,9,0,0
1292,645,244,155,118,438,9,0,0
1293,645,244,155,119,438,9,0,0
1294,645,244,155,119,438,9,0,0
1295,645,244,155,119,438,9,0,0
1296,644,244,156,119,438,9,0,0
1297,644,244,156,119,438,9,0,0
1298,644,244,156,119,438,9,0,0
1299,644,244,156,119,438,9,0,0
1300,644,244,156,119,438,9,0,0
1301,644,244,156,119,438,9,0,0
1302,643,244,156,119,438,9,0,0
1303,644,244,156,119,438,9,0,0
1304,644,244,156,119,438,9,0,0
1305,644,244,156,119,438,9,0,0
1306,644,244,156,119,438,9,0,0
1307,643,244,156,119,438,9,0,0
1308,643,244,157,120,438,9,0,0
1309,643,244,157,120,438,9,0,0
1310,643,243,158,120,438,9,0,0
1311,643,244,159,119,438,9,0,0
1312,643,243,158,120,438,9,0,0
1313,643,243,157,120,438,9,0,0
1314,643,243,157,120,438,9,0,0
1315,643,243,157,121,438,9,0,0
1316,643,243,158,121,438,9,0,0
1317,644,243,157,120,438,9,0,0
1318,644,243,157,121,438,9,0,0
1319,644,243,157,121,438,9,0,0
1320,643,243,158,120,438,9,0,0
1321,643,243,157,120,438,9,0,0
1322,643,243,157,120,438,9,0,0
1323,643,243,157,121,438,9,0,0
1324,643,244,157,120,438,9,0,0
1325,643,244,157,120,438,9,0,0
1326,643,244,157,120,438,9,0,0
1327,643,244,156,120,438,9,0,0
1328,643,243,157,120,438,9,0,0
1329,643,243,157,120,438,9,0,1
1330,642,243,159,120,438,9,0,2
1331,643,243,158,120,438,9,0,2
1332,642,243,159,120,438,9,0,2
1333,642,243,159,120,438,9,0,1
1334,642,243,159,120,438,9,0,1
1335,642,243,159,120,438,9,0,0
1336,644,243,156,120,438,9,0,0
1337,644,243,156,120,438,9,0,0
1338,645,243,156,120,438,9,0,0
1339,644,243,157,120,438,9,0,0
1340,644,243,157,120,438,9,0,0
1341,644,243,157,120,438,9,0,0
1342,645,243,157,120,438,9,0,0
1343,645,243,157,120,438,9,0,0
1344,644,243,156,120,438,9,0,0
1345,644,243,157,120,438,9,0,0
1346,644,243,157,120,438,9,0,0
1347,645,243,156,120,438,9,0,0
1348,646,243,154,120,438,9,0,0
1349,646,243,154,120,438,9,0,0
1350,645,243,154,120,438,9,0,0
1351,646,244,154,120,438,9,0,0
1352,646,244,154,120,438,9,0,0
1353,645,243,155,120,438,9,0,0
1354,645,243,155,120,438,9,0,0
1355,645,243,154,120,438,9,0,0
1356,646,244,153,119,438,9,0,0
1357,646,244,153,120,438,9,0,0
1358,646,244,153,120,438,9,0,0
1359,646,243,153,120,438,9,0,0
1360,646,243,153,120,438,9,0,0
1361,646,243,154,121,438,9,0,0
1362,646,243,154,121,438,9,0,0
1363,646,243,153,121,438,9,0,0
1364,646,243,153,121,438,9,0,0
1365,646,243,154,120,438,9,0,0
1366,646,243,153,121,438,9,0,0
1367,646,243,153,121,438,9,0,0
1368,646,243,153,121,438,9,0,0
1369,646,243,153,121,438,9,0,0
1370,646,243,153,120,438,9,0,0
1371,647,243,153,120,438,9,0,0
1372,647,243,152,120,438,9,0,0
1373,647,243,152,120,438,9,0,0
1374,647,244,152,120,438,9,0,0
1375,647,243,152,120,438,9,0,0
1376,647,243,152,120,438,9,0,0
1377,647,243,152,120,438,9,0,0
1378,647,243,152,120,438,9,0,0
1379,647,243,152,120,438,9,0,0
1380,645,243,154,120,438,9,0,0
1381,644,243,154,120,438,9,0,1
1382,645,243,154,121,438,9,0,1
1383,645,243,154,121,438,9,0,0
1384,646,242,153,121,438,9,0,0
1385,646,242,153,121,438,9,0,0
1386,646,242,153,121,438,9,0,0
1387,646,242,153,121,438,9,0,1
1388,646,243,153,120,438,9,0,1
1389,646,243,153,120,438,9,0,0
1390,646,243,153,120,438,9,0,0
1391,646,243,153,120,438,9,0,0
1392,646,243,154,119,438,9,0,0
1393,645,243,154,119,438,9,0,0
1394,644,243,155,119,438,9,0,0
1395,644,244,156,118,438,9,0,0
1396,644,244,155,118,438,9,0,0
1397,644,244,157,118,438,9,0,0
1398,644,243,156,119,438,9,0,0
1399,644,243,155,119,438,9,0,0
1400,645,243,155,119,438,9,0,0
1401,645,243,154,119,438,9,0,0
1402,645,243,154,120,438,9,0,0
1403,644,242,156,120,438,9,0,0
1404,642,242,158,120,438,9,0,0
1405,642,242,158,120,438,9,0,0
1406,642,242,158,120,438,9,0,0
1407,642,242,158,121,438,9,0,0
1408,645,243,154,120,438,9,0,0
1409,645,243,154,120,438,9,0,0
1410,645,243,155,120,438,9,0,0
1411,646,243,154,119,438,9,0,0
1412,646,243,154,119,438,9,0,0
1413,646,243,154,120,438,9,0,0
1414,645,243,154,120,438,9,0,0
1415,645,242,154,120,438,9,0,0
1416,646,243,154,121,438,9,0,0
1417,646,243,154,121,438,9,0,1
1418,646,242,154,121,438,9,0,0
1419,646,243,154,121,438,9,0,0
1420,646,243,154,120,438,9,0,0
1421,646,243,154,120,438,9,0,0
1422,646,243,154,120,438,9,0,0
1423,646,243,154,120,438,9,0,1
1424,646,243,154,120,438,9,0,1
1425,646,243,154,119,438,9,0,2
1426,646,243,153,119,438,9,0,1
1427,646,243,153,119,438,9,0,1
1428,646,244,153,119,438,9,0,0
1429,646,243,154,119,438,9,0,0
1430,645,243,154,120,438,9,0,0
1431,645,243,154,120,438,9,0,0
1432,646,243,154,119,438,9,0,0
1433,645,243,154,119,438,9,0,0
1434,645,243,154,119,438,9,0,0
1435,645,243,155,119,438,9,0,0
1436,645,243,154,119,438,9,0,0
1437,645,244,155,119,438,9,0,0
1438,645,244,155,119,438,9,0,0
1439,645,244,155,119,438,9,0,0
1440,645,244,154,119,438,9,0,0
1441,644,244,155,118,438,9,0,0
1442,644,244,157,118,438,9,0,0
1443,644,244,157,118,438,9,0,0
1444,643,244,157,118,438,9,0,0
1445,644,244,157,118,438,9,0,0
1446,644,244,157,118,438,9,0,0
1447,644,244,157,118,438,9,0,0
1448,644,244,157,118,438,9,0,0
1449,644,244,157,118,438,9,0,0
1450,644,244,155,118,438,9,0,0
1451,644,244,155,119,438,9,0,1
1452,644,244,156,119,438,9,0,1
1453,644,244,156,119,438,9,0,1
1454,644,244,156,119,438,9,0,1
1455,644,244,156,119,438,9,0,0
1456,644,244,156,119,438,9,0,0
1457,644,244,156,119,438,9,0,0
1458,644,244,156,119,438,9,0,0
1459,644,244,156,119,438,9,0,0
1460,645,244,155,119,438,9,0,0
1461,644,244,156,119,438,9,0,0
1462,645,244,155,119,438,9,0,0
1463,645,244,156,118,438,9,0,1
1464,646,244,154,118,438,9,0,1
1465,647,244,152,118,438,9,0,1
1466,647,244,152,118,438,9,0,1
1467,647,244,152,118,438,9,0,1
1468,647,244,152,118,438,9,0,0
1469,647,244,152,118,438,9,0,0
1470,647,244,152,118,438,9,0,0
1471,647,244,152,119,438,9,0,0
1472,646,243,154,119,438,9,0,0
1473,646,243,154,119,438,9,0,0
1474,645,243,155,119,438,9,0,0
1475,646,243,155,119,438,9,0,0
1476,646,244,155,119,438,9,0,0
1477,646,244,155,119,438,9,0,0
1478,646,244,155,118,438,9,0,0
1479,645,244,158,118,438,9,0,0
1480,645,244,158,118,438,9,0,0
1481,645,244,158,118,438,9,0,0
1482,645,244,158,118,438,9,0,0
1483,645,244,158,118,438,9,0,0
1484,645,244,158,118,438,9,0,0
1485,645,244,158,118,438,9,0,0
1486,645,244,158,118,438,9,0,0
1487,644,244,159,118,438,9,0,0
1488,646,244,155,118,438,9,0,0
1489,646,245,157,118,438,9,0,0
1490,646,245,156,117,438,9,0,0
1491,646,245,156,117,438,9,0,0
1492,646,245,156,117,438,9,0,0
1493,648,245,155,118,438,9,0,0
1494,648,244,155,118,438,9,0,0
1495,648,245,155,118,438,9,0,0
1496,648,245,155,118,438,9,0,0
1497,647,245,154,118,438,9,0,0
1498,647,245,154,118,438,9,0,0
1499,647,245,154,118,438,9,0,0
1500,646,244,156,118,438,9,0,0
1501,646,244,157,118,438,9,0,0
1502,646,244,156,118,438,9,0,0
1503,647,244,156,118,438,9,0,0
1504,647,244,156,118,438,9,0,0
1505,646,244,156,119,438,9,0,0
1506,646,244,157,118,438,9,0,0
1507,645,244,157,118,438,9,0,0
1508,646,244,158,118,438,9,0,0
1509,646,244,157,118,438,9,0,0
1510,646,244,157,118,438,9,0,0
1511,646,245,157,118,438,9,0,0
1512,646,245,156,117,438,9,0,0
1513,646,245,157,117,438,9,0,0
1514,647,246,156,117,438,9,0,0
1515,647,246,157,117,438,9,0,1
1516,647,246,157,117,438,9,0,1
1517,647,246,156,117,438,9,0,1
1518,647,246,156,117,438,9,0,1
1519,647,246,156,117,438,9,0,1
1520,646,245,156,118,438,9,0,0
1521,646,245,157,118,438,9,0,0
1522,645,245,158,118,438,9,0,0
1523,646,245,157,118,438,9,0,0
1524,646,244,157,118,438,9,0,0
1525,645,244,157,118,438,9,0,0
1526,645,244,157,119,438,9,0,0
1527,645,244,157,119,438,9,0,0
1528,645,244,157,119,438,9,0,0
1529,644,243,158,119,438,9,0,0
1530,644,244,158,119,438,9,0,0
1531,644,243,158,119,438,9,0,0
1532,644,243,158,119,438,9,0,0
1533,644,243,158,119,438,9,0,0
1534,645,243,156,119,438,9,0,0
1535,644,244,156,119,438,9,0,0
1536,645,244,155,119,438,9,0,0
1537,646,244,155,119,438,9,0,0
1538,646,244,154,119,438,9,0,0
1539,646,244,154,119,438,9,0,0
1540,647,244,154,119,438,9,0,0
1541,647,244,153,118,438,9,0,0
1542,647,244,154,119,438,9,0,0
1543,647,244,153,119,438,9,0,0
1544,645,243,156,119,438,9,0,0
1545,645,243,156,119,438,9,0,0
1546,645,243,156,119,438,9,0,0
1547,645,243,156,119,438,9,0,0
1548,643,244,157,119,438,9,0,0
1549,643,244,157,119,438,9,0,0
1550,643,244,158,119,438,9,0,0
1551,643,244,157,119,438,9,0,0
1552,643,244,158,119,438,9,0,0
1553,643,244,158,119,438,9,0,0
1554,644,244,156,119,438,9,0,0
1555,645,244,156,119,438,9,0,0
1556,645,244,156,119,438,9,0,0
1557,645,244,156,119,438,9,0,0
1558,645,244,155,119,438,9,0,0
1559,646,245,154,118,438,9,0,0
1560,645,244,155,118,438,9,0,1
1561,645,244,155,118,438,9,0,1
1562,647,245,154,117,438,9,0,1
1563,647,245,154,117,438,9,0,1
1564,646,244,153,118,438,9,0,1
1565,646,244,153,118,438,9,0,1
1566,645,244,155,119,438,9,0,1
1567,645,244,154,119,438,9,0,1
1568,646,244,154,119,438,9,0,0
1569,646,243,154,119,438,9,0,0
1570,646,243,154,119,438,9,0,0
1571,645,243,155,119,438,9,0,0
1572,646,244,154,119,438,9,0,0
1573,646,244,154,119,438,9,0,0
1574,645,244,155,119,438,9,0,0
1575,645,244,155,118,438,9,0,0
1576,646,244,155,119,438,9,0,0
1577,646,244,155,119,438,9,0,0
1578,646,244,155,118,438,9,0,0
1579,646,244,155,119,438,9,0,0
1580,646,244,154,119,438,9,0,0
1581,645,244,155,119,438,9,0,0
1582,645,244,155,119,438,9,0,0
1583,645,244,155,119,438,9,0,0
1584,645,244,156,119,438,9,0,0
1585,645,244,156,119,438,9,0,0
1586,645,244,155,118,438,9,0,0
1587,647,244,152,118,438,9,0,0
1588,647,244,153,118,438,9,0,0
1589,647,244,153,118,438,9,0,0
1590,647,244,153,118,438,9,0,0
1591,647,245,153,118,438,9,0,0
1592,647,244,153,118,438,9,0,0
1593,646,244,154,118,438,9,0,0
1594,647,245,153,117,438,9,0,0
1595,647,245,153,117,438,9,0,0
1596,647,245,154,117,438,9,0,0
1597,647,245,154,118,438,9,0,0
1598,647,245,154,118,438,9,0,0
1599,646,245,154,117,438,9,0,0
1600,647,245,153,117,438,9,0,0
1601,647,245,153,117,438,9,0,0
1602,647,244,154,118,438,9,0,0
1603,647,244,154,118,438,9,0,0
1604,646,244,155,119,438,9,0,0
1605,646,244,155,119,438,9,0,0
1606,646,244,155,119,438,9,0,0
1607,646,244,154,118,438,9,0,1
1608,645,244,156,119,438,9,0,1
1609,645,244,156,119,438,9,0,0
1610,644,244,156,119,438,9,0,0
1611,644,243,156,119,438,9,0,0
1612,644,244,156,119,438,9,0,0
1613,644,243,156,120,438,9,0,0
1614,645,244,154,118,438,9,0,0
1615,645,244,154,118,438,9,0,0
1616,645,244,155,119,438,9,0,0
1617,647,244,153,118,438,9,0,0
1618,647,245,153,118,438,9,0,0
1619,646,244,154,118,438,9,0,0
1620,646,244,154,118,438,9,0,0
1621,646,245,153,118,438,9,0,0
1622,647,245,153,118,438,9,0,0
1623,647,245,153,118,438,9,0,0
1624,646,246,155,117,438,9,0,0
1625,646,246,156,117,438,9,0,0
1626,647,246,154,117,438,9,0,0
1627,647,246,154,117,438,9,0,0
1628,647,246,154,116,438,9,0,0
1629,647,246,154,117,438,9,0,0
1630,647,246,157,117,438,9,0,0
1631,647,246,157,117,438,9,0,0
1632,647,246,154,116,438,9,0,0
1633,647,245,154,116,438,9,0,0
1634,647,245,154,117,438,9,0,0
1635,647,245,155,117,438,9,0,0
1636,647,245,154,117,438,9,0,0
1637,647,245,154,117,438,9,0,0
1638,647,245,153,117,438,9,0,0
1639,647,245,153,117,438,9,0,0
1640,647,244,154,118,438,9,0,0
1641,648,245,154,117,438,9,0,0
1642,647,245,155,117,438,9,0,0
1643,647,244,155,118,438,9,0,0
1644,647,244,154,118,438,9,0,0
1645,647,244,155,118,438,9,0,0
1646,647,245,157,118,438,9,0,0
1647,647,245,155,117,438,9,0,0
1648,647,245,157,118,438,9,0,0
1649,647,246,158,117,438,9,0,0
1650,647,246,155,117,438,9,0,0
1651,647,245,155,117,438,9,0,0
1652,647,245,155,117,438,9,0,0
1653,647,245,155,117,438,9,0,0
1654,646,245,156,118,438,9,0,0
1655,646,245,156,118,438,9,0,0
1656,647,245,156,118,438,9,0,0
1657,646,245,156,118,438,9,0,1
1658,647,245,156,118,438,9,0,1
1659,647,245,156,118,438,9,0,0
1660,646,245,156,118,438,9,0,0
1661,646,245,156,118,438,9,0,0
1662,646,245,156,118,438,9,0,0
1663,646,245,156,118,438,9,0,0
1664,647,244,156,119,438,9,0,0
1665,647,245,156,118,438,9,0,0
1666,647,245,156,118,438,9,0,0
1667,647,244,156,118,438,9,0,0
1668,647,245,155,118,438,9,0,0
1669,646,245,157,118,438,9,0,0
1670,646,244,157,118,438,9,0,0
1671,646,244,157,118,438,9,0,0
1672,646,244,157,119,438,9,0,0
1673,647,244,154,119,438,9,0,1
1674,647,244,156,118,438,9,0,1
1675,647,244,156,118,438,9,0,1
1676,647,245,156,117,438,9,0,0
1677,647,245,156,117,438,9,0,0
1678,647,246,154,117,438,9,0,0
1679,647,246,154,117,438,9,0,0
1680,647,246,155,116,438,9,0,0
1681,647,246,154,116,438,9,0,0
1682,647,246,155,116,438,9,0,0
1683,647,246,154,116,438,9,0,0
1684,648,246,155,117,438,9,0,0
1685,648,246,155,117,438,9,0,0
1686,648,246,155,117,438,9,0,0
1687,648,245,155,117,438,9,0,0
1688,648,245,155,117,438,9,0,0
1689,648,245,155,117,438,9,0,0
1690,648,245,156,117,438,9,0,0
1691,647,245,156,118,438,9,0,0
1692,647,245,155,117,438,9,0,0
1693,647,245,155,117,438,9,0,0
1694,646,245,158,118,438,9,0,0
1695,646,245,157,118,438,9,0,0
1696,646,245,156,118,438,9,0,0
1697,646,245,156,118,438,9,0,0
1698,646,245,156,117,438,9,0,0
1699,646,245,156,117,438,9,0,0
1700,645,245,156,118,438,9,0,0
1701,646,245,156,117,438,9,0,0
1702,646,245,156,117,438,9,0,0
1703,646,245,156,118,438,9,0,0
1704,646,245,155,117,438,9,0,0
1705,646,246,158,117,438,9,0,0
1706,646,245,157,118,438,9,0,0
1707,646,246,157,117,438,9,0,0
1708,647,246,154,117,438,9,0,0
1709,647,246,154,117,438,9,0,0
1710,647,246,155,117,438,9,0,0
1711,647,246,153,117,438,9,0,0
1712,647,246,152,117,438,9,0,0
1713,647,247,153,116,438,9,0,1
1714,647,247,155,117,438,9,0,1
1715,647,247,154,117,438,9,0,1
1716,647,246,155,117,438,9,0,1
1717,648,247,154,117,438,9,0,1
1718,647,247,154,117,438,9,0,0
1719,647,247,155,117,438,9,0,0
1720,647,247,155,117,438,9,0,0
1721,647,246,155,117,438,9,0,0
1722,647,246,155,117,438,9,0,0
1723,647,247,155,117,438,9,0,0
1724,646,247,154,116,438,9,0,0
1725,646,247,155,116,438,9,0,0
1726,646,247,155,117,438,9,0,0
1727,646,247,154,116,438,9,0,0
1728,647,247,154,116,438,9,0,0
1729,647,247,154,116,438,9,0,0
1730,647,247,154,116,438,9,0,0
1731,647,247,153,117,438,9,0,0
1732,648,248,153,117,438,9,0,1
1733,648,248,153,117,438,9,0,1
1734,649,248,153,116,438,9,0,2
1735,648,248,153,117,438,9,0,2
1736,648,247,153,117,438,9,0,1
1737,649,248,152,117,438,9,0,0
1738,649,248,152,117,438,9,0,0
1739,648,248,154,116,438,9,0,0
1740,649,248,153,117,438,9,0,0
1741,649,248,153,117,438,9,0,0
1742,649,248,153,117,438,9,0,0
1743,647,247,155,117,438,9,0,1
1744,646,248,155,116,438,9,0,1
1745,647,248,154,117,438,9,0,1
1746,648,247,153,116,438,9,0,1
1747,648,247,152,116,438,9,0,1
1748,647,247,153,117,438,9,0,0
1749,648,247,153,116,438,9,0,0
1750,649,247,152,117,438,9,0,0
1751,648,247,153,117,438,9,0,1
1752,649,247,151,117,438,9,0,1
1753,649,248,151,117,438,9,0,1
1754,649,247,151,117,438,9,0,0
1755,649,247,152,117,438,9,0,0
1756,649,247,152,117,438,9,0,0
1757,649,247,151,117,438,9,0,0
1758,649,247,151,117,438,9,0,0
1759,649,247,152,117,438,9,0,0
1760,649,247,151,117,438,9,0,0
1761,649,247,152,117,438,9,0,0
1762,649,247,152,117,438,9,0,0
1763,649,247,152,118,438,9,0,0
1764,647,247,152,118,438,9,0,0
1765,648,247,152,118,438,9,0,0
1766,648,247,152,118,438,9,0,0
1767,648,247,152,118,438,9,0,1
1768,647,247,153,117,438,9,0,1
1769,647,246,155,117,438,9,0,1
1770,647,246,156,118,438,9,0,1
1771,647,246,156,118,438,9,0,1
1772,647,247,155,118,438,9,0,1
1773,648,246,153,117,438,9,0,1
1774,648,246,153,117,438,9,0,1
1775,648,247,152,117,438,9,0,1
1776,647,247,153,118,438,9,0,1
1777,648,247,153,118,438,9,0,0
1778,648,247,154,118,438,9,0,1
1779,647,246,154,118,438,9,0,1
1780,646,246,155,119,438,9,0,1
1781,647,246,155,118,438,9,0,0
1782,647,246,155,118,438,9,0,0
1783,648,246,154,118,438,9,0,0
1784,647,247,155,117,438,9,0,1
1785,646,246,155,117,438,9,0,1
1786,646,246,155,117,438,9,0,1
1787,646,246,155,117,438,9,0,0
1788,645,246,158,118,438,9,0,0
1789,645,246,158,118,438,9,0,0
1790,644,246,158,117,438,9,0,0
1791,643,246,158,118,438,9,0,0
1792,644,246,157,118,438,9,0,1
1793,645,246,155,118,438,9,0,0
1794,647,247,152,117,438,9,0,0
1795,647,246,154,117,438,9,0,0
1796,647,247,154,117,438,9,0,0
1797,647,247,152,117,438,9,0,0
1798,647,247,152,117,438,9,0,0
1799,647,247,153,117,438,9,0,1
1800,648,247,152,118,438,9,0,1
1801,647,247,154,118,438,9,0,1
1802,647,247,154,118,438,9,0,0
1803,646,247,154,118,438,9,0,0
1804,644,247,158,117,438,9,0,0
1805,644,248,158,116,438,9,0,1
1806,645,248,157,116,438,9,0,2
1807,645,246,157,117,438,9,0,2
1808,645,246,156,118,438,9,0,1
1809,645,248,157,117,438,9,0,1
1810,648,249,153,116,438,9,0,1
1811,647,247,154,116,438,9,0,1
1812,648,247,153,117,438,9,0,0
1813,648,247,153,117,438,9,0,0
1814,647,247,153,116,438,9,0,1
1815,647,247,154,117,438,9,0,1
1816,648,247,151,117,438,9,0,1
1817,648,247,152,116,438,9,0,0
1818,647,247,152,116,438,9,0,0
1819,647,247,151,116,438,9,0,0
1820,647,246,152,116,438,9,0,0
1821,648,246,153,117,438,9,0,0
1822,647,245,154,117,438,9,0,0
1823,647,246,152,117,438,9,0,0
1824,647,246,152,116,438,9,0,0
1825,647,245,151,117,438,9,0,0
1826,647,245,151,116,438,9,0,0
1827,647,245,151,117,438,9,0,0
1828,647,245,151,117,438,9,0,0
1829,647,245,151,117,438,9,0,0
1830,647,245,151,117,438,9,0,0
1831,647,246,154,117,438,9,0,1
1832,647,246,155,117,438,9,0,1
1833,647,246,155,117,438,9,0,2
1834,647,247,154,117,438,9,0,2
1835,648,247,155,117,438,9,0,1
1836,648,247,150,116,438,9,0,0
1837,648,247,153,116,438,9,0,0
1838,648,247,153,116,438,9,0,0
1839,648,247,153,116,438,9,0,1
1840,647,246,153,117,438,9,0,1
1841,647,246,153,116,438,9,0,1
1842,647,247,155,116,438,9,0,0
1843,646,247,152,116,438,9,0,0
1844,646,246,157,117,438,9,0,0
1845,647,245,151,117,438,9,0,0
1846,647,245,151,117,438,9,0,0
1847,647,245,152,117,438,9,0,1
1848,647,245,152,117,438,9,0,2
1849,645,245,153,117,438,9,0,2
1850,646,244,151,117,438,9,0,2
1851,646,244,151,117,438,9,0,2
1852,646,244,151,117,438,9,0,1
1853,645,244,151,117,438,9,0,1
1854,645,244,151,117,438,9,0,1
1855,647,245,151,117,438,9,0,1
1856,648,246,150,116,438,9,0,1
1857,648,246,150,117,438,9,0,1
1858,647,246,150,117,438,9,0,1
1859,648,246,151,117,438,9,0,1
1860,647,246,153,117,438,9,0,1
1861,647,246,155,116,438,9,0,0
1862,647,246,156,117,438,9,0,0
1863,647,246,155,117,438,9,0,0
1864,647,247,154,117,438,9,0,1
1865,647,246,155,117,438,9,0,0
1866,646,245,153,116,438,9,0,1
1867,647,246,152,116,438,9,0,0
1868,646,245,153,117,438,9,0,1
1869,646,245,152,117,438,9,0,0
1870,645,244,153,119,438,9,0,0
1871,646,244,152,119,438,9,0,0
1872,646,244,152,118,438,9,0,0
1873,646,245,152,118,438,9,0,0
1874,646,245,152,118,438,9,0,0
1875,646,245,152,118,438,9,0,0
1876,646,245,152,117,438,9,0,0
1877,646,245,151,117,438,9,0,0
1878,647,245,151,118,438,9,0,0
1879,646,245,152,118,438,9,0,0
1880,646,245,153,117,438,9,0,0
1881,647,246,152,116,438,9,0,0
1882,646,246,154,116,438,9,0,0
1883,646,246,154,116,438,9,0,0
1884,646,246,154,116,438,9,0,0
1885,646,245,154,117,438,9,0,0
1886,647,245,153,116,438,9,0,0
1887,646,245,154,117,438,9,0,0
1888,647,245,154,116,438,9,0,0
1889,646,245,154,117,438,9,0,0
1890,646,245,152,117,438,9,0,0
1891,645,245,153,117,438,9,0,0
1892,645,245,153,117,438,9,0,0
1893,645,245,152,117,438,9,0,0
1894,645,244,154,118,438,9,0,0
1895,645,244,154,118,438,9,0,0
1896,645,244,153,118,438,9,0,0
1897,645,245,153,118,438,9,0,0
1898,645,245,153,117,438,9,0,0
1899,645,245,153,117,438,9,0,0
1900,645,245,154,118,438,9,0,0
1901,646,245,153,118,438,9,0,0
1902,646,245,153,118,438,9,0,0
1903,646,245,152,118,438,9,0,0
1904,646,246,152,117,438,9,0,0
1905,647,246,151,116,438,9,0,0
1906,647,246,151,116,438,9,0,0
1907,646,246,153,116,438,9,0,0
1908,647,247,153,116,438,9,0,0
1909,647,247,153,116,438,9,0,1
1910,646,245,154,116,438,9,0,2
1911,646,245,153,116,438,9,0,2
1912,647,245,153,116,438,9,0,1
1913,647,245,153,116,438,9,0,1
1914,646,244,154,118,438,9,0,0
1915,646,244,154,118,438,9,0,1
1916,646,244,154,118,438,9,0,1
1917,647,245,153,117,438,9,0,1
1918,646,245,153,117,438,9,0,1
1919,646,244,153,118,438,9,0,0
1920,646,245,152,117,438,9,0,0
1921,646,245,153,117,438,9,0,0
1922,646,245,153,117,438,9,0,0
1923,646,245,153,117,438,9,0,0
1924,646,245,153,117,438,9,0,0
1925,646,245,153,117,438,9,0,0
1926,646,245,153,117,438,9,0,0
1927,645,245,156,117,438,9,0,0
1928,646,245,155,117,438,9,0,0
1929,646,245,155,117,438,9,0,0
1930,646,245,153,117,438,9,0,0
1931,645,245,155,117,438,9,0,0
1932,644,245,156,117,438,9,0,0
1933,644,245,157,117,438,9,0,0
1934,644,245,157,117,438,9,0,0
1935,644,245,157,117,438,9,0,0
1936,645,245,154,117,438,9,0,0
1937,644,245,156,117,438,9,0,0
1938,644,245,155,117,438,9,0,0
1939,645,245,154,117,438,9,0,0
1940,646,245,153,117,438,9,0,0
1941,646,246,155,116,438,9,0,1
1942,646,247,155,116,438,9,0,1
1943,646,247,155,116,438,9,0,0
1944,646,246,154,116,438,9,0,0
1945,647,246,155,117,438,9,0,0
1946,647,246,153,117,438,9,0,0
1947,647,246,153,117,438,9,0,0
1948,647,246,153,117,438,9,0,0
1949,647,246,154,117,438,9,0,0
1950,647,246,156,116,438,9,0,0
1951,647,246,155,116,438,9,0,0
1952,647,246,157,116,438,9,0,0
1953,647,245,157,117,438,9,0,1
1954,647,246,157,116,438,9,0,1
1955,646,246,157,116,438,9,0,1
1956,648,246,150,116,438,9,0,0
1957,648,246,150,116,438,9,0,0
1958,647,246,150,116,438,9,0,0
1959,648,246,150,116,438,9,0,0
1960,647,246,151,116,438,9,0,0
1961,647,246,151,116,438,9,0,0
1962,647,246,151,116,438,9,0,0
1963,647,246,150,116,438,9,0,0
1964,648,246,149,116,438,9,0,0
1965,648,246,149,116,438,9,0,0
1966,648,246,149,116,438,9,0,0
1967,648,246,149,116,438,9,0,0
1968,648,245,150,117,438,9,0,0
1969,646,245,153,117,438,9,0,0
1970,646,245,152,117,438,9,0,0
1971,645,244,153,118,438,9,0,0
1972,645,244,153,117,438,9,0,0
1973,646,244,151,117,438,9,0,0
1974,645,244,152,117,438,9,0,0
1975,645,244,153,117,438,9,0,0
1976,645,244,153,117,438,9,0,0
1977,645,244,153,117,438,9,0,0
1978,645,244,154,117,438,9,0,0
1979,645,243,154,118,438,9,0,0
1980,645,244,153,118,438,9,0,0
1981,645,244,154,118,438,9,0,0
1982,644,244,156,118,438,9,0,0
1983,645,244,154,118,438,9,0,0
1984,646,245,153,118,438,9,0,0
1985,647,245,151,117,438,9,0,0
1986,647,246,152,116,438,9,0,0
1987,646,246,156,116,438,9,0,0
1988,647,246,156,117,438,9,0,0
1989,647,246,156,117,438,9,0,0
1990,649,246,151,116,438,9,0,0
1991,649,246,151,116,438,9,0,0
1992,646,246,155,116,438,9,0,0
1993,647,245,151,117,438,9,0,0
1994,646,245,152,117,438,9,0,0
1995,644,244,157,119,438,9,0,0
1996,645,244,154,118,438,9,0,0
1997,645,244,153,118,438,9,0,0
1998,645,244,154,118,438,9,0,0
1999,645,244,154,118,438,9,0,0
2000,644,244,156,119,438,9,0,0
2001,644,244,156,118,438,9,0,0
2002,644,244,158,117,438,9,0,0
2003,644,245,159,117,438,9,0,0
2004,643,245,160,117,438,9,0,0
2005,643,246,160,116,438,9,0,0
2006,645,247,156,116,438,9,0,1
2007,646,247,154,116,438,9,0,1
2008,647,247,155,116,438,9,0,2
2009,646,247,156,116,438,9,0,1
2010,647,247,154,116,438,9,0,1
2011,646,246,154,117,438,9,0,0
2012,646,246,154,117,438,9,0,0
2013,646,246,154,116,438,9,0,0
2014,647,247,155,116,438,9,0,0
2015,647,246,154,117,438,9,0,0
2016,647,246,151,117,438,9,0,0
2017,646,246,155,117,438,9,0,0
2018,646,246,156,117,438,9,0,1
2019,645,246,156,117,438,9,0,1
2020,645,245,156,117,438,9,0,1
2021,645,244,154,118,438,9,0,1
2022,645,244,156,118,438,9,0,1
2023,645,244,154,118,438,9,0,1
2024,645,244,154,118,438,9,0,1
2025,644,244,156,118,438,9,0,1
2026,646,245,156,118,438,9,0,1
2027,648,246,152,117,438,9,0,1
2028,647,246,156,117,438,9,0,1
2029,648,246,156,117,438,9,0,1
2030,648,246,157,117,438,9,0,1
2031,647,247,157,116,438,9,0,1
2032,647,247,157,116,438,9,0,0
2033,647,247,157,115,438,9,0,0
2034,647,247,157,116,438,9,0,0
2035,648,247,156,115,438,9,0,0
2036,647,247,156,115,438,9,0,0
2037,647,247,157,116,438,9,0,0
2038,647,247,157,116,438,9,0,0
2039,647,247,157,116,438,9,0,0
2040,646,246,157,116,438,9,0,0
2041,646,246,158,116,438,9,0,0
2042,644,244,160,117,438,9,0,0
2043,644,244,159,117,438,9,0,0
2044,644,245,157,117,438,9,0,0
2045,644,245,157,117,438,9,0,0
2046,644,245,157,117,438,9,0,0
2047,644,245,156,117,438,9,0,0
2048,644,245,156,117,438,9,0,0
2049,644,245,156,117,438,9,0,0
2050,644,245,158,117,438,9,0,0
2051,646,246,158,116,438,9,0,0
2052,646,246,156,116,438,9,0,0
2053,646,246,157,117,438,9,0,0
2054,646,246,157,116,438,9,0,0
2055,646,247,158,116,438,9,0,0
2056,647,247,157,115,438,9,0,0
2057,647,247,157,115,438,9,0,0
2058,647,247,157,115,438,9,0,0
2059,647,247,157,116,438,9,0,0
2060,647,247,156,116,438,9,0,0
2061,646,246,157,116,438,9,0,1
2062,644,245,158,116,438,9,0,1
2063,644,245,157,116,438,9,0,2
2064,643,246,158,116,438,9,0,2
2065,643,245,158,116,438,9,0,2
2066,643,245,158,117,438,9,0,1
2067,642,245,158,117,438,9,0,0
2068,642,244,159,117,438,9,0,0
2069,642,244,159,117,438,9,0,0
2070,642,244,159,117,438,9,0,0
2071,642,244,159,117,438,9,0,0
2072,642,244,159,118,438,9,0,0
2073,642,244,158,118,438,9,0,0
2074,643,245,157,117,438,9,0,1
2075,644,245,155,117,438,9,0,1
2076,647,246,154,117,438,9,0,2
2077,646,246,155,117,438,9,0,2
2078,647,246,155,117,438,9,0,1
2079,646,246,154,117,438,9,0,1
2080,647,246,154,117,438,9,0,1
2081,647,246,154,117,438,9,0,1
2082,647,246,154,116,438,9,0,1
2083,645,246,155,116,438,9,0,1
2084,646,246,155,116,438,9,0,0
2085,646,246,156,116,438,9,0,0
2086,647,246,152,116,438,9,0,0
2087,645,245,158,118,438,9,0,0
2088,644,245,156,118,438,9,0,0
2089,644,244,157,118,438,9,0,0
2090,644,244,157,118,438,9,0,0
2091,645,244,153,118,438,9,0,0
2092,644,244,155,119,438,9,0,0
2093,644,244,155,119,438,9,0,0
2094,644,244,154,119,438,9,0,0
2095,644,244,155,118,438,9,0,0
2096,645,244,154,118,438,9,0,0
2097,645,244,155,118,438,9,0,0
2098,645,244,157,118,438,9,0,0
2099,646,245,157,118,438,9,0,0
2100,644,246,157,117,438,9,0,0
2101,644,246,158,116,438,9,0,0
2102,646,245,158,117,438,9,0,0
2103,646,246,157,117,438,9,0,0
2104,645,246,159,117,438,9,0,0
2105,645,246,159,117,438,9,0,0
2106,646,245,160,117,438,9,0,0
2107,645,246,160,117,438,9,0,0
2108,645,246,157,117,438,9,0,0
2109,646,245,158,117,438,9,0,0
2110,646,245,154,117,438,9,0,0
2111,646,245,154,117,438,9,0,0
2112,642,244,158,119,438,9,0,0
2113,643,244,158,119,438,9,0,0
2114,644,244,158,119,438,9,0,0
2115,644,244,158,119,438,9,0,1
2116,642,243,158,121,438,9,0,0
2117,643,243,158,120,438,9,0,0
2118,643,243,157,120,438,9,0,0
2119,643,243,158,119,438,9,0,0
2120,643,243,157,119,438,9,0,0
2121,644,244,156,119,438,9,0,0
2122,644,244,157,119,438,9,0,0
2123,645,244,155,119,438,9,0,0
2124,646,244,154,119,438,9,0,0
2125,646,245,154,118,438,9,0,0
2126,646,245,155,118,438,9,0,0
2127,646,245,155,117,438,9,0,0
2128,646,245,157,118,438,9,0,0
2129,645,245,158,117,438,9,0,0
2130,646,245,157,117,438,9,0,0
2131,646,245,156,117,438,9,0,0
2132,644,245,156,118,438,9,0,0
2133,644,244,156,119,438,9,0,0
2134,643,244,157,119,438,9,0,0
2135,644,243,156,119,438,9,0,0
2136,643,243,156,119,438,9,0,0
2137,643,243,156,119,438,9,0,0
2138,643,243,156,119,438,9,0,1
2139,643,243,156,119,438,9,0,0
2140,643,242,156,120,438,9,0,0
2141,642,241,157,120,438,9,0,0
2142,643,242,156,120,438,9,0,0
2143,644,242,157,120,438,9,0,0
2144,643,242,157,119,438,9,0,0
2145,642,242,158,120,438,9,0,1
2146,642,242,158,121,438,9,0,1
2147,644,243,156,120,438,9,0,2
2148,643,243,156,120,438,9,0,2
2149,643,243,156,120,438,9,0,2
2150,644,243,155,120,438,9,0,2
2151,644,243,155,120,438,9,0,1
2152,647,243,153,119,438,9,0,1
2153,647,243,153,119,438,9,0,2
2154,647,243,153,119,438,9,0,2
2155,647,243,154,119,438,9,0,2
2156,646,243,155,119,438,9,0,1
2157,647,243,155,118,438,9,0,1
2158,647,243,155,119,438,9,0,0
2159,647,243,153,118,438,9,0,0
2160,646,243,156,119,438,9,0,0
2161,646,242,155,120,438,9,0,0
2162,644,243,156,119,438,9,0,0
2163,644,243,156,120,438,9,0,0
2164,644,243,157,120,438,9,0,0
2165,643,243,157,119,438,9,0,0
2166,643,243,157,120,438,9,0,0
2167,644,243,156,120,438,9,0,0
2168,643,244,158,119,438,9,0,0
2169,644,244,157,119,438,9,0,0
2170,644,244,157,119,438,9,0,0
2171,644,244,157,119,438,9,0,0
2172,647,243,156,120,438,9,0,0
2173,646,243,156,119,438,9,0,0
2174,647,243,155,119,438,9,0,0
2175,647,243,155,120,438,9,0,0
2176,647,243,154,119,438,9,0,0
2177,647,244,155,119,438,9,0,0
2178,647,244,155,119,438,9,0,0
2179,647,244,155,119,438,9,0,0
2180,647,243,155,119,438,9,0,0
2181,647,244,155,119,438,9,0,0
2182,647,244,155,118,438,9,0,0
2183,647,244,155,118,438,9,0,1
2184,646,244,156,118,438,9,0,1
2185,646,244,156,118,438,9,0,1
2186,647,244,155,118,438,9,0,1
2187,647,244,154,118,438,9,0,1
2188,647,245,155,117,438,9,0,0
2189,647,244,156,118,438,9,0,0
2190,647,244,155,118,438,9,0,0
2191,647,244,155,118,438,9,0,0
2192,648,244,153,118,438,9,0,0
2193,648,244,153,118,438,9,0,0
2194,648,245,153,118,438,9,0,0
2195,648,244,153,118,438,9,0,0
2196,648,245,153,117,438,9,0,0
2197,648,245,154,118,438,9,0,0
2198,648,245,155,117,438,9,0,0
2199,648,245,154,118,438,9,0,0
2200,648,245,155,118,438,9,0,0
2201,648,245,155,117,438,9,0,0
2202,648,245,153,118,438,9,0,0
2203,648,244,154,118,438,9,0,0
2204,648,245,153,118,438,9,0,0
2205,648,245,152,117,438,9,0,0
2206,648,245,152,117,438,9,0,0
2207,648,244,152,118,438,9,0,0
2208,648,245,152,118,438,9,0,0
2209,648,245,152,117,438,9,0,0
2210,648,245,153,118,438,9,0,0
2211,647,245,152,118,438,9,0,0
2212,646,244,154,118,438,9,0,0
2213,646,244,154,118,438,9,0,0
2214,646,244,154,118,438,9,0,0
2215,646,244,154,118,438,9,0,0
2216,645,244,155,118,438,9,0,0
2217,645,244,155,118,438,9,0,0
2218,644,244,155,118,438,9,0,0
2219,645,244,155,118,438,9,0,0
2220,643,244,156,117,438,9,0,0
2221,643,244,156,117,438,9,0,0
2222,645,244,157,118,438,9,0,0
2223,645,244,157,117,438,9,0,0
2224,646,243,155,118,438,9,0,0
2225,645,244,157,118,438,9,0,0
2226,645,244,157,118,438,9,0,0
2227,645,244,157,118,438,9,0,0
2228,646,244,155,118,438,9,0,0
2229,645,244,156,118,438,9,0,0
2230,645,244,159,118,438,9,0,0
2231,646,244,157,118,438,9,0,0
2232,645,244,156,118,438,9,0,0
2233,645,244,156,118,438,9,0,0
2234,646,244,156,118,438,9,0,0
2235,645,244,156,118,438,9,0,0
2236,645,244,156,118,438,9,0,0
2237,643,244,158,118,438,9,0,0
2238,643,243,158,119,438,9,0,0
2239,642,243,158,119,438,9,0,0
2240,642,243,158,119,438,9,0,0
2241,643,244,158,118,438,9,0,0
2242,644,243,155,119,438,9,0,0
2243,644,243,155,118,438,9,0,0
2244,643,244,157,119,438,9,0,0
2245,643,243,156,119,438,9,0,0
2246,645,244,154,118,438,9,0,0
2247,644,244,155,118,438,9,0,0
2248,644,244,155,118,438,9,0,0
2249,644,243,156,119,438,9,0,0
2250,644,243,155,119,438,9,0,0
2251,643,244,158,118,438,9,0,0
2252,644,244,156,118,438,9,0,0
2253,644,244,158,118,438,9,0,0
2254,644,244,156,118,438,9,0,0
2255,644,244,158,118,438,9,0,0
2256,643,245,159,117,438,9,0,0
2257,643,244,159,117,438,9,0,0
2258,643,245,159,117,438,9,0,0
2259,644,244,159,117,438,9,0,0
2260,645,244,158,118,438,9,0,0
2261,645,243,158,119,438,9,0,0
2262,645,243,157,119,438,9,0,0
2263,645,243,156,119,438,9,0,0
2264,646,243,156,119,438,9,0,0
2265,645,243,157,119,438,9,0,0
2266,645,243,157,119,438,9,0,0
2267,645,243,158,119,438,9,0,0
2268,645,243,156,119,438,9,0,0
2269,645,243,156,119,438,9,0,0
2270,645,243,155,119,438,9,0,0
2271,645,243,155,119,438,9,0,0
2272,646,244,154,119,438,9,0,0
2273,645,243,156,119,438,9,0,0
2274,646,243,155,119,438,9,0,0
2275,645,244,156,118,438,9,0,0
2276,645,243,156,119,438,9,0,0
2277,646,243,155,119,438,9,0,1
2278,646,243,155,118,438,9,0,1
2279,646,243,155,118,438,9,0,0
2280,646,243,155,119,438,9,0,0
2281,646,243,154,119,438,9,0,0
2282,644,244,156,118,438,9,0,0
2283,644,243,156,118,438,9,0,0
2284,644,243,156,119,438,9,0,0
2285,643,243,156,119,438,9,0,0
2286,644,243,155,119,438,9,0,0
2287,645,243,155,118,438,9,0,0
2288,645,243,156,118,438,9,0,0
2289,645,243,156,118,438,9,0,0
2290,645,243,155,119,438,9,0,0
2291,644,243,156,119,438,9,0,0
2292,647,244,152,118,438,9,0,0
2293,647,244,152,118,438,9,0,0
2294,647,244,153,118,438,9,0,0
2295,647,244,154,118,438,9,0,0
2296,647,243,153,119,438,9,0,0
2297,647,243,155,120,438,9,0,0
2298,647,243,156,119,438,9,0,0
2299,647,243,155,119,438,9,0,0
2300,647,243,155,119,438,9,0,0
2301,647,243,155,119,438,9,0,0
2302,647,244,156,118,438,9,0,0
2303,647,244,156,118,438,9,0,0
2304,645,244,160,119,438,9,0,0
2305,645,244,160,118,438,9,0,0
2306,645,244,160,118,438,9,0,0
2307,645,244,160,118,438,9,0,0
2308,646,244,158,118,438,9,0,0
2309,644,243,160,119,438,9,0,0
2310,645,243,159,119,438,9,0,0
2311,646,244,155,118,438,9,0,0
2312,644,244,157,118,438,9,0,0
2313,644,244,157,118,438,9,0,0
2314,644,244,157,118,438,9,0,0
2315,644,244,159,118,438,9,0,1
2316,643,244,159,119,438,9,0,2
2317,643,244,159,119,438,9,0,1
2318,643,244,159,119,438,9,0,1
2319,642,244,159,119,438,9,0,0
2320,645,244,156,119,438,9,0,0
2321,646,244,156,118,438,9,0,0
2322,645,244,156,118,438,9,0,0
2323,645,244,156,118,438,9,0,0
2324,645,244,156,118,438,9,0,0
2325,646,245,155,118,438,9,0,0
2326,646,244,155,118,438,9,0,0
2327,645,243,156,120,438,9,0,0
2328,645,244,155,119,438,9,0,0
2329,645,244,155,119,438,9,0,0
2330,646,244,155,120,438,9,0,0
2331,647,243,153,119,438,9,0,0
0,931,79,67,51,439,3,0,26
1,931,79,66,51,439,3,0,21
2,931,79,66,52,439,3,0,21
3,931,78,67,52,439,3,0,26
4,932,79,67,53,439,3,0,35
5,932,79,66,53,439,3,0,41
6,933,80,68,53,439,3,0,43
7,934,81,66,52,439,3,0,42
8,934,81,67,53,439,3,0,40
9,935,82,67,52,439,3,0,37
10,937,83,65,52,439,3,0,34
11,936,82,67,54,439,3,0,32
12,936,83,68,54,439,3,0,31
13,936,83,67,54,439,3,0,31
14,938,85,67,53,439,3,0,30
15,938,85,68,53,439,3,0,30
16,938,84,69,54,439,3,0,29
17,939,86,68,54,439,3,0,30
18,939,87,68,53,439,3,0,31
19,941,87,68,52,439,3,0,35
20,942,87,69,54,439,3,0,38
21,942,87,70,55,439,3,0,39
22,943,87,69,55,439,3,0,37
23,943,88,71,55,439,3,0,37
24,945,89,71,54,439,3,0,38
25,946,90,69,55,439,3,0,37
26,946,90,69,55,439,3,0,35
27,945,91,71,54,439,3,0,36
28,946,92,71,54,439,3,0,41
29,947,93,69,55,439,3,0,39
30,948,94,70,55,439,3,0,38
31,949,95,69,53,439,3,0,38
32,949,96,69,52,439,3,0,43
33,949,96,70,54,439,3,0,39
34,951,97,68,53,439,3,0,32
35,951,97,68,53,439,3,0,26
36,952,98,67,53,439,3,0,26
37,952,98,68,53,439,3,0,25
38,951,98,69,53,439,3,0,24
39,951,98,70,53,439,3,0,24
40,951,99,71,54,439,3,0,27
41,950,98,71,55,439,3,0,29
42,950,99,71,55,439,3,0,33
43,951,99,71,55,439,3,0,36
44,951,100,71,55,439,3,0,37
45,951,100,72,56,439,3,0,37
46,952,100,72,57,439,3,0,34
47,953,100,73,57,439,3,0,32
48,952,100,73,57,439,3,0,33
49,953,101,73,57,439,3,0,36
50,954,102,75,59,439,3,0,37
51,956,102,73,59,439,3,0,39
52,957,103,73,57,439,3,0,42
53,958,104,74,59,439,3,0,45
54,959,104,74,60,439,3,0,43
55,959,105,74,59,439,3,0,42
56,960,106,75,59,439,3,0,41
57,959,107,76,60,439,3,0,41
58,959,107,76,60,439,3,0,40
59,959,108,78,60,439,3,0,39
60,959,108,79,62,439,3,0,41
61,961,110,78,60,439,3,0,40
62,960,111,80,60,439,3,0,41
63,961,111,80,62,439,3,0,41
64,962,111,79,62,439,3,0,40
65,962,112,79,62,439,3,0,39
66,962,112,80,63,439,3,0,39
67,962,114,80,62,439,3,0,39
68,962,114,80,65,439,3,0,39
69,962,114,82,64,439,3,0,39
70,961,114,82,64,439,3,0,41
71,962,116,82,66,439,3,0,45
72,963,116,81,65,439,3,0,47
73,963,118,81,65,439,3,0,50
74,962,120,81,65,439,3,0,52
75,962,121,82,66,439,3,0,54
76,962,123,82,65,439,3,0,55
77,961,124,83,66,439,3,0,52
78,960,123,84,68,439,3,0,50
79,960,125,85,67,439,3,0,47
80,959,126,85,68,439,3,0,45
81,958,126,85,69,439,3,0,43
82,958,127,85,69,439,3,0,43
83,957,129,86,69,439,3,0,44
84,954,129,89,71,439,3,0,46
85,954,132,91,70,439,3,0,48
86,951,133,93,71,439,3,0,49
87,952,134,91,72,439,3,0,49
88,952,134,92,72,439,3,0,49
89,951,135,92,73,439,3,0,48
90,950,137,94,73,439,3,0,46
91,949,138,94,74,439,3,0,43
92,949,138,93,74,439,3,0,42
93,949,141,95,73,439,3,0,43
94,948,142,96,74,439,3,0,46
95,948,145,96,75,439,3,0,49
96,947,145,98,78,439,3,0,51
97,947,147,97,77,439,3,0,53
98,945,147,100,78,439,3,0,56
99,944,150,101,79,439,3,0,58
100,944,152,103,80,439,3,0,57
101,943,155,103,80,439,3,0,55
102,941,155,103,81,439,3,0,54
103,940,157,103,81,439,3,0,54
104,939,160,102,79,439,3,0,53
105,938,159,103,85,439,3,0,51
106,938,162,103,83,439,3,0,49
107,934,164,106,83,439,3,0,49
108,933,166,107,84,439,3,0,51
109,933,168,106,85,439,3,0,51
110,929,170,109,86,439,3,0,51
111,927,171,109,87,439,3,0,50
112,925,171,113,89,439,3,0,50
113,921,175,115,88,439,3,0,49
114,922,174,111,91,439,3,0,47
115,920,177,112,90,439,3,0,47
116,916,179,116,90,439,3,0,48
117,915,181,116,94,439,3,0,50
118,912,183,118,94,439,3,0,51
119,913,186,117,95,439,3,0,53
120,912,187,117,96,439,3,0,55
121,912,191,115,96,439,3,0,57
122,909,192,120,100,439,3,0,58
123,907,196,122,100,439,3,0,58
124,904,198,125,102,439,3,0,59
125,903,203,126,101,439,3,0,58
126,902,205,128,101,439,3,0,58
127,901,207,130,103,439,3,0,57
128,897,209,133,107,439,3,0,57
129,895,213,135,106,439,3,0,55
130,897,216,134,107,439,3,0,55
131,895,218,137,109,439,3,0,56
132,893,221,140,111,439,3,0,56
133,892,223,140,114,439,3,0,57
134,889,227,144,115,439,3,0,57
135,890,232,144,115,439,3,0,59
136,884,233,151,120,439,3,0,60
137,881,240,154,119,439,3,0,60
138,882,243,154,121,439,3,0,60
139,882,247,152,123,439,3,0,60
140,878,252,159,123,439,3,0,60
141,876,255,161,126,439,3,0,60
142,874,260,163,128,439,3,0,59
143,872,264,163,129,439,3,0,59
144,869,270,169,130,439,3,0,59
145,868,274,171,134,439,3,0,60
146,867,279,172,136,439,3,0,60
147,865,284,175,139,439,3,0,61
148,863,290,178,139,439,3,0,61
149,858,294,183,144,439,3,0,62
150,858,301,183,145,439,3,0,62
151,856,308,185,147,439,3,0,62
152,850,314,191,150,439,3,0,62
153,847,319,193,153,439,3,0,61
154,844,325,196,157,439,3,0,61
155,839,332,203,158,439,3,0,60
156,835,342,204,158,439,3,0,60
157,830,346,207,166,439,3,0,60
158,826,353,207,169,439,3,0,60
159,820,361,213,171,439,3,0,60
160,814,369,218,175,439,3,0,60
161,804,376,220,178,439,3,0,60
162,799,387,222,181,439,3,0,60
163,790,396,227,183,439,3,0,59
164,780,402,230,192,439,3,0,59
165,773,413,233,192,439,3,0,58
166,763,421,238,197,439,3,0,58
167,751,434,243,198,439,3,0,57
168,738,438,256,209,439,3,0,56
169,729,452,254,210,439,3,0,55
170,719,463,257,213,439,3,0,54
171,705,475,267,216,439,3,0,54
172,691,487,271,220,439,3,0,53
173,677,460,277,265,439,3,0,53
174,663,510,283,231,439,3,0,52
175,648,517,287,242,439,3,0,52
176,629,524,297,254,439,3,0,52
177,611,546,303,255,439,3,0,53
178,590,561,312,264,439,3,0,54
179,569,572,320,279,439,3,0,55
180,544,583,330,295,439,3,0,55
181,516,621,344,280,439,3,0,55
182,488,640,355,284,439,3,0,55
183,455,654,365,299,439,3,0,54
184,417,644,381,342,439,3,0,53
185,377,626,398,390,439,3,0,52
186,334,715,411,331,439,3,0,50
187,284,738,428,338,439,3,0,47
188,227,742,453,336,439,3,0,44
189,169,712,471,367,439,3,0,41
190,104,755,493,322,439,3,0,36
191,40,834,513,240,439,3,0,29
192,1,872,502,202,439,3,0,21
193,2,910,435,167,439,3,0,14
194,3,948,370,129,439,3,0,11
195,2,981,282,95,439,3,0,10
196,0,1022,178,54,439,3,0,9
0,507,328,182,173,440,4,8,0
1,508,328,182,173,440,4,8,0
2,508,328,182,173,440,4,8,0
3,508,328,182,173,440,4,8,0
4,507,327,183,175,440,4,8,1
5,507,328,182,174,440,4,8,1
6,508,328,181,175,440,4,8,1
7,509,328,181,175,440,4,8,1
8,510,328,182,173,440,4,8,0
9,509,328,181,175,440,4,8,0
10,509,329,183,172,440,4,8,0
11,509,329,182,173,440,4,8,0
12,509,328,180,176,440,4,8,0
13,509,328,182,174,440,4,8,0
14,510,328,182,173,440,4,8,0
15,510,328,182,173,440,4,8,0
16,509,328,183,173,440,4,8,0
17,509,328,182,172,440,4,8,0
18,509,328,181,175,440,4,8,0
19,507,328,183,175,440,4,8,0
20,507,328,183,174,440,4,8,0
21,507,328,183,173,440,4,8,0
22,507,328,183,173,440,4,8,0
23,507,328,183,173,440,4,8,0
24,507,329,182,173,440,4,8,0
25,508,329,182,173,440,4,8,0
26,508,329,182,172,440,4,8,0
27,508,329,182,172,440,4,8,0
28,508,329,182,172,440,4,8,0
29,508,329,182,172,440,4,8,0
30,507,329,182,172,440,4,8,0
31,508,329,182,172,440,4,8,0
32,508,329,181,173,440,4,8,0
33,508,329,182,173,440,4,8,1
34,509,329,181,174,440,4,8,1
35,509,329,181,174,440,4,8,1
36,510,328,182,172,440,4,8,0
37,509,328,181,174,440,4,8,0
38,508,328,182,174,440,4,8,0
39,508,329,182,174,440,4,8,0
40,508,329,182,174,440,4,8,0
41,508,329,182,174,440,4,8,0
42,508,329,182,173,440,4,8,0
43,508,329,182,173,440,4,8,0
44,508,329,182,173,440,4,8,0
45,508,329,182,173,440,4,8,0
46,509,329,181,172,440,4,8,0
47,509,329,181,172,440,4,8,0
48,508,329,182,173,440,4,8,0
49,508,329,182,173,440,4,8,1
50,507,329,183,171,440,4,8,1
51,506,328,183,172,440,4,8,1
52,506,328,183,172,440,4,8,0
53,507,328,183,173,440,4,8,0
54,507,328,183,173,440,4,8,0
55,507,328,183,173,440,4,8,0
56,506,328,183,173,440,4,8,0
57,506,328,183,174,440,4,8,0
58,506,328,183,174,440,4,8,2
59,505,328,184,175,440,4,8,4
60,509,327,183,167,440,4,8,5
61,509,327,183,167,440,4,8,3
62,507,327,182,174,440,4,8,1
63,507,328,182,173,440,4,8,1
64,507,328,182,172,440,4,8,2
65,508,328,182,172,440,4,8,4
66,508,328,181,172,440,4,8,4
67,506,328,183,171,440,4,8,3
68,506,328,183,171,440,4,8,1
69,506,328,183,172,440,4,8,0
70,506,328,183,172,440,4,8,0
71,507,328,182,172,440,4,8,0
72,508,328,181,171,440,4,8,0
73,508,328,181,171,440,4,8,0
74,508,328,181,171,440,4,8,0
75,508,328,181,170,440,4,8,0
76,508,328,181,172,440,4,8,0
77,508,328,181,173,440,4,8,1
78,508,328,182,173,440,4,8,2
79,507,328,182,174,440,4,8,2
80,509,328,183,166,440,4,8,3
81,509,328,183,167,440,4,8,4
82,509,328,183,167,440,4,8,5
83,509,328,182,167,440,4,8,7
84,509,328,183,166,440,4,8,6
85,509,328,183,166,440,4,8,4
86,509,328,183,166,440,4,8,4
87,509,328,182,165,440,4,8,6
88,508,329,181,173,440,4,8,6
89,508,329,181,173,440,4,8,5
90,508,329,182,169,440,4,8,4
91,508,329,182,168,440,4,8,4
92,507,328,182,169,440,4,8,4
93,508,328,182,170,440,4,8,4
94,507,328,182,171,440,4,8,3
95,507,328,182,171,440,4,8,2
96,508,328,181,171,440,4,8,1
97,508,328,181,171,440,4,8,1
98,508,328,181,171,440,4,8,0
99,508,328,181,171,440,4,8,0
100,508,327,182,172,440,4,8,0
101,507,328,182,171,440,4,8,0
102,507,328,182,171,440,4,8,0
103,507,328,182,172,440,4,8,1
104,506,328,183,172,440,4,8,3
105,508,328,184,166,440,4,8,5
106,508,328,184,166,440,4,8,6
107,508,328,185,166,440,4,8,6
108,508,327,184,167,440,4,8,6
109,508,327,184,167,440,4,8,6
110,508,327,184,167,440,4,8,6
111,507,327,183,173,440,4,8,6
112,507,327,182,173,440,4,8,6
113,508,327,182,173,440,4,8,5
114,507,327,182,171,440,4,8,4
115,508,327,182,171,440,4,8,3
116,508,328,181,170,440,4,8,2
117,508,328,181,171,440,4,8,1
118,507,328,182,171,440,4,8,0
119,508,328,181,171,440,4,8,0
120,508,328,181,170,440,4,8,0
121,508,328,181,170,440,4,8,0
122,508,328,181,170,440,4,8,0
123,508,327,181,170,440,4,8,0
124,508,327,181,173,440,4,8,0
125,509,328,183,171,440,4,8,1
126,509,328,182,166,440,4,8,2
127,506,327,183,174,440,4,8,2
128,507,327,183,175,440,4,8,2
129,507,327,183,175,440,4,8,2
130,508,327,182,175,440,4,8,3
131,508,328,182,175,440,4,8,5
132,508,328,182,175,440,4,8,7
133,508,328,184,167,440,4,8,6
134,509,328,183,166,440,4,8,4
135,507,328,182,173,440,4,8,2
136,507,328,182,173,440,4,8,1
137,507,328,182,173,440,4,8,2
138,507,328,182,173,440,4,8,4
139,507,328,182,172,440,4,8,4
140,506,328,183,172,440,4,8,3
141,506,328,183,173,440,4,8,1
142,506,328,183,172,440,4,8,0
143,506,328,183,173,440,4,8,0
144,507,328,183,173,440,4,8,0
145,507,329,182,172,440,4,8,0
146,507,329,182,172,440,4,8,0
147,508,328,182,173,440,4,8,0
148,507,328,183,172,440,4,8,0
149,506,328,183,172,440,4,8,0
150,506,328,183,172,440,4,8,0
151,508,327,182,175,440,4,8,0
152,507,327,182,175,440,4,8,0
153,508,327,182,175,440,4,8,0
154,507,328,183,172,440,4,8,0
155,507,328,183,172,440,4,8,0
156,506,329,183,171,440,4,8,1
157,507,329,183,171,440,4,8,2
158,506,329,184,169,440,4,8,1
159,506,329,184,170,440,4,8,1
160,507,329,183,170,440,4,8,0
161,507,329,183,170,440,4,8,0
162,507,329,183,171,440,4,8,0
163,508,329,182,168,440,4,8,0
164,508,329,182,170,440,4,8,0
165,507,329,182,170,440,4,8,0
166,507,329,182,170,440,4,8,0
167,507,329,182,170,440,4,8,0
168,506,328,184,169,440,4,8,0
169,508,328,182,170,440,4,8,0
170,507,328,183,170,440,4,8,0
171,508,327,182,171,440,4,8,0
172,508,328,182,171,440,4,8,1
173,507,328,183,173,440,4,8,2
174,508,327,182,174,440,4,8,3
175,507,327,182,174,440,4,8,3
176,507,327,182,174,440,4,8,3
177,507,327,182,174,440,4,8,2
178,507,327,182,173,440,4,8,1
179,507,327,183,173,440,4,8,1
180,506,327,183,173,440,4,8,1
181,507,328,183,171,440,4,8,1
182,506,327,183,171,440,4,8,2
183,507,327,183,170,440,4,8,2
184,506,328,184,170,440,4,8,2
185,506,328,184,171,440,4,8,1
186,507,328,182,171,440,4,8,1
187,507,328,182,169,440,4,8,0
188,507,328,182,170,440,4,8,0
189,507,328,182,169,440,4,8,0
190,507,328,183,170,440,4,8,0
191,507,327,183,169,440,4,8,0
192,507,327,183,170,440,4,8,0
193,507,327,183,170,440,4,8,0
194,504,327,186,170,440,4,8,0
195,506,327,184,170,440,4,8,0
196,505,327,185,171,440,4,8,0
197,506,327,184,170,440,4,8,1
198,507,326,183,172,440,4,8,1
199,509,327,183,166,440,4,8,2
200,508,326,184,173,440,4,8,2
201,507,326,183,173,440,4,8,2
202,509,327,183,166,440,4,8,2
203,507,326,183,173,440,4,8,2
204,508,327,182,173,440,4,8,2
205,508,326,182,173,440,4,8,2
206,508,327,182,173,440,4,8,3
207,509,327,183,172,440,4,8,3
208,508,327,182,171,440,4,8,4
209,508,327,182,171,440,4,8,3
210,508,327,182,171,440,4,8,5
211,507,328,185,165,440,4,8,5
212,507,328,185,165,440,4,8,5
213,507,328,186,165,440,4,8,5
214,507,328,185,165,440,4,8,5
215,507,328,186,165,440,4,8,4
216,507,328,186,165,440,4,8,3
217,507,328,186,166,440,4,8,1
218,507,327,186,166,440,4,8,0
219,507,327,187,166,440,4,8,0
220,507,327,186,167,440,4,8,0
221,508,327,185,166,440,4,8,0
222,508,327,186,167,440,4,8,0
223,508,327,185,166,440,4,8,0
224,508,327,185,166,440,4,8,0
225,508,327,185,166,440,4,8,0
226,508,327,185,166,440,4,8,0
227,508,327,185,166,440,4,8,0
228,508,327,185,166,440,4,8,0
229,508,327,184,166,440,4,8,0
230,506,327,186,165,440,4,8,0
231,507,327,186,165,440,4,8,0
232,507,327,186,165,440,4,8,1
233,507,327,185,165,440,4,8,0
234,507,327,185,165,440,4,8,0
235,507,327,185,165,440,4,8,0
236,508,328,185,164,440,4,8,0
237,507,328,185,164,440,4,8,0
238,508,328,184,164,440,4,8,0
239,508,328,184,164,440,4,8,0
240,507,328,185,164,440,4,8,0
241,507,328,185,165,440,4,8,0
242,508,328,185,165,440,4,8,0
243,507,328,185,165,440,4,8,0
244,507,328,185,164,440,4,8,0
245,509,328,184,164,440,4,8,0
246,509,328,184,165,440,4,8,0
247,509,328,184,165,440,4,8,0
248,508,328,185,164,440,4,8,0
249,507,328,186,165,440,4,8,0
250,507,328,184,165,440,4,8,0
251,508,328,184,165,440,4,8,2
252,507,328,186,165,440,4,8,4
253,507,329,182,171,440,4,8,4
254,507,329,182,171,440,4,8,3
255,508,328,184,165,440,4,8,1
256,506,328,186,165,440,4,8,1
257,507,328,185,165,440,4,8,1
258,509,328,184,170,440,4,8,1
259,509,328,184,171,440,4,8,0
260,509,328,184,171,440,4,8,0
261,508,328,184,165,440,4,8,1
262,508,327,184,165,440,4,8,1
263,508,328,182,172,440,4,8,3
264,509,328,181,172,440,4,8,3
265,509,328,182,165,440,4,8,3
266,508,328,183,165,440,4,8,2
267,507,328,184,164,440,4,8,2
268,508,328,184,165,440,4,8,4
269,508,328,184,165,440,4,8,6
270,510,328,182,165,440,4,8,6
271,509,327,183,172,440,4,8,6
272,508,328,184,172,440,4,8,5
273,509,328,183,171,440,4,8,3
274,509,328,183,164,440,4,8,2
275,509,328,182,164,440,4,8,2
276,507,328,183,171,440,4,8,1
277,507,328,183,171,440,4,8,0
278,507,328,183,171,440,4,8,1
279,507,328,183,172,440,4,8,1
280,507,328,183,171,440,4,8,2
281,509,328,183,164,440,4,8,1
282,508,328,184,172,440,4,8,3
283,509,328,183,164,440,4,8,4
284,510,328,183,165,440,4,8,5
285,510,328,183,164,440,4,8,5
286,509,328,183,164,440,4,8,5
287,509,327,184,172,440,4,8,4
288,510,328,183,164,440,4,8,3
289,510,328,183,164,440,4,8,1
290,510,328,183,165,440,4,8,2
291,510,328,183,164,440,4,8,2
292,509,328,183,172,440,4,8,3
293,509,328,183,172,440,4,8,4
294,509,328,183,172,440,4,8,6
295,509,328,183,172,440,4,8,6
296,509,328,183,172,440,4,8,5
297,509,328,183,172,440,4,8,3
298,509,328,183,172,440,4,8,3
299,509,328,183,172,440,4,8,2
300,510,328,183,165,440,4,8,2
301,509,328,183,172,440,4,8,0
302,509,328,183,172,440,4,8,0
303,509,328,183,172,440,4,8,0
304,509,328,184,172,440,4,8,1
305,509,328,183,172,440,4,8,1
306,509,328,183,172,440,4,8,1
307,509,328,183,172,440,4,8,0
308,509,328,183,172,440,4,8,0
309,509,328,183,172,440,4,8,0
310,509,328,183,172,440,4,8,0
311,509,328,183,172,440,4,8,0
312,509,328,183,172,440,4,8,0
313,509,328,184,172,440,4,8,0
314,509,328,183,171,440,4,8,0
315,509,328,181,173,440,4,8,0
316,509,328,183,172,440,4,8,0
317,509,328,183,172,440,4,8,0
318,509,328,183,172,440,4,8,0
319,508,328,182,173,440,4,8,0
320,507,328,182,171,440,4,8,0
321,508,328,182,170,440,4,8,0
322,507,327,183,172,440,4,8,0
323,507,327,183,172,440,4,8,1
324,508,327,182,171,440,4,8,1
325,508,327,182,170,440,4,8,1
326,508,327,181,170,440,4,8,2
327,510,327,182,171,440,4,8,3
328,509,327,182,164,440,4,8,5
329,510,327,182,164,440,4,8,6
330,510,327,182,164,440,4,8,6
331,510,328,182,164,440,4,8,7
332,510,327,182,164,440,4,8,5
333,510,327,183,164,440,4,8,4
334,510,327,182,164,440,4,8,1
335,510,327,183,164,440,4,8,1
336,510,327,182,164,440,4,8,0
337,510,327,182,165,440,4,8,0
338,510,327,182,165,440,4,8,0
339,510,327,182,165,440,4,8,0
340,510,327,182,165,440,4,8,0
341,510,327,182,165,440,4,8,0
342,510,327,182,165,440,4,8,0
343,510,327,182,165,440,4,8,0
344,510,327,182,164,440,4,8,0
345,510,327,182,164,440,4,8,0
346,510,327,182,165,440,4,8,0
347,510,327,182,165,440,4,8,0
348,510,327,183,164,440,4,8,0
349,510,327,182,165,440,4,8,0
350,510,327,182,165,440,4,8,0
351,511,328,182,165,440,4,8,0
352,511,327,182,165,440,4,8,2
353,511,327,182,165,440,4,8,4
354,510,328,182,173,440,4,8,5
355,510,328,181,173,440,4,8,4
356,511,327,182,165,440,4,8,2
357,511,327,182,165,440,4,8,1
358,511,327,182,165,440,4,8,2
359,511,327,182,165,440,4,8,4
360,511,327,181,164,440,4,8,5
361,511,327,181,165,440,4,8,4
362,511,327,181,164,440,4,8,2
363,511,327,182,164,440,4,8,1
364,511,327,182,165,440,4,8,0
365,510,327,182,165,440,4,8,0
366,510,327,182,165,440,4,8,0
367,510,327,182,166,440,4,8,0
368,510,327,183,165,440,4,8,0
369,510,327,183,165,440,4,8,0
370,509,328,182,164,440,4,8,1
371,509,328,182,164,440,4,8,3
372,510,328,183,171,440,4,8,5
373,509,328,183,171,440,4,8,6
374,510,328,182,171,440,4,8,7
375,510,328,182,172,440,4,8,7
376,509,327,181,172,440,4,8,6
377,510,328,182,172,440,4,8,4
378,508,327,182,172,440,4,8,2
379,508,327,182,172,440,4,8,1
380,508,327,182,172,440,4,8,0
381,508,327,182,172,440,4,8,0
382,508,327,182,172,440,4,8,0
383,509,327,183,173,440,4,8,0
384,510,327,182,173,440,4,8,0
385,510,327,182,173,440,4,8,0
386,510,327,181,172,440,4,8,0
387,510,327,182,172,440,4,8,0
388,510,327,182,172,440,4,8,0
389,510,328,182,172,440,4,8,0
390,510,328,181,171,440,4,8,0
391,510,328,181,171,440,4,8,0
392,510,328,182,170,440,4,8,0
393,510,328,182,172,440,4,8,0
394,510,328,182,172,440,4,8,2
395,510,328,182,171,440,4,8,2
396,509,327,183,164,440,4,8,2
397,510,328,181,171,440,4,8,1
398,510,328,181,171,440,4,8,0
399,510,328,181,171,440,4,8,0
400,510,328,181,171,440,4,8,1
401,509,327,180,172,440,4,8,2
402,510,327,181,172,440,4,8,2
403,510,327,182,172,440,4,8,1
404,510,328,182,172,440,4,8,0
405,509,327,183,172,440,4,8,0
406,509,327,183,172,440,4,8,1
407,510,328,182,172,440,4,8,3
408,510,328,183,165,440,4,8,4
409,510,328,183,165,440,4,8,3
410,510,328,182,172,440,4,8,1
411,510,328,182,171,440,4,8,0
412,509,327,183,173,440,4,8,1
413,509,327,182,172,440,4,8,3
414,510,327,182,172,440,4,8,4
415,509,327,183,172,440,4,8,3
416,509,328,182,171,440,4,8,1
417,509,327,181,172,440,4,8,1
418,509,327,182,172,440,4,8,0
419,509,327,183,172,440,4,8,0
420,508,327,182,171,440,4,8,0
421,507,327,183,171,440,4,8,0
422,507,327,183,170,440,4,8,0
423,507,327,182,171,440,4,8,0
424,508,327,182,171,440,4,8,0
425,508,327,182,171,440,4,8,0
426,508,328,182,170,440,4,8,0
427,509,329,182,170,440,4,8,1
428,509,328,182,172,440,4,8,1
429,510,328,182,172,440,4,8,1
430,510,328,182,172,440,4,8,1
431,510,328,182,172,440,4,8,1
432,510,328,182,172,440,4,8,1
433,510,328,182,172,440,4,8,0
434,510,328,182,172,440,4,8,0
435,510,328,181,171,440,4,8,0
436,510,328,182,171,440,4,8,0
437,510,328,182,171,440,4,8,0
438,510,328,181,172,440,4,8,1
439,509,328,182,171,440,4,8,2
440,507,328,182,168,440,4,8,3
441,507,328,183,167,440,4,8,4
442,508,327,182,169,440,4,8,5
443,507,327,182,169,440,4,8,5
444,508,327,182,169,440,4,8,4
445,508,327,182,167,440,4,8,3
446,508,327,181,169,440,4,8,2
447,508,327,182,171,440,4,8,1
448,508,327,181,170,440,4,8,1
449,508,327,182,168,440,4,8,2
450,509,328,183,170,440,4,8,3
451,510,328,182,171,440,4,8,3
452,510,328,182,171,440,4,8,2
453,510,328,182,171,440,4,8,2
454,510,328,182,171,440,4,8,2
455,510,328,182,171,440,4,8,1
456,510,328,181,171,440,4,8,0
457,510,328,181,171,440,4,8,0
458,509,328,182,171,440,4,8,0
459,509,328,183,171,440,4,8,0
460,510,328,182,171,440,4,8,0
461,509,328,183,171,440,4,8,0
462,509,328,183,170,440,4,8,0
463,510,328,182,170,440,4,8,0
464,510,328,182,170,440,4,8,0
465,508,328,182,170,440,4,8,1
466,507,327,182,170,440,4,8,3
467,507,327,182,170,440,4,8,4
468,509,327,183,164,440,4,8,6
469,509,327,183,165,440,4,8,7
470,509,327,182,165,440,4,8,7
471,510,327,182,164,440,4,8,6
472,510,327,182,165,440,4,8,5
473,510,328,181,166,440,4,8,3
474,511,328,181,166,440,4,8,2
475,510,328,182,165,440,4,8,2
476,510,328,181,165,440,4,8,4
477,511,328,181,165,440,4,8,6
478,511,330,181,172,440,4,8,6
479,511,330,181,172,440,4,8,4
480,510,328,181,165,440,4,8,2
481,510,328,181,165,440,4,8,1
482,510,328,181,164,440,4,8,3
483,510,328,182,164,440,4,8,5
484,510,328,181,165,440,4,8,7
485,510,328,181,163,440,4,8,5
486,509,327,181,164,440,4,8,3
487,509,327,182,165,440,4,8,3
488,508,327,184,165,440,4,8,4
489,506,327,183,170,440,4,8,5
490,507,328,182,171,440,4,8,3
491,509,327,182,164,440,4,8,1
492,508,327,183,165,440,4,8,2
493,508,327,183,164,440,4,8,3
494,507,328,182,172,440,4,8,3
495,508,327,182,165,440,4,8,3
496,510,327,181,172,440,4,8,4
497,510,327,181,172,440,4,8,6
498,510,327,181,172,440,4,8,5
499,510,327,181,172,440,4,8,5
500,510,326,182,174,440,4,8,4
501,510,326,181,174,440,4,8,4
502,510,327,181,174,440,4,8,3
503,510,327,181,173,440,4,8,5
504,510,327,182,167,440,4,8,5
505,510,327,182,167,440,4,8,3
506,510,327,182,174,440,4,8,1
507,510,327,182,174,440,4,8,0
508,509,327,180,174,440,4,8,0
509,508,327,181,174,440,4,8,1
510,508,327,182,167,440,4,8,1
511,508,328,181,174,440,4,8,2
512,508,328,180,174,440,4,8,0
513,508,328,181,174,440,4,8,0
514,508,328,181,174,440,4,8,1
515,508,328,181,174,440,4,8,2
516,509,328,180,170,440,4,8,3
517,509,328,180,171,440,4,8,3
518,509,328,180,170,440,4,8,3
519,508,327,180,171,440,4,8,3
520,508,327,180,171,440,4,8,3
521,509,327,180,171,440,4,8,2
522,509,327,180,172,440,4,8,1
523,509,327,181,173,440,4,8,2
524,509,327,180,173,440,4,8,2
525,509,327,180,173,440,4,8,2
526,509,328,180,172,440,4,8,2
527,510,327,179,173,440,4,8,1
528,511,327,180,172,440,4,8,1
529,511,327,180,172,440,4,8,1
530,511,327,180,172,440,4,8,0
531,511,328,180,172,440,4,8,0
532,511,328,180,172,440,4,8,0
533,511,328,180,172,440,4,8,0
534,510,327,179,171,440,4,8,0
535,509,328,179,171,440,4,8,0
536,508,327,181,172,440,4,8,0
537,508,326,182,172,440,4,8,1
538,508,327,182,171,440,4,8,1
539,507,327,182,171,440,4,8,1
540,507,327,182,171,440,4,8,0
541,508,327,181,171,440,4,8,0
542,508,327,181,171,440,4,8,0
543,508,327,182,172,440,4,8,0
544,508,327,181,172,440,4,8,0
545,510,327,182,172,440,4,8,0
546,510,327,182,173,440,4,8,0
547,510,326,181,173,440,4,8,0
548,510,326,181,173,440,4,8,0
549,510,326,182,173,440,4,8,0
550,510,327,182,173,440,4,8,0
551,510,327,182,173,440,4,8,0
552,511,327,181,174,440,4,8,1
553,511,327,181,173,440,4,8,1
554,510,327,181,174,440,4,8,1
555,510,327,182,174,440,4,8,0
556,511,327,181,173,440,4,8,0
557,511,327,180,173,440,4,8,0
558,510,327,181,173,440,4,8,0
559,511,327,180,173,440,4,8,0
560,511,327,180,172,440,4,8,0
561,511,327,180,172,440,4,8,0
562,510,327,181,172,440,4,8,0
563,510,327,182,173,440,4,8,0
564,510,327,181,172,440,4,8,0
565,511,327,181,172,440,4,8,0
566,511,327,181,172,440,4,8,0
567,511,327,181,172,440,4,8,0
568,510,327,181,172,440,4,8,0
569,510,327,181,173,440,4,8,0
570,510,327,181,173,440,4,8,0
571,511,327,181,172,440,4,8,0
572,511,327,181,173,440,4,8,0
573,511,327,181,173,440,4,8,0
574,510,327,181,172,440,4,8,0
575,510,327,181,173,440,4,8,0
576,510,327,181,172,440,4,8,0
577,510,327,181,173,440,4,8,0
578,510,327,181,173,440,4,8,0
579,511,328,181,172,440,4,8,0
580,511,328,180,172,440,4,8,0
581,512,328,179,172,440,4,8,0
582,511,328,181,172,440,4,8,0
583,511,328,180,172,440,4,8,0
584,511,328,180,171,440,4,8,0
585,511,328,181,172,440,4,8,0
586,511,327,180,173,440,4,8,0
587,509,326,181,172,440,4,8,0
588,510,327,180,172,440,4,8,0
589,511,327,181,172,440,4,8,0
590,510,327,181,172,440,4,8,0
591,509,327,181,174,440,4,8,1
592,508,326,182,174,440,4,8,1
593,509,327,181,174,440,4,8,2
594,509,327,180,174,440,4,8,1
595,509,327,180,174,440,4,8,1
596,510,327,180,175,440,4,8,0
597,510,327,180,175,440,4,8,0
598,510,327,180,174,440,4,8,0
599,510,327,180,174,440,4,8,0
600,510,327,180,174,440,4,8,0
601,510,327,180,174,440,4,8,0
602,509,327,180,173,440,4,8,0
603,510,327,181,173,440,4,8,0
604,510,327,182,174,440,4,8,0
605,510,327,181,174,440,4,8,0
606,510,327,182,173,440,4,8,1
607,509,327,181,175,440,4,8,1
608,509,327,181,175,440,4,8,1
609,509,327,181,175,440,4,8,0
610,510,326,182,174,440,4,8,0
611,510,326,182,174,440,4,8,0
612,510,327,181,173,440,4,8,0
613,511,327,181,173,440,4,8,1
614,511,327,181,173,440,4,8,0
615,511,327,181,174,440,4,8,0
616,511,327,181,173,440,4,8,0
617,511,327,180,174,440,4,8,0
618,511,327,180,173,440,4,8,0
619,511,327,181,173,440,4,8,0
620,511,328,181,173,440,4,8,0
621,511,327,181,173,440,4,8,0
622,511,327,181,172,440,4,8,0
623,511,327,181,172,440,4,8,0
624,510,327,181,173,440,4,8,0
625,510,327,181,173,440,4,8,0
626,510,327,181,173,440,4,8,0
627,511,328,181,172,440,4,8,0
628,510,328,181,172,440,4,8,0
629,510,328,181,172,440,4,8,0
630,510,328,181,172,440,4,8,0
631,510,328,181,172,440,4,8,0
632,510,328,181,172,440,4,8,0
633,510,328,182,172,440,4,8,0
634,511,327,180,173,440,4,8,0
635,512,327,180,173,440,4,8,0
636,511,327,180,174,440,4,8,0
637,511,327,180,174,440,4,8,0
638,511,327,181,174,440,4,8,0
639,511,327,180,174,440,4,8,0
640,511,327,181,174,440,4,8,0
641,511,328,181,174,440,4,8,0
642,511,328,181,174,440,4,8,0
643,511,328,181,174,440,4,8,0
644,511,328,180,174,440,4,8,0
645,511,328,180,173,440,4,8,0
646,511,328,180,173,440,4,8,0
647,511,328,181,173,440,4,8,0
648,511,328,180,174,440,4,8,0
649,511,329,180,174,440,4,8,0
650,512,329,180,174,440,4,8,0
651,511,328,180,174,440,4,8,0
652,511,328,181,174,440,4,8,0
653,511,328,181,174,440,4,8,0
654,511,329,180,174,440,4,8,0
655,511,329,181,174,440,4,8,0
656,511,328,181,174,440,4,8,0
657,511,328,181,175,440,4,8,0
658,511,328,181,174,440,4,8,0
659,511,328,181,174,440,4,8,0
660,511,328,180,173,440,4,8,0
661,512,328,180,173,440,4,8,0
662,512,328,181,173,440,4,8,0
663,512,328,181,174,440,4,8,0
664,512,328,181,174,440,4,8,0
665,512,328,181,173,440,4,8,0
666,511,328,181,173,440,4,8,0
667,511,328,181,173,440,4,8,0
668,511,328,181,173,440,4,8,0
669,511,328,182,173,440,4,8,0
670,510,329,182,172,440,4,8,0
671,510,328,182,172,440,4,8,0
672,511,328,181,173,440,4,8,0
673,511,328,181,173,440,4,8,0
674,511,328,181,173,440,4,8,0
675,511,328,181,173,440,4,8,0
676,511,327,182,173,440,4,8,0
677,510,328,181,174,440,4,8,0
678,511,327,181,175,440,4,8,0
679,510,327,181,175,440,4,8,0
680,510,327,181,175,440,4,8,1
681,510,327,181,175,440,4,8,1
682,510,327,181,175,440,4,8,1
683,510,327,181,175,440,4,8,0
684,510,327,181,174,440,4,8,0
685,510,327,181,174,440,4,8,0
686,510,327,181,175,440,4,8,0
687,510,327,181,174,440,4,8,0
688,510,327,181,174,440,4,8,0
689,510,327,181,174,440,4,8,0
690,510,327,181,173,440,4,8,0
691,511,327,180,174,440,4,8,0
692,511,327,181,173,440,4,8,0
693,511,327,181,173,440,4,8,0
694,512,328,181,173,440,4,8,0
695,512,328,181,174,440,4,8,0
696,512,328,181,174,440,4,8,0
697,512,330,181,172,440,4,8,1
698,512,330,182,172,440,4,8,1
699,512,331,182,172,440,4,8,1
700,511,331,183,172,440,4,8,1
701,512,330,182,173,440,4,8,1
702,511,330,183,173,440,4,8,1
703,511,330,183,173,440,4,8,0
704,511,330,182,173,440,4,8,0
705,511,330,182,173,440,4,8,0
706,512,330,182,172,440,4,8,1
707,512,330,181,172,440,4,8,1
708,512,331,181,170,440,4,8,1
709,512,331,181,170,440,4,8,2
710,512,331,181,170,440,4,8,2
711,512,330,181,170,440,4,8,2
712,512,330,180,170,440,4,8,1
713,512,330,180,171,440,4,8,1
714,511,329,182,171,440,4,8,0
715,512,331,181,170,440,4,8,0
716,512,331,181,170,440,4,8,0
717,512,331,181,170,440,4,8,0
718,512,330,181,170,440,4,8,0
719,512,330,181,170,440,4,8,1
720,512,330,182,172,440,4,8,1
721,512,330,182,172,440,4,8,1
722,512,330,182,173,440,4,8,1
723,512,329,182,173,440,4,8,2
724,512,331,180,174,440,4,8,3
725,511,331,181,174,440,4,8,2
726,512,331,180,174,440,4,8,1
727,512,329,182,174,440,4,8,0
728,512,329,182,174,440,4,8,0
729,512,331,180,173,440,4,8,0
730,511,330,182,173,440,4,8,1
731,512,330,182,174,440,4,8,0
732,512,330,181,173,440,4,8,0
733,512,330,180,172,440,4,8,0
734,512,330,181,171,440,4,8,0
735,512,330,181,172,440,4,8,0
736,511,330,182,172,440,4,8,0
737,510,330,182,172,440,4,8,0
738,511,330,182,172,440,4,8,0
739,511,330,181,173,440,4,8,0
740,511,330,182,173,440,4,8,0
741,512,331,181,172,440,4,8,0
742,512,331,181,172,440,4,8,0
743,512,331,181,171,440,4,8,0
744,513,330,180,172,440,4,8,0
745,513,330,181,173,440,4,8,0
746,512,330,182,172,440,4,8,0
747,512,330,181,174,440,4,8,1
748,512,330,181,173,440,4,8,1
749,513,332,179,174,440,4,8,2
750,512,330,181,173,440,4,8,1
751,512,331,179,174,440,4,8,1
752,512,331,180,174,440,4,8,1
753,512,331,180,173,440,4,8,1
754,511,331,180,174,440,4,8,1
755,512,330,182,173,440,4,8,1
756,512,331,181,171,440,4,8,2
757,511,331,183,171,440,4,8,3
758,511,331,183,171,440,4,8,3
759,511,331,183,171,440,4,8,3
760,512,330,182,171,440,4,8,2
761,512,330,181,172,440,4,8,1
762,512,330,182,172,440,4,8,0
763,512,330,182,171,440,4,8,0
764,512,330,182,171,440,4,8,0
765,512,330,182,171,440,4,8,0
766,512,330,181,172,440,4,8,0
767,512,330,181,173,440,4,8,0
768,512,330,181,173,440,4,8,0
769,512,330,181,173,440,4,8,0
770,512,330,181,173,440,4,8,0
771,513,330,181,173,440,4,8,0
772,512,330,181,173,440,4,8,0
773,512,330,181,173,440,4,8,0
774,512,329,182,173,440,4,8,0
775,512,330,182,172,440,4,8,0
776,512,330,182,172,440,4,8,0
777,512,330,182,173,440,4,8,0
778,512,330,181,171,440,4,8,0
779,512,329,181,173,440,4,8,0
780,512,330,180,171,440,4,8,0
781,511,328,181,172,440,4,8,0
782,511,328,181,173,440,4,8,0
783,511,328,181,172,440,4,8,0
784,511,328,181,173,440,4,8,0
785,510,328,181,173,440,4,8,0
786,510,328,181,173,440,4,8,0
787,510,328,181,173,440,4,8,0
788,511,328,181,173,440,4,8,0
789,511,328,181,173,440,4,8,0
790,511,328,181,173,440,4,8,0
791,511,328,181,173,440,4,8,0
792,511,329,181,172,440,4,8,0
793,512,329,180,172,440,4,8,0
794,512,329,180,173,440,4,8,0
795,512,329,180,173,440,4,8,0
796,512,329,180,173,440,4,8,0
797,513,330,180,172,440,4,8,1
798,513,330,180,173,440,4,8,1
799,513,329,180,173,440,4,8,0
800,513,329,180,173,440,4,8,0
801,512,329,180,173,440,4,8,0
802,513,329,180,173,440,4,8,0
803,512,329,180,173,440,4,8,0
804,513,329,180,173,440,4,8,0
805,513,330,180,172,440,4,8,0
806,512,330,180,172,440,4,8,0
807,511,329,181,173,440,4,8,0
808,512,328,181,173,440,4,8,0
809,512,328,181,173,440,4,8,0
810,512,328,181,173,440,4,8,0
811,512,328,180,173,440,4,8,0
812,512,328,180,173,440,4,8,0
813,512,328,180,173,440,4,8,0
814,512,328,180,173,440,4,8,0
815,512,328,180,173,440,4,8,0
816,512,329,180,173,440,4,8,0
817,512,329,180,173,440,4,8,0
818,512,329,179,173,440,4,8,0
819,512,328,180,173,440,4,8,0
820,512,329,179,173,440,4,8,0
821,512,328,179,173,440,4,8,0
822,512,329,179,172,440,4,8,0
823,513,330,179,172,440,4,8,0
824,513,329,179,172,440,4,8,0
825,512,329,179,172,440,4,8,0
826,512,329,179,172,440,4,8,0
827,512,329,180,172,440,4,8,0
828,512,329,180,172,440,4,8,0
829,512,329,180,173,440,4,8,0
830,512,329,180,173,440,4,8,0
831,512,329,181,173,440,4,8,0
832,512,329,181,173,440,4,8,0
833,512,329,180,173,440,4,8,0
834,512,330,180,173,440,4,8,0
835,512,330,181,173,440,4,8,0
836,512,330,181,173,440,4,8,0
837,512,330,180,173,440,4,8,0
838,512,330,180,173,440,4,8,0
839,512,330,180,173,440,4,8,0
840,512,330,180,173,440,4,8,1
841,512,329,180,172,440,4,8,1
842,511,329,180,171,440,4,8,2
843,512,328,180,172,440,4,8,2
844,511,328,180,171,440,4,8,2
845,511,328,180,172,440,4,8,2
846,511,328,180,172,440,4,8,1
847,511,328,180,172,440,4,8,1
848,511,328,181,173,440,4,8,1
849,512,329,180,171,440,4,8,1
850,513,330,180,171,440,4,8,2
851,513,330,180,172,440,4,8,2
852,513,330,180,172,440,4,8,2
853,513,330,180,173,440,4,8,2
854,513,330,180,172,440,4,8,1
855,513,330,180,172,440,4,8,1
856,513,330,180,172,440,4,8,0
857,513,330,180,172,440,4,8,0
858,513,331,180,172,440,4,8,0
859,513,331,180,172,440,4,8,0
860,513,331,180,171,440,4,8,0
861,513,330,180,171,440,4,8,0
862,513,331,180,169,440,4,8,0
863,512,329,180,172,440,4,8,1
864,512,328,180,173,440,4,8,1
865,511,328,181,172,440,4,8,1
866,511,328,181,173,440,4,8,0
867,510,328,182,173,440,4,8,0
868,510,328,182,173,440,4,8,0
869,510,328,181,172,440,4,8,0
870,510,328,182,172,440,4,8,0
871,510,328,182,172,440,4,8,0
872,510,328,182,173,440,4,8,0
873,510,328,182,173,440,4,8,0
874,510,328,182,173,440,4,8,0
875,510,328,183,173,440,4,8,0
876,511,329,181,173,440,4,8,0
877,511,329,182,172,440,4,8,0
878,511,329,182,173,440,4,8,0
879,510,329,182,172,440,4,8,0
880,511,329,182,173,440,4,8,0
881,511,329,182,173,440,4,8,0
882,511,329,182,173,440,4,8,0
883,511,329,182,172,440,4,8,0
884,512,330,182,172,440,4,8,0
885,512,330,182,172,440,4,8,0
886,512,330,182,172,440,4,8,0
887,512,329,182,173,440,4,8,0
888,511,329,182,173,440,4,8,0
889,511,329,182,173,440,4,8,0
890,510,328,183,173,440,4,8,0
891,510,329,183,172,440,4,8,0
892,510,329,183,172,440,4,8,0
893,510,329,182,171,440,4,8,1
894,510,329,182,171,440,4,8,1
895,510,328,182,172,440,4,8,1
896,510,328,183,172,440,4,8,1
897,510,328,183,172,440,4,8,0
898,510,328,183,172,440,4,8,0
899,510,328,183,172,440,4,8,0
900,511,329,182,173,440,4,8,1
901,511,329,182,173,440,4,8,1
902,511,329,182,172,440,4,8,1
903,511,329,183,174,440,4,8,2
904,511,330,183,172,440,4,8,1
905,511,330,183,172,440,4,8,1
906,511,330,183,172,440,4,8,0
907,511,329,183,173,440,4,8,0
908,511,329,182,173,440,4,8,0
909,510,330,183,172,440,4,8,0
910,511,330,183,172,440,4,8,0
911,511,330,183,172,440,4,8,0
912,511,329,182,173,440,4,8,0
913,511,329,182,173,440,4,8,0
914,511,329,182,173,440,4,8,0
915,511,329,182,173,440,4,8,0
916,511,330,182,171,440,4,8,0
917,511,329,182,172,440,4,8,0
918,511,329,182,173,440,4,8,0
919,511,329,182,173,440,4,8,0
920,511,330,181,172,440,4,8,0
921,511,329,182,173,440,4,8,0
922,511,329,182,173,440,4,8,0
923,511,329,182,173,440,4,8,0
924,511,329,182,173,440,4,8,0
925,510,329,182,172,440,4,8,0
926,510,329,182,172,440,4,8,0
927,510,329,182,172,440,4,8,0
928,511,329,182,172,440,4,8,0
929,511,330,182,171,440,4,8,0
930,511,330,182,171,440,4,8,0
931,511,329,182,173,440,4,8,0
932,511,329,182,173,440,4,8,0
933,511,329,183,173,440,4,8,0
934,510,329,183,173,440,4,8,0
935,510,329,183,173,440,4,8,0
936,510,328,183,173,440,4,8,0
937,510,329,183,173,440,4,8,0
938,510,329,183,173,440,4,8,0
939,510,329,183,172,440,4,8,1
940,509,329,182,172,440,4,8,3
941,509,328,183,167,440,4,8,5
942,509,328,183,167,440,4,8,4
943,509,328,183,166,440,4,8,3
944,508,328,182,174,440,4,8,1
945,508,329,182,174,440,4,8,3
946,508,329,182,174,440,4,8,4
947,509,329,181,174,440,4,8,7
948,509,329,181,174,440,4,8,6
949,509,330,181,174,440,4,8,5
950,509,330,181,173,440,4,8,2
951,509,329,181,174,440,4,8,1
952,509,329,181,174,440,4,8,0
953,509,329,180,173,440,4,8,0
954,510,329,180,174,440,4,8,0
955,510,329,180,174,440,4,8,0
956,509,329,181,174,440,4,8,0
957,509,329,181,175,440,4,8,0
958,509,329,181,175,440,4,8,2
959,509,329,181,175,440,4,8,4
960,509,329,183,167,440,4,8,5
961,509,329,182,166,440,4,8,3
962,509,329,181,174,440,4,8,1
963,509,329,181,174,440,4,8,1
964,509,329,181,174,440,4,8,0
965,509,329,180,174,440,4,8,0
966,509,329,183,167,440,4,8,2
967,509,329,183,167,440,4,8,2
968,509,329,183,167,440,4,8,2
969,509,329,181,175,440,4,8,1
970,508,329,181,174,440,4,8,2
971,508,329,181,173,440,4,8,4
972,508,329,181,173,440,4,8,7
973,509,329,181,173,440,4,8,6
974,509,329,181,174,440,4,8,4
975,509,329,180,174,440,4,8,2
976,509,330,180,174,440,4,8,1
977,509,329,180,175,440,4,8,1
978,510,329,182,172,440,4,8,0
979,510,328,182,172,440,4,8,0
980,509,329,181,173,440,4,8,1
981,509,329,181,173,440,4,8,1
982,509,328,183,173,440,4,8,2
983,509,328,183,173,440,4,8,1
984,509,328,183,171,440,4,8,2
985,508,328,182,170,440,4,8,2
986,509,328,183,170,440,4,8,3
987,509,328,183,171,440,4,8,3
988,507,328,182,169,440,4,8,2
989,507,329,182,170,440,4,8,1
990,508,329,182,171,440,4,8,0
991,508,329,182,168,440,4,8,0
992,508,329,181,169,440,4,8,0
993,508,329,182,170,440,4,8,0
994,508,329,182,169,440,4,8,0
995,508,329,181,169,440,4,8,0
996,509,330,181,169,440,4,8,0
997,508,330,181,170,440,4,8,0
998,508,330,181,170,440,4,8,0
999,508,329,181,170,440,4,8,0
1000,509,329,181,171,440,4,8,1
1001,509,329,181,171,440,4,8,1
1002,509,330,180,172,440,4,8,1
1003,510,329,182,170,440,4,8,0
1004,510,329,182,171,440,4,8,0
1005,510,329,182,171,440,4,8,0
1006,510,329,182,171,440,4,8,0
1007,510,329,182,171,440,4,8,0
1008,509,329,182,170,440,4,8,0
1009,510,329,182,171,440,4,8,0
1010,510,329,182,171,440,4,8,0
1011,510,329,182,171,440,4,8,0
1012,509,329,183,170,440,4,8,0
1013,509,329,181,171,440,4,8,0
1014,509,329,181,171,440,4,8,0
1015,509,330,181,171,440,4,8,0
1016,509,329,183,170,440,4,8,0
1017,509,329,183,170,440,4,8,0
1018,509,329,183,170,440,4,8,0
1019,509,329,183,171,440,4,8,0
1020,510,329,182,171,440,4,8,0
1021,510,328,180,173,440,4,8,0
1022,510,328,180,173,440,4,8,1
1023,510,328,181,173,440,4,8,1
1024,510,328,181,173,440,4,8,1
1025,510,328,181,173,440,4,8,1
1026,510,328,181,173,440,4,8,0
1027,510,327,181,174,440,4,8,0
1028,510,327,181,174,440,4,8,0
1029,511,327,181,174,440,4,8,0
1030,510,327,182,173,440,4,8,0
1031,510,328,182,173,440,4,8,1
1032,510,329,180,175,440,4,8,2
1033,510,329,180,175,440,4,8,3
1034,510,329,180,176,440,4,8,3
1035,510,328,180,176,440,4,8,4
1036,510,329,180,175,440,4,8,3
1037,510,329,180,176,440,4,8,2
1038,511,329,179,175,440,4,8,1
1039,511,330,179,175,440,4,8,1
1040,511,329,181,173,440,4,8,2
1041,510,327,182,174,440,4,8,3
1042,510,327,182,174,440,4,8,4
1043,510,328,183,173,440,4,8,4
1044,510,328,183,173,440,4,8,3
1045,510,328,183,174,440,4,8,2
1046,510,328,182,173,440,4,8,1
1047,510,328,182,174,440,4,8,0
1048,510,328,182,173,440,4,8,0
1049,510,327,182,174,440,4,8,0
1050,510,328,182,173,440,4,8,0
1051,509,328,183,173,440,4,8,0
1052,509,328,183,173,440,4,8,0
1053,510,328,183,173,440,4,8,0
1054,509,327,183,173,440,4,8,0
1055,510,329,180,173,440,4,8,0
1056,510,328,180,173,440,4,8,0
1057,510,328,180,173,440,4,8,0
1058,510,328,180,173,440,4,8,0
1059,510,328,180,173,440,4,8,0
1060,510,328,180,173,440,4,8,0
1061,510,327,182,172,440,4,8,1
1062,510,327,182,173,440,4,8,0
1063,510,327,182,172,440,4,8,0
1064,510,328,182,172,440,4,8,0
1065,510,327,182,173,440,4,8,0
1066,510,327,182,173,440,4,8,0
1067,510,327,182,172,440,4,8,0
1068,510,327,182,173,440,4,8,0
1069,510,327,182,173,440,4,8,0
1070,510,328,182,172,440,4,8,0
1071,510,327,182,173,440,4,8,0
1072,510,327,182,173,440,4,8,0
1073,510,327,182,173,440,4,8,1
1074,511,328,179,173,440,4,8,1
1075,510,328,180,174,440,4,8,1
1076,510,328,180,174,440,4,8,0
1077,510,327,183,173,440,4,8,0
1078,509,327,183,173,440,4,8,0
1079,510,327,182,173,440,4,8,0
1080,510,327,182,173,440,4,8,0
1081,509,328,183,173,440,4,8,0
1082,509,328,183,173,440,4,8,0
1083,509,327,183,173,440,4,8,0
1084,509,327,183,173,440,4,8,0
1085,510,327,182,173,440,4,8,0
1086,510,327,182,173,440,4,8,0
1087,510,327,183,173,440,4,8,0
1088,510,327,182,173,440,4,8,0
1089,510,327,182,172,440,4,8,0
1090,510,327,183,172,440,4,8,0
1091,509,327,183,172,440,4,8,0
1092,509,327,183,174,440,4,8,0
1093,509,327,182,173,440,4,8,0
1094,509,327,180,174,440,4,8,0
1095,508,328,181,173,440,4,8,1
1096,508,328,181,173,440,4,8,1
1097,508,328,181,173,440,4,8,1
1098,509,328,180,172,440,4,8,1
1099,508,327,183,172,440,4,8,1
1100,508,327,183,172,440,4,8,2
1101,509,327,182,171,440,4,8,2
1102,509,327,182,171,440,4,8,2
1103,509,327,182,171,440,4,8,2
1104,508,327,183,170,440,4,8,2
1105,508,327,183,171,440,4,8,1
1106,509,327,182,170,440,4,8,1
1107,509,328,182,171,440,4,8,0
1108,509,328,182,171,440,4,8,0
1109,509,328,182,171,440,4,8,1
1110,509,328,182,170,440,4,8,1
1111,508,327,181,173,440,4,8,1
1112,509,327,183,172,440,4,8,1
1113,508,328,181,173,440,4,8,0
1114,507,328,182,171,440,4,8,0
1115,507,328,182,171,440,4,8,0
1116,508,328,181,172,440,4,8,0
1117,509,328,180,173,440,4,8,0
1118,509,328,181,173,440,4,8,0
1119,509,328,180,172,440,4,8,0
1120,509,328,180,170,440,4,8,0
1121,507,328,182,170,440,4,8,1
1122,507,328,183,171,440,4,8,1
1123,507,328,183,171,440,4,8,1
1124,507,328,183,171,440,4,8,1
1125,507,328,183,171,440,4,8,0
1126,507,328,182,172,440,4,8,1
1127,507,327,182,172,440,4,8,2
1128,506,327,183,168,440,4,8,3
1129,506,327,183,168,440,4,8,3
1130,506,327,183,169,440,4,8,2
1131,506,327,183,170,440,4,8,2
1132,506,327,183,171,440,4,8,2
1133,507,328,183,172,440,4,8,3
1134,509,327,181,172,440,4,8,4
1135,509,328,181,173,440,4,8,4
1136,509,327,181,173,440,4,8,3
1137,509,328,181,173,440,4,8,2
1138,509,327,182,172,440,4,8,1
1139,509,328,181,173,440,4,8,1
1140,509,327,181,173,440,4,8,1
1141,509,327,181,172,440,4,8,1
1142,509,327,181,172,440,4,8,1
1143,509,327,181,172,440,4,8,2
1144,509,327,181,171,440,4,8,3
1145,508,327,182,166,440,4,8,5
1146,506,326,183,168,440,4,8,4
1147,506,327,183,168,440,4,8,4
1148,506,327,183,169,440,4,8,2
1149,506,327,183,169,440,4,8,2
1150,507,327,183,170,440,4,8,2
1151,507,327,183,171,440,4,8,3
1152,508,327,182,170,440,4,8,3
1153,508,327,182,171,440,4,8,3
1154,508,327,182,173,440,4,8,2
1155,508,327,182,172,440,4,8,1
1156,508,327,184,171,440,4,8,0
1157,508,327,184,170,440,4,8,0
1158,509,327,184,170,440,4,8,0
1159,508,327,182,172,440,4,8,0
1160,508,327,183,172,440,4,8,0
1161,508,327,182,170,440,4,8,0
1162,508,327,182,172,440,4,8,2
1163,507,327,183,173,440,4,8,3
1164,508,328,182,175,440,4,8,4
1165,508,328,182,175,440,4,8,2
1166,508,327,183,175,440,4,8,2
1167,508,327,184,173,440,4,8,1
1168,508,327,183,174,440,4,8,2
1169,508,327,182,171,440,4,8,3
1170,508,327,182,171,440,4,8,3
1171,509,327,184,172,440,4,8,2
1172,508,327,184,173,440,4,8,1
1173,508,327,184,173,440,4,8,0
1174,508,327,185,172,440,4,8,1
1175,508,327,185,172,440,4,8,1
1176,507,327,182,173,440,4,8,1
1177,508,327,182,174,440,4,8,1
1178,508,327,182,174,440,4,8,1
1179,508,327,182,174,440,4,8,1
1180,508,327,182,174,440,4,8,0
1181,508,327,182,173,440,4,8,0
1182,508,327,182,173,440,4,8,0
1183,508,327,181,172,440,4,8,0
1184,509,327,181,173,440,4,8,0
1185,508,327,181,174,440,4,8,0
1186,508,327,181,171,440,4,8,1
1187,508,327,181,172,440,4,8,1
1188,508,327,181,170,440,4,8,2
1189,508,327,181,170,440,4,8,3
1190,507,327,181,168,440,4,8,3
1191,508,327,181,170,440,4,8,3
1192,509,327,181,170,440,4,8,2
1193,508,327,181,170,440,4,8,1
1194,508,327,181,169,440,4,8,0
1195,508,327,181,169,440,4,8,0
1196,506,328,182,167,440,4,8,1
1197,506,328,182,167,440,4,8,1
1198,506,328,182,167,440,4,8,1
1199,506,328,182,167,440,4,8,1
1200,507,328,182,167,440,4,8,0
1201,506,328,182,167,440,4,8,1
1202,507,328,182,168,440,4,8,0
1203,507,328,182,168,440,4,8,0
1204,507,328,182,168,440,4,8,0
1205,507,328,182,168,440,4,8,0
1206,507,326,182,169,440,4,8,0
1207,507,326,182,169,440,4,8,0
1208,507,326,182,170,440,4,8,0
1209,507,326,182,170,440,4,8,0
1210,507,326,182,169,440,4,8,0
1211,507,326,182,168,440,4,8,0
1212,507,326,182,169,440,4,8,0
1213,507,326,182,169,440,4,8,0
1214,507,326,182,170,440,4,8,0
1215,507,327,182,169,440,4,8,0
1216,507,327,182,170,440,4,8,0
1217,507,327,182,169,440,4,8,1
1218,507,327,182,169,440,4,8,2
1219,507,327,182,170,440,4,8,2
1220,507,327,182,171,440,4,8,1
1221,507,327,182,170,440,4,8,1
1222,507,328,182,170,440,4,8,1
1223,507,327,182,170,440,4,8,0
1224,506,327,182,170,440,4,8,2
1225,506,327,183,171,440,4,8,4
1226,509,326,182,166,440,4,8,7
1227,508,325,183,166,440,4,8,7
1228,507,325,184,167,440,4,8,7
1229,508,325,183,167,440,4,8,7
1230,508,326,183,166,440,4,8,7
1231,508,326,183,166,440,4,8,6
1232,508,327,183,171,440,4,8,6
1233,508,327,183,171,440,4,8,6
1234,507,326,183,171,440,4,8,5
1235,506,326,183,171,440,4,8,3
1236,507,325,182,168,440,4,8,2
1237,507,325,182,168,440,4,8,3
1238,507,325,182,167,440,4,8,3
1239,507,326,182,168,440,4,8,3
1240,506,326,183,168,440,4,8,2
1241,506,326,183,168,440,4,8,2
1242,507,326,182,169,440,4,8,2
1243,507,326,182,169,440,4,8,2
1244,507,326,182,169,440,4,8,1
1245,506,326,183,169,440,4,8,0
1246,506,326,183,169,440,4,8,0
1247,507,326,183,169,440,4,8,0
1248,507,326,182,169,440,4,8,0
1249,507,326,182,169,440,4,8,0
1250,507,327,182,169,440,4,8,1
1251,508,326,182,171,440,4,8,1
1252,508,326,182,171,440,4,8,1
1253,508,326,182,171,440,4,8,2
1254,508,327,182,171,440,4,8,2
1255,508,327,181,171,440,4,8,2
1256,507,327,183,171,440,4,8,1
1257,507,327,183,171,440,4,8,0
1258,506,327,183,170,440,4,8,0
1259,505,327,184,169,440,4,8,0
1260,506,327,184,169,440,4,8,1
1261,507,327,183,170,440,4,8,2
1262,507,326,183,170,440,4,8,2
1263,507,326,182,169,440,4,8,1
1264,507,327,182,169,440,4,8,0
1265,507,327,182,169,440,4,8,0
1266,507,326,182,170,440,4,8,0
1267,507,327,182,169,440,4,8,0
1268,508,326,182,169,440,4,8,0
1269,508,327,181,169,440,4,8,0
1270,508,327,181,170,440,4,8,0
1271,508,327,181,170,440,4,8,0
1272,508,327,182,170,440,4,8,0
1273,509,327,183,171,440,4,8,1
1274,509,327,183,171,440,4,8,1
1275,509,327,183,171,440,4,8,1
1276,509,327,183,171,440,4,8,0
1277,509,327,183,171,440,4,8,0
1278,508,327,183,171,440,4,8,0
1279,509,327,183,171,440,4,8,0
1280,509,327,183,171,440,4,8,0
1281,509,327,183,171,440,4,8,0
1282,509,327,183,171,440,4,8,0
1283,509,327,183,171,440,4,8,0
1284,510,327,182,172,440,4,8,0
1285,510,327,182,172,440,4,8,0
1286,510,327,182,171,440,4,8,0
1287,509,327,180,170,440,4,8,0
1288,509,327,180,170,440,4,8,0
1289,509,327,180,170,440,4,8,0
1290,509,327,180,170,440,4,8,0
1291,509,327,181,170,440,4,8,0
1292,510,327,182,171,440,4,8,0
1293,509,327,182,171,440,4,8,0
1294,509,327,181,170,440,4,8,0
1295,510,327,182,171,440,4,8,0
1296,508,326,181,169,440,4,8,1
1297,508,326,181,169,440,4,8,2
1298,508,326,181,169,440,4,8,3
1299,508,326,180,169,440,4,8,3
1300,508,326,180,169,440,4,8,2
1301,508,326,180,169,440,4,8,1
1302,508,326,180,169,440,4,8,0
1303,509,326,180,169,440,4,8,0
1304,509,326,180,169,440,4,8,0
1305,509,326,180,169,440,4,8,0
1306,508,326,181,169,440,4,8,0
1307,508,326,181,169,440,4,8,0
1308,509,326,180,169,440,4,8,0
1309,509,327,180,170,440,4,8,0
1310,509,326,180,170,440,4,8,0
1311,509,326,181,170,440,4,8,0
1312,508,326,181,169,440,4,8,0
1313,508,326,181,169,440,4,8,0
1314,508,326,181,169,440,4,8,0
1315,509,326,181,169,440,4,8,0
1316,508,326,181,169,440,4,8,0
1317,508,326,181,169,440,4,8,0
1318,508,326,181,169,440,4,8,0
1319,508,326,181,169,440,4,8,0
1320,508,326,181,169,440,4,8,0
1321,509,326,181,168,440,4,8,0
1322,509,326,180,168,440,4,8,0
1323,509,327,180,168,440,4,8,0
1324,509,326,180,168,440,4,8,0
1325,509,326,180,168,440,4,8,0
1326,509,327,180,168,440,4,8,0
1327,509,326,180,168,440,4,8,0
1328,509,326,180,168,440,4,8,0
1329,508,326,181,168,440,4,8,0
1330,508,326,181,169,440,4,8,0
1331,508,326,181,168,440,4,8,0
1332,508,326,181,169,440,4,8,0
1333,508,326,181,170,440,4,8,0
1334,508,326,181,169,440,4,8,0
1335,508,326,182,170,440,4,8,0
1336,508,326,180,169,440,4,8,0
1337,508,326,180,169,440,4,8,0
1338,508,326,180,169,440,4,8,0
1339,508,326,180,169,440,4,8,0
1340,508,326,180,169,440,4,8,0
1341,508,326,180,169,440,4,8,0
1342,509,326,180,169,440,4,8,0
1343,509,326,180,169,440,4,8,0
1344,509,326,179,168,440,4,8,0
1345,510,326,179,169,440,4,8,1
1346,509,327,179,170,440,4,8,1
1347,509,327,180,170,440,4,8,1
1348,509,326,179,169,440,4,8,0
1349,509,326,179,169,440,4,8,0
1350,509,326,179,169,440,4,8,0
1351,510,326,179,170,440,4,8,0
1352,510,326,179,170,440,4,8,0
1353,510,326,179,170,440,4,8,0
1354,509,326,179,170,440,4,8,0
1355,509,326,179,170,440,4,8,0
1356,509,326,179,170,440,4,8,0
1357,509,326,180,169,440,4,8,0
1358,509,326,180,169,440,4,8,0
1359,508,326,180,169,440,4,8,0
1360,509,326,180,169,440,4,8,0
1361,508,326,180,169,440,4,8,0
1362,508,326,180,170,440,4,8,0
1363,508,326,181,170,440,4,8,0
1364,508,326,181,169,440,4,8,0
1365,508,326,181,170,440,4,8,0
1366,508,327,181,170,440,4,8,0
1367,508,326,180,170,440,4,8,0
1368,508,326,181,170,440,4,8,0
1369,508,326,180,170,440,4,8,0
1370,509,326,180,170,440,4,8,0
1371,509,326,179,170,440,4,8,0
1372,509,326,179,171,440,4,8,0
1373,509,326,179,171,440,4,8,0
1374,509,326,180,171,440,4,8,0
1375,509,326,180,171,440,4,8,0
1376,509,326,179,171,440,4,8,0
1377,510,326,179,171,440,4,8,0
1378,510,326,179,171,440,4,8,1
1379,510,327,179,170,440,4,8,1
1380,509,326,179,168,440,4,8,1
1381,509,326,179,169,440,4,8,1
1382,509,326,180,169,440,4,8,1
1383,509,326,179,169,440,4,8,1
1384,509,326,180,169,440,4,8,1
1385,510,327,181,170,440,4,8,1
1386,510,327,181,170,440,4,8,2
1387,510,327,181,170,440,4,8,2
1388,509,327,182,171,440,4,8,3
1389,509,327,182,171,440,4,8,2
1390,510,327,181,171,440,4,8,2
1391,510,327,181,171,440,4,8,1
1392,509,327,182,172,440,4,8,1
1393,508,326,180,171,440,4,8,0
1394,509,327,183,172,440,4,8,0
1395,510,327,182,173,440,4,8,0
1396,510,327,182,173,440,4,8,0
1397,510,327,182,172,440,4,8,0
1398,509,326,182,172,440,4,8,0
1399,509,327,182,172,440,4,8,0
1400,510,327,182,171,440,4,8,0
1401,510,327,182,171,440,4,8,1
1402,510,327,182,171,440,4,8,1
1403,508,327,181,169,440,4,8,1
1404,509,327,182,172,440,4,8,0
1405,510,326,182,172,440,4,8,0
1406,510,326,182,172,440,4,8,0
1407,510,326,182,172,440,4,8,0
1408,510,327,182,171,440,4,8,0
1409,510,327,182,171,440,4,8,0
1410,510,327,182,171,440,4,8,0
1411,509,327,183,171,440,4,8,0
1412,509,327,183,172,440,4,8,0
1413,509,327,182,171,440,4,8,0
1414,510,326,182,172,440,4,8,0
1415,510,326,182,172,440,4,8,0
1416,510,327,183,172,440,4,8,0
1417,510,327,183,172,440,4,8,0
1418,509,327,183,171,440,4,8,0
1419,510,327,182,171,440,4,8,0
1420,510,327,182,171,440,4,8,0
1421,509,327,183,172,440,4,8,0
1422,509,327,183,172,440,4,8,0
1423,509,327,183,172,440,4,8,0
1424,509,327,183,172,440,4,8,0
1425,509,326,183,172,440,4,8,0
1426,508,327,182,172,440,4,8,0
1427,507,326,182,172,440,4,8,1
1428,507,327,182,171,440,4,8,1
1429,507,326,182,171,440,4,8,2
1430,507,326,182,170,440,4,8,2
1431,507,326,182,170,440,4,8,2
1432,508,326,181,170,440,4,8,1
1433,508,326,181,170,440,4,8,1
1434,508,326,181,170,440,4,8,0
1435,508,326,181,170,440,4,8,0
1436,508,326,181,171,440,4,8,0
1437,508,327,181,170,440,4,8,0
1438,508,327,181,170,440,4,8,0
1439,509,327,181,171,440,4,8,0
1440,509,327,180,171,440,4,8,1
1441,510,327,180,172,440,4,8,1
1442,509,327,181,172,440,4,8,1
1443,509,327,181,172,440,4,8,1
1444,509,327,181,172,440,4,8,1
1445,509,327,181,172,440,4,8,0
1446,509,327,181,172,440,4,8,0
1447,509,327,181,172,440,4,8,0
1448,509,327,181,172,440,4,8,0
1449,510,327,180,172,440,4,8,0
1450,509,327,180,172,440,4,8,0
1451,509,327,180,171,440,4,8,0
1452,509,327,180,170,440,4,8,1
1453,509,327,180,170,440,4,8,1
1454,509,327,180,170,440,4,8,1
1455,509,327,180,171,440,4,8,0
1456,509,327,180,171,440,4,8,0
1457,509,327,180,171,440,4,8,0
1458,509,327,180,171,440,4,8,0
1459,509,327,180,171,440,4,8,0
1460,509,327,180,171,440,4,8,0
1461,509,327,180,171,440,4,8,0
1462,509,327,180,172,440,4,8,1
1463,510,328,179,173,440,4,8,2
1464,509,328,180,172,440,4,8,2
1465,510,328,181,172,440,4,8,2
1466,511,328,181,172,440,4,8,2
1467,511,328,181,172,440,4,8,1
1468,511,328,181,172,440,4,8,0
1469,511,328,181,172,440,4,8,0
1470,511,328,181,172,440,4,8,0
1471,511,328,181,172,440,4,8,0
1472,511,328,181,172,440,4,8,0
1473,511,328,181,172,440,4,8,0
1474,510,328,180,173,440,4,8,0
1475,510,328,180,173,440,4,8,0
1476,509,328,181,173,440,4,8,0
1477,509,328,181,173,440,4,8,0
1478,509,328,181,173,440,4,8,0
1479,509,328,180,173,440,4,8,0
1480,509,328,181,172,440,4,8,0
1481,510,328,180,172,440,4,8,0
1482,510,328,180,172,440,4,8,0
1483,510,328,180,173,440,4,8,0
1484,510,328,182,172,440,4,8,1
1485,510,329,180,174,440,4,8,2
1486,510,329,180,174,440,4,8,1
1487,510,329,180,174,440,4,8,1
1488,511,329,182,171,440,4,8,0
1489,511,329,182,171,440,4,8,1
1490,511,329,182,171,440,4,8,1
1491,511,329,182,171,440,4,8,2
1492,511,329,182,171,440,4,8,2
1493,510,328,183,171,440,4,8,1
1494,510,328,183,171,440,4,8,0
1495,510,328,183,171,440,4,8,0
1496,510,329,183,171,440,4,8,0
1497,510,329,183,171,440,4,8,0
1498,510,329,183,172,440,4,8,0
1499,510,329,183,171,440,4,8,0
1500,510,328,183,172,440,4,8,0
1501,510,328,183,171,440,4,8,0
1502,510,328,184,171,440,4,8,1
1503,510,328,184,171,440,4,8,1
1504,509,328,183,171,440,4,8,1
1505,510,328,183,171,440,4,8,0
1506,510,328,183,171,440,4,8,0
1507,510,328,183,172,440,4,8,0
1508,510,328,183,172,440,4,8,0
1509,510,328,183,172,440,4,8,0
1510,510,328,183,172,440,4,8,0
1511,510,328,183,171,440,4,8,0
1512,510,329,182,171,440,4,8,0
1513,510,328,183,172,440,4,8,0
1514,510,329,183,171,440,4,8,0
1515,510,329,183,171,440,4,8,0
1516,510,328,183,172,440,4,8,0
1517,510,328,183,172,440,4,8,0
1518,510,328,183,172,440,4,8,0
1519,510,328,184,172,440,4,8,0
1520,510,327,183,172,440,4,8,0
1521,510,327,184,173,440,4,8,0
1522,510,327,183,172,440,4,8,0
1523,510,327,183,173,440,4,8,0
1524,510,327,182,172,440,4,8,0
1525,510,327,182,173,440,4,8,0
1526,510,328,182,171,440,4,8,0
1527,511,328,182,170,440,4,8,0
1528,510,328,182,171,440,4,8,0
1529,510,328,182,171,440,4,8,0
1530,510,328,181,171,440,4,8,0
1531,510,328,181,171,440,4,8,0
1532,509,328,181,171,440,4,8,0
1533,509,328,181,172,440,4,8,0
1534,509,328,181,171,440,4,8,0
1535,509,328,181,171,440,4,8,0
1536,510,327,182,172,440,4,8,0
1537,510,327,182,172,440,4,8,0
1538,510,327,182,172,440,4,8,0
1539,510,327,183,173,440,4,8,0
1540,509,327,183,173,440,4,8,0
1541,509,327,183,173,440,4,8,0
1542,510,327,183,173,440,4,8,0
1543,509,327,183,173,440,4,8,0
1544,509,327,183,173,440,4,8,0
1545,509,327,183,173,440,4,8,0
1546,509,327,183,173,440,4,8,0
1547,510,327,183,172,440,4,8,0
1548,510,327,182,171,440,4,8,1
1549,509,327,180,170,440,4,8,1
1550,509,327,181,170,440,4,8,1
1551,509,328,181,170,440,4,8,0
1552,509,328,181,171,440,4,8,0
1553,509,328,181,171,440,4,8,0
1554,508,328,180,171,440,4,8,0
1555,508,328,181,171,440,4,8,0
1556,508,328,181,171,440,4,8,0
1557,509,327,180,171,440,4,8,0
1558,510,327,181,172,440,4,8,0
1559,510,328,182,172,440,4,8,0
1560,510,328,182,171,440,4,8,0
1561,510,328,182,172,440,4,8,0
1562,510,328,181,172,440,4,8,0
1563,510,327,181,172,440,4,8,0
1564,510,327,182,173,440,4,8,0
1565,510,327,182,173,440,4,8,0
1566,510,328,182,172,440,4,8,0
1567,510,327,182,172,440,4,8,0
1568,510,327,182,173,440,4,8,0
1569,510,327,182,173,440,4,8,0
1570,510,327,182,173,440,4,8,0
1571,510,327,182,172,440,4,8,0
1572,510,328,182,172,440,4,8,0
1573,509,327,182,172,440,4,8,0
1574,510,327,182,172,440,4,8,0
1575,510,327,182,173,440,4,8,0
1576,510,327,182,172,440,4,8,0
1577,510,327,183,172,440,4,8,0
1578,509,328,181,172,440,4,8,0
1579,509,328,181,172,440,4,8,0
1580,509,328,181,172,440,4,8,0
1581,509,327,181,172,440,4,8,0
1582,509,327,181,172,440,4,8,0
1583,510,327,182,172,440,4,8,0
1584,509,327,183,174,440,4,8,0
1585,509,327,183,174,440,4,8,0
1586,509,326,183,174,440,4,8,1
1587,510,327,182,174,440,4,8,1
1588,511,327,182,175,440,4,8,1
1589,510,327,182,174,440,4,8,0
1590,510,327,182,174,440,4,8,0
1591,510,327,182,174,440,4,8,0
1592,511,327,182,174,440,4,8,0
1593,511,327,182,173,440,4,8,0
1594,510,328,182,173,440,4,8,0
1595,510,328,182,172,440,4,8,0
1596,510,328,182,172,440,4,8,0
1597,510,329,182,172,440,4,8,0
1598,510,328,182,172,440,4,8,0
1599,510,329,182,172,440,4,8,0
1600,510,328,182,172,440,4,8,0
1601,510,328,182,172,440,4,8,0
1602,510,328,182,172,440,4,8,0
1603,510,328,182,172,440,4,8,0
1604,510,328,182,173,440,4,8,0
1605,510,328,182,173,440,4,8,0
1606,510,328,182,173,440,4,8,0
1607,510,328,182,173,440,4,8,2
1608,510,328,182,173,440,4,8,4
1609,511,327,181,166,440,4,8,6
1610,511,327,181,166,440,4,8,7
1611,511,327,181,166,440,4,8,8
1612,511,327,181,166,440,4,8,6
1613,511,327,181,166,440,4,8,6
1614,509,328,181,172,440,4,8,5
1615,509,328,181,172,440,4,8,7
1616,509,327,183,173,440,4,8,6
1617,509,328,183,172,440,4,8,5
1618,510,328,183,165,440,4,8,5
1619,509,328,183,172,440,4,8,5
1620,509,328,184,164,440,4,8,3
1621,509,328,183,172,440,4,8,1
1622,509,328,183,173,440,4,8,2
1623,509,328,184,173,440,4,8,2
1624,509,328,182,174,440,4,8,4
1625,509,328,181,173,440,4,8,3
1626,509,328,181,173,440,4,8,3
1627,509,328,181,173,440,4,8,1
1628,509,328,182,173,440,4,8,1
1629,508,328,182,173,440,4,8,0
1630,509,328,182,172,440,4,8,0
1631,508,328,182,172,440,4,8,0
1632,509,328,181,172,440,4,8,0
1633,509,328,181,172,440,4,8,0
1634,509,328,183,173,440,4,8,0
1635,509,328,183,173,440,4,8,0
1636,509,328,183,174,440,4,8,0
1637,510,328,183,173,440,4,8,0
1638,509,328,183,173,440,4,8,0
1639,510,328,183,173,440,4,8,0
1640,509,328,183,173,440,4,8,0
1641,509,329,184,172,440,4,8,0
1642,509,328,184,173,440,4,8,0
1643,509,328,183,173,440,4,8,0
1644,510,328,183,172,440,4,8,0
1645,509,328,183,173,440,4,8,0
1646,509,329,183,172,440,4,8,0
1647,509,328,183,172,440,4,8,0
1648,509,328,183,173,440,4,8,0
1649,509,328,183,173,440,4,8,0
1650,509,328,183,173,440,4,8,1
1651,509,328,183,173,440,4,8,2
1652,510,327,182,166,440,4,8,2
1653,509,328,183,173,440,4,8,0
1654,509,328,184,172,440,4,8,0
1655,509,328,184,172,440,4,8,0
1656,510,328,183,172,440,4,8,1
1657,510,328,183,173,440,4,8,2
1658,510,328,183,173,440,4,8,2
1659,510,328,184,172,440,4,8,1
1660,510,328,183,173,440,4,8,0
1661,510,328,183,173,440,4,8,0
1662,510,328,183,173,440,4,8,0
1663,510,328,183,173,440,4,8,0
1664,510,328,183,172,440,4,8,0
1665,510,328,183,173,440,4,8,0
1666,510,328,183,172,440,4,8,0
1667,510,328,183,172,440,4,8,0
1668,511,328,182,173,440,4,8,0
1669,510,328,182,172,440,4,8,0
1670,510,328,182,172,440,4,8,0
1671,510,328,182,172,440,4,8,0
1672,510,328,182,172,440,4,8,0
1673,510,328,182,172,440,4,8,0
1674,510,327,183,173,440,4,8,0
1675,510,327,183,173,440,4,8,0
1676,510,327,183,174,440,4,8,0
1677,510,328,183,173,440,4,8,0
1678,510,327,183,174,440,4,8,0
1679,510,328,183,173,440,4,8,0
1680,510,327,184,173,440,4,8,0
1681,509,328,184,173,440,4,8,0
1682,509,328,184,173,440,4,8,0
1683,509,328,184,173,440,4,8,0
1684,510,328,184,173,440,4,8,0
1685,510,328,184,173,440,4,8,0
1686,510,327,184,174,440,4,8,0
1687,510,328,184,173,440,4,8,0
1688,510,327,184,173,440,4,8,0
1689,510,327,183,174,440,4,8,0
1690,510,327,183,173,440,4,8,0
1691,510,327,184,174,440,4,8,0
1692,510,327,184,174,440,4,8,0
1693,510,327,184,174,440,4,8,0
1694,511,327,182,174,440,4,8,0
1695,510,327,183,175,440,4,8,0
1696,510,327,183,175,440,4,8,0
1697,510,327,183,174,440,4,8,0
1698,510,327,183,174,440,4,8,0
1699,510,327,183,174,440,4,8,0
1700,510,327,183,173,440,4,8,0
1701,510,327,183,174,440,4,8,0
1702,509,327,183,174,440,4,8,0
1703,509,327,183,173,440,4,8,0
1704,509,327,183,174,440,4,8,0
1705,510,327,183,173,440,4,8,0
1706,509,327,184,173,440,4,8,0
1707,510,327,184,174,440,4,8,0
1708,510,327,183,175,440,4,8,0
1709,510,327,184,174,440,4,8,0
1710,510,327,184,174,440,4,8,0
1711,510,327,184,174,440,4,8,0
1712,510,327,183,174,440,4,8,0
1713,510,327,183,174,440,4,8,0
1714,511,328,183,174,440,4,8,0
1715,511,328,184,174,440,4,8,0
1716,510,328,184,174,440,4,8,0
1717,510,328,184,174,440,4,8,0
1718,510,328,184,174,440,4,8,0
1719,510,329,184,174,440,4,8,0
1720,510,328,184,174,440,4,8,0
1721,509,328,185,174,440,4,8,0
1722,510,328,185,174,440,4,8,0
1723,511,329,183,174,440,4,8,0
1724,510,329,184,174,440,4,8,0
1725,510,328,185,174,440,4,8,0
1726,510,328,185,174,440,4,8,0
1727,510,328,185,174,440,4,8,0
1728,510,328,185,175,440,4,8,0
1729,510,328,185,174,440,4,8,0
1730,510,328,185,174,440,4,8,0
1731,510,328,184,174,440,4,8,0
1732,510,328,184,174,440,4,8,0
1733,510,328,184,174,440,4,8,0
1734,510,329,184,174,440,4,8,0
1735,511,329,184,173,440,4,8,0
1736,510,329,184,173,440,4,8,0
1737,511,328,184,174,440,4,8,0
1738,511,328,184,174,440,4,8,0
1739,512,328,183,174,440,4,8,0
1740,512,328,182,174,440,4,8,0
1741,512,328,182,173,440,4,8,0
1742,512,328,182,174,440,4,8,0
1743,512,329,182,172,440,4,8,0
1744,512,329,182,173,440,4,8,0
1745,511,329,183,174,440,4,8,0
1746,511,328,184,175,440,4,8,0
1747,511,327,184,175,440,4,8,0
1748,511,329,184,173,440,4,8,0
1749,511,328,183,174,440,4,8,0
1750,511,328,184,174,440,4,8,0
1751,510,328,184,174,440,4,8,0
1752,511,328,184,174,440,4,8,0
1753,511,329,184,174,440,4,8,0
1754,511,329,184,174,440,4,8,0
1755,511,328,184,174,440,4,8,0
1756,511,329,184,174,440,4,8,0
1757,512,329,183,174,440,4,8,0
1758,512,329,182,174,440,4,8,0
1759,511,329,183,174,440,4,8,0
1760,511,329,183,175,440,4,8,0
1761,511,329,183,174,440,4,8,0
1762,512,329,183,174,440,4,8,0
1763,511,329,183,174,440,4,8,0
1764,511,328,183,174,440,4,8,0
1765,510,328,184,174,440,4,8,0
1766,511,328,184,174,440,4,8,0
1767,511,328,184,174,440,4,8,0
1768,510,328,184,174,440,4,8,0
1769,509,329,184,172,440,4,8,0
1770,509,328,184,174,440,4,8,0
1771,509,328,183,174,440,4,8,0
1772,509,328,184,174,440,4,8,0
1773,510,328,183,174,440,4,8,0
1774,509,328,184,174,440,4,8,0
1775,510,328,183,175,440,4,8,0
1776,511,328,182,174,440,4,8,0
1777,511,328,182,174,440,4,8,0
1778,511,328,182,174,440,4,8,0
1779,512,328,182,174,440,4,8,0
1780,512,329,182,173,440,4,8,0
1781,511,329,182,173,440,4,8,0
1782,512,329,182,174,440,4,8,0
1783,512,329,182,174,440,4,8,0
1784,512,329,182,173,440,4,8,0
1785,512,329,182,173,440,4,8,0
1786,512,329,182,173,440,4,8,0
1787,512,329,182,174,440,4,8,0
1788,512,329,182,174,440,4,8,0
1789,512,329,182,174,440,4,8,0
1790,512,329,182,173,440,4,8,0
1791,512,329,182,172,440,4,8,0
1792,511,329,182,173,440,4,8,0
1793,511,329,182,173,440,4,8,0
1794,510,328,183,173,440,4,8,0
1795,510,328,183,173,440,4,8,0
1796,510,328,182,174,440,4,8,0
1797,510,328,182,173,440,4,8,0
1798,510,328,183,174,440,4,8,0
1799,510,328,183,173,440,4,8,1
1800,511,329,182,174,440,4,8,1
1801,512,329,182,174,440,4,8,1
1802,511,329,183,174,440,4,8,1
1803,512,329,183,174,440,4,8,2
1804,511,329,183,174,440,4,8,2
1805,512,329,183,175,440,4,8,1
1806,511,329,183,175,440,4,8,0
1807,511,328,183,175,440,4,8,0
1808,512,328,182,175,440,4,8,0
1809,511,329,183,175,440,4,8,0
1810,512,329,183,176,440,4,8,0
1811,512,329,183,175,440,4,8,0
1812,512,330,183,173,440,4,8,0
1813,512,330,183,173,440,4,8,0
1814,512,329,183,175,440,4,8,0
1815,512,330,183,175,440,4,8,0
1816,512,328,183,175,440,4,8,0
1817,511,329,184,174,440,4,8,0
1818,511,329,184,173,440,4,8,0
1819,511,329,184,173,440,4,8,1
1820,510,328,185,174,440,4,8,2
1821,509,328,184,173,440,4,8,2
1822,509,328,184,173,440,4,8,2
1823,509,328,184,173,440,4,8,1
1824,509,327,184,173,440,4,8,1
1825,509,328,184,173,440,4,8,0
1826,509,327,184,173,440,4,8,0
1827,509,327,185,173,440,4,8,0
1828,509,327,185,173,440,4,8,0
1829,508,327,185,173,440,4,8,0
1830,509,327,184,173,440,4,8,0
1831,509,328,184,172,440,4,8,0
1832,509,328,184,172,440,4,8,0
1833,509,328,185,173,440,4,8,1
1834,510,329,184,173,440,4,8,1
1835,510,329,184,173,440,4,8,2
1836,509,328,185,174,440,4,8,2
1837,510,328,185,174,440,4,8,2
1838,511,328,184,175,440,4,8,2
1839,511,328,183,175,440,4,8,1
1840,510,328,185,175,440,4,8,1
1841,509,328,186,174,440,4,8,0
1842,509,328,185,174,440,4,8,0
1843,509,328,185,174,440,4,8,0
1844,509,328,184,174,440,4,8,1
1845,509,328,184,173,440,4,8,1
1846,509,327,184,174,440,4,8,0
1847,509,328,184,174,440,4,8,0
1848,509,328,183,174,440,4,8,0
1849,510,327,182,174,440,4,8,0
1850,509,328,182,173,440,4,8,0
1851,509,328,183,173,440,4,8,0
1852,509,328,183,173,440,4,8,0
1853,509,328,183,173,440,4,8,0
1854,509,328,183,173,440,4,8,0
1855,509,328,183,173,440,4,8,0
1856,509,328,182,173,440,4,8,0
1857,509,328,183,172,440,4,8,0
1858,509,328,183,172,440,4,8,0
1859,510,328,183,172,440,4,8,0
1860,510,328,184,173,440,4,8,0
1861,510,327,184,173,440,4,8,0
1862,509,327,184,173,440,4,8,0
1863,510,328,184,173,440,4,8,0
1864,510,328,184,173,440,4,8,0
1865,510,328,184,173,440,4,8,0
1866,509,327,184,173,440,4,8,0
1867,509,327,184,173,440,4,8,0
1868,509,327,184,173,440,4,8,0
1869,509,327,184,173,440,4,8,0
1870,509,328,184,172,440,4,8,0
1871,509,327,184,172,440,4,8,0
1872,509,327,183,173,440,4,8,0
1873,509,327,183,173,440,4,8,0
1874,510,327,183,173,440,4,8,0
1875,509,327,183,173,440,4,8,0
1876,509,327,183,173,440,4,8,0
1877,509,327,183,173,440,4,8,0
1878,509,327,183,173,440,4,8,0
1879,509,327,183,173,440,4,8,0
1880,510,328,183,173,440,4,8,0
1881,510,328,183,173,440,4,8,0
1882,510,327,183,174,440,4,8,0
1883,510,327,183,174,440,4,8,0
1884,509,327,184,174,440,4,8,0
1885,509,327,184,174,440,4,8,0
1886,509,327,184,174,440,4,8,0
1887,509,327,184,173,440,4,8,0
1888,509,327,185,173,440,4,8,0
1889,509,327,184,174,440,4,8,0
1890,509,327,183,174,440,4,8,0
1891,509,327,185,174,440,4,8,0
1892,509,327,185,174,440,4,8,0
1893,508,327,184,173,440,4,8,0
1894,510,327,183,173,440,4,8,0
1895,510,328,183,173,440,4,8,0
1896,508,327,184,173,440,4,8,0
1897,509,328,184,173,440,4,8,0
1898,509,328,184,173,440,4,8,0
1899,509,328,184,174,440,4,8,0
1900,508,328,184,174,440,4,8,1
1901,509,328,184,173,440,4,8,0
1902,509,328,183,174,440,4,8,0
1903,509,328,184,174,440,4,8,0
1904,509,328,184,173,440,4,8,0
1905,509,328,184,173,440,4,8,0
1906,509,328,184,173,440,4,8,0
1907,509,327,184,173,440,4,8,0
1908,509,328,184,172,440,4,8,0
1909,509,328,184,173,440,4,8,0
1910,509,328,184,174,440,4,8,0
1911,509,327,184,174,440,4,8,0
1912,509,328,184,173,440,4,8,0
1913,509,328,183,173,440,4,8,0
1914,509,328,184,173,440,4,8,0
1915,509,328,184,172,440,4,8,0
1916,509,328,184,172,440,4,8,0
1917,509,328,184,173,440,4,8,0
1918,509,328,183,173,440,4,8,0
1919,509,328,183,173,440,4,8,0
1920,510,327,183,174,440,4,8,0
1921,510,327,183,174,440,4,8,0
1922,510,328,183,174,440,4,8,0
1923,510,328,182,173,440,4,8,0
1924,510,328,182,173,440,4,8,0
1925,509,328,183,173,440,4,8,0
1926,510,328,183,173,440,4,8,0
1927,510,328,182,173,440,4,8,0
1928,510,328,183,173,440,4,8,0
1929,510,328,183,173,440,4,8,0
1930,510,328,183,173,440,4,8,0
1931,510,327,183,174,440,4,8,0
1932,509,327,184,175,440,4,8,0
1933,509,327,184,175,440,4,8,0
1934,509,327,184,175,440,4,8,0
1935,509,327,183,175,440,4,8,0
1936,509,327,184,175,440,4,8,0
1937,509,327,184,175,440,4,8,0
1938,509,327,184,175,440,4,8,0
1939,509,327,184,175,440,4,8,0
1940,509,327,184,175,440,4,8,0
1941,508,328,185,173,440,4,8,0
1942,508,328,185,173,440,4,8,0
1943,509,328,185,173,440,4,8,0
1944,509,328,184,173,440,4,8,0
1945,509,328,184,174,440,4,8,0
1946,510,328,184,174,440,4,8,0
1947,510,328,184,174,440,4,8,0
1948,509,327,185,174,440,4,8,0
1949,509,327,184,174,440,4,8,0
1950,510,328,183,174,440,4,8,0
1951,510,328,183,173,440,4,8,0
1952,510,328,183,174,440,4,8,0
1953,510,328,183,173,440,4,8,0
1954,509,328,183,174,440,4,8,0
1955,510,328,183,174,440,4,8,0
1956,510,327,183,174,440,4,8,0
1957,510,327,183,174,440,4,8,0
1958,509,327,183,173,440,4,8,0
1959,509,327,183,173,440,4,8,0
1960,509,328,184,173,440,4,8,0
1961,509,327,183,174,440,4,8,0
1962,509,327,183,173,440,4,8,0
1963,509,327,183,173,440,4,8,0
1964,509,327,184,173,440,4,8,0
1965,509,327,184,173,440,4,8,0
1966,509,327,184,173,440,4,8,0
1967,509,327,184,173,440,4,8,0
1968,509,327,183,174,440,4,8,0
1969,509,327,183,174,440,4,8,1
1970,509,327,183,175,440,4,8,1
1971,509,327,184,175,440,4,8,1
1972,509,327,184,174,440,4,8,0
1973,509,326,184,174,440,4,8,0
1974,509,326,184,175,440,4,8,0
1975,508,326,184,174,440,4,8,0
1976,508,326,185,174,440,4,8,1
1977,508,326,185,174,440,4,8,1
1978,508,326,185,174,440,4,8,0
1979,508,326,184,174,440,4,8,0
1980,509,326,184,174,440,4,8,0
1981,510,327,183,174,440,4,8,0
1982,510,327,183,174,440,4,8,0
1983,509,327,184,173,440,4,8,0
1984,510,328,183,174,440,4,8,0
1985,510,328,182,173,440,4,8,0
1986,510,328,183,173,440,4,8,0
1987,510,328,185,173,440,4,8,0
1988,510,328,184,174,440,4,8,0
1989,510,328,184,174,440,4,8,0
1990,509,327,185,175,440,4,8,0
1991,509,328,185,175,440,4,8,0
1992,510,327,184,175,440,4,8,0
1993,510,327,184,174,440,4,8,0
1994,510,327,183,174,440,4,8,0
1995,510,327,183,174,440,4,8,1
1996,509,327,183,174,440,4,8,1
1997,510,327,182,173,440,4,8,1
1998,510,327,182,173,440,4,8,0
1999,510,327,182,174,440,4,8,0
2000,510,327,182,174,440,4,8,0
2001,510,327,182,173,440,4,8,0
2002,510,327,183,174,440,4,8,0
2003,510,327,183,173,440,4,8,0
2004,509,327,184,174,440,4,8,0
2005,509,327,185,174,440,4,8,0
2006,509,327,185,174,440,4,8,0
2007,509,328,185,173,440,4,8,0
2008,509,328,185,173,440,4,8,0
2009,509,328,185,174,440,4,8,0
2010,509,328,185,174,440,4,8,0
2011,509,328,185,174,440,4,8,0
2012,510,328,185,174,440,4,8,0
2013,510,328,185,174,440,4,8,0
2014,510,328,185,174,440,4,8,0
2015,510,328,185,173,440,4,8,0
2016,509,328,185,172,440,4,8,0
2017,509,328,185,173,440,4,8,0
2018,509,328,185,173,440,4,8,0
2019,509,328,184,173,440,4,8,0
2020,509,327,184,173,440,4,8,0
2021,509,327,185,173,440,4,8,0
2022,509,327,184,173,440,4,8,0
2023,509,327,184,173,440,4,8,0
2024,509,327,184,174,440,4,8,0
2025,508,327,184,174,440,4,8,0
2026,508,328,185,173,440,4,8,0
2027,509,328,185,173,440,4,8,0
2028,509,328,185,173,440,4,8,0
2029,509,328,185,173,440,4,8,1
2030,509,327,185,176,440,4,8,1
2031,510,327,185,176,440,4,8,1
2032,510,327,185,176,440,4,8,1
2033,509,327,186,176,440,4,8,1
2034,509,327,186,176,440,4,8,1
2035,509,327,186,176,440,4,8,0
2036,509,327,185,176,440,4,8,0
2037,509,327,186,176,440,4,8,0
2038,509,326,185,176,440,4,8,0
2039,509,326,184,176,440,4,8,0
2040,510,327,184,175,440,4,8,1
2041,510,327,183,175,440,4,8,1
2042,510,327,182,175,440,4,8,1
2043,510,326,183,175,440,4,8,1
2044,510,326,183,174,440,4,8,1
2045,510,326,183,174,440,4,8,1
2046,510,326,183,174,440,4,8,1
2047,510,326,183,174,440,4,8,0
2048,510,326,183,174,440,4,8,0
2049,510,326,183,174,440,4,8,0
2050,509,326,184,175,440,4,8,0
2051,509,327,183,174,440,4,8,0
2052,510,327,183,174,440,4,8,0
2053,510,327,183,174,440,4,8,0
2054,510,327,183,174,440,4,8,0
2055,510,327,183,174,440,4,8,0
2056,510,327,183,173,440,4,8,0
2057,510,327,184,173,440,4,8,0
2058,510,327,183,173,440,4,8,0
2059,510,327,183,173,440,4,8,0
2060,510,327,183,174,440,4,8,0
2061,510,327,183,174,440,4,8,0
2062,510,327,183,174,440,4,8,0
2063,510,327,183,174,440,4,8,0
2064,511,327,183,175,440,4,8,0
2065,511,327,182,175,440,4,8,0
2066,511,327,182,173,440,4,8,0
2067,511,327,182,173,440,4,8,0
2068,511,327,182,173,440,4,8,0
2069,511,327,182,172,440,4,8,1
2070,511,327,182,173,440,4,8,1
2071,511,327,182,173,440,4,8,0
2072,511,327,182,174,440,4,8,0
2073,510,327,182,174,440,4,8,0
2074,510,327,183,174,440,4,8,1
2075,510,327,183,174,440,4,8,1
2076,510,327,182,174,440,4,8,0
2077,510,327,184,173,440,4,8,0
2078,510,327,183,174,440,4,8,0
2079,510,327,184,174,440,4,8,0
2080,510,327,184,175,440,4,8,0
2081,510,327,184,174,440,4,8,0
2082,510,327,183,174,440,4,8,0
2083,509,327,184,174,440,4,8,0
2084,510,327,183,173,440,4,8,0
2085,509,328,184,174,440,4,8,0
2086,509,328,184,174,440,4,8,0
2087,510,327,182,173,440,4,8,0
2088,510,328,182,172,440,4,8,0
2089,510,327,182,173,440,4,8,0
2090,510,328,182,173,440,4,8,0
2091,510,328,182,173,440,4,8,0
2092,509,327,184,174,440,4,8,0
2093,509,327,184,174,440,4,8,0
2094,509,327,183,174,440,4,8,0
2095,509,327,183,174,440,4,8,0
2096,509,328,183,173,440,4,8,0
2097,509,328,183,174,440,4,8,0
2098,509,328,183,174,440,4,8,0
2099,509,328,183,173,440,4,8,0
2100,509,328,184,172,440,4,8,0
2101,509,328,184,172,440,4,8,0
2102,509,327,184,174,440,4,8,0
2103,510,327,184,173,440,4,8,0
2104,510,328,184,173,440,4,8,0
2105,509,328,184,174,440,4,8,0
2106,510,328,184,174,440,4,8,1
2107,510,328,181,174,440,4,8,1
2108,510,328,180,175,440,4,8,1
2109,510,327,183,173,440,4,8,0
2110,510,328,183,172,440,4,8,1
2111,510,328,183,172,440,4,8,1
2112,509,328,181,172,440,4,8,2
2113,510,328,180,172,440,4,8,2
2114,509,327,184,173,440,4,8,1
2115,510,327,180,172,440,4,8,1
2116,510,327,182,172,440,4,8,1
2117,509,327,181,172,440,4,8,0
2118,509,327,181,172,440,4,8,0
2119,509,328,183,172,440,4,8,0
2120,510,328,183,172,440,4,8,0
2121,510,328,183,172,440,4,8,0
2122,510,327,182,174,440,4,8,1
2123,510,327,182,174,440,4,8,1
2124,510,327,181,174,440,4,8,1
2125,510,328,179,173,440,4,8,1
2126,510,328,180,173,440,4,8,1
2127,510,328,182,173,440,4,8,1
2128,510,328,182,170,440,4,8,1
2129,510,328,183,172,440,4,8,0
2130,509,328,184,172,440,4,8,0
2131,509,328,183,172,440,4,8,0
2132,510,327,183,173,440,4,8,0
2133,510,327,183,173,440,4,8,0
2134,510,327,184,173,440,4,8,0
2135,510,327,184,174,440,4,8,0
2136,510,327,182,174,440,4,8,0
2137,510,327,183,174,440,4,8,0
2138,510,326,183,175,440,4,8,0
2139,509,326,184,174,440,4,8,0
2140,509,326,183,173,440,4,8,0
2141,509,326,183,173,440,4,8,1
2142,508,325,185,174,440,4,8,1
2143,508,325,185,174,440,4,8,1
2144,508,325,185,175,440,4,8,0
2145,508,326,185,174,440,4,8,0
2146,509,326,184,175,440,4,8,0
2147,510,326,182,174,440,4,8,0
2148,510,326,183,173,440,4,8,0
2149,509,326,183,172,440,4,8,0
2150,510,327,183,172,440,4,8,0
2151,509,327,183,171,440,4,8,0
2152,510,327,182,173,440,4,8,1
2153,510,327,182,173,440,4,8,2
2154,511,328,180,175,440,4,8,3
2155,510,327,183,174,440,4,8,2
2156,510,328,180,175,440,4,8,2
2157,509,327,184,174,440,4,8,1
2158,510,328,181,174,440,4,8,1
2159,509,327,183,173,440,4,8,1
2160,509,327,183,173,440,4,8,1
2161,509,327,184,171,440,4,8,1
2162,509,326,182,177,440,4,8,0
2163,509,326,184,173,440,4,8,0
2164,508,327,183,174,440,4,8,1
2165,509,327,183,176,440,4,8,2
2166,508,327,183,177,440,4,8,2
2167,508,327,183,175,440,4,8,2
2168,508,327,183,175,440,4,8,2
2169,508,327,183,177,440,4,8,2
2170,509,328,182,176,440,4,8,2
2171,509,327,184,174,440,4,8,1
2172,509,327,184,173,440,4,8,1
2173,509,328,184,174,440,4,8,1
2174,509,327,184,174,440,4,8,2
2175,509,327,185,174,440,4,8,2
2176,509,327,185,174,440,4,8,1
2177,509,327,185,174,440,4,8,0
2178,509,327,185,174,440,4,8,0
2179,509,327,185,174,440,4,8,0
2180,509,327,185,175,440,4,8,0
2181,508,327,185,175,440,4,8,0
2182,509,327,185,174,440,4,8,0
2183,509,327,185,174,440,4,8,0
2184,509,328,184,173,440,4,8,0
2185,509,327,184,173,440,4,8,0
2186,509,328,185,173,440,4,8,0
2187,509,328,185,172,440,4,8,0
2188,509,329,185,172,440,4,8,0
2189,508,328,186,172,440,4,8,0
2190,509,328,186,172,440,4,8,0
2191,509,328,186,172,440,4,8,0
2192,509,327,185,174,440,4,8,0
2193,509,327,185,174,440,4,8,0
2194,509,327,185,174,440,4,8,0
2195,509,327,185,175,440,4,8,1
2196,508,326,186,175,440,4,8,1
2197,509,326,186,176,440,4,8,1
2198,509,326,186,177,440,4,8,1
2199,509,326,186,176,440,4,8,0
2200,509,326,186,176,440,4,8,0
2201,509,326,186,176,440,4,8,0
2202,509,326,186,175,440,4,8,0
2203,509,327,186,175,440,4,8,0
2204,509,327,186,175,440,4,8,0
2205,509,326,186,175,440,4,8,0
2206,509,326,186,175,440,4,8,0
2207,509,327,186,174,440,4,8,0
2208,509,327,186,173,440,4,8,1
2209,509,327,186,173,440,4,8,1
2210,509,327,185,173,440,4,8,1
2211,509,327,185,173,440,4,8,1
2212,509,326,184,174,440,4,8,1
2213,509,326,184,174,440,4,8,1
2214,509,326,184,174,440,4,8,1
2215,509,327,184,174,440,4,8,1
2216,510,327,184,174,440,4,8,1
2217,509,327,184,174,440,4,8,0
2218,510,327,183,173,440,4,8,0
2219,510,327,183,174,440,4,8,0
2220,509,326,183,173,440,4,8,0
2221,509,326,183,173,440,4,8,1
2222,510,327,183,173,440,4,8,1
2223,509,327,183,173,440,4,8,1
2224,509,327,183,172,440,4,8,0
2225,509,327,183,173,440,4,8,0
2226,509,327,183,173,440,4,8,0
2227,509,327,183,173,440,4,8,0
2228,509,327,184,173,440,4,8,0
2229,509,327,184,172,440,4,8,0
2230,509,327,184,173,440,4,8,0
2231,510,327,183,173,440,4,8,0
2232,510,327,183,173,440,4,8,0
2233,510,327,183,173,440,4,8,0
2234,510,327,183,173,440,4,8,0
2235,510,328,183,174,440,4,8,0
2236,509,327,183,174,440,4,8,0
2237,510,327,183,174,440,4,8,0
2238,510,327,182,174,440,4,8,0
2239,510,326,183,174,440,4,8,0
2240,510,326,183,174,440,4,8,0
2241,510,326,183,174,440,4,8,0
2242,510,327,183,173,440,4,8,0
2243,510,327,183,174,440,4,8,0
2244,509,327,183,174,440,4,8,0
2245,510,327,183,173,440,4,8,0
2246,510,327,183,172,440,4,8,0
2247,510,327,183,173,440,4,8,0
2248,510,327,183,173,440,4,8,0
2249,510,327,183,173,440,4,8,0
2250,510,327,183,173,440,4,8,0
2251,510,327,183,173,440,4,8,0
2252,510,326,183,173,440,4,8,0
2253,510,326,183,173,440,4,8,0
2254,510,326,183,173,440,4,8,0
2255,510,326,183,173,440,4,8,0
2256,510,326,183,173,440,4,8,0
2257,510,326,183,174,440,4,8,0
2258,510,326,183,174,440,4,8,0
2259,510,326,183,174,440,4,8,0
2260,509,326,183,173,440,4,8,0
2261,510,326,183,173,440,4,8,0
2262,509,326,184,174,440,4,8,0
2263,508,326,185,174,440,4,8,0
2264,508,326,185,173,440,4,8,0
2265,509,326,184,172,440,4,8,0
2266,509,326,184,173,440,4,8,0
2267,509,326,184,173,440,4,8,0
2268,509,326,184,173,440,4,8,0
2269,509,326,184,173,440,4,8,0
2270,509,326,184,174,440,4,8,0
2271,509,326,184,174,440,4,8,0
2272,509,326,184,173,440,4,8,0
2273,509,326,184,174,440,4,8,0
2274,509,326,184,173,440,4,8,0
2275,509,326,183,173,440,4,8,0
2276,510,327,183,174,440,4,8,0
2277,510,326,183,174,440,4,8,0
2278,510,326,183,173,440,4,8,0
2279,510,326,183,173,440,4,8,0
2280,510,327,183,173,440,4,8,0
2281,510,327,183,174,440,4,8,0
2282,509,326,184,173,440,4,8,0
2283,509,326,184,173,440,4,8,0
2284,509,326,184,173,440,4,8,0
2285,509,326,183,173,440,4,8,0
2286,509,326,183,173,440,4,8,0
2287,509,326,183,173,440,4,8,0
2288,509,326,183,173,440,4,8,0
2289,509,326,183,173,440,4,8,0
2290,509,326,184,173,440,4,8,0
2291,509,326,183,173,440,4,8,0
2292,510,326,183,173,440,4,8,0
2293,510,326,182,173,440,4,8,0
2294,510,326,182,173,440,4,8,0
2295,510,327,183,172,440,4,8,0
2296,510,327,183,172,440,4,8,0
2297,510,328,183,172,440,4,8,0
2298,510,327,183,170,440,4,8,0
2299,510,327,183,171,440,4,8,0
2300,510,327,183,171,440,4,8,0
2301,510,328,184,171,440,4,8,0
2302,509,328,184,170,440,4,8,0
2303,509,328,184,170,440,4,8,0
2304,509,328,184,170,440,4,8,0
2305,509,328,184,170,440,4,8,0
2306,509,328,184,170,440,4,8,0
2307,509,328,185,170,440,4,8,0
2308,509,328,185,170,440,4,8,0
2309,509,327,184,171,440,4,8,0
2310,509,327,184,171,440,4,8,0
2311,510,327,184,172,440,4,8,0
2312,510,327,182,173,440,4,8,1
2313,511,327,182,173,440,4,8,1
2314,510,327,182,173,440,4,8,1
2315,510,327,182,172,440,4,8,2
2316,510,327,182,173,440,4,8,1
2317,510,327,182,174,440,4,8,1
2318,511,327,182,174,440,4,8,0
2319,511,327,182,174,440,4,8,0
2320,511,327,182,173,440,4,8,0
2321,511,327,182,173,440,4,8,0
2322,511,327,183,173,440,4,8,0
2323,511,328,182,173,440,4,8,0
2324,511,327,182,173,440,4,8,0
2325,510,328,183,172,440,4,8,0
2326,511,328,183,173,440,4,8,0
2327,510,328,183,173,440,4,8,0
2328,511,328,183,172,440,4,8,0
2329,511,328,183,172,440,4,8,0
2330,511,328,183,172,440,4,8,0
2331,511,328,182,172,440,4,8,0
0,1311,211,146,124,441,6,0,5
1,1311,210,147,124,441,6,0,4
2,1311,210,147,124,441,6,0,3
3,1311,210,147,125,441,6,0,2
4,1311,210,147,124,441,6,0,1
5,1312,210,148,124,441,6,0,1
6,1312,210,148,124,441,6,0,0
7,1312,211,148,124,441,6,0,0
8,1313,211,148,124,441,6,0,0
9,1313,211,149,124,441,6,0,0
10,1312,211,149,124,441,6,0,0
11,1312,211,149,124,441,6,0,0
12,1312,211,150,124,441,6,0,0
13,1312,211,150,124,441,6,0,0
14,1312,211,150,124,441,6,0,0
15,1312,211,151,124,441,6,0,0
16,1312,211,150,124,441,6,0,0
17,1312,211,150,124,441,6,0,0
18,1312,211,149,125,441,6,0,0
19,1312,210,149,124,441,6,0,0
20,1311,210,149,125,441,6,0,0
21,1312,210,149,125,441,6,0,1
22,1312,210,149,125,441,6,0,1
23,1311,209,149,125,441,6,0,2
24,1311,210,147,125,441,6,0,1
25,1311,210,147,125,441,6,0,0
26,1311,210,147,125,441,6,0,0
27,1311,210,147,125,441,6,0,0
28,1311,210,147,125,441,6,0,0
29,1311,210,147,125,441,6,0,0
30,1311,210,148,124,441,6,0,0
31,1311,210,148,125,441,6,0,0
32,1311,210,148,124,441,6,0,0
33,1311,211,149,124,441,6,0,0
34,1311,211,149,124,441,6,0,0
35,1311,211,149,124,441,6,0,0
36,1311,211,150,124,441,6,0,0
37,1311,211,150,124,441,6,0,0
38,1311,211,150,123,441,6,0,0
39,1311,211,150,123,441,6,0,0
40,1311,210,150,124,441,6,0,0
41,1311,210,150,125,441,6,0,0
42,1311,210,149,125,441,6,0,0
43,1311,210,150,125,441,6,0,0
44,1311,210,149,125,441,6,0,0
45,1311,210,149,125,441,6,0,0
46,1311,210,149,125,441,6,0,0
47,1312,210,148,125,441,6,0,0
48,1312,210,148,125,441,6,0,0
49,1312,210,148,125,441,6,0,1
50,1312,210,146,126,441,6,0,1
51,1312,210,146,126,441,6,0,1
52,1312,210,145,125,441,6,0,1
53,1312,210,146,124,441,6,0,1
54,1312,210,147,124,441,6,0,2
55,1312,210,147,124,441,6,0,2
56,1312,210,147,124,441,6,0,2
57,1312,210,147,125,441,6,0,1
58,1312,210,148,125,441,6,0,0
59,1312,210,148,125,441,6,0,0
60,1312,210,147,124,441,6,0,0
61,1312,210,147,124,441,6,0,0
62,1312,210,146,124,441,6,0,0
63,1313,210,146,124,441,6,0,0
64,1313,211,145,124,441,6,0,0
65,1312,210,145,124,441,6,0,0
66,1311,210,146,124,441,6,0,0
67,1312,210,146,125,441,6,0,0
68,1312,210,146,125,441,6,0,0
69,1312,210,146,125,441,6,0,0
70,1312,210,146,125,441,6,0,0
71,1312,210,146,125,441,6,0,0
72,1312,209,146,126,441,6,0,0
73,1312,209,146,126,441,6,0,0
74,1312,209,146,126,441,6,0,0
75,1312,209,146,126,441,6,0,0
76,1312,210,146,126,441,6,0,0
77,1312,210,145,125,441,6,0,0
78,1312,210,146,125,441,6,0,0
79,1312,210,146,125,441,6,0,0
80,1312,211,146,124,441,6,0,0
81,1312,211,146,124,441,6,0,0
82,1312,211,146,124,441,6,0,0
83,1312,211,146,124,441,6,0,1
84,1312,211,145,124,441,6,0,1
85,1312,211,145,124,441,6,0,1
86,1312,211,145,124,441,6,0,0
87,1312,211,145,124,441,6,0,0
88,1312,211,145,124,441,6,0,0
89,1312,210,146,125,441,6,0,0
90,1312,210,145,125,441,6,0,0
91,1312,210,146,125,441,6,0,0
92,1312,210,146,125,441,6,0,0
93,1312,210,147,126,441,6,0,1
94,1312,210,147,126,441,6,0,1
95,1312,210,147,126,441,6,0,1
96,1312,210,147,126,441,6,0,0
97,1312,210,147,125,441,6,0,0
98,1312,210,146,125,441,6,0,0
99,1312,211,146,125,441,6,0,0
100,1312,211,147,125,441,6,0,0
101,1312,211,145,124,441,6,0,0
102,1312,211,144,125,441,6,0,0
103,1312,211,145,124,441,6,0,0
104,1312,211,146,124,441,6,0,0
105,1312,211,146,124,441,6,0,0
106,1312,211,146,124,441,6,0,0
107,1312,211,145,124,441,6,0,0
108,1312,211,145,124,441,6,0,0
109,1312,211,146,124,441,6,0,0
110,1312,211,146,124,441,6,0,0
111,1312,211,146,124,441,6,0,0
112,1312,211,146,124,441,6,0,0
113,1312,211,146,125,441,6,0,0
114,1312,211,146,125,441,6,0,0
115,1312,211,146,125,441,6,0,0
116,1312,211,145,125,441,6,0,0
117,1312,211,145,125,441,6,0,0
118,1312,211,145,125,441,6,0,0
119,1312,211,145,125,441,6,0,0
120,1312,212,146,124,441,6,0,0
121,1312,212,146,124,441,6,0,0
122,1312,212,146,124,441,6,0,0
123,1312,212,146,124,441,6,0,0
124,1312,212,145,124,441,6,0,0
125,1312,212,146,123,441,6,0,1
126,1312,212,146,123,441,6,0,1
127,1312,210,146,125,441,6,0,1
128,1312,210,147,125,441,6,0,1
129,1312,211,146,125,441,6,0,0
130,1312,211,146,125,441,6,0,0
131,1312,211,146,125,441,6,0,0
132,1312,211,147,125,441,6,0,1
133,1312,211,146,125,441,6,0,1
134,1312,211,147,125,441,6,0,1
135,1312,211,147,124,441,6,0,0
136,1312,211,147,125,441,6,0,0
137,1312,211,147,125,441,6,0,0
138,1311,211,147,125,441,6,0,0
139,1312,211,147,125,441,6,0,0
140,1312,211,146,125,441,6,0,0
141,1312,211,146,125,441,6,0,0
142,1312,211,146,125,441,6,0,0
143,1312,211,146,125,441,6,0,0
144,1311,211,147,125,441,6,0,0
145,1311,211,147,125,441,6,0,0
146,1311,211,147,125,441,6,0,0
147,1311,211,147,125,441,6,0,0
148,1311,211,148,125,441,6,0,0
149,1311,211,148,125,441,6,0,1
150,1311,211,149,125,441,6,0,2
151,1311,210,148,125,441,6,0,3
152,1311,210,148,125,441,6,0,3
153,1311,210,148,125,441,6,0,3
154,1311,210,148,125,441,6,0,3
155,1311,210,148,125,441,6,0,2
156,1311,210,146,125,441,6,0,2
157,1311,210,146,125,441,6,0,1
158,1311,210,145,126,441,6,0,1
159,1311,210,145,126,441,6,0,1
160,1311,210,145,125,441,6,0,0
161,1311,210,145,125,441,6,0,0
162,1311,210,145,126,441,6,0,0
163,1311,210,145,125,441,6,0,0
164,1311,210,145,126,441,6,0,0
165,1311,210,145,126,441,6,0,0
166,1311,210,145,126,441,6,0,0
167,1311,210,145,126,441,6,0,0
168,1311,210,144,126,441,6,0,0
169,1311,210,145,125,441,6,0,0
170,1311,210,145,125,441,6,0,1
171,1311,210,147,125,441,6,0,1
172,1311,210,147,125,441,6,0,2
173,1312,210,147,125,441,6,0,2
174,1311,210,148,125,441,6,0,1
175,1311,210,148,125,441,6,0,1
176,1311,210,147,124,441,6,0,0
177,1311,210,147,124,441,6,0,0
178,1311,210,147,125,441,6,0,0
179,1311,210,147,125,441,6,0,0
180,1311,210,146,124,441,6,0,0
181,1312,211,146,124,441,6,0,0
182,1311,211,147,124,441,6,0,0
183,1311,210,147,124,441,6,0,0
184,1311,210,148,125,441,6,0,0
185,1311,210,147,125,441,6,0,0
186,1311,210,145,125,441,6,0,0
187,1312,211,145,125,441,6,0,0
188,1311,210,145,125,441,6,0,0
189,1311,210,146,125,441,6,0,0
190,1312,210,145,125,441,6,0,0
191,1311,209,147,126,441,6,0,0
192,1311,210,146,125,441,6,0,1
193,1311,210,146,126,441,6,0,1
194,1311,210,146,126,441,6,0,1
195,1311,210,146,126,441,6,0,0
196,1311,210,146,125,441,6,0,0
197,1311,210,146,125,441,6,0,0
198,1312,210,146,126,441,6,0,1
199,1311,210,147,126,441,6,0,2
200,1311,209,147,126,441,6,0,3
201,1312,210,146,124,441,6,0,2
202,1312,210,147,124,441,6,0,1
203,1312,210,147,124,441,6,0,1
204,1312,210,146,125,441,6,0,1
205,1312,210,146,125,441,6,0,1
206,1313,210,145,125,441,6,0,1
207,1312,210,146,125,441,6,0,1
208,1312,210,145,125,441,6,0,0
209,1312,210,145,125,441,6,0,0
210,1312,210,145,125,441,6,0,0
211,1311,210,145,125,441,6,0,1
212,1311,210,145,126,441,6,0,1
213,1311,210,145,126,441,6,0,1
214,1311,210,145,126,441,6,0,1
215,1311,210,146,126,441,6,0,1
216,1311,210,146,126,441,6,0,1
217,1311,209,146,126,441,6,0,1
218,1311,209,146,126,441,6,0,2
219,1311,209,146,125,441,6,0,2
220,1312,209,146,125,441,6,0,3
221,1312,209,146,125,441,6,0,2
222,1312,209,146,125,441,6,0,1
223,1312,209,147,125,441,6,0,0
224,1312,209,147,125,441,6,0,0
225,1312,209,147,125,441,6,0,0
226,1312,209,147,125,441,6,0,0
227,1312,208,146,125,441,6,0,0
228,1311,209,147,125,441,6,0,0
229,1312,209,147,125,441,6,0,0
230,1311,209,146,125,441,6,0,0
231,1311,209,146,125,441,6,0,0
232,1312,209,146,125,441,6,0,0
233,1312,209,146,125,441,6,0,0
234,1311,210,147,125,441,6,0,0
235,1311,210,147,124,441,6,0,0
236,1311,210,147,124,441,6,0,0
237,1311,210,147,124,441,6,0,1
238,1311,210,147,125,441,6,0,1
239,1311,210,147,124,441,6,0,1
240,1311,210,147,125,441,6,0,0
241,1311,210,147,125,441,6,0,0
242,1311,210,147,124,441,6,0,0
243,1312,210,148,125,441,6,0,0
244,1312,210,148,124,441,6,0,0
245,1311,210,147,124,441,6,0,0
246,1311,210,147,124,441,6,0,0
247,1311,210,147,124,441,6,0,0
248,1311,210,148,125,441,6,0,0
249,1312,210,148,125,441,6,0,0
250,1312,210,147,125,441,6,0,0
251,1312,210,147,125,441,6,0,0
252,1312,210,148,124,441,6,0,0
253,1312,210,146,125,441,6,0,0
254,1312,210,146,125,441,6,0,0
255,1311,210,147,124,441,6,0,0
256,1312,210,147,125,441,6,0,0
257,1312,210,147,125,441,6,0,0
258,1312,209,147,125,441,6,0,0
259,1312,209,147,125,441,6,0,0
260,1312,209,146,125,441,6,0,0
261,1312,210,145,125,441,6,0,0
262,1312,210,148,125,441,6,0,0
263,1312,210,146,125,441,6,0,0
264,1311,210,147,125,441,6,0,0
265,1311,209,147,125,441,6,0,0
266,1312,209,149,125,441,6,0,0
267,1312,210,149,125,441,6,0,0
268,1312,210,149,125,441,6,0,0
269,1312,210,150,125,441,6,0,0
270,1312,210,150,125,441,6,0,0
271,1312,210,147,124,441,6,0,0
272,1312,210,148,125,441,6,0,0
273,1312,210,148,124,441,6,0,0
274,1311,210,149,124,441,6,0,1
275,1311,211,148,124,441,6,0,1
276,1311,211,147,125,441,6,0,2
277,1311,211,147,125,441,6,0,2
278,1311,211,147,125,441,6,0,3
279,1311,211,147,125,441,6,0,3
280,1311,211,147,125,441,6,0,3
281,1311,211,147,125,441,6,0,2
282,1311,211,148,124,441,6,0,2
283,1311,211,148,124,441,6,0,1
284,1312,210,147,125,441,6,0,1
285,1312,211,147,125,441,6,0,0
286,1312,211,147,125,441,6,0,0
287,1312,211,147,125,441,6,0,0
288,1312,210,147,125,441,6,0,0
289,1312,211,148,125,441,6,0,0
290,1312,211,148,125,441,6,0,0
291,1312,211,148,125,441,6,0,0
292,1312,211,149,125,441,6,0,0
293,1312,211,149,125,441,6,0,0
294,1312,211,149,125,441,6,0,1
295,1312,210,149,125,441,6,0,2
296,1312,210,149,125,441,6,0,2
297,1312,210,149,125,441,6,0,2
298,1311,210,149,125,441,6,0,1
299,1312,210,148,125,441,6,0,1
300,1312,210,147,125,441,6,0,1
301,1312,210,147,125,441,6,0,1
302,1312,210,147,125,441,6,0,1
303,1312,211,147,125,441,6,0,2
304,1312,211,147,125,441,6,0,1
305,1312,211,147,125,441,6,0,1
306,1312,210,146,125,441,6,0,0
307,1312,210,147,125,441,6,0,0
308,1312,210,147,125,441,6,0,0
309,1312,210,147,125,441,6,0,1
310,1312,210,147,125,441,6,0,1
311,1312,210,147,125,441,6,0,1
312,1311,210,149,125,441,6,0,1
313,1311,210,148,125,441,6,0,0
314,1311,210,148,124,441,6,0,0
315,1310,210,148,125,441,6,0,0
316,1311,210,147,125,441,6,0,0
317,1311,211,147,125,441,6,0,0
318,1311,211,148,125,441,6,0,0
319,1311,210,147,125,441,6,0,0
320,1311,210,147,125,441,6,0,0
321,1311,210,147,125,441,6,0,0
322,1311,210,149,125,441,6,0,0
323,1311,210,149,125,441,6,0,0
324,1311,210,149,125,441,6,0,0
325,1311,210,149,125,441,6,0,0
326,1311,210,149,125,441,6,0,0
327,1310,210,150,125,441,6,0,0
328,1311,210,149,124,441,6,0,0
329,1310,210,150,124,441,6,0,0
330,1310,210,150,124,441,6,0,1
331,1310,210,149,124,441,6,0,1
332,1310,210,149,124,441,6,0,0
333,1310,210,149,125,441,6,0,0
334,1310,210,149,125,441,6,0,0
335,1310,210,149,125,441,6,0,0
336,1313,210,147,124,441,6,0,0
337,1312,210,146,125,441,6,0,0
338,1313,211,146,124,441,6,0,1
339,1313,211,146,125,441,6,0,1
340,1313,211,146,124,441,6,0,1
341,1313,211,147,124,441,6,0,0
342,1313,210,147,125,441,6,0,0
343,1313,210,147,124,441,6,0,0
344,1312,210,148,125,441,6,0,1
345,1312,210,147,124,441,6,0,1
346,1312,210,147,124,441,6,0,1
347,1312,210,147,124,441,6,0,3
348,1312,210,147,125,441,6,0,3
349,1313,210,153,120,441,6,0,5
350,1313,210,148,125,441,6,0,3
351,1313,210,153,120,441,6,0,5
352,1312,210,148,124,441,6,0,6
353,1313,210,154,119,441,6,0,7
354,1313,209,154,120,441,6,0,7
355,1313,209,154,120,441,6,0,5
356,1314,209,154,120,441,6,0,8
357,1314,209,153,120,441,6,0,6
358,1314,210,153,119,441,6,0,7
359,1314,210,153,119,441,6,0,5
360,1313,211,154,121,441,6,0,5
361,1313,211,154,120,441,6,0,5
362,1313,211,154,120,441,6,0,4
363,1313,211,154,120,441,6,0,7
364,1313,210,154,120,441,6,0,7
365,1313,210,149,124,441,6,0,9
366,1313,210,148,124,441,6,0,6
367,1313,210,147,124,441,6,0,6
368,1312,210,148,124,441,6,0,7
369,1312,210,148,124,441,6,0,6
370,1312,210,148,124,441,6,0,5
371,1312,210,148,124,441,6,0,2
372,1311,210,148,125,441,6,0,2
373,1311,210,148,125,441,6,0,1
374,1311,210,148,125,441,6,0,2
375,1311,210,148,125,441,6,0,1
376,1311,210,147,125,441,6,0,1
377,1311,210,148,125,441,6,0,0
378,1311,210,148,125,441,6,0,0
379,1311,210,148,125,441,6,0,0
380,1311,210,147,125,441,6,0,0
381,1311,210,147,125,441,6,0,0
382,1311,210,147,125,441,6,0,0
383,1311,210,147,124,441,6,0,0
384,1312,210,146,124,441,6,0,1
385,1312,210,146,124,441,6,0,1
386,1312,210,146,124,441,6,0,1
387,1312,210,147,124,441,6,0,1
388,1311,210,147,124,441,6,0,1
389,1311,210,147,124,441,6,0,1
390,1311,210,146,124,441,6,0,0
391,1311,210,146,124,441,6,0,0
392,1311,210,146,124,441,6,0,0
393,1312,210,146,125,441,6,0,1
394,1312,211,147,124,441,6,0,1
395,1312,210,147,125,441,6,0,0
396,1311,210,148,125,441,6,0,0
397,1310,209,148,125,441,6,0,0
398,1311,209,148,125,441,6,0,0
399,1311,209,148,125,441,6,0,0
400,1311,210,147,125,441,6,0,0
401,1311,210,147,125,441,6,0,0
402,1311,210,147,124,441,6,0,1
403,1311,210,147,125,441,6,0,1
404,1311,210,148,125,441,6,0,1
405,1311,210,148,124,441,6,0,0
406,1311,211,148,124,441,6,0,1
407,1311,211,148,124,441,6,0,1
408,1311,211,148,125,441,6,0,1
409,1311,210,148,125,441,6,0,0
410,1311,210,148,125,441,6,0,0
411,1311,211,148,124,441,6,0,1
412,1312,210,147,124,441,6,0,2
413,1312,210,147,124,441,6,0,2
414,1312,210,147,124,441,6,0,2
415,1312,210,147,124,441,6,0,1
416,1312,210,147,125,441,6,0,0
417,1312,210,146,125,441,6,0,0
418,1312,210,147,125,441,6,0,0
419,1312,210,147,125,441,6,0,1
420,1312,210,148,125,441,6,0,1
421,1312,210,148,125,441,6,0,1
422,1312,210,148,125,441,6,0,0
423,1312,210,147,125,441,6,0,0
424,1312,210,147,125,441,6,0,1
425,1312,210,148,125,441,6,0,2
426,1311,210,156,121,441,6,0,4
427,1312,210,149,124,441,6,0,5
428,1312,210,155,121,441,6,0,6
429,1312,210,155,121,441,6,0,5
430,1312,210,155,121,441,6,0,5
431,1312,210,150,124,441,6,0,4
432,1312,210,149,125,441,6,0,5
433,1312,210,149,124,441,6,0,6
434,1312,210,149,124,441,6,0,8
435,1313,210,148,125,441,6,0,7
436,1313,210,149,125,441,6,0,7
437,1313,210,148,125,441,6,0,4
438,1313,210,154,121,441,6,0,4
439,1312,210,149,124,441,6,0,1
440,1311,210,148,125,441,6,0,1
441,1311,210,147,125,441,6,0,0
442,1311,210,147,124,441,6,0,1
443,1311,210,147,124,441,6,0,1
444,1311,210,148,124,441,6,0,2
445,1311,210,148,124,441,6,0,0
446,1311,210,147,125,441,6,0,1
447,1311,211,147,124,441,6,0,1
448,1311,211,148,124,441,6,0,1
449,1311,211,147,124,441,6,0,0
450,1311,210,147,124,441,6,0,0
451,1312,211,148,124,441,6,0,0
452,1312,211,148,124,441,6,0,0
453,1312,210,148,125,441,6,0,0
454,1312,210,148,125,441,6,0,1
455,1312,211,149,124,441,6,0,1
456,1312,211,148,125,441,6,0,1
457,1311,210,148,125,441,6,0,0
458,1312,210,147,125,441,6,0,0
459,1312,210,147,125,441,6,0,0
460,1312,210,147,125,441,6,0,0
461,1312,210,147,125,441,6,0,0
462,1312,211,146,124,441,6,0,0
463,1312,211,146,125,441,6,0,0
464,1312,211,146,125,441,6,0,0
465,1312,211,147,124,441,6,0,0
466,1312,211,148,125,441,6,0,0
467,1312,210,148,125,441,6,0,0
468,1312,211,147,124,441,6,0,0
469,1312,211,147,124,441,6,0,0
470,1312,211,147,124,441,6,0,0
471,1311,211,146,124,441,6,0,0
472,1312,211,146,124,441,6,0,0
473,1312,211,148,124,441,6,0,1
474,1312,211,148,124,441,6,0,1
475,1313,211,154,121,441,6,0,2
476,1313,211,148,124,441,6,0,0
477,1313,211,148,124,441,6,0,0
478,1313,211,148,124,441,6,0,0
479,1313,211,148,124,441,6,0,2
480,1312,210,148,124,441,6,0,2
481,1312,210,148,125,441,6,0,2
482,1313,210,147,125,441,6,0,0
483,1312,210,148,125,441,6,0,0
484,1312,210,147,125,441,6,0,0
485,1312,210,147,125,441,6,0,0
486,1312,210,147,125,441,6,0,0
487,1312,211,148,124,441,6,0,0
488,1312,210,147,125,441,6,0,0
489,1311,211,146,124,441,6,0,0
490,1311,210,146,125,441,6,0,0
491,1311,210,147,124,441,6,0,0
492,1311,210,148,125,441,6,0,0
493,1311,210,148,125,441,6,0,0
494,1311,210,148,125,441,6,0,0
495,1311,209,148,125,441,6,0,0
496,1311,210,147,125,441,6,0,0
497,1311,210,148,125,441,6,0,0
498,1312,210,148,124,441,6,0,0
499,1312,209,148,124,441,6,0,0
500,1311,210,148,125,441,6,0,0
501,1311,210,148,125,441,6,0,0
502,1311,210,148,125,441,6,0,0
503,1311,210,148,125,441,6,0,1
504,1312,210,148,125,441,6,0,3
505,1312,210,148,125,441,6,0,3
506,1312,210,155,122,441,6,0,3
507,1312,209,149,125,441,6,0,2
508,1312,209,149,125,441,6,0,1
509,1312,209,148,126,441,6,0,1
510,1312,209,148,125,441,6,0,2
511,1311,208,148,126,441,6,0,2
512,1311,208,148,126,441,6,0,1
513,1311,209,147,125,441,6,0,1
514,1311,209,147,126,441,6,0,0
515,1311,209,147,126,441,6,0,1
516,1310,209,150,126,441,6,0,1
517,1310,209,150,126,441,6,0,1
518,1310,209,149,125,441,6,0,0
519,1310,209,149,125,441,6,0,0
520,1311,209,148,126,441,6,0,0
521,1310,209,149,126,441,6,0,1
522,1311,210,148,126,441,6,0,1
523,1311,210,149,126,441,6,0,2
524,1311,210,148,126,441,6,0,2
525,1312,210,148,126,441,6,0,2
526,1312,210,148,126,441,6,0,2
527,1312,210,148,126,441,6,0,2
528,1312,210,148,125,441,6,0,1
529,1312,210,149,125,441,6,0,1
530,1312,210,148,125,441,6,0,1
531,1312,210,149,125,441,6,0,1
532,1312,210,149,125,441,6,0,1
533,1312,210,148,125,441,6,0,0
534,1312,210,148,125,441,6,0,0
535,1311,210,148,125,441,6,0,1
536,1311,210,148,126,441,6,0,1
537,1311,210,148,126,441,6,0,1
538,1311,209,148,126,441,6,0,0
539,1310,209,148,125,441,6,0,0
540,1312,210,148,126,441,6,0,0
541,1312,210,148,126,441,6,0,1
542,1312,209,147,126,441,6,0,1
543,1312,209,148,126,441,6,0,1
544,1312,209,148,126,441,6,0,1
545,1312,210,147,125,441,6,0,1
546,1312,210,148,125,441,6,0,0
547,1312,210,148,125,441,6,0,0
548,1312,210,148,125,441,6,0,0
549,1311,210,149,125,441,6,0,1
550,1311,210,150,124,441,6,0,1
551,1311,210,150,124,441,6,0,1
552,1312,210,150,125,441,6,0,0
553,1312,210,150,125,441,6,0,0
554,1312,210,150,125,441,6,0,0
555,1311,210,149,125,441,6,0,0
556,1312,210,155,122,441,6,0,0
557,1311,210,149,125,441,6,0,0
558,1311,210,150,125,441,6,0,0
559,1312,210,150,125,441,6,0,0
560,1312,210,149,125,441,6,0,1
561,1312,210,149,125,441,6,0,3
562,1312,210,148,125,441,6,0,3
563,1312,210,153,122,441,6,0,3
564,1312,209,148,125,441,6,0,1
565,1312,209,148,125,441,6,0,1
566,1312,209,148,125,441,6,0,1
567,1312,209,148,125,441,6,0,2
568,1312,210,148,125,441,6,0,2
569,1312,210,148,125,441,6,0,2
570,1312,209,148,125,441,6,0,0
571,1312,209,148,125,441,6,0,0
572,1312,209,148,125,441,6,0,0
573,1312,210,148,124,441,6,0,0
574,1312,210,148,124,441,6,0,0
575,1312,210,148,125,441,6,0,0
576,1313,210,148,124,441,6,0,0
577,1312,210,148,124,441,6,0,0
578,1312,210,149,124,441,6,0,0
579,1311,210,148,124,441,6,0,0
580,1311,210,148,125,441,6,0,0
581,1311,210,149,124,441,6,0,0
582,1311,210,148,124,441,6,0,0
583,1311,209,149,124,441,6,0,0
584,1311,210,149,124,441,6,0,0
585,1311,210,150,124,441,6,0,0
586,1312,210,149,124,441,6,0,0
587,1311,210,150,124,441,6,0,0
588,1312,210,149,125,441,6,0,0
589,1311,210,150,125,441,6,0,0
590,1311,210,149,124,441,6,0,0
591,1312,210,149,124,441,6,0,0
592,1312,210,149,124,441,6,0,0
593,1312,210,149,124,441,6,0,0
594,1312,210,150,125,441,6,0,0
595,1312,210,150,124,441,6,0,0
596,1312,210,150,125,441,6,0,0
597,1312,209,148,125,441,6,0,0
598,1312,210,149,124,441,6,0,0
599,1312,210,148,124,441,6,0,0
600,1312,209,147,125,441,6,0,0
601,1311,209,147,125,441,6,0,1
602,1311,209,147,125,441,6,0,1
603,1311,210,147,125,441,6,0,1
604,1311,210,147,125,441,6,0,1
605,1311,210,146,125,441,6,0,1
606,1311,209,146,126,441,6,0,1
607,1311,209,148,126,441,6,0,1
608,1311,209,149,126,441,6,0,0
609,1311,209,148,126,441,6,0,1
610,1311,209,149,126,441,6,0,1
611,1311,209,149,125,441,6,0,1
612,1311,210,151,124,441,6,0,0
613,1311,210,151,125,441,6,0,0
614,1311,210,151,125,441,6,0,0
615,1312,210,151,125,441,6,0,0
616,1312,210,151,125,441,6,0,0
617,1312,210,152,124,441,6,0,0
618,1312,210,151,124,441,6,0,1
619,1312,210,151,124,441,6,0,2
620,1312,209,151,124,441,6,0,2
621,1312,210,151,123,441,6,0,2
622,1312,209,151,124,441,6,0,2
623,1312,209,151,123,441,6,0,1
624,1312,210,149,124,441,6,0,1
625,1311,210,150,125,441,6,0,1
626,1311,210,150,125,441,6,0,1
627,1312,209,150,124,441,6,0,1
628,1311,209,151,124,441,6,0,1
629,1311,209,150,124,441,6,0,1
630,1311,209,150,124,441,6,0,1
631,1312,209,150,124,441,6,0,2
632,1312,209,150,124,441,6,0,3
633,1312,209,150,125,441,6,0,3
634,1311,210,156,120,441,6,0,3
635,1311,210,150,124,441,6,0,1
636,1310,210,150,123,441,6,0,1
637,1311,210,150,124,441,6,0,0
638,1312,210,150,124,441,6,0,3
639,1312,211,149,123,441,6,0,4
640,1312,211,149,124,441,6,0,5
641,1312,211,149,124,441,6,0,3
642,1312,210,150,124,441,6,0,2
643,1312,211,151,124,441,6,0,2
644,1312,211,150,124,441,6,0,2
645,1312,211,149,125,441,6,0,3
646,1312,211,149,125,441,6,0,2
647,1312,210,157,122,441,6,0,3
648,1312,210,160,123,441,6,0,2
649,1312,210,158,123,441,6,0,3
650,1312,210,158,123,441,6,0,4
651,1312,210,158,124,441,6,0,4
652,1312,210,158,123,441,6,0,4
653,1312,210,158,124,441,6,0,2
654,1313,211,156,123,441,6,0,2
655,1312,210,156,123,441,6,0,2
656,1312,210,157,122,441,6,0,3
657,1312,210,156,121,441,6,0,3
658,1312,211,150,125,441,6,0,3
659,1312,211,150,125,441,6,0,3
660,1313,210,149,125,441,6,0,4
661,1313,210,148,125,441,6,0,7
662,1313,210,148,125,441,6,0,6
663,1313,210,148,125,441,6,0,5
664,1313,210,148,126,441,6,0,2
665,1312,209,148,125,441,6,0,2
666,1312,210,148,125,441,6,0,1
667,1312,210,151,125,441,6,0,4
668,1312,211,151,124,441,6,0,7
669,1311,210,158,121,441,6,0,11
670,1312,209,157,121,441,6,0,11
671,1312,210,156,120,441,6,0,10
672,1313,210,155,121,441,6,0,7
673,1313,210,155,121,441,6,0,7
674,1313,210,149,125,441,6,0,8
675,1313,210,147,124,441,6,0,10
676,1313,210,148,124,441,6,0,9
677,1313,211,147,123,441,6,0,7
678,1312,210,148,123,441,6,0,4
679,1312,209,148,123,441,6,0,3
680,1312,210,148,124,441,6,0,1
681,1312,210,148,124,441,6,0,0
682,1313,210,148,125,441,6,0,0
683,1313,210,147,125,441,6,0,2
684,1312,210,149,125,441,6,0,3
685,1313,210,148,125,441,6,0,3
686,1313,210,148,126,441,6,0,2
687,1306,210,156,123,441,6,0,1
688,1309,210,152,125,441,6,0,0
689,1311,210,150,124,441,6,0,0
690,1312,210,148,125,441,6,0,0
691,1312,211,148,124,441,6,0,0
692,1313,210,148,125,441,6,0,1
693,1312,211,150,124,441,6,0,2
694,1312,211,151,125,441,6,0,3
695,1313,211,150,125,441,6,0,3
696,1313,211,149,126,441,6,0,3
697,1313,212,148,124,441,6,0,3
698,1313,212,155,121,441,6,0,3
699,1314,211,154,121,441,6,0,2
700,1314,212,153,123,441,6,0,1
701,1314,212,149,124,441,6,0,1
702,1313,212,150,124,441,6,0,2
703,1313,212,150,123,441,6,0,5
704,1312,213,150,123,441,6,0,5
705,1312,213,150,124,441,6,0,5
706,1312,213,150,123,441,6,0,3
707,1313,212,150,124,441,6,0,2
708,1313,212,155,122,441,6,0,2
709,1312,212,150,124,441,6,0,1
710,1312,212,149,124,441,6,0,0
711,1312,212,150,124,441,6,0,0
712,1312,212,150,124,441,6,0,2
713,1312,211,149,124,441,6,0,2
714,1312,211,149,125,441,6,0,3
715,1313,211,148,126,441,6,0,1
716,1312,212,148,125,441,6,0,2
717,1312,212,148,125,441,6,0,2
718,1312,212,149,125,441,6,0,3
719,1312,212,150,125,441,6,0,2
720,1312,212,151,125,441,6,0,1
721,1312,213,151,125,441,6,0,1
722,1312,213,152,125,441,6,0,1
723,1312,213,153,125,441,6,0,1
724,1311,213,153,125,441,6,0,2
725,1312,214,152,124,441,6,0,3
726,1312,214,151,125,441,6,0,3
727,1313,212,158,124,441,6,0,2
728,1312,212,158,124,441,6,0,1
729,1313,213,157,125,441,6,0,0
730,1313,212,158,125,441,6,0,0
731,1313,212,150,126,441,6,0,1
732,1313,212,149,126,441,6,0,1
733,1312,212,148,125,441,6,0,1
734,1312,212,149,124,441,6,0,0
735,1312,212,149,125,441,6,0,1
736,1313,211,150,125,441,6,0,3
737,1313,211,150,125,441,6,0,3
738,1312,211,155,123,441,6,0,3
739,1313,211,149,126,441,6,0,1
740,1313,211,148,126,441,6,0,1
741,1313,212,149,126,441,6,0,1
742,1313,212,149,126,441,6,0,2
743,1312,212,149,125,441,6,0,3
744,1312,212,150,125,441,6,0,3
745,1312,212,150,125,441,6,0,2
746,1312,212,150,125,441,6,0,2
747,1313,212,151,124,441,6,0,2
748,1313,212,150,124,441,6,0,2
749,1313,212,149,124,441,6,0,1
750,1313,213,150,125,441,6,0,1
751,1313,212,157,125,441,6,0,0
752,1313,212,157,125,441,6,0,0
753,1313,212,157,125,441,6,0,0
754,1313,213,157,122,441,6,0,0
755,1313,212,150,125,441,6,0,0
756,1313,212,149,126,441,6,0,0
757,1313,211,156,125,441,6,0,1
758,1313,212,150,126,441,6,0,2
759,1312,212,151,126,441,6,0,3
760,1313,212,151,126,441,6,0,4
761,1312,211,158,124,441,6,0,4
762,1313,211,158,124,441,6,0,3
763,1312,212,152,126,441,6,0,3
764,1312,212,152,126,441,6,0,2
765,1313,212,156,124,441,6,0,3
766,1313,212,150,125,441,6,0,2
767,1312,212,151,125,441,6,0,2
768,1312,212,151,125,441,6,0,1
769,1313,212,151,125,441,6,0,2
770,1313,212,152,125,441,6,0,2
771,1312,212,153,125,441,6,0,2
772,1312,212,153,125,441,6,0,1
773,1312,212,151,126,441,6,0,1
774,1312,212,151,126,441,6,0,0
775,1312,212,151,125,441,6,0,0
776,1311,212,153,125,441,6,0,0
777,1311,212,152,125,441,6,0,0
778,1312,212,150,125,441,6,0,1
779,1312,211,149,126,441,6,0,2
780,1313,211,156,124,441,6,0,2
781,1313,211,150,126,441,6,0,2
782,1313,211,149,125,441,6,0,2
783,1313,210,149,125,441,6,0,3
784,1313,210,149,125,441,6,0,2
785,1312,210,149,125,441,6,0,2
786,1312,211,149,125,441,6,0,1
787,1312,211,150,124,441,6,0,1
788,1312,211,150,125,441,6,0,1
789,1312,211,149,125,441,6,0,1
790,1312,211,150,125,441,6,0,1
791,1313,211,149,125,441,6,0,2
792,1313,210,148,126,441,6,0,2
793,1313,210,148,127,441,6,0,2
794,1313,210,149,126,441,6,0,1
795,1313,210,149,126,441,6,0,2
796,1313,211,149,126,441,6,0,1
797,1313,212,150,125,441,6,0,1
798,1313,211,150,126,441,6,0,0
799,1313,211,150,125,441,6,0,0
800,1313,211,150,125,441,6,0,0
801,1313,211,149,126,441,6,0,0
802,1313,211,149,126,441,6,0,0
803,1313,211,149,126,441,6,0,0
804,1313,211,149,126,441,6,0,1
805,1313,211,148,126,441,6,0,1
806,1313,211,149,126,441,6,0,1
807,1313,211,148,126,441,6,0,1
808,1312,211,148,126,441,6,0,0
809,1313,211,148,126,441,6,0,1
810,1313,211,147,126,441,6,0,1
811,1312,211,148,125,441,6,0,2
812,1312,211,148,125,441,6,0,1
813,1312,211,148,125,441,6,0,1
814,1312,211,148,125,441,6,0,0
815,1312,211,148,125,441,6,0,0
816,1313,211,148,126,441,6,0,0
817,1313,211,148,126,441,6,0,1
818,1313,211,147,126,441,6,0,1
819,1313,211,146,126,441,6,0,1
820,1313,210,146,126,441,6,0,0
821,1313,211,146,126,441,6,0,0
822,1313,211,147,125,441,6,0,0
823,1313,211,147,126,441,6,0,0
824,1313,211,147,126,441,6,0,0
825,1313,211,147,126,441,6,0,0
826,1313,211,148,126,441,6,0,1
827,1312,211,150,125,441,6,0,2
828,1312,211,158,124,441,6,0,4
829,1312,211,158,124,441,6,0,5
830,1312,211,158,124,441,6,0,6
831,1312,211,158,123,441,6,0,6
832,1312,211,158,123,441,6,0,5
833,1312,211,158,123,441,6,0,3
834,1312,211,158,123,441,6,0,1
835,1313,211,158,124,441,6,0,1
836,1313,211,157,124,441,6,0,1
837,1313,211,157,124,441,6,0,2
838,1313,212,157,124,441,6,0,2
839,1313,212,156,124,441,6,0,2
840,1313,211,156,124,441,6,0,2
841,1312,211,150,126,441,6,0,2
842,1312,211,150,125,441,6,0,1
843,1311,211,150,124,441,6,0,0
844,1311,211,149,124,441,6,0,0
845,1311,211,149,124,441,6,0,0
846,1311,211,149,124,441,6,0,0
847,1311,211,149,125,441,6,0,0
848,1312,211,149,125,441,6,0,1
849,1313,211,149,125,441,6,0,1
850,1313,211,149,126,441,6,0,2
851,1313,211,150,126,441,6,0,3
852,1313,212,149,126,441,6,0,4
853,1313,212,150,125,441,6,0,4
854,1313,212,149,125,441,6,0,3
855,1313,212,149,125,441,6,0,2
856,1313,212,149,125,441,6,0,1
857,1313,212,149,125,441,6,0,1
858,1313,212,150,125,441,6,0,0
859,1313,212,149,125,441,6,0,0
860,1313,212,149,125,441,6,0,0
861,1313,212,148,125,441,6,0,0
862,1314,211,148,126,441,6,0,0
863,1313,212,149,126,441,6,0,0
864,1313,211,148,126,441,6,0,0
865,1313,211,149,125,441,6,0,0
866,1312,211,148,125,441,6,0,1
867,1312,210,150,126,441,6,0,1
868,1312,210,150,126,441,6,0,1
869,1312,210,149,126,441,6,0,1
870,1312,210,150,126,441,6,0,1
871,1312,210,150,126,441,6,0,2
872,1312,210,150,125,441,6,0,2
873,1313,210,154,124,441,6,0,2
874,1313,210,149,126,441,6,0,1
875,1313,210,149,126,441,6,0,1
876,1313,211,149,126,441,6,0,1
877,1313,211,149,126,441,6,0,2
878,1313,211,149,126,441,6,0,3
879,1313,211,149,126,441,6,0,3
880,1313,211,149,126,441,6,0,2
881,1313,211,150,126,441,6,0,1
882,1313,211,150,126,441,6,0,1
883,1313,211,150,126,441,6,0,1
884,1313,212,150,125,441,6,0,0
885,1313,212,150,125,441,6,0,1
886,1313,211,150,126,441,6,0,1
887,1313,211,155,124,441,6,0,1
888,1313,211,150,125,441,6,0,1
889,1313,211,149,125,441,6,0,3
890,1313,211,150,125,441,6,0,3
891,1313,211,155,124,441,6,0,3
892,1313,211,150,125,441,6,0,1
893,1313,211,150,125,441,6,0,1
894,1313,211,150,125,441,6,0,0
895,1313,211,150,125,441,6,0,1
896,1313,211,149,125,441,6,0,1
897,1313,211,149,125,441,6,0,1
898,1313,211,149,125,441,6,0,0
899,1313,211,149,125,441,6,0,0
900,1312,210,149,126,441,6,0,0
901,1312,211,149,126,441,6,0,0
902,1312,211,149,126,441,6,0,0
903,1312,210,149,127,441,6,0,0
904,1312,211,150,126,441,6,0,0
905,1312,211,150,126,441,6,0,0
906,1312,211,150,126,441,6,0,0
907,1312,211,150,126,441,6,0,0
908,1313,211,149,126,441,6,0,0
909,1312,211,149,126,441,6,0,0
910,1312,211,149,126,441,6,0,0
911,1313,210,149,126,441,6,0,0
912,1313,210,149,126,441,6,0,0
913,1312,210,149,127,441,6,0,0
914,1312,210,148,126,441,6,0,0
915,1312,211,148,126,441,6,0,0
916,1312,211,148,126,441,6,0,0
917,1312,211,148,125,441,6,0,0
918,1312,211,148,125,441,6,0,0
919,1312,211,148,125,441,6,0,0
920,1312,211,148,126,441,6,0,0
921,1312,210,148,126,441,6,0,0
922,1312,210,147,127,441,6,0,0
923,1312,210,147,127,441,6,0,0
924,1312,210,147,126,441,6,0,0
925,1312,210,147,126,441,6,0,0
926,1312,210,147,126,441,6,0,0
927,1312,210,147,126,441,6,0,0
928,1312,211,148,126,441,6,0,0
929,1312,211,148,126,441,6,0,1
930,1312,211,148,126,441,6,0,1
931,1313,211,148,126,441,6,0,2
932,1313,210,148,127,441,6,0,2
933,1312,211,148,127,441,6,0,2
934,1312,211,148,127,441,6,0,1
935,1312,211,147,126,441,6,0,0
936,1313,211,148,126,441,6,0,0
937,1313,211,148,126,441,6,0,1
938,1313,211,148,125,441,6,0,2
939,1313,211,148,125,441,6,0,3
940,1313,210,147,125,441,6,0,4
941,1313,209,147,125,441,6,0,5
942,1313,210,147,125,441,6,0,4
943,1313,210,146,125,441,6,0,3
944,1312,210,147,125,441,6,0,2
945,1312,210,147,126,441,6,0,1
946,1312,210,147,126,441,6,0,1
947,1312,210,147,125,441,6,0,0
948,1311,210,147,125,441,6,0,0
949,1311,210,147,125,441,6,0,0
950,1311,210,147,125,441,6,0,0
951,1311,210,147,125,441,6,0,0
952,1311,210,147,125,441,6,0,0
953,1311,210,147,125,441,6,0,0
954,1310,210,148,125,441,6,0,0
955,1311,210,148,125,441,6,0,0
956,1311,210,148,125,441,6,0,0
957,1311,211,148,124,441,6,0,0
958,1311,210,149,124,441,6,0,0
959,1311,210,148,124,441,6,0,0
960,1312,210,147,125,441,6,0,0
961,1312,210,148,125,441,6,0,0
962,1312,210,148,126,441,6,0,0
963,1311,210,148,125,441,6,0,1
964,1311,210,148,125,441,6,0,1
965,1311,210,148,125,441,6,0,1
966,1311,210,149,125,441,6,0,0
967,1311,210,148,125,441,6,0,0
968,1311,210,148,126,441,6,0,0
969,1311,210,147,125,441,6,0,0
970,1311,209,146,126,441,6,0,0
971,1311,210,146,126,441,6,0,1
972,1311,210,146,126,441,6,0,1
973,1312,210,146,126,441,6,0,1
974,1312,210,146,126,441,6,0,1
975,1312,210,146,126,441,6,0,1
976,1312,210,146,126,441,6,0,1
977,1312,210,146,126,441,6,0,1
978,1312,210,145,126,441,6,0,2
979,1312,210,145,125,441,6,0,2
980,1312,209,146,125,441,6,0,2
981,1312,209,146,125,441,6,0,2
982,1312,210,146,125,441,6,0,1
983,1312,210,147,125,441,6,0,1
984,1312,210,147,126,441,6,0,0
985,1311,210,147,126,441,6,0,1
986,1311,210,147,125,441,6,0,1
987,1311,210,147,126,441,6,0,1
988,1312,210,146,125,441,6,0,0
989,1311,210,147,125,441,6,0,0
990,1312,210,147,125,441,6,0,0
991,1311,210,147,125,441,6,0,0
992,1311,210,147,124,441,6,0,0
993,1312,210,146,125,441,6,0,0
994,1312,210,146,125,441,6,0,0
995,1312,210,146,125,441,6,0,0
996,1311,210,146,126,441,6,0,1
997,1311,210,146,126,441,6,0,1
998,1311,210,146,125,441,6,0,1
999,1311,210,147,125,441,6,0,0
1000,1311,211,147,125,441,6,0,1
1001,1311,211,147,125,441,6,0,1
1002,1311,210,149,125,441,6,0,1
1003,1311,210,150,124,441,6,0,1
1004,1312,211,149,124,441,6,0,0
1005,1312,211,148,124,441,6,0,1
1006,1312,210,149,125,441,6,0,1
1007,1312,210,149,125,441,6,0,1
1008,1312,210,146,125,441,6,0,0
1009,1312,210,146,125,441,6,0,0
1010,1312,210,146,125,441,6,0,0
1011,1312,210,145,125,441,6,0,0
1012,1312,210,146,125,441,6,0,0
1013,1311,210,146,124,441,6,0,0
1014,1311,210,146,124,441,6,0,0
1015,1311,210,146,124,441,6,0,0
1016,1311,210,146,124,441,6,0,0
1017,1311,210,146,124,441,6,0,0
1018,1311,210,147,124,441,6,0,0
1019,1311,210,147,124,441,6,0,0
1020,1311,210,147,124,441,6,0,0
1021,1311,210,147,125,441,6,0,0
1022,1311,210,146,125,441,6,0,0
1023,1311,209,146,126,441,6,0,0
1024,1312,209,146,126,441,6,0,1
1025,1312,209,146,126,441,6,0,1
1026,1312,209,148,126,441,6,0,1
1027,1311,209,149,126,441,6,0,0
1028,1312,210,148,125,441,6,0,0
1029,1312,210,149,125,441,6,0,1
1030,1311,210,149,125,441,6,0,1
1031,1312,210,150,126,441,6,0,1
1032,1312,209,150,127,441,6,0,1
1033,1312,209,150,127,441,6,0,2
1034,1312,209,149,127,441,6,0,2
1035,1312,210,150,127,441,6,0,2
1036,1312,210,150,126,441,6,0,1
1037,1312,210,151,126,441,6,0,1
1038,1312,210,150,126,441,6,0,0
1039,1312,210,150,126,441,6,0,1
1040,1312,210,150,126,441,6,0,1
1041,1311,210,148,126,441,6,0,1
1042,1312,210,148,126,441,6,0,1
1043,1312,210,148,126,441,6,0,1
1044,1312,210,146,125,441,6,0,2
1045,1312,210,146,125,441,6,0,1
1046,1312,210,146,125,441,6,0,2
1047,1312,210,146,125,441,6,0,2
1048,1312,209,146,125,441,6,0,3
1049,1312,209,146,125,441,6,0,2
1050,1312,210,146,124,441,6,0,1
1051,1312,209,147,126,441,6,0,0
1052,1312,209,147,126,441,6,0,0
1053,1312,209,148,126,441,6,0,0
1054,1312,209,147,126,441,6,0,1
1055,1312,209,147,126,441,6,0,1
1056,1311,209,147,126,441,6,0,1
1057,1311,209,147,127,441,6,0,0
1058,1311,209,147,126,441,6,0,1
1059,1311,209,147,126,441,6,0,1
1060,1311,209,147,126,441,6,0,1
1061,1312,209,147,126,441,6,0,1
1062,1312,209,147,126,441,6,0,1
1063,1312,209,147,126,441,6,0,1
1064,1311,209,148,125,441,6,0,2
1065,1311,209,148,125,441,6,0,2
1066,1311,209,148,124,441,6,0,2
1067,1311,209,149,125,441,6,0,3
1068,1312,209,149,125,441,6,0,4
1069,1312,208,149,124,441,6,0,4
1070,1312,208,149,125,441,6,0,2
1071,1312,208,148,126,441,6,0,1
1072,1312,208,148,126,441,6,0,1
1073,1312,208,148,125,441,6,0,0
1074,1311,208,148,125,441,6,0,0
1075,1311,208,149,124,441,6,0,1
1076,1311,208,149,124,441,6,0,1
1077,1311,208,149,124,441,6,0,1
1078,1311,209,149,124,441,6,0,1
1079,1311,209,149,124,441,6,0,2
1080,1311,209,148,123,441,6,0,2
1081,1311,208,150,122,441,6,0,3
1082,1311,208,150,123,441,6,0,2
1083,1311,209,150,125,441,6,0,2
1084,1310,209,151,124,441,6,0,4
1085,1310,209,151,122,441,6,0,7
1086,1310,208,151,118,441,6,0,16
1087,1311,208,151,114,441,6,0,26
1088,1311,208,151,110,441,6,0,37
1089,1311,208,151,106,441,6,0,45
1090,1311,208,151,102,441,6,0,50
1091,1310,209,150,95,441,6,0,52
1092,1312,209,147,94,441,6,0,51
1093,1312,210,146,91,441,6,0,49
1094,1312,209,146,96,441,6,0,39
1095,1313,210,146,94,441,6,0,36
1096,1313,210,146,102,441,6,0,33
1097,1313,209,146,105,441,6,0,40
1098,1313,209,145,105,441,6,0,39
1099,1312,209,146,108,441,6,0,38
1100,1312,209,146,108,441,6,0,32
1101,1313,208,146,110,441,6,0,29
1102,1311,208,148,109,441,6,0,26
1103,1310,208,149,115,441,6,0,27
1104,1307,207,152,117,441,6,0,28
1105,1306,208,153,120,441,6,0,30
1106,1311,208,147,123,441,6,0,32
1107,1311,209,147,123,441,6,0,30
1108,1313,209,145,124,441,6,0,28
1109,1311,209,146,125,441,6,0,23
1110,1312,209,145,126,441,6,0,19
1111,1312,209,145,126,441,6,0,15
1112,1314,209,144,127,441,6,0,11
1113,1314,209,144,127,441,6,0,7
1114,1312,209,145,126,441,6,0,4
1115,1311,209,146,125,441,6,0,2
1116,1312,209,146,125,441,6,0,3
1117,1312,210,146,124,441,6,0,3
1118,1312,209,147,124,441,6,0,3
1119,1312,209,147,125,441,6,0,2
1120,1311,209,147,125,441,6,0,2
1121,1312,209,148,127,441,6,0,2
1122,1312,209,148,127,441,6,0,3
1123,1312,209,148,127,441,6,0,4
1124,1312,209,148,127,441,6,0,5
1125,1312,209,149,127,441,6,0,4
1126,1312,209,148,127,441,6,0,3
1127,1312,209,149,128,441,6,0,2
1128,1312,209,148,128,441,6,0,2
1129,1312,209,148,128,441,6,0,2
1130,1312,210,148,127,441,6,0,2
1131,1312,209,148,127,441,6,0,1
1132,1312,210,147,127,441,6,0,1
1133,1312,210,147,127,441,6,0,1
1134,1312,209,147,127,441,6,0,1
1135,1312,209,147,126,441,6,0,1
1136,1310,209,149,127,441,6,0,1
1137,1309,209,149,127,441,6,0,0
1138,1310,209,149,128,441,6,0,0
1139,1309,209,149,127,441,6,0,0
1140,1310,209,148,127,441,6,0,0
1141,1310,209,149,127,441,6,0,0
1142,1310,209,149,127,441,6,0,0
1143,1310,209,149,128,441,6,0,0
1144,1311,209,148,128,441,6,0,0
1145,1311,209,147,128,441,6,0,0
1146,1311,209,148,127,441,6,0,0
1147,1311,209,149,127,441,6,0,0
1148,1311,209,148,127,441,6,0,0
1149,1311,209,148,127,441,6,0,0
1150,1310,209,149,127,441,6,0,0
1151,1310,209,149,128,441,6,0,0
1152,1311,209,148,127,441,6,0,0
1153,1311,209,148,127,441,6,0,0
1154,1311,209,147,127,441,6,0,0
1155,1311,209,147,126,441,6,0,1
1156,1312,210,148,126,441,6,0,1
1157,1311,209,148,126,441,6,0,1
1158,1311,210,147,126,441,6,0,0
1159,1311,210,148,126,441,6,0,0
1160,1311,210,148,126,441,6,0,0
1161,1311,210,148,125,441,6,0,0
1162,1312,210,147,125,441,6,0,0
1163,1312,210,147,125,441,6,0,0
1164,1310,210,150,126,441,6,0,0
1165,1311,210,150,125,441,6,0,0
1166,1312,209,148,126,441,6,0,0
1167,1311,210,148,126,441,6,0,0
1168,1311,209,148,126,441,6,0,0
1169,1311,209,149,126,441,6,0,0
1170,1311,209,148,126,441,6,0,0
1171,1311,209,148,126,441,6,0,0
1172,1311,209,149,126,441,6,0,0
1173,1311,210,148,126,441,6,0,0
1174,1311,209,148,127,441,6,0,0
1175,1311,209,148,127,441,6,0,0
1176,1310,210,148,126,441,6,0,0
1177,1310,210,148,125,441,6,0,0
1178,1310,210,148,126,441,6,0,1
1179,1310,209,148,126,441,6,0,1
1180,1310,209,147,126,441,6,0,0
1181,1310,210,147,126,441,6,0,0
1182,1310,210,147,126,441,6,0,0
1183,1310,210,147,126,441,6,0,0
1184,1310,209,147,125,441,6,0,1
1185,1310,209,147,125,441,6,0,2
1186,1309,209,149,125,441,6,0,3
1187,1309,209,148,124,441,6,0,4
1188,1309,208,148,125,441,6,0,4
1189,1309,208,148,125,441,6,0,3
1190,1309,209,149,124,441,6,0,2
1191,1309,209,149,124,441,6,0,1
1192,1310,209,148,124,441,6,0,1
1193,1310,209,148,123,441,6,0,0
1194,1310,209,149,124,441,6,0,0
1195,1310,209,148,124,441,6,0,0
1196,1310,209,148,125,441,6,0,1
1197,1310,209,148,125,441,6,0,1
1198,1310,208,148,124,441,6,0,2
1199,1310,209,148,125,441,6,0,2
1200,1311,208,146,126,441,6,0,2
1201,1311,208,147,126,441,6,0,1
1202,1311,208,147,127,441,6,0,2
1203,1311,208,147,126,441,6,0,2
1204,1310,209,147,126,441,6,0,2
1205,1309,208,148,126,441,6,0,1
1206,1310,209,147,126,441,6,0,0
1207,1310,209,147,126,441,6,0,0
1208,1310,209,147,126,441,6,0,0
1209,1311,209,147,126,441,6,0,0
1210,1311,209,146,126,441,6,0,0
1211,1311,209,147,126,441,6,0,0
1212,1311,209,147,126,441,6,0,0
1213,1311,209,148,126,441,6,0,0
1214,1311,209,147,126,441,6,0,0
1215,1311,209,147,126,441,6,0,0
1216,1311,209,147,126,441,6,0,0
1217,1311,209,147,126,441,6,0,0
1218,1311,209,147,126,441,6,0,0
1219,1311,209,147,126,441,6,0,0
1220,1312,209,147,126,441,6,0,0
1221,1311,209,147,126,441,6,0,0
1222,1311,209,147,126,441,6,0,0
1223,1311,209,147,126,441,6,0,0
1224,1312,209,147,126,441,6,0,0
1225,1312,209,147,126,441,6,0,0
1226,1310,210,149,126,441,6,0,1
1227,1310,210,149,126,441,6,0,1
1228,1310,210,148,127,441,6,0,1
1229,1310,209,149,127,441,6,0,1
1230,1310,209,148,126,441,6,0,0
1231,1310,210,149,127,441,6,0,0
1232,1310,209,149,127,441,6,0,0
1233,1310,209,149,127,441,6,0,0
1234,1310,209,148,127,441,6,0,1
1235,1310,210,148,127,441,6,0,1
1236,1310,209,149,127,441,6,0,1
1237,1311,209,149,127,441,6,0,0
1238,1311,209,148,128,441,6,0,0
1239,1311,209,148,127,441,6,0,0
1240,1311,209,148,127,441,6,0,0
1241,1311,209,148,127,441,6,0,0
1242,1311,209,148,127,441,6,0,0
1243,1311,209,148,127,441,6,0,0
1244,1311,209,148,127,441,6,0,0
1245,1311,209,148,127,441,6,0,0
1246,1312,209,147,127,441,6,0,0
1247,1312,209,149,127,441,6,0,0
1248,1311,209,148,127,441,6,0,0
1249,1311,209,149,127,441,6,0,0
1250,1312,209,148,127,441,6,0,1
1251,1312,209,147,127,441,6,0,2
1252,1311,210,148,127,441,6,0,2
1253,1311,210,148,127,441,6,0,1
1254,1312,210,148,127,441,6,0,0
1255,1312,210,148,127,441,6,0,0
1256,1312,209,147,127,441,6,0,0
1257,1312,209,147,127,441,6,0,1
1258,1312,209,147,127,441,6,0,2
1259,1312,209,148,127,441,6,0,2
1260,1312,209,147,126,441,6,0,3
1261,1312,209,147,126,441,6,0,3
1262,1312,208,148,126,441,6,0,3
1263,1312,208,148,126,441,6,0,3
1264,1312,208,148,126,441,6,0,3
1265,1312,208,148,126,441,6,0,2
1266,1311,208,148,126,441,6,0,1
1267,1312,208,148,126,441,6,0,1
1268,1312,208,148,126,441,6,0,1
1269,1312,208,148,126,441,6,0,1
1270,1312,209,148,126,441,6,0,1
1271,1312,209,148,125,441,6,0,2
1272,1312,209,147,126,441,6,0,3
1273,1312,209,147,126,441,6,0,3
1274,1312,209,148,127,441,6,0,3
1275,1311,209,148,126,441,6,0,3
1276,1311,209,148,127,441,6,0,2
1277,1311,209,148,126,441,6,0,1
1278,1312,209,148,127,441,6,0,0
1279,1311,209,148,126,441,6,0,0
1280,1311,209,148,126,441,6,0,0
1281,1311,209,148,126,441,6,0,0
1282,1311,209,148,126,441,6,0,0
1283,1312,209,147,126,441,6,0,0
1284,1311,209,148,126,441,6,0,0
1285,1311,209,148,126,441,6,0,0
1286,1311,209,148,126,441,6,0,0
1287,1311,209,148,126,441,6,0,0
1288,1311,209,148,126,441,6,0,0
1289,1311,209,148,126,441,6,0,0
1290,1311,209,148,126,441,6,0,0
1291,1311,209,148,126,441,6,0,0
1292,1311,209,148,126,441,6,0,0
1293,1311,209,148,126,441,6,0,0
1294,1311,209,148,126,441,6,0,0
1295,1311,209,148,126,441,6,0,1
1296,1311,208,148,126,441,6,0,1
1297,1311,208,148,126,441,6,0,1
1298,1311,208,147,126,441,6,0,0
1299,1311,209,148,126,441,6,0,0
1300,1311,209,148,126,441,6,0,0
1301,1311,209,147,126,441,6,0,0
1302,1311,209,147,126,441,6,0,1
1303,1311,209,147,126,441,6,0,1
1304,1311,209,147,126,441,6,0,0
1305,1311,209,147,126,441,6,0,0
1306,1311,209,148,126,441,6,0,0
1307,1311,208,148,126,441,6,0,0
1308,1311,209,146,126,441,6,0,0
1309,1311,209,146,126,441,6,0,0
1310,1311,209,146,125,441,6,0,0
1311,1311,209,146,126,441,6,0,0
1312,1311,209,146,125,441,6,0,0
1313,1311,209,146,125,441,6,0,0
1314,1311,209,146,126,441,6,0,0
1315,1311,209,146,126,441,6,0,0
1316,1311,209,146,126,441,6,0,0
1317,1311,209,146,126,441,6,0,0
1318,1311,209,146,126,441,6,0,0
1319,1311,209,146,126,441,6,0,0
1320,1311,209,147,126,441,6,0,0
1321,1311,209,147,126,441,6,0,0
1322,1311,209,146,126,441,6,0,0
1323,1311,209,146,126,441,6,0,0
1324,1311,209,146,126,441,6,0,0
1325,1311,209,146,126,441,6,0,0
1326,1311,209,146,126,441,6,0,0
1327,1311,209,146,126,441,6,0,0
1328,1311,209,147,126,441,6,0,0
1329,1311,209,146,126,441,6,0,0
1330,1311,209,146,126,441,6,0,0
1331,1311,209,146,126,441,6,0,0
1332,1311,209,147,125,441,6,0,0
1333,1311,209,146,125,441,6,0,0
1334,1311,209,146,125,441,6,0,0
1335,1311,209,146,125,441,6,0,0
1336,1311,209,148,126,441,6,0,0
1337,1311,209,148,126,441,6,0,0
1338,1311,209,148,126,441,6,0,0
1339,1311,209,148,126,441,6,0,0
1340,1311,209,149,126,441,6,0,0
1341,1311,209,149,126,441,6,0,0
1342,1311,209,149,126,441,6,0,0
1343,1311,209,149,126,441,6,0,0
1344,1311,209,148,126,441,6,0,0
1345,1311,209,149,126,441,6,0,0
1346,1311,209,149,126,441,6,0,0
1347,1311,209,149,126,441,6,0,0
1348,1312,209,146,126,441,6,0,0
1349,1312,209,146,126,441,6,0,0
1350,1312,209,145,126,441,6,0,0
1351,1312,209,146,126,441,6,0,0
1352,1312,209,146,126,441,6,0,0
1353,1312,209,146,126,441,6,0,0
1354,1311,209,146,126,441,6,0,0
1355,1312,209,146,126,441,6,0,0
1356,1312,209,147,127,441,6,0,1
1357,1312,208,147,127,441,6,0,1
1358,1312,209,147,127,441,6,0,1
1359,1312,209,147,127,441,6,0,1
1360,1312,209,147,126,441,6,0,0
1361,1312,209,147,127,441,6,0,0
1362,1312,209,147,127,441,6,0,0
1363,1312,209,147,127,441,6,0,0
1364,1312,209,147,127,441,6,0,0
1365,1312,209,147,127,441,6,0,0
1366,1312,209,146,127,441,6,0,0
1367,1312,209,146,127,441,6,0,0
1368,1312,209,146,127,441,6,0,0
1369,1312,209,146,127,441,6,0,0
1370,1312,209,146,127,441,6,0,0
1371,1312,209,146,127,441,6,0,0
1372,1312,209,146,127,441,6,0,0
1373,1312,209,146,127,441,6,0,0
1374,1312,209,145,126,441,6,0,0
1375,1312,209,146,127,441,6,0,0
1376,1312,209,146,127,441,6,0,0
1377,1312,209,146,126,441,6,0,0
1378,1312,209,146,126,441,6,0,0
1379,1312,209,146,127,441,6,0,0
1380,1312,209,146,127,441,6,0,0
1381,1312,209,146,126,441,6,0,0
1382,1312,209,146,126,441,6,0,0
1383,1312,209,146,127,441,6,0,0
1384,1313,209,145,127,441,6,0,0
1385,1313,209,145,127,441,6,0,0
1386,1312,209,145,127,441,6,0,0
1387,1312,209,145,126,441,6,0,0
1388,1312,209,147,126,441,6,0,0
1389,1312,209,147,126,441,6,0,1
1390,1312,209,147,126,441,6,0,1
1391,1312,209,147,126,441,6,0,1
1392,1312,209,147,126,441,6,0,0
1393,1311,209,148,126,441,6,0,0
1394,1312,209,147,126,441,6,0,0
1395,1312,210,147,126,441,6,0,0
1396,1312,210,146,126,441,6,0,0
1397,1312,209,147,126,441,6,0,0
1398,1312,209,145,126,441,6,0,0
1399,1312,209,145,126,441,6,0,0
1400,1312,209,146,126,441,6,0,0
1401,1312,210,147,125,441,6,0,0
1402,1312,210,147,126,441,6,0,0
1403,1312,210,146,125,441,6,0,0
1404,1312,210,147,125,441,6,0,0
1405,1312,210,147,125,441,6,0,0
1406,1312,210,147,126,441,6,0,0
1407,1312,210,147,125,441,6,0,0
1408,1311,209,147,127,441,6,0,0
1409,1311,209,147,127,441,6,0,0
1410,1312,209,147,127,441,6,0,0
1411,1312,209,147,127,441,6,0,0
1412,1312,209,147,127,441,6,0,0
1413,1312,209,147,127,441,6,0,0
1414,1312,209,147,126,441,6,0,0
1415,1312,209,147,126,441,6,0,0
1416,1312,209,147,127,441,6,0,0
1417,1312,209,146,126,441,6,0,1
1418,1312,209,146,126,441,6,0,1
1419,1312,209,147,125,441,6,0,1
1420,1312,209,146,125,441,6,0,1
1421,1312,209,146,126,441,6,0,1
1422,1312,209,146,125,441,6,0,1
1423,1312,210,148,125,441,6,0,0
1424,1312,209,148,125,441,6,0,0
1425,1312,209,147,125,441,6,0,0
1426,1312,209,148,125,441,6,0,0
1427,1312,209,148,125,441,6,0,0
1428,1311,209,148,125,441,6,0,0
1429,1311,210,149,125,441,6,0,0
1430,1311,210,147,125,441,6,0,1
1431,1311,210,147,125,441,6,0,2
1432,1311,210,148,125,441,6,0,2
1433,1311,210,148,125,441,6,0,2
1434,1311,210,148,125,441,6,0,2
1435,1311,210,148,126,441,6,0,1
1436,1311,210,148,126,441,6,0,1
1437,1311,210,149,126,441,6,0,1
1438,1311,210,149,126,441,6,0,1
1439,1311,210,149,126,441,6,0,2
1440,1311,209,149,125,441,6,0,3
1441,1311,209,149,125,441,6,0,3
1442,1311,209,149,125,441,6,0,3
1443,1311,209,149,125,441,6,0,3
1444,1311,209,149,125,441,6,0,2
1445,1311,209,150,125,441,6,0,2
1446,1311,209,150,125,441,6,0,1
1447,1311,210,149,125,441,6,0,2
1448,1311,210,150,125,441,6,0,1
1449,1311,210,149,125,441,6,0,1
1450,1311,209,149,125,441,6,0,0
1451,1311,209,150,125,441,6,0,0
1452,1311,209,150,125,441,6,0,0
1453,1311,209,150,125,441,6,0,0
1454,1311,209,150,125,441,6,0,0
1455,1311,209,150,125,441,6,0,0
1456,1311,209,150,125,441,6,0,0
1457,1311,209,150,125,441,6,0,0
1458,1311,209,150,125,441,6,0,0
1459,1311,209,150,125,441,6,0,0
1460,1311,209,150,125,441,6,0,0
1461,1311,209,150,125,441,6,0,0
1462,1311,209,150,125,441,6,0,0
1463,1311,208,150,126,441,6,0,0
1464,1312,208,149,126,441,6,0,0
1465,1312,208,148,126,441,6,0,0
1466,1312,209,149,126,441,6,0,0
1467,1312,209,148,126,441,6,0,0
1468,1312,209,148,126,441,6,0,1
1469,1312,209,148,126,441,6,0,1
1470,1312,209,147,126,441,6,0,1
1471,1312,209,147,126,441,6,0,1
1472,1312,209,148,126,441,6,0,0
1473,1312,209,148,126,441,6,0,0
1474,1312,209,148,126,441,6,0,0
1475,1312,209,148,126,441,6,0,0
1476,1311,209,148,125,441,6,0,0
1477,1311,209,148,126,441,6,0,0
1478,1312,209,147,126,441,6,0,0
1479,1312,209,147,126,441,6,0,0
1480,1312,209,147,126,441,6,0,0
1481,1312,209,147,126,441,6,0,0
1482,1312,209,147,126,441,6,0,0
1483,1312,209,146,126,441,6,0,0
1484,1312,209,146,126,441,6,0,0
1485,1312,210,147,125,441,6,0,0
1486,1312,210,147,125,441,6,0,0
1487,1312,209,147,125,441,6,0,0
1488,1312,209,148,125,441,6,0,0
1489,1311,210,148,125,441,6,0,0
1490,1312,210,149,124,441,6,0,0
1491,1312,210,149,125,441,6,0,0
1492,1312,210,149,125,441,6,0,0
1493,1312,210,153,124,441,6,0,0
1494,1312,210,153,124,441,6,0,0
1495,1312,210,153,124,441,6,0,1
1496,1312,210,153,124,441,6,0,1
1497,1313,210,153,124,441,6,0,2
1498,1312,209,147,125,441,6,0,1
1499,1312,210,147,125,441,6,0,1
1500,1313,209,145,126,441,6,0,1
1501,1313,209,144,126,441,6,0,1
1502,1313,209,145,126,441,6,0,0
1503,1312,209,145,126,441,6,0,0
1504,1312,209,146,125,441,6,0,0
1505,1312,209,145,126,441,6,0,1
1506,1312,209,145,127,441,6,0,2
1507,1312,209,146,127,441,6,0,2
1508,1312,209,146,127,441,6,0,2
1509,1312,209,146,126,441,6,0,1
1510,1312,209,146,127,441,6,0,1
1511,1312,209,146,127,441,6,0,0
1512,1313,209,145,126,441,6,0,1
1513,1313,209,146,126,441,6,0,1
1514,1312,209,146,126,441,6,0,3
1515,1312,209,147,126,441,6,0,4
1516,1313,209,153,123,441,6,0,5
1517,1312,209,155,124,441,6,0,5
1518,1313,209,154,124,441,6,0,4
1519,1313,209,155,124,441,6,0,3
1520,1313,209,147,125,441,6,0,3
1521,1313,209,147,126,441,6,0,3
1522,1313,209,147,126,441,6,0,4
1523,1313,209,146,126,441,6,0,3
1524,1313,209,146,126,441,6,0,3
1525,1312,209,145,126,441,6,0,2
1526,1312,209,145,126,441,6,0,1
1527,1312,209,146,126,441,6,0,1
1528,1312,209,146,126,441,6,0,1
1529,1311,210,146,126,441,6,0,1
1530,1311,210,146,125,441,6,0,0
1531,1311,210,146,126,441,6,0,0
1532,1311,210,146,125,441,6,0,0
1533,1311,210,146,125,441,6,0,0
1534,1310,209,148,126,441,6,0,0
1535,1310,209,148,125,441,6,0,0
1536,1311,209,147,126,441,6,0,0
1537,1311,209,147,126,441,6,0,0
1538,1311,209,147,126,441,6,0,0
1539,1311,209,147,126,441,6,0,0
1540,1311,209,147,126,441,6,0,0
1541,1311,209,147,126,441,6,0,0
1542,1311,209,147,126,441,6,0,0
1543,1311,209,147,126,441,6,0,0
1544,1311,209,147,126,441,6,0,0
1545,1311,209,147,126,441,6,0,0
1546,1311,209,147,126,441,6,0,0
1547,1311,209,147,126,441,6,0,0
1548,1311,208,147,127,441,6,0,0
1549,1311,209,147,127,441,6,0,0
1550,1311,209,147,127,441,6,0,0
1551,1311,209,147,127,441,6,0,0
1552,1311,209,147,127,441,6,0,0
1553,1311,209,146,127,441,6,0,0
1554,1311,209,146,126,441,6,0,0
1555,1311,209,146,126,441,6,0,0
1556,1312,209,147,126,441,6,0,1
1557,1312,209,147,126,441,6,0,1
1558,1311,209,147,126,441,6,0,1
1559,1311,209,148,126,441,6,0,0
1560,1312,209,148,126,441,6,0,0
1561,1312,209,148,126,441,6,0,0
1562,1312,210,148,126,441,6,0,0
1563,1312,210,148,125,441,6,0,0
1564,1312,209,147,126,441,6,0,0
1565,1312,209,147,126,441,6,0,0
1566,1312,209,147,126,441,6,0,0
1567,1312,209,147,126,441,6,0,0
1568,1312,209,147,126,441,6,0,0
1569,1312,209,149,126,441,6,0,0
1570,1312,209,149,126,441,6,0,0
1571,1312,209,148,126,441,6,0,0
1572,1312,209,147,126,441,6,0,0
1573,1312,209,146,126,441,6,0,0
1574,1311,209,148,127,441,6,0,0
1575,1311,209,148,127,441,6,0,0
1576,1311,209,148,127,441,6,0,0
1577,1311,209,148,127,441,6,0,0
1578,1311,209,148,126,441,6,0,0
1579,1311,209,147,126,441,6,0,0
1580,1311,209,147,127,441,6,0,1
1581,1311,208,148,127,441,6,0,2
1582,1311,208,148,127,441,6,0,2
1583,1311,208,148,127,441,6,0,3
1584,1311,209,148,125,441,6,0,3
1585,1311,209,148,125,441,6,0,2
1586,1311,209,148,125,441,6,0,2
1587,1312,209,146,125,441,6,0,1
1588,1312,209,146,125,441,6,0,1
1589,1312,209,147,125,441,6,0,1
1590,1312,209,147,125,441,6,0,0
1591,1312,209,147,125,441,6,0,0
1592,1312,209,147,125,441,6,0,0
1593,1312,209,147,125,441,6,0,1
1594,1311,209,147,126,441,6,0,1
1595,1311,209,147,125,441,6,0,2
1596,1311,209,147,126,441,6,0,3
1597,1312,209,147,127,441,6,0,3
1598,1312,209,146,126,441,6,0,2
1599,1312,209,147,126,441,6,0,1
1600,1312,209,146,126,441,6,0,1
1601,1312,209,147,126,441,6,0,0
1602,1311,209,147,126,441,6,0,0
1603,1311,210,147,126,441,6,0,0
1604,1312,209,146,127,441,6,0,0
1605,1312,209,146,127,441,6,0,0
1606,1312,209,145,127,441,6,0,0
1607,1312,208,145,127,441,6,0,0
1608,1312,208,145,127,441,6,0,0
1609,1313,208,145,127,441,6,0,1
1610,1313,208,145,127,441,6,0,1
1611,1312,208,145,127,441,6,0,1
1612,1312,208,145,127,441,6,0,1
1613,1312,208,145,127,441,6,0,1
1614,1312,209,146,127,441,6,0,1
1615,1312,209,146,127,441,6,0,1
1616,1312,209,146,127,441,6,0,1
1617,1312,209,146,127,441,6,0,1
1618,1312,209,147,127,441,6,0,2
1619,1312,209,146,127,441,6,0,2
1620,1312,208,147,127,441,6,0,2
1621,1312,209,147,126,441,6,0,2
1622,1312,209,148,126,441,6,0,2
1623,1312,209,148,126,441,6,0,1
1624,1309,209,151,127,441,6,0,0
1625,1312,209,148,126,441,6,0,0
1626,1312,209,148,126,441,6,0,0
1627,1311,209,150,125,441,6,0,0
1628,1311,209,149,125,441,6,0,0
1629,1312,209,148,125,441,6,0,0
1630,1312,209,148,126,441,6,0,0
1631,1312,209,148,126,441,6,0,0
1632,1312,209,148,126,441,6,0,0
1633,1312,209,148,126,441,6,0,0
1634,1312,209,148,126,441,6,0,0
1635,1312,209,148,126,441,6,0,0
1636,1312,209,148,125,441,6,0,0
1637,1312,209,148,126,441,6,0,0
1638,1312,209,147,126,441,6,0,0
1639,1312,209,147,126,441,6,0,0
1640,1312,209,148,126,441,6,0,0
1641,1312,209,148,126,441,6,0,0
1642,1312,209,147,126,441,6,0,0
1643,1312,209,146,126,441,6,0,0
1644,1312,209,146,126,441,6,0,0
1645,1312,210,147,125,441,6,0,0
1646,1312,210,147,126,441,6,0,0
1647,1312,209,147,126,441,6,0,0
1648,1312,209,147,126,441,6,0,0
1649,1312,210,147,126,441,6,0,0
1650,1312,209,147,125,441,6,0,0
1651,1312,210,148,126,441,6,0,0
1652,1312,210,148,126,441,6,0,0
1653,1312,209,148,126,441,6,0,3
1654,1312,210,149,125,441,6,0,4
1655,1313,210,155,121,441,6,0,5
1656,1313,210,147,126,441,6,0,2
1657,1313,210,147,126,441,6,0,1
1658,1313,210,147,126,441,6,0,1
1659,1313,210,147,126,441,6,0,3
1660,1313,210,147,126,441,6,0,3
1661,1313,210,147,126,441,6,0,3
1662,1313,210,147,126,441,6,0,1
1663,1313,210,146,126,441,6,0,2
1664,1314,210,146,126,441,6,0,3
1665,1314,210,152,123,441,6,0,4
1666,1314,210,152,124,441,6,0,5
1667,1314,210,152,124,441,6,0,5
1668,1314,210,152,123,441,6,0,5
1669,1314,210,152,123,441,6,0,4
1670,1313,209,147,126,441,6,0,3
1671,1313,209,147,126,441,6,0,3
1672,1313,209,152,123,441,6,0,2
1673,1312,209,148,126,441,6,0,3
1674,1312,209,147,126,441,6,0,2
1675,1312,209,147,126,441,6,0,1
1676,1312,209,147,126,441,6,0,2
1677,1312,209,147,126,441,6,0,2
1678,1312,210,147,126,441,6,0,2
1679,1312,210,147,126,441,6,0,1
1680,1312,209,148,126,441,6,0,0
1681,1312,209,148,126,441,6,0,0
1682,1312,209,149,126,441,6,0,0
1683,1312,209,149,126,441,6,0,1
1684,1313,209,149,125,441,6,0,1
1685,1313,209,149,126,441,6,0,2
1686,1313,209,149,126,441,6,0,3
1687,1313,210,155,122,441,6,0,5
1688,1313,210,156,122,441,6,0,6
1689,1313,210,155,122,441,6,0,5
1690,1312,210,156,122,441,6,0,3
1691,1313,209,148,126,441,6,0,3
1692,1313,209,148,126,441,6,0,4
1693,1312,209,148,126,441,6,0,6
1694,1312,210,148,125,441,6,0,7
1695,1312,209,148,126,441,6,0,6
1696,1312,209,148,125,441,6,0,4
1697,1312,209,148,126,441,6,0,2
1698,1312,209,148,126,441,6,0,1
1699,1312,209,147,126,441,6,0,0
1700,1312,209,147,126,441,6,0,0
1701,1312,209,147,126,441,6,0,0
1702,1312,209,147,126,441,6,0,0
1703,1311,209,148,126,441,6,0,0
1704,1313,209,146,126,441,6,0,1
1705,1313,210,147,125,441,6,0,3
1706,1313,211,154,122,441,6,0,3
1707,1313,211,153,122,441,6,0,3
1708,1313,210,146,126,441,6,0,2
1709,1313,210,153,123,441,6,0,2
1710,1313,211,153,123,441,6,0,1
1711,1313,211,153,124,441,6,0,2
1712,1313,210,153,125,441,6,0,2
1713,1313,210,154,125,441,6,0,3
1714,1311,210,158,124,441,6,0,2
1715,1311,211,157,123,441,6,0,1
1716,1313,210,153,125,441,6,0,0
1717,1312,210,154,125,441,6,0,0
1718,1313,210,154,124,441,6,0,0
1719,1313,210,153,124,441,6,0,0
1720,1313,210,153,124,441,6,0,0
1721,1312,210,155,125,441,6,0,0
1722,1312,210,154,124,441,6,0,0
1723,1312,211,156,123,441,6,0,0
1724,1312,210,156,123,441,6,0,0
1725,1312,210,155,124,441,6,0,1
1726,1312,210,156,123,441,6,0,2
1727,1312,210,157,123,441,6,0,3
1728,1311,210,150,126,441,6,0,4
1729,1311,210,151,126,441,6,0,5
1730,1311,211,151,126,441,6,0,6
1731,1311,211,152,125,441,6,0,7
1732,1311,211,151,125,441,6,0,6
1733,1311,211,151,125,441,6,0,4
1734,1311,211,151,125,441,6,0,2
1735,1311,211,151,125,441,6,0,1
1736,1311,211,150,125,441,6,0,1
1737,1313,212,147,125,441,6,0,2
1738,1314,212,148,125,441,6,0,2
1739,1314,212,147,126,441,6,0,3
1740,1313,211,147,127,441,6,0,3
1741,1313,211,147,127,441,6,0,3
1742,1314,211,147,127,441,6,0,2
1743,1313,211,148,126,441,6,0,2
1744,1313,212,148,126,441,6,0,2
1745,1312,211,150,125,441,6,0,2
1746,1311,211,150,125,441,6,0,2
1747,1311,211,151,125,441,6,0,3
1748,1311,211,151,125,441,6,0,3
1749,1311,211,150,125,441,6,0,2
1750,1311,211,150,125,441,6,0,1
1751,1312,211,149,125,441,6,0,0
1752,1312,211,149,125,441,6,0,0
1753,1311,212,150,125,441,6,0,0
1754,1312,211,149,125,441,6,0,0
1755,1312,211,149,125,441,6,0,0
1756,1312,211,150,125,441,6,0,0
1757,1312,211,149,126,441,6,0,0
1758,1312,211,149,125,441,6,0,0
1759,1312,211,150,125,441,6,0,0
1760,1312,211,150,125,441,6,0,0
1761,1312,211,150,125,441,6,0,0
1762,1311,211,150,126,441,6,0,0
1763,1311,211,150,126,441,6,0,0
1764,1312,210,149,126,441,6,0,0
1765,1312,210,149,126,441,6,0,0
1766,1312,210,149,126,441,6,0,0
1767,1312,210,149,126,441,6,0,0
1768,1312,210,149,126,441,6,0,1
1769,1312,210,149,126,441,6,0,3
1770,1311,210,149,124,441,6,0,3
1771,1312,210,148,124,441,6,0,3
1772,1312,210,148,126,441,6,0,2
1773,1312,210,149,125,441,6,0,2
1774,1312,210,149,125,441,6,0,2
1775,1312,210,149,125,441,6,0,2
1776,1312,210,148,125,441,6,0,2
1777,1312,210,148,125,441,6,0,1
1778,1313,210,148,125,441,6,0,1
1779,1312,210,149,124,441,6,0,0
1780,1313,212,149,123,441,6,0,0
1781,1312,212,150,123,441,6,0,0
1782,1313,211,149,123,441,6,0,0
1783,1313,211,148,124,441,6,0,0
1784,1313,211,149,124,441,6,0,1
1785,1313,211,148,125,441,6,0,1
1786,1313,211,148,124,441,6,0,1
1787,1313,211,149,124,441,6,0,1
1788,1314,211,148,124,441,6,0,1
1789,1314,211,149,124,441,6,0,0
1790,1313,211,150,124,441,6,0,1
1791,1313,211,150,124,441,6,0,0
1792,1313,212,150,124,441,6,0,0
1793,1313,211,150,124,441,6,0,0
1794,1312,210,150,124,441,6,0,0
1795,1311,210,150,125,441,6,0,0
1796,1311,210,150,125,441,6,0,1
1797,1311,210,150,124,441,6,0,1
1798,1311,210,150,125,441,6,0,1
1799,1311,210,150,125,441,6,0,0
1800,1312,210,148,125,441,6,0,0
1801,1313,211,147,124,441,6,0,0
1802,1313,211,147,124,441,6,0,0
1803,1313,211,147,124,441,6,0,0
1804,1313,212,147,123,441,6,0,0
1805,1314,212,147,124,441,6,0,0
1806,1313,212,146,123,441,6,0,0
1807,1314,211,147,124,441,6,0,0
1808,1314,211,147,124,441,6,0,2
1809,1314,212,146,124,441,6,0,2
1810,1314,213,147,124,441,6,0,3
1811,1314,212,147,125,441,6,0,2
1812,1314,211,149,126,441,6,0,3
1813,1314,211,149,126,441,6,0,3
1814,1314,212,146,125,441,6,0,4
1815,1314,211,147,125,441,6,0,5
1816,1313,210,147,125,441,6,0,6
1817,1312,210,154,122,441,6,0,5
1818,1312,210,150,125,441,6,0,4
1819,1312,211,148,125,441,6,0,3
1820,1312,210,148,124,441,6,0,2
1821,1312,211,148,125,441,6,0,1
1822,1312,210,148,124,441,6,0,2
1823,1312,209,148,124,441,6,0,4
1824,1311,208,149,125,441,6,0,5
1825,1311,208,149,124,441,6,0,6
1826,1311,208,148,124,441,6,0,5
1827,1311,208,148,124,441,6,0,4
1828,1311,209,148,124,441,6,0,2
1829,1311,209,149,124,441,6,0,1
1830,1311,209,148,124,441,6,0,2
1831,1311,209,149,124,441,6,0,3
1832,1312,210,148,124,441,6,0,3
1833,1312,209,148,125,441,6,0,2
1834,1312,209,148,125,441,6,0,2
1835,1312,209,148,125,441,6,0,2
1836,1312,209,148,125,441,6,0,2
1837,1313,209,147,125,441,6,0,1
1838,1312,211,148,124,441,6,0,1
1839,1313,211,148,124,441,6,0,2
1840,1313,210,147,124,441,6,0,2
1841,1312,210,149,125,441,6,0,3
1842,1312,210,149,125,441,6,0,2
1843,1312,210,148,125,441,6,0,2
1844,1312,209,148,126,441,6,0,1
1845,1312,209,148,125,441,6,0,2
1846,1312,209,148,124,441,6,0,3
1847,1312,209,148,124,441,6,0,4
1848,1312,209,148,123,441,6,0,3
1849,1312,210,147,124,441,6,0,2
1850,1312,209,147,125,441,6,0,1
1851,1313,209,147,125,441,6,0,1
1852,1313,209,147,125,441,6,0,2
1853,1313,209,147,126,441,6,0,2
1854,1313,209,147,126,441,6,0,2
1855,1313,209,147,125,441,6,0,1
1856,1313,209,148,125,441,6,0,1
1857,1313,209,148,125,441,6,0,3
1858,1313,209,149,125,441,6,0,3
1859,1313,209,155,121,441,6,0,3
1860,1313,209,147,126,441,6,0,1
1861,1313,209,146,126,441,6,0,1
1862,1313,209,146,126,441,6,0,2
1863,1314,209,146,126,441,6,0,5
1864,1314,210,146,126,441,6,0,5
1865,1313,210,145,125,441,6,0,5
1866,1313,210,145,125,441,6,0,2
1867,1313,210,146,124,441,6,0,1
1868,1313,210,146,125,441,6,0,0
1869,1313,211,146,124,441,6,0,0
1870,1313,210,145,125,441,6,0,0
1871,1313,211,145,124,441,6,0,0
1872,1313,210,145,125,441,6,0,1
1873,1313,210,145,125,441,6,0,1
1874,1313,210,145,126,441,6,0,1
1875,1313,210,145,125,441,6,0,1
1876,1313,210,145,125,441,6,0,1
1877,1313,210,146,125,441,6,0,0
1878,1313,210,146,126,441,6,0,0
1879,1313,210,146,125,441,6,0,0
1880,1313,209,147,126,441,6,0,1
1881,1312,209,147,126,441,6,0,3
1882,1312,209,148,125,441,6,0,3
1883,1314,210,154,122,441,6,0,3
1884,1312,210,150,125,441,6,0,1
1885,1312,209,150,125,441,6,0,2
1886,1313,209,149,126,441,6,0,2
1887,1313,209,156,123,441,6,0,2
1888,1313,209,154,123,441,6,0,1
1889,1314,210,154,123,441,6,0,0
1890,1313,210,148,125,441,6,0,0
1891,1313,209,148,126,441,6,0,2
1892,1313,209,149,125,441,6,0,4
1893,1313,210,148,125,441,6,0,5
1894,1312,210,148,125,441,6,0,4
1895,1312,209,148,125,441,6,0,2
1896,1312,210,148,125,441,6,0,1
1897,1312,210,148,125,441,6,0,0
1898,1313,210,147,125,441,6,0,0
1899,1313,210,147,125,441,6,0,0
1900,1313,210,147,125,441,6,0,0
1901,1313,210,147,125,441,6,0,0
1902,1313,210,147,125,441,6,0,0
1903,1313,210,147,125,441,6,0,0
1904,1313,210,147,125,441,6,0,0
1905,1313,210,147,125,441,6,0,0
1906,1313,210,147,125,441,6,0,0
1907,1313,210,147,125,441,6,0,0
1908,1312,210,148,125,441,6,0,0
1909,1312,210,149,125,441,6,0,0
1910,1313,209,148,125,441,6,0,1
1911,1313,209,147,125,441,6,0,1
1912,1312,209,148,125,441,6,0,2
1913,1312,210,147,124,441,6,0,2
1914,1312,210,147,123,441,6,0,2
1915,1312,211,147,124,441,6,0,1
1916,1312,211,147,124,441,6,0,1
1917,1312,211,147,124,441,6,0,1
1918,1312,211,147,124,441,6,0,1
1919,1312,211,147,124,441,6,0,1
1920,1312,211,148,124,441,6,0,2
1921,1312,210,148,124,441,6,0,2
1922,1312,210,148,124,441,6,0,1
1923,1312,211,148,124,441,6,0,1
1924,1312,210,148,124,441,6,0,1
1925,1311,210,148,123,441,6,0,0
1926,1311,211,148,124,441,6,0,0
1927,1311,210,148,123,441,6,0,0
1928,1312,210,149,124,441,6,0,0
1929,1312,210,149,124,441,6,0,0
1930,1311,210,149,124,441,6,0,0
1931,1312,210,148,124,441,6,0,0
1932,1312,210,147,123,441,6,0,0
1933,1312,210,148,123,441,6,0,0
1934,1312,210,148,123,441,6,0,0
1935,1312,210,148,123,441,6,0,0
1936,1312,210,148,124,441,6,0,0
1937,1312,210,148,124,441,6,0,0
1938,1312,210,148,124,441,6,0,0
1939,1312,210,147,123,441,6,0,0
1940,1312,210,147,123,441,6,0,0
1941,1312,210,148,123,441,6,0,0
1942,1311,210,149,124,441,6,0,0
1943,1312,210,149,124,441,6,0,0
1944,1312,210,150,124,441,6,0,2
1945,1312,210,151,124,441,6,0,2
1946,1312,211,157,120,441,6,0,3
1947,1311,210,152,124,441,6,0,1
1948,1311,211,151,124,441,6,0,3
1949,1311,210,151,124,441,6,0,4
1950,1313,210,155,120,441,6,0,4
1951,1313,210,155,120,441,6,0,6
1952,1313,210,155,120,441,6,0,7
1953,1313,210,155,120,441,6,0,10
1954,1313,210,155,120,441,6,0,8
1955,1313,210,155,120,441,6,0,6
1956,1314,209,153,121,441,6,0,3
1957,1314,210,153,120,441,6,0,4
1958,1314,210,153,120,441,6,0,4
1959,1313,209,149,125,441,6,0,6
1960,1314,210,153,119,441,6,0,5
1961,1313,209,149,124,441,6,0,7
1962,1313,209,149,124,441,6,0,7
1963,1313,210,149,124,441,6,0,8
1964,1313,210,149,124,441,6,0,7
1965,1314,210,153,119,441,6,0,7
1966,1314,210,153,119,441,6,0,8
1967,1314,210,153,119,441,6,0,9
1968,1314,209,152,121,441,6,0,7
1969,1314,210,152,121,441,6,0,6
1970,1313,209,148,125,441,6,0,7
1971,1313,210,148,124,441,6,0,9
1972,1313,209,147,125,441,6,0,10
1973,1313,210,146,125,441,6,0,11
1974,1313,209,146,125,441,6,0,9
1975,1313,209,147,125,441,6,0,6
1976,1313,209,147,125,441,6,0,3
1977,1313,209,147,125,441,6,0,2
1978,1313,208,147,125,441,6,0,1
1979,1313,208,147,125,441,6,0,1
1980,1312,209,147,125,441,6,0,0
1981,1312,210,147,125,441,6,0,0
1982,1312,210,148,124,441,6,0,0
1983,1312,209,148,125,441,6,0,0
1984,1312,209,148,125,441,6,0,0
1985,1312,209,148,124,441,6,0,2
1986,1312,209,149,124,441,6,0,4
1987,1313,209,153,122,441,6,0,6
1988,1313,209,153,122,441,6,0,6
1989,1313,209,154,121,441,6,0,5
1990,1311,209,156,123,441,6,0,3
1991,1311,210,155,122,441,6,0,4
1992,1312,210,153,123,441,6,0,6
1993,1313,209,147,126,441,6,0,9
1994,1313,210,146,126,441,6,0,9
1995,1314,210,146,126,441,6,0,9
1996,1313,210,145,126,441,6,0,8
1997,1313,210,146,126,441,6,0,7
1998,1313,210,146,126,441,6,0,5
1999,1313,210,146,126,441,6,0,4
2000,1313,210,147,126,441,6,0,2
2001,1313,210,147,127,441,6,0,2
2002,1313,210,148,126,441,6,0,2
2003,1313,210,150,126,441,6,0,3
2004,1312,210,148,124,441,6,0,4
2005,1312,210,149,125,441,6,0,5
2006,1312,210,150,125,441,6,0,6
2007,1312,210,156,122,441,6,0,6
2008,1312,210,157,123,441,6,0,4
2009,1312,210,156,123,441,6,0,3
2010,1312,210,157,123,441,6,0,2
2011,1312,211,157,123,441,6,0,1
2012,1312,211,157,123,441,6,0,1
2013,1312,210,156,123,441,6,0,0
2014,1312,210,156,123,441,6,0,0
2015,1312,210,156,123,441,6,0,1
2016,1312,210,155,124,441,6,0,3
2017,1313,209,149,127,441,6,0,4
2018,1312,209,149,127,441,6,0,5
2019,1312,210,149,126,441,6,0,6
2020,1313,209,147,127,441,6,0,6
2021,1313,209,147,127,441,6,0,5
2022,1313,209,147,127,441,6,0,3
2023,1312,210,147,126,441,6,0,2
2024,1312,210,148,126,441,6,0,1
2025,1313,210,147,126,441,6,0,1
2026,1313,210,147,126,441,6,0,1
2027,1312,210,148,126,441,6,0,2
2028,1313,210,156,124,441,6,0,4
2029,1313,210,155,124,441,6,0,5
2030,1311,209,158,124,441,6,0,5
2031,1311,210,157,123,441,6,0,4
2032,1311,210,152,126,441,6,0,2
2033,1311,210,151,125,441,6,0,2
2034,1311,208,156,125,441,6,0,2
2035,1311,209,156,124,441,6,0,1
2036,1311,209,151,126,441,6,0,1
2037,1311,209,157,124,441,6,0,0
2038,1311,209,151,126,441,6,0,1
2039,1311,209,151,126,441,6,0,2
2040,1312,209,150,126,441,6,0,2
2041,1312,209,150,126,441,6,0,2
2042,1312,209,150,126,441,6,0,1
2043,1312,208,150,126,441,6,0,1
2044,1312,209,150,126,441,6,0,1
2045,1312,209,150,126,441,6,0,1
2046,1312,208,150,126,441,6,0,1
2047,1312,208,150,126,441,6,0,1
2048,1312,209,149,126,441,6,0,0
2049,1312,209,150,126,441,6,0,0
2050,1312,209,149,125,441,6,0,0
2051,1312,209,148,125,441,6,0,0
2052,1312,209,149,125,441,6,0,0
2053,1312,209,149,125,441,6,0,0
2054,1312,209,149,125,441,6,0,1
2055,1312,208,150,126,441,6,0,1
2056,1312,208,150,127,441,6,0,1
2057,1312,208,150,127,441,6,0,0
2058,1312,207,150,127,441,6,0,0
2059,1312,207,150,127,441,6,0,0
2060,1312,207,150,127,441,6,0,0
2061,1312,208,150,127,441,6,0,0
2062,1312,209,148,126,441,6,0,0
2063,1312,209,148,126,441,6,0,1
2064,1312,210,147,125,441,6,0,2
2065,1313,210,147,125,441,6,0,2
2066,1312,210,147,125,441,6,0,2
2067,1312,210,147,125,441,6,0,1
2068,1312,210,148,125,441,6,0,1
2069,1312,210,148,126,441,6,0,0
2070,1312,210,148,126,441,6,0,0
2071,1312,210,148,126,441,6,0,0
2072,1312,210,147,125,441,6,0,0
2073,1312,210,147,125,441,6,0,0
2074,1312,210,148,125,441,6,0,1
2075,1311,210,149,124,441,6,0,1
2076,1311,210,150,125,441,6,0,0
2077,1311,210,151,125,441,6,0,0
2078,1311,210,151,125,441,6,0,0
2079,1311,210,150,125,441,6,0,0
2080,1311,210,151,125,441,6,0,0
2081,1311,210,151,125,441,6,0,0
2082,1310,210,152,125,441,6,0,0
2083,1311,210,150,125,441,6,0,0
2084,1311,210,150,125,441,6,0,0
2085,1310,210,151,125,441,6,0,0
2086,1310,210,150,125,441,6,0,0
2087,1310,210,148,125,441,6,0,1
2088,1311,211,149,123,441,6,0,2
2089,1311,210,148,124,441,6,0,2
2090,1312,210,148,124,441,6,0,2
2091,1311,211,149,124,441,6,0,1
2092,1312,210,150,124,441,6,0,1
2093,1312,210,149,124,441,6,0,1
2094,1312,210,149,124,441,6,0,0
2095,1312,210,150,124,441,6,0,0
2096,1312,210,150,124,441,6,0,0
2097,1312,210,150,124,441,6,0,0
2098,1312,210,150,124,441,6,0,1
2099,1311,210,149,124,441,6,0,1
2100,1311,211,147,124,441,6,0,3
2101,1312,210,148,124,441,6,0,5
2102,1312,210,152,121,441,6,0,7
2103,1312,210,153,121,441,6,0,6
2104,1312,210,154,122,441,6,0,4
2105,1313,210,153,122,441,6,0,3
2106,1313,210,147,125,441,6,0,3
2107,1313,210,147,125,441,6,0,3
2108,1314,210,146,124,441,6,0,4
2109,1314,210,151,120,441,6,0,3
2110,1312,210,148,123,441,6,0,3
2111,1312,210,147,123,441,6,0,2
2112,1313,210,146,124,441,6,0,2
2113,1313,210,146,123,441,6,0,3
2114,1312,210,147,123,441,6,0,3
2115,1312,210,147,123,441,6,0,3
2116,1312,210,146,123,441,6,0,1
2117,1312,209,147,123,441,6,0,1
2118,1312,210,146,123,441,6,0,1
2119,1312,210,146,124,441,6,0,1
2120,1312,210,146,124,441,6,0,2
2121,1313,210,146,125,441,6,0,3
2122,1313,209,146,122,441,6,0,5
2123,1313,209,146,126,441,6,0,7
2124,1314,209,150,118,441,6,0,10
2125,1313,209,151,120,441,6,0,12
2126,1314,209,151,118,441,6,0,12
2127,1314,210,151,117,441,6,0,12
2128,1315,210,150,117,441,6,0,9
2129,1315,210,151,120,441,6,0,7
2130,1314,210,151,119,441,6,0,5
2131,1315,210,149,119,441,6,0,4
2132,1314,211,149,119,441,6,0,6
2133,1314,211,149,115,441,6,0,6
2134,1314,210,146,123,441,6,0,8
2135,1314,210,146,124,441,6,0,8
2136,1314,209,145,125,441,6,0,9
2137,1314,209,144,125,441,6,0,12
2138,1313,210,146,125,441,6,0,12
2139,1313,210,146,125,441,6,0,12
2140,1313,210,147,125,441,6,0,8
2141,1313,210,146,126,441,6,0,6
2142,1313,210,145,125,441,6,0,3
2143,1313,210,145,125,441,6,0,2
2144,1313,210,145,125,441,6,0,1
2145,1313,210,145,125,441,6,0,1
2146,1313,209,146,126,441,6,0,0
2147,1312,210,146,126,441,6,0,0
2148,1311,210,148,126,441,6,0,0
2149,1311,210,148,125,441,6,0,0
2150,1310,210,148,125,441,6,0,0
2151,1311,210,148,125,441,6,0,0
2152,1312,210,146,126,441,6,0,0
2153,1312,210,146,126,441,6,0,0
2154,1312,210,146,126,441,6,0,0
2155,1312,210,146,125,441,6,0,0
2156,1312,210,146,126,441,6,0,0
2157,1312,210,145,126,441,6,0,0
2158,1312,210,145,126,441,6,0,0
2159,1312,210,146,126,441,6,0,0
2160,1311,210,147,125,441,6,0,0
2161,1311,210,147,125,441,6,0,0
2162,1312,210,147,125,441,6,0,2
2163,1312,210,147,125,441,6,0,3
2164,1311,210,148,124,441,6,0,3
2165,1311,210,148,125,441,6,0,2
2166,1311,210,148,125,441,6,0,1
2167,1311,210,147,124,441,6,0,1
2168,1311,211,147,124,441,6,0,1
2169,1311,210,146,125,441,6,0,1
2170,1312,210,147,125,441,6,0,1
2171,1312,210,146,125,441,6,0,2
2172,1314,209,146,127,441,6,0,3
2173,1313,210,147,127,441,6,0,4
2174,1313,210,146,127,441,6,0,3
2175,1313,210,146,127,441,6,0,3
2176,1313,210,146,127,441,6,0,2
2177,1313,210,147,127,441,6,0,1
2178,1313,210,147,126,441,6,0,1
2179,1313,210,147,126,441,6,0,1
2180,1313,210,147,126,441,6,0,2
2181,1313,210,147,126,441,6,0,2
2182,1313,209,147,125,441,6,0,3
2183,1313,210,147,125,441,6,0,2
2184,1313,209,147,126,441,6,0,2
2185,1314,209,146,126,441,6,0,2
2186,1314,209,146,125,441,6,0,2
2187,1313,209,147,125,441,6,0,2
2188,1313,209,148,125,441,6,0,1
2189,1313,209,147,125,441,6,0,1
2190,1314,210,147,125,441,6,0,0
2191,1313,210,147,125,441,6,0,0
2192,1312,210,150,124,441,6,0,1
2193,1312,210,149,125,441,6,0,2
2194,1312,210,149,125,441,6,0,2
2195,1312,210,150,125,441,6,0,2
2196,1313,210,154,124,441,6,0,2
2197,1313,210,149,126,441,6,0,2
2198,1313,210,148,126,441,6,0,2
2199,1313,210,149,126,441,6,0,1
2200,1313,210,149,126,441,6,0,2
2201,1313,210,149,126,441,6,0,1
2202,1313,210,149,126,441,6,0,1
2203,1313,209,148,127,441,6,0,0
2204,1313,209,148,127,441,6,0,0
2205,1313,209,149,127,441,6,0,0
2206,1313,209,149,127,441,6,0,0
2207,1313,209,149,126,441,6,0,0
2208,1312,209,150,127,441,6,0,0
2209,1312,209,150,126,441,6,0,0
2210,1312,209,149,126,441,6,0,0
2211,1312,209,150,127,441,6,0,0
2212,1312,209,150,127,441,6,0,0
2213,1313,209,149,127,441,6,0,0
2214,1312,209,149,127,441,6,0,0
2215,1312,209,149,127,441,6,0,0
2216,1312,209,148,127,441,6,0,0
2217,1312,209,148,127,441,6,0,0
2218,1312,209,148,127,441,6,0,0
2219,1312,209,149,126,441,6,0,0
2220,1313,209,146,127,441,6,0,0
2221,1313,209,146,127,441,6,0,0
2222,1311,210,148,126,441,6,0,0
2223,1311,210,148,126,441,6,0,0
2224,1311,209,148,126,441,6,0,0
2225,1311,209,149,126,441,6,0,1
2226,1311,209,148,126,441,6,0,1
2227,1311,209,148,126,441,6,0,2
2228,1311,209,148,126,441,6,0,2
2229,1311,209,149,126,441,6,0,1
2230,1311,210,149,126,441,6,0,1
2231,1311,209,149,126,441,6,0,0
2232,1312,209,145,127,441,6,0,0
2233,1312,209,145,127,441,6,0,0
2234,1312,209,145,126,441,6,0,0
2235,1312,209,145,126,441,6,0,0
2236,1312,209,146,126,441,6,0,0
2237,1313,210,145,126,441,6,0,0
2238,1312,210,145,126,441,6,0,0
2239,1312,210,145,126,441,6,0,0
2240,1312,210,146,126,441,6,0,0
2241,1312,210,146,126,441,6,0,1
2242,1313,209,145,126,441,6,0,1
2243,1312,209,146,125,441,6,0,1
2244,1313,209,145,127,441,6,0,1
2245,1312,209,145,126,441,6,0,0
2246,1312,209,145,126,441,6,0,1
2247,1312,209,145,126,441,6,0,1
2248,1312,209,145,127,441,6,0,2
2249,1312,209,145,127,441,6,0,1
2250,1313,209,145,126,441,6,0,0
2251,1312,209,145,126,441,6,0,0
2252,1312,209,146,126,441,6,0,0
2253,1312,209,146,126,441,6,0,1
2254,1312,209,146,126,441,6,0,1
2255,1312,209,146,126,441,6,0,2
2256,1312,209,147,125,441,6,0,1
2257,1312,209,147,125,441,6,0,1
2258,1312,209,147,125,441,6,0,0
2259,1312,209,147,125,441,6,0,0
2260,1312,209,147,125,441,6,0,0
2261,1312,210,147,125,441,6,0,0
2262,1312,209,147,125,441,6,0,0
2263,1312,209,148,125,441,6,0,0
2264,1312,209,146,125,441,6,0,1
2265,1312,210,147,125,441,6,0,1
2266,1312,210,147,125,441,6,0,1
2267,1312,210,147,125,441,6,0,1
2268,1313,209,147,126,441,6,0,2
2269,1313,209,147,126,441,6,0,2
2270,1312,210,147,126,441,6,0,2
2271,1312,209,147,126,441,6,0,1
2272,1312,209,146,126,441,6,0,1
2273,1312,208,146,126,441,6,0,0
2274,1312,209,145,126,441,6,0,0
2275,1312,209,146,126,441,6,0,0
2276,1313,209,146,125,441,6,0,0
2277,1313,209,145,125,441,6,0,0
2278,1313,209,145,125,441,6,0,0
2279,1313,208,146,126,441,6,0,0
2280,1312,209,148,126,441,6,0,0
2281,1312,209,147,126,441,6,0,1
2282,1313,210,146,125,441,6,0,2
2283,1313,210,146,126,441,6,0,3
2284,1313,210,146,126,441,6,0,3
2285,1313,210,146,126,441,6,0,3
2286,1313,210,146,126,441,6,0,2
2287,1313,210,146,126,441,6,0,1
2288,1313,210,146,126,441,6,0,1
2289,1313,210,146,126,441,6,0,1
2290,1312,209,147,126,441,6,0,1
2291,1312,209,147,126,441,6,0,1
2292,1312,210,149,126,441,6,0,0
2293,1312,210,149,126,441,6,0,0
2294,1312,210,149,126,441,6,0,0
2295,1312,210,150,126,441,6,0,0
2296,1312,210,149,125,441,6,0,0
2297,1312,210,148,125,441,6,0,0
2298,1313,210,149,125,441,6,0,0
2299,1313,210,148,126,441,6,0,0
2300,1313,210,148,126,441,6,0,0
2301,1313,210,148,126,441,6,0,0
2302,1312,210,149,125,441,6,0,0
2303,1312,210,149,125,441,6,0,1
2304,1312,209,149,125,441,6,0,1
2305,1312,209,149,125,441,6,0,1
2306,1311,210,149,125,441,6,0,0
2307,1311,210,149,125,441,6,0,0
2308,1312,210,149,125,441,6,0,0
2309,1312,210,148,125,441,6,0,0
2310,1312,209,148,125,441,6,0,0
2311,1311,210,148,125,441,6,0,0
2312,1311,209,148,125,441,6,0,0
2313,1311,210,148,125,441,6,0,0
2314,1311,210,148,126,441,6,0,0
2315,1311,210,148,126,441,6,0,0
2316,1311,209,148,126,441,6,0,0
2317,1311,209,149,126,441,6,0,0
2318,1311,209,149,125,441,6,0,0
2319,1311,209,149,126,441,6,0,0
2320,1311,209,150,126,441,6,0,0
2321,1311,209,150,126,441,6,0,0
2322,1312,209,150,127,441,6,0,1
2323,1312,209,151,127,441,6,0,2
2324,1312,209,151,127,441,6,0,4
2325,1312,209,157,124,441,6,0,4
2326,1312,209,156,124,441,6,0,4
2327,1312,209,156,124,441,6,0,2
2328,1312,209,148,127,441,6,0,1
2329,1313,209,149,126,441,6,0,2
2330,1312,209,149,126,441,6,0,2
2331,1312,209,148,126,441,6,0,3
0,1014,24,61,49,442,9,0,58
1,1012,21,61,50,442,9,0,85
2,1011,21,62,50,442,9,0,105
3,1011,21,61,48,442,9,0,132
4,1010,20,61,47,442,9,0,135
5,1008,20,62,47,442,9,0,134
6,1008,20,61,46,442,9,0,134
7,1008,19,61,47,442,9,0,133
8,1007,18,61,46,442,9,0,130
9,1006,19,61,44,442,9,0,129
10,1004,18,61,44,442,9,0,136
11,1004,17,60,44,442,9,0,150
12,1003,16,59,43,442,9,0,161
13,1001,14,60,42,442,9,0,166
14,1000,12,60,43,442,9,0,169
15,1000,12,57,42,442,9,0,171
16,997,9,59,43,442,9,0,172
17,997,10,58,41,442,9,0,173
18,996,6,57,43,442,9,0,173
19,995,4,56,44,442,9,0,173
20,993,2,57,44,442,9,0,173
21,990,2,58,43,442,9,0,173
22,990,1,58,43,442,9,0,173
23,986,0,60,41,442,9,0,173
24,986,0,59,41,442,9,0,173
25,986,0,58,40,442,9,0,173
26,986,1,57,38,442,9,0,173
27,984,0,58,38,442,9,0,173
28,982,0,59,36,442,9,0,173
29,981,0,60,35,442,9,0,173
30,980,0,59,35,442,9,0,173
31,979,0,56,33,442,9,0,173
32,979,0,54,31,442,9,0,173
33,978,0,54,31,442,9,0,173
34,978,0,52,29,442,9,0,173
35,978,0,52,28,442,9,0,173
36,975,0,52,27,442,9,0,173
37,975,0,52,25,442,9,0,173
38,974,0,53,25,442,9,0,173
39,974,0,53,23,442,9,0,173
40,974,0,51,22,442,9,0,173
41,969,0,56,22,442,9,0,173
40,852,0,58,32,443,9,4,178
41,853,0,56,33,443,9,4,178
42,857,0,56,34,443,9,4,178
43,857,0,55,35,443,9,4,178
44,858,0,56,37,443,9,4,178
45,859,0,58,39,443,9,4,178
46,861,0,57,40,443,9,4,178
47,860,0,59,41,443,9,4,178
48,862,0,57,42,443,9,4,178
49,863,0,58,43,443,9,4,178
50,861,0,63,43,443,9,4,178
51,863,0,59,45,443,9,4,178
52,865,0,59,47,443,9,4,178
53,864,0,60,49,443,9,4,178
54,866,0,60,51,443,9,4,178
55,868,0,60,54,443,9,4,178
56,870,0,59,55,443,9,4,178
57,869,1,61,55,443,9,4,178
58,871,1,61,55,443,9,4,178
59,872,2,63,56,443,9,4,178
60,874,3,62,56,443,9,4,178
61,873,4,66,58,443,9,4,178
62,875,6,65,57,443,9,4,178
63,877,6,64,58,443,9,4,178
64,874,7,69,58,443,9,4,178
65,878,7,65,59,443,9,4,169
66,877,11,69,56,443,9,4,158
67,881,11,65,57,443,9,4,145
68,880,12,68,57,443,9,4,142
69,883,12,66,58,443,9,4,141
70,882,15,68,57,443,9,4,149
71,885,17,65,56,443,9,4,155
72,886,18,64,58,443,9,4,163
73,887,18,67,58,443,9,4,165
74,888,19,65,59,443,9,4,166
75,889,21,67,59,443,9,4,167
76,890,23,67,59,443,9,4,166
77,892,24,66,58,443,9,4,166
78,893,24,67,61,443,9,4,166
79,893,25,67,60,443,9,4,165
80,894,27,68,62,443,9,4,164
81,894,29,69,61,443,9,4,160
82,895,29,69,63,443,9,4,154
83,896,31,70,61,443,9,4,146
84,897,33,68,61,443,9,4,134
85,897,32,69,62,443,9,4,126
86,897,35,71,60,443,9,4,116
87,900,35,69,63,443,9,4,118
88,900,35,70,63,443,9,4,114
89,900,37,71,63,443,9,4,116
90,900,37,73,63,443,9,4,112
91,901,40,72,61,443,9,4,106
92,903,40,70,63,443,9,4,103
93,904,40,70,63,443,9,4,97
94,904,43,70,63,443,9,4,103
95,904,45,72,62,443,9,4,103
96,906,45,70,65,443,9,4,106
97,906,46,74,64,443,9,4,105
98,907,48,73,63,443,9,4,99
99,907,49,72,63,443,9,4,94
100,908,49,72,63,443,9,4,85
101,909,49,73,65,443,9,4,84
102,910,52,74,64,443,9,4,87
103,910,53,73,62,443,9,4,92
104,910,52,71,66,443,9,4,77
105,910,51,71,67,443,9,4,65
106,910,54,68,59,443,9,4,49
112,915,58,70,66,443,9,4,54
113,910,59,79,65,443,9,4,47
114,912,60,76,65,443,9,4,47
115,913,61,74,64,443,9,4,50
116,913,61,73,65,443,9,4,49
117,914,62,72,65,443,9,4,46
118,915,61,71,65,443,9,4,36
119,914,61,71,66,443,9,4,35
120,914,62,72,66,443,9,4,35
121,915,62,71,66,443,9,4,35
122,914,63,73,67,443,9,4,34
123,915,62,73,68,443,9,4,35
124,916,62,72,67,443,9,4,35
125,915,63,74,67,443,9,4,36
126,915,64,74,66,443,9,4,36
127,915,65,74,66,443,9,4,39
128,915,66,74,67,443,9,4,41
129,914,66,75,68,443,9,4,37
130,914,66,76,68,443,9,4,32
131,916,66,74,66,443,9,4,25
132,916,66,74,67,443,9,4,20
133,916,65,75,68,443,9,4,31
134,916,65,74,68,443,9,4,46
135,920,65,70,63,443,9,4,68
136,923,67,68,45,443,9,4,76
137,923,65,64,37,443,9,4,82
138,925,65,64,31,443,9,4,85
139,919,65,63,31,443,9,4,86
140,920,65,62,30,443,9,4,87
141,917,65,63,28,443,9,4,87
89,1303,91,73,55,444,3,5,55
90,1289,99,87,46,444,3,5,55
91,1268,95,110,49,444,3,5,55
92,1249,87,125,58,444,3,5,55
93,1227,77,147,69,444,3,5,55
94,1202,74,172,73,444,3,5,51
95,1183,73,190,72,444,3,5,47
96,1159,74,207,72,444,3,5,44
97,1141,75,224,73,444,3,5,47
98,1114,75,197,73,444,3,5,51
99,1095,76,197,72,444,3,5,54
100,1069,76,201,73,444,3,5,54
101,1044,75,201,74,444,3,5,51
102,1018,76,200,73,444,3,5,48
103,995,76,198,73,444,3,5,47
104,968,75,204,75,444,3,5,48
105,940,74,205,77,444,3,5,50
106,914,77,204,74,444,3,5,50
107,885,77,206,75,444,3,5,50
108,861,79,205,73,444,3,5,48
109,833,78,203,74,444,3,5,45
110,829,79,175,73,444,3,5,42
111,769,73,209,78,444,3,5,38
112,759,74,190,76,444,3,5,39
113,751,75,166,76,444,3,5,39
114,744,76,139,71,444,3,5,42
126,704,83,160,70,446,7,1,108
127,730,85,139,66,446,7,1,96
128,719,86,169,68,446,7,1,87
129,714,84,194,70,446,7,1,63
130,747,84,168,72,446,7,1,47
131,754,85,173,67,446,7,1,28
132,773,84,168,68,446,7,1,23
133,773,84,186,69,446,7,1,21
134,825,87,142,67,446,7,1,29
135,836,87,146,66,446,7,1,31
136,835,86,163,67,446,7,1,34
137,842,88,169,66,446,7,1,30
138,851,88,176,65,446,7,1,31
139,896,93,140,60,446,7,1,32
140,880,87,172,65,446,7,1,36
141,894,87,167,64,446,7,1,39
142,916,85,158,64,446,7,1,43
143,926,84,159,65,446,7,1,44
144,941,84,154,65,446,7,1,46
145,954,84,150,64,446,7,1,48
146,974,84,140,65,446,7,1,43
147,1034,85,87,63,446,7,1,36
148,994,85,136,64,446,7,1,26
149,1012,84,121,64,446,7,1,22
150,1017,82,123,67,446,7,1,18
151,1025,81,114,66,446,7,1,18
152,1035,80,113,67,446,7,1,23
153,1043,80,107,66,446,7,1,27
154,1051,80,102,65,446,7,1,33
155,1058,80,98,66,446,7,1,34
156,1063,81,94,65,446,7,1,39
157,1068,81,88,63,446,7,1,40
158,1072,79,83,63,446,7,1,42
159,1075,79,78,63,446,7,1,41
160,1076,78,75,63,446,7,1,46
161,1078,79,73,61,446,7,1,47
162,1075,77,76,62,446,7,1,48
163,1074,79,77,59,446,7,1,47
164,1072,78,78,59,446,7,1,48
165,1069,76,80,60,446,7,1,49
166,1066,75,81,60,446,7,1,51
167,1063,74,81,61,446,7,1,52
168,1059,73,82,59,446,7,1,57
169,1058,73,81,59,446,7,1,63
170,1057,72,79,58,446,7,1,71
171,1054,70,78,58,446,7,1,76
172,1051,67,79,59,446,7,1,77
173,1050,65,78,61,446,7,1,81
174,1047,59,78,65,446,7,1,81
175,1051,59,69,63,446,7,1,82
176,1047,58,71,64,446,7,1,85
177,1042,58,73,62,446,7,1,103
178,1039,55,74,61,446,7,1,124
179,1038,55,70,56,446,7,1,143
180,1036,53,70,41,446,7,1,151
181,1034,54,68,34,446,7,1,156
182,1027,52,74,31,446,7,1,158
183,1032,51,68,28,446,7,1,159
143,916,67,67,62,447,9,4,68
144,916,66,63,65,447,9,4,60
145,916,66,65,66,447,9,4,52
146,916,67,69,66,447,9,4,40
147,917,67,71,66,447,9,4,34
148,917,67,72,66,447,9,4,30
149,917,67,71,66,447,9,4,25
150,917,68,72,65,447,9,4,19
151,918,68,71,65,447,9,4,12
152,918,68,71,65,447,9,4,8
153,918,68,71,65,447,9,4,6
154,918,68,71,65,447,9,4,5
155,918,68,71,65,447,9,4,5
156,918,69,71,65,447,9,4,4
157,918,68,72,66,447,9,4,7
158,919,68,72,66,447,9,4,13
159,919,67,72,68,447,9,4,17
160,919,68,73,68,447,9,4,17
161,919,68,75,67,447,9,4,18
162,919,68,76,68,447,9,4,21
163,919,68,78,68,447,9,4,21
164,920,69,80,67,447,9,4,16
165,920,69,82,67,447,9,4,13
166,920,69,84,67,447,9,4,13
167,922,71,87,65,447,9,4,16
168,925,70,86,68,447,9,4,19
169,922,72,97,66,447,9,4,21
170,923,72,100,66,447,9,4,23
171,924,72,105,66,447,9,4,24
172,927,72,107,67,447,9,4,20
173,931,73,114,66,447,9,4,18
174,934,73,118,66,447,9,4,15
175,936,73,128,67,447,9,4,17
176,943,74,131,66,447,9,4,18
177,948,74,136,67,447,9,4,21
178,955,74,139,67,447,9,4,25
179,962,77,145,65,447,9,4,28
180,970,75,153,67,447,9,4,25
181,980,78,154,64,447,9,4,20
182,991,80,159,62,447,9,4,16
183,1003,80,113,61,447,9,4,14
184,1015,77,166,66,447,9,4,18
185,1026,78,169,66,447,9,4,18
186,1040,78,171,67,447,9,4,23
187,1053,77,175,68,447,9,4,25
188,1068,82,179,63,447,9,4,30
189,1084,80,179,64,447,9,4,28
190,1101,79,179,65,447,9,4,28
191,1118,80,179,66,447,9,4,30
192,1136,81,179,65,447,9,4,31
193,1156,82,174,63,447,9,4,28
194,1175,82,170,64,447,9,4,23
195,1195,81,179,65,447,9,4,24
196,1214,81,162,65,447,9,4,27
197,1234,81,138,65,447,9,4,31
198,1256,78,114,64,447,9,4,32
200,1300,99,76,43,447,9,4,31
184,1014,48,83,41,450,7,1,162
185,1013,45,78,59,450,7,1,162
186,1012,45,76,55,450,7,1,162
187,1012,42,73,57,450,7,1,156
188,1010,42,73,56,450,7,1,150
189,1006,35,74,62,450,7,1,144
190,1005,36,73,59,450,7,1,137
191,1002,34,74,60,450,7,1,132
192,1001,34,72,58,450,7,1,130
193,999,31,73,59,450,7,1,138
194,996,30,74,58,450,7,1,149
195,996,29,72,58,450,7,1,158
196,992,27,73,57,450,7,1,166
197,991,26,74,56,450,7,1,169
198,990,25,72,55,450,7,1,172
199,987,24,71,54,450,7,1,172
200,987,23,70,55,450,7,1,170
201,985,22,70,55,450,7,1,167
202,983,21,69,54,450,7,1,165
203,982,20,68,53,450,7,1,164
204,979,19,69,52,450,7,1,165
205,979,18,66,51,450,7,1,164
206,977,13,65,54,450,7,1,164
207,975,14,67,53,450,7,1,164
208,974,12,64,52,450,7,1,164
209,971,9,65,54,450,7,1,164
210,970,8,66,54,450,7,1,164
211,968,3,66,58,450,7,1,164
212,968,4,64,54,450,7,1,164
213,967,1,63,55,450,7,1,164
214,965,2,63,53,450,7,1,164
215,963,2,65,50,450,7,1,164
216,962,1,63,51,450,7,1,164
217,961,1,62,48,450,7,1,164
218,959,1,63,47,450,7,1,164
219,959,0,63,45,450,7,1,164
220,954,0,65,45,450,7,1,164
221,954,0,63,43,450,7,1,164
222,952,0,63,41,450,7,1,164
223,951,0,63,40,450,7,1,164
224,951,0,61,38,450,7,1,164
225,950,0,59,36,450,7,1,164
226,949,0,58,35,450,7,1,164
227,948,0,57,33,450,7,1,164
228,947,0,58,32,450,7,1,164
229,947,0,55,29,450,7,1,164
230,944,0,55,27,450,7,1,164
231,944,0,55,27,450,7,1,164
232,944,0,53,25,450,7,1,164
272,864,0,61,33,451,3,5,100
273,863,0,62,34,451,3,5,116
274,863,0,62,35,451,3,5,131
275,866,0,60,36,451,3,5,151
276,865,0,64,37,451,3,5,160
277,867,0,61,38,451,3,5,166
278,869,0,59,39,451,3,5,169
279,871,0,59,39,451,3,5,170
280,874,1,58,40,451,3,5,171
281,876,0,57,41,451,3,5,172
282,880,1,54,44,451,3,5,172
283,880,1,54,45,451,3,5,172
284,878,0,58,47,451,3,5,172
285,883,3,55,48,451,3,5,172
286,880,0,58,51,451,3,5,172
287,879,0,60,52,451,3,5,172
288,878,0,61,53,451,3,5,172
289,882,1,59,53,451,3,5,174
290,880,4,63,53,451,3,5,175
291,880,2,65,55,451,3,5,177
292,878,3,68,57,451,3,5,177
293,879,4,69,58,451,3,5,177
294,882,6,67,58,451,3,5,177
295,884,7,66,58,451,3,5,177
296,884,10,67,56,451,3,5,177
297,886,11,68,58,451,3,5,177
298,888,13,67,57,451,3,5,177
299,889,14,68,57,451,3,5,176
300,889,14,70,58,451,3,5,172
301,892,16,68,57,451,3,5,163
302,893,16,69,58,451,3,5,150
303,894,19,71,57,451,3,5,143
304,894,19,72,58,451,3,5,139
305,895,20,73,59,451,3,5,140
306,897,23,72,57,451,3,5,140
307,897,23,72,58,451,3,5,144
308,899,26,72,57,451,3,5,146
309,900,25,72,60,451,3,5,145
310,900,26,73,59,451,3,5,141
311,903,27,71,60,451,3,5,136
312,902,27,72,61,451,3,5,133
313,905,28,72,61,451,3,5,127
314,907,29,71,62,451,3,5,126
315,906,29,73,63,451,3,5,121
316,907,30,75,64,451,3,5,124
317,909,31,73,64,451,3,5,122
318,910,33,74,64,451,3,5,118
319,910,34,76,63,451,3,5,111
320,910,34,78,64,451,3,5,100
321,912,35,75,64,451,3,5,94
322,912,36,75,64,451,3,5,83
323,912,38,75,63,451,3,5,78
324,912,40,77,62,451,3,5,73
325,912,41,77,61,451,3,5,71
326,914,42,74,62,451,3,5,79
327,914,42,76,62,451,3,5,86
328,914,46,77,62,451,3,5,96
329,915,47,76,62,451,3,5,103
330,915,47,77,63,451,3,5,107
331,916,50,75,62,451,3,5,113
332,918,53,70,59,451,3,5,109
333,918,49,73,64,451,3,5,106
334,918,51,71,64,451,3,5,100
335,920,53,71,63,451,3,5,97
336,919,54,72,64,451,3,5,95
337,920,55,70,65,451,3,5,90
338,921,54,70,65,451,3,5,84
339,922,54,70,65,451,3,5,76
340,922,54,72,67,451,3,5,67
341,923,55,73,66,451,3,5,57
342,923,57,73,64,451,3,5,48
343,923,56,74,66,451,3,5,42
344,923,56,74,67,451,3,5,39
345,923,58,73,64,451,3,5,38
346,923,60,76,63,451,3,5,38
347,923,62,77,62,451,3,5,42
348,924,59,76,66,451,3,5,45
349,924,60,76,67,451,3,5,50
350,924,62,77,64,451,3,5,51
351,924,66,77,60,451,3,5,52
352,925,68,77,59,451,3,5,52
353,925,68,78,60,451,3,5,50
354,924,66,79,62,451,3,5,46
355,923,64,80,65,451,3,5,43
356,924,66,79,63,451,3,5,43
357,924,68,81,62,451,3,5,44
358,927,74,78,57,451,3,5,45
359,929,77,76,55,451,3,5,45
360,930,78,75,54,451,3,5,42
361,927,68,80,64,451,3,5,38
362,927,66,82,67,451,3,5,31
363,923,62,86,70,451,3,5,25
364,923,62,86,70,451,3,5,19
365,919,61,89,72,451,3,5,15
366,917,61,90,72,451,3,5,10
367,914,60,93,73,451,3,5,10
368,914,59,94,74,451,3,5,7
369,914,60,94,74,451,3,5,7
370,915,59,91,73,451,3,5,4
371,915,59,92,74,451,3,5,6
372,914,58,91,75,451,3,5,5
373,914,57,91,75,451,3,5,6
374,914,58,92,74,451,3,5,5
375,913,59,95,74,451,3,5,4
376,913,60,95,73,451,3,5,6
377,914,60,93,73,451,3,5,13
378,916,61,91,74,451,3,5,23
379,920,62,88,73,451,3,5,29
380,921,63,86,72,451,3,5,26
381,920,63,88,73,451,3,5,24
382,916,63,92,72,451,3,5,18
383,916,62,93,73,451,3,5,16
384,916,62,94,74,451,3,5,16
385,915,63,95,73,451,3,5,18
386,915,63,97,76,451,3,5,25
387,916,62,97,77,451,3,5,31
388,916,63,95,77,451,3,5,36
389,927,66,84,74,451,3,5,38
390,928,68,86,72,451,3,5,40
391,928,68,87,74,451,3,5,43
392,932,71,84,73,451,3,5,44
393,937,75,83,70,451,3,5,51
394,934,75,89,71,451,3,5,58
395,933,78,94,70,451,3,5,65
396,938,78,91,72,451,3,5,62
397,948,78,83,72,451,3,5,58
398,947,79,84,72,451,3,5,52
399,948,78,84,73,451,3,5,46
400,949,79,85,73,451,3,5,40
401,949,78,86,74,451,3,5,34
402,950,78,84,75,451,3,5,31
403,949,80,87,74,451,3,5,30
404,949,79,88,76,451,3,5,29
405,951,79,86,76,451,3,5,29
406,951,79,85,77,451,3,5,27
407,954,80,84,75,451,3,5,26
408,954,80,86,75,451,3,5,24
409,954,81,85,75,451,3,5,22
410,955,81,86,76,451,3,5,18
411,956,82,85,75,451,3,5,17
412,955,83,87,74,451,3,5,22
413,956,82,87,75,451,3,5,28
414,956,83,87,77,451,3,5,32
415,957,83,87,77,451,3,5,32
416,958,84,86,77,451,3,5,33
417,958,83,87,77,451,3,5,34
418,958,84,88,78,451,3,5,33
419,955,84,92,78,451,3,5,31
420,954,85,94,78,451,3,5,28
421,955,85,92,78,451,3,5,26
422,956,85,91,78,451,3,5,22
423,956,86,91,78,451,3,5,21
424,956,86,91,78,451,3,5,20
425,956,87,93,78,451,3,5,21
426,956,87,94,79,451,3,5,21
427,955,87,95,79,451,3,5,24
428,957,88,94,79,451,3,5,27
429,957,89,94,80,451,3,5,29
430,957,89,95,80,451,3,5,29
431,957,89,95,81,451,3,5,29
432,957,89,94,82,451,3,5,28
433,958,88,94,83,451,3,5,27
434,958,88,94,83,451,3,5,26
435,957,89,94,84,451,3,5,28
436,957,89,94,85,451,3,5,31
437,957,90,93,86,451,3,5,33
438,956,90,95,87,451,3,5,34
439,956,90,96,87,451,3,5,34
440,956,90,96,87,451,3,5,35
441,955,91,96,87,451,3,5,33
442,954,92,99,87,451,3,5,29
443,955,93,96,86,451,3,5,25
444,955,94,96,86,451,3,5,23
445,955,94,95,86,451,3,5,22
446,956,94,95,86,451,3,5,21
447,956,95,96,87,451,3,5,21
448,955,95,97,88,451,3,5,21
449,954,95,98,88,451,3,5,24
450,951,96,102,88,451,3,5,27
451,951,97,102,89,451,3,5,30
452,952,97,100,90,451,3,5,31
453,951,97,102,90,451,3,5,31
454,951,99,102,90,451,3,5,32
455,949,100,105,89,451,3,5,32
456,948,101,105,90,451,3,5,32
457,948,101,104,91,451,3,5,31
458,949,101,103,91,451,3,5,30
459,949,102,101,91,451,3,5,30
460,947,103,104,92,451,3,5,28
461,946,104,103,91,451,3,5,27
462,945,106,101,89,451,3,5,26
463,947,106,99,91,451,3,5,28
464,946,106,101,92,451,3,5,29
465,945,106,104,93,451,3,5,31
466,945,107,105,94,451,3,5,33
467,944,108,109,94,451,3,5,34
468,945,109,108,95,451,3,5,36
469,945,110,104,94,451,3,5,36
470,944,111,109,96,451,3,5,36
471,945,111,105,96,451,3,5,36
472,944,111,104,97,451,3,5,36
473,943,111,108,100,451,3,5,37
474,943,112,107,100,451,3,5,35
475,944,113,107,99,451,3,5,35
476,943,114,108,100,451,3,5,36
477,941,114,111,101,451,3,5,37
478,941,115,111,102,451,3,5,36
479,939,116,113,103,451,3,5,35
480,936,116,114,104,451,3,5,35
481,936,118,115,102,451,3,5,35
482,935,119,115,104,451,3,5,35
483,936,119,115,105,451,3,5,33
484,934,121,116,104,451,3,5,33
485,932,122,118,103,451,3,5,34
486,933,123,120,106,451,3,5,36
487,934,125,118,105,451,3,5,36
488,934,126,124,105,451,3,5,35
489,932,126,124,106,451,3,5,36
490,930,125,127,109,451,3,5,34
491,931,127,131,108,451,3,5,34
492,933,128,126,108,451,3,5,32
493,933,127,126,112,451,3,5,33
494,931,129,128,110,451,3,5,33
495,931,131,124,111,451,3,5,35
496,928,132,130,112,451,3,5,37
497,927,134,128,112,451,3,5,37
498,927,134,129,113,451,3,5,38
499,925,136,132,113,451,3,5,38
500,926,136,130,115,451,3,5,39
501,925,137,130,116,451,3,5,39
502,926,138,128,118,451,3,5,40
503,924,140,131,118,451,3,5,39
504,922,139,132,120,451,3,5,39
505,922,141,133,121,451,3,5,39
506,921,141,137,123,451,3,5,37
507,921,143,138,122,451,3,5,35
508,919,146,144,120,451,3,5,32
509,919,146,138,121,451,3,5,31
510,916,147,145,122,451,3,5,30
511,917,150,146,121,451,3,5,31
512,917,151,146,123,451,3,5,33
513,920,151,147,125,451,3,5,35
514,918,152,149,128,451,3,5,37
515,918,154,148,128,451,3,5,39
516,920,155,150,128,451,3,5,40
517,917,157,157,130,451,3,5,41
518,919,159,156,130,451,3,5,41
519,918,160,158,132,451,3,5,41
520,919,162,161,133,451,3,5,42
521,920,163,162,135,451,3,5,43
522,919,166,165,136,451,3,5,44
523,919,168,168,136,451,3,5,43
524,919,170,168,138,451,3,5,43
525,920,171,170,138,451,3,5,42
526,919,173,173,140,451,3,5,42
527,918,173,175,143,451,3,5,40
528,920,175,178,144,451,3,5,39
529,920,175,179,146,451,3,5,39
530,919,178,182,147,451,3,5,40
531,920,181,184,147,451,3,5,41
532,921,183,182,149,451,3,5,41
533,919,185,185,150,451,3,5,41
534,918,188,187,151,451,3,5,41
535,917,191,187,150,451,3,5,42
536,918,194,191,151,451,3,5,41
537,917,196,191,155,451,3,5,42
538,916,198,194,154,451,3,5,42
539,914,200,196,157,451,3,5,44
540,916,202,195,161,451,3,5,45
541,916,205,199,162,451,3,5,44
542,915,208,201,162,451,3,5,44
543,913,212,203,162,451,3,5,44
544,913,216,205,162,451,3,5,45
545,913,218,205,166,451,3,5,46
546,911,222,209,170,451,3,5,46
547,913,222,207,173,451,3,5,46
548,911,225,210,174,451,3,5,47
549,908,229,214,176,451,3,5,48
550,910,231,213,179,451,3,5,47
551,910,236,214,180,451,3,5,46
552,904,240,221,180,451,3,5,45
553,904,243,222,182,451,3,5,45
554,898,247,230,185,451,3,5,45
555,895,250,233,188,451,3,5,45
556,893,256,230,188,451,3,5,45
557,889,258,233,192,451,3,5,47
558,886,263,236,195,451,3,5,48
559,883,267,238,200,451,3,5,48
560,882,270,240,200,451,3,5,47
561,876,277,244,200,451,3,5,48
562,876,279,243,209,451,3,5,48
563,876,286,244,209,451,3,5,47
564,870,292,251,208,451,3,5,47
565,866,296,256,213,451,3,5,47
566,866,302,256,219,451,3,5,47
567,859,308,263,217,451,3,5,46
568,857,312,263,222,451,3,5,45
569,856,317,262,226,451,3,5,45
570,845,326,277,224,451,3,5,45
571,842,330,279,231,451,3,5,45
572,837,337,284,233,451,3,5,45
573,830,342,293,240,451,3,5,46
574,826,348,295,243,451,3,5,46
575,826,353,293,247,451,3,5,45
576,816,360,302,253,451,3,5,45
577,815,364,300,257,451,3,5,44
578,806,375,311,258,451,3,5,44
579,801,382,316,263,451,3,5,44
580,794,389,320,269,451,3,5,44
581,788,398,325,270,451,3,5,43
582,780,404,330,275,451,3,5,43
583,773,412,339,279,451,3,5,43
584,766,422,343,284,451,3,5,42
585,757,429,349,289,451,3,5,42
586,751,434,352,298,451,3,5,42
587,743,445,359,303,451,3,5,42
588,731,454,367,308,451,3,5,42
589,720,463,376,314,451,3,5,42
590,707,473,387,323,451,3,5,43
591,699,481,391,332,451,3,5,43
592,685,496,401,338,451,3,5,44
593,673,508,407,346,451,3,5,45
594,657,521,415,355,451,3,5,45
595,640,533,425,362,451,3,5,45
596,621,549,433,364,451,3,5,44
597,599,562,446,371,451,3,5,43
598,576,572,457,384,451,3,5,42
599,555,586,461,395,451,3,5,41
600,530,601,472,402,451,3,5,40
601,498,612,496,417,451,3,5,40
602,470,626,500,425,451,3,5,38
603,437,644,516,432,451,3,5,36
604,400,656,536,422,451,3,5,33
605,359,669,556,409,451,3,5,29
606,315,688,581,389,451,3,5,24
607,269,706,597,368,451,3,5,17
608,218,724,631,350,451,3,5,12
609,163,745,652,330,451,3,5,9
610,107,765,675,308,451,3,5,8
611,44,783,700,293,451,3,5,7
612,0,804,705,273,451,3,5,7
613,3,824,660,254,451,3,5,7
614,0,843,621,236,451,3,5,7
615,3,864,565,210,451,3,5,7
616,1,889,519,189,451,3,5,7
617,2,910,459,167,451,3,5,7
618,0,941,406,138,451,3,5,7
619,1,968,325,109,451,3,5,7
298,865,0,48,40,453,6,1,53
299,867,0,49,40,453,6,1,59
300,868,0,50,39,453,6,1,63
301,869,0,52,39,453,6,1,70
302,870,0,48,39,453,6,1,68
303,872,2,48,36,453,6,1,60
304,871,4,47,43,453,6,1,55
305,873,1,50,38,453,6,1,56
306,871,3,53,48,453,6,1,64
307,874,2,48,42,453,6,1,66
308,873,5,51,49,453,6,1,68
309,872,6,56,51,453,6,1,68
310,872,6,53,51,453,6,1,69
311,873,11,55,51,453,6,1,69
312,873,9,57,51,453,6,1,69
313,874,18,54,48,453,6,1,69
314,880,15,51,51,453,6,1,69
315,875,11,57,55,453,6,1,78
316,876,12,56,56,453,6,1,84
317,879,12,54,55,453,6,1,86
318,875,16,58,53,453,6,1,75
319,880,14,53,55,453,6,1,71
320,883,18,50,50,453,6,1,77
321,880,40,42,33,453,6,1,95
322,885,23,48,49,453,6,1,116
323,886,23,49,51,453,6,1,128
324,887,23,50,51,453,6,1,135
325,887,22,52,55,453,6,1,129
326,888,25,51,53,453,6,1,134
327,888,24,54,55,453,6,1,142
328,889,26,60,55,453,6,1,156
329,889,28,58,56,453,6,1,161
330,889,27,59,56,453,6,1,165
331,889,28,59,57,453,6,1,167
332,893,30,55,57,453,6,1,168
333,894,30,56,57,453,6,1,163
334,895,31,57,58,453,6,1,163
335,896,31,55,59,453,6,1,163
336,897,37,51,55,453,6,1,150
337,897,37,54,58,453,6,1,139
338,898,35,55,58,453,6,1,136
339,899,36,56,59,453,6,1,129
340,900,38,53,59,453,6,1,112
341,901,36,53,58,453,6,1,80
342,902,39,53,57,453,6,1,89
343,903,41,52,57,453,6,1,105
344,902,41,54,59,453,6,1,113
345,904,53,48,47,453,6,1,108
346,906,62,36,39,453,6,1,98
347,905,44,54,58,453,6,1,99
348,905,43,56,61,453,6,1,88
349,905,44,55,59,453,6,1,82
350,906,48,53,56,453,6,1,78
351,907,51,53,54,453,6,1,77
352,908,47,55,59,453,6,1,83
353,908,47,56,61,453,6,1,91
354,911,51,60,61,453,6,1,101
355,911,51,59,60,453,6,1,105
356,911,50,58,62,453,6,1,107
357,912,51,56,61,453,6,1,107
358,913,54,57,59,453,6,1,100
359,913,54,60,61,453,6,1,89
360,912,54,58,61,453,6,1,77
361,913,54,57,61,453,6,1,73
362,911,60,46,56,453,6,1,71
397,908,84,54,60,454,6,1,10
398,899,85,61,59,454,6,1,17
399,896,81,66,63,454,6,1,24
400,891,81,69,64,454,6,1,32
401,883,81,76,66,454,6,1,34
402,874,81,89,66,454,6,1,35
403,869,84,84,63,454,6,1,36
404,861,85,91,63,454,6,1,40
405,851,84,101,64,454,6,1,45
406,841,87,110,65,454,6,1,44
407,835,88,107,62,454,6,1,38
408,832,88,102,62,454,6,1,28
409,830,88,96,61,454,6,1,22
410,816,87,102,63,454,6,1,18
411,776,89,130,63,454,6,1,17
412,760,89,136,60,454,6,1,16
413,764,87,117,60,454,6,1,16
414,754,85,111,64,454,6,1,19
415,713,86,141,63,454,6,1,41
416,750,88,72,56,454,6,1,51
417,742,84,73,56,454,6,1,59
418,711,82,81,61,454,6,1,48
419,700,82,83,59,454,6,1,48
583,1089,1007,395,68,455,5,3,5
584,1058,968,459,107,455,5,3,5
585,1089,941,499,134,455,5,3,5
586,1117,906,483,171,455,5,3,5
587,1141,874,468,203,455,5,3,5
588,1156,844,463,232,455,5,3,5
589,1179,813,448,264,455,5,3,5
590,1199,791,432,286,455,5,3,5
591,1215,771,419,303,455,5,3,5
592,1230,749,406,327,455,5,3,7
593,1242,728,393,339,455,5,3,11
594,1248,710,385,328,455,5,3,17
595,1254,692,374,321,455,5,3,21
596,1258,684,371,306,455,5,3,27
597,1261,667,356,298,455,5,3,32
598,1264,651,345,292,455,5,3,36
599,1263,640,339,282,455,5,3,37
600,1264,626,328,279,455,5,3,39
601,1259,614,325,271,455,5,3,40
602,1257,597,317,266,455,5,3,41
603,1254,579,310,261,455,5,3,43
604,1249,566,304,253,455,5,3,44
605,1245,553,297,248,455,5,3,46
606,1240,539,289,242,455,5,3,47
607,1234,526,285,238,455,5,3,48
608,1228,516,279,230,455,5,3,48
609,1221,503,277,227,455,5,3,48
610,1216,497,271,218,455,5,3,48
611,1210,479,267,221,455,5,3,48
612,1203,468,262,216,455,5,3,48
613,1199,463,255,208,455,5,3,48
614,1193,454,251,203,455,5,3,49
615,1182,446,254,197,455,5,3,49
616,1182,432,244,198,455,5,3,49
617,1176,427,240,189,455,5,3,50
618,1169,416,236,190,455,5,3,50
619,1161,410,237,184,455,5,3,51
620,1159,402,228,180,455,5,3,51
621,1154,391,225,178,455,5,3,52
622,1150,384,219,175,455,5,3,53
623,1144,377,217,170,455,5,3,54
624,1138,368,216,168,455,5,3,55
625,1135,361,211,165,455,5,3,55
626,1131,353,209,163,455,5,3,55
627,1129,345,204,162,455,5,3,55
628,1124,338,202,160,455,5,3,56
629,1118,334,199,153,455,5,3,56
630,1117,324,197,155,455,5,3,56
631,1114,319,194,150,455,5,3,56
632,1110,316,190,147,455,5,3,56
633,1107,311,190,143,455,5,3,56
634,1106,305,187,142,455,5,3,56
635,1104,298,184,141,455,5,3,55
636,1102,294,180,138,455,5,3,56
637,1100,289,178,136,455,5,3,54
638,1099,285,175,134,455,5,3,54
639,1099,281,171,134,455,5,3,53
640,1096,275,170,133,455,5,3,53
641,1092,270,171,131,455,5,3,53
642,1095,268,163,127,455,5,3,53
643,1096,263,160,126,455,5,3,54
644,1093,259,159,125,455,5,3,55
645,1092,254,157,123,455,5,3,56
646,1091,249,154,123,455,5,3,56
647,1089,244,152,122,455,5,3,56
648,1089,240,153,122,455,5,3,56
649,1089,238,151,118,455,5,3,56
650,1089,234,147,118,455,5,3,55
651,1089,231,148,116,455,5,3,54
652,1088,228,145,114,455,5,3,54
653,1090,225,141,113,455,5,3,54
654,1089,220,142,113,455,5,3,55
655,1089,218,140,110,455,5,3,55
656,1091,217,136,107,455,5,3,55
657,1091,213,137,107,455,5,3,55
658,1090,209,135,108,455,5,3,55
659,1090,208,135,105,455,5,3,55
660,1091,205,133,102,455,5,3,55
661,1089,202,134,102,455,5,3,54
662,1091,201,130,101,455,5,3,53
663,1092,198,130,100,455,5,3,53
664,1094,196,125,98,455,5,3,53
665,1094,195,125,96,455,5,3,53
666,1094,193,125,94,455,5,3,53
667,1094,189,125,94,455,5,3,53
668,1096,188,121,93,455,5,3,52
669,1095,187,122,92,455,5,3,50
670,1096,184,120,92,455,5,3,49
671,1099,184,119,90,455,5,3,48
672,1098,179,118,91,455,5,3,48
673,1098,178,118,89,455,5,3,47
674,1102,176,115,90,455,5,3,45
675,1103,175,113,89,455,5,3,44
676,1104,174,112,88,455,5,3,44
677,1105,173,112,87,455,5,3,43
678,1106,170,111,86,455,5,3,43
679,1107,167,110,87,455,5,3,43
680,1109,168,107,84,455,5,3,44
681,1109,166,107,84,455,5,3,45
682,1110,166,106,83,455,5,3,45
683,1111,164,104,81,455,5,3,46
684,1110,161,106,81,455,5,3,47
685,1110,161,106,79,455,5,3,48
686,1111,160,106,78,455,5,3,50
687,1112,160,104,77,455,5,3,50
688,1113,157,105,77,455,5,3,50
689,1112,155,105,77,455,5,3,50
690,1113,154,103,76,455,5,3,50
691,1114,152,102,75,455,5,3,51
692,1116,150,100,75,455,5,3,50
693,1118,147,99,76,455,5,3,45
694,1119,146,98,78,455,5,3,47
695,1118,146,98,80,455,5,3,49
696,1121,146,95,73,455,5,3,60
697,1121,146,94,72,455,5,3,63
698,1120,144,96,70,455,5,3,72
699,1121,143,94,68,455,5,3,72
700,1120,141,95,65,455,5,3,65
701,1119,140,96,73,455,5,3,79
702,1120,141,94,53,455,5,3,95
703,1119,139,95,55,455,5,3,121
704,1121,139,92,49,455,5,3,115
705,1122,137,90,47,455,5,3,117
706,1122,136,90,52,455,5,3,121
707,1122,134,90,47,455,5,3,113
708,1120,133,92,49,455,5,3,96
709,1119,130,92,55,455,5,3,63
710,1120,129,91,52,455,5,3,49
711,1121,128,91,53,455,5,3,32
712,1120,127,92,55,455,5,3,25
713,1119,126,91,54,455,5,3,14
714,1118,126,93,59,455,5,3,14
715,1118,127,93,59,455,5,3,10
716,1118,126,93,58,455,5,3,36
717,1119,127,90,53,455,5,3,46
718,1125,126,81,44,455,5,3,78
719,1125,126,82,47,455,5,3,88
720,1125,126,80,44,455,5,3,102
721,1124,126,80,47,455,5,3,116
722,1122,125,79,37,455,5,3,100
723,1121,123,81,41,455,5,3,109
724,1119,123,81,41,455,5,3,97
725,1119,123,81,38,455,5,3,114
726,1119,122,79,37,455,5,3,95
727,1114,119,86,43,455,5,3,78
728,1117,115,85,46,455,5,3,47
729,1119,118,84,51,455,5,3,34
730,1117,118,84,45,455,5,3,23
731,1115,118,85,43,455,5,3,30
732,1112,113,81,43,455,5,3,41
733,1109,108,108,45,455,5,3,75
734,1124,113,77,40,455,5,3,99
735,1120,112,74,33,455,5,3,128
736,1119,112,71,34,455,5,3,111
737,1116,111,74,38,455,5,3,90
738,1117,112,75,38,455,5,3,60
739,1119,113,75,37,455,5,3,47
740,1116,112,77,35,455,5,3,63
741,1115,111,78,38,455,5,3,85
742,1111,114,82,45,455,5,3,87
743,1110,114,83,49,455,5,3,65
744,1115,110,77,40,455,5,3,39
745,1114,110,78,39,455,5,3,36
611,704,81,157,68,456,3,0,59
612,699,81,172,71,456,3,0,50
613,709,84,179,67,456,3,0,41
614,735,85,175,69,456,3,0,29
615,753,84,169,69,456,3,0,24
616,761,84,180,68,456,3,0,21
617,782,84,178,69,456,3,0,20
618,830,86,152,67,456,3,0,22
619,834,87,170,67,456,3,0,25
620,840,86,181,67,456,3,0,29
621,862,87,182,66,456,3,0,32
622,888,87,176,65,456,3,0,34
623,914,86,174,65,456,3,0,35
624,924,86,186,65,456,3,0,36
625,948,87,183,65,456,3,0,36
626,973,87,182,65,456,3,0,34
627,996,87,182,65,456,3,0,31
628,1019,87,182,66,456,3,0,30
629,1044,88,181,64,456,3,0,31
630,1070,88,179,63,456,3,0,34
631,1094,87,179,65,456,3,0,37
632,1118,86,178,65,456,3,0,40
633,1147,87,171,64,456,3,0,43
634,1173,86,172,65,456,3,0,45
635,1196,85,180,65,456,3,0,46
636,1226,86,147,65,456,3,0,45
637,1256,89,121,61,456,3,0,44
638,1295,101,80,50,456,3,0,43
620,1200,1021,387,53,457,9,0,-1
621,1141,986,525,91,457,9,0,-1
622,1165,954,514,122,457,9,0,-1
623,1176,920,501,156,457,9,0,-1
624,1191,887,484,190,457,9,0,-1
625,1197,855,467,220,457,9,0,-1
626,1209,825,453,250,457,9,0,-1
627,1215,802,441,275,457,9,0,-1
628,1220,780,427,296,457,9,0,-1
629,1222,760,417,316,457,9,0,-1
630,1224,740,405,320,458,9,0,45
631,1224,722,396,311,458,9,0,44
632,1224,705,388,301,458,9,0,43
633,1224,687,379,296,458,9,0,42
634,1224,673,363,287,458,9,0,42
635,1222,656,355,282,458,9,0,41
636,1218,640,349,275,458,9,0,41
637,1217,626,338,270,458,9,0,41
638,1211,610,333,265,458,9,0,42
639,1208,592,325,260,458,9,0,44
640,1203,577,320,253,458,9,0,45
641,1199,562,311,247,458,9,0,47
642,1196,548,304,240,458,9,0,49
643,1193,535,295,234,458,9,0,50
644,1186,524,293,227,458,9,0,50
645,1182,513,285,222,458,9,0,50
646,1176,501,281,217,458,9,0,50
647,1173,492,276,212,458,9,0,49
648,1168,454,271,234,458,9,0,49
649,1164,463,266,211,458,9,0,49
650,1156,459,265,200,458,9,0,49
651,1157,448,258,198,458,9,0,49
652,1154,440,251,193,458,9,0,49
653,1156,431,243,190,458,9,0,50
654,1146,422,244,186,458,9,0,50
655,1142,415,244,181,458,9,0,51
656,1141,405,240,180,458,9,0,51
657,1139,396,231,177,458,9,0,52
658,1135,389,227,172,458,9,0,53
659,1131,380,226,170,458,9,0,54
660,1129,371,223,167,458,9,0,54
661,1130,365,218,163,458,9,0,55
662,1126,359,212,160,458,9,0,55
663,1126,350,209,160,458,9,0,55
664,1121,345,210,154,458,9,0,55
665,1119,338,206,153,458,9,0,55
666,1115,329,201,151,458,9,0,55
667,1114,325,201,149,458,9,0,55
668,1114,320,195,146,458,9,0,55
669,1111,314,195,143,458,9,0,56
670,1109,308,192,141,458,9,0,55
671,1109,304,188,138,458,9,0,55
672,1108,298,187,137,458,9,0,55
673,1106,293,185,135,458,9,0,55
674,1106,288,184,134,458,9,0,55
675,1104,282,181,133,458,9,0,54
676,1105,277,176,133,458,9,0,53
677,1104,273,175,130,458,9,0,53
678,1105,266,170,131,458,9,0,53
679,1107,263,167,128,458,9,0,54
680,1104,257,167,128,458,9,0,54
681,1108,254,162,125,458,9,0,55
682,1108,251,161,123,458,9,0,56
683,1109,247,157,120,458,9,0,57
684,1108,242,153,120,458,9,0,58
685,1110,239,148,117,458,9,0,58
686,1108,234,151,118,458,9,0,59
687,1103,230,153,117,458,9,0,59
688,1106,227,148,114,458,9,0,59
689,1109,225,144,112,458,9,0,59
690,1111,222,143,110,458,9,0,59
691,1114,219,137,108,458,9,0,59
692,1113,215,137,108,458,9,0,59
693,1113,212,136,106,458,9,0,58
694,1113,210,133,105,458,9,0,57
695,1115,207,130,104,458,9,0,56
696,1113,204,132,103,458,9,0,55
697,1111,201,130,103,458,9,0,54
698,1113,197,127,103,458,9,0,55
699,1114,194,126,102,458,9,0,55
700,1115,192,124,100,458,9,0,56
701,1115,189,122,100,458,9,0,56
702,1114,187,120,98,458,9,0,56
703,1114,186,118,96,458,9,0,56
704,1113,184,119,96,458,9,0,55
705,1110,179,120,96,458,9,0,56
706,1111,177,118,95,458,9,0,55
707,1112,174,116,94,458,9,0,55
708,1112,172,113,94,458,9,0,54
709,1112,170,111,94,458,9,0,53
710,1109,166,114,96,458,9,0,51
711,1110,166,112,93,458,9,0,48
712,1110,163,111,94,458,9,0,47
713,1109,164,109,91,458,9,0,48
714,1109,163,109,88,458,9,0,50
715,1109,164,107,83,458,9,0,51
716,1108,163,107,83,458,9,0,52
717,1106,163,107,80,458,9,0,52
718,1106,159,107,82,458,9,0,50
719,1106,158,105,82,458,9,0,46
720,1108,159,102,80,458,9,0,43
721,1108,162,99,75,458,9,0,41
722,1108,163,101,72,458,9,0,41
723,1107,156,101,76,458,9,0,41
724,1109,156,100,74,458,9,0,42
725,1110,153,98,75,458,9,0,43
726,1110,151,98,76,458,9,0,45
727,1110,149,97,76,458,9,0,45
728,1109,147,97,75,458,9,0,46
729,1110,154,95,68,458,9,0,46
730,1110,148,95,70,458,9,0,48
731,1110,143,96,74,458,9,0,49
732,1110,142,95,73,458,9,0,50
733,1110,135,94,78,458,9,0,53
734,1110,140,94,71,458,9,0,53
735,1110,137,95,70,458,9,0,53
736,1111,142,93,65,458,9,0,51
737,1111,140,91,66,458,9,0,51
738,1111,140,93,64,458,9,0,51
739,1112,143,92,60,458,9,0,52
740,1111,138,92,62,458,9,0,56
741,1111,133,91,62,458,9,0,60
742,1112,132,91,62,458,9,0,61
743,1112,128,91,64,458,9,0,62
744,1112,135,89,57,458,9,0,61
745,1112,134,89,58,458,9,0,57
746,1111,111,88,79,458,9,0,54
747,1112,112,87,77,458,9,0,53
748,1111,112,87,74,458,9,0,56
749,1111,111,87,71,458,9,0,52
750,1111,112,87,71,458,9,0,45
751,1110,126,89,61,458,9,0,34
752,1110,109,87,76,458,9,0,29
753,1110,108,86,77,458,9,0,21
754,1110,109,86,74,458,9,0,33
755,1109,107,87,75,458,9,0,47
756,1110,107,87,68,458,9,0,70
757,1110,107,87,66,458,9,0,79
758,1109,107,87,69,458,9,0,86
759,1108,106,87,68,458,9,0,77
760,1110,108,84,67,458,9,0,58
761,1108,108,86,69,458,9,0,35
762,1109,108,85,65,458,9,0,38
763,1108,108,86,64,458,9,0,50
764,1109,108,84,60,458,9,0,73
765,1109,108,82,58,458,9,0,90
766,1108,108,81,55,458,9,0,106
767,1112,109,79,48,458,9,0,99
768,1108,109,81,51,458,9,0,85
769,1107,110,83,56,458,9,0,63
770,1110,110,85,50,458,9,0,49
771,1105,107,81,53,458,9,0,38
773,1108,109,81,54,458,9,0,30
774,1108,110,76,54,458,9,0,33
775,1113,110,67,41,458,9,0,25
776,1110,109,74,52,458,9,0,47
777,1113,110,68,38,458,9,0,78
778,1115,109,67,36,458,9,0,116
779,1115,108,65,34,458,9,0,128
780,1117,107,68,32,458,9,0,131
781,1118,108,69,31,458,9,0,127
782,1117,106,67,30,458,9,0,107
783,1116,107,63,31,458,9,0,76
784,1115,107,64,33,458,9,0,52
785,1117,106,65,35,458,9,0,40
786,1115,107,65,37,458,9,0,47
787,1118,107,62,35,458,9,0,53
788,1118,106,66,37,458,9,0,54
789,1118,106,67,38,458,9,0,45
790,1115,105,67,38,458,9,0,31
791,1115,105,67,39,458,9,0,25
812,1095,96,65,52,458,9,0,18
813,1095,96,64,51,458,9,0,16
814,1092,96,65,52,458,9,0,12
815,1090,95,65,52,458,9,0,8
816,1089,94,63,51,458,9,0,13
817,1090,93,61,51,458,9,0,24
818,1087,93,63,51,458,9,0,38
819,1087,91,63,51,458,9,0,45
820,1084,91,63,51,458,9,0,45
821,1083,89,62,53,458,9,0,43
822,1081,89,63,52,458,9,0,41
823,1079,87,62,53,458,9,0,40
824,1078,88,64,53,458,9,0,40
825,1076,87,64,52,458,9,0,39
826,1075,86,63,52,458,9,0,43
827,1073,87,65,50,458,9,0,47
828,1071,87,60,49,458,9,0,56
829,1068,84,64,53,458,9,0,61
830,1066,82,67,52,458,9,0,68
831,1065,81,67,52,458,9,0,69
832,1062,80,68,51,458,9,0,73
833,1061,80,68,51,458,9,0,75
834,1060,79,66,50,458,9,0,77
835,1057,76,68,52,458,9,0,77
836,1056,74,66,51,458,9,0,80
837,1054,73,65,52,458,9,0,84
838,1051,71,65,51,458,9,0,90
839,1050,69,64,52,458,9,0,97
840,1046,65,65,54,458,9,0,102
841,1044,62,67,55,458,9,0,113
842,1042,62,65,52,458,9,0,126
843,1041,60,64,51,458,9,0,144
844,1039,60,64,48,458,9,0,154
845,1036,58,64,47,458,9,0,161
846,1036,57,65,47,458,9,0,162
847,1032,55,65,48,458,9,0,157
848,1032,52,63,49,458,9,0,145
849,1030,52,63,49,458,9,0,130
850,1029,52,62,47,458,9,0,126
851,1027,51,62,47,458,9,0,128
852,1026,49,62,45,458,9,0,135
853,1024,47,61,45,458,9,0,142
854,1021,45,62,46,458,9,0,147
855,1019,44,62,45,458,9,0,153
856,1018,41,61,47,458,9,0,153
857,1016,40,62,46,458,9,0,154
858,1014,39,63,45,458,9,0,154
859,1012,36,62,47,458,9,0,154
860,1010,35,62,45,458,9,0,154
861,1007,32,63,46,458,9,0,154
862,1006,33,61,44,458,9,0,154
863,1005,29,59,46,458,9,0,154
864,1002,28,61,44,458,9,0,154
865,1002,25,59,46,458,9,0,154
866,998,22,59,47,458,9,0,154
867,997,21,57,46,458,9,0,154
868,995,21,59,45,458,9,0,154
869,994,19,57,46,458,9,0,154
870,992,20,57,43,458,9,0,154
871,990,19,56,41,458,9,0,154
872,988,18,56,43,458,9,0,154
873,987,20,54,37,458,9,0,154
874,984,15,58,41,458,9,0,154
875,984,18,55,36,458,9,0,154
876,981,9,57,44,458,9,0,154
877,979,13,57,38,458,9,0,154
878,979,11,54,38,458,9,0,154
879,976,11,55,36,458,9,0,154
880,976,8,54,38,458,9,0,154
881,974,10,54,34,458,9,0,154
882,973,3,55,41,458,9,0,154
883,973,4,54,39,458,9,0,154
884,971,2,54,39,458,9,0,154
885,970,2,54,38,458,9,0,154
886,970,4,50,34,458,9,0,154
887,967,2,53,34,458,9,0,154
888,967,1,50,34,458,9,0,154
889,966,0,52,33,458,9,0,154
890,965,0,49,31,458,9,0,154
891,965,0,49,30,458,9,0,154
892,963,0,49,28,458,9,0,154
893,960,0,51,27,458,9,0,154
894,962,0,47,26,458,9,0,154
895,956,0,52,25,458,9,0,154
896,956,0,51,24,458,9,0,154
897,956,0,49,23,458,9,0,154
660,1040,999,473,77,459,9,0,-1
661,1066,966,525,109,459,9,0,-1
662,1093,934,505,144,459,9,0,-1
663,1111,901,492,174,459,9,0,-1
664,1126,870,474,208,459,9,0,-1
665,1139,838,466,237,459,9,0,-1
666,1152,809,453,267,459,9,0,-1
667,1165,787,441,288,459,9,0,-1
668,1178,765,425,310,459,9,0,-1
669,1185,746,409,328,459,9,0,-1
670,1192,728,400,328,459,9,0,-1
671,1199,710,388,318,460,9,0,40
672,1203,692,377,311,460,9,0,40
673,1206,678,369,302,460,9,0,40
674,1209,661,359,294,460,9,0,41
675,1212,646,348,288,460,9,0,41
676,1211,631,342,281,460,9,0,41
677,1211,615,335,277,460,9,0,42
678,1209,599,327,271,460,9,0,43
679,1207,584,322,264,460,9,0,44
680,1204,566,316,260,460,9,0,46
681,1200,552,307,252,460,9,0,47
682,1196,540,300,243,460,9,0,49
683,1193,529,294,236,460,9,0,50
684,1189,515,290,232,460,9,0,50
685,1185,505,284,227,460,9,0,50
686,1182,494,276,221,460,9,0,50
687,1179,478,271,221,460,9,0,50
688,1171,464,274,218,460,9,0,50
689,1170,455,265,214,460,9,0,50
690,1167,449,258,207,460,9,0,50
691,1163,441,254,201,460,9,0,50
692,1161,433,249,197,460,9,0,49
693,1158,422,245,195,460,9,0,49
694,1155,415,241,191,460,9,0,49
695,1151,408,239,187,460,9,0,49
696,1151,399,232,183,460,9,0,50
697,1146,391,230,181,460,9,0,50
698,1143,385,226,175,460,9,0,51
699,1140,375,223,175,460,9,0,52
700,1137,367,218,171,460,9,0,53
701,1135,361,215,169,460,9,0,53
702,1132,353,209,166,460,9,0,54
703,1127,346,210,165,460,9,0,54
704,1124,341,206,158,460,9,0,55
705,1121,334,203,157,460,9,0,56
706,1118,327,199,154,460,9,0,56
707,1115,320,198,152,460,9,0,57
708,1113,314,194,152,460,9,0,57
709,1112,308,189,147,460,9,0,58
710,1108,303,187,144,460,9,0,57
711,1103,297,188,144,460,9,0,56
712,1101,292,186,142,460,9,0,56
713,1099,289,183,138,460,9,0,55
714,1100,283,180,137,460,9,0,54
715,1096,279,178,136,460,9,0,53
716,1096,275,174,135,460,9,0,53
717,1093,273,174,129,460,9,0,52
718,1094,268,169,128,460,9,0,52
719,1093,260,164,132,460,9,0,52
720,1092,257,163,128,460,9,0,53
721,1092,252,162,126,460,9,0,54
722,1091,246,161,129,460,9,0,53
723,1091,241,159,128,460,9,0,53
724,1093,241,154,124,460,9,0,54
725,1091,235,154,124,460,9,0,54
726,1093,232,150,121,460,9,0,55
727,1092,228,149,121,460,9,0,54
728,1092,225,148,118,460,9,0,55
729,1092,223,148,120,460,9,0,55
730,1092,221,147,114,460,9,0,56
731,1093,217,143,112,460,9,0,56
732,1095,215,140,110,460,9,0,55
733,1094,211,139,111,460,9,0,57
734,1094,209,138,108,460,9,0,57
735,1094,207,138,106,460,9,0,58
736,1096,203,136,105,460,9,0,57
737,1097,201,133,104,460,9,0,56
738,1098,197,133,105,460,9,0,56
739,1098,194,132,104,460,9,0,57
740,1100,192,127,101,460,9,0,56
741,1100,189,128,101,460,9,0,55
742,1101,189,127,99,460,9,0,54
743,1102,186,126,98,460,9,0,54
744,1101,185,125,97,460,9,0,52
745,1103,184,124,94,460,9,0,50
746,1103,182,124,95,460,9,0,48
747,1103,180,124,94,460,9,0,47
748,1105,177,121,95,460,9,0,47
749,1105,174,119,94,460,9,0,46
750,1106,172,119,94,460,9,0,46
751,1107,170,116,94,460,9,0,45
752,1108,170,114,91,460,9,0,47
753,1107,168,114,91,460,9,0,46
754,1107,167,115,89,460,9,0,47
755,1108,164,110,89,460,9,0,48
756,1107,163,110,88,460,9,0,48
757,1108,162,110,87,460,9,0,48
758,1108,163,108,83,460,9,0,47
759,1107,161,108,84,460,9,0,47
760,1108,161,106,81,460,9,0,46
761,1108,157,107,83,460,9,0,45
762,1107,158,105,81,460,9,0,44
763,1107,154,106,82,460,9,0,44
764,1107,152,105,83,460,9,0,43
765,1108,150,104,83,460,9,0,43
766,1107,149,103,82,460,9,0,42
767,1108,148,102,81,460,9,0,40
768,1107,146,103,82,460,9,0,39
769,1107,147,102,80,460,9,0,38
770,1107,146,102,79,460,9,0,38
771,1106,145,102,78,460,9,0,36
772,1106,142,101,81,460,9,0,36
773,1107,142,99,79,460,9,0,36
774,1107,140,99,79,460,9,0,37
775,1108,140,96,79,460,9,0,37
776,1108,139,95,77,460,9,0,39
777,1109,138,95,76,460,9,0,41
778,1108,137,95,76,460,9,0,42
779,1108,136,94,74,460,9,0,44
780,1107,136,95,74,460,9,0,44
781,1106,135,94,72,460,9,0,45
782,1106,131,95,75,460,9,0,44
783,1106,136,94,69,460,9,0,44
784,1107,135,93,68,460,9,0,45
785,1106,129,93,72,460,9,0,44
786,1107,131,92,68,460,9,0,44
787,1107,130,90,69,460,9,0,41
788,1106,121,90,77,460,9,0,39
789,1107,125,89,72,460,9,0,37
790,1106,122,89,74,460,9,0,35
791,1106,111,88,82,460,9,0,34
792,1106,107,90,86,460,9,0,33
793,1108,109,88,83,460,9,0,33
794,1107,108,89,83,460,9,0,31
795,1105,106,91,85,460,9,0,29
796,1105,105,91,86,460,9,0,26
797,1105,105,90,84,460,9,0,24
798,1105,105,88,84,460,9,0,23
799,1106,107,86,81,460,9,0,23
800,1107,108,86,79,460,9,0,25
801,1107,105,87,81,460,9,0,26
802,1107,103,86,82,460,9,0,26
803,1108,110,84,75,460,9,0,26
804,1107,105,85,79,460,9,0,26
805,1108,108,84,75,460,9,0,26
806,1106,105,85,78,460,9,0,25
807,1104,101,88,81,460,9,0,26
808,1107,107,84,75,460,9,0,27
809,1107,109,83,72,460,9,0,28
810,1108,108,83,72,460,9,0,29
811,1107,109,83,71,460,9,0,29
812,1108,110,82,69,460,9,0,28
813,1108,114,82,65,460,9,0,26
814,1109,114,82,65,460,9,0,24
815,1108,109,81,68,460,9,0,24
816,1107,108,83,69,460,9,0,22
817,1107,109,83,67,460,9,0,23
818,1105,112,85,64,460,9,0,24
819,1107,111,82,64,460,9,0,24
820,1106,110,83,65,460,9,0,24
821,1106,108,83,66,460,9,0,23
822,1105,107,84,66,460,9,0,23
823,1105,106,84,67,460,9,0,22
824,1105,106,84,66,460,9,0,23
825,1105,106,83,65,460,9,0,23
826,1105,106,83,65,460,9,0,21
827,1104,105,84,66,460,9,0,20
828,1104,105,84,66,460,9,0,19
829,1105,104,83,66,460,9,0,16
830,1104,104,84,66,460,9,0,13
831,1105,104,83,66,460,9,0,11
832,1105,104,83,66,460,9,0,12
833,1104,104,83,66,460,9,0,10
834,1105,104,83,66,460,9,0,7
835,1104,104,84,66,460,9,0,4
836,1104,104,84,66,460,9,0,3
837,1105,104,83,65,460,9,0,3
838,1105,105,83,64,460,9,0,2
839,1106,105,83,65,460,9,0,2
840,1106,104,82,65,460,9,0,2
841,1106,105,82,65,460,9,0,2
842,1105,105,82,65,460,9,0,1
843,1105,105,83,64,460,9,0,1
844,1105,105,83,64,460,9,0,1
845,1105,105,83,64,460,9,0,1
846,1104,105,84,64,460,9,0,1
847,1104,105,84,64,460,9,0,1
848,1104,105,84,64,460,9,0,0
849,1104,105,84,64,460,9,0,1
850,1104,105,84,64,460,9,0,2
851,1103,105,84,65,460,9,0,2
852,1103,104,84,65,460,9,0,1
853,1103,104,84,65,460,9,0,1
854,1102,105,85,64,460,9,0,1
855,1102,105,85,64,460,9,0,1
856,1102,105,85,65,460,9,0,1
857,1102,105,85,65,460,9,0,2
858,1102,105,85,64,460,9,0,2
859,1102,106,85,64,460,9,0,2
860,1102,106,85,63,460,9,0,2
861,1102,105,85,65,460,9,0,3
862,1101,103,86,66,460,9,0,4
863,1101,104,87,65,460,9,0,8
864,1100,104,88,65,460,9,0,10
865,1101,105,87,63,460,9,0,13
866,1100,104,87,63,460,9,0,12
867,1102,104,85,64,460,9,0,11
868,1102,103,86,65,460,9,0,8
869,1101,103,86,65,460,9,0,5
870,1104,103,83,65,460,9,0,4
871,1107,104,80,64,460,9,0,2
872,1106,103,81,65,460,9,0,2
873,1103,103,84,65,460,9,0,1
874,1108,104,80,64,460,9,0,3
875,1110,105,78,62,460,9,0,5
876,1110,106,77,61,460,9,0,6
877,1110,105,77,62,460,9,0,8
878,1110,106,77,61,460,9,0,10
879,1110,106,77,60,460,9,0,14
880,1110,105,78,61,460,9,0,12
881,1110,105,77,61,460,9,0,11
882,1109,105,77,61,460,9,0,8
883,1109,105,78,61,460,9,0,7
884,1110,105,77,61,460,9,0,5
885,1110,105,77,61,460,9,0,4
886,1109,105,77,61,460,9,0,7
887,1109,104,77,60,460,9,0,8
888,1109,105,77,60,460,9,0,10
889,1109,106,77,59,460,9,0,9
890,1108,106,77,58,460,9,0,9
891,1109,106,76,58,460,9,0,7
892,1108,106,77,58,460,9,0,6
893,1108,106,76,58,460,9,0,4
894,1107,106,77,58,460,9,0,3
895,1108,106,77,58,460,9,0,3
896,1108,105,77,59,460,9,0,3
897,1108,105,77,59,460,9,0,3
898,1107,104,77,60,460,9,0,3
899,1108,104,77,60,460,9,0,5
900,1108,104,77,59,460,9,0,8
901,1109,105,76,58,460,9,0,12
902,1109,105,76,58,460,9,0,11
903,1109,105,76,58,460,9,0,9
904,1110,105,76,58,460,9,0,6
905,1109,105,76,58,460,9,0,5
906,1109,105,76,57,460,9,0,3
907,1109,105,76,58,460,9,0,3
908,1109,105,75,57,460,9,0,3
909,1109,105,75,57,460,9,0,6
910,1109,104,75,58,460,9,0,7
911,1109,103,75,59,460,9,0,9
912,1108,102,75,59,460,9,0,7
913,1108,102,75,60,460,9,0,8
914,1108,102,75,60,460,9,0,8
915,1108,102,75,59,460,9,0,11
916,1108,102,75,59,460,9,0,13
917,1108,102,75,58,460,9,0,14
918,1108,102,75,58,460,9,0,15
919,1107,102,76,58,460,9,0,15
920,1107,101,75,59,460,9,0,16
921,1106,100,74,59,460,9,0,16
922,1105,99,74,59,460,9,0,16
923,1104,99,75,59,460,9,0,13
924,1103,100,77,59,460,9,0,17
925,1102,100,77,59,460,9,0,25
926,1103,99,75,57,460,9,0,29
927,1102,98,75,57,460,9,0,27
928,1101,98,75,58,460,9,0,27
929,1099,97,77,58,460,9,0,32
930,1098,97,77,57,460,9,0,34
931,1098,98,77,56,460,9,0,29
932,1098,97,77,57,460,9,0,23
933,1096,96,77,58,460,9,0,20
934,1095,96,77,57,460,9,0,21
935,1092,94,78,58,460,9,0,23
936,1091,95,79,56,460,9,0,25
937,1090,95,78,55,460,9,0,27
938,1090,94,76,56,460,9,0,30
939,1088,95,76,55,460,9,0,33
940,1086,93,77,55,460,9,0,34
941,1084,92,76,56,460,9,0,33
942,1084,91,76,56,460,9,0,33
943,1081,91,77,55,460,9,0,33
944,1081,90,75,56,460,9,0,32
945,1080,90,75,56,460,9,0,31
946,1077,90,75,55,460,9,0,31
947,1075,88,75,56,460,9,0,31
948,1072,87,76,56,460,9,0,33
949,1073,87,73,56,460,9,0,36
950,1069,86,75,55,460,9,0,40
951,1068,83,74,57,460,9,0,42
952,1066,83,73,56,460,9,0,44
953,1066,83,72,56,460,9,0,47
954,1062,82,75,55,460,9,0,50
955,1063,80,73,56,460,9,0,55
956,1060,80,74,55,460,9,0,58
957,1060,78,71,55,460,9,0,65
958,1057,77,72,54,460,9,0,71
959,1055,75,72,55,460,9,0,78
960,1054,74,70,54,460,9,0,87
961,1052,74,71,52,460,9,0,92
962,1051,71,69,52,460,9,0,100
963,1048,68,69,54,460,9,0,106
964,1045,65,71,54,460,9,0,114
965,1044,63,71,54,460,9,0,116
966,1043,62,69,54,460,9,0,117
967,1041,60,70,54,460,9,0,119
968,1039,59,70,54,460,9,0,122
969,1037,58,69,53,460,9,0,131
970,1036,56,70,52,460,9,0,136
971,1032,53,73,51,460,9,0,144
972,1031,54,70,51,460,9,0,147
973,1030,51,68,51,460,9,0,152
974,1028,51,68,50,460,9,0,151
975,1028,49,66,50,460,9,0,146
976,1025,49,66,48,460,9,0,143
977,1023,47,67,48,460,9,0,142
978,1021,47,67,47,460,9,0,147
979,1019,44,66,48,460,9,0,149
980,1018,42,66,47,460,9,0,153
981,1017,41,65,47,460,9,0,154
982,1015,39,65,48,460,9,0,155
983,1012,37,66,46,460,9,0,156
984,1009,35,67,47,460,9,0,156
985,1007,33,67,49,460,9,0,154
986,1005,32,66,48,460,9,0,151
987,1004,29,64,50,460,9,0,149
988,1002,27,64,49,460,9,0,153
989,1000,25,64,50,460,9,0,158
990,998,23,63,50,460,9,0,164
991,996,22,63,49,460,9,0,167
992,996,22,62,47,460,9,0,168
993,992,20,63,48,460,9,0,169
994,990,19,63,48,460,9,0,170
995,990,19,61,46,460,9,0,170
996,987,18,62,45,460,9,0,170
997,985,18,62,43,460,9,0,170
998,984,19,61,41,460,9,0,170
999,982,14,60,44,460,9,0,170
1000,983,17,59,40,460,9,0,170
1001,979,5,61,49,460,9,0,170
1002,979,11,58,40,460,9,0,170
1003,978,6,57,45,460,9,0,170
1004,976,6,55,43,460,9,0,170
1005,974,4,58,44,460,9,0,170
1006,973,2,56,44,460,9,0,170
1007,972,1,57,43,460,9,0,170
1008,970,0,58,42,460,9,0,170
1009,967,0,59,42,460,9,0,170
1010,968,0,57,40,460,9,0,170
1011,965,0,57,39,460,9,0,170
1012,965,1,55,37,460,9,0,170
1013,962,0,57,38,460,9,0,170
1014,962,0,57,35,460,9,0,170
1015,961,0,54,34,460,9,0,170
1016,960,0,55,32,460,9,0,170
1017,958,0,53,31,460,9,0,170
1018,955,0,54,29,460,9,0,170
1019,956,0,53,28,460,9,0,170
1020,955,0,51,26,460,9,0,170
1021,953,0,52,24,460,9,0,170
1022,952,0,52,23,460,9,0,170
737,971,76,195,74,464,9,5,31
738,951,77,193,74,464,9,5,31
739,931,79,201,73,464,9,5,34
740,909,79,195,73,464,9,5,37
741,893,80,193,73,464,9,5,43
742,863,79,204,74,464,9,5,46
743,842,79,199,76,464,9,5,50
744,829,80,192,74,464,9,5,53
746,832,82,141,71,464,9,5,55
747,836,95,112,58,464,9,5,56
748,836,95,90,58,464,9,5,55
758,718,92,159,59,465,1,0,32
759,753,93,154,60,465,1,0,31
760,765,92,163,61,465,1,0,31
761,794,93,160,61,465,1,0,30
762,829,93,150,60,465,1,0,31
763,841,93,162,61,465,1,0,32
764,869,93,163,60,465,1,0,34
765,894,93,162,61,465,1,0,35
766,920,91,162,62,465,1,0,37
767,946,93,164,60,465,1,0,38
768,976,93,149,60,465,1,0,40
769,1004,93,123,59,465,1,0,45
770,1030,93,111,58,465,1,0,43
771,1060,92,95,57,465,1,0,44
772,1100,94,148,62,465,1,0,42
773,1133,92,143,60,465,1,0,44
774,1173,93,127,58,465,1,0,42
775,1178,92,155,59,465,1,0,39
776,1202,94,167,58,465,1,0,46
777,1234,93,146,60,465,1,0,49
778,1261,95,116,55,465,1,0,56
779,1288,97,88,52,465,1,0,52
770,866,0,59,40,466,3,1,171
771,867,0,59,40,466,3,1,171
772,867,0,59,42,466,3,1,171
773,868,0,59,42,466,3,1,171
774,868,0,60,44,466,3,1,171
775,869,0,60,45,466,3,1,171
776,869,0,59,48,466,3,1,171
777,870,0,59,47,466,3,1,171
778,871,0,59,47,466,3,1,171
779,871,0,59,51,466,3,1,171
780,871,1,60,52,466,3,1,171
781,872,0,59,54,466,3,1,171
782,872,1,60,55,466,3,1,171
783,873,1,59,54,466,3,1,171
784,872,2,62,56,466,3,1,171
785,873,2,63,57,466,3,1,171
786,874,2,63,59,466,3,1,171
787,874,2,64,59,466,3,1,171
788,878,4,60,60,466,3,1,171
789,874,6,65,59,466,3,1,171
790,877,7,65,59,466,3,1,171
791,879,11,62,56,466,3,1,171
792,884,14,59,57,466,3,1,171
793,882,16,62,54,466,3,1,171
794,884,16,60,57,466,3,1,171
795,882,18,63,56,466,3,1,171
796,882,17,64,59,466,3,1,171
797,884,15,65,61,466,3,1,171
798,884,15,65,64,466,3,1,162
799,886,19,64,61,466,3,1,154
800,885,21,69,59,466,3,1,140
801,887,23,67,59,466,3,1,138
802,888,21,68,62,466,3,1,138
803,889,23,69,62,466,3,1,144
804,891,26,68,62,466,3,1,151
805,892,25,70,64,466,3,1,155
806,893,26,70,65,466,3,1,155
807,894,26,70,66,466,3,1,153
808,894,28,71,65,466,3,1,143
809,897,31,70,64,466,3,1,134
810,897,30,71,65,466,3,1,120
811,898,33,71,63,466,3,1,115
812,898,33,72,64,466,3,1,110
813,900,32,71,67,466,3,1,106
814,901,35,72,65,466,3,1,102
815,903,36,72,66,466,3,1,96
816,904,34,72,68,466,3,1,98
817,904,34,73,69,466,3,1,96
818,906,37,73,69,466,3,1,103
819,906,39,73,67,466,3,1,102
820,907,38,74,71,466,3,1,107
821,909,41,73,69,466,3,1,109
822,909,41,74,71,466,3,1,107
823,910,45,75,68,466,3,1,104
824,910,44,75,70,466,3,1,92
825,911,47,76,68,466,3,1,88
826,912,50,76,65,466,3,1,79
827,913,48,76,69,466,3,1,75
828,914,47,75,70,466,3,1,71
829,915,51,75,67,466,3,1,70
830,916,51,75,69,466,3,1,72
831,917,50,73,71,466,3,1,71
832,918,54,72,67,466,3,1,71
833,918,55,74,68,466,3,1,70
834,918,54,76,69,466,3,1,67
835,919,54,73,71,466,3,1,64
836,920,55,72,71,466,3,1,60
837,920,55,74,71,466,3,1,54
838,920,58,76,69,466,3,1,51
839,920,60,77,67,466,3,1,48
840,921,59,76,70,466,3,1,47
841,921,60,75,70,466,3,1,44
842,921,60,76,69,466,3,1,40
843,920,59,76,71,466,3,1,40
844,922,60,75,70,466,3,1,40
845,922,61,76,70,466,3,1,43
846,922,60,76,73,466,3,1,44
847,923,61,76,73,466,3,1,46
848,924,64,76,70,466,3,1,48
849,924,64,76,71,466,3,1,48
850,924,63,77,73,466,3,1,45
851,925,62,76,74,466,3,1,38
852,925,63,76,73,466,3,1,31
853,924,66,78,70,466,3,1,27
854,924,65,79,71,466,3,1,26
855,925,66,79,72,466,3,1,26
856,926,67,79,72,466,3,1,27
857,927,67,79,72,466,3,1,29
858,927,66,78,74,466,3,1,31
859,928,66,78,73,466,3,1,27
860,928,66,78,73,466,3,1,20
861,928,66,78,73,466,3,1,12
862,928,66,79,73,466,3,1,11
863,928,66,79,73,466,3,1,9
864,928,66,79,72,466,3,1,8
865,928,68,79,71,466,3,1,4
866,928,69,79,70,466,3,1,3
867,929,69,79,70,466,3,1,3
868,929,68,79,71,466,3,1,3
869,929,68,79,71,466,3,1,2
870,929,67,79,72,466,3,1,1
871,929,69,79,70,466,3,1,1
872,929,70,79,69,466,3,1,1
873,930,69,78,70,466,3,1,6
874,931,70,78,69,466,3,1,12
875,931,71,78,69,466,3,1,21
876,931,72,79,70,466,3,1,25
877,931,72,78,70,466,3,1,27
878,931,73,78,69,466,3,1,28
879,931,73,78,69,466,3,1,27
880,932,72,78,71,466,3,1,22
881,932,71,76,71,466,3,1,18
882,932,71,76,71,466,3,1,16
883,932,72,76,72,466,3,1,19
884,929,73,77,71,466,3,1,17
885,928,74,79,70,466,3,1,17
886,927,76,79,68,466,3,1,17
887,924,75,81,69,466,3,1,19
888,922,74,81,70,466,3,1,22
889,918,74,83,71,466,3,1,25
890,911,75,89,71,466,3,1,26
891,905,75,94,73,466,3,1,37
892,898,74,100,72,466,3,1,49
893,891,72,103,79,466,3,1,57
894,883,75,106,77,466,3,1,53
895,876,78,111,72,466,3,1,43
896,866,78,117,73,466,3,1,38
897,852,80,124,70,466,3,1,31
898,848,83,118,66,466,3,1,25
899,834,82,127,70,466,3,1,18
900,841,82,111,70,466,3,1,14
901,847,80,100,70,466,3,1,12
902,831,83,104,68,466,3,1,19
903,831,83,92,69,466,3,1,22
904,828,83,83,70,466,3,1,27
905,827,83,69,69,466,3,1,22
839,861,0,54,29,467,6,4,170
840,861,0,56,31,467,6,4,170
841,862,1,56,31,467,6,4,170
842,862,1,56,32,467,6,4,170
843,862,0,56,34,467,6,4,170
844,862,0,58,35,467,6,4,170
845,862,0,59,37,467,6,4,170
846,862,0,59,38,467,6,4,170
847,864,0,58,38,467,6,4,170
848,864,0,58,41,467,6,4,170
849,865,0,59,42,467,6,4,170
850,865,0,58,43,467,6,4,170
851,866,0,57,43,467,6,4,170
852,868,0,56,45,467,6,4,170
853,867,0,57,47,467,6,4,170
854,868,0,57,47,467,6,4,170
855,869,1,56,48,467,6,4,170
856,869,1,58,50,467,6,4,170
857,871,1,57,50,467,6,4,169
858,870,1,57,50,467,6,4,168
859,870,3,60,51,467,6,4,167
860,871,5,60,51,467,6,4,166
861,871,3,59,53,467,6,4,165
862,871,5,60,52,467,6,4,164
863,872,5,62,53,467,6,4,163
864,873,5,62,54,467,6,4,164
865,872,5,64,55,467,6,4,165
866,871,8,65,54,467,6,4,166
867,871,9,68,55,467,6,4,166
868,874,8,66,56,467,6,4,165
869,878,13,63,52,467,6,4,162
870,877,13,67,53,467,6,4,150
871,881,13,61,54,467,6,4,133
872,880,14,66,53,467,6,4,119
873,882,14,63,54,467,6,4,120
874,883,14,64,55,467,6,4,125
875,882,15,66,56,467,6,4,129
876,886,15,64,58,467,6,4,136
877,886,16,65,58,467,6,4,145
878,886,17,64,59,467,6,4,153
879,887,20,63,57,467,6,4,150
880,888,20,64,57,467,6,4,146
881,889,25,62,54,467,6,4,147
882,889,23,63,57,467,6,4,145
883,888,27,64,56,467,6,4,145
884,890,26,64,56,467,6,4,143
885,892,26,65,58,467,6,4,143
886,892,26,66,59,467,6,4,148
887,894,26,66,59,467,6,4,147
888,895,27,67,62,467,6,4,148
889,895,27,66,63,467,6,4,139
890,895,29,66,61,467,6,4,121
891,896,30,66,62,467,6,4,120
892,897,30,67,59,467,6,4,109
893,900,33,64,58,467,6,4,113
894,900,33,64,51,467,6,4,98
895,901,33,67,50,467,6,4,96
896,902,36,65,44,467,6,4,93
897,904,38,63,32,467,6,4,93
875,1088,98,49,56,468,9,0,54
876,1088,100,55,55,468,9,0,54
877,1088,99,44,55,468,9,0,51
878,1088,98,45,54,468,9,0,47
879,1087,97,47,55,468,9,0,42
880,1085,97,46,54,468,9,0,41
881,1083,97,52,54,468,9,0,39
882,1082,95,50,55,468,9,0,35
883,1081,96,50,52,468,9,0,30
884,1081,96,50,54,468,9,0,35
885,1079,96,56,52,468,9,0,47
886,1079,94,55,52,468,9,0,58
887,1077,94,53,52,468,9,0,61
888,1075,93,57,52,468,9,0,60
889,1073,92,59,52,468,9,0,56
890,1073,93,59,51,468,9,0,49
891,1071,93,57,49,468,9,0,44
892,1069,90,60,52,468,9,0,39
893,1068,92,60,50,468,9,0,38
894,1066,91,63,49,468,9,0,39
895,1065,88,65,51,468,9,0,40
896,1062,86,69,52,468,9,0,44
897,1061,86,68,51,468,9,0,50
898,1059,86,70,50,468,9,0,57
899,1059,87,68,47,468,9,0,63
900,1055,81,73,52,468,9,0,66
901,1056,82,71,49,468,9,0,69
902,1055,83,67,49,468,9,0,69
903,1053,82,67,48,468,9,0,68
904,1051,77,69,52,468,9,0,69
905,1050,76,69,52,468,9,0,74
906,1050,72,67,54,468,9,0,82
907,1047,71,68,52,468,9,0,90
908,1045,68,68,53,468,9,0,99
909,1044,70,68,50,468,9,0,106
910,1041,66,68,52,468,9,0,113
911,1040,64,67,52,468,9,0,115
912,1038,63,67,51,468,9,0,118
913,1037,61,66,51,468,9,0,121
914,1035,59,69,51,468,9,0,127
915,1033,58,67,50,468,9,0,133
916,1032,57,66,49,468,9,0,134
917,1031,55,66,49,468,9,0,134
918,1029,55,66,48,468,9,0,130
919,1028,51,64,50,468,9,0,127
920,1027,52,65,48,468,9,0,122
921,1024,50,66,49,468,9,0,120
922,1022,50,65,47,468,9,0,126
923,1020,48,64,47,468,9,0,132
924,1020,48,62,44,468,9,0,142
925,1018,46,63,45,468,9,0,145
926,1016,44,64,45,468,9,0,151
927,1015,44,63,45,468,9,0,149
928,1012,42,65,44,468,9,0,148
929,1011,42,63,43,468,9,0,144
930,1009,39,64,45,468,9,0,144
931,1008,37,62,45,468,9,0,149
932,1006,37,63,43,468,9,0,150
933,1004,33,64,46,468,9,0,152
934,1003,34,62,44,468,9,0,153
935,1001,30,62,45,468,9,0,159
936,1000,31,62,43,468,9,0,163
937,998,29,61,43,468,9,0,165
938,997,26,60,45,468,9,0,166
939,996,26,60,43,468,9,0,167
940,995,22,59,45,468,9,0,167
941,993,21,59,44,468,9,0,167
942,990,23,61,43,468,9,0,167
943,989,20,59,44,468,9,0,167
944,988,23,57,40,468,9,0,167
945,984,20,61,41,468,9,0,167
946,985,21,57,40,468,9,0,167
947,984,18,58,38,468,9,0,167
948,982,18,58,38,468,9,0,167
949,980,8,59,45,468,9,0,167
950,980,10,57,43,468,9,0,167
951,979,10,56,41,468,9,0,167
952,977,6,55,43,468,9,0,167
953,975,3,57,45,468,9,0,167
954,977,4,53,43,468,9,0,167
955,974,2,55,42,468,9,0,167
956,973,0,56,43,468,9,0,167
957,973,1,55,41,468,9,0,167
958,972,1,56,40,468,9,0,167
959,971,2,55,37,468,9,0,167
960,970,2,55,36,468,9,0,167
961,970,1,54,36,468,9,0,167
962,968,1,53,34,468,9,0,167
963,968,0,53,34,468,9,0,167
964,967,0,53,31,468,9,0,167
965,965,0,54,31,468,9,0,167
966,966,0,48,29,468,9,0,167
967,963,0,49,28,468,9,0,167
968,963,0,48,27,468,9,0,167
969,962,0,49,26,468,9,0,167
901,904,39,67,60,471,6,4,34
902,905,40,69,62,471,6,4,55
903,906,42,69,60,471,6,4,66
904,906,43,67,62,471,6,4,83
905,907,45,67,60,471,6,4,90
906,907,47,68,59,471,6,4,99
907,906,46,70,64,471,6,4,111
908,906,46,71,64,471,6,4,110
909,906,47,71,65,471,6,4,109
910,908,47,69,65,471,6,4,99
911,908,47,70,65,471,6,4,88
912,909,47,70,65,471,6,4,76
913,909,50,71,64,471,6,4,57
914,909,50,72,63,471,6,4,48
915,910,51,72,63,471,6,4,40
916,910,52,72,62,471,6,4,44
917,910,52,72,63,471,6,4,43
918,911,52,74,63,471,6,4,48
919,911,53,74,63,471,6,4,53
920,912,55,73,64,471,6,4,60
921,913,55,72,65,471,6,4,64
922,913,56,74,64,471,6,4,68
923,913,59,75,63,471,6,4,72
924,913,58,74,65,471,6,4,69
925,915,60,73,63,471,6,4,60
926,915,59,72,65,471,6,4,49
927,915,58,73,66,471,6,4,44
928,917,58,72,66,471,6,4,39
929,917,59,72,66,471,6,4,37
930,917,60,72,66,471,6,4,35
931,917,61,72,66,471,6,4,36
932,917,62,73,65,471,6,4,37
933,917,62,74,64,471,6,4,36
934,918,63,73,64,471,6,4,30
935,919,65,73,62,471,6,4,28
936,919,66,73,62,471,6,4,28
937,919,69,72,61,471,6,4,31
938,919,68,72,61,471,6,4,31
939,919,67,72,62,471,6,4,31
940,919,67,73,62,471,6,4,30
941,919,66,73,63,471,6,4,25
942,919,66,73,63,471,6,4,18
943,920,66,74,63,471,6,4,14
944,919,67,75,62,471,6,4,18
945,920,67,74,64,471,6,4,29
946,921,69,73,64,471,6,4,41
947,921,68,73,66,471,6,4,47
948,921,68,73,66,471,6,4,51
949,920,69,75,66,471,6,4,49
950,921,70,75,64,471,6,4,45
951,921,71,75,63,471,6,4,41
952,922,71,75,64,471,6,4,39
953,922,71,75,66,471,6,4,38
954,923,71,75,66,471,6,4,38
955,924,73,75,65,471,6,4,38
956,924,73,76,64,471,6,4,37
957,924,73,76,65,471,6,4,34
958,924,72,77,66,471,6,4,31
959,925,72,75,67,471,6,4,29
960,926,73,77,67,471,6,4,29
961,926,73,77,66,471,6,4,28
962,926,75,78,65,471,6,4,30
963,927,74,77,66,471,6,4,30
964,928,75,78,67,471,6,4,31
965,928,75,78,67,471,6,4,30
966,929,76,79,67,471,6,4,28
967,930,77,78,66,471,6,4,26
968,931,77,78,65,471,6,4,23
969,932,77,78,66,471,6,4,19
970,933,77,78,67,471,6,4,18
971,933,77,78,66,471,6,4,22
972,935,80,78,65,471,6,4,30
973,935,82,78,64,471,6,4,35
974,936,82,77,65,471,6,4,38
975,937,83,77,64,471,6,4,40
976,937,83,78,64,471,6,4,41
977,938,85,78,63,471,6,4,40
978,938,86,78,64,471,6,4,36
979,938,83,79,67,471,6,4,32
980,940,86,77,64,471,6,4,30
981,941,86,78,64,471,6,4,27
982,941,86,79,65,471,6,4,21
983,941,86,80,65,471,6,4,14
984,940,85,81,65,471,6,4,12
985,940,85,83,65,471,6,4,15
986,941,88,82,64,471,6,4,20
987,942,86,81,66,471,6,4,21
988,940,86,84,67,471,6,4,23
989,941,85,83,68,471,6,4,26
990,942,85,82,69,471,6,4,24
991,942,84,83,70,471,6,4,23
992,942,85,82,69,471,6,4,22
993,942,85,82,69,471,6,4,29
994,941,86,82,70,471,6,4,33
995,942,87,82,71,471,6,4,37
996,942,87,81,70,471,6,4,37
997,942,88,81,70,471,6,4,41
998,940,87,83,71,471,6,4,45
999,939,86,86,74,471,6,4,44
1000,940,87,85,76,471,6,4,39
1001,940,88,84,73,471,6,4,38
1002,941,89,83,72,471,6,4,44
1003,941,89,84,74,471,6,4,43
1004,941,89,85,74,471,6,4,34
1005,942,89,85,74,471,6,4,26
1006,942,90,84,74,471,6,4,26
1007,943,91,83,75,471,6,4,27
1008,942,91,85,75,471,6,4,28
1009,941,92,87,74,471,6,4,28
1010,942,93,86,75,471,6,4,30
1011,944,92,85,76,471,6,4,29
1012,944,93,85,75,471,6,4,31
1013,944,94,87,75,471,6,4,32
1014,944,95,88,76,471,6,4,33
1015,945,95,87,76,471,6,4,35
1016,946,95,88,77,471,6,4,39
1017,946,97,90,78,471,6,4,42
1018,946,98,91,78,471,6,4,42
1019,948,99,91,77,471,6,4,42
1020,950,99,90,78,471,6,4,42
1021,950,99,91,80,471,6,4,40
1022,950,101,92,77,471,6,4,37
1023,951,101,93,79,471,6,4,33
1024,951,102,93,78,471,6,4,33
1025,952,102,93,79,471,6,4,33
1026,953,102,95,82,471,6,4,35
1027,953,103,96,81,471,6,4,35
1028,954,105,94,80,471,6,4,37
1029,954,106,95,81,471,6,4,39
1030,954,107,97,81,471,6,4,39
1031,953,107,98,82,471,6,4,38
1032,954,109,97,81,471,6,4,36
1033,953,109,98,82,471,6,4,35
1034,951,109,98,83,471,6,4,35
1035,950,110,99,83,471,6,4,34
1036,949,111,100,84,471,6,4,33
1037,951,111,99,84,471,6,4,33
1038,949,112,101,84,471,6,4,34
1039,948,111,101,86,471,6,4,35
1040,947,112,102,87,471,6,4,35
1041,948,112,101,87,471,6,4,37
1042,946,113,102,89,471,6,4,38
1043,946,114,101,89,471,6,4,41
1044,943,114,104,90,471,6,4,43
1045,941,115,104,93,471,6,4,45
1046,941,117,104,92,471,6,4,44
1047,940,117,104,92,471,6,4,44
1048,938,119,104,92,471,6,4,44
1049,935,120,107,93,471,6,4,43
1050,934,122,106,93,471,6,4,42
1051,931,123,112,93,471,6,4,41
1052,931,123,111,95,471,6,4,42
1053,927,125,115,95,471,6,4,41
1054,929,125,112,95,471,6,4,39
1055,927,125,111,97,471,6,4,37
1056,927,127,110,96,471,6,4,37
1057,923,128,113,97,471,6,4,36
1058,923,129,114,98,471,6,4,37
1059,920,132,116,96,471,6,4,38
1060,919,132,115,99,471,6,4,42
1061,917,135,118,98,471,6,4,44
1062,914,135,120,100,471,6,4,44
1063,916,135,119,102,471,6,4,44
1064,913,137,121,101,471,6,4,43
1065,915,138,118,102,471,6,4,42
1066,913,140,119,102,471,6,4,40
1067,909,141,123,102,471,6,4,38
1068,908,143,126,102,471,6,4,38
1069,903,145,131,103,471,6,4,39
1070,906,145,126,105,471,6,4,40
1071,907,147,125,105,471,6,4,40
1072,905,147,125,108,471,6,4,42
1073,903,146,128,110,471,6,4,43
1074,902,150,130,109,471,6,4,43
1075,900,150,132,111,471,6,4,41
1076,897,152,134,111,471,6,4,40
1077,895,153,137,111,471,6,4,39
1078,896,155,135,111,471,6,4,39
1079,892,156,138,113,471,6,4,39
1080,892,158,138,114,471,6,4,40
1081,891,159,138,116,471,6,4,41
1082,891,161,140,116,471,6,4,42
1083,888,162,143,117,471,6,4,43
1084,886,164,147,117,471,6,4,43
1085,884,165,148,120,471,6,4,43
1086,888,166,144,122,471,6,4,43
1087,883,166,151,124,471,6,4,43
1088,881,170,152,123,471,6,4,44
1089,880,170,154,126,471,6,4,45
1090,879,173,155,127,471,6,4,46
1091,880,175,158,128,471,6,4,46
1092,879,177,159,129,471,6,4,46
1093,877,179,160,130,471,6,4,46
1094,874,181,162,131,471,6,4,45
1095,874,182,162,133,471,6,4,44
1096,872,185,165,133,471,6,4,42
1097,869,186,168,134,471,6,4,42
1098,871,189,164,136,471,6,4,41
1099,869,190,167,138,471,6,4,40
1100,870,191,164,139,471,6,4,40
1101,868,194,166,140,471,6,4,41
1102,864,195,169,143,471,6,4,42
1103,864,198,170,143,471,6,4,44
1104,858,201,176,146,471,6,4,45
1105,859,203,175,149,471,6,4,46
1106,856,206,176,149,471,6,4,46
1107,853,208,180,151,471,6,4,47
1108,853,211,180,152,471,6,4,47
1109,850,214,183,154,471,6,4,46
1110,850,217,182,155,471,6,4,46
1111,846,221,186,156,471,6,4,45
1112,845,223,186,158,471,6,4,45
1113,843,225,188,159,471,6,4,44
1114,840,228,193,162,471,6,4,44
1115,839,232,193,162,471,6,4,44
1116,836,234,195,166,471,6,4,43
1117,833,237,198,167,471,6,4,43
1118,832,239,199,169,471,6,4,43
1119,832,245,200,168,471,6,4,43
1120,829,248,204,171,471,6,4,43
1121,828,250,204,176,471,6,4,43
1122,826,255,206,175,471,6,4,43
1123,823,259,210,177,471,6,4,44
1124,821,262,213,181,471,6,4,45
1125,819,266,214,183,471,6,4,45
1126,817,270,215,184,471,6,4,44
1127,816,276,219,185,471,6,4,44
1128,816,280,219,187,471,6,4,44
1129,814,283,221,191,471,6,4,44
1130,808,288,226,193,471,6,4,45
1131,806,292,230,197,471,6,4,45
1132,802,297,235,200,471,6,4,46
1133,798,300,240,203,471,6,4,46
1134,793,305,247,209,471,6,4,46
1135,794,311,242,208,471,6,4,44
1136,790,317,247,208,471,6,4,43
1137,787,322,249,211,471,6,4,43
1138,784,328,250,215,471,6,4,42
1139,781,332,253,217,471,6,4,42
1140,779,337,256,222,471,6,4,42
1141,774,339,262,231,471,6,4,43
1142,769,349,264,229,471,6,4,43
1143,767,356,266,230,471,6,4,43
1144,760,361,271,235,471,6,4,43
1145,753,366,277,241,471,6,4,43
1146,746,375,282,241,471,6,4,42
1147,740,380,285,247,471,6,4,42
1148,734,386,289,251,471,6,4,42
1149,728,394,294,253,471,6,4,41
1150,721,400,299,259,471,6,4,41
1151,715,408,303,261,471,6,4,40
1152,706,415,306,266,471,6,4,40
1153,697,422,311,271,471,6,4,40
1154,690,430,314,275,471,6,4,39
1155,680,438,320,279,471,6,4,39
1156,671,446,326,284,471,6,4,38
1157,658,455,333,286,471,6,4,38
1158,647,465,337,291,471,6,4,38
1159,636,472,342,298,471,6,4,38
1160,624,481,350,304,471,6,4,39
1161,611,488,358,315,471,6,4,40
1162,601,497,357,325,471,6,4,41
1163,583,507,369,333,471,6,4,42
1164,563,521,380,338,471,6,4,42
1165,546,533,384,346,471,6,4,43
1166,528,548,391,350,471,6,4,42
1167,507,565,402,353,471,6,4,42
1168,487,577,410,360,471,6,4,41
1169,464,590,419,368,471,6,4,40
1170,438,603,429,378,471,6,4,39
1171,412,613,439,390,471,6,4,39
1172,381,630,454,397,471,6,4,38
1173,350,644,467,407,471,6,4,38
1174,317,658,484,416,471,6,4,35
1175,282,675,497,399,471,6,4,32
1176,242,685,517,392,471,6,4,26
1177,199,703,534,374,471,6,4,21
1178,154,720,552,355,471,6,4,16
1179,104,741,571,334,471,6,4,12
1180,60,765,581,311,471,6,4,9
1181,2,785,613,290,471,6,4,7
1182,1,805,573,271,471,6,4,6
1183,0,829,534,246,471,6,4,6
1184,0,854,483,220,471,6,4,6
1185,2,879,433,196,471,6,4,6
1186,2,905,380,170,471,6,4,6
1187,1,921,322,154,471,6,4,6
1188,1,951,249,125,471,6,4,6
1189,0,988,165,89,471,6,4,6
1021,988,1013,552,65,473,4,7,6
1022,965,988,617,88,473,4,7,6
1023,977,960,630,116,473,4,7,6
1024,1008,936,716,141,473,4,7,6
1025,1038,910,689,168,473,4,7,6
1026,1063,890,676,186,473,4,7,6
1027,1089,865,657,214,473,4,7,6
1028,1101,844,646,231,473,4,7,6
1029,1117,819,629,257,473,4,7,6
1030,1135,802,615,274,473,4,7,6
1031,1153,783,597,295,473,4,7,6
1032,1167,763,583,312,474,4,5,6
1033,1175,746,576,332,474,4,5,4
1034,1188,728,558,346,474,4,5,3
1035,1198,711,546,366,474,4,5,2
1036,1204,698,536,378,474,4,5,1
1037,1213,682,523,393,474,4,5,1
1038,1216,671,514,406,474,4,5,1
1039,1220,658,501,412,474,4,5,1
1040,1224,647,488,426,474,4,5,3
1041,1225,635,482,433,474,4,5,6
1042,1225,629,476,426,474,4,5,10
1043,1227,614,468,420,474,4,5,13
1044,1227,606,462,411,474,4,5,16
1045,1227,593,450,411,474,4,5,19
1046,1229,586,442,404,474,4,5,22
1047,1229,576,434,393,474,4,5,24
1048,1230,564,427,389,474,4,5,25
1049,1227,560,427,378,474,4,5,26
1050,1224,555,422,370,474,4,5,27
1051,1220,546,416,363,474,4,5,28
1052,1219,536,405,358,474,4,5,27
1053,1217,526,396,358,474,4,5,27
1054,1212,514,396,357,474,4,5,28
1055,1209,506,394,346,474,4,5,29
1056,1208,497,379,341,474,4,5,30
1057,1205,490,373,336,474,4,5,31
1058,1202,481,366,331,474,4,5,32
1059,1196,471,366,326,474,4,5,32
1060,1197,466,359,317,474,4,5,33
1061,1192,457,355,316,474,4,5,32
1062,1189,453,350,308,474,4,5,32
1063,1184,448,348,302,474,4,5,31
1064,1180,442,342,301,474,4,5,30
1065,1176,431,339,299,474,4,5,30
1066,1169,424,341,298,474,4,5,30
1067,1170,422,336,291,474,4,5,30
1068,1168,417,328,280,474,4,5,31
1069,1166,413,322,277,474,4,5,31
1070,1165,406,315,275,474,4,5,32
1071,1162,396,313,274,474,4,5,32
1072,1157,392,311,270,474,4,5,32
1073,1154,387,307,265,474,4,5,32
1074,1155,381,306,262,474,4,5,32
1075,1152,374,304,262,474,4,5,32
1076,1150,369,297,260,474,4,5,32
1077,1148,367,291,254,474,4,5,31
1078,1146,361,284,251,474,4,5,31
1079,1143,353,285,252,474,4,5,31
1080,1143,351,279,245,474,4,5,32
1081,1141,346,280,241,474,4,5,33
1082,1138,341,278,239,474,4,5,33
1083,1135,334,276,240,474,4,5,33
1084,1131,330,272,236,474,4,5,34
1085,1128,325,268,235,474,4,5,34
1086,1130,321,267,230,474,4,5,35
1087,1128,317,260,226,474,4,5,35
1088,1127,312,255,226,474,4,5,35
1089,1124,308,254,224,474,4,5,35
1090,1120,305,253,219,474,4,5,35
1091,1122,299,246,220,474,4,5,35
1092,1125,296,239,214,474,4,5,36
1093,1120,291,243,214,474,4,5,37
1094,1119,284,241,212,474,4,5,39
1095,1121,281,236,209,474,4,5,40
1096,1120,276,230,207,474,4,5,41
1097,1116,272,229,204,474,4,5,42
1098,1113,270,229,200,474,4,5,42
1099,1114,267,228,197,474,4,5,42
1100,1110,264,229,193,474,4,5,41
1101,1110,261,224,193,474,4,5,40
1102,1107,255,223,195,474,4,5,38
1103,1107,252,219,193,474,4,5,38
1104,1107,251,215,188,474,4,5,38
1105,1105,248,214,185,474,4,5,38
1106,1104,246,213,181,474,4,5,38
1107,1105,242,209,183,474,4,5,38
1108,1102,237,207,183,474,4,5,38
1109,1098,233,209,183,474,4,5,37
1110,1098,230,204,181,474,4,5,37
1111,1096,228,203,179,474,4,5,37
1112,1095,226,200,174,474,4,5,38
1113,1093,224,201,173,474,4,5,39
1114,1086,222,204,171,474,4,5,39
1115,1086,219,200,169,474,4,5,40
1116,1082,216,200,169,474,4,5,40
1117,1081,212,198,168,474,4,5,40
1118,1081,209,194,167,474,4,5,40
1119,1079,205,191,166,474,4,5,40
1120,1075,203,195,166,474,4,5,40
1121,1080,202,187,163,474,4,5,40
1122,1073,201,190,159,474,4,5,40
1123,1072,199,187,158,474,4,5,40
1124,1071,197,184,156,474,4,5,41
1125,1073,193,179,156,474,4,5,42
1126,1073,190,178,155,474,4,5,42
1127,1072,188,176,154,474,4,5,42
1128,1076,186,170,152,474,4,5,42
1129,1074,184,169,151,474,4,5,41
1130,1068,183,174,150,474,4,5,40
1131,1067,179,174,150,474,4,5,39
1132,1066,179,176,147,474,4,5,39
1133,1066,177,175,146,474,4,5,38
1134,1069,175,172,146,474,4,5,38
1135,1068,175,168,143,474,4,5,38
1136,1073,175,163,140,474,4,5,40
1137,1072,170,163,141,474,4,5,41
1138,1069,168,163,139,474,4,5,42
1139,1078,166,158,139,474,4,5,42
1140,1082,164,146,138,474,4,5,43
1141,1075,163,154,137,474,4,5,42
1142,1080,160,150,137,474,4,5,41
1143,1084,160,144,135,474,4,5,41
1144,1084,157,144,135,474,4,5,41
1145,1086,157,141,131,474,4,5,43
1146,1086,155,140,131,474,4,5,43
1147,1089,154,139,129,474,4,5,42
1148,1087,153,142,129,474,4,5,41
1149,1089,152,141,128,474,4,5,40
1150,1088,150,139,126,474,4,5,39
1151,1088,149,143,126,474,4,5,35
1152,1090,146,139,128,474,4,5,34
1153,1089,145,141,128,474,4,5,32
1154,1093,144,135,126,474,4,5,33
1155,1096,143,133,126,474,4,5,33
1156,1098,139,132,126,474,4,5,34
1157,1098,139,130,125,474,4,5,36
1158,1098,138,131,123,474,4,5,38
1159,1098,137,133,122,474,4,5,39
1160,1098,136,135,122,474,4,5,39
1161,1100,136,131,120,474,4,5,40
1162,1101,135,131,118,474,4,5,40
1163,1100,134,132,117,474,4,5,41
1164,1103,133,128,116,474,4,5,40
1165,1103,132,129,116,474,4,5,39
1166,1107,130,125,116,474,4,5,38
1167,1107,131,125,114,474,4,5,37
1168,1111,129,123,114,474,4,5,36
1169,1113,129,119,111,474,4,5,37
1170,1114,128,119,111,474,4,5,37
1171,1116,127,119,110,474,4,5,38
1172,1116,127,120,109,474,4,5,39
1173,1118,124,124,110,474,4,5,37
1174,1119,122,120,111,474,4,5,36
1175,1118,121,122,111,474,4,5,36
1176,1120,120,124,109,474,4,5,37
1177,1122,119,120,109,474,4,5,37
1178,1122,119,122,107,474,4,5,36
1179,1124,119,120,106,474,4,5,36
1180,1124,118,119,106,474,4,5,36
1181,1126,118,117,105,474,4,5,35
1182,1127,116,116,105,474,4,5,34
1183,1128,114,113,105,474,4,5,35
1184,1128,115,113,103,474,4,5,36
1185,1128,115,113,101,474,4,5,38
1186,1131,113,111,101,474,4,5,40
1187,1133,112,109,101,474,4,5,41
1188,1133,111,109,100,474,4,5,41
1189,1131,110,110,100,474,4,5,40
1190,1132,109,109,100,474,4,5,38
1191,1135,108,107,100,474,4,5,37
1192,1134,107,108,100,474,4,5,35
1193,1136,106,107,99,474,4,5,35
1194,1136,106,106,98,474,4,5,35
1195,1137,105,106,98,474,4,5,34
1196,1137,106,106,95,474,4,5,34
1197,1138,105,103,96,474,4,5,34
1198,1138,103,101,96,474,4,5,34
1199,1137,103,102,95,474,4,5,32
1200,1137,103,102,95,474,4,5,30
1201,1137,102,101,95,474,4,5,29
1202,1137,102,101,94,474,4,5,28
1203,1136,103,102,91,474,4,5,28
1204,1137,102,100,92,474,4,5,29
1205,1136,102,99,91,474,4,5,31
1206,1135,102,102,88,474,4,5,35
1207,1134,101,100,90,474,4,5,36
1208,1134,100,100,89,474,4,5,39
1209,1134,100,99,89,474,4,5,39
1210,1134,99,99,88,474,4,5,39
1211,1133,99,99,88,474,4,5,36
1212,1134,98,99,88,474,4,5,32
1213,1133,98,99,88,474,4,5,29
1214,1133,97,99,88,474,4,5,26
1215,1132,97,98,88,474,4,5,23
1216,1131,96,98,88,474,4,5,21
1217,1131,96,98,88,474,4,5,22
1218,1131,95,98,88,474,4,5,24
1219,1130,93,98,88,474,4,5,27
1220,1129,92,99,88,474,4,5,29
1221,1128,93,98,86,474,4,5,31
1222,1128,92,98,87,474,4,5,31
1223,1126,92,100,86,474,4,5,32
1224,1126,92,98,85,474,4,5,31
1225,1126,91,97,85,474,4,5,31
1226,1125,91,97,84,474,4,5,30
1227,1125,90,95,84,474,4,5,30
1228,1124,89,95,85,474,4,5,29
1229,1123,88,96,85,474,4,5,27
1230,1122,87,96,86,474,4,5,23
1231,1123,88,95,85,474,4,5,20
1232,1122,88,95,85,474,4,5,19
1233,1122,87,95,84,474,4,5,20
1234,1121,87,94,83,474,4,5,21
1235,1119,87,96,83,474,4,5,22
1236,1119,87,96,82,474,4,5,25
1237,1119,87,94,82,474,4,5,27
1238,1118,87,94,81,474,4,5,29
1239,1115,86,96,80,474,4,5,29
1240,1113,85,98,81,474,4,5,27
1241,1113,85,98,81,474,4,5,24
1242,1113,85,96,81,474,4,5,21
1243,1113,85,95,80,474,4,5,18
1244,1113,85,94,80,474,4,5,14
1245,1112,84,95,81,474,4,5,10
1246,1112,84,95,81,474,4,5,7
1247,1113,86,92,80,474,4,5,5
1248,1112,84,95,81,474,4,5,4
1249,1112,86,92,80,474,4,5,4
1250,1112,85,92,79,474,4,5,4
1251,1111,84,94,80,474,4,5,5
1252,1112,85,92,79,474,4,5,6
1253,1110,84,94,80,474,4,5,11
1254,1111,85,92,78,474,4,5,17
1255,1111,85,93,78,474,4,5,22
1256,1109,83,94,78,474,4,5,24
1257,1109,83,94,78,474,4,5,26
1258,1109,82,93,79,474,4,5,29
1259,1110,82,93,78,474,4,5,28
1260,1110,82,92,77,474,4,5,23
1261,1110,84,91,77,474,4,5,15
1262,1109,84,92,78,474,4,5,10
1263,1109,84,91,77,474,4,5,11
1264,1108,84,91,77,474,4,5,21
1265,1109,83,90,81,474,4,5,36
1266,1109,83,91,80,474,4,5,48
1267,1108,83,91,83,474,4,5,52
1268,1109,84,91,84,474,4,5,54
1269,1108,84,91,84,474,4,5,45
1270,1108,83,92,85,474,4,5,33
1271,1108,83,90,82,474,4,5,23
1272,1109,83,91,80,474,4,5,29
1273,1109,83,91,79,474,4,5,40
1274,1109,82,90,78,474,4,5,49
1275,1110,82,88,78,474,4,5,50
1276,1110,82,88,78,474,4,5,48
1277,1110,82,88,77,474,4,5,45
1278,1109,82,88,76,474,4,5,43
1279,1110,82,87,74,474,4,5,43
1280,1110,82,86,72,474,4,5,44
1281,1110,81,86,75,474,4,5,47
1282,1109,81,86,75,474,4,5,51
1283,1109,81,86,73,474,4,5,57
1284,1108,81,87,71,474,4,5,61
1285,1109,81,85,68,474,4,5,64
1286,1108,81,85,68,474,4,5,70
1287,1107,81,85,66,474,4,5,81
1288,1106,82,86,67,474,4,5,89
1289,1105,81,85,65,474,4,5,78
1290,1105,81,85,64,474,4,5,88
1291,1103,81,87,66,474,4,5,96
1292,1103,82,84,55,474,4,5,119
1293,1103,82,82,49,474,4,5,102
1294,1101,81,85,55,474,4,5,86
1295,1102,81,84,58,474,4,5,78
1296,1103,81,82,58,474,4,5,69
1297,1104,81,78,54,474,4,5,69
1298,1104,80,79,54,474,4,5,57
1299,1103,80,81,58,474,4,5,62
1300,1102,80,79,50,474,4,5,60
1301,1100,78,81,54,474,4,5,64
1302,1098,77,82,55,474,4,5,65
1303,1098,78,80,49,474,4,5,86
1304,1099,78,81,48,474,4,5,81
1305,1098,78,81,47,474,4,5,74
1306,1096,77,81,51,474,4,5,44
1307,1097,77,80,53,474,4,5,41
1308,1095,77,81,53,474,4,5,33
1309,1097,77,78,45,474,4,5,29
1310,1096,75,78,50,474,4,5,17
1311,1096,75,78,49,474,4,5,21
1312,1095,76,80,52,474,4,5,29
1313,1093,75,80,60,474,4,5,66
1314,1092,74,80,62,474,4,5,96
1315,1092,74,81,63,474,4,5,129
1316,1089,73,83,63,474,4,5,129
1317,1088,72,83,67,474,4,5,116
1318,1088,72,82,67,474,4,5,92
1319,1087,71,82,67,474,4,5,66
1320,1085,73,79,66,474,4,5,52
1321,1084,72,79,67,474,4,5,34
1322,1086,69,80,70,474,4,5,25
1323,1083,70,80,68,474,4,5,14
1324,1082,70,79,68,474,4,5,16
1325,1081,70,82,67,474,4,5,20
1326,1080,68,81,68,474,4,5,28
1327,1079,69,80,66,474,4,5,36
1328,1075,66,80,68,474,4,5,41
1329,1075,63,80,69,474,4,5,47
1330,1073,63,80,69,474,4,5,49
1331,1072,60,82,71,474,4,5,53
1332,1069,60,80,70,474,4,5,55
1333,1067,59,81,69,474,4,5,57
1334,1067,58,82,70,474,4,5,62
1335,1065,57,82,69,474,4,5,65
1336,1064,55,82,69,474,4,5,71
1337,1063,55,79,68,474,4,5,73
1338,1061,55,81,67,474,4,5,78
1339,1058,54,81,66,474,4,5,90
1340,1057,51,80,68,474,4,5,100
1341,1057,49,79,65,474,4,5,118
1342,1054,49,79,65,474,4,5,128
1343,1051,47,78,62,474,4,5,138
1344,1049,46,78,62,474,4,5,133
1345,1047,46,76,54,474,4,5,116
1346,1042,46,82,63,474,4,5,99
1347,1040,45,80,63,474,4,5,79
1348,1038,44,79,64,474,4,5,64
1349,1037,42,78,64,474,4,5,52
1350,1036,41,78,64,474,4,5,55
1351,1032,39,79,64,474,4,5,66
1352,1031,37,77,65,474,4,5,81
1353,1031,35,76,65,474,4,5,90
1354,1027,34,77,65,474,4,5,101
1355,1026,33,76,64,474,4,5,109
1356,1022,32,80,64,474,4,5,113
1357,1020,31,79,63,474,4,5,114
1358,1019,31,78,63,474,4,5,117
1359,1017,30,78,63,474,4,5,121
1360,1016,29,77,61,474,4,5,123
1361,1013,26,78,63,474,4,5,119
1362,1011,25,76,63,474,4,5,120
1363,1009,22,77,65,474,4,5,123
1364,1008,22,76,63,474,4,5,128
1365,1007,20,75,64,474,4,5,129
1366,1005,19,75,63,474,4,5,136
1367,1002,18,75,63,474,4,5,143
1368,1002,19,74,60,474,4,5,147
1369,999,18,75,60,474,4,5,144
1370,999,18,74,59,474,4,5,141
1371,994,16,75,60,474,4,5,142
1372,995,15,72,59,474,4,5,141
1373,994,14,72,59,474,4,5,144
1374,993,11,70,61,474,4,5,149
1375,990,11,73,59,474,4,5,158
1376,990,9,70,60,474,4,5,164
1377,988,8,71,59,474,4,5,168
1378,986,8,71,58,474,4,5,169
1379,984,5,70,60,474,4,5,170
1380,983,6,70,58,474,4,5,169
1381,981,1,70,61,474,4,5,170
1382,982,2,69,59,474,4,5,170
1383,978,0,71,59,474,4,5,170
1384,977,0,69,59,474,4,5,169
1385,976,0,69,57,474,4,5,169
1386,975,0,67,56,474,4,5,168
1387,975,0,65,55,474,4,5,168
1388,973,0,66,54,474,4,5,167
1389,972,1,67,51,474,4,5,167
1390,971,0,67,51,474,4,5,167
1391,971,0,66,48,474,4,5,167
1392,970,0,65,47,474,4,5,167
1393,968,0,65,46,474,4,5,167
1394,967,0,65,45,474,4,5,167
1395,966,0,65,44,474,4,5,167
1396,966,0,64,41,474,4,5,167
1397,965,0,63,40,474,4,5,167
1398,964,0,64,39,474,4,5,167
1399,964,0,63,38,474,4,5,167
1400,962,0,64,37,474,4,5,167
1401,961,0,65,35,474,4,5,167
1402,960,0,63,34,474,4,5,167
1403,958,0,64,33,474,4,5,167
1404,957,0,65,31,474,4,5,167
1405,956,0,63,29,474,4,5,167
1406,957,0,62,29,474,4,5,167
1407,956,0,62,28,474,4,5,167
1408,955,0,62,26,474,4,5,167
1409,955,0,61,25,474,4,5,167
1410,954,0,62,25,474,4,5,167
1076,700,78,159,73,475,9,0,47
1077,699,77,170,75,475,9,0,49
1078,704,78,175,75,475,9,0,49
1079,708,78,184,76,475,9,0,43
1080,724,79,183,75,475,9,0,33
1081,753,81,164,72,475,9,0,22
1082,752,81,182,73,475,9,0,18
1083,758,81,187,72,475,9,0,18
1084,780,81,180,72,475,9,0,21
1085,802,82,172,72,475,9,0,24
1086,829,82,158,71,475,9,0,26
1087,831,83,176,71,475,9,0,27
1088,840,83,181,70,475,9,0,30
1089,861,83,177,71,475,9,0,34
1090,878,83,179,70,475,9,0,37
1091,897,83,176,68,475,9,0,39
1092,905,81,184,70,475,9,0,39
1093,925,81,184,71,475,9,0,40
1094,943,81,185,70,475,9,0,41
1095,959,81,188,70,475,9,0,40
1096,982,81,183,69,475,9,0,40
1097,1003,80,182,70,475,9,0,40
1098,1021,80,182,72,475,9,0,42
1099,1043,80,183,71,475,9,0,44
1100,1063,80,182,71,475,9,0,44
1101,1085,82,183,69,475,9,0,46
1102,1105,82,184,68,475,9,0,47
1103,1128,81,176,68,475,9,0,47
1104,1152,81,179,68,475,9,0,46
1105,1175,81,190,68,475,9,0,44
1106,1200,80,175,70,475,9,0,43
1107,1224,80,149,69,475,9,0,40
1108,1250,82,124,67,475,9,0,38
1109,1288,97,88,53,475,9,0,36
1110,1303,98,72,52,475,9,0,36
1147,962,986,447,88,477,9,1,2
1148,944,955,516,122,477,9,1,2
1149,969,926,552,151,477,9,1,2
1150,994,902,538,173,477,9,1,2
1151,1016,879,527,196,477,9,1,2
1152,1038,857,515,216,477,9,1,2
1153,1056,830,506,245,477,9,1,2
1154,1071,803,497,274,477,9,1,2
1155,1082,788,492,286,477,9,1,2
1156,1106,764,471,311,477,9,1,2
1157,1122,744,453,331,477,9,1,2
1158,1136,728,443,347,477,9,1,2
1159,1149,707,434,368,477,9,1,2
1160,1161,692,422,386,477,9,1,8
1161,1168,674,413,395,477,9,1,16
1162,1174,664,402,383,477,9,1,25
1163,1179,650,391,376,477,9,1,28
1164,1182,635,383,369,477,9,1,31
1165,1186,627,376,356,477,9,1,32
1166,1193,613,363,351,477,9,1,33
1167,1192,601,358,345,477,9,1,33
1168,1194,588,351,338,477,9,1,34
1169,1194,576,343,332,477,9,1,34
1170,1191,566,341,328,477,9,1,34
1171,1189,560,335,316,477,9,1,35
1172,1185,552,328,305,477,9,1,36
1173,1183,540,323,296,477,9,1,38
1174,1180,521,315,296,477,9,1,39
1175,1176,511,308,289,477,9,1,41
1176,1173,504,306,279,477,9,1,42
1177,1171,493,299,274,477,9,1,42
1178,1164,457,296,295,477,9,1,42
1179,1162,470,292,268,477,9,1,42
1180,1158,455,285,269,477,9,1,42
1181,1155,451,279,258,477,9,1,42
1182,1151,445,275,254,477,9,1,41
1183,1148,437,272,248,477,9,1,41
1184,1144,433,267,241,477,9,1,41
1185,1141,425,264,235,477,9,1,42
1186,1137,411,261,238,477,9,1,42
1187,1134,407,256,232,477,9,1,42
1188,1132,402,253,225,477,9,1,42
1189,1129,392,250,225,477,9,1,42
1190,1126,385,247,223,477,9,1,42
1191,1124,380,240,217,477,9,1,42
1192,1121,371,238,216,477,9,1,42
1193,1118,366,235,213,477,9,1,42
1194,1114,361,232,207,477,9,1,42
1195,1113,353,228,208,477,9,1,43
1196,1109,348,226,203,477,9,1,44
1197,1107,340,224,200,477,9,1,45
1198,1103,335,223,196,477,9,1,46
1199,1099,327,220,196,477,9,1,46
1200,1098,322,213,194,477,9,1,46
1201,1096,315,211,193,477,9,1,47
1202,1090,314,212,185,477,9,1,46
1203,1088,308,207,183,477,9,1,46
1204,1085,306,205,179,477,9,1,46
1205,1082,299,208,177,477,9,1,47
1206,1082,292,203,178,477,9,1,47
1207,1082,290,198,173,477,9,1,47
1208,1085,286,193,170,477,9,1,47
1209,1082,282,191,167,477,9,1,46
1210,1080,280,192,165,477,9,1,45
1211,1081,273,187,167,477,9,1,45
1212,1082,271,183,162,477,9,1,45
1213,1080,266,182,160,477,9,1,44
1214,1081,264,180,158,477,9,1,44
1215,1079,260,179,157,477,9,1,44
1216,1080,256,176,154,477,9,1,45
1217,1081,250,172,156,477,9,1,45
1218,1081,245,171,156,477,9,1,45
1219,1081,244,167,151,477,9,1,46
1220,1080,239,166,150,477,9,1,47
1221,1081,238,165,148,477,9,1,47
1222,1079,234,164,145,477,9,1,47
1223,1080,231,161,145,477,9,1,47
1224,1080,227,158,145,477,9,1,46
1225,1081,223,157,144,477,9,1,46
1226,1080,220,156,142,477,9,1,46
1227,1080,219,155,139,477,9,1,47
1228,1082,216,156,137,477,9,1,46
1229,1083,212,153,137,477,9,1,46
1230,1084,210,152,137,477,9,1,46
1231,1086,207,150,136,477,9,1,46
1232,1087,203,145,134,477,9,1,47
1233,1088,202,144,131,477,9,1,47
1234,1089,199,142,131,477,9,1,47
1235,1090,197,143,129,477,9,1,48
1236,1090,195,142,128,477,9,1,47
1237,1091,193,140,127,477,9,1,46
1238,1092,191,138,126,477,9,1,45
1239,1093,189,137,124,477,9,1,45
1240,1093,186,135,123,477,9,1,47
1241,1094,185,133,121,477,9,1,48
1242,1095,182,131,119,477,9,1,50
1243,1096,179,131,119,477,9,1,52
1244,1095,180,131,114,477,9,1,52
1245,1096,178,130,113,477,9,1,52
1246,1096,175,128,113,477,9,1,50
1247,1096,172,129,114,477,9,1,49
1248,1095,173,129,111,477,9,1,47
1249,1096,171,127,109,477,9,1,45
1250,1095,166,128,112,477,9,1,44
1251,1095,166,127,110,477,9,1,44
1252,1096,166,125,107,477,9,1,45
1253,1095,163,123,107,477,9,1,45
1254,1095,163,123,104,477,9,1,45
1255,1095,161,121,105,477,9,1,44
1256,1093,157,123,106,477,9,1,44
1257,1094,155,119,107,477,9,1,42
1258,1093,152,119,108,477,9,1,41
1259,1094,154,119,103,477,9,1,42
1260,1094,150,117,104,477,9,1,43
1261,1092,151,118,100,477,9,1,45
1262,1093,151,115,99,477,9,1,45
1263,1091,149,116,98,477,9,1,47
1264,1092,149,112,97,477,9,1,47
1265,1092,146,110,96,477,9,1,46
1266,1091,145,111,95,477,9,1,45
1267,1091,143,109,96,477,9,1,44
1268,1091,141,108,96,477,9,1,44
1269,1091,141,107,94,477,9,1,42
1270,1090,140,106,94,477,9,1,41
1271,1091,138,105,93,477,9,1,41
1272,1091,137,104,93,477,9,1,40
1273,1092,137,104,91,477,9,1,40
1274,1090,136,104,91,477,9,1,39
1275,1090,136,102,89,477,9,1,39
1276,1090,133,101,91,477,9,1,40
1277,1091,132,100,90,477,9,1,40
1278,1091,131,100,88,477,9,1,41
1279,1092,128,99,90,477,9,1,41
1280,1092,128,99,89,477,9,1,43
1281,1093,126,97,89,477,9,1,43
1282,1093,124,95,89,477,9,1,42
1283,1093,125,95,87,477,9,1,42
1284,1094,124,94,86,477,9,1,42
1285,1094,121,94,87,477,9,1,42
1286,1095,120,93,87,477,9,1,43
1287,1095,120,93,85,477,9,1,42
1288,1096,118,91,85,477,9,1,43
1289,1095,119,92,84,477,9,1,42
1290,1095,118,91,83,477,9,1,42
1291,1095,116,91,84,477,9,1,41
1292,1095,117,91,81,477,9,1,40
1293,1096,116,90,81,477,9,1,39
1294,1096,114,89,82,477,9,1,38
1295,1095,115,90,81,477,9,1,38
1296,1097,116,88,77,477,9,1,39
1297,1095,113,88,79,477,9,1,40
1298,1096,111,87,79,477,9,1,40
1299,1096,111,86,79,477,9,1,40
1300,1095,111,87,78,477,9,1,40
1301,1096,111,86,76,477,9,1,38
1302,1096,112,86,75,477,9,1,32
1303,1096,109,87,77,477,9,1,29
1304,1096,109,86,77,477,9,1,26
1305,1096,108,85,77,477,9,1,25
1306,1096,109,85,75,477,9,1,23
1307,1096,109,84,74,477,9,1,23
1308,1096,107,84,75,477,9,1,26
1309,1096,107,85,76,477,9,1,28
1310,1097,104,84,77,477,9,1,32
1311,1097,93,83,86,477,9,1,33
1312,1098,104,84,75,477,9,1,33
1313,1098,104,83,74,477,9,1,32
1314,1097,103,84,75,477,9,1,31
1315,1098,103,83,74,477,9,1,30
1316,1099,102,83,74,477,9,1,29
1317,1100,101,82,74,477,9,1,28
1318,1100,101,83,73,477,9,1,27
1319,1101,101,83,73,477,9,1,26
1320,1102,101,82,72,477,9,1,25
1321,1102,101,82,72,477,9,1,23
1322,1102,100,82,73,477,9,1,20
1323,1102,99,81,73,477,9,1,18
1324,1102,99,81,73,477,9,1,17
1325,1103,100,80,72,477,9,1,17
1326,1104,100,79,71,477,9,1,18
1327,1104,100,79,70,477,9,1,21
1328,1105,99,79,70,477,9,1,23
1329,1106,99,78,69,477,9,1,25
1330,1106,98,77,70,477,9,1,28
1331,1106,98,77,69,477,9,1,28
1332,1106,97,77,69,477,9,1,28
1333,1106,98,77,68,477,9,1,23
1334,1106,98,78,68,477,9,1,18
1335,1105,99,79,68,477,9,1,11
1336,1107,98,77,69,477,9,1,8
1337,1107,96,78,71,477,9,1,6
1338,1107,95,77,71,477,9,1,5
1339,1108,94,77,71,477,9,1,9
1340,1108,94,76,71,477,9,1,13
1341,1107,93,76,70,477,9,1,19
1342,1107,95,75,68,477,9,1,20
1343,1106,95,77,69,477,9,1,21
1344,1107,95,76,68,477,9,1,22
1345,1108,95,75,69,477,9,1,24
1346,1105,95,82,67,477,9,1,22
1347,1103,96,83,64,477,9,1,19
1348,1105,100,78,62,477,9,1,12
1349,1108,95,80,67,477,9,1,10
1350,1108,95,78,67,477,9,1,8
1351,1108,95,75,68,477,9,1,11
1352,1109,96,75,67,477,9,1,11
1353,1108,96,76,67,477,9,1,11
1354,1107,96,76,67,477,9,1,6
1355,1107,95,77,68,477,9,1,7
1356,1107,95,77,67,477,9,1,8
1357,1107,94,77,67,477,9,1,12
1358,1107,94,78,68,477,9,1,12
1359,1106,94,78,68,477,9,1,11
1360,1106,94,78,68,477,9,1,9
1361,1106,94,78,67,477,9,1,6
1362,1106,94,78,67,477,9,1,6
1363,1105,94,78,67,477,9,1,7
1364,1106,94,78,67,477,9,1,9
1365,1105,94,78,67,477,9,1,9
1366,1106,94,78,67,477,9,1,7
1367,1105,94,78,67,477,9,1,5
1368,1105,95,78,66,477,9,1,3
1369,1105,94,78,67,477,9,1,4
1370,1105,94,78,67,477,9,1,4
1371,1106,94,78,68,477,9,1,4
1372,1106,94,78,67,477,9,1,3
1373,1105,94,78,67,477,9,1,3
1374,1106,95,78,67,477,9,1,3
1375,1106,95,78,67,477,9,1,3
1376,1106,94,78,67,477,9,1,3
1377,1106,94,78,67,477,9,1,3
1378,1106,94,78,67,477,9,1,2
1379,1106,95,78,66,477,9,1,3
1380,1106,95,78,66,477,9,1,3
1381,1106,95,78,66,477,9,1,3
1382,1106,95,78,66,477,9,1,1
1383,1106,95,78,66,477,9,1,1
1384,1105,95,78,66,477,9,1,1
1385,1105,95,78,66,477,9,1,1
1386,1105,95,78,66,477,9,1,1
1387,1105,95,79,66,477,9,1,1
1388,1105,94,79,67,477,9,1,1
1389,1105,94,80,67,477,9,1,1
1390,1106,94,78,67,477,9,1,2
1391,1105,94,79,67,477,9,1,2
1392,1105,94,79,68,477,9,1,6
1393,1105,95,79,67,477,9,1,9
1394,1105,95,79,67,477,9,1,13
1395,1103,96,80,66,477,9,1,12
1396,1104,97,80,65,477,9,1,13
1397,1104,99,82,63,477,9,1,10
1398,1104,96,80,65,477,9,1,8
1399,1105,103,81,59,477,9,1,4
1400,1102,105,82,57,477,9,1,3
1401,1105,102,79,60,477,9,1,4
1402,1105,90,78,72,477,9,1,4
1403,1105,98,80,63,477,9,1,4
1404,1106,95,80,66,477,9,1,3
1405,1106,94,78,68,477,9,1,2
1406,1106,93,78,69,477,9,1,3
1407,1105,93,79,69,477,9,1,5
1408,1104,93,80,69,477,9,1,8
1409,1104,92,79,70,477,9,1,8
1410,1105,93,79,69,477,9,1,6
1411,1105,93,79,69,477,9,1,4
1412,1105,93,79,69,477,9,1,5
1413,1105,94,79,68,477,9,1,4
1414,1105,94,79,67,477,9,1,4
1415,1105,95,79,67,477,9,1,3
1416,1104,94,79,68,477,9,1,3
1417,1104,93,79,68,477,9,1,3
1418,1104,94,79,68,477,9,1,2
1419,1104,94,79,67,477,9,1,4
1420,1104,93,78,67,477,9,1,6
1421,1104,93,78,68,477,9,1,6
1422,1104,93,78,67,477,9,1,10
1423,1104,93,78,68,477,9,1,10
1424,1103,93,78,66,477,9,1,12
1425,1103,94,78,66,477,9,1,8
1426,1103,94,78,65,477,9,1,7
1427,1103,94,78,66,477,9,1,10
1428,1103,94,78,65,477,9,1,11
1429,1102,93,77,65,477,9,1,16
1430,1101,92,77,66,477,9,1,16
1431,1101,92,76,66,477,9,1,20
1432,1101,93,76,65,477,9,1,22
1433,1100,92,76,65,477,9,1,23
1434,1101,92,77,64,477,9,1,24
1435,1100,92,76,64,477,9,1,23
1436,1099,91,77,64,477,9,1,24
1437,1097,91,78,65,477,9,1,24
1438,1098,89,78,66,477,9,1,24
1439,1098,88,77,66,477,9,1,22
1440,1098,88,75,66,477,9,1,22
1441,1097,88,75,66,477,9,1,22
1442,1094,87,78,66,477,9,1,23
1443,1094,87,79,66,477,9,1,23
1444,1093,87,78,65,477,9,1,25
1445,1092,88,77,64,477,9,1,26
1446,1090,86,79,64,477,9,1,29
1447,1090,85,80,65,477,9,1,30
1448,1089,84,78,66,477,9,1,31
1449,1090,83,76,66,477,9,1,31
1450,1088,83,77,65,477,9,1,30
1451,1088,85,76,63,477,9,1,31
1452,1089,85,74,62,477,9,1,32
1453,1086,85,75,60,477,9,1,34
1454,1086,84,75,61,477,9,1,33
1455,1085,83,75,62,477,9,1,34
1456,1083,82,75,62,477,9,1,35
1457,1083,82,74,62,477,9,1,33
1458,1081,81,75,62,477,9,1,30
1459,1080,81,75,62,477,9,1,28
1460,1079,82,75,61,477,9,1,30
1461,1079,81,72,61,477,9,1,33
1462,1077,80,74,60,477,9,1,38
1463,1075,80,73,60,477,9,1,43
1464,1074,80,74,58,477,9,1,49
1465,1072,78,73,59,477,9,1,51
1466,1070,76,74,61,477,9,1,51
1467,1069,75,73,61,477,9,1,51
1468,1067,74,73,61,477,9,1,48
1469,1066,73,71,61,477,9,1,50
1470,1064,72,72,61,477,9,1,51
1471,1063,72,73,59,477,9,1,56
1472,1060,71,73,59,477,9,1,61
1473,1060,69,71,60,477,9,1,66
1474,1057,68,71,59,477,9,1,72
1475,1056,67,71,58,477,9,1,76
1476,1055,63,69,61,477,9,1,80
1477,1051,61,71,61,477,9,1,85
1478,1050,60,70,61,477,9,1,91
1479,1047,58,72,60,477,9,1,97
1480,1045,58,72,59,477,9,1,102
1481,1044,56,71,60,477,9,1,108
1482,1042,55,70,58,477,9,1,112
1483,1040,55,71,56,477,9,1,115
1484,1038,55,70,56,477,9,1,117
1485,1035,53,70,55,477,9,1,124
1486,1036,51,69,55,477,9,1,124
1487,1032,49,71,55,477,9,1,122
1488,1032,49,68,54,477,9,1,120
1489,1030,47,67,56,477,9,1,115
1490,1028,46,68,55,477,9,1,113
1491,1026,45,67,55,477,9,1,108
1492,1024,43,66,55,477,9,1,108
1493,1024,42,67,54,477,9,1,114
1494,1020,40,68,55,477,9,1,120
1495,1018,38,68,54,477,9,1,125
1496,1019,36,67,55,477,9,1,124
1497,1016,34,67,57,477,9,1,126
1498,1014,32,67,58,477,9,1,135
1499,1014,30,66,57,477,9,1,147
1500,1011,30,67,55,477,9,1,160
1501,1010,26,67,56,477,9,1,166
1502,1008,26,67,54,477,9,1,169
1503,1007,24,66,55,477,9,1,169
1504,1007,24,64,53,477,9,1,169
1505,1005,21,64,55,477,9,1,167
1506,1003,21,64,54,477,9,1,166
1507,1002,20,64,53,477,9,1,168
1508,1001,19,63,53,477,9,1,166
1509,999,19,64,51,477,9,1,165
1510,999,19,62,50,477,9,1,162
1511,997,17,63,50,477,9,1,167
1512,996,17,61,50,477,9,1,167
1513,995,14,61,51,477,9,1,169
1514,994,14,60,51,477,9,1,167
1515,993,13,61,48,477,9,1,168
1516,992,11,60,50,477,9,1,168
1517,989,8,61,52,477,9,1,169
1518,988,7,61,52,477,9,1,169
1519,986,3,61,53,477,9,1,169
1520,985,2,60,52,477,9,1,169
1521,985,3,58,51,477,9,1,169
1522,982,1,59,51,477,9,1,169
1523,981,0,59,50,477,9,1,169
1524,978,0,61,49,477,9,1,169
1525,978,0,59,47,477,9,1,169
1526,978,0,59,46,477,9,1,169
1527,977,0,58,43,477,9,1,169
1528,976,0,56,43,477,9,1,169
1529,974,0,56,41,477,9,1,169
1530,974,0,57,40,477,9,1,169
1531,973,0,54,38,477,9,1,169
1532,971,0,57,36,477,9,1,169
1533,970,0,56,35,477,9,1,169
1534,968,0,58,34,477,9,1,169
1535,968,0,55,33,477,9,1,169
1536,964,0,57,31,477,9,1,169
1537,964,0,55,29,477,9,1,169
1539,961,0,56,27,477,9,1,169
1540,961,0,53,26,477,9,1,169
1541,959,0,55,25,477,9,1,169
1148,1311,99,63,45,478,5,3,61
1149,1301,98,75,47,478,5,3,72
1150,1295,99,80,45,478,5,3,77
1151,1285,97,92,44,478,5,3,75
1152,1279,100,100,42,478,5,3,56
1153,1271,100,109,43,478,5,3,36
1154,1262,101,117,43,478,5,3,23
1155,1255,99,122,45,478,5,3,21
1156,1247,97,127,48,478,5,3,24
1157,1239,98,134,47,478,5,3,29
1158,1231,86,142,59,478,5,3,26
1159,1219,85,154,61,478,5,3,25
1160,1207,82,166,63,478,5,3,22
1161,1198,83,177,63,478,5,3,20
1162,1188,83,188,61,478,5,3,29
1163,1174,82,200,63,478,5,3,31
1164,1163,82,182,59,478,5,3,34
1165,1152,83,173,61,478,5,3,23
1166,1139,82,166,63,478,5,3,23
1167,1133,83,162,63,478,5,3,24
1168,1111,82,175,64,478,5,3,35
1169,1098,84,174,62,478,5,3,42
1170,1082,83,174,64,478,5,3,46
1171,1064,82,180,66,478,5,3,41
1172,1049,82,177,64,478,5,3,34
1173,1032,83,176,64,478,5,3,38
1174,1015,81,177,66,478,5,3,43
1175,998,82,175,66,478,5,3,50
1176,979,82,178,66,478,5,3,48
1177,961,82,180,67,478,5,3,46
1178,943,81,179,67,478,5,3,44
1179,925,82,178,67,478,5,3,42
1180,908,81,178,68,478,5,3,39
1181,889,82,175,67,478,5,3,39
1182,866,82,179,66,478,5,3,42
1183,845,82,178,68,478,5,3,45
1184,830,83,174,68,478,5,3,45
1185,831,84,150,65,478,5,3,45
1186,802,85,158,65,478,5,3,47
1187,761,84,178,67,478,5,3,43
1188,753,85,163,66,478,5,3,39
1189,749,85,143,64,478,5,3,33
1190,714,83,155,63,478,5,3,42
1191,716,81,125,65,478,5,3,51
1192,701,81,109,62,478,5,3,59
1193,689,79,96,62,478,5,3,60
1270,864,0,56,27,479,6,1,173
1271,868,0,54,29,479,6,1,173
1272,867,0,56,32,479,6,1,173
1273,868,0,55,33,479,6,1,173
1274,867,0,59,34,479,6,1,173
1275,868,0,58,36,479,6,1,173
1276,868,0,59,36,479,6,1,173
1277,869,0,58,37,479,6,1,173
1278,870,0,59,39,479,6,1,173
1279,870,0,58,42,479,6,1,173
1280,871,0,58,42,479,6,1,173
1281,870,0,60,46,479,6,1,173
1282,871,0,59,47,479,6,1,173
1283,872,0,60,48,479,6,1,173
1284,874,1,61,50,479,6,1,173
1285,872,1,61,51,479,6,1,173
1286,873,2,64,53,479,6,1,173
1287,874,2,63,53,479,6,1,173
1288,874,3,65,54,479,6,1,173
1289,883,5,56,52,479,6,1,173
1290,874,4,69,55,479,6,1,173
1291,879,6,63,54,479,6,1,173
1292,874,7,71,56,479,6,1,173
1293,876,10,68,54,479,6,1,173
1294,884,13,60,54,479,6,1,173
1295,886,13,60,56,479,6,1,173
1296,885,15,63,56,479,6,1,173
1297,886,14,64,56,479,6,1,173
1298,886,15,63,58,479,6,1,173
1299,888,16,63,58,479,6,1,172
1300,889,16,64,60,479,6,1,170
1301,890,18,63,60,479,6,1,169
1302,889,23,66,56,479,6,1,169
1303,889,25,66,56,479,6,1,171
1304,889,25,68,58,479,6,1,168
1305,892,23,65,61,479,6,1,166
1306,894,23,65,61,479,6,1,161
1307,893,25,68,64,479,6,1,163
1308,893,26,69,64,479,6,1,164
1309,894,30,68,62,479,6,1,162
1310,895,29,68,64,479,6,1,159
1311,896,31,70,62,479,6,1,146
1312,897,30,68,65,479,6,1,133
1313,897,32,69,64,479,6,1,114
1314,898,32,70,64,479,6,1,103
1315,897,33,71,65,479,6,1,95
1316,900,34,67,65,479,6,1,97
1317,899,34,69,66,479,6,1,98
1318,900,38,70,65,479,6,1,102
1319,899,39,71,64,479,6,1,104
1320,900,40,69,64,479,6,1,115
1321,900,41,71,66,479,6,1,125
1322,901,41,71,70,479,6,1,130
1323,902,44,70,68,479,6,1,131
1324,901,45,71,68,479,6,1,127
1325,902,46,72,68,479,6,1,119
1326,902,48,72,66,479,6,1,102
1327,904,48,72,67,479,6,1,85
1328,903,48,74,68,479,6,1,71
1329,905,51,72,66,479,6,1,63
1330,906,51,71,67,479,6,1,58
1331,906,51,72,68,479,6,1,57
1332,906,54,72,66,479,6,1,57
1333,907,53,72,66,479,6,1,55
1334,907,53,73,66,479,6,1,44
1335,908,56,74,64,479,6,1,51
1336,908,58,72,61,479,6,1,75
1337,909,58,74,55,479,6,1,104
1338,910,58,70,48,479,6,1,111
1339,911,57,67,44,479,6,1,96
1340,906,61,71,50,479,6,1,88
1341,910,59,73,67,479,6,1,97
1342,911,60,72,68,479,6,1,107
1343,911,58,73,70,479,6,1,115
1344,911,59,76,71,479,6,1,110
1345,911,61,77,70,479,6,1,102
1346,911,62,77,70,479,6,1,87
1347,912,62,76,69,479,6,1,69
1348,912,62,77,69,479,6,1,55
1349,912,62,78,70,479,6,1,48
1350,913,62,78,71,479,6,1,43
1351,913,64,78,70,479,6,1,41
1352,913,63,78,72,479,6,1,40
1353,913,64,77,71,479,6,1,40
1354,913,65,78,71,479,6,1,39
1355,914,65,77,70,479,6,1,32
1356,914,66,77,69,479,6,1,22
1357,915,66,77,69,479,6,1,12
1358,915,67,77,68,479,6,1,8
1359,915,66,77,69,479,6,1,7
1360,915,67,77,69,479,6,1,7
1361,915,67,78,70,479,6,1,8
1362,915,66,78,70,479,6,1,8
1363,915,66,78,70,479,6,1,8
1364,915,66,78,70,479,6,1,8
1365,915,66,79,70,479,6,1,7
1366,915,67,79,70,479,6,1,8
1367,915,67,79,70,479,6,1,8
1368,916,68,78,69,479,6,1,9
1369,915,68,78,69,479,6,1,6
1370,916,69,78,68,479,6,1,6
1371,915,69,79,68,479,6,1,6
1372,915,70,79,68,479,6,1,7
1373,916,69,79,68,479,6,1,6
1374,917,69,79,68,479,6,1,5
1375,917,69,80,67,479,6,1,4
1376,918,68,81,69,479,6,1,7
1377,918,70,82,67,479,6,1,9
1378,919,69,84,67,479,6,1,10
1379,918,69,88,67,479,6,1,8
1380,919,69,91,68,479,6,1,9
1381,921,70,94,68,479,6,1,11
1382,921,71,98,68,479,6,1,13
1383,923,72,101,67,479,6,1,14
1384,925,71,108,68,479,6,1,19
1385,929,72,111,66,479,6,1,18
1386,932,73,116,67,479,6,1,18
1387,934,73,123,67,479,6,1,13
1388,940,72,127,68,479,6,1,13
1389,946,74,133,67,479,6,1,18
1390,952,75,138,67,479,6,1,20
1391,959,76,142,66,479,6,1,20
1392,968,78,137,64,479,6,1,17
1393,979,77,125,64,479,6,1,18
1394,991,78,119,64,479,6,1,18
1395,1005,78,101,64,479,6,1,16
1396,1018,77,100,66,479,6,1,18
1397,1032,77,91,65,479,6,1,24
1398,1047,77,94,64,479,6,1,46
1399,1062,77,100,63,479,6,1,69
1400,1080,79,86,53,479,6,1,87
1401,1094,80,52,51,479,6,1,93
1330,742,95,121,54,480,5,0,127
1331,749,97,124,52,480,5,0,119
1332,752,97,146,55,480,5,0,101
1333,771,98,145,56,480,5,0,75
1334,773,96,162,56,480,5,0,51
1335,829,95,124,56,480,5,0,39
1336,831,96,146,55,480,5,0,32
1337,834,97,163,57,480,5,0,30
1338,854,97,167,56,480,5,0,28
1339,877,96,162,56,480,5,0,29
1340,901,96,160,55,480,5,0,35
1341,923,95,160,55,480,5,0,41
1342,947,94,160,56,480,5,0,46
1343,971,93,139,57,480,5,0,45
1344,995,94,119,56,480,5,0,44
1345,1019,93,99,56,480,5,0,43
1346,1044,94,80,56,480,5,0,42
1348,1111,95,145,55,480,5,0,43
1349,1166,96,116,54,480,5,0,44
1350,1175,96,129,54,480,5,0,46
1351,1189,94,147,56,480,5,0,50
1352,1209,93,154,55,480,5,0,54
1353,1238,94,137,56,480,5,0,51
1354,1268,98,110,51,480,5,0,49
1355,1298,101,77,48,480,5,0,42
1392,751,92,138,59,481,9,1,13
1393,752,91,161,64,481,9,1,13
1394,760,93,165,63,481,9,1,15
1395,775,93,164,63,481,9,1,18
1396,822,96,130,61,481,9,1,22
1397,831,93,131,64,481,9,1,22
1398,832,91,141,65,481,9,1,21
1399,839,92,143,65,481,9,1,20
1400,849,94,139,64,481,9,1,18
1401,866,95,130,64,481,9,1,17
1402,880,94,121,65,481,9,1,14
1403,887,94,116,65,481,9,1,12
1404,897,94,110,64,481,9,1,11
1405,901,95,108,65,481,9,1,11
1406,910,95,104,65,481,9,1,11
1407,915,96,100,64,481,9,1,11
1408,922,97,95,64,481,9,1,14
1409,927,97,92,64,481,9,1,16
1410,931,97,91,64,481,9,1,19
1411,934,98,89,64,481,9,1,19
1412,936,98,88,64,481,9,1,17
1413,939,98,87,65,481,9,1,17
1414,941,98,84,64,481,9,1,19
1415,942,100,84,63,481,9,1,25
1416,944,100,82,66,481,9,1,29
1417,945,100,82,67,481,9,1,33
1418,945,101,81,66,481,9,1,39
1419,944,101,84,67,481,9,1,45
1420,944,102,84,68,481,9,1,48
1421,943,102,85,69,481,9,1,47
1422,943,103,84,70,481,9,1,45
1423,941,104,88,69,481,9,1,42
1424,940,105,88,68,481,9,1,39
1425,942,106,87,68,481,9,1,35
1426,942,106,86,69,481,9,1,30
1427,941,107,88,69,481,9,1,29
1428,940,109,88,67,481,9,1,29
1429,939,109,88,69,481,9,1,31
1430,938,109,89,69,481,9,1,33
1431,938,110,90,70,481,9,1,35
1432,937,112,90,70,481,9,1,37
1433,935,113,92,69,481,9,1,39
1434,935,113,92,71,481,9,1,42
1435,935,113,92,73,481,9,1,44
1436,934,113,92,73,481,9,1,44
1437,934,114,93,73,481,9,1,42
1438,935,114,92,73,481,9,1,41
1439,935,113,92,75,481,9,1,41
1440,933,114,93,76,481,9,1,41
1441,933,116,94,77,481,9,1,41
1442,932,115,95,78,481,9,1,42
1443,932,115,95,80,481,9,1,45
1444,931,117,96,79,481,9,1,49
1445,930,118,97,81,481,9,1,50
1446,929,119,97,82,481,9,1,51
1447,929,120,97,83,481,9,1,50
1448,928,123,98,81,481,9,1,49
1449,928,125,98,80,481,9,1,46
1450,928,126,98,80,481,9,1,43
1451,928,127,99,80,481,9,1,40
1452,927,130,100,79,481,9,1,38
1453,925,130,103,80,481,9,1,38
1454,925,132,103,80,481,9,1,39
1455,925,133,104,81,481,9,1,40
1456,923,133,105,82,481,9,1,42
1457,921,134,107,83,481,9,1,45
1458,922,136,106,84,481,9,1,48
1459,922,137,106,86,481,9,1,51
1460,923,137,105,88,481,9,1,53
1461,922,139,105,88,481,9,1,54
1462,921,141,107,89,481,9,1,54
1463,921,142,107,89,481,9,1,53
1464,919,145,109,88,481,9,1,51
1465,920,148,108,87,481,9,1,49
1466,921,149,110,88,481,9,1,46
1467,920,151,113,89,481,9,1,46
1468,918,150,115,90,481,9,1,44
1469,916,152,118,91,481,9,1,44
1470,916,153,119,92,481,9,1,43
1471,916,154,118,93,481,9,1,43
1472,917,156,119,93,481,9,1,45
1473,915,159,122,94,481,9,1,47
1474,913,160,121,96,481,9,1,49
1475,914,162,119,96,481,9,1,49
1476,912,163,119,97,481,9,1,50
1477,909,165,126,97,481,9,1,51
1478,909,167,126,99,481,9,1,50
1479,907,168,126,101,481,9,1,48
1480,905,170,129,100,481,9,1,47
1481,904,170,128,103,481,9,1,47
1482,900,171,133,104,481,9,1,47
1483,899,171,135,108,481,9,1,46
1484,901,173,132,109,481,9,1,46
1485,899,173,133,111,481,9,1,47
1486,900,180,133,107,481,9,1,49
1487,899,180,135,113,481,9,1,50
1488,897,184,137,111,481,9,1,51
1489,898,187,137,111,481,9,1,52
1490,894,190,140,113,481,9,1,53
1491,892,193,142,113,481,9,1,53
1492,892,194,141,115,481,9,1,53
1493,891,197,143,117,481,9,1,53
1494,890,198,143,120,481,9,1,53
1495,884,202,151,119,481,9,1,53
1496,885,205,151,120,481,9,1,53
1497,882,209,155,121,481,9,1,53
1498,879,210,157,124,481,9,1,53
1499,878,214,159,124,481,9,1,53
1500,877,217,163,127,481,9,1,54
1501,879,219,162,128,481,9,1,54
1502,875,223,166,129,481,9,1,54
1503,874,228,168,129,481,9,1,55
1504,873,230,169,133,481,9,1,55
1505,872,232,171,136,481,9,1,55
1506,871,235,171,138,481,9,1,55
1507,869,238,174,141,481,9,1,56
1508,869,241,176,144,481,9,1,56
1509,867,249,179,141,481,9,1,55
1510,864,255,182,141,481,9,1,55
1511,865,259,185,143,481,9,1,55
1512,862,262,188,147,481,9,1,55
1513,862,267,189,148,481,9,1,56
1514,858,271,193,153,481,9,1,56
1515,858,275,193,155,481,9,1,57
1516,856,278,197,160,481,9,1,57
1517,854,282,201,163,481,9,1,58
1518,851,292,203,160,481,9,1,57
1519,849,295,204,167,481,9,1,57
1520,848,303,210,166,481,9,1,56
1521,846,309,210,167,481,9,1,56
1522,842,316,215,171,481,9,1,56
1523,839,319,219,177,481,9,1,56
1524,841,324,220,181,481,9,1,56
1525,833,332,226,181,481,9,1,56
1526,831,339,226,184,481,9,1,56
1527,827,348,231,185,481,9,1,56
1528,827,351,230,195,481,9,1,55
1529,821,360,236,195,481,9,1,55
1530,817,369,240,197,481,9,1,55
1531,813,377,245,201,481,9,1,55
1532,808,384,250,207,481,9,1,55
1533,802,392,255,210,481,9,1,54
1534,799,399,259,217,481,9,1,54
1535,791,409,267,220,481,9,1,54
1536,786,415,272,227,481,9,1,53
1537,781,425,278,232,481,9,1,53
1538,776,433,282,238,481,9,1,52
1539,769,446,288,239,481,9,1,52
1540,763,455,293,246,481,9,1,52
1541,757,469,298,249,481,9,1,52
1542,750,477,305,257,481,9,1,51
1543,742,491,312,261,481,9,1,51
1544,732,499,318,271,481,9,1,51
1545,724,512,326,278,481,9,1,51
1546,712,521,335,290,481,9,1,52
1547,699,539,344,296,481,9,1,52
1548,682,553,353,306,481,9,1,53
1549,663,569,361,314,481,9,1,53
1550,640,589,373,318,481,9,1,53
1551,616,608,382,323,481,9,1,52
1552,589,625,392,334,481,9,1,51
1553,555,640,409,347,481,9,1,50
1554,518,655,428,361,481,9,1,49
1555,477,674,445,371,481,9,1,49
1556,423,692,480,384,481,9,1,48
1557,372,717,494,358,481,9,1,44
1558,315,737,515,339,481,9,1,38
1559,253,759,538,314,481,9,1,30
1560,180,784,567,291,481,9,1,23
1561,116,817,575,261,481,9,1,17
1562,42,845,598,231,481,9,1,12
1563,9,875,566,202,481,9,1,10
1564,2,907,500,168,481,9,1,9
1565,4,941,412,135,481,9,1,8
1566,2,975,330,103,481,9,1,8
1401,1115,79,148,66,483,6,1,18
1402,1116,78,167,67,483,6,1,18
1403,1137,78,164,66,483,6,1,21
1404,1155,79,164,66,483,6,1,24
1405,1177,79,146,65,483,6,1,25
1406,1195,80,166,67,483,6,1,23
1407,1211,79,166,66,483,6,1,21
1408,1230,80,149,67,483,6,1,21
1409,1258,84,121,61,483,6,1,20
1438,864,0,52,37,486,9,1,162
1439,865,0,53,39,486,9,1,162
1440,865,0,55,40,486,9,1,162
1441,866,0,53,41,486,9,1,162
1442,866,0,56,42,486,9,1,162
1443,867,0,56,42,486,9,1,162
1444,868,0,57,45,486,9,1,162
1445,869,0,55,46,486,9,1,162
1446,869,0,55,50,486,9,1,162
1447,872,0,54,51,486,9,1,162
1448,872,1,55,52,486,9,1,162
1449,872,2,56,54,486,9,1,162
1450,873,2,57,54,486,9,1,162
1451,874,3,57,55,486,9,1,162
1452,872,4,61,54,486,9,1,162
1453,874,6,61,53,486,9,1,162
1454,874,9,62,52,486,9,1,160
1455,871,10,68,52,486,9,1,159
1456,869,14,70,51,486,9,1,157
1457,872,13,69,53,486,9,1,156
1458,870,14,73,53,486,9,1,156
1459,878,15,65,54,486,9,1,156
1460,880,15,65,55,486,9,1,156
1461,888,17,57,56,486,9,1,156
1462,886,18,61,56,486,9,1,156
1463,888,18,60,58,486,9,1,156
1464,889,20,61,58,486,9,1,156
1465,890,21,61,58,486,9,1,155
1466,890,24,63,57,486,9,1,157
1467,892,22,62,59,486,9,1,158
1468,893,26,63,57,486,9,1,164
1469,893,26,63,59,486,9,1,166
1470,894,28,63,60,486,9,1,168
1471,894,30,65,60,486,9,1,166
1472,893,30,68,61,486,9,1,164
1473,896,32,67,61,486,9,1,158
1474,897,32,65,62,486,9,1,148
1475,898,34,66,60,486,9,1,133
1476,900,34,65,63,486,9,1,122
1477,902,37,66,60,486,9,1,109
1478,903,36,65,63,486,9,1,105
1479,905,38,64,61,486,9,1,103
1480,905,40,66,61,486,9,1,106
1481,906,41,66,61,486,9,1,110
1482,906,43,68,62,486,9,1,115
1483,908,43,67,63,486,9,1,121
1484,909,43,69,66,486,9,1,120
1485,909,45,69,64,486,9,1,119
1486,909,46,70,64,486,9,1,112
1487,911,47,68,65,486,9,1,107
1488,912,50,69,63,486,9,1,95
1489,915,51,66,63,486,9,1,90
1490,915,52,68,63,486,9,1,88
1491,916,53,68,64,486,9,1,86
1492,917,53,69,66,486,9,1,83
1493,917,55,69,64,486,9,1,77
1494,918,57,70,63,486,9,1,72
1495,920,56,70,65,486,9,1,66
1496,921,56,69,65,486,9,1,57
1497,921,59,70,63,486,9,1,53
1498,921,58,71,64,486,9,1,50
1499,922,58,70,66,486,9,1,51
1500,922,58,70,67,486,9,1,51
1501,923,59,71,66,486,9,1,48
1502,923,62,73,64,486,9,1,47
1503,922,62,73,64,486,9,1,43
1504,924,63,72,64,486,9,1,40
1505,925,63,71,64,486,9,1,37
1506,927,64,70,63,486,9,1,37
1507,927,63,72,66,486,9,1,39
1508,926,64,72,66,486,9,1,39
1509,926,65,72,65,486,9,1,38
1510,926,64,73,66,486,9,1,39
1511,928,65,72,66,486,9,1,40
1512,930,66,71,66,486,9,1,39
1513,930,67,71,65,486,9,1,36
1514,930,67,72,66,486,9,1,35
1515,930,67,72,66,486,9,1,34
1516,930,68,74,66,486,9,1,33
1517,932,69,73,64,486,9,1,31
1518,933,71,72,63,486,9,1,30
1519,933,71,71,63,486,9,1,29
1520,933,71,72,64,486,9,1,29
1521,933,72,72,64,486,9,1,30
1522,934,72,72,64,486,9,1,29
1523,934,73,73,64,486,9,1,29
1524,935,73,73,63,486,9,1,30
1525,936,73,72,64,486,9,1,33
1526,937,74,72,65,486,9,1,35
1527,939,74,71,66,486,9,1,37
1528,939,75,72,65,486,9,1,39
1529,939,74,73,67,486,9,1,43
1530,940,76,72,66,486,9,1,44
1531,940,77,71,66,486,9,1,42
1532,940,78,73,66,486,9,1,39
1533,940,78,74,66,486,9,1,37
1534,941,78,73,67,486,9,1,35
1535,941,79,73,66,486,9,1,33
1536,942,80,73,66,486,9,1,31
1537,942,80,73,67,486,9,1,31
1538,942,80,73,67,486,9,1,30
1539,943,80,72,67,486,9,1,29
1540,942,81,75,67,486,9,1,30
1541,942,80,77,68,486,9,1,31
1542,942,81,77,69,486,9,1,33
1543,942,80,76,70,486,9,1,34
1544,943,81,74,69,486,9,1,34
1545,943,81,74,70,486,9,1,35
1546,943,81,74,70,486,9,1,29
1547,943,81,74,70,486,9,1,26
1548,944,81,74,70,486,9,1,21
1549,944,81,77,71,486,9,1,23
1550,944,82,78,71,486,9,1,24
1551,944,83,79,71,486,9,1,26
1552,944,83,77,71,486,9,1,27
1553,944,84,77,71,486,9,1,27
1554,944,84,79,71,486,9,1,29
1555,943,83,80,73,486,9,1,29
1556,943,84,79,74,486,9,1,30
1557,944,85,80,73,486,9,1,29
1558,944,85,81,72,486,9,1,35
1559,945,85,79,73,486,9,1,41
1560,945,85,77,77,486,9,1,47
1561,945,87,80,75,486,9,1,41
1562,945,87,81,74,486,9,1,35
1563,940,88,86,72,486,9,1,34
1564,943,90,124,72,486,9,1,29
1565,947,90,80,72,486,9,1,33
1566,948,92,79,70,486,9,1,31
1567,943,91,87,75,486,9,1,40
1568,947,90,84,77,486,9,1,43
1569,945,90,86,77,486,9,1,47
1570,946,92,83,77,486,9,1,52
1571,946,92,84,79,486,9,1,53
1572,945,95,87,77,486,9,1,55
1573,945,95,88,79,486,9,1,57
1574,946,95,85,77,486,9,1,60
1575,946,96,86,79,486,9,1,61
1576,946,98,86,78,486,9,1,59
1577,945,98,87,78,486,9,1,55
1578,945,97,87,80,486,9,1,50
1579,946,99,87,79,486,9,1,45
1580,946,100,87,79,486,9,1,40
1581,946,100,86,81,486,9,1,37
1582,945,101,88,81,486,9,1,39
1583,945,101,89,82,486,9,1,41
1584,944,102,90,84,486,9,1,45
1585,944,102,90,84,486,9,1,44
1586,943,103,91,85,486,9,1,44
1587,942,103,91,85,486,9,1,42
1588,942,105,92,84,486,9,1,39
1589,942,105,93,85,486,9,1,37
1590,942,107,92,84,486,9,1,35
1591,941,107,93,85,486,9,1,37
1592,940,107,95,87,486,9,1,38
1593,940,107,94,89,486,9,1,41
1594,939,108,93,89,486,9,1,44
1595,938,112,93,87,486,9,1,46
1596,937,112,96,90,486,9,1,47
1597,936,112,98,90,486,9,1,47
1598,935,113,98,91,486,9,1,47
1599,934,114,99,91,486,9,1,47
1600,934,115,99,92,486,9,1,45
1601,934,119,99,90,486,9,1,43
1602,934,118,98,92,486,9,1,43
1603,934,120,98,92,486,9,1,44
1604,931,119,102,95,486,9,1,45
1605,930,120,104,96,486,9,1,45
1606,931,122,102,95,486,9,1,45
1607,930,122,102,97,486,9,1,47
1608,929,123,102,98,486,9,1,47
1609,927,124,106,100,486,9,1,47
1610,927,125,105,100,486,9,1,46
1611,925,127,108,100,486,9,1,46
1612,927,130,108,99,486,9,1,46
1613,923,129,112,101,486,9,1,45
1614,926,134,106,99,486,9,1,44
1615,926,134,107,100,486,9,1,41
1616,925,139,107,97,486,9,1,41
1617,927,140,106,96,486,9,1,41
1618,926,142,107,98,486,9,1,43
1619,923,142,114,101,486,9,1,44
1620,921,142,117,103,486,9,1,45
1621,922,141,117,107,486,9,1,49
1622,921,142,122,108,486,9,1,50
1623,919,144,124,109,486,9,1,51
1624,921,144,121,111,486,9,1,48
1625,921,146,121,110,486,9,1,47
1626,922,145,120,114,486,9,1,46
1627,922,148,121,114,486,9,1,45
1628,922,148,124,116,486,9,1,44
1629,918,153,127,114,486,9,1,44
1630,919,152,128,117,486,9,1,44
1631,922,155,125,116,486,9,1,45
1632,920,156,129,119,486,9,1,46
1633,919,159,131,119,486,9,1,46
1634,920,160,131,121,486,9,1,47
1635,918,162,138,121,486,9,1,48
1636,917,163,141,124,486,9,1,48
1637,919,166,140,124,486,9,1,49
1638,919,167,140,125,486,9,1,49
1639,919,169,138,127,486,9,1,50
1640,921,172,139,128,486,9,1,50
1641,921,173,141,130,486,9,1,50
1642,921,177,144,130,486,9,1,50
1643,921,179,142,131,486,9,1,51
1644,917,179,150,135,486,9,1,52
1645,920,182,151,137,486,9,1,52
1646,916,184,156,139,486,9,1,52
1647,921,188,151,140,486,9,1,52
1648,914,190,161,139,486,9,1,51
1649,914,191,161,142,486,9,1,51
1650,915,194,160,144,486,9,1,51
1651,911,197,167,147,486,9,1,51
1652,911,201,168,147,486,9,1,52
1653,908,204,170,150,486,9,1,54
1654,907,208,170,150,486,9,1,56
1655,905,211,175,152,486,9,1,56
1656,904,215,175,154,486,9,1,57
1657,902,219,177,155,486,9,1,56
1658,899,222,180,159,486,9,1,57
1659,901,226,177,160,486,9,1,56
1660,894,230,186,161,486,9,1,56
1661,891,232,187,165,486,9,1,56
1662,887,237,191,167,486,9,1,55
1663,886,239,194,172,486,9,1,55
1664,882,244,197,172,486,9,1,54
1665,881,249,201,174,486,9,1,55
1666,876,255,204,174,486,9,1,55
1667,874,259,203,178,486,9,1,55
1668,870,262,205,182,486,9,1,55
1669,865,268,209,185,486,9,1,56
1670,866,273,209,188,486,9,1,56
1671,859,279,213,189,486,9,1,55
1672,852,284,217,191,486,9,1,56
1673,846,290,220,194,486,9,1,56
1674,841,297,222,198,486,9,1,56
1675,836,301,226,202,486,9,1,56
1676,832,308,228,203,486,9,1,56
1677,830,315,233,209,486,9,1,57
1678,821,317,237,215,486,9,1,56
1679,814,325,239,220,486,9,1,56
1680,809,334,245,219,486,9,1,55
1681,801,343,251,220,486,9,1,54
1682,795,349,253,226,486,9,1,54
1683,788,355,256,231,486,9,1,53
1684,781,363,261,236,486,9,1,53
1685,774,371,267,240,486,9,1,52
1686,765,380,271,243,486,9,1,53
1687,756,389,276,248,486,9,1,53
1688,748,397,279,252,486,9,1,52
1689,738,405,287,260,486,9,1,52
1690,727,414,292,264,486,9,1,51
1691,717,421,297,271,486,9,1,50
1692,706,433,302,274,486,9,1,49
1693,694,443,309,278,486,9,1,49
1694,682,451,315,287,486,9,1,48
1695,665,463,328,291,486,9,1,48
1696,651,472,331,301,486,9,1,48
1697,635,484,339,308,486,9,1,49
1698,619,493,348,319,486,9,1,50
1699,601,505,353,330,486,9,1,51
1700,580,522,360,338,486,9,1,51
1701,555,536,370,347,486,9,1,51
1702,527,555,382,350,486,9,1,51
1703,501,573,388,354,486,9,1,50
1704,469,588,399,367,486,9,1,50
1705,436,605,413,377,486,9,1,49
1706,399,617,425,395,486,9,1,48
1707,359,637,439,403,486,9,1,46
1708,314,656,456,408,486,9,1,44
1709,264,676,474,400,486,9,1,42
1710,209,695,499,381,486,9,1,39
1711,151,710,518,365,486,9,1,36
1712,86,734,544,342,486,9,1,31
1713,19,764,563,311,486,9,1,27
1714,1,790,531,284,486,9,1,23
1715,1,818,478,258,486,9,1,22
1716,2,843,411,229,486,9,1,21
1717,2,880,344,195,486,9,1,20
1718,1,905,260,170,486,9,1,20
1719,0,946,160,130,486,9,1,20
1547,1310,104,66,43,487,3,0,67
1548,1288,98,85,45,487,3,0,67
1551,1241,96,139,50,487,3,0,62
1552,1216,91,165,55,487,3,0,57
1553,1196,89,182,57,487,3,0,52
1554,1174,92,144,54,487,3,0,50
1555,1149,92,148,55,487,3,0,47
1556,1125,93,157,53,487,3,0,45
1557,1100,92,157,54,487,3,0,44
1558,1076,91,164,55,487,3,0,47
1559,1050,92,159,55,487,3,0,46
1560,1025,92,157,56,487,3,0,46
1561,1022,92,136,56,487,3,0,46
1562,1016,93,117,53,487,3,0,47
1563,1010,94,93,53,487,3,0,48
1565,895,95,70,55,489,7,3,10
1566,851,93,115,56,489,7,3,10
1567,837,95,120,55,489,7,3,16
1568,833,98,119,52,489,7,3,21
1569,762,94,161,56,489,7,3,37
1570,752,94,124,54,489,7,3,49
1571,747,91,105,53,489,7,3,61
1572,712,91,87,52,489,7,3,62
1599,1310,100,64,46,490,3,0,9
1600,1295,100,79,46,490,3,0,9
1601,1281,102,97,45,490,3,0,9
1602,1267,103,112,44,490,3,0,9
1603,1249,100,126,47,490,3,0,12
1604,1235,94,143,53,490,3,0,13
1605,1213,93,158,52,490,3,0,15
1606,1193,92,171,54,490,3,0,16
1607,1175,93,133,54,490,3,0,23
1608,1153,93,145,54,490,3,0,30
1609,1131,93,150,53,490,3,0,37
1610,1107,94,153,53,490,3,0,40
1611,1082,92,161,55,490,3,0,39
1612,1059,91,157,56,490,3,0,38
1613,1036,92,155,55,490,3,0,37
1614,1021,91,144,57,490,3,0,39
1615,987,93,155,55,490,3,0,40
1616,958,94,157,53,490,3,0,44
1617,929,94,158,52,490,3,0,50
1618,906,94,154,56,490,3,0,60
1619,875,95,156,53,490,3,0,66
1620,840,96,162,54,490,3,0,73
1621,833,97,137,54,490,3,0,78
1622,832,97,109,55,490,3,0,79
1623,755,96,155,56,490,3,0,69
1624,754,95,113,54,490,3,0,63
1625,712,92,109,52,490,3,0,54
1858,854,0,47,24,491,9,0,133
1859,854,0,46,25,491,9,0,133
1860,854,0,46,26,491,9,0,133
1861,855,0,45,27,491,9,0,133
1862,856,0,46,28,491,9,0,133
1863,856,0,48,28,491,9,0,133
1864,854,0,50,32,491,9,0,133
1865,855,0,50,33,491,9,0,133
1866,857,0,48,33,491,9,0,133
1867,857,0,48,33,491,9,0,133
1868,857,0,50,35,491,9,0,133
1869,857,0,50,36,491,9,0,133
1870,859,0,48,37,491,9,0,133
1871,859,0,49,38,491,9,0,133
1872,860,0,50,39,491,9,0,133
1873,859,0,52,41,491,9,0,133
1874,861,0,52,41,491,9,0,133
1875,861,0,52,42,491,9,0,133
1876,862,0,53,43,491,9,0,133
1877,862,0,54,42,491,9,0,133
1878,863,1,53,43,491,9,0,133
1879,863,2,54,44,491,9,0,133
1880,865,3,55,44,491,9,0,133
1881,868,4,51,44,491,9,0,133
1882,870,5,52,44,491,9,0,133
1883,871,8,53,45,491,9,0,133
1884,871,8,54,43,491,9,0,133
1885,872,9,56,44,491,9,0,133
1886,872,11,56,45,491,9,0,133
1887,874,11,57,44,491,9,0,133
1888,875,14,55,44,491,9,0,136
1889,875,13,56,45,491,9,0,140
1890,876,14,56,46,491,9,0,144
1891,876,15,57,47,491,9,0,146
1892,878,16,57,47,491,9,0,147
1893,880,18,57,47,491,9,0,148
1894,883,18,55,46,491,9,0,148
1895,885,19,54,48,491,9,0,148
1896,887,20,55,47,491,9,0,148
1897,888,22,54,48,491,9,0,148
1898,888,23,55,47,491,9,0,148
1899,888,25,57,48,491,9,0,151
1900,889,26,56,47,491,9,0,153
1901,889,27,57,48,491,9,0,152
1902,889,28,58,49,491,9,0,155
1903,892,29,58,48,491,9,0,150
1904,892,31,58,48,491,9,0,151
1905,894,31,60,49,491,9,0,144
1906,895,31,60,51,491,9,0,144
1907,896,34,59,49,491,9,0,142
1908,896,34,61,51,491,9,0,144
1909,897,35,60,51,491,9,0,147
1910,899,36,61,53,491,9,0,145
1911,898,38,62,50,491,9,0,144
1912,900,38,61,52,491,9,0,139
1913,901,40,61,52,491,9,0,137
1914,902,42,61,49,491,9,0,128
1915,903,41,59,51,491,9,0,127
1916,903,45,59,49,491,9,0,123
1917,904,46,61,50,491,9,0,123
1918,905,45,62,52,491,9,0,121
1919,905,49,61,49,491,9,0,121
1920,907,49,62,51,491,9,0,121
1921,907,50,61,51,491,9,0,116
1922,908,50,62,53,491,9,0,111
1923,909,51,62,53,491,9,0,109
1924,910,52,63,53,491,9,0,106
1925,910,52,61,55,491,9,0,91
1926,910,53,63,54,491,9,0,68
1927,910,57,64,42,491,9,0,50
1928,912,56,63,48,491,9,0,45
1929,911,58,64,49,491,9,0,49
1930,914,59,62,50,491,9,0,57
1931,914,61,63,51,491,9,0,72
1932,915,60,64,54,491,9,0,93
1933,915,62,64,53,491,9,0,103
1934,915,63,64,53,491,9,0,107
1935,916,63,66,53,491,9,0,94
1936,917,64,66,54,491,9,0,83
1937,918,65,63,53,491,9,0,70
1938,918,66,64,53,491,9,0,63
1939,918,66,66,54,491,9,0,61
1940,920,67,65,54,491,9,0,57
1941,920,68,66,54,491,9,0,57
1942,921,69,64,53,491,9,0,56
1943,921,69,67,55,491,9,0,56
1944,921,70,66,55,491,9,0,52
1945,922,71,64,54,491,9,0,49
1946,922,71,65,54,491,9,0,46
1947,922,72,65,54,491,9,0,44
1948,922,72,66,54,491,9,0,37
1949,922,73,68,54,491,9,0,34
1950,923,73,66,53,491,9,0,34
1951,923,74,67,53,491,9,0,39
1952,924,74,66,54,491,9,0,43
1953,925,74,65,55,491,9,0,44
1954,925,75,65,55,491,9,0,46
1955,925,75,65,55,491,9,0,46
1956,925,75,65,54,491,9,0,46
1957,926,76,65,54,491,9,0,46
1958,926,77,65,55,491,9,0,46
1959,926,78,65,54,491,9,0,45
1960,927,79,64,54,491,9,0,44
1961,928,79,64,54,491,9,0,43
1962,928,79,66,55,491,9,0,40
1963,928,79,66,55,491,9,0,37
1964,930,80,66,55,491,9,0,34
1965,930,81,66,55,491,9,0,34
1966,930,81,65,56,491,9,0,32
1967,930,82,65,56,491,9,0,32
1968,930,82,67,56,491,9,0,32
1969,931,82,67,56,491,9,0,33
1970,933,83,66,57,491,9,0,33
1971,932,84,66,56,491,9,0,31
1972,933,84,66,57,491,9,0,30
1973,933,84,66,57,491,9,0,29
1974,934,84,66,57,491,9,0,28
1975,934,84,68,58,491,9,0,27
1976,935,85,67,58,491,9,0,26
1977,934,85,68,58,491,9,0,28
1978,934,86,70,57,491,9,0,32
1979,934,87,69,58,491,9,0,37
1980,936,87,68,57,491,9,0,39
1981,937,87,67,58,491,9,0,40
1982,935,87,68,59,491,9,0,41
1983,935,89,68,58,491,9,0,36
1984,935,90,69,57,491,9,0,31
1985,935,91,69,56,491,9,0,26
1986,935,92,70,56,491,9,0,25
1987,936,91,70,57,491,9,0,22
1988,936,91,70,57,491,9,0,20
1989,936,92,70,57,491,9,0,20
1990,935,93,71,56,491,9,0,19
1991,935,93,72,57,491,9,0,19
1992,936,93,71,57,491,9,0,18
1993,936,93,71,57,491,9,0,16
1994,935,93,71,57,491,9,0,15
1995,935,93,70,57,491,9,0,11
1996,934,93,71,57,491,9,0,8
1997,934,93,71,57,491,9,0,4
1998,934,93,71,57,491,9,0,3
1999,933,93,71,57,491,9,0,4
2000,933,93,70,57,491,9,0,8
2001,934,94,70,58,491,9,0,13
2002,933,95,69,57,491,9,0,16
2003,934,96,70,57,491,9,0,19
2004,934,95,70,58,491,9,0,23
2005,934,95,69,58,491,9,0,28
2006,934,96,69,60,491,9,0,32
2007,934,97,68,60,491,9,0,32
2008,934,97,69,60,491,9,0,34
2009,932,97,71,60,491,9,0,37
2010,931,98,72,60,491,9,0,39
2011,930,99,73,61,491,9,0,38
2012,929,98,74,61,491,9,0,37
2013,928,99,75,61,491,9,0,37
2014,928,99,75,62,491,9,0,37
2015,928,99,73,62,491,9,0,35
2016,926,100,74,62,491,9,0,32
2017,926,100,73,62,491,9,0,28
2018,926,100,73,62,491,9,0,25
2019,926,101,74,61,491,9,0,23
2020,925,102,74,61,491,9,0,22
2021,924,102,75,61,491,9,0,23
2022,924,103,74,62,491,9,0,25
2023,924,104,74,62,491,9,0,28
2024,925,104,74,62,491,9,0,33
2025,924,105,74,63,491,9,0,39
2026,924,105,75,65,491,9,0,44
2027,923,107,75,64,491,9,0,46
2028,923,108,76,65,491,9,0,48
2029,922,108,77,65,491,9,0,49
2030,922,108,78,64,491,9,0,48
2031,922,111,78,63,491,9,0,46
2032,922,111,78,63,491,9,0,37
2033,921,112,78,64,491,9,0,35
2034,920,112,79,63,491,9,0,33
2035,920,112,81,65,491,9,0,36
2036,920,113,80,65,491,9,0,35
2037,920,114,80,65,491,9,0,34
2038,920,115,80,64,491,9,0,35
2039,920,114,80,67,491,9,0,34
2040,920,113,81,69,491,9,0,32
2041,920,113,81,69,491,9,0,30
2042,919,115,81,67,491,9,0,30
2043,919,117,81,67,491,9,0,30
2044,918,119,81,66,491,9,0,27
2045,918,118,81,67,491,9,0,26
2046,917,118,82,67,491,9,0,26
2047,917,122,81,65,491,9,0,27
2048,917,122,80,66,491,9,0,27
2049,917,121,82,68,491,9,0,27
2050,917,121,83,69,491,9,0,30
2051,916,122,82,69,491,9,0,32
2052,915,124,84,69,491,9,0,36
2053,915,124,85,70,491,9,0,37
2054,914,125,85,71,491,9,0,39
2055,914,125,84,72,491,9,0,41
2056,912,126,88,72,491,9,0,41
2057,910,127,89,73,491,9,0,41
2058,912,127,86,74,491,9,0,38
2059,908,128,89,74,491,9,0,38
2060,907,128,90,75,491,9,0,36
2061,905,129,91,76,491,9,0,36
2062,903,131,92,74,491,9,0,35
2063,904,130,90,78,491,9,0,35
2064,903,132,91,76,491,9,0,35
2065,900,133,94,76,491,9,0,35
2066,900,133,93,79,491,9,0,37
2067,898,133,94,78,491,9,0,39
2068,898,134,93,81,491,9,0,43
2069,898,136,93,82,491,9,0,45
2070,896,137,94,81,491,9,0,46
2071,896,136,95,84,491,9,0,48
2072,896,138,95,84,491,9,0,47
2073,895,140,96,84,491,9,0,46
2074,894,143,97,81,491,9,0,44
2075,894,145,98,82,491,9,0,44
2076,892,148,99,81,491,9,0,44
2077,892,148,100,81,491,9,0,43
2078,893,148,99,82,491,9,0,43
2079,892,150,102,84,491,9,0,43
2080,890,151,102,84,491,9,0,40
2081,889,152,105,84,491,9,0,37
2082,889,152,103,85,491,9,0,36
2083,887,154,105,84,491,9,0,35
2084,888,156,106,84,491,9,0,34
2085,889,157,104,85,491,9,0,33
2086,887,157,105,87,491,9,0,35
2087,886,159,108,87,491,9,0,37
2088,885,161,108,87,491,9,0,39
2089,884,162,109,89,491,9,0,40
2090,882,162,109,91,491,9,0,41
2091,882,163,107,91,491,9,0,41
2092,880,166,109,91,491,9,0,41
2093,880,168,111,91,491,9,0,41
2094,880,169,109,91,491,9,0,40
2095,878,171,111,93,491,9,0,40
2096,876,172,114,93,491,9,0,40
2097,873,173,118,94,491,9,0,41
2098,873,175,118,95,491,9,0,42
2099,872,176,121,97,491,9,0,42
2100,872,179,119,97,491,9,0,43
2101,872,180,118,98,491,9,0,43
2102,870,181,120,99,491,9,0,43
2103,869,184,122,100,491,9,0,43
2104,869,184,121,101,491,9,0,42
2105,869,185,121,103,491,9,0,43
2106,867,188,124,103,491,9,0,43
2107,866,191,124,104,491,9,0,43
2108,865,194,129,103,491,9,0,43
2109,863,195,132,104,491,9,0,42
2110,860,196,135,106,491,9,0,43
2111,859,198,135,107,491,9,0,42
2112,859,203,135,106,491,9,0,42
2113,855,207,138,104,491,9,0,41
2114,859,206,134,108,491,9,0,41
2115,859,209,136,109,491,9,0,42
2116,858,211,136,109,491,9,0,41
2117,859,213,140,111,491,9,0,41
2118,858,215,142,112,491,9,0,42
2119,857,217,147,114,491,9,0,44
2120,858,220,145,116,491,9,0,45
2121,856,223,146,116,491,9,0,47
2122,856,226,152,118,491,9,0,49
2123,856,229,154,120,491,9,0,51
2124,857,231,151,123,491,9,0,52
2125,855,233,154,127,491,9,0,53
2126,854,236,155,128,491,9,0,52
2127,852,240,157,129,491,9,0,52
2128,850,242,160,130,491,9,0,50
2129,846,249,165,129,491,9,0,49
2130,847,251,161,130,491,9,0,48
2131,843,256,166,132,491,9,0,48
2132,840,259,170,134,491,9,0,48
2133,836,262,174,137,491,9,0,49
2134,836,267,176,136,491,9,0,50
2135,833,270,175,141,491,9,0,50
2136,829,274,177,142,491,9,0,50
2137,828,279,177,143,491,9,0,50
2138,827,282,178,146,491,9,0,50
2139,822,287,184,148,491,9,0,50
2140,817,293,188,149,491,9,0,51
2141,815,299,189,150,491,9,0,51
2142,815,303,185,153,491,9,0,52
2143,806,309,193,156,491,9,0,53
2144,802,315,196,157,491,9,0,53
2145,796,321,200,159,491,9,0,53
2146,795,326,199,162,491,9,0,53
2147,791,331,199,166,491,9,0,52
2148,783,337,208,168,491,9,0,52
2149,779,345,208,168,491,9,0,51
2150,773,353,212,170,491,9,0,51
2151,767,356,217,176,491,9,0,51
2152,764,364,218,178,491,9,0,50
2153,760,370,219,181,491,9,0,50
2154,749,379,224,181,491,9,0,50
2155,741,385,230,187,491,9,0,50
2156,734,394,231,191,491,9,0,50
2157,725,401,239,193,491,9,0,50
2158,717,408,241,198,491,9,0,50
2159,711,418,242,200,491,9,0,50
2160,702,422,246,207,491,9,0,49
2161,695,439,250,204,491,9,0,49
2162,684,443,254,212,491,9,0,48
2163,670,454,262,213,491,9,0,48
2164,667,461,258,220,491,9,0,48
2165,651,467,266,227,491,9,0,47
2166,636,481,276,230,491,9,0,47
2167,622,491,282,231,491,9,0,46
2168,608,492,287,249,491,9,0,46
2169,592,510,294,246,491,9,0,46
2170,576,525,299,246,491,9,0,46
2171,559,537,307,254,491,9,0,47
2172,543,547,313,264,491,9,0,48
2173,524,546,321,288,491,9,0,49
2174,503,578,326,280,491,9,0,50
2175,480,593,335,289,491,9,0,50
2176,457,604,344,300,491,9,0,50
2177,431,634,352,292,491,9,0,49
2178,403,646,363,305,491,9,0,48
2179,369,656,375,322,491,9,0,47
2180,331,665,393,342,491,9,0,47
2181,290,683,405,353,491,9,0,45
2182,241,708,428,354,491,9,0,43
2183,192,725,443,352,491,9,0,39
2184,137,733,463,343,491,9,0,34
2185,82,779,481,299,491,9,0,29
2186,19,783,500,293,491,9,0,22
2187,0,831,473,248,491,9,0,17
2188,1,869,414,208,491,9,0,13
2189,1,902,352,175,491,9,0,10
2190,1,930,275,147,491,9,0,9
2191,1,966,197,111,491,9,0,9
1903,1318,102,54,43,492,9,0,18
1904,1312,101,61,46,492,9,0,18
1905,1296,99,77,47,492,9,0,18
1906,1281,99,92,44,492,9,0,18
1908,1246,97,127,50,492,9,0,18
1909,1229,93,144,53,492,9,0,18
1910,1209,92,165,55,492,9,0,18
1911,1195,92,179,55,492,9,0,18
1912,1175,93,173,54,492,9,0,21
1913,1154,92,179,55,492,9,0,24
1914,1134,93,166,54,492,9,0,27
1915,1117,93,173,54,492,9,0,28
1916,1097,93,172,54,492,9,0,30
1917,1075,91,175,57,492,9,0,32
1918,1055,92,176,55,492,9,0,33
1919,1032,93,177,54,492,9,0,35
1920,1012,93,173,55,492,9,0,38
1921,989,93,174,56,492,9,0,41
1922,967,92,178,56,492,9,0,43
1923,942,92,182,57,492,9,0,45
1924,922,94,178,55,492,9,0,49
1925,901,93,175,57,492,9,0,52
1926,875,93,178,58,492,9,0,55
1927,847,95,179,57,492,9,0,56
1928,831,94,167,57,492,9,0,58
1929,829,95,145,56,492,9,0,57
1930,831,95,116,56,492,9,0,54
1931,754,95,166,56,492,9,0,49
1932,752,95,144,55,492,9,0,50
1933,751,96,114,51,492,9,0,55
1934,734,90,82,54,492,9,0,61
1935,706,88,79,55,492,9,0,64
1994,864,0,56,37,494,9,0,168
1995,864,0,55,38,494,9,0,163
1996,865,0,57,39,494,9,0,160
1997,864,0,58,41,494,9,0,155
1998,866,0,56,41,494,9,0,153
1999,868,0,55,43,494,9,0,152
2000,868,0,57,43,494,9,0,151
2001,868,0,56,45,494,9,0,151
2002,871,2,55,45,494,9,0,151
2003,870,2,57,48,494,9,0,151
2004,872,4,55,46,494,9,0,151
2005,872,3,59,49,494,9,0,151
2006,874,4,58,49,494,9,0,151
2007,874,4,59,51,494,9,0,151
2008,877,7,58,48,494,9,0,151
2009,877,8,58,48,494,9,0,151
2010,878,11,60,46,494,9,0,151
2011,877,12,61,47,494,9,0,151
2012,880,13,59,48,494,9,0,151
2013,882,14,60,50,494,9,0,151
2014,882,13,60,53,494,9,0,151
2015,881,13,63,53,494,9,0,151
2016,880,14,66,54,494,9,0,151
2017,883,16,62,53,494,9,0,147
2018,887,16,58,54,494,9,0,148
2019,886,15,61,55,494,9,0,152
2020,885,17,62,56,494,9,0,157
2021,886,17,61,57,494,9,0,163
2022,887,20,62,55,494,9,0,165
2023,889,19,61,58,494,9,0,170
2024,890,22,61,57,494,9,0,165
2025,889,24,65,55,494,9,0,159
2026,892,26,62,55,494,9,0,149
2027,893,27,64,55,494,9,0,142
2028,893,28,64,55,494,9,0,138
2029,894,30,65,54,494,9,0,141
2030,894,30,65,57,494,9,0,148
2031,895,31,66,58,494,9,0,157
2032,896,33,67,59,494,9,0,158
2033,897,33,65,59,494,9,0,157
2034,898,35,66,57,494,9,0,149
2035,898,36,68,58,494,9,0,140
2036,898,39,67,56,494,9,0,123
2037,900,39,66,57,494,9,0,109
2038,901,40,67,57,494,9,0,101
2039,901,41,67,57,494,9,0,96
2040,902,42,66,58,494,9,0,93
2041,903,42,65,58,494,9,0,88
2042,903,43,67,58,494,9,0,85
2043,905,44,65,59,494,9,0,86
2044,906,44,65,59,494,9,0,86
2045,907,46,68,59,494,9,0,89
2046,907,47,69,60,494,9,0,90
2047,907,48,68,59,494,9,0,88
2048,909,50,67,59,494,9,0,93
2049,908,50,70,59,494,9,0,91
2050,909,51,69,61,494,9,0,91
2051,909,52,71,60,494,9,0,88
2052,910,52,73,62,494,9,0,88
2053,911,53,73,63,494,9,0,91
2054,911,54,72,62,494,9,0,86
2055,912,56,73,62,494,9,0,86
2056,913,56,72,63,494,9,0,81
2057,915,58,70,62,494,9,0,79
2058,915,59,71,61,494,9,0,74
2059,916,60,72,62,494,9,0,70
2060,917,59,70,62,494,9,0,65
2061,918,60,70,62,494,9,0,57
2062,920,61,68,62,494,9,0,53
2063,919,63,69,59,494,9,0,52
2064,919,63,71,61,494,9,0,56
2065,919,64,71,62,494,9,0,51
2066,919,63,71,62,494,9,0,45
2067,920,64,70,61,494,9,0,34
2068,920,65,71,61,494,9,0,26
2069,920,64,70,61,494,9,0,17
2070,921,65,71,60,494,9,0,18
2071,921,65,72,61,494,9,0,19
2072,921,64,72,63,494,9,0,18
2073,921,65,72,62,494,9,0,14
2074,921,65,71,61,494,9,0,14
2075,922,66,70,61,494,9,0,18
2076,922,66,71,61,494,9,0,17
2077,922,67,71,61,494,9,0,16
2078,921,67,72,61,494,9,0,16
2079,922,67,72,61,494,9,0,17
2080,922,67,73,61,494,9,0,19
2081,922,67,73,61,494,9,0,15
2082,923,68,73,61,494,9,0,14
2083,923,68,72,61,494,9,0,15
2084,923,68,72,61,494,9,0,19
2085,923,69,72,62,494,9,0,24
2086,923,69,72,62,494,9,0,26
2087,924,69,72,62,494,9,0,30
2088,923,70,73,61,494,9,0,34
2089,924,70,72,63,494,9,0,32
2090,925,70,71,62,494,9,0,32
2091,925,71,72,61,494,9,0,29
2092,926,72,73,61,494,9,0,34
2093,926,72,73,61,494,9,0,30
2094,927,73,72,61,494,9,0,30
2095,928,73,71,61,494,9,0,29
2096,928,74,72,62,494,9,0,35
2097,929,74,73,63,494,9,0,37
2098,930,75,72,63,494,9,0,40
2099,930,75,73,62,494,9,0,43
2100,931,77,73,61,494,9,0,43
2101,931,77,74,62,494,9,0,43
2102,932,77,73,62,494,9,0,42
2103,933,78,72,62,494,9,0,43
2104,934,80,74,62,494,9,0,43
2105,934,79,73,63,494,9,0,41
2106,935,80,73,63,494,9,0,40
2107,935,81,75,63,494,9,0,39
2108,936,81,75,63,494,9,0,38
2109,937,83,74,62,494,9,0,37
2110,938,84,75,62,494,9,0,34
2111,938,84,76,63,494,9,0,32
2112,939,83,75,63,494,9,0,29
2113,939,84,75,63,494,9,0,26
2114,941,85,75,62,494,9,0,22
2115,941,85,76,62,494,9,0,16
2116,941,85,77,62,494,9,0,13
2117,941,85,77,62,494,9,0,14
2118,941,85,77,63,494,9,0,18
2119,941,85,76,64,494,9,0,22
2120,942,85,76,65,494,9,0,27
2121,942,85,76,66,494,9,0,30
2122,943,87,76,64,494,9,0,33
2123,942,87,77,64,494,9,0,35
2124,943,87,76,64,494,9,0,37
2125,943,88,77,65,494,9,0,38
2126,942,88,78,67,494,9,0,34
2127,942,89,79,65,494,9,0,33
2128,942,90,79,63,494,9,0,36
2129,942,90,79,64,494,9,0,42
2130,942,91,79,66,494,9,0,39
2131,942,91,79,66,494,9,0,38
2132,941,91,80,66,494,9,0,39
2133,940,93,81,66,494,9,0,47
2134,939,93,82,67,494,9,0,47
2135,940,93,81,68,494,9,0,47
2136,940,92,81,68,494,9,0,46
2137,939,93,81,69,494,9,0,47
2138,939,93,81,70,494,9,0,46
2139,939,94,81,70,494,9,0,42
2140,939,94,81,70,494,9,0,40
2141,939,94,81,70,494,9,0,39
2142,938,95,82,70,494,9,0,39
2143,937,97,82,70,494,9,0,39
2144,938,98,81,69,494,9,0,40
2145,937,99,82,70,494,9,0,42
2146,937,100,82,70,494,9,0,46
2147,936,99,83,71,494,9,0,47
2148,936,101,84,72,494,9,0,49
2149,935,102,84,71,494,9,0,47
2150,934,101,84,74,494,9,0,47
2151,934,101,84,75,494,9,0,48
2152,933,103,86,72,494,9,0,49
2153,932,104,85,74,494,9,0,50
2154,932,106,86,73,494,9,0,48
2155,932,107,85,72,494,9,0,50
2156,930,108,92,72,494,9,0,50
2157,929,108,87,75,494,9,0,47
2158,929,110,87,73,494,9,0,42
2159,928,108,87,75,494,9,0,38
2160,926,108,86,77,494,9,0,38
2161,925,108,88,76,494,9,0,36
2162,923,111,89,75,494,9,0,36
2163,922,111,91,76,494,9,0,36
2164,921,111,92,77,494,9,0,37
2165,921,112,90,77,494,9,0,38
2166,920,113,94,78,494,9,0,38
2167,920,113,92,79,494,9,0,39
2168,918,114,93,79,494,9,0,39
2169,917,115,94,80,494,9,0,41
2170,915,116,94,80,494,9,0,42
2171,914,116,95,82,494,9,0,43
2172,914,118,95,82,494,9,0,45
2173,912,119,95,82,494,9,0,45
2174,911,121,96,82,494,9,0,46
2175,910,120,96,83,494,9,0,46
2176,909,122,96,84,494,9,0,47
2177,908,122,96,86,494,9,0,46
2178,908,123,97,86,494,9,0,44
2179,906,124,99,86,494,9,0,43
2180,905,124,99,87,494,9,0,40
2181,905,126,98,87,494,9,0,40
2182,902,129,101,85,494,9,0,39
2183,901,130,103,86,494,9,0,40
2184,900,130,103,89,494,9,0,42
2185,898,132,105,89,494,9,0,44
2186,899,132,103,90,494,9,0,47
2187,896,134,105,90,494,9,0,47
2188,896,135,103,92,494,9,0,46
2189,895,136,104,92,494,9,0,43
2190,893,138,106,91,494,9,0,41
2191,893,139,107,91,494,9,0,40
2192,893,139,107,93,494,9,0,37
2193,894,142,105,93,494,9,0,37
2194,893,142,106,93,494,9,0,37
2195,890,145,109,93,494,9,0,39
2196,891,147,108,93,494,9,0,41
2197,891,149,108,93,494,9,0,41
2198,890,148,111,96,494,9,0,41
2199,889,149,112,97,494,9,0,39
2200,890,151,112,95,494,9,0,38
2201,889,152,114,96,494,9,0,37
2202,889,153,116,98,494,9,0,38
2203,888,154,118,98,494,9,0,38
2204,890,157,117,100,494,9,0,40
2205,889,155,117,103,494,9,0,42
2206,888,157,119,103,494,9,0,43
2207,889,160,119,102,494,9,0,44
2208,890,160,119,105,494,9,0,43
2209,890,163,121,105,494,9,0,43
2210,889,165,122,104,494,9,0,41
2211,889,166,124,106,494,9,0,40
2212,888,167,126,106,494,9,0,38
2213,887,169,129,105,494,9,0,37
2214,885,169,134,109,494,9,0,37
2215,886,172,134,108,494,9,0,37
2216,885,171,139,112,494,9,0,38
2217,886,175,136,111,494,9,0,40
2218,887,177,137,111,494,9,0,42
2219,888,179,137,113,494,9,0,44
2220,888,180,140,115,494,9,0,45
2221,889,182,139,116,494,9,0,46
2222,890,184,139,117,494,9,0,47
2223,889,187,142,118,494,9,0,46
2224,892,188,139,120,494,9,0,45
2225,893,190,142,120,494,9,0,44
2226,891,193,147,121,494,9,0,43
2227,891,196,148,121,494,9,0,42
2228,892,197,149,122,494,9,0,42
2229,894,200,150,123,494,9,0,42
2230,895,203,147,124,494,9,0,43
2231,895,204,151,126,494,9,0,44
2232,897,206,155,129,494,9,0,46
2233,894,209,159,129,494,9,0,47
2234,894,211,159,133,494,9,0,48
2235,894,214,163,133,494,9,0,49
2236,895,216,162,136,494,9,0,49
2237,896,219,166,137,494,9,0,49
2238,895,221,167,140,494,9,0,49
2239,896,225,168,140,494,9,0,49
2240,893,228,172,142,494,9,0,49
2241,893,231,173,144,494,9,0,49
2242,893,235,174,145,494,9,0,48
2243,893,239,175,146,494,9,0,48
2244,889,241,180,147,494,9,0,47
2245,889,245,179,149,494,9,0,47
2246,886,249,185,151,494,9,0,47
2247,885,252,187,153,494,9,0,47
2248,882,256,189,154,494,9,0,48
2249,881,261,189,155,494,9,0,48
2250,879,264,192,159,494,9,0,49
2251,876,267,194,161,494,9,0,48
2252,875,272,193,163,494,9,0,49
2253,870,274,200,167,494,9,0,48
2254,869,278,200,170,494,9,0,48
2255,865,286,201,167,494,9,0,48
2256,862,290,203,171,494,9,0,48
2257,856,293,205,175,494,9,0,48
2258,853,300,207,175,494,9,0,48
2259,847,305,211,178,494,9,0,48
2260,840,309,218,180,494,9,0,48
2261,837,313,219,185,494,9,0,47
2262,833,316,220,188,494,9,0,46
2263,828,308,225,204,494,9,0,46
2264,823,315,226,207,494,9,0,46
2265,821,326,226,203,494,9,0,46
2266,813,337,234,201,494,9,0,46
2267,806,347,241,201,494,9,0,47
2268,802,352,239,205,494,9,0,47
2269,797,359,241,207,494,9,0,46
2270,790,366,245,209,494,9,0,46
2271,785,373,247,211,494,9,0,46
2272,779,379,251,217,494,9,0,45
2273,772,384,255,221,494,9,0,45
2274,765,391,260,224,494,9,0,44
2275,756,398,264,227,494,9,0,44
2276,750,407,266,229,494,9,0,43
2277,741,411,273,236,494,9,0,43
2278,734,396,276,264,494,9,0,43
2279,723,418,285,255,494,9,0,43
2280,719,432,283,251,494,9,0,42
2281,710,443,287,251,494,9,0,42
2282,701,455,294,252,494,9,0,41
2283,691,462,297,258,494,9,0,40
2284,682,467,303,266,494,9,0,40
2285,671,461,308,286,494,9,0,40
2286,658,469,316,292,494,9,0,40
2287,646,474,321,302,494,9,0,40
2288,635,482,327,310,494,9,0,40
2289,624,504,331,305,494,9,0,41
2290,609,495,340,333,494,9,0,42
2291,594,508,349,340,494,9,0,42
2292,577,528,353,339,494,9,0,43
2293,559,536,362,351,494,9,0,43
2294,541,558,371,350,494,9,0,42
2295,523,562,376,363,494,9,0,42
2296,501,573,385,373,494,9,0,41
2297,478,590,397,379,494,9,0,40
2298,451,607,407,385,494,9,0,40
2299,424,616,422,402,494,9,0,39
2300,393,634,433,405,494,9,0,38
2301,359,648,449,414,494,9,0,37
2302,320,654,466,422,494,9,0,34
2303,282,678,482,397,494,9,0,30
2304,240,693,497,384,494,9,0,25
2305,191,707,519,369,494,9,0,20
2306,137,725,542,351,494,9,0,16
2307,81,747,561,331,494,9,0,12
2308,25,770,575,305,494,9,0,9
2309,1,829,557,247,494,9,0,8
2310,2,855,507,219,494,9,0,7
2311,0,885,455,189,494,9,0,7
2312,2,916,386,160,494,9,0,7
2313,0,930,319,148,494,9,0,7
2314,0,962,243,115,494,9,0,7
2062,1068,985,477,90,495,9,1,6
2063,1051,959,527,116,495,9,1,6
2064,1070,929,597,146,495,9,1,6
2065,1101,910,589,167,495,9,1,6
2066,1125,888,573,187,495,9,1,6
2067,1144,872,560,203,495,9,1,6
2068,1162,846,546,227,495,9,1,6
2069,1177,827,540,249,495,9,1,6
2070,1192,803,528,272,495,9,1,6
2071,1209,781,516,292,495,9,1,6
2072,1224,762,503,309,495,9,1,6
2073,1237,746,490,330,495,9,1,6
2074,1248,729,479,346,495,9,1,6
2075,1258,717,467,358,495,9,1,6
2076,1265,704,458,373,495,9,1,6
2077,1272,690,447,388,495,9,1,7
2078,1275,676,442,393,495,9,1,9
2079,1276,662,436,391,495,9,1,12
2080,1281,652,425,381,495,9,1,15
2081,1283,639,415,376,495,9,1,19
2082,1285,632,403,365,495,9,1,22
2083,1284,619,398,360,495,9,1,25
2084,1283,611,391,349,495,9,1,27
2085,1281,602,382,346,495,9,1,28
2086,1276,590,379,341,495,9,1,29
2087,1276,579,371,335,495,9,1,29
2088,1269,570,369,329,495,9,1,29
2089,1263,561,364,324,495,9,1,29
2090,1261,553,352,319,495,9,1,30
2091,1254,541,349,314,495,9,1,31
2092,1251,528,344,308,495,9,1,32
2093,1245,516,336,305,495,9,1,33
2094,1239,505,332,303,495,9,1,34
2095,1233,497,328,294,495,9,1,35
2096,1228,489,322,291,495,9,1,36
2097,1222,481,323,283,495,9,1,36
2098,1219,472,313,281,495,9,1,36
2099,1215,465,309,274,495,9,1,35
2100,1209,458,307,272,495,9,1,35
2101,1205,448,302,270,495,9,1,35
2102,1201,441,300,265,495,9,1,35
2103,1199,437,294,258,495,9,1,34
2104,1197,430,288,256,495,9,1,34
2105,1194,422,285,252,495,9,1,34
2106,1191,413,287,254,495,9,1,35
2107,1187,410,281,246,495,9,1,35
2108,1185,404,271,239,495,9,1,35
2109,1182,398,271,238,495,9,1,35
2110,1179,391,267,235,495,9,1,35
2111,1177,387,263,231,495,9,1,35
2112,1175,379,263,231,495,9,1,35
2113,1173,373,259,228,495,9,1,36
2114,1171,367,253,226,495,9,1,36
2115,1166,362,250,221,495,9,1,37
2116,1165,357,248,217,495,9,1,38
2117,1160,352,247,213,495,9,1,38
2118,1158,346,244,213,495,9,1,39
2119,1155,341,241,210,495,9,1,39
2120,1153,332,233,210,495,9,1,39
2121,1151,330,230,204,495,9,1,38
2122,1147,324,230,203,495,9,1,38
2123,1145,321,226,203,495,9,1,38
2124,1138,316,226,198,495,9,1,38
2125,1136,313,220,194,495,9,1,38
2126,1131,310,217,191,495,9,1,38
2127,1133,306,213,189,495,9,1,39
2128,1127,297,213,190,495,9,1,40
2129,1120,293,213,187,495,9,1,41
2130,1116,290,213,184,495,9,1,40
2131,1114,286,208,183,495,9,1,40
2132,1111,282,206,181,495,9,1,40
2133,1107,277,205,179,495,9,1,40
2134,1103,274,204,177,495,9,1,39
2135,1101,271,201,175,495,9,1,39
2136,1097,268,198,173,495,9,1,40
2137,1094,265,200,171,495,9,1,40
2138,1093,263,196,166,495,9,1,41
2139,1090,263,195,161,495,9,1,41
2140,1085,253,193,165,495,9,1,40
2141,1080,248,191,168,495,9,1,39
2142,1079,246,190,166,495,9,1,39
2143,1076,243,190,164,495,9,1,39
2144,1073,238,188,163,495,9,1,38
2145,1070,236,184,161,495,9,1,38
2146,1067,233,183,160,495,9,1,39
2147,1065,230,181,159,495,9,1,40
2148,1066,227,177,158,495,9,1,40
2149,1066,227,171,153,495,9,1,39
2150,1060,224,176,153,495,9,1,38
2151,1060,223,173,150,495,9,1,39
2152,1057,220,175,149,495,9,1,39
2153,1055,215,173,149,495,9,1,39
2154,1053,213,173,149,495,9,1,39
2155,1057,210,168,149,495,9,1,38
2156,1054,212,169,142,495,9,1,38
2157,1055,207,167,145,495,9,1,37
2158,1060,205,161,143,495,9,1,38
2159,1059,201,162,144,495,9,1,38
2160,1055,200,166,140,495,9,1,40
2161,1057,197,163,140,495,9,1,41
2162,1060,195,158,138,495,9,1,42
2163,1063,194,155,137,495,9,1,42
2164,1064,190,155,138,495,9,1,40
2165,1063,189,158,136,495,9,1,39
2166,1067,189,156,134,495,9,1,37
2167,1067,186,156,134,495,9,1,36
2168,1070,184,151,133,495,9,1,35
2169,1071,182,153,133,495,9,1,36
2170,1075,180,151,132,495,9,1,37
2171,1079,181,148,126,495,9,1,39
2172,1082,179,146,127,495,9,1,39
2173,1083,179,144,124,495,9,1,39
2174,1084,175,145,126,495,9,1,39
2175,1087,174,142,125,495,9,1,38
2176,1087,172,143,124,495,9,1,36
2177,1089,172,140,123,495,9,1,35
2178,1091,169,142,124,495,9,1,36
2179,1093,167,138,122,495,9,1,37
2180,1094,167,136,119,495,9,1,38
2181,1096,165,136,118,495,9,1,39
2182,1097,163,137,119,495,9,1,39
2183,1102,164,129,117,495,9,1,40
2184,1101,161,128,116,495,9,1,39
2185,1102,160,128,115,495,9,1,37
2186,1106,158,125,116,495,9,1,34
2187,1107,156,123,116,495,9,1,34
2188,1108,155,121,116,495,9,1,34
2189,1109,153,121,115,495,9,1,34
2190,1108,153,122,113,495,9,1,34
2191,1110,152,122,113,495,9,1,35
2192,1111,152,120,109,495,9,1,37
2193,1110,150,122,110,495,9,1,36
2194,1113,149,123,110,495,9,1,35
2195,1112,146,124,111,495,9,1,34
2196,1115,147,124,109,495,9,1,33
2197,1116,145,122,110,495,9,1,32
2198,1117,144,122,108,495,9,1,31
2199,1118,142,121,109,495,9,1,32
2200,1118,141,119,108,495,9,1,33
2201,1117,140,119,107,495,9,1,34
2202,1119,140,117,106,495,9,1,35
2203,1120,139,114,104,495,9,1,36
2204,1121,138,113,104,495,9,1,35
2205,1121,138,112,103,495,9,1,35
2206,1122,138,111,101,495,9,1,35
2207,1122,137,111,101,495,9,1,35
2208,1123,137,109,99,495,9,1,34
2209,1123,136,109,98,495,9,1,35
2210,1124,135,108,98,495,9,1,36
2211,1125,133,109,97,495,9,1,37
2212,1123,134,109,95,495,9,1,37
2213,1123,133,109,95,495,9,1,36
2214,1123,131,109,95,495,9,1,37
2215,1125,132,106,94,495,9,1,36
2216,1123,130,106,93,495,9,1,36
2217,1124,129,106,93,495,9,1,34
2218,1124,129,106,92,495,9,1,32
2219,1124,128,104,92,495,9,1,31
2220,1124,127,104,92,495,9,1,30
2221,1125,126,102,92,495,9,1,31
2222,1125,125,99,91,495,9,1,31
2223,1125,122,101,92,495,9,1,34
2224,1125,122,100,91,495,9,1,35
2225,1124,121,101,89,495,9,1,37
2226,1124,122,100,88,495,9,1,38
2227,1124,121,98,88,495,9,1,37
2228,1124,120,98,87,495,9,1,36
2229,1124,120,99,87,495,9,1,32
2230,1123,120,99,86,495,9,1,31
2231,1124,117,97,88,495,9,1,31
2232,1125,115,97,88,495,9,1,32
2233,1124,114,96,88,495,9,1,33
2234,1124,113,95,88,495,9,1,34
2235,1124,113,95,86,495,9,1,37
2236,1125,111,93,86,495,9,1,38
2237,1124,112,93,85,495,9,1,38
2238,1125,110,93,85,495,9,1,39
2239,1125,110,92,84,495,9,1,38
2240,1124,109,93,84,495,9,1,37
2241,1126,110,91,81,495,9,1,36
2242,1126,109,91,82,495,9,1,36
2243,1126,109,91,81,495,9,1,36
2244,1126,108,91,80,495,9,1,34
2245,1126,107,91,80,495,9,1,32
2246,1126,107,90,80,495,9,1,30
2247,1126,107,90,79,495,9,1,28
2248,1126,105,89,81,495,9,1,27
2249,1126,103,90,82,495,9,1,25
2250,1126,101,89,83,495,9,1,23
2251,1126,101,87,83,495,9,1,21
2252,1127,103,86,81,495,9,1,20
2253,1126,103,87,80,495,9,1,20
2254,1126,103,87,80,495,9,1,21
2255,1126,103,88,78,495,9,1,24
2256,1127,102,86,78,495,9,1,26
2257,1126,100,87,79,495,9,1,27
2258,1125,101,86,77,495,9,1,29
2259,1125,100,86,78,495,9,1,29
2260,1126,100,85,77,495,9,1,30
2261,1126,99,84,77,495,9,1,30
2262,1126,95,83,79,495,9,1,31
2263,1126,95,84,80,495,9,1,31
2264,1126,95,83,79,495,9,1,33
2265,1125,95,83,78,495,9,1,34
2266,1125,94,83,78,495,9,1,33
2267,1126,95,82,77,495,9,1,30
2268,1126,95,83,76,495,9,1,27
2269,1126,93,83,78,495,9,1,26
2270,1126,93,83,78,495,9,1,24
2271,1126,92,82,77,495,9,1,23
2272,1126,93,82,76,495,9,1,20
2273,1126,92,82,77,495,9,1,19
2274,1126,92,82,77,495,9,1,19
2275,1126,91,82,77,495,9,1,19
2276,1126,92,82,76,495,9,1,18
2277,1126,92,82,75,495,9,1,17
2278,1127,92,82,75,495,9,1,18
2279,1127,91,81,75,495,9,1,18
2280,1127,91,80,75,495,9,1,20
2281,1127,92,81,73,495,9,1,20
2282,1126,90,82,74,495,9,1,22
2283,1126,91,81,74,495,9,1,22
2284,1126,91,81,74,495,9,1,19
2285,1126,90,81,74,495,9,1,16
2286,1126,91,81,74,495,9,1,10
2287,1126,91,81,73,495,9,1,7
2288,1126,91,81,73,495,9,1,6
2289,1126,91,80,73,495,9,1,5
2290,1126,91,81,72,495,9,1,5
2291,1127,91,80,73,495,9,1,3
2292,1127,91,79,73,495,9,1,4
2293,1127,91,79,73,495,9,1,7
2294,1127,90,79,73,495,9,1,8
2295,1127,90,79,73,495,9,1,7
2296,1127,91,79,73,495,9,1,4
2297,1127,91,79,73,495,9,1,4
2298,1127,90,79,73,495,9,1,4
2299,1127,90,79,73,495,9,1,3
2300,1127,90,78,73,495,9,1,3
2301,1127,90,78,72,495,9,1,5
2302,1127,90,79,73,495,9,1,6
2303,1127,90,79,72,495,9,1,6
2304,1127,90,79,72,495,9,1,4
2305,1126,90,79,73,495,9,1,3
2306,1126,89,79,73,495,9,1,3
2307,1126,90,79,73,495,9,1,2
2308,1126,89,79,73,495,9,1,3
2309,1126,89,79,73,495,9,1,4
2310,1126,89,78,73,495,9,1,6
2311,1127,89,77,72,495,9,1,9
2312,1126,89,77,72,495,9,1,11
2313,1125,89,78,72,495,9,1,15
2314,1124,89,78,71,495,9,1,16
2315,1124,88,77,72,495,9,1,17
2316,1124,89,77,71,495,9,1,15
2317,1122,88,78,71,495,9,1,18
2318,1122,89,78,70,495,9,1,19
2319,1121,90,79,68,495,9,1,21
2320,1120,90,80,68,495,9,1,21
2321,1119,89,80,69,495,9,1,20
2322,1119,88,80,70,495,9,1,22
2323,1118,88,81,69,495,9,1,20
2324,1116,88,82,69,495,9,1,19
2325,1114,89,83,67,495,9,1,19
2326,1112,88,85,68,495,9,1,20
2327,1112,87,84,68,495,9,1,21
2328,1110,87,84,68,495,9,1,21
2329,1108,87,85,67,495,9,1,22
2330,1107,86,83,68,495,9,1,23
2331,1104,85,83,67,495,9,1,24
2124,869,0,50,29,498,6,0,177
2125,870,0,51,31,498,6,0,177
2126,871,0,52,32,498,6,0,177
2127,872,0,51,32,498,6,0,177
2128,872,0,51,34,498,6,0,177
2129,872,0,53,35,498,6,0,177
2130,874,0,51,35,498,6,0,177
2131,874,0,50,37,498,6,0,177
2132,876,0,49,37,498,6,0,177
2133,876,0,49,36,498,6,0,177
2134,876,0,49,39,498,6,0,177
2135,877,0,50,39,498,6,0,177
2136,878,0,48,39,498,6,0,177
2137,878,1,49,40,498,6,0,177
2138,879,2,50,41,498,6,0,177
2139,880,3,51,39,498,6,0,177
2140,880,4,51,40,498,6,0,177
2141,880,4,51,41,498,6,0,177
2142,882,5,50,41,498,6,0,177
2143,882,5,52,42,498,6,0,177
2144,882,7,53,42,498,6,0,177
2145,883,8,52,42,498,6,0,177
2146,884,10,53,40,498,6,0,176
2147,883,11,57,40,498,6,0,175
2148,885,10,53,42,498,6,0,173
2149,886,15,53,40,498,6,0,172
2150,886,13,55,41,498,6,0,173
2151,887,13,56,42,498,6,0,174
2152,888,13,54,45,498,6,0,175
2153,888,15,54,44,498,6,0,176
2154,889,15,54,44,498,6,0,176
2155,888,16,56,45,498,6,0,177
2156,888,17,55,45,498,6,0,174
2157,890,17,54,45,498,6,0,166
2158,890,18,55,46,498,6,0,159
2159,891,18,55,46,498,6,0,146
2160,891,20,57,45,498,6,0,136
2161,892,20,57,46,498,6,0,122
2162,893,20,55,47,498,6,0,117
2163,893,20,55,47,498,6,0,121
2164,893,20,55,49,498,6,0,123
2165,895,21,54,50,498,6,0,134
2166,894,24,55,47,498,6,0,138
2167,895,25,55,48,498,6,0,151
2168,896,25,57,49,498,6,0,148
2169,896,26,56,49,498,6,0,143
2170,897,27,55,48,498,6,0,131
2171,898,27,57,50,498,6,0,127
2172,899,28,57,49,498,6,0,123
2173,898,30,58,50,498,6,0,120
2174,899,32,59,47,498,6,0,117
2175,901,33,58,47,498,6,0,111
2176,902,32,57,49,498,6,0,109
2177,902,33,58,48,498,6,0,98
2178,903,35,59,47,498,6,0,95
2179,905,34,56,49,498,6,0,93
2180,905,35,57,49,498,6,0,95
2181,905,38,59,48,498,6,0,102
2182,907,38,58,48,498,6,0,106
2183,907,40,58,48,498,6,0,113
2184,907,39,62,49,498,6,0,112
2185,908,40,60,49,498,6,0,106
2186,909,41,60,49,498,6,0,101
2187,909,41,63,49,498,6,0,95
2188,910,42,62,49,498,6,0,93
2189,912,43,58,50,498,6,0,90
2190,912,44,61,50,498,6,0,87
2191,912,44,62,51,498,6,0,85
2192,911,43,62,52,498,6,0,83
2193,913,45,62,51,498,6,0,83
2194,915,47,62,50,498,6,0,81
2195,915,47,62,52,498,6,0,81
2196,917,48,60,51,498,6,0,82
2197,918,51,62,50,498,6,0,82
2198,918,52,62,50,498,6,0,79
2199,918,50,61,52,498,6,0,72
2200,919,51,61,51,498,6,0,67
2201,920,53,64,50,498,6,0,60
2202,922,53,63,51,498,6,0,55
2203,922,53,62,51,498,6,0,52
2204,923,53,62,51,498,6,0,55
2205,924,54,63,52,498,6,0,61
2206,925,55,61,52,498,6,0,64
2207,926,56,60,52,498,6,0,66
2208,926,57,61,51,498,6,0,71
2209,925,57,64,52,498,6,0,73
2210,926,58,64,54,498,6,0,75
2211,928,58,61,54,498,6,0,70
2212,928,59,61,54,498,6,0,69
2213,929,58,60,54,498,6,0,67
2214,929,59,63,54,498,6,0,63
2215,929,62,65,52,498,6,0,58
2216,930,63,62,52,498,6,0,47
2217,930,63,61,52,498,6,0,46
2218,931,62,63,53,498,6,0,43
2219,931,63,64,53,498,6,0,48
2220,930,64,66,53,498,6,0,46
2221,931,66,64,52,498,6,0,40
2222,931,65,64,52,498,6,0,41
2223,932,65,62,52,498,6,0,41
2224,933,66,63,53,498,6,0,48
2225,934,66,65,54,498,6,0,49
2226,934,68,64,53,498,6,0,52
2227,934,68,64,52,498,6,0,55
2228,934,68,63,52,498,6,0,55
2229,935,69,64,53,498,6,0,55
2230,936,68,64,55,498,6,0,51
2231,937,69,65,54,498,6,0,49
2232,936,69,65,55,498,6,0,47
2233,936,69,64,55,498,6,0,41
2234,937,71,64,53,498,6,0,33
2235,936,71,65,53,498,6,0,22
2236,936,71,65,53,498,6,0,15
2237,937,71,64,53,498,6,0,16
2238,938,71,64,54,498,6,0,19
2239,938,73,64,53,498,6,0,24
2240,939,73,64,53,498,6,0,24
2241,939,73,64,53,498,6,0,24
2242,939,73,64,53,498,6,0,22
2243,940,74,64,53,498,6,0,18
2244,940,74,64,52,498,6,0,12
2245,940,75,63,51,498,6,0,9
2246,940,75,63,52,498,6,0,8
2247,940,75,63,52,498,6,0,8
2248,940,75,63,52,498,6,0,11
2249,940,76,64,52,498,6,0,15
2250,941,76,63,52,498,6,0,20
2251,942,76,64,52,498,6,0,21
2252,942,75,66,54,498,6,0,21
2253,942,75,66,54,498,6,0,20
2254,942,75,64,54,498,6,0,19
2255,942,76,64,54,498,6,0,18
2256,943,76,63,54,498,6,0,16
2257,943,76,63,54,498,6,0,16
2258,943,76,63,54,498,6,0,14
2259,943,76,63,55,498,6,0,13
2260,942,76,64,54,498,6,0,14
2261,942,77,65,54,498,6,0,19
2262,943,77,65,55,498,6,0,25
2263,943,77,65,55,498,6,0,27
2264,944,78,65,55,498,6,0,28
2265,945,78,65,54,498,6,0,26
2266,945,78,65,54,498,6,0,23
2267,946,79,63,54,498,6,0,21
2268,946,80,63,54,498,6,0,22
2269,946,80,62,54,498,6,0,25
2270,946,80,63,55,498,6,0,29
2271,946,80,64,56,498,6,0,31
2272,946,80,66,56,498,6,0,31
2273,946,80,67,57,498,6,0,30
2274,946,81,68,56,498,6,0,27
2275,945,81,69,56,498,6,0,24
2276,946,82,67,56,498,6,0,23
2277,946,82,66,57,498,6,0,23
2278,947,82,66,57,498,6,0,25
2279,947,83,66,57,498,6,0,26
2280,947,83,67,56,498,6,0,29
2281,948,84,69,55,498,6,0,31
2282,949,85,67,55,498,6,0,33
2283,949,86,68,56,498,6,0,35
2284,949,86,68,56,498,6,0,35
2285,948,88,68,55,498,6,0,35
2286,949,88,68,55,498,6,0,33
2287,949,88,68,56,498,6,0,31
2288,950,89,66,54,498,6,0,29
2289,950,89,67,55,498,6,0,26
2290,949,89,67,56,498,6,0,25
2291,949,89,67,55,498,6,0,24
2292,951,90,66,55,498,6,0,25
2293,951,91,67,55,498,6,0,24
2294,951,91,67,55,498,6,0,23
2295,952,92,67,54,498,6,0,23
2296,951,93,68,54,498,6,0,22
2297,951,93,69,55,498,6,0,20
2298,952,93,67,55,498,6,0,18
2299,952,93,68,55,498,6,0,18
2300,952,93,68,55,498,6,0,18
2301,952,93,68,56,498,6,0,19
2302,952,94,68,55,498,6,0,19
2303,952,94,69,56,498,6,0,21
2304,952,94,69,57,498,6,0,22
2305,952,94,69,56,498,6,0,21
2306,953,94,68,56,498,6,0,19
2307,953,94,68,56,498,6,0,17
2308,954,94,68,56,498,6,0,18
2309,953,95,69,57,498,6,0,19
2310,954,96,68,57,498,6,0,21
2311,955,96,69,57,498,6,0,23
2312,954,97,71,57,498,6,0,25
2313,954,96,72,57,498,6,0,26
2314,955,96,71,57,498,6,0,26
2315,955,96,71,58,498,6,0,27
2316,956,98,70,58,498,6,0,26
2317,955,98,70,59,498,6,0,26
2318,955,98,71,58,498,6,0,26
2319,954,98,72,58,498,6,0,32
2320,955,99,72,58,498,6,0,33
2321,956,99,73,59,498,6,0,33
2322,956,99,72,60,498,6,0,30
2323,956,100,72,59,498,6,0,29
2324,956,101,71,58,498,6,0,30
2325,957,102,71,58,498,6,0,31
2326,957,103,71,60,498,6,0,31
2327,957,102,72,60,498,6,0,29
2328,956,102,73,60,498,6,0,30
2329,957,103,72,60,498,6,0,33
2330,957,103,74,61,498,6,0,35
2331,957,104,74,62,498,6,0,37
2148,751,101,149,52,499,9,0,81
2149,753,101,162,54,499,9,0,74
2150,768,103,161,50,499,9,0,68
2151,796,101,139,53,499,9,0,60
2152,829,101,111,52,499,9,0,57
2153,832,102,111,50,499,9,0,54
2154,841,101,107,52,499,9,0,45
2155,855,103,95,49,499,9,0,40
2156,873,103,81,50,499,9,0,34
2157,887,101,76,51,499,9,0,37
2159,978,101,101,50,500,9,0,17
2160,980,100,115,49,500,9,0,18
2161,994,101,119,48,500,9,0,17
2162,1007,101,122,48,500,9,0,18
2163,1002,99,144,51,500,9,0,19
2164,1020,100,143,50,500,9,0,22
2165,1027,100,152,49,500,9,0,25
2166,1045,100,152,49,500,9,0,27
2167,1064,100,150,49,500,9,0,28
2168,1080,100,151,50,500,9,0,32
2169,1096,100,150,49,500,9,0,36
2170,1116,99,147,48,500,9,0,42
2171,1130,99,149,50,500,9,0,40
2172,1148,98,149,50,500,9,0,40
2173,1165,100,143,49,500,9,0,40
2174,1183,98,134,51,500,9,0,44
2175,1198,99,151,49,500,9,0,44
2176,1220,103,153,44,500,9,0,44
2177,1234,100,95,46,500,9,0,48
2178,1293,99,81,48,500,9,0,53
2179,1289,102,85,43,500,9,0,57
2180,1299,102,76,46,500,9,0,59
2291,1067,1035,405,42,502,9,0,-1
2292,1094,1002,440,72,502,9,0,-1
2293,1092,974,505,103,502,9,0,-1
2294,1125,944,515,134,502,9,0,-1
2295,1150,916,507,162,502,9,0,-1
2296,1169,889,497,188,502,9,0,-1
2297,1186,862,492,214,502,9,0,-1
2298,1212,835,468,241,502,9,0,-1
2299,1229,815,458,262,502,9,0,-1
2300,1244,797,442,278,503,9,0,31
2301,1259,776,431,301,503,9,0,31
2302,1267,761,420,316,503,9,0,31
2303,1271,743,416,330,503,9,0,31
2304,1279,729,398,323,503,9,0,32
2305,1281,714,391,316,503,9,0,32
2306,1283,703,387,305,503,9,0,32
2307,1283,689,379,301,503,9,0,32
2308,1283,676,370,294,503,9,0,32
2309,1283,663,363,288,503,9,0,32
2310,1280,653,358,282,503,9,0,32
2311,1279,638,349,279,503,9,0,32
2312,1276,628,346,275,503,9,0,32
2313,1272,615,341,273,503,9,0,32
2314,1266,605,336,267,503,9,0,32
2315,1263,591,330,264,503,9,0,33
2316,1260,578,324,260,503,9,0,33
2317,1255,566,322,255,503,9,0,34
2318,1249,558,319,252,503,9,0,35
2319,1246,547,310,243,503,9,0,36
2320,1242,538,306,241,503,9,0,36
2321,1237,528,302,236,503,9,0,36
2322,1231,519,299,233,503,9,0,36
2323,1226,511,294,229,503,9,0,36
2324,1219,505,291,221,503,9,0,36
2325,1216,496,286,220,503,9,0,36
2326,1211,487,283,216,503,9,0,36
2327,1202,473,284,218,503,9,0,37
2328,1199,469,276,211,503,9,0,37
2329,1197,461,269,208,503,9,0,37
2330,1194,454,264,205,503,9,0,37
2331,1185,447,263,201,503,9,0,37
