frame,bbox_topleft_x,bbox_topleft_y,bbox_width,bbox_height,track_id,color,type,speed
0,2324,465,234,131,303,3,0,0
1,2325,465,234,131,303,3,0,0
2,2325,465,234,131,303,3,0,0
3,2325,465,234,131,303,3,0,0
4,2325,465,234,131,303,3,0,0
5,2325,465,234,131,303,3,0,0
6,2325,465,234,131,303,3,0,0
7,2325,465,234,131,303,3,0,0
8,2325,465,234,131,303,3,0,0
9,2325,465,234,131,303,3,0,0
10,2325,465,234,131,303,3,0,0
11,2325,465,234,131,303,3,0,0
12,2325,465,234,131,303,3,0,0
13,2325,464,234,131,303,3,0,0
14,2325,464,234,131,303,3,0,0
15,2325,464,234,131,303,3,0,0
16,2325,464,234,131,303,3,0,0
17,2325,465,234,131,303,3,0,0
18,2325,464,234,131,303,3,0,0
19,2325,464,234,131,303,3,0,0
20,2325,465,234,131,303,3,0,0
21,2325,465,234,131,303,3,0,0
22,2325,465,234,131,303,3,0,0
23,2325,465,234,131,303,3,0,0
24,2325,464,234,131,303,3,0,0
25,2325,464,234,131,303,3,0,0
26,2325,464,234,131,303,3,0,0
27,2325,464,234,131,303,3,0,0
28,2325,464,234,131,303,3,0,0
29,2325,464,234,131,303,3,0,0
30,2325,464,234,131,303,3,0,0
31,2325,464,234,131,303,3,0,0
32,2325,464,234,131,303,3,0,0
33,2325,464,233,131,303,3,0,0
34,2325,464,234,131,303,3,0,0
35,2325,464,234,131,303,3,0,0
36,2325,465,234,131,303,3,0,0
37,2325,465,234,131,303,3,0,0
38,2325,465,234,131,303,3,0,0
39,2325,465,234,131,303,3,0,0
40,2325,465,234,131,303,3,0,0
41,2325,465,234,131,303,3,0,0
42,2325,465,234,131,303,3,0,0
43,2325,465,234,131,303,3,0,0
44,2325,465,234,131,303,3,0,0
45,2325,465,234,131,303,3,0,0
46,2325,465,234,131,303,3,0,0
47,2325,464,233,131,303,3,0,0
48,2325,464,233,131,303,3,0,0
49,2325,464,233,131,303,3,0,0
50,2325,465,233,131,303,3,0,0
51,2325,465,233,131,303,3,0,0
52,2325,465,233,131,303,3,0,0
53,2325,465,233,131,303,3,0,0
54,2325,465,234,131,303,3,0,0
55,2325,465,234,131,303,3,0,0
56,2325,465,234,131,303,3,0,0
57,2325,465,234,131,303,3,0,0
58,2325,465,234,131,303,3,0,0
59,2325,465,234,131,303,3,0,0
60,2325,464,233,131,303,3,0,0
61,2325,464,233,131,303,3,0,0
62,2325,464,233,131,303,3,0,0
63,2325,464,233,131,303,3,0,0
64,2325,464,233,131,303,3,0,0
65,2326,464,233,131,303,3,0,0
66,2326,464,233,132,303,3,0,0
67,2326,464,233,131,303,3,0,0
68,2326,464,233,132,303,3,0,0
69,2326,464,233,132,303,3,0,0
70,2326,464,233,132,303,3,0,0
71,2326,464,233,132,303,3,0,0
72,2326,465,233,131,303,3,0,0
73,2326,465,233,131,303,3,0,0
74,2326,465,233,131,303,3,0,0
75,2326,465,233,131,303,3,0,0
76,2326,465,233,131,303,3,0,0
77,2326,465,233,131,303,3,0,0
78,2326,465,233,131,303,3,0,0
79,2326,465,233,131,303,3,0,0
80,2326,465,233,131,303,3,0,0
81,2326,465,233,131,303,3,0,0
82,2326,465,233,131,303,3,0,0
83,2326,465,233,131,303,3,0,0
84,2326,465,233,131,303,3,0,0
85,2326,465,233,131,303,3,0,0
86,2326,465,233,131,303,3,0,0
87,2326,465,233,131,303,3,0,0
88,2326,465,233,131,303,3,0,0
89,2326,465,233,131,303,3,0,0
90,2326,465,233,131,303,3,0,0
91,2326,465,233,131,303,3,0,0
92,2326,465,233,131,303,3,0,0
93,2326,465,233,131,303,3,0,0
94,2326,465,233,131,303,3,0,0
95,2326,465,233,131,303,3,0,0
96,2326,465,233,131,303,3,0,0
97,2326,465,233,131,303,3,0,0
98,2326,464,233,131,303,3,0,0
99,2326,465,233,131,303,3,0,0
100,2326,465,233,131,303,3,0,0
101,2326,465,233,131,303,3,0,0
102,2326,465,233,131,303,3,0,0
103,2326,465,233,131,303,3,0,0
104,2326,465,233,131,303,3,0,0
105,2326,464,233,131,303,3,0,0
106,2326,464,233,131,303,3,0,0
107,2326,464,233,131,303,3,0,0
108,2326,464,233,131,303,3,0,0
109,2326,464,233,131,303,3,0,0
110,2326,464,233,131,303,3,0,0
111,2326,464,233,131,303,3,0,0
112,2326,464,233,131,303,3,0,0
113,2326,464,233,131,303,3,0,0
114,2326,464,233,131,303,3,0,0
115,2326,464,233,131,303,3,0,0
116,2326,464,233,131,303,3,0,0
117,2326,464,233,131,303,3,0,0
118,2326,464,233,131,303,3,0,0
119,2326,464,233,131,303,3,0,0
120,2326,465,233,131,303,3,0,0
121,2326,465,233,131,303,3,0,0
122,2326,465,233,131,303,3,0,0
123,2326,465,233,131,303,3,0,0
124,2326,465,233,131,303,3,0,0
125,2326,465,233,131,303,3,0,0
126,2326,465,233,131,303,3,0,0
127,2326,465,233,131,303,3,0,0
128,2326,465,233,131,303,3,0,0
129,2326,465,233,131,303,3,0,0
130,2326,465,233,131,303,3,0,0
131,2326,465,233,131,303,3,0,0
132,2326,465,233,131,303,3,0,0
133,2326,465,233,131,303,3,0,0
134,2326,465,233,131,303,3,0,0
135,2326,465,233,131,303,3,0,0
136,2326,465,233,131,303,3,0,0
137,2326,465,233,131,303,3,0,0
138,2326,465,233,131,303,3,0,0
139,2326,465,233,131,303,3,0,0
140,2326,464,233,131,303,3,0,0
141,2326,464,233,131,303,3,0,0
142,2326,464,233,131,303,3,0,0
143,2326,464,233,131,303,3,0,0
144,2326,464,233,131,303,3,0,0
145,2326,464,233,131,303,3,0,0
146,2326,464,233,131,303,3,0,0
147,2326,464,233,131,303,3,0,0
148,2326,464,233,131,303,3,0,0
149,2326,464,233,131,303,3,0,0
150,2326,465,233,131,303,3,0,0
151,2326,464,233,131,303,3,0,0
152,2326,464,233,131,303,3,0,0
153,2326,464,233,131,303,3,0,0
154,2326,464,233,131,303,3,0,0
155,2326,464,233,131,303,3,0,0
156,2326,464,233,131,303,3,0,0
157,2326,464,233,131,303,3,0,0
158,2326,464,233,131,303,3,0,0
159,2326,464,233,131,303,3,0,0
160,2326,464,233,131,303,3,0,0
161,2326,464,233,131,303,3,0,0
162,2326,464,233,131,303,3,0,0
163,2326,464,233,131,303,3,0,0
164,2326,464,233,131,303,3,0,0
165,2326,464,233,131,303,3,0,0
166,2326,464,233,131,303,3,0,0
167,2326,464,233,131,303,3,0,0
168,2326,464,233,131,303,3,0,0
169,2326,464,233,131,303,3,0,0
170,2326,464,233,131,303,3,0,0
171,2326,464,233,131,303,3,0,0
172,2326,464,233,131,303,3,0,0
173,2326,464,233,131,303,3,0,0
174,2326,464,233,131,303,3,0,0
175,2326,464,233,131,303,3,0,0
176,2326,464,233,131,303,3,0,0
177,2326,464,233,131,303,3,0,0
178,2326,464,233,131,303,3,0,0
179,2326,464,233,131,303,3,0,0
180,2326,464,233,131,303,3,0,0
181,2326,464,233,131,303,3,0,0
182,2326,464,233,131,303,3,0,0
183,2326,464,233,131,303,3,0,0
184,2326,464,233,131,303,3,0,0
185,2326,464,233,131,303,3,0,0
186,2326,464,233,131,303,3,0,0
187,2326,464,233,131,303,3,0,0
188,2326,464,233,131,303,3,0,0
189,2326,464,233,131,303,3,0,0
190,2326,464,233,131,303,3,0,0
191,2326,464,233,131,303,3,0,0
192,2326,464,233,131,303,3,0,0
193,2326,464,233,131,303,3,0,0
194,2326,464,233,131,303,3,0,0
195,2326,464,233,131,303,3,0,0
196,2326,464,233,131,303,3,0,0
197,2326,464,233,131,303,3,0,0
198,2326,464,233,131,303,3,0,0
199,2326,464,233,131,303,3,0,0
200,2326,464,233,131,303,3,0,0
201,2326,464,233,131,303,3,0,0
202,2326,464,233,131,303,3,0,0
203,2326,464,233,131,303,3,0,0
204,2326,464,233,131,303,3,0,0
205,2326,464,233,131,303,3,0,0
206,2326,464,233,131,303,3,0,0
207,2326,465,233,131,303,3,0,0
208,2326,465,233,131,303,3,0,0
209,2326,464,233,131,303,3,0,0
210,2326,465,233,131,303,3,0,0
211,2326,465,233,131,303,3,0,0
212,2326,464,233,131,303,3,0,0
213,2326,464,233,131,303,3,0,0
214,2326,464,233,131,303,3,0,0
215,2326,464,233,131,303,3,0,0
216,2326,465,233,130,303,3,0,0
217,2326,465,233,130,303,3,0,0
218,2326,465,233,130,303,3,0,0
219,2326,465,233,130,303,3,0,0
220,2326,465,233,130,303,3,0,0
221,2326,465,233,130,303,3,0,0
222,2326,465,233,130,303,3,0,0
223,2326,465,233,130,303,3,0,0
224,2326,465,233,130,303,3,0,0
225,2326,465,233,130,303,3,0,0
226,2326,465,233,130,303,3,0,0
227,2326,465,233,130,303,3,0,0
228,2326,465,233,131,303,3,0,0
229,2326,465,233,131,303,3,0,0
230,2326,465,233,130,303,3,0,0
231,2326,465,233,130,303,3,0,0
232,2326,465,233,130,303,3,0,0
233,2326,465,233,130,303,3,0,0
234,2326,465,233,130,303,3,0,0
235,2326,465,233,130,303,3,0,0
236,2326,465,233,130,303,3,0,0
237,2326,465,233,130,303,3,0,0
238,2326,465,233,130,303,3,0,0
239,2326,465,233,130,303,3,0,0
240,2326,465,233,130,303,3,0,0
241,2326,465,233,130,303,3,0,0
242,2326,465,233,130,303,3,0,0
243,2326,465,233,130,303,3,0,0
244,2326,465,233,130,303,3,0,0
245,2326,465,233,130,303,3,0,0
246,2326,465,233,130,303,3,0,0
247,2326,465,233,130,303,3,0,0
248,2325,465,233,130,303,3,0,0
249,2325,465,233,130,303,3,0,0
250,2326,465,233,130,303,3,0,0
251,2326,465,233,130,303,3,0,0
252,2325,465,233,130,303,3,0,0
253,2325,465,233,130,303,3,0,0
254,2325,465,233,130,303,3,0,0
255,2325,465,233,130,303,3,0,0
256,2325,465,233,130,303,3,0,0
257,2326,465,233,130,303,3,0,0
258,2325,465,233,130,303,3,0,0
259,2325,465,233,130,303,3,0,0
260,2325,465,233,130,303,3,0,0
261,2325,465,233,130,303,3,0,0
262,2325,465,233,130,303,3,0,0
263,2326,465,233,130,303,3,0,0
264,2325,464,233,131,303,3,0,0
265,2325,464,233,131,303,3,0,0
266,2325,465,233,131,303,3,0,0
267,2325,465,233,131,303,3,0,0
268,2325,465,233,131,303,3,0,0
269,2325,465,233,131,303,3,0,0
270,2325,465,233,131,303,3,0,0
271,2325,465,233,131,303,3,0,0
272,2325,465,233,131,303,3,0,0
273,2325,465,233,131,303,3,0,0
274,2325,465,233,131,303,3,0,0
275,2325,465,233,131,303,3,0,0
276,2325,465,233,131,303,3,0,0
277,2325,464,233,131,303,3,0,0
278,2325,464,233,131,303,3,0,0
279,2325,464,233,131,303,3,0,0
280,2325,464,233,131,303,3,0,0
281,2325,464,233,131,303,3,0,0
282,2325,465,233,131,303,3,0,0
283,2325,465,233,131,303,3,0,0
284,2326,465,233,131,303,3,0,0
285,2326,465,233,131,303,3,0,0
286,2326,465,233,131,303,3,0,0
287,2326,465,233,131,303,3,0,0
288,2326,465,233,131,303,3,0,0
289,2326,465,233,131,303,3,0,0
290,2326,465,233,131,303,3,0,0
291,2326,465,233,131,303,3,0,0
292,2326,465,233,131,303,3,0,0
293,2326,465,233,131,303,3,0,0
294,2326,465,233,131,303,3,0,0
295,2326,465,233,131,303,3,0,0
296,2326,465,233,131,303,3,0,0
297,2326,465,233,131,303,3,0,0
298,2326,465,233,131,303,3,0,0
299,2326,465,233,131,303,3,0,0
300,2326,465,233,130,303,3,0,0
301,2326,465,233,130,303,3,0,0
302,2326,465,233,130,303,3,0,0
303,2326,465,233,130,303,3,0,0
304,2326,465,233,130,303,3,0,0
305,2326,465,233,130,303,3,0,0
306,2326,465,233,130,303,3,0,0
307,2326,465,233,130,303,3,0,0
308,2326,465,233,130,303,3,0,0
309,2326,465,233,130,303,3,0,0
310,2326,465,233,131,303,3,0,0
311,2326,465,233,131,303,3,0,0
312,2326,465,233,130,303,3,0,0
313,2326,465,233,130,303,3,0,0
314,2326,465,233,130,303,3,0,0
315,2326,465,233,130,303,3,0,0
316,2326,465,233,130,303,3,0,0
317,2326,465,233,130,303,3,0,0
318,2326,465,233,130,303,3,0,0
319,2326,465,233,130,303,3,0,0
320,2326,465,233,130,303,3,0,0
321,2326,465,233,130,303,3,0,0
322,2326,465,233,130,303,3,0,0
323,2326,465,233,130,303,3,0,0
324,2326,465,233,130,303,3,0,0
325,2326,465,233,130,303,3,0,0
326,2326,465,233,130,303,3,0,0
327,2326,465,233,130,303,3,0,0
328,2326,465,233,130,303,3,0,0
329,2326,465,233,130,303,3,0,0
330,2326,465,233,130,303,3,0,0
331,2326,465,233,130,303,3,0,0
332,2326,465,233,130,303,3,0,0
333,2326,465,233,130,303,3,0,0
334,2326,465,233,130,303,3,0,0
335,2326,465,233,130,303,3,0,0
336,2326,465,233,130,303,3,0,0
337,2326,465,233,130,303,3,0,0
338,2326,465,233,130,303,3,0,0
339,2326,465,233,130,303,3,0,0
340,2326,465,233,130,303,3,0,0
341,2326,465,233,130,303,3,0,0
342,2326,465,233,130,303,3,0,0
343,2326,465,233,130,303,3,0,0
344,2326,465,233,131,303,3,0,0
345,2326,465,233,131,303,3,0,0
346,2326,465,233,131,303,3,0,0
347,2326,465,233,131,303,3,0,0
348,2325,465,233,131,303,3,0,0
349,2325,465,233,131,303,3,0,0
350,2325,465,233,131,303,3,0,0
351,2325,465,233,131,303,3,0,0
352,2325,465,233,131,303,3,0,0
353,2325,465,233,131,303,3,0,0
354,2325,465,233,131,303,3,0,0
355,2325,465,233,131,303,3,0,0
356,2325,465,233,131,303,3,0,0
357,2325,465,233,131,303,3,0,0
358,2325,465,233,131,303,3,0,0
359,2325,465,234,131,303,3,0,0
360,2325,465,234,131,303,3,0,0
361,2325,465,234,131,303,3,0,0
362,2325,465,234,131,303,3,0,0
363,2325,465,234,131,303,3,0,0
364,2325,465,234,131,303,3,0,0
365,2325,465,234,131,303,3,0,0
366,2325,465,234,131,303,3,0,0
367,2325,465,234,131,303,3,0,0
368,2325,465,234,131,303,3,0,0
369,2325,465,234,131,303,3,0,0
370,2325,465,234,131,303,3,0,0
371,2325,465,234,131,303,3,0,0
372,2325,465,233,131,303,3,0,0
373,2325,465,233,131,303,3,0,0
374,2325,465,233,131,303,3,0,0
375,2325,465,233,131,303,3,0,0
376,2325,465,233,131,303,3,0,0
377,2325,465,233,131,303,3,0,0
378,2325,465,233,131,303,3,0,0
379,2325,465,233,131,303,3,0,0
380,2325,465,233,131,303,3,0,0
381,2325,465,233,131,303,3,0,0
382,2325,465,233,131,303,3,0,0
383,2325,465,233,131,303,3,0,0
384,2325,465,233,131,303,3,0,0
385,2325,465,233,131,303,3,0,0
386,2325,465,233,131,303,3,0,0
387,2325,465,233,131,303,3,0,0
388,2325,465,233,131,303,3,0,0
389,2325,465,233,131,303,3,0,0
390,2325,465,233,130,303,3,0,0
391,2325,465,233,130,303,3,0,0
392,2325,465,233,130,303,3,0,0
393,2325,465,233,130,303,3,0,0
394,2325,465,234,130,303,3,0,0
395,2325,465,233,130,303,3,0,0
396,2325,465,233,130,303,3,0,0
397,2325,465,233,130,303,3,0,0
398,2325,465,233,130,303,3,0,0
399,2325,465,233,130,303,3,0,0
400,2325,465,233,130,303,3,0,0
401,2325,465,233,130,303,3,0,0
402,2325,465,233,130,303,3,0,0
403,2325,465,233,130,303,3,0,0
404,2325,465,233,130,303,3,0,0
405,2325,465,233,130,303,3,0,0
406,2325,465,233,130,303,3,0,0
407,2325,465,233,130,303,3,0,0
408,2325,465,233,130,303,3,0,0
409,2325,465,233,130,303,3,0,0
410,2325,465,233,130,303,3,0,0
411,2325,464,233,130,303,3,0,0
412,2326,465,233,130,303,3,0,0
413,2325,464,233,130,303,3,0,0
414,2326,464,233,132,303,3,0,0
415,2326,464,233,132,303,3,0,0
416,2326,464,233,132,303,3,0,0
417,2326,464,233,132,303,3,0,0
418,2326,464,233,132,303,3,0,0
419,2326,464,233,132,303,3,0,0
420,2326,464,233,132,303,3,0,0
421,2326,464,233,132,303,3,0,0
422,2326,464,233,132,303,3,0,0
423,2326,464,233,132,303,3,0,0
424,2326,464,233,132,303,3,0,0
425,2326,464,233,132,303,3,0,0
426,2326,464,233,132,303,3,0,0
427,2326,464,233,132,303,3,0,0
428,2326,464,233,132,303,3,0,0
429,2326,464,233,132,303,3,0,0
430,2326,464,233,132,303,3,0,0
431,2326,464,233,132,303,3,0,0
432,2326,464,233,132,303,3,0,0
433,2326,464,233,132,303,3,0,0
434,2325,465,233,131,303,3,0,0
435,2325,465,233,131,303,3,0,0
436,2325,465,233,131,303,3,0,0
437,2325,465,233,131,303,3,0,0
438,2325,465,233,131,303,3,0,0
439,2325,465,233,131,303,3,0,0
440,2325,465,233,131,303,3,0,0
441,2325,465,233,131,303,3,0,0
442,2325,465,233,131,303,3,0,0
443,2325,465,233,131,303,3,0,0
444,2326,465,233,131,303,3,0,0
445,2326,465,233,131,303,3,0,0
446,2326,465,233,131,303,3,0,0
447,2326,465,233,131,303,3,0,0
448,2326,465,233,131,303,3,0,0
449,2326,465,233,131,303,3,0,0
450,2326,465,233,131,303,3,0,0
451,2326,465,233,131,303,3,0,0
452,2326,465,233,131,303,3,0,0
453,2326,465,233,131,303,3,0,0
454,2326,465,233,131,303,3,0,0
455,2325,465,233,131,303,3,0,0
456,2326,465,233,131,303,3,0,0
457,2326,465,233,131,303,3,0,0
458,2326,465,233,131,303,3,0,0
459,2326,465,233,131,303,3,0,0
460,2326,465,233,131,303,3,0,0
461,2326,465,233,131,303,3,0,0
462,2326,465,233,131,303,3,0,0
463,2326,465,233,131,303,3,0,0
464,2326,465,233,131,303,3,0,0
465,2326,465,233,131,303,3,0,0
466,2326,465,233,131,303,3,0,0
467,2326,465,233,131,303,3,0,0
468,2326,465,233,131,303,3,0,0
469,2326,465,233,131,303,3,0,0
470,2326,465,233,131,303,3,0,0
471,2326,465,233,131,303,3,0,0
472,2326,465,233,131,303,3,0,0
473,2326,465,233,131,303,3,0,0
474,2326,465,233,131,303,3,0,0
475,2326,465,233,131,303,3,0,0
476,2326,465,233,131,303,3,0,0
477,2326,465,233,131,303,3,0,0
478,2326,465,233,131,303,3,0,0
479,2326,465,233,131,303,3,0,0
480,2326,465,233,131,303,3,0,0
481,2326,465,233,131,303,3,0,0
482,2326,465,233,131,303,3,0,0
483,2326,465,233,131,303,3,0,0
484,2326,465,233,131,303,3,0,0
485,2326,465,233,131,303,3,0,0
486,2326,465,233,131,303,3,0,0
487,2326,465,233,131,303,3,0,0
488,2326,465,233,131,303,3,0,0
489,2326,465,233,131,303,3,0,0
490,2326,465,233,131,303,3,0,0
491,2326,465,233,131,303,3,0,0
492,2326,465,233,130,303,3,0,0
493,2326,465,233,130,303,3,0,0
494,2326,465,233,130,303,3,0,0
495,2326,465,233,130,303,3,0,0
496,2326,465,233,130,303,3,0,0
497,2326,465,233,130,303,3,0,0
498,2326,465,233,130,303,3,0,0
499,2326,465,233,130,303,3,0,0
500,2326,465,233,130,303,3,0,0
501,2326,465,233,130,303,3,0,0
502,2326,465,233,130,303,3,0,0
503,2326,465,233,130,303,3,0,0
504,2326,465,233,131,303,3,0,0
505,2326,465,233,131,303,3,0,0
506,2326,465,233,131,303,3,0,0
507,2326,465,233,131,303,3,0,0
508,2326,465,233,131,303,3,0,0
509,2326,465,233,131,303,3,0,0
510,2326,465,233,131,303,3,0,0
511,2326,465,233,130,303,3,0,0
512,2326,465,233,131,303,3,0,0
513,2326,465,233,131,303,3,0,0
514,2326,465,233,131,303,3,0,0
515,2326,465,233,131,303,3,0,0
516,2326,465,233,131,303,3,0,0
517,2326,465,233,130,303,3,0,0
518,2326,465,233,131,303,3,0,0
519,2326,465,233,131,303,3,0,0
520,2326,465,233,131,303,3,0,0
521,2326,465,233,131,303,3,0,0
522,2326,465,233,131,303,3,0,0
523,2326,465,233,131,303,3,0,0
524,2326,465,233,131,303,3,0,0
525,2326,465,233,131,303,3,0,0
526,2326,465,233,131,303,3,0,0
527,2326,465,233,131,303,3,0,0
528,2326,465,233,131,303,3,0,0
529,2326,465,233,131,303,3,0,0
530,2326,465,233,131,303,3,0,0
531,2326,465,233,131,303,3,0,0
532,2326,465,233,131,303,3,0,0
533,2326,465,233,131,303,3,0,0
534,2326,465,233,131,303,3,0,0
535,2326,465,233,131,303,3,0,0
536,2326,465,233,131,303,3,0,0
537,2326,465,233,131,303,3,0,0
538,2326,465,233,131,303,3,0,0
539,2326,465,232,131,303,3,0,0
540,2326,465,233,131,303,3,0,0
541,2326,465,233,131,303,3,0,0
542,2326,465,233,130,303,3,0,0
543,2326,465,233,131,303,3,0,0
544,2326,465,233,131,303,3,0,0
545,2326,465,233,130,303,3,0,0
546,2326,465,233,130,303,3,0,0
547,2326,465,233,131,303,3,0,0
548,2326,465,233,130,303,3,0,0
549,2326,465,233,130,303,3,0,0
550,2326,465,232,131,303,3,0,0
551,2326,465,232,131,303,3,0,0
552,2326,465,232,131,303,3,0,0
553,2326,465,232,131,303,3,0,0
554,2326,465,232,131,303,3,0,0
555,2326,465,232,131,303,3,0,0
556,2326,465,232,131,303,3,0,0
557,2326,465,233,131,303,3,0,0
558,2326,465,232,131,303,3,0,0
559,2326,465,232,131,303,3,0,0
560,2326,465,233,131,303,3,0,0
561,2326,465,233,131,303,3,0,0
562,2326,465,232,131,303,3,0,0
563,2326,465,232,131,303,3,0,0
564,2326,465,233,131,303,3,0,0
565,2326,465,233,131,303,3,0,0
566,2326,465,233,131,303,3,0,0
567,2326,465,233,131,303,3,0,0
568,2326,465,233,131,303,3,0,0
569,2326,465,233,131,303,3,0,0
570,2326,465,233,131,303,3,0,0
571,2326,465,233,131,303,3,0,0
572,2326,465,233,131,303,3,0,0
573,2326,465,233,131,303,3,0,0
574,2326,465,233,131,303,3,0,0
575,2326,465,233,131,303,3,0,0
576,2326,465,233,131,303,3,0,0
577,2326,465,233,131,303,3,0,0
578,2326,465,233,131,303,3,0,0
579,2326,465,233,131,303,3,0,0
580,2326,465,233,131,303,3,0,0
581,2326,465,233,131,303,3,0,0
582,2326,465,233,131,303,3,0,0
583,2326,464,233,131,303,3,0,0
584,2326,464,233,131,303,3,0,0
585,2326,464,233,131,303,3,0,0
586,2326,464,233,131,303,3,0,0
587,2326,464,233,131,303,3,0,0
588,2326,465,233,131,303,3,0,0
589,2326,465,233,131,303,3,0,0
590,2326,465,233,131,303,3,0,0
591,2326,465,233,131,303,3,0,0
592,2326,465,233,131,303,3,0,0
593,2326,465,233,131,303,3,0,0
594,2326,465,233,131,303,3,0,0
595,2326,465,233,131,303,3,0,0
596,2326,465,233,131,303,3,0,0
597,2326,465,233,131,303,3,0,0
598,2326,464,233,131,303,3,0,0
599,2326,464,233,131,303,3,0,0
600,2326,464,233,131,303,3,0,0
601,2326,464,233,131,303,3,0,0
602,2326,464,233,131,303,3,0,0
603,2326,464,233,131,303,3,0,0
604,2326,464,233,131,303,3,0,0
605,2325,464,233,131,303,3,0,0
606,2325,464,233,131,303,3,0,0
607,2326,464,233,131,303,3,0,0
608,2325,464,233,131,303,3,0,0
609,2325,464,233,131,303,3,0,0
610,2325,464,233,131,303,3,0,0
611,2325,464,233,131,303,3,0,0
612,2326,465,233,131,303,3,0,0
613,2326,465,233,131,303,3,0,0
614,2326,465,233,131,303,3,0,0
615,2326,465,233,131,303,3,0,0
616,2326,465,233,131,303,3,0,0
617,2326,465,233,131,303,3,0,0
618,2326,465,233,131,303,3,0,0
619,2326,465,233,131,303,3,0,0
620,2326,465,233,131,303,3,0,0
621,2326,465,233,131,303,3,0,0
622,2326,465,233,131,303,3,0,0
623,2326,465,233,131,303,3,0,0
624,2326,465,233,131,303,3,0,0
625,2326,465,233,131,303,3,0,0
626,2326,465,233,131,303,3,0,0
627,2326,465,233,131,303,3,0,0
628,2326,465,233,131,303,3,0,0
629,2326,465,233,131,303,3,0,0
630,2326,465,233,131,303,3,0,0
631,2326,465,233,131,303,3,0,0
632,2326,465,233,131,303,3,0,0
633,2326,465,233,131,303,3,0,0
634,2326,465,233,131,303,3,0,0
635,2326,465,233,131,303,3,0,0
636,2326,465,233,131,303,3,0,0
637,2325,465,233,131,303,3,0,0
638,2326,465,233,131,303,3,0,0
639,2326,465,233,131,303,3,0,0
640,2326,465,233,131,303,3,0,0
641,2326,465,233,131,303,3,0,0
642,2326,465,233,131,303,3,0,0
643,2326,465,233,131,303,3,0,0
644,2326,465,233,131,303,3,0,0
645,2326,465,233,131,303,3,0,0
646,2326,465,233,131,303,3,0,0
647,2326,465,233,131,303,3,0,0
648,2326,465,233,131,303,3,0,0
649,2326,465,233,131,303,3,0,0
650,2326,465,233,131,303,3,0,0
651,2326,465,233,131,303,3,0,0
652,2326,465,233,131,303,3,0,0
653,2325,465,233,131,303,3,0,0
654,2325,465,233,131,303,3,0,0
655,2325,465,233,131,303,3,0,0
656,2325,465,233,131,303,3,0,0
657,2325,465,233,131,303,3,0,0
658,2325,465,234,131,303,3,0,0
659,2325,465,234,131,303,3,0,0
660,2325,465,233,131,303,3,0,0
661,2325,465,233,131,303,3,0,0
662,2325,465,233,131,303,3,0,0
663,2324,464,235,132,303,3,0,0
664,2324,464,235,132,303,3,0,0
665,2324,464,235,132,303,3,0,0
666,2324,464,235,132,303,3,0,0
667,2324,464,235,132,303,3,0,0
668,2324,464,235,132,303,3,0,0
669,2324,464,235,132,303,3,0,0
670,2324,464,235,132,303,3,0,0
671,2324,464,235,132,303,3,0,0
672,2325,465,233,131,303,3,0,0
673,2325,465,234,131,303,3,0,0
674,2325,465,234,131,303,3,0,0
675,2325,465,234,131,303,3,0,0
676,2325,465,234,131,303,3,0,0
677,2325,465,234,131,303,3,0,0
678,2325,465,234,131,303,3,0,0
679,2325,465,234,131,303,3,0,0
680,2325,465,233,131,303,3,0,0
681,2325,465,234,131,303,3,0,0
682,2325,465,233,131,303,3,0,0
683,2325,465,234,131,303,3,0,0
684,2325,465,234,131,303,3,0,0
685,2325,465,234,131,303,3,0,0
686,2325,465,234,131,303,3,0,0
687,2325,465,234,131,303,3,0,0
688,2325,465,234,131,303,3,0,0
689,2325,465,234,131,303,3,0,0
690,2325,465,234,131,303,3,0,0
691,2325,465,234,131,303,3,0,0
692,2325,465,234,131,303,3,0,0
693,2325,465,234,131,303,3,0,0
694,2325,465,234,131,303,3,0,0
695,2325,465,234,131,303,3,0,0
696,2325,465,233,130,303,3,0,0
697,2325,465,233,130,303,3,0,0
698,2325,465,233,130,303,3,0,0
699,2325,465,233,130,303,3,0,0
700,2325,465,233,130,303,3,0,0
701,2325,465,233,130,303,3,0,0
702,2325,465,233,130,303,3,0,0
703,2325,465,233,130,303,3,0,0
704,2325,465,234,131,303,3,0,0
705,2325,465,234,131,303,3,0,0
706,2325,465,234,131,303,3,0,0
707,2325,465,233,131,303,3,0,0
708,2325,465,234,131,303,3,0,0
709,2325,465,234,131,303,3,0,0
710,2325,465,234,131,303,3,0,0
711,2325,465,234,131,303,3,0,0
712,2325,465,234,131,303,3,0,0
713,2325,465,234,131,303,3,0,0
714,2325,465,234,131,303,3,0,0
715,2325,465,234,131,303,3,0,0
716,2326,465,233,131,303,3,0,0
717,2326,465,233,131,303,3,0,0
718,2326,465,233,131,303,3,0,0
719,2326,465,233,131,303,3,0,0
720,2326,465,233,130,303,3,0,0
721,2326,465,233,130,303,3,0,0
722,2326,465,233,130,303,3,0,0
723,2326,465,233,130,303,3,0,0
724,2326,465,233,130,303,3,0,0
725,2326,465,233,131,303,3,0,0
726,2326,465,233,130,303,3,0,0
727,2326,465,233,130,303,3,0,0
728,2326,465,233,130,303,3,0,0
729,2326,465,233,131,303,3,0,0
730,2326,465,233,131,303,3,0,0
731,2326,465,233,130,303,3,0,0
732,2326,465,233,130,303,3,0,0
733,2326,465,233,130,303,3,0,0
734,2326,465,233,130,303,3,0,0
735,2326,465,233,130,303,3,0,0
736,2325,465,233,131,303,3,0,0
737,2325,465,233,131,303,3,0,0
738,2325,465,233,131,303,3,0,0
739,2325,465,233,131,303,3,0,0
740,2325,465,233,131,303,3,0,0
741,2325,465,233,131,303,3,0,0
742,2325,465,233,131,303,3,0,0
743,2325,465,233,131,303,3,0,0
744,2325,465,233,131,303,3,0,0
745,2325,465,233,131,303,3,0,0
746,2325,464,233,131,303,3,0,0
747,2325,464,233,131,303,3,0,0
748,2325,464,233,131,303,3,0,0
749,2325,464,234,131,303,3,0,0
750,2326,464,233,132,303,3,0,0
751,2326,464,233,132,303,3,0,0
752,2326,464,233,132,303,3,0,0
753,2326,464,233,132,303,3,0,0
754,2326,464,233,132,303,3,0,0
755,2326,464,233,132,303,3,0,0
756,2325,464,234,131,303,3,0,0
757,2325,464,234,131,303,3,0,0
758,2325,464,234,131,303,3,0,0
759,2325,464,234,131,303,3,0,0
760,2325,464,234,131,303,3,0,0
761,2325,464,234,131,303,3,0,0
762,2325,464,234,132,303,3,0,0
763,2325,464,234,131,303,3,0,0
764,2325,464,234,131,303,3,0,0
765,2325,464,234,132,303,3,0,0
766,2325,463,233,132,303,3,0,0
767,2325,464,233,132,303,3,0,0
768,2325,464,233,131,303,3,0,0
769,2325,464,233,131,303,3,0,0
770,2325,464,233,132,303,3,0,0
771,2325,464,233,132,303,3,0,0
772,2325,464,233,131,303,3,0,0
773,2325,464,233,131,303,3,0,0
774,2325,464,233,131,303,3,0,0
775,2325,464,233,131,303,3,0,0
776,2325,464,233,131,303,3,0,0
777,2325,465,233,131,303,3,0,0
778,2325,464,233,131,303,3,0,0
779,2325,464,233,131,303,3,0,0
780,2325,465,234,131,303,3,0,0
781,2325,465,234,131,303,3,0,0
782,2325,465,234,131,303,3,0,0
783,2325,465,234,131,303,3,0,0
784,2325,465,234,131,303,3,0,0
785,2325,465,233,131,303,3,0,0
786,2325,465,234,131,303,3,0,0
787,2325,465,234,131,303,3,0,0
788,2325,465,234,131,303,3,0,0
789,2325,464,234,131,303,3,0,0
790,2325,464,234,131,303,3,0,0
791,2325,464,234,131,303,3,0,0
792,2325,464,234,132,303,3,0,0
793,2325,464,234,132,303,3,0,0
794,2325,464,234,132,303,3,0,0
795,2325,464,234,132,303,3,0,0
796,2325,464,234,132,303,3,0,0
797,2325,464,234,132,303,3,0,0
798,2325,464,234,132,303,3,0,0
799,2325,464,234,131,303,3,0,0
800,2325,464,234,132,303,3,0,0
801,2325,464,234,132,303,3,0,0
802,2325,464,234,132,303,3,0,0
803,2325,464,234,132,303,3,0,0
804,2325,464,234,131,303,3,0,0
805,2325,464,234,131,303,3,0,0
806,2325,464,234,131,303,3,0,0
807,2325,464,234,131,303,3,0,0
808,2325,464,234,131,303,3,0,0
809,2325,464,234,131,303,3,0,0
810,2325,464,234,132,303,3,0,0
811,2325,464,234,132,303,3,0,0
812,2325,464,234,132,303,3,0,0
813,2325,464,234,132,303,3,0,0
814,2325,464,234,132,303,3,0,0
815,2325,464,234,132,303,3,0,0
816,2325,464,234,131,303,3,0,0
817,2325,464,234,131,303,3,0,0
818,2325,464,234,131,303,3,0,0
819,2325,464,234,131,303,3,0,0
820,2325,464,234,131,303,3,0,0
821,2325,464,234,131,303,3,0,0
822,2325,464,234,131,303,3,0,0
823,2325,464,234,131,303,3,0,0
824,2325,465,234,131,303,3,0,0
825,2325,465,234,131,303,3,0,0
826,2325,464,234,131,303,3,0,0
827,2325,464,234,131,303,3,0,0
828,2325,465,234,131,303,3,0,0
829,2325,465,234,131,303,3,0,0
830,2325,465,234,131,303,3,0,0
831,2325,465,234,131,303,3,0,0
832,2325,465,234,131,303,3,0,0
833,2325,465,234,131,303,3,0,0
834,2325,465,234,131,303,3,0,0
835,2325,465,234,131,303,3,0,0
836,2325,464,234,131,303,3,0,0
837,2325,464,234,131,303,3,0,0
838,2325,464,234,131,303,3,0,0
839,2325,464,234,131,303,3,0,0
840,2325,465,233,131,303,3,0,0
841,2325,465,233,131,303,3,0,0
842,2325,465,233,131,303,3,0,0
843,2325,465,233,131,303,3,0,0
844,2325,465,233,131,303,3,0,0
845,2325,465,233,131,303,3,0,0
846,2325,465,233,131,303,3,0,0
847,2325,465,234,131,303,3,0,0
848,2325,465,234,131,303,3,0,0
849,2325,465,234,131,303,3,0,0
850,2325,465,234,131,303,3,0,0
851,2325,465,234,131,303,3,0,0
852,2325,465,234,130,303,3,0,0
853,2325,465,233,130,303,3,0,0
854,2325,465,233,130,303,3,0,0
855,2325,465,233,130,303,3,0,0
856,2325,465,233,130,303,3,0,0
857,2326,465,233,131,303,3,0,0
858,2326,465,233,131,303,3,0,0
859,2326,465,233,131,303,3,0,0
860,2326,465,233,130,303,3,0,0
861,2326,465,233,130,303,3,0,0
862,2326,465,233,130,303,3,0,0
863,2326,465,233,130,303,3,0,0
864,2325,465,233,129,303,3,0,0
865,2325,465,234,129,303,3,0,0
866,2326,465,233,127,303,3,0,0
867,2326,465,233,129,303,3,0,0
868,2326,465,233,130,303,3,0,0
869,2327,465,231,129,303,3,0,0
870,2326,465,233,130,303,3,0,0
871,2326,466,232,129,303,3,0,0
872,2325,464,234,130,303,3,0,0
873,2325,464,232,128,303,3,0,0
874,2325,465,221,127,303,3,0,0
875,2325,465,224,128,303,3,0,0
876,2324,465,234,130,303,3,0,0
877,2325,464,234,130,303,3,0,0
878,2325,464,234,131,303,3,0,0
879,2325,464,234,131,303,3,0,0
880,2325,464,234,131,303,3,0,0
881,2325,464,234,131,303,3,0,0
882,2325,464,234,131,303,3,0,0
883,2325,464,234,131,303,3,0,0
884,2325,464,234,131,303,3,0,0
885,2325,464,234,131,303,3,0,0
886,2325,464,234,131,303,3,0,0
887,2325,464,234,131,303,3,0,0
888,2325,465,234,131,303,3,0,0
889,2325,465,234,131,303,3,0,0
890,2325,465,234,131,303,3,0,0
891,2325,465,234,131,303,3,0,0
892,2325,465,234,131,303,3,0,0
893,2325,465,234,131,303,3,0,0
894,2325,465,234,131,303,3,0,0
895,2325,465,234,131,303,3,0,0
896,2325,465,234,131,303,3,0,0
897,2325,465,234,131,303,3,0,0
898,2325,465,234,131,303,3,0,0
899,2325,465,234,131,303,3,0,0
900,2325,464,234,131,303,3,0,0
901,2325,464,234,131,303,3,0,0
902,2325,464,234,131,303,3,0,0
903,2325,464,234,131,303,3,0,0
904,2325,464,234,131,303,3,0,0
905,2325,464,234,131,303,3,0,0
906,2325,464,234,131,303,3,0,0
907,2325,464,234,131,303,3,0,0
908,2325,464,234,131,303,3,0,0
909,2325,464,234,131,303,3,0,0
910,2325,464,234,131,303,3,0,0
911,2325,464,234,131,303,3,0,0
912,2325,464,233,131,303,3,0,0
913,2325,464,233,131,303,3,0,0
914,2325,464,233,131,303,3,0,0
915,2325,464,233,131,303,3,0,0
916,2325,464,233,131,303,3,0,0
917,2325,464,233,131,303,3,0,0
918,2325,464,233,131,303,3,0,0
919,2325,464,233,131,303,3,0,0
920,2325,464,233,131,303,3,0,0
921,2325,464,233,131,303,3,0,0
922,2325,464,233,131,303,3,0,0
923,2325,464,233,131,303,3,0,0
924,2325,465,234,131,303,3,0,0
925,2325,465,234,131,303,3,0,0
926,2325,465,233,131,303,3,0,0
927,2325,465,233,131,303,3,0,0
928,2325,465,233,131,303,3,0,0
929,2325,465,233,131,303,3,0,0
930,2325,465,233,131,303,3,0,0
931,2325,465,233,131,303,3,0,0
932,2325,465,233,131,303,3,0,0
933,2325,465,233,131,303,3,0,0
934,2325,465,233,130,303,3,0,0
935,2325,465,233,130,303,3,0,0
936,2325,465,233,131,303,3,0,0
937,2325,465,234,131,303,3,0,0
938,2325,464,234,131,303,3,0,0
939,2325,465,234,131,303,3,0,0
940,2325,464,234,131,303,3,0,0
941,2325,464,234,131,303,3,0,0
942,2325,464,234,131,303,3,0,0
943,2325,465,234,131,303,3,0,0
944,2325,465,234,131,303,3,0,0
945,2325,465,234,131,303,3,0,0
946,2325,465,234,131,303,3,0,0
947,2325,465,234,131,303,3,0,0
948,2325,465,233,131,303,3,0,0
949,2325,464,233,131,303,3,0,0
950,2325,464,233,131,303,3,0,0
951,2325,464,233,131,303,3,0,0
952,2325,464,234,131,303,3,0,0
953,2325,464,234,131,303,3,0,0
954,2325,464,233,131,303,3,0,0
955,2325,464,233,131,303,3,0,0
956,2325,463,233,132,303,3,0,0
957,2325,464,233,131,303,3,0,0
958,2325,464,233,131,303,3,0,0
959,2325,464,233,131,303,3,0,0
960,2325,464,233,131,303,3,0,0
961,2325,465,233,131,303,3,0,0
962,2325,464,234,131,303,3,0,0
963,2325,464,234,131,303,3,0,0
964,2325,464,233,131,303,3,0,0
965,2325,464,233,131,303,3,0,0
966,2326,464,233,131,303,3,0,0
967,2325,465,233,131,303,3,0,0
968,2326,465,233,131,303,3,0,0
969,2325,464,233,132,303,3,0,0
970,2326,464,233,131,303,3,0,0
971,2326,464,233,131,303,3,0,0
972,2325,463,234,132,303,3,0,0
973,2325,463,234,133,303,3,0,0
974,2325,463,233,132,303,3,0,0
975,2326,464,233,132,303,3,0,0
976,2326,464,233,132,303,3,0,0
977,2326,464,233,132,303,3,0,0
978,2326,464,233,132,303,3,0,0
979,2326,464,233,132,303,3,0,0
980,2326,463,233,132,303,3,0,0
981,2325,463,233,132,303,3,0,0
982,2325,463,233,132,303,3,0,0
983,2325,463,233,132,303,3,0,0
984,2325,464,234,132,303,3,0,0
985,2325,464,234,132,303,3,0,0
986,2325,464,234,132,303,3,0,0
987,2325,464,234,132,303,3,0,0
988,2325,464,234,132,303,3,0,0
989,2325,464,234,132,303,3,0,0
990,2325,464,234,132,303,3,0,0
991,2325,464,234,132,303,3,0,0
992,2325,464,234,132,303,3,0,0
993,2325,464,234,132,303,3,0,0
994,2326,464,233,131,303,3,0,0
995,2326,464,233,131,303,3,0,0
996,2326,464,233,132,303,3,0,0
997,2325,464,233,132,303,3,0,0
998,2325,464,233,132,303,3,0,0
999,2325,464,233,132,303,3,0,0
1000,2326,464,233,131,303,3,0,0
1001,2326,464,233,131,303,3,0,0
1002,2326,464,233,131,303,3,0,0
1003,2326,464,233,131,303,3,0,0
1004,2325,464,233,131,303,3,0,0
1005,2325,465,233,131,303,3,0,0
1006,2325,465,233,131,303,3,0,0
1007,2325,464,233,131,303,3,0,0
1008,2325,465,234,131,303,3,0,0
1009,2325,465,234,131,303,3,0,0
1010,2325,465,234,131,303,3,0,0
1011,2325,465,234,131,303,3,0,0
1012,2325,465,234,131,303,3,0,0
1013,2325,465,234,131,303,3,0,0
1014,2325,465,234,131,303,3,0,0
1015,2325,465,234,131,303,3,0,0
1016,2325,465,234,131,303,3,0,0
1017,2325,465,234,130,303,3,0,0
1018,2325,465,234,130,303,3,0,0
1019,2325,465,234,130,303,3,0,0
1020,2325,465,234,130,303,3,0,0
1021,2325,465,234,130,303,3,0,0
1022,2325,465,234,130,303,3,0,0
1023,2325,465,234,130,303,3,0,0
1024,2325,465,234,130,303,3,0,0
1025,2325,465,234,131,303,3,0,0
1026,2325,465,234,131,303,3,0,0
1027,2325,465,234,131,303,3,0,0
1028,2325,465,234,131,303,3,0,0
1029,2325,465,234,131,303,3,0,0
1030,2325,465,234,131,303,3,0,0
1031,2325,465,234,131,303,3,0,0
1032,2325,465,234,131,303,3,0,0
1033,2325,465,234,131,303,3,0,0
1034,2325,465,234,131,303,3,0,0
1035,2325,465,234,131,303,3,0,0
1036,2325,465,234,131,303,3,0,0
1037,2325,465,234,131,303,3,0,0
1038,2325,465,234,131,303,3,0,0
1039,2325,465,234,131,303,3,0,0
1040,2325,465,234,131,303,3,0,0
1041,2325,465,234,131,303,3,0,0
1042,2325,465,234,131,303,3,0,0
1043,2325,465,234,131,303,3,0,0
1044,2325,465,234,131,303,3,0,0
1045,2325,465,234,131,303,3,0,0
1046,2325,465,234,131,303,3,0,0
1047,2325,465,234,131,303,3,0,0
1048,2325,465,234,131,303,3,0,0
1049,2325,465,234,131,303,3,0,0
1050,2325,465,234,131,303,3,0,0
1051,2325,465,234,131,303,3,0,0
1052,2325,465,234,131,303,3,0,0
1053,2325,465,234,131,303,3,0,0
1054,2325,465,234,131,303,3,0,0
1055,2325,465,234,131,303,3,0,0
1056,2325,465,234,131,303,3,0,0
1057,2325,465,234,131,303,3,0,0
1058,2325,465,234,131,303,3,0,0
1059,2325,465,234,131,303,3,0,0
1060,2325,465,234,131,303,3,0,0
1061,2325,465,234,131,303,3,0,0
1062,2325,465,234,131,303,3,0,0
1063,2325,465,234,131,303,3,0,0
1064,2325,464,234,131,303,3,0,0
1065,2325,464,234,131,303,3,0,0
1066,2325,464,234,131,303,3,0,0
1067,2325,464,234,131,303,3,0,0
1068,2325,465,234,131,303,3,0,0
1069,2325,465,234,131,303,3,0,0
1070,2325,465,234,131,303,3,0,0
1071,2325,465,234,131,303,3,0,0
1072,2325,465,234,131,303,3,0,0
1073,2325,465,234,131,303,3,0,0
1074,2326,464,233,131,303,3,0,0
1075,2326,464,233,131,303,3,0,0
1076,2326,464,233,131,303,3,0,0
1077,2326,464,233,131,303,3,0,0
1078,2326,464,233,131,303,3,0,0
1079,2326,464,233,131,303,3,0,0
1080,2325,464,233,132,303,3,0,0
1081,2325,465,233,132,303,3,0,0
1082,2325,465,233,132,303,3,0,0
1083,2325,464,233,131,303,3,0,0
1084,2325,464,233,131,303,3,0,0
1085,2325,464,233,131,303,3,0,0
1086,2325,464,234,131,303,3,0,0
1087,2325,464,234,131,303,3,0,0
1088,2325,464,234,131,303,3,0,0
1089,2325,464,234,131,303,3,0,0
1090,2325,464,234,132,303,3,0,0
1091,2325,464,234,131,303,3,0,0
1092,2325,465,234,131,303,3,0,0
1093,2325,465,234,131,303,3,0,0
1094,2325,465,234,131,303,3,0,0
1095,2325,465,234,131,303,3,0,0
1096,2325,464,234,131,303,3,0,0
1097,2325,465,234,131,303,3,0,0
1098,2325,464,234,131,303,3,0,0
1099,2325,464,234,131,303,3,0,0
1100,2325,465,233,131,303,3,0,0
1101,2325,464,233,131,303,3,0,0
1102,2325,465,233,131,303,3,0,0
1103,2325,464,233,131,303,3,0,0
1104,2325,465,233,131,303,3,0,0
1105,2325,465,233,131,303,3,0,0
1106,2325,465,234,131,303,3,0,0
1107,2325,465,234,131,303,3,0,0
1108,2325,465,234,131,303,3,0,0
1109,2325,465,234,131,303,3,0,0
1110,2325,465,234,131,303,3,0,0
1111,2325,465,234,131,303,3,0,0
1112,2325,465,234,131,303,3,0,0
1113,2325,465,234,131,303,3,0,0
1114,2325,465,234,131,303,3,0,0
1115,2325,465,234,131,303,3,0,0
1116,2325,464,234,131,303,3,0,0
1117,2325,464,234,131,303,3,0,0
1118,2325,464,234,131,303,3,0,0
1119,2325,464,234,131,303,3,0,0
1120,2325,465,234,131,303,3,0,0
1121,2325,465,234,131,303,3,0,0
1122,2325,465,234,131,303,3,0,0
1123,2325,465,234,131,303,3,0,0
1124,2325,465,234,131,303,3,0,0
1125,2325,465,234,131,303,3,0,0
1126,2325,465,234,131,303,3,0,0
1127,2325,464,234,131,303,3,0,0
1128,2325,464,234,131,303,3,0,0
1129,2324,465,234,131,303,3,0,0
1130,2324,465,234,131,303,3,0,0
1131,2324,465,234,131,303,3,0,0
1132,2324,465,234,131,303,3,0,0
1133,2324,465,234,131,303,3,0,0
1134,2324,465,234,131,303,3,0,0
1135,2325,464,234,131,303,3,0,0
1136,2325,465,233,131,303,3,0,0
1137,2325,465,233,131,303,3,0,0
1138,2325,465,233,131,303,3,0,0
1139,2325,465,233,131,303,3,0,0
1140,2325,464,233,131,303,3,0,0
1141,2325,464,233,131,303,3,0,0
1142,2325,464,233,131,303,3,0,0
1143,2325,464,233,131,303,3,0,0
1144,2325,464,233,131,303,3,0,0
1145,2325,464,233,131,303,3,0,0
1146,2326,464,233,131,303,3,0,0
1147,2326,464,233,131,303,3,0,0
1148,2326,464,233,131,303,3,0,0
1149,2326,464,233,131,303,3,0,0
1150,2326,464,233,131,303,3,0,0
1151,2326,464,233,131,303,3,0,0
1152,2326,464,233,131,303,3,0,0
1153,2326,465,233,131,303,3,0,0
1154,2326,465,233,131,303,3,0,0
1155,2326,465,233,131,303,3,0,0
1156,2325,465,233,131,303,3,0,0
1157,2325,465,233,131,303,3,0,0
1158,2325,465,233,131,303,3,0,0
1159,2325,465,233,131,303,3,0,0
1160,2325,465,233,131,303,3,0,0
1161,2325,465,233,131,303,3,0,0
1162,2325,465,233,131,303,3,0,0
1163,2325,465,233,130,303,3,0,0
1164,2325,465,233,130,303,3,0,0
1165,2325,465,233,131,303,3,0,0
1166,2325,465,233,131,303,3,0,0
1167,2325,465,233,131,303,3,0,0
1168,2325,465,233,131,303,3,0,0
1169,2325,465,233,131,303,3,0,0
1170,2325,465,233,131,303,3,0,0
1171,2325,465,234,131,303,3,0,0
1172,2325,465,233,131,303,3,0,0
1173,2325,465,234,131,303,3,0,0
1174,2325,465,234,131,303,3,0,0
1175,2325,465,234,131,303,3,0,0
1176,2325,464,234,131,303,3,0,0
1177,2325,464,234,131,303,3,0,0
1178,2325,464,234,131,303,3,0,0
1179,2325,464,234,131,303,3,0,0
1180,2325,464,234,131,303,3,0,0
1181,2325,464,234,131,303,3,0,0
1182,2325,464,234,131,303,3,0,0
1183,2325,464,234,131,303,3,0,0
1184,2325,465,234,131,303,3,0,0
1185,2325,465,234,131,303,3,0,0
1186,2325,465,234,131,303,3,0,0
1187,2325,465,234,131,303,3,0,0
1188,2325,464,234,131,303,3,0,0
1189,2325,464,234,131,303,3,0,0
1190,2325,464,234,131,303,3,0,0
1191,2325,464,234,131,303,3,0,0
1192,2325,464,234,131,303,3,0,0
1193,2325,464,234,131,303,3,0,0
1194,2325,465,234,131,303,3,0,0
1195,2325,464,234,131,303,3,0,0
1196,2325,464,234,131,303,3,0,0
1197,2325,464,234,131,303,3,0,0
1198,2325,464,234,131,303,3,0,0
1199,2325,464,234,131,303,3,0,0
1200,2325,464,234,131,303,3,0,0
1201,2325,464,234,131,303,3,0,0
1202,2325,464,234,131,303,3,0,0
1203,2325,465,233,131,303,3,0,0
1204,2325,465,233,131,303,3,0,0
1205,2325,465,233,131,303,3,0,0
1206,2325,465,233,131,303,3,0,0
1207,2325,465,233,131,303,3,0,0
1208,2325,465,233,131,303,3,0,0
1209,2325,465,233,131,303,3,0,0
1210,2325,465,233,131,303,3,0,0
1211,2325,465,233,130,303,3,0,0
1212,2325,465,233,130,303,3,0,0
1213,2325,465,233,131,303,3,0,0
1214,2325,465,233,131,303,3,0,0
1215,2325,465,233,131,303,3,0,0
1216,2325,465,233,131,303,3,0,0
1217,2326,464,233,131,303,3,0,0
1218,2325,464,233,131,303,3,0,0
1219,2325,464,233,131,303,3,0,0
1220,2325,464,233,131,303,3,0,0
1221,2325,464,233,131,303,3,0,0
1222,2325,464,233,131,303,3,0,0
1223,2325,464,233,131,303,3,0,0
1224,2325,465,234,130,303,3,0,0
1225,2325,465,234,130,303,3,0,0
1226,2325,465,234,130,303,3,0,0
1227,2325,465,234,130,303,3,0,0
1228,2325,465,234,130,303,3,0,0
1229,2325,465,234,130,303,3,0,0
1230,2325,465,234,130,303,3,0,0
1231,2325,465,234,130,303,3,0,0
1232,2325,465,234,130,303,3,0,0
1233,2325,465,234,131,303,3,0,0
1234,2325,465,234,131,303,3,0,0
1235,2325,465,234,131,303,3,0,0
1236,2325,465,234,130,303,3,0,0
1237,2325,465,234,131,303,3,0,0
1238,2325,465,234,131,303,3,0,0
1239,2325,465,234,131,303,3,0,0
1240,2325,464,234,131,303,3,0,0
1241,2325,465,234,131,303,3,0,0
1242,2325,465,234,131,303,3,0,0
1243,2325,465,234,131,303,3,0,0
1244,2325,465,233,131,303,3,0,0
1245,2325,465,234,130,303,3,0,0
1246,2325,465,234,131,303,3,0,0
1247,2325,465,234,131,303,3,0,0
1248,2325,465,233,131,303,3,0,0
1249,2325,465,233,131,303,3,0,0
1250,2325,465,233,131,303,3,0,0
1251,2325,465,233,131,303,3,0,0
1252,2325,465,233,131,303,3,0,0
1253,2325,465,233,131,303,3,0,0
1254,2325,465,233,131,303,3,0,0
1255,2325,465,233,131,303,3,0,0
1256,2325,465,233,131,303,3,0,0
1257,2325,465,233,131,303,3,0,0
1258,2325,465,233,131,303,3,0,0
1259,2325,465,233,131,303,3,0,0
1260,2325,465,233,131,303,3,0,0
1261,2325,465,233,131,303,3,0,0
1262,2325,465,233,131,303,3,0,0
1263,2325,465,233,131,303,3,0,0
1264,2325,465,233,131,303,3,0,0
1265,2325,465,233,131,303,3,0,0
1266,2325,464,233,131,303,3,0,0
1267,2325,464,234,131,303,3,0,0
1268,2325,464,234,132,303,3,0,0
1269,2325,464,234,132,303,3,0,0
1270,2325,464,234,132,303,3,0,0
1271,2325,464,234,132,303,3,0,0
1272,2325,464,234,131,303,3,0,0
1273,2325,464,234,131,303,3,0,0
1274,2325,464,234,131,303,3,0,0
1275,2325,464,234,131,303,3,0,0
1276,2325,464,234,131,303,3,0,0
1277,2325,464,234,131,303,3,0,0
1278,2325,464,234,131,303,3,0,0
1279,2325,464,234,131,303,3,0,0
1280,2325,464,234,131,303,3,0,0
1281,2325,464,234,131,303,3,0,0
1282,2325,464,234,131,303,3,0,0
1283,2325,464,234,131,303,3,0,0
1284,2325,464,234,131,303,3,0,0
1285,2325,464,234,131,303,3,0,0
1286,2325,464,234,131,303,3,0,0
1287,2325,464,234,131,303,3,0,0
1288,2325,464,234,131,303,3,0,0
1289,2325,464,234,131,303,3,0,0
1290,2325,464,234,131,303,3,0,0
1291,2325,464,234,132,303,3,0,0
1292,2325,464,234,132,303,3,0,0
1293,2325,464,234,132,303,3,0,0
1294,2325,464,234,132,303,3,0,0
1295,2325,464,234,131,303,3,0,0
1296,2325,464,234,131,303,3,0,0
1297,2325,464,234,131,303,3,0,0
1298,2325,464,234,131,303,3,0,0
1299,2325,464,234,131,303,3,0,0
1300,2325,464,234,131,303,3,0,0
1301,2325,464,234,131,303,3,0,0
1302,2325,464,234,131,303,3,0,0
1303,2325,464,234,131,303,3,0,0
1304,2325,464,234,131,303,3,0,0
1305,2325,464,234,131,303,3,0,0
1306,2325,464,234,131,303,3,0,0
1307,2325,464,234,131,303,3,0,0
1308,2325,464,234,131,303,3,0,0
1309,2325,464,234,131,303,3,0,0
1310,2325,464,234,131,303,3,0,0
1311,2325,464,234,131,303,3,0,0
1312,2325,464,234,131,303,3,0,0
1313,2325,465,234,131,303,3,0,0
1314,2325,464,234,131,303,3,0,0
1315,2325,464,234,131,303,3,0,0
1316,2325,464,234,131,303,3,0,0
1317,2325,465,234,131,303,3,0,0
1318,2325,465,234,131,303,3,0,0
1319,2325,465,234,131,303,3,0,0
1320,2326,465,233,131,303,3,0,0
1321,2325,464,233,131,303,3,0,0
1322,2325,464,233,131,303,3,0,0
1323,2325,465,233,131,303,3,0,0
1324,2326,465,233,131,303,3,0,0
1325,2326,465,233,131,303,3,0,0
1326,2325,465,233,131,303,3,0,0
1327,2325,465,233,131,303,3,0,0
1328,2325,464,233,131,303,3,0,0
1329,2326,464,233,131,303,3,0,0
1330,2326,464,233,131,303,3,0,0
1331,2326,464,233,131,303,3,0,0
1332,2326,465,233,131,303,3,0,0
1333,2326,464,233,131,303,3,0,0
1334,2326,465,233,131,303,3,0,0
1335,2326,465,233,131,303,3,0,0
1336,2326,464,233,131,303,3,0,0
1337,2326,465,233,131,303,3,0,0
1338,2325,464,233,131,303,3,0,0
1339,2326,464,233,131,303,3,0,0
1340,2326,464,233,131,303,3,0,0
1341,2326,464,233,131,303,3,0,0
1342,2326,464,233,131,303,3,0,0
1343,2326,464,233,131,303,3,0,0
1344,2325,465,233,131,303,3,0,0
1345,2325,465,233,131,303,3,0,0
1346,2325,465,233,130,303,3,0,0
1347,2325,465,233,131,303,3,0,0
1348,2325,465,233,131,303,3,0,0
1349,2325,465,233,131,303,3,0,0
1350,2325,465,233,131,303,3,0,0
1351,2325,465,233,131,303,3,0,0
1352,2325,465,233,131,303,3,0,0
1353,2325,466,233,130,303,3,0,0
1354,2325,465,233,131,303,3,0,0
1355,2325,465,233,130,303,3,0,0
1356,2326,465,233,131,303,3,0,0
1357,2326,465,233,131,303,3,0,0
1358,2326,465,233,131,303,3,0,0
1359,2326,465,233,131,303,3,0,0
1360,2326,465,233,130,303,3,0,0
1361,2326,465,233,130,303,3,0,0
1362,2326,465,233,130,303,3,0,0
1363,2326,465,233,131,303,3,0,0
1364,2326,465,233,131,303,3,0,0
1365,2326,465,233,131,303,3,0,0
1366,2326,465,233,131,303,3,0,0
1367,2326,465,233,131,303,3,0,0
1368,2325,465,233,131,303,3,0,0
1369,2326,465,233,131,303,3,0,0
1370,2325,465,233,131,303,3,0,0
1371,2326,465,233,131,303,3,0,0
1372,2326,465,233,131,303,3,0,0
1373,2326,465,233,131,303,3,0,0
1374,2326,465,233,131,303,3,0,0
1375,2326,465,233,131,303,3,0,0
1376,2326,465,233,131,303,3,0,0
1377,2325,465,233,131,303,3,0,0
1378,2326,465,233,131,303,3,0,0
1379,2325,465,233,131,303,3,0,0
1380,2325,465,233,131,303,3,0,0
1381,2325,465,233,131,303,3,0,0
1382,2325,465,233,131,303,3,0,0
1383,2325,465,233,131,303,3,0,0
1384,2325,465,233,131,303,3,0,0
1385,2325,465,233,131,303,3,0,0
1386,2325,465,233,131,303,3,0,0
1387,2325,465,233,131,303,3,0,0
1388,2325,465,233,131,303,3,0,0
1389,2325,465,233,131,303,3,0,0
1390,2325,465,233,131,303,3,0,0
1391,2325,465,233,131,303,3,0,0
1392,2325,465,234,131,303,3,0,0
1393,2325,465,234,131,303,3,0,0
1394,2325,465,233,131,303,3,0,0
1395,2325,465,233,131,303,3,0,0
1396,2325,465,233,131,303,3,0,0
1397,2325,465,233,131,303,3,0,0
1398,2325,465,233,131,303,3,0,0
1399,2325,465,233,131,303,3,0,0
1400,2325,465,233,131,303,3,0,0
1401,2325,465,233,131,303,3,0,0
1402,2325,465,233,131,303,3,0,0
1403,2325,465,233,131,303,3,0,0
1404,2325,465,233,131,303,3,0,0
1405,2325,465,233,131,303,3,0,0
1406,2325,465,233,131,303,3,0,0
1407,2325,465,233,131,303,3,0,0
1408,2325,465,233,131,303,3,0,0
1409,2325,465,233,131,303,3,0,0
1410,2325,465,233,131,303,3,0,0
1411,2325,465,233,131,303,3,0,0
1412,2325,465,233,131,303,3,0,0
1413,2325,465,233,131,303,3,0,0
1414,2325,465,233,131,303,3,0,0
1415,2325,465,233,131,303,3,0,0
1416,2325,465,233,131,303,3,0,0
1417,2325,465,233,131,303,3,0,0
1418,2325,465,233,131,303,3,0,0
1419,2325,465,233,131,303,3,0,0
1420,2325,465,233,131,303,3,0,0
1421,2325,465,233,131,303,3,0,0
1422,2325,465,233,131,303,3,0,0
1423,2325,465,233,131,303,3,0,0
1424,2325,465,233,131,303,3,0,0
1425,2325,465,233,131,303,3,0,0
1426,2325,465,233,131,303,3,0,0
1427,2325,465,233,131,303,3,0,0
1428,2325,465,233,131,303,3,0,0
1429,2325,465,234,131,303,3,0,0
1430,2325,465,234,131,303,3,0,0
1431,2325,465,234,131,303,3,0,0
1432,2325,465,234,131,303,3,0,0
1433,2325,465,234,131,303,3,0,0
1434,2325,465,234,131,303,3,0,0
1435,2325,465,234,131,303,3,0,0
1436,2325,465,234,131,303,3,0,0
1437,2325,465,234,131,303,3,0,0
1438,2325,465,234,131,303,3,0,0
1439,2325,465,234,131,303,3,0,0
1440,2325,465,234,131,303,3,0,0
1441,2325,465,234,131,303,3,0,0
1442,2325,465,234,131,303,3,0,0
1443,2325,465,234,131,303,3,0,0
1444,2325,465,234,131,303,3,0,0
1445,2325,465,234,131,303,3,0,0
1446,2325,465,234,131,303,3,0,0
1447,2325,465,234,131,303,3,0,0
1448,2325,465,234,131,303,3,0,0
1449,2325,465,234,131,303,3,0,0
1450,2325,465,234,131,303,3,0,0
1451,2325,465,234,131,303,3,0,0
1452,2325,464,234,131,303,3,0,0
1453,2325,464,234,131,303,3,0,0
1454,2325,464,234,131,303,3,0,0
1455,2325,464,234,131,303,3,0,0
1456,2325,464,234,131,303,3,0,0
1457,2325,464,234,131,303,3,0,0
1458,2325,464,234,131,303,3,0,0
1459,2325,464,234,131,303,3,0,0
1460,2325,464,234,131,303,3,0,0
1461,2325,464,234,131,303,3,0,0
1462,2325,465,233,130,303,3,0,0
1463,2325,465,233,130,303,3,0,0
1464,2325,465,233,130,303,3,0,0
1465,2325,465,234,130,303,3,0,0
1466,2325,465,233,130,303,3,0,0
1467,2325,464,234,131,303,3,0,0
1468,2325,465,233,130,303,3,0,0
1469,2325,465,234,131,303,3,0,0
1470,2325,465,234,131,303,3,0,0
1471,2325,465,234,131,303,3,0,0
1472,2325,465,234,131,303,3,0,0
1473,2325,465,234,131,303,3,0,0
1474,2325,465,234,131,303,3,0,0
1475,2325,465,234,131,303,3,0,0
1476,2325,464,234,131,303,3,0,0
1477,2325,464,234,131,303,3,0,0
1478,2325,464,234,131,303,3,0,0
1479,2325,464,234,131,303,3,0,0
1480,2325,464,234,131,303,3,0,0
1481,2325,464,234,131,303,3,0,0
1482,2325,464,234,131,303,3,0,0
1483,2325,464,234,131,303,3,0,0
1484,2325,464,234,131,303,3,0,0
1485,2325,464,233,131,303,3,0,0
1486,2325,464,233,131,303,3,0,0
1487,2325,464,233,131,303,3,0,0
1488,2325,464,233,132,303,3,0,0
1489,2325,464,233,132,303,3,0,0
1490,2325,464,234,132,303,3,0,0
1491,2325,464,233,132,303,3,0,0
1492,2325,463,233,132,303,3,0,0
1493,2325,463,234,133,303,3,0,0
1494,2325,464,234,132,303,3,0,0
1495,2325,464,233,132,303,3,0,0
1496,2325,464,234,132,303,3,0,0
1497,2325,465,234,131,303,3,0,0
1498,2325,464,234,131,303,3,0,0
1499,2325,464,234,132,303,3,0,0
1500,2325,464,234,131,303,3,0,0
1501,2325,464,234,131,303,3,0,0
1502,2325,464,234,131,303,3,0,0
1503,2324,463,235,131,303,3,0,0
1504,2325,464,234,131,303,3,0,0
1505,2321,464,238,130,303,3,0,0
1506,2319,464,240,130,303,3,0,0
1507,2321,464,238,130,303,3,0,0
1508,2323,464,236,130,303,3,0,0
1509,2323,464,236,130,303,3,0,0
1510,2325,464,234,130,303,3,0,0
1511,2325,464,234,130,303,3,0,0
1512,2325,465,233,130,303,3,0,0
1513,2325,465,233,130,303,3,0,0
1514,2326,465,233,130,303,3,0,0
1515,2326,465,233,130,303,3,0,0
1516,2325,465,233,130,303,3,0,0
1517,2326,465,233,130,303,3,0,0
1518,2325,465,233,130,303,3,0,0
1519,2325,465,234,130,303,3,0,0
1520,2325,465,234,130,303,3,0,0
1521,2325,465,234,131,303,3,0,0
1522,2325,465,234,131,303,3,0,0
1523,2325,465,234,131,303,3,0,0
1524,2325,465,234,130,303,3,0,0
1525,2325,465,234,130,303,3,0,0
1526,2325,465,234,130,303,3,0,0
1527,2325,465,234,130,303,3,0,0
1528,2325,465,234,130,303,3,0,0
1529,2325,465,234,130,303,3,0,0
1530,2324,465,235,131,303,3,0,0
1531,2324,465,235,131,303,3,0,0
1532,2324,465,234,131,303,3,0,0
1533,2324,465,235,131,303,3,0,0
1534,2324,465,235,131,303,3,0,0
1535,2324,465,235,131,303,3,0,0
1536,2325,465,234,131,303,3,0,0
1537,2325,465,234,131,303,3,0,0
1538,2325,465,234,131,303,3,0,0
1539,2325,465,234,131,303,3,0,0
1540,2324,465,234,131,303,3,0,0
1541,2324,465,234,131,303,3,0,0
1542,2324,465,234,131,303,3,0,0
1543,2324,465,234,131,303,3,0,0
1544,2324,465,234,131,303,3,0,0
1545,2324,465,234,131,303,3,0,0
1546,2324,465,234,131,303,3,0,0
1547,2324,465,234,131,303,3,0,0
1548,2325,465,234,131,303,3,0,0
1549,2325,465,234,131,303,3,0,0
1550,2325,465,234,131,303,3,0,0
1551,2325,465,234,131,303,3,0,0
1552,2325,465,234,131,303,3,0,0
1553,2325,465,234,131,303,3,0,0
1554,2325,465,234,131,303,3,0,0
1555,2325,465,234,131,303,3,0,0
1556,2325,465,234,131,303,3,0,0
1557,2325,465,234,131,303,3,0,0
1558,2325,465,234,131,303,3,0,0
1559,2324,465,234,130,303,3,0,0
1560,2325,465,234,130,303,3,0,0
1561,2325,465,234,130,303,3,0,0
1562,2325,465,234,130,303,3,0,0
1563,2325,465,234,130,303,3,0,0
1564,2325,465,234,130,303,3,0,0
1565,2325,465,234,130,303,3,0,0
1566,2325,465,234,130,303,3,0,0
1567,2325,465,234,130,303,3,0,0
1568,2325,465,234,130,303,3,0,0
1569,2325,465,234,130,303,3,0,0
1570,2325,465,234,131,303,3,0,0
1571,2325,465,234,131,303,3,0,0
1572,2325,465,234,131,303,3,0,0
1573,2325,464,234,131,303,3,0,0
1574,2325,464,234,131,303,3,0,0
1575,2324,464,234,131,303,3,0,0
1576,2325,464,234,131,303,3,0,0
1577,2325,464,234,131,303,3,0,0
1578,2325,464,234,131,303,3,0,0
1579,2325,464,234,131,303,3,0,0
1580,2325,464,234,131,303,3,0,0
1581,2325,464,234,131,303,3,0,0
1582,2325,464,234,131,303,3,0,0
1583,2325,464,234,131,303,3,0,0
1584,2325,464,234,131,303,3,0,0
1585,2325,464,234,131,303,3,0,0
1586,2325,464,234,131,303,3,0,0
1587,2325,464,234,131,303,3,0,0
1588,2325,464,234,131,303,3,0,0
1589,2324,465,235,130,303,3,0,0
1590,2324,465,235,130,303,3,0,0
1591,2324,465,235,130,303,3,0,0
1592,2324,465,235,130,303,3,0,0
1593,2324,465,235,130,303,3,0,0
1594,2324,465,235,130,303,3,0,0
1595,2324,465,235,130,303,3,0,0
1596,2324,465,235,130,303,3,0,0
1597,2324,465,235,130,303,3,0,0
1598,2324,465,235,130,303,3,0,0
1599,2324,465,235,130,303,3,0,0
1600,2324,465,235,130,303,3,0,0
1601,2324,465,235,130,303,3,0,0
1602,2324,465,235,130,303,3,0,0
1603,2324,465,235,130,303,3,0,0
1604,2324,465,235,130,303,3,0,0
1605,2324,465,235,130,303,3,0,0
1606,2324,465,235,130,303,3,0,0
1607,2324,465,235,130,303,3,0,0
1608,2324,465,235,131,303,3,0,0
1609,2324,464,235,131,303,3,0,0
1610,2324,464,235,131,303,3,0,0
1611,2324,464,235,131,303,3,0,0
1612,2324,464,235,131,303,3,0,0
1613,2324,464,235,131,303,3,0,0
1614,2324,465,235,131,303,3,0,0
1615,2324,464,235,131,303,3,0,0
1616,2324,464,235,131,303,3,0,0
1617,2324,464,235,131,303,3,0,0
1618,2324,464,235,131,303,3,0,0
1619,2324,464,235,131,303,3,0,0
1620,2324,465,235,131,303,3,0,0
1621,2324,465,235,131,303,3,0,0
1622,2324,465,235,131,303,3,0,0
1623,2324,465,235,131,303,3,0,0
1624,2324,465,235,131,303,3,0,0
1625,2324,465,235,131,303,3,0,0
1626,2324,465,235,131,303,3,0,0
1627,2324,465,235,131,303,3,0,0
1628,2324,465,235,131,303,3,0,0
1629,2324,465,235,131,303,3,0,0
1630,2324,465,235,131,303,3,0,0
1631,2324,465,235,131,303,3,0,0
1632,2323,465,235,131,303,3,0,0
1633,2323,465,235,131,303,3,0,0
1634,2323,465,235,131,303,3,0,0
1635,2323,465,235,131,303,3,0,0
1636,2323,465,235,131,303,3,0,0
1637,2324,465,235,131,303,3,0,0
1638,2324,465,235,131,303,3,0,0
1639,2325,464,234,131,303,3,0,0
1640,2324,464,234,131,303,3,0,0
1641,2324,464,234,131,303,3,0,0
1642,2324,464,234,131,303,3,0,0
1643,2324,464,234,131,303,3,0,0
1644,2325,465,234,130,303,3,0,0
1645,2325,465,234,130,303,3,0,0
1646,2325,465,234,130,303,3,0,0
1647,2325,465,234,130,303,3,0,0
1648,2325,465,234,130,303,3,0,0
1649,2325,465,234,130,303,3,0,0
1650,2325,465,234,130,303,3,0,0
1651,2325,465,234,130,303,3,0,0
1652,2325,465,234,130,303,3,0,0
1653,2325,465,234,130,303,3,0,0
1654,2325,465,234,130,303,3,0,0
1655,2325,465,234,130,303,3,0,0
1656,2325,465,234,130,303,3,0,0
1657,2325,465,234,130,303,3,0,0
1658,2325,465,234,130,303,3,0,0
1659,2325,465,234,130,303,3,0,0
1660,2325,465,234,130,303,3,0,0
1661,2325,465,234,130,303,3,0,0
1662,2325,465,234,130,303,3,0,0
1663,2324,465,234,130,303,3,0,0
1664,2324,465,234,130,303,3,0,0
1665,2324,465,234,130,303,3,0,0
1666,2325,465,234,130,303,3,0,0
1667,2324,465,234,130,303,3,0,0
1668,2325,465,234,130,303,3,0,0
1669,2325,465,234,130,303,3,0,0
1670,2325,465,234,130,303,3,0,0
1671,2325,465,234,130,303,3,0,0
1672,2324,465,234,130,303,3,0,0
1673,2325,465,234,130,303,3,0,0
1674,2325,465,234,130,303,3,0,0
1675,2325,465,234,130,303,3,0,0
1676,2325,465,234,130,303,3,0,0
1677,2324,465,234,130,303,3,0,0
1678,2324,465,234,130,303,3,0,0
1679,2324,465,235,131,303,3,0,0
1680,2325,465,234,130,303,3,0,0
1681,2325,465,234,130,303,3,0,0
1682,2325,465,234,130,303,3,0,0
1683,2325,465,234,130,303,3,0,0
1684,2325,465,234,130,303,3,0,0
1685,2325,465,234,130,303,3,0,0
1686,2325,465,234,130,303,3,0,0
1687,2325,465,234,130,303,3,0,0
1688,2325,465,234,130,303,3,0,0
1689,2324,465,235,130,303,3,0,0
1690,2325,465,234,130,303,3,0,0
1691,2324,465,235,129,303,3,0,0
1692,2325,465,234,130,303,3,0,0
1693,2325,465,234,130,303,3,0,0
1694,2324,465,234,130,303,3,0,0
1695,2325,465,233,130,303,3,0,0
1696,2325,465,234,130,303,3,0,0
1697,2325,465,235,129,303,3,0,0
1698,2325,465,234,130,303,3,0,0
1699,2324,465,234,130,303,3,0,0
1700,2324,465,234,129,303,3,0,0
1701,2324,465,234,130,303,3,0,0
1702,2324,465,234,129,303,3,0,0
1703,2324,465,234,128,303,3,0,0
1704,2324,465,235,126,303,3,0,0
1705,2324,465,235,126,303,3,0,0
1706,2324,465,234,126,303,3,0,0
1707,2324,465,234,127,303,3,0,0
1708,2325,465,234,128,303,3,0,0
1709,2325,465,234,128,303,3,0,0
1710,2325,465,234,129,303,3,0,0
1711,2325,465,234,130,303,3,0,0
1712,2324,465,234,131,303,3,0,0
1713,2324,465,234,131,303,3,0,0
1714,2324,465,234,131,303,3,0,0
1715,2324,465,234,130,303,3,0,0
1716,2324,465,234,131,303,3,0,0
1717,2324,465,234,131,303,3,0,0
1718,2324,465,234,131,303,3,0,0
1719,2324,465,234,131,303,3,0,0
1720,2324,465,234,131,303,3,0,0
1721,2324,465,234,131,303,3,0,0
1722,2324,465,234,130,303,3,0,0
1723,2324,465,234,130,303,3,0,0
1724,2324,465,234,130,303,3,0,0
1725,2324,465,234,130,303,3,0,0
1726,2324,465,234,130,303,3,0,0
1727,2324,465,234,130,303,3,0,0
1728,2324,465,235,130,303,3,0,0
1729,2324,465,235,130,303,3,0,0
1730,2324,465,235,130,303,3,0,0
1731,2324,465,235,130,303,3,0,0
1732,2324,465,235,130,303,3,0,0
1733,2324,465,235,130,303,3,0,0
1734,2324,465,235,130,303,3,0,0
1735,2324,465,235,130,303,3,0,0
1736,2324,465,235,130,303,3,0,0
1737,2324,465,235,130,303,3,0,0
1738,2324,465,235,130,303,3,0,0
1739,2324,465,235,130,303,3,0,0
1740,2324,465,234,130,303,3,0,0
1741,2324,465,234,130,303,3,0,0
1742,2324,465,234,130,303,3,0,0
1743,2324,465,234,130,303,3,0,0
1744,2324,465,234,130,303,3,0,0
1745,2324,465,234,130,303,3,0,0
1746,2324,465,234,130,303,3,0,0
1747,2324,465,234,130,303,3,0,0
1748,2324,465,234,130,303,3,0,0
1749,2324,465,234,130,303,3,0,0
1750,2324,465,235,130,303,3,0,0
1751,2324,465,235,130,303,3,0,0
1752,2324,465,235,130,303,3,0,0
1753,2324,465,235,131,303,3,0,0
1754,2324,465,235,130,303,3,0,0
1755,2324,465,235,130,303,3,0,0
1756,2324,465,235,130,303,3,0,0
1757,2324,465,235,130,303,3,0,0
1758,2324,465,235,130,303,3,0,0
1759,2324,465,235,130,303,3,0,0
1760,2324,465,235,131,303,3,0,0
1761,2324,465,235,131,303,3,0,0
1762,2324,465,235,131,303,3,0,0
1763,2324,465,235,131,303,3,0,0
1764,2324,465,234,131,303,3,0,0
1765,2324,465,234,131,303,3,0,0
1766,2324,465,234,131,303,3,0,0
1767,2324,465,234,131,303,3,0,0
1768,2324,465,234,131,303,3,0,0
1769,2324,465,234,131,303,3,0,0
1770,2324,465,234,131,303,3,0,0
1771,2324,465,234,131,303,3,0,0
1772,2324,465,234,131,303,3,0,0
1773,2324,465,234,131,303,3,0,0
1774,2324,465,234,131,303,3,0,0
1775,2324,465,234,131,303,3,0,0
1776,2325,465,234,131,303,3,0,0
1777,2325,465,234,131,303,3,0,0
1778,2325,465,234,131,303,3,0,0
1779,2325,465,234,131,303,3,0,0
1780,2325,465,234,130,303,3,0,0
1781,2325,465,234,130,303,3,0,0
1782,2325,465,234,131,303,3,0,0
1783,2325,465,234,131,303,3,0,0
1784,2325,465,234,131,303,3,0,0
1785,2325,465,234,131,303,3,0,0
1786,2325,465,234,130,303,3,0,0
1787,2325,465,234,131,303,3,0,0
1788,2324,465,234,131,303,3,0,0
1789,2324,465,234,131,303,3,0,0
1790,2324,465,234,131,303,3,0,0
1791,2324,465,234,131,303,3,0,0
1792,2324,465,234,131,303,3,0,0
1793,2324,465,234,131,303,3,0,0
1794,2324,465,234,131,303,3,0,0
1795,2324,465,234,131,303,3,0,0
1796,2324,465,234,131,303,3,0,0
1797,2324,465,234,131,303,3,0,0
1798,2324,465,234,131,303,3,0,0
1799,2323,465,235,130,303,3,0,0
1800,2325,465,234,130,303,3,0,0
1801,2325,465,234,130,303,3,0,0
1802,2325,465,234,130,303,3,0,0
1803,2325,465,234,130,303,3,0,0
1804,2325,465,234,130,303,3,0,0
1805,2325,465,234,130,303,3,0,0
1806,2325,465,234,130,303,3,0,0
1807,2325,465,234,130,303,3,0,0
1808,2325,465,234,130,303,3,0,0
1809,2325,465,234,130,303,3,0,0
1810,2325,465,234,130,303,3,0,0
1811,2325,465,234,130,303,3,0,0
1812,2324,465,234,130,303,3,0,0
1813,2324,465,234,130,303,3,0,0
1814,2324,465,234,130,303,3,0,0
1815,2324,465,234,130,303,3,0,0
1816,2324,465,234,130,303,3,0,0
1817,2324,465,234,130,303,3,0,0
1818,2324,465,234,130,303,3,0,0
1819,2324,465,234,130,303,3,0,0
1820,2324,465,234,130,303,3,0,0
1821,2324,465,234,130,303,3,0,0
1822,2324,465,234,130,303,3,0,0
1823,2324,465,234,130,303,3,0,0
1824,2325,465,234,130,303,3,0,0
1825,2325,465,234,130,303,3,0,0
1826,2325,465,234,130,303,3,0,0
1827,2325,465,234,130,303,3,0,0
1828,2325,465,234,130,303,3,0,0
1829,2325,465,234,130,303,3,0,0
1830,2325,465,234,130,303,3,0,0
1831,2325,465,234,130,303,3,0,0
1832,2325,465,234,130,303,3,0,0
1833,2325,465,234,130,303,3,0,0
1834,2325,465,234,130,303,3,0,0
1835,2325,465,234,130,303,3,0,0
1836,2324,465,234,130,303,3,0,0
1837,2324,465,234,130,303,3,0,0
1838,2325,464,234,131,303,3,0,0
1839,2325,465,234,131,303,3,0,0
1840,2325,465,233,131,303,3,0,0
1841,2325,464,233,131,303,3,0,0
1842,2325,464,233,131,303,3,0,0
1843,2325,464,233,131,303,3,0,0
1844,2325,465,233,131,303,3,0,0
1845,2325,465,233,131,303,3,0,0
1846,2325,465,233,131,303,3,0,0
1847,2325,465,233,131,303,3,0,0
1848,2325,465,233,130,303,3,0,0
1849,2326,465,233,130,303,3,0,0
1850,2325,465,233,130,303,3,0,0
1851,2326,465,233,130,303,3,0,0
1852,2326,465,233,130,303,3,0,0
1853,2326,465,233,130,303,3,0,0
1854,2325,465,233,130,303,3,0,0
1855,2325,465,233,131,303,3,0,0
1856,2325,465,233,130,303,3,0,0
1857,2325,465,233,130,303,3,0,0
1858,2325,465,234,131,303,3,0,0
1859,2325,465,234,131,303,3,0,0
1860,2325,465,234,130,303,3,0,0
1861,2325,465,234,130,303,3,0,0
1862,2325,465,234,131,303,3,0,0
1863,2325,465,234,131,303,3,0,0
1864,2325,465,234,131,303,3,0,0
1865,2325,465,234,131,303,3,0,0
1866,2325,465,234,131,303,3,0,0
1867,2325,465,234,131,303,3,0,0
1868,2325,465,234,131,303,3,0,0
1869,2325,465,234,131,303,3,0,0
1870,2325,465,234,131,303,3,0,0
1871,2325,465,234,131,303,3,0,0
1872,2325,465,234,131,303,3,0,0
1873,2325,465,234,131,303,3,0,0
1874,2325,465,234,131,303,3,0,0
1875,2325,465,234,130,303,3,0,0
1876,2325,465,234,131,303,3,0,0
1877,2325,465,234,131,303,3,0,0
1878,2325,465,234,131,303,3,0,0
1879,2325,465,234,130,303,3,0,0
1880,2325,465,234,130,303,3,0,0
1881,2325,465,234,130,303,3,0,0
1882,2325,465,233,131,303,3,0,0
1883,2325,465,233,131,303,3,0,0
1884,2325,465,234,131,303,3,0,0
1885,2325,465,234,131,303,3,0,0
1886,2325,465,234,131,303,3,0,0
1887,2325,465,234,131,303,3,0,0
1888,2325,465,234,131,303,3,0,0
1889,2325,465,234,131,303,3,0,0
1890,2325,465,234,131,303,3,0,0
1891,2325,465,234,130,303,3,0,0
1892,2325,465,234,131,303,3,0,0
1893,2325,465,234,131,303,3,0,0
1894,2325,465,234,131,303,3,0,0
1895,2324,465,234,131,303,3,0,0
1896,2324,465,235,131,303,3,0,0
1897,2324,465,235,131,303,3,0,0
1898,2324,465,235,131,303,3,0,0
1899,2324,465,235,131,303,3,0,0
1900,2324,465,235,131,303,3,0,0
1901,2324,465,235,131,303,3,0,0
1902,2324,465,235,131,303,3,0,0
1903,2324,465,235,131,303,3,0,0
1904,2324,465,235,131,303,3,0,0
1905,2324,465,235,131,303,3,0,0
1906,2324,465,235,131,303,3,0,0
1907,2324,465,235,131,303,3,0,0
1908,2324,465,235,131,303,3,0,0
1909,2325,465,234,131,303,3,0,0
1910,2325,465,234,131,303,3,0,0
1911,2325,465,234,131,303,3,0,0
1912,2325,465,234,131,303,3,0,0
1913,2325,465,234,131,303,3,0,0
1914,2325,465,234,131,303,3,0,0
1915,2325,465,234,131,303,3,0,0
1916,2325,465,234,131,303,3,0,0
1917,2325,465,234,131,303,3,0,0
1918,2325,465,234,131,303,3,0,0
1919,2324,465,234,130,303,3,0,0
1920,2325,465,234,130,303,3,0,0
1921,2325,465,234,130,303,3,0,0
1922,2325,465,234,130,303,3,0,0
1923,2325,465,234,130,303,3,0,0
1924,2325,465,234,130,303,3,0,0
1925,2324,465,234,130,303,3,0,0
1926,2324,465,234,130,303,3,0,0
1927,2324,465,234,130,303,3,0,0
1928,2324,465,234,131,303,3,0,0
1929,2325,465,234,131,303,3,0,0
1930,2325,465,234,131,303,3,0,0
1931,2324,465,234,131,303,3,0,0
1932,2325,465,234,131,303,3,0,0
1933,2325,465,234,131,303,3,0,0
1934,2325,465,234,131,303,3,0,0
1935,2325,465,233,131,303,3,0,0
1936,2325,465,234,131,303,3,0,0
1937,2325,465,234,130,303,3,0,0
1938,2332,465,227,130,303,3,0,0
1939,2346,464,212,131,303,3,0,0
1940,2363,464,196,130,303,3,0,0
1941,2388,464,171,131,303,3,0,0
1942,2412,467,146,118,303,3,0,0
0,2077,437,253,151,304,5,1,0
1,2077,437,254,151,304,5,1,0
2,2077,437,254,151,304,5,1,0
3,2077,437,254,151,304,5,1,0
4,2077,437,254,151,304,5,1,0
5,2077,437,254,151,304,5,1,0
6,2077,437,254,151,304,5,1,0
7,2077,437,254,151,304,5,1,0
8,2077,437,254,151,304,5,1,0
9,2077,437,254,151,304,5,1,0
10,2077,437,254,151,304,5,1,0
11,2077,437,254,151,304,5,1,0
12,2077,437,254,151,304,5,1,0
13,2077,437,254,151,304,5,1,0
14,2077,437,254,151,304,5,1,0
15,2077,437,254,151,304,5,1,0
16,2077,437,254,151,304,5,1,0
17,2077,437,254,151,304,5,1,0
18,2077,437,254,151,304,5,1,0
19,2077,437,254,151,304,5,1,0
20,2077,437,254,151,304,5,1,0
21,2077,437,254,151,304,5,1,0
22,2077,437,254,151,304,5,1,0
23,2077,437,254,151,304,5,1,0
24,2077,437,254,151,304,5,1,0
25,2077,437,254,151,304,5,1,0
26,2077,437,254,151,304,5,1,0
27,2077,437,254,151,304,5,1,0
28,2077,437,254,151,304,5,1,0
29,2077,437,254,151,304,5,1,0
30,2077,437,254,151,304,5,1,0
31,2077,437,254,151,304,5,1,0
32,2077,437,254,151,304,5,1,0
33,2077,437,254,151,304,5,1,0
34,2077,437,254,151,304,5,1,0
35,2077,437,254,151,304,5,1,0
36,2077,437,254,151,304,5,1,0
37,2077,437,254,151,304,5,1,0
38,2077,437,254,151,304,5,1,0
39,2077,437,254,151,304,5,1,0
40,2077,437,254,151,304,5,1,0
41,2077,437,254,151,304,5,1,0
42,2077,437,254,151,304,5,1,0
43,2077,437,254,151,304,5,1,0
44,2077,437,254,151,304,5,1,0
45,2077,437,254,151,304,5,1,0
46,2077,437,254,151,304,5,1,0
47,2077,437,254,151,304,5,1,0
48,2077,437,254,151,304,5,1,0
49,2077,437,254,151,304,5,1,0
50,2077,437,254,151,304,5,1,0
51,2077,437,254,151,304,5,1,0
52,2077,437,254,151,304,5,1,0
53,2077,437,254,152,304,5,1,0
54,2077,437,254,151,304,5,1,0
55,2077,437,254,151,304,5,1,0
56,2077,437,254,151,304,5,1,0
57,2077,437,254,151,304,5,1,0
58,2077,437,254,151,304,5,1,0
59,2077,437,254,151,304,5,1,0
60,2077,437,254,151,304,5,1,0
61,2077,437,254,151,304,5,1,0
62,2077,437,254,151,304,5,1,0
63,2077,437,254,151,304,5,1,0
64,2077,437,254,151,304,5,1,0
65,2078,437,254,152,304,5,1,0
66,2078,437,254,152,304,5,1,0
67,2078,437,254,152,304,5,1,0
68,2078,437,254,152,304,5,1,0
69,2078,437,254,152,304,5,1,0
70,2078,437,254,152,304,5,1,0
71,2078,437,254,152,304,5,1,0
72,2078,437,254,152,304,5,1,0
73,2078,437,254,152,304,5,1,0
74,2078,437,254,152,304,5,1,0
75,2078,437,254,152,304,5,1,0
76,2078,437,254,152,304,5,1,0
77,2078,437,254,152,304,5,1,0
78,2078,437,254,152,304,5,1,0
79,2078,437,254,152,304,5,1,0
80,2078,437,254,152,304,5,1,0
81,2078,437,254,152,304,5,1,0
82,2078,437,254,152,304,5,1,0
83,2078,437,254,152,304,5,1,0
84,2078,437,254,152,304,5,1,0
85,2078,437,254,152,304,5,1,0
86,2078,437,254,152,304,5,1,0
87,2078,437,254,152,304,5,1,0
88,2078,437,254,152,304,5,1,0
89,2078,437,254,152,304,5,1,0
90,2078,437,254,152,304,5,1,0
91,2078,437,254,152,304,5,1,0
92,2078,437,254,152,304,5,1,0
93,2078,437,254,152,304,5,1,0
94,2078,437,254,152,304,5,1,0
95,2078,437,254,152,304,5,1,0
96,2078,437,254,152,304,5,1,0
97,2078,437,254,152,304,5,1,0
98,2078,437,254,152,304,5,1,0
99,2078,437,254,152,304,5,1,0
100,2078,437,254,152,304,5,1,0
101,2078,437,254,152,304,5,1,0
102,2078,437,254,151,304,5,1,0
103,2078,437,254,151,304,5,1,0
104,2078,437,254,152,304,5,1,0
105,2078,437,254,152,304,5,1,0
106,2078,437,254,152,304,5,1,0
107,2078,437,254,152,304,5,1,0
108,2078,437,254,152,304,5,1,0
109,2078,437,254,152,304,5,1,0
110,2078,437,254,152,304,5,1,0
111,2078,437,254,152,304,5,1,0
112,2078,437,254,152,304,5,1,0
113,2078,437,254,152,304,5,1,0
114,2078,437,254,152,304,5,1,0
115,2078,437,254,152,304,5,1,0
116,2078,437,254,152,304,5,1,0
117,2078,437,254,152,304,5,1,0
118,2078,437,254,152,304,5,1,0
119,2078,437,254,151,304,5,1,0
120,2078,437,254,151,304,5,1,0
121,2078,437,254,152,304,5,1,0
122,2078,437,254,152,304,5,1,0
123,2078,437,254,151,304,5,1,0
124,2078,437,254,152,304,5,1,0
125,2078,437,254,152,304,5,1,0
126,2078,437,254,152,304,5,1,0
127,2078,437,254,152,304,5,1,0
128,2078,437,254,152,304,5,1,0
129,2078,437,254,152,304,5,1,0
130,2078,437,254,152,304,5,1,0
131,2078,437,254,152,304,5,1,0
132,2078,437,254,151,304,5,1,0
133,2078,437,254,151,304,5,1,0
134,2078,437,254,151,304,5,1,0
135,2078,437,254,151,304,5,1,0
136,2078,437,254,151,304,5,1,0
137,2078,437,254,151,304,5,1,0
138,2078,437,254,151,304,5,1,0
139,2078,437,254,151,304,5,1,0
140,2078,437,254,151,304,5,1,0
141,2078,437,254,151,304,5,1,0
142,2078,437,254,151,304,5,1,0
143,2078,437,254,152,304,5,1,0
144,2078,437,254,152,304,5,1,0
145,2078,437,254,152,304,5,1,0
146,2078,437,254,152,304,5,1,0
147,2078,437,254,152,304,5,1,0
148,2078,437,254,152,304,5,1,0
149,2078,437,254,152,304,5,1,0
150,2078,437,254,152,304,5,1,0
151,2078,437,254,152,304,5,1,0
152,2078,437,254,152,304,5,1,0
153,2078,437,254,152,304,5,1,0
154,2078,437,254,152,304,5,1,0
155,2078,437,254,151,304,5,1,0
156,2077,437,254,152,304,5,1,0
157,2077,437,254,152,304,5,1,0
158,2077,437,254,152,304,5,1,0
159,2077,437,254,152,304,5,1,0
160,2077,437,254,152,304,5,1,0
161,2077,437,254,152,304,5,1,0
162,2077,437,254,152,304,5,1,0
163,2077,437,254,152,304,5,1,0
164,2077,437,254,152,304,5,1,0
165,2077,437,254,152,304,5,1,0
166,2077,437,254,152,304,5,1,0
167,2077,437,254,152,304,5,1,0
168,2077,437,254,152,304,5,1,0
169,2078,437,254,152,304,5,1,0
170,2078,437,254,152,304,5,1,0
171,2078,437,254,152,304,5,1,0
172,2078,437,254,152,304,5,1,0
173,2078,437,254,152,304,5,1,0
174,2078,437,254,151,304,5,1,0
175,2077,437,254,152,304,5,1,0
176,2077,437,254,152,304,5,1,0
177,2077,437,254,152,304,5,1,0
178,2077,437,254,152,304,5,1,0
179,2077,437,254,152,304,5,1,0
180,2078,436,254,152,304,5,1,0
181,2078,436,254,152,304,5,1,0
182,2078,436,254,152,304,5,1,0
183,2078,436,254,152,304,5,1,0
184,2078,436,254,152,304,5,1,0
185,2078,436,254,152,304,5,1,0
186,2078,436,254,152,304,5,1,0
187,2078,436,254,152,304,5,1,0
188,2078,436,254,152,304,5,1,0
189,2078,436,254,152,304,5,1,0
190,2078,436,254,152,304,5,1,0
191,2078,436,254,152,304,5,1,0
192,2078,436,254,152,304,5,1,0
193,2078,436,254,152,304,5,1,0
194,2078,436,253,152,304,5,1,0
195,2078,436,254,152,304,5,1,0
196,2078,436,254,152,304,5,1,0
197,2078,436,254,152,304,5,1,0
198,2078,436,254,152,304,5,1,0
199,2078,436,254,152,304,5,1,0
200,2078,436,254,152,304,5,1,0
201,2078,436,254,152,304,5,1,0
202,2078,436,254,152,304,5,1,0
203,2078,436,254,152,304,5,1,0
204,2078,436,254,152,304,5,1,0
205,2078,436,254,152,304,5,1,0
206,2078,436,254,152,304,5,1,0
207,2078,436,254,152,304,5,1,0
208,2078,436,254,152,304,5,1,0
209,2077,437,255,152,304,5,1,0
210,2077,437,255,152,304,5,1,0
211,2077,437,255,152,304,5,1,0
212,2077,437,255,152,304,5,1,0
213,2077,437,255,152,304,5,1,0
214,2077,437,255,152,304,5,1,0
215,2077,437,255,151,304,5,1,0
216,2077,437,255,151,304,5,1,0
217,2077,437,255,151,304,5,1,0
218,2077,437,255,151,304,5,1,0
219,2078,437,254,151,304,5,1,0
220,2078,437,254,151,304,5,1,0
221,2078,437,254,151,304,5,1,0
222,2078,437,254,151,304,5,1,0
223,2078,437,254,151,304,5,1,0
224,2078,437,254,151,304,5,1,0
225,2078,437,254,151,304,5,1,0
226,2078,437,254,151,304,5,1,0
227,2078,436,254,152,304,5,1,0
228,2078,437,254,151,304,5,1,0
229,2078,437,254,151,304,5,1,0
230,2078,437,254,151,304,5,1,0
231,2078,437,254,151,304,5,1,0
232,2078,437,254,151,304,5,1,0
233,2078,437,254,151,304,5,1,0
234,2078,437,254,151,304,5,1,0
235,2078,437,254,151,304,5,1,0
236,2078,437,254,151,304,5,1,0
237,2078,437,254,151,304,5,1,0
238,2078,437,254,151,304,5,1,0
239,2078,437,254,151,304,5,1,0
240,2077,437,254,151,304,5,1,0
241,2077,437,254,151,304,5,1,0
242,2077,437,254,151,304,5,1,0
243,2077,437,254,151,304,5,1,0
244,2077,437,254,151,304,5,1,0
245,2078,437,254,151,304,5,1,0
246,2078,437,254,151,304,5,1,0
247,2078,437,254,151,304,5,1,0
248,2078,437,254,151,304,5,1,0
249,2078,437,254,151,304,5,1,0
250,2077,437,254,151,304,5,1,0
251,2077,437,254,151,304,5,1,0
252,2077,437,255,151,304,5,1,0
253,2077,437,255,151,304,5,1,0
254,2077,437,254,151,304,5,1,0
255,2077,437,254,151,304,5,1,0
256,2077,437,254,151,304,5,1,0
257,2077,437,254,151,304,5,1,0
258,2077,437,254,151,304,5,1,0
259,2077,437,254,151,304,5,1,0
260,2077,437,254,151,304,5,1,0
261,2077,437,254,151,304,5,1,0
262,2077,437,254,151,304,5,1,0
263,2077,437,254,151,304,5,1,0
264,2077,437,254,151,304,5,1,0
265,2077,437,254,151,304,5,1,0
266,2077,437,254,151,304,5,1,0
267,2077,437,254,151,304,5,1,0
268,2077,437,254,151,304,5,1,0
269,2077,437,254,151,304,5,1,0
270,2077,437,254,151,304,5,1,0
271,2077,437,254,151,304,5,1,0
272,2077,437,254,151,304,5,1,0
273,2077,437,254,151,304,5,1,0
274,2077,437,254,151,304,5,1,0
275,2077,437,254,151,304,5,1,0
276,2077,437,254,151,304,5,1,0
277,2077,437,254,151,304,5,1,0
278,2077,437,254,151,304,5,1,0
279,2077,437,254,151,304,5,1,0
280,2077,437,254,151,304,5,1,0
281,2078,436,254,152,304,5,1,0
282,2078,436,254,152,304,5,1,0
283,2077,437,254,151,304,5,1,0
284,2077,437,254,152,304,5,1,0
285,2078,437,254,152,304,5,1,0
286,2078,437,254,152,304,5,1,0
287,2078,437,254,152,304,5,1,0
288,2078,437,254,152,304,5,1,0
289,2078,437,254,152,304,5,1,0
290,2078,437,254,152,304,5,1,0
291,2078,437,254,152,304,5,1,0
292,2078,437,254,152,304,5,1,0
293,2078,437,254,152,304,5,1,0
294,2078,437,254,152,304,5,1,0
295,2078,437,254,152,304,5,1,0
296,2078,437,254,152,304,5,1,0
297,2078,437,254,152,304,5,1,0
298,2078,437,254,152,304,5,1,0
299,2078,437,254,152,304,5,1,0
300,2078,436,254,152,304,5,1,0
301,2078,436,254,152,304,5,1,0
302,2078,436,254,152,304,5,1,0
303,2078,436,254,152,304,5,1,0
304,2078,436,254,152,304,5,1,0
305,2078,436,254,152,304,5,1,0
306,2078,436,254,152,304,5,1,0
307,2078,436,254,152,304,5,1,0
308,2078,436,254,152,304,5,1,0
309,2078,436,254,152,304,5,1,0
310,2078,436,254,152,304,5,1,0
311,2078,436,254,152,304,5,1,0
312,2077,436,254,152,304,5,1,0
313,2077,437,255,152,304,5,1,0
314,2077,436,254,152,304,5,1,0
315,2077,437,255,152,304,5,1,0
316,2077,437,255,152,304,5,1,0
317,2077,437,255,152,304,5,1,0
318,2077,437,255,152,304,5,1,0
319,2077,437,255,152,304,5,1,0
320,2077,437,255,152,304,5,1,0
321,2077,437,255,152,304,5,1,0
322,2077,437,255,152,304,5,1,0
323,2077,437,255,152,304,5,1,0
324,2078,436,254,152,304,5,1,0
325,2078,436,254,152,304,5,1,0
326,2078,436,254,152,304,5,1,0
327,2078,436,254,152,304,5,1,0
328,2078,436,254,152,304,5,1,0
329,2078,436,254,152,304,5,1,0
330,2077,436,254,152,304,5,1,0
331,2077,436,254,152,304,5,1,0
332,2078,436,254,152,304,5,1,0
333,2078,436,254,152,304,5,1,0
334,2078,436,254,152,304,5,1,0
335,2078,436,254,152,304,5,1,0
336,2078,436,254,152,304,5,1,0
337,2078,436,254,152,304,5,1,0
338,2078,436,254,152,304,5,1,0
339,2078,436,254,152,304,5,1,0
340,2078,436,254,152,304,5,1,0
341,2078,436,254,152,304,5,1,0
342,2078,437,254,152,304,5,1,0
343,2078,436,254,152,304,5,1,0
344,2077,437,254,152,304,5,1,0
345,2077,437,254,152,304,5,1,0
346,2077,437,254,152,304,5,1,0
347,2077,437,254,152,304,5,1,0
348,2077,437,254,152,304,5,1,0
349,2077,437,254,152,304,5,1,0
350,2077,437,254,152,304,5,1,0
351,2077,437,254,152,304,5,1,0
352,2077,437,254,152,304,5,1,0
353,2077,437,254,152,304,5,1,0
354,2077,437,254,152,304,5,1,0
355,2077,437,254,152,304,5,1,0
356,2077,437,254,152,304,5,1,0
357,2077,437,254,152,304,5,1,0
358,2077,437,254,152,304,5,1,0
359,2077,437,254,152,304,5,1,0
360,2077,437,254,152,304,5,1,0
361,2077,437,254,152,304,5,1,0
362,2077,437,254,152,304,5,1,0
363,2077,437,254,152,304,5,1,0
364,2077,437,254,152,304,5,1,0
365,2077,437,254,152,304,5,1,0
366,2077,437,254,152,304,5,1,0
367,2077,437,254,152,304,5,1,0
368,2077,437,254,152,304,5,1,0
369,2077,437,254,152,304,5,1,0
370,2077,437,254,152,304,5,1,0
371,2077,437,254,152,304,5,1,0
372,2077,437,254,152,304,5,1,0
373,2077,437,254,152,304,5,1,0
374,2077,437,254,152,304,5,1,0
375,2077,437,254,152,304,5,1,0
376,2077,437,254,152,304,5,1,0
377,2077,437,254,152,304,5,1,0
378,2077,437,254,152,304,5,1,0
379,2077,437,254,152,304,5,1,0
380,2077,437,254,152,304,5,1,0
381,2077,437,254,152,304,5,1,0
382,2077,437,254,152,304,5,1,0
383,2077,437,254,152,304,5,1,0
384,2077,437,254,152,304,5,1,0
385,2077,437,254,152,304,5,1,0
386,2077,437,254,152,304,5,1,0
387,2077,437,254,152,304,5,1,0
388,2077,437,254,152,304,5,1,0
389,2077,437,254,152,304,5,1,0
390,2077,437,254,152,304,5,1,0
391,2077,437,254,152,304,5,1,0
392,2077,437,254,152,304,5,1,0
393,2077,437,254,152,304,5,1,0
394,2078,437,254,151,304,5,1,0
395,2077,437,254,151,304,5,1,0
396,2077,437,255,151,304,5,1,0
397,2077,437,255,151,304,5,1,0
398,2077,437,255,151,304,5,1,0
399,2077,437,255,151,304,5,1,0
400,2077,436,255,152,304,5,1,0
401,2077,436,255,152,304,5,1,0
402,2077,436,255,152,304,5,1,0
403,2077,437,255,151,304,5,1,0
404,2078,437,255,151,304,5,1,0
405,2078,437,255,151,304,5,1,0
406,2077,437,255,151,304,5,1,0
407,2077,437,255,151,304,5,1,0
408,2078,437,255,151,304,5,1,0
409,2078,437,255,151,304,5,1,0
410,2077,437,255,151,304,5,1,0
411,2077,437,255,151,304,5,1,0
412,2077,437,255,151,304,5,1,0
413,2077,437,255,151,304,5,1,0
414,2077,437,255,151,304,5,1,0
415,2077,437,255,151,304,5,1,0
416,2077,437,255,151,304,5,1,0
417,2078,437,255,151,304,5,1,0
418,2077,437,255,151,304,5,1,0
419,2077,437,255,151,304,5,1,0
420,2077,437,254,152,304,5,1,0
421,2077,437,254,152,304,5,1,0
422,2077,437,254,152,304,5,1,0
423,2077,437,254,152,304,5,1,0
424,2077,437,254,152,304,5,1,0
425,2077,437,254,152,304,5,1,0
426,2077,437,254,152,304,5,1,0
427,2077,437,254,152,304,5,1,0
428,2077,437,254,152,304,5,1,0
429,2077,437,254,152,304,5,1,0
430,2077,437,254,152,304,5,1,0
431,2077,437,254,152,304,5,1,0
432,2077,437,254,152,304,5,1,0
433,2077,437,254,152,304,5,1,0
434,2077,437,254,152,304,5,1,0
435,2077,437,254,152,304,5,1,0
436,2077,437,254,152,304,5,1,0
437,2077,437,254,152,304,5,1,0
438,2077,437,254,152,304,5,1,0
439,2077,437,254,152,304,5,1,0
440,2077,437,254,152,304,5,1,0
441,2077,437,254,152,304,5,1,0
442,2077,437,254,152,304,5,1,0
443,2077,437,254,152,304,5,1,0
444,2077,436,255,152,304,5,1,0
445,2077,436,255,152,304,5,1,0
446,2077,436,255,152,304,5,1,0
447,2077,436,255,152,304,5,1,0
448,2077,436,255,152,304,5,1,0
449,2077,436,255,152,304,5,1,0
450,2077,436,255,152,304,5,1,0
451,2077,437,255,152,304,5,1,0
452,2077,437,255,152,304,5,1,0
453,2077,437,255,152,304,5,1,0
454,2077,437,255,152,304,5,1,0
455,2077,437,255,152,304,5,1,0
456,2077,437,255,152,304,5,1,0
457,2077,437,255,152,304,5,1,0
458,2077,437,255,152,304,5,1,0
459,2077,437,255,152,304,5,1,0
460,2077,437,255,152,304,5,1,0
461,2077,437,255,152,304,5,1,0
462,2077,437,255,152,304,5,1,0
463,2077,437,254,152,304,5,1,0
464,2077,437,254,152,304,5,1,0
465,2077,437,254,152,304,5,1,0
466,2077,437,254,152,304,5,1,0
467,2077,437,254,152,304,5,1,0
468,2077,436,255,152,304,5,1,0
469,2077,436,255,152,304,5,1,0
470,2077,436,254,152,304,5,1,0
471,2077,436,254,152,304,5,1,0
472,2077,436,254,152,304,5,1,0
473,2077,436,254,152,304,5,1,0
474,2077,436,254,152,304,5,1,0
475,2077,436,255,152,304,5,1,0
476,2077,436,255,152,304,5,1,0
477,2077,436,255,152,304,5,1,0
478,2077,436,255,152,304,5,1,0
479,2077,436,254,152,304,5,1,0
480,2077,436,254,152,304,5,1,0
481,2077,436,254,152,304,5,1,0
482,2077,436,254,152,304,5,1,0
483,2077,436,255,152,304,5,1,0
484,2077,436,255,152,304,5,1,0
485,2077,436,254,152,304,5,1,0
486,2077,437,254,152,304,5,1,0
487,2077,437,254,152,304,5,1,0
488,2077,437,254,152,304,5,1,0
489,2077,437,254,152,304,5,1,0
490,2077,437,254,152,304,5,1,0
491,2077,437,254,152,304,5,1,0
492,2077,437,255,151,304,5,1,0
493,2077,437,255,151,304,5,1,0
494,2077,437,255,151,304,5,1,0
495,2077,437,255,152,304,5,1,0
496,2077,437,255,152,304,5,1,0
497,2077,437,255,152,304,5,1,0
498,2077,437,255,152,304,5,1,0
499,2077,437,255,152,304,5,1,0
500,2077,437,254,152,304,5,1,0
501,2077,437,254,152,304,5,1,0
502,2077,437,254,152,304,5,1,0
503,2077,437,254,152,304,5,1,0
504,2078,436,254,152,304,5,1,0
505,2078,436,254,152,304,5,1,0
506,2078,436,254,152,304,5,1,0
507,2078,436,254,152,304,5,1,0
508,2078,436,254,152,304,5,1,0
509,2078,436,254,152,304,5,1,0
510,2078,436,254,152,304,5,1,0
511,2078,436,254,152,304,5,1,0
512,2078,436,254,152,304,5,1,0
513,2078,436,254,152,304,5,1,0
514,2078,436,254,152,304,5,1,0
515,2078,436,254,152,304,5,1,0
516,2077,436,254,152,304,5,1,0
517,2078,436,254,152,304,5,1,0
518,2078,436,254,152,304,5,1,0
519,2077,436,254,152,304,5,1,0
520,2078,436,254,152,304,5,1,0
521,2077,436,254,152,304,5,1,0
522,2077,436,254,152,304,5,1,0
523,2077,436,254,152,304,5,1,0
524,2078,436,254,152,304,5,1,0
525,2078,436,254,152,304,5,1,0
526,2078,436,254,152,304,5,1,0
527,2078,436,254,152,304,5,1,0
528,2078,436,254,152,304,5,1,0
529,2078,436,254,152,304,5,1,0
530,2078,436,254,152,304,5,1,0
531,2078,436,254,152,304,5,1,0
532,2078,436,254,152,304,5,1,0
533,2078,436,254,152,304,5,1,0
534,2078,436,254,152,304,5,1,0
535,2078,436,254,152,304,5,1,0
536,2078,436,254,152,304,5,1,0
537,2078,436,254,152,304,5,1,0
538,2078,436,254,152,304,5,1,0
539,2078,436,254,152,304,5,1,0
540,2078,436,254,152,304,5,1,0
541,2078,436,254,152,304,5,1,0
542,2078,436,254,152,304,5,1,0
543,2078,436,254,152,304,5,1,0
544,2078,436,254,152,304,5,1,0
545,2078,436,254,152,304,5,1,0
546,2078,436,254,152,304,5,1,0
547,2078,436,254,152,304,5,1,0
548,2078,436,254,152,304,5,1,0
549,2078,436,254,152,304,5,1,0
550,2078,436,254,152,304,5,1,0
551,2078,436,254,152,304,5,1,0
552,2078,436,254,152,304,5,1,0
553,2078,436,254,152,304,5,1,0
554,2078,436,254,152,304,5,1,0
555,2078,436,254,152,304,5,1,0
556,2078,436,254,152,304,5,1,0
557,2078,436,254,152,304,5,1,0
558,2078,436,254,152,304,5,1,0
559,2078,436,254,152,304,5,1,0
560,2078,436,254,152,304,5,1,0
561,2078,436,254,152,304,5,1,0
562,2078,436,254,152,304,5,1,0
563,2078,436,254,152,304,5,1,0
564,2078,436,254,152,304,5,1,0
565,2078,436,254,152,304,5,1,0
566,2078,436,254,152,304,5,1,0
567,2078,436,254,152,304,5,1,0
568,2078,436,254,152,304,5,1,0
569,2078,436,254,152,304,5,1,0
570,2078,436,254,152,304,5,1,0
571,2078,436,254,152,304,5,1,0
572,2078,436,254,152,304,5,1,0
573,2078,436,254,152,304,5,1,0
574,2078,436,254,152,304,5,1,0
575,2078,436,254,152,304,5,1,0
576,2078,436,254,152,304,5,1,0
577,2078,436,254,152,304,5,1,0
578,2078,436,254,152,304,5,1,0
579,2078,436,254,152,304,5,1,0
580,2078,436,254,152,304,5,1,0
581,2078,436,254,152,304,5,1,0
582,2078,436,254,152,304,5,1,0
583,2078,436,254,152,304,5,1,0
584,2078,436,254,152,304,5,1,0
585,2078,436,254,152,304,5,1,0
586,2078,436,254,152,304,5,1,0
587,2078,436,254,152,304,5,1,0
588,2078,436,254,152,304,5,1,0
589,2078,436,254,152,304,5,1,0
590,2078,436,254,152,304,5,1,0
591,2078,436,254,152,304,5,1,0
592,2078,436,254,152,304,5,1,0
593,2078,436,254,152,304,5,1,0
594,2078,436,254,152,304,5,1,0
595,2078,436,254,152,304,5,1,0
596,2078,436,254,152,304,5,1,0
597,2078,436,254,152,304,5,1,0
598,2078,436,254,152,304,5,1,0
599,2078,436,254,152,304,5,1,0
600,2078,436,254,152,304,5,1,0
601,2078,436,254,152,304,5,1,0
602,2078,436,254,152,304,5,1,0
603,2078,436,254,152,304,5,1,0
604,2078,436,254,152,304,5,1,0
605,2078,436,254,152,304,5,1,0
606,2078,436,254,152,304,5,1,0
607,2078,436,254,152,304,5,1,0
608,2078,436,254,152,304,5,1,0
609,2078,436,254,152,304,5,1,0
610,2078,436,254,152,304,5,1,0
611,2078,436,254,152,304,5,1,0
612,2078,436,254,152,304,5,1,0
613,2078,436,254,152,304,5,1,0
614,2078,436,254,152,304,5,1,0
615,2078,436,254,152,304,5,1,0
616,2078,436,254,152,304,5,1,0
617,2078,436,254,152,304,5,1,0
618,2078,436,254,152,304,5,1,0
619,2078,436,254,152,304,5,1,0
620,2078,436,254,152,304,5,1,0
621,2078,436,254,152,304,5,1,0
622,2078,436,254,152,304,5,1,0
623,2078,436,254,152,304,5,1,0
624,2078,436,254,152,304,5,1,0
625,2078,436,254,152,304,5,1,0
626,2078,436,254,152,304,5,1,0
627,2078,436,254,152,304,5,1,0
628,2078,436,254,152,304,5,1,0
629,2078,436,254,152,304,5,1,0
630,2078,436,254,152,304,5,1,0
631,2078,436,254,152,304,5,1,0
632,2078,436,254,152,304,5,1,0
633,2078,436,254,152,304,5,1,0
634,2078,436,254,152,304,5,1,0
635,2078,436,254,152,304,5,1,0
636,2078,436,254,152,304,5,1,0
637,2078,436,254,152,304,5,1,0
638,2078,436,254,152,304,5,1,0
639,2078,436,254,152,304,5,1,0
640,2078,436,254,152,304,5,1,0
641,2078,436,254,152,304,5,1,0
642,2078,436,254,152,304,5,1,0
643,2078,436,254,152,304,5,1,0
644,2078,436,254,152,304,5,1,0
645,2078,436,254,152,304,5,1,0
646,2078,436,254,152,304,5,1,0
647,2078,436,254,152,304,5,1,0
648,2078,436,254,152,304,5,1,0
649,2078,436,254,152,304,5,1,0
650,2078,436,254,152,304,5,1,0
651,2078,436,254,152,304,5,1,0
652,2078,436,254,152,304,5,1,0
653,2077,437,254,152,304,5,1,0
654,2077,437,254,152,304,5,1,0
655,2077,437,254,152,304,5,1,0
656,2077,437,255,152,304,5,1,0
657,2077,437,254,152,304,5,1,0
658,2077,437,255,152,304,5,1,0
659,2077,437,255,152,304,5,1,0
660,2077,437,255,152,304,5,1,0
661,2077,437,255,152,304,5,1,0
662,2077,437,255,152,304,5,1,0
663,2077,437,255,152,304,5,1,0
664,2077,437,255,152,304,5,1,0
665,2077,437,255,152,304,5,1,0
666,2077,437,255,152,304,5,1,0
667,2077,437,255,152,304,5,1,0
668,2077,437,255,152,304,5,1,0
669,2077,437,255,152,304,5,1,0
670,2077,437,255,152,304,5,1,0
671,2077,437,255,152,304,5,1,0
672,2077,437,255,152,304,5,1,0
673,2077,437,255,152,304,5,1,0
674,2077,437,255,152,304,5,1,0
675,2077,437,255,152,304,5,1,0
676,2077,437,255,152,304,5,1,0
677,2077,436,255,152,304,5,1,0
678,2077,436,255,152,304,5,1,0
679,2077,436,255,152,304,5,1,0
680,2077,436,255,152,304,5,1,0
681,2077,436,255,152,304,5,1,0
682,2077,437,255,152,304,5,1,0
683,2077,437,255,152,304,5,1,0
684,2077,437,254,152,304,5,1,0
685,2077,437,254,152,304,5,1,0
686,2077,437,254,152,304,5,1,0
687,2077,437,254,152,304,5,1,0
688,2077,437,254,152,304,5,1,0
689,2077,437,254,152,304,5,1,0
690,2077,437,254,152,304,5,1,0
691,2077,437,254,152,304,5,1,0
692,2077,437,254,152,304,5,1,0
693,2077,437,254,152,304,5,1,0
694,2077,437,254,152,304,5,1,0
695,2077,437,254,152,304,5,1,0
696,2078,436,254,152,304,5,1,0
697,2078,436,254,152,304,5,1,0
698,2078,436,254,152,304,5,1,0
699,2078,436,254,152,304,5,1,0
700,2077,437,254,152,304,5,1,0
701,2077,436,254,152,304,5,1,0
702,2077,436,254,152,304,5,1,0
703,2077,436,254,152,304,5,1,0
704,2077,436,254,152,304,5,1,0
705,2077,436,254,152,304,5,1,0
706,2077,437,254,152,304,5,1,0
707,2077,437,254,152,304,5,1,0
708,2078,437,254,152,304,5,1,0
709,2078,437,254,152,304,5,1,0
710,2078,437,254,152,304,5,1,0
711,2078,437,254,152,304,5,1,0
712,2077,437,254,152,304,5,1,0
713,2078,437,254,152,304,5,1,0
714,2077,437,254,152,304,5,1,0
715,2077,437,254,152,304,5,1,0
716,2077,437,254,151,304,5,1,0
717,2077,437,254,151,304,5,1,0
718,2077,437,254,151,304,5,1,0
719,2077,437,254,151,304,5,1,0
720,2077,437,254,152,304,5,1,0
721,2077,437,254,152,304,5,1,0
722,2077,437,254,152,304,5,1,0
723,2077,437,254,152,304,5,1,0
724,2077,437,254,152,304,5,1,0
725,2077,437,254,152,304,5,1,0
726,2077,437,254,152,304,5,1,0
727,2077,436,255,152,304,5,1,0
728,2077,437,255,152,304,5,1,0
729,2077,437,255,152,304,5,1,0
730,2077,437,255,152,304,5,1,0
731,2077,437,255,152,304,5,1,0
732,2077,437,255,152,304,5,1,0
733,2077,437,255,152,304,5,1,0
734,2077,437,255,152,304,5,1,0
735,2077,437,255,152,304,5,1,0
736,2077,436,254,152,304,5,1,0
737,2077,436,254,152,304,5,1,0
738,2077,436,254,152,304,5,1,0
739,2077,436,254,152,304,5,1,0
740,2077,436,254,152,304,5,1,0
741,2077,436,254,152,304,5,1,0
742,2077,436,254,152,304,5,1,0
743,2077,437,254,152,304,5,1,0
744,2077,436,254,152,304,5,1,0
745,2077,436,254,152,304,5,1,0
746,2077,437,254,152,304,5,1,0
747,2077,437,254,152,304,5,1,0
748,2077,437,254,152,304,5,1,0
749,2077,437,254,152,304,5,1,0
750,2077,437,254,152,304,5,1,0
751,2077,437,254,152,304,5,1,0
752,2077,437,254,152,304,5,1,0
753,2077,437,254,152,304,5,1,0
754,2077,437,254,152,304,5,1,0
755,2077,437,254,152,304,5,1,0
756,2077,437,254,152,304,5,1,0
757,2077,437,254,152,304,5,1,0
758,2077,437,254,152,304,5,1,0
759,2077,437,254,152,304,5,1,0
760,2077,437,254,152,304,5,1,0
761,2077,437,254,152,304,5,1,0
762,2077,437,254,152,304,5,1,0
763,2077,437,254,152,304,5,1,0
764,2077,437,254,152,304,5,1,0
765,2077,437,254,152,304,5,1,0
766,2077,437,254,152,304,5,1,0
767,2077,437,254,152,304,5,1,0
768,2078,436,253,152,304,5,1,0
769,2078,436,253,152,304,5,1,0
770,2078,436,253,152,304,5,1,0
771,2078,436,253,152,304,5,1,0
772,2078,436,253,152,304,5,1,0
773,2078,436,253,152,304,5,1,0
774,2078,436,253,152,304,5,1,0
775,2078,436,253,152,304,5,1,0
776,2077,437,254,152,304,5,1,0
777,2077,437,254,152,304,5,1,0
778,2077,437,254,152,304,5,1,0
779,2077,437,254,152,304,5,1,0
780,2077,437,254,152,304,5,1,0
781,2077,437,254,152,304,5,1,0
782,2077,437,254,152,304,5,1,0
783,2077,437,254,152,304,5,1,0
784,2077,437,254,152,304,5,1,0
785,2077,437,254,152,304,5,1,0
786,2077,437,254,151,304,5,1,0
787,2077,437,254,151,304,5,1,0
788,2077,437,254,151,304,5,1,0
789,2077,437,254,151,304,5,1,0
790,2077,437,254,151,304,5,1,0
791,2077,437,254,151,304,5,1,0
792,2077,437,254,151,304,5,1,0
793,2077,437,254,151,304,5,1,0
794,2077,437,254,151,304,5,1,0
795,2077,437,254,151,304,5,1,0
796,2077,437,254,151,304,5,1,0
797,2077,437,254,151,304,5,1,0
798,2077,437,254,151,304,5,1,0
799,2077,437,254,151,304,5,1,0
800,2077,437,254,151,304,5,1,0
801,2077,437,254,151,304,5,1,0
802,2077,437,254,151,304,5,1,0
803,2077,437,254,151,304,5,1,0
804,2077,437,254,152,304,5,1,0
805,2077,437,254,152,304,5,1,0
806,2077,437,254,152,304,5,1,0
807,2077,437,254,152,304,5,1,0
808,2077,437,254,152,304,5,1,0
809,2077,437,254,152,304,5,1,0
810,2077,437,254,152,304,5,1,0
811,2077,437,254,152,304,5,1,0
812,2077,437,255,152,304,5,1,0
813,2077,437,254,152,304,5,1,0
814,2077,437,254,152,304,5,1,0
815,2077,437,254,152,304,5,1,0
816,2077,437,254,152,304,5,1,0
817,2077,437,254,152,304,5,1,0
818,2077,437,254,152,304,5,1,0
819,2077,437,254,152,304,5,1,0
820,2077,437,254,152,304,5,1,0
821,2077,437,254,152,304,5,1,0
822,2077,437,254,152,304,5,1,0
823,2077,437,254,152,304,5,1,0
824,2077,437,254,152,304,5,1,0
825,2077,437,254,152,304,5,1,0
826,2077,437,254,152,304,5,1,0
827,2077,437,254,152,304,5,1,0
828,2077,437,254,152,304,5,1,0
829,2077,437,254,152,304,5,1,0
830,2077,437,254,152,304,5,1,0
831,2077,437,254,152,304,5,1,0
832,2077,437,254,152,304,5,1,0
833,2077,437,254,152,304,5,1,0
834,2077,437,254,152,304,5,1,0
835,2077,437,254,152,304,5,1,0
836,2077,437,254,151,304,5,1,0
837,2077,437,254,151,304,5,1,0
838,2077,437,254,151,304,5,1,0
839,2077,437,254,151,304,5,1,0
840,2078,436,254,151,304,5,1,0
841,2078,436,254,151,304,5,1,0
842,2078,436,254,151,304,5,1,0
843,2078,436,254,151,304,5,1,0
844,2078,436,253,151,304,5,1,0
845,2078,436,253,151,304,5,1,0
846,2078,436,253,151,304,5,1,0
847,2078,436,254,151,304,5,1,0
848,2078,436,253,151,304,5,1,0
849,2078,436,253,151,304,5,1,0
850,2078,436,253,151,304,5,1,0
851,2078,436,253,151,304,5,1,0
852,2078,436,253,151,304,5,1,0
853,2078,436,253,151,304,5,1,0
854,2078,436,254,151,304,5,1,0
855,2078,436,253,151,304,5,1,0
856,2078,436,253,151,304,5,1,0
857,2078,437,254,151,304,5,1,0
858,2078,437,254,151,304,5,1,0
859,2078,437,254,151,304,5,1,0
860,2077,437,254,150,304,5,1,0
861,2078,437,254,151,304,5,1,0
862,2084,436,249,146,304,5,1,0
863,2093,437,239,151,304,5,1,0
864,2078,437,254,151,304,5,1,0
865,2077,437,255,151,304,5,1,0
866,2077,437,255,151,304,5,1,0
867,2078,437,255,150,304,5,1,0
868,2077,437,255,148,304,5,1,0
869,2077,437,251,145,304,5,1,0
870,2077,437,251,149,304,5,1,0
871,2077,437,255,151,304,5,1,0
872,2077,437,255,151,304,5,1,0
873,2077,437,255,151,304,5,1,0
874,2077,437,254,151,304,5,1,0
875,2077,437,254,151,304,5,1,0
876,2077,436,255,152,304,5,1,0
877,2077,436,255,152,304,5,1,0
878,2077,436,255,152,304,5,1,0
879,2077,437,255,152,304,5,1,0
880,2077,436,255,152,304,5,1,0
881,2077,437,255,152,304,5,1,0
882,2077,436,255,152,304,5,1,0
883,2077,437,255,152,304,5,1,0
884,2077,436,255,152,304,5,1,0
885,2077,436,255,152,304,5,1,0
886,2077,437,255,152,304,5,1,0
887,2077,436,255,152,304,5,1,0
888,2077,436,255,152,304,5,1,0
889,2077,437,255,151,304,5,1,0
890,2077,436,255,151,304,5,1,0
891,2077,436,255,151,304,5,1,0
892,2077,436,254,151,304,5,1,0
893,2077,436,255,151,304,5,1,0
894,2077,437,254,151,304,5,1,0
895,2077,436,254,151,304,5,1,0
896,2077,436,255,151,304,5,1,0
897,2077,436,255,151,304,5,1,0
898,2077,436,255,151,304,5,1,0
899,2077,436,254,151,304,5,1,0
900,2077,436,254,152,304,5,1,0
901,2077,436,254,152,304,5,1,0
902,2077,436,254,152,304,5,1,0
903,2077,436,254,152,304,5,1,0
904,2077,436,254,152,304,5,1,0
905,2077,436,254,152,304,5,1,0
906,2077,436,254,152,304,5,1,0
907,2077,436,254,152,304,5,1,0
908,2077,436,254,152,304,5,1,0
909,2077,436,254,152,304,5,1,0
910,2077,436,254,151,304,5,1,0
911,2077,436,254,151,304,5,1,0
912,2077,436,254,152,304,5,1,0
913,2077,436,254,152,304,5,1,0
914,2077,436,254,152,304,5,1,0
915,2077,436,254,152,304,5,1,0
916,2077,436,254,152,304,5,1,0
917,2077,436,254,152,304,5,1,0
918,2077,436,254,152,304,5,1,0
919,2077,436,254,152,304,5,1,0
920,2077,436,254,152,304,5,1,0
921,2077,436,254,152,304,5,1,0
922,2077,436,254,152,304,5,1,0
923,2077,436,254,152,304,5,1,0
924,2077,436,254,151,304,5,1,0
925,2077,436,254,151,304,5,1,0
926,2077,436,254,151,304,5,1,0
927,2077,436,254,151,304,5,1,0
928,2077,436,254,151,304,5,1,0
929,2077,436,254,151,304,5,1,0
930,2077,436,254,151,304,5,1,0
931,2077,436,254,151,304,5,1,0
932,2077,436,254,151,304,5,1,0
933,2077,436,254,151,304,5,1,0
934,2077,436,254,151,304,5,1,0
935,2077,436,254,151,304,5,1,0
936,2077,437,254,151,304,5,1,0
937,2077,437,255,151,304,5,1,0
938,2077,437,255,151,304,5,1,0
939,2077,437,255,151,304,5,1,0
940,2077,436,255,151,304,5,1,0
941,2077,437,255,151,304,5,1,0
942,2077,436,255,151,304,5,1,0
943,2077,436,255,151,304,5,1,0
944,2077,436,255,151,304,5,1,0
945,2077,437,255,151,304,5,1,0
946,2077,437,255,151,304,5,1,0
947,2077,437,255,151,304,5,1,0
948,2077,436,254,152,304,5,1,0
949,2077,436,254,152,304,5,1,0
950,2078,436,253,152,304,5,1,0
951,2078,436,253,152,304,5,1,0
952,2077,436,254,152,304,5,1,0
953,2078,436,254,152,304,5,1,0
954,2078,437,254,152,304,5,1,0
955,2078,436,254,152,304,5,1,0
956,2078,437,253,151,304,5,1,0
957,2078,437,253,152,304,5,1,0
958,2078,437,253,152,304,5,1,0
959,2078,437,253,152,304,5,1,0
960,2078,437,254,151,304,5,1,0
961,2077,437,254,151,304,5,1,0
962,2077,437,254,152,304,5,1,0
963,2077,437,254,152,304,5,1,0
964,2077,437,254,152,304,5,1,0
965,2077,437,254,152,304,5,1,0
966,2077,437,254,152,304,5,1,0
967,2077,437,254,152,304,5,1,0
968,2077,437,254,152,304,5,1,0
969,2077,437,254,152,304,5,1,0
970,2077,437,254,152,304,5,1,0
971,2077,437,254,152,304,5,1,0
972,2077,437,254,152,304,5,1,0
973,2077,437,254,152,304,5,1,0
974,2077,437,254,152,304,5,1,0
975,2077,437,254,152,304,5,1,0
976,2077,437,254,152,304,5,1,0
977,2077,437,254,152,304,5,1,0
978,2077,437,254,152,304,5,1,0
979,2077,437,254,152,304,5,1,0
980,2077,437,254,152,304,5,1,0
981,2077,437,254,152,304,5,1,0
982,2077,437,254,152,304,5,1,0
983,2077,437,254,152,304,5,1,0
984,2077,437,255,151,304,5,1,0
985,2077,437,255,151,304,5,1,0
986,2077,437,255,151,304,5,1,0
987,2077,437,255,151,304,5,1,0
988,2077,437,255,152,304,5,1,0
989,2077,437,255,152,304,5,1,0
990,2077,437,255,152,304,5,1,0
991,2077,437,255,152,304,5,1,0
992,2077,437,255,152,304,5,1,0
993,2077,437,255,152,304,5,1,0
994,2077,437,254,152,304,5,1,0
995,2077,437,254,152,304,5,1,0
996,2077,437,255,151,304,5,1,0
997,2077,437,255,151,304,5,1,0
998,2077,437,255,151,304,5,1,0
999,2077,437,255,151,304,5,1,0
1000,2077,437,254,151,304,5,1,0
1001,2077,437,254,151,304,5,1,0
1002,2077,437,254,151,304,5,1,0
1003,2077,437,254,151,304,5,1,0
1004,2077,437,254,152,304,5,1,0
1005,2077,437,255,152,304,5,1,0
1006,2077,437,255,152,304,5,1,0
1007,2077,437,255,152,304,5,1,0
1008,2077,436,254,152,304,5,1,0
1009,2077,436,254,152,304,5,1,0
1010,2077,436,254,152,304,5,1,0
1011,2077,436,254,152,304,5,1,0
1012,2077,436,254,152,304,5,1,0
1013,2077,436,254,152,304,5,1,0
1014,2077,436,254,152,304,5,1,0
1015,2077,436,254,152,304,5,1,0
1016,2077,437,254,152,304,5,1,0
1017,2077,436,254,152,304,5,1,0
1018,2077,436,254,152,304,5,1,0
1019,2077,437,254,152,304,5,1,0
1020,2077,437,254,152,304,5,1,0
1021,2077,437,254,152,304,5,1,0
1022,2077,437,254,152,304,5,1,0
1023,2077,437,254,152,304,5,1,0
1024,2077,437,254,152,304,5,1,0
1025,2077,437,254,152,304,5,1,0
1026,2077,437,254,152,304,5,1,0
1027,2077,437,254,152,304,5,1,0
1028,2077,437,254,152,304,5,1,0
1029,2077,437,254,152,304,5,1,0
1030,2077,437,254,152,304,5,1,0
1031,2077,437,254,152,304,5,1,0
1032,2077,437,254,152,304,5,1,0
1033,2077,437,254,151,304,5,1,0
1034,2077,437,254,151,304,5,1,0
1035,2077,437,254,151,304,5,1,0
1036,2077,437,254,151,304,5,1,0
1037,2077,437,254,151,304,5,1,0
1038,2077,437,254,151,304,5,1,0
1039,2077,437,254,151,304,5,1,0
1040,2077,437,254,151,304,5,1,0
1041,2077,437,254,152,304,5,1,0
1042,2077,437,254,152,304,5,1,0
1043,2077,437,254,152,304,5,1,0
1044,2077,437,254,152,304,5,1,0
1045,2077,437,254,152,304,5,1,0
1046,2077,437,254,152,304,5,1,0
1047,2077,437,254,152,304,5,1,0
1048,2077,437,254,152,304,5,1,0
1049,2077,437,254,152,304,5,1,0
1050,2077,437,254,152,304,5,1,0
1051,2077,437,254,152,304,5,1,0
1052,2077,437,254,152,304,5,1,0
1053,2077,437,254,152,304,5,1,0
1054,2077,437,254,152,304,5,1,0
1055,2077,437,254,152,304,5,1,0
1056,2077,437,254,152,304,5,1,0
1057,2077,437,254,152,304,5,1,0
1058,2077,437,254,152,304,5,1,0
1059,2077,437,254,152,304,5,1,0
1060,2077,437,254,152,304,5,1,0
1061,2077,437,254,152,304,5,1,0
1062,2077,437,254,152,304,5,1,0
1063,2077,437,254,152,304,5,1,0
1064,2077,437,254,152,304,5,1,0
1065,2077,437,254,152,304,5,1,0
1066,2077,437,254,152,304,5,1,0
1067,2077,437,254,151,304,5,1,0
1068,2077,437,254,151,304,5,1,0
1069,2077,437,254,151,304,5,1,0
1070,2077,437,254,151,304,5,1,0
1071,2077,437,254,151,304,5,1,0
1072,2077,437,254,151,304,5,1,0
1073,2077,437,254,151,304,5,1,0
1074,2077,437,255,152,304,5,1,0
1075,2077,436,254,152,304,5,1,0
1076,2077,437,254,152,304,5,1,0
1077,2077,437,254,152,304,5,1,0
1078,2077,437,255,152,304,5,1,0
1079,2077,437,255,152,304,5,1,0
1080,2077,436,254,152,304,5,1,0
1081,2077,436,254,152,304,5,1,0
1082,2077,436,254,152,304,5,1,0
1083,2077,436,254,152,304,5,1,0
1084,2077,436,254,152,304,5,1,0
1085,2077,436,254,152,304,5,1,0
1086,2077,437,254,151,304,5,1,0
1087,2077,437,254,151,304,5,1,0
1088,2077,437,254,151,304,5,1,0
1089,2078,437,254,151,304,5,1,0
1090,2077,437,254,151,304,5,1,0
1091,2077,437,254,151,304,5,1,0
1092,2077,437,254,151,304,5,1,0
1093,2078,437,254,151,304,5,1,0
1094,2077,437,254,152,304,5,1,0
1095,2077,437,254,151,304,5,1,0
1096,2078,437,254,151,304,5,1,0
1097,2077,437,254,151,304,5,1,0
1098,2077,437,254,151,304,5,1,0
1099,2077,437,254,152,304,5,1,0
1100,2078,437,254,151,304,5,1,0
1101,2078,437,254,151,304,5,1,0
1102,2077,437,254,152,304,5,1,0
1103,2078,437,254,152,304,5,1,0
1104,2078,437,254,152,304,5,1,0
1105,2078,437,254,152,304,5,1,0
1106,2077,437,254,152,304,5,1,0
1107,2077,437,254,152,304,5,1,0
1108,2077,437,254,152,304,5,1,0
1109,2077,437,254,152,304,5,1,0
1110,2077,437,254,152,304,5,1,0
1111,2077,437,254,152,304,5,1,0
1112,2077,437,254,152,304,5,1,0
1113,2077,437,254,152,304,5,1,0
1114,2077,437,254,152,304,5,1,0
1115,2077,437,254,152,304,5,1,0
1116,2078,437,254,151,304,5,1,0
1117,2078,437,254,151,304,5,1,0
1118,2078,437,253,151,304,5,1,0
1119,2078,437,254,151,304,5,1,0
1120,2078,437,254,151,304,5,1,0
1121,2078,437,254,151,304,5,1,0
1122,2078,437,254,151,304,5,1,0
1123,2078,437,254,151,304,5,1,0
1124,2078,437,254,151,304,5,1,0
1125,2078,437,254,151,304,5,1,0
1126,2078,437,253,151,304,5,1,0
1127,2078,437,254,151,304,5,1,0
1128,2078,437,254,151,304,5,1,0
1129,2078,437,254,151,304,5,1,0
1130,2078,437,254,152,304,5,1,0
1131,2078,437,254,152,304,5,1,0
1132,2077,437,254,152,304,5,1,0
1133,2078,437,254,152,304,5,1,0
1134,2078,437,254,152,304,5,1,0
1135,2078,437,254,152,304,5,1,0
1136,2078,437,254,151,304,5,1,0
1137,2077,437,254,151,304,5,1,0
1138,2077,437,254,151,304,5,1,0
1139,2077,437,254,151,304,5,1,0
1140,2077,437,254,151,304,5,1,0
1141,2077,437,254,151,304,5,1,0
1142,2077,437,254,151,304,5,1,0
1143,2078,437,254,151,304,5,1,0
1144,2077,437,254,151,304,5,1,0
1145,2077,437,254,151,304,5,1,0
1146,2078,437,254,151,304,5,1,0
1147,2078,437,254,151,304,5,1,0
1148,2078,437,254,151,304,5,1,0
1149,2077,437,254,152,304,5,1,0
1150,2077,437,254,151,304,5,1,0
1151,2077,437,254,151,304,5,1,0
1152,2078,437,254,152,304,5,1,0
1153,2078,437,254,152,304,5,1,0
1154,2078,437,254,152,304,5,1,0
1155,2078,437,254,152,304,5,1,0
1156,2078,437,254,152,304,5,1,0
1157,2078,436,254,152,304,5,1,0
1158,2078,436,254,152,304,5,1,0
1159,2078,436,254,152,304,5,1,0
1160,2078,436,254,152,304,5,1,0
1161,2078,437,254,152,304,5,1,0
1162,2078,437,254,152,304,5,1,0
1163,2078,437,254,152,304,5,1,0
1164,2078,437,254,152,304,5,1,0
1165,2078,437,254,152,304,5,1,0
1166,2078,437,253,151,304,5,1,0
1167,2078,437,253,151,304,5,1,0
1168,2078,437,253,151,304,5,1,0
1169,2078,437,253,151,304,5,1,0
1170,2078,437,253,151,304,5,1,0
1171,2078,437,253,151,304,5,1,0
1172,2078,437,253,151,304,5,1,0
1173,2078,437,253,151,304,5,1,0
1174,2078,437,253,151,304,5,1,0
1175,2078,437,253,151,304,5,1,0
1176,2078,437,253,151,304,5,1,0
1177,2078,437,253,151,304,5,1,0
1178,2078,437,253,151,304,5,1,0
1179,2078,437,253,151,304,5,1,0
1180,2078,437,253,151,304,5,1,0
1181,2078,437,253,151,304,5,1,0
1182,2078,437,253,151,304,5,1,0
1183,2078,437,253,151,304,5,1,0
1184,2078,437,253,151,304,5,1,0
1185,2078,437,253,151,304,5,1,0
1186,2078,437,253,151,304,5,1,0
1187,2078,437,253,151,304,5,1,0
1188,2078,437,253,151,304,5,1,0
1189,2078,437,253,151,304,5,1,0
1190,2078,437,253,151,304,5,1,0
1191,2078,437,253,151,304,5,1,0
1192,2078,437,253,151,304,5,1,0
1193,2078,437,253,151,304,5,1,0
1194,2078,437,253,151,304,5,1,0
1195,2078,437,253,151,304,5,1,0
1196,2078,437,253,151,304,5,1,0
1197,2078,437,253,151,304,5,1,0
1198,2078,437,253,151,304,5,1,0
1199,2078,437,253,151,304,5,1,0
1200,2078,437,253,151,304,5,1,0
1201,2078,437,253,151,304,5,1,0
1202,2078,437,253,151,304,5,1,0
1203,2078,437,254,152,304,5,1,0
1204,2078,437,254,152,304,5,1,0
1205,2078,437,254,152,304,5,1,0
1206,2078,437,254,152,304,5,1,0
1207,2078,437,254,152,304,5,1,0
1208,2078,437,254,152,304,5,1,0
1209,2077,437,254,152,304,5,1,0
1210,2077,437,254,152,304,5,1,0
1211,2077,437,254,152,304,5,1,0
1212,2078,436,254,152,304,5,1,0
1213,2078,436,254,152,304,5,1,0
1214,2078,437,254,152,304,5,1,0
1215,2078,437,254,152,304,5,1,0
1216,2078,437,254,152,304,5,1,0
1217,2078,437,254,152,304,5,1,0
1218,2078,437,254,152,304,5,1,0
1219,2078,437,254,152,304,5,1,0
1220,2078,437,254,152,304,5,1,0
1221,2078,437,254,152,304,5,1,0
1222,2078,437,254,152,304,5,1,0
1223,2078,437,254,152,304,5,1,0
1224,2077,437,254,152,304,5,1,0
1225,2077,437,254,152,304,5,1,0
1226,2077,437,254,152,304,5,1,0
1227,2077,437,254,152,304,5,1,0
1228,2077,437,254,152,304,5,1,0
1229,2077,437,254,152,304,5,1,0
1230,2077,437,254,152,304,5,1,0
1231,2077,437,254,152,304,5,1,0
1232,2077,437,254,152,304,5,1,0
1233,2077,437,254,151,304,5,1,0
1234,2078,437,254,151,304,5,1,0
1235,2078,437,254,151,304,5,1,0
1236,2078,437,254,152,304,5,1,0
1237,2078,437,254,152,304,5,1,0
1238,2078,437,254,152,304,5,1,0
1239,2078,437,254,152,304,5,1,0
1240,2078,436,254,152,304,5,1,0
1241,2078,436,254,152,304,5,1,0
1242,2078,436,254,152,304,5,1,0
1243,2078,436,254,152,304,5,1,0
1244,2078,436,254,152,304,5,1,0
1245,2078,436,254,152,304,5,1,0
1246,2078,436,254,152,304,5,1,0
1247,2078,436,254,152,304,5,1,0
1248,2078,437,254,151,304,5,1,0
1249,2078,437,254,151,304,5,1,0
1250,2078,436,254,152,304,5,1,0
1251,2078,436,254,152,304,5,1,0
1252,2078,436,254,152,304,5,1,0
1253,2078,436,254,152,304,5,1,0
1254,2078,436,254,152,304,5,1,0
1255,2078,436,254,152,304,5,1,0
1256,2078,436,254,152,304,5,1,0
1257,2078,436,254,152,304,5,1,0
1258,2078,436,254,152,304,5,1,0
1259,2078,436,254,152,304,5,1,0
1260,2078,436,254,152,304,5,1,0
1261,2077,436,254,152,304,5,1,0
1262,2077,436,254,152,304,5,1,0
1263,2077,436,254,152,304,5,1,0
1264,2077,436,254,152,304,5,1,0
1265,2077,436,254,152,304,5,1,0
1266,2077,436,254,152,304,5,1,0
1267,2078,436,254,152,304,5,1,0
1268,2078,436,254,152,304,5,1,0
1269,2078,436,254,152,304,5,1,0
1270,2078,436,254,153,304,5,1,0
1271,2078,436,254,152,304,5,1,0
1272,2078,436,253,153,304,5,1,0
1273,2078,436,253,153,304,5,1,0
1274,2078,436,253,153,304,5,1,0
1275,2078,436,253,153,304,5,1,0
1276,2078,436,253,153,304,5,1,0
1277,2078,436,253,153,304,5,1,0
1278,2078,436,253,153,304,5,1,0
1279,2078,436,253,153,304,5,1,0
1280,2078,436,253,153,304,5,1,0
1281,2078,436,253,153,304,5,1,0
1282,2078,436,253,153,304,5,1,0
1283,2078,436,253,153,304,5,1,0
1284,2078,436,253,152,304,5,1,0
1285,2078,436,253,152,304,5,1,0
1286,2078,436,253,152,304,5,1,0
1287,2078,436,253,152,304,5,1,0
1288,2078,436,253,152,304,5,1,0
1289,2078,436,253,152,304,5,1,0
1290,2078,436,253,152,304,5,1,0
1291,2078,436,253,152,304,5,1,0
1292,2078,436,253,152,304,5,1,0
1293,2078,436,253,152,304,5,1,0
1294,2078,436,253,152,304,5,1,0
1295,2078,436,253,152,304,5,1,0
1296,2078,436,253,152,304,5,1,0
1297,2078,436,253,152,304,5,1,0
1298,2078,436,253,152,304,5,1,0
1299,2078,436,253,152,304,5,1,0
1300,2078,436,253,153,304,5,1,0
1301,2078,436,253,152,304,5,1,0
1302,2078,436,253,153,304,5,1,0
1303,2078,436,253,153,304,5,1,0
1304,2078,436,253,153,304,5,1,0
1305,2078,436,253,153,304,5,1,0
1306,2078,436,253,152,304,5,1,0
1307,2078,436,253,152,304,5,1,0
1308,2078,436,253,152,304,5,1,0
1309,2078,436,253,153,304,5,1,0
1310,2078,436,253,153,304,5,1,0
1311,2078,436,253,153,304,5,1,0
1312,2078,436,253,153,304,5,1,0
1313,2078,437,254,152,304,5,1,0
1314,2078,437,254,152,304,5,1,0
1315,2078,437,254,152,304,5,1,0
1316,2078,437,254,152,304,5,1,0
1317,2078,437,254,152,304,5,1,0
1318,2078,437,254,152,304,5,1,0
1319,2078,437,254,152,304,5,1,0
1320,2078,437,253,152,304,5,1,0
1321,2078,437,254,152,304,5,1,0
1322,2078,437,254,151,304,5,1,0
1323,2078,437,254,152,304,5,1,0
1324,2078,437,254,152,304,5,1,0
1325,2078,437,254,151,304,5,1,0
1326,2078,437,254,152,304,5,1,0
1327,2078,437,254,152,304,5,1,0
1328,2078,437,254,152,304,5,1,0
1329,2078,437,254,152,304,5,1,0
1330,2078,437,254,152,304,5,1,0
1331,2078,437,254,152,304,5,1,0
1332,2078,437,253,152,304,5,1,0
1333,2077,437,254,152,304,5,1,0
1334,2077,437,255,152,304,5,1,0
1335,2077,437,254,152,304,5,1,0
1336,2077,437,254,152,304,5,1,0
1337,2077,437,254,152,304,5,1,0
1338,2077,437,254,152,304,5,1,0
1339,2077,437,254,152,304,5,1,0
1340,2077,437,254,152,304,5,1,0
1341,2077,437,254,152,304,5,1,0
1342,2077,437,254,152,304,5,1,0
1343,2077,437,254,152,304,5,1,0
1344,2077,437,254,152,304,5,1,0
1345,2077,437,254,152,304,5,1,0
1346,2077,437,254,152,304,5,1,0
1347,2077,437,254,152,304,5,1,0
1348,2077,437,254,152,304,5,1,0
1349,2077,437,254,152,304,5,1,0
1350,2077,437,254,152,304,5,1,0
1351,2077,437,254,152,304,5,1,0
1352,2077,437,254,152,304,5,1,0
1353,2077,437,254,152,304,5,1,0
1354,2077,437,254,152,304,5,1,0
1355,2077,437,254,152,304,5,1,0
1356,2078,437,254,152,304,5,1,0
1357,2078,437,254,152,304,5,1,0
1358,2078,437,254,152,304,5,1,0
1359,2078,437,254,152,304,5,1,0
1360,2078,437,254,152,304,5,1,0
1361,2078,437,254,152,304,5,1,0
1362,2078,437,254,152,304,5,1,0
1363,2078,437,254,152,304,5,1,0
1364,2078,437,254,152,304,5,1,0
1365,2078,437,254,152,304,5,1,0
1366,2078,437,254,152,304,5,1,0
1367,2077,437,254,152,304,5,1,0
1368,2077,437,255,152,304,5,1,0
1369,2077,437,255,152,304,5,1,0
1370,2077,437,254,152,304,5,1,0
1371,2077,437,254,152,304,5,1,0
1372,2077,437,255,152,304,5,1,0
1373,2077,437,255,152,304,5,1,0
1374,2077,437,255,152,304,5,1,0
1375,2077,437,254,152,304,5,1,0
1376,2077,437,254,152,304,5,1,0
1377,2077,437,255,152,304,5,1,0
1378,2077,437,255,152,304,5,1,0
1379,2077,437,254,152,304,5,1,0
1380,2078,437,254,152,304,5,1,0
1381,2078,437,254,152,304,5,1,0
1382,2078,437,254,152,304,5,1,0
1383,2078,437,254,152,304,5,1,0
1384,2078,437,254,152,304,5,1,0
1385,2078,437,254,151,304,5,1,0
1386,2078,437,254,151,304,5,1,0
1387,2078,437,254,151,304,5,1,0
1388,2078,437,254,151,304,5,1,0
1389,2078,437,254,151,304,5,1,0
1390,2078,437,254,151,304,5,1,0
1391,2078,437,254,151,304,5,1,0
1392,2078,437,254,151,304,5,1,0
1393,2078,437,254,151,304,5,1,0
1394,2078,437,254,151,304,5,1,0
1395,2078,437,254,151,304,5,1,0
1396,2078,437,254,151,304,5,1,0
1397,2078,437,254,151,304,5,1,0
1398,2078,437,254,151,304,5,1,0
1399,2078,437,254,151,304,5,1,0
1400,2078,437,254,151,304,5,1,0
1401,2078,437,254,151,304,5,1,0
1402,2078,437,254,151,304,5,1,0
1403,2078,437,254,151,304,5,1,0
1404,2077,437,254,151,304,5,1,0
1405,2077,437,254,151,304,5,1,0
1406,2077,437,254,151,304,5,1,0
1407,2078,437,254,151,304,5,1,0
1408,2078,437,254,151,304,5,1,0
1409,2078,437,254,151,304,5,1,0
1410,2078,437,254,151,304,5,1,0
1411,2078,437,254,151,304,5,1,0
1412,2078,437,254,151,304,5,1,0
1413,2078,437,254,151,304,5,1,0
1414,2078,437,254,151,304,5,1,0
1415,2078,437,254,151,304,5,1,0
1416,2077,437,254,152,304,5,1,0
1417,2077,437,254,152,304,5,1,0
1418,2077,437,254,152,304,5,1,0
1419,2077,437,254,152,304,5,1,0
1420,2077,437,254,152,304,5,1,0
1421,2077,437,254,152,304,5,1,0
1422,2077,437,254,152,304,5,1,0
1423,2077,437,254,151,304,5,1,0
1424,2077,437,254,151,304,5,1,0
1425,2077,437,254,151,304,5,1,0
1426,2077,437,254,151,304,5,1,0
1427,2077,437,254,151,304,5,1,0
1428,2077,437,254,151,304,5,1,0
1429,2077,437,254,151,304,5,1,0
1430,2077,437,254,151,304,5,1,0
1431,2077,437,254,151,304,5,1,0
1432,2077,437,254,151,304,5,1,0
1433,2077,437,254,151,304,5,1,0
1434,2077,437,254,151,304,5,1,0
1435,2077,437,254,151,304,5,1,0
1436,2077,437,254,151,304,5,1,0
1437,2077,437,254,151,304,5,1,0
1438,2077,437,254,151,304,5,1,0
1439,2077,437,254,151,304,5,1,0
1440,2077,437,254,152,304,5,1,0
1441,2077,437,254,152,304,5,1,0
1442,2077,437,254,152,304,5,1,0
1443,2077,437,254,152,304,5,1,0
1444,2077,437,254,152,304,5,1,0
1445,2077,437,254,152,304,5,1,0
1446,2077,437,254,152,304,5,1,0
1447,2078,437,254,151,304,5,1,0
1448,2077,437,254,151,304,5,1,0
1449,2077,437,254,151,304,5,1,0
1450,2077,437,254,151,304,5,1,0
1451,2077,437,254,151,304,5,1,0
1452,2078,436,254,152,304,5,1,0
1453,2078,436,254,152,304,5,1,0
1454,2078,436,254,152,304,5,1,0
1455,2077,437,254,152,304,5,1,0
1456,2077,437,254,152,304,5,1,0
1457,2077,437,254,152,304,5,1,0
1458,2078,437,254,152,304,5,1,0
1459,2078,437,254,152,304,5,1,0
1460,2078,436,254,152,304,5,1,0
1461,2078,436,254,152,304,5,1,0
1462,2078,436,254,152,304,5,1,0
1463,2078,436,254,152,304,5,1,0
1464,2077,436,254,152,304,5,1,0
1465,2077,437,254,152,304,5,1,0
1466,2078,436,254,152,304,5,1,0
1467,2077,437,255,152,304,5,1,0
1468,2077,437,255,152,304,5,1,0
1469,2077,437,254,152,304,5,1,0
1470,2078,437,254,152,304,5,1,0
1471,2078,437,254,151,304,5,1,0
1472,2078,436,254,152,304,5,1,0
1473,2078,437,254,152,304,5,1,0
1474,2078,436,254,152,304,5,1,0
1475,2078,437,254,152,304,5,1,0
1476,2078,437,254,151,304,5,1,0
1477,2078,437,254,151,304,5,1,0
1478,2078,437,254,151,304,5,1,0
1479,2078,437,254,152,304,5,1,0
1480,2077,437,254,152,304,5,1,0
1481,2077,437,254,152,304,5,1,0
1482,2077,437,254,151,304,5,1,0
1483,2078,437,254,152,304,5,1,0
1484,2078,437,254,152,304,5,1,0
1485,2077,437,254,152,304,5,1,0
1486,2078,437,254,152,304,5,1,0
1487,2078,437,254,151,304,5,1,0
1488,2077,437,254,151,304,5,1,0
1489,2077,437,254,151,304,5,1,0
1490,2077,437,254,151,304,5,1,0
1491,2077,437,254,151,304,5,1,0
1492,2077,437,254,151,304,5,1,0
1493,2078,437,254,152,304,5,1,0
1494,2078,437,254,152,304,5,1,0
1495,2077,437,254,151,304,5,1,0
1496,2077,437,254,151,304,5,1,0
1497,2077,437,254,151,304,5,1,0
1498,2077,437,254,151,304,5,1,0
1499,2077,437,254,151,304,5,1,0
1500,2077,437,255,151,304,5,1,0
1501,2077,437,255,151,304,5,1,0
1502,2077,437,255,151,304,5,1,0
1503,2077,437,255,151,304,5,1,0
1504,2077,437,255,151,304,5,1,0
1505,2077,437,255,151,304,5,1,0
1506,2077,437,254,151,304,5,1,0
1507,2077,437,254,151,304,5,1,0
1508,2077,437,254,151,304,5,1,0
1509,2077,437,254,151,304,5,1,0
1510,2077,437,254,151,304,5,1,0
1511,2077,437,254,152,304,5,1,0
1512,2077,437,254,151,304,5,1,0
1513,2077,437,254,151,304,5,1,0
1514,2077,437,254,151,304,5,1,0
1515,2077,437,254,151,304,5,1,0
1516,2077,437,254,151,304,5,1,0
1517,2077,437,254,151,304,5,1,0
1518,2077,437,254,151,304,5,1,0
1519,2077,438,255,151,304,5,1,0
1520,2077,437,254,151,304,5,1,0
1521,2078,436,255,153,304,5,1,0
1522,2078,436,254,152,304,5,1,0
1523,2078,437,255,152,304,5,1,0
1524,2078,438,253,151,304,5,1,0
1525,2078,437,254,151,304,5,1,0
1526,2078,437,254,152,304,5,1,0
1527,2078,437,254,152,304,5,1,0
1528,2077,437,254,151,304,5,1,0
1529,2077,436,254,152,304,5,1,0
1530,2074,435,257,153,304,5,1,0
1531,2075,435,256,153,304,5,1,0
1532,2076,436,255,153,304,5,1,0
1533,2076,436,256,152,304,5,1,0
1534,2075,436,257,152,304,5,1,0
1535,2076,436,256,152,304,5,1,0
1536,2076,436,256,152,304,5,1,0
1537,2078,436,254,152,304,5,1,0
1538,2078,436,253,152,304,5,1,0
1539,2077,436,254,152,304,5,1,0
1540,2078,436,254,152,304,5,1,0
1541,2077,436,254,152,304,5,1,0
1542,2077,436,254,152,304,5,1,0
1543,2077,436,254,152,304,5,1,0
1544,2077,436,254,152,304,5,1,0
1545,2077,436,254,152,304,5,1,0
1546,2077,436,254,152,304,5,1,0
1547,2077,436,254,152,304,5,1,0
1548,2077,436,254,153,304,5,1,0
1549,2077,436,254,153,304,5,1,0
1550,2077,436,254,153,304,5,1,0
1551,2077,436,254,153,304,5,1,0
1552,2077,436,254,153,304,5,1,0
1553,2077,436,254,153,304,5,1,0
1554,2077,436,254,153,304,5,1,0
1555,2077,436,254,153,304,5,1,0
1556,2077,436,254,153,304,5,1,0
1557,2077,436,254,153,304,5,1,0
1558,2077,436,254,153,304,5,1,0
1559,2077,436,254,153,304,5,1,0
1560,2078,436,254,152,304,5,1,0
1561,2077,436,254,152,304,5,1,0
1562,2077,436,254,152,304,5,1,0
1563,2078,436,254,152,304,5,1,0
1564,2078,436,254,152,304,5,1,0
1565,2078,436,254,152,304,5,1,0
1566,2078,436,254,152,304,5,1,0
1567,2077,436,254,152,304,5,1,0
1568,2077,436,254,152,304,5,1,0
1569,2077,436,254,152,304,5,1,0
1570,2078,436,254,152,304,5,1,0
1571,2078,436,254,152,304,5,1,0
1572,2077,437,254,152,304,5,1,0
1573,2077,437,254,152,304,5,1,0
1574,2077,437,254,152,304,5,1,0
1575,2077,437,254,152,304,5,1,0
1576,2077,437,254,152,304,5,1,0
1577,2077,437,254,152,304,5,1,0
1578,2077,437,254,152,304,5,1,0
1579,2077,437,254,152,304,5,1,0
1580,2077,437,254,152,304,5,1,0
1581,2077,437,254,152,304,5,1,0
1582,2077,437,254,152,304,5,1,0
1583,2077,437,254,152,304,5,1,0
1584,2077,437,254,152,304,5,1,0
1585,2077,437,254,152,304,5,1,0
1586,2077,437,254,152,304,5,1,0
1587,2077,437,254,152,304,5,1,0
1588,2077,437,254,152,304,5,1,0
1589,2077,436,255,152,304,5,1,0
1590,2077,437,255,152,304,5,1,0
1591,2077,437,255,152,304,5,1,0
1592,2077,436,255,152,304,5,1,0
1593,2077,436,255,152,304,5,1,0
1594,2077,436,255,152,304,5,1,0
1595,2077,436,255,152,304,5,1,0
1596,2077,436,255,152,304,5,1,0
1597,2077,436,255,152,304,5,1,0
1598,2077,436,255,152,304,5,1,0
1599,2077,436,255,152,304,5,1,0
1600,2077,436,255,152,304,5,1,0
1601,2077,437,254,152,304,5,1,0
1602,2077,437,254,152,304,5,1,0
1603,2077,437,254,152,304,5,1,0
1604,2077,437,254,152,304,5,1,0
1605,2077,437,254,152,304,5,1,0
1606,2077,437,254,152,304,5,1,0
1607,2077,437,254,152,304,5,1,0
1608,2077,436,255,152,304,5,1,0
1609,2077,436,255,152,304,5,1,0
1610,2077,436,255,152,304,5,1,0
1611,2077,436,255,152,304,5,1,0
1612,2077,436,255,152,304,5,1,0
1613,2077,436,255,152,304,5,1,0
1614,2077,436,255,152,304,5,1,0
1615,2077,436,255,152,304,5,1,0
1616,2077,437,255,152,304,5,1,0
1617,2077,437,254,151,304,5,1,0
1618,2077,437,254,151,304,5,1,0
1619,2077,437,254,151,304,5,1,0
1620,2077,436,255,152,304,5,1,0
1621,2077,436,255,152,304,5,1,0
1622,2077,436,255,152,304,5,1,0
1623,2077,436,255,152,304,5,1,0
1624,2077,436,255,152,304,5,1,0
1625,2077,436,255,152,304,5,1,0
1626,2077,437,254,152,304,5,1,0
1627,2077,436,255,152,304,5,1,0
1628,2077,436,255,152,304,5,1,0
1629,2077,436,255,152,304,5,1,0
1630,2077,436,255,152,304,5,1,0
1631,2077,436,255,152,304,5,1,0
1632,2077,437,254,152,304,5,1,0
1633,2077,437,254,152,304,5,1,0
1634,2077,437,254,152,304,5,1,0
1635,2077,437,254,152,304,5,1,0
1636,2077,437,254,152,304,5,1,0
1637,2077,437,254,152,304,5,1,0
1638,2077,437,254,152,304,5,1,0
1639,2078,437,254,152,304,5,1,0
1640,2078,437,254,152,304,5,1,0
1641,2078,437,254,152,304,5,1,0
1642,2078,437,254,152,304,5,1,0
1643,2078,437,254,152,304,5,1,0
1644,2077,437,254,152,304,5,1,0
1645,2077,437,254,152,304,5,1,0
1646,2077,437,254,152,304,5,1,0
1647,2077,437,254,152,304,5,1,0
1648,2077,437,254,152,304,5,1,0
1649,2077,437,254,152,304,5,1,0
1650,2077,437,254,152,304,5,1,0
1651,2077,437,254,152,304,5,1,0
1652,2077,437,254,152,304,5,1,0
1653,2077,437,254,152,304,5,1,0
1654,2077,437,254,152,304,5,1,0
1655,2077,437,254,152,304,5,1,0
1656,2077,437,254,152,304,5,1,0
1657,2077,437,254,152,304,5,1,0
1658,2077,437,254,152,304,5,1,0
1659,2077,437,254,152,304,5,1,0
1660,2077,437,254,152,304,5,1,0
1661,2077,437,254,152,304,5,1,0
1662,2077,437,254,152,304,5,1,0
1663,2077,437,254,152,304,5,1,0
1664,2077,437,254,151,304,5,1,0
1665,2077,437,254,151,304,5,1,0
1666,2077,437,254,151,304,5,1,0
1667,2077,437,254,151,304,5,1,0
1668,2077,437,254,152,304,5,1,0
1669,2077,437,254,152,304,5,1,0
1670,2077,437,254,152,304,5,1,0
1671,2078,437,254,152,304,5,1,0
1672,2078,437,254,152,304,5,1,0
1673,2078,437,254,151,304,5,1,0
1674,2078,437,254,152,304,5,1,0
1675,2078,437,254,151,304,5,1,0
1676,2077,437,254,151,304,5,1,0
1677,2078,437,254,151,304,5,1,0
1678,2078,437,254,151,304,5,1,0
1679,2078,437,254,151,304,5,1,0
1680,2077,437,254,151,304,5,1,0
1681,2077,437,254,151,304,5,1,0
1682,2077,437,254,150,304,5,1,0
1683,2077,437,254,150,304,5,1,0
1684,2077,437,254,149,304,5,1,0
1685,2077,437,255,146,304,5,1,1
1686,2077,437,255,146,304,5,1,1
1687,2077,437,255,147,304,5,1,1
1688,2077,437,255,147,304,5,1,0
1689,2077,437,255,147,304,5,1,0
1690,2077,437,254,149,304,5,1,0
1691,2077,437,254,151,304,5,1,0
1692,2077,437,254,151,304,5,1,0
1693,2077,437,254,151,304,5,1,0
1694,2077,437,254,151,304,5,1,0
1695,2077,437,254,151,304,5,1,0
1696,2077,437,254,151,304,5,1,0
1697,2077,437,254,151,304,5,1,0
1698,2077,437,254,151,304,5,1,0
1699,2077,437,254,152,304,5,1,0
1700,2077,437,254,152,304,5,1,0
1701,2077,437,254,152,304,5,1,0
1702,2077,437,254,152,304,5,1,0
1703,2077,437,255,152,304,5,1,0
1704,2077,437,255,152,304,5,1,0
1705,2077,437,255,152,304,5,1,0
1706,2077,437,255,152,304,5,1,0
1707,2077,437,255,152,304,5,1,0
1708,2077,437,255,152,304,5,1,0
1709,2077,437,255,152,304,5,1,0
1710,2077,437,254,152,304,5,1,0
1711,2077,437,255,152,304,5,1,0
1712,2077,437,255,152,304,5,1,0
1713,2077,437,255,152,304,5,1,0
1714,2077,437,255,152,304,5,1,0
1715,2077,437,255,152,304,5,1,0
1716,2077,437,255,152,304,5,1,0
1717,2077,437,255,152,304,5,1,0
1718,2077,437,255,152,304,5,1,0
1719,2077,437,255,152,304,5,1,0
1720,2077,437,255,152,304,5,1,0
1721,2077,437,255,152,304,5,1,0
1722,2077,437,255,152,304,5,1,0
1723,2077,437,255,152,304,5,1,0
1724,2077,437,255,152,304,5,1,0
1725,2077,437,255,152,304,5,1,0
1726,2077,437,255,152,304,5,1,0
1727,2077,437,255,152,304,5,1,0
1728,2077,436,255,152,304,5,1,0
1729,2077,437,255,152,304,5,1,0
1730,2077,436,255,152,304,5,1,0
1731,2077,437,255,152,304,5,1,0
1732,2077,437,255,152,304,5,1,0
1733,2077,437,255,152,304,5,1,0
1734,2077,437,255,152,304,5,1,0
1735,2077,436,255,152,304,5,1,0
1736,2077,436,255,152,304,5,1,0
1737,2077,436,255,152,304,5,1,0
1738,2077,437,255,152,304,5,1,0
1739,2077,437,255,152,304,5,1,0
1740,2077,436,255,152,304,5,1,0
1741,2077,436,255,152,304,5,1,0
1742,2077,436,255,152,304,5,1,0
1743,2077,436,255,152,304,5,1,0
1744,2077,436,255,152,304,5,1,0
1745,2077,436,255,152,304,5,1,0
1746,2077,436,255,152,304,5,1,0
1747,2077,436,255,152,304,5,1,0
1748,2077,436,255,152,304,5,1,0
1749,2077,436,255,152,304,5,1,0
1750,2077,436,254,152,304,5,1,0
1751,2077,436,254,152,304,5,1,0
1752,2078,436,254,152,304,5,1,0
1753,2078,436,254,152,304,5,1,0
1754,2078,436,254,152,304,5,1,0
1755,2078,436,254,152,304,5,1,0
1756,2078,436,254,152,304,5,1,0
1757,2078,436,254,152,304,5,1,0
1758,2078,436,254,152,304,5,1,0
1759,2078,436,254,152,304,5,1,0
1760,2078,436,254,152,304,5,1,0
1761,2078,436,254,152,304,5,1,0
1762,2078,436,254,152,304,5,1,0
1763,2078,436,254,152,304,5,1,0
1764,2078,436,254,152,304,5,1,0
1765,2078,436,254,152,304,5,1,0
1766,2078,436,254,152,304,5,1,0
1767,2078,436,254,152,304,5,1,0
1768,2078,436,254,152,304,5,1,0
1769,2078,436,254,152,304,5,1,0
1770,2078,436,254,152,304,5,1,0
1771,2078,436,254,152,304,5,1,0
1772,2077,437,254,152,304,5,1,0
1773,2077,437,254,152,304,5,1,0
1774,2077,437,254,152,304,5,1,0
1775,2077,437,254,152,304,5,1,0
1776,2077,437,254,152,304,5,1,0
1777,2077,437,254,152,304,5,1,0
1778,2077,437,254,152,304,5,1,0
1779,2077,437,254,152,304,5,1,0
1780,2077,437,254,152,304,5,1,0
1781,2077,437,254,152,304,5,1,0
1782,2077,437,254,152,304,5,1,0
1783,2077,437,254,152,304,5,1,0
1784,2077,437,254,152,304,5,1,0
1785,2077,437,254,152,304,5,1,0
1786,2077,437,254,152,304,5,1,0
1787,2077,437,254,152,304,5,1,0
1788,2077,437,255,152,304,5,1,0
1789,2077,437,255,152,304,5,1,0
1790,2077,437,255,152,304,5,1,0
1791,2077,437,255,152,304,5,1,0
1792,2077,437,255,152,304,5,1,0
1793,2077,437,255,152,304,5,1,0
1794,2077,437,255,152,304,5,1,0
1795,2077,437,255,152,304,5,1,0
1796,2077,437,255,152,304,5,1,0
1797,2077,437,255,152,304,5,1,0
1798,2077,437,255,152,304,5,1,0
1799,2078,437,254,152,304,5,1,0
1800,2078,436,254,152,304,5,1,0
1801,2078,436,254,152,304,5,1,0
1802,2078,436,254,152,304,5,1,0
1803,2078,436,254,152,304,5,1,0
1804,2078,436,254,152,304,5,1,0
1805,2078,436,254,152,304,5,1,0
1806,2078,436,254,152,304,5,1,0
1807,2078,436,254,152,304,5,1,0
1808,2078,436,254,152,304,5,1,0
1809,2078,436,254,152,304,5,1,0
1810,2078,436,254,152,304,5,1,0
1811,2078,436,254,152,304,5,1,0
1812,2077,436,255,152,304,5,1,0
1813,2077,436,255,152,304,5,1,0
1814,2077,436,255,152,304,5,1,0
1815,2077,436,255,152,304,5,1,0
1816,2077,437,255,152,304,5,1,0
1817,2077,437,255,152,304,5,1,0
1818,2077,436,255,152,304,5,1,0
1819,2077,436,255,152,304,5,1,0
1820,2077,436,255,152,304,5,1,0
1821,2077,436,255,152,304,5,1,0
1822,2077,436,255,152,304,5,1,0
1823,2077,436,255,152,304,5,1,0
1824,2077,436,255,152,304,5,1,0
1825,2077,436,255,152,304,5,1,0
1826,2077,436,255,152,304,5,1,0
1827,2077,436,255,152,304,5,1,0
1828,2077,436,255,152,304,5,1,0
1829,2077,436,255,152,304,5,1,0
1830,2077,436,255,152,304,5,1,0
1831,2077,436,255,152,304,5,1,0
1832,2077,436,255,152,304,5,1,0
1833,2077,436,255,152,304,5,1,0
1834,2077,436,255,152,304,5,1,0
1835,2077,436,255,152,304,5,1,0
1836,2077,437,255,152,304,5,1,0
1837,2077,437,255,152,304,5,1,0
1838,2077,437,254,152,304,5,1,0
1839,2077,436,254,152,304,5,1,0
1840,2077,437,254,152,304,5,1,0
1841,2078,437,253,151,304,5,1,0
1842,2078,437,253,151,304,5,1,0
1843,2078,437,253,151,304,5,1,0
1844,2078,436,254,151,304,5,1,0
1845,2078,437,253,151,304,5,1,0
1846,2078,437,253,151,304,5,1,0
1847,2077,437,254,151,304,5,1,0
1848,2077,437,254,152,304,5,1,0
1849,2077,437,254,152,304,5,1,0
1850,2077,437,254,152,304,5,1,0
1851,2077,437,254,152,304,5,1,0
1852,2077,437,254,152,304,5,1,0
1853,2077,437,254,152,304,5,1,0
1854,2077,437,254,152,304,5,1,0
1855,2077,437,254,152,304,5,1,0
1856,2077,437,254,152,304,5,1,0
1857,2077,437,254,152,304,5,1,0
1858,2077,437,255,152,304,5,1,0
1859,2077,437,255,152,304,5,1,0
1860,2077,437,254,152,304,5,1,0
1861,2077,437,254,152,304,5,1,0
1862,2077,437,254,152,304,5,1,0
1863,2077,437,254,152,304,5,1,0
1864,2077,437,254,152,304,5,1,0
1865,2077,437,254,152,304,5,1,0
1866,2077,437,254,152,304,5,1,0
1867,2077,437,254,152,304,5,1,0
1868,2077,437,254,152,304,5,1,0
1869,2077,437,254,152,304,5,1,0
1870,2077,437,254,152,304,5,1,0
1871,2077,437,254,152,304,5,1,0
1872,2077,437,254,152,304,5,1,0
1873,2077,437,254,152,304,5,1,0
1874,2077,437,254,152,304,5,1,0
1875,2077,437,254,152,304,5,1,0
1876,2077,437,254,152,304,5,1,0
1877,2077,437,254,152,304,5,1,0
1878,2077,437,254,152,304,5,1,0
1879,2077,437,254,152,304,5,1,0
1880,2077,437,254,152,304,5,1,0
1881,2077,437,254,152,304,5,1,0
1882,2077,437,254,152,304,5,1,0
1883,2077,437,254,152,304,5,1,0
1884,2077,437,254,152,304,5,1,0
1885,2077,437,254,152,304,5,1,0
1886,2077,437,254,152,304,5,1,0
1887,2077,437,254,152,304,5,1,0
1888,2077,437,254,152,304,5,1,0
1889,2077,437,254,152,304,5,1,0
1890,2077,437,254,152,304,5,1,0
1891,2077,437,254,152,304,5,1,0
1892,2078,437,254,152,304,5,1,0
1893,2078,437,254,152,304,5,1,0
1894,2078,437,254,152,304,5,1,0
1895,2078,437,254,152,304,5,1,0
1896,2077,437,255,152,304,5,1,0
1897,2077,437,255,152,304,5,1,0
1898,2077,437,255,152,304,5,1,0
1899,2077,437,255,152,304,5,1,0
1900,2077,437,255,152,304,5,1,0
1901,2077,437,255,152,304,5,1,0
1902,2077,437,255,152,304,5,1,0
1903,2077,437,255,152,304,5,1,0
1904,2077,437,255,152,304,5,1,0
1905,2077,437,255,152,304,5,1,0
1906,2077,437,255,152,304,5,1,0
1907,2077,437,255,152,304,5,1,0
1908,2077,437,255,152,304,5,1,0
1909,2077,437,255,152,304,5,1,0
1910,2077,437,255,152,304,5,1,0
1911,2077,437,255,152,304,5,1,0
1912,2077,437,255,152,304,5,1,0
1913,2077,437,255,152,304,5,1,0
1914,2078,437,254,152,304,5,1,0
1915,2077,437,255,152,304,5,1,0
1916,2077,437,255,152,304,5,1,0
1917,2077,437,255,152,304,5,1,0
1918,2077,437,255,152,304,5,1,0
1919,2077,437,255,152,304,5,1,0
1920,2077,436,255,152,304,5,1,0
1921,2077,437,255,151,304,5,1,0
1922,2077,436,255,152,304,5,1,0
1923,2077,436,255,152,304,5,1,0
1924,2078,436,255,152,304,5,1,0
1925,2079,436,254,152,304,5,1,0
1926,2082,437,250,152,304,5,1,0
1927,2096,436,236,152,304,5,1,0
1928,2115,437,217,151,304,5,1,0
1929,2134,436,198,152,304,5,1,1
1930,2142,436,190,152,304,5,1,1
1931,2149,434,184,153,304,5,1,3
1932,2074,395,258,177,304,5,1,5
1933,2072,395,261,179,304,5,1,7
1935,2083,394,250,166,304,5,1,7
1941,2078,437,223,106,304,5,1,8
1942,2078,436,223,108,304,5,1,8
1943,2077,437,225,110,304,5,1,8
1944,2078,437,225,127,304,5,1,10
1945,2078,437,224,146,304,5,1,12
1946,2077,436,224,146,304,5,1,14
1947,2077,436,223,145,304,5,1,15
1948,2077,436,224,146,304,5,1,12
1949,2078,436,245,146,304,5,1,9
1950,2077,436,254,149,304,5,1,5
1951,2077,436,255,151,304,5,1,4
1952,2077,436,255,152,304,5,1,3
1953,2077,436,255,151,304,5,1,2
1954,2077,436,255,152,304,5,1,1
1955,2077,436,255,152,304,5,1,1
1956,2077,437,255,152,304,5,1,0
1957,2077,437,255,152,304,5,1,0
1958,2077,437,255,152,304,5,1,0
1959,2077,437,254,152,304,5,1,0
1960,2077,437,254,152,304,5,1,0
1961,2077,437,254,152,304,5,1,0
1962,2077,437,254,152,304,5,1,0
1963,2077,437,254,152,304,5,1,0
1964,2077,437,254,152,304,5,1,0
1965,2077,437,254,152,304,5,1,0
1966,2077,437,254,152,304,5,1,0
1967,2077,437,254,152,304,5,1,0
1968,2077,436,255,153,304,5,1,0
1969,2077,436,255,152,304,5,1,0
1970,2077,437,255,152,304,5,1,0
1971,2077,437,255,152,304,5,1,0
1972,2077,437,255,152,304,5,1,0
1973,2077,437,255,152,304,5,1,0
1974,2077,437,255,152,304,5,1,0
1975,2077,437,255,152,304,5,1,0
1976,2077,437,255,152,304,5,1,0
1977,2077,437,255,152,304,5,1,0
1978,2077,437,255,152,304,5,1,0
1979,2077,437,255,152,304,5,1,0
1980,2077,437,254,152,304,5,1,0
1981,2077,437,254,152,304,5,1,0
1982,2077,437,254,152,304,5,1,0
1983,2077,437,254,152,304,5,1,0
1984,2077,437,254,152,304,5,1,0
1985,2077,437,254,152,304,5,1,0
1986,2077,437,255,152,304,5,1,0
1987,2077,437,255,152,304,5,1,0
1988,2077,437,254,152,304,5,1,0
1989,2077,437,254,152,304,5,1,0
1990,2077,437,254,152,304,5,1,0
1991,2077,437,254,152,304,5,1,0
1992,2077,437,255,152,304,5,1,0
1993,2077,437,255,152,304,5,1,0
1994,2077,437,255,152,304,5,1,0
1995,2077,437,255,152,304,5,1,0
1996,2077,437,255,152,304,5,1,0
1997,2076,437,255,152,304,5,1,0
1998,2076,437,255,152,304,5,1,0
1999,2076,437,255,152,304,5,1,0
2000,2077,436,255,152,304,5,1,0
2001,2077,436,255,152,304,5,1,0
2002,2077,436,255,152,304,5,1,0
2003,2077,436,255,152,304,5,1,0
2004,2077,436,254,152,304,5,1,0
2005,2077,436,255,152,304,5,1,0
2006,2077,436,255,152,304,5,1,0
2007,2077,436,255,152,304,5,1,0
2008,2077,436,255,152,304,5,1,0
2009,2076,436,255,153,304,5,1,0
2010,2076,436,255,152,304,5,1,0
2011,2076,436,255,152,304,5,1,0
2012,2076,436,255,152,304,5,1,0
2013,2076,436,255,152,304,5,1,0
2014,2076,436,255,152,304,5,1,0
2015,2076,436,255,152,304,5,1,0
2016,2077,436,255,153,304,5,1,0
2017,2077,436,255,153,304,5,1,0
2018,2077,436,255,153,304,5,1,0
2019,2077,436,255,153,304,5,1,0
2020,2077,436,255,153,304,5,1,0
2021,2077,437,255,153,304,5,1,0
2022,2077,437,255,153,304,5,1,0
2023,2077,436,255,153,304,5,1,0
2024,2077,437,255,153,304,5,1,0
2025,2077,437,255,153,304,5,1,0
2026,2077,437,255,153,304,5,1,0
2027,2077,437,255,153,304,5,1,0
2028,2077,436,255,153,304,5,1,0
2029,2077,436,255,153,304,5,1,0
2030,2077,436,255,153,304,5,1,0
2031,2077,436,255,153,304,5,1,0
2032,2077,436,255,153,304,5,1,0
2033,2077,436,255,153,304,5,1,0
2034,2077,436,255,153,304,5,1,0
2035,2077,436,255,153,304,5,1,0
2036,2077,436,255,153,304,5,1,0
2037,2077,436,255,153,304,5,1,0
2038,2077,436,255,153,304,5,1,0
2039,2077,437,254,152,304,5,1,0
2040,2077,437,254,152,304,5,1,0
2041,2077,437,254,152,304,5,1,0
2042,2077,437,254,152,304,5,1,0
2043,2077,437,254,152,304,5,1,0
2044,2077,437,254,152,304,5,1,0
2045,2077,437,254,152,304,5,1,0
2046,2077,437,254,152,304,5,1,0
2047,2077,437,254,152,304,5,1,0
2048,2077,437,254,152,304,5,1,0
2049,2077,436,255,152,304,5,1,0
2050,2077,437,255,152,304,5,1,0
2051,2077,436,255,152,304,5,1,0
2052,2077,436,255,152,304,5,1,0
2053,2077,436,255,152,304,5,1,0
2054,2077,436,255,152,304,5,1,0
2055,2077,436,255,152,304,5,1,0
2056,2077,436,255,152,304,5,1,0
2057,2077,436,254,152,304,5,1,0
2058,2077,436,254,152,304,5,1,0
2059,2077,437,255,152,304,5,1,0
2060,2077,437,255,152,304,5,1,0
2061,2077,437,254,152,304,5,1,0
2062,2077,437,254,152,304,5,1,0
2063,2077,437,254,152,304,5,1,0
2064,2077,437,255,152,304,5,1,0
2065,2077,437,255,152,304,5,1,0
2066,2077,437,255,152,304,5,1,0
2067,2077,437,255,152,304,5,1,0
2068,2077,437,255,152,304,5,1,0
2069,2077,437,255,152,304,5,1,0
2070,2077,437,255,152,304,5,1,0
2071,2077,437,255,152,304,5,1,0
2072,2077,437,255,152,304,5,1,0
2073,2077,437,255,152,304,5,1,0
2074,2077,437,255,152,304,5,1,0
2075,2077,437,255,152,304,5,1,0
2076,2077,437,255,152,304,5,1,0
2077,2077,437,255,152,304,5,1,0
2078,2077,437,255,152,304,5,1,0
2079,2077,437,255,152,304,5,1,0
2080,2077,437,255,152,304,5,1,0
2081,2077,437,255,152,304,5,1,0
2082,2077,437,255,152,304,5,1,0
2083,2077,437,255,152,304,5,1,0
2084,2077,437,255,152,304,5,1,0
2085,2077,437,255,152,304,5,1,0
2086,2077,437,255,152,304,5,1,0
2087,2077,437,255,151,304,5,1,0
2088,2077,437,255,152,304,5,1,0
2089,2077,437,255,151,304,5,1,0
2090,2077,437,255,151,304,5,1,0
2091,2077,437,255,152,304,5,1,0
2092,2077,437,255,151,304,5,1,0
2093,2077,437,255,152,304,5,1,0
2094,2077,437,255,151,304,5,1,0
2095,2077,437,255,151,304,5,1,0
2096,2077,437,255,151,304,5,1,0
2097,2077,437,255,151,304,5,1,0
2098,2077,437,255,151,304,5,1,0
2099,2077,437,255,152,304,5,1,0
2100,2077,436,254,153,304,5,1,0
2101,2077,436,254,153,304,5,1,0
2102,2077,436,254,153,304,5,1,0
2103,2077,436,254,153,304,5,1,0
2104,2077,436,254,153,304,5,1,0
2105,2077,436,254,153,304,5,1,0
2106,2077,436,254,153,304,5,1,0
2107,2077,436,254,153,304,5,1,0
2108,2077,436,254,153,304,5,1,0
2109,2077,437,254,152,304,5,1,0
2110,2077,437,255,152,304,5,1,0
2111,2077,437,255,152,304,5,1,0
2112,2077,436,254,153,304,5,1,0
2113,2077,436,254,153,304,5,1,0
2114,2077,436,254,153,304,5,1,0
2115,2077,436,254,153,304,5,1,0
2116,2077,436,254,153,304,5,1,0
2117,2077,436,254,153,304,5,1,0
2118,2077,436,254,153,304,5,1,0
2119,2077,436,254,153,304,5,1,0
2120,2077,436,254,153,304,5,1,0
2121,2077,436,254,153,304,5,1,0
2122,2077,436,254,153,304,5,1,0
2123,2077,436,254,153,304,5,1,0
2124,2077,436,255,153,304,5,1,0
2125,2077,437,255,152,304,5,1,0
2126,2077,436,255,153,304,5,1,0
2127,2077,436,255,153,304,5,1,0
2128,2077,436,255,153,304,5,1,0
2129,2077,436,255,153,304,5,1,0
2130,2077,436,255,153,304,5,1,0
2131,2077,436,255,153,304,5,1,0
2132,2077,436,255,153,304,5,1,0
2133,2077,436,255,153,304,5,1,0
2134,2077,436,255,153,304,5,1,0
2135,2077,436,255,153,304,5,1,0
2136,2077,436,255,152,304,5,1,0
2137,2077,436,255,152,304,5,1,0
2138,2076,437,255,152,304,5,1,0
2139,2076,437,255,152,304,5,1,0
2140,2076,437,255,152,304,5,1,0
2141,2076,437,255,152,304,5,1,0
2142,2077,437,255,152,304,5,1,0
2143,2077,437,255,152,304,5,1,0
2144,2077,437,255,152,304,5,1,0
2145,2077,437,255,152,304,5,1,0
2146,2076,437,255,152,304,5,1,0
2147,2076,437,255,152,304,5,1,0
2148,2076,436,255,153,304,5,1,0
2149,2076,436,255,153,304,5,1,0
2150,2076,436,255,153,304,5,1,0
2151,2077,436,255,153,304,5,1,0
2152,2076,436,255,153,304,5,1,0
2153,2077,436,255,153,304,5,1,0
2154,2076,436,255,153,304,5,1,0
2155,2077,436,255,153,304,5,1,0
2156,2077,436,255,153,304,5,1,0
2157,2077,436,255,153,304,5,1,0
2158,2077,436,255,153,304,5,1,0
2159,2077,436,255,153,304,5,1,0
2160,2076,436,256,153,304,5,1,0
2161,2076,436,256,153,304,5,1,0
2162,2076,436,256,153,304,5,1,0
2163,2076,436,256,153,304,5,1,0
2164,2076,436,256,153,304,5,1,0
2165,2076,436,256,153,304,5,1,0
2166,2076,436,256,153,304,5,1,0
2167,2077,436,255,153,304,5,1,0
2168,2077,436,255,153,304,5,1,0
2169,2077,436,255,153,304,5,1,0
2170,2077,436,255,153,304,5,1,0
2171,2077,436,255,153,304,5,1,0
2172,2077,436,255,153,304,5,1,0
2173,2077,436,255,153,304,5,1,0
2174,2077,436,255,153,304,5,1,0
2175,2077,436,255,153,304,5,1,0
2176,2077,436,255,153,304,5,1,0
2177,2077,436,255,153,304,5,1,0
2178,2077,436,255,153,304,5,1,0
2179,2077,436,255,153,304,5,1,0
2180,2077,436,255,153,304,5,1,0
2181,2077,436,255,153,304,5,1,0
2182,2077,436,255,153,304,5,1,0
2183,2077,436,255,153,304,5,1,0
2184,2076,436,256,154,304,5,1,0
2185,2076,436,256,154,304,5,1,0
2186,2076,436,256,154,304,5,1,0
2187,2076,436,256,154,304,5,1,0
2188,2076,436,256,154,304,5,1,0
2189,2076,436,256,154,304,5,1,0
2190,2076,436,256,154,304,5,1,0
2191,2076,436,256,154,304,5,1,0
2192,2076,436,256,154,304,5,1,0
2193,2077,436,256,154,304,5,1,0
2194,2077,436,256,154,304,5,1,0
2195,2077,435,255,154,304,5,1,0
2196,2077,436,255,154,304,5,1,0
2197,2077,436,255,154,304,5,1,0
2198,2077,436,255,154,304,5,1,0
2199,2077,436,255,154,304,5,1,0
2200,2077,436,255,154,304,5,1,0
2201,2077,436,255,154,304,5,1,0
2202,2077,436,255,153,304,5,1,0
2203,2077,436,255,153,304,5,1,0
2204,2077,436,255,154,304,5,1,0
2205,2077,436,255,154,304,5,1,0
2206,2077,436,255,154,304,5,1,0
2207,2077,435,255,154,304,5,1,0
2208,2077,436,255,153,304,5,1,0
2209,2077,436,255,153,304,5,1,0
2210,2077,436,255,153,304,5,1,0
2211,2077,436,255,153,304,5,1,0
2212,2077,436,255,153,304,5,1,0
2213,2077,436,255,153,304,5,1,0
2214,2077,436,255,153,304,5,1,0
2215,2077,436,255,153,304,5,1,0
2216,2077,436,255,153,304,5,1,0
2217,2077,436,255,153,304,5,1,0
2218,2077,436,255,153,304,5,1,0
2219,2077,436,255,153,304,5,1,0
2220,2077,436,255,153,304,5,1,0
2221,2077,436,255,153,304,5,1,0
2222,2077,436,255,153,304,5,1,0
2223,2077,436,255,153,304,5,1,0
2224,2077,436,255,153,304,5,1,0
2225,2077,436,255,153,304,5,1,0
2226,2077,436,255,153,304,5,1,0
2227,2077,436,255,153,304,5,1,0
2228,2077,436,255,153,304,5,1,0
2229,2077,436,255,153,304,5,1,0
2230,2077,436,255,153,304,5,1,0
2231,2077,436,255,153,304,5,1,0
2232,2077,436,255,153,304,5,1,0
2233,2077,436,255,153,304,5,1,0
2234,2077,436,255,153,304,5,1,0
2235,2077,436,255,154,304,5,1,0
2236,2077,436,255,154,304,5,1,0
2237,2077,436,255,154,304,5,1,0
2238,2077,436,255,154,304,5,1,0
2239,2077,436,255,154,304,5,1,0
2240,2076,436,255,153,304,5,1,0
2241,2076,436,255,153,304,5,1,0
2242,2076,436,255,153,304,5,1,0
2243,2076,436,255,153,304,5,1,0
2244,2076,436,255,153,304,5,1,0
2245,2076,436,255,153,304,5,1,0
2246,2076,436,255,153,304,5,1,0
2247,2076,436,255,153,304,5,1,0
2248,2076,436,255,153,304,5,1,0
2249,2076,436,255,153,304,5,1,0
2250,2076,436,255,153,304,5,1,0
2251,2076,436,255,153,304,5,1,0
2252,2076,436,255,153,304,5,1,0
2253,2076,436,255,153,304,5,1,0
2254,2076,436,255,153,304,5,1,0
2255,2076,436,255,153,304,5,1,0
2256,2076,436,255,153,304,5,1,0
2257,2076,436,255,153,304,5,1,0
2258,2076,436,255,153,304,5,1,0
2259,2076,436,255,153,304,5,1,0
2260,2076,436,255,153,304,5,1,0
2261,2076,436,255,153,304,5,1,0
2262,2076,436,255,153,304,5,1,0
2263,2076,436,255,153,304,5,1,0
2264,2076,436,255,153,304,5,1,0
2265,2076,436,255,153,304,5,1,0
2266,2076,436,255,153,304,5,1,0
2267,2076,436,255,153,304,5,1,0
2268,2076,436,256,153,304,5,1,0
2269,2076,436,255,153,304,5,1,0
2270,2076,436,255,153,304,5,1,0
2271,2076,436,256,153,304,5,1,0
2272,2077,436,255,153,304,5,1,0
2273,2077,436,255,153,304,5,1,0
2274,2077,436,255,153,304,5,1,0
2275,2077,436,255,153,304,5,1,0
2276,2077,436,255,153,304,5,1,0
2277,2077,436,255,153,304,5,1,0
2278,2077,436,255,153,304,5,1,0
2279,2077,436,255,153,304,5,1,0
2280,2077,436,255,152,304,5,1,0
2281,2077,436,255,152,304,5,1,0
2282,2077,437,255,152,304,5,1,0
2283,2077,436,255,152,304,5,1,0
2284,2077,436,255,152,304,5,1,0
2285,2077,436,255,152,304,5,1,0
2286,2077,436,255,152,304,5,1,0
2287,2077,436,255,152,304,5,1,0
2288,2077,436,255,152,304,5,1,0
2289,2077,436,255,152,304,5,1,0
2290,2077,436,255,152,304,5,1,0
2291,2077,436,255,152,304,5,1,0
2292,2077,436,255,153,304,5,1,0
2293,2076,436,255,153,304,5,1,0
2294,2076,436,255,153,304,5,1,0
2295,2076,436,256,153,304,5,1,0
2296,2076,436,256,153,304,5,1,0
2297,2076,436,256,153,304,5,1,0
2298,2076,436,256,154,304,5,1,0
2299,2076,436,256,153,304,5,1,0
2300,2076,436,256,153,304,5,1,0
2301,2076,436,256,154,304,5,1,0
2302,2077,435,254,154,304,5,1,0
2303,2077,435,254,154,304,5,1,0
2304,2076,436,255,153,304,5,1,0
2305,2076,436,255,153,304,5,1,0
2306,2076,436,255,153,304,5,1,0
2307,2076,436,255,153,304,5,1,0
2308,2076,436,255,153,304,5,1,0
2309,2076,436,255,153,304,5,1,0
2310,2076,436,255,153,304,5,1,0
2311,2076,436,255,153,304,5,1,0
2312,2077,436,255,152,304,5,1,0
2313,2077,436,255,152,304,5,1,0
2314,2077,436,255,152,304,5,1,0
2315,2077,436,255,152,304,5,1,0
2316,2077,437,254,152,304,5,1,0
2317,2077,437,254,152,304,5,1,0
2318,2077,437,254,152,304,5,1,0
2319,2077,437,255,152,304,5,1,0
2320,2077,437,255,152,304,5,1,0
2321,2077,437,255,152,304,5,1,0
2322,2076,436,255,152,304,5,1,0
2323,2076,436,255,152,304,5,1,0
2324,2076,437,255,152,304,5,1,0
2325,2076,437,256,152,304,5,1,0
2326,2076,437,255,152,304,5,1,0
2327,2076,437,255,152,304,5,1,0
2328,2077,436,255,153,304,5,1,0
2329,2077,436,255,153,304,5,1,0
2330,2077,436,255,153,304,5,1,0
2331,2077,436,255,153,304,5,1,0
2332,2077,436,255,153,304,5,1,0
2333,2077,436,255,153,304,5,1,0
2334,2077,436,255,153,304,5,1,0
2335,2077,436,255,153,304,5,1,0
2336,2077,436,255,153,304,5,1,0
2337,2077,436,255,153,304,5,1,0
2338,2077,436,255,153,304,5,1,0
2339,2077,436,255,153,304,5,1,0
2340,2076,437,255,153,304,5,1,0
2341,2076,436,255,153,304,5,1,0
2342,2077,437,255,153,304,5,1,0
2343,2077,437,255,153,304,5,1,0
2344,2077,437,255,153,304,5,1,0
2345,2077,437,255,153,304,5,1,0
2346,2077,437,255,153,304,5,1,0
2347,2077,437,254,153,304,5,1,0
2348,2077,437,255,153,304,5,1,0
2349,2077,437,255,153,304,5,1,0
2350,2077,437,254,153,304,5,1,0
2351,2077,437,254,153,304,5,1,0
2352,2076,436,256,153,304,5,1,0
2353,2076,436,256,153,304,5,1,0
2354,2076,436,256,153,304,5,1,0
2355,2077,436,255,153,304,5,1,0
2356,2077,436,255,153,304,5,1,0
2357,2077,436,255,153,304,5,1,0
2358,2077,436,255,153,304,5,1,0
2359,2077,436,255,153,304,5,1,0
2360,2076,436,256,153,304,5,1,0
2361,2077,436,255,153,304,5,1,0
2362,2077,436,255,153,304,5,1,0
2363,2077,436,255,153,304,5,1,0
2364,2077,436,255,153,304,5,1,0
2365,2077,436,255,153,304,5,1,0
2366,2077,436,255,153,304,5,1,0
2367,2077,436,255,153,304,5,1,0
2368,2077,436,255,153,304,5,1,0
2369,2077,436,255,153,304,5,1,0
2370,2077,436,255,153,304,5,1,0
2371,2077,436,255,153,304,5,1,0
2372,2077,436,255,153,304,5,1,0
2373,2077,436,255,153,304,5,1,0
2374,2077,436,255,153,304,5,1,0
2375,2077,436,255,153,304,5,1,0
2376,2076,436,256,153,304,5,1,0
2377,2077,436,254,153,304,5,1,0
2378,2077,436,254,153,304,5,1,0
2379,2077,436,255,153,304,5,1,0
2380,2077,436,254,153,304,5,1,0
2381,2076,436,256,153,304,5,1,0
2382,2076,436,256,154,304,5,1,0
2383,2076,436,256,154,304,5,1,0
2384,2076,437,256,153,304,5,1,0
2385,2076,437,256,153,304,5,1,0
2386,2076,437,256,153,304,5,1,0
2387,2076,436,256,153,304,5,1,0
2388,2077,437,255,153,304,5,1,0
2389,2077,437,255,153,304,5,1,0
2390,2077,437,255,153,304,5,1,0
2391,2077,437,255,153,304,5,1,0
2392,2077,436,255,153,304,5,1,0
2393,2077,436,255,153,304,5,1,0
2394,2077,436,255,153,304,5,1,0
2395,2077,436,255,153,304,5,1,0
2396,2077,436,255,153,304,5,1,0
2397,2077,436,255,153,304,5,1,0
2398,2077,436,255,153,304,5,1,0
2399,2077,436,255,153,304,5,1,0
2400,2077,436,255,153,304,5,1,0
2401,2077,436,255,153,304,5,1,0
2402,2077,436,255,153,304,5,1,0
2403,2077,436,255,153,304,5,1,0
2404,2077,436,255,153,304,5,1,0
2405,2077,436,255,153,304,5,1,0
2406,2077,436,255,153,304,5,1,0
2407,2077,436,255,153,304,5,1,0
2408,2077,436,255,153,304,5,1,0
2409,2077,436,255,153,304,5,1,0
2410,2077,436,255,153,304,5,1,0
2411,2077,436,255,153,304,5,1,0
2412,2076,436,256,153,304,5,1,0
2413,2076,436,256,153,304,5,1,0
2414,2076,436,256,153,304,5,1,0
2415,2076,436,256,153,304,5,1,0
2416,2076,436,256,153,304,5,1,0
2417,2076,436,256,153,304,5,1,0
2418,2076,436,256,153,304,5,1,0
2419,2077,436,255,153,304,5,1,0
2420,2076,436,256,153,304,5,1,0
2421,2076,436,256,153,304,5,1,0
0,1529,366,233,211,305,6,10,0
1,1533,366,228,211,305,6,10,0
2,1533,366,228,211,305,6,10,0
3,1533,366,228,211,305,6,10,0
4,1533,366,228,211,305,6,10,0
5,1532,366,229,211,305,6,10,0
6,1533,366,229,211,305,6,10,0
7,1533,366,229,211,305,6,10,0
8,1533,366,228,211,305,6,10,0
9,1532,366,229,211,305,6,10,0
10,1531,366,230,211,305,6,10,0
11,1532,366,229,212,305,6,10,0
12,1533,366,229,212,305,6,10,0
13,1532,366,229,212,305,6,10,0
14,1532,366,229,212,305,6,10,0
15,1532,366,229,212,305,6,10,0
16,1532,366,229,212,305,6,10,0
17,1532,366,229,212,305,6,10,0
18,1532,366,229,212,305,6,10,0
19,1532,366,229,212,305,6,10,0
20,1532,366,229,212,305,6,10,0
21,1532,366,229,212,305,6,10,0
22,1533,366,229,212,305,6,10,0
23,1533,366,229,212,305,6,10,0
24,1531,366,230,212,305,6,10,0
25,1531,366,230,212,305,6,10,0
26,1531,366,230,212,305,6,10,0
27,1531,366,230,212,305,6,10,0
28,1531,366,230,212,305,6,10,0
29,1531,366,230,212,305,6,10,0
30,1530,366,231,212,305,6,10,0
31,1530,366,231,212,305,6,10,0
32,1530,366,231,212,305,6,10,0
33,1530,366,231,212,305,6,10,0
34,1530,366,231,212,305,6,10,0
35,1530,366,231,212,305,6,10,0
36,1531,366,230,212,305,6,10,0
37,1531,366,231,212,305,6,10,0
38,1531,366,231,212,305,6,10,0
39,1530,366,231,212,305,6,10,0
40,1530,366,231,212,305,6,10,0
41,1530,366,231,212,305,6,10,0
42,1530,366,231,212,305,6,10,0
43,1530,366,231,212,305,6,10,0
44,1530,366,231,212,305,6,10,0
45,1530,366,231,212,305,6,10,0
46,1530,366,231,212,305,6,10,0
47,1530,366,231,212,305,6,10,0
48,1531,366,231,212,305,6,10,0
49,1531,366,230,212,305,6,10,0
50,1531,366,230,212,305,6,10,0
51,1531,366,230,212,305,6,10,0
52,1531,366,230,212,305,6,10,0
53,1531,366,230,212,305,6,10,0
54,1531,366,230,212,305,6,10,0
55,1531,366,230,212,305,6,10,0
56,1531,366,230,212,305,6,10,0
57,1531,366,230,212,305,6,10,0
58,1531,366,230,212,305,6,10,0
59,1531,366,230,212,305,6,10,0
60,1531,366,231,212,305,6,10,0
61,1531,366,231,212,305,6,10,0
62,1531,366,231,212,305,6,10,0
63,1531,366,231,212,305,6,10,0
64,1531,366,230,212,305,6,10,0
65,1534,365,227,212,305,6,10,0
66,1534,365,227,212,305,6,10,0
67,1534,365,227,212,305,6,10,0
68,1534,365,227,212,305,6,10,0
69,1534,365,227,212,305,6,10,0
70,1534,365,227,212,305,6,10,0
71,1534,365,227,212,305,6,10,0
72,1536,366,226,212,305,6,10,0
73,1536,366,225,212,305,6,10,0
74,1536,366,225,212,305,6,10,0
75,1536,366,226,212,305,6,10,0
76,1536,366,226,212,305,6,10,0
77,1536,366,225,212,305,6,10,0
78,1536,366,226,212,305,6,10,0
79,1536,366,225,212,305,6,10,0
80,1536,366,225,212,305,6,10,0
81,1536,366,225,212,305,6,10,0
82,1536,366,226,212,305,6,10,0
83,1536,366,226,212,305,6,10,0
84,1535,365,226,212,305,6,10,0
85,1535,366,226,212,305,6,10,0
86,1535,365,226,212,305,6,10,0
87,1535,366,226,212,305,6,10,0
88,1535,366,226,212,305,6,10,0
89,1535,366,226,212,305,6,10,0
90,1535,366,226,212,305,6,10,0
91,1535,366,226,212,305,6,10,0
92,1535,366,226,212,305,6,10,0
93,1535,366,226,212,305,6,10,0
94,1535,366,226,212,305,6,10,0
95,1535,366,226,212,305,6,10,0
96,1535,366,226,212,305,6,10,0
97,1535,366,226,212,305,6,10,0
98,1535,366,226,212,305,6,10,0
99,1535,366,226,212,305,6,10,0
100,1535,366,226,212,305,6,10,0
101,1535,365,226,212,305,6,10,0
102,1535,365,226,212,305,6,10,0
103,1535,365,226,212,305,6,10,0
104,1535,365,226,212,305,6,10,0
105,1535,365,226,212,305,6,10,0
106,1535,365,226,212,305,6,10,0
107,1535,366,226,212,305,6,10,0
108,1535,366,226,212,305,6,10,0
109,1535,366,226,212,305,6,10,0
110,1535,366,226,212,305,6,10,0
111,1535,365,226,212,305,6,10,0
112,1535,366,226,212,305,6,10,0
113,1535,366,226,212,305,6,10,0
114,1535,366,226,212,305,6,10,0
115,1535,366,226,212,305,6,10,0
116,1535,366,226,212,305,6,10,0
117,1535,366,226,212,305,6,10,0
118,1535,366,226,212,305,6,10,0
119,1535,366,226,212,305,6,10,0
120,1535,366,226,212,305,6,10,0
121,1535,366,226,212,305,6,10,0
122,1535,366,226,212,305,6,10,0
123,1535,366,226,212,305,6,10,0
124,1535,365,226,212,305,6,10,0
125,1535,365,226,212,305,6,10,0
126,1535,365,226,212,305,6,10,0
127,1535,365,226,212,305,6,10,0
128,1535,366,226,212,305,6,10,0
129,1535,366,226,212,305,6,10,0
130,1535,365,226,212,305,6,10,0
131,1535,365,226,212,305,6,10,0
132,1535,366,226,212,305,6,10,0
133,1535,366,226,212,305,6,10,0
134,1535,366,226,212,305,6,10,0
135,1535,366,226,212,305,6,10,0
136,1535,366,226,212,305,6,10,0
137,1535,366,226,212,305,6,10,0
138,1535,366,226,212,305,6,10,0
139,1535,365,226,212,305,6,10,0
140,1535,365,226,212,305,6,10,0
141,1535,365,226,212,305,6,10,0
142,1535,365,226,212,305,6,10,0
143,1535,365,226,212,305,6,10,0
144,1535,365,226,212,305,6,10,0
145,1535,365,226,212,305,6,10,0
146,1535,365,226,212,305,6,10,0
147,1534,365,226,212,305,6,10,0
148,1535,365,226,212,305,6,10,0
149,1535,365,226,212,305,6,10,0
150,1535,365,226,212,305,6,10,0
151,1535,365,226,212,305,6,10,0
152,1535,365,226,212,305,6,10,0
153,1535,365,226,212,305,6,10,0
154,1535,365,226,212,305,6,10,0
155,1535,365,226,212,305,6,10,0
156,1534,365,227,212,305,6,10,0
157,1535,365,226,212,305,6,10,0
158,1534,365,226,212,305,6,10,0
159,1535,365,226,212,305,6,10,0
160,1535,365,226,212,305,6,10,0
161,1535,365,226,212,305,6,10,0
162,1535,365,226,212,305,6,10,0
163,1535,365,226,212,305,6,10,0
164,1535,365,226,212,305,6,10,0
165,1535,365,226,212,305,6,10,0
166,1535,365,226,212,305,6,10,0
167,1535,365,226,212,305,6,10,0
168,1536,365,225,212,305,6,10,0
169,1536,365,225,212,305,6,10,0
170,1535,365,226,212,305,6,10,0
171,1535,365,225,212,305,6,10,0
172,1535,365,226,212,305,6,10,0
173,1535,365,226,212,305,6,10,0
174,1535,365,226,212,305,6,10,0
175,1535,365,226,212,305,6,10,0
176,1535,365,226,212,305,6,10,0
177,1535,365,226,212,305,6,10,0
178,1535,365,226,212,305,6,10,0
179,1535,365,226,212,305,6,10,0
180,1535,365,226,212,305,6,10,0
181,1535,365,226,212,305,6,10,0
182,1535,365,226,212,305,6,10,0
183,1535,365,226,212,305,6,10,0
184,1535,365,226,212,305,6,10,0
185,1535,365,226,212,305,6,10,0
186,1535,365,226,212,305,6,10,0
187,1535,365,226,212,305,6,10,0
188,1535,365,226,212,305,6,10,0
189,1535,365,226,212,305,6,10,0
190,1535,365,226,212,305,6,10,0
191,1535,365,226,212,305,6,10,0
192,1535,365,226,212,305,6,10,0
193,1535,365,226,212,305,6,10,0
194,1535,365,226,212,305,6,10,0
195,1535,365,226,212,305,6,10,0
196,1535,365,226,212,305,6,10,0
197,1535,365,226,212,305,6,10,0
198,1535,365,226,212,305,6,10,0
199,1534,365,227,212,305,6,10,0
200,1534,365,227,212,305,6,10,0
201,1534,365,227,212,305,6,10,0
202,1535,365,226,212,305,6,10,0
203,1535,365,226,212,305,6,10,0
204,1535,365,226,212,305,6,10,0
205,1535,365,226,212,305,6,10,0
206,1535,365,226,212,305,6,10,0
207,1535,365,226,212,305,6,10,0
208,1535,365,226,212,305,6,10,0
209,1532,365,229,212,305,6,10,0
210,1532,365,229,212,305,6,10,0
211,1531,365,230,212,305,6,10,0
212,1531,365,230,212,305,6,10,0
213,1531,365,230,212,305,6,10,0
214,1531,365,230,212,305,6,10,0
215,1531,365,230,212,305,6,10,0
216,1534,365,228,212,305,6,10,0
217,1534,365,228,212,305,6,10,0
218,1534,365,228,212,305,6,10,0
219,1536,365,225,212,305,6,10,0
220,1537,365,225,212,305,6,10,0
221,1536,365,225,212,305,6,10,0
222,1537,365,225,212,305,6,10,0
223,1537,365,225,212,305,6,10,0
224,1537,365,225,212,305,6,10,0
225,1536,365,226,212,305,6,10,0
226,1535,365,226,212,305,6,10,0
227,1535,365,226,212,305,6,10,0
228,1535,365,226,212,305,6,10,0
229,1535,365,227,212,305,6,10,0
230,1535,365,226,213,305,6,10,0
231,1535,365,226,212,305,6,10,0
232,1535,365,226,212,305,6,10,0
233,1535,365,226,212,305,6,10,0
234,1535,365,226,212,305,6,10,0
235,1535,365,226,212,305,6,10,0
236,1535,365,226,212,305,6,10,0
237,1535,365,226,212,305,6,10,0
238,1535,365,226,212,305,6,10,0
239,1535,365,226,212,305,6,10,0
240,1535,365,226,212,305,6,10,0
241,1535,365,226,212,305,6,10,0
242,1535,365,226,212,305,6,10,0
243,1535,365,226,212,305,6,10,0
244,1535,365,226,212,305,6,10,0
245,1535,365,226,212,305,6,10,0
246,1535,365,226,212,305,6,10,0
247,1535,365,226,212,305,6,10,0
248,1535,365,226,212,305,6,10,0
249,1535,365,226,212,305,6,10,0
250,1535,366,226,212,305,6,10,0
251,1535,366,226,212,305,6,10,0
252,1535,366,226,212,305,6,10,0
253,1535,366,226,212,305,6,10,0
254,1535,365,226,212,305,6,10,0
255,1535,366,226,212,305,6,10,0
256,1535,366,226,212,305,6,10,0
257,1535,366,226,212,305,6,10,0
258,1535,366,226,212,305,6,10,0
259,1535,366,226,212,305,6,10,0
260,1535,365,226,212,305,6,10,0
261,1535,365,226,212,305,6,10,0
262,1535,365,226,212,305,6,10,0
263,1535,365,226,212,305,6,10,0
264,1535,366,226,212,305,6,10,0
265,1535,366,226,212,305,6,10,0
266,1535,366,226,212,305,6,10,0
267,1535,366,226,212,305,6,10,0
268,1535,366,226,212,305,6,10,0
269,1535,366,226,212,305,6,10,0
270,1535,366,226,212,305,6,10,0
271,1535,366,226,212,305,6,10,0
272,1535,366,226,212,305,6,10,0
273,1535,366,226,212,305,6,10,0
274,1535,366,226,212,305,6,10,0
275,1535,366,226,212,305,6,10,0
276,1536,366,226,212,305,6,10,0
277,1536,366,226,212,305,6,10,0
278,1536,366,226,212,305,6,10,0
279,1536,366,226,212,305,6,10,0
280,1536,366,226,212,305,6,10,0
281,1536,366,226,212,305,6,10,0
282,1536,366,226,212,305,6,10,0
283,1536,366,226,212,305,6,10,0
284,1535,365,226,212,305,6,10,0
285,1535,365,226,212,305,6,10,0
286,1535,365,226,212,305,6,10,0
287,1535,365,226,212,305,6,10,0
288,1536,365,225,212,305,6,10,0
289,1536,365,225,212,305,6,10,0
290,1536,365,225,212,305,6,10,0
291,1536,365,225,212,305,6,10,0
292,1536,365,225,212,305,6,10,0
293,1536,365,225,212,305,6,10,0
294,1536,365,225,212,305,6,10,0
295,1536,365,225,212,305,6,10,0
296,1536,365,225,212,305,6,10,0
297,1536,365,225,212,305,6,10,0
298,1536,365,225,212,305,6,10,0
299,1536,365,225,212,305,6,10,0
300,1536,365,225,212,305,6,10,0
301,1536,365,225,212,305,6,10,0
302,1536,365,225,212,305,6,10,0
303,1536,365,225,212,305,6,10,0
304,1536,365,225,212,305,6,10,0
305,1536,365,225,212,305,6,10,0
306,1536,365,225,212,305,6,10,0
307,1536,365,225,212,305,6,10,0
308,1536,365,225,212,305,6,10,0
309,1536,365,225,212,305,6,10,0
310,1536,365,225,212,305,6,10,0
311,1536,365,225,212,305,6,10,0
312,1536,365,225,212,305,6,10,0
313,1536,365,225,212,305,6,10,0
314,1536,365,225,212,305,6,10,0
315,1536,365,225,212,305,6,10,0
316,1536,365,225,212,305,6,10,0
317,1536,365,225,212,305,6,10,0
318,1536,365,225,212,305,6,10,0
319,1536,365,225,212,305,6,10,0
320,1536,365,225,212,305,6,10,0
321,1536,365,225,212,305,6,10,0
322,1536,365,225,212,305,6,10,0
323,1536,365,225,212,305,6,10,0
324,1536,365,225,212,305,6,10,0
325,1536,365,225,212,305,6,10,0
326,1536,365,225,212,305,6,10,0
327,1536,365,225,212,305,6,10,0
328,1536,365,225,212,305,6,10,0
329,1536,365,225,212,305,6,10,0
330,1536,365,225,212,305,6,10,0
331,1536,365,225,212,305,6,10,0
332,1536,365,225,212,305,6,10,0
333,1536,365,225,212,305,6,10,0
334,1536,365,225,212,305,6,10,0
335,1536,365,225,212,305,6,10,0
336,1536,365,225,212,305,6,10,0
337,1536,365,225,212,305,6,10,0
338,1536,365,225,212,305,6,10,0
339,1536,365,225,212,305,6,10,0
340,1536,365,225,212,305,6,10,0
341,1536,365,225,212,305,6,10,0
342,1536,365,225,212,305,6,10,0
343,1536,365,225,212,305,6,10,0
344,1536,365,225,212,305,6,10,0
345,1536,365,225,212,305,6,10,0
346,1536,365,225,212,305,6,10,0
347,1536,365,225,212,305,6,10,0
348,1535,365,226,212,305,6,10,0
349,1535,365,226,212,305,6,10,0
350,1535,365,226,212,305,6,10,0
351,1535,365,226,212,305,6,10,0
352,1535,365,226,212,305,6,10,0
353,1535,365,226,212,305,6,10,0
354,1535,365,226,212,305,6,10,0
355,1535,365,226,212,305,6,10,0
356,1535,365,226,212,305,6,10,0
357,1535,365,226,212,305,6,10,0
358,1535,365,226,212,305,6,10,0
359,1535,365,226,212,305,6,10,0
360,1535,365,226,212,305,6,10,0
361,1535,365,226,212,305,6,10,0
362,1535,365,226,212,305,6,10,0
363,1535,365,226,212,305,6,10,0
364,1535,365,226,212,305,6,10,0
365,1535,365,226,212,305,6,10,0
366,1535,365,226,212,305,6,10,0
367,1535,365,226,212,305,6,10,0
368,1535,365,226,212,305,6,10,0
369,1535,365,226,212,305,6,10,0
370,1535,365,226,212,305,6,10,0
371,1535,365,226,212,305,6,10,0
372,1535,366,227,212,305,6,10,0
373,1535,366,227,212,305,6,10,0
374,1534,365,227,212,305,6,10,0
375,1534,365,227,212,305,6,10,0
376,1534,365,227,212,305,6,10,0
377,1534,365,227,212,305,6,10,0
378,1534,365,227,212,305,6,10,0
379,1534,365,227,212,305,6,10,0
380,1534,365,227,212,305,6,10,0
381,1534,365,227,212,305,6,10,0
382,1535,365,227,212,305,6,10,0
383,1535,365,227,212,305,6,10,0
384,1535,365,226,212,305,6,10,0
385,1535,365,226,212,305,6,10,0
386,1535,365,226,212,305,6,10,0
387,1535,365,226,212,305,6,10,0
388,1535,365,226,212,305,6,10,0
389,1535,365,226,212,305,6,10,0
390,1535,365,226,212,305,6,10,0
391,1535,365,226,212,305,6,10,0
392,1535,365,226,212,305,6,10,0
393,1535,365,226,212,305,6,10,0
394,1535,365,226,213,305,6,10,0
395,1535,365,226,213,305,6,10,0
396,1535,365,226,212,305,6,10,0
397,1535,365,226,212,305,6,10,0
398,1535,365,226,212,305,6,10,0
399,1535,365,226,212,305,6,10,0
400,1535,365,226,212,305,6,10,0
401,1535,365,226,212,305,6,10,0
402,1535,365,226,212,305,6,10,0
403,1535,365,226,212,305,6,10,0
404,1535,365,226,212,305,6,10,0
405,1535,365,226,212,305,6,10,0
406,1535,365,226,212,305,6,10,0
407,1535,365,226,212,305,6,10,0
408,1535,365,226,212,305,6,10,0
409,1535,365,227,212,305,6,10,0
410,1534,365,227,212,305,6,10,0
411,1534,365,227,212,305,6,10,0
412,1534,365,227,212,305,6,10,0
413,1534,365,227,212,305,6,10,0
414,1535,366,226,211,305,6,10,0
415,1535,365,226,212,305,6,10,0
416,1535,365,226,212,305,6,10,0
417,1536,365,226,212,305,6,10,0
418,1536,365,226,212,305,6,10,0
419,1535,365,226,212,305,6,10,0
420,1536,365,225,212,305,6,10,0
421,1536,365,225,212,305,6,10,0
422,1536,365,225,212,305,6,10,0
423,1536,365,225,212,305,6,10,0
424,1536,365,225,212,305,6,10,0
425,1536,365,225,212,305,6,10,0
426,1536,365,225,212,305,6,10,0
427,1536,365,225,212,305,6,10,0
428,1536,365,225,212,305,6,10,0
429,1536,365,225,212,305,6,10,0
430,1536,365,225,212,305,6,10,0
431,1536,365,225,212,305,6,10,0
432,1536,365,225,212,305,6,10,0
433,1536,365,225,212,305,6,10,0
434,1536,365,225,212,305,6,10,0
435,1536,365,225,212,305,6,10,0
436,1536,365,225,212,305,6,10,0
437,1536,365,225,212,305,6,10,0
438,1537,365,224,212,305,6,10,0
439,1537,365,224,212,305,6,10,0
440,1537,365,224,212,305,6,10,0
441,1537,365,224,212,305,6,10,0
442,1537,365,224,212,305,6,10,0
443,1537,365,224,212,305,6,10,0
444,1535,365,226,212,305,6,10,0
445,1535,365,226,212,305,6,10,0
446,1535,365,226,212,305,6,10,0
447,1535,365,226,212,305,6,10,0
448,1535,365,226,212,305,6,10,0
449,1536,365,225,212,305,6,10,0
450,1536,365,225,212,305,6,10,0
451,1536,365,225,212,305,6,10,0
452,1536,365,225,212,305,6,10,0
453,1536,365,225,212,305,6,10,0
454,1536,365,225,212,305,6,10,0
455,1536,365,225,212,305,6,10,0
456,1536,365,225,212,305,6,10,0
457,1536,365,225,212,305,6,10,0
458,1536,365,225,212,305,6,10,0
459,1536,365,225,212,305,6,10,0
460,1536,365,225,212,305,6,10,0
461,1536,365,225,212,305,6,10,0
462,1536,365,225,212,305,6,10,0
463,1536,365,225,212,305,6,10,0
464,1536,365,225,212,305,6,10,0
465,1536,365,225,212,305,6,10,0
466,1536,365,225,212,305,6,10,0
467,1536,365,225,212,305,6,10,0
468,1536,365,225,212,305,6,10,0
469,1536,365,225,212,305,6,10,0
470,1536,365,225,212,305,6,10,0
471,1536,365,225,212,305,6,10,0
472,1536,365,225,212,305,6,10,0
473,1536,365,225,212,305,6,10,0
474,1536,365,225,212,305,6,10,0
475,1536,365,225,212,305,6,10,0
476,1536,365,225,212,305,6,10,0
477,1536,365,225,212,305,6,10,0
478,1536,365,225,212,305,6,10,0
479,1536,365,225,212,305,6,10,0
480,1536,365,225,212,305,6,10,0
481,1536,365,225,212,305,6,10,0
482,1536,365,225,213,305,6,10,0
483,1536,365,225,213,305,6,10,0
484,1536,365,225,213,305,6,10,0
485,1536,365,225,213,305,6,10,0
486,1536,365,225,213,305,6,10,0
487,1536,365,225,213,305,6,10,0
488,1536,365,225,213,305,6,10,0
489,1536,365,225,213,305,6,10,0
490,1536,365,225,213,305,6,10,0
491,1536,365,225,213,305,6,10,0
492,1536,365,225,213,305,6,10,0
493,1536,365,225,213,305,6,10,0
494,1536,365,225,213,305,6,10,0
495,1535,365,225,213,305,6,10,0
496,1535,365,225,213,305,6,10,0
497,1535,365,225,213,305,6,10,0
498,1535,365,225,213,305,6,10,0
499,1535,365,225,213,305,6,10,0
500,1535,365,226,213,305,6,10,0
501,1535,365,226,213,305,6,10,0
502,1535,365,226,213,305,6,10,0
503,1535,365,226,213,305,6,10,0
504,1531,365,230,212,305,6,10,0
505,1532,365,229,212,305,6,10,0
506,1532,365,229,212,305,6,10,0
507,1532,365,229,212,305,6,10,0
508,1531,365,230,212,305,6,10,0
509,1532,365,229,212,305,6,10,0
510,1532,365,229,212,305,6,10,0
511,1532,365,229,212,305,6,10,0
512,1532,365,229,212,305,6,10,0
513,1532,365,229,212,305,6,10,0
514,1532,365,229,212,305,6,10,0
515,1532,365,229,212,305,6,10,0
516,1533,366,228,212,305,6,10,0
517,1533,365,228,212,305,6,10,0
518,1533,365,228,212,305,6,10,0
519,1533,365,228,212,305,6,10,0
520,1533,365,228,212,305,6,10,0
521,1533,365,228,212,305,6,10,0
522,1533,365,228,212,305,6,10,0
523,1533,365,228,212,305,6,10,0
524,1533,365,228,212,305,6,10,0
525,1533,365,228,212,305,6,10,0
526,1533,365,228,212,305,6,10,0
527,1533,365,228,212,305,6,10,0
528,1532,365,229,212,305,6,10,0
529,1532,365,228,212,305,6,10,0
530,1531,365,229,212,305,6,10,0
531,1532,365,229,212,305,6,10,0
532,1532,365,229,212,305,6,10,0
533,1532,365,229,212,305,6,10,0
534,1532,365,229,212,305,6,10,0
535,1532,365,229,212,305,6,10,0
536,1532,365,229,212,305,6,10,0
537,1532,365,229,212,305,6,10,0
538,1532,365,229,212,305,6,10,0
539,1532,365,229,212,305,6,10,0
540,1533,365,228,212,305,6,10,0
541,1533,365,228,212,305,6,10,0
542,1533,365,228,212,305,6,10,0
543,1533,365,228,212,305,6,10,0
544,1533,365,228,212,305,6,10,0
545,1533,365,228,212,305,6,10,0
546,1532,365,228,212,305,6,10,0
547,1532,365,228,212,305,6,10,0
548,1533,365,228,212,305,6,10,0
549,1532,365,229,212,305,6,10,0
550,1532,365,229,212,305,6,10,0
551,1532,365,229,212,305,6,10,0
552,1533,365,228,212,305,6,10,0
553,1533,365,228,212,305,6,10,0
554,1533,365,228,212,305,6,10,0
555,1533,365,228,212,305,6,10,0
556,1533,365,228,212,305,6,10,0
557,1533,365,228,212,305,6,10,0
558,1533,365,228,212,305,6,10,0
559,1533,365,228,212,305,6,10,0
560,1533,365,228,212,305,6,10,0
561,1533,365,228,212,305,6,10,0
562,1533,365,228,212,305,6,10,0
563,1533,365,228,212,305,6,10,0
564,1533,366,228,212,305,6,10,0
565,1533,366,228,212,305,6,10,0
566,1533,366,228,212,305,6,10,0
567,1532,366,229,212,305,6,10,0
568,1532,365,229,212,305,6,10,0
569,1532,365,228,212,305,6,10,0
570,1532,365,229,212,305,6,10,0
571,1532,365,229,212,305,6,10,0
572,1532,365,229,212,305,6,10,0
573,1532,365,229,212,305,6,10,0
574,1532,365,229,212,305,6,10,0
575,1532,365,229,212,305,6,10,0
576,1532,365,229,212,305,6,10,0
577,1532,365,229,212,305,6,10,0
578,1532,365,229,212,305,6,10,0
579,1531,365,230,212,305,6,10,0
580,1532,365,229,212,305,6,10,0
581,1531,365,229,212,305,6,10,0
582,1531,365,230,212,305,6,10,0
583,1535,365,226,212,305,6,10,0
584,1535,365,227,212,305,6,10,0
585,1534,365,227,212,305,6,10,0
586,1534,365,227,212,305,6,10,0
587,1534,365,227,212,305,6,10,0
588,1534,365,227,212,305,6,10,0
589,1534,365,227,212,305,6,10,0
590,1534,365,227,212,305,6,10,0
591,1534,365,227,212,305,6,10,0
592,1534,365,227,212,305,6,10,0
593,1534,365,227,212,305,6,10,0
594,1534,365,227,212,305,6,10,0
595,1534,365,227,212,305,6,10,0
596,1534,365,227,212,305,6,10,0
597,1534,365,227,212,305,6,10,0
598,1534,365,227,212,305,6,10,0
599,1534,365,227,212,305,6,10,0
600,1533,365,228,213,305,6,10,0
601,1533,365,228,213,305,6,10,0
602,1533,365,228,213,305,6,10,0
603,1534,365,227,213,305,6,10,0
604,1534,365,227,213,305,6,10,0
605,1534,365,227,213,305,6,10,0
606,1534,365,227,213,305,6,10,0
607,1534,365,227,213,305,6,10,0
608,1534,365,227,213,305,6,10,0
609,1534,365,227,213,305,6,10,0
610,1534,365,227,213,305,6,10,0
611,1534,365,227,213,305,6,10,0
612,1534,365,227,213,305,6,10,0
613,1534,365,227,213,305,6,10,0
614,1534,365,227,213,305,6,10,0
615,1534,365,227,213,305,6,10,0
616,1534,365,227,213,305,6,10,0
617,1534,365,227,213,305,6,10,0
618,1534,365,227,213,305,6,10,0
619,1534,365,227,213,305,6,10,0
620,1534,365,227,213,305,6,10,0
621,1534,365,227,212,305,6,10,0
622,1534,365,227,212,305,6,10,0
623,1534,365,227,212,305,6,10,0
624,1533,365,228,213,305,6,10,0
625,1533,365,228,213,305,6,10,0
626,1533,365,228,213,305,6,10,0
627,1533,365,228,213,305,6,10,0
628,1533,365,228,213,305,6,10,0
629,1533,365,228,213,305,6,10,0
630,1533,365,228,213,305,6,10,0
631,1533,365,228,213,305,6,10,0
632,1533,365,228,213,305,6,10,0
633,1533,365,228,213,305,6,10,0
634,1533,365,228,213,305,6,10,0
635,1533,365,228,213,305,6,10,0
636,1534,365,227,213,305,6,10,0
637,1534,365,227,213,305,6,10,0
638,1534,365,227,213,305,6,10,0
639,1534,365,227,213,305,6,10,0
640,1534,365,227,213,305,6,10,0
641,1534,365,227,213,305,6,10,0
642,1535,365,226,213,305,6,10,0
643,1535,365,226,213,305,6,10,0
644,1535,365,226,213,305,6,10,0
645,1535,365,226,213,305,6,10,0
646,1534,365,227,213,305,6,10,0
647,1534,365,227,213,305,6,10,0
648,1534,365,227,212,305,6,10,0
649,1534,365,227,212,305,6,10,0
650,1534,365,227,212,305,6,10,0
651,1534,365,227,212,305,6,10,0
652,1534,365,227,212,305,6,10,0
653,1532,365,228,212,305,6,10,0
654,1532,365,228,212,305,6,10,0
655,1533,365,228,212,305,6,10,0
656,1533,365,228,213,305,6,10,0
657,1533,365,228,212,305,6,10,0
658,1533,365,228,212,305,6,10,0
659,1532,365,229,212,305,6,10,0
660,1531,365,229,212,305,6,10,0
661,1532,365,229,212,305,6,10,0
662,1532,365,229,212,305,6,10,0
663,1533,366,228,212,305,6,10,0
664,1532,366,228,212,305,6,10,0
665,1533,366,228,212,305,6,10,0
666,1533,366,228,212,305,6,10,0
667,1533,366,228,212,305,6,10,0
668,1533,366,227,212,305,6,10,0
669,1533,366,228,212,305,6,10,0
670,1533,366,228,212,305,6,10,0
671,1533,366,228,212,305,6,10,0
672,1534,366,227,212,305,6,10,0
673,1535,365,227,212,305,6,10,0
674,1535,365,227,212,305,6,10,0
675,1535,365,227,212,305,6,10,0
676,1535,365,227,212,305,6,10,0
677,1535,365,227,212,305,6,10,0
678,1535,365,227,212,305,6,10,0
679,1535,365,227,212,305,6,10,0
680,1534,365,227,212,305,6,10,0
681,1535,365,227,212,305,6,10,0
682,1534,365,227,212,305,6,10,0
683,1535,365,227,212,305,6,10,0
684,1534,365,228,212,305,6,10,0
685,1534,365,228,212,305,6,10,0
686,1534,365,228,212,305,6,10,0
687,1534,365,228,213,305,6,10,0
688,1534,365,227,213,305,6,10,0
689,1534,365,227,213,305,6,10,0
690,1533,365,228,213,305,6,10,0
691,1534,365,228,213,305,6,10,0
692,1534,365,228,213,305,6,10,0
693,1534,365,228,213,305,6,10,0
694,1533,365,228,213,305,6,10,0
695,1533,365,228,213,305,6,10,0
696,1534,365,227,212,305,6,10,0
697,1533,365,228,212,305,6,10,0
698,1533,365,228,212,305,6,10,0
699,1533,365,228,212,305,6,10,0
700,1533,365,228,212,305,6,10,0
701,1533,365,228,212,305,6,10,0
702,1533,365,228,212,305,6,10,0
703,1534,365,227,212,305,6,10,0
704,1534,366,227,212,305,6,10,0
705,1534,366,227,212,305,6,10,0
706,1535,366,227,212,305,6,10,0
707,1535,366,227,212,305,6,10,0
708,1535,366,226,212,305,6,10,0
709,1535,366,226,212,305,6,10,0
710,1536,366,226,212,305,6,10,0
711,1535,366,226,212,305,6,10,0
712,1535,366,226,212,305,6,10,0
713,1535,366,226,212,305,6,10,0
714,1535,366,226,212,305,6,10,0
715,1535,366,226,212,305,6,10,0
716,1535,365,226,212,305,6,10,0
717,1535,365,226,212,305,6,10,0
718,1535,365,226,212,305,6,10,0
719,1535,365,226,212,305,6,10,0
720,1533,365,228,212,305,6,10,0
721,1534,365,228,212,305,6,10,0
722,1532,365,229,212,305,6,10,0
723,1535,365,227,212,305,6,10,0
724,1536,365,226,212,305,6,10,0
725,1536,365,225,212,305,6,10,0
726,1542,365,219,212,305,6,10,0
727,1538,365,224,213,305,6,10,0
728,1535,364,226,213,305,6,10,0
729,1526,364,236,213,305,6,10,0
730,1527,365,235,212,305,6,10,0
731,1525,364,236,213,305,6,10,0
732,1530,364,232,212,305,6,10,0
733,1528,365,233,213,305,6,10,0
734,1528,365,234,213,305,6,10,0
735,1526,365,235,213,305,6,10,0
736,1546,365,215,212,305,6,10,0
737,1553,366,208,211,305,6,10,0
738,1544,366,217,212,305,6,10,0
739,1544,366,217,212,305,6,10,0
740,1543,366,218,212,305,6,10,0
741,1540,366,220,212,305,6,10,0
742,1536,366,225,212,305,6,10,0
743,1536,366,225,211,305,6,10,0
744,1537,366,224,212,305,6,10,0
745,1537,366,224,212,305,6,10,0
746,1536,366,225,212,305,6,10,0
747,1536,366,225,212,305,6,10,0
748,1535,366,226,212,305,6,10,0
749,1535,366,226,212,305,6,10,0
750,1535,366,226,212,305,6,10,0
751,1535,366,226,212,305,6,10,0
752,1535,366,226,212,305,6,10,0
753,1535,366,226,212,305,6,10,0
754,1535,366,226,212,305,6,10,0
755,1535,366,226,212,305,6,10,0
756,1535,366,226,212,305,6,10,0
757,1535,365,226,212,305,6,10,0
758,1535,365,226,212,305,6,10,0
759,1535,365,226,212,305,6,10,0
760,1536,365,226,212,305,6,10,0
761,1536,365,226,212,305,6,10,0
762,1536,365,226,212,305,6,10,0
763,1536,365,226,212,305,6,10,0
764,1536,365,226,212,305,6,10,0
765,1536,365,226,212,305,6,10,0
766,1535,365,226,212,305,6,10,0
767,1535,365,226,212,305,6,10,0
768,1536,365,225,212,305,6,10,0
769,1536,365,225,212,305,6,10,0
770,1536,365,225,213,305,6,10,0
771,1536,365,225,212,305,6,10,0
772,1536,365,225,213,305,6,10,0
773,1536,365,225,213,305,6,10,0
774,1536,365,225,213,305,6,10,0
775,1536,365,225,213,305,6,10,0
776,1536,365,225,213,305,6,10,0
777,1536,365,225,213,305,6,10,0
778,1535,365,226,213,305,6,10,0
779,1535,365,226,213,305,6,10,0
780,1535,365,226,212,305,6,10,0
781,1536,365,225,212,305,6,10,0
782,1536,365,225,212,305,6,10,0
783,1536,365,225,212,305,6,10,0
784,1536,365,225,212,305,6,10,0
785,1536,365,225,212,305,6,10,0
786,1537,365,224,212,305,6,10,0
787,1537,365,224,213,305,6,10,0
788,1537,365,224,213,305,6,10,0
789,1537,365,224,213,305,6,10,0
790,1537,365,224,213,305,6,10,0
791,1537,365,224,213,305,6,10,0
792,1536,364,225,213,305,6,10,0
793,1536,364,225,213,305,6,10,0
794,1536,364,225,213,305,6,10,0
795,1536,365,225,213,305,6,10,0
796,1536,365,225,213,305,6,10,0
797,1536,365,225,213,305,6,10,0
798,1536,365,225,213,305,6,10,0
799,1536,365,225,213,305,6,10,0
800,1536,365,225,213,305,6,10,0
801,1536,365,225,213,305,6,10,0
802,1536,365,225,213,305,6,10,0
803,1536,365,225,213,305,6,10,0
804,1536,365,225,213,305,6,10,0
805,1536,365,225,213,305,6,10,0
806,1536,365,225,213,305,6,10,0
807,1536,365,225,213,305,6,10,0
808,1536,365,225,213,305,6,10,0
809,1536,365,225,213,305,6,10,0
810,1536,365,225,213,305,6,10,0
811,1536,365,225,213,305,6,10,0
812,1536,365,225,213,305,6,10,0
813,1536,365,225,213,305,6,10,0
814,1536,365,225,213,305,6,10,0
815,1536,365,225,213,305,6,10,0
816,1534,365,226,212,305,6,10,0
817,1535,365,226,212,305,6,10,0
818,1534,365,226,212,305,6,10,0
819,1534,365,226,212,305,6,10,0
820,1534,365,226,212,305,6,10,0
821,1535,365,226,212,305,6,10,0
822,1534,365,227,212,305,6,10,0
823,1534,365,227,212,305,6,10,0
824,1534,365,227,212,305,6,10,0
825,1534,365,227,212,305,6,10,0
826,1534,365,227,212,305,6,10,0
827,1534,365,227,212,305,6,10,0
828,1535,366,226,212,305,6,10,0
829,1535,366,226,212,305,6,10,0
830,1535,366,226,212,305,6,10,0
831,1535,366,226,212,305,6,10,0
832,1535,366,226,212,305,6,10,0
833,1535,365,226,212,305,6,10,0
834,1535,366,226,212,305,6,10,0
835,1535,366,226,212,305,6,10,0
836,1533,366,229,211,305,6,10,0
837,1532,366,229,211,305,6,10,0
838,1531,366,230,211,305,6,10,0
839,1532,366,229,212,305,6,10,0
840,1534,365,227,212,305,6,10,0
841,1535,365,227,212,305,6,10,0
842,1535,365,227,212,305,6,10,0
843,1535,365,226,212,305,6,10,0
844,1535,365,227,212,305,6,10,0
845,1535,365,227,211,305,6,10,0
846,1549,366,213,211,305,6,10,0
847,1549,365,213,211,305,6,10,0
848,1568,366,193,209,305,6,10,0
849,1532,365,230,209,305,6,10,0
850,1534,365,226,208,305,6,10,0
851,1525,364,236,205,305,6,10,0
852,1533,365,232,209,305,6,10,0
853,1534,365,227,209,305,6,10,0
854,1535,365,226,211,305,6,10,0
855,1535,365,226,212,305,6,10,0
856,1535,365,227,212,305,6,10,0
857,1535,366,227,212,305,6,10,0
858,1535,366,226,212,305,6,10,0
859,1535,365,226,212,305,6,10,0
860,1535,365,226,212,305,6,10,0
861,1535,365,226,212,305,6,10,0
862,1534,365,227,212,305,6,10,0
863,1533,365,228,212,305,6,10,0
864,1534,365,227,212,305,6,10,0
865,1534,365,227,212,305,6,10,0
866,1534,365,227,212,305,6,10,0
867,1534,365,227,212,305,6,10,0
868,1535,365,227,212,305,6,10,0
869,1534,365,227,212,305,6,10,0
870,1534,365,227,212,305,6,10,0
871,1535,365,227,212,305,6,10,0
872,1535,365,227,212,305,6,10,0
873,1535,365,227,212,305,6,10,0
874,1535,365,227,212,305,6,10,0
875,1534,365,227,212,305,6,10,0
876,1535,365,226,212,305,6,10,0
877,1534,365,227,212,305,6,10,0
878,1534,365,227,212,305,6,10,0
879,1534,365,227,212,305,6,10,0
880,1534,365,227,212,305,6,10,0
881,1535,365,226,212,305,6,10,0
882,1535,365,226,212,305,6,10,0
883,1535,365,226,212,305,6,10,0
884,1535,365,226,212,305,6,10,0
885,1534,365,227,212,305,6,10,0
886,1534,365,227,212,305,6,10,0
887,1534,365,227,212,305,6,10,0
888,1535,365,226,212,305,6,10,0
889,1534,365,227,212,305,6,10,0
890,1535,365,226,213,305,6,10,0
891,1535,365,226,212,305,6,10,0
892,1535,365,226,213,305,6,10,0
893,1535,365,226,212,305,6,10,0
894,1535,365,226,212,305,6,10,0
895,1535,365,226,212,305,6,10,0
896,1535,365,226,212,305,6,10,0
897,1535,365,226,212,305,6,10,0
898,1535,365,226,212,305,6,10,0
899,1535,365,226,212,305,6,10,0
900,1533,365,228,213,305,6,10,0
901,1533,365,228,213,305,6,10,0
902,1533,365,228,213,305,6,10,0
903,1533,365,228,213,305,6,10,0
904,1533,365,228,213,305,6,10,0
905,1533,365,228,213,305,6,10,0
906,1533,365,228,213,305,6,10,0
907,1533,365,228,213,305,6,10,0
908,1533,365,228,213,305,6,10,0
909,1533,365,228,213,305,6,10,0
910,1533,365,228,213,305,6,10,0
911,1532,365,229,213,305,6,10,0
912,1534,365,227,212,305,6,10,0
913,1534,365,227,212,305,6,10,0
914,1534,365,227,212,305,6,10,0
915,1534,365,227,212,305,6,10,0
916,1534,365,227,212,305,6,10,0
917,1534,365,227,212,305,6,10,0
918,1534,365,227,212,305,6,10,0
919,1534,365,227,212,305,6,10,0
920,1534,365,227,212,305,6,10,0
921,1534,365,227,212,305,6,10,0
922,1534,365,227,212,305,6,10,0
923,1534,365,227,212,305,6,10,0
924,1535,365,226,212,305,6,10,0
925,1535,365,226,212,305,6,10,0
926,1535,365,226,212,305,6,10,0
927,1535,365,226,212,305,6,10,0
928,1535,365,226,212,305,6,10,0
929,1535,365,226,212,305,6,10,0
930,1535,365,226,212,305,6,10,0
931,1535,365,226,212,305,6,10,0
932,1535,365,226,212,305,6,10,0
933,1535,365,226,212,305,6,10,0
934,1535,365,226,212,305,6,10,0
935,1535,365,226,212,305,6,10,0
936,1535,365,226,212,305,6,10,0
937,1535,365,226,212,305,6,10,0
938,1535,365,226,212,305,6,10,0
939,1535,365,226,212,305,6,10,0
940,1535,365,226,212,305,6,10,0
941,1535,365,226,212,305,6,10,0
942,1535,365,226,212,305,6,10,0
943,1535,365,226,212,305,6,10,0
944,1535,365,226,212,305,6,10,0
945,1535,365,226,212,305,6,10,0
946,1535,365,226,212,305,6,10,0
947,1535,365,226,212,305,6,10,0
948,1536,365,225,213,305,6,10,0
949,1536,365,225,212,305,6,10,0
950,1536,365,225,212,305,6,10,0
951,1536,365,225,212,305,6,10,0
952,1536,365,225,212,305,6,10,0
953,1536,365,225,212,305,6,10,0
954,1536,365,225,212,305,6,10,0
955,1536,365,225,212,305,6,10,0
956,1536,365,226,212,305,6,10,0
957,1536,365,226,212,305,6,10,0
958,1535,366,226,212,305,6,10,0
959,1535,366,226,212,305,6,10,0
960,1535,365,227,212,305,6,10,0
961,1535,366,227,212,305,6,10,0
962,1535,366,226,212,305,6,10,0
963,1535,366,226,212,305,6,10,0
964,1536,365,225,212,305,6,10,0
965,1536,365,225,212,305,6,10,0
966,1536,365,225,212,305,6,10,0
967,1536,366,225,212,305,6,10,0
968,1536,365,224,212,305,6,10,0
969,1536,366,225,212,305,6,10,0
970,1536,365,225,212,305,6,10,0
971,1535,365,226,212,305,6,10,0
972,1536,365,225,212,305,6,10,0
973,1536,365,225,212,305,6,10,0
974,1532,366,229,212,305,6,10,0
975,1532,365,229,212,305,6,10,0
976,1532,365,229,212,305,6,10,0
977,1532,365,229,212,305,6,10,0
978,1532,365,229,212,305,6,10,0
979,1531,365,230,212,305,6,10,0
980,1533,365,228,212,305,6,10,0
981,1533,365,228,212,305,6,10,0
982,1533,365,227,212,305,6,10,0
983,1533,365,227,212,305,6,10,0
984,1535,366,226,212,305,6,10,0
985,1534,365,226,212,305,6,10,0
986,1534,366,227,212,305,6,10,0
987,1534,366,226,212,305,6,10,0
988,1535,366,226,212,305,6,10,0
989,1535,366,226,212,305,6,10,0
990,1535,366,226,212,305,6,10,0
991,1535,366,226,212,305,6,10,0
992,1535,366,226,212,305,6,10,0
993,1535,366,226,212,305,6,10,0
994,1533,365,228,212,305,6,10,0
995,1532,365,228,212,305,6,10,0
996,1533,365,228,212,305,6,10,0
997,1533,365,227,212,305,6,10,0
998,1533,365,227,212,305,6,10,0
999,1534,365,227,212,305,6,10,0
1000,1534,365,226,212,305,6,10,0
1001,1534,365,227,212,305,6,10,0
1002,1534,365,227,212,305,6,10,0
1003,1534,365,227,212,305,6,10,0
1004,1535,365,226,212,305,6,10,0
1005,1535,365,226,212,305,6,10,0
1006,1535,365,226,212,305,6,10,0
1007,1535,365,226,212,305,6,10,0
1008,1536,365,226,212,305,6,10,0
1009,1536,365,226,212,305,6,10,0
1010,1536,365,225,212,305,6,10,0
1011,1536,365,226,212,305,6,10,0
1012,1536,365,225,212,305,6,10,0
1013,1536,365,226,212,305,6,10,0
1014,1536,365,225,212,305,6,10,0
1015,1536,365,226,212,305,6,10,0
1016,1536,365,226,212,305,6,10,0
1017,1536,365,226,212,305,6,10,0
1018,1535,365,226,212,305,6,10,0
1019,1536,365,226,212,305,6,10,0
1020,1535,365,226,212,305,6,10,0
1021,1535,365,226,212,305,6,10,0
1022,1535,365,226,212,305,6,10,0
1023,1535,365,226,212,305,6,10,0
1024,1535,365,226,212,305,6,10,0
1025,1535,365,226,212,305,6,10,0
1026,1535,365,226,212,305,6,10,0
1027,1535,365,226,212,305,6,10,0
1028,1535,365,226,212,305,6,10,0
1029,1535,365,226,212,305,6,10,0
1030,1535,365,226,212,305,6,10,0
1031,1535,365,226,212,305,6,10,0
1032,1536,365,225,212,305,6,10,0
1033,1536,365,225,212,305,6,10,0
1034,1536,365,225,212,305,6,10,0
1035,1536,365,225,212,305,6,10,0
1036,1536,365,225,212,305,6,10,0
1037,1536,365,225,212,305,6,10,0
1038,1536,365,225,212,305,6,10,0
1039,1536,365,225,212,305,6,10,0
1040,1536,365,225,212,305,6,10,0
1041,1536,365,225,212,305,6,10,0
1042,1536,365,225,212,305,6,10,0
1043,1536,365,225,212,305,6,10,0
1044,1535,365,226,212,305,6,10,0
1045,1535,365,226,212,305,6,10,0
1046,1535,365,226,212,305,6,10,0
1047,1535,365,226,212,305,6,10,0
1048,1535,365,226,212,305,6,10,0
1049,1535,365,226,212,305,6,10,0
1050,1535,365,226,212,305,6,10,0
1051,1535,365,226,212,305,6,10,0
1052,1535,365,226,212,305,6,10,0
1053,1535,365,226,212,305,6,10,0
1054,1535,365,226,212,305,6,10,0
1055,1535,365,226,212,305,6,10,0
1056,1535,365,226,212,305,6,10,0
1057,1535,365,226,212,305,6,10,0
1058,1535,365,226,212,305,6,10,0
1059,1535,365,226,212,305,6,10,0
1060,1535,365,226,212,305,6,10,0
1061,1535,365,226,212,305,6,10,0
1062,1535,365,226,212,305,6,10,0
1063,1535,365,226,212,305,6,10,0
1064,1535,365,226,212,305,6,10,0
1065,1535,365,226,212,305,6,10,0
1066,1535,365,226,212,305,6,10,0
1067,1535,365,226,212,305,6,10,0
1068,1535,365,226,212,305,6,10,0
1069,1535,365,226,212,305,6,10,0
1070,1535,365,226,212,305,6,10,0
1071,1535,365,226,212,305,6,10,0
1072,1535,365,226,212,305,6,10,0
1073,1535,365,226,212,305,6,10,0
1074,1535,365,227,212,305,6,10,0
1075,1534,365,227,212,305,6,10,0
1076,1534,365,227,212,305,6,10,0
1077,1535,365,227,212,305,6,10,0
1078,1534,365,227,212,305,6,10,0
1079,1534,365,227,212,305,6,10,0
1080,1536,365,225,212,305,6,10,0
1081,1536,365,225,212,305,6,10,0
1082,1536,365,225,212,305,6,10,0
1083,1536,365,225,212,305,6,10,0
1084,1536,365,225,212,305,6,10,0
1085,1536,365,225,212,305,6,10,0
1086,1537,365,224,212,305,6,10,0
1087,1537,365,224,212,305,6,10,0
1088,1537,365,225,212,305,6,10,0
1089,1536,365,225,212,305,6,10,0
1090,1536,365,225,212,305,6,10,0
1091,1536,365,225,212,305,6,10,0
1092,1533,365,228,212,305,6,10,0
1093,1534,365,228,212,305,6,10,0
1094,1534,365,228,212,305,6,10,0
1095,1534,365,227,213,305,6,10,0
1096,1535,365,226,212,305,6,10,0
1097,1536,365,225,212,305,6,10,0
1098,1536,365,225,212,305,6,10,0
1099,1536,365,225,212,305,6,10,0
1100,1536,365,225,212,305,6,10,0
1101,1536,365,225,212,305,6,10,0
1102,1536,365,225,212,305,6,10,0
1103,1536,365,225,213,305,6,10,0
1104,1536,365,225,212,305,6,10,0
1105,1536,365,225,212,305,6,10,0
1106,1536,365,225,212,305,6,10,0
1107,1536,365,225,212,305,6,10,0
1108,1536,365,225,212,305,6,10,0
1109,1536,365,225,212,305,6,10,0
1110,1536,365,225,212,305,6,10,0
1111,1536,365,225,212,305,6,10,0
1112,1535,365,226,212,305,6,10,0
1113,1535,365,226,212,305,6,10,0
1114,1535,365,226,212,305,6,10,0
1115,1536,365,226,212,305,6,10,0
1116,1534,365,227,212,305,6,10,0
1117,1534,365,227,212,305,6,10,0
1118,1534,365,227,212,305,6,10,0
1119,1534,365,227,212,305,6,10,0
1120,1534,365,227,212,305,6,10,0
1121,1534,365,227,212,305,6,10,0
1122,1534,365,227,212,305,6,10,0
1123,1534,365,227,212,305,6,10,0
1124,1534,365,227,212,305,6,10,0
1125,1534,365,227,212,305,6,10,0
1126,1534,365,227,212,305,6,10,0
1127,1534,365,227,212,305,6,10,0
1128,1535,365,226,212,305,6,10,0
1129,1535,365,226,213,305,6,10,0
1130,1535,365,226,213,305,6,10,0
1131,1535,365,226,213,305,6,10,0
1132,1535,365,226,213,305,6,10,0
1133,1535,365,226,212,305,6,10,0
1134,1534,365,226,213,305,6,10,0
1135,1535,365,226,213,305,6,10,0
1136,1534,365,227,212,305,6,10,0
1137,1534,365,227,212,305,6,10,0
1138,1534,365,227,212,305,6,10,0
1139,1534,365,227,212,305,6,10,0
1140,1533,365,229,213,305,6,10,0
1141,1532,365,229,213,305,6,10,0
1142,1532,365,229,213,305,6,10,0
1143,1531,365,231,213,305,6,10,0
1144,1532,365,230,213,305,6,10,0
1145,1532,365,229,213,305,6,10,0
1146,1536,365,225,212,305,6,10,0
1147,1536,365,225,212,305,6,10,0
1148,1536,365,225,212,305,6,10,0
1149,1536,365,225,212,305,6,10,0
1150,1536,365,225,212,305,6,10,0
1151,1536,365,225,212,305,6,10,0
1152,1536,365,224,212,305,6,10,0
1153,1536,365,225,212,305,6,10,0
1154,1536,365,225,212,305,6,10,0
1155,1536,365,225,212,305,6,10,0
1156,1536,365,226,212,305,6,10,0
1157,1535,365,226,212,305,6,10,0
1158,1535,365,226,212,305,6,10,0
1159,1536,365,226,212,305,6,10,0
1160,1535,365,226,212,305,6,10,0
1161,1535,365,226,212,305,6,10,0
1162,1535,365,226,212,305,6,10,0
1163,1535,365,226,212,305,6,10,0
1164,1535,365,226,213,305,6,10,0
1165,1535,365,226,213,305,6,10,0
1166,1537,365,224,212,305,6,10,0
1167,1537,365,224,212,305,6,10,0
1168,1537,365,224,212,305,6,10,0
1169,1537,365,224,212,305,6,10,0
1170,1537,365,224,212,305,6,10,0
1171,1537,365,224,212,305,6,10,0
1172,1537,365,224,212,305,6,10,0
1173,1537,365,224,212,305,6,10,0
1174,1537,365,224,212,305,6,10,0
1175,1537,365,224,212,305,6,10,0
1176,1536,365,225,212,305,6,10,0
1177,1536,365,225,212,305,6,10,0
1178,1536,365,225,212,305,6,10,0
1179,1536,365,225,212,305,6,10,0
1180,1536,365,225,212,305,6,10,0
1181,1536,365,225,212,305,6,10,0
1182,1536,365,225,212,305,6,10,0
1183,1536,365,225,212,305,6,10,0
1184,1536,365,225,212,305,6,10,0
1185,1536,365,225,212,305,6,10,0
1186,1536,365,225,212,305,6,10,0
1187,1536,365,225,212,305,6,10,0
1188,1536,365,225,212,305,6,10,0
1189,1536,365,225,212,305,6,10,0
1190,1536,365,225,212,305,6,10,0
1191,1536,365,225,212,305,6,10,0
1192,1536,365,225,212,305,6,10,0
1193,1536,365,225,212,305,6,10,0
1194,1536,365,225,212,305,6,10,0
1195,1536,365,225,212,305,6,10,0
1196,1536,365,225,212,305,6,10,0
1197,1536,365,225,212,305,6,10,0
1198,1536,365,225,212,305,6,10,0
1199,1536,365,225,212,305,6,10,0
1200,1536,365,225,212,305,6,10,0
1201,1536,365,225,212,305,6,10,0
1202,1536,365,225,212,305,6,10,0
1203,1536,365,225,213,305,6,10,0
1204,1536,365,225,213,305,6,10,0
1205,1536,365,225,213,305,6,10,0
1206,1536,365,225,213,305,6,10,0
1207,1536,365,225,213,305,6,10,0
1208,1536,365,225,213,305,6,10,0
1209,1536,364,225,213,305,6,10,0
1210,1536,365,225,213,305,6,10,0
1211,1536,365,225,213,305,6,10,0
1212,1534,365,227,213,305,6,10,0
1213,1534,364,227,213,305,6,10,0
1214,1534,364,227,213,305,6,10,0
1215,1534,364,227,213,305,6,10,0
1216,1534,364,227,213,305,6,10,0
1217,1534,364,227,213,305,6,10,0
1218,1534,364,227,213,305,6,10,0
1219,1534,364,227,214,305,6,10,0
1220,1534,364,226,213,305,6,10,0
1221,1535,364,226,214,305,6,10,0
1222,1535,364,226,213,305,6,10,0
1223,1535,364,226,213,305,6,10,0
1224,1536,365,225,212,305,6,10,0
1225,1536,365,225,212,305,6,10,0
1226,1536,365,225,212,305,6,10,0
1227,1536,365,225,212,305,6,10,0
1228,1536,365,226,212,305,6,10,0
1229,1536,365,226,212,305,6,10,0
1230,1536,365,226,212,305,6,10,0
1231,1536,365,226,212,305,6,10,0
1232,1536,365,226,212,305,6,10,0
1233,1535,365,226,212,305,6,10,0
1234,1535,365,226,212,305,6,10,0
1235,1535,365,226,212,305,6,10,0
1236,1534,365,227,212,305,6,10,0
1237,1535,365,227,212,305,6,10,0
1238,1535,365,227,212,305,6,10,0
1239,1535,365,226,212,305,6,10,0
1240,1535,365,226,212,305,6,10,0
1241,1535,365,226,212,305,6,10,0
1242,1535,365,226,212,305,6,10,0
1243,1535,365,226,212,305,6,10,0
1244,1535,365,226,212,305,6,10,0
1245,1535,365,227,212,305,6,10,0
1246,1534,365,227,212,305,6,10,0
1247,1534,365,227,212,305,6,10,0
1248,1533,365,228,213,305,6,10,0
1249,1533,365,228,213,305,6,10,0
1250,1533,365,228,213,305,6,10,0
1251,1533,365,228,213,305,6,10,0
1252,1533,365,228,213,305,6,10,0
1253,1533,365,228,213,305,6,10,0
1254,1534,365,227,213,305,6,10,0
1255,1534,365,227,213,305,6,10,0
1256,1534,365,227,212,305,6,10,0
1257,1534,365,227,212,305,6,10,0
1258,1534,365,227,213,305,6,10,0
1259,1534,365,227,213,305,6,10,0
1260,1535,365,226,213,305,6,10,0
1261,1535,365,226,213,305,6,10,0
1262,1535,365,226,213,305,6,10,0
1263,1535,365,226,213,305,6,10,0
1264,1535,365,226,213,305,6,10,0
1265,1535,365,226,213,305,6,10,0
1266,1535,365,226,213,305,6,10,0
1267,1535,365,226,212,305,6,10,0
1268,1535,365,226,212,305,6,10,0
1269,1535,365,226,212,305,6,10,0
1270,1536,365,225,212,305,6,10,0
1271,1536,365,225,212,305,6,10,0
1272,1536,365,226,213,305,6,10,0
1273,1536,365,226,213,305,6,10,0
1274,1536,365,226,213,305,6,10,0
1275,1536,365,226,212,305,6,10,0
1276,1535,365,226,212,305,6,10,0
1277,1535,365,226,212,305,6,10,0
1278,1535,365,226,212,305,6,10,0
1279,1535,365,226,212,305,6,10,0
1280,1536,365,226,213,305,6,10,0
1281,1536,365,226,213,305,6,10,0
1282,1536,365,226,212,305,6,10,0
1283,1536,365,226,213,305,6,10,0
1284,1536,365,225,212,305,6,10,0
1285,1536,365,225,212,305,6,10,0
1286,1536,365,225,212,305,6,10,0
1287,1536,365,225,212,305,6,10,0
1288,1536,365,225,212,305,6,10,0
1289,1536,365,225,212,305,6,10,0
1290,1536,365,225,212,305,6,10,0
1291,1536,365,225,212,305,6,10,0
1292,1536,365,225,212,305,6,10,0
1293,1536,365,225,212,305,6,10,0
1294,1536,365,225,212,305,6,10,0
1295,1536,365,225,212,305,6,10,0
1296,1536,365,225,212,305,6,10,0
1297,1536,365,225,212,305,6,10,0
1298,1536,365,226,212,305,6,10,0
1299,1536,365,226,212,305,6,10,0
1300,1536,365,226,212,305,6,10,0
1301,1536,365,226,212,305,6,10,0
1302,1536,365,226,212,305,6,10,0
1303,1536,365,226,212,305,6,10,0
1304,1536,365,225,212,305,6,10,0
1305,1536,365,225,212,305,6,10,0
1306,1536,365,225,212,305,6,10,0
1307,1536,365,226,212,305,6,10,0
1308,1535,365,226,212,305,6,10,0
1309,1535,365,226,212,305,6,10,0
1310,1535,365,226,212,305,6,10,0
1311,1535,365,226,212,305,6,10,0
1312,1535,365,226,212,305,6,10,0
1313,1538,365,223,212,305,6,10,0
1314,1538,365,223,212,305,6,10,0
1315,1539,365,223,212,305,6,10,0
1316,1539,365,223,212,305,6,10,0
1317,1539,365,223,212,305,6,10,0
1318,1539,365,223,213,305,6,10,0
1319,1539,365,223,213,305,6,10,0
1320,1538,365,224,212,305,6,10,0
1321,1538,365,224,212,305,6,10,0
1322,1537,366,224,212,305,6,10,0
1323,1536,366,225,212,305,6,10,0
1324,1535,365,226,212,305,6,10,0
1325,1535,365,226,212,305,6,10,0
1326,1535,365,226,212,305,6,10,0
1327,1535,365,226,212,305,6,10,0
1328,1535,365,226,212,305,6,10,0
1329,1535,365,227,212,305,6,10,0
1330,1535,365,227,213,305,6,10,0
1331,1534,365,227,213,305,6,10,0
1332,1538,365,224,212,305,6,10,0
1333,1534,365,227,212,305,6,10,0
1334,1534,365,227,212,305,6,10,0
1335,1535,365,227,212,305,6,10,0
1336,1535,365,226,212,305,6,10,0
1337,1535,365,226,213,305,6,10,0
1338,1535,365,226,213,305,6,10,0
1339,1534,365,227,212,305,6,10,0
1340,1534,365,228,212,305,6,10,0
1341,1534,365,228,212,305,6,10,0
1342,1534,365,228,212,305,6,10,0
1343,1536,365,225,212,305,6,10,0
1344,1536,365,225,213,305,6,10,0
1345,1536,365,225,213,305,6,10,0
1346,1536,365,225,213,305,6,10,0
1347,1536,365,225,213,305,6,10,0
1348,1536,365,225,213,305,6,10,0
1349,1536,365,225,213,305,6,10,0
1350,1535,365,225,213,305,6,10,0
1351,1535,365,225,213,305,6,10,0
1352,1536,365,225,213,305,6,10,0
1353,1536,365,225,212,305,6,10,0
1354,1536,365,225,212,305,6,10,0
1355,1536,365,225,212,305,6,10,0
1356,1535,365,226,213,305,6,10,0
1357,1535,365,226,213,305,6,10,0
1358,1535,365,226,213,305,6,10,0
1359,1535,365,226,213,305,6,10,0
1360,1535,365,226,213,305,6,10,0
1361,1535,365,226,213,305,6,10,0
1362,1535,365,226,213,305,6,10,0
1363,1535,365,226,213,305,6,10,0
1364,1535,365,226,213,305,6,10,0
1365,1535,365,226,213,305,6,10,0
1366,1535,365,226,213,305,6,10,0
1367,1535,365,226,213,305,6,10,0
1368,1535,365,226,213,305,6,10,0
1369,1535,365,226,213,305,6,10,0
1370,1535,365,226,213,305,6,10,0
1371,1535,365,226,213,305,6,10,0
1372,1535,365,226,213,305,6,10,0
1373,1535,365,226,213,305,6,10,0
1374,1535,365,226,213,305,6,10,0
1375,1535,365,226,213,305,6,10,0
1376,1535,365,226,213,305,6,10,0
1377,1535,365,226,213,305,6,10,0
1378,1535,365,226,213,305,6,10,0
1379,1535,365,226,213,305,6,10,0
1380,1535,365,226,212,305,6,10,0
1381,1535,365,226,212,305,6,10,0
1382,1535,365,226,212,305,6,10,0
1383,1535,365,226,212,305,6,10,0
1384,1535,365,227,212,305,6,10,0
1385,1535,365,226,212,305,6,10,0
1386,1535,365,226,212,305,6,10,0
1387,1535,365,226,212,305,6,10,0
1388,1535,365,226,212,305,6,10,0
1389,1535,365,226,212,305,6,10,0
1390,1535,365,226,212,305,6,10,0
1391,1535,365,226,212,305,6,10,0
1392,1534,365,227,213,305,6,10,0
1393,1534,365,227,213,305,6,10,0
1394,1534,365,227,213,305,6,10,0
1395,1534,365,227,213,305,6,10,0
1396,1534,365,227,213,305,6,10,0
1397,1534,365,227,213,305,6,10,0
1398,1534,365,227,213,305,6,10,0
1399,1534,365,227,213,305,6,10,0
1400,1534,365,227,213,305,6,10,0
1401,1534,365,227,213,305,6,10,0
1402,1534,365,227,213,305,6,10,0
1403,1534,365,227,213,305,6,10,0
1404,1535,365,227,213,305,6,10,0
1405,1535,365,227,213,305,6,10,0
1406,1535,365,227,213,305,6,10,0
1407,1535,365,227,213,305,6,10,0
1408,1535,365,227,213,305,6,10,0
1409,1535,365,227,213,305,6,10,0
1410,1535,365,227,213,305,6,10,0
1411,1535,365,227,213,305,6,10,0
1412,1535,365,227,213,305,6,10,0
1413,1535,365,227,213,305,6,10,0
1414,1535,365,227,213,305,6,10,0
1415,1535,365,226,213,305,6,10,0
1416,1535,365,226,213,305,6,10,0
1417,1535,365,226,213,305,6,10,0
1418,1535,365,226,213,305,6,10,0
1419,1535,365,226,213,305,6,10,0
1420,1535,365,226,213,305,6,10,0
1421,1535,365,226,213,305,6,10,0
1422,1535,365,226,213,305,6,10,0
1423,1535,365,226,213,305,6,10,0
1424,1535,365,226,213,305,6,10,0
1425,1535,365,226,213,305,6,10,0
1426,1535,365,227,213,305,6,10,0
1427,1535,365,226,213,305,6,10,0
1428,1535,365,226,213,305,6,10,0
1429,1535,365,226,213,305,6,10,0
1430,1535,365,226,213,305,6,10,0
1431,1535,365,226,213,305,6,10,0
1432,1535,365,226,213,305,6,10,0
1433,1535,365,226,213,305,6,10,0
1434,1535,365,226,213,305,6,10,0
1435,1535,365,226,213,305,6,10,0
1436,1535,365,226,213,305,6,10,0
1437,1535,365,226,213,305,6,10,0
1438,1535,365,226,213,305,6,10,0
1439,1535,365,226,213,305,6,10,0
1440,1535,365,226,213,305,6,10,0
1441,1535,365,226,213,305,6,10,0
1442,1535,365,226,213,305,6,10,0
1443,1535,365,226,213,305,6,10,0
1444,1535,365,226,213,305,6,10,0
1445,1535,365,226,213,305,6,10,0
1446,1535,365,226,213,305,6,10,0
1447,1535,365,226,212,305,6,10,0
1448,1535,365,226,212,305,6,10,0
1449,1536,365,226,212,305,6,10,0
1450,1536,365,225,212,305,6,10,0
1451,1536,365,226,212,305,6,10,0
1452,1535,365,226,212,305,6,10,0
1453,1535,365,226,212,305,6,10,0
1454,1535,365,226,212,305,6,10,0
1455,1535,365,226,212,305,6,10,0
1456,1535,365,226,212,305,6,10,0
1457,1535,365,226,212,305,6,10,0
1458,1535,365,226,212,305,6,10,0
1459,1535,365,226,212,305,6,10,0
1460,1535,365,226,212,305,6,10,0
1461,1534,365,226,212,305,6,10,0
1462,1535,365,225,212,305,6,10,0
1463,1535,365,225,212,305,6,10,0
1464,1535,365,226,212,305,6,10,0
1465,1535,365,225,212,305,6,10,0
1466,1535,365,226,212,305,6,10,0
1467,1535,365,226,212,305,6,10,0
1468,1535,365,226,213,305,6,10,0
1469,1535,365,226,213,305,6,10,0
1470,1536,365,226,212,305,6,10,0
1471,1535,365,226,212,305,6,10,0
1472,1535,365,226,212,305,6,10,0
1473,1536,365,226,212,305,6,10,0
1474,1536,365,226,212,305,6,10,0
1475,1536,365,226,212,305,6,10,0
1476,1535,365,226,213,305,6,10,0
1477,1535,365,226,212,305,6,10,0
1478,1535,365,226,212,305,6,10,0
1479,1536,365,226,213,305,6,10,0
1480,1535,365,226,212,305,6,10,0
1481,1535,365,226,212,305,6,10,0
1482,1535,365,226,212,305,6,10,0
1483,1536,365,226,212,305,6,10,0
1484,1535,365,226,212,305,6,10,0
1485,1535,365,227,212,305,6,10,0
1486,1535,365,226,212,305,6,10,0
1487,1534,365,227,212,305,6,10,0
1488,1536,365,224,212,305,6,10,0
1489,1536,365,225,212,305,6,10,0
1490,1537,365,224,212,305,6,10,0
1491,1537,365,224,212,305,6,10,0
1492,1537,365,224,212,305,6,10,0
1493,1537,365,224,212,305,6,10,0
1494,1537,365,224,212,305,6,10,0
1495,1537,365,224,212,305,6,10,0
1496,1537,365,224,212,305,6,10,0
1497,1537,365,224,212,305,6,10,0
1498,1537,365,224,212,305,6,10,0
1499,1537,365,224,212,305,6,10,0
1500,1536,365,225,212,305,6,10,0
1501,1536,365,225,212,305,6,10,0
1502,1536,365,225,212,305,6,10,0
1503,1536,365,225,212,305,6,10,0
1504,1536,365,225,212,305,6,10,0
1505,1536,365,225,212,305,6,10,0
1506,1536,365,225,212,305,6,10,0
1507,1536,365,225,212,305,6,10,0
1508,1536,365,225,212,305,6,10,0
1509,1536,365,225,212,305,6,10,0
1510,1535,364,225,213,305,6,10,0
1511,1536,364,225,213,305,6,10,0
1512,1537,364,224,213,305,6,10,0
1513,1537,364,224,213,305,6,10,0
1514,1537,364,224,213,305,6,10,0
1515,1537,364,224,213,305,6,10,0
1516,1537,364,224,213,305,6,10,0
1517,1537,364,224,213,305,6,10,0
1518,1537,364,224,213,305,6,10,0
1519,1537,364,224,213,305,6,10,0
1520,1536,365,225,212,305,6,10,0
1521,1537,365,224,212,305,6,10,0
1522,1536,365,225,212,305,6,10,0
1523,1536,365,225,213,305,6,10,0
1524,1535,365,227,212,305,6,10,0
1525,1535,365,227,212,305,6,10,0
1526,1535,365,227,212,305,6,10,0
1527,1535,365,227,212,305,6,10,0
1528,1535,365,227,212,305,6,10,0
1529,1535,365,227,212,305,6,10,0
1530,1534,365,227,213,305,6,10,0
1531,1534,365,227,213,305,6,10,0
1532,1534,365,228,213,305,6,10,0
1533,1534,365,227,213,305,6,10,0
1534,1534,365,227,213,305,6,10,0
1535,1535,365,226,213,305,6,10,0
1536,1534,364,227,213,305,6,10,0
1537,1534,364,227,213,305,6,10,0
1538,1534,364,227,213,305,6,10,0
1539,1534,364,227,213,305,6,10,0
1540,1534,364,227,213,305,6,10,0
1541,1534,364,227,213,305,6,10,0
1542,1534,364,227,213,305,6,10,0
1543,1534,364,227,213,305,6,10,0
1544,1534,364,227,213,305,6,10,0
1545,1534,364,227,213,305,6,10,0
1546,1534,364,227,213,305,6,10,0
1547,1534,364,227,213,305,6,10,0
1548,1534,364,228,213,305,6,10,0
1549,1534,364,228,213,305,6,10,0
1550,1533,364,228,213,305,6,10,0
1551,1534,364,228,213,305,6,10,0
1552,1533,364,228,213,305,6,10,0
1553,1533,364,228,213,305,6,10,0
1554,1533,364,228,213,305,6,10,0
1555,1533,364,228,213,305,6,10,0
1556,1534,364,228,213,305,6,10,0
1557,1534,364,228,213,305,6,10,0
1558,1534,364,228,213,305,6,10,0
1559,1533,364,228,213,305,6,10,0
1560,1535,364,227,213,305,6,10,0
1561,1534,364,227,213,305,6,10,0
1562,1534,364,227,213,305,6,10,0
1563,1534,364,227,213,305,6,10,0
1564,1534,364,227,213,305,6,10,0
1565,1534,364,227,213,305,6,10,0
1566,1535,364,227,213,305,6,10,0
1567,1535,364,227,213,305,6,10,0
1568,1535,365,226,213,305,6,10,0
1569,1535,365,226,213,305,6,10,0
1570,1536,365,224,212,305,6,10,0
1571,1536,365,222,212,305,6,10,0
1572,1537,365,220,213,305,6,10,0
1573,1537,365,220,213,305,6,10,0
1574,1537,365,222,213,305,6,10,0
1575,1537,365,222,213,305,6,10,0
1576,1537,365,221,212,305,6,10,0
1577,1537,365,223,212,305,6,10,0
1578,1537,365,225,212,305,6,10,0
1579,1536,365,225,212,305,6,10,0
1580,1536,365,225,212,305,6,10,0
1581,1536,365,225,213,305,6,10,0
1582,1536,365,225,212,305,6,10,0
1583,1537,365,225,212,305,6,10,0
1584,1537,365,225,212,305,6,10,0
1585,1537,365,225,212,305,6,10,0
1586,1537,365,225,212,305,6,10,0
1587,1537,365,225,212,305,6,10,0
1588,1537,365,224,212,305,6,10,0
1589,1537,365,225,212,305,6,10,0
1590,1536,365,225,212,305,6,10,0
1591,1536,365,225,212,305,6,10,0
1592,1536,365,225,212,305,6,10,0
1593,1536,365,225,212,305,6,10,0
1594,1536,365,225,213,305,6,10,0
1595,1536,365,225,213,305,6,10,0
1596,1531,365,231,212,305,6,10,0
1597,1531,365,231,212,305,6,10,0
1598,1531,365,231,212,305,6,10,0
1599,1538,365,223,212,305,6,10,0
1600,1535,365,226,212,305,6,10,0
1601,1540,365,221,212,305,6,10,0
1602,1539,366,222,212,305,6,10,0
1603,1541,365,220,212,305,6,10,0
1604,1543,365,218,212,305,6,10,0
1605,1544,365,218,212,305,6,10,0
1606,1543,365,218,212,305,6,10,0
1607,1542,365,219,212,305,6,10,0
1608,1539,365,223,213,305,6,10,0
1609,1537,365,225,213,305,6,10,0
1610,1536,365,225,213,305,6,10,0
1611,1536,365,225,213,305,6,10,0
1612,1534,365,227,213,305,6,10,0
1613,1535,365,226,212,305,6,10,0
1614,1536,365,225,212,305,6,10,0
1615,1533,365,228,213,305,6,10,0
1616,1531,365,230,213,305,6,10,0
1617,1534,365,227,213,305,6,10,0
1618,1534,365,227,213,305,6,10,0
1619,1535,365,226,213,305,6,10,0
1620,1534,365,228,213,305,6,10,0
1621,1534,365,228,213,305,6,10,0
1622,1534,365,228,213,305,6,10,0
1623,1533,365,228,213,305,6,10,0
1624,1533,365,229,213,305,6,10,0
1625,1535,365,226,213,305,6,10,0
1626,1536,365,225,213,305,6,10,0
1627,1534,365,228,213,305,6,10,0
1628,1537,365,224,213,305,6,10,0
1629,1538,365,224,213,305,6,10,0
1630,1539,365,223,213,305,6,10,0
1631,1539,365,223,213,305,6,10,0
1632,1544,365,218,213,305,6,10,0
1633,1548,365,214,213,305,6,10,0
1634,1558,365,203,214,305,6,10,0
1635,1559,365,203,213,305,6,10,0
1636,1550,365,211,212,305,6,10,0
1637,1549,365,212,211,305,6,10,0
1638,1550,365,212,211,305,6,10,0
1639,1550,365,212,212,305,6,10,0
1640,1549,365,212,211,305,6,10,0
1641,1549,365,212,211,305,6,10,0
1642,1549,365,212,212,305,6,10,0
1643,1550,365,212,211,305,6,10,0
1644,1550,365,212,210,305,6,10,0
1645,1550,365,212,210,305,6,10,0
1646,1550,365,212,211,305,6,10,0
1647,1550,365,212,211,305,6,10,0
1648,1550,365,212,212,305,6,10,0
1649,1550,365,212,212,305,6,10,0
1650,1550,365,211,212,305,6,10,0
1651,1550,365,212,212,305,6,10,0
1652,1550,365,212,212,305,6,10,0
1653,1550,365,211,212,305,6,10,0
1654,1550,365,211,212,305,6,10,0
1655,1549,365,212,212,305,6,10,0
1656,1550,365,211,213,305,6,10,0
1657,1550,365,211,213,305,6,10,0
1658,1550,365,211,213,305,6,10,0
1659,1550,365,211,213,305,6,10,0
1660,1550,365,211,213,305,6,10,0
1661,1550,365,211,213,305,6,10,0
1662,1550,365,211,213,305,6,10,0
1663,1551,365,211,213,305,6,10,0
1664,1550,365,211,213,305,6,10,0
1665,1550,365,211,213,305,6,10,0
1666,1550,365,211,213,305,6,10,0
1667,1555,365,206,213,305,6,10,0
1668,1560,365,201,213,305,6,10,0
1669,1559,365,203,213,305,6,10,0
1670,1549,365,212,212,305,6,10,0
1671,1549,365,212,213,305,6,10,0
1672,1549,365,212,212,305,6,10,0
1673,1551,366,210,212,305,6,10,0
1674,1550,366,211,212,305,6,10,0
1675,1551,366,211,212,305,6,10,0
1676,1550,366,211,212,305,6,10,0
1677,1548,366,213,212,305,6,10,0
1678,1540,366,221,212,305,6,10,0
1679,1541,366,219,212,305,6,10,0
1680,1538,366,222,212,305,6,10,0
1681,1535,366,225,212,305,6,10,0
1682,1535,366,225,212,305,6,10,0
1683,1535,366,225,212,305,6,10,0
1684,1534,366,225,211,305,6,10,0
1685,1534,366,225,212,305,6,10,0
1686,1534,366,226,212,305,6,10,0
1687,1534,366,225,212,305,6,10,0
1688,1534,366,225,212,305,6,10,0
1689,1535,365,225,212,305,6,10,0
1690,1536,365,225,212,305,6,10,0
1691,1536,365,225,212,305,6,10,0
1692,1536,365,225,212,305,6,10,0
1693,1536,365,225,213,305,6,10,0
1694,1536,365,224,213,305,6,10,0
1695,1536,365,224,213,305,6,10,0
1696,1536,365,224,213,305,6,10,0
1697,1536,365,224,213,305,6,10,0
1698,1536,365,224,213,305,6,10,0
1699,1535,364,225,213,305,6,10,0
1700,1535,364,225,213,305,6,10,0
1701,1535,365,225,213,305,6,10,0
1702,1535,365,225,213,305,6,10,0
1703,1535,365,225,213,305,6,10,0
1704,1535,365,226,212,305,6,10,0
1705,1535,365,226,212,305,6,10,0
1706,1534,365,226,212,305,6,10,0
1707,1534,365,226,212,305,6,10,0
1708,1535,365,226,213,305,6,10,0
1709,1535,365,226,212,305,6,10,0
1710,1535,365,226,213,305,6,10,0
1711,1535,365,226,213,305,6,10,0
1712,1534,365,227,213,305,6,10,0
1713,1534,365,227,213,305,6,10,0
1714,1534,365,227,213,305,6,10,0
1715,1533,365,228,213,305,6,10,0
1716,1533,365,228,213,305,6,10,0
1717,1533,364,228,213,305,6,10,0
1718,1533,364,228,213,305,6,10,0
1719,1533,364,228,213,305,6,10,0
1720,1533,365,228,213,305,6,10,0
1721,1533,365,228,213,305,6,10,0
1722,1533,365,228,213,305,6,10,0
1723,1533,365,228,213,305,6,10,0
1724,1533,365,227,213,305,6,10,0
1725,1533,364,227,213,305,6,10,0
1726,1533,364,228,213,305,6,10,0
1727,1534,364,227,213,305,6,10,0
1728,1534,364,227,214,305,6,10,0
1729,1534,364,227,214,305,6,10,0
1730,1534,364,227,214,305,6,10,0
1731,1534,364,226,213,305,6,10,0
1732,1534,364,226,214,305,6,10,0
1733,1534,364,227,214,305,6,10,0
1734,1534,364,227,214,305,6,10,0
1735,1534,364,227,214,305,6,10,0
1736,1534,364,227,213,305,6,10,0
1737,1534,364,227,213,305,6,10,0
1738,1534,364,227,214,305,6,10,0
1739,1534,364,227,214,305,6,10,0
1740,1534,364,227,213,305,6,10,0
1741,1534,365,227,213,305,6,10,0
1742,1533,365,228,213,305,6,10,0
1743,1533,365,228,213,305,6,10,0
1744,1532,365,229,213,305,6,10,0
1745,1532,365,229,213,305,6,10,0
1746,1532,365,229,213,305,6,10,0
1747,1532,365,229,213,305,6,10,0
1748,1532,365,229,213,305,6,10,0
1749,1532,365,229,213,305,6,10,0
1750,1533,365,228,212,305,6,10,0
1751,1533,365,228,212,305,6,10,0
1752,1532,364,229,213,305,6,10,0
1753,1532,364,229,213,305,6,10,0
1754,1532,364,229,213,305,6,10,0
1755,1531,364,230,213,305,6,10,0
1756,1531,364,230,214,305,6,10,0
1757,1531,364,230,213,305,6,10,0
1758,1531,364,230,213,305,6,10,0
1759,1531,364,230,214,305,6,10,0
1760,1531,364,230,214,305,6,10,0
1761,1530,364,231,214,305,6,10,0
1762,1530,364,231,214,305,6,10,0
1763,1530,364,231,214,305,6,10,0
1764,1530,364,231,213,305,6,10,0
1765,1530,364,231,213,305,6,10,0
1766,1531,364,230,213,305,6,10,0
1767,1531,364,230,213,305,6,10,0
1768,1531,364,230,213,305,6,10,0
1769,1531,364,230,213,305,6,10,0
1770,1531,364,230,213,305,6,10,0
1771,1531,364,230,213,305,6,10,0
1772,1530,364,230,213,305,6,10,0
1773,1530,364,230,213,305,6,10,0
1774,1530,364,231,213,305,6,10,0
1775,1532,364,229,213,305,6,10,0
1776,1530,364,231,214,305,6,10,0
1777,1530,364,231,214,305,6,10,0
1778,1530,364,231,214,305,6,10,0
1779,1530,364,231,214,305,6,10,0
1780,1529,364,232,214,305,6,10,0
1781,1530,364,231,214,305,6,10,0
1782,1529,364,232,214,305,6,10,0
1783,1529,364,232,214,305,6,10,0
1784,1528,364,233,214,305,6,10,0
1785,1528,364,233,214,305,6,10,0
1786,1529,364,232,214,305,6,10,0
1787,1528,364,233,214,305,6,10,0
1788,1526,364,235,214,305,6,10,0
1789,1527,364,234,213,305,6,10,0
1790,1529,364,232,213,305,6,10,0
1791,1530,364,231,213,305,6,10,0
1792,1530,364,231,213,305,6,10,0
1793,1529,364,232,213,305,6,10,0
1794,1530,364,231,213,305,6,10,0
1795,1530,364,231,213,305,6,10,0
1796,1530,364,231,213,305,6,10,0
1797,1530,364,231,213,305,6,10,0
1798,1531,364,230,213,305,6,10,0
1799,1534,365,226,213,305,6,10,0
1800,1535,365,225,212,305,6,10,0
1801,1535,365,225,212,305,6,10,0
1802,1535,365,225,212,305,6,10,0
1803,1535,365,225,212,305,6,10,0
1804,1535,365,225,212,305,6,10,0
1805,1535,365,225,212,305,6,10,0
1806,1535,365,225,212,305,6,10,0
1807,1535,365,225,212,305,6,10,0
1808,1535,365,225,212,305,6,10,0
1809,1535,365,225,212,305,6,10,0
1810,1535,365,225,212,305,6,10,0
1811,1535,365,225,212,305,6,10,0
1812,1535,365,225,212,305,6,10,0
1813,1535,365,225,212,305,6,10,0
1814,1535,365,225,212,305,6,10,0
1815,1535,365,225,212,305,6,10,0
1816,1535,365,225,212,305,6,10,0
1817,1535,365,225,212,305,6,10,0
1818,1535,365,225,212,305,6,10,0
1819,1535,365,225,212,305,6,10,0
1820,1535,365,225,212,305,6,10,0
1821,1535,365,225,212,305,6,10,0
1822,1535,365,225,212,305,6,10,0
1823,1535,365,225,212,305,6,10,0
1824,1535,366,225,212,305,6,10,0
1825,1535,366,225,212,305,6,10,0
1826,1535,366,225,212,305,6,10,0
1827,1535,366,225,212,305,6,10,0
1828,1535,366,225,212,305,6,10,0
1829,1535,366,225,212,305,6,10,0
1830,1535,366,225,212,305,6,10,0
1831,1535,366,225,212,305,6,10,0
1832,1535,366,225,212,305,6,10,0
1833,1535,366,225,212,305,6,10,0
1834,1535,366,225,212,305,6,10,0
1835,1535,366,225,212,305,6,10,0
1836,1535,366,225,212,305,6,10,0
1837,1535,366,225,212,305,6,10,0
1838,1535,365,225,212,305,6,10,0
1839,1535,365,225,212,305,6,10,0
1840,1535,366,225,212,305,6,10,0
1841,1535,366,225,212,305,6,10,0
1842,1535,365,225,212,305,6,10,0
1843,1535,365,225,212,305,6,10,0
1844,1535,365,225,212,305,6,10,0
1845,1535,365,225,212,305,6,10,0
1846,1535,365,226,212,305,6,10,0
1847,1535,365,226,212,305,6,10,0
1848,1535,365,225,212,305,6,10,0
1849,1535,365,225,212,305,6,10,0
1850,1535,365,225,212,305,6,10,0
1851,1535,365,225,212,305,6,10,0
1852,1535,365,225,212,305,6,10,0
1853,1535,365,225,212,305,6,10,0
1854,1535,365,225,212,305,6,10,0
1855,1535,365,225,212,305,6,10,0
1856,1535,365,225,212,305,6,10,0
1857,1535,365,225,212,305,6,10,0
1858,1536,365,225,213,305,6,10,0
1859,1536,365,225,213,305,6,10,0
1860,1536,365,224,212,305,6,10,0
1861,1536,365,224,212,305,6,10,0
1862,1536,365,224,212,305,6,10,0
1863,1536,365,224,212,305,6,10,0
1864,1536,365,225,212,305,6,10,0
1865,1536,365,225,212,305,6,10,0
1866,1536,365,225,212,305,6,10,0
1867,1536,365,225,213,305,6,10,0
1868,1536,365,225,212,305,6,10,0
1869,1536,365,225,212,305,6,10,0
1870,1536,365,225,212,305,6,10,0
1871,1536,365,225,212,305,6,10,0
1872,1536,365,225,212,305,6,10,0
1873,1536,365,225,212,305,6,10,0
1874,1536,365,225,212,305,6,10,0
1875,1536,365,225,212,305,6,10,0
1876,1536,365,225,212,305,6,10,0
1877,1536,365,225,213,305,6,10,0
1878,1536,365,225,213,305,6,10,0
1879,1535,365,225,213,305,6,10,0
1880,1535,365,225,213,305,6,10,0
1881,1536,365,225,213,305,6,10,0
1882,1536,365,226,213,305,6,10,0
1883,1537,365,226,214,305,6,10,0
1884,1538,366,225,214,305,6,10,0
1885,1538,365,226,215,305,6,10,0
1886,1538,366,226,214,305,6,10,0
1887,1538,367,228,214,305,6,10,0
1888,1538,368,230,214,305,6,10,0
1889,1539,369,232,214,305,6,10,0
1890,1540,370,234,214,305,6,10,0
1891,1541,370,235,215,305,6,10,0
1892,1542,371,234,215,305,6,10,1
1893,1543,372,235,216,305,6,10,1
1894,1544,374,237,216,305,6,10,1
1895,1545,375,239,215,305,6,10,1
1896,1547,376,239,216,305,6,10,1
1897,1548,377,242,217,305,6,10,1
1898,1550,377,242,218,305,6,10,1
1899,1551,378,246,219,305,6,10,1
1900,1553,379,247,219,305,6,10,1
1901,1555,379,251,221,305,6,10,1
1902,1557,381,258,220,305,6,10,1
1903,1558,384,262,220,305,6,10,1
1904,1559,387,268,219,305,6,10,2
1905,1561,389,273,219,305,6,10,2
1906,1565,392,281,220,305,6,10,2
1907,1566,392,291,221,305,6,10,3
1908,1568,394,300,222,305,6,10,3
1909,1572,394,309,225,305,6,10,3
1910,1575,394,317,228,305,6,10,3
1911,1580,395,326,230,305,6,10,3
1912,1583,395,336,233,305,6,10,3
1913,1587,395,347,236,305,6,10,3
1914,1594,395,357,238,305,6,10,3
1915,1599,396,367,240,305,6,10,3
1916,1606,397,387,243,305,6,10,3
1917,1613,400,393,243,305,6,10,3
1918,1621,400,403,246,305,6,10,3
1919,1629,401,409,248,305,6,10,3
1920,1639,402,415,249,305,6,10,3
1921,1650,404,423,249,305,6,10,3
1922,1662,404,433,253,305,6,10,3
1923,1674,405,438,254,305,6,10,4
1924,1689,406,443,257,305,6,10,4
1925,1702,410,449,257,305,6,10,4
1926,1720,413,451,256,305,6,10,4
1927,1735,415,457,257,305,6,10,4
1928,1755,417,458,258,305,6,10,5
1929,1773,420,465,257,305,6,10,5
1930,1793,421,464,259,305,6,10,5
1931,1817,424,460,260,305,6,10,5
1932,1838,425,461,261,305,6,10,5
1933,1862,427,461,261,305,6,10,5
1934,1885,430,461,261,305,6,10,5
1935,1910,431,461,262,305,6,10,5
1936,1933,433,467,262,305,6,10,6
1937,1960,431,468,266,305,6,10,6
1938,1985,433,471,267,305,6,10,6
1939,2010,434,474,268,305,6,10,6
1940,2035,437,477,268,305,6,10,6
1941,2062,448,478,260,305,6,10,6
1942,2084,452,475,258,305,6,10,6
1943,2110,459,449,254,305,6,10,6
1944,2133,458,426,257,305,6,10,6
1945,2159,457,399,262,305,6,10,5
1946,2184,460,375,261,305,6,10,5
1947,2209,459,349,246,305,6,10,5
1948,2233,459,324,247,305,6,10,5
1949,2257,462,301,245,305,6,10,5
1950,2282,464,277,244,305,6,10,5
1951,2306,465,253,244,305,6,10,5
1952,2328,470,231,242,305,6,10,5
1953,2349,469,209,246,305,6,10,5
1954,2372,475,186,242,305,6,10,5
1955,2393,477,165,244,305,6,10,5
1956,2416,480,142,245,305,6,10,5
1957,2436,482,123,249,305,6,10,5
1958,2456,489,102,241,305,6,10,5
1959,2476,507,81,208,305,6,10,5
0,1755,415,233,169,306,9,1,0
1,1755,416,234,169,306,9,1,0
2,1755,416,234,169,306,9,1,0
3,1755,416,234,169,306,9,1,0
4,1755,416,234,169,306,9,1,0
5,1755,416,234,169,306,9,1,0
6,1755,416,234,169,306,9,1,0
7,1755,416,234,169,306,9,1,0
8,1755,416,234,169,306,9,1,0
9,1755,416,234,169,306,9,1,0
10,1755,416,234,169,306,9,1,0
11,1755,416,234,169,306,9,1,0
12,1756,416,233,169,306,9,1,0
13,1756,416,233,169,306,9,1,0
14,1756,416,233,169,306,9,1,0
15,1756,416,232,169,306,9,1,0
16,1756,416,232,169,306,9,1,0
17,1756,416,232,169,306,9,1,0
18,1756,416,232,169,306,9,1,0
19,1756,416,232,169,306,9,1,0
20,1756,416,232,169,306,9,1,0
21,1756,416,232,169,306,9,1,0
22,1756,416,232,169,306,9,1,0
23,1756,416,232,169,306,9,1,0
24,1757,416,232,169,306,9,1,0
25,1757,416,232,169,306,9,1,0
26,1756,416,232,169,306,9,1,0
27,1756,416,232,169,306,9,1,0
28,1756,416,232,169,306,9,1,0
29,1756,416,232,169,306,9,1,0
30,1756,416,232,169,306,9,1,0
31,1756,416,232,169,306,9,1,0
32,1756,416,232,169,306,9,1,0
33,1756,416,232,169,306,9,1,0
34,1756,416,232,169,306,9,1,0
35,1756,416,232,169,306,9,1,0
36,1755,416,233,169,306,9,1,0
37,1755,416,233,169,306,9,1,0
38,1755,416,233,169,306,9,1,0
39,1755,416,233,169,306,9,1,0
40,1756,416,233,169,306,9,1,0
41,1756,416,233,169,306,9,1,0
42,1756,416,233,169,306,9,1,0
43,1756,416,232,169,306,9,1,0
44,1756,416,232,169,306,9,1,0
45,1756,416,232,169,306,9,1,0
46,1756,416,232,169,306,9,1,0
47,1756,416,232,169,306,9,1,0
48,1756,416,233,169,306,9,1,0
49,1756,416,233,169,306,9,1,0
50,1756,416,233,169,306,9,1,0
51,1756,416,233,169,306,9,1,0
52,1756,416,233,169,306,9,1,0
53,1756,416,233,169,306,9,1,0
54,1756,416,233,169,306,9,1,0
55,1756,416,233,169,306,9,1,0
56,1756,416,233,169,306,9,1,0
57,1756,416,233,169,306,9,1,0
58,1756,416,233,169,306,9,1,0
59,1756,416,232,169,306,9,1,0
60,1756,416,232,169,306,9,1,0
61,1756,416,232,169,306,9,1,0
62,1756,416,232,169,306,9,1,0
63,1756,416,232,169,306,9,1,0
64,1756,416,232,169,306,9,1,0
65,1755,415,233,169,306,9,1,0
66,1755,415,233,169,306,9,1,0
67,1755,415,233,169,306,9,1,0
68,1755,415,233,169,306,9,1,0
69,1755,416,233,169,306,9,1,0
70,1755,415,233,169,306,9,1,0
71,1755,416,233,169,306,9,1,0
72,1756,417,232,168,306,9,1,0
73,1756,417,232,168,306,9,1,0
74,1756,417,232,168,306,9,1,0
75,1756,417,232,168,306,9,1,0
76,1756,417,233,168,306,9,1,0
77,1756,417,232,168,306,9,1,0
78,1756,417,232,168,306,9,1,0
79,1756,417,232,168,306,9,1,0
80,1756,417,233,168,306,9,1,0
81,1756,417,233,168,306,9,1,0
82,1756,417,233,168,306,9,1,0
83,1756,417,233,168,306,9,1,0
84,1756,417,233,168,306,9,1,0
85,1756,417,233,168,306,9,1,0
86,1756,417,233,168,306,9,1,0
87,1756,417,233,168,306,9,1,0
88,1756,417,233,168,306,9,1,0
89,1755,417,233,168,306,9,1,0
90,1755,417,233,168,306,9,1,0
91,1755,417,233,168,306,9,1,0
92,1755,417,233,168,306,9,1,0
93,1755,417,233,168,306,9,1,0
94,1755,417,233,168,306,9,1,0
95,1755,417,233,168,306,9,1,0
96,1756,417,233,168,306,9,1,0
97,1756,417,233,168,306,9,1,0
98,1756,417,233,168,306,9,1,0
99,1756,417,233,168,306,9,1,0
100,1756,416,233,168,306,9,1,0
101,1756,416,233,168,306,9,1,0
102,1756,416,233,168,306,9,1,0
103,1756,416,233,168,306,9,1,0
104,1756,416,233,168,306,9,1,0
105,1755,416,233,168,306,9,1,0
106,1755,416,233,168,306,9,1,0
107,1755,416,233,168,306,9,1,0
108,1755,417,233,167,306,9,1,0
109,1755,417,234,167,306,9,1,0
110,1755,417,234,167,306,9,1,0
111,1755,417,234,167,306,9,1,0
112,1755,417,234,168,306,9,1,0
113,1755,417,234,168,306,9,1,0
114,1755,417,234,168,306,9,1,0
115,1755,417,234,168,306,9,1,0
116,1755,417,234,168,306,9,1,0
117,1755,417,234,168,306,9,1,0
118,1755,417,234,168,306,9,1,0
119,1755,417,234,168,306,9,1,0
120,1755,417,233,168,306,9,1,0
121,1755,417,233,168,306,9,1,0
122,1755,417,233,168,306,9,1,0
123,1755,417,233,168,306,9,1,0
124,1755,417,233,168,306,9,1,0
125,1755,417,233,168,306,9,1,0
126,1755,417,233,168,306,9,1,0
127,1755,417,233,168,306,9,1,0
128,1755,416,233,168,306,9,1,0
129,1755,416,233,168,306,9,1,0
130,1755,416,233,168,306,9,1,0
131,1755,416,233,168,306,9,1,0
132,1755,416,233,168,306,9,1,0
133,1755,416,233,168,306,9,1,0
134,1755,416,233,168,306,9,1,0
135,1755,416,233,168,306,9,1,0
136,1755,417,233,168,306,9,1,0
137,1755,416,233,168,306,9,1,0
138,1755,416,233,168,306,9,1,0
139,1755,416,234,169,306,9,1,0
140,1755,416,234,169,306,9,1,0
141,1755,416,234,169,306,9,1,0
142,1755,416,234,169,306,9,1,0
143,1755,416,234,169,306,9,1,0
144,1754,416,235,168,306,9,1,0
145,1754,416,235,168,306,9,1,0
146,1754,416,235,168,306,9,1,0
147,1754,416,235,168,306,9,1,0
148,1754,416,235,168,306,9,1,0
149,1754,416,234,168,306,9,1,0
150,1754,416,235,168,306,9,1,0
151,1754,416,234,168,306,9,1,0
152,1754,416,234,168,306,9,1,0
153,1754,416,234,168,306,9,1,0
154,1754,416,235,168,306,9,1,0
155,1754,416,235,168,306,9,1,0
156,1754,416,235,169,306,9,1,0
157,1754,416,235,169,306,9,1,0
158,1754,416,235,169,306,9,1,0
159,1754,416,235,169,306,9,1,0
160,1754,416,235,169,306,9,1,0
161,1754,416,235,169,306,9,1,0
162,1754,416,235,169,306,9,1,0
163,1754,416,235,169,306,9,1,0
164,1754,416,235,169,306,9,1,0
165,1754,416,235,169,306,9,1,0
166,1754,416,235,168,306,9,1,0
167,1754,416,235,168,306,9,1,0
168,1754,416,235,169,306,9,1,0
169,1754,416,235,169,306,9,1,0
170,1754,416,235,169,306,9,1,0
171,1754,416,235,168,306,9,1,0
172,1754,416,235,169,306,9,1,0
173,1754,416,235,168,306,9,1,0
174,1754,416,235,169,306,9,1,0
175,1754,416,235,169,306,9,1,0
176,1754,416,235,169,306,9,1,0
177,1754,416,235,169,306,9,1,0
178,1754,416,235,169,306,9,1,0
179,1754,416,235,169,306,9,1,0
180,1754,416,235,168,306,9,1,0
181,1754,416,235,168,306,9,1,0
182,1754,416,235,168,306,9,1,0
183,1754,416,235,168,306,9,1,0
184,1754,416,235,168,306,9,1,0
185,1754,416,235,168,306,9,1,0
186,1754,416,235,168,306,9,1,0
187,1754,416,235,168,306,9,1,0
188,1754,416,235,168,306,9,1,0
189,1754,416,234,168,306,9,1,0
190,1754,416,235,168,306,9,1,0
191,1754,416,235,168,306,9,1,0
192,1754,416,235,168,306,9,1,0
193,1754,416,235,168,306,9,1,0
194,1754,416,235,168,306,9,1,0
195,1754,416,235,168,306,9,1,0
196,1754,416,235,168,306,9,1,0
197,1754,416,235,168,306,9,1,0
198,1754,416,235,168,306,9,1,0
199,1754,416,235,168,306,9,1,0
200,1754,416,235,168,306,9,1,0
201,1754,416,235,168,306,9,1,0
202,1754,416,235,168,306,9,1,0
203,1754,416,235,168,306,9,1,0
204,1754,416,235,168,306,9,1,0
205,1754,416,235,168,306,9,1,0
206,1754,416,235,168,306,9,1,0
207,1754,416,235,168,306,9,1,0
208,1754,416,235,168,306,9,1,0
209,1754,416,234,168,306,9,1,0
210,1754,416,235,168,306,9,1,0
211,1754,416,235,168,306,9,1,0
212,1754,416,235,168,306,9,1,0
213,1754,416,235,168,306,9,1,0
214,1754,416,235,168,306,9,1,0
215,1754,416,235,168,306,9,1,0
216,1754,416,234,169,306,9,1,0
217,1754,416,234,169,306,9,1,0
218,1754,416,234,169,306,9,1,0
219,1755,416,234,169,306,9,1,0
220,1755,416,234,169,306,9,1,0
221,1755,416,234,169,306,9,1,0
222,1755,416,234,169,306,9,1,0
223,1755,416,234,169,306,9,1,0
224,1755,416,234,169,306,9,1,0
225,1755,416,233,169,306,9,1,0
226,1755,416,233,169,306,9,1,0
227,1755,416,233,169,306,9,1,0
228,1757,416,232,168,306,9,1,0
229,1757,416,231,168,306,9,1,0
230,1757,416,231,168,306,9,1,0
231,1756,416,232,168,306,9,1,0
232,1756,416,232,168,306,9,1,0
233,1756,416,232,168,306,9,1,0
234,1756,416,232,168,306,9,1,0
235,1756,416,232,168,306,9,1,0
236,1756,416,232,168,306,9,1,0
237,1756,416,232,168,306,9,1,0
238,1756,416,232,168,306,9,1,0
239,1756,416,232,168,306,9,1,0
240,1756,416,233,168,306,9,1,0
241,1756,416,233,168,306,9,1,0
242,1756,416,233,168,306,9,1,0
243,1756,416,233,168,306,9,1,0
244,1756,416,233,168,306,9,1,0
245,1755,416,233,168,306,9,1,0
246,1755,416,233,168,306,9,1,0
247,1755,416,233,168,306,9,1,0
248,1755,416,233,168,306,9,1,0
249,1755,416,233,168,306,9,1,0
250,1756,416,233,168,306,9,1,0
251,1756,416,233,168,306,9,1,0
252,1756,416,232,169,306,9,1,0
253,1756,416,232,169,306,9,1,0
254,1756,416,233,169,306,9,1,0
255,1756,416,233,169,306,9,1,0
256,1756,416,232,169,306,9,1,0
257,1756,416,232,169,306,9,1,0
258,1756,416,232,169,306,9,1,0
259,1756,416,232,169,306,9,1,0
260,1756,416,232,169,306,9,1,0
261,1756,416,232,169,306,9,1,0
262,1756,416,232,169,306,9,1,0
263,1756,416,232,169,306,9,1,0
264,1756,416,232,169,306,9,1,0
265,1756,416,232,169,306,9,1,0
266,1756,416,232,169,306,9,1,0
267,1756,416,232,169,306,9,1,0
268,1756,416,232,169,306,9,1,0
269,1756,416,232,169,306,9,1,0
270,1756,416,232,169,306,9,1,0
271,1756,416,232,169,306,9,1,0
272,1756,416,232,169,306,9,1,0
273,1756,416,232,169,306,9,1,0
274,1756,416,232,169,306,9,1,0
275,1756,416,232,169,306,9,1,0
276,1756,416,232,169,306,9,1,0
277,1756,416,232,169,306,9,1,0
278,1756,416,232,169,306,9,1,0
279,1756,416,232,169,306,9,1,0
280,1756,416,232,169,306,9,1,0
281,1756,416,232,169,306,9,1,0
282,1756,416,232,169,306,9,1,0
283,1756,416,232,169,306,9,1,0
284,1756,416,232,169,306,9,1,0
285,1756,416,232,169,306,9,1,0
286,1756,416,232,169,306,9,1,0
287,1756,416,232,169,306,9,1,0
288,1755,416,233,168,306,9,1,0
289,1755,416,233,168,306,9,1,0
290,1755,416,233,168,306,9,1,0
291,1755,416,233,168,306,9,1,0
292,1755,416,233,168,306,9,1,0
293,1755,416,233,168,306,9,1,0
294,1755,416,233,168,306,9,1,0
295,1755,416,233,168,306,9,1,0
296,1755,416,233,168,306,9,1,0
297,1755,416,233,168,306,9,1,0
298,1755,416,233,169,306,9,1,0
299,1755,416,233,169,306,9,1,0
300,1755,416,233,169,306,9,1,0
301,1755,416,233,169,306,9,1,0
302,1755,416,233,169,306,9,1,0
303,1755,416,233,169,306,9,1,0
304,1755,416,233,169,306,9,1,0
305,1755,416,233,169,306,9,1,0
306,1755,416,233,168,306,9,1,0
307,1755,416,233,168,306,9,1,0
308,1755,416,233,169,306,9,1,0
309,1755,416,233,169,306,9,1,0
310,1755,416,233,169,306,9,1,0
311,1755,416,233,169,306,9,1,0
312,1755,416,233,169,306,9,1,0
313,1755,416,233,168,306,9,1,0
314,1755,416,233,168,306,9,1,0
315,1755,416,233,168,306,9,1,0
316,1755,416,233,168,306,9,1,0
317,1755,416,233,168,306,9,1,0
318,1755,416,233,168,306,9,1,0
319,1755,416,233,168,306,9,1,0
320,1755,416,233,168,306,9,1,0
321,1755,416,233,168,306,9,1,0
322,1755,416,233,168,306,9,1,0
323,1755,416,233,168,306,9,1,0
324,1755,416,233,168,306,9,1,0
325,1755,416,233,168,306,9,1,0
326,1755,416,233,168,306,9,1,0
327,1755,416,233,168,306,9,1,0
328,1755,416,233,168,306,9,1,0
329,1755,416,233,168,306,9,1,0
330,1755,416,233,168,306,9,1,0
331,1755,416,233,168,306,9,1,0
332,1755,416,233,168,306,9,1,0
333,1755,416,233,168,306,9,1,0
334,1755,416,233,168,306,9,1,0
335,1755,416,233,168,306,9,1,0
336,1755,416,234,169,306,9,1,0
337,1755,416,234,169,306,9,1,0
338,1755,416,234,169,306,9,1,0
339,1755,416,234,169,306,9,1,0
340,1755,416,234,168,306,9,1,0
341,1755,416,234,168,306,9,1,0
342,1755,416,234,168,306,9,1,0
343,1755,416,234,168,306,9,1,0
344,1755,416,233,168,306,9,1,0
345,1755,416,233,168,306,9,1,0
346,1755,416,233,168,306,9,1,0
347,1755,416,233,168,306,9,1,0
348,1755,416,233,168,306,9,1,0
349,1755,416,233,168,306,9,1,0
350,1755,416,233,168,306,9,1,0
351,1755,416,233,168,306,9,1,0
352,1755,416,233,168,306,9,1,0
353,1755,416,233,168,306,9,1,0
354,1755,416,233,168,306,9,1,0
355,1755,416,233,168,306,9,1,0
356,1755,416,233,168,306,9,1,0
357,1755,416,233,168,306,9,1,0
358,1755,416,233,168,306,9,1,0
359,1755,416,233,168,306,9,1,0
360,1755,416,233,168,306,9,1,0
361,1755,416,233,168,306,9,1,0
362,1755,416,233,168,306,9,1,0
363,1755,416,233,168,306,9,1,0
364,1755,416,233,168,306,9,1,0
365,1755,416,233,168,306,9,1,0
366,1756,416,233,168,306,9,1,0
367,1756,416,233,168,306,9,1,0
368,1756,416,233,168,306,9,1,0
369,1756,416,233,168,306,9,1,0
370,1756,416,233,168,306,9,1,0
371,1756,416,233,168,306,9,1,0
372,1755,416,233,168,306,9,1,0
373,1755,416,233,168,306,9,1,0
374,1755,416,233,168,306,9,1,0
375,1755,416,233,168,306,9,1,0
376,1755,416,233,168,306,9,1,0
377,1755,416,233,168,306,9,1,0
378,1755,416,233,168,306,9,1,0
379,1755,416,233,168,306,9,1,0
380,1755,416,233,168,306,9,1,0
381,1755,416,233,168,306,9,1,0
382,1755,416,233,168,306,9,1,0
383,1755,416,233,168,306,9,1,0
384,1755,416,233,168,306,9,1,0
385,1755,416,233,168,306,9,1,0
386,1755,416,233,168,306,9,1,0
387,1755,416,233,168,306,9,1,0
388,1755,416,233,168,306,9,1,0
389,1755,416,233,168,306,9,1,0
390,1755,416,233,168,306,9,1,0
391,1755,416,233,168,306,9,1,0
392,1755,416,233,168,306,9,1,0
393,1755,416,233,168,306,9,1,0
394,1756,415,232,169,306,9,1,0
395,1756,415,232,169,306,9,1,0
396,1756,415,232,169,306,9,1,0
397,1756,415,232,169,306,9,1,0
398,1756,415,232,169,306,9,1,0
399,1756,415,232,169,306,9,1,0
400,1756,415,232,169,306,9,1,0
401,1756,415,232,169,306,9,1,0
402,1756,415,232,169,306,9,1,0
403,1756,415,232,169,306,9,1,0
404,1756,415,232,169,306,9,1,0
405,1756,415,232,169,306,9,1,0
406,1756,415,232,169,306,9,1,0
407,1756,415,232,169,306,9,1,0
408,1756,415,232,169,306,9,1,0
409,1756,415,232,169,306,9,1,0
410,1756,415,232,169,306,9,1,0
411,1756,415,232,169,306,9,1,0
412,1756,415,232,169,306,9,1,0
413,1756,415,232,169,306,9,1,0
414,1756,415,233,169,306,9,1,0
415,1755,415,233,169,306,9,1,0
416,1756,415,233,169,306,9,1,0
417,1755,415,233,169,306,9,1,0
418,1755,416,233,169,306,9,1,0
419,1755,416,233,169,306,9,1,0
420,1755,416,234,168,306,9,1,0
421,1755,416,234,168,306,9,1,0
422,1755,416,234,168,306,9,1,0
423,1755,416,234,168,306,9,1,0
424,1755,416,234,168,306,9,1,0
425,1755,416,233,168,306,9,1,0
426,1755,416,233,169,306,9,1,0
427,1755,416,233,169,306,9,1,0
428,1755,416,233,169,306,9,1,0
429,1755,416,233,169,306,9,1,0
430,1755,416,234,169,306,9,1,0
431,1755,416,234,169,306,9,1,0
432,1755,416,233,168,306,9,1,0
433,1755,416,233,168,306,9,1,0
434,1756,416,232,168,306,9,1,0
435,1756,416,232,168,306,9,1,0
436,1756,416,232,168,306,9,1,0
437,1756,416,232,168,306,9,1,0
438,1756,416,233,169,306,9,1,0
439,1756,416,232,169,306,9,1,0
440,1756,416,232,169,306,9,1,0
441,1756,416,232,169,306,9,1,0
442,1756,416,232,168,306,9,1,0
443,1756,416,232,169,306,9,1,0
444,1756,416,232,169,306,9,1,0
445,1756,416,232,169,306,9,1,0
446,1756,416,232,169,306,9,1,0
447,1756,416,232,169,306,9,1,0
448,1756,416,232,169,306,9,1,0
449,1756,416,232,169,306,9,1,0
450,1756,416,232,169,306,9,1,0
451,1756,416,232,169,306,9,1,0
452,1756,416,232,169,306,9,1,0
453,1756,416,232,169,306,9,1,0
454,1756,416,232,169,306,9,1,0
455,1756,416,232,169,306,9,1,0
456,1756,416,233,169,306,9,1,0
457,1755,416,233,169,306,9,1,0
458,1755,416,233,169,306,9,1,0
459,1755,416,233,169,306,9,1,0
460,1755,416,233,169,306,9,1,0
461,1755,416,233,169,306,9,1,0
462,1755,416,233,169,306,9,1,0
463,1755,416,233,169,306,9,1,0
464,1755,416,233,169,306,9,1,0
465,1755,416,233,169,306,9,1,0
466,1755,416,233,169,306,9,1,0
467,1755,416,233,169,306,9,1,0
468,1756,416,232,169,306,9,1,0
469,1756,416,232,169,306,9,1,0
470,1756,416,232,169,306,9,1,0
471,1756,416,232,169,306,9,1,0
472,1756,416,232,169,306,9,1,0
473,1756,416,232,169,306,9,1,0
474,1756,416,232,169,306,9,1,0
475,1756,416,232,169,306,9,1,0
476,1756,416,232,169,306,9,1,0
477,1756,416,232,169,306,9,1,0
478,1756,416,232,169,306,9,1,0
479,1756,416,232,169,306,9,1,0
480,1756,416,233,169,306,9,1,0
481,1756,416,233,169,306,9,1,0
482,1756,416,233,169,306,9,1,0
483,1756,416,233,169,306,9,1,0
484,1756,416,233,169,306,9,1,0
485,1756,416,233,169,306,9,1,0
486,1756,416,233,169,306,9,1,0
487,1756,416,233,169,306,9,1,0
488,1756,416,233,169,306,9,1,0
489,1756,416,233,169,306,9,1,0
490,1756,416,233,169,306,9,1,0
491,1756,416,232,169,306,9,1,0
492,1756,416,232,169,306,9,1,0
493,1756,416,232,169,306,9,1,0
494,1756,416,232,169,306,9,1,0
495,1756,416,232,169,306,9,1,0
496,1756,416,232,169,306,9,1,0
497,1756,416,232,169,306,9,1,0
498,1756,416,232,169,306,9,1,0
499,1756,416,232,169,306,9,1,0
500,1756,416,232,169,306,9,1,0
501,1756,416,232,169,306,9,1,0
502,1756,416,232,169,306,9,1,0
503,1756,416,232,169,306,9,1,0
504,1756,416,232,169,306,9,1,0
505,1756,416,232,169,306,9,1,0
506,1756,416,232,169,306,9,1,0
507,1756,416,232,169,306,9,1,0
508,1756,416,232,169,306,9,1,0
509,1756,416,232,169,306,9,1,0
510,1756,416,232,169,306,9,1,0
511,1756,416,232,169,306,9,1,0
512,1756,416,232,169,306,9,1,0
513,1756,416,232,169,306,9,1,0
514,1756,416,232,169,306,9,1,0
515,1756,416,232,169,306,9,1,0
516,1756,416,232,169,306,9,1,0
517,1756,416,232,169,306,9,1,0
518,1756,416,232,169,306,9,1,0
519,1756,416,232,169,306,9,1,0
520,1756,416,232,169,306,9,1,0
521,1756,416,232,169,306,9,1,0
522,1756,416,232,169,306,9,1,0
523,1756,416,232,169,306,9,1,0
524,1756,416,232,169,306,9,1,0
525,1756,416,232,169,306,9,1,0
526,1756,416,232,169,306,9,1,0
527,1756,416,232,169,306,9,1,0
528,1756,416,232,169,306,9,1,0
529,1756,416,232,169,306,9,1,0
530,1756,416,232,169,306,9,1,0
531,1756,416,232,169,306,9,1,0
532,1756,416,233,169,306,9,1,0
533,1756,416,233,169,306,9,1,0
534,1756,416,232,169,306,9,1,0
535,1756,416,232,169,306,9,1,0
536,1756,416,233,169,306,9,1,0
537,1756,416,232,169,306,9,1,0
538,1756,416,232,169,306,9,1,0
539,1756,416,232,169,306,9,1,0
540,1756,416,232,169,306,9,1,0
541,1756,416,232,169,306,9,1,0
542,1756,416,232,169,306,9,1,0
543,1756,416,232,169,306,9,1,0
544,1756,416,232,169,306,9,1,0
545,1756,416,232,169,306,9,1,0
546,1756,416,232,169,306,9,1,0
547,1756,416,232,169,306,9,1,0
548,1756,416,232,169,306,9,1,0
549,1756,416,232,169,306,9,1,0
550,1756,416,232,169,306,9,1,0
551,1756,416,232,169,306,9,1,0
552,1756,416,232,169,306,9,1,0
553,1756,416,232,169,306,9,1,0
554,1756,416,232,169,306,9,1,0
555,1756,416,232,169,306,9,1,0
556,1756,416,232,169,306,9,1,0
557,1756,416,232,169,306,9,1,0
558,1756,416,232,169,306,9,1,0
559,1756,416,232,169,306,9,1,0
560,1756,416,232,169,306,9,1,0
561,1756,416,232,169,306,9,1,0
562,1756,416,232,169,306,9,1,0
563,1756,416,232,169,306,9,1,0
564,1756,416,232,169,306,9,1,0
565,1756,416,232,169,306,9,1,0
566,1756,416,232,169,306,9,1,0
567,1756,416,232,169,306,9,1,0
568,1756,416,232,169,306,9,1,0
569,1756,416,232,169,306,9,1,0
570,1756,416,232,169,306,9,1,0
571,1756,416,232,169,306,9,1,0
572,1756,416,232,169,306,9,1,0
573,1756,416,232,169,306,9,1,0
574,1756,416,232,169,306,9,1,0
575,1756,416,232,169,306,9,1,0
576,1756,416,232,169,306,9,1,0
577,1756,416,232,169,306,9,1,0
578,1756,416,232,169,306,9,1,0
579,1756,416,232,169,306,9,1,0
580,1756,416,232,169,306,9,1,0
581,1756,416,232,169,306,9,1,0
582,1756,416,232,169,306,9,1,0
583,1756,416,232,169,306,9,1,0
584,1756,416,232,169,306,9,1,0
585,1756,416,232,169,306,9,1,0
586,1756,416,232,169,306,9,1,0
587,1756,416,232,169,306,9,1,0
588,1755,416,234,169,306,9,1,0
589,1755,416,234,169,306,9,1,0
590,1755,416,234,169,306,9,1,0
591,1755,416,234,169,306,9,1,0
592,1755,416,234,169,306,9,1,0
593,1755,416,234,169,306,9,1,0
594,1755,416,234,169,306,9,1,0
595,1755,416,234,169,306,9,1,0
596,1755,416,234,169,306,9,1,0
597,1755,416,234,169,306,9,1,0
598,1755,416,234,169,306,9,1,0
599,1755,416,234,169,306,9,1,0
600,1754,416,234,169,306,9,1,0
601,1754,416,234,169,306,9,1,0
602,1754,416,234,169,306,9,1,0
603,1754,416,234,169,306,9,1,0
604,1754,416,234,169,306,9,1,0
605,1754,416,234,169,306,9,1,0
606,1754,416,234,169,306,9,1,0
607,1754,416,234,169,306,9,1,0
608,1754,416,234,169,306,9,1,0
609,1754,416,234,169,306,9,1,0
610,1754,416,234,169,306,9,1,0
611,1754,416,234,169,306,9,1,0
612,1754,416,234,169,306,9,1,0
613,1754,416,234,169,306,9,1,0
614,1754,416,234,169,306,9,1,0
615,1754,416,234,169,306,9,1,0
616,1754,416,234,169,306,9,1,0
617,1754,416,234,169,306,9,1,0
618,1754,416,234,169,306,9,1,0
619,1754,416,234,169,306,9,1,0
620,1754,416,234,169,306,9,1,0
621,1754,416,234,169,306,9,1,0
622,1754,416,234,169,306,9,1,0
623,1754,416,234,169,306,9,1,0
624,1755,416,234,169,306,9,1,0
625,1755,416,234,169,306,9,1,0
626,1755,416,234,169,306,9,1,0
627,1755,416,234,169,306,9,1,0
628,1755,416,234,169,306,9,1,0
629,1755,416,234,169,306,9,1,0
630,1755,416,234,169,306,9,1,0
631,1755,416,234,169,306,9,1,0
632,1755,416,234,169,306,9,1,0
633,1755,416,234,169,306,9,1,0
634,1755,416,234,169,306,9,1,0
635,1755,416,234,169,306,9,1,0
636,1754,416,234,169,306,9,1,0
637,1754,416,234,169,306,9,1,0
638,1754,416,234,169,306,9,1,0
639,1754,416,234,169,306,9,1,0
640,1755,416,234,169,306,9,1,0
641,1755,416,234,169,306,9,1,0
642,1755,416,234,169,306,9,1,0
643,1755,416,234,169,306,9,1,0
644,1754,416,234,169,306,9,1,0
645,1754,416,234,169,306,9,1,0
646,1754,415,234,169,306,9,1,0
647,1754,415,234,169,306,9,1,0
648,1754,415,234,169,306,9,1,0
649,1754,415,234,169,306,9,1,0
650,1755,415,234,169,306,9,1,0
651,1755,415,234,169,306,9,1,0
652,1755,415,234,169,306,9,1,0
653,1754,416,234,169,306,9,1,0
654,1754,416,234,169,306,9,1,0
655,1754,416,234,169,306,9,1,0
656,1754,416,234,169,306,9,1,0
657,1754,416,235,169,306,9,1,0
658,1754,416,235,169,306,9,1,0
659,1754,416,234,169,306,9,1,0
660,1754,416,235,168,306,9,1,0
661,1754,416,235,168,306,9,1,0
662,1754,416,235,169,306,9,1,0
663,1754,415,234,169,306,9,1,0
664,1754,416,234,169,306,9,1,0
665,1754,416,234,169,306,9,1,0
666,1754,416,234,169,306,9,1,0
667,1754,416,234,169,306,9,1,0
668,1754,416,234,169,306,9,1,0
669,1754,416,234,169,306,9,1,0
670,1754,416,234,168,306,9,1,0
671,1754,416,234,168,306,9,1,0
672,1756,416,233,168,306,9,1,0
673,1755,415,233,169,306,9,1,0
674,1755,415,233,169,306,9,1,0
675,1755,415,233,169,306,9,1,0
676,1755,415,233,169,306,9,1,0
677,1755,416,233,169,306,9,1,0
678,1755,415,233,169,306,9,1,0
679,1755,415,233,169,306,9,1,0
680,1755,415,233,169,306,9,1,0
681,1755,415,233,169,306,9,1,0
682,1755,415,233,169,306,9,1,0
683,1755,415,233,169,306,9,1,0
684,1755,415,233,169,306,9,1,0
685,1755,415,233,169,306,9,1,0
686,1755,415,233,169,306,9,1,0
687,1755,415,233,169,306,9,1,0
688,1755,415,233,169,306,9,1,0
689,1755,415,233,169,306,9,1,0
690,1755,415,233,169,306,9,1,0
691,1755,415,233,169,306,9,1,0
692,1755,415,233,169,306,9,1,0
693,1755,415,233,169,306,9,1,0
694,1755,415,233,169,306,9,1,0
695,1755,415,233,169,306,9,1,0
696,1756,415,232,169,306,9,1,0
697,1756,415,232,169,306,9,1,0
698,1756,415,232,169,306,9,1,0
699,1756,415,232,169,306,9,1,0
700,1756,415,232,169,306,9,1,0
701,1756,415,232,169,306,9,1,0
702,1756,415,232,169,306,9,1,0
703,1756,415,233,169,306,9,1,0
704,1756,415,233,169,306,9,1,0
705,1756,415,233,169,306,9,1,0
706,1755,416,233,169,306,9,1,0
707,1755,416,233,169,306,9,1,0
708,1756,416,232,169,306,9,1,0
709,1756,416,232,169,306,9,1,0
710,1756,416,232,169,306,9,1,0
711,1756,416,232,169,306,9,1,0
712,1756,416,232,169,306,9,1,0
713,1756,416,232,169,306,9,1,0
714,1756,416,232,169,306,9,1,0
715,1756,416,233,169,306,9,1,0
716,1756,416,232,169,306,9,1,0
717,1756,416,233,169,306,9,1,0
718,1756,416,233,169,306,9,1,0
719,1756,416,232,169,306,9,1,0
720,1757,415,231,169,306,9,1,0
721,1757,415,231,169,306,9,1,0
722,1757,415,231,169,306,9,1,0
723,1757,415,231,169,306,9,1,0
724,1757,415,232,169,306,9,1,0
725,1757,416,231,169,306,9,1,0
726,1757,415,231,170,306,9,1,0
727,1757,415,231,169,306,9,1,0
728,1757,415,231,169,306,9,1,0
729,1757,415,231,169,306,9,1,0
730,1757,415,231,169,306,9,1,0
731,1758,415,231,169,306,9,1,0
732,1758,416,231,169,306,9,1,0
733,1757,416,231,169,306,9,1,0
734,1757,415,231,169,306,9,1,0
735,1757,415,231,169,306,9,1,0
736,1756,416,232,169,306,9,1,0
737,1756,416,232,169,306,9,1,0
738,1756,416,232,169,306,9,1,0
739,1756,416,232,169,306,9,1,0
740,1756,416,232,169,306,9,1,0
741,1756,416,233,169,306,9,1,0
742,1756,416,232,169,306,9,1,0
743,1756,416,232,169,306,9,1,0
744,1755,416,233,168,306,9,1,0
745,1755,416,233,168,306,9,1,0
746,1755,416,234,169,306,9,1,0
747,1754,416,234,169,306,9,1,0
748,1754,416,234,169,306,9,1,0
749,1754,416,234,169,306,9,1,0
750,1755,416,234,169,306,9,1,0
751,1755,416,234,169,306,9,1,0
752,1755,416,234,169,306,9,1,0
753,1755,416,233,169,306,9,1,0
754,1755,416,234,169,306,9,1,0
755,1755,416,234,169,306,9,1,0
756,1756,415,233,170,306,9,1,0
757,1756,415,233,170,306,9,1,0
758,1756,415,233,170,306,9,1,0
759,1756,415,233,170,306,9,1,0
760,1756,415,232,170,306,9,1,0
761,1756,415,233,170,306,9,1,0
762,1756,415,233,170,306,9,1,0
763,1756,415,233,170,306,9,1,0
764,1756,415,232,170,306,9,1,0
765,1756,415,232,170,306,9,1,0
766,1755,415,233,169,306,9,1,0
767,1755,415,233,169,306,9,1,0
768,1755,415,233,169,306,9,1,0
769,1755,415,233,169,306,9,1,0
770,1755,415,233,169,306,9,1,0
771,1755,415,233,169,306,9,1,0
772,1755,415,233,169,306,9,1,0
773,1755,415,233,169,306,9,1,0
774,1755,415,233,169,306,9,1,0
775,1755,415,233,169,306,9,1,0
776,1756,415,232,170,306,9,1,0
777,1756,415,232,170,306,9,1,0
778,1756,415,232,169,306,9,1,0
779,1756,415,233,169,306,9,1,0
780,1755,415,233,170,306,9,1,0
781,1755,415,233,170,306,9,1,0
782,1755,415,233,170,306,9,1,0
783,1755,415,233,170,306,9,1,0
784,1755,415,233,170,306,9,1,0
785,1755,415,233,170,306,9,1,0
786,1755,416,233,169,306,9,1,0
787,1755,416,233,169,306,9,1,0
788,1755,416,233,169,306,9,1,0
789,1755,416,233,169,306,9,1,0
790,1755,416,233,169,306,9,1,0
791,1755,416,233,169,306,9,1,0
792,1755,416,234,169,306,9,1,0
793,1754,416,234,169,306,9,1,0
794,1755,416,234,169,306,9,1,0
795,1755,416,234,169,306,9,1,0
796,1755,416,233,169,306,9,1,0
797,1755,416,234,169,306,9,1,0
798,1755,416,234,169,306,9,1,0
799,1755,416,234,169,306,9,1,0
800,1755,416,234,169,306,9,1,0
801,1755,416,234,169,306,9,1,0
802,1755,416,234,169,306,9,1,0
803,1755,416,234,169,306,9,1,0
804,1755,415,234,169,306,9,1,0
805,1755,415,234,169,306,9,1,0
806,1755,415,234,169,306,9,1,0
807,1755,416,234,169,306,9,1,0
808,1755,415,234,169,306,9,1,0
809,1755,416,234,169,306,9,1,0
810,1754,416,234,169,306,9,1,0
811,1754,416,234,169,306,9,1,0
812,1754,416,234,169,306,9,1,0
813,1754,416,234,169,306,9,1,0
814,1754,416,234,169,306,9,1,0
815,1754,416,234,169,306,9,1,0
816,1754,415,234,169,306,9,1,0
817,1754,415,234,169,306,9,1,0
818,1754,415,234,169,306,9,1,0
819,1754,415,234,169,306,9,1,0
820,1754,415,234,169,306,9,1,0
821,1755,415,234,169,306,9,1,0
822,1755,415,234,169,306,9,1,0
823,1755,415,234,169,306,9,1,0
824,1755,415,233,169,306,9,1,0
825,1755,415,233,169,306,9,1,0
826,1755,415,233,169,306,9,1,0
827,1755,415,233,169,306,9,1,0
828,1756,415,233,169,306,9,1,0
829,1756,415,233,169,306,9,1,0
830,1755,415,233,169,306,9,1,0
831,1755,416,233,169,306,9,1,0
832,1755,416,233,169,306,9,1,0
833,1755,416,232,168,306,9,1,0
834,1755,416,232,168,306,9,1,0
835,1755,416,233,169,306,9,1,0
836,1755,416,233,168,306,9,1,0
837,1755,416,233,168,306,9,1,0
838,1755,416,233,168,306,9,1,0
839,1756,416,233,168,306,9,1,0
840,1757,416,231,169,306,9,1,0
841,1758,416,231,169,306,9,1,0
842,1758,416,231,169,306,9,1,0
843,1758,416,230,169,306,9,1,0
844,1758,416,231,169,306,9,1,0
845,1758,416,230,169,306,9,1,0
846,1758,416,230,168,306,9,1,0
847,1758,416,230,169,306,9,1,0
848,1758,416,230,168,306,9,1,0
849,1758,416,230,169,306,9,1,0
850,1758,416,230,168,306,9,1,0
851,1757,416,231,168,306,9,1,0
852,1768,416,220,168,306,9,1,0
853,1778,416,210,168,306,9,1,0
854,1783,416,205,168,306,9,1,0
855,1756,416,232,169,306,9,1,0
856,1757,416,232,168,306,9,1,0
857,1758,416,231,165,306,9,1,0
858,1756,416,233,167,306,9,1,0
859,1756,416,240,164,306,9,1,0
860,1755,416,234,164,306,9,1,0
861,1755,416,231,166,306,9,1,0
862,1755,416,233,168,306,9,1,0
863,1755,416,233,168,306,9,1,0
864,1755,416,234,168,306,9,1,0
865,1755,416,234,168,306,9,1,0
866,1755,416,234,168,306,9,1,0
867,1755,416,234,168,306,9,1,0
868,1755,416,234,167,306,9,1,0
869,1755,417,234,167,306,9,1,0
870,1755,416,234,168,306,9,1,0
871,1755,415,234,169,306,9,1,0
872,1755,414,234,170,306,9,1,0
873,1755,414,234,170,306,9,1,0
874,1755,414,234,170,306,9,1,0
875,1755,415,234,169,306,9,1,0
876,1754,415,234,169,306,9,1,0
877,1754,415,234,169,306,9,1,0
878,1754,415,234,169,306,9,1,0
879,1755,415,234,169,306,9,1,0
880,1754,415,234,169,306,9,1,0
881,1754,415,234,169,306,9,1,0
882,1754,415,234,169,306,9,1,0
883,1754,415,234,169,306,9,1,0
884,1754,415,234,169,306,9,1,0
885,1754,415,234,169,306,9,1,0
886,1754,415,234,169,306,9,1,0
887,1754,415,234,169,306,9,1,0
888,1754,415,234,169,306,9,1,0
889,1754,415,234,169,306,9,1,0
890,1754,415,234,169,306,9,1,0
891,1754,415,234,169,306,9,1,0
892,1754,415,234,169,306,9,1,0
893,1754,415,234,169,306,9,1,0
894,1754,415,234,169,306,9,1,0
895,1754,415,234,169,306,9,1,0
896,1754,415,234,169,306,9,1,0
897,1754,415,234,169,306,9,1,0
898,1754,415,234,169,306,9,1,0
899,1754,415,234,169,306,9,1,0
900,1754,415,234,169,306,9,1,0
901,1754,415,234,169,306,9,1,0
902,1754,415,235,169,306,9,1,0
903,1754,415,235,169,306,9,1,0
904,1754,415,234,169,306,9,1,0
905,1754,415,234,169,306,9,1,0
906,1754,415,234,169,306,9,1,0
907,1754,415,234,169,306,9,1,0
908,1754,415,234,169,306,9,1,0
909,1754,415,234,169,306,9,1,0
910,1754,415,234,169,306,9,1,0
911,1754,415,234,169,306,9,1,0
912,1754,415,235,169,306,9,1,0
913,1754,415,235,169,306,9,1,0
914,1754,415,235,169,306,9,1,0
915,1754,415,235,169,306,9,1,0
916,1754,415,235,169,306,9,1,0
917,1754,415,235,169,306,9,1,0
918,1754,415,235,169,306,9,1,0
919,1754,415,235,169,306,9,1,0
920,1754,415,234,169,306,9,1,0
921,1754,415,234,169,306,9,1,0
922,1754,415,234,169,306,9,1,0
923,1754,415,234,169,306,9,1,0
924,1754,415,234,169,306,9,1,0
925,1754,415,234,169,306,9,1,0
926,1754,415,234,169,306,9,1,0
927,1754,415,234,169,306,9,1,0
928,1754,415,234,169,306,9,1,0
929,1754,415,234,169,306,9,1,0
930,1754,415,234,169,306,9,1,0
931,1755,415,234,169,306,9,1,0
932,1754,415,234,169,306,9,1,0
933,1754,415,234,169,306,9,1,0
934,1754,415,234,169,306,9,1,0
935,1754,415,234,169,306,9,1,0
936,1754,415,234,169,306,9,1,0
937,1755,416,233,168,306,9,1,0
938,1755,416,233,168,306,9,1,0
939,1755,416,233,168,306,9,1,0
940,1756,416,232,168,306,9,1,0
941,1756,416,232,168,306,9,1,0
942,1756,416,232,168,306,9,1,0
943,1756,416,232,168,306,9,1,0
944,1756,416,232,168,306,9,1,0
945,1756,416,232,168,306,9,1,0
946,1756,416,233,168,306,9,1,0
947,1756,416,232,168,306,9,1,0
948,1755,415,233,169,306,9,1,0
949,1756,416,233,169,306,9,1,0
950,1756,416,233,169,306,9,1,0
951,1755,416,233,169,306,9,1,0
952,1755,416,233,169,306,9,1,0
953,1755,416,233,169,306,9,1,0
954,1755,416,233,169,306,9,1,0
955,1755,416,233,169,306,9,1,0
956,1755,416,233,169,306,9,1,0
957,1755,416,233,168,306,9,1,0
958,1755,416,233,168,306,9,1,0
959,1755,416,233,168,306,9,1,0
960,1755,416,233,168,306,9,1,0
961,1756,416,233,168,306,9,1,0
962,1756,416,232,168,306,9,1,0
963,1756,416,232,169,306,9,1,0
964,1754,416,234,169,306,9,1,0
965,1754,416,234,169,306,9,1,0
966,1754,416,234,169,306,9,1,0
967,1754,416,234,168,306,9,1,0
968,1755,416,234,169,306,9,1,0
969,1755,416,234,169,306,9,1,0
970,1755,416,233,169,306,9,1,0
971,1756,416,232,169,306,9,1,0
972,1756,416,232,168,306,9,1,0
973,1756,416,232,168,306,9,1,0
974,1756,416,232,168,306,9,1,0
975,1756,416,232,168,306,9,1,0
976,1756,416,232,168,306,9,1,0
977,1756,416,232,168,306,9,1,0
978,1756,416,232,168,306,9,1,0
979,1756,416,232,168,306,9,1,0
980,1756,416,232,168,306,9,1,0
981,1756,416,232,168,306,9,1,0
982,1756,416,232,168,306,9,1,0
983,1756,416,232,168,306,9,1,0
984,1756,415,233,169,306,9,1,0
985,1756,415,233,169,306,9,1,0
986,1755,416,233,169,306,9,1,0
987,1755,416,233,169,306,9,1,0
988,1755,416,233,169,306,9,1,0
989,1755,416,233,169,306,9,1,0
990,1755,416,233,169,306,9,1,0
991,1755,416,233,169,306,9,1,0
992,1755,416,233,169,306,9,1,0
993,1755,416,233,169,306,9,1,0
994,1757,416,232,168,306,9,1,0
995,1757,416,232,168,306,9,1,0
996,1756,415,232,169,306,9,1,0
997,1756,415,232,169,306,9,1,0
998,1756,415,232,169,306,9,1,0
999,1756,415,232,169,306,9,1,0
1000,1756,415,232,169,306,9,1,0
1001,1756,415,232,169,306,9,1,0
1002,1756,415,232,169,306,9,1,0
1003,1756,415,232,169,306,9,1,0
1004,1756,416,232,169,306,9,1,0
1005,1756,415,232,169,306,9,1,0
1006,1756,415,232,169,306,9,1,0
1007,1756,415,232,169,306,9,1,0
1008,1755,416,233,168,306,9,1,0
1009,1755,416,233,168,306,9,1,0
1010,1755,416,233,169,306,9,1,0
1011,1755,416,233,169,306,9,1,0
1012,1755,416,233,168,306,9,1,0
1013,1755,416,233,169,306,9,1,0
1014,1755,416,233,168,306,9,1,0
1015,1755,416,233,169,306,9,1,0
1016,1755,416,233,169,306,9,1,0
1017,1755,416,233,169,306,9,1,0
1018,1755,416,233,169,306,9,1,0
1019,1755,416,233,169,306,9,1,0
1020,1755,415,233,169,306,9,1,0
1021,1755,416,233,169,306,9,1,0
1022,1755,416,233,169,306,9,1,0
1023,1755,416,233,169,306,9,1,0
1024,1755,416,233,169,306,9,1,0
1025,1755,416,233,169,306,9,1,0
1026,1755,416,233,169,306,9,1,0
1027,1755,416,233,169,306,9,1,0
1028,1755,416,233,169,306,9,1,0
1029,1755,416,233,169,306,9,1,0
1030,1755,416,233,169,306,9,1,0
1031,1755,416,233,169,306,9,1,0
1032,1755,416,233,168,306,9,1,0
1033,1755,416,233,169,306,9,1,0
1034,1755,416,233,169,306,9,1,0
1035,1755,416,233,169,306,9,1,0
1036,1755,416,233,169,306,9,1,0
1037,1755,416,233,169,306,9,1,0
1038,1755,416,233,169,306,9,1,0
1039,1755,416,233,169,306,9,1,0
1040,1755,416,233,169,306,9,1,0
1041,1755,416,233,168,306,9,1,0
1042,1755,416,233,168,306,9,1,0
1043,1755,416,233,168,306,9,1,0
1044,1754,416,233,169,306,9,1,0
1045,1754,416,233,169,306,9,1,0
1046,1754,416,234,169,306,9,1,0
1047,1754,416,234,169,306,9,1,0
1048,1754,416,233,169,306,9,1,0
1049,1754,416,233,169,306,9,1,0
1050,1754,416,233,169,306,9,1,0
1051,1754,416,233,169,306,9,1,0
1052,1754,416,234,169,306,9,1,0
1053,1754,416,233,169,306,9,1,0
1054,1754,416,233,169,306,9,1,0
1055,1754,416,234,169,306,9,1,0
1056,1754,416,233,169,306,9,1,0
1057,1754,416,233,169,306,9,1,0
1058,1754,416,233,169,306,9,1,0
1059,1754,416,233,169,306,9,1,0
1060,1754,416,233,169,306,9,1,0
1061,1755,416,233,169,306,9,1,0
1062,1755,416,233,169,306,9,1,0
1063,1755,416,233,169,306,9,1,0
1064,1755,416,233,169,306,9,1,0
1065,1754,416,234,169,306,9,1,0
1066,1754,416,234,169,306,9,1,0
1067,1754,416,234,169,306,9,1,0
1068,1755,416,233,169,306,9,1,0
1069,1755,416,233,169,306,9,1,0
1070,1755,416,233,169,306,9,1,0
1071,1755,416,233,168,306,9,1,0
1072,1755,416,233,168,306,9,1,0
1073,1755,416,233,168,306,9,1,0
1074,1756,416,232,168,306,9,1,0
1075,1756,416,232,168,306,9,1,0
1076,1756,416,232,168,306,9,1,0
1077,1756,416,232,168,306,9,1,0
1078,1756,416,232,168,306,9,1,0
1079,1756,416,232,168,306,9,1,0
1080,1756,416,232,168,306,9,1,0
1081,1756,416,232,168,306,9,1,0
1082,1756,416,232,168,306,9,1,0
1083,1756,416,232,168,306,9,1,0
1084,1756,416,232,168,306,9,1,0
1085,1756,416,232,168,306,9,1,0
1086,1757,416,231,169,306,9,1,0
1087,1757,416,231,169,306,9,1,0
1088,1757,416,231,168,306,9,1,0
1089,1757,416,231,168,306,9,1,0
1090,1757,416,231,168,306,9,1,0
1091,1757,416,231,168,306,9,1,0
1092,1757,416,231,169,306,9,1,0
1093,1757,416,231,169,306,9,1,0
1094,1757,416,231,168,306,9,1,0
1095,1757,416,231,168,306,9,1,0
1096,1756,416,232,168,306,9,1,0
1097,1756,416,232,168,306,9,1,0
1098,1756,416,232,168,306,9,1,0
1099,1756,416,232,168,306,9,1,0
1100,1756,416,232,168,306,9,1,0
1101,1756,416,232,168,306,9,1,0
1102,1756,416,232,168,306,9,1,0
1103,1756,416,232,168,306,9,1,0
1104,1755,416,233,168,306,9,1,0
1105,1755,416,233,168,306,9,1,0
1106,1756,416,232,168,306,9,1,0
1107,1756,416,232,168,306,9,1,0
1108,1756,416,232,168,306,9,1,0
1109,1756,416,232,168,306,9,1,0
1110,1756,416,232,168,306,9,1,0
1111,1756,416,232,168,306,9,1,0
1112,1756,416,232,168,306,9,1,0
1113,1756,416,232,168,306,9,1,0
1114,1756,416,232,168,306,9,1,0
1115,1756,416,232,168,306,9,1,0
1116,1757,416,231,169,306,9,1,0
1117,1757,416,231,169,306,9,1,0
1118,1757,416,231,169,306,9,1,0
1119,1757,416,231,169,306,9,1,0
1120,1757,416,231,168,306,9,1,0
1121,1757,416,231,168,306,9,1,0
1122,1757,416,231,168,306,9,1,0
1123,1757,416,231,168,306,9,1,0
1124,1757,416,231,168,306,9,1,0
1125,1758,416,231,168,306,9,1,0
1126,1758,416,231,168,306,9,1,0
1127,1758,416,231,168,306,9,1,0
1128,1757,416,231,168,306,9,1,0
1129,1757,416,231,168,306,9,1,0
1130,1757,416,231,168,306,9,1,0
1131,1756,416,232,168,306,9,1,0
1132,1756,416,232,168,306,9,1,0
1133,1756,416,232,168,306,9,1,0
1134,1756,416,232,168,306,9,1,0
1135,1756,416,232,168,306,9,1,0
1136,1756,416,233,169,306,9,1,0
1137,1755,416,233,168,306,9,1,0
1138,1756,416,233,169,306,9,1,0
1139,1755,416,233,168,306,9,1,0
1140,1755,415,233,169,306,9,1,0
1141,1755,415,233,169,306,9,1,0
1142,1755,415,233,169,306,9,1,0
1143,1755,415,233,169,306,9,1,0
1144,1755,415,233,169,306,9,1,0
1145,1755,415,233,169,306,9,1,0
1146,1755,416,233,168,306,9,1,0
1147,1755,416,233,168,306,9,1,0
1148,1755,416,233,168,306,9,1,0
1149,1755,416,233,168,306,9,1,0
1150,1755,416,233,168,306,9,1,0
1151,1755,416,233,168,306,9,1,0
1152,1755,416,233,168,306,9,1,0
1153,1755,416,233,168,306,9,1,0
1154,1755,416,233,168,306,9,1,0
1155,1755,416,233,168,306,9,1,0
1156,1756,416,233,168,306,9,1,0
1157,1755,416,233,168,306,9,1,0
1158,1755,416,233,168,306,9,1,0
1159,1755,416,233,168,306,9,1,0
1160,1755,416,233,168,306,9,1,0
1161,1755,416,233,168,306,9,1,0
1162,1755,416,233,168,306,9,1,0
1163,1755,416,233,168,306,9,1,0
1164,1756,416,233,169,306,9,1,0
1165,1756,416,233,169,306,9,1,0
1166,1756,416,232,168,306,9,1,0
1167,1756,416,232,168,306,9,1,0
1168,1756,416,232,168,306,9,1,0
1169,1756,416,232,168,306,9,1,0
1170,1756,416,232,168,306,9,1,0
1171,1756,416,232,168,306,9,1,0
1172,1756,416,232,168,306,9,1,0
1173,1756,416,232,168,306,9,1,0
1174,1756,416,232,168,306,9,1,0
1175,1756,416,232,168,306,9,1,0
1176,1758,416,230,168,306,9,1,0
1177,1758,416,230,168,306,9,1,0
1178,1758,416,230,168,306,9,1,0
1179,1758,416,230,168,306,9,1,0
1180,1758,416,230,168,306,9,1,0
1181,1758,416,230,168,306,9,1,0
1182,1758,416,230,168,306,9,1,0
1183,1758,416,230,168,306,9,1,0
1184,1758,416,230,168,306,9,1,0
1185,1758,416,231,168,306,9,1,0
1186,1758,416,231,168,306,9,1,0
1187,1757,416,231,168,306,9,1,0
1188,1757,416,231,168,306,9,1,0
1189,1757,416,231,168,306,9,1,0
1190,1757,416,231,168,306,9,1,0
1191,1757,416,231,168,306,9,1,0
1192,1757,416,231,168,306,9,1,0
1193,1757,416,231,168,306,9,1,0
1194,1757,416,231,168,306,9,1,0
1195,1757,416,231,168,306,9,1,0
1196,1757,416,231,168,306,9,1,0
1197,1757,416,231,168,306,9,1,0
1198,1757,416,231,168,306,9,1,0
1199,1757,416,231,168,306,9,1,0
1200,1757,416,231,168,306,9,1,0
1201,1757,416,231,168,306,9,1,0
1202,1757,416,231,168,306,9,1,0
1203,1756,416,232,168,306,9,1,0
1204,1756,416,232,168,306,9,1,0
1205,1756,416,232,168,306,9,1,0
1206,1756,416,232,168,306,9,1,0
1207,1756,416,232,168,306,9,1,0
1208,1756,416,232,168,306,9,1,0
1209,1756,416,232,168,306,9,1,0
1210,1756,416,232,168,306,9,1,0
1211,1756,416,232,168,306,9,1,0
1212,1757,416,232,168,306,9,1,0
1213,1757,416,231,168,306,9,1,0
1214,1757,416,231,168,306,9,1,0
1215,1757,416,231,168,306,9,1,0
1216,1757,416,231,168,306,9,1,0
1217,1757,416,231,168,306,9,1,0
1218,1757,416,231,168,306,9,1,0
1219,1757,416,231,168,306,9,1,0
1220,1757,416,231,168,306,9,1,0
1221,1757,416,231,168,306,9,1,0
1222,1757,416,231,168,306,9,1,0
1223,1757,416,232,168,306,9,1,0
1224,1758,416,230,168,306,9,1,0
1225,1758,416,230,168,306,9,1,0
1226,1758,416,230,168,306,9,1,0
1227,1758,416,230,168,306,9,1,0
1228,1758,416,230,168,306,9,1,0
1229,1758,416,230,168,306,9,1,0
1230,1758,416,230,168,306,9,1,0
1231,1758,416,230,168,306,9,1,0
1232,1758,416,230,168,306,9,1,0
1233,1757,416,231,168,306,9,1,0
1234,1757,416,231,168,306,9,1,0
1235,1757,416,231,168,306,9,1,0
1236,1757,416,232,168,306,9,1,0
1237,1757,416,232,168,306,9,1,0
1238,1757,416,232,168,306,9,1,0
1239,1757,416,232,168,306,9,1,0
1240,1757,416,232,168,306,9,1,0
1241,1756,416,232,168,306,9,1,0
1242,1756,416,232,168,306,9,1,0
1243,1756,416,232,168,306,9,1,0
1244,1756,416,232,168,306,9,1,0
1245,1756,416,232,168,306,9,1,0
1246,1756,416,232,168,306,9,1,0
1247,1756,416,232,168,306,9,1,0
1248,1756,416,232,168,306,9,1,0
1249,1756,416,232,168,306,9,1,0
1250,1756,416,232,168,306,9,1,0
1251,1756,416,232,168,306,9,1,0
1252,1756,416,232,168,306,9,1,0
1253,1756,416,232,168,306,9,1,0
1254,1756,416,232,168,306,9,1,0
1255,1756,416,232,168,306,9,1,0
1256,1756,416,232,168,306,9,1,0
1257,1756,416,232,168,306,9,1,0
1258,1756,416,233,168,306,9,1,0
1259,1756,416,233,168,306,9,1,0
1260,1755,416,233,169,306,9,1,0
1261,1755,416,233,169,306,9,1,0
1262,1755,416,233,169,306,9,1,0
1263,1755,416,233,169,306,9,1,0
1264,1755,416,233,169,306,9,1,0
1265,1755,416,233,169,306,9,1,0
1266,1755,416,233,169,306,9,1,0
1267,1758,416,231,169,306,9,1,0
1268,1758,416,231,168,306,9,1,0
1269,1758,416,231,169,306,9,1,0
1270,1758,416,231,169,306,9,1,0
1271,1758,416,231,169,306,9,1,0
1272,1756,416,232,168,306,9,1,0
1273,1756,416,232,168,306,9,1,0
1274,1756,416,232,168,306,9,1,0
1275,1756,416,232,168,306,9,1,0
1276,1756,416,232,168,306,9,1,0
1277,1756,416,232,168,306,9,1,0
1278,1756,416,232,168,306,9,1,0
1279,1756,416,232,168,306,9,1,0
1280,1756,416,232,168,306,9,1,0
1281,1756,416,232,168,306,9,1,0
1282,1756,416,232,168,306,9,1,0
1283,1756,416,232,168,306,9,1,0
1284,1756,416,232,168,306,9,1,0
1285,1756,416,232,168,306,9,1,0
1286,1756,416,232,168,306,9,1,0
1287,1756,416,232,168,306,9,1,0
1288,1756,416,232,168,306,9,1,0
1289,1756,416,232,168,306,9,1,0
1290,1756,416,232,168,306,9,1,0
1291,1756,416,232,168,306,9,1,0
1292,1756,416,232,168,306,9,1,0
1293,1756,416,232,168,306,9,1,0
1294,1756,416,232,168,306,9,1,0
1295,1756,416,232,168,306,9,1,0
1296,1756,416,232,168,306,9,1,0
1297,1756,416,232,168,306,9,1,0
1298,1756,416,232,168,306,9,1,0
1299,1756,416,232,168,306,9,1,0
1300,1756,416,232,168,306,9,1,0
1301,1756,416,232,168,306,9,1,0
1302,1756,416,232,168,306,9,1,0
1303,1756,416,232,168,306,9,1,0
1304,1756,416,232,168,306,9,1,0
1305,1756,416,232,168,306,9,1,0
1306,1756,416,232,168,306,9,1,0
1307,1756,416,232,168,306,9,1,0
1308,1756,416,232,168,306,9,1,0
1309,1756,416,232,168,306,9,1,0
1310,1756,416,232,168,306,9,1,0
1311,1756,416,232,168,306,9,1,0
1312,1756,416,232,168,306,9,1,0
1313,1758,416,231,169,306,9,1,0
1314,1758,416,231,169,306,9,1,0
1315,1757,416,231,169,306,9,1,0
1316,1757,416,231,169,306,9,1,0
1317,1757,416,231,168,306,9,1,0
1318,1757,416,231,169,306,9,1,0
1319,1757,416,231,168,306,9,1,0
1320,1758,416,230,169,306,9,1,0
1321,1758,416,230,168,306,9,1,0
1322,1758,416,230,168,306,9,1,0
1323,1757,416,231,168,306,9,1,0
1324,1757,416,231,168,306,9,1,0
1325,1757,416,231,168,306,9,1,0
1326,1757,416,231,168,306,9,1,0
1327,1757,416,231,168,306,9,1,0
1328,1757,416,231,168,306,9,1,0
1329,1757,416,231,168,306,9,1,0
1330,1757,416,231,168,306,9,1,0
1331,1757,416,231,168,306,9,1,0
1332,1757,416,232,168,306,9,1,0
1333,1756,416,232,168,306,9,1,0
1334,1756,416,232,168,306,9,1,0
1335,1757,416,231,167,306,9,1,0
1336,1757,416,231,167,306,9,1,0
1337,1757,416,231,167,306,9,1,0
1338,1757,417,231,167,306,9,1,0
1339,1757,416,231,168,306,9,1,0
1340,1757,416,231,167,306,9,1,0
1341,1757,416,231,168,306,9,1,0
1342,1757,416,231,168,306,9,1,0
1343,1758,416,231,168,306,9,1,0
1344,1756,416,232,169,306,9,1,0
1345,1756,416,232,169,306,9,1,0
1346,1756,416,232,169,306,9,1,0
1347,1756,416,232,169,306,9,1,0
1348,1756,416,232,169,306,9,1,0
1349,1756,416,232,169,306,9,1,0
1350,1756,416,232,169,306,9,1,0
1351,1756,416,232,169,306,9,1,0
1352,1756,416,232,169,306,9,1,0
1353,1758,416,230,168,306,9,1,0
1354,1757,416,231,168,306,9,1,0
1355,1757,416,231,168,306,9,1,0
1356,1757,416,231,168,306,9,1,0
1357,1757,416,231,168,306,9,1,0
1358,1757,416,231,168,306,9,1,0
1359,1757,416,231,168,306,9,1,0
1360,1757,416,231,168,306,9,1,0
1361,1757,416,231,168,306,9,1,0
1362,1757,416,231,168,306,9,1,0
1363,1757,416,231,168,306,9,1,0
1364,1757,416,231,168,306,9,1,0
1365,1757,416,231,168,306,9,1,0
1366,1757,416,231,168,306,9,1,0
1367,1757,416,231,168,306,9,1,0
1368,1757,416,231,168,306,9,1,0
1369,1757,416,231,168,306,9,1,0
1370,1757,416,231,168,306,9,1,0
1371,1757,416,231,168,306,9,1,0
1372,1757,416,231,168,306,9,1,0
1373,1757,416,231,168,306,9,1,0
1374,1757,416,231,168,306,9,1,0
1375,1757,416,231,168,306,9,1,0
1376,1757,416,231,168,306,9,1,0
1377,1757,416,231,168,306,9,1,0
1378,1757,416,231,168,306,9,1,0
1379,1757,416,231,168,306,9,1,0
1380,1757,416,231,168,306,9,1,0
1381,1757,416,231,168,306,9,1,0
1382,1757,416,231,168,306,9,1,0
1383,1757,416,231,168,306,9,1,0
1384,1757,416,231,168,306,9,1,0
1385,1757,416,231,168,306,9,1,0
1386,1757,416,231,168,306,9,1,0
1387,1757,416,231,168,306,9,1,0
1388,1757,416,231,168,306,9,1,0
1389,1757,416,231,168,306,9,1,0
1390,1757,416,231,168,306,9,1,0
1391,1757,416,231,168,306,9,1,0
1392,1757,416,230,168,306,9,1,0
1393,1757,416,230,168,306,9,1,0
1394,1757,416,230,168,306,9,1,0
1395,1757,416,231,168,306,9,1,0
1396,1757,416,231,168,306,9,1,0
1397,1757,416,231,168,306,9,1,0
1398,1757,416,231,168,306,9,1,0
1399,1757,416,231,168,306,9,1,0
1400,1757,416,231,168,306,9,1,0
1401,1757,416,231,168,306,9,1,0
1402,1757,416,231,168,306,9,1,0
1403,1757,416,231,168,306,9,1,0
1404,1757,416,231,168,306,9,1,0
1405,1757,416,231,168,306,9,1,0
1406,1757,416,231,168,306,9,1,0
1407,1757,416,231,168,306,9,1,0
1408,1757,416,231,168,306,9,1,0
1409,1757,416,231,168,306,9,1,0
1410,1757,416,231,168,306,9,1,0
1411,1757,416,231,168,306,9,1,0
1412,1757,416,231,168,306,9,1,0
1413,1757,416,231,168,306,9,1,0
1414,1757,416,231,168,306,9,1,0
1415,1757,416,231,168,306,9,1,0
1416,1757,416,231,168,306,9,1,0
1417,1757,416,231,168,306,9,1,0
1418,1757,416,231,168,306,9,1,0
1419,1757,416,231,168,306,9,1,0
1420,1757,416,231,168,306,9,1,0
1421,1757,416,231,168,306,9,1,0
1422,1757,416,231,168,306,9,1,0
1423,1757,416,231,168,306,9,1,0
1424,1757,416,231,168,306,9,1,0
1425,1757,416,231,168,306,9,1,0
1426,1757,416,231,168,306,9,1,0
1427,1757,416,231,168,306,9,1,0
1428,1757,416,231,168,306,9,1,0
1429,1757,416,231,168,306,9,1,0
1430,1757,416,231,168,306,9,1,0
1431,1757,416,231,168,306,9,1,0
1432,1757,416,232,168,306,9,1,0
1433,1757,416,231,168,306,9,1,0
1434,1757,416,231,168,306,9,1,0
1435,1757,416,231,168,306,9,1,0
1436,1757,416,231,168,306,9,1,0
1437,1757,416,231,168,306,9,1,0
1438,1757,416,231,168,306,9,1,0
1439,1757,416,231,168,306,9,1,0
1440,1757,416,231,168,306,9,1,0
1441,1757,416,231,168,306,9,1,0
1442,1757,416,231,168,306,9,1,0
1443,1757,416,231,168,306,9,1,0
1444,1757,416,231,168,306,9,1,0
1445,1757,416,231,168,306,9,1,0
1446,1757,416,231,168,306,9,1,0
1447,1757,416,231,168,306,9,1,0
1448,1757,416,231,168,306,9,1,0
1449,1757,416,231,168,306,9,1,0
1450,1757,416,231,168,306,9,1,0
1451,1757,416,231,168,306,9,1,0
1452,1756,416,233,168,306,9,1,0
1453,1756,416,233,168,306,9,1,0
1454,1756,416,233,168,306,9,1,0
1455,1756,416,233,168,306,9,1,0
1456,1756,416,233,168,306,9,1,0
1457,1756,416,233,168,306,9,1,0
1458,1756,416,233,168,306,9,1,0
1459,1756,416,233,168,306,9,1,0
1460,1756,416,233,168,306,9,1,0
1461,1756,416,233,168,306,9,1,0
1462,1756,416,233,168,306,9,1,0
1463,1756,416,233,168,306,9,1,0
1464,1757,416,232,168,306,9,1,0
1465,1756,416,232,168,306,9,1,0
1466,1757,416,232,168,306,9,1,0
1467,1757,416,232,168,306,9,1,0
1468,1756,416,232,168,306,9,1,0
1469,1756,416,233,169,306,9,1,0
1470,1757,416,231,168,306,9,1,0
1471,1757,416,231,168,306,9,1,0
1472,1757,416,231,168,306,9,1,0
1473,1757,416,231,168,306,9,1,0
1474,1757,416,231,168,306,9,1,0
1475,1757,416,231,168,306,9,1,0
1476,1757,416,231,168,306,9,1,0
1477,1757,416,231,168,306,9,1,0
1478,1757,416,231,168,306,9,1,0
1479,1757,416,231,168,306,9,1,0
1480,1757,416,231,168,306,9,1,0
1481,1757,416,231,168,306,9,1,0
1482,1757,416,231,168,306,9,1,0
1483,1757,416,231,168,306,9,1,0
1484,1757,416,231,168,306,9,1,0
1485,1757,416,231,168,306,9,1,0
1486,1757,416,231,168,306,9,1,0
1487,1758,416,231,168,306,9,1,0
1488,1757,416,232,168,306,9,1,0
1489,1757,416,232,168,306,9,1,0
1490,1757,416,232,169,306,9,1,0
1491,1757,416,232,169,306,9,1,0
1492,1757,416,232,169,306,9,1,0
1493,1757,416,231,169,306,9,1,0
1494,1757,416,231,169,306,9,1,0
1495,1757,416,231,169,306,9,1,0
1496,1757,416,231,169,306,9,1,0
1497,1757,416,231,169,306,9,1,0
1498,1757,416,231,169,306,9,1,0
1499,1757,416,231,168,306,9,1,0
1500,1755,416,233,168,306,9,1,0
1501,1755,416,233,168,306,9,1,0
1502,1755,416,233,168,306,9,1,0
1503,1755,416,233,168,306,9,1,0
1504,1755,416,233,168,306,9,1,0
1505,1755,416,233,168,306,9,1,0
1506,1755,416,233,168,306,9,1,0
1507,1755,416,233,168,306,9,1,0
1508,1755,416,233,168,306,9,1,0
1509,1755,416,233,168,306,9,1,0
1510,1755,416,233,169,306,9,1,0
1511,1755,416,233,169,306,9,1,0
1512,1757,416,231,169,306,9,1,0
1513,1757,416,231,169,306,9,1,0
1514,1757,416,231,169,306,9,1,0
1515,1757,416,231,169,306,9,1,0
1516,1757,416,231,169,306,9,1,0
1517,1757,416,231,169,306,9,1,0
1518,1757,416,231,169,306,9,1,0
1519,1757,416,231,169,306,9,1,0
1520,1757,416,232,169,306,9,1,0
1521,1757,416,231,169,306,9,1,0
1522,1757,416,231,169,306,9,1,0
1523,1757,416,231,169,306,9,1,0
1524,1757,416,231,168,306,9,1,0
1525,1757,416,231,168,306,9,1,0
1526,1757,416,231,168,306,9,1,0
1527,1757,416,231,168,306,9,1,0
1528,1757,416,231,168,306,9,1,0
1529,1757,416,231,168,306,9,1,0
1530,1756,416,232,169,306,9,1,0
1531,1756,416,232,169,306,9,1,0
1532,1756,416,232,169,306,9,1,0
1533,1756,416,232,169,306,9,1,0
1534,1756,416,232,169,306,9,1,0
1535,1756,416,232,169,306,9,1,0
1536,1757,416,232,168,306,9,1,0
1537,1757,416,232,168,306,9,1,0
1538,1757,416,232,168,306,9,1,0
1539,1757,416,232,168,306,9,1,0
1540,1757,416,232,168,306,9,1,0
1541,1757,417,232,168,306,9,1,0
1542,1757,416,231,168,306,9,1,0
1543,1757,416,231,168,306,9,1,0
1544,1757,416,232,168,306,9,1,0
1545,1757,417,231,168,306,9,1,0
1546,1757,417,231,168,306,9,1,0
1547,1757,417,231,168,306,9,1,0
1548,1757,416,233,169,306,9,1,0
1549,1756,417,232,168,306,9,1,0
1550,1756,417,232,168,306,9,1,0
1551,1757,417,231,168,306,9,1,0
1552,1757,417,231,168,306,9,1,0
1553,1757,416,232,169,306,9,1,0
1554,1757,416,231,168,306,9,1,0
1555,1757,416,232,168,306,9,1,0
1556,1757,417,232,168,306,9,1,0
1557,1757,417,232,168,306,9,1,0
1558,1757,416,231,169,306,9,1,0
1559,1757,415,232,169,306,9,1,0
1560,1757,416,232,169,306,9,1,0
1561,1757,416,232,169,306,9,1,0
1562,1757,416,232,169,306,9,1,0
1563,1757,416,232,169,306,9,1,0
1564,1757,416,232,169,306,9,1,0
1565,1757,415,232,170,306,9,1,0
1566,1756,416,232,169,306,9,1,0
1567,1756,416,232,169,306,9,1,0
1568,1756,417,233,168,306,9,1,0
1569,1757,417,232,168,306,9,1,0
1570,1755,417,233,167,306,9,1,0
1571,1756,417,232,167,306,9,1,0
1572,1758,416,230,168,306,9,1,0
1573,1758,417,230,168,306,9,1,0
1574,1756,416,232,168,306,9,1,0
1575,1755,416,233,168,306,9,1,0
1576,1756,416,232,168,306,9,1,0
1577,1757,416,232,168,306,9,1,0
1578,1759,416,229,168,306,9,1,0
1579,1758,416,230,168,306,9,1,0
1580,1758,416,230,168,306,9,1,0
1581,1758,416,231,168,306,9,1,0
1582,1758,416,230,168,306,9,1,0
1583,1758,416,230,168,306,9,1,0
1584,1758,416,231,168,306,9,1,0
1585,1757,416,231,168,306,9,1,0
1586,1757,416,231,168,306,9,1,0
1587,1757,416,231,168,306,9,1,0
1588,1757,416,231,168,306,9,1,0
1589,1757,416,231,168,306,9,1,0
1590,1757,416,231,168,306,9,1,0
1591,1757,416,231,168,306,9,1,0
1592,1757,416,231,168,306,9,1,0
1593,1757,416,231,168,306,9,1,0
1594,1757,416,231,168,306,9,1,0
1595,1757,416,231,168,306,9,1,0
1596,1756,416,232,168,306,9,1,0
1597,1756,416,232,168,306,9,1,0
1598,1756,416,232,168,306,9,1,0
1599,1756,416,232,168,306,9,1,0
1600,1757,416,231,168,306,9,1,0
1601,1757,416,231,168,306,9,1,0
1602,1757,416,231,168,306,9,1,0
1603,1756,416,232,168,306,9,1,0
1604,1756,417,232,168,306,9,1,0
1605,1757,416,231,168,306,9,1,0
1606,1757,416,232,168,306,9,1,0
1607,1757,416,231,168,306,9,1,0
1608,1758,416,230,168,306,9,1,0
1609,1758,416,230,168,306,9,1,0
1610,1758,416,230,168,306,9,1,0
1611,1758,416,230,168,306,9,1,0
1612,1758,416,230,168,306,9,1,0
1613,1758,416,230,168,306,9,1,0
1614,1758,416,230,168,306,9,1,0
1615,1758,416,230,168,306,9,1,0
1616,1758,416,230,168,306,9,1,0
1617,1758,416,230,168,306,9,1,0
1618,1758,416,230,168,306,9,1,0
1619,1758,416,230,168,306,9,1,0
1620,1758,416,231,168,306,9,1,0
1621,1758,416,230,168,306,9,1,0
1622,1758,416,230,168,306,9,1,0
1623,1758,416,230,168,306,9,1,0
1624,1758,416,230,168,306,9,1,0
1625,1758,416,230,168,306,9,1,0
1626,1758,416,230,168,306,9,1,0
1627,1758,416,230,168,306,9,1,0
1628,1758,416,230,168,306,9,1,0
1629,1758,416,230,168,306,9,1,0
1630,1758,417,230,168,306,9,1,0
1631,1758,417,231,168,306,9,1,0
1632,1758,416,231,168,306,9,1,0
1633,1758,416,230,168,306,9,1,0
1634,1758,416,230,168,306,9,1,0
1635,1758,416,230,168,306,9,1,0
1636,1758,416,230,168,306,9,1,0
1637,1758,416,230,168,306,9,1,0
1638,1758,416,230,168,306,9,1,0
1639,1758,417,231,168,306,9,1,0
1640,1758,416,231,168,306,9,1,0
1641,1757,416,231,168,306,9,1,0
1642,1757,416,231,168,306,9,1,0
1643,1757,416,231,168,306,9,1,0
1644,1758,416,230,168,306,9,1,0
1645,1758,416,230,168,306,9,1,0
1646,1763,416,225,168,306,9,1,0
1647,1761,416,228,168,306,9,1,0
1648,1759,416,229,168,306,9,1,0
1649,1759,416,230,168,306,9,1,0
1650,1758,416,231,168,306,9,1,0
1651,1759,416,229,168,306,9,1,0
1652,1759,416,230,168,306,9,1,0
1653,1759,416,230,168,306,9,1,0
1654,1758,416,231,168,306,9,1,0
1655,1757,416,232,167,306,9,1,0
1656,1757,416,231,168,306,9,1,0
1657,1757,416,231,168,306,9,1,0
1658,1757,416,232,167,306,9,1,0
1659,1757,417,232,168,306,9,1,0
1660,1757,416,231,166,306,9,1,0
1661,1757,416,232,163,306,9,1,1
1662,1757,416,231,163,306,9,1,0
1663,1757,416,232,165,306,9,1,0
1664,1757,416,231,167,306,9,1,0
1665,1757,416,231,168,306,9,1,0
1666,1757,416,231,168,306,9,1,0
1667,1757,416,232,168,306,9,1,0
1668,1757,416,232,168,306,9,1,0
1669,1757,416,232,168,306,9,1,0
1670,1757,416,232,168,306,9,1,0
1671,1757,416,232,168,306,9,1,0
1672,1757,416,232,168,306,9,1,0
1673,1757,416,231,168,306,9,1,0
1674,1757,416,231,168,306,9,1,0
1675,1757,416,231,168,306,9,1,0
1676,1757,416,232,168,306,9,1,0
1677,1757,416,231,168,306,9,1,0
1678,1758,416,230,168,306,9,1,0
1679,1758,416,231,168,306,9,1,0
1680,1757,417,231,167,306,9,1,0
1681,1757,417,231,167,306,9,1,0
1682,1757,417,231,168,306,9,1,0
1683,1757,417,231,168,306,9,1,0
1684,1758,417,231,167,306,9,1,0
1685,1758,417,231,167,306,9,1,0
1686,1758,417,231,168,306,9,1,0
1687,1757,417,231,168,306,9,1,0
1688,1757,417,231,168,306,9,1,0
1689,1757,417,231,167,306,9,1,0
1690,1757,417,231,167,306,9,1,0
1691,1757,417,231,167,306,9,1,0
1692,1758,417,231,167,306,9,1,0
1693,1758,417,231,167,306,9,1,0
1694,1757,417,231,168,306,9,1,0
1695,1757,417,231,168,306,9,1,0
1696,1757,417,231,168,306,9,1,0
1697,1757,417,232,168,306,9,1,0
1698,1757,417,232,168,306,9,1,0
1699,1758,417,231,167,306,9,1,0
1700,1758,417,231,167,306,9,1,0
1701,1758,417,231,167,306,9,1,0
1702,1758,417,230,167,306,9,1,0
1703,1758,417,231,167,306,9,1,0
1704,1757,416,231,168,306,9,1,0
1705,1757,416,231,168,306,9,1,0
1706,1757,416,231,168,306,9,1,0
1707,1757,416,231,168,306,9,1,0
1708,1757,416,231,168,306,9,1,0
1709,1757,416,231,168,306,9,1,0
1710,1757,416,231,168,306,9,1,0
1711,1757,416,231,168,306,9,1,0
1712,1757,416,231,168,306,9,1,0
1713,1757,416,231,168,306,9,1,0
1714,1757,416,231,168,306,9,1,0
1715,1757,416,231,168,306,9,1,0
1716,1757,416,231,168,306,9,1,0
1717,1757,416,231,168,306,9,1,0
1718,1757,416,231,168,306,9,1,0
1719,1757,416,231,167,306,9,1,0
1720,1757,416,231,168,306,9,1,0
1721,1757,416,231,168,306,9,1,0
1722,1757,416,231,167,306,9,1,0
1723,1757,417,231,167,306,9,1,0
1724,1757,417,232,167,306,9,1,0
1725,1757,417,231,167,306,9,1,0
1726,1757,417,231,167,306,9,1,0
1727,1757,416,231,168,306,9,1,0
1728,1757,416,231,168,306,9,1,0
1729,1757,416,231,168,306,9,1,0
1730,1757,416,231,168,306,9,1,0
1731,1757,416,231,168,306,9,1,0
1732,1757,416,231,168,306,9,1,0
1733,1757,416,231,168,306,9,1,0
1734,1757,416,231,168,306,9,1,0
1735,1757,416,231,168,306,9,1,0
1736,1757,416,231,168,306,9,1,0
1737,1757,416,231,167,306,9,1,0
1738,1757,416,231,168,306,9,1,0
1739,1757,416,231,168,306,9,1,0
1740,1757,416,232,168,306,9,1,0
1741,1757,416,231,168,306,9,1,0
1742,1757,416,231,168,306,9,1,0
1743,1757,416,231,168,306,9,1,0
1744,1757,416,231,168,306,9,1,0
1745,1757,416,231,168,306,9,1,0
1746,1757,416,231,168,306,9,1,0
1747,1757,416,231,168,306,9,1,0
1748,1757,416,231,168,306,9,1,0
1749,1757,416,231,168,306,9,1,0
1750,1758,416,231,168,306,9,1,0
1751,1758,416,231,168,306,9,1,0
1752,1758,416,231,168,306,9,1,0
1753,1758,416,231,168,306,9,1,0
1754,1758,416,231,168,306,9,1,0
1755,1758,416,230,168,306,9,1,0
1756,1758,416,230,168,306,9,1,0
1757,1758,416,230,168,306,9,1,0
1758,1758,416,230,168,306,9,1,0
1759,1758,416,230,168,306,9,1,0
1760,1758,416,230,168,306,9,1,0
1761,1758,416,230,168,306,9,1,0
1762,1758,416,230,168,306,9,1,0
1763,1758,416,231,168,306,9,1,0
1764,1758,416,230,168,306,9,1,0
1765,1758,416,230,168,306,9,1,0
1766,1758,416,230,168,306,9,1,0
1767,1758,416,230,168,306,9,1,0
1768,1758,416,230,168,306,9,1,0
1769,1758,416,230,168,306,9,1,0
1770,1758,416,230,168,306,9,1,0
1771,1758,416,230,168,306,9,1,0
1772,1758,416,230,168,306,9,1,0
1773,1758,416,230,168,306,9,1,0
1774,1758,416,230,168,306,9,1,0
1775,1758,416,230,168,306,9,1,0
1776,1758,416,230,168,306,9,1,0
1777,1758,416,230,168,306,9,1,0
1778,1758,416,230,168,306,9,1,0
1779,1758,416,230,168,306,9,1,0
1780,1758,416,230,168,306,9,1,0
1781,1758,416,230,168,306,9,1,0
1782,1758,416,230,168,306,9,1,0
1783,1758,416,230,168,306,9,1,0
1784,1758,416,230,168,306,9,1,0
1785,1758,416,230,168,306,9,1,0
1786,1758,416,230,168,306,9,1,0
1787,1758,416,230,168,306,9,1,0
1788,1758,416,231,168,306,9,1,0
1789,1758,416,231,168,306,9,1,0
1790,1758,416,230,168,306,9,1,0
1791,1758,416,230,168,306,9,1,0
1792,1758,416,230,168,306,9,1,0
1793,1758,416,230,168,306,9,1,0
1794,1758,416,230,168,306,9,1,0
1795,1758,416,230,168,306,9,1,0
1796,1758,416,230,168,306,9,1,0
1797,1758,416,230,168,306,9,1,0
1798,1758,416,230,168,306,9,1,0
1799,1757,416,231,168,306,9,1,0
1800,1758,416,231,168,306,9,1,0
1801,1758,417,231,168,306,9,1,0
1802,1758,417,231,168,306,9,1,0
1803,1758,417,231,168,306,9,1,0
1804,1758,417,231,168,306,9,1,0
1805,1758,417,231,168,306,9,1,0
1806,1758,417,231,168,306,9,1,0
1807,1758,417,231,168,306,9,1,0
1808,1758,417,231,168,306,9,1,0
1809,1758,417,231,168,306,9,1,0
1810,1758,417,231,168,306,9,1,0
1811,1758,417,231,168,306,9,1,0
1812,1757,417,231,167,306,9,1,0
1813,1757,417,231,167,306,9,1,0
1814,1757,417,231,168,306,9,1,0
1815,1757,417,231,168,306,9,1,0
1816,1757,417,231,167,306,9,1,0
1817,1757,417,231,167,306,9,1,0
1818,1757,417,231,168,306,9,1,0
1819,1757,417,231,168,306,9,1,0
1820,1757,417,231,168,306,9,1,0
1821,1757,417,231,168,306,9,1,0
1822,1757,417,231,167,306,9,1,0
1823,1757,417,231,167,306,9,1,0
1824,1757,417,231,168,306,9,1,0
1825,1757,417,231,168,306,9,1,0
1826,1757,417,231,168,306,9,1,0
1827,1757,417,231,168,306,9,1,0
1828,1757,417,231,168,306,9,1,0
1829,1757,416,231,168,306,9,1,0
1830,1757,417,231,168,306,9,1,0
1831,1757,416,231,168,306,9,1,0
1832,1757,416,231,168,306,9,1,0
1833,1757,416,231,168,306,9,1,0
1834,1757,416,231,168,306,9,1,0
1835,1757,416,231,168,306,9,1,0
1836,1757,417,231,168,306,9,1,0
1837,1757,417,231,168,306,9,1,0
1838,1758,417,230,168,306,9,1,0
1839,1758,417,230,168,306,9,1,0
1840,1758,417,230,168,306,9,1,0
1841,1758,417,230,168,306,9,1,0
1842,1758,417,230,168,306,9,1,0
1843,1758,417,230,167,306,9,1,0
1844,1758,417,230,167,306,9,1,0
1845,1758,417,230,167,306,9,1,0
1846,1758,417,230,167,306,9,1,0
1847,1758,417,230,167,306,9,1,0
1848,1757,416,231,168,306,9,1,0
1849,1757,416,231,168,306,9,1,0
1850,1757,416,231,168,306,9,1,0
1851,1757,416,231,168,306,9,1,0
1852,1757,416,231,168,306,9,1,0
1853,1757,416,231,168,306,9,1,0
1854,1757,416,231,168,306,9,1,0
1855,1757,416,231,168,306,9,1,0
1856,1757,416,231,168,306,9,1,0
1857,1757,416,231,168,306,9,1,0
1858,1758,416,230,168,306,9,1,0
1859,1758,416,230,168,306,9,1,0
1860,1758,416,231,168,306,9,1,0
1861,1758,416,231,168,306,9,1,0
1862,1758,416,231,168,306,9,1,0
1863,1758,416,231,168,306,9,1,0
1864,1758,416,231,168,306,9,1,0
1865,1758,416,231,168,306,9,1,0
1866,1758,416,231,168,306,9,1,0
1867,1758,416,231,168,306,9,1,0
1868,1758,416,231,168,306,9,1,0
1869,1758,416,231,168,306,9,1,0
1870,1757,416,231,168,306,9,1,0
1871,1758,416,231,169,306,9,1,0
1872,1757,416,231,168,306,9,1,0
1873,1757,416,231,168,306,9,1,0
1874,1757,416,231,168,306,9,1,0
1875,1757,416,231,168,306,9,1,0
1876,1757,416,231,168,306,9,1,0
1877,1757,416,231,168,306,9,1,0
1878,1757,416,231,168,306,9,1,0
1879,1758,416,231,168,306,9,1,0
1880,1758,416,231,168,306,9,1,0
1881,1757,416,232,168,306,9,1,0
1882,1757,416,232,168,306,9,1,0
1883,1755,416,233,168,306,9,1,0
1884,1755,416,233,168,306,9,1,0
1885,1755,416,234,168,306,9,1,0
1886,1757,416,232,168,306,9,1,0
1887,1758,416,231,168,306,9,1,0
1888,1758,416,230,168,306,9,1,0
1889,1758,416,230,168,306,9,1,0
1890,1759,416,230,168,306,9,1,0
1891,1760,416,229,168,306,9,1,0
1892,1762,416,227,168,306,9,1,0
1893,1765,416,223,168,306,9,1,0
1894,1769,416,219,168,306,9,1,0
1895,1772,416,217,168,306,9,1,0
1896,1768,416,220,168,306,9,1,0
1897,1774,416,215,168,306,9,1,0
1898,1775,416,214,168,306,9,1,0
1899,1777,417,212,168,306,9,1,0
1900,1779,417,209,168,306,9,1,0
1901,1784,416,205,168,306,9,1,0
1902,1799,417,190,168,306,9,1,0
1903,1788,416,201,168,306,9,1,0
1904,1793,416,195,168,306,9,1,0
1905,1797,416,191,169,306,9,1,0
1906,1805,416,183,169,306,9,1,0
1907,1815,416,173,168,306,9,1,0
1908,1823,415,165,169,306,9,1,0
1909,1833,417,156,167,306,9,1,0
1910,1839,418,149,167,306,9,1,0
1911,1844,417,145,168,306,9,1,0
1912,1860,419,128,166,306,9,1,0
1913,1870,421,118,163,306,9,1,0
1914,1881,418,108,165,306,9,1,0
1915,1900,421,88,164,306,9,1,0
209,0,990,577,577,308,3,0,48
210,1,986,996,640,308,3,0,48
211,17,1020,1433,665,308,3,0,48
212,485,1059,1455,677,308,3,0,46
213,974,1100,1471,678,308,3,0,44
214,1451,1141,1108,612,308,3,0,42
215,1906,1174,652,612,308,3,0,41
391,2490,859,68,162,310,9,0,9
392,2439,855,119,162,310,9,0,9
393,2390,852,169,164,310,9,0,9
394,2338,855,221,166,310,9,0,9
395,2284,850,272,169,310,9,0,9
396,2229,847,275,170,310,9,0,9
397,2175,841,279,173,310,9,0,9
398,2120,835,281,173,310,9,0,9
399,2067,831,283,173,310,9,0,9
400,2016,824,280,176,310,9,0,9
401,1964,824,278,171,310,9,0,9
402,1910,821,277,170,310,9,0,9
403,1856,815,278,173,310,9,0,9
404,1802,809,279,175,310,9,0,9
405,1747,802,281,176,310,9,0,9
406,1696,799,281,175,310,9,0,9
407,1644,795,277,174,310,9,0,9
408,1590,789,277,176,310,9,0,9
409,1536,784,278,177,310,9,0,9
410,1483,784,278,172,310,9,0,9
411,1430,804,279,148,310,9,0,9
412,1377,780,277,167,310,9,0,9
413,1326,771,275,170,310,9,0,9
414,1271,760,274,176,310,9,0,9
415,1216,758,274,174,310,9,0,9
416,1163,758,274,169,310,9,0,9
417,1111,761,272,161,310,9,0,9
418,1059,750,270,169,310,9,0,9
419,1008,745,269,168,310,9,0,9
420,959,738,267,169,310,9,0,9
421,907,744,267,159,310,9,0,9
422,858,733,263,166,310,9,0,9
423,812,734,260,160,310,9,0,9
424,768,735,253,154,310,9,0,9
425,723,721,249,162,310,9,0,9
426,675,714,248,163,310,9,0,9
427,629,715,246,156,310,9,0,9
428,579,716,249,149,310,9,0,9
429,533,712,247,148,310,9,0,9
430,488,708,246,147,310,9,0,9
431,445,703,240,149,310,9,0,9
432,398,696,240,151,310,9,0,9
433,352,686,240,156,310,9,0,9
434,309,684,238,154,310,9,0,9
435,265,684,235,151,310,9,0,9
436,223,676,232,154,310,9,0,9
437,181,675,230,151,310,9,0,9
438,139,670,225,152,310,9,0,9
439,97,669,222,149,310,9,0,9
440,56,662,221,150,310,9,0,9
441,13,658,220,150,310,9,0,9
442,0,653,191,152,310,9,0,9
443,0,644,150,156,310,9,0,9
444,1,672,105,124,310,9,0,9
445,0,591,62,202,310,9,0,9
658,2313,896,246,303,313,5,0,37
659,2081,847,477,336,313,5,0,37
660,1846,832,713,365,313,5,0,37
661,1610,812,827,369,313,5,0,37
662,1370,793,813,367,313,5,0,37
663,1120,774,807,367,313,5,0,38
664,876,755,796,365,313,5,0,38
665,637,737,787,356,313,5,0,38
666,404,717,783,355,313,5,0,38
667,186,701,770,348,313,5,0,38
668,0,683,738,342,313,5,0,38
669,0,667,526,334,313,5,0,38
670,0,650,318,328,313,5,0,38
695,2221,869,337,307,316,9,0,38
696,1985,834,574,324,316,9,0,38
697,1746,817,812,361,316,9,0,38
698,1512,800,976,359,316,9,0,38
699,1273,780,961,360,316,9,0,38
700,1037,759,947,359,316,9,0,38
701,811,739,922,357,316,9,0,38
702,589,721,909,351,316,9,0,38
703,374,706,890,342,316,9,0,38
704,165,688,879,336,316,9,0,38
705,0,671,831,329,316,9,0,38
706,0,653,625,324,316,9,0,38
707,1,639,427,317,316,9,0,38
708,0,637,237,267,316,9,0,38
708,865,501,119,87,317,6,11,16
709,909,505,111,89,317,6,11,16
710,951,507,99,95,317,6,11,15
711,988,517,87,94,317,6,11,15
712,1016,521,91,95,317,6,11,14
713,1042,526,100,97,317,6,11,14
714,1070,538,107,91,317,6,11,13
715,1099,540,117,95,317,6,11,13
716,1131,546,123,95,317,6,11,12
717,1161,556,132,89,317,6,11,12
718,1196,563,138,87,317,6,11,12
719,1230,565,143,90,317,6,11,12
720,1264,555,149,105,317,6,11,11
721,1303,559,151,102,317,6,11,11
722,1343,571,121,86,317,6,11,11
723,1383,558,150,104,317,6,11,11
724,1422,559,142,103,317,6,11,11
725,1491,557,99,103,317,6,11,11
726,1497,556,116,102,317,6,11,11
727,1529,554,102,103,317,6,11,10
728,1554,573,87,81,317,6,11,10
729,1575,568,72,82,317,6,11,9
730,1591,574,62,70,317,6,11,9
731,1606,576,27,63,319,6,11,8
732,1609,571,32,64,319,6,11,8
734,1599,561,43,63,319,6,11,8
735,1586,554,51,62,319,6,11,8
736,1579,551,48,59,319,6,11,8
737,1536,535,79,70,319,6,11,8
738,1507,522,93,77,319,6,11,8
739,1498,529,83,65,319,6,11,8
741,1435,518,107,68,319,6,11,9
742,1409,513,108,71,319,6,11,9
743,1386,503,83,69,319,6,11,10
744,1363,500,107,78,319,6,11,10
745,1341,500,108,75,319,6,11,10
734,2334,910,224,267,320,9,0,38
735,2118,839,440,335,320,9,0,38
736,1888,822,670,335,320,9,0,38
737,1656,803,903,374,320,9,0,38
738,1419,789,968,371,320,9,0,38
739,1179,770,961,373,320,9,0,38
740,952,748,935,373,320,9,0,38
741,715,731,931,369,320,9,0,38
742,487,714,922,365,320,9,0,38
743,265,695,909,361,320,9,0,37
744,53,680,901,353,320,9,0,37
745,0,667,743,342,320,9,0,36
746,1,650,537,337,320,9,0,36
747,0,636,342,329,320,9,0,36
751,0,955,233,434,322,7,5,28
752,1,868,451,668,322,7,5,28
753,1,820,681,740,322,7,5,28
754,1,823,925,767,322,7,5,28
755,1,839,1171,779,322,7,5,28
756,1,855,1426,787,322,7,5,28
757,0,877,1702,786,322,7,5,28
758,113,895,1863,785,322,7,5,28
759,386,910,1869,781,322,7,5,28
760,669,925,1864,776,322,7,5,28
761,966,938,1592,780,322,7,5,28
762,1260,951,1298,719,322,7,5,28
763,1516,963,1042,720,322,7,5,28
764,1756,1000,802,693,322,7,5,28
765,1982,1040,576,667,322,7,5,28
766,2221,1058,337,530,322,7,5,28
822,762,500,127,89,324,6,11,10
823,789,500,129,92,324,6,11,10
824,816,505,130,91,324,6,11,10
825,845,504,131,93,324,6,11,9
826,871,507,134,92,324,6,11,9
827,898,509,134,92,324,6,11,9
828,924,511,136,92,324,6,11,9
829,952,513,138,92,324,6,11,9
830,981,515,140,91,324,6,11,9
831,1008,516,141,91,324,6,11,9
832,1038,515,141,93,324,6,11,9
833,1069,518,141,90,324,6,11,9
834,1099,520,140,88,324,6,11,9
835,1131,519,139,89,324,6,11,9
836,1162,517,140,92,324,6,11,9
837,1193,516,140,94,324,6,11,9
838,1224,512,141,101,324,6,11,9
839,1255,532,140,82,324,6,11,9
840,1284,525,141,89,324,6,11,9
841,1317,529,138,86,324,6,11,9
842,1347,526,118,91,324,6,11,9
843,1377,551,134,63,324,6,11,9
844,1407,528,133,88,324,6,11,9
845,1439,537,134,82,324,6,11,9
846,1496,543,108,78,324,6,11,10
847,1501,538,133,82,324,6,11,10
848,1531,535,133,87,324,6,11,10
849,1563,539,132,83,324,6,11,10
850,1593,541,134,82,324,6,11,10
851,1629,547,130,79,324,6,11,10
852,1673,542,118,84,324,6,11,10
853,1698,560,124,69,324,6,11,10
855,1749,548,131,78,324,6,11,10
856,1779,549,116,81,324,6,11,10
857,1809,554,134,79,324,6,11,10
858,1840,556,134,79,324,6,11,10
859,1870,557,135,81,324,6,11,9
860,1897,563,136,77,324,6,11,9
861,1927,564,137,79,324,6,11,9
862,1956,564,138,82,324,6,11,9
863,1986,570,138,78,324,6,11,9
864,2020,574,139,77,324,6,11,9
865,2059,573,138,80,324,6,11,9
866,2094,574,140,83,324,6,11,9
867,2128,583,139,76,324,6,11,10
868,2166,581,140,81,324,6,11,10
869,2208,578,136,85,324,6,11,11
870,2248,580,138,85,324,6,11,11
871,2287,583,137,85,324,6,11,11
872,2325,593,138,77,324,6,11,11
873,2369,596,137,79,324,6,11,11
874,2416,599,135,76,324,6,11,11
875,2455,602,104,75,324,6,11,11
876,2496,604,62,71,324,6,11,11
829,40,496,146,105,325,2,0,21
830,100,503,149,104,325,2,0,20
831,160,507,149,106,325,2,0,20
832,222,512,150,105,325,2,0,20
833,285,517,152,105,325,2,0,20
834,349,523,155,105,325,2,0,20
835,413,526,160,106,325,2,0,20
836,480,527,161,107,325,2,0,20
837,547,528,162,108,325,2,0,20
838,615,533,162,106,325,2,0,20
839,685,535,162,108,325,2,0,20
840,754,540,162,105,325,2,0,20
841,823,542,161,106,325,2,0,20
842,891,545,162,106,325,2,0,20
843,961,550,162,103,325,2,0,20
844,1030,552,162,105,325,2,0,20
845,1100,555,162,105,325,2,0,20
846,1169,565,160,99,325,2,0,20
847,1238,569,160,97,325,2,0,20
848,1307,572,154,97,325,2,0,20
849,1376,601,159,71,325,2,0,20
850,1444,580,157,96,325,2,0,20
851,1512,583,156,96,325,2,0,20
852,1580,586,154,94,325,2,0,20
853,1647,577,152,106,325,2,0,20
854,1712,576,151,110,325,2,0,20
855,1777,594,151,94,325,2,0,20
856,1843,599,148,91,325,2,0,19
857,1908,602,147,90,325,2,0,19
858,1971,604,145,91,325,2,0,19
859,2034,608,143,88,325,2,0,19
860,2095,610,144,87,325,2,0,19
861,2157,611,144,87,325,2,0,19
862,2217,613,143,85,325,2,0,19
863,2278,613,140,87,325,2,0,19
864,2336,618,140,84,325,2,0,18
865,2396,622,139,81,325,2,0,18
866,2453,637,105,69,325,2,0,17
867,2510,648,48,57,325,2,0,17
947,0,1125,201,418,330,3,0,54
948,1,1107,350,500,330,3,0,54
949,1,1059,504,620,330,3,0,54
950,0,1030,658,667,330,3,0,54
951,1,1022,823,694,330,3,0,54
952,1,1029,991,709,330,3,0,54
953,1,1042,1166,721,330,3,0,54
954,1,1056,1356,731,330,3,0,54
955,0,1071,1537,740,330,3,0,54
956,78,1085,1664,752,330,3,0,54
957,653,1136,1715,782,330,3,0,54
958,856,1154,1702,764,330,3,0,54
959,1058,1166,1500,752,330,3,0,54
960,1265,1200,1292,717,330,3,0,54
961,1468,1221,1090,697,330,3,0,54
962,1672,1249,885,668,330,3,0,54
963,1876,1279,681,639,330,3,0,54
1084,2323,867,235,325,332,4,5,28
1085,2155,801,403,441,332,4,5,28
1086,1983,764,575,464,332,4,5,28
1087,1812,751,746,463,332,4,5,28
1088,1631,736,927,488,332,4,5,28
1089,1452,723,1107,510,332,4,5,28
1090,1266,711,1264,510,332,4,5,28
1091,1082,696,1248,510,332,4,5,28
1092,893,678,1234,513,332,4,5,28
1093,711,665,1212,506,332,4,5,28
1094,533,656,1199,498,332,4,5,28
1095,363,640,1181,497,332,4,5,28
1096,194,625,1160,491,332,4,5,28
1097,33,613,1151,482,332,4,5,27
1098,0,603,1011,471,332,4,5,26
1099,0,590,848,463,332,4,5,26
1100,1,576,688,457,332,4,5,25
1101,0,569,534,444,332,4,5,24
1102,0,567,385,427,332,4,5,24
1135,2325,999,233,293,336,9,0,25
1136,2158,949,401,329,336,9,0,25
1137,1992,911,566,345,336,9,0,25
1138,1825,894,733,354,336,9,0,25
1139,1659,872,899,416,336,9,0,25
1140,1494,853,1061,411,336,9,0,25
1141,1324,835,1038,406,336,9,0,25
1142,1155,816,1016,401,336,9,0,25
1143,988,799,993,397,336,9,0,25
1144,820,783,974,388,336,9,0,25
1145,651,768,966,382,336,9,0,26
1146,485,750,946,377,336,9,0,26
1147,321,737,942,367,336,9,0,26
1148,161,722,930,362,336,9,0,27
1149,2,709,922,352,336,9,0,27
1150,0,691,764,349,336,9,0,27
1151,0,680,605,342,336,9,0,27
1152,1,668,452,335,336,9,0,27
1153,0,663,305,316,336,9,0,27
1201,2447,893,111,222,339,9,1,21
1202,2354,863,205,293,339,9,1,21
1203,2254,819,304,379,339,9,1,21
1204,2146,794,412,404,339,9,1,21
1205,2036,779,522,414,339,9,1,21
1206,1913,774,645,413,339,9,1,21
1207,1781,776,778,405,339,9,1,21
1208,1661,766,898,412,339,9,1,21
1209,1526,752,968,424,339,9,1,21
1210,1388,747,968,424,339,9,1,21
1211,1246,738,968,427,339,9,1,21
1212,1104,729,965,427,339,9,1,21
1213,961,718,956,431,339,9,1,21
1214,817,706,949,432,339,9,1,21
1215,676,696,937,429,339,9,1,22
1216,533,683,926,425,339,9,1,22
1217,390,673,920,421,339,9,1,22
1218,249,664,910,417,339,9,1,23
1219,109,653,903,411,339,9,1,23
1220,0,642,866,404,339,9,1,23
1221,0,628,723,402,339,9,1,23
1222,0,620,581,394,339,9,1,23
1223,1,607,444,391,339,9,1,23
1224,0,599,309,382,339,9,1,23
1225,0,603,178,310,339,9,1,23
1312,0,1024,280,501,341,6,4,33
1313,1,911,559,720,341,6,4,33
1314,1,890,853,785,341,6,4,33
1315,1,893,1176,834,341,6,4,33
1316,0,915,1516,854,341,6,4,33
1317,156,941,1721,867,341,6,4,32
1318,503,971,1738,868,341,6,4,32
1319,866,1001,1693,868,341,6,4,32
1320,1228,1029,1330,786,341,6,4,32
1321,1568,1055,991,784,341,6,4,32
1322,1896,1081,661,788,341,6,4,32
1323,2205,1105,354,679,341,6,4,32
1460,2197,894,362,337,344,6,0,32
1461,1980,863,578,354,344,6,0,32
1462,1758,849,801,360,344,6,0,32
1463,1581,837,978,383,344,6,0,32
1464,1377,820,972,388,344,6,0,31
1465,1169,809,962,384,344,6,0,31
1466,965,794,953,386,344,6,0,31
1467,761,785,952,382,344,6,0,31
1468,532,770,980,384,344,6,0,32
1469,324,760,992,381,344,6,0,34
1470,0,734,770,375,344,6,0,36
1471,0,726,591,376,344,6,0,38
1472,0,723,417,374,344,6,0,39
1473,0,748,243,334,344,6,0,40
1685,1,905,564,590,347,7,8,44
1686,1,882,939,665,347,7,8,44
1687,0,898,1329,698,347,7,8,44
1688,298,928,1448,710,347,7,8,43
1689,722,964,1453,713,347,7,8,43
1690,1150,993,1409,714,347,7,8,42
1691,1565,1032,994,637,347,7,8,42
1692,1952,1056,606,643,347,7,8,42
1693,2329,1087,229,499,347,7,8,42
1837,0,976,358,604,348,9,1,44
1838,1,908,739,734,348,9,1,44
1839,1,904,1158,796,348,9,1,44
1840,64,935,1554,816,348,9,1,44
1841,521,975,1561,821,348,9,1,44
1842,1006,1010,1554,817,348,9,1,44
1843,1476,1045,1082,751,348,9,1,44
1844,1900,1079,658,753,348,9,1,44
1845,2312,1121,247,551,348,9,1,44
1930,1758,415,163,143,349,9,1,0
1931,1758,416,155,163,349,9,1,0
1932,1759,416,170,162,349,9,1,0
1933,1759,416,184,163,349,9,1,0
1934,1758,416,198,163,349,9,1,0
1935,1758,416,212,163,349,9,1,0
1936,1758,416,225,164,349,9,1,0
1937,1758,416,230,167,349,9,1,0
1938,1758,416,230,168,349,9,1,0
1939,1758,415,230,169,349,9,1,0
1940,1758,415,230,169,349,9,1,0
1941,1758,415,230,169,349,9,1,0
1942,1758,415,230,169,349,9,1,0
1943,1758,414,230,170,349,9,1,0
1944,1758,415,230,169,349,9,1,0
1945,1758,416,230,168,349,9,1,0
1946,1758,416,230,168,349,9,1,0
1947,1758,417,230,168,349,9,1,0
1948,1758,417,230,168,349,9,1,0
1949,1758,416,230,168,349,9,1,0
1950,1758,417,230,168,349,9,1,0
1951,1758,417,230,167,349,9,1,0
1952,1758,417,230,167,349,9,1,0
1953,1758,417,230,168,349,9,1,0
1954,1758,416,230,168,349,9,1,0
1955,1758,416,230,168,349,9,1,0
1956,1758,416,230,168,349,9,1,0
1957,1758,416,230,168,349,9,1,0
1958,1758,416,230,168,349,9,1,0
1959,1758,416,230,168,349,9,1,0
1960,1758,417,230,167,349,9,1,0
1961,1758,417,230,167,349,9,1,0
1962,1758,417,230,167,349,9,1,0
1963,1758,417,230,167,349,9,1,0
1964,1758,417,230,166,349,9,1,0
1965,1758,417,231,167,349,9,1,0
1966,1758,417,231,166,349,9,1,0
1967,1758,417,230,167,349,9,1,0
1968,1758,417,230,167,349,9,1,0
1969,1758,417,230,168,349,9,1,0
1970,1758,417,230,168,349,9,1,0
1971,1758,417,230,168,349,9,1,0
1972,1758,417,230,167,349,9,1,0
1973,1758,417,230,168,349,9,1,0
1974,1758,417,230,167,349,9,1,0
1975,1758,417,230,167,349,9,1,0
1976,1758,417,230,168,349,9,1,0
1977,1758,417,230,167,349,9,1,0
1978,1758,417,230,168,349,9,1,0
1979,1758,417,230,168,349,9,1,0
1980,1758,417,230,167,349,9,1,0
1981,1758,417,230,167,349,9,1,0
1982,1758,417,230,167,349,9,1,0
1983,1758,417,230,167,349,9,1,0
1984,1758,417,230,167,349,9,1,0
1985,1758,417,230,167,349,9,1,0
1986,1758,417,230,167,349,9,1,0
1987,1758,417,230,167,349,9,1,0
1988,1758,417,230,167,349,9,1,0
1989,1758,417,230,167,349,9,1,0
1990,1758,417,230,167,349,9,1,0
1991,1758,417,230,167,349,9,1,0
1992,1758,417,230,167,349,9,1,0
1993,1758,417,230,167,349,9,1,0
1994,1758,417,230,167,349,9,1,0
1995,1758,417,230,167,349,9,1,0
1996,1758,417,230,167,349,9,1,0
1997,1758,417,230,167,349,9,1,0
1998,1758,417,230,167,349,9,1,0
1999,1758,417,230,167,349,9,1,0
2000,1758,417,230,167,349,9,1,0
2001,1758,417,230,167,349,9,1,0
2002,1758,417,230,168,349,9,1,0
2003,1758,417,230,168,349,9,1,0
2004,1758,417,230,168,349,9,1,0
2005,1758,417,230,168,349,9,1,0
2006,1758,417,230,168,349,9,1,0
2007,1758,417,230,168,349,9,1,0
2008,1758,417,230,168,349,9,1,0
2009,1757,416,231,168,349,9,1,0
2010,1757,416,231,169,349,9,1,0
2011,1757,416,231,169,349,9,1,0
2012,1758,416,231,169,349,9,1,0
2013,1758,416,231,169,349,9,1,0
2014,1758,416,231,169,349,9,1,0
2015,1758,416,231,169,349,9,1,0
2016,1758,416,230,169,349,9,1,0
2017,1758,416,230,169,349,9,1,0
2018,1758,416,230,169,349,9,1,0
2019,1757,416,231,169,349,9,1,0
2020,1757,416,231,169,349,9,1,0
2021,1757,416,231,169,349,9,1,0
2022,1757,416,231,169,349,9,1,0
2023,1757,416,231,169,349,9,1,0
2024,1757,416,231,169,349,9,1,0
2025,1757,416,231,169,349,9,1,0
2026,1757,416,231,169,349,9,1,0
2027,1757,417,231,168,349,9,1,0
2028,1757,416,231,168,349,9,1,0
2029,1757,416,231,168,349,9,1,0
2030,1757,416,231,168,349,9,1,0
2031,1757,416,231,168,349,9,1,0
2032,1757,416,231,168,349,9,1,0
2033,1757,416,231,168,349,9,1,0
2034,1757,416,231,168,349,9,1,0
2035,1757,416,231,168,349,9,1,0
2036,1758,416,231,168,349,9,1,0
2037,1758,416,231,168,349,9,1,0
2038,1758,416,231,168,349,9,1,0
2039,1758,416,231,169,349,9,1,0
2040,1758,416,230,169,349,9,1,0
2041,1758,416,230,169,349,9,1,0
2042,1758,416,230,168,349,9,1,0
2043,1758,416,230,169,349,9,1,0
2044,1758,416,231,169,349,9,1,0
2045,1758,416,230,169,349,9,1,0
2046,1758,416,230,169,349,9,1,0
2047,1758,416,230,169,349,9,1,0
2048,1758,416,231,169,349,9,1,0
2049,1758,416,230,168,349,9,1,0
2050,1758,416,230,168,349,9,1,0
2051,1758,416,230,168,349,9,1,0
2052,1758,416,230,168,349,9,1,0
2053,1758,416,230,168,349,9,1,0
2054,1758,416,230,168,349,9,1,0
2055,1758,416,230,168,349,9,1,0
2056,1758,416,230,168,349,9,1,0
2057,1758,416,230,168,349,9,1,0
2058,1758,416,230,168,349,9,1,0
2059,1758,416,230,168,349,9,1,0
2060,1758,416,230,168,349,9,1,0
2061,1758,416,230,168,349,9,1,0
2062,1758,416,230,168,349,9,1,0
2063,1758,416,230,168,349,9,1,0
2064,1758,416,230,168,349,9,1,0
2065,1758,416,230,168,349,9,1,0
2066,1758,416,230,168,349,9,1,0
2067,1758,416,230,168,349,9,1,0
2068,1758,416,230,168,349,9,1,0
2069,1758,417,230,168,349,9,1,0
2070,1758,417,230,168,349,9,1,0
2071,1758,417,230,168,349,9,1,0
2072,1758,417,230,168,349,9,1,0
2073,1758,417,230,168,349,9,1,0
2074,1758,417,230,168,349,9,1,0
2075,1758,417,230,168,349,9,1,0
2076,1758,417,230,167,349,9,1,0
2077,1758,417,230,167,349,9,1,0
2078,1758,417,230,167,349,9,1,0
2079,1758,417,230,167,349,9,1,0
2080,1758,417,230,167,349,9,1,0
2081,1758,417,230,167,349,9,1,0
2082,1758,417,230,167,349,9,1,0
2083,1758,417,230,167,349,9,1,0
2084,1758,417,230,168,349,9,1,0
2085,1758,417,230,167,349,9,1,0
2086,1758,417,230,167,349,9,1,0
2087,1758,417,230,167,349,9,1,0
2088,1758,416,230,168,349,9,1,0
2089,1757,417,230,168,349,9,1,0
2090,1757,417,230,168,349,9,1,0
2091,1757,417,230,168,349,9,1,0
2092,1757,416,230,168,349,9,1,0
2093,1757,416,230,168,349,9,1,0
2094,1757,416,230,168,349,9,1,0
2095,1757,417,230,168,349,9,1,0
2096,1757,417,230,168,349,9,1,0
2097,1757,417,230,168,349,9,1,0
2098,1757,417,230,168,349,9,1,0
2099,1758,417,230,168,349,9,1,0
2100,1757,416,231,169,349,9,1,0
2101,1757,416,231,169,349,9,1,0
2102,1757,416,231,169,349,9,1,0
2103,1757,416,231,169,349,9,1,0
2104,1757,416,231,169,349,9,1,0
2105,1757,416,231,168,349,9,1,0
2106,1757,416,231,169,349,9,1,0
2107,1757,416,231,169,349,9,1,0
2108,1757,416,231,169,349,9,1,0
2109,1757,416,231,169,349,9,1,0
2110,1757,417,231,168,349,9,1,0
2111,1757,417,231,168,349,9,1,0
2112,1757,417,231,167,349,9,1,0
2113,1757,417,231,167,349,9,1,0
2114,1757,417,231,167,349,9,1,0
2115,1757,417,231,167,349,9,1,0
2116,1757,417,231,167,349,9,1,0
2117,1757,417,231,167,349,9,1,0
2118,1757,417,231,167,349,9,1,0
2119,1757,417,231,167,349,9,1,0
2120,1757,416,231,168,349,9,1,0
2121,1757,416,231,168,349,9,1,0
2122,1757,416,231,168,349,9,1,0
2123,1757,416,231,168,349,9,1,0
2124,1757,416,231,168,349,9,1,0
2125,1757,416,231,168,349,9,1,0
2126,1757,416,231,168,349,9,1,0
2127,1757,417,231,167,349,9,1,0
2128,1757,417,231,167,349,9,1,0
2129,1757,417,231,167,349,9,1,0
2130,1757,417,231,167,349,9,1,0
2131,1757,417,231,167,349,9,1,0
2132,1757,417,231,167,349,9,1,0
2133,1757,417,231,167,349,9,1,0
2134,1757,417,231,167,349,9,1,0
2135,1757,417,231,167,349,9,1,0
2136,1757,417,231,168,349,9,1,0
2137,1757,417,231,168,349,9,1,0
2138,1757,417,231,168,349,9,1,0
2139,1757,417,231,168,349,9,1,0
2140,1757,417,231,168,349,9,1,0
2141,1757,416,231,168,349,9,1,0
2142,1757,416,231,168,349,9,1,0
2143,1757,416,231,168,349,9,1,0
2144,1757,416,231,169,349,9,1,0
2145,1757,416,231,169,349,9,1,0
2146,1757,416,231,169,349,9,1,0
2147,1757,416,231,169,349,9,1,0
2148,1757,417,231,168,349,9,1,0
2149,1757,417,231,168,349,9,1,0
2150,1757,417,231,168,349,9,1,0
2151,1757,417,231,167,349,9,1,0
2152,1757,417,231,167,349,9,1,0
2153,1757,417,231,167,349,9,1,0
2154,1757,417,231,167,349,9,1,0
2155,1757,417,231,167,349,9,1,0
2156,1757,417,231,167,349,9,1,0
2157,1757,417,231,167,349,9,1,0
2158,1757,417,231,168,349,9,1,0
2159,1757,417,231,168,349,9,1,0
2160,1757,417,231,168,349,9,1,0
2161,1757,417,231,168,349,9,1,0
2162,1757,417,231,168,349,9,1,0
2163,1757,417,231,168,349,9,1,0
2164,1757,417,231,168,349,9,1,0
2165,1757,417,231,168,349,9,1,0
2166,1757,417,231,168,349,9,1,0
2167,1757,417,231,168,349,9,1,0
2168,1757,417,231,168,349,9,1,0
2169,1757,417,231,168,349,9,1,0
2170,1757,417,231,168,349,9,1,0
2171,1757,417,231,168,349,9,1,0
2172,1757,417,231,169,349,9,1,0
2173,1757,417,231,169,349,9,1,0
2174,1757,417,231,169,349,9,1,0
2175,1757,417,231,168,349,9,1,0
2176,1757,417,231,168,349,9,1,0
2177,1757,417,231,168,349,9,1,0
2178,1757,417,231,168,349,9,1,0
2179,1757,417,231,168,349,9,1,0
2180,1757,417,231,168,349,9,1,0
2181,1757,417,231,168,349,9,1,0
2182,1757,417,231,168,349,9,1,0
2183,1757,417,231,168,349,9,1,0
2184,1757,417,231,169,349,9,1,0
2185,1757,417,231,169,349,9,1,0
2186,1757,416,231,169,349,9,1,0
2187,1757,416,231,169,349,9,1,0
2188,1757,416,231,169,349,9,1,0
2189,1757,416,231,169,349,9,1,0
2190,1757,416,231,169,349,9,1,0
2191,1757,416,231,169,349,9,1,0
2192,1757,416,231,168,349,9,1,0
2193,1757,416,231,168,349,9,1,0
2194,1757,416,231,168,349,9,1,0
2195,1757,416,231,168,349,9,1,0
2196,1757,416,231,168,349,9,1,0
2197,1757,416,231,168,349,9,1,0
2198,1757,416,231,168,349,9,1,0
2199,1757,416,231,168,349,9,1,0
2200,1756,417,231,169,349,9,1,0
2201,1756,417,231,169,349,9,1,0
2202,1756,417,231,169,349,9,1,0
2203,1756,417,231,169,349,9,1,0
2204,1756,417,231,169,349,9,1,0
2205,1756,417,231,168,349,9,1,0
2206,1756,417,231,168,349,9,1,0
2207,1756,417,231,168,349,9,1,0
2208,1757,417,231,168,349,9,1,0
2209,1757,417,231,168,349,9,1,0
2210,1757,417,231,168,349,9,1,0
2211,1757,417,231,168,349,9,1,0
2212,1757,417,231,168,349,9,1,0
2213,1757,417,231,168,349,9,1,0
2214,1757,417,231,168,349,9,1,0
2215,1757,417,231,168,349,9,1,0
2216,1757,417,231,168,349,9,1,0
2217,1757,417,231,168,349,9,1,0
2218,1757,417,231,168,349,9,1,0
2219,1757,417,231,168,349,9,1,0
2220,1757,417,231,167,349,9,1,0
2221,1757,417,231,167,349,9,1,0
2222,1757,417,231,167,349,9,1,0
2223,1757,417,231,167,349,9,1,0
2224,1757,417,231,167,349,9,1,0
2225,1757,417,231,167,349,9,1,0
2226,1757,417,231,167,349,9,1,0
2227,1757,417,231,167,349,9,1,0
2228,1757,417,231,167,349,9,1,0
2229,1757,417,231,167,349,9,1,0
2230,1757,417,231,167,349,9,1,0
2231,1757,417,231,167,349,9,1,0
2232,1757,417,231,168,349,9,1,0
2233,1757,417,231,168,349,9,1,0
2234,1757,417,231,168,349,9,1,0
2235,1757,417,231,168,349,9,1,0
2236,1757,417,231,168,349,9,1,0
2237,1757,417,231,168,349,9,1,0
2238,1757,417,231,168,349,9,1,0
2239,1757,417,231,168,349,9,1,0
2240,1756,417,231,167,349,9,1,0
2241,1756,417,231,167,349,9,1,0
2242,1756,417,231,167,349,9,1,0
2243,1757,417,231,167,349,9,1,0
2244,1757,417,231,167,349,9,1,0
2245,1757,417,231,167,349,9,1,0
2246,1757,417,231,167,349,9,1,0
2247,1757,417,231,167,349,9,1,0
2248,1757,417,231,167,349,9,1,0
2249,1757,417,231,167,349,9,1,0
2250,1757,417,231,167,349,9,1,0
2251,1757,417,231,167,349,9,1,0
2252,1757,417,231,167,349,9,1,0
2253,1757,417,231,167,349,9,1,0
2254,1757,417,231,167,349,9,1,0
2255,1757,417,231,167,349,9,1,0
2256,1757,417,231,167,349,9,1,0
2257,1757,417,231,167,349,9,1,0
2258,1757,417,231,167,349,9,1,0
2259,1757,417,231,167,349,9,1,0
2260,1757,417,231,167,349,9,1,0
2261,1757,417,231,167,349,9,1,0
2262,1757,417,231,167,349,9,1,0
2263,1757,417,231,167,349,9,1,0
2264,1757,417,231,167,349,9,1,0
2265,1757,417,231,167,349,9,1,0
2266,1757,417,231,167,349,9,1,0
2267,1757,417,231,167,349,9,1,0
2268,1757,417,231,167,349,9,1,0
2269,1757,417,231,167,349,9,1,0
2270,1757,417,231,167,349,9,1,0
2271,1757,417,231,167,349,9,1,0
2272,1757,417,231,168,349,9,1,0
2273,1757,417,231,168,349,9,1,0
2274,1757,417,231,168,349,9,1,0
2275,1757,417,231,168,349,9,1,0
2276,1757,417,231,168,349,9,1,0
2277,1757,417,231,168,349,9,1,0
2278,1757,417,231,168,349,9,1,0
2279,1757,417,231,168,349,9,1,0
2280,1757,417,231,168,349,9,1,0
2281,1757,417,231,168,349,9,1,0
2282,1757,417,231,168,349,9,1,0
2283,1757,417,231,168,349,9,1,0
2284,1757,417,231,168,349,9,1,0
2285,1757,417,231,168,349,9,1,0
2286,1757,417,231,168,349,9,1,0
2287,1757,417,231,168,349,9,1,0
2288,1757,417,231,168,349,9,1,0
2289,1757,417,231,168,349,9,1,0
2290,1757,417,231,168,349,9,1,0
2291,1757,417,231,168,349,9,1,0
2292,1757,417,231,168,349,9,1,0
2293,1757,417,231,168,349,9,1,0
2294,1757,417,231,167,349,9,1,0
2295,1757,417,231,168,349,9,1,0
2296,1757,417,231,167,349,9,1,0
2297,1757,417,231,168,349,9,1,0
2298,1757,416,231,168,349,9,1,0
2299,1757,416,231,168,349,9,1,0
2300,1757,416,231,168,349,9,1,0
2301,1757,416,231,168,349,9,1,0
2302,1757,417,231,168,349,9,1,0
2303,1757,417,231,168,349,9,1,0
2304,1757,416,231,168,349,9,1,0
2305,1757,416,231,168,349,9,1,0
2306,1757,416,231,168,349,9,1,0
2307,1757,416,231,168,349,9,1,0
2308,1757,417,231,167,349,9,1,0
2309,1757,417,231,168,349,9,1,0
2310,1757,417,231,167,349,9,1,0
2311,1757,417,231,168,349,9,1,0
2312,1757,417,231,168,349,9,1,0
2313,1757,417,231,168,349,9,1,0
2314,1757,417,231,168,349,9,1,0
2315,1757,417,231,168,349,9,1,0
2316,1757,417,230,168,349,9,1,0
2317,1757,417,231,168,349,9,1,0
2318,1757,417,231,168,349,9,1,0
2319,1757,416,230,168,349,9,1,0
2320,1757,416,231,168,349,9,1,0
2321,1757,417,231,168,349,9,1,0
2322,1757,417,231,168,349,9,1,0
2323,1757,417,231,168,349,9,1,0
2324,1757,417,231,168,349,9,1,0
2325,1757,417,231,168,349,9,1,0
2326,1757,417,231,168,349,9,1,0
2327,1757,417,231,168,349,9,1,0
2328,1757,417,231,168,349,9,1,0
2329,1757,417,231,168,349,9,1,0
2330,1757,417,231,168,349,9,1,0
2331,1757,417,231,168,349,9,1,0
2332,1757,417,231,167,349,9,1,0
2333,1757,417,231,168,349,9,1,0
2334,1757,417,231,168,349,9,1,0
2335,1757,417,231,168,349,9,1,0
2336,1757,417,230,168,349,9,1,0
2337,1757,417,231,168,349,9,1,0
2338,1757,417,231,167,349,9,1,0
2339,1757,417,230,167,349,9,1,0
2340,1757,417,230,167,349,9,1,0
2341,1757,417,230,167,349,9,1,0
2342,1757,416,231,169,349,9,1,0
2343,1757,416,231,169,349,9,1,0
2344,1757,416,231,169,349,9,1,0
2345,1757,416,231,169,349,9,1,0
2346,1757,416,231,169,349,9,1,0
2347,1757,416,231,169,349,9,1,0
2348,1757,416,231,169,349,9,1,0
2349,1757,416,231,169,349,9,1,0
2350,1757,416,231,169,349,9,1,0
2351,1757,416,231,169,349,9,1,0
2352,1757,417,231,168,349,9,1,0
2353,1757,417,231,168,349,9,1,0
2354,1757,417,231,168,349,9,1,0
2355,1757,417,231,168,349,9,1,0
2356,1757,417,231,168,349,9,1,0
2357,1757,417,231,168,349,9,1,0
2358,1757,417,231,168,349,9,1,0
2359,1757,417,231,168,349,9,1,0
2360,1757,417,231,168,349,9,1,0
2361,1757,417,231,168,349,9,1,0
2362,1757,417,231,168,349,9,1,0
2363,1757,417,231,168,349,9,1,0
2364,1757,417,232,169,349,9,1,0
2365,1757,417,232,169,349,9,1,0
2366,1757,417,232,169,349,9,1,0
2367,1757,417,232,169,349,9,1,0
2368,1757,417,232,169,349,9,1,0
2369,1757,417,232,169,349,9,1,0
2370,1757,417,231,168,349,9,1,0
2371,1757,417,231,168,349,9,1,0
2372,1757,417,231,168,349,9,1,0
2373,1757,417,231,168,349,9,1,0
2374,1757,417,231,168,349,9,1,0
2375,1757,417,231,168,349,9,1,0
2376,1757,417,231,168,349,9,1,0
2377,1757,417,231,168,349,9,1,0
2378,1757,417,231,168,349,9,1,0
2379,1756,417,231,168,349,9,1,0
2380,1756,417,231,168,349,9,1,0
2381,1756,417,231,168,349,9,1,0
2382,1756,417,231,168,349,9,1,0
2383,1756,417,231,168,349,9,1,0
2384,1757,417,231,168,349,9,1,0
2385,1757,417,231,168,349,9,1,0
2386,1757,417,231,168,349,9,1,0
2387,1757,417,231,168,349,9,1,0
2388,1756,417,231,169,349,9,1,0
2389,1757,417,231,169,349,9,1,0
2390,1756,417,231,169,349,9,1,0
2391,1756,417,231,169,349,9,1,0
2392,1757,417,231,168,349,9,1,0
2393,1757,417,231,168,349,9,1,0
2394,1757,417,231,168,349,9,1,0
2395,1757,417,231,168,349,9,1,0
2396,1757,417,231,168,349,9,1,0
2397,1757,417,231,168,349,9,1,0
2398,1757,417,231,168,349,9,1,0
2399,1757,417,231,168,349,9,1,0
2400,1757,417,231,169,349,9,1,0
2401,1757,417,231,168,349,9,1,0
2402,1757,417,231,169,349,9,1,0
2403,1757,417,231,169,349,9,1,0
2404,1757,417,231,169,349,9,1,0
2405,1757,417,231,169,349,9,1,0
2406,1757,417,231,168,349,9,1,0
2407,1757,417,231,169,349,9,1,0
2408,1757,417,231,169,349,9,1,0
2409,1757,417,231,169,349,9,1,0
2410,1757,417,231,169,349,9,1,0
2411,1757,417,231,169,349,9,1,0
2412,1757,417,231,168,349,9,1,0
2413,1757,417,231,168,349,9,1,0
2414,1757,417,231,168,349,9,1,0
2415,1757,417,231,168,349,9,1,0
2416,1757,417,231,168,349,9,1,0
2417,1757,417,231,168,349,9,1,0
2418,1757,417,231,168,349,9,1,0
2419,1757,417,231,168,349,9,1,0
2420,1757,417,231,168,349,9,1,0
2421,1757,417,231,168,349,9,1,0
1953,2325,465,131,115,351,3,0,1
1954,2325,464,141,127,351,3,0,1
1955,2325,464,167,128,351,3,0,1
1956,2325,464,181,128,351,3,0,1
1957,2325,464,191,128,351,3,0,1
1958,2325,464,209,128,351,3,0,1
1959,2325,464,228,129,351,3,0,1
1960,2325,464,234,130,351,3,0,1
1961,2325,464,234,130,351,3,0,1
1962,2325,464,234,131,351,3,0,1
1963,2325,464,234,131,351,3,0,0
1964,2325,464,234,132,351,3,0,0
1965,2325,464,234,132,351,3,0,0
1966,2325,464,234,132,351,3,0,0
1967,2325,464,234,132,351,3,0,0
1968,2325,465,234,131,351,3,0,0
1969,2324,464,234,132,351,3,0,0
1970,2325,464,234,132,351,3,0,0
1971,2325,464,234,132,351,3,0,0
1972,2325,464,234,132,351,3,0,0
1973,2325,464,234,132,351,3,0,0
1974,2325,464,234,132,351,3,0,0
1975,2325,464,234,132,351,3,0,0
1976,2325,464,234,132,351,3,0,0
1977,2325,464,234,132,351,3,0,0
1978,2325,464,234,132,351,3,0,0
1979,2324,464,234,132,351,3,0,0
1980,2325,464,234,131,351,3,0,0
1981,2325,464,234,131,351,3,0,0
1982,2325,464,234,131,351,3,0,0
1983,2325,464,234,131,351,3,0,0
1984,2325,464,234,131,351,3,0,0
1985,2325,465,234,131,351,3,0,0
1986,2325,465,234,131,351,3,0,0
1987,2325,465,234,131,351,3,0,0
1988,2325,465,234,131,351,3,0,0
1989,2325,465,234,131,351,3,0,0
1990,2325,465,234,131,351,3,0,0
1991,2325,465,234,131,351,3,0,0
1992,2325,465,234,131,351,3,0,0
1993,2325,465,234,131,351,3,0,0
1994,2325,465,234,131,351,3,0,0
1995,2325,465,234,131,351,3,0,0
1996,2325,465,234,131,351,3,0,0
1997,2325,465,234,131,351,3,0,0
1998,2325,464,234,131,351,3,0,0
1999,2325,464,234,131,351,3,0,0
2000,2325,464,234,131,351,3,0,0
2001,2325,464,234,131,351,3,0,0
2002,2325,464,234,131,351,3,0,0
2003,2325,465,234,131,351,3,0,0
2004,2325,464,234,131,351,3,0,0
2005,2325,464,234,131,351,3,0,0
2006,2324,464,234,131,351,3,0,0
2007,2324,464,234,131,351,3,0,0
2008,2324,464,234,131,351,3,0,0
2009,2325,465,234,131,351,3,0,0
2010,2325,465,234,131,351,3,0,0
2011,2325,465,234,131,351,3,0,0
2012,2325,465,234,131,351,3,0,0
2013,2324,465,234,131,351,3,0,0
2014,2325,465,234,131,351,3,0,0
2015,2325,465,234,131,351,3,0,0
2016,2325,465,234,131,351,3,0,0
2017,2325,465,234,131,351,3,0,0
2018,2325,465,234,131,351,3,0,0
2019,2325,464,234,131,351,3,0,0
2020,2325,464,234,131,351,3,0,0
2021,2325,465,234,131,351,3,0,0
2022,2325,465,234,131,351,3,0,0
2023,2325,465,234,131,351,3,0,0
2024,2325,465,234,131,351,3,0,0
2025,2325,465,234,131,351,3,0,0
2026,2325,464,234,131,351,3,0,0
2027,2325,464,234,131,351,3,0,0
2028,2325,465,234,131,351,3,0,0
2029,2325,465,234,131,351,3,0,0
2030,2325,465,234,130,351,3,0,0
2031,2325,465,234,131,351,3,0,0
2032,2325,465,234,130,351,3,0,0
2033,2325,465,234,130,351,3,0,0
2034,2325,465,234,130,351,3,0,0
2035,2325,465,234,130,351,3,0,0
2036,2325,465,234,130,351,3,0,0
2037,2325,465,234,131,351,3,0,0
2038,2325,465,234,131,351,3,0,0
2039,2324,465,235,131,351,3,0,0
2040,2324,465,235,132,351,3,0,0
2041,2324,464,235,132,351,3,0,0
2042,2324,464,235,132,351,3,0,0
2043,2324,464,235,132,351,3,0,0
2044,2324,464,235,132,351,3,0,0
2045,2324,464,235,132,351,3,0,0
2046,2324,464,235,132,351,3,0,0
2047,2324,464,235,132,351,3,0,0
2048,2324,464,235,132,351,3,0,0
2049,2324,464,235,131,351,3,0,0
2050,2324,464,234,131,351,3,0,0
2051,2324,464,234,131,351,3,0,0
2052,2324,465,234,131,351,3,0,0
2053,2324,465,234,131,351,3,0,0
2054,2324,465,234,131,351,3,0,0
2055,2324,465,234,131,351,3,0,0
2056,2324,465,234,131,351,3,0,0
2057,2324,465,234,131,351,3,0,0
2058,2324,465,234,131,351,3,0,0
2059,2325,464,234,132,351,3,0,0
2060,2325,464,234,132,351,3,0,0
2061,2325,464,234,132,351,3,0,0
2062,2325,464,234,132,351,3,0,0
2063,2325,464,234,132,351,3,0,0
2064,2325,465,234,131,351,3,0,0
2065,2325,465,234,131,351,3,0,0
2066,2325,465,234,132,351,3,0,0
2067,2325,465,234,131,351,3,0,0
2068,2325,465,234,131,351,3,0,0
2069,2325,465,234,130,351,3,0,0
2070,2325,465,234,130,351,3,0,0
2071,2325,465,234,130,351,3,0,0
2072,2325,465,234,130,351,3,0,0
2073,2325,465,234,130,351,3,0,0
2074,2325,465,234,130,351,3,0,0
2075,2325,465,234,130,351,3,0,0
2076,2325,465,234,131,351,3,0,0
2077,2325,465,234,131,351,3,0,0
2078,2325,465,234,131,351,3,0,0
2079,2325,465,234,131,351,3,0,0
2080,2325,465,234,131,351,3,0,0
2081,2325,465,234,131,351,3,0,0
2082,2325,465,234,131,351,3,0,0
2083,2325,465,234,131,351,3,0,0
2084,2325,465,234,131,351,3,0,0
2085,2325,465,234,131,351,3,0,0
2086,2325,465,234,131,351,3,0,0
2087,2324,465,234,131,351,3,0,0
2088,2324,465,235,131,351,3,0,0
2089,2325,464,234,131,351,3,0,0
2090,2325,464,234,131,351,3,0,0
2091,2325,464,234,131,351,3,0,0
2092,2325,464,234,131,351,3,0,0
2093,2324,464,234,131,351,3,0,0
2094,2325,464,234,131,351,3,0,0
2095,2324,464,234,131,351,3,0,0
2096,2324,464,234,131,351,3,0,0
2097,2324,464,234,131,351,3,0,0
2098,2324,464,234,131,351,3,0,0
2099,2324,465,235,131,351,3,0,0
2100,2325,465,234,130,351,3,0,0
2101,2325,465,234,130,351,3,0,0
2102,2325,465,234,130,351,3,0,0
2103,2325,465,234,130,351,3,0,0
2104,2325,465,234,130,351,3,0,0
2105,2325,465,234,130,351,3,0,0
2106,2325,465,234,130,351,3,0,0
2107,2325,465,234,130,351,3,0,0
2108,2324,465,234,130,351,3,0,0
2109,2324,465,234,130,351,3,0,0
2110,2325,464,234,130,351,3,0,0
2111,2325,464,234,130,351,3,0,0
2112,2325,465,234,131,351,3,0,0
2113,2325,465,234,131,351,3,0,0
2114,2324,465,234,131,351,3,0,0
2115,2324,465,234,131,351,3,0,0
2116,2324,465,234,131,351,3,0,0
2117,2324,465,234,131,351,3,0,0
2118,2324,464,234,131,351,3,0,0
2119,2324,464,234,131,351,3,0,0
2120,2324,465,234,130,351,3,0,0
2121,2324,465,234,130,351,3,0,0
2122,2324,465,234,130,351,3,0,0
2123,2324,465,234,130,351,3,0,0
2124,2325,465,234,130,351,3,0,0
2125,2325,465,234,130,351,3,0,0
2126,2325,466,234,131,351,3,0,0
2127,2325,465,234,131,351,3,0,0
2128,2325,465,234,131,351,3,0,0
2129,2325,465,234,131,351,3,0,0
2130,2325,465,234,131,351,3,0,0
2131,2325,465,234,131,351,3,0,0
2132,2325,465,234,131,351,3,0,0
2133,2325,465,234,131,351,3,0,0
2134,2325,465,234,131,351,3,0,0
2135,2325,465,234,131,351,3,0,0
2136,2325,464,234,132,351,3,0,0
2137,2325,464,234,132,351,3,0,0
2138,2324,464,235,132,351,3,0,0
2139,2324,464,235,132,351,3,0,0
2140,2324,464,235,132,351,3,0,0
2141,2324,464,235,132,351,3,0,0
2142,2324,464,235,132,351,3,0,0
2143,2324,464,235,132,351,3,0,0
2144,2324,464,235,132,351,3,0,0
2145,2324,464,235,132,351,3,0,0
2146,2324,464,235,132,351,3,0,0
2147,2324,464,235,132,351,3,0,0
2148,2325,465,234,132,351,3,0,0
2149,2325,465,234,132,351,3,0,0
2150,2325,465,234,132,351,3,0,0
2151,2325,465,234,132,351,3,0,0
2152,2325,465,234,132,351,3,0,0
2153,2325,465,234,131,351,3,0,0
2154,2325,465,234,131,351,3,0,0
2155,2325,465,234,131,351,3,0,0
2156,2325,465,234,131,351,3,0,0
2157,2325,465,234,131,351,3,0,0
2158,2325,465,234,132,351,3,0,0
2159,2325,465,234,132,351,3,0,0
2160,2325,464,234,131,351,3,0,0
2161,2325,464,234,131,351,3,0,0
2162,2325,464,234,131,351,3,0,0
2163,2325,464,234,131,351,3,0,0
2164,2325,464,234,131,351,3,0,0
2165,2325,465,234,131,351,3,0,0
2166,2325,465,234,131,351,3,0,0
2167,2325,465,234,131,351,3,0,0
2168,2325,465,234,131,351,3,0,0
2169,2325,465,234,131,351,3,0,0
2170,2325,465,234,131,351,3,0,0
2171,2325,465,234,130,351,3,0,0
2172,2325,465,234,130,351,3,0,0
2173,2325,465,234,130,351,3,0,0
2174,2325,465,234,130,351,3,0,0
2175,2325,465,234,130,351,3,0,0
2176,2325,465,234,130,351,3,0,0
2177,2325,465,234,130,351,3,0,0
2178,2325,465,234,130,351,3,0,0
2179,2325,465,234,130,351,3,0,0
2180,2325,465,234,130,351,3,0,0
2181,2325,465,234,130,351,3,0,0
2182,2325,465,234,130,351,3,0,0
2183,2325,465,234,131,351,3,0,0
2184,2325,465,234,130,351,3,0,0
2185,2325,465,234,130,351,3,0,0
2186,2325,465,234,130,351,3,0,0
2187,2325,465,234,130,351,3,0,0
2188,2325,465,234,130,351,3,0,0
2189,2325,465,234,130,351,3,0,0
2190,2325,465,234,130,351,3,0,0
2191,2325,465,234,130,351,3,0,0
2192,2325,465,234,130,351,3,0,0
2193,2325,465,234,130,351,3,0,0
2194,2325,465,234,130,351,3,0,0
2195,2325,465,234,130,351,3,0,0
2196,2325,465,234,130,351,3,0,0
2197,2325,465,234,130,351,3,0,0
2198,2325,465,234,130,351,3,0,0
2199,2325,465,234,130,351,3,0,0
2200,2324,465,235,129,351,3,0,0
2201,2324,465,235,129,351,3,0,0
2202,2324,465,235,129,351,3,0,0
2203,2324,465,235,129,351,3,0,0
2204,2324,465,235,129,351,3,0,0
2205,2324,465,235,129,351,3,0,0
2206,2324,465,235,129,351,3,0,0
2207,2324,465,235,129,351,3,0,0
2208,2324,465,235,130,351,3,0,0
2209,2324,465,235,130,351,3,0,0
2210,2324,465,235,130,351,3,0,0
2211,2324,465,235,130,351,3,0,0
2212,2324,465,235,130,351,3,0,0
2213,2324,465,235,130,351,3,0,0
2214,2323,465,235,130,351,3,0,0
2215,2324,465,235,130,351,3,0,0
2216,2324,465,235,130,351,3,0,0
2217,2324,465,235,130,351,3,0,0
2218,2324,465,235,130,351,3,0,0
2219,2323,465,235,130,351,3,0,0
2220,2324,465,235,130,351,3,0,0
2221,2324,465,235,130,351,3,0,0
2222,2324,465,235,130,351,3,0,0
2223,2324,465,235,130,351,3,0,0
2224,2324,465,235,130,351,3,0,0
2225,2324,465,235,130,351,3,0,0
2226,2324,465,235,130,351,3,0,0
2227,2324,465,235,130,351,3,0,0
2228,2324,465,235,130,351,3,0,0
2229,2324,465,235,130,351,3,0,0
2230,2324,465,235,130,351,3,0,0
2231,2324,465,235,130,351,3,0,0
2232,2324,465,235,130,351,3,0,0
2233,2324,465,235,130,351,3,0,0
2234,2324,465,235,130,351,3,0,0
2235,2324,465,235,130,351,3,0,0
2236,2324,465,235,130,351,3,0,0
2237,2324,465,235,130,351,3,0,0
2238,2324,465,235,130,351,3,0,0
2239,2324,465,235,130,351,3,0,0
2240,2324,465,235,130,351,3,0,0
2241,2324,465,235,130,351,3,0,0
2242,2324,465,235,130,351,3,0,0
2243,2324,465,235,130,351,3,0,0
2244,2324,465,235,130,351,3,0,0
2245,2324,465,235,130,351,3,0,0
2246,2324,465,235,130,351,3,0,0
2247,2324,465,235,130,351,3,0,0
2248,2324,465,235,130,351,3,0,0
2249,2324,465,235,130,351,3,0,0
2250,2325,465,234,130,351,3,0,0
2251,2325,465,234,130,351,3,0,0
2252,2325,465,234,130,351,3,0,0
2253,2325,465,234,130,351,3,0,0
2254,2324,465,234,130,351,3,0,0
2255,2324,465,234,130,351,3,0,0
2256,2324,465,234,130,351,3,0,0
2257,2324,465,234,130,351,3,0,0
2258,2324,465,234,130,351,3,0,0
2259,2324,465,234,130,351,3,0,0
2260,2324,465,234,131,351,3,0,0
2261,2324,465,234,131,351,3,0,0
2262,2325,465,234,131,351,3,0,0
2263,2325,465,234,130,351,3,0,0
2264,2325,465,234,130,351,3,0,0
2265,2325,465,234,131,351,3,0,0
2266,2325,465,234,130,351,3,0,0
2267,2325,465,234,130,351,3,0,0
2268,2325,465,234,130,351,3,0,0
2269,2325,465,234,130,351,3,0,0
2270,2325,465,234,130,351,3,0,0
2271,2325,465,234,130,351,3,0,0
2272,2325,464,234,131,351,3,0,0
2273,2325,464,234,131,351,3,0,0
2274,2325,464,234,131,351,3,0,0
2275,2325,464,234,131,351,3,0,0
2276,2325,464,234,131,351,3,0,0
2277,2325,464,234,131,351,3,0,0
2278,2325,464,234,131,351,3,0,0
2279,2325,464,234,131,351,3,0,0
2280,2325,465,234,130,351,3,0,0
2281,2325,465,234,130,351,3,0,0
2282,2325,465,234,130,351,3,0,0
2283,2325,464,234,130,351,3,0,0
2284,2325,464,234,130,351,3,0,0
2285,2325,465,234,130,351,3,0,0
2286,2325,465,234,130,351,3,0,0
2287,2325,465,234,130,351,3,0,0
2288,2325,465,234,130,351,3,0,0
2289,2325,465,234,130,351,3,0,0
2290,2325,465,234,130,351,3,0,0
2291,2325,465,234,130,351,3,0,0
2292,2325,465,234,131,351,3,0,0
2293,2325,465,234,131,351,3,0,0
2294,2325,465,234,131,351,3,0,0
2295,2325,465,234,130,351,3,0,0
2296,2325,465,234,131,351,3,0,0
2297,2324,465,234,131,351,3,0,0
2298,2324,465,234,131,351,3,0,0
2299,2324,465,234,131,351,3,0,0
2300,2325,465,234,130,351,3,0,0
2301,2325,465,234,130,351,3,0,0
2302,2325,465,234,131,351,3,0,0
2303,2324,465,234,130,351,3,0,0
2304,2324,464,235,132,351,3,0,0
2305,2324,464,235,132,351,3,0,0
2306,2324,464,235,132,351,3,0,0
2307,2324,464,235,132,351,3,0,0
2308,2324,464,235,132,351,3,0,0
2309,2324,464,235,132,351,3,0,0
2310,2324,464,235,132,351,3,0,0
2311,2324,464,235,132,351,3,0,0
2312,2325,465,234,131,351,3,0,0
2313,2325,465,234,131,351,3,0,0
2314,2325,465,234,131,351,3,0,0
2315,2324,465,234,131,351,3,0,0
2316,2324,464,234,131,351,3,0,0
2317,2324,464,234,132,351,3,0,0
2318,2324,464,234,132,351,3,0,0
2319,2324,464,234,132,351,3,0,0
2320,2324,464,234,132,351,3,0,0
2321,2324,464,234,132,351,3,0,0
2322,2325,465,234,132,351,3,0,0
2323,2325,465,234,132,351,3,0,0
2324,2325,465,234,132,351,3,0,0
2325,2325,465,234,132,351,3,0,0
2326,2325,464,234,132,351,3,0,0
2327,2325,464,234,132,351,3,0,0
2328,2325,465,234,131,351,3,0,0
2329,2325,465,234,131,351,3,0,0
2330,2325,465,234,131,351,3,0,0
2331,2325,465,234,132,351,3,0,0
2332,2324,464,234,133,351,3,0,0
2333,2324,464,234,132,351,3,0,0
2334,2324,464,234,132,351,3,0,0
2335,2324,464,234,132,351,3,0,0
2336,2325,464,234,132,351,3,0,0
2337,2325,464,234,132,351,3,0,0
2338,2325,464,234,132,351,3,0,0
2339,2325,464,234,131,351,3,0,0
2340,2325,464,234,131,351,3,0,0
2341,2325,464,234,131,351,3,0,0
2342,2325,465,234,132,351,3,0,0
2343,2325,465,234,132,351,3,0,0
2344,2325,465,234,132,351,3,0,0
2345,2325,465,234,132,351,3,0,0
2346,2325,465,234,132,351,3,0,0
2347,2325,465,234,131,351,3,0,0
2348,2325,465,234,131,351,3,0,0
2349,2325,465,234,131,351,3,0,0
2350,2325,465,234,131,351,3,0,0
2351,2325,465,234,131,351,3,0,0
2352,2324,464,234,131,351,3,0,0
2353,2324,464,234,131,351,3,0,0
2354,2324,464,234,131,351,3,0,0
2355,2324,464,234,131,351,3,0,0
2356,2324,464,234,131,351,3,0,0
2357,2324,464,235,131,351,3,0,0
2358,2324,464,235,131,351,3,0,0
2359,2324,464,234,131,351,3,0,0
2360,2324,464,235,130,351,3,0,0
2361,2324,464,234,131,351,3,0,0
2362,2324,464,234,131,351,3,0,0
2363,2324,464,234,131,351,3,0,0
2364,2325,465,234,131,351,3,0,0
2365,2325,465,234,131,351,3,0,0
2366,2325,465,234,131,351,3,0,0
2367,2325,465,234,131,351,3,0,0
2368,2325,465,234,131,351,3,0,0
2369,2325,465,234,131,351,3,0,0
2370,2325,465,234,131,351,3,0,0
2371,2324,465,234,131,351,3,0,0
2372,2325,465,234,131,351,3,0,0
2373,2325,465,234,131,351,3,0,0
2374,2325,465,234,131,351,3,0,0
2375,2325,465,234,131,351,3,0,0
2376,2324,465,235,132,351,3,0,0
2377,2324,465,235,132,351,3,0,0
2378,2324,465,235,132,351,3,0,0
2379,2324,465,235,132,351,3,0,0
2380,2325,465,234,132,351,3,0,0
2381,2324,464,234,132,351,3,0,0
2382,2325,464,234,132,351,3,0,0
2383,2325,464,234,132,351,3,0,0
2384,2325,464,234,132,351,3,0,0
2385,2325,464,234,133,351,3,0,0
2386,2325,464,234,133,351,3,0,0
2387,2325,464,234,132,351,3,0,0
2388,2325,464,234,132,351,3,0,0
2389,2325,464,234,132,351,3,0,0
2390,2325,464,234,132,351,3,0,0
2391,2325,464,234,132,351,3,0,0
2392,2324,464,234,131,351,3,0,0
2393,2324,464,234,131,351,3,0,0
2394,2324,464,234,131,351,3,0,0
2395,2324,464,234,131,351,3,0,0
2396,2324,464,234,131,351,3,0,0
2397,2324,464,234,131,351,3,0,0
2398,2324,464,234,131,351,3,0,0
2399,2324,464,235,131,351,3,0,0
2400,2324,464,235,131,351,3,0,0
2401,2324,464,235,131,351,3,0,0
2402,2324,464,235,131,351,3,0,0
2403,2324,464,235,131,351,3,0,0
2404,2324,464,234,131,351,3,0,0
2405,2324,464,235,131,351,3,0,0
2406,2324,464,235,131,351,3,0,0
2407,2324,464,235,131,351,3,0,0
2408,2324,464,235,131,351,3,0,0
2409,2324,464,235,131,351,3,0,0
2410,2324,464,234,131,351,3,0,0
2411,2324,464,235,131,351,3,0,0
2412,2324,465,235,131,351,3,0,0
2413,2324,465,235,131,351,3,0,0
2414,2324,465,234,131,351,3,0,0
2415,2324,465,234,131,351,3,0,0
2416,2324,465,235,131,351,3,0,0
2417,2324,465,235,131,351,3,0,0
2418,2324,465,235,131,351,3,0,0
2419,2324,465,235,131,351,3,0,0
2420,2324,465,235,131,351,3,0,0
2421,2324,465,235,131,351,3,0,0
2119,2361,909,197,276,353,9,1,27
2120,2198,846,361,376,353,9,1,27
2121,2026,805,532,402,353,9,1,27
2122,1855,788,703,404,353,9,1,27
2123,1685,773,872,448,353,9,1,27
2124,1518,759,1022,450,353,9,1,27
2125,1339,743,1011,450,353,9,1,27
2126,1162,729,999,447,353,9,1,27
2127,990,713,982,446,353,9,1,27
2128,815,701,973,442,353,9,1,27
2129,645,686,962,439,353,9,1,27
2130,471,670,967,435,353,9,1,27
2131,319,660,946,427,353,9,1,27
2132,156,646,939,424,353,9,1,27
2133,13,633,922,415,353,9,1,27
2134,1,621,778,409,353,9,1,27
2135,1,609,627,403,353,9,1,27
2136,0,598,483,397,353,9,1,27
2137,0,588,339,388,353,9,1,27
2311,1,1030,695,689,355,9,0,43
2312,0,1052,1107,724,355,9,0,43
2313,160,1088,1400,740,355,9,0,43
2314,624,1125,1408,743,355,9,0,43
2315,1100,1161,1419,743,355,9,0,43
2316,1551,1194,1007,676,355,9,0,43
2317,1979,1219,580,682,355,9,0,43
2360,2343,903,215,247,357,9,0,42
2361,2085,833,473,334,357,9,0,42
2362,1818,817,741,354,357,9,0,42
2363,1557,799,958,363,357,9,0,42
2364,1288,779,951,362,357,9,0,42
2365,1015,757,943,364,357,9,0,43
2366,747,736,932,362,357,9,0,43
2367,482,717,920,357,357,9,0,43
2368,228,700,909,349,357,9,0,43
2369,0,681,876,343,357,9,0,43
2370,0,662,627,340,357,9,0,43
2371,0,651,389,327,357,9,0,43
2372,0,674,162,238,357,9,0,43
