frame,bbox_topleft_x,bbox_topleft_y,bbox_width,bbox_height,track_id,color,type,speed
0,1284,358,233,187,0,9,0,4
1,1284,356,233,189,0,9,0,3
2,1284,356,233,188,0,9,0,2
3,1284,358,233,187,0,9,0,1
4,1284,358,233,187,0,9,0,0
5,1284,358,233,187,0,9,0,0
6,1284,358,233,187,0,9,0,0
7,1284,358,233,187,0,9,0,0
8,1284,357,233,188,0,9,0,0
9,1285,357,232,188,0,9,0,0
10,1284,358,232,187,0,9,0,0
11,1284,358,233,187,0,9,0,0
12,1284,356,233,188,0,9,0,0
13,1284,356,233,189,0,9,0,0
14,1284,357,233,188,0,9,0,0
15,1284,357,233,188,0,9,0,0
16,1284,357,233,187,0,9,0,0
17,1284,356,233,188,0,9,0,0
18,1284,355,233,189,0,9,0,0
19,1284,356,233,188,0,9,0,0
20,1284,356,233,188,0,9,0,0
21,1284,357,233,187,0,9,0,0
22,1284,357,233,187,0,9,0,0
23,1284,357,233,187,0,9,0,0
24,1284,357,233,189,0,9,0,0
25,1284,357,233,189,0,9,0,0
26,1284,357,233,187,0,9,0,0
27,1284,357,233,187,0,9,0,0
28,1284,357,233,189,0,9,0,0
29,1284,356,232,188,0,9,0,0
30,1284,356,232,190,0,9,0,0
31,1284,355,233,190,0,9,0,0
32,1284,356,233,188,0,9,0,0
33,1285,356,232,189,0,9,0,0
34,1285,356,232,190,0,9,0,0
35,1285,356,232,191,0,9,0,1
36,1284,357,233,189,0,9,0,1
37,1284,357,233,190,0,9,0,1
38,1284,357,233,190,0,9,0,1
39,1284,357,233,190,0,9,0,0
40,1284,356,233,190,0,9,0,0
41,1284,357,233,189,0,9,0,0
42,1284,357,233,189,0,9,0,0
43,1284,356,233,189,0,9,0,0
44,1284,354,232,192,0,9,0,0
45,1284,353,233,192,0,9,0,0
46,1284,353,233,192,0,9,0,0
47,1284,353,233,191,0,9,0,0
48,1284,354,232,191,0,9,0,0
49,1284,354,232,191,0,9,0,0
50,1284,354,232,191,0,9,0,0
51,1284,354,232,191,0,9,0,0
52,1284,354,232,191,0,9,0,0
53,1284,355,233,190,0,9,0,0
54,1284,354,232,191,0,9,0,0
55,1284,354,233,191,0,9,0,0
56,1284,356,233,189,0,9,0,0
57,1284,357,233,189,0,9,0,0
58,1284,356,233,190,0,9,0,0
59,1284,357,233,189,0,9,0,0
60,1284,357,233,190,0,9,0,0
61,1284,357,233,189,0,9,0,0
62,1284,357,233,190,0,9,0,0
63,1284,356,233,188,0,9,0,0
64,1284,356,233,188,0,9,0,0
65,1284,356,233,189,0,9,0,0
66,1284,357,232,188,0,9,0,0
67,1284,356,233,189,0,9,0,0
68,1284,356,233,188,0,9,0,0
69,1284,356,232,189,0,9,0,0
70,1284,356,233,188,0,9,0,0
71,1284,355,232,190,0,9,0,0
72,1284,354,232,190,0,9,0,0
73,1284,354,232,191,0,9,0,0
74,1284,355,233,189,0,9,0,0
75,1284,355,233,189,0,9,0,0
76,1284,355,233,189,0,9,0,0
77,1284,355,232,191,0,9,0,0
78,1284,355,232,191,0,9,0,0
79,1284,355,233,189,0,9,0,0
80,1284,355,233,190,0,9,0,0
81,1284,355,233,189,0,9,0,0
82,1284,355,233,190,0,9,0,0
83,1284,355,233,190,0,9,0,0
84,1284,355,233,190,0,9,0,0
85,1284,355,233,190,0,9,0,0
86,1284,355,233,190,0,9,0,0
87,1284,355,233,189,0,9,0,0
88,1284,355,233,190,0,9,0,0
89,1284,355,233,190,0,9,0,0
90,1284,354,232,191,0,9,0,0
91,1284,355,233,191,0,9,0,0
92,1284,354,233,190,0,9,0,0
93,1284,354,233,190,0,9,0,0
94,1284,354,233,191,0,9,0,0
95,1284,354,233,191,0,9,0,0
96,1284,354,232,191,0,9,0,0
97,1284,354,233,191,0,9,0,0
98,1284,354,232,191,0,9,0,0
99,1284,354,232,191,0,9,0,0
100,1284,354,232,191,0,9,0,0
101,1284,354,233,190,0,9,0,0
102,1284,356,233,189,0,9,0,0
103,1284,356,233,190,0,9,0,0
104,1284,355,233,189,0,9,0,0
105,1284,355,233,190,0,9,0,0
106,1284,355,233,190,0,9,0,0
107,1284,355,233,190,0,9,0,0
108,1283,359,233,187,0,9,0,0
109,1283,359,233,187,0,9,0,0
110,1283,359,233,187,0,9,0,0
111,1283,359,233,187,0,9,0,0
112,1283,359,233,187,0,9,0,0
113,1283,358,234,187,0,9,0,0
114,1283,357,234,189,0,9,0,0
115,1284,357,233,188,0,9,0,0
116,1283,357,233,189,0,9,0,0
117,1283,357,233,188,0,9,0,0
118,1283,357,233,188,0,9,0,0
119,1284,357,233,188,0,9,0,0
120,1284,355,233,190,0,9,0,0
121,1284,356,233,190,0,9,0,0
122,1284,356,233,190,0,9,0,0
123,1284,356,233,190,0,9,0,0
124,1284,356,233,190,0,9,0,0
125,1284,357,233,189,0,9,0,0
126,1284,357,233,189,0,9,0,0
127,1284,356,233,189,0,9,0,0
128,1284,356,233,190,0,9,0,0
129,1284,356,233,190,0,9,0,0
130,1284,356,233,190,0,9,0,0
131,1284,356,233,190,0,9,0,0
132,1284,356,233,188,0,9,0,0
133,1284,356,233,188,0,9,0,0
134,1284,356,233,188,0,9,0,0
135,1284,357,233,188,0,9,0,0
136,1284,357,233,188,0,9,0,0
137,1284,357,233,188,0,9,0,0
138,1284,356,233,188,0,9,0,0
139,1283,356,233,189,0,9,0,0
140,1283,356,233,189,0,9,0,0
141,1284,356,233,188,0,9,0,0
142,1284,356,233,188,0,9,0,0
143,1284,356,233,188,0,9,0,0
144,1284,354,233,190,0,9,0,0
145,1284,354,233,190,0,9,0,0
146,1284,355,233,190,0,9,0,0
147,1284,357,233,187,0,9,0,0
148,1283,355,233,191,0,9,0,0
149,1284,355,233,189,0,9,0,0
150,1284,354,233,191,0,9,0,0
151,1284,355,233,189,0,9,0,0
152,1284,354,233,191,0,9,0,0
153,1284,354,233,192,0,9,0,0
154,1284,354,233,192,0,9,0,0
155,1284,354,233,192,0,9,0,0
156,1284,356,233,189,0,9,0,0
157,1284,356,233,189,0,9,0,0
158,1284,356,233,189,0,9,0,0
159,1284,356,233,188,0,9,0,0
160,1284,356,233,188,0,9,0,0
161,1284,357,233,187,0,9,0,0
162,1284,357,233,186,0,9,0,0
163,1284,357,233,187,0,9,0,0
164,1284,357,233,187,0,9,0,0
165,1284,357,233,187,0,9,0,0
166,1284,356,233,188,0,9,0,0
167,1283,356,234,190,0,9,0,0
168,1283,358,233,187,0,9,0,0
169,1283,358,233,187,0,9,0,0
170,1284,360,234,184,0,9,0,0
171,1284,359,233,185,0,9,0,0
172,1284,359,233,185,0,9,0,0
173,1284,359,233,187,0,9,0,0
174,1283,359,233,186,0,9,0,0
175,1283,359,233,187,0,9,0,0
176,1283,359,233,187,0,9,0,0
177,1284,359,233,186,0,9,0,0
178,1283,358,233,188,0,9,0,0
179,1283,358,233,188,0,9,0,0
180,1284,357,234,187,0,9,0,0
181,1284,357,234,187,0,9,0,0
182,1284,358,234,186,0,9,0,0
183,1284,357,234,188,0,9,0,0
184,1284,358,234,186,0,9,0,0
185,1283,358,234,187,0,9,0,0
186,1283,358,234,187,0,9,0,0
187,1283,357,234,188,0,9,0,0
188,1282,357,234,188,0,9,0,0
189,1283,357,234,188,0,9,0,0
190,1283,358,234,188,0,9,0,0
191,1283,358,234,188,0,9,0,0
192,1283,359,234,187,0,9,0,0
193,1283,359,234,187,0,9,0,0
194,1283,359,234,187,0,9,0,0
195,1283,359,234,187,0,9,0,0
196,1283,359,234,187,0,9,0,0
197,1283,358,233,188,0,9,0,0
198,1283,358,233,188,0,9,0,0
199,1283,358,233,189,0,9,0,0
200,1283,358,233,189,0,9,0,0
201,1283,358,233,189,0,9,0,0
202,1283,358,233,189,0,9,0,0
203,1284,358,233,187,0,9,0,1
204,1284,358,233,187,0,9,0,1
205,1284,358,233,186,0,9,0,1
206,1284,358,233,186,0,9,0,1
207,1284,358,233,187,0,9,0,1
208,1284,357,233,188,0,9,0,0
209,1284,356,233,189,0,9,0,0
210,1284,356,233,189,0,9,0,0
211,1284,356,233,189,0,9,0,0
212,1284,356,233,189,0,9,0,0
213,1284,356,233,189,0,9,0,0
214,1283,359,234,186,0,9,0,0
215,1283,359,234,187,0,9,0,0
216,1283,360,233,186,0,9,0,0
217,1283,361,234,186,0,9,0,0
218,1283,361,234,185,0,9,0,0
219,1283,360,233,186,0,9,0,0
220,1284,359,233,187,0,9,0,0
221,1283,359,234,187,0,9,0,0
222,1283,360,234,184,0,9,0,0
223,1283,360,234,185,0,9,0,0
224,1283,360,233,184,0,9,0,0
225,1283,359,234,185,0,9,0,0
226,1283,359,234,185,0,9,0,0
227,1284,359,233,185,0,9,0,0
228,1284,360,233,185,0,9,0,0
229,1284,359,233,186,0,9,0,0
230,1284,359,233,186,0,9,0,0
231,1284,360,232,187,0,9,0,0
232,1284,360,233,185,0,9,0,0
233,1284,360,233,185,0,9,0,0
234,1284,360,233,187,0,9,0,0
235,1284,360,233,187,0,9,0,0
236,1284,359,233,187,0,9,0,0
237,1284,358,233,187,0,9,0,0
238,1284,358,233,187,0,9,0,0
239,1284,357,233,188,0,9,0,0
240,1284,356,234,189,0,9,0,1
241,1284,355,234,190,0,9,0,1
242,1284,356,233,188,0,9,0,0
243,1284,355,234,189,0,9,0,0
244,1284,355,234,190,0,9,0,0
245,1284,355,234,190,0,9,0,0
246,1284,354,233,192,0,9,0,0
247,1284,354,233,192,0,9,0,0
248,1284,354,233,192,0,9,0,0
249,1284,354,233,192,0,9,0,0
250,1283,355,234,190,0,9,0,0
251,1284,357,234,188,0,9,0,0
252,1284,358,233,189,0,9,0,0
253,1284,357,233,190,0,9,0,0
254,1284,361,234,185,0,9,0,0
255,1284,361,234,185,0,9,0,0
256,1284,362,233,185,0,9,0,0
257,1284,362,234,184,0,9,0,0
258,1284,362,234,184,0,9,0,0
259,1284,362,234,185,0,9,0,0
260,1284,362,233,185,0,9,0,0
261,1284,361,233,185,0,9,0,0
262,1284,361,233,186,0,9,0,0
263,1283,360,233,186,0,9,0,0
264,1283,360,234,186,0,9,0,0
265,1283,359,233,187,0,9,0,0
266,1283,359,234,187,0,9,0,0
267,1283,359,234,187,0,9,0,0
268,1283,359,233,187,0,9,0,0
269,1283,359,234,187,0,9,0,0
270,1283,358,234,188,0,9,0,0
271,1283,358,234,188,0,9,0,0
272,1283,359,234,186,0,9,0,0
273,1283,359,233,187,0,9,0,0
274,1284,360,234,187,0,9,0,0
275,1284,360,233,186,0,9,0,0
276,1284,360,233,186,0,9,0,0
277,1283,361,233,185,0,9,0,0
278,1284,361,233,186,0,9,0,0
279,1283,361,233,186,0,9,0,0
280,1283,361,233,186,0,9,0,0
281,1283,361,233,186,0,9,0,0
282,1283,361,233,185,0,9,0,0
283,1283,361,234,185,0,9,0,0
284,1284,359,233,187,0,9,0,0
285,1284,359,233,187,0,9,0,0
286,1283,358,234,189,0,9,0,0
287,1283,357,234,188,0,9,0,0
288,1284,357,234,188,0,9,0,0
289,1284,357,234,188,0,9,0,0
290,1283,358,234,187,0,9,0,0
291,1283,358,234,187,0,9,0,0
292,1283,358,234,187,0,9,0,0
293,1283,358,234,187,0,9,0,0
294,1283,358,234,188,0,9,0,0
295,1284,358,233,188,0,9,0,0
296,1284,358,234,187,0,9,0,0
297,1284,358,234,187,0,9,0,0
298,1284,358,234,187,0,9,0,0
299,1284,358,234,189,0,9,0,0
300,1284,358,234,189,0,9,0,0
301,1284,357,234,189,0,9,0,0
302,1283,357,234,190,0,9,0,0
303,1284,357,234,188,0,9,0,0
304,1283,357,234,190,0,9,0,0
305,1283,357,234,189,0,9,0,0
306,1283,358,234,189,0,9,0,0
307,1284,357,233,189,0,9,0,0
308,1284,357,234,188,0,9,0,0
309,1283,357,234,188,0,9,0,0
310,1283,356,234,188,0,9,0,1
311,1284,356,234,189,0,9,0,0
312,1284,356,234,189,0,9,0,0
313,1284,355,233,191,0,9,0,0
314,1284,355,233,191,0,9,0,0
315,1284,355,233,191,0,9,0,0
316,1284,356,234,188,0,9,0,0
317,1284,355,233,191,0,9,0,0
318,1284,354,233,191,0,9,0,0
319,1284,354,233,191,0,9,0,0
320,1284,355,233,191,0,9,0,0
321,1284,355,233,191,0,9,0,0
322,1284,357,233,188,0,9,0,0
323,1284,357,233,187,0,9,0,0
324,1283,356,234,188,0,9,0,0
325,1283,356,234,188,0,9,0,0
326,1283,356,234,188,0,9,0,0
327,1284,356,234,189,0,9,0,0
328,1284,356,234,188,0,9,0,0
329,1284,356,234,188,0,9,0,0
330,1284,356,234,188,0,9,0,0
331,1284,356,234,188,0,9,0,0
332,1284,356,234,189,0,9,0,0
333,1284,355,234,189,0,9,0,0
334,1284,355,233,191,0,9,0,0
335,1284,355,233,191,0,9,0,0
336,1284,357,233,187,0,9,0,0
337,1284,357,233,187,0,9,0,0
338,1284,357,233,187,0,9,0,0
339,1284,357,233,188,0,9,0,0
340,1284,357,233,188,0,9,0,0
341,1284,357,233,188,0,9,0,0
342,1284,357,233,187,0,9,0,0
343,1284,357,233,187,0,9,0,0
344,1284,357,233,187,0,9,0,0
345,1284,355,233,191,0,9,0,0
346,1284,355,233,191,0,9,0,0
347,1284,354,233,191,0,9,0,0
348,1283,358,234,186,0,9,0,0
349,1283,358,234,187,0,9,0,0
350,1283,358,234,187,0,9,0,0
351,1283,357,233,189,0,9,0,0
352,1283,358,233,188,0,9,0,0
353,1283,358,233,188,0,9,0,0
354,1283,359,233,187,0,9,0,0
355,1283,359,234,187,0,9,0,0
356,1283,360,234,186,0,9,0,0
357,1283,360,234,186,0,9,0,0
358,1284,360,233,186,0,9,0,0
359,1284,360,233,186,0,9,0,0
360,1284,362,233,183,0,9,0,0
361,1284,362,233,184,0,9,0,0
362,1284,362,233,184,0,9,0,0
363,1284,362,233,183,0,9,0,0
364,1284,362,233,183,0,9,0,0
365,1284,362,233,183,0,9,0,0
366,1283,362,234,184,0,9,0,0
367,1283,362,234,184,0,9,0,0
368,1283,361,234,185,0,9,0,0
369,1283,362,233,184,0,9,0,0
370,1283,362,234,182,0,9,0,0
371,1283,362,234,182,0,9,0,0
372,1284,360,233,184,0,9,0,0
373,1284,360,233,184,0,9,0,0
374,1284,359,234,185,0,9,0,0
375,1284,360,233,185,0,9,0,0
376,1284,360,234,185,0,9,0,0
377,1284,360,234,184,0,9,0,0
378,1284,360,234,185,0,9,0,0
379,1284,359,234,185,0,9,0,0
380,1284,360,234,184,0,9,0,0
381,1284,360,234,184,0,9,0,0
382,1284,360,234,185,0,9,0,0
383,1284,360,234,185,0,9,0,0
384,1284,359,234,185,0,9,0,0
385,1284,359,234,185,0,9,0,0
386,1284,359,234,185,0,9,0,0
387,1283,356,234,188,0,9,0,0
388,1284,355,233,191,0,9,0,0
389,1284,355,233,191,0,9,0,0
390,1284,355,233,190,0,9,0,0
391,1283,357,233,190,0,9,0,0
392,1284,358,234,187,0,9,0,0
393,1283,358,233,188,0,9,0,0
394,1283,356,233,190,0,9,0,0
395,1284,357,233,189,0,9,0,0
396,1284,356,233,189,0,9,0,0
397,1284,356,233,189,0,9,0,0
398,1284,356,234,189,0,9,0,0
399,1284,354,233,192,0,9,0,0
400,1284,355,234,189,0,9,0,0
401,1283,356,234,188,0,9,0,0
402,1283,356,234,188,0,9,0,0
403,1283,356,234,188,0,9,0,0
404,1283,356,234,188,0,9,0,0
405,1283,356,234,188,0,9,0,0
406,1283,356,234,188,0,9,0,0
407,1283,357,234,187,0,9,0,0
408,1284,355,233,188,0,9,0,0
409,1284,356,233,188,0,9,0,0
410,1284,356,233,188,0,9,0,0
411,1284,356,233,188,0,9,0,0
412,1284,356,233,188,0,9,0,0
413,1284,355,233,189,0,9,0,0
414,1284,357,233,187,0,9,0,0
415,1284,357,233,187,0,9,0,0
416,1284,356,233,188,0,9,0,0
417,1284,357,233,188,0,9,0,0
418,1284,357,233,188,0,9,0,0
419,1284,357,233,188,0,9,0,0
420,1283,356,234,188,0,9,0,0
421,1283,356,234,188,0,9,0,0
422,1283,356,234,188,0,9,0,0
423,1284,356,233,188,0,9,0,0
424,1283,357,234,187,0,9,0,0
425,1283,356,234,188,0,9,0,0
426,1283,354,233,191,0,9,0,0
427,1283,354,233,191,0,9,0,0
428,1283,355,234,189,0,9,0,0
429,1283,356,234,188,0,9,0,0
430,1283,356,234,188,0,9,0,0
431,1283,356,234,188,0,9,0,0
432,1283,357,234,187,0,9,0,0
433,1283,356,234,188,0,9,0,0
434,1283,357,234,187,0,9,0,0
435,1283,356,234,188,0,9,0,0
436,1283,356,234,188,0,9,0,0
437,1284,357,233,187,0,9,0,0
438,1284,357,233,187,0,9,0,0
439,1284,357,234,187,0,9,0,0
440,1284,358,234,187,0,9,0,1
441,1283,360,234,187,0,9,0,1
442,1283,360,234,187,0,9,0,1
443,1283,359,234,187,0,9,0,0
444,1283,358,234,186,0,9,0,0
445,1283,359,234,187,0,9,0,0
446,1283,359,234,187,0,9,0,0
447,1283,358,234,188,0,9,0,0
448,1283,357,234,189,0,9,0,0
449,1283,358,233,188,0,9,0,0
450,1283,358,233,188,0,9,0,0
451,1283,358,233,188,0,9,0,0
452,1283,358,234,187,0,9,0,0
453,1283,358,234,187,0,9,0,0
454,1283,358,234,188,0,9,0,0
455,1283,358,233,188,0,9,0,0
456,1283,357,233,189,0,9,0,0
457,1283,356,233,189,0,9,0,0
458,1284,357,234,188,0,9,0,0
459,1283,358,233,189,0,9,0,0
460,1284,357,233,189,0,9,0,0
461,1284,357,233,189,0,9,0,0
462,1284,357,233,189,0,9,0,0
463,1284,357,233,188,0,9,0,0
464,1284,357,233,188,0,9,0,0
465,1284,357,233,188,0,9,0,0
466,1284,357,233,188,0,9,0,0
467,1284,357,233,188,0,9,0,0
468,1284,358,233,189,0,9,0,0
469,1284,358,233,189,0,9,0,0
470,1284,358,233,188,0,9,0,0
471,1283,357,233,189,0,9,0,0
472,1284,355,233,191,0,9,0,0
473,1284,356,233,189,0,9,0,0
474,1284,356,233,189,0,9,0,0
475,1284,358,233,187,0,9,0,0
476,1284,357,233,187,0,9,0,0
477,1284,359,233,186,0,9,0,0
478,1284,359,233,186,0,9,0,0
479,1283,358,233,186,0,9,0,0
480,1284,357,233,188,0,9,0,0
481,1284,359,233,187,0,9,0,0
482,1284,360,233,186,0,9,0,0
483,1284,360,233,186,0,9,0,0
484,1284,361,233,186,0,9,0,0
485,1284,362,233,184,0,9,0,0
486,1284,360,233,186,0,9,0,0
487,1284,360,233,185,0,9,0,0
488,1284,359,233,186,0,9,0,0
489,1284,360,233,185,0,9,0,0
490,1284,360,234,185,0,9,0,0
491,1284,359,234,186,0,9,0,0
492,1284,356,233,190,0,9,0,0
493,1284,355,233,191,0,9,0,0
494,1284,356,233,190,0,9,0,0
495,1284,356,233,190,0,9,0,0
496,1283,356,233,190,0,9,0,0
497,1283,357,233,189,0,9,0,0
498,1283,357,233,188,0,9,0,0
499,1283,357,233,188,0,9,0,0
500,1283,359,234,185,0,9,0,0
501,1283,359,234,185,0,9,0,0
502,1283,359,234,186,0,9,0,0
503,1284,359,233,185,0,9,0,0
504,1283,358,234,186,0,9,0,0
505,1283,357,235,188,0,9,0,0
506,1283,357,235,188,0,9,0,0
507,1283,357,235,188,0,9,0,0
508,1283,357,235,188,0,9,0,0
509,1283,357,234,188,0,9,0,0
510,1283,357,234,189,0,9,0,0
511,1283,356,234,189,0,9,0,0
512,1283,356,234,189,0,9,0,0
513,1283,359,234,185,0,9,0,0
514,1283,359,234,185,0,9,0,0
515,1283,357,234,187,0,9,0,0
516,1283,356,233,189,0,9,0,0
517,1283,356,233,189,0,9,0,0
518,1283,355,233,190,0,9,0,0
519,1283,355,233,190,0,9,0,0
520,1283,356,233,189,0,9,0,0
521,1283,355,233,190,0,9,0,0
522,1283,355,233,190,0,9,0,0
523,1283,354,233,191,0,9,0,0
524,1283,355,233,190,0,9,0,0
525,1284,357,233,187,0,9,0,0
526,1284,356,233,188,0,9,0,0
527,1283,357,233,189,0,9,0,0
528,1283,357,234,188,0,9,0,0
529,1283,356,234,189,0,9,0,0
530,1284,357,233,189,0,9,0,0
531,1284,357,233,189,0,9,0,0
532,1284,357,233,190,0,9,0,0
533,1284,357,233,189,0,9,0,0
534,1284,357,233,189,0,9,0,0
535,1284,358,233,188,0,9,0,0
536,1284,359,234,186,0,9,0,0
537,1284,358,233,187,0,9,0,1
538,1284,357,234,187,0,9,0,1
539,1283,357,234,188,0,9,0,0
540,1283,358,234,187,0,9,0,0
541,1283,358,234,188,0,9,0,0
542,1283,357,234,188,0,9,0,0
543,1283,357,234,188,0,9,0,0
544,1283,356,234,189,0,9,0,0
545,1283,357,233,188,0,9,0,0
546,1283,357,233,187,0,9,0,0
547,1283,356,233,189,0,9,0,0
548,1283,357,233,187,0,9,0,0
549,1283,357,234,187,0,9,0,0
550,1283,356,233,188,0,9,0,0
551,1284,356,233,188,0,9,0,0
552,1284,356,233,188,0,9,0,0
553,1284,358,233,187,0,9,0,0
554,1284,357,233,189,0,9,0,1
555,1284,360,233,187,0,9,0,1
556,1284,359,233,187,0,9,0,1
557,1284,359,233,188,0,9,0,1
558,1284,358,233,188,0,9,0,0
559,1284,358,233,188,0,9,0,0
560,1283,358,233,188,0,9,0,0
561,1284,358,233,188,0,9,0,0
562,1284,358,233,188,0,9,0,0
563,1284,358,233,188,0,9,0,0
564,1284,358,234,187,0,9,0,0
565,1283,361,234,184,0,9,0,0
566,1283,361,233,185,0,9,0,0
567,1283,359,233,187,0,9,0,0
568,1284,361,233,185,0,9,0,0
569,1284,360,233,184,0,9,0,0
570,1284,360,233,184,0,9,0,0
571,1284,360,233,184,0,9,0,0
572,1283,360,234,184,0,9,0,1
573,1283,360,234,184,0,9,0,0
574,1283,360,234,184,0,9,0,0
575,1284,360,233,184,0,9,0,0
576,1284,360,233,184,0,9,0,0
577,1284,359,233,185,0,9,0,0
578,1284,359,233,185,0,9,0,0
579,1284,359,233,186,0,9,0,0
580,1284,359,233,185,0,9,0,0
581,1284,358,233,187,0,9,0,0
582,1284,358,233,187,0,9,0,0
583,1284,358,233,186,0,9,0,0
584,1284,358,233,186,0,9,0,0
585,1284,359,233,187,0,9,0,0
586,1284,360,233,186,0,9,0,0
587,1284,358,233,188,0,9,0,0
588,1283,358,234,186,0,9,0,0
589,1283,358,234,187,0,9,0,0
590,1283,358,233,186,0,9,0,0
591,1283,358,233,186,0,9,0,0
592,1283,358,233,186,0,9,0,0
593,1284,358,233,187,0,9,0,0
594,1284,357,233,187,0,9,0,0
595,1283,359,233,185,0,9,0,0
596,1283,358,233,186,0,9,0,0
597,1283,358,233,186,0,9,0,0
598,1283,357,233,187,0,9,0,0
599,1283,358,234,186,0,9,0,0
600,1283,359,234,185,0,9,0,0
601,1283,358,234,186,0,9,0,0
602,1283,357,234,187,0,9,0,0
603,1283,357,234,187,0,9,0,0
604,1283,357,234,188,0,9,0,0
605,1284,355,234,190,0,9,0,0
606,1284,355,233,190,0,9,0,0
607,1284,355,233,191,0,9,0,1
608,1284,355,233,191,0,9,0,1
609,1284,355,233,191,0,9,0,1
610,1284,355,233,191,0,9,0,0
611,1283,354,234,191,0,9,0,0
612,1284,355,233,191,0,9,0,0
613,1284,356,234,189,0,9,0,0
614,1283,356,234,188,0,9,0,0
615,1284,360,233,184,0,9,0,0
616,1284,360,234,185,0,9,0,0
617,1284,361,234,183,0,9,0,0
618,1283,362,233,184,0,9,0,0
619,1283,362,234,182,0,9,0,0
620,1284,362,233,183,0,9,0,0
621,1284,362,233,183,0,9,0,0
622,1284,362,233,183,0,9,0,0
623,1284,362,233,183,0,9,0,0
624,1284,362,233,184,0,9,0,0
625,1284,362,233,184,0,9,0,0
626,1284,362,233,184,0,9,0,0
627,1284,362,233,185,0,9,0,0
628,1284,362,234,184,0,9,0,0
629,1284,361,233,185,0,9,0,0
630,1284,360,233,186,0,9,0,0
631,1284,360,233,186,0,9,0,0
632,1284,360,233,186,0,9,0,0
633,1284,360,233,186,0,9,0,1
634,1284,360,234,184,0,9,0,1
635,1284,358,234,186,0,9,0,1
636,1284,360,233,184,0,9,0,0
637,1284,360,233,185,0,9,0,0
638,1284,359,233,185,0,9,0,0
639,1284,360,233,185,0,9,0,0
640,1284,359,233,186,0,9,0,0
641,1284,359,233,186,0,9,0,0
642,1284,359,233,187,0,9,0,0
643,1284,360,233,185,0,9,0,0
644,1284,360,233,186,0,9,0,0
645,1284,360,233,186,0,9,0,0
646,1284,360,233,186,0,9,0,0
647,1284,360,233,186,0,9,0,0
648,1284,359,233,188,0,9,0,0
649,1283,358,234,188,0,9,0,0
650,1283,358,234,188,0,9,0,0
651,1283,359,234,188,0,9,0,0
652,1283,358,234,188,0,9,0,0
653,1283,358,234,187,0,9,0,0
654,1283,357,234,188,0,9,0,0
655,1284,357,233,188,0,9,0,0
656,1284,356,233,189,0,9,0,0
657,1284,358,233,187,0,9,0,0
658,1284,357,233,188,0,9,0,0
659,1284,357,233,188,0,9,0,0
660,1284,357,233,188,0,9,0,0
661,1284,357,233,188,0,9,0,0
662,1284,357,233,188,0,9,0,0
663,1284,358,233,187,0,9,0,0
664,1284,358,233,187,0,9,0,0
665,1283,359,233,186,0,9,0,0
666,1283,359,233,186,0,9,0,0
667,1283,358,233,187,0,9,0,0
668,1284,358,233,187,0,9,0,0
669,1283,360,233,186,0,9,0,0
670,1284,359,233,187,0,9,0,0
671,1284,359,233,187,0,9,0,0
672,1284,360,234,185,0,9,0,0
673,1284,360,234,185,0,9,0,0
674,1284,360,234,184,0,9,0,0
675,1284,358,233,186,0,9,0,0
676,1284,358,233,186,0,9,0,0
677,1284,358,233,186,0,9,0,0
678,1284,358,233,186,0,9,0,0
679,1284,357,233,187,0,9,0,0
680,1283,357,233,187,0,9,0,0
681,1283,356,233,189,0,9,0,0
682,1283,356,233,189,0,9,0,0
683,1283,356,233,189,0,9,0,0
684,1284,357,233,187,0,9,0,0
685,1284,356,233,188,0,9,0,0
686,1284,357,233,187,0,9,0,0
687,1284,357,233,187,0,9,0,0
688,1284,357,233,187,0,9,0,0
689,1284,357,233,187,0,9,0,0
690,1284,357,233,188,0,9,0,0
691,1284,357,234,187,0,9,0,0
692,1283,357,234,189,0,9,0,0
693,1284,357,233,188,0,9,0,0
694,1284,357,233,188,0,9,0,0
695,1284,360,233,183,0,9,0,0
696,1284,360,232,184,0,9,0,0
697,1283,359,233,184,0,9,0,1
698,1283,355,233,188,0,9,0,1
699,1283,356,233,187,0,9,0,1
700,1283,355,233,188,0,9,0,0
701,1283,355,233,187,0,9,0,0
702,1283,355,233,189,0,9,0,0
703,1284,356,233,188,0,9,0,0
704,1283,355,233,189,0,9,0,0
705,1284,360,233,184,0,9,0,0
706,1283,358,233,186,0,9,0,0
707,1283,359,233,185,0,9,0,0
708,1284,359,233,185,0,9,0,0
709,1284,359,233,186,0,9,0,0
710,1284,359,233,185,0,9,0,0
711,1284,359,233,185,0,9,0,0
712,1284,359,233,186,0,9,0,0
713,1284,359,233,185,0,9,0,0
714,1283,359,233,186,0,9,0,0
715,1283,356,234,188,0,9,0,0
716,1283,355,233,188,0,9,0,0
717,1283,357,233,187,0,9,0,0
718,1283,356,233,187,0,9,0,0
719,1283,356,234,188,0,9,0,0
720,1283,354,233,189,0,9,0,0
721,1283,355,233,188,0,9,0,0
722,1283,355,233,188,0,9,0,0
723,1283,354,233,190,0,9,0,0
724,1283,355,233,189,0,9,0,0
725,1283,357,233,187,0,9,0,0
726,1282,357,233,185,0,9,0,0
727,1283,359,233,183,0,9,0,0
728,1283,358,233,185,0,9,0,0
729,1283,358,232,185,0,9,0,0
730,1283,358,233,185,0,9,0,0
731,1283,359,232,184,0,9,0,0
732,1284,357,232,186,0,9,0,0
733,1284,357,232,187,0,9,0,0
734,1283,356,233,188,0,9,0,0
735,1283,359,233,184,0,9,0,0
736,1283,359,234,185,0,9,0,0
737,1283,359,234,185,0,9,0,0
738,1283,359,234,185,0,9,0,0
739,1283,358,234,185,0,9,0,0
740,1283,359,234,184,0,9,0,0
741,1283,356,234,187,0,9,0,0
742,1282,356,234,187,0,9,0,0
743,1282,355,234,187,0,9,0,0
744,1283,354,233,189,0,9,0,0
745,1283,353,233,189,0,9,0,0
746,1283,353,232,190,0,9,0,0
747,1283,353,232,190,0,9,0,0
748,1283,353,232,190,0,9,0,0
749,1283,353,232,190,0,9,0,0
750,1283,356,232,187,0,9,0,0
751,1283,353,233,190,0,9,0,0
752,1283,356,233,187,0,9,0,0
753,1283,357,233,187,0,9,0,0
754,1283,360,233,184,0,9,0,0
755,1283,360,233,183,0,9,0,0
756,1282,359,234,184,0,9,0,0
757,1282,360,234,183,0,9,0,0
758,1282,360,234,184,0,9,0,0
759,1283,359,234,184,0,9,0,0
760,1282,359,234,184,0,9,0,0
761,1282,359,234,184,0,9,0,0
762,1282,359,234,185,0,9,0,0
763,1283,358,233,185,0,9,0,0
764,1283,359,233,184,0,9,0,0
765,1282,359,233,184,0,9,0,0
766,1282,358,233,185,0,9,0,0
767,1282,353,233,189,0,9,0,0
768,1281,354,234,188,0,9,0,0
769,1281,353,234,189,0,9,0,0
770,1281,353,234,189,0,9,0,0
771,1282,353,234,189,0,9,0,0
772,1282,354,234,189,0,9,0,0
773,1282,355,234,188,0,9,0,0
774,1282,354,234,188,0,9,0,0
775,1283,354,233,188,0,9,0,0
776,1283,357,233,186,0,9,0,0
777,1283,356,234,187,0,9,0,0
778,1284,360,233,184,0,9,0,0
779,1283,360,233,183,0,9,0,0
780,1284,356,233,188,0,9,0,0
781,1284,355,233,189,0,9,0,0
782,1284,355,233,189,0,9,0,0
783,1284,356,233,187,0,9,0,0
784,1284,355,232,189,0,9,0,0
785,1284,356,233,189,0,9,0,0
786,1284,356,233,189,0,9,0,0
787,1284,355,233,189,0,9,0,0
788,1284,356,233,187,0,9,0,0
789,1284,356,233,188,0,9,0,0
790,1284,356,232,188,0,9,0,0
791,1284,355,233,189,0,9,0,0
792,1284,356,232,188,0,9,0,0
793,1284,355,232,189,0,9,0,0
794,1284,355,232,189,0,9,0,0
795,1284,355,232,189,0,9,0,0
796,1284,356,232,188,0,9,0,0
797,1284,358,232,186,0,9,0,0
798,1283,359,233,185,0,9,0,0
799,1284,358,233,187,0,9,0,0
800,1284,358,233,186,0,9,0,0
801,1283,357,233,187,0,9,0,0
802,1283,356,233,188,0,9,0,0
803,1283,356,233,188,0,9,0,0
804,1283,356,233,188,0,9,0,0
805,1283,356,233,188,0,9,0,0
806,1283,358,234,185,0,9,0,0
807,1283,358,234,185,0,9,0,0
808,1283,357,234,187,0,9,0,0
809,1283,356,234,187,0,9,0,0
810,1283,356,234,187,0,9,0,0
811,1283,356,234,188,0,9,0,0
812,1283,356,234,187,0,9,0,0
813,1283,356,234,188,0,9,0,0
814,1283,356,234,188,0,9,0,0
815,1283,355,234,188,0,9,0,0
816,1283,356,234,187,0,9,0,0
817,1283,356,234,187,0,9,0,0
818,1283,356,234,187,0,9,0,0
819,1283,355,233,190,0,9,0,0
820,1283,355,234,188,0,9,0,0
821,1283,356,234,187,0,9,0,0
822,1283,356,234,187,0,9,0,0
823,1283,357,234,187,0,9,0,0
824,1283,357,234,187,0,9,0,0
825,1283,357,234,186,0,9,0,0
826,1283,358,234,185,0,9,0,0
827,1283,354,234,189,0,9,0,0
828,1283,355,233,188,0,9,0,0
829,1283,355,233,188,0,9,0,0
830,1283,356,234,187,0,9,0,0
831,1283,356,233,187,0,9,0,0
832,1283,355,234,188,0,9,0,0
833,1283,356,233,187,0,9,0,0
834,1284,356,233,188,0,9,0,0
835,1283,355,233,188,0,9,0,0
836,1283,356,233,187,0,9,0,0
837,1284,355,233,189,0,9,0,0
838,1284,355,233,189,0,9,0,0
839,1283,356,233,188,0,9,0,0
840,1284,357,233,186,0,9,0,0
841,1283,359,234,186,0,9,0,0
842,1283,357,234,188,0,9,0,0
843,1283,358,234,187,0,9,0,0
844,1283,358,234,187,0,9,0,0
845,1283,360,234,185,0,9,0,0
846,1283,360,234,185,0,9,0,0
847,1283,359,233,186,0,9,0,0
848,1283,360,233,185,0,9,0,0
849,1283,360,234,185,0,9,0,0
850,1283,359,234,184,0,9,0,1
851,1283,360,233,183,0,9,0,1
852,1283,358,234,185,0,9,0,1
853,1283,356,234,188,0,9,0,0
854,1282,355,234,188,0,9,0,0
855,1283,356,234,187,0,9,0,0
856,1283,356,234,187,0,9,0,0
857,1283,355,233,188,0,9,0,0
858,1284,354,233,189,0,9,0,0
859,1284,354,233,189,0,9,0,0
860,1283,355,233,189,0,9,0,0
861,1283,356,233,188,0,9,0,0
862,1284,358,233,186,0,9,0,0
863,1283,358,233,186,0,9,0,0
864,1283,356,233,187,0,9,0,0
865,1283,356,233,187,0,9,0,0
866,1283,356,233,188,0,9,0,0
867,1284,357,233,187,0,9,0,0
868,1284,357,234,187,0,9,0,0
869,1284,358,233,186,0,9,0,0
870,1284,358,233,186,0,9,0,0
871,1284,358,233,186,0,9,0,0
872,1284,359,234,185,0,9,0,0
873,1283,358,233,185,0,9,0,0
874,1283,357,233,187,0,9,0,0
875,1283,356,233,188,0,9,0,0
876,1283,355,233,187,0,9,0,0
877,1284,356,233,187,0,9,0,0
878,1284,356,233,187,0,9,0,0
879,1284,356,233,187,0,9,0,0
880,1283,357,233,187,0,9,0,0
881,1284,357,233,187,0,9,0,0
882,1284,356,233,187,0,9,0,0
883,1283,356,233,187,0,9,0,0
884,1284,357,233,186,0,9,0,0
885,1284,356,233,187,0,9,0,0
886,1284,355,233,189,0,9,0,0
887,1284,357,233,186,0,9,0,0
888,1284,359,233,184,0,9,0,0
889,1284,358,233,185,0,9,0,0
890,1283,359,234,185,0,9,0,0
891,1284,358,233,185,0,9,0,0
892,1284,359,233,185,0,9,0,0
893,1284,359,233,184,0,9,0,0
894,1284,360,233,183,0,9,0,0
895,1284,360,233,184,0,9,0,0
896,1284,359,233,185,0,9,0,0
897,1284,358,233,186,0,9,0,0
898,1284,358,233,186,0,9,0,0
899,1284,357,233,186,0,9,0,0
900,1284,357,233,186,0,9,0,0
901,1283,358,233,185,0,9,0,0
902,1283,359,233,185,0,9,0,0
903,1283,358,233,185,0,9,0,0
904,1283,358,233,187,0,9,0,0
905,1283,358,233,185,0,9,0,0
906,1283,358,233,187,0,9,0,0
907,1283,359,234,184,0,9,0,0
908,1283,358,234,185,0,9,0,0
909,1283,358,233,185,0,9,0,0
910,1283,358,233,185,0,9,0,0
911,1283,359,233,184,0,9,0,0
912,1283,359,234,185,0,9,0,0
913,1283,358,234,186,0,9,0,0
914,1283,357,234,187,0,9,0,0
915,1283,358,234,185,0,9,0,0
916,1283,359,234,185,0,9,0,0
917,1283,356,234,190,0,9,0,1
918,1283,356,234,190,0,9,0,1
919,1283,356,234,189,0,9,0,1
920,1283,356,233,189,0,9,0,1
921,1283,356,234,190,0,9,0,0
922,1283,356,233,189,0,9,0,0
923,1283,355,234,190,0,9,0,0
924,1284,357,233,187,0,9,0,1
925,1283,357,233,187,0,9,0,1
926,1283,356,233,187,0,9,0,1
927,1283,358,233,186,0,9,0,1
928,1283,358,233,185,0,9,0,1
929,1283,358,233,185,0,9,0,0
930,1283,358,233,186,0,9,0,0
931,1283,358,233,185,0,9,0,0
932,1283,358,234,186,0,9,0,0
933,1283,357,233,186,0,9,0,0
934,1283,358,234,185,0,9,0,0
935,1283,359,233,185,0,9,0,0
936,1283,359,233,184,0,9,0,0
937,1284,357,233,187,0,9,0,0
938,1284,358,233,186,0,9,0,0
939,1284,356,233,188,0,9,0,0
940,1284,356,233,188,0,9,0,0
941,1284,356,233,188,0,9,0,0
942,1284,356,233,188,0,9,0,0
943,1284,356,233,188,0,9,0,0
944,1284,357,233,187,0,9,0,0
945,1284,357,233,186,0,9,0,0
946,1284,357,233,187,0,9,0,0
947,1283,359,233,186,0,9,0,0
948,1283,360,234,186,0,9,0,0
949,1283,359,234,185,0,9,0,0
950,1284,358,234,186,0,9,0,0
951,1284,359,234,185,0,9,0,0
952,1284,359,234,185,0,9,0,0
953,1284,359,234,185,0,9,0,0
954,1283,359,234,186,0,9,0,0
955,1283,357,234,186,0,9,0,0
956,1283,357,234,188,0,9,0,0
957,1283,357,234,186,0,9,0,0
958,1283,358,234,186,0,9,0,0
959,1283,357,234,187,0,9,0,0
960,1283,358,234,188,0,9,0,0
961,1283,358,234,188,0,9,0,0
962,1283,359,234,187,0,9,0,0
963,1283,357,234,188,0,9,0,0
964,1283,357,234,189,0,9,0,0
965,1283,358,234,188,0,9,0,0
966,1284,359,233,187,0,9,0,0
967,1284,358,233,188,0,9,0,0
968,1283,359,234,187,0,9,0,0
969,1283,361,234,185,0,9,0,0
970,1283,361,234,185,0,9,0,0
971,1283,361,234,184,0,9,0,0
972,1283,361,234,185,0,9,0,0
973,1283,361,234,185,0,9,0,0
974,1283,361,234,185,0,9,0,0
975,1283,361,234,185,0,9,0,0
976,1283,361,234,185,0,9,0,0
977,1283,361,234,185,0,9,0,0
978,1283,360,234,186,0,9,0,0
979,1283,358,234,187,0,9,0,0
980,1284,359,233,186,0,9,0,0
981,1283,359,233,186,0,9,0,0
982,1283,359,233,187,0,9,0,0
983,1283,358,234,187,0,9,0,0
984,1284,358,234,186,0,9,0,1
985,1284,358,233,186,0,9,0,1
986,1284,358,233,186,0,9,0,1
987,1284,358,233,186,0,9,0,1
988,1284,357,233,187,0,9,0,0
989,1284,358,233,186,0,9,0,0
990,1284,357,233,186,0,9,0,0
991,1283,357,233,188,0,9,0,0
992,1284,358,233,186,0,9,0,0
993,1284,357,233,188,0,9,0,0
994,1284,358,233,187,0,9,0,0
995,1284,357,233,189,0,9,0,0
996,1284,359,233,186,0,9,0,0
997,1284,359,233,187,0,9,0,0
998,1284,360,233,184,0,9,0,0
999,1284,359,233,185,0,9,0,0
1000,1283,361,234,183,0,9,0,0
1001,1283,361,233,183,0,9,0,0
1002,1283,360,233,184,0,9,0,0
1003,1284,360,233,186,0,9,0,0
1004,1284,360,233,184,0,9,0,0
1005,1283,358,233,187,0,9,0,0
1006,1284,358,233,187,0,9,0,0
1007,1284,358,233,187,0,9,0,0
1008,1284,357,233,187,0,9,0,0
1009,1284,356,233,188,0,9,0,0
1010,1283,356,233,188,0,9,0,0
1011,1284,357,233,187,0,9,0,0
1012,1284,356,233,188,0,9,0,0
1013,1284,356,233,187,0,9,0,0
1014,1284,357,233,187,0,9,0,0
1015,1283,357,233,187,0,9,0,0
1016,1283,357,233,187,0,9,0,0
1017,1283,357,233,187,0,9,0,0
1018,1283,356,233,187,0,9,0,0
1019,1283,357,233,187,0,9,0,0
1020,1284,356,233,188,0,9,0,0
1021,1284,357,232,187,0,9,0,0
1022,1284,356,233,188,0,9,0,0
1023,1284,357,233,187,0,9,0,0
1024,1284,357,233,187,0,9,0,0
1025,1284,357,233,187,0,9,0,0
1026,1284,357,233,187,0,9,0,0
1027,1284,357,233,187,0,9,0,0
1028,1284,357,233,188,0,9,0,0
1029,1284,358,233,188,0,9,0,0
1030,1284,357,233,187,0,9,0,0
1031,1284,357,233,188,0,9,0,0
1032,1284,358,233,186,0,9,0,0
1033,1284,358,233,187,0,9,0,0
1034,1284,358,233,186,0,9,0,0
1035,1284,358,233,186,0,9,0,0
1036,1284,357,233,187,0,9,0,0
1037,1284,357,233,187,0,9,0,0
1038,1284,357,233,187,0,9,0,0
1039,1284,357,233,187,0,9,0,0
1040,1284,357,233,187,0,9,0,0
1041,1284,357,233,187,0,9,0,0
1042,1283,357,233,189,0,9,0,0
1043,1283,357,233,187,0,9,0,0
1044,1284,357,233,187,0,9,0,0
1045,1284,357,233,187,0,9,0,0
1046,1284,359,233,186,0,9,0,0
1047,1284,360,233,187,0,9,0,0
1048,1284,359,233,186,0,9,0,0
1049,1284,359,233,187,0,9,0,0
1050,1284,359,233,186,0,9,0,0
1051,1284,358,233,188,0,9,0,0
1052,1284,358,233,187,0,9,0,0
1053,1284,357,233,187,0,9,0,0
1054,1284,357,233,188,0,9,0,0
1055,1284,357,233,188,0,9,0,0
1056,1284,357,233,188,0,9,0,0
1057,1284,357,233,188,0,9,0,0
1058,1283,359,234,187,0,9,0,0
1059,1284,359,233,187,0,9,0,0
1060,1284,359,233,187,0,9,0,0
1061,1284,359,233,187,0,9,0,0
1062,1284,359,233,187,0,9,0,0
1063,1284,359,233,188,0,9,0,0
1064,1284,359,233,188,0,9,0,0
1065,1284,358,233,188,0,9,0,0
1066,1284,359,233,188,0,9,0,0
1067,1284,358,233,188,0,9,0,0
1068,1284,359,233,187,0,9,0,0
1069,1284,358,233,188,0,9,0,0
1070,1284,359,233,187,0,9,0,0
1071,1284,359,233,187,0,9,0,0
1072,1284,359,233,187,0,9,0,0
1073,1284,359,233,187,0,9,0,0
1074,1284,358,233,188,0,9,0,0
1075,1284,358,233,188,0,9,0,0
1076,1284,358,233,188,0,9,0,0
1077,1284,358,233,188,0,9,0,0
1078,1284,358,233,188,0,9,0,0
1079,1284,358,233,188,0,9,0,0
1080,1284,357,233,189,0,9,0,0
1081,1284,357,233,189,0,9,0,0
1082,1284,357,233,189,0,9,0,0
1083,1284,358,233,189,0,9,0,0
1084,1284,358,233,189,0,9,0,0
1085,1284,358,233,189,0,9,0,0
1086,1284,358,233,189,0,9,0,0
1087,1284,358,233,189,0,9,0,0
1088,1284,358,233,189,0,9,0,0
1089,1284,357,233,189,0,9,0,0
1090,1284,358,233,189,0,9,0,0
1091,1284,358,233,189,0,9,0,0
1092,1284,358,233,189,0,9,0,0
1093,1284,358,233,189,0,9,0,0
1094,1284,358,233,189,0,9,0,0
1095,1284,358,233,189,0,9,0,0
1096,1284,358,233,189,0,9,0,0
1097,1284,358,233,189,0,9,0,0
1098,1284,358,233,189,0,9,0,0
1099,1284,357,233,190,0,9,0,0
1100,1284,357,233,190,0,9,0,0
1101,1284,357,233,190,0,9,0,0
1102,1284,357,233,190,0,9,0,0
1103,1284,357,233,190,0,9,0,0
1104,1284,357,233,189,0,9,0,0
1105,1284,357,233,189,0,9,0,0
1106,1284,357,233,189,0,9,0,0
1107,1284,357,233,189,0,9,0,0
1108,1284,358,233,188,0,9,0,0
1109,1284,357,233,189,0,9,0,0
1110,1284,357,233,189,0,9,0,0
1111,1284,357,233,189,0,9,0,0
1112,1284,357,233,189,0,9,0,0
1113,1284,357,233,189,0,9,0,0
1114,1284,358,233,189,0,9,0,0
1115,1284,358,233,189,0,9,0,0
1116,1284,356,233,190,0,9,0,0
1117,1284,356,233,190,0,9,0,0
1118,1284,357,233,189,0,9,0,0
1119,1284,357,233,189,0,9,0,0
1120,1284,357,233,189,0,9,0,0
1121,1284,357,233,189,0,9,0,0
1122,1284,357,233,189,0,9,0,0
1123,1284,357,233,189,0,9,0,0
1124,1284,358,233,189,0,9,0,0
1125,1285,358,233,188,0,9,0,0
1126,1284,358,233,188,0,9,0,0
1127,1284,358,233,189,0,9,0,0
1128,1284,359,233,188,0,9,0,0
1129,1284,359,233,188,0,9,0,0
1130,1284,359,233,188,0,9,0,0
1131,1284,359,233,188,0,9,0,0
1132,1284,359,234,188,0,9,0,0
1133,1284,359,233,188,0,9,0,0
1134,1284,358,233,189,0,9,0,0
1135,1284,358,233,188,0,9,0,0
1136,1284,357,233,189,0,9,0,0
1137,1284,357,233,189,0,9,0,0
1138,1284,357,233,188,0,9,0,0
1139,1284,357,233,188,0,9,0,0
1140,1284,357,233,189,0,9,0,0
1141,1285,359,233,188,0,9,0,0
1142,1284,358,234,187,0,9,0,0
1143,1284,358,234,189,0,9,0,0
1144,1284,359,234,189,0,9,0,0
1145,1284,358,234,189,0,9,0,0
1146,1284,359,234,187,0,9,0,0
1147,1284,359,234,188,0,9,0,0
1148,1285,358,233,189,0,9,0,0
1149,1285,359,233,189,0,9,0,0
1150,1285,359,233,188,0,9,0,0
1151,1285,360,233,187,0,9,0,0
1152,1284,360,234,187,0,9,0,0
1153,1284,359,234,188,0,9,0,0
1154,1284,360,233,186,0,9,0,0
1155,1284,359,233,188,0,9,0,0
1156,1284,361,233,186,0,9,0,0
1157,1285,362,233,185,0,9,0,0
1158,1284,360,233,186,0,9,0,0
1159,1284,360,233,186,0,9,0,0
1160,1284,360,233,186,0,9,0,0
1161,1284,360,233,186,0,9,0,0
1162,1284,360,233,186,0,9,0,0
1163,1284,361,233,186,0,9,0,0
1164,1284,360,233,186,0,9,0,0
1165,1284,360,233,187,0,9,0,0
1166,1284,360,233,187,0,9,0,0
1167,1284,361,233,186,0,9,0,0
1168,1284,357,233,189,0,9,0,0
1169,1284,357,233,189,0,9,0,0
1170,1284,357,234,190,0,9,0,0
1171,1284,357,233,190,0,9,0,0
1172,1284,357,233,189,0,9,0,0
1173,1284,356,233,189,0,9,0,0
1174,1284,356,233,190,0,9,0,0
1175,1284,356,233,190,0,9,0,0
1176,1284,356,234,190,0,9,0,0
1177,1284,356,234,190,0,9,0,0
1178,1284,358,234,188,0,9,0,0
1179,1284,357,234,188,0,9,0,0
1180,1284,357,234,189,0,9,0,0
1181,1284,357,233,190,0,9,0,0
1182,1284,356,234,190,0,9,0,0
1183,1284,357,234,190,0,9,0,0
1184,1284,356,233,190,0,9,0,0
1185,1284,356,233,191,0,9,0,0
1186,1284,357,233,190,0,9,0,0
1187,1284,356,233,190,0,9,0,0
1188,1284,360,234,186,0,9,0,0
1189,1284,360,234,186,0,9,0,0
1190,1284,360,233,186,0,9,0,0
1191,1284,360,234,186,0,9,0,0
1192,1284,361,234,186,0,9,0,0
1193,1284,361,234,185,0,9,0,0
1194,1284,361,234,185,0,9,0,0
1195,1283,359,234,187,0,9,0,0
1196,1284,359,234,188,0,9,0,0
1197,1284,357,234,190,0,9,0,0
1198,1284,362,234,184,0,9,0,0
1199,1284,361,234,185,0,9,0,0
1200,1283,360,234,185,0,9,0,0
1201,1283,359,234,186,0,9,0,0
1202,1283,359,234,187,0,9,0,0
1203,1283,358,234,187,0,9,0,0
1204,1284,359,234,185,0,9,0,0
1205,1284,360,234,185,0,9,0,0
1206,1284,360,234,185,0,9,0,0
1207,1284,359,234,185,0,9,0,0
1208,1284,361,233,185,0,9,0,0
1209,1284,361,233,186,0,9,0,0
1210,1284,361,233,185,0,9,0,0
1211,1284,361,233,185,0,9,0,0
1212,1283,358,234,188,0,9,0,0
1213,1283,358,234,188,0,9,0,0
1214,1284,359,233,187,0,9,0,0
1215,1283,358,234,189,0,9,0,0
1216,1284,360,233,186,0,9,0,0
1217,1284,359,233,187,0,9,0,0
1218,1285,359,233,187,0,9,0,0
1219,1285,358,233,188,0,9,0,0
1220,1285,358,233,188,0,9,0,0
1221,1285,359,233,187,0,9,0,0
1222,1284,359,233,187,0,9,0,0
1223,1284,358,233,188,0,9,0,0
1224,1284,357,233,190,0,9,0,0
1225,1284,357,233,189,0,9,0,0
1226,1284,357,233,189,0,9,0,0
1227,1284,357,233,189,0,9,0,0
1228,1284,359,233,187,0,9,0,0
1229,1284,359,233,187,0,9,0,0
1230,1284,359,233,187,0,9,0,0
1231,1284,359,233,187,0,9,0,0
1232,1284,359,233,187,0,9,0,0
1233,1284,358,233,187,0,9,0,0
1234,1284,358,234,188,0,9,0,0
1235,1284,358,233,188,0,9,0,0
1236,1284,358,233,187,0,9,0,0
1237,1284,358,233,187,0,9,0,0
1238,1284,359,233,187,0,9,0,0
1239,1284,359,233,188,0,9,0,0
1240,1284,359,233,187,0,9,0,0
1241,1284,359,233,188,0,9,0,0
1242,1284,358,233,188,0,9,0,0
1243,1284,358,233,188,0,9,0,0
1244,1284,358,233,188,0,9,0,0
1245,1284,358,233,188,0,9,0,0
1246,1284,359,233,187,0,9,0,0
1247,1284,359,233,187,0,9,0,0
1248,1284,361,233,186,0,9,0,0
1249,1283,358,234,188,0,9,0,0
1250,1284,357,233,189,0,9,0,0
1251,1284,356,233,188,0,9,0,0
1252,1284,357,233,187,0,9,0,1
1253,1284,357,233,188,0,9,0,1
1254,1284,357,233,188,0,9,0,1
1255,1284,357,233,188,0,9,0,1
1256,1284,356,233,188,0,9,0,0
1257,1284,357,234,188,0,9,0,0
1258,1284,357,234,187,0,9,0,0
1259,1284,357,234,187,0,9,0,0
1260,1284,356,234,189,0,9,0,0
1261,1284,355,233,191,0,9,0,0
1262,1284,357,233,188,0,9,0,0
1263,1284,357,233,189,0,9,0,0
1264,1285,357,232,189,0,9,0,1
1265,1285,357,233,189,0,9,0,1
1266,1285,358,233,188,0,9,0,0
1267,1284,356,233,190,0,9,0,0
1268,1284,356,233,190,0,9,0,0
1269,1285,356,233,190,0,9,0,0
1270,1284,356,233,189,0,9,0,0
1271,1284,356,233,190,0,9,0,0
1272,1284,357,233,189,0,9,0,0
1273,1284,358,233,188,0,9,0,0
1274,1285,358,233,188,0,9,0,0
1275,1284,359,233,187,0,9,0,0
1276,1284,359,233,187,0,9,0,0
1277,1284,359,233,188,0,9,0,0
1278,1284,359,233,187,0,9,0,0
1279,1283,359,233,187,0,9,0,0
1280,1284,359,233,187,0,9,0,0
1281,1284,359,233,188,0,9,0,0
1282,1284,360,234,187,0,9,0,0
1283,1283,359,234,187,0,9,0,0
1284,1283,359,234,187,0,9,0,0
1285,1283,359,233,187,0,9,0,0
1286,1283,359,234,187,0,9,0,0
1287,1283,360,233,186,0,9,0,0
1288,1283,360,233,187,0,9,0,0
1289,1283,359,233,187,0,9,0,0
1290,1284,359,233,187,0,9,0,0
1291,1284,359,233,187,0,9,0,0
1292,1284,359,233,187,0,9,0,0
1293,1283,359,233,188,0,9,0,0
1294,1284,359,233,188,0,9,0,0
1295,1284,359,233,187,0,9,0,0
1296,1284,359,233,187,0,9,0,0
1297,1284,359,233,187,0,9,0,0
1298,1283,358,234,188,0,9,0,0
1299,1283,358,234,189,0,9,0,0
1300,1283,357,234,189,0,9,0,0
1301,1283,357,234,189,0,9,0,0
1302,1283,357,234,189,0,9,0,0
1303,1283,357,234,189,0,9,0,0
1304,1284,357,233,189,0,9,0,0
1305,1284,357,233,189,0,9,0,0
1306,1284,357,233,189,0,9,0,0
1307,1284,357,233,189,0,9,0,0
1308,1284,356,233,189,0,9,0,0
1309,1284,356,233,189,0,9,0,0
1310,1283,357,233,190,0,9,0,0
1311,1284,357,233,189,0,9,0,0
1312,1284,357,233,189,0,9,0,0
1313,1284,357,233,190,0,9,0,0
1314,1284,356,233,190,0,9,0,1
1315,1284,355,234,188,0,9,0,1
1316,1284,355,234,189,0,9,0,1
1317,1284,355,234,189,0,9,0,0
1318,1284,354,234,191,0,9,0,0
1319,1284,353,233,192,0,9,0,0
1320,1284,353,233,192,0,9,0,0
1321,1284,354,233,191,0,9,0,0
1322,1284,354,234,190,0,9,0,0
1323,1284,354,234,190,0,9,0,0
1324,1284,354,234,190,0,9,0,0
1325,1284,354,234,190,0,9,0,0
1326,1284,354,234,190,0,9,0,0
1327,1284,354,234,190,0,9,0,0
1328,1284,353,233,192,0,9,0,0
1329,1284,354,233,191,0,9,0,0
1330,1284,353,233,191,0,9,0,0
1331,1284,353,233,192,0,9,0,0
1332,1283,355,234,189,0,9,0,0
1333,1283,354,234,191,0,9,0,0
1334,1283,355,234,191,0,9,0,0
1335,1284,354,233,191,0,9,0,0
1336,1284,354,233,190,0,9,0,0
1337,1284,354,233,189,0,9,0,0
1338,1284,354,233,189,0,9,0,0
1339,1284,354,233,189,0,9,0,0
1340,1284,354,233,189,0,9,0,0
1341,1284,354,233,189,0,9,0,0
1342,1284,354,233,191,0,9,0,0
1343,1284,355,233,187,0,9,0,0
1344,1285,357,233,186,0,9,0,0
1345,1284,357,233,186,0,9,0,0
1346,1285,357,232,186,0,9,0,0
1347,1285,357,233,186,0,9,0,0
1348,1285,356,233,188,0,9,0,0
1349,1285,356,233,188,0,9,0,0
1350,1285,356,233,188,0,9,0,0
1351,1285,355,233,190,0,9,0,0
1352,1285,355,233,190,0,9,0,0
1353,1285,354,233,190,0,9,0,0
1354,1285,354,233,190,0,9,0,0
1355,1284,354,233,191,0,9,0,0
1356,1284,355,233,189,0,9,0,0
1357,1284,355,233,189,0,9,0,0
1358,1285,355,233,191,0,9,0,0
1359,1284,355,233,191,0,9,0,0
1360,1284,355,233,190,0,9,0,0
1361,1284,355,233,190,0,9,0,0
1362,1283,356,234,190,0,9,0,0
1363,1284,356,234,191,0,9,0,0
1364,1285,356,233,190,0,9,0,0
1365,1285,356,233,191,0,9,0,0
1366,1285,356,233,191,0,9,0,0
1367,1284,355,233,190,0,9,0,0
1368,1283,355,234,191,0,9,0,0
1369,1283,356,234,190,0,9,0,0
1370,1283,355,234,191,0,9,0,0
1371,1283,355,234,191,0,9,0,0
1372,1284,355,234,191,0,9,0,0
1373,1284,355,233,191,0,9,0,0
1374,1284,355,233,191,0,9,0,0
1375,1284,355,233,191,0,9,0,0
1376,1284,355,233,191,0,9,0,0
1377,1284,355,233,191,0,9,0,0
1378,1284,356,233,191,0,9,0,0
1379,1285,356,233,191,0,9,0,0
1380,1285,356,233,190,0,9,0,0
1381,1285,355,233,191,0,9,0,0
1382,1285,355,233,191,0,9,0,0
1383,1284,355,233,191,0,9,0,0
1384,1284,355,233,191,0,9,0,0
1385,1284,355,233,191,0,9,0,0
1386,1284,355,233,191,0,9,0,0
1387,1285,355,233,191,0,9,0,0
1388,1285,355,232,192,0,9,0,0
1389,1284,354,232,192,0,9,0,0
1390,1285,355,232,192,0,9,0,0
1391,1284,356,233,191,0,9,0,0
1392,1284,356,233,191,0,9,0,0
1393,1284,356,233,191,0,9,0,0
1394,1284,356,233,191,0,9,0,0
1395,1283,356,234,191,0,9,0,0
1396,1284,355,233,192,0,9,0,0
1397,1284,355,233,191,0,9,0,0
1398,1284,355,233,191,0,9,0,0
1399,1284,356,233,191,0,9,0,0
1400,1284,356,233,190,0,9,0,0
1401,1284,356,233,190,0,9,0,0
1402,1285,356,233,190,0,9,0,0
1403,1285,356,232,190,0,9,0,0
1404,1285,356,233,190,0,9,0,0
1405,1285,356,233,190,0,9,0,0
1406,1285,356,233,190,0,9,0,0
1407,1285,357,233,190,0,9,0,0
1408,1285,357,233,190,0,9,0,0
1409,1285,356,233,190,0,9,0,0
1410,1283,356,234,191,0,9,0,0
1411,1284,356,233,191,0,9,0,0
1412,1284,356,233,191,0,9,0,0
1413,1284,356,233,191,0,9,0,0
1414,1284,356,233,191,0,9,0,0
1415,1284,355,233,190,0,9,0,0
1416,1284,355,233,190,0,9,0,0
1417,1284,355,233,190,0,9,0,0
1418,1284,356,232,189,0,9,0,0
1419,1284,355,232,190,0,9,0,0
1420,1284,356,232,190,0,9,0,0
1421,1284,355,233,190,0,9,0,0
1422,1284,356,233,190,0,9,0,0
1423,1284,355,233,190,0,9,0,0
1424,1284,356,233,189,0,9,0,0
1425,1284,356,232,189,0,9,0,0
1426,1284,356,233,189,0,9,0,0
1427,1284,356,234,189,0,9,0,0
1428,1284,355,233,189,0,9,0,0
1429,1284,355,233,191,0,9,0,0
1430,1285,355,233,190,0,9,0,0
1431,1285,356,233,190,0,9,0,0
1432,1285,356,233,190,0,9,0,0
1433,1285,356,233,190,0,9,0,0
1434,1285,356,233,189,0,9,0,0
1435,1285,356,232,189,0,9,0,0
1436,1285,355,233,189,0,9,0,0
1437,1285,355,233,189,0,9,0,0
1438,1285,355,232,189,0,9,0,0
1439,1285,355,232,189,0,9,0,0
1440,1285,355,233,190,0,9,0,0
1441,1285,355,233,190,0,9,0,0
1442,1285,355,233,189,0,9,0,0
1443,1285,356,233,189,0,9,0,0
1444,1285,356,233,188,0,9,0,0
1445,1285,355,233,188,0,9,0,0
1446,1284,357,233,187,0,9,0,0
1447,1284,357,233,187,0,9,0,0
1448,1284,356,233,188,0,9,0,0
1449,1284,356,233,188,0,9,0,0
1450,1284,356,233,189,0,9,0,0
1451,1284,356,233,189,0,9,0,0
1452,1284,356,233,189,0,9,0,0
1453,1284,357,233,186,0,9,0,0
1454,1284,356,233,187,0,9,0,0
1455,1284,356,233,187,0,9,0,0
1456,1284,357,233,188,0,9,0,0
1457,1284,357,233,188,0,9,0,0
1458,1284,357,233,189,0,9,0,0
1459,1284,357,233,188,0,9,0,1
1460,1284,356,232,189,0,9,0,1
1461,1284,356,233,190,0,9,0,0
1462,1284,356,233,190,0,9,0,0
1463,1284,356,233,190,0,9,0,0
1464,1284,358,233,187,0,9,0,0
1465,1284,358,233,187,0,9,0,0
1466,1284,358,233,188,0,9,0,0
1467,1284,357,233,187,0,9,0,0
1468,1284,357,233,187,0,9,0,0
1469,1284,357,233,188,0,9,0,0
1470,1284,356,233,188,0,9,0,0
1471,1284,356,233,188,0,9,0,0
1472,1284,356,233,188,0,9,0,0
1473,1284,356,233,188,0,9,0,0
1474,1284,356,233,189,0,9,0,0
1475,1284,356,233,188,0,9,0,0
1476,1284,356,233,188,0,9,0,0
1477,1284,356,233,188,0,9,0,0
1478,1284,356,233,188,0,9,0,0
1479,1284,356,233,187,0,9,0,0
1480,1284,357,233,187,0,9,0,0
1481,1284,357,233,187,0,9,0,0
1482,1284,356,233,188,0,9,0,0
1483,1284,355,233,188,0,9,0,0
1484,1284,356,233,188,0,9,0,0
1485,1284,356,233,188,0,9,0,0
1486,1284,355,233,189,0,9,0,0
1487,1284,355,233,188,0,9,0,0
1488,1284,355,233,188,0,9,0,0
1489,1284,355,233,189,0,9,0,0
1490,1284,355,233,189,0,9,0,0
1491,1284,355,234,189,0,9,0,0
1492,1284,355,233,189,0,9,0,0
1493,1284,355,233,189,0,9,0,0
1494,1284,355,233,188,0,9,0,0
1495,1284,355,233,189,0,9,0,0
1496,1284,355,233,190,0,9,0,0
1497,1284,355,234,189,0,9,0,0
1498,1284,355,233,190,0,9,0,0
1499,1284,354,233,191,0,9,0,0
1500,1284,356,233,187,0,9,0,0
1501,1284,356,233,188,0,9,0,0
1502,1284,356,233,188,0,9,0,0
1503,1284,356,233,187,0,9,0,0
1504,1283,356,233,189,0,9,0,0
1505,1284,355,233,188,0,9,0,0
1506,1284,353,232,191,0,9,0,0
1507,1284,354,233,189,0,9,0,0
1508,1284,353,232,191,0,9,0,0
1509,1284,354,233,189,0,9,0,0
1510,1284,353,232,191,0,9,0,0
1511,1284,353,232,191,0,9,0,0
1512,1284,355,233,188,0,9,0,0
1513,1284,355,233,188,0,9,0,0
1514,1284,355,233,189,0,9,0,0
1515,1284,355,233,189,0,9,0,0
1516,1284,355,233,189,0,9,0,0
1517,1284,355,233,189,0,9,0,0
1518,1284,355,233,188,0,9,0,0
1519,1284,355,233,189,0,9,0,0
1520,1284,354,233,190,0,9,0,0
1521,1284,356,233,188,0,9,0,0
1522,1284,355,233,189,0,9,0,0
1523,1284,354,233,190,0,9,0,0
1524,1285,354,232,191,0,9,0,0
1525,1284,354,232,191,0,9,0,0
1526,1284,355,233,189,0,9,0,0
1527,1283,355,234,188,0,9,0,0
1528,1283,355,234,189,0,9,0,0
1529,1283,355,234,189,0,9,0,0
1530,1283,354,234,189,0,9,0,0
1531,1283,355,234,189,0,9,0,0
1532,1283,355,233,190,0,9,0,0
1533,1283,355,234,189,0,9,0,0
1534,1283,355,234,189,0,9,0,0
1535,1283,354,234,189,0,9,0,0
1536,1283,355,234,188,0,9,0,0
1537,1283,355,234,189,0,9,0,0
1538,1283,354,234,189,0,9,0,0
1539,1283,355,234,189,0,9,0,0
1540,1283,355,234,188,0,9,0,0
1541,1283,355,233,189,0,9,0,0
1542,1284,356,233,188,0,9,0,0
1543,1284,356,234,188,0,9,0,0
1544,1284,354,234,189,0,9,0,0
1545,1284,354,234,189,0,9,0,0
1546,1284,354,234,189,0,9,0,0
1547,1284,354,233,189,0,9,0,0
1548,1284,354,233,189,0,9,0,0
1549,1284,354,233,189,0,9,0,0
1550,1284,354,233,190,0,9,0,0
1551,1283,354,234,190,0,9,0,0
1552,1283,354,234,189,0,9,0,0
1553,1283,355,234,189,0,9,0,0
1554,1283,355,234,189,0,9,0,0
1555,1283,354,234,189,0,9,0,0
1556,1283,355,234,188,0,9,0,0
1557,1284,355,233,189,0,9,0,0
1558,1284,355,233,189,0,9,0,0
1559,1283,354,234,189,0,9,0,0
1560,1283,354,233,190,0,9,0,0
1561,1283,354,234,189,0,9,0,0
1562,1283,354,234,189,0,9,0,0
1563,1283,354,234,189,0,9,0,0
1564,1283,354,234,191,0,9,0,0
1565,1283,354,234,189,0,9,0,0
1566,1283,354,234,189,0,9,0,0
1567,1283,354,234,189,0,9,0,0
1568,1283,355,234,189,0,9,0,0
1569,1283,355,234,189,0,9,0,0
1570,1284,355,233,188,0,9,0,0
1571,1284,355,233,189,0,9,0,0
1572,1284,354,232,190,0,9,0,0
1573,1284,354,232,190,0,9,0,0
1574,1284,355,232,189,0,9,0,0
1575,1284,355,233,189,0,9,0,0
1576,1283,353,233,190,0,9,0,0
1577,1283,353,233,190,0,9,0,0
1578,1284,353,233,189,0,9,0,0
1579,1283,353,233,189,0,9,0,0
1580,1284,353,232,189,0,9,0,0
1581,1284,353,232,190,0,9,0,0
1582,1284,353,232,190,0,9,0,0
1583,1284,353,232,190,0,9,0,0
1584,1284,354,233,189,0,9,0,0
1585,1284,355,233,188,0,9,0,0
1586,1284,353,232,191,0,9,0,0
1587,1284,354,233,189,0,9,0,0
1588,1284,354,233,189,0,9,0,0
1589,1284,354,233,189,0,9,0,0
1590,1284,353,233,191,0,9,0,0
1591,1284,353,233,190,0,9,0,0
1592,1284,353,233,190,0,9,0,0
1593,1284,353,233,190,0,9,0,0
1594,1284,353,233,190,0,9,0,0
1595,1284,353,233,190,0,9,0,0
1596,1284,356,233,187,0,9,0,0
1597,1284,356,233,187,0,9,0,0
1598,1283,355,233,188,0,9,0,0
1599,1283,355,233,188,0,9,0,0
1600,1283,353,234,190,0,9,0,0
1601,1283,353,234,190,0,9,0,0
1602,1283,353,234,191,0,9,0,0
1603,1283,352,233,191,0,9,0,0
1604,1283,352,233,190,0,9,0,0
1605,1283,353,233,190,0,9,0,0
1606,1283,353,233,190,0,9,0,0
1607,1283,353,234,190,0,9,0,0
1608,1284,353,233,189,0,9,0,0
1609,1284,354,233,189,0,9,0,0
1610,1284,353,232,191,0,9,0,0
1611,1283,354,233,189,0,9,0,0
1612,1283,353,234,190,0,9,0,0
1613,1284,354,233,189,0,9,0,0
1614,1284,354,232,191,0,9,0,0
1615,1284,354,234,190,0,9,0,0
1616,1284,357,233,187,0,9,0,0
1617,1284,357,233,186,0,9,0,0
1618,1285,356,233,188,0,9,0,0
1619,1284,358,234,186,0,9,0,0
1620,1284,357,233,187,0,9,0,0
1621,1284,355,233,188,0,9,0,0
1622,1284,354,233,189,0,9,0,0
1623,1284,354,233,189,0,9,0,0
1624,1285,354,232,191,0,9,0,0
1625,1285,354,232,191,0,9,0,0
1626,1284,354,233,189,0,9,0,0
1627,1284,354,233,189,0,9,0,0
1628,1284,354,233,190,0,9,0,0
1629,1284,354,233,189,0,9,0,0
1630,1284,354,233,189,0,9,0,0
1631,1284,355,233,188,0,9,0,0
1632,1284,355,232,189,0,9,0,0
1633,1284,355,232,189,0,9,0,0
1634,1284,355,233,189,0,9,0,0
1635,1284,355,233,189,0,9,0,0
1636,1284,355,233,188,0,9,0,0
1637,1283,355,234,188,0,9,0,0
1638,1284,355,234,188,0,9,0,0
1639,1284,355,234,188,0,9,0,0
1640,1284,356,234,188,0,9,0,0
1641,1284,355,234,188,0,9,0,0
1642,1284,356,233,188,0,9,0,0
1643,1284,356,233,188,0,9,0,0
1644,1284,355,233,188,0,9,0,0
1645,1284,355,233,189,0,9,0,0
1646,1284,355,233,189,0,9,0,0
1647,1284,355,233,189,0,9,0,0
1648,1284,355,233,189,0,9,0,0
1649,1284,355,234,189,0,9,0,0
1650,1284,355,234,189,0,9,0,0
1651,1284,354,233,189,0,9,0,0
1652,1284,355,233,189,0,9,0,0
1653,1284,355,233,188,0,9,0,0
1654,1284,355,233,189,0,9,0,0
1655,1284,355,233,189,0,9,0,0
1656,1284,355,233,188,0,9,0,0
1657,1284,355,233,188,0,9,0,0
1658,1284,355,233,188,0,9,0,0
1659,1284,355,233,188,0,9,0,0
1660,1284,355,233,188,0,9,0,0
1661,1284,355,233,189,0,9,0,0
1662,1284,355,234,189,0,9,0,0
1663,1285,355,233,188,0,9,0,0
1664,1285,356,233,188,0,9,0,0
1665,1285,356,233,189,0,9,0,0
1666,1285,356,232,189,0,9,0,0
1667,1285,356,233,189,0,9,0,0
1668,1284,358,233,188,0,9,0,1
1669,1284,358,233,188,0,9,0,0
1670,1284,357,233,189,0,9,0,0
1671,1284,356,233,188,0,9,0,0
1672,1284,356,233,188,0,9,0,0
1673,1284,356,233,188,0,9,0,0
1674,1284,355,233,188,0,9,0,1
1675,1284,355,233,188,0,9,0,1
1676,1284,356,233,188,0,9,0,0
1677,1284,355,234,188,0,9,0,0
1678,1284,356,233,187,0,9,0,0
1679,1284,356,233,187,0,9,0,0
1680,1284,355,233,189,0,9,0,0
1681,1284,356,234,188,0,9,0,0
1682,1284,355,234,189,0,9,0,0
1683,1284,355,234,189,0,9,0,0
1684,1284,355,233,189,0,9,0,0
1685,1284,354,233,190,0,9,0,0
1686,1284,355,233,191,0,9,0,0
1687,1284,354,233,191,0,9,0,0
1688,1284,355,233,191,0,9,0,0
1689,1284,355,233,191,0,9,0,1
1690,1284,355,233,191,0,9,0,1
1691,1284,355,233,191,0,9,0,1
1692,1284,357,234,186,0,9,0,1
1693,1284,357,234,187,0,9,0,1
1694,1284,356,234,187,0,9,0,2
1695,1284,356,234,188,0,9,0,2
1696,1283,357,234,187,0,9,0,2
1697,1283,357,234,187,0,9,0,1
1698,1283,357,234,187,0,9,0,0
1699,1283,356,234,187,0,9,0,0
1700,1283,357,234,187,0,9,0,0
1701,1283,357,234,187,0,9,0,0
1702,1283,357,234,187,0,9,0,0
1703,1283,357,234,187,0,9,0,0
1704,1284,357,234,187,0,9,0,0
1705,1284,357,234,187,0,9,0,0
1706,1284,358,234,186,0,9,0,0
1707,1284,358,234,186,0,9,0,0
1708,1284,358,234,187,0,9,0,0
1709,1284,356,234,189,0,9,0,0
1710,1284,355,234,190,0,9,0,0
1711,1284,355,234,190,0,9,0,0
1712,1284,354,233,192,0,9,0,0
1713,1284,354,233,192,0,9,0,0
1714,1284,356,234,190,0,9,0,0
1715,1284,356,233,190,0,9,0,0
1716,1283,357,234,187,0,9,0,0
1717,1283,357,234,187,0,9,0,0
1718,1283,357,234,189,0,9,0,0
1719,1284,357,233,187,0,9,0,0
1720,1284,357,233,187,0,9,0,0
1721,1284,357,233,187,0,9,0,0
1722,1284,359,233,186,0,9,0,0
1723,1284,358,233,186,0,9,0,0
1724,1284,358,233,186,0,9,0,0
1725,1284,358,233,186,0,9,0,0
1726,1284,358,233,186,0,9,0,0
1727,1284,358,233,186,0,9,0,0
1728,1283,360,235,185,0,9,0,0
1729,1282,360,235,185,0,9,0,0
1730,1284,362,234,182,0,9,0,0
1731,1283,361,234,183,0,9,0,0
1732,1283,361,234,183,0,9,0,0
1733,1283,360,234,184,0,9,0,0
1734,1283,360,234,184,0,9,0,0
1735,1284,359,234,185,0,9,0,0
1736,1284,360,234,184,0,9,0,0
1737,1284,357,234,186,0,9,0,0
1738,1283,357,234,187,0,9,0,0
1739,1283,356,234,187,0,9,0,0
1740,1284,355,233,189,0,9,0,0
1741,1284,355,234,188,0,9,0,0
1742,1283,354,234,189,0,9,0,0
1743,1283,354,233,190,0,9,0,0
1744,1284,354,233,189,0,9,0,0
1745,1284,355,234,189,0,9,0,0
1746,1284,355,234,189,0,9,0,0
1747,1283,354,234,189,0,9,0,0
1748,1284,354,233,191,0,9,0,0
1749,1284,354,234,189,0,9,0,0
1750,1284,360,234,185,0,9,0,0
1751,1284,361,234,184,0,9,0,0
1752,1284,361,234,183,0,9,0,0
1753,1284,357,234,186,0,9,0,0
1754,1284,356,234,187,0,9,0,0
1755,1282,356,235,188,0,9,0,0
1756,1284,356,234,188,0,9,0,0
1757,1283,355,234,188,0,9,0,0
1758,1283,357,234,187,0,9,0,0
1759,1283,356,234,188,0,9,0,0
1760,1284,356,234,187,0,9,0,0
1761,1284,359,234,185,0,9,0,0
1762,1284,358,234,186,0,9,0,0
1763,1284,357,234,186,0,9,0,0
1764,1282,359,236,184,0,9,0,0
1765,1283,359,235,185,0,9,0,0
1766,1283,362,235,182,0,9,0,0
1767,1283,361,235,184,0,9,0,0
1768,1283,363,234,183,0,9,0,0
1769,1282,362,235,182,0,9,0,0
1770,1284,363,234,183,0,9,0,1
1771,1284,363,234,184,0,9,0,0
1772,1284,363,234,183,0,9,0,0
1773,1285,363,233,183,0,9,0,0
1774,1283,362,234,184,0,9,0,0
1775,1283,363,235,183,0,9,0,0
1776,1284,362,234,184,0,9,0,0
1777,1284,361,233,184,0,9,0,0
1778,1284,358,233,188,0,9,0,0
1779,1284,358,232,187,0,9,0,0
1780,1284,357,233,188,0,9,0,0
1781,1290,356,227,189,0,9,0,0
1782,1301,357,216,188,0,9,0,0
1783,1295,358,222,187,0,9,0,0
1784,1288,359,229,186,0,9,0,0
1785,1285,358,231,187,0,9,0,0
1786,1285,359,232,186,0,9,0,0
1787,1285,358,232,186,0,9,0,0
1788,1284,359,233,185,0,9,0,0
1789,1285,358,233,187,0,9,0,0
1790,1285,357,233,188,0,9,0,0
1791,1285,356,233,189,0,9,0,0
1792,1285,356,232,189,0,9,0,0
1793,1285,356,232,189,0,9,0,0
1794,1285,356,232,189,0,9,0,0
1795,1285,356,232,188,0,9,0,0
1796,1285,357,232,189,0,9,0,0
1797,1285,357,233,187,0,9,0,0
1798,1284,356,233,188,0,9,0,0
1799,1285,356,233,188,0,9,0,0
1800,1284,355,233,188,0,9,0,0
1801,1284,355,233,188,0,9,0,0
1802,1284,354,233,188,0,9,0,1
1803,1284,354,233,189,0,9,0,0
1804,1284,354,232,188,0,9,0,0
1805,1284,354,232,188,0,9,0,0
1806,1284,355,232,190,0,9,0,0
1807,1284,354,233,188,0,9,0,0
1808,1285,355,232,188,0,9,0,0
1809,1285,355,233,189,0,9,0,0
1810,1285,355,233,189,0,9,0,0
1811,1285,355,233,188,0,9,0,0
1812,1284,356,233,188,0,9,0,0
1813,1284,356,233,188,0,9,0,0
1814,1285,356,233,187,0,9,0,0
1815,1285,356,233,188,0,9,0,0
1816,1285,356,233,188,0,9,0,0
1817,1285,356,233,188,0,9,0,0
1818,1285,356,233,188,0,9,0,0
1819,1285,355,233,188,0,9,0,0
1820,1285,356,233,188,0,9,0,0
1821,1284,357,232,186,0,9,0,0
1822,1284,355,233,188,0,9,0,0
1823,1284,357,232,185,0,9,0,0
1824,1284,356,232,187,0,9,0,0
1825,1285,356,232,187,0,9,0,0
1826,1285,357,232,187,0,9,0,0
1827,1285,355,232,188,0,9,0,0
1828,1285,355,232,188,0,9,0,0
1829,1285,355,232,189,0,9,0,0
1830,1284,356,233,187,0,9,0,0
1831,1284,355,233,187,0,9,0,0
1832,1284,356,233,187,0,9,0,0
1833,1285,356,233,188,0,9,0,0
1834,1285,355,233,189,0,9,0,0
1835,1285,355,233,188,0,9,0,0
1836,1285,360,233,185,0,9,0,1
1837,1285,360,233,185,0,9,0,1
1838,1285,361,233,184,0,9,0,1
1839,1285,361,233,184,0,9,0,1
1840,1285,358,233,187,0,9,0,0
1841,1285,357,233,188,0,9,0,0
1842,1285,356,233,188,0,9,0,0
1843,1285,356,233,188,0,9,0,0
1844,1285,356,233,189,0,9,0,0
1845,1285,356,232,187,0,9,0,1
1846,1285,355,233,188,0,9,0,0
1847,1285,355,233,189,0,9,0,0
1848,1285,355,233,188,0,9,0,0
1849,1285,356,233,188,0,9,0,0
1850,1284,355,233,188,0,9,0,0
1851,1284,355,233,188,0,9,0,0
1852,1284,356,232,187,0,9,0,0
1853,1285,355,232,188,0,9,0,0
1854,1285,357,232,186,0,9,0,0
1855,1284,356,232,187,0,9,0,0
1856,1285,356,232,187,0,9,0,0
1857,1284,356,232,189,0,9,0,0
1858,1284,355,233,188,0,9,0,0
1859,1284,356,233,188,0,9,0,0
1860,1283,357,234,189,0,9,0,0
1861,1283,357,234,189,0,9,0,0
1862,1285,356,232,189,0,9,0,0
1863,1285,356,232,189,0,9,0,0
1864,1285,356,232,189,0,9,0,0
1865,1285,357,232,189,0,9,0,0
1866,1285,356,232,189,0,9,0,0
1867,1285,356,233,189,0,9,0,0
1868,1285,356,232,188,0,9,0,0
1869,1285,356,233,188,0,9,0,0
1870,1285,355,233,188,0,9,0,0
1871,1285,355,233,189,0,9,0,0
1872,1285,355,232,188,0,9,0,0
1873,1285,354,232,189,0,9,0,0
1874,1285,354,232,189,0,9,0,0
1875,1285,354,232,189,0,9,0,0
1876,1285,354,232,189,0,9,0,0
1877,1285,354,232,189,0,9,0,0
1878,1285,354,232,189,0,9,0,0
1879,1285,354,232,189,0,9,0,0
1880,1285,354,233,189,0,9,0,0
1881,1285,355,233,189,0,9,0,0
1882,1285,355,233,188,0,9,0,0
1883,1285,355,233,188,0,9,0,0
1884,1285,356,233,188,0,9,0,0
1885,1285,356,233,188,0,9,0,0
1886,1285,356,233,187,0,9,0,0
1887,1285,356,233,187,0,9,0,0
1888,1285,355,233,188,0,9,0,0
1889,1285,355,233,188,0,9,0,0
1890,1285,355,233,188,0,9,0,0
1891,1285,355,233,188,0,9,0,0
1892,1285,355,233,189,0,9,0,0
1893,1285,355,233,188,0,9,0,0
1894,1285,355,233,188,0,9,0,0
1895,1284,355,233,189,0,9,0,0
1896,1285,354,233,190,0,9,0,0
1897,1285,354,233,189,0,9,0,0
1898,1285,354,233,189,0,9,0,0
1899,1285,354,233,189,0,9,0,0
1900,1285,354,233,189,0,9,0,0
1901,1285,354,233,190,0,9,0,0
1902,1285,355,233,188,0,9,0,0
1903,1285,356,233,187,0,9,0,0
1904,1285,357,233,188,0,9,0,0
1905,1285,357,233,187,0,9,0,0
1906,1285,357,233,187,0,9,0,0
1907,1285,356,233,187,0,9,0,0
1908,1285,356,233,187,0,9,0,0
1909,1286,357,232,188,0,9,0,0
1910,1286,357,232,186,0,9,0,0
1911,1286,357,232,186,0,9,0,0
1912,1286,357,232,186,0,9,0,0
1913,1286,357,232,187,0,9,0,0
1914,1286,358,232,187,0,9,0,0
1915,1285,358,232,187,0,9,0,0
1916,1285,357,232,188,0,9,0,0
1917,1285,357,232,187,0,9,0,0
1918,1285,358,232,187,0,9,0,0
1919,1285,357,232,187,0,9,0,0
1920,1285,357,233,188,0,9,0,0
1921,1285,357,232,186,0,9,0,0
1922,1285,356,232,187,0,9,0,0
1923,1285,357,232,186,0,9,0,0
1924,1285,357,232,187,0,9,0,0
1925,1285,356,232,187,0,9,0,0
1926,1285,356,233,187,0,9,0,0
1927,1285,356,233,187,0,9,0,0
1928,1285,356,233,187,0,9,0,0
1929,1285,357,233,188,0,9,0,0
1930,1285,355,233,189,0,9,0,0
1931,1285,356,233,189,0,9,0,0
1932,1285,356,232,188,0,9,0,0
1933,1285,357,232,188,0,9,0,0
1934,1285,356,233,188,0,9,0,0
1935,1285,356,233,188,0,9,0,0
1936,1285,356,233,188,0,9,0,0
1937,1285,356,233,189,0,9,0,0
1938,1285,356,233,189,0,9,0,0
1939,1285,356,232,188,0,9,0,0
1940,1285,355,232,189,0,9,0,0
1941,1285,356,232,187,0,9,0,0
1942,1285,355,233,189,0,9,0,0
1943,1285,354,233,189,0,9,0,0
1944,1285,355,232,188,0,9,0,0
1945,1285,355,233,188,0,9,0,0
1946,1285,355,233,188,0,9,0,0
1947,1285,355,233,188,0,9,0,0
1948,1285,355,233,188,0,9,0,0
1949,1285,355,233,188,0,9,0,0
1950,1285,355,233,188,0,9,0,0
1951,1285,355,233,188,0,9,0,0
1952,1285,356,233,188,0,9,0,0
1953,1285,355,233,188,0,9,0,0
1954,1285,355,233,188,0,9,0,0
1955,1285,355,233,188,0,9,0,0
1956,1284,356,234,188,0,9,0,0
1957,1284,356,233,188,0,9,0,0
1958,1285,356,233,189,0,9,0,0
1959,1285,356,233,188,0,9,0,0
1960,1285,356,233,188,0,9,0,0
1961,1285,356,233,188,0,9,0,0
1962,1285,355,233,188,0,9,0,0
1963,1285,355,233,188,0,9,0,0
1964,1285,355,233,189,0,9,0,0
1965,1285,356,233,189,0,9,0,0
1966,1285,356,233,189,0,9,0,0
1967,1284,355,233,190,0,9,0,0
1968,1285,356,233,189,0,9,0,0
1969,1285,356,233,189,0,9,0,0
1970,1284,357,234,187,0,9,0,0
1971,1284,357,234,187,0,9,0,0
1972,1284,357,234,186,0,9,0,0
1973,1284,357,234,187,0,9,0,0
1974,1284,357,234,187,0,9,0,0
1975,1284,356,234,187,0,9,0,0
1976,1284,356,234,187,0,9,0,0
1977,1284,356,234,187,0,9,0,0
1978,1284,356,234,187,0,9,0,0
1979,1284,356,234,187,0,9,0,0
1980,1284,358,234,185,0,9,0,0
1981,1284,358,234,185,0,9,0,0
1982,1283,358,234,185,0,9,0,0
1983,1283,357,234,185,0,9,0,0
1984,1284,356,234,187,0,9,0,0
1985,1283,357,234,186,0,9,0,0
1986,1283,357,234,186,0,9,0,0
1987,1284,358,233,185,0,9,0,0
1988,1284,358,233,185,0,9,0,0
1989,1284,358,233,184,0,9,0,0
1990,1284,358,233,184,0,9,0,0
1991,1284,359,233,183,0,9,0,0
1992,1284,358,233,184,0,9,0,0
1993,1284,358,233,184,0,9,0,0
1994,1284,358,233,184,0,9,0,0
1995,1285,356,233,187,0,9,0,0
1996,1285,356,233,188,0,9,0,0
1997,1285,356,233,187,0,9,0,0
1998,1285,356,233,187,0,9,0,0
1999,1285,356,233,187,0,9,0,0
2000,1285,356,233,187,0,9,0,0
2001,1285,356,232,188,0,9,0,0
2002,1285,356,232,187,0,9,0,0
2003,1285,356,233,187,0,9,0,0
2004,1285,357,233,186,0,9,0,0
2005,1285,357,233,186,0,9,0,0
2006,1285,357,233,186,0,9,0,0
2007,1285,356,233,187,0,9,0,0
2008,1285,356,233,187,0,9,0,0
2009,1285,356,233,187,0,9,0,0
2010,1285,356,233,187,0,9,0,0
2011,1285,356,233,187,0,9,0,0
2012,1285,356,233,187,0,9,0,0
2013,1285,356,233,187,0,9,0,0
2014,1285,357,233,187,0,9,0,0
2015,1285,357,233,187,0,9,0,0
2016,1285,356,233,188,0,9,0,0
2017,1285,357,233,188,0,9,0,0
2018,1285,357,233,188,0,9,0,0
2019,1285,356,233,188,0,9,0,0
2020,1285,356,233,188,0,9,0,0
2021,1285,356,233,188,0,9,0,0
2022,1285,356,233,187,0,9,0,0
2023,1285,356,233,187,0,9,0,0
2024,1285,356,233,187,0,9,0,0
2025,1285,356,233,187,0,9,0,0
2026,1285,356,233,187,0,9,0,0
2027,1285,356,233,187,0,9,0,0
2028,1284,359,234,184,0,9,0,0
2029,1284,359,233,185,0,9,0,0
2030,1284,358,234,187,0,9,0,1
2031,1284,357,234,188,0,9,0,1
2032,1284,357,234,188,0,9,0,1
2033,1284,357,234,188,0,9,0,1
2034,1284,357,234,189,0,9,0,0
2035,1283,357,235,187,0,9,0,0
2036,1284,359,234,187,0,9,0,0
2037,1285,359,233,187,0,9,0,0
2038,1285,359,234,185,0,9,0,0
2039,1285,360,233,184,0,9,0,0
2040,1285,363,233,183,0,9,0,0
2041,1283,361,234,185,0,9,0,0
2042,1283,360,235,186,0,9,0,0
2043,1283,359,234,187,0,9,0,0
2044,1284,357,234,188,0,9,0,0
2045,1284,358,234,187,0,9,0,0
2046,1284,358,234,187,0,9,0,0
2047,1283,358,235,187,0,9,0,0
2048,1284,358,234,187,0,9,0,0
2049,1284,359,234,187,0,9,0,0
2050,1284,360,234,186,0,9,0,0
2051,1284,357,234,189,0,9,0,0
2052,1285,355,233,190,0,9,0,0
2053,1284,356,234,190,0,9,0,0
2054,1285,356,233,190,0,9,0,0
2055,1285,355,233,190,0,9,0,0
2056,1284,354,233,192,0,9,0,0
2057,1285,356,233,190,0,9,0,0
2058,1284,355,234,190,0,9,0,0
2059,1284,356,233,190,0,9,0,0
2060,1284,356,233,190,0,9,0,0
2061,1285,358,233,188,0,9,0,0
2062,1285,358,233,188,0,9,0,0
2063,1285,357,233,189,0,9,0,0
2064,1284,359,234,186,0,9,0,0
2065,1284,358,234,187,0,9,0,0
2066,1284,358,234,187,0,9,0,0
2067,1284,358,234,187,0,9,0,0
2068,1284,358,234,187,0,9,0,0
2069,1285,359,233,187,0,9,0,0
2070,1285,358,233,187,0,9,0,0
2071,1285,358,233,185,0,9,0,0
2072,1285,358,233,185,0,9,0,0
2073,1285,358,233,186,0,9,0,1
2074,1285,357,233,187,0,9,0,1
2075,1285,358,233,186,0,9,0,1
2076,1284,357,234,187,0,9,0,0
2077,1283,357,235,187,0,9,0,0
2078,1283,356,235,187,0,9,0,0
2079,1284,356,234,188,0,9,0,0
2080,1284,356,234,188,0,9,0,0
2081,1285,358,233,187,0,9,0,0
2082,1285,357,232,188,0,9,0,0
2083,1285,357,232,188,0,9,0,0
2084,1285,358,232,188,0,9,0,0
2085,1285,357,233,188,0,9,0,0
2086,1285,357,232,188,0,9,0,0
2087,1285,357,232,188,0,9,0,0
2088,1285,356,233,189,0,9,0,0
2089,1285,356,233,189,0,9,0,0
2090,1285,356,233,189,0,9,0,0
2091,1284,356,233,188,0,9,0,0
2092,1284,356,234,188,0,9,0,0
2093,1284,356,233,188,0,9,0,0
2094,1284,356,233,188,0,9,0,0
2095,1284,356,233,188,0,9,0,0
2096,1284,356,233,188,0,9,0,0
2097,1284,356,233,188,0,9,0,0
2098,1284,356,233,188,0,9,0,0
2099,1284,356,233,187,0,9,0,0
2100,1284,357,233,187,0,9,0,0
2101,1284,357,233,187,0,9,0,0
2102,1284,356,234,188,0,9,0,0
2103,1284,357,233,188,0,9,0,0
2104,1284,357,233,188,0,9,0,0
2105,1284,357,233,188,0,9,0,0
2106,1284,357,233,188,0,9,0,0
2107,1284,357,233,188,0,9,0,0
2108,1284,357,233,188,0,9,0,0
2109,1284,357,233,188,0,9,0,0
2110,1284,357,233,188,0,9,0,0
2111,1284,357,234,187,0,9,0,0
2112,1284,356,233,188,0,9,0,0
2113,1284,355,233,188,0,9,0,0
2114,1284,355,233,189,0,9,0,0
2115,1284,355,233,189,0,9,0,0
2116,1284,355,233,189,0,9,0,0
2117,1284,355,233,189,0,9,0,0
2118,1284,356,233,188,0,9,0,0
2119,1284,356,233,188,0,9,0,0
2120,1284,356,233,188,0,9,0,0
2121,1284,355,234,189,0,9,0,0
2122,1284,355,233,188,0,9,0,0
2123,1284,356,233,188,0,9,0,0
2124,1284,356,234,188,0,9,0,0
2125,1284,356,233,188,0,9,0,0
2126,1284,356,234,188,0,9,0,0
2127,1284,356,234,187,0,9,0,0
2128,1284,356,234,188,0,9,0,0
2129,1284,356,234,188,0,9,0,0
2130,1284,356,234,188,0,9,0,0
2131,1284,355,234,188,0,9,0,0
2132,1284,355,234,189,0,9,0,0
2133,1284,357,233,187,0,9,0,0
2134,1284,356,233,188,0,9,0,0
2135,1284,356,233,188,0,9,0,0
2136,1285,355,233,189,0,9,0,0
2137,1285,355,233,189,0,9,0,0
2138,1285,354,233,190,0,9,0,0
2139,1285,354,233,190,0,9,0,0
2140,1285,354,233,190,0,9,0,0
0,564,94,95,74,1,6,0,0
1,565,94,94,74,1,6,0,0
2,565,94,94,74,1,6,0,1
3,565,94,94,74,1,6,0,1
4,565,94,94,74,1,6,0,1
5,565,94,94,74,1,6,0,1
6,564,94,95,74,1,6,0,0
7,564,94,95,74,1,6,0,0
8,565,94,95,74,1,6,0,0
9,565,94,93,74,1,6,0,0
10,565,95,94,74,1,6,0,0
11,565,94,94,74,1,6,0,1
12,565,94,95,74,1,6,0,2
13,565,95,95,74,1,6,0,3
14,565,95,95,74,1,6,0,3
15,565,95,94,74,1,6,0,2
16,565,95,95,74,1,6,0,1
17,564,94,95,74,1,6,0,2
18,564,94,95,74,1,6,0,3
19,564,94,95,74,1,6,0,4
20,564,94,95,74,1,6,0,5
21,564,94,95,74,1,6,0,4
22,565,94,94,74,1,6,0,3
23,564,94,95,74,1,6,0,1
24,564,94,95,74,1,6,0,0
25,564,94,95,74,1,6,0,0
26,564,94,95,74,1,6,0,0
27,564,94,95,74,1,6,0,0
28,564,94,95,74,1,6,0,0
29,564,94,95,74,1,6,0,1
30,564,94,95,74,1,6,0,3
31,564,95,95,74,1,6,0,4
32,565,95,95,75,1,6,0,5
33,564,95,95,75,1,6,0,6
34,565,95,95,75,1,6,0,5
35,565,95,94,74,1,6,0,4
36,564,95,95,74,1,6,0,3
37,564,95,95,74,1,6,0,2
38,564,95,95,74,1,6,0,2
39,564,95,95,74,1,6,0,1
40,565,95,94,74,1,6,0,1
41,564,95,95,74,1,6,0,0
42,564,95,95,74,1,6,0,0
43,565,95,94,74,1,6,0,1
44,564,95,95,74,1,6,0,2
45,564,94,95,74,1,6,0,3
46,564,94,95,74,1,6,0,3
47,564,94,95,74,1,6,0,3
48,564,94,95,74,1,6,0,3
49,564,94,95,74,1,6,0,2
50,564,94,95,74,1,6,0,1
51,564,94,95,74,1,6,0,0
52,564,94,95,74,1,6,0,0
53,564,94,95,74,1,6,0,1
54,564,94,95,74,1,6,0,2
55,564,95,95,74,1,6,0,3
56,565,95,95,74,1,6,0,4
57,565,95,94,74,1,6,0,5
58,565,95,94,74,1,6,0,5
59,564,95,95,74,1,6,0,4
60,564,95,95,75,1,6,0,3
61,564,95,95,74,1,6,0,1
62,564,95,95,74,1,6,0,0
63,565,95,94,74,1,6,0,0
64,564,95,95,74,1,6,0,0
65,564,95,95,74,1,6,0,0
66,565,95,94,74,1,6,0,1
67,564,95,94,74,1,6,0,2
68,565,94,94,74,1,6,0,3
69,565,94,94,74,1,6,0,4
70,564,94,95,74,1,6,0,4
71,564,94,95,74,1,6,0,5
72,563,94,96,74,1,6,0,4
73,563,94,96,74,1,6,0,3
74,564,94,95,74,1,6,0,1
75,564,94,95,74,1,6,0,1
76,564,94,95,74,1,6,0,1
77,564,94,95,74,1,6,0,2
78,563,95,96,74,1,6,0,3
79,563,95,96,74,1,6,0,4
80,564,95,94,74,1,6,0,4
81,564,95,94,74,1,6,0,4
82,564,95,94,74,1,6,0,3
83,565,95,94,74,1,6,0,2
84,564,95,95,74,1,6,0,1
85,564,95,95,74,1,6,0,1
86,564,95,95,74,1,6,0,1
87,564,94,95,74,1,6,0,1
88,564,95,95,74,1,6,0,0
89,563,95,95,74,1,6,0,1
90,563,94,96,75,1,6,0,1
91,563,94,96,75,1,6,0,1
92,563,94,96,75,1,6,0,1
93,563,94,95,74,1,6,0,1
94,563,94,96,74,1,6,0,2
95,562,94,97,74,1,6,0,2
96,563,94,96,74,1,6,0,1
97,562,94,96,74,1,6,0,1
98,562,94,97,75,1,6,0,2
99,564,95,95,74,1,6,0,3
100,565,94,95,73,1,6,0,4
101,564,95,96,74,1,6,0,3
102,564,95,96,74,1,6,0,2
103,564,95,96,74,1,6,0,1
104,564,94,96,75,1,6,0,3
105,564,95,96,74,1,6,0,4
106,564,95,95,74,1,6,0,4
107,564,95,95,74,1,6,0,1
108,562,95,97,74,1,6,0,1
109,563,95,96,74,1,6,0,0
110,563,95,97,74,1,6,0,0
111,562,95,97,74,1,6,0,0
112,562,95,97,74,1,6,0,0
113,561,95,98,74,1,6,0,0
114,562,94,98,75,1,6,0,1
115,562,94,98,75,1,6,0,2
116,562,94,97,75,1,6,0,3
117,564,95,95,73,1,6,0,3
118,563,94,97,74,1,6,0,2
119,563,95,96,74,1,6,0,1
120,562,94,97,74,1,6,0,1
121,562,94,97,74,1,6,0,0
122,562,94,97,74,1,6,0,0
123,563,94,96,74,1,6,0,0
124,563,94,96,75,1,6,0,1
125,562,95,97,75,1,6,0,1
126,562,94,98,75,1,6,0,2
127,562,94,98,75,1,6,0,2
128,562,95,97,75,1,6,0,2
129,562,95,97,74,1,6,0,2
130,562,95,97,74,1,6,0,1
131,563,95,96,75,1,6,0,1
132,562,95,97,74,1,6,0,1
133,562,94,97,75,1,6,0,2
134,562,94,97,75,1,6,0,2
135,562,94,97,75,1,6,0,2
136,562,94,97,75,1,6,0,2
137,561,94,98,75,1,6,0,2
138,561,95,97,75,1,6,0,1
139,564,95,95,74,1,6,0,1
140,564,94,96,74,1,6,0,1
141,562,93,98,75,1,6,0,2
142,562,93,98,75,1,6,0,3
143,561,93,98,75,1,6,0,4
144,562,94,97,74,1,6,0,4
145,563,94,96,74,1,6,0,3
146,563,94,96,74,1,6,0,2
147,561,94,98,75,1,6,0,2
148,563,94,96,75,1,6,0,1
149,563,94,96,74,1,6,0,0
150,563,94,97,74,1,6,0,0
151,562,94,97,74,1,6,0,0
152,564,94,95,74,1,6,0,1
153,564,94,96,74,1,6,0,2
154,563,94,96,74,1,6,0,2
155,564,95,96,75,1,6,0,2
156,564,94,95,75,1,6,0,2
157,564,94,95,75,1,6,0,2
158,564,94,96,75,1,6,0,2
159,563,94,96,75,1,6,0,2
160,563,94,96,74,1,6,0,2
161,563,94,96,74,1,6,0,2
162,563,94,96,75,1,6,0,1
163,563,94,96,74,1,6,0,1
164,563,94,96,75,1,6,0,1
165,563,94,96,74,1,6,0,1
166,563,94,96,74,1,6,0,0
167,563,94,96,74,1,6,0,0
168,563,94,96,74,1,6,0,0
169,563,94,96,74,1,6,0,0
170,563,94,96,74,1,6,0,0
171,563,94,96,74,1,6,0,1
172,563,94,96,74,1,6,0,2
173,564,95,95,74,1,6,0,3
174,564,95,95,74,1,6,0,3
175,565,95,95,74,1,6,0,4
176,565,95,95,74,1,6,0,3
177,564,95,95,74,1,6,0,2
178,563,94,96,75,1,6,0,1
179,564,95,95,74,1,6,0,0
180,563,95,96,74,1,6,0,0
181,563,95,96,74,1,6,0,0
182,563,95,97,74,1,6,0,0
183,562,94,98,74,1,6,0,1
184,562,94,98,74,1,6,0,1
185,562,94,97,74,1,6,0,1
186,563,95,97,74,1,6,0,1
187,562,94,97,74,1,6,0,1
188,562,95,97,74,1,6,0,1
189,562,95,98,74,1,6,0,1
190,562,94,98,75,1,6,0,1
191,563,95,96,74,1,6,0,1
192,562,94,98,75,1,6,0,1
193,562,94,97,75,1,6,0,1
194,562,94,97,75,1,6,0,0
195,561,94,98,75,1,6,0,0
196,561,94,98,75,1,6,0,0
197,561,94,99,75,1,6,0,0
198,560,94,99,75,1,6,0,0
199,561,94,98,75,1,6,0,1
200,562,95,97,74,1,6,0,2
201,562,95,97,74,1,6,0,2
202,562,95,97,74,1,6,0,3
203,563,95,97,75,1,6,0,3
204,564,95,96,74,1,6,0,2
205,564,95,96,74,1,6,0,2
206,563,95,96,75,1,6,0,1
207,563,95,96,75,1,6,0,1
208,564,95,95,75,1,6,0,1
209,564,95,95,75,1,6,0,0
210,564,95,95,75,1,6,0,0
211,564,95,95,75,1,6,0,0
212,564,95,95,75,1,6,0,1
213,564,95,95,75,1,6,0,2
214,564,94,95,75,1,6,0,3
215,564,94,95,75,1,6,0,3
216,564,94,95,75,1,6,0,4
217,564,94,95,74,1,6,0,5
218,562,94,97,74,1,6,0,5
219,563,94,96,74,1,6,0,5
220,563,94,96,74,1,6,0,3
221,563,94,96,74,1,6,0,4
222,563,95,96,74,1,6,0,4
223,563,95,96,75,1,6,0,5
224,563,95,96,75,1,6,0,5
225,563,95,96,75,1,6,0,6
226,563,95,96,75,1,6,0,5
227,563,95,96,75,1,6,0,3
228,562,95,98,75,1,6,0,1
229,562,95,98,75,1,6,0,1
230,562,95,98,75,1,6,0,0
231,562,95,98,75,1,6,0,0
232,562,95,98,75,1,6,0,0
233,562,95,98,75,1,6,0,0
234,563,95,96,75,1,6,0,0
235,563,95,97,75,1,6,0,0
236,563,95,96,75,1,6,0,0
237,563,95,97,75,1,6,0,0
238,563,95,96,75,1,6,0,1
239,562,94,97,75,1,6,0,3
240,563,95,96,74,1,6,0,3
241,564,94,96,74,1,6,0,4
242,563,94,96,75,1,6,0,3
243,563,94,96,75,1,6,0,2
244,563,94,96,75,1,6,0,2
245,562,94,97,75,1,6,0,1
246,563,94,97,75,1,6,0,1
247,563,94,97,75,1,6,0,0
248,563,94,97,75,1,6,0,1
249,563,94,96,75,1,6,0,1
250,563,95,97,74,1,6,0,2
251,562,95,98,75,1,6,0,3
252,562,95,98,75,1,6,0,3
253,562,95,97,75,1,6,0,4
254,563,95,97,75,1,6,0,4
255,564,95,96,75,1,6,0,3
256,564,95,96,75,1,6,0,3
257,564,95,96,75,1,6,0,2
258,564,95,96,75,1,6,0,1
259,563,95,97,75,1,6,0,1
260,564,95,96,75,1,6,0,0
261,563,95,97,75,1,6,0,0
262,562,95,98,75,1,6,0,0
263,562,95,98,75,1,6,0,0
264,563,95,97,75,1,6,0,0
265,563,95,96,75,1,6,0,0
266,563,95,96,75,1,6,0,0
267,562,95,97,74,1,6,0,0
268,562,95,97,74,1,6,0,1
269,562,95,97,74,1,6,0,1
270,562,95,97,74,1,6,0,1
271,562,95,97,74,1,6,0,1
272,563,95,96,75,1,6,0,0
273,563,95,97,75,1,6,0,0
274,564,95,96,74,1,6,0,0
275,564,95,96,75,1,6,0,0
276,564,95,96,75,1,6,0,0
277,563,95,97,75,1,6,0,0
278,563,95,97,75,1,6,0,1
279,563,96,97,74,1,6,0,1
280,563,96,97,74,1,6,0,1
281,563,95,97,75,1,6,0,1
282,563,96,97,74,1,6,0,1
283,563,96,97,74,1,6,0,1
284,564,95,95,75,1,6,0,1
285,564,95,95,75,1,6,0,1
286,563,95,96,74,1,6,0,1
287,563,95,96,75,1,6,0,1
288,562,95,97,75,1,6,0,1
289,564,95,95,74,1,6,0,3
290,564,95,95,74,1,6,0,4
291,564,94,95,75,1,6,0,5
292,564,94,95,75,1,6,0,5
293,563,94,96,75,1,6,0,4
294,564,94,95,75,1,6,0,3
295,563,94,96,75,1,6,0,3
296,563,95,96,75,1,6,0,3
297,563,95,97,75,1,6,0,3
298,563,95,97,75,1,6,0,3
299,564,94,96,75,1,6,0,2
300,564,95,95,75,1,6,0,2
301,564,95,95,75,1,6,0,1
302,564,95,95,75,1,6,0,0
303,564,95,96,75,1,6,0,0
304,564,95,96,75,1,6,0,0
305,564,95,95,75,1,6,0,0
306,564,95,96,75,1,6,0,0
307,564,95,96,75,1,6,0,0
308,564,95,95,75,1,6,0,0
309,564,95,95,75,1,6,0,1
310,565,95,95,75,1,6,0,2
311,564,95,95,74,1,6,0,4
312,565,94,95,74,1,6,0,5
313,564,94,95,74,1,6,0,5
314,564,94,95,74,1,6,0,5
315,565,94,95,74,1,6,0,5
316,564,94,95,74,1,6,0,4
317,565,94,94,74,1,6,0,3
318,565,94,94,75,1,6,0,1
319,565,94,94,75,1,6,0,1
320,565,94,94,75,1,6,0,0
321,565,94,94,74,1,6,0,1
322,565,94,94,75,1,6,0,2
323,565,94,94,75,1,6,0,3
324,564,95,95,75,1,6,0,4
325,564,95,95,75,1,6,0,4
326,564,95,95,75,1,6,0,4
327,564,95,95,75,1,6,0,4
328,564,95,95,74,1,6,0,3
329,564,95,95,74,1,6,0,2
330,564,95,95,74,1,6,0,1
331,564,95,95,75,1,6,0,0
332,564,95,95,75,1,6,0,0
333,564,95,95,74,1,6,0,1
334,564,95,95,74,1,6,0,2
335,564,94,95,75,1,6,0,3
336,564,94,95,75,1,6,0,4
337,564,94,95,75,1,6,0,4
338,564,94,97,75,1,6,0,4
339,564,94,95,75,1,6,0,3
340,564,94,95,75,1,6,0,2
341,564,94,95,75,1,6,0,1
342,564,94,95,75,1,6,0,0
343,564,94,95,75,1,6,0,1
344,564,94,95,75,1,6,0,1
345,564,95,95,75,1,6,0,2
346,564,95,95,75,1,6,0,3
347,564,95,95,75,1,6,0,3
348,563,95,96,75,1,6,0,3
349,564,95,96,75,1,6,0,3
350,563,95,97,75,1,6,0,2
351,563,95,97,75,1,6,0,1
352,565,95,95,75,1,6,0,0
353,565,95,95,75,1,6,0,0
354,565,95,95,75,1,6,0,0
355,565,95,95,75,1,6,0,0
356,565,95,95,75,1,6,0,0
357,565,95,95,75,1,6,0,0
358,564,95,95,75,1,6,0,0
359,564,95,95,75,1,6,0,0
360,564,95,95,75,1,6,0,0
361,564,95,95,75,1,6,0,0
362,564,95,95,75,1,6,0,0
363,564,95,96,75,1,6,0,0
364,564,95,96,75,1,6,0,0
365,564,95,95,75,1,6,0,0
366,565,95,95,75,1,6,0,0
367,564,95,96,75,1,6,0,0
368,564,95,96,75,1,6,0,0
369,564,95,96,75,1,6,0,0
370,564,95,95,75,1,6,0,0
371,565,95,95,75,1,6,0,1
372,564,95,96,74,1,6,0,1
373,564,95,95,74,1,6,0,1
374,564,95,95,74,1,6,0,1
375,564,95,95,74,1,6,0,1
376,564,95,95,74,1,6,0,1
377,564,95,95,74,1,6,0,1
378,564,95,95,74,1,6,0,0
379,564,95,95,74,1,6,0,0
380,564,95,96,75,1,6,0,0
381,564,95,96,74,1,6,0,0
382,564,95,95,74,1,6,0,0
383,564,95,95,74,1,6,0,0
384,564,95,95,74,1,6,0,0
385,564,95,95,74,1,6,0,0
386,564,95,94,74,1,6,0,0
387,564,95,94,74,1,6,0,1
388,564,94,94,74,1,6,0,2
389,564,94,94,74,1,6,0,2
390,564,94,95,74,1,6,0,1
391,565,95,94,74,1,6,0,0
392,565,95,94,74,1,6,0,1
393,565,95,94,74,1,6,0,3
394,565,95,94,75,1,6,0,5
395,565,95,94,75,1,6,0,5
396,564,95,95,74,1,6,0,4
397,565,94,95,74,1,6,0,3
398,564,95,95,74,1,6,0,2
399,564,94,95,75,1,6,0,2
400,565,94,95,75,1,6,0,2
401,562,94,97,75,1,6,0,1
402,563,94,96,75,1,6,0,1
403,562,94,97,75,1,6,0,1
404,562,94,97,75,1,6,0,0
405,562,94,97,75,1,6,0,1
406,563,94,96,75,1,6,0,0
407,563,94,96,74,1,6,0,1
408,565,94,95,75,1,6,0,0
409,565,94,94,75,1,6,0,1
410,565,94,94,74,1,6,0,2
411,565,95,95,75,1,6,0,2
412,565,95,95,75,1,6,0,2
413,564,94,96,75,1,6,0,1
414,564,94,95,75,1,6,0,1
415,564,94,95,75,1,6,0,1
416,564,95,96,75,1,6,0,2
417,564,94,95,75,1,6,0,1
418,564,94,95,75,1,6,0,1
419,564,94,96,75,1,6,0,0
420,565,94,95,74,1,6,0,1
421,565,94,95,75,1,6,0,2
422,565,94,95,75,1,6,0,3
423,565,94,95,74,1,6,0,3
424,565,94,95,74,1,6,0,3
425,564,94,96,74,1,6,0,2
426,564,94,95,75,1,6,0,1
427,564,94,95,75,1,6,0,1
428,564,94,95,74,1,6,0,1
429,564,94,95,75,1,6,0,1
430,565,94,95,74,1,6,0,1
431,564,94,95,75,1,6,0,1
432,564,94,95,74,1,6,0,1
433,564,94,95,74,1,6,0,1
434,564,94,95,75,1,6,0,3
435,564,94,96,75,1,6,0,4
436,564,95,96,75,1,6,0,7
437,564,95,96,75,1,6,0,7
438,564,95,96,75,1,6,0,7
439,564,95,96,75,1,6,0,7
440,564,95,96,75,1,6,0,5
441,565,95,95,75,1,6,0,3
442,565,95,95,75,1,6,0,1
443,565,95,95,75,1,6,0,0
444,564,95,96,75,1,6,0,0
445,564,95,96,75,1,6,0,0
446,564,95,96,75,1,6,0,1
447,564,95,96,74,1,6,0,2
448,564,94,96,75,1,6,0,3
449,564,94,96,75,1,6,0,4
450,564,94,95,75,1,6,0,4
451,565,94,95,75,1,6,0,4
452,564,94,96,74,1,6,0,3
453,564,94,95,74,1,6,0,3
454,564,94,95,74,1,6,0,2
455,565,94,95,74,1,6,0,1
456,564,94,96,74,1,6,0,1
457,565,94,95,75,1,6,0,2
458,565,95,95,75,1,6,0,4
459,565,95,95,75,1,6,0,5
460,565,95,95,75,1,6,0,6
461,565,95,95,75,1,6,0,5
462,565,95,95,74,1,6,0,4
463,565,95,95,75,1,6,0,2
464,565,95,95,75,1,6,0,1
465,565,95,95,75,1,6,0,0
466,565,95,95,75,1,6,0,1
467,565,95,95,74,1,6,0,2
468,565,94,94,74,1,6,0,4
469,565,94,94,75,1,6,0,5
470,565,94,94,74,1,6,0,6
471,565,94,94,74,1,6,0,6
472,565,94,94,74,1,6,0,5
473,565,94,94,74,1,6,0,3
474,565,94,94,74,1,6,0,1
475,564,94,95,75,1,6,0,1
476,564,94,95,75,1,6,0,1
477,565,94,94,75,1,6,0,1
478,565,94,95,75,1,6,0,1
479,564,94,95,75,1,6,0,1
480,563,94,97,75,1,6,0,0
481,564,94,95,75,1,6,0,0
482,564,94,96,75,1,6,0,0
483,564,95,96,74,1,6,0,0
484,565,95,95,74,1,6,0,1
485,565,95,94,75,1,6,0,2
486,565,95,94,75,1,6,0,3
487,565,95,94,75,1,6,0,3
488,565,95,94,74,1,6,0,2
489,564,94,95,75,1,6,0,3
490,564,94,95,75,1,6,0,3
491,564,94,95,75,1,6,0,4
492,563,94,96,75,1,6,0,5
493,562,94,97,74,1,6,0,5
494,563,94,96,74,1,6,0,3
495,563,94,96,74,1,6,0,2
496,562,94,97,74,1,6,0,2
497,563,94,96,74,1,6,0,2
498,563,94,96,74,1,6,0,2
499,563,94,96,74,1,6,0,1
500,563,94,96,75,1,6,0,1
501,563,94,95,75,1,6,0,1
502,563,94,96,75,1,6,0,2
503,564,94,95,75,1,6,0,3
504,564,94,95,75,1,6,0,2
505,561,94,98,75,1,6,0,3
506,561,94,98,75,1,6,0,2
507,562,95,98,75,1,6,0,2
508,563,94,96,75,1,6,0,0
509,562,94,97,75,1,6,0,0
510,562,94,97,75,1,6,0,0
511,562,94,97,75,1,6,0,2
512,562,93,97,75,1,6,0,3
513,562,93,97,75,1,6,0,3
514,561,93,98,75,1,6,0,2
515,561,93,98,75,1,6,0,3
516,561,93,98,75,1,6,0,2
517,560,93,99,75,1,6,0,2
518,560,93,99,75,1,6,0,1
519,560,93,99,75,1,6,0,1
520,561,93,98,75,1,6,0,0
521,560,93,99,75,1,6,0,0
522,561,93,98,75,1,6,0,0
523,561,93,98,75,1,6,0,0
524,561,93,99,75,1,6,0,0
525,563,94,97,75,1,6,0,0
526,563,94,97,75,1,6,0,0
527,563,94,96,75,1,6,0,1
528,564,94,95,75,1,6,0,1
529,564,94,95,75,1,6,0,1
530,565,94,95,75,1,6,0,0
531,565,94,94,74,1,6,0,0
532,565,94,95,75,1,6,0,0
533,564,94,95,75,1,6,0,0
534,564,94,95,75,1,6,0,0
535,563,94,96,75,1,6,0,1
536,563,94,96,75,1,6,0,1
537,564,94,95,75,1,6,0,1
538,562,94,97,75,1,6,0,0
539,562,94,98,75,1,6,0,0
540,563,94,95,74,1,6,0,0
541,562,94,96,74,1,6,0,1
542,561,94,97,75,1,6,0,2
543,560,93,99,75,1,6,0,3
544,560,93,99,75,1,6,0,2
545,561,93,99,75,1,6,0,2
546,561,93,99,75,1,6,0,1
547,561,93,99,75,1,6,0,1
548,561,93,98,75,1,6,0,1
549,562,93,97,75,1,6,0,1
550,563,94,96,75,1,6,0,2
551,563,94,96,75,1,6,0,3
552,561,94,98,75,1,6,0,5
553,562,94,98,75,1,6,0,5
554,563,95,97,75,1,6,0,5
555,561,94,99,75,1,6,0,3
556,561,94,99,75,1,6,0,2
557,563,94,97,75,1,6,0,1
558,563,94,97,75,1,6,0,1
559,563,94,96,75,1,6,0,1
560,564,94,96,75,1,6,0,1
561,564,94,96,75,1,6,0,0
562,564,94,96,75,1,6,0,0
563,563,94,97,75,1,6,0,0
564,562,94,97,75,1,6,0,0
565,562,94,97,75,1,6,0,0
566,563,94,97,75,1,6,0,0
567,562,94,97,75,1,6,0,1
568,563,94,96,75,1,6,0,1
569,563,94,96,74,1,6,0,1
570,562,94,97,75,1,6,0,0
571,564,94,96,75,1,6,0,0
572,564,94,95,74,1,6,0,0
573,564,94,95,75,1,6,0,0
574,564,94,95,75,1,6,0,0
575,563,94,96,75,1,6,0,0
576,562,94,98,75,1,6,0,0
577,562,94,98,75,1,6,0,0
578,562,94,97,75,1,6,0,1
579,562,94,97,75,1,6,0,1
580,561,94,98,75,1,6,0,1
581,562,94,97,75,1,6,0,0
582,562,94,97,75,1,6,0,0
583,562,94,98,75,1,6,0,0
584,562,94,98,75,1,6,0,1
585,564,94,95,75,1,6,0,1
586,565,94,95,74,1,6,0,2
587,564,94,95,75,1,6,0,2
588,563,94,96,74,1,6,0,2
589,563,94,96,75,1,6,0,1
590,563,94,96,75,1,6,0,1
591,562,94,97,75,1,6,0,0
592,563,94,96,75,1,6,0,0
593,563,94,96,75,1,6,0,0
594,563,94,96,74,1,6,0,0
595,563,94,97,75,1,6,0,0
596,563,94,96,75,1,6,0,0
597,562,94,97,75,1,6,0,0
598,562,94,97,75,1,6,0,1
599,562,94,98,75,1,6,0,1
600,564,94,96,75,1,6,0,1
601,564,94,95,75,1,6,0,0
602,564,94,96,75,1,6,0,0
603,563,94,96,75,1,6,0,0
604,563,94,97,75,1,6,0,0
605,564,94,96,75,1,6,0,0
606,563,94,96,75,1,6,0,0
607,564,94,96,75,1,6,0,0
608,564,94,96,75,1,6,0,0
609,564,94,95,75,1,6,0,0
610,564,94,95,75,1,6,0,1
611,564,94,95,75,1,6,0,1
612,563,94,96,75,1,6,0,1
613,563,94,97,75,1,6,0,0
614,563,95,97,75,1,6,0,1
615,564,94,96,75,1,6,0,1
616,563,94,97,76,1,6,0,1
617,563,94,97,75,1,6,0,1
618,563,94,97,75,1,6,0,1
619,564,94,96,75,1,6,0,0
620,563,94,97,75,1,6,0,0
621,563,94,96,76,1,6,0,0
622,563,94,96,75,1,6,0,0
623,563,94,97,75,1,6,0,0
624,563,94,97,75,1,6,0,0
625,564,94,95,75,1,6,0,0
626,564,94,95,75,1,6,0,0
627,564,94,95,75,1,6,0,0
628,564,94,96,75,1,6,0,0
629,564,94,96,75,1,6,0,0
630,564,94,96,75,1,6,0,0
631,564,94,96,75,1,6,0,0
632,564,94,95,75,1,6,0,0
633,564,94,96,75,1,6,0,0
634,564,94,95,75,1,6,0,0
635,565,94,95,75,1,6,0,0
636,565,94,95,75,1,6,0,0
637,564,94,95,76,1,6,0,0
638,564,94,95,76,1,6,0,0
639,564,94,95,76,1,6,0,0
640,563,94,96,76,1,6,0,0
641,563,94,96,76,1,6,0,0
642,564,94,96,76,1,6,0,0
643,564,94,96,76,1,6,0,0
644,564,94,96,76,1,6,0,0
645,564,94,95,76,1,6,0,0
646,564,94,95,76,1,6,0,0
647,564,94,96,76,1,6,0,0
648,564,94,95,75,1,6,0,0
649,564,94,95,75,1,6,0,0
650,565,94,95,76,1,6,0,0
651,564,94,95,75,1,6,0,0
652,565,94,95,75,1,6,0,0
653,564,94,96,75,1,6,0,0
654,564,94,95,76,1,6,0,0
655,565,94,95,75,1,6,0,0
656,565,94,95,75,1,6,0,1
657,564,94,95,75,1,6,0,1
658,564,94,95,75,1,6,0,1
659,565,94,94,75,1,6,0,0
660,563,94,96,75,1,6,0,0
661,563,94,96,75,1,6,0,0
662,563,94,96,75,1,6,0,0
663,563,94,96,75,1,6,0,1
664,562,94,96,75,1,6,0,1
665,562,94,97,76,1,6,0,1
666,563,94,97,76,1,6,0,1
667,563,94,97,76,1,6,0,1
668,562,94,97,76,1,6,0,1
669,562,94,97,76,1,6,0,1
670,562,94,98,76,1,6,0,0
671,562,94,98,76,1,6,0,0
672,563,94,97,76,1,6,0,0
673,562,94,97,76,1,6,0,1
674,562,94,98,76,1,6,0,2
675,561,93,98,76,1,6,0,4
676,560,93,98,76,1,6,0,4
677,561,93,98,76,1,6,0,5
678,561,93,98,76,1,6,0,5
679,561,93,98,76,1,6,0,5
680,562,93,97,75,1,6,0,3
681,561,93,98,75,1,6,0,2
682,561,93,98,75,1,6,0,1
683,562,93,98,75,1,6,0,0
684,561,93,98,76,1,6,0,0
685,561,93,98,76,1,6,0,0
686,561,93,98,76,1,6,0,0
687,561,93,98,76,1,6,0,0
688,561,93,98,75,1,6,0,0
689,561,93,97,75,1,6,0,0
690,561,93,97,75,1,6,0,0
691,563,94,97,75,1,6,0,0
692,561,93,98,75,1,6,0,0
693,561,93,98,75,1,6,0,0
694,560,93,99,75,1,6,0,0
695,561,93,98,75,1,6,0,0
696,562,93,96,75,1,6,0,2
697,563,93,96,75,1,6,0,4
698,563,92,96,75,1,6,0,6
699,563,92,95,75,1,6,0,7
700,563,92,96,75,1,6,0,6
701,563,92,95,75,1,6,0,5
702,563,92,96,75,1,6,0,3
703,563,93,96,75,1,6,0,3
704,563,93,96,75,1,6,0,3
705,563,93,96,75,1,6,0,4
706,563,93,96,75,1,6,0,5
707,564,93,95,75,1,6,0,5
708,563,94,96,75,1,6,0,6
709,563,94,96,75,1,6,0,5
710,563,94,96,75,1,6,0,5
711,563,94,96,75,1,6,0,4
712,562,94,96,75,1,6,0,3
713,563,94,96,75,1,6,0,2
714,563,94,96,75,1,6,0,3
715,563,93,96,75,1,6,0,4
716,563,93,96,75,1,6,0,4
717,562,93,97,75,1,6,0,3
718,562,93,97,75,1,6,0,4
719,562,93,96,75,1,6,0,4
720,562,92,96,75,1,6,0,5
721,562,92,96,75,1,6,0,4
722,562,92,96,75,1,6,0,4
723,562,92,96,75,1,6,0,4
724,562,92,96,75,1,6,0,3
725,563,92,96,75,1,6,0,2
726,560,92,98,75,1,6,0,1
727,562,92,97,75,1,6,0,0
728,561,92,97,75,1,6,0,0
729,561,92,97,75,1,6,0,0
730,561,92,97,75,1,6,0,0
731,561,92,97,75,1,6,0,1
732,562,92,97,75,1,6,0,2
733,562,93,97,75,1,6,0,4
734,562,94,97,75,1,6,0,6
735,564,94,95,74,1,6,0,6
736,564,94,95,74,1,6,0,7
737,565,94,95,74,1,6,0,5
738,564,94,95,74,1,6,0,5
739,564,94,95,74,1,6,0,4
740,563,93,95,75,1,6,0,5
741,563,93,95,74,1,6,0,6
742,564,92,95,75,1,6,0,6
743,563,92,95,75,1,6,0,7
744,563,91,96,76,1,6,0,7
745,561,91,97,75,1,6,0,7
746,562,91,96,75,1,6,0,6
747,561,91,97,75,1,6,0,5
748,562,91,97,75,1,6,0,5
749,562,91,96,75,1,6,0,5
750,562,91,97,75,1,6,0,6
751,562,92,97,75,1,6,0,5
752,561,92,97,75,1,6,0,5
753,561,92,97,75,1,6,0,4
754,560,92,98,75,1,6,0,5
755,560,92,99,75,1,6,0,3
756,562,92,97,75,1,6,0,3
757,562,92,97,75,1,6,0,1
758,561,92,98,75,1,6,0,2
759,561,92,98,75,1,6,0,3
760,560,93,99,75,1,6,0,3
761,561,93,98,75,1,6,0,2
762,561,92,98,75,1,6,0,1
763,562,92,97,75,1,6,0,0
764,563,92,96,75,1,6,0,1
765,563,92,96,76,1,6,0,3
766,564,92,94,75,1,6,0,3
767,563,91,95,75,1,6,0,3
768,563,92,95,75,1,6,0,2
769,563,92,96,75,1,6,0,4
770,562,91,96,75,1,6,0,4
771,563,91,96,75,1,6,0,4
772,561,92,98,76,1,6,0,3
773,561,92,98,75,1,6,0,2
774,562,92,97,75,1,6,0,3
775,562,92,96,76,1,6,0,3
776,563,92,96,75,1,6,0,3
777,563,92,96,75,1,6,0,2
778,563,93,95,75,1,6,0,1
779,563,93,96,75,1,6,0,1
780,563,93,97,75,1,6,0,1
781,561,93,98,75,1,6,0,1
782,564,93,95,74,1,6,0,0
783,564,93,95,75,1,6,0,0
784,564,93,95,75,1,6,0,0
785,564,93,95,75,1,6,0,0
786,564,93,95,75,1,6,0,1
787,564,93,95,75,1,6,0,1
788,564,93,96,75,1,6,0,1
789,563,93,96,75,1,6,0,0
790,563,93,96,75,1,6,0,1
791,563,93,95,75,1,6,0,2
792,564,92,95,75,1,6,0,4
793,564,92,94,75,1,6,0,4
794,564,92,94,75,1,6,0,4
795,564,92,94,75,1,6,0,4
796,564,92,95,75,1,6,0,3
797,564,92,95,75,1,6,0,3
798,564,93,95,75,1,6,0,3
799,564,93,95,75,1,6,0,3
800,564,93,95,75,1,6,0,3
801,564,93,95,74,1,6,0,2
802,564,93,95,74,1,6,0,2
803,564,93,95,74,1,6,0,1
804,564,93,95,75,1,6,0,0
805,564,93,95,75,1,6,0,1
806,563,93,96,75,1,6,0,1
807,562,93,97,75,1,6,0,2
808,562,93,97,75,1,6,0,2
809,562,93,97,75,1,6,0,3
810,562,93,96,75,1,6,0,2
811,561,93,98,75,1,6,0,2
812,562,93,98,75,1,6,0,1
813,561,93,98,75,1,6,0,0
814,562,93,97,75,1,6,0,0
815,562,93,97,75,1,6,0,0
816,563,93,96,75,1,6,0,0
817,563,93,96,75,1,6,0,0
818,562,93,97,75,1,6,0,0
819,563,93,96,75,1,6,0,0
820,563,93,96,75,1,6,0,0
821,562,93,96,75,1,6,0,0
822,563,93,96,75,1,6,0,0
823,562,93,97,75,1,6,0,0
824,562,93,97,75,1,6,0,0
825,562,93,96,75,1,6,0,1
826,563,92,96,75,1,6,0,1
827,563,92,96,76,1,6,0,1
828,564,92,94,75,1,6,0,1
829,564,92,95,76,1,6,0,1
830,564,92,95,75,1,6,0,1
831,564,92,95,75,1,6,0,1
832,564,92,95,75,1,6,0,1
833,563,92,96,75,1,6,0,2
834,562,93,97,75,1,6,0,3
835,562,93,98,75,1,6,0,2
836,563,92,97,76,1,6,0,2
837,564,93,95,75,1,6,0,2
838,564,93,95,75,1,6,0,2
839,565,93,95,75,1,6,0,1
840,564,93,96,75,1,6,0,1
841,564,93,96,75,1,6,0,1
842,564,93,95,75,1,6,0,0
843,564,93,95,75,1,6,0,0
844,564,93,95,75,1,6,0,0
845,564,93,95,75,1,6,0,0
846,564,93,96,75,1,6,0,0
847,563,93,97,75,1,6,0,0
848,562,93,97,75,1,6,0,0
849,563,93,96,75,1,6,0,1
850,563,93,96,75,1,6,0,2
851,563,92,96,75,1,6,0,4
852,563,92,96,75,1,6,0,4
853,563,92,95,75,1,6,0,4
854,563,92,95,75,1,6,0,3
855,564,92,95,75,1,6,0,2
856,564,92,95,75,1,6,0,2
857,563,92,96,75,1,6,0,1
858,562,92,97,75,1,6,0,2
859,563,92,96,75,1,6,0,2
860,563,93,97,75,1,6,0,3
861,562,93,97,75,1,6,0,3
862,562,93,98,75,1,6,0,3
863,562,93,97,75,1,6,0,4
864,562,93,98,75,1,6,0,3
865,561,93,98,75,1,6,0,2
866,562,93,98,75,1,6,0,1
867,564,93,96,75,1,6,0,1
868,563,93,96,75,1,6,0,1
869,563,93,96,75,1,6,0,2
870,564,93,95,74,1,6,0,2
871,564,93,96,74,1,6,0,1
872,562,93,98,75,1,6,0,1
873,563,93,97,75,1,6,0,1
874,563,93,96,75,1,6,0,0
875,562,92,97,75,1,6,0,0
876,563,92,96,75,1,6,0,1
877,562,92,97,75,1,6,0,1
878,562,92,97,75,1,6,0,3
879,562,92,97,75,1,6,0,2
880,563,92,96,75,1,6,0,2
881,563,92,96,75,1,6,0,0
882,563,92,95,75,1,6,0,0
883,564,92,95,75,1,6,0,0
884,564,92,95,75,1,6,0,1
885,563,92,96,75,1,6,0,2
886,563,93,96,75,1,6,0,2
887,565,93,95,75,1,6,0,2
888,565,93,95,74,1,6,0,1
889,564,93,96,75,1,6,0,1
890,563,93,96,74,1,6,0,0
891,562,93,97,75,1,6,0,0
892,562,93,97,75,1,6,0,0
893,562,93,98,75,1,6,0,1
894,562,93,97,75,1,6,0,2
895,562,93,97,75,1,6,0,3
896,563,93,97,75,1,6,0,3
897,563,93,96,75,1,6,0,2
898,563,93,96,75,1,6,0,1
899,562,93,97,75,1,6,0,0
900,562,93,98,75,1,6,0,0
901,562,93,97,75,1,6,0,0
902,563,93,97,75,1,6,0,0
903,563,93,97,75,1,6,0,1
904,563,93,96,75,1,6,0,1
905,563,93,96,75,1,6,0,2
906,562,93,98,75,1,6,0,1
907,563,93,97,74,1,6,0,1
908,562,94,98,74,1,6,0,0
909,563,93,97,75,1,6,0,0
910,563,93,97,75,1,6,0,0
911,562,93,98,75,1,6,0,1
912,561,93,98,75,1,6,0,1
913,562,93,98,75,1,6,0,1
914,563,94,97,75,1,6,0,1
915,562,93,97,75,1,6,0,0
916,563,93,97,75,1,6,0,0
917,561,93,99,75,1,6,0,0
918,561,93,98,75,1,6,0,0
919,560,93,99,75,1,6,0,0
920,561,93,99,75,1,6,0,0
921,560,93,100,75,1,6,0,0
922,563,93,97,75,1,6,0,0
923,563,93,97,75,1,6,0,0
924,563,93,97,75,1,6,0,0
925,562,93,98,75,1,6,0,0
926,561,93,98,75,1,6,0,0
927,563,93,96,75,1,6,0,0
928,563,93,96,75,1,6,0,0
929,563,93,96,75,1,6,0,0
930,563,93,96,75,1,6,0,0
931,563,93,96,75,1,6,0,0
932,563,93,96,75,1,6,0,0
933,563,93,96,75,1,6,0,0
934,563,93,96,75,1,6,0,0
935,563,93,96,75,1,6,0,0
936,562,93,97,75,1,6,0,0
937,562,93,97,75,1,6,0,0
938,563,93,97,75,1,6,0,1
939,563,93,96,75,1,6,0,1
940,564,94,96,75,1,6,0,2
941,564,94,95,75,1,6,0,2
942,564,94,96,75,1,6,0,3
943,563,94,96,74,1,6,0,2
944,563,94,96,75,1,6,0,1
945,563,94,96,74,1,6,0,0
946,563,94,96,74,1,6,0,0
947,564,94,95,74,1,6,0,0
948,563,94,96,75,1,6,0,0
949,563,94,97,75,1,6,0,0
950,562,94,97,75,1,6,0,0
951,562,94,97,75,1,6,0,0
952,562,94,98,75,1,6,0,1
953,561,93,98,75,1,6,0,1
954,562,93,97,75,1,6,0,2
955,562,93,98,75,1,6,0,1
956,562,93,98,75,1,6,0,1
957,561,93,98,75,1,6,0,1
958,564,94,96,75,1,6,0,1
959,564,94,96,75,1,6,0,3
960,560,93,99,75,1,6,0,2
961,561,94,99,75,1,6,0,2
962,560,93,100,75,1,6,0,1
963,560,93,100,75,1,6,0,1
964,560,93,100,75,1,6,0,1
965,560,94,100,75,1,6,0,1
966,561,94,99,75,1,6,0,2
967,562,93,98,75,1,6,0,1
968,562,94,98,75,1,6,0,1
969,562,94,98,75,1,6,0,0
970,562,94,97,75,1,6,0,0
971,562,94,98,75,1,6,0,0
972,562,94,98,75,1,6,0,0
973,562,94,98,75,1,6,0,0
974,562,94,98,75,1,6,0,0
975,561,94,99,75,1,6,0,0
976,561,94,99,75,1,6,0,0
977,561,94,99,75,1,6,0,0
978,561,94,99,75,1,6,0,0
979,562,94,98,74,1,6,0,0
980,561,94,99,75,1,6,0,0
981,561,94,98,75,1,6,0,0
982,562,94,98,75,1,6,0,0
983,562,94,98,75,1,6,0,1
984,560,94,99,75,1,6,0,1
985,560,94,99,75,1,6,0,1
986,560,94,100,75,1,6,0,1
987,560,93,100,75,1,6,0,2
988,560,93,100,75,1,6,0,2
989,560,93,100,75,1,6,0,2
990,560,93,100,75,1,6,0,3
991,560,93,101,75,1,6,0,3
992,560,93,101,75,1,6,0,3
993,560,94,100,75,1,6,0,4
994,560,94,101,75,1,6,0,4
995,560,94,100,75,1,6,0,5
996,560,94,101,75,1,6,0,4
997,560,94,101,75,1,6,0,3
998,562,94,98,75,1,6,0,2
999,562,94,98,75,1,6,0,1
1000,562,94,98,75,1,6,0,1
1001,563,94,97,74,1,6,0,1
1002,563,94,97,75,1,6,0,1
1003,563,94,97,75,1,6,0,0
1004,562,94,97,75,1,6,0,0
1005,562,94,98,75,1,6,0,0
1006,562,94,98,75,1,6,0,0
1007,562,94,98,75,1,6,0,0
1008,562,94,98,75,1,6,0,0
1009,561,94,98,75,1,6,0,0
1010,562,94,98,75,1,6,0,1
1011,561,94,98,75,1,6,0,2
1012,561,93,99,75,1,6,0,4
1013,560,93,100,75,1,6,0,4
1014,560,93,99,75,1,6,0,4
1015,560,93,100,75,1,6,0,4
1016,560,93,100,75,1,6,0,3
1017,560,93,99,75,1,6,0,2
1018,560,93,99,75,1,6,0,2
1019,560,93,99,75,1,6,0,2
1020,562,94,97,75,1,6,0,3
1021,562,94,97,75,1,6,0,3
1022,561,94,98,75,1,6,0,4
1023,561,94,98,75,1,6,0,4
1024,561,94,98,75,1,6,0,3
1025,562,94,98,75,1,6,0,2
1026,562,94,97,75,1,6,0,1
1027,563,94,96,75,1,6,0,0
1028,563,94,96,75,1,6,0,0
1029,562,94,97,75,1,6,0,1
1030,562,94,97,75,1,6,0,1
1031,561,94,98,74,1,6,0,1
1032,559,94,100,75,1,6,0,0
1033,560,94,100,75,1,6,0,0
1034,560,94,100,75,1,6,0,0
1035,560,94,100,75,1,6,0,0
1036,560,94,100,75,1,6,0,0
1037,560,94,100,75,1,6,0,0
1038,560,94,99,75,1,6,0,0
1039,560,94,99,75,1,6,0,0
1040,560,94,99,75,1,6,0,0
1041,560,94,99,75,1,6,0,1
1042,562,95,97,75,1,6,0,3
1043,561,95,98,75,1,6,0,3
1044,561,95,98,75,1,6,0,4
1045,561,95,98,75,1,6,0,4
1046,562,95,97,75,1,6,0,3
1047,563,95,97,75,1,6,0,2
1048,563,95,97,75,1,6,0,1
1049,563,95,97,75,1,6,0,0
1050,563,95,97,75,1,6,0,0
1051,563,95,96,75,1,6,0,0
1052,563,95,96,75,1,6,0,0
1053,562,95,97,75,1,6,0,0
1054,562,94,97,75,1,6,0,0
1055,563,95,97,75,1,6,0,0
1056,562,95,97,75,1,6,0,0
1057,562,95,97,75,1,6,0,0
1058,562,95,97,75,1,6,0,0
1059,563,95,97,75,1,6,0,0
1060,563,95,96,75,1,6,0,1
1061,563,95,96,75,1,6,0,0
1062,563,95,97,75,1,6,0,1
1063,563,95,97,75,1,6,0,1
1064,563,95,97,76,1,6,0,1
1065,563,95,96,75,1,6,0,0
1066,563,95,96,75,1,6,0,0
1067,563,95,96,75,1,6,0,0
1068,564,95,95,75,1,6,0,1
1069,564,95,96,75,1,6,0,1
1070,564,95,96,75,1,6,0,1
1071,563,95,96,75,1,6,0,1
1072,564,95,96,75,1,6,0,1
1073,564,95,96,75,1,6,0,1
1074,564,95,96,74,1,6,0,1
1075,564,95,96,74,1,6,0,1
1076,564,95,96,74,1,6,0,1
1077,563,95,96,74,1,6,0,0
1078,563,95,96,74,1,6,0,0
1079,563,95,96,74,1,6,0,0
1080,564,95,96,74,1,6,0,0
1081,564,95,95,74,1,6,0,0
1082,565,95,95,74,1,6,0,0
1083,565,95,95,75,1,6,0,0
1084,565,95,95,74,1,6,0,1
1085,565,95,95,74,1,6,0,1
1086,565,96,95,74,1,6,0,1
1087,565,95,94,75,1,6,0,0
1088,565,95,94,75,1,6,0,0
1089,565,95,94,75,1,6,0,0
1090,565,95,94,75,1,6,0,0
1091,565,95,94,75,1,6,0,0
1092,565,95,95,75,1,6,0,1
1093,565,95,95,74,1,6,0,0
1094,565,95,95,74,1,6,0,0
1095,565,95,95,74,1,6,0,0
1096,565,95,95,74,1,6,0,0
1097,565,95,95,74,1,6,0,0
1098,564,95,95,74,1,6,0,0
1099,564,95,95,75,1,6,0,0
1100,564,95,96,75,1,6,0,0
1101,564,95,96,75,1,6,0,0
1102,564,95,96,75,1,6,0,1
1103,564,95,96,74,1,6,0,1
1104,564,96,95,74,1,6,0,1
1105,564,95,96,74,1,6,0,0
1106,565,95,95,75,1,6,0,0
1107,565,95,95,75,1,6,0,0
1108,564,95,95,75,1,6,0,1
1109,564,95,96,75,1,6,0,1
1110,564,95,96,75,1,6,0,2
1111,563,95,97,75,1,6,0,1
1112,563,96,97,75,1,6,0,1
1113,564,95,96,75,1,6,0,0
1114,563,95,97,74,1,6,0,1
1115,564,96,96,74,1,6,0,1
1116,564,96,95,74,1,6,0,1
1117,565,96,95,74,1,6,0,1
1118,566,95,93,74,1,6,0,1
1119,566,95,94,74,1,6,0,1
1120,565,95,94,74,1,6,0,2
1121,565,95,95,74,1,6,0,2
1122,565,95,95,75,1,6,0,3
1123,565,95,94,75,1,6,0,2
1124,565,96,95,75,1,6,0,2
1125,566,95,94,75,1,6,0,1
1126,566,95,94,75,1,6,0,1
1127,566,95,94,75,1,6,0,0
1128,566,95,94,74,1,6,0,1
1129,566,95,94,74,1,6,0,2
1130,566,95,94,74,1,6,0,2
1131,566,96,94,74,1,6,0,1
1132,566,95,94,74,1,6,0,1
1133,566,95,93,74,1,6,0,0
1134,566,95,93,74,1,6,0,0
1135,566,95,93,74,1,6,0,1
1136,566,95,93,74,1,6,0,1
1137,566,95,94,74,1,6,0,2
1138,565,95,94,74,1,6,0,2
1139,565,95,95,74,1,6,0,3
1140,565,96,95,74,1,6,0,4
1141,566,96,94,74,1,6,0,3
1142,566,96,94,74,1,6,0,4
1143,566,96,94,74,1,6,0,4
1144,565,96,95,74,1,6,0,4
1145,565,96,95,74,1,6,0,2
1146,565,96,96,75,1,6,0,1
1147,565,96,95,74,1,6,0,1
1148,566,96,94,74,1,6,0,1
1149,564,96,96,75,1,6,0,1
1150,565,96,96,75,1,6,0,1
1151,564,96,96,75,1,6,0,1
1152,563,96,97,75,1,6,0,1
1153,564,95,96,75,1,6,0,1
1154,564,96,96,75,1,6,0,2
1155,564,95,96,75,1,6,0,2
1156,565,95,95,75,1,6,0,2
1157,565,95,95,75,1,6,0,1
1158,563,95,97,75,1,6,0,1
1159,563,95,96,75,1,6,0,1
1160,563,96,97,75,1,6,0,2
1161,563,96,96,75,1,6,0,3
1162,564,96,96,75,1,6,0,2
1163,564,96,96,75,1,6,0,1
1164,564,95,96,75,1,6,0,0
1165,564,95,96,75,1,6,0,0
1166,564,96,96,75,1,6,0,1
1167,563,96,97,75,1,6,0,1
1168,564,95,96,75,1,6,0,1
1169,563,95,97,75,1,6,0,1
1170,563,95,97,75,1,6,0,1
1171,563,95,96,75,1,6,0,2
1172,564,95,96,75,1,6,0,2
1173,564,95,96,75,1,6,0,2
1174,564,95,95,75,1,6,0,1
1175,564,95,96,75,1,6,0,1
1176,565,95,95,75,1,6,0,1
1177,565,95,95,75,1,6,0,0
1178,564,95,96,75,1,6,0,0
1179,564,95,95,75,1,6,0,0
1180,565,95,95,75,1,6,0,0
1181,564,95,95,75,1,6,0,0
1182,565,95,95,75,1,6,0,0
1183,565,95,95,75,1,6,0,0
1184,564,95,95,75,1,6,0,0
1185,564,95,95,75,1,6,0,0
1186,564,95,95,75,1,6,0,0
1187,565,95,95,75,1,6,0,0
1188,564,95,96,75,1,6,0,0
1189,564,95,96,75,1,6,0,0
1190,565,95,95,75,1,6,0,0
1191,565,95,95,75,1,6,0,0
1192,565,95,95,75,1,6,0,0
1193,566,95,94,75,1,6,0,0
1194,566,95,94,75,1,6,0,0
1195,566,95,94,75,1,6,0,0
1196,566,95,94,75,1,6,0,0
1197,566,95,94,75,1,6,0,0
1198,565,95,95,75,1,6,0,0
1199,565,95,95,75,1,6,0,0
1200,564,95,96,75,1,6,0,0
1201,564,95,96,75,1,6,0,0
1202,564,95,96,75,1,6,0,0
1203,564,95,96,75,1,6,0,0
1204,564,95,96,75,1,6,0,0
1205,564,95,96,75,1,6,0,0
1206,564,95,96,75,1,6,0,0
1207,564,95,96,75,1,6,0,0
1208,564,95,96,75,1,6,0,0
1209,564,95,96,75,1,6,0,0
1210,564,95,96,75,1,6,0,0
1211,564,95,96,75,1,6,0,1
1212,565,95,95,75,1,6,0,1
1213,565,95,95,75,1,6,0,1
1214,564,95,96,75,1,6,0,1
1215,565,95,95,74,1,6,0,1
1216,565,95,94,75,1,6,0,1
1217,566,95,94,75,1,6,0,0
1218,563,95,97,75,1,6,0,0
1219,562,95,97,75,1,6,0,0
1220,562,95,97,75,1,6,0,0
1221,563,95,97,75,1,6,0,1
1222,563,95,97,75,1,6,0,1
1223,563,95,97,75,1,6,0,0
1224,564,95,96,75,1,6,0,0
1225,564,95,96,75,1,6,0,0
1226,564,95,96,75,1,6,0,0
1227,564,95,96,75,1,6,0,1
1228,564,94,95,75,1,6,0,2
1229,564,94,95,75,1,6,0,2
1230,565,94,95,75,1,6,0,2
1231,565,95,95,75,1,6,0,1
1232,564,94,95,75,1,6,0,1
1233,564,94,95,75,1,6,0,0
1234,564,94,95,75,1,6,0,0
1235,565,94,95,75,1,6,0,0
1236,565,94,95,75,1,6,0,0
1237,565,94,95,75,1,6,0,0
1238,565,94,95,75,1,6,0,1
1239,565,94,95,75,1,6,0,2
1240,566,95,94,75,1,6,0,3
1241,566,95,94,75,1,6,0,4
1242,566,95,94,75,1,6,0,4
1243,566,95,94,75,1,6,0,4
1244,566,95,94,75,1,6,0,3
1245,566,95,94,75,1,6,0,2
1246,565,95,95,75,1,6,0,1
1247,566,95,94,75,1,6,0,1
1248,566,95,94,75,1,6,0,1
1249,564,95,96,75,1,6,0,1
1250,565,95,95,75,1,6,0,1
1251,564,95,96,75,1,6,0,1
1252,564,95,95,75,1,6,0,1
1253,564,95,95,75,1,6,0,1
1254,564,95,95,75,1,6,0,2
1255,565,94,95,75,1,6,0,4
1256,564,94,95,75,1,6,0,3
1257,564,94,95,75,1,6,0,2
1258,565,95,95,75,1,6,0,1
1259,564,95,95,75,1,6,0,1
1260,564,95,95,75,1,6,0,2
1261,564,95,95,75,1,6,0,4
1262,564,95,95,75,1,6,0,3
1263,564,95,96,75,1,6,0,4
1264,564,95,95,75,1,6,0,2
1265,565,94,95,75,1,6,0,2
1266,564,95,95,75,1,6,0,0
1267,565,95,94,75,1,6,0,0
1268,565,95,94,75,1,6,0,0
1269,565,95,94,75,1,6,0,1
1270,565,95,94,75,1,6,0,1
1271,565,95,94,75,1,6,0,2
1272,565,95,95,75,1,6,0,1
1273,564,95,95,74,1,6,0,1
1274,564,95,95,74,1,6,0,1
1275,564,95,96,75,1,6,0,1
1276,564,95,96,75,1,6,0,2
1277,563,95,97,75,1,6,0,2
1278,563,95,97,75,1,6,0,2
1279,564,95,96,75,1,6,0,1
1280,564,95,96,75,1,6,0,1
1281,564,95,96,75,1,6,0,0
1282,564,95,96,75,1,6,0,0
1283,563,95,97,75,1,6,0,0
1284,562,95,98,75,1,6,0,0
1285,563,95,96,75,1,6,0,0
1286,564,95,96,75,1,6,0,0
1287,563,95,97,75,1,6,0,0
1288,563,95,96,75,1,6,0,0
1289,563,95,96,75,1,6,0,0
1290,564,95,96,75,1,6,0,0
1291,564,95,96,75,1,6,0,0
1292,563,95,96,75,1,6,0,0
1293,564,95,96,75,1,6,0,0
1294,564,95,96,75,1,6,0,0
1295,564,95,95,75,1,6,0,0
1296,563,95,97,75,1,6,0,0
1297,562,95,98,75,1,6,0,0
1298,563,95,97,75,1,6,0,0
1299,563,95,97,75,1,6,0,0
1300,562,95,97,75,1,6,0,0
1301,562,95,97,75,1,6,0,0
1302,562,95,97,75,1,6,0,0
1303,562,95,97,75,1,6,0,0
1304,563,95,97,75,1,6,0,0
1305,563,95,97,75,1,6,0,1
1306,563,95,97,74,1,6,0,2
1307,563,94,96,74,1,6,0,4
1308,563,94,96,74,1,6,0,3
1309,563,94,96,74,1,6,0,2
1310,563,95,97,74,1,6,0,1
1311,563,95,97,75,1,6,0,1
1312,563,95,97,75,1,6,0,1
1313,563,95,97,75,1,6,0,1
1314,564,94,96,74,1,6,0,2
1315,563,94,96,74,1,6,0,3
1316,563,94,96,74,1,6,0,5
1317,563,94,97,74,1,6,0,5
1318,564,94,96,74,1,6,0,5
1319,562,94,98,74,1,6,0,3
1320,561,94,99,74,1,6,0,1
1321,562,94,97,74,1,6,0,0
1322,561,94,99,74,1,6,0,0
1323,561,94,99,74,1,6,0,0
1324,561,94,99,74,1,6,0,0
1325,561,94,98,74,1,6,0,0
1326,561,94,98,74,1,6,0,0
1327,562,94,98,74,1,6,0,1
1328,562,94,98,74,1,6,0,1
1329,562,94,98,73,1,6,0,1
1330,563,94,97,73,1,6,0,1
1331,563,94,97,74,1,6,0,0
1332,562,94,98,74,1,6,0,0
1333,562,94,98,74,1,6,0,1
1334,562,94,97,74,1,6,0,2
1335,562,94,98,74,1,6,0,2
1336,562,94,97,74,1,6,0,1
1337,562,93,98,75,1,6,0,0
1338,562,93,98,75,1,6,0,0
1339,561,93,98,75,1,6,0,0
1340,561,93,99,75,1,6,0,0
1341,561,93,99,75,1,6,0,0
1342,560,93,99,75,1,6,0,0
1343,562,93,98,75,1,6,0,0
1344,560,93,100,75,1,6,0,0
1345,560,93,100,75,1,6,0,0
1346,560,93,100,75,1,6,0,1
1347,560,93,100,75,1,6,0,2
1348,560,93,100,75,1,6,0,3
1349,560,94,99,75,1,6,0,3
1350,561,93,99,76,1,6,0,2
1351,560,94,99,75,1,6,0,1
1352,561,94,98,75,1,6,0,0
1353,562,94,97,74,1,6,0,0
1354,561,94,98,75,1,6,0,1
1355,562,94,97,74,1,6,0,3
1356,561,93,98,75,1,6,0,3
1357,561,93,98,75,1,6,0,5
1358,564,94,96,75,1,6,0,4
1359,564,95,96,75,1,6,0,6
1360,564,95,95,75,1,6,0,6
1361,563,95,96,75,1,6,0,8
1362,563,95,96,75,1,6,0,7
1363,564,95,96,75,1,6,0,6
1364,564,95,96,75,1,6,0,4
1365,564,95,96,75,1,6,0,2
1366,563,95,97,75,1,6,0,1
1367,563,95,96,75,1,6,0,2
1368,563,95,97,75,1,6,0,3
1369,563,94,97,74,1,6,0,5
1370,563,94,96,74,1,6,0,5
1371,563,94,97,74,1,6,0,5
1372,563,94,97,75,1,6,0,3
1373,563,95,97,75,1,6,0,2
1374,563,95,97,75,1,6,0,3
1375,563,95,97,75,1,6,0,4
1376,563,95,97,74,1,6,0,4
1377,563,95,97,75,1,6,0,3
1378,564,95,96,75,1,6,0,2
1379,564,95,96,75,1,6,0,1
1380,563,95,97,75,1,6,0,0
1381,563,95,98,75,1,6,0,0
1382,563,95,97,75,1,6,0,1
1383,563,95,97,75,1,6,0,2
1384,564,94,96,75,1,6,0,3
1385,563,94,96,75,1,6,0,4
1386,563,94,97,75,1,6,0,3
1387,564,94,96,75,1,6,0,3
1388,564,94,96,75,1,6,0,2
1389,564,94,96,75,1,6,0,1
1390,564,94,96,75,1,6,0,1
1391,564,94,96,75,1,6,0,1
1392,564,94,96,75,1,6,0,1
1393,564,94,96,75,1,6,0,2
1394,564,94,96,75,1,6,0,1
1395,564,95,96,75,1,6,0,1
1396,564,94,96,75,1,6,0,0
1397,563,94,97,75,1,6,0,0
1398,563,94,97,75,1,6,0,0
1399,564,94,96,75,1,6,0,0
1400,564,94,96,75,1,6,0,1
1401,564,94,96,75,1,6,0,1
1402,564,94,96,75,1,6,0,0
1403,564,94,96,75,1,6,0,0
1404,564,94,96,75,1,6,0,0
1405,564,94,96,75,1,6,0,0
1406,563,94,97,75,1,6,0,0
1407,563,94,97,75,1,6,0,0
1408,564,94,96,75,1,6,0,2
1409,563,94,97,75,1,6,0,3
1410,564,95,96,75,1,6,0,4
1411,564,95,96,75,1,6,0,3
1412,564,95,95,75,1,6,0,2
1413,564,94,95,75,1,6,0,1
1414,564,94,95,75,1,6,0,2
1415,565,94,94,75,1,6,0,4
1416,564,94,95,74,1,6,0,6
1417,565,94,95,73,1,6,0,8
1418,565,94,95,74,1,6,0,7
1419,565,94,94,74,1,6,0,5
1420,565,94,94,74,1,6,0,3
1421,564,94,95,74,1,6,0,3
1422,565,94,95,74,1,6,0,2
1423,565,94,95,74,1,6,0,3
1424,565,94,95,74,1,6,0,2
1425,564,94,95,74,1,6,0,2
1426,564,94,95,75,1,6,0,2
1427,564,94,95,75,1,6,0,2
1428,562,94,97,75,1,6,0,2
1429,563,94,96,75,1,6,0,3
1430,563,94,96,75,1,6,0,2
1431,564,94,95,75,1,6,0,2
1432,564,94,95,75,1,6,0,1
1433,564,94,95,75,1,6,0,1
1434,564,94,95,74,1,6,0,1
1435,564,94,96,75,1,6,0,0
1436,564,94,95,75,1,6,0,0
1437,562,94,98,75,1,6,0,0
1438,563,94,97,75,1,6,0,0
1439,563,94,96,75,1,6,0,0
1440,563,94,97,75,1,6,0,0
1441,563,94,97,75,1,6,0,0
1442,563,94,96,75,1,6,0,0
1443,563,94,96,75,1,6,0,0
1444,564,94,96,75,1,6,0,0
1445,563,94,96,75,1,6,0,0
1446,563,94,96,75,1,6,0,0
1447,563,94,97,75,1,6,0,0
1448,563,94,97,75,1,6,0,0
1449,563,94,96,75,1,6,0,0
1450,563,94,96,75,1,6,0,0
1451,563,94,96,75,1,6,0,0
1452,564,94,95,75,1,6,0,0
1453,564,94,95,74,1,6,0,0
1454,564,94,95,74,1,6,0,0
1455,565,94,94,75,1,6,0,1
1456,565,94,94,75,1,6,0,1
1457,565,94,94,75,1,6,0,1
1458,564,94,95,75,1,6,0,1
1459,565,94,94,75,1,6,0,1
1460,565,94,95,75,1,6,0,1
1461,565,94,95,75,1,6,0,0
1462,564,94,95,75,1,6,0,0
1463,564,94,95,75,1,6,0,0
1464,564,94,95,75,1,6,0,0
1465,564,94,95,75,1,6,0,0
1466,563,94,97,75,1,6,0,1
1467,564,94,96,75,1,6,0,1
1468,563,94,96,75,1,6,0,1
1469,564,94,96,75,1,6,0,1
1470,564,94,95,75,1,6,0,1
1471,563,94,96,75,1,6,0,0
1472,563,94,96,75,1,6,0,0
1473,563,94,96,75,1,6,0,0
1474,563,94,96,75,1,6,0,0
1475,563,94,97,75,1,6,0,0
1476,563,94,96,75,1,6,0,0
1477,563,94,96,75,1,6,0,0
1478,564,94,96,75,1,6,0,0
1479,564,94,96,75,1,6,0,0
1480,564,94,96,75,1,6,0,0
1481,564,94,95,75,1,6,0,2
1482,564,94,95,75,1,6,0,2
1483,562,93,97,74,1,6,0,3
1484,563,94,96,75,1,6,0,1
1485,563,94,97,75,1,6,0,1
1486,564,94,95,74,1,6,0,1
1487,565,94,95,74,1,6,0,2
1488,564,94,95,75,1,6,0,2
1489,564,94,95,75,1,6,0,2
1490,564,94,95,75,1,6,0,1
1491,563,94,96,75,1,6,0,1
1492,563,94,96,75,1,6,0,1
1493,564,94,95,75,1,6,0,0
1494,563,94,97,74,1,6,0,0
1495,562,94,97,74,1,6,0,1
1496,563,94,96,75,1,6,0,1
1497,562,93,97,75,1,6,0,2
1498,561,93,98,75,1,6,0,1
1499,562,93,97,75,1,6,0,1
1500,562,93,97,75,1,6,0,2
1501,562,93,97,75,1,6,0,2
1502,563,93,96,75,1,6,0,2
1503,561,93,98,75,1,6,0,1
1504,561,93,98,75,1,6,0,0
1505,562,93,98,75,1,6,0,0
1506,561,93,99,75,1,6,0,0
1507,561,93,98,75,1,6,0,0
1508,562,93,98,75,1,6,0,0
1509,561,93,99,75,1,6,0,0
1510,561,93,98,75,1,6,0,0
1511,561,93,98,75,1,6,0,0
1512,561,93,97,75,1,6,0,0
1513,561,93,97,75,1,6,0,0
1514,562,93,97,75,1,6,0,0
1515,562,93,97,74,1,6,0,0
1516,561,93,98,75,1,6,0,0
1517,561,93,98,75,1,6,0,0
1518,561,93,98,75,1,6,0,1
1519,563,94,97,74,1,6,0,2
1520,562,94,97,75,1,6,0,3
1521,562,94,98,74,1,6,0,3
1522,562,94,97,75,1,6,0,2
1523,562,94,97,75,1,6,0,1
1524,562,93,98,75,1,6,0,1
1525,562,93,97,75,1,6,0,1
1526,562,93,98,75,1,6,0,2
1527,562,93,97,75,1,6,0,2
1528,562,93,98,75,1,6,0,2
1529,562,93,98,75,1,6,0,1
1530,561,93,98,75,1,6,0,0
1531,560,93,100,75,1,6,0,0
1532,561,93,99,75,1,6,0,1
1533,562,93,98,75,1,6,0,1
1534,561,92,98,75,1,6,0,2
1535,562,92,97,75,1,6,0,1
1536,563,93,96,75,1,6,0,1
1537,562,92,97,75,1,6,0,1
1538,563,93,96,74,1,6,0,1
1539,563,93,96,74,1,6,0,0
1540,563,93,97,74,1,6,0,0
1541,563,93,96,74,1,6,0,1
1542,562,94,97,74,1,6,0,2
1543,563,94,96,74,1,6,0,3
1544,564,94,96,74,1,6,0,3
1545,564,94,96,74,1,6,0,3
1546,564,94,96,74,1,6,0,3
1547,564,94,96,74,1,6,0,2
1548,562,93,97,75,1,6,0,2
1549,561,93,98,75,1,6,0,2
1550,562,93,97,74,1,6,0,2
1551,563,93,97,75,1,6,0,2
1552,563,93,97,74,1,6,0,2
1553,562,93,98,75,1,6,0,1
1554,562,93,97,75,1,6,0,1
1555,562,93,98,75,1,6,0,1
1556,563,94,97,74,1,6,0,1
1557,563,94,97,73,1,6,0,0
1558,563,94,97,73,1,6,0,1
1559,563,94,97,74,1,6,0,1
1560,563,93,97,74,1,6,0,1
1561,562,94,97,74,1,6,0,0
1562,562,94,97,74,1,6,0,0
1563,563,94,97,74,1,6,0,0
1564,563,94,97,73,1,6,0,1
1565,564,94,96,74,1,6,0,1
1566,564,94,96,74,1,6,0,2
1567,564,94,96,74,1,6,0,1
1568,564,93,96,74,1,6,0,1
1569,564,93,95,74,1,6,0,1
1570,564,94,96,74,1,6,0,1
1571,564,94,95,74,1,6,0,1
1572,565,93,94,74,1,6,0,1
1573,564,93,95,75,1,6,0,1
1574,564,92,95,74,1,6,0,2
1575,564,93,95,75,1,6,0,2
1576,564,93,95,74,1,6,0,2
1577,564,92,94,74,1,6,0,3
1578,564,92,94,74,1,6,0,3
1579,564,92,95,74,1,6,0,4
1580,564,92,95,76,1,6,0,3
1581,564,93,95,74,1,6,0,3
1582,565,93,95,74,1,6,0,5
1583,564,93,95,74,1,6,0,8
1584,564,93,95,75,1,6,0,9
1585,564,93,95,75,1,6,0,7
1586,564,93,95,74,1,6,0,4
1587,564,93,95,74,1,6,0,2
1588,564,94,95,74,1,6,0,2
1589,565,93,95,75,1,6,0,1
1590,565,94,95,74,1,6,0,2
1591,564,94,96,74,1,6,0,2
1592,564,94,96,75,1,6,0,3
1593,564,94,96,74,1,6,0,2
1594,563,93,98,74,1,6,0,3
1595,563,93,96,74,1,6,0,5
1596,563,93,96,74,1,6,0,6
1597,562,92,96,74,1,6,0,5
1598,561,92,98,75,1,6,0,3
1599,560,92,98,75,1,6,0,2
1600,561,92,98,75,1,6,0,1
1601,561,92,98,75,1,6,0,2
1602,563,92,96,75,1,6,0,3
1603,563,92,96,75,1,6,0,4
1604,563,91,96,75,1,6,0,3
1605,563,92,95,75,1,6,0,1
1606,559,92,100,75,1,6,0,0
1607,560,92,99,75,1,6,0,0
1608,564,93,96,74,1,6,0,2
1609,564,93,95,74,1,6,0,3
1610,564,93,95,75,1,6,0,4
1611,563,93,96,75,1,6,0,2
1612,564,93,96,74,1,6,0,2
1613,563,93,96,74,1,6,0,3
1614,564,94,95,74,1,6,0,3
1615,565,94,95,74,1,6,0,2
1616,565,94,94,74,1,6,0,3
1617,565,94,95,74,1,6,0,5
1618,565,94,95,75,1,6,0,7
1619,565,95,95,75,1,6,0,6
1620,563,95,97,75,1,6,0,4
1621,564,94,95,74,1,6,0,2
1622,565,94,95,74,1,6,0,1
1623,562,94,97,75,1,6,0,2
1624,562,94,98,75,1,6,0,3
1625,561,94,98,75,1,6,0,3
1626,562,94,97,75,1,6,0,3
1627,561,93,98,75,1,6,0,2
1628,561,93,98,75,1,6,0,2
1629,561,93,98,75,1,6,0,2
1630,561,93,98,75,1,6,0,2
1631,559,93,100,75,1,6,0,1
1632,561,93,98,75,1,6,0,1
1633,562,93,97,75,1,6,0,0
1634,562,93,97,75,1,6,0,0
1635,564,93,95,75,1,6,0,0
1636,564,93,95,75,1,6,0,0
1637,563,93,96,75,1,6,0,0
1638,563,93,97,75,1,6,0,0
1639,564,93,96,75,1,6,0,0
1640,563,93,96,75,1,6,0,1
1641,562,93,97,75,1,6,0,1
1642,561,94,98,75,1,6,0,1
1643,564,94,95,74,1,6,0,0
1644,564,94,95,74,1,6,0,0
1645,564,94,95,74,1,6,0,0
1646,563,94,96,74,1,6,0,1
1647,564,94,95,74,1,6,0,1
1648,564,94,95,74,1,6,0,1
1649,564,94,95,74,1,6,0,0
1650,565,94,94,74,1,6,0,0
1651,565,94,93,74,1,6,0,0
1652,566,94,93,74,1,6,0,0
1653,565,93,94,74,1,6,0,0
1654,564,93,96,75,1,6,0,0
1655,563,94,95,74,1,6,0,0
1656,561,93,97,75,1,6,0,1
1657,563,93,96,74,1,6,0,1
1658,563,94,95,74,1,6,0,1
1659,564,93,95,74,1,6,0,1
1660,563,94,95,75,1,6,0,2
1661,561,94,99,75,1,6,0,2
1662,561,94,98,75,1,6,0,3
1663,563,94,97,75,1,6,0,4
1664,563,94,97,75,1,6,0,3
1665,562,94,98,75,1,6,0,3
1666,565,94,95,75,1,6,0,1
1667,565,94,94,75,1,6,0,1
1668,564,94,95,75,1,6,0,0
1669,564,94,95,75,1,6,0,0
1670,565,94,94,75,1,6,0,0
1671,565,94,94,74,1,6,0,0
1672,564,94,95,74,1,6,0,0
1673,564,94,95,74,1,6,0,1
1674,564,94,95,74,1,6,0,1
1675,564,94,95,74,1,6,0,1
1676,564,94,95,74,1,6,0,0
1677,564,94,95,74,1,6,0,0
1678,565,94,95,74,1,6,0,0
1679,564,94,95,74,1,6,0,0
1680,564,94,95,74,1,6,0,0
1681,564,94,95,74,1,6,0,0
1682,564,94,95,74,1,6,0,0
1683,564,94,96,74,1,6,0,0
1684,564,94,96,74,1,6,0,0
1685,564,94,96,74,1,6,0,0
1686,566,94,94,75,1,6,0,1
1687,566,94,94,75,1,6,0,0
1688,566,94,94,75,1,6,0,1
1689,565,94,94,74,1,6,0,2
1690,565,95,95,75,1,6,0,3
1691,565,95,94,74,1,6,0,2
1692,565,94,94,75,1,6,0,1
1693,565,94,95,75,1,6,0,0
1694,565,94,95,74,1,6,0,1
1695,565,94,95,74,1,6,0,2
1696,565,94,94,74,1,6,0,3
1697,564,94,95,74,1,6,0,2
1698,565,94,95,74,1,6,0,1
1699,565,94,94,75,1,6,0,0
1700,566,94,94,74,1,6,0,1
1701,565,94,94,75,1,6,0,1
1702,564,94,96,75,1,6,0,1
1703,564,94,95,75,1,6,0,1
1704,560,94,99,75,1,6,0,1
1705,561,94,98,75,1,6,0,0
1706,565,94,95,75,1,6,0,0
1707,564,94,95,75,1,6,0,0
1708,563,94,97,75,1,6,0,0
1709,561,94,99,75,1,6,0,1
1710,564,94,96,75,1,6,0,2
1711,563,95,96,75,1,6,0,3
1712,563,95,97,75,1,6,0,4
1713,564,95,96,75,1,6,0,4
1714,564,95,96,75,1,6,0,4
1715,564,95,96,75,1,6,0,3
1716,564,95,97,75,1,6,0,2
1717,564,95,97,75,1,6,0,2
1718,564,95,96,75,1,6,0,3
1719,565,94,95,75,1,6,0,4
1720,565,94,94,75,1,6,0,5
1721,566,94,94,74,1,6,0,5
1722,566,94,94,74,1,6,0,4
1723,565,95,94,74,1,6,0,2
1724,565,95,95,74,1,6,0,2
1725,565,95,95,75,1,6,0,2
1726,565,95,95,74,1,6,0,3
1727,564,95,96,74,1,6,0,3
1728,564,95,96,75,1,6,0,2
1729,564,95,96,74,1,6,0,1
1730,562,95,97,75,1,6,0,2
1731,562,95,97,75,1,6,0,2
1732,564,95,95,75,1,6,0,2
1733,564,95,96,75,1,6,0,2
1734,564,95,96,75,1,6,0,3
1735,563,94,96,75,1,6,0,4
1736,563,94,97,74,1,6,0,6
1737,563,94,97,74,1,6,0,6
1738,562,94,97,74,1,6,0,8
1739,561,94,99,75,1,6,0,7
1740,561,93,99,75,1,6,0,5
1741,562,94,98,74,1,6,0,2
1742,562,93,98,75,1,6,0,1
1743,562,94,98,74,1,6,0,1
1744,563,94,96,74,1,6,0,1
1745,563,94,97,74,1,6,0,1
1746,563,94,97,74,1,6,0,1
1747,563,94,96,74,1,6,0,2
1748,563,95,96,74,1,6,0,2
1749,564,95,96,74,1,6,0,2
1750,565,95,95,74,1,6,0,2
1751,564,95,95,74,1,6,0,3
1752,564,95,95,74,1,6,0,3
1753,564,95,95,74,1,6,0,3
1754,565,95,95,74,1,6,0,2
1755,564,95,95,74,1,6,0,1
1756,564,95,96,74,1,6,0,0
1757,565,95,95,74,1,6,0,0
1758,565,95,95,74,1,6,0,0
1759,565,95,95,74,1,6,0,0
1760,565,95,95,74,1,6,0,0
1761,565,95,95,74,1,6,0,0
1762,565,95,95,74,1,6,0,1
1763,565,95,94,75,1,6,0,1
1764,564,95,96,75,1,6,0,1
1765,564,94,95,75,1,6,0,0
1766,564,94,95,75,1,6,0,1
1767,564,95,96,75,1,6,0,1
1768,564,95,95,75,1,6,0,1
1769,564,95,96,75,1,6,0,1
1770,564,95,96,75,1,6,0,2
1771,564,95,96,75,1,6,0,2
1772,564,96,95,74,1,6,0,2
1773,563,95,96,75,1,6,0,1
1774,565,95,94,75,1,6,0,1
1775,565,95,94,75,1,6,0,1
1776,565,95,94,74,1,6,0,2
1777,564,95,95,74,1,6,0,3
1778,565,95,94,74,1,6,0,5
1779,565,94,94,74,1,6,0,5
1780,563,94,96,74,1,6,0,4
1781,563,94,96,75,1,6,0,3
1782,563,94,96,75,1,6,0,2
1783,563,94,96,74,1,6,0,2
1784,564,94,95,74,1,6,0,1
1785,565,94,94,74,1,6,0,1
1786,565,94,94,74,1,6,0,1
1787,565,95,94,74,1,6,0,2
1788,565,95,94,74,1,6,0,3
1789,565,95,95,74,1,6,0,5
1790,565,95,95,75,1,6,0,6
1791,564,95,95,75,1,6,0,5
1792,565,95,94,75,1,6,0,4
1793,564,95,95,75,1,6,0,2
1794,564,95,95,75,1,6,0,2
1795,564,95,95,75,1,6,0,1
1796,564,95,96,74,1,6,0,2
1797,563,95,97,74,1,6,0,3
1798,564,94,95,74,1,6,0,4
1799,564,94,96,74,1,6,0,4
1800,562,94,97,75,1,6,0,5
1801,562,94,97,75,1,6,0,6
1802,561,93,98,75,1,6,0,6
1803,561,93,98,75,1,6,0,4
1804,561,93,99,75,1,6,0,3
1805,561,93,98,75,1,6,0,3
1806,561,93,97,75,1,6,0,3
1807,561,93,97,74,1,6,0,4
1808,563,94,97,75,1,6,0,3
1809,562,94,98,75,1,6,0,4
1810,563,94,97,74,1,6,0,3
1811,565,95,95,74,1,6,0,6
1812,565,95,95,74,1,6,0,6
1813,565,95,95,74,1,6,0,6
1814,565,95,95,74,1,6,0,4
1815,565,95,95,74,1,6,0,3
1816,564,95,95,74,1,6,0,2
1817,565,95,95,75,1,6,0,1
1818,565,95,95,74,1,6,0,0
1819,564,95,95,74,1,6,0,1
1820,565,95,94,74,1,6,0,2
1821,565,94,94,74,1,6,0,4
1822,562,94,98,74,1,6,0,5
1823,563,93,96,75,1,6,0,6
1824,562,93,97,75,1,6,0,7
1825,562,93,97,75,1,6,0,6
1826,562,93,96,75,1,6,0,5
1827,564,93,95,75,1,6,0,3
1828,564,93,95,75,1,6,0,3
1829,563,93,95,75,1,6,0,1
1830,563,94,96,74,1,6,0,1
1831,563,94,96,74,1,6,0,0
1832,564,94,96,74,1,6,0,1
1833,564,94,95,74,1,6,0,1
1834,563,94,96,74,1,6,0,3
1835,562,94,97,74,1,6,0,5
1836,562,95,97,75,1,6,0,7
1837,563,95,96,75,1,6,0,7
1838,563,95,97,75,1,6,0,7
1839,563,95,97,75,1,6,0,7
1840,564,95,96,75,1,6,0,5
1841,564,95,96,75,1,6,0,5
1842,563,95,96,75,1,6,0,5
1843,565,94,95,74,1,6,0,5
1844,565,94,95,75,1,6,0,5
1845,565,94,95,75,1,6,0,4
1846,565,94,95,74,1,6,0,4
1847,564,94,96,75,1,6,0,3
1848,564,94,95,74,1,6,0,3
1849,565,94,94,74,1,6,0,3
1850,564,94,95,74,1,6,0,3
1851,564,94,95,74,1,6,0,3
1852,564,94,95,74,1,6,0,2
1853,565,94,94,74,1,6,0,2
1854,565,94,94,74,1,6,0,1
1855,564,94,95,74,1,6,0,1
1856,565,94,95,74,1,6,0,2
1857,564,94,95,74,1,6,0,2
1858,565,94,95,75,1,6,0,3
1859,563,94,97,75,1,6,0,4
1860,563,95,97,75,1,6,0,5
1861,565,95,95,75,1,6,0,5
1862,565,95,95,75,1,6,0,6
1863,564,95,96,75,1,6,0,6
1864,565,95,95,75,1,6,0,4
1865,564,95,96,75,1,6,0,3
1866,564,95,96,75,1,6,0,3
1867,563,95,96,75,1,6,0,5
1868,563,94,97,74,1,6,0,6
1869,564,94,96,73,1,6,0,6
1870,563,94,96,74,1,6,0,6
1871,564,94,95,74,1,6,0,6
1872,565,94,94,74,1,6,0,5
1873,565,94,94,74,1,6,0,3
1874,565,94,94,74,1,6,0,2
1875,565,94,94,74,1,6,0,1
1876,565,94,94,74,1,6,0,1
1877,565,94,94,74,1,6,0,0
1878,566,94,94,74,1,6,0,0
1879,566,94,94,74,1,6,0,0
1880,566,94,94,74,1,6,0,0
1881,566,94,94,74,1,6,0,0
1882,566,94,94,75,1,6,0,1
1883,566,94,94,74,1,6,0,1
1884,565,94,94,75,1,6,0,1
1885,565,94,94,75,1,6,0,1
1886,565,94,94,74,1,6,0,1
1887,566,94,94,74,1,6,0,1
1888,566,94,94,74,1,6,0,1
1889,566,94,94,74,1,6,0,1
1890,566,94,94,74,1,6,0,1
1891,566,94,94,74,1,6,0,1
1892,566,94,94,74,1,6,0,0
1893,566,94,94,74,1,6,0,0
1894,566,94,95,74,1,6,0,1
1895,566,94,94,74,1,6,0,2
1896,566,94,94,73,1,6,0,4
1897,565,93,95,73,1,6,0,5
1898,565,93,95,73,1,6,0,5
1899,565,93,95,74,1,6,0,4
1900,564,93,96,74,1,6,0,2
1901,565,94,95,73,1,6,0,1
1902,565,93,95,74,1,6,0,1
1903,565,93,95,74,1,6,0,1
1904,565,94,95,74,1,6,0,1
1905,565,94,95,74,1,6,0,1
1906,565,94,94,73,1,6,0,1
1907,565,94,94,74,1,6,0,2
1908,564,94,95,73,1,6,0,2
1909,564,94,95,75,1,6,0,3
1910,564,94,95,74,1,6,0,2
1911,564,94,95,74,1,6,0,2
1912,564,94,95,74,1,6,0,3
1913,564,94,95,74,1,6,0,3
1914,564,94,95,75,1,6,0,4
1915,565,94,95,73,1,6,0,5
1916,565,94,95,73,1,6,0,4
1917,565,94,95,73,1,6,0,5
1918,565,94,95,74,1,6,0,4
1919,565,94,94,73,1,6,0,4
1920,564,94,95,74,1,6,0,2
1921,565,94,94,74,1,6,0,2
1922,565,93,94,74,1,6,0,1
1923,565,94,94,74,1,6,0,1
1924,565,94,95,74,1,6,0,1
1925,565,94,95,74,1,6,0,1
1926,564,94,96,74,1,6,0,2
1927,565,94,95,74,1,6,0,2
1928,565,94,94,74,1,6,0,3
1929,566,94,94,75,1,6,0,2
1930,565,94,94,75,1,6,0,2
1931,565,94,94,75,1,6,0,2
1932,565,94,95,75,1,6,0,2
1933,565,95,95,74,1,6,0,2
1934,565,94,95,74,1,6,0,2
1935,565,95,95,74,1,6,0,2
1936,565,95,95,74,1,6,0,2
1937,565,95,95,74,1,6,0,2
1938,565,94,95,75,1,6,0,1
1939,565,94,95,75,1,6,0,2
1940,564,94,96,75,1,6,0,2
1941,565,94,95,75,1,6,0,4
1942,565,94,94,75,1,6,0,5
1943,566,93,94,75,1,6,0,6
1944,565,93,95,74,1,6,0,5
1945,566,93,94,75,1,6,0,4
1946,566,93,93,75,1,6,0,4
1947,565,93,94,75,1,6,0,3
1948,565,93,94,75,1,6,0,3
1949,566,93,94,75,1,6,0,3
1950,566,94,94,74,1,6,0,4
1951,566,94,94,75,1,6,0,4
1952,566,94,94,74,1,6,0,4
1953,566,94,94,74,1,6,0,4
1954,566,94,94,75,1,6,0,4
1955,566,94,94,75,1,6,0,3
1956,565,94,95,75,1,6,0,1
1957,565,94,95,75,1,6,0,0
1958,565,94,95,75,1,6,0,0
1959,565,94,95,74,1,6,0,0
1960,565,94,95,74,1,6,0,0
1961,565,94,95,74,1,6,0,0
1962,564,94,96,75,1,6,0,0
1963,564,94,96,74,1,6,0,1
1964,564,94,96,74,1,6,0,2
1965,563,93,97,75,1,6,0,3
1966,563,93,96,75,1,6,0,3
1967,563,93,96,75,1,6,0,2
1968,564,93,96,75,1,6,0,2
1969,563,93,96,75,1,6,0,1
1970,565,93,94,75,1,6,0,1
1971,565,93,94,75,1,6,0,0
1972,565,93,94,75,1,6,0,0
1973,565,93,94,75,1,6,0,0
1974,565,93,94,75,1,6,0,0
1975,565,93,94,74,1,6,0,0
1976,565,93,94,75,1,6,0,0
1977,565,93,94,74,1,6,0,0
1978,565,93,94,74,1,6,0,0
1979,565,93,94,75,1,6,0,0
1980,566,93,93,74,1,6,0,0
1981,566,93,94,74,1,6,0,0
1982,566,93,94,74,1,6,0,0
1983,566,93,94,74,1,6,0,0
1984,566,93,94,74,1,6,0,0
1985,565,93,95,75,1,6,0,0
1986,565,93,94,75,1,6,0,0
1987,564,93,95,74,1,6,0,0
1988,564,93,95,74,1,6,0,0
1989,564,93,95,74,1,6,0,0
1990,565,93,95,75,1,6,0,0
1991,564,93,96,74,1,6,0,0
1992,564,93,96,74,1,6,0,0
1993,564,93,95,74,1,6,0,0
1994,564,93,96,74,1,6,0,0
1995,564,93,96,74,1,6,0,0
1996,564,93,96,74,1,6,0,0
1997,563,93,96,74,1,6,0,0
1998,563,93,96,74,1,6,0,0
1999,564,93,95,74,1,6,0,0
2000,565,93,95,74,1,6,0,1
2001,564,93,95,74,1,6,0,1
2002,564,94,95,74,1,6,0,1
2003,563,93,96,75,1,6,0,1
2004,565,93,94,75,1,6,0,0
2005,565,93,94,75,1,6,0,0
2006,565,93,94,75,1,6,0,0
2007,565,93,94,75,1,6,0,1
2008,565,93,94,75,1,6,0,1
2009,565,94,94,75,1,6,0,2
2010,565,93,95,75,1,6,0,2
2011,565,94,95,75,1,6,0,3
2012,565,94,95,75,1,6,0,3
2013,565,94,95,75,1,6,0,2
2014,565,94,95,75,1,6,0,2
2015,565,94,94,75,1,6,0,1
2016,564,94,96,75,1,6,0,1
2017,564,94,95,75,1,6,0,0
2018,564,94,95,75,1,6,0,0
2019,564,94,95,75,1,6,0,0
2020,564,94,96,75,1,6,0,0
2021,566,94,93,74,1,6,0,1
2022,566,94,93,74,1,6,0,2
2023,566,94,93,74,1,6,0,2
2024,566,94,94,74,1,6,0,2
2025,566,94,93,74,1,6,0,2
2026,566,94,94,74,1,6,0,1
2027,566,94,94,74,1,6,0,1
2028,566,94,94,74,1,6,0,1
2029,566,94,93,74,1,6,0,1
2030,566,94,93,75,1,6,0,1
2031,565,94,94,75,1,6,0,1
2032,566,94,94,75,1,6,0,1
2033,565,94,94,75,1,6,0,1
2034,565,94,94,75,1,6,0,1
2035,565,94,94,75,1,6,0,1
2036,565,94,95,75,1,6,0,0
2037,565,94,95,75,1,6,0,0
2038,565,94,94,75,1,6,0,1
2039,566,94,94,75,1,6,0,1
2040,565,95,95,75,1,6,0,1
2041,565,94,94,75,1,6,0,0
2042,565,94,95,75,1,6,0,0
2043,566,94,94,75,1,6,0,0
2044,565,94,94,75,1,6,0,1
2045,566,94,94,75,1,6,0,1
2046,566,94,94,75,1,6,0,1
2047,566,94,94,75,1,6,0,0
2048,566,94,94,75,1,6,0,0
2049,566,94,94,75,1,6,0,0
2050,566,94,94,75,1,6,0,0
2051,566,94,94,75,1,6,0,0
2052,566,94,94,74,1,6,0,0
2053,566,95,94,74,1,6,0,0
2054,566,94,94,75,1,6,0,0
2055,566,95,94,74,1,6,0,1
2056,566,94,94,74,1,6,0,2
2057,566,95,94,75,1,6,0,2
2058,566,95,94,75,1,6,0,2
2059,566,95,95,75,1,6,0,1
2060,566,95,95,75,1,6,0,1
2061,566,95,94,74,1,6,0,1
2062,566,94,94,75,1,6,0,2
2063,566,94,94,75,1,6,0,4
2064,566,94,94,74,1,6,0,4
2065,566,94,94,74,1,6,0,5
2066,566,94,94,74,1,6,0,4
2067,565,94,94,74,1,6,0,4
2068,565,94,94,74,1,6,0,3
2069,566,94,94,74,1,6,0,2
2070,565,94,95,74,1,6,0,1
2071,564,94,95,75,1,6,0,1
2072,566,94,94,75,1,6,0,1
2073,565,94,94,75,1,6,0,1
2074,566,94,94,75,1,6,0,1
2075,565,94,95,74,1,6,0,1
2076,566,94,94,74,1,6,0,1
2077,566,94,94,74,1,6,0,1
2078,566,94,94,74,1,6,0,1
2079,566,94,94,74,1,6,0,1
2080,566,94,94,74,1,6,0,1
2081,566,94,94,74,1,6,0,1
2082,566,94,94,74,1,6,0,1
2083,566,94,94,75,1,6,0,2
2084,566,94,94,75,1,6,0,2
2085,566,94,94,75,1,6,0,1
2086,565,94,94,75,1,6,0,0
2087,566,94,94,74,1,6,0,0
2088,566,94,94,75,1,6,0,0
2089,566,94,93,75,1,6,0,0
2090,566,94,93,75,1,6,0,0
2091,565,94,94,75,1,6,0,1
2092,565,94,94,75,1,6,0,1
2093,565,94,95,75,1,6,0,1
2094,565,94,94,75,1,6,0,0
2095,565,94,94,75,1,6,0,0
2096,565,94,95,75,1,6,0,0
2097,565,94,94,75,1,6,0,0
2098,565,94,94,75,1,6,0,0
2099,566,94,94,75,1,6,0,0
2100,565,94,94,75,1,6,0,0
2101,566,94,94,75,1,6,0,0
2102,566,94,94,75,1,6,0,0
2103,565,94,94,75,1,6,0,0
2104,565,94,95,75,1,6,0,0
2105,565,94,94,75,1,6,0,0
2106,565,94,94,75,1,6,0,0
2107,565,94,94,75,1,6,0,0
2108,565,94,94,75,1,6,0,0
2109,565,94,94,75,1,6,0,0
2110,565,94,95,75,1,6,0,0
2111,563,94,96,74,1,6,0,1
2112,562,94,98,75,1,6,0,1
2113,561,93,98,75,1,6,0,2
2114,563,94,96,75,1,6,0,1
2115,564,94,95,74,1,6,0,1
2116,564,94,95,74,1,6,0,1
2117,563,94,96,74,1,6,0,1
2118,564,94,95,74,1,6,0,1
2119,564,93,95,75,1,6,0,1
2120,564,93,95,75,1,6,0,1
2121,563,93,96,75,1,6,0,0
2122,562,93,97,75,1,6,0,0
2123,562,93,97,75,1,6,0,0
2124,564,93,96,75,1,6,0,1
2125,564,93,96,75,1,6,0,2
2126,564,94,95,75,1,6,0,3
2127,564,94,95,75,1,6,0,2
2128,564,94,96,75,1,6,0,1
2129,564,94,96,75,1,6,0,1
2130,564,94,96,75,1,6,0,1
2131,564,93,95,75,1,6,0,2
2132,564,94,95,75,1,6,0,2
2133,563,93,96,74,1,6,0,3
2134,564,93,96,75,1,6,0,3
2135,562,93,97,75,1,6,0,2
2136,563,93,96,75,1,6,0,2
2137,562,93,97,75,1,6,0,1
2138,563,93,96,75,1,6,0,1
2139,563,93,96,75,1,6,0,1
2140,563,93,96,75,1,6,0,1
0,924,77,87,67,2,3,0,3
1,924,77,89,67,2,3,0,3
2,924,77,89,68,2,3,0,3
3,926,77,88,68,2,3,0,3
4,925,77,89,68,2,3,0,3
5,926,77,88,68,2,3,0,3
6,925,77,89,68,2,3,0,3
7,926,77,88,68,2,3,0,3
8,925,77,88,68,2,3,0,3
9,924,77,90,68,2,3,0,1
10,924,77,89,68,2,3,0,1
11,924,77,89,68,2,3,0,0
12,924,77,90,68,2,3,0,1
13,924,77,89,68,2,3,0,0
14,924,77,90,68,2,3,0,0
15,924,77,90,68,2,3,0,0
16,924,77,90,68,2,3,0,0
17,924,77,89,68,2,3,0,0
18,923,77,90,68,2,3,0,0
19,923,77,89,68,2,3,0,0
20,923,77,90,68,2,3,0,0
21,923,77,90,68,2,3,0,0
22,923,77,90,68,2,3,0,0
23,923,77,90,68,2,3,0,0
24,924,77,89,68,2,3,0,0
25,924,77,89,68,2,3,0,0
26,924,77,89,68,2,3,0,0
27,924,77,89,68,2,3,0,0
28,924,77,90,68,2,3,0,0
29,925,77,88,68,2,3,0,0
30,924,77,89,68,2,3,0,0
31,923,77,90,68,2,3,0,0
32,923,77,90,68,2,3,0,1
33,924,77,90,68,2,3,0,3
34,924,78,90,68,2,3,0,4
35,923,78,90,68,2,3,0,3
36,925,77,88,69,2,3,0,2
37,925,77,88,69,2,3,0,2
38,926,77,87,69,2,3,0,2
39,926,77,88,69,2,3,0,2
40,925,77,89,69,2,3,0,1
41,925,77,89,69,2,3,0,1
42,925,77,88,69,2,3,0,0
43,925,77,88,69,2,3,0,1
44,926,77,87,68,2,3,0,3
45,924,77,89,67,2,3,0,5
46,925,77,88,67,2,3,0,4
47,924,77,89,67,2,3,0,3
48,923,77,90,68,2,3,0,2
49,923,77,89,68,2,3,0,1
50,923,77,89,68,2,3,0,1
51,923,77,89,68,2,3,0,2
52,923,77,90,68,2,3,0,1
53,923,77,90,68,2,3,0,1
54,923,77,90,68,2,3,0,0
55,924,77,90,68,2,3,0,1
56,923,78,89,67,2,3,0,2
57,924,78,88,68,2,3,0,3
58,924,77,88,69,2,3,0,3
59,925,78,88,68,2,3,0,3
60,925,78,88,68,2,3,0,3
61,925,78,88,68,2,3,0,3
62,925,78,87,68,2,3,0,2
63,924,78,87,68,2,3,0,2
64,926,77,86,68,2,3,0,3
65,925,77,87,68,2,3,0,4
66,926,77,87,68,2,3,0,4
67,925,77,87,68,2,3,0,5
68,926,77,87,68,2,3,0,4
69,927,77,86,68,2,3,0,4
70,927,77,86,68,2,3,0,3
71,927,77,86,68,2,3,0,3
72,926,77,87,68,2,3,0,2
73,925,77,89,67,2,3,0,1
74,926,77,88,68,2,3,0,0
75,926,77,88,68,2,3,0,0
76,925,77,89,68,2,3,0,0
77,925,77,89,68,2,3,0,1
78,927,77,87,68,2,3,0,2
79,925,78,88,67,2,3,0,2
80,925,78,88,68,2,3,0,1
81,925,77,88,68,2,3,0,0
82,924,77,89,68,2,3,0,0
83,925,77,88,68,2,3,0,0
84,926,77,87,68,2,3,0,0
85,926,77,87,68,2,3,0,0
86,926,77,87,68,2,3,0,0
87,928,77,85,68,2,3,0,1
88,925,78,88,67,2,3,0,1
89,925,77,88,67,2,3,0,1
90,925,78,88,67,2,3,0,0
91,927,78,84,67,2,3,0,1
92,927,78,83,67,2,3,0,1
93,927,77,83,67,2,3,0,1
94,923,77,88,68,2,3,0,1
95,925,76,87,69,2,3,0,1
96,924,77,87,67,2,3,0,1
97,924,76,88,68,2,3,0,2
98,923,77,89,67,2,3,0,1
99,922,78,90,67,2,3,0,3
100,922,78,90,67,2,3,0,4
101,926,78,87,68,2,3,0,6
102,925,78,88,68,2,3,0,5
103,927,78,86,68,2,3,0,4
104,923,78,89,67,2,3,0,2
105,924,78,89,67,2,3,0,1
106,926,78,87,67,2,3,0,1
107,927,77,85,68,2,3,0,2
108,925,78,85,67,2,3,0,4
109,924,78,88,67,2,3,0,4
110,923,79,88,67,2,3,0,3
111,922,78,90,67,2,3,0,1
112,923,78,89,67,2,3,0,1
113,923,78,89,67,2,3,0,0
114,928,78,85,67,2,3,0,1
115,922,79,91,66,2,3,0,1
116,929,78,84,67,2,3,0,1
117,925,77,87,68,2,3,0,0
118,932,77,82,68,2,3,0,0
119,928,79,82,66,2,3,0,0
120,930,77,81,68,2,3,0,0
121,924,78,86,67,2,3,0,0
122,926,78,86,67,2,3,0,0
123,925,78,87,67,2,3,0,0
124,925,78,88,67,2,3,0,1
125,925,78,88,67,2,3,0,0
126,925,78,89,67,2,3,0,0
127,925,78,89,67,2,3,0,0
128,927,78,86,67,2,3,0,0
129,927,78,87,67,2,3,0,0
130,927,78,87,67,2,3,0,0
131,926,78,87,68,2,3,0,1
132,924,78,89,67,2,3,0,1
133,925,78,88,67,2,3,0,1
134,926,78,88,67,2,3,0,0
135,927,78,87,67,2,3,0,0
136,927,78,87,67,2,3,0,0
137,928,78,85,67,2,3,0,1
138,929,78,84,67,2,3,0,2
139,925,77,88,68,2,3,0,3
140,922,76,91,69,2,3,0,3
141,927,76,86,68,2,3,0,4
142,926,78,85,67,2,3,0,6
143,925,77,86,67,2,3,0,6
144,922,77,88,67,2,3,0,5
145,922,77,88,67,2,3,0,3
146,928,77,85,68,2,3,0,2
147,925,77,87,68,2,3,0,3
148,925,77,87,68,2,3,0,4
149,925,77,87,68,2,3,0,5
150,924,77,89,68,2,3,0,5
151,924,77,88,68,2,3,0,5
152,924,77,88,68,2,3,0,5
153,924,78,88,68,2,3,0,4
154,924,78,88,68,2,3,0,4
155,923,78,89,67,2,3,0,3
156,923,78,88,68,2,3,0,3
157,924,78,88,68,2,3,0,3
158,924,78,87,68,2,3,0,4
159,923,77,89,68,2,3,0,5
160,924,77,87,68,2,3,0,5
161,925,77,88,68,2,3,0,5
162,926,77,87,68,2,3,0,5
163,925,77,87,68,2,3,0,4
164,925,77,87,68,2,3,0,3
165,924,77,88,68,2,3,0,1
166,924,77,88,68,2,3,0,1
167,924,77,88,68,2,3,0,0
168,924,77,88,68,2,3,0,0
169,924,77,89,68,2,3,0,0
170,926,77,87,68,2,3,0,0
171,925,77,87,68,2,3,0,1
172,924,77,87,68,2,3,0,2
173,926,77,87,68,2,3,0,3
174,927,77,87,68,2,3,0,5
175,927,78,87,68,2,3,0,5
176,926,78,88,68,2,3,0,4
177,926,77,87,68,2,3,0,3
178,926,77,87,68,2,3,0,3
179,927,78,87,68,2,3,0,3
180,925,78,88,68,2,3,0,2
181,926,78,88,68,2,3,0,2
182,925,78,88,68,2,3,0,2
183,925,78,88,68,2,3,0,2
184,926,78,88,68,2,3,0,1
185,926,78,87,68,2,3,0,2
186,925,78,89,68,2,3,0,4
187,926,77,88,68,2,3,0,4
188,925,77,89,68,2,3,0,3
189,925,78,89,68,2,3,0,2
190,923,78,90,68,2,3,0,1
191,925,78,89,67,2,3,0,2
192,925,78,89,67,2,3,0,2
193,925,78,88,67,2,3,0,3
194,925,78,89,67,2,3,0,2
195,925,78,88,67,2,3,0,1
196,925,78,88,68,2,3,0,1
197,925,78,89,68,2,3,0,1
198,925,78,88,68,2,3,0,1
199,925,78,88,68,2,3,0,1
200,925,78,88,68,2,3,0,1
201,926,78,88,68,2,3,0,1
202,925,78,88,68,2,3,0,1
203,924,78,90,68,2,3,0,2
204,924,77,90,68,2,3,0,3
205,924,77,90,68,2,3,0,2
206,924,77,90,68,2,3,0,2
207,923,78,91,68,2,3,0,1
208,924,77,90,68,2,3,0,1
209,924,77,90,68,2,3,0,0
210,924,77,89,68,2,3,0,0
211,923,78,87,67,2,3,0,1
212,923,78,88,68,2,3,0,1
213,923,78,87,67,2,3,0,1
214,923,78,88,67,2,3,0,1
215,923,77,87,68,2,3,0,0
216,923,78,89,68,2,3,0,1
217,922,78,90,67,2,3,0,1
218,921,79,90,67,2,3,0,1
219,922,78,89,68,2,3,0,0
220,922,78,90,67,2,3,0,0
221,922,78,91,67,2,3,0,0
222,923,78,89,68,2,3,0,0
223,925,78,88,68,2,3,0,0
224,927,78,86,68,2,3,0,1
225,926,78,87,68,2,3,0,2
226,926,78,87,68,2,3,0,2
227,924,78,89,68,2,3,0,2
228,926,78,87,68,2,3,0,1
229,925,78,87,68,2,3,0,1
230,926,78,87,68,2,3,0,0
231,926,78,87,68,2,3,0,0
232,927,78,86,68,2,3,0,0
233,927,78,86,68,2,3,0,0
234,929,78,82,68,2,3,0,1
235,929,78,82,68,2,3,0,2
236,928,77,85,68,2,3,0,4
237,927,77,86,68,2,3,0,4
238,926,77,87,68,2,3,0,5
239,925,77,87,68,2,3,0,6
240,925,77,87,68,2,3,0,5
241,925,77,88,68,2,3,0,4
242,927,77,86,68,2,3,0,2
243,927,77,87,68,2,3,0,1
244,926,77,87,68,2,3,0,1
245,928,77,84,68,2,3,0,1
246,927,77,85,68,2,3,0,2
247,928,77,84,68,2,3,0,2
248,927,77,85,68,2,3,0,3
249,926,78,87,68,2,3,0,3
250,925,78,87,68,2,3,0,3
251,925,78,88,68,2,3,0,3
252,925,78,87,68,2,3,0,3
253,925,78,87,68,2,3,0,2
254,926,78,87,68,2,3,0,1
255,926,78,86,68,2,3,0,0
256,926,79,86,67,2,3,0,0
257,925,79,87,67,2,3,0,0
258,928,78,85,68,2,3,0,0
259,928,78,85,68,2,3,0,0
260,925,78,89,68,2,3,0,1
261,926,78,88,68,2,3,0,1
262,926,77,87,69,2,3,0,2
263,926,77,87,69,2,3,0,2
264,926,77,88,68,2,3,0,2
265,926,77,88,68,2,3,0,2
266,926,77,88,68,2,3,0,2
267,925,77,88,68,2,3,0,2
268,925,77,89,68,2,3,0,0
269,925,77,89,68,2,3,0,0
270,925,77,89,68,2,3,0,0
271,925,77,89,68,2,3,0,1
272,925,77,89,68,2,3,0,1
273,924,78,89,68,2,3,0,1
274,926,77,88,69,2,3,0,1
275,926,77,87,69,2,3,0,1
276,926,78,88,68,2,3,0,4
277,928,78,86,68,2,3,0,4
278,928,78,86,69,2,3,0,4
279,927,78,87,68,2,3,0,2
280,926,78,88,68,2,3,0,1
281,926,77,94,69,2,3,0,1
282,929,79,83,67,2,3,0,2
283,927,78,86,67,2,3,0,2
284,925,78,85,67,2,3,0,2
285,925,78,86,68,2,3,0,1
286,927,78,87,68,2,3,0,1
287,925,77,88,68,2,3,0,2
288,927,77,86,68,2,3,0,2
289,926,77,86,68,2,3,0,3
290,926,77,87,68,2,3,0,4
291,926,77,87,68,2,3,0,4
292,926,77,87,68,2,3,0,3
293,926,77,86,68,2,3,0,4
294,927,77,86,68,2,3,0,4
295,928,78,85,68,2,3,0,5
296,927,78,86,68,2,3,0,4
297,930,78,83,68,2,3,0,5
298,932,78,81,68,2,3,0,4
299,932,78,80,68,2,3,0,4
300,936,78,76,68,2,3,0,3
301,938,78,74,68,2,3,0,2
302,940,77,72,68,2,3,0,1
303,938,78,75,68,2,3,0,0
304,938,78,74,68,2,3,0,0
305,938,78,74,68,2,3,0,1
306,938,78,74,68,2,3,0,1
307,938,78,74,68,2,3,0,1
308,938,78,74,67,2,3,0,3
309,939,78,74,68,2,3,0,6
310,939,77,74,68,2,3,0,6
311,938,77,74,68,2,3,0,5
312,937,78,75,67,2,3,0,3
313,937,77,76,68,2,3,0,3
314,936,77,77,68,2,3,0,2
315,936,77,77,68,2,3,0,2
316,936,77,78,68,2,3,0,1
317,936,77,78,68,2,3,0,1
318,935,77,78,68,2,3,0,1
319,935,77,78,68,2,3,0,1
320,935,77,78,68,2,3,0,2
321,936,77,77,68,2,3,0,2
322,935,78,77,68,2,3,0,1
323,934,78,78,67,2,3,0,0
324,933,78,80,67,2,3,0,0
325,933,78,80,67,2,3,0,0
326,931,78,82,67,2,3,0,1
327,929,78,83,68,2,3,0,1
328,928,78,83,68,2,3,0,0
329,927,78,86,67,2,3,0,0
330,929,78,85,67,2,3,0,1
331,930,78,83,68,2,3,0,1
332,929,78,85,68,2,3,0,1
333,930,78,84,68,2,3,0,1
334,927,78,86,68,2,3,0,1
335,927,78,87,67,2,3,0,1
336,927,77,87,68,2,3,0,1
337,926,78,88,67,2,3,0,1
338,925,78,89,67,2,3,0,2
339,925,77,89,68,2,3,0,2
340,924,77,89,68,2,3,0,2
341,924,77,89,68,2,3,0,1
342,925,77,89,68,2,3,0,1
343,924,77,89,68,2,3,0,0
344,923,78,89,68,2,3,0,0
345,924,78,87,67,2,3,0,0
346,924,78,86,67,2,3,0,0
347,924,78,86,67,2,3,0,0
348,928,76,83,69,2,3,0,0
349,923,77,89,69,2,3,0,0
350,923,78,89,68,2,3,0,0
351,924,78,89,67,2,3,0,0
352,923,78,90,67,2,3,0,0
353,923,78,90,68,2,3,0,0
354,924,78,89,68,2,3,0,0
355,923,78,90,68,2,3,0,0
356,923,78,90,68,2,3,0,1
357,923,78,89,68,2,3,0,1
358,924,78,89,68,2,3,0,1
359,924,78,89,68,2,3,0,0
360,924,78,88,68,2,3,0,0
361,925,78,86,68,2,3,0,0
362,925,78,87,68,2,3,0,0
363,924,79,87,67,2,3,0,0
364,924,78,88,68,2,3,0,0
365,923,77,90,69,2,3,0,0
366,924,77,90,69,2,3,0,0
367,923,77,91,69,2,3,0,0
368,925,77,89,69,2,3,0,0
369,924,77,89,69,2,3,0,0
370,924,77,89,69,2,3,0,1
371,925,77,88,68,2,3,0,2
372,925,77,88,68,2,3,0,3
373,925,77,88,68,2,3,0,3
374,926,77,88,68,2,3,0,3
375,926,77,88,68,2,3,0,2
376,925,77,89,68,2,3,0,1
377,925,77,88,68,2,3,0,0
378,926,77,88,68,2,3,0,0
379,925,77,88,68,2,3,0,1
380,925,77,88,68,2,3,0,2
381,925,78,89,68,2,3,0,2
382,925,77,89,68,2,3,0,1
383,925,78,88,68,2,3,0,1
384,925,77,89,68,2,3,0,1
385,925,77,88,68,2,3,0,1
386,925,77,88,68,2,3,0,1
387,926,77,88,68,2,3,0,2
388,924,77,90,68,2,3,0,1
389,925,77,89,68,2,3,0,3
390,924,77,87,68,2,3,0,4
391,924,78,87,68,2,3,0,6
392,923,78,89,68,2,3,0,6
393,924,77,90,69,2,3,0,5
394,925,78,88,68,2,3,0,4
395,924,78,89,68,2,3,0,3
396,924,78,89,68,2,3,0,3
397,925,78,88,68,2,3,0,2
398,924,78,89,68,2,3,0,2
399,923,78,90,68,2,3,0,2
400,923,78,89,67,2,3,0,2
401,924,77,90,68,2,3,0,4
402,924,77,90,68,2,3,0,5
403,924,77,90,68,2,3,0,6
404,924,77,90,68,2,3,0,5
405,924,77,90,68,2,3,0,4
406,924,77,90,68,2,3,0,3
407,924,77,90,68,2,3,0,3
408,922,78,91,67,2,3,0,3
409,922,78,91,67,2,3,0,3
410,923,78,90,68,2,3,0,3
411,922,78,91,67,2,3,0,2
412,922,78,91,67,2,3,0,2
413,922,78,91,67,2,3,0,1
414,923,78,91,68,2,3,0,1
415,923,78,91,68,2,3,0,2
416,923,78,90,67,2,3,0,3
417,923,78,90,68,2,3,0,3
418,923,78,91,68,2,3,0,2
419,923,78,91,68,2,3,0,1
420,924,78,90,68,2,3,0,0
421,924,78,90,68,2,3,0,0
422,924,78,90,67,2,3,0,2
423,925,78,88,68,2,3,0,4
424,926,78,87,67,2,3,0,4
425,926,78,87,67,2,3,0,4
426,928,78,85,67,2,3,0,2
427,929,78,85,67,2,3,0,2
428,932,78,82,67,2,3,0,1
429,931,78,82,67,2,3,0,1
430,927,78,87,67,2,3,0,1
431,924,77,90,68,2,3,0,1
432,926,77,86,68,2,3,0,0
433,925,74,87,71,2,3,0,0
434,925,78,87,67,2,3,0,0
435,923,78,88,67,2,3,0,2
436,923,78,89,67,2,3,0,4
437,923,79,88,67,2,3,0,7
438,923,79,88,67,2,3,0,7
439,923,79,88,67,2,3,0,6
440,924,78,89,68,2,3,0,5
441,923,77,89,69,2,3,0,4
442,923,77,90,69,2,3,0,4
443,926,77,87,68,2,3,0,4
444,926,78,87,68,2,3,0,3
445,927,77,86,68,2,3,0,3
446,925,78,86,68,2,3,0,2
447,926,77,87,68,2,3,0,2
448,925,77,88,68,2,3,0,2
449,924,77,89,68,2,3,0,1
450,924,77,88,68,2,3,0,2
451,924,77,89,68,2,3,0,2
452,924,77,88,68,2,3,0,3
453,925,77,88,67,2,3,0,2
454,923,77,89,68,2,3,0,1
455,923,77,90,68,2,3,0,0
456,923,77,90,68,2,3,0,2
457,924,77,90,68,2,3,0,3
458,923,78,89,68,2,3,0,4
459,925,78,86,68,2,3,0,3
460,926,77,87,68,2,3,0,2
461,924,78,88,68,2,3,0,2
462,925,77,88,68,2,3,0,2
463,924,78,89,68,2,3,0,2
464,924,78,90,68,2,3,0,2
465,924,78,89,67,2,3,0,1
466,925,78,89,68,2,3,0,1
467,925,78,89,68,2,3,0,1
468,927,78,88,68,2,3,0,1
469,925,78,89,68,2,3,0,0
470,924,79,90,67,2,3,0,0
471,924,77,88,68,2,3,0,0
472,926,78,86,67,2,3,0,2
473,923,78,87,67,2,3,0,3
474,925,77,86,68,2,3,0,3
475,923,77,87,68,2,3,0,3
476,923,77,92,68,2,3,0,1
477,922,77,91,68,2,3,0,1
478,922,77,91,68,2,3,0,2
479,922,77,91,68,2,3,0,3
480,923,78,91,68,2,3,0,3
481,923,78,91,68,2,3,0,3
482,923,78,91,68,2,3,0,3
483,923,78,90,68,2,3,0,4
484,923,78,90,68,2,3,0,4
485,923,78,91,68,2,3,0,3
486,924,78,90,68,2,3,0,1
487,924,78,90,68,2,3,0,1
488,924,78,90,68,2,3,0,1
489,924,78,90,68,2,3,0,1
490,924,78,90,68,2,3,0,3
491,924,78,90,68,2,3,0,3
492,924,77,89,68,2,3,0,3
493,924,78,90,68,2,3,0,2
494,924,78,90,67,2,3,0,3
495,924,78,90,68,2,3,0,3
496,924,78,89,68,2,3,0,2
497,924,78,89,67,2,3,0,2
498,924,78,89,67,2,3,0,1
499,924,78,90,67,2,3,0,1
500,924,78,89,67,2,3,0,2
501,925,78,88,68,2,3,0,2
502,925,77,89,68,2,3,0,2
503,924,78,89,67,2,3,0,1
504,925,77,90,68,2,3,0,1
505,925,78,89,68,2,3,0,1
506,925,78,89,68,2,3,0,3
507,925,78,89,68,2,3,0,3
508,925,78,89,68,2,3,0,3
509,925,78,89,68,2,3,0,2
510,925,77,89,68,2,3,0,3
511,925,77,90,68,2,3,0,5
512,924,77,90,67,2,3,0,6
513,924,77,90,68,2,3,0,8
514,924,77,90,68,2,3,0,7
515,924,77,90,67,2,3,0,6
516,925,77,89,67,2,3,0,3
517,927,77,87,67,2,3,0,2
518,929,77,85,67,2,3,0,1
519,928,77,85,67,2,3,0,0
520,928,77,85,67,2,3,0,0
521,929,77,85,67,2,3,0,0
522,930,77,84,67,2,3,0,0
523,931,77,83,68,2,3,0,1
524,931,77,82,68,2,3,0,1
525,923,77,91,68,2,3,0,2
526,922,77,91,68,2,3,0,2
527,924,77,90,68,2,3,0,2
528,922,77,90,68,2,3,0,3
529,923,77,90,68,2,3,0,4
530,923,78,90,68,2,3,0,4
531,923,78,91,68,2,3,0,3
532,922,78,90,68,2,3,0,3
533,923,78,90,68,2,3,0,3
534,923,78,90,68,2,3,0,2
535,924,78,90,68,2,3,0,2
536,924,77,90,68,2,3,0,1
537,924,78,90,67,2,3,0,2
538,922,78,90,67,2,3,0,3
539,922,78,91,67,2,3,0,4
540,923,77,91,68,2,3,0,4
541,923,77,91,68,2,3,0,3
542,923,77,91,68,2,3,0,2
543,923,77,91,68,2,3,0,2
544,923,77,91,68,2,3,0,2
545,923,77,91,68,2,3,0,2
546,923,77,91,68,2,3,0,2
547,923,77,91,68,2,3,0,2
548,923,77,91,67,2,3,0,1
549,923,77,91,68,2,3,0,1
550,923,77,91,68,2,3,0,1
551,923,77,91,68,2,3,0,1
552,924,77,90,68,2,3,0,2
553,923,77,91,68,2,3,0,3
554,924,78,91,68,2,3,0,4
555,923,78,90,68,2,3,0,3
556,923,78,90,68,2,3,0,2
557,923,78,89,68,2,3,0,2
558,923,78,89,68,2,3,0,2
559,923,78,89,68,2,3,0,2
560,923,78,89,68,2,3,0,2
561,924,78,89,68,2,3,0,1
562,923,78,90,67,2,3,0,0
563,923,78,90,68,2,3,0,0
564,923,77,91,68,2,3,0,0
565,924,78,90,68,2,3,0,0
566,924,78,90,68,2,3,0,1
567,924,78,90,68,2,3,0,1
568,923,78,91,68,2,3,0,1
569,923,78,91,68,2,3,0,1
570,923,78,91,68,2,3,0,0
571,923,78,91,68,2,3,0,0
572,923,78,91,68,2,3,0,0
573,923,78,91,68,2,3,0,0
574,923,78,90,68,2,3,0,1
575,924,78,90,68,2,3,0,1
576,924,78,90,68,2,3,0,1
577,924,78,90,67,2,3,0,1
578,924,78,91,68,2,3,0,0
579,924,78,90,68,2,3,0,0
580,924,78,90,68,2,3,0,0
581,924,78,90,68,2,3,0,0
582,924,78,90,68,2,3,0,0
583,924,78,90,68,2,3,0,0
584,924,78,91,68,2,3,0,0
585,925,78,89,68,2,3,0,0
586,927,78,87,68,2,3,0,0
587,926,78,88,68,2,3,0,0
588,926,78,88,68,2,3,0,0
589,926,78,88,68,2,3,0,0
590,925,78,88,68,2,3,0,1
591,925,78,88,68,2,3,0,1
592,925,78,89,67,2,3,0,1
593,925,78,89,67,2,3,0,1
594,925,78,89,67,2,3,0,1
595,923,78,90,67,2,3,0,2
596,923,78,90,67,2,3,0,1
597,924,78,90,67,2,3,0,1
598,924,78,90,67,2,3,0,0
599,924,78,90,67,2,3,0,0
600,924,78,90,68,2,3,0,0
601,924,78,89,68,2,3,0,1
602,924,78,89,68,2,3,0,2
603,924,78,90,68,2,3,0,2
604,924,78,90,68,2,3,0,1
605,925,77,89,68,2,3,0,1
606,926,77,88,69,2,3,0,0
607,926,77,88,68,2,3,0,0
608,926,77,87,69,2,3,0,0
609,926,77,87,69,2,3,0,0
610,927,77,87,69,2,3,0,1
611,926,77,88,68,2,3,0,1
612,923,77,90,68,2,3,0,2
613,924,77,89,68,2,3,0,2
614,924,78,88,68,2,3,0,2
615,924,78,90,68,2,3,0,2
616,925,78,89,68,2,3,0,4
617,925,78,89,68,2,3,0,6
618,925,78,89,68,2,3,0,6
619,924,78,90,68,2,3,0,5
620,924,78,89,68,2,3,0,3
621,923,78,91,68,2,3,0,1
622,926,76,87,70,2,3,0,1
623,925,77,86,69,2,3,0,1
624,924,78,87,68,2,3,0,2
625,925,78,86,67,2,3,0,2
626,925,78,86,67,2,3,0,2
627,925,78,88,68,2,3,0,1
628,925,78,90,68,2,3,0,1
629,924,78,90,68,2,3,0,1
630,924,78,90,68,2,3,0,2
631,924,78,90,68,2,3,0,3
632,924,78,90,68,2,3,0,3
633,924,78,90,68,2,3,0,2
634,925,78,89,68,2,3,0,3
635,924,78,90,68,2,3,0,2
636,924,78,89,67,2,3,0,2
637,924,79,89,67,2,3,0,0
638,924,78,90,68,2,3,0,0
639,924,78,89,68,2,3,0,0
640,924,77,89,69,2,3,0,1
641,923,78,90,68,2,3,0,2
642,924,78,86,68,2,3,0,3
643,924,78,87,67,2,3,0,2
644,923,78,88,67,2,3,0,2
645,923,78,87,67,2,3,0,1
646,923,78,88,68,2,3,0,1
647,923,78,87,67,2,3,0,1
648,924,78,88,68,2,3,0,2
649,924,78,88,68,2,3,0,3
650,925,78,88,68,2,3,0,3
651,925,78,87,68,2,3,0,2
652,925,79,87,67,2,3,0,2
653,925,78,87,68,2,3,0,1
654,925,78,87,68,2,3,0,1
655,926,78,87,68,2,3,0,2
656,926,77,87,68,2,3,0,4
657,925,77,88,68,2,3,0,4
658,925,77,88,68,2,3,0,3
659,925,78,88,68,2,3,0,2
660,924,78,89,68,2,3,0,2
661,925,77,89,68,2,3,0,1
662,925,77,89,68,2,3,0,0
663,926,77,87,68,2,3,0,1
664,926,77,88,68,2,3,0,2
665,926,77,87,68,2,3,0,2
666,926,77,87,68,2,3,0,1
667,926,77,87,68,2,3,0,0
668,926,77,87,68,2,3,0,1
669,926,78,87,67,2,3,0,1
670,924,78,89,68,2,3,0,3
671,924,78,89,68,2,3,0,3
672,924,78,89,68,2,3,0,4
673,925,78,88,68,2,3,0,4
674,925,78,88,68,2,3,0,5
675,924,77,89,68,2,3,0,6
676,924,77,86,68,2,3,0,7
677,925,77,88,67,2,3,0,8
678,926,77,88,68,2,3,0,8
679,925,77,89,68,2,3,0,8
680,925,77,88,67,2,3,0,6
681,926,78,88,67,2,3,0,4
682,925,77,88,67,2,3,0,2
683,925,77,88,68,2,3,0,1
684,926,77,87,67,2,3,0,1
685,926,77,88,68,2,3,0,1
686,924,77,89,68,2,3,0,1
687,924,77,90,68,2,3,0,1
688,925,77,88,68,2,3,0,1
689,927,78,86,67,2,3,0,3
690,927,78,86,67,2,3,0,3
691,923,78,90,68,2,3,0,2
692,925,77,88,67,2,3,0,1
693,923,77,90,67,2,3,0,1
694,923,77,90,67,2,3,0,2
695,930,77,82,68,2,3,0,6
696,927,76,86,68,2,3,0,6
697,924,76,89,68,2,3,0,6
698,924,76,89,68,2,3,0,3
699,923,76,91,68,2,3,0,4
700,924,76,90,68,2,3,0,4
701,925,76,88,67,2,3,0,4
702,927,77,86,67,2,3,0,3
703,926,77,87,67,2,3,0,4
704,929,77,85,67,2,3,0,4
705,927,77,87,68,2,3,0,5
706,927,77,87,68,2,3,0,5
707,925,77,89,68,2,3,0,5
708,926,77,88,68,2,3,0,4
709,925,77,89,68,2,3,0,4
710,925,77,89,68,2,3,0,3
711,925,77,89,68,2,3,0,3
712,925,77,90,68,2,3,0,2
713,926,77,89,68,2,3,0,1
714,925,77,89,68,2,3,0,1
715,927,77,87,68,2,3,0,2
716,925,77,88,68,2,3,0,2
717,925,77,89,68,2,3,0,2
718,925,77,89,68,2,3,0,3
719,924,77,89,68,2,3,0,4
720,924,76,89,68,2,3,0,5
721,923,76,90,68,2,3,0,4
722,923,76,90,68,2,3,0,5
723,922,76,91,68,2,3,0,6
724,923,75,90,68,2,3,0,7
725,923,76,91,67,2,3,0,5
726,923,76,91,67,2,3,0,3
727,924,76,90,67,2,3,0,3
728,921,76,91,68,2,3,0,2
729,923,76,91,67,2,3,0,1
730,923,76,91,67,2,3,0,0
731,924,76,90,67,2,3,0,2
732,925,76,89,67,2,3,0,4
733,926,77,88,68,2,3,0,6
734,924,77,90,68,2,3,0,7
735,926,77,88,67,2,3,0,7
736,924,77,89,67,2,3,0,6
737,924,77,89,67,2,3,0,4
738,925,77,89,67,2,3,0,4
739,925,77,88,68,2,3,0,4
740,925,76,88,68,2,3,0,6
741,925,76,88,68,2,3,0,5
742,924,76,89,67,2,3,0,6
743,923,76,90,68,2,3,0,8
744,923,75,90,68,2,3,0,9
745,922,76,91,67,2,3,0,7
746,922,76,91,67,2,3,0,5
747,923,76,90,67,2,3,0,4
748,922,76,91,67,2,3,0,3
749,923,76,90,67,2,3,0,2
750,923,76,90,67,2,3,0,1
751,924,76,90,67,2,3,0,0
752,925,76,89,67,2,3,0,0
753,925,76,88,67,2,3,0,1
754,926,76,88,67,2,3,0,2
755,926,77,88,67,2,3,0,4
756,924,76,90,68,2,3,0,4
757,924,76,90,68,2,3,0,3
758,925,76,89,68,2,3,0,2
759,924,76,89,67,2,3,0,2
760,923,76,90,68,2,3,0,1
761,923,76,90,68,2,3,0,0
762,923,76,90,68,2,3,0,0
763,924,76,90,68,2,3,0,0
764,923,76,91,68,2,3,0,2
765,922,75,91,68,2,3,0,3
766,922,75,90,68,2,3,0,4
767,922,75,90,68,2,3,0,4
768,923,76,90,67,2,3,0,3
769,923,76,89,67,2,3,0,3
770,921,75,91,68,2,3,0,2
771,921,75,92,67,2,3,0,2
772,921,75,91,68,2,3,0,2
773,921,76,91,68,2,3,0,2
774,921,75,92,68,2,3,0,1
775,922,76,91,67,2,3,0,2
776,925,76,89,67,2,3,0,2
777,923,76,91,68,2,3,0,2
778,927,76,87,68,2,3,0,3
779,924,76,90,68,2,3,0,4
780,925,77,89,67,2,3,0,6
781,926,77,88,67,2,3,0,5
782,927,77,88,67,2,3,0,5
783,928,77,87,67,2,3,0,4
784,927,77,87,67,2,3,0,4
785,927,77,88,67,2,3,0,3
786,923,77,91,68,2,3,0,2
787,926,77,88,67,2,3,0,1
788,926,77,88,68,2,3,0,1
789,925,77,89,67,2,3,0,2
790,924,77,87,67,2,3,0,3
791,934,77,76,66,2,3,0,4
792,933,76,78,67,2,3,0,6
793,930,76,80,67,2,3,0,6
794,931,76,78,67,2,3,0,5
795,931,77,79,67,2,3,0,4
796,930,77,83,67,2,3,0,4
797,927,77,86,67,2,3,0,5
798,926,77,87,67,2,3,0,5
799,927,77,87,67,2,3,0,5
800,928,77,86,67,2,3,0,4
801,929,77,84,67,2,3,0,2
802,930,77,83,67,2,3,0,1
803,930,77,83,67,2,3,0,1
804,930,77,83,67,2,3,0,0
805,932,77,81,67,2,3,0,0
806,934,77,80,67,2,3,0,2
807,932,77,82,67,2,3,0,6
808,931,76,82,69,2,3,0,16
809,932,76,81,71,2,3,0,16
810,934,76,79,77,2,3,0,15
811,935,77,79,67,2,3,0,7
812,934,77,79,67,2,3,0,6
813,933,76,81,69,2,3,0,4
814,934,76,80,68,2,3,0,10
815,935,77,78,70,2,3,0,11
816,937,77,77,69,2,3,0,13
817,938,77,76,69,2,3,0,7
818,939,76,75,67,2,3,0,5
819,939,77,74,67,2,3,0,8
820,940,77,73,67,2,3,0,12
821,942,76,72,67,2,3,0,15
822,944,76,70,67,2,3,0,12
823,943,77,70,67,2,3,0,8
824,944,77,70,67,2,3,0,5
825,944,77,69,67,2,3,0,4
826,943,76,70,68,2,3,0,3
827,944,76,69,69,2,3,0,3
828,942,76,71,68,2,3,0,1
829,943,76,70,68,2,3,0,1
830,944,76,70,68,2,3,0,1
831,944,76,69,68,2,3,0,2
832,945,76,68,68,2,3,0,2
833,944,76,69,68,2,3,0,2
834,944,77,69,67,2,3,0,1
835,943,77,70,68,2,3,0,2
836,944,77,70,67,2,3,0,1
837,944,76,69,68,2,3,0,2
838,944,77,70,67,2,3,0,2
839,944,77,69,67,2,3,0,2
840,944,76,70,68,2,3,0,2
841,943,77,71,67,2,3,0,2
842,942,77,72,67,2,3,0,2
843,940,77,74,68,2,3,0,2
844,939,77,75,68,2,3,0,2
845,938,77,76,68,2,3,0,2
846,939,77,75,67,2,3,0,2
847,938,77,76,67,2,3,0,1
848,937,76,77,67,2,3,0,2
849,936,77,78,67,2,3,0,2
850,936,76,78,68,2,3,0,2
851,935,76,79,68,2,3,0,2
852,935,76,79,68,2,3,0,1
853,935,76,79,68,2,3,0,1
854,935,76,79,68,2,3,0,1
855,935,76,79,68,2,3,0,1
856,934,76,80,68,2,3,0,1
857,933,76,81,68,2,3,0,1
858,934,76,80,68,2,3,0,1
859,933,76,81,67,2,3,0,1
860,929,76,85,68,2,3,0,0
861,929,76,85,68,2,3,0,0
862,928,76,86,68,2,3,0,0
863,926,76,88,68,2,3,0,2
864,929,77,85,68,2,3,0,4
865,930,77,84,68,2,3,0,4
866,928,77,85,67,2,3,0,4
867,925,77,89,67,2,3,0,4
868,926,77,89,68,2,3,0,3
869,927,77,87,68,2,3,0,3
870,926,77,89,68,2,3,0,2
871,929,77,85,68,2,3,0,1
872,926,77,88,68,2,3,0,1
873,925,76,89,68,2,3,0,3
874,922,77,90,67,2,3,0,6
875,927,76,87,67,2,3,0,7
876,926,76,88,68,2,3,0,7
877,924,76,89,68,2,3,0,5
878,923,76,90,68,2,3,0,4
879,924,76,89,68,2,3,0,2
880,924,76,89,68,2,3,0,2
881,924,76,89,68,2,3,0,1
882,924,76,90,68,2,3,0,1
883,922,76,91,68,2,3,0,1
884,925,76,89,67,2,3,0,2
885,924,77,89,67,2,3,0,1
886,924,77,90,67,2,3,0,2
887,922,77,90,67,2,3,0,3
888,924,77,91,67,2,3,0,4
889,924,77,90,67,2,3,0,4
890,925,77,89,67,2,3,0,4
891,926,77,88,68,2,3,0,4
892,925,77,89,68,2,3,0,3
893,925,77,89,68,2,3,0,4
894,924,77,91,68,2,3,0,3
895,923,77,91,68,2,3,0,3
896,924,77,90,68,2,3,0,1
897,925,77,89,68,2,3,0,1
898,928,77,86,68,2,3,0,0
899,925,77,89,68,2,3,0,0
900,925,77,89,68,2,3,0,0
901,924,77,90,68,2,3,0,0
902,924,77,90,68,2,3,0,0
903,924,77,90,68,2,3,0,0
904,924,77,90,68,2,3,0,0
905,924,77,90,68,2,3,0,1
906,924,77,89,68,2,3,0,1
907,924,76,89,68,2,3,0,2
908,921,77,91,68,2,3,0,1
909,922,77,91,67,2,3,0,1
910,925,77,89,68,2,3,0,0
911,925,77,89,68,2,3,0,1
912,925,77,89,67,2,3,0,2
913,926,77,88,68,2,3,0,3
914,924,78,90,68,2,3,0,2
915,925,78,90,67,2,3,0,2
916,925,77,89,68,2,3,0,1
917,926,77,88,67,2,3,0,0
918,924,77,90,67,2,3,0,2
919,924,77,90,68,2,3,0,2
920,925,77,89,68,2,3,0,3
921,927,77,87,68,2,3,0,1
922,927,77,87,68,2,3,0,1
923,931,77,83,68,2,3,0,1
924,924,76,90,68,2,3,0,1
925,925,78,89,67,2,3,0,1
926,924,78,90,66,2,3,0,2
927,924,77,89,67,2,3,0,2
928,929,77,83,67,2,3,0,2
929,930,79,80,65,2,3,0,1
930,931,78,82,67,2,3,0,1
931,930,77,81,68,2,3,0,0
932,933,77,78,67,2,3,0,1
933,934,77,78,67,2,3,0,1
934,934,77,81,68,2,3,0,1
935,934,77,81,68,2,3,0,2
936,933,77,81,67,2,3,0,2
937,933,76,81,68,2,3,0,3
938,932,76,82,68,2,3,0,1
939,929,77,84,68,2,3,0,1
940,925,77,85,68,2,3,0,1
941,931,78,80,67,2,3,0,3
942,931,78,79,67,2,3,0,5
943,933,79,78,66,2,3,0,5
944,930,78,79,67,2,3,0,4
945,931,78,79,67,2,3,0,2
946,930,79,82,66,2,3,0,2
947,929,78,84,67,2,3,0,1
948,925,77,89,68,2,3,0,1
949,927,77,87,68,2,3,0,0
950,928,77,86,68,2,3,0,0
951,928,77,86,68,2,3,0,0
952,926,77,88,68,2,3,0,0
953,923,77,91,68,2,3,0,0
954,927,77,87,68,2,3,0,0
955,923,77,90,68,2,3,0,0
956,923,77,90,68,2,3,0,0
957,924,77,90,68,2,3,0,0
958,923,77,90,68,2,3,0,0
959,923,77,90,68,2,3,0,0
960,924,77,90,67,2,3,0,0
961,924,77,89,67,2,3,0,0
962,924,77,90,67,2,3,0,0
963,925,77,89,68,2,3,0,0
964,924,77,90,68,2,3,0,0
965,924,77,90,67,2,3,0,1
966,924,77,89,68,2,3,0,2
967,924,77,89,68,2,3,0,3
968,925,77,89,68,2,3,0,4
969,924,78,89,68,2,3,0,4
970,925,77,89,68,2,3,0,3
971,924,77,90,68,2,3,0,2
972,925,77,89,68,2,3,0,1
973,924,78,87,68,2,3,0,3
974,925,78,86,67,2,3,0,3
975,923,78,87,67,2,3,0,3
976,925,79,86,66,2,3,0,1
977,928,78,83,67,2,3,0,2
978,925,77,88,68,2,3,0,3
979,924,77,90,67,2,3,0,3
980,928,77,87,68,2,3,0,2
981,929,77,86,68,2,3,0,1
982,928,77,87,68,2,3,0,0
983,930,77,85,68,2,3,0,0
984,925,77,90,68,2,3,0,0
985,925,77,89,68,2,3,0,0
986,925,77,89,68,2,3,0,1
987,925,77,89,67,2,3,0,1
988,926,77,88,68,2,3,0,1
989,926,77,88,68,2,3,0,0
990,926,77,88,68,2,3,0,0
991,926,77,88,68,2,3,0,1
992,925,77,89,68,2,3,0,3
993,924,77,90,68,2,3,0,3
994,925,78,89,68,2,3,0,3
995,926,77,89,68,2,3,0,1
996,927,77,87,68,2,3,0,1
997,927,77,87,68,2,3,0,0
998,925,77,89,68,2,3,0,0
999,925,77,89,68,2,3,0,0
1000,925,77,89,68,2,3,0,0
1001,929,77,86,68,2,3,0,0
1002,926,77,88,68,2,3,0,1
1003,925,77,90,68,2,3,0,1
1004,925,78,90,68,2,3,0,2
1005,926,77,88,68,2,3,0,2
1006,927,77,87,67,2,3,0,3
1007,928,77,86,67,2,3,0,3
1008,924,77,90,68,2,3,0,4
1009,924,77,90,68,2,3,0,3
1010,923,77,91,68,2,3,0,2
1011,927,77,88,68,2,3,0,1
1012,928,77,86,68,2,3,0,1
1013,926,77,89,68,2,3,0,0
1014,925,77,89,68,2,3,0,0
1015,928,77,87,68,2,3,0,0
1016,927,77,88,68,2,3,0,0
1017,926,77,88,68,2,3,0,0
1018,926,77,89,68,2,3,0,0
1019,927,77,88,68,2,3,0,1
1020,927,78,87,67,2,3,0,3
1021,926,78,89,67,2,3,0,4
1022,926,78,88,68,2,3,0,5
1023,924,78,90,67,2,3,0,5
1024,925,78,89,67,2,3,0,4
1025,924,78,90,67,2,3,0,3
1026,924,79,86,67,2,3,0,2
1027,924,77,86,68,2,3,0,2
1028,924,77,87,68,2,3,0,1
1029,924,77,88,68,2,3,0,1
1030,925,78,88,68,2,3,0,1
1031,925,78,88,68,2,3,0,2
1032,926,77,87,68,2,3,0,2
1033,926,78,88,68,2,3,0,2
1034,927,77,86,68,2,3,0,1
1035,926,78,87,68,2,3,0,1
1036,925,78,89,68,2,3,0,1
1037,925,78,89,68,2,3,0,1
1038,926,78,88,68,2,3,0,2
1039,926,78,88,68,2,3,0,1
1040,925,78,89,68,2,3,0,2
1041,925,78,89,68,2,3,0,1
1042,930,77,83,69,2,3,0,1
1043,931,78,83,68,2,3,0,3
1044,930,78,83,68,2,3,0,3
1045,929,78,84,66,2,3,0,4
1046,930,79,83,67,2,3,0,3
1047,925,79,87,68,2,3,0,3
1048,926,79,87,67,2,3,0,3
1049,925,78,86,69,2,3,0,5
1050,926,79,85,68,2,3,0,6
1051,925,79,86,67,2,3,0,7
1052,934,79,78,68,2,3,0,5
1053,931,78,82,68,2,3,0,6
1054,931,78,82,68,2,3,0,5
1055,931,78,82,68,2,3,0,6
1056,932,78,81,68,2,3,0,5
1057,932,78,81,68,2,3,0,5
1058,930,78,85,68,2,3,0,4
1059,927,79,88,68,2,3,0,2
1060,927,78,88,68,2,3,0,1
1061,929,78,86,68,2,3,0,1
1062,927,78,87,68,2,3,0,1
1063,928,78,86,68,2,3,0,1
1064,928,79,86,68,2,3,0,2
1065,927,78,87,68,2,3,0,2
1066,927,78,87,68,2,3,0,2
1067,927,78,87,68,2,3,0,1
1068,925,79,85,68,2,3,0,1
1069,926,78,85,68,2,3,0,0
1070,925,78,88,69,2,3,0,0
1071,928,78,85,68,2,3,0,0
1072,923,78,90,68,2,3,0,0
1073,925,78,88,68,2,3,0,0
1074,926,78,87,68,2,3,0,2
1075,925,78,88,68,2,3,0,2
1076,924,78,89,68,2,3,0,3
1077,924,78,90,68,2,3,0,2
1078,924,78,90,68,2,3,0,2
1079,924,79,90,68,2,3,0,2
1080,926,79,87,68,2,3,0,3
1081,928,79,84,68,2,3,0,4
1082,929,79,83,68,2,3,0,5
1083,927,79,85,68,2,3,0,5
1084,927,79,84,68,2,3,0,4
1085,928,78,84,68,2,3,0,2
1086,927,79,85,68,2,3,0,1
1087,928,79,85,68,2,3,0,1
1088,927,78,85,68,2,3,0,1
1089,926,79,86,68,2,3,0,1
1090,926,79,84,68,2,3,0,1
1091,924,78,88,69,2,3,0,2
1092,927,79,85,67,2,3,0,2
1093,924,78,87,68,2,3,0,2
1094,924,78,87,68,2,3,0,2
1095,925,78,87,68,2,3,0,3
1096,925,78,86,68,2,3,0,4
1097,925,78,86,68,2,3,0,5
1098,924,78,87,68,2,3,0,5
1099,924,79,87,68,2,3,0,5
1100,924,79,87,68,2,3,0,4
1101,924,79,87,68,2,3,0,3
1102,924,78,87,68,2,3,0,1
1103,924,78,87,68,2,3,0,1
1104,924,78,87,68,2,3,0,1
1105,923,78,89,68,2,3,0,1
1106,924,79,88,67,2,3,0,0
1107,925,79,86,68,2,3,0,1
1108,925,79,86,67,2,3,0,2
1109,927,79,83,68,2,3,0,4
1110,926,79,86,68,2,3,0,4
1111,925,79,87,68,2,3,0,4
1112,926,79,86,68,2,3,0,2
1113,925,78,87,68,2,3,0,2
1114,924,79,88,67,2,3,0,1
1115,924,79,88,67,2,3,0,2
1116,925,78,87,68,2,3,0,2
1117,925,78,87,68,2,3,0,2
1118,923,78,90,68,2,3,0,2
1119,923,78,90,68,2,3,0,1
1120,924,78,89,68,2,3,0,0
1121,924,78,89,68,2,3,0,0
1122,923,78,90,68,2,3,0,1
1123,923,78,90,68,2,3,0,1
1124,922,79,91,68,2,3,0,1
1125,923,78,90,68,2,3,0,0
1126,923,78,90,68,2,3,0,1
1127,922,78,91,68,2,3,0,1
1128,926,78,88,68,2,3,0,2
1129,925,78,89,68,2,3,0,2
1130,924,78,90,68,2,3,0,2
1131,928,78,86,68,2,3,0,1
1132,926,78,87,68,2,3,0,1
1133,925,78,88,68,2,3,0,0
1134,926,78,88,68,2,3,0,0
1135,928,78,87,68,2,3,0,0
1136,927,78,88,68,2,3,0,0
1137,926,78,88,68,2,3,0,0
1138,923,78,91,68,2,3,0,0
1139,923,78,91,68,2,3,0,0
1140,923,78,91,68,2,3,0,0
1141,923,78,92,68,2,3,0,0
1142,923,78,91,68,2,3,0,0
1143,923,78,91,68,2,3,0,0
1144,923,78,92,68,2,3,0,0
1145,923,78,91,68,2,3,0,0
1146,923,78,92,68,2,3,0,0
1147,923,78,92,68,2,3,0,0
1148,923,78,92,68,2,3,0,0
1149,923,78,92,68,2,3,0,0
1150,923,78,92,68,2,3,0,0
1151,923,78,91,69,2,3,0,0
1152,923,78,88,68,2,3,0,0
1153,923,78,89,68,2,3,0,0
1154,923,78,91,68,2,3,0,0
1155,923,78,90,68,2,3,0,1
1156,922,78,91,68,2,3,0,1
1157,922,78,91,68,2,3,0,1
1158,924,78,90,68,2,3,0,0
1159,923,78,91,68,2,3,0,0
1160,923,78,91,68,2,3,0,0
1161,923,78,90,68,2,3,0,0
1162,923,78,91,68,2,3,0,1
1163,923,78,91,68,2,3,0,2
1164,923,78,90,69,2,3,0,2
1165,923,78,91,69,2,3,0,2
1166,923,78,89,68,2,3,0,1
1167,923,78,89,69,2,3,0,0
1168,927,78,86,68,2,3,0,0
1169,926,78,87,68,2,3,0,0
1170,925,78,88,68,2,3,0,0
1171,924,78,90,68,2,3,0,0
1172,925,78,89,68,2,3,0,0
1173,925,78,89,68,2,3,0,0
1174,924,78,90,68,2,3,0,1
1175,924,78,90,68,2,3,0,2
1176,925,78,90,68,2,3,0,2
1177,925,78,90,68,2,3,0,2
1178,925,78,90,68,2,3,0,2
1179,925,78,90,68,2,3,0,1
1180,925,78,90,68,2,3,0,1
1181,926,78,89,68,2,3,0,0
1182,926,78,89,68,2,3,0,0
1183,926,78,89,68,2,3,0,0
1184,926,78,88,68,2,3,0,0
1185,925,78,89,68,2,3,0,0
1186,925,78,89,68,2,3,0,0
1187,925,78,89,68,2,3,0,0
1188,925,78,90,68,2,3,0,0
1189,925,78,90,68,2,3,0,1
1190,925,78,89,68,2,3,0,1
1191,924,78,90,68,2,3,0,0
1192,924,78,90,68,2,3,0,0
1193,924,78,90,68,2,3,0,0
1194,925,78,89,68,2,3,0,0
1195,925,78,89,68,2,3,0,1
1196,924,78,89,68,2,3,0,1
1197,925,78,89,68,2,3,0,1
1198,925,78,89,68,2,3,0,1
1199,925,78,89,68,2,3,0,1
1200,925,78,90,68,2,3,0,1
1201,924,78,91,68,2,3,0,1
1202,925,78,89,68,2,3,0,0
1203,925,78,89,68,2,3,0,0
1204,925,78,90,68,2,3,0,0
1205,926,78,89,68,2,3,0,0
1206,926,78,89,68,2,3,0,0
1207,926,78,89,68,2,3,0,0
1208,926,78,88,68,2,3,0,0
1209,926,78,88,68,2,3,0,0
1210,926,78,88,68,2,3,0,0
1211,925,78,89,68,2,3,0,1
1212,924,78,89,68,2,3,0,1
1213,925,78,88,68,2,3,0,1
1214,924,78,89,68,2,3,0,0
1215,924,78,90,68,2,3,0,0
1216,924,78,90,67,2,3,0,0
1217,924,78,90,68,2,3,0,0
1218,925,78,89,68,2,3,0,0
1219,925,78,88,68,2,3,0,0
1220,925,78,89,68,2,3,0,0
1221,925,78,89,68,2,3,0,0
1222,926,77,88,69,2,3,0,0
1223,926,77,88,69,2,3,0,0
1224,927,78,88,68,2,3,0,1
1225,926,78,89,68,2,3,0,0
1226,928,78,87,69,2,3,0,1
1227,929,78,86,68,2,3,0,1
1228,930,78,84,68,2,3,0,1
1229,932,78,82,68,2,3,0,1
1230,932,78,82,69,2,3,0,5
1231,932,78,81,67,2,3,0,10
1232,931,78,83,66,2,3,0,16
1233,932,78,82,64,2,3,0,23
1234,931,78,83,63,2,3,0,29
1235,930,77,84,62,2,3,0,35
1236,928,78,86,60,2,3,0,39
1237,927,78,87,58,2,3,0,42
1238,930,78,84,56,2,3,0,43
1239,929,78,84,56,2,3,0,42
1240,926,78,87,55,2,3,0,42
1241,926,78,86,53,2,3,0,40
1242,928,78,85,52,2,3,0,37
1243,930,78,83,52,2,3,0,28
1244,935,79,78,52,2,3,0,33
1245,933,79,80,56,2,3,0,42
1246,932,79,81,61,2,3,0,60
1247,932,79,82,64,2,3,0,68
1248,933,79,81,67,2,3,0,74
1249,934,78,80,68,2,3,0,73
1250,937,78,76,68,2,3,0,65
1251,938,78,76,68,2,3,0,49
1252,939,78,75,67,2,3,0,34
1253,940,78,75,66,2,3,0,24
1254,941,78,74,67,2,3,0,21
1255,941,77,74,66,2,3,0,17
1256,941,77,74,66,2,3,0,13
1257,942,77,73,67,2,3,0,8
1258,943,77,72,68,2,3,0,5
1259,943,77,72,68,2,3,0,6
1260,944,78,71,67,2,3,0,8
1261,943,78,71,67,2,3,0,9
1262,943,78,70,67,2,3,0,8
1263,943,78,72,67,2,3,0,7
1264,944,78,70,68,2,3,0,5
1265,945,78,69,68,2,3,0,4
1266,946,78,67,67,2,3,0,3
1267,945,79,67,67,2,3,0,3
1268,944,79,68,67,2,3,0,2
1269,946,78,65,68,2,3,0,1
1270,946,78,65,68,2,3,0,1
1271,945,78,66,68,2,3,0,1
1272,945,78,65,67,2,3,0,1
1273,945,78,65,67,2,3,0,1
1274,945,78,66,67,2,3,0,1
1275,945,78,68,68,2,3,0,1
1276,945,78,68,68,2,3,0,1
1277,946,78,67,68,2,3,0,0
1278,944,78,69,68,2,3,0,0
1279,943,78,70,67,2,3,0,0
1280,943,78,70,67,2,3,0,0
1281,942,78,71,67,2,3,0,0
1282,941,78,72,68,2,3,0,0
1283,940,78,73,68,2,3,0,1
1284,941,78,74,67,2,3,0,1
1285,939,78,75,68,2,3,0,2
1286,939,78,75,68,2,3,0,2
1287,939,78,76,68,2,3,0,1
1288,938,78,76,68,2,3,0,0
1289,937,78,77,68,2,3,0,0
1290,936,78,78,67,2,3,0,0
1291,934,78,77,68,2,3,0,1
1292,934,78,78,67,2,3,0,2
1293,933,78,79,67,2,3,0,2
1294,933,78,79,67,2,3,0,1
1295,933,78,80,67,2,3,0,2
1296,932,78,81,67,2,3,0,2
1297,932,78,82,67,2,3,0,2
1298,932,78,83,67,2,3,0,1
1299,932,78,83,67,2,3,0,1
1300,930,78,85,67,2,3,0,0
1301,930,78,85,67,2,3,0,0
1302,930,78,83,67,2,3,0,0
1303,931,78,82,67,2,3,0,0
1304,930,78,83,67,2,3,0,0
1305,930,78,83,67,2,3,0,0
1306,930,78,84,67,2,3,0,0
1307,932,78,82,67,2,3,0,0
1308,932,78,83,68,2,3,0,0
1309,931,78,83,68,2,3,0,1
1310,928,77,87,68,2,3,0,2
1311,927,78,87,68,2,3,0,3
1312,928,78,87,68,2,3,0,3
1313,926,78,88,68,2,3,0,3
1314,928,78,86,68,2,3,0,2
1315,927,78,87,67,2,3,0,3
1316,928,77,86,67,2,3,0,4
1317,928,77,86,67,2,3,0,6
1318,930,77,84,68,2,3,0,6
1319,929,78,86,67,2,3,0,6
1320,930,77,84,67,2,3,0,4
1321,928,77,86,67,2,3,0,2
1322,929,77,85,67,2,3,0,2
1323,930,77,85,67,2,3,0,1
1324,926,77,88,67,2,3,0,2
1325,927,78,88,67,2,3,0,1
1326,926,78,88,67,2,3,0,1
1327,926,77,88,67,2,3,0,1
1328,927,78,87,67,2,3,0,1
1329,931,77,83,67,2,3,0,1
1330,929,77,84,68,2,3,0,1
1331,929,77,85,67,2,3,0,1
1332,931,77,83,68,2,3,0,1
1333,931,77,83,68,2,3,0,1
1334,928,78,83,66,2,3,0,1
1335,927,77,85,67,2,3,0,0
1336,925,78,88,67,2,3,0,1
1337,929,77,85,67,2,3,0,1
1338,929,77,85,67,2,3,0,2
1339,931,77,83,67,2,3,0,2
1340,930,77,84,67,2,3,0,1
1341,926,77,88,67,2,3,0,1
1342,927,78,86,66,2,3,0,1
1343,927,77,85,67,2,3,0,1
1344,924,77,87,67,2,3,0,1
1345,924,77,88,66,2,3,0,1
1346,925,77,88,66,2,3,0,1
1347,925,77,88,67,2,3,0,0
1348,925,77,86,67,2,3,0,1
1349,928,77,83,67,2,3,0,2
1350,927,77,85,67,2,3,0,5
1351,924,77,87,68,2,3,0,5
1352,924,78,88,67,2,3,0,7
1353,924,78,87,67,2,3,0,5
1354,926,78,86,67,2,3,0,5
1355,927,77,85,68,2,3,0,2
1356,926,77,87,67,2,3,0,2
1357,927,77,86,67,2,3,0,2
1358,927,78,87,68,2,3,0,2
1359,926,77,88,68,2,3,0,2
1360,926,78,88,68,2,3,0,3
1361,926,78,89,68,2,3,0,4
1362,925,78,89,68,2,3,0,5
1363,924,78,90,68,2,3,0,4
1364,924,78,90,67,2,3,0,3
1365,925,78,89,67,2,3,0,2
1366,925,78,89,67,2,3,0,2
1367,924,78,90,68,2,3,0,1
1368,924,77,90,68,2,3,0,1
1369,924,77,90,68,2,3,0,0
1370,926,77,88,69,2,3,0,0
1371,925,77,89,68,2,3,0,0
1372,925,77,89,68,2,3,0,0
1373,925,78,89,68,2,3,0,1
1374,926,78,89,68,2,3,0,1
1375,925,78,89,68,2,3,0,1
1376,925,78,89,68,2,3,0,1
1377,925,78,89,68,2,3,0,2
1378,925,78,89,68,2,3,0,2
1379,925,79,89,68,2,3,0,2
1380,924,78,90,68,2,3,0,1
1381,924,78,91,68,2,3,0,1
1382,924,78,91,68,2,3,0,0
1383,924,78,90,68,2,3,0,2
1384,925,78,90,68,2,3,0,2
1385,925,78,87,68,2,3,0,2
1386,924,78,87,68,2,3,0,0
1387,924,78,88,67,2,3,0,1
1388,923,78,87,68,2,3,0,1
1389,923,78,87,67,2,3,0,1
1390,922,78,91,68,2,3,0,0
1391,923,78,90,67,2,3,0,0
1392,923,79,89,67,2,3,0,0
1393,923,79,89,67,2,3,0,0
1394,924,79,88,67,2,3,0,1
1395,923,79,89,67,2,3,0,2
1396,924,78,89,67,2,3,0,2
1397,923,78,89,67,2,3,0,3
1398,923,78,89,67,2,3,0,3
1399,923,78,89,67,2,3,0,3
1400,923,78,89,67,2,3,0,2
1401,923,78,89,67,2,3,0,1
1402,922,77,89,68,2,3,0,1
1403,923,76,88,69,2,3,0,2
1404,924,77,87,68,2,3,0,3
1405,925,79,86,67,2,3,0,4
1406,925,78,86,68,2,3,0,2
1407,924,78,86,67,2,3,0,2
1408,924,78,86,67,2,3,0,1
1409,924,78,87,67,2,3,0,1
1410,925,78,86,68,2,3,0,1
1411,925,78,89,68,2,3,0,1
1412,925,78,89,68,2,3,0,1
1413,925,78,89,68,2,3,0,1
1414,927,77,88,68,2,3,0,1
1415,929,77,85,68,2,3,0,3
1416,925,78,89,67,2,3,0,5
1417,925,78,90,67,2,3,0,8
1418,924,77,90,67,2,3,0,7
1419,925,77,90,67,2,3,0,5
1420,924,77,91,68,2,3,0,2
1421,924,77,90,68,2,3,0,2
1422,924,77,91,68,2,3,0,3
1423,923,77,91,68,2,3,0,3
1424,923,78,91,68,2,3,0,3
1425,924,77,91,68,2,3,0,2
1426,926,77,89,68,2,3,0,2
1427,926,77,88,68,2,3,0,1
1428,926,77,86,68,2,3,0,1
1429,926,77,87,68,2,3,0,1
1430,928,77,85,68,2,3,0,1
1431,926,77,87,68,2,3,0,0
1432,926,77,87,68,2,3,0,0
1433,926,77,87,68,2,3,0,0
1434,927,77,86,68,2,3,0,0
1435,926,77,87,68,2,3,0,0
1436,924,77,91,68,2,3,0,0
1437,922,77,92,68,2,3,0,0
1438,922,77,93,68,2,3,0,0
1439,922,77,93,68,2,3,0,0
1440,922,77,92,68,2,3,0,1
1441,921,77,93,68,2,3,0,1
1442,921,77,94,68,2,3,0,2
1443,922,77,92,67,2,3,0,1
1444,922,77,92,67,2,3,0,1
1445,924,77,91,68,2,3,0,0
1446,923,77,91,68,2,3,0,0
1447,925,77,90,68,2,3,0,1
1448,922,76,92,68,2,3,0,1
1449,922,77,92,68,2,3,0,1
1450,924,77,91,68,2,3,0,1
1451,924,77,91,68,2,3,0,0
1452,923,76,91,68,2,3,0,1
1453,924,77,90,68,2,3,0,1
1454,927,77,88,68,2,3,0,1
1455,923,77,91,69,2,3,0,1
1456,924,77,91,68,2,3,0,1
1457,924,77,91,68,2,3,0,1
1458,925,77,90,68,2,3,0,1
1459,925,77,90,68,2,3,0,1
1460,924,77,91,68,2,3,0,1
1461,924,77,91,68,2,3,0,2
1462,924,77,91,68,2,3,0,2
1463,924,77,91,68,2,3,0,2
1464,923,77,92,68,2,3,0,2
1465,923,77,92,68,2,3,0,2
1466,924,77,91,68,2,3,0,1
1467,924,77,91,68,2,3,0,0
1468,923,77,92,68,2,3,0,0
1469,925,77,90,68,2,3,0,0
1470,924,77,90,68,2,3,0,0
1471,925,77,90,68,2,3,0,0
1472,925,77,90,68,2,3,0,0
1473,926,77,89,68,2,3,0,0
1474,927,77,87,68,2,3,0,0
1475,926,77,88,68,2,3,0,0
1476,925,77,89,68,2,3,0,1
1477,926,77,89,68,2,3,0,2
1478,925,77,89,68,2,3,0,1
1479,926,77,89,67,2,3,0,1
1480,929,77,86,68,2,3,0,1
1481,925,77,90,68,2,3,0,1
1482,925,77,90,67,2,3,0,2
1483,927,77,88,67,2,3,0,2
1484,926,77,89,67,2,3,0,1
1485,927,77,88,67,2,3,0,1
1486,925,77,89,68,2,3,0,1
1487,925,77,90,68,2,3,0,2
1488,924,77,91,68,2,3,0,3
1489,924,77,91,68,2,3,0,3
1490,924,77,91,68,2,3,0,2
1491,924,77,90,68,2,3,0,1
1492,925,77,90,68,2,3,0,0
1493,924,77,91,68,2,3,0,0
1494,925,77,90,68,2,3,0,0
1495,927,77,88,68,2,3,0,0
1496,927,77,88,68,2,3,0,0
1497,926,77,88,68,2,3,0,0
1498,926,77,88,68,2,3,0,1
1499,927,77,87,68,2,3,0,1
1500,926,77,88,67,2,3,0,2
1501,929,77,86,68,2,3,0,2
1502,929,77,86,67,2,3,0,2
1503,929,77,86,67,2,3,0,1
1504,929,77,86,67,2,3,0,1
1505,930,77,85,67,2,3,0,1
1506,936,77,78,67,2,3,0,1
1507,934,77,80,67,2,3,0,1
1508,936,77,78,67,2,3,0,1
1509,937,77,78,67,2,3,0,1
1510,939,77,75,67,2,3,0,1
1511,939,77,75,67,2,3,0,1
1512,939,76,75,68,2,3,0,2
1513,940,76,74,68,2,3,0,3
1514,940,76,74,67,2,3,0,2
1515,942,76,72,67,2,3,0,3
1516,942,77,72,67,2,3,0,2
1517,942,76,72,67,2,3,0,2
1518,942,76,72,67,2,3,0,2
1519,944,77,71,67,2,3,0,3
1520,943,77,71,67,2,3,0,2
1521,943,77,70,67,2,3,0,2
1522,943,77,71,67,2,3,0,3
1523,942,77,72,67,2,3,0,4
1524,939,77,75,68,2,3,0,3
1525,939,77,75,68,2,3,0,1
1526,938,77,76,67,2,3,0,2
1527,938,77,76,68,2,3,0,2
1528,936,77,77,68,2,3,0,2
1529,936,77,78,67,2,3,0,2
1530,936,77,77,67,2,3,0,2
1531,937,77,77,67,2,3,0,1
1532,935,77,79,67,2,3,0,1
1533,934,77,80,67,2,3,0,2
1534,934,77,79,67,2,3,0,3
1535,933,76,81,67,2,3,0,4
1536,931,76,82,67,2,3,0,4
1537,933,76,81,67,2,3,0,3
1538,932,77,82,67,2,3,0,2
1539,932,77,82,68,2,3,0,2
1540,931,76,82,67,2,3,0,2
1541,931,76,82,67,2,3,0,2
1542,931,77,83,67,2,3,0,2
1543,929,77,85,67,2,3,0,1
1544,930,77,84,67,2,3,0,1
1545,929,77,85,67,2,3,0,2
1546,928,77,86,67,2,3,0,2
1547,927,77,87,67,2,3,0,1
1548,923,77,90,67,2,3,0,1
1549,924,77,90,67,2,3,0,1
1550,923,77,90,67,2,3,0,1
1551,925,76,88,68,2,3,0,1
1552,926,76,84,67,2,3,0,1
1553,923,77,87,67,2,3,0,0
1554,922,78,89,66,2,3,0,0
1555,923,77,88,67,2,3,0,0
1556,925,76,86,68,2,3,0,0
1557,923,77,88,67,2,3,0,0
1558,924,77,89,67,2,3,0,1
1559,924,76,90,68,2,3,0,0
1560,925,76,89,68,2,3,0,1
1561,924,76,90,68,2,3,0,1
1562,924,77,89,67,2,3,0,1
1563,925,76,89,67,2,3,0,1
1564,924,76,89,67,2,3,0,1
1565,925,76,88,67,2,3,0,1
1566,925,77,88,67,2,3,0,1
1567,926,77,87,67,2,3,0,1
1568,927,77,87,67,2,3,0,2
1569,928,77,86,67,2,3,0,3
1570,929,77,85,67,2,3,0,4
1571,927,77,87,67,2,3,0,4
1572,923,76,91,67,2,3,0,4
1573,926,76,87,68,2,3,0,3
1574,926,76,87,68,2,3,0,2
1575,925,76,88,68,2,3,0,4
1576,927,76,86,68,2,3,0,4
1577,928,75,85,68,2,3,0,5
1578,926,75,87,68,2,3,0,4
1579,927,75,86,68,2,3,0,3
1580,928,75,84,68,2,3,0,3
1581,931,76,82,68,2,3,0,2
1582,929,75,84,68,2,3,0,2
1583,931,76,83,68,2,3,0,1
1584,930,76,83,67,2,3,0,1
1585,932,76,81,67,2,3,0,2
1586,928,77,86,67,2,3,0,3
1587,927,77,87,67,2,3,0,3
1588,927,77,87,67,2,3,0,4
1589,924,77,90,67,2,3,0,4
1590,924,77,89,67,2,3,0,4
1591,925,77,89,67,2,3,0,3
1592,925,77,89,67,2,3,0,1
1593,923,77,91,67,2,3,0,2
1594,923,77,91,67,2,3,0,2
1595,925,76,88,67,2,3,0,3
1596,927,76,87,68,2,3,0,3
1597,932,76,82,67,2,3,0,5
1598,932,76,82,67,2,3,0,7
1599,931,76,83,67,2,3,0,7
1600,931,76,84,67,2,3,0,6
1601,929,76,85,67,2,3,0,4
1602,928,75,86,68,2,3,0,4
1603,928,76,86,67,2,3,0,2
1604,931,75,83,68,2,3,0,2
1605,932,75,82,68,2,3,0,1
1606,928,75,87,68,2,3,0,2
1607,925,75,89,68,2,3,0,2
1608,923,76,91,67,2,3,0,4
1609,925,77,89,67,2,3,0,5
1610,924,77,91,67,2,3,0,6
1611,924,77,91,67,2,3,0,7
1612,925,77,90,67,2,3,0,6
1613,923,77,92,67,2,3,0,7
1614,924,77,91,67,2,3,0,7
1615,923,78,92,67,2,3,0,8
1616,924,78,91,67,2,3,0,8
1617,924,78,91,67,2,3,0,9
1618,924,78,92,68,2,3,0,9
1619,924,78,90,68,2,3,0,8
1620,926,78,89,68,2,3,0,7
1621,929,78,86,68,2,3,0,5
1622,926,77,89,67,2,3,0,6
1623,926,77,89,67,2,3,0,7
1624,930,77,85,67,2,3,0,9
1625,927,77,88,67,2,3,0,10
1626,929,77,86,67,2,3,0,9
1627,930,77,85,67,2,3,0,6
1628,931,77,84,67,2,3,0,3
1629,930,77,85,67,2,3,0,2
1630,930,77,85,67,2,3,0,1
1631,930,77,85,67,2,3,0,0
1632,925,77,89,67,2,3,0,0
1633,927,77,88,67,2,3,0,0
1634,926,77,89,67,2,3,0,0
1635,928,77,87,67,2,3,0,0
1636,925,77,89,67,2,3,0,0
1637,930,77,85,68,2,3,0,1
1638,933,77,82,68,2,3,0,4
1639,932,77,83,66,2,3,0,7
1640,927,77,89,66,2,3,0,11
1641,924,77,90,65,2,3,0,11
1642,927,77,88,66,2,3,0,13
1643,926,78,89,65,2,3,0,16
1644,925,78,91,64,2,3,0,24
1645,924,78,92,61,2,3,0,35
1646,929,78,87,58,2,3,0,48
1647,932,78,83,54,2,3,0,63
1648,934,78,82,51,2,3,0,78
1649,938,78,78,47,2,3,0,72
1650,933,77,82,64,2,3,0,62
1651,934,77,82,66,2,3,0,50
1652,932,77,83,65,2,3,0,76
1653,930,77,85,67,2,3,0,91
1654,932,77,83,76,2,3,0,88
1655,935,77,81,67,2,3,0,57
1656,933,77,82,68,2,3,0,34
1657,938,78,77,66,2,3,0,21
1658,939,78,77,66,2,3,0,24
1659,939,78,76,66,2,3,0,20
1660,942,78,73,66,2,3,0,21
1661,941,78,74,66,2,3,0,9
1662,942,78,73,66,2,3,0,9
1663,944,78,72,67,2,3,0,7
1664,943,78,72,67,2,3,0,9
1665,943,78,72,67,2,3,0,7
1666,944,78,71,68,2,3,0,6
1667,944,77,71,68,2,3,0,4
1668,946,77,70,68,2,3,0,3
1669,945,77,69,68,2,3,0,2
1670,946,77,68,68,2,3,0,2
1671,945,77,69,68,2,3,0,2
1672,947,77,68,68,2,3,0,4
1673,947,77,67,67,2,3,0,5
1674,945,77,70,67,2,3,0,7
1675,945,77,69,67,2,3,0,6
1676,945,77,70,67,2,3,0,5
1677,945,77,70,67,2,3,0,3
1678,943,77,72,67,2,3,0,3
1679,943,77,71,67,2,3,0,3
1680,942,77,72,68,2,3,0,4
1681,941,78,73,67,2,3,0,5
1682,942,78,72,67,2,3,0,4
1683,943,78,71,67,2,3,0,4
1684,943,77,72,67,2,3,0,2
1685,942,77,73,67,2,3,0,2
1686,942,78,73,67,2,3,0,2
1687,941,78,75,67,2,3,0,1
1688,940,78,75,68,2,3,0,2
1689,939,78,76,68,2,3,0,3
1690,938,78,76,68,2,3,0,4
1691,938,78,77,68,2,3,0,4
1692,938,78,76,68,2,3,0,3
1693,935,78,79,68,2,3,0,3
1694,934,77,81,68,2,3,0,3
1695,932,77,83,68,2,3,0,4
1696,933,77,82,68,2,3,0,5
1697,931,77,83,68,2,3,0,6
1698,932,77,83,68,2,3,0,5
1699,932,77,83,68,2,3,0,4
1700,930,77,85,68,2,3,0,3
1701,930,78,85,68,2,3,0,3
1702,931,78,84,68,2,3,0,2
1703,931,77,84,68,2,3,0,1
1704,930,77,85,68,2,3,0,1
1705,929,77,86,68,2,3,0,0
1706,929,78,86,67,2,3,0,0
1707,929,78,87,67,2,3,0,0
1708,927,78,88,67,2,3,0,1
1709,926,78,89,67,2,3,0,2
1710,924,79,91,67,2,3,0,3
1711,924,79,91,67,2,3,0,2
1712,924,79,91,67,2,3,0,2
1713,924,79,92,67,2,3,0,3
1714,924,79,92,67,2,3,0,3
1715,925,79,90,67,2,3,0,4
1716,923,79,91,66,2,3,0,3
1717,924,78,91,67,2,3,0,3
1718,924,79,91,67,2,3,0,2
1719,923,78,91,67,2,3,0,3
1720,923,78,91,67,2,3,0,2
1721,923,78,91,67,2,3,0,2
1722,923,78,91,68,2,3,0,1
1723,922,78,92,67,2,3,0,0
1724,923,78,89,68,2,3,0,0
1725,923,78,92,67,2,3,0,0
1726,923,78,92,67,2,3,0,0
1727,923,78,92,67,2,3,0,0
1728,925,78,89,67,2,3,0,2
1729,923,78,88,67,2,3,0,1
1730,925,78,86,67,2,3,0,2
1731,925,78,86,67,2,3,0,1
1732,925,78,86,68,2,3,0,1
1733,926,78,84,67,2,3,0,0
1734,924,77,89,68,2,3,0,0
1735,923,77,88,68,2,3,0,0
1736,927,78,85,67,2,3,0,2
1737,928,78,83,67,2,3,0,4
1738,924,78,87,66,2,3,0,6
1739,926,78,86,66,2,3,0,6
1740,928,77,87,67,2,3,0,7
1741,927,77,88,67,2,3,0,6
1742,926,77,89,67,2,3,0,4
1743,923,77,91,67,2,3,0,2
1744,923,77,92,67,2,3,0,2
1745,923,77,92,67,2,3,0,3
1746,923,78,92,67,2,3,0,5
1747,922,78,93,68,2,3,0,6
1748,923,78,92,68,2,3,0,7
1749,925,77,91,68,2,3,0,6
1750,922,78,87,68,2,3,0,6
1751,924,78,86,67,2,3,0,3
1752,925,78,86,68,2,3,0,2
1753,927,77,84,68,2,3,0,1
1754,931,78,79,67,2,3,0,1
1755,928,78,82,67,2,3,0,2
1756,925,77,87,68,2,3,0,3
1757,923,77,90,69,2,3,0,3
1758,924,78,88,68,2,3,0,1
1759,924,78,89,68,2,3,0,1
1760,924,78,88,68,2,3,0,1
1761,923,78,90,68,2,3,0,1
1762,923,77,88,69,2,3,0,1
1763,924,79,87,67,2,3,0,0
1764,923,79,87,67,2,3,0,0
1765,923,78,87,68,2,3,0,0
1766,924,78,90,68,2,3,0,1
1767,924,79,87,67,2,3,0,3
1768,924,79,86,68,2,3,0,4
1769,924,80,86,67,2,3,0,3
1770,925,79,87,67,2,3,0,3
1771,928,78,85,68,2,3,0,2
1772,925,79,85,68,2,3,0,2
1773,925,79,87,67,2,3,0,2
1774,926,79,86,67,2,3,0,1
1775,924,79,86,67,2,3,0,1
1776,925,78,86,68,2,3,0,3
1777,924,77,89,68,2,3,0,5
1778,927,77,88,68,2,3,0,8
1779,924,78,88,67,2,3,0,10
1780,928,77,86,68,2,3,0,10
1781,925,76,88,68,2,3,0,9
1782,926,77,88,68,2,3,0,6
1783,924,77,89,67,2,3,0,4
1784,924,77,90,68,2,3,0,2
1785,927,77,87,68,2,3,0,4
1786,925,77,88,68,2,3,0,5
1787,928,78,86,68,2,3,0,7
1788,924,78,89,68,2,3,0,7
1789,924,78,89,68,2,3,0,7
1790,925,78,90,68,2,3,0,7
1791,924,79,90,67,2,3,0,7
1792,925,79,89,67,2,3,0,6
1793,924,79,89,67,2,3,0,5
1794,924,79,89,67,2,3,0,4
1795,924,79,90,68,2,3,0,4
1796,925,79,90,68,2,3,0,4
1797,925,78,89,68,2,3,0,5
1798,928,77,86,68,2,3,0,6
1799,928,77,86,68,2,3,0,8
1800,923,78,91,67,2,3,0,10
1801,923,78,89,67,2,3,0,13
1802,924,77,89,67,2,3,0,11
1803,924,77,88,67,2,3,0,9
1804,924,77,90,67,2,3,0,7
1805,923,77,89,67,2,3,0,7
1806,923,77,89,67,2,3,0,6
1807,922,77,90,67,2,3,0,5
1808,923,77,90,67,2,3,0,6
1809,923,78,90,67,2,3,0,8
1810,927,78,88,67,2,3,0,8
1811,925,78,89,67,2,3,0,8
1812,925,79,88,67,2,3,0,8
1813,927,78,86,67,2,3,0,6
1814,924,79,89,67,2,3,0,5
1815,924,79,89,67,2,3,0,4
1816,925,79,89,67,2,3,0,3
1817,924,79,88,67,2,3,0,2
1818,925,78,87,68,2,3,0,1
1819,925,78,88,67,2,3,0,2
1820,926,78,88,67,2,3,0,4
1821,926,77,87,68,2,3,0,7
1822,923,77,90,68,2,3,0,8
1823,923,77,91,67,2,3,0,8
1824,923,77,91,67,2,3,0,8
1825,923,77,91,67,2,3,0,6
1826,923,77,91,67,2,3,0,5
1827,923,77,91,67,2,3,0,3
1828,923,77,90,68,2,3,0,2
1829,924,77,90,67,2,3,0,1
1830,925,77,89,67,2,3,0,0
1831,924,77,89,67,2,3,0,0
1832,925,77,89,67,2,3,0,1
1833,925,77,90,67,2,3,0,3
1834,925,78,90,68,2,3,0,6
1835,925,78,88,68,2,3,0,8
1836,927,78,87,68,2,3,0,9
1837,929,78,86,68,2,3,0,9
1838,925,78,89,68,2,3,0,8
1839,924,78,90,68,2,3,0,6
1840,924,79,90,67,2,3,0,4
1841,924,78,89,68,2,3,0,2
1842,926,77,88,69,2,3,0,2
1843,927,78,84,67,2,3,0,3
1844,925,77,86,68,2,3,0,4
1845,925,78,86,67,2,3,0,4
1846,924,78,86,67,2,3,0,5
1847,923,78,87,67,2,3,0,5
1848,923,78,88,67,2,3,0,5
1849,923,78,90,67,2,3,0,6
1850,924,77,90,67,2,3,0,6
1851,926,77,89,67,2,3,0,7
1852,926,77,89,67,2,3,0,6
1853,926,77,89,67,2,3,0,5
1854,924,78,91,67,2,3,0,5
1855,924,78,90,67,2,3,0,6
1856,925,78,90,67,2,3,0,7
1857,925,78,89,67,2,3,0,7
1858,925,78,89,68,2,3,0,6
1859,924,78,90,67,2,3,0,5
1860,925,78,89,68,2,3,0,4
1861,925,78,90,68,2,3,0,4
1862,926,78,89,68,2,3,0,4
1863,926,78,89,68,2,3,0,3
1864,926,78,89,68,2,3,0,3
1865,926,78,89,68,2,3,0,2
1866,925,78,90,68,2,3,0,3
1867,927,78,89,68,2,3,0,3
1868,925,77,90,68,2,3,0,4
1869,925,78,91,68,2,3,0,4
1870,926,77,90,67,2,3,0,6
1871,926,77,90,68,2,3,0,7
1872,926,77,90,67,2,3,0,6
1873,926,77,90,67,2,3,0,7
1874,925,77,91,67,2,3,0,5
1875,925,77,91,67,2,3,0,5
1876,926,77,90,67,2,3,0,4
1877,925,77,91,67,2,3,0,5
1878,923,78,92,67,2,3,0,5
1879,925,77,89,68,2,3,0,6
1880,925,78,87,67,2,3,0,6
1881,925,79,86,66,2,3,0,7
1882,925,78,88,67,2,3,0,6
1883,925,78,86,67,2,3,0,4
1884,924,78,89,67,2,3,0,2
1885,924,77,88,68,2,3,0,1
1886,923,78,92,67,2,3,0,1
1887,924,78,92,67,2,3,0,0
1888,924,78,92,67,2,3,0,0
1889,925,78,90,67,2,3,0,0
1890,925,78,90,67,2,3,0,0
1891,925,78,91,67,2,3,0,1
1892,925,78,91,67,2,3,0,3
1893,926,78,90,67,2,3,0,5
1894,925,77,91,67,2,3,0,6
1895,925,77,89,67,2,3,0,7
1896,925,77,90,67,2,3,0,7
1897,925,77,89,67,2,3,0,7
1898,925,77,90,67,2,3,0,6
1899,925,77,90,67,2,3,0,5
1900,925,77,90,67,2,3,0,3
1901,924,77,90,67,2,3,0,2
1902,924,77,90,67,2,3,0,1
1903,925,77,90,67,2,3,0,2
1904,925,77,90,67,2,3,0,2
1905,925,78,90,67,2,3,0,3
1906,925,77,90,67,2,3,0,2
1907,926,77,89,67,2,3,0,5
1908,925,77,90,68,2,3,0,7
1909,926,78,90,68,2,3,0,8
1910,925,78,91,68,2,3,0,7
1911,925,78,90,68,2,3,0,8
1912,925,78,90,68,2,3,0,8
1913,925,78,89,68,2,3,0,7
1914,925,77,90,68,2,3,0,5
1915,925,77,90,68,2,3,0,5
1916,926,77,89,68,2,3,0,5
1917,927,77,88,68,2,3,0,5
1918,926,77,88,68,2,3,0,4
1919,926,77,88,68,2,3,0,3
1920,926,77,89,67,2,3,0,3
1921,926,77,88,67,2,3,0,2
1922,927,77,88,67,2,3,0,2
1923,927,77,87,67,2,3,0,2
1924,926,77,88,67,2,3,0,2
1925,926,77,88,67,2,3,0,1
1926,925,77,90,67,2,3,0,2
1927,926,77,89,67,2,3,0,3
1928,926,78,89,67,2,3,0,4
1929,927,78,89,67,2,3,0,4
1930,926,78,89,67,2,3,0,5
1931,926,78,90,67,2,3,0,6
1932,923,78,91,68,2,3,0,7
1933,923,78,92,68,2,3,0,6
1934,923,78,92,68,2,3,0,6
1935,923,78,93,68,2,3,0,5
1936,923,78,93,68,2,3,0,4
1937,923,78,93,68,2,3,0,3
1938,923,78,93,68,2,3,0,2
1939,923,78,93,67,2,3,0,2
1940,924,78,92,67,2,3,0,4
1941,924,78,92,68,2,3,0,6
1942,924,77,92,67,2,3,0,9
1943,924,77,92,67,2,3,0,10
1944,924,77,92,67,2,3,0,10
1945,924,77,92,67,2,3,0,10
1946,924,77,92,67,2,3,0,8
1947,924,77,92,67,2,3,0,5
1948,924,77,92,67,2,3,0,2
1949,924,77,92,67,2,3,0,1
1950,923,77,93,67,2,3,0,0
1951,923,77,93,67,2,3,0,1
1952,923,77,92,67,2,3,0,2
1953,924,78,92,67,2,3,0,2
1954,924,77,92,68,2,3,0,2
1955,925,77,91,68,2,3,0,2
1956,924,77,91,68,2,3,0,2
1957,924,77,92,68,2,3,0,2
1958,925,77,91,67,2,3,0,1
1959,926,77,90,67,2,3,0,1
1960,926,77,90,67,2,3,0,0
1961,926,77,90,67,2,3,0,1
1962,925,77,90,67,2,3,0,1
1963,924,77,91,67,2,3,0,1
1964,925,77,90,67,2,3,0,0
1965,926,77,89,67,2,3,0,0
1966,925,77,90,67,2,3,0,0
1967,926,77,89,67,2,3,0,0
1968,926,77,89,67,2,3,0,0
1969,926,77,89,67,2,3,0,0
1970,927,77,88,67,2,3,0,0
1971,927,77,88,67,2,3,0,0
1972,927,77,88,67,2,3,0,0
1973,927,77,88,67,2,3,0,1
1974,927,77,88,67,2,3,0,1
1975,927,77,87,67,2,3,0,0
1976,927,77,88,67,2,3,0,0
1977,927,77,88,67,2,3,0,0
1978,927,77,88,67,2,3,0,1
1979,926,77,88,67,2,3,0,2
1980,925,78,89,67,2,3,0,3
1981,925,78,89,67,2,3,0,3
1982,925,78,89,66,2,3,0,2
1983,926,77,89,67,2,3,0,2
1984,926,77,89,66,2,3,0,1
1985,925,78,90,66,2,3,0,0
1986,925,78,89,66,2,3,0,1
1987,925,78,89,66,2,3,0,1
1988,926,77,90,67,2,3,0,1
1989,926,77,90,67,2,3,0,0
1990,926,77,90,67,2,3,0,1
1991,925,77,90,67,2,3,0,1
1992,925,77,90,67,2,3,0,1
1993,925,77,90,67,2,3,0,1
1994,925,77,90,67,2,3,0,1
1995,924,77,91,67,2,3,0,1
1996,923,77,90,67,2,3,0,1
1997,923,77,90,66,2,3,0,2
1998,923,77,90,66,2,3,0,2
1999,923,77,90,66,2,3,0,1
2000,923,77,90,67,2,3,0,1
2001,924,77,91,67,2,3,0,1
2002,924,77,91,67,2,3,0,2
2003,925,77,90,67,2,3,0,2
2004,925,77,90,67,2,3,0,2
2005,925,77,90,67,2,3,0,3
2006,925,77,90,67,2,3,0,5
2007,924,78,90,67,2,3,0,7
2008,924,78,90,67,2,3,0,7
2009,926,78,89,67,2,3,0,6
2010,926,77,89,68,2,3,0,5
2011,924,78,90,67,2,3,0,4
2012,924,78,89,67,2,3,0,4
2013,924,79,90,67,2,3,0,3
2014,925,79,89,67,2,3,0,2
2015,925,79,89,67,2,3,0,1
2016,926,78,88,67,2,3,0,0
2017,925,78,87,67,2,3,0,2
2018,925,78,88,67,2,3,0,3
2019,925,78,88,67,2,3,0,4
2020,926,78,87,67,2,3,0,3
2021,925,78,90,67,2,3,0,2
2022,924,78,90,67,2,3,0,1
2023,924,78,90,67,2,3,0,1
2024,925,78,90,67,2,3,0,2
2025,924,78,91,67,2,3,0,2
2026,924,78,90,67,2,3,0,1
2027,924,78,91,67,2,3,0,1
2028,923,78,91,67,2,3,0,1
2029,924,78,89,67,2,3,0,1
2030,925,78,88,67,2,3,0,1
2031,927,78,88,68,2,3,0,1
2032,926,78,89,68,2,3,0,2
2033,925,78,89,68,2,3,0,2
2034,925,78,89,68,2,3,0,4
2035,925,78,89,68,2,3,0,4
2036,925,79,89,67,2,3,0,4
2037,925,78,89,67,2,3,0,3
2038,926,78,89,67,2,3,0,3
2039,925,78,90,67,2,3,0,2
2040,925,78,90,67,2,3,0,2
2041,926,79,88,67,2,3,0,2
2042,926,78,87,68,2,3,0,2
2043,926,78,89,68,2,3,0,1
2044,925,78,90,67,2,3,0,0
2045,925,78,90,67,2,3,0,0
2046,926,78,89,67,2,3,0,0
2047,925,78,89,68,2,3,0,1
2048,925,78,89,67,2,3,0,0
2049,925,78,89,67,2,3,0,0
2050,925,78,90,67,2,3,0,0
2051,929,78,85,67,2,3,0,0
2052,926,78,86,67,2,3,0,0
2053,927,78,86,67,2,3,0,0
2054,928,78,85,68,2,3,0,0
2055,927,78,86,68,2,3,0,1
2056,925,78,87,68,2,3,0,1
2057,926,79,86,67,2,3,0,2
2058,924,77,89,68,2,3,0,1
2059,924,79,90,67,2,3,0,1
2060,923,78,88,68,2,3,0,0
2061,925,78,87,67,2,3,0,0
2062,925,78,88,67,2,3,0,0
2063,927,78,85,68,2,3,0,0
2064,924,79,87,67,2,3,0,0
2065,924,79,87,67,2,3,0,0
2066,924,79,87,67,2,3,0,0
2067,924,79,90,67,2,3,0,1
2068,924,78,91,67,2,3,0,2
2069,923,78,91,67,2,3,0,4
2070,924,78,90,67,2,3,0,5
2071,924,78,91,67,2,3,0,4
2072,924,78,91,67,2,3,0,3
2073,925,78,90,67,2,3,0,2
2074,925,78,89,67,2,3,0,1
2075,923,78,89,67,2,3,0,1
2076,924,78,89,68,2,3,0,1
2077,925,78,86,67,2,3,0,1
2078,923,79,88,67,2,3,0,1
2079,925,78,87,67,2,3,0,1
2080,923,78,88,67,2,3,0,0
2081,923,79,87,67,2,3,0,1
2082,923,79,87,67,2,3,0,1
2083,924,79,86,66,2,3,0,2
2084,924,79,87,67,2,3,0,3
2085,925,79,86,67,2,3,0,3
2086,924,79,87,67,2,3,0,2
2087,925,79,86,67,2,3,0,1
2088,924,79,87,66,2,3,0,2
2089,924,78,88,67,2,3,0,3
2090,924,78,87,67,2,3,0,3
2091,924,79,89,66,2,3,0,2
2092,924,79,89,66,2,3,0,1
2093,924,79,90,66,2,3,0,1
2094,924,79,89,66,2,3,0,1
2095,924,79,89,66,2,3,0,1
2096,924,79,89,66,2,3,0,1
2097,924,79,90,66,2,3,0,0
2098,924,79,90,66,2,3,0,0
2099,924,79,90,66,2,3,0,1
2100,925,79,90,67,2,3,0,2
2101,925,78,90,67,2,3,0,2
2102,924,78,91,67,2,3,0,2
2103,925,78,90,67,2,3,0,2
2104,926,78,89,67,2,3,0,2
2105,926,78,89,67,2,3,0,2
2106,926,78,89,67,2,3,0,2
2107,925,78,89,67,2,3,0,1
2108,924,79,90,66,2,3,0,2
2109,923,77,90,68,2,3,0,1
2110,924,77,88,68,2,3,0,1
2111,925,79,86,66,2,3,0,1
2112,924,78,87,67,2,3,0,2
2113,924,78,86,67,2,3,0,2
2114,925,78,87,66,2,3,0,3
2115,924,78,87,66,2,3,0,3
2116,926,78,90,67,2,3,0,3
2117,925,78,90,67,2,3,0,4
2118,926,78,89,66,2,3,0,4
2119,926,78,89,66,2,3,0,4
2120,925,78,89,66,2,3,0,2
2121,925,78,90,67,2,3,0,2
2122,925,78,90,66,2,3,0,1
2123,925,78,90,67,2,3,0,1
2124,924,78,88,67,2,3,0,3
2125,926,78,88,67,2,3,0,3
2126,924,78,90,67,2,3,0,5
2127,924,78,90,66,2,3,0,8
2128,924,78,90,65,2,3,0,13
2129,924,78,90,64,2,3,0,18
2130,926,78,88,63,2,3,0,20
2131,925,78,90,63,2,3,0,21
2132,924,78,91,63,2,3,0,20
2133,925,78,90,62,2,3,0,19
2134,927,78,87,62,2,3,0,16
2135,927,77,87,62,2,3,0,13
2136,927,78,88,61,2,3,0,10
2137,925,78,89,61,2,3,0,8
2138,924,78,91,61,2,3,0,27
2139,925,78,90,50,2,3,0,36
2140,932,78,82,44,2,3,0,56
0,581,74,78,35,3,9,0,3
1,581,73,80,35,3,9,0,2
2,581,73,80,35,3,9,0,3
3,580,73,81,35,3,9,0,4
4,580,74,79,34,3,9,0,5
5,580,74,80,35,3,9,0,6
6,581,74,80,34,3,9,0,6
7,581,74,80,35,3,9,0,8
8,581,74,81,35,3,9,0,9
9,581,74,80,35,3,9,0,9
10,580,74,81,36,3,9,0,7
11,581,74,81,36,3,9,0,7
12,581,74,79,35,3,9,0,7
13,582,75,80,36,3,9,0,8
14,582,75,80,36,3,9,0,7
15,582,74,80,36,3,9,0,4
16,582,74,79,35,3,9,0,4
17,581,74,81,36,3,9,0,4
18,580,74,82,36,3,9,0,6
19,580,74,81,35,3,9,0,5
20,580,74,81,36,3,9,0,5
21,580,74,81,36,3,9,0,3
22,580,74,81,36,3,9,0,3
23,581,74,79,35,3,9,0,3
24,580,74,80,35,3,9,0,3
25,580,74,80,35,3,9,0,4
26,581,74,80,35,3,9,0,4
27,581,73,79,35,3,9,0,4
28,581,74,80,35,3,9,0,2
29,581,74,80,35,3,9,0,2
30,582,74,79,35,3,9,0,4
31,581,74,79,35,3,9,0,9
32,581,75,81,36,3,9,0,13
33,581,75,82,36,3,9,0,12
34,580,75,82,36,3,9,0,9
35,580,74,82,35,3,9,0,5
36,580,74,80,35,3,9,0,6
37,580,74,82,36,3,9,0,8
38,580,74,81,35,3,9,0,10
39,580,74,81,35,3,9,0,10
40,580,74,80,35,3,9,0,9
41,581,74,81,36,3,9,0,8
42,581,74,81,36,3,9,0,6
43,581,74,78,35,3,9,0,5
44,580,74,77,35,3,9,0,4
45,581,74,75,34,3,9,0,6
46,581,74,75,34,3,9,0,6
47,581,74,75,34,3,9,0,6
54,580,74,82,36,3,9,0,3
55,581,74,81,34,3,9,0,4
56,580,75,82,36,3,9,0,4
57,580,75,82,36,3,9,0,4
62,581,74,82,36,3,9,0,2
63,580,74,83,35,3,9,0,2
64,580,74,82,35,3,9,0,2
65,581,74,81,35,3,9,0,4
66,580,74,81,34,3,9,0,7
67,581,74,79,34,3,9,0,9
68,580,74,77,33,3,9,0,10
69,581,74,78,33,3,9,0,10
70,580,73,80,34,3,9,0,8
71,581,73,80,35,3,9,0,6
72,581,73,80,35,3,9,0,4
73,581,73,79,34,3,9,0,4
74,581,74,80,34,3,9,0,4
75,581,74,80,34,3,9,0,4
76,580,74,81,34,3,9,0,4
77,581,74,81,34,3,9,0,3
78,581,73,81,35,3,9,0,6
79,581,74,80,34,3,9,0,6
80,581,74,77,33,3,9,0,6
81,581,74,80,34,3,9,0,3
82,581,74,80,35,3,9,0,3
83,580,74,81,35,3,9,0,3
84,580,74,80,35,3,9,0,4
85,581,74,79,35,3,9,0,4
86,581,74,79,34,3,9,0,4
87,581,75,81,34,3,9,0,5
88,580,74,82,35,3,9,0,10
91,576,73,82,33,3,9,0,11
92,579,74,78,32,3,9,0,10
98,577,73,84,35,3,9,0,5
99,578,74,84,34,3,9,0,3
100,580,74,83,35,3,9,0,2
101,577,75,85,34,3,9,0,3
109,579,73,84,35,3,9,0,5
110,578,73,84,36,3,9,0,5
111,579,74,83,36,3,9,0,3
112,579,74,82,34,3,9,0,2
113,581,75,80,34,3,9,0,1
114,578,75,82,33,3,9,0,1
118,580,74,82,35,3,9,0,0
130,579,74,83,35,3,9,0,0
131,579,74,84,35,3,9,0,0
132,577,74,85,34,3,9,0,0
133,578,74,83,34,3,9,0,0
134,578,74,84,34,3,9,0,0
135,579,74,83,34,3,9,0,1
139,578,74,83,34,3,9,0,1
140,580,74,80,34,3,9,0,2
141,579,74,82,35,3,9,0,2
142,579,74,82,35,3,9,0,2
143,580,74,82,35,3,9,0,1
144,579,73,81,35,3,9,0,1
168,581,73,78,35,3,9,0,0
169,581,74,78,35,3,9,0,0
171,580,74,79,34,3,9,0,0
193,580,74,80,34,3,9,0,0
194,580,74,80,34,3,9,0,0
198,580,74,81,35,3,9,0,0
203,580,74,81,34,3,9,0,0
211,580,74,80,35,3,9,0,0
214,580,74,82,35,3,9,0,0
215,580,74,79,34,3,9,0,0
216,581,74,77,34,3,9,0,0
222,580,73,79,35,3,9,0,0
223,580,73,79,35,3,9,0,0
228,580,74,83,35,3,9,0,0
229,580,74,83,35,3,9,0,0
230,581,73,82,35,3,9,0,0
231,580,73,83,35,3,9,0,1
232,580,74,83,35,3,9,0,3
233,580,74,83,35,3,9,0,4
236,581,74,80,33,3,9,0,3
237,581,74,80,34,3,9,0,3
238,582,74,80,34,3,9,0,3
239,582,74,79,33,3,9,0,3
242,580,73,81,35,3,9,0,2
243,580,73,82,35,3,9,0,1
244,581,73,80,34,3,9,0,2
245,581,73,81,34,3,9,0,2
246,581,73,80,34,3,9,0,2
248,582,73,78,34,3,9,0,2
268,580,74,83,35,3,9,0,3
269,580,75,84,36,3,9,0,5
270,579,75,84,36,3,9,0,5
271,579,75,84,36,3,9,0,5
272,579,74,83,35,3,9,0,3
273,579,75,83,34,3,9,0,3
274,580,74,82,35,3,9,0,3
275,578,75,84,36,3,9,0,3
276,579,76,84,35,3,9,0,7
277,581,76,83,35,3,9,0,8
278,581,76,83,35,3,9,0,10
279,581,76,83,35,3,9,0,7
280,580,76,83,34,3,9,0,7
282,581,76,81,34,3,9,0,7
283,581,76,83,34,3,9,0,9
284,580,75,84,34,3,9,0,8
285,581,75,81,34,3,9,0,7
314,585,74,72,34,3,9,0,5
0,1179,100,51,66,4,4,0,3
1,1178,100,51,67,4,4,0,5
2,1178,100,51,67,4,4,0,6
3,1178,100,52,68,4,4,0,7
4,1178,101,51,67,4,4,0,5
5,1178,101,51,67,4,4,0,4
6,1179,101,50,66,4,4,0,2
7,1179,101,50,66,4,4,0,1
8,1179,101,50,66,4,4,0,2
9,1179,101,51,67,4,4,0,4
10,1179,101,51,68,4,4,0,5
11,1179,101,50,68,4,4,0,4
12,1179,101,50,67,4,4,0,3
13,1180,101,50,67,4,4,0,2
14,1180,101,50,67,4,4,0,3
15,1179,101,50,67,4,4,0,3
16,1179,101,50,67,4,4,0,3
17,1179,101,50,67,4,4,0,3
18,1179,101,50,67,4,4,0,2
19,1179,100,50,67,4,4,0,4
20,1178,100,51,67,4,4,0,4
21,1178,100,50,66,4,4,0,4
22,1178,100,50,67,4,4,0,3
23,1178,101,50,66,4,4,0,2
24,1179,101,50,66,4,4,0,1
25,1179,101,50,66,4,4,0,1
26,1179,101,50,66,4,4,0,2
27,1179,101,50,66,4,4,0,4
28,1179,101,50,65,4,4,0,4
29,1179,101,50,65,4,4,0,4
30,1179,100,50,67,4,4,0,5
31,1179,100,50,68,4,4,0,7
32,1179,102,50,63,4,4,0,7
33,1179,102,50,63,4,4,0,7
34,1180,102,50,63,4,4,0,5
35,1180,102,50,62,4,4,0,7
36,1179,101,50,65,4,4,0,7
37,1179,102,51,63,4,4,0,10
38,1179,102,50,65,4,4,0,9
39,1180,102,50,65,4,4,0,14
40,1179,101,49,66,4,4,0,14
41,1179,101,49,68,4,4,0,17
43,1179,101,50,67,4,4,0,12
44,1178,102,51,66,4,4,0,11
45,1178,101,52,65,4,4,0,6
46,1178,101,52,67,4,4,0,4
47,1178,101,52,67,4,4,0,3
48,1178,100,51,68,4,4,0,2
49,1178,101,51,68,4,4,0,4
50,1178,101,51,68,4,4,0,5
51,1178,101,51,67,4,4,0,5
52,1178,101,51,68,4,4,0,3
53,1178,101,51,67,4,4,0,2
54,1179,101,51,69,4,4,0,2
55,1179,101,51,68,4,4,0,1
56,1179,101,51,68,4,4,0,1
57,1179,102,51,68,4,4,0,3
58,1179,101,51,68,4,4,0,7
59,1180,101,49,65,4,4,0,10
60,1180,101,49,64,4,4,0,12
61,1180,101,49,66,4,4,0,11
62,1180,101,49,65,4,4,0,12
63,1180,101,49,66,4,4,0,10
64,1179,101,49,65,4,4,0,8
65,1179,101,49,67,4,4,0,5
66,1179,100,50,67,4,4,0,4
67,1178,100,50,67,4,4,0,3
68,1178,100,50,67,4,4,0,3
69,1178,100,50,67,4,4,0,2
70,1178,100,50,67,4,4,0,2
71,1178,100,50,67,4,4,0,2
72,1178,100,50,68,4,4,0,2
73,1178,100,50,68,4,4,0,1
74,1178,100,50,67,4,4,0,0
75,1178,100,50,67,4,4,0,0
76,1178,100,50,67,4,4,0,0
77,1178,100,50,67,4,4,0,0
78,1178,100,50,67,4,4,0,1
79,1179,100,50,68,4,4,0,1
80,1179,100,50,68,4,4,0,2
81,1179,100,50,68,4,4,0,2
82,1179,100,50,68,4,4,0,2
83,1179,101,49,66,4,4,0,2
84,1179,101,50,67,4,4,0,2
85,1179,101,50,68,4,4,0,2
86,1179,101,49,68,4,4,0,5
87,1179,101,50,68,4,4,0,9
88,1178,101,50,70,4,4,0,12
89,1178,100,50,70,4,4,0,12
90,1178,100,50,70,4,4,0,12
91,1178,99,51,72,4,4,0,10
92,1178,100,51,71,4,4,0,7
93,1178,100,50,69,4,4,0,5
94,1178,100,51,70,4,4,0,5
95,1178,100,50,69,4,4,0,7
96,1178,100,50,68,4,4,0,8
97,1178,100,50,68,4,4,0,8
98,1178,100,50,68,4,4,0,9
99,1178,101,51,67,4,4,0,10
100,1178,101,51,66,4,4,0,11
101,1179,102,50,63,4,4,0,9
102,1179,101,50,65,4,4,0,7
103,1179,101,50,66,4,4,0,6
104,1179,101,50,66,4,4,0,4
105,1179,101,51,66,4,4,0,3
106,1179,101,51,66,4,4,0,5
107,1179,101,50,65,4,4,0,6
108,1179,101,49,63,4,4,0,6
109,1179,101,50,65,4,4,0,3
110,1179,101,50,65,4,4,0,2
111,1179,101,50,65,4,4,0,1
112,1179,101,50,65,4,4,0,1
113,1178,101,50,65,4,4,0,0
114,1178,101,50,64,4,4,0,1
115,1179,101,50,65,4,4,0,1
116,1179,101,50,64,4,4,0,2
117,1179,101,50,65,4,4,0,3
118,1178,101,50,65,4,4,0,4
119,1179,101,50,63,4,4,0,4
120,1179,101,50,63,4,4,0,3
121,1178,101,50,64,4,4,0,2
122,1178,101,50,64,4,4,0,1
123,1178,101,50,64,4,4,0,2
124,1178,101,51,65,4,4,0,5
125,1179,101,50,65,4,4,0,8
126,1179,101,50,66,4,4,0,9
127,1179,101,50,66,4,4,0,9
128,1179,101,50,66,4,4,0,7
129,1179,101,51,66,4,4,0,5
130,1179,101,51,66,4,4,0,3
131,1179,101,51,65,4,4,0,2
132,1179,101,50,66,4,4,0,2
133,1179,100,50,66,4,4,0,3
134,1179,100,50,66,4,4,0,3
135,1179,100,50,66,4,4,0,3
136,1179,100,50,66,4,4,0,2
137,1179,101,50,66,4,4,0,3
138,1179,101,50,66,4,4,0,9
139,1178,101,50,62,4,4,0,12
140,1178,101,50,61,4,4,0,13
141,1178,101,50,62,4,4,0,15
142,1178,101,50,62,4,4,0,21
143,1178,101,51,62,4,4,0,21
144,1178,100,50,63,4,4,0,16
145,1178,100,50,62,4,4,0,10
146,1178,100,50,63,4,4,0,7
147,1179,100,50,65,4,4,0,7
148,1179,101,50,62,4,4,0,7
149,1179,101,50,65,4,4,0,9
150,1179,101,50,64,4,4,0,8
151,1179,101,50,64,4,4,0,8
152,1179,100,50,65,4,4,0,11
153,1179,100,50,67,4,4,0,11
154,1179,100,50,67,4,4,0,13
155,1179,100,50,67,4,4,0,10
156,1179,101,49,66,4,4,0,12
157,1179,101,49,66,4,4,0,10
158,1179,101,50,66,4,4,0,7
159,1179,101,49,66,4,4,0,5
160,1178,100,50,67,4,4,0,4
161,1178,101,51,67,4,4,0,3
162,1178,100,50,67,4,4,0,1
163,1178,100,50,67,4,4,0,0
164,1178,100,50,67,4,4,0,0
165,1178,100,50,67,4,4,0,0
166,1178,101,51,67,4,4,0,1
167,1178,101,51,67,4,4,0,1
168,1178,100,50,66,4,4,0,1
169,1178,100,50,66,4,4,0,1
170,1178,100,50,67,4,4,0,2
171,1178,100,50,66,4,4,0,3
172,1179,100,50,67,4,4,0,3
173,1178,101,50,66,4,4,0,4
174,1178,101,50,66,4,4,0,2
175,1178,101,50,66,4,4,0,3
176,1178,100,50,66,4,4,0,2
177,1178,101,50,66,4,4,0,2
178,1178,101,50,66,4,4,0,3
179,1178,101,50,66,4,4,0,8
180,1179,101,50,63,4,4,0,13
181,1179,101,51,63,4,4,0,17
182,1179,101,51,62,4,4,0,18
183,1179,101,51,62,4,4,0,18
184,1179,101,51,62,4,4,0,17
185,1179,101,51,63,4,4,0,15
186,1178,101,51,62,4,4,0,12
187,1178,100,50,66,4,4,0,10
188,1178,100,51,65,4,4,0,9
189,1178,100,51,65,4,4,0,8
190,1178,100,50,66,4,4,0,8
191,1178,101,51,65,4,4,0,10
192,1178,101,51,63,4,4,0,10
193,1178,101,51,62,4,4,0,10
194,1178,101,51,62,4,4,0,8
195,1178,101,51,62,4,4,0,10
196,1178,101,51,63,4,4,0,9
197,1179,101,51,62,4,4,0,7
198,1179,101,51,63,4,4,0,6
199,1179,101,51,63,4,4,0,6
200,1179,101,50,64,4,4,0,7
201,1179,101,50,64,4,4,0,7
202,1179,101,50,64,4,4,0,9
203,1178,101,51,66,4,4,0,12
204,1178,101,51,65,4,4,0,10
205,1178,101,51,65,4,4,0,8
206,1178,101,51,65,4,4,0,6
207,1178,101,51,65,4,4,0,6
208,1178,101,51,62,4,4,0,4
209,1178,101,50,64,4,4,0,3
210,1178,101,50,65,4,4,0,3
211,1178,101,50,66,4,4,0,3
212,1178,101,50,66,4,4,0,5
213,1178,101,50,66,4,4,0,4
214,1179,101,50,64,4,4,0,8
215,1179,101,50,64,4,4,0,9
216,1179,101,49,62,4,4,0,16
217,1178,101,50,63,4,4,0,14
218,1178,101,50,63,4,4,0,12
219,1178,101,50,65,4,4,0,6
220,1178,101,50,64,4,4,0,5
221,1178,101,50,64,4,4,0,4
222,1178,101,50,64,4,4,0,6
223,1179,101,50,62,4,4,0,4
224,1179,100,50,66,4,4,0,3
225,1179,100,50,66,4,4,0,1
226,1179,100,49,66,4,4,0,2
227,1179,100,49,65,4,4,0,5
228,1179,101,50,65,4,4,0,6
229,1179,101,50,66,4,4,0,6
230,1179,101,49,65,4,4,0,3
231,1179,101,49,65,4,4,0,2
232,1179,101,49,64,4,4,0,2
233,1179,101,50,65,4,4,0,1
234,1179,101,49,65,4,4,0,1
235,1179,101,49,66,4,4,0,1
236,1179,101,49,64,4,4,0,2
237,1178,102,50,64,4,4,0,1
238,1178,101,50,65,4,4,0,2
239,1178,101,50,66,4,4,0,1
240,1178,102,50,65,4,4,0,2
241,1178,101,50,65,4,4,0,1
242,1178,101,50,65,4,4,0,1
243,1178,101,50,65,4,4,0,0
244,1178,101,50,65,4,4,0,0
245,1178,102,50,65,4,4,0,0
246,1178,101,50,65,4,4,0,1
247,1178,101,51,65,4,4,0,1
248,1178,102,50,65,4,4,0,4
249,1178,102,50,65,4,4,0,5
250,1179,103,50,64,4,4,0,7
251,1179,103,50,65,4,4,0,6
252,1178,103,50,64,4,4,0,9
253,1178,103,50,64,4,4,0,12
254,1179,102,49,62,4,4,0,13
255,1179,103,49,61,4,4,0,10
256,1180,102,49,65,4,4,0,5
257,1179,102,49,65,4,4,0,5
258,1179,102,49,65,4,4,0,6
259,1179,102,49,63,4,4,0,7
260,1179,102,49,65,4,4,0,7
261,1179,102,49,65,4,4,0,4
262,1179,102,49,65,4,4,0,2
263,1179,102,50,65,4,4,0,3
264,1179,101,50,66,4,4,0,4
265,1179,100,50,67,4,4,0,6
266,1178,100,50,68,4,4,0,5
267,1178,100,50,68,4,4,0,5
268,1178,100,50,68,4,4,0,4
269,1178,100,50,68,4,4,0,4
270,1179,100,50,68,4,4,0,3
271,1179,100,50,68,4,4,0,3
272,1179,101,50,67,4,4,0,3
273,1179,101,49,67,4,4,0,4
274,1179,101,50,66,4,4,0,6
275,1179,101,50,66,4,4,0,7
276,1179,101,49,65,4,4,0,8
277,1179,101,49,65,4,4,0,8
278,1179,102,49,64,4,4,0,7
279,1179,102,49,64,4,4,0,7
280,1179,102,49,64,4,4,0,6
281,1179,102,49,64,4,4,0,5
282,1179,102,49,63,4,4,0,8
283,1179,102,49,64,4,4,0,12
284,1180,102,50,60,4,4,0,19
285,1179,101,49,62,4,4,0,21
286,1180,101,49,61,4,4,0,19
287,1179,101,50,62,4,4,0,14
288,1178,101,50,65,4,4,0,13
289,1178,102,50,65,4,4,0,17
290,1178,101,50,65,4,4,0,22
291,1178,102,50,65,4,4,0,23
292,1178,102,50,65,4,4,0,20
293,1178,102,51,65,4,4,0,15
294,1179,102,50,64,4,4,0,8
295,1179,102,50,64,4,4,0,5
296,1179,102,50,65,4,4,0,4
297,1179,102,50,65,4,4,0,6
298,1179,102,50,64,4,4,0,11
299,1180,102,49,64,4,4,0,17
300,1179,103,50,59,4,4,0,21
301,1179,103,50,60,4,4,0,24
302,1180,103,50,59,4,4,0,22
303,1180,103,50,60,4,4,0,17
304,1180,102,49,61,4,4,0,13
305,1180,102,49,63,4,4,0,13
306,1179,102,49,63,4,4,0,14
307,1180,102,50,65,4,4,0,14
308,1179,101,50,64,4,4,0,12
309,1179,101,50,65,4,4,0,10
310,1179,101,50,64,4,4,0,8
311,1178,101,51,65,4,4,0,5
312,1178,101,51,66,4,4,0,7
313,1178,101,50,66,4,4,0,6
314,1178,101,50,66,4,4,0,8
315,1178,101,50,66,4,4,0,5
316,1178,101,50,66,4,4,0,5
317,1178,101,50,66,4,4,0,4
318,1179,101,51,66,4,4,0,3
319,1179,101,50,65,4,4,0,2
320,1179,101,50,65,4,4,0,1
321,1179,101,50,66,4,4,0,1
322,1179,102,50,65,4,4,0,1
323,1179,102,50,65,4,4,0,3
324,1179,102,50,66,4,4,0,4
325,1179,102,50,66,4,4,0,4
326,1179,102,50,66,4,4,0,4
327,1179,102,50,66,4,4,0,4
328,1179,102,50,66,4,4,0,4
329,1178,102,50,66,4,4,0,2
330,1178,102,51,65,4,4,0,7
331,1178,102,51,66,4,4,0,9
332,1178,102,51,61,4,4,0,11
333,1178,101,51,65,4,4,0,7
334,1178,101,51,66,4,4,0,6
335,1178,101,51,66,4,4,0,5
336,1177,101,52,67,4,4,0,8
337,1177,101,52,68,4,4,0,10
338,1177,101,52,68,4,4,0,11
339,1177,101,51,67,4,4,0,7
340,1177,101,51,67,4,4,0,6
341,1177,101,51,67,4,4,0,6
342,1177,101,51,66,4,4,0,7
343,1177,101,52,66,4,4,0,11
344,1177,101,51,66,4,4,0,15
345,1177,102,51,60,4,4,0,22
346,1177,102,51,60,4,4,0,25
347,1178,102,51,58,4,4,0,30
348,1178,102,50,57,4,4,0,32
349,1178,102,51,58,4,4,0,28
350,1178,102,51,58,4,4,0,22
351,1179,102,50,59,4,4,0,13
352,1179,102,50,58,4,4,0,9
353,1180,102,49,58,4,4,0,6
354,1180,103,49,56,4,4,0,5
355,1180,103,49,56,4,4,0,5
356,1180,103,49,56,4,4,0,6
357,1180,103,49,56,4,4,0,6
358,1180,103,49,56,4,4,0,5
359,1179,102,50,57,4,4,0,3
360,1180,103,49,57,4,4,0,3
361,1180,103,49,57,4,4,0,2
362,1180,102,49,58,4,4,0,2
363,1180,102,49,57,4,4,0,1
364,1180,102,49,57,4,4,0,5
365,1180,102,49,57,4,4,0,10
366,1180,102,49,60,4,4,0,17
367,1179,101,49,63,4,4,0,21
368,1180,101,49,64,4,4,0,24
369,1179,101,49,64,4,4,0,27
370,1179,101,49,63,4,4,0,23
371,1179,101,49,63,4,4,0,17
372,1179,102,50,61,4,4,0,12
373,1179,102,50,61,4,4,0,13
374,1178,102,50,60,4,4,0,15
375,1178,102,51,60,4,4,0,15
376,1179,102,50,60,4,4,0,16
377,1178,102,50,60,4,4,0,16
378,1178,102,50,59,4,4,0,13
379,1178,102,50,59,4,4,0,9
380,1178,102,51,60,4,4,0,4
381,1178,102,51,60,4,4,0,3
382,1178,102,50,60,4,4,0,8
383,1178,102,51,60,4,4,0,14
384,1178,101,50,65,4,4,0,21
385,1178,101,50,65,4,4,0,21
386,1178,101,50,65,4,4,0,22
387,1178,100,50,66,4,4,0,24
388,1178,101,50,66,4,4,0,20
389,1178,100,50,66,4,4,0,20
390,1178,100,50,66,4,4,0,13
391,1178,102,51,61,4,4,0,14
392,1178,102,50,63,4,4,0,10
393,1179,102,51,62,4,4,0,9
394,1179,102,50,62,4,4,0,6
395,1179,101,50,66,4,4,0,4
396,1179,101,50,65,4,4,0,3
397,1179,101,50,64,4,4,0,5
398,1178,101,51,65,4,4,0,5
399,1178,101,51,66,4,4,0,7
400,1178,101,51,65,4,4,0,5
401,1179,101,50,64,4,4,0,4
402,1179,101,50,64,4,4,0,3
403,1179,101,50,63,4,4,0,3
404,1179,101,50,64,4,4,0,3
405,1179,101,50,64,4,4,0,3
406,1179,101,50,64,4,4,0,2
407,1178,101,50,64,4,4,0,2
408,1179,101,49,64,4,4,0,4
409,1179,101,50,62,4,4,0,5
410,1179,101,50,62,4,4,0,4
411,1179,101,50,65,4,4,0,4
412,1179,101,50,64,4,4,0,7
413,1179,102,50,60,4,4,0,8
414,1179,102,49,60,4,4,0,7
415,1179,102,50,60,4,4,0,8
416,1179,102,50,61,4,4,0,9
417,1180,102,50,61,4,4,0,11
418,1180,102,50,61,4,4,0,11
419,1180,102,50,62,4,4,0,13
420,1180,101,49,65,4,4,0,15
421,1180,101,49,65,4,4,0,15
422,1180,101,49,65,4,4,0,15
423,1180,101,49,65,4,4,0,14
424,1178,101,50,66,4,4,0,11
425,1178,101,50,66,4,4,0,8
426,1178,101,50,66,4,4,0,4
427,1178,101,50,66,4,4,0,3
428,1178,101,50,66,4,4,0,2
429,1178,101,50,66,4,4,0,1
430,1178,101,50,66,4,4,0,3
431,1178,101,50,65,4,4,0,5
432,1179,102,50,62,4,4,0,11
433,1179,102,49,63,4,4,0,16
434,1179,102,49,60,4,4,0,17
435,1180,102,49,61,4,4,0,15
436,1180,102,49,63,4,4,0,9
437,1180,102,49,62,4,4,0,6
438,1180,102,49,62,4,4,0,6
439,1180,102,49,62,4,4,0,10
440,1180,102,49,62,4,4,0,14
441,1179,102,50,65,4,4,0,14
442,1179,102,50,65,4,4,0,14
443,1179,101,50,65,4,4,0,14
444,1179,101,50,66,4,4,0,16
445,1179,101,50,66,4,4,0,13
446,1179,101,49,66,4,4,0,9
447,1179,101,49,66,4,4,0,5
448,1179,101,50,66,4,4,0,3
449,1178,101,50,66,4,4,0,2
450,1178,101,51,66,4,4,0,1
451,1178,101,50,66,4,4,0,0
452,1178,101,50,66,4,4,0,0
453,1178,101,50,66,4,4,0,0
454,1178,101,50,66,4,4,0,0
455,1178,101,50,66,4,4,0,0
456,1178,101,51,66,4,4,0,0
457,1178,101,51,66,4,4,0,2
458,1178,102,51,64,4,4,0,3
459,1178,102,51,64,4,4,0,5
460,1178,101,51,65,4,4,0,4
461,1178,101,51,65,4,4,0,5
462,1178,101,51,65,4,4,0,3
463,1178,101,51,65,4,4,0,2
464,1178,101,51,65,4,4,0,1
465,1178,101,51,65,4,4,0,2
466,1178,101,51,65,4,4,0,2
467,1178,102,51,65,4,4,0,3
468,1178,102,51,65,4,4,0,2
469,1178,102,51,65,4,4,0,2
470,1177,101,51,66,4,4,0,1
471,1177,102,51,65,4,4,0,1
472,1177,102,52,64,4,4,0,1
473,1177,102,52,64,4,4,0,1
474,1177,102,52,64,4,4,0,0
475,1178,101,50,66,4,4,0,0
476,1178,101,50,66,4,4,0,0
477,1178,101,50,66,4,4,0,0
478,1179,101,50,66,4,4,0,1
479,1179,101,50,66,4,4,0,3
480,1179,101,50,66,4,4,0,3
481,1179,100,50,66,4,4,0,3
482,1180,100,49,66,4,4,0,1
483,1180,100,49,66,4,4,0,1
484,1180,101,50,66,4,4,0,1
485,1180,101,49,66,4,4,0,1
486,1180,100,49,66,4,4,0,1
487,1179,100,50,66,4,4,0,1
488,1179,100,50,67,4,4,0,1
489,1179,100,50,67,4,4,0,2
490,1179,101,50,67,4,4,0,3
491,1179,101,50,67,4,4,0,5
492,1179,101,49,66,4,4,0,6
493,1179,101,50,67,4,4,0,8
494,1179,101,50,67,4,4,0,6
495,1179,101,50,67,4,4,0,5
496,1179,101,50,66,4,4,0,3
497,1179,101,50,66,4,4,0,2
498,1179,101,50,66,4,4,0,4
499,1179,101,50,66,4,4,0,7
500,1178,100,50,66,4,4,0,9
501,1178,100,50,65,4,4,0,8
502,1178,101,50,65,4,4,0,7
503,1179,101,50,65,4,4,0,12
504,1180,101,49,64,4,4,0,17
505,1179,101,49,61,4,4,0,22
506,1179,101,49,61,4,4,0,22
507,1179,101,49,61,4,4,0,21
508,1179,101,49,61,4,4,0,17
509,1179,101,49,61,4,4,0,17
510,1178,101,50,65,4,4,0,19
511,1178,101,50,66,4,4,0,24
512,1178,101,51,67,4,4,0,26
513,1178,101,51,67,4,4,0,28
514,1178,101,51,67,4,4,0,24
515,1178,101,51,67,4,4,0,17
516,1177,100,51,67,4,4,0,10
517,1177,100,51,67,4,4,0,7
518,1177,101,51,68,4,4,0,5
519,1177,101,51,68,4,4,0,4
520,1177,100,51,67,4,4,0,3
521,1178,100,50,67,4,4,0,2
522,1178,100,50,67,4,4,0,1
523,1177,100,51,67,4,4,0,2
524,1178,101,51,67,4,4,0,2
525,1178,101,50,66,4,4,0,2
526,1178,101,50,66,4,4,0,1
527,1178,101,51,66,4,4,0,1
528,1179,101,50,67,4,4,0,1
529,1179,102,49,66,4,4,0,0
530,1180,101,50,67,4,4,0,2
531,1180,102,49,66,4,4,0,2
532,1180,102,49,66,4,4,0,2
533,1180,102,49,66,4,4,0,4
534,1180,102,49,66,4,4,0,7
535,1179,102,50,63,4,4,0,14
536,1179,102,50,64,4,4,0,14
537,1179,102,50,60,4,4,0,14
538,1178,101,50,66,4,4,0,12
539,1178,100,51,66,4,4,0,12
540,1178,100,50,63,4,4,0,12
541,1178,100,51,63,4,4,0,11
542,1178,100,50,65,4,4,0,8
543,1178,100,50,66,4,4,0,8
544,1178,100,51,67,4,4,0,8
545,1178,101,51,67,4,4,0,13
546,1178,101,51,67,4,4,0,13
547,1178,101,51,66,4,4,0,10
548,1178,101,51,64,4,4,0,10
549,1179,101,50,64,4,4,0,14
550,1179,101,49,62,4,4,0,16
551,1179,101,49,63,4,4,0,14
552,1179,101,50,64,4,4,0,11
553,1178,102,51,68,4,4,0,10
554,1179,101,50,66,4,4,0,9
555,1179,101,50,62,4,4,0,8
556,1179,102,49,60,4,4,0,6
557,1180,102,50,65,4,4,0,6
558,1180,102,49,64,4,4,0,4
559,1180,102,49,65,4,4,0,7
560,1180,102,49,65,4,4,0,12
561,1180,102,49,64,4,4,0,15
562,1180,102,49,64,4,4,0,13
563,1179,102,50,65,4,4,0,6
564,1179,102,50,63,4,4,0,4
568,1178,102,52,66,4,4,0,2
569,1178,102,51,66,4,4,0,2
570,1178,101,51,66,4,4,0,2
571,1178,102,51,66,4,4,0,4
572,1178,101,51,66,4,4,0,4
573,1178,102,51,66,4,4,0,6
574,1178,101,51,66,4,4,0,10
575,1178,101,50,65,4,4,0,19
576,1178,102,50,60,4,4,0,27
577,1178,102,50,59,4,4,0,29
578,1178,102,50,59,4,4,0,27
579,1179,103,49,58,4,4,0,21
580,1179,102,49,62,4,4,0,18
581,1179,102,49,63,4,4,0,18
582,1179,102,50,63,4,4,0,20
583,1179,102,50,63,4,4,0,20
584,1179,102,50,63,4,4,0,20
585,1179,102,50,62,4,4,0,18
586,1179,102,50,65,4,4,0,13
587,1178,101,50,65,4,4,0,8
588,1178,101,50,65,4,4,0,5
589,1178,102,50,63,4,4,0,4
590,1178,102,50,63,4,4,0,3
591,1178,101,51,65,4,4,0,2
592,1178,101,50,66,4,4,0,2
593,1178,101,50,65,4,4,0,3
594,1178,101,50,66,4,4,0,5
595,1178,101,51,66,4,4,0,4
596,1177,101,51,66,4,4,0,3
597,1178,101,51,65,4,4,0,4
598,1178,101,51,65,4,4,0,8
599,1179,101,50,64,4,4,0,16
600,1179,101,50,60,4,4,0,23
601,1178,102,50,61,4,4,0,27
602,1178,101,50,61,4,4,0,30
603,1179,101,50,61,4,4,0,25
604,1179,101,50,60,4,4,0,21
605,1178,102,50,64,4,4,0,13
606,1179,102,50,62,4,4,0,12
607,1179,102,50,62,4,4,0,11
608,1179,102,50,63,4,4,0,12
609,1179,102,50,63,4,4,0,11
610,1179,101,50,63,4,4,0,10
611,1179,101,49,63,4,4,0,9
612,1179,102,50,64,4,4,0,7
613,1179,102,50,64,4,4,0,5
614,1179,102,50,63,4,4,0,3
615,1179,102,50,63,4,4,0,3
616,1179,102,50,63,4,4,0,3
617,1179,102,50,63,4,4,0,2
618,1179,102,50,63,4,4,0,4
619,1179,102,50,65,4,4,0,6
620,1179,102,50,65,4,4,0,9
621,1179,102,50,65,4,4,0,9
622,1179,102,50,65,4,4,0,9
623,1179,102,50,65,4,4,0,9
624,1179,102,50,65,4,4,0,8
625,1179,101,50,64,4,4,0,7
626,1179,102,50,64,4,4,0,8
627,1179,102,50,64,4,4,0,8
628,1179,102,50,63,4,4,0,7
629,1179,102,49,64,4,4,0,4
630,1179,102,50,64,4,4,0,3
631,1179,101,50,65,4,4,0,2
632,1179,101,50,65,4,4,0,4
633,1179,102,50,65,4,4,0,4
634,1179,102,50,65,4,4,0,5
635,1178,101,50,66,4,4,0,3
636,1179,101,49,64,4,4,0,3
637,1179,101,49,65,4,4,0,2
638,1179,101,49,63,4,4,0,2
639,1179,101,49,65,4,4,0,3
640,1179,102,49,64,4,4,0,5
641,1179,102,49,63,4,4,0,7
642,1179,102,49,60,4,4,0,8
643,1179,102,49,62,4,4,0,13
644,1179,102,49,61,4,4,0,20
645,1180,102,49,59,4,4,0,27
646,1180,102,49,59,4,4,0,24
647,1180,102,49,58,4,4,0,23
648,1179,101,50,60,4,4,0,16
649,1179,102,50,59,4,4,0,20
650,1180,102,49,61,4,4,0,22
651,1179,102,49,64,4,4,0,29
652,1179,101,50,65,4,4,0,30
653,1179,101,50,65,4,4,0,31
654,1179,102,50,65,4,4,0,26
655,1179,102,50,63,4,4,0,20
656,1179,102,50,62,4,4,0,11
657,1179,102,49,63,4,4,0,7
658,1179,102,49,64,4,4,0,5
659,1178,102,50,64,4,4,0,6
660,1178,103,51,61,4,4,0,8
661,1178,103,50,64,4,4,0,7
662,1178,103,50,64,4,4,0,7
663,1178,103,51,61,4,4,0,5
664,1179,103,51,60,4,4,0,6
665,1178,102,50,64,4,4,0,4
666,1178,102,50,64,4,4,0,4
667,1178,102,50,64,4,4,0,7
668,1178,102,50,64,4,4,0,10
669,1179,102,50,65,4,4,0,12
670,1179,102,49,64,4,4,0,9
671,1179,103,49,64,4,4,0,6
672,1179,103,50,64,4,4,0,5
673,1179,103,50,64,4,4,0,4
674,1179,103,50,64,4,4,0,5
675,1178,101,50,67,4,4,0,4
676,1178,101,50,67,4,4,0,4
677,1178,100,50,67,4,4,0,2
678,1178,100,50,67,4,4,0,2
679,1178,100,50,66,4,4,0,4
680,1178,100,50,67,4,4,0,4
681,1178,100,50,66,4,4,0,5
682,1178,100,50,67,4,4,0,3
683,1178,101,50,66,4,4,0,2
684,1178,101,51,66,4,4,0,1
685,1178,101,51,66,4,4,0,1
686,1178,101,50,66,4,4,0,1
687,1178,101,51,65,4,4,0,1
688,1178,101,50,65,4,4,0,1
689,1178,101,50,66,4,4,0,1
690,1178,101,50,66,4,4,0,1
691,1179,102,49,65,4,4,0,2
692,1179,101,50,67,4,4,0,1
693,1178,101,50,65,4,4,0,1
694,1178,101,50,65,4,4,0,0
695,1178,100,50,67,4,4,0,1
696,1178,100,50,67,4,4,0,4
697,1178,99,50,66,4,4,0,6
698,1178,100,50,65,4,4,0,6
699,1177,100,50,65,4,4,0,6
700,1178,100,50,65,4,4,0,5
701,1178,99,50,66,4,4,0,5
702,1178,100,50,66,4,4,0,3
703,1178,100,50,66,4,4,0,3
704,1178,100,50,66,4,4,0,2
705,1177,100,51,66,4,4,0,5
706,1177,100,51,66,4,4,0,5
707,1177,101,52,66,4,4,0,6
708,1178,100,51,67,4,4,0,4
709,1178,100,51,67,4,4,0,7
710,1178,101,51,67,4,4,0,7
711,1178,101,51,67,4,4,0,6
712,1178,100,51,67,4,4,0,3
713,1178,100,51,67,4,4,0,1
714,1178,100,51,67,4,4,0,3
715,1177,100,51,67,4,4,0,5
716,1178,100,51,66,4,4,0,8
717,1178,100,50,65,4,4,0,9
718,1177,100,51,65,4,4,0,10
719,1177,100,51,65,4,4,0,12
720,1178,99,50,64,4,4,0,13
721,1178,99,50,64,4,4,0,13
722,1178,99,50,64,4,4,0,13
723,1177,99,50,63,4,4,0,12
724,1177,100,51,62,4,4,0,9
725,1178,99,50,64,4,4,0,6
726,1178,99,50,64,4,4,0,5
727,1178,100,49,62,4,4,0,4
728,1178,100,49,62,4,4,0,4
729,1178,100,49,63,4,4,0,3
730,1178,100,50,63,4,4,0,3
731,1178,100,50,64,4,4,0,6
732,1179,100,49,64,4,4,0,10
733,1179,101,50,65,4,4,0,15
734,1179,101,50,65,4,4,0,17
735,1178,101,50,67,4,4,0,19
736,1179,101,50,66,4,4,0,17
737,1179,101,50,65,4,4,0,14
738,1179,101,50,65,4,4,0,9
739,1178,100,51,67,4,4,0,7
740,1178,100,50,67,4,4,0,6
741,1178,100,50,66,4,4,0,6
742,1178,100,50,66,4,4,0,7
743,1178,100,50,65,4,4,0,8
749,1178,100,49,63,4,4,0,9
750,1178,100,49,63,4,4,0,8
751,1178,100,50,64,4,4,0,7
752,1178,100,50,64,4,4,0,4
753,1178,100,49,65,4,4,0,4
754,1178,100,50,64,4,4,0,3
755,1178,100,50,65,4,4,0,3
756,1178,100,51,63,4,4,0,3
757,1178,100,51,63,4,4,0,3
758,1178,100,51,63,4,4,0,3
759,1177,100,51,64,4,4,0,3
760,1178,101,50,63,4,4,0,3
761,1177,101,50,63,4,4,0,3
762,1178,100,50,63,4,4,0,3
763,1178,100,51,62,4,4,0,5
764,1178,100,51,62,4,4,0,9
765,1178,100,50,61,4,4,0,10
766,1178,99,50,60,4,4,0,9
767,1177,100,50,63,4,4,0,5
768,1177,99,50,63,4,4,0,4
769,1177,99,50,63,4,4,0,4
770,1177,99,50,64,4,4,0,11
771,1177,99,50,63,4,4,0,11
772,1178,100,50,63,4,4,0,15
773,1178,100,50,63,4,4,0,12
774,1178,100,50,64,4,4,0,13
775,1178,100,50,64,4,4,0,10
776,1178,98,51,64,4,4,0,8
777,1178,99,50,65,4,4,0,9
778,1178,100,50,65,4,4,0,8
779,1178,100,50,66,4,4,0,8
780,1179,100,50,63,4,4,0,6
781,1179,100,50,62,4,4,0,6
782,1178,100,50,62,4,4,0,4
783,1178,100,50,65,4,4,0,4
784,1179,100,50,65,4,4,0,3
789,1178,100,50,63,4,4,0,3
794,1178,100,51,63,4,4,0,1
796,1178,100,51,62,4,4,0,1
797,1178,100,51,64,4,4,0,0
798,1178,100,51,65,4,4,0,0
799,1178,100,51,65,4,4,0,1
800,1178,100,51,64,4,4,0,4
801,1178,100,51,64,4,4,0,5
802,1178,100,51,64,4,4,0,5
803,1178,100,51,64,4,4,0,3
804,1177,100,51,65,4,4,0,3
805,1177,99,51,66,4,4,0,5
806,1178,100,50,66,4,4,0,8
807,1178,100,50,66,4,4,0,10
808,1178,100,51,67,4,4,0,12
809,1178,100,51,67,4,4,0,11
810,1178,100,50,67,4,4,0,9
811,1178,100,51,67,4,4,0,6
812,1178,100,51,67,4,4,0,5
813,1178,100,51,66,4,4,0,4
814,1178,100,51,66,4,4,0,3
815,1178,100,51,67,4,4,0,2
816,1178,100,50,66,4,4,0,3
817,1179,100,50,66,4,4,0,3
818,1179,100,50,66,4,4,0,3
819,1179,100,50,66,4,4,0,2
820,1178,100,50,65,4,4,0,2
821,1178,101,50,65,4,4,0,1
822,1178,101,50,65,4,4,0,1
823,1178,101,50,65,4,4,0,1
824,1178,101,50,65,4,4,0,1
825,1178,101,50,65,4,4,0,1
826,1178,101,50,65,4,4,0,1
827,1178,101,50,65,4,4,0,2
828,1178,100,50,65,4,4,0,4
829,1178,100,50,65,4,4,0,4
830,1178,100,50,64,4,4,0,4
831,1178,101,50,65,4,4,0,2
832,1178,100,50,65,4,4,0,2
833,1178,100,50,65,4,4,0,2
834,1178,101,51,65,4,4,0,3
835,1178,101,51,65,4,4,0,2
836,1178,101,51,65,4,4,0,2
837,1178,100,51,66,4,4,0,1
838,1178,100,51,66,4,4,0,1
839,1178,100,51,66,4,4,0,1
840,1179,100,50,66,4,4,0,1
841,1179,100,50,66,4,4,0,1
842,1179,101,50,66,4,4,0,1
843,1179,101,50,65,4,4,0,1
844,1179,101,50,65,4,4,0,0
845,1179,101,50,65,4,4,0,1
846,1179,101,50,65,4,4,0,1
847,1178,101,51,66,4,4,0,2
848,1178,101,50,65,4,4,0,1
849,1178,100,50,67,4,4,0,1
850,1178,100,50,67,4,4,0,2
851,1178,100,50,65,4,4,0,6
852,1178,100,50,64,4,4,0,11
853,1178,100,50,64,4,4,0,15
854,1178,100,50,63,4,4,0,16
855,1178,100,50,63,4,4,0,16
856,1178,100,50,63,4,4,0,16
857,1178,99,51,63,4,4,0,12
858,1178,99,51,63,4,4,0,9
859,1178,100,50,63,4,4,0,5
860,1179,100,49,62,4,4,0,5
861,1179,101,50,63,4,4,0,5
862,1179,101,50,63,4,4,0,6
863,1179,101,50,63,4,4,0,5
864,1179,100,50,64,4,4,0,4
865,1178,100,50,63,4,4,0,4
866,1178,100,50,63,4,4,0,5
867,1179,101,50,65,4,4,0,7
868,1178,100,50,66,4,4,0,11
869,1178,100,50,67,4,4,0,16
870,1178,100,50,67,4,4,0,20
871,1178,100,50,67,4,4,0,18
872,1178,101,50,65,4,4,0,14
873,1178,101,50,63,4,4,0,11
874,1177,101,51,64,4,4,0,11
875,1178,101,50,64,4,4,0,14
876,1177,100,51,65,4,4,0,16
877,1178,100,50,63,4,4,0,14
878,1178,100,50,63,4,4,0,11
879,1178,101,50,64,4,4,0,6
880,1178,100,50,64,4,4,0,5
881,1178,101,50,63,4,4,0,4
882,1178,101,50,63,4,4,0,4
883,1178,101,50,63,4,4,0,3
884,1179,101,50,63,4,4,0,3
885,1179,101,50,63,4,4,0,3
886,1179,101,49,63,4,4,0,4
887,1179,101,50,64,4,4,0,6
888,1179,101,50,64,4,4,0,5
889,1178,101,50,64,4,4,0,5
890,1178,100,51,65,4,4,0,7
891,1178,101,51,65,4,4,0,8
892,1178,101,51,66,4,4,0,8
893,1178,100,51,66,4,4,0,6
894,1177,100,51,67,4,4,0,9
895,1177,101,51,66,4,4,0,8
896,1177,101,51,66,4,4,0,8
897,1177,101,51,65,4,4,0,4
898,1177,101,51,65,4,4,0,10
899,1178,101,50,66,4,4,0,17
900,1178,101,51,60,4,4,0,27
901,1178,101,51,60,4,4,0,31
902,1178,100,51,60,4,4,0,34
903,1178,101,50,59,4,4,0,35
904,1178,101,50,59,4,4,0,30
905,1178,101,50,59,4,4,0,30
906,1178,100,49,59,4,4,0,30
907,1178,101,50,65,4,4,0,35
908,1178,100,50,65,4,4,0,35
909,1178,100,50,65,4,4,0,37
910,1178,100,50,66,4,4,0,38
911,1178,100,50,66,4,4,0,31
912,1179,100,50,66,4,4,0,22
913,1178,100,50,66,4,4,0,13
914,1178,100,50,65,4,4,0,10
915,1179,100,49,63,4,4,0,7
916,1178,100,50,65,4,4,0,5
917,1178,101,51,65,4,4,0,2
918,1178,101,51,65,4,4,0,2
919,1178,100,50,66,4,4,0,4
920,1178,100,50,66,4,4,0,6
921,1178,100,50,66,4,4,0,6
922,1178,100,51,66,4,4,0,4
923,1178,100,51,66,4,4,0,2
924,1178,100,51,66,4,4,0,2
925,1178,100,51,66,4,4,0,1
926,1177,100,51,66,4,4,0,2
927,1178,100,50,66,4,4,0,2
928,1178,100,50,66,4,4,0,3
929,1178,100,51,66,4,4,0,2
930,1178,101,50,66,4,4,0,3
931,1178,100,50,66,4,4,0,2
932,1178,101,51,66,4,4,0,2
933,1178,101,50,65,4,4,0,1
934,1178,101,50,65,4,4,0,1
935,1178,101,50,65,4,4,0,2
936,1178,100,50,66,4,4,0,4
937,1178,100,50,65,4,4,0,4
938,1178,100,50,65,4,4,0,4
939,1178,100,50,66,4,4,0,3
940,1178,101,51,64,4,4,0,2
941,1178,101,51,65,4,4,0,2
942,1178,101,50,65,4,4,0,2
943,1178,101,50,65,4,4,0,2
944,1178,101,50,65,4,4,0,2
945,1178,101,50,65,4,4,0,1
946,1178,101,50,65,4,4,0,2
947,1178,101,50,66,4,4,0,1
948,1178,101,50,64,4,4,0,2
949,1178,101,50,65,4,4,0,1
950,1178,101,50,65,4,4,0,1
951,1178,101,50,65,4,4,0,1
952,1178,101,50,65,4,4,0,1
953,1178,101,50,65,4,4,0,1
954,1178,100,50,65,4,4,0,2
955,1179,101,49,65,4,4,0,3
956,1179,100,49,64,4,4,0,4
957,1179,101,49,63,4,4,0,3
958,1179,101,50,65,4,4,0,4
959,1178,101,50,65,4,4,0,8
960,1179,100,50,62,4,4,0,9
961,1179,100,50,62,4,4,0,9
962,1179,100,50,64,4,4,0,7
963,1179,100,49,66,4,4,0,9
964,1179,99,50,65,4,4,0,9
965,1179,100,50,63,4,4,0,9
966,1179,100,50,64,4,4,0,8
967,1179,101,49,63,4,4,0,7
968,1179,100,49,66,4,4,0,5
969,1179,100,49,65,4,4,0,3
970,1179,100,49,65,4,4,0,3
971,1179,100,50,64,4,4,0,4
972,1179,101,49,64,4,4,0,4
975,1179,101,49,66,4,4,0,3
976,1179,101,50,65,4,4,0,3
977,1179,101,49,64,4,4,0,5
978,1179,101,50,67,4,4,0,6
979,1178,100,50,67,4,4,0,5
980,1178,100,50,67,4,4,0,6
981,1178,100,50,67,4,4,0,5
982,1178,100,50,63,4,4,0,11
983,1178,100,51,64,4,4,0,14
984,1179,100,50,64,4,4,0,17
985,1179,100,50,64,4,4,0,15
986,1179,101,50,64,4,4,0,11
987,1179,101,50,64,4,4,0,8
988,1179,100,50,65,4,4,0,5
989,1178,100,51,65,4,4,0,4
990,1178,100,51,65,4,4,0,4
991,1178,100,51,65,4,4,0,3
992,1178,100,51,64,4,4,0,2
993,1179,101,50,63,4,4,0,3
994,1179,102,50,62,4,4,0,4
995,1179,101,49,63,4,4,0,4
996,1179,100,50,64,4,4,0,6
997,1179,100,50,64,4,4,0,5
998,1178,101,50,66,4,4,0,7
999,1179,101,51,63,4,4,0,4
1000,1178,102,51,60,4,4,0,3
1001,1178,102,51,62,4,4,0,2
1002,1178,102,51,62,4,4,0,3
1003,1178,102,52,61,4,4,0,5
1004,1178,102,51,63,4,4,0,11
1005,1178,101,51,66,4,4,0,15
1006,1178,101,51,66,4,4,0,17
1007,1178,101,51,66,4,4,0,17
1008,1178,101,51,66,4,4,0,16
1009,1178,101,51,66,4,4,0,14
1010,1178,101,51,66,4,4,0,9
1011,1178,101,51,66,4,4,0,5
1012,1178,101,51,66,4,4,0,3
1013,1178,101,51,66,4,4,0,1
1014,1178,101,50,65,4,4,0,0
1015,1178,101,51,66,4,4,0,0
1016,1178,101,51,66,4,4,0,0
1017,1178,101,50,66,4,4,0,0
1018,1178,101,51,66,4,4,0,0
1019,1178,101,51,66,4,4,0,1
1020,1178,101,50,66,4,4,0,1
1021,1178,101,51,66,4,4,0,1
1022,1178,102,51,65,4,4,0,0
1023,1178,102,51,65,4,4,0,0
1024,1178,102,51,65,4,4,0,0
1025,1179,102,51,64,4,4,0,1
1026,1179,102,50,65,4,4,0,2
1027,1179,102,51,64,4,4,0,4
1028,1179,101,51,64,4,4,0,8
1029,1179,101,51,64,4,4,0,9
1030,1179,101,51,63,4,4,0,10
1031,1179,101,51,63,4,4,0,6
1032,1179,102,50,63,4,4,0,5
1033,1179,102,50,63,4,4,0,3
1034,1179,102,50,63,4,4,0,2
1035,1179,102,50,63,4,4,0,2
1036,1178,102,50,63,4,4,0,2
1037,1178,102,50,63,4,4,0,3
1038,1179,102,50,63,4,4,0,3
1039,1178,102,51,62,4,4,0,3
1040,1179,102,50,63,4,4,0,3
1041,1179,102,50,63,4,4,0,4
1042,1179,102,50,65,4,4,0,5
1043,1179,102,51,65,4,4,0,6
1044,1179,102,50,65,4,4,0,6
1045,1179,103,51,62,4,4,0,5
1046,1179,103,50,64,4,4,0,4
1047,1179,104,51,61,4,4,0,3
1048,1179,104,51,62,4,4,0,2
1049,1179,104,51,62,4,4,0,3
1050,1179,104,51,63,4,4,0,3
1051,1179,103,50,64,4,4,0,6
1052,1179,104,51,64,4,4,0,7
1053,1179,103,51,64,4,4,0,8
1054,1179,103,51,64,4,4,0,6
1055,1179,103,51,64,4,4,0,4
1056,1179,103,51,64,4,4,0,6
1057,1179,103,51,63,4,4,0,9
1058,1179,103,52,61,4,4,0,14
1059,1179,103,52,60,4,4,0,16
1060,1179,103,51,60,4,4,0,15
1061,1179,103,52,60,4,4,0,11
1062,1179,103,51,62,4,4,0,8
1063,1179,103,51,64,4,4,0,11
1064,1180,103,50,63,4,4,0,16
1065,1179,103,50,63,4,4,0,21
1066,1179,103,50,64,4,4,0,19
1067,1179,103,50,64,4,4,0,15
1068,1179,104,51,60,4,4,0,10
1069,1179,102,50,63,4,4,0,8
1070,1179,102,50,63,4,4,0,7
1071,1179,102,50,63,4,4,0,7
1072,1179,102,50,63,4,4,0,8
1073,1179,102,50,63,4,4,0,6
1074,1179,102,50,63,4,4,0,5
1075,1179,102,50,63,4,4,0,2
1076,1179,102,50,63,4,4,0,2
1077,1179,102,50,63,4,4,0,1
1078,1179,102,50,63,4,4,0,2
1079,1179,102,50,63,4,4,0,4
1080,1179,102,50,62,4,4,0,6
1081,1179,102,51,61,4,4,0,6
1082,1179,102,51,62,4,4,0,6
1083,1179,102,51,62,4,4,0,6
1084,1179,102,51,61,4,4,0,6
1085,1179,103,51,61,4,4,0,5
1086,1179,103,51,61,4,4,0,4
1087,1179,103,51,62,4,4,0,4
1088,1179,103,51,61,4,4,0,3
1089,1179,103,51,61,4,4,0,4
1090,1179,103,51,61,4,4,0,6
1091,1179,102,50,63,4,4,0,8
1092,1180,102,50,63,4,4,0,8
1093,1180,102,50,64,4,4,0,8
1094,1180,102,50,64,4,4,0,8
1095,1180,102,50,64,4,4,0,7
1096,1180,102,50,64,4,4,0,7
1097,1180,102,50,64,4,4,0,5
1098,1180,102,50,65,4,4,0,4
1099,1180,104,50,63,4,4,0,3
1100,1180,103,50,63,4,4,0,1
1101,1180,103,50,63,4,4,0,1
1102,1180,103,50,64,4,4,0,1
1103,1180,103,50,63,4,4,0,2
1104,1179,102,50,63,4,4,0,2
1105,1179,102,50,64,4,4,0,1
1106,1179,102,50,64,4,4,0,1
1107,1179,102,50,64,4,4,0,1
1108,1179,102,50,64,4,4,0,2
1109,1179,103,51,63,4,4,0,2
1110,1179,104,51,63,4,4,0,2
1111,1179,104,51,62,4,4,0,2
1112,1179,104,51,62,4,4,0,5
1113,1179,103,51,62,4,4,0,9
1114,1180,102,51,62,4,4,0,9
1115,1180,102,51,62,4,4,0,7
1116,1180,102,50,65,4,4,0,3
1117,1180,102,50,64,4,4,0,3
1118,1180,102,49,64,4,4,0,6
1119,1180,102,49,65,4,4,0,11
1120,1180,102,49,64,4,4,0,11
1121,1180,101,49,66,4,4,0,11
1122,1180,101,49,66,4,4,0,9
1123,1180,101,49,67,4,4,0,10
1124,1180,102,49,66,4,4,0,9
1125,1180,103,49,65,4,4,0,7
1126,1180,103,49,65,4,4,0,6
1127,1180,102,49,65,4,4,0,4
1128,1180,103,50,66,4,4,0,4
1129,1180,102,50,65,4,4,0,2
1130,1180,102,50,66,4,4,0,1
1131,1179,102,50,66,4,4,0,1
1132,1179,102,50,66,4,4,0,2
1133,1179,102,50,67,4,4,0,2
1134,1179,102,50,66,4,4,0,1
1135,1179,101,50,66,4,4,0,1
1136,1179,102,50,66,4,4,0,3
1137,1179,101,50,66,4,4,0,8
1138,1180,102,50,64,4,4,0,14
1139,1180,102,50,64,4,4,0,19
1140,1180,102,49,63,4,4,0,18
1141,1180,102,49,62,4,4,0,14
1142,1180,101,50,65,4,4,0,9
1143,1180,101,50,66,4,4,0,7
1144,1180,102,50,65,4,4,0,10
1145,1180,102,50,65,4,4,0,13
1146,1180,102,50,66,4,4,0,14
1147,1180,102,50,66,4,4,0,10
1148,1180,103,50,64,4,4,0,6
1149,1179,103,50,65,4,4,0,4
1150,1180,103,50,64,4,4,0,4
1151,1180,103,50,64,4,4,0,7
1152,1180,102,50,64,4,4,0,8
1153,1180,101,49,64,4,4,0,7
1154,1180,101,50,65,4,4,0,4
1155,1180,102,50,65,4,4,0,2
1156,1180,102,50,65,4,4,0,1
1157,1180,102,49,64,4,4,0,1
1158,1180,102,50,64,4,4,0,1
1159,1180,102,50,64,4,4,0,2
1160,1180,102,50,64,4,4,0,2
1161,1180,102,50,64,4,4,0,3
1162,1180,102,50,64,4,4,0,7
1163,1180,102,50,65,4,4,0,9
1164,1180,103,49,60,4,4,0,13
1165,1180,103,49,61,4,4,0,18
1166,1180,103,49,60,4,4,0,18
1167,1180,102,49,57,4,4,0,16
1168,1180,102,49,65,4,4,0,10
1169,1180,101,49,65,4,4,0,10
1170,1180,102,49,64,4,4,0,13
1171,1180,101,49,66,4,4,0,19
1172,1180,102,49,65,4,4,0,19
1173,1180,102,49,66,4,4,0,18
1174,1180,102,49,66,4,4,0,11
1175,1180,102,49,66,4,4,0,10
1176,1180,102,49,66,4,4,0,7
1177,1180,102,49,66,4,4,0,5
1178,1180,101,49,66,4,4,0,5
1179,1180,101,49,66,4,4,0,6
1180,1180,101,49,65,4,4,0,7
1181,1180,101,49,65,4,4,0,6
1182,1180,101,49,66,4,4,0,6
1183,1180,101,49,66,4,4,0,5
1184,1180,101,49,66,4,4,0,5
1185,1180,101,49,67,4,4,0,5
1186,1180,101,49,67,4,4,0,9
1187,1180,101,49,67,4,4,0,9
1188,1180,102,49,61,4,4,0,10
1194,1180,102,49,64,4,4,0,7
1196,1180,102,49,62,4,4,0,6
1197,1180,102,49,62,4,4,0,4
1198,1180,101,49,65,4,4,0,5
1199,1180,101,49,66,4,4,0,6
1200,1180,101,49,66,4,4,0,9
1201,1180,101,49,66,4,4,0,11
1202,1180,101,49,67,4,4,0,12
1203,1180,101,49,66,4,4,0,9
1204,1180,101,49,66,4,4,0,5
1205,1180,101,49,66,4,4,0,3
1206,1180,101,49,66,4,4,0,3
1207,1180,100,49,66,4,4,0,2
1208,1180,101,50,66,4,4,0,1
1209,1180,101,50,66,4,4,0,0
1210,1180,101,50,66,4,4,0,4
1211,1180,101,50,66,4,4,0,6
1212,1180,101,49,63,4,4,0,8
1213,1180,101,49,64,4,4,0,7
1214,1180,101,50,64,4,4,0,6
1215,1180,101,50,64,4,4,0,6
1216,1180,101,50,65,4,4,0,9
1217,1180,101,50,64,4,4,0,14
1218,1180,102,50,66,4,4,0,16
1219,1180,102,49,65,4,4,0,15
1220,1180,102,49,66,4,4,0,11
1221,1180,102,49,66,4,4,0,9
1222,1180,102,50,65,4,4,0,5
1223,1180,101,49,65,4,4,0,4
1224,1180,102,50,66,4,4,0,2
1225,1180,102,50,66,4,4,0,2
1226,1180,102,50,66,4,4,0,1
1227,1180,102,50,66,4,4,0,2
1228,1180,102,50,66,4,4,0,2
1229,1180,102,50,66,4,4,0,3
1230,1180,102,50,66,4,4,0,3
1231,1180,102,50,65,4,4,0,3
1232,1180,102,50,65,4,4,0,2
1233,1180,102,49,66,4,4,0,1
1234,1180,102,49,65,4,4,0,1
1235,1179,102,50,66,4,4,0,1
1236,1180,102,50,65,4,4,0,1
1237,1180,102,50,65,4,4,0,1
1238,1180,102,50,65,4,4,0,2
1239,1180,103,50,65,4,4,0,2
1240,1180,103,50,66,4,4,0,3
1241,1180,103,50,65,4,4,0,4
1242,1180,103,50,66,4,4,0,7
1243,1180,103,50,66,4,4,0,7
1244,1180,103,50,66,4,4,0,7
1245,1180,102,49,66,4,4,0,3
1246,1180,102,49,66,4,4,0,6
1247,1180,102,50,66,4,4,0,7
1248,1180,102,50,64,4,4,0,14
1249,1180,101,49,65,4,4,0,12
1250,1180,101,49,63,4,4,0,11
1251,1180,101,49,67,4,4,0,5
1252,1180,101,50,67,4,4,0,5
1253,1180,101,50,66,4,4,0,5
1254,1180,101,50,66,4,4,0,8
1255,1180,101,49,67,4,4,0,8
1256,1180,101,50,66,4,4,0,7
1257,1180,101,50,66,4,4,0,3
1258,1180,102,50,65,4,4,0,3
1259,1180,102,50,65,4,4,0,4
1260,1180,101,50,66,4,4,0,6
1261,1180,101,50,65,4,4,0,6
1262,1180,102,50,63,4,4,0,7
1263,1180,102,50,65,4,4,0,11
1264,1180,101,50,64,4,4,0,14
1265,1180,101,50,61,4,4,0,17
1266,1180,101,50,63,4,4,0,15
1267,1180,103,50,59,4,4,0,21
1268,1180,103,50,58,4,4,0,21
1269,1180,103,50,57,4,4,0,23
1270,1180,103,50,59,4,4,0,16
1271,1180,102,49,65,4,4,0,17
1272,1180,103,49,63,4,4,0,15
1273,1180,103,49,63,4,4,0,15
1274,1180,103,50,62,4,4,0,12
1275,1180,101,50,61,4,4,0,11
1276,1180,101,50,62,4,4,0,10
1277,1180,101,50,62,4,4,0,11
1278,1180,101,49,63,4,4,0,10
1279,1180,102,50,62,4,4,0,14
1280,1180,102,50,61,4,4,0,16
1281,1180,102,49,64,4,4,0,18
1282,1180,103,49,64,4,4,0,13
1283,1180,102,49,64,4,4,0,8
1284,1180,101,50,63,4,4,0,5
1285,1180,101,50,63,4,4,0,5
1286,1180,102,50,62,4,4,0,8
1287,1180,101,49,64,4,4,0,11
1288,1180,102,50,62,4,4,0,11
1289,1180,102,50,61,4,4,0,9
1290,1180,101,50,63,4,4,0,5
1291,1180,102,50,61,4,4,0,4
1292,1180,102,50,62,4,4,0,3
1293,1180,102,50,62,4,4,0,2
1294,1180,103,49,61,4,4,0,1
1295,1180,103,49,61,4,4,0,1
1296,1180,102,49,61,4,4,0,1
1297,1180,102,49,61,4,4,0,0
1298,1180,102,49,61,4,4,0,1
1299,1180,102,49,62,4,4,0,1
1300,1180,102,49,61,4,4,0,1
1301,1180,102,49,62,4,4,0,1
1302,1180,101,49,63,4,4,0,1
1303,1180,101,49,62,4,4,0,1
1304,1180,101,49,63,4,4,0,2
1305,1180,102,49,62,4,4,0,5
1306,1180,102,49,62,4,4,0,8
1307,1180,101,49,65,4,4,0,9
1308,1180,101,49,60,4,4,0,7
1309,1180,101,49,61,4,4,0,5
1310,1179,101,50,62,4,4,0,3
1311,1179,101,50,63,4,4,0,2
1312,1179,101,50,63,4,4,0,3
1313,1179,101,50,64,4,4,0,3
1314,1180,101,50,62,4,4,0,3
1315,1179,101,50,61,4,4,0,2
1316,1179,101,50,60,4,4,0,3
1317,1179,101,50,63,4,4,0,3
1318,1179,102,50,60,4,4,0,4
1319,1179,101,50,63,4,4,0,5
1320,1180,101,50,64,4,4,0,11
1321,1179,100,50,64,4,4,0,11
1322,1179,100,50,65,4,4,0,11
1323,1179,101,50,63,4,4,0,6
1324,1179,101,50,63,4,4,0,6
1325,1179,101,51,63,4,4,0,4
1326,1179,100,50,63,4,4,0,5
1327,1179,101,51,62,4,4,0,6
1328,1179,101,50,62,4,4,0,8
1329,1179,101,50,61,4,4,0,8
1330,1179,100,50,66,4,4,0,8
1331,1179,101,50,65,4,4,0,8
1332,1179,101,50,61,4,4,0,9
1333,1179,101,50,60,4,4,0,8
1334,1180,101,50,59,4,4,0,9
1335,1180,99,50,63,4,4,0,6
1336,1180,100,49,63,4,4,0,14
1337,1179,100,50,67,4,4,0,21
1338,1179,100,50,67,4,4,0,30
1339,1178,100,50,66,4,4,0,31
1340,1179,100,50,66,4,4,0,29
1341,1179,100,50,66,4,4,0,22
1342,1179,100,50,66,4,4,0,16
1343,1179,100,50,66,4,4,0,9
1344,1179,100,51,66,4,4,0,6
1345,1179,100,51,66,4,4,0,3
1346,1179,100,51,66,4,4,0,3
1347,1178,100,50,66,4,4,0,3
1348,1179,100,51,64,4,4,0,5
1349,1179,100,51,65,4,4,0,5
1350,1179,100,50,64,4,4,0,6
1351,1179,99,50,65,4,4,0,8
1352,1179,100,50,64,4,4,0,8
1353,1179,100,50,64,4,4,0,8
1354,1179,100,50,64,4,4,0,7
1355,1178,100,51,64,4,4,0,8
1356,1178,100,51,66,4,4,0,9
1357,1178,101,50,65,4,4,0,10
1358,1180,101,50,65,4,4,0,11
1359,1180,101,50,66,4,4,0,13
1360,1179,101,50,66,4,4,0,11
1361,1179,101,50,66,4,4,0,9
1362,1179,101,50,65,4,4,0,6
1363,1180,101,50,63,4,4,0,5
1364,1180,102,50,64,4,4,0,4
1365,1180,102,50,64,4,4,0,4
1366,1180,101,50,65,4,4,0,4
1367,1179,102,50,65,4,4,0,6
1368,1179,101,50,66,4,4,0,6
1369,1179,101,50,66,4,4,0,7
1370,1179,101,50,66,4,4,0,6
1371,1179,101,50,66,4,4,0,6
1372,1179,101,50,66,4,4,0,5
1373,1179,101,50,66,4,4,0,2
1374,1179,101,50,66,4,4,0,2
1375,1179,101,50,66,4,4,0,2
1376,1178,101,51,66,4,4,0,2
1377,1178,101,51,67,4,4,0,1
1378,1178,101,52,66,4,4,0,0
1379,1178,101,52,66,4,4,0,0
1380,1179,102,51,66,4,4,0,0
1381,1179,101,51,66,4,4,0,1
1382,1179,101,50,66,4,4,0,1
1383,1179,101,51,66,4,4,0,1
1384,1179,101,51,66,4,4,0,1
1385,1179,101,51,66,4,4,0,0
1386,1179,101,51,66,4,4,0,6
1387,1178,101,51,66,4,4,0,12
1388,1179,101,50,60,4,4,0,20
1389,1179,101,50,60,4,4,0,23
1390,1179,101,50,60,4,4,0,21
1391,1179,101,50,60,4,4,0,19
1392,1180,100,50,64,4,4,0,16
1393,1180,100,50,64,4,4,0,14
1394,1180,100,50,64,4,4,0,11
1395,1180,100,49,63,4,4,0,8
1396,1180,101,49,62,4,4,0,8
1397,1180,101,49,62,4,4,0,8
1398,1180,100,49,62,4,4,0,7
1399,1180,100,50,63,4,4,0,5
1400,1180,101,50,63,4,4,0,2
1401,1180,100,50,63,4,4,0,1
1402,1180,101,50,62,4,4,0,0
1403,1180,101,50,62,4,4,0,0
1404,1180,101,50,61,4,4,0,2
1405,1180,101,49,61,4,4,0,2
1406,1180,101,50,61,4,4,0,3
1407,1180,101,50,61,4,4,0,2
1408,1180,101,50,62,4,4,0,6
1409,1180,101,50,61,4,4,0,9
1410,1180,101,50,64,4,4,0,11
1411,1180,101,50,63,4,4,0,10
1412,1180,101,50,63,4,4,0,9
1413,1180,101,50,63,4,4,0,9
1414,1179,101,50,64,4,4,0,8
1415,1179,101,50,64,4,4,0,7
1416,1179,100,50,65,4,4,0,6
1417,1179,100,51,66,4,4,0,6
1418,1179,100,51,66,4,4,0,5
1419,1179,100,50,65,4,4,0,3
1420,1179,100,50,65,4,4,0,2
1421,1179,100,50,65,4,4,0,1
1422,1179,100,51,66,4,4,0,0
1423,1178,100,51,65,4,4,0,0
1424,1178,100,51,65,4,4,0,0
1425,1179,100,50,65,4,4,0,0
1426,1180,101,50,65,4,4,0,0
1427,1180,101,50,65,4,4,0,0
1428,1180,101,50,65,4,4,0,0
1429,1180,102,51,63,4,4,0,1
1430,1180,102,51,64,4,4,0,2
1431,1180,102,50,64,4,4,0,3
1432,1180,102,50,64,4,4,0,2
1433,1180,102,50,64,4,4,0,2
1434,1180,102,50,64,4,4,0,2
1435,1180,102,50,64,4,4,0,3
1436,1180,102,50,63,4,4,0,5
1437,1179,102,51,62,4,4,0,7
1438,1180,102,50,62,4,4,0,6
1439,1180,101,50,63,4,4,0,5
1440,1180,101,49,65,4,4,0,2
1441,1179,101,50,66,4,4,0,3
1442,1179,101,51,64,4,4,0,3
1443,1179,102,51,64,4,4,0,6
1444,1179,102,51,63,4,4,0,4
1445,1179,101,50,65,4,4,0,4
1446,1178,101,51,65,4,4,0,2
1447,1179,101,51,65,4,4,0,2
1448,1179,101,51,65,4,4,0,2
1449,1179,101,51,65,4,4,0,2
1450,1179,101,51,65,4,4,0,2
1451,1179,101,51,65,4,4,0,1
1452,1179,101,51,65,4,4,0,1
1453,1179,101,51,65,4,4,0,0
1454,1179,101,51,65,4,4,0,1
1455,1179,101,50,65,4,4,0,1
1456,1179,101,50,64,4,4,0,1
1457,1179,102,50,64,4,4,0,0
1458,1179,102,51,64,4,4,0,0
1459,1179,102,51,64,4,4,0,0
1460,1179,102,51,64,4,4,0,2
1461,1179,102,51,64,4,4,0,2
1462,1179,102,51,64,4,4,0,2
1463,1179,102,50,64,4,4,0,0
1464,1179,102,51,64,4,4,0,0
1465,1179,102,51,64,4,4,0,0
1466,1179,103,51,63,4,4,0,0
1467,1179,103,51,64,4,4,0,0
1468,1179,103,51,64,4,4,0,0
1469,1179,102,51,64,4,4,0,0
1470,1179,102,51,64,4,4,0,0
1471,1178,102,51,64,4,4,0,0
1472,1178,102,51,64,4,4,0,1
1473,1179,102,51,64,4,4,0,1
1474,1178,101,51,65,4,4,0,1
1475,1178,101,51,65,4,4,0,1
1476,1179,101,51,66,4,4,0,2
1477,1179,101,50,66,4,4,0,2
1478,1179,101,50,66,4,4,0,2
1479,1179,101,51,66,4,4,0,2
1480,1178,101,51,66,4,4,0,2
1481,1178,101,51,66,4,4,0,2
1482,1178,101,51,67,4,4,0,2
1483,1179,101,51,66,4,4,0,1
1484,1179,101,51,66,4,4,0,0
1485,1179,101,51,66,4,4,0,0
1486,1178,102,51,65,4,4,0,1
1487,1178,102,51,65,4,4,0,1
1488,1178,101,51,65,4,4,0,2
1489,1178,102,51,65,4,4,0,1
1490,1178,102,51,65,4,4,0,1
1491,1178,102,50,65,4,4,0,1
1492,1178,102,50,64,4,4,0,1
1493,1178,102,50,64,4,4,0,1
1494,1178,102,50,64,4,4,0,1
1495,1178,102,50,64,4,4,0,2
1496,1178,102,50,64,4,4,0,1
1497,1179,102,50,64,4,4,0,1
1498,1178,102,50,64,4,4,0,0
1499,1178,102,51,64,4,4,0,0
1500,1178,102,51,64,4,4,0,0
1501,1178,102,51,64,4,4,0,0
1502,1178,102,51,64,4,4,0,0
1503,1178,102,51,64,4,4,0,0
1504,1178,102,51,65,4,4,0,0
1505,1178,102,51,64,4,4,0,2
1506,1178,102,51,64,4,4,0,3
1507,1178,101,50,64,4,4,0,5
1508,1178,102,51,63,4,4,0,4
1509,1178,101,50,64,4,4,0,4
1510,1178,102,50,64,4,4,0,2
1511,1178,102,51,64,4,4,0,2
1512,1178,101,50,64,4,4,0,1
1513,1178,101,50,64,4,4,0,1
1514,1178,101,50,65,4,4,0,1
1515,1178,101,50,65,4,4,0,1
1516,1178,102,51,64,4,4,0,0
1517,1178,102,51,64,4,4,0,1
1518,1178,102,51,63,4,4,0,2
1519,1178,102,51,64,4,4,0,3
1520,1178,102,51,65,4,4,0,4
1521,1178,102,51,65,4,4,0,3
1522,1178,102,51,65,4,4,0,2
1523,1178,102,51,64,4,4,0,2
1524,1178,101,50,65,4,4,0,2
1525,1178,102,51,65,4,4,0,4
1526,1179,102,50,64,4,4,0,6
1527,1178,101,50,64,4,4,0,7
1528,1178,101,50,64,4,4,0,6
1529,1178,101,50,65,4,4,0,5
1530,1178,101,50,65,4,4,0,6
1531,1179,101,50,64,4,4,0,5
1532,1178,101,50,64,4,4,0,5
1533,1178,101,50,64,4,4,0,4
1534,1178,101,50,63,4,4,0,6
1535,1178,101,50,64,4,4,0,5
1536,1178,100,50,64,4,4,0,5
1537,1178,101,50,64,4,4,0,2
1538,1178,101,50,64,4,4,0,2
1539,1178,101,50,64,4,4,0,2
1540,1179,101,50,64,4,4,0,4
1541,1179,101,50,64,4,4,0,5
1542,1178,101,50,64,4,4,0,8
1543,1179,101,50,65,4,4,0,8
1544,1179,102,50,65,4,4,0,9
1545,1179,102,50,65,4,4,0,9
1546,1179,101,50,66,4,4,0,9
1547,1179,101,50,66,4,4,0,7
1548,1179,100,49,67,4,4,0,5
1549,1178,100,50,67,4,4,0,4
1550,1179,100,50,67,4,4,0,4
1551,1178,100,50,66,4,4,0,4
1552,1178,100,50,66,4,4,0,4
1553,1178,100,50,66,4,4,0,4
1554,1178,100,50,66,4,4,0,3
1555,1178,100,50,66,4,4,0,3
1556,1178,100,50,66,4,4,0,3
1557,1178,99,50,68,4,4,0,3
1558,1178,99,50,68,4,4,0,3
1559,1179,99,50,67,4,4,0,2
1560,1178,99,50,68,4,4,0,2
1561,1178,99,50,68,4,4,0,2
1562,1178,99,50,68,4,4,0,1
1563,1178,99,50,68,4,4,0,2
1564,1178,100,50,68,4,4,0,2
1565,1178,100,51,68,4,4,0,2
1566,1178,100,50,67,4,4,0,2
1567,1178,100,50,67,4,4,0,2
1568,1179,100,50,66,4,4,0,3
1569,1179,100,50,66,4,4,0,4
1570,1179,100,50,66,4,4,0,5
1571,1179,100,50,66,4,4,0,6
1572,1179,101,50,64,4,4,0,7
1573,1178,100,50,64,4,4,0,7
1574,1179,101,50,64,4,4,0,7
1575,1178,101,50,64,4,4,0,9
1576,1178,100,50,64,4,4,0,11
1577,1178,99,50,65,4,4,0,9
1578,1178,99,50,65,4,4,0,7
1579,1178,100,50,64,4,4,0,3
1580,1178,100,50,65,4,4,0,2
1581,1178,100,50,64,4,4,0,1
1582,1178,100,50,64,4,4,0,1
1583,1179,100,50,64,4,4,0,0
1584,1179,101,50,63,4,4,0,0
1585,1179,101,50,63,4,4,0,0
1586,1178,100,50,64,4,4,0,0
1587,1178,100,50,64,4,4,0,1
1588,1179,100,50,63,4,4,0,6
1589,1179,100,50,66,4,4,0,11
1590,1179,100,50,66,4,4,0,15
1591,1179,100,50,67,4,4,0,17
1592,1179,100,50,67,4,4,0,18
1593,1179,100,50,67,4,4,0,14
1594,1179,100,50,66,4,4,0,12
1595,1179,100,50,66,4,4,0,8
1596,1178,101,50,64,4,4,0,9
1597,1179,101,50,64,4,4,0,9
1598,1178,101,50,63,4,4,0,9
1599,1178,101,50,63,4,4,0,8
1600,1178,101,50,63,4,4,0,7
1601,1177,101,51,63,4,4,0,7
1602,1177,100,50,63,4,4,0,6
1603,1178,100,50,63,4,4,0,5
1604,1178,101,50,63,4,4,0,3
1605,1177,101,50,63,4,4,0,2
1606,1178,100,50,64,4,4,0,4
1607,1178,100,50,65,4,4,0,7
1608,1178,100,49,66,4,4,0,9
1609,1178,100,49,65,4,4,0,13
1610,1178,101,50,65,4,4,0,18
1611,1178,101,50,69,4,4,0,26
1612,1178,101,50,71,4,4,0,26
1613,1179,101,50,68,4,4,0,24
1614,1179,101,50,68,4,4,0,17
1615,1179,101,50,69,4,4,0,16
1616,1179,102,50,63,4,4,0,20
1617,1180,102,50,64,4,4,0,21
1618,1179,102,51,63,4,4,0,22
1619,1179,102,50,65,4,4,0,17
1620,1180,103,49,61,4,4,0,15
1621,1179,102,49,65,4,4,0,10
1622,1179,101,50,66,4,4,0,8
1623,1178,101,50,65,4,4,0,5
1624,1179,101,50,65,4,4,0,6
1625,1179,101,50,65,4,4,0,4
1626,1178,101,50,66,4,4,0,4
1627,1179,101,50,66,4,4,0,2
1628,1178,101,49,66,4,4,0,1
1629,1179,101,49,66,4,4,0,1
1630,1178,101,50,66,4,4,0,1
1631,1179,102,50,64,4,4,0,3
1632,1178,102,50,64,4,4,0,3
1633,1178,102,50,64,4,4,0,3
1634,1178,102,50,64,4,4,0,2
1635,1179,102,49,64,4,4,0,3
1636,1178,101,51,66,4,4,0,4
1637,1179,101,50,66,4,4,0,7
1638,1179,101,50,66,4,4,0,6
1639,1179,101,50,66,4,4,0,6
1640,1179,101,50,66,4,4,0,4
1641,1179,101,50,67,4,4,0,3
1642,1179,101,50,66,4,4,0,2
1643,1179,101,50,66,4,4,0,1
1644,1180,100,50,67,4,4,0,1
1645,1180,101,50,67,4,4,0,1
1646,1179,101,50,67,4,4,0,1
1647,1179,101,50,67,4,4,0,1
1648,1180,101,50,67,4,4,0,1
1649,1179,101,50,66,4,4,0,2
1650,1179,100,50,67,4,4,0,3
1651,1179,100,49,66,4,4,0,4
1652,1179,100,50,67,4,4,0,3
1653,1179,101,50,66,4,4,0,2
1654,1179,101,50,66,4,4,0,1
1655,1178,101,50,66,4,4,0,1
1656,1179,101,50,66,4,4,0,1
1657,1179,101,50,66,4,4,0,1
1658,1179,101,50,65,4,4,0,0
1659,1179,101,50,66,4,4,0,0
1660,1179,101,50,66,4,4,0,0
1661,1179,101,50,66,4,4,0,0
1662,1179,102,50,65,4,4,0,0
1663,1179,102,50,65,4,4,0,0
1664,1179,102,50,65,4,4,0,4
1665,1179,102,51,65,4,4,0,8
1666,1179,103,51,60,4,4,0,10
1667,1179,103,51,60,4,4,0,7
1668,1180,102,50,65,4,4,0,3
1669,1180,102,50,65,4,4,0,2
1670,1180,102,49,65,4,4,0,5
1671,1179,102,50,65,4,4,0,9
1672,1179,102,50,64,4,4,0,10
1673,1179,103,50,64,4,4,0,8
1674,1179,102,50,65,4,4,0,4
1675,1179,103,49,64,4,4,0,3
1676,1180,102,49,64,4,4,0,2
1677,1180,102,49,64,4,4,0,1
1678,1180,102,50,65,4,4,0,1
1679,1180,102,50,65,4,4,0,1
1680,1179,101,50,66,4,4,0,2
1681,1179,102,50,66,4,4,0,4
1682,1179,103,50,64,4,4,0,5
1683,1179,103,49,64,4,4,0,4
1684,1179,103,50,64,4,4,0,7
1685,1179,103,50,64,4,4,0,13
1686,1179,103,51,59,4,4,0,20
1687,1179,103,50,59,4,4,0,23
1688,1179,103,50,59,4,4,0,25
1689,1179,103,51,60,4,4,0,27
1690,1180,103,50,60,4,4,0,26
1691,1180,103,50,60,4,4,0,26
1692,1180,103,50,63,4,4,0,22
1693,1180,103,50,64,4,4,0,20
1694,1180,102,49,64,4,4,0,17
1695,1179,102,49,65,4,4,0,16
1696,1179,102,50,65,4,4,0,13
1697,1179,101,50,65,4,4,0,9
1698,1179,101,49,66,4,4,0,7
1699,1179,101,50,66,4,4,0,5
1700,1179,102,50,65,4,4,0,4
1701,1179,102,50,65,4,4,0,2
1702,1179,102,51,65,4,4,0,2
1703,1179,102,51,65,4,4,0,2
1704,1179,100,50,66,4,4,0,2
1705,1179,101,51,65,4,4,0,1
1706,1180,102,50,65,4,4,0,1
1707,1180,102,50,65,4,4,0,1
1708,1180,102,50,66,4,4,0,1
1709,1180,102,50,65,4,4,0,2
1710,1180,103,50,64,4,4,0,2
1711,1180,103,50,65,4,4,0,2
1712,1180,103,50,64,4,4,0,1
1713,1180,103,50,64,4,4,0,1
1714,1180,102,49,65,4,4,0,1
1715,1180,102,49,65,4,4,0,2
1716,1180,102,50,65,4,4,0,1
1717,1180,102,50,65,4,4,0,1
1718,1180,103,50,64,4,4,0,0
1719,1180,103,50,64,4,4,0,1
1720,1180,102,50,64,4,4,0,2
1721,1180,102,50,63,4,4,0,3
1722,1180,102,50,64,4,4,0,2
1723,1180,103,50,64,4,4,0,1
1724,1180,103,50,64,4,4,0,1
1725,1180,103,50,64,4,4,0,2
1726,1180,103,50,64,4,4,0,2
1727,1180,103,50,64,4,4,0,5
1728,1180,103,50,64,4,4,0,7
1730,1180,103,49,61,4,4,0,7
1731,1180,103,49,61,4,4,0,5
1740,1178,102,51,65,4,4,0,2
1741,1178,102,51,65,4,4,0,1
1742,1178,102,51,65,4,4,0,2
1743,1178,102,51,65,4,4,0,3
1744,1179,102,50,65,4,4,0,4
1745,1179,102,50,65,4,4,0,3
1746,1179,102,51,65,4,4,0,2
1747,1179,102,50,65,4,4,0,1
1748,1179,102,50,64,4,4,0,2
1749,1179,102,50,65,4,4,0,2
1750,1180,101,49,65,4,4,0,2
1751,1180,101,49,66,4,4,0,1
1752,1180,101,48,66,4,4,0,1
1753,1180,100,49,66,4,4,0,1
1754,1180,99,49,67,4,4,0,1
1755,1179,101,49,66,4,4,0,3
1756,1179,101,50,65,4,4,0,4
1757,1179,101,49,64,4,4,0,5
1758,1179,101,49,64,4,4,0,3
1759,1179,102,49,64,4,4,0,1
1760,1179,101,50,65,4,4,0,1
1761,1179,102,50,65,4,4,0,1
1762,1179,102,50,65,4,4,0,3
1765,1180,101,49,65,4,4,0,4
1766,1180,101,49,66,4,4,0,5
1767,1179,101,50,66,4,4,0,3
1768,1180,103,50,64,4,4,0,3
1769,1180,103,50,64,4,4,0,4
1770,1180,103,50,65,4,4,0,6
1771,1180,103,50,65,4,4,0,7
1772,1180,103,50,65,4,4,0,6
1773,1180,103,50,65,4,4,0,4
1774,1180,103,50,65,4,4,0,2
1775,1180,102,50,65,4,4,0,2
1776,1180,103,49,65,4,4,0,2
1777,1180,102,50,65,4,4,0,1
1778,1179,102,50,66,4,4,0,1
1779,1179,101,51,68,4,4,0,2
1780,1178,101,50,65,4,4,0,3
1781,1178,101,50,65,4,4,0,3
1782,1178,101,50,65,4,4,0,3
1783,1178,101,50,66,4,4,0,3
1784,1178,101,50,66,4,4,0,4
1785,1178,101,50,66,4,4,0,5
1786,1179,101,50,66,4,4,0,5
1787,1179,102,50,66,4,4,0,6
1788,1179,100,49,68,4,4,0,5
1789,1179,100,49,69,4,4,0,4
1790,1180,101,49,66,4,4,0,2
1791,1180,101,49,67,4,4,0,1
1792,1180,102,49,65,4,4,0,1
1793,1180,103,49,65,4,4,0,1
1794,1180,103,49,65,4,4,0,1
1795,1180,103,49,65,4,4,0,1
1796,1180,102,49,65,4,4,0,1
1797,1179,102,50,65,4,4,0,1
1798,1179,102,49,65,4,4,0,1
1799,1178,102,50,66,4,4,0,1
1800,1178,101,50,66,4,4,0,1
1801,1178,101,50,66,4,4,0,1
1802,1178,102,51,65,4,4,0,2
1803,1178,102,51,64,4,4,0,6
1804,1178,101,51,65,4,4,0,7
1805,1178,101,50,64,4,4,0,8
1806,1178,101,50,64,4,4,0,6
1807,1178,102,51,64,4,4,0,5
1808,1178,101,50,65,4,4,0,4
1809,1178,102,50,64,4,4,0,3
1810,1179,102,50,63,4,4,0,3
1811,1179,102,50,64,4,4,0,3
1812,1179,103,50,64,4,4,0,3
1813,1179,103,50,64,4,4,0,3
1814,1179,102,50,64,4,4,0,6
1815,1179,102,50,65,4,4,0,8
1816,1179,102,50,65,4,4,0,9
1817,1179,102,50,66,4,4,0,6
1818,1179,102,50,66,4,4,0,4
1819,1179,102,50,66,4,4,0,2
1820,1179,102,50,65,4,4,0,3
1821,1179,103,50,64,4,4,0,5
1822,1179,101,50,65,4,4,0,8
1823,1179,102,50,64,4,4,0,9
1824,1179,102,50,64,4,4,0,10
1825,1178,102,50,64,4,4,0,9
1826,1178,102,51,63,4,4,0,7
1827,1178,102,51,64,4,4,0,5
1828,1178,102,51,63,4,4,0,3
1829,1178,102,51,63,4,4,0,2
1830,1178,102,51,63,4,4,0,2
1831,1178,102,51,63,4,4,0,5
1832,1178,101,51,63,4,4,0,8
1833,1178,102,51,61,4,4,0,13
1834,1178,102,51,61,4,4,0,17
1835,1178,102,52,58,4,4,0,21
1836,1179,102,51,57,4,4,0,24
1837,1179,103,51,56,4,4,0,25
1838,1179,103,50,55,4,4,0,26
1839,1179,103,50,55,4,4,0,25
1840,1180,102,50,55,4,4,0,31
1841,1179,102,50,63,4,4,0,37
1842,1179,102,50,64,4,4,0,46
1843,1179,102,50,65,4,4,0,48
1844,1179,102,50,65,4,4,0,48
1845,1179,102,50,65,4,4,0,39
1846,1179,102,50,65,4,4,0,28
1847,1179,102,49,64,4,4,0,15
1848,1179,101,50,66,4,4,0,9
1849,1179,101,50,66,4,4,0,5
1850,1179,102,50,64,4,4,0,3
1851,1178,102,50,64,4,4,0,2
1852,1179,102,50,64,4,4,0,2
1853,1178,102,50,64,4,4,0,1
1854,1178,102,50,64,4,4,0,2
1855,1179,103,50,64,4,4,0,4
1856,1179,103,50,65,4,4,0,7
1857,1179,103,51,65,4,4,0,9
1858,1179,103,51,65,4,4,0,8
1859,1179,103,51,65,4,4,0,6
1860,1179,103,50,65,4,4,0,8
1861,1179,103,50,65,4,4,0,8
1862,1180,103,50,61,4,4,0,10
1863,1180,103,49,64,4,4,0,10
1864,1180,102,49,64,4,4,0,14
1865,1180,103,50,60,4,4,0,16
1866,1180,103,49,59,4,4,0,16
1867,1180,103,50,62,4,4,0,13
1868,1180,103,49,58,4,4,0,10
1869,1179,102,50,64,4,4,0,7
1870,1179,102,50,63,4,4,0,7
1871,1179,103,50,60,4,4,0,5
1872,1178,102,50,63,4,4,0,9
1873,1179,102,50,63,4,4,0,7
1874,1178,102,50,63,4,4,0,8
1875,1178,102,50,65,4,4,0,8
1876,1179,102,50,64,4,4,0,10
1877,1179,102,50,64,4,4,0,10
1878,1179,102,50,65,4,4,0,10
1879,1179,101,50,65,4,4,0,8
1881,1179,102,49,65,4,4,0,7
1882,1180,102,50,65,4,4,0,3
1884,1180,102,50,65,4,4,0,2
1885,1180,102,50,65,4,4,0,3
1886,1180,102,50,65,4,4,0,3
1887,1180,102,50,66,4,4,0,3
1888,1180,101,50,66,4,4,0,2
1889,1179,102,50,66,4,4,0,2
1890,1179,102,50,65,4,4,0,1
1891,1179,102,50,66,4,4,0,2
1892,1179,102,50,65,4,4,0,2
1893,1180,102,50,64,4,4,0,4
1894,1179,101,50,65,4,4,0,4
1895,1179,101,50,65,4,4,0,6
1896,1179,101,50,66,4,4,0,7
1897,1179,101,51,65,4,4,0,8
1898,1179,100,50,65,4,4,0,6
1899,1179,101,51,65,4,4,0,3
1900,1179,100,50,65,4,4,0,2
1901,1179,101,50,65,4,4,0,1
1902,1179,100,49,67,4,4,0,5
1903,1179,100,49,67,4,4,0,8
1904,1179,101,49,67,4,4,0,12
1905,1179,100,50,68,4,4,0,12
1906,1179,101,50,68,4,4,0,11
1907,1180,101,50,68,4,4,0,8
1908,1179,101,50,66,4,4,0,5
1909,1179,101,50,67,4,4,0,3
1910,1180,101,49,67,4,4,0,2
1911,1180,101,50,67,4,4,0,2
1912,1180,101,50,66,4,4,0,2
1913,1180,101,50,66,4,4,0,2
1914,1180,101,50,66,4,4,0,2
1915,1179,101,50,66,4,4,0,3
1916,1179,101,50,66,4,4,0,4
1917,1179,101,50,66,4,4,0,4
1918,1179,101,50,65,4,4,0,5
1919,1179,101,50,65,4,4,0,4
1920,1179,102,50,66,4,4,0,3
1921,1179,99,50,69,4,4,0,2
1922,1179,100,50,68,4,4,0,2
1923,1179,100,50,67,4,4,0,2
1924,1179,100,50,67,4,4,0,3
1925,1179,100,50,67,4,4,0,3
1926,1179,100,49,67,4,4,0,3
1927,1179,100,49,67,4,4,0,3
1928,1179,100,49,67,4,4,0,2
1929,1179,101,50,66,4,4,0,1
1930,1179,101,50,66,4,4,0,1
1931,1179,101,50,66,4,4,0,1
1932,1180,101,50,67,4,4,0,3
1933,1180,101,49,67,4,4,0,5
1934,1180,101,50,68,4,4,0,7
1935,1180,101,50,68,4,4,0,8
1936,1180,101,50,68,4,4,0,7
1937,1180,101,50,68,4,4,0,5
1938,1180,101,50,68,4,4,0,3
1939,1180,101,50,67,4,4,0,1
1940,1180,101,49,68,4,4,0,2
1941,1180,101,49,68,4,4,0,3
1942,1180,101,49,66,4,4,0,9
1943,1180,101,49,66,4,4,0,11
1944,1179,100,50,65,4,4,0,15
1945,1180,100,49,65,4,4,0,15
1946,1180,100,49,65,4,4,0,16
1947,1179,100,49,66,4,4,0,15
1948,1180,100,49,65,4,4,0,12
1949,1180,100,49,65,4,4,0,9
1950,1179,100,49,66,4,4,0,6
1951,1179,100,50,65,4,4,0,4
1952,1180,100,49,66,4,4,0,3
1953,1180,100,49,66,4,4,0,3
1954,1180,101,49,64,4,4,0,3
1955,1180,101,49,66,4,4,0,3
1958,1180,101,49,66,4,4,0,2
1959,1181,101,49,66,4,4,0,3
1960,1180,101,49,66,4,4,0,4
1961,1180,102,49,65,4,4,0,4
1962,1180,101,49,66,4,4,0,4
1963,1180,101,49,66,4,4,0,2
1964,1180,101,49,65,4,4,0,1
1980,1179,100,50,66,4,4,0,1
1981,1179,100,49,66,4,4,0,0
1983,1179,100,49,66,4,4,0,0
1984,1179,101,49,66,4,4,0,0
1985,1179,100,50,66,4,4,0,0
1986,1179,100,49,66,4,4,0,0
1987,1178,100,50,66,4,4,0,0
1988,1179,100,50,66,4,4,0,0
1989,1179,101,50,66,4,4,0,1
1990,1179,101,50,65,4,4,0,1
1992,1179,101,50,66,4,4,0,1
1993,1179,101,50,66,4,4,0,1
1994,1178,101,50,66,4,4,0,1
1995,1179,101,50,65,4,4,0,1
1996,1179,100,51,66,4,4,0,1
1997,1179,100,50,66,4,4,0,1
1998,1179,100,51,67,4,4,0,1
1999,1179,100,51,66,4,4,0,2
2000,1179,101,51,65,4,4,0,2
2001,1179,100,50,65,4,4,0,1
2002,1179,100,50,65,4,4,0,1
2003,1179,101,50,65,4,4,0,1
2004,1180,101,49,65,4,4,0,1
2005,1179,101,50,65,4,4,0,1
2006,1179,101,50,65,4,4,0,2
2007,1179,102,50,64,4,4,0,2
2008,1179,102,50,64,4,4,0,2
2009,1179,102,50,64,4,4,0,1
2010,1179,102,50,64,4,4,0,1
2011,1178,102,51,65,4,4,0,1
2013,1179,102,50,65,4,4,0,1
2014,1180,102,50,64,4,4,0,2
2015,1180,102,50,65,4,4,0,3
2016,1180,101,49,66,4,4,0,3
2017,1180,101,50,66,4,4,0,1
2018,1180,101,50,66,4,4,0,1
2019,1179,102,50,65,4,4,0,1
2020,1180,101,50,66,4,4,0,1
2021,1179,102,50,66,4,4,0,1
2022,1179,102,50,65,4,4,0,1
2023,1179,102,50,65,4,4,0,1
2024,1179,102,50,65,4,4,0,1
2025,1179,102,50,66,4,4,0,1
2026,1179,102,50,66,4,4,0,3
2027,1179,102,50,66,4,4,0,2
2028,1179,101,50,65,4,4,0,3
2029,1179,102,50,65,4,4,0,1
2030,1179,102,50,65,4,4,0,2
2031,1180,101,50,66,4,4,0,2
2032,1180,101,50,65,4,4,0,3
2033,1180,101,50,66,4,4,0,2
2034,1180,101,50,66,4,4,0,2
2035,1180,101,50,66,4,4,0,2
2036,1180,101,50,66,4,4,0,2
2037,1180,101,50,67,4,4,0,2
2038,1180,102,50,65,4,4,0,1
2039,1180,102,50,65,4,4,0,1
2040,1179,102,50,64,4,4,0,1
2041,1179,101,50,67,4,4,0,1
2042,1179,101,50,67,4,4,0,0
2043,1179,101,50,67,4,4,0,0
2044,1179,101,50,67,4,4,0,0
2045,1179,101,50,66,4,4,0,1
2046,1180,101,49,66,4,4,0,3
2047,1180,101,49,66,4,4,0,4
2048,1180,101,49,66,4,4,0,4
2049,1180,101,49,66,4,4,0,3
2050,1180,101,49,66,4,4,0,2
2051,1180,102,49,65,4,4,0,2
2052,1180,102,50,65,4,4,0,3
2053,1180,102,50,66,4,4,0,4
2054,1180,102,50,66,4,4,0,5
2055,1180,102,50,66,4,4,0,5
2056,1180,102,50,67,4,4,0,5
2057,1180,103,50,65,4,4,0,3
2058,1180,102,50,65,4,4,0,2
2059,1180,103,50,65,4,4,0,2
2060,1180,103,50,65,4,4,0,5
2061,1179,102,51,65,4,4,0,8
2062,1179,102,51,65,4,4,0,8
2063,1179,102,51,65,4,4,0,6
2064,1179,102,51,65,4,4,0,3
2065,1179,102,50,65,4,4,0,3
2066,1179,102,50,65,4,4,0,3
2067,1179,102,50,65,4,4,0,3
2068,1179,102,50,65,4,4,0,2
2069,1179,102,50,65,4,4,0,2
2070,1180,102,50,65,4,4,0,1
2071,1180,102,50,66,4,4,0,1
2072,1180,102,50,66,4,4,0,0
2073,1180,102,50,66,4,4,0,0
2074,1180,102,50,66,4,4,0,0
2075,1180,102,50,65,4,4,0,0
2076,1180,102,50,65,4,4,0,0
2077,1180,103,49,64,4,4,0,0
2078,1180,103,49,64,4,4,0,0
2079,1180,103,49,64,4,4,0,0
2080,1180,103,50,64,4,4,0,1
2081,1180,102,50,65,4,4,0,1
2082,1180,102,50,65,4,4,0,1
2083,1180,102,50,66,4,4,0,0
2084,1180,102,50,65,4,4,0,0
2085,1180,102,50,65,4,4,0,0
2086,1180,102,50,65,4,4,0,0
2087,1180,103,50,65,4,4,0,1
2088,1179,102,50,65,4,4,0,0
2089,1179,102,50,66,4,4,0,0
2090,1179,101,50,67,4,4,0,0
2091,1179,102,50,65,4,4,0,1
2092,1179,102,50,65,4,4,0,1
2093,1179,102,50,65,4,4,0,3
2094,1179,102,50,65,4,4,0,5
2095,1179,101,50,65,4,4,0,6
2096,1179,101,50,65,4,4,0,5
2097,1179,101,50,65,4,4,0,4
2098,1180,101,49,65,4,4,0,3
2099,1180,101,49,65,4,4,0,3
2100,1179,102,50,65,4,4,0,4
2101,1179,102,50,66,4,4,0,6
2102,1179,102,50,66,4,4,0,8
2103,1179,102,50,66,4,4,0,9
2104,1179,102,50,66,4,4,0,8
2105,1179,102,50,66,4,4,0,6
2106,1180,102,50,66,4,4,0,3
2107,1180,102,49,66,4,4,0,2
2108,1180,102,49,66,4,4,0,2
2109,1180,102,50,66,4,4,0,2
2110,1180,102,50,67,4,4,0,2
2111,1179,102,50,65,4,4,0,3
2112,1179,102,50,65,4,4,0,5
2113,1179,102,50,65,4,4,0,6
2114,1180,102,50,65,4,4,0,7
2115,1179,102,50,65,4,4,0,6
2116,1179,102,50,65,4,4,0,4
2117,1179,102,50,65,4,4,0,2
2118,1179,102,50,65,4,4,0,1
2119,1179,102,50,65,4,4,0,1
2120,1179,102,50,65,4,4,0,2
2121,1179,102,50,65,4,4,0,2
2122,1179,102,50,64,4,4,0,4
2123,1179,102,50,64,4,4,0,4
2124,1179,101,50,65,4,4,0,5
2125,1179,101,50,65,4,4,0,4
2126,1179,101,50,65,4,4,0,3
2127,1179,101,50,65,4,4,0,2
2128,1179,101,50,65,4,4,0,1
2129,1179,101,50,66,4,4,0,1
2130,1179,101,50,65,4,4,0,0
2131,1179,101,50,65,4,4,0,0
2132,1179,101,51,65,4,4,0,0
2133,1179,101,50,65,4,4,0,0
2134,1179,101,50,65,4,4,0,0
2135,1179,102,50,64,4,4,0,1
2136,1178,101,51,64,4,4,0,2
2137,1178,101,51,65,4,4,0,2
2138,1179,101,50,65,4,4,0,3
2139,1179,101,50,64,4,4,0,3
2140,1179,101,50,64,4,4,0,4
0,909,92,32,50,5,6,1,0
1,909,92,32,50,5,6,1,0
2,909,92,32,50,5,6,1,1
3,909,92,31,50,5,6,1,2
4,910,92,31,50,5,6,1,2
5,910,92,31,50,5,6,1,2
6,910,92,31,50,5,6,1,1
7,910,92,31,50,5,6,1,1
8,910,92,31,51,5,6,1,1
9,910,92,30,50,5,6,1,1
10,910,92,30,50,5,6,1,1
11,910,93,30,50,5,6,1,1
12,910,92,31,51,5,6,1,0
13,911,92,30,50,5,6,1,0
14,910,92,30,50,5,6,1,0
15,911,92,30,50,5,6,1,1
16,910,92,31,51,5,6,1,2
17,909,92,31,50,5,6,1,2
18,909,92,31,50,5,6,1,2
19,909,92,31,50,5,6,1,1
20,909,92,31,50,5,6,1,1
21,909,92,31,50,5,6,1,1
22,909,92,32,50,5,6,1,1
23,909,92,31,50,5,6,1,1
24,910,92,31,50,5,6,1,0
25,910,92,31,50,5,6,1,0
26,910,92,31,50,5,6,1,0
27,910,92,31,50,5,6,1,0
28,910,92,31,50,5,6,1,1
29,910,92,31,50,5,6,1,1
30,910,92,31,51,5,6,1,2
31,910,92,31,50,5,6,1,2
32,909,92,32,51,5,6,1,3
33,910,92,32,51,5,6,1,3
34,909,92,32,51,5,6,1,3
35,909,92,32,51,5,6,1,3
36,910,92,31,50,5,6,1,2
37,910,93,31,50,5,6,1,2
38,911,93,30,50,5,6,1,1
39,911,93,30,50,5,6,1,0
40,910,92,32,51,5,6,1,1
41,910,92,32,51,5,6,1,1
42,909,92,32,51,5,6,1,1
43,910,92,31,51,5,6,1,2
44,909,92,32,51,5,6,1,2
45,910,92,31,50,5,6,1,2
46,909,92,31,50,5,6,1,2
47,909,92,31,50,5,6,1,2
48,910,92,30,50,5,6,1,1
49,910,92,30,50,5,6,1,2
50,910,93,30,49,5,6,1,2
51,910,93,30,49,5,6,1,2
52,910,93,30,49,5,6,1,1
53,910,93,30,49,5,6,1,0
54,910,93,30,49,5,6,1,0
55,910,93,30,49,5,6,1,0
58,911,93,29,49,5,6,1,1
59,911,93,30,50,5,6,1,1
60,910,93,31,50,5,6,1,2
61,910,92,31,50,5,6,1,1
62,910,93,31,50,5,6,1,1
63,910,93,31,50,5,6,1,1
64,910,92,31,50,5,6,1,1
65,909,92,31,50,5,6,1,2
66,909,92,31,50,5,6,1,4
67,909,91,31,51,5,6,1,5
68,910,91,31,51,5,6,1,6
69,910,91,31,51,5,6,1,5
70,910,91,31,51,5,6,1,3
71,910,91,30,50,5,6,1,3
72,909,92,31,50,5,6,1,2
73,909,92,31,50,5,6,1,2
74,910,92,30,50,5,6,1,2
75,910,92,30,50,5,6,1,2
76,910,92,31,50,5,6,1,2
77,910,92,31,50,5,6,1,3
78,911,93,29,49,5,6,1,2
79,910,93,30,50,5,6,1,1
80,910,92,30,50,5,6,1,0
81,910,92,30,50,5,6,1,0
82,910,92,30,50,5,6,1,1
83,911,92,30,51,5,6,1,2
84,910,92,30,51,5,6,1,2
85,910,92,30,50,5,6,1,1
86,910,92,31,51,5,6,1,1
87,910,92,30,50,5,6,1,1
88,909,92,32,50,5,6,1,1
89,909,92,32,50,5,6,1,2
90,909,92,32,50,5,6,1,3
91,909,91,32,51,5,6,1,4
92,909,91,32,51,5,6,1,5
93,909,91,32,50,5,6,1,4
94,909,93,30,48,5,6,1,3
100,908,92,33,49,5,6,1,2
101,911,92,31,50,5,6,1,1
102,910,91,31,51,5,6,1,1
103,911,92,30,50,5,6,1,1
107,909,94,32,49,5,6,1,2
108,910,92,31,50,5,6,1,1
109,910,92,31,50,5,6,1,1
110,911,93,31,49,5,6,1,0
111,911,93,30,49,5,6,1,0
112,911,93,30,49,5,6,1,0
113,910,92,31,50,5,6,1,0
115,910,96,27,46,5,6,1,0
120,909,92,32,50,5,6,1,0
121,910,92,32,50,5,6,1,0
122,909,92,32,50,5,6,1,0
123,909,92,32,50,5,6,1,0
124,910,92,31,51,5,6,1,0
125,910,92,32,50,5,6,1,0
126,910,92,32,50,5,6,1,0
127,910,92,31,50,5,6,1,0
128,909,92,32,50,5,6,1,0
129,911,92,31,51,5,6,1,0
130,911,92,31,51,5,6,1,0
131,910,92,31,50,5,6,1,0
132,909,92,32,51,5,6,1,0
133,909,92,33,50,5,6,1,0
134,909,92,33,50,5,6,1,0
135,909,92,32,50,5,6,1,0
136,910,92,32,50,5,6,1,1
137,910,92,32,50,5,6,1,1
142,908,92,33,50,5,6,1,2
143,908,92,33,50,5,6,1,2
144,909,92,32,49,5,6,1,2
145,909,92,32,50,5,6,1,1
146,909,92,32,50,5,6,1,1
147,908,92,33,50,5,6,1,1
148,909,92,32,50,5,6,1,2
149,909,92,32,50,5,6,1,2
150,909,92,32,50,5,6,1,2
151,909,92,32,50,5,6,1,2
152,909,92,32,50,5,6,1,3
153,909,93,32,50,5,6,1,4
154,909,93,32,50,5,6,1,4
155,909,93,32,50,5,6,1,3
156,910,93,31,49,5,6,1,2
157,910,93,31,49,5,6,1,2
158,910,93,31,50,5,6,1,3
159,910,93,31,49,5,6,1,4
160,910,93,31,49,5,6,1,3
161,909,93,31,49,5,6,1,2
162,910,93,31,49,5,6,1,1
163,910,93,31,49,5,6,1,0
164,910,93,31,49,5,6,1,0
165,909,93,31,49,5,6,1,0
166,909,93,31,49,5,6,1,0
167,909,93,32,49,5,6,1,1
168,909,92,31,50,5,6,1,2
169,909,92,31,50,5,6,1,1
170,911,93,30,49,5,6,1,1
171,910,92,31,50,5,6,1,0
172,911,93,30,49,5,6,1,2
173,910,92,31,50,5,6,1,2
174,910,93,31,50,5,6,1,3
175,910,92,31,50,5,6,1,1
176,910,92,31,50,5,6,1,1
177,910,92,32,50,5,6,1,1
178,910,92,32,50,5,6,1,1
179,910,92,32,51,5,6,1,1
180,910,92,31,51,5,6,1,1
181,910,92,31,50,5,6,1,1
182,910,92,30,50,5,6,1,1
183,910,92,30,50,5,6,1,1
184,910,92,30,50,5,6,1,1
185,910,92,30,50,5,6,1,1
186,910,92,31,51,5,6,1,0
187,910,92,31,50,5,6,1,0
188,910,92,31,50,5,6,1,0
189,910,92,31,50,5,6,1,1
190,910,92,31,50,5,6,1,1
191,911,93,30,50,5,6,1,2
192,910,92,31,50,5,6,1,1
193,910,92,31,50,5,6,1,1
194,910,92,31,50,5,6,1,1
195,911,92,30,50,5,6,1,2
196,910,93,30,50,5,6,1,2
197,911,93,30,49,5,6,1,1
198,911,93,30,49,5,6,1,1
199,911,93,30,49,5,6,1,0
200,911,93,30,49,5,6,1,1
201,911,93,30,49,5,6,1,2
202,911,93,30,49,5,6,1,4
203,909,93,31,50,5,6,1,4
204,909,93,32,50,5,6,1,5
205,909,93,32,50,5,6,1,4
206,909,93,32,50,5,6,1,3
207,910,93,31,49,5,6,1,2
208,910,93,31,50,5,6,1,1
209,910,93,31,50,5,6,1,0
210,909,93,33,50,5,6,1,0
211,908,93,33,50,5,6,1,1
212,909,93,32,50,5,6,1,2
213,908,93,33,50,5,6,1,3
214,910,93,31,49,5,6,1,2
215,910,94,31,49,5,6,1,2
216,908,92,33,51,5,6,1,4
217,910,92,31,50,5,6,1,5
218,910,93,30,49,5,6,1,5
221,909,92,31,50,5,6,1,2
222,910,93,31,49,5,6,1,1
223,910,94,30,49,5,6,1,1
224,911,94,30,48,5,6,1,1
225,910,94,30,48,5,6,1,2
226,910,94,30,49,5,6,1,2
227,911,94,29,49,5,6,1,2
228,911,94,30,49,5,6,1,2
229,911,93,30,49,5,6,1,1
230,911,93,30,49,5,6,1,1
231,911,93,30,49,5,6,1,1
232,911,94,30,49,5,6,1,1
233,911,94,30,49,5,6,1,1
234,911,94,30,48,5,6,1,2
235,911,94,30,48,5,6,1,2
236,912,95,29,48,5,6,1,2
237,911,94,29,48,5,6,1,1
238,912,94,29,48,5,6,1,1
239,912,94,29,48,5,6,1,0
240,910,93,31,50,5,6,1,1
241,909,94,32,48,5,6,1,1
242,910,92,31,50,5,6,1,2
243,910,92,31,50,5,6,1,1
244,910,93,31,49,5,6,1,2
245,911,93,29,49,5,6,1,2
246,911,93,29,49,5,6,1,2
247,911,93,29,49,5,6,1,1
248,911,93,30,49,5,6,1,1
249,911,93,30,50,5,6,1,2
250,911,93,30,50,5,6,1,1
251,911,93,30,50,5,6,1,1
252,911,93,29,49,5,6,1,1
253,911,93,30,49,5,6,1,1
254,910,93,31,50,5,6,1,1
255,910,93,31,50,5,6,1,0
256,911,94,30,49,5,6,1,1
257,911,94,30,49,5,6,1,1
258,911,94,30,49,5,6,1,2
259,911,94,30,49,5,6,1,2
260,909,93,33,50,5,6,1,2
261,909,93,33,50,5,6,1,1
262,909,93,33,50,5,6,1,1
263,910,94,31,48,5,6,1,1
264,911,93,30,50,5,6,1,2
265,910,93,31,49,5,6,1,3
266,910,93,31,49,5,6,1,3
267,910,93,31,50,5,6,1,2
268,910,93,31,50,5,6,1,3
269,910,92,31,50,5,6,1,2
270,910,92,31,50,5,6,1,2
271,910,93,31,49,5,6,1,1
282,911,95,30,48,5,6,1,0
284,911,94,30,49,5,6,1,0
285,911,94,30,49,5,6,1,0
286,910,94,30,49,5,6,1,0
287,911,92,31,50,5,6,1,0
288,910,93,32,50,5,6,1,2
289,911,93,31,50,5,6,1,9
290,911,93,31,48,5,6,1,13
291,911,93,31,45,5,6,1,18
0,481,269,26,84,6,6,11,14
4,473,277,34,82,6,6,11,13
5,472,277,40,84,6,6,11,11
6,474,275,31,87,6,6,11,10
9,477,276,41,88,6,6,11,9
10,482,277,37,90,6,6,11,10
11,485,284,30,83,6,6,11,9
12,482,284,33,85,6,6,11,9
13,484,283,32,86,6,6,11,9
15,483,286,33,86,6,6,11,10
17,478,288,41,87,6,6,11,11
18,473,289,43,91,6,6,11,13
19,474,287,42,91,6,6,11,14
20,471,292,41,89,6,6,11,15
21,472,297,33,85,6,6,11,15
22,468,294,37,88,6,6,11,15
23,475,303,21,80,6,6,11,13
24,464,296,35,89,6,6,11,11
25,464,297,32,89,6,6,11,9
26,460,293,40,94,6,6,11,7
27,459,293,38,94,6,6,11,6
28,460,295,40,93,6,6,11,5
29,469,306,18,81,6,6,11,4
30,467,300,22,87,6,6,11,3
32,465,300,26,89,6,6,11,3
33,458,295,39,94,6,6,11,3
34,462,299,29,91,6,6,11,4
35,462,301,27,90,6,6,11,4
36,468,311,18,80,6,6,11,5
40,455,300,42,96,6,6,11,5
41,456,300,38,96,6,6,11,5
43,459,307,36,90,6,6,11,5
44,455,300,48,97,6,6,11,5
45,454,300,48,97,6,6,11,5
46,455,303,41,96,6,6,11,5
47,454,305,43,95,6,6,11,5
48,455,307,37,93,6,6,11,6
49,457,305,38,96,6,6,11,7
50,456,309,33,95,6,6,11,8
51,460,308,34,94,6,6,11,9
52,461,309,31,97,6,6,11,10
53,453,310,39,97,6,6,11,11
54,452,307,48,101,6,6,11,11
55,451,308,48,101,6,6,11,11
56,451,315,42,96,6,6,11,10
57,455,314,36,98,6,6,11,9
58,448,310,48,103,6,6,11,9
59,445,313,47,102,6,6,11,9
60,445,316,44,100,6,6,11,8
61,443,316,46,101,6,6,11,8
62,444,320,41,98,6,6,11,7
63,442,317,48,102,6,6,11,7
64,442,319,42,100,6,6,11,7
65,451,326,26,94,6,6,11,7
66,437,319,45,104,6,6,11,7
67,434,322,48,102,6,6,11,7
68,434,326,43,99,6,6,11,8
69,432,328,44,99,6,6,11,8
70,431,329,43,100,6,6,11,9
71,431,334,37,96,6,6,11,9
72,437,334,27,98,6,6,11,9
73,436,329,33,104,6,6,11,10
74,428,332,48,105,6,6,11,10
75,436,336,30,102,6,6,11,10
76,429,338,47,101,6,6,11,11
77,429,337,48,104,6,6,11,11
78,429,338,50,106,6,6,11,11
80,438,343,38,104,6,6,11,11
84,435,346,45,111,6,6,11,12
85,445,357,29,103,6,6,11,12
86,444,354,33,108,6,6,11,12
87,437,357,46,106,6,6,11,12
89,437,361,32,107,6,6,11,12
90,430,363,48,107,6,6,11,12
91,431,367,39,105,6,6,11,12
92,432,369,37,106,6,6,11,12
93,431,372,37,106,6,6,11,12
96,426,380,40,106,6,6,11,13
97,422,378,51,110,6,6,11,13
98,421,384,53,107,6,6,11,13
99,423,387,39,108,6,6,11,13
100,417,384,50,113,6,6,11,13
103,419,402,38,104,6,6,11,13
104,407,399,52,110,6,6,11,14
105,403,404,50,109,6,6,11,14
106,402,408,48,110,6,6,11,15
107,402,412,41,108,6,6,11,15
108,413,416,25,107,6,6,11,15
109,403,419,41,107,6,6,11,15
110,394,418,52,111,6,6,11,15
111,396,427,45,106,6,6,11,15
112,396,426,48,112,6,6,11,15
113,395,426,48,114,6,6,11,14
114,395,431,50,112,6,6,11,14
115,406,440,24,105,6,6,11,13
116,395,437,53,111,6,6,11,13
117,402,438,37,113,6,6,11,12
118,396,441,50,114,6,6,11,12
119,393,441,57,117,6,6,11,12
120,396,443,53,119,6,6,11,12
121,398,450,54,113,6,6,11,12
122,402,451,48,116,6,6,11,12
123,396,452,55,118,6,6,11,12
124,397,454,51,119,6,6,11,12
125,397,456,54,120,6,6,11,11
126,398,454,52,125,6,6,11,11
127,405,462,41,119,6,6,11,11
128,410,472,37,113,6,6,11,11
129,398,476,43,112,6,6,11,11
130,389,472,57,119,6,6,11,11
131,384,474,59,121,6,6,11,11
132,382,479,56,118,6,6,11,11
133,382,481,50,120,6,6,11,11
134,380,483,53,122,6,6,11,11
135,392,491,28,116,6,6,11,11
136,389,493,31,118,6,6,11,11
137,371,493,55,121,6,6,11,11
138,373,499,44,118,6,6,11,11
139,376,500,47,120,6,6,11,11
140,387,510,24,115,6,6,11,11
141,372,503,58,123,6,6,11,11
142,386,514,26,116,6,6,11,11
143,370,508,59,125,6,6,11,11
144,368,506,61,131,6,6,11,10
145,373,515,42,125,6,6,11,10
146,370,518,48,125,6,6,11,10
147,369,521,58,126,6,6,11,11
148,374,524,48,126,6,6,11,11
149,384,534,30,120,6,6,11,11
150,378,533,35,125,6,6,11,11
151,369,532,54,130,6,6,11,11
152,365,532,59,133,6,6,11,11
153,369,541,47,129,6,6,11,11
154,359,543,62,130,6,6,11,11
155,359,545,60,133,6,6,11,11
156,358,550,56,131,6,6,11,11
157,347,553,65,133,6,6,11,11
158,341,557,64,131,6,6,11,11
159,335,558,66,135,6,6,11,11
160,334,565,61,131,6,6,11,11
161,334,564,58,137,6,6,11,11
162,334,569,62,136,6,6,11,11
163,340,574,50,135,6,6,11,11
164,333,577,59,136,6,6,11,11
165,326,578,66,138,6,6,11,10
166,325,576,68,142,6,6,11,10
167,326,586,63,138,6,6,11,10
168,325,590,64,138,6,6,11,10
169,324,593,63,140,6,6,11,10
170,323,598,61,139,6,6,11,10
171,319,603,63,139,6,6,11,11
172,313,603,66,144,6,6,11,11
173,311,610,66,142,6,6,11,11
174,310,617,63,141,6,6,11,11
175,308,619,64,143,6,6,11,11
176,309,625,60,142,6,6,11,11
177,302,627,66,144,6,6,11,11
178,293,637,64,140,6,6,11,11
179,284,641,74,143,6,6,11,12
180,285,647,68,142,6,6,11,12
181,281,651,68,145,6,6,11,12
182,275,652,71,149,6,6,11,13
183,273,653,72,155,6,6,11,13
184,282,669,75,144,6,6,11,13
185,271,671,80,149,6,6,11,13
186,267,672,72,154,6,6,11,13
187,266,678,70,152,6,6,11,12
188,263,684,71,153,6,6,11,12
189,262,688,72,154,6,6,11,12
190,260,694,70,154,6,6,11,12
191,253,700,73,154,6,6,11,12
192,247,696,74,164,6,6,11,12
193,242,714,74,152,6,6,11,12
194,241,718,68,155,6,6,11,12
195,235,722,72,158,6,6,11,12
196,231,728,73,158,6,6,11,12
197,228,735,67,157,6,6,11,12
198,217,740,76,159,6,6,11,12
199,209,747,74,159,6,6,11,12
200,203,752,73,160,6,6,11,12
201,198,759,73,161,6,6,11,12
202,196,763,72,164,6,6,11,12
203,197,770,69,163,6,6,11,12
204,195,775,68,165,6,6,11,11
205,187,783,74,164,6,6,11,11
206,181,788,75,165,6,6,11,11
207,175,794,73,168,6,6,11,11
208,174,797,74,170,6,6,11,11
209,172,806,76,170,6,6,11,11
210,172,813,72,169,6,6,11,11
211,161,818,78,170,6,6,11,11
212,156,828,76,169,6,6,11,11
213,146,835,74,169,6,6,11,11
214,139,839,75,173,6,6,11,11
215,133,843,82,177,6,6,11,11
216,130,854,75,173,6,6,11,11
217,125,861,77,174,6,6,11,11
218,120,866,79,177,6,6,11,11
219,110,876,80,176,6,6,11,11
220,109,885,70,177,6,6,11,11
221,103,891,75,178,6,6,11,11
222,94,896,77,180,6,6,11,10
223,91,906,80,171,6,6,11,9
224,85,913,84,165,6,6,11,7
225,82,922,82,157,6,6,11,5
226,79,930,80,148,6,6,11,3
227,56,930,96,148,6,6,11,2
228,61,936,90,141,6,6,11,1
229,60,955,86,124,6,6,11,1
230,58,963,78,116,6,6,11,1
231,37,970,92,108,6,6,11,1
232,32,981,81,98,6,6,11,1
35,468,306,17,85,7,6,11,23
36,460,310,28,80,7,6,11,20
37,469,318,18,75,7,6,11,17
38,467,310,19,84,7,6,11,13
39,469,310,19,85,7,6,11,11
42,470,320,15,78,7,6,11,9
49,464,312,21,89,7,6,11,7
50,461,306,34,97,7,6,11,6
51,461,316,24,87,7,6,11,6
52,466,316,20,90,7,6,11,6
57,459,328,23,84,7,6,11,6
64,447,323,29,98,7,6,11,7
65,452,331,19,90,7,6,11,7
66,446,324,31,98,7,6,11,8
75,441,342,22,95,7,6,11,8
79,440,353,23,92,7,6,11,9
80,441,354,24,94,7,6,11,9
81,443,358,21,92,7,6,11,10
82,447,359,19,92,7,6,11,10
83,445,357,21,97,7,6,11,11
84,445,359,22,98,7,6,11,12
85,447,363,21,96,7,6,11,12
86,447,365,22,96,7,6,11,12
87,447,366,22,98,7,6,11,12
88,449,373,20,93,7,6,11,12
89,449,363,20,104,7,6,11,12
93,440,377,24,101,7,6,11,12
94,441,381,22,100,7,6,11,12
95,441,383,23,101,7,6,11,12
99,434,390,25,104,7,6,11,13
100,433,395,25,102,7,6,11,13
101,434,400,22,101,7,6,11,13
102,427,401,30,103,7,6,11,13
119,401,444,40,114,7,6,11,13
120,403,446,31,115,7,6,11,13
121,406,453,35,110,7,6,11,13
122,410,455,30,112,7,6,11,13
125,413,461,27,115,7,6,11,13
128,414,477,23,107,7,6,11,13
90,578,41,94,41,8,4,0,20
91,598,45,92,39,8,4,0,20
92,618,45,70,38,8,4,0,20
93,639,46,94,39,8,4,0,19
94,658,46,94,39,8,4,0,21
95,679,47,90,38,8,4,0,23
96,703,49,87,38,8,4,0,28
97,719,47,91,40,8,4,0,32
98,740,47,91,40,8,4,0,32
99,759,50,90,38,8,4,0,36
100,779,52,90,36,8,4,0,42
101,799,53,76,36,8,4,0,54
102,818,51,96,42,8,4,0,59
103,801,51,127,44,8,4,0,62
106,901,59,72,37,8,4,0,60
99,886,54,83,36,9,4,0,38
100,870,52,77,36,9,4,0,44
101,880,54,54,35,9,4,0,48
104,862,56,85,37,9,4,0,54
105,884,57,64,38,9,4,0,54
103,584,47,105,37,10,3,0,64
104,605,47,101,36,10,3,0,65
105,625,48,105,37,10,3,0,63
106,649,49,103,38,10,3,0,61
107,671,50,102,37,10,3,0,55
108,703,52,93,34,10,3,0,52
109,707,51,110,36,10,3,0,49
110,740,53,100,35,10,3,0,46
111,758,54,102,34,10,3,0,47
112,780,55,95,34,10,3,0,53
113,801,56,105,37,10,3,0,52
114,824,58,103,38,10,3,0,49
115,850,58,95,33,10,3,0,44
116,883,60,67,34,10,3,0,47
117,894,62,79,35,10,3,0,50
105,768,48,95,37,11,4,0,33
106,761,50,85,36,11,4,0,33
107,745,47,83,38,11,4,0,35
108,743,45,63,35,11,4,0,39
110,673,42,93,40,11,4,0,43
111,665,41,89,39,11,4,0,45
112,637,40,97,40,11,4,0,45
113,615,38,98,41,11,4,0,45
114,608,37,86,42,11,4,0,45
120,891,96,31,45,12,6,1,1
121,876,96,46,46,12,6,1,1
122,876,96,47,46,12,6,1,1
123,876,96,46,46,12,6,1,1
125,892,96,30,45,12,6,1,1
126,892,96,30,45,12,6,1,2
131,876,96,45,46,12,6,1,1
132,875,95,47,46,12,6,1,1
133,875,96,47,46,12,6,1,0
141,874,94,51,47,12,6,1,0
142,874,93,48,48,12,6,1,0
143,874,94,48,47,12,6,1,0
144,874,94,48,47,12,6,1,0
147,875,94,48,48,12,6,1,0
149,875,94,48,48,12,6,1,0
150,876,94,47,47,12,6,1,1
151,876,94,47,48,12,6,1,2
153,876,94,46,48,12,6,1,2
154,876,94,46,48,12,6,1,2
155,876,94,46,47,12,6,1,1
180,892,96,28,45,12,6,1,0
181,892,96,28,45,12,6,1,0
186,875,95,48,47,12,6,1,0
204,891,95,31,46,12,6,1,0
205,891,95,31,46,12,6,1,0
206,891,95,31,47,12,6,1,0
207,876,94,47,47,12,6,1,0
208,891,95,30,46,12,6,1,1
209,891,95,30,46,12,6,1,1
215,875,95,47,47,12,6,1,1
224,876,97,41,45,12,6,1,0
225,876,96,44,45,12,6,1,0
226,876,96,44,46,12,6,1,0
126,589,47,91,35,13,5,1,81
127,610,47,79,36,13,5,1,74
128,632,48,94,37,13,5,1,67
129,656,50,94,35,13,5,1,58
130,684,51,85,35,13,5,1,53
131,704,52,88,35,13,5,1,48
132,724,52,92,35,13,5,1,44
133,746,54,91,33,13,5,1,44
134,767,53,91,33,13,5,1,48
135,791,55,81,34,13,5,1,52
136,814,55,92,37,13,5,1,53
139,883,60,66,33,13,5,1,52
211,1091,998,416,81,14,3,0,-1
212,1102,957,404,121,14,3,0,-1
213,1110,917,393,161,14,3,0,-1
214,1116,879,380,198,14,3,0,-1
215,1119,844,369,233,14,3,0,-1
216,1121,810,361,266,14,3,0,-1
217,1122,779,351,285,14,3,0,-1
218,1120,750,344,277,15,3,0,56
219,1119,719,334,270,15,3,0,56
220,1118,692,323,263,15,3,0,56
221,1113,662,319,258,15,3,0,56
222,1106,642,313,248,15,3,0,56
223,1100,618,305,242,15,3,0,57
224,1091,597,300,236,15,3,0,57
225,1082,577,293,229,15,3,0,58
226,1071,558,288,223,15,3,0,58
227,1060,540,283,217,15,3,0,59
228,1050,520,277,214,15,3,0,59
229,1039,504,271,209,15,3,0,59
230,1028,488,266,204,15,3,0,60
231,1017,471,261,202,15,3,0,60
232,1009,459,254,195,15,3,0,60
233,999,445,249,190,15,3,0,61
234,990,430,244,188,15,3,0,61
235,984,416,238,185,15,3,0,62
236,976,404,233,181,15,3,0,62
237,970,394,229,177,15,3,0,62
238,963,382,224,174,15,3,0,62
239,959,371,219,170,15,3,0,62
240,954,361,216,167,15,3,0,62
241,949,351,212,163,15,3,0,62
242,946,341,207,161,15,3,0,62
243,943,333,204,158,15,3,0,62
244,939,324,202,156,15,3,0,61
245,936,317,198,152,15,3,0,61
246,934,310,194,150,15,3,0,60
247,931,303,193,148,15,3,0,59
248,930,295,189,147,15,3,0,58
249,928,289,186,144,15,3,0,57
250,927,283,182,141,15,3,0,56
251,926,278,180,140,15,3,0,55
252,924,273,178,136,15,3,0,54
253,922,269,176,133,15,3,0,54
254,920,263,174,133,15,3,0,53
255,918,257,170,130,15,3,0,53
256,916,252,168,130,15,3,0,52
257,913,249,167,126,15,3,0,53
258,912,243,164,125,15,3,0,53
259,910,239,161,123,15,3,0,53
260,908,233,159,123,15,3,0,53
261,906,228,157,121,15,3,0,54
262,904,223,155,120,15,3,0,55
263,901,219,153,118,15,3,0,55
264,899,215,152,116,15,3,0,56
265,897,212,150,114,15,3,0,56
266,895,208,148,112,15,3,0,56
267,895,205,145,110,15,3,0,56
268,892,199,145,111,15,3,0,56
269,890,196,143,108,15,3,0,56
270,890,194,141,105,15,3,0,56
271,889,191,138,104,15,3,0,56
272,888,187,138,102,15,3,0,57
273,888,183,135,101,15,3,0,56
274,887,179,134,101,15,3,0,55
275,885,176,134,100,15,3,0,54
276,885,175,132,98,15,3,0,52
277,884,173,130,97,15,3,0,50
278,885,171,128,95,15,3,0,48
279,884,169,128,94,15,3,0,47
280,883,166,126,94,15,3,0,46
281,882,162,125,94,15,3,0,47
282,881,160,124,92,15,3,0,48
283,881,158,123,90,15,3,0,49
284,880,155,121,90,15,3,0,51
285,879,152,120,89,15,3,0,52
286,879,150,119,88,15,3,0,53
287,878,146,118,88,15,3,0,52
288,877,146,116,86,15,3,0,51
289,875,144,116,86,15,3,0,49
290,875,142,115,85,15,3,0,48
291,874,139,113,84,15,3,0,46
292,873,137,112,84,15,3,0,46
293,872,135,111,83,15,3,0,47
294,871,133,110,83,15,3,0,48
295,870,131,108,81,15,3,0,49
296,870,129,107,81,15,3,0,49
297,868,126,106,81,15,3,0,49
298,868,125,105,80,15,3,0,50
299,869,123,101,79,15,3,0,49
300,868,120,101,79,15,3,0,49
301,868,120,98,78,15,3,0,48
302,866,116,98,79,15,3,0,49
303,865,115,97,77,15,3,0,50
304,866,113,95,76,15,3,0,51
305,864,111,95,75,15,3,0,53
306,864,108,94,76,15,3,0,55
307,863,107,93,74,15,3,0,56
308,862,105,92,73,15,3,0,56
309,861,104,90,72,15,3,0,56
310,861,101,89,73,15,3,0,55
311,859,100,89,72,15,3,0,53
312,858,99,89,71,15,3,0,50
313,857,98,88,71,15,3,0,48
314,857,96,88,71,15,3,0,46
315,856,95,87,69,15,3,0,44
316,854,95,88,68,15,3,0,42
317,853,93,87,69,15,3,0,41
318,853,92,86,68,15,3,0,40
319,852,92,86,67,15,3,0,39
320,851,91,87,67,15,3,0,38
321,849,89,89,67,15,3,0,38
322,848,88,88,66,15,3,0,38
323,848,88,85,65,15,3,0,37
324,848,87,85,64,15,3,0,36
325,847,87,84,65,15,3,0,34
326,847,86,83,64,15,3,0,33
327,847,86,82,63,15,3,0,31
328,847,85,82,63,15,3,0,29
329,846,85,82,62,15,3,0,26
330,845,85,81,62,15,3,0,24
331,843,85,83,61,15,3,0,23
332,840,85,84,60,15,3,0,21
333,836,85,87,60,15,3,0,20
334,837,85,82,59,15,3,0,19
335,834,85,83,58,15,3,0,19
336,835,85,79,58,15,3,0,19
337,833,85,80,57,15,3,0,19
338,831,86,81,57,15,3,0,17
339,828,86,76,55,15,3,0,14
340,826,87,75,55,15,3,0,9
341,823,87,72,55,15,3,0,7
342,818,91,72,51,15,3,0,7
343,808,92,77,48,15,3,0,6
344,808,93,76,48,15,3,0,7
345,796,93,86,48,15,3,0,6
346,812,93,69,47,15,3,0,6
347,816,93,64,48,15,3,0,6
348,815,94,64,48,15,3,0,6
349,813,94,64,48,15,3,0,7
350,813,94,64,47,15,3,0,7
351,811,95,65,47,15,3,0,7
352,808,95,66,47,15,3,0,6
353,807,95,64,46,15,3,0,3
354,808,96,63,46,15,3,0,2
355,807,97,64,45,15,3,0,1
356,805,97,66,44,15,3,0,1
357,804,97,69,45,15,3,0,1
358,803,97,63,44,15,3,0,2
359,797,97,67,45,15,3,0,3
360,800,98,62,44,15,3,0,3
361,801,99,60,43,15,3,0,3
362,800,99,60,43,15,3,0,2
363,798,100,60,42,15,3,0,2
364,797,101,61,41,15,3,0,2
365,796,101,59,41,15,3,0,4
366,793,100,64,41,15,3,0,5
367,792,101,63,40,15,3,0,5
368,792,101,62,40,15,3,0,3
369,791,102,60,40,15,3,0,3
370,790,102,60,39,15,3,0,3
371,790,102,60,39,15,3,0,3
372,788,103,61,39,15,3,0,3
373,789,103,61,39,15,3,0,3
374,788,103,61,39,15,3,0,1
375,786,104,62,37,15,3,0,1
376,786,104,62,37,15,3,0,1
377,785,105,61,37,15,3,0,1
378,784,105,57,36,15,3,0,2
379,783,105,57,36,15,3,0,2
380,782,105,56,36,15,3,0,2
381,781,105,57,36,15,3,0,1
382,779,106,57,35,15,3,0,1
383,778,107,57,35,15,3,0,1
384,776,108,56,34,15,3,0,2
385,775,108,56,33,15,3,0,2
386,774,109,55,32,15,3,0,3
387,768,111,55,29,15,3,0,11
388,764,112,54,27,15,3,0,23
389,761,113,45,22,15,3,0,32
390,763,109,34,24,15,3,0,36
219,885,62,78,26,16,5,0,42
220,885,61,62,28,16,5,0,42
221,885,60,52,28,16,5,0,42
223,832,58,80,31,16,5,0,36
224,820,57,81,30,16,5,0,36
225,807,57,79,31,16,5,0,34
226,796,56,77,30,16,5,0,38
227,785,56,80,30,16,5,0,36
228,775,55,80,30,16,5,0,34
229,766,55,79,30,16,5,0,29
230,754,54,83,31,16,5,0,23
231,744,54,82,32,16,5,0,18
232,735,54,81,31,16,5,0,15
233,727,52,81,32,16,5,0,13
234,719,51,81,33,16,5,0,11
235,711,50,81,34,16,5,0,15
236,706,50,79,33,16,5,0,22
237,704,50,73,33,16,5,0,24
238,702,49,68,32,16,5,0,22
239,686,49,78,33,16,5,0,15
240,681,49,77,33,16,5,0,12
241,672,49,80,34,16,5,0,11
242,685,48,63,35,16,5,0,10
243,662,47,81,33,16,5,0,10
244,658,47,80,33,16,5,0,7
245,654,48,79,33,16,5,0,9
246,650,47,79,35,16,5,0,10
247,647,47,79,33,16,5,0,12
248,645,47,78,34,16,5,0,10
249,643,47,77,34,16,5,0,8
250,639,47,77,34,16,5,0,8
251,637,47,77,34,16,5,0,9
252,634,47,78,33,16,5,0,10
253,633,48,79,33,16,5,0,9
254,632,48,79,34,16,5,0,9
255,630,47,79,34,16,5,0,7
256,628,48,80,34,16,5,0,7
257,627,47,81,34,16,5,0,6
258,626,47,80,34,16,5,0,6
259,625,47,81,33,16,5,0,5
260,624,47,80,34,16,5,0,5
261,630,47,75,34,16,5,0,4
262,633,47,73,34,16,5,0,5
268,617,46,73,34,16,5,0,4
269,615,46,74,36,16,5,0,3
270,611,46,77,34,16,5,0,3
271,610,46,76,35,16,5,0,3
272,608,47,78,35,16,5,0,3
273,606,47,75,34,16,5,0,4
274,604,46,74,34,16,5,0,5
275,600,47,74,34,16,5,0,7
276,597,46,75,35,16,5,0,13
277,595,46,71,34,16,5,0,14
278,592,46,71,33,16,5,0,17
279,588,46,70,34,16,5,0,12
268,672,51,102,35,17,9,1,19
269,704,52,88,35,17,9,1,22
270,710,52,104,35,17,9,1,21
271,730,53,102,34,17,9,1,24
272,749,55,99,33,17,9,1,25
273,768,55,99,33,17,9,1,31
274,788,56,85,32,17,9,1,38
275,807,58,99,33,17,9,1,43
276,827,60,98,33,17,9,1,46
336,910,92,32,50,18,6,1,12
337,911,92,30,50,18,6,1,11
338,911,93,30,49,18,6,1,10
339,910,93,31,50,18,6,1,8
340,910,93,31,50,18,6,1,7
341,910,93,31,50,18,6,1,6
342,910,93,32,50,18,6,1,5
343,910,93,32,50,18,6,1,3
344,910,94,31,49,18,6,1,2
345,910,94,31,48,18,6,1,1
346,910,93,31,49,18,6,1,2
347,909,93,32,49,18,6,1,2
348,909,92,32,50,18,6,1,2
349,910,95,30,48,18,6,1,1
351,909,92,32,51,18,6,1,1
352,910,95,30,47,18,6,1,0
353,910,95,30,48,18,6,1,1
354,910,93,31,49,18,6,1,1
355,910,94,31,49,18,6,1,1
356,910,94,31,49,18,6,1,1
357,910,94,31,49,18,6,1,1
358,910,95,30,48,18,6,1,2
359,910,95,30,48,18,6,1,2
360,910,94,31,49,18,6,1,2
361,910,94,31,49,18,6,1,1
362,910,95,31,48,18,6,1,1
363,910,94,31,48,18,6,1,1
364,909,91,34,51,18,6,1,1
365,910,95,31,48,18,6,1,0
370,911,94,30,49,18,6,1,0
371,910,93,32,50,18,6,1,0
372,910,93,31,49,18,6,1,0
373,910,92,31,50,18,6,1,0
374,910,92,31,50,18,6,1,0
375,910,92,31,50,18,6,1,0
376,910,93,31,50,18,6,1,1
377,910,93,31,50,18,6,1,1
378,910,93,31,50,18,6,1,1
379,910,93,31,49,18,6,1,0
380,910,93,30,49,18,6,1,1
381,910,93,30,49,18,6,1,2
382,910,93,31,49,18,6,1,3
383,910,93,31,49,18,6,1,3
384,910,93,31,49,18,6,1,3
385,910,93,31,49,18,6,1,2
386,910,93,31,49,18,6,1,1
391,910,96,29,46,18,6,1,1
392,910,95,30,47,18,6,1,1
393,910,97,28,46,18,6,1,1
395,909,93,32,50,18,6,1,2
396,910,93,31,49,18,6,1,1
397,910,94,31,48,18,6,1,1
398,909,93,33,50,18,6,1,0
399,910,94,31,48,18,6,1,1
400,910,96,29,46,18,6,1,1
401,909,92,32,50,18,6,1,2
402,908,92,33,50,18,6,1,3
403,908,92,33,50,18,6,1,3
404,908,92,33,50,18,6,1,3
405,908,92,32,50,18,6,1,2
406,908,92,32,50,18,6,1,2
407,908,92,32,50,18,6,1,2
408,909,92,32,49,18,6,1,3
409,909,93,32,50,18,6,1,3
410,909,93,32,50,18,6,1,3
411,910,93,30,49,18,6,1,3
412,910,93,31,50,18,6,1,3
413,910,93,31,50,18,6,1,3
414,910,92,31,50,18,6,1,3
415,910,93,31,49,18,6,1,2
416,909,92,32,50,18,6,1,2
417,910,93,31,49,18,6,1,1
418,910,93,31,49,18,6,1,1
419,910,93,31,49,18,6,1,1
420,910,93,31,49,18,6,1,0
421,910,93,31,49,18,6,1,0
422,910,93,31,49,18,6,1,0
423,909,93,32,49,18,6,1,0
424,909,93,32,49,18,6,1,0
425,910,92,31,49,18,6,1,1
426,909,93,31,49,18,6,1,1
427,910,93,30,48,18,6,1,1
431,910,95,30,47,18,6,1,0
432,910,96,30,45,18,6,1,0
433,909,93,32,49,18,6,1,1
434,909,93,32,49,18,6,1,1
435,909,93,32,50,18,6,1,1
436,909,92,32,50,18,6,1,2
437,909,92,32,50,18,6,1,2
438,910,93,31,50,18,6,1,3
439,909,93,31,50,18,6,1,2
440,910,93,31,50,18,6,1,2
441,910,93,31,50,18,6,1,2
442,909,92,32,51,18,6,1,2
448,908,93,33,50,18,6,1,1
449,908,93,33,49,18,6,1,1
461,909,93,32,49,18,6,1,0
476,910,93,30,49,18,6,1,0
477,909,93,30,49,18,6,1,0
478,909,93,30,49,18,6,1,0
479,909,93,31,49,18,6,1,0
480,910,93,30,49,18,6,1,2
481,911,93,29,49,18,6,1,4
482,911,94,29,49,18,6,1,7
483,910,94,30,49,18,6,1,6
484,910,94,29,49,18,6,1,5
485,911,95,28,47,18,6,1,3
487,911,95,28,48,18,6,1,2
488,911,93,29,50,18,6,1,1
489,911,93,29,50,18,6,1,1
490,911,93,29,50,18,6,1,1
491,911,93,29,50,18,6,1,1
492,911,94,29,48,18,6,1,1
493,911,93,28,49,18,6,1,1
494,910,93,30,49,18,6,1,1
495,910,93,30,49,18,6,1,1
502,911,93,29,49,18,6,1,1
503,911,93,29,50,18,6,1,0
504,909,92,32,51,18,6,1,0
505,911,94,30,49,18,6,1,0
506,911,94,30,49,18,6,1,1
507,911,94,30,49,18,6,1,2
508,911,94,30,49,18,6,1,3
509,911,94,29,49,18,6,1,4
510,911,93,29,49,18,6,1,6
511,911,94,28,48,18,6,1,7
512,911,93,29,48,18,6,1,7
513,911,94,28,48,18,6,1,5
526,910,93,30,48,18,6,1,3
527,910,93,31,49,18,6,1,1
528,910,92,31,50,18,6,1,1
529,911,93,30,49,18,6,1,0
530,911,93,29,49,18,6,1,1
531,911,93,29,49,18,6,1,1
532,911,93,29,49,18,6,1,1
533,911,93,29,49,18,6,1,1
534,911,93,29,49,18,6,1,1
535,911,93,30,49,18,6,1,1
536,911,93,29,49,18,6,1,1
537,911,94,29,48,18,6,1,1
538,911,92,29,50,18,6,1,1
549,911,95,28,48,18,6,1,0
550,910,94,29,49,18,6,1,0
551,910,94,29,49,18,6,1,0
552,910,93,30,49,18,6,1,0
553,910,94,30,49,18,6,1,0
554,911,95,28,47,18,6,1,1
555,910,94,31,48,18,6,1,1
556,910,94,31,48,18,6,1,1
557,910,94,31,49,18,6,1,1
558,910,94,31,48,18,6,1,1
559,910,94,31,48,18,6,1,1
560,910,93,31,49,18,6,1,0
561,910,94,31,48,18,6,1,1
562,910,94,31,48,18,6,1,1
563,909,93,32,50,18,6,1,1
564,910,92,30,50,18,6,1,1
566,908,92,33,50,18,6,1,0
567,908,92,33,50,18,6,1,0
573,909,92,32,51,18,6,1,0
574,910,93,30,50,18,6,1,0
575,910,93,30,49,18,6,1,0
576,910,92,31,50,18,6,1,0
577,909,92,31,50,18,6,1,0
578,910,93,31,50,18,6,1,1
579,910,92,32,50,18,6,1,1
580,910,93,31,50,18,6,1,2
581,910,92,31,50,18,6,1,1
582,910,92,31,50,18,6,1,1
583,910,92,31,51,18,6,1,0
584,910,92,31,50,18,6,1,1
585,910,94,30,48,18,6,1,2
586,910,94,30,49,18,6,1,2
587,910,93,31,49,18,6,1,2
588,909,95,31,47,18,6,1,1
589,909,95,31,47,18,6,1,0
590,909,95,31,47,18,6,1,0
591,909,95,31,47,18,6,1,0
592,909,94,31,48,18,6,1,0
593,910,93,31,49,18,6,1,0
594,910,93,31,49,18,6,1,0
595,909,92,32,50,18,6,1,0
596,909,93,31,49,18,6,1,0
599,910,93,30,49,18,6,1,0
600,909,92,32,50,18,6,1,1
601,910,93,31,50,18,6,1,1
602,910,93,31,50,18,6,1,1
603,910,93,31,50,18,6,1,1
604,910,92,31,50,18,6,1,1
605,910,93,30,50,18,6,1,1
606,910,92,31,50,18,6,1,1
607,910,92,30,51,18,6,1,1
608,910,93,30,49,18,6,1,1
609,910,92,31,50,18,6,1,1
610,910,92,31,50,18,6,1,1
611,910,93,30,49,18,6,1,2
612,910,92,31,50,18,6,1,1
613,910,92,30,50,18,6,1,1
614,911,92,30,51,18,6,1,1
615,910,93,30,50,18,6,1,1
616,911,93,30,49,18,6,1,1
617,911,93,30,50,18,6,1,1
618,911,94,30,48,18,6,1,0
619,911,92,30,50,18,6,1,0
622,910,93,30,50,18,6,1,0
623,910,92,30,51,18,6,1,0
624,910,93,30,50,18,6,1,0
625,910,94,30,49,18,6,1,0
626,910,93,30,49,18,6,1,0
627,910,93,31,49,18,6,1,0
628,910,93,30,50,18,6,1,0
629,910,93,30,49,18,6,1,0
630,910,93,30,50,18,6,1,2
631,910,93,30,49,18,6,1,2
632,910,94,30,49,18,6,1,2
633,910,93,31,50,18,6,1,1
634,909,92,31,50,18,6,1,1
635,910,94,29,49,18,6,1,1
636,911,92,31,50,18,6,1,0
638,910,95,29,47,18,6,1,0
639,911,94,29,49,18,6,1,1
640,910,94,30,48,18,6,1,1
641,910,92,29,51,18,6,1,1
642,911,93,29,50,18,6,1,1
643,911,93,29,50,18,6,1,1
644,911,93,29,50,18,6,1,1
645,910,93,31,50,18,6,1,1
646,910,93,31,50,18,6,1,2
647,910,94,31,49,18,6,1,2
648,910,94,31,48,18,6,1,2
649,910,94,30,48,18,6,1,2
650,910,94,30,48,18,6,1,1
651,910,94,30,48,18,6,1,2
652,910,94,30,49,18,6,1,1
653,910,94,30,48,18,6,1,1
654,910,94,30,48,18,6,1,0
655,910,94,30,49,18,6,1,1
656,910,94,30,49,18,6,1,1
657,909,93,31,50,18,6,1,2
658,909,93,31,50,18,6,1,1
659,909,93,32,50,18,6,1,1
660,909,93,31,49,18,6,1,0
661,909,93,31,49,18,6,1,0
662,910,94,31,49,18,6,1,0
663,909,93,31,50,18,6,1,1
664,909,93,31,50,18,6,1,3
665,909,92,32,50,18,6,1,3
666,909,93,32,50,18,6,1,4
667,909,93,32,50,18,6,1,2
668,909,93,32,50,18,6,1,1
669,909,93,32,50,18,6,1,1
670,909,93,32,50,18,6,1,2
671,909,93,32,50,18,6,1,3
672,909,92,32,50,18,6,1,4
673,909,92,32,50,18,6,1,3
674,910,93,31,49,18,6,1,2
675,908,92,33,50,18,6,1,1
676,908,93,33,50,18,6,1,1
680,909,93,31,49,18,6,1,1
681,909,93,31,49,18,6,1,1
683,909,94,30,48,18,6,1,0
684,910,92,30,50,18,6,1,1
685,910,93,30,50,18,6,1,0
686,910,92,30,50,18,6,1,1
687,910,94,29,48,18,6,1,1
688,910,95,29,47,18,6,1,1
689,911,95,29,47,18,6,1,1
690,910,95,29,47,18,6,1,1
691,910,95,29,48,18,6,1,1
692,910,94,30,49,18,6,1,2
693,910,95,29,46,18,6,1,3
694,909,96,30,45,18,6,1,7
696,910,92,30,49,18,6,1,10
697,909,91,32,48,18,6,1,14
698,907,91,33,48,18,6,1,13
699,907,92,33,48,18,6,1,12
700,907,91,33,48,18,6,1,9
701,906,92,34,48,18,6,1,7
702,908,92,33,48,18,6,1,6
703,908,92,32,48,18,6,1,5
704,909,92,32,48,18,6,1,7
705,910,93,30,49,18,6,1,10
706,911,93,29,49,18,6,1,12
707,911,93,30,49,18,6,1,12
708,908,92,32,50,18,6,1,12
709,908,92,32,50,18,6,1,10
710,908,93,32,50,18,6,1,7
711,908,92,32,50,18,6,1,3
712,908,93,33,49,18,6,1,3
713,909,92,32,50,18,6,1,2
714,909,93,32,50,18,6,1,2
715,911,92,30,50,18,6,1,2
716,911,92,30,50,18,6,1,2
717,909,91,31,50,18,6,1,3
718,910,92,31,50,18,6,1,9
719,909,92,32,48,18,6,1,11
720,908,91,33,47,18,6,1,11
727,908,91,33,49,18,6,1,6
728,907,91,33,48,18,6,1,6
729,907,91,34,49,18,6,1,4
730,907,91,34,48,18,6,1,4
731,908,91,33,48,18,6,1,4
732,908,91,33,49,18,6,1,7
733,909,92,31,49,18,6,1,8
734,910,92,30,50,18,6,1,12
735,910,93,30,49,18,6,1,11
736,910,94,30,48,18,6,1,12
737,910,94,30,47,18,6,1,8
738,910,93,30,48,18,6,1,8
739,909,94,30,47,18,6,1,8
742,908,91,33,49,18,6,1,10
743,908,91,32,49,18,6,1,9
744,874,90,65,50,18,6,1,10
745,873,90,51,48,18,6,1,10
746,874,90,52,48,18,6,1,11
747,874,90,54,48,18,6,1,11
748,873,90,54,48,18,6,1,9
749,874,90,51,48,18,6,1,8
755,874,92,49,47,18,6,1,7
756,874,94,48,46,18,6,1,7
757,874,94,48,46,18,6,1,7
758,874,94,48,46,18,6,1,7
759,874,94,48,46,18,6,1,7
760,874,94,49,46,18,6,1,6
761,874,94,49,46,18,6,1,4
762,873,94,49,46,18,6,1,2
763,874,93,48,47,18,6,1,2
764,874,93,48,47,18,6,1,4
765,873,92,49,47,18,6,1,7
766,873,92,49,47,18,6,1,10
767,873,92,49,46,18,6,1,9
768,874,92,49,47,18,6,1,7
769,873,92,49,47,18,6,1,4
776,874,93,51,47,18,6,1,2
777,874,94,47,46,18,6,1,2
795,875,91,66,49,18,6,1,2
352,831,52,96,38,19,9,1,60
353,811,50,95,38,19,9,1,62
354,788,49,91,37,19,9,1,56
355,766,48,95,36,19,9,1,58
356,744,47,96,39,19,9,1,57
357,722,46,95,38,19,9,1,64
358,702,45,95,38,19,9,1,62
359,677,44,96,38,19,9,1,61
360,654,41,97,40,19,9,1,58
361,633,40,96,39,19,9,1,54
362,610,39,95,40,19,9,1,51
363,588,38,96,41,19,9,1,49
366,885,56,65,34,20,6,5,107
367,864,55,85,34,20,6,5,107
368,839,55,97,35,20,6,5,100
369,817,53,98,34,20,6,5,95
370,796,52,98,34,20,6,5,88
371,775,49,97,35,20,6,5,86
372,753,47,99,38,20,6,5,81
373,732,47,99,37,20,6,5,75
374,711,46,99,36,20,6,5,65
375,689,45,99,36,20,6,5,51
376,670,44,97,38,20,6,5,44
377,646,41,99,39,20,6,5,38
378,622,41,99,39,20,6,5,35
379,603,40,101,41,20,6,5,30
380,578,39,101,40,20,6,5,29
397,702,50,72,32,21,4,0,88
398,685,48,71,34,21,4,0,79
399,663,48,74,32,21,4,0,71
400,643,47,76,33,21,4,0,62
401,626,47,78,33,21,4,0,52
402,605,46,81,32,21,4,0,48
403,591,46,76,33,21,4,0,41
403,580,76,77,33,22,9,0,7
404,579,75,74,32,22,9,0,5
405,581,75,72,32,22,9,0,4
406,578,74,75,33,22,9,0,2
407,582,74,71,33,22,9,0,3
421,580,74,79,35,22,9,0,3
422,581,74,79,35,22,9,0,2
423,582,74,73,34,22,9,0,1
443,582,74,77,34,22,9,0,1
450,579,74,80,34,22,9,0,0
451,578,74,82,34,22,9,0,0
452,578,74,83,35,22,9,0,0
453,578,75,83,33,22,9,0,0
454,580,75,81,34,22,9,0,10
455,579,76,80,31,22,9,0,12
456,578,75,77,29,22,9,0,15
461,578,75,83,34,22,9,0,7
462,579,74,84,36,22,9,0,5
463,579,74,83,35,22,9,0,4
464,579,73,82,36,22,9,0,9
465,579,73,83,36,22,9,0,11
466,579,73,83,36,22,9,0,16
467,579,73,83,36,22,9,0,13
468,581,73,80,34,22,9,0,14
469,581,73,80,35,22,9,0,12
470,582,73,79,34,22,9,0,11
471,581,73,80,34,22,9,0,9
472,580,73,81,35,22,9,0,6
473,580,73,81,35,22,9,0,6
474,580,73,81,35,22,9,0,6
475,580,73,82,36,22,9,0,6
476,580,73,82,35,22,9,0,4
506,580,74,81,35,22,9,0,2
507,580,74,81,35,22,9,0,2
508,581,74,81,36,22,9,0,1
509,581,74,81,36,22,9,0,1
510,582,74,79,35,22,9,0,1
511,581,74,81,35,22,9,0,4
512,581,73,80,35,22,9,0,9
513,582,73,80,35,22,9,0,11
514,582,74,77,33,22,9,0,11
515,581,73,80,35,22,9,0,9
516,580,73,79,35,22,9,0,7
517,580,73,80,35,22,9,0,4
518,580,73,79,35,22,9,0,4
519,580,73,79,35,22,9,0,3
520,580,73,79,35,22,9,0,3
521,580,73,79,35,22,9,0,2
522,580,73,79,35,22,9,0,3
523,580,73,78,34,22,9,0,4
524,580,73,78,34,22,9,0,6
525,580,74,82,35,22,9,0,7
526,580,74,82,35,22,9,0,8
527,579,74,82,35,22,9,0,8
528,581,74,81,35,22,9,0,9
529,580,74,83,35,22,9,0,8
530,580,74,82,35,22,9,0,6
531,581,74,82,34,22,9,0,3
532,581,74,82,35,22,9,0,2
533,581,74,82,35,22,9,0,1
534,581,74,82,35,22,9,0,1
535,580,74,83,35,22,9,0,1
536,580,74,82,35,22,9,0,4
537,580,73,82,35,22,9,0,6
538,581,73,79,33,22,9,0,7
539,581,73,80,34,22,9,0,6
540,579,73,82,35,22,9,0,6
541,580,73,81,35,22,9,0,5
542,580,73,81,35,22,9,0,6
543,581,73,81,35,22,9,0,8
544,581,74,81,35,22,9,0,9
545,580,74,81,34,22,9,0,9
546,580,74,80,34,22,9,0,8
547,580,74,80,35,22,9,0,7
548,581,74,79,34,22,9,0,4
549,581,74,78,33,22,9,0,2
564,578,74,85,35,22,9,0,1
575,581,73,82,36,22,9,0,0
576,581,73,82,36,22,9,0,0
577,581,73,82,36,22,9,0,0
578,581,73,81,36,22,9,0,1
579,581,73,81,36,22,9,0,3
580,581,73,80,35,22,9,0,3
581,581,73,80,35,22,9,0,4
582,581,73,80,36,22,9,0,3
583,581,73,80,36,22,9,0,3
584,581,73,80,36,22,9,0,2
585,581,74,80,35,22,9,0,1
586,581,73,80,35,22,9,0,1
592,581,73,80,36,22,9,0,0
593,581,73,80,36,22,9,0,0
594,582,73,78,35,22,9,0,0
595,581,73,81,36,22,9,0,0
624,580,75,82,36,22,9,0,0
627,580,74,83,36,22,9,0,0
628,578,74,83,35,22,9,0,0
629,579,75,84,35,22,9,0,0
630,579,74,84,35,22,9,0,0
631,579,74,84,35,22,9,0,1
632,580,75,83,35,22,9,0,1
633,580,74,83,35,22,9,0,1
665,579,74,83,36,22,9,0,0
666,580,74,83,37,22,9,0,0
667,580,74,83,37,22,9,0,0
668,580,74,83,37,22,9,0,0
669,580,75,83,36,22,9,0,1
670,581,75,83,36,22,9,0,1
671,581,75,83,36,22,9,0,2
672,581,74,82,36,22,9,0,2
673,581,74,82,36,22,9,0,4
674,581,74,83,36,22,9,0,4
675,581,73,82,37,22,9,0,5
676,581,74,81,37,22,9,0,3
677,581,73,82,37,22,9,0,3
678,581,73,82,37,22,9,0,2
679,581,73,81,37,22,9,0,2
680,582,73,81,36,22,9,0,4
681,582,73,81,36,22,9,0,5
682,580,73,82,37,22,9,0,6
683,579,73,82,36,22,9,0,4
684,580,73,81,36,22,9,0,4
404,708,75,38,30,23,6,1,23
405,709,73,38,30,23,6,1,25
406,709,71,40,32,23,6,1,25
407,708,70,41,32,23,6,1,26
408,711,69,41,33,23,6,1,21
409,713,68,42,34,23,6,1,22
410,714,66,44,36,23,6,1,24
411,717,66,50,34,23,6,1,29
416,743,62,63,35,23,6,1,30
417,750,61,65,35,23,6,1,31
418,759,61,66,36,23,6,1,32
419,767,61,66,35,23,6,1,31
420,774,61,70,36,23,6,1,29
421,785,61,61,35,23,6,1,27
422,795,62,61,34,23,6,1,26
423,806,63,72,33,23,6,1,25
443,907,64,63,27,24,4,0,19
444,884,62,64,28,24,4,0,19
445,890,63,52,27,24,4,0,15
465,885,53,63,36,24,4,0,13
466,886,54,62,36,24,4,0,10
468,878,59,64,38,24,4,0,11
469,879,61,69,34,24,4,0,9
448,811,57,67,29,25,4,0,23
449,793,57,80,29,25,4,0,28
450,774,58,83,27,25,4,0,30
451,747,54,91,32,25,4,0,30
452,728,51,92,32,25,4,0,28
453,717,51,85,33,25,4,0,26
454,703,49,79,33,25,4,0,28
455,674,48,91,34,25,4,0,26
456,681,48,65,33,25,4,0,26
457,638,49,78,34,25,4,0,21
458,643,47,94,38,25,4,0,19
459,667,50,92,34,25,4,0,16
470,775,46,94,38,26,4,5,34
471,755,46,92,39,26,4,5,39
472,722,45,106,39,26,4,5,42
473,710,43,96,39,26,4,5,48
474,679,42,107,39,26,4,5,49
475,657,40,109,39,26,4,5,50
476,635,39,109,41,26,4,5,50
477,614,37,110,42,26,4,5,48
478,591,35,115,45,26,4,5,47
479,576,35,106,44,26,4,5,45
607,637,42,100,44,27,9,1,34
608,655,43,98,43,27,9,1,31
609,686,45,87,41,27,9,1,31
610,688,44,103,42,27,9,1,29
611,711,43,97,45,27,9,1,30
612,729,45,97,43,27,9,1,28
613,747,45,98,43,27,9,1,28
614,766,46,97,42,27,9,1,33
615,784,48,90,41,27,9,1,40
616,803,49,98,44,27,9,1,49
617,823,50,97,45,27,9,1,53
619,860,52,86,42,27,9,1,49
620,880,53,69,41,27,9,1,47
621,901,54,76,39,27,9,1,41
626,630,50,100,36,28,9,1,37
627,651,50,99,36,28,9,1,38
628,672,52,97,35,28,9,1,38
629,703,53,88,35,28,9,1,38
630,713,52,97,36,28,9,1,35
631,733,53,97,35,28,9,1,33
632,753,56,95,32,28,9,1,33
633,772,56,98,32,28,9,1,36
634,792,57,82,32,28,9,1,40
635,813,55,95,37,28,9,1,46
636,832,60,96,33,28,9,1,49
637,853,61,90,33,28,9,1,49
639,892,62,73,31,28,9,1,49
640,912,63,40,30,28,9,1,48
662,875,94,48,47,29,6,3,7
663,891,95,32,47,29,6,3,7
665,891,95,32,47,29,6,3,7
666,875,94,48,47,29,6,3,6
667,875,94,48,47,29,6,3,5
668,875,94,48,48,29,6,3,3
669,891,94,31,47,29,6,3,3
670,892,94,29,47,29,6,3,2
671,891,94,31,47,29,6,3,2
672,891,94,30,48,29,6,3,2
673,891,94,30,48,29,6,3,2
674,891,93,31,48,29,6,3,2
678,789,46,82,38,30,6,1,39
679,767,44,83,39,30,6,1,39
680,743,41,85,41,30,6,1,42
681,721,40,83,41,30,6,1,46
682,701,40,80,40,30,6,1,50
683,652,34,84,46,30,6,1,52
684,630,34,83,45,30,6,1,53
685,607,32,83,46,30,6,1,53
688,581,74,81,36,31,9,0,3
689,582,73,80,37,31,9,0,2
690,582,73,79,37,31,9,0,2
692,581,73,81,38,31,9,0,1
693,581,73,82,37,31,9,0,5
694,581,73,82,37,31,9,0,7
695,581,73,78,34,31,9,0,13
696,580,73,80,36,31,9,0,20
697,580,72,78,36,31,9,0,23
698,579,72,77,34,31,9,0,24
699,579,72,82,36,31,9,0,18
700,578,72,81,35,31,9,0,18
701,578,72,77,34,31,9,0,13
702,578,72,78,34,31,9,0,11
703,577,73,80,34,31,9,0,7
704,577,73,81,34,31,9,0,7
705,578,73,83,36,31,9,0,11
706,579,73,82,36,31,9,0,18
707,580,74,82,36,31,9,0,21
708,579,73,83,36,31,9,0,22
709,579,73,83,36,31,9,0,20
710,579,74,83,36,31,9,0,20
711,579,74,83,36,31,9,0,15
712,581,74,82,36,31,9,0,11
713,581,74,82,36,31,9,0,8
714,581,74,81,36,31,9,0,7
715,578,74,84,36,31,9,0,9
716,580,74,82,35,31,9,0,11
717,578,73,82,35,31,9,0,16
718,578,73,83,35,31,9,0,19
719,576,73,84,34,31,9,0,21
720,578,72,81,35,31,9,0,20
721,579,72,80,35,31,9,0,18
722,579,72,81,35,31,9,0,13
723,580,72,77,35,31,9,0,9
724,579,72,78,36,31,9,0,5
725,581,71,77,36,31,9,0,6
726,581,71,76,35,31,9,0,6
727,581,71,76,35,31,9,0,6
728,581,71,78,36,31,9,0,4
729,581,72,76,35,31,9,0,3
730,581,72,74,35,31,9,0,7
731,581,72,73,34,31,9,0,11
732,581,73,76,35,31,9,0,18
733,582,73,75,36,31,9,0,17
734,583,74,78,35,31,9,0,15
735,581,74,78,34,31,9,0,11
736,580,74,78,34,31,9,0,9
737,580,74,78,34,31,9,0,7
738,580,74,78,34,31,9,0,5
739,581,73,77,35,31,9,0,4
740,580,73,79,35,31,9,0,3
741,581,72,77,36,31,9,0,2
742,580,72,78,36,31,9,0,3
743,580,72,76,36,31,9,0,3
744,581,72,74,35,31,9,0,4
745,580,71,80,36,31,9,0,3
746,580,70,81,37,31,9,0,3
747,580,71,81,37,31,9,0,2
748,580,70,81,37,31,9,0,2
749,579,70,81,37,31,9,0,2
750,580,71,81,37,31,9,0,3
751,580,71,80,37,31,9,0,3
752,579,72,81,36,31,9,0,3
753,579,72,81,36,31,9,0,6
754,579,72,82,36,31,9,0,6
755,579,73,83,36,31,9,0,6
756,579,72,81,36,31,9,0,3
757,579,72,81,36,31,9,0,2
758,578,72,81,36,31,9,0,2
760,577,73,80,35,31,9,0,5
761,578,73,80,35,31,9,0,5
762,579,72,79,35,31,9,0,6
763,580,72,77,35,31,9,0,5
764,579,72,79,35,31,9,0,5
765,580,72,76,35,31,9,0,11
766,580,72,76,35,31,9,0,10
767,580,72,75,33,31,9,0,11
775,580,72,78,35,31,9,0,5
776,579,72,82,35,31,9,0,4
777,579,73,82,36,31,9,0,3
778,579,73,82,35,31,9,0,5
779,580,73,81,34,31,9,0,6
780,580,73,81,35,31,9,0,6
781,580,73,82,35,31,9,0,7
782,580,73,81,35,31,9,0,6
783,580,73,81,34,31,9,0,7
784,580,73,80,34,31,9,0,6
785,580,73,80,34,31,9,0,6
786,580,73,80,33,31,9,0,6
787,580,73,81,34,31,9,0,3
788,580,73,81,34,31,9,0,3
789,581,73,80,34,31,9,0,2
790,580,73,80,33,31,9,0,3
791,580,73,79,33,31,9,0,2
792,579,72,81,35,31,9,0,2
793,579,72,81,35,31,9,0,1
794,579,72,80,35,31,9,0,2
795,579,72,81,36,31,9,0,7
796,579,72,82,35,31,9,0,8
797,579,73,82,36,31,9,0,10
798,580,73,81,35,31,9,0,7
799,580,73,81,35,31,9,0,7
800,580,73,81,35,31,9,0,6
801,579,73,82,35,31,9,0,4
802,580,73,81,35,31,9,0,3
803,579,73,81,35,31,9,0,2
804,579,72,82,36,31,9,0,3
805,579,72,81,36,31,9,0,4
806,578,73,81,34,31,9,0,6
807,578,73,80,34,31,9,0,7
808,579,73,79,34,31,9,0,6
809,580,73,79,34,31,9,0,5
810,580,73,78,34,31,9,0,3
811,580,73,78,34,31,9,0,1
812,580,73,78,34,31,9,0,1
813,580,73,77,34,31,9,0,1
814,580,73,79,35,31,9,0,1
815,579,74,79,32,31,9,0,1
817,580,74,78,33,31,9,0,1
818,580,74,79,34,31,9,0,3
819,581,74,78,34,31,9,0,4
820,580,74,79,34,31,9,0,6
821,580,74,80,34,31,9,0,6
822,580,74,80,35,31,9,0,7
823,580,74,80,34,31,9,0,5
824,580,74,80,35,31,9,0,4
825,581,74,80,34,31,9,0,4
826,579,73,82,36,31,9,0,3
827,579,73,81,36,31,9,0,3
828,579,73,80,35,31,9,0,2
829,580,73,77,35,31,9,0,3
830,580,73,78,35,31,9,0,4
831,580,73,78,35,31,9,0,5
832,580,73,78,35,31,9,0,5
833,578,73,81,35,31,9,0,5
834,577,73,83,35,31,9,0,3
835,578,73,81,35,31,9,0,5
836,578,73,81,35,31,9,0,9
837,578,73,82,33,31,9,0,11
838,578,73,82,33,31,9,0,11
839,580,73,80,33,31,9,0,8
840,578,73,82,34,31,9,0,7
841,580,73,79,34,31,9,0,9
842,581,74,78,33,31,9,0,12
843,580,74,78,33,31,9,0,15
844,581,74,78,34,31,9,0,13
845,581,74,78,34,31,9,0,11
846,581,73,78,34,31,9,0,8
847,580,73,81,35,31,9,0,7
848,582,73,79,35,31,9,0,5
849,582,73,80,35,31,9,0,4
850,582,73,80,35,31,9,0,3
851,582,73,78,34,31,9,0,6
852,581,72,79,35,31,9,0,9
853,581,72,80,34,31,9,0,13
854,580,72,81,35,31,9,0,14
855,581,72,80,35,31,9,0,12
856,581,72,80,35,31,9,0,11
857,580,73,81,35,31,9,0,11
858,579,73,82,35,31,9,0,14
859,581,73,79,35,31,9,0,16
860,581,73,79,36,31,9,0,19
861,581,74,80,35,31,9,0,16
862,582,74,79,35,31,9,0,12
863,582,73,79,35,31,9,0,7
864,581,73,79,35,31,9,0,5
865,581,73,79,36,31,9,0,4
866,582,73,79,36,31,9,0,3
867,582,74,79,34,31,9,0,3
868,581,74,80,34,31,9,0,2
869,581,74,80,34,31,9,0,4
870,581,74,81,35,31,9,0,4
871,582,74,79,33,31,9,0,5
872,581,74,80,34,31,9,0,5
873,582,74,79,34,31,9,0,6
874,582,73,79,34,31,9,0,10
875,581,72,78,35,31,9,0,11
876,578,72,81,34,31,9,0,10
877,581,73,79,35,31,9,0,6
878,582,73,79,35,31,9,0,5
879,581,73,79,35,31,9,0,8
880,581,72,80,36,31,9,0,12
881,581,73,80,36,31,9,0,13
882,581,73,80,36,31,9,0,9
883,581,73,80,35,31,9,0,6
884,581,73,79,35,31,9,0,4
885,581,73,80,36,31,9,0,3
886,581,73,79,35,31,9,0,2
887,580,73,82,36,31,9,0,1
888,580,73,81,35,31,9,0,2
889,580,73,81,35,31,9,0,1
890,580,73,82,36,31,9,0,1
891,581,74,80,35,31,9,0,1
892,580,73,81,35,31,9,0,2
893,580,73,81,35,31,9,0,2
894,581,73,82,36,31,9,0,2
895,580,73,82,36,31,9,0,2
896,580,73,82,36,31,9,0,2
897,580,73,82,35,31,9,0,3
898,580,73,82,35,31,9,0,4
899,581,73,80,34,31,9,0,6
900,579,73,82,35,31,9,0,7
901,580,73,80,34,31,9,0,7
902,579,73,80,34,31,9,0,6
903,580,73,82,35,31,9,0,5
904,581,74,79,34,31,9,0,5
905,581,74,80,34,31,9,0,5
907,581,73,77,34,31,9,0,7
908,576,74,80,32,31,9,0,8
909,579,73,76,32,31,9,0,8
910,578,73,79,34,31,9,0,6
911,580,73,82,36,31,9,0,7
912,579,72,82,37,31,9,0,13
913,580,73,82,36,31,9,0,18
914,581,74,81,35,31,9,0,21
915,581,74,81,35,31,9,0,17
916,581,74,81,35,31,9,0,14
917,581,73,81,35,31,9,0,9
918,581,73,81,35,31,9,0,8
919,580,73,81,35,31,9,0,7
920,582,73,80,35,31,9,0,7
921,582,73,80,35,31,9,0,6
922,582,73,80,35,31,9,0,4
923,582,73,80,35,31,9,0,3
924,581,73,81,35,31,9,0,3
925,581,73,80,35,31,9,0,2
926,582,73,80,35,31,9,0,2
927,581,73,80,35,31,9,0,1
928,581,73,79,35,31,9,0,2
929,581,73,80,35,31,9,0,1
930,581,73,80,35,31,9,0,1
931,581,73,80,35,31,9,0,2
932,581,73,80,35,31,9,0,3
933,580,73,81,36,31,9,0,5
934,580,73,81,35,31,9,0,5
935,580,73,81,36,31,9,0,4
936,580,73,81,35,31,9,0,2
937,581,73,79,35,31,9,0,2
938,582,73,79,35,31,9,0,2
939,582,74,79,34,31,9,0,2
940,582,73,79,35,31,9,0,2
941,582,74,79,34,31,9,0,1
942,582,74,78,34,31,9,0,2
943,582,74,78,34,31,9,0,2
944,582,73,78,34,31,9,0,3
945,582,73,78,35,31,9,0,2
946,582,73,78,34,31,9,0,3
947,582,74,80,34,31,9,0,4
949,581,74,81,36,31,9,0,8
950,581,74,82,36,31,9,0,10
951,580,74,82,36,31,9,0,13
952,580,74,82,35,31,9,0,10
953,580,74,82,35,31,9,0,10
954,580,73,82,36,31,9,0,6
955,580,73,81,36,31,9,0,7
956,580,73,82,36,31,9,0,6
957,580,73,82,36,31,9,0,5
958,582,74,80,35,31,9,0,3
959,582,74,80,35,31,9,0,1
960,580,74,81,35,31,9,0,0
961,580,74,81,35,31,9,0,0
962,580,74,81,35,31,9,0,0
963,580,73,81,35,31,9,0,2
964,580,74,81,34,31,9,0,4
965,580,74,80,34,31,9,0,5
966,581,74,79,34,31,9,0,4
967,581,74,81,34,31,9,0,2
968,581,74,81,34,31,9,0,1
969,580,74,82,34,31,9,0,0
970,580,74,82,34,31,9,0,1
971,581,74,82,34,31,9,0,1
972,580,74,82,34,31,9,0,1
973,580,74,82,34,31,9,0,0
974,580,74,82,34,31,9,0,0
975,580,74,83,34,31,9,0,0
976,580,74,82,34,31,9,0,0
977,580,74,82,34,31,9,0,1
978,581,74,82,35,31,9,0,1
979,580,74,82,35,31,9,0,2
980,580,74,81,35,31,9,0,2
981,580,74,82,35,31,9,0,3
982,580,74,82,35,31,9,0,2
983,580,74,81,35,31,9,0,1
984,579,74,82,34,31,9,0,0
985,579,74,82,34,31,9,0,3
986,579,74,82,35,31,9,0,6
987,579,73,81,34,31,9,0,8
988,580,73,80,34,31,9,0,8
989,580,73,81,35,31,9,0,10
990,580,73,80,34,31,9,0,15
991,579,73,78,33,31,9,0,20
992,580,75,77,31,31,9,0,17
993,580,74,77,30,31,9,0,14
996,581,75,81,33,31,9,0,8
997,580,74,82,33,31,9,0,7
998,579,74,83,35,31,9,0,7
999,579,74,83,33,31,9,0,8
1000,579,74,82,33,31,9,0,8
1001,580,74,82,34,31,9,0,7
1002,580,74,81,33,31,9,0,4
1003,580,74,82,33,31,9,0,3
1004,580,74,82,34,31,9,0,3
1005,580,74,82,33,31,9,0,3
1006,580,74,82,34,31,9,0,2
1007,580,74,82,34,31,9,0,1
1008,579,74,83,33,31,9,0,0
1009,579,74,83,33,31,9,0,0
1010,579,74,83,34,31,9,0,2
1011,579,74,82,34,31,9,0,3
1012,579,73,83,34,31,9,0,4
1013,580,73,82,34,31,9,0,3
1014,579,73,82,34,31,9,0,2
1015,579,74,83,34,31,9,0,1
1016,579,74,83,34,31,9,0,1
1017,579,74,83,33,31,9,0,1
1018,579,74,83,34,31,9,0,1
1019,579,74,82,33,31,9,0,2
1020,580,74,81,33,31,9,0,2
1021,581,74,81,33,31,9,0,3
1022,581,74,81,33,31,9,0,3
1023,581,74,81,33,31,9,0,6
1024,581,74,80,33,31,9,0,10
1025,581,75,81,34,31,9,0,10
1026,581,75,80,34,31,9,0,9
1027,581,75,80,33,31,9,0,8
1028,581,75,80,33,31,9,0,8
1029,581,75,81,35,31,9,0,9
1031,579,74,81,32,31,9,0,6
1032,580,74,80,33,31,9,0,6
1033,578,74,83,34,31,9,0,5
1034,578,74,83,33,31,9,0,4
1035,579,74,83,35,31,9,0,9
1036,579,74,83,35,31,9,0,15
1037,579,74,83,35,31,9,0,18
1038,579,74,83,35,31,9,0,17
1039,579,74,82,35,31,9,0,12
1040,579,74,82,35,31,9,0,10
1041,579,74,82,35,31,9,0,5
1062,581,75,81,35,31,9,0,3
1063,582,75,81,34,31,9,0,2
1064,582,75,81,34,31,9,0,2
1065,581,75,82,37,31,9,0,1
1066,581,75,81,36,31,9,0,1
1067,581,75,80,34,31,9,0,0
1074,580,75,82,34,31,9,0,0
1075,580,75,82,34,31,9,0,1
1076,579,75,83,34,31,9,0,3
1077,580,75,82,34,31,9,0,4
1078,580,75,82,34,31,9,0,4
1079,579,75,83,33,31,9,0,3
1080,580,75,81,33,31,9,0,3
1081,580,75,81,34,31,9,0,3
1085,579,77,83,33,31,9,0,2
1086,580,76,80,34,31,9,0,2
1098,582,75,80,34,31,9,0,2
1102,580,75,82,36,31,9,0,2
1103,581,77,82,34,31,9,0,2
1107,581,76,82,34,31,9,0,2
1108,580,76,82,33,31,9,0,2
1109,581,76,81,32,31,9,0,6
1110,578,76,84,33,31,9,0,12
1111,579,77,84,31,31,9,0,21
1112,577,77,84,30,31,9,0,20
1113,580,77,82,30,31,9,0,17
1114,578,76,85,33,31,9,0,10
1115,578,75,85,34,31,9,0,10
1116,580,76,84,34,31,9,0,15
1117,580,76,83,33,31,9,0,23
1118,580,75,83,36,31,9,0,24
1119,580,75,83,36,31,9,0,18
1120,579,75,83,34,31,9,0,10
1121,579,75,83,33,31,9,0,10
1122,581,76,83,35,31,9,0,10
1123,580,76,83,36,31,9,0,10
1124,579,75,84,34,31,9,0,8
1125,579,76,83,34,31,9,0,6
1126,579,76,83,34,31,9,0,8
1127,579,76,83,33,31,9,0,14
1128,578,75,85,33,31,9,0,15
1129,578,75,84,34,31,9,0,16
1130,578,75,85,33,31,9,0,11
1131,577,75,85,33,31,9,0,11
1132,577,75,85,33,31,9,0,8
1133,578,75,85,33,31,9,0,6
1134,579,75,84,33,31,9,0,3
1135,580,75,83,33,31,9,0,2
1136,580,75,83,33,31,9,0,1
1137,579,75,84,33,31,9,0,2
1138,576,75,88,34,31,9,0,4
1139,576,75,87,34,31,9,0,7
1140,578,74,84,35,31,9,0,9
1141,577,75,85,36,31,9,0,12
1142,578,75,84,36,31,9,0,12
1143,578,75,85,36,31,9,0,12
1144,578,75,85,36,31,9,0,13
1145,578,75,85,36,31,9,0,13
1146,580,76,83,35,31,9,0,11
1147,580,76,83,36,31,9,0,8
1148,579,76,84,35,31,9,0,4
1149,580,76,83,35,31,9,0,2
1150,580,76,83,35,31,9,0,2
1158,579,75,84,36,31,9,0,2
1159,579,75,84,36,31,9,0,3
1160,578,75,84,35,31,9,0,3
1161,578,75,84,35,31,9,0,2
1162,578,75,84,35,31,9,0,2
1163,578,75,84,35,31,9,0,2
1164,579,75,84,35,31,9,0,1
1165,579,75,84,36,31,9,0,4
1166,578,75,85,35,31,9,0,5
1167,576,75,85,33,31,9,0,7
1172,580,75,82,34,31,9,0,4
1173,578,75,83,34,31,9,0,5
1174,577,75,85,34,31,9,0,3
1175,578,75,84,34,31,9,0,3
1176,578,75,85,35,31,9,0,1
1177,578,75,85,34,31,9,0,2
1178,576,75,86,34,31,9,0,1
1179,576,75,86,34,31,9,0,1
1180,576,75,86,34,31,9,0,2
1181,577,75,84,34,31,9,0,2
1182,576,75,85,34,31,9,0,3
1183,576,75,85,34,31,9,0,1
1184,575,75,86,34,31,9,0,1
1185,575,75,86,34,31,9,0,1
1186,575,75,86,34,31,9,0,1
1187,575,75,86,35,31,9,0,1
1208,580,74,79,34,31,9,0,1
1209,580,74,79,34,31,9,0,1
1210,580,74,80,34,31,9,0,1
1211,580,74,79,34,31,9,0,0
1212,580,75,81,34,31,9,0,2
1213,579,75,83,34,31,9,0,5
1214,579,75,83,35,31,9,0,9
1215,579,75,83,34,31,9,0,12
1216,579,75,84,35,31,9,0,12
1217,578,75,84,35,31,9,0,10
1218,579,75,83,34,31,9,0,8
1219,578,75,84,33,31,9,0,7
1220,576,75,86,33,31,9,0,9
1221,577,75,84,33,31,9,0,10
1222,577,75,85,33,31,9,0,10
1224,576,75,85,33,31,9,0,7
1225,577,75,84,33,31,9,0,4
1227,577,74,83,34,31,9,0,3
1231,577,75,85,34,31,9,0,2
1232,578,75,84,34,31,9,0,2
1233,578,75,83,34,31,9,0,1
1234,577,74,83,33,31,9,0,2
1235,578,74,82,34,31,9,0,1
1236,580,74,82,35,31,9,0,1
1237,580,74,81,35,31,9,0,0
1238,580,74,82,35,31,9,0,3
1240,580,75,80,34,31,9,0,7
1241,580,75,82,35,31,9,0,10
1242,580,75,82,35,31,9,0,9
1243,580,75,83,35,31,9,0,7
1244,580,75,77,33,31,9,0,4
1245,581,75,77,33,31,9,0,4
1246,580,76,78,32,31,9,0,6
1247,580,76,76,32,31,9,0,11
1248,578,75,83,33,31,9,0,12
1249,579,75,82,33,31,9,0,9
1250,579,75,81,33,31,9,0,6
1251,580,75,80,33,31,9,0,5
1252,580,75,80,33,31,9,0,5
1253,580,75,81,33,31,9,0,3
1254,580,75,81,33,31,9,0,4
1255,579,75,81,33,31,9,0,4
1256,580,74,81,34,31,9,0,4
1257,580,74,81,33,31,9,0,3
1258,578,75,83,32,31,9,0,3
1259,580,75,82,34,31,9,0,3
1260,581,75,80,34,31,9,0,4
1261,580,75,80,34,31,9,0,4
1262,580,75,80,32,31,9,0,6
1263,579,75,83,33,31,9,0,5
1264,578,75,85,34,31,9,0,4
1265,580,74,82,34,31,9,0,3
1266,579,75,82,33,31,9,0,3
1267,579,75,83,33,31,9,0,8
1268,579,75,83,33,31,9,0,9
1269,580,75,82,35,31,9,0,10
1270,580,75,81,33,31,9,0,6
1271,580,75,82,35,31,9,0,6
1272,577,75,84,34,31,9,0,4
1273,579,75,83,34,31,9,0,3
1274,582,75,81,34,31,9,0,6
1275,579,76,83,34,31,9,0,6
1276,580,76,75,34,31,9,0,7
1277,578,75,82,34,31,9,0,3
1278,579,75,80,34,31,9,0,2
1279,578,75,84,34,31,9,0,4
1280,578,75,83,34,31,9,0,5
1281,576,75,86,33,31,9,0,7
1282,576,76,86,33,31,9,0,4
1283,576,75,86,33,31,9,0,3
1284,577,75,84,34,31,9,0,2
1285,576,75,85,34,31,9,0,3
1286,577,75,86,35,31,9,0,4
1287,577,75,86,35,31,9,0,6
1288,577,75,86,35,31,9,0,5
1289,578,75,85,35,31,9,0,5
1290,578,75,84,35,31,9,0,3
1291,578,75,84,34,31,9,0,2
1292,578,75,84,34,31,9,0,2
1293,578,75,84,34,31,9,0,2
1294,578,75,84,34,31,9,0,3
1295,578,75,84,34,31,9,0,5
1296,578,75,84,34,31,9,0,5
1297,578,75,84,33,31,9,0,3
1298,579,75,83,34,31,9,0,1
1299,579,75,83,34,31,9,0,1
1300,579,75,83,34,31,9,0,0
1301,579,75,83,34,31,9,0,1
1302,577,75,85,34,31,9,0,1
1303,577,75,85,34,31,9,0,2
1304,577,75,85,34,31,9,0,2
1305,579,75,83,34,31,9,0,2
1306,579,75,83,34,31,9,0,1
1307,580,75,83,34,31,9,0,1
1308,579,74,82,35,31,9,0,0
1309,579,74,83,35,31,9,0,0
1310,579,74,82,35,31,9,0,0
1311,578,74,82,34,31,9,0,1
1312,579,74,81,34,31,9,0,1
1313,579,74,83,35,31,9,0,1
1314,579,74,82,35,31,9,0,1
1315,579,74,82,35,31,9,0,0
1316,580,74,82,35,31,9,0,1
1317,579,74,82,35,31,9,0,0
1318,579,74,82,35,31,9,0,1
1319,579,74,83,35,31,9,0,2
1320,579,74,82,35,31,9,0,4
1321,578,74,83,34,31,9,0,5
1322,579,74,83,34,31,9,0,4
1323,579,74,83,34,31,9,0,5
1324,579,74,83,34,31,9,0,4
1325,579,74,83,34,31,9,0,4
1326,578,74,83,34,31,9,0,3
1327,578,74,84,34,31,9,0,3
1328,578,74,83,35,31,9,0,2
1329,578,74,83,35,31,9,0,2
1332,577,74,83,34,31,9,0,1
1333,577,74,83,34,31,9,0,1
1334,578,74,83,34,31,9,0,1
1335,580,74,81,35,31,9,0,1
1336,580,74,81,34,31,9,0,1
1337,579,74,82,35,31,9,0,1
1338,579,74,83,35,31,9,0,2
1339,579,74,82,35,31,9,0,2
1340,579,74,82,35,31,9,0,2
1341,579,74,83,35,31,9,0,1
1342,579,74,83,35,31,9,0,2
1343,579,74,83,35,31,9,0,3
1344,579,73,82,35,31,9,0,4
1345,579,73,83,35,31,9,0,3
1346,579,74,82,35,31,9,0,5
1347,578,74,83,35,31,9,0,8
1348,580,73,80,34,31,9,0,10
1349,581,74,77,33,31,9,0,8
1352,580,75,81,34,31,9,0,5
1353,580,75,81,34,31,9,0,3
1354,580,74,80,35,31,9,0,3
1355,580,73,80,36,31,9,0,5
1356,580,73,80,36,31,9,0,5
1357,581,73,79,36,31,9,0,4
1358,582,74,80,35,31,9,0,3
1359,582,74,79,35,31,9,0,4
1360,581,75,80,35,31,9,0,5
1361,581,75,80,35,31,9,0,5
1363,581,74,81,36,31,9,0,4
1364,581,74,81,36,31,9,0,3
1365,581,74,80,35,31,9,0,2
1366,580,74,82,35,31,9,0,2
1367,580,74,82,35,31,9,0,2
1368,580,74,82,36,31,9,0,2
1369,580,74,83,35,31,9,0,1
1370,579,74,83,35,31,9,0,1
1371,579,73,83,36,31,9,0,1
1372,579,74,83,35,31,9,0,2
1373,579,74,83,35,31,9,0,2
1374,579,74,83,35,31,9,0,3
1375,579,74,83,35,31,9,0,3
1376,577,74,86,35,31,9,0,3
1377,577,74,86,35,31,9,0,2
1378,577,74,86,35,31,9,0,2
1379,576,74,86,35,31,9,0,1
1380,577,74,86,35,31,9,0,1
1381,577,74,85,35,31,9,0,0
1382,577,74,85,35,31,9,0,0
1383,577,74,85,35,31,9,0,0
1384,578,74,85,35,31,9,0,0
1385,577,74,85,35,31,9,0,1
1386,577,74,84,34,31,9,0,1
1387,577,74,84,34,31,9,0,1
1388,579,74,83,35,31,9,0,0
1389,579,74,83,35,31,9,0,0
1390,579,74,83,35,31,9,0,0
1391,579,74,83,35,31,9,0,1
1392,578,74,84,34,31,9,0,4
1393,578,74,83,33,31,9,0,6
1394,578,74,83,33,31,9,0,6
1395,578,75,83,33,31,9,0,4
1396,578,75,83,33,31,9,0,3
1397,578,75,83,33,31,9,0,2
1398,577,74,84,34,31,9,0,1
1399,578,74,84,33,31,9,0,3
1400,578,74,84,33,31,9,0,5
1401,578,74,84,33,31,9,0,6
1402,578,74,83,33,31,9,0,9
1403,578,75,82,33,31,9,0,12
1404,579,75,80,35,31,9,0,18
1405,579,75,83,34,31,9,0,17
1406,577,76,83,34,31,9,0,14
1407,579,75,78,33,31,9,0,8
1408,580,75,78,33,31,9,0,7
1409,580,75,80,34,31,9,0,6
1410,579,75,81,34,31,9,0,7
1411,578,74,82,34,31,9,0,7
1412,579,74,81,34,31,9,0,7
1413,579,74,82,35,31,9,0,5
1414,579,74,82,35,31,9,0,3
1415,580,74,81,35,31,9,0,2
1416,581,74,82,35,31,9,0,1
1417,582,74,80,34,31,9,0,2
1418,581,74,80,34,31,9,0,3
1419,581,74,81,34,31,9,0,4
1420,582,74,80,34,31,9,0,5
1421,581,74,81,34,31,9,0,4
1422,582,74,80,34,31,9,0,3
1423,581,74,81,34,31,9,0,3
1424,580,74,82,34,31,9,0,3
1425,577,74,85,35,31,9,0,3
1426,580,74,83,35,31,9,0,3
1427,580,74,83,35,31,9,0,2
1428,584,74,78,34,31,9,0,1
1429,585,75,75,33,31,9,0,1
1430,584,74,78,34,31,9,0,2
1431,585,74,77,34,31,9,0,3
1432,586,74,76,34,31,9,0,2
1433,580,74,82,34,31,9,0,1
1434,578,74,84,34,31,9,0,1
1435,578,74,84,34,31,9,0,1
1436,577,74,85,34,31,9,0,2
1437,577,74,85,34,31,9,0,3
1438,579,74,84,35,31,9,0,5
1439,578,74,84,35,31,9,0,4
1440,579,74,83,35,31,9,0,3
1441,578,74,82,34,31,9,0,2
1442,579,73,82,35,31,9,0,2
1443,577,74,81,34,31,9,0,1
1444,578,73,80,35,31,9,0,2
1445,578,73,80,35,31,9,0,1
1446,577,73,83,36,31,9,0,1
1447,577,73,83,35,31,9,0,1
1448,577,74,81,34,31,9,0,5
1449,577,74,81,33,31,9,0,9
1450,579,74,79,32,31,9,0,13
1451,579,74,78,33,31,9,0,15
1452,580,74,75,32,31,9,0,15
1453,580,74,75,32,31,9,0,15
1454,580,74,75,32,31,9,0,11
1455,580,74,75,32,31,9,0,8
1456,581,74,76,33,31,9,0,5
1457,581,74,76,32,31,9,0,4
1458,581,74,76,32,31,9,0,4
1459,581,74,75,32,31,9,0,4
1460,581,74,77,33,31,9,0,5
1461,581,74,77,33,31,9,0,4
1462,581,74,76,33,31,9,0,3
1463,581,74,76,33,31,9,0,3
1467,579,74,80,33,31,9,0,4
1468,579,74,80,33,31,9,0,4
1469,579,74,81,32,31,9,0,4
1470,579,74,79,33,31,9,0,3
1471,579,73,80,33,31,9,0,4
1472,579,74,79,32,31,9,0,4
1473,579,74,78,32,31,9,0,4
1474,579,74,78,32,31,9,0,6
1475,579,74,77,32,31,9,0,6
1476,579,74,77,31,31,9,0,8
1477,580,74,74,31,31,9,0,6
1481,580,74,75,33,31,9,0,5
1482,579,74,76,33,31,9,0,3
1483,580,74,76,33,31,9,0,3
1484,580,73,76,33,31,9,0,5
1485,580,73,77,34,31,9,0,8
1486,579,74,82,35,31,9,0,10
1487,579,74,82,35,31,9,0,10
1488,579,74,80,34,31,9,0,14
1489,579,74,82,35,31,9,0,16
1490,579,74,81,35,31,9,0,15
1491,580,74,80,35,31,9,0,10
1492,580,74,79,34,31,9,0,6
1493,580,74,81,35,31,9,0,5
1494,580,74,80,35,31,9,0,5
1495,580,74,78,34,31,9,0,5
1496,580,74,79,34,31,9,0,3
1497,580,74,79,35,31,9,0,1
1498,580,73,77,35,31,9,0,1
1499,580,73,76,36,31,9,0,1
1501,580,73,75,36,31,9,0,2
1502,580,73,75,36,31,9,0,2
1503,580,73,76,36,31,9,0,2
1504,581,73,74,35,31,9,0,2
1505,581,73,75,36,31,9,0,3
1506,581,73,76,37,31,9,0,3
1507,581,73,77,36,31,9,0,3
1508,581,73,75,36,31,9,0,3
1509,581,73,75,37,31,9,0,2
1510,581,72,75,37,31,9,0,3
1511,581,72,75,37,31,9,0,4
1512,580,72,78,36,31,9,0,4
1513,580,72,79,37,31,9,0,3
1514,580,73,79,37,31,9,0,3
1515,580,73,77,36,31,9,0,3
1516,580,73,79,36,31,9,0,3
1517,580,73,80,36,31,9,0,2
1518,580,73,80,36,31,9,0,2
1519,581,73,79,36,31,9,0,1
1520,580,74,81,36,31,9,0,1
1521,580,73,81,36,31,9,0,2
1522,580,73,80,36,31,9,0,3
1523,581,73,79,35,31,9,0,3
1524,580,73,79,35,31,9,0,3
1525,579,73,79,35,31,9,0,3
1526,578,73,81,36,31,9,0,3
1527,578,73,82,36,31,9,0,5
1528,578,73,82,37,31,9,0,8
1529,577,73,84,37,31,9,0,11
1530,577,73,85,37,31,9,0,10
1531,579,73,83,37,31,9,0,8
1532,580,73,81,35,31,9,0,6
1533,578,74,82,35,31,9,0,5
1562,579,74,83,40,31,9,0,4
1566,580,73,82,35,31,9,0,2
1567,580,73,81,35,31,9,0,1
1568,580,73,82,35,31,9,0,1
1569,580,73,80,35,31,9,0,7
1570,580,73,81,35,31,9,0,11
1571,579,73,82,35,31,9,0,14
1572,579,73,82,36,31,9,0,9
1573,579,72,83,36,31,9,0,6
1574,578,72,83,36,31,9,0,4
1575,578,72,83,37,31,9,0,4
1576,580,72,79,35,31,9,0,7
1577,580,72,78,35,31,9,0,7
1578,581,71,79,36,31,9,0,7
1579,580,72,81,36,31,9,0,4
1580,581,73,79,35,31,9,0,9
1581,581,72,78,37,31,9,0,10
1582,581,73,78,37,31,9,0,12
1585,581,72,80,37,31,9,0,7
1586,579,73,82,35,31,9,0,5
1587,580,73,82,35,31,9,0,5
1588,580,73,81,35,31,9,0,5
1589,581,73,80,35,31,9,0,7
1590,580,74,81,35,31,9,0,5
1591,580,73,82,35,31,9,0,5
1592,580,74,81,35,31,9,0,3
1593,580,74,82,35,31,9,0,4
1594,580,74,81,34,31,9,0,4
1595,580,73,81,34,31,9,0,4
1596,580,72,81,36,31,9,0,8
1597,579,72,81,36,31,9,0,13
1598,579,72,78,35,31,9,0,15
1599,580,72,75,35,31,9,0,12
1611,580,73,79,36,31,9,0,6
1612,580,73,79,35,31,9,0,5
1613,580,73,80,35,31,9,0,3
1614,581,74,80,35,31,9,0,4
1616,582,74,80,34,31,9,0,3
1622,581,74,81,35,31,9,0,3
1623,581,74,81,35,31,9,0,1
1624,580,74,83,35,31,9,0,1
1625,579,73,83,35,31,9,0,1
1626,580,73,82,35,31,9,0,1
1627,580,73,83,36,31,9,0,1
1628,579,73,83,36,31,9,0,1
1629,580,73,83,36,31,9,0,1
1630,580,73,82,36,31,9,0,1
1631,581,73,80,36,31,9,0,1
1632,580,73,81,36,31,9,0,1
1633,580,73,81,36,31,9,0,1
1634,580,73,80,35,31,9,0,1
1635,580,73,81,36,31,9,0,1
1636,579,73,82,35,31,9,0,2
1637,578,74,83,35,31,9,0,1
1638,578,74,85,35,31,9,0,1
1639,580,74,83,35,31,9,0,2
1640,580,74,82,33,31,9,0,2
1641,579,74,83,34,31,9,0,5
1642,580,74,82,34,31,9,0,5
1643,581,74,81,34,31,9,0,6
1645,580,74,81,34,31,9,0,4
1647,581,74,81,34,31,9,0,4
1648,581,74,81,34,31,9,0,5
1649,580,74,83,35,31,9,0,4
1650,581,73,80,34,31,9,0,3
1651,581,73,81,35,31,9,0,2
1652,581,74,81,35,31,9,0,2
1653,582,74,77,34,31,9,0,2
1654,582,74,77,34,31,9,0,7
1655,581,73,80,36,31,9,0,9
1656,580,73,81,36,31,9,0,11
1661,580,74,75,31,31,9,0,6
1680,578,73,83,34,31,9,0,3
1694,579,74,82,33,31,9,0,2
1695,579,74,82,33,31,9,0,1
1696,579,74,82,33,31,9,0,1
1697,579,74,82,33,31,9,0,1
1698,579,74,80,32,31,9,0,1
1721,579,73,84,36,31,9,0,1
1722,578,74,83,34,31,9,0,2
1723,578,74,84,35,31,9,0,3
1724,578,74,85,36,31,9,0,3
1725,578,74,85,35,31,9,0,3
1726,576,74,87,36,31,9,0,4
1727,579,75,84,34,31,9,0,4
1728,582,75,81,35,31,9,0,4
1731,583,74,75,34,31,9,0,4
1733,579,76,79,33,31,9,0,6
1739,579,73,82,34,31,9,0,7
1740,577,73,84,33,31,9,0,10
1741,577,74,84,33,31,9,0,8
1742,578,73,83,33,31,9,0,7
1744,578,74,85,34,31,9,0,5
1745,578,74,85,34,31,9,0,6
1746,580,74,84,35,31,9,0,6
1747,579,74,84,34,31,9,0,9
1748,579,74,83,34,31,9,0,8
1749,579,74,80,34,31,9,0,10
1750,580,74,80,35,31,9,0,7
1756,578,75,82,35,31,9,0,8
1757,579,75,80,35,31,9,0,5
1759,581,75,81,35,31,9,0,5
1760,583,75,78,33,31,9,0,2
1761,584,76,75,33,31,9,0,1
1787,576,74,87,35,31,9,0,0
1788,578,74,83,36,31,9,0,0
1789,579,74,83,36,31,9,0,0
1790,579,74,82,35,31,9,0,0
1791,576,74,83,34,31,9,0,1
1792,577,75,82,35,31,9,0,4
1793,580,76,81,35,31,9,0,7
1794,576,76,86,36,31,9,0,8
1795,578,76,85,35,31,9,0,6
1796,581,76,82,35,31,9,0,4
1797,581,74,81,34,31,9,0,2
1798,579,74,83,36,31,9,0,3
1808,579,73,82,36,31,9,0,3
1809,579,73,83,36,31,9,0,3
1810,579,73,83,37,31,9,0,4
1814,579,74,84,38,31,9,0,4
1815,579,74,83,38,31,9,0,7
1816,579,74,83,37,31,9,0,7
1817,579,74,83,37,31,9,0,8
1818,579,74,84,37,31,9,0,8
1819,578,74,84,37,31,9,0,6
1821,582,73,80,36,31,9,0,6
1839,581,74,80,36,31,9,0,3
1840,582,74,81,36,31,9,0,2
1841,582,74,80,36,31,9,0,1
1842,582,74,80,37,31,9,0,1
1843,582,74,81,37,31,9,0,2
1844,582,74,81,37,31,9,0,2
1845,582,74,80,37,31,9,0,2
1846,580,73,81,37,31,9,0,3
1847,580,74,81,36,31,9,0,7
1848,579,73,82,36,31,9,0,9
1849,580,73,82,36,31,9,0,9
1864,577,76,84,33,31,9,0,6
1865,579,75,81,34,31,9,0,4
1866,578,74,81,35,31,9,0,2
1867,579,74,83,36,31,9,0,1
1868,579,74,84,36,31,9,0,1
1869,580,74,82,35,31,9,0,0
1870,579,73,83,36,31,9,0,0
1871,580,73,82,36,31,9,0,2
1872,580,73,82,36,31,9,0,4
1873,580,73,82,36,31,9,0,7
1874,580,73,81,35,31,9,0,7
1875,580,73,81,35,31,9,0,7
1876,581,73,81,35,31,9,0,7
1877,581,73,81,35,31,9,0,6
1878,581,73,81,35,31,9,0,4
1879,580,73,81,35,31,9,0,2
1880,581,73,80,35,31,9,0,1
1885,580,73,81,35,31,9,0,0
1886,581,73,79,35,31,9,0,0
1887,580,73,81,35,31,9,0,0
1888,581,73,80,35,31,9,0,1
1889,581,73,80,35,31,9,0,1
1890,582,73,79,34,31,9,0,1
1891,581,73,80,35,31,9,0,1
1892,580,73,81,35,31,9,0,1
1893,580,72,83,36,31,9,0,1
1894,580,72,83,36,31,9,0,1
1895,580,72,82,35,31,9,0,1
1896,577,72,84,36,31,9,0,5
1897,577,73,85,35,31,9,0,6
1898,577,74,79,32,31,9,0,14
1899,576,74,81,33,31,9,0,12
1900,577,74,78,31,31,9,0,13
1902,577,73,83,34,31,9,0,6
1903,582,73,80,35,31,9,0,6
1904,581,73,80,35,31,9,0,5
1905,579,73,82,35,31,9,0,11
1906,579,73,83,35,31,9,0,16
1907,579,74,83,35,31,9,0,18
1908,580,74,82,35,31,9,0,14
1909,581,74,82,35,31,9,0,9
1910,581,73,81,36,31,9,0,7
1911,581,73,82,36,31,9,0,5
1912,581,73,82,36,31,9,0,3
1913,581,73,82,36,31,9,0,3
1914,581,74,82,35,31,9,0,3
1915,582,73,81,35,31,9,0,4
1916,581,73,81,35,31,9,0,6
1917,580,73,81,35,31,9,0,7
1918,581,73,80,34,31,9,0,8
1919,580,73,81,35,31,9,0,5
1920,581,73,79,35,31,9,0,4
1921,580,73,80,35,31,9,0,2
1922,581,73,80,35,31,9,0,3
1923,580,73,81,35,31,9,0,4
1924,580,73,81,35,31,9,0,4
1925,580,73,82,35,31,9,0,3
1926,580,73,82,35,31,9,0,2
1927,580,73,81,35,31,9,0,1
1928,581,73,81,35,31,9,0,1
1929,580,74,81,35,31,9,0,2
1930,580,73,82,35,31,9,0,3
1931,579,74,82,35,31,9,0,3
1932,578,74,83,35,31,9,0,4
1933,578,74,83,35,31,9,0,3
1934,578,74,84,35,31,9,0,4
1935,577,74,85,35,31,9,0,4
1936,578,74,85,35,31,9,0,4
1937,578,75,84,35,31,9,0,3
1938,579,74,84,34,31,9,0,2
1939,579,74,84,35,31,9,0,1
1940,579,74,83,35,31,9,0,1
1941,580,73,83,36,31,9,0,2
1942,580,73,82,35,31,9,0,3
1943,581,73,81,36,31,9,0,3
1954,581,73,79,34,31,9,0,2
1955,581,74,80,34,31,9,0,2
1956,580,74,81,34,31,9,0,1
1957,581,74,80,34,31,9,0,1
1958,581,74,81,35,31,9,0,2
1959,580,73,82,35,31,9,0,2
1960,579,73,83,35,31,9,0,3
1961,579,73,82,35,31,9,0,2
1962,579,73,81,34,31,9,0,3
1963,579,73,81,34,31,9,0,2
1964,579,73,82,35,31,9,0,2
1965,579,73,81,35,31,9,0,1
1966,578,73,83,35,31,9,0,2
1967,579,73,83,35,31,9,0,3
1968,579,73,83,35,31,9,0,3
1969,578,73,83,34,31,9,0,2
1970,578,73,84,35,31,9,0,1
1971,578,73,84,35,31,9,0,1
1972,578,73,84,35,31,9,0,0
1973,578,73,84,35,31,9,0,2
1974,578,73,84,35,31,9,0,4
1975,578,73,84,35,31,9,0,5
1976,578,73,85,35,31,9,0,4
1977,578,73,85,35,31,9,0,3
1978,578,73,84,35,31,9,0,4
1979,578,73,84,35,31,9,0,3
1980,578,73,84,36,31,9,0,3
1981,578,73,84,36,31,9,0,2
1982,578,73,83,36,31,9,0,2
1983,578,73,83,36,31,9,0,3
1984,578,73,83,36,31,9,0,3
1985,580,72,81,36,31,9,0,3
1986,580,73,80,35,31,9,0,3
1987,580,73,81,36,31,9,0,4
1988,580,72,81,35,31,9,0,6
1989,580,72,81,35,31,9,0,5
1990,580,72,81,35,31,9,0,4
1991,579,72,83,35,31,9,0,3
1995,578,73,83,35,31,9,0,2
1996,578,73,83,34,31,9,0,2
1997,580,73,81,34,31,9,0,1
1998,580,72,81,34,31,9,0,2
1999,580,72,80,34,31,9,0,3
2000,578,72,81,34,31,9,0,4
2001,578,72,83,35,31,9,0,7
2002,580,72,82,35,31,9,0,6
2003,581,72,80,34,31,9,0,6
2004,581,73,80,34,31,9,0,7
2011,581,73,80,34,31,9,0,7
2012,582,73,74,30,31,9,0,7
2013,582,73,77,32,31,9,0,4
2014,581,74,77,33,31,9,0,2
2015,581,74,79,33,31,9,0,1
2020,580,73,81,34,31,9,0,4
2021,581,74,80,33,31,9,0,6
2022,581,74,80,33,31,9,0,7
2023,580,74,80,33,31,9,0,4
2024,581,74,80,33,31,9,0,2
2025,581,74,80,33,31,9,0,1
2026,581,74,81,33,31,9,0,2
2027,581,74,81,33,31,9,0,3
2028,581,73,81,33,31,9,0,5
2029,581,73,79,33,31,9,0,4
2030,582,73,78,33,31,9,0,4
2031,581,74,80,33,31,9,0,4
2032,581,74,81,34,31,9,0,4
2033,580,74,82,34,31,9,0,4
2034,581,74,79,32,31,9,0,4
2035,583,74,78,33,31,9,0,4
2036,580,74,82,33,31,9,0,3
2037,582,75,79,32,31,9,0,2
2038,581,76,77,31,31,9,0,5
2039,581,76,76,32,31,9,0,5
2040,580,76,76,33,31,9,0,10
2042,575,76,82,32,31,9,0,10
2044,575,75,82,28,31,9,0,11
2045,575,75,80,29,31,9,0,9
2046,575,75,84,31,31,9,0,8
2047,575,75,85,31,31,9,0,6
2048,576,74,87,33,31,9,0,11
2049,577,74,86,34,31,9,0,14
2050,577,75,86,34,31,9,0,16
2051,576,74,86,33,31,9,0,10
2052,577,74,83,33,31,9,0,7
2053,576,74,84,33,31,9,0,6
2054,577,74,82,33,31,9,0,6
2055,577,75,81,31,31,9,0,5
2058,577,76,83,32,31,9,0,3
2061,579,74,82,33,31,9,0,2
2062,579,73,80,34,31,9,0,3
2063,580,73,81,35,31,9,0,4
2064,579,73,83,36,31,9,0,3
2065,579,73,82,34,31,9,0,2
2066,580,74,81,34,31,9,0,1
2067,579,73,81,34,31,9,0,1
2068,579,73,82,34,31,9,0,2
2069,579,73,82,35,31,9,0,2
2070,580,73,81,34,31,9,0,4
2071,580,73,82,34,31,9,0,3
2072,580,73,82,34,31,9,0,3
2073,580,73,82,34,31,9,0,1
2074,580,73,82,34,31,9,0,1
2075,580,73,82,34,31,9,0,1
2076,580,74,81,33,31,9,0,2
2077,579,74,82,33,31,9,0,2
2078,579,74,82,33,31,9,0,2
2079,580,74,81,33,31,9,0,2
2080,580,74,81,34,31,9,0,5
2081,580,73,83,36,31,9,0,7
2082,580,73,83,36,31,9,0,8
2083,580,73,83,36,31,9,0,9
2084,580,73,82,35,31,9,0,11
2085,580,74,82,35,31,9,0,12
2086,580,74,82,35,31,9,0,10
2087,579,74,83,36,31,9,0,7
2088,579,74,82,34,31,9,0,5
2089,580,75,82,34,31,9,0,8
2090,581,75,81,33,31,9,0,10
2091,579,75,78,30,31,9,0,16
2092,578,74,77,33,31,9,0,15
2093,580,75,75,30,31,9,0,15
2094,577,75,79,32,31,9,0,12
2095,578,74,80,34,31,9,0,10
2096,576,72,82,34,31,9,0,8
2097,576,72,83,33,31,9,0,5
2098,576,72,84,33,31,9,0,5
2099,576,72,83,33,31,9,0,5
2100,579,72,79,34,31,9,0,5
2101,580,72,79,34,31,9,0,5
2102,580,72,80,33,31,9,0,4
2103,581,73,79,33,31,9,0,4
2104,582,73,78,33,31,9,0,3
2105,583,73,77,33,31,9,0,3
2106,582,73,75,32,31,9,0,4
2107,582,73,77,34,31,9,0,4
2108,581,73,78,34,31,9,0,4
2109,580,73,78,34,31,9,0,5
2110,580,72,78,34,31,9,0,5
2111,580,73,82,35,31,9,0,4
2112,583,73,76,33,31,9,0,2
2113,583,73,78,34,31,9,0,2
2114,583,73,77,34,31,9,0,3
2115,582,73,76,33,31,9,0,4
2116,582,73,78,34,31,9,0,4
2117,581,73,78,34,31,9,0,3
2118,581,73,78,34,31,9,0,3
2119,581,73,79,34,31,9,0,2
2120,580,73,79,33,31,9,0,2
2121,580,73,79,33,31,9,0,2
2122,580,73,80,33,31,9,0,2
2123,580,73,81,33,31,9,0,1
2124,580,73,81,34,31,9,0,2
2125,581,73,81,34,31,9,0,3
2126,580,73,81,34,31,9,0,3
2127,580,73,82,34,31,9,0,2
2128,580,73,82,33,31,9,0,1
2129,580,73,81,33,31,9,0,1
2130,580,73,81,34,31,9,0,1
2131,580,73,81,34,31,9,0,2
2132,580,73,81,33,31,9,0,4
2133,579,73,80,33,31,9,0,5
2134,580,73,81,35,31,9,0,5
2135,580,72,79,33,31,9,0,4
2136,579,72,81,35,31,9,0,3
2137,579,73,82,35,31,9,0,3
2138,580,73,79,33,31,9,0,2
2139,579,73,79,33,31,9,0,2
2140,579,73,79,34,31,9,0,2
753,908,91,33,48,32,6,1,3
754,907,91,34,48,32,6,1,9
755,908,91,34,48,32,6,1,12
756,909,91,32,50,32,6,1,16
757,909,91,32,50,32,6,1,13
758,910,92,31,49,32,6,1,13
759,909,91,32,49,32,6,1,13
760,909,92,32,49,32,6,1,12
761,909,92,32,49,32,6,1,10
762,909,91,32,49,32,6,1,6
763,909,91,32,49,32,6,1,6
764,909,91,32,49,32,6,1,7
765,908,90,33,49,32,6,1,9
766,907,91,33,48,32,6,1,10
767,907,90,33,48,32,6,1,9
768,906,91,34,48,32,6,1,9
769,906,91,34,48,32,6,1,7
770,905,91,35,47,32,6,1,6
771,905,91,35,48,32,6,1,3
772,903,91,38,48,32,6,1,2
773,902,91,38,48,32,6,1,2
774,902,91,38,48,32,6,1,2
775,875,90,65,49,32,6,1,4
777,906,91,35,49,32,6,1,5
778,909,93,32,48,32,6,1,6
779,910,93,30,48,32,6,1,6
780,910,93,31,48,32,6,1,6
792,910,93,31,48,32,6,1,5
769,575,46,99,35,33,6,1,33
770,591,46,100,35,33,6,1,33
771,607,46,82,34,33,6,1,33
772,623,47,102,36,33,6,1,34
773,639,47,102,37,33,6,1,34
774,657,48,101,35,33,6,1,33
775,696,49,78,35,33,6,1,33
776,686,48,103,36,33,6,1,32
777,704,50,101,35,33,6,1,30
778,719,50,101,35,33,6,1,28
779,736,51,100,35,33,6,1,27
780,753,53,100,33,33,6,1,26
781,769,55,98,32,33,6,1,29
782,785,55,91,32,33,6,1,38
783,802,56,101,34,33,6,1,51
784,821,57,98,37,33,6,1,64
785,850,58,85,38,33,6,1,72
786,856,59,90,35,33,6,1,82
787,880,60,70,34,33,6,1,73
788,888,60,75,38,33,6,1,60
792,992,64,38,31,33,6,1,43
793,994,64,35,31,33,6,1,39
840,832,78,26,30,34,0,0,58
841,832,79,26,29,34,0,0,52
842,831,78,25,29,34,0,0,49
843,830,79,25,28,34,0,0,43
844,829,78,25,27,34,0,0,43
845,828,78,24,26,34,0,0,42
871,909,92,33,50,35,6,1,1
872,908,91,33,50,35,6,1,1
873,909,91,32,50,35,6,1,2
877,907,90,34,50,35,6,1,3
878,908,91,33,49,35,6,1,3
879,906,91,35,49,35,6,1,3
883,888,87,53,53,35,6,1,3
885,885,87,56,52,35,6,1,2
886,907,91,35,49,35,6,1,2
887,910,93,29,47,35,6,1,1
888,910,94,29,47,35,6,1,4
889,911,93,30,48,35,6,1,6
890,911,94,29,47,35,6,1,9
891,911,94,30,48,35,6,1,10
892,910,94,30,48,35,6,1,8
893,910,94,30,48,35,6,1,6
898,908,93,32,48,35,6,1,4
900,907,92,33,50,35,6,1,4
901,907,91,34,49,35,6,1,3
902,907,91,34,49,35,6,1,3
903,908,92,33,49,35,6,1,3
904,908,92,33,49,35,6,1,4
905,908,92,33,49,35,6,1,3
906,908,92,33,48,35,6,1,3
907,909,93,31,47,35,6,1,1
908,909,93,31,47,35,6,1,1
909,909,94,31,47,35,6,1,1
910,910,94,31,47,35,6,1,2
911,909,95,31,46,35,6,1,2
912,909,93,31,48,35,6,1,2
913,910,93,31,48,35,6,1,1
914,910,93,31,48,35,6,1,1
915,910,93,31,48,35,6,1,0
916,909,93,32,48,35,6,1,1
917,910,93,31,48,35,6,1,1
918,910,93,31,49,35,6,1,2
919,910,93,31,49,35,6,1,2
920,910,93,30,48,35,6,1,1
928,910,95,30,46,35,6,1,0
929,910,94,30,47,35,6,1,0
930,909,93,32,48,35,6,1,1
931,909,93,32,48,35,6,1,2
932,910,94,31,46,35,6,1,2
933,910,95,31,46,35,6,1,2
934,910,93,31,48,35,6,1,1
935,909,92,32,49,35,6,1,1
936,910,94,29,47,35,6,1,1
937,909,95,31,46,35,6,1,1
938,909,93,31,48,35,6,1,1
939,909,92,31,50,35,6,1,1
940,910,95,30,46,35,6,1,0
941,910,94,30,47,35,6,1,0
942,911,94,30,47,35,6,1,0
943,910,94,30,47,35,6,1,0
944,910,97,28,44,35,6,1,0
954,910,94,30,48,35,6,1,0
955,910,93,30,48,35,6,1,1
956,909,92,32,50,35,6,1,1
957,909,92,32,50,35,6,1,2
958,909,93,32,50,35,6,1,2
959,908,93,32,50,35,6,1,3
960,909,93,32,49,35,6,1,4
961,909,93,32,49,35,6,1,3
962,909,93,32,49,35,6,1,3
963,909,92,33,50,35,6,1,2
964,910,93,31,49,35,6,1,3
965,910,93,31,49,35,6,1,2
966,910,93,31,49,35,6,1,1
967,911,94,30,48,35,6,1,1
968,910,93,31,50,35,6,1,2
969,910,93,31,50,35,6,1,2
970,910,93,30,49,35,6,1,2
971,910,93,31,49,35,6,1,2
972,910,93,30,49,35,6,1,1
973,910,93,31,50,35,6,1,2
974,911,94,30,49,35,6,1,1
975,911,93,30,49,35,6,1,1
976,911,93,30,49,35,6,1,1
977,910,92,33,50,35,6,1,2
978,911,95,29,47,35,6,1,2
984,911,93,30,49,35,6,1,2
985,910,93,30,49,35,6,1,1
986,910,93,30,49,35,6,1,1
987,910,93,30,49,35,6,1,1
988,910,93,30,49,35,6,1,1
989,910,93,31,49,35,6,1,0
990,910,93,31,49,35,6,1,0
991,910,93,31,49,35,6,1,0
992,910,93,31,49,35,6,1,0
993,910,93,30,49,35,6,1,0
994,910,93,30,49,35,6,1,0
995,910,93,30,49,35,6,1,0
996,910,94,30,48,35,6,1,1
997,910,94,30,48,35,6,1,1
998,911,94,30,48,35,6,1,1
999,911,94,30,48,35,6,1,1
1000,910,93,31,49,35,6,1,1
1001,910,92,31,50,35,6,1,1
1002,909,93,31,49,35,6,1,1
1003,909,92,32,50,35,6,1,1
1004,909,93,31,49,35,6,1,2
1005,909,92,32,50,35,6,1,3
1006,909,92,32,49,35,6,1,3
1007,909,92,32,49,35,6,1,2
1008,909,92,32,50,35,6,1,2
1009,909,92,32,50,35,6,1,1
1010,909,92,32,49,35,6,1,1
1011,910,92,31,50,35,6,1,1
1012,910,92,31,50,35,6,1,1
1013,909,92,31,50,35,6,1,1
1014,909,92,32,50,35,6,1,0
1015,909,92,32,49,35,6,1,0
1016,909,92,32,49,35,6,1,0
1017,908,92,32,49,35,6,1,0
1018,908,92,32,49,35,6,1,0
1019,909,92,32,49,35,6,1,0
1020,909,92,32,50,35,6,1,0
1021,909,92,32,49,35,6,1,1
1022,909,92,32,50,35,6,1,2
1023,909,92,32,50,35,6,1,2
1026,910,95,30,48,35,6,1,2
1027,910,94,30,48,35,6,1,1
1028,910,94,30,48,35,6,1,1
1029,910,94,30,48,35,6,1,1
1030,910,94,31,49,35,6,1,1
1031,910,94,31,49,35,6,1,1
1032,910,94,31,48,35,6,1,1
1033,910,94,31,48,35,6,1,1
1034,910,94,31,49,35,6,1,0
1035,910,93,31,49,35,6,1,0
1036,910,93,31,49,35,6,1,0
1037,910,93,31,49,35,6,1,1
1038,910,93,31,49,35,6,1,0
1039,910,93,31,49,35,6,1,1
1040,910,93,31,49,35,6,1,0
1041,910,93,31,49,35,6,1,1
1042,910,93,32,49,35,6,1,2
1047,911,96,29,47,35,6,1,2
1048,911,96,30,47,35,6,1,2
1049,911,96,30,47,35,6,1,1
1050,911,96,30,47,35,6,1,1
1051,911,95,29,48,35,6,1,0
1052,911,95,29,48,35,6,1,0
1053,911,93,31,50,35,6,1,0
1054,911,94,30,49,35,6,1,0
1055,912,94,29,48,35,6,1,0
1056,911,95,30,48,35,6,1,0
1057,910,93,31,50,35,6,1,0
1058,910,93,32,50,35,6,1,0
1059,910,94,32,50,35,6,1,1
1060,910,94,32,50,35,6,1,1
1061,910,94,32,49,35,6,1,2
1062,910,94,32,49,35,6,1,1
1063,910,94,31,49,35,6,1,2
1064,910,93,32,50,35,6,1,2
1065,910,93,32,50,35,6,1,3
1066,910,93,31,50,35,6,1,3
1067,910,93,31,50,35,6,1,2
1068,909,93,32,50,35,6,1,1
1069,909,93,34,50,35,6,1,1
1070,910,97,30,46,35,6,1,1
1071,909,94,33,49,35,6,1,2
1072,908,93,34,50,35,6,1,2
1073,908,93,33,51,35,6,1,2
1074,909,93,33,50,35,6,1,0
1075,909,93,33,50,35,6,1,0
1076,909,93,33,50,35,6,1,0
1077,909,93,33,50,35,6,1,0
1078,909,93,33,50,35,6,1,0
1079,909,93,33,50,35,6,1,0
1080,910,94,32,49,35,6,1,1
1081,910,94,32,49,35,6,1,1
1082,909,94,32,49,35,6,1,1
1083,909,95,32,48,35,6,1,1
1084,909,95,32,48,35,6,1,1
1085,909,95,32,48,35,6,1,0
1086,909,95,32,48,35,6,1,0
1087,909,95,32,48,35,6,1,0
1088,909,95,33,48,35,6,1,1
1089,909,95,33,48,35,6,1,1
1090,909,94,33,50,35,6,1,2
1091,909,97,31,45,35,6,1,1
1092,909,92,34,52,35,6,1,1
1093,910,94,32,49,35,6,1,0
1094,909,94,32,49,35,6,1,0
1095,909,94,33,49,35,6,1,1
1096,909,94,33,49,35,6,1,1
1097,909,94,32,49,35,6,1,2
1098,910,94,32,49,35,6,1,1
1099,910,94,32,49,35,6,1,2
1100,909,94,33,49,35,6,1,1
1101,909,94,33,50,35,6,1,1
1102,909,94,33,50,35,6,1,1
1103,909,94,33,49,35,6,1,0
1104,909,94,33,50,35,6,1,0
1105,909,94,33,50,35,6,1,0
1106,909,94,33,49,35,6,1,0
1109,909,94,33,50,35,6,1,0
1110,909,93,33,50,35,6,1,0
1111,909,93,33,51,35,6,1,0
1112,909,93,33,51,35,6,1,0
1113,909,93,33,51,35,6,1,0
1114,909,93,33,50,35,6,1,0
1115,909,93,33,50,35,6,1,0
1116,910,94,32,49,35,6,1,1
1117,910,94,32,49,35,6,1,1
1118,908,93,34,50,35,6,1,1
1119,908,93,34,50,35,6,1,1
1120,908,93,33,50,35,6,1,1
1121,909,93,33,50,35,6,1,1
1122,909,93,33,50,35,6,1,2
1123,908,95,34,48,35,6,1,2
1124,907,93,34,49,35,6,1,2
1125,907,93,34,50,35,6,1,1
1126,908,94,34,49,35,6,1,1
1127,908,94,34,49,35,6,1,0
1128,909,94,33,49,35,6,1,1
1129,909,93,33,50,35,6,1,1
1130,909,93,33,50,35,6,1,1
1131,909,93,33,50,35,6,1,1
1132,909,93,33,50,35,6,1,0
1133,910,93,32,50,35,6,1,1
1134,909,93,33,51,35,6,1,1
1135,909,93,33,51,35,6,1,1
1136,909,93,33,51,35,6,1,1
1137,909,93,33,51,35,6,1,1
1138,909,93,33,50,35,6,1,1
1139,909,93,33,50,35,6,1,2
1140,908,93,34,50,35,6,1,3
1141,908,93,34,50,35,6,1,3
1142,910,94,32,49,35,6,1,2
1143,909,94,33,49,35,6,1,1
1144,910,95,32,48,35,6,1,0
1145,910,95,32,48,35,6,1,0
1146,910,95,31,48,35,6,1,0
1147,910,95,31,48,35,6,1,1
1148,910,95,32,48,35,6,1,1
1149,909,95,33,47,35,6,1,1
1150,910,96,31,47,35,6,1,0
1151,910,96,31,47,35,6,1,0
1152,910,95,31,48,35,6,1,0
1153,910,95,32,48,35,6,1,0
1154,910,95,32,48,35,6,1,1
1155,910,95,31,47,35,6,1,2
1156,910,95,31,47,35,6,1,3
1157,910,95,31,47,35,6,1,2
1158,910,94,31,48,35,6,1,2
1159,910,94,31,48,35,6,1,1
1160,910,94,31,48,35,6,1,1
1161,910,94,31,49,35,6,1,0
1162,910,94,31,48,35,6,1,0
1163,910,94,31,48,35,6,1,0
1164,910,94,31,48,35,6,1,0
1165,910,94,31,48,35,6,1,0
1166,910,94,31,48,35,6,1,0
1167,910,95,30,48,35,6,1,0
1168,910,94,32,48,35,6,1,1
1169,910,94,32,48,35,6,1,3
1170,910,94,32,49,35,6,1,4
1171,910,94,31,49,35,6,1,4
1172,910,94,32,49,35,6,1,3
1173,910,94,32,49,35,6,1,2
1174,910,94,32,49,35,6,1,2
1175,910,94,32,49,35,6,1,2
1176,910,94,32,49,35,6,1,1
1177,910,93,32,50,35,6,1,1
1178,909,94,33,49,35,6,1,1
1179,909,94,33,49,35,6,1,3
1180,910,94,32,48,35,6,1,3
1181,910,93,32,49,35,6,1,3
1182,910,94,32,49,35,6,1,2
1183,909,93,33,50,35,6,1,2
1184,909,93,33,50,35,6,1,3
1185,909,93,32,50,35,6,1,4
1186,910,93,32,50,35,6,1,4
1187,909,93,33,50,35,6,1,3
1188,910,94,31,49,35,6,1,2
1189,910,94,31,49,35,6,1,1
1190,911,95,30,48,35,6,1,1
1191,911,95,31,48,35,6,1,0
1192,910,94,32,49,35,6,1,0
1193,910,94,32,49,35,6,1,0
1194,910,94,32,49,35,6,1,0
1195,910,94,32,50,35,6,1,0
1196,910,94,31,49,35,6,1,1
1197,910,94,31,49,35,6,1,1
1198,910,94,31,49,35,6,1,1
1199,910,94,31,49,35,6,1,2
1200,910,94,32,49,35,6,1,3
1201,910,94,32,48,35,6,1,3
1202,909,93,33,49,35,6,1,2
1203,909,93,33,49,35,6,1,1
1204,909,93,33,50,35,6,1,0
1205,909,93,33,50,35,6,1,1
1206,909,93,33,50,35,6,1,1
1207,910,93,33,50,35,6,1,1
1208,910,93,33,50,35,6,1,1
1209,909,92,33,50,35,6,1,1
1210,910,93,33,49,35,6,1,1
1211,910,93,33,50,35,6,1,2
1212,910,94,33,49,35,6,1,2
1213,910,95,32,47,35,6,1,2
1214,910,94,33,49,35,6,1,1
1215,910,93,32,49,35,6,1,1
1216,910,94,32,48,35,6,1,1
1217,910,93,32,49,35,6,1,3
1218,910,92,32,50,35,6,1,3
1219,910,93,33,50,35,6,1,6
1220,910,93,33,50,35,6,1,5
1221,910,93,33,50,35,6,1,5
1222,909,92,33,50,35,6,1,3
1223,910,92,32,50,35,6,1,2
1224,909,92,32,51,35,6,1,2
1225,909,92,32,51,35,6,1,2
1226,910,92,32,50,35,6,1,3
1227,910,92,32,50,35,6,1,3
1228,909,93,33,50,35,6,1,3
1229,910,93,33,50,35,6,1,2
1230,910,93,33,50,35,6,1,1
1231,910,93,33,50,35,6,1,1
1232,910,93,33,50,35,6,1,2
1233,910,93,32,50,35,6,1,2
1234,911,94,31,48,35,6,1,3
879,279,535,80,132,36,9,11,30
880,301,528,81,131,36,9,11,29
881,320,521,86,128,36,9,11,28
882,346,515,79,126,36,9,11,26
883,365,511,78,124,36,9,11,25
884,377,506,88,122,36,9,11,25
885,396,499,89,122,36,9,11,24
886,417,493,91,120,36,9,11,24
887,441,487,87,119,36,9,11,24
888,465,480,94,118,36,9,11,24
889,492,473,91,118,36,9,11,25
890,519,466,93,117,36,9,11,25
891,547,459,86,117,36,9,11,26
892,577,468,78,101,36,9,11,29
893,606,464,57,98,36,9,11,34
903,820,392,73,65,36,9,11,40
904,840,390,68,79,36,9,11,43
905,858,385,73,100,36,9,11,46
906,879,387,46,100,36,9,11,47
907,898,387,44,96,36,9,11,42
908,907,375,66,104,36,9,11,32
909,927,372,53,103,36,9,11,23
910,945,372,46,99,36,9,11,20
911,957,364,54,103,36,9,11,21
912,974,361,42,101,36,9,11,21
913,986,361,43,98,36,9,11,21
914,998,356,44,99,36,9,11,21
915,1007,353,56,99,36,9,11,21
916,1022,356,27,92,36,9,11,21
917,1021,349,48,97,36,9,11,20
918,1027,346,54,95,36,9,11,20
919,1043,351,29,88,36,9,11,20
920,1047,349,32,86,36,9,11,20
921,1056,344,28,87,36,9,11,20
922,1061,343,32,85,36,9,11,20
923,1067,340,29,84,36,9,11,21
924,1073,341,26,80,36,9,11,22
925,1081,336,26,81,36,9,11,22
926,1083,332,34,82,36,9,11,22
927,1090,332,30,80,36,9,11,21
928,1094,325,28,84,36,9,11,21
929,1103,324,26,82,36,9,11,20
930,1109,321,30,82,36,9,11,20
931,1115,319,28,81,36,9,11,20
932,1121,317,27,80,36,9,11,20
933,1129,314,29,80,36,9,11,21
934,1135,311,25,80,36,9,11,21
935,1140,308,27,80,36,9,11,22
936,1144,305,34,80,36,9,11,22
937,1156,305,23,77,36,9,11,22
938,1160,306,23,74,36,9,11,22
939,1166,299,22,77,36,9,11,22
940,1172,292,22,82,36,9,11,22
941,1178,295,23,75,36,9,11,22
942,1185,293,22,75,36,9,11,22
943,1190,287,24,78,36,9,11,22
944,1197,288,24,75,36,9,11,22
945,1204,287,24,73,36,9,11,22
946,1210,286,23,72,36,9,11,21
947,1216,274,23,81,36,9,11,22
948,1223,284,27,69,36,9,11,21
949,1232,278,23,71,36,9,11,22
950,1238,273,27,76,36,9,11,22
951,1249,271,24,75,36,9,11,23
952,1256,270,27,72,36,9,11,25
953,1266,269,26,70,36,9,11,26
954,1277,268,26,67,36,9,11,27
955,1287,261,27,72,36,9,11,28
956,1298,258,34,72,36,9,11,29
957,1313,258,25,70,36,9,11,29
908,591,40,100,41,37,6,1,43
909,607,40,98,43,37,6,1,41
910,623,42,98,42,37,6,1,38
911,638,42,99,43,37,6,1,36
912,656,42,97,43,37,6,1,35
913,672,44,96,42,37,6,1,34
914,687,45,99,41,37,6,1,32
915,705,45,99,41,37,6,1,31
916,721,46,97,40,37,6,1,30
917,739,46,97,39,37,6,1,29
918,755,46,96,40,37,6,1,27
919,771,47,95,39,37,6,1,32
920,789,48,89,39,37,6,1,41
921,807,50,94,41,37,6,1,53
922,822,51,94,43,37,6,1,54
923,840,51,93,44,37,6,1,65
924,858,53,89,39,37,6,1,77
925,875,55,86,39,37,6,1,81
926,888,54,88,43,37,6,1,66
927,907,56,70,36,37,6,1,44
929,946,59,86,37,37,6,1,31
931,994,62,38,34,37,6,1,26
932,993,61,38,34,37,6,1,24
918,875,94,50,47,38,6,1,1
919,874,94,51,47,38,6,1,1
928,875,95,50,45,38,6,1,1
931,875,94,49,47,38,6,1,0
939,892,94,32,46,38,6,1,0
960,892,96,29,45,38,6,1,0
961,892,97,29,45,38,6,1,0
965,875,95,47,46,38,6,1,0
966,891,95,32,46,38,6,1,1
967,875,96,47,46,38,6,1,1
968,875,96,47,46,38,6,1,1
969,875,95,48,46,38,6,1,2
970,875,96,47,46,38,6,1,3
971,875,95,48,46,38,6,1,3
972,875,96,46,46,38,6,1,1
973,875,96,46,46,38,6,1,2
974,875,96,46,46,38,6,1,1
975,875,96,46,46,38,6,1,1
976,876,96,46,46,38,6,1,0
977,875,95,47,47,38,6,1,0
998,874,95,49,46,38,6,1,0
999,874,95,49,46,38,6,1,0
1000,892,95,31,46,38,6,1,0
1003,874,94,48,47,38,6,1,0
1004,874,95,48,46,38,6,1,0
1029,875,94,48,48,38,6,1,0
1030,874,94,49,47,38,6,1,0
1031,878,94,44,48,38,6,1,0
1059,874,96,49,47,38,6,1,0
1060,874,96,49,47,38,6,1,0
1061,874,95,49,47,38,6,1,0
1062,891,97,31,45,38,6,1,0
1063,891,97,31,45,38,6,1,0
1064,891,97,32,45,38,6,1,3
1065,891,97,31,46,38,6,1,4
1066,891,96,32,45,38,6,1,5
1067,891,96,32,46,38,6,1,2
1068,891,96,32,47,38,6,1,2
1069,891,94,32,48,38,6,1,1
1070,892,97,30,45,38,6,1,0
1080,891,95,32,47,38,6,1,0
1081,892,95,32,47,38,6,1,0
1082,892,95,32,47,38,6,1,0
1083,892,95,32,47,38,6,1,0
1084,892,95,32,47,38,6,1,1
1085,892,95,32,47,38,6,1,1
1086,891,95,32,47,38,6,1,1
1087,891,95,32,47,38,6,1,0
1088,891,95,32,47,38,6,1,0
1089,891,95,32,47,38,6,1,1
1090,891,95,32,47,38,6,1,2
1093,892,96,31,47,38,6,1,3
1094,891,95,32,48,38,6,1,2
1095,891,95,32,48,38,6,1,1
1096,891,95,32,48,38,6,1,2
1097,891,95,32,48,38,6,1,2
1098,891,95,32,48,38,6,1,2
1099,891,95,32,48,38,6,1,1
1100,891,95,32,48,38,6,1,1
1101,891,94,32,48,38,6,1,1
1102,891,95,32,48,38,6,1,1
1103,891,94,32,48,38,6,1,1
1104,891,95,32,48,38,6,1,1
1105,891,94,33,48,38,6,1,1
1106,891,95,33,48,38,6,1,0
1111,891,96,32,47,38,6,1,1
1112,891,96,32,47,38,6,1,1
1113,891,96,33,47,38,6,1,1
1114,891,95,33,47,38,6,1,1
1115,891,95,33,47,38,6,1,0
1116,892,95,32,48,38,6,1,1
1117,891,95,32,48,38,6,1,2
1118,891,94,32,48,38,6,1,3
1119,891,94,32,48,38,6,1,3
946,893,61,87,30,39,6,1,146
947,884,60,89,35,39,6,1,131
948,862,59,88,32,39,6,1,116
949,840,58,96,32,39,6,1,95
950,817,57,100,33,39,6,1,85
951,798,55,100,33,39,6,1,78
952,781,54,100,32,39,6,1,70
953,761,52,99,33,39,6,1,64
954,742,51,100,35,39,6,1,62
955,723,49,100,35,39,6,1,62
956,705,47,99,35,39,6,1,63
957,684,47,100,34,39,6,1,62
979,892,56,80,35,40,6,1,23
980,882,55,68,34,40,6,1,23
981,854,54,78,35,40,6,1,27
982,830,53,82,36,40,6,1,33
983,809,52,83,35,40,6,1,41
984,788,51,84,36,40,6,1,40
985,768,50,85,35,40,6,1,45
986,752,48,81,38,40,6,1,48
987,742,46,70,38,40,6,1,59
988,715,46,77,38,40,6,1,66
989,703,45,69,36,40,6,1,72
990,701,44,51,34,40,6,1,74
991,656,41,75,38,40,6,1,72
992,625,40,84,38,40,6,1,63
993,608,40,82,39,40,6,1,58
994,584,39,85,40,40,6,1,50
1031,641,48,88,37,41,4,0,26
1032,658,48,88,37,41,4,0,25
1033,674,48,87,37,41,4,0,24
1034,704,51,74,35,41,4,0,23
1035,706,50,88,36,41,4,0,21
1036,723,49,87,37,41,4,0,20
1037,738,51,88,35,41,4,0,19
1038,755,51,86,36,41,4,0,19
1039,772,53,87,34,41,4,0,20
1040,789,54,86,34,41,4,0,25
1041,805,54,71,33,41,4,0,30
1045,888,59,60,36,41,4,0,35
1046,905,62,42,33,41,4,0,36
1075,793,53,91,34,42,9,1,100
1076,772,48,93,38,42,9,1,80
1077,752,48,93,39,42,9,1,64
1078,732,47,93,38,42,9,1,44
1079,711,47,92,37,42,9,1,39
1080,701,45,81,37,42,9,1,43
1081,669,45,92,37,42,9,1,47
1082,646,42,93,38,42,9,1,52
1083,624,43,95,37,42,9,1,52
1084,606,39,90,42,42,9,1,52
1085,583,37,91,42,42,9,1,53
1137,940,1006,405,71,43,6,4,8
1138,891,972,508,105,43,6,4,8
1139,898,941,495,136,43,6,4,8
1140,903,910,485,167,43,6,4,8
1141,907,882,475,194,43,6,4,8
1142,911,854,463,222,43,6,4,8
1143,914,829,454,245,43,6,4,8
1144,918,802,444,273,43,6,4,8
1145,922,779,435,297,43,6,4,8
1146,925,755,424,322,43,6,4,8
1147,927,732,417,342,43,6,4,10
1148,931,710,408,358,43,6,4,15
1149,933,691,400,352,43,6,4,21
1150,935,670,392,344,43,6,4,26
1151,936,650,386,337,43,6,4,29
1152,938,631,378,330,43,6,4,33
1153,939,612,372,324,43,6,4,36
1154,940,594,364,318,43,6,4,39
1155,941,576,359,311,43,6,4,41
1156,942,560,352,305,43,6,4,42
1157,942,546,346,297,43,6,4,43
1158,943,531,340,291,43,6,4,43
1159,943,518,334,285,43,6,4,43
1160,942,501,329,283,43,6,4,44
1161,942,490,323,277,43,6,4,44
1162,941,478,317,270,43,6,4,44
1163,936,465,316,267,43,6,4,44
1164,938,453,308,261,43,6,4,45
1165,936,442,303,256,43,6,4,45
1166,934,430,299,253,43,6,4,45
1167,931,420,294,250,43,6,4,45
1168,930,411,289,245,43,6,4,45
1169,929,400,286,241,43,6,4,45
1170,928,389,281,238,43,6,4,45
1171,928,381,277,233,43,6,4,45
1172,928,371,273,231,43,6,4,46
1173,928,364,270,226,43,6,4,46
1174,930,355,266,223,43,6,4,46
1175,930,346,263,221,43,6,4,45
1176,931,338,259,219,43,6,4,45
1177,932,332,256,215,43,6,4,45
1178,933,324,252,211,43,6,4,46
1179,934,317,249,209,43,6,4,46
1180,935,310,246,206,43,6,4,46
1181,936,304,243,203,43,6,4,46
1182,936,298,241,200,43,6,4,45
1183,937,291,238,199,43,6,4,45
1184,938,285,235,196,43,6,4,45
1185,939,282,232,191,43,6,4,45
1186,940,275,229,190,43,6,4,44
1187,940,271,227,187,43,6,4,44
1188,941,265,224,186,43,6,4,43
1189,942,260,222,184,43,6,4,43
1190,942,256,219,182,43,6,4,42
1191,943,252,215,180,43,6,4,42
1192,943,248,213,177,43,6,4,41
1193,943,244,212,175,43,6,4,40
1194,944,241,208,173,43,6,4,40
1195,943,237,207,171,43,6,4,39
1196,943,234,204,170,43,6,4,39
1197,943,230,203,167,43,6,4,39
1198,943,227,201,166,43,6,4,39
1199,942,224,199,163,43,6,4,39
1200,941,221,196,161,43,6,4,39
1201,940,218,194,159,43,6,4,39
1202,939,214,193,158,43,6,4,40
1203,939,211,190,156,43,6,4,39
1204,938,209,188,154,43,6,4,39
1205,937,206,188,153,43,6,4,39
1206,936,202,185,151,43,6,4,39
1207,935,199,183,150,43,6,4,40
1208,935,195,181,149,43,6,4,40
1209,934,193,179,147,43,6,4,41
1210,932,191,178,144,43,6,4,42
1211,931,188,176,143,43,6,4,42
1212,929,185,174,141,43,6,4,41
1213,928,183,174,140,43,6,4,41
1214,927,179,171,140,43,6,4,41
1215,925,176,171,139,43,6,4,41
1216,923,175,169,137,43,6,4,40
1217,922,171,168,136,43,6,4,41
1218,920,169,166,134,43,6,4,41
1219,919,167,164,133,43,6,4,41
1220,918,164,163,132,43,6,4,41
1221,916,161,161,131,43,6,4,41
1222,914,159,161,130,43,6,4,42
1223,913,157,159,128,43,6,4,42
1224,911,155,159,126,43,6,4,42
1225,909,153,158,126,43,6,4,41
1226,908,151,156,124,43,6,4,40
1227,906,150,155,123,43,6,4,38
1228,905,148,154,123,43,6,4,36
1229,904,146,152,123,43,6,4,35
1230,903,146,151,120,43,6,4,34
1231,902,143,150,120,43,6,4,33
1232,901,142,148,119,43,6,4,33
1233,899,141,148,118,43,6,4,34
1234,898,139,147,117,43,6,4,34
1235,896,137,146,116,43,6,4,35
1236,895,136,144,115,43,6,4,35
1237,895,134,143,114,43,6,4,35
1238,893,132,143,114,43,6,4,35
1239,892,130,142,113,43,6,4,35
1240,890,129,141,113,43,6,4,35
1241,889,126,140,113,43,6,4,35
1242,888,125,138,112,43,6,4,35
1243,886,124,138,110,43,6,4,35
1244,886,122,137,110,43,6,4,35
1245,884,122,135,109,43,6,4,34
1246,883,120,133,108,43,6,4,35
1247,882,120,132,106,43,6,4,34
1248,881,118,130,106,43,6,4,34
1249,884,117,124,105,43,6,4,35
1250,884,115,122,104,43,6,4,36
1251,883,112,121,104,43,6,4,37
1252,878,110,123,105,43,6,4,37
1253,876,109,123,104,43,6,4,38
1254,876,108,121,103,43,6,4,38
1255,874,106,121,102,43,6,4,38
1256,872,105,120,102,43,6,4,37
1257,870,104,121,101,43,6,4,36
1258,868,103,121,100,43,6,4,37
1259,866,100,121,101,43,6,4,36
1260,866,97,120,101,43,6,4,36
1261,864,96,118,102,43,6,4,35
1262,862,96,118,99,43,6,4,36
1263,862,96,116,98,43,6,4,36
1264,860,96,117,96,43,6,4,36
1265,859,95,115,95,43,6,4,36
1266,859,94,114,94,43,6,4,36
1267,858,93,113,93,43,6,4,36
1268,858,91,111,94,43,6,4,37
1269,857,90,110,93,43,6,4,38
1270,855,87,110,93,43,6,4,39
1271,852,87,112,93,43,6,4,38
1272,852,86,109,92,43,6,4,39
1273,852,85,109,90,43,6,4,39
1274,849,84,111,90,43,6,4,37
1275,848,82,110,91,43,6,4,35
1276,851,82,105,90,43,6,4,33
1277,848,82,106,89,43,6,4,32
1278,847,81,107,88,43,6,4,31
1279,846,80,107,88,43,6,4,30
1280,843,79,108,87,43,6,4,30
1281,844,80,106,86,43,6,4,30
1282,844,79,104,85,43,6,4,30
1283,845,78,103,85,43,6,4,30
1284,844,77,101,85,43,6,4,28
1285,843,76,102,85,43,6,4,29
1286,836,76,107,84,43,6,4,29
1287,842,74,99,84,43,6,4,29
1288,840,74,102,83,43,6,4,28
1289,837,74,103,83,43,6,4,27
1290,836,73,102,83,43,6,4,27
1291,834,72,103,82,43,6,4,27
1292,833,72,102,82,43,6,4,27
1293,833,70,101,82,43,6,4,27
1294,833,70,100,81,43,6,4,26
1295,833,70,98,81,43,6,4,25
1296,832,70,97,80,43,6,4,23
1297,831,70,96,80,43,6,4,20
1298,831,69,96,80,43,6,4,18
1299,829,69,97,80,43,6,4,15
1300,829,69,96,79,43,6,4,14
1301,828,69,97,79,43,6,4,14
1302,827,68,98,79,43,6,4,14
1303,826,68,98,78,43,6,4,14
1304,826,69,97,77,43,6,4,14
1305,826,69,94,77,43,6,4,15
1306,825,69,95,76,43,6,4,15
1307,824,69,93,76,43,6,4,15
1308,824,69,91,76,43,6,4,16
1309,822,69,92,74,43,6,4,18
1310,819,70,92,72,43,6,4,19
1311,818,70,92,72,43,6,4,20
1312,817,71,93,71,43,6,4,20
1313,817,71,92,71,43,6,4,17
1314,817,71,88,71,43,6,4,12
1315,816,71,87,70,43,6,4,7
1316,816,72,87,70,43,6,4,5
1317,815,72,88,70,43,6,4,4
1318,815,72,88,69,43,6,4,3
1319,815,72,86,69,43,6,4,2
1320,811,74,82,68,43,6,4,2
1321,808,76,83,66,43,6,4,1
1322,808,76,83,66,43,6,4,3
1323,807,76,82,66,43,6,4,4
1324,806,77,83,65,43,6,4,5
1325,806,77,82,65,43,6,4,3
1326,805,77,85,64,43,6,4,2
1327,804,78,84,63,43,6,4,2
1328,800,79,82,62,43,6,4,3
1329,798,80,79,61,43,6,4,5
1330,795,81,79,60,43,6,4,6
1331,792,84,77,56,43,6,4,5
1332,786,85,76,56,43,6,4,5
1333,784,85,75,56,43,6,4,5
1334,779,87,73,53,43,6,4,6
1335,778,88,73,52,43,6,4,5
1336,777,89,73,52,43,6,4,5
1337,776,89,72,52,43,6,4,4
1338,775,89,72,51,43,6,4,4
1339,774,89,72,51,43,6,4,3
1340,772,90,74,51,43,6,4,3
1341,772,90,71,50,43,6,4,3
1342,771,90,72,50,43,6,4,3
1343,770,91,70,49,43,6,4,2
1344,770,90,71,49,43,6,4,2
1345,769,91,71,49,43,6,4,2
1346,768,92,70,47,43,6,4,2
1347,768,92,71,47,43,6,4,2
1348,768,93,69,47,43,6,4,2
1349,767,93,68,47,43,6,4,2
1350,767,92,69,48,43,6,4,2
1351,765,93,69,47,43,6,4,3
1352,765,93,69,47,43,6,4,3
1353,764,94,69,47,43,6,4,3
1354,763,93,70,47,43,6,4,3
1355,760,94,68,46,43,6,4,4
1356,755,97,69,45,43,6,4,9
1357,754,98,67,44,43,6,4,12
1358,748,102,68,41,43,6,4,17
1359,746,103,64,40,43,6,4,16
1360,740,104,64,39,43,6,4,13
1361,731,98,65,44,43,6,4,9
1362,727,93,62,48,43,6,4,11
1363,725,91,63,50,43,6,4,16
1364,724,90,62,50,43,6,4,29
1365,722,89,62,49,43,6,4,46
1366,715,85,62,47,43,6,4,69
1367,709,79,60,46,43,6,4,92
1368,707,72,56,47,43,6,4,112
1369,707,68,55,47,43,6,4,126
1370,707,67,54,47,43,6,4,129
1371,707,66,54,46,43,6,4,122
1372,707,65,53,46,43,6,4,106
1373,708,64,53,46,43,6,4,87
1374,709,63,53,45,43,6,4,70
1375,710,62,55,46,43,6,4,56
1376,711,61,56,46,43,6,4,49
1377,713,60,57,46,43,6,4,46
1378,715,58,59,47,43,6,4,46
1379,718,57,60,45,43,6,4,46
1380,720,56,62,45,43,6,4,48
1381,723,55,64,46,43,6,4,50
1382,727,54,64,45,43,6,4,51
1383,731,53,65,45,43,6,4,49
1384,736,53,68,45,43,6,4,45
1385,742,52,67,45,43,6,4,41
1386,747,51,69,46,43,6,4,35
1387,752,51,72,46,43,6,4,30
1388,758,51,73,46,43,6,4,25
1389,766,50,75,47,43,6,4,22
1390,773,51,75,46,43,6,4,19
1391,781,51,79,45,43,6,4,16
1392,790,52,81,44,43,6,4,18
1393,798,53,77,44,43,6,4,17
1394,808,54,82,42,43,6,4,17
1395,818,55,85,41,43,6,4,14
1396,824,56,90,41,43,6,4,19
1397,840,55,88,44,43,6,4,20
1398,854,55,86,44,43,6,4,29
1399,864,56,83,42,43,6,4,26
1400,878,56,71,45,43,6,4,28
1401,889,56,62,43,43,6,4,21
1402,903,56,51,43,43,6,4,20
1168,874,95,50,48,44,4,1,0
1169,874,95,50,48,44,4,1,1
1170,874,94,50,49,44,4,1,1
1171,874,95,50,47,44,4,1,1
1172,874,96,49,46,44,4,1,0
1181,874,94,49,49,44,4,1,0
1182,874,94,49,49,44,4,1,0
1183,874,94,49,49,44,4,1,0
1184,874,94,49,48,44,4,1,0
1185,875,94,49,48,44,4,1,0
1186,874,94,49,48,44,4,1,0
1187,874,94,49,48,44,4,1,1
1199,890,95,33,47,44,4,1,0
1215,875,94,50,48,44,4,1,0
1216,875,93,50,49,44,4,1,0
1217,875,94,49,48,44,4,1,0
1224,891,96,28,46,44,4,1,0
1225,891,96,28,46,44,4,1,0
1276,574,48,92,34,45,4,0,40
1277,598,50,91,33,45,4,0,40
1278,622,50,68,34,45,4,0,40
1279,649,56,88,29,45,4,0,40
1280,702,57,59,29,45,4,0,38
1281,704,54,79,33,45,4,0,35
1282,717,56,90,31,45,4,0,32
1283,740,56,91,32,45,4,0,30
1284,766,57,90,31,45,4,0,28
1285,786,58,78,31,45,4,0,28
1286,814,63,56,25,45,4,0,28
1313,911,91,31,51,46,6,1,0
1314,911,91,31,51,46,6,1,0
1315,909,91,33,51,46,6,1,0
1316,909,91,32,51,46,6,1,1
1317,910,91,32,51,46,6,1,1
1318,909,91,33,51,46,6,1,1
1319,909,90,32,52,46,6,1,1
1320,909,91,34,50,46,6,1,1
1321,908,91,34,50,46,6,1,2
1322,906,91,36,51,46,6,1,2
1323,908,91,34,50,46,6,1,2
1324,908,91,35,50,46,6,1,1
1325,909,91,34,51,46,6,1,0
1326,909,91,33,50,46,6,1,0
1327,909,91,34,51,46,6,1,0
1328,906,91,36,51,46,6,1,1
1331,909,92,33,48,46,6,1,1
1342,874,90,66,51,46,6,1,2
1336,907,63,69,28,47,6,1,100
1337,890,62,72,30,47,6,1,82
1338,885,61,58,28,47,6,1,81
1339,839,60,85,30,47,6,1,73
1340,809,58,93,29,47,6,1,81
1341,792,57,83,30,47,6,1,75
1342,770,55,89,30,47,6,1,75
1343,747,53,93,32,47,6,1,71
1344,734,52,82,30,47,6,1,67
1345,709,51,86,31,47,6,1,63
1346,700,49,74,33,47,6,1,58
1347,657,48,95,32,47,6,1,57
1348,648,48,82,31,47,6,1,51
1349,614,47,94,32,47,6,1,49
1350,600,46,87,33,47,6,1,45
1349,909,97,32,44,48,6,1,1
1350,908,92,32,49,48,6,1,0
1351,909,92,32,49,48,6,1,1
1352,909,91,32,50,48,6,1,1
1353,909,91,32,50,48,6,1,1
1354,908,92,33,50,48,6,1,0
1355,876,91,65,50,48,6,1,0
1358,908,94,33,47,48,6,1,0
1364,908,93,34,49,48,6,1,1
1365,908,95,34,48,48,6,1,1
1366,908,93,34,49,48,6,1,1
1367,875,91,66,51,48,6,1,2
1368,909,92,33,51,48,6,1,2
1369,910,92,32,51,48,6,1,1
1370,909,92,33,50,48,6,1,1
1371,909,91,34,51,48,6,1,2
1372,909,92,34,51,48,6,1,2
1373,909,92,34,51,48,6,1,1
1374,909,92,34,51,48,6,1,2
1375,908,92,34,51,48,6,1,2
1376,909,92,34,51,48,6,1,2
1377,909,92,33,51,48,6,1,2
1378,910,92,33,51,48,6,1,2
1379,910,92,33,51,48,6,1,2
1380,909,92,33,51,48,6,1,2
1381,909,92,33,51,48,6,1,2
1382,910,93,32,50,48,6,1,2
1383,910,92,32,50,48,6,1,3
1384,910,92,32,50,48,6,1,2
1385,909,92,32,50,48,6,1,1
1386,909,93,33,50,48,6,1,0
1387,909,93,33,50,48,6,1,0
1388,908,92,34,50,48,6,1,0
1389,909,92,34,50,48,6,1,0
1393,908,91,33,51,48,6,1,0
1394,909,98,32,44,48,6,1,0
1403,909,98,30,44,48,6,1,0
1406,909,94,33,48,48,6,1,0
1407,909,93,33,49,48,6,1,0
1408,909,93,33,49,48,6,1,0
1409,909,93,33,50,48,6,1,1
1410,909,93,32,50,48,6,1,1
1411,909,93,32,50,48,6,1,1
1412,909,92,32,50,48,6,1,1
1413,909,92,32,51,48,6,1,1
1414,909,92,32,51,48,6,1,1
1415,909,92,33,50,48,6,1,4
1416,909,92,32,50,48,6,1,6
1417,908,91,34,50,48,6,1,8
1418,908,91,33,50,48,6,1,8
1419,908,91,33,50,48,6,1,7
1420,908,91,34,50,48,6,1,5
1421,908,92,33,50,48,6,1,2
1422,908,91,34,51,48,6,1,1
1423,908,92,34,49,48,6,1,1
1426,908,91,34,50,48,6,1,1
1427,908,92,34,50,48,6,1,1
1428,908,92,34,49,48,6,1,1
1429,908,91,35,50,48,6,1,1
1430,908,95,34,47,48,6,1,2
1431,908,92,34,50,48,6,1,3
1432,908,92,34,50,48,6,1,4
1433,909,92,33,49,48,6,1,3
1434,908,92,34,50,48,6,1,2
1438,908,92,33,49,48,6,1,1
1446,908,93,33,48,48,6,1,1
1447,908,93,33,48,48,6,1,0
1448,908,99,32,43,48,6,1,0
1449,908,98,32,44,48,6,1,0
1450,908,98,33,44,48,6,1,0
1464,907,92,35,50,48,6,1,0
1465,908,93,34,49,48,6,1,0
1466,908,93,33,49,48,6,1,0
1467,908,92,34,50,48,6,1,0
1468,908,92,34,50,48,6,1,0
1469,907,92,35,50,48,6,1,0
1470,907,92,35,50,48,6,1,0
1486,910,92,32,50,48,6,1,0
1487,910,93,31,48,48,6,1,0
1488,909,92,32,49,48,6,1,0
1489,909,92,32,50,48,6,1,0
1490,909,92,32,50,48,6,1,2
1493,909,94,31,48,48,6,1,5
1497,910,92,31,47,48,6,1,12
1498,910,92,31,45,48,6,1,14
1501,911,92,31,40,48,6,1,17
1368,875,94,48,48,49,4,1,7
1369,875,94,47,48,49,4,1,7
1371,875,95,48,48,49,4,1,6
1372,875,95,49,48,49,4,1,5
1373,875,94,49,48,49,4,1,3
1374,875,95,49,48,49,4,1,2
1376,875,94,49,48,49,4,1,1
1377,875,95,49,47,49,4,1,1
1378,875,95,49,47,49,4,1,0
1379,875,95,49,48,49,4,1,1
1380,874,94,49,48,49,4,1,1
1381,875,94,49,48,49,4,1,1
1382,875,94,49,48,49,4,1,0
1383,875,94,49,48,49,4,1,0
1384,875,94,49,49,49,4,1,0
1385,875,94,49,49,49,4,1,0
1416,876,93,47,48,49,4,1,0
1417,875,93,48,48,49,4,1,0
1418,875,93,48,48,49,4,1,0
1440,875,90,66,51,49,4,1,0
1441,875,91,65,51,49,4,1,0
1442,875,91,66,51,49,4,1,0
1443,906,92,35,49,49,4,1,0
1444,906,92,35,49,49,4,1,0
1396,788,57,49,27,50,9,0,32
1397,768,57,77,28,50,9,0,28
1398,747,55,90,30,50,9,0,28
1399,726,54,91,30,50,9,0,31
1400,707,53,93,31,50,9,0,33
1401,704,52,74,30,50,9,0,38
1402,669,50,89,32,50,9,0,39
1403,647,48,89,32,50,9,0,46
1405,606,46,85,33,50,9,0,46
1406,585,45,84,33,50,9,0,47
1413,905,1007,456,72,51,3,0,-1
1414,911,963,461,115,51,3,0,-1
1415,926,926,448,151,51,3,0,-1
1416,939,890,434,187,51,3,0,-1
1417,950,859,423,219,51,3,0,-1
1418,961,827,411,249,51,3,0,-1
1419,969,796,400,279,51,3,0,-1
1420,975,767,390,309,51,3,0,-1
1458,651,101,42,42,52,9,1,0
1459,651,100,43,43,52,9,1,0
1460,652,100,43,43,52,9,1,0
1461,651,100,44,43,52,9,1,1
1462,652,99,44,43,52,9,1,0
1463,653,100,44,42,52,9,1,0
1464,652,100,45,42,52,9,1,0
1465,652,101,46,42,52,9,1,0
1466,652,101,45,42,52,9,1,0
1467,652,101,46,42,52,9,1,0
1468,652,101,46,42,52,9,1,0
1470,653,100,46,42,52,9,1,0
1471,653,101,46,42,52,9,1,0
1472,653,100,46,43,52,9,1,0
1473,653,99,49,44,52,9,1,0
1474,653,99,49,44,52,9,1,1
1475,653,99,50,44,52,9,1,1
1476,652,97,51,46,52,9,1,2
1477,653,97,51,46,52,9,1,2
1479,651,95,54,47,52,9,1,3
1480,651,95,54,47,52,9,1,3
1481,651,95,55,47,52,9,1,3
1482,651,95,57,47,52,9,1,2
1483,651,95,61,47,52,9,1,2
1484,650,95,61,47,52,9,1,1
1485,651,95,64,48,52,9,1,1
1486,652,95,61,47,52,9,1,1
1487,652,94,63,48,52,9,1,1
1488,653,93,62,48,52,9,1,1
1489,654,94,62,48,52,9,1,1
1490,654,92,63,50,52,9,1,1
1491,655,92,64,50,52,9,1,1
1492,655,91,63,51,52,9,1,1
1493,656,91,63,51,52,9,1,1
1494,657,92,63,50,52,9,1,1
1495,657,92,63,50,52,9,1,1
1496,657,92,62,50,52,9,1,1
1497,657,90,64,51,52,9,1,2
1498,657,90,65,51,52,9,1,2
1499,657,90,66,51,52,9,1,2
1500,657,91,66,50,52,9,1,1
1501,658,91,65,51,52,9,1,0
1502,659,90,65,52,52,9,1,0
1503,660,90,65,51,52,9,1,0
1504,660,90,65,52,52,9,1,0
1505,661,89,66,52,52,9,1,1
1506,662,88,66,53,52,9,1,2
1507,662,88,67,53,52,9,1,2
1508,663,88,66,53,52,9,1,1
1509,663,88,66,54,52,9,1,1
1510,664,87,67,54,52,9,1,2
1511,664,87,67,55,52,9,1,2
1512,664,87,68,55,52,9,1,3
1513,664,86,69,56,52,9,1,2
1514,665,86,70,56,52,9,1,2
1515,665,86,70,56,52,9,1,1
1516,665,86,71,56,52,9,1,1
1517,665,86,71,56,52,9,1,1
1518,666,85,72,56,52,9,1,1
1519,668,85,71,57,52,9,1,1
1520,668,85,72,57,52,9,1,1
1521,670,85,70,58,52,9,1,2
1522,670,85,72,57,52,9,1,2
1523,671,85,72,57,52,9,1,2
1524,672,84,73,58,52,9,1,2
1525,673,83,73,59,52,9,1,3
1526,674,82,73,60,52,9,1,5
1527,674,81,74,60,52,9,1,8
1528,675,80,74,61,52,9,1,7
1529,676,80,75,61,52,9,1,6
1530,675,80,77,61,52,9,1,6
1531,676,80,78,61,52,9,1,6
1532,677,79,79,62,52,9,1,5
1533,678,79,78,62,52,9,1,2
1534,679,78,79,63,52,9,1,2
1535,681,79,78,62,52,9,1,2
1536,682,78,79,63,52,9,1,2
1537,684,79,78,63,52,9,1,2
1538,685,80,78,61,52,9,1,2
1539,687,78,76,63,52,9,1,1
1540,687,78,79,63,52,9,1,2
1541,689,80,78,61,52,9,1,2
1542,692,76,78,66,52,9,1,2
1543,692,78,78,64,52,9,1,1
1544,693,78,80,64,52,9,1,1
1545,694,79,80,62,52,9,1,1
1546,694,79,81,62,52,9,1,1
1547,695,78,81,63,52,9,1,1
1548,699,78,78,64,52,9,1,2
1549,700,77,77,64,52,9,1,2
1550,700,76,81,65,52,9,1,2
1551,701,75,81,65,52,9,1,1
1552,702,75,80,66,52,9,1,2
1553,703,74,81,67,52,9,1,2
1554,702,73,83,68,52,9,1,2
1555,702,74,85,67,52,9,1,2
1556,701,73,87,68,52,9,1,2
1557,703,74,86,67,52,9,1,2
1558,702,74,87,67,52,9,1,1
1559,704,73,87,68,52,9,1,1
1560,705,73,87,68,52,9,1,1
1561,707,73,87,68,52,9,1,1
1562,707,72,87,68,52,9,1,1
1563,707,71,89,70,52,9,1,1
1564,707,71,89,70,52,9,1,1
1565,709,71,88,70,52,9,1,1
1566,710,71,89,70,52,9,1,2
1567,710,71,89,70,52,9,1,2
1568,711,70,90,72,52,9,1,2
1569,711,70,91,71,52,9,1,1
1570,712,70,90,72,52,9,1,1
1571,712,69,88,73,52,9,1,1
1572,714,68,86,73,52,9,1,2
1573,714,67,87,74,52,9,1,2
1574,714,67,87,74,52,9,1,2
1575,714,67,88,74,52,9,1,2
1576,715,67,90,74,52,9,1,2
1577,714,66,89,75,52,9,1,1
1578,714,66,90,75,52,9,1,1
1579,715,65,90,76,52,9,1,1
1580,715,65,89,76,52,9,1,2
1581,716,65,91,76,52,9,1,4
1582,716,66,92,76,52,9,1,7
1583,716,66,93,77,52,9,1,9
1584,716,65,92,78,52,9,1,11
1585,716,65,94,78,52,9,1,13
1586,717,66,93,78,52,9,1,14
1587,717,66,95,79,52,9,1,14
1588,717,67,95,79,52,9,1,15
1589,718,67,94,79,52,9,1,16
1590,718,67,95,80,52,9,1,17
1591,719,67,95,80,52,9,1,18
1592,719,68,96,81,52,9,1,18
1593,719,67,97,82,52,9,1,19
1594,719,66,96,83,52,9,1,19
1595,720,68,95,83,52,9,1,20
1596,720,67,97,83,52,9,1,19
1597,720,67,98,84,52,9,1,19
1598,720,69,96,83,52,9,1,20
1599,720,69,97,84,52,9,1,22
1600,720,70,97,84,52,9,1,24
1601,720,70,97,86,52,9,1,25
1602,720,70,97,86,52,9,1,25
1603,718,71,98,86,52,9,1,26
1604,718,72,99,86,52,9,1,27
1605,717,72,99,88,52,9,1,28
1606,716,72,100,89,52,9,1,28
1607,716,73,100,89,52,9,1,29
1608,714,75,101,88,52,9,1,30
1609,714,76,101,89,52,9,1,31
1610,712,76,103,90,52,9,1,32
1611,711,77,107,91,52,9,1,32
1612,710,77,107,92,52,9,1,33
1613,709,77,110,93,52,9,1,34
1614,707,79,113,93,52,9,1,36
1615,705,80,115,95,52,9,1,36
1616,704,81,113,95,52,9,1,36
1617,703,81,113,96,52,9,1,36
1618,702,82,110,97,52,9,1,36
1619,699,83,114,97,52,9,1,35
1620,698,84,112,98,52,9,1,34
1621,695,86,114,97,52,9,1,34
1622,695,87,116,98,52,9,1,35
1623,692,88,115,99,52,9,1,35
1624,690,89,118,100,52,9,1,35
1625,688,90,120,101,52,9,1,35
1626,687,91,122,101,52,9,1,35
1627,684,91,119,102,52,9,1,35
1628,682,93,122,102,52,9,1,35
1629,680,95,121,102,52,9,1,35
1630,678,97,121,102,52,9,1,35
1631,675,97,122,104,52,9,1,35
1632,673,99,123,104,52,9,1,36
1633,672,100,123,105,52,9,1,35
1634,670,101,124,106,52,9,1,35
1635,668,102,124,106,52,9,1,35
1636,667,104,125,106,52,9,1,35
1637,665,106,125,107,52,9,1,35
1638,663,107,127,108,52,9,1,36
1639,662,108,128,109,52,9,1,36
1640,659,110,129,109,52,9,1,37
1641,658,111,129,110,52,9,1,37
1642,656,112,131,111,52,9,1,37
1643,663,113,124,113,52,9,1,36
1644,659,114,127,113,52,9,1,35
1645,661,115,125,115,52,9,1,34
1646,661,115,125,117,52,9,1,33
1647,660,119,126,115,52,9,1,33
1648,659,121,128,115,52,9,1,32
1649,648,122,138,116,52,9,1,32
1650,649,122,138,118,52,9,1,33
1651,649,123,137,119,52,9,1,34
1652,648,126,138,120,52,9,1,36
1653,648,127,139,122,52,9,1,37
1654,647,129,140,122,52,9,1,37
1655,647,131,142,122,52,9,1,38
1656,645,133,143,123,52,9,1,37
1657,645,135,145,124,52,9,1,36
1658,644,136,146,125,52,9,1,36
1659,644,138,147,126,52,9,1,37
1660,644,141,147,127,52,9,1,38
1661,644,142,148,129,52,9,1,38
1662,642,143,149,130,52,9,1,37
1663,642,145,150,131,52,9,1,37
1664,641,147,152,131,52,9,1,36
1665,641,149,152,132,52,9,1,34
1666,639,151,154,132,52,9,1,33
1667,639,152,155,134,52,9,1,32
1668,638,153,156,136,52,9,1,32
1669,637,154,157,137,52,9,1,32
1670,636,156,158,139,52,9,1,32
1671,635,158,161,139,52,9,1,32
1672,634,160,161,140,52,9,1,32
1673,634,162,162,141,52,9,1,33
1674,633,165,163,142,52,9,1,33
1675,632,166,164,144,52,9,1,33
1676,631,167,165,145,52,9,1,33
1677,631,170,167,146,52,9,1,34
1678,630,172,168,148,52,9,1,34
1679,629,174,169,150,52,9,1,34
1680,628,176,171,150,52,9,1,34
1681,627,178,172,152,52,9,1,35
1682,626,181,173,153,52,9,1,34
1683,626,183,175,154,52,9,1,34
1684,625,185,177,156,52,9,1,34
1685,624,188,178,158,52,9,1,34
1686,624,191,180,158,52,9,1,34
1687,624,194,181,159,52,9,1,34
1688,624,196,182,160,52,9,1,33
1689,623,199,184,161,52,9,1,33
1690,622,201,186,163,52,9,1,32
1691,622,204,187,164,52,9,1,31
1692,621,206,189,165,52,9,1,30
1693,620,208,191,166,52,9,1,28
1694,620,210,193,166,52,9,1,27
1695,619,212,195,167,52,9,1,25
1696,620,214,195,168,52,9,1,25
1697,621,217,197,169,52,9,1,25
1698,621,218,199,172,52,9,1,25
1699,622,220,200,174,52,9,1,26
1700,622,223,202,174,52,9,1,27
1701,623,225,204,177,52,9,1,28
1702,624,227,206,180,52,9,1,29
1703,625,230,208,180,52,9,1,29
1704,625,233,210,182,52,9,1,30
1705,626,237,212,183,52,9,1,31
1706,627,239,215,186,52,9,1,32
1707,628,242,217,190,52,9,1,33
1708,629,244,218,192,52,9,1,34
1709,630,248,222,194,52,9,1,35
1710,631,252,224,196,52,9,1,36
1711,632,254,225,202,52,9,1,37
1712,634,257,227,206,52,9,1,38
1713,633,261,230,209,52,9,1,39
1714,633,268,233,210,52,9,1,39
1715,632,273,235,211,52,9,1,40
1716,631,280,238,211,52,9,1,40
1717,630,285,240,215,52,9,1,40
1718,629,292,242,216,52,9,1,41
1719,627,298,244,220,52,9,1,41
1720,626,303,247,225,52,9,1,42
1721,624,309,250,227,52,9,1,42
1722,621,314,253,231,52,9,1,42
1723,619,321,256,233,52,9,1,41
1724,617,330,259,234,52,9,1,41
1725,615,337,263,236,52,9,1,40
1726,613,344,265,238,52,9,1,39
1727,611,350,268,242,52,9,1,39
1728,609,356,271,247,52,9,1,38
1729,606,363,275,251,52,9,1,38
1730,604,369,277,255,52,9,1,38
1731,602,377,280,257,52,9,1,38
1732,600,385,284,261,52,9,1,38
1733,597,394,288,263,52,9,1,38
1734,594,403,292,266,52,9,1,38
1735,592,411,295,270,52,9,1,38
1736,590,417,299,277,52,9,1,37
1737,587,425,303,281,52,9,1,37
1738,583,433,307,285,52,9,1,36
1739,580,443,312,290,52,9,1,36
1740,577,453,316,292,52,9,1,36
1741,574,464,320,297,52,9,1,36
1742,570,470,324,306,52,9,1,36
1743,567,482,328,310,52,9,1,36
1744,563,495,332,313,52,9,1,37
1745,558,505,338,320,52,9,1,37
1746,552,516,343,326,52,9,1,37
1747,548,529,346,331,52,9,1,37
1748,542,543,351,335,52,9,1,36
1749,535,554,357,343,52,9,1,36
1750,528,566,364,348,52,9,1,35
1751,522,579,368,355,52,9,1,35
1752,514,594,374,361,52,9,1,34
1753,506,609,380,366,52,9,1,33
1754,498,623,385,370,52,9,1,33
1755,490,639,390,373,52,9,1,32
1756,481,655,398,382,52,9,1,31
1757,472,669,404,389,52,9,1,30
1758,464,685,408,388,52,9,1,29
1759,452,700,417,374,52,9,1,29
1760,441,717,424,357,52,9,1,25
1761,430,736,431,338,52,9,1,19
1762,419,751,438,326,52,9,1,11
1763,406,769,446,307,52,9,1,7
1764,392,787,453,288,52,9,1,4
1765,379,804,461,272,52,9,1,2
1766,365,824,469,253,52,9,1,1
1767,350,844,476,232,52,9,1,1
1768,333,866,484,210,52,9,1,1
1769,330,888,478,188,52,9,1,1
1770,372,911,414,166,52,9,1,1
1771,361,933,406,144,52,9,1,1
1772,351,957,392,120,52,9,1,1
1773,342,982,375,96,52,9,1,1
1774,336,1008,362,69,52,9,1,1
1542,735,44,92,43,53,6,1,47
1543,726,36,120,50,53,6,1,43
1544,743,38,121,48,53,6,1,39
1545,765,35,115,51,53,6,1,35
1546,784,38,104,48,53,6,1,44
1547,805,39,117,47,53,6,1,45
1548,825,39,118,54,53,6,1,50
1549,845,42,100,44,53,6,1,42
1550,864,43,111,51,53,6,1,47
1554,908,90,33,49,54,6,1,44
1555,908,90,33,49,54,6,1,38
1556,908,91,32,49,54,6,1,34
1557,907,91,34,49,54,6,1,25
1558,906,91,35,50,54,6,1,19
1559,905,90,37,50,54,6,1,13
1560,909,90,32,50,54,6,1,9
1561,905,90,36,51,54,6,1,6
1576,907,91,34,49,54,6,1,3
1583,908,92,33,48,54,6,1,3
1618,908,98,33,44,55,6,1,8
1619,908,98,33,44,55,6,1,6
1620,908,92,33,50,55,6,1,6
1621,908,96,33,46,55,6,1,6
1622,907,91,35,51,55,6,1,7
1623,907,91,35,51,55,6,1,7
1658,650,91,44,51,56,6,5,13
1659,649,92,52,52,56,6,5,11
1660,652,92,57,51,56,6,5,11
1661,651,95,66,48,56,6,5,9
1662,649,98,72,45,56,6,5,9
1663,652,97,76,46,56,6,5,7
1664,648,95,87,48,56,6,5,5
1665,650,95,90,48,56,6,5,3
1666,652,98,93,45,56,6,5,3
1667,659,99,92,44,56,6,5,3
1668,655,99,101,44,56,6,5,3
1669,656,98,104,45,56,6,5,3
1670,656,98,110,44,56,6,5,3
1671,660,99,108,44,56,6,5,4
1672,669,99,104,44,56,6,5,7
1673,676,97,101,45,56,6,5,10
1674,708,97,73,44,56,6,5,12
1675,689,96,95,45,56,6,5,12
1676,696,96,92,45,56,6,5,13
1677,702,97,89,45,56,6,5,13
1678,709,97,84,44,56,6,5,11
1679,714,96,83,45,56,6,5,8
1680,718,95,79,46,56,6,5,5
1681,722,95,75,46,56,6,5,6
1682,726,94,72,47,56,6,5,5
1683,729,94,70,47,56,6,5,5
1684,731,94,67,46,56,6,5,3
1685,732,93,66,48,56,6,5,4
1686,732,94,65,48,56,6,5,4
1687,731,94,65,48,56,6,5,4
1688,729,92,64,49,56,6,5,2
1689,728,92,64,50,56,6,5,2
1690,727,90,65,50,56,6,5,3
1691,726,90,65,51,56,6,5,4
1692,723,87,67,53,56,6,5,5
1693,721,85,67,55,56,6,5,9
1694,720,84,67,56,56,6,5,15
1695,717,83,66,55,56,6,5,23
1696,716,82,66,54,56,6,5,28
1697,714,82,66,53,56,6,5,32
1698,713,79,66,54,56,6,5,36
1699,711,78,65,54,56,6,5,39
1700,710,78,64,53,56,6,5,39
1701,709,78,65,52,56,6,5,39
1702,709,77,65,52,56,6,5,38
1703,708,75,63,52,56,6,5,37
1704,707,73,62,53,56,6,5,36
1705,708,72,61,54,56,6,5,36
1706,707,70,60,54,56,6,5,37
1707,706,70,60,53,56,6,5,37
1708,707,69,59,53,56,6,5,37
1709,706,67,58,53,56,6,5,37
1710,707,67,57,53,56,6,5,37
1711,706,65,58,54,56,6,5,37
1712,705,65,57,53,56,6,5,37
1713,705,64,57,52,56,6,5,38
1714,706,63,56,52,56,6,5,39
1715,706,63,56,51,56,6,5,40
1716,706,62,55,51,56,6,5,42
1717,706,60,54,51,56,6,5,43
1718,706,60,54,51,56,6,5,43
1719,706,59,54,51,56,6,5,43
1720,706,58,55,50,56,6,5,42
1721,707,57,56,50,56,6,5,39
1722,707,56,57,51,56,6,5,36
1723,707,56,58,50,56,6,5,32
1724,709,55,58,51,56,6,5,29
1725,709,55,59,51,56,6,5,26
1726,710,54,60,51,56,6,5,26
1727,711,53,62,51,56,6,5,28
1728,712,52,63,50,56,6,5,30
1729,713,52,64,50,56,6,5,33
1730,714,50,65,51,56,6,5,35
1731,716,48,67,52,56,6,5,37
1732,717,49,67,50,56,6,5,36
1733,720,49,68,50,56,6,5,36
1734,722,48,69,50,56,6,5,36
1735,724,47,71,50,56,6,5,35
1736,727,47,71,49,56,6,5,33
1737,730,48,73,48,56,6,5,31
1738,732,47,74,48,56,6,5,30
1739,735,47,77,48,56,6,5,27
1740,737,46,89,48,56,6,5,22
1741,738,47,85,48,56,6,5,21
1742,744,48,83,47,56,6,5,17
1743,749,47,84,47,56,6,5,18
1744,752,48,90,46,56,6,5,13
1745,758,49,88,44,56,6,5,13
1748,776,50,94,43,56,6,5,11
1749,783,50,100,44,56,6,5,10
1750,789,51,89,43,56,6,5,10
1751,796,51,101,45,56,6,5,9
1752,801,51,106,43,56,6,5,11
1754,852,53,74,43,56,6,5,11
1755,860,54,76,42,56,6,5,12
1759,873,55,96,42,56,6,5,11
1760,908,56,69,40,56,6,5,11
1764,959,60,71,38,56,6,5,11
1739,826,56,93,31,57,6,5,5
1740,827,56,75,31,57,6,5,5
1745,834,47,85,47,57,6,5,5
1752,833,51,74,43,57,6,5,6
1753,810,52,108,42,57,6,5,8
1754,817,53,110,43,57,6,5,11
1755,828,53,110,43,57,6,5,12
1756,834,54,112,42,57,6,5,12
1757,847,54,100,41,57,6,5,10
1758,860,54,94,41,57,6,5,9
1775,948,60,72,38,57,6,5,8
1751,1241,943,559,132,58,6,10,35
1752,1238,917,548,156,58,6,10,35
1753,1238,889,538,182,58,6,10,35
1754,1235,865,527,207,58,6,10,35
1755,1232,842,519,230,58,6,10,35
1756,1228,816,509,256,58,6,10,35
1757,1221,793,504,278,58,6,10,35
1758,1215,771,494,301,58,6,10,35
1759,1207,750,485,321,58,6,10,35
1760,1196,728,478,342,58,6,10,35
1761,1184,707,472,364,58,6,10,35
1762,1173,686,464,384,58,6,10,35
1763,1161,665,463,404,58,6,10,35
1764,1148,638,458,433,58,6,10,35
1765,1137,625,450,434,58,6,10,35
1766,1126,609,440,427,58,6,10,36
1767,1116,594,432,416,58,6,10,37
1768,1107,574,423,410,58,6,10,38
1769,1098,559,413,402,58,6,10,38
1770,1088,542,404,395,58,6,10,39
1771,1078,526,397,387,58,6,10,40
1772,1069,506,388,385,58,6,10,40
1773,1059,499,381,369,58,6,10,41
1774,1051,484,372,364,58,6,10,42
1775,1041,473,366,354,58,6,10,42
1776,1033,459,359,350,58,6,10,43
1777,1024,447,354,345,58,6,10,43
1778,1017,435,346,337,58,6,10,43
1779,1012,421,338,334,58,6,10,43
1780,1003,410,334,329,58,6,10,43
1781,998,399,325,322,58,6,10,44
1782,992,386,320,319,58,6,10,44
1783,989,381,312,311,58,6,10,44
1784,982,370,309,305,58,6,10,44
1785,977,356,305,307,58,6,10,44
1786,974,351,298,298,58,6,10,44
1787,969,336,295,299,58,6,10,44
1788,967,335,289,288,58,6,10,44
1789,964,325,286,285,58,6,10,45
1790,960,316,284,282,58,6,10,45
1791,960,310,277,276,58,6,10,45
1792,958,306,275,270,58,6,10,44
1793,957,298,271,268,58,6,10,44
1794,957,291,267,264,58,6,10,44
1795,956,286,263,259,58,6,10,44
1796,955,280,259,255,58,6,10,44
1797,955,273,257,253,58,6,10,44
1798,955,267,254,249,58,6,10,44
1799,956,261,249,245,58,6,10,44
1800,956,257,247,243,58,6,10,43
1801,957,252,246,240,58,6,10,43
1802,959,246,241,237,58,6,10,43
1803,959,241,241,234,58,6,10,42
1804,960,237,236,231,58,6,10,42
1805,962,233,233,228,58,6,10,41
1806,963,229,228,226,58,6,10,41
1807,965,225,226,224,58,6,10,40
1808,966,222,224,222,58,6,10,38
1809,967,218,220,219,58,6,10,37
1810,968,215,215,218,58,6,10,36
1811,969,212,217,215,58,6,10,35
1812,969,210,218,213,58,6,10,34
1813,971,207,213,211,58,6,10,33
1814,972,204,210,208,58,6,10,33
1815,974,203,205,206,58,6,10,32
1816,975,200,203,205,58,6,10,32
1817,976,196,201,205,58,6,10,32
1818,978,194,201,201,58,6,10,32
1819,980,192,199,198,58,6,10,32
1820,984,190,197,197,58,6,10,32
1821,986,188,195,194,58,6,10,33
1822,988,185,202,193,58,6,10,33
1823,991,181,203,192,58,6,10,33
1824,997,178,204,193,58,6,10,32
1825,1000,178,206,188,58,6,10,32
1826,1010,174,204,189,58,6,10,31
1827,1013,173,209,187,58,6,10,29
1828,1023,171,206,186,58,6,10,29
1829,1032,170,207,184,58,6,10,28
1830,1044,168,207,182,58,6,10,28
1831,1056,167,209,180,58,6,10,28
1832,1070,165,210,179,58,6,10,28
1833,1081,162,202,179,58,6,10,29
1834,1097,162,203,175,58,6,10,30
1835,1107,160,210,173,58,6,10,31
1836,1123,159,206,171,58,6,10,31
1837,1144,159,195,168,58,6,10,31
1838,1162,157,182,168,58,6,10,31
1839,1179,154,216,168,58,6,10,31
1840,1196,151,219,167,58,6,10,31
1841,1216,147,217,170,58,6,10,32
1842,1232,143,221,169,58,6,10,34
1843,1255,141,217,167,58,6,10,36
1844,1269,138,222,166,58,6,10,38
1845,1292,136,218,165,58,6,10,42
1846,1309,134,223,161,58,6,10,45
1847,1360,129,191,162,58,6,10,48
1848,1361,126,204,162,58,6,10,49
1849,1380,121,199,163,58,6,10,50
1850,1397,115,184,164,58,6,10,50
1851,1420,110,160,164,58,6,10,50
1852,1443,106,137,162,58,6,10,48
1853,1460,75,122,185,58,6,10,47
1854,1486,94,95,160,58,6,10,46
1855,1507,105,73,141,58,6,10,46
1770,909,100,31,43,59,6,1,5
1771,909,100,31,42,59,6,1,5
1772,909,101,30,41,59,6,1,5
1773,909,99,31,44,59,6,1,4
1782,875,91,66,50,59,6,1,3
1783,874,91,67,51,59,6,1,2
1784,875,91,66,50,59,6,1,1
1785,875,91,66,50,59,6,1,0
1791,876,92,65,50,59,6,1,0
1792,876,92,65,50,59,6,1,0
1793,877,92,65,50,59,6,1,0
1794,877,93,65,50,59,6,1,1
1795,877,92,65,50,59,6,1,1
1796,877,93,65,50,59,6,1,1
1797,876,93,65,49,59,6,1,0
1798,875,92,66,50,59,6,1,3
1799,875,92,66,50,59,6,1,4
1800,877,91,64,50,59,6,1,7
1801,876,91,65,50,59,6,1,8
1803,876,90,65,50,59,6,1,9
1804,877,90,64,50,59,6,1,9
1805,877,90,64,50,59,6,1,7
1806,876,90,65,50,59,6,1,5
1807,876,90,65,51,59,6,1,4
1808,877,91,64,50,59,6,1,5
1809,875,91,66,50,59,6,1,6
1810,877,91,64,51,59,6,1,6
1820,875,92,66,50,59,6,1,4
1835,909,98,31,44,59,6,1,4
1837,908,91,34,51,59,6,1,3
1777,898,55,78,35,60,6,1,56
1778,884,55,75,36,60,6,1,53
1779,863,53,78,37,60,6,1,53
1780,829,52,93,37,60,6,1,50
1781,809,51,93,36,60,6,1,51
1782,799,49,84,38,60,6,1,51
1783,782,48,82,37,60,6,1,52
1784,763,46,80,40,60,6,1,53
1785,730,46,95,39,60,6,1,52
1786,726,45,79,39,60,6,1,51
1787,705,44,82,40,60,6,1,48
1788,672,43,96,40,60,6,1,44
1789,653,40,94,42,60,6,1,39
1790,636,41,94,41,60,6,1,34
1791,618,40,91,41,60,6,1,31
1792,607,40,83,41,60,6,1,29
1792,656,114,89,30,61,5,0,7
1793,656,112,102,32,61,5,0,7
1794,660,111,112,32,61,5,0,8
1795,666,111,118,32,61,5,0,10
1796,680,111,115,32,61,5,0,13
1797,693,110,116,32,61,5,0,15
1798,707,96,111,46,61,5,0,16
1799,721,112,111,29,61,5,0,16
1800,732,111,115,30,61,5,0,18
1801,751,112,100,29,61,5,0,19
1802,765,112,89,27,61,5,0,21
1803,777,112,92,27,61,5,0,22
1804,787,114,89,26,61,5,0,24
1805,801,115,75,24,61,5,0,24
1806,814,115,63,25,61,5,0,24
1854,876,92,65,50,62,6,1,10
1855,876,92,65,50,62,6,1,7
1856,876,92,65,50,62,6,1,6
1858,877,92,64,50,62,6,1,4
1859,877,92,64,50,62,6,1,3
1860,876,92,65,50,62,6,1,2
1861,877,92,65,50,62,6,1,2
1862,877,93,65,49,62,6,1,2
1863,877,92,65,49,62,6,1,2
1864,877,93,65,49,62,6,1,1
1865,876,93,65,50,62,6,1,1
1866,876,92,66,50,62,6,1,2
1867,876,92,65,50,62,6,1,2
1868,876,92,66,50,62,6,1,2
1882,909,100,31,42,62,6,1,2
1883,909,101,31,40,62,6,1,2
1884,908,97,34,44,62,6,1,1
1901,909,99,30,42,62,6,1,0
1913,878,93,64,49,62,6,1,0
1914,876,93,65,49,62,6,1,0
1933,884,92,58,50,62,6,1,0
1934,880,92,62,50,62,6,1,0
1935,878,92,63,50,62,6,1,0
1936,879,92,62,50,62,6,1,0
1937,879,92,63,50,62,6,1,0
1938,876,92,65,50,62,6,1,1
1939,877,92,64,50,62,6,1,1
1942,875,90,66,51,62,6,1,2
1943,875,91,67,51,62,6,1,2
1944,875,90,66,51,62,6,1,2
1945,875,90,66,51,62,6,1,2
1946,875,91,66,50,62,6,1,1
1947,875,90,67,51,62,6,1,1
1948,875,90,66,51,62,6,1,1
1949,875,90,66,51,62,6,1,1
1950,875,90,66,51,62,6,1,0
1951,875,90,67,51,62,6,1,0
1952,875,90,66,51,62,6,1,2
1953,875,90,67,51,62,6,1,2
1954,875,91,66,51,62,6,1,3
1955,875,91,66,50,62,6,1,1
1956,876,92,66,49,62,6,1,1
1964,875,91,66,50,62,6,1,0
1965,875,91,66,50,62,6,1,0
1966,875,92,66,49,62,6,1,0
1967,875,92,66,49,62,6,1,0
1968,874,91,67,50,62,6,1,0
1969,875,91,66,50,62,6,1,0
1974,875,91,66,49,62,6,1,0
1976,875,92,67,49,62,6,1,0
1977,875,92,67,49,62,6,1,0
1978,875,91,66,49,62,6,1,0
1979,875,91,67,49,62,6,1,0
1980,876,91,66,49,62,6,1,1
1981,875,91,66,49,62,6,1,2
1982,875,90,66,50,62,6,1,3
1983,875,91,66,49,62,6,1,2
1984,875,91,66,49,62,6,1,2
1985,875,91,66,49,62,6,1,2
1986,875,91,66,49,62,6,1,2
1987,875,91,66,49,62,6,1,1
1991,875,90,66,50,62,6,1,0
1992,875,92,66,48,62,6,1,0
1994,875,92,66,49,62,6,1,0
1998,875,92,66,48,62,6,1,0
2001,875,92,66,49,62,6,1,0
2002,875,91,66,49,62,6,1,0
2003,875,93,66,48,62,6,1,0
2004,876,92,65,49,62,6,1,2
2005,876,92,65,49,62,6,1,3
2006,877,93,65,49,62,6,1,6
2008,876,92,65,50,62,6,1,4
2009,876,92,65,50,62,6,1,4
2010,877,92,64,49,62,6,1,2
2011,876,93,65,48,62,6,1,1
2012,876,93,65,48,62,6,1,1
2013,877,93,64,48,62,6,1,1
2014,877,94,65,48,62,6,1,2
2015,877,94,65,48,62,6,1,2
2022,908,96,33,45,62,6,1,2
2023,909,96,32,45,62,6,1,1
2024,908,96,33,45,62,6,1,1
2031,909,95,33,46,62,6,1,1
2032,908,95,33,46,62,6,1,1
2033,909,95,33,46,62,6,1,1
2034,909,95,33,46,62,6,1,0
2035,909,95,33,46,62,6,1,0
2036,909,96,33,46,62,6,1,0
2037,909,96,33,46,62,6,1,1
2038,909,96,32,45,62,6,1,1
2039,909,96,32,46,62,6,1,2
2040,909,94,32,48,62,6,1,2
2041,909,95,33,47,62,6,1,2
2043,909,94,33,47,62,6,1,1
2044,908,94,33,47,62,6,1,1
2045,908,94,33,47,62,6,1,1
2046,907,93,34,48,62,6,1,2
2047,908,93,34,48,62,6,1,2
2048,907,94,34,47,62,6,1,2
2049,876,92,65,49,62,6,1,3
2050,877,92,65,50,62,6,1,3
2051,875,93,67,49,62,6,1,4
1863,589,42,90,40,63,6,1,7
1864,610,44,94,40,63,6,1,16
1865,631,46,66,38,63,6,1,22
1866,652,46,87,40,63,6,1,31
1867,671,46,87,40,63,6,1,29
1868,687,47,93,40,63,6,1,26
1869,710,46,89,40,63,6,1,27
1870,730,47,87,40,63,6,1,30
1871,750,48,85,39,63,6,1,31
1872,769,49,86,38,63,6,1,28
1873,790,51,84,38,63,6,1,35
1874,809,53,87,38,63,6,1,46
1875,829,54,85,41,63,6,1,59
1876,849,53,87,42,63,6,1,66
1877,868,56,79,38,63,6,1,72
1878,889,56,65,40,63,6,1,63
1879,909,58,43,35,63,6,1,58
1883,996,63,37,32,63,6,1,47
1887,886,52,78,37,64,4,0,78
1888,864,50,84,40,64,4,0,78
1889,823,47,105,41,64,4,0,78
1890,803,46,104,40,64,4,0,75
1891,803,48,80,39,64,4,0,70
1892,782,46,82,38,64,4,0,63
1893,759,44,84,41,64,4,0,61
1894,738,45,84,40,64,4,0,58
1895,716,41,86,41,64,4,0,59
1896,699,40,84,41,64,4,0,57
1897,673,38,87,42,64,4,0,57
1898,632,36,106,43,64,4,0,54
1899,630,36,88,42,64,4,0,53
1900,608,35,88,44,64,4,0,52
2042,1131,997,435,81,65,9,3,-1
2043,1135,959,423,119,65,9,3,-1
2044,1139,923,412,155,65,9,3,-1
2045,1143,887,400,192,65,9,3,-1
2046,1144,856,391,222,65,9,3,-1
2047,1146,826,380,251,65,9,3,-1
2048,1144,796,371,282,65,9,3,-1
2049,1144,767,361,303,65,9,3,-1
2050,1142,741,353,297,65,9,3,-1
2044,620,42,117,44,66,5,5,17
2045,666,42,86,43,66,5,5,19
2046,685,43,84,43,66,5,5,22
2047,689,44,97,43,66,5,5,22
2048,705,46,98,42,66,5,5,22
2049,707,47,112,39,66,5,5,18
2050,721,47,117,41,66,5,5,18
2051,736,47,119,40,66,5,5,16
2052,758,48,114,40,66,5,5,18
2053,776,50,101,38,66,5,5,27
2054,793,50,116,42,66,5,5,31
2055,810,50,115,43,66,5,5,35
2057,873,53,78,38,66,5,5,29
2058,869,54,82,39,66,5,5,32
2051,1140,717,345,289,67,9,3,52
2052,1136,692,338,281,67,9,3,52
2053,1133,669,331,273,67,9,3,52
2054,1128,644,324,269,67,9,3,52
2055,1121,624,317,261,67,9,3,52
2056,1114,603,311,256,67,9,3,52
2057,1106,587,304,248,67,9,3,52
2058,1100,569,297,242,67,9,3,52
2059,1091,551,292,238,67,9,3,52
2060,1082,535,286,233,67,9,3,52
2061,1074,516,281,231,67,9,3,52
2062,1065,503,277,224,67,9,3,53
2063,1056,488,272,219,67,9,3,53
2064,1048,473,266,216,67,9,3,53
2065,1038,462,262,211,67,9,3,53
2066,1030,449,257,207,67,9,3,54
2067,1022,436,251,203,67,9,3,54
2068,1014,423,249,201,67,9,3,54
2069,1009,411,242,197,67,9,3,55
2070,1003,401,238,192,67,9,3,55
2071,998,389,234,190,67,9,3,56
2072,992,381,231,185,67,9,3,56
2073,989,370,227,184,67,9,3,56
2074,986,362,223,179,67,9,3,56
2075,983,350,220,178,67,9,3,55
2076,981,343,218,174,67,9,3,55
2077,978,336,214,170,67,9,3,54
2078,977,326,211,170,67,9,3,54
2079,976,320,207,167,67,9,3,54
2080,975,313,204,163,67,9,3,53
2081,975,305,201,162,67,9,3,53
2082,974,299,198,159,67,9,3,52
2083,974,292,195,158,67,9,3,52
2084,974,286,193,157,67,9,3,51
2085,974,282,191,154,67,9,3,50
2086,973,276,188,152,67,9,3,49
2087,974,273,185,148,67,9,3,48
2088,974,268,183,146,67,9,3,47
2089,973,262,181,145,67,9,3,47
2090,974,257,177,143,67,9,3,47
2091,974,253,177,141,67,9,3,47
2092,974,249,174,139,67,9,3,47
2093,974,245,172,137,67,9,3,48
2094,974,241,170,134,67,9,3,48
2095,974,237,167,132,67,9,3,48
2096,974,234,167,130,67,9,3,48
2097,974,231,165,128,67,9,3,48
2098,973,225,163,128,67,9,3,48
2099,973,222,160,126,67,9,3,48
2100,973,219,158,123,67,9,3,48
2101,972,213,157,124,67,9,3,48
2102,971,210,155,121,67,9,3,49
2103,970,207,153,120,67,9,3,50
2104,969,203,152,119,67,9,3,50
2105,968,198,150,118,67,9,3,51
2106,966,196,150,116,67,9,3,51
2107,965,192,147,115,67,9,3,52
2108,963,190,146,111,67,9,3,53
2109,961,188,144,109,67,9,3,53
2110,960,183,142,109,67,9,3,53
2111,958,180,140,108,67,9,3,53
2112,956,175,139,108,67,9,3,53
2113,954,173,138,106,67,9,3,52
2114,951,171,135,105,67,9,3,51
2115,949,168,134,104,67,9,3,50
2116,946,166,133,103,67,9,3,48
2117,944,164,134,102,67,9,3,46
2118,942,163,131,100,67,9,3,44
2119,940,161,130,100,67,9,3,42
2120,937,160,129,98,67,9,3,41
2121,936,158,127,97,67,9,3,40
2122,935,157,127,95,67,9,3,40
2123,933,153,125,96,67,9,3,41
2124,931,149,125,96,67,9,3,42
2125,930,147,123,96,67,9,3,43
2126,928,146,122,94,67,9,3,43
2127,927,144,120,93,67,9,3,43
2128,926,141,119,93,67,9,3,44
2129,924,140,115,92,67,9,3,44
2130,924,138,116,91,67,9,3,44
2131,921,136,118,90,67,9,3,43
2132,920,135,116,89,67,9,3,43
2133,917,133,115,89,67,9,3,43
2134,917,130,112,88,67,9,3,43
2135,916,128,111,88,67,9,3,43
2136,915,125,110,89,67,9,3,43
2137,914,123,107,88,67,9,3,45
2138,917,120,102,89,67,9,3,46
2139,916,119,100,86,67,9,3,47
2140,915,118,99,85,67,9,3,46
2056,909,94,33,47,68,6,1,0
2057,910,91,33,51,68,6,1,0
2067,909,95,32,47,68,6,1,0
2068,908,94,33,47,68,6,1,0
2069,908,94,33,47,68,6,1,0
2070,909,95,32,46,68,6,1,0
2071,910,97,30,44,68,6,1,0
2079,909,97,33,45,68,6,1,0
2080,909,96,33,45,68,6,1,0
2081,908,97,34,45,68,6,1,0
2082,908,96,34,46,68,6,1,0
2083,908,95,33,46,68,6,1,0
2084,909,95,32,47,68,6,1,0
2086,908,96,33,46,68,6,1,0
2060,616,39,73,43,69,9,5,22
2061,634,41,94,45,69,9,5,27
2062,655,42,89,44,69,9,5,25
2063,670,42,91,43,69,9,5,25
2064,685,43,95,43,69,9,5,22
2065,705,44,92,43,69,9,5,25
2066,708,45,107,42,69,9,5,24
2067,721,46,112,42,69,9,5,24
2068,737,46,112,42,69,9,5,23
2069,755,47,113,40,69,9,5,29
2070,773,47,102,40,69,9,5,30
2071,792,48,113,42,69,9,5,35
2093,578,36,106,45,70,6,1,51
2094,599,38,90,45,70,6,1,51
2095,618,38,72,44,70,6,1,48
2096,636,40,104,45,70,6,1,46
2097,655,40,106,45,70,6,1,43
2098,674,41,104,45,70,6,1,41
2099,704,42,93,44,70,6,1,39
2100,713,42,103,45,70,6,1,35
2101,732,43,103,44,70,6,1,33
2102,751,44,104,43,70,6,1,32
2103,771,45,102,43,70,6,1,35
2104,791,47,101,43,70,6,1,41
2105,810,47,103,45,70,6,1,47
2106,829,48,100,47,70,6,1,53
2108,886,52,63,43,70,6,1,49
2109,887,52,85,42,70,6,1,48
2110,906,54,69,39,70,6,1,42
460,689,51,91,35,83,6,0,34
461,706,50,94,37,83,6,0,33
462,729,52,93,36,83,6,0,31
463,750,53,91,35,83,6,0,31
464,771,55,91,33,83,6,0,35
465,792,56,83,33,83,6,0,42
466,815,57,89,36,83,6,0,47
467,823,53,102,41,83,6,0,48
470,895,61,75,36,83,6,0,47
342,655,111,33,32,85,5,3,17
343,656,111,39,31,85,5,3,14
344,656,111,41,32,85,5,3,11
345,657,110,41,33,85,5,3,7
346,655,110,46,33,85,5,3,5
347,656,110,47,33,85,5,3,3
348,656,109,49,34,85,5,3,3
349,656,109,50,34,85,5,3,2
350,657,109,51,33,85,5,3,2
351,658,109,53,34,85,5,3,1
352,657,108,56,35,85,5,3,2
353,659,107,55,35,85,5,3,2
354,659,106,56,36,85,5,3,2
355,660,106,56,37,85,5,3,1
356,662,105,55,38,85,5,3,1
357,662,105,56,38,85,5,3,1
358,664,104,55,38,85,5,3,1
359,665,104,55,39,85,5,3,1
360,666,103,54,40,85,5,3,1
361,666,102,55,40,85,5,3,0
362,667,101,54,41,85,5,3,0
363,667,101,54,42,85,5,3,0
364,668,101,55,42,85,5,3,0
365,669,101,58,41,85,5,3,0
366,669,101,55,41,85,5,3,0
367,670,101,56,41,85,5,3,1
368,671,101,58,42,85,5,3,2
369,671,101,58,42,85,5,3,2
370,672,101,70,42,85,5,3,2
371,673,100,67,43,85,5,3,1
372,672,100,65,42,85,5,3,3
373,671,100,66,42,85,5,3,4
374,670,99,67,43,85,5,3,7
375,671,99,68,43,85,5,3,7
376,670,98,69,44,85,5,3,6
377,675,98,66,44,85,5,3,4
378,677,97,64,45,85,5,3,3
379,679,97,63,45,85,5,3,2
380,681,96,63,46,85,5,3,1
381,682,96,64,46,85,5,3,1
382,683,95,65,47,85,5,3,1
383,684,96,64,46,85,5,3,1
384,685,96,64,46,85,5,3,1
385,686,97,64,45,85,5,3,1
386,686,95,65,47,85,5,3,1
387,689,94,65,47,85,5,3,4
388,692,94,67,47,85,5,3,5
389,697,94,66,47,85,5,3,8
390,700,93,66,48,85,5,3,8
391,704,92,66,49,85,5,3,8
392,706,92,65,49,85,5,3,6
393,707,91,65,50,85,5,3,4
394,707,91,66,50,85,5,3,4
395,712,87,73,54,85,5,3,3
396,716,85,72,57,85,5,3,2
397,714,83,74,58,85,5,3,1
398,713,82,76,59,85,5,3,1
399,713,82,78,59,85,5,3,1
400,715,82,77,59,85,5,3,1
401,716,81,77,59,85,5,3,1
402,717,81,78,61,85,5,3,1
403,720,82,75,60,85,5,3,1
404,720,82,75,59,85,5,3,1
405,720,82,75,59,85,5,3,2
406,719,82,74,59,85,5,3,2
407,719,82,75,60,85,5,3,3
408,719,81,77,61,85,5,3,3
409,719,81,78,61,85,5,3,4
410,719,81,78,62,85,5,3,6
411,719,80,79,63,85,5,3,8
412,718,80,80,63,85,5,3,10
413,717,81,80,63,85,5,3,12
414,718,80,80,65,85,5,3,14
415,717,79,80,65,85,5,3,16
416,717,79,82,66,85,5,3,19
417,717,80,83,66,85,5,3,21
418,717,81,85,66,85,5,3,21
419,718,81,85,67,85,5,3,22
420,717,80,85,68,85,5,3,22
421,718,81,85,68,85,5,3,23
422,718,81,85,69,85,5,3,22
423,718,81,87,70,85,5,3,21
424,719,82,86,70,85,5,3,22
425,719,82,87,70,85,5,3,22
426,719,82,87,71,85,5,3,23
427,719,84,88,71,85,5,3,24
428,718,85,89,71,85,5,3,26
429,719,86,89,72,85,5,3,29
430,718,86,90,73,85,5,3,31
431,717,88,91,72,85,5,3,34
432,717,89,90,73,85,5,3,35
433,716,91,91,73,85,5,3,36
434,715,91,92,73,85,5,3,37
435,713,92,93,74,85,5,3,37
436,712,93,93,75,85,5,3,37
437,711,94,93,75,85,5,3,36
438,710,95,95,76,85,5,3,36
439,708,96,96,77,85,5,3,36
440,707,97,96,77,85,5,3,36
441,707,99,96,76,85,5,3,36
442,706,100,94,78,85,5,3,36
443,704,101,96,78,85,5,3,36
444,703,103,96,77,85,5,3,37
445,702,106,98,76,85,5,3,38
446,701,107,98,78,85,5,3,39
447,699,107,100,80,85,5,3,39
448,696,110,103,78,85,5,3,39
449,696,112,104,78,85,5,3,40
450,694,111,104,81,85,5,3,41
451,692,112,106,82,85,5,3,41
452,689,114,109,83,85,5,3,41
453,688,114,109,85,85,5,3,41
454,686,116,109,84,85,5,3,41
455,685,118,110,85,85,5,3,41
456,684,119,111,86,85,5,3,41
457,683,122,112,86,85,5,3,41
458,682,124,113,86,85,5,3,41
459,681,126,114,85,85,5,3,41
460,680,128,114,86,85,5,3,41
461,680,130,114,87,85,5,3,41
462,679,131,116,88,85,5,3,41
463,678,133,117,89,85,5,3,41
464,677,134,118,89,85,5,3,41
465,676,136,119,90,85,5,3,41
466,675,138,120,91,85,5,3,41
467,674,139,122,93,85,5,3,39
468,674,139,122,94,85,5,3,39
469,673,140,123,95,85,5,3,38
470,673,145,124,93,85,5,3,38
471,672,146,124,95,85,5,3,38
472,671,148,125,96,85,5,3,39
473,671,148,126,98,85,5,3,40
474,670,150,127,100,85,5,3,42
475,669,153,128,100,85,5,3,43
476,669,155,129,102,85,5,3,44
477,668,158,130,102,85,5,3,45
478,667,161,131,103,85,5,3,45
479,667,163,132,104,85,5,3,45
480,666,166,133,104,85,5,3,44
481,665,168,134,105,85,5,3,43
482,664,171,135,105,85,5,3,41
483,663,172,136,106,85,5,3,40
484,663,174,136,107,85,5,3,39
485,662,176,140,109,85,5,3,39
486,661,179,141,110,85,5,3,39
487,660,182,143,111,85,5,3,39
488,659,184,144,112,85,5,3,40
489,657,186,147,113,85,5,3,40
490,657,189,148,114,85,5,3,41
491,656,192,149,115,85,5,3,41
492,656,193,149,118,85,5,3,41
493,655,196,151,119,85,5,3,41
494,654,199,152,120,85,5,3,41
495,653,203,154,121,85,5,3,42
496,652,206,155,122,85,5,3,42
497,651,209,156,123,85,5,3,43
498,649,211,160,126,85,5,3,43
499,649,211,160,130,85,5,3,43
500,648,213,161,134,85,5,3,43
501,646,219,163,132,85,5,3,43
502,645,224,166,131,85,5,3,43
503,644,230,167,131,85,5,3,42
504,643,232,169,134,85,5,3,41
505,642,237,170,133,85,5,3,40
506,641,239,172,135,85,5,3,39
507,640,244,173,134,85,5,3,37
508,640,245,175,137,85,5,3,35
509,639,248,177,138,85,5,3,34
510,638,249,177,142,85,5,3,34
511,637,253,181,144,85,5,3,34
512,636,257,183,144,85,5,3,35
513,633,262,186,144,85,5,3,36
514,632,267,187,145,85,5,3,37
515,631,269,190,149,85,5,3,38
516,630,269,192,156,85,5,3,39
517,629,272,194,159,85,5,3,40
518,627,274,197,165,85,5,3,42
519,625,286,200,160,85,5,3,43
520,624,291,202,163,85,5,3,45
521,622,297,205,167,85,5,3,47
522,620,301,207,171,85,5,3,48
523,618,304,211,178,85,5,3,49
524,616,317,214,176,85,5,3,50
525,614,322,215,180,85,5,3,51
526,611,328,219,186,85,5,3,52
527,608,345,222,180,85,5,3,52
528,606,348,225,188,85,5,3,52
529,602,357,228,191,85,5,3,52
530,600,366,231,193,85,5,3,51
531,597,379,234,191,85,5,3,51
532,593,390,239,194,85,5,3,50
533,591,398,241,197,85,5,3,50
534,586,404,245,205,85,5,3,49
535,582,409,249,214,85,5,3,49
536,579,424,253,212,85,5,3,48
537,575,439,257,210,85,5,3,48
538,570,448,261,215,85,5,3,47
539,566,457,266,223,85,5,3,47
540,559,468,271,227,85,5,3,47
541,554,484,275,227,85,5,3,47
542,548,500,279,230,85,5,3,47
543,542,508,284,238,85,5,3,47
544,533,513,289,255,85,5,3,48
545,525,525,294,265,85,5,3,48
546,515,547,300,264,85,5,3,49
547,505,564,305,270,85,5,3,49
548,493,568,311,287,85,5,3,49
549,480,591,318,291,85,5,3,49
550,466,609,325,299,85,5,3,48
551,452,633,332,300,85,5,3,48
552,438,658,337,302,85,5,3,47
553,422,691,346,297,85,5,3,47
554,402,709,355,310,85,5,3,46
555,384,728,361,322,85,5,3,45
556,363,744,370,332,85,5,3,44
557,339,782,380,293,85,5,3,43
558,314,813,391,264,85,5,3,42
559,287,842,400,234,85,5,3,40
560,257,871,414,206,85,5,3,38
561,226,900,422,178,85,5,3,36
562,224,934,400,143,85,5,3,35
563,217,970,368,108,85,5,3,35
564,196,1007,348,71,85,5,3,35
565,185,1041,296,37,85,5,3,35
347,785,110,36,31,86,9,0,4
348,779,110,40,31,86,9,0,5
349,773,110,44,31,86,9,0,6
350,768,111,48,30,86,9,0,8
351,762,110,53,31,86,9,0,7
352,756,110,57,31,86,9,0,8
353,751,109,62,32,86,9,0,8
354,745,109,67,33,86,9,0,8
355,739,109,71,33,86,9,0,7
356,734,109,75,33,86,9,0,5
357,729,109,80,33,86,9,0,4
358,724,109,83,33,86,9,0,4
359,722,109,79,33,86,9,0,4
360,718,110,78,32,86,9,0,4
361,718,110,73,33,86,9,0,4
362,718,110,67,32,86,9,0,4
363,719,110,61,32,86,9,0,3
364,720,111,54,31,86,9,0,3
365,719,111,49,31,86,9,0,4
366,720,111,43,31,86,9,0,4
367,720,111,38,31,86,9,0,4
368,722,111,31,30,86,9,0,3
369,722,112,27,30,86,9,0,3
389,659,108,41,34,86,9,0,2
390,659,106,44,36,86,9,0,2
391,661,105,48,37,86,9,0,1
392,661,105,49,37,86,9,0,1
393,662,104,49,38,86,9,0,1
394,663,104,49,38,86,9,0,3
395,666,103,52,40,86,9,0,3
396,669,102,55,41,86,9,0,3
397,670,101,56,41,86,9,0,2
398,670,101,57,42,86,9,0,2
399,671,101,56,41,86,9,0,2
400,672,101,57,42,86,9,0,2
401,672,99,55,43,86,9,0,2
402,673,99,56,43,86,9,0,2
403,674,100,53,42,86,9,0,2
404,674,99,52,43,86,9,0,4
405,674,99,51,43,86,9,0,3
406,674,99,50,42,86,9,0,4
407,675,99,49,43,86,9,0,2
408,675,99,48,43,86,9,0,2
409,675,98,48,44,86,9,0,1
410,676,98,48,44,86,9,0,1
411,676,97,47,45,86,9,0,1
412,677,97,47,45,86,9,0,1
413,677,98,46,44,86,9,0,0
414,677,98,46,44,86,9,0,0
415,677,97,46,45,86,9,0,0
416,677,97,45,45,86,9,0,0
417,677,97,45,45,86,9,0,0
418,678,97,44,45,86,9,0,1
419,679,97,44,45,86,9,0,0
420,679,96,43,46,86,9,0,0
421,680,95,44,47,86,9,0,0
422,681,94,44,48,86,9,0,0
423,681,94,45,48,86,9,0,1
424,683,94,44,48,86,9,0,1
425,684,93,43,48,86,9,0,2
426,685,93,44,49,86,9,0,1
427,686,92,43,50,86,9,0,1
428,686,92,43,49,86,9,0,1
429,688,92,40,50,86,9,0,1
430,689,92,42,50,86,9,0,1
431,690,92,43,50,86,9,0,1
432,693,92,43,50,86,9,0,1
433,694,93,40,49,86,9,0,1
435,695,92,39,50,86,9,0,1
441,702,88,63,54,86,9,0,2
442,701,88,64,53,86,9,0,4
443,700,88,70,52,86,9,0,7
444,700,87,78,51,86,9,0,9
445,702,87,77,51,86,9,0,14
446,702,87,79,51,86,9,0,27
447,702,86,79,51,86,9,0,36
448,704,86,77,42,86,9,0,55
449,704,85,78,47,86,9,0,56
450,705,84,77,43,86,9,0,76
451,704,83,78,45,86,9,0,84
452,705,83,78,42,86,9,0,82
453,705,83,78,42,86,9,0,65
454,702,82,83,44,86,9,0,41
455,702,82,84,44,86,9,0,48
456,702,80,85,51,86,9,0,56
457,704,81,84,56,86,9,0,72
458,704,82,85,58,86,9,0,74
459,705,83,84,58,86,9,0,77
460,703,82,86,59,86,9,0,72
461,702,82,86,60,86,9,0,62
462,700,82,87,60,86,9,0,45
463,700,81,88,61,86,9,0,30
464,701,81,87,62,86,9,0,22
465,702,81,88,62,86,9,0,17
466,702,81,89,63,86,9,0,16
467,702,81,90,63,86,9,0,17
468,702,82,90,64,86,9,0,19
469,702,82,90,65,86,9,0,21
470,701,81,91,66,86,9,0,22
471,703,81,90,67,86,9,0,23
472,702,81,91,69,86,9,0,23
473,701,81,93,69,86,9,0,22
474,700,82,95,68,86,9,0,22
475,699,83,96,68,86,9,0,22
476,700,84,97,69,86,9,0,23
477,700,85,97,69,86,9,0,24
478,700,86,98,69,86,9,0,26
479,700,87,98,69,86,9,0,30
480,700,88,99,70,86,9,0,33
481,700,89,100,72,86,9,0,35
482,700,89,100,72,86,9,0,36
483,699,90,101,73,86,9,0,38
484,699,91,100,73,86,9,0,38
485,699,92,101,74,86,9,0,37
486,699,93,103,75,86,9,0,37
487,698,92,103,77,86,9,0,37
488,698,93,103,78,86,9,0,38
489,698,94,103,79,86,9,0,39
490,697,99,105,75,86,9,0,39
491,696,101,106,76,86,9,0,40
492,695,101,105,77,86,9,0,40
493,696,101,104,78,86,9,0,40
494,695,103,104,79,86,9,0,40
495,694,106,106,78,86,9,0,40
496,692,107,107,79,86,9,0,42
497,691,109,108,80,86,9,0,44
498,689,111,109,80,86,9,0,45
499,687,112,111,81,86,9,0,47
500,686,113,111,82,86,9,0,48
501,684,116,112,82,86,9,0,49
502,683,117,114,83,86,9,0,48
503,682,119,114,84,86,9,0,48
504,680,121,115,85,86,9,0,47
505,679,124,117,84,86,9,0,47
506,677,125,118,85,86,9,0,47
507,676,126,120,87,86,9,0,46
508,674,128,121,88,86,9,0,46
509,673,132,121,87,86,9,0,45
510,672,134,121,87,86,9,0,44
511,672,135,122,88,86,9,0,44
512,670,137,123,89,86,9,0,44
513,669,139,124,90,86,9,0,44
514,668,141,125,91,86,9,0,43
515,667,143,127,91,86,9,0,43
516,667,143,127,94,86,9,0,44
517,666,146,128,94,86,9,0,44
518,665,146,130,97,86,9,0,44
519,665,151,130,95,86,9,0,45
520,664,152,131,98,86,9,0,46
521,663,155,133,99,86,9,0,48
522,662,158,134,99,86,9,0,48
523,662,161,135,100,86,9,0,49
524,661,164,136,101,86,9,0,49
525,660,167,138,101,86,9,0,49
526,660,169,139,103,86,9,0,48
527,659,172,139,103,86,9,0,46
528,658,174,143,104,86,9,0,44
529,658,177,144,104,86,9,0,43
530,658,178,146,106,86,9,0,42
531,658,180,147,108,86,9,0,42
532,658,182,148,110,86,9,0,42
533,657,186,149,110,86,9,0,43
534,657,188,151,112,86,9,0,43
535,656,192,152,112,86,9,0,44
536,656,194,154,114,86,9,0,45
537,656,197,155,116,86,9,0,45
538,656,200,157,117,86,9,0,45
539,655,203,158,118,86,9,0,45
540,655,207,160,119,86,9,0,46
541,655,210,162,121,86,9,0,46
542,655,213,163,124,86,9,0,47
543,655,216,166,126,86,9,0,47
544,655,220,167,127,86,9,0,47
545,655,224,169,127,86,9,0,46
546,655,228,171,128,86,9,0,46
547,655,233,173,128,86,9,0,45
548,654,236,176,131,86,9,0,43
549,653,240,179,131,86,9,0,42
550,652,244,179,132,86,9,0,41
551,652,247,182,134,86,9,0,40
552,651,249,184,136,86,9,0,40
553,651,253,186,138,86,9,0,40
554,649,254,189,143,86,9,0,40
555,648,259,191,144,86,9,0,40
556,647,265,194,143,86,9,0,41
557,647,269,196,146,86,9,0,42
558,646,275,199,147,86,9,0,43
559,645,279,201,151,86,9,0,45
560,644,284,204,154,86,9,0,47
561,642,290,206,157,86,9,0,49
562,640,296,209,159,86,9,0,51
563,639,304,211,162,86,9,0,53
564,637,310,215,166,86,9,0,54
565,634,318,220,168,86,9,0,55
566,631,327,223,171,86,9,0,56
567,630,335,226,175,86,9,0,57
568,627,345,230,177,86,9,0,58
569,625,355,233,181,86,9,0,59
570,623,364,236,185,86,9,0,59
571,620,375,240,188,86,9,0,59
572,616,385,245,189,86,9,0,58
573,612,396,249,193,86,9,0,58
574,608,406,254,198,86,9,0,57
575,603,417,258,202,86,9,0,56
576,596,429,263,206,86,9,0,55
577,591,443,266,207,86,9,0,54
578,584,455,272,210,86,9,0,54
579,577,467,277,217,86,9,0,53
580,569,478,281,224,86,9,0,53
581,561,495,287,226,86,9,0,53
582,553,508,291,233,86,9,0,53
583,543,523,297,238,86,9,0,53
584,532,541,302,243,86,9,0,53
585,520,557,309,250,86,9,0,53
586,508,574,314,258,86,9,0,53
587,495,593,321,263,86,9,0,53
588,480,612,328,273,86,9,0,53
589,465,634,335,278,86,9,0,52
590,448,656,342,283,86,9,0,52
591,431,680,351,289,86,9,0,51
592,411,703,359,297,86,9,0,50
593,390,728,368,304,86,9,0,48
594,368,752,377,313,86,9,0,46
595,342,781,389,295,86,9,0,43
596,315,807,401,270,86,9,0,41
597,286,835,413,240,86,9,0,37
598,255,866,423,211,86,9,0,31
599,221,896,435,182,86,9,0,25
600,185,930,449,148,86,9,0,19
601,204,966,394,111,86,9,0,17
602,186,1006,372,73,86,9,0,16
603,175,1037,311,42,86,9,0,15
401,1545,124,33,78,87,9,0,27
402,1532,108,47,99,87,9,0,27
403,1518,104,61,109,87,9,0,27
404,1504,103,76,117,87,9,0,27
405,1489,98,91,127,87,9,0,27
406,1478,102,102,127,87,9,0,27
407,1465,104,114,129,87,9,0,27
408,1454,107,125,132,87,9,0,27
409,1442,109,137,133,87,9,0,27
410,1431,113,148,133,87,9,0,27
411,1420,115,159,132,87,9,0,27
412,1408,120,171,130,87,9,0,27
413,1398,121,181,131,87,9,0,27
414,1388,124,191,129,87,9,0,27
415,1379,127,199,128,87,9,0,25
416,1371,130,208,127,87,9,0,23
417,1363,132,216,126,87,9,0,20
418,1362,134,217,125,87,9,0,17
419,1361,135,218,124,87,9,0,15
420,1361,136,219,123,87,9,0,12
421,1361,139,214,120,87,9,0,12
422,1360,140,211,118,87,9,0,11
423,1326,141,242,121,87,9,0,12
424,1322,142,242,119,87,9,0,13
425,1318,142,243,121,87,9,0,15
426,1315,143,244,122,87,9,0,17
427,1313,144,245,121,87,9,0,17
428,1311,145,245,122,87,9,0,16
429,1310,145,245,121,87,9,0,13
430,1309,145,245,121,87,9,0,11
431,1308,145,245,121,87,9,0,8
432,1308,145,246,121,87,9,0,6
433,1309,145,246,122,87,9,0,4
434,1309,145,246,121,87,9,0,2
435,1309,145,245,122,87,9,0,2
436,1309,146,246,121,87,9,0,2
437,1309,146,246,121,87,9,0,1
438,1309,146,246,121,87,9,0,0
439,1309,146,246,121,87,9,0,0
440,1309,145,246,121,87,9,0,0
441,1309,146,245,121,87,9,0,0
442,1309,146,245,121,87,9,0,0
443,1309,146,246,121,87,9,0,0
444,1309,146,245,121,87,9,0,0
445,1309,146,245,121,87,9,0,0
446,1309,146,245,121,87,9,0,1
447,1309,145,246,121,87,9,0,2
448,1309,145,246,121,87,9,0,2
449,1308,145,246,121,87,9,0,2
450,1308,145,246,121,87,9,0,2
451,1308,145,246,121,87,9,0,2
452,1308,145,246,121,87,9,0,1
453,1308,145,246,121,87,9,0,0
454,1308,145,246,121,87,9,0,0
455,1309,145,245,121,87,9,0,0
456,1309,145,245,121,87,9,0,0
457,1309,145,245,121,87,9,0,1
458,1309,146,245,121,87,9,0,1
459,1309,146,245,121,87,9,0,1
460,1309,146,245,120,87,9,0,1
461,1309,146,245,120,87,9,0,1
462,1309,146,245,121,87,9,0,1
463,1309,146,245,121,87,9,0,0
464,1309,146,245,121,87,9,0,0
465,1309,146,245,121,87,9,0,0
466,1309,146,245,121,87,9,0,0
467,1309,146,245,121,87,9,0,0
468,1309,146,245,121,87,9,0,0
469,1309,146,245,121,87,9,0,0
470,1309,146,245,121,87,9,0,0
471,1309,145,245,122,87,9,0,0
472,1309,145,245,122,87,9,0,0
473,1309,145,245,121,87,9,0,1
474,1309,145,245,121,87,9,0,2
475,1309,145,245,120,87,9,0,3
476,1309,145,245,120,87,9,0,3
477,1309,145,245,121,87,9,0,3
478,1309,145,245,120,87,9,0,3
479,1309,145,245,120,87,9,0,3
480,1309,145,245,120,87,9,0,3
481,1309,146,245,121,87,9,0,3
482,1309,146,245,121,87,9,0,3
483,1309,146,245,121,87,9,0,3
484,1309,146,245,120,87,9,0,3
485,1309,146,245,120,87,9,0,2
486,1309,146,245,121,87,9,0,1
487,1309,146,245,121,87,9,0,0
488,1309,146,245,120,87,9,0,0
489,1309,145,245,121,87,9,0,0
490,1309,145,245,121,87,9,0,1
491,1309,145,245,121,87,9,0,2
492,1309,145,245,121,87,9,0,2
493,1309,145,245,120,87,9,0,2
494,1309,145,245,120,87,9,0,1
495,1309,145,245,120,87,9,0,0
496,1309,145,245,120,87,9,0,0
497,1309,145,245,121,87,9,0,0
498,1308,145,245,120,87,9,0,0
499,1308,145,246,120,87,9,0,0
500,1308,145,246,121,87,9,0,0
501,1308,145,246,121,87,9,0,0
502,1308,145,245,121,87,9,0,0
503,1308,145,246,121,87,9,0,1
504,1309,146,246,121,87,9,0,2
505,1309,146,245,121,87,9,0,2
506,1309,146,246,121,87,9,0,2
507,1309,146,245,121,87,9,0,2
508,1309,146,245,121,87,9,0,2
509,1309,146,246,121,87,9,0,2
510,1309,145,245,120,87,9,0,3
511,1308,145,246,120,87,9,0,3
512,1308,145,246,121,87,9,0,3
513,1308,145,246,121,87,9,0,4
514,1308,145,246,121,87,9,0,3
515,1308,144,246,121,87,9,0,3
516,1308,144,245,121,87,9,0,1
517,1308,144,245,121,87,9,0,1
518,1308,144,245,121,87,9,0,1
519,1308,144,245,121,87,9,0,1
520,1308,144,245,120,87,9,0,1
521,1308,144,245,120,87,9,0,1
522,1308,144,245,120,87,9,0,1
523,1308,145,245,120,87,9,0,1
524,1307,145,246,120,87,9,0,2
525,1307,146,247,120,87,9,0,3
526,1306,146,247,120,87,9,0,4
527,1305,146,247,120,87,9,0,4
528,1305,146,247,120,87,9,0,4
529,1304,147,247,120,87,9,0,3
530,1303,147,247,119,87,9,0,1
531,1301,147,247,119,87,9,0,1
532,1299,147,249,118,87,9,0,0
533,1295,148,249,118,87,9,0,0
534,1293,148,248,117,87,9,0,0
535,1289,149,249,117,87,9,0,1
536,1283,150,251,117,87,9,0,1
537,1277,151,251,115,87,9,0,2
538,1270,152,251,114,87,9,0,4
539,1264,153,251,113,87,9,0,6
540,1255,154,252,115,87,9,0,9
541,1246,156,251,114,87,9,0,11
542,1234,157,252,114,87,9,0,12
543,1224,158,253,114,87,9,0,14
544,1212,160,252,112,87,9,0,15
545,1200,162,251,111,87,9,0,16
546,1187,164,252,111,87,9,0,16
547,1175,165,250,111,87,9,0,16
548,1161,166,249,111,87,9,0,16
549,1148,168,247,109,87,9,0,17
550,1133,170,246,109,87,9,0,18
551,1117,171,223,110,87,9,0,18
552,1102,172,238,111,87,9,0,19
553,1085,174,242,110,87,9,0,20
554,1071,176,240,109,87,9,0,21
555,1054,177,238,110,87,9,0,21
556,1037,177,238,111,87,9,0,20
557,1021,178,235,112,87,9,0,20
558,1006,179,230,113,87,9,0,20
559,988,181,231,112,87,9,0,20
560,972,182,228,113,87,9,0,21
561,956,183,226,114,87,9,0,21
562,938,184,224,114,87,9,0,21
563,924,186,220,114,87,9,0,22
564,907,187,219,115,87,9,0,22
565,891,189,216,115,87,9,0,23
566,876,191,213,116,87,9,0,23
567,861,193,211,117,87,9,0,24
568,844,194,210,117,87,9,0,25
569,830,196,207,119,87,9,0,26
570,815,197,205,120,87,9,0,27
571,801,200,203,120,87,9,0,28
572,788,202,200,122,87,9,0,29
573,774,205,199,122,87,9,0,30
574,762,206,196,124,87,9,0,31
575,749,208,195,126,87,9,0,32
576,738,211,192,126,87,9,0,33
577,726,214,192,128,87,9,0,34
578,717,217,189,129,87,9,0,35
579,707,219,188,131,87,9,0,36
580,698,223,187,131,87,9,0,36
581,689,227,184,131,87,9,0,36
582,681,230,184,133,87,9,0,36
583,673,233,185,134,87,9,0,35
584,666,236,183,135,87,9,0,35
585,658,239,184,136,87,9,0,34
586,652,242,183,137,87,9,0,33
587,646,244,184,139,87,9,0,32
588,641,248,184,139,87,9,0,32
589,636,250,185,142,87,9,0,32
590,630,253,186,144,87,9,0,32
591,626,253,188,148,87,9,0,33
592,623,257,189,150,87,9,0,34
593,619,262,192,150,87,9,0,35
594,616,267,194,152,87,9,0,37
595,614,271,196,154,87,9,0,39
596,611,276,199,158,87,9,0,41
597,608,280,202,160,87,9,0,43
598,605,287,205,161,87,9,0,45
599,602,293,207,164,87,9,0,47
600,599,299,210,168,87,9,0,49
601,595,305,213,172,87,9,0,50
602,593,313,216,174,87,9,0,52
603,590,321,217,176,87,9,0,53
604,585,329,222,180,87,9,0,54
605,581,337,225,183,87,9,0,55
606,577,346,228,187,87,9,0,55
607,573,356,231,190,87,9,0,55
608,568,366,234,193,87,9,0,55
609,564,376,237,193,87,9,0,54
610,559,384,241,199,87,9,0,54
611,555,395,245,200,87,9,0,53
612,549,404,249,205,87,9,0,52
613,543,415,253,209,87,9,0,51
614,539,427,257,212,87,9,0,51
615,531,438,262,214,87,9,0,50
616,527,450,265,218,87,9,0,50
617,519,463,270,221,87,9,0,50
618,512,474,275,227,87,9,0,50
619,505,487,280,232,87,9,0,50
620,496,500,286,240,87,9,0,50
621,487,514,291,245,87,9,0,51
622,479,530,294,251,87,9,0,51
623,469,546,301,256,87,9,0,51
624,458,563,308,264,87,9,0,51
625,446,582,314,268,87,9,0,51
626,433,600,322,275,87,9,0,51
627,422,621,329,280,87,9,0,50
628,407,641,335,287,87,9,0,50
629,392,660,346,297,87,9,0,49
630,377,686,353,298,87,9,0,48
631,358,708,362,306,87,9,0,47
632,338,733,375,315,87,9,0,46
633,316,755,384,320,87,9,0,45
634,289,783,398,293,87,9,0,44
635,261,808,412,267,87,9,0,44
636,231,838,424,238,87,9,0,42
637,204,866,433,211,87,9,0,40
638,171,897,443,180,87,9,0,38
639,135,930,455,147,87,9,0,37
640,149,965,402,112,87,9,0,37
641,130,1003,375,75,87,9,0,37
642,114,1039,334,40,87,9,0,37
693,925,1009,426,68,89,7,5,8
694,884,978,549,99,89,7,5,8
695,879,951,564,125,89,7,5,8
696,894,923,553,155,89,7,5,8
697,906,896,542,181,89,7,5,8
698,917,871,532,205,89,7,5,8
699,927,847,524,228,89,7,5,8
700,937,825,513,249,89,7,5,8
701,948,801,501,274,89,7,5,8
702,954,782,492,296,89,7,5,8
703,961,761,483,311,89,7,5,8
704,967,741,475,332,89,7,5,6
705,956,722,482,350,89,7,5,4
706,976,704,458,370,89,7,5,3
707,979,686,452,388,89,7,5,4
708,982,670,443,395,89,7,5,7
709,984,652,437,391,89,7,5,12
710,986,636,429,383,89,7,5,17
711,988,618,421,377,89,7,5,22
712,988,602,416,371,89,7,5,26
713,989,589,409,363,89,7,5,30
714,989,575,402,355,89,7,5,32
715,987,560,397,350,89,7,5,34
716,986,546,391,343,89,7,5,35
717,984,532,385,338,89,7,5,36
718,982,520,378,331,89,7,5,36
719,979,508,374,326,89,7,5,37
720,976,497,368,321,89,7,5,37
721,974,484,362,316,89,7,5,37
722,970,474,357,310,89,7,5,37
723,966,463,352,306,89,7,5,37
724,961,452,347,301,89,7,5,37
725,958,442,340,296,89,7,5,38
726,953,432,337,292,89,7,5,38
727,950,423,334,288,89,7,5,38
728,945,414,329,283,89,7,5,38
729,940,406,326,278,89,7,5,38
730,935,399,322,274,89,7,5,38
731,930,388,318,272,89,7,5,38
732,927,381,313,267,89,7,5,38
733,922,372,310,265,89,7,5,38
734,917,366,307,260,89,7,5,38
735,913,359,303,256,89,7,5,38
736,911,352,299,253,89,7,5,39
737,907,344,295,250,89,7,5,39
738,904,337,293,247,89,7,5,39
739,900,329,288,244,89,7,5,40
740,897,322,287,241,89,7,5,40
741,894,315,281,239,89,7,5,40
742,892,311,280,234,89,7,5,40
743,891,304,275,232,89,7,5,41
744,889,297,274,229,89,7,5,41
745,888,290,272,227,89,7,5,41
746,888,288,269,221,89,7,5,41
747,887,282,265,220,89,7,5,41
748,886,276,262,218,89,7,5,41
749,885,271,259,216,89,7,5,40
750,883,267,256,212,89,7,5,39
751,882,262,252,210,89,7,5,39
752,880,258,250,208,89,7,5,38
753,879,254,246,206,89,7,5,38
754,877,250,245,203,89,7,5,38
755,874,246,243,201,89,7,5,37
756,872,242,240,199,89,7,5,37
757,870,239,238,196,89,7,5,37
758,868,235,236,195,89,7,5,37
759,865,231,234,193,89,7,5,37
760,863,228,231,191,89,7,5,36
761,861,225,228,189,89,7,5,36
762,858,222,226,187,89,7,5,36
763,856,218,224,186,89,7,5,36
764,851,215,224,183,89,7,5,37
765,849,212,221,181,89,7,5,37
766,847,208,220,179,89,7,5,38
767,846,205,216,177,89,7,5,38
768,842,202,218,175,89,7,5,38
769,842,200,213,174,89,7,5,38
770,842,198,211,172,89,7,5,37
771,842,194,209,171,89,7,5,36
772,842,192,207,169,89,7,5,35
773,841,190,206,167,89,7,5,35
774,841,188,204,165,89,7,5,35
775,841,185,202,164,89,7,5,35
776,842,182,200,163,89,7,5,35
777,843,179,197,162,89,7,5,35
778,843,177,196,160,89,7,5,36
779,844,175,194,158,89,7,5,36
780,845,173,192,156,89,7,5,36
781,846,171,190,155,89,7,5,36
782,846,168,189,154,89,7,5,36
783,847,166,187,153,89,7,5,36
784,847,163,186,151,89,7,5,36
785,847,161,185,150,89,7,5,37
786,847,159,183,148,89,7,5,37
787,848,157,181,147,89,7,5,38
788,848,154,180,146,89,7,5,39
789,848,151,179,146,89,7,5,39
790,848,149,177,144,89,7,5,40
791,848,146,176,143,89,7,5,41
792,848,145,175,141,89,7,5,41
793,848,142,174,140,89,7,5,41
794,849,141,172,138,89,7,5,41
795,848,139,173,137,89,7,5,40
796,848,137,170,137,89,7,5,38
797,849,136,168,135,89,7,5,36
798,849,135,166,134,89,7,5,35
799,850,134,165,133,89,7,5,33
800,850,132,164,132,89,7,5,33
801,851,131,162,131,89,7,5,32
802,851,129,161,130,89,7,5,32
803,851,127,161,130,89,7,5,32
804,852,125,160,129,89,7,5,33
805,853,124,158,128,89,7,5,33
806,853,121,156,128,89,7,5,34
807,853,120,156,127,89,7,5,35
808,854,118,146,126,89,7,5,36
809,855,117,143,125,89,7,5,36
810,855,114,142,125,89,7,5,37
811,854,113,142,124,89,7,5,37
812,854,112,143,122,89,7,5,37
813,852,111,141,121,89,7,5,36
814,851,110,142,120,89,7,5,35
815,851,108,140,120,89,7,5,35
816,852,108,138,119,89,7,5,34
817,852,106,138,118,89,7,5,34
818,850,104,137,118,89,7,5,34
819,849,103,137,117,89,7,5,34
820,850,99,136,118,89,7,5,35
821,850,95,135,121,89,7,5,36
822,853,94,129,120,89,7,5,37
823,850,93,130,118,89,7,5,38
824,856,94,123,115,89,7,5,39
825,857,95,120,112,89,7,5,40
826,855,94,121,110,89,7,5,40
827,855,92,118,110,89,7,5,40
828,854,90,117,110,89,7,5,40
829,853,89,117,109,89,7,5,39
830,847,87,120,109,89,7,5,38
831,848,86,118,109,89,7,5,37
832,849,86,116,107,89,7,5,36
833,842,85,121,106,89,7,5,37
834,840,84,121,106,89,7,5,37
835,841,82,118,105,89,7,5,38
836,845,81,112,104,89,7,5,39
837,845,80,111,104,89,7,5,39
838,845,79,110,102,89,7,5,40
839,843,78,110,102,89,7,5,40
840,843,77,109,101,89,7,5,41
841,841,76,109,100,89,7,5,40
842,839,75,109,99,89,7,5,39
843,838,75,108,98,89,7,5,38
844,838,74,107,98,89,7,5,37
845,836,73,107,97,89,7,5,36
846,834,72,108,97,89,7,5,36
847,834,70,108,97,89,7,5,37
848,835,70,106,95,89,7,5,37
849,833,68,105,95,89,7,5,38
850,832,67,105,95,89,7,5,38
851,831,66,105,95,89,7,5,38
852,832,65,103,94,89,7,5,37
853,831,65,105,93,89,7,5,35
854,828,64,110,93,89,7,5,34
855,824,64,111,92,89,7,5,33
856,823,63,109,91,89,7,5,33
857,824,62,104,91,89,7,5,32
858,823,62,105,90,89,7,5,30
859,826,62,101,89,89,7,5,28
860,825,62,101,89,89,7,5,25
861,825,62,101,89,89,7,5,22
862,823,62,102,88,89,7,5,21
863,824,62,99,87,89,7,5,19
864,824,61,96,87,89,7,5,20
865,822,62,96,85,89,7,5,21
866,820,61,96,85,89,7,5,22
867,818,61,97,84,89,7,5,23
868,815,62,99,84,89,7,5,22
869,817,62,96,83,89,7,5,21
870,815,62,99,83,89,7,5,20
871,815,62,97,82,89,7,5,19
872,815,62,96,81,89,7,5,17
873,813,62,98,81,89,7,5,18
874,814,62,97,80,89,7,5,19
875,813,61,94,79,89,7,5,20
876,812,61,92,79,89,7,5,20
877,811,62,93,79,89,7,5,19
878,811,62,94,78,89,7,5,19
879,810,62,92,78,89,7,5,15
880,809,62,89,78,89,7,5,11
881,808,63,88,76,89,7,5,7
882,806,64,90,76,89,7,5,5
883,806,64,87,76,89,7,5,4
884,798,64,93,75,89,7,5,3
885,797,65,93,75,89,7,5,5
886,798,65,91,75,89,7,5,6
887,798,66,91,75,89,7,5,9
888,798,66,90,75,89,7,5,9
889,799,67,88,74,89,7,5,11
890,795,67,90,74,89,7,5,9
891,798,69,87,72,89,7,5,7
892,798,69,83,72,89,7,5,4
893,794,70,90,71,89,7,5,2
894,796,70,86,71,89,7,5,1
895,795,71,85,70,89,7,5,1
896,794,71,85,70,89,7,5,1
897,791,71,85,70,89,7,5,1
898,788,71,86,70,89,7,5,1
899,787,72,85,69,89,7,5,1
900,786,73,84,68,89,7,5,1
901,788,73,80,68,89,7,5,2
902,785,74,83,67,89,7,5,2
903,785,74,82,66,89,7,5,2
904,784,75,83,66,89,7,5,1
905,786,75,79,66,89,7,5,1
906,786,76,79,65,89,7,5,1
907,782,75,83,65,89,7,5,2
908,781,76,83,64,89,7,5,2
909,780,77,83,64,89,7,5,2
910,779,78,81,63,89,7,5,1
911,779,78,82,63,89,7,5,2
912,778,78,82,63,89,7,5,4
913,778,79,81,62,89,7,5,5
914,780,80,79,62,89,7,5,4
915,780,80,77,61,89,7,5,2
916,778,82,77,59,89,7,5,1
917,781,82,71,59,89,7,5,1
918,779,82,72,59,89,7,5,2
919,778,83,71,57,89,7,5,2
920,775,83,75,58,89,7,5,3
921,774,83,74,57,89,7,5,2
922,777,83,71,57,89,7,5,2
923,776,83,71,57,89,7,5,2
924,774,84,72,56,89,7,5,3
925,772,84,74,56,89,7,5,3
926,770,84,74,56,89,7,5,4
927,771,84,71,55,89,7,5,4
928,772,85,69,54,89,7,5,5
929,769,84,72,55,89,7,5,5
930,770,84,71,55,89,7,5,4
931,770,84,69,55,89,7,5,3
932,769,84,69,55,89,7,5,2
933,769,83,68,56,89,7,5,2
934,768,84,69,56,89,7,5,3
935,767,84,70,56,89,7,5,3
936,768,85,68,55,89,7,5,3
937,765,87,69,53,89,7,5,3
938,764,88,70,52,89,7,5,3
939,763,88,72,52,89,7,5,3
940,762,89,72,51,89,7,5,2
941,761,89,72,51,89,7,5,2
942,762,89,71,51,89,7,5,1
943,763,90,69,51,89,7,5,2
944,761,91,71,50,89,7,5,1
945,762,92,68,49,89,7,5,3
946,760,92,69,48,89,7,5,3
947,758,94,69,47,89,7,5,4
948,756,94,71,46,89,7,5,2
949,754,95,72,45,89,7,5,2
950,752,96,73,45,89,7,5,1
951,754,95,70,45,89,7,5,1
952,754,95,69,45,89,7,5,1
953,752,96,70,44,89,7,5,1
954,752,96,69,44,89,7,5,1
955,753,96,68,44,89,7,5,1
956,751,97,68,43,89,7,5,3
957,751,97,69,43,89,7,5,4
958,734,95,66,47,89,7,5,8
959,732,94,67,47,89,7,5,8
960,730,93,67,49,89,7,5,8
961,729,92,66,49,89,7,5,6
962,728,91,66,49,89,7,5,5
963,727,89,66,50,89,7,5,5
964,725,89,67,51,89,7,5,5
965,723,86,65,54,89,7,5,5
966,721,86,65,55,89,7,5,7
967,720,85,66,54,89,7,5,10
968,718,84,66,53,89,7,5,17
969,716,81,66,55,89,7,5,26
970,716,80,65,55,89,7,5,35
971,714,79,64,54,89,7,5,39
972,712,78,65,53,89,7,5,41
973,709,78,66,53,89,7,5,41
974,707,77,66,52,89,7,5,41
975,706,76,65,52,89,7,5,40
976,706,74,63,53,89,7,5,38
977,704,72,64,54,89,7,5,37
978,702,71,63,54,89,7,5,38
979,700,70,63,54,89,7,5,38
980,698,68,62,54,89,7,5,39
981,695,67,64,54,89,7,5,40
982,696,65,62,54,89,7,5,42
983,691,64,64,54,89,7,5,45
984,689,64,64,53,89,7,5,47
985,687,62,64,53,89,7,5,49
986,686,61,62,52,89,7,5,51
987,685,59,61,53,89,7,5,52
988,683,59,61,51,89,7,5,52
989,683,59,61,50,89,7,5,50
990,682,60,59,48,89,7,5,47
991,681,63,59,45,89,7,5,45
992,683,69,54,37,89,7,5,43
993,681,54,57,51,89,7,5,42
994,680,53,57,51,89,7,5,40
995,681,52,56,51,89,7,5,41
996,681,50,55,52,89,7,5,38
997,682,50,54,52,89,7,5,37
998,682,49,54,52,89,7,5,35
999,683,47,54,53,89,7,5,35
1000,682,47,58,52,89,7,5,34
1001,683,47,59,51,89,7,5,35
1002,685,47,59,50,89,7,5,35
1003,685,47,59,50,89,7,5,37
1004,686,46,65,50,89,7,5,39
1005,688,45,66,49,89,7,5,40
1006,694,45,63,48,89,7,5,40
1007,700,45,63,47,89,7,5,40
1008,696,46,71,47,89,7,5,40
1009,700,45,73,48,89,7,5,33
1010,703,45,75,48,89,7,5,24
1011,704,45,80,48,89,7,5,14
1012,708,45,83,48,89,7,5,10
1013,713,45,85,48,89,7,5,9
1014,718,45,85,49,89,7,5,9
1015,723,46,89,48,89,7,5,12
1016,730,46,89,49,89,7,5,14
1017,735,47,92,49,89,7,5,16
1018,741,47,94,49,89,7,5,14
1019,749,48,94,47,89,7,5,12
1020,755,47,96,47,89,7,5,9
1021,763,48,97,47,89,7,5,13
1022,769,48,103,47,89,7,5,15
1023,798,48,104,47,89,7,5,20
958,1167,308,23,53,93,6,11,24
959,1173,307,26,52,93,6,11,22
960,1179,305,34,52,93,6,11,20
961,1186,305,38,51,93,6,11,18
962,1193,281,53,73,93,6,11,17
963,1205,299,34,53,93,6,11,16
964,1214,297,38,54,93,6,11,16
965,1226,291,33,57,93,6,11,15
966,1238,296,26,52,93,6,11,15
967,1244,281,41,64,93,6,11,16
968,1254,273,47,70,93,6,11,18
969,1264,287,36,53,93,6,11,19
970,1273,285,38,52,93,6,11,21
971,1286,281,34,54,93,6,11,22
972,1294,267,40,65,93,6,11,22
973,1307,282,22,49,93,6,11,21
974,1313,281,26,49,93,6,11,21
975,1322,283,17,45,93,6,11,20
979,1363,269,27,50,93,6,11,20
980,1370,268,35,49,93,6,11,20
981,1383,262,33,53,93,6,11,21
982,1392,257,30,55,93,6,11,22
983,1403,260,26,49,93,6,11,23
984,1410,259,23,48,93,6,11,25
985,1418,257,24,47,93,6,11,27
986,1425,254,23,47,93,6,11,29
987,1432,250,26,48,93,6,11,30
988,1441,250,25,46,93,6,11,31
989,1449,244,30,49,93,6,11,32
990,1456,243,30,47,93,6,11,33
991,1468,237,24,50,93,6,11,38
992,1478,238,21,48,93,6,11,41
993,1489,235,19,36,93,6,11,46
995,1503,228,20,42,93,6,11,45
996,1511,227,23,41,93,6,11,47
997,1518,223,26,44,93,6,11,49
998,1525,218,27,42,93,6,11,51
1001,1555,207,22,44,93,6,11,52
818,0,286,64,131,95,4,5,19
819,0,282,81,135,95,4,5,19
820,0,268,97,153,95,4,5,19
821,0,252,114,170,95,4,5,19
822,0,243,132,180,95,4,5,19
823,0,237,148,188,95,4,5,19
824,0,237,166,190,95,4,5,19
825,0,220,183,210,95,4,5,19
826,0,218,200,212,95,4,5,19
827,0,220,217,212,95,4,5,19
828,0,221,234,216,95,4,5,19
829,0,222,249,217,95,4,5,19
830,0,220,265,221,95,4,5,19
831,0,220,280,223,95,4,5,19
832,0,216,300,228,95,4,5,19
833,0,214,318,233,95,4,5,19
834,0,211,335,238,95,4,5,19
835,0,211,351,240,95,4,5,19
836,0,231,368,222,95,4,5,19
837,0,235,385,220,95,4,5,19
838,0,234,405,223,95,4,5,19
839,0,236,423,223,95,4,5,19
840,0,216,442,245,95,4,5,19
841,0,222,461,242,95,4,5,19
842,0,247,479,219,95,4,5,19
843,0,250,498,219,95,4,5,19
844,18,251,499,219,95,4,5,18
845,40,251,496,222,95,4,5,17
846,60,253,496,223,95,4,5,16
847,80,252,495,225,95,4,5,15
848,103,252,490,228,95,4,5,15
849,124,255,486,225,95,4,5,14
850,144,260,484,223,95,4,5,14
851,167,261,478,225,95,4,5,14
852,190,262,472,226,95,4,5,14
853,210,260,468,230,95,4,5,14
854,232,262,462,231,95,4,5,15
855,253,270,457,226,95,4,5,15
856,272,272,453,227,95,4,5,16
857,293,273,447,228,95,4,5,16
858,315,276,439,230,95,4,5,17
859,335,278,433,231,95,4,5,17
860,355,280,427,232,95,4,5,18
861,374,282,421,234,95,4,5,18
862,393,285,413,234,95,4,5,18
863,412,287,404,236,95,4,5,18
864,430,289,395,238,95,4,5,18
865,445,290,388,240,95,4,5,18
866,462,292,379,243,95,4,5,19
867,477,297,372,242,95,4,5,19
868,492,301,364,243,95,4,5,19
869,506,304,356,244,95,4,5,19
870,518,306,350,245,95,4,5,19
871,530,309,343,246,95,4,5,19
872,542,312,336,247,95,4,5,18
873,553,314,329,250,95,4,5,18
874,563,316,324,251,95,4,5,17
875,572,319,320,252,95,4,5,17
876,580,321,316,255,95,4,5,18
877,588,326,314,255,95,4,5,18
878,596,330,312,257,95,4,5,18
879,603,335,310,257,95,4,5,19
880,610,336,309,261,95,4,5,19
881,617,340,308,262,95,4,5,20
882,621,345,307,264,95,4,5,20
883,624,349,308,265,95,4,5,21
884,628,353,310,268,95,4,5,21
885,629,357,313,269,95,4,5,21
886,632,361,315,272,95,4,5,21
887,633,366,317,274,95,4,5,21
888,634,370,319,276,95,4,5,21
889,635,375,322,277,95,4,5,21
890,637,379,323,281,95,4,5,21
891,637,383,325,285,95,4,5,22
892,638,390,327,284,95,4,5,22
893,654,396,314,287,95,4,5,23
894,638,400,331,291,95,4,5,23
895,635,406,336,293,95,4,5,23
896,633,411,339,295,95,4,5,23
897,631,416,342,299,95,4,5,23
898,628,420,345,303,95,4,5,23
899,625,426,348,306,95,4,5,23
900,622,433,350,309,95,4,5,24
901,618,441,353,312,95,4,5,24
902,613,448,357,315,95,4,5,24
903,608,455,360,318,95,4,5,25
904,602,462,364,322,95,4,5,25
905,595,468,368,327,95,4,5,25
906,589,475,371,332,95,4,5,25
907,581,485,376,334,95,4,5,25
908,574,494,378,337,95,4,5,26
909,566,502,382,343,95,4,5,26
910,557,511,386,349,95,4,5,26
911,548,520,390,353,95,4,5,26
912,538,529,394,359,95,4,5,27
913,529,540,399,363,95,4,5,27
914,517,551,405,367,95,4,5,27
915,507,561,409,372,95,4,5,27
916,496,572,414,378,95,4,5,27
917,485,583,420,382,95,4,5,26
918,473,595,424,385,95,4,5,26
919,461,607,429,391,95,4,5,26
920,448,618,434,396,95,4,5,26
921,434,633,442,401,95,4,5,25
922,419,646,447,407,95,4,5,24
923,404,658,453,410,95,4,5,23
924,387,671,461,404,95,4,5,22
925,371,687,466,388,95,4,5,19
926,353,699,476,376,95,4,5,16
927,335,715,483,356,95,4,5,11
928,316,730,491,342,95,4,5,8
929,294,745,503,330,95,4,5,5
930,274,762,510,312,95,4,5,4
931,249,780,521,294,95,4,5,3
932,228,795,531,280,95,4,5,2
933,203,813,541,262,95,4,5,2
934,177,832,552,243,95,4,5,2
935,151,853,561,223,95,4,5,2
936,125,873,573,202,95,4,5,2
937,100,894,578,181,95,4,5,2
938,140,916,520,158,95,4,5,2
939,123,938,517,138,95,4,5,2
940,101,961,520,115,95,4,5,2
941,81,988,512,90,95,4,5,2
942,62,1015,497,62,95,4,5,2
1037,822,109,65,33,102,6,0,8
1038,816,109,76,34,102,6,0,6
1039,813,109,77,34,102,6,0,5
1040,807,109,81,34,102,6,0,3
1041,802,109,82,34,102,6,0,3
1042,793,108,90,35,102,6,0,2
1043,789,108,93,35,102,6,0,2
1044,785,108,97,34,102,6,0,2
1045,781,108,99,34,102,6,0,4
1046,776,108,101,35,102,6,0,4
1047,771,109,104,35,102,6,0,4
1048,767,108,98,35,102,6,0,3
1049,761,108,96,34,102,6,0,3
1050,756,108,95,35,102,6,0,3
1051,751,108,96,35,102,6,0,5
1052,747,108,92,35,102,6,0,7
1053,727,109,86,34,102,6,0,9
1054,723,109,83,33,102,6,0,9
1055,719,109,81,34,102,6,0,10
1056,715,110,78,33,102,6,0,11
1057,702,111,74,32,102,6,0,11
1058,701,111,70,33,102,6,0,11
1059,693,111,69,32,102,6,0,10
1060,689,111,68,32,102,6,0,9
1061,686,111,67,32,102,6,0,8
1062,675,111,61,32,102,6,0,9
1063,668,112,58,32,102,6,0,10
1064,660,111,55,33,102,6,0,9
1065,656,111,51,33,102,6,0,8
1066,654,111,44,32,102,6,0,6
1067,654,107,42,36,102,6,0,5
1068,658,103,59,40,102,6,0,7
1069,662,102,64,41,102,6,0,9
1070,665,102,65,41,102,6,0,10
1071,666,101,67,41,102,6,0,8
1072,670,101,67,42,102,6,0,7
1073,674,101,67,42,102,6,0,6
1074,677,101,68,42,102,6,0,5
1075,680,101,69,42,102,6,0,4
1076,684,100,68,42,102,6,0,4
1077,688,100,68,42,102,6,0,4
1078,691,99,68,43,102,6,0,4
1079,694,100,67,43,102,6,0,3
1080,695,98,69,44,102,6,0,3
1081,699,97,68,45,102,6,0,3
1082,700,98,68,45,102,6,0,2
1083,700,97,71,45,102,6,0,2
1084,702,97,70,45,102,6,0,1
1085,703,97,70,45,102,6,0,1
1086,704,97,71,45,102,6,0,1
1087,708,97,68,45,102,6,0,2
1088,709,97,68,46,102,6,0,2
1089,712,96,71,47,102,6,0,3
1090,716,94,72,49,102,6,0,2
1091,722,93,75,49,102,6,0,2
1092,725,92,75,51,102,6,0,2
1093,728,91,76,52,102,6,0,2
1094,729,91,75,53,102,6,0,2
1095,729,90,76,53,102,6,0,2
1096,730,90,77,53,102,6,0,2
1097,730,90,78,54,102,6,0,2
1098,731,89,79,54,102,6,0,1
1099,731,88,79,55,102,6,0,1
1100,731,89,80,55,102,6,0,0
1101,731,88,81,56,102,6,0,1
1102,731,87,81,56,102,6,0,1
1103,731,87,81,56,102,6,0,1
1104,732,86,81,57,102,6,0,1
1105,732,86,81,57,102,6,0,1
1106,732,85,81,58,102,6,0,1
1107,730,84,84,59,102,6,0,3
1108,729,83,85,61,102,6,0,9
1109,728,84,89,62,102,6,0,17
1110,725,84,92,64,102,6,0,23
1111,724,84,92,66,102,6,0,28
1112,723,83,93,67,102,6,0,33
1113,723,85,93,67,102,6,0,37
1114,722,86,94,67,102,6,0,40
1115,721,86,95,69,102,6,0,42
1116,720,89,96,69,102,6,0,45
1117,719,89,98,71,102,6,0,47
1118,719,91,99,71,102,6,0,50
1119,719,92,100,72,102,6,0,51
1120,719,94,100,72,102,6,0,50
1121,719,95,100,73,102,6,0,49
1122,719,95,101,74,102,6,0,47
1123,717,97,102,75,102,6,0,47
1124,717,98,104,76,102,6,0,47
1125,718,100,104,76,102,6,0,48
1126,717,102,105,77,102,6,0,49
1127,716,104,107,77,102,6,0,50
1128,717,105,107,78,102,6,0,55
1129,716,107,108,79,102,6,0,61
1130,715,113,109,81,102,6,0,68
1131,714,115,113,82,102,6,0,72
1132,714,118,113,82,102,6,0,74
1133,713,119,114,84,102,6,0,76
1134,712,120,116,86,102,6,0,73
1135,711,123,117,87,102,6,0,68
1136,710,125,118,88,102,6,0,62
1137,710,129,118,87,102,6,0,60
1138,708,130,121,89,102,6,0,58
1139,707,133,122,89,102,6,0,56
1140,705,136,123,89,102,6,0,55
1141,704,138,125,90,102,6,0,54
1142,703,141,125,91,102,6,0,54
1143,700,144,128,91,102,6,0,54
1144,698,147,131,92,102,6,0,55
1145,697,150,131,93,102,6,0,55
1146,695,151,134,95,102,6,0,56
1147,694,154,134,97,102,6,0,58
1148,692,157,135,99,102,6,0,59
1149,691,160,134,100,102,6,0,60
1150,689,163,134,101,102,6,0,60
1151,686,167,137,102,102,6,0,60
1152,684,170,139,104,102,6,0,59
1153,682,173,141,104,102,6,0,57
1154,680,175,142,106,102,6,0,55
1155,678,178,145,107,102,6,0,54
1156,677,180,146,110,102,6,0,53
1157,674,184,148,111,102,6,0,53
1158,672,188,149,112,102,6,0,54
1159,670,192,152,114,102,6,0,55
1160,668,196,153,115,102,6,0,56
1161,665,199,156,117,102,6,0,57
1162,663,203,158,120,102,6,0,58
1163,659,208,161,121,102,6,0,59
1164,657,211,163,124,102,6,0,59
1165,656,216,164,126,102,6,0,60
1166,653,221,167,127,102,6,0,60
1167,649,225,169,130,102,6,0,59
1168,647,230,171,131,102,6,0,58
1169,643,235,175,132,102,6,0,56
1170,641,240,176,133,102,6,0,54
1171,637,244,180,135,102,6,0,52
1172,634,249,182,136,102,6,0,51
1173,631,253,186,138,102,6,0,50
1174,629,255,188,144,102,6,0,50
1175,625,261,192,144,102,6,0,50
1176,623,266,194,148,102,6,0,51
1177,620,272,198,149,102,6,0,53
1178,617,278,201,153,102,6,0,55
1179,614,284,204,158,102,6,0,57
1180,609,291,210,161,102,6,0,60
1181,606,301,212,165,102,6,0,63
1182,603,310,215,167,102,6,0,66
1183,599,320,218,172,102,6,0,68
1184,594,331,223,175,102,6,0,70
1185,589,344,228,176,102,6,0,71
1186,585,355,232,184,102,6,0,73
1187,580,368,236,187,102,6,0,73
1188,575,382,242,189,102,6,0,72
1189,571,395,246,194,102,6,0,72
1190,566,406,250,199,102,6,0,71
1191,560,420,256,205,102,6,0,70
1192,555,435,262,208,102,6,0,68
1193,548,451,269,212,102,6,0,67
1194,543,467,274,218,102,6,0,66
1195,536,481,281,224,102,6,0,65
1196,531,499,287,230,102,6,0,65
1197,524,517,294,236,102,6,0,65
1198,517,536,300,244,102,6,0,65
1199,507,558,308,251,102,6,0,65
1200,496,579,317,259,102,6,0,65
1201,484,603,325,266,102,6,0,65
1202,471,628,331,275,102,6,0,64
1203,456,654,340,283,102,6,0,64
1204,437,683,350,290,102,6,0,63
1205,419,712,360,298,102,6,0,61
1206,399,743,369,306,102,6,0,59
1207,374,774,380,302,102,6,0,56
1208,345,805,392,271,102,6,0,54
1209,315,839,405,236,102,6,0,52
1210,280,876,421,200,102,6,0,47
1211,242,913,437,162,102,6,0,43
1212,257,955,398,122,102,6,0,40
1213,239,999,372,78,102,6,0,39
1421,982,737,379,311,105,7,8,53
1422,986,714,371,300,105,7,8,53
1423,989,688,362,292,105,7,8,53
1424,991,663,354,285,105,7,8,53
1425,992,639,347,278,105,7,8,53
1426,994,618,339,271,105,7,8,53
1427,996,598,331,265,105,7,8,53
1428,997,577,324,260,105,7,8,53
1429,998,561,317,252,105,7,8,53
1430,999,543,310,246,105,7,8,53
1431,999,526,304,242,105,7,8,53
1432,999,511,298,235,105,7,8,53
1433,999,495,293,230,105,7,8,54
1434,998,479,287,226,105,7,8,54
1435,995,466,283,221,105,7,8,54
1436,993,451,277,219,105,7,8,54
1437,990,439,272,213,105,7,8,54
1438,988,427,266,208,105,7,8,55
1439,985,415,262,205,105,7,8,55
1440,983,402,258,202,105,7,8,56
1441,980,391,255,197,105,7,8,56
1442,977,382,251,194,105,7,8,56
1443,975,371,246,191,105,7,8,56
1444,972,361,242,187,105,7,8,56
1445,969,351,239,185,105,7,8,56
1446,967,342,236,182,105,7,8,56
1447,965,334,231,179,105,7,8,56
1448,963,325,228,177,105,7,8,56
1449,961,318,224,172,105,7,8,56
1450,960,311,220,171,105,7,8,55
1451,957,303,217,168,105,7,8,55
1452,954,296,214,166,105,7,8,54
1453,952,290,211,163,105,7,8,53
1454,949,285,208,161,105,7,8,52
1455,946,279,206,158,105,7,8,51
1456,944,274,204,156,105,7,8,50
1457,944,269,199,154,105,7,8,49
1458,941,263,198,153,105,7,8,48
1459,939,258,195,151,105,7,8,48
1460,937,254,193,148,105,7,8,48
1461,936,249,189,146,105,7,8,48
1462,934,244,188,144,105,7,8,49
1463,931,241,186,142,105,7,8,49
1464,930,236,183,139,105,7,8,50
1465,927,232,181,138,105,7,8,50
1466,925,228,178,136,105,7,8,49
1467,922,224,177,135,105,7,8,49
1468,920,221,175,132,105,7,8,49
1469,919,216,173,131,105,7,8,49
1470,917,212,170,130,105,7,8,50
1471,915,208,168,128,105,7,8,50
1472,913,204,166,126,105,7,8,51
1473,911,201,165,125,105,7,8,51
1474,911,198,163,123,105,7,8,51
1475,910,194,161,122,105,7,8,51
1476,908,191,160,119,105,7,8,51
1477,907,188,157,118,105,7,8,52
1478,905,184,156,117,105,7,8,52
1479,904,181,154,115,105,7,8,53
1480,902,177,152,114,105,7,8,53
1481,901,175,150,112,105,7,8,53
1482,899,171,150,111,105,7,8,53
1483,898,168,148,111,105,7,8,52
1484,896,166,146,109,105,7,8,51
1485,895,164,145,108,105,7,8,49
1486,893,162,144,107,105,7,8,47
1487,891,161,143,105,105,7,8,45
1488,889,158,142,104,105,7,8,44
1489,888,156,140,103,105,7,8,43
1490,887,154,138,102,105,7,8,43
1491,887,151,136,102,105,7,8,44
1492,886,147,135,102,105,7,8,45
1493,883,145,133,101,105,7,8,46
1494,882,143,131,99,105,7,8,47
1495,880,141,131,99,105,7,8,48
1496,879,139,130,98,105,7,8,48
1497,877,138,128,95,105,7,8,48
1498,875,136,126,95,105,7,8,47
1499,873,135,127,93,105,7,8,47
1500,872,132,126,93,105,7,8,46
1501,870,130,125,93,105,7,8,46
1502,869,127,122,93,105,7,8,46
1503,868,126,120,91,105,7,8,46
1504,868,125,116,89,105,7,8,47
1505,868,123,113,89,105,7,8,49
1506,867,120,112,88,105,7,8,49
1507,865,118,111,88,105,7,8,49
1508,865,116,109,88,105,7,8,49
1509,864,113,109,88,105,7,8,50
1510,863,112,108,86,105,7,8,49
1511,862,110,107,86,105,7,8,49
1512,862,109,105,84,105,7,8,49
1513,861,105,104,86,105,7,8,50
1514,860,100,103,88,105,7,8,50
1515,859,101,102,85,105,7,8,50
1516,858,101,101,83,105,7,8,51
1517,857,98,100,83,105,7,8,51
1518,856,96,100,82,105,7,8,51
1519,855,95,99,81,105,7,8,50
1520,854,94,98,80,105,7,8,50
1521,853,93,97,80,105,7,8,49
1522,852,91,96,80,105,7,8,49
1523,849,89,98,80,105,7,8,47
1524,850,89,96,77,105,7,8,46
1525,848,90,96,75,105,7,8,46
1526,848,88,95,75,105,7,8,45
1527,847,84,94,77,105,7,8,44
1528,847,83,92,77,105,7,8,42
1529,846,84,92,75,105,7,8,41
1530,846,83,92,74,105,7,8,41
1531,845,82,92,73,105,7,8,40
1532,845,81,90,73,105,7,8,40
1533,844,80,88,72,105,7,8,40
1534,843,79,88,72,105,7,8,40
1535,843,79,87,71,105,7,8,38
1536,842,78,86,71,105,7,8,36
1537,842,78,86,70,105,7,8,33
1538,841,78,86,69,105,7,8,30
1539,841,78,87,68,105,7,8,27
1540,840,78,87,68,105,7,8,24
1541,840,78,87,67,105,7,8,21
1542,839,78,88,67,105,7,8,18
1543,839,78,88,67,105,7,8,16
1544,839,78,88,66,105,7,8,16
1545,839,78,87,65,105,7,8,15
1546,839,78,87,64,105,7,8,15
1547,838,79,86,64,105,7,8,16
1548,838,79,84,63,105,7,8,17
1549,836,78,83,63,105,7,8,17
1550,835,77,82,63,105,7,8,15
1551,834,78,80,62,105,7,8,14
1552,833,79,80,62,105,7,8,11
1553,831,79,81,62,105,7,8,9
1554,829,79,83,62,105,7,8,5
1555,829,79,82,62,105,7,8,4
1556,828,80,82,61,105,7,8,3
1557,826,80,83,61,105,7,8,3
1558,826,80,84,60,105,7,8,3
1559,824,80,85,61,105,7,8,3
1560,823,81,78,59,105,7,8,3
1561,821,82,78,59,105,7,8,2
1562,818,84,78,57,105,7,8,2
1563,816,83,78,57,105,7,8,2
1564,814,85,78,55,105,7,8,3
1565,813,85,77,55,105,7,8,4
1566,811,84,76,57,105,7,8,4
1567,809,84,78,57,105,7,8,3
1568,807,84,75,57,105,7,8,5
1569,806,84,73,57,105,7,8,5
1570,805,85,73,57,105,7,8,6
1571,804,85,71,55,105,7,8,4
1572,804,86,69,54,105,7,8,4
1573,803,87,69,53,105,7,8,3
1574,802,87,69,53,105,7,8,4
1575,801,87,68,53,105,7,8,6
1576,802,86,64,53,105,7,8,8
1577,801,86,64,53,105,7,8,8
1578,801,87,63,52,105,7,8,7
1579,800,89,62,50,105,7,8,5
1580,800,91,61,49,105,7,8,3
1581,800,92,60,48,105,7,8,2
1582,801,91,58,48,105,7,8,1
1583,801,91,57,48,105,7,8,1
1584,802,91,54,48,105,7,8,4
1585,803,91,53,47,105,7,8,7
1586,802,89,52,49,105,7,8,8
1587,802,89,50,49,105,7,8,6
1588,805,94,47,44,105,7,8,3
1589,805,92,47,47,105,7,8,3
1590,806,93,45,46,105,7,8,5
1591,806,91,45,48,105,7,8,7
1592,808,90,41,50,105,7,8,6
1593,807,86,42,53,105,7,8,5
1594,809,91,40,48,105,7,8,4
1595,810,95,39,43,105,7,8,5
1596,810,100,36,38,105,7,8,6
1597,810,97,36,41,105,7,8,7
1598,808,93,37,44,105,7,8,7
1599,808,92,37,45,105,7,8,7
1600,809,93,29,44,105,7,8,6
1601,809,96,29,41,105,7,8,5
1602,810,96,27,42,105,7,8,3
1603,809,96,27,41,105,7,8,3
1605,810,98,24,40,105,7,8,2
1606,810,98,24,39,105,7,8,1
1607,809,99,23,39,105,7,8,1
1608,808,100,24,37,105,7,8,1
1609,809,102,22,36,105,7,8,3
1610,809,103,22,35,105,7,8,6
1617,809,108,27,32,105,7,8,7
1618,805,107,32,34,105,7,8,8
1619,805,107,32,33,105,7,8,8
1620,802,107,39,33,105,7,8,8
1621,800,107,42,34,105,7,8,7
1622,802,108,43,33,105,7,8,6
1623,798,108,49,33,105,7,8,5
1624,799,109,54,33,105,7,8,4
1625,800,108,55,33,105,7,8,3
1626,803,109,56,32,105,7,8,2
1627,806,109,58,31,105,7,8,3
1628,811,111,57,30,105,7,8,3
1629,816,112,57,28,105,7,8,3
1565,933,963,488,115,111,9,1,14
1566,947,927,475,151,111,9,1,14
1567,959,884,462,193,111,9,1,14
1568,969,851,448,226,111,9,1,14
1569,978,819,435,258,111,9,1,14
1570,984,788,424,290,111,9,1,14
1571,990,758,413,317,111,9,1,14
1572,993,726,403,335,111,9,1,17
1573,995,703,393,348,111,9,1,23
1574,997,676,383,340,111,9,1,30
1575,998,652,374,331,111,9,1,36
1576,998,626,366,325,111,9,1,40
1577,998,604,358,315,111,9,1,44
1578,996,581,350,308,111,9,1,47
1579,994,562,342,302,111,9,1,50
1580,991,546,335,292,111,9,1,51
1581,989,526,327,287,111,9,1,52
1582,986,510,321,280,111,9,1,53
1583,981,493,314,274,111,9,1,53
1584,978,477,308,268,111,9,1,54
1585,973,462,302,263,111,9,1,54
1586,969,448,297,257,111,9,1,55
1587,965,433,290,253,111,9,1,55
1588,960,419,286,251,111,9,1,55
1589,957,408,281,243,111,9,1,55
1590,953,397,275,238,111,9,1,55
1591,950,385,270,235,111,9,1,55
1592,947,371,267,232,111,9,1,56
1593,944,362,261,227,111,9,1,56
1594,942,352,258,223,111,9,1,56
1595,941,342,253,219,111,9,1,56
1596,938,333,250,215,111,9,1,56
1597,937,323,245,212,111,9,1,57
1598,936,313,241,210,111,9,1,57
1599,936,305,238,205,111,9,1,57
1600,935,298,233,202,111,9,1,57
1601,935,290,231,199,111,9,1,57
1602,935,284,226,196,111,9,1,56
1603,935,276,223,193,111,9,1,56
1604,935,269,220,191,111,9,1,55
1605,935,262,217,190,111,9,1,54
1606,935,259,214,185,111,9,1,53
1607,935,253,211,182,111,9,1,52
1608,935,248,209,180,111,9,1,51
1609,935,242,206,178,111,9,1,50
1610,935,238,203,176,111,9,1,49
1611,935,234,200,174,111,9,1,49
1612,936,229,197,171,111,9,1,48
1613,936,226,195,168,111,9,1,47
1614,936,222,192,166,111,9,1,47
1615,936,218,189,164,111,9,1,47
1616,936,214,187,162,111,9,1,47
1617,934,211,185,159,111,9,1,47
1618,934,208,183,156,111,9,1,47
1619,934,205,180,155,111,9,1,47
1620,933,201,178,152,111,9,1,48
1621,933,196,176,151,111,9,1,49
1622,933,192,174,149,111,9,1,50
1623,932,189,172,147,111,9,1,51
1624,931,186,170,144,111,9,1,52
1625,930,182,168,143,111,9,1,53
1626,929,178,166,141,111,9,1,52
1627,927,176,165,139,111,9,1,52
1628,926,172,162,138,111,9,1,52
1629,924,168,161,136,111,9,1,52
1630,922,166,160,134,111,9,1,52
1631,921,162,157,134,111,9,1,53
1632,919,159,156,132,111,9,1,54
1633,917,156,154,130,111,9,1,54
1634,915,153,153,129,111,9,1,54
1635,913,150,152,128,111,9,1,53
1636,912,149,149,125,111,9,1,51
1637,909,145,149,126,111,9,1,49
1638,907,144,148,124,111,9,1,47
1639,906,143,147,122,111,9,1,45
1640,905,141,144,121,111,9,1,43
1641,904,139,142,120,111,9,1,42
1642,903,139,141,117,111,9,1,42
1643,900,138,139,114,111,9,1,43
1644,900,137,138,113,111,9,1,43
1645,897,131,138,115,111,9,1,45
1646,896,130,136,113,111,9,1,46
1647,894,127,135,112,111,9,1,47
1648,893,124,134,112,111,9,1,48
1649,891,121,132,112,111,9,1,48
1650,890,121,130,110,111,9,1,48
1651,888,120,126,107,111,9,1,48
1652,886,120,127,105,111,9,1,47
1653,885,119,124,103,111,9,1,46
1654,884,116,120,103,111,9,1,46
1655,884,115,117,102,111,9,1,46
1656,885,113,114,101,111,9,1,47
1657,881,111,114,100,111,9,1,47
1658,882,108,110,100,111,9,1,48
1659,882,106,109,100,111,9,1,48
1660,878,103,110,100,111,9,1,48
1661,876,102,110,99,111,9,1,48
1662,875,97,110,102,111,9,1,46
1663,875,93,107,104,111,9,1,45
1664,874,95,105,100,111,9,1,44
1665,872,95,106,97,111,9,1,44
1666,873,94,103,96,111,9,1,44
1667,870,92,103,96,111,9,1,45
1668,863,91,108,94,111,9,1,46
1669,863,92,108,91,111,9,1,47
1670,861,89,107,92,111,9,1,49
1671,860,87,105,91,111,9,1,49
1672,859,86,105,90,111,9,1,48
1673,859,84,105,91,111,9,1,48
1674,858,82,103,91,111,9,1,47
1675,860,82,99,88,111,9,1,45
1676,859,80,98,89,111,9,1,42
1677,859,79,97,90,111,9,1,39
1678,860,79,94,88,111,9,1,38
1679,859,78,94,87,111,9,1,37
1680,860,79,91,85,111,9,1,36
1681,859,78,90,84,111,9,1,37
1682,858,77,90,83,111,9,1,38
1683,858,76,90,83,111,9,1,38
1684,858,76,91,82,111,9,1,37
1685,857,75,89,81,111,9,1,36
1686,857,74,88,82,111,9,1,35
1687,857,73,88,81,111,9,1,34
1688,857,72,87,80,111,9,1,32
1689,856,72,87,80,111,9,1,30
1690,855,71,87,80,111,9,1,29
1691,854,71,87,80,111,9,1,26
1692,854,70,87,80,111,9,1,24
1693,853,70,84,79,111,9,1,22
1694,853,70,83,78,111,9,1,21
1695,852,70,84,77,111,9,1,20
1696,850,70,85,77,111,9,1,19
1697,849,70,84,76,111,9,1,18
1698,848,70,85,76,111,9,1,17
1699,849,70,84,76,111,9,1,16
1700,849,70,81,75,111,9,1,15
1701,848,70,80,74,111,9,1,15
1702,847,70,82,74,111,9,1,15
1703,847,71,81,72,111,9,1,15
1704,846,70,80,72,111,9,1,15
1705,845,71,82,72,111,9,1,14
1706,843,71,82,72,111,9,1,13
1707,842,71,82,71,111,9,1,10
1708,840,72,82,70,111,9,1,7
1709,838,73,86,70,111,9,1,4
1710,837,73,83,69,111,9,1,3
1711,834,74,80,69,111,9,1,2
1712,834,74,78,68,111,9,1,2
1713,830,76,81,67,111,9,1,2
1714,827,75,80,67,111,9,1,1
1715,828,76,79,66,111,9,1,2
1716,826,75,78,67,111,9,1,1
1717,823,76,75,66,111,9,1,3
1718,820,76,77,66,111,9,1,3
1719,819,76,75,65,111,9,1,3
1720,818,78,74,64,111,9,1,2
1721,815,78,75,64,111,9,1,1
1722,814,79,77,63,111,9,1,3
1723,812,79,76,63,111,9,1,3
1724,811,80,78,63,111,9,1,4
1725,809,80,75,62,111,9,1,2
1726,808,80,76,62,111,9,1,2
1727,807,80,77,62,111,9,1,1
1728,806,81,75,61,111,9,1,2
1729,803,81,77,61,111,9,1,2
1730,803,82,76,59,111,9,1,2
1731,802,83,76,59,111,9,1,1
1732,801,83,74,59,111,9,1,1
1733,801,83,73,59,111,9,1,1
1734,799,84,73,59,111,9,1,2
1735,798,84,74,58,111,9,1,2
1736,797,85,74,57,111,9,1,3
1737,797,85,70,57,111,9,1,2
1738,796,85,70,57,111,9,1,3
1739,795,85,70,56,111,9,1,4
1740,792,87,71,54,111,9,1,5
1741,790,87,71,54,111,9,1,6
1742,790,86,71,55,111,9,1,6
1743,789,87,71,54,111,9,1,4
1744,789,88,71,54,111,9,1,2
1745,789,90,71,51,111,9,1,1
1746,790,89,68,53,111,9,1,1
1747,788,89,67,53,111,9,1,1
1748,786,90,69,51,111,9,1,1
1749,786,90,67,51,111,9,1,1
1750,786,89,66,53,111,9,1,1
1751,785,89,66,53,111,9,1,1
1752,784,90,66,51,111,9,1,1
1753,784,90,66,51,111,9,1,1
1754,783,89,66,52,111,9,1,0
1755,781,89,67,52,111,9,1,2
1756,780,89,68,52,111,9,1,2
1757,779,89,68,52,111,9,1,3
1758,779,90,66,51,111,9,1,2
1759,778,92,67,50,111,9,1,2
1760,777,92,67,49,111,9,1,1
1761,776,92,65,49,111,9,1,1
1762,777,93,64,48,111,9,1,1
1763,775,93,64,48,111,9,1,1
1764,774,94,63,48,111,9,1,1
1765,774,94,63,47,111,9,1,2
1766,772,94,64,48,111,9,1,3
1767,772,95,62,47,111,9,1,5
1768,772,95,62,47,111,9,1,5
1769,770,96,62,46,111,9,1,4
1770,769,95,64,47,111,9,1,2
1771,767,95,64,47,111,9,1,2
1772,767,98,63,44,111,9,1,1
1773,766,97,63,44,111,9,1,1
1774,765,97,62,45,111,9,1,1
1775,763,98,62,44,111,9,1,2
1776,763,98,61,43,111,9,1,5
1777,761,99,61,42,111,9,1,5
1778,761,99,62,41,111,9,1,6
1779,759,100,61,41,111,9,1,7
1780,756,101,63,39,111,9,1,7
1781,755,100,63,40,111,9,1,6
1782,754,101,63,39,111,9,1,3
1783,753,101,62,39,111,9,1,2
1784,752,101,61,39,111,9,1,1
1785,751,101,60,39,111,9,1,3
1786,750,102,61,39,111,9,1,4
1787,748,103,60,38,111,9,1,7
1788,747,104,60,38,111,9,1,7
1789,746,104,60,38,111,9,1,8
1790,744,103,61,38,111,9,1,7
1791,743,103,60,38,111,9,1,6
1792,743,104,59,37,111,9,1,3
1793,745,103,55,38,111,9,1,4
1794,743,102,55,39,111,9,1,5
1795,744,99,53,41,111,9,1,9
1796,743,98,52,32,111,9,1,10
1800,728,92,57,43,111,9,1,12
1801,728,91,55,48,111,9,1,13
1802,725,89,56,47,111,9,1,16
1803,723,87,57,48,111,9,1,18
1804,721,87,57,46,111,9,1,20
1805,720,84,57,47,111,9,1,27
1806,718,81,57,49,111,9,1,35
1807,718,80,55,48,111,9,1,43
1808,717,79,55,47,111,9,1,47
1809,716,79,54,46,111,9,1,49
1810,717,78,52,45,111,9,1,50
1811,717,78,51,44,111,9,1,51
1812,717,76,49,45,111,9,1,54
1813,718,74,48,44,111,9,1,58
1814,718,71,49,45,111,9,1,62
1815,718,70,50,43,111,9,1,66
1816,719,67,51,44,111,9,1,68
1817,721,67,52,44,111,9,1,68
1818,724,65,52,44,111,9,1,67
1819,726,64,55,44,111,9,1,63
1820,729,62,56,44,111,9,1,59
1821,734,62,56,43,111,9,1,57
1822,738,61,56,43,111,9,1,57
1823,742,58,58,44,111,9,1,60
1824,747,56,57,44,111,9,1,61
1825,751,55,59,43,111,9,1,62
1826,756,54,59,43,111,9,1,61
1827,762,52,61,44,111,9,1,58
1828,768,51,61,45,111,9,1,52
1829,775,51,64,45,111,9,1,43
1830,784,53,54,43,111,9,1,35
1831,792,53,60,43,111,9,1,28
1832,801,54,66,42,111,9,1,23
1833,809,54,65,42,111,9,1,20
1834,821,55,71,41,111,9,1,19
1840,892,59,58,34,111,9,1,20
1841,906,59,42,34,111,9,1,20
889,81,489,77,116,127,6,11,11
890,85,487,88,115,127,6,11,11
891,93,484,79,115,127,6,11,11
892,96,483,74,113,127,6,11,11
894,111,505,25,84,127,6,11,12
895,112,497,26,88,127,6,11,12
896,111,490,32,91,127,6,11,13
897,113,496,33,81,127,6,11,13
898,117,496,32,77,127,6,11,14
899,119,491,35,77,127,6,11,15
900,127,486,30,78,127,6,11,16
901,129,480,33,80,127,6,11,16
902,129,478,25,78,127,6,11,17
903,131,475,22,76,127,6,11,17
904,131,471,23,76,127,6,11,16
905,132,465,25,79,127,6,11,16
906,134,465,27,76,127,6,11,16
907,136,462,29,75,127,6,11,15
908,140,458,31,76,127,6,11,15
909,146,456,31,73,127,6,11,15
910,152,452,33,74,127,6,11,15
911,156,441,33,82,127,6,11,15
912,161,436,36,83,127,6,11,15
913,168,446,38,71,127,6,11,15
914,177,443,41,69,127,6,11,14
915,183,441,49,70,127,6,11,13
916,195,442,51,68,127,6,11,11
917,206,442,56,69,127,6,11,10
918,221,443,54,67,127,6,11,9
919,234,434,54,72,127,6,11,10
920,248,401,77,100,127,6,11,11
921,261,394,77,104,127,6,11,12
922,277,394,77,100,127,6,11,14
923,293,411,67,79,127,6,11,16
924,308,389,78,98,127,6,11,17
925,328,384,82,98,127,6,11,18
926,349,377,82,101,127,6,11,18
927,369,375,79,100,127,6,11,19
928,388,371,77,99,127,6,11,20
929,408,364,72,102,127,6,11,20
930,425,396,58,67,127,6,11,20
931,441,393,52,67,127,6,11,20
932,452,389,47,66,127,6,11,20
933,467,359,63,93,127,6,11,20
934,478,375,44,73,127,6,11,20
935,489,360,76,86,127,6,11,20
936,502,359,80,84,127,6,11,19
937,519,355,86,85,127,6,11,19
938,539,351,88,86,127,6,11,18
939,562,346,89,88,127,6,11,17
940,586,342,88,90,127,6,11,16
941,611,340,87,91,127,6,11,16
942,636,335,85,93,127,6,11,15
943,660,333,80,93,127,6,11,15
944,684,331,76,93,127,6,11,14
945,706,331,73,91,127,6,11,14
946,726,331,73,90,127,6,11,14
947,746,330,72,88,127,6,11,14
948,764,327,72,88,127,6,11,14
949,784,323,71,90,127,6,11,14
950,803,323,73,88,127,6,11,14
951,821,323,71,87,127,6,11,14
952,839,320,71,88,127,6,11,14
953,858,319,70,86,127,6,11,14
954,876,317,67,87,127,6,11,13
955,895,317,65,85,127,6,11,13
956,911,313,65,87,127,6,11,13
957,929,312,65,86,127,6,11,13
1815,655,110,32,32,132,9,0,11
1816,655,111,34,32,132,9,0,8
1817,655,111,36,32,132,9,0,6
1818,655,112,38,31,132,9,0,3
1819,655,112,39,31,132,9,0,2
1829,657,105,59,36,132,9,0,3
1830,658,104,61,37,132,9,0,4
1831,660,104,59,38,132,9,0,3
1832,661,103,60,38,132,9,0,3
1833,664,103,60,39,132,9,0,4
1834,666,102,60,40,132,9,0,6
1835,667,102,61,41,132,9,0,6
1836,667,102,66,41,132,9,0,5
1837,668,101,66,41,132,9,0,3
1838,669,101,66,41,132,9,0,3
1839,672,101,66,42,132,9,0,2
1840,672,101,67,42,132,9,0,1
1841,674,101,67,42,132,9,0,1
1842,676,101,67,42,132,9,0,1
1843,678,100,68,42,132,9,0,2
1844,679,100,70,42,132,9,0,2
1845,681,100,68,42,132,9,0,2
1846,684,99,67,43,132,9,0,3
1847,685,100,67,42,132,9,0,5
1848,686,99,68,43,132,9,0,6
1849,687,98,68,43,132,9,0,5
1850,688,98,68,43,132,9,0,6
1851,688,97,67,44,132,9,0,6
1852,689,96,67,45,132,9,0,5
1853,688,96,67,45,132,9,0,3
1854,687,96,68,46,132,9,0,3
1855,687,96,68,46,132,9,0,4
1856,687,96,68,46,132,9,0,6
1857,687,96,68,46,132,9,0,7
1858,687,96,69,47,132,9,0,7
1859,686,96,69,47,132,9,0,7
1860,686,96,68,47,132,9,0,6
1861,685,96,69,47,132,9,0,4
1862,684,95,70,47,132,9,0,2
1863,685,95,69,48,132,9,0,1
1864,684,93,71,49,132,9,0,1
1865,683,94,71,49,132,9,0,1
1866,684,94,71,49,132,9,0,0
1867,683,93,72,50,132,9,0,1
1868,683,93,73,50,132,9,0,1
1869,683,92,73,50,132,9,0,2
1870,684,90,73,52,132,9,0,2
1871,684,89,74,53,132,9,0,2
1872,685,89,75,53,132,9,0,1
1873,685,88,75,55,132,9,0,1
1874,686,88,75,55,132,9,0,1
1875,688,87,76,55,132,9,0,1
1876,689,87,77,55,132,9,0,1
1877,690,86,78,56,132,9,0,1
1878,692,86,78,56,132,9,0,1
1879,694,86,78,56,132,9,0,1
1880,695,86,79,57,132,9,0,1
1881,697,85,79,57,132,9,0,2
1882,699,86,79,57,132,9,0,2
1883,700,86,79,57,132,9,0,2
1884,702,84,79,58,132,9,0,1
1885,703,82,81,60,132,9,0,1
1886,704,82,81,61,132,9,0,1
1887,705,82,82,60,132,9,0,3
1888,705,82,83,60,132,9,0,3
1889,706,81,82,61,132,9,0,4
1890,707,81,83,61,132,9,0,2
1891,707,81,84,62,132,9,0,2
1892,709,81,83,61,132,9,0,2
1893,709,80,84,62,132,9,0,2
1894,709,80,84,62,132,9,0,2
1895,709,80,85,62,132,9,0,2
1896,710,81,86,62,132,9,0,1
1897,711,80,86,62,132,9,0,1
1898,711,80,87,62,132,9,0,1
1899,711,80,88,62,132,9,0,2
1900,711,80,88,62,132,9,0,2
1901,712,81,88,62,132,9,0,4
1902,713,80,89,63,132,9,0,7
1903,714,80,90,64,132,9,0,10
1904,714,80,90,65,132,9,0,12
1905,715,80,91,65,132,9,0,15
1906,715,81,92,65,132,9,0,18
1907,716,81,93,67,132,9,0,21
1908,716,80,94,69,132,9,0,24
1909,717,80,94,71,132,9,0,27
1910,717,81,95,70,132,9,0,30
1911,718,82,96,71,132,9,0,32
1912,718,83,96,71,132,9,0,33
1913,717,86,97,70,132,9,0,33
1914,717,87,97,70,132,9,0,34
1915,716,88,98,70,132,9,0,35
1916,716,89,98,71,132,9,0,36
1917,715,91,99,71,132,9,0,37
1918,714,92,100,71,132,9,0,37
1919,714,92,101,72,132,9,0,37
1920,713,93,101,73,132,9,0,38
1921,712,93,102,75,132,9,0,38
1922,712,95,102,75,132,9,0,38
1923,711,97,102,74,132,9,0,39
1924,711,99,103,74,132,9,0,41
1925,710,102,104,74,132,9,0,44
1926,708,103,106,75,132,9,0,45
1927,708,104,107,76,132,9,0,47
1928,707,105,108,77,132,9,0,49
1929,706,106,108,79,132,9,0,50
1930,706,108,109,80,132,9,0,50
1931,705,109,109,81,132,9,0,49
1932,703,111,112,81,132,9,0,49
1933,702,113,111,81,132,9,0,49
1934,701,113,111,84,132,9,0,49
1935,699,115,115,84,132,9,0,49
1936,698,116,114,86,132,9,0,49
1937,697,116,115,88,132,9,0,49
1938,696,120,116,88,132,9,0,49
1939,695,122,117,88,132,9,0,48
1940,693,126,117,86,132,9,0,47
1941,692,127,118,87,132,9,0,46
1942,690,128,120,89,132,9,0,45
1943,689,129,120,90,132,9,0,44
1944,687,131,121,91,132,9,0,44
1945,684,135,122,90,132,9,0,45
1946,682,138,124,90,132,9,0,46
1947,681,139,124,92,132,9,0,47
1948,679,140,125,94,132,9,0,47
1949,677,141,126,96,132,9,0,47
1950,674,143,128,97,132,9,0,47
1951,672,148,128,95,132,9,0,47
1952,670,149,129,97,132,9,0,48
1953,667,152,131,99,132,9,0,49
1954,664,156,132,99,132,9,0,50
1955,662,158,133,101,132,9,0,51
1956,659,159,135,103,132,9,0,51
1957,656,163,136,103,132,9,0,51
1958,653,165,138,104,132,9,0,50
1959,650,167,139,105,132,9,0,49
1960,646,171,140,105,132,9,0,48
1961,643,173,141,107,132,9,0,46
1962,639,176,143,107,132,9,0,46
1963,636,178,144,109,132,9,0,45
1964,634,181,146,110,132,9,0,45
1965,632,183,148,112,132,9,0,46
1966,630,186,149,113,132,9,0,47
1967,628,189,151,116,132,9,0,48
1968,626,191,152,118,132,9,0,49
1969,625,195,154,119,132,9,0,49
1970,624,200,156,119,132,9,0,50
1971,622,203,157,121,132,9,0,50
1972,620,207,159,122,132,9,0,50
1973,619,211,162,123,132,9,0,50
1974,618,214,164,126,132,9,0,50
1975,616,218,165,127,132,9,0,49
1976,615,222,167,128,132,9,0,49
1977,614,227,169,128,132,9,0,48
1978,612,231,171,130,132,9,0,47
1979,611,234,173,130,132,9,0,45
1980,609,239,177,132,132,9,0,44
1981,608,242,178,133,132,9,0,42
1982,607,245,179,135,132,9,0,41
1983,605,248,182,136,132,9,0,40
1984,603,253,185,138,132,9,0,40
1985,602,256,187,139,132,9,0,40
1986,601,259,190,143,132,9,0,40
1987,599,263,192,145,132,9,0,41
1988,597,267,194,147,132,9,0,42
1989,595,272,197,149,132,9,0,44
1990,593,277,199,153,132,9,0,46
1991,590,282,203,157,132,9,0,48
1992,587,287,207,160,132,9,0,51
1993,584,295,209,163,132,9,0,53
1994,581,303,212,166,132,9,0,56
1995,577,310,215,168,132,9,0,57
1996,574,320,218,171,132,9,0,59
1997,570,329,222,175,132,9,0,61
1998,566,339,225,178,132,9,0,62
1999,560,351,229,180,132,9,0,63
2000,556,361,233,184,132,9,0,63
2001,552,371,236,190,132,9,0,63
2002,547,382,241,191,132,9,0,62
2003,543,394,244,193,132,9,0,61
2004,539,404,249,199,132,9,0,60
2005,535,415,253,205,132,9,0,59
2006,531,427,259,209,132,9,0,58
2007,527,441,263,211,132,9,0,57
2008,523,455,268,215,132,9,0,57
2009,519,465,273,221,132,9,0,56
2010,514,481,279,226,132,9,0,56
2011,509,497,285,230,132,9,0,56
2012,504,510,291,238,132,9,0,56
2013,498,528,297,244,132,9,0,56
2014,492,546,303,250,132,9,0,57
2015,485,563,310,259,132,9,0,57
2016,479,585,315,264,132,9,0,57
2017,470,605,322,271,132,9,0,57
2018,460,627,331,275,132,9,0,56
2019,448,649,338,286,132,9,0,55
2020,435,672,348,294,132,9,0,54
2021,420,701,353,298,132,9,0,53
2022,401,728,366,305,132,9,0,51
2023,379,754,375,313,132,9,0,48
2024,353,782,387,293,132,9,0,45
2025,325,812,402,263,132,9,0,42
2026,292,844,417,232,132,9,0,38
2027,256,878,431,199,132,9,0,30
2028,218,911,442,166,132,9,0,23
2029,226,953,405,124,132,9,0,17
2030,198,993,385,85,132,9,0,16
0,486,276,20,77,137,6,11,8
1,487,282,16,73,137,6,11,8
2,487,282,16,74,137,6,11,8
3,484,277,19,81,137,6,11,9
7,483,286,18,76,137,6,11,9
8,479,285,23,79,137,6,11,9
9,482,282,22,83,137,6,11,9
10,485,284,25,83,137,6,11,10
11,490,290,16,77,137,6,11,10
12,487,288,22,81,137,6,11,10
13,489,287,23,82,137,6,11,10
14,492,297,20,73,137,6,11,10
15,491,290,23,82,137,6,11,10
16,493,296,21,77,137,6,11,9
