220,15,582,810,59,41,1,-1,-1,-1
221,15,582,805,67,46,1,-1,-1,-1
222,15,586,805,71,49,1,-1,-1,-1
223,15,588,806,78,49,1,-1,-1,-1
224,15,600,808,73,50,1,-1,-1,-1
225,15,608,807,74,50,1,-1,-1,-1
226,15,612,803,76,55,1,-1,-1,-1
227,15,620,804,75,54,1,-1,-1,-1
228,15,627,804,79,55,1,-1,-1,-1
229,15,637,805,78,55,1,-1,-1,-1
230,15,644,803,75,60,1,-1,-1,-1
231,15,651,804,69,60,1,-1,-1,-1
232,15,660,806,66,59,1,-1,-1,-1
233,15,668,811,60,56,1,-1,-1,-1
234,15,676,812,94,57,1,-1,-1,-1
235,15,686,809,93,62,1,-1,-1,-1
236,15,700,806,94,62,1,-1,-1,-1
237,15,708,806,99,67,1,-1,-1,-1
238,15,734,807,85,69,1,-1,-1,-1
239,15,736,805,97,74,1,-1,-1,-1
240,15,741,805,106,79,1,-1,-1,-1
241,15,751,806,110,83,1,-1,-1,-1
242,15,765,807,110,83,1,-1,-1,-1
243,15,775,808,115,85,1,-1,-1,-1
244,15,785,808,124,92,1,-1,-1,-1
245,15,797,806,128,99,1,-1,-1,-1
246,15,809,806,131,104,1,-1,-1,-1
247,15,824,809,138,103,1,-1,-1,-1
248,15,838,815,145,105,1,-1,-1,-1
249,15,856,816,145,109,1,-1,-1,-1
250,15,868,815,158,115,1,-1,-1,-1
251,15,887,816,163,119,1,-1,-1,-1
252,15,904,818,173,126,1,-1,-1,-1
253,15,923,820,183,131,1,-1,-1,-1
254,15,945,821,192,141,1,-1,-1,-1
255,15,967,823,206,150,1,-1,-1,-1
256,15,993,825,222,162,1,-1,-1,-1
257,15,1019,829,239,171,1,-1,-1,-1
258,15,1048,836,262,181,1,-1,-1,-1
259,15,1086,839,280,195,1,-1,-1,-1
260,15,1121,847,308,209,1,-1,-1,-1
261,15,1166,848,345,235,1,-1,-1,-1
262,15,1216,852,387,258,1,-1,-1,-1
263,15,1267,858,450,290,1,-1,-1,-1
264,15,1346,872,511,316,1,-1,-1,-1
265,15,1427,878,603,363,1,-1,-1,-1
266,15,1535,892,717,416,1,-1,-1,-1
267,15,1666,907,886,487,1,-1,-1,-1
268,15,1831,933,726,583,1,-1,-1,-1
269,15,2049,946,509,528,1,-1,-1,-1
1089,38,2384,688,174,305,1,-1,-1,-1
1090,38,2263,634,296,341,1,-1,-1,-1
1091,38,2156,635,402,322,1,-1,-1,-1
1092,38,2064,550,494,392,1,-1,-1,-1
1093,38,1980,554,577,428,1,-1,-1,-1
1094,38,1905,579,654,387,1,-1,-1,-1
1095,38,1837,588,722,364,1,-1,-1,-1
1096,38,1776,596,689,341,1,-1,-1,-1
1097,38,1720,600,633,324,1,-1,-1,-1
1098,38,1670,607,583,305,1,-1,-1,-1
1099,38,1625,614,537,289,1,-1,-1,-1
1100,38,1581,614,500,279,1,-1,-1,-1
1101,38,1539,622,470,263,1,-1,-1,-1
1102,38,1502,627,437,249,1,-1,-1,-1
1103,38,1470,632,411,239,1,-1,-1,-1
1104,38,1436,637,388,228,1,-1,-1,-1
1105,38,1405,640,367,220,1,-1,-1,-1
1106,38,1371,642,354,211,1,-1,-1,-1
1107,38,1351,646,329,204,1,-1,-1,-1
1108,38,1324,649,314,199,1,-1,-1,-1
1109,38,1298,651,303,190,1,-1,-1,-1
1110,38,1276,659,288,177,1,-1,-1,-1
1111,38,1252,660,276,176,1,-1,-1,-1
1112,38,1226,658,273,174,1,-1,-1,-1
1113,38,1212,662,257,166,1,-1,-1,-1
1114,38,1191,661,251,167,1,-1,-1,-1
1115,38,1175,665,238,161,1,-1,-1,-1
1116,38,1157,667,230,157,1,-1,-1,-1
1117,38,1140,676,223,145,1,-1,-1,-1
1118,38,1121,676,216,146,1,-1,-1,-1
1119,38,1106,679,211,139,1,-1,-1,-1
1120,38,1090,679,205,137,1,-1,-1,-1
1121,38,1075,681,199,136,1,-1,-1,-1
1122,38,1059,683,197,133,1,-1,-1,-1
1123,38,1046,691,188,124,1,-1,-1,-1
1124,38,1031,688,185,125,1,-1,-1,-1
1125,38,1019,697,181,116,1,-1,-1,-1
1126,38,997,697,185,116,1,-1,-1,-1
1127,38,983,699,182,114,1,-1,-1,-1
1128,38,978,698,171,113,1,-1,-1,-1
1129,38,969,701,164,112,1,-1,-1,-1
1130,38,959,703,160,108,1,-1,-1,-1
1131,38,945,703,160,108,1,-1,-1,-1
1132,38,935,703,156,108,1,-1,-1,-1
1133,38,922,704,154,106,1,-1,-1,-1
1134,38,912,710,149,102,1,-1,-1,-1
1135,38,904,711,147,101,1,-1,-1,-1
1136,38,891,715,146,97,1,-1,-1,-1
1137,38,883,715,142,99,1,-1,-1,-1
1138,38,873,717,141,96,1,-1,-1,-1
1139,38,864,717,140,98,1,-1,-1,-1
1140,38,856,720,135,94,1,-1,-1,-1
1141,38,844,724,140,90,1,-1,-1,-1
1142,38,837,728,130,86,1,-1,-1,-1
1143,38,830,729,124,86,1,-1,-1,-1
1144,38,822,731,123,84,1,-1,-1,-1
1145,38,811,731,125,84,1,-1,-1,-1
1146,38,805,733,120,84,1,-1,-1,-1
1147,38,795,733,118,83,1,-1,-1,-1
1148,38,785,737,120,78,1,-1,-1,-1
1149,38,777,738,117,77,1,-1,-1,-1
1150,38,770,739,115,76,1,-1,-1,-1
1151,38,764,742,113,73,1,-1,-1,-1
1152,38,759,743,109,74,1,-1,-1,-1
1153,38,750,743,107,74,1,-1,-1,-1
1154,38,745,742,104,75,1,-1,-1,-1
1155,38,735,744,107,72,1,-1,-1,-1
1156,38,726,748,106,68,1,-1,-1,-1
1157,38,725,750,101,65,1,-1,-1,-1
1158,38,722,752,95,63,1,-1,-1,-1
1159,38,720,750,90,65,1,-1,-1,-1
1160,38,718,752,83,63,1,-1,-1,-1
1161,38,717,755,79,58,1,-1,-1,-1
1162,38,715,756,74,57,1,-1,-1,-1
1163,38,714,755,67,56,1,-1,-1,-1
1164,38,706,753,67,57,1,-1,-1,-1
1165,38,709,756,58,55,1,-1,-1,-1
1166,38,677,756,86,57,1,-1,-1,-1
1167,38,667,758,89,58,1,-1,-1,-1
1172,38,644,765,56,57,1,-1,-1,-1
1173,38,638,762,62,60,1,-1,-1,-1
1174,38,633,763,66,58,1,-1,-1,-1
1175,38,630,765,69,56,1,-1,-1,-1
1176,38,625,764,74,57,1,-1,-1,-1
1177,38,619,765,77,56,1,-1,-1,-1
1178,38,614,766,79,56,1,-1,-1,-1
1179,38,608,766,82,54,1,-1,-1,-1
1180,38,602,765,81,54,1,-1,-1,-1
1181,38,598,766,79,54,1,-1,-1,-1
1182,38,593,767,81,55,1,-1,-1,-1
1183,38,591,768,79,55,1,-1,-1,-1
1184,38,590,769,74,53,1,-1,-1,-1
1185,38,590,770,69,51,1,-1,-1,-1
1186,38,587,772,66,48,1,-1,-1,-1
1187,38,580,773,68,48,1,-1,-1,-1
1188,38,576,774,69,46,1,-1,-1,-1
1189,38,554,776,89,42,1,-1,-1,-1
1190,38,553,775,85,44,1,-1,-1,-1
1191,38,556,776,77,43,1,-1,-1,-1
1192,38,551,775,77,45,1,-1,-1,-1
1193,38,554,776,69,43,1,-1,-1,-1
1194,38,551,776,68,43,1,-1,-1,-1
1195,38,550,777,66,41,1,-1,-1,-1
1196,38,543,775,68,42,1,-1,-1,-1
1197,38,546,777,62,42,1,-1,-1,-1
1198,38,540,775,64,45,1,-1,-1,-1
1199,38,542,774,59,46,1,-1,-1,-1
1200,38,541,774,59,44,1,-1,-1,-1
1201,38,544,773,56,46,1,-1,-1,-1
1202,38,540,775,55,44,1,-1,-1,-1
1203,38,544,775,53,40,1,-1,-1,-1
1204,38,542,775,56,40,1,-1,-1,-1
1205,38,544,776,52,38,1,-1,-1,-1
1206,38,544,776,49,38,1,-1,-1,-1
1207,38,541,776,54,38,1,-1,-1,-1
1208,38,541,776,55,36,1,-1,-1,-1
1209,38,541,775,56,36,1,-1,-1,-1
1210,38,541,775,55,35,1,-1,-1,-1
1211,38,540,774,56,35,1,-1,-1,-1
1212,38,542,774,53,33,1,-1,-1,-1
1213,38,542,773,55,33,1,-1,-1,-1
1214,38,540,773,54,32,1,-1,-1,-1
1215,38,540,773,54,32,1,-1,-1,-1
1216,38,540,773,55,32,1,-1,-1,-1
1217,38,540,773,55,31,1,-1,-1,-1
1218,38,540,773,55,31,1,-1,-1,-1
1219,38,540,773,54,31,1,-1,-1,-1
1220,38,541,773,54,31,1,-1,-1,-1
1221,38,541,773,54,31,1,-1,-1,-1
1222,38,541,773,54,32,1,-1,-1,-1
1223,38,541,773,55,32,1,-1,-1,-1
1227,38,543,774,54,32,1,-1,-1,-1
1239,38,543,775,55,34,1,-1,-1,-1
1240,38,543,775,55,34,1,-1,-1,-1
1241,38,542,776,56,34,1,-1,-1,-1
1242,38,542,775,55,34,1,-1,-1,-1
1243,38,542,775,54,33,1,-1,-1,-1
1244,38,541,774,56,32,1,-1,-1,-1
1245,38,542,773,54,32,1,-1,-1,-1
1246,38,541,773,53,32,1,-1,-1,-1
1247,38,542,774,54,31,1,-1,-1,-1
1248,38,542,774,53,31,1,-1,-1,-1
1249,38,541,774,55,31,1,-1,-1,-1
1250,38,541,773,55,32,1,-1,-1,-1
1251,38,541,773,54,32,1,-1,-1,-1
1252,38,541,773,54,32,1,-1,-1,-1
1253,38,541,773,54,32,1,-1,-1,-1
1254,38,542,773,54,32,1,-1,-1,-1
1255,38,542,773,55,32,1,-1,-1,-1
1256,38,542,773,54,32,1,-1,-1,-1
1257,38,542,773,54,31,1,-1,-1,-1
1258,38,542,773,54,31,1,-1,-1,-1
1259,38,542,773,54,31,1,-1,-1,-1
1260,38,542,773,53,31,1,-1,-1,-1
1261,38,542,773,54,32,1,-1,-1,-1
1262,38,542,773,54,32,1,-1,-1,-1
1263,38,542,773,54,31,1,-1,-1,-1
1264,38,542,773,54,32,1,-1,-1,-1
1265,38,542,773,54,32,1,-1,-1,-1
1266,38,542,773,55,32,1,-1,-1,-1
1267,38,542,773,55,32,1,-1,-1,-1
1268,38,542,773,55,32,1,-1,-1,-1
1269,38,542,773,55,32,1,-1,-1,-1
1270,38,542,773,54,32,1,-1,-1,-1
1271,38,542,773,54,32,1,-1,-1,-1
1272,38,542,773,55,31,1,-1,-1,-1
1273,38,542,773,54,31,1,-1,-1,-1
1274,38,542,774,55,31,1,-1,-1,-1
1275,38,542,773,55,31,1,-1,-1,-1
1276,38,542,773,54,31,1,-1,-1,-1
1277,38,542,773,54,31,1,-1,-1,-1
1278,38,542,773,54,31,1,-1,-1,-1
1279,38,542,773,55,31,1,-1,-1,-1
1280,38,542,773,54,31,1,-1,-1,-1
1281,38,542,773,54,32,1,-1,-1,-1
1282,38,542,774,53,31,1,-1,-1,-1
1283,38,542,774,53,32,1,-1,-1,-1
1284,38,542,774,53,32,1,-1,-1,-1
1285,38,542,773,53,32,1,-1,-1,-1
1286,38,542,774,52,31,1,-1,-1,-1
1287,38,543,774,51,31,1,-1,-1,-1
1288,38,543,774,52,32,1,-1,-1,-1
1289,38,543,774,51,34,1,-1,-1,-1
1290,38,543,774,51,34,1,-1,-1,-1
1291,38,543,774,54,36,1,-1,-1,-1
1292,38,541,774,54,34,1,-1,-1,-1
1309,38,542,774,52,42,1,-1,-1,-1
1310,38,542,773,52,43,1,-1,-1,-1
1311,38,542,773,54,41,1,-1,-1,-1
1312,38,543,772,53,40,1,-1,-1,-1
1313,38,543,773,53,39,1,-1,-1,-1
1314,38,541,773,55,38,1,-1,-1,-1
1315,38,541,772,57,34,1,-1,-1,-1
1316,38,540,773,58,33,1,-1,-1,-1
1317,38,539,773,58,32,1,-1,-1,-1
1318,38,539,773,58,32,1,-1,-1,-1
1319,38,539,773,58,32,1,-1,-1,-1
1320,38,539,773,58,32,1,-1,-1,-1
1321,38,541,773,56,32,1,-1,-1,-1
1322,38,541,773,56,32,1,-1,-1,-1
1323,38,541,773,56,32,1,-1,-1,-1
1324,38,541,773,56,32,1,-1,-1,-1
1325,38,541,773,56,32,1,-1,-1,-1
1326,38,541,773,57,32,1,-1,-1,-1
1327,38,541,773,57,32,1,-1,-1,-1
1328,38,541,773,57,32,1,-1,-1,-1
1329,38,541,773,58,32,1,-1,-1,-1
1330,38,541,773,58,32,1,-1,-1,-1
1331,38,541,773,58,32,1,-1,-1,-1
1332,38,541,773,58,32,1,-1,-1,-1
1333,38,541,773,58,32,1,-1,-1,-1
1334,38,541,773,57,32,1,-1,-1,-1
1335,38,541,773,57,32,1,-1,-1,-1
1336,38,541,773,57,32,1,-1,-1,-1
1337,38,541,773,57,32,1,-1,-1,-1
1338,38,541,773,57,32,1,-1,-1,-1
1339,38,541,773,57,32,1,-1,-1,-1
1340,38,541,773,57,32,1,-1,-1,-1
1341,38,541,773,57,32,1,-1,-1,-1
1342,38,541,773,57,32,1,-1,-1,-1
1343,38,541,773,57,32,1,-1,-1,-1
1344,38,541,773,57,32,1,-1,-1,-1
1345,38,541,773,56,32,1,-1,-1,-1
1346,38,541,773,55,32,1,-1,-1,-1
1347,38,541,773,55,32,1,-1,-1,-1
1348,38,541,773,55,32,1,-1,-1,-1
1349,38,541,773,55,32,1,-1,-1,-1
1350,38,541,773,55,32,1,-1,-1,-1
1351,38,541,773,55,32,1,-1,-1,-1
1352,38,541,773,56,32,1,-1,-1,-1
1353,38,541,772,56,32,1,-1,-1,-1
1354,38,541,773,58,31,1,-1,-1,-1
1355,38,541,773,58,31,1,-1,-1,-1
1356,38,541,773,58,31,1,-1,-1,-1
1357,38,542,773,54,31,1,-1,-1,-1
1358,38,542,773,54,31,1,-1,-1,-1
1359,38,542,773,54,31,1,-1,-1,-1
1360,38,542,773,54,31,1,-1,-1,-1
1361,38,542,773,54,31,1,-1,-1,-1
1362,38,542,773,54,31,1,-1,-1,-1
1363,38,542,773,54,31,1,-1,-1,-1
1364,38,542,773,54,31,1,-1,-1,-1
1365,38,542,773,54,31,1,-1,-1,-1
1366,38,542,773,54,31,1,-1,-1,-1
1367,38,542,773,54,31,1,-1,-1,-1
1368,38,542,773,54,31,1,-1,-1,-1
1369,38,543,773,53,31,1,-1,-1,-1
1370,38,543,773,53,31,1,-1,-1,-1
1371,38,542,773,53,31,1,-1,-1,-1
1372,38,542,773,54,31,1,-1,-1,-1
1373,38,542,773,53,31,1,-1,-1,-1
1374,38,542,773,53,31,1,-1,-1,-1
1375,38,542,773,53,31,1,-1,-1,-1
1376,38,543,773,53,31,1,-1,-1,-1
1377,38,542,773,53,31,1,-1,-1,-1
1378,38,542,773,53,31,1,-1,-1,-1
1379,38,542,773,53,31,1,-1,-1,-1
1380,38,542,773,53,31,1,-1,-1,-1
1381,38,542,773,54,31,1,-1,-1,-1
1382,38,542,773,54,31,1,-1,-1,-1
1383,38,542,773,54,31,1,-1,-1,-1
1384,38,542,773,54,31,1,-1,-1,-1
1385,38,542,773,54,31,1,-1,-1,-1
1386,38,542,773,54,31,1,-1,-1,-1
1387,38,542,773,54,31,1,-1,-1,-1
1388,38,542,773,54,31,1,-1,-1,-1
1389,38,543,773,54,31,1,-1,-1,-1
1390,38,542,773,54,31,1,-1,-1,-1
1391,38,542,773,54,31,1,-1,-1,-1
1392,38,543,773,54,31,1,-1,-1,-1
1393,38,543,773,54,31,1,-1,-1,-1
1394,38,543,773,54,31,1,-1,-1,-1
1395,38,543,773,54,31,1,-1,-1,-1
1396,38,543,773,54,31,1,-1,-1,-1
1397,38,543,773,54,31,1,-1,-1,-1
1398,38,543,773,54,31,1,-1,-1,-1
1399,38,543,773,54,31,1,-1,-1,-1
1400,38,543,773,54,31,1,-1,-1,-1
1401,38,543,773,54,31,1,-1,-1,-1
1402,38,543,773,54,31,1,-1,-1,-1
1403,38,543,773,54,31,1,-1,-1,-1
1404,38,540,772,56,32,1,-1,-1,-1
1405,38,539,773,54,32,1,-1,-1,-1
1406,38,539,773,54,32,1,-1,-1,-1
1407,38,539,773,54,32,1,-1,-1,-1
1408,38,539,773,54,32,1,-1,-1,-1
1409,38,539,773,54,33,1,-1,-1,-1
1410,38,539,773,54,32,1,-1,-1,-1
1411,38,539,773,54,32,1,-1,-1,-1
1412,38,539,773,54,32,1,-1,-1,-1
1413,38,539,773,53,32,1,-1,-1,-1
1414,38,539,773,53,32,1,-1,-1,-1
1415,38,539,773,53,32,1,-1,-1,-1
1416,38,539,773,53,32,1,-1,-1,-1
1417,38,540,773,54,32,1,-1,-1,-1
1418,38,540,773,53,32,1,-1,-1,-1
1419,38,540,773,54,32,1,-1,-1,-1
1420,38,540,773,54,32,1,-1,-1,-1
1421,38,539,773,54,32,1,-1,-1,-1
1422,38,540,773,54,32,1,-1,-1,-1
1423,38,540,773,54,32,1,-1,-1,-1
1424,38,540,773,53,32,1,-1,-1,-1
1425,38,540,773,53,32,1,-1,-1,-1
1426,38,540,773,53,32,1,-1,-1,-1
1427,38,540,773,53,32,1,-1,-1,-1
1428,38,540,773,53,32,1,-1,-1,-1
1429,38,539,773,54,32,1,-1,-1,-1
1430,38,539,773,54,32,1,-1,-1,-1
1431,38,539,773,54,32,1,-1,-1,-1
1432,38,539,773,54,32,1,-1,-1,-1
1433,38,539,773,54,32,1,-1,-1,-1
1434,38,541,773,56,31,1,-1,-1,-1
1435,38,541,773,56,31,1,-1,-1,-1
1436,38,541,773,55,32,1,-1,-1,-1
1437,38,541,773,56,32,1,-1,-1,-1
1438,38,541,773,56,32,1,-1,-1,-1
1439,38,541,773,55,31,1,-1,-1,-1
1440,38,541,773,55,31,1,-1,-1,-1
1441,38,542,773,54,31,1,-1,-1,-1
1442,38,542,773,54,31,1,-1,-1,-1
1443,38,542,773,54,31,1,-1,-1,-1
1444,38,542,773,54,31,1,-1,-1,-1
1445,38,542,773,54,31,1,-1,-1,-1
1446,38,542,773,54,31,1,-1,-1,-1
1447,38,542,773,54,31,1,-1,-1,-1
1448,38,542,773,54,31,1,-1,-1,-1
1449,38,542,773,54,31,1,-1,-1,-1
1450,38,542,773,54,31,1,-1,-1,-1
1451,38,542,773,54,31,1,-1,-1,-1
1452,38,542,773,54,31,1,-1,-1,-1
1453,38,542,773,54,31,1,-1,-1,-1
1454,38,542,773,54,31,1,-1,-1,-1
1455,38,542,773,54,31,1,-1,-1,-1
1456,38,542,773,54,31,1,-1,-1,-1
1457,38,542,773,54,31,1,-1,-1,-1
1458,38,542,773,54,31,1,-1,-1,-1
1459,38,542,773,54,31,1,-1,-1,-1
1460,38,542,773,54,31,1,-1,-1,-1
1461,38,542,773,55,31,1,-1,-1,-1
1462,38,541,773,55,31,1,-1,-1,-1
1463,38,541,773,55,31,1,-1,-1,-1
1464,38,540,773,57,31,1,-1,-1,-1
1465,38,540,773,60,31,1,-1,-1,-1
1466,38,540,773,60,31,1,-1,-1,-1
1467,38,540,773,60,31,1,-1,-1,-1
1468,38,540,773,60,31,1,-1,-1,-1
1469,38,540,773,60,31,1,-1,-1,-1
1470,38,540,773,60,31,1,-1,-1,-1
1471,38,540,773,60,31,1,-1,-1,-1
1472,38,541,773,57,31,1,-1,-1,-1
1473,38,541,773,57,31,1,-1,-1,-1
1474,38,541,773,57,31,1,-1,-1,-1
1475,38,541,773,56,31,1,-1,-1,-1
1476,38,541,773,56,31,1,-1,-1,-1
1477,38,541,772,55,32,1,-1,-1,-1
1478,38,540,772,55,32,1,-1,-1,-1
1479,38,541,772,55,32,1,-1,-1,-1
1480,38,541,772,55,32,1,-1,-1,-1
1481,38,541,772,55,32,1,-1,-1,-1
1482,38,540,773,55,32,1,-1,-1,-1
1483,38,540,773,55,32,1,-1,-1,-1
1484,38,540,773,54,32,1,-1,-1,-1
1485,38,539,773,54,32,1,-1,-1,-1
1486,38,540,773,54,32,1,-1,-1,-1
1487,38,538,773,54,32,1,-1,-1,-1
1488,38,538,773,54,32,1,-1,-1,-1
1489,38,542,773,55,31,1,-1,-1,-1
1490,38,542,773,55,31,1,-1,-1,-1
1491,38,542,773,55,31,1,-1,-1,-1
1492,38,542,773,55,31,1,-1,-1,-1
1493,38,542,773,54,31,1,-1,-1,-1
1494,38,542,773,54,31,1,-1,-1,-1
1495,38,542,773,54,31,1,-1,-1,-1
1496,38,542,773,54,31,1,-1,-1,-1
1497,38,542,773,54,31,1,-1,-1,-1
1498,38,542,773,54,31,1,-1,-1,-1
1499,38,542,773,54,31,1,-1,-1,-1
1500,38,542,773,54,31,1,-1,-1,-1
1501,38,542,773,56,31,1,-1,-1,-1
1502,38,542,773,56,31,1,-1,-1,-1
1503,38,542,773,56,31,1,-1,-1,-1
1504,38,542,773,56,31,1,-1,-1,-1
1505,38,542,773,56,31,1,-1,-1,-1
1506,38,542,773,56,31,1,-1,-1,-1
1507,38,542,773,56,31,1,-1,-1,-1
1508,38,542,773,56,31,1,-1,-1,-1
1509,38,542,773,56,31,1,-1,-1,-1
1510,38,542,773,56,31,1,-1,-1,-1
1511,38,542,773,56,31,1,-1,-1,-1
1512,38,542,773,56,31,1,-1,-1,-1
1513,38,541,773,55,31,1,-1,-1,-1
1514,38,541,773,55,32,1,-1,-1,-1
1515,38,541,773,55,32,1,-1,-1,-1
1516,38,541,773,55,32,1,-1,-1,-1
1517,38,541,773,56,32,1,-1,-1,-1
1518,38,541,773,56,32,1,-1,-1,-1
1519,38,541,773,56,32,1,-1,-1,-1
1520,38,541,773,56,32,1,-1,-1,-1
1521,38,541,773,55,32,1,-1,-1,-1
1522,38,542,773,54,31,1,-1,-1,-1
1523,38,542,773,54,31,1,-1,-1,-1
1524,38,542,773,54,31,1,-1,-1,-1
1525,38,541,773,56,31,1,-1,-1,-1
1526,38,541,773,56,31,1,-1,-1,-1
1527,38,541,773,56,31,1,-1,-1,-1
1528,38,541,773,56,31,1,-1,-1,-1
1529,38,541,773,56,31,1,-1,-1,-1
1530,38,541,773,56,31,1,-1,-1,-1
1531,38,541,773,56,31,1,-1,-1,-1
1532,38,541,773,56,31,1,-1,-1,-1
1533,38,541,773,56,31,1,-1,-1,-1
1534,38,541,773,56,31,1,-1,-1,-1
1535,38,541,773,56,32,1,-1,-1,-1
1536,38,541,773,56,31,1,-1,-1,-1
1537,38,540,773,56,32,1,-1,-1,-1
1538,38,540,773,56,32,1,-1,-1,-1
1539,38,540,773,56,32,1,-1,-1,-1
1540,38,540,773,56,32,1,-1,-1,-1
1541,38,540,773,56,32,1,-1,-1,-1
1542,38,540,773,56,32,1,-1,-1,-1
1543,38,540,773,56,32,1,-1,-1,-1
1544,38,540,773,57,32,1,-1,-1,-1
1545,38,540,773,57,32,1,-1,-1,-1
1546,38,540,773,57,32,1,-1,-1,-1
1547,38,540,773,57,32,1,-1,-1,-1
1548,38,540,773,57,32,1,-1,-1,-1
1549,38,540,773,57,32,1,-1,-1,-1
1550,38,540,773,57,32,1,-1,-1,-1
1551,38,540,773,56,32,1,-1,-1,-1
1552,38,540,773,56,32,1,-1,-1,-1
1553,38,540,773,56,32,1,-1,-1,-1
1554,38,540,773,56,32,1,-1,-1,-1
1555,38,540,773,56,32,1,-1,-1,-1
1556,38,540,773,56,32,1,-1,-1,-1
1557,38,540,773,56,32,1,-1,-1,-1
1558,38,540,773,55,32,1,-1,-1,-1
1559,38,540,773,56,32,1,-1,-1,-1
1560,38,540,773,55,32,1,-1,-1,-1
1561,38,541,773,55,32,1,-1,-1,-1
1562,38,541,773,55,32,1,-1,-1,-1
1563,38,541,773,55,32,1,-1,-1,-1
1564,38,541,773,55,32,1,-1,-1,-1
1565,38,541,773,55,32,1,-1,-1,-1
1566,38,540,773,56,32,1,-1,-1,-1
1567,38,540,773,56,32,1,-1,-1,-1
1568,38,540,773,56,32,1,-1,-1,-1
1569,38,540,773,56,32,1,-1,-1,-1
1570,38,540,773,56,32,1,-1,-1,-1
1571,38,540,773,56,32,1,-1,-1,-1
1572,38,540,773,56,32,1,-1,-1,-1
1573,38,540,773,56,32,1,-1,-1,-1
1574,38,540,773,56,32,1,-1,-1,-1
1575,38,540,773,56,32,1,-1,-1,-1
1576,38,540,773,56,32,1,-1,-1,-1
1577,38,540,773,56,32,1,-1,-1,-1
1578,38,540,773,56,32,1,-1,-1,-1
1579,38,540,773,56,32,1,-1,-1,-1
1580,38,540,773,56,32,1,-1,-1,-1
1581,38,540,773,56,32,1,-1,-1,-1
1582,38,540,773,56,32,1,-1,-1,-1
1583,38,540,773,56,32,1,-1,-1,-1
1584,38,540,773,56,32,1,-1,-1,-1
1585,38,540,773,56,32,1,-1,-1,-1
1586,38,540,773,56,32,1,-1,-1,-1
1587,38,540,773,57,32,1,-1,-1,-1
1588,38,540,773,57,32,1,-1,-1,-1
1589,38,540,773,56,32,1,-1,-1,-1
1590,38,540,773,56,32,1,-1,-1,-1
1591,38,540,773,56,32,1,-1,-1,-1
1592,38,540,773,56,32,1,-1,-1,-1
1593,38,540,773,56,32,1,-1,-1,-1
1594,38,539,772,57,33,1,-1,-1,-1
1595,38,539,772,57,33,1,-1,-1,-1
1596,38,539,772,57,33,1,-1,-1,-1
1597,38,541,772,55,32,1,-1,-1,-1
1598,38,541,773,55,32,1,-1,-1,-1
1599,38,541,773,55,32,1,-1,-1,-1
1600,38,541,773,55,32,1,-1,-1,-1
1601,38,541,772,55,32,1,-1,-1,-1
1602,38,541,772,55,32,1,-1,-1,-1
1603,38,541,772,55,32,1,-1,-1,-1
1604,38,541,772,55,32,1,-1,-1,-1
1605,38,541,772,55,32,1,-1,-1,-1
1606,38,541,772,55,32,1,-1,-1,-1
1607,38,542,772,55,32,1,-1,-1,-1
1608,38,542,772,54,32,1,-1,-1,-1
1609,38,542,773,54,32,1,-1,-1,-1
1610,38,543,773,53,32,1,-1,-1,-1
1611,38,543,773,55,33,1,-1,-1,-1
1612,38,543,773,54,34,1,-1,-1,-1
1613,38,543,772,54,35,1,-1,-1,-1
1614,38,543,773,53,35,1,-1,-1,-1
1615,38,545,773,51,37,1,-1,-1,-1
1616,38,540,773,57,40,1,-1,-1,-1
1617,38,541,773,60,44,1,-1,-1,-1
1619,38,542,773,70,73,1,-1,-1,-1
1620,38,539,773,82,77,1,-1,-1,-1
1622,38,542,780,98,72,1,-1,-1,-1
1623,38,557,791,89,59,1,-1,-1,-1
1624,38,573,796,80,55,1,-1,-1,-1
1625,38,581,796,81,55,1,-1,-1,-1
1626,38,588,796,82,55,1,-1,-1,-1
1627,38,597,795,80,57,1,-1,-1,-1
1628,38,606,795,79,59,1,-1,-1,-1
1629,38,613,794,86,61,1,-1,-1,-1
1630,38,622,793,85,61,1,-1,-1,-1
1631,38,628,792,80,62,1,-1,-1,-1
1632,38,635,793,77,60,1,-1,-1,-1
1633,38,642,790,72,63,1,-1,-1,-1
1634,38,653,791,69,64,1,-1,-1,-1
1635,38,662,793,86,63,1,-1,-1,-1
1636,38,672,791,96,64,1,-1,-1,-1
1637,38,685,790,96,61,1,-1,-1,-1
1638,38,722,791,71,60,1,-1,-1,-1
1639,38,727,786,80,69,1,-1,-1,-1
1640,38,731,788,89,70,1,-1,-1,-1
1641,38,736,788,97,72,1,-1,-1,-1
1642,38,738,789,106,77,1,-1,-1,-1
1643,38,742,787,115,78,1,-1,-1,-1
1644,38,756,787,115,82,1,-1,-1,-1
1645,38,766,785,119,86,1,-1,-1,-1
1646,38,777,786,119,89,1,-1,-1,-1
1647,38,789,788,119,91,1,-1,-1,-1
1648,38,797,787,128,93,1,-1,-1,-1
1649,38,809,787,128,98,1,-1,-1,-1
1650,38,819,784,135,108,1,-1,-1,-1
1651,38,831,787,137,108,1,-1,-1,-1
1652,38,843,788,143,111,1,-1,-1,-1
1653,38,855,787,148,121,1,-1,-1,-1
1654,38,868,791,152,122,1,-1,-1,-1
1655,38,879,794,166,123,1,-1,-1,-1
1656,38,894,791,168,133,1,-1,-1,-1
1657,38,909,794,175,138,1,-1,-1,-1
1658,38,921,798,189,142,1,-1,-1,-1
1659,38,939,797,199,150,1,-1,-1,-1
1660,38,960,799,210,158,1,-1,-1,-1
1661,38,979,800,221,165,1,-1,-1,-1
1662,38,1000,803,238,172,1,-1,-1,-1
1663,38,1025,803,252,190,1,-1,-1,-1
1664,38,1050,804,276,198,1,-1,-1,-1
1665,38,1086,807,290,213,1,-1,-1,-1
1666,38,1116,811,321,226,1,-1,-1,-1
1667,38,1159,812,345,248,1,-1,-1,-1
1668,38,1200,813,387,267,1,-1,-1,-1
1669,38,1252,817,429,287,1,-1,-1,-1
1670,38,1309,820,485,320,1,-1,-1,-1
1671,38,1380,825,555,351,1,-1,-1,-1
1672,38,1456,828,646,394,1,-1,-1,-1
1673,38,1557,836,761,444,1,-1,-1,-1
1674,38,1679,844,880,511,1,-1,-1,-1
1675,38,1831,854,727,601,1,-1,-1,-1
1676,38,2021,868,535,510,1,-1,-1,-1
1677,38,2279,900,281,556,1,-1,-1,-1
1236,50,552,789,84,65,1,-1,-1,-1
1237,50,560,794,82,59,1,-1,-1,-1
1238,50,561,793,86,59,1,-1,-1,-1
1239,50,572,796,82,58,1,-1,-1,-1
1240,50,577,795,85,59,1,-1,-1,-1
1241,50,581,796,87,60,1,-1,-1,-1
1242,50,583,795,90,61,1,-1,-1,-1
1243,50,585,795,94,62,1,-1,-1,-1
1244,50,597,792,88,65,1,-1,-1,-1
1245,50,601,791,90,67,1,-1,-1,-1
1246,50,608,793,87,65,1,-1,-1,-1
1247,50,615,792,94,67,1,-1,-1,-1
1248,50,619,792,91,67,1,-1,-1,-1
1249,50,625,793,86,68,1,-1,-1,-1
1250,50,631,793,85,69,1,-1,-1,-1
1251,50,636,792,85,71,1,-1,-1,-1
1252,50,640,793,80,70,1,-1,-1,-1
1253,50,648,795,74,69,1,-1,-1,-1
1254,50,655,797,82,67,1,-1,-1,-1
1255,50,661,799,106,66,1,-1,-1,-1
1256,50,668,792,109,74,1,-1,-1,-1
1257,50,675,789,109,78,1,-1,-1,-1
1258,50,680,787,113,83,1,-1,-1,-1
1259,50,688,791,117,78,1,-1,-1,-1
1260,50,701,788,114,82,1,-1,-1,-1
1261,50,720,788,104,83,1,-1,-1,-1
1262,50,730,788,107,85,1,-1,-1,-1
1263,50,735,783,112,93,1,-1,-1,-1
1264,50,738,780,120,99,1,-1,-1,-1
1265,50,736,781,132,101,1,-1,-1,-1
1266,50,745,786,131,100,1,-1,-1,-1
1267,50,760,788,130,99,1,-1,-1,-1
1268,50,772,789,132,101,1,-1,-1,-1
1269,50,777,785,139,106,1,-1,-1,-1
1270,50,784,782,144,113,1,-1,-1,-1
1271,50,792,783,152,114,1,-1,-1,-1
1272,50,805,784,154,116,1,-1,-1,-1
1273,50,816,783,159,120,1,-1,-1,-1
1274,50,826,782,161,127,1,-1,-1,-1
1275,50,835,782,169,128,1,-1,-1,-1
1276,50,849,784,172,133,1,-1,-1,-1
1277,50,857,784,184,136,1,-1,-1,-1
1278,50,872,785,184,139,1,-1,-1,-1
1279,50,885,785,186,141,1,-1,-1,-1
1280,50,897,782,193,151,1,-1,-1,-1
1281,50,910,783,202,156,1,-1,-1,-1
1282,50,923,781,211,166,1,-1,-1,-1
1283,50,935,781,220,172,1,-1,-1,-1
1284,50,953,784,228,179,1,-1,-1,-1
1285,50,967,786,240,183,1,-1,-1,-1
1286,50,984,785,250,194,1,-1,-1,-1
1287,50,1000,786,266,206,1,-1,-1,-1
1288,50,1021,790,277,213,1,-1,-1,-1
1289,50,1040,788,295,227,1,-1,-1,-1
1290,50,1065,793,311,238,1,-1,-1,-1
1291,50,1093,797,323,246,1,-1,-1,-1
1292,50,1111,798,355,266,1,-1,-1,-1
1293,50,1139,800,381,285,1,-1,-1,-1
1294,50,1170,805,415,301,1,-1,-1,-1
1295,50,1206,807,453,324,1,-1,-1,-1
1296,50,1245,810,494,349,1,-1,-1,-1
1297,50,1288,814,546,378,1,-1,-1,-1
1298,50,1336,816,611,414,1,-1,-1,-1
1299,50,1395,821,690,454,1,-1,-1,-1
1300,50,1459,829,789,501,1,-1,-1,-1
1301,50,1532,839,912,556,1,-1,-1,-1
1302,50,1625,846,932,629,1,-1,-1,-1
1303,50,1739,856,817,723,1,-1,-1,-1
1304,50,1872,867,685,680,1,-1,-1,-1
1305,50,2041,881,515,661,1,-1,-1,-1
1306,50,2254,909,304,685,1,-1,-1,-1
2125,60,2372,721,186,248,1,-1,-1,-1
2126,60,2262,647,297,306,1,-1,-1,-1
2127,60,2158,615,400,326,1,-1,-1,-1
2128,60,2066,639,492,327,1,-1,-1,-1
2129,60,1983,596,577,358,1,-1,-1,-1
2130,60,1909,607,646,334,1,-1,-1,-1
2131,60,1846,614,598,317,1,-1,-1,-1
2132,60,1786,618,552,298,1,-1,-1,-1
2133,60,1731,623,513,284,1,-1,-1,-1
2134,60,1681,630,474,269,1,-1,-1,-1
2135,60,1633,634,445,257,1,-1,-1,-1
2136,60,1594,642,413,241,1,-1,-1,-1
2137,60,1550,643,390,233,1,-1,-1,-1
2138,60,1513,649,368,221,1,-1,-1,-1
2139,60,1479,653,347,211,1,-1,-1,-1
2140,60,1446,653,328,206,1,-1,-1,-1
2141,60,1414,655,311,199,1,-1,-1,-1
2142,60,1385,661,297,189,1,-1,-1,-1
2143,60,1354,664,288,183,1,-1,-1,-1
2144,60,1335,667,266,175,1,-1,-1,-1
2145,60,1307,666,258,176,1,-1,-1,-1
2146,60,1286,673,243,164,1,-1,-1,-1
2147,60,1261,674,237,160,1,-1,-1,-1
2148,60,1233,679,236,154,1,-1,-1,-1
2149,60,1219,678,220,152,1,-1,-1,-1
2150,60,1200,680,213,150,1,-1,-1,-1
2151,60,1183,682,205,145,1,-1,-1,-1
2152,60,1164,687,199,139,1,-1,-1,-1
2153,60,1147,690,190,134,1,-1,-1,-1
2154,60,1130,691,186,132,1,-1,-1,-1
2155,60,1116,692,176,130,1,-1,-1,-1
2156,60,1101,690,174,130,1,-1,-1,-1
2157,60,1087,693,168,124,1,-1,-1,-1
2158,60,1070,697,165,119,1,-1,-1,-1
2159,60,1058,700,158,114,1,-1,-1,-1
2160,60,1040,703,159,109,1,-1,-1,-1
2161,60,1029,702,153,109,1,-1,-1,-1
2162,60,1018,701,147,111,1,-1,-1,-1
2163,60,1002,706,146,106,1,-1,-1,-1
2164,60,986,708,145,103,1,-1,-1,-1
2165,60,978,707,140,104,1,-1,-1,-1
2166,60,965,709,140,101,1,-1,-1,-1
2167,60,956,710,133,100,1,-1,-1,-1
2168,60,943,714,132,96,1,-1,-1,-1
2169,60,934,716,129,93,1,-1,-1,-1
2170,60,921,714,129,96,1,-1,-1,-1
2171,60,910,720,124,90,1,-1,-1,-1
2172,60,903,720,118,90,1,-1,-1,-1
2173,60,890,724,122,86,1,-1,-1,-1
2174,60,878,724,122,87,1,-1,-1,-1
2175,60,868,727,119,85,1,-1,-1,-1
2176,60,859,727,116,87,1,-1,-1,-1
2177,60,847,731,115,83,1,-1,-1,-1
2178,60,839,734,112,81,1,-1,-1,-1
2179,60,832,735,106,79,1,-1,-1,-1
2180,60,822,736,106,80,1,-1,-1,-1
2181,60,809,735,109,80,1,-1,-1,-1
2182,60,801,739,106,76,1,-1,-1,-1
2183,60,792,739,101,77,1,-1,-1,-1
2184,60,783,740,102,75,1,-1,-1,-1
2185,60,774,740,99,75,1,-1,-1,-1
2186,60,766,743,97,72,1,-1,-1,-1
2187,60,759,745,93,70,1,-1,-1,-1
2188,60,751,746,92,68,1,-1,-1,-1
2189,60,742,748,92,67,1,-1,-1,-1
2190,60,733,751,92,63,1,-1,-1,-1
2191,60,730,753,88,60,1,-1,-1,-1
2192,60,728,755,82,59,1,-1,-1,-1
2193,60,719,754,82,60,1,-1,-1,-1
2194,60,717,754,78,59,1,-1,-1,-1
2195,60,718,755,65,56,1,-1,-1,-1
2196,60,713,755,65,57,1,-1,-1,-1
2197,60,710,757,58,54,1,-1,-1,-1
2198,60,683,755,80,57,1,-1,-1,-1
2203,60,654,764,44,57,1,-1,-1,-1
2204,60,649,758,50,65,1,-1,-1,-1
2205,60,642,760,60,61,1,-1,-1,-1
2206,60,640,762,59,61,1,-1,-1,-1
2207,60,637,763,63,61,1,-1,-1,-1
2208,60,632,762,63,62,1,-1,-1,-1
2209,60,626,765,66,57,1,-1,-1,-1
2210,60,619,765,72,58,1,-1,-1,-1
2211,60,615,767,67,55,1,-1,-1,-1
2212,60,610,766,67,55,1,-1,-1,-1
2213,60,603,766,72,54,1,-1,-1,-1
2214,60,601,771,65,49,1,-1,-1,-1
2215,60,600,772,60,48,1,-1,-1,-1
2216,60,596,771,59,49,1,-1,-1,-1
2217,60,595,775,55,44,1,-1,-1,-1
2218,60,545,773,101,49,1,-1,-1,-1
2219,60,545,773,98,48,1,-1,-1,-1
2220,60,545,774,94,46,1,-1,-1,-1
2221,60,546,773,86,45,1,-1,-1,-1
2222,60,547,774,78,43,1,-1,-1,-1
2223,60,545,775,74,44,1,-1,-1,-1
2224,60,543,774,74,44,1,-1,-1,-1
2225,60,542,775,69,42,1,-1,-1,-1
2226,60,542,774,65,44,1,-1,-1,-1
2227,60,543,774,60,42,1,-1,-1,-1
2228,60,541,773,62,43,1,-1,-1,-1
1781,77,538,773,58,32,1,-1,-1,-1
1782,77,537,773,57,32,1,-1,-1,-1
1783,77,538,773,58,31,1,-1,-1,-1
1784,77,538,773,59,32,1,-1,-1,-1
1785,77,538,773,60,32,1,-1,-1,-1
1786,77,539,773,58,31,1,-1,-1,-1
1787,77,539,773,58,31,1,-1,-1,-1
1788,77,539,773,57,32,1,-1,-1,-1
1789,77,540,773,57,32,1,-1,-1,-1
1790,77,540,773,57,32,1,-1,-1,-1
1791,77,539,773,58,32,1,-1,-1,-1
1792,77,539,773,58,32,1,-1,-1,-1
1793,77,539,773,58,32,1,-1,-1,-1
1794,77,539,773,58,32,1,-1,-1,-1
1795,77,539,773,58,32,1,-1,-1,-1
1796,77,539,773,57,32,1,-1,-1,-1
1797,77,539,773,58,32,1,-1,-1,-1
1798,77,539,773,58,32,1,-1,-1,-1
1799,77,540,773,58,32,1,-1,-1,-1
1800,77,540,773,58,32,1,-1,-1,-1
1801,77,540,772,57,32,1,-1,-1,-1
1802,77,540,772,57,32,1,-1,-1,-1
1803,77,540,773,58,32,1,-1,-1,-1
1804,77,540,773,58,32,1,-1,-1,-1
1805,77,540,773,58,32,1,-1,-1,-1
1806,77,540,773,58,32,1,-1,-1,-1
1807,77,540,773,57,32,1,-1,-1,-1
1808,77,540,773,57,32,1,-1,-1,-1
1809,77,540,773,57,32,1,-1,-1,-1
1810,77,540,773,57,32,1,-1,-1,-1
1811,77,540,773,57,32,1,-1,-1,-1
1812,77,540,773,57,32,1,-1,-1,-1
1813,77,541,774,57,31,1,-1,-1,-1
1814,77,541,774,57,31,1,-1,-1,-1
1815,77,541,774,57,31,1,-1,-1,-1
1816,77,541,774,58,31,1,-1,-1,-1
1817,77,541,774,57,31,1,-1,-1,-1
1818,77,540,773,57,31,1,-1,-1,-1
1819,77,540,773,57,31,1,-1,-1,-1
1820,77,540,773,57,31,1,-1,-1,-1
1821,77,540,773,57,31,1,-1,-1,-1
1822,77,540,773,57,31,1,-1,-1,-1
1823,77,540,773,57,31,1,-1,-1,-1
1824,77,540,773,57,31,1,-1,-1,-1
1825,77,540,773,58,31,1,-1,-1,-1
1826,77,540,773,57,31,1,-1,-1,-1
1827,77,540,773,58,31,1,-1,-1,-1
1828,77,540,773,58,31,1,-1,-1,-1
1829,77,540,773,58,31,1,-1,-1,-1
1830,77,540,773,58,31,1,-1,-1,-1
1831,77,540,773,57,32,1,-1,-1,-1
1832,77,540,772,57,32,1,-1,-1,-1
1833,77,540,773,57,32,1,-1,-1,-1
1834,77,540,773,57,32,1,-1,-1,-1
1835,77,540,772,57,32,1,-1,-1,-1
1836,77,540,772,57,32,1,-1,-1,-1
1837,77,540,772,57,33,1,-1,-1,-1
1838,77,541,772,55,32,1,-1,-1,-1
1839,77,541,772,55,32,1,-1,-1,-1
1840,77,541,772,55,32,1,-1,-1,-1
1841,77,541,772,55,32,1,-1,-1,-1
1842,77,541,772,56,32,1,-1,-1,-1
1843,77,541,772,56,32,1,-1,-1,-1
1844,77,541,772,55,32,1,-1,-1,-1
1845,77,541,772,55,32,1,-1,-1,-1
1846,77,540,772,56,32,1,-1,-1,-1
1847,77,541,772,56,32,1,-1,-1,-1
1848,77,541,772,56,32,1,-1,-1,-1
1849,77,541,773,56,31,1,-1,-1,-1
1850,77,541,773,56,31,1,-1,-1,-1
1851,77,541,772,56,31,1,-1,-1,-1
1852,77,541,772,56,31,1,-1,-1,-1
1853,77,541,773,56,31,1,-1,-1,-1
1854,77,541,773,56,31,1,-1,-1,-1
1855,77,541,773,56,31,1,-1,-1,-1
1856,77,541,772,56,31,1,-1,-1,-1
1857,77,541,773,56,31,1,-1,-1,-1
1858,77,541,773,56,31,1,-1,-1,-1
1859,77,541,772,56,31,1,-1,-1,-1
1860,77,541,772,56,31,1,-1,-1,-1
1861,77,541,772,56,31,1,-1,-1,-1
1862,77,541,773,56,31,1,-1,-1,-1
1863,77,541,773,56,31,1,-1,-1,-1
1864,77,541,773,56,31,1,-1,-1,-1
1865,77,541,773,56,31,1,-1,-1,-1
1866,77,541,773,56,31,1,-1,-1,-1
1867,77,541,773,57,31,1,-1,-1,-1
1868,77,541,773,56,31,1,-1,-1,-1
1869,77,541,773,56,31,1,-1,-1,-1
1870,77,541,773,56,31,1,-1,-1,-1
1871,77,541,772,56,31,1,-1,-1,-1
1872,77,541,772,56,31,1,-1,-1,-1
1873,77,540,772,56,32,1,-1,-1,-1
1874,77,540,772,57,32,1,-1,-1,-1
1875,77,541,773,56,31,1,-1,-1,-1
1876,77,541,773,57,32,1,-1,-1,-1
1877,77,541,773,57,31,1,-1,-1,-1
1878,77,541,773,57,31,1,-1,-1,-1
1879,77,541,773,57,31,1,-1,-1,-1
1880,77,541,773,56,32,1,-1,-1,-1
1881,77,541,773,56,32,1,-1,-1,-1
1882,77,541,773,56,32,1,-1,-1,-1
1883,77,541,773,56,32,1,-1,-1,-1
1884,77,541,773,56,32,1,-1,-1,-1
1885,77,541,773,57,31,1,-1,-1,-1
1886,77,541,773,57,31,1,-1,-1,-1
1887,77,541,773,57,31,1,-1,-1,-1
1888,77,541,773,56,31,1,-1,-1,-1
1889,77,541,773,56,31,1,-1,-1,-1
1890,77,541,773,56,31,1,-1,-1,-1
1891,77,543,773,54,31,1,-1,-1,-1
1892,77,543,773,54,31,1,-1,-1,-1
1893,77,543,773,54,31,1,-1,-1,-1
1894,77,543,773,54,31,1,-1,-1,-1
1895,77,542,773,54,32,1,-1,-1,-1
1896,77,543,773,54,32,1,-1,-1,-1
1897,77,542,774,57,31,1,-1,-1,-1
1898,77,542,774,57,31,1,-1,-1,-1
1899,77,542,774,57,31,1,-1,-1,-1
1900,77,542,774,57,31,1,-1,-1,-1
1901,77,542,774,57,31,1,-1,-1,-1
1902,77,542,774,57,31,1,-1,-1,-1
1903,77,542,774,57,31,1,-1,-1,-1
1904,77,542,774,57,31,1,-1,-1,-1
1905,77,542,774,57,31,1,-1,-1,-1
1906,77,542,774,57,31,1,-1,-1,-1
1907,77,542,774,57,31,1,-1,-1,-1
1908,77,542,773,57,31,1,-1,-1,-1
1909,77,542,774,58,31,1,-1,-1,-1
1910,77,542,773,57,31,1,-1,-1,-1
1911,77,542,773,56,31,1,-1,-1,-1
1912,77,542,774,57,31,1,-1,-1,-1
1913,77,542,774,58,31,1,-1,-1,-1
1914,77,542,774,57,31,1,-1,-1,-1
1915,77,542,774,57,31,1,-1,-1,-1
1916,77,541,773,58,32,1,-1,-1,-1
1917,77,541,773,58,32,1,-1,-1,-1
1918,77,541,773,57,32,1,-1,-1,-1
1919,77,541,773,57,32,1,-1,-1,-1
1920,77,541,773,57,32,1,-1,-1,-1
1921,77,543,774,57,31,1,-1,-1,-1
1922,77,543,774,57,31,1,-1,-1,-1
1923,77,543,774,57,31,1,-1,-1,-1
1924,77,543,774,57,31,1,-1,-1,-1
1925,77,543,774,57,31,1,-1,-1,-1
1926,77,543,774,57,31,1,-1,-1,-1
1927,77,543,774,57,31,1,-1,-1,-1
1928,77,543,774,56,31,1,-1,-1,-1
1929,77,543,773,56,31,1,-1,-1,-1
1930,77,543,773,57,31,1,-1,-1,-1
1931,77,543,773,57,31,1,-1,-1,-1
1932,77,543,773,56,31,1,-1,-1,-1
1933,77,543,773,56,32,1,-1,-1,-1
1934,77,543,773,56,32,1,-1,-1,-1
1935,77,542,773,56,31,1,-1,-1,-1
1936,77,543,773,55,31,1,-1,-1,-1
1937,77,542,773,56,31,1,-1,-1,-1
1938,77,543,773,55,31,1,-1,-1,-1
1939,77,543,773,56,31,1,-1,-1,-1
1940,77,543,773,55,31,1,-1,-1,-1
1941,77,543,773,55,31,1,-1,-1,-1
1942,77,542,773,56,31,1,-1,-1,-1
1943,77,542,773,56,31,1,-1,-1,-1
1944,77,543,773,56,31,1,-1,-1,-1
1945,77,542,773,56,31,1,-1,-1,-1
1946,77,542,773,56,31,1,-1,-1,-1
1947,77,542,773,56,31,1,-1,-1,-1
1948,77,542,773,56,31,1,-1,-1,-1
1949,77,542,773,56,31,1,-1,-1,-1
1950,77,542,773,56,31,1,-1,-1,-1
1951,77,542,773,56,31,1,-1,-1,-1
1952,77,542,773,57,31,1,-1,-1,-1
1953,77,542,773,56,31,1,-1,-1,-1
1954,77,542,773,57,31,1,-1,-1,-1
1955,77,542,773,57,31,1,-1,-1,-1
1956,77,542,773,57,31,1,-1,-1,-1
1957,77,542,773,57,31,1,-1,-1,-1
1958,77,541,773,57,32,1,-1,-1,-1
1959,77,541,773,57,32,1,-1,-1,-1
1960,77,541,773,58,32,1,-1,-1,-1
1961,77,541,773,57,32,1,-1,-1,-1
1962,77,541,773,57,32,1,-1,-1,-1
1963,77,541,773,57,32,1,-1,-1,-1
1964,77,541,772,55,32,1,-1,-1,-1
1965,77,541,772,56,32,1,-1,-1,-1
1966,77,541,772,56,32,1,-1,-1,-1
1967,77,541,772,56,32,1,-1,-1,-1
1968,77,541,772,56,32,1,-1,-1,-1
1969,77,542,773,55,32,1,-1,-1,-1
1970,77,542,773,55,32,1,-1,-1,-1
1971,77,542,773,55,32,1,-1,-1,-1
1972,77,542,772,54,32,1,-1,-1,-1
1973,77,542,772,55,32,1,-1,-1,-1
1974,77,542,772,55,32,1,-1,-1,-1
1975,77,542,772,55,32,1,-1,-1,-1
1976,77,542,772,55,32,1,-1,-1,-1
1977,77,542,772,55,32,1,-1,-1,-1
1978,77,542,773,55,32,1,-1,-1,-1
1979,77,542,773,54,32,1,-1,-1,-1
1980,77,542,773,54,32,1,-1,-1,-1
1981,77,542,772,55,32,1,-1,-1,-1
1982,77,542,772,55,32,1,-1,-1,-1
1983,77,542,772,55,32,1,-1,-1,-1
1984,77,542,773,55,31,1,-1,-1,-1
1985,77,542,773,55,31,1,-1,-1,-1
1986,77,542,773,55,31,1,-1,-1,-1
1987,77,542,773,55,31,1,-1,-1,-1
1988,77,542,773,55,31,1,-1,-1,-1
1989,77,542,773,55,31,1,-1,-1,-1
1990,77,542,773,55,31,1,-1,-1,-1
1991,77,542,773,55,31,1,-1,-1,-1
1992,77,542,773,55,31,1,-1,-1,-1
1993,77,540,773,57,31,1,-1,-1,-1
1994,77,540,773,57,31,1,-1,-1,-1
1995,77,540,773,57,31,1,-1,-1,-1
1996,77,540,773,57,32,1,-1,-1,-1
1997,77,540,773,57,31,1,-1,-1,-1
1998,77,540,773,57,31,1,-1,-1,-1
1999,77,540,773,57,31,1,-1,-1,-1
2000,77,540,773,57,31,1,-1,-1,-1
2001,77,540,773,57,32,1,-1,-1,-1
2002,77,540,773,56,32,1,-1,-1,-1
2003,77,540,773,56,32,1,-1,-1,-1
2004,77,540,773,56,32,1,-1,-1,-1
2005,77,542,772,55,31,1,-1,-1,-1
2006,77,542,772,55,31,1,-1,-1,-1
2007,77,542,772,55,31,1,-1,-1,-1
2008,77,542,772,55,31,1,-1,-1,-1
2009,77,542,773,55,31,1,-1,-1,-1
2010,77,542,773,55,31,1,-1,-1,-1
2011,77,542,773,55,31,1,-1,-1,-1
2012,77,542,773,56,31,1,-1,-1,-1
2013,77,542,773,56,31,1,-1,-1,-1
2014,77,542,773,56,31,1,-1,-1,-1
2015,77,542,773,56,31,1,-1,-1,-1
2016,77,542,773,56,31,1,-1,-1,-1
2017,77,542,772,56,32,1,-1,-1,-1
2018,77,542,773,57,32,1,-1,-1,-1
2019,77,542,773,57,32,1,-1,-1,-1
2020,77,542,773,57,32,1,-1,-1,-1
2021,77,542,773,57,32,1,-1,-1,-1
2022,77,542,773,58,31,1,-1,-1,-1
2023,77,542,773,58,31,1,-1,-1,-1
2024,77,542,773,58,31,1,-1,-1,-1
2025,77,542,773,58,31,1,-1,-1,-1
2026,77,542,773,58,31,1,-1,-1,-1
2027,77,542,773,58,31,1,-1,-1,-1
2028,77,541,773,58,31,1,-1,-1,-1
2029,77,539,773,58,32,1,-1,-1,-1
2030,77,539,773,58,32,1,-1,-1,-1
2031,77,540,773,58,32,1,-1,-1,-1
2032,77,540,773,58,32,1,-1,-1,-1
2033,77,540,773,58,32,1,-1,-1,-1
2034,77,539,773,58,32,1,-1,-1,-1
2035,77,539,773,58,32,1,-1,-1,-1
2036,77,539,773,58,32,1,-1,-1,-1
2037,77,539,773,58,32,1,-1,-1,-1
2038,77,541,773,57,31,1,-1,-1,-1
2039,77,541,773,57,31,1,-1,-1,-1
2040,77,541,773,57,31,1,-1,-1,-1
2041,77,543,774,56,31,1,-1,-1,-1
2042,77,543,774,56,31,1,-1,-1,-1
2043,77,543,774,56,31,1,-1,-1,-1
2044,77,543,774,56,31,1,-1,-1,-1
2045,77,543,774,56,31,1,-1,-1,-1
2046,77,542,774,56,31,1,-1,-1,-1
2047,77,542,774,56,31,1,-1,-1,-1
2048,77,543,773,55,31,1,-1,-1,-1
2049,77,543,773,55,31,1,-1,-1,-1
2050,77,542,773,55,31,1,-1,-1,-1
2051,77,542,773,55,31,1,-1,-1,-1
2052,77,542,773,55,31,1,-1,-1,-1
2053,77,542,773,55,31,1,-1,-1,-1
2054,77,542,773,55,31,1,-1,-1,-1
2055,77,542,773,55,31,1,-1,-1,-1
2056,77,542,773,55,31,1,-1,-1,-1
2057,77,542,773,55,31,1,-1,-1,-1
2058,77,542,773,55,31,1,-1,-1,-1
2059,77,542,773,55,31,1,-1,-1,-1
2060,77,542,773,55,31,1,-1,-1,-1
2061,77,542,773,55,31,1,-1,-1,-1
2062,77,542,773,55,31,1,-1,-1,-1
2063,77,542,773,55,31,1,-1,-1,-1
2064,77,542,773,55,31,1,-1,-1,-1
2065,77,543,773,56,31,1,-1,-1,-1
2066,77,542,773,57,31,1,-1,-1,-1
2067,77,542,773,57,31,1,-1,-1,-1
2068,77,543,772,55,32,1,-1,-1,-1
2069,77,543,772,55,32,1,-1,-1,-1
2070,77,543,772,55,32,1,-1,-1,-1
2071,77,543,772,55,32,1,-1,-1,-1
2072,77,543,772,55,32,1,-1,-1,-1
2073,77,543,772,55,32,1,-1,-1,-1
2074,77,543,772,55,32,1,-1,-1,-1
2075,77,543,772,55,32,1,-1,-1,-1
2076,77,543,773,53,32,1,-1,-1,-1
2077,77,543,773,53,32,1,-1,-1,-1
2078,77,542,772,54,32,1,-1,-1,-1
2079,77,542,772,54,32,1,-1,-1,-1
2080,77,542,772,54,32,1,-1,-1,-1
2081,77,543,772,54,32,1,-1,-1,-1
2082,77,543,772,54,32,1,-1,-1,-1
2083,77,543,772,54,32,1,-1,-1,-1
2084,77,543,772,54,32,1,-1,-1,-1
2085,77,543,772,54,32,1,-1,-1,-1
2086,77,542,772,53,32,1,-1,-1,-1
2087,77,542,772,53,32,1,-1,-1,-1
2088,77,542,772,54,32,1,-1,-1,-1
2089,77,544,773,53,32,1,-1,-1,-1
2090,77,544,773,53,32,1,-1,-1,-1
2091,77,544,773,53,32,1,-1,-1,-1
2092,77,544,773,53,32,1,-1,-1,-1
2093,77,544,773,53,32,1,-1,-1,-1
2094,77,544,773,53,32,1,-1,-1,-1
2095,77,544,773,53,32,1,-1,-1,-1
2096,77,544,773,54,32,1,-1,-1,-1
2097,77,544,773,54,32,1,-1,-1,-1
2098,77,544,773,54,32,1,-1,-1,-1
2099,77,543,773,53,32,1,-1,-1,-1
2100,77,543,773,55,32,1,-1,-1,-1
2101,77,543,773,56,31,1,-1,-1,-1
2102,77,543,773,56,31,1,-1,-1,-1
2103,77,543,773,56,31,1,-1,-1,-1
2104,77,543,773,56,31,1,-1,-1,-1
2105,77,544,773,56,31,1,-1,-1,-1
2106,77,543,773,56,31,1,-1,-1,-1
2107,77,543,773,55,31,1,-1,-1,-1
2108,77,543,773,54,32,1,-1,-1,-1
2109,77,544,773,55,32,1,-1,-1,-1
2110,77,544,773,55,32,1,-1,-1,-1
2111,77,543,773,55,32,1,-1,-1,-1
2112,77,543,773,55,32,1,-1,-1,-1
2113,77,543,773,55,32,1,-1,-1,-1
2114,77,543,773,55,32,1,-1,-1,-1
2115,77,543,773,55,32,1,-1,-1,-1
2116,77,543,773,55,32,1,-1,-1,-1
2117,77,543,773,55,32,1,-1,-1,-1
2118,77,543,773,55,32,1,-1,-1,-1
2119,77,543,773,55,32,1,-1,-1,-1
2120,77,543,773,55,32,1,-1,-1,-1
2121,77,543,773,55,32,1,-1,-1,-1
2122,77,542,773,56,32,1,-1,-1,-1
2123,77,542,773,55,31,1,-1,-1,-1
2124,77,542,773,55,31,1,-1,-1,-1
2125,77,542,772,55,32,1,-1,-1,-1
2126,77,542,772,55,32,1,-1,-1,-1
2127,77,542,772,55,32,1,-1,-1,-1
2128,77,541,773,58,32,1,-1,-1,-1
2129,77,541,773,58,32,1,-1,-1,-1
2130,77,541,772,58,32,1,-1,-1,-1
2131,77,541,772,58,32,1,-1,-1,-1
2132,77,541,773,58,32,1,-1,-1,-1
2133,77,541,773,57,31,1,-1,-1,-1
2134,77,541,772,57,32,1,-1,-1,-1
2135,77,541,772,58,32,1,-1,-1,-1
2136,77,541,772,58,32,1,-1,-1,-1
2137,77,541,772,57,32,1,-1,-1,-1
2138,77,541,772,56,32,1,-1,-1,-1
2139,77,541,772,56,32,1,-1,-1,-1
2140,77,541,772,56,32,1,-1,-1,-1
2141,77,541,772,57,32,1,-1,-1,-1
2142,77,541,772,56,32,1,-1,-1,-1
2143,77,541,772,56,32,1,-1,-1,-1
2144,77,541,772,56,32,1,-1,-1,-1
2145,77,541,772,56,32,1,-1,-1,-1
2146,77,541,772,56,32,1,-1,-1,-1
2147,77,541,772,57,32,1,-1,-1,-1
2148,77,541,772,55,32,1,-1,-1,-1
2149,77,542,773,57,32,1,-1,-1,-1
2150,77,542,773,56,32,1,-1,-1,-1
2151,77,542,773,57,32,1,-1,-1,-1
2152,77,542,773,57,32,1,-1,-1,-1
2153,77,541,773,57,32,1,-1,-1,-1
2154,77,541,773,57,32,1,-1,-1,-1
2155,77,541,773,57,32,1,-1,-1,-1
2156,77,541,773,57,32,1,-1,-1,-1
2157,77,542,773,57,31,1,-1,-1,-1
2158,77,541,773,58,32,1,-1,-1,-1
2159,77,541,773,58,32,1,-1,-1,-1
2160,77,541,773,58,32,1,-1,-1,-1
2161,77,542,773,58,32,1,-1,-1,-1
2162,77,542,773,58,32,1,-1,-1,-1
2163,77,542,772,58,32,1,-1,-1,-1
2164,77,542,772,58,32,1,-1,-1,-1
2165,77,542,773,58,32,1,-1,-1,-1
2166,77,542,772,58,32,1,-1,-1,-1
2167,77,542,772,58,32,1,-1,-1,-1
2168,77,542,772,58,32,1,-1,-1,-1
2169,77,541,772,59,32,1,-1,-1,-1
2170,77,541,772,59,33,1,-1,-1,-1
2171,77,541,772,58,33,1,-1,-1,-1
2172,77,541,772,59,33,1,-1,-1,-1
2173,77,541,772,60,32,1,-1,-1,-1
2174,77,541,772,60,32,1,-1,-1,-1
2175,77,541,773,60,32,1,-1,-1,-1
2176,77,541,773,60,32,1,-1,-1,-1
2177,77,541,773,60,32,1,-1,-1,-1
2178,77,541,773,59,32,1,-1,-1,-1
2179,77,542,772,59,32,1,-1,-1,-1
2180,77,542,772,58,32,1,-1,-1,-1
2181,77,542,773,58,32,1,-1,-1,-1
2182,77,542,773,57,32,1,-1,-1,-1
2183,77,542,773,57,32,1,-1,-1,-1
2184,77,542,773,57,32,1,-1,-1,-1
2185,77,541,773,58,32,1,-1,-1,-1
2186,77,541,773,58,32,1,-1,-1,-1
2187,77,541,773,58,32,1,-1,-1,-1
2188,77,541,772,56,33,1,-1,-1,-1
2189,77,541,772,56,33,1,-1,-1,-1
2190,77,541,772,56,33,1,-1,-1,-1
2191,77,540,772,56,33,1,-1,-1,-1
2192,77,541,772,56,33,1,-1,-1,-1
2193,77,540,772,56,33,1,-1,-1,-1
2194,77,540,772,56,33,1,-1,-1,-1
2195,77,540,772,56,33,1,-1,-1,-1
2196,77,540,772,56,32,1,-1,-1,-1
2197,77,540,773,56,32,1,-1,-1,-1
2198,77,541,773,56,32,1,-1,-1,-1
2199,77,540,773,56,32,1,-1,-1,-1
2200,77,541,773,56,32,1,-1,-1,-1
2201,77,541,772,56,32,1,-1,-1,-1
2202,77,540,772,55,33,1,-1,-1,-1
2203,77,540,772,56,33,1,-1,-1,-1
2204,77,540,772,56,33,1,-1,-1,-1
2205,77,540,772,56,33,1,-1,-1,-1
2206,77,540,772,56,33,1,-1,-1,-1
2207,77,540,773,57,33,1,-1,-1,-1
2208,77,540,773,57,33,1,-1,-1,-1
2209,77,540,773,57,33,1,-1,-1,-1
2210,77,540,773,56,34,1,-1,-1,-1
2211,77,541,773,56,34,1,-1,-1,-1
2212,77,541,772,54,36,1,-1,-1,-1
2213,77,541,772,56,37,1,-1,-1,-1
2214,77,539,773,57,33,1,-1,-1,-1
2215,77,540,774,57,34,1,-1,-1,-1
2216,77,539,774,58,36,1,-1,-1,-1
2217,77,539,775,60,38,1,-1,-1,-1
2229,77,544,775,56,43,1,-1,-1,-1
2230,77,539,774,59,44,1,-1,-1,-1
2231,77,540,775,58,40,1,-1,-1,-1
2232,77,541,774,57,39,1,-1,-1,-1
2233,77,543,773,53,37,1,-1,-1,-1
2234,77,544,773,53,37,1,-1,-1,-1
2235,77,543,772,51,40,1,-1,-1,-1
2236,77,543,772,52,39,1,-1,-1,-1
2237,77,543,772,52,37,1,-1,-1,-1
2238,77,543,772,51,36,1,-1,-1,-1
2239,77,542,772,53,33,1,-1,-1,-1
2240,77,544,772,52,32,1,-1,-1,-1
2241,77,542,772,54,32,1,-1,-1,-1
2242,77,542,772,53,33,1,-1,-1,-1
2243,77,539,771,56,36,1,-1,-1,-1
2244,77,537,772,60,40,1,-1,-1,-1
2245,77,538,772,63,77,1,-1,-1,-1
742,79,542,775,54,33,1,-1,-1,-1
743,79,542,775,54,34,1,-1,-1,-1
744,79,542,775,56,35,1,-1,-1,-1
745,79,541,775,55,33,1,-1,-1,-1
746,79,540,773,53,32,1,-1,-1,-1
747,79,540,773,53,32,1,-1,-1,-1
748,79,539,773,55,32,1,-1,-1,-1
749,79,541,773,54,32,1,-1,-1,-1
750,79,540,773,55,32,1,-1,-1,-1
751,79,540,773,57,32,1,-1,-1,-1
752,79,541,773,56,32,1,-1,-1,-1
753,79,541,773,56,32,1,-1,-1,-1
754,79,541,773,56,32,1,-1,-1,-1
755,79,541,773,56,32,1,-1,-1,-1
756,79,542,773,56,32,1,-1,-1,-1
757,79,541,773,56,32,1,-1,-1,-1
758,79,541,773,57,32,1,-1,-1,-1
759,79,541,773,56,32,1,-1,-1,-1
760,79,542,773,56,32,1,-1,-1,-1
761,79,542,773,56,32,1,-1,-1,-1
762,79,542,773,56,32,1,-1,-1,-1
763,79,542,773,56,32,1,-1,-1,-1
764,79,542,773,56,32,1,-1,-1,-1
765,79,542,773,56,32,1,-1,-1,-1
766,79,542,773,56,32,1,-1,-1,-1
767,79,541,772,54,32,1,-1,-1,-1
768,79,541,772,55,33,1,-1,-1,-1
769,79,541,773,54,32,1,-1,-1,-1
770,79,541,772,55,32,1,-1,-1,-1
771,79,541,772,55,32,1,-1,-1,-1
772,79,541,772,54,32,1,-1,-1,-1
773,79,541,772,54,32,1,-1,-1,-1
774,79,541,772,55,32,1,-1,-1,-1
775,79,541,773,55,32,1,-1,-1,-1
776,79,541,773,55,32,1,-1,-1,-1
777,79,541,773,58,32,1,-1,-1,-1
778,79,541,773,58,32,1,-1,-1,-1
779,79,541,773,57,32,1,-1,-1,-1
780,79,541,773,57,32,1,-1,-1,-1
781,79,541,773,59,32,1,-1,-1,-1
782,79,541,773,58,32,1,-1,-1,-1
783,79,541,773,59,32,1,-1,-1,-1
784,79,541,773,59,32,1,-1,-1,-1
785,79,541,773,57,32,1,-1,-1,-1
786,79,541,773,57,33,1,-1,-1,-1
787,79,540,773,56,32,1,-1,-1,-1
788,79,540,774,56,32,1,-1,-1,-1
789,79,541,774,55,32,1,-1,-1,-1
790,79,542,774,55,32,1,-1,-1,-1
791,79,542,774,53,33,1,-1,-1,-1
792,79,542,774,52,33,1,-1,-1,-1
793,79,542,773,55,34,1,-1,-1,-1
794,79,542,774,54,34,1,-1,-1,-1
795,79,542,775,53,34,1,-1,-1,-1
807,79,541,776,58,39,1,-1,-1,-1
808,79,539,776,61,39,1,-1,-1,-1
809,79,538,775,62,38,1,-1,-1,-1
810,79,539,775,61,37,1,-1,-1,-1
811,79,539,775,61,36,1,-1,-1,-1
812,79,539,774,60,33,1,-1,-1,-1
813,79,539,774,60,32,1,-1,-1,-1
814,79,539,774,60,32,1,-1,-1,-1
815,79,539,773,60,32,1,-1,-1,-1
816,79,539,773,60,32,1,-1,-1,-1
817,79,541,773,56,31,1,-1,-1,-1
818,79,541,773,55,31,1,-1,-1,-1
819,79,541,773,56,32,1,-1,-1,-1
820,79,541,773,55,32,1,-1,-1,-1
821,79,541,773,55,32,1,-1,-1,-1
822,79,541,773,55,32,1,-1,-1,-1
823,79,541,774,55,32,1,-1,-1,-1
824,79,541,774,55,32,1,-1,-1,-1
825,79,541,775,55,32,1,-1,-1,-1
826,79,541,775,55,32,1,-1,-1,-1
827,79,541,775,53,33,1,-1,-1,-1
828,79,542,776,54,34,1,-1,-1,-1
829,79,541,774,55,34,1,-1,-1,-1
830,79,541,775,54,34,1,-1,-1,-1
831,79,542,776,54,35,1,-1,-1,-1
832,79,540,779,56,39,1,-1,-1,-1
2251,84,577,807,67,51,1,-1,-1,-1
2252,84,578,808,71,50,1,-1,-1,-1
2253,84,581,806,76,55,1,-1,-1,-1
2254,84,588,807,77,55,1,-1,-1,-1
2255,84,600,807,73,53,1,-1,-1,-1
2256,84,606,807,74,53,1,-1,-1,-1
2257,84,611,806,73,55,1,-1,-1,-1
2258,84,616,805,78,58,1,-1,-1,-1
2259,84,624,807,79,56,1,-1,-1,-1
2260,84,633,808,78,56,1,-1,-1,-1
2261,84,638,805,81,63,1,-1,-1,-1
2262,84,646,805,73,67,1,-1,-1,-1
2263,84,652,808,71,65,1,-1,-1,-1
2264,84,660,811,67,63,1,-1,-1,-1
2268,84,707,803,83,68,1,-1,-1,-1
2269,84,727,805,80,71,1,-1,-1,-1
2270,84,731,804,83,73,1,-1,-1,-1
2271,84,736,807,91,74,1,-1,-1,-1
2272,84,740,808,100,77,1,-1,-1,-1
2273,84,748,808,107,87,1,-1,-1,-1
2274,84,756,807,110,89,1,-1,-1,-1
2275,84,765,808,112,93,1,-1,-1,-1
2276,84,777,810,114,94,1,-1,-1,-1
2277,84,786,810,122,98,1,-1,-1,-1
2278,84,798,811,125,106,1,-1,-1,-1
2279,84,809,814,130,109,1,-1,-1,-1
2280,84,821,816,135,110,1,-1,-1,-1
2281,84,833,819,144,114,1,-1,-1,-1
2282,84,848,823,144,116,1,-1,-1,-1
2283,84,861,822,149,123,1,-1,-1,-1
2284,84,872,824,159,128,1,-1,-1,-1
2285,84,887,827,164,134,1,-1,-1,-1
2286,84,900,827,180,144,1,-1,-1,-1
2287,84,920,832,186,150,1,-1,-1,-1
2288,84,936,831,196,161,1,-1,-1,-1
2289,84,954,839,211,168,1,-1,-1,-1
2290,84,978,847,214,175,1,-1,-1,-1
2291,84,1003,853,229,185,1,-1,-1,-1
2292,84,1027,857,260,200,1,-1,-1,-1
2293,84,1061,860,274,216,1,-1,-1,-1
2294,84,1094,865,296,234,1,-1,-1,-1
2295,84,1134,872,329,254,1,-1,-1,-1
2296,84,1176,878,372,280,1,-1,-1,-1
2297,84,1230,886,418,308,1,-1,-1,-1
2298,84,1292,897,475,339,1,-1,-1,-1
2299,84,1368,909,547,379,1,-1,-1,-1
2300,84,1457,921,642,435,1,-1,-1,-1
2301,84,1572,938,768,502,1,-1,-1,-1
2302,84,1712,962,846,582,1,-1,-1,-1
2303,84,1891,992,665,669,1,-1,-1,-1
2304,84,2130,1030,427,562,1,-1,-1,-1
729,99,2269,690,290,260,1,-1,-1,-1
730,99,2126,654,432,309,1,-1,-1,-1
731,99,2002,652,555,295,1,-1,-1,-1
732,99,1901,668,516,262,1,-1,-1,-1
733,99,1810,663,460,252,1,-1,-1,-1
734,99,1728,676,418,227,1,-1,-1,-1
735,99,1657,680,375,213,1,-1,-1,-1
736,99,1591,686,348,196,1,-1,-1,-1
737,99,1534,688,320,187,1,-1,-1,-1
738,99,1482,690,295,179,1,-1,-1,-1
739,99,1434,690,277,172,1,-1,-1,-1
740,99,1393,692,257,164,1,-1,-1,-1
741,99,1352,699,243,150,1,-1,-1,-1
742,99,1318,699,227,147,1,-1,-1,-1
743,99,1284,702,214,141,1,-1,-1,-1
744,99,1253,704,204,135,1,-1,-1,-1
745,99,1222,708,194,128,1,-1,-1,-1
746,99,1197,711,184,122,1,-1,-1,-1
747,99,1172,713,175,118,1,-1,-1,-1
748,99,1148,717,169,111,1,-1,-1,-1
749,99,1125,720,162,106,1,-1,-1,-1
750,99,1101,721,158,105,1,-1,-1,-1
751,99,1080,718,152,103,1,-1,-1,-1
752,99,1061,723,146,98,1,-1,-1,-1
753,99,1039,725,142,92,1,-1,-1,-1
754,99,1024,725,137,92,1,-1,-1,-1
755,99,1008,727,128,90,1,-1,-1,-1
756,99,990,728,127,87,1,-1,-1,-1
757,99,973,729,125,85,1,-1,-1,-1
758,99,961,730,118,82,1,-1,-1,-1
759,99,942,731,118,81,1,-1,-1,-1
760,99,930,733,113,78,1,-1,-1,-1
761,99,914,734,111,79,1,-1,-1,-1
762,99,902,736,108,77,1,-1,-1,-1
763,99,887,741,107,74,1,-1,-1,-1
764,99,873,745,104,69,1,-1,-1,-1
765,99,862,751,99,62,1,-1,-1,-1
766,99,850,751,99,63,1,-1,-1,-1
767,99,846,752,88,59,1,-1,-1,-1
768,99,839,754,80,52,1,-1,-1,-1
772,99,777,753,78,61,1,-1,-1,-1
773,99,764,755,83,63,1,-1,-1,-1
774,99,756,759,80,57,1,-1,-1,-1
775,99,747,759,81,59,1,-1,-1,-1
776,99,733,763,83,55,1,-1,-1,-1
777,99,728,763,77,55,1,-1,-1,-1
778,99,724,765,70,51,1,-1,-1,-1
779,99,723,764,59,50,1,-1,-1,-1
780,99,716,764,56,47,1,-1,-1,-1
781,99,712,766,53,44,1,-1,-1,-1
785,99,658,777,42,43,1,-1,-1,-1
786,99,649,773,51,49,1,-1,-1,-1
787,99,641,773,54,50,1,-1,-1,-1
788,99,633,776,62,46,1,-1,-1,-1
789,99,626,778,63,43,1,-1,-1,-1
790,99,619,778,60,41,1,-1,-1,-1
791,99,613,780,61,42,1,-1,-1,-1
792,99,606,782,61,40,1,-1,-1,-1
793,99,602,782,57,40,1,-1,-1,-1
794,99,595,784,56,39,1,-1,-1,-1
795,99,592,785,53,38,1,-1,-1,-1
796,99,582,785,56,39,1,-1,-1,-1
797,99,559,782,72,39,1,-1,-1,-1
798,99,546,778,79,42,1,-1,-1,-1
799,99,551,779,68,40,1,-1,-1,-1
800,99,544,777,69,43,1,-1,-1,-1
801,99,547,778,60,42,1,-1,-1,-1
802,99,543,775,59,45,1,-1,-1,-1
803,99,544,776,56,45,1,-1,-1,-1
804,99,544,778,52,42,1,-1,-1,-1
805,99,542,777,54,43,1,-1,-1,-1
806,99,541,778,54,42,1,-1,-1,-1
766,100,2277,681,282,243,1,-1,-1,-1
767,100,2140,667,419,253,1,-1,-1,-1
768,100,2024,680,534,245,1,-1,-1,-1
769,100,1913,647,620,266,1,-1,-1,-1
770,100,1833,655,545,243,1,-1,-1,-1
771,100,1750,660,492,229,1,-1,-1,-1
772,100,1686,667,436,207,1,-1,-1,-1
773,100,1622,669,399,196,1,-1,-1,-1
774,100,1565,670,368,187,1,-1,-1,-1
775,100,1514,675,338,177,1,-1,-1,-1
776,100,1468,681,310,166,1,-1,-1,-1
777,100,1425,683,290,158,1,-1,-1,-1
778,100,1384,684,272,153,1,-1,-1,-1
779,100,1347,689,256,144,1,-1,-1,-1
780,100,1312,692,241,138,1,-1,-1,-1
781,100,1280,696,226,131,1,-1,-1,-1
782,100,1248,697,215,127,1,-1,-1,-1
783,100,1219,699,205,122,1,-1,-1,-1
784,100,1190,704,195,116,1,-1,-1,-1
785,100,1164,709,185,109,1,-1,-1,-1
786,100,1139,714,178,104,1,-1,-1,-1
787,100,1112,716,175,101,1,-1,-1,-1
788,100,1092,719,165,96,1,-1,-1,-1
789,100,1071,720,157,93,1,-1,-1,-1
790,100,1049,718,153,93,1,-1,-1,-1
791,100,1025,724,150,77,1,-1,-1,-1
792,100,1011,724,139,87,1,-1,-1,-1
793,100,985,726,141,84,1,-1,-1,-1
794,100,969,728,137,83,1,-1,-1,-1
795,100,950,731,133,81,1,-1,-1,-1
796,100,933,731,129,82,1,-1,-1,-1
797,100,918,735,123,79,1,-1,-1,-1
798,100,901,739,118,75,1,-1,-1,-1
799,100,888,739,117,76,1,-1,-1,-1
800,100,871,744,117,71,1,-1,-1,-1
801,100,857,750,111,66,1,-1,-1,-1
802,100,844,751,110,67,1,-1,-1,-1
803,100,830,754,108,64,1,-1,-1,-1
804,100,817,755,106,62,1,-1,-1,-1
805,100,805,757,102,60,1,-1,-1,-1
806,100,792,758,99,59,1,-1,-1,-1
807,100,781,757,98,60,1,-1,-1,-1
808,100,767,759,94,59,1,-1,-1,-1
809,100,758,758,91,60,1,-1,-1,-1
810,100,748,762,91,55,1,-1,-1,-1
811,100,741,762,87,55,1,-1,-1,-1
812,100,734,765,80,51,1,-1,-1,-1
813,100,730,766,75,51,1,-1,-1,-1
814,100,723,765,67,51,1,-1,-1,-1
815,100,722,767,56,47,1,-1,-1,-1
816,100,716,768,53,45,1,-1,-1,-1
817,100,690,770,71,45,1,-1,-1,-1
821,100,652,777,48,45,1,-1,-1,-1
822,100,643,775,51,48,1,-1,-1,-1
823,100,636,777,58,46,1,-1,-1,-1
824,100,626,777,69,46,1,-1,-1,-1
825,100,620,778,68,42,1,-1,-1,-1
826,100,615,780,65,41,1,-1,-1,-1
827,100,611,781,63,40,1,-1,-1,-1
828,100,603,780,63,42,1,-1,-1,-1
829,100,601,780,59,40,1,-1,-1,-1
830,100,596,782,56,39,1,-1,-1,-1
831,100,591,783,54,37,1,-1,-1,-1
832,100,556,782,84,41,1,-1,-1,-1
833,100,545,778,88,44,1,-1,-1,-1
834,100,546,776,82,44,1,-1,-1,-1
835,100,544,775,76,44,1,-1,-1,-1
836,100,544,776,71,43,1,-1,-1,-1
837,100,543,776,68,43,1,-1,-1,-1
838,100,541,775,62,44,1,-1,-1,-1
839,100,542,775,58,45,1,-1,-1,-1
840,100,543,775,54,46,1,-1,-1,-1
841,100,541,776,55,45,1,-1,-1,-1
842,100,542,776,53,43,1,-1,-1,-1
843,100,542,776,52,42,1,-1,-1,-1
844,100,544,776,55,39,1,-1,-1,-1
845,100,544,775,55,38,1,-1,-1,-1
846,100,543,775,55,37,1,-1,-1,-1
847,100,541,775,56,36,1,-1,-1,-1
848,100,540,775,57,35,1,-1,-1,-1
849,100,540,774,58,33,1,-1,-1,-1
850,100,540,774,57,32,1,-1,-1,-1
851,100,540,774,59,31,1,-1,-1,-1
852,100,539,774,59,31,1,-1,-1,-1
853,100,540,774,58,31,1,-1,-1,-1
854,100,540,774,57,31,1,-1,-1,-1
855,100,540,774,58,31,1,-1,-1,-1
856,100,540,774,58,31,1,-1,-1,-1
857,100,540,774,57,31,1,-1,-1,-1
858,100,540,774,57,31,1,-1,-1,-1
859,100,540,773,57,31,1,-1,-1,-1
860,100,541,774,56,31,1,-1,-1,-1
861,100,541,774,56,32,1,-1,-1,-1
862,100,541,774,55,32,1,-1,-1,-1
863,100,541,774,56,31,1,-1,-1,-1
864,100,541,774,56,32,1,-1,-1,-1
865,100,541,775,56,32,1,-1,-1,-1
866,100,541,774,56,33,1,-1,-1,-1
867,100,541,774,56,33,1,-1,-1,-1
868,100,541,776,57,34,1,-1,-1,-1
869,100,542,774,53,34,1,-1,-1,-1
870,100,542,776,55,36,1,-1,-1,-1
871,100,541,776,55,36,1,-1,-1,-1
872,100,542,777,95,42,1,-1,-1,-1
873,100,544,778,88,44,1,-1,-1,-1
874,100,545,776,81,44,1,-1,-1,-1
875,100,545,778,75,43,1,-1,-1,-1
876,100,545,776,70,43,1,-1,-1,-1
877,100,545,776,64,44,1,-1,-1,-1
878,100,542,774,62,47,1,-1,-1,-1
879,100,546,775,56,46,1,-1,-1,-1
880,100,544,777,55,45,1,-1,-1,-1
881,100,543,777,54,43,1,-1,-1,-1
882,100,542,777,55,42,1,-1,-1,-1
883,100,542,776,61,39,1,-1,-1,-1
884,100,542,775,62,38,1,-1,-1,-1
885,100,542,775,61,38,1,-1,-1,-1
886,100,543,774,60,38,1,-1,-1,-1
887,100,543,774,60,35,1,-1,-1,-1
888,100,543,774,60,33,1,-1,-1,-1
889,100,543,774,61,31,1,-1,-1,-1
890,100,542,774,59,31,1,-1,-1,-1
891,100,542,774,59,31,1,-1,-1,-1
892,100,542,774,60,31,1,-1,-1,-1
893,100,542,774,59,31,1,-1,-1,-1
894,100,543,774,58,31,1,-1,-1,-1
895,100,543,774,58,31,1,-1,-1,-1
896,100,542,774,58,31,1,-1,-1,-1
897,100,542,774,59,31,1,-1,-1,-1
898,100,543,774,58,31,1,-1,-1,-1
899,100,543,774,59,31,1,-1,-1,-1
900,100,543,774,58,31,1,-1,-1,-1
901,100,543,774,57,31,1,-1,-1,-1
902,100,543,774,56,31,1,-1,-1,-1
903,100,542,774,56,31,1,-1,-1,-1
904,100,542,774,58,31,1,-1,-1,-1
905,100,543,774,57,31,1,-1,-1,-1
906,100,543,774,57,31,1,-1,-1,-1
907,100,542,774,57,31,1,-1,-1,-1
908,100,542,774,57,31,1,-1,-1,-1
909,100,542,774,57,31,1,-1,-1,-1
910,100,542,774,57,31,1,-1,-1,-1
911,100,542,773,57,31,1,-1,-1,-1
912,100,542,773,57,31,1,-1,-1,-1
913,100,543,774,57,31,1,-1,-1,-1
914,100,543,773,57,31,1,-1,-1,-1
915,100,543,773,57,31,1,-1,-1,-1
916,100,542,773,57,31,1,-1,-1,-1
917,100,543,773,57,31,1,-1,-1,-1
918,100,543,773,57,31,1,-1,-1,-1
919,100,543,773,56,31,1,-1,-1,-1
920,100,543,773,56,31,1,-1,-1,-1
921,100,543,773,56,31,1,-1,-1,-1
922,100,543,773,57,31,1,-1,-1,-1
923,100,543,773,56,31,1,-1,-1,-1
924,100,543,773,57,31,1,-1,-1,-1
925,100,543,773,57,31,1,-1,-1,-1
926,100,543,773,57,31,1,-1,-1,-1
927,100,542,773,58,31,1,-1,-1,-1
928,100,542,773,58,31,1,-1,-1,-1
929,100,542,773,58,31,1,-1,-1,-1
930,100,542,773,58,31,1,-1,-1,-1
931,100,542,773,58,31,1,-1,-1,-1
932,100,542,773,58,31,1,-1,-1,-1
933,100,542,773,58,31,1,-1,-1,-1
934,100,542,773,58,31,1,-1,-1,-1
935,100,542,773,58,31,1,-1,-1,-1
936,100,541,773,57,32,1,-1,-1,-1
937,100,541,773,57,32,1,-1,-1,-1
938,100,541,773,57,32,1,-1,-1,-1
939,100,541,773,57,32,1,-1,-1,-1
940,100,541,773,57,32,1,-1,-1,-1
941,100,541,773,57,32,1,-1,-1,-1
942,100,541,773,57,32,1,-1,-1,-1
943,100,541,773,57,32,1,-1,-1,-1
944,100,541,773,57,32,1,-1,-1,-1
945,100,541,772,56,32,1,-1,-1,-1
946,100,541,772,56,32,1,-1,-1,-1
947,100,541,773,56,32,1,-1,-1,-1
948,100,542,773,56,32,1,-1,-1,-1
949,100,542,772,57,32,1,-1,-1,-1
950,100,542,772,56,32,1,-1,-1,-1
951,100,542,772,56,32,1,-1,-1,-1
952,100,542,772,56,32,1,-1,-1,-1
953,100,542,772,56,32,1,-1,-1,-1
954,100,542,772,57,32,1,-1,-1,-1
955,100,542,772,54,32,1,-1,-1,-1
956,100,542,772,54,32,1,-1,-1,-1
957,100,542,772,54,32,1,-1,-1,-1
958,100,543,773,54,32,1,-1,-1,-1
959,100,543,772,54,32,1,-1,-1,-1
960,100,543,772,54,32,1,-1,-1,-1
961,100,542,773,54,31,1,-1,-1,-1
962,100,541,773,54,31,1,-1,-1,-1
963,100,541,773,54,32,1,-1,-1,-1
964,100,541,773,54,31,1,-1,-1,-1
965,100,542,773,53,32,1,-1,-1,-1
966,100,542,773,53,32,1,-1,-1,-1
967,100,542,773,53,32,1,-1,-1,-1
968,100,542,773,53,32,1,-1,-1,-1
969,100,542,773,53,32,1,-1,-1,-1
970,100,542,772,53,32,1,-1,-1,-1
971,100,542,772,53,32,1,-1,-1,-1
972,100,542,772,53,32,1,-1,-1,-1
973,100,542,773,54,31,1,-1,-1,-1
974,100,542,773,54,31,1,-1,-1,-1
975,100,541,773,54,32,1,-1,-1,-1
976,100,541,773,54,32,1,-1,-1,-1
977,100,541,773,54,32,1,-1,-1,-1
978,100,541,773,55,32,1,-1,-1,-1
979,100,542,773,54,32,1,-1,-1,-1
980,100,541,773,54,32,1,-1,-1,-1
981,100,542,773,54,32,1,-1,-1,-1
982,100,542,773,54,32,1,-1,-1,-1
983,100,542,773,54,32,1,-1,-1,-1
984,100,542,773,54,31,1,-1,-1,-1
985,100,540,774,56,31,1,-1,-1,-1
986,100,540,774,56,31,1,-1,-1,-1
987,100,541,774,56,31,1,-1,-1,-1
988,100,541,774,56,31,1,-1,-1,-1
989,100,541,774,57,31,1,-1,-1,-1
990,100,541,774,57,31,1,-1,-1,-1
991,100,541,774,56,31,1,-1,-1,-1
992,100,541,774,56,31,1,-1,-1,-1
993,100,541,774,56,31,1,-1,-1,-1
994,100,541,774,56,31,1,-1,-1,-1
995,100,542,773,52,31,1,-1,-1,-1
996,100,543,773,52,31,1,-1,-1,-1
997,100,543,773,52,31,1,-1,-1,-1
998,100,543,773,52,31,1,-1,-1,-1
999,100,543,773,52,31,1,-1,-1,-1
1000,100,543,773,52,31,1,-1,-1,-1
1001,100,544,773,52,31,1,-1,-1,-1
1002,100,544,773,52,31,1,-1,-1,-1
1003,100,544,773,52,31,1,-1,-1,-1
1004,100,544,773,51,31,1,-1,-1,-1
1005,100,543,773,52,32,1,-1,-1,-1
1006,100,543,773,52,32,1,-1,-1,-1
1007,100,543,773,52,32,1,-1,-1,-1
1008,100,543,773,52,32,1,-1,-1,-1
1009,100,542,773,55,31,1,-1,-1,-1
1010,100,542,773,55,31,1,-1,-1,-1
1011,100,542,773,55,31,1,-1,-1,-1
1012,100,542,773,55,31,1,-1,-1,-1
1013,100,542,773,55,31,1,-1,-1,-1
1014,100,542,773,55,31,1,-1,-1,-1
1015,100,543,773,53,31,1,-1,-1,-1
1016,100,543,773,53,31,1,-1,-1,-1
1017,100,543,773,53,31,1,-1,-1,-1
1018,100,543,773,52,31,1,-1,-1,-1
1019,100,543,773,52,31,1,-1,-1,-1
1020,100,544,773,52,31,1,-1,-1,-1
1021,100,542,773,55,31,1,-1,-1,-1
1022,100,542,773,56,31,1,-1,-1,-1
1023,100,542,773,54,31,1,-1,-1,-1
1024,100,542,773,54,31,1,-1,-1,-1
1025,100,542,773,55,31,1,-1,-1,-1
1026,100,542,773,55,31,1,-1,-1,-1
1027,100,542,773,55,31,1,-1,-1,-1
1028,100,542,773,55,31,1,-1,-1,-1
1029,100,542,773,55,31,1,-1,-1,-1
1030,100,542,774,55,31,1,-1,-1,-1
1031,100,542,774,56,31,1,-1,-1,-1
1032,100,542,773,55,31,1,-1,-1,-1
1033,100,541,773,57,32,1,-1,-1,-1
1034,100,541,773,57,32,1,-1,-1,-1
1035,100,541,773,56,31,1,-1,-1,-1
1036,100,541,773,57,31,1,-1,-1,-1
1037,100,542,773,56,31,1,-1,-1,-1
1038,100,542,773,56,31,1,-1,-1,-1
1039,100,542,773,56,31,1,-1,-1,-1
1040,100,541,773,56,31,1,-1,-1,-1
1041,100,542,773,56,31,1,-1,-1,-1
1042,100,542,773,55,31,1,-1,-1,-1
1043,100,542,773,55,31,1,-1,-1,-1
1044,100,542,773,56,31,1,-1,-1,-1
1045,100,541,774,59,31,1,-1,-1,-1
1046,100,541,774,59,31,1,-1,-1,-1
1047,100,541,774,59,31,1,-1,-1,-1
1048,100,541,774,58,31,1,-1,-1,-1
1049,100,541,774,58,31,1,-1,-1,-1
1050,100,541,774,58,31,1,-1,-1,-1
1051,100,541,774,58,31,1,-1,-1,-1
1052,100,541,774,58,31,1,-1,-1,-1
1053,100,541,774,58,31,1,-1,-1,-1
1054,100,541,774,58,31,1,-1,-1,-1
1055,100,541,774,58,31,1,-1,-1,-1
1056,100,541,774,58,31,1,-1,-1,-1
1057,100,541,773,55,31,1,-1,-1,-1
1058,100,541,773,55,31,1,-1,-1,-1
1059,100,541,773,55,31,1,-1,-1,-1
1060,100,541,773,55,31,1,-1,-1,-1
1061,100,541,773,55,31,1,-1,-1,-1
1062,100,541,773,55,31,1,-1,-1,-1
1063,100,541,773,54,31,1,-1,-1,-1
1064,100,541,773,55,31,1,-1,-1,-1
1065,100,542,773,55,31,1,-1,-1,-1
1066,100,542,773,55,31,1,-1,-1,-1
1067,100,541,773,55,31,1,-1,-1,-1
1068,100,541,773,54,31,1,-1,-1,-1
1069,100,541,773,55,31,1,-1,-1,-1
1070,100,541,773,55,31,1,-1,-1,-1
1071,100,541,773,56,31,1,-1,-1,-1
1072,100,541,773,56,31,1,-1,-1,-1
1073,100,541,773,57,31,1,-1,-1,-1
1074,100,541,773,56,31,1,-1,-1,-1
1075,100,541,773,57,31,1,-1,-1,-1
1076,100,541,772,56,32,1,-1,-1,-1
1077,100,541,772,57,32,1,-1,-1,-1
1078,100,541,772,57,32,1,-1,-1,-1
1079,100,541,772,57,32,1,-1,-1,-1
1080,100,541,773,56,32,1,-1,-1,-1
1081,100,541,772,54,32,1,-1,-1,-1
1082,100,541,773,54,31,1,-1,-1,-1
1083,100,541,773,54,31,1,-1,-1,-1
1084,100,541,773,54,31,1,-1,-1,-1
1085,100,541,773,54,31,1,-1,-1,-1
1086,100,541,773,54,31,1,-1,-1,-1
1087,100,541,772,53,32,1,-1,-1,-1
1088,100,541,772,53,32,1,-1,-1,-1
1089,100,541,772,53,32,1,-1,-1,-1
1090,100,541,772,53,32,1,-1,-1,-1
1091,100,541,772,53,32,1,-1,-1,-1
1092,100,541,773,54,31,1,-1,-1,-1
1093,100,542,773,52,31,1,-1,-1,-1
1094,100,542,773,52,31,1,-1,-1,-1
1095,100,542,773,51,31,1,-1,-1,-1
1096,100,542,773,52,31,1,-1,-1,-1
1097,100,542,773,52,31,1,-1,-1,-1
1098,100,542,773,52,31,1,-1,-1,-1
1099,100,542,773,51,31,1,-1,-1,-1
1100,100,542,773,51,31,1,-1,-1,-1
1101,100,542,773,51,31,1,-1,-1,-1
1102,100,541,773,52,31,1,-1,-1,-1
1103,100,542,773,53,31,1,-1,-1,-1
1104,100,542,773,53,31,1,-1,-1,-1
1105,100,542,773,53,31,1,-1,-1,-1
1106,100,542,773,53,31,1,-1,-1,-1
1107,100,542,773,53,31,1,-1,-1,-1
1108,100,542,773,53,31,1,-1,-1,-1
1109,100,542,773,53,31,1,-1,-1,-1
1110,100,542,773,53,31,1,-1,-1,-1
1111,100,542,773,53,31,1,-1,-1,-1
1112,100,542,773,54,31,1,-1,-1,-1
1113,100,542,773,54,31,1,-1,-1,-1
1114,100,542,772,54,31,1,-1,-1,-1
1115,100,542,772,54,31,1,-1,-1,-1
1116,100,542,773,55,31,1,-1,-1,-1
1117,100,542,773,56,31,1,-1,-1,-1
1118,100,542,773,55,31,1,-1,-1,-1
1119,100,542,773,55,31,1,-1,-1,-1
1120,100,542,773,55,31,1,-1,-1,-1
1121,100,542,773,55,31,1,-1,-1,-1
1122,100,542,773,55,31,1,-1,-1,-1
1123,100,542,773,55,31,1,-1,-1,-1
1124,100,542,773,55,31,1,-1,-1,-1
1125,100,542,773,55,31,1,-1,-1,-1
1126,100,542,773,55,31,1,-1,-1,-1
1127,100,542,773,55,31,1,-1,-1,-1
1128,100,542,773,54,31,1,-1,-1,-1
1129,100,543,773,54,31,1,-1,-1,-1
1130,100,543,773,55,31,1,-1,-1,-1
1131,100,543,773,55,31,1,-1,-1,-1
1132,100,543,773,55,31,1,-1,-1,-1
1133,100,543,773,55,31,1,-1,-1,-1
1134,100,543,773,55,31,1,-1,-1,-1
1135,100,543,773,55,31,1,-1,-1,-1
1136,100,543,773,55,31,1,-1,-1,-1
1137,100,543,773,55,31,1,-1,-1,-1
1138,100,543,773,55,31,1,-1,-1,-1
1139,100,543,773,55,31,1,-1,-1,-1
1140,100,543,773,55,31,1,-1,-1,-1
1141,100,543,773,54,31,1,-1,-1,-1
1142,100,542,773,54,31,1,-1,-1,-1
1143,100,541,773,55,31,1,-1,-1,-1
1144,100,541,773,55,31,1,-1,-1,-1
1145,100,541,773,55,31,1,-1,-1,-1
1146,100,541,773,55,31,1,-1,-1,-1
1147,100,541,773,55,31,1,-1,-1,-1
1148,100,541,773,55,31,1,-1,-1,-1
1149,100,541,773,55,31,1,-1,-1,-1
1150,100,541,773,55,31,1,-1,-1,-1
1151,100,541,773,54,31,1,-1,-1,-1
1152,100,540,773,56,31,1,-1,-1,-1
1153,100,541,773,57,31,1,-1,-1,-1
1154,100,541,773,57,31,1,-1,-1,-1
1155,100,540,773,57,31,1,-1,-1,-1
1156,100,540,773,57,31,1,-1,-1,-1
1157,100,541,773,57,31,1,-1,-1,-1
1158,100,540,773,57,31,1,-1,-1,-1
1159,100,541,773,57,31,1,-1,-1,-1
1160,100,541,773,57,31,1,-1,-1,-1
1161,100,541,773,57,31,1,-1,-1,-1
1162,100,541,773,57,31,1,-1,-1,-1
1163,100,541,773,57,31,1,-1,-1,-1
1164,100,541,773,56,31,1,-1,-1,-1
1165,100,541,773,57,31,1,-1,-1,-1
1166,100,541,773,58,31,1,-1,-1,-1
1167,100,541,773,58,31,1,-1,-1,-1
1168,100,541,773,57,31,1,-1,-1,-1
1169,100,541,773,57,32,1,-1,-1,-1
1170,100,541,773,56,32,1,-1,-1,-1
1171,100,541,773,56,32,1,-1,-1,-1
1172,100,541,773,56,32,1,-1,-1,-1
1173,100,541,773,56,32,1,-1,-1,-1
1174,100,541,773,57,32,1,-1,-1,-1
1175,100,541,774,57,32,1,-1,-1,-1
1176,100,541,774,58,32,1,-1,-1,-1
1177,100,542,775,57,31,1,-1,-1,-1
1178,100,543,775,55,32,1,-1,-1,-1
1179,100,542,774,55,34,1,-1,-1,-1
1180,100,542,774,55,36,1,-1,-1,-1
1181,100,542,774,55,37,1,-1,-1,-1
1182,100,538,774,57,35,1,-1,-1,-1
1183,100,539,774,54,35,1,-1,-1,-1
1184,100,540,775,54,36,1,-1,-1,-1
1185,100,541,776,56,37,1,-1,-1,-1
1186,100,542,776,51,37,1,-1,-1,-1
1187,100,541,776,48,37,1,-1,-1,-1
805,101,2342,730,217,222,1,-1,-1,-1
806,101,2194,661,364,273,1,-1,-1,-1
807,101,2068,676,490,278,1,-1,-1,-1
808,101,1961,652,597,285,1,-1,-1,-1
809,101,1863,657,596,250,1,-1,-1,-1
810,101,1780,661,532,224,1,-1,-1,-1
811,101,1708,670,472,209,1,-1,-1,-1
812,101,1641,670,428,217,1,-1,-1,-1
813,101,1582,674,390,206,1,-1,-1,-1
814,101,1527,677,359,194,1,-1,-1,-1
815,101,1477,682,332,182,1,-1,-1,-1
816,101,1432,685,305,172,1,-1,-1,-1
817,101,1391,685,283,166,1,-1,-1,-1
818,101,1351,692,266,154,1,-1,-1,-1
819,101,1313,693,254,148,1,-1,-1,-1
820,101,1281,697,237,142,1,-1,-1,-1
821,101,1250,700,226,136,1,-1,-1,-1
822,101,1217,702,217,131,1,-1,-1,-1
823,101,1190,707,205,124,1,-1,-1,-1
824,101,1165,713,194,117,1,-1,-1,-1
825,101,1135,714,193,113,1,-1,-1,-1
826,101,1114,719,180,106,1,-1,-1,-1
827,101,1096,720,170,106,1,-1,-1,-1
828,101,1071,720,163,102,1,-1,-1,-1
829,101,1049,722,160,99,1,-1,-1,-1
830,101,1027,726,155,94,1,-1,-1,-1
831,101,1009,728,150,90,1,-1,-1,-1
832,101,990,728,145,90,1,-1,-1,-1
833,101,971,727,143,93,1,-1,-1,-1
834,101,959,731,132,86,1,-1,-1,-1
835,101,942,732,129,85,1,-1,-1,-1
836,101,926,735,125,81,1,-1,-1,-1
837,101,910,736,123,82,1,-1,-1,-1
838,101,895,739,119,78,1,-1,-1,-1
839,101,880,738,120,80,1,-1,-1,-1
840,101,867,748,110,71,1,-1,-1,-1
841,101,851,749,112,69,1,-1,-1,-1
842,101,838,749,111,70,1,-1,-1,-1
843,101,826,753,108,65,1,-1,-1,-1
844,101,813,754,104,64,1,-1,-1,-1
845,101,803,754,100,63,1,-1,-1,-1
846,101,790,756,100,61,1,-1,-1,-1
847,101,776,754,99,63,1,-1,-1,-1
848,101,765,755,97,63,1,-1,-1,-1
849,101,756,756,93,61,1,-1,-1,-1
850,101,749,760,88,57,1,-1,-1,-1
851,101,745,762,80,53,1,-1,-1,-1
852,101,736,761,77,56,1,-1,-1,-1
853,101,725,765,77,52,1,-1,-1,-1
854,101,724,766,64,50,1,-1,-1,-1
855,101,720,766,59,48,1,-1,-1,-1
856,101,717,765,52,48,1,-1,-1,-1
857,101,681,767,78,48,1,-1,-1,-1
861,101,652,776,50,45,1,-1,-1,-1
862,101,644,770,56,52,1,-1,-1,-1
863,101,638,771,58,51,1,-1,-1,-1
864,101,630,770,64,53,1,-1,-1,-1
865,101,624,776,64,46,1,-1,-1,-1
866,101,617,779,62,42,1,-1,-1,-1
867,101,611,780,62,42,1,-1,-1,-1
868,101,605,780,63,42,1,-1,-1,-1
869,101,600,780,58,42,1,-1,-1,-1
870,101,594,782,57,39,1,-1,-1,-1
871,101,591,783,54,38,1,-1,-1,-1
1,103,540,773,58,32,1,-1,-1,-1
2,103,541,773,57,31,1,-1,-1,-1
3,103,541,773,57,31,1,-1,-1,-1
4,103,541,773,57,31,1,-1,-1,-1
5,103,541,773,57,31,1,-1,-1,-1
6,103,541,773,57,31,1,-1,-1,-1
7,103,541,773,57,31,1,-1,-1,-1
8,103,541,773,57,31,1,-1,-1,-1
9,103,541,773,57,32,1,-1,-1,-1
10,103,541,773,57,32,1,-1,-1,-1
11,103,541,773,57,32,1,-1,-1,-1
12,103,541,773,57,32,1,-1,-1,-1
13,103,541,773,58,31,1,-1,-1,-1
14,103,541,773,58,31,1,-1,-1,-1
15,103,541,773,58,31,1,-1,-1,-1
16,103,541,773,58,31,1,-1,-1,-1
17,103,541,773,58,31,1,-1,-1,-1
18,103,541,773,58,31,1,-1,-1,-1
19,103,541,773,58,31,1,-1,-1,-1
20,103,541,773,57,31,1,-1,-1,-1
21,103,541,773,58,31,1,-1,-1,-1
22,103,541,773,57,31,1,-1,-1,-1
23,103,541,773,57,31,1,-1,-1,-1
24,103,541,773,58,31,1,-1,-1,-1
25,103,541,773,57,31,1,-1,-1,-1
26,103,541,773,57,31,1,-1,-1,-1
27,103,541,773,57,31,1,-1,-1,-1
28,103,541,773,57,31,1,-1,-1,-1
29,103,541,773,57,31,1,-1,-1,-1
30,103,541,773,57,31,1,-1,-1,-1
31,103,541,773,57,31,1,-1,-1,-1
32,103,541,773,57,31,1,-1,-1,-1
33,103,541,773,57,31,1,-1,-1,-1
34,103,541,773,57,31,1,-1,-1,-1
35,103,541,773,57,31,1,-1,-1,-1
36,103,541,773,57,31,1,-1,-1,-1
37,103,541,773,58,32,1,-1,-1,-1
38,103,541,773,58,32,1,-1,-1,-1
39,103,541,773,58,32,1,-1,-1,-1
40,103,541,773,58,32,1,-1,-1,-1
41,103,541,773,58,32,1,-1,-1,-1
42,103,541,773,57,32,1,-1,-1,-1
43,103,541,773,57,32,1,-1,-1,-1
44,103,541,773,57,32,1,-1,-1,-1
45,103,541,773,57,32,1,-1,-1,-1
46,103,541,773,57,32,1,-1,-1,-1
47,103,541,773,57,32,1,-1,-1,-1
48,103,541,773,57,32,1,-1,-1,-1
49,103,541,773,58,32,1,-1,-1,-1
50,103,541,773,58,32,1,-1,-1,-1
51,103,541,773,58,32,1,-1,-1,-1
52,103,541,773,58,32,1,-1,-1,-1
53,103,541,773,58,32,1,-1,-1,-1
54,103,541,773,58,32,1,-1,-1,-1
55,103,541,773,58,32,1,-1,-1,-1
56,103,541,773,58,32,1,-1,-1,-1
57,103,541,773,58,32,1,-1,-1,-1
58,103,541,773,57,32,1,-1,-1,-1
59,103,541,773,57,32,1,-1,-1,-1
60,103,541,773,57,32,1,-1,-1,-1
61,103,541,773,57,32,1,-1,-1,-1
62,103,541,773,57,32,1,-1,-1,-1
63,103,541,773,58,32,1,-1,-1,-1
64,103,541,773,58,32,1,-1,-1,-1
65,103,541,773,57,32,1,-1,-1,-1
66,103,541,773,57,32,1,-1,-1,-1
67,103,540,773,57,32,1,-1,-1,-1
68,103,540,773,57,32,1,-1,-1,-1
69,103,540,773,57,32,1,-1,-1,-1
70,103,541,773,57,32,1,-1,-1,-1
71,103,541,773,57,32,1,-1,-1,-1
72,103,541,773,57,32,1,-1,-1,-1
73,103,540,773,59,32,1,-1,-1,-1
74,103,540,773,58,32,1,-1,-1,-1
75,103,540,773,58,32,1,-1,-1,-1
76,103,540,773,59,32,1,-1,-1,-1
77,103,540,773,59,32,1,-1,-1,-1
78,103,540,773,59,32,1,-1,-1,-1
79,103,540,773,59,32,1,-1,-1,-1
80,103,540,773,58,32,1,-1,-1,-1
81,103,540,773,58,32,1,-1,-1,-1
82,103,540,773,58,32,1,-1,-1,-1
83,103,540,773,58,32,1,-1,-1,-1
84,103,540,773,58,32,1,-1,-1,-1
85,103,540,773,58,32,1,-1,-1,-1
86,103,540,773,58,32,1,-1,-1,-1
87,103,541,773,58,32,1,-1,-1,-1
88,103,540,773,57,32,1,-1,-1,-1
89,103,540,773,57,32,1,-1,-1,-1
90,103,540,773,57,32,1,-1,-1,-1
91,103,541,772,58,32,1,-1,-1,-1
92,103,541,772,58,32,1,-1,-1,-1
93,103,541,772,58,32,1,-1,-1,-1
94,103,541,772,58,32,1,-1,-1,-1
95,103,541,773,58,32,1,-1,-1,-1
96,103,541,773,58,32,1,-1,-1,-1
97,103,541,773,58,31,1,-1,-1,-1
98,103,541,773,58,31,1,-1,-1,-1
99,103,541,773,58,31,1,-1,-1,-1
100,103,541,773,57,31,1,-1,-1,-1
101,103,541,773,57,31,1,-1,-1,-1
102,103,541,772,58,31,1,-1,-1,-1
103,103,541,772,57,31,1,-1,-1,-1
104,103,541,772,58,31,1,-1,-1,-1
105,103,542,772,57,31,1,-1,-1,-1
106,103,541,772,58,31,1,-1,-1,-1
107,103,542,772,57,31,1,-1,-1,-1
108,103,543,773,57,31,1,-1,-1,-1
109,103,542,772,59,31,1,-1,-1,-1
110,103,542,773,60,31,1,-1,-1,-1
111,103,542,773,60,31,1,-1,-1,-1
112,103,541,773,60,31,1,-1,-1,-1
113,103,542,773,60,31,1,-1,-1,-1
114,103,542,773,60,31,1,-1,-1,-1
115,103,542,773,60,31,1,-1,-1,-1
116,103,542,773,60,31,1,-1,-1,-1
117,103,542,773,60,31,1,-1,-1,-1
118,103,542,773,60,31,1,-1,-1,-1
119,103,542,773,59,31,1,-1,-1,-1
120,103,542,773,59,31,1,-1,-1,-1
121,103,541,772,57,32,1,-1,-1,-1
122,103,541,772,58,32,1,-1,-1,-1
123,103,541,772,57,32,1,-1,-1,-1
124,103,541,772,58,32,1,-1,-1,-1
125,103,541,772,57,32,1,-1,-1,-1
126,103,541,772,58,32,1,-1,-1,-1
127,103,541,772,57,32,1,-1,-1,-1
128,103,541,772,57,32,1,-1,-1,-1
129,103,541,772,58,32,1,-1,-1,-1
130,103,541,772,58,32,1,-1,-1,-1
131,103,541,772,58,32,1,-1,-1,-1
132,103,541,772,58,32,1,-1,-1,-1
133,103,541,772,58,32,1,-1,-1,-1
134,103,541,772,58,32,1,-1,-1,-1
135,103,542,772,58,32,1,-1,-1,-1
136,103,541,773,58,32,1,-1,-1,-1
137,103,541,773,58,31,1,-1,-1,-1
138,103,541,773,58,31,1,-1,-1,-1
139,103,541,772,58,32,1,-1,-1,-1
140,103,541,772,58,32,1,-1,-1,-1
141,103,541,772,58,32,1,-1,-1,-1
142,103,541,772,58,32,1,-1,-1,-1
143,103,541,772,58,32,1,-1,-1,-1
144,103,541,772,58,32,1,-1,-1,-1
145,103,542,772,57,32,1,-1,-1,-1
146,103,541,772,59,32,1,-1,-1,-1
147,103,541,772,59,32,1,-1,-1,-1
148,103,541,772,59,32,1,-1,-1,-1
149,103,540,772,59,32,1,-1,-1,-1
150,103,540,772,59,32,1,-1,-1,-1
151,103,540,772,59,32,1,-1,-1,-1
152,103,540,772,59,32,1,-1,-1,-1
153,103,540,772,59,32,1,-1,-1,-1
154,103,540,772,59,32,1,-1,-1,-1
155,103,540,772,59,32,1,-1,-1,-1
156,103,540,772,59,32,1,-1,-1,-1
157,103,541,772,58,32,1,-1,-1,-1
158,103,541,772,58,32,1,-1,-1,-1
159,103,541,772,58,32,1,-1,-1,-1
160,103,541,772,58,32,1,-1,-1,-1
161,103,541,772,58,32,1,-1,-1,-1
162,103,541,772,57,32,1,-1,-1,-1
163,103,541,772,57,32,1,-1,-1,-1
164,103,541,772,57,32,1,-1,-1,-1
165,103,541,772,58,32,1,-1,-1,-1
166,103,541,772,58,32,1,-1,-1,-1
167,103,541,772,58,32,1,-1,-1,-1
168,103,541,772,58,32,1,-1,-1,-1
169,103,541,772,60,32,1,-1,-1,-1
170,103,540,772,60,32,1,-1,-1,-1
171,103,540,772,60,32,1,-1,-1,-1
172,103,540,772,60,32,1,-1,-1,-1
173,103,540,772,60,32,1,-1,-1,-1
174,103,541,772,60,32,1,-1,-1,-1
175,103,541,772,60,32,1,-1,-1,-1
176,103,541,772,59,32,1,-1,-1,-1
177,103,541,772,59,32,1,-1,-1,-1
178,103,541,772,59,32,1,-1,-1,-1
179,103,541,772,59,32,1,-1,-1,-1
180,103,541,772,59,32,1,-1,-1,-1
181,103,541,771,58,33,1,-1,-1,-1
182,103,541,771,58,33,1,-1,-1,-1
183,103,541,771,57,33,1,-1,-1,-1
184,103,541,771,57,33,1,-1,-1,-1
185,103,541,771,57,33,1,-1,-1,-1
186,103,541,771,57,33,1,-1,-1,-1
187,103,541,771,57,32,1,-1,-1,-1
188,103,541,771,57,32,1,-1,-1,-1
189,103,541,772,57,32,1,-1,-1,-1
190,103,541,772,57,32,1,-1,-1,-1
191,103,541,772,57,32,1,-1,-1,-1
192,103,542,772,57,32,1,-1,-1,-1
193,103,541,772,56,32,1,-1,-1,-1
194,103,541,772,55,32,1,-1,-1,-1
195,103,541,772,55,32,1,-1,-1,-1
196,103,541,771,55,33,1,-1,-1,-1
197,103,541,771,55,33,1,-1,-1,-1
198,103,541,772,55,32,1,-1,-1,-1
199,103,541,772,55,32,1,-1,-1,-1
200,103,541,772,55,32,1,-1,-1,-1
201,103,541,772,55,32,1,-1,-1,-1
202,103,541,772,55,32,1,-1,-1,-1
203,103,541,772,55,32,1,-1,-1,-1
204,103,541,772,55,32,1,-1,-1,-1
205,103,542,772,56,32,1,-1,-1,-1
206,103,542,771,56,32,1,-1,-1,-1
207,103,541,772,56,32,1,-1,-1,-1
208,103,542,772,56,33,1,-1,-1,-1
209,103,543,772,56,33,1,-1,-1,-1
210,103,543,772,55,34,1,-1,-1,-1
211,103,544,772,54,34,1,-1,-1,-1
212,103,543,771,54,34,1,-1,-1,-1
213,103,543,771,54,36,1,-1,-1,-1
214,103,542,770,56,36,1,-1,-1,-1
215,103,542,771,59,37,1,-1,-1,-1
216,103,542,770,64,38,1,-1,-1,-1
217,103,542,770,66,37,1,-1,-1,-1
218,103,542,770,70,36,1,-1,-1,-1
219,103,542,771,57,35,1,-1,-1,-1
220,103,543,772,55,34,1,-1,-1,-1
221,103,542,773,57,34,1,-1,-1,-1
222,103,542,773,55,32,1,-1,-1,-1
223,103,543,773,56,32,1,-1,-1,-1
224,103,542,773,55,32,1,-1,-1,-1
225,103,542,773,55,31,1,-1,-1,-1
226,103,541,774,56,31,1,-1,-1,-1
227,103,541,774,57,31,1,-1,-1,-1
228,103,541,773,58,32,1,-1,-1,-1
229,103,542,773,57,32,1,-1,-1,-1
230,103,542,773,56,32,1,-1,-1,-1
231,103,542,773,57,32,1,-1,-1,-1
232,103,542,773,57,32,1,-1,-1,-1
233,103,542,773,57,32,1,-1,-1,-1
234,103,542,773,57,32,1,-1,-1,-1
235,103,542,773,56,32,1,-1,-1,-1
236,103,542,773,56,32,1,-1,-1,-1
237,103,542,773,56,32,1,-1,-1,-1
238,103,543,773,56,32,1,-1,-1,-1
239,103,542,773,56,32,1,-1,-1,-1
240,103,542,773,58,31,1,-1,-1,-1
241,103,541,774,59,31,1,-1,-1,-1
242,103,541,774,59,31,1,-1,-1,-1
243,103,541,774,59,31,1,-1,-1,-1
244,103,541,774,59,31,1,-1,-1,-1
245,103,541,774,59,31,1,-1,-1,-1
246,103,541,774,59,31,1,-1,-1,-1
247,103,541,774,59,31,1,-1,-1,-1
248,103,541,774,59,31,1,-1,-1,-1
249,103,541,774,59,31,1,-1,-1,-1
250,103,541,774,59,31,1,-1,-1,-1
251,103,540,773,58,31,1,-1,-1,-1
252,103,540,773,58,31,1,-1,-1,-1
253,103,540,773,59,31,1,-1,-1,-1
254,103,540,773,59,31,1,-1,-1,-1
255,103,540,773,59,31,1,-1,-1,-1
256,103,540,773,59,31,1,-1,-1,-1
257,103,540,773,59,31,1,-1,-1,-1
258,103,540,773,59,32,1,-1,-1,-1
259,103,540,773,59,32,1,-1,-1,-1
260,103,540,773,61,32,1,-1,-1,-1
261,103,540,773,61,32,1,-1,-1,-1
262,103,540,773,61,32,1,-1,-1,-1
263,103,540,773,61,32,1,-1,-1,-1
264,103,540,773,59,32,1,-1,-1,-1
265,103,539,773,60,32,1,-1,-1,-1
266,103,539,773,60,32,1,-1,-1,-1
267,103,539,773,60,32,1,-1,-1,-1
268,103,539,773,60,32,1,-1,-1,-1
269,103,539,773,59,32,1,-1,-1,-1
270,103,540,773,58,31,1,-1,-1,-1
271,103,540,773,58,31,1,-1,-1,-1
272,103,540,773,58,31,1,-1,-1,-1
273,103,540,773,58,31,1,-1,-1,-1
274,103,540,773,58,31,1,-1,-1,-1
275,103,540,773,58,31,1,-1,-1,-1
276,103,540,773,58,31,1,-1,-1,-1
277,103,541,773,57,31,1,-1,-1,-1
278,103,541,773,57,31,1,-1,-1,-1
279,103,541,773,57,31,1,-1,-1,-1
280,103,541,773,57,31,1,-1,-1,-1
281,103,541,773,57,31,1,-1,-1,-1
282,103,541,773,57,31,1,-1,-1,-1
283,103,541,773,57,31,1,-1,-1,-1
284,103,541,773,57,31,1,-1,-1,-1
285,103,541,773,57,31,1,-1,-1,-1
286,103,541,773,57,31,1,-1,-1,-1
287,103,541,773,57,31,1,-1,-1,-1
288,103,541,773,57,31,1,-1,-1,-1
289,103,541,773,57,31,1,-1,-1,-1
290,103,541,773,57,31,1,-1,-1,-1
291,103,541,773,57,31,1,-1,-1,-1
292,103,541,773,57,31,1,-1,-1,-1
293,103,541,773,57,31,1,-1,-1,-1
294,103,541,773,57,31,1,-1,-1,-1
295,103,541,773,57,31,1,-1,-1,-1
296,103,541,773,57,31,1,-1,-1,-1
297,103,541,773,57,31,1,-1,-1,-1
298,103,541,773,57,31,1,-1,-1,-1
299,103,541,773,57,32,1,-1,-1,-1
300,103,541,773,57,32,1,-1,-1,-1
301,103,541,773,57,31,1,-1,-1,-1
302,103,541,773,57,31,1,-1,-1,-1
303,103,541,773,57,31,1,-1,-1,-1
304,103,541,773,57,31,1,-1,-1,-1
305,103,541,773,58,31,1,-1,-1,-1
306,103,541,773,58,31,1,-1,-1,-1
307,103,541,773,58,31,1,-1,-1,-1
308,103,541,773,58,31,1,-1,-1,-1
309,103,541,773,58,31,1,-1,-1,-1
310,103,541,773,58,31,1,-1,-1,-1
311,103,541,773,58,31,1,-1,-1,-1
312,103,541,773,58,31,1,-1,-1,-1
313,103,541,773,59,31,1,-1,-1,-1
314,103,541,773,59,31,1,-1,-1,-1
315,103,541,773,58,31,1,-1,-1,-1
316,103,541,773,58,31,1,-1,-1,-1
317,103,541,773,59,31,1,-1,-1,-1
318,103,541,773,59,31,1,-1,-1,-1
319,103,541,773,59,31,1,-1,-1,-1
320,103,541,773,58,31,1,-1,-1,-1
321,103,541,773,59,31,1,-1,-1,-1
322,103,541,773,58,31,1,-1,-1,-1
323,103,541,773,58,31,1,-1,-1,-1
324,103,541,773,58,31,1,-1,-1,-1
325,103,541,773,59,31,1,-1,-1,-1
326,103,541,773,59,31,1,-1,-1,-1
327,103,541,773,59,31,1,-1,-1,-1
328,103,541,773,59,31,1,-1,-1,-1
329,103,541,773,59,31,1,-1,-1,-1
330,103,541,773,59,31,1,-1,-1,-1
331,103,541,773,59,31,1,-1,-1,-1
332,103,541,773,59,31,1,-1,-1,-1
333,103,541,773,59,31,1,-1,-1,-1
334,103,541,773,58,31,1,-1,-1,-1
335,103,541,773,58,31,1,-1,-1,-1
336,103,541,773,58,31,1,-1,-1,-1
337,103,541,773,57,31,1,-1,-1,-1
338,103,541,773,57,31,1,-1,-1,-1
339,103,541,773,57,31,1,-1,-1,-1
340,103,541,773,57,31,1,-1,-1,-1
341,103,541,773,57,31,1,-1,-1,-1
342,103,541,773,58,31,1,-1,-1,-1
343,103,541,773,58,31,1,-1,-1,-1
344,103,541,773,58,31,1,-1,-1,-1
345,103,541,773,58,31,1,-1,-1,-1
346,103,541,773,58,31,1,-1,-1,-1
347,103,541,773,58,31,1,-1,-1,-1
348,103,541,773,59,31,1,-1,-1,-1
349,103,541,773,60,31,1,-1,-1,-1
350,103,540,773,58,31,1,-1,-1,-1
351,103,540,773,58,31,1,-1,-1,-1
352,103,540,773,58,31,1,-1,-1,-1
353,103,540,773,58,31,1,-1,-1,-1
354,103,540,773,58,31,1,-1,-1,-1
355,103,540,773,58,31,1,-1,-1,-1
356,103,541,773,57,31,1,-1,-1,-1
357,103,541,773,57,31,1,-1,-1,-1
358,103,541,773,57,31,1,-1,-1,-1
359,103,541,773,58,31,1,-1,-1,-1
360,103,541,773,57,32,1,-1,-1,-1
361,103,541,773,56,31,1,-1,-1,-1
362,103,541,773,56,31,1,-1,-1,-1
363,103,540,773,56,31,1,-1,-1,-1
364,103,540,773,56,31,1,-1,-1,-1
365,103,540,773,56,31,1,-1,-1,-1
366,103,540,773,56,31,1,-1,-1,-1
367,103,540,773,56,31,1,-1,-1,-1
368,103,540,773,56,31,1,-1,-1,-1
369,103,540,773,56,31,1,-1,-1,-1
370,103,540,773,55,31,1,-1,-1,-1
371,103,540,773,55,31,1,-1,-1,-1
372,103,540,773,55,31,1,-1,-1,-1
373,103,540,773,56,31,1,-1,-1,-1
374,103,540,773,56,31,1,-1,-1,-1
375,103,540,773,56,31,1,-1,-1,-1
376,103,540,773,56,31,1,-1,-1,-1
377,103,540,773,56,31,1,-1,-1,-1
378,103,540,773,56,31,1,-1,-1,-1
379,103,540,773,56,31,1,-1,-1,-1
380,103,541,773,56,31,1,-1,-1,-1
381,103,541,773,56,31,1,-1,-1,-1
382,103,541,773,56,31,1,-1,-1,-1
383,103,541,773,56,31,1,-1,-1,-1
384,103,541,773,56,31,1,-1,-1,-1
385,103,540,773,57,31,1,-1,-1,-1
386,103,540,773,57,31,1,-1,-1,-1
387,103,540,773,57,31,1,-1,-1,-1
388,103,540,773,57,31,1,-1,-1,-1
389,103,540,773,57,31,1,-1,-1,-1
390,103,540,773,57,31,1,-1,-1,-1
391,103,540,773,57,31,1,-1,-1,-1
392,103,540,773,57,31,1,-1,-1,-1
393,103,540,773,57,31,1,-1,-1,-1
394,103,540,773,56,31,1,-1,-1,-1
395,103,540,773,56,31,1,-1,-1,-1
396,103,540,773,56,31,1,-1,-1,-1
397,103,540,773,56,31,1,-1,-1,-1
398,103,540,773,56,31,1,-1,-1,-1
399,103,540,773,56,31,1,-1,-1,-1
400,103,540,773,56,31,1,-1,-1,-1
401,103,541,773,56,31,1,-1,-1,-1
402,103,541,773,56,31,1,-1,-1,-1
403,103,540,773,57,31,1,-1,-1,-1
404,103,540,773,57,31,1,-1,-1,-1
405,103,540,773,58,31,1,-1,-1,-1
406,103,540,773,57,31,1,-1,-1,-1
407,103,540,773,58,31,1,-1,-1,-1
408,103,540,773,58,31,1,-1,-1,-1
409,103,541,773,56,31,1,-1,-1,-1
410,103,541,773,56,31,1,-1,-1,-1
411,103,541,773,56,31,1,-1,-1,-1
412,103,541,773,56,31,1,-1,-1,-1
413,103,541,773,56,31,1,-1,-1,-1
414,103,541,773,56,31,1,-1,-1,-1
415,103,541,773,56,31,1,-1,-1,-1
416,103,541,773,56,31,1,-1,-1,-1
417,103,541,773,56,31,1,-1,-1,-1
418,103,540,773,56,31,1,-1,-1,-1
419,103,540,773,56,31,1,-1,-1,-1
420,103,540,773,56,31,1,-1,-1,-1
421,103,540,773,57,31,1,-1,-1,-1
422,103,540,773,57,31,1,-1,-1,-1
423,103,540,773,57,31,1,-1,-1,-1
424,103,540,773,57,31,1,-1,-1,-1
425,103,540,773,57,31,1,-1,-1,-1
426,103,540,773,57,31,1,-1,-1,-1
427,103,540,773,57,31,1,-1,-1,-1
428,103,540,773,57,31,1,-1,-1,-1
429,103,540,773,57,31,1,-1,-1,-1
430,103,541,773,56,31,1,-1,-1,-1
431,103,541,773,56,31,1,-1,-1,-1
432,103,541,773,56,31,1,-1,-1,-1
433,103,542,773,57,31,1,-1,-1,-1
434,103,542,773,57,31,1,-1,-1,-1
435,103,542,773,58,31,1,-1,-1,-1
436,103,542,773,58,31,1,-1,-1,-1
437,103,542,773,57,31,1,-1,-1,-1
438,103,542,773,58,31,1,-1,-1,-1
439,103,542,773,58,31,1,-1,-1,-1
440,103,542,773,58,31,1,-1,-1,-1
441,103,542,773,58,31,1,-1,-1,-1
442,103,542,773,58,31,1,-1,-1,-1
443,103,542,773,58,31,1,-1,-1,-1
444,103,542,773,58,31,1,-1,-1,-1
445,103,541,773,56,31,1,-1,-1,-1
446,103,541,773,56,31,1,-1,-1,-1
447,103,542,773,56,31,1,-1,-1,-1
448,103,542,773,56,31,1,-1,-1,-1
449,103,541,773,56,31,1,-1,-1,-1
450,103,541,773,56,31,1,-1,-1,-1
451,103,542,773,56,31,1,-1,-1,-1
452,103,542,773,56,31,1,-1,-1,-1
453,103,542,773,56,31,1,-1,-1,-1
454,103,542,773,56,31,1,-1,-1,-1
455,103,542,773,56,31,1,-1,-1,-1
456,103,541,773,56,31,1,-1,-1,-1
457,103,542,773,56,31,1,-1,-1,-1
458,103,542,773,56,31,1,-1,-1,-1
459,103,542,773,56,31,1,-1,-1,-1
460,103,542,773,56,31,1,-1,-1,-1
461,103,542,773,57,31,1,-1,-1,-1
462,103,542,773,57,31,1,-1,-1,-1
463,103,542,774,58,30,1,-1,-1,-1
464,103,542,774,58,30,1,-1,-1,-1
465,103,542,774,58,30,1,-1,-1,-1
466,103,542,773,58,31,1,-1,-1,-1
467,103,542,773,58,31,1,-1,-1,-1
468,103,542,774,58,31,1,-1,-1,-1
469,103,542,773,57,31,1,-1,-1,-1
470,103,542,773,57,31,1,-1,-1,-1
471,103,542,773,57,31,1,-1,-1,-1
472,103,541,773,57,31,1,-1,-1,-1
473,103,541,773,57,31,1,-1,-1,-1
474,103,541,773,57,31,1,-1,-1,-1
475,103,541,773,56,31,1,-1,-1,-1
476,103,541,773,57,31,1,-1,-1,-1
477,103,541,773,57,31,1,-1,-1,-1
478,103,541,773,57,31,1,-1,-1,-1
479,103,541,773,57,31,1,-1,-1,-1
480,103,541,773,57,31,1,-1,-1,-1
481,103,541,773,58,31,1,-1,-1,-1
482,103,541,773,58,31,1,-1,-1,-1
483,103,541,773,58,31,1,-1,-1,-1
484,103,541,772,54,32,1,-1,-1,-1
485,103,541,772,54,32,1,-1,-1,-1
486,103,541,772,54,32,1,-1,-1,-1
487,103,541,772,54,32,1,-1,-1,-1
488,103,541,772,54,32,1,-1,-1,-1
489,103,541,772,54,32,1,-1,-1,-1
490,103,541,772,54,32,1,-1,-1,-1
491,103,541,772,54,32,1,-1,-1,-1
492,103,541,772,54,32,1,-1,-1,-1
493,103,541,773,54,32,1,-1,-1,-1
494,103,541,773,54,32,1,-1,-1,-1
495,103,541,773,54,32,1,-1,-1,-1
496,103,541,772,54,32,1,-1,-1,-1
497,103,541,772,54,32,1,-1,-1,-1
498,103,541,772,54,32,1,-1,-1,-1
499,103,541,772,54,32,1,-1,-1,-1
500,103,541,772,54,32,1,-1,-1,-1
501,103,541,773,53,32,1,-1,-1,-1
502,103,541,773,53,32,1,-1,-1,-1
503,103,541,773,53,32,1,-1,-1,-1
504,103,541,773,53,32,1,-1,-1,-1
505,103,541,773,53,32,1,-1,-1,-1
506,103,541,773,53,32,1,-1,-1,-1
507,103,541,773,53,32,1,-1,-1,-1
508,103,541,773,53,32,1,-1,-1,-1
509,103,541,772,53,32,1,-1,-1,-1
510,103,541,773,53,32,1,-1,-1,-1
511,103,541,772,53,32,1,-1,-1,-1
512,103,541,772,53,32,1,-1,-1,-1
513,103,541,772,53,32,1,-1,-1,-1
514,103,540,773,55,32,1,-1,-1,-1
515,103,540,772,55,32,1,-1,-1,-1
516,103,540,773,55,32,1,-1,-1,-1
517,103,540,773,57,32,1,-1,-1,-1
518,103,540,773,57,32,1,-1,-1,-1
519,103,540,773,57,32,1,-1,-1,-1
520,103,540,773,57,32,1,-1,-1,-1
521,103,540,773,57,32,1,-1,-1,-1
522,103,540,773,57,32,1,-1,-1,-1
523,103,540,773,57,31,1,-1,-1,-1
524,103,540,773,57,32,1,-1,-1,-1
525,103,540,773,57,32,1,-1,-1,-1
526,103,540,773,57,32,1,-1,-1,-1
527,103,540,773,57,32,1,-1,-1,-1
528,103,540,773,57,32,1,-1,-1,-1
529,103,540,773,57,32,1,-1,-1,-1
530,103,540,773,57,32,1,-1,-1,-1
531,103,540,773,57,32,1,-1,-1,-1
532,103,540,773,57,32,1,-1,-1,-1
533,103,540,773,57,32,1,-1,-1,-1
534,103,540,773,57,32,1,-1,-1,-1
535,103,540,773,57,32,1,-1,-1,-1
536,103,540,773,57,32,1,-1,-1,-1
537,103,540,773,57,32,1,-1,-1,-1
538,103,540,773,57,32,1,-1,-1,-1
539,103,540,773,57,32,1,-1,-1,-1
540,103,540,773,57,32,1,-1,-1,-1
541,103,540,773,57,32,1,-1,-1,-1
542,103,540,773,57,32,1,-1,-1,-1
543,103,540,773,57,32,1,-1,-1,-1
544,103,540,773,57,32,1,-1,-1,-1
545,103,540,773,57,32,1,-1,-1,-1
546,103,540,773,57,32,1,-1,-1,-1
547,103,540,773,57,32,1,-1,-1,-1
548,103,540,773,57,32,1,-1,-1,-1
549,103,540,773,57,32,1,-1,-1,-1
550,103,540,773,57,32,1,-1,-1,-1
551,103,540,773,57,32,1,-1,-1,-1
552,103,540,773,57,32,1,-1,-1,-1
553,103,540,773,57,31,1,-1,-1,-1
554,103,540,773,57,31,1,-1,-1,-1
555,103,540,773,57,31,1,-1,-1,-1
556,103,540,773,57,31,1,-1,-1,-1
557,103,540,773,57,31,1,-1,-1,-1
558,103,541,773,57,31,1,-1,-1,-1
559,103,541,773,58,31,1,-1,-1,-1
560,103,540,773,58,31,1,-1,-1,-1
561,103,541,773,56,31,1,-1,-1,-1
562,103,541,773,57,31,1,-1,-1,-1
563,103,540,773,57,31,1,-1,-1,-1
564,103,540,773,57,31,1,-1,-1,-1
565,103,540,773,58,32,1,-1,-1,-1
566,103,540,773,58,32,1,-1,-1,-1
567,103,540,773,58,32,1,-1,-1,-1
568,103,540,773,58,31,1,-1,-1,-1
569,103,540,773,57,32,1,-1,-1,-1
570,103,540,773,57,31,1,-1,-1,-1
571,103,540,773,57,31,1,-1,-1,-1
572,103,541,773,56,32,1,-1,-1,-1
573,103,541,772,56,32,1,-1,-1,-1
574,103,541,772,56,32,1,-1,-1,-1
575,103,541,772,56,32,1,-1,-1,-1
576,103,540,773,57,32,1,-1,-1,-1
577,103,540,773,59,31,1,-1,-1,-1
578,103,540,773,59,31,1,-1,-1,-1
579,103,540,773,59,32,1,-1,-1,-1
580,103,540,773,59,31,1,-1,-1,-1
581,103,540,773,59,31,1,-1,-1,-1
582,103,540,773,59,31,1,-1,-1,-1
583,103,540,773,59,31,1,-1,-1,-1
584,103,540,773,58,31,1,-1,-1,-1
585,103,540,773,59,31,1,-1,-1,-1
586,103,540,773,59,31,1,-1,-1,-1
587,103,540,773,59,31,1,-1,-1,-1
588,103,540,773,59,31,1,-1,-1,-1
589,103,540,773,58,32,1,-1,-1,-1
590,103,540,773,59,32,1,-1,-1,-1
591,103,540,773,59,32,1,-1,-1,-1
592,103,540,773,59,32,1,-1,-1,-1
593,103,540,773,59,32,1,-1,-1,-1
594,103,540,773,59,32,1,-1,-1,-1
595,103,540,773,58,31,1,-1,-1,-1
596,103,540,773,58,31,1,-1,-1,-1
597,103,541,773,58,31,1,-1,-1,-1
598,103,540,773,58,31,1,-1,-1,-1
599,103,540,773,58,31,1,-1,-1,-1
600,103,540,773,58,31,1,-1,-1,-1
601,103,540,773,58,31,1,-1,-1,-1
602,103,540,773,58,31,1,-1,-1,-1
603,103,540,773,58,31,1,-1,-1,-1
604,103,539,773,61,32,1,-1,-1,-1
605,103,539,773,61,32,1,-1,-1,-1
606,103,539,773,61,32,1,-1,-1,-1
607,103,539,773,61,32,1,-1,-1,-1
608,103,539,773,60,32,1,-1,-1,-1
609,103,539,773,60,32,1,-1,-1,-1
610,103,539,773,60,32,1,-1,-1,-1
611,103,539,773,59,32,1,-1,-1,-1
612,103,539,773,59,32,1,-1,-1,-1
613,103,539,772,58,32,1,-1,-1,-1
614,103,539,772,58,32,1,-1,-1,-1
615,103,539,772,58,32,1,-1,-1,-1
616,103,539,772,58,32,1,-1,-1,-1
617,103,539,772,58,32,1,-1,-1,-1
618,103,539,772,58,32,1,-1,-1,-1
619,103,539,772,59,32,1,-1,-1,-1
620,103,539,772,59,32,1,-1,-1,-1
621,103,539,772,58,32,1,-1,-1,-1
622,103,539,772,58,32,1,-1,-1,-1
623,103,539,772,58,32,1,-1,-1,-1
624,103,539,772,57,32,1,-1,-1,-1
625,103,539,772,58,32,1,-1,-1,-1
626,103,539,772,58,32,1,-1,-1,-1
627,103,539,772,58,32,1,-1,-1,-1
628,103,539,772,58,32,1,-1,-1,-1
629,103,539,772,58,32,1,-1,-1,-1
630,103,539,772,58,32,1,-1,-1,-1
631,103,539,772,57,32,1,-1,-1,-1
632,103,539,772,58,32,1,-1,-1,-1
633,103,539,772,58,32,1,-1,-1,-1
634,103,539,772,58,32,1,-1,-1,-1
635,103,539,772,58,32,1,-1,-1,-1
636,103,539,772,57,32,1,-1,-1,-1
637,103,539,772,57,32,1,-1,-1,-1
638,103,539,772,57,32,1,-1,-1,-1
639,103,539,772,57,32,1,-1,-1,-1
640,103,539,772,57,32,1,-1,-1,-1
641,103,539,772,57,32,1,-1,-1,-1
642,103,539,772,57,32,1,-1,-1,-1
643,103,539,772,57,32,1,-1,-1,-1
644,103,539,772,57,32,1,-1,-1,-1
645,103,539,772,57,33,1,-1,-1,-1
646,103,539,772,57,32,1,-1,-1,-1
647,103,539,772,57,32,1,-1,-1,-1
648,103,539,772,57,33,1,-1,-1,-1
649,103,540,772,58,32,1,-1,-1,-1
650,103,540,772,58,32,1,-1,-1,-1
651,103,540,772,58,32,1,-1,-1,-1
652,103,540,772,57,32,1,-1,-1,-1
653,103,540,772,57,32,1,-1,-1,-1
654,103,540,772,57,32,1,-1,-1,-1
655,103,540,772,57,32,1,-1,-1,-1
656,103,540,772,57,32,1,-1,-1,-1
657,103,540,772,57,32,1,-1,-1,-1
658,103,540,772,57,32,1,-1,-1,-1
659,103,540,772,57,32,1,-1,-1,-1
660,103,540,772,57,32,1,-1,-1,-1
661,103,540,772,57,32,1,-1,-1,-1
662,103,540,772,57,32,1,-1,-1,-1
663,103,540,772,57,32,1,-1,-1,-1
664,103,540,772,57,32,1,-1,-1,-1
665,103,542,772,55,32,1,-1,-1,-1
666,103,542,772,56,32,1,-1,-1,-1
667,103,542,772,56,32,1,-1,-1,-1
668,103,542,772,56,32,1,-1,-1,-1
669,103,542,772,56,32,1,-1,-1,-1
670,103,542,772,55,32,1,-1,-1,-1
671,103,542,772,55,32,1,-1,-1,-1
672,103,542,772,55,32,1,-1,-1,-1
673,103,542,773,55,32,1,-1,-1,-1
674,103,542,773,55,32,1,-1,-1,-1
675,103,542,773,55,32,1,-1,-1,-1
676,103,542,773,55,32,1,-1,-1,-1
677,103,542,773,55,32,1,-1,-1,-1
678,103,542,773,55,32,1,-1,-1,-1
679,103,541,773,56,32,1,-1,-1,-1
680,103,541,773,56,32,1,-1,-1,-1
681,103,541,773,56,32,1,-1,-1,-1
682,103,541,773,56,32,1,-1,-1,-1
683,103,542,773,56,31,1,-1,-1,-1
684,103,541,773,55,31,1,-1,-1,-1
685,103,541,773,57,32,1,-1,-1,-1
686,103,541,773,57,32,1,-1,-1,-1
687,103,541,773,57,32,1,-1,-1,-1
688,103,541,773,57,32,1,-1,-1,-1
689,103,542,773,56,32,1,-1,-1,-1
690,103,542,773,55,32,1,-1,-1,-1
691,103,542,772,55,32,1,-1,-1,-1
692,103,542,773,55,32,1,-1,-1,-1
693,103,542,773,55,32,1,-1,-1,-1
694,103,542,773,55,32,1,-1,-1,-1
695,103,542,773,55,32,1,-1,-1,-1
696,103,542,773,55,32,1,-1,-1,-1
697,103,542,773,55,31,1,-1,-1,-1
698,103,542,773,55,31,1,-1,-1,-1
699,103,542,773,55,31,1,-1,-1,-1
700,103,542,773,55,31,1,-1,-1,-1
701,103,542,773,55,31,1,-1,-1,-1
702,103,542,773,56,31,1,-1,-1,-1
703,103,542,773,56,31,1,-1,-1,-1
704,103,542,773,56,31,1,-1,-1,-1
705,103,542,773,55,31,1,-1,-1,-1
706,103,542,773,55,31,1,-1,-1,-1
707,103,542,773,55,31,1,-1,-1,-1
708,103,542,773,56,31,1,-1,-1,-1
709,103,542,773,56,31,1,-1,-1,-1
710,103,542,773,56,31,1,-1,-1,-1
711,103,542,773,55,31,1,-1,-1,-1
712,103,542,773,55,31,1,-1,-1,-1
713,103,542,773,55,31,1,-1,-1,-1
714,103,542,773,55,31,1,-1,-1,-1
715,103,542,773,56,31,1,-1,-1,-1
716,103,542,773,56,31,1,-1,-1,-1
717,103,542,773,56,31,1,-1,-1,-1
718,103,542,773,56,31,1,-1,-1,-1
719,103,542,773,56,31,1,-1,-1,-1
720,103,542,773,57,32,1,-1,-1,-1
721,103,542,773,56,32,1,-1,-1,-1
722,103,542,773,55,33,1,-1,-1,-1
723,103,542,773,56,33,1,-1,-1,-1
724,103,544,773,54,34,1,-1,-1,-1
725,103,543,773,55,35,1,-1,-1,-1
726,103,543,773,55,34,1,-1,-1,-1
727,103,543,773,53,34,1,-1,-1,-1
728,103,544,774,52,35,1,-1,-1,-1
729,103,542,774,54,35,1,-1,-1,-1
730,103,540,774,57,42,1,-1,-1,-1
731,103,540,774,60,48,1,-1,-1,-1
732,103,534,774,69,55,1,-1,-1,-1
733,103,537,775,69,52,1,-1,-1,-1
734,103,541,778,76,64,1,-1,-1,-1
735,103,545,777,74,65,1,-1,-1,-1
736,103,546,777,79,66,1,-1,-1,-1
737,103,545,779,85,66,1,-1,-1,-1
738,103,549,781,86,65,1,-1,-1,-1
739,103,549,780,93,66,1,-1,-1,-1
740,103,542,778,107,69,1,-1,-1,-1
741,103,561,783,93,64,1,-1,-1,-1
742,103,579,788,80,58,1,-1,-1,-1
743,103,583,785,81,62,1,-1,-1,-1
744,103,586,786,85,63,1,-1,-1,-1
745,103,590,787,88,63,1,-1,-1,-1
746,103,596,783,90,67,1,-1,-1,-1
747,103,598,783,94,68,1,-1,-1,-1
748,103,611,784,89,67,1,-1,-1,-1
749,103,617,783,87,69,1,-1,-1,-1
750,103,622,783,83,69,1,-1,-1,-1
751,103,628,783,79,69,1,-1,-1,-1
752,103,632,781,79,73,1,-1,-1,-1
753,103,640,784,76,70,1,-1,-1,-1
754,103,647,782,89,73,1,-1,-1,-1
755,103,653,780,107,75,1,-1,-1,-1
756,103,659,778,108,77,1,-1,-1,-1
757,103,665,775,116,83,1,-1,-1,-1
758,103,671,770,117,87,1,-1,-1,-1
759,103,681,769,116,86,1,-1,-1,-1
760,103,686,765,124,91,1,-1,-1,-1
761,103,699,770,119,89,1,-1,-1,-1
762,103,724,771,105,91,1,-1,-1,-1
763,103,731,774,110,92,1,-1,-1,-1
764,103,736,774,115,93,1,-1,-1,-1
765,103,738,770,122,97,1,-1,-1,-1
766,103,741,771,133,99,1,-1,-1,-1
767,103,747,772,135,97,1,-1,-1,-1
768,103,758,776,136,96,1,-1,-1,-1
769,103,764,759,143,114,1,-1,-1,-1
770,103,776,758,141,117,1,-1,-1,-1
771,103,783,758,146,119,1,-1,-1,-1
772,103,794,767,147,112,1,-1,-1,-1
773,103,804,771,151,111,1,-1,-1,-1
774,103,808,767,157,123,1,-1,-1,-1
775,103,819,768,159,124,1,-1,-1,-1
776,103,826,769,164,126,1,-1,-1,-1
777,103,837,770,163,129,1,-1,-1,-1
778,103,845,770,170,134,1,-1,-1,-1
779,103,852,772,176,135,1,-1,-1,-1
780,103,860,773,183,138,1,-1,-1,-1
781,103,871,773,184,139,1,-1,-1,-1
782,103,880,771,185,147,1,-1,-1,-1
783,103,889,771,191,156,1,-1,-1,-1
784,103,896,772,198,162,1,-1,-1,-1
785,103,904,774,207,164,1,-1,-1,-1
786,103,911,776,214,171,1,-1,-1,-1
787,103,918,780,226,174,1,-1,-1,-1
788,103,927,777,234,186,1,-1,-1,-1
789,103,938,783,246,186,1,-1,-1,-1
790,103,949,780,255,201,1,-1,-1,-1
791,103,960,780,270,209,1,-1,-1,-1
792,103,971,783,280,217,1,-1,-1,-1
793,103,987,783,294,229,1,-1,-1,-1
794,103,1003,787,311,235,1,-1,-1,-1
795,103,1014,786,332,246,1,-1,-1,-1
796,103,1033,790,347,254,1,-1,-1,-1
797,103,1049,790,371,266,1,-1,-1,-1
798,103,1074,790,386,281,1,-1,-1,-1
799,103,1096,785,415,303,1,-1,-1,-1
800,103,1123,787,442,317,1,-1,-1,-1
801,103,1139,796,478,327,1,-1,-1,-1
802,103,1168,796,517,347,1,-1,-1,-1
803,103,1198,798,556,365,1,-1,-1,-1
804,103,1232,802,609,389,1,-1,-1,-1
805,103,1268,799,662,416,1,-1,-1,-1
806,103,1308,798,730,448,1,-1,-1,-1
807,103,1356,803,806,479,1,-1,-1,-1
808,103,1408,804,894,520,1,-1,-1,-1
809,103,1470,809,1001,558,1,-1,-1,-1
810,103,1536,812,1023,613,1,-1,-1,-1
811,103,1616,813,940,671,1,-1,-1,-1
812,103,1706,816,853,644,1,-1,-1,-1
813,103,1816,822,742,617,1,-1,-1,-1
814,103,1945,880,614,531,1,-1,-1,-1
815,103,2098,891,460,582,1,-1,-1,-1
929,108,0,1332,115,146,1,-1,-1,-1
930,108,1,1325,147,160,1,-1,-1,-1
931,108,1,1311,186,184,1,-1,-1,-1
932,108,1,1304,219,187,1,-1,-1,-1
933,108,3,1292,252,190,1,-1,-1,-1
934,108,1,1282,289,197,1,-1,-1,-1
935,108,0,1270,320,213,1,-1,-1,-1
936,108,1,1260,347,223,1,-1,-1,-1
937,108,1,1251,380,230,1,-1,-1,-1
938,108,0,1246,408,236,1,-1,-1,-1
939,108,0,1240,416,242,1,-1,-1,-1
940,108,0,1233,449,265,1,-1,-1,-1
941,108,1,1214,499,277,1,-1,-1,-1
942,108,1,1202,526,282,1,-1,-1,-1
943,108,0,1217,425,262,1,-1,-1,-1
944,108,9,1244,397,228,1,-1,-1,-1
945,108,17,1248,400,217,1,-1,-1,-1
946,108,40,1241,385,219,1,-1,-1,-1
947,108,61,1189,589,261,1,-1,-1,-1
948,108,79,1175,593,270,1,-1,-1,-1
949,108,105,1172,589,272,1,-1,-1,-1
950,108,121,1167,592,273,1,-1,-1,-1
951,108,139,1163,591,273,1,-1,-1,-1
952,108,155,1156,587,276,1,-1,-1,-1
953,108,174,1148,589,278,1,-1,-1,-1
954,108,189,1143,593,277,1,-1,-1,-1
955,108,207,1140,593,275,1,-1,-1,-1
956,108,224,1138,591,274,1,-1,-1,-1
957,108,237,1135,593,275,1,-1,-1,-1
958,108,253,1128,594,277,1,-1,-1,-1
959,108,271,1121,591,279,1,-1,-1,-1
960,108,287,1119,591,277,1,-1,-1,-1
961,108,297,1117,592,272,1,-1,-1,-1
962,108,307,1112,591,275,1,-1,-1,-1
963,108,315,1109,597,271,1,-1,-1,-1
964,108,324,1106,596,267,1,-1,-1,-1
965,108,329,1104,598,267,1,-1,-1,-1
966,108,333,1101,603,272,1,-1,-1,-1
967,108,340,1098,603,277,1,-1,-1,-1
968,108,342,1098,614,274,1,-1,-1,-1
969,108,393,1094,575,276,1,-1,-1,-1
970,108,422,1092,558,270,1,-1,-1,-1
971,108,410,1087,584,278,1,-1,-1,-1
972,108,418,1084,590,273,1,-1,-1,-1
973,108,419,1078,605,275,1,-1,-1,-1
974,108,437,1075,601,276,1,-1,-1,-1
975,108,458,1073,600,276,1,-1,-1,-1
976,108,480,1069,599,274,1,-1,-1,-1
977,108,497,1063,608,276,1,-1,-1,-1
978,108,522,1055,604,278,1,-1,-1,-1
979,108,549,1050,604,275,1,-1,-1,-1
980,108,573,1043,612,277,1,-1,-1,-1
981,108,600,1036,610,278,1,-1,-1,-1
982,108,627,1028,612,280,1,-1,-1,-1
983,108,655,1021,619,280,1,-1,-1,-1
984,108,686,1013,620,283,1,-1,-1,-1
985,108,715,1007,627,281,1,-1,-1,-1
986,108,750,1000,626,286,1,-1,-1,-1
987,108,784,996,628,289,1,-1,-1,-1
988,108,816,989,638,290,1,-1,-1,-1
989,108,848,983,635,293,1,-1,-1,-1
990,108,884,975,643,299,1,-1,-1,-1
991,108,913,968,657,301,1,-1,-1,-1
992,108,952,965,655,301,1,-1,-1,-1
993,108,989,956,667,308,1,-1,-1,-1
994,108,1026,956,672,307,1,-1,-1,-1
995,108,1062,955,689,318,1,-1,-1,-1
996,108,1092,952,713,332,1,-1,-1,-1
997,108,1140,949,717,350,1,-1,-1,-1
998,108,1181,949,732,366,1,-1,-1,-1
999,108,1221,947,759,391,1,-1,-1,-1
1000,108,1263,953,786,406,1,-1,-1,-1
1001,108,1308,956,818,424,1,-1,-1,-1
1002,108,1354,956,858,450,1,-1,-1,-1
1003,108,1406,956,893,481,1,-1,-1,-1
1004,108,1453,961,964,506,1,-1,-1,-1
1005,108,1508,966,1024,540,1,-1,-1,-1
1006,108,1565,973,994,575,1,-1,-1,-1
1007,108,1637,982,922,611,1,-1,-1,-1
1008,108,1709,992,848,655,1,-1,-1,-1
1009,108,1789,999,767,616,1,-1,-1,-1
1010,108,1883,1004,673,607,1,-1,-1,-1
1011,108,1980,1019,576,588,1,-1,-1,-1
1012,108,2091,1045,468,562,1,-1,-1,-1
1013,108,2218,1092,341,557,1,-1,-1,-1
508,110,1532,484,92,73,1,-1,-1,-1
509,110,1532,483,92,73,1,-1,-1,-1
510,110,1532,484,91,72,1,-1,-1,-1
514,110,1534,486,91,70,1,-1,-1,-1
515,110,1534,486,90,70,1,-1,-1,-1
516,110,1534,487,90,69,1,-1,-1,-1
517,110,1532,489,94,69,1,-1,-1,-1
518,110,1532,489,94,69,1,-1,-1,-1
519,110,1532,488,94,69,1,-1,-1,-1
520,110,1533,489,94,69,1,-1,-1,-1
521,110,1533,489,94,69,1,-1,-1,-1
522,110,1532,489,93,69,1,-1,-1,-1
523,110,1532,489,93,69,1,-1,-1,-1
524,110,1533,489,93,69,1,-1,-1,-1
525,110,1532,489,93,69,1,-1,-1,-1
526,110,1533,490,93,68,1,-1,-1,-1
527,110,1532,490,93,68,1,-1,-1,-1
529,110,1532,492,93,67,1,-1,-1,-1
530,110,1532,492,93,67,1,-1,-1,-1
531,110,1532,492,93,66,1,-1,-1,-1
532,110,1532,492,93,66,1,-1,-1,-1
533,110,1532,492,93,66,1,-1,-1,-1
541,110,1533,492,93,66,1,-1,-1,-1
542,110,1533,492,93,66,1,-1,-1,-1
543,110,1533,492,93,66,1,-1,-1,-1
544,110,1533,492,93,67,1,-1,-1,-1
545,110,1533,492,93,67,1,-1,-1,-1
546,110,1533,491,93,67,1,-1,-1,-1
547,110,1533,491,93,67,1,-1,-1,-1
548,110,1533,491,93,67,1,-1,-1,-1
549,110,1533,491,93,67,1,-1,-1,-1
550,110,1533,491,93,66,1,-1,-1,-1
551,110,1533,492,93,66,1,-1,-1,-1
552,110,1533,492,92,65,1,-1,-1,-1
553,110,1532,492,93,65,1,-1,-1,-1
569,110,1535,479,92,72,1,-1,-1,-1
1627,117,540,775,56,32,1,-1,-1,-1
1628,117,538,773,55,32,1,-1,-1,-1
1629,117,538,773,55,32,1,-1,-1,-1
1630,117,540,774,56,31,1,-1,-1,-1
1631,117,539,773,56,32,1,-1,-1,-1
1632,117,539,773,57,33,1,-1,-1,-1
1633,117,540,773,54,32,1,-1,-1,-1
1634,117,541,773,54,32,1,-1,-1,-1
1635,117,541,773,54,31,1,-1,-1,-1
1636,117,541,773,54,31,1,-1,-1,-1
1637,117,541,773,54,31,1,-1,-1,-1
1638,117,541,773,54,31,1,-1,-1,-1
1639,117,540,773,55,31,1,-1,-1,-1
1640,117,540,773,55,31,1,-1,-1,-1
1641,117,541,773,54,32,1,-1,-1,-1
1642,117,541,773,54,32,1,-1,-1,-1
1643,117,541,773,54,32,1,-1,-1,-1
1644,117,541,773,54,32,1,-1,-1,-1
1645,117,540,773,55,32,1,-1,-1,-1
1646,117,540,773,55,32,1,-1,-1,-1
1647,117,540,773,55,32,1,-1,-1,-1
1648,117,540,772,55,32,1,-1,-1,-1
1649,117,540,772,55,32,1,-1,-1,-1
1650,117,540,772,55,32,1,-1,-1,-1
1651,117,540,772,55,32,1,-1,-1,-1
1652,117,540,772,55,32,1,-1,-1,-1
1653,117,540,772,55,32,1,-1,-1,-1
1654,117,540,772,55,32,1,-1,-1,-1
1655,117,540,772,55,32,1,-1,-1,-1
1656,117,540,772,55,32,1,-1,-1,-1
1657,117,540,772,54,32,1,-1,-1,-1
1658,117,540,772,54,32,1,-1,-1,-1
1659,117,540,772,54,32,1,-1,-1,-1
1660,117,540,772,54,32,1,-1,-1,-1
1661,117,540,772,54,32,1,-1,-1,-1
1662,117,540,772,54,32,1,-1,-1,-1
1663,117,540,772,55,32,1,-1,-1,-1
1664,117,540,773,55,32,1,-1,-1,-1
1665,117,540,773,55,32,1,-1,-1,-1
1666,117,540,773,55,32,1,-1,-1,-1
1667,117,537,773,56,32,1,-1,-1,-1
1668,117,537,773,57,32,1,-1,-1,-1
1669,117,540,772,57,32,1,-1,-1,-1
1670,117,540,772,57,32,1,-1,-1,-1
1671,117,540,772,57,32,1,-1,-1,-1
1672,117,540,772,57,32,1,-1,-1,-1
1673,117,540,772,57,33,1,-1,-1,-1
1674,117,540,772,57,33,1,-1,-1,-1
1675,117,540,771,57,33,1,-1,-1,-1
1676,117,540,772,56,33,1,-1,-1,-1
1677,117,540,772,56,33,1,-1,-1,-1
1678,117,540,772,56,33,1,-1,-1,-1
1679,117,540,772,56,33,1,-1,-1,-1
1680,117,540,772,57,33,1,-1,-1,-1
1681,117,541,772,58,32,1,-1,-1,-1
1682,117,541,772,58,32,1,-1,-1,-1
1683,117,541,772,58,32,1,-1,-1,-1
1684,117,541,772,58,32,1,-1,-1,-1
1685,117,541,772,58,32,1,-1,-1,-1
1686,117,541,772,58,32,1,-1,-1,-1
1687,117,541,772,58,32,1,-1,-1,-1
1688,117,541,772,58,32,1,-1,-1,-1
1689,117,541,772,58,32,1,-1,-1,-1
1690,117,541,772,58,32,1,-1,-1,-1
1691,117,541,773,58,32,1,-1,-1,-1
1692,117,541,773,58,32,1,-1,-1,-1
1693,117,541,773,58,32,1,-1,-1,-1
1694,117,541,773,58,32,1,-1,-1,-1
1695,117,541,773,58,32,1,-1,-1,-1
1696,117,541,773,58,32,1,-1,-1,-1
1697,117,541,773,58,32,1,-1,-1,-1
1698,117,541,773,58,32,1,-1,-1,-1
1699,117,541,773,58,32,1,-1,-1,-1
1700,117,541,773,58,32,1,-1,-1,-1
1701,117,541,773,58,32,1,-1,-1,-1
1702,117,541,773,58,32,1,-1,-1,-1
1703,117,541,773,58,32,1,-1,-1,-1
1704,117,541,773,58,32,1,-1,-1,-1
1705,117,541,773,58,32,1,-1,-1,-1
1706,117,541,773,58,32,1,-1,-1,-1
1707,117,541,773,58,32,1,-1,-1,-1
1708,117,541,773,58,32,1,-1,-1,-1
1709,117,541,773,57,31,1,-1,-1,-1
1710,117,541,773,57,31,1,-1,-1,-1
1711,117,541,773,57,32,1,-1,-1,-1
1712,117,541,772,57,32,1,-1,-1,-1
1713,117,541,772,57,32,1,-1,-1,-1
1714,117,541,772,57,32,1,-1,-1,-1
1715,117,541,772,57,32,1,-1,-1,-1
1716,117,541,772,57,32,1,-1,-1,-1
1717,117,541,772,57,32,1,-1,-1,-1
1718,117,541,772,57,32,1,-1,-1,-1
1719,117,541,772,57,32,1,-1,-1,-1
1720,117,541,772,58,32,1,-1,-1,-1
1721,117,540,772,58,32,1,-1,-1,-1
1722,117,541,772,58,32,1,-1,-1,-1
1723,117,540,772,57,32,1,-1,-1,-1
1724,117,540,772,57,32,1,-1,-1,-1
1725,117,540,772,57,32,1,-1,-1,-1
1726,117,540,772,57,32,1,-1,-1,-1
1727,117,540,772,56,32,1,-1,-1,-1
1728,117,540,772,56,32,1,-1,-1,-1
1729,117,540,773,57,32,1,-1,-1,-1
1730,117,540,773,57,32,1,-1,-1,-1
1731,117,540,773,58,32,1,-1,-1,-1
1732,117,540,773,58,32,1,-1,-1,-1
1733,117,540,773,58,32,1,-1,-1,-1
1734,117,540,773,58,32,1,-1,-1,-1
1735,117,540,772,57,32,1,-1,-1,-1
1736,117,541,773,57,32,1,-1,-1,-1
1737,117,541,773,57,32,1,-1,-1,-1
1738,117,540,773,57,32,1,-1,-1,-1
1739,117,541,773,57,32,1,-1,-1,-1
1740,117,541,773,57,32,1,-1,-1,-1
1741,117,541,773,56,31,1,-1,-1,-1
1742,117,541,773,57,32,1,-1,-1,-1
1743,117,541,773,57,32,1,-1,-1,-1
1744,117,541,773,57,32,1,-1,-1,-1
1745,117,541,772,57,32,1,-1,-1,-1
1746,117,541,772,57,32,1,-1,-1,-1
1747,117,541,773,56,31,1,-1,-1,-1
1748,117,541,773,57,32,1,-1,-1,-1
1749,117,541,773,57,32,1,-1,-1,-1
1750,117,541,773,57,32,1,-1,-1,-1
1751,117,541,772,57,32,1,-1,-1,-1
1752,117,541,773,57,32,1,-1,-1,-1
1753,117,541,772,55,32,1,-1,-1,-1
1754,117,541,772,56,32,1,-1,-1,-1
1755,117,541,772,55,32,1,-1,-1,-1
1756,117,542,772,55,32,1,-1,-1,-1
1757,117,542,772,54,32,1,-1,-1,-1
1758,117,541,772,55,33,1,-1,-1,-1
1759,117,541,772,56,33,1,-1,-1,-1
1760,117,542,773,55,33,1,-1,-1,-1
1761,117,544,773,53,33,1,-1,-1,-1
1762,117,542,773,55,34,1,-1,-1,-1
1763,117,543,773,54,36,1,-1,-1,-1
1764,117,541,773,54,37,1,-1,-1,-1
1765,117,540,773,57,38,1,-1,-1,-1
1766,117,541,774,56,40,1,-1,-1,-1
1767,117,538,773,62,45,1,-1,-1,-1
1768,117,539,773,62,67,1,-1,-1,-1
1769,117,542,773,64,74,1,-1,-1,-1
1770,117,544,775,65,72,1,-1,-1,-1
1771,117,542,775,72,74,1,-1,-1,-1
1772,117,543,776,79,76,1,-1,-1,-1
1773,117,546,780,85,70,1,-1,-1,-1
1774,117,561,789,73,62,1,-1,-1,-1
1775,117,546,781,95,71,1,-1,-1,-1
1776,117,568,793,81,59,1,-1,-1,-1
1777,117,580,790,78,63,1,-1,-1,-1
1778,117,586,792,77,61,1,-1,-1,-1
1779,117,594,793,80,60,1,-1,-1,-1
1780,117,600,792,81,63,1,-1,-1,-1
1781,117,608,792,82,64,1,-1,-1,-1
1782,117,613,792,87,64,1,-1,-1,-1
1783,117,621,792,86,66,1,-1,-1,-1
1784,117,628,792,82,66,1,-1,-1,-1
1785,117,634,789,79,69,1,-1,-1,-1
1786,117,640,791,78,69,1,-1,-1,-1
1787,117,649,793,71,68,1,-1,-1,-1
1788,117,657,795,65,67,1,-1,-1,-1
1789,117,667,795,58,66,1,-1,-1,-1
1790,117,675,792,96,71,1,-1,-1,-1
1791,117,683,787,98,76,1,-1,-1,-1
1792,117,692,787,102,78,1,-1,-1,-1
1793,117,715,787,91,78,1,-1,-1,-1
1794,117,730,790,85,75,1,-1,-1,-1
1795,117,728,789,99,84,1,-1,-1,-1
1796,117,732,788,109,86,1,-1,-1,-1
1797,117,736,788,117,94,1,-1,-1,-1
1798,117,742,786,122,103,1,-1,-1,-1
1799,117,758,787,118,103,1,-1,-1,-1
1800,117,767,787,124,105,1,-1,-1,-1
1801,117,777,786,130,109,1,-1,-1,-1
1802,117,788,786,134,115,1,-1,-1,-1
1803,117,797,787,141,116,1,-1,-1,-1
1804,117,809,787,144,121,1,-1,-1,-1
1805,117,824,787,147,126,1,-1,-1,-1
1806,117,836,790,152,129,1,-1,-1,-1
1807,117,847,787,160,138,1,-1,-1,-1
1808,117,864,790,163,142,1,-1,-1,-1
1809,117,877,792,175,145,1,-1,-1,-1
1810,117,894,797,179,150,1,-1,-1,-1
1811,117,908,796,192,158,1,-1,-1,-1
1812,117,924,799,202,165,1,-1,-1,-1
1813,117,941,796,214,180,1,-1,-1,-1
1814,117,961,799,228,189,1,-1,-1,-1
1815,117,982,799,245,201,1,-1,-1,-1
1816,117,1008,805,258,213,1,-1,-1,-1
1817,117,1033,808,280,225,1,-1,-1,-1
1818,117,1064,811,304,240,1,-1,-1,-1
1819,117,1100,810,329,262,1,-1,-1,-1
1820,117,1139,808,365,285,1,-1,-1,-1
1821,117,1183,815,404,308,1,-1,-1,-1
1822,117,1231,821,455,335,1,-1,-1,-1
1823,117,1291,826,519,376,1,-1,-1,-1
1824,117,1364,830,591,416,1,-1,-1,-1
1825,117,1450,834,695,475,1,-1,-1,-1
1826,117,1552,842,838,545,1,-1,-1,-1
1827,117,1685,855,873,635,1,-1,-1,-1
1828,117,1854,869,702,626,1,-1,-1,-1
1829,117,2079,889,478,617,1,-1,-1,-1
2364,119,542,773,53,34,1,-1,-1,-1
2365,119,542,773,53,32,1,-1,-1,-1
2366,119,541,773,53,33,1,-1,-1,-1
2367,119,541,773,53,33,1,-1,-1,-1
2368,119,540,773,53,32,1,-1,-1,-1
2369,119,539,773,53,32,1,-1,-1,-1
2370,119,540,773,55,32,1,-1,-1,-1
2371,119,540,773,55,32,1,-1,-1,-1
2372,119,540,773,54,31,1,-1,-1,-1
2373,119,540,773,55,32,1,-1,-1,-1
2374,119,540,773,55,32,1,-1,-1,-1
2375,119,541,773,54,32,1,-1,-1,-1
2376,119,540,773,55,32,1,-1,-1,-1
2377,119,540,773,56,32,1,-1,-1,-1
2378,119,541,773,55,32,1,-1,-1,-1
2379,119,541,773,55,31,1,-1,-1,-1
2380,119,541,773,55,31,1,-1,-1,-1
2381,119,541,773,55,31,1,-1,-1,-1
2382,119,541,773,55,31,1,-1,-1,-1
2383,119,541,773,55,31,1,-1,-1,-1
2384,119,541,773,55,32,1,-1,-1,-1
2385,119,541,773,55,32,1,-1,-1,-1
2386,119,539,773,56,31,1,-1,-1,-1
2387,119,539,773,56,31,1,-1,-1,-1
2388,119,539,773,55,31,1,-1,-1,-1
2389,119,540,773,56,32,1,-1,-1,-1
2390,119,540,773,56,32,1,-1,-1,-1
2391,119,540,773,56,32,1,-1,-1,-1
2392,119,540,773,56,32,1,-1,-1,-1
2393,119,540,773,56,32,1,-1,-1,-1
2394,119,540,773,55,32,1,-1,-1,-1
2395,119,540,773,55,32,1,-1,-1,-1
2396,119,539,773,58,32,1,-1,-1,-1
2397,119,539,773,58,32,1,-1,-1,-1
2398,119,540,773,57,32,1,-1,-1,-1
2399,119,540,772,57,32,1,-1,-1,-1
2400,119,539,772,57,32,1,-1,-1,-1
2401,119,540,772,57,32,1,-1,-1,-1
2402,119,540,772,57,32,1,-1,-1,-1
2403,119,540,772,57,32,1,-1,-1,-1
2404,119,540,772,57,32,1,-1,-1,-1
2405,119,540,772,57,32,1,-1,-1,-1
2406,119,539,772,58,32,1,-1,-1,-1
2407,119,539,772,58,32,1,-1,-1,-1
2408,119,539,772,58,32,1,-1,-1,-1
2409,119,539,772,58,32,1,-1,-1,-1
2410,119,539,772,58,32,1,-1,-1,-1
2411,119,539,772,58,32,1,-1,-1,-1
2412,119,539,772,58,32,1,-1,-1,-1
2413,119,539,772,59,32,1,-1,-1,-1
2414,119,539,772,59,32,1,-1,-1,-1
2415,119,539,772,59,32,1,-1,-1,-1
1141,131,2356,764,203,214,1,-1,-1,-1
1142,131,2240,706,320,256,1,-1,-1,-1
1143,131,2132,675,427,282,1,-1,-1,-1
1144,131,2040,669,517,308,1,-1,-1,-1
1145,131,1959,673,600,288,1,-1,-1,-1
1146,131,1881,677,632,272,1,-1,-1,-1
1147,131,1811,677,578,259,1,-1,-1,-1
1148,131,1748,681,535,245,1,-1,-1,-1
1149,131,1693,683,494,234,1,-1,-1,-1
1150,131,1642,688,462,221,1,-1,-1,-1
1151,131,1597,690,425,211,1,-1,-1,-1
1152,131,1557,691,397,202,1,-1,-1,-1
1153,131,1514,691,375,199,1,-1,-1,-1
1154,131,1480,693,351,190,1,-1,-1,-1
1155,131,1447,696,333,183,1,-1,-1,-1
1156,131,1416,698,315,176,1,-1,-1,-1
1157,131,1386,704,295,164,1,-1,-1,-1
1158,131,1362,705,278,159,1,-1,-1,-1
1159,131,1337,709,266,151,1,-1,-1,-1
1160,131,1316,707,255,152,1,-1,-1,-1
1161,131,1294,709,244,145,1,-1,-1,-1
1162,131,1273,711,236,140,1,-1,-1,-1
1163,131,1259,710,223,138,1,-1,-1,-1
1164,131,1246,712,211,133,1,-1,-1,-1
1165,131,1233,711,201,130,1,-1,-1,-1
1166,131,1222,710,191,127,1,-1,-1,-1
1167,131,1215,711,178,124,1,-1,-1,-1
1168,131,1208,710,170,121,1,-1,-1,-1
1169,131,1203,708,162,114,1,-1,-1,-1
1170,131,1199,705,155,116,1,-1,-1,-1
1171,131,1200,701,145,112,1,-1,-1,-1
1172,131,1202,700,134,111,1,-1,-1,-1
1173,131,1208,697,126,109,1,-1,-1,-1
1174,131,1206,692,121,108,1,-1,-1,-1
1175,131,1210,684,118,111,1,-1,-1,-1
1176,131,1213,680,118,107,1,-1,-1,-1
1177,131,1217,674,120,107,1,-1,-1,-1
1178,131,1221,670,123,108,1,-1,-1,-1
1179,131,1222,666,131,104,1,-1,-1,-1
1180,131,1228,658,132,105,1,-1,-1,-1
1181,131,1237,653,134,98,1,-1,-1,-1
1182,131,1248,646,135,99,1,-1,-1,-1
1183,131,1258,642,134,94,1,-1,-1,-1
1184,131,1268,635,137,93,1,-1,-1,-1
1185,131,1280,629,126,89,1,-1,-1,-1
1186,131,1291,626,115,87,1,-1,-1,-1
1187,131,1304,619,104,86,1,-1,-1,-1
1188,131,1316,612,143,89,1,-1,-1,-1
1189,131,1334,607,137,81,1,-1,-1,-1
1190,131,1350,597,139,81,1,-1,-1,-1
1191,131,1364,591,138,80,1,-1,-1,-1
1192,131,1379,581,138,82,1,-1,-1,-1
1193,131,1403,573,125,83,1,-1,-1,-1
1194,131,1407,568,140,80,1,-1,-1,-1
1195,131,1424,561,132,77,1,-1,-1,-1
1196,131,1436,556,133,75,1,-1,-1,-1
1197,131,1455,548,124,78,1,-1,-1,-1
1198,131,1469,536,127,82,1,-1,-1,-1
1199,131,1482,527,131,85,1,-1,-1,-1
1200,131,1495,526,118,78,1,-1,-1,-1
1204,131,1538,500,137,74,1,-1,-1,-1
1205,131,1542,498,144,69,1,-1,-1,-1
1206,131,1546,493,151,71,1,-1,-1,-1
1207,131,1583,487,125,68,1,-1,-1,-1
1208,131,1593,478,116,70,1,-1,-1,-1
1209,131,1614,474,123,67,1,-1,-1,-1
1210,131,1622,471,119,66,1,-1,-1,-1
1211,132,2470,744,89,238,1,-1,-1,-1
1212,132,2348,712,210,258,1,-1,-1,-1
1213,132,2245,651,315,307,1,-1,-1,-1
1214,132,2149,628,409,319,1,-1,-1,-1
1215,132,2064,646,493,328,1,-1,-1,-1
1216,132,1984,610,574,351,1,-1,-1,-1
1217,132,1905,618,641,334,1,-1,-1,-1
1218,132,1850,620,579,317,1,-1,-1,-1
1219,132,1783,632,547,294,1,-1,-1,-1
1220,132,1733,636,495,280,1,-1,-1,-1
1221,132,1680,642,465,266,1,-1,-1,-1
1222,132,1634,647,431,252,1,-1,-1,-1
1223,132,1590,650,406,243,1,-1,-1,-1
1224,132,1546,648,381,239,1,-1,-1,-1
1225,132,1508,654,358,226,1,-1,-1,-1
1226,132,1470,659,339,216,1,-1,-1,-1
1227,132,1436,663,318,206,1,-1,-1,-1
1228,132,1405,668,301,196,1,-1,-1,-1
1229,132,1370,672,290,188,1,-1,-1,-1
1230,132,1345,675,271,180,1,-1,-1,-1
1231,132,1318,675,261,177,1,-1,-1,-1
1232,132,1291,682,250,167,1,-1,-1,-1
1233,132,1266,684,240,162,1,-1,-1,-1
1234,132,1241,685,231,157,1,-1,-1,-1
1235,132,1219,688,223,152,1,-1,-1,-1
1236,132,1196,687,214,150,1,-1,-1,-1
1237,132,1177,690,205,147,1,-1,-1,-1
1238,132,1156,694,199,140,1,-1,-1,-1
1239,132,1138,695,194,139,1,-1,-1,-1
1240,132,1117,698,186,134,1,-1,-1,-1
1241,132,1100,699,180,131,1,-1,-1,-1
1242,132,1082,703,176,126,1,-1,-1,-1
1243,132,1065,708,169,120,1,-1,-1,-1
1244,132,1049,711,163,115,1,-1,-1,-1
1245,132,1033,711,162,114,1,-1,-1,-1
1246,132,1020,713,153,110,1,-1,-1,-1
1247,132,1003,712,151,110,1,-1,-1,-1
1248,132,984,716,153,106,1,-1,-1,-1
1249,132,974,713,145,107,1,-1,-1,-1
1250,132,961,716,140,103,1,-1,-1,-1
1251,132,949,719,136,101,1,-1,-1,-1
1252,132,937,721,132,98,1,-1,-1,-1
1253,132,925,722,127,98,1,-1,-1,-1
1254,132,910,726,128,93,1,-1,-1,-1
1255,132,899,726,121,92,1,-1,-1,-1
1256,132,887,729,124,91,1,-1,-1,-1
1257,132,874,732,120,86,1,-1,-1,-1
1258,132,863,733,119,86,1,-1,-1,-1
1259,132,853,735,114,83,1,-1,-1,-1
1260,132,840,734,112,85,1,-1,-1,-1
1261,132,831,740,110,78,1,-1,-1,-1
1262,132,819,741,110,77,1,-1,-1,-1
1263,132,813,746,102,69,1,-1,-1,-1
1264,132,810,750,93,62,1,-1,-1,-1
1265,132,809,749,82,62,1,-1,-1,-1
1266,132,789,748,90,57,1,-1,-1,-1
1268,132,761,750,91,64,1,-1,-1,-1
1269,132,749,749,96,71,1,-1,-1,-1
1270,132,743,754,86,66,1,-1,-1,-1
1271,132,734,759,88,61,1,-1,-1,-1
1272,132,731,757,81,64,1,-1,-1,-1
1273,132,726,756,77,63,1,-1,-1,-1
1274,132,721,758,73,59,1,-1,-1,-1
1275,132,722,761,62,55,1,-1,-1,-1
1276,132,715,760,62,56,1,-1,-1,-1
1277,132,718,761,48,55,1,-1,-1,-1
1278,132,691,764,68,52,1,-1,-1,-1
1279,132,674,765,77,55,1,-1,-1,-1
1284,132,640,765,59,60,1,-1,-1,-1
1285,132,634,765,61,61,1,-1,-1,-1
1286,132,625,766,69,61,1,-1,-1,-1
1287,132,622,773,69,53,1,-1,-1,-1
1288,132,617,774,66,52,1,-1,-1,-1
1289,132,612,772,64,52,1,-1,-1,-1
1290,132,606,776,65,50,1,-1,-1,-1
1291,132,600,777,65,48,1,-1,-1,-1
1292,132,595,777,64,48,1,-1,-1,-1
1293,132,589,780,64,45,1,-1,-1,-1
1294,132,554,778,93,45,1,-1,-1,-1
1295,132,555,779,87,46,1,-1,-1,-1
1296,132,543,776,92,46,1,-1,-1,-1
1297,132,545,775,87,47,1,-1,-1,-1
1298,132,546,775,80,46,1,-1,-1,-1
1299,132,546,775,73,46,1,-1,-1,-1
1300,132,545,776,71,44,1,-1,-1,-1
1301,132,545,776,67,45,1,-1,-1,-1
1302,132,540,774,65,47,1,-1,-1,-1
1303,132,541,773,60,49,1,-1,-1,-1
1304,132,540,774,61,48,1,-1,-1,-1
1305,132,540,775,56,47,1,-1,-1,-1
1306,132,542,774,52,47,1,-1,-1,-1
1307,132,540,774,53,47,1,-1,-1,-1
1308,132,542,774,47,47,1,-1,-1,-1
1462,133,2418,844,141,242,1,-1,-1,-1
1463,133,2258,807,301,277,1,-1,-1,-1
1464,133,2111,738,446,337,1,-1,-1,-1
1465,133,1977,738,581,335,1,-1,-1,-1
1466,133,1854,739,705,348,1,-1,-1,-1
1467,133,1741,753,804,328,1,-1,-1,-1
1468,133,1636,769,749,312,1,-1,-1,-1
1469,133,1535,784,702,301,1,-1,-1,-1
1470,133,1437,799,664,294,1,-1,-1,-1
1471,133,1341,814,642,283,1,-1,-1,-1
1472,133,1091,866,558,278,1,-1,-1,-1
1473,133,1014,886,539,271,1,-1,-1,-1
1474,133,930,905,527,269,1,-1,-1,-1
1475,133,851,925,514,263,1,-1,-1,-1
1476,133,775,947,503,258,1,-1,-1,-1
1477,133,697,969,496,250,1,-1,-1,-1
1478,133,622,989,483,248,1,-1,-1,-1
1479,133,547,1008,476,250,1,-1,-1,-1
1480,133,468,1031,475,246,1,-1,-1,-1
1481,133,421,1038,440,249,1,-1,-1,-1
1482,133,294,1071,485,236,1,-1,-1,-1
1483,133,227,1092,473,235,1,-1,-1,-1
1484,133,160,1114,463,235,1,-1,-1,-1
1485,133,84,1128,459,239,1,-1,-1,-1
1486,133,15,1177,377,205,1,-1,-1,-1
1487,133,0,1173,374,217,1,-1,-1,-1
1488,133,1,1193,312,192,1,-1,-1,-1
1489,133,1,1210,235,172,1,-1,-1,-1
1490,133,1,1231,154,160,1,-1,-1,-1
1491,133,0,1232,79,143,1,-1,-1,-1
2366,139,1647,684,464,222,1,-1,-1,-1
2367,139,1576,688,414,206,1,-1,-1,-1
2368,139,1511,688,375,198,1,-1,-1,-1
2369,139,1456,690,342,189,1,-1,-1,-1
2370,139,1411,696,307,174,1,-1,-1,-1
2371,139,1365,698,287,163,1,-1,-1,-1
2372,139,1327,699,265,155,1,-1,-1,-1
2373,139,1293,703,249,148,1,-1,-1,-1
2374,139,1261,707,232,139,1,-1,-1,-1
2375,139,1230,709,221,132,1,-1,-1,-1
2376,139,1208,709,205,126,1,-1,-1,-1
2377,139,1185,711,194,124,1,-1,-1,-1
2378,139,1158,711,188,121,1,-1,-1,-1
2379,139,1140,714,177,115,1,-1,-1,-1
2380,139,1118,716,172,110,1,-1,-1,-1
2381,139,1101,715,166,108,1,-1,-1,-1
2382,139,1082,716,161,105,1,-1,-1,-1
2383,139,1065,717,158,100,1,-1,-1,-1
2384,139,1049,718,151,101,1,-1,-1,-1
2385,139,1031,720,150,93,1,-1,-1,-1
2386,139,1017,718,146,95,1,-1,-1,-1
2387,139,1003,722,139,90,1,-1,-1,-1
2388,139,985,722,142,88,1,-1,-1,-1
2389,139,974,725,136,85,1,-1,-1,-1
2390,139,961,728,134,81,1,-1,-1,-1
2391,139,948,726,133,84,1,-1,-1,-1
2392,139,935,730,127,79,1,-1,-1,-1
2393,139,924,731,120,78,1,-1,-1,-1
2394,139,909,731,123,79,1,-1,-1,-1
2395,139,898,734,120,75,1,-1,-1,-1
2396,139,886,735,120,72,1,-1,-1,-1
2397,139,875,738,118,67,1,-1,-1,-1
2398,139,861,745,116,59,1,-1,-1,-1
2399,139,854,747,108,72,1,-1,-1,-1
2400,139,842,749,110,66,1,-1,-1,-1
2401,139,832,747,107,68,1,-1,-1,-1
2402,139,822,750,105,65,1,-1,-1,-1
2403,139,811,750,106,64,1,-1,-1,-1
2404,139,801,753,104,61,1,-1,-1,-1
2405,139,793,753,102,61,1,-1,-1,-1
2406,139,785,754,99,60,1,-1,-1,-1
2407,139,775,752,100,61,1,-1,-1,-1
2408,139,765,752,97,62,1,-1,-1,-1
2409,139,761,754,92,60,1,-1,-1,-1
2410,139,753,755,92,61,1,-1,-1,-1
2411,139,746,759,88,56,1,-1,-1,-1
2412,139,734,761,94,54,1,-1,-1,-1
2413,139,729,762,90,53,1,-1,-1,-1
2414,139,726,759,86,56,1,-1,-1,-1
2415,139,725,765,76,49,1,-1,-1,-1
1213,141,1532,490,93,66,1,-1,-1,-1
1214,141,1529,493,94,66,1,-1,-1,-1
1215,141,1529,493,95,66,1,-1,-1,-1
1222,141,1530,491,97,66,1,-1,-1,-1
1224,141,1531,495,91,63,1,-1,-1,-1
1225,141,1530,490,94,68,1,-1,-1,-1
1226,141,1530,492,90,66,1,-1,-1,-1
1227,141,1530,491,91,67,1,-1,-1,-1
1228,141,1530,493,85,65,1,-1,-1,-1
1229,141,1530,493,83,65,1,-1,-1,-1
1230,141,1530,492,84,65,1,-1,-1,-1
1231,141,1531,492,84,65,1,-1,-1,-1
1232,141,1531,493,81,64,1,-1,-1,-1
1233,141,1531,493,81,65,1,-1,-1,-1
1234,141,1530,495,77,64,1,-1,-1,-1
1235,141,1530,495,78,64,1,-1,-1,-1
1236,141,1530,495,78,64,1,-1,-1,-1
1237,141,1532,499,70,60,1,-1,-1,-1
1238,141,1532,498,70,60,1,-1,-1,-1
1239,141,1532,498,70,60,1,-1,-1,-1
1240,141,1532,499,70,60,1,-1,-1,-1
1241,141,1532,499,70,60,1,-1,-1,-1
1242,141,1532,498,70,60,1,-1,-1,-1
1243,141,1532,498,70,60,1,-1,-1,-1
1244,141,1532,496,80,61,1,-1,-1,-1
1245,141,1532,496,79,61,1,-1,-1,-1
1246,141,1531,494,81,63,1,-1,-1,-1
1247,141,1532,496,78,62,1,-1,-1,-1
1248,141,1531,494,81,63,1,-1,-1,-1
1249,141,1530,493,84,65,1,-1,-1,-1
1250,141,1530,492,85,66,1,-1,-1,-1
1251,141,1530,492,82,65,1,-1,-1,-1
1252,141,1530,492,83,65,1,-1,-1,-1
1253,141,1530,492,83,65,1,-1,-1,-1
1254,141,1530,492,82,65,1,-1,-1,-1
1255,141,1530,493,82,65,1,-1,-1,-1
1256,141,1530,492,83,65,1,-1,-1,-1
1257,141,1530,492,83,65,1,-1,-1,-1
1258,141,1530,492,84,66,1,-1,-1,-1
1259,141,1531,491,84,66,1,-1,-1,-1
1260,141,1530,492,84,65,1,-1,-1,-1
1261,141,1531,491,83,65,1,-1,-1,-1
1262,141,1531,491,83,65,1,-1,-1,-1
1263,141,1531,490,84,66,1,-1,-1,-1
1264,141,1531,490,84,66,1,-1,-1,-1
1265,141,1531,490,85,66,1,-1,-1,-1
1266,141,1531,490,84,66,1,-1,-1,-1
1267,141,1531,489,85,66,1,-1,-1,-1
1268,141,1531,490,84,66,1,-1,-1,-1
1272,141,1531,492,83,65,1,-1,-1,-1
1273,141,1531,491,84,66,1,-1,-1,-1
1398,142,1543,478,84,63,1,-1,-1,-1
1399,142,1535,480,93,70,1,-1,-1,-1
1400,142,1537,478,92,69,1,-1,-1,-1
1401,142,1538,478,93,69,1,-1,-1,-1
1402,142,1540,479,90,66,1,-1,-1,-1
2246,143,538,772,62,36,1,-1,-1,-1
2247,143,537,771,63,37,1,-1,-1,-1
2252,143,540,773,56,32,1,-1,-1,-1
2253,143,540,773,57,32,1,-1,-1,-1
2254,143,540,773,56,32,1,-1,-1,-1
2255,143,541,774,56,31,1,-1,-1,-1
2256,143,540,774,56,31,1,-1,-1,-1
2257,143,541,774,56,30,1,-1,-1,-1
2258,143,540,774,58,31,1,-1,-1,-1
2259,143,540,773,57,31,1,-1,-1,-1
2260,143,541,773,58,31,1,-1,-1,-1
2261,143,541,773,57,31,1,-1,-1,-1
2262,143,541,773,57,31,1,-1,-1,-1
2263,143,541,773,58,31,1,-1,-1,-1
2264,143,541,773,58,31,1,-1,-1,-1
2265,143,542,773,57,31,1,-1,-1,-1
2266,143,542,773,57,31,1,-1,-1,-1
2267,143,542,773,57,31,1,-1,-1,-1
2268,143,541,773,57,32,1,-1,-1,-1
2269,143,540,773,58,32,1,-1,-1,-1
2270,143,540,773,58,32,1,-1,-1,-1
2271,143,540,773,58,32,1,-1,-1,-1
2272,143,540,773,58,32,1,-1,-1,-1
2273,143,540,773,58,32,1,-1,-1,-1
2274,143,540,773,58,32,1,-1,-1,-1
2275,143,540,773,58,32,1,-1,-1,-1
2276,143,540,773,58,32,1,-1,-1,-1
2277,143,540,773,58,32,1,-1,-1,-1
2278,143,540,773,58,32,1,-1,-1,-1
2279,143,540,772,58,32,1,-1,-1,-1
2280,143,540,772,58,32,1,-1,-1,-1
2281,143,539,773,62,32,1,-1,-1,-1
2282,143,539,773,62,32,1,-1,-1,-1
2283,143,539,773,62,32,1,-1,-1,-1
2284,143,539,773,62,32,1,-1,-1,-1
2285,143,539,773,62,32,1,-1,-1,-1
2286,143,539,773,62,32,1,-1,-1,-1
2287,143,539,773,62,32,1,-1,-1,-1
2288,143,540,773,60,32,1,-1,-1,-1
2289,143,540,773,60,32,1,-1,-1,-1
2290,143,540,773,60,32,1,-1,-1,-1
2291,143,540,773,60,32,1,-1,-1,-1
2292,143,540,773,60,32,1,-1,-1,-1
2293,143,540,773,58,32,1,-1,-1,-1
2294,143,540,773,58,32,1,-1,-1,-1
2295,143,540,773,57,32,1,-1,-1,-1
2296,143,540,773,57,32,1,-1,-1,-1
2297,143,540,773,57,32,1,-1,-1,-1
2298,143,539,773,58,32,1,-1,-1,-1
2299,143,540,773,58,31,1,-1,-1,-1
2300,143,540,773,57,32,1,-1,-1,-1
2301,143,540,773,57,32,1,-1,-1,-1
2302,143,540,773,57,31,1,-1,-1,-1
2303,143,539,773,57,32,1,-1,-1,-1
2304,143,539,773,57,32,1,-1,-1,-1
2305,143,539,772,56,32,1,-1,-1,-1
2306,143,540,773,58,31,1,-1,-1,-1
2307,143,539,772,59,32,1,-1,-1,-1
2308,143,541,772,56,32,1,-1,-1,-1
2309,143,541,772,55,32,1,-1,-1,-1
2310,143,541,772,55,32,1,-1,-1,-1
2311,143,541,772,56,32,1,-1,-1,-1
2312,143,541,772,56,32,1,-1,-1,-1
2313,143,540,772,56,32,1,-1,-1,-1
2314,143,541,772,56,32,1,-1,-1,-1
2315,143,541,772,56,32,1,-1,-1,-1
2316,143,541,772,55,32,1,-1,-1,-1
2317,143,542,773,57,31,1,-1,-1,-1
2318,143,542,772,56,31,1,-1,-1,-1
2319,143,542,772,56,31,1,-1,-1,-1
2320,143,542,772,56,31,1,-1,-1,-1
2321,143,542,773,56,31,1,-1,-1,-1
2322,143,542,773,56,31,1,-1,-1,-1
2323,143,542,773,56,31,1,-1,-1,-1
2324,143,542,773,56,31,1,-1,-1,-1
2325,143,542,773,56,31,1,-1,-1,-1
2326,143,542,773,57,31,1,-1,-1,-1
2327,143,542,773,56,31,1,-1,-1,-1
2328,143,540,772,56,32,1,-1,-1,-1
2329,143,539,773,56,32,1,-1,-1,-1
2330,143,539,773,56,32,1,-1,-1,-1
2331,143,540,773,56,32,1,-1,-1,-1
2332,143,540,773,56,32,1,-1,-1,-1
2333,143,540,773,56,32,1,-1,-1,-1
2334,143,538,773,55,32,1,-1,-1,-1
2335,143,539,773,56,32,1,-1,-1,-1
2336,143,539,773,56,32,1,-1,-1,-1
2337,143,539,773,56,32,1,-1,-1,-1
2338,143,540,773,57,31,1,-1,-1,-1
2339,143,540,773,57,31,1,-1,-1,-1
2340,143,540,773,57,31,1,-1,-1,-1
2341,143,541,773,55,31,1,-1,-1,-1
2342,143,541,773,55,31,1,-1,-1,-1
2343,143,541,773,55,31,1,-1,-1,-1
2344,143,541,773,55,31,1,-1,-1,-1
2345,143,541,773,55,31,1,-1,-1,-1
2346,143,543,773,54,32,1,-1,-1,-1
2347,143,544,773,54,32,1,-1,-1,-1
2348,143,542,773,58,35,1,-1,-1,-1
2349,143,542,773,57,36,1,-1,-1,-1
2350,143,542,773,58,37,1,-1,-1,-1
2351,143,542,773,57,38,1,-1,-1,-1
2352,143,542,773,56,37,1,-1,-1,-1
2353,143,540,773,60,42,1,-1,-1,-1
2354,143,540,772,62,52,1,-1,-1,-1
2355,143,543,773,62,70,1,-1,-1,-1
2356,143,541,773,63,71,1,-1,-1,-1
2357,143,541,773,67,74,1,-1,-1,-1
2358,143,542,772,70,77,1,-1,-1,-1
2359,143,542,773,77,78,1,-1,-1,-1
2360,143,541,773,82,78,1,-1,-1,-1
2361,143,542,776,87,77,1,-1,-1,-1
2362,143,548,782,86,71,1,-1,-1,-1
2363,143,553,784,89,69,1,-1,-1,-1
2364,143,562,787,85,66,1,-1,-1,-1
2365,143,576,793,77,60,1,-1,-1,-1
2366,143,593,792,81,63,1,-1,-1,-1
2367,143,597,793,81,62,1,-1,-1,-1
2368,143,605,795,79,61,1,-1,-1,-1
2369,143,610,794,79,62,1,-1,-1,-1
2370,143,612,796,85,61,1,-1,-1,-1
2371,143,620,795,86,63,1,-1,-1,-1
2372,143,626,795,84,63,1,-1,-1,-1
2373,143,632,796,81,62,1,-1,-1,-1
2374,143,638,797,79,62,1,-1,-1,-1
2375,143,644,797,76,64,1,-1,-1,-1
2376,143,648,797,74,64,1,-1,-1,-1
2377,143,655,798,69,65,1,-1,-1,-1
2378,143,664,798,62,66,1,-1,-1,-1
2379,143,672,795,95,69,1,-1,-1,-1
2380,143,679,793,99,73,1,-1,-1,-1
2381,143,685,788,104,78,1,-1,-1,-1
2382,143,691,791,106,75,1,-1,-1,-1
2383,143,719,791,91,75,1,-1,-1,-1
2384,143,729,791,86,76,1,-1,-1,-1
2385,143,731,788,99,84,1,-1,-1,-1
2386,143,735,790,104,83,1,-1,-1,-1
2387,143,738,789,110,86,1,-1,-1,-1
2388,143,743,789,116,94,1,-1,-1,-1
2389,143,752,789,119,94,1,-1,-1,-1
2390,143,762,789,122,98,1,-1,-1,-1
2391,143,771,788,122,99,1,-1,-1,-1
2392,143,779,788,130,104,1,-1,-1,-1
2393,143,789,788,132,106,1,-1,-1,-1
2394,143,799,787,132,109,1,-1,-1,-1
2395,143,806,789,142,109,1,-1,-1,-1
2396,143,818,791,144,113,1,-1,-1,-1
2397,143,829,792,146,115,1,-1,-1,-1
2398,143,842,793,146,119,1,-1,-1,-1
2399,143,855,797,152,120,1,-1,-1,-1
2400,143,861,794,160,127,1,-1,-1,-1
2401,143,873,794,167,131,1,-1,-1,-1
2402,143,886,795,167,138,1,-1,-1,-1
2403,143,899,796,175,141,1,-1,-1,-1
2404,143,910,800,182,143,1,-1,-1,-1
2405,143,921,801,193,151,1,-1,-1,-1
2406,143,936,804,199,154,1,-1,-1,-1
2407,143,950,803,208,164,1,-1,-1,-1
2408,143,965,805,221,174,1,-1,-1,-1
2409,143,984,809,231,182,1,-1,-1,-1
2410,143,1003,813,242,191,1,-1,-1,-1
2411,143,1023,816,259,202,1,-1,-1,-1
2412,143,1044,816,274,213,1,-1,-1,-1
2413,143,1067,824,296,220,1,-1,-1,-1
2414,143,1099,824,311,240,1,-1,-1,-1
2415,143,1128,827,338,257,1,-1,-1,-1
