1,517,608,453,451,258,1,-1,-1,-1
2,517,566,444,439,250,1,-1,-1,-1
3,517,519,436,440,247,1,-1,-1,-1
4,517,474,426,430,241,1,-1,-1,-1
5,517,428,421,427,232,1,-1,-1,-1
6,517,384,415,417,225,1,-1,-1,-1
7,517,338,409,415,223,1,-1,-1,-1
8,517,290,405,413,216,1,-1,-1,-1
9,517,246,400,407,213,1,-1,-1,-1
10,517,200,400,402,204,1,-1,-1,-1
11,517,153,398,399,200,1,-1,-1,-1
12,517,105,391,396,201,1,-1,-1,-1
13,517,60,392,392,194,1,-1,-1,-1
14,517,15,391,383,188,1,-1,-1,-1
15,517,0,390,352,184,1,-1,-1,-1
16,517,1,386,301,185,1,-1,-1,-1
17,517,0,386,253,181,1,-1,-1,-1
18,517,2,386,204,176,1,-1,-1,-1
19,517,1,386,156,175,1,-1,-1,-1
20,517,0,386,107,152,1,-1,-1,-1
1,518,479,238,113,104,1,-1,-1,-1
2,518,478,238,115,104,1,-1,-1,-1
3,518,478,238,115,104,1,-1,-1,-1
4,518,479,238,115,104,1,-1,-1,-1
5,518,479,237,117,105,1,-1,-1,-1
6,518,479,237,116,105,1,-1,-1,-1
7,518,479,236,116,105,1,-1,-1,-1
8,518,480,236,117,106,1,-1,-1,-1
9,518,480,236,118,106,1,-1,-1,-1
10,518,479,236,119,106,1,-1,-1,-1
11,518,480,237,118,106,1,-1,-1,-1
12,518,479,236,118,106,1,-1,-1,-1
13,518,479,236,116,106,1,-1,-1,-1
14,518,478,235,116,107,1,-1,-1,-1
15,518,478,235,116,107,1,-1,-1,-1
16,518,478,236,116,106,1,-1,-1,-1
17,518,478,236,116,106,1,-1,-1,-1
18,518,479,236,116,106,1,-1,-1,-1
19,518,479,236,116,106,1,-1,-1,-1
20,518,479,236,116,106,1,-1,-1,-1
21,518,479,237,114,104,1,-1,-1,-1
22,518,479,237,114,104,1,-1,-1,-1
23,518,479,238,114,104,1,-1,-1,-1
24,518,479,238,114,104,1,-1,-1,-1
25,518,479,238,115,104,1,-1,-1,-1
26,518,479,238,114,104,1,-1,-1,-1
27,518,479,238,114,104,1,-1,-1,-1
28,518,478,237,115,104,1,-1,-1,-1
29,518,478,237,114,104,1,-1,-1,-1
30,518,478,237,115,105,1,-1,-1,-1
31,518,479,236,115,107,1,-1,-1,-1
32,518,479,236,115,107,1,-1,-1,-1
33,518,479,236,115,107,1,-1,-1,-1
34,518,479,235,116,106,1,-1,-1,-1
35,518,479,236,116,105,1,-1,-1,-1
36,518,479,236,117,105,1,-1,-1,-1
37,518,479,237,114,105,1,-1,-1,-1
38,518,479,237,114,105,1,-1,-1,-1
39,518,479,237,114,105,1,-1,-1,-1
40,518,479,237,115,105,1,-1,-1,-1
41,518,479,238,113,104,1,-1,-1,-1
42,518,480,237,113,104,1,-1,-1,-1
43,518,480,237,113,104,1,-1,-1,-1
44,518,479,238,113,103,1,-1,-1,-1
45,518,479,238,113,104,1,-1,-1,-1
46,518,479,238,113,104,1,-1,-1,-1
47,518,479,239,114,103,1,-1,-1,-1
48,518,479,239,114,103,1,-1,-1,-1
49,518,479,238,113,104,1,-1,-1,-1
50,518,479,237,114,104,1,-1,-1,-1
51,518,479,238,114,104,1,-1,-1,-1
52,518,479,239,114,103,1,-1,-1,-1
53,518,479,239,114,104,1,-1,-1,-1
54,518,479,238,114,104,1,-1,-1,-1
55,518,479,238,113,104,1,-1,-1,-1
56,518,479,239,113,103,1,-1,-1,-1
57,518,479,239,114,103,1,-1,-1,-1
58,518,479,239,115,103,1,-1,-1,-1
59,518,480,239,113,103,1,-1,-1,-1
60,518,479,239,113,103,1,-1,-1,-1
61,518,479,237,113,104,1,-1,-1,-1
62,518,478,238,113,104,1,-1,-1,-1
63,518,479,237,113,105,1,-1,-1,-1
64,518,479,237,113,105,1,-1,-1,-1
65,518,479,237,113,105,1,-1,-1,-1
66,518,478,237,113,105,1,-1,-1,-1
67,518,479,237,113,105,1,-1,-1,-1
68,518,479,237,114,105,1,-1,-1,-1
69,518,479,237,114,105,1,-1,-1,-1
70,518,479,237,115,105,1,-1,-1,-1
71,518,479,238,114,103,1,-1,-1,-1
72,518,479,239,113,103,1,-1,-1,-1
73,518,479,239,114,103,1,-1,-1,-1
74,518,479,239,113,103,1,-1,-1,-1
75,518,479,239,114,103,1,-1,-1,-1
76,518,479,239,113,103,1,-1,-1,-1
77,518,479,239,113,103,1,-1,-1,-1
78,518,479,239,114,102,1,-1,-1,-1
79,518,479,239,114,103,1,-1,-1,-1
80,518,479,239,114,103,1,-1,-1,-1
81,518,479,238,114,104,1,-1,-1,-1
82,518,479,238,114,104,1,-1,-1,-1
83,518,479,238,114,104,1,-1,-1,-1
84,518,479,238,114,104,1,-1,-1,-1
85,518,479,237,113,104,1,-1,-1,-1
86,518,479,238,113,104,1,-1,-1,-1
87,518,478,235,114,107,1,-1,-1,-1
88,518,478,235,116,107,1,-1,-1,-1
89,518,477,236,117,107,1,-1,-1,-1
90,518,476,236,119,107,1,-1,-1,-1
91,518,476,239,116,105,1,-1,-1,-1
92,518,474,239,114,106,1,-1,-1,-1
93,518,474,240,117,105,1,-1,-1,-1
94,518,473,240,120,107,1,-1,-1,-1
95,518,471,240,119,108,1,-1,-1,-1
96,518,470,241,119,109,1,-1,-1,-1
97,518,468,240,125,112,1,-1,-1,-1
98,518,465,242,121,113,1,-1,-1,-1
99,518,462,245,124,112,1,-1,-1,-1
100,518,460,246,125,112,1,-1,-1,-1
101,518,458,245,128,117,1,-1,-1,-1
102,518,456,246,134,119,1,-1,-1,-1
103,518,454,246,133,121,1,-1,-1,-1
104,518,450,254,127,116,1,-1,-1,-1
105,518,447,255,133,117,1,-1,-1,-1
106,518,444,256,137,120,1,-1,-1,-1
107,518,439,255,142,124,1,-1,-1,-1
108,518,435,260,141,124,1,-1,-1,-1
109,518,431,262,141,127,1,-1,-1,-1
110,518,426,262,147,133,1,-1,-1,-1
111,518,422,268,149,130,1,-1,-1,-1
112,518,416,270,150,133,1,-1,-1,-1
113,518,409,274,151,134,1,-1,-1,-1
114,518,405,274,158,141,1,-1,-1,-1
115,518,397,281,159,142,1,-1,-1,-1
116,518,390,284,163,144,1,-1,-1,-1
117,518,383,287,166,151,1,-1,-1,-1
118,518,375,291,172,153,1,-1,-1,-1
119,518,370,299,171,152,1,-1,-1,-1
120,518,359,304,178,155,1,-1,-1,-1
121,518,351,307,180,163,1,-1,-1,-1
122,518,340,314,186,164,1,-1,-1,-1
123,518,329,320,195,170,1,-1,-1,-1
124,518,316,327,200,172,1,-1,-1,-1
125,518,304,333,200,181,1,-1,-1,-1
126,518,290,344,206,184,1,-1,-1,-1
127,518,272,349,218,194,1,-1,-1,-1
128,518,257,358,222,200,1,-1,-1,-1
129,518,240,371,229,204,1,-1,-1,-1
130,518,222,379,234,214,1,-1,-1,-1
131,518,198,388,248,231,1,-1,-1,-1
132,518,176,400,256,242,1,-1,-1,-1
133,518,148,420,270,247,1,-1,-1,-1
134,518,124,434,275,258,1,-1,-1,-1
135,518,94,451,291,272,1,-1,-1,-1
136,518,58,469,310,287,1,-1,-1,-1
137,518,19,490,325,306,1,-1,-1,-1
138,518,0,511,321,322,1,-1,-1,-1
139,518,1,537,295,343,1,-1,-1,-1
140,518,0,564,266,370,1,-1,-1,-1
141,518,0,595,231,400,1,-1,-1,-1
142,518,1,634,195,418,1,-1,-1,-1
143,518,1,672,154,403,1,-1,-1,-1
144,518,0,719,110,351,1,-1,-1,-1
1,519,667,225,106,111,1,-1,-1,-1
2,519,667,226,105,109,1,-1,-1,-1
3,519,667,226,105,109,1,-1,-1,-1
4,519,667,226,105,108,1,-1,-1,-1
5,519,667,225,105,109,1,-1,-1,-1
6,519,668,226,105,109,1,-1,-1,-1
7,519,668,225,105,109,1,-1,-1,-1
8,519,668,225,105,110,1,-1,-1,-1
9,519,668,225,105,110,1,-1,-1,-1
10,519,668,225,105,109,1,-1,-1,-1
11,519,668,225,105,109,1,-1,-1,-1
12,519,667,224,105,111,1,-1,-1,-1
13,519,667,224,105,111,1,-1,-1,-1
14,519,666,224,105,110,1,-1,-1,-1
15,519,666,224,105,111,1,-1,-1,-1
16,519,667,224,105,110,1,-1,-1,-1
17,519,667,225,105,110,1,-1,-1,-1
18,519,667,224,105,110,1,-1,-1,-1
19,519,667,225,105,110,1,-1,-1,-1
20,519,668,224,104,110,1,-1,-1,-1
21,519,668,227,103,108,1,-1,-1,-1
22,519,668,226,104,109,1,-1,-1,-1
23,519,668,226,104,108,1,-1,-1,-1
24,519,668,226,103,109,1,-1,-1,-1
25,519,668,226,103,109,1,-1,-1,-1
26,519,668,225,104,110,1,-1,-1,-1
27,519,668,226,103,109,1,-1,-1,-1
28,519,667,225,104,110,1,-1,-1,-1
29,519,667,226,104,109,1,-1,-1,-1
30,519,667,226,104,109,1,-1,-1,-1
31,519,667,225,104,110,1,-1,-1,-1
32,519,667,225,104,110,1,-1,-1,-1
33,519,667,224,104,110,1,-1,-1,-1
34,519,667,225,105,109,1,-1,-1,-1
35,519,667,226,105,109,1,-1,-1,-1
36,519,667,225,104,110,1,-1,-1,-1
37,519,665,225,106,110,1,-1,-1,-1
38,519,665,225,107,110,1,-1,-1,-1
39,519,665,225,107,110,1,-1,-1,-1
40,519,665,225,107,110,1,-1,-1,-1
41,519,667,225,106,109,1,-1,-1,-1
42,519,667,224,105,110,1,-1,-1,-1
43,519,667,225,105,110,1,-1,-1,-1
44,519,667,225,106,109,1,-1,-1,-1
45,519,666,225,106,110,1,-1,-1,-1
46,519,667,225,105,109,1,-1,-1,-1
47,519,667,226,105,109,1,-1,-1,-1
48,519,667,225,105,109,1,-1,-1,-1
49,519,667,226,105,109,1,-1,-1,-1
50,519,667,226,105,109,1,-1,-1,-1
51,519,668,227,104,108,1,-1,-1,-1
52,519,667,227,105,108,1,-1,-1,-1
53,519,668,228,105,107,1,-1,-1,-1
54,519,668,227,105,108,1,-1,-1,-1
55,519,668,227,105,108,1,-1,-1,-1
56,519,668,227,104,108,1,-1,-1,-1
57,519,668,227,104,108,1,-1,-1,-1
58,519,668,227,104,108,1,-1,-1,-1
59,519,668,227,104,108,1,-1,-1,-1
60,519,668,227,104,107,1,-1,-1,-1
61,519,666,226,106,109,1,-1,-1,-1
62,519,666,226,106,108,1,-1,-1,-1
63,519,665,226,107,108,1,-1,-1,-1
64,519,664,226,108,109,1,-1,-1,-1
65,519,664,226,108,109,1,-1,-1,-1
66,519,664,226,108,109,1,-1,-1,-1
67,519,667,227,105,108,1,-1,-1,-1
68,519,667,226,104,108,1,-1,-1,-1
69,519,667,227,104,109,1,-1,-1,-1
70,519,668,226,104,109,1,-1,-1,-1
71,519,668,227,104,108,1,-1,-1,-1
72,519,668,227,105,108,1,-1,-1,-1
73,519,668,227,105,108,1,-1,-1,-1
74,519,668,227,104,108,1,-1,-1,-1
75,519,668,227,104,108,1,-1,-1,-1
76,519,668,227,104,108,1,-1,-1,-1
77,519,668,227,104,107,1,-1,-1,-1
78,519,668,227,104,107,1,-1,-1,-1
79,519,669,227,103,108,1,-1,-1,-1
80,519,669,227,103,108,1,-1,-1,-1
81,519,668,226,103,109,1,-1,-1,-1
82,519,668,226,103,109,1,-1,-1,-1
83,519,668,226,103,109,1,-1,-1,-1
84,519,668,226,104,109,1,-1,-1,-1
85,519,668,227,103,108,1,-1,-1,-1
86,519,668,227,103,108,1,-1,-1,-1
87,519,668,227,103,108,1,-1,-1,-1
88,519,668,227,104,108,1,-1,-1,-1
89,519,667,227,105,109,1,-1,-1,-1
90,519,667,227,104,108,1,-1,-1,-1
91,519,667,227,104,108,1,-1,-1,-1
92,519,667,227,104,108,1,-1,-1,-1
93,519,668,227,104,108,1,-1,-1,-1
94,519,668,227,104,108,1,-1,-1,-1
95,519,667,227,105,108,1,-1,-1,-1
96,519,668,227,104,108,1,-1,-1,-1
97,519,668,227,104,108,1,-1,-1,-1
98,519,667,227,105,107,1,-1,-1,-1
99,519,667,227,105,108,1,-1,-1,-1
100,519,667,228,105,107,1,-1,-1,-1
101,519,668,227,104,108,1,-1,-1,-1
102,519,667,227,104,108,1,-1,-1,-1
103,519,667,228,104,107,1,-1,-1,-1
104,519,667,227,104,108,1,-1,-1,-1
105,519,667,228,104,107,1,-1,-1,-1
106,519,667,228,104,108,1,-1,-1,-1
107,519,667,227,105,108,1,-1,-1,-1
108,519,666,227,106,108,1,-1,-1,-1
109,519,667,227,105,108,1,-1,-1,-1
110,519,665,228,106,108,1,-1,-1,-1
111,519,666,227,105,110,1,-1,-1,-1
112,519,666,227,106,110,1,-1,-1,-1
113,519,664,227,106,112,1,-1,-1,-1
114,519,663,228,108,113,1,-1,-1,-1
115,519,661,229,110,113,1,-1,-1,-1
116,519,659,229,110,114,1,-1,-1,-1
117,519,657,232,112,113,1,-1,-1,-1
118,519,657,231,115,117,1,-1,-1,-1
119,519,655,234,115,115,1,-1,-1,-1
120,519,655,237,114,115,1,-1,-1,-1
121,519,654,238,115,117,1,-1,-1,-1
122,519,653,239,116,120,1,-1,-1,-1
123,519,651,244,118,119,1,-1,-1,-1
124,519,648,244,121,124,1,-1,-1,-1
125,519,645,248,121,125,1,-1,-1,-1
126,519,642,256,122,120,1,-1,-1,-1
127,519,639,255,125,127,1,-1,-1,-1
128,519,635,256,129,132,1,-1,-1,-1
129,519,633,261,129,134,1,-1,-1,-1
130,519,632,265,129,138,1,-1,-1,-1
131,519,630,269,130,139,1,-1,-1,-1
132,519,623,278,136,138,1,-1,-1,-1
133,519,612,273,148,150,1,-1,-1,-1
134,519,610,287,151,143,1,-1,-1,-1
135,519,605,286,155,155,1,-1,-1,-1
136,519,603,293,156,159,1,-1,-1,-1
137,519,599,299,156,164,1,-1,-1,-1
138,519,590,303,164,170,1,-1,-1,-1
139,519,585,311,165,175,1,-1,-1,-1
140,519,576,318,170,181,1,-1,-1,-1
141,519,569,328,174,186,1,-1,-1,-1
142,519,557,334,187,196,1,-1,-1,-1
143,519,549,345,187,202,1,-1,-1,-1
144,519,539,358,192,208,1,-1,-1,-1
145,519,529,368,197,221,1,-1,-1,-1
146,519,515,380,209,235,1,-1,-1,-1
147,519,502,397,215,240,1,-1,-1,-1
148,519,488,414,224,252,1,-1,-1,-1
149,519,472,431,234,268,1,-1,-1,-1
150,519,455,449,245,286,1,-1,-1,-1
151,519,433,472,260,302,1,-1,-1,-1
152,519,413,495,272,320,1,-1,-1,-1
153,519,387,524,289,343,1,-1,-1,-1
154,519,357,553,310,370,1,-1,-1,-1
155,519,324,589,332,401,1,-1,-1,-1
156,519,290,628,353,436,1,-1,-1,-1
157,519,245,674,387,400,1,-1,-1,-1
158,519,201,726,417,349,1,-1,-1,-1
159,519,146,790,453,286,1,-1,-1,-1
160,519,156,861,419,212,1,-1,-1,-1
161,519,149,953,389,122,1,-1,-1,-1
1,520,699,127,46,36,1,-1,-1,-1
2,520,695,127,50,38,1,-1,-1,-1
3,520,694,131,51,36,1,-1,-1,-1
4,520,692,131,52,37,1,-1,-1,-1
5,520,691,131,53,38,1,-1,-1,-1
6,520,690,131,53,42,1,-1,-1,-1
7,520,688,128,53,46,1,-1,-1,-1
8,520,687,129,55,47,1,-1,-1,-1
9,520,686,131,54,45,1,-1,-1,-1
10,520,684,129,56,48,1,-1,-1,-1
11,520,681,131,58,48,1,-1,-1,-1
12,520,681,130,56,50,1,-1,-1,-1
13,520,678,130,60,51,1,-1,-1,-1
14,520,675,135,57,48,1,-1,-1,-1
15,520,675,138,58,47,1,-1,-1,-1
16,520,673,142,58,45,1,-1,-1,-1
17,520,671,143,59,46,1,-1,-1,-1
18,520,670,134,59,55,1,-1,-1,-1
19,520,666,142,62,49,1,-1,-1,-1
20,520,665,136,62,55,1,-1,-1,-1
21,520,663,134,62,59,1,-1,-1,-1
22,520,660,140,64,54,1,-1,-1,-1
23,520,658,136,65,59,1,-1,-1,-1
24,520,658,136,65,62,1,-1,-1,-1
25,520,654,135,65,64,1,-1,-1,-1
26,520,652,138,68,62,1,-1,-1,-1
27,520,649,140,67,62,1,-1,-1,-1
28,520,647,140,70,63,1,-1,-1,-1
29,520,644,143,70,62,1,-1,-1,-1
30,520,643,143,69,63,1,-1,-1,-1
31,520,639,145,72,62,1,-1,-1,-1
32,520,639,151,70,60,1,-1,-1,-1
33,520,637,149,72,62,1,-1,-1,-1
34,520,632,149,75,63,1,-1,-1,-1
35,520,631,149,75,64,1,-1,-1,-1
36,520,630,150,75,65,1,-1,-1,-1
37,520,629,150,74,66,1,-1,-1,-1
38,520,625,151,78,66,1,-1,-1,-1
39,520,624,152,78,67,1,-1,-1,-1
40,520,623,153,78,68,1,-1,-1,-1
41,520,619,155,78,68,1,-1,-1,-1
42,520,617,156,79,67,1,-1,-1,-1
43,520,616,156,80,69,1,-1,-1,-1
44,520,613,156,80,69,1,-1,-1,-1
45,520,610,158,83,69,1,-1,-1,-1
46,520,610,157,83,71,1,-1,-1,-1
47,520,609,160,81,69,1,-1,-1,-1
48,520,608,160,83,71,1,-1,-1,-1
49,520,607,160,81,73,1,-1,-1,-1
50,520,605,163,82,70,1,-1,-1,-1
51,520,604,163,82,72,1,-1,-1,-1
52,520,602,163,82,72,1,-1,-1,-1
53,520,600,165,84,71,1,-1,-1,-1
54,520,598,164,85,72,1,-1,-1,-1
55,520,596,165,85,72,1,-1,-1,-1
56,520,597,167,83,70,1,-1,-1,-1
57,520,593,166,88,72,1,-1,-1,-1
58,520,592,166,89,73,1,-1,-1,-1
59,520,590,168,89,72,1,-1,-1,-1
60,520,592,168,87,71,1,-1,-1,-1
61,520,593,169,85,75,1,-1,-1,-1
62,520,591,169,86,75,1,-1,-1,-1
63,520,591,168,87,77,1,-1,-1,-1
64,520,589,170,87,77,1,-1,-1,-1
65,520,590,168,88,81,1,-1,-1,-1
66,520,590,169,87,79,1,-1,-1,-1
67,520,591,170,84,78,1,-1,-1,-1
68,520,591,170,83,78,1,-1,-1,-1
69,520,591,170,82,78,1,-1,-1,-1
70,520,590,170,84,79,1,-1,-1,-1
71,520,590,171,82,78,1,-1,-1,-1
72,520,590,170,84,81,1,-1,-1,-1
73,520,589,171,83,79,1,-1,-1,-1
74,520,589,172,83,77,1,-1,-1,-1
75,520,589,172,83,78,1,-1,-1,-1
76,520,588,172,82,79,1,-1,-1,-1
77,520,588,172,82,79,1,-1,-1,-1
78,520,588,174,81,79,1,-1,-1,-1
79,520,587,174,82,79,1,-1,-1,-1
80,520,587,174,82,79,1,-1,-1,-1
81,520,587,173,82,78,1,-1,-1,-1
82,520,587,174,83,78,1,-1,-1,-1
83,520,586,174,83,78,1,-1,-1,-1
84,520,586,174,84,79,1,-1,-1,-1
85,520,586,174,84,79,1,-1,-1,-1
86,520,585,174,85,79,1,-1,-1,-1
87,520,585,174,85,77,1,-1,-1,-1
88,520,585,174,85,78,1,-1,-1,-1
89,520,584,173,86,79,1,-1,-1,-1
90,520,584,173,86,79,1,-1,-1,-1
91,520,584,174,84,81,1,-1,-1,-1
92,520,584,174,85,81,1,-1,-1,-1
93,520,584,174,86,82,1,-1,-1,-1
94,520,584,174,85,81,1,-1,-1,-1
95,520,584,174,86,80,1,-1,-1,-1
96,520,584,174,85,81,1,-1,-1,-1
97,520,584,174,86,84,1,-1,-1,-1
98,520,584,174,85,84,1,-1,-1,-1
99,520,582,174,86,82,1,-1,-1,-1
100,520,583,174,85,83,1,-1,-1,-1
101,520,583,174,86,82,1,-1,-1,-1
102,520,581,174,88,84,1,-1,-1,-1
103,520,582,174,87,83,1,-1,-1,-1
104,520,581,173,88,84,1,-1,-1,-1
105,520,578,173,91,85,1,-1,-1,-1
106,520,579,174,90,83,1,-1,-1,-1
107,520,578,174,90,83,1,-1,-1,-1
108,520,577,175,91,83,1,-1,-1,-1
109,520,578,176,90,81,1,-1,-1,-1
110,520,570,175,97,84,1,-1,-1,-1
111,520,570,177,96,84,1,-1,-1,-1
112,520,569,177,95,86,1,-1,-1,-1
113,520,568,177,96,87,1,-1,-1,-1
114,520,566,178,97,87,1,-1,-1,-1
115,520,563,178,99,88,1,-1,-1,-1
116,520,561,180,101,87,1,-1,-1,-1
117,520,560,181,100,87,1,-1,-1,-1
118,520,560,182,99,88,1,-1,-1,-1
119,520,559,182,98,88,1,-1,-1,-1
120,520,556,183,100,87,1,-1,-1,-1
121,520,557,184,100,90,1,-1,-1,-1
122,520,554,182,102,92,1,-1,-1,-1
123,520,552,183,101,92,1,-1,-1,-1
124,520,549,185,104,94,1,-1,-1,-1
125,520,546,185,105,94,1,-1,-1,-1
126,520,544,185,105,98,1,-1,-1,-1
127,520,540,188,106,97,1,-1,-1,-1
128,520,539,189,104,97,1,-1,-1,-1
129,520,536,189,108,100,1,-1,-1,-1
130,520,532,193,109,99,1,-1,-1,-1
131,520,532,194,106,100,1,-1,-1,-1
132,520,529,195,109,101,1,-1,-1,-1
133,520,525,197,110,102,1,-1,-1,-1
134,520,523,200,112,99,1,-1,-1,-1
135,520,521,200,112,101,1,-1,-1,-1
136,520,515,205,116,103,1,-1,-1,-1
137,520,512,205,118,99,1,-1,-1,-1
138,520,507,206,120,105,1,-1,-1,-1
139,520,502,208,121,112,1,-1,-1,-1
140,520,496,213,125,111,1,-1,-1,-1
141,520,493,217,124,112,1,-1,-1,-1
142,520,487,218,127,116,1,-1,-1,-1
143,520,484,220,126,117,1,-1,-1,-1
144,520,478,223,128,120,1,-1,-1,-1
145,520,471,227,132,124,1,-1,-1,-1
146,520,466,232,133,122,1,-1,-1,-1
147,520,458,234,140,126,1,-1,-1,-1
148,520,452,239,141,130,1,-1,-1,-1
149,520,446,241,143,133,1,-1,-1,-1
150,520,438,246,147,133,1,-1,-1,-1
151,520,433,250,148,139,1,-1,-1,-1
152,520,420,256,156,140,1,-1,-1,-1
153,520,411,262,159,144,1,-1,-1,-1
154,520,400,268,164,150,1,-1,-1,-1
155,520,390,271,170,154,1,-1,-1,-1
156,520,383,280,170,158,1,-1,-1,-1
157,520,372,286,175,163,1,-1,-1,-1
158,520,356,290,184,171,1,-1,-1,-1
159,520,347,299,188,176,1,-1,-1,-1
160,520,334,308,193,181,1,-1,-1,-1
161,520,317,316,202,187,1,-1,-1,-1
162,520,300,326,208,194,1,-1,-1,-1
163,520,283,335,217,204,1,-1,-1,-1
164,520,262,348,227,209,1,-1,-1,-1
165,520,241,360,239,221,1,-1,-1,-1
166,520,221,374,245,231,1,-1,-1,-1
167,520,193,388,261,246,1,-1,-1,-1
168,520,165,407,276,253,1,-1,-1,-1
169,520,135,426,290,267,1,-1,-1,-1
170,520,100,450,307,282,1,-1,-1,-1
171,520,59,474,329,297,1,-1,-1,-1
172,520,15,500,353,317,1,-1,-1,-1
173,520,0,530,344,338,1,-1,-1,-1
174,520,1,563,312,356,1,-1,-1,-1
175,520,0,605,285,384,1,-1,-1,-1
176,520,1,649,250,420,1,-1,-1,-1
177,520,0,694,208,377,1,-1,-1,-1
178,520,0,746,169,327,1,-1,-1,-1
179,520,0,811,115,265,1,-1,-1,-1
1,521,527,199,86,74,1,-1,-1,-1
2,521,526,199,87,74,1,-1,-1,-1
3,521,526,199,87,75,1,-1,-1,-1
4,521,526,199,87,75,1,-1,-1,-1
5,521,526,199,87,74,1,-1,-1,-1
6,521,526,198,88,75,1,-1,-1,-1
7,521,526,199,87,75,1,-1,-1,-1
8,521,526,199,88,75,1,-1,-1,-1
9,521,526,199,87,75,1,-1,-1,-1
10,521,526,199,87,75,1,-1,-1,-1
11,521,526,200,88,74,1,-1,-1,-1
12,521,526,199,88,75,1,-1,-1,-1
13,521,525,198,87,76,1,-1,-1,-1
14,521,525,198,87,76,1,-1,-1,-1
15,521,526,198,87,76,1,-1,-1,-1
16,521,525,199,88,75,1,-1,-1,-1
17,521,525,199,88,75,1,-1,-1,-1
18,521,525,199,88,75,1,-1,-1,-1
19,521,524,199,88,75,1,-1,-1,-1
20,521,526,199,87,75,1,-1,-1,-1
21,521,527,201,86,74,1,-1,-1,-1
22,521,528,201,86,73,1,-1,-1,-1
23,521,528,200,86,73,1,-1,-1,-1
24,521,528,200,85,73,1,-1,-1,-1
25,521,526,200,85,74,1,-1,-1,-1
26,521,528,200,85,73,1,-1,-1,-1
27,521,528,200,86,73,1,-1,-1,-1
28,521,525,199,88,75,1,-1,-1,-1
29,521,525,200,87,75,1,-1,-1,-1
30,521,525,199,87,75,1,-1,-1,-1
31,521,527,200,87,75,1,-1,-1,-1
32,521,527,200,87,75,1,-1,-1,-1
33,521,527,200,87,74,1,-1,-1,-1
34,521,527,199,87,75,1,-1,-1,-1
35,521,527,199,87,75,1,-1,-1,-1
36,521,527,199,87,75,1,-1,-1,-1
37,521,527,198,87,77,1,-1,-1,-1
38,521,527,199,86,76,1,-1,-1,-1
39,521,527,198,86,77,1,-1,-1,-1
40,521,527,199,86,76,1,-1,-1,-1
41,521,527,200,86,74,1,-1,-1,-1
42,521,528,200,85,72,1,-1,-1,-1
43,521,528,200,85,73,1,-1,-1,-1
44,521,527,200,86,72,1,-1,-1,-1
45,521,525,201,86,73,1,-1,-1,-1
46,521,525,202,85,73,1,-1,-1,-1
47,521,527,201,85,73,1,-1,-1,-1
48,521,525,202,85,73,1,-1,-1,-1
49,521,526,203,83,73,1,-1,-1,-1
50,521,525,202,84,74,1,-1,-1,-1
51,521,526,202,85,73,1,-1,-1,-1
52,521,525,202,85,72,1,-1,-1,-1
53,521,525,202,85,72,1,-1,-1,-1
54,521,526,203,85,72,1,-1,-1,-1
55,521,526,203,86,72,1,-1,-1,-1
56,521,527,203,84,72,1,-1,-1,-1
57,521,526,203,85,73,1,-1,-1,-1
58,521,526,203,87,73,1,-1,-1,-1
59,521,526,203,86,73,1,-1,-1,-1
60,521,525,201,87,75,1,-1,-1,-1
61,521,525,201,89,77,1,-1,-1,-1
62,521,525,202,88,76,1,-1,-1,-1
63,521,526,203,86,75,1,-1,-1,-1
64,521,526,204,86,73,1,-1,-1,-1
65,521,526,202,87,75,1,-1,-1,-1
66,521,526,202,87,75,1,-1,-1,-1
67,521,526,202,88,76,1,-1,-1,-1
68,521,527,201,88,75,1,-1,-1,-1
69,521,527,200,87,75,1,-1,-1,-1
70,521,527,200,87,76,1,-1,-1,-1
71,521,526,202,88,74,1,-1,-1,-1
72,521,526,202,88,74,1,-1,-1,-1
73,521,524,204,89,75,1,-1,-1,-1
74,521,524,205,88,73,1,-1,-1,-1
75,521,525,204,88,73,1,-1,-1,-1
76,521,525,204,88,74,1,-1,-1,-1
77,521,524,205,88,73,1,-1,-1,-1
78,521,525,205,88,74,1,-1,-1,-1
79,521,525,205,86,73,1,-1,-1,-1
80,521,525,205,86,73,1,-1,-1,-1
81,521,526,205,87,74,1,-1,-1,-1
82,521,526,205,87,74,1,-1,-1,-1
83,521,526,205,87,74,1,-1,-1,-1
84,521,526,205,87,74,1,-1,-1,-1
85,521,522,208,90,97,1,-1,-1,-1
86,521,523,206,90,102,1,-1,-1,-1
87,521,527,202,86,80,1,-1,-1,-1
88,521,527,202,86,75,1,-1,-1,-1
89,521,527,204,86,72,1,-1,-1,-1
90,521,526,204,85,73,1,-1,-1,-1
91,521,525,205,85,72,1,-1,-1,-1
92,521,524,203,87,74,1,-1,-1,-1
93,521,524,203,87,75,1,-1,-1,-1
94,521,523,203,87,75,1,-1,-1,-1
95,521,523,206,87,72,1,-1,-1,-1
96,521,520,206,90,72,1,-1,-1,-1
97,521,519,205,91,73,1,-1,-1,-1
98,521,515,207,94,72,1,-1,-1,-1
99,521,515,207,93,73,1,-1,-1,-1
100,521,512,206,93,76,1,-1,-1,-1
101,521,511,206,93,75,1,-1,-1,-1
102,521,507,208,97,77,1,-1,-1,-1
103,521,503,209,97,75,1,-1,-1,-1
104,521,500,208,100,79,1,-1,-1,-1
105,521,496,211,101,79,1,-1,-1,-1
106,521,494,212,101,79,1,-1,-1,-1
107,521,492,212,101,81,1,-1,-1,-1
108,521,490,213,100,83,1,-1,-1,-1
109,521,483,216,106,81,1,-1,-1,-1
110,521,479,215,108,84,1,-1,-1,-1
111,521,475,217,108,84,1,-1,-1,-1
112,521,471,220,107,82,1,-1,-1,-1
113,521,462,222,112,81,1,-1,-1,-1
114,521,456,224,115,80,1,-1,-1,-1
115,521,450,227,116,81,1,-1,-1,-1
116,521,442,233,119,81,1,-1,-1,-1
117,521,434,231,124,84,1,-1,-1,-1
118,521,424,232,128,85,1,-1,-1,-1
119,521,410,234,137,88,1,-1,-1,-1
120,521,397,236,141,92,1,-1,-1,-1
121,521,384,239,147,97,1,-1,-1,-1
122,521,370,242,153,98,1,-1,-1,-1
123,521,355,243,158,109,1,-1,-1,-1
124,521,337,246,165,114,1,-1,-1,-1
125,521,319,250,171,117,1,-1,-1,-1
126,521,299,256,178,118,1,-1,-1,-1
127,521,278,260,185,118,1,-1,-1,-1
128,521,254,265,192,118,1,-1,-1,-1
129,521,229,270,200,122,1,-1,-1,-1
130,521,203,272,208,125,1,-1,-1,-1
131,521,173,277,218,127,1,-1,-1,-1
132,521,142,282,225,131,1,-1,-1,-1
133,521,109,288,234,133,1,-1,-1,-1
134,521,73,290,245,138,1,-1,-1,-1
135,521,36,296,252,140,1,-1,-1,-1
136,521,3,302,254,143,1,-1,-1,-1
137,521,0,309,225,143,1,-1,-1,-1
138,521,0,315,184,143,1,-1,-1,-1
139,521,1,322,143,124,1,-1,-1,-1
140,521,0,330,102,118,1,-1,-1,-1
141,521,0,343,56,115,1,-1,-1,-1
11,522,1898,701,22,177,1,-1,-1,-1
12,522,1886,689,34,186,1,-1,-1,-1
13,522,1875,680,44,185,1,-1,-1,-1
14,522,1865,663,54,199,1,-1,-1,-1
15,522,1851,648,68,203,1,-1,-1,-1
16,522,1836,638,83,199,1,-1,-1,-1
17,522,1822,627,97,196,1,-1,-1,-1
18,522,1805,616,114,192,1,-1,-1,-1
19,522,1789,604,130,193,1,-1,-1,-1
20,522,1770,588,148,207,1,-1,-1,-1
21,522,1751,572,168,222,1,-1,-1,-1
22,524,1732,556,187,310,1,-1,-1,-1
23,524,1713,543,206,306,1,-1,-1,-1
24,524,1693,526,227,301,1,-1,-1,-1
25,524,1674,511,244,289,1,-1,-1,-1
26,524,1654,501,263,280,1,-1,-1,-1
27,524,1633,485,286,274,1,-1,-1,-1
28,524,1613,473,305,262,1,-1,-1,-1
29,524,1595,461,325,253,1,-1,-1,-1
30,524,1573,444,345,249,1,-1,-1,-1
31,524,1550,430,347,246,1,-1,-1,-1
32,524,1534,420,332,233,1,-1,-1,-1
33,524,1518,411,316,220,1,-1,-1,-1
34,524,1496,396,309,215,1,-1,-1,-1
35,524,1478,387,297,205,1,-1,-1,-1
36,524,1460,373,285,200,1,-1,-1,-1
37,524,1442,366,271,191,1,-1,-1,-1
38,524,1425,353,262,186,1,-1,-1,-1
39,524,1407,344,256,178,1,-1,-1,-1
40,524,1391,334,246,173,1,-1,-1,-1
41,524,1375,324,236,169,1,-1,-1,-1
42,524,1361,316,225,162,1,-1,-1,-1
43,524,1348,307,218,157,1,-1,-1,-1
44,524,1333,299,212,151,1,-1,-1,-1
45,524,1319,291,203,148,1,-1,-1,-1
46,524,1308,284,194,140,1,-1,-1,-1
47,524,1294,276,186,137,1,-1,-1,-1
48,524,1283,268,178,134,1,-1,-1,-1
49,524,1270,261,175,130,1,-1,-1,-1
50,524,1260,255,166,126,1,-1,-1,-1
51,524,1250,249,160,124,1,-1,-1,-1
52,524,1238,243,155,121,1,-1,-1,-1
53,524,1228,238,152,115,1,-1,-1,-1
54,524,1218,231,148,114,1,-1,-1,-1
55,524,1208,226,143,109,1,-1,-1,-1
56,524,1200,219,138,106,1,-1,-1,-1
57,524,1193,216,132,100,1,-1,-1,-1
58,524,1184,209,129,101,1,-1,-1,-1
59,524,1175,206,127,96,1,-1,-1,-1
60,524,1167,200,122,97,1,-1,-1,-1
61,524,1162,198,116,90,1,-1,-1,-1
62,524,1151,193,115,89,1,-1,-1,-1
63,524,1146,189,110,89,1,-1,-1,-1
64,524,1137,183,109,87,1,-1,-1,-1
65,524,1131,180,104,86,1,-1,-1,-1
66,524,1127,178,100,83,1,-1,-1,-1
67,524,1121,175,97,80,1,-1,-1,-1
68,524,1115,171,94,79,1,-1,-1,-1
69,524,1106,170,96,75,1,-1,-1,-1
70,524,1102,164,90,76,1,-1,-1,-1
71,524,1096,162,89,74,1,-1,-1,-1
72,524,1090,160,88,70,1,-1,-1,-1
73,524,1085,158,86,68,1,-1,-1,-1
74,524,1080,154,82,69,1,-1,-1,-1
75,524,1076,154,81,65,1,-1,-1,-1
76,524,1072,152,77,63,1,-1,-1,-1
77,524,1064,149,79,62,1,-1,-1,-1
78,524,1060,147,76,61,1,-1,-1,-1
79,524,1056,148,76,57,1,-1,-1,-1
80,524,1053,144,71,57,1,-1,-1,-1
81,524,1048,141,71,57,1,-1,-1,-1
82,524,1043,140,71,56,1,-1,-1,-1
83,524,1040,137,69,56,1,-1,-1,-1
84,524,1036,136,66,53,1,-1,-1,-1
85,524,1032,135,66,52,1,-1,-1,-1
86,524,1029,133,65,52,1,-1,-1,-1
87,524,1025,132,62,50,1,-1,-1,-1
88,524,1022,131,61,48,1,-1,-1,-1
89,524,1018,129,60,49,1,-1,-1,-1
90,524,1014,128,60,48,1,-1,-1,-1
91,524,1011,128,59,46,1,-1,-1,-1
92,524,1008,126,58,45,1,-1,-1,-1
93,524,1007,126,54,44,1,-1,-1,-1
94,524,1003,125,55,44,1,-1,-1,-1
95,524,1001,123,53,45,1,-1,-1,-1
96,524,998,123,52,42,1,-1,-1,-1
97,524,995,120,51,43,1,-1,-1,-1
98,524,994,119,50,41,1,-1,-1,-1
99,524,990,119,50,41,1,-1,-1,-1
100,524,989,119,49,38,1,-1,-1,-1
101,524,985,117,47,39,1,-1,-1,-1
102,524,982,117,47,38,1,-1,-1,-1
103,524,982,115,43,38,1,-1,-1,-1
104,524,980,115,44,37,1,-1,-1,-1
105,524,979,114,42,35,1,-1,-1,-1
106,524,978,113,41,35,1,-1,-1,-1
107,524,974,113,42,33,1,-1,-1,-1
108,524,971,110,43,34,1,-1,-1,-1
109,524,968,110,42,35,1,-1,-1,-1
110,524,967,110,42,33,1,-1,-1,-1
111,524,964,112,40,31,1,-1,-1,-1
112,524,961,111,41,32,1,-1,-1,-1
113,524,959,109,42,32,1,-1,-1,-1
114,524,958,109,40,30,1,-1,-1,-1
115,524,955,110,40,30,1,-1,-1,-1
116,524,954,108,38,30,1,-1,-1,-1
117,524,951,108,37,30,1,-1,-1,-1
118,524,948,107,37,30,1,-1,-1,-1
119,524,946,106,35,29,1,-1,-1,-1
120,524,944,106,36,29,1,-1,-1,-1
121,524,944,107,34,28,1,-1,-1,-1
122,524,941,106,34,28,1,-1,-1,-1
123,524,936,106,38,28,1,-1,-1,-1
124,524,935,107,35,27,1,-1,-1,-1
125,524,933,107,33,26,1,-1,-1,-1
126,524,931,107,33,26,1,-1,-1,-1
127,524,927,106,34,27,1,-1,-1,-1
128,524,923,105,34,27,1,-1,-1,-1
129,524,920,104,34,27,1,-1,-1,-1
130,524,918,105,32,26,1,-1,-1,-1
131,524,914,104,31,27,1,-1,-1,-1
132,524,912,104,32,26,1,-1,-1,-1
133,524,907,104,33,26,1,-1,-1,-1
134,524,904,104,33,25,1,-1,-1,-1
135,524,899,105,34,24,1,-1,-1,-1
136,524,896,104,33,24,1,-1,-1,-1
137,524,893,104,33,26,1,-1,-1,-1
138,524,889,103,33,26,1,-1,-1,-1
139,524,884,103,34,25,1,-1,-1,-1
140,524,882,104,32,24,1,-1,-1,-1
141,524,875,104,32,27,1,-1,-1,-1
142,524,872,104,31,28,1,-1,-1,-1
143,524,865,103,33,27,1,-1,-1,-1
144,524,861,103,34,26,1,-1,-1,-1
145,524,857,103,36,26,1,-1,-1,-1
146,524,853,102,34,26,1,-1,-1,-1
147,524,851,103,30,26,1,-1,-1,-1
148,524,847,103,31,25,1,-1,-1,-1
149,524,842,104,30,25,1,-1,-1,-1
150,524,837,103,32,26,1,-1,-1,-1
151,524,832,102,32,25,1,-1,-1,-1
152,524,828,101,31,26,1,-1,-1,-1
153,524,824,103,31,24,1,-1,-1,-1
154,524,821,103,28,25,1,-1,-1,-1
155,524,815,102,30,26,1,-1,-1,-1
156,524,809,102,30,25,1,-1,-1,-1
157,524,804,102,32,26,1,-1,-1,-1
158,524,803,102,28,25,1,-1,-1,-1
159,524,799,103,27,26,1,-1,-1,-1
170,524,758,106,32,27,1,-1,-1,-1
185,524,709,110,29,28,1,-1,-1,-1
186,524,709,111,29,27,1,-1,-1,-1
187,524,712,113,32,26,1,-1,-1,-1
188,524,715,112,30,27,1,-1,-1,-1
190,524,718,115,29,26,1,-1,-1,-1
191,524,719,115,31,25,1,-1,-1,-1
192,524,718,115,32,25,1,-1,-1,-1
193,524,720,116,31,24,1,-1,-1,-1
194,524,721,117,31,25,1,-1,-1,-1
195,524,722,118,33,25,1,-1,-1,-1
196,524,722,120,34,23,1,-1,-1,-1
197,524,722,119,34,24,1,-1,-1,-1
198,524,722,119,35,24,1,-1,-1,-1
199,524,722,121,36,23,1,-1,-1,-1
200,524,723,118,35,24,1,-1,-1,-1
201,524,723,120,36,24,1,-1,-1,-1
202,524,723,120,35,24,1,-1,-1,-1
203,524,723,119,33,25,1,-1,-1,-1
204,524,722,117,36,27,1,-1,-1,-1
205,524,722,116,36,29,1,-1,-1,-1
206,524,721,114,37,31,1,-1,-1,-1
207,524,720,114,36,31,1,-1,-1,-1
208,524,720,114,36,32,1,-1,-1,-1
209,524,719,111,36,34,1,-1,-1,-1
210,524,717,112,37,34,1,-1,-1,-1
211,524,715,114,40,34,1,-1,-1,-1
212,524,715,115,41,32,1,-1,-1,-1
213,524,712,113,40,34,1,-1,-1,-1
214,524,710,111,42,37,1,-1,-1,-1
215,524,710,113,42,37,1,-1,-1,-1
216,524,709,114,42,37,1,-1,-1,-1
217,524,707,115,41,37,1,-1,-1,-1
218,524,703,115,43,39,1,-1,-1,-1
219,524,700,116,45,38,1,-1,-1,-1
220,524,699,115,43,40,1,-1,-1,-1
221,524,697,121,46,35,1,-1,-1,-1
222,524,695,124,45,32,1,-1,-1,-1
223,524,693,125,45,32,1,-1,-1,-1
224,524,691,126,47,32,1,-1,-1,-1
225,524,688,126,48,33,1,-1,-1,-1
226,524,687,127,50,34,1,-1,-1,-1
227,524,687,129,48,34,1,-1,-1,-1
228,524,685,131,49,33,1,-1,-1,-1
229,524,684,133,48,32,1,-1,-1,-1
230,524,682,131,48,39,1,-1,-1,-1
231,524,678,130,49,42,1,-1,-1,-1
232,524,675,133,51,41,1,-1,-1,-1
233,524,674,131,51,44,1,-1,-1,-1
234,524,669,135,54,42,1,-1,-1,-1
235,524,666,134,54,46,1,-1,-1,-1
236,524,662,131,55,50,1,-1,-1,-1
237,524,660,133,57,50,1,-1,-1,-1
238,524,658,133,58,53,1,-1,-1,-1
239,524,656,132,57,56,1,-1,-1,-1
240,524,650,137,61,54,1,-1,-1,-1
241,524,647,143,62,50,1,-1,-1,-1
242,524,643,146,64,50,1,-1,-1,-1
243,524,639,148,65,50,1,-1,-1,-1
244,524,635,146,66,54,1,-1,-1,-1
245,524,631,149,67,55,1,-1,-1,-1
246,524,626,151,69,56,1,-1,-1,-1
247,524,620,151,71,60,1,-1,-1,-1
248,524,612,152,75,62,1,-1,-1,-1
249,524,609,155,74,65,1,-1,-1,-1
250,524,603,159,77,64,1,-1,-1,-1
251,524,597,164,80,63,1,-1,-1,-1
252,524,592,166,78,66,1,-1,-1,-1
253,524,585,167,83,70,1,-1,-1,-1
254,524,578,170,84,73,1,-1,-1,-1
255,524,569,172,88,77,1,-1,-1,-1
256,524,561,175,92,80,1,-1,-1,-1
257,524,552,178,93,83,1,-1,-1,-1
258,524,545,182,96,85,1,-1,-1,-1
259,524,533,188,102,85,1,-1,-1,-1
260,524,522,195,106,87,1,-1,-1,-1
261,524,509,198,110,91,1,-1,-1,-1
262,524,497,205,116,97,1,-1,-1,-1
263,524,485,211,120,100,1,-1,-1,-1
264,524,473,219,124,104,1,-1,-1,-1
265,524,456,224,129,111,1,-1,-1,-1
266,524,440,231,136,119,1,-1,-1,-1
267,524,425,241,142,120,1,-1,-1,-1
268,524,406,248,149,130,1,-1,-1,-1
269,524,384,261,158,134,1,-1,-1,-1
270,524,362,271,166,142,1,-1,-1,-1
271,524,336,285,177,151,1,-1,-1,-1
272,524,309,299,187,160,1,-1,-1,-1
273,524,279,314,201,173,1,-1,-1,-1
274,524,244,331,216,183,1,-1,-1,-1
275,524,202,350,234,196,1,-1,-1,-1
276,524,162,371,248,217,1,-1,-1,-1
277,524,112,398,272,236,1,-1,-1,-1
278,524,51,432,301,254,1,-1,-1,-1
279,524,2,472,315,275,1,-1,-1,-1
280,524,0,515,275,304,1,-1,-1,-1
281,524,0,564,227,342,1,-1,-1,-1
282,524,0,624,168,390,1,-1,-1,-1
35,526,1,292,53,30,1,-1,-1,-1
36,526,1,291,77,31,1,-1,-1,-1
37,526,9,289,96,33,1,-1,-1,-1
38,526,42,289,90,31,1,-1,-1,-1
39,526,69,284,90,33,1,-1,-1,-1
40,526,95,283,90,33,1,-1,-1,-1
41,526,119,280,93,33,1,-1,-1,-1
42,526,149,279,90,33,1,-1,-1,-1
43,526,175,279,84,31,1,-1,-1,-1
44,526,199,274,71,33,1,-1,-1,-1
45,526,226,273,66,30,1,-1,-1,-1
41,529,1848,128,43,28,1,-1,-1,-1
42,529,1843,128,43,28,1,-1,-1,-1
43,529,1834,129,48,28,1,-1,-1,-1
44,529,1827,129,45,29,1,-1,-1,-1
45,529,1820,130,47,30,1,-1,-1,-1
46,529,1812,131,49,29,1,-1,-1,-1
47,529,1804,133,51,28,1,-1,-1,-1
48,529,1796,133,51,29,1,-1,-1,-1
49,529,1786,136,52,28,1,-1,-1,-1
50,529,1781,138,48,28,1,-1,-1,-1
51,529,1772,139,50,29,1,-1,-1,-1
52,529,1760,139,53,30,1,-1,-1,-1
53,529,1749,144,53,28,1,-1,-1,-1
54,529,1738,144,54,31,1,-1,-1,-1
55,529,1727,144,54,33,1,-1,-1,-1
56,529,1716,146,59,31,1,-1,-1,-1
57,529,1704,147,60,31,1,-1,-1,-1
58,529,1699,149,52,31,1,-1,-1,-1
59,529,1700,151,39,30,1,-1,-1,-1
60,529,1663,149,66,33,1,-1,-1,-1
61,529,1654,154,64,32,1,-1,-1,-1
64,529,1611,153,60,33,1,-1,-1,-1
65,529,1607,152,53,35,1,-1,-1,-1
67,529,1565,162,56,33,1,-1,-1,-1
70,529,1514,167,65,24,1,-1,-1,-1
47,531,1870,670,49,185,1,-1,-1,-1
48,531,1842,645,77,190,1,-1,-1,-1
49,531,1813,624,106,202,1,-1,-1,-1
50,531,1785,591,134,229,1,-1,-1,-1
51,531,1757,563,163,245,1,-1,-1,-1
52,531,1727,543,192,260,1,-1,-1,-1
53,531,1702,530,218,324,1,-1,-1,-1
54,531,1675,509,245,322,1,-1,-1,-1
55,531,1650,493,267,306,1,-1,-1,-1
56,531,1625,480,295,293,1,-1,-1,-1
57,531,1599,464,319,284,1,-1,-1,-1
58,531,1577,451,342,272,1,-1,-1,-1
59,531,1553,439,366,263,1,-1,-1,-1
60,531,1530,423,374,256,1,-1,-1,-1
61,531,1510,415,359,239,1,-1,-1,-1
62,531,1491,397,348,237,1,-1,-1,-1
63,531,1472,389,331,225,1,-1,-1,-1
64,531,1452,377,317,220,1,-1,-1,-1
65,531,1433,368,306,210,1,-1,-1,-1
66,531,1416,359,295,203,1,-1,-1,-1
67,531,1397,347,283,196,1,-1,-1,-1
68,531,1382,340,270,188,1,-1,-1,-1
69,531,1366,324,261,191,1,-1,-1,-1
70,531,1350,319,249,177,1,-1,-1,-1
71,531,1337,311,239,170,1,-1,-1,-1
72,531,1323,302,229,166,1,-1,-1,-1
73,531,1308,294,222,162,1,-1,-1,-1
74,531,1297,285,212,155,1,-1,-1,-1
75,531,1283,277,205,153,1,-1,-1,-1
76,531,1273,273,197,146,1,-1,-1,-1
77,531,1261,266,188,140,1,-1,-1,-1
78,531,1249,257,186,139,1,-1,-1,-1
79,531,1240,252,176,134,1,-1,-1,-1
80,531,1229,246,171,130,1,-1,-1,-1
81,531,1221,240,164,127,1,-1,-1,-1
82,531,1209,233,160,123,1,-1,-1,-1
83,531,1203,226,151,121,1,-1,-1,-1
84,531,1193,222,149,118,1,-1,-1,-1
85,531,1185,217,143,114,1,-1,-1,-1
86,531,1175,212,140,109,1,-1,-1,-1
87,531,1168,207,136,107,1,-1,-1,-1
88,531,1160,202,134,105,1,-1,-1,-1
89,531,1154,199,128,101,1,-1,-1,-1
90,531,1148,195,123,98,1,-1,-1,-1
91,531,1140,191,120,95,1,-1,-1,-1
92,531,1134,186,118,95,1,-1,-1,-1
93,531,1127,183,116,92,1,-1,-1,-1
94,531,1123,179,111,89,1,-1,-1,-1
95,531,1119,177,108,88,1,-1,-1,-1
96,531,1112,174,105,85,1,-1,-1,-1
97,531,1106,170,103,84,1,-1,-1,-1
98,531,1100,169,102,79,1,-1,-1,-1
99,531,1097,165,97,79,1,-1,-1,-1
100,531,1094,162,92,76,1,-1,-1,-1
101,531,1089,161,93,74,1,-1,-1,-1
102,531,1084,157,90,73,1,-1,-1,-1
103,531,1080,156,88,70,1,-1,-1,-1
104,531,1075,154,86,69,1,-1,-1,-1
105,531,1070,151,84,68,1,-1,-1,-1
106,531,1066,150,85,66,1,-1,-1,-1
107,531,1062,145,84,65,1,-1,-1,-1
108,531,1058,147,79,61,1,-1,-1,-1
109,531,1054,142,77,62,1,-1,-1,-1
110,531,1051,141,75,61,1,-1,-1,-1
111,531,1046,138,74,61,1,-1,-1,-1
112,531,1042,137,73,59,1,-1,-1,-1
113,531,1040,136,71,57,1,-1,-1,-1
114,531,1034,134,70,56,1,-1,-1,-1
115,531,1032,134,67,55,1,-1,-1,-1
116,531,1030,131,66,55,1,-1,-1,-1
117,531,1027,131,63,53,1,-1,-1,-1
118,531,1023,130,62,49,1,-1,-1,-1
119,531,1021,129,60,49,1,-1,-1,-1
120,531,1018,126,59,51,1,-1,-1,-1
121,531,1014,127,58,49,1,-1,-1,-1
122,531,1011,124,57,50,1,-1,-1,-1
123,531,1008,123,58,48,1,-1,-1,-1
124,531,1006,122,55,47,1,-1,-1,-1
125,531,1002,121,55,46,1,-1,-1,-1
126,531,1000,120,54,45,1,-1,-1,-1
127,531,997,119,51,45,1,-1,-1,-1
128,531,994,118,51,43,1,-1,-1,-1
129,531,991,117,51,44,1,-1,-1,-1
130,531,990,116,49,44,1,-1,-1,-1
131,531,987,115,49,42,1,-1,-1,-1
132,531,985,114,48,40,1,-1,-1,-1
133,531,983,114,46,40,1,-1,-1,-1
134,531,982,112,43,40,1,-1,-1,-1
135,531,981,112,43,40,1,-1,-1,-1
136,531,980,111,43,39,1,-1,-1,-1
137,531,977,110,44,40,1,-1,-1,-1
138,531,974,111,43,37,1,-1,-1,-1
139,531,971,109,44,36,1,-1,-1,-1
140,531,968,109,44,36,1,-1,-1,-1
141,531,966,107,43,37,1,-1,-1,-1
142,531,964,109,41,34,1,-1,-1,-1
143,531,963,109,40,33,1,-1,-1,-1
144,531,960,108,39,33,1,-1,-1,-1
145,531,959,109,38,30,1,-1,-1,-1
146,531,958,107,38,31,1,-1,-1,-1
147,531,956,105,37,33,1,-1,-1,-1
148,531,954,106,38,31,1,-1,-1,-1
149,531,952,105,37,31,1,-1,-1,-1
150,531,947,106,39,30,1,-1,-1,-1
151,531,946,105,37,29,1,-1,-1,-1
152,531,944,106,36,28,1,-1,-1,-1
153,531,941,106,34,28,1,-1,-1,-1
154,531,937,107,36,28,1,-1,-1,-1
155,531,935,106,33,27,1,-1,-1,-1
156,531,933,108,32,26,1,-1,-1,-1
157,531,930,106,33,27,1,-1,-1,-1
158,531,925,105,37,28,1,-1,-1,-1
159,531,922,103,37,27,1,-1,-1,-1
160,531,921,103,34,27,1,-1,-1,-1
161,531,920,104,31,26,1,-1,-1,-1
162,531,916,101,31,28,1,-1,-1,-1
163,531,912,102,31,28,1,-1,-1,-1
164,531,908,105,32,25,1,-1,-1,-1
165,531,904,105,33,24,1,-1,-1,-1
166,531,900,103,33,27,1,-1,-1,-1
167,531,897,104,31,25,1,-1,-1,-1
168,531,895,105,31,24,1,-1,-1,-1
169,531,890,105,32,25,1,-1,-1,-1
170,531,886,104,32,26,1,-1,-1,-1
171,531,882,105,34,26,1,-1,-1,-1
172,531,878,103,33,27,1,-1,-1,-1
173,531,875,102,33,30,1,-1,-1,-1
174,531,872,104,32,26,1,-1,-1,-1
175,531,867,103,32,25,1,-1,-1,-1
176,531,864,102,31,27,1,-1,-1,-1
177,531,860,104,31,25,1,-1,-1,-1
178,531,852,103,35,26,1,-1,-1,-1
179,531,849,102,34,26,1,-1,-1,-1
180,531,846,101,33,26,1,-1,-1,-1
181,531,840,106,32,25,1,-1,-1,-1
183,531,834,99,28,28,1,-1,-1,-1
58,532,1862,398,57,152,1,-1,-1,-1
59,532,1845,346,75,197,1,-1,-1,-1
60,532,1831,338,87,226,1,-1,-1,-1
61,532,1819,331,100,232,1,-1,-1,-1
62,532,1808,275,111,288,1,-1,-1,-1
63,532,1793,210,126,350,1,-1,-1,-1
64,532,1782,203,136,359,1,-1,-1,-1
65,532,1772,213,145,344,1,-1,-1,-1
66,532,1761,215,157,338,1,-1,-1,-1
67,532,1750,200,169,354,1,-1,-1,-1
68,532,1738,195,181,351,1,-1,-1,-1
69,532,1728,188,191,355,1,-1,-1,-1
70,532,1715,183,204,402,1,-1,-1,-1
71,532,1704,180,215,404,1,-1,-1,-1
72,532,1692,177,227,405,1,-1,-1,-1
73,532,1682,175,237,396,1,-1,-1,-1
74,532,1671,174,248,395,1,-1,-1,-1
75,532,1659,170,260,395,1,-1,-1,-1
76,532,1647,172,271,397,1,-1,-1,-1
77,532,1635,157,283,399,1,-1,-1,-1
78,532,1625,157,293,394,1,-1,-1,-1
79,532,1613,159,306,385,1,-1,-1,-1
80,532,1603,154,314,380,1,-1,-1,-1
81,532,1592,154,322,373,1,-1,-1,-1
82,532,1582,153,336,376,1,-1,-1,-1
83,532,1567,147,351,387,1,-1,-1,-1
84,532,1559,147,360,389,1,-1,-1,-1
85,532,1545,144,372,382,1,-1,-1,-1
86,532,1536,142,381,384,1,-1,-1,-1
87,532,1524,141,394,392,1,-1,-1,-1
88,532,1516,140,402,403,1,-1,-1,-1
89,532,1503,140,415,401,1,-1,-1,-1
90,532,1496,140,422,397,1,-1,-1,-1
91,532,1488,134,428,406,1,-1,-1,-1
92,532,1476,130,442,460,1,-1,-1,-1
93,532,1469,130,451,453,1,-1,-1,-1
94,532,1460,129,460,440,1,-1,-1,-1
95,532,1448,128,471,429,1,-1,-1,-1
96,532,1441,124,477,423,1,-1,-1,-1
97,532,1434,120,485,467,1,-1,-1,-1
98,532,1425,115,494,468,1,-1,-1,-1
99,532,1417,116,501,455,1,-1,-1,-1
100,532,1408,116,510,443,1,-1,-1,-1
101,532,1399,114,517,433,1,-1,-1,-1
102,532,1394,111,522,426,1,-1,-1,-1
103,532,1396,119,523,408,1,-1,-1,-1
104,532,1508,216,410,300,1,-1,-1,-1
105,532,1388,179,531,324,1,-1,-1,-1
106,532,1380,169,540,324,1,-1,-1,-1
107,532,1353,111,567,369,1,-1,-1,-1
108,532,1349,108,568,364,1,-1,-1,-1
109,532,1462,205,432,256,1,-1,-1,-1
110,532,1364,162,517,290,1,-1,-1,-1
111,532,1328,105,528,339,1,-1,-1,-1
112,532,1329,108,506,329,1,-1,-1,-1
113,532,1368,170,445,260,1,-1,-1,-1
114,532,1405,184,385,236,1,-1,-1,-1
115,532,1395,184,379,231,1,-1,-1,-1
116,532,1294,114,464,293,1,-1,-1,-1
117,532,1290,98,446,300,1,-1,-1,-1
118,532,1285,95,434,296,1,-1,-1,-1
119,532,1277,92,425,291,1,-1,-1,-1
120,532,1356,174,325,191,1,-1,-1,-1
121,532,1263,90,404,279,1,-1,-1,-1
122,532,1263,89,400,271,1,-1,-1,-1
123,532,1256,90,381,266,1,-1,-1,-1
124,532,1245,90,376,260,1,-1,-1,-1
125,532,1239,90,368,255,1,-1,-1,-1
126,532,1239,87,354,253,1,-1,-1,-1
127,532,1226,87,352,246,1,-1,-1,-1
128,532,1221,88,343,241,1,-1,-1,-1
129,532,1217,88,322,230,1,-1,-1,-1
130,532,1212,89,345,231,1,-1,-1,-1
131,532,1207,89,335,224,1,-1,-1,-1
132,532,1204,87,308,222,1,-1,-1,-1
133,532,1197,85,308,219,1,-1,-1,-1
134,532,1189,85,307,215,1,-1,-1,-1
135,532,1191,85,292,211,1,-1,-1,-1
136,532,1185,82,285,209,1,-1,-1,-1
137,532,1180,82,281,206,1,-1,-1,-1
138,532,1177,82,276,200,1,-1,-1,-1
139,532,1173,83,270,197,1,-1,-1,-1
140,532,1193,113,241,164,1,-1,-1,-1
141,532,1171,83,235,191,1,-1,-1,-1
142,532,1176,89,237,180,1,-1,-1,-1
143,532,1169,92,235,172,1,-1,-1,-1
144,532,1196,135,196,126,1,-1,-1,-1
145,532,1191,133,191,126,1,-1,-1,-1
146,532,1184,130,190,125,1,-1,-1,-1
147,532,1176,130,190,122,1,-1,-1,-1
148,532,1175,129,184,121,1,-1,-1,-1
149,532,1175,125,178,121,1,-1,-1,-1
150,532,1170,124,175,118,1,-1,-1,-1
151,532,1165,125,171,114,1,-1,-1,-1
152,532,1169,125,165,112,1,-1,-1,-1
153,532,1158,123,164,111,1,-1,-1,-1
154,532,1146,123,172,109,1,-1,-1,-1
155,532,1149,121,160,109,1,-1,-1,-1
156,532,1142,117,159,111,1,-1,-1,-1
157,532,1147,117,149,109,1,-1,-1,-1
158,532,1137,110,154,111,1,-1,-1,-1
159,532,1134,112,149,107,1,-1,-1,-1
160,532,1126,79,151,137,1,-1,-1,-1
161,532,1129,106,142,107,1,-1,-1,-1
162,532,1123,106,143,106,1,-1,-1,-1
163,532,1127,113,135,97,1,-1,-1,-1
164,532,1145,116,109,92,1,-1,-1,-1
165,532,1129,114,119,91,1,-1,-1,-1
166,532,1129,114,116,91,1,-1,-1,-1
167,532,1113,110,126,92,1,-1,-1,-1
168,532,1127,113,107,88,1,-1,-1,-1
169,532,1131,114,98,85,1,-1,-1,-1
170,532,1095,90,129,109,1,-1,-1,-1
171,532,1088,82,132,115,1,-1,-1,-1
172,532,1086,73,128,120,1,-1,-1,-1
173,532,1082,72,130,117,1,-1,-1,-1
174,532,1084,89,123,100,1,-1,-1,-1
175,532,1089,105,112,83,1,-1,-1,-1
176,532,1107,107,91,78,1,-1,-1,-1
177,532,1093,104,103,79,1,-1,-1,-1
178,532,1076,84,113,98,1,-1,-1,-1
179,532,1068,74,116,106,1,-1,-1,-1
180,532,1096,103,86,75,1,-1,-1,-1
181,532,1065,71,110,106,1,-1,-1,-1
182,532,1064,71,109,103,1,-1,-1,-1
183,532,1075,89,95,86,1,-1,-1,-1
184,532,1079,95,88,79,1,-1,-1,-1
185,532,1089,101,73,72,1,-1,-1,-1
186,532,1062,81,100,89,1,-1,-1,-1
187,532,1065,97,93,71,1,-1,-1,-1
188,532,1073,97,81,69,1,-1,-1,-1
189,532,1058,86,94,78,1,-1,-1,-1
190,532,1049,73,96,91,1,-1,-1,-1
191,532,1051,88,94,74,1,-1,-1,-1
192,532,1053,93,89,69,1,-1,-1,-1
193,532,1052,95,86,66,1,-1,-1,-1
194,532,1061,97,71,64,1,-1,-1,-1
195,532,1053,96,78,64,1,-1,-1,-1
196,532,1038,77,88,81,1,-1,-1,-1
197,532,1036,81,88,77,1,-1,-1,-1
198,532,1036,88,85,68,1,-1,-1,-1
199,532,1033,81,87,74,1,-1,-1,-1
200,532,1044,92,71,60,1,-1,-1,-1
201,532,1033,92,79,58,1,-1,-1,-1
202,532,1028,88,81,60,1,-1,-1,-1
203,532,1025,79,83,70,1,-1,-1,-1
204,532,1030,89,74,59,1,-1,-1,-1
205,532,1027,87,74,60,1,-1,-1,-1
206,532,1023,85,75,60,1,-1,-1,-1
207,532,1023,87,73,59,1,-1,-1,-1
208,532,1021,85,72,59,1,-1,-1,-1
209,532,1016,81,74,60,1,-1,-1,-1
210,532,1015,82,72,58,1,-1,-1,-1
211,532,1015,85,72,56,1,-1,-1,-1
212,532,1010,87,75,53,1,-1,-1,-1
213,532,1008,85,73,55,1,-1,-1,-1
214,532,1009,87,72,53,1,-1,-1,-1
215,532,1005,78,71,61,1,-1,-1,-1
216,532,1003,81,73,57,1,-1,-1,-1
217,532,1003,82,69,55,1,-1,-1,-1
218,532,1000,82,71,54,1,-1,-1,-1
219,532,995,75,74,60,1,-1,-1,-1
220,532,994,77,71,58,1,-1,-1,-1
221,532,991,78,71,56,1,-1,-1,-1
222,532,992,84,69,50,1,-1,-1,-1
223,532,988,83,70,50,1,-1,-1,-1
224,532,994,87,61,47,1,-1,-1,-1
225,532,990,87,63,45,1,-1,-1,-1
226,532,984,85,67,46,1,-1,-1,-1
227,532,982,87,66,44,1,-1,-1,-1
228,532,977,84,70,47,1,-1,-1,-1
229,532,975,81,70,49,1,-1,-1,-1
230,532,975,82,68,47,1,-1,-1,-1
231,532,969,77,70,53,1,-1,-1,-1
232,532,965,76,74,54,1,-1,-1,-1
233,532,964,77,73,53,1,-1,-1,-1
234,532,960,79,72,49,1,-1,-1,-1
235,532,960,82,67,45,1,-1,-1,-1
236,532,978,88,49,42,1,-1,-1,-1
237,532,964,85,60,44,1,-1,-1,-1
238,532,952,81,71,47,1,-1,-1,-1
239,532,946,74,74,53,1,-1,-1,-1
240,532,945,76,72,52,1,-1,-1,-1
241,532,941,75,73,52,1,-1,-1,-1
242,532,937,76,74,51,1,-1,-1,-1
243,532,935,80,72,46,1,-1,-1,-1
244,532,933,77,72,47,1,-1,-1,-1
245,532,938,83,63,41,1,-1,-1,-1
246,532,938,81,61,44,1,-1,-1,-1
247,532,922,74,75,51,1,-1,-1,-1
248,532,921,81,73,44,1,-1,-1,-1
249,532,917,81,74,44,1,-1,-1,-1
250,532,914,76,75,50,1,-1,-1,-1
251,532,943,86,41,38,1,-1,-1,-1
252,532,910,80,69,44,1,-1,-1,-1
254,532,900,73,72,51,1,-1,-1,-1
255,532,897,75,64,48,1,-1,-1,-1
256,532,892,72,76,52,1,-1,-1,-1
257,532,887,71,77,52,1,-1,-1,-1
258,532,884,77,75,46,1,-1,-1,-1
259,532,882,73,72,51,1,-1,-1,-1
260,532,880,80,70,43,1,-1,-1,-1
261,532,875,83,69,40,1,-1,-1,-1
262,532,873,87,68,34,1,-1,-1,-1
263,532,865,79,72,43,1,-1,-1,-1
264,532,867,85,65,38,1,-1,-1,-1
265,532,861,84,68,39,1,-1,-1,-1
266,532,853,76,73,48,1,-1,-1,-1
267,532,852,79,68,45,1,-1,-1,-1
268,532,848,82,70,43,1,-1,-1,-1
269,532,845,83,72,42,1,-1,-1,-1
270,532,840,82,72,43,1,-1,-1,-1
271,532,840,87,68,39,1,-1,-1,-1
272,532,833,82,69,41,1,-1,-1,-1
273,532,830,80,69,43,1,-1,-1,-1
274,532,827,83,68,40,1,-1,-1,-1
275,532,825,82,66,40,1,-1,-1,-1
276,532,821,85,67,37,1,-1,-1,-1
277,532,820,85,62,37,1,-1,-1,-1
278,532,818,88,60,34,1,-1,-1,-1
279,532,815,86,62,36,1,-1,-1,-1
280,532,818,89,55,32,1,-1,-1,-1
281,532,808,86,60,35,1,-1,-1,-1
282,532,803,84,64,38,1,-1,-1,-1
283,532,801,82,60,40,1,-1,-1,-1
284,532,798,86,59,36,1,-1,-1,-1
285,532,795,90,61,32,1,-1,-1,-1
286,532,791,91,59,31,1,-1,-1,-1
287,532,785,85,60,37,1,-1,-1,-1
288,532,783,84,59,38,1,-1,-1,-1
289,532,781,86,60,36,1,-1,-1,-1
290,532,779,86,57,36,1,-1,-1,-1
291,532,776,87,55,34,1,-1,-1,-1
292,532,774,88,51,32,1,-1,-1,-1
293,532,772,88,49,31,1,-1,-1,-1
294,532,770,90,50,29,1,-1,-1,-1
295,532,769,90,50,31,1,-1,-1,-1
296,532,766,86,51,34,1,-1,-1,-1
297,532,764,86,49,34,1,-1,-1,-1
298,532,763,87,47,33,1,-1,-1,-1
299,532,760,88,47,31,1,-1,-1,-1
300,532,752,85,54,37,1,-1,-1,-1
301,532,749,86,50,34,1,-1,-1,-1
302,532,746,90,52,31,1,-1,-1,-1
303,532,744,90,46,31,1,-1,-1,-1
304,532,739,88,37,34,1,-1,-1,-1
305,532,738,87,46,34,1,-1,-1,-1
306,532,739,88,45,32,1,-1,-1,-1
307,532,734,88,46,34,1,-1,-1,-1
308,532,733,87,47,35,1,-1,-1,-1
309,532,731,88,43,33,1,-1,-1,-1
310,532,728,88,45,33,1,-1,-1,-1
311,532,724,88,49,32,1,-1,-1,-1
312,532,724,89,47,32,1,-1,-1,-1
313,532,724,91,46,30,1,-1,-1,-1
314,532,719,90,44,31,1,-1,-1,-1
315,532,718,90,44,30,1,-1,-1,-1
316,532,717,90,42,30,1,-1,-1,-1
317,532,712,90,44,31,1,-1,-1,-1
318,532,709,90,44,31,1,-1,-1,-1
319,532,706,90,44,31,1,-1,-1,-1
320,532,705,91,44,30,1,-1,-1,-1
321,532,703,91,42,30,1,-1,-1,-1
322,532,704,91,41,29,1,-1,-1,-1
323,532,700,92,40,28,1,-1,-1,-1
324,532,697,92,43,28,1,-1,-1,-1
325,532,695,91,44,29,1,-1,-1,-1
326,532,694,92,42,27,1,-1,-1,-1
327,532,691,91,41,29,1,-1,-1,-1
328,532,688,91,42,29,1,-1,-1,-1
329,532,686,91,42,28,1,-1,-1,-1
330,532,684,93,42,27,1,-1,-1,-1
331,532,683,91,40,28,1,-1,-1,-1
332,532,682,92,39,27,1,-1,-1,-1
333,532,680,92,37,27,1,-1,-1,-1
334,532,679,93,36,26,1,-1,-1,-1
335,532,678,93,36,27,1,-1,-1,-1
336,532,675,93,37,27,1,-1,-1,-1
337,532,674,92,36,27,1,-1,-1,-1
338,532,672,93,36,27,1,-1,-1,-1
339,532,664,94,41,27,1,-1,-1,-1
341,532,658,95,43,38,1,-1,-1,-1
342,532,658,95,41,39,1,-1,-1,-1
343,532,658,95,39,39,1,-1,-1,-1
344,532,657,97,38,37,1,-1,-1,-1
345,532,657,99,41,36,1,-1,-1,-1
346,532,657,99,43,36,1,-1,-1,-1
347,532,656,101,49,36,1,-1,-1,-1
362,532,631,98,34,34,1,-1,-1,-1
363,532,631,96,31,35,1,-1,-1,-1
364,532,632,95,29,35,1,-1,-1,-1
365,532,631,96,29,34,1,-1,-1,-1
366,532,628,96,33,33,1,-1,-1,-1
367,532,628,96,34,32,1,-1,-1,-1
368,532,625,95,42,30,1,-1,-1,-1
369,532,623,95,33,28,1,-1,-1,-1
370,532,623,94,27,26,1,-1,-1,-1
371,532,620,94,28,25,1,-1,-1,-1
378,532,615,94,27,24,1,-1,-1,-1
383,532,599,95,33,31,1,-1,-1,-1
384,532,602,93,28,33,1,-1,-1,-1
385,532,600,93,27,33,1,-1,-1,-1
386,532,602,94,25,34,1,-1,-1,-1
387,532,602,96,26,33,1,-1,-1,-1
388,532,602,95,27,34,1,-1,-1,-1
389,532,602,95,28,33,1,-1,-1,-1
390,532,606,97,27,30,1,-1,-1,-1
391,532,606,100,32,27,1,-1,-1,-1
69,534,1838,701,81,172,1,-1,-1,-1
70,534,1799,672,119,197,1,-1,-1,-1
71,534,1764,645,155,225,1,-1,-1,-1
72,534,1727,615,192,281,1,-1,-1,-1
73,534,1695,588,224,269,1,-1,-1,-1
74,534,1663,565,257,262,1,-1,-1,-1
75,534,1632,544,287,251,1,-1,-1,-1
76,534,1603,524,316,240,1,-1,-1,-1
77,534,1573,505,345,229,1,-1,-1,-1
78,534,1545,488,342,217,1,-1,-1,-1
79,534,1524,472,322,207,1,-1,-1,-1
80,534,1500,455,310,197,1,-1,-1,-1
81,534,1476,439,295,189,1,-1,-1,-1
82,534,1453,425,284,181,1,-1,-1,-1
83,534,1431,408,274,176,1,-1,-1,-1
84,534,1412,396,260,170,1,-1,-1,-1
85,534,1394,383,249,162,1,-1,-1,-1
86,534,1374,371,242,156,1,-1,-1,-1
87,534,1357,359,231,153,1,-1,-1,-1
88,534,1341,348,221,145,1,-1,-1,-1
89,534,1324,338,213,142,1,-1,-1,-1
90,534,1310,327,203,137,1,-1,-1,-1
91,534,1295,319,194,129,1,-1,-1,-1
92,534,1282,305,188,134,1,-1,-1,-1
93,534,1268,299,184,126,1,-1,-1,-1
94,534,1256,292,175,121,1,-1,-1,-1
95,534,1245,285,169,115,1,-1,-1,-1
96,534,1232,277,163,112,1,-1,-1,-1
97,534,1221,268,157,111,1,-1,-1,-1
98,534,1210,261,151,106,1,-1,-1,-1
99,534,1199,254,146,104,1,-1,-1,-1
100,534,1191,248,140,102,1,-1,-1,-1
101,534,1181,242,136,98,1,-1,-1,-1
102,534,1171,238,133,92,1,-1,-1,-1
103,534,1164,233,127,90,1,-1,-1,-1
104,534,1155,224,124,91,1,-1,-1,-1
105,534,1146,221,122,86,1,-1,-1,-1
106,534,1150,218,107,82,1,-1,-1,-1
107,534,1131,211,115,82,1,-1,-1,-1
108,534,1125,209,110,77,1,-1,-1,-1
109,534,1120,203,106,76,1,-1,-1,-1
110,534,1109,198,107,76,1,-1,-1,-1
111,534,1105,195,103,72,1,-1,-1,-1
112,534,1107,194,92,69,1,-1,-1,-1
113,534,1097,190,93,67,1,-1,-1,-1
114,534,1089,187,94,67,1,-1,-1,-1
115,534,1081,183,93,64,1,-1,-1,-1
116,534,1081,178,87,65,1,-1,-1,-1
117,534,1079,175,83,64,1,-1,-1,-1
118,534,1079,175,78,60,1,-1,-1,-1
119,534,1072,173,78,56,1,-1,-1,-1
120,534,1067,169,77,58,1,-1,-1,-1
121,534,1063,164,79,58,1,-1,-1,-1
122,534,1058,163,77,55,1,-1,-1,-1
123,534,1057,159,74,55,1,-1,-1,-1
124,534,1056,158,70,53,1,-1,-1,-1
125,534,1054,158,68,50,1,-1,-1,-1
126,534,1051,154,68,51,1,-1,-1,-1
127,534,1050,153,64,49,1,-1,-1,-1
128,534,1048,151,63,49,1,-1,-1,-1
129,534,1047,151,61,46,1,-1,-1,-1
130,534,1044,147,63,46,1,-1,-1,-1
131,534,1045,145,59,45,1,-1,-1,-1
132,534,1045,144,57,44,1,-1,-1,-1
133,534,1044,142,58,44,1,-1,-1,-1
134,534,1043,140,58,42,1,-1,-1,-1
135,534,1043,137,57,42,1,-1,-1,-1
136,534,1043,137,54,42,1,-1,-1,-1
137,534,1043,135,54,43,1,-1,-1,-1
138,534,1041,133,53,43,1,-1,-1,-1
139,534,1040,132,54,42,1,-1,-1,-1
140,534,1039,130,54,40,1,-1,-1,-1
141,534,1037,131,58,47,1,-1,-1,-1
145,534,1035,128,51,33,1,-1,-1,-1
146,534,1046,124,42,31,1,-1,-1,-1
147,534,1046,126,37,29,1,-1,-1,-1
148,534,1045,121,41,31,1,-1,-1,-1
149,534,1044,121,41,30,1,-1,-1,-1
150,534,1041,120,41,28,1,-1,-1,-1
151,534,1040,119,41,30,1,-1,-1,-1
152,534,1039,117,38,29,1,-1,-1,-1
153,534,1039,117,37,28,1,-1,-1,-1
154,534,1038,118,35,26,1,-1,-1,-1
155,534,1035,116,34,26,1,-1,-1,-1
156,534,1033,116,36,25,1,-1,-1,-1
157,534,1030,116,37,26,1,-1,-1,-1
158,534,1028,114,39,26,1,-1,-1,-1
159,534,1028,112,38,26,1,-1,-1,-1
160,534,1027,110,35,27,1,-1,-1,-1
161,534,1025,109,36,27,1,-1,-1,-1
162,534,1023,109,36,28,1,-1,-1,-1
163,534,1019,109,37,28,1,-1,-1,-1
164,534,1018,108,36,26,1,-1,-1,-1
165,534,1017,107,34,26,1,-1,-1,-1
166,534,1013,106,33,27,1,-1,-1,-1
167,534,1012,104,32,28,1,-1,-1,-1
168,534,1009,105,33,27,1,-1,-1,-1
169,534,1006,107,34,26,1,-1,-1,-1
170,534,1003,106,33,27,1,-1,-1,-1
171,534,999,106,35,26,1,-1,-1,-1
172,534,995,105,36,28,1,-1,-1,-1
173,534,995,103,34,26,1,-1,-1,-1
174,534,992,103,32,26,1,-1,-1,-1
175,534,988,103,32,26,1,-1,-1,-1
176,534,985,103,30,26,1,-1,-1,-1
177,534,978,104,33,27,1,-1,-1,-1
178,534,976,102,32,24,1,-1,-1,-1
179,534,973,101,34,30,1,-1,-1,-1
181,534,966,95,29,33,1,-1,-1,-1
182,534,962,97,29,31,1,-1,-1,-1
183,534,958,99,30,28,1,-1,-1,-1
184,534,954,102,30,25,1,-1,-1,-1
185,534,951,103,27,24,1,-1,-1,-1
188,534,935,103,33,25,1,-1,-1,-1
189,534,931,103,33,23,1,-1,-1,-1
190,534,929,104,31,22,1,-1,-1,-1
197,534,898,103,25,23,1,-1,-1,-1
71,535,1726,95,57,27,1,-1,-1,-1
72,535,1726,95,57,27,1,-1,-1,-1
73,535,1726,94,57,27,1,-1,-1,-1
74,535,1726,93,56,27,1,-1,-1,-1
81,535,1727,94,55,28,1,-1,-1,-1
82,535,1727,95,55,28,1,-1,-1,-1
101,537,1828,700,90,164,1,-1,-1,-1
102,537,1755,622,164,264,1,-1,-1,-1
103,537,1690,575,229,244,1,-1,-1,-1
104,537,1633,534,286,223,1,-1,-1,-1
105,537,1582,496,313,209,1,-1,-1,-1
106,537,1539,468,298,191,1,-1,-1,-1
107,537,1498,438,268,180,1,-1,-1,-1
108,537,1462,413,249,170,1,-1,-1,-1
109,537,1428,392,232,156,1,-1,-1,-1
110,537,1400,374,216,147,1,-1,-1,-1
111,537,1372,355,203,139,1,-1,-1,-1
112,537,1347,338,192,133,1,-1,-1,-1
113,537,1325,324,180,124,1,-1,-1,-1
114,537,1302,306,170,124,1,-1,-1,-1
115,537,1283,299,162,114,1,-1,-1,-1
116,537,1263,289,157,109,1,-1,-1,-1
117,537,1248,275,147,105,1,-1,-1,-1
118,537,1232,265,140,101,1,-1,-1,-1
119,537,1218,255,135,95,1,-1,-1,-1
120,537,1203,247,129,94,1,-1,-1,-1
121,537,1192,240,122,88,1,-1,-1,-1
122,537,1180,232,117,87,1,-1,-1,-1
123,537,1168,227,113,80,1,-1,-1,-1
124,537,1155,217,111,82,1,-1,-1,-1
125,537,1146,213,105,78,1,-1,-1,-1
126,537,1134,209,103,73,1,-1,-1,-1
127,537,1126,201,99,75,1,-1,-1,-1
128,537,1117,198,94,70,1,-1,-1,-1
129,537,1110,196,90,66,1,-1,-1,-1
130,537,1102,190,88,65,1,-1,-1,-1
131,537,1097,189,84,59,1,-1,-1,-1
132,537,1086,186,85,57,1,-1,-1,-1
133,537,1083,178,80,59,1,-1,-1,-1
134,537,1078,176,75,55,1,-1,-1,-1
135,537,1073,175,72,52,1,-1,-1,-1
136,537,1070,171,69,51,1,-1,-1,-1
137,537,1064,168,65,50,1,-1,-1,-1
138,537,1056,166,68,48,1,-1,-1,-1
139,537,1054,162,62,47,1,-1,-1,-1
140,537,1048,159,59,47,1,-1,-1,-1
141,537,1040,151,61,52,1,-1,-1,-1
142,537,1035,131,60,68,1,-1,-1,-1
143,537,1032,132,58,65,1,-1,-1,-1
144,537,1026,133,60,61,1,-1,-1,-1
145,537,1021,143,59,46,1,-1,-1,-1
146,537,1020,144,57,41,1,-1,-1,-1
147,537,1016,140,55,41,1,-1,-1,-1
148,537,1012,141,54,38,1,-1,-1,-1
149,537,1010,142,49,36,1,-1,-1,-1
150,537,1008,143,47,33,1,-1,-1,-1
151,537,1002,136,49,39,1,-1,-1,-1
152,537,1001,133,46,39,1,-1,-1,-1
153,537,996,134,48,36,1,-1,-1,-1
154,537,994,134,46,35,1,-1,-1,-1
155,537,991,132,44,36,1,-1,-1,-1
156,537,990,132,42,32,1,-1,-1,-1
157,537,987,130,42,32,1,-1,-1,-1
158,537,983,128,44,32,1,-1,-1,-1
159,537,978,127,47,31,1,-1,-1,-1
160,537,978,125,45,30,1,-1,-1,-1
161,537,976,123,42,29,1,-1,-1,-1
162,537,975,122,40,29,1,-1,-1,-1
163,537,971,121,41,29,1,-1,-1,-1
164,537,969,122,39,28,1,-1,-1,-1
165,537,968,121,40,27,1,-1,-1,-1
166,537,966,121,37,26,1,-1,-1,-1
167,537,961,120,39,25,1,-1,-1,-1
168,537,960,118,36,26,1,-1,-1,-1
169,537,958,116,36,27,1,-1,-1,-1
170,537,956,116,37,26,1,-1,-1,-1
171,537,954,114,38,28,1,-1,-1,-1
172,537,952,113,37,28,1,-1,-1,-1
173,537,950,111,38,29,1,-1,-1,-1
174,537,946,111,36,27,1,-1,-1,-1
175,537,945,111,32,26,1,-1,-1,-1
176,537,943,110,32,26,1,-1,-1,-1
177,537,941,110,30,26,1,-1,-1,-1
178,537,936,109,34,26,1,-1,-1,-1
179,537,935,110,32,26,1,-1,-1,-1
180,537,932,110,32,25,1,-1,-1,-1
181,537,930,110,31,25,1,-1,-1,-1
182,537,928,109,29,25,1,-1,-1,-1
183,537,924,108,30,25,1,-1,-1,-1
184,537,922,107,28,24,1,-1,-1,-1
185,537,920,106,26,24,1,-1,-1,-1
186,537,918,106,26,24,1,-1,-1,-1
187,537,914,106,27,24,1,-1,-1,-1
193,537,891,105,28,25,1,-1,-1,-1
195,537,882,103,45,25,1,-1,-1,-1
196,537,878,103,47,24,1,-1,-1,-1
198,537,870,104,44,24,1,-1,-1,-1
199,537,866,103,45,24,1,-1,-1,-1
200,537,866,104,40,24,1,-1,-1,-1
201,537,855,103,47,24,1,-1,-1,-1
202,537,852,103,45,25,1,-1,-1,-1
203,537,846,102,47,25,1,-1,-1,-1
204,537,848,103,38,23,1,-1,-1,-1
205,537,839,102,41,25,1,-1,-1,-1
206,537,833,101,43,26,1,-1,-1,-1
207,537,828,102,43,27,1,-1,-1,-1
208,537,823,102,43,27,1,-1,-1,-1
209,537,817,101,44,26,1,-1,-1,-1
210,537,816,102,42,25,1,-1,-1,-1
211,537,807,99,45,25,1,-1,-1,-1
212,537,804,100,42,25,1,-1,-1,-1
213,537,800,101,39,24,1,-1,-1,-1
214,537,794,100,44,25,1,-1,-1,-1
215,537,791,101,44,26,1,-1,-1,-1
216,537,787,102,45,23,1,-1,-1,-1
104,538,1382,113,199,246,1,-1,-1,-1
105,538,1374,110,192,241,1,-1,-1,-1
106,538,1365,114,191,211,1,-1,-1,-1
109,538,1343,109,184,207,1,-1,-1,-1
110,538,1347,104,165,224,1,-1,-1,-1
113,538,1315,101,173,192,1,-1,-1,-1
114,538,1305,102,168,196,1,-1,-1,-1
115,538,1297,100,165,191,1,-1,-1,-1
120,538,1272,91,147,195,1,-1,-1,-1
140,538,1172,81,111,146,1,-1,-1,-1
144,538,1159,79,104,127,1,-1,-1,-1
145,538,1159,79,94,128,1,-1,-1,-1
146,538,1152,78,101,131,1,-1,-1,-1
147,538,1151,77,95,127,1,-1,-1,-1
148,538,1145,76,101,122,1,-1,-1,-1
150,538,1140,75,97,122,1,-1,-1,-1
151,538,1139,77,91,117,1,-1,-1,-1
152,538,1139,75,87,112,1,-1,-1,-1
154,538,1133,76,85,119,1,-1,-1,-1
155,538,1131,75,86,121,1,-1,-1,-1
157,538,1128,72,80,122,1,-1,-1,-1
159,538,1117,70,81,113,1,-1,-1,-1
161,538,1117,73,73,112,1,-1,-1,-1
162,538,1112,73,75,105,1,-1,-1,-1
163,538,1106,72,77,107,1,-1,-1,-1
164,538,1107,72,74,107,1,-1,-1,-1
165,538,1105,73,71,106,1,-1,-1,-1
166,538,1098,73,74,105,1,-1,-1,-1
167,538,1095,71,75,104,1,-1,-1,-1
168,538,1091,71,74,105,1,-1,-1,-1
169,538,1091,71,71,103,1,-1,-1,-1
170,538,1089,70,77,110,1,-1,-1,-1
174,538,1076,69,71,100,1,-1,-1,-1
175,538,1074,69,71,97,1,-1,-1,-1
176,538,1072,69,69,98,1,-1,-1,-1
177,538,1069,69,69,97,1,-1,-1,-1
178,538,1068,69,66,96,1,-1,-1,-1
180,538,1067,70,62,93,1,-1,-1,-1
184,538,1056,67,64,97,1,-1,-1,-1
185,538,1054,68,64,94,1,-1,-1,-1
188,538,1047,65,84,100,1,-1,-1,-1
189,538,1047,67,59,88,1,-1,-1,-1
191,538,1043,65,61,88,1,-1,-1,-1
192,538,1043,65,56,85,1,-1,-1,-1
193,538,1042,67,53,84,1,-1,-1,-1
194,538,1039,69,56,85,1,-1,-1,-1
195,538,1036,67,56,84,1,-1,-1,-1
110,540,739,110,28,24,1,-1,-1,-1
111,540,739,111,30,23,1,-1,-1,-1
112,540,741,110,31,24,1,-1,-1,-1
113,540,745,110,29,24,1,-1,-1,-1
114,540,745,109,31,25,1,-1,-1,-1
115,540,745,109,32,25,1,-1,-1,-1
116,540,751,110,29,23,1,-1,-1,-1
117,540,742,110,43,25,1,-1,-1,-1
118,540,748,110,40,24,1,-1,-1,-1
119,540,738,110,53,26,1,-1,-1,-1
120,540,751,111,41,25,1,-1,-1,-1
121,540,747,110,48,25,1,-1,-1,-1
122,540,766,110,33,27,1,-1,-1,-1
123,540,765,110,35,26,1,-1,-1,-1
124,540,771,110,30,27,1,-1,-1,-1
125,540,764,111,39,26,1,-1,-1,-1
126,540,762,112,42,26,1,-1,-1,-1
127,540,768,113,38,25,1,-1,-1,-1
128,540,761,112,46,26,1,-1,-1,-1
129,540,767,115,41,25,1,-1,-1,-1
130,540,768,114,42,26,1,-1,-1,-1
131,540,763,114,49,25,1,-1,-1,-1
132,540,765,114,49,27,1,-1,-1,-1
133,540,766,114,50,26,1,-1,-1,-1
134,540,767,114,51,26,1,-1,-1,-1
135,540,769,114,49,26,1,-1,-1,-1
136,540,770,115,49,26,1,-1,-1,-1
137,540,774,115,46,27,1,-1,-1,-1
138,540,778,115,42,28,1,-1,-1,-1
139,540,772,114,49,29,1,-1,-1,-1
140,540,774,114,45,31,1,-1,-1,-1
141,540,772,113,44,32,1,-1,-1,-1
142,540,773,113,45,34,1,-1,-1,-1
143,540,774,113,42,34,1,-1,-1,-1
144,540,776,112,41,36,1,-1,-1,-1
145,540,775,113,41,36,1,-1,-1,-1
146,540,774,115,41,35,1,-1,-1,-1
147,540,773,115,43,36,1,-1,-1,-1
148,540,770,121,46,31,1,-1,-1,-1
149,540,771,121,44,33,1,-1,-1,-1
150,540,767,119,50,36,1,-1,-1,-1
151,540,768,116,47,40,1,-1,-1,-1
152,540,766,115,49,42,1,-1,-1,-1
153,540,769,118,47,42,1,-1,-1,-1
154,540,767,123,47,41,1,-1,-1,-1
155,540,767,123,49,44,1,-1,-1,-1
156,540,766,125,50,44,1,-1,-1,-1
157,540,765,125,52,47,1,-1,-1,-1
158,540,760,128,56,46,1,-1,-1,-1
159,540,761,134,55,42,1,-1,-1,-1
160,540,761,133,55,44,1,-1,-1,-1
161,540,760,136,52,42,1,-1,-1,-1
162,540,757,132,56,49,1,-1,-1,-1
163,540,755,134,58,50,1,-1,-1,-1
164,540,752,136,58,51,1,-1,-1,-1
165,540,750,137,61,53,1,-1,-1,-1
166,540,746,139,63,55,1,-1,-1,-1
167,540,745,141,64,55,1,-1,-1,-1
168,540,743,142,65,57,1,-1,-1,-1
169,540,741,146,64,55,1,-1,-1,-1
170,540,738,147,66,57,1,-1,-1,-1
171,540,735,150,69,57,1,-1,-1,-1
172,540,732,152,71,61,1,-1,-1,-1
173,540,730,153,72,64,1,-1,-1,-1
174,540,728,152,71,70,1,-1,-1,-1
175,540,723,159,75,68,1,-1,-1,-1
176,540,721,161,74,70,1,-1,-1,-1
177,540,718,164,78,73,1,-1,-1,-1
178,540,713,166,80,76,1,-1,-1,-1
179,540,707,171,86,77,1,-1,-1,-1
180,540,699,176,92,81,1,-1,-1,-1
181,540,695,180,95,84,1,-1,-1,-1
182,540,693,181,96,89,1,-1,-1,-1
183,540,688,189,98,89,1,-1,-1,-1
184,540,682,194,102,92,1,-1,-1,-1
185,540,678,200,105,95,1,-1,-1,-1
186,540,671,205,109,102,1,-1,-1,-1
187,540,667,209,111,108,1,-1,-1,-1
188,540,653,217,124,112,1,-1,-1,-1
189,540,648,227,127,115,1,-1,-1,-1
190,540,639,233,130,120,1,-1,-1,-1
191,540,632,242,133,129,1,-1,-1,-1
192,540,619,253,145,137,1,-1,-1,-1
193,540,602,265,154,143,1,-1,-1,-1
194,540,592,279,161,153,1,-1,-1,-1
195,540,578,293,171,166,1,-1,-1,-1
196,540,558,310,185,176,1,-1,-1,-1
197,540,539,329,198,188,1,-1,-1,-1
198,540,522,353,210,202,1,-1,-1,-1
199,540,495,380,227,217,1,-1,-1,-1
200,540,461,409,256,245,1,-1,-1,-1
201,540,434,448,273,271,1,-1,-1,-1
202,540,399,495,295,298,1,-1,-1,-1
203,540,348,554,332,337,1,-1,-1,-1
204,540,291,611,373,399,1,-1,-1,-1
205,540,210,683,436,393,1,-1,-1,-1
206,540,131,778,497,300,1,-1,-1,-1
207,540,119,896,472,179,1,-1,-1,-1
113,541,1750,158,62,29,1,-1,-1,-1
114,541,1777,158,46,26,1,-1,-1,-1
115,541,1780,158,51,25,1,-1,-1,-1
116,541,1793,155,56,25,1,-1,-1,-1
117,541,1804,154,53,25,1,-1,-1,-1
118,541,1814,149,54,29,1,-1,-1,-1
119,541,1822,150,50,27,1,-1,-1,-1
121,542,233,256,85,42,1,-1,-1,-1
122,542,204,257,91,42,1,-1,-1,-1
123,542,178,260,90,41,1,-1,-1,-1
124,542,150,263,89,39,1,-1,-1,-1
125,542,122,266,90,38,1,-1,-1,-1
126,542,96,268,89,38,1,-1,-1,-1
127,542,68,269,90,40,1,-1,-1,-1
128,542,46,271,88,39,1,-1,-1,-1
129,542,17,272,90,39,1,-1,-1,-1
130,542,2,277,78,37,1,-1,-1,-1
131,542,0,279,55,33,1,-1,-1,-1
132,542,0,279,31,35,1,-1,-1,-1
125,544,659,108,45,27,1,-1,-1,-1
126,544,659,108,37,29,1,-1,-1,-1
127,544,662,110,36,28,1,-1,-1,-1
128,544,665,109,35,27,1,-1,-1,-1
133,544,683,109,34,28,1,-1,-1,-1
134,544,686,110,33,27,1,-1,-1,-1
135,544,690,110,32,26,1,-1,-1,-1
136,544,694,110,29,27,1,-1,-1,-1
137,544,697,111,27,26,1,-1,-1,-1
138,544,699,110,28,27,1,-1,-1,-1
139,544,702,111,23,27,1,-1,-1,-1
140,544,702,111,28,27,1,-1,-1,-1
141,544,704,110,31,28,1,-1,-1,-1
142,544,705,111,31,27,1,-1,-1,-1
143,544,707,113,29,26,1,-1,-1,-1
144,544,708,112,32,27,1,-1,-1,-1
145,544,708,112,32,27,1,-1,-1,-1
146,544,710,113,33,26,1,-1,-1,-1
147,544,713,113,36,26,1,-1,-1,-1
148,544,713,112,36,28,1,-1,-1,-1
149,544,715,112,40,27,1,-1,-1,-1
150,544,715,112,48,28,1,-1,-1,-1
151,544,715,114,45,28,1,-1,-1,-1
152,544,715,114,42,28,1,-1,-1,-1
153,544,715,117,33,26,1,-1,-1,-1
154,544,715,116,39,27,1,-1,-1,-1
155,544,716,118,31,26,1,-1,-1,-1
156,544,716,119,32,26,1,-1,-1,-1
157,544,716,119,33,26,1,-1,-1,-1
158,544,716,120,32,25,1,-1,-1,-1
159,544,716,119,34,26,1,-1,-1,-1
160,544,716,120,32,26,1,-1,-1,-1
161,544,714,120,34,27,1,-1,-1,-1
162,544,713,120,33,27,1,-1,-1,-1
163,544,712,120,32,26,1,-1,-1,-1
164,544,712,121,34,28,1,-1,-1,-1
165,544,710,122,34,28,1,-1,-1,-1
166,544,709,121,31,27,1,-1,-1,-1
167,544,707,121,32,28,1,-1,-1,-1
168,544,707,124,35,27,1,-1,-1,-1
169,544,706,124,33,27,1,-1,-1,-1
170,544,704,124,34,28,1,-1,-1,-1
171,544,704,125,32,27,1,-1,-1,-1
172,544,701,127,37,27,1,-1,-1,-1
173,544,700,125,35,29,1,-1,-1,-1
174,544,696,126,39,29,1,-1,-1,-1
175,544,692,125,44,33,1,-1,-1,-1
176,544,693,125,40,33,1,-1,-1,-1
177,544,691,120,42,40,1,-1,-1,-1
178,544,689,121,41,40,1,-1,-1,-1
179,544,688,125,44,37,1,-1,-1,-1
180,544,685,131,43,33,1,-1,-1,-1
181,544,681,130,47,36,1,-1,-1,-1
182,544,679,132,46,37,1,-1,-1,-1
183,544,678,135,44,38,1,-1,-1,-1
184,544,676,135,45,39,1,-1,-1,-1
185,544,673,138,47,38,1,-1,-1,-1
186,544,670,140,49,38,1,-1,-1,-1
187,544,667,139,50,40,1,-1,-1,-1
188,544,664,140,51,41,1,-1,-1,-1
189,544,660,142,51,41,1,-1,-1,-1
190,544,658,142,51,44,1,-1,-1,-1
191,544,654,146,52,44,1,-1,-1,-1
192,544,648,146,56,45,1,-1,-1,-1
193,544,645,149,56,46,1,-1,-1,-1
194,544,641,149,56,48,1,-1,-1,-1
195,544,636,149,58,52,1,-1,-1,-1
196,544,631,151,61,53,1,-1,-1,-1
197,544,627,153,61,54,1,-1,-1,-1
198,544,623,156,63,54,1,-1,-1,-1
199,544,618,158,65,55,1,-1,-1,-1
200,544,612,162,68,57,1,-1,-1,-1
201,544,607,167,68,57,1,-1,-1,-1
202,544,602,169,68,58,1,-1,-1,-1
203,544,595,170,71,61,1,-1,-1,-1
204,544,588,173,73,63,1,-1,-1,-1
205,544,580,177,76,66,1,-1,-1,-1
206,544,573,182,76,67,1,-1,-1,-1
207,544,565,185,80,70,1,-1,-1,-1
208,544,556,188,83,74,1,-1,-1,-1
209,544,547,194,87,75,1,-1,-1,-1
210,544,536,200,89,78,1,-1,-1,-1
211,544,527,205,92,80,1,-1,-1,-1
212,544,515,211,96,84,1,-1,-1,-1
213,544,503,218,103,86,1,-1,-1,-1
214,544,489,225,106,92,1,-1,-1,-1
215,544,477,234,109,93,1,-1,-1,-1
216,544,461,241,115,99,1,-1,-1,-1
217,544,447,250,121,104,1,-1,-1,-1
218,544,429,258,126,109,1,-1,-1,-1
219,544,407,270,136,115,1,-1,-1,-1
220,544,386,281,140,122,1,-1,-1,-1
221,544,364,294,152,131,1,-1,-1,-1
222,544,337,309,159,140,1,-1,-1,-1
223,544,305,325,172,149,1,-1,-1,-1
224,544,273,346,185,159,1,-1,-1,-1
225,544,236,366,197,173,1,-1,-1,-1
226,544,195,390,213,190,1,-1,-1,-1
227,544,145,417,232,209,1,-1,-1,-1
228,544,87,449,255,230,1,-1,-1,-1
229,544,20,490,283,254,1,-1,-1,-1
230,544,0,536,257,278,1,-1,-1,-1
231,544,0,590,199,317,1,-1,-1,-1
232,544,0,653,134,374,1,-1,-1,-1
129,545,1826,587,93,137,1,-1,-1,-1
130,545,1739,522,180,214,1,-1,-1,-1
131,545,1662,478,257,196,1,-1,-1,-1
132,545,1598,444,305,176,1,-1,-1,-1
133,545,1537,414,284,161,1,-1,-1,-1
134,545,1487,385,257,152,1,-1,-1,-1
135,545,1443,363,236,139,1,-1,-1,-1
136,545,1404,342,216,131,1,-1,-1,-1
137,545,1365,322,203,127,1,-1,-1,-1
138,545,1333,307,188,118,1,-1,-1,-1
139,545,1304,297,177,107,1,-1,-1,-1
140,545,1278,280,164,106,1,-1,-1,-1
141,545,1253,269,157,99,1,-1,-1,-1
142,545,1232,258,147,95,1,-1,-1,-1
143,545,1215,250,136,89,1,-1,-1,-1
144,545,1198,237,130,89,1,-1,-1,-1
145,545,1182,230,125,82,1,-1,-1,-1
146,545,1166,221,119,80,1,-1,-1,-1
147,545,1155,215,113,74,1,-1,-1,-1
148,545,1143,209,107,72,1,-1,-1,-1
149,545,1132,203,101,69,1,-1,-1,-1
150,545,1121,197,99,67,1,-1,-1,-1
151,545,1111,191,99,67,1,-1,-1,-1
152,545,1104,188,91,62,1,-1,-1,-1
153,545,1097,182,87,61,1,-1,-1,-1
154,545,1090,179,82,59,1,-1,-1,-1
155,545,1080,174,83,57,1,-1,-1,-1
156,545,1074,171,79,56,1,-1,-1,-1
157,545,1068,167,77,55,1,-1,-1,-1
158,545,1061,163,77,54,1,-1,-1,-1
159,545,1056,159,73,53,1,-1,-1,-1
160,545,1055,159,66,49,1,-1,-1,-1
161,545,1048,153,67,52,1,-1,-1,-1
162,545,1043,152,64,49,1,-1,-1,-1
163,545,1037,149,66,49,1,-1,-1,-1
164,545,1034,147,64,48,1,-1,-1,-1
165,545,1031,145,61,47,1,-1,-1,-1
166,545,1028,142,63,45,1,-1,-1,-1
167,545,1024,141,59,43,1,-1,-1,-1
168,545,1023,139,53,41,1,-1,-1,-1
169,545,1015,136,58,42,1,-1,-1,-1
170,545,1013,133,54,43,1,-1,-1,-1
171,545,1010,133,54,40,1,-1,-1,-1
172,545,1007,132,53,38,1,-1,-1,-1
173,545,1005,131,50,38,1,-1,-1,-1
174,545,1002,131,49,35,1,-1,-1,-1
175,545,999,130,52,35,1,-1,-1,-1
176,545,998,130,48,34,1,-1,-1,-1
177,545,994,127,46,35,1,-1,-1,-1
178,545,991,127,46,34,1,-1,-1,-1
179,545,987,126,48,33,1,-1,-1,-1
180,545,986,123,46,32,1,-1,-1,-1
181,545,982,121,46,34,1,-1,-1,-1
182,545,980,121,45,31,1,-1,-1,-1
183,545,981,119,40,32,1,-1,-1,-1
184,545,977,120,41,28,1,-1,-1,-1
185,545,976,120,39,27,1,-1,-1,-1
186,545,973,118,41,28,1,-1,-1,-1
187,545,970,116,40,29,1,-1,-1,-1
188,545,970,115,40,28,1,-1,-1,-1
189,545,967,116,39,27,1,-1,-1,-1
190,545,965,115,36,27,1,-1,-1,-1
191,545,964,114,34,25,1,-1,-1,-1
192,545,962,113,35,24,1,-1,-1,-1
193,545,960,113,35,25,1,-1,-1,-1
194,545,959,112,35,25,1,-1,-1,-1
195,545,956,111,38,26,1,-1,-1,-1
196,545,955,111,34,26,1,-1,-1,-1
197,545,954,109,34,26,1,-1,-1,-1
198,545,953,108,35,26,1,-1,-1,-1
199,545,951,108,33,26,1,-1,-1,-1
200,545,948,108,33,26,1,-1,-1,-1
201,545,947,108,31,26,1,-1,-1,-1
202,545,944,109,33,25,1,-1,-1,-1
203,545,942,108,33,25,1,-1,-1,-1
204,545,939,107,31,25,1,-1,-1,-1
205,545,935,106,34,25,1,-1,-1,-1
206,545,933,106,32,25,1,-1,-1,-1
207,545,931,106,31,25,1,-1,-1,-1
208,545,929,106,30,25,1,-1,-1,-1
209,545,925,104,32,26,1,-1,-1,-1
210,545,921,104,33,25,1,-1,-1,-1
211,545,920,105,29,24,1,-1,-1,-1
212,545,918,103,28,25,1,-1,-1,-1
213,545,915,103,28,25,1,-1,-1,-1
214,545,911,103,31,25,1,-1,-1,-1
215,545,907,103,33,23,1,-1,-1,-1
216,545,903,103,32,24,1,-1,-1,-1
217,545,900,103,31,24,1,-1,-1,-1
218,545,897,104,29,24,1,-1,-1,-1
219,545,891,104,30,25,1,-1,-1,-1
220,545,888,103,31,25,1,-1,-1,-1
221,545,884,104,31,26,1,-1,-1,-1
222,545,880,103,32,27,1,-1,-1,-1
223,545,878,103,31,27,1,-1,-1,-1
224,545,875,102,29,25,1,-1,-1,-1
225,545,870,103,30,24,1,-1,-1,-1
226,545,863,103,33,23,1,-1,-1,-1
227,545,863,103,29,23,1,-1,-1,-1
228,545,860,103,28,23,1,-1,-1,-1
229,545,855,103,28,23,1,-1,-1,-1
230,545,852,104,27,24,1,-1,-1,-1
231,545,847,103,28,23,1,-1,-1,-1
232,545,840,100,30,25,1,-1,-1,-1
233,545,838,100,26,25,1,-1,-1,-1
234,545,831,100,30,27,1,-1,-1,-1
235,545,828,102,27,24,1,-1,-1,-1
236,545,824,102,28,24,1,-1,-1,-1
237,545,819,104,30,23,1,-1,-1,-1
238,545,814,102,29,23,1,-1,-1,-1
239,545,811,102,30,24,1,-1,-1,-1
240,545,806,103,31,23,1,-1,-1,-1
242,545,801,105,26,22,1,-1,-1,-1
140,546,1848,127,43,29,1,-1,-1,-1
141,546,1842,128,47,29,1,-1,-1,-1
142,546,1833,130,52,29,1,-1,-1,-1
143,546,1827,130,53,30,1,-1,-1,-1
144,546,1823,132,50,28,1,-1,-1,-1
145,546,1815,134,52,27,1,-1,-1,-1
146,546,1807,135,51,27,1,-1,-1,-1
147,546,1802,136,55,27,1,-1,-1,-1
148,546,1793,138,58,27,1,-1,-1,-1
149,546,1785,138,57,27,1,-1,-1,-1
150,546,1780,139,53,28,1,-1,-1,-1
151,546,1771,140,53,28,1,-1,-1,-1
152,546,1759,143,58,28,1,-1,-1,-1
153,546,1751,146,61,26,1,-1,-1,-1
154,546,1738,146,58,30,1,-1,-1,-1
155,546,1728,147,62,31,1,-1,-1,-1
156,546,1719,147,62,31,1,-1,-1,-1
157,546,1706,153,66,27,1,-1,-1,-1
158,546,1702,154,57,26,1,-1,-1,-1
159,546,1702,153,50,28,1,-1,-1,-1
159,550,758,115,43,28,1,-1,-1,-1
160,550,760,115,49,29,1,-1,-1,-1
161,550,760,115,50,30,1,-1,-1,-1
163,550,778,115,43,33,1,-1,-1,-1
164,550,778,118,42,34,1,-1,-1,-1
165,550,777,118,45,33,1,-1,-1,-1
166,550,778,119,43,32,1,-1,-1,-1
167,550,782,121,40,32,1,-1,-1,-1
168,550,784,122,40,33,1,-1,-1,-1
169,550,784,122,42,38,1,-1,-1,-1
170,550,786,119,40,44,1,-1,-1,-1
171,550,783,119,46,47,1,-1,-1,-1
172,550,785,120,47,46,1,-1,-1,-1
173,550,791,125,43,42,1,-1,-1,-1
174,550,790,127,48,42,1,-1,-1,-1
175,550,792,128,51,42,1,-1,-1,-1
176,550,794,131,49,40,1,-1,-1,-1
177,550,796,133,47,40,1,-1,-1,-1
178,550,797,133,49,41,1,-1,-1,-1
179,550,797,132,52,44,1,-1,-1,-1
180,550,801,136,50,41,1,-1,-1,-1
181,550,799,137,55,41,1,-1,-1,-1
182,550,803,137,55,41,1,-1,-1,-1
183,550,803,135,58,46,1,-1,-1,-1
184,550,805,134,58,49,1,-1,-1,-1
185,550,807,137,58,48,1,-1,-1,-1
186,550,809,139,59,47,1,-1,-1,-1
187,550,810,141,61,46,1,-1,-1,-1
188,550,814,140,61,48,1,-1,-1,-1
189,550,815,142,60,49,1,-1,-1,-1
190,550,815,144,62,49,1,-1,-1,-1
191,550,818,147,61,49,1,-1,-1,-1
192,550,823,152,59,45,1,-1,-1,-1
193,550,823,152,59,47,1,-1,-1,-1
194,550,825,156,60,44,1,-1,-1,-1
195,550,826,155,60,47,1,-1,-1,-1
196,550,825,156,62,49,1,-1,-1,-1
197,550,828,158,61,49,1,-1,-1,-1
198,550,828,154,63,54,1,-1,-1,-1
199,550,828,161,64,50,1,-1,-1,-1
200,550,829,157,67,57,1,-1,-1,-1
201,550,830,160,66,57,1,-1,-1,-1
202,550,834,162,64,55,1,-1,-1,-1
203,550,833,162,67,59,1,-1,-1,-1
204,550,834,166,66,57,1,-1,-1,-1
205,550,834,166,68,59,1,-1,-1,-1
206,550,835,169,69,57,1,-1,-1,-1
207,550,835,170,70,58,1,-1,-1,-1
208,550,835,170,72,62,1,-1,-1,-1
209,550,835,171,72,64,1,-1,-1,-1
210,550,835,170,73,67,1,-1,-1,-1
211,550,834,173,75,66,1,-1,-1,-1
212,550,835,174,76,66,1,-1,-1,-1
213,550,837,176,75,68,1,-1,-1,-1
214,550,838,178,77,67,1,-1,-1,-1
215,550,838,178,77,69,1,-1,-1,-1
216,550,838,181,78,68,1,-1,-1,-1
217,550,839,182,78,70,1,-1,-1,-1
218,550,838,186,80,70,1,-1,-1,-1
219,550,839,185,80,73,1,-1,-1,-1
220,550,838,190,82,71,1,-1,-1,-1
221,550,839,187,83,74,1,-1,-1,-1
222,550,838,195,85,68,1,-1,-1,-1
223,550,839,188,84,77,1,-1,-1,-1
224,550,839,192,85,75,1,-1,-1,-1
225,550,839,191,86,77,1,-1,-1,-1
226,550,840,193,85,78,1,-1,-1,-1
227,550,840,189,86,83,1,-1,-1,-1
228,550,840,190,87,83,1,-1,-1,-1
229,550,840,194,89,81,1,-1,-1,-1
230,550,839,190,90,88,1,-1,-1,-1
231,550,839,190,91,88,1,-1,-1,-1
232,550,839,193,90,87,1,-1,-1,-1
233,550,839,195,90,87,1,-1,-1,-1
234,550,840,193,88,89,1,-1,-1,-1
235,550,840,191,89,94,1,-1,-1,-1
236,550,840,190,89,95,1,-1,-1,-1
237,550,840,194,90,91,1,-1,-1,-1
238,550,841,195,89,92,1,-1,-1,-1
239,550,841,193,91,94,1,-1,-1,-1
240,550,841,194,92,93,1,-1,-1,-1
241,550,843,194,91,93,1,-1,-1,-1
242,550,843,202,92,86,1,-1,-1,-1
243,550,843,204,93,84,1,-1,-1,-1
244,550,842,204,94,85,1,-1,-1,-1
245,550,843,200,93,89,1,-1,-1,-1
246,550,843,204,93,87,1,-1,-1,-1
247,550,842,207,92,84,1,-1,-1,-1
248,550,843,207,92,85,1,-1,-1,-1
249,550,842,208,92,84,1,-1,-1,-1
250,550,842,206,92,86,1,-1,-1,-1
251,550,840,204,94,89,1,-1,-1,-1
252,550,840,204,93,89,1,-1,-1,-1
253,550,841,203,93,90,1,-1,-1,-1
254,550,842,205,93,88,1,-1,-1,-1
255,550,843,206,92,87,1,-1,-1,-1
256,550,842,206,92,88,1,-1,-1,-1
257,550,842,204,93,90,1,-1,-1,-1
258,550,842,204,94,90,1,-1,-1,-1
259,550,842,204,94,90,1,-1,-1,-1
260,550,841,204,94,90,1,-1,-1,-1
261,550,841,205,94,89,1,-1,-1,-1
262,550,841,205,94,89,1,-1,-1,-1
263,550,840,205,94,89,1,-1,-1,-1
264,550,841,206,93,88,1,-1,-1,-1
265,550,841,206,94,89,1,-1,-1,-1
266,550,841,205,94,89,1,-1,-1,-1
267,550,841,206,94,89,1,-1,-1,-1
268,550,843,205,93,90,1,-1,-1,-1
269,550,843,205,93,89,1,-1,-1,-1
270,550,843,204,94,90,1,-1,-1,-1
271,550,842,204,94,91,1,-1,-1,-1
272,550,842,204,93,91,1,-1,-1,-1
273,550,842,204,93,90,1,-1,-1,-1
274,550,841,204,93,91,1,-1,-1,-1
275,550,840,204,94,90,1,-1,-1,-1
276,550,840,204,94,90,1,-1,-1,-1
277,550,840,205,94,90,1,-1,-1,-1
278,550,840,205,94,90,1,-1,-1,-1
279,550,840,204,96,90,1,-1,-1,-1
280,550,841,205,94,90,1,-1,-1,-1
281,550,842,204,94,90,1,-1,-1,-1
282,550,842,204,94,90,1,-1,-1,-1
283,550,842,204,94,91,1,-1,-1,-1
284,550,843,205,94,90,1,-1,-1,-1
285,550,843,205,94,89,1,-1,-1,-1
286,550,843,205,94,89,1,-1,-1,-1
287,550,842,204,94,90,1,-1,-1,-1
288,550,842,204,94,91,1,-1,-1,-1
289,550,842,205,94,90,1,-1,-1,-1
290,550,842,204,94,90,1,-1,-1,-1
291,550,841,205,94,90,1,-1,-1,-1
292,550,841,205,94,90,1,-1,-1,-1
293,550,841,205,94,90,1,-1,-1,-1
294,550,841,205,94,90,1,-1,-1,-1
295,550,842,206,94,88,1,-1,-1,-1
296,550,842,206,94,88,1,-1,-1,-1
297,550,842,207,94,87,1,-1,-1,-1
298,550,842,206,94,88,1,-1,-1,-1
299,550,843,206,93,89,1,-1,-1,-1
300,550,843,204,94,90,1,-1,-1,-1
301,550,842,204,94,91,1,-1,-1,-1
302,550,842,205,93,90,1,-1,-1,-1
303,550,841,205,94,90,1,-1,-1,-1
304,550,841,205,95,90,1,-1,-1,-1
305,550,841,205,95,90,1,-1,-1,-1
306,550,842,205,94,91,1,-1,-1,-1
307,550,842,204,94,92,1,-1,-1,-1
308,550,842,205,94,91,1,-1,-1,-1
309,550,842,205,94,91,1,-1,-1,-1
310,550,843,205,94,90,1,-1,-1,-1
311,550,843,207,93,87,1,-1,-1,-1
312,550,843,207,94,87,1,-1,-1,-1
313,550,843,207,94,88,1,-1,-1,-1
314,550,843,205,93,91,1,-1,-1,-1
315,550,842,209,94,86,1,-1,-1,-1
316,550,841,206,94,89,1,-1,-1,-1
317,550,841,206,94,90,1,-1,-1,-1
318,550,841,205,94,90,1,-1,-1,-1
319,550,841,205,94,90,1,-1,-1,-1
320,550,841,207,95,88,1,-1,-1,-1
321,550,841,206,95,90,1,-1,-1,-1
322,550,841,205,94,90,1,-1,-1,-1
323,550,841,206,95,89,1,-1,-1,-1
324,550,842,206,94,89,1,-1,-1,-1
325,550,842,206,93,89,1,-1,-1,-1
326,550,842,205,93,90,1,-1,-1,-1
327,550,842,205,93,91,1,-1,-1,-1
328,550,842,205,93,90,1,-1,-1,-1
329,550,842,204,93,92,1,-1,-1,-1
330,550,840,205,95,91,1,-1,-1,-1
331,550,840,206,95,89,1,-1,-1,-1
332,550,840,206,95,89,1,-1,-1,-1
333,550,840,206,94,89,1,-1,-1,-1
334,550,842,207,93,89,1,-1,-1,-1
335,550,842,205,93,90,1,-1,-1,-1
336,550,843,206,92,89,1,-1,-1,-1
337,550,843,205,93,89,1,-1,-1,-1
338,550,843,205,93,89,1,-1,-1,-1
339,550,843,205,93,89,1,-1,-1,-1
340,550,842,205,93,90,1,-1,-1,-1
341,550,841,205,94,90,1,-1,-1,-1
342,550,840,205,95,90,1,-1,-1,-1
343,550,840,205,95,90,1,-1,-1,-1
344,550,841,205,94,90,1,-1,-1,-1
345,550,841,206,94,89,1,-1,-1,-1
346,550,841,205,94,90,1,-1,-1,-1
347,550,841,205,94,90,1,-1,-1,-1
348,550,842,206,93,89,1,-1,-1,-1
349,550,843,205,93,91,1,-1,-1,-1
350,550,843,205,94,90,1,-1,-1,-1
351,550,843,207,93,87,1,-1,-1,-1
352,550,843,207,93,87,1,-1,-1,-1
353,550,843,205,93,89,1,-1,-1,-1
354,550,843,205,93,89,1,-1,-1,-1
355,550,842,204,93,90,1,-1,-1,-1
356,550,842,204,93,91,1,-1,-1,-1
357,550,841,205,94,90,1,-1,-1,-1
358,550,841,205,95,90,1,-1,-1,-1
359,550,841,206,94,89,1,-1,-1,-1
360,550,841,205,94,90,1,-1,-1,-1
361,550,841,205,95,90,1,-1,-1,-1
362,550,841,204,95,90,1,-1,-1,-1
363,550,842,205,94,90,1,-1,-1,-1
364,550,842,205,94,89,1,-1,-1,-1
365,550,842,205,94,90,1,-1,-1,-1
366,550,842,205,94,89,1,-1,-1,-1
367,550,842,205,94,89,1,-1,-1,-1
368,550,842,205,94,90,1,-1,-1,-1
369,550,841,204,94,91,1,-1,-1,-1
370,550,840,204,95,91,1,-1,-1,-1
371,550,840,205,96,90,1,-1,-1,-1
372,550,840,205,96,90,1,-1,-1,-1
373,550,839,206,96,89,1,-1,-1,-1
374,550,839,206,96,88,1,-1,-1,-1
375,550,840,206,96,88,1,-1,-1,-1
376,550,842,205,95,89,1,-1,-1,-1
377,550,841,205,95,89,1,-1,-1,-1
378,550,841,205,95,89,1,-1,-1,-1
379,550,842,205,95,89,1,-1,-1,-1
380,550,842,205,95,90,1,-1,-1,-1
381,550,842,205,95,90,1,-1,-1,-1
382,550,841,204,95,91,1,-1,-1,-1
383,550,841,204,95,92,1,-1,-1,-1
384,550,841,204,95,91,1,-1,-1,-1
385,550,842,204,93,92,1,-1,-1,-1
386,550,842,205,93,91,1,-1,-1,-1
387,550,842,204,93,91,1,-1,-1,-1
388,550,842,205,94,90,1,-1,-1,-1
389,550,841,205,95,91,1,-1,-1,-1
390,550,842,204,95,91,1,-1,-1,-1
391,550,842,204,94,90,1,-1,-1,-1
392,550,842,204,94,90,1,-1,-1,-1
393,550,843,204,94,90,1,-1,-1,-1
394,550,843,205,94,90,1,-1,-1,-1
395,550,843,204,93,91,1,-1,-1,-1
396,550,843,206,93,89,1,-1,-1,-1
397,550,842,205,93,90,1,-1,-1,-1
398,550,842,205,93,90,1,-1,-1,-1
399,550,842,205,93,90,1,-1,-1,-1
400,550,842,204,94,91,1,-1,-1,-1
401,550,842,206,94,90,1,-1,-1,-1
402,550,842,205,94,90,1,-1,-1,-1
403,550,843,206,93,88,1,-1,-1,-1
404,550,843,205,93,89,1,-1,-1,-1
405,550,843,206,93,89,1,-1,-1,-1
406,550,843,206,93,88,1,-1,-1,-1
407,550,843,206,93,89,1,-1,-1,-1
408,550,843,205,93,89,1,-1,-1,-1
409,550,843,207,93,88,1,-1,-1,-1
410,550,842,208,93,88,1,-1,-1,-1
411,550,841,205,95,90,1,-1,-1,-1
412,550,841,204,95,91,1,-1,-1,-1
413,550,841,204,95,91,1,-1,-1,-1
414,550,841,204,95,91,1,-1,-1,-1
415,550,841,205,95,90,1,-1,-1,-1
416,550,841,205,95,90,1,-1,-1,-1
417,550,842,205,94,91,1,-1,-1,-1
418,550,842,205,93,90,1,-1,-1,-1
419,550,842,205,93,90,1,-1,-1,-1
420,550,842,205,93,90,1,-1,-1,-1
421,550,842,204,94,90,1,-1,-1,-1
422,550,842,204,94,91,1,-1,-1,-1
423,550,843,204,93,91,1,-1,-1,-1
424,550,843,204,93,91,1,-1,-1,-1
425,550,842,206,93,89,1,-1,-1,-1
426,550,842,207,94,88,1,-1,-1,-1
427,550,842,205,94,89,1,-1,-1,-1
428,550,842,206,93,89,1,-1,-1,-1
429,550,842,206,94,89,1,-1,-1,-1
430,550,842,206,94,89,1,-1,-1,-1
431,550,842,204,93,91,1,-1,-1,-1
432,550,843,205,93,90,1,-1,-1,-1
433,550,843,205,93,90,1,-1,-1,-1
434,550,843,205,93,90,1,-1,-1,-1
435,550,843,205,93,90,1,-1,-1,-1
436,550,843,204,93,91,1,-1,-1,-1
437,550,842,205,94,91,1,-1,-1,-1
438,550,842,205,94,91,1,-1,-1,-1
439,550,842,206,94,90,1,-1,-1,-1
440,550,841,204,94,91,1,-1,-1,-1
441,550,841,206,95,89,1,-1,-1,-1
442,550,841,206,96,89,1,-1,-1,-1
443,550,841,205,95,90,1,-1,-1,-1
444,550,841,205,95,90,1,-1,-1,-1
445,550,842,205,94,90,1,-1,-1,-1
446,550,841,205,94,89,1,-1,-1,-1
447,550,842,206,94,89,1,-1,-1,-1
448,550,842,206,94,89,1,-1,-1,-1
449,550,842,205,94,90,1,-1,-1,-1
450,550,841,205,95,90,1,-1,-1,-1
451,550,841,204,95,91,1,-1,-1,-1
452,550,841,203,96,92,1,-1,-1,-1
453,550,841,204,95,92,1,-1,-1,-1
454,550,841,204,96,91,1,-1,-1,-1
455,550,841,204,96,91,1,-1,-1,-1
456,550,841,205,94,91,1,-1,-1,-1
457,550,842,205,93,90,1,-1,-1,-1
458,550,843,204,93,91,1,-1,-1,-1
459,550,843,205,93,90,1,-1,-1,-1
460,550,843,205,94,89,1,-1,-1,-1
461,550,843,206,94,89,1,-1,-1,-1
462,550,843,206,94,89,1,-1,-1,-1
463,550,843,205,93,89,1,-1,-1,-1
464,550,842,204,94,91,1,-1,-1,-1
465,550,842,205,94,91,1,-1,-1,-1
466,550,841,206,95,90,1,-1,-1,-1
467,550,841,206,94,89,1,-1,-1,-1
468,550,841,206,94,89,1,-1,-1,-1
469,550,841,207,93,89,1,-1,-1,-1
470,550,841,205,94,90,1,-1,-1,-1
471,550,842,204,94,91,1,-1,-1,-1
472,550,842,205,94,90,1,-1,-1,-1
473,550,842,205,94,89,1,-1,-1,-1
474,550,842,205,94,89,1,-1,-1,-1
475,550,842,205,94,89,1,-1,-1,-1
476,550,842,205,94,90,1,-1,-1,-1
477,550,842,204,95,92,1,-1,-1,-1
478,550,841,205,94,91,1,-1,-1,-1
479,550,841,205,94,90,1,-1,-1,-1
480,550,841,205,94,90,1,-1,-1,-1
481,550,840,207,95,88,1,-1,-1,-1
482,550,841,207,95,88,1,-1,-1,-1
483,550,841,206,94,89,1,-1,-1,-1
484,550,842,206,94,88,1,-1,-1,-1
485,550,843,205,94,89,1,-1,-1,-1
486,550,842,205,94,89,1,-1,-1,-1
487,550,842,205,94,89,1,-1,-1,-1
488,550,843,206,94,89,1,-1,-1,-1
489,550,842,204,94,90,1,-1,-1,-1
490,550,842,204,94,90,1,-1,-1,-1
491,550,841,205,94,91,1,-1,-1,-1
492,550,840,205,97,90,1,-1,-1,-1
493,550,840,205,96,90,1,-1,-1,-1
494,550,840,205,97,90,1,-1,-1,-1
495,550,840,205,96,90,1,-1,-1,-1
496,550,841,201,98,94,1,-1,-1,-1
497,550,841,205,96,90,1,-1,-1,-1
498,550,841,206,94,89,1,-1,-1,-1
499,550,842,205,94,90,1,-1,-1,-1
500,550,842,205,95,90,1,-1,-1,-1
501,550,842,208,94,87,1,-1,-1,-1
502,550,842,206,94,88,1,-1,-1,-1
503,550,842,204,93,91,1,-1,-1,-1
504,550,841,208,94,86,1,-1,-1,-1
505,550,841,207,93,88,1,-1,-1,-1
506,550,840,206,94,88,1,-1,-1,-1
507,550,840,207,94,88,1,-1,-1,-1
508,550,840,207,94,88,1,-1,-1,-1
509,550,840,206,94,89,1,-1,-1,-1
510,550,841,206,94,89,1,-1,-1,-1
511,550,840,204,96,91,1,-1,-1,-1
512,550,841,205,95,89,1,-1,-1,-1
513,550,841,205,95,88,1,-1,-1,-1
514,550,841,205,96,88,1,-1,-1,-1
515,550,841,205,96,89,1,-1,-1,-1
516,550,841,205,95,90,1,-1,-1,-1
517,550,842,204,94,91,1,-1,-1,-1
518,550,842,204,94,91,1,-1,-1,-1
519,550,841,204,94,91,1,-1,-1,-1
520,550,841,205,93,90,1,-1,-1,-1
521,550,841,205,95,89,1,-1,-1,-1
522,550,841,205,94,90,1,-1,-1,-1
523,550,842,205,94,91,1,-1,-1,-1
524,550,843,205,93,90,1,-1,-1,-1
525,550,842,205,94,89,1,-1,-1,-1
526,550,842,205,95,90,1,-1,-1,-1
527,550,842,204,96,90,1,-1,-1,-1
528,550,841,204,96,90,1,-1,-1,-1
529,550,842,205,96,89,1,-1,-1,-1
530,550,842,205,94,89,1,-1,-1,-1
531,550,841,205,95,89,1,-1,-1,-1
532,550,841,206,95,89,1,-1,-1,-1
533,550,841,206,95,88,1,-1,-1,-1
534,550,840,206,96,89,1,-1,-1,-1
535,550,840,206,95,88,1,-1,-1,-1
536,550,840,206,95,88,1,-1,-1,-1
537,550,841,206,95,88,1,-1,-1,-1
538,550,841,205,95,90,1,-1,-1,-1
539,550,841,205,95,90,1,-1,-1,-1
540,550,842,204,96,90,1,-1,-1,-1
541,550,842,207,95,88,1,-1,-1,-1
542,550,842,207,95,88,1,-1,-1,-1
543,550,842,206,95,89,1,-1,-1,-1
544,550,842,205,93,90,1,-1,-1,-1
545,550,842,206,94,90,1,-1,-1,-1
546,550,841,205,94,90,1,-1,-1,-1
547,550,841,205,94,90,1,-1,-1,-1
548,550,841,206,94,89,1,-1,-1,-1
549,550,841,206,93,89,1,-1,-1,-1
550,550,841,206,94,89,1,-1,-1,-1
551,550,842,204,95,91,1,-1,-1,-1
552,550,842,204,94,90,1,-1,-1,-1
553,550,842,206,94,88,1,-1,-1,-1
554,550,842,206,94,88,1,-1,-1,-1
555,550,843,207,94,88,1,-1,-1,-1
556,550,843,207,93,87,1,-1,-1,-1
557,550,842,206,93,88,1,-1,-1,-1
558,550,842,206,94,89,1,-1,-1,-1
559,550,842,206,94,89,1,-1,-1,-1
560,550,842,206,94,89,1,-1,-1,-1
561,550,841,205,95,90,1,-1,-1,-1
562,550,841,205,95,90,1,-1,-1,-1
563,550,841,206,94,89,1,-1,-1,-1
564,550,841,206,95,89,1,-1,-1,-1
565,550,842,205,94,90,1,-1,-1,-1
566,550,842,207,94,88,1,-1,-1,-1
567,550,843,208,94,87,1,-1,-1,-1
568,550,842,207,95,87,1,-1,-1,-1
569,550,842,207,95,88,1,-1,-1,-1
570,550,842,207,94,88,1,-1,-1,-1
571,550,841,205,96,90,1,-1,-1,-1
572,550,841,206,94,89,1,-1,-1,-1
573,550,841,205,94,91,1,-1,-1,-1
574,550,840,204,95,91,1,-1,-1,-1
575,550,840,205,95,90,1,-1,-1,-1
576,550,840,205,95,90,1,-1,-1,-1
577,550,841,205,94,91,1,-1,-1,-1
578,550,841,204,94,91,1,-1,-1,-1
579,550,841,204,94,91,1,-1,-1,-1
580,550,842,204,94,90,1,-1,-1,-1
581,550,842,206,95,88,1,-1,-1,-1
582,550,842,206,95,89,1,-1,-1,-1
583,550,842,206,95,88,1,-1,-1,-1
584,550,842,206,95,89,1,-1,-1,-1
585,550,842,205,94,90,1,-1,-1,-1
586,550,842,205,94,90,1,-1,-1,-1
587,550,842,206,94,89,1,-1,-1,-1
588,550,842,206,94,89,1,-1,-1,-1
589,550,842,209,94,86,1,-1,-1,-1
590,550,842,206,94,89,1,-1,-1,-1
591,550,843,205,93,90,1,-1,-1,-1
592,550,843,205,92,90,1,-1,-1,-1
593,550,843,206,93,89,1,-1,-1,-1
594,550,843,207,93,88,1,-1,-1,-1
595,550,843,207,93,89,1,-1,-1,-1
596,550,843,206,93,89,1,-1,-1,-1
597,550,843,206,93,89,1,-1,-1,-1
598,550,843,205,93,91,1,-1,-1,-1
599,550,842,204,94,91,1,-1,-1,-1
600,550,842,205,95,91,1,-1,-1,-1
601,550,840,206,95,89,1,-1,-1,-1
602,550,840,207,95,88,1,-1,-1,-1
603,550,840,206,95,90,1,-1,-1,-1
604,550,841,204,95,91,1,-1,-1,-1
605,550,842,205,94,90,1,-1,-1,-1
606,550,842,205,94,91,1,-1,-1,-1
607,550,842,205,94,90,1,-1,-1,-1
608,550,842,205,94,90,1,-1,-1,-1
609,550,842,205,94,90,1,-1,-1,-1
610,550,842,205,94,89,1,-1,-1,-1
611,550,842,204,94,91,1,-1,-1,-1
612,550,843,204,93,91,1,-1,-1,-1
613,550,843,204,93,92,1,-1,-1,-1
614,550,842,204,93,92,1,-1,-1,-1
615,550,842,205,93,90,1,-1,-1,-1
616,550,841,206,94,89,1,-1,-1,-1
617,550,841,206,94,89,1,-1,-1,-1
618,550,842,206,93,90,1,-1,-1,-1
619,550,843,205,93,91,1,-1,-1,-1
620,550,842,204,93,91,1,-1,-1,-1
621,550,843,205,94,91,1,-1,-1,-1
622,550,842,204,93,91,1,-1,-1,-1
623,550,843,204,93,91,1,-1,-1,-1
624,550,843,204,93,91,1,-1,-1,-1
625,550,842,203,93,92,1,-1,-1,-1
626,550,842,204,93,92,1,-1,-1,-1
627,550,842,204,94,92,1,-1,-1,-1
628,550,841,204,94,91,1,-1,-1,-1
629,550,841,205,94,91,1,-1,-1,-1
630,550,841,204,94,92,1,-1,-1,-1
631,550,840,205,96,90,1,-1,-1,-1
632,550,840,205,95,90,1,-1,-1,-1
633,550,841,205,94,91,1,-1,-1,-1
634,550,842,205,93,90,1,-1,-1,-1
635,550,841,206,94,89,1,-1,-1,-1
636,550,841,205,95,90,1,-1,-1,-1
637,550,842,205,94,90,1,-1,-1,-1
638,550,842,205,94,90,1,-1,-1,-1
639,550,842,205,95,90,1,-1,-1,-1
640,550,841,204,95,92,1,-1,-1,-1
641,550,841,205,94,91,1,-1,-1,-1
642,550,840,205,95,90,1,-1,-1,-1
643,550,840,204,96,91,1,-1,-1,-1
644,550,840,205,96,91,1,-1,-1,-1
645,550,841,205,94,91,1,-1,-1,-1
646,550,842,206,93,90,1,-1,-1,-1
647,550,842,206,93,90,1,-1,-1,-1
648,550,842,206,93,90,1,-1,-1,-1
649,550,842,206,94,90,1,-1,-1,-1
650,550,842,206,94,90,1,-1,-1,-1
651,550,843,206,94,89,1,-1,-1,-1
652,550,842,205,94,90,1,-1,-1,-1
653,550,842,205,95,90,1,-1,-1,-1
654,550,841,208,95,88,1,-1,-1,-1
655,550,841,209,94,86,1,-1,-1,-1
656,550,841,209,93,86,1,-1,-1,-1
657,550,841,208,94,89,1,-1,-1,-1
658,550,841,208,94,87,1,-1,-1,-1
659,550,841,209,94,86,1,-1,-1,-1
660,550,842,208,93,88,1,-1,-1,-1
661,550,843,209,93,86,1,-1,-1,-1
662,550,843,210,93,85,1,-1,-1,-1
663,550,843,210,93,85,1,-1,-1,-1
664,550,843,209,94,86,1,-1,-1,-1
665,550,843,209,94,86,1,-1,-1,-1
666,550,843,209,94,87,1,-1,-1,-1
667,550,843,212,93,83,1,-1,-1,-1
668,550,842,210,93,86,1,-1,-1,-1
669,550,841,208,94,87,1,-1,-1,-1
670,550,841,207,94,89,1,-1,-1,-1
671,550,841,208,94,89,1,-1,-1,-1
672,550,841,208,95,89,1,-1,-1,-1
673,550,841,206,96,91,1,-1,-1,-1
674,550,842,204,93,92,1,-1,-1,-1
675,550,842,206,95,89,1,-1,-1,-1
676,550,842,207,95,87,1,-1,-1,-1
677,550,843,208,95,87,1,-1,-1,-1
678,550,843,208,94,87,1,-1,-1,-1
679,550,842,207,94,88,1,-1,-1,-1
680,550,842,208,94,87,1,-1,-1,-1
681,550,842,213,94,82,1,-1,-1,-1
682,550,842,210,94,85,1,-1,-1,-1
683,550,841,207,94,89,1,-1,-1,-1
684,550,841,207,94,89,1,-1,-1,-1
685,550,841,207,95,89,1,-1,-1,-1
686,550,841,212,95,84,1,-1,-1,-1
687,550,842,209,94,87,1,-1,-1,-1
688,550,842,207,95,88,1,-1,-1,-1
689,550,843,207,94,89,1,-1,-1,-1
690,550,842,206,94,89,1,-1,-1,-1
691,550,843,212,94,83,1,-1,-1,-1
692,550,843,208,94,87,1,-1,-1,-1
693,550,843,209,94,86,1,-1,-1,-1
694,550,843,214,94,82,1,-1,-1,-1
695,550,842,212,94,83,1,-1,-1,-1
696,550,841,210,94,86,1,-1,-1,-1
697,550,841,210,94,86,1,-1,-1,-1
698,550,842,211,93,85,1,-1,-1,-1
699,550,842,212,94,84,1,-1,-1,-1
700,550,842,211,94,84,1,-1,-1,-1
701,550,841,211,95,84,1,-1,-1,-1
702,550,842,211,94,84,1,-1,-1,-1
703,550,841,212,96,83,1,-1,-1,-1
704,550,841,212,96,82,1,-1,-1,-1
705,550,842,210,96,85,1,-1,-1,-1
706,550,842,212,95,83,1,-1,-1,-1
707,550,842,210,95,85,1,-1,-1,-1
708,550,842,211,95,83,1,-1,-1,-1
709,550,841,210,96,89,1,-1,-1,-1
710,550,840,207,98,90,1,-1,-1,-1
711,550,840,208,95,88,1,-1,-1,-1
712,550,840,209,95,87,1,-1,-1,-1
713,550,841,210,94,85,1,-1,-1,-1
714,550,842,209,94,86,1,-1,-1,-1
715,550,842,208,94,87,1,-1,-1,-1
716,550,842,207,94,89,1,-1,-1,-1
717,550,842,207,94,88,1,-1,-1,-1
718,550,842,208,94,87,1,-1,-1,-1
719,550,842,209,94,87,1,-1,-1,-1
720,550,842,209,94,86,1,-1,-1,-1
721,550,842,208,95,88,1,-1,-1,-1
722,550,841,208,94,88,1,-1,-1,-1
723,550,841,208,94,89,1,-1,-1,-1
724,550,841,208,94,88,1,-1,-1,-1
725,550,842,209,94,87,1,-1,-1,-1
726,550,842,210,94,86,1,-1,-1,-1
727,550,842,210,95,85,1,-1,-1,-1
728,550,842,212,94,84,1,-1,-1,-1
729,550,842,209,94,87,1,-1,-1,-1
730,550,843,209,95,86,1,-1,-1,-1
731,550,842,210,94,86,1,-1,-1,-1
732,550,842,211,94,84,1,-1,-1,-1
733,550,843,212,93,83,1,-1,-1,-1
734,550,843,214,93,82,1,-1,-1,-1
735,550,843,215,93,81,1,-1,-1,-1
736,550,842,215,94,80,1,-1,-1,-1
737,550,842,217,94,78,1,-1,-1,-1
738,550,842,216,94,79,1,-1,-1,-1
739,550,842,217,94,78,1,-1,-1,-1
740,550,843,215,93,80,1,-1,-1,-1
741,550,843,212,93,84,1,-1,-1,-1
742,550,842,212,94,84,1,-1,-1,-1
743,550,842,211,93,85,1,-1,-1,-1
744,550,842,210,94,86,1,-1,-1,-1
745,550,842,209,94,86,1,-1,-1,-1
746,550,842,209,94,87,1,-1,-1,-1
747,550,843,205,95,75,1,-1,-1,-1
748,550,841,208,94,88,1,-1,-1,-1
749,550,841,207,95,88,1,-1,-1,-1
750,550,841,208,95,87,1,-1,-1,-1
751,550,842,214,93,81,1,-1,-1,-1
752,550,842,214,94,82,1,-1,-1,-1
753,550,842,212,95,83,1,-1,-1,-1
754,550,842,211,94,84,1,-1,-1,-1
755,550,843,211,94,84,1,-1,-1,-1
756,550,843,211,94,84,1,-1,-1,-1
757,550,843,209,93,86,1,-1,-1,-1
758,550,843,210,93,85,1,-1,-1,-1
759,550,843,207,94,88,1,-1,-1,-1
760,550,843,207,95,88,1,-1,-1,-1
761,550,843,208,95,88,1,-1,-1,-1
762,550,843,208,95,88,1,-1,-1,-1
763,550,843,210,94,85,1,-1,-1,-1
764,550,843,212,93,83,1,-1,-1,-1
765,550,843,211,93,84,1,-1,-1,-1
766,550,842,212,94,83,1,-1,-1,-1
767,550,843,212,94,83,1,-1,-1,-1
768,550,843,211,94,85,1,-1,-1,-1
769,550,843,213,93,83,1,-1,-1,-1
770,550,843,213,93,82,1,-1,-1,-1
771,550,842,212,95,83,1,-1,-1,-1
772,550,841,209,95,86,1,-1,-1,-1
773,550,842,210,95,86,1,-1,-1,-1
774,550,842,213,94,82,1,-1,-1,-1
775,550,842,214,94,81,1,-1,-1,-1
776,550,841,212,95,84,1,-1,-1,-1
777,550,842,213,95,82,1,-1,-1,-1
778,550,841,212,95,83,1,-1,-1,-1
779,550,841,214,95,82,1,-1,-1,-1
780,550,841,213,95,82,1,-1,-1,-1
781,550,842,218,94,78,1,-1,-1,-1
782,550,842,212,94,83,1,-1,-1,-1
783,550,842,212,94,83,1,-1,-1,-1
784,550,842,210,94,85,1,-1,-1,-1
785,550,842,211,93,83,1,-1,-1,-1
786,550,843,213,93,82,1,-1,-1,-1
787,550,843,214,93,81,1,-1,-1,-1
788,550,843,213,94,82,1,-1,-1,-1
789,550,843,213,94,82,1,-1,-1,-1
790,550,843,217,93,78,1,-1,-1,-1
791,550,842,213,94,82,1,-1,-1,-1
792,550,842,213,94,82,1,-1,-1,-1
793,550,843,211,94,85,1,-1,-1,-1
794,550,842,210,95,86,1,-1,-1,-1
795,550,843,211,94,85,1,-1,-1,-1
796,550,842,209,95,86,1,-1,-1,-1
797,550,842,209,95,87,1,-1,-1,-1
798,550,842,209,95,87,1,-1,-1,-1
799,550,842,208,94,88,1,-1,-1,-1
800,550,842,208,94,88,1,-1,-1,-1
801,550,842,209,94,87,1,-1,-1,-1
802,550,842,208,94,88,1,-1,-1,-1
803,550,842,209,94,87,1,-1,-1,-1
804,550,842,212,94,84,1,-1,-1,-1
805,550,842,210,94,86,1,-1,-1,-1
806,550,842,211,95,84,1,-1,-1,-1
807,550,841,211,95,85,1,-1,-1,-1
808,550,841,211,95,84,1,-1,-1,-1
809,550,842,210,94,86,1,-1,-1,-1
810,550,842,209,94,87,1,-1,-1,-1
811,550,842,211,94,84,1,-1,-1,-1
812,550,842,209,94,86,1,-1,-1,-1
813,550,842,209,94,87,1,-1,-1,-1
814,550,842,208,94,87,1,-1,-1,-1
815,550,843,209,94,87,1,-1,-1,-1
816,550,843,209,94,87,1,-1,-1,-1
817,550,843,210,94,85,1,-1,-1,-1
818,550,842,210,94,85,1,-1,-1,-1
819,550,842,211,94,85,1,-1,-1,-1
820,550,842,209,94,86,1,-1,-1,-1
821,550,843,210,94,85,1,-1,-1,-1
822,550,843,210,94,86,1,-1,-1,-1
823,550,843,210,94,85,1,-1,-1,-1
824,550,843,210,93,85,1,-1,-1,-1
825,550,843,210,94,85,1,-1,-1,-1
826,550,843,210,94,85,1,-1,-1,-1
827,550,843,210,94,86,1,-1,-1,-1
828,550,843,212,94,83,1,-1,-1,-1
829,550,843,213,94,82,1,-1,-1,-1
830,550,843,214,94,82,1,-1,-1,-1
831,550,842,215,95,80,1,-1,-1,-1
832,550,841,212,95,83,1,-1,-1,-1
833,550,841,212,96,83,1,-1,-1,-1
834,550,842,212,96,83,1,-1,-1,-1
835,550,842,211,95,84,1,-1,-1,-1
836,550,842,211,94,84,1,-1,-1,-1
837,550,842,211,94,84,1,-1,-1,-1
838,550,842,211,94,84,1,-1,-1,-1
839,550,842,209,95,86,1,-1,-1,-1
840,550,842,208,95,87,1,-1,-1,-1
841,550,843,212,94,83,1,-1,-1,-1
842,550,843,212,94,83,1,-1,-1,-1
843,550,843,214,94,81,1,-1,-1,-1
844,550,843,212,94,83,1,-1,-1,-1
845,550,842,212,94,84,1,-1,-1,-1
846,550,842,212,94,84,1,-1,-1,-1
847,550,842,212,94,83,1,-1,-1,-1
848,550,843,211,94,84,1,-1,-1,-1
849,550,843,210,93,85,1,-1,-1,-1
850,550,843,210,94,85,1,-1,-1,-1
851,550,843,212,94,83,1,-1,-1,-1
852,550,843,211,94,84,1,-1,-1,-1
853,550,843,209,94,86,1,-1,-1,-1
854,550,843,210,94,85,1,-1,-1,-1
855,550,844,212,93,83,1,-1,-1,-1
856,550,843,212,94,84,1,-1,-1,-1
857,550,843,209,95,86,1,-1,-1,-1
858,550,843,209,94,87,1,-1,-1,-1
859,550,843,209,94,87,1,-1,-1,-1
860,550,843,208,94,88,1,-1,-1,-1
861,550,843,211,94,85,1,-1,-1,-1
862,550,843,212,95,84,1,-1,-1,-1
863,550,843,210,95,85,1,-1,-1,-1
864,550,843,210,96,86,1,-1,-1,-1
865,550,842,209,96,86,1,-1,-1,-1
866,550,842,208,97,88,1,-1,-1,-1
867,550,843,201,98,93,1,-1,-1,-1
868,550,843,209,95,87,1,-1,-1,-1
869,550,843,210,96,89,1,-1,-1,-1
870,550,842,210,97,90,1,-1,-1,-1
871,550,841,211,98,89,1,-1,-1,-1
872,550,841,212,98,91,1,-1,-1,-1
873,550,842,213,99,90,1,-1,-1,-1
874,550,842,212,100,93,1,-1,-1,-1
875,550,840,214,100,93,1,-1,-1,-1
876,550,843,215,99,93,1,-1,-1,-1
877,550,842,215,100,94,1,-1,-1,-1
878,550,842,219,100,95,1,-1,-1,-1
879,550,842,219,102,97,1,-1,-1,-1
880,550,843,221,104,99,1,-1,-1,-1
881,550,842,222,105,100,1,-1,-1,-1
882,550,844,224,105,100,1,-1,-1,-1
883,550,844,222,108,104,1,-1,-1,-1
884,550,844,225,111,104,1,-1,-1,-1
885,550,844,229,116,103,1,-1,-1,-1
886,550,846,228,119,106,1,-1,-1,-1
887,550,847,228,125,109,1,-1,-1,-1
888,550,853,233,126,105,1,-1,-1,-1
889,550,854,236,135,107,1,-1,-1,-1
890,550,873,239,127,110,1,-1,-1,-1
891,550,863,238,150,114,1,-1,-1,-1
892,550,868,240,159,115,1,-1,-1,-1
893,550,875,243,166,115,1,-1,-1,-1
894,550,885,248,173,116,1,-1,-1,-1
895,550,894,248,187,119,1,-1,-1,-1
896,550,906,252,195,121,1,-1,-1,-1
897,550,918,257,208,120,1,-1,-1,-1
898,550,934,258,218,123,1,-1,-1,-1
899,550,951,262,226,126,1,-1,-1,-1
900,550,975,263,233,129,1,-1,-1,-1
901,550,993,268,252,129,1,-1,-1,-1
902,550,1019,269,262,132,1,-1,-1,-1
903,550,1046,271,276,136,1,-1,-1,-1
904,550,1075,276,284,136,1,-1,-1,-1
905,550,1113,280,291,136,1,-1,-1,-1
906,550,1151,283,299,138,1,-1,-1,-1
907,550,1190,285,306,142,1,-1,-1,-1
908,550,1233,288,314,143,1,-1,-1,-1
909,550,1280,292,320,143,1,-1,-1,-1
910,550,1330,300,327,140,1,-1,-1,-1
911,550,1384,302,325,141,1,-1,-1,-1
912,550,1439,303,327,144,1,-1,-1,-1
913,550,1496,306,327,145,1,-1,-1,-1
914,550,1556,308,329,144,1,-1,-1,-1
915,550,1617,315,303,139,1,-1,-1,-1
916,550,1679,318,240,132,1,-1,-1,-1
917,550,1740,319,178,131,1,-1,-1,-1
918,550,1799,324,120,128,1,-1,-1,-1
161,551,656,110,26,33,1,-1,-1,-1
162,551,657,110,31,32,1,-1,-1,-1
163,551,659,112,29,30,1,-1,-1,-1
164,551,661,112,27,27,1,-1,-1,-1
165,551,663,113,28,24,1,-1,-1,-1
166,551,663,112,31,25,1,-1,-1,-1
167,551,665,111,33,26,1,-1,-1,-1
168,551,664,113,37,26,1,-1,-1,-1
169,551,667,112,33,24,1,-1,-1,-1
175,554,777,113,43,31,1,-1,-1,-1
176,554,778,114,37,31,1,-1,-1,-1
177,554,778,114,37,29,1,-1,-1,-1
178,554,778,113,34,28,1,-1,-1,-1
179,554,778,113,32,29,1,-1,-1,-1
180,554,779,113,46,31,1,-1,-1,-1
181,554,780,116,44,29,1,-1,-1,-1
182,554,782,114,52,32,1,-1,-1,-1
183,554,782,113,53,34,1,-1,-1,-1
184,554,784,114,51,33,1,-1,-1,-1
185,554,785,116,49,31,1,-1,-1,-1
186,554,786,116,45,31,1,-1,-1,-1
187,554,786,118,52,32,1,-1,-1,-1
188,554,787,118,57,32,1,-1,-1,-1
189,554,801,117,43,35,1,-1,-1,-1
190,554,797,122,52,33,1,-1,-1,-1
191,554,807,128,45,31,1,-1,-1,-1
192,554,808,128,46,31,1,-1,-1,-1
193,554,807,132,45,31,1,-1,-1,-1
194,554,809,130,45,33,1,-1,-1,-1
195,554,808,127,47,36,1,-1,-1,-1
196,554,813,129,44,35,1,-1,-1,-1
197,554,814,136,47,32,1,-1,-1,-1
198,554,815,137,44,33,1,-1,-1,-1
199,554,815,141,45,32,1,-1,-1,-1
200,554,817,131,47,41,1,-1,-1,-1
201,554,816,132,51,37,1,-1,-1,-1
202,554,818,132,51,39,1,-1,-1,-1
203,554,824,139,50,41,1,-1,-1,-1
204,554,824,137,52,44,1,-1,-1,-1
205,554,824,138,50,45,1,-1,-1,-1
206,554,824,139,51,45,1,-1,-1,-1
207,554,826,142,52,44,1,-1,-1,-1
208,554,827,143,49,40,1,-1,-1,-1
209,554,828,138,50,47,1,-1,-1,-1
210,554,828,137,52,45,1,-1,-1,-1
211,554,829,142,56,41,1,-1,-1,-1
212,554,831,142,57,45,1,-1,-1,-1
213,554,835,142,53,47,1,-1,-1,-1
214,554,836,142,54,49,1,-1,-1,-1
215,554,836,142,55,53,1,-1,-1,-1
216,554,837,143,56,51,1,-1,-1,-1
217,554,837,143,59,50,1,-1,-1,-1
218,554,838,145,59,51,1,-1,-1,-1
219,554,838,144,59,50,1,-1,-1,-1
220,554,838,144,60,49,1,-1,-1,-1
221,554,841,155,60,44,1,-1,-1,-1
222,554,841,147,58,53,1,-1,-1,-1
223,554,834,145,67,52,1,-1,-1,-1
224,554,830,144,72,55,1,-1,-1,-1
225,554,835,146,67,53,1,-1,-1,-1
226,554,833,146,74,56,1,-1,-1,-1
227,554,834,143,70,55,1,-1,-1,-1
228,554,835,144,71,54,1,-1,-1,-1
229,554,838,147,71,54,1,-1,-1,-1
230,554,837,146,71,55,1,-1,-1,-1
231,554,836,145,75,57,1,-1,-1,-1
232,554,838,147,75,61,1,-1,-1,-1
233,554,837,146,75,65,1,-1,-1,-1
234,554,838,147,76,61,1,-1,-1,-1
235,554,840,146,76,67,1,-1,-1,-1
236,554,840,149,76,64,1,-1,-1,-1
237,554,841,148,77,66,1,-1,-1,-1
238,554,843,152,78,65,1,-1,-1,-1
239,554,844,150,76,61,1,-1,-1,-1
240,554,847,151,72,52,1,-1,-1,-1
241,554,848,152,70,50,1,-1,-1,-1
242,554,847,155,76,58,1,-1,-1,-1
243,554,848,156,75,56,1,-1,-1,-1
244,554,848,155,73,56,1,-1,-1,-1
245,554,848,154,77,68,1,-1,-1,-1
246,554,848,155,78,68,1,-1,-1,-1
247,554,847,157,80,69,1,-1,-1,-1
248,554,849,159,81,72,1,-1,-1,-1
249,554,849,158,82,73,1,-1,-1,-1
250,554,849,158,82,72,1,-1,-1,-1
251,554,850,157,76,58,1,-1,-1,-1
252,554,848,156,84,75,1,-1,-1,-1
253,554,850,157,81,62,1,-1,-1,-1
254,554,852,159,80,61,1,-1,-1,-1
255,554,851,161,87,84,1,-1,-1,-1
256,554,851,160,86,84,1,-1,-1,-1
257,554,851,161,86,84,1,-1,-1,-1
258,554,850,160,89,87,1,-1,-1,-1
259,554,852,161,87,84,1,-1,-1,-1
260,554,851,163,89,83,1,-1,-1,-1
261,554,849,163,90,82,1,-1,-1,-1
262,554,848,166,92,86,1,-1,-1,-1
263,554,848,167,93,87,1,-1,-1,-1
264,554,848,166,95,91,1,-1,-1,-1
265,554,847,165,96,92,1,-1,-1,-1
266,554,846,169,96,93,1,-1,-1,-1
267,554,847,170,96,93,1,-1,-1,-1
268,554,848,171,95,92,1,-1,-1,-1
269,554,849,171,95,95,1,-1,-1,-1
270,554,849,171,95,94,1,-1,-1,-1
271,554,850,174,94,91,1,-1,-1,-1
272,554,850,174,94,91,1,-1,-1,-1
273,554,850,173,94,91,1,-1,-1,-1
274,554,852,170,94,92,1,-1,-1,-1
275,554,850,168,96,94,1,-1,-1,-1
276,554,847,171,96,93,1,-1,-1,-1
277,554,848,168,97,94,1,-1,-1,-1
278,554,849,168,96,94,1,-1,-1,-1
279,554,846,169,98,92,1,-1,-1,-1
280,554,846,172,98,93,1,-1,-1,-1
281,554,852,171,95,92,1,-1,-1,-1
282,554,854,171,93,91,1,-1,-1,-1
283,554,854,172,92,87,1,-1,-1,-1
284,554,853,172,93,88,1,-1,-1,-1
285,554,853,171,94,90,1,-1,-1,-1
286,554,853,171,94,90,1,-1,-1,-1
287,554,853,171,94,92,1,-1,-1,-1
288,554,850,172,96,90,1,-1,-1,-1
289,554,850,173,96,89,1,-1,-1,-1
290,554,848,174,97,88,1,-1,-1,-1
291,554,849,175,96,80,1,-1,-1,-1
292,554,849,175,97,82,1,-1,-1,-1
293,554,849,175,96,80,1,-1,-1,-1
294,554,851,173,96,87,1,-1,-1,-1
295,554,852,173,96,89,1,-1,-1,-1
296,554,850,173,96,87,1,-1,-1,-1
297,554,850,172,96,88,1,-1,-1,-1
298,554,850,173,96,86,1,-1,-1,-1
299,554,851,173,96,88,1,-1,-1,-1
300,554,851,173,96,87,1,-1,-1,-1
301,554,850,173,98,90,1,-1,-1,-1
302,554,848,175,99,86,1,-1,-1,-1
303,554,847,175,100,86,1,-1,-1,-1
304,554,847,176,99,85,1,-1,-1,-1
305,554,847,175,98,86,1,-1,-1,-1
306,554,848,176,98,86,1,-1,-1,-1
307,554,850,175,98,86,1,-1,-1,-1
308,554,851,175,96,87,1,-1,-1,-1
309,554,851,175,96,84,1,-1,-1,-1
310,554,851,174,95,87,1,-1,-1,-1
311,554,851,175,95,84,1,-1,-1,-1
312,554,851,175,96,85,1,-1,-1,-1
313,554,851,175,96,81,1,-1,-1,-1
314,554,854,174,94,86,1,-1,-1,-1
315,554,853,175,94,86,1,-1,-1,-1
316,554,851,175,95,84,1,-1,-1,-1
317,554,850,175,95,86,1,-1,-1,-1
318,554,853,175,93,87,1,-1,-1,-1
319,554,853,174,92,86,1,-1,-1,-1
320,554,849,175,97,83,1,-1,-1,-1
321,554,854,174,94,88,1,-1,-1,-1
322,554,855,174,93,90,1,-1,-1,-1
323,554,853,174,94,88,1,-1,-1,-1
324,554,854,172,94,91,1,-1,-1,-1
325,554,853,172,94,92,1,-1,-1,-1
326,554,853,172,94,91,1,-1,-1,-1
327,554,854,175,92,87,1,-1,-1,-1
328,554,856,174,90,87,1,-1,-1,-1
329,554,857,175,90,87,1,-1,-1,-1
330,554,854,175,91,86,1,-1,-1,-1
331,554,848,174,97,88,1,-1,-1,-1
332,554,848,174,97,88,1,-1,-1,-1
333,554,851,174,96,88,1,-1,-1,-1
334,554,854,173,95,90,1,-1,-1,-1
335,554,853,172,95,92,1,-1,-1,-1
336,554,852,173,96,91,1,-1,-1,-1
337,554,850,173,98,90,1,-1,-1,-1
338,554,850,174,97,88,1,-1,-1,-1
339,554,851,173,96,88,1,-1,-1,-1
340,554,851,174,96,85,1,-1,-1,-1
341,554,855,173,93,89,1,-1,-1,-1
342,554,851,174,95,88,1,-1,-1,-1
343,554,849,175,97,87,1,-1,-1,-1
344,554,849,176,96,83,1,-1,-1,-1
345,554,848,176,97,86,1,-1,-1,-1
346,554,848,175,97,87,1,-1,-1,-1
347,554,849,174,97,87,1,-1,-1,-1
348,554,852,174,96,89,1,-1,-1,-1
349,554,855,172,94,92,1,-1,-1,-1
350,554,853,173,95,90,1,-1,-1,-1
351,554,852,172,97,91,1,-1,-1,-1
352,554,852,172,97,91,1,-1,-1,-1
353,554,853,172,95,92,1,-1,-1,-1
354,554,854,173,94,91,1,-1,-1,-1
355,554,855,172,92,91,1,-1,-1,-1
356,554,854,173,93,90,1,-1,-1,-1
357,554,852,173,94,89,1,-1,-1,-1
358,554,849,174,96,89,1,-1,-1,-1
359,554,850,174,96,89,1,-1,-1,-1
360,554,851,174,95,89,1,-1,-1,-1
361,554,847,178,97,75,1,-1,-1,-1
362,554,851,174,95,86,1,-1,-1,-1
363,554,853,174,95,88,1,-1,-1,-1
364,554,854,174,94,90,1,-1,-1,-1
365,554,854,174,94,87,1,-1,-1,-1
366,554,853,174,94,86,1,-1,-1,-1
367,554,853,174,94,87,1,-1,-1,-1
368,554,853,175,93,86,1,-1,-1,-1
369,554,851,176,95,84,1,-1,-1,-1
370,554,847,176,97,80,1,-1,-1,-1
371,554,846,175,98,85,1,-1,-1,-1
372,554,846,176,99,84,1,-1,-1,-1
373,554,847,175,99,88,1,-1,-1,-1
374,554,848,175,100,87,1,-1,-1,-1
375,554,847,176,99,90,1,-1,-1,-1
376,554,852,174,97,90,1,-1,-1,-1
377,554,852,174,96,89,1,-1,-1,-1
378,554,852,174,96,89,1,-1,-1,-1
379,554,852,174,96,89,1,-1,-1,-1
380,554,851,175,96,86,1,-1,-1,-1
381,554,852,174,96,89,1,-1,-1,-1
382,554,852,175,96,88,1,-1,-1,-1
383,554,851,177,96,85,1,-1,-1,-1
384,554,850,175,97,87,1,-1,-1,-1
385,554,850,174,98,89,1,-1,-1,-1
386,554,849,175,97,88,1,-1,-1,-1
387,554,850,175,97,88,1,-1,-1,-1
388,554,849,175,98,87,1,-1,-1,-1
389,554,850,175,98,86,1,-1,-1,-1
390,554,852,175,96,87,1,-1,-1,-1
391,554,853,173,95,90,1,-1,-1,-1
392,554,853,173,95,90,1,-1,-1,-1
393,554,853,174,95,89,1,-1,-1,-1
394,554,852,175,96,88,1,-1,-1,-1
395,554,854,174,94,89,1,-1,-1,-1
396,554,853,175,95,88,1,-1,-1,-1
397,554,850,175,98,88,1,-1,-1,-1
398,554,848,175,99,88,1,-1,-1,-1
399,554,848,175,98,87,1,-1,-1,-1
400,554,848,175,98,87,1,-1,-1,-1
401,554,847,176,99,85,1,-1,-1,-1
402,554,849,175,98,86,1,-1,-1,-1
403,554,850,175,97,87,1,-1,-1,-1
404,554,850,175,97,92,1,-1,-1,-1
405,554,850,175,97,92,1,-1,-1,-1
406,554,849,174,98,93,1,-1,-1,-1
407,554,849,175,98,92,1,-1,-1,-1
408,554,851,173,98,90,1,-1,-1,-1
409,554,849,176,97,91,1,-1,-1,-1
410,554,850,175,98,87,1,-1,-1,-1
411,554,848,175,100,87,1,-1,-1,-1
412,554,847,174,100,88,1,-1,-1,-1
413,554,846,175,100,87,1,-1,-1,-1
414,554,846,175,100,86,1,-1,-1,-1
415,554,846,174,101,87,1,-1,-1,-1
416,554,849,174,100,89,1,-1,-1,-1
417,554,849,174,99,88,1,-1,-1,-1
418,554,850,175,97,93,1,-1,-1,-1
419,554,850,175,97,92,1,-1,-1,-1
420,554,852,174,98,90,1,-1,-1,-1
421,554,851,174,97,89,1,-1,-1,-1
422,554,851,175,97,87,1,-1,-1,-1
423,554,851,176,97,85,1,-1,-1,-1
424,554,850,175,97,86,1,-1,-1,-1
425,554,848,176,99,84,1,-1,-1,-1
426,554,847,176,99,84,1,-1,-1,-1
427,554,848,176,99,83,1,-1,-1,-1
428,554,849,176,98,86,1,-1,-1,-1
429,554,850,175,98,87,1,-1,-1,-1
430,554,851,176,97,87,1,-1,-1,-1
431,554,852,175,95,88,1,-1,-1,-1
432,554,853,174,94,88,1,-1,-1,-1
433,554,850,175,96,87,1,-1,-1,-1
434,554,851,174,96,88,1,-1,-1,-1
435,554,851,174,96,89,1,-1,-1,-1
436,554,852,174,95,89,1,-1,-1,-1
437,554,850,175,96,86,1,-1,-1,-1
438,554,848,174,97,88,1,-1,-1,-1
439,554,848,175,97,86,1,-1,-1,-1
440,554,849,174,96,89,1,-1,-1,-1
441,554,847,175,97,83,1,-1,-1,-1
442,554,847,175,98,85,1,-1,-1,-1
443,554,849,174,97,88,1,-1,-1,-1
444,554,851,174,96,89,1,-1,-1,-1
445,554,851,174,97,88,1,-1,-1,-1
446,554,852,174,96,90,1,-1,-1,-1
447,554,853,173,96,91,1,-1,-1,-1
448,554,849,175,97,92,1,-1,-1,-1
449,554,853,173,95,91,1,-1,-1,-1
450,554,851,175,96,86,1,-1,-1,-1
451,554,849,177,98,82,1,-1,-1,-1
452,554,847,176,97,83,1,-1,-1,-1
453,554,847,176,96,84,1,-1,-1,-1
454,554,849,176,94,82,1,-1,-1,-1
455,554,849,176,94,83,1,-1,-1,-1
456,554,848,175,97,88,1,-1,-1,-1
457,554,850,174,98,88,1,-1,-1,-1
458,554,853,173,96,91,1,-1,-1,-1
459,554,853,173,95,89,1,-1,-1,-1
460,554,852,173,95,89,1,-1,-1,-1
461,554,852,172,95,91,1,-1,-1,-1
462,554,852,173,95,91,1,-1,-1,-1
463,554,852,172,96,91,1,-1,-1,-1
464,554,852,173,95,90,1,-1,-1,-1
465,554,852,175,94,88,1,-1,-1,-1
466,554,849,175,96,88,1,-1,-1,-1
467,554,849,175,96,87,1,-1,-1,-1
468,554,850,174,95,89,1,-1,-1,-1
469,554,849,174,95,89,1,-1,-1,-1
470,554,851,173,96,91,1,-1,-1,-1
471,554,853,175,94,87,1,-1,-1,-1
472,554,854,173,95,91,1,-1,-1,-1
473,554,850,175,96,92,1,-1,-1,-1
474,554,854,173,95,91,1,-1,-1,-1
475,554,854,174,94,90,1,-1,-1,-1
476,554,854,174,93,90,1,-1,-1,-1
477,554,854,175,93,89,1,-1,-1,-1
478,554,849,176,96,85,1,-1,-1,-1
479,554,849,175,96,88,1,-1,-1,-1
480,554,849,175,96,87,1,-1,-1,-1
481,554,848,176,96,83,1,-1,-1,-1
482,554,847,176,98,85,1,-1,-1,-1
483,554,849,174,97,89,1,-1,-1,-1
484,554,849,175,97,92,1,-1,-1,-1
485,554,852,173,97,89,1,-1,-1,-1
486,554,851,173,97,87,1,-1,-1,-1
487,554,851,173,97,87,1,-1,-1,-1
488,554,851,173,97,87,1,-1,-1,-1
489,554,852,174,96,86,1,-1,-1,-1
490,554,853,173,95,89,1,-1,-1,-1
491,554,848,174,99,86,1,-1,-1,-1
492,554,846,175,99,83,1,-1,-1,-1
493,554,846,176,96,79,1,-1,-1,-1
494,554,846,176,96,77,1,-1,-1,-1
495,554,846,176,97,79,1,-1,-1,-1
496,554,846,175,100,83,1,-1,-1,-1
497,554,847,175,100,84,1,-1,-1,-1
498,554,852,173,96,89,1,-1,-1,-1
499,554,852,172,96,91,1,-1,-1,-1
500,554,852,172,96,90,1,-1,-1,-1
501,554,851,172,97,90,1,-1,-1,-1
502,554,848,173,97,93,1,-1,-1,-1
503,554,852,172,96,92,1,-1,-1,-1
504,554,848,173,99,90,1,-1,-1,-1
505,554,846,173,99,89,1,-1,-1,-1
506,554,847,174,97,88,1,-1,-1,-1
507,554,848,174,96,88,1,-1,-1,-1
508,554,848,174,97,88,1,-1,-1,-1
509,554,847,174,98,88,1,-1,-1,-1
510,554,846,174,100,88,1,-1,-1,-1
511,554,852,175,95,87,1,-1,-1,-1
512,554,852,173,95,90,1,-1,-1,-1
513,554,851,173,97,90,1,-1,-1,-1
514,554,851,174,96,88,1,-1,-1,-1
515,554,851,173,97,89,1,-1,-1,-1
516,554,853,173,95,91,1,-1,-1,-1
517,554,853,175,94,89,1,-1,-1,-1
518,554,852,176,94,86,1,-1,-1,-1
519,554,853,176,92,87,1,-1,-1,-1
520,554,850,175,95,88,1,-1,-1,-1
521,554,848,177,95,80,1,-1,-1,-1
522,554,849,176,96,83,1,-1,-1,-1
523,554,850,176,96,85,1,-1,-1,-1
524,554,851,172,97,91,1,-1,-1,-1
525,554,851,172,97,91,1,-1,-1,-1
526,554,850,172,97,89,1,-1,-1,-1
527,554,850,172,96,89,1,-1,-1,-1
528,554,850,172,96,87,1,-1,-1,-1
529,554,848,174,98,87,1,-1,-1,-1
530,554,850,174,98,88,1,-1,-1,-1
531,554,851,175,97,88,1,-1,-1,-1
532,554,848,176,98,84,1,-1,-1,-1
533,554,848,176,98,85,1,-1,-1,-1
534,554,847,177,96,82,1,-1,-1,-1
535,554,847,177,96,83,1,-1,-1,-1
536,554,849,174,98,87,1,-1,-1,-1
537,554,848,175,100,85,1,-1,-1,-1
538,554,851,174,97,88,1,-1,-1,-1
539,554,851,173,96,88,1,-1,-1,-1
540,554,850,174,97,87,1,-1,-1,-1
541,554,850,174,96,85,1,-1,-1,-1
542,554,850,174,97,87,1,-1,-1,-1
543,554,850,173,97,86,1,-1,-1,-1
544,554,853,173,95,90,1,-1,-1,-1
545,554,849,175,97,85,1,-1,-1,-1
546,554,847,175,98,85,1,-1,-1,-1
547,554,847,176,98,84,1,-1,-1,-1
548,554,847,176,98,83,1,-1,-1,-1
549,554,847,178,97,80,1,-1,-1,-1
550,554,848,175,98,87,1,-1,-1,-1
551,554,852,175,95,86,1,-1,-1,-1
552,554,852,175,95,82,1,-1,-1,-1
553,554,851,174,96,86,1,-1,-1,-1
554,554,851,174,96,82,1,-1,-1,-1
555,554,850,174,96,86,1,-1,-1,-1
556,554,851,174,95,84,1,-1,-1,-1
557,554,853,174,94,84,1,-1,-1,-1
558,554,853,175,95,86,1,-1,-1,-1
559,554,851,176,95,84,1,-1,-1,-1
560,554,849,177,95,78,1,-1,-1,-1
561,554,853,174,82,39,1,-1,-1,-1
562,554,853,174,82,39,1,-1,-1,-1
563,554,852,174,83,40,1,-1,-1,-1
565,554,855,172,80,39,1,-1,-1,-1
180,555,1663,994,254,84,1,-1,-1,-1
181,555,1624,959,294,116,1,-1,-1,-1
182,555,1598,929,319,147,1,-1,-1,-1
183,555,1575,900,343,177,1,-1,-1,-1
184,555,1558,876,356,201,1,-1,-1,-1
185,555,1537,852,379,224,1,-1,-1,-1
186,555,1525,821,393,255,1,-1,-1,-1
187,555,1511,792,407,284,1,-1,-1,-1
188,555,1496,789,421,287,1,-1,-1,-1
189,555,1483,775,435,299,1,-1,-1,-1
190,555,1467,762,450,313,1,-1,-1,-1
191,555,1456,750,463,327,1,-1,-1,-1
192,555,1446,737,474,341,1,-1,-1,-1
193,555,1443,727,474,347,1,-1,-1,-1
194,555,1435,719,480,357,1,-1,-1,-1
195,555,1425,714,494,366,1,-1,-1,-1
196,555,1414,705,502,375,1,-1,-1,-1
197,555,1410,697,509,381,1,-1,-1,-1
198,555,1405,692,514,386,1,-1,-1,-1
199,555,1406,686,513,393,1,-1,-1,-1
200,555,1403,683,516,394,1,-1,-1,-1
201,555,1400,678,519,399,1,-1,-1,-1
202,555,1397,676,522,401,1,-1,-1,-1
203,555,1394,672,524,404,1,-1,-1,-1
204,555,1392,670,526,406,1,-1,-1,-1
205,555,1391,669,528,408,1,-1,-1,-1
206,555,1389,667,529,410,1,-1,-1,-1
207,555,1389,663,528,413,1,-1,-1,-1
208,555,1385,662,533,414,1,-1,-1,-1
209,555,1386,663,531,413,1,-1,-1,-1
210,555,1385,664,532,412,1,-1,-1,-1
211,555,1387,661,530,416,1,-1,-1,-1
212,555,1388,662,529,415,1,-1,-1,-1
213,555,1388,663,529,414,1,-1,-1,-1
214,555,1389,662,529,414,1,-1,-1,-1
215,555,1389,662,529,414,1,-1,-1,-1
216,555,1389,663,528,414,1,-1,-1,-1
217,555,1389,662,528,414,1,-1,-1,-1
218,555,1389,663,529,413,1,-1,-1,-1
219,555,1388,662,529,414,1,-1,-1,-1
220,555,1387,661,530,415,1,-1,-1,-1
221,555,1387,662,530,413,1,-1,-1,-1
222,555,1387,662,531,414,1,-1,-1,-1
223,555,1387,662,531,414,1,-1,-1,-1
224,555,1387,662,530,414,1,-1,-1,-1
225,555,1388,661,530,414,1,-1,-1,-1
226,555,1388,661,530,415,1,-1,-1,-1
227,555,1388,663,530,413,1,-1,-1,-1
228,555,1388,663,528,413,1,-1,-1,-1
229,555,1388,663,529,414,1,-1,-1,-1
230,555,1388,663,529,414,1,-1,-1,-1
231,555,1389,664,528,412,1,-1,-1,-1
232,555,1387,664,530,411,1,-1,-1,-1
233,555,1388,663,530,413,1,-1,-1,-1
234,555,1387,663,531,412,1,-1,-1,-1
235,555,1387,662,530,414,1,-1,-1,-1
236,555,1387,661,531,416,1,-1,-1,-1
237,555,1386,661,531,416,1,-1,-1,-1
238,555,1386,662,531,415,1,-1,-1,-1
239,555,1387,662,530,415,1,-1,-1,-1
240,555,1387,663,530,414,1,-1,-1,-1
241,555,1389,662,530,413,1,-1,-1,-1
242,555,1388,664,530,412,1,-1,-1,-1
243,555,1389,664,529,414,1,-1,-1,-1
244,555,1389,663,528,414,1,-1,-1,-1
245,555,1389,662,528,415,1,-1,-1,-1
246,555,1388,662,530,414,1,-1,-1,-1
247,555,1387,662,530,415,1,-1,-1,-1
248,555,1387,662,530,414,1,-1,-1,-1
249,555,1386,662,531,414,1,-1,-1,-1
250,555,1387,662,531,414,1,-1,-1,-1
251,555,1387,662,531,415,1,-1,-1,-1
252,555,1387,662,531,414,1,-1,-1,-1
253,555,1387,662,530,415,1,-1,-1,-1
254,555,1388,663,529,415,1,-1,-1,-1
255,555,1388,663,529,414,1,-1,-1,-1
256,555,1388,663,529,414,1,-1,-1,-1
257,555,1388,663,529,414,1,-1,-1,-1
258,555,1388,663,529,414,1,-1,-1,-1
259,555,1387,662,530,414,1,-1,-1,-1
260,555,1386,663,531,414,1,-1,-1,-1
261,555,1386,663,531,413,1,-1,-1,-1
262,555,1387,662,531,414,1,-1,-1,-1
263,555,1386,662,531,414,1,-1,-1,-1
264,555,1386,662,531,414,1,-1,-1,-1
265,555,1387,663,531,413,1,-1,-1,-1
266,555,1387,663,531,412,1,-1,-1,-1
267,555,1386,661,532,414,1,-1,-1,-1
268,555,1386,661,532,414,1,-1,-1,-1
269,555,1388,664,530,412,1,-1,-1,-1
270,555,1387,662,531,413,1,-1,-1,-1
271,555,1388,663,529,413,1,-1,-1,-1
272,555,1388,662,530,414,1,-1,-1,-1
273,555,1387,661,530,415,1,-1,-1,-1
274,555,1386,661,531,415,1,-1,-1,-1
275,555,1387,662,530,415,1,-1,-1,-1
276,555,1387,661,531,415,1,-1,-1,-1
277,555,1387,661,530,415,1,-1,-1,-1
278,555,1387,661,530,415,1,-1,-1,-1
279,555,1387,662,530,414,1,-1,-1,-1
280,555,1387,663,530,414,1,-1,-1,-1
281,555,1387,663,530,413,1,-1,-1,-1
282,555,1388,663,530,413,1,-1,-1,-1
283,555,1388,663,530,413,1,-1,-1,-1
284,555,1388,662,529,414,1,-1,-1,-1
285,555,1388,663,529,413,1,-1,-1,-1
286,555,1388,662,530,414,1,-1,-1,-1
287,555,1387,662,530,414,1,-1,-1,-1
288,555,1387,662,531,415,1,-1,-1,-1
289,555,1387,663,531,414,1,-1,-1,-1
290,555,1387,664,531,412,1,-1,-1,-1
291,555,1387,663,531,413,1,-1,-1,-1
292,555,1387,663,530,412,1,-1,-1,-1
293,555,1387,663,530,412,1,-1,-1,-1
294,555,1388,664,530,412,1,-1,-1,-1
295,555,1388,664,530,412,1,-1,-1,-1
296,555,1388,662,530,415,1,-1,-1,-1
297,555,1387,660,531,416,1,-1,-1,-1
298,555,1386,660,532,415,1,-1,-1,-1
299,555,1386,660,532,415,1,-1,-1,-1
300,555,1386,661,531,415,1,-1,-1,-1
301,555,1387,661,531,415,1,-1,-1,-1
302,555,1386,662,531,414,1,-1,-1,-1
303,555,1386,663,532,413,1,-1,-1,-1
304,555,1386,663,532,413,1,-1,-1,-1
305,555,1386,662,532,414,1,-1,-1,-1
306,555,1386,662,531,414,1,-1,-1,-1
307,555,1387,662,530,414,1,-1,-1,-1
308,555,1387,662,531,413,1,-1,-1,-1
309,555,1387,663,530,414,1,-1,-1,-1
310,555,1387,662,530,415,1,-1,-1,-1
311,555,1388,662,529,415,1,-1,-1,-1
312,555,1388,662,529,414,1,-1,-1,-1
313,555,1387,663,530,414,1,-1,-1,-1
314,555,1386,662,531,414,1,-1,-1,-1
315,555,1387,660,531,416,1,-1,-1,-1
316,555,1387,662,530,415,1,-1,-1,-1
317,555,1387,664,531,413,1,-1,-1,-1
318,555,1386,664,531,412,1,-1,-1,-1
319,555,1385,662,533,413,1,-1,-1,-1
320,555,1387,662,531,414,1,-1,-1,-1
321,555,1387,662,530,414,1,-1,-1,-1
322,555,1387,662,530,414,1,-1,-1,-1
323,555,1387,662,530,415,1,-1,-1,-1
324,555,1388,661,529,415,1,-1,-1,-1
325,555,1388,661,530,415,1,-1,-1,-1
326,555,1386,661,531,416,1,-1,-1,-1
327,555,1386,662,531,415,1,-1,-1,-1
328,555,1386,663,531,412,1,-1,-1,-1
329,555,1385,661,533,413,1,-1,-1,-1
330,555,1386,661,533,413,1,-1,-1,-1
331,555,1387,663,532,413,1,-1,-1,-1
332,555,1387,664,531,412,1,-1,-1,-1
333,555,1386,662,533,413,1,-1,-1,-1
334,555,1387,663,531,413,1,-1,-1,-1
335,555,1388,662,530,415,1,-1,-1,-1
336,555,1387,662,530,415,1,-1,-1,-1
337,555,1387,662,531,415,1,-1,-1,-1
338,555,1388,662,529,415,1,-1,-1,-1
339,555,1389,662,529,415,1,-1,-1,-1
340,555,1387,663,531,414,1,-1,-1,-1
341,555,1387,665,531,411,1,-1,-1,-1
342,555,1387,663,530,414,1,-1,-1,-1
343,555,1387,662,530,413,1,-1,-1,-1
344,555,1387,663,531,412,1,-1,-1,-1
345,555,1386,662,532,413,1,-1,-1,-1
346,555,1386,662,532,413,1,-1,-1,-1
347,555,1387,663,531,412,1,-1,-1,-1
348,555,1387,661,530,414,1,-1,-1,-1
349,555,1386,662,531,414,1,-1,-1,-1
350,555,1387,661,531,414,1,-1,-1,-1
351,555,1387,662,530,413,1,-1,-1,-1
352,555,1388,663,530,412,1,-1,-1,-1
353,555,1387,664,530,411,1,-1,-1,-1
354,555,1386,664,532,411,1,-1,-1,-1
355,555,1385,662,533,412,1,-1,-1,-1
356,555,1387,663,530,412,1,-1,-1,-1
357,555,1387,663,530,413,1,-1,-1,-1
358,555,1386,662,532,413,1,-1,-1,-1
359,555,1387,664,531,412,1,-1,-1,-1
360,555,1387,663,531,412,1,-1,-1,-1
361,555,1387,664,531,412,1,-1,-1,-1
362,555,1388,661,530,415,1,-1,-1,-1
363,555,1388,662,529,415,1,-1,-1,-1
364,555,1388,662,530,414,1,-1,-1,-1
365,555,1387,664,531,412,1,-1,-1,-1
366,555,1387,664,531,412,1,-1,-1,-1
367,555,1387,663,531,412,1,-1,-1,-1
368,555,1387,664,531,411,1,-1,-1,-1
369,555,1387,663,531,412,1,-1,-1,-1
370,555,1387,663,531,412,1,-1,-1,-1
371,555,1386,664,532,412,1,-1,-1,-1
372,555,1386,664,531,412,1,-1,-1,-1
373,555,1386,664,531,412,1,-1,-1,-1
374,555,1386,663,531,413,1,-1,-1,-1
375,555,1386,664,532,412,1,-1,-1,-1
376,555,1386,663,532,413,1,-1,-1,-1
377,555,1386,662,531,414,1,-1,-1,-1
378,555,1387,663,531,413,1,-1,-1,-1
379,555,1386,665,531,411,1,-1,-1,-1
380,555,1387,665,531,411,1,-1,-1,-1
381,555,1387,664,531,413,1,-1,-1,-1
382,555,1386,663,531,413,1,-1,-1,-1
383,555,1386,662,531,414,1,-1,-1,-1
384,555,1387,663,531,413,1,-1,-1,-1
385,555,1387,662,531,415,1,-1,-1,-1
386,555,1386,662,531,413,1,-1,-1,-1
387,555,1386,663,532,413,1,-1,-1,-1
388,555,1386,662,532,415,1,-1,-1,-1
389,555,1386,662,531,415,1,-1,-1,-1
390,555,1385,661,534,415,1,-1,-1,-1
391,555,1388,664,530,412,1,-1,-1,-1
392,555,1387,664,531,411,1,-1,-1,-1
393,555,1386,663,532,413,1,-1,-1,-1
394,555,1386,663,532,412,1,-1,-1,-1
395,555,1387,664,530,412,1,-1,-1,-1
396,555,1387,664,531,411,1,-1,-1,-1
397,555,1387,663,530,412,1,-1,-1,-1
398,555,1387,663,531,413,1,-1,-1,-1
399,555,1385,662,533,414,1,-1,-1,-1
400,555,1385,661,533,415,1,-1,-1,-1
401,555,1386,662,531,415,1,-1,-1,-1
402,555,1387,662,530,414,1,-1,-1,-1
403,555,1386,664,531,412,1,-1,-1,-1
404,555,1387,664,530,411,1,-1,-1,-1
405,555,1387,664,530,412,1,-1,-1,-1
406,555,1388,664,530,412,1,-1,-1,-1
407,555,1388,664,530,411,1,-1,-1,-1
408,555,1387,664,530,412,1,-1,-1,-1
409,555,1387,664,530,412,1,-1,-1,-1
410,555,1387,663,531,412,1,-1,-1,-1
411,555,1386,662,532,414,1,-1,-1,-1
412,555,1386,663,532,413,1,-1,-1,-1
413,555,1386,663,532,413,1,-1,-1,-1
414,555,1386,662,532,413,1,-1,-1,-1
415,555,1386,662,532,413,1,-1,-1,-1
416,555,1386,663,532,412,1,-1,-1,-1
417,555,1386,664,531,411,1,-1,-1,-1
418,555,1387,664,531,411,1,-1,-1,-1
419,555,1387,663,530,413,1,-1,-1,-1
420,555,1387,663,530,413,1,-1,-1,-1
421,555,1387,664,530,411,1,-1,-1,-1
422,555,1387,663,530,414,1,-1,-1,-1
423,555,1387,663,531,413,1,-1,-1,-1
424,555,1386,662,532,414,1,-1,-1,-1
425,555,1386,663,532,413,1,-1,-1,-1
426,555,1386,663,532,414,1,-1,-1,-1
427,555,1386,663,532,413,1,-1,-1,-1
428,555,1387,662,531,415,1,-1,-1,-1
429,555,1387,662,530,415,1,-1,-1,-1
430,555,1387,663,530,413,1,-1,-1,-1
431,555,1387,663,530,414,1,-1,-1,-1
432,555,1388,664,530,411,1,-1,-1,-1
433,555,1388,663,529,415,1,-1,-1,-1
434,555,1387,664,530,412,1,-1,-1,-1
435,555,1387,663,530,412,1,-1,-1,-1
436,555,1387,663,530,412,1,-1,-1,-1
437,555,1387,663,531,413,1,-1,-1,-1
438,555,1386,662,530,413,1,-1,-1,-1
439,555,1386,661,531,415,1,-1,-1,-1
440,555,1386,663,531,413,1,-1,-1,-1
441,555,1386,664,531,411,1,-1,-1,-1
442,555,1387,665,531,411,1,-1,-1,-1
443,555,1387,664,531,411,1,-1,-1,-1
444,555,1386,662,532,413,1,-1,-1,-1
445,555,1386,662,532,412,1,-1,-1,-1
446,555,1387,662,531,413,1,-1,-1,-1
447,555,1388,662,530,414,1,-1,-1,-1
448,555,1387,661,531,414,1,-1,-1,-1
449,555,1386,661,532,415,1,-1,-1,-1
450,555,1386,661,533,415,1,-1,-1,-1
451,555,1386,662,531,414,1,-1,-1,-1
452,555,1386,662,531,413,1,-1,-1,-1
453,555,1386,663,532,412,1,-1,-1,-1
454,555,1386,664,532,412,1,-1,-1,-1
455,555,1385,662,533,415,1,-1,-1,-1
456,555,1385,662,533,414,1,-1,-1,-1
457,555,1387,662,530,414,1,-1,-1,-1
458,555,1387,663,530,414,1,-1,-1,-1
459,555,1387,663,530,414,1,-1,-1,-1
460,555,1387,663,531,414,1,-1,-1,-1
461,555,1389,661,528,415,1,-1,-1,-1
462,555,1389,661,528,415,1,-1,-1,-1
463,555,1388,661,529,415,1,-1,-1,-1
464,555,1387,661,530,416,1,-1,-1,-1
465,555,1387,662,530,415,1,-1,-1,-1
466,555,1386,662,531,414,1,-1,-1,-1
467,555,1387,662,530,414,1,-1,-1,-1
468,555,1385,662,533,413,1,-1,-1,-1
469,555,1387,663,531,414,1,-1,-1,-1
470,555,1387,663,530,413,1,-1,-1,-1
471,555,1387,663,530,413,1,-1,-1,-1
472,555,1387,663,530,413,1,-1,-1,-1
473,555,1388,662,530,414,1,-1,-1,-1
474,555,1388,662,530,414,1,-1,-1,-1
475,555,1388,662,530,414,1,-1,-1,-1
476,555,1387,662,530,414,1,-1,-1,-1
477,555,1387,662,530,415,1,-1,-1,-1
478,555,1386,664,532,412,1,-1,-1,-1
479,555,1386,664,531,411,1,-1,-1,-1
480,555,1387,665,531,411,1,-1,-1,-1
481,555,1385,663,534,414,1,-1,-1,-1
482,555,1385,662,533,414,1,-1,-1,-1
483,555,1385,663,534,414,1,-1,-1,-1
484,555,1387,664,532,413,1,-1,-1,-1
485,555,1387,662,530,415,1,-1,-1,-1
486,555,1388,662,529,415,1,-1,-1,-1
487,555,1388,662,529,415,1,-1,-1,-1
488,555,1388,662,529,415,1,-1,-1,-1
489,555,1387,662,530,415,1,-1,-1,-1
490,555,1386,662,532,415,1,-1,-1,-1
491,555,1387,663,531,413,1,-1,-1,-1
492,555,1387,664,531,412,1,-1,-1,-1
493,555,1386,662,531,415,1,-1,-1,-1
494,555,1386,662,531,415,1,-1,-1,-1
495,555,1387,663,531,415,1,-1,-1,-1
496,555,1386,662,533,415,1,-1,-1,-1
497,555,1386,662,533,415,1,-1,-1,-1
498,555,1387,663,531,412,1,-1,-1,-1
499,555,1387,662,531,415,1,-1,-1,-1
500,555,1388,662,529,415,1,-1,-1,-1
501,555,1389,662,528,414,1,-1,-1,-1
502,555,1388,663,530,412,1,-1,-1,-1
503,555,1387,662,530,414,1,-1,-1,-1
504,555,1386,663,531,414,1,-1,-1,-1
505,555,1386,663,531,414,1,-1,-1,-1
506,555,1386,663,531,414,1,-1,-1,-1
507,555,1386,663,531,413,1,-1,-1,-1
508,555,1386,663,531,414,1,-1,-1,-1
509,555,1386,663,531,414,1,-1,-1,-1
510,555,1386,663,531,414,1,-1,-1,-1
511,555,1386,663,531,413,1,-1,-1,-1
512,555,1388,663,530,413,1,-1,-1,-1
513,555,1388,663,530,414,1,-1,-1,-1
514,555,1388,662,530,414,1,-1,-1,-1
515,555,1388,662,530,414,1,-1,-1,-1
516,555,1387,663,531,413,1,-1,-1,-1
517,555,1387,663,531,413,1,-1,-1,-1
518,555,1386,663,532,413,1,-1,-1,-1
519,555,1386,663,532,413,1,-1,-1,-1
520,555,1386,663,532,413,1,-1,-1,-1
521,555,1386,664,532,412,1,-1,-1,-1
522,555,1387,663,531,412,1,-1,-1,-1
523,555,1387,663,531,413,1,-1,-1,-1
524,555,1388,662,530,414,1,-1,-1,-1
525,555,1388,662,529,414,1,-1,-1,-1
526,555,1389,662,529,415,1,-1,-1,-1
527,555,1390,661,528,415,1,-1,-1,-1
528,555,1390,661,528,416,1,-1,-1,-1
529,555,1389,662,528,415,1,-1,-1,-1
530,555,1388,663,529,414,1,-1,-1,-1
531,555,1387,663,531,413,1,-1,-1,-1
532,555,1385,662,533,414,1,-1,-1,-1
533,555,1386,661,533,415,1,-1,-1,-1
534,555,1387,663,531,413,1,-1,-1,-1
535,555,1386,661,532,415,1,-1,-1,-1
536,555,1386,661,533,415,1,-1,-1,-1
537,555,1387,662,530,415,1,-1,-1,-1
538,555,1387,662,531,413,1,-1,-1,-1
539,555,1387,663,530,413,1,-1,-1,-1
540,555,1387,663,530,413,1,-1,-1,-1
541,555,1388,664,529,412,1,-1,-1,-1
542,555,1388,663,530,413,1,-1,-1,-1
543,555,1387,664,530,412,1,-1,-1,-1
544,555,1386,664,531,413,1,-1,-1,-1
545,555,1385,662,533,414,1,-1,-1,-1
546,555,1385,662,533,414,1,-1,-1,-1
547,555,1386,663,531,413,1,-1,-1,-1
548,555,1386,662,532,414,1,-1,-1,-1
549,555,1386,663,532,413,1,-1,-1,-1
550,555,1386,662,532,414,1,-1,-1,-1
551,555,1387,662,531,414,1,-1,-1,-1
552,555,1387,662,531,415,1,-1,-1,-1
553,555,1387,661,531,416,1,-1,-1,-1
554,555,1387,662,530,415,1,-1,-1,-1
555,555,1388,663,530,413,1,-1,-1,-1
556,555,1388,664,529,412,1,-1,-1,-1
557,555,1387,664,530,413,1,-1,-1,-1
558,555,1387,663,530,413,1,-1,-1,-1
559,555,1387,663,531,413,1,-1,-1,-1
560,555,1387,662,530,414,1,-1,-1,-1
561,555,1386,663,532,413,1,-1,-1,-1
562,555,1386,662,532,415,1,-1,-1,-1
563,555,1386,662,532,415,1,-1,-1,-1
564,555,1387,662,531,415,1,-1,-1,-1
565,555,1387,662,531,414,1,-1,-1,-1
566,555,1387,663,531,413,1,-1,-1,-1
567,555,1388,663,530,414,1,-1,-1,-1
568,555,1388,663,529,414,1,-1,-1,-1
569,555,1388,663,530,412,1,-1,-1,-1
570,555,1388,663,529,414,1,-1,-1,-1
571,555,1388,664,530,411,1,-1,-1,-1
572,555,1387,664,531,412,1,-1,-1,-1
573,555,1386,663,531,413,1,-1,-1,-1
574,555,1386,662,532,414,1,-1,-1,-1
575,555,1386,662,532,415,1,-1,-1,-1
576,555,1387,662,531,414,1,-1,-1,-1
577,555,1385,662,532,414,1,-1,-1,-1
578,555,1386,663,532,413,1,-1,-1,-1
579,555,1386,663,532,413,1,-1,-1,-1
580,555,1387,663,531,413,1,-1,-1,-1
581,555,1389,664,528,412,1,-1,-1,-1
582,555,1388,662,530,413,1,-1,-1,-1
583,555,1389,663,529,413,1,-1,-1,-1
584,555,1389,664,529,411,1,-1,-1,-1
585,555,1388,663,529,413,1,-1,-1,-1
586,555,1388,662,530,413,1,-1,-1,-1
587,555,1387,663,530,413,1,-1,-1,-1
588,555,1387,662,531,414,1,-1,-1,-1
589,555,1387,662,530,414,1,-1,-1,-1
590,555,1387,662,530,414,1,-1,-1,-1
591,555,1387,663,531,413,1,-1,-1,-1
592,555,1388,662,530,414,1,-1,-1,-1
593,555,1388,663,529,414,1,-1,-1,-1
594,555,1389,663,529,414,1,-1,-1,-1
595,555,1387,662,531,414,1,-1,-1,-1
596,555,1388,664,529,413,1,-1,-1,-1
597,555,1388,663,529,413,1,-1,-1,-1
598,555,1388,663,530,414,1,-1,-1,-1
599,555,1387,662,530,415,1,-1,-1,-1
600,555,1387,662,530,415,1,-1,-1,-1
601,555,1386,663,531,413,1,-1,-1,-1
602,555,1387,663,531,413,1,-1,-1,-1
603,555,1387,663,531,413,1,-1,-1,-1
604,555,1387,663,531,413,1,-1,-1,-1
605,555,1387,662,531,413,1,-1,-1,-1
606,555,1387,663,531,412,1,-1,-1,-1
607,555,1387,663,530,412,1,-1,-1,-1
608,555,1388,663,531,411,1,-1,-1,-1
609,555,1387,663,531,412,1,-1,-1,-1
610,555,1388,663,530,412,1,-1,-1,-1
611,555,1387,663,531,413,1,-1,-1,-1
612,555,1387,662,531,414,1,-1,-1,-1
613,555,1387,662,531,414,1,-1,-1,-1
614,555,1386,662,531,414,1,-1,-1,-1
615,555,1386,662,531,413,1,-1,-1,-1
616,555,1387,663,531,413,1,-1,-1,-1
617,555,1387,663,531,413,1,-1,-1,-1
618,555,1387,664,531,412,1,-1,-1,-1
619,555,1386,662,532,413,1,-1,-1,-1
620,555,1388,664,530,413,1,-1,-1,-1
621,555,1388,664,530,412,1,-1,-1,-1
622,555,1388,663,530,413,1,-1,-1,-1
623,555,1387,662,530,414,1,-1,-1,-1
624,555,1388,662,530,415,1,-1,-1,-1
625,555,1387,663,531,413,1,-1,-1,-1
626,555,1386,661,531,414,1,-1,-1,-1
627,555,1386,661,532,415,1,-1,-1,-1
628,555,1386,662,532,413,1,-1,-1,-1
629,555,1386,664,531,412,1,-1,-1,-1
630,555,1386,663,531,412,1,-1,-1,-1
631,555,1387,663,530,413,1,-1,-1,-1
632,555,1387,663,530,413,1,-1,-1,-1
633,555,1387,663,531,413,1,-1,-1,-1
634,555,1386,662,532,413,1,-1,-1,-1
635,555,1387,662,531,412,1,-1,-1,-1
636,555,1388,661,529,416,1,-1,-1,-1
637,555,1388,661,529,415,1,-1,-1,-1
638,555,1387,662,530,414,1,-1,-1,-1
639,555,1388,662,530,414,1,-1,-1,-1
640,555,1387,661,530,414,1,-1,-1,-1
641,555,1386,662,531,413,1,-1,-1,-1
642,555,1385,662,533,414,1,-1,-1,-1
643,555,1386,662,531,414,1,-1,-1,-1
644,555,1386,663,531,413,1,-1,-1,-1
645,555,1385,662,533,413,1,-1,-1,-1
646,555,1388,664,530,412,1,-1,-1,-1
647,555,1386,662,532,412,1,-1,-1,-1
648,555,1388,664,529,412,1,-1,-1,-1
649,555,1387,663,530,413,1,-1,-1,-1
650,555,1389,661,529,415,1,-1,-1,-1
651,555,1388,662,530,414,1,-1,-1,-1
652,555,1387,662,531,414,1,-1,-1,-1
653,555,1387,661,531,415,1,-1,-1,-1
654,555,1386,662,531,414,1,-1,-1,-1
655,555,1386,663,531,412,1,-1,-1,-1
656,555,1386,663,531,412,1,-1,-1,-1
657,555,1386,662,533,413,1,-1,-1,-1
658,555,1387,664,531,411,1,-1,-1,-1
659,555,1387,664,531,412,1,-1,-1,-1
660,555,1387,663,530,413,1,-1,-1,-1
661,555,1387,661,531,415,1,-1,-1,-1
662,555,1388,661,529,416,1,-1,-1,-1
663,555,1387,661,531,415,1,-1,-1,-1
664,555,1388,661,530,415,1,-1,-1,-1
665,555,1388,661,530,415,1,-1,-1,-1
666,555,1387,661,530,415,1,-1,-1,-1
667,555,1387,663,531,412,1,-1,-1,-1
668,555,1387,663,531,412,1,-1,-1,-1
669,555,1387,663,531,412,1,-1,-1,-1
670,555,1386,663,531,412,1,-1,-1,-1
671,555,1386,664,532,411,1,-1,-1,-1
672,555,1387,663,531,412,1,-1,-1,-1
673,555,1388,663,530,414,1,-1,-1,-1
674,555,1388,663,530,413,1,-1,-1,-1
675,555,1388,663,529,413,1,-1,-1,-1
676,555,1389,663,529,413,1,-1,-1,-1
677,555,1389,663,529,412,1,-1,-1,-1
678,555,1388,663,529,412,1,-1,-1,-1
679,555,1387,663,530,413,1,-1,-1,-1
680,555,1387,663,531,413,1,-1,-1,-1
681,555,1387,663,531,412,1,-1,-1,-1
682,555,1387,663,531,413,1,-1,-1,-1
683,555,1387,663,531,413,1,-1,-1,-1
684,555,1387,663,531,413,1,-1,-1,-1
685,555,1387,663,531,413,1,-1,-1,-1
686,555,1387,662,530,415,1,-1,-1,-1
687,555,1387,662,530,415,1,-1,-1,-1
688,555,1388,661,530,416,1,-1,-1,-1
689,555,1388,661,530,416,1,-1,-1,-1
690,555,1387,661,530,416,1,-1,-1,-1
691,555,1387,661,532,415,1,-1,-1,-1
692,555,1387,661,531,414,1,-1,-1,-1
693,555,1387,662,532,414,1,-1,-1,-1
694,555,1387,663,531,413,1,-1,-1,-1
695,555,1385,661,533,414,1,-1,-1,-1
696,555,1385,661,533,414,1,-1,-1,-1
697,555,1385,661,533,414,1,-1,-1,-1
698,555,1387,663,531,413,1,-1,-1,-1
699,555,1385,661,533,414,1,-1,-1,-1
700,555,1386,661,531,415,1,-1,-1,-1
701,555,1387,662,531,414,1,-1,-1,-1
702,555,1387,661,530,414,1,-1,-1,-1
703,555,1387,661,530,414,1,-1,-1,-1
704,555,1387,662,531,414,1,-1,-1,-1
705,555,1387,663,531,412,1,-1,-1,-1
706,555,1387,662,531,413,1,-1,-1,-1
707,555,1387,663,531,412,1,-1,-1,-1
708,555,1386,663,531,412,1,-1,-1,-1
709,555,1387,662,530,414,1,-1,-1,-1
710,555,1386,662,532,414,1,-1,-1,-1
711,555,1387,663,531,413,1,-1,-1,-1
712,555,1387,663,531,413,1,-1,-1,-1
713,555,1386,663,531,413,1,-1,-1,-1
714,555,1387,662,531,414,1,-1,-1,-1
715,555,1387,662,530,414,1,-1,-1,-1
716,555,1387,662,530,415,1,-1,-1,-1
717,555,1387,662,530,414,1,-1,-1,-1
718,555,1387,663,530,413,1,-1,-1,-1
719,555,1388,662,530,414,1,-1,-1,-1
720,555,1387,662,530,414,1,-1,-1,-1
721,555,1387,663,530,413,1,-1,-1,-1
722,555,1387,663,531,412,1,-1,-1,-1
723,555,1387,663,531,412,1,-1,-1,-1
724,555,1387,663,531,413,1,-1,-1,-1
725,555,1386,663,531,413,1,-1,-1,-1
726,555,1386,661,532,415,1,-1,-1,-1
727,555,1386,661,532,416,1,-1,-1,-1
728,555,1386,661,531,415,1,-1,-1,-1
729,555,1387,662,531,414,1,-1,-1,-1
730,555,1388,662,530,414,1,-1,-1,-1
731,555,1388,662,529,414,1,-1,-1,-1
732,555,1387,663,531,412,1,-1,-1,-1
733,555,1387,663,530,413,1,-1,-1,-1
734,555,1388,662,530,415,1,-1,-1,-1
735,555,1388,661,530,415,1,-1,-1,-1
736,555,1387,663,531,413,1,-1,-1,-1
737,555,1386,662,531,413,1,-1,-1,-1
738,555,1386,662,532,413,1,-1,-1,-1
739,555,1385,662,532,414,1,-1,-1,-1
740,555,1386,662,532,414,1,-1,-1,-1
741,555,1387,661,531,415,1,-1,-1,-1
742,555,1387,662,530,415,1,-1,-1,-1
743,555,1387,663,530,413,1,-1,-1,-1
744,555,1387,664,530,411,1,-1,-1,-1
745,555,1388,663,529,413,1,-1,-1,-1
746,555,1388,663,530,413,1,-1,-1,-1
747,555,1387,664,531,411,1,-1,-1,-1
748,555,1386,662,532,413,1,-1,-1,-1
749,555,1386,662,531,413,1,-1,-1,-1
750,555,1386,662,531,413,1,-1,-1,-1
751,555,1387,663,531,412,1,-1,-1,-1
752,555,1387,663,531,412,1,-1,-1,-1
753,555,1385,662,532,413,1,-1,-1,-1
754,555,1386,662,532,413,1,-1,-1,-1
755,555,1386,663,531,412,1,-1,-1,-1
756,555,1387,664,530,412,1,-1,-1,-1
757,555,1388,662,529,414,1,-1,-1,-1
758,555,1388,662,530,414,1,-1,-1,-1
759,555,1388,662,529,414,1,-1,-1,-1
760,555,1388,662,529,414,1,-1,-1,-1
761,555,1388,662,530,414,1,-1,-1,-1
762,555,1388,662,530,414,1,-1,-1,-1
763,555,1387,663,531,413,1,-1,-1,-1
764,555,1386,662,532,414,1,-1,-1,-1
765,555,1386,662,532,414,1,-1,-1,-1
766,555,1386,662,531,414,1,-1,-1,-1
767,555,1387,663,531,413,1,-1,-1,-1
768,555,1387,663,531,413,1,-1,-1,-1
769,555,1387,663,530,413,1,-1,-1,-1
770,555,1388,663,530,413,1,-1,-1,-1
771,555,1387,663,530,412,1,-1,-1,-1
772,555,1388,664,530,411,1,-1,-1,-1
773,555,1388,663,530,412,1,-1,-1,-1
774,555,1387,662,530,413,1,-1,-1,-1
775,555,1387,662,531,414,1,-1,-1,-1
776,555,1387,662,531,414,1,-1,-1,-1
777,555,1387,662,531,414,1,-1,-1,-1
778,555,1387,662,531,414,1,-1,-1,-1
779,555,1387,662,531,414,1,-1,-1,-1
780,555,1387,663,531,413,1,-1,-1,-1
781,555,1386,663,532,412,1,-1,-1,-1
782,555,1387,663,531,412,1,-1,-1,-1
783,555,1387,663,530,412,1,-1,-1,-1
784,555,1387,663,530,412,1,-1,-1,-1
785,555,1387,663,531,412,1,-1,-1,-1
786,555,1387,663,531,413,1,-1,-1,-1
787,555,1386,662,531,413,1,-1,-1,-1
788,555,1387,662,531,414,1,-1,-1,-1
789,555,1387,662,531,414,1,-1,-1,-1
790,555,1386,662,532,413,1,-1,-1,-1
791,555,1386,661,531,414,1,-1,-1,-1
792,555,1386,661,532,414,1,-1,-1,-1
793,555,1386,663,532,413,1,-1,-1,-1
794,555,1387,663,531,413,1,-1,-1,-1
795,555,1387,663,531,413,1,-1,-1,-1
796,555,1387,662,531,413,1,-1,-1,-1
797,555,1386,663,531,413,1,-1,-1,-1
798,555,1386,662,531,413,1,-1,-1,-1
799,555,1387,662,531,413,1,-1,-1,-1
800,555,1387,662,531,414,1,-1,-1,-1
801,555,1387,663,531,413,1,-1,-1,-1
802,555,1387,662,530,414,1,-1,-1,-1
803,555,1387,662,531,414,1,-1,-1,-1
804,555,1387,663,531,412,1,-1,-1,-1
805,555,1387,664,531,412,1,-1,-1,-1
806,555,1387,664,530,412,1,-1,-1,-1
807,555,1387,664,531,412,1,-1,-1,-1
808,555,1387,664,530,413,1,-1,-1,-1
809,555,1387,664,530,412,1,-1,-1,-1
810,555,1388,663,530,413,1,-1,-1,-1
811,555,1387,663,531,413,1,-1,-1,-1
812,555,1388,661,530,415,1,-1,-1,-1
813,555,1387,661,531,415,1,-1,-1,-1
814,555,1387,661,530,415,1,-1,-1,-1
815,555,1387,661,530,415,1,-1,-1,-1
816,555,1387,661,530,415,1,-1,-1,-1
817,555,1386,661,531,415,1,-1,-1,-1
818,555,1386,662,531,414,1,-1,-1,-1
819,555,1386,662,531,414,1,-1,-1,-1
820,555,1386,662,530,414,1,-1,-1,-1
821,555,1387,663,531,412,1,-1,-1,-1
822,555,1387,663,531,412,1,-1,-1,-1
823,555,1387,663,531,412,1,-1,-1,-1
824,555,1388,662,530,413,1,-1,-1,-1
825,555,1388,661,530,415,1,-1,-1,-1
826,555,1388,661,530,415,1,-1,-1,-1
827,555,1387,661,531,415,1,-1,-1,-1
828,555,1386,662,531,413,1,-1,-1,-1
829,555,1385,662,532,415,1,-1,-1,-1
830,555,1386,662,531,415,1,-1,-1,-1
831,555,1386,663,531,414,1,-1,-1,-1
832,555,1386,663,531,413,1,-1,-1,-1
833,555,1386,662,531,414,1,-1,-1,-1
834,555,1384,662,534,414,1,-1,-1,-1
835,555,1383,659,535,417,1,-1,-1,-1
836,555,1383,658,534,418,1,-1,-1,-1
837,555,1382,657,536,420,1,-1,-1,-1
838,555,1379,654,538,423,1,-1,-1,-1
839,555,1377,651,540,425,1,-1,-1,-1
840,555,1375,647,543,430,1,-1,-1,-1
841,555,1372,641,546,435,1,-1,-1,-1
842,555,1364,639,554,438,1,-1,-1,-1
843,555,1356,632,562,445,1,-1,-1,-1
844,555,1344,625,572,451,1,-1,-1,-1
845,555,1336,614,581,462,1,-1,-1,-1
846,555,1321,609,596,468,1,-1,-1,-1
847,555,1307,601,601,470,1,-1,-1,-1
848,555,1291,589,599,466,1,-1,-1,-1
849,555,1273,579,594,456,1,-1,-1,-1
850,555,1251,573,593,443,1,-1,-1,-1
851,555,1231,559,589,439,1,-1,-1,-1
852,555,1204,548,591,430,1,-1,-1,-1
853,555,1176,540,591,415,1,-1,-1,-1
854,555,1147,529,594,409,1,-1,-1,-1
855,555,1114,520,598,396,1,-1,-1,-1
856,555,1082,510,593,388,1,-1,-1,-1
857,555,1047,502,595,378,1,-1,-1,-1
858,555,1010,490,598,371,1,-1,-1,-1
859,555,969,480,602,363,1,-1,-1,-1
860,555,931,473,600,353,1,-1,-1,-1
861,555,893,468,597,340,1,-1,-1,-1
862,555,846,459,602,332,1,-1,-1,-1
863,555,808,449,596,326,1,-1,-1,-1
864,555,759,444,600,315,1,-1,-1,-1
865,555,715,437,597,309,1,-1,-1,-1
866,555,669,433,593,299,1,-1,-1,-1
867,555,623,426,589,293,1,-1,-1,-1
868,555,576,419,583,285,1,-1,-1,-1
869,555,525,416,582,279,1,-1,-1,-1
870,555,473,413,580,270,1,-1,-1,-1
871,555,426,408,575,266,1,-1,-1,-1
872,555,374,406,572,258,1,-1,-1,-1
873,555,324,405,568,250,1,-1,-1,-1
874,555,276,404,562,244,1,-1,-1,-1
875,555,226,400,552,240,1,-1,-1,-1
876,555,173,401,552,233,1,-1,-1,-1
877,555,123,397,545,231,1,-1,-1,-1
878,555,75,395,534,228,1,-1,-1,-1
879,555,24,399,528,221,1,-1,-1,-1
880,555,1,397,491,220,1,-1,-1,-1
881,555,0,398,436,215,1,-1,-1,-1
882,555,1,396,374,211,1,-1,-1,-1
883,555,1,396,320,206,1,-1,-1,-1
884,555,0,398,261,203,1,-1,-1,-1
885,555,0,433,200,167,1,-1,-1,-1
886,555,0,443,142,149,1,-1,-1,-1
189,559,785,116,35,33,1,-1,-1,-1
190,559,785,118,40,31,1,-1,-1,-1
191,559,787,116,33,33,1,-1,-1,-1
192,559,787,114,34,36,1,-1,-1,-1
193,559,787,118,31,33,1,-1,-1,-1
194,559,787,115,30,33,1,-1,-1,-1
195,559,786,118,31,32,1,-1,-1,-1
196,559,789,122,30,28,1,-1,-1,-1
197,559,790,122,30,28,1,-1,-1,-1
198,559,790,123,30,27,1,-1,-1,-1
199,559,789,122,32,30,1,-1,-1,-1
200,559,789,122,34,31,1,-1,-1,-1
201,559,792,124,35,32,1,-1,-1,-1
202,559,793,121,38,34,1,-1,-1,-1
203,559,794,123,38,34,1,-1,-1,-1
204,559,793,123,41,37,1,-1,-1,-1
205,559,794,124,40,37,1,-1,-1,-1
206,559,795,128,39,34,1,-1,-1,-1
207,559,797,128,40,37,1,-1,-1,-1
208,559,796,130,39,35,1,-1,-1,-1
209,559,798,132,39,36,1,-1,-1,-1
210,559,799,133,39,35,1,-1,-1,-1
211,559,800,131,41,39,1,-1,-1,-1
212,559,802,133,39,39,1,-1,-1,-1
213,559,803,135,38,36,1,-1,-1,-1
214,559,805,132,41,43,1,-1,-1,-1
215,559,807,133,37,42,1,-1,-1,-1
216,559,809,136,37,40,1,-1,-1,-1
217,559,809,133,46,43,1,-1,-1,-1
218,559,813,136,40,42,1,-1,-1,-1
219,559,815,138,40,42,1,-1,-1,-1
220,559,816,139,41,42,1,-1,-1,-1
221,559,820,139,76,49,1,-1,-1,-1
222,559,820,138,42,46,1,-1,-1,-1
223,559,821,140,60,45,1,-1,-1,-1
225,559,824,141,51,42,1,-1,-1,-1
225,562,244,260,61,33,1,-1,-1,-1
226,562,223,259,74,38,1,-1,-1,-1
227,562,194,260,99,37,1,-1,-1,-1
228,562,170,262,101,37,1,-1,-1,-1
229,562,146,265,96,36,1,-1,-1,-1
230,562,118,268,98,36,1,-1,-1,-1
231,562,93,266,98,39,1,-1,-1,-1
232,562,67,271,95,36,1,-1,-1,-1
233,562,42,274,96,36,1,-1,-1,-1
234,562,12,275,101,36,1,-1,-1,-1
235,562,0,278,88,34,1,-1,-1,-1
236,562,0,281,68,30,1,-1,-1,-1
237,562,0,285,38,27,1,-1,-1,-1
238,565,1747,573,172,247,1,-1,-1,-1
239,565,1678,522,242,223,1,-1,-1,-1
240,565,1616,478,303,203,1,-1,-1,-1
241,565,1564,445,288,184,1,-1,-1,-1
242,565,1516,414,264,171,1,-1,-1,-1
243,565,1474,389,244,156,1,-1,-1,-1
244,565,1438,365,225,147,1,-1,-1,-1
245,565,1407,343,208,137,1,-1,-1,-1
246,565,1377,323,195,131,1,-1,-1,-1
247,565,1348,308,183,121,1,-1,-1,-1
248,565,1325,293,170,114,1,-1,-1,-1
249,565,1305,281,157,107,1,-1,-1,-1
250,565,1282,270,153,101,1,-1,-1,-1
251,565,1266,258,141,98,1,-1,-1,-1
252,565,1250,248,134,93,1,-1,-1,-1
253,565,1235,241,127,85,1,-1,-1,-1
254,565,1221,232,122,83,1,-1,-1,-1
255,565,1208,222,118,83,1,-1,-1,-1
256,565,1194,216,114,77,1,-1,-1,-1
257,565,1184,208,107,76,1,-1,-1,-1
258,565,1171,203,107,72,1,-1,-1,-1
259,565,1162,197,100,68,1,-1,-1,-1
260,565,1151,193,97,67,1,-1,-1,-1
261,565,1142,188,93,65,1,-1,-1,-1
262,565,1131,182,91,63,1,-1,-1,-1
263,565,1127,177,84,63,1,-1,-1,-1
264,565,1117,176,83,58,1,-1,-1,-1
265,565,1107,171,83,58,1,-1,-1,-1
266,565,1101,169,80,53,1,-1,-1,-1
267,565,1092,161,80,57,1,-1,-1,-1
268,565,1086,159,77,54,1,-1,-1,-1
269,565,1082,159,71,51,1,-1,-1,-1
270,565,1073,156,72,50,1,-1,-1,-1
271,565,1067,153,71,49,1,-1,-1,-1
272,565,1060,150,69,48,1,-1,-1,-1
273,565,1055,150,66,44,1,-1,-1,-1
274,565,1049,147,66,45,1,-1,-1,-1
275,565,1043,143,63,44,1,-1,-1,-1
276,565,1038,142,63,43,1,-1,-1,-1
277,565,1034,141,60,40,1,-1,-1,-1
278,565,1027,139,61,39,1,-1,-1,-1
279,565,1023,139,57,38,1,-1,-1,-1
280,565,1018,137,57,38,1,-1,-1,-1
281,565,1014,132,56,40,1,-1,-1,-1
282,565,1009,130,55,40,1,-1,-1,-1
283,565,1007,131,54,37,1,-1,-1,-1
284,565,1002,128,52,38,1,-1,-1,-1
285,565,1001,127,49,36,1,-1,-1,-1
286,565,996,126,51,35,1,-1,-1,-1
287,565,994,126,50,34,1,-1,-1,-1
288,565,989,126,48,32,1,-1,-1,-1
289,565,986,123,48,33,1,-1,-1,-1
290,565,982,123,49,31,1,-1,-1,-1
291,565,981,122,46,30,1,-1,-1,-1
292,565,979,120,44,30,1,-1,-1,-1
293,565,977,119,43,28,1,-1,-1,-1
294,565,976,119,41,28,1,-1,-1,-1
295,565,975,117,40,28,1,-1,-1,-1
296,565,972,116,40,28,1,-1,-1,-1
297,565,970,114,41,29,1,-1,-1,-1
298,565,967,115,40,27,1,-1,-1,-1
299,565,964,116,38,26,1,-1,-1,-1
300,565,963,114,37,25,1,-1,-1,-1
301,565,960,113,37,26,1,-1,-1,-1
302,565,957,112,37,27,1,-1,-1,-1
303,565,955,111,38,28,1,-1,-1,-1
304,565,951,111,38,27,1,-1,-1,-1
305,565,948,110,38,27,1,-1,-1,-1
306,565,946,110,37,27,1,-1,-1,-1
307,565,945,110,36,26,1,-1,-1,-1
308,565,943,109,34,26,1,-1,-1,-1
309,565,941,109,31,25,1,-1,-1,-1
310,565,940,108,31,26,1,-1,-1,-1
311,565,937,109,31,25,1,-1,-1,-1
312,565,935,108,30,26,1,-1,-1,-1
313,565,932,107,31,26,1,-1,-1,-1
314,565,928,107,33,25,1,-1,-1,-1
315,565,925,107,32,25,1,-1,-1,-1
316,565,921,108,31,24,1,-1,-1,-1
317,565,918,107,30,24,1,-1,-1,-1
318,565,915,106,30,25,1,-1,-1,-1
319,565,913,107,29,24,1,-1,-1,-1
320,565,908,106,30,24,1,-1,-1,-1
322,565,898,105,33,24,1,-1,-1,-1
323,565,895,105,32,24,1,-1,-1,-1
324,565,893,105,29,25,1,-1,-1,-1
325,565,888,105,31,25,1,-1,-1,-1
326,565,884,106,32,25,1,-1,-1,-1
327,565,879,105,32,25,1,-1,-1,-1
328,565,875,104,31,26,1,-1,-1,-1
329,565,869,106,32,25,1,-1,-1,-1
330,565,865,105,31,24,1,-1,-1,-1
331,565,861,104,32,24,1,-1,-1,-1
332,565,858,104,32,25,1,-1,-1,-1
333,565,853,104,29,25,1,-1,-1,-1
334,565,848,106,29,24,1,-1,-1,-1
335,565,845,105,27,24,1,-1,-1,-1
336,565,838,104,30,24,1,-1,-1,-1
337,565,835,104,29,25,1,-1,-1,-1
338,565,830,104,30,26,1,-1,-1,-1
339,565,826,105,30,23,1,-1,-1,-1
340,565,819,104,32,25,1,-1,-1,-1
341,565,817,104,27,24,1,-1,-1,-1
342,565,810,104,30,24,1,-1,-1,-1
343,565,808,105,28,23,1,-1,-1,-1
344,565,801,105,30,22,1,-1,-1,-1
345,565,800,105,27,22,1,-1,-1,-1
346,565,796,105,27,23,1,-1,-1,-1
375,565,658,109,32,26,1,-1,-1,-1
376,565,662,110,32,25,1,-1,-1,-1
239,566,708,107,39,24,1,-1,-1,-1
240,566,712,106,35,25,1,-1,-1,-1
241,566,721,107,27,25,1,-1,-1,-1
242,566,722,107,29,25,1,-1,-1,-1
243,566,724,108,29,23,1,-1,-1,-1
244,566,727,109,30,23,1,-1,-1,-1
245,566,730,110,31,23,1,-1,-1,-1
246,566,734,112,30,23,1,-1,-1,-1
247,566,738,113,30,23,1,-1,-1,-1
248,566,742,114,29,23,1,-1,-1,-1
249,566,745,113,27,23,1,-1,-1,-1
250,566,747,112,27,23,1,-1,-1,-1
251,566,750,107,35,27,1,-1,-1,-1
252,566,752,107,32,26,1,-1,-1,-1
253,566,757,107,29,27,1,-1,-1,-1
254,566,758,106,30,28,1,-1,-1,-1
255,566,756,107,34,28,1,-1,-1,-1
256,566,758,111,34,26,1,-1,-1,-1
257,566,764,112,31,25,1,-1,-1,-1
261,566,769,115,30,24,1,-1,-1,-1
262,566,769,115,30,23,1,-1,-1,-1
263,566,772,115,28,23,1,-1,-1,-1
264,566,773,115,28,23,1,-1,-1,-1
265,566,772,115,30,24,1,-1,-1,-1
266,566,773,115,30,25,1,-1,-1,-1
267,566,774,116,30,24,1,-1,-1,-1
268,566,774,117,32,23,1,-1,-1,-1
269,566,774,117,32,23,1,-1,-1,-1
270,566,774,117,33,23,1,-1,-1,-1
271,566,774,116,33,24,1,-1,-1,-1
272,566,774,119,34,22,1,-1,-1,-1
273,566,773,119,36,23,1,-1,-1,-1
274,566,773,119,34,24,1,-1,-1,-1
275,566,774,119,33,25,1,-1,-1,-1
276,566,773,121,33,25,1,-1,-1,-1
277,566,771,120,34,28,1,-1,-1,-1
278,566,771,119,36,29,1,-1,-1,-1
279,566,770,119,37,31,1,-1,-1,-1
280,566,770,121,34,30,1,-1,-1,-1
281,566,767,125,36,27,1,-1,-1,-1
282,566,766,126,37,28,1,-1,-1,-1
283,566,765,125,38,30,1,-1,-1,-1
284,566,763,124,41,34,1,-1,-1,-1
285,566,761,126,43,34,1,-1,-1,-1
286,566,761,126,44,35,1,-1,-1,-1
287,566,759,128,46,35,1,-1,-1,-1
288,566,755,130,48,39,1,-1,-1,-1
289,566,756,135,47,35,1,-1,-1,-1
290,566,754,136,47,37,1,-1,-1,-1
291,566,752,137,48,38,1,-1,-1,-1
292,566,749,139,50,39,1,-1,-1,-1
293,566,747,138,50,43,1,-1,-1,-1
294,566,745,139,54,44,1,-1,-1,-1
295,566,743,142,52,45,1,-1,-1,-1
296,566,740,147,55,43,1,-1,-1,-1
297,566,737,148,57,44,1,-1,-1,-1
298,566,734,149,58,46,1,-1,-1,-1
299,566,732,150,58,48,1,-1,-1,-1
300,566,730,156,60,46,1,-1,-1,-1
301,566,725,157,63,50,1,-1,-1,-1
302,566,723,160,63,53,1,-1,-1,-1
303,566,718,164,64,52,1,-1,-1,-1
304,566,715,168,66,55,1,-1,-1,-1
305,566,709,171,70,57,1,-1,-1,-1
306,566,705,176,75,59,1,-1,-1,-1
307,566,701,181,76,60,1,-1,-1,-1
308,566,699,186,77,62,1,-1,-1,-1
309,566,693,190,81,66,1,-1,-1,-1
310,566,686,195,84,69,1,-1,-1,-1
311,566,682,204,86,72,1,-1,-1,-1
312,566,677,208,88,77,1,-1,-1,-1
313,566,669,216,94,80,1,-1,-1,-1
314,566,662,224,97,84,1,-1,-1,-1
315,566,651,232,106,90,1,-1,-1,-1
316,566,643,244,110,91,1,-1,-1,-1
317,566,633,255,118,100,1,-1,-1,-1
318,566,622,267,123,105,1,-1,-1,-1
319,566,610,281,131,113,1,-1,-1,-1
320,566,597,295,140,123,1,-1,-1,-1
321,566,581,311,150,136,1,-1,-1,-1
322,566,562,332,165,146,1,-1,-1,-1
323,566,542,359,178,157,1,-1,-1,-1
324,566,517,386,193,175,1,-1,-1,-1
325,566,492,419,209,195,1,-1,-1,-1
326,566,460,460,226,219,1,-1,-1,-1
327,566,420,509,253,249,1,-1,-1,-1
328,566,371,566,286,293,1,-1,-1,-1
329,566,311,638,328,350,1,-1,-1,-1
330,566,233,725,379,352,1,-1,-1,-1
331,566,135,839,446,237,1,-1,-1,-1
254,569,680,109,33,26,1,-1,-1,-1
255,569,689,110,25,26,1,-1,-1,-1
256,569,691,110,26,27,1,-1,-1,-1
259,569,700,114,26,25,1,-1,-1,-1
264,569,712,113,26,25,1,-1,-1,-1
265,569,714,112,26,26,1,-1,-1,-1
266,569,715,112,26,27,1,-1,-1,-1
267,569,716,111,25,28,1,-1,-1,-1
268,569,716,113,28,25,1,-1,-1,-1
269,569,718,114,28,25,1,-1,-1,-1
273,569,725,118,30,24,1,-1,-1,-1
274,569,725,118,27,24,1,-1,-1,-1
278,569,725,120,28,25,1,-1,-1,-1
279,569,724,119,30,25,1,-1,-1,-1
280,569,725,121,28,25,1,-1,-1,-1
281,569,726,122,28,25,1,-1,-1,-1
282,569,724,122,29,25,1,-1,-1,-1
283,569,724,121,32,25,1,-1,-1,-1
284,569,723,122,31,25,1,-1,-1,-1
285,569,723,122,31,26,1,-1,-1,-1
286,569,721,123,32,26,1,-1,-1,-1
287,569,718,124,34,25,1,-1,-1,-1
288,569,717,122,33,27,1,-1,-1,-1
289,569,715,126,36,25,1,-1,-1,-1
290,569,713,125,36,27,1,-1,-1,-1
291,569,710,124,37,27,1,-1,-1,-1
292,569,709,125,37,28,1,-1,-1,-1
293,569,709,126,36,29,1,-1,-1,-1
294,569,706,126,40,30,1,-1,-1,-1
295,569,703,129,40,28,1,-1,-1,-1
296,569,703,128,40,30,1,-1,-1,-1
297,569,701,129,43,30,1,-1,-1,-1
298,569,697,130,43,31,1,-1,-1,-1
299,569,696,129,42,34,1,-1,-1,-1
300,569,692,130,45,35,1,-1,-1,-1
301,569,690,129,45,40,1,-1,-1,-1
302,569,688,130,46,42,1,-1,-1,-1
303,569,685,133,47,43,1,-1,-1,-1
304,569,680,135,49,41,1,-1,-1,-1
305,569,679,137,48,42,1,-1,-1,-1
306,569,676,138,49,43,1,-1,-1,-1
307,569,673,138,51,45,1,-1,-1,-1
308,569,668,140,54,44,1,-1,-1,-1
309,569,667,142,53,46,1,-1,-1,-1
310,569,664,142,54,47,1,-1,-1,-1
311,569,660,143,55,50,1,-1,-1,-1
312,569,657,147,54,49,1,-1,-1,-1
313,569,651,148,57,51,1,-1,-1,-1
314,569,646,151,59,52,1,-1,-1,-1
315,569,640,151,61,55,1,-1,-1,-1
316,569,635,156,63,55,1,-1,-1,-1
317,569,631,159,63,56,1,-1,-1,-1
318,569,625,162,65,58,1,-1,-1,-1
319,569,620,165,66,57,1,-1,-1,-1
320,569,613,168,70,60,1,-1,-1,-1
321,569,608,173,71,60,1,-1,-1,-1
322,569,602,176,73,62,1,-1,-1,-1
323,569,596,178,75,67,1,-1,-1,-1
324,569,587,183,79,68,1,-1,-1,-1
325,569,579,190,80,68,1,-1,-1,-1
326,569,571,192,83,73,1,-1,-1,-1
327,569,560,200,86,74,1,-1,-1,-1
328,569,551,204,89,79,1,-1,-1,-1
329,569,539,210,94,84,1,-1,-1,-1
330,569,528,218,97,86,1,-1,-1,-1
331,569,512,226,105,87,1,-1,-1,-1
332,569,499,233,109,94,1,-1,-1,-1
333,569,485,240,113,100,1,-1,-1,-1
334,569,469,250,120,106,1,-1,-1,-1
335,569,450,260,126,110,1,-1,-1,-1
336,569,431,271,133,119,1,-1,-1,-1
337,569,408,284,140,125,1,-1,-1,-1
338,569,385,297,149,134,1,-1,-1,-1
339,569,358,316,163,140,1,-1,-1,-1
340,569,327,335,170,151,1,-1,-1,-1
341,569,292,355,184,164,1,-1,-1,-1
342,569,252,375,198,181,1,-1,-1,-1
343,569,205,403,219,196,1,-1,-1,-1
344,569,152,432,239,222,1,-1,-1,-1
345,569,90,471,266,240,1,-1,-1,-1
346,569,16,509,303,276,1,-1,-1,-1
347,569,0,561,267,310,1,-1,-1,-1
348,569,1,625,208,353,1,-1,-1,-1
349,569,0,693,141,308,1,-1,-1,-1
297,574,1815,468,104,130,1,-1,-1,-1
298,574,1754,431,165,153,1,-1,-1,-1
299,574,1701,408,218,139,1,-1,-1,-1
300,574,1653,385,248,133,1,-1,-1,-1
301,574,1610,362,230,126,1,-1,-1,-1
302,574,1570,344,216,117,1,-1,-1,-1
303,574,1534,327,204,113,1,-1,-1,-1
304,574,1502,315,189,105,1,-1,-1,-1
305,574,1473,301,179,99,1,-1,-1,-1
306,574,1446,288,169,95,1,-1,-1,-1
307,574,1422,277,162,91,1,-1,-1,-1
308,574,1398,267,153,87,1,-1,-1,-1
309,574,1378,258,144,83,1,-1,-1,-1
310,574,1360,245,137,83,1,-1,-1,-1
311,574,1343,240,130,77,1,-1,-1,-1
312,574,1326,234,125,72,1,-1,-1,-1
313,574,1309,224,122,74,1,-1,-1,-1
314,574,1294,220,116,67,1,-1,-1,-1
315,574,1280,214,112,66,1,-1,-1,-1
316,574,1267,208,106,65,1,-1,-1,-1
317,574,1255,204,103,62,1,-1,-1,-1
318,574,1244,199,99,60,1,-1,-1,-1
319,574,1233,194,97,58,1,-1,-1,-1
320,574,1224,189,93,58,1,-1,-1,-1
321,574,1216,186,88,54,1,-1,-1,-1
322,574,1206,181,87,53,1,-1,-1,-1
323,574,1199,175,84,54,1,-1,-1,-1
324,574,1192,173,81,52,1,-1,-1,-1
325,574,1184,171,79,51,1,-1,-1,-1
326,574,1175,168,80,47,1,-1,-1,-1
327,574,1168,165,77,47,1,-1,-1,-1
328,574,1161,164,75,44,1,-1,-1,-1
329,574,1156,161,73,44,1,-1,-1,-1
330,574,1151,158,68,43,1,-1,-1,-1
331,574,1142,158,68,41,1,-1,-1,-1
332,574,1135,155,68,41,1,-1,-1,-1
333,574,1131,152,66,40,1,-1,-1,-1
334,574,1125,149,65,39,1,-1,-1,-1
335,574,1123,147,61,37,1,-1,-1,-1
336,574,1116,144,60,37,1,-1,-1,-1
337,574,1109,143,64,37,1,-1,-1,-1
338,574,1105,140,60,38,1,-1,-1,-1
339,574,1098,140,61,36,1,-1,-1,-1
340,574,1093,137,59,37,1,-1,-1,-1
341,574,1089,136,55,34,1,-1,-1,-1
342,574,1083,134,57,34,1,-1,-1,-1
343,574,1077,134,57,33,1,-1,-1,-1
344,574,1071,133,55,29,1,-1,-1,-1
345,574,1069,132,53,31,1,-1,-1,-1
346,574,1065,130,51,31,1,-1,-1,-1
347,574,1060,129,51,34,1,-1,-1,-1
348,574,1055,128,52,30,1,-1,-1,-1
349,574,1052,127,50,32,1,-1,-1,-1
350,574,1047,127,52,31,1,-1,-1,-1
351,574,1045,123,49,32,1,-1,-1,-1
352,574,1041,121,48,37,1,-1,-1,-1
353,574,1036,119,50,43,1,-1,-1,-1
354,574,1034,119,49,35,1,-1,-1,-1
359,574,1014,115,51,35,1,-1,-1,-1
312,576,1811,623,107,216,1,-1,-1,-1
313,576,1744,566,175,292,1,-1,-1,-1
314,576,1686,526,233,277,1,-1,-1,-1
315,576,1633,490,285,254,1,-1,-1,-1
316,576,1584,462,335,233,1,-1,-1,-1
317,576,1543,434,334,220,1,-1,-1,-1
318,576,1503,411,313,206,1,-1,-1,-1
319,576,1468,387,291,196,1,-1,-1,-1
320,576,1435,367,273,184,1,-1,-1,-1
321,576,1407,346,254,178,1,-1,-1,-1
322,576,1377,330,242,166,1,-1,-1,-1
323,576,1352,317,229,155,1,-1,-1,-1
324,576,1329,302,214,149,1,-1,-1,-1
325,576,1306,291,205,140,1,-1,-1,-1
326,576,1285,278,193,135,1,-1,-1,-1
327,576,1265,271,184,127,1,-1,-1,-1
328,576,1247,261,176,123,1,-1,-1,-1
329,576,1232,249,166,120,1,-1,-1,-1
330,576,1216,244,160,113,1,-1,-1,-1
331,576,1203,235,149,108,1,-1,-1,-1
332,576,1186,226,149,106,1,-1,-1,-1
333,576,1175,220,141,99,1,-1,-1,-1
334,576,1162,215,136,94,1,-1,-1,-1
335,576,1150,208,131,93,1,-1,-1,-1
336,576,1142,202,124,89,1,-1,-1,-1
337,576,1134,195,119,88,1,-1,-1,-1
338,576,1122,192,116,84,1,-1,-1,-1
339,576,1113,186,113,84,1,-1,-1,-1
340,576,1106,182,107,80,1,-1,-1,-1
341,576,1097,178,105,79,1,-1,-1,-1
342,576,1093,174,97,75,1,-1,-1,-1
343,576,1081,173,101,70,1,-1,-1,-1
344,576,1075,169,97,70,1,-1,-1,-1
345,576,1072,165,90,69,1,-1,-1,-1
346,576,1063,163,90,65,1,-1,-1,-1
347,576,1060,159,87,65,1,-1,-1,-1
348,576,1057,158,83,61,1,-1,-1,-1
349,576,1054,157,81,57,1,-1,-1,-1
350,576,1049,153,78,58,1,-1,-1,-1
351,576,1045,152,76,55,1,-1,-1,-1
352,576,1040,149,74,55,1,-1,-1,-1
353,576,1036,150,73,50,1,-1,-1,-1
354,576,1034,146,68,52,1,-1,-1,-1
355,576,1027,144,70,50,1,-1,-1,-1
356,576,1025,144,66,47,1,-1,-1,-1
357,576,1023,141,63,47,1,-1,-1,-1
358,576,1019,132,61,53,1,-1,-1,-1
359,576,1016,136,60,47,1,-1,-1,-1
360,576,1012,131,62,49,1,-1,-1,-1
361,576,1010,126,61,52,1,-1,-1,-1
362,576,1008,133,59,43,1,-1,-1,-1
363,576,1003,121,58,51,1,-1,-1,-1
364,576,1001,120,56,50,1,-1,-1,-1
365,576,999,119,55,51,1,-1,-1,-1
366,576,996,117,53,50,1,-1,-1,-1
367,576,993,117,53,47,1,-1,-1,-1
368,576,990,115,53,48,1,-1,-1,-1
369,576,987,111,53,49,1,-1,-1,-1
370,576,985,112,54,49,1,-1,-1,-1
371,576,982,114,54,44,1,-1,-1,-1
372,576,980,113,50,43,1,-1,-1,-1
373,576,980,110,46,44,1,-1,-1,-1
374,576,978,111,46,42,1,-1,-1,-1
375,576,976,110,45,42,1,-1,-1,-1
376,576,975,110,44,39,1,-1,-1,-1
377,576,974,109,43,39,1,-1,-1,-1
378,576,970,109,44,37,1,-1,-1,-1
379,576,967,108,45,38,1,-1,-1,-1
380,576,964,109,45,37,1,-1,-1,-1
381,576,961,108,44,35,1,-1,-1,-1
382,576,959,108,43,35,1,-1,-1,-1
383,576,956,108,43,33,1,-1,-1,-1
384,576,953,108,43,32,1,-1,-1,-1
385,576,949,108,44,33,1,-1,-1,-1
386,576,945,106,46,34,1,-1,-1,-1
387,576,943,106,44,33,1,-1,-1,-1
388,576,941,106,44,32,1,-1,-1,-1
389,576,938,106,44,30,1,-1,-1,-1
390,576,933,106,47,29,1,-1,-1,-1
391,576,928,105,50,30,1,-1,-1,-1
392,576,927,105,46,28,1,-1,-1,-1
393,576,926,105,45,27,1,-1,-1,-1
394,576,922,105,45,28,1,-1,-1,-1
395,576,920,104,45,28,1,-1,-1,-1
396,576,917,105,45,27,1,-1,-1,-1
397,576,918,105,41,27,1,-1,-1,-1
398,576,913,104,44,28,1,-1,-1,-1
399,576,912,104,43,27,1,-1,-1,-1
400,576,892,103,58,25,1,-1,-1,-1
401,576,913,102,31,26,1,-1,-1,-1
402,576,913,102,29,26,1,-1,-1,-1
403,576,905,104,34,26,1,-1,-1,-1
404,576,898,104,37,26,1,-1,-1,-1
405,576,899,105,34,25,1,-1,-1,-1
406,576,896,103,34,27,1,-1,-1,-1
407,576,896,104,30,24,1,-1,-1,-1
408,576,892,102,31,26,1,-1,-1,-1
409,576,887,102,32,26,1,-1,-1,-1
410,576,881,101,32,28,1,-1,-1,-1
411,576,880,104,28,27,1,-1,-1,-1
412,576,876,104,30,26,1,-1,-1,-1
413,576,869,103,32,27,1,-1,-1,-1
414,576,866,102,32,27,1,-1,-1,-1
415,576,861,103,33,25,1,-1,-1,-1
416,576,857,103,34,25,1,-1,-1,-1
417,576,855,103,32,26,1,-1,-1,-1
418,576,849,103,34,26,1,-1,-1,-1
419,576,845,103,34,25,1,-1,-1,-1
420,576,842,104,30,25,1,-1,-1,-1
421,576,838,101,28,26,1,-1,-1,-1
422,576,831,103,31,25,1,-1,-1,-1
423,576,830,103,30,25,1,-1,-1,-1
424,576,827,104,30,24,1,-1,-1,-1
426,576,818,103,28,24,1,-1,-1,-1
427,576,808,103,33,23,1,-1,-1,-1
429,576,804,104,28,23,1,-1,-1,-1
433,576,776,103,37,22,1,-1,-1,-1
434,576,777,103,32,21,1,-1,-1,-1
435,576,777,103,29,21,1,-1,-1,-1
329,577,1836,449,83,132,1,-1,-1,-1
330,577,1770,416,149,155,1,-1,-1,-1
331,577,1712,382,208,150,1,-1,-1,-1
332,577,1660,362,233,136,1,-1,-1,-1
333,577,1613,340,216,128,1,-1,-1,-1
334,577,1570,318,204,124,1,-1,-1,-1
335,577,1533,305,189,115,1,-1,-1,-1
336,577,1499,291,176,107,1,-1,-1,-1
337,577,1469,278,164,99,1,-1,-1,-1
338,577,1439,264,157,98,1,-1,-1,-1
339,577,1414,256,146,91,1,-1,-1,-1
340,577,1390,244,138,87,1,-1,-1,-1
341,577,1367,235,133,84,1,-1,-1,-1
342,577,1347,229,125,80,1,-1,-1,-1
343,577,1325,220,123,76,1,-1,-1,-1
344,577,1308,213,116,75,1,-1,-1,-1
345,577,1292,209,110,70,1,-1,-1,-1
346,577,1279,202,102,67,1,-1,-1,-1
347,577,1264,195,100,66,1,-1,-1,-1
348,577,1249,190,97,63,1,-1,-1,-1
349,577,1236,185,95,61,1,-1,-1,-1
350,577,1225,181,90,58,1,-1,-1,-1
351,577,1216,177,86,57,1,-1,-1,-1
352,577,1204,172,84,56,1,-1,-1,-1
353,577,1196,169,81,54,1,-1,-1,-1
354,577,1187,166,77,53,1,-1,-1,-1
355,577,1176,163,76,50,1,-1,-1,-1
356,577,1170,161,71,48,1,-1,-1,-1
357,577,1157,156,74,48,1,-1,-1,-1
358,577,1154,152,68,49,1,-1,-1,-1
359,577,1148,152,65,45,1,-1,-1,-1
360,577,1138,150,65,45,1,-1,-1,-1
361,577,1132,148,64,44,1,-1,-1,-1
362,577,1128,144,61,43,1,-1,-1,-1
363,577,1122,141,60,41,1,-1,-1,-1
364,577,1116,141,58,40,1,-1,-1,-1
365,577,1110,140,59,38,1,-1,-1,-1
366,577,1106,137,57,39,1,-1,-1,-1
367,577,1099,135,56,38,1,-1,-1,-1
368,577,1095,132,52,39,1,-1,-1,-1
369,577,1090,131,52,38,1,-1,-1,-1
370,577,1085,129,49,38,1,-1,-1,-1
371,577,1080,128,51,35,1,-1,-1,-1
372,577,1072,127,52,35,1,-1,-1,-1
373,577,1069,127,50,35,1,-1,-1,-1
374,577,1066,125,50,35,1,-1,-1,-1
375,577,1063,125,50,35,1,-1,-1,-1
376,577,1062,121,44,34,1,-1,-1,-1
377,577,1058,120,44,31,1,-1,-1,-1
378,577,1054,119,43,29,1,-1,-1,-1
379,577,1051,117,43,31,1,-1,-1,-1
380,577,1049,116,43,33,1,-1,-1,-1
381,577,1045,116,44,32,1,-1,-1,-1
382,577,1041,117,45,33,1,-1,-1,-1
383,577,1038,115,41,32,1,-1,-1,-1
384,577,1034,116,43,30,1,-1,-1,-1
385,577,1028,116,46,30,1,-1,-1,-1
343,580,1825,421,94,155,1,-1,-1,-1
344,580,1759,384,161,184,1,-1,-1,-1
345,580,1698,359,220,171,1,-1,-1,-1
346,580,1643,335,259,159,1,-1,-1,-1
347,580,1596,314,240,150,1,-1,-1,-1
348,580,1553,293,222,143,1,-1,-1,-1
349,580,1514,280,207,132,1,-1,-1,-1
350,580,1480,267,192,125,1,-1,-1,-1
351,580,1449,252,183,121,1,-1,-1,-1
352,580,1418,241,171,115,1,-1,-1,-1
353,580,1391,231,161,109,1,-1,-1,-1
354,580,1368,222,152,103,1,-1,-1,-1
355,580,1345,215,145,99,1,-1,-1,-1
356,580,1324,207,135,96,1,-1,-1,-1
357,580,1305,202,128,87,1,-1,-1,-1
358,580,1286,196,122,83,1,-1,-1,-1
359,580,1270,190,119,80,1,-1,-1,-1
360,580,1254,184,113,77,1,-1,-1,-1
361,580,1240,177,108,75,1,-1,-1,-1
362,580,1227,174,103,70,1,-1,-1,-1
363,580,1215,172,97,63,1,-1,-1,-1
364,580,1204,165,93,64,1,-1,-1,-1
365,580,1192,163,90,58,1,-1,-1,-1
366,580,1182,159,87,57,1,-1,-1,-1
367,580,1174,156,86,55,1,-1,-1,-1
368,580,1173,152,72,41,1,-1,-1,-1
369,580,1156,145,78,62,1,-1,-1,-1
370,580,1150,145,72,49,1,-1,-1,-1
371,580,1145,141,67,48,1,-1,-1,-1
372,580,1135,143,71,45,1,-1,-1,-1
373,580,1140,139,56,33,1,-1,-1,-1
374,580,1133,138,53,36,1,-1,-1,-1
375,580,1123,137,59,44,1,-1,-1,-1
376,580,1113,132,62,47,1,-1,-1,-1
377,580,1117,130,51,50,1,-1,-1,-1
378,580,1108,131,54,44,1,-1,-1,-1
379,580,1104,130,50,39,1,-1,-1,-1
380,580,1095,128,54,42,1,-1,-1,-1
381,580,1095,127,47,40,1,-1,-1,-1
382,580,1084,123,53,42,1,-1,-1,-1
383,580,1084,122,47,40,1,-1,-1,-1
384,580,1081,119,40,42,1,-1,-1,-1
385,580,1077,120,41,37,1,-1,-1,-1
386,580,1069,117,44,37,1,-1,-1,-1
387,580,1066,118,42,35,1,-1,-1,-1
388,580,1063,116,43,36,1,-1,-1,-1
389,580,1057,115,40,33,1,-1,-1,-1
390,580,1053,114,42,33,1,-1,-1,-1
391,580,1052,112,40,33,1,-1,-1,-1
392,580,1049,113,37,30,1,-1,-1,-1
393,580,1044,112,41,30,1,-1,-1,-1
394,580,1040,109,39,32,1,-1,-1,-1
395,580,1036,109,39,31,1,-1,-1,-1
396,580,1033,109,37,31,1,-1,-1,-1
397,580,1030,106,36,34,1,-1,-1,-1
398,580,1024,105,39,34,1,-1,-1,-1
399,580,1021,105,37,32,1,-1,-1,-1
400,580,1019,104,35,33,1,-1,-1,-1
401,580,1018,103,33,32,1,-1,-1,-1
402,580,1012,101,36,31,1,-1,-1,-1
403,580,1009,102,34,31,1,-1,-1,-1
404,580,1006,102,33,31,1,-1,-1,-1
405,580,1004,101,34,31,1,-1,-1,-1
406,580,999,101,34,31,1,-1,-1,-1
407,580,997,101,33,30,1,-1,-1,-1
408,580,995,101,31,29,1,-1,-1,-1
409,580,992,100,30,31,1,-1,-1,-1
410,580,984,99,35,30,1,-1,-1,-1
411,580,983,101,32,28,1,-1,-1,-1
413,580,959,103,47,28,1,-1,-1,-1
414,580,974,100,30,30,1,-1,-1,-1
415,580,973,96,27,32,1,-1,-1,-1
349,581,1764,567,154,232,1,-1,-1,-1
350,581,1690,510,229,298,1,-1,-1,-1
351,581,1620,465,300,256,1,-1,-1,-1
352,581,1565,423,353,247,1,-1,-1,-1
353,581,1514,396,330,222,1,-1,-1,-1
354,581,1469,367,301,206,1,-1,-1,-1
355,581,1429,344,276,191,1,-1,-1,-1
356,581,1394,323,253,176,1,-1,-1,-1
357,581,1362,305,233,163,1,-1,-1,-1
358,581,1333,290,217,152,1,-1,-1,-1
359,581,1306,273,205,144,1,-1,-1,-1
360,581,1283,260,192,137,1,-1,-1,-1
361,581,1261,249,179,130,1,-1,-1,-1
362,581,1241,237,169,126,1,-1,-1,-1
363,581,1223,232,160,114,1,-1,-1,-1
364,581,1206,218,152,113,1,-1,-1,-1
365,581,1191,208,143,110,1,-1,-1,-1
366,581,1175,197,138,108,1,-1,-1,-1
367,581,1162,191,132,104,1,-1,-1,-1
368,581,1151,190,124,95,1,-1,-1,-1
369,581,1138,184,117,92,1,-1,-1,-1
370,581,1124,176,115,91,1,-1,-1,-1
371,581,1117,175,108,84,1,-1,-1,-1
372,581,1107,171,105,80,1,-1,-1,-1
373,581,1098,165,100,80,1,-1,-1,-1
374,581,1091,165,93,72,1,-1,-1,-1
375,581,1085,162,92,70,1,-1,-1,-1
376,581,1076,154,89,74,1,-1,-1,-1
377,581,1070,153,85,68,1,-1,-1,-1
378,581,1062,153,84,62,1,-1,-1,-1
379,581,1056,150,83,61,1,-1,-1,-1
380,581,1055,152,73,54,1,-1,-1,-1
381,581,1048,149,75,54,1,-1,-1,-1
382,581,1044,146,70,53,1,-1,-1,-1
383,581,1041,144,65,50,1,-1,-1,-1
384,581,1031,130,66,63,1,-1,-1,-1
385,581,1029,138,65,49,1,-1,-1,-1
386,581,1024,135,64,49,1,-1,-1,-1
387,581,1021,123,60,57,1,-1,-1,-1
388,581,1017,122,59,55,1,-1,-1,-1
389,581,1015,124,57,52,1,-1,-1,-1
390,581,1011,118,57,54,1,-1,-1,-1
391,581,1006,116,57,54,1,-1,-1,-1
392,581,1003,115,56,54,1,-1,-1,-1
393,581,999,117,54,50,1,-1,-1,-1
394,581,998,109,50,55,1,-1,-1,-1
395,581,994,111,51,51,1,-1,-1,-1
396,581,991,110,51,50,1,-1,-1,-1
397,581,988,110,50,47,1,-1,-1,-1
398,581,985,109,50,47,1,-1,-1,-1
399,581,982,108,46,45,1,-1,-1,-1
400,581,978,109,46,41,1,-1,-1,-1
401,581,977,107,45,42,1,-1,-1,-1
402,581,975,108,42,40,1,-1,-1,-1
403,581,973,107,41,38,1,-1,-1,-1
404,581,969,107,41,38,1,-1,-1,-1
405,581,966,107,44,37,1,-1,-1,-1
406,581,963,105,42,39,1,-1,-1,-1
407,581,959,105,42,37,1,-1,-1,-1
408,581,954,105,46,35,1,-1,-1,-1
409,581,952,102,47,37,1,-1,-1,-1
410,581,951,107,44,32,1,-1,-1,-1
411,581,948,107,44,32,1,-1,-1,-1
412,581,941,105,45,31,1,-1,-1,-1
413,581,945,109,42,27,1,-1,-1,-1
414,581,933,104,44,29,1,-1,-1,-1
415,581,931,104,46,29,1,-1,-1,-1
416,581,935,104,43,27,1,-1,-1,-1
417,581,939,103,42,30,1,-1,-1,-1
418,581,932,104,37,28,1,-1,-1,-1
419,581,934,104,44,29,1,-1,-1,-1
420,581,931,104,44,28,1,-1,-1,-1
421,581,928,104,40,27,1,-1,-1,-1
422,581,925,104,41,26,1,-1,-1,-1
423,581,921,104,43,27,1,-1,-1,-1
424,581,918,103,42,28,1,-1,-1,-1
425,581,914,101,42,28,1,-1,-1,-1
426,581,909,102,39,28,1,-1,-1,-1
427,581,906,103,41,26,1,-1,-1,-1
428,581,904,103,36,27,1,-1,-1,-1
429,581,899,101,40,28,1,-1,-1,-1
430,581,898,100,37,28,1,-1,-1,-1
431,581,896,102,35,26,1,-1,-1,-1
432,581,890,103,34,27,1,-1,-1,-1
433,581,888,102,32,27,1,-1,-1,-1
434,581,883,102,33,27,1,-1,-1,-1
435,581,881,101,30,28,1,-1,-1,-1
436,581,875,102,32,27,1,-1,-1,-1
437,581,872,102,32,25,1,-1,-1,-1
438,581,867,101,31,26,1,-1,-1,-1
439,581,864,103,31,25,1,-1,-1,-1
440,581,856,102,32,25,1,-1,-1,-1
441,581,854,100,29,26,1,-1,-1,-1
442,581,850,104,32,25,1,-1,-1,-1
443,581,846,101,29,26,1,-1,-1,-1
444,581,841,103,30,25,1,-1,-1,-1
445,581,833,103,33,26,1,-1,-1,-1
446,581,831,103,31,25,1,-1,-1,-1
447,581,828,104,30,25,1,-1,-1,-1
448,581,823,104,29,24,1,-1,-1,-1
449,581,818,105,29,23,1,-1,-1,-1
450,581,814,102,29,24,1,-1,-1,-1
451,581,805,103,32,23,1,-1,-1,-1
452,581,804,101,29,24,1,-1,-1,-1
453,581,797,104,29,22,1,-1,-1,-1
454,581,796,104,28,22,1,-1,-1,-1
460,581,771,102,30,22,1,-1,-1,-1
469,581,730,106,38,26,1,-1,-1,-1
470,581,731,108,38,26,1,-1,-1,-1
471,581,723,108,49,27,1,-1,-1,-1
472,581,714,109,48,29,1,-1,-1,-1
473,581,712,108,52,30,1,-1,-1,-1
474,581,711,110,44,29,1,-1,-1,-1
475,581,711,111,44,28,1,-1,-1,-1
476,581,711,112,41,28,1,-1,-1,-1
477,581,719,115,32,27,1,-1,-1,-1
478,581,718,116,33,27,1,-1,-1,-1
479,581,720,115,30,27,1,-1,-1,-1
480,581,719,118,30,26,1,-1,-1,-1
481,581,722,117,28,27,1,-1,-1,-1
482,581,722,120,28,25,1,-1,-1,-1
483,581,722,119,29,25,1,-1,-1,-1
484,581,721,119,31,24,1,-1,-1,-1
485,581,722,120,30,24,1,-1,-1,-1
486,581,722,119,31,25,1,-1,-1,-1
487,581,720,119,33,25,1,-1,-1,-1
488,581,719,121,34,25,1,-1,-1,-1
489,581,718,121,35,25,1,-1,-1,-1
490,581,717,121,35,26,1,-1,-1,-1
491,581,716,125,34,24,1,-1,-1,-1
492,581,713,125,35,25,1,-1,-1,-1
493,581,712,124,36,25,1,-1,-1,-1
494,581,710,125,37,24,1,-1,-1,-1
495,581,710,124,36,25,1,-1,-1,-1
496,581,708,124,37,27,1,-1,-1,-1
497,581,708,123,36,28,1,-1,-1,-1
498,581,707,125,36,27,1,-1,-1,-1
499,581,706,126,37,26,1,-1,-1,-1
500,581,704,126,39,28,1,-1,-1,-1
501,581,704,128,38,26,1,-1,-1,-1
502,581,701,128,39,28,1,-1,-1,-1
503,581,699,129,41,28,1,-1,-1,-1
504,581,696,130,41,28,1,-1,-1,-1
505,581,694,128,41,31,1,-1,-1,-1
506,581,693,129,41,31,1,-1,-1,-1
507,581,692,129,41,32,1,-1,-1,-1
508,581,690,130,41,32,1,-1,-1,-1
509,581,688,131,42,32,1,-1,-1,-1
510,581,686,132,42,34,1,-1,-1,-1
511,581,684,134,44,33,1,-1,-1,-1
512,581,683,134,44,36,1,-1,-1,-1
513,581,681,135,47,35,1,-1,-1,-1
514,581,679,135,47,38,1,-1,-1,-1
515,581,678,136,46,38,1,-1,-1,-1
516,581,676,138,47,37,1,-1,-1,-1
517,581,673,139,49,37,1,-1,-1,-1
518,581,668,139,51,39,1,-1,-1,-1
519,581,667,142,49,38,1,-1,-1,-1
520,581,666,141,50,40,1,-1,-1,-1
521,581,663,143,52,40,1,-1,-1,-1
522,581,663,145,50,39,1,-1,-1,-1
523,581,661,146,53,40,1,-1,-1,-1
524,581,660,148,51,40,1,-1,-1,-1
525,581,658,149,53,41,1,-1,-1,-1
526,581,656,148,54,43,1,-1,-1,-1
527,581,653,150,55,43,1,-1,-1,-1
528,581,649,150,58,43,1,-1,-1,-1
529,581,649,151,56,45,1,-1,-1,-1
530,581,644,153,59,45,1,-1,-1,-1
531,581,642,154,59,44,1,-1,-1,-1
532,581,638,158,60,42,1,-1,-1,-1
533,581,636,160,60,42,1,-1,-1,-1
534,581,633,160,60,43,1,-1,-1,-1
535,581,631,160,59,46,1,-1,-1,-1
536,581,629,161,61,46,1,-1,-1,-1
537,581,626,162,61,47,1,-1,-1,-1
538,581,624,163,64,47,1,-1,-1,-1
539,581,622,166,65,48,1,-1,-1,-1
540,581,621,166,65,49,1,-1,-1,-1
541,581,618,166,66,53,1,-1,-1,-1
542,581,613,169,68,51,1,-1,-1,-1
543,581,611,171,69,52,1,-1,-1,-1
544,581,608,174,68,52,1,-1,-1,-1
545,581,604,174,68,54,1,-1,-1,-1
546,581,603,175,69,54,1,-1,-1,-1
547,581,599,176,71,55,1,-1,-1,-1
548,581,596,179,71,56,1,-1,-1,-1
549,581,594,179,71,57,1,-1,-1,-1
550,581,591,184,72,55,1,-1,-1,-1
551,581,588,184,73,56,1,-1,-1,-1
552,581,585,185,77,59,1,-1,-1,-1
553,581,583,186,77,60,1,-1,-1,-1
554,581,580,189,79,59,1,-1,-1,-1
555,581,578,191,78,58,1,-1,-1,-1
556,581,574,191,79,61,1,-1,-1,-1
557,581,572,194,80,60,1,-1,-1,-1
558,581,569,195,80,62,1,-1,-1,-1
559,581,564,198,81,63,1,-1,-1,-1
560,581,560,199,82,65,1,-1,-1,-1
561,581,558,201,83,65,1,-1,-1,-1
562,581,556,201,84,66,1,-1,-1,-1
563,581,553,203,86,67,1,-1,-1,-1
564,581,550,204,89,68,1,-1,-1,-1
565,581,548,206,89,69,1,-1,-1,-1
566,581,546,208,89,70,1,-1,-1,-1
567,581,544,210,89,69,1,-1,-1,-1
568,581,542,211,90,72,1,-1,-1,-1
569,581,536,212,92,72,1,-1,-1,-1
570,581,535,212,91,73,1,-1,-1,-1
571,581,533,215,91,74,1,-1,-1,-1
572,581,530,216,94,75,1,-1,-1,-1
573,581,527,219,90,75,1,-1,-1,-1
574,581,525,219,93,77,1,-1,-1,-1
575,581,522,221,93,76,1,-1,-1,-1
576,581,519,220,97,79,1,-1,-1,-1
577,581,516,223,100,78,1,-1,-1,-1
578,581,514,223,99,81,1,-1,-1,-1
579,581,513,224,100,82,1,-1,-1,-1
580,581,511,227,100,81,1,-1,-1,-1
581,581,509,229,102,79,1,-1,-1,-1
582,581,509,231,100,78,1,-1,-1,-1
583,581,507,231,101,80,1,-1,-1,-1
584,581,504,231,104,82,1,-1,-1,-1
585,581,502,233,106,83,1,-1,-1,-1
586,581,501,233,105,84,1,-1,-1,-1
587,581,500,234,105,85,1,-1,-1,-1
588,581,498,235,106,84,1,-1,-1,-1
589,581,497,237,102,83,1,-1,-1,-1
590,581,497,238,102,83,1,-1,-1,-1
591,581,495,238,106,83,1,-1,-1,-1
592,581,495,240,102,81,1,-1,-1,-1
593,581,492,240,105,83,1,-1,-1,-1
594,581,492,240,106,83,1,-1,-1,-1
595,581,491,241,104,83,1,-1,-1,-1
596,581,488,240,109,85,1,-1,-1,-1
597,581,488,241,109,85,1,-1,-1,-1
598,581,487,242,108,85,1,-1,-1,-1
599,581,486,242,109,85,1,-1,-1,-1
600,581,485,242,110,85,1,-1,-1,-1
601,581,485,243,108,85,1,-1,-1,-1
602,581,485,243,107,86,1,-1,-1,-1
603,581,483,244,109,86,1,-1,-1,-1
604,581,483,244,109,85,1,-1,-1,-1
605,581,483,245,110,85,1,-1,-1,-1
606,581,483,245,110,85,1,-1,-1,-1
607,581,483,246,110,84,1,-1,-1,-1
608,581,483,246,109,85,1,-1,-1,-1
609,581,483,246,110,85,1,-1,-1,-1
610,581,482,246,111,86,1,-1,-1,-1
611,581,482,246,111,86,1,-1,-1,-1
612,581,482,246,111,86,1,-1,-1,-1
613,581,481,245,111,87,1,-1,-1,-1
614,581,481,246,111,87,1,-1,-1,-1
615,581,480,245,112,87,1,-1,-1,-1
616,581,481,246,111,87,1,-1,-1,-1
617,581,481,245,111,87,1,-1,-1,-1
618,581,481,245,112,87,1,-1,-1,-1
619,581,481,246,112,87,1,-1,-1,-1
620,581,482,246,111,87,1,-1,-1,-1
621,581,483,246,110,87,1,-1,-1,-1
622,581,483,246,111,87,1,-1,-1,-1
623,581,483,246,111,86,1,-1,-1,-1
624,581,483,246,111,87,1,-1,-1,-1
625,581,483,246,111,87,1,-1,-1,-1
626,581,482,246,111,87,1,-1,-1,-1
627,581,481,245,112,87,1,-1,-1,-1
628,581,481,245,113,88,1,-1,-1,-1
629,581,480,245,113,88,1,-1,-1,-1
630,581,480,245,113,88,1,-1,-1,-1
631,581,481,245,112,88,1,-1,-1,-1
632,581,481,245,112,88,1,-1,-1,-1
633,581,481,245,111,87,1,-1,-1,-1
634,581,482,245,111,87,1,-1,-1,-1
635,581,483,246,110,87,1,-1,-1,-1
636,581,483,245,111,87,1,-1,-1,-1
637,581,483,245,110,87,1,-1,-1,-1
638,581,483,246,110,87,1,-1,-1,-1
639,581,482,245,110,87,1,-1,-1,-1
640,581,482,246,111,87,1,-1,-1,-1
641,581,481,245,112,88,1,-1,-1,-1
642,581,481,245,112,88,1,-1,-1,-1
643,581,480,245,112,87,1,-1,-1,-1
644,581,480,245,112,87,1,-1,-1,-1
645,581,481,245,111,88,1,-1,-1,-1
646,581,482,245,112,87,1,-1,-1,-1
647,581,482,246,111,87,1,-1,-1,-1
648,581,483,246,110,86,1,-1,-1,-1
649,581,483,246,111,87,1,-1,-1,-1
650,581,483,246,111,87,1,-1,-1,-1
651,581,484,245,109,87,1,-1,-1,-1
652,581,483,246,110,87,1,-1,-1,-1
653,581,482,246,111,87,1,-1,-1,-1
654,581,482,245,111,87,1,-1,-1,-1
655,581,481,246,112,87,1,-1,-1,-1
656,581,480,246,113,87,1,-1,-1,-1
657,581,480,246,112,87,1,-1,-1,-1
658,581,480,246,112,87,1,-1,-1,-1
659,581,481,245,112,88,1,-1,-1,-1
660,581,483,246,110,88,1,-1,-1,-1
661,581,483,246,109,88,1,-1,-1,-1
662,581,483,246,111,87,1,-1,-1,-1
663,581,484,246,110,87,1,-1,-1,-1
664,581,483,246,110,87,1,-1,-1,-1
665,581,483,246,111,87,1,-1,-1,-1
666,581,482,246,111,87,1,-1,-1,-1
667,581,482,246,111,87,1,-1,-1,-1
668,581,481,245,111,87,1,-1,-1,-1
669,581,481,246,111,87,1,-1,-1,-1
670,581,480,245,112,88,1,-1,-1,-1
671,581,481,245,111,88,1,-1,-1,-1
672,581,481,245,111,88,1,-1,-1,-1
673,581,482,246,111,87,1,-1,-1,-1
674,581,482,246,111,87,1,-1,-1,-1
675,581,483,246,111,87,1,-1,-1,-1
676,581,483,246,111,87,1,-1,-1,-1
677,581,484,245,110,89,1,-1,-1,-1
678,581,483,246,110,87,1,-1,-1,-1
679,581,483,246,111,83,1,-1,-1,-1
680,581,483,246,111,86,1,-1,-1,-1
681,581,481,245,112,89,1,-1,-1,-1
682,581,481,245,113,88,1,-1,-1,-1
683,581,481,245,112,88,1,-1,-1,-1
684,581,480,245,112,88,1,-1,-1,-1
685,581,480,245,112,88,1,-1,-1,-1
686,581,481,246,112,87,1,-1,-1,-1
687,581,482,246,111,87,1,-1,-1,-1
688,581,482,246,111,87,1,-1,-1,-1
689,581,483,246,111,87,1,-1,-1,-1
690,581,483,246,111,87,1,-1,-1,-1
691,581,483,246,110,86,1,-1,-1,-1
692,581,483,246,111,86,1,-1,-1,-1
693,581,483,246,111,86,1,-1,-1,-1
694,581,482,246,112,87,1,-1,-1,-1
695,581,480,246,112,87,1,-1,-1,-1
696,581,480,246,112,86,1,-1,-1,-1
697,581,480,246,111,87,1,-1,-1,-1
698,581,481,246,111,87,1,-1,-1,-1
699,581,481,245,111,87,1,-1,-1,-1
700,581,481,245,111,88,1,-1,-1,-1
701,581,482,246,110,87,1,-1,-1,-1
702,581,482,246,111,87,1,-1,-1,-1
703,581,483,246,111,87,1,-1,-1,-1
704,581,483,246,111,86,1,-1,-1,-1
705,581,482,246,111,86,1,-1,-1,-1
706,581,482,246,111,86,1,-1,-1,-1
707,581,482,246,111,86,1,-1,-1,-1
708,581,482,246,111,86,1,-1,-1,-1
709,581,481,246,111,87,1,-1,-1,-1
710,581,481,246,109,86,1,-1,-1,-1
711,581,481,246,112,87,1,-1,-1,-1
712,581,481,245,113,87,1,-1,-1,-1
713,581,482,245,113,88,1,-1,-1,-1
714,581,483,245,111,88,1,-1,-1,-1
715,581,482,245,113,89,1,-1,-1,-1
716,581,483,245,112,86,1,-1,-1,-1
717,581,482,246,112,86,1,-1,-1,-1
718,581,483,245,111,86,1,-1,-1,-1
719,581,483,246,111,86,1,-1,-1,-1
720,581,483,246,112,86,1,-1,-1,-1
721,581,482,246,110,85,1,-1,-1,-1
722,581,481,246,110,85,1,-1,-1,-1
723,581,481,247,110,85,1,-1,-1,-1
724,581,481,246,110,86,1,-1,-1,-1
725,581,481,246,109,86,1,-1,-1,-1
726,581,482,246,108,86,1,-1,-1,-1
727,581,482,246,109,85,1,-1,-1,-1
728,581,482,246,108,85,1,-1,-1,-1
729,581,483,246,109,85,1,-1,-1,-1
730,581,483,246,109,86,1,-1,-1,-1
731,581,483,246,111,86,1,-1,-1,-1
732,581,482,246,112,87,1,-1,-1,-1
733,581,483,246,110,86,1,-1,-1,-1
734,581,482,246,111,87,1,-1,-1,-1
735,581,483,246,110,86,1,-1,-1,-1
736,581,482,245,111,88,1,-1,-1,-1
737,581,481,246,111,87,1,-1,-1,-1
738,581,481,246,111,87,1,-1,-1,-1
739,581,481,246,111,87,1,-1,-1,-1
740,581,482,246,111,87,1,-1,-1,-1
741,581,483,246,109,86,1,-1,-1,-1
742,581,483,246,110,86,1,-1,-1,-1
743,581,483,246,110,86,1,-1,-1,-1
744,581,483,246,110,86,1,-1,-1,-1
745,581,483,246,109,86,1,-1,-1,-1
746,581,483,245,109,87,1,-1,-1,-1
747,581,483,246,109,86,1,-1,-1,-1
748,581,482,246,111,87,1,-1,-1,-1
749,581,482,245,111,88,1,-1,-1,-1
750,581,482,245,111,89,1,-1,-1,-1
751,581,483,246,109,85,1,-1,-1,-1
752,581,483,245,108,88,1,-1,-1,-1
753,581,482,246,108,88,1,-1,-1,-1
754,581,482,246,108,87,1,-1,-1,-1
755,581,483,246,108,87,1,-1,-1,-1
756,581,483,246,105,87,1,-1,-1,-1
757,581,483,246,105,87,1,-1,-1,-1
758,581,483,246,104,87,1,-1,-1,-1
759,581,482,245,105,87,1,-1,-1,-1
760,581,482,245,104,87,1,-1,-1,-1
761,581,481,245,109,89,1,-1,-1,-1
762,581,481,245,108,88,1,-1,-1,-1
763,581,481,246,108,87,1,-1,-1,-1
764,581,480,247,107,85,1,-1,-1,-1
765,581,480,247,107,86,1,-1,-1,-1
766,581,481,247,106,86,1,-1,-1,-1
767,581,480,247,107,86,1,-1,-1,-1
768,581,480,247,107,86,1,-1,-1,-1
769,581,480,247,106,86,1,-1,-1,-1
770,581,480,247,106,86,1,-1,-1,-1
771,581,480,247,107,87,1,-1,-1,-1
772,581,480,247,107,87,1,-1,-1,-1
773,581,481,247,107,87,1,-1,-1,-1
774,581,480,247,107,87,1,-1,-1,-1
775,581,480,247,107,87,1,-1,-1,-1
776,581,480,247,107,87,1,-1,-1,-1
777,581,480,247,107,87,1,-1,-1,-1
778,581,480,247,108,88,1,-1,-1,-1
779,581,480,247,109,88,1,-1,-1,-1
780,581,480,247,108,88,1,-1,-1,-1
781,581,480,246,107,87,1,-1,-1,-1
782,581,480,246,108,87,1,-1,-1,-1
783,581,481,247,107,87,1,-1,-1,-1
784,581,481,247,107,87,1,-1,-1,-1
785,581,481,247,107,86,1,-1,-1,-1
786,581,481,246,107,86,1,-1,-1,-1
787,581,481,246,107,86,1,-1,-1,-1
788,581,481,247,107,86,1,-1,-1,-1
789,581,481,247,107,86,1,-1,-1,-1
790,581,480,247,107,86,1,-1,-1,-1
791,581,480,246,106,87,1,-1,-1,-1
792,581,480,246,106,87,1,-1,-1,-1
793,581,479,246,108,88,1,-1,-1,-1
794,581,479,247,108,87,1,-1,-1,-1
795,581,479,246,108,87,1,-1,-1,-1
796,581,479,246,108,88,1,-1,-1,-1
797,581,479,246,108,88,1,-1,-1,-1
798,581,480,246,108,87,1,-1,-1,-1
799,581,480,247,108,87,1,-1,-1,-1
800,581,480,246,108,87,1,-1,-1,-1
801,581,480,246,106,87,1,-1,-1,-1
802,581,480,246,106,87,1,-1,-1,-1
803,581,480,246,106,87,1,-1,-1,-1
804,581,480,246,107,87,1,-1,-1,-1
805,581,480,247,106,88,1,-1,-1,-1
806,581,480,247,106,87,1,-1,-1,-1
807,581,480,247,106,88,1,-1,-1,-1
808,581,480,247,106,88,1,-1,-1,-1
809,581,480,246,106,88,1,-1,-1,-1
810,581,480,247,105,87,1,-1,-1,-1
811,581,481,246,106,88,1,-1,-1,-1
812,581,481,246,105,87,1,-1,-1,-1
813,581,481,246,105,87,1,-1,-1,-1
814,581,481,246,105,87,1,-1,-1,-1
815,581,480,247,105,87,1,-1,-1,-1
816,581,480,247,105,87,1,-1,-1,-1
817,581,480,247,105,87,1,-1,-1,-1
818,581,480,246,105,88,1,-1,-1,-1
819,581,480,246,105,88,1,-1,-1,-1
820,581,480,246,105,88,1,-1,-1,-1
821,581,481,246,106,88,1,-1,-1,-1
822,581,481,246,106,88,1,-1,-1,-1
823,581,480,246,106,88,1,-1,-1,-1
824,581,480,246,107,87,1,-1,-1,-1
825,581,481,246,106,87,1,-1,-1,-1
826,581,481,246,105,87,1,-1,-1,-1
827,581,481,246,107,87,1,-1,-1,-1
828,581,480,246,108,87,1,-1,-1,-1
829,581,480,246,108,88,1,-1,-1,-1
830,581,480,246,108,88,1,-1,-1,-1
831,581,480,246,106,89,1,-1,-1,-1
832,581,480,246,106,89,1,-1,-1,-1
833,581,480,246,107,88,1,-1,-1,-1
834,581,480,246,106,89,1,-1,-1,-1
835,581,480,245,107,89,1,-1,-1,-1
836,581,480,246,106,88,1,-1,-1,-1
837,581,480,246,106,88,1,-1,-1,-1
838,581,481,246,106,88,1,-1,-1,-1
839,581,481,246,107,88,1,-1,-1,-1
840,581,480,246,107,87,1,-1,-1,-1
841,581,480,246,107,88,1,-1,-1,-1
842,581,480,246,106,88,1,-1,-1,-1
843,581,480,246,106,88,1,-1,-1,-1
844,581,480,246,107,88,1,-1,-1,-1
845,581,480,246,108,87,1,-1,-1,-1
846,581,480,247,107,87,1,-1,-1,-1
847,581,480,246,107,88,1,-1,-1,-1
848,581,480,247,108,87,1,-1,-1,-1
849,581,480,246,108,88,1,-1,-1,-1
850,581,480,246,108,88,1,-1,-1,-1
851,581,480,246,107,88,1,-1,-1,-1
852,581,480,246,107,88,1,-1,-1,-1
853,581,480,246,106,88,1,-1,-1,-1
854,581,480,246,107,88,1,-1,-1,-1
855,581,480,246,107,88,1,-1,-1,-1
856,581,480,246,107,89,1,-1,-1,-1
857,581,480,246,107,89,1,-1,-1,-1
858,581,480,245,107,89,1,-1,-1,-1
859,581,480,245,107,89,1,-1,-1,-1
860,581,480,245,107,89,1,-1,-1,-1
861,581,480,246,105,88,1,-1,-1,-1
862,581,480,247,105,87,1,-1,-1,-1
863,581,480,246,106,88,1,-1,-1,-1
864,581,481,246,106,88,1,-1,-1,-1
865,581,480,246,106,88,1,-1,-1,-1
866,581,480,247,106,87,1,-1,-1,-1
867,581,480,247,106,87,1,-1,-1,-1
868,581,480,246,106,87,1,-1,-1,-1
869,581,480,246,107,88,1,-1,-1,-1
870,581,480,246,107,88,1,-1,-1,-1
871,581,480,246,107,88,1,-1,-1,-1
872,581,480,246,107,88,1,-1,-1,-1
873,581,480,246,107,87,1,-1,-1,-1
874,581,480,246,107,87,1,-1,-1,-1
875,581,480,246,107,87,1,-1,-1,-1
876,581,481,246,106,87,1,-1,-1,-1
877,581,480,245,107,88,1,-1,-1,-1
878,581,480,245,107,88,1,-1,-1,-1
879,581,480,245,106,88,1,-1,-1,-1
880,581,480,246,106,88,1,-1,-1,-1
881,581,480,246,105,88,1,-1,-1,-1
882,581,480,246,105,88,1,-1,-1,-1
883,581,480,246,105,88,1,-1,-1,-1
884,581,480,246,105,88,1,-1,-1,-1
885,581,480,246,106,88,1,-1,-1,-1
886,581,480,246,106,88,1,-1,-1,-1
887,581,480,246,106,88,1,-1,-1,-1
888,581,480,246,105,88,1,-1,-1,-1
889,581,480,246,105,88,1,-1,-1,-1
890,581,480,246,105,88,1,-1,-1,-1
891,581,481,246,105,88,1,-1,-1,-1
892,581,481,246,105,88,1,-1,-1,-1
893,581,481,246,105,88,1,-1,-1,-1
894,581,481,246,106,88,1,-1,-1,-1
895,581,481,246,106,88,1,-1,-1,-1
896,581,481,246,106,88,1,-1,-1,-1
897,581,480,246,106,88,1,-1,-1,-1
898,581,480,246,106,88,1,-1,-1,-1
899,581,480,246,106,88,1,-1,-1,-1
900,581,480,246,106,89,1,-1,-1,-1
901,581,481,246,106,88,1,-1,-1,-1
902,581,481,246,106,88,1,-1,-1,-1
903,581,480,246,107,87,1,-1,-1,-1
904,581,480,246,107,88,1,-1,-1,-1
905,581,480,246,106,87,1,-1,-1,-1
906,581,481,246,106,88,1,-1,-1,-1
907,581,480,246,107,88,1,-1,-1,-1
908,581,480,246,108,88,1,-1,-1,-1
909,581,480,246,107,88,1,-1,-1,-1
910,581,480,246,108,88,1,-1,-1,-1
911,581,480,246,106,88,1,-1,-1,-1
912,581,480,246,106,88,1,-1,-1,-1
913,581,480,245,108,88,1,-1,-1,-1
914,581,480,246,108,88,1,-1,-1,-1
915,581,480,245,108,88,1,-1,-1,-1
916,581,480,246,106,88,1,-1,-1,-1
917,581,480,246,107,88,1,-1,-1,-1
918,581,480,246,107,88,1,-1,-1,-1
919,581,481,246,107,88,1,-1,-1,-1
920,581,481,246,107,88,1,-1,-1,-1
921,581,481,246,106,88,1,-1,-1,-1
922,581,481,246,105,88,1,-1,-1,-1
923,581,480,246,106,88,1,-1,-1,-1
924,581,480,246,105,88,1,-1,-1,-1
925,581,480,246,106,88,1,-1,-1,-1
926,581,481,246,105,88,1,-1,-1,-1
927,581,480,246,106,88,1,-1,-1,-1
928,581,480,246,105,88,1,-1,-1,-1
929,581,480,246,105,87,1,-1,-1,-1
930,581,480,246,105,87,1,-1,-1,-1
931,581,481,246,105,88,1,-1,-1,-1
932,581,481,246,105,88,1,-1,-1,-1
933,581,481,246,105,88,1,-1,-1,-1
934,581,480,246,106,88,1,-1,-1,-1
935,581,481,246,106,87,1,-1,-1,-1
936,581,481,246,106,87,1,-1,-1,-1
937,581,480,246,107,87,1,-1,-1,-1
938,581,480,246,107,87,1,-1,-1,-1
939,581,480,246,107,87,1,-1,-1,-1
940,581,480,246,107,87,1,-1,-1,-1
941,581,480,246,106,88,1,-1,-1,-1
942,581,480,246,106,88,1,-1,-1,-1
943,581,480,246,106,89,1,-1,-1,-1
944,581,480,246,106,88,1,-1,-1,-1
945,581,480,246,106,88,1,-1,-1,-1
946,581,480,246,106,88,1,-1,-1,-1
947,581,480,246,107,88,1,-1,-1,-1
948,581,481,247,106,87,1,-1,-1,-1
949,581,480,247,106,87,1,-1,-1,-1
950,581,480,247,108,88,1,-1,-1,-1
951,581,479,247,108,87,1,-1,-1,-1
952,581,479,248,108,87,1,-1,-1,-1
953,581,479,249,109,86,1,-1,-1,-1
954,581,478,249,110,87,1,-1,-1,-1
955,581,478,249,108,86,1,-1,-1,-1
956,581,476,251,108,87,1,-1,-1,-1
957,581,474,250,110,89,1,-1,-1,-1
958,581,475,251,110,88,1,-1,-1,-1
959,581,474,251,113,91,1,-1,-1,-1
960,581,472,254,109,89,1,-1,-1,-1
961,581,468,255,112,90,1,-1,-1,-1
962,581,466,255,116,91,1,-1,-1,-1
963,581,465,257,117,92,1,-1,-1,-1
964,581,461,258,119,94,1,-1,-1,-1
965,581,459,261,118,93,1,-1,-1,-1
966,581,455,262,119,93,1,-1,-1,-1
967,581,451,263,122,98,1,-1,-1,-1
968,581,448,265,119,99,1,-1,-1,-1
969,581,443,269,123,101,1,-1,-1,-1
970,581,438,273,124,101,1,-1,-1,-1
971,581,432,274,127,102,1,-1,-1,-1
972,581,428,278,129,102,1,-1,-1,-1
973,581,424,281,130,105,1,-1,-1,-1
974,581,417,287,130,105,1,-1,-1,-1
975,581,411,289,135,108,1,-1,-1,-1
976,581,405,294,131,107,1,-1,-1,-1
977,581,397,298,141,112,1,-1,-1,-1
978,581,390,304,145,114,1,-1,-1,-1
979,581,383,308,145,118,1,-1,-1,-1
980,581,373,312,150,121,1,-1,-1,-1
981,581,364,319,155,124,1,-1,-1,-1
982,581,354,327,157,124,1,-1,-1,-1
983,581,341,332,162,128,1,-1,-1,-1
984,581,332,339,165,132,1,-1,-1,-1
985,581,320,350,171,132,1,-1,-1,-1
986,581,306,356,176,140,1,-1,-1,-1
987,581,292,365,181,143,1,-1,-1,-1
988,581,277,373,186,148,1,-1,-1,-1
989,581,261,383,191,156,1,-1,-1,-1
990,581,244,397,199,163,1,-1,-1,-1
991,581,221,409,211,171,1,-1,-1,-1
992,581,202,424,215,174,1,-1,-1,-1
993,581,178,438,224,186,1,-1,-1,-1
994,581,152,455,236,191,1,-1,-1,-1
995,581,122,474,252,205,1,-1,-1,-1
996,581,95,495,261,214,1,-1,-1,-1
997,581,60,519,271,225,1,-1,-1,-1
998,581,17,545,291,237,1,-1,-1,-1
999,581,0,571,284,257,1,-1,-1,-1
1000,581,0,605,257,270,1,-1,-1,-1
1001,581,0,642,226,298,1,-1,-1,-1
1002,581,0,683,191,320,1,-1,-1,-1
1003,581,0,729,153,343,1,-1,-1,-1
1004,581,0,777,109,285,1,-1,-1,-1
349,582,685,110,29,25,1,-1,-1,-1
350,582,685,111,30,25,1,-1,-1,-1
351,582,686,111,32,25,1,-1,-1,-1
352,582,691,112,31,25,1,-1,-1,-1
353,582,695,113,30,24,1,-1,-1,-1
354,582,697,114,30,24,1,-1,-1,-1
355,582,699,115,30,24,1,-1,-1,-1
356,582,702,114,28,24,1,-1,-1,-1
357,582,703,114,29,24,1,-1,-1,-1
360,582,710,114,30,24,1,-1,-1,-1
361,582,711,115,32,26,1,-1,-1,-1
362,582,713,114,31,26,1,-1,-1,-1
363,582,714,114,34,26,1,-1,-1,-1
364,582,715,110,37,29,1,-1,-1,-1
365,582,718,110,35,29,1,-1,-1,-1
366,582,718,111,34,30,1,-1,-1,-1
367,582,721,110,30,31,1,-1,-1,-1
368,582,720,109,33,32,1,-1,-1,-1
369,582,719,110,35,32,1,-1,-1,-1
370,582,717,112,39,30,1,-1,-1,-1
371,582,718,115,40,28,1,-1,-1,-1
372,582,720,115,38,29,1,-1,-1,-1
373,582,722,116,36,29,1,-1,-1,-1
374,582,723,115,35,31,1,-1,-1,-1
375,582,722,115,35,31,1,-1,-1,-1
376,582,721,114,36,31,1,-1,-1,-1
377,582,721,115,38,30,1,-1,-1,-1
378,582,720,118,39,29,1,-1,-1,-1
379,582,720,120,38,29,1,-1,-1,-1
380,582,719,118,38,31,1,-1,-1,-1
381,582,718,119,39,32,1,-1,-1,-1
382,582,713,121,42,29,1,-1,-1,-1
383,582,710,122,45,29,1,-1,-1,-1
384,582,711,119,39,33,1,-1,-1,-1
385,582,709,123,41,30,1,-1,-1,-1
386,582,706,124,42,30,1,-1,-1,-1
387,582,703,123,42,32,1,-1,-1,-1
388,582,700,121,43,36,1,-1,-1,-1
389,582,699,119,43,39,1,-1,-1,-1
390,582,697,116,44,43,1,-1,-1,-1
391,582,694,120,46,40,1,-1,-1,-1
392,582,691,121,47,42,1,-1,-1,-1
393,582,688,123,50,42,1,-1,-1,-1
394,582,684,128,53,42,1,-1,-1,-1
395,582,680,131,51,42,1,-1,-1,-1
396,582,676,132,51,42,1,-1,-1,-1
397,582,673,134,50,42,1,-1,-1,-1
398,582,670,137,50,40,1,-1,-1,-1
399,582,664,137,54,44,1,-1,-1,-1
400,582,659,136,55,48,1,-1,-1,-1
401,582,655,136,56,51,1,-1,-1,-1
402,582,650,138,59,52,1,-1,-1,-1
403,582,646,141,61,52,1,-1,-1,-1
404,582,642,145,61,52,1,-1,-1,-1
405,582,637,147,62,51,1,-1,-1,-1
406,582,630,150,65,54,1,-1,-1,-1
407,582,624,149,66,56,1,-1,-1,-1
408,582,619,153,66,57,1,-1,-1,-1
409,582,609,158,72,58,1,-1,-1,-1
410,582,602,161,74,61,1,-1,-1,-1
411,582,595,161,76,65,1,-1,-1,-1
412,582,587,167,77,65,1,-1,-1,-1
413,582,577,172,81,66,1,-1,-1,-1
414,582,570,173,82,72,1,-1,-1,-1
415,582,560,177,85,73,1,-1,-1,-1
416,582,550,181,88,79,1,-1,-1,-1
417,582,539,185,93,83,1,-1,-1,-1
418,582,528,189,97,87,1,-1,-1,-1
419,582,516,197,101,88,1,-1,-1,-1
420,582,502,206,107,89,1,-1,-1,-1
421,582,488,211,111,99,1,-1,-1,-1
422,582,472,219,116,103,1,-1,-1,-1
423,582,454,230,119,104,1,-1,-1,-1
424,582,436,237,129,113,1,-1,-1,-1
425,582,415,246,137,122,1,-1,-1,-1
426,582,394,258,145,131,1,-1,-1,-1
427,582,368,272,153,137,1,-1,-1,-1
428,582,341,286,165,149,1,-1,-1,-1
429,582,309,302,178,162,1,-1,-1,-1
430,582,271,322,195,173,1,-1,-1,-1
431,582,230,343,210,191,1,-1,-1,-1
432,582,186,368,226,210,1,-1,-1,-1
433,582,130,399,249,229,1,-1,-1,-1
434,582,66,433,277,254,1,-1,-1,-1
435,582,0,469,299,295,1,-1,-1,-1
436,582,0,526,248,328,1,-1,-1,-1
437,582,0,586,183,378,1,-1,-1,-1
378,586,1729,567,190,267,1,-1,-1,-1
379,586,1649,512,270,226,1,-1,-1,-1
380,586,1582,467,307,209,1,-1,-1,-1
381,586,1525,429,277,196,1,-1,-1,-1
382,586,1476,398,251,178,1,-1,-1,-1
383,586,1431,369,231,167,1,-1,-1,-1
384,586,1394,343,211,155,1,-1,-1,-1
385,586,1359,322,195,145,1,-1,-1,-1
386,586,1330,303,180,137,1,-1,-1,-1
387,586,1301,288,170,127,1,-1,-1,-1
388,586,1279,275,158,118,1,-1,-1,-1
389,586,1256,264,149,110,1,-1,-1,-1
390,586,1235,251,143,106,1,-1,-1,-1
391,586,1218,241,133,98,1,-1,-1,-1
392,586,1206,232,121,94,1,-1,-1,-1
393,586,1188,224,119,89,1,-1,-1,-1
394,586,1173,214,113,87,1,-1,-1,-1
395,586,1162,208,106,83,1,-1,-1,-1
396,586,1150,200,98,79,1,-1,-1,-1
397,586,1135,196,98,74,1,-1,-1,-1
398,586,1127,189,94,73,1,-1,-1,-1
399,586,1113,183,96,72,1,-1,-1,-1
400,586,1107,178,87,69,1,-1,-1,-1
401,586,1099,176,85,64,1,-1,-1,-1
402,586,1090,170,82,62,1,-1,-1,-1
403,586,1081,166,81,60,1,-1,-1,-1
404,586,1078,164,75,58,1,-1,-1,-1
405,586,1071,162,75,56,1,-1,-1,-1
406,586,1061,156,75,56,1,-1,-1,-1
407,586,1057,153,71,55,1,-1,-1,-1
408,586,1054,149,67,54,1,-1,-1,-1
409,586,1048,149,65,52,1,-1,-1,-1
410,586,1042,147,63,48,1,-1,-1,-1
411,586,1037,143,62,49,1,-1,-1,-1
412,586,1033,141,59,48,1,-1,-1,-1
413,586,1028,138,58,47,1,-1,-1,-1
414,586,1024,136,56,45,1,-1,-1,-1
415,586,1019,136,55,42,1,-1,-1,-1
416,586,1016,132,54,45,1,-1,-1,-1
417,586,1012,131,55,42,1,-1,-1,-1
418,586,1008,131,52,40,1,-1,-1,-1
419,586,1005,129,51,40,1,-1,-1,-1
420,586,1001,128,51,39,1,-1,-1,-1
421,586,999,126,48,38,1,-1,-1,-1
422,586,994,124,49,40,1,-1,-1,-1
423,586,991,125,49,36,1,-1,-1,-1
424,586,988,124,46,33,1,-1,-1,-1
425,586,985,123,45,34,1,-1,-1,-1
426,586,981,120,45,34,1,-1,-1,-1
427,586,980,117,42,34,1,-1,-1,-1
428,586,978,117,42,34,1,-1,-1,-1
429,586,975,115,42,34,1,-1,-1,-1
430,586,973,114,40,33,1,-1,-1,-1
431,586,972,114,39,31,1,-1,-1,-1
432,586,969,114,39,31,1,-1,-1,-1
433,586,966,114,39,29,1,-1,-1,-1
434,586,964,114,39,28,1,-1,-1,-1
435,586,962,113,36,29,1,-1,-1,-1
436,586,958,111,38,30,1,-1,-1,-1
437,586,955,110,37,28,1,-1,-1,-1
438,586,953,110,36,30,1,-1,-1,-1
439,586,949,109,37,30,1,-1,-1,-1
440,586,947,108,36,29,1,-1,-1,-1
441,586,945,108,34,28,1,-1,-1,-1
442,586,943,109,33,27,1,-1,-1,-1
443,586,939,108,33,27,1,-1,-1,-1
444,586,936,108,34,27,1,-1,-1,-1
445,586,933,107,34,27,1,-1,-1,-1
446,586,932,107,32,26,1,-1,-1,-1
447,586,929,106,32,28,1,-1,-1,-1
448,586,926,105,32,28,1,-1,-1,-1
449,586,921,105,32,26,1,-1,-1,-1
450,586,917,105,31,26,1,-1,-1,-1
451,586,915,105,31,26,1,-1,-1,-1
452,586,911,106,30,26,1,-1,-1,-1
453,586,908,106,30,25,1,-1,-1,-1
454,586,903,105,31,26,1,-1,-1,-1
455,586,899,106,32,25,1,-1,-1,-1
456,586,896,106,31,24,1,-1,-1,-1
457,586,895,106,29,24,1,-1,-1,-1
458,586,891,106,29,24,1,-1,-1,-1
459,586,888,105,30,25,1,-1,-1,-1
460,586,883,106,32,25,1,-1,-1,-1
461,586,880,105,29,25,1,-1,-1,-1
462,586,875,105,30,25,1,-1,-1,-1
463,586,872,106,29,24,1,-1,-1,-1
464,586,868,105,28,24,1,-1,-1,-1
465,586,863,105,30,25,1,-1,-1,-1
466,586,858,104,31,25,1,-1,-1,-1
467,586,854,105,29,25,1,-1,-1,-1
468,586,851,107,28,24,1,-1,-1,-1
469,586,848,105,26,24,1,-1,-1,-1
470,586,844,105,27,25,1,-1,-1,-1
471,586,840,103,27,25,1,-1,-1,-1
472,586,835,102,29,27,1,-1,-1,-1
473,586,833,100,28,28,1,-1,-1,-1
474,586,828,103,29,26,1,-1,-1,-1
475,586,824,103,27,25,1,-1,-1,-1
476,586,819,103,28,24,1,-1,-1,-1
477,586,815,103,29,24,1,-1,-1,-1
478,586,810,102,27,23,1,-1,-1,-1
479,586,807,104,26,23,1,-1,-1,-1
480,586,805,105,25,23,1,-1,-1,-1
396,591,710,113,33,26,1,-1,-1,-1
397,591,710,114,32,27,1,-1,-1,-1
398,591,710,113,34,27,1,-1,-1,-1
399,591,713,116,32,26,1,-1,-1,-1
400,591,715,116,31,25,1,-1,-1,-1
401,591,718,116,30,26,1,-1,-1,-1
402,591,720,116,30,26,1,-1,-1,-1
403,591,720,115,32,26,1,-1,-1,-1
404,591,720,115,32,27,1,-1,-1,-1
405,591,720,114,34,28,1,-1,-1,-1
406,591,721,114,34,28,1,-1,-1,-1
407,591,721,114,34,30,1,-1,-1,-1
408,591,721,115,35,29,1,-1,-1,-1
409,591,720,115,35,29,1,-1,-1,-1
410,591,719,115,35,29,1,-1,-1,-1
411,591,718,115,37,30,1,-1,-1,-1
412,591,719,116,34,29,1,-1,-1,-1
413,591,718,118,34,28,1,-1,-1,-1
414,591,716,118,35,28,1,-1,-1,-1
415,591,715,117,36,31,1,-1,-1,-1
416,591,712,116,38,31,1,-1,-1,-1
417,591,711,115,38,34,1,-1,-1,-1
418,591,710,114,38,35,1,-1,-1,-1
419,591,708,113,40,38,1,-1,-1,-1
420,591,705,116,42,37,1,-1,-1,-1
421,591,699,113,48,40,1,-1,-1,-1
422,591,695,112,48,40,1,-1,-1,-1
423,591,695,111,47,43,1,-1,-1,-1
424,591,697,111,44,45,1,-1,-1,-1
425,591,697,112,42,44,1,-1,-1,-1
426,591,694,111,43,48,1,-1,-1,-1
427,591,692,113,44,45,1,-1,-1,-1
428,591,689,118,49,43,1,-1,-1,-1
429,591,686,126,50,36,1,-1,-1,-1
430,591,684,127,48,38,1,-1,-1,-1
431,591,680,128,47,39,1,-1,-1,-1
432,591,678,129,48,41,1,-1,-1,-1
433,591,676,129,47,42,1,-1,-1,-1
434,591,672,128,50,46,1,-1,-1,-1
435,591,666,131,54,45,1,-1,-1,-1
436,591,665,134,52,45,1,-1,-1,-1
437,591,661,134,55,47,1,-1,-1,-1
438,591,657,133,55,51,1,-1,-1,-1
439,591,652,139,56,49,1,-1,-1,-1
440,591,648,140,59,50,1,-1,-1,-1
441,591,643,143,61,49,1,-1,-1,-1
442,591,638,147,60,49,1,-1,-1,-1
443,591,635,146,61,53,1,-1,-1,-1
444,591,630,147,65,54,1,-1,-1,-1
445,591,625,149,67,55,1,-1,-1,-1
446,591,621,152,65,57,1,-1,-1,-1
447,591,613,154,70,58,1,-1,-1,-1
448,591,609,155,71,61,1,-1,-1,-1
449,591,602,160,74,62,1,-1,-1,-1
450,591,596,164,75,63,1,-1,-1,-1
451,591,590,166,76,67,1,-1,-1,-1
452,591,582,168,80,69,1,-1,-1,-1
453,591,574,172,82,72,1,-1,-1,-1
454,591,567,175,83,75,1,-1,-1,-1
455,591,559,180,86,79,1,-1,-1,-1
456,591,550,182,91,85,1,-1,-1,-1
457,591,540,188,95,85,1,-1,-1,-1
458,591,532,192,99,92,1,-1,-1,-1
459,591,522,199,100,94,1,-1,-1,-1
460,591,510,206,105,98,1,-1,-1,-1
461,591,497,214,112,102,1,-1,-1,-1
462,591,483,220,118,106,1,-1,-1,-1
463,591,467,230,122,110,1,-1,-1,-1
464,591,450,238,128,117,1,-1,-1,-1
465,591,432,247,137,124,1,-1,-1,-1
466,591,412,258,144,134,1,-1,-1,-1
467,591,387,270,155,142,1,-1,-1,-1
468,591,363,285,163,150,1,-1,-1,-1
469,591,334,300,176,162,1,-1,-1,-1
470,591,304,317,186,174,1,-1,-1,-1
471,591,268,335,202,191,1,-1,-1,-1
472,591,227,360,217,208,1,-1,-1,-1
473,591,177,388,239,226,1,-1,-1,-1
474,591,120,415,268,258,1,-1,-1,-1
475,591,52,462,295,276,1,-1,-1,-1
476,591,0,510,303,305,1,-1,-1,-1
477,591,0,564,248,347,1,-1,-1,-1
478,591,1,632,181,404,1,-1,-1,-1
401,594,886,103,28,25,1,-1,-1,-1
402,594,884,103,29,25,1,-1,-1,-1
403,594,879,104,31,25,1,-1,-1,-1
404,594,876,103,43,26,1,-1,-1,-1
405,594,872,104,30,23,1,-1,-1,-1
406,594,867,104,33,24,1,-1,-1,-1
407,594,863,104,33,24,1,-1,-1,-1
408,594,858,103,33,25,1,-1,-1,-1
409,594,852,104,34,25,1,-1,-1,-1
410,594,849,104,31,24,1,-1,-1,-1
411,594,844,105,34,24,1,-1,-1,-1
412,594,840,104,34,24,1,-1,-1,-1
413,594,836,103,32,24,1,-1,-1,-1
414,594,831,104,35,25,1,-1,-1,-1
415,594,828,104,34,24,1,-1,-1,-1
416,594,825,104,32,23,1,-1,-1,-1
417,594,822,103,32,22,1,-1,-1,-1
418,594,818,102,31,22,1,-1,-1,-1
419,594,814,103,31,23,1,-1,-1,-1
420,594,810,104,32,23,1,-1,-1,-1
423,594,800,103,30,22,1,-1,-1,-1
424,594,796,104,31,22,1,-1,-1,-1
411,596,661,108,26,28,1,-1,-1,-1
412,596,660,108,32,28,1,-1,-1,-1
413,596,664,108,32,28,1,-1,-1,-1
414,596,666,109,34,26,1,-1,-1,-1
415,596,669,110,35,26,1,-1,-1,-1
416,596,670,110,37,27,1,-1,-1,-1
417,596,673,109,35,26,1,-1,-1,-1
430,596,712,111,32,26,1,-1,-1,-1
431,596,712,110,34,28,1,-1,-1,-1
432,596,714,111,34,29,1,-1,-1,-1
433,596,716,110,33,30,1,-1,-1,-1
434,596,720,111,30,30,1,-1,-1,-1
435,596,721,112,31,29,1,-1,-1,-1
436,596,721,112,32,29,1,-1,-1,-1
437,596,721,112,33,29,1,-1,-1,-1
438,596,722,111,32,30,1,-1,-1,-1
439,596,722,112,33,29,1,-1,-1,-1
440,596,722,114,33,27,1,-1,-1,-1
441,596,722,115,35,26,1,-1,-1,-1
442,596,723,114,34,27,1,-1,-1,-1
443,596,724,114,35,28,1,-1,-1,-1
444,596,724,113,35,30,1,-1,-1,-1
445,596,725,109,38,33,1,-1,-1,-1
446,596,725,109,37,34,1,-1,-1,-1
447,596,725,109,36,35,1,-1,-1,-1
448,596,724,110,34,35,1,-1,-1,-1
449,596,723,110,35,36,1,-1,-1,-1
450,596,720,111,37,35,1,-1,-1,-1
451,596,717,113,40,34,1,-1,-1,-1
452,596,719,114,37,34,1,-1,-1,-1
453,596,716,116,38,33,1,-1,-1,-1
454,596,715,115,38,34,1,-1,-1,-1
455,596,713,117,41,32,1,-1,-1,-1
456,596,711,118,41,32,1,-1,-1,-1
457,596,709,114,42,37,1,-1,-1,-1
458,596,707,112,43,39,1,-1,-1,-1
459,596,702,111,49,40,1,-1,-1,-1
460,596,701,110,50,44,1,-1,-1,-1
461,596,699,115,51,41,1,-1,-1,-1
462,596,698,111,49,45,1,-1,-1,-1
463,596,699,118,47,40,1,-1,-1,-1
464,596,695,118,50,41,1,-1,-1,-1
465,596,693,119,48,41,1,-1,-1,-1
466,596,689,121,49,42,1,-1,-1,-1
467,596,688,118,51,46,1,-1,-1,-1
468,596,687,123,49,42,1,-1,-1,-1
469,596,683,122,53,46,1,-1,-1,-1
470,596,680,129,53,43,1,-1,-1,-1
471,596,678,129,54,45,1,-1,-1,-1
472,596,676,128,55,48,1,-1,-1,-1
473,596,674,130,56,48,1,-1,-1,-1
474,596,671,129,58,51,1,-1,-1,-1
475,596,667,127,60,53,1,-1,-1,-1
476,596,662,122,63,62,1,-1,-1,-1
477,596,661,128,60,58,1,-1,-1,-1
478,596,659,130,60,57,1,-1,-1,-1
479,596,655,130,62,60,1,-1,-1,-1
480,596,651,135,65,58,1,-1,-1,-1
481,596,649,138,64,58,1,-1,-1,-1
482,596,645,143,66,56,1,-1,-1,-1
483,596,640,140,71,61,1,-1,-1,-1
484,596,637,142,72,63,1,-1,-1,-1
485,596,633,142,74,64,1,-1,-1,-1
486,596,632,143,75,66,1,-1,-1,-1
487,596,630,145,74,66,1,-1,-1,-1
488,596,626,145,76,69,1,-1,-1,-1
489,596,622,147,78,71,1,-1,-1,-1
490,596,621,148,75,73,1,-1,-1,-1
491,596,614,148,81,77,1,-1,-1,-1
492,596,610,152,81,77,1,-1,-1,-1
493,596,606,153,84,80,1,-1,-1,-1
494,596,602,156,86,81,1,-1,-1,-1
495,596,599,157,88,83,1,-1,-1,-1
496,596,597,158,89,86,1,-1,-1,-1
497,596,591,165,94,82,1,-1,-1,-1
498,596,588,169,93,82,1,-1,-1,-1
499,596,582,169,99,89,1,-1,-1,-1
500,596,577,172,100,89,1,-1,-1,-1
501,596,570,175,104,91,1,-1,-1,-1
502,596,561,176,109,94,1,-1,-1,-1
503,596,554,181,109,96,1,-1,-1,-1
504,596,549,184,113,96,1,-1,-1,-1
505,596,537,184,121,104,1,-1,-1,-1
506,596,526,189,125,106,1,-1,-1,-1
507,596,514,194,130,105,1,-1,-1,-1
508,596,501,196,136,110,1,-1,-1,-1
509,596,486,199,145,113,1,-1,-1,-1
510,596,472,203,150,116,1,-1,-1,-1
511,596,453,206,160,121,1,-1,-1,-1
512,596,435,212,167,120,1,-1,-1,-1
513,596,414,215,175,123,1,-1,-1,-1
514,596,391,218,187,127,1,-1,-1,-1
515,596,367,224,195,130,1,-1,-1,-1
516,596,339,227,206,135,1,-1,-1,-1
517,596,307,231,220,138,1,-1,-1,-1
518,596,275,239,232,140,1,-1,-1,-1
519,596,240,245,247,141,1,-1,-1,-1
520,596,200,250,260,145,1,-1,-1,-1
521,596,160,256,274,149,1,-1,-1,-1
522,596,114,262,291,153,1,-1,-1,-1
523,596,69,271,304,154,1,-1,-1,-1
524,596,20,276,321,160,1,-1,-1,-1
525,596,0,286,302,161,1,-1,-1,-1
526,596,0,291,264,166,1,-1,-1,-1
527,596,0,298,219,139,1,-1,-1,-1
528,596,0,306,174,133,1,-1,-1,-1
529,596,0,333,124,111,1,-1,-1,-1
530,596,0,337,71,117,1,-1,-1,-1
414,597,929,103,27,27,1,-1,-1,-1
415,597,926,102,27,27,1,-1,-1,-1
418,597,913,101,30,26,1,-1,-1,-1
420,597,903,102,29,25,1,-1,-1,-1
421,597,900,102,29,24,1,-1,-1,-1
422,597,895,101,30,26,1,-1,-1,-1
423,597,892,101,30,25,1,-1,-1,-1
424,597,886,101,32,25,1,-1,-1,-1
425,597,882,101,34,24,1,-1,-1,-1
426,597,877,101,30,24,1,-1,-1,-1
427,597,873,103,33,24,1,-1,-1,-1
428,597,869,103,32,25,1,-1,-1,-1
429,597,866,101,32,24,1,-1,-1,-1
430,597,860,102,38,24,1,-1,-1,-1
431,597,857,100,33,24,1,-1,-1,-1
432,597,851,102,30,23,1,-1,-1,-1
433,597,846,103,28,24,1,-1,-1,-1
434,597,841,101,29,23,1,-1,-1,-1
435,597,839,100,28,24,1,-1,-1,-1
436,597,831,101,29,23,1,-1,-1,-1
437,597,828,100,29,23,1,-1,-1,-1
438,597,825,103,32,23,1,-1,-1,-1
439,597,821,104,31,23,1,-1,-1,-1
445,597,799,105,32,23,1,-1,-1,-1
447,597,792,103,36,22,1,-1,-1,-1
439,599,1809,614,111,172,1,-1,-1,-1
440,599,1732,552,187,214,1,-1,-1,-1
441,599,1665,508,253,192,1,-1,-1,-1
442,599,1609,468,276,175,1,-1,-1,-1
443,599,1557,435,253,162,1,-1,-1,-1
444,599,1513,406,233,150,1,-1,-1,-1
445,599,1474,383,214,138,1,-1,-1,-1
446,599,1437,359,200,129,1,-1,-1,-1
447,599,1404,338,187,122,1,-1,-1,-1
448,599,1377,321,173,114,1,-1,-1,-1
449,599,1349,303,164,109,1,-1,-1,-1
450,599,1323,291,152,103,1,-1,-1,-1
451,599,1302,279,143,96,1,-1,-1,-1
452,599,1279,268,137,91,1,-1,-1,-1
453,599,1260,258,129,86,1,-1,-1,-1
454,599,1244,248,122,80,1,-1,-1,-1
455,599,1229,240,114,78,1,-1,-1,-1
456,599,1211,232,112,75,1,-1,-1,-1
457,599,1197,222,108,72,1,-1,-1,-1
458,599,1184,217,101,69,1,-1,-1,-1
459,599,1173,211,97,65,1,-1,-1,-1
460,599,1161,203,95,64,1,-1,-1,-1
461,599,1153,198,86,63,1,-1,-1,-1
462,599,1142,192,86,60,1,-1,-1,-1
463,599,1130,185,83,60,1,-1,-1,-1
464,599,1120,183,81,56,1,-1,-1,-1
465,599,1111,178,79,55,1,-1,-1,-1
466,599,1104,176,77,51,1,-1,-1,-1
467,599,1096,171,73,52,1,-1,-1,-1
468,599,1089,169,70,48,1,-1,-1,-1
469,599,1083,165,68,48,1,-1,-1,-1
470,599,1080,163,65,46,1,-1,-1,-1
471,599,1073,160,64,45,1,-1,-1,-1
472,599,1065,156,64,43,1,-1,-1,-1
473,599,1058,155,63,41,1,-1,-1,-1
474,599,1055,154,59,41,1,-1,-1,-1
475,599,1049,151,59,39,1,-1,-1,-1
476,599,1042,147,59,40,1,-1,-1,-1
477,599,1036,144,58,39,1,-1,-1,-1
478,599,1034,142,56,39,1,-1,-1,-1
479,599,1027,143,54,35,1,-1,-1,-1
480,599,1024,141,51,35,1,-1,-1,-1
481,599,1019,136,52,37,1,-1,-1,-1
482,599,1013,135,53,34,1,-1,-1,-1
483,599,1010,134,51,35,1,-1,-1,-1
484,599,1008,133,48,34,1,-1,-1,-1
485,599,1004,132,48,30,1,-1,-1,-1
486,599,1001,130,48,30,1,-1,-1,-1
487,599,1000,130,45,29,1,-1,-1,-1
488,599,994,128,46,29,1,-1,-1,-1
489,599,990,127,44,28,1,-1,-1,-1
490,599,986,126,43,27,1,-1,-1,-1
491,599,982,124,42,28,1,-1,-1,-1
492,599,980,122,41,29,1,-1,-1,-1
493,599,978,122,39,27,1,-1,-1,-1
494,599,975,122,37,27,1,-1,-1,-1
495,599,971,121,39,26,1,-1,-1,-1
496,599,969,121,37,26,1,-1,-1,-1
497,599,967,121,37,24,1,-1,-1,-1
498,599,964,119,37,23,1,-1,-1,-1
499,599,963,119,35,23,1,-1,-1,-1
500,599,961,115,35,24,1,-1,-1,-1
501,599,957,116,35,23,1,-1,-1,-1
502,599,955,115,35,24,1,-1,-1,-1
503,599,950,116,36,24,1,-1,-1,-1
504,599,947,114,34,23,1,-1,-1,-1
505,599,945,112,32,24,1,-1,-1,-1
506,599,942,112,31,24,1,-1,-1,-1
507,599,941,113,29,24,1,-1,-1,-1
508,599,937,112,32,24,1,-1,-1,-1
509,599,936,112,31,24,1,-1,-1,-1
510,599,933,111,30,23,1,-1,-1,-1
511,599,931,111,30,23,1,-1,-1,-1
512,599,928,111,31,23,1,-1,-1,-1
513,599,925,110,31,24,1,-1,-1,-1
514,599,922,108,29,24,1,-1,-1,-1
515,599,919,108,29,24,1,-1,-1,-1
516,599,916,109,27,23,1,-1,-1,-1
517,599,913,108,28,24,1,-1,-1,-1
518,599,908,108,29,24,1,-1,-1,-1
519,599,906,108,27,24,1,-1,-1,-1
520,599,901,108,26,23,1,-1,-1,-1
521,599,896,107,28,23,1,-1,-1,-1
522,599,893,107,28,23,1,-1,-1,-1
523,599,890,107,29,23,1,-1,-1,-1
524,599,887,107,29,23,1,-1,-1,-1
525,599,885,107,29,23,1,-1,-1,-1
526,599,881,107,27,23,1,-1,-1,-1
527,599,877,108,27,23,1,-1,-1,-1
528,599,872,107,28,23,1,-1,-1,-1
529,599,869,106,27,23,1,-1,-1,-1
530,599,863,106,32,23,1,-1,-1,-1
531,599,859,107,30,24,1,-1,-1,-1
532,599,854,106,29,24,1,-1,-1,-1
533,599,849,106,28,23,1,-1,-1,-1
534,599,845,106,26,23,1,-1,-1,-1
535,599,839,106,29,23,1,-1,-1,-1
536,599,835,106,28,24,1,-1,-1,-1
537,599,831,104,28,24,1,-1,-1,-1
538,599,826,106,28,23,1,-1,-1,-1
539,599,823,104,26,24,1,-1,-1,-1
540,599,818,104,28,23,1,-1,-1,-1
541,599,813,103,30,23,1,-1,-1,-1
542,599,808,104,28,23,1,-1,-1,-1
544,599,800,105,26,21,1,-1,-1,-1
545,599,795,105,26,21,1,-1,-1,-1
568,599,696,110,29,26,1,-1,-1,-1
569,599,697,110,28,27,1,-1,-1,-1
570,599,701,109,26,28,1,-1,-1,-1
571,599,702,109,25,29,1,-1,-1,-1
572,599,703,109,25,29,1,-1,-1,-1
573,599,702,110,27,28,1,-1,-1,-1
574,599,701,111,28,27,1,-1,-1,-1
575,599,704,113,27,24,1,-1,-1,-1
576,599,705,114,28,23,1,-1,-1,-1
577,599,705,113,30,25,1,-1,-1,-1
579,599,711,114,26,24,1,-1,-1,-1
584,599,719,116,25,24,1,-1,-1,-1
585,599,718,113,27,26,1,-1,-1,-1
586,599,719,116,26,24,1,-1,-1,-1
587,599,720,116,25,25,1,-1,-1,-1
588,599,719,115,29,26,1,-1,-1,-1
589,599,719,115,30,25,1,-1,-1,-1
590,599,720,115,29,25,1,-1,-1,-1
591,599,721,114,28,27,1,-1,-1,-1
592,599,721,115,27,26,1,-1,-1,-1
593,599,721,115,28,26,1,-1,-1,-1
594,599,721,115,28,27,1,-1,-1,-1
595,599,721,115,27,27,1,-1,-1,-1
596,599,720,116,28,28,1,-1,-1,-1
597,599,720,116,28,29,1,-1,-1,-1
598,599,719,116,28,29,1,-1,-1,-1
599,599,718,116,28,29,1,-1,-1,-1
600,599,716,115,30,30,1,-1,-1,-1
601,599,713,116,33,29,1,-1,-1,-1
602,599,712,116,34,29,1,-1,-1,-1
603,599,711,115,34,30,1,-1,-1,-1
604,599,710,116,35,30,1,-1,-1,-1
605,599,709,117,34,29,1,-1,-1,-1
606,599,710,117,34,29,1,-1,-1,-1
607,599,709,116,33,31,1,-1,-1,-1
608,599,708,116,35,31,1,-1,-1,-1
609,599,706,115,35,33,1,-1,-1,-1
610,599,706,116,33,32,1,-1,-1,-1
611,599,706,118,32,31,1,-1,-1,-1
612,599,704,118,33,32,1,-1,-1,-1
613,599,703,118,33,33,1,-1,-1,-1
614,599,699,119,35,32,1,-1,-1,-1
615,599,698,119,34,32,1,-1,-1,-1
616,599,696,120,35,32,1,-1,-1,-1
617,599,696,122,35,30,1,-1,-1,-1
618,599,695,122,36,31,1,-1,-1,-1
619,599,693,123,36,32,1,-1,-1,-1
620,599,693,123,37,33,1,-1,-1,-1
621,599,691,123,39,33,1,-1,-1,-1
622,599,689,124,40,32,1,-1,-1,-1
623,599,687,124,41,32,1,-1,-1,-1
624,599,687,126,38,31,1,-1,-1,-1
625,599,686,128,37,29,1,-1,-1,-1
626,599,685,127,36,31,1,-1,-1,-1
627,599,682,127,38,31,1,-1,-1,-1
628,599,680,127,38,33,1,-1,-1,-1
629,599,677,125,40,35,1,-1,-1,-1
630,599,678,126,39,36,1,-1,-1,-1
631,599,678,127,38,35,1,-1,-1,-1
632,599,677,129,38,34,1,-1,-1,-1
633,599,675,129,40,35,1,-1,-1,-1
634,599,673,128,41,38,1,-1,-1,-1
635,599,673,128,40,38,1,-1,-1,-1
636,599,669,129,45,38,1,-1,-1,-1
637,599,670,129,43,38,1,-1,-1,-1
638,599,669,129,44,40,1,-1,-1,-1
639,599,666,128,46,43,1,-1,-1,-1
640,599,667,129,44,45,1,-1,-1,-1
641,599,666,128,44,46,1,-1,-1,-1
642,599,665,130,45,46,1,-1,-1,-1
643,599,665,130,46,46,1,-1,-1,-1
644,599,664,130,46,47,1,-1,-1,-1
645,599,663,130,48,48,1,-1,-1,-1
646,599,663,132,47,46,1,-1,-1,-1
647,599,663,133,46,46,1,-1,-1,-1
648,599,663,136,47,44,1,-1,-1,-1
649,599,660,135,49,46,1,-1,-1,-1
650,599,660,137,47,45,1,-1,-1,-1
651,599,659,135,47,48,1,-1,-1,-1
652,599,657,138,48,46,1,-1,-1,-1
653,599,656,138,49,48,1,-1,-1,-1
654,599,655,139,50,48,1,-1,-1,-1
655,599,653,140,50,47,1,-1,-1,-1
656,599,653,139,49,49,1,-1,-1,-1
657,599,650,143,52,47,1,-1,-1,-1
658,599,649,143,53,48,1,-1,-1,-1
659,599,647,143,54,50,1,-1,-1,-1
660,599,647,145,54,48,1,-1,-1,-1
661,599,647,145,53,49,1,-1,-1,-1
662,599,646,146,53,50,1,-1,-1,-1
663,599,645,147,53,50,1,-1,-1,-1
664,599,643,148,54,50,1,-1,-1,-1
665,599,642,150,55,49,1,-1,-1,-1
666,599,640,149,55,51,1,-1,-1,-1
667,599,639,150,55,51,1,-1,-1,-1
668,599,638,150,56,53,1,-1,-1,-1
669,599,635,150,56,54,1,-1,-1,-1
670,599,633,152,58,52,1,-1,-1,-1
671,599,634,152,58,55,1,-1,-1,-1
672,599,632,153,58,54,1,-1,-1,-1
673,599,633,152,57,55,1,-1,-1,-1
674,599,631,154,58,56,1,-1,-1,-1
675,599,629,155,60,56,1,-1,-1,-1
676,599,628,153,61,58,1,-1,-1,-1
677,599,626,154,61,59,1,-1,-1,-1
678,599,624,157,62,59,1,-1,-1,-1
679,599,622,156,62,61,1,-1,-1,-1
680,599,621,156,63,61,1,-1,-1,-1
681,599,619,160,63,58,1,-1,-1,-1
682,599,617,160,64,60,1,-1,-1,-1
683,599,616,161,64,60,1,-1,-1,-1
684,599,613,162,66,60,1,-1,-1,-1
685,599,612,163,65,60,1,-1,-1,-1
686,599,611,164,66,60,1,-1,-1,-1
687,599,610,165,66,60,1,-1,-1,-1
688,599,608,165,67,62,1,-1,-1,-1
689,599,608,167,65,61,1,-1,-1,-1
690,599,606,166,66,62,1,-1,-1,-1
691,599,604,167,67,64,1,-1,-1,-1
692,599,603,168,69,63,1,-1,-1,-1
693,599,601,169,69,65,1,-1,-1,-1
694,599,599,169,70,66,1,-1,-1,-1
695,599,596,171,70,65,1,-1,-1,-1
696,599,596,171,71,66,1,-1,-1,-1
697,599,593,170,70,68,1,-1,-1,-1
698,599,593,173,69,67,1,-1,-1,-1
699,599,591,174,71,67,1,-1,-1,-1
700,599,589,174,73,68,1,-1,-1,-1
701,599,589,174,70,69,1,-1,-1,-1
702,599,588,175,70,68,1,-1,-1,-1
703,599,585,177,72,69,1,-1,-1,-1
704,599,584,178,73,69,1,-1,-1,-1
705,599,583,177,73,70,1,-1,-1,-1
706,599,582,177,74,70,1,-1,-1,-1
707,599,580,181,75,67,1,-1,-1,-1
708,599,579,180,75,69,1,-1,-1,-1
709,599,578,179,76,71,1,-1,-1,-1
710,599,576,179,76,70,1,-1,-1,-1
711,599,575,180,76,70,1,-1,-1,-1
712,599,574,182,76,70,1,-1,-1,-1
713,599,573,182,78,72,1,-1,-1,-1
714,599,572,183,79,72,1,-1,-1,-1
715,599,571,184,79,70,1,-1,-1,-1
716,599,570,183,79,73,1,-1,-1,-1
717,599,569,183,79,74,1,-1,-1,-1
718,599,570,185,79,74,1,-1,-1,-1
719,599,570,186,78,73,1,-1,-1,-1
720,599,568,185,79,75,1,-1,-1,-1
721,599,567,186,77,76,1,-1,-1,-1
722,599,565,187,79,73,1,-1,-1,-1
723,599,564,188,79,73,1,-1,-1,-1
724,599,564,189,79,73,1,-1,-1,-1
725,599,564,189,78,74,1,-1,-1,-1
726,599,561,189,80,75,1,-1,-1,-1
727,599,561,189,80,74,1,-1,-1,-1
728,599,561,190,81,73,1,-1,-1,-1
729,599,561,191,81,73,1,-1,-1,-1
730,599,561,193,80,73,1,-1,-1,-1
731,599,560,192,82,74,1,-1,-1,-1
732,599,558,193,83,75,1,-1,-1,-1
733,599,558,194,82,73,1,-1,-1,-1
734,599,558,194,82,74,1,-1,-1,-1
735,599,557,195,84,75,1,-1,-1,-1
736,599,556,195,83,75,1,-1,-1,-1
737,599,555,195,84,76,1,-1,-1,-1
738,599,554,195,83,76,1,-1,-1,-1
739,599,552,195,85,76,1,-1,-1,-1
740,599,552,196,85,75,1,-1,-1,-1
741,599,551,195,86,76,1,-1,-1,-1
742,599,550,195,87,75,1,-1,-1,-1
743,599,549,196,88,75,1,-1,-1,-1
744,599,549,195,88,76,1,-1,-1,-1
745,599,551,194,85,76,1,-1,-1,-1
746,599,550,195,84,76,1,-1,-1,-1
747,599,549,196,84,76,1,-1,-1,-1
748,599,548,196,85,75,1,-1,-1,-1
749,599,547,197,86,74,1,-1,-1,-1
750,599,546,197,87,75,1,-1,-1,-1
751,599,545,197,89,75,1,-1,-1,-1
752,599,545,197,88,76,1,-1,-1,-1
753,599,543,197,88,76,1,-1,-1,-1
754,599,543,198,89,75,1,-1,-1,-1
755,599,543,198,88,76,1,-1,-1,-1
756,599,543,198,88,77,1,-1,-1,-1
757,599,543,198,89,78,1,-1,-1,-1
758,599,543,198,87,76,1,-1,-1,-1
759,599,542,200,88,76,1,-1,-1,-1
760,599,541,200,89,75,1,-1,-1,-1
761,599,541,200,90,77,1,-1,-1,-1
762,599,541,201,89,77,1,-1,-1,-1
763,599,541,201,89,77,1,-1,-1,-1
764,599,542,201,86,76,1,-1,-1,-1
765,599,541,201,88,77,1,-1,-1,-1
766,599,540,201,88,78,1,-1,-1,-1
767,599,540,201,88,79,1,-1,-1,-1
768,599,540,201,88,79,1,-1,-1,-1
769,599,539,200,89,80,1,-1,-1,-1
770,599,539,200,89,80,1,-1,-1,-1
771,599,537,200,90,80,1,-1,-1,-1
772,599,537,200,90,81,1,-1,-1,-1
773,599,536,201,91,80,1,-1,-1,-1
774,599,536,201,90,80,1,-1,-1,-1
775,599,537,201,89,79,1,-1,-1,-1
776,599,537,202,88,79,1,-1,-1,-1
777,599,537,203,88,78,1,-1,-1,-1
778,599,536,203,89,79,1,-1,-1,-1
779,599,536,203,89,79,1,-1,-1,-1
780,599,536,203,90,79,1,-1,-1,-1
781,599,534,202,90,80,1,-1,-1,-1
782,599,534,201,90,80,1,-1,-1,-1
783,599,535,201,91,81,1,-1,-1,-1
784,599,535,202,91,80,1,-1,-1,-1
785,599,534,201,90,80,1,-1,-1,-1
786,599,535,202,90,80,1,-1,-1,-1
787,599,534,202,90,80,1,-1,-1,-1
788,599,534,202,90,80,1,-1,-1,-1
789,599,534,202,90,80,1,-1,-1,-1
790,599,534,202,90,80,1,-1,-1,-1
791,599,533,202,92,81,1,-1,-1,-1
792,599,533,202,92,81,1,-1,-1,-1
793,599,533,202,91,82,1,-1,-1,-1
794,599,534,202,91,83,1,-1,-1,-1
795,599,534,202,91,82,1,-1,-1,-1
796,599,534,202,92,82,1,-1,-1,-1
797,599,533,202,92,81,1,-1,-1,-1
798,599,534,201,91,81,1,-1,-1,-1
799,599,534,201,92,81,1,-1,-1,-1
800,599,534,202,93,81,1,-1,-1,-1
801,599,534,203,91,82,1,-1,-1,-1
802,599,533,202,91,81,1,-1,-1,-1
803,599,533,202,91,82,1,-1,-1,-1
804,599,534,202,90,80,1,-1,-1,-1
805,599,535,202,90,80,1,-1,-1,-1
806,599,535,202,90,79,1,-1,-1,-1
807,599,535,202,90,80,1,-1,-1,-1
808,599,535,202,90,80,1,-1,-1,-1
809,599,535,203,91,80,1,-1,-1,-1
810,599,534,203,91,81,1,-1,-1,-1
811,599,536,202,91,80,1,-1,-1,-1
812,599,535,202,91,80,1,-1,-1,-1
813,599,535,202,92,80,1,-1,-1,-1
814,599,534,202,92,80,1,-1,-1,-1
815,599,535,201,92,80,1,-1,-1,-1
816,599,535,201,92,80,1,-1,-1,-1
817,599,535,201,91,81,1,-1,-1,-1
818,599,535,201,91,81,1,-1,-1,-1
819,599,534,201,92,81,1,-1,-1,-1
820,599,534,202,92,81,1,-1,-1,-1
821,599,535,202,91,80,1,-1,-1,-1
822,599,535,202,90,80,1,-1,-1,-1
823,599,534,201,91,81,1,-1,-1,-1
824,599,535,202,91,80,1,-1,-1,-1
825,599,534,201,93,81,1,-1,-1,-1
826,599,534,201,93,80,1,-1,-1,-1
827,599,534,201,93,80,1,-1,-1,-1
828,599,534,201,92,81,1,-1,-1,-1
829,599,534,201,90,81,1,-1,-1,-1
830,599,534,201,90,81,1,-1,-1,-1
831,599,535,201,89,81,1,-1,-1,-1
832,599,535,201,89,81,1,-1,-1,-1
833,599,534,201,89,81,1,-1,-1,-1
834,599,535,202,89,80,1,-1,-1,-1
835,599,533,202,91,81,1,-1,-1,-1
836,599,535,201,89,80,1,-1,-1,-1
837,599,535,202,89,80,1,-1,-1,-1
838,599,534,202,91,81,1,-1,-1,-1
839,599,535,202,90,81,1,-1,-1,-1
840,599,534,202,91,82,1,-1,-1,-1
841,599,535,202,91,81,1,-1,-1,-1
842,599,535,202,90,80,1,-1,-1,-1
843,599,534,202,92,81,1,-1,-1,-1
844,599,534,202,91,81,1,-1,-1,-1
845,599,534,202,92,80,1,-1,-1,-1
846,599,534,203,91,80,1,-1,-1,-1
847,599,534,203,91,80,1,-1,-1,-1
848,599,534,203,91,81,1,-1,-1,-1
849,599,534,202,91,81,1,-1,-1,-1
850,599,534,202,91,81,1,-1,-1,-1
851,599,535,202,90,80,1,-1,-1,-1
852,599,535,203,90,80,1,-1,-1,-1
853,599,534,202,90,80,1,-1,-1,-1
854,599,534,202,90,80,1,-1,-1,-1
855,599,534,202,90,80,1,-1,-1,-1
856,599,533,203,91,81,1,-1,-1,-1
857,599,533,203,91,81,1,-1,-1,-1
858,599,533,203,91,81,1,-1,-1,-1
859,599,533,203,91,81,1,-1,-1,-1
860,599,533,203,91,81,1,-1,-1,-1
861,599,534,202,91,81,1,-1,-1,-1
862,599,534,202,90,81,1,-1,-1,-1
863,599,535,202,89,81,1,-1,-1,-1
864,599,535,201,90,81,1,-1,-1,-1
865,599,535,201,90,81,1,-1,-1,-1
866,599,535,201,89,81,1,-1,-1,-1
867,599,535,201,89,81,1,-1,-1,-1
868,599,535,201,90,81,1,-1,-1,-1
869,599,535,202,89,80,1,-1,-1,-1
870,599,535,202,89,80,1,-1,-1,-1
871,599,534,202,91,81,1,-1,-1,-1
872,599,534,202,91,81,1,-1,-1,-1
873,599,534,202,91,81,1,-1,-1,-1
874,599,534,202,91,81,1,-1,-1,-1
875,599,534,202,91,81,1,-1,-1,-1
876,599,534,202,91,81,1,-1,-1,-1
877,599,534,202,92,81,1,-1,-1,-1
878,599,534,202,92,81,1,-1,-1,-1
879,599,533,202,92,82,1,-1,-1,-1
880,599,534,203,92,82,1,-1,-1,-1
881,599,534,202,91,81,1,-1,-1,-1
882,599,534,202,91,81,1,-1,-1,-1
883,599,534,202,91,81,1,-1,-1,-1
884,599,535,202,91,81,1,-1,-1,-1
885,599,535,202,90,81,1,-1,-1,-1
886,599,535,202,90,80,1,-1,-1,-1
887,599,534,202,90,79,1,-1,-1,-1
888,599,535,202,90,79,1,-1,-1,-1
889,599,535,202,91,80,1,-1,-1,-1
890,599,534,202,91,80,1,-1,-1,-1
891,599,533,202,92,81,1,-1,-1,-1
892,599,535,202,90,80,1,-1,-1,-1
893,599,533,202,92,80,1,-1,-1,-1
894,599,533,202,92,81,1,-1,-1,-1
895,599,533,203,92,81,1,-1,-1,-1
896,599,533,202,92,81,1,-1,-1,-1
897,599,534,202,92,80,1,-1,-1,-1
898,599,533,203,92,79,1,-1,-1,-1
899,599,533,203,92,79,1,-1,-1,-1
900,599,534,202,92,80,1,-1,-1,-1
901,599,533,203,92,82,1,-1,-1,-1
902,599,533,202,92,82,1,-1,-1,-1
903,599,533,202,93,82,1,-1,-1,-1
904,599,534,202,91,80,1,-1,-1,-1
905,599,533,202,93,81,1,-1,-1,-1
906,599,533,202,93,80,1,-1,-1,-1
907,599,534,203,92,81,1,-1,-1,-1
908,599,534,202,91,80,1,-1,-1,-1
909,599,533,203,93,81,1,-1,-1,-1
910,599,533,203,92,80,1,-1,-1,-1
911,599,534,202,92,81,1,-1,-1,-1
912,599,534,202,91,81,1,-1,-1,-1
913,599,533,202,92,80,1,-1,-1,-1
914,599,533,202,92,80,1,-1,-1,-1
915,599,534,203,92,80,1,-1,-1,-1
916,599,534,203,92,80,1,-1,-1,-1
917,599,534,203,92,80,1,-1,-1,-1
918,599,534,203,91,79,1,-1,-1,-1
919,599,534,203,91,79,1,-1,-1,-1
920,599,534,203,91,79,1,-1,-1,-1
921,599,534,202,90,81,1,-1,-1,-1
922,599,534,202,90,81,1,-1,-1,-1
923,599,534,202,90,80,1,-1,-1,-1
924,599,533,203,91,79,1,-1,-1,-1
925,599,533,203,91,80,1,-1,-1,-1
926,599,534,203,92,80,1,-1,-1,-1
927,599,533,203,92,79,1,-1,-1,-1
928,599,533,203,92,80,1,-1,-1,-1
929,599,533,203,92,80,1,-1,-1,-1
930,599,533,203,92,80,1,-1,-1,-1
931,599,535,203,91,80,1,-1,-1,-1
932,599,534,202,91,80,1,-1,-1,-1
933,599,534,203,92,80,1,-1,-1,-1
934,599,534,202,92,81,1,-1,-1,-1
935,599,534,203,92,80,1,-1,-1,-1
936,599,534,203,92,80,1,-1,-1,-1
937,599,534,203,92,80,1,-1,-1,-1
938,599,534,203,92,81,1,-1,-1,-1
939,599,534,202,91,81,1,-1,-1,-1
940,599,534,203,91,80,1,-1,-1,-1
941,599,535,202,89,80,1,-1,-1,-1
942,599,535,202,89,80,1,-1,-1,-1
943,599,535,202,89,80,1,-1,-1,-1
944,599,536,202,88,80,1,-1,-1,-1
945,599,535,202,89,80,1,-1,-1,-1
946,599,535,202,89,80,1,-1,-1,-1
947,599,535,202,89,80,1,-1,-1,-1
948,599,534,203,90,82,1,-1,-1,-1
949,599,535,202,91,82,1,-1,-1,-1
950,599,534,203,90,81,1,-1,-1,-1
951,599,535,202,90,82,1,-1,-1,-1
952,599,534,202,91,82,1,-1,-1,-1
953,599,534,202,91,82,1,-1,-1,-1
954,599,534,202,91,81,1,-1,-1,-1
955,599,534,202,92,82,1,-1,-1,-1
956,599,533,202,92,81,1,-1,-1,-1
957,599,533,202,91,81,1,-1,-1,-1
958,599,534,203,91,81,1,-1,-1,-1
959,599,533,203,92,82,1,-1,-1,-1
960,599,533,203,92,82,1,-1,-1,-1
961,599,531,202,93,83,1,-1,-1,-1
962,599,531,202,93,82,1,-1,-1,-1
963,599,531,202,93,82,1,-1,-1,-1
964,599,531,203,93,81,1,-1,-1,-1
965,599,531,203,93,82,1,-1,-1,-1
966,599,531,203,93,83,1,-1,-1,-1
967,599,532,203,90,84,1,-1,-1,-1
968,599,534,205,88,83,1,-1,-1,-1
969,599,532,204,88,83,1,-1,-1,-1
970,599,530,206,90,84,1,-1,-1,-1
971,599,528,207,90,85,1,-1,-1,-1
972,599,527,207,91,86,1,-1,-1,-1
973,599,525,208,92,88,1,-1,-1,-1
974,599,524,209,93,86,1,-1,-1,-1
975,599,523,211,93,85,1,-1,-1,-1
976,599,522,210,94,87,1,-1,-1,-1
977,599,519,211,96,89,1,-1,-1,-1
978,599,514,214,99,90,1,-1,-1,-1
979,599,512,216,98,90,1,-1,-1,-1
980,599,511,218,99,90,1,-1,-1,-1
981,599,508,218,100,92,1,-1,-1,-1
982,599,504,220,101,92,1,-1,-1,-1
983,599,502,221,101,96,1,-1,-1,-1
984,599,498,222,101,96,1,-1,-1,-1
985,599,496,225,101,97,1,-1,-1,-1
986,599,492,227,103,97,1,-1,-1,-1
987,599,487,227,106,101,1,-1,-1,-1
988,599,483,230,105,101,1,-1,-1,-1
989,599,479,234,108,101,1,-1,-1,-1
990,599,475,236,110,101,1,-1,-1,-1
991,599,471,237,111,105,1,-1,-1,-1
992,599,465,240,112,105,1,-1,-1,-1
993,599,459,242,114,109,1,-1,-1,-1
994,599,454,245,116,108,1,-1,-1,-1
995,599,448,250,117,108,1,-1,-1,-1
996,599,443,252,116,107,1,-1,-1,-1
997,599,436,255,121,115,1,-1,-1,-1
998,599,430,257,122,118,1,-1,-1,-1
999,599,420,262,128,119,1,-1,-1,-1
1000,599,413,268,129,122,1,-1,-1,-1
1001,599,406,270,132,127,1,-1,-1,-1
1002,599,397,276,134,127,1,-1,-1,-1
1003,599,389,280,136,132,1,-1,-1,-1
1004,599,379,285,141,136,1,-1,-1,-1
1005,599,369,289,144,139,1,-1,-1,-1
1006,599,358,296,147,144,1,-1,-1,-1
1007,599,348,304,149,145,1,-1,-1,-1
1008,599,336,310,153,148,1,-1,-1,-1
1009,599,322,314,160,155,1,-1,-1,-1
1010,599,310,323,163,160,1,-1,-1,-1
1011,599,296,330,170,164,1,-1,-1,-1
1012,599,280,339,174,171,1,-1,-1,-1
1013,599,265,348,182,174,1,-1,-1,-1
1014,599,245,356,189,184,1,-1,-1,-1
1015,599,228,367,194,192,1,-1,-1,-1
1016,599,208,381,202,194,1,-1,-1,-1
1017,599,187,390,209,207,1,-1,-1,-1
1018,599,163,404,218,216,1,-1,-1,-1
1019,599,139,413,228,231,1,-1,-1,-1
1020,599,109,435,240,232,1,-1,-1,-1
1021,599,78,452,250,246,1,-1,-1,-1
1022,599,47,467,266,263,1,-1,-1,-1
1023,599,10,491,279,270,1,-1,-1,-1
1024,599,0,512,267,292,1,-1,-1,-1
1025,599,0,540,244,299,1,-1,-1,-1
1026,599,0,565,212,322,1,-1,-1,-1
1027,599,0,596,180,345,1,-1,-1,-1
1028,599,0,632,148,372,1,-1,-1,-1
1029,599,0,672,109,282,1,-1,-1,-1
445,601,659,108,37,24,1,-1,-1,-1
446,601,659,109,39,24,1,-1,-1,-1
447,601,660,108,41,25,1,-1,-1,-1
448,601,662,109,41,24,1,-1,-1,-1
449,601,663,110,41,23,1,-1,-1,-1
450,601,665,109,40,24,1,-1,-1,-1
451,601,667,111,44,25,1,-1,-1,-1
452,601,668,111,46,24,1,-1,-1,-1
472,602,746,107,31,26,1,-1,-1,-1
473,602,746,108,33,27,1,-1,-1,-1
474,602,753,109,29,25,1,-1,-1,-1
475,602,756,110,28,24,1,-1,-1,-1
476,602,755,111,32,24,1,-1,-1,-1
477,602,758,113,30,24,1,-1,-1,-1
478,602,763,113,28,24,1,-1,-1,-1
479,602,765,114,29,24,1,-1,-1,-1
480,602,766,112,30,25,1,-1,-1,-1
481,602,768,113,28,27,1,-1,-1,-1
482,602,772,114,26,25,1,-1,-1,-1
483,602,772,113,27,26,1,-1,-1,-1
484,602,774,109,34,29,1,-1,-1,-1
485,602,776,108,32,31,1,-1,-1,-1
486,602,778,108,29,31,1,-1,-1,-1
487,602,779,108,28,31,1,-1,-1,-1
488,602,777,108,31,33,1,-1,-1,-1
489,602,774,109,34,32,1,-1,-1,-1
490,602,775,112,34,29,1,-1,-1,-1
491,602,780,114,30,27,1,-1,-1,-1
492,602,778,113,31,27,1,-1,-1,-1
493,602,779,115,32,27,1,-1,-1,-1
494,602,777,114,33,28,1,-1,-1,-1
495,602,778,114,34,30,1,-1,-1,-1
496,602,779,115,35,29,1,-1,-1,-1
497,602,780,116,34,28,1,-1,-1,-1
498,602,780,116,34,29,1,-1,-1,-1
499,602,781,116,34,29,1,-1,-1,-1
500,602,780,115,35,30,1,-1,-1,-1
501,602,780,118,34,29,1,-1,-1,-1
502,602,778,117,36,31,1,-1,-1,-1
503,602,778,117,35,31,1,-1,-1,-1
504,602,778,119,34,32,1,-1,-1,-1
505,602,775,119,37,33,1,-1,-1,-1
506,602,773,120,37,33,1,-1,-1,-1
507,602,774,120,37,34,1,-1,-1,-1
508,602,773,121,37,34,1,-1,-1,-1
509,602,773,122,38,34,1,-1,-1,-1
510,602,773,121,37,36,1,-1,-1,-1
511,602,772,123,38,36,1,-1,-1,-1
512,602,770,124,40,35,1,-1,-1,-1
513,602,767,124,43,37,1,-1,-1,-1
514,602,767,124,43,38,1,-1,-1,-1
515,602,767,127,43,38,1,-1,-1,-1
516,602,765,128,44,40,1,-1,-1,-1
517,602,763,129,44,41,1,-1,-1,-1
518,602,762,130,46,41,1,-1,-1,-1
519,602,760,130,46,42,1,-1,-1,-1
520,602,759,129,47,44,1,-1,-1,-1
521,602,757,131,49,45,1,-1,-1,-1
522,602,755,131,50,46,1,-1,-1,-1
523,602,754,132,51,46,1,-1,-1,-1
524,602,755,132,49,46,1,-1,-1,-1
525,602,753,134,51,47,1,-1,-1,-1
526,602,752,134,51,47,1,-1,-1,-1
527,602,750,134,52,50,1,-1,-1,-1
528,602,747,136,56,50,1,-1,-1,-1
529,602,748,137,53,51,1,-1,-1,-1
530,602,744,136,56,54,1,-1,-1,-1
531,602,743,141,56,50,1,-1,-1,-1
532,602,742,139,55,53,1,-1,-1,-1
533,602,741,144,55,49,1,-1,-1,-1
534,602,741,145,55,52,1,-1,-1,-1
535,602,740,145,55,52,1,-1,-1,-1
536,602,739,147,56,53,1,-1,-1,-1
537,602,737,147,57,53,1,-1,-1,-1
538,602,737,147,58,54,1,-1,-1,-1
539,602,736,147,59,56,1,-1,-1,-1
540,602,736,149,58,56,1,-1,-1,-1
541,602,734,150,59,58,1,-1,-1,-1
542,602,733,151,61,59,1,-1,-1,-1
543,602,732,153,61,59,1,-1,-1,-1
544,602,730,153,62,61,1,-1,-1,-1
545,602,728,156,63,59,1,-1,-1,-1
546,602,727,155,63,62,1,-1,-1,-1
547,602,725,156,65,63,1,-1,-1,-1
548,602,724,155,65,66,1,-1,-1,-1
549,602,724,159,64,64,1,-1,-1,-1
550,602,723,157,66,67,1,-1,-1,-1
551,602,723,162,66,63,1,-1,-1,-1
552,602,722,165,67,63,1,-1,-1,-1
553,602,721,163,67,65,1,-1,-1,-1
554,602,721,165,67,66,1,-1,-1,-1
555,602,719,166,69,67,1,-1,-1,-1
556,602,718,166,71,67,1,-1,-1,-1
557,602,717,167,70,69,1,-1,-1,-1
558,602,715,168,70,70,1,-1,-1,-1
559,602,714,169,70,71,1,-1,-1,-1
560,602,712,170,72,71,1,-1,-1,-1
561,602,709,171,74,71,1,-1,-1,-1
562,602,710,172,73,73,1,-1,-1,-1
563,602,707,176,77,71,1,-1,-1,-1
564,602,707,177,76,72,1,-1,-1,-1
565,602,706,176,78,74,1,-1,-1,-1
566,602,705,176,79,76,1,-1,-1,-1
567,602,707,177,77,76,1,-1,-1,-1
568,602,705,178,78,78,1,-1,-1,-1
569,602,705,179,79,78,1,-1,-1,-1
570,602,704,181,79,78,1,-1,-1,-1
571,602,704,180,78,79,1,-1,-1,-1
572,602,703,181,80,80,1,-1,-1,-1
573,602,702,182,79,80,1,-1,-1,-1
574,602,701,184,79,79,1,-1,-1,-1
575,602,699,185,81,80,1,-1,-1,-1
576,602,698,184,83,83,1,-1,-1,-1
577,602,699,185,81,83,1,-1,-1,-1
578,602,698,186,83,84,1,-1,-1,-1
579,602,696,190,85,82,1,-1,-1,-1
580,602,697,188,82,84,1,-1,-1,-1
581,602,697,188,84,87,1,-1,-1,-1
582,602,695,189,86,85,1,-1,-1,-1
583,602,694,192,86,84,1,-1,-1,-1
584,602,695,190,85,88,1,-1,-1,-1
585,602,694,190,86,87,1,-1,-1,-1
586,602,691,191,88,88,1,-1,-1,-1
587,602,690,195,89,85,1,-1,-1,-1
588,602,689,194,89,87,1,-1,-1,-1
589,602,689,193,90,89,1,-1,-1,-1
590,602,687,196,92,87,1,-1,-1,-1
591,602,687,197,91,88,1,-1,-1,-1
592,602,687,197,92,89,1,-1,-1,-1
593,602,687,198,92,89,1,-1,-1,-1
594,602,687,199,92,89,1,-1,-1,-1
595,602,686,199,92,91,1,-1,-1,-1
596,602,684,201,95,89,1,-1,-1,-1
597,602,685,200,92,92,1,-1,-1,-1
598,602,683,199,92,95,1,-1,-1,-1
599,602,682,204,94,90,1,-1,-1,-1
600,602,681,203,93,93,1,-1,-1,-1
601,602,680,202,94,96,1,-1,-1,-1
602,602,679,204,95,95,1,-1,-1,-1
603,602,678,206,95,94,1,-1,-1,-1
604,602,679,206,94,97,1,-1,-1,-1
605,602,677,206,96,97,1,-1,-1,-1
606,602,677,209,95,95,1,-1,-1,-1
607,602,677,212,96,93,1,-1,-1,-1
608,602,677,213,96,93,1,-1,-1,-1
609,602,675,211,98,96,1,-1,-1,-1
610,602,673,212,99,97,1,-1,-1,-1
611,602,674,210,97,99,1,-1,-1,-1
612,602,673,211,96,99,1,-1,-1,-1
613,602,672,215,97,95,1,-1,-1,-1
614,602,671,219,98,92,1,-1,-1,-1
615,602,671,219,98,93,1,-1,-1,-1
616,602,670,217,97,95,1,-1,-1,-1
617,602,669,213,98,100,1,-1,-1,-1
618,602,670,216,98,97,1,-1,-1,-1
619,602,670,219,97,96,1,-1,-1,-1
620,602,670,220,97,95,1,-1,-1,-1
621,602,669,219,97,98,1,-1,-1,-1
622,602,669,220,97,97,1,-1,-1,-1
623,602,669,219,98,99,1,-1,-1,-1
624,602,669,215,98,103,1,-1,-1,-1
625,602,669,217,97,100,1,-1,-1,-1
626,602,669,218,97,99,1,-1,-1,-1
627,602,668,219,97,99,1,-1,-1,-1
628,602,668,217,98,101,1,-1,-1,-1
629,602,668,214,99,105,1,-1,-1,-1
630,602,668,214,99,105,1,-1,-1,-1
631,602,668,216,99,102,1,-1,-1,-1
632,602,668,217,98,101,1,-1,-1,-1
633,602,669,217,98,101,1,-1,-1,-1
634,602,669,217,97,102,1,-1,-1,-1
635,602,669,216,97,102,1,-1,-1,-1
636,602,669,217,97,101,1,-1,-1,-1
637,602,669,218,97,100,1,-1,-1,-1
638,602,669,218,97,100,1,-1,-1,-1
639,602,669,217,97,101,1,-1,-1,-1
640,602,669,218,97,100,1,-1,-1,-1
641,602,668,218,98,101,1,-1,-1,-1
642,602,668,218,98,101,1,-1,-1,-1
643,602,668,219,98,99,1,-1,-1,-1
644,602,668,218,98,101,1,-1,-1,-1
645,602,669,217,98,101,1,-1,-1,-1
646,602,669,217,97,102,1,-1,-1,-1
647,602,669,216,98,102,1,-1,-1,-1
648,602,669,216,98,102,1,-1,-1,-1
649,602,669,216,98,103,1,-1,-1,-1
650,602,668,214,98,104,1,-1,-1,-1
651,602,669,215,98,103,1,-1,-1,-1
652,602,669,216,98,103,1,-1,-1,-1
653,602,669,218,97,100,1,-1,-1,-1
654,602,668,218,98,101,1,-1,-1,-1
655,602,668,217,98,101,1,-1,-1,-1
656,602,668,217,98,102,1,-1,-1,-1
657,602,668,216,98,103,1,-1,-1,-1
658,602,668,216,98,102,1,-1,-1,-1
659,602,668,217,99,100,1,-1,-1,-1
660,602,669,216,97,101,1,-1,-1,-1
661,602,669,217,97,101,1,-1,-1,-1
662,602,669,217,97,102,1,-1,-1,-1
663,602,670,217,96,101,1,-1,-1,-1
664,602,670,218,97,100,1,-1,-1,-1
665,602,669,218,97,100,1,-1,-1,-1
666,602,669,217,97,101,1,-1,-1,-1
667,602,669,217,98,101,1,-1,-1,-1
668,602,667,219,100,99,1,-1,-1,-1
669,602,667,218,100,100,1,-1,-1,-1
670,602,667,219,99,99,1,-1,-1,-1
671,602,667,216,100,103,1,-1,-1,-1
672,602,668,216,99,102,1,-1,-1,-1
673,602,668,218,99,100,1,-1,-1,-1
674,602,669,217,98,101,1,-1,-1,-1
675,602,668,218,100,94,1,-1,-1,-1
676,602,668,220,99,94,1,-1,-1,-1
677,602,668,218,99,98,1,-1,-1,-1
678,602,668,219,98,100,1,-1,-1,-1
679,602,667,219,99,99,1,-1,-1,-1
680,602,668,218,98,100,1,-1,-1,-1
681,602,668,217,98,100,1,-1,-1,-1
682,602,668,217,99,101,1,-1,-1,-1
683,602,668,219,99,99,1,-1,-1,-1
684,602,667,219,100,98,1,-1,-1,-1
685,602,668,220,99,98,1,-1,-1,-1
686,602,669,219,98,99,1,-1,-1,-1
687,602,669,218,98,100,1,-1,-1,-1
688,602,669,218,98,99,1,-1,-1,-1
689,602,669,219,98,98,1,-1,-1,-1
690,602,669,219,98,98,1,-1,-1,-1
691,602,669,221,96,96,1,-1,-1,-1
692,602,669,219,97,99,1,-1,-1,-1
693,602,670,218,98,100,1,-1,-1,-1
694,602,669,218,98,100,1,-1,-1,-1
695,602,668,218,99,101,1,-1,-1,-1
696,602,668,218,99,101,1,-1,-1,-1
697,602,668,217,99,101,1,-1,-1,-1
698,602,669,217,98,102,1,-1,-1,-1
699,602,669,218,98,101,1,-1,-1,-1
700,602,669,216,98,102,1,-1,-1,-1
701,602,670,219,97,100,1,-1,-1,-1
702,602,669,218,98,100,1,-1,-1,-1
703,602,670,217,99,101,1,-1,-1,-1
704,602,669,217,99,102,1,-1,-1,-1
705,602,669,217,99,102,1,-1,-1,-1
706,602,669,218,98,100,1,-1,-1,-1
707,602,669,217,98,101,1,-1,-1,-1
708,602,669,217,98,102,1,-1,-1,-1
709,602,669,217,98,102,1,-1,-1,-1
710,602,668,217,100,102,1,-1,-1,-1
711,602,668,216,100,103,1,-1,-1,-1
712,602,668,218,99,101,1,-1,-1,-1
713,602,668,219,99,97,1,-1,-1,-1
714,602,669,219,98,99,1,-1,-1,-1
715,602,669,217,98,101,1,-1,-1,-1
716,602,669,219,98,99,1,-1,-1,-1
717,602,669,219,98,100,1,-1,-1,-1
718,602,669,217,98,102,1,-1,-1,-1
719,602,669,218,98,101,1,-1,-1,-1
720,602,669,217,99,101,1,-1,-1,-1
721,602,669,219,98,100,1,-1,-1,-1
722,602,668,220,99,99,1,-1,-1,-1
723,602,667,220,99,99,1,-1,-1,-1
724,602,668,220,99,99,1,-1,-1,-1
725,602,668,219,99,99,1,-1,-1,-1
726,602,668,219,99,99,1,-1,-1,-1
727,602,668,220,99,98,1,-1,-1,-1
728,602,669,220,98,98,1,-1,-1,-1
729,602,669,218,98,101,1,-1,-1,-1
730,602,669,218,99,101,1,-1,-1,-1
731,602,669,218,100,100,1,-1,-1,-1
732,602,668,216,100,102,1,-1,-1,-1
733,602,669,217,99,100,1,-1,-1,-1
734,602,669,217,98,101,1,-1,-1,-1
735,602,669,216,99,101,1,-1,-1,-1
736,602,668,217,99,101,1,-1,-1,-1
737,602,667,218,100,100,1,-1,-1,-1
738,602,667,218,100,100,1,-1,-1,-1
739,602,667,218,100,100,1,-1,-1,-1
740,602,669,217,98,101,1,-1,-1,-1
741,602,668,218,99,100,1,-1,-1,-1
742,602,668,218,99,100,1,-1,-1,-1
743,602,669,218,99,100,1,-1,-1,-1
744,602,669,217,99,100,1,-1,-1,-1
745,602,668,217,99,100,1,-1,-1,-1
746,602,669,218,99,100,1,-1,-1,-1
747,602,668,218,100,100,1,-1,-1,-1
748,602,668,218,99,100,1,-1,-1,-1
749,602,667,219,100,95,1,-1,-1,-1
750,602,667,218,100,99,1,-1,-1,-1
751,602,667,217,100,100,1,-1,-1,-1
752,602,667,217,100,101,1,-1,-1,-1
753,602,667,218,100,100,1,-1,-1,-1
754,602,667,220,100,98,1,-1,-1,-1
755,602,668,217,99,101,1,-1,-1,-1
756,602,668,218,100,100,1,-1,-1,-1
757,602,668,220,99,98,1,-1,-1,-1
758,602,668,220,99,98,1,-1,-1,-1
759,602,668,220,99,98,1,-1,-1,-1
760,602,668,221,98,97,1,-1,-1,-1
761,602,668,219,98,98,1,-1,-1,-1
762,602,668,219,98,98,1,-1,-1,-1
763,602,668,220,99,97,1,-1,-1,-1
764,602,668,221,99,96,1,-1,-1,-1
765,602,668,221,99,96,1,-1,-1,-1
766,602,668,220,99,98,1,-1,-1,-1
767,602,669,219,99,99,1,-1,-1,-1
768,602,669,219,99,99,1,-1,-1,-1
769,602,668,218,99,99,1,-1,-1,-1
770,602,668,219,99,99,1,-1,-1,-1
771,602,669,218,98,100,1,-1,-1,-1
772,602,669,217,98,101,1,-1,-1,-1
773,602,668,217,99,101,1,-1,-1,-1
774,602,668,217,99,100,1,-1,-1,-1
775,602,668,220,98,98,1,-1,-1,-1
776,602,668,219,98,99,1,-1,-1,-1
777,602,668,219,98,99,1,-1,-1,-1
778,602,668,218,99,100,1,-1,-1,-1
779,602,668,218,99,100,1,-1,-1,-1
780,602,668,219,99,99,1,-1,-1,-1
781,602,668,219,99,99,1,-1,-1,-1
782,602,669,217,99,100,1,-1,-1,-1
783,602,669,217,99,100,1,-1,-1,-1
784,602,669,217,99,101,1,-1,-1,-1
785,602,669,217,99,100,1,-1,-1,-1
786,602,668,218,99,99,1,-1,-1,-1
787,602,668,219,99,98,1,-1,-1,-1
788,602,669,218,99,99,1,-1,-1,-1
789,602,669,218,99,99,1,-1,-1,-1
790,602,668,219,99,99,1,-1,-1,-1
791,602,668,220,99,98,1,-1,-1,-1
792,602,668,220,99,98,1,-1,-1,-1
793,602,669,219,99,99,1,-1,-1,-1
794,602,668,220,99,98,1,-1,-1,-1
795,602,668,220,99,98,1,-1,-1,-1
796,602,668,220,99,98,1,-1,-1,-1
797,602,668,221,99,97,1,-1,-1,-1
798,602,668,221,99,97,1,-1,-1,-1
799,602,668,221,99,97,1,-1,-1,-1
800,602,668,220,99,97,1,-1,-1,-1
801,602,669,220,98,97,1,-1,-1,-1
802,602,669,222,98,95,1,-1,-1,-1
803,602,669,221,98,96,1,-1,-1,-1
804,602,668,219,99,99,1,-1,-1,-1
805,602,668,218,99,100,1,-1,-1,-1
806,602,669,218,98,100,1,-1,-1,-1
807,602,669,220,98,98,1,-1,-1,-1
808,602,668,220,98,98,1,-1,-1,-1
809,602,669,219,98,100,1,-1,-1,-1
810,602,669,218,98,100,1,-1,-1,-1
811,602,669,217,99,101,1,-1,-1,-1
812,602,669,219,98,99,1,-1,-1,-1
813,602,668,219,98,99,1,-1,-1,-1
814,602,668,218,99,100,1,-1,-1,-1
815,602,668,217,99,100,1,-1,-1,-1
816,602,668,217,99,100,1,-1,-1,-1
817,602,668,217,99,101,1,-1,-1,-1
818,602,668,218,99,101,1,-1,-1,-1
819,602,668,218,99,101,1,-1,-1,-1
820,602,668,217,99,101,1,-1,-1,-1
821,602,668,217,99,101,1,-1,-1,-1
822,602,668,217,99,101,1,-1,-1,-1
823,602,668,217,99,101,1,-1,-1,-1
824,602,668,217,99,101,1,-1,-1,-1
825,602,668,217,99,102,1,-1,-1,-1
826,602,668,217,100,101,1,-1,-1,-1
827,602,668,217,100,101,1,-1,-1,-1
828,602,668,218,99,100,1,-1,-1,-1
829,602,668,219,99,99,1,-1,-1,-1
830,602,668,219,99,99,1,-1,-1,-1
831,602,669,218,98,101,1,-1,-1,-1
832,602,669,217,98,101,1,-1,-1,-1
833,602,669,217,98,102,1,-1,-1,-1
834,602,668,217,98,101,1,-1,-1,-1
835,602,669,217,98,100,1,-1,-1,-1
836,602,669,218,98,100,1,-1,-1,-1
837,602,669,217,98,101,1,-1,-1,-1
838,602,669,218,98,100,1,-1,-1,-1
839,602,669,217,98,101,1,-1,-1,-1
840,602,669,219,98,99,1,-1,-1,-1
841,602,669,219,99,99,1,-1,-1,-1
842,602,669,218,99,100,1,-1,-1,-1
843,602,669,217,99,101,1,-1,-1,-1
844,602,668,218,99,100,1,-1,-1,-1
845,602,668,219,99,99,1,-1,-1,-1
846,602,668,218,99,101,1,-1,-1,-1
847,602,668,218,99,100,1,-1,-1,-1
848,602,668,218,99,101,1,-1,-1,-1
849,602,668,218,99,100,1,-1,-1,-1
850,602,668,217,99,101,1,-1,-1,-1
851,602,669,218,98,99,1,-1,-1,-1
852,602,669,219,98,99,1,-1,-1,-1
853,602,669,219,98,98,1,-1,-1,-1
854,602,669,220,98,98,1,-1,-1,-1
855,602,669,220,98,97,1,-1,-1,-1
856,602,669,220,98,97,1,-1,-1,-1
857,602,669,219,98,99,1,-1,-1,-1
858,602,669,218,98,99,1,-1,-1,-1
859,602,669,218,98,99,1,-1,-1,-1
860,602,669,218,98,99,1,-1,-1,-1
861,602,668,218,98,99,1,-1,-1,-1
862,602,669,219,98,99,1,-1,-1,-1
863,602,668,217,99,100,1,-1,-1,-1
864,602,668,217,99,101,1,-1,-1,-1
865,602,668,217,99,101,1,-1,-1,-1
866,602,669,217,98,100,1,-1,-1,-1
867,602,669,217,98,100,1,-1,-1,-1
868,602,669,217,99,101,1,-1,-1,-1
869,602,669,217,99,101,1,-1,-1,-1
870,602,669,218,99,100,1,-1,-1,-1
871,602,668,218,98,99,1,-1,-1,-1
872,602,668,218,98,99,1,-1,-1,-1
873,602,669,218,98,99,1,-1,-1,-1
874,602,669,218,98,99,1,-1,-1,-1
875,602,669,218,98,99,1,-1,-1,-1
876,602,669,218,98,100,1,-1,-1,-1
877,602,669,219,97,99,1,-1,-1,-1
878,602,669,218,98,99,1,-1,-1,-1
879,602,669,217,99,100,1,-1,-1,-1
880,602,669,218,98,100,1,-1,-1,-1
881,602,669,219,98,99,1,-1,-1,-1
882,602,669,219,98,99,1,-1,-1,-1
883,602,669,219,98,99,1,-1,-1,-1
884,602,669,218,98,100,1,-1,-1,-1
885,602,669,218,98,100,1,-1,-1,-1
886,602,669,218,98,101,1,-1,-1,-1
887,602,669,217,98,101,1,-1,-1,-1
888,602,669,217,98,101,1,-1,-1,-1
889,602,669,217,98,101,1,-1,-1,-1
890,602,669,217,98,101,1,-1,-1,-1
891,602,669,217,98,100,1,-1,-1,-1
892,602,669,218,98,100,1,-1,-1,-1
893,602,669,217,98,101,1,-1,-1,-1
894,602,669,217,98,101,1,-1,-1,-1
895,602,669,218,99,101,1,-1,-1,-1
896,602,669,218,99,101,1,-1,-1,-1
897,602,669,218,99,100,1,-1,-1,-1
898,602,668,219,99,100,1,-1,-1,-1
899,602,668,220,98,99,1,-1,-1,-1
900,602,668,218,99,100,1,-1,-1,-1
901,602,669,218,97,101,1,-1,-1,-1
902,602,669,219,98,99,1,-1,-1,-1
903,602,669,220,97,99,1,-1,-1,-1
904,602,669,218,98,100,1,-1,-1,-1
905,602,669,219,97,99,1,-1,-1,-1
906,602,669,219,97,99,1,-1,-1,-1
907,602,669,219,97,99,1,-1,-1,-1
908,602,669,218,98,100,1,-1,-1,-1
909,602,669,218,99,101,1,-1,-1,-1
910,602,669,218,98,101,1,-1,-1,-1
911,602,669,218,98,101,1,-1,-1,-1
912,602,669,218,98,101,1,-1,-1,-1
913,602,669,218,98,100,1,-1,-1,-1
914,602,668,218,98,101,1,-1,-1,-1
915,602,669,219,97,100,1,-1,-1,-1
916,602,669,217,98,101,1,-1,-1,-1
917,602,669,219,97,100,1,-1,-1,-1
918,602,669,219,97,99,1,-1,-1,-1
919,602,669,219,98,100,1,-1,-1,-1
920,602,669,219,97,99,1,-1,-1,-1
921,602,669,220,97,99,1,-1,-1,-1
922,602,669,220,97,98,1,-1,-1,-1
923,602,669,221,97,97,1,-1,-1,-1
924,602,669,220,97,98,1,-1,-1,-1
925,602,669,220,97,98,1,-1,-1,-1
926,602,669,220,98,99,1,-1,-1,-1
927,602,669,221,98,99,1,-1,-1,-1
928,602,669,221,98,99,1,-1,-1,-1
929,602,668,220,98,98,1,-1,-1,-1
930,602,668,221,98,98,1,-1,-1,-1
931,602,668,221,98,98,1,-1,-1,-1
932,602,668,221,98,98,1,-1,-1,-1
933,602,668,223,97,97,1,-1,-1,-1
934,602,669,222,97,97,1,-1,-1,-1
935,602,668,221,98,97,1,-1,-1,-1
936,602,669,223,98,95,1,-1,-1,-1
937,602,669,223,97,96,1,-1,-1,-1
938,602,669,223,97,96,1,-1,-1,-1
939,602,669,223,97,96,1,-1,-1,-1
940,602,669,223,96,96,1,-1,-1,-1
941,602,669,223,97,95,1,-1,-1,-1
942,602,669,222,97,96,1,-1,-1,-1
943,602,669,221,97,97,1,-1,-1,-1
944,602,669,221,97,98,1,-1,-1,-1
945,602,669,221,97,97,1,-1,-1,-1
946,602,668,222,98,97,1,-1,-1,-1
947,602,669,221,98,97,1,-1,-1,-1
948,602,669,221,98,98,1,-1,-1,-1
949,602,669,223,97,95,1,-1,-1,-1
950,602,669,222,98,97,1,-1,-1,-1
951,602,669,222,97,97,1,-1,-1,-1
952,602,669,222,97,97,1,-1,-1,-1
953,602,669,221,97,97,1,-1,-1,-1
954,602,669,223,98,96,1,-1,-1,-1
955,602,667,223,99,97,1,-1,-1,-1
956,602,667,222,99,98,1,-1,-1,-1
957,602,666,222,100,99,1,-1,-1,-1
958,602,667,223,98,98,1,-1,-1,-1
959,602,667,223,98,99,1,-1,-1,-1
960,602,667,225,98,98,1,-1,-1,-1
961,602,664,226,101,97,1,-1,-1,-1
962,602,663,226,100,98,1,-1,-1,-1
963,602,663,228,101,98,1,-1,-1,-1
964,602,660,228,104,99,1,-1,-1,-1
965,602,657,227,108,103,1,-1,-1,-1
966,602,656,230,107,103,1,-1,-1,-1
967,602,656,233,105,100,1,-1,-1,-1
968,602,655,234,106,101,1,-1,-1,-1
969,602,653,236,107,102,1,-1,-1,-1
970,602,653,238,107,105,1,-1,-1,-1
971,602,652,238,105,107,1,-1,-1,-1
972,602,649,241,109,105,1,-1,-1,-1
973,602,646,245,110,105,1,-1,-1,-1
974,602,645,245,110,108,1,-1,-1,-1
975,602,643,248,113,109,1,-1,-1,-1
976,602,640,250,116,112,1,-1,-1,-1
977,602,638,252,115,115,1,-1,-1,-1
978,602,635,255,118,117,1,-1,-1,-1
979,602,633,260,119,117,1,-1,-1,-1
980,602,631,262,120,119,1,-1,-1,-1
981,602,626,264,123,126,1,-1,-1,-1
982,602,622,267,125,128,1,-1,-1,-1
983,602,618,272,128,129,1,-1,-1,-1
984,602,612,273,134,136,1,-1,-1,-1
985,602,608,286,137,132,1,-1,-1,-1
986,602,605,290,137,137,1,-1,-1,-1
987,602,601,289,139,146,1,-1,-1,-1
988,602,588,297,151,148,1,-1,-1,-1
989,602,585,301,152,153,1,-1,-1,-1
990,602,581,306,154,160,1,-1,-1,-1
991,602,576,313,156,164,1,-1,-1,-1
992,602,568,326,162,164,1,-1,-1,-1
993,602,560,330,166,176,1,-1,-1,-1
994,602,550,341,175,178,1,-1,-1,-1
995,602,542,350,178,186,1,-1,-1,-1
996,602,533,361,185,194,1,-1,-1,-1
997,602,523,370,190,204,1,-1,-1,-1
998,602,514,380,195,215,1,-1,-1,-1
999,602,502,394,203,225,1,-1,-1,-1
1000,602,491,409,210,235,1,-1,-1,-1
1001,602,477,424,224,249,1,-1,-1,-1
1002,602,462,444,231,259,1,-1,-1,-1
1003,602,446,463,241,276,1,-1,-1,-1
1004,602,429,486,251,290,1,-1,-1,-1
1005,602,409,511,265,308,1,-1,-1,-1
1006,602,385,534,283,335,1,-1,-1,-1
1007,602,358,568,301,354,1,-1,-1,-1
1008,602,327,604,322,386,1,-1,-1,-1
1009,602,294,641,344,420,1,-1,-1,-1
1010,602,252,689,376,388,1,-1,-1,-1
1011,602,214,746,400,330,1,-1,-1,-1
1012,602,159,807,438,269,1,-1,-1,-1
1013,602,170,887,400,190,1,-1,-1,-1
1014,602,164,976,360,99,1,-1,-1,-1
517,605,1830,446,89,133,1,-1,-1,-1
518,605,1759,411,161,156,1,-1,-1,-1
519,605,1692,381,226,143,1,-1,-1,-1
520,605,1636,353,212,135,1,-1,-1,-1
521,605,1587,331,194,126,1,-1,-1,-1
522,605,1542,311,180,118,1,-1,-1,-1
523,605,1501,294,169,109,1,-1,-1,-1
524,605,1468,280,153,100,1,-1,-1,-1
525,605,1434,266,146,97,1,-1,-1,-1
526,605,1405,253,137,90,1,-1,-1,-1
527,605,1376,242,131,86,1,-1,-1,-1
528,605,1352,231,123,84,1,-1,-1,-1
529,605,1329,224,117,79,1,-1,-1,-1
530,605,1308,215,112,77,1,-1,-1,-1
531,605,1290,208,104,74,1,-1,-1,-1
532,605,1271,202,99,70,1,-1,-1,-1
533,605,1254,197,96,66,1,-1,-1,-1
534,605,1238,189,91,65,1,-1,-1,-1
535,605,1224,185,88,61,1,-1,-1,-1
536,605,1212,178,84,61,1,-1,-1,-1
537,605,1199,175,84,57,1,-1,-1,-1
538,605,1188,172,78,55,1,-1,-1,-1
539,605,1178,167,77,55,1,-1,-1,-1
540,605,1168,165,74,50,1,-1,-1,-1
541,605,1158,159,72,51,1,-1,-1,-1
542,605,1151,158,68,47,1,-1,-1,-1
543,605,1140,158,66,44,1,-1,-1,-1
544,605,1132,156,65,43,1,-1,-1,-1
545,605,1127,152,61,41,1,-1,-1,-1
546,605,1119,150,60,41,1,-1,-1,-1
547,605,1111,146,60,40,1,-1,-1,-1
548,605,1105,144,59,37,1,-1,-1,-1
549,605,1100,141,54,37,1,-1,-1,-1
550,605,1094,136,54,40,1,-1,-1,-1
551,605,1091,134,51,39,1,-1,-1,-1
552,605,1086,133,50,37,1,-1,-1,-1
553,605,1079,131,50,37,1,-1,-1,-1
554,605,1073,131,50,35,1,-1,-1,-1
555,605,1070,129,48,34,1,-1,-1,-1
556,605,1067,129,46,33,1,-1,-1,-1
557,605,1060,129,47,30,1,-1,-1,-1
558,605,1056,128,46,28,1,-1,-1,-1
559,605,1050,126,46,29,1,-1,-1,-1
560,605,1048,125,44,28,1,-1,-1,-1
561,605,1046,120,41,30,1,-1,-1,-1
562,605,1043,120,41,29,1,-1,-1,-1
563,605,1039,118,42,27,1,-1,-1,-1
564,605,1035,118,40,26,1,-1,-1,-1
565,605,1035,117,36,26,1,-1,-1,-1
566,605,1031,117,37,25,1,-1,-1,-1
567,605,1027,117,38,25,1,-1,-1,-1
568,605,1025,116,37,25,1,-1,-1,-1
569,605,1020,115,38,25,1,-1,-1,-1
570,605,1016,113,38,26,1,-1,-1,-1
571,605,1015,112,36,24,1,-1,-1,-1
572,605,1010,111,36,25,1,-1,-1,-1
573,605,1007,111,35,25,1,-1,-1,-1
574,605,1004,110,35,25,1,-1,-1,-1
575,605,1001,108,35,25,1,-1,-1,-1
576,605,998,108,35,26,1,-1,-1,-1
577,605,995,107,35,26,1,-1,-1,-1
578,605,993,106,35,25,1,-1,-1,-1
579,605,992,107,32,24,1,-1,-1,-1
580,605,988,107,32,23,1,-1,-1,-1
581,605,985,107,33,24,1,-1,-1,-1
582,605,983,106,32,25,1,-1,-1,-1
583,605,980,106,31,24,1,-1,-1,-1
584,605,977,105,31,24,1,-1,-1,-1
585,605,974,104,32,25,1,-1,-1,-1
586,605,969,104,32,24,1,-1,-1,-1
587,605,966,103,31,25,1,-1,-1,-1
588,605,963,101,30,26,1,-1,-1,-1
589,605,957,102,35,24,1,-1,-1,-1
590,605,954,104,33,23,1,-1,-1,-1
591,605,949,103,30,23,1,-1,-1,-1
592,605,947,102,30,23,1,-1,-1,-1
593,605,943,102,29,24,1,-1,-1,-1
594,605,938,102,29,23,1,-1,-1,-1
595,605,934,102,28,23,1,-1,-1,-1
596,605,930,103,28,23,1,-1,-1,-1
602,605,899,100,29,23,1,-1,-1,-1
603,605,894,101,28,23,1,-1,-1,-1
604,605,888,101,30,23,1,-1,-1,-1
605,605,882,102,30,24,1,-1,-1,-1
606,605,880,103,27,24,1,-1,-1,-1
607,605,877,103,26,25,1,-1,-1,-1
608,605,871,104,27,23,1,-1,-1,-1
610,605,859,102,28,23,1,-1,-1,-1
612,605,852,102,26,24,1,-1,-1,-1
613,605,846,101,25,26,1,-1,-1,-1
624,605,801,102,25,24,1,-1,-1,-1
525,607,670,106,30,23,1,-1,-1,-1
526,607,671,105,32,23,1,-1,-1,-1
527,607,672,106,34,23,1,-1,-1,-1
528,607,672,107,37,23,1,-1,-1,-1
530,607,685,108,30,23,1,-1,-1,-1
531,607,691,108,27,24,1,-1,-1,-1
532,607,691,107,29,24,1,-1,-1,-1
533,607,694,107,30,23,1,-1,-1,-1
534,607,696,106,29,25,1,-1,-1,-1
535,607,698,106,30,26,1,-1,-1,-1
536,607,700,107,32,26,1,-1,-1,-1
537,607,703,108,32,24,1,-1,-1,-1
538,607,706,108,32,24,1,-1,-1,-1
539,607,708,108,33,24,1,-1,-1,-1
540,607,713,107,30,25,1,-1,-1,-1
541,607,715,107,32,24,1,-1,-1,-1
542,607,716,107,34,25,1,-1,-1,-1
543,607,719,107,32,24,1,-1,-1,-1
544,607,723,107,30,24,1,-1,-1,-1
545,607,725,107,30,23,1,-1,-1,-1
546,607,727,107,31,24,1,-1,-1,-1
547,607,729,107,32,24,1,-1,-1,-1
548,607,732,106,31,25,1,-1,-1,-1
549,607,735,107,31,26,1,-1,-1,-1
550,607,738,107,32,26,1,-1,-1,-1
551,607,740,106,32,26,1,-1,-1,-1
552,607,742,106,37,26,1,-1,-1,-1
553,607,744,105,39,27,1,-1,-1,-1
554,607,749,106,33,26,1,-1,-1,-1
555,607,750,107,33,26,1,-1,-1,-1
556,607,751,107,32,26,1,-1,-1,-1
557,607,752,106,35,27,1,-1,-1,-1
558,607,751,108,37,25,1,-1,-1,-1
559,607,755,108,35,26,1,-1,-1,-1
560,607,759,107,32,26,1,-1,-1,-1
561,607,760,107,34,27,1,-1,-1,-1
562,607,763,106,33,29,1,-1,-1,-1
563,607,764,106,34,29,1,-1,-1,-1
564,607,767,106,32,29,1,-1,-1,-1
565,607,769,106,32,29,1,-1,-1,-1
566,607,770,105,33,29,1,-1,-1,-1
567,607,773,106,32,30,1,-1,-1,-1
568,607,773,106,33,30,1,-1,-1,-1
569,607,775,106,32,31,1,-1,-1,-1
570,607,774,107,34,30,1,-1,-1,-1
571,607,776,108,34,28,1,-1,-1,-1
572,607,776,109,35,28,1,-1,-1,-1
573,607,776,109,34,29,1,-1,-1,-1
574,607,776,109,34,29,1,-1,-1,-1
575,607,777,108,34,30,1,-1,-1,-1
576,607,778,109,35,30,1,-1,-1,-1
577,607,777,109,37,31,1,-1,-1,-1
578,607,777,109,37,31,1,-1,-1,-1
579,607,778,108,37,32,1,-1,-1,-1
580,607,777,108,39,33,1,-1,-1,-1
581,607,779,109,36,32,1,-1,-1,-1
582,607,780,109,35,33,1,-1,-1,-1
583,607,778,108,37,33,1,-1,-1,-1
584,607,777,109,38,34,1,-1,-1,-1
585,607,777,109,39,34,1,-1,-1,-1
586,607,777,109,37,34,1,-1,-1,-1
587,607,777,109,38,35,1,-1,-1,-1
588,607,776,109,39,36,1,-1,-1,-1
589,607,776,111,38,35,1,-1,-1,-1
590,607,776,111,39,35,1,-1,-1,-1
591,607,775,110,39,37,1,-1,-1,-1
592,607,775,111,39,36,1,-1,-1,-1
593,607,775,113,39,35,1,-1,-1,-1
594,607,776,114,39,35,1,-1,-1,-1
595,607,776,114,40,35,1,-1,-1,-1
596,607,775,113,40,37,1,-1,-1,-1
597,607,775,112,40,39,1,-1,-1,-1
598,607,775,113,43,39,1,-1,-1,-1
599,607,774,115,43,37,1,-1,-1,-1
600,607,774,114,43,39,1,-1,-1,-1
601,607,773,114,45,39,1,-1,-1,-1
602,607,775,114,45,41,1,-1,-1,-1
603,607,776,115,47,42,1,-1,-1,-1
604,607,776,115,46,42,1,-1,-1,-1
605,607,778,115,47,43,1,-1,-1,-1
606,607,779,115,49,44,1,-1,-1,-1
607,607,779,116,50,44,1,-1,-1,-1
608,607,782,119,50,42,1,-1,-1,-1
609,607,781,121,53,42,1,-1,-1,-1
610,607,784,120,54,44,1,-1,-1,-1
611,607,784,119,54,46,1,-1,-1,-1
612,607,786,124,56,42,1,-1,-1,-1
613,607,787,122,57,45,1,-1,-1,-1
614,607,789,123,55,45,1,-1,-1,-1
615,607,791,125,57,45,1,-1,-1,-1
616,607,792,125,59,45,1,-1,-1,-1
617,607,793,126,60,46,1,-1,-1,-1
618,607,796,127,60,46,1,-1,-1,-1
619,607,798,125,61,50,1,-1,-1,-1
620,607,800,125,61,50,1,-1,-1,-1
621,607,802,128,62,48,1,-1,-1,-1
622,607,804,127,63,51,1,-1,-1,-1
623,607,807,125,62,53,1,-1,-1,-1
624,607,808,127,63,52,1,-1,-1,-1
625,607,808,127,65,53,1,-1,-1,-1
626,607,811,128,64,52,1,-1,-1,-1
627,607,812,130,65,51,1,-1,-1,-1
628,607,814,131,66,50,1,-1,-1,-1
629,607,813,131,68,53,1,-1,-1,-1
630,607,815,130,65,53,1,-1,-1,-1
631,607,816,129,67,56,1,-1,-1,-1
632,607,819,131,66,57,1,-1,-1,-1
633,607,820,132,67,56,1,-1,-1,-1
634,607,820,132,67,56,1,-1,-1,-1
635,607,823,131,67,58,1,-1,-1,-1
636,607,825,132,66,58,1,-1,-1,-1
637,607,826,133,66,58,1,-1,-1,-1
638,607,826,132,68,60,1,-1,-1,-1
639,607,827,135,65,58,1,-1,-1,-1
640,607,827,135,68,58,1,-1,-1,-1
641,607,826,134,72,61,1,-1,-1,-1
642,607,827,135,71,61,1,-1,-1,-1
643,607,828,137,68,60,1,-1,-1,-1
644,607,829,136,65,63,1,-1,-1,-1
645,607,829,137,68,62,1,-1,-1,-1
646,607,830,138,71,62,1,-1,-1,-1
647,607,831,138,71,62,1,-1,-1,-1
648,607,832,139,71,61,1,-1,-1,-1
649,607,832,139,73,61,1,-1,-1,-1
650,607,833,138,67,61,1,-1,-1,-1
651,607,833,139,70,62,1,-1,-1,-1
652,607,833,142,71,61,1,-1,-1,-1
653,607,832,142,72,62,1,-1,-1,-1
654,607,832,142,75,64,1,-1,-1,-1
655,607,832,142,72,66,1,-1,-1,-1
656,607,833,142,73,66,1,-1,-1,-1
657,607,834,141,75,67,1,-1,-1,-1
658,607,834,143,75,68,1,-1,-1,-1
659,607,834,145,71,66,1,-1,-1,-1
660,607,835,145,70,65,1,-1,-1,-1
661,607,835,145,73,66,1,-1,-1,-1
662,607,835,147,75,66,1,-1,-1,-1
663,607,836,147,71,65,1,-1,-1,-1
664,607,836,146,72,66,1,-1,-1,-1
665,607,836,147,72,66,1,-1,-1,-1
666,607,836,147,70,66,1,-1,-1,-1
667,607,836,148,72,66,1,-1,-1,-1
668,607,835,151,74,66,1,-1,-1,-1
669,607,835,150,75,67,1,-1,-1,-1
670,607,836,149,75,68,1,-1,-1,-1
671,607,836,150,72,66,1,-1,-1,-1
672,607,837,150,72,66,1,-1,-1,-1
673,607,837,151,73,67,1,-1,-1,-1
674,607,837,149,76,69,1,-1,-1,-1
675,607,837,149,76,69,1,-1,-1,-1
676,607,837,149,73,69,1,-1,-1,-1
677,607,838,149,72,68,1,-1,-1,-1
678,607,838,149,72,69,1,-1,-1,-1
679,607,838,150,73,69,1,-1,-1,-1
680,607,838,150,73,70,1,-1,-1,-1
681,607,839,152,73,68,1,-1,-1,-1
682,607,839,152,74,69,1,-1,-1,-1
683,607,837,153,74,69,1,-1,-1,-1
684,607,837,153,74,70,1,-1,-1,-1
685,607,837,152,72,70,1,-1,-1,-1
686,607,838,153,71,69,1,-1,-1,-1
687,607,839,154,72,68,1,-1,-1,-1
688,607,840,154,72,68,1,-1,-1,-1
689,607,840,153,72,70,1,-1,-1,-1
690,607,839,153,72,69,1,-1,-1,-1
691,607,839,153,72,69,1,-1,-1,-1
692,607,839,153,73,69,1,-1,-1,-1
693,607,839,153,73,69,1,-1,-1,-1
694,607,838,154,74,69,1,-1,-1,-1
695,607,838,153,73,70,1,-1,-1,-1
696,607,838,153,74,70,1,-1,-1,-1
697,607,838,152,72,69,1,-1,-1,-1
698,607,838,153,71,68,1,-1,-1,-1
699,607,838,153,71,69,1,-1,-1,-1
700,607,839,153,73,70,1,-1,-1,-1
701,607,839,153,72,66,1,-1,-1,-1
702,607,839,153,71,68,1,-1,-1,-1
703,607,840,153,72,69,1,-1,-1,-1
704,607,840,152,72,69,1,-1,-1,-1
705,607,839,152,72,69,1,-1,-1,-1
706,607,839,153,74,70,1,-1,-1,-1
707,607,838,153,73,69,1,-1,-1,-1
708,607,838,153,74,69,1,-1,-1,-1
709,607,838,153,73,69,1,-1,-1,-1
710,607,838,153,76,71,1,-1,-1,-1
711,607,838,154,73,69,1,-1,-1,-1
712,607,838,154,73,71,1,-1,-1,-1
713,607,838,153,73,70,1,-1,-1,-1
714,607,839,153,73,70,1,-1,-1,-1
715,607,839,153,73,70,1,-1,-1,-1
716,607,839,153,73,70,1,-1,-1,-1
717,607,839,153,73,71,1,-1,-1,-1
718,607,839,152,73,70,1,-1,-1,-1
719,607,839,153,74,70,1,-1,-1,-1
720,607,839,154,74,70,1,-1,-1,-1
721,607,838,152,73,71,1,-1,-1,-1
722,607,838,153,74,72,1,-1,-1,-1
723,607,838,153,75,73,1,-1,-1,-1
724,607,838,153,75,72,1,-1,-1,-1
725,607,838,153,74,72,1,-1,-1,-1
726,607,838,153,74,72,1,-1,-1,-1
727,607,839,153,75,72,1,-1,-1,-1
728,607,839,153,74,71,1,-1,-1,-1
729,607,839,152,74,71,1,-1,-1,-1
730,607,839,152,74,71,1,-1,-1,-1
731,607,840,153,74,70,1,-1,-1,-1
732,607,839,153,75,71,1,-1,-1,-1
733,607,839,154,74,69,1,-1,-1,-1
734,607,839,154,74,69,1,-1,-1,-1
735,607,839,154,75,69,1,-1,-1,-1
736,607,839,153,74,70,1,-1,-1,-1
737,607,838,153,74,70,1,-1,-1,-1
738,607,838,153,74,70,1,-1,-1,-1
739,607,838,153,73,70,1,-1,-1,-1
740,607,839,153,74,69,1,-1,-1,-1
741,607,839,154,73,69,1,-1,-1,-1
742,607,839,154,73,70,1,-1,-1,-1
743,607,839,154,73,69,1,-1,-1,-1
744,607,840,154,73,69,1,-1,-1,-1
745,607,840,154,74,69,1,-1,-1,-1
746,607,840,154,75,69,1,-1,-1,-1
747,607,839,155,74,67,1,-1,-1,-1
748,607,838,153,74,70,1,-1,-1,-1
749,607,838,153,74,70,1,-1,-1,-1
750,607,838,153,74,70,1,-1,-1,-1
751,607,838,154,74,70,1,-1,-1,-1
752,607,838,154,75,70,1,-1,-1,-1
753,607,839,154,76,70,1,-1,-1,-1
754,607,839,154,76,69,1,-1,-1,-1
755,607,839,154,74,68,1,-1,-1,-1
756,607,840,154,74,69,1,-1,-1,-1
757,607,840,154,74,69,1,-1,-1,-1
758,607,840,153,74,69,1,-1,-1,-1
759,607,840,154,73,68,1,-1,-1,-1
760,607,840,154,73,68,1,-1,-1,-1
761,607,839,155,73,67,1,-1,-1,-1
762,607,839,155,73,67,1,-1,-1,-1
763,607,839,155,74,68,1,-1,-1,-1
764,607,839,155,75,69,1,-1,-1,-1
765,607,838,155,75,69,1,-1,-1,-1
766,607,839,154,74,68,1,-1,-1,-1
767,607,839,154,72,67,1,-1,-1,-1
768,607,839,154,74,68,1,-1,-1,-1
769,607,839,154,74,69,1,-1,-1,-1
770,607,839,154,74,69,1,-1,-1,-1
771,607,839,154,74,68,1,-1,-1,-1
772,607,839,154,73,69,1,-1,-1,-1
773,607,839,154,72,69,1,-1,-1,-1
774,607,839,154,75,70,1,-1,-1,-1
775,607,838,153,75,70,1,-1,-1,-1
776,607,838,153,75,71,1,-1,-1,-1
777,607,838,153,75,70,1,-1,-1,-1
778,607,838,153,73,69,1,-1,-1,-1
779,607,838,153,73,70,1,-1,-1,-1
780,607,838,154,73,69,1,-1,-1,-1
781,607,838,155,73,67,1,-1,-1,-1
782,607,838,155,72,67,1,-1,-1,-1
783,607,839,154,72,68,1,-1,-1,-1
784,607,839,154,72,68,1,-1,-1,-1
785,607,839,154,71,68,1,-1,-1,-1
786,607,838,154,71,68,1,-1,-1,-1
787,607,839,154,71,68,1,-1,-1,-1
788,607,838,154,72,68,1,-1,-1,-1
789,607,839,154,71,68,1,-1,-1,-1
790,607,838,154,72,69,1,-1,-1,-1
791,607,838,155,72,72,1,-1,-1,-1
792,607,838,155,73,71,1,-1,-1,-1
793,607,838,154,72,71,1,-1,-1,-1
794,607,839,154,72,71,1,-1,-1,-1
795,607,839,155,73,70,1,-1,-1,-1
796,607,839,155,73,71,1,-1,-1,-1
797,607,839,154,73,71,1,-1,-1,-1
798,607,839,154,73,69,1,-1,-1,-1
799,607,839,154,73,69,1,-1,-1,-1
800,607,839,154,73,69,1,-1,-1,-1
801,607,838,155,74,68,1,-1,-1,-1
802,607,838,155,73,68,1,-1,-1,-1
803,607,838,155,74,67,1,-1,-1,-1
804,607,838,154,73,67,1,-1,-1,-1
805,607,838,154,73,68,1,-1,-1,-1
806,607,838,154,74,69,1,-1,-1,-1
807,607,838,153,76,70,1,-1,-1,-1
808,607,838,153,76,70,1,-1,-1,-1
809,607,839,154,75,69,1,-1,-1,-1
810,607,839,154,73,68,1,-1,-1,-1
811,607,839,155,75,68,1,-1,-1,-1
812,607,839,156,76,67,1,-1,-1,-1
813,607,839,155,76,67,1,-1,-1,-1
814,607,839,154,77,68,1,-1,-1,-1
815,607,839,154,76,68,1,-1,-1,-1
816,607,839,154,77,69,1,-1,-1,-1
817,607,839,154,76,69,1,-1,-1,-1
818,607,838,154,76,68,1,-1,-1,-1
819,607,838,154,76,69,1,-1,-1,-1
820,607,839,154,76,69,1,-1,-1,-1
821,607,839,154,74,69,1,-1,-1,-1
822,607,839,154,74,69,1,-1,-1,-1
823,607,839,154,74,69,1,-1,-1,-1
824,607,839,155,73,69,1,-1,-1,-1
825,607,840,154,73,69,1,-1,-1,-1
826,607,840,154,73,68,1,-1,-1,-1
827,607,839,153,74,69,1,-1,-1,-1
828,607,839,154,73,68,1,-1,-1,-1
829,607,839,153,73,68,1,-1,-1,-1
830,607,839,153,73,68,1,-1,-1,-1
831,607,838,155,74,68,1,-1,-1,-1
832,607,838,155,73,68,1,-1,-1,-1
833,607,838,154,73,68,1,-1,-1,-1
834,607,838,154,73,68,1,-1,-1,-1
835,607,839,154,72,68,1,-1,-1,-1
836,607,839,154,71,67,1,-1,-1,-1
837,607,839,155,72,67,1,-1,-1,-1
838,607,839,155,73,67,1,-1,-1,-1
839,607,840,154,71,67,1,-1,-1,-1
840,607,839,154,71,68,1,-1,-1,-1
841,607,839,154,73,67,1,-1,-1,-1
842,607,839,155,73,67,1,-1,-1,-1
843,607,839,155,73,68,1,-1,-1,-1
844,607,839,156,74,68,1,-1,-1,-1
845,607,839,155,74,68,1,-1,-1,-1
846,607,839,154,73,68,1,-1,-1,-1
847,607,838,154,73,68,1,-1,-1,-1
848,607,839,154,73,68,1,-1,-1,-1
849,607,839,154,74,70,1,-1,-1,-1
850,607,839,154,74,69,1,-1,-1,-1
851,607,839,156,75,67,1,-1,-1,-1
852,607,840,156,73,66,1,-1,-1,-1
853,607,840,156,72,66,1,-1,-1,-1
854,607,840,156,72,66,1,-1,-1,-1
855,607,839,155,72,66,1,-1,-1,-1
856,607,839,155,73,68,1,-1,-1,-1
857,607,839,154,72,67,1,-1,-1,-1
858,607,839,154,72,66,1,-1,-1,-1
859,607,839,154,72,67,1,-1,-1,-1
860,607,839,154,72,67,1,-1,-1,-1
861,607,838,153,74,68,1,-1,-1,-1
862,607,838,153,74,68,1,-1,-1,-1
863,607,839,153,73,70,1,-1,-1,-1
864,607,839,153,75,70,1,-1,-1,-1
865,607,839,153,73,69,1,-1,-1,-1
866,607,839,153,72,69,1,-1,-1,-1
867,607,839,150,70,65,1,-1,-1,-1
868,607,839,153,72,67,1,-1,-1,-1
869,607,840,150,69,56,1,-1,-1,-1
870,607,839,151,69,47,1,-1,-1,-1
871,607,838,150,71,56,1,-1,-1,-1
872,607,838,151,70,52,1,-1,-1,-1
873,607,839,156,73,66,1,-1,-1,-1
874,607,839,153,73,69,1,-1,-1,-1
875,607,838,150,70,58,1,-1,-1,-1
876,607,839,151,70,52,1,-1,-1,-1
877,607,840,151,70,45,1,-1,-1,-1
878,607,840,151,68,50,1,-1,-1,-1
879,607,840,156,71,65,1,-1,-1,-1
880,607,840,154,71,68,1,-1,-1,-1
881,607,840,155,74,68,1,-1,-1,-1
882,607,840,155,73,68,1,-1,-1,-1
883,607,840,159,76,66,1,-1,-1,-1
884,607,840,154,74,70,1,-1,-1,-1
885,607,839,154,76,71,1,-1,-1,-1
886,607,839,155,75,70,1,-1,-1,-1
887,607,839,154,73,69,1,-1,-1,-1
888,607,839,155,74,68,1,-1,-1,-1
889,607,840,155,74,69,1,-1,-1,-1
890,607,841,156,74,68,1,-1,-1,-1
891,607,840,156,76,69,1,-1,-1,-1
892,607,840,156,78,69,1,-1,-1,-1
893,607,839,154,79,72,1,-1,-1,-1
894,607,840,152,78,73,1,-1,-1,-1
895,607,840,151,79,73,1,-1,-1,-1
896,607,840,152,77,73,1,-1,-1,-1
897,607,840,151,78,73,1,-1,-1,-1
898,607,839,150,77,74,1,-1,-1,-1
899,607,839,154,77,70,1,-1,-1,-1
900,607,840,154,76,69,1,-1,-1,-1
901,607,839,150,77,74,1,-1,-1,-1
902,607,840,150,78,74,1,-1,-1,-1
903,607,840,153,78,75,1,-1,-1,-1
904,607,839,153,78,77,1,-1,-1,-1
905,607,840,156,79,74,1,-1,-1,-1
906,607,839,156,82,76,1,-1,-1,-1
907,607,840,156,81,76,1,-1,-1,-1
908,607,840,155,81,78,1,-1,-1,-1
909,607,841,156,79,79,1,-1,-1,-1
910,607,841,158,80,77,1,-1,-1,-1
911,607,842,157,81,79,1,-1,-1,-1
912,607,842,158,87,79,1,-1,-1,-1
913,607,842,159,85,79,1,-1,-1,-1
914,607,842,160,83,81,1,-1,-1,-1
915,607,841,160,86,82,1,-1,-1,-1
916,607,842,160,86,83,1,-1,-1,-1
917,607,842,161,87,83,1,-1,-1,-1
918,607,843,165,87,81,1,-1,-1,-1
919,607,842,165,89,83,1,-1,-1,-1
920,607,843,167,91,87,1,-1,-1,-1
921,607,844,167,87,87,1,-1,-1,-1
922,607,843,167,88,89,1,-1,-1,-1
923,607,846,170,86,89,1,-1,-1,-1
924,607,845,170,90,90,1,-1,-1,-1
925,607,846,171,87,90,1,-1,-1,-1
926,607,847,172,91,92,1,-1,-1,-1
927,607,846,173,90,93,1,-1,-1,-1
928,607,846,174,95,94,1,-1,-1,-1
929,607,847,174,94,97,1,-1,-1,-1
930,607,846,176,96,98,1,-1,-1,-1
931,607,845,180,102,98,1,-1,-1,-1
932,607,845,183,101,98,1,-1,-1,-1
933,607,846,182,100,102,1,-1,-1,-1
934,607,846,185,101,100,1,-1,-1,-1
935,607,847,185,102,102,1,-1,-1,-1
936,607,847,189,103,101,1,-1,-1,-1
937,607,846,189,105,104,1,-1,-1,-1
938,607,846,211,106,85,1,-1,-1,-1
939,607,846,193,106,105,1,-1,-1,-1
940,607,848,222,106,80,1,-1,-1,-1
941,607,848,214,108,91,1,-1,-1,-1
942,607,846,198,111,109,1,-1,-1,-1
943,607,847,200,109,108,1,-1,-1,-1
944,607,847,203,115,113,1,-1,-1,-1
945,607,849,205,112,116,1,-1,-1,-1
946,607,847,207,119,117,1,-1,-1,-1
947,607,847,208,124,117,1,-1,-1,-1
948,607,846,210,132,120,1,-1,-1,-1
949,607,850,213,131,118,1,-1,-1,-1
950,607,851,214,138,122,1,-1,-1,-1
951,607,852,216,146,125,1,-1,-1,-1
952,607,856,220,153,126,1,-1,-1,-1
953,607,861,221,159,128,1,-1,-1,-1
954,607,860,223,170,131,1,-1,-1,-1
955,607,862,226,181,131,1,-1,-1,-1
956,607,869,229,188,132,1,-1,-1,-1
957,607,875,230,201,138,1,-1,-1,-1
958,607,883,233,213,137,1,-1,-1,-1
959,607,889,236,227,139,1,-1,-1,-1
960,607,895,239,247,141,1,-1,-1,-1
961,607,912,242,255,142,1,-1,-1,-1
962,607,921,245,277,144,1,-1,-1,-1
963,607,937,247,290,147,1,-1,-1,-1
964,607,953,248,307,150,1,-1,-1,-1
965,607,971,252,324,150,1,-1,-1,-1
966,607,991,256,336,151,1,-1,-1,-1
967,607,1014,257,351,154,1,-1,-1,-1
968,607,1037,257,367,157,1,-1,-1,-1
969,607,1065,261,378,158,1,-1,-1,-1
970,607,1093,265,391,161,1,-1,-1,-1
971,607,1127,270,402,161,1,-1,-1,-1
972,607,1156,271,417,162,1,-1,-1,-1
973,607,1191,273,427,166,1,-1,-1,-1
974,607,1228,275,438,166,1,-1,-1,-1
975,607,1273,281,437,164,1,-1,-1,-1
976,607,1316,281,442,164,1,-1,-1,-1
977,607,1359,284,445,165,1,-1,-1,-1
978,607,1405,285,448,165,1,-1,-1,-1
979,607,1452,287,447,166,1,-1,-1,-1
980,607,1505,294,414,162,1,-1,-1,-1
981,607,1555,297,364,158,1,-1,-1,-1
982,607,1607,298,312,149,1,-1,-1,-1
983,607,1657,301,262,147,1,-1,-1,-1
984,607,1704,303,214,145,1,-1,-1,-1
985,607,1753,326,166,123,1,-1,-1,-1
986,607,1802,332,118,121,1,-1,-1,-1
551,608,1898,301,21,54,1,-1,-1,-1
552,608,1889,297,30,59,1,-1,-1,-1
553,608,1882,295,38,63,1,-1,-1,-1
554,608,1873,294,46,64,1,-1,-1,-1
555,608,1862,293,57,65,1,-1,-1,-1
556,608,1854,292,65,69,1,-1,-1,-1
557,608,1842,285,77,77,1,-1,-1,-1
558,608,1830,274,89,87,1,-1,-1,-1
559,608,1820,269,98,91,1,-1,-1,-1
560,608,1808,264,110,95,1,-1,-1,-1
561,608,1796,264,122,95,1,-1,-1,-1
562,608,1782,261,137,97,1,-1,-1,-1
563,608,1771,259,148,99,1,-1,-1,-1
564,608,1756,255,162,100,1,-1,-1,-1
565,608,1745,256,173,101,1,-1,-1,-1
566,608,1727,256,191,100,1,-1,-1,-1
567,608,1714,257,205,100,1,-1,-1,-1
568,608,1698,256,220,103,1,-1,-1,-1
569,608,1683,257,236,102,1,-1,-1,-1
570,608,1665,252,253,107,1,-1,-1,-1
571,608,1649,251,269,108,1,-1,-1,-1
572,608,1630,250,278,106,1,-1,-1,-1
573,608,1617,248,268,106,1,-1,-1,-1
574,608,1597,245,272,107,1,-1,-1,-1
575,608,1583,243,269,108,1,-1,-1,-1
576,608,1568,243,269,107,1,-1,-1,-1
577,608,1550,243,269,105,1,-1,-1,-1
578,608,1538,240,260,106,1,-1,-1,-1
579,608,1518,240,263,104,1,-1,-1,-1
580,608,1502,237,263,105,1,-1,-1,-1
581,608,1491,237,255,103,1,-1,-1,-1
582,608,1474,236,253,102,1,-1,-1,-1
583,608,1463,231,246,104,1,-1,-1,-1
584,608,1448,229,246,103,1,-1,-1,-1
585,608,1436,229,238,99,1,-1,-1,-1
586,608,1426,226,231,101,1,-1,-1,-1
587,608,1416,225,223,99,1,-1,-1,-1
588,608,1406,223,217,99,1,-1,-1,-1
589,608,1396,221,209,100,1,-1,-1,-1
590,608,1390,220,200,97,1,-1,-1,-1
591,608,1382,219,191,96,1,-1,-1,-1
592,608,1377,216,185,97,1,-1,-1,-1
593,608,1369,216,177,94,1,-1,-1,-1
594,608,1362,213,171,95,1,-1,-1,-1
595,608,1358,210,163,95,1,-1,-1,-1
596,608,1352,208,157,95,1,-1,-1,-1
597,608,1346,208,152,92,1,-1,-1,-1
598,608,1339,206,147,89,1,-1,-1,-1
599,608,1331,203,143,90,1,-1,-1,-1
600,608,1326,201,140,88,1,-1,-1,-1
601,608,1319,200,136,85,1,-1,-1,-1
602,608,1313,199,135,85,1,-1,-1,-1
603,608,1305,198,134,84,1,-1,-1,-1
604,608,1300,194,129,84,1,-1,-1,-1
605,608,1295,191,126,84,1,-1,-1,-1
606,608,1288,191,126,82,1,-1,-1,-1
607,608,1282,187,122,84,1,-1,-1,-1
608,608,1278,186,120,81,1,-1,-1,-1
609,608,1272,186,117,79,1,-1,-1,-1
610,608,1266,185,116,75,1,-1,-1,-1
611,608,1260,182,113,76,1,-1,-1,-1
612,608,1255,181,110,74,1,-1,-1,-1
613,608,1247,176,110,76,1,-1,-1,-1
614,608,1241,177,108,72,1,-1,-1,-1
615,608,1236,176,106,71,1,-1,-1,-1
616,608,1232,175,101,70,1,-1,-1,-1
617,608,1227,173,100,67,1,-1,-1,-1
618,608,1220,172,99,64,1,-1,-1,-1
619,608,1215,170,99,67,1,-1,-1,-1
620,608,1212,167,95,67,1,-1,-1,-1
621,608,1206,163,96,69,1,-1,-1,-1
622,608,1201,161,92,67,1,-1,-1,-1
623,608,1196,161,90,64,1,-1,-1,-1
624,608,1189,161,91,63,1,-1,-1,-1
625,608,1182,159,90,63,1,-1,-1,-1
626,608,1179,160,87,59,1,-1,-1,-1
627,608,1173,158,86,57,1,-1,-1,-1
628,608,1166,156,88,56,1,-1,-1,-1
629,608,1165,155,81,56,1,-1,-1,-1
630,608,1158,153,83,58,1,-1,-1,-1
631,608,1154,146,79,61,1,-1,-1,-1
632,608,1150,145,78,60,1,-1,-1,-1
633,608,1148,147,74,55,1,-1,-1,-1
634,608,1145,146,73,56,1,-1,-1,-1
635,608,1138,145,76,55,1,-1,-1,-1
636,608,1133,145,74,53,1,-1,-1,-1
637,608,1129,144,74,52,1,-1,-1,-1
638,608,1126,141,70,52,1,-1,-1,-1
639,608,1123,140,69,52,1,-1,-1,-1
640,608,1118,139,68,49,1,-1,-1,-1
641,608,1115,139,66,48,1,-1,-1,-1
642,608,1108,138,67,45,1,-1,-1,-1
643,608,1106,136,66,46,1,-1,-1,-1
644,608,1101,134,67,48,1,-1,-1,-1
645,608,1098,132,66,47,1,-1,-1,-1
646,608,1098,131,62,47,1,-1,-1,-1
647,608,1092,130,65,46,1,-1,-1,-1
648,608,1090,130,60,46,1,-1,-1,-1
649,608,1087,127,60,47,1,-1,-1,-1
650,608,1083,127,58,44,1,-1,-1,-1
651,608,1082,126,58,44,1,-1,-1,-1
652,608,1078,125,55,42,1,-1,-1,-1
653,608,1073,125,59,41,1,-1,-1,-1
654,608,1070,125,55,40,1,-1,-1,-1
655,608,1067,123,55,41,1,-1,-1,-1
656,608,1064,123,54,40,1,-1,-1,-1
657,608,1062,121,54,40,1,-1,-1,-1
658,608,1059,120,53,41,1,-1,-1,-1
659,608,1056,120,52,38,1,-1,-1,-1
660,608,1055,120,51,39,1,-1,-1,-1
661,608,1053,118,49,37,1,-1,-1,-1
662,608,1051,117,47,37,1,-1,-1,-1
663,608,1049,116,47,37,1,-1,-1,-1
664,608,1046,114,47,37,1,-1,-1,-1
665,608,1045,115,45,36,1,-1,-1,-1
666,608,1041,116,46,34,1,-1,-1,-1
667,608,1039,113,45,35,1,-1,-1,-1
668,608,1035,112,46,34,1,-1,-1,-1
669,608,1034,110,45,37,1,-1,-1,-1
670,608,1031,110,43,36,1,-1,-1,-1
671,608,1030,110,41,32,1,-1,-1,-1
672,608,1027,110,42,32,1,-1,-1,-1
673,608,1027,107,41,33,1,-1,-1,-1
674,608,1025,106,40,33,1,-1,-1,-1
675,608,1022,106,41,33,1,-1,-1,-1
676,608,1021,106,40,33,1,-1,-1,-1
677,608,1019,105,41,33,1,-1,-1,-1
678,608,1016,105,40,32,1,-1,-1,-1
679,608,1014,105,38,31,1,-1,-1,-1
680,608,1012,104,37,31,1,-1,-1,-1
681,608,1007,104,40,32,1,-1,-1,-1
682,608,1006,104,39,30,1,-1,-1,-1
683,608,1003,104,39,30,1,-1,-1,-1
684,608,1000,105,39,29,1,-1,-1,-1
685,608,999,103,38,31,1,-1,-1,-1
686,608,996,103,39,30,1,-1,-1,-1
687,608,995,103,36,28,1,-1,-1,-1
688,608,994,102,35,28,1,-1,-1,-1
689,608,991,102,36,28,1,-1,-1,-1
690,608,988,102,35,27,1,-1,-1,-1
691,608,984,102,37,28,1,-1,-1,-1
692,608,982,101,36,28,1,-1,-1,-1
693,608,980,99,34,29,1,-1,-1,-1
694,608,974,98,37,29,1,-1,-1,-1
695,608,971,99,36,29,1,-1,-1,-1
696,608,968,96,34,31,1,-1,-1,-1
697,608,965,93,34,34,1,-1,-1,-1
698,608,962,94,34,33,1,-1,-1,-1
699,608,957,93,36,33,1,-1,-1,-1
700,608,952,96,37,30,1,-1,-1,-1
701,608,950,97,36,28,1,-1,-1,-1
702,608,945,98,36,28,1,-1,-1,-1
703,608,940,97,36,27,1,-1,-1,-1
704,608,937,97,35,26,1,-1,-1,-1
705,608,932,98,34,25,1,-1,-1,-1
706,608,929,99,34,24,1,-1,-1,-1
707,608,924,99,34,26,1,-1,-1,-1
708,608,919,98,35,24,1,-1,-1,-1
709,608,913,98,34,26,1,-1,-1,-1
710,608,907,98,36,26,1,-1,-1,-1
711,608,903,99,35,25,1,-1,-1,-1
712,608,901,100,31,25,1,-1,-1,-1
713,608,895,101,33,23,1,-1,-1,-1
714,608,891,100,32,24,1,-1,-1,-1
715,608,886,100,34,25,1,-1,-1,-1
716,608,881,99,33,24,1,-1,-1,-1
717,608,878,99,31,26,1,-1,-1,-1
718,608,872,100,34,25,1,-1,-1,-1
719,608,868,99,32,24,1,-1,-1,-1
720,608,862,100,32,24,1,-1,-1,-1
721,608,855,100,35,24,1,-1,-1,-1
722,608,852,101,31,24,1,-1,-1,-1
723,608,847,100,32,25,1,-1,-1,-1
724,608,840,100,33,25,1,-1,-1,-1
725,608,836,101,33,26,1,-1,-1,-1
726,608,833,99,31,25,1,-1,-1,-1
727,608,829,100,31,27,1,-1,-1,-1
728,608,826,99,31,24,1,-1,-1,-1
729,608,820,102,32,24,1,-1,-1,-1
730,608,815,101,28,24,1,-1,-1,-1
731,608,811,100,29,24,1,-1,-1,-1
732,608,805,99,30,24,1,-1,-1,-1
733,608,803,102,29,24,1,-1,-1,-1
734,608,799,101,29,23,1,-1,-1,-1
735,608,794,103,31,21,1,-1,-1,-1
736,608,790,101,31,23,1,-1,-1,-1
742,608,765,101,28,23,1,-1,-1,-1
564,611,850,177,94,72,1,-1,-1,-1
565,611,850,175,94,76,1,-1,-1,-1
566,611,850,174,96,81,1,-1,-1,-1
567,611,849,175,98,82,1,-1,-1,-1
568,611,849,175,97,82,1,-1,-1,-1
569,611,849,175,97,82,1,-1,-1,-1
570,611,849,175,97,82,1,-1,-1,-1
571,611,851,176,95,83,1,-1,-1,-1
572,611,850,175,96,85,1,-1,-1,-1
573,611,848,176,97,80,1,-1,-1,-1
574,611,847,175,97,84,1,-1,-1,-1
575,611,847,174,97,84,1,-1,-1,-1
576,611,847,173,98,86,1,-1,-1,-1
577,611,848,175,97,84,1,-1,-1,-1
578,611,851,174,97,88,1,-1,-1,-1
579,611,852,173,96,91,1,-1,-1,-1
580,611,851,173,97,88,1,-1,-1,-1
581,611,850,175,96,85,1,-1,-1,-1
582,611,850,174,97,85,1,-1,-1,-1
583,611,850,175,96,84,1,-1,-1,-1
584,611,851,174,96,85,1,-1,-1,-1
585,611,851,174,96,87,1,-1,-1,-1
586,611,851,174,96,87,1,-1,-1,-1
587,611,850,175,97,86,1,-1,-1,-1
588,611,849,175,97,84,1,-1,-1,-1
589,611,848,175,99,84,1,-1,-1,-1
590,611,848,175,98,85,1,-1,-1,-1
591,611,852,175,94,85,1,-1,-1,-1
592,611,853,174,93,86,1,-1,-1,-1
593,611,852,175,95,83,1,-1,-1,-1
594,611,851,175,95,83,1,-1,-1,-1
595,611,851,175,95,82,1,-1,-1,-1
596,611,852,175,95,83,1,-1,-1,-1
597,611,852,175,95,85,1,-1,-1,-1
598,611,853,174,94,86,1,-1,-1,-1
599,611,853,175,94,85,1,-1,-1,-1
600,611,851,176,96,82,1,-1,-1,-1
601,611,847,177,99,80,1,-1,-1,-1
602,611,847,177,99,80,1,-1,-1,-1
603,611,847,176,99,80,1,-1,-1,-1
604,611,850,175,97,85,1,-1,-1,-1
605,611,851,173,97,89,1,-1,-1,-1
606,611,853,174,96,89,1,-1,-1,-1
607,611,852,174,96,86,1,-1,-1,-1
608,611,851,175,96,86,1,-1,-1,-1
609,611,851,175,95,85,1,-1,-1,-1
610,611,851,175,96,84,1,-1,-1,-1
611,611,853,174,94,88,1,-1,-1,-1
612,611,853,175,94,87,1,-1,-1,-1
613,611,854,175,93,89,1,-1,-1,-1
614,611,853,176,93,84,1,-1,-1,-1
615,611,851,178,94,83,1,-1,-1,-1
616,611,851,178,94,82,1,-1,-1,-1
617,611,851,178,94,83,1,-1,-1,-1
618,611,854,176,93,86,1,-1,-1,-1
619,611,855,176,92,85,1,-1,-1,-1
620,611,856,175,91,86,1,-1,-1,-1
621,611,854,175,93,85,1,-1,-1,-1
622,611,854,175,93,88,1,-1,-1,-1
623,611,853,174,95,87,1,-1,-1,-1
624,611,855,174,93,87,1,-1,-1,-1
625,611,855,175,92,86,1,-1,-1,-1
626,611,851,176,95,83,1,-1,-1,-1
627,611,853,177,92,79,1,-1,-1,-1
628,611,852,178,93,79,1,-1,-1,-1
629,611,853,178,91,81,1,-1,-1,-1
630,611,854,177,89,79,1,-1,-1,-1
631,611,852,177,92,76,1,-1,-1,-1
632,611,853,178,92,77,1,-1,-1,-1
633,611,853,176,93,79,1,-1,-1,-1
634,611,856,175,92,85,1,-1,-1,-1
635,611,856,175,90,82,1,-1,-1,-1
636,611,856,174,90,82,1,-1,-1,-1
637,611,854,174,92,81,1,-1,-1,-1
638,611,853,175,93,81,1,-1,-1,-1
639,611,855,175,91,77,1,-1,-1,-1
640,611,855,175,91,75,1,-1,-1,-1
641,611,854,178,91,75,1,-1,-1,-1
642,611,853,178,93,81,1,-1,-1,-1
643,611,854,179,91,77,1,-1,-1,-1
644,611,855,179,90,79,1,-1,-1,-1
645,611,855,179,91,79,1,-1,-1,-1
646,611,856,179,91,80,1,-1,-1,-1
647,611,860,179,87,84,1,-1,-1,-1
648,611,860,180,87,83,1,-1,-1,-1
649,611,857,178,90,84,1,-1,-1,-1
650,611,858,177,89,83,1,-1,-1,-1
651,611,859,178,88,84,1,-1,-1,-1
652,611,861,179,86,82,1,-1,-1,-1
653,611,857,179,89,80,1,-1,-1,-1
654,611,858,180,88,80,1,-1,-1,-1
655,611,858,178,88,81,1,-1,-1,-1
656,611,861,181,85,82,1,-1,-1,-1
657,611,859,182,87,82,1,-1,-1,-1
658,611,857,182,89,81,1,-1,-1,-1
659,611,856,181,90,80,1,-1,-1,-1
660,611,858,180,89,82,1,-1,-1,-1
661,611,857,178,89,84,1,-1,-1,-1
662,611,858,178,89,85,1,-1,-1,-1
663,611,855,177,91,85,1,-1,-1,-1
664,611,854,177,93,85,1,-1,-1,-1
665,611,855,181,91,80,1,-1,-1,-1
666,611,858,182,88,79,1,-1,-1,-1
667,611,855,187,91,77,1,-1,-1,-1
668,611,856,185,88,78,1,-1,-1,-1
669,611,857,184,87,79,1,-1,-1,-1
670,611,856,184,88,78,1,-1,-1,-1
671,611,857,182,87,80,1,-1,-1,-1
672,611,858,182,87,81,1,-1,-1,-1
673,611,861,183,85,79,1,-1,-1,-1
674,611,864,183,83,80,1,-1,-1,-1
675,611,863,182,84,81,1,-1,-1,-1
676,611,862,182,85,80,1,-1,-1,-1
677,611,861,182,86,81,1,-1,-1,-1
678,611,860,182,87,81,1,-1,-1,-1
679,611,856,181,91,81,1,-1,-1,-1
680,611,855,181,92,81,1,-1,-1,-1
681,611,851,185,96,78,1,-1,-1,-1
682,611,851,186,94,77,1,-1,-1,-1
683,611,851,183,93,79,1,-1,-1,-1
684,611,852,184,92,78,1,-1,-1,-1
685,611,854,183,91,78,1,-1,-1,-1
686,611,851,186,94,74,1,-1,-1,-1
687,611,853,184,92,74,1,-1,-1,-1
688,611,854,183,92,76,1,-1,-1,-1
689,611,854,183,92,78,1,-1,-1,-1
690,611,855,182,91,79,1,-1,-1,-1
691,611,855,182,92,79,1,-1,-1,-1
692,611,853,181,93,81,1,-1,-1,-1
693,611,852,182,95,80,1,-1,-1,-1
694,611,849,187,96,75,1,-1,-1,-1
695,611,848,186,96,75,1,-1,-1,-1
696,611,849,186,95,75,1,-1,-1,-1
697,611,850,184,95,78,1,-1,-1,-1
698,611,850,184,96,78,1,-1,-1,-1
699,611,850,184,96,77,1,-1,-1,-1
700,611,850,185,96,73,1,-1,-1,-1
701,611,852,184,94,79,1,-1,-1,-1
702,611,853,181,94,80,1,-1,-1,-1
703,611,853,181,95,81,1,-1,-1,-1
704,611,853,181,95,81,1,-1,-1,-1
705,611,853,181,94,80,1,-1,-1,-1
706,611,850,186,98,77,1,-1,-1,-1
707,611,850,186,98,77,1,-1,-1,-1
708,611,849,186,98,76,1,-1,-1,-1
709,611,849,185,98,77,1,-1,-1,-1
710,611,848,187,97,75,1,-1,-1,-1
711,611,852,184,92,75,1,-1,-1,-1
712,611,850,185,94,72,1,-1,-1,-1
713,611,852,185,94,74,1,-1,-1,-1
714,611,852,183,94,78,1,-1,-1,-1
715,611,854,182,93,80,1,-1,-1,-1
716,611,856,181,92,81,1,-1,-1,-1
717,611,856,182,92,81,1,-1,-1,-1
718,611,855,181,92,82,1,-1,-1,-1
719,611,854,181,92,81,1,-1,-1,-1
720,611,854,182,93,81,1,-1,-1,-1
721,611,853,185,93,74,1,-1,-1,-1
722,611,849,187,96,73,1,-1,-1,-1
723,611,848,190,96,71,1,-1,-1,-1
724,611,848,190,96,70,1,-1,-1,-1
725,611,850,187,95,75,1,-1,-1,-1
726,611,850,188,96,72,1,-1,-1,-1
727,611,850,187,96,72,1,-1,-1,-1
728,611,851,185,96,77,1,-1,-1,-1
729,611,853,183,94,80,1,-1,-1,-1
730,611,853,183,95,79,1,-1,-1,-1
731,611,853,182,92,77,1,-1,-1,-1
732,611,853,184,94,76,1,-1,-1,-1
733,611,853,184,93,75,1,-1,-1,-1
734,611,853,184,93,77,1,-1,-1,-1
735,611,851,185,95,76,1,-1,-1,-1
736,611,851,189,95,73,1,-1,-1,-1
737,611,848,191,96,70,1,-1,-1,-1
738,611,848,190,96,70,1,-1,-1,-1
739,611,850,190,95,71,1,-1,-1,-1
740,611,852,186,94,74,1,-1,-1,-1
741,611,853,184,92,73,1,-1,-1,-1
742,611,853,184,92,73,1,-1,-1,-1
743,611,852,184,93,74,1,-1,-1,-1
744,611,851,183,95,76,1,-1,-1,-1
745,611,852,183,94,77,1,-1,-1,-1
746,611,850,184,95,69,1,-1,-1,-1
748,611,856,184,90,77,1,-1,-1,-1
749,611,855,183,91,76,1,-1,-1,-1
750,611,853,184,93,76,1,-1,-1,-1
751,611,850,187,96,71,1,-1,-1,-1
752,611,849,188,96,72,1,-1,-1,-1
753,611,849,190,95,68,1,-1,-1,-1
754,611,849,189,96,71,1,-1,-1,-1
755,611,851,187,97,75,1,-1,-1,-1
756,611,851,187,96,75,1,-1,-1,-1
757,611,852,183,94,77,1,-1,-1,-1
758,611,851,183,95,78,1,-1,-1,-1
759,611,852,182,94,80,1,-1,-1,-1
760,611,852,182,94,80,1,-1,-1,-1
761,611,852,184,94,76,1,-1,-1,-1
762,611,852,184,93,76,1,-1,-1,-1
763,611,851,185,94,75,1,-1,-1,-1
764,611,851,187,93,72,1,-1,-1,-1
765,611,851,187,93,73,1,-1,-1,-1
766,611,851,185,94,76,1,-1,-1,-1
767,611,850,185,95,77,1,-1,-1,-1
768,611,851,184,94,76,1,-1,-1,-1
769,611,853,184,93,77,1,-1,-1,-1
770,611,853,184,93,77,1,-1,-1,-1
771,611,853,184,93,78,1,-1,-1,-1
772,611,853,182,91,77,1,-1,-1,-1
773,611,853,182,92,78,1,-1,-1,-1
774,611,851,185,94,75,1,-1,-1,-1
775,611,850,185,95,76,1,-1,-1,-1
776,611,850,184,95,78,1,-1,-1,-1
777,611,851,184,94,77,1,-1,-1,-1
778,611,853,182,92,80,1,-1,-1,-1
779,611,854,183,92,80,1,-1,-1,-1
780,611,852,184,93,76,1,-1,-1,-1
781,611,848,186,98,75,1,-1,-1,-1
782,611,849,183,97,79,1,-1,-1,-1
783,611,850,184,96,78,1,-1,-1,-1
784,611,850,183,96,78,1,-1,-1,-1
785,611,852,181,95,81,1,-1,-1,-1
786,611,851,181,96,80,1,-1,-1,-1
787,611,852,182,94,79,1,-1,-1,-1
788,611,851,182,96,80,1,-1,-1,-1
789,611,851,182,96,80,1,-1,-1,-1
790,611,850,184,96,78,1,-1,-1,-1
791,611,849,186,96,74,1,-1,-1,-1
792,611,849,187,96,74,1,-1,-1,-1
793,611,851,183,94,77,1,-1,-1,-1
794,611,850,183,96,76,1,-1,-1,-1
795,611,849,184,96,76,1,-1,-1,-1
796,611,849,185,97,76,1,-1,-1,-1
797,611,849,184,97,76,1,-1,-1,-1
798,611,851,183,95,77,1,-1,-1,-1
799,611,853,181,92,78,1,-1,-1,-1
800,611,854,180,91,78,1,-1,-1,-1
801,611,850,183,95,75,1,-1,-1,-1
802,611,850,183,95,77,1,-1,-1,-1
803,611,850,183,95,76,1,-1,-1,-1
804,611,850,182,96,77,1,-1,-1,-1
805,611,852,183,94,77,1,-1,-1,-1
806,611,851,184,94,73,1,-1,-1,-1
807,611,850,185,95,72,1,-1,-1,-1
808,611,850,185,95,72,1,-1,-1,-1
809,611,851,184,95,76,1,-1,-1,-1
810,611,852,183,94,77,1,-1,-1,-1
811,611,850,188,96,74,1,-1,-1,-1
812,611,852,186,94,75,1,-1,-1,-1
813,611,851,187,94,72,1,-1,-1,-1
814,611,850,188,96,73,1,-1,-1,-1
815,611,851,187,96,74,1,-1,-1,-1
816,611,850,187,96,73,1,-1,-1,-1
817,611,851,186,96,73,1,-1,-1,-1
818,611,850,186,96,72,1,-1,-1,-1
819,611,849,188,97,72,1,-1,-1,-1
820,611,852,186,95,76,1,-1,-1,-1
821,611,851,186,95,74,1,-1,-1,-1
822,611,851,186,94,73,1,-1,-1,-1
823,611,852,186,93,73,1,-1,-1,-1
824,611,853,184,92,74,1,-1,-1,-1
825,611,853,183,93,78,1,-1,-1,-1
826,611,853,183,93,78,1,-1,-1,-1
827,611,853,184,93,76,1,-1,-1,-1
828,611,850,186,95,73,1,-1,-1,-1
829,611,851,184,95,74,1,-1,-1,-1
830,611,851,184,94,71,1,-1,-1,-1
831,611,849,186,96,72,1,-1,-1,-1
832,611,849,187,96,72,1,-1,-1,-1
833,611,849,187,95,71,1,-1,-1,-1
834,611,850,188,95,71,1,-1,-1,-1
835,611,851,187,94,73,1,-1,-1,-1
836,611,853,183,92,73,1,-1,-1,-1
837,611,853,183,92,72,1,-1,-1,-1
838,611,852,183,93,74,1,-1,-1,-1
839,611,853,182,93,76,1,-1,-1,-1
840,611,854,182,91,75,1,-1,-1,-1
841,611,850,182,97,78,1,-1,-1,-1
842,611,850,184,96,75,1,-1,-1,-1
843,611,849,186,97,76,1,-1,-1,-1
844,611,849,186,96,72,1,-1,-1,-1
845,611,849,185,96,74,1,-1,-1,-1
846,611,849,183,96,77,1,-1,-1,-1
847,611,849,183,97,77,1,-1,-1,-1
848,611,849,183,97,78,1,-1,-1,-1
849,611,849,185,97,75,1,-1,-1,-1
850,611,849,185,98,76,1,-1,-1,-1
851,611,850,185,95,74,1,-1,-1,-1
852,611,853,182,93,75,1,-1,-1,-1
853,611,853,182,93,75,1,-1,-1,-1
854,611,852,183,93,74,1,-1,-1,-1
855,611,853,184,93,75,1,-1,-1,-1
856,611,850,184,95,72,1,-1,-1,-1
857,611,849,186,96,74,1,-1,-1,-1
858,611,850,185,96,77,1,-1,-1,-1
859,611,851,185,95,78,1,-1,-1,-1
860,611,851,184,95,78,1,-1,-1,-1
861,611,851,186,96,77,1,-1,-1,-1
862,611,852,187,95,76,1,-1,-1,-1
863,611,852,184,94,78,1,-1,-1,-1
864,611,852,185,94,76,1,-1,-1,-1
865,611,853,183,93,80,1,-1,-1,-1
866,611,852,181,95,82,1,-1,-1,-1
867,611,843,166,96,66,1,-1,-1,-1
868,611,855,179,92,84,1,-1,-1,-1
869,611,854,179,93,83,1,-1,-1,-1
870,611,856,181,91,81,1,-1,-1,-1
871,611,856,182,91,81,1,-1,-1,-1
872,611,857,182,90,82,1,-1,-1,-1
873,611,855,181,90,78,1,-1,-1,-1
874,611,858,184,87,79,1,-1,-1,-1
875,611,855,185,91,78,1,-1,-1,-1
876,611,853,185,94,79,1,-1,-1,-1
877,611,860,184,86,76,1,-1,-1,-1
878,611,856,182,92,83,1,-1,-1,-1
879,611,850,179,96,75,1,-1,-1,-1
880,611,856,180,92,85,1,-1,-1,-1
881,611,854,183,97,84,1,-1,-1,-1
882,611,853,182,96,81,1,-1,-1,-1
884,611,852,182,97,64,1,-1,-1,-1
885,611,857,186,93,60,1,-1,-1,-1
891,611,864,193,86,52,1,-1,-1,-1
898,611,865,182,68,53,1,-1,-1,-1
899,611,864,186,76,57,1,-1,-1,-1
900,611,864,187,73,54,1,-1,-1,-1
901,611,864,192,79,71,1,-1,-1,-1
902,611,863,189,75,72,1,-1,-1,-1
903,611,862,189,77,65,1,-1,-1,-1
904,611,862,190,77,72,1,-1,-1,-1
905,611,862,192,78,70,1,-1,-1,-1
906,611,864,192,78,82,1,-1,-1,-1
907,611,864,197,77,76,1,-1,-1,-1
908,611,864,194,73,86,1,-1,-1,-1
909,611,864,194,73,88,1,-1,-1,-1
910,611,863,195,76,89,1,-1,-1,-1
911,611,862,195,78,92,1,-1,-1,-1
912,611,862,199,77,91,1,-1,-1,-1
913,611,863,204,79,86,1,-1,-1,-1
914,611,863,203,79,92,1,-1,-1,-1
915,611,863,208,83,88,1,-1,-1,-1
916,611,863,208,84,90,1,-1,-1,-1
917,611,863,208,87,92,1,-1,-1,-1
918,611,862,210,91,93,1,-1,-1,-1
919,611,862,215,96,92,1,-1,-1,-1
920,611,863,217,101,94,1,-1,-1,-1
921,611,864,217,102,97,1,-1,-1,-1
922,611,864,221,103,97,1,-1,-1,-1
923,611,866,221,106,100,1,-1,-1,-1
924,611,866,226,111,99,1,-1,-1,-1
925,611,866,227,119,101,1,-1,-1,-1
926,611,870,231,120,99,1,-1,-1,-1
927,611,875,233,126,102,1,-1,-1,-1
928,611,876,236,136,101,1,-1,-1,-1
929,611,883,238,140,106,1,-1,-1,-1
930,611,891,242,148,107,1,-1,-1,-1
931,611,897,245,158,111,1,-1,-1,-1
932,611,908,247,166,112,1,-1,-1,-1
933,611,921,250,174,115,1,-1,-1,-1
934,611,934,253,186,118,1,-1,-1,-1
935,611,947,256,198,120,1,-1,-1,-1
936,611,967,262,208,120,1,-1,-1,-1
937,611,987,265,220,122,1,-1,-1,-1
938,611,1009,269,232,126,1,-1,-1,-1
939,611,1033,270,242,128,1,-1,-1,-1
940,611,1060,274,253,131,1,-1,-1,-1
941,611,1090,279,264,132,1,-1,-1,-1
942,611,1123,281,274,134,1,-1,-1,-1
943,611,1159,285,282,134,1,-1,-1,-1
944,611,1199,286,289,139,1,-1,-1,-1
945,611,1237,292,299,139,1,-1,-1,-1
946,611,1283,297,306,140,1,-1,-1,-1
947,611,1328,302,312,141,1,-1,-1,-1
948,611,1377,310,314,134,1,-1,-1,-1
949,611,1431,311,316,138,1,-1,-1,-1
950,611,1483,313,318,141,1,-1,-1,-1
951,611,1537,315,322,143,1,-1,-1,-1
952,611,1593,320,324,140,1,-1,-1,-1
953,611,1649,324,271,139,1,-1,-1,-1
954,611,1709,325,210,133,1,-1,-1,-1
955,611,1764,331,155,129,1,-1,-1,-1
956,611,1824,336,96,127,1,-1,-1,-1
588,614,0,555,109,132,1,-1,-1,-1
589,614,0,536,186,146,1,-1,-1,-1
590,614,0,511,266,167,1,-1,-1,-1
591,614,1,506,348,171,1,-1,-1,-1
592,614,0,499,429,188,1,-1,-1,-1
593,614,14,491,499,190,1,-1,-1,-1
594,614,98,484,499,187,1,-1,-1,-1
595,614,180,476,503,186,1,-1,-1,-1
596,614,267,467,500,186,1,-1,-1,-1
597,614,354,460,497,183,1,-1,-1,-1
598,614,440,450,496,184,1,-1,-1,-1
599,614,530,443,492,180,1,-1,-1,-1
600,614,618,435,489,179,1,-1,-1,-1
601,614,706,430,483,176,1,-1,-1,-1
602,614,797,421,475,176,1,-1,-1,-1
603,614,885,416,471,175,1,-1,-1,-1
604,614,972,412,470,170,1,-1,-1,-1
605,614,1063,407,454,165,1,-1,-1,-1
606,614,1149,400,447,165,1,-1,-1,-1
607,614,1236,397,436,162,1,-1,-1,-1
608,614,1320,392,425,157,1,-1,-1,-1
609,614,1404,389,413,156,1,-1,-1,-1
610,614,1486,386,402,153,1,-1,-1,-1
611,614,1564,382,356,152,1,-1,-1,-1
612,614,1640,379,280,149,1,-1,-1,-1
613,614,1714,375,205,148,1,-1,-1,-1
614,614,1788,376,131,140,1,-1,-1,-1
623,616,1892,330,27,60,1,-1,-1,-1
624,616,1871,326,48,70,1,-1,-1,-1
625,616,1848,322,71,77,1,-1,-1,-1
626,616,1824,298,95,107,1,-1,-1,-1
627,616,1798,295,121,110,1,-1,-1,-1
628,616,1771,289,148,118,1,-1,-1,-1
629,616,1743,289,175,117,1,-1,-1,-1
630,616,1717,288,202,120,1,-1,-1,-1
631,616,1688,291,231,119,1,-1,-1,-1
632,616,1663,288,256,121,1,-1,-1,-1
633,616,1630,290,283,119,1,-1,-1,-1
634,616,1598,291,289,120,1,-1,-1,-1
635,616,1565,290,296,122,1,-1,-1,-1
636,616,1533,290,297,120,1,-1,-1,-1
637,616,1499,288,301,124,1,-1,-1,-1
638,616,1464,289,300,126,1,-1,-1,-1
639,616,1425,290,306,124,1,-1,-1,-1
640,616,1389,291,307,125,1,-1,-1,-1
641,616,1351,290,312,128,1,-1,-1,-1
642,616,1309,288,318,131,1,-1,-1,-1
643,616,1270,291,316,131,1,-1,-1,-1
644,616,1231,291,317,130,1,-1,-1,-1
645,616,1187,291,321,133,1,-1,-1,-1
646,616,1147,292,321,132,1,-1,-1,-1
647,616,1103,293,323,136,1,-1,-1,-1
648,616,1057,293,327,135,1,-1,-1,-1
649,616,1011,294,327,136,1,-1,-1,-1
650,616,963,294,330,139,1,-1,-1,-1
651,616,917,298,330,138,1,-1,-1,-1
652,616,866,300,334,138,1,-1,-1,-1
653,616,816,303,337,139,1,-1,-1,-1
654,616,767,305,336,139,1,-1,-1,-1
655,616,713,309,342,139,1,-1,-1,-1
656,616,659,314,342,139,1,-1,-1,-1
657,616,606,313,344,145,1,-1,-1,-1
658,616,552,313,345,148,1,-1,-1,-1
659,616,499,313,346,152,1,-1,-1,-1
660,616,445,318,344,153,1,-1,-1,-1
661,616,386,323,351,153,1,-1,-1,-1
662,616,336,327,346,154,1,-1,-1,-1
663,616,277,335,346,153,1,-1,-1,-1
664,616,221,337,344,156,1,-1,-1,-1
665,616,162,342,348,153,1,-1,-1,-1
666,616,100,347,347,153,1,-1,-1,-1
667,616,46,355,348,149,1,-1,-1,-1
668,616,1,361,335,149,1,-1,-1,-1
669,616,0,365,274,144,1,-1,-1,-1
670,616,2,369,212,137,1,-1,-1,-1
671,616,1,371,154,138,1,-1,-1,-1
672,616,0,376,98,138,1,-1,-1,-1
644,619,1889,311,30,78,1,-1,-1,-1
645,619,1862,307,57,88,1,-1,-1,-1
646,619,1835,304,85,96,1,-1,-1,-1
647,619,1805,286,115,119,1,-1,-1,-1
648,619,1774,277,145,127,1,-1,-1,-1
649,619,1742,275,177,130,1,-1,-1,-1
650,619,1710,274,209,131,1,-1,-1,-1
651,619,1675,274,244,131,1,-1,-1,-1
652,619,1640,274,280,133,1,-1,-1,-1
653,619,1603,276,316,133,1,-1,-1,-1
654,619,1563,276,349,137,1,-1,-1,-1
655,619,1525,277,353,135,1,-1,-1,-1
656,619,1484,278,362,136,1,-1,-1,-1
657,619,1444,276,359,139,1,-1,-1,-1
658,619,1400,278,362,140,1,-1,-1,-1
659,619,1354,281,372,138,1,-1,-1,-1
660,619,1310,278,376,143,1,-1,-1,-1
661,619,1266,278,381,145,1,-1,-1,-1
662,619,1217,279,382,143,1,-1,-1,-1
663,619,1168,281,387,143,1,-1,-1,-1
664,619,1116,281,391,146,1,-1,-1,-1
665,619,1066,280,392,150,1,-1,-1,-1
666,619,1012,283,399,149,1,-1,-1,-1
667,619,960,283,401,153,1,-1,-1,-1
668,619,906,286,402,154,1,-1,-1,-1
669,619,852,288,407,157,1,-1,-1,-1
670,619,794,291,413,157,1,-1,-1,-1
671,619,741,295,415,157,1,-1,-1,-1
672,619,686,298,415,157,1,-1,-1,-1
673,619,628,303,420,158,1,-1,-1,-1
674,619,575,305,422,161,1,-1,-1,-1
675,619,516,307,420,164,1,-1,-1,-1
676,619,459,311,419,164,1,-1,-1,-1
677,619,401,314,421,168,1,-1,-1,-1
678,619,341,316,425,175,1,-1,-1,-1
679,619,282,326,423,171,1,-1,-1,-1
680,619,225,329,419,173,1,-1,-1,-1
681,619,165,334,421,171,1,-1,-1,-1
682,619,105,338,422,172,1,-1,-1,-1
683,619,47,343,417,173,1,-1,-1,-1
684,619,1,350,401,168,1,-1,-1,-1
685,619,0,355,342,168,1,-1,-1,-1
686,619,2,360,282,153,1,-1,-1,-1
687,619,0,363,226,153,1,-1,-1,-1
688,619,0,365,164,155,1,-1,-1,-1
689,619,0,391,103,133,1,-1,-1,-1
664,621,1869,294,51,60,1,-1,-1,-1
665,621,1833,281,87,73,1,-1,-1,-1
666,621,1792,267,127,84,1,-1,-1,-1
667,621,1753,260,166,91,1,-1,-1,-1
668,621,1714,260,205,93,1,-1,-1,-1
669,621,1677,257,240,94,1,-1,-1,-1
670,621,1639,250,240,98,1,-1,-1,-1
671,621,1603,249,234,95,1,-1,-1,-1
672,621,1567,244,237,93,1,-1,-1,-1
673,621,1535,240,230,94,1,-1,-1,-1
674,621,1502,236,227,94,1,-1,-1,-1
675,621,1473,232,219,93,1,-1,-1,-1
676,621,1445,228,214,94,1,-1,-1,-1
677,621,1419,225,206,90,1,-1,-1,-1
678,621,1392,222,201,89,1,-1,-1,-1
679,621,1370,219,192,88,1,-1,-1,-1
680,621,1347,216,184,86,1,-1,-1,-1
681,621,1328,213,177,85,1,-1,-1,-1
682,621,1309,211,168,84,1,-1,-1,-1
683,621,1291,206,163,84,1,-1,-1,-1
684,621,1275,202,154,84,1,-1,-1,-1
685,621,1258,200,148,83,1,-1,-1,-1
686,621,1246,197,141,80,1,-1,-1,-1
687,621,1233,193,135,80,1,-1,-1,-1
688,621,1221,190,129,79,1,-1,-1,-1
689,621,1208,188,125,76,1,-1,-1,-1
690,621,1196,185,120,74,1,-1,-1,-1
691,621,1184,181,118,76,1,-1,-1,-1
692,621,1174,178,111,75,1,-1,-1,-1
693,621,1163,176,108,72,1,-1,-1,-1
694,621,1156,175,103,68,1,-1,-1,-1
695,621,1144,174,102,67,1,-1,-1,-1
696,621,1138,173,96,64,1,-1,-1,-1
697,621,1127,167,96,66,1,-1,-1,-1
698,621,1121,165,93,65,1,-1,-1,-1
699,621,1114,163,89,63,1,-1,-1,-1
700,621,1107,163,86,61,1,-1,-1,-1
701,621,1102,160,83,60,1,-1,-1,-1
702,621,1106,159,71,57,1,-1,-1,-1
703,621,1100,158,68,56,1,-1,-1,-1
704,621,1084,157,78,54,1,-1,-1,-1
705,621,1080,153,74,55,1,-1,-1,-1
706,621,1072,150,76,55,1,-1,-1,-1
707,621,1066,149,75,55,1,-1,-1,-1
708,621,1060,147,75,53,1,-1,-1,-1
709,621,1059,147,68,51,1,-1,-1,-1
710,621,1055,145,65,51,1,-1,-1,-1
711,621,1052,145,64,49,1,-1,-1,-1
712,621,1048,140,64,51,1,-1,-1,-1
713,621,1045,140,60,47,1,-1,-1,-1
714,621,1042,137,61,48,1,-1,-1,-1
715,621,1038,135,60,47,1,-1,-1,-1
716,621,1034,136,59,44,1,-1,-1,-1
717,621,1032,133,57,45,1,-1,-1,-1
718,621,1028,133,57,43,1,-1,-1,-1
719,621,1025,129,55,46,1,-1,-1,-1
720,621,1022,129,53,43,1,-1,-1,-1
721,621,1019,128,53,42,1,-1,-1,-1
722,621,1014,127,52,43,1,-1,-1,-1
723,621,1011,127,53,41,1,-1,-1,-1
724,621,1008,126,52,41,1,-1,-1,-1
725,621,1007,125,49,39,1,-1,-1,-1
726,621,1003,126,48,37,1,-1,-1,-1
727,621,1000,124,48,36,1,-1,-1,-1
728,621,998,121,47,38,1,-1,-1,-1
729,621,995,122,48,35,1,-1,-1,-1
730,621,994,119,45,38,1,-1,-1,-1
731,621,991,119,45,36,1,-1,-1,-1
732,621,989,117,42,35,1,-1,-1,-1
733,621,984,117,45,35,1,-1,-1,-1
734,621,983,116,43,35,1,-1,-1,-1
735,621,981,115,42,33,1,-1,-1,-1
736,621,980,115,40,32,1,-1,-1,-1
737,621,975,114,40,30,1,-1,-1,-1
738,621,973,113,40,32,1,-1,-1,-1
739,621,971,113,40,31,1,-1,-1,-1
740,621,969,113,40,30,1,-1,-1,-1
741,621,967,114,37,28,1,-1,-1,-1
742,621,964,113,39,29,1,-1,-1,-1
743,621,962,111,39,28,1,-1,-1,-1
744,621,960,112,38,27,1,-1,-1,-1
745,621,959,113,37,26,1,-1,-1,-1
746,621,957,111,37,27,1,-1,-1,-1
747,621,954,110,37,28,1,-1,-1,-1
748,621,952,110,37,27,1,-1,-1,-1
749,621,949,108,35,28,1,-1,-1,-1
750,621,946,108,36,28,1,-1,-1,-1
751,621,945,107,34,27,1,-1,-1,-1
752,621,944,107,32,27,1,-1,-1,-1
753,621,941,107,31,26,1,-1,-1,-1
754,621,938,109,32,25,1,-1,-1,-1
755,621,936,108,33,25,1,-1,-1,-1
756,621,935,108,32,25,1,-1,-1,-1
757,621,933,107,33,25,1,-1,-1,-1
758,621,931,107,31,25,1,-1,-1,-1
759,621,929,107,31,24,1,-1,-1,-1
760,621,925,108,34,24,1,-1,-1,-1
761,621,923,108,33,24,1,-1,-1,-1
762,621,922,107,32,24,1,-1,-1,-1
763,621,920,106,29,23,1,-1,-1,-1
764,621,918,105,27,25,1,-1,-1,-1
765,621,915,104,27,25,1,-1,-1,-1
766,621,911,105,29,25,1,-1,-1,-1
767,621,908,104,29,25,1,-1,-1,-1
768,621,905,103,31,26,1,-1,-1,-1
769,621,901,103,30,25,1,-1,-1,-1
770,621,897,104,31,24,1,-1,-1,-1
771,621,893,105,30,24,1,-1,-1,-1
772,621,890,104,29,25,1,-1,-1,-1
773,621,883,104,32,25,1,-1,-1,-1
774,621,880,103,32,26,1,-1,-1,-1
775,621,875,104,31,25,1,-1,-1,-1
776,621,871,104,27,24,1,-1,-1,-1
777,621,866,103,29,25,1,-1,-1,-1
778,621,860,102,29,26,1,-1,-1,-1
779,621,856,105,28,25,1,-1,-1,-1
780,621,853,103,26,25,1,-1,-1,-1
781,621,845,103,28,25,1,-1,-1,-1
782,621,841,102,28,27,1,-1,-1,-1
783,621,836,101,30,28,1,-1,-1,-1
784,621,832,102,28,27,1,-1,-1,-1
785,621,828,101,30,26,1,-1,-1,-1
786,621,822,104,30,24,1,-1,-1,-1
787,621,815,102,29,24,1,-1,-1,-1
788,621,812,104,31,23,1,-1,-1,-1
789,621,808,104,29,23,1,-1,-1,-1
790,621,804,103,28,22,1,-1,-1,-1
791,621,799,104,29,22,1,-1,-1,-1
820,621,659,107,31,30,1,-1,-1,-1
822,621,660,107,40,27,1,-1,-1,-1
823,621,660,110,38,28,1,-1,-1,-1
824,621,661,108,40,28,1,-1,-1,-1
825,621,660,110,41,27,1,-1,-1,-1
826,621,661,110,42,28,1,-1,-1,-1
827,621,671,109,35,27,1,-1,-1,-1
828,621,675,108,34,27,1,-1,-1,-1
829,621,680,110,33,27,1,-1,-1,-1
830,621,680,110,36,27,1,-1,-1,-1
831,621,683,111,35,27,1,-1,-1,-1
832,621,688,110,31,28,1,-1,-1,-1
833,621,692,111,28,27,1,-1,-1,-1
834,621,697,111,25,26,1,-1,-1,-1
835,621,700,111,26,27,1,-1,-1,-1
836,621,702,113,27,25,1,-1,-1,-1
837,621,704,113,25,25,1,-1,-1,-1
838,621,704,113,29,25,1,-1,-1,-1
839,621,705,113,29,24,1,-1,-1,-1
840,621,706,114,29,24,1,-1,-1,-1
841,621,706,114,32,25,1,-1,-1,-1
842,621,707,114,32,25,1,-1,-1,-1
843,621,707,115,34,24,1,-1,-1,-1
844,621,709,114,31,25,1,-1,-1,-1
845,621,710,114,32,27,1,-1,-1,-1
846,621,711,114,33,26,1,-1,-1,-1
847,621,713,115,34,26,1,-1,-1,-1
848,621,714,114,35,26,1,-1,-1,-1
849,621,716,115,33,26,1,-1,-1,-1
850,621,717,114,34,26,1,-1,-1,-1
851,621,718,112,33,30,1,-1,-1,-1
852,621,719,112,33,30,1,-1,-1,-1
853,621,719,112,34,31,1,-1,-1,-1
854,621,719,112,34,31,1,-1,-1,-1
855,621,719,112,34,32,1,-1,-1,-1
856,621,719,113,34,32,1,-1,-1,-1
857,621,718,112,35,33,1,-1,-1,-1
858,621,717,112,36,34,1,-1,-1,-1
859,621,718,112,35,34,1,-1,-1,-1
860,621,717,112,35,33,1,-1,-1,-1
861,621,716,112,36,33,1,-1,-1,-1
862,621,715,111,37,35,1,-1,-1,-1
863,621,715,112,37,36,1,-1,-1,-1
864,621,714,111,39,37,1,-1,-1,-1
865,621,711,113,41,36,1,-1,-1,-1
866,621,710,113,42,36,1,-1,-1,-1
867,621,711,113,40,36,1,-1,-1,-1
868,621,709,114,41,36,1,-1,-1,-1
869,621,707,113,42,37,1,-1,-1,-1
870,621,708,114,40,37,1,-1,-1,-1
871,621,706,114,40,38,1,-1,-1,-1
872,621,704,114,41,38,1,-1,-1,-1
873,621,701,117,44,36,1,-1,-1,-1
874,621,701,118,42,37,1,-1,-1,-1
875,621,699,119,44,38,1,-1,-1,-1
876,621,699,118,44,39,1,-1,-1,-1
877,621,698,120,45,37,1,-1,-1,-1
878,621,697,122,43,36,1,-1,-1,-1
879,621,694,124,46,35,1,-1,-1,-1
880,621,693,124,48,36,1,-1,-1,-1
881,621,691,124,48,36,1,-1,-1,-1
882,621,690,124,46,38,1,-1,-1,-1
883,621,688,124,46,38,1,-1,-1,-1
884,621,689,128,45,36,1,-1,-1,-1
885,621,684,126,49,38,1,-1,-1,-1
886,621,683,127,49,40,1,-1,-1,-1
887,621,681,128,50,40,1,-1,-1,-1
888,621,679,126,51,43,1,-1,-1,-1
889,621,678,126,51,46,1,-1,-1,-1
890,621,678,127,50,46,1,-1,-1,-1
891,621,676,127,48,47,1,-1,-1,-1
892,621,675,129,48,45,1,-1,-1,-1
893,621,674,129,48,47,1,-1,-1,-1
894,621,667,128,55,49,1,-1,-1,-1
895,621,666,131,55,46,1,-1,-1,-1
896,621,666,131,55,48,1,-1,-1,-1
897,621,664,129,56,52,1,-1,-1,-1
898,621,664,133,55,49,1,-1,-1,-1
899,621,662,131,55,52,1,-1,-1,-1
900,621,662,133,56,51,1,-1,-1,-1
901,621,660,130,57,56,1,-1,-1,-1
902,621,658,132,58,54,1,-1,-1,-1
903,621,657,130,58,56,1,-1,-1,-1
904,621,656,133,60,56,1,-1,-1,-1
905,621,656,131,60,59,1,-1,-1,-1
906,621,653,132,60,59,1,-1,-1,-1
907,621,651,133,62,59,1,-1,-1,-1
908,621,649,135,62,60,1,-1,-1,-1
909,621,649,150,58,47,1,-1,-1,-1
910,621,646,137,62,61,1,-1,-1,-1
911,621,644,142,64,58,1,-1,-1,-1
912,621,642,145,63,55,1,-1,-1,-1
913,621,641,143,63,58,1,-1,-1,-1
914,621,640,145,62,55,1,-1,-1,-1
915,621,640,147,61,56,1,-1,-1,-1
916,621,637,148,62,57,1,-1,-1,-1
917,621,637,149,64,57,1,-1,-1,-1
918,621,635,149,65,58,1,-1,-1,-1
919,621,634,149,64,59,1,-1,-1,-1
920,621,633,149,65,60,1,-1,-1,-1
921,621,633,150,66,61,1,-1,-1,-1
922,621,632,151,67,63,1,-1,-1,-1
923,621,633,151,66,63,1,-1,-1,-1
924,621,634,151,68,63,1,-1,-1,-1
925,621,635,152,69,65,1,-1,-1,-1
926,621,637,152,69,65,1,-1,-1,-1
927,621,638,153,72,66,1,-1,-1,-1
928,621,638,154,73,67,1,-1,-1,-1
929,621,639,153,77,69,1,-1,-1,-1
930,621,636,155,83,68,1,-1,-1,-1
931,621,637,155,86,68,1,-1,-1,-1
932,621,641,157,87,67,1,-1,-1,-1
933,621,643,158,88,66,1,-1,-1,-1
934,621,645,158,91,66,1,-1,-1,-1
935,621,646,158,95,68,1,-1,-1,-1
936,621,649,158,97,68,1,-1,-1,-1
937,621,664,161,88,67,1,-1,-1,-1
938,621,668,159,90,70,1,-1,-1,-1
939,621,663,159,98,70,1,-1,-1,-1
940,621,664,160,103,70,1,-1,-1,-1
941,621,668,160,104,72,1,-1,-1,-1
942,621,678,162,101,75,1,-1,-1,-1
943,621,676,162,107,75,1,-1,-1,-1
944,621,691,165,92,72,1,-1,-1,-1
945,621,684,164,103,76,1,-1,-1,-1
946,621,689,167,101,73,1,-1,-1,-1
947,621,690,168,103,73,1,-1,-1,-1
948,621,698,170,98,77,1,-1,-1,-1
949,621,711,170,87,76,1,-1,-1,-1
950,621,709,170,88,78,1,-1,-1,-1
951,621,710,170,86,79,1,-1,-1,-1
952,621,710,172,85,79,1,-1,-1,-1
953,621,712,172,84,79,1,-1,-1,-1
954,621,708,173,86,82,1,-1,-1,-1
955,621,709,176,83,76,1,-1,-1,-1
956,621,707,176,85,79,1,-1,-1,-1
957,621,706,178,86,83,1,-1,-1,-1
958,621,707,176,84,85,1,-1,-1,-1
959,621,704,179,88,83,1,-1,-1,-1
960,621,702,178,89,86,1,-1,-1,-1
961,621,703,180,85,84,1,-1,-1,-1
962,621,703,181,85,85,1,-1,-1,-1
963,621,703,186,85,85,1,-1,-1,-1
964,621,698,183,89,88,1,-1,-1,-1
965,621,702,186,86,86,1,-1,-1,-1
966,621,699,183,89,89,1,-1,-1,-1
967,621,693,185,95,87,1,-1,-1,-1
968,621,694,186,93,88,1,-1,-1,-1
969,621,694,186,94,92,1,-1,-1,-1
970,621,689,187,99,92,1,-1,-1,-1
971,621,693,188,93,93,1,-1,-1,-1
972,621,688,191,98,91,1,-1,-1,-1
973,621,689,193,96,89,1,-1,-1,-1
974,621,687,192,99,94,1,-1,-1,-1
975,621,683,197,102,90,1,-1,-1,-1
976,621,683,196,102,94,1,-1,-1,-1
977,621,682,195,102,98,1,-1,-1,-1
978,621,676,197,107,99,1,-1,-1,-1
979,621,676,197,108,100,1,-1,-1,-1
980,621,675,201,106,101,1,-1,-1,-1
981,621,674,204,108,103,1,-1,-1,-1
982,621,672,206,110,104,1,-1,-1,-1
983,621,670,209,111,103,1,-1,-1,-1
984,621,668,210,111,107,1,-1,-1,-1
985,621,662,214,116,107,1,-1,-1,-1
986,621,659,215,120,107,1,-1,-1,-1
987,621,653,218,123,111,1,-1,-1,-1
988,621,652,221,123,113,1,-1,-1,-1
989,621,651,223,124,116,1,-1,-1,-1
990,621,646,228,128,119,1,-1,-1,-1
991,621,643,231,129,121,1,-1,-1,-1
992,621,637,234,132,125,1,-1,-1,-1
993,621,634,237,134,128,1,-1,-1,-1
994,621,628,242,140,133,1,-1,-1,-1
995,621,626,249,136,133,1,-1,-1,-1
996,621,621,255,143,138,1,-1,-1,-1
997,621,611,261,151,140,1,-1,-1,-1
998,621,603,265,159,146,1,-1,-1,-1
999,621,602,272,156,149,1,-1,-1,-1
1000,621,596,278,159,154,1,-1,-1,-1
1001,621,585,287,170,159,1,-1,-1,-1
1002,621,579,295,174,164,1,-1,-1,-1
1003,621,567,304,177,168,1,-1,-1,-1
1004,621,560,311,185,178,1,-1,-1,-1
1005,621,553,324,184,187,1,-1,-1,-1
1006,621,538,332,197,197,1,-1,-1,-1
1007,621,529,343,206,206,1,-1,-1,-1
1008,621,515,362,211,211,1,-1,-1,-1
1009,621,499,372,224,226,1,-1,-1,-1
1010,621,484,390,237,236,1,-1,-1,-1
1011,621,465,407,249,255,1,-1,-1,-1
1012,621,453,427,256,266,1,-1,-1,-1
1013,621,430,450,271,282,1,-1,-1,-1
1014,621,408,473,285,305,1,-1,-1,-1
1015,621,383,501,301,326,1,-1,-1,-1
1016,621,352,528,323,356,1,-1,-1,-1
1017,621,317,561,349,390,1,-1,-1,-1
1018,621,276,597,380,430,1,-1,-1,-1
1019,621,227,640,417,437,1,-1,-1,-1
1020,621,169,688,464,387,1,-1,-1,-1
1021,621,129,748,486,326,1,-1,-1,-1
1022,621,102,820,493,258,1,-1,-1,-1
1023,621,58,898,519,179,1,-1,-1,-1
664,622,851,170,87,49,1,-1,-1,-1
665,622,851,172,85,46,1,-1,-1,-1
666,622,857,175,83,45,1,-1,-1,-1
668,622,850,174,82,45,1,-1,-1,-1
671,622,851,175,86,44,1,-1,-1,-1
672,622,850,173,87,46,1,-1,-1,-1
676,622,855,172,82,48,1,-1,-1,-1
677,622,855,173,82,48,1,-1,-1,-1
678,622,851,170,83,49,1,-1,-1,-1
691,625,1844,304,76,90,1,-1,-1,-1
692,625,1797,283,122,113,1,-1,-1,-1
693,625,1749,282,170,119,1,-1,-1,-1
694,625,1701,282,217,119,1,-1,-1,-1
695,625,1653,282,267,122,1,-1,-1,-1
696,625,1597,284,319,122,1,-1,-1,-1
697,625,1545,283,321,123,1,-1,-1,-1
698,625,1490,281,327,127,1,-1,-1,-1
699,625,1434,283,331,124,1,-1,-1,-1
700,625,1376,284,342,127,1,-1,-1,-1
701,625,1311,286,354,129,1,-1,-1,-1
702,625,1254,286,350,129,1,-1,-1,-1
703,625,1193,287,353,132,1,-1,-1,-1
704,625,1129,288,358,132,1,-1,-1,-1
705,625,1059,289,370,136,1,-1,-1,-1
706,625,995,290,367,137,1,-1,-1,-1
707,625,926,292,368,140,1,-1,-1,-1
708,625,857,294,373,142,1,-1,-1,-1
709,625,785,301,378,140,1,-1,-1,-1
710,625,714,302,379,143,1,-1,-1,-1
711,625,639,306,384,145,1,-1,-1,-1
712,625,570,312,383,147,1,-1,-1,-1
713,625,493,314,386,150,1,-1,-1,-1
714,625,418,320,386,151,1,-1,-1,-1
715,625,346,325,385,155,1,-1,-1,-1
716,625,267,335,388,152,1,-1,-1,-1
717,625,191,343,388,152,1,-1,-1,-1
718,625,112,346,389,152,1,-1,-1,-1
719,625,36,353,388,155,1,-1,-1,-1
720,625,1,361,345,154,1,-1,-1,-1
721,625,0,367,268,136,1,-1,-1,-1
722,625,1,373,190,134,1,-1,-1,-1
723,625,0,399,112,115,1,-1,-1,-1
731,627,1726,93,57,27,1,-1,-1,-1
732,627,1725,92,57,27,1,-1,-1,-1
733,627,1725,92,57,28,1,-1,-1,-1
734,627,1723,90,58,29,1,-1,-1,-1
735,627,1723,90,58,29,1,-1,-1,-1
736,627,1724,90,56,28,1,-1,-1,-1
740,627,1726,91,55,28,1,-1,-1,-1
743,627,1723,91,56,29,1,-1,-1,-1
733,628,0,477,68,132,1,-1,-1,-1
734,628,0,479,125,135,1,-1,-1,-1
735,628,0,441,185,171,1,-1,-1,-1
736,628,0,435,245,172,1,-1,-1,-1
737,628,0,431,303,171,1,-1,-1,-1
738,628,1,425,362,171,1,-1,-1,-1
739,628,0,421,423,194,1,-1,-1,-1
740,628,0,414,482,197,1,-1,-1,-1
741,628,29,404,514,203,1,-1,-1,-1
742,628,91,400,512,201,1,-1,-1,-1
743,628,151,395,511,201,1,-1,-1,-1
744,628,211,390,508,199,1,-1,-1,-1
745,628,270,384,506,196,1,-1,-1,-1
746,628,330,377,501,194,1,-1,-1,-1
747,628,385,368,502,196,1,-1,-1,-1
748,628,443,364,496,193,1,-1,-1,-1
749,628,492,358,501,192,1,-1,-1,-1
750,628,555,356,486,185,1,-1,-1,-1
751,628,609,349,480,183,1,-1,-1,-1
752,628,663,342,469,182,1,-1,-1,-1
753,628,717,336,457,181,1,-1,-1,-1
754,628,769,328,446,180,1,-1,-1,-1
755,628,817,323,439,177,1,-1,-1,-1
756,628,868,321,418,171,1,-1,-1,-1
757,628,915,316,402,170,1,-1,-1,-1
758,628,961,311,388,165,1,-1,-1,-1
759,628,1004,306,368,162,1,-1,-1,-1
760,628,1044,301,356,159,1,-1,-1,-1
761,628,1083,295,335,156,1,-1,-1,-1
762,628,1120,291,319,152,1,-1,-1,-1
763,628,1154,287,300,148,1,-1,-1,-1
764,628,1184,284,283,143,1,-1,-1,-1
765,628,1215,279,265,143,1,-1,-1,-1
766,628,1245,275,249,139,1,-1,-1,-1
767,628,1265,271,238,134,1,-1,-1,-1
768,628,1290,269,217,129,1,-1,-1,-1
769,628,1307,263,206,130,1,-1,-1,-1
770,628,1327,258,189,127,1,-1,-1,-1
771,628,1342,256,176,123,1,-1,-1,-1
772,628,1354,250,167,124,1,-1,-1,-1
773,628,1366,246,155,122,1,-1,-1,-1
774,628,1374,241,146,119,1,-1,-1,-1
775,628,1380,237,136,118,1,-1,-1,-1
776,628,1386,234,125,116,1,-1,-1,-1
777,628,1389,232,118,112,1,-1,-1,-1
778,628,1382,227,122,109,1,-1,-1,-1
779,628,1379,225,122,107,1,-1,-1,-1
780,628,1370,219,127,106,1,-1,-1,-1
781,628,1366,218,126,103,1,-1,-1,-1
782,628,1359,216,129,102,1,-1,-1,-1
783,628,1353,214,130,98,1,-1,-1,-1
784,628,1346,209,128,98,1,-1,-1,-1
785,628,1341,206,127,97,1,-1,-1,-1
786,628,1334,203,127,94,1,-1,-1,-1
787,628,1327,201,126,91,1,-1,-1,-1
788,628,1318,197,128,91,1,-1,-1,-1
789,628,1312,194,125,90,1,-1,-1,-1
790,628,1304,191,124,90,1,-1,-1,-1
791,628,1298,188,122,88,1,-1,-1,-1
792,628,1292,186,120,86,1,-1,-1,-1
793,628,1286,184,118,84,1,-1,-1,-1
794,628,1279,183,117,82,1,-1,-1,-1
795,628,1271,179,117,82,1,-1,-1,-1
796,628,1266,178,113,80,1,-1,-1,-1
797,628,1261,177,111,77,1,-1,-1,-1
798,628,1254,174,109,77,1,-1,-1,-1
799,628,1246,171,110,76,1,-1,-1,-1
800,628,1240,170,106,74,1,-1,-1,-1
801,628,1235,166,105,74,1,-1,-1,-1
802,628,1229,161,102,75,1,-1,-1,-1
803,628,1223,156,103,78,1,-1,-1,-1
804,628,1217,156,100,76,1,-1,-1,-1
805,628,1213,154,98,75,1,-1,-1,-1
806,628,1205,155,99,70,1,-1,-1,-1
807,628,1200,153,97,70,1,-1,-1,-1
808,628,1196,154,93,67,1,-1,-1,-1
809,628,1193,150,88,67,1,-1,-1,-1
810,628,1187,151,89,64,1,-1,-1,-1
811,628,1183,146,87,67,1,-1,-1,-1
812,628,1176,147,88,63,1,-1,-1,-1
813,628,1172,148,85,60,1,-1,-1,-1
814,628,1166,146,85,61,1,-1,-1,-1
815,628,1161,142,84,62,1,-1,-1,-1
816,628,1155,142,83,60,1,-1,-1,-1
817,628,1151,140,81,60,1,-1,-1,-1
818,628,1149,142,79,57,1,-1,-1,-1
819,628,1148,141,73,56,1,-1,-1,-1
820,628,1140,142,79,53,1,-1,-1,-1
821,628,1136,139,77,53,1,-1,-1,-1
822,628,1132,136,76,53,1,-1,-1,-1
823,628,1129,136,73,51,1,-1,-1,-1
824,628,1127,134,72,51,1,-1,-1,-1
825,628,1123,134,72,49,1,-1,-1,-1
826,628,1120,132,69,50,1,-1,-1,-1
827,628,1116,131,67,49,1,-1,-1,-1
828,628,1112,130,68,48,1,-1,-1,-1
829,628,1109,128,66,51,1,-1,-1,-1
830,628,1105,128,66,47,1,-1,-1,-1
831,628,1102,129,66,46,1,-1,-1,-1
832,628,1100,129,65,45,1,-1,-1,-1
833,628,1097,127,63,46,1,-1,-1,-1
834,628,1095,127,62,44,1,-1,-1,-1
835,628,1091,124,63,46,1,-1,-1,-1
836,628,1090,124,60,44,1,-1,-1,-1
837,628,1085,123,61,43,1,-1,-1,-1
838,628,1084,121,59,44,1,-1,-1,-1
839,628,1082,119,58,44,1,-1,-1,-1
840,628,1079,118,57,44,1,-1,-1,-1
841,628,1077,120,56,41,1,-1,-1,-1
842,628,1074,119,55,42,1,-1,-1,-1
843,628,1072,117,52,41,1,-1,-1,-1
844,628,1069,118,53,40,1,-1,-1,-1
845,628,1067,117,54,39,1,-1,-1,-1
846,628,1065,116,52,40,1,-1,-1,-1
847,628,1064,115,51,40,1,-1,-1,-1
848,628,1062,113,50,39,1,-1,-1,-1
849,628,1060,113,48,39,1,-1,-1,-1
850,628,1057,113,50,36,1,-1,-1,-1
851,628,1054,110,50,38,1,-1,-1,-1
852,628,1054,109,46,39,1,-1,-1,-1
853,628,1052,109,45,37,1,-1,-1,-1
854,628,1050,108,45,37,1,-1,-1,-1
855,628,1046,108,47,36,1,-1,-1,-1
856,628,1045,108,45,34,1,-1,-1,-1
857,628,1042,107,46,36,1,-1,-1,-1
858,628,1040,107,46,36,1,-1,-1,-1
859,628,1039,106,44,36,1,-1,-1,-1
860,628,1039,107,42,34,1,-1,-1,-1
861,628,1036,107,43,34,1,-1,-1,-1
862,628,1034,108,41,31,1,-1,-1,-1
863,628,1031,106,42,32,1,-1,-1,-1
864,628,1027,104,45,33,1,-1,-1,-1
865,628,1027,104,42,32,1,-1,-1,-1
866,628,1025,103,41,33,1,-1,-1,-1
867,628,1023,104,39,33,1,-1,-1,-1
868,628,1020,103,41,33,1,-1,-1,-1
869,628,1016,102,44,33,1,-1,-1,-1
870,628,1016,101,41,33,1,-1,-1,-1
871,628,1014,102,39,31,1,-1,-1,-1
872,628,1010,104,40,28,1,-1,-1,-1
873,628,1008,105,40,28,1,-1,-1,-1
874,628,1006,106,42,27,1,-1,-1,-1
875,628,1002,104,41,28,1,-1,-1,-1
876,628,1002,103,39,28,1,-1,-1,-1
877,628,1000,102,38,29,1,-1,-1,-1
878,628,997,101,40,29,1,-1,-1,-1
879,628,993,102,41,28,1,-1,-1,-1
880,628,991,102,39,29,1,-1,-1,-1
881,628,990,100,39,29,1,-1,-1,-1
882,628,987,100,37,29,1,-1,-1,-1
883,628,983,102,39,28,1,-1,-1,-1
884,628,984,102,35,27,1,-1,-1,-1
885,628,981,102,36,27,1,-1,-1,-1
886,628,977,102,37,26,1,-1,-1,-1
887,628,974,98,39,29,1,-1,-1,-1
888,628,971,99,37,28,1,-1,-1,-1
889,628,967,96,37,30,1,-1,-1,-1
890,628,964,95,38,31,1,-1,-1,-1
891,628,962,95,38,30,1,-1,-1,-1
892,628,959,91,36,35,1,-1,-1,-1
893,628,954,95,38,31,1,-1,-1,-1
894,628,952,94,37,32,1,-1,-1,-1
895,628,949,96,39,30,1,-1,-1,-1
896,628,945,98,37,28,1,-1,-1,-1
897,628,942,98,38,26,1,-1,-1,-1
898,628,938,97,39,27,1,-1,-1,-1
899,628,935,97,38,27,1,-1,-1,-1
901,628,928,99,37,26,1,-1,-1,-1
903,628,922,96,35,27,1,-1,-1,-1
904,628,921,97,33,27,1,-1,-1,-1
905,628,918,98,34,26,1,-1,-1,-1
906,628,912,96,36,27,1,-1,-1,-1
907,628,907,97,36,26,1,-1,-1,-1
908,628,904,98,35,25,1,-1,-1,-1
909,628,900,97,34,27,1,-1,-1,-1
910,628,897,99,32,25,1,-1,-1,-1
911,628,892,99,36,24,1,-1,-1,-1
912,628,888,100,35,25,1,-1,-1,-1
913,628,883,101,35,26,1,-1,-1,-1
914,628,880,100,37,25,1,-1,-1,-1
915,628,877,99,36,26,1,-1,-1,-1
916,628,875,101,34,26,1,-1,-1,-1
917,628,872,102,33,24,1,-1,-1,-1
918,628,868,102,31,24,1,-1,-1,-1
919,628,863,100,34,25,1,-1,-1,-1
920,628,858,101,38,24,1,-1,-1,-1
921,628,855,99,36,25,1,-1,-1,-1
922,628,853,98,31,26,1,-1,-1,-1
923,628,850,100,32,24,1,-1,-1,-1
924,628,846,98,29,24,1,-1,-1,-1
925,628,841,96,30,26,1,-1,-1,-1
926,628,838,95,31,27,1,-1,-1,-1
927,628,834,96,33,28,1,-1,-1,-1
928,628,831,96,33,28,1,-1,-1,-1
929,628,828,98,33,26,1,-1,-1,-1
930,628,826,98,32,25,1,-1,-1,-1
932,628,818,99,30,24,1,-1,-1,-1
933,628,815,98,30,25,1,-1,-1,-1
934,628,809,97,33,26,1,-1,-1,-1
937,628,802,100,31,25,1,-1,-1,-1
734,631,1824,286,96,115,1,-1,-1,-1
735,631,1752,277,168,129,1,-1,-1,-1
736,631,1676,272,242,134,1,-1,-1,-1
737,631,1597,270,322,139,1,-1,-1,-1
738,631,1517,268,388,143,1,-1,-1,-1
739,631,1435,269,398,146,1,-1,-1,-1
740,631,1346,273,412,146,1,-1,-1,-1
741,631,1258,272,421,150,1,-1,-1,-1
742,631,1166,275,434,150,1,-1,-1,-1
743,631,1074,275,438,155,1,-1,-1,-1
744,631,982,279,448,157,1,-1,-1,-1
745,631,884,283,456,159,1,-1,-1,-1
746,631,787,287,458,160,1,-1,-1,-1
747,631,702,290,445,148,1,-1,-1,-1
748,631,586,297,462,145,1,-1,-1,-1
749,631,488,303,266,132,1,-1,-1,-1
750,631,379,309,467,173,1,-1,-1,-1
751,631,275,318,471,176,1,-1,-1,-1
752,631,175,329,472,173,1,-1,-1,-1
753,631,73,333,466,176,1,-1,-1,-1
754,631,1,345,435,174,1,-1,-1,-1
755,631,0,354,335,149,1,-1,-1,-1
756,631,1,364,230,148,1,-1,-1,-1
757,631,0,385,128,133,1,-1,-1,-1
781,633,839,149,67,38,1,-1,-1,-1
782,633,839,149,66,37,1,-1,-1,-1
783,633,840,148,65,38,1,-1,-1,-1
792,633,840,148,65,37,1,-1,-1,-1
796,633,840,148,64,38,1,-1,-1,-1
801,633,839,148,66,37,1,-1,-1,-1
802,633,839,148,66,38,1,-1,-1,-1
803,633,839,148,66,38,1,-1,-1,-1
828,633,840,148,64,38,1,-1,-1,-1
842,633,840,148,65,38,1,-1,-1,-1
843,633,840,148,66,38,1,-1,-1,-1
844,633,840,148,65,37,1,-1,-1,-1
845,633,839,148,65,38,1,-1,-1,-1
846,633,840,148,65,39,1,-1,-1,-1
847,633,840,148,65,38,1,-1,-1,-1
848,633,839,148,66,39,1,-1,-1,-1
855,633,840,148,65,37,1,-1,-1,-1
856,633,839,148,65,37,1,-1,-1,-1
857,633,840,148,65,38,1,-1,-1,-1
858,633,840,148,65,38,1,-1,-1,-1
859,633,840,148,64,38,1,-1,-1,-1
860,633,840,148,65,38,1,-1,-1,-1
873,633,840,148,64,36,1,-1,-1,-1
879,633,840,149,64,37,1,-1,-1,-1
858,639,1723,91,58,29,1,-1,-1,-1
859,639,1722,91,57,30,1,-1,-1,-1
860,639,1722,91,57,30,1,-1,-1,-1
861,639,1723,90,57,30,1,-1,-1,-1
863,639,1725,91,56,28,1,-1,-1,-1
877,640,848,174,86,51,1,-1,-1,-1
878,640,849,174,82,48,1,-1,-1,-1
883,640,855,182,89,49,1,-1,-1,-1
886,640,858,185,92,56,1,-1,-1,-1
887,640,859,183,90,53,1,-1,-1,-1
888,640,860,185,88,54,1,-1,-1,-1
889,640,861,189,87,53,1,-1,-1,-1
890,640,863,197,89,67,1,-1,-1,-1
892,640,863,199,93,70,1,-1,-1,-1
893,640,863,194,96,97,1,-1,-1,-1
894,640,865,198,99,96,1,-1,-1,-1
895,640,865,197,99,97,1,-1,-1,-1
896,640,867,204,97,92,1,-1,-1,-1
897,640,865,207,104,92,1,-1,-1,-1
898,640,867,213,101,87,1,-1,-1,-1
899,640,868,216,104,87,1,-1,-1,-1
900,640,868,214,106,91,1,-1,-1,-1
901,640,870,215,107,93,1,-1,-1,-1
902,640,870,215,108,96,1,-1,-1,-1
903,640,870,216,108,98,1,-1,-1,-1
904,640,872,217,111,99,1,-1,-1,-1
905,640,873,215,115,104,1,-1,-1,-1
906,640,878,222,113,103,1,-1,-1,-1
907,640,877,223,119,106,1,-1,-1,-1
908,640,879,223,126,107,1,-1,-1,-1
909,640,877,224,138,110,1,-1,-1,-1
910,640,887,231,137,105,1,-1,-1,-1
911,640,884,228,152,110,1,-1,-1,-1
912,640,887,231,161,115,1,-1,-1,-1
913,640,892,230,170,120,1,-1,-1,-1
914,640,900,233,179,119,1,-1,-1,-1
915,640,910,235,188,122,1,-1,-1,-1
916,640,921,236,198,126,1,-1,-1,-1
917,640,933,238,208,127,1,-1,-1,-1
918,640,946,242,213,128,1,-1,-1,-1
919,640,960,245,230,129,1,-1,-1,-1
920,640,976,246,243,132,1,-1,-1,-1
921,640,992,250,258,134,1,-1,-1,-1
922,640,1016,253,266,136,1,-1,-1,-1
923,640,1039,257,274,138,1,-1,-1,-1
924,640,1064,258,288,139,1,-1,-1,-1
925,640,1092,259,298,141,1,-1,-1,-1
926,640,1123,263,309,142,1,-1,-1,-1
927,640,1155,265,317,146,1,-1,-1,-1
928,640,1189,270,327,145,1,-1,-1,-1
929,640,1230,271,330,146,1,-1,-1,-1
930,640,1271,278,335,146,1,-1,-1,-1
931,640,1313,282,341,145,1,-1,-1,-1
932,640,1359,282,345,148,1,-1,-1,-1
933,640,1407,287,347,148,1,-1,-1,-1
934,640,1458,289,347,148,1,-1,-1,-1
935,640,1508,293,348,149,1,-1,-1,-1
936,640,1561,296,348,149,1,-1,-1,-1
937,640,1617,302,302,148,1,-1,-1,-1
938,640,1670,303,250,140,1,-1,-1,-1
939,640,1727,302,192,139,1,-1,-1,-1
940,640,1778,307,142,138,1,-1,-1,-1
941,640,1832,311,88,137,1,-1,-1,-1
890,642,1848,130,41,25,1,-1,-1,-1
891,642,1843,129,42,26,1,-1,-1,-1
892,642,1834,131,40,24,1,-1,-1,-1
893,642,1827,132,40,25,1,-1,-1,-1
894,642,1818,133,45,26,1,-1,-1,-1
895,642,1809,136,45,25,1,-1,-1,-1
896,642,1801,138,48,23,1,-1,-1,-1
897,642,1790,139,47,24,1,-1,-1,-1
898,642,1779,141,46,23,1,-1,-1,-1
899,642,1768,142,51,25,1,-1,-1,-1
900,642,1760,144,48,25,1,-1,-1,-1
901,642,1747,146,50,25,1,-1,-1,-1
902,642,1736,145,51,27,1,-1,-1,-1
903,642,1725,148,52,27,1,-1,-1,-1
904,642,1714,151,51,25,1,-1,-1,-1
905,642,1702,153,50,26,1,-1,-1,-1
906,642,1700,155,41,27,1,-1,-1,-1
907,642,1680,156,52,26,1,-1,-1,-1
967,652,224,265,72,35,1,-1,-1,-1
968,652,193,270,82,29,1,-1,-1,-1
969,652,167,271,80,28,1,-1,-1,-1
970,652,136,272,82,31,1,-1,-1,-1
971,652,108,273,79,31,1,-1,-1,-1
972,652,76,276,83,29,1,-1,-1,-1
973,652,48,277,81,32,1,-1,-1,-1
974,652,22,281,76,29,1,-1,-1,-1
975,652,1,283,71,30,1,-1,-1,-1
976,652,0,285,42,30,1,-1,-1,-1
970,653,1815,142,63,25,1,-1,-1,-1
971,653,1806,144,61,26,1,-1,-1,-1
972,653,1799,144,60,24,1,-1,-1,-1
973,653,1791,144,61,25,1,-1,-1,-1
974,653,1783,145,62,25,1,-1,-1,-1
975,653,1774,147,63,25,1,-1,-1,-1
976,653,1772,146,55,25,1,-1,-1,-1
977,653,1763,146,57,26,1,-1,-1,-1
978,653,1756,148,57,24,1,-1,-1,-1
979,653,1747,149,57,26,1,-1,-1,-1
980,653,1741,149,53,27,1,-1,-1,-1
981,653,1732,151,54,27,1,-1,-1,-1
982,653,1727,152,53,25,1,-1,-1,-1
983,653,1715,153,56,25,1,-1,-1,-1
984,653,1706,155,55,25,1,-1,-1,-1
985,653,1701,155,51,26,1,-1,-1,-1
986,653,1701,156,44,25,1,-1,-1,-1
987,653,1699,159,37,24,1,-1,-1,-1
995,661,654,106,34,27,1,-1,-1,-1
996,661,656,106,35,26,1,-1,-1,-1
997,661,658,106,36,26,1,-1,-1,-1
998,661,659,107,37,27,1,-1,-1,-1
999,661,659,105,40,29,1,-1,-1,-1
1000,661,658,105,43,30,1,-1,-1,-1
1002,661,670,106,36,28,1,-1,-1,-1
1003,661,672,106,38,27,1,-1,-1,-1
1004,661,679,108,34,26,1,-1,-1,-1
1007,661,688,109,31,28,1,-1,-1,-1
1008,661,691,108,30,29,1,-1,-1,-1
1009,661,693,108,33,29,1,-1,-1,-1
1010,661,694,107,35,29,1,-1,-1,-1
1011,661,697,107,35,30,1,-1,-1,-1
1012,661,700,107,34,29,1,-1,-1,-1
1013,661,701,107,33,29,1,-1,-1,-1
1014,661,702,108,35,29,1,-1,-1,-1
1015,661,704,108,36,29,1,-1,-1,-1
1016,661,705,107,38,31,1,-1,-1,-1
1017,661,708,107,37,32,1,-1,-1,-1
1018,661,710,107,35,32,1,-1,-1,-1
1019,661,711,107,36,33,1,-1,-1,-1
1021,661,715,109,33,29,1,-1,-1,-1
1022,661,716,110,34,28,1,-1,-1,-1
1023,661,718,110,35,28,1,-1,-1,-1
1024,661,718,109,37,29,1,-1,-1,-1
1025,661,719,109,37,30,1,-1,-1,-1
1026,661,721,110,37,30,1,-1,-1,-1
1027,661,721,109,38,32,1,-1,-1,-1
1028,661,720,109,39,32,1,-1,-1,-1
1029,661,720,109,38,33,1,-1,-1,-1
1030,661,720,109,39,33,1,-1,-1,-1
1031,661,719,109,40,34,1,-1,-1,-1
1032,661,718,109,43,34,1,-1,-1,-1
1033,661,719,110,40,35,1,-1,-1,-1
1034,661,718,110,41,35,1,-1,-1,-1
1035,661,718,109,40,36,1,-1,-1,-1
1036,661,716,109,42,36,1,-1,-1,-1
1037,661,715,109,42,37,1,-1,-1,-1
1038,661,714,108,43,38,1,-1,-1,-1
1039,661,711,108,45,40,1,-1,-1,-1
1040,661,711,108,44,41,1,-1,-1,-1
1041,661,708,109,47,40,1,-1,-1,-1
1042,661,706,109,47,41,1,-1,-1,-1
1043,661,707,108,45,42,1,-1,-1,-1
1044,661,705,109,45,43,1,-1,-1,-1
1045,661,702,110,46,44,1,-1,-1,-1
1046,661,701,110,48,44,1,-1,-1,-1
1047,661,701,111,45,44,1,-1,-1,-1
1048,661,695,112,50,44,1,-1,-1,-1
1049,661,695,112,49,45,1,-1,-1,-1
1050,661,692,114,51,44,1,-1,-1,-1
1051,661,690,114,52,45,1,-1,-1,-1
1052,661,687,116,53,44,1,-1,-1,-1
1053,661,685,117,53,45,1,-1,-1,-1
1054,661,685,118,54,47,1,-1,-1,-1
1055,661,683,119,53,47,1,-1,-1,-1
1056,661,680,120,54,48,1,-1,-1,-1
1057,661,676,121,56,50,1,-1,-1,-1
1058,661,672,121,56,53,1,-1,-1,-1
1059,661,670,122,58,54,1,-1,-1,-1
1060,661,667,124,60,53,1,-1,-1,-1
1061,661,664,126,60,54,1,-1,-1,-1
1062,661,660,127,61,55,1,-1,-1,-1
1063,661,655,129,63,56,1,-1,-1,-1
1064,661,652,129,63,57,1,-1,-1,-1
1065,661,649,129,63,60,1,-1,-1,-1
1066,661,643,128,70,64,1,-1,-1,-1
1067,661,640,133,67,62,1,-1,-1,-1
1068,661,637,136,64,62,1,-1,-1,-1
1069,661,633,138,67,64,1,-1,-1,-1
1070,661,625,137,73,68,1,-1,-1,-1
1071,661,621,139,80,70,1,-1,-1,-1
1072,661,617,140,79,72,1,-1,-1,-1
1073,661,614,141,78,75,1,-1,-1,-1
1074,661,611,148,70,72,1,-1,-1,-1
1075,661,605,150,76,74,1,-1,-1,-1
1076,661,597,151,83,78,1,-1,-1,-1
1077,661,583,152,90,84,1,-1,-1,-1
1078,661,580,157,89,84,1,-1,-1,-1
1079,661,574,159,89,87,1,-1,-1,-1
1080,661,568,165,95,87,1,-1,-1,-1
1081,661,563,170,91,89,1,-1,-1,-1
1082,661,553,174,91,88,1,-1,-1,-1
1083,661,543,174,103,99,1,-1,-1,-1
1084,661,534,184,101,96,1,-1,-1,-1
1085,661,521,179,115,110,1,-1,-1,-1
1086,661,511,181,121,108,1,-1,-1,-1
1087,661,506,183,121,106,1,-1,-1,-1
1088,661,490,192,123,120,1,-1,-1,-1
1089,661,500,193,115,111,1,-1,-1,-1
1090,661,480,198,127,117,1,-1,-1,-1
1091,661,473,210,122,116,1,-1,-1,-1
1092,661,447,215,137,120,1,-1,-1,-1
1093,661,421,222,153,131,1,-1,-1,-1
1094,661,415,234,146,127,1,-1,-1,-1
1001,663,1725,92,56,27,1,-1,-1,-1
1002,663,1725,92,56,27,1,-1,-1,-1
1003,663,1724,92,56,27,1,-1,-1,-1
1004,663,1725,92,55,27,1,-1,-1,-1
1005,663,1725,92,55,27,1,-1,-1,-1
1006,663,1725,92,55,28,1,-1,-1,-1
1031,663,1722,91,58,29,1,-1,-1,-1
1034,663,1723,92,55,28,1,-1,-1,-1
1035,663,1723,92,53,27,1,-1,-1,-1
1037,663,1723,91,55,28,1,-1,-1,-1
1038,663,1723,92,54,28,1,-1,-1,-1
1039,663,1723,93,54,27,1,-1,-1,-1
1040,663,1723,92,53,28,1,-1,-1,-1
1041,663,1724,93,58,27,1,-1,-1,-1
1042,663,1722,91,58,28,1,-1,-1,-1
1016,666,550,103,40,24,1,-1,-1,-1
1017,666,550,102,44,25,1,-1,-1,-1
1018,666,550,102,43,25,1,-1,-1,-1
1019,666,552,103,41,25,1,-1,-1,-1
1020,666,552,103,41,25,1,-1,-1,-1
1021,666,553,100,38,28,1,-1,-1,-1
1022,666,554,102,38,25,1,-1,-1,-1
1023,666,554,102,38,25,1,-1,-1,-1
1024,666,554,101,39,26,1,-1,-1,-1
1025,666,554,101,41,25,1,-1,-1,-1
1026,666,554,102,41,25,1,-1,-1,-1
1028,667,0,293,31,30,1,-1,-1,-1
1029,667,0,287,60,35,1,-1,-1,-1
1030,667,1,284,84,37,1,-1,-1,-1
1031,667,28,282,83,37,1,-1,-1,-1
1032,667,54,281,86,36,1,-1,-1,-1
1033,667,80,278,87,36,1,-1,-1,-1
1034,667,107,276,88,37,1,-1,-1,-1
1035,667,135,274,87,38,1,-1,-1,-1
1036,667,163,273,84,37,1,-1,-1,-1
1037,667,190,270,78,37,1,-1,-1,-1
1038,667,220,271,61,31,1,-1,-1,-1
1039,667,246,269,46,27,1,-1,-1,-1
1061,669,240,265,59,30,1,-1,-1,-1
1062,669,219,266,72,32,1,-1,-1,-1
1063,669,195,269,80,29,1,-1,-1,-1
1064,669,175,270,78,29,1,-1,-1,-1
1065,669,151,271,82,29,1,-1,-1,-1
1066,669,129,273,77,29,1,-1,-1,-1
1067,669,106,274,80,30,1,-1,-1,-1
1068,669,82,276,78,29,1,-1,-1,-1
1069,669,63,276,77,33,1,-1,-1,-1
1070,669,43,281,76,29,1,-1,-1,-1
1071,669,10,281,86,31,1,-1,-1,-1
1072,669,2,283,72,30,1,-1,-1,-1
1073,669,0,285,51,29,1,-1,-1,-1
1074,669,0,285,31,29,1,-1,-1,-1
1075,670,693,111,30,24,1,-1,-1,-1
1076,670,676,111,49,24,1,-1,-1,-1
1077,670,699,111,27,25,1,-1,-1,-1
1078,670,685,112,43,24,1,-1,-1,-1
1079,670,704,113,28,24,1,-1,-1,-1
1080,670,705,113,28,23,1,-1,-1,-1
1081,670,707,113,30,24,1,-1,-1,-1
1082,670,708,113,31,24,1,-1,-1,-1
1083,670,705,112,37,25,1,-1,-1,-1
1084,670,704,112,42,26,1,-1,-1,-1
1085,670,709,114,38,24,1,-1,-1,-1
1086,670,714,113,34,26,1,-1,-1,-1
1087,670,699,113,50,26,1,-1,-1,-1
1088,670,700,113,52,26,1,-1,-1,-1
1089,670,698,113,54,26,1,-1,-1,-1
1090,670,699,113,56,28,1,-1,-1,-1
1091,670,703,112,52,29,1,-1,-1,-1
1092,670,704,112,50,30,1,-1,-1,-1
1093,670,705,110,51,33,1,-1,-1,-1
1094,670,707,111,49,32,1,-1,-1,-1
1095,670,710,112,47,31,1,-1,-1,-1
1096,670,713,112,44,32,1,-1,-1,-1
1097,670,715,112,44,32,1,-1,-1,-1
1098,670,715,112,44,32,1,-1,-1,-1
1099,670,716,113,43,32,1,-1,-1,-1
1100,670,718,113,40,32,1,-1,-1,-1
1101,670,719,113,39,32,1,-1,-1,-1
1102,670,719,113,38,33,1,-1,-1,-1
1103,670,719,112,38,33,1,-1,-1,-1
1104,670,717,111,40,35,1,-1,-1,-1
1105,670,717,111,39,38,1,-1,-1,-1
1106,670,716,114,39,35,1,-1,-1,-1
1107,670,714,113,40,37,1,-1,-1,-1
1108,670,712,111,42,38,1,-1,-1,-1
1109,670,710,111,44,39,1,-1,-1,-1
1110,670,711,113,42,38,1,-1,-1,-1
1111,670,711,114,45,38,1,-1,-1,-1
1112,670,710,114,46,40,1,-1,-1,-1
1113,670,709,115,44,39,1,-1,-1,-1
1114,670,706,115,46,40,1,-1,-1,-1
1115,670,705,111,45,46,1,-1,-1,-1
1116,670,702,115,49,43,1,-1,-1,-1
1117,670,702,115,47,45,1,-1,-1,-1
1118,670,698,116,50,45,1,-1,-1,-1
1119,670,697,114,51,47,1,-1,-1,-1
1120,670,694,118,51,46,1,-1,-1,-1
1121,670,693,118,52,48,1,-1,-1,-1
1122,670,690,116,53,52,1,-1,-1,-1
1123,670,688,118,53,53,1,-1,-1,-1
1124,670,685,119,56,56,1,-1,-1,-1
1125,670,684,122,55,53,1,-1,-1,-1
1126,670,681,121,59,56,1,-1,-1,-1
1127,670,678,126,59,54,1,-1,-1,-1
1128,670,675,126,65,55,1,-1,-1,-1
1129,670,672,129,62,54,1,-1,-1,-1
1130,670,670,129,61,58,1,-1,-1,-1
1131,670,665,133,63,57,1,-1,-1,-1
1132,670,661,134,65,58,1,-1,-1,-1
1133,670,659,143,65,52,1,-1,-1,-1
1134,670,654,145,65,52,1,-1,-1,-1
1135,670,649,146,67,55,1,-1,-1,-1
1136,670,643,142,68,62,1,-1,-1,-1
1137,670,637,146,72,59,1,-1,-1,-1
1138,670,634,151,71,60,1,-1,-1,-1
1139,670,629,148,75,65,1,-1,-1,-1
1140,670,624,150,77,68,1,-1,-1,-1
1141,670,618,154,79,68,1,-1,-1,-1
1142,670,611,154,82,73,1,-1,-1,-1
1143,670,606,158,84,74,1,-1,-1,-1
1144,670,599,161,86,76,1,-1,-1,-1
1145,670,594,162,87,80,1,-1,-1,-1
1146,670,585,168,90,80,1,-1,-1,-1
1147,670,577,171,94,84,1,-1,-1,-1
1148,670,569,174,95,87,1,-1,-1,-1
1149,670,559,179,101,90,1,-1,-1,-1
1150,670,550,183,104,93,1,-1,-1,-1
1151,670,540,184,108,100,1,-1,-1,-1
1152,670,530,191,111,104,1,-1,-1,-1
1153,670,518,196,119,106,1,-1,-1,-1
1154,670,505,202,124,113,1,-1,-1,-1
1155,670,492,207,129,119,1,-1,-1,-1
1156,670,478,214,134,124,1,-1,-1,-1
1157,670,461,222,139,130,1,-1,-1,-1
1158,670,443,230,147,137,1,-1,-1,-1
1159,670,426,240,152,142,1,-1,-1,-1
1160,670,403,249,165,152,1,-1,-1,-1
1161,670,381,263,173,159,1,-1,-1,-1
1162,670,354,273,188,171,1,-1,-1,-1
1163,670,328,285,197,183,1,-1,-1,-1
1164,670,298,304,208,193,1,-1,-1,-1
1165,670,263,321,225,207,1,-1,-1,-1
1166,670,223,340,243,225,1,-1,-1,-1
1167,670,177,363,264,246,1,-1,-1,-1
1168,670,126,389,288,272,1,-1,-1,-1
1169,670,65,418,319,298,1,-1,-1,-1
1170,670,1,460,347,328,1,-1,-1,-1
1171,670,0,498,304,366,1,-1,-1,-1
1172,670,1,564,255,397,1,-1,-1,-1
1173,670,1,632,196,443,1,-1,-1,-1
1076,671,658,110,49,27,1,-1,-1,-1
1077,671,658,110,44,27,1,-1,-1,-1
1079,671,666,110,31,25,1,-1,-1,-1
1080,671,667,112,34,24,1,-1,-1,-1
1081,671,667,111,38,26,1,-1,-1,-1
1081,672,1683,1017,233,59,1,-1,-1,-1
1082,672,1663,996,255,82,1,-1,-1,-1
1083,672,1639,974,279,102,1,-1,-1,-1
1084,672,1617,954,301,121,1,-1,-1,-1
1085,672,1607,940,312,136,1,-1,-1,-1
1086,672,1594,920,324,157,1,-1,-1,-1
1087,672,1585,902,333,174,1,-1,-1,-1
1088,672,1570,887,348,187,1,-1,-1,-1
1089,672,1563,873,354,203,1,-1,-1,-1
1090,672,1554,863,363,212,1,-1,-1,-1
1091,672,1548,851,370,223,1,-1,-1,-1
1092,672,1537,842,381,231,1,-1,-1,-1
1093,672,1528,833,388,241,1,-1,-1,-1
1094,672,1522,819,393,253,1,-1,-1,-1
1095,672,1516,809,400,265,1,-1,-1,-1
1096,672,1515,792,402,283,1,-1,-1,-1
1097,672,1507,788,411,287,1,-1,-1,-1
1098,672,1502,786,415,290,1,-1,-1,-1
1099,672,1501,785,416,291,1,-1,-1,-1
1100,672,1497,783,421,293,1,-1,-1,-1
1101,672,1495,782,424,295,1,-1,-1,-1
1102,672,1492,780,424,295,1,-1,-1,-1
1103,672,1489,775,429,301,1,-1,-1,-1
1104,672,1485,772,433,304,1,-1,-1,-1
1105,672,1484,772,433,303,1,-1,-1,-1
1106,672,1483,771,435,304,1,-1,-1,-1
1107,672,1481,771,436,304,1,-1,-1,-1
1108,672,1479,769,440,306,1,-1,-1,-1
1109,672,1478,765,439,309,1,-1,-1,-1
1110,672,1478,765,440,309,1,-1,-1,-1
1111,672,1478,765,440,309,1,-1,-1,-1
1112,672,1479,765,439,309,1,-1,-1,-1
1113,672,1481,763,437,310,1,-1,-1,-1
1114,672,1480,764,438,310,1,-1,-1,-1
1115,672,1480,764,438,309,1,-1,-1,-1
1116,672,1481,764,437,309,1,-1,-1,-1
1117,672,1481,764,437,310,1,-1,-1,-1
1118,672,1481,764,437,310,1,-1,-1,-1
1119,672,1480,764,438,310,1,-1,-1,-1
1120,672,1479,764,439,309,1,-1,-1,-1
1121,672,1480,766,438,309,1,-1,-1,-1
1122,672,1480,766,437,309,1,-1,-1,-1
1123,672,1480,765,438,309,1,-1,-1,-1
1124,672,1480,766,438,309,1,-1,-1,-1
1125,672,1478,765,441,311,1,-1,-1,-1
1126,672,1479,766,439,310,1,-1,-1,-1
1127,672,1482,765,436,309,1,-1,-1,-1
1128,672,1482,765,436,309,1,-1,-1,-1
1129,672,1481,765,437,310,1,-1,-1,-1
1130,672,1481,764,437,310,1,-1,-1,-1
1131,672,1481,765,437,310,1,-1,-1,-1
1132,672,1481,765,437,310,1,-1,-1,-1
1133,672,1481,764,437,310,1,-1,-1,-1
1134,672,1482,765,436,310,1,-1,-1,-1
1135,672,1479,765,439,311,1,-1,-1,-1
1136,672,1478,765,440,311,1,-1,-1,-1
1137,672,1480,766,439,308,1,-1,-1,-1
1138,672,1480,766,437,308,1,-1,-1,-1
1139,672,1480,766,437,308,1,-1,-1,-1
1140,672,1480,765,438,309,1,-1,-1,-1
1141,672,1481,765,437,309,1,-1,-1,-1
1142,672,1481,765,437,309,1,-1,-1,-1
1143,672,1481,765,437,309,1,-1,-1,-1
1144,672,1481,765,437,309,1,-1,-1,-1
1145,672,1481,764,437,310,1,-1,-1,-1
1146,672,1480,764,438,310,1,-1,-1,-1
1147,672,1481,764,437,310,1,-1,-1,-1
1148,672,1481,766,437,309,1,-1,-1,-1
1149,672,1481,766,436,309,1,-1,-1,-1
1150,672,1481,766,436,309,1,-1,-1,-1
1151,672,1481,764,437,310,1,-1,-1,-1
1152,672,1481,765,437,310,1,-1,-1,-1
1153,672,1481,764,437,310,1,-1,-1,-1
1154,672,1482,764,436,310,1,-1,-1,-1
1155,672,1482,764,436,310,1,-1,-1,-1
1156,672,1482,763,436,311,1,-1,-1,-1
1157,672,1481,763,436,311,1,-1,-1,-1
1158,672,1482,764,436,310,1,-1,-1,-1
1159,672,1481,765,436,310,1,-1,-1,-1
1160,672,1481,764,437,310,1,-1,-1,-1
1161,672,1481,764,437,310,1,-1,-1,-1
1162,672,1478,765,439,310,1,-1,-1,-1
1163,672,1478,765,440,310,1,-1,-1,-1
1164,672,1478,765,439,311,1,-1,-1,-1
1165,672,1481,764,437,310,1,-1,-1,-1
1166,672,1481,764,437,310,1,-1,-1,-1
1167,672,1481,765,437,309,1,-1,-1,-1
1168,672,1481,765,437,309,1,-1,-1,-1
1169,672,1481,764,437,310,1,-1,-1,-1
1170,672,1481,765,437,310,1,-1,-1,-1
1171,672,1481,765,437,310,1,-1,-1,-1
1172,672,1480,764,438,310,1,-1,-1,-1
1173,672,1481,765,437,310,1,-1,-1,-1
1174,672,1481,764,437,310,1,-1,-1,-1
1175,672,1481,765,436,310,1,-1,-1,-1
1176,672,1480,765,438,310,1,-1,-1,-1
1177,672,1481,765,437,309,1,-1,-1,-1
1178,672,1481,764,437,310,1,-1,-1,-1
1179,672,1481,763,437,311,1,-1,-1,-1
1180,672,1481,763,437,311,1,-1,-1,-1
1181,672,1481,764,437,310,1,-1,-1,-1
1182,672,1481,765,437,310,1,-1,-1,-1
1183,672,1481,765,437,310,1,-1,-1,-1
1184,672,1481,764,436,311,1,-1,-1,-1
1185,672,1482,764,436,311,1,-1,-1,-1
1186,672,1481,764,436,310,1,-1,-1,-1
1187,672,1480,765,438,311,1,-1,-1,-1
1188,672,1480,765,437,311,1,-1,-1,-1
1189,672,1481,764,437,310,1,-1,-1,-1
1190,672,1482,764,436,310,1,-1,-1,-1
1191,672,1481,765,437,310,1,-1,-1,-1
1192,672,1481,765,437,309,1,-1,-1,-1
1193,672,1481,766,437,309,1,-1,-1,-1
1194,672,1481,764,437,311,1,-1,-1,-1
1195,672,1481,764,437,311,1,-1,-1,-1
1196,672,1481,765,437,310,1,-1,-1,-1
1197,672,1480,766,437,310,1,-1,-1,-1
1198,672,1481,765,436,310,1,-1,-1,-1
1199,672,1481,766,437,309,1,-1,-1,-1
1200,672,1479,766,439,310,1,-1,-1,-1
1201,672,1477,765,440,310,1,-1,-1,-1
1202,672,1477,766,440,310,1,-1,-1,-1
1203,672,1479,764,439,310,1,-1,-1,-1
1204,672,1479,764,439,310,1,-1,-1,-1
1205,672,1477,764,440,311,1,-1,-1,-1
1206,672,1479,764,439,310,1,-1,-1,-1
1207,672,1480,764,438,310,1,-1,-1,-1
1208,672,1480,764,438,310,1,-1,-1,-1
1209,672,1480,764,438,310,1,-1,-1,-1
1210,672,1480,765,438,310,1,-1,-1,-1
1211,672,1479,766,438,310,1,-1,-1,-1
1212,672,1479,766,439,310,1,-1,-1,-1
1213,672,1479,766,438,310,1,-1,-1,-1
1214,672,1479,766,439,310,1,-1,-1,-1
1215,672,1478,765,439,310,1,-1,-1,-1
1216,672,1478,765,439,311,1,-1,-1,-1
1217,672,1480,764,438,311,1,-1,-1,-1
1218,672,1481,764,437,311,1,-1,-1,-1
1219,672,1481,764,437,310,1,-1,-1,-1
1220,672,1481,764,437,310,1,-1,-1,-1
1221,672,1481,764,437,310,1,-1,-1,-1
1222,672,1481,764,437,310,1,-1,-1,-1
1223,672,1480,766,437,310,1,-1,-1,-1
1224,672,1482,766,436,309,1,-1,-1,-1
1225,672,1479,766,439,310,1,-1,-1,-1
1226,672,1478,765,440,310,1,-1,-1,-1
1227,672,1479,764,439,310,1,-1,-1,-1
1228,672,1479,764,439,310,1,-1,-1,-1
1229,672,1479,764,439,310,1,-1,-1,-1
1230,672,1478,765,440,311,1,-1,-1,-1
1231,672,1480,764,438,311,1,-1,-1,-1
1232,672,1478,764,440,312,1,-1,-1,-1
1233,672,1478,764,440,312,1,-1,-1,-1
1234,672,1479,765,439,310,1,-1,-1,-1
1235,672,1480,764,437,310,1,-1,-1,-1
1236,672,1481,765,437,310,1,-1,-1,-1
1237,672,1481,764,437,311,1,-1,-1,-1
1238,672,1480,766,438,310,1,-1,-1,-1
1239,672,1481,765,437,310,1,-1,-1,-1
1240,672,1482,766,435,309,1,-1,-1,-1
1241,672,1482,766,435,309,1,-1,-1,-1
1242,672,1481,766,436,309,1,-1,-1,-1
1243,672,1481,766,437,309,1,-1,-1,-1
1244,672,1480,765,437,309,1,-1,-1,-1
1245,672,1478,764,440,311,1,-1,-1,-1
1246,672,1480,764,438,310,1,-1,-1,-1
1247,672,1480,764,438,310,1,-1,-1,-1
1248,672,1480,764,438,310,1,-1,-1,-1
1249,672,1479,765,439,311,1,-1,-1,-1
1250,672,1481,765,436,309,1,-1,-1,-1
1251,672,1481,765,437,309,1,-1,-1,-1
1252,672,1480,766,438,310,1,-1,-1,-1
1253,672,1481,766,436,309,1,-1,-1,-1
1254,672,1481,765,437,310,1,-1,-1,-1
1255,672,1481,766,436,309,1,-1,-1,-1
1256,672,1479,765,439,311,1,-1,-1,-1
1257,672,1481,765,437,310,1,-1,-1,-1
1258,672,1480,763,438,311,1,-1,-1,-1
1259,672,1479,764,439,312,1,-1,-1,-1
1260,672,1479,764,439,312,1,-1,-1,-1
1261,672,1481,764,437,310,1,-1,-1,-1
1262,672,1480,766,438,311,1,-1,-1,-1
1263,672,1481,766,436,310,1,-1,-1,-1
1264,672,1480,766,438,310,1,-1,-1,-1
1265,672,1480,766,438,310,1,-1,-1,-1
1266,672,1482,766,436,309,1,-1,-1,-1
1267,672,1482,766,436,309,1,-1,-1,-1
1268,672,1481,765,436,310,1,-1,-1,-1
1269,672,1480,764,438,311,1,-1,-1,-1
1270,672,1480,764,438,311,1,-1,-1,-1
1271,672,1480,763,438,311,1,-1,-1,-1
1272,672,1480,763,438,311,1,-1,-1,-1
1273,672,1479,764,439,311,1,-1,-1,-1
1274,672,1480,764,439,311,1,-1,-1,-1
1275,672,1480,765,438,310,1,-1,-1,-1
1276,672,1479,766,438,310,1,-1,-1,-1
1277,672,1482,766,436,309,1,-1,-1,-1
1278,672,1482,766,436,309,1,-1,-1,-1
1279,672,1480,765,438,310,1,-1,-1,-1
1280,672,1481,766,436,309,1,-1,-1,-1
1281,672,1479,766,438,310,1,-1,-1,-1
1282,672,1481,765,436,309,1,-1,-1,-1
1283,672,1481,765,436,309,1,-1,-1,-1
1284,672,1482,765,436,310,1,-1,-1,-1
1285,672,1480,764,438,310,1,-1,-1,-1
1286,672,1480,763,438,311,1,-1,-1,-1
1287,672,1481,763,437,311,1,-1,-1,-1
1288,672,1481,764,437,310,1,-1,-1,-1
1289,672,1481,764,437,310,1,-1,-1,-1
1290,672,1480,765,438,310,1,-1,-1,-1
1291,672,1480,765,438,310,1,-1,-1,-1
1292,672,1481,766,436,309,1,-1,-1,-1
1293,672,1480,766,438,310,1,-1,-1,-1
1294,672,1480,766,438,310,1,-1,-1,-1
1295,672,1480,765,438,311,1,-1,-1,-1
1296,672,1481,763,437,311,1,-1,-1,-1
1297,672,1480,764,438,311,1,-1,-1,-1
1298,672,1480,764,438,311,1,-1,-1,-1
1299,672,1480,764,439,311,1,-1,-1,-1
1300,672,1479,763,439,311,1,-1,-1,-1
1301,672,1480,762,438,313,1,-1,-1,-1
1302,672,1480,766,437,308,1,-1,-1,-1
1303,672,1480,765,437,308,1,-1,-1,-1
1304,672,1481,765,437,309,1,-1,-1,-1
1305,672,1482,766,436,309,1,-1,-1,-1
1306,672,1482,765,436,310,1,-1,-1,-1
1307,672,1482,765,436,309,1,-1,-1,-1
1308,672,1482,765,436,309,1,-1,-1,-1
1309,672,1481,765,437,309,1,-1,-1,-1
1310,672,1481,764,437,309,1,-1,-1,-1
1311,672,1481,763,437,311,1,-1,-1,-1
1312,672,1480,763,438,311,1,-1,-1,-1
1313,672,1480,764,439,311,1,-1,-1,-1
1314,672,1480,764,439,310,1,-1,-1,-1
1315,672,1480,764,438,311,1,-1,-1,-1
1316,672,1480,764,438,311,1,-1,-1,-1
1317,672,1480,766,437,309,1,-1,-1,-1
1318,672,1479,766,439,310,1,-1,-1,-1
1319,672,1479,766,439,310,1,-1,-1,-1
1320,672,1482,765,436,310,1,-1,-1,-1
1321,672,1479,766,439,310,1,-1,-1,-1
1322,672,1479,766,438,310,1,-1,-1,-1
1323,672,1479,766,439,309,1,-1,-1,-1
1324,672,1479,765,439,310,1,-1,-1,-1
1325,672,1481,764,437,310,1,-1,-1,-1
1326,672,1481,764,437,310,1,-1,-1,-1
1327,672,1481,764,437,310,1,-1,-1,-1
1328,672,1479,763,439,311,1,-1,-1,-1
1329,672,1480,762,438,311,1,-1,-1,-1
1330,672,1478,763,440,311,1,-1,-1,-1
1331,672,1480,763,438,311,1,-1,-1,-1
1332,672,1480,763,438,311,1,-1,-1,-1
1333,672,1480,764,439,311,1,-1,-1,-1
1334,672,1479,764,439,311,1,-1,-1,-1
1335,672,1479,764,439,310,1,-1,-1,-1
1336,672,1478,765,440,311,1,-1,-1,-1
1337,672,1478,765,440,310,1,-1,-1,-1
1338,672,1478,765,440,310,1,-1,-1,-1
1339,672,1480,765,438,310,1,-1,-1,-1
1340,672,1480,765,438,310,1,-1,-1,-1
1341,672,1480,764,438,310,1,-1,-1,-1
1342,672,1480,764,438,311,1,-1,-1,-1
1343,672,1480,764,438,311,1,-1,-1,-1
1344,672,1480,764,438,311,1,-1,-1,-1
1345,672,1479,763,439,311,1,-1,-1,-1
1346,672,1480,763,438,311,1,-1,-1,-1
1347,672,1480,763,438,310,1,-1,-1,-1
1348,672,1480,764,438,310,1,-1,-1,-1
1349,672,1479,766,438,309,1,-1,-1,-1
1350,672,1478,765,440,310,1,-1,-1,-1
1351,672,1479,765,439,309,1,-1,-1,-1
1352,672,1481,765,437,309,1,-1,-1,-1
1353,672,1481,764,437,310,1,-1,-1,-1
1354,672,1481,764,437,309,1,-1,-1,-1
1355,672,1481,763,437,311,1,-1,-1,-1
1356,672,1481,763,437,311,1,-1,-1,-1
1357,672,1482,764,436,311,1,-1,-1,-1
1358,672,1481,765,437,311,1,-1,-1,-1
1359,672,1480,765,438,311,1,-1,-1,-1
1360,672,1479,765,438,311,1,-1,-1,-1
1361,672,1480,765,438,311,1,-1,-1,-1
1362,672,1479,765,439,311,1,-1,-1,-1
1363,672,1479,766,439,310,1,-1,-1,-1
1364,672,1479,766,440,309,1,-1,-1,-1
1365,672,1478,764,440,311,1,-1,-1,-1
1366,672,1480,764,438,311,1,-1,-1,-1
1367,672,1480,763,438,311,1,-1,-1,-1
1368,672,1481,764,437,311,1,-1,-1,-1
1369,672,1481,764,437,310,1,-1,-1,-1
1370,672,1481,764,437,310,1,-1,-1,-1
1371,672,1481,764,437,310,1,-1,-1,-1
1372,672,1480,764,438,310,1,-1,-1,-1
1373,672,1480,764,438,310,1,-1,-1,-1
1374,672,1482,764,436,310,1,-1,-1,-1
1375,672,1482,764,436,310,1,-1,-1,-1
1376,672,1481,764,437,310,1,-1,-1,-1
1377,672,1480,765,438,310,1,-1,-1,-1
1378,672,1480,765,438,310,1,-1,-1,-1
1379,672,1480,765,438,310,1,-1,-1,-1
1380,672,1480,764,438,310,1,-1,-1,-1
1381,672,1480,765,437,311,1,-1,-1,-1
1382,672,1479,765,439,311,1,-1,-1,-1
1383,672,1481,763,438,310,1,-1,-1,-1
1384,672,1480,762,438,311,1,-1,-1,-1
1385,672,1481,762,437,311,1,-1,-1,-1
1386,672,1480,763,438,311,1,-1,-1,-1
1387,672,1480,763,438,311,1,-1,-1,-1
1388,672,1481,763,437,310,1,-1,-1,-1
1389,672,1481,763,438,311,1,-1,-1,-1
1390,672,1480,765,438,311,1,-1,-1,-1
1391,672,1480,766,438,311,1,-1,-1,-1
1392,672,1480,765,437,311,1,-1,-1,-1
1393,672,1480,765,438,311,1,-1,-1,-1
1394,672,1481,764,437,311,1,-1,-1,-1
1395,672,1481,764,437,311,1,-1,-1,-1
1396,672,1481,764,437,311,1,-1,-1,-1
1397,672,1480,765,438,312,1,-1,-1,-1
1398,672,1480,763,438,312,1,-1,-1,-1
1399,672,1479,763,439,311,1,-1,-1,-1
1400,672,1480,764,438,311,1,-1,-1,-1
1401,672,1479,765,439,311,1,-1,-1,-1
1402,672,1480,765,438,311,1,-1,-1,-1
1403,672,1482,764,436,310,1,-1,-1,-1
1404,672,1481,764,437,310,1,-1,-1,-1
1405,672,1480,766,438,310,1,-1,-1,-1
1406,672,1479,766,439,310,1,-1,-1,-1
1407,672,1480,766,438,310,1,-1,-1,-1
1408,672,1481,765,437,309,1,-1,-1,-1
1409,672,1479,764,439,310,1,-1,-1,-1
1410,672,1479,764,439,310,1,-1,-1,-1
1411,672,1479,764,439,310,1,-1,-1,-1
1412,672,1480,764,439,310,1,-1,-1,-1
1413,672,1480,764,438,310,1,-1,-1,-1
1414,672,1479,766,439,310,1,-1,-1,-1
1415,672,1479,766,439,309,1,-1,-1,-1
1416,672,1479,767,439,309,1,-1,-1,-1
1417,672,1480,767,438,309,1,-1,-1,-1
1418,672,1479,766,438,309,1,-1,-1,-1
1419,672,1479,766,439,309,1,-1,-1,-1
1420,672,1479,765,438,309,1,-1,-1,-1
1421,672,1481,763,437,309,1,-1,-1,-1
1422,672,1481,763,438,309,1,-1,-1,-1
1423,672,1481,763,438,310,1,-1,-1,-1
1424,672,1480,763,439,310,1,-1,-1,-1
1425,672,1479,763,439,310,1,-1,-1,-1
1426,672,1479,763,439,309,1,-1,-1,-1
1427,672,1478,765,440,311,1,-1,-1,-1
1428,672,1479,766,439,310,1,-1,-1,-1
1429,672,1480,765,438,309,1,-1,-1,-1
1430,672,1480,764,438,310,1,-1,-1,-1
1431,672,1478,765,440,309,1,-1,-1,-1
1432,672,1478,766,440,310,1,-1,-1,-1
1433,672,1479,766,439,310,1,-1,-1,-1
1434,672,1480,766,437,310,1,-1,-1,-1
1435,672,1481,765,437,309,1,-1,-1,-1
1436,672,1481,765,437,310,1,-1,-1,-1
1437,672,1480,764,438,310,1,-1,-1,-1
1438,672,1480,764,438,310,1,-1,-1,-1
1439,672,1480,764,438,310,1,-1,-1,-1
1440,672,1479,764,439,310,1,-1,-1,-1
1441,672,1478,764,440,311,1,-1,-1,-1
1442,672,1479,764,439,311,1,-1,-1,-1
1443,672,1479,765,439,310,1,-1,-1,-1
1444,672,1478,766,440,310,1,-1,-1,-1
1445,672,1478,766,440,310,1,-1,-1,-1
1446,672,1479,765,439,311,1,-1,-1,-1
1447,672,1481,765,437,310,1,-1,-1,-1
1448,672,1481,764,437,310,1,-1,-1,-1
1449,672,1481,765,437,309,1,-1,-1,-1
1450,672,1481,765,437,309,1,-1,-1,-1
1451,672,1481,764,437,310,1,-1,-1,-1
1452,672,1481,764,437,309,1,-1,-1,-1
1453,672,1481,764,437,310,1,-1,-1,-1
1454,672,1481,764,437,310,1,-1,-1,-1
1455,672,1481,764,437,309,1,-1,-1,-1
1456,672,1480,765,438,310,1,-1,-1,-1
1457,672,1479,765,439,310,1,-1,-1,-1
1458,672,1478,765,440,311,1,-1,-1,-1
1459,672,1477,764,441,311,1,-1,-1,-1
1460,672,1477,765,440,310,1,-1,-1,-1
1461,672,1479,765,439,311,1,-1,-1,-1
1462,672,1479,764,439,311,1,-1,-1,-1
1463,672,1479,764,439,311,1,-1,-1,-1
1464,672,1480,765,438,311,1,-1,-1,-1
1465,672,1481,763,437,310,1,-1,-1,-1
1466,672,1481,764,437,310,1,-1,-1,-1
1467,672,1481,764,437,310,1,-1,-1,-1
1468,672,1481,764,437,310,1,-1,-1,-1
1469,672,1480,764,438,310,1,-1,-1,-1
1470,672,1479,764,439,310,1,-1,-1,-1
1471,672,1479,765,439,310,1,-1,-1,-1
1472,672,1479,765,439,310,1,-1,-1,-1
1473,672,1479,764,439,310,1,-1,-1,-1
1474,672,1478,764,440,311,1,-1,-1,-1
1475,672,1478,764,440,310,1,-1,-1,-1
1476,672,1479,764,439,310,1,-1,-1,-1
1477,672,1480,765,438,310,1,-1,-1,-1
1478,672,1480,764,438,310,1,-1,-1,-1
1479,672,1480,764,438,310,1,-1,-1,-1
1480,672,1480,764,438,310,1,-1,-1,-1
1481,672,1480,764,438,310,1,-1,-1,-1
1482,672,1480,764,438,310,1,-1,-1,-1
1483,672,1480,765,438,310,1,-1,-1,-1
1484,672,1479,765,439,309,1,-1,-1,-1
1485,672,1478,765,440,309,1,-1,-1,-1
1486,672,1479,765,440,310,1,-1,-1,-1
1487,672,1479,764,439,310,1,-1,-1,-1
1488,672,1479,764,439,310,1,-1,-1,-1
1489,672,1478,764,440,310,1,-1,-1,-1
1490,672,1478,764,440,311,1,-1,-1,-1
1491,672,1478,764,440,311,1,-1,-1,-1
1492,672,1480,764,438,310,1,-1,-1,-1
1493,672,1481,765,437,309,1,-1,-1,-1
1494,672,1480,763,438,310,1,-1,-1,-1
1495,672,1480,764,438,310,1,-1,-1,-1
1496,672,1479,764,439,311,1,-1,-1,-1
1497,672,1480,765,438,310,1,-1,-1,-1
1498,672,1479,765,438,309,1,-1,-1,-1
1499,672,1478,766,440,310,1,-1,-1,-1
1500,672,1479,765,439,310,1,-1,-1,-1
1501,672,1479,766,438,311,1,-1,-1,-1
1502,672,1479,766,439,310,1,-1,-1,-1
1503,672,1479,766,439,310,1,-1,-1,-1
1504,672,1479,765,438,311,1,-1,-1,-1
1505,672,1479,764,439,312,1,-1,-1,-1
1506,672,1478,764,440,312,1,-1,-1,-1
1507,672,1478,764,440,312,1,-1,-1,-1
1508,672,1478,765,440,311,1,-1,-1,-1
1509,672,1480,765,438,311,1,-1,-1,-1
1510,672,1481,765,437,311,1,-1,-1,-1
1511,672,1479,765,438,310,1,-1,-1,-1
1512,672,1479,765,439,310,1,-1,-1,-1
1513,672,1478,765,440,310,1,-1,-1,-1
1514,672,1479,765,439,310,1,-1,-1,-1
1515,672,1479,765,439,310,1,-1,-1,-1
1516,672,1478,765,440,310,1,-1,-1,-1
1517,672,1477,765,441,310,1,-1,-1,-1
1518,672,1476,764,442,311,1,-1,-1,-1
1519,672,1479,763,439,309,1,-1,-1,-1
1520,672,1478,765,440,311,1,-1,-1,-1
1521,672,1479,765,439,309,1,-1,-1,-1
1522,672,1479,765,439,310,1,-1,-1,-1
1523,672,1479,765,439,310,1,-1,-1,-1
1524,672,1478,765,441,310,1,-1,-1,-1
1525,672,1480,765,438,310,1,-1,-1,-1
1526,672,1479,766,439,310,1,-1,-1,-1
1527,672,1478,765,440,310,1,-1,-1,-1
1528,672,1480,765,439,309,1,-1,-1,-1
1529,672,1479,765,439,310,1,-1,-1,-1
1530,672,1479,765,439,310,1,-1,-1,-1
1531,672,1478,765,440,309,1,-1,-1,-1
1532,672,1478,764,440,310,1,-1,-1,-1
1533,672,1477,764,441,311,1,-1,-1,-1
1534,672,1478,764,440,310,1,-1,-1,-1
1535,672,1479,765,439,309,1,-1,-1,-1
1536,672,1479,766,439,310,1,-1,-1,-1
1537,672,1479,765,439,309,1,-1,-1,-1
1538,672,1479,765,439,309,1,-1,-1,-1
1539,672,1479,764,439,310,1,-1,-1,-1
1540,672,1479,764,439,310,1,-1,-1,-1
1541,672,1479,765,439,310,1,-1,-1,-1
1542,672,1480,765,438,309,1,-1,-1,-1
1543,672,1479,765,439,310,1,-1,-1,-1
1544,672,1479,765,439,311,1,-1,-1,-1
1545,672,1479,765,439,311,1,-1,-1,-1
1546,672,1479,765,439,311,1,-1,-1,-1
1547,672,1479,765,439,311,1,-1,-1,-1
1548,672,1478,765,440,311,1,-1,-1,-1
1549,672,1479,765,439,311,1,-1,-1,-1
1550,672,1478,765,439,311,1,-1,-1,-1
1551,672,1477,765,441,310,1,-1,-1,-1
1552,672,1477,766,440,310,1,-1,-1,-1
1553,672,1478,766,440,310,1,-1,-1,-1
1554,672,1478,766,440,310,1,-1,-1,-1
1555,672,1478,765,440,310,1,-1,-1,-1
1556,672,1478,765,440,310,1,-1,-1,-1
1557,672,1480,765,438,309,1,-1,-1,-1
1558,672,1480,764,439,310,1,-1,-1,-1
1559,672,1478,764,440,310,1,-1,-1,-1
1560,672,1478,764,440,310,1,-1,-1,-1
1561,672,1479,764,439,311,1,-1,-1,-1
1562,672,1478,764,440,310,1,-1,-1,-1
1563,672,1477,765,440,310,1,-1,-1,-1
1564,672,1478,765,440,310,1,-1,-1,-1
1565,672,1478,765,440,310,1,-1,-1,-1
1566,672,1478,765,440,310,1,-1,-1,-1
1567,672,1478,765,440,310,1,-1,-1,-1
1568,672,1478,765,440,310,1,-1,-1,-1
1569,672,1478,765,440,311,1,-1,-1,-1
1570,672,1480,764,439,311,1,-1,-1,-1
1571,672,1479,764,439,310,1,-1,-1,-1
1572,672,1479,764,439,310,1,-1,-1,-1
1573,672,1480,764,438,310,1,-1,-1,-1
1574,672,1480,764,438,310,1,-1,-1,-1
1575,672,1479,764,439,310,1,-1,-1,-1
1576,672,1478,764,440,310,1,-1,-1,-1
1577,672,1477,765,441,310,1,-1,-1,-1
1578,672,1477,765,441,310,1,-1,-1,-1
1579,672,1478,765,440,310,1,-1,-1,-1
1580,672,1479,764,439,309,1,-1,-1,-1
1581,672,1478,765,439,310,1,-1,-1,-1
1582,672,1478,765,439,310,1,-1,-1,-1
1583,672,1478,764,439,311,1,-1,-1,-1
1584,672,1480,763,438,311,1,-1,-1,-1
1585,672,1479,764,439,311,1,-1,-1,-1
1586,672,1479,764,439,311,1,-1,-1,-1
1587,672,1479,764,439,311,1,-1,-1,-1
1588,672,1478,765,440,311,1,-1,-1,-1
1589,672,1478,765,440,311,1,-1,-1,-1
1590,672,1478,765,440,311,1,-1,-1,-1
1591,672,1479,765,439,309,1,-1,-1,-1
1592,672,1477,766,440,310,1,-1,-1,-1
1593,672,1478,765,439,311,1,-1,-1,-1
1594,672,1478,765,440,311,1,-1,-1,-1
1595,672,1478,765,440,311,1,-1,-1,-1
1596,672,1478,765,440,311,1,-1,-1,-1
1597,672,1479,763,439,310,1,-1,-1,-1
1598,672,1479,763,439,310,1,-1,-1,-1
1599,672,1479,763,439,310,1,-1,-1,-1
1600,672,1478,765,440,311,1,-1,-1,-1
1601,672,1478,766,440,311,1,-1,-1,-1
1602,672,1478,765,441,312,1,-1,-1,-1
1603,672,1477,765,441,312,1,-1,-1,-1
1604,672,1477,765,441,312,1,-1,-1,-1
1605,672,1477,765,441,311,1,-1,-1,-1
1606,672,1477,765,441,311,1,-1,-1,-1
1607,672,1478,765,439,310,1,-1,-1,-1
1608,672,1478,765,440,310,1,-1,-1,-1
1609,672,1478,764,441,310,1,-1,-1,-1
1610,672,1478,764,441,310,1,-1,-1,-1
1611,672,1479,765,439,309,1,-1,-1,-1
1612,672,1479,765,440,309,1,-1,-1,-1
1613,672,1477,765,441,309,1,-1,-1,-1
1614,672,1477,766,441,310,1,-1,-1,-1
1615,672,1477,765,441,310,1,-1,-1,-1
1616,672,1477,766,441,309,1,-1,-1,-1
1617,672,1477,766,441,309,1,-1,-1,-1
1618,672,1477,766,441,310,1,-1,-1,-1
1619,672,1477,766,441,310,1,-1,-1,-1
1620,672,1477,766,441,310,1,-1,-1,-1
1621,672,1479,764,439,311,1,-1,-1,-1
1622,672,1479,764,439,311,1,-1,-1,-1
1623,672,1479,764,439,311,1,-1,-1,-1
1624,672,1479,763,439,311,1,-1,-1,-1
1625,672,1477,765,441,311,1,-1,-1,-1
1626,672,1477,764,440,311,1,-1,-1,-1
1627,672,1477,765,440,311,1,-1,-1,-1
1628,672,1477,765,441,311,1,-1,-1,-1
1629,672,1477,765,441,310,1,-1,-1,-1
1630,672,1477,765,441,310,1,-1,-1,-1
1631,672,1477,764,442,310,1,-1,-1,-1
1632,672,1477,764,442,310,1,-1,-1,-1
1633,672,1479,764,439,310,1,-1,-1,-1
1634,672,1479,764,439,310,1,-1,-1,-1
1635,672,1480,763,439,310,1,-1,-1,-1
1636,672,1480,764,439,310,1,-1,-1,-1
1637,672,1478,765,439,310,1,-1,-1,-1
1638,672,1478,765,440,311,1,-1,-1,-1
1639,672,1477,765,441,311,1,-1,-1,-1
1640,672,1477,765,441,310,1,-1,-1,-1
1641,672,1479,765,439,310,1,-1,-1,-1
1642,672,1479,764,439,310,1,-1,-1,-1
1643,672,1479,764,439,310,1,-1,-1,-1
1644,672,1479,764,439,310,1,-1,-1,-1
1645,672,1479,764,439,310,1,-1,-1,-1
1646,672,1479,763,439,310,1,-1,-1,-1
1647,672,1479,763,439,310,1,-1,-1,-1
1648,672,1479,763,439,309,1,-1,-1,-1
1649,672,1479,764,439,309,1,-1,-1,-1
1650,672,1479,764,439,309,1,-1,-1,-1
1651,672,1478,764,440,309,1,-1,-1,-1
1652,672,1479,764,439,309,1,-1,-1,-1
1653,672,1479,764,439,309,1,-1,-1,-1
1654,672,1479,765,439,309,1,-1,-1,-1
1655,672,1479,764,440,309,1,-1,-1,-1
1656,672,1478,764,440,310,1,-1,-1,-1
1657,672,1479,764,439,310,1,-1,-1,-1
1658,672,1477,765,440,311,1,-1,-1,-1
1659,672,1479,764,439,310,1,-1,-1,-1
1660,672,1479,764,440,310,1,-1,-1,-1
1661,672,1479,763,439,310,1,-1,-1,-1
1662,672,1479,764,439,310,1,-1,-1,-1
1663,672,1479,764,439,310,1,-1,-1,-1
1664,672,1478,765,440,311,1,-1,-1,-1
1665,672,1478,765,440,311,1,-1,-1,-1
1666,672,1477,765,440,311,1,-1,-1,-1
1667,672,1478,764,440,311,1,-1,-1,-1
1668,672,1478,765,440,311,1,-1,-1,-1
1669,672,1478,765,440,311,1,-1,-1,-1
1670,672,1479,764,439,310,1,-1,-1,-1
1671,672,1479,764,439,310,1,-1,-1,-1
1672,672,1478,765,440,310,1,-1,-1,-1
1673,672,1479,764,439,310,1,-1,-1,-1
1674,672,1479,764,439,310,1,-1,-1,-1
1675,672,1480,765,439,310,1,-1,-1,-1
1676,672,1479,764,439,310,1,-1,-1,-1
1677,672,1479,764,439,310,1,-1,-1,-1
1678,672,1480,765,439,309,1,-1,-1,-1
1679,672,1479,764,439,310,1,-1,-1,-1
1680,672,1478,765,440,310,1,-1,-1,-1
1681,672,1477,765,441,311,1,-1,-1,-1
1682,672,1479,764,440,309,1,-1,-1,-1
1683,672,1478,764,440,309,1,-1,-1,-1
1684,672,1479,763,440,309,1,-1,-1,-1
1685,672,1479,763,439,309,1,-1,-1,-1
1686,672,1479,763,439,309,1,-1,-1,-1
1687,672,1479,763,439,309,1,-1,-1,-1
1688,672,1477,765,441,311,1,-1,-1,-1
1689,672,1478,765,440,311,1,-1,-1,-1
1690,672,1478,765,440,310,1,-1,-1,-1
1691,672,1479,766,439,310,1,-1,-1,-1
1692,672,1479,766,439,310,1,-1,-1,-1
1693,672,1479,766,439,310,1,-1,-1,-1
1694,672,1480,764,438,310,1,-1,-1,-1
1695,672,1480,764,438,310,1,-1,-1,-1
1696,672,1480,764,439,310,1,-1,-1,-1
1697,672,1478,764,440,310,1,-1,-1,-1
1698,672,1478,764,440,310,1,-1,-1,-1
1699,672,1478,764,440,310,1,-1,-1,-1
1700,672,1479,764,440,310,1,-1,-1,-1
1701,672,1479,765,439,309,1,-1,-1,-1
1702,672,1478,766,440,310,1,-1,-1,-1
1703,672,1478,766,439,309,1,-1,-1,-1
1704,672,1479,766,439,310,1,-1,-1,-1
1705,672,1478,765,440,310,1,-1,-1,-1
1706,672,1478,765,439,310,1,-1,-1,-1
1707,672,1478,765,440,310,1,-1,-1,-1
1708,672,1477,765,441,310,1,-1,-1,-1
1709,672,1477,765,440,310,1,-1,-1,-1
1710,672,1477,765,441,310,1,-1,-1,-1
1711,672,1478,764,440,309,1,-1,-1,-1
1712,672,1478,764,440,310,1,-1,-1,-1
1713,672,1478,764,440,309,1,-1,-1,-1
1714,672,1479,764,439,310,1,-1,-1,-1
1715,672,1477,766,442,309,1,-1,-1,-1
1716,672,1477,766,440,310,1,-1,-1,-1
1717,672,1477,765,441,310,1,-1,-1,-1
1718,672,1477,765,441,310,1,-1,-1,-1
1719,672,1477,765,441,311,1,-1,-1,-1
1720,672,1477,764,441,311,1,-1,-1,-1
1721,672,1479,764,439,310,1,-1,-1,-1
1722,672,1478,764,440,311,1,-1,-1,-1
1723,672,1478,764,440,310,1,-1,-1,-1
1724,672,1478,764,441,310,1,-1,-1,-1
1725,672,1476,766,442,309,1,-1,-1,-1
1726,672,1478,765,440,309,1,-1,-1,-1
1727,672,1477,766,441,309,1,-1,-1,-1
1728,672,1477,766,441,310,1,-1,-1,-1
1729,672,1477,765,441,311,1,-1,-1,-1
1730,672,1478,765,440,311,1,-1,-1,-1
1731,672,1479,765,439,310,1,-1,-1,-1
1732,672,1481,764,438,310,1,-1,-1,-1
1733,672,1481,765,437,310,1,-1,-1,-1
1734,672,1480,765,438,309,1,-1,-1,-1
1735,672,1480,765,438,309,1,-1,-1,-1
1736,672,1480,765,438,309,1,-1,-1,-1
1737,672,1480,765,438,308,1,-1,-1,-1
1738,672,1480,764,438,309,1,-1,-1,-1
1739,672,1478,765,441,310,1,-1,-1,-1
1740,672,1477,765,442,309,1,-1,-1,-1
1741,672,1476,765,442,310,1,-1,-1,-1
1742,672,1476,766,442,310,1,-1,-1,-1
1743,672,1476,766,442,310,1,-1,-1,-1
1744,672,1476,765,442,310,1,-1,-1,-1
1745,672,1478,764,440,310,1,-1,-1,-1
1746,672,1479,764,439,310,1,-1,-1,-1
1747,672,1479,765,438,309,1,-1,-1,-1
1748,672,1480,764,438,309,1,-1,-1,-1
1749,672,1480,764,438,310,1,-1,-1,-1
1750,672,1480,764,438,310,1,-1,-1,-1
1751,672,1480,764,438,310,1,-1,-1,-1
1752,672,1479,764,439,310,1,-1,-1,-1
1753,672,1479,764,439,310,1,-1,-1,-1
1754,672,1477,765,441,311,1,-1,-1,-1
1755,672,1477,765,441,311,1,-1,-1,-1
1756,672,1477,765,441,311,1,-1,-1,-1
1757,672,1478,764,440,310,1,-1,-1,-1
1758,672,1477,765,441,311,1,-1,-1,-1
1759,672,1479,763,439,311,1,-1,-1,-1
1760,672,1479,763,439,311,1,-1,-1,-1
1761,672,1479,764,439,310,1,-1,-1,-1
1762,672,1479,763,439,310,1,-1,-1,-1
1763,672,1479,764,439,310,1,-1,-1,-1
1764,672,1479,764,439,310,1,-1,-1,-1
1765,672,1479,764,439,310,1,-1,-1,-1
1766,672,1479,764,439,309,1,-1,-1,-1
1767,672,1479,764,439,309,1,-1,-1,-1
1768,672,1478,764,440,309,1,-1,-1,-1
1769,672,1479,764,439,309,1,-1,-1,-1
1770,672,1478,764,440,310,1,-1,-1,-1
1771,672,1479,765,440,309,1,-1,-1,-1
1772,672,1478,765,440,309,1,-1,-1,-1
1773,672,1479,765,439,309,1,-1,-1,-1
1774,672,1479,764,439,309,1,-1,-1,-1
1775,672,1479,765,439,309,1,-1,-1,-1
1776,672,1479,764,439,309,1,-1,-1,-1
1777,672,1479,765,438,309,1,-1,-1,-1
1778,672,1479,765,439,309,1,-1,-1,-1
1779,672,1479,765,439,309,1,-1,-1,-1
1780,672,1479,764,439,309,1,-1,-1,-1
1781,672,1479,764,439,309,1,-1,-1,-1
1782,672,1479,764,439,310,1,-1,-1,-1
1783,672,1479,764,439,310,1,-1,-1,-1
1784,672,1479,763,439,310,1,-1,-1,-1
1785,672,1479,763,439,310,1,-1,-1,-1
1786,672,1479,763,439,310,1,-1,-1,-1
1787,672,1480,763,438,310,1,-1,-1,-1
1788,672,1481,763,437,310,1,-1,-1,-1
1789,672,1480,763,437,310,1,-1,-1,-1
1790,672,1480,763,438,309,1,-1,-1,-1
1791,672,1481,764,437,309,1,-1,-1,-1
1792,672,1480,764,437,309,1,-1,-1,-1
1793,672,1480,764,438,309,1,-1,-1,-1
1794,672,1479,765,439,311,1,-1,-1,-1
1795,672,1479,765,439,310,1,-1,-1,-1
1796,672,1478,764,440,311,1,-1,-1,-1
1797,672,1478,764,440,311,1,-1,-1,-1
1798,672,1478,764,440,311,1,-1,-1,-1
1799,672,1478,764,440,311,1,-1,-1,-1
1800,672,1478,765,439,311,1,-1,-1,-1
1801,672,1479,764,438,310,1,-1,-1,-1
1802,672,1479,764,438,310,1,-1,-1,-1
1803,672,1480,764,438,310,1,-1,-1,-1
1804,672,1480,764,438,310,1,-1,-1,-1
1805,672,1480,764,438,310,1,-1,-1,-1
1806,672,1479,764,439,310,1,-1,-1,-1
1807,672,1479,764,439,310,1,-1,-1,-1
1808,672,1479,763,439,311,1,-1,-1,-1
1809,672,1479,763,439,311,1,-1,-1,-1
1810,672,1479,763,439,311,1,-1,-1,-1
1811,672,1478,764,440,310,1,-1,-1,-1
1812,672,1479,764,439,309,1,-1,-1,-1
1813,672,1479,762,440,311,1,-1,-1,-1
1814,672,1477,762,441,313,1,-1,-1,-1
1815,672,1474,761,443,314,1,-1,-1,-1
1816,672,1473,761,444,315,1,-1,-1,-1
1817,672,1472,759,445,318,1,-1,-1,-1
1818,672,1471,755,447,322,1,-1,-1,-1
1819,672,1470,754,447,324,1,-1,-1,-1
1820,672,1468,750,449,327,1,-1,-1,-1
1821,672,1467,747,449,330,1,-1,-1,-1
1822,672,1464,743,453,334,1,-1,-1,-1
1823,672,1461,740,457,337,1,-1,-1,-1
1824,672,1458,735,461,340,1,-1,-1,-1
1825,672,1450,731,470,345,1,-1,-1,-1
1826,672,1447,721,471,356,1,-1,-1,-1
1827,672,1440,713,479,362,1,-1,-1,-1
1828,672,1431,703,487,372,1,-1,-1,-1
1829,672,1421,694,498,380,1,-1,-1,-1
1830,672,1407,685,513,388,1,-1,-1,-1
1831,672,1398,672,521,404,1,-1,-1,-1
1832,672,1383,660,536,418,1,-1,-1,-1
1833,672,1366,648,553,429,1,-1,-1,-1
1834,672,1347,638,560,420,1,-1,-1,-1
1835,672,1326,625,556,413,1,-1,-1,-1
1836,672,1301,613,557,403,1,-1,-1,-1
1837,672,1278,602,556,392,1,-1,-1,-1
1838,672,1247,588,556,388,1,-1,-1,-1
1839,672,1217,575,555,377,1,-1,-1,-1
1840,672,1187,565,555,365,1,-1,-1,-1
1841,672,1153,553,556,358,1,-1,-1,-1
1842,672,1117,541,557,349,1,-1,-1,-1
1843,672,1086,527,550,344,1,-1,-1,-1
1844,672,1045,517,553,333,1,-1,-1,-1
1845,672,1005,508,552,326,1,-1,-1,-1
1846,672,965,494,551,317,1,-1,-1,-1
1847,672,921,487,549,308,1,-1,-1,-1
1848,672,877,476,548,302,1,-1,-1,-1
1849,672,831,470,547,292,1,-1,-1,-1
1850,672,794,460,534,287,1,-1,-1,-1
1851,672,741,452,536,281,1,-1,-1,-1
1852,672,694,447,537,272,1,-1,-1,-1
1853,672,646,440,535,266,1,-1,-1,-1
1854,672,600,434,526,259,1,-1,-1,-1
1855,672,547,430,525,252,1,-1,-1,-1
1856,672,503,421,519,249,1,-1,-1,-1
1857,672,451,419,520,244,1,-1,-1,-1
1858,672,398,415,515,239,1,-1,-1,-1
1859,672,347,412,513,234,1,-1,-1,-1
1860,672,298,408,500,229,1,-1,-1,-1
1861,672,245,404,504,229,1,-1,-1,-1
1862,672,194,405,492,220,1,-1,-1,-1
1863,672,142,400,483,218,1,-1,-1,-1
1864,672,90,399,480,217,1,-1,-1,-1
1865,672,38,400,470,211,1,-1,-1,-1
1866,672,0,400,450,209,1,-1,-1,-1
1867,672,1,398,390,208,1,-1,-1,-1
1868,672,1,401,328,200,1,-1,-1,-1
1869,672,0,400,148,191,1,-1,-1,-1
1089,675,473,216,114,116,1,-1,-1,-1
1090,675,456,221,122,124,1,-1,-1,-1
1091,675,437,229,127,130,1,-1,-1,-1
1092,675,420,243,128,133,1,-1,-1,-1
1093,675,399,246,144,145,1,-1,-1,-1
1094,675,375,264,147,149,1,-1,-1,-1
1095,675,349,244,201,191,1,-1,-1,-1
1096,675,323,256,212,205,1,-1,-1,-1
1097,675,267,269,252,218,1,-1,-1,-1
1098,675,234,281,267,234,1,-1,-1,-1
1099,675,194,300,289,250,1,-1,-1,-1
1100,675,148,315,311,279,1,-1,-1,-1
1101,675,95,340,337,300,1,-1,-1,-1
1102,675,64,363,340,329,1,-1,-1,-1
1103,675,0,388,375,371,1,-1,-1,-1
1104,675,0,423,336,409,1,-1,-1,-1
1105,675,1,461,293,466,1,-1,-1,-1
1106,675,0,506,241,531,1,-1,-1,-1
1107,675,0,561,180,390,1,-1,-1,-1
1098,677,1700,159,54,27,1,-1,-1,-1
1099,677,1707,160,60,26,1,-1,-1,-1
1100,677,1726,158,55,27,1,-1,-1,-1
1101,677,1737,157,57,28,1,-1,-1,-1
1102,677,1750,155,54,29,1,-1,-1,-1
1103,677,1766,153,54,28,1,-1,-1,-1
1104,677,1776,152,52,28,1,-1,-1,-1
1105,677,1789,149,50,28,1,-1,-1,-1
1106,677,1800,148,47,29,1,-1,-1,-1
1108,677,1822,144,47,28,1,-1,-1,-1
1109,677,1831,136,59,36,1,-1,-1,-1
1110,677,1846,126,73,57,1,-1,-1,-1
1112,677,1857,129,59,49,1,-1,-1,-1
1105,680,1807,622,111,197,1,-1,-1,-1
1106,680,1734,559,185,255,1,-1,-1,-1
1107,680,1672,516,246,299,1,-1,-1,-1
1108,680,1615,480,304,299,1,-1,-1,-1
1109,680,1563,447,357,285,1,-1,-1,-1
1110,680,1520,418,386,265,1,-1,-1,-1
1111,680,1480,393,356,246,1,-1,-1,-1
1112,680,1445,370,329,228,1,-1,-1,-1
1113,680,1410,349,306,215,1,-1,-1,-1
1114,680,1381,331,285,203,1,-1,-1,-1
1115,680,1351,317,267,187,1,-1,-1,-1
1116,680,1328,301,250,177,1,-1,-1,-1
1117,680,1307,290,235,168,1,-1,-1,-1
1118,680,1285,277,222,159,1,-1,-1,-1
1119,680,1263,269,210,149,1,-1,-1,-1
1120,680,1246,260,198,140,1,-1,-1,-1
1121,680,1229,249,187,136,1,-1,-1,-1
1122,680,1216,242,174,129,1,-1,-1,-1
1123,680,1199,230,171,128,1,-1,-1,-1
1124,680,1185,223,162,121,1,-1,-1,-1
1125,680,1194,221,133,111,1,-1,-1,-1
1126,680,1163,210,146,111,1,-1,-1,-1
1127,680,1150,205,143,104,1,-1,-1,-1
1128,680,1142,200,136,102,1,-1,-1,-1
1129,680,1133,195,128,97,1,-1,-1,-1
1130,680,1120,190,128,95,1,-1,-1,-1
1131,680,1114,182,119,94,1,-1,-1,-1
1132,680,1105,179,118,90,1,-1,-1,-1
1133,680,1100,178,112,85,1,-1,-1,-1
1134,680,1096,174,104,82,1,-1,-1,-1
1135,680,1085,171,105,81,1,-1,-1,-1
1136,680,1079,165,103,80,1,-1,-1,-1
1137,680,1078,162,94,76,1,-1,-1,-1
1138,680,1068,159,95,76,1,-1,-1,-1
1139,680,1061,156,93,73,1,-1,-1,-1
1140,680,1058,153,90,72,1,-1,-1,-1
1141,680,1053,152,87,68,1,-1,-1,-1
1142,680,1048,149,86,66,1,-1,-1,-1
1143,680,1043,147,84,64,1,-1,-1,-1
1144,680,1039,145,81,63,1,-1,-1,-1
1145,680,1034,142,80,61,1,-1,-1,-1
1146,680,1033,141,75,59,1,-1,-1,-1
1147,680,1030,140,72,58,1,-1,-1,-1
1148,680,1026,140,71,56,1,-1,-1,-1
1149,680,1023,135,70,56,1,-1,-1,-1
1150,680,1018,134,70,55,1,-1,-1,-1
1151,680,1014,130,68,55,1,-1,-1,-1
1152,680,1012,129,67,53,1,-1,-1,-1
1153,680,1009,128,64,51,1,-1,-1,-1
1154,680,1006,127,64,50,1,-1,-1,-1
1155,680,1003,125,64,52,1,-1,-1,-1
1156,680,998,124,63,49,1,-1,-1,-1
1157,680,996,123,59,49,1,-1,-1,-1
1158,680,993,122,58,49,1,-1,-1,-1
1159,680,991,121,58,47,1,-1,-1,-1
1160,680,987,120,58,48,1,-1,-1,-1
1161,680,986,119,56,44,1,-1,-1,-1
1162,680,980,118,57,45,1,-1,-1,-1
1163,680,979,117,54,44,1,-1,-1,-1
1164,680,978,118,52,42,1,-1,-1,-1
1165,680,976,116,51,42,1,-1,-1,-1
1166,680,974,114,51,41,1,-1,-1,-1
1167,680,972,113,48,41,1,-1,-1,-1
1168,680,971,112,46,39,1,-1,-1,-1
1169,680,968,111,47,40,1,-1,-1,-1
1170,680,967,110,45,37,1,-1,-1,-1
1171,680,965,110,44,36,1,-1,-1,-1
1172,680,962,110,44,34,1,-1,-1,-1
1173,680,961,110,42,35,1,-1,-1,-1
1174,680,960,109,41,34,1,-1,-1,-1
1175,680,957,108,42,33,1,-1,-1,-1
1176,680,956,109,41,33,1,-1,-1,-1
1177,680,955,107,40,34,1,-1,-1,-1
1178,680,951,107,41,34,1,-1,-1,-1
1179,680,950,106,40,34,1,-1,-1,-1
1180,680,949,106,39,34,1,-1,-1,-1
1181,680,945,106,39,31,1,-1,-1,-1
1182,680,945,105,37,31,1,-1,-1,-1
1183,680,943,103,35,32,1,-1,-1,-1
1184,680,942,108,37,27,1,-1,-1,-1
1185,680,940,107,34,27,1,-1,-1,-1
1186,680,938,105,37,29,1,-1,-1,-1
1187,680,934,106,35,29,1,-1,-1,-1
1188,680,932,106,35,29,1,-1,-1,-1
1189,680,929,104,35,29,1,-1,-1,-1
1190,680,926,104,38,29,1,-1,-1,-1
1191,680,923,103,36,29,1,-1,-1,-1
1192,680,919,102,37,29,1,-1,-1,-1
1193,680,917,102,35,29,1,-1,-1,-1
1194,680,913,102,33,29,1,-1,-1,-1
1195,680,910,101,32,29,1,-1,-1,-1
1196,680,905,102,31,28,1,-1,-1,-1
1197,680,902,101,36,29,1,-1,-1,-1
1198,680,898,101,34,28,1,-1,-1,-1
1199,680,894,101,31,29,1,-1,-1,-1
1200,680,891,100,38,30,1,-1,-1,-1
1201,680,886,99,54,30,1,-1,-1,-1
1202,680,883,99,49,29,1,-1,-1,-1
1203,680,880,100,43,27,1,-1,-1,-1
1204,680,876,101,29,26,1,-1,-1,-1
1205,680,870,101,38,27,1,-1,-1,-1
1206,680,866,100,45,27,1,-1,-1,-1
1207,680,863,99,48,28,1,-1,-1,-1
1208,680,860,100,46,27,1,-1,-1,-1
1209,680,855,100,47,27,1,-1,-1,-1
1210,680,850,99,47,29,1,-1,-1,-1
1211,680,846,98,45,29,1,-1,-1,-1
1212,680,843,99,42,27,1,-1,-1,-1
1213,680,838,100,40,26,1,-1,-1,-1
1214,680,832,100,41,29,1,-1,-1,-1
1215,680,827,98,41,28,1,-1,-1,-1
1216,680,822,101,41,25,1,-1,-1,-1
1217,680,819,102,38,25,1,-1,-1,-1
1218,680,815,100,36,25,1,-1,-1,-1
1220,680,806,99,35,23,1,-1,-1,-1
1221,680,802,100,34,24,1,-1,-1,-1
1114,684,1847,130,49,27,1,-1,-1,-1
1115,684,1842,130,44,26,1,-1,-1,-1
1116,684,1834,131,44,25,1,-1,-1,-1
1117,684,1826,132,43,26,1,-1,-1,-1
1118,684,1818,133,47,26,1,-1,-1,-1
1119,684,1809,135,45,26,1,-1,-1,-1
1120,684,1801,138,46,23,1,-1,-1,-1
1121,684,1790,138,48,24,1,-1,-1,-1
1122,684,1782,141,45,23,1,-1,-1,-1
1123,684,1774,142,48,24,1,-1,-1,-1
1124,684,1763,144,49,25,1,-1,-1,-1
1125,684,1749,146,52,23,1,-1,-1,-1
1126,684,1739,146,57,26,1,-1,-1,-1
1127,684,1729,146,52,29,1,-1,-1,-1
1128,684,1720,149,55,27,1,-1,-1,-1
1129,684,1706,152,56,26,1,-1,-1,-1
1130,684,1701,154,48,26,1,-1,-1,-1
1131,684,1698,157,40,26,1,-1,-1,-1
1120,687,1826,420,93,155,1,-1,-1,-1
1121,687,1763,388,157,180,1,-1,-1,-1
1122,687,1703,362,216,163,1,-1,-1,-1
1123,687,1653,338,256,157,1,-1,-1,-1
1124,687,1605,318,238,146,1,-1,-1,-1
1125,687,1562,300,222,137,1,-1,-1,-1
1126,687,1526,287,205,127,1,-1,-1,-1
1127,687,1491,271,194,123,1,-1,-1,-1
1128,687,1461,257,181,118,1,-1,-1,-1
1129,687,1431,248,172,111,1,-1,-1,-1
1130,687,1404,235,162,107,1,-1,-1,-1
1131,687,1380,227,152,100,1,-1,-1,-1
1132,687,1358,222,142,92,1,-1,-1,-1
1133,687,1337,213,136,90,1,-1,-1,-1
1134,687,1318,207,130,84,1,-1,-1,-1
1135,687,1299,202,123,80,1,-1,-1,-1
1136,687,1282,192,118,80,1,-1,-1,-1
1137,687,1267,186,114,76,1,-1,-1,-1
1138,687,1254,181,106,74,1,-1,-1,-1
1139,687,1240,178,103,70,1,-1,-1,-1
1140,687,1226,174,101,65,1,-1,-1,-1
1141,687,1217,168,93,66,1,-1,-1,-1
1142,687,1204,161,93,65,1,-1,-1,-1
1143,687,1196,162,86,60,1,-1,-1,-1
1144,687,1191,160,78,57,1,-1,-1,-1
1145,687,1175,154,82,56,1,-1,-1,-1
1146,687,1170,151,74,55,1,-1,-1,-1
1147,687,1157,146,76,56,1,-1,-1,-1
1148,687,1153,144,69,55,1,-1,-1,-1
1149,687,1145,144,68,51,1,-1,-1,-1
1150,687,1134,139,71,50,1,-1,-1,-1
1151,687,1130,138,65,47,1,-1,-1,-1
1152,687,1124,138,63,45,1,-1,-1,-1
1153,687,1120,134,60,45,1,-1,-1,-1
1154,687,1112,129,62,47,1,-1,-1,-1
1155,687,1107,129,59,45,1,-1,-1,-1
1156,687,1102,128,57,43,1,-1,-1,-1
1157,687,1095,125,57,43,1,-1,-1,-1
1158,687,1092,125,53,39,1,-1,-1,-1
1159,687,1084,124,57,41,1,-1,-1,-1
1160,687,1080,120,55,41,1,-1,-1,-1
1161,687,1074,120,53,39,1,-1,-1,-1
1162,687,1071,118,52,39,1,-1,-1,-1
1163,687,1067,119,51,37,1,-1,-1,-1
1164,687,1064,116,49,37,1,-1,-1,-1
1165,687,1061,113,46,36,1,-1,-1,-1
1166,687,1058,113,44,34,1,-1,-1,-1
1167,687,1055,112,43,32,1,-1,-1,-1
1168,687,1051,111,43,32,1,-1,-1,-1
1169,687,1047,109,43,33,1,-1,-1,-1
1170,687,1044,110,43,31,1,-1,-1,-1
1171,687,1039,107,42,34,1,-1,-1,-1
1172,687,1035,107,41,33,1,-1,-1,-1
1173,687,1032,107,39,31,1,-1,-1,-1
1174,687,1029,106,39,31,1,-1,-1,-1
1175,687,1026,105,38,31,1,-1,-1,-1
1176,687,1023,104,38,32,1,-1,-1,-1
1177,687,1017,102,39,35,1,-1,-1,-1
1178,687,1015,103,38,31,1,-1,-1,-1
1179,687,1011,102,37,31,1,-1,-1,-1
1180,687,1008,103,37,30,1,-1,-1,-1
1181,687,1005,102,35,28,1,-1,-1,-1
1182,687,1003,103,33,26,1,-1,-1,-1
1183,687,997,101,35,27,1,-1,-1,-1
1184,687,995,100,37,28,1,-1,-1,-1
1185,687,989,100,36,28,1,-1,-1,-1
1188,687,976,96,30,29,1,-1,-1,-1
1192,687,961,98,33,32,1,-1,-1,-1
1193,687,963,106,44,29,1,-1,-1,-1
1133,688,700,128,34,36,1,-1,-1,-1
1134,688,679,129,55,40,1,-1,-1,-1
1135,688,687,128,44,42,1,-1,-1,-1
1136,688,688,130,42,42,1,-1,-1,-1
1137,688,685,129,44,49,1,-1,-1,-1
1138,688,680,134,47,44,1,-1,-1,-1
1139,688,678,132,45,45,1,-1,-1,-1
1140,688,673,131,49,50,1,-1,-1,-1
1141,688,665,133,56,48,1,-1,-1,-1
1142,688,661,133,56,54,1,-1,-1,-1
1143,688,660,135,57,55,1,-1,-1,-1
1144,688,660,142,52,48,1,-1,-1,-1
1145,688,656,143,53,50,1,-1,-1,-1
1146,688,650,145,56,51,1,-1,-1,-1
1147,688,649,147,56,53,1,-1,-1,-1
1148,688,642,148,60,55,1,-1,-1,-1
1149,688,637,149,61,56,1,-1,-1,-1
1150,688,632,152,63,57,1,-1,-1,-1
1151,688,628,153,64,59,1,-1,-1,-1
1152,688,625,154,63,63,1,-1,-1,-1
1153,688,616,157,70,65,1,-1,-1,-1
1154,688,610,160,74,65,1,-1,-1,-1
1155,688,606,162,74,68,1,-1,-1,-1
1156,688,600,165,74,70,1,-1,-1,-1
1157,688,593,167,77,73,1,-1,-1,-1
1158,688,587,170,79,77,1,-1,-1,-1
1159,688,578,175,82,79,1,-1,-1,-1
1160,688,570,177,86,84,1,-1,-1,-1
1161,688,561,181,89,87,1,-1,-1,-1
1162,688,552,186,91,89,1,-1,-1,-1
1163,688,541,191,96,91,1,-1,-1,-1
1164,688,533,195,100,98,1,-1,-1,-1
1165,688,523,201,101,100,1,-1,-1,-1
1166,688,509,207,109,104,1,-1,-1,-1
1167,688,497,215,110,107,1,-1,-1,-1
1168,688,483,221,118,112,1,-1,-1,-1
1169,688,467,228,123,119,1,-1,-1,-1
1170,688,452,238,127,123,1,-1,-1,-1
1171,688,434,245,133,132,1,-1,-1,-1
1172,688,414,256,141,140,1,-1,-1,-1
1173,688,390,268,151,149,1,-1,-1,-1
1174,688,366,281,161,158,1,-1,-1,-1
1175,688,341,293,170,171,1,-1,-1,-1
1176,688,311,309,182,183,1,-1,-1,-1
1177,688,275,329,195,193,1,-1,-1,-1
1178,688,236,348,211,210,1,-1,-1,-1
1179,688,194,373,225,229,1,-1,-1,-1
1180,688,141,398,250,255,1,-1,-1,-1
1181,688,81,432,273,278,1,-1,-1,-1
1182,688,7,473,305,306,1,-1,-1,-1
1183,688,0,524,262,332,1,-1,-1,-1
1184,688,1,576,206,385,1,-1,-1,-1
1185,688,0,646,137,429,1,-1,-1,-1
1137,689,1806,657,112,160,1,-1,-1,-1
1138,689,1717,583,202,228,1,-1,-1,-1
1139,689,1640,525,279,212,1,-1,-1,-1
1140,689,1575,478,310,191,1,-1,-1,-1
1141,689,1519,440,284,175,1,-1,-1,-1
1142,689,1470,409,256,158,1,-1,-1,-1
1143,689,1431,380,230,145,1,-1,-1,-1
1144,689,1392,356,213,134,1,-1,-1,-1
1145,689,1359,333,197,128,1,-1,-1,-1
1146,689,1329,317,182,116,1,-1,-1,-1
1147,689,1303,300,168,108,1,-1,-1,-1
1148,689,1278,286,160,101,1,-1,-1,-1
1149,689,1258,273,150,95,1,-1,-1,-1
1150,689,1239,259,140,92,1,-1,-1,-1
1151,689,1221,248,132,87,1,-1,-1,-1
1152,689,1204,239,125,82,1,-1,-1,-1
1153,689,1193,230,118,78,1,-1,-1,-1
1154,689,1176,220,114,76,1,-1,-1,-1
1155,689,1163,213,111,73,1,-1,-1,-1
1156,689,1151,206,105,71,1,-1,-1,-1
1157,689,1139,201,102,67,1,-1,-1,-1
1158,689,1132,193,95,68,1,-1,-1,-1
1159,689,1119,187,95,67,1,-1,-1,-1
1160,689,1111,184,90,61,1,-1,-1,-1
1161,689,1102,177,85,60,1,-1,-1,-1
1162,689,1096,169,82,62,1,-1,-1,-1
1163,689,1088,170,81,56,1,-1,-1,-1
1164,689,1081,168,78,53,1,-1,-1,-1
1165,689,1074,159,76,57,1,-1,-1,-1
1166,689,1069,153,75,58,1,-1,-1,-1
1167,689,1060,153,76,53,1,-1,-1,-1
1168,689,1059,153,68,49,1,-1,-1,-1
1169,689,1054,152,68,46,1,-1,-1,-1
1170,689,1050,152,64,43,1,-1,-1,-1
1171,689,1045,149,61,43,1,-1,-1,-1
1172,689,1039,146,62,42,1,-1,-1,-1
1173,689,1032,140,64,44,1,-1,-1,-1
1174,689,1028,140,62,43,1,-1,-1,-1
1175,689,1026,135,58,43,1,-1,-1,-1
1176,689,1024,135,54,40,1,-1,-1,-1
1177,689,1022,137,51,37,1,-1,-1,-1
1178,689,1019,136,51,34,1,-1,-1,-1
1179,689,1013,131,52,40,1,-1,-1,-1
1180,689,1009,131,52,36,1,-1,-1,-1
1181,689,1006,132,51,33,1,-1,-1,-1
1182,689,1005,132,47,32,1,-1,-1,-1
1183,689,999,130,49,31,1,-1,-1,-1
1184,689,997,126,45,33,1,-1,-1,-1
1185,689,995,126,44,32,1,-1,-1,-1
1186,689,991,122,46,32,1,-1,-1,-1
1187,689,988,120,44,33,1,-1,-1,-1
1188,689,984,119,45,32,1,-1,-1,-1
1189,689,980,116,44,34,1,-1,-1,-1
1190,689,980,117,42,31,1,-1,-1,-1
1191,689,980,115,38,30,1,-1,-1,-1
1192,689,976,115,40,29,1,-1,-1,-1
1193,689,975,115,37,28,1,-1,-1,-1
1194,689,972,114,37,28,1,-1,-1,-1
1195,689,969,114,37,27,1,-1,-1,-1
1196,689,966,115,37,26,1,-1,-1,-1
1197,689,962,110,39,30,1,-1,-1,-1
1198,689,960,111,35,28,1,-1,-1,-1
1199,689,958,111,36,28,1,-1,-1,-1
1200,689,955,112,35,26,1,-1,-1,-1
1201,689,952,111,37,26,1,-1,-1,-1
1202,689,948,110,37,26,1,-1,-1,-1
1203,689,946,110,36,26,1,-1,-1,-1
1204,689,944,109,36,26,1,-1,-1,-1
1205,689,942,110,33,24,1,-1,-1,-1
1206,689,940,109,32,25,1,-1,-1,-1
1207,689,938,109,31,25,1,-1,-1,-1
1208,689,935,109,32,24,1,-1,-1,-1
1209,689,932,108,32,25,1,-1,-1,-1
1210,689,930,107,32,25,1,-1,-1,-1
1211,689,926,106,32,25,1,-1,-1,-1
1212,689,923,107,32,25,1,-1,-1,-1
1213,689,919,106,30,25,1,-1,-1,-1
1214,689,917,105,29,26,1,-1,-1,-1
1215,689,913,106,29,25,1,-1,-1,-1
1216,689,908,106,31,25,1,-1,-1,-1
1217,689,905,107,31,24,1,-1,-1,-1
1218,689,902,107,30,24,1,-1,-1,-1
1219,689,898,107,32,23,1,-1,-1,-1
1220,689,895,107,30,23,1,-1,-1,-1
1221,689,892,105,29,24,1,-1,-1,-1
1222,689,889,105,32,24,1,-1,-1,-1
1223,689,883,106,33,24,1,-1,-1,-1
1224,689,881,106,29,25,1,-1,-1,-1
1225,689,877,105,30,25,1,-1,-1,-1
1226,689,873,106,29,25,1,-1,-1,-1
1227,689,869,106,28,24,1,-1,-1,-1
1228,689,866,106,29,24,1,-1,-1,-1
1229,689,860,105,33,25,1,-1,-1,-1
1230,689,856,105,29,25,1,-1,-1,-1
1148,690,1848,130,42,26,1,-1,-1,-1
1149,690,1843,132,43,26,1,-1,-1,-1
1150,690,1832,134,50,25,1,-1,-1,-1
1151,690,1824,137,43,22,1,-1,-1,-1
1152,690,1814,139,44,23,1,-1,-1,-1
1153,690,1807,138,46,24,1,-1,-1,-1
1154,690,1798,141,45,23,1,-1,-1,-1
1155,690,1787,143,44,23,1,-1,-1,-1
1156,690,1775,144,47,25,1,-1,-1,-1
1157,690,1765,145,48,25,1,-1,-1,-1
1158,690,1751,148,52,26,1,-1,-1,-1
1159,690,1740,150,53,26,1,-1,-1,-1
1160,690,1728,150,51,27,1,-1,-1,-1
1161,690,1714,153,56,25,1,-1,-1,-1
1162,690,1703,155,53,26,1,-1,-1,-1
1163,690,1700,157,44,25,1,-1,-1,-1
1164,690,1700,159,32,25,1,-1,-1,-1
1159,691,650,106,36,26,1,-1,-1,-1
1160,691,651,108,37,27,1,-1,-1,-1
1161,691,653,108,37,26,1,-1,-1,-1
1162,691,656,108,38,28,1,-1,-1,-1
1163,691,657,107,41,26,1,-1,-1,-1
1164,691,659,108,42,26,1,-1,-1,-1
1165,691,660,109,43,25,1,-1,-1,-1
1166,691,664,109,43,25,1,-1,-1,-1
1167,691,664,109,45,26,1,-1,-1,-1
1168,691,663,111,49,25,1,-1,-1,-1
1169,691,665,111,50,25,1,-1,-1,-1
1170,691,672,112,47,23,1,-1,-1,-1
1171,691,680,110,40,24,1,-1,-1,-1
1172,691,683,111,41,24,1,-1,-1,-1
1173,691,686,111,41,24,1,-1,-1,-1
1174,691,689,111,42,24,1,-1,-1,-1
1175,691,691,111,42,25,1,-1,-1,-1
1176,691,693,110,44,25,1,-1,-1,-1
1177,691,695,109,48,25,1,-1,-1,-1
1178,691,697,109,48,26,1,-1,-1,-1
1179,691,701,110,49,25,1,-1,-1,-1
1180,691,702,109,48,28,1,-1,-1,-1
1181,691,704,110,49,28,1,-1,-1,-1
1182,691,706,110,51,27,1,-1,-1,-1
1183,691,708,111,55,26,1,-1,-1,-1
1184,691,710,111,55,26,1,-1,-1,-1
1185,691,711,111,55,26,1,-1,-1,-1
1186,691,711,114,58,24,1,-1,-1,-1
1187,691,713,114,47,25,1,-1,-1,-1
1188,691,720,114,52,24,1,-1,-1,-1
1189,691,716,115,37,25,1,-1,-1,-1
1190,691,716,115,40,25,1,-1,-1,-1
1191,691,717,117,32,24,1,-1,-1,-1
1192,691,719,119,30,22,1,-1,-1,-1
1193,691,720,119,31,22,1,-1,-1,-1
1194,691,720,120,30,23,1,-1,-1,-1
1195,691,719,120,34,23,1,-1,-1,-1
1196,691,719,120,33,25,1,-1,-1,-1
1197,691,719,119,33,26,1,-1,-1,-1
1198,691,718,120,34,26,1,-1,-1,-1
1199,691,718,120,33,26,1,-1,-1,-1
1200,691,717,118,33,26,1,-1,-1,-1
1201,691,716,116,35,29,1,-1,-1,-1
1202,691,714,117,36,28,1,-1,-1,-1
1203,691,712,118,36,28,1,-1,-1,-1
1204,691,713,117,36,31,1,-1,-1,-1
1205,691,711,118,36,31,1,-1,-1,-1
1206,691,710,117,37,32,1,-1,-1,-1
1207,691,710,117,37,33,1,-1,-1,-1
1208,691,707,119,39,33,1,-1,-1,-1
1209,691,705,120,39,32,1,-1,-1,-1
1210,691,704,121,39,32,1,-1,-1,-1
1211,691,703,124,38,31,1,-1,-1,-1
1212,691,699,124,40,32,1,-1,-1,-1
1213,691,698,127,41,30,1,-1,-1,-1
1214,691,695,128,42,30,1,-1,-1,-1
1215,691,692,128,42,31,1,-1,-1,-1
1216,691,689,127,45,33,1,-1,-1,-1
1217,691,689,127,43,36,1,-1,-1,-1
1218,691,686,128,44,37,1,-1,-1,-1
1219,691,684,129,43,38,1,-1,-1,-1
1220,691,681,129,43,41,1,-1,-1,-1
1221,691,678,131,46,42,1,-1,-1,-1
1222,691,675,132,47,43,1,-1,-1,-1
1223,691,673,135,48,42,1,-1,-1,-1
1224,691,669,138,49,40,1,-1,-1,-1
1225,691,666,140,50,41,1,-1,-1,-1
1226,691,662,139,51,45,1,-1,-1,-1
1227,691,658,141,52,45,1,-1,-1,-1
1228,691,654,146,54,44,1,-1,-1,-1
1229,691,649,148,57,45,1,-1,-1,-1
1230,691,645,149,57,47,1,-1,-1,-1
1191,700,240,266,63,28,1,-1,-1,-1
1192,700,217,266,72,31,1,-1,-1,-1
1193,700,188,268,82,31,1,-1,-1,-1
1194,700,157,269,86,30,1,-1,-1,-1
1195,700,131,272,86,28,1,-1,-1,-1
1196,700,107,272,80,30,1,-1,-1,-1
1197,700,76,276,85,30,1,-1,-1,-1
1198,700,46,275,87,33,1,-1,-1,-1
1199,700,25,281,76,28,1,-1,-1,-1
1200,700,1,283,76,29,1,-1,-1,-1
1201,700,0,285,49,29,1,-1,-1,-1
1194,703,763,113,28,22,1,-1,-1,-1
1195,703,765,113,29,23,1,-1,-1,-1
1196,703,768,114,29,23,1,-1,-1,-1
1197,703,770,113,27,24,1,-1,-1,-1
1198,703,771,113,27,24,1,-1,-1,-1
1199,703,773,114,26,23,1,-1,-1,-1
1200,703,776,114,24,23,1,-1,-1,-1
1201,703,776,115,27,24,1,-1,-1,-1
1202,703,777,113,27,24,1,-1,-1,-1
1203,703,778,114,29,25,1,-1,-1,-1
1204,703,779,115,28,24,1,-1,-1,-1
1205,703,778,115,30,24,1,-1,-1,-1
1206,703,779,114,31,25,1,-1,-1,-1
1207,703,780,114,31,27,1,-1,-1,-1
1208,703,781,115,32,26,1,-1,-1,-1
1209,703,782,114,32,26,1,-1,-1,-1
1210,703,782,115,33,26,1,-1,-1,-1
1211,703,783,115,33,27,1,-1,-1,-1
1212,703,782,114,37,29,1,-1,-1,-1
1213,703,781,115,37,28,1,-1,-1,-1
1214,703,782,114,38,30,1,-1,-1,-1
1215,703,781,113,40,32,1,-1,-1,-1
1216,703,781,112,39,34,1,-1,-1,-1
1217,703,781,113,38,34,1,-1,-1,-1
1218,703,780,114,37,35,1,-1,-1,-1
1219,703,780,115,37,34,1,-1,-1,-1
1220,703,780,119,36,31,1,-1,-1,-1
1221,703,778,119,36,32,1,-1,-1,-1
1222,703,778,121,38,32,1,-1,-1,-1
1223,703,777,121,39,34,1,-1,-1,-1
1224,703,777,123,40,34,1,-1,-1,-1
1225,703,774,124,42,36,1,-1,-1,-1
1226,703,773,122,41,38,1,-1,-1,-1
1227,703,772,128,42,35,1,-1,-1,-1
1228,703,770,129,43,37,1,-1,-1,-1
1229,703,768,130,46,39,1,-1,-1,-1
1230,703,766,131,46,42,1,-1,-1,-1
1225,706,243,263,59,33,1,-1,-1,-1
1226,706,220,267,75,31,1,-1,-1,-1
1227,706,194,270,77,28,1,-1,-1,-1
1228,706,168,272,82,28,1,-1,-1,-1
1229,706,143,273,81,28,1,-1,-1,-1
1230,706,118,275,80,30,1,-1,-1,-1
1231,707,740,150,59,50,1,-1,-1,-1
1232,707,738,152,60,53,1,-1,-1,-1
1233,707,733,156,63,55,1,-1,-1,-1
1234,707,731,159,65,56,1,-1,-1,-1
1235,707,729,162,64,58,1,-1,-1,-1
1236,707,724,165,69,61,1,-1,-1,-1
1237,707,720,168,70,61,1,-1,-1,-1
1238,707,718,172,71,65,1,-1,-1,-1
1239,707,712,175,75,68,1,-1,-1,-1
1240,707,706,181,78,67,1,-1,-1,-1
1241,707,703,185,81,72,1,-1,-1,-1
1242,707,698,190,84,76,1,-1,-1,-1
1243,707,693,197,84,77,1,-1,-1,-1
1244,707,685,201,92,83,1,-1,-1,-1
1245,707,680,208,94,87,1,-1,-1,-1
1246,707,673,213,96,93,1,-1,-1,-1
1247,707,667,223,99,93,1,-1,-1,-1
1248,707,657,230,106,100,1,-1,-1,-1
1249,707,650,240,111,104,1,-1,-1,-1
1250,707,641,247,116,110,1,-1,-1,-1
1251,707,630,260,122,117,1,-1,-1,-1
1252,707,619,269,131,128,1,-1,-1,-1
1253,707,605,284,136,135,1,-1,-1,-1
1254,707,589,300,148,145,1,-1,-1,-1
1255,707,575,316,154,156,1,-1,-1,-1
1256,707,553,335,169,171,1,-1,-1,-1
1257,707,528,360,189,182,1,-1,-1,-1
1258,707,509,386,194,200,1,-1,-1,-1
1259,707,478,414,217,224,1,-1,-1,-1
1260,707,441,451,240,251,1,-1,-1,-1
1261,707,407,497,262,278,1,-1,-1,-1
1262,707,359,555,291,312,1,-1,-1,-1
1263,707,297,620,332,367,1,-1,-1,-1
1264,707,223,702,383,373,1,-1,-1,-1
1265,707,135,778,440,300,1,-1,-1,-1
1266,707,112,920,398,158,1,-1,-1,-1
1231,708,579,176,76,68,1,-1,-1,-1
1232,708,572,181,78,68,1,-1,-1,-1
1233,708,563,185,81,73,1,-1,-1,-1
1234,708,553,191,85,76,1,-1,-1,-1
1235,708,543,197,89,77,1,-1,-1,-1
1236,708,533,202,93,82,1,-1,-1,-1
1237,708,522,208,95,84,1,-1,-1,-1
1238,708,510,216,99,87,1,-1,-1,-1
1239,708,496,224,104,90,1,-1,-1,-1
1240,708,481,232,111,96,1,-1,-1,-1
1241,708,465,240,117,101,1,-1,-1,-1
1242,708,448,249,121,106,1,-1,-1,-1
1243,708,429,258,125,113,1,-1,-1,-1
1244,708,406,272,136,120,1,-1,-1,-1
1245,708,384,285,144,126,1,-1,-1,-1
1246,708,359,298,152,136,1,-1,-1,-1
1247,708,330,313,163,147,1,-1,-1,-1
1248,708,296,334,175,155,1,-1,-1,-1
1249,708,258,354,189,169,1,-1,-1,-1
1250,708,217,378,208,186,1,-1,-1,-1
1251,708,167,404,226,208,1,-1,-1,-1
1252,708,109,437,249,230,1,-1,-1,-1
1253,708,41,472,274,261,1,-1,-1,-1
1254,708,0,524,268,281,1,-1,-1,-1
1255,708,0,583,211,316,1,-1,-1,-1
1256,708,0,657,141,363,1,-1,-1,-1
1232,710,719,102,36,23,1,-1,-1,-1
1233,710,715,100,36,24,1,-1,-1,-1
1234,710,712,100,36,23,1,-1,-1,-1
1235,710,709,100,37,24,1,-1,-1,-1
1236,710,707,100,35,23,1,-1,-1,-1
1240,710,699,98,32,23,1,-1,-1,-1
1240,711,1900,307,19,56,1,-1,-1,-1
1241,711,1877,302,42,65,1,-1,-1,-1
1242,711,1855,302,64,69,1,-1,-1,-1
1243,711,1831,290,88,79,1,-1,-1,-1
1244,711,1807,277,112,90,1,-1,-1,-1
1245,711,1782,272,137,94,1,-1,-1,-1
1246,711,1758,268,161,95,1,-1,-1,-1
1247,711,1731,267,188,98,1,-1,-1,-1
1248,711,1702,264,217,103,1,-1,-1,-1
1249,711,1678,262,240,102,1,-1,-1,-1
1250,711,1651,260,250,103,1,-1,-1,-1
1251,711,1625,256,251,106,1,-1,-1,-1
1252,711,1597,255,248,104,1,-1,-1,-1
1253,711,1573,254,245,102,1,-1,-1,-1
1254,711,1544,248,245,105,1,-1,-1,-1
1255,711,1521,247,240,103,1,-1,-1,-1
1256,711,1494,246,236,102,1,-1,-1,-1
1257,711,1469,243,231,100,1,-1,-1,-1
1258,711,1444,239,233,98,1,-1,-1,-1
1259,711,1420,234,224,99,1,-1,-1,-1
1260,711,1396,233,220,96,1,-1,-1,-1
1261,711,1375,230,213,96,1,-1,-1,-1
1262,711,1350,228,211,96,1,-1,-1,-1
1263,711,1328,225,206,95,1,-1,-1,-1
1264,711,1311,223,197,93,1,-1,-1,-1
1265,711,1292,221,188,91,1,-1,-1,-1
1266,711,1276,217,182,93,1,-1,-1,-1
1267,711,1257,214,177,90,1,-1,-1,-1
1268,711,1242,210,168,90,1,-1,-1,-1
1269,711,1227,208,163,88,1,-1,-1,-1
1270,711,1213,207,155,83,1,-1,-1,-1
1271,711,1202,205,148,82,1,-1,-1,-1
1272,711,1190,201,142,83,1,-1,-1,-1
1273,711,1181,198,135,82,1,-1,-1,-1
1274,711,1172,195,131,82,1,-1,-1,-1
1275,711,1163,194,123,79,1,-1,-1,-1
1276,711,1155,189,117,79,1,-1,-1,-1
1277,711,1148,187,113,78,1,-1,-1,-1
1278,711,1139,185,111,76,1,-1,-1,-1
1279,711,1134,181,105,77,1,-1,-1,-1
1280,711,1127,180,102,76,1,-1,-1,-1
1254,714,1723,91,57,29,1,-1,-1,-1
1255,714,1725,91,56,28,1,-1,-1,-1
1256,714,1725,92,56,28,1,-1,-1,-1
1257,714,1725,92,56,28,1,-1,-1,-1
1259,714,1727,93,54,27,1,-1,-1,-1
1260,714,1727,93,54,27,1,-1,-1,-1
1261,714,1723,90,56,28,1,-1,-1,-1
1268,714,1726,91,55,27,1,-1,-1,-1
1269,714,1728,91,53,27,1,-1,-1,-1
1270,714,1728,91,53,27,1,-1,-1,-1
1281,718,1075,160,75,60,1,-1,-1,-1
1282,718,1069,156,76,63,1,-1,-1,-1
1283,718,1064,155,77,61,1,-1,-1,-1
1284,718,1060,153,76,60,1,-1,-1,-1
1285,718,1059,152,73,58,1,-1,-1,-1
1286,718,1055,153,70,54,1,-1,-1,-1
1287,718,1053,148,68,57,1,-1,-1,-1
1288,718,1050,149,68,54,1,-1,-1,-1
1289,718,1047,147,66,55,1,-1,-1,-1
1290,718,1044,147,65,52,1,-1,-1,-1
1291,718,1042,142,62,53,1,-1,-1,-1
1292,718,1038,141,64,53,1,-1,-1,-1
1293,718,1037,141,61,52,1,-1,-1,-1
1294,718,1035,140,61,51,1,-1,-1,-1
1295,718,1032,137,59,50,1,-1,-1,-1
1296,718,1030,135,58,51,1,-1,-1,-1
1297,718,1029,135,57,49,1,-1,-1,-1
1298,718,1026,133,56,49,1,-1,-1,-1
1299,718,1023,132,56,48,1,-1,-1,-1
1300,718,1021,131,54,47,1,-1,-1,-1
1301,718,1020,131,53,45,1,-1,-1,-1
1302,718,1017,129,53,47,1,-1,-1,-1
1303,718,1015,129,54,44,1,-1,-1,-1
1304,718,1014,129,53,43,1,-1,-1,-1
1305,718,1012,127,52,43,1,-1,-1,-1
1306,718,1011,126,49,43,1,-1,-1,-1
1307,718,1009,126,50,41,1,-1,-1,-1
1308,718,1009,125,46,41,1,-1,-1,-1
1309,718,1006,125,47,39,1,-1,-1,-1
1310,718,1003,123,49,39,1,-1,-1,-1
1311,718,1002,124,46,36,1,-1,-1,-1
1312,718,1001,123,44,37,1,-1,-1,-1
1313,718,998,123,45,35,1,-1,-1,-1
1314,718,995,122,45,35,1,-1,-1,-1
1315,718,992,120,46,35,1,-1,-1,-1
1316,718,992,120,41,34,1,-1,-1,-1
1317,718,989,118,40,34,1,-1,-1,-1
1318,718,986,117,44,34,1,-1,-1,-1
1319,718,983,116,44,34,1,-1,-1,-1
1320,718,983,116,41,33,1,-1,-1,-1
1282,719,1827,445,92,125,1,-1,-1,-1
1283,719,1751,401,168,149,1,-1,-1,-1
1284,719,1684,370,235,137,1,-1,-1,-1
1285,719,1623,345,220,125,1,-1,-1,-1
1286,719,1572,320,200,119,1,-1,-1,-1
1287,719,1523,301,189,109,1,-1,-1,-1
1288,719,1483,285,170,101,1,-1,-1,-1
1289,719,1444,269,160,96,1,-1,-1,-1
1290,719,1414,258,148,88,1,-1,-1,-1
1291,719,1385,245,137,82,1,-1,-1,-1
1292,719,1357,234,130,78,1,-1,-1,-1
1293,719,1331,224,124,76,1,-1,-1,-1
1294,719,1309,215,116,73,1,-1,-1,-1
1295,719,1285,207,112,69,1,-1,-1,-1
1296,719,1268,201,103,64,1,-1,-1,-1
1297,719,1253,194,95,63,1,-1,-1,-1
1298,719,1232,187,96,62,1,-1,-1,-1
1299,719,1220,183,88,56,1,-1,-1,-1
1300,719,1206,177,83,55,1,-1,-1,-1
1301,719,1192,172,81,53,1,-1,-1,-1
1302,719,1180,168,78,52,1,-1,-1,-1
1303,719,1171,165,73,49,1,-1,-1,-1
1304,719,1161,161,71,48,1,-1,-1,-1
1305,719,1152,157,68,47,1,-1,-1,-1
1306,719,1146,154,63,45,1,-1,-1,-1
1307,719,1135,151,65,44,1,-1,-1,-1
1308,719,1127,148,63,43,1,-1,-1,-1
1309,719,1122,146,60,39,1,-1,-1,-1
1310,719,1114,142,63,39,1,-1,-1,-1
1311,719,1108,140,58,39,1,-1,-1,-1
1312,719,1102,137,55,39,1,-1,-1,-1
1313,719,1096,133,54,39,1,-1,-1,-1
1314,719,1090,133,52,37,1,-1,-1,-1
1315,719,1085,131,50,38,1,-1,-1,-1
1316,719,1079,129,51,34,1,-1,-1,-1
1317,719,1071,128,53,33,1,-1,-1,-1
1318,719,1067,127,50,33,1,-1,-1,-1
1319,719,1067,125,45,32,1,-1,-1,-1
1320,719,1060,126,46,30,1,-1,-1,-1
1283,720,699,113,29,25,1,-1,-1,-1
1284,720,700,113,30,25,1,-1,-1,-1
1286,720,705,112,31,25,1,-1,-1,-1
1287,720,708,113,29,25,1,-1,-1,-1
1288,720,710,114,28,26,1,-1,-1,-1
1289,720,711,114,30,25,1,-1,-1,-1
1290,720,712,114,30,25,1,-1,-1,-1
1291,720,714,115,31,24,1,-1,-1,-1
1292,720,715,115,31,24,1,-1,-1,-1
1293,720,718,116,30,23,1,-1,-1,-1
1294,720,719,117,31,23,1,-1,-1,-1
1295,720,719,116,34,25,1,-1,-1,-1
1296,720,719,115,35,26,1,-1,-1,-1
1297,720,719,116,36,27,1,-1,-1,-1
1298,720,717,120,37,23,1,-1,-1,-1
1299,720,718,119,37,25,1,-1,-1,-1
1300,720,718,119,37,25,1,-1,-1,-1
1301,720,718,117,36,26,1,-1,-1,-1
1302,720,701,115,50,27,1,-1,-1,-1
1303,720,701,114,51,29,1,-1,-1,-1
1304,720,703,115,49,29,1,-1,-1,-1
1305,720,705,115,46,30,1,-1,-1,-1
1306,720,706,115,45,29,1,-1,-1,-1
1307,720,708,114,42,29,1,-1,-1,-1
1308,720,710,116,40,28,1,-1,-1,-1
1309,720,711,117,39,28,1,-1,-1,-1
1310,720,710,116,40,31,1,-1,-1,-1
1311,720,708,115,40,33,1,-1,-1,-1
1312,720,707,115,40,34,1,-1,-1,-1
1313,720,706,117,40,35,1,-1,-1,-1
1314,720,704,117,39,35,1,-1,-1,-1
1315,720,701,118,43,35,1,-1,-1,-1
1316,720,699,118,46,35,1,-1,-1,-1
1317,720,698,121,47,33,1,-1,-1,-1
1318,720,696,120,51,35,1,-1,-1,-1
1319,720,693,123,53,35,1,-1,-1,-1
1320,720,695,123,52,36,1,-1,-1,-1
1321,720,712,125,38,25,1,-1,-1,-1
1322,720,711,124,38,26,1,-1,-1,-1
1323,720,712,123,36,26,1,-1,-1,-1
1324,720,710,121,38,27,1,-1,-1,-1
1325,720,709,127,38,25,1,-1,-1,-1
1326,720,709,126,36,25,1,-1,-1,-1
1327,720,706,126,38,27,1,-1,-1,-1
1328,720,705,126,36,27,1,-1,-1,-1
1329,720,702,127,40,27,1,-1,-1,-1
1330,720,702,127,37,27,1,-1,-1,-1
1298,723,1841,123,48,32,1,-1,-1,-1
1299,723,1832,124,49,33,1,-1,-1,-1
1300,723,1827,128,43,28,1,-1,-1,-1
1301,723,1819,129,49,29,1,-1,-1,-1
1302,723,1810,130,52,31,1,-1,-1,-1
1303,723,1802,133,54,31,1,-1,-1,-1
1304,723,1794,134,58,29,1,-1,-1,-1
1305,723,1784,135,60,30,1,-1,-1,-1
1306,723,1775,134,58,32,1,-1,-1,-1
1307,723,1768,137,56,31,1,-1,-1,-1
1308,723,1756,138,60,33,1,-1,-1,-1
1309,723,1743,142,62,30,1,-1,-1,-1
1310,723,1733,141,64,35,1,-1,-1,-1
1311,723,1724,143,62,34,1,-1,-1,-1
1312,723,1707,144,70,34,1,-1,-1,-1
1313,723,1701,148,64,33,1,-1,-1,-1
1314,723,1700,149,52,31,1,-1,-1,-1
1315,723,1668,149,75,34,1,-1,-1,-1
1316,723,1658,152,72,33,1,-1,-1,-1
1317,723,1648,154,74,30,1,-1,-1,-1
1320,723,1610,152,67,33,1,-1,-1,-1
1302,725,1727,549,192,272,1,-1,-1,-1
1303,725,1639,488,280,281,1,-1,-1,-1
1304,725,1568,441,351,250,1,-1,-1,-1
1305,725,1506,401,326,223,1,-1,-1,-1
1306,725,1455,370,290,199,1,-1,-1,-1
1307,725,1410,341,262,184,1,-1,-1,-1
1308,725,1372,320,236,165,1,-1,-1,-1
1309,725,1336,297,218,155,1,-1,-1,-1
1310,725,1308,278,199,143,1,-1,-1,-1
1311,725,1279,264,186,134,1,-1,-1,-1
1312,725,1256,249,170,126,1,-1,-1,-1
1313,725,1233,236,161,118,1,-1,-1,-1
1314,725,1213,226,151,113,1,-1,-1,-1
1315,725,1195,216,145,106,1,-1,-1,-1
1316,725,1179,204,136,103,1,-1,-1,-1
1317,725,1164,198,129,96,1,-1,-1,-1
1318,725,1150,191,123,93,1,-1,-1,-1
1319,725,1137,182,119,91,1,-1,-1,-1
1320,725,1127,178,111,86,1,-1,-1,-1
1321,728,1016,113,36,25,1,-1,-1,-1
1322,728,1015,109,31,28,1,-1,-1,-1
1323,728,1010,110,33,27,1,-1,-1,-1
1324,728,1006,108,34,27,1,-1,-1,-1
1325,728,1005,108,33,28,1,-1,-1,-1
1326,728,999,108,34,27,1,-1,-1,-1
1327,728,995,106,32,27,1,-1,-1,-1
1328,728,991,104,31,27,1,-1,-1,-1
1329,728,987,106,32,26,1,-1,-1,-1
1330,728,985,105,31,26,1,-1,-1,-1
1331,728,972,112,44,32,1,-1,-1,-1
1332,728,969,110,44,33,1,-1,-1,-1
1333,728,967,108,42,35,1,-1,-1,-1
1334,728,963,110,42,32,1,-1,-1,-1
1335,728,960,108,40,32,1,-1,-1,-1
1336,728,958,107,42,32,1,-1,-1,-1
1337,728,956,105,41,34,1,-1,-1,-1
1338,728,953,105,39,32,1,-1,-1,-1
1339,728,950,105,40,30,1,-1,-1,-1
1340,728,948,106,38,30,1,-1,-1,-1
1341,728,945,105,38,29,1,-1,-1,-1
1342,728,943,105,37,28,1,-1,-1,-1
1343,728,940,104,37,29,1,-1,-1,-1
1344,728,936,105,39,29,1,-1,-1,-1
1345,728,935,105,34,28,1,-1,-1,-1
1346,728,932,104,35,28,1,-1,-1,-1
1347,728,928,104,36,28,1,-1,-1,-1
1348,728,924,102,37,29,1,-1,-1,-1
1349,728,921,103,36,27,1,-1,-1,-1
1350,728,919,104,34,25,1,-1,-1,-1
1351,728,915,104,33,26,1,-1,-1,-1
1352,728,913,103,32,27,1,-1,-1,-1
1353,728,907,104,36,26,1,-1,-1,-1
1354,728,903,103,37,26,1,-1,-1,-1
1355,728,899,102,35,26,1,-1,-1,-1
1356,728,895,102,34,26,1,-1,-1,-1
1357,728,893,102,33,27,1,-1,-1,-1
1358,728,887,102,36,27,1,-1,-1,-1
1359,728,883,104,34,25,1,-1,-1,-1
1360,728,879,102,33,26,1,-1,-1,-1
1361,728,874,102,36,27,1,-1,-1,-1
1362,728,870,102,33,26,1,-1,-1,-1
1363,728,864,102,34,26,1,-1,-1,-1
1364,728,860,103,36,25,1,-1,-1,-1
1365,728,856,103,34,25,1,-1,-1,-1
1366,728,852,103,32,26,1,-1,-1,-1
1367,728,847,104,32,24,1,-1,-1,-1
1368,728,842,102,31,26,1,-1,-1,-1
1369,728,836,102,32,26,1,-1,-1,-1
1370,728,831,103,33,26,1,-1,-1,-1
1321,729,1041,140,72,55,1,-1,-1,-1
1322,729,1035,136,70,54,1,-1,-1,-1
1323,729,1032,134,67,52,1,-1,-1,-1
1324,729,1026,130,67,54,1,-1,-1,-1
1325,729,1024,128,62,51,1,-1,-1,-1
1326,729,1019,128,61,49,1,-1,-1,-1
1327,729,1013,126,62,49,1,-1,-1,-1
1328,729,1009,124,60,47,1,-1,-1,-1
1329,729,1006,124,59,46,1,-1,-1,-1
1330,729,1001,123,56,44,1,-1,-1,-1
1321,730,954,110,36,30,1,-1,-1,-1
1322,730,953,110,34,29,1,-1,-1,-1
1323,730,948,108,36,30,1,-1,-1,-1
1324,730,947,108,36,29,1,-1,-1,-1
1325,730,945,109,35,28,1,-1,-1,-1
1326,730,944,108,34,28,1,-1,-1,-1
1327,730,941,107,32,28,1,-1,-1,-1
1328,730,937,107,34,27,1,-1,-1,-1
1329,730,934,106,33,28,1,-1,-1,-1
1330,730,933,109,31,26,1,-1,-1,-1
1331,730,917,103,43,24,1,-1,-1,-1
1332,730,920,103,33,24,1,-1,-1,-1
1333,730,917,103,32,25,1,-1,-1,-1
1321,731,669,139,52,40,1,-1,-1,-1
1322,731,666,140,52,40,1,-1,-1,-1
1323,731,661,135,56,48,1,-1,-1,-1
1324,731,660,139,56,46,1,-1,-1,-1
1325,731,658,139,55,50,1,-1,-1,-1
1326,731,654,144,56,49,1,-1,-1,-1
1327,731,648,147,60,49,1,-1,-1,-1
1328,731,644,149,61,50,1,-1,-1,-1
1329,731,638,150,65,50,1,-1,-1,-1
1330,731,634,151,65,53,1,-1,-1,-1
1331,732,681,137,44,36,1,-1,-1,-1
1332,732,681,140,42,36,1,-1,-1,-1
1333,732,674,139,47,38,1,-1,-1,-1
1334,732,671,141,48,38,1,-1,-1,-1
1335,732,668,139,50,41,1,-1,-1,-1
1336,732,665,141,51,43,1,-1,-1,-1
1337,732,663,140,53,45,1,-1,-1,-1
1338,732,660,144,54,44,1,-1,-1,-1
1339,732,656,148,56,43,1,-1,-1,-1
1340,732,653,151,54,42,1,-1,-1,-1
1341,732,650,154,56,41,1,-1,-1,-1
1342,732,648,157,55,42,1,-1,-1,-1
1343,732,642,160,58,42,1,-1,-1,-1
1344,732,637,160,60,45,1,-1,-1,-1
1345,732,633,164,60,44,1,-1,-1,-1
1346,732,628,166,62,46,1,-1,-1,-1
1347,732,623,168,63,49,1,-1,-1,-1
1348,732,619,170,65,52,1,-1,-1,-1
1349,732,612,173,67,52,1,-1,-1,-1
1350,732,607,177,69,52,1,-1,-1,-1
1351,732,602,178,70,58,1,-1,-1,-1
1352,732,596,182,72,59,1,-1,-1,-1
1353,732,589,188,74,59,1,-1,-1,-1
1354,732,581,191,78,61,1,-1,-1,-1
1355,732,574,195,79,62,1,-1,-1,-1
1356,732,565,201,81,64,1,-1,-1,-1
1357,732,556,207,84,66,1,-1,-1,-1
1358,732,547,212,88,70,1,-1,-1,-1
1359,732,536,217,93,74,1,-1,-1,-1
1360,732,525,224,92,77,1,-1,-1,-1
1361,732,510,231,102,79,1,-1,-1,-1
1362,732,498,239,107,83,1,-1,-1,-1
1363,732,484,248,110,85,1,-1,-1,-1
1364,732,470,256,114,91,1,-1,-1,-1
1365,732,452,265,120,97,1,-1,-1,-1
1366,732,434,277,126,100,1,-1,-1,-1
1367,732,415,286,132,108,1,-1,-1,-1
1368,732,392,303,142,110,1,-1,-1,-1
1369,732,368,318,150,120,1,-1,-1,-1
1370,732,342,335,159,127,1,-1,-1,-1
1331,733,559,189,90,78,1,-1,-1,-1
1332,733,550,195,93,80,1,-1,-1,-1
1333,733,537,199,98,86,1,-1,-1,-1
1334,733,527,206,102,90,1,-1,-1,-1
1335,733,512,213,107,94,1,-1,-1,-1
1336,733,498,221,111,98,1,-1,-1,-1
1337,733,483,229,117,102,1,-1,-1,-1
1338,733,468,237,122,109,1,-1,-1,-1
1339,733,449,246,130,115,1,-1,-1,-1
1340,733,431,257,137,121,1,-1,-1,-1
1341,733,409,269,144,130,1,-1,-1,-1
1342,733,386,280,154,142,1,-1,-1,-1
1343,733,359,297,167,151,1,-1,-1,-1
1344,733,327,312,177,162,1,-1,-1,-1
1345,733,292,335,191,175,1,-1,-1,-1
1346,733,253,358,209,186,1,-1,-1,-1
1347,733,208,383,226,207,1,-1,-1,-1
1348,733,155,412,248,235,1,-1,-1,-1
1349,733,94,449,272,261,1,-1,-1,-1
1350,733,19,494,309,293,1,-1,-1,-1
1351,733,3,551,277,327,1,-1,-1,-1
1352,733,1,613,218,390,1,-1,-1,-1
1353,733,0,695,145,378,1,-1,-1,-1
1331,734,906,103,36,26,1,-1,-1,-1
1332,734,902,104,28,26,1,-1,-1,-1
1333,734,898,104,32,26,1,-1,-1,-1
1334,734,895,101,47,27,1,-1,-1,-1
1335,734,891,102,46,27,1,-1,-1,-1
1336,734,889,102,41,27,1,-1,-1,-1
1337,734,886,102,42,27,1,-1,-1,-1
1338,734,882,103,39,26,1,-1,-1,-1
1339,734,878,103,40,26,1,-1,-1,-1
1340,734,873,103,38,28,1,-1,-1,-1
1341,734,870,103,35,26,1,-1,-1,-1
1342,734,867,103,33,26,1,-1,-1,-1
1343,734,862,102,32,25,1,-1,-1,-1
1344,734,857,102,32,26,1,-1,-1,-1
1345,734,854,103,29,26,1,-1,-1,-1
1346,734,850,104,29,24,1,-1,-1,-1
1347,734,845,102,29,26,1,-1,-1,-1
1348,734,839,103,29,26,1,-1,-1,-1
1349,734,833,102,33,26,1,-1,-1,-1
1350,734,828,103,31,25,1,-1,-1,-1
1351,734,822,104,35,24,1,-1,-1,-1
1352,734,815,102,37,27,1,-1,-1,-1
1353,734,812,104,37,24,1,-1,-1,-1
1354,734,807,102,37,25,1,-1,-1,-1
1355,734,802,103,37,24,1,-1,-1,-1
1356,734,798,104,33,22,1,-1,-1,-1
1357,734,794,104,36,23,1,-1,-1,-1
1358,734,788,103,37,24,1,-1,-1,-1
1359,734,784,104,38,23,1,-1,-1,-1
1360,734,779,102,35,24,1,-1,-1,-1
1361,734,774,103,35,23,1,-1,-1,-1
1362,734,771,103,34,22,1,-1,-1,-1
1363,734,770,103,32,21,1,-1,-1,-1
1364,734,762,103,37,22,1,-1,-1,-1
1365,734,759,102,35,23,1,-1,-1,-1
1366,734,757,103,31,22,1,-1,-1,-1
1336,735,1866,119,52,33,1,-1,-1,-1
1337,735,1857,121,61,35,1,-1,-1,-1
1338,735,1854,122,62,33,1,-1,-1,-1
1339,735,1851,127,40,29,1,-1,-1,-1
1340,735,1845,128,43,27,1,-1,-1,-1
1341,735,1837,129,46,27,1,-1,-1,-1
1342,735,1829,131,53,28,1,-1,-1,-1
1343,735,1823,132,48,26,1,-1,-1,-1
1344,735,1816,132,49,27,1,-1,-1,-1
1345,735,1809,134,48,28,1,-1,-1,-1
1346,735,1800,135,51,27,1,-1,-1,-1
1347,735,1792,136,53,27,1,-1,-1,-1
1348,735,1781,136,56,29,1,-1,-1,-1
1349,735,1774,139,53,28,1,-1,-1,-1
1350,735,1765,140,54,27,1,-1,-1,-1
1351,735,1756,142,56,27,1,-1,-1,-1
1352,735,1743,144,58,29,1,-1,-1,-1
1353,735,1735,143,58,32,1,-1,-1,-1
1354,735,1725,145,57,31,1,-1,-1,-1
1355,735,1711,146,64,30,1,-1,-1,-1
1356,735,1704,147,59,30,1,-1,-1,-1
1357,735,1701,151,50,29,1,-1,-1,-1
1358,735,1699,151,44,29,1,-1,-1,-1
1359,735,1668,155,67,28,1,-1,-1,-1
1346,737,659,109,28,28,1,-1,-1,-1
1347,737,659,109,29,27,1,-1,-1,-1
1348,737,661,111,30,27,1,-1,-1,-1
1349,737,659,111,36,28,1,-1,-1,-1
1350,737,660,110,38,27,1,-1,-1,-1
1351,737,666,111,37,27,1,-1,-1,-1
1352,737,665,112,40,25,1,-1,-1,-1
1358,737,692,115,26,25,1,-1,-1,-1
1359,737,695,115,27,24,1,-1,-1,-1
1360,737,696,115,28,24,1,-1,-1,-1
1361,737,700,114,29,24,1,-1,-1,-1
1362,737,702,113,26,26,1,-1,-1,-1
1363,737,704,114,26,25,1,-1,-1,-1
1364,737,705,114,27,24,1,-1,-1,-1
1365,737,707,114,28,25,1,-1,-1,-1
1366,737,708,114,28,25,1,-1,-1,-1
1367,737,709,114,31,26,1,-1,-1,-1
1368,737,710,114,34,26,1,-1,-1,-1
1369,737,711,117,33,24,1,-1,-1,-1
1370,737,712,117,33,25,1,-1,-1,-1
1371,737,716,116,36,29,1,-1,-1,-1
1372,737,715,116,37,29,1,-1,-1,-1
1373,737,719,116,33,29,1,-1,-1,-1
1374,737,720,117,31,30,1,-1,-1,-1
1375,737,719,118,34,30,1,-1,-1,-1
1376,737,716,117,37,30,1,-1,-1,-1
1377,737,715,118,38,28,1,-1,-1,-1
1378,737,712,116,40,29,1,-1,-1,-1
1379,737,714,119,37,29,1,-1,-1,-1
1380,737,712,122,39,28,1,-1,-1,-1
1381,737,701,118,42,39,1,-1,-1,-1
1382,737,699,119,45,39,1,-1,-1,-1
1383,737,696,124,48,34,1,-1,-1,-1
1384,737,692,129,45,31,1,-1,-1,-1
1385,737,691,128,44,33,1,-1,-1,-1
1386,737,692,133,42,29,1,-1,-1,-1
1387,737,690,130,43,33,1,-1,-1,-1
1388,737,687,134,44,31,1,-1,-1,-1
1389,737,684,132,47,36,1,-1,-1,-1
1390,737,684,133,44,36,1,-1,-1,-1
1391,737,681,133,46,38,1,-1,-1,-1
1392,737,679,136,46,37,1,-1,-1,-1
1393,737,676,135,48,39,1,-1,-1,-1
1394,737,673,135,48,40,1,-1,-1,-1
1395,737,668,137,52,42,1,-1,-1,-1
1396,737,667,136,51,44,1,-1,-1,-1
1397,737,665,138,51,44,1,-1,-1,-1
1398,737,663,137,51,46,1,-1,-1,-1
1399,737,661,139,52,45,1,-1,-1,-1
1400,737,658,140,52,46,1,-1,-1,-1
1401,737,657,144,53,45,1,-1,-1,-1
1402,737,655,145,53,46,1,-1,-1,-1
1403,737,649,145,57,47,1,-1,-1,-1
1404,737,647,148,57,47,1,-1,-1,-1
1405,737,645,148,57,48,1,-1,-1,-1
1406,737,640,150,60,48,1,-1,-1,-1
1407,737,638,149,59,51,1,-1,-1,-1
1408,737,635,152,60,50,1,-1,-1,-1
1409,737,632,151,61,53,1,-1,-1,-1
1410,737,629,153,61,53,1,-1,-1,-1
1411,737,626,156,61,53,1,-1,-1,-1
1412,737,623,156,62,54,1,-1,-1,-1
1413,737,622,160,63,53,1,-1,-1,-1
1414,737,619,160,63,56,1,-1,-1,-1
1415,737,614,161,67,57,1,-1,-1,-1
1416,737,613,163,67,58,1,-1,-1,-1
1417,737,610,162,70,60,1,-1,-1,-1
1418,737,608,166,70,59,1,-1,-1,-1
1419,737,607,167,68,60,1,-1,-1,-1
1420,737,602,169,69,60,1,-1,-1,-1
1421,737,599,170,71,63,1,-1,-1,-1
1422,737,596,171,71,64,1,-1,-1,-1
1423,737,592,173,74,65,1,-1,-1,-1
1424,737,588,176,76,65,1,-1,-1,-1
1425,737,584,176,77,68,1,-1,-1,-1
1426,737,579,178,80,69,1,-1,-1,-1
1427,737,576,181,81,68,1,-1,-1,-1
1428,737,573,181,81,72,1,-1,-1,-1
1429,737,570,183,81,72,1,-1,-1,-1
1430,737,567,184,81,74,1,-1,-1,-1
1431,737,516,206,100,84,1,-1,-1,-1
1432,737,511,209,101,85,1,-1,-1,-1
1433,737,509,212,103,84,1,-1,-1,-1
1434,737,504,212,105,87,1,-1,-1,-1
1435,737,500,215,108,87,1,-1,-1,-1
1436,737,496,217,107,84,1,-1,-1,-1
1437,737,489,218,109,88,1,-1,-1,-1
1438,737,486,219,110,91,1,-1,-1,-1
1439,737,481,219,112,95,1,-1,-1,-1
1440,737,478,219,112,98,1,-1,-1,-1
1441,737,474,221,114,96,1,-1,-1,-1
1442,737,470,223,116,97,1,-1,-1,-1
1443,737,465,224,120,97,1,-1,-1,-1
1444,737,463,226,120,98,1,-1,-1,-1
1445,737,460,225,121,99,1,-1,-1,-1
1446,737,457,226,122,99,1,-1,-1,-1
1447,737,453,230,122,96,1,-1,-1,-1
1448,737,450,229,124,100,1,-1,-1,-1
1449,737,449,232,125,99,1,-1,-1,-1
1450,737,446,233,126,97,1,-1,-1,-1
1451,737,425,239,131,105,1,-1,-1,-1
1452,737,423,240,133,103,1,-1,-1,-1
1453,737,421,241,133,103,1,-1,-1,-1
1454,737,420,241,134,103,1,-1,-1,-1
1455,737,419,241,134,102,1,-1,-1,-1
1456,737,417,242,134,103,1,-1,-1,-1
1457,737,415,242,135,103,1,-1,-1,-1
1458,737,413,241,135,107,1,-1,-1,-1
1459,737,411,242,136,106,1,-1,-1,-1
1460,737,410,242,137,106,1,-1,-1,-1
1461,737,409,243,137,107,1,-1,-1,-1
1462,737,408,243,137,107,1,-1,-1,-1
1463,737,406,243,139,107,1,-1,-1,-1
1464,737,405,243,140,108,1,-1,-1,-1
1465,737,404,245,139,108,1,-1,-1,-1
1466,737,402,245,140,108,1,-1,-1,-1
1467,737,399,246,142,109,1,-1,-1,-1
1468,737,396,246,142,107,1,-1,-1,-1
1469,737,391,247,144,108,1,-1,-1,-1
1470,737,387,250,146,107,1,-1,-1,-1
1471,737,382,249,149,109,1,-1,-1,-1
1472,737,377,252,151,108,1,-1,-1,-1
1473,737,369,253,155,108,1,-1,-1,-1
1474,737,362,254,159,111,1,-1,-1,-1
1475,737,355,254,160,114,1,-1,-1,-1
1476,737,345,257,166,114,1,-1,-1,-1
1477,737,335,257,170,116,1,-1,-1,-1
1478,737,325,260,174,116,1,-1,-1,-1
1479,737,312,261,177,117,1,-1,-1,-1
1480,737,297,264,186,117,1,-1,-1,-1
1481,737,282,268,194,118,1,-1,-1,-1
1482,737,267,271,197,118,1,-1,-1,-1
1483,737,249,272,203,121,1,-1,-1,-1
1484,737,229,277,208,120,1,-1,-1,-1
1485,737,209,279,214,123,1,-1,-1,-1
1486,737,187,283,219,122,1,-1,-1,-1
1487,737,164,286,225,124,1,-1,-1,-1
1488,737,140,288,230,128,1,-1,-1,-1
1489,737,110,294,241,126,1,-1,-1,-1
1490,737,81,296,247,130,1,-1,-1,-1
1491,737,53,301,254,130,1,-1,-1,-1
1492,737,24,303,254,135,1,-1,-1,-1
1493,737,0,310,251,136,1,-1,-1,-1
1494,737,0,314,220,136,1,-1,-1,-1
1495,737,0,318,188,137,1,-1,-1,-1
1496,737,0,324,154,122,1,-1,-1,-1
1497,737,0,329,121,117,1,-1,-1,-1
1498,737,0,335,80,114,1,-1,-1,-1
1348,739,1772,415,147,187,1,-1,-1,-1
1349,739,1697,379,221,171,1,-1,-1,-1
1350,739,1633,347,239,160,1,-1,-1,-1
1351,739,1581,321,215,147,1,-1,-1,-1
1352,739,1532,302,199,136,1,-1,-1,-1
1353,739,1488,285,184,125,1,-1,-1,-1
1354,739,1451,268,169,118,1,-1,-1,-1
1355,739,1415,254,159,110,1,-1,-1,-1
1356,739,1385,240,150,104,1,-1,-1,-1
1357,739,1358,230,137,98,1,-1,-1,-1
1358,739,1332,222,130,92,1,-1,-1,-1
1359,739,1310,212,124,89,1,-1,-1,-1
1360,739,1287,203,117,84,1,-1,-1,-1
1361,739,1268,197,110,80,1,-1,-1,-1
1362,739,1250,191,104,76,1,-1,-1,-1
1363,739,1233,184,101,73,1,-1,-1,-1
1364,739,1219,180,95,69,1,-1,-1,-1
1365,739,1203,174,93,65,1,-1,-1,-1
1366,739,1190,169,89,63,1,-1,-1,-1
1367,739,1178,165,86,61,1,-1,-1,-1
1368,739,1170,161,78,60,1,-1,-1,-1
1369,739,1157,157,78,56,1,-1,-1,-1
1370,739,1151,151,73,56,1,-1,-1,-1
1349,741,224,256,74,42,1,-1,-1,-1
1350,741,184,258,106,41,1,-1,-1,-1
1351,741,147,260,107,41,1,-1,-1,-1
1352,741,112,264,103,40,1,-1,-1,-1
1353,741,73,266,104,41,1,-1,-1,-1
1354,741,38,269,103,42,1,-1,-1,-1
1355,741,1,272,103,40,1,-1,-1,-1
1356,741,0,276,72,36,1,-1,-1,-1
1357,741,0,284,33,31,1,-1,-1,-1
1371,745,1077,127,52,40,1,-1,-1,-1
1372,745,1070,125,53,39,1,-1,-1,-1
1373,745,1067,126,50,37,1,-1,-1,-1
1374,745,1063,120,51,43,1,-1,-1,-1
1375,745,1060,120,48,37,1,-1,-1,-1
1376,745,1054,118,46,37,1,-1,-1,-1
1377,745,1049,118,46,36,1,-1,-1,-1
1378,745,1047,115,43,36,1,-1,-1,-1
1379,745,1043,114,43,36,1,-1,-1,-1
1380,745,1038,115,44,32,1,-1,-1,-1
1381,746,1000,108,36,26,1,-1,-1,-1
1382,746,994,104,37,29,1,-1,-1,-1
1383,746,990,102,36,30,1,-1,-1,-1
1384,746,989,104,32,26,1,-1,-1,-1
1385,746,986,103,32,27,1,-1,-1,-1
1386,746,982,103,33,27,1,-1,-1,-1
1387,746,976,100,36,29,1,-1,-1,-1
1388,746,973,101,33,28,1,-1,-1,-1
1389,746,969,104,34,25,1,-1,-1,-1
1390,746,966,102,34,27,1,-1,-1,-1
1391,746,961,98,34,30,1,-1,-1,-1
1392,746,957,95,36,30,1,-1,-1,-1
1393,746,952,98,34,29,1,-1,-1,-1
1394,746,947,99,33,27,1,-1,-1,-1
1395,746,943,98,35,27,1,-1,-1,-1
1396,746,937,100,33,26,1,-1,-1,-1
1397,746,931,101,34,24,1,-1,-1,-1
1398,746,927,99,33,26,1,-1,-1,-1
1399,746,922,100,32,24,1,-1,-1,-1
1400,746,917,100,30,24,1,-1,-1,-1
1401,746,912,98,31,25,1,-1,-1,-1
1402,746,904,98,34,24,1,-1,-1,-1
1403,746,901,98,30,24,1,-1,-1,-1
1404,746,894,99,32,24,1,-1,-1,-1
1405,746,889,99,31,25,1,-1,-1,-1
1406,746,882,100,33,24,1,-1,-1,-1
1407,746,876,99,32,26,1,-1,-1,-1
1408,746,871,101,32,23,1,-1,-1,-1
1409,746,864,99,33,24,1,-1,-1,-1
1410,746,858,99,32,24,1,-1,-1,-1
1411,746,854,101,30,24,1,-1,-1,-1
1412,746,849,102,28,23,1,-1,-1,-1
1413,746,845,102,27,25,1,-1,-1,-1
1414,746,840,99,27,26,1,-1,-1,-1
1415,746,833,99,28,26,1,-1,-1,-1
1417,746,818,104,34,24,1,-1,-1,-1
1418,746,816,103,31,24,1,-1,-1,-1
1422,746,789,112,34,31,1,-1,-1,-1
1423,746,788,109,32,36,1,-1,-1,-1
1424,746,764,107,57,38,1,-1,-1,-1
1425,746,765,109,56,36,1,-1,-1,-1
1426,746,766,110,56,37,1,-1,-1,-1
1427,746,772,115,51,33,1,-1,-1,-1
1428,746,792,119,32,31,1,-1,-1,-1
1429,746,782,116,42,32,1,-1,-1,-1
1430,746,774,114,51,34,1,-1,-1,-1
1431,746,784,124,46,38,1,-1,-1,-1
1432,746,787,124,45,39,1,-1,-1,-1
1433,746,782,126,53,39,1,-1,-1,-1
1434,746,791,127,45,38,1,-1,-1,-1
1435,746,789,128,49,40,1,-1,-1,-1
1436,746,790,129,49,39,1,-1,-1,-1
1437,746,789,129,51,40,1,-1,-1,-1
1438,746,791,129,50,44,1,-1,-1,-1
1439,746,792,129,51,44,1,-1,-1,-1
1440,746,793,128,51,47,1,-1,-1,-1
1441,746,795,131,50,44,1,-1,-1,-1
1442,746,795,130,52,46,1,-1,-1,-1
1443,746,797,130,54,48,1,-1,-1,-1
1444,746,798,131,54,47,1,-1,-1,-1
1445,746,802,134,53,47,1,-1,-1,-1
1446,746,802,134,56,47,1,-1,-1,-1
1447,746,805,133,55,49,1,-1,-1,-1
1448,746,807,133,56,52,1,-1,-1,-1
1449,746,808,136,58,50,1,-1,-1,-1
1450,746,810,136,60,52,1,-1,-1,-1
1451,746,831,147,64,55,1,-1,-1,-1
1452,746,832,147,63,58,1,-1,-1,-1
1453,746,833,146,66,60,1,-1,-1,-1
1454,746,834,145,66,63,1,-1,-1,-1
1455,746,836,147,66,63,1,-1,-1,-1
1456,746,839,149,64,64,1,-1,-1,-1
1457,746,838,151,65,64,1,-1,-1,-1
1458,746,839,152,65,63,1,-1,-1,-1
1459,746,838,153,67,65,1,-1,-1,-1
1460,746,841,154,65,65,1,-1,-1,-1
1461,746,842,155,70,65,1,-1,-1,-1
1462,746,844,158,67,65,1,-1,-1,-1
1463,746,844,159,69,65,1,-1,-1,-1
1464,746,845,159,68,66,1,-1,-1,-1
1465,746,846,161,69,66,1,-1,-1,-1
1466,746,845,162,70,67,1,-1,-1,-1
1467,746,846,165,72,67,1,-1,-1,-1
1468,746,846,166,74,69,1,-1,-1,-1
1469,746,846,168,74,69,1,-1,-1,-1
1470,746,846,170,75,70,1,-1,-1,-1
1471,746,845,170,76,71,1,-1,-1,-1
1472,746,845,171,76,72,1,-1,-1,-1
1473,746,845,172,76,72,1,-1,-1,-1
1474,746,846,173,75,73,1,-1,-1,-1
1475,746,847,173,78,76,1,-1,-1,-1
1476,746,848,175,77,76,1,-1,-1,-1
1477,746,849,176,79,78,1,-1,-1,-1
1478,746,848,178,80,77,1,-1,-1,-1
1479,746,848,179,81,78,1,-1,-1,-1
1480,746,848,178,83,81,1,-1,-1,-1
1481,746,849,179,83,81,1,-1,-1,-1
1482,746,850,183,84,79,1,-1,-1,-1
1483,746,849,182,86,82,1,-1,-1,-1
1484,746,850,184,86,82,1,-1,-1,-1
1485,746,848,186,88,84,1,-1,-1,-1
1486,746,849,187,89,85,1,-1,-1,-1
1487,746,849,189,90,85,1,-1,-1,-1
1488,746,850,190,89,86,1,-1,-1,-1
1489,746,849,190,91,87,1,-1,-1,-1
1490,746,850,189,91,89,1,-1,-1,-1
1491,746,849,191,92,89,1,-1,-1,-1
1492,746,850,191,92,90,1,-1,-1,-1
1493,746,850,195,93,88,1,-1,-1,-1
1494,746,850,196,95,90,1,-1,-1,-1
1495,746,850,196,94,90,1,-1,-1,-1
1496,746,851,198,93,90,1,-1,-1,-1
1497,746,853,201,92,89,1,-1,-1,-1
1498,746,855,201,92,92,1,-1,-1,-1
1499,746,854,201,93,93,1,-1,-1,-1
1500,746,854,204,94,91,1,-1,-1,-1
1501,746,857,216,95,91,1,-1,-1,-1
1502,746,856,214,96,94,1,-1,-1,-1
1503,746,857,216,96,94,1,-1,-1,-1
1504,746,857,218,97,94,1,-1,-1,-1
1505,746,858,216,97,97,1,-1,-1,-1
1506,746,856,221,98,93,1,-1,-1,-1
1507,746,857,218,98,96,1,-1,-1,-1
1508,746,858,217,97,99,1,-1,-1,-1
1509,746,859,220,97,99,1,-1,-1,-1
1510,746,859,220,98,99,1,-1,-1,-1
1511,746,859,221,98,97,1,-1,-1,-1
1512,746,859,220,97,99,1,-1,-1,-1
1513,746,858,218,98,101,1,-1,-1,-1
1514,746,858,219,98,101,1,-1,-1,-1
1515,746,858,219,98,101,1,-1,-1,-1
1516,746,858,220,98,100,1,-1,-1,-1
1517,746,858,220,98,100,1,-1,-1,-1
1518,746,859,219,98,100,1,-1,-1,-1
1519,746,858,221,98,99,1,-1,-1,-1
1520,746,857,221,99,99,1,-1,-1,-1
1521,746,858,221,100,100,1,-1,-1,-1
1522,746,858,221,100,100,1,-1,-1,-1
1523,746,858,221,99,99,1,-1,-1,-1
1524,746,858,221,99,100,1,-1,-1,-1
1525,746,858,221,99,101,1,-1,-1,-1
1526,746,858,220,98,102,1,-1,-1,-1
1527,746,858,220,99,101,1,-1,-1,-1
1528,746,859,221,98,99,1,-1,-1,-1
1529,746,859,222,98,99,1,-1,-1,-1
1530,746,859,222,98,99,1,-1,-1,-1
1531,746,858,222,99,99,1,-1,-1,-1
1532,746,858,222,99,98,1,-1,-1,-1
1533,746,859,222,98,98,1,-1,-1,-1
1534,746,859,222,98,98,1,-1,-1,-1
1535,746,858,221,98,99,1,-1,-1,-1
1536,746,858,220,99,101,1,-1,-1,-1
1537,746,858,220,99,101,1,-1,-1,-1
1538,746,858,220,99,101,1,-1,-1,-1
1539,746,858,220,100,101,1,-1,-1,-1
1540,746,858,220,100,101,1,-1,-1,-1
1541,746,858,222,100,99,1,-1,-1,-1
1542,746,858,222,100,99,1,-1,-1,-1
1543,746,858,222,99,99,1,-1,-1,-1
1544,746,858,222,100,99,1,-1,-1,-1
1545,746,858,221,100,100,1,-1,-1,-1
1546,746,858,222,100,99,1,-1,-1,-1
1547,746,858,222,100,99,1,-1,-1,-1
1548,746,858,222,98,98,1,-1,-1,-1
1549,746,858,222,99,99,1,-1,-1,-1
1550,746,858,222,99,98,1,-1,-1,-1
1551,746,858,221,99,99,1,-1,-1,-1
1552,746,858,221,100,100,1,-1,-1,-1
1553,746,858,221,100,100,1,-1,-1,-1
1554,746,858,221,100,100,1,-1,-1,-1
1555,746,858,221,100,100,1,-1,-1,-1
1556,746,858,221,100,100,1,-1,-1,-1
1557,746,858,221,100,100,1,-1,-1,-1
1558,746,858,221,100,100,1,-1,-1,-1
1559,746,858,221,98,99,1,-1,-1,-1
1560,746,858,221,98,99,1,-1,-1,-1
1561,746,858,220,99,101,1,-1,-1,-1
1562,746,858,221,99,100,1,-1,-1,-1
1563,746,858,221,99,100,1,-1,-1,-1
1564,746,858,221,99,100,1,-1,-1,-1
1565,746,858,221,99,99,1,-1,-1,-1
1566,746,858,221,98,100,1,-1,-1,-1
1567,746,858,220,99,100,1,-1,-1,-1
1568,746,858,221,100,100,1,-1,-1,-1
1569,746,858,221,100,100,1,-1,-1,-1
1570,746,858,220,99,100,1,-1,-1,-1
1571,746,858,221,99,99,1,-1,-1,-1
1572,746,858,221,99,100,1,-1,-1,-1
1573,746,858,221,98,99,1,-1,-1,-1
1574,746,859,221,99,100,1,-1,-1,-1
1575,746,859,222,98,98,1,-1,-1,-1
1576,746,858,223,98,97,1,-1,-1,-1
1577,746,858,223,99,97,1,-1,-1,-1
1578,746,858,222,99,97,1,-1,-1,-1
1579,746,859,222,99,100,1,-1,-1,-1
1580,746,858,222,99,98,1,-1,-1,-1
1581,746,859,221,98,101,1,-1,-1,-1
1582,746,859,221,99,101,1,-1,-1,-1
1583,746,859,221,99,101,1,-1,-1,-1
1584,746,858,222,100,99,1,-1,-1,-1
1585,746,858,221,100,99,1,-1,-1,-1
1586,746,858,221,99,99,1,-1,-1,-1
1587,746,858,221,99,99,1,-1,-1,-1
1588,746,858,221,99,99,1,-1,-1,-1
1589,746,858,221,99,101,1,-1,-1,-1
1590,746,858,221,100,101,1,-1,-1,-1
1591,746,858,222,100,99,1,-1,-1,-1
1592,746,858,222,99,99,1,-1,-1,-1
1593,746,858,221,99,99,1,-1,-1,-1
1594,746,858,221,99,99,1,-1,-1,-1
1595,746,858,222,100,99,1,-1,-1,-1
1596,746,858,222,100,98,1,-1,-1,-1
1597,746,858,222,99,99,1,-1,-1,-1
1598,746,858,221,98,99,1,-1,-1,-1
1599,746,858,221,98,99,1,-1,-1,-1
1600,746,858,222,99,98,1,-1,-1,-1
1601,746,858,222,99,98,1,-1,-1,-1
1602,746,858,222,99,98,1,-1,-1,-1
1603,746,858,222,99,98,1,-1,-1,-1
1604,746,858,222,99,99,1,-1,-1,-1
1605,746,858,221,99,99,1,-1,-1,-1
1606,746,859,221,99,100,1,-1,-1,-1
1607,746,859,221,98,100,1,-1,-1,-1
1608,746,859,221,98,101,1,-1,-1,-1
1609,746,858,221,98,99,1,-1,-1,-1
1610,746,858,221,98,99,1,-1,-1,-1
1611,746,859,221,98,100,1,-1,-1,-1
1612,746,858,222,98,99,1,-1,-1,-1
1613,746,858,221,98,99,1,-1,-1,-1
1614,746,859,222,98,98,1,-1,-1,-1
1615,746,858,222,99,98,1,-1,-1,-1
1616,746,858,222,99,98,1,-1,-1,-1
1617,746,858,222,99,98,1,-1,-1,-1
1618,746,858,222,98,98,1,-1,-1,-1
1619,746,858,222,98,98,1,-1,-1,-1
1620,746,858,222,99,98,1,-1,-1,-1
1621,746,858,221,98,100,1,-1,-1,-1
1622,746,858,220,98,100,1,-1,-1,-1
1623,746,858,221,98,100,1,-1,-1,-1
1624,746,858,221,98,100,1,-1,-1,-1
1625,746,858,220,98,100,1,-1,-1,-1
1626,746,858,221,98,100,1,-1,-1,-1
1627,746,858,221,99,99,1,-1,-1,-1
1628,746,858,222,98,98,1,-1,-1,-1
1629,746,858,222,98,98,1,-1,-1,-1
1630,746,858,222,98,98,1,-1,-1,-1
1631,746,858,221,98,99,1,-1,-1,-1
1632,746,858,220,98,100,1,-1,-1,-1
1633,746,859,221,98,100,1,-1,-1,-1
1634,746,859,221,98,100,1,-1,-1,-1
1635,746,859,221,98,100,1,-1,-1,-1
1636,746,859,221,98,100,1,-1,-1,-1
1637,746,859,221,98,100,1,-1,-1,-1
1638,746,858,221,98,99,1,-1,-1,-1
1639,746,858,221,98,100,1,-1,-1,-1
1640,746,858,221,98,99,1,-1,-1,-1
1641,746,858,220,99,100,1,-1,-1,-1
1642,746,858,220,98,100,1,-1,-1,-1
1643,746,858,220,98,100,1,-1,-1,-1
1644,746,858,221,98,100,1,-1,-1,-1
1645,746,859,221,98,100,1,-1,-1,-1
1646,746,858,220,99,100,1,-1,-1,-1
1647,746,858,220,99,100,1,-1,-1,-1
1648,746,859,220,99,101,1,-1,-1,-1
1649,746,859,220,99,101,1,-1,-1,-1
1650,746,859,220,99,101,1,-1,-1,-1
1651,746,859,220,99,101,1,-1,-1,-1
1652,746,859,221,99,100,1,-1,-1,-1
1653,746,859,221,98,100,1,-1,-1,-1
1654,746,859,221,98,100,1,-1,-1,-1
1655,746,859,221,98,101,1,-1,-1,-1
1656,746,859,221,98,99,1,-1,-1,-1
1657,746,859,221,98,99,1,-1,-1,-1
1658,746,859,221,97,99,1,-1,-1,-1
1659,746,859,222,98,100,1,-1,-1,-1
1660,746,859,222,97,99,1,-1,-1,-1
1661,746,858,222,99,98,1,-1,-1,-1
1662,746,858,222,99,98,1,-1,-1,-1
1663,746,858,222,99,98,1,-1,-1,-1
1664,746,858,222,99,99,1,-1,-1,-1
1665,746,857,222,100,99,1,-1,-1,-1
1666,746,858,222,99,99,1,-1,-1,-1
1667,746,858,222,99,99,1,-1,-1,-1
1668,746,858,222,99,98,1,-1,-1,-1
1669,746,858,223,99,98,1,-1,-1,-1
1670,746,858,223,99,98,1,-1,-1,-1
1671,746,858,222,100,99,1,-1,-1,-1
1672,746,858,222,100,99,1,-1,-1,-1
1673,746,858,222,100,99,1,-1,-1,-1
1674,746,858,221,99,100,1,-1,-1,-1
1675,746,858,220,99,101,1,-1,-1,-1
1676,746,859,220,98,101,1,-1,-1,-1
1677,746,859,221,98,100,1,-1,-1,-1
1678,746,858,221,98,100,1,-1,-1,-1
1679,746,859,221,98,101,1,-1,-1,-1
1680,746,859,221,98,101,1,-1,-1,-1
1681,746,859,221,97,101,1,-1,-1,-1
1682,746,858,222,98,100,1,-1,-1,-1
1683,746,858,222,98,100,1,-1,-1,-1
1684,746,859,221,97,101,1,-1,-1,-1
1685,746,859,220,98,102,1,-1,-1,-1
1686,746,859,220,98,102,1,-1,-1,-1
1687,746,859,220,98,103,1,-1,-1,-1
1688,746,858,220,100,102,1,-1,-1,-1
1689,746,860,221,100,102,1,-1,-1,-1
1690,746,859,220,100,103,1,-1,-1,-1
1691,746,859,220,101,103,1,-1,-1,-1
1692,746,859,220,102,103,1,-1,-1,-1
1693,746,860,221,102,102,1,-1,-1,-1
1694,746,859,220,102,103,1,-1,-1,-1
1695,746,859,220,103,102,1,-1,-1,-1
1696,746,860,221,103,102,1,-1,-1,-1
1697,746,858,221,105,102,1,-1,-1,-1
1698,746,858,221,104,101,1,-1,-1,-1
1699,746,859,222,103,101,1,-1,-1,-1
1700,746,858,221,103,103,1,-1,-1,-1
1701,746,857,222,103,103,1,-1,-1,-1
1702,746,857,222,104,103,1,-1,-1,-1
1703,746,857,222,105,104,1,-1,-1,-1
1704,746,857,222,105,104,1,-1,-1,-1
1705,746,858,221,104,104,1,-1,-1,-1
1706,746,858,221,103,105,1,-1,-1,-1
1707,746,858,221,103,105,1,-1,-1,-1
1708,746,858,221,104,105,1,-1,-1,-1
1709,746,858,221,103,106,1,-1,-1,-1
1710,746,858,222,104,106,1,-1,-1,-1
1711,746,858,222,106,106,1,-1,-1,-1
1712,746,858,222,106,106,1,-1,-1,-1
1713,746,858,223,106,107,1,-1,-1,-1
1714,746,858,223,106,107,1,-1,-1,-1
1715,746,858,223,106,107,1,-1,-1,-1
1716,746,859,223,105,107,1,-1,-1,-1
1717,746,859,223,105,107,1,-1,-1,-1
1718,746,859,223,105,107,1,-1,-1,-1
1719,746,858,223,105,107,1,-1,-1,-1
1720,746,858,224,107,107,1,-1,-1,-1
1721,746,859,225,105,106,1,-1,-1,-1
1722,746,859,224,105,107,1,-1,-1,-1
1723,746,859,225,105,107,1,-1,-1,-1
1724,746,859,226,106,106,1,-1,-1,-1
1725,746,859,226,106,106,1,-1,-1,-1
1726,746,860,228,105,105,1,-1,-1,-1
1727,746,859,229,107,104,1,-1,-1,-1
1728,746,859,229,107,104,1,-1,-1,-1
1729,746,859,228,107,106,1,-1,-1,-1
1730,746,860,227,106,106,1,-1,-1,-1
1731,746,860,226,106,107,1,-1,-1,-1
1732,746,860,225,106,108,1,-1,-1,-1
1733,746,860,226,106,108,1,-1,-1,-1
1734,746,860,226,105,107,1,-1,-1,-1
1735,746,861,226,105,107,1,-1,-1,-1
1736,746,861,226,105,107,1,-1,-1,-1
1737,746,860,225,105,108,1,-1,-1,-1
1738,746,860,225,106,108,1,-1,-1,-1
1739,746,860,226,106,107,1,-1,-1,-1
1740,746,860,227,106,106,1,-1,-1,-1
1741,746,860,226,106,107,1,-1,-1,-1
1742,746,860,226,106,107,1,-1,-1,-1
1743,746,860,226,106,107,1,-1,-1,-1
1744,746,859,226,107,107,1,-1,-1,-1
1745,746,860,226,106,107,1,-1,-1,-1
1746,746,860,226,105,108,1,-1,-1,-1
1747,746,860,226,105,108,1,-1,-1,-1
1748,746,860,226,105,108,1,-1,-1,-1
1749,746,860,225,105,108,1,-1,-1,-1
1750,746,860,225,104,108,1,-1,-1,-1
1751,746,860,226,104,107,1,-1,-1,-1
1752,746,860,227,104,106,1,-1,-1,-1
1753,746,860,227,105,106,1,-1,-1,-1
1754,746,860,227,104,105,1,-1,-1,-1
1755,746,860,227,105,106,1,-1,-1,-1
1756,746,859,227,105,105,1,-1,-1,-1
1757,746,859,228,105,105,1,-1,-1,-1
1758,746,859,228,105,105,1,-1,-1,-1
1759,746,860,227,104,106,1,-1,-1,-1
1760,746,860,226,104,106,1,-1,-1,-1
1761,746,860,225,105,108,1,-1,-1,-1
1762,746,860,225,105,108,1,-1,-1,-1
1763,746,860,225,105,108,1,-1,-1,-1
1764,746,859,225,105,108,1,-1,-1,-1
1765,746,860,225,105,107,1,-1,-1,-1
1766,746,860,226,105,107,1,-1,-1,-1
1767,746,860,227,106,104,1,-1,-1,-1
1768,746,860,226,105,107,1,-1,-1,-1
1769,746,860,226,105,106,1,-1,-1,-1
1770,746,860,226,106,107,1,-1,-1,-1
1771,746,859,227,106,107,1,-1,-1,-1
1772,746,859,226,106,107,1,-1,-1,-1
1773,746,859,227,106,107,1,-1,-1,-1
1774,746,859,226,106,107,1,-1,-1,-1
1775,746,859,226,106,107,1,-1,-1,-1
1776,746,859,226,106,107,1,-1,-1,-1
1777,746,859,226,106,107,1,-1,-1,-1
1778,746,859,226,106,107,1,-1,-1,-1
1779,746,859,227,106,106,1,-1,-1,-1
1780,746,858,227,106,106,1,-1,-1,-1
1781,746,860,226,105,107,1,-1,-1,-1
1782,746,860,226,105,107,1,-1,-1,-1
1783,746,860,227,105,107,1,-1,-1,-1
1784,746,860,227,105,106,1,-1,-1,-1
1785,746,859,227,106,106,1,-1,-1,-1
1786,746,859,227,105,107,1,-1,-1,-1
1787,746,860,226,106,107,1,-1,-1,-1
1788,746,859,227,106,107,1,-1,-1,-1
1789,746,860,226,106,108,1,-1,-1,-1
1790,746,859,226,106,107,1,-1,-1,-1
1791,746,859,226,107,107,1,-1,-1,-1
1792,746,859,226,107,107,1,-1,-1,-1
1793,746,860,227,107,106,1,-1,-1,-1
1794,746,860,227,106,106,1,-1,-1,-1
1795,746,860,227,106,107,1,-1,-1,-1
1796,746,860,227,106,107,1,-1,-1,-1
1797,746,860,226,106,107,1,-1,-1,-1
1798,746,860,226,106,107,1,-1,-1,-1
1799,746,860,226,106,107,1,-1,-1,-1
1800,746,860,226,106,107,1,-1,-1,-1
1801,746,859,226,106,108,1,-1,-1,-1
1802,746,859,226,106,108,1,-1,-1,-1
1803,746,859,226,106,108,1,-1,-1,-1
1804,746,859,226,107,107,1,-1,-1,-1
1805,746,859,225,106,108,1,-1,-1,-1
1806,746,860,226,106,107,1,-1,-1,-1
1807,746,859,226,106,107,1,-1,-1,-1
1808,746,859,226,106,107,1,-1,-1,-1
1809,746,859,226,106,106,1,-1,-1,-1
1810,746,859,226,107,106,1,-1,-1,-1
1811,746,859,226,106,107,1,-1,-1,-1
1812,746,859,226,106,107,1,-1,-1,-1
1813,746,860,226,105,107,1,-1,-1,-1
1814,746,860,226,105,107,1,-1,-1,-1
1815,746,860,226,106,107,1,-1,-1,-1
1816,746,860,225,106,108,1,-1,-1,-1
1817,746,860,225,106,108,1,-1,-1,-1
1818,746,860,226,106,107,1,-1,-1,-1
1819,746,860,226,107,108,1,-1,-1,-1
1820,746,860,226,107,107,1,-1,-1,-1
1821,746,860,225,105,109,1,-1,-1,-1
1822,746,860,225,105,108,1,-1,-1,-1
1823,746,860,225,104,108,1,-1,-1,-1
1824,746,860,225,104,108,1,-1,-1,-1
1825,746,860,226,104,108,1,-1,-1,-1
1826,746,861,226,104,108,1,-1,-1,-1
1827,746,860,227,105,108,1,-1,-1,-1
1828,746,860,227,106,108,1,-1,-1,-1
1829,746,860,228,109,108,1,-1,-1,-1
1830,746,860,231,109,105,1,-1,-1,-1
1831,746,859,229,109,108,1,-1,-1,-1
1832,746,859,231,112,106,1,-1,-1,-1
1833,746,859,230,114,108,1,-1,-1,-1
1834,746,859,233,116,109,1,-1,-1,-1
1835,746,859,236,118,105,1,-1,-1,-1
1836,746,860,236,120,107,1,-1,-1,-1
1837,746,861,236,123,111,1,-1,-1,-1
1838,746,863,236,126,110,1,-1,-1,-1
1839,746,863,240,121,101,1,-1,-1,-1
1840,746,864,238,137,112,1,-1,-1,-1
1841,746,866,238,142,115,1,-1,-1,-1
1842,746,867,238,149,115,1,-1,-1,-1
1843,746,872,241,154,117,1,-1,-1,-1
1844,746,876,242,161,118,1,-1,-1,-1
1845,746,881,246,170,118,1,-1,-1,-1
1846,746,887,246,179,120,1,-1,-1,-1
1847,746,896,248,187,121,1,-1,-1,-1
1848,746,906,250,195,122,1,-1,-1,-1
1849,746,917,250,204,124,1,-1,-1,-1
1850,746,927,254,218,122,1,-1,-1,-1
1851,746,940,254,224,127,1,-1,-1,-1
1852,746,954,258,238,127,1,-1,-1,-1
1853,746,971,261,250,127,1,-1,-1,-1
1854,746,990,263,258,130,1,-1,-1,-1
1855,746,1012,266,268,130,1,-1,-1,-1
1856,746,1033,266,275,133,1,-1,-1,-1
1857,746,1060,269,282,134,1,-1,-1,-1
1858,746,1087,271,293,136,1,-1,-1,-1
1859,746,1117,273,300,135,1,-1,-1,-1
1860,746,1152,276,305,136,1,-1,-1,-1
1861,746,1185,281,310,135,1,-1,-1,-1
1862,746,1223,283,317,137,1,-1,-1,-1
1863,746,1265,286,318,137,1,-1,-1,-1
1864,746,1306,289,322,137,1,-1,-1,-1
1865,746,1351,290,324,138,1,-1,-1,-1
1866,746,1397,292,326,139,1,-1,-1,-1
1867,746,1446,295,326,137,1,-1,-1,-1
1868,746,1497,298,324,137,1,-1,-1,-1
1869,746,1652,306,267,138,1,-1,-1,-1
1870,746,1705,309,214,127,1,-1,-1,-1
1871,746,1760,314,159,124,1,-1,-1,-1
1872,746,1816,314,104,129,1,-1,-1,-1
1386,748,730,113,29,23,1,-1,-1,-1
1387,748,734,112,28,23,1,-1,-1,-1
1389,748,741,110,27,23,1,-1,-1,-1
1390,748,744,111,26,23,1,-1,-1,-1
1391,748,747,110,26,25,1,-1,-1,-1
1392,748,749,113,26,24,1,-1,-1,-1
1393,748,752,111,24,23,1,-1,-1,-1
1394,748,754,113,25,23,1,-1,-1,-1
1395,748,758,113,24,22,1,-1,-1,-1
1396,748,757,113,28,23,1,-1,-1,-1
1397,748,758,114,29,23,1,-1,-1,-1
1398,748,762,113,27,24,1,-1,-1,-1
1399,748,762,113,30,23,1,-1,-1,-1
1400,748,766,113,28,24,1,-1,-1,-1
1401,748,770,112,27,24,1,-1,-1,-1
1402,748,775,112,24,25,1,-1,-1,-1
1403,748,775,112,25,24,1,-1,-1,-1
1404,748,777,114,25,22,1,-1,-1,-1
1405,748,777,113,28,24,1,-1,-1,-1
1406,748,780,114,25,23,1,-1,-1,-1
1407,748,780,115,28,23,1,-1,-1,-1
1408,748,781,115,27,23,1,-1,-1,-1
1409,748,781,114,28,23,1,-1,-1,-1
1410,748,782,114,27,24,1,-1,-1,-1
1411,748,780,115,31,24,1,-1,-1,-1
1412,748,756,115,57,24,1,-1,-1,-1
1413,748,775,114,38,25,1,-1,-1,-1
1415,748,774,115,43,25,1,-1,-1,-1
1416,748,759,114,55,26,1,-1,-1,-1
1417,748,761,114,59,29,1,-1,-1,-1
1418,748,762,113,56,28,1,-1,-1,-1
1419,748,763,113,53,28,1,-1,-1,-1
1420,748,763,114,55,27,1,-1,-1,-1
1421,748,764,114,37,29,1,-1,-1,-1
1422,748,765,116,28,27,1,-1,-1,-1
1423,748,765,112,29,32,1,-1,-1,-1
1427,748,767,110,32,36,1,-1,-1,-1
1428,748,768,107,28,39,1,-1,-1,-1
1429,748,768,107,43,41,1,-1,-1,-1
1431,748,770,117,29,30,1,-1,-1,-1
1432,748,771,118,28,29,1,-1,-1,-1
1434,748,771,122,29,27,1,-1,-1,-1
1435,748,771,120,31,27,1,-1,-1,-1
1436,748,771,120,34,27,1,-1,-1,-1
1437,748,771,118,33,29,1,-1,-1,-1
1438,748,771,118,34,32,1,-1,-1,-1
1439,748,769,120,33,30,1,-1,-1,-1
1440,748,769,120,35,31,1,-1,-1,-1
1441,748,770,118,38,33,1,-1,-1,-1
1442,748,770,118,40,35,1,-1,-1,-1
1443,748,771,119,41,35,1,-1,-1,-1
1444,748,770,122,43,34,1,-1,-1,-1
1445,748,772,119,43,37,1,-1,-1,-1
1446,748,772,120,43,36,1,-1,-1,-1
1447,748,774,122,40,34,1,-1,-1,-1
1448,748,776,123,40,34,1,-1,-1,-1
1449,748,776,126,41,31,1,-1,-1,-1
1450,748,776,126,42,34,1,-1,-1,-1
1451,748,787,129,49,44,1,-1,-1,-1
1452,748,787,129,53,46,1,-1,-1,-1
1453,748,789,130,52,46,1,-1,-1,-1
1454,748,789,129,53,48,1,-1,-1,-1
1455,748,790,129,54,49,1,-1,-1,-1
1456,748,791,131,58,47,1,-1,-1,-1
1457,748,791,131,59,49,1,-1,-1,-1
1458,748,794,133,57,48,1,-1,-1,-1
1459,748,796,133,56,48,1,-1,-1,-1
1460,748,797,133,56,50,1,-1,-1,-1
1461,748,798,134,58,50,1,-1,-1,-1
1462,748,800,135,57,49,1,-1,-1,-1
1463,748,801,136,56,48,1,-1,-1,-1
1464,748,804,135,57,50,1,-1,-1,-1
1465,748,806,137,56,51,1,-1,-1,-1
1466,748,809,140,54,47,1,-1,-1,-1
1467,748,810,140,54,49,1,-1,-1,-1
1468,748,811,141,55,50,1,-1,-1,-1
1469,748,811,142,58,50,1,-1,-1,-1
1470,748,811,144,56,50,1,-1,-1,-1
1471,748,813,142,60,51,1,-1,-1,-1
1472,748,814,143,58,53,1,-1,-1,-1
1473,748,814,145,60,49,1,-1,-1,-1
1474,748,816,146,61,52,1,-1,-1,-1
1475,748,818,146,61,53,1,-1,-1,-1
1476,748,820,145,59,55,1,-1,-1,-1
1477,748,820,146,60,56,1,-1,-1,-1
1478,748,822,147,58,55,1,-1,-1,-1
1479,748,821,147,62,57,1,-1,-1,-1
1480,748,821,147,63,56,1,-1,-1,-1
1481,748,823,149,62,61,1,-1,-1,-1
1482,748,824,149,64,61,1,-1,-1,-1
1483,748,824,150,64,62,1,-1,-1,-1
1484,748,825,152,63,61,1,-1,-1,-1
1485,748,825,154,66,61,1,-1,-1,-1
1486,748,827,154,63,61,1,-1,-1,-1
1487,748,826,155,65,63,1,-1,-1,-1
1488,748,828,156,62,63,1,-1,-1,-1
1489,748,831,154,62,68,1,-1,-1,-1
1490,748,830,157,64,65,1,-1,-1,-1
1491,748,832,158,61,67,1,-1,-1,-1
1492,748,832,158,65,67,1,-1,-1,-1
1493,748,833,159,65,67,1,-1,-1,-1
1494,748,833,159,65,68,1,-1,-1,-1
1495,748,833,160,67,68,1,-1,-1,-1
1496,748,834,162,65,67,1,-1,-1,-1
1497,748,832,163,70,70,1,-1,-1,-1
1498,748,834,164,69,71,1,-1,-1,-1
1499,748,834,165,70,71,1,-1,-1,-1
1500,748,834,165,70,72,1,-1,-1,-1
1501,748,840,179,72,73,1,-1,-1,-1
1502,748,839,178,70,75,1,-1,-1,-1
1503,748,839,180,71,76,1,-1,-1,-1
1504,748,839,181,73,77,1,-1,-1,-1
1505,748,839,179,71,81,1,-1,-1,-1
1506,748,839,180,72,79,1,-1,-1,-1
1507,748,840,180,72,80,1,-1,-1,-1
1508,748,840,181,72,81,1,-1,-1,-1
1509,748,840,184,74,79,1,-1,-1,-1
1510,748,840,189,75,75,1,-1,-1,-1
1511,748,840,189,76,75,1,-1,-1,-1
1512,748,840,190,74,77,1,-1,-1,-1
1513,748,842,191,74,77,1,-1,-1,-1
1514,748,842,193,73,77,1,-1,-1,-1
1515,748,842,192,73,78,1,-1,-1,-1
1516,748,842,193,73,79,1,-1,-1,-1
1517,748,842,193,74,80,1,-1,-1,-1
1518,748,841,193,75,81,1,-1,-1,-1
1519,748,841,194,74,81,1,-1,-1,-1
1520,748,843,195,72,79,1,-1,-1,-1
1521,748,844,192,71,84,1,-1,-1,-1
1522,748,844,193,71,85,1,-1,-1,-1
1523,748,844,193,71,85,1,-1,-1,-1
1524,748,844,193,73,85,1,-1,-1,-1
1525,748,844,194,72,84,1,-1,-1,-1
1526,748,844,194,72,84,1,-1,-1,-1
1527,748,843,194,72,85,1,-1,-1,-1
1528,748,843,194,73,86,1,-1,-1,-1
1529,748,843,194,73,86,1,-1,-1,-1
1530,748,843,194,72,86,1,-1,-1,-1
1531,748,844,195,72,85,1,-1,-1,-1
1532,748,842,195,73,85,1,-1,-1,-1
1533,748,843,195,74,86,1,-1,-1,-1
1534,748,843,196,73,85,1,-1,-1,-1
1535,748,843,194,73,86,1,-1,-1,-1
1536,748,844,194,74,84,1,-1,-1,-1
1537,748,844,194,73,84,1,-1,-1,-1
1538,748,844,193,74,84,1,-1,-1,-1
1539,748,844,193,74,85,1,-1,-1,-1
1540,748,844,193,74,85,1,-1,-1,-1
1541,748,844,195,74,84,1,-1,-1,-1
1542,748,844,194,74,85,1,-1,-1,-1
1543,748,844,194,75,85,1,-1,-1,-1
1544,748,844,193,75,87,1,-1,-1,-1
1545,748,844,193,75,87,1,-1,-1,-1
1546,748,844,193,74,87,1,-1,-1,-1
1547,748,844,193,74,87,1,-1,-1,-1
1548,748,843,193,74,87,1,-1,-1,-1
1549,748,844,194,72,87,1,-1,-1,-1
1550,748,844,194,72,87,1,-1,-1,-1
1551,748,844,193,72,86,1,-1,-1,-1
1552,748,844,193,73,86,1,-1,-1,-1
1553,748,844,193,73,86,1,-1,-1,-1
1554,748,844,193,73,86,1,-1,-1,-1
1555,748,844,193,73,86,1,-1,-1,-1
1556,748,844,193,73,88,1,-1,-1,-1
1557,748,844,193,74,88,1,-1,-1,-1
1558,748,844,193,75,88,1,-1,-1,-1
1559,748,843,193,74,87,1,-1,-1,-1
1560,748,843,194,73,87,1,-1,-1,-1
1561,748,843,194,74,86,1,-1,-1,-1
1562,748,843,194,72,86,1,-1,-1,-1
1563,748,843,194,73,86,1,-1,-1,-1
1564,748,843,194,73,85,1,-1,-1,-1
1565,748,843,194,74,86,1,-1,-1,-1
1566,748,843,194,73,86,1,-1,-1,-1
1567,748,843,193,75,86,1,-1,-1,-1
1568,748,842,192,78,86,1,-1,-1,-1
1569,748,843,192,77,86,1,-1,-1,-1
1570,748,843,193,76,85,1,-1,-1,-1
1571,748,843,194,76,87,1,-1,-1,-1
1572,748,843,194,75,87,1,-1,-1,-1
1573,748,843,192,76,87,1,-1,-1,-1
1574,748,843,192,76,88,1,-1,-1,-1
1575,748,843,193,75,88,1,-1,-1,-1
1576,748,843,194,74,87,1,-1,-1,-1
1577,748,843,194,74,87,1,-1,-1,-1
1578,748,843,194,74,87,1,-1,-1,-1
1579,748,843,193,75,87,1,-1,-1,-1
1580,748,843,193,74,87,1,-1,-1,-1
1581,748,843,193,75,87,1,-1,-1,-1
1582,748,844,193,75,87,1,-1,-1,-1
1583,748,844,193,75,87,1,-1,-1,-1
1584,748,843,194,76,86,1,-1,-1,-1
1585,748,843,193,77,86,1,-1,-1,-1
1586,748,843,194,75,86,1,-1,-1,-1
1587,748,843,193,75,86,1,-1,-1,-1
1588,748,843,193,75,87,1,-1,-1,-1
1589,748,843,193,74,86,1,-1,-1,-1
1590,748,843,193,75,86,1,-1,-1,-1
1591,748,843,194,74,87,1,-1,-1,-1
1592,748,843,194,74,86,1,-1,-1,-1
1593,748,844,194,73,86,1,-1,-1,-1
1594,748,844,194,74,86,1,-1,-1,-1
1595,748,844,194,75,86,1,-1,-1,-1
1596,748,844,194,75,86,1,-1,-1,-1
1597,748,843,193,76,87,1,-1,-1,-1
1598,748,843,193,76,86,1,-1,-1,-1
1599,748,843,193,76,87,1,-1,-1,-1
1600,748,843,194,76,86,1,-1,-1,-1
1601,748,843,194,73,85,1,-1,-1,-1
1602,748,843,194,73,86,1,-1,-1,-1
1603,748,843,194,73,85,1,-1,-1,-1
1604,748,842,194,74,86,1,-1,-1,-1
1605,748,843,194,73,86,1,-1,-1,-1
1606,748,843,194,73,85,1,-1,-1,-1
1607,748,843,194,74,86,1,-1,-1,-1
1608,748,843,193,73,86,1,-1,-1,-1
1609,748,843,193,74,86,1,-1,-1,-1
1610,748,843,193,74,87,1,-1,-1,-1
1611,748,843,194,75,86,1,-1,-1,-1
1612,748,843,193,75,87,1,-1,-1,-1
1613,748,842,194,75,87,1,-1,-1,-1
1614,748,843,194,75,87,1,-1,-1,-1
1615,748,843,195,74,86,1,-1,-1,-1
1616,748,843,194,74,86,1,-1,-1,-1
1617,748,843,195,74,86,1,-1,-1,-1
1618,748,843,195,74,86,1,-1,-1,-1
1619,748,843,194,75,86,1,-1,-1,-1
1620,748,843,194,75,86,1,-1,-1,-1
1621,748,844,194,74,86,1,-1,-1,-1
1622,748,844,193,74,86,1,-1,-1,-1
1623,748,844,193,75,87,1,-1,-1,-1
1624,748,844,193,75,87,1,-1,-1,-1
1625,748,844,193,75,87,1,-1,-1,-1
1626,748,844,193,74,87,1,-1,-1,-1
1627,748,844,193,74,87,1,-1,-1,-1
1628,748,844,193,74,87,1,-1,-1,-1
1629,748,843,193,74,87,1,-1,-1,-1
1630,748,843,193,74,87,1,-1,-1,-1
1631,748,844,194,72,85,1,-1,-1,-1
1632,748,844,194,74,86,1,-1,-1,-1
1633,748,843,194,74,86,1,-1,-1,-1
1634,748,843,194,73,86,1,-1,-1,-1
1635,748,844,194,73,86,1,-1,-1,-1
1636,748,844,194,73,86,1,-1,-1,-1
1637,748,844,194,74,86,1,-1,-1,-1
1638,748,844,194,74,85,1,-1,-1,-1
1639,748,843,194,74,86,1,-1,-1,-1
1640,748,843,195,73,85,1,-1,-1,-1
1641,748,843,194,73,85,1,-1,-1,-1
1642,748,843,194,73,86,1,-1,-1,-1
1643,748,843,194,73,86,1,-1,-1,-1
1644,748,843,194,72,86,1,-1,-1,-1
1645,748,844,194,73,86,1,-1,-1,-1
1646,748,844,194,74,86,1,-1,-1,-1
1647,748,844,193,74,86,1,-1,-1,-1
1648,748,844,194,74,85,1,-1,-1,-1
1649,748,844,194,74,85,1,-1,-1,-1
1650,748,844,194,73,85,1,-1,-1,-1
1651,748,843,193,76,87,1,-1,-1,-1
1652,748,843,193,76,87,1,-1,-1,-1
1653,748,843,193,77,87,1,-1,-1,-1
1654,748,843,193,77,87,1,-1,-1,-1
1655,748,843,193,76,88,1,-1,-1,-1
1656,748,843,193,76,88,1,-1,-1,-1
1657,748,843,194,75,86,1,-1,-1,-1
1658,748,843,194,76,86,1,-1,-1,-1
1659,748,843,194,76,86,1,-1,-1,-1
1660,748,843,194,76,86,1,-1,-1,-1
1661,748,844,193,74,87,1,-1,-1,-1
1662,748,844,194,74,87,1,-1,-1,-1
1663,748,844,194,73,86,1,-1,-1,-1
1664,748,843,194,74,86,1,-1,-1,-1
1665,748,843,194,75,87,1,-1,-1,-1
1666,748,843,194,75,87,1,-1,-1,-1
1667,748,843,194,75,87,1,-1,-1,-1
1668,748,843,194,75,87,1,-1,-1,-1
1669,748,843,194,75,86,1,-1,-1,-1
1670,748,843,194,75,86,1,-1,-1,-1
1671,748,844,194,74,85,1,-1,-1,-1
1672,748,844,194,74,85,1,-1,-1,-1
1673,748,844,194,74,85,1,-1,-1,-1
1674,748,844,194,73,85,1,-1,-1,-1
1675,748,844,194,74,85,1,-1,-1,-1
1676,748,844,193,74,86,1,-1,-1,-1
1677,748,844,193,74,86,1,-1,-1,-1
1678,748,844,193,74,86,1,-1,-1,-1
1679,748,844,193,74,86,1,-1,-1,-1
1680,748,844,193,74,86,1,-1,-1,-1
1681,748,844,194,75,86,1,-1,-1,-1
1682,748,844,194,74,85,1,-1,-1,-1
1683,748,844,194,74,86,1,-1,-1,-1
1684,748,844,194,73,86,1,-1,-1,-1
1685,748,844,194,74,86,1,-1,-1,-1
1686,748,844,194,74,86,1,-1,-1,-1
1687,748,844,193,74,87,1,-1,-1,-1
1688,748,844,193,75,88,1,-1,-1,-1
1689,748,844,193,75,88,1,-1,-1,-1
1690,748,843,193,75,88,1,-1,-1,-1
1691,748,844,193,75,88,1,-1,-1,-1
1692,748,844,193,75,88,1,-1,-1,-1
1693,748,844,193,76,88,1,-1,-1,-1
1694,748,844,193,76,89,1,-1,-1,-1
1695,748,843,193,75,89,1,-1,-1,-1
1696,748,843,193,76,88,1,-1,-1,-1
1697,748,842,193,75,88,1,-1,-1,-1
1698,748,842,194,76,87,1,-1,-1,-1
1699,748,843,195,75,86,1,-1,-1,-1
1700,748,843,195,74,86,1,-1,-1,-1
1701,748,843,194,73,87,1,-1,-1,-1
1702,748,843,194,75,87,1,-1,-1,-1
1703,748,843,194,73,87,1,-1,-1,-1
1704,748,843,194,75,87,1,-1,-1,-1
1705,748,843,194,76,86,1,-1,-1,-1
1706,748,844,194,75,86,1,-1,-1,-1
1707,748,844,194,75,86,1,-1,-1,-1
1708,748,843,194,75,86,1,-1,-1,-1
1709,748,843,194,75,86,1,-1,-1,-1
1710,748,843,194,75,86,1,-1,-1,-1
1711,748,843,193,75,86,1,-1,-1,-1
1712,748,843,193,75,86,1,-1,-1,-1
1713,748,843,193,75,87,1,-1,-1,-1
1714,748,843,193,75,87,1,-1,-1,-1
1715,748,843,193,75,88,1,-1,-1,-1
1716,748,843,193,75,87,1,-1,-1,-1
1717,748,844,193,76,87,1,-1,-1,-1
1718,748,844,194,76,86,1,-1,-1,-1
1719,748,843,194,77,86,1,-1,-1,-1
1720,748,843,194,77,86,1,-1,-1,-1
1721,748,844,194,77,85,1,-1,-1,-1
1722,748,844,194,76,85,1,-1,-1,-1
1723,748,843,193,77,86,1,-1,-1,-1
1724,748,843,193,77,87,1,-1,-1,-1
1725,748,843,195,77,86,1,-1,-1,-1
1726,748,843,195,77,86,1,-1,-1,-1
1727,748,843,195,79,85,1,-1,-1,-1
1728,748,843,195,79,86,1,-1,-1,-1
1729,748,843,194,78,86,1,-1,-1,-1
1730,748,843,194,78,85,1,-1,-1,-1
1731,748,843,195,78,84,1,-1,-1,-1
1732,748,843,195,78,84,1,-1,-1,-1
1733,748,843,195,78,84,1,-1,-1,-1
1734,748,843,195,78,84,1,-1,-1,-1
1735,748,844,195,77,84,1,-1,-1,-1
1736,748,843,195,77,84,1,-1,-1,-1
1737,748,843,195,77,84,1,-1,-1,-1
1738,748,843,195,78,85,1,-1,-1,-1
1739,748,844,194,78,85,1,-1,-1,-1
1740,748,843,194,77,86,1,-1,-1,-1
1741,748,843,193,78,87,1,-1,-1,-1
1742,748,843,193,78,86,1,-1,-1,-1
1743,748,843,193,78,86,1,-1,-1,-1
1744,748,843,193,78,86,1,-1,-1,-1
1745,748,843,194,79,86,1,-1,-1,-1
1746,748,843,194,80,85,1,-1,-1,-1
1747,748,843,194,80,85,1,-1,-1,-1
1748,748,843,194,81,85,1,-1,-1,-1
1749,748,843,194,80,85,1,-1,-1,-1
1750,748,843,194,80,85,1,-1,-1,-1
1751,748,843,194,81,86,1,-1,-1,-1
1752,748,843,194,80,85,1,-1,-1,-1
1753,748,844,194,79,86,1,-1,-1,-1
1754,748,844,194,79,86,1,-1,-1,-1
1755,748,844,194,78,85,1,-1,-1,-1
1756,748,843,194,78,86,1,-1,-1,-1
1757,748,844,194,78,85,1,-1,-1,-1
1758,748,844,194,78,85,1,-1,-1,-1
1759,748,844,194,78,85,1,-1,-1,-1
1760,748,844,194,79,85,1,-1,-1,-1
1761,748,843,194,78,85,1,-1,-1,-1
1762,748,844,194,78,85,1,-1,-1,-1
1763,748,843,194,78,85,1,-1,-1,-1
1764,748,844,194,78,85,1,-1,-1,-1
1765,748,843,194,78,85,1,-1,-1,-1
1766,748,843,194,78,85,1,-1,-1,-1
1767,748,844,194,78,86,1,-1,-1,-1
1768,748,844,194,78,86,1,-1,-1,-1
1769,748,844,194,78,85,1,-1,-1,-1
1770,748,844,194,78,85,1,-1,-1,-1
1771,748,843,193,78,86,1,-1,-1,-1
1772,748,843,193,78,86,1,-1,-1,-1
1773,748,843,193,78,86,1,-1,-1,-1
1774,748,843,194,78,84,1,-1,-1,-1
1775,748,843,194,78,85,1,-1,-1,-1
1776,748,843,194,78,84,1,-1,-1,-1
1777,748,843,193,78,85,1,-1,-1,-1
1778,748,843,193,78,85,1,-1,-1,-1
1779,748,843,193,79,85,1,-1,-1,-1
1780,748,843,194,78,85,1,-1,-1,-1
1781,748,843,193,77,86,1,-1,-1,-1
1782,748,843,193,77,86,1,-1,-1,-1
1783,748,844,193,77,86,1,-1,-1,-1
1784,748,844,194,77,86,1,-1,-1,-1
1785,748,844,193,77,86,1,-1,-1,-1
1786,748,844,194,77,86,1,-1,-1,-1
1787,748,844,193,78,86,1,-1,-1,-1
1788,748,843,194,79,86,1,-1,-1,-1
1789,748,844,194,78,86,1,-1,-1,-1
1790,748,844,194,78,86,1,-1,-1,-1
1791,748,844,194,78,85,1,-1,-1,-1
1792,748,844,194,78,85,1,-1,-1,-1
1793,748,844,194,78,86,1,-1,-1,-1
1794,748,843,194,79,86,1,-1,-1,-1
1795,748,843,194,79,86,1,-1,-1,-1
1796,748,843,194,79,86,1,-1,-1,-1
1797,748,843,194,79,86,1,-1,-1,-1
1798,748,843,194,78,86,1,-1,-1,-1
1799,748,843,194,78,86,1,-1,-1,-1
1800,748,844,194,78,86,1,-1,-1,-1
1801,748,843,194,77,85,1,-1,-1,-1
1802,748,843,194,77,85,1,-1,-1,-1
1803,748,843,194,77,85,1,-1,-1,-1
1804,748,843,193,77,85,1,-1,-1,-1
1805,748,843,193,77,85,1,-1,-1,-1
1806,748,843,193,77,86,1,-1,-1,-1
1807,748,843,193,77,85,1,-1,-1,-1
1808,748,843,193,77,86,1,-1,-1,-1
1809,748,843,193,77,86,1,-1,-1,-1
1810,748,843,193,77,86,1,-1,-1,-1
1811,748,843,193,76,86,1,-1,-1,-1
1812,748,843,193,77,87,1,-1,-1,-1
1813,748,843,193,78,87,1,-1,-1,-1
1814,748,843,193,78,86,1,-1,-1,-1
1815,748,843,193,77,86,1,-1,-1,-1
1816,748,843,193,79,85,1,-1,-1,-1
1817,748,843,193,79,85,1,-1,-1,-1
1818,748,843,193,80,85,1,-1,-1,-1
1819,748,843,193,79,86,1,-1,-1,-1
1820,748,843,193,79,86,1,-1,-1,-1
1821,748,843,194,79,86,1,-1,-1,-1
1822,748,843,194,79,86,1,-1,-1,-1
1823,748,843,193,78,86,1,-1,-1,-1
1824,748,843,194,78,86,1,-1,-1,-1
1825,748,844,194,78,86,1,-1,-1,-1
1826,748,844,194,77,86,1,-1,-1,-1
1827,748,844,194,78,85,1,-1,-1,-1
1828,748,844,194,78,85,1,-1,-1,-1
1829,748,844,194,80,86,1,-1,-1,-1
1830,748,844,194,81,86,1,-1,-1,-1
1831,748,844,195,80,86,1,-1,-1,-1
1832,748,844,195,80,86,1,-1,-1,-1
1833,748,844,195,80,86,1,-1,-1,-1
1834,748,844,195,81,85,1,-1,-1,-1
1835,748,843,195,82,85,1,-1,-1,-1
1836,748,843,195,81,84,1,-1,-1,-1
1837,748,843,195,81,85,1,-1,-1,-1
1838,748,843,195,82,85,1,-1,-1,-1
1839,748,843,195,82,85,1,-1,-1,-1
1840,748,843,196,82,85,1,-1,-1,-1
1841,748,843,196,82,85,1,-1,-1,-1
1842,748,843,196,82,84,1,-1,-1,-1
1843,748,843,197,83,84,1,-1,-1,-1
1844,748,841,196,87,87,1,-1,-1,-1
1845,748,843,198,84,85,1,-1,-1,-1
1846,748,842,198,88,85,1,-1,-1,-1
1847,748,842,199,91,84,1,-1,-1,-1
1848,748,843,199,89,87,1,-1,-1,-1
1849,748,842,199,89,85,1,-1,-1,-1
1850,748,843,201,90,84,1,-1,-1,-1
1851,748,842,202,92,86,1,-1,-1,-1
1852,748,842,202,92,87,1,-1,-1,-1
1853,748,842,202,93,87,1,-1,-1,-1
1854,748,842,203,94,88,1,-1,-1,-1
1855,748,842,205,94,87,1,-1,-1,-1
1856,748,844,207,94,87,1,-1,-1,-1
1857,748,843,208,95,88,1,-1,-1,-1
1858,748,844,209,94,89,1,-1,-1,-1
1859,748,845,209,95,90,1,-1,-1,-1
1860,748,846,209,93,92,1,-1,-1,-1
1861,748,845,211,95,93,1,-1,-1,-1
1862,748,845,211,99,95,1,-1,-1,-1
1863,748,844,214,101,94,1,-1,-1,-1
1864,748,844,216,102,95,1,-1,-1,-1
1865,748,846,218,103,96,1,-1,-1,-1
1866,748,846,218,105,97,1,-1,-1,-1
1867,748,849,220,104,99,1,-1,-1,-1
1868,748,850,222,107,101,1,-1,-1,-1
1869,748,857,228,116,102,1,-1,-1,-1
1870,748,857,231,120,101,1,-1,-1,-1
1871,748,860,233,124,103,1,-1,-1,-1
1872,748,859,233,135,107,1,-1,-1,-1
1873,748,871,240,132,103,1,-1,-1,-1
1874,748,873,237,138,112,1,-1,-1,-1
1875,748,879,238,144,114,1,-1,-1,-1
1876,748,883,239,154,115,1,-1,-1,-1
1877,748,908,249,179,119,1,-1,-1,-1
1878,748,922,253,184,120,1,-1,-1,-1
1879,748,933,255,197,121,1,-1,-1,-1
1880,748,948,257,205,124,1,-1,-1,-1
1881,748,964,261,214,125,1,-1,-1,-1
1882,748,983,264,224,130,1,-1,-1,-1
1883,748,1004,268,234,129,1,-1,-1,-1
1884,748,1025,270,247,132,1,-1,-1,-1
1885,748,1052,273,255,136,1,-1,-1,-1
1886,748,1078,276,267,137,1,-1,-1,-1
1887,748,1111,282,276,136,1,-1,-1,-1
1888,748,1144,283,284,141,1,-1,-1,-1
1889,748,1179,286,295,141,1,-1,-1,-1
1890,748,1220,289,301,143,1,-1,-1,-1
1891,748,1262,293,309,144,1,-1,-1,-1
1892,748,1308,298,312,144,1,-1,-1,-1
1893,748,1353,304,321,141,1,-1,-1,-1
1894,748,1403,308,323,142,1,-1,-1,-1
1895,748,1453,310,323,143,1,-1,-1,-1
1896,748,1506,309,324,147,1,-1,-1,-1
1897,748,1561,313,324,145,1,-1,-1,-1
1898,748,1615,316,304,146,1,-1,-1,-1
1899,748,1668,320,251,142,1,-1,-1,-1
1900,748,1723,323,195,134,1,-1,-1,-1
1901,748,1778,324,142,136,1,-1,-1,-1
1902,748,1830,326,89,136,1,-1,-1,-1
1405,750,241,257,63,41,1,-1,-1,-1
1406,750,216,261,79,36,1,-1,-1,-1
1407,750,191,261,87,38,1,-1,-1,-1
1408,750,165,264,91,36,1,-1,-1,-1
1409,750,143,265,89,38,1,-1,-1,-1
1410,750,117,266,88,39,1,-1,-1,-1
1411,750,91,269,92,37,1,-1,-1,-1
1412,750,65,271,91,38,1,-1,-1,-1
1413,750,43,273,88,37,1,-1,-1,-1
1414,750,15,274,93,38,1,-1,-1,-1
1415,750,0,277,82,37,1,-1,-1,-1
1416,750,0,280,59,32,1,-1,-1,-1
1417,750,1,284,36,32,1,-1,-1,-1
1405,751,742,112,31,24,1,-1,-1,-1
1406,751,746,113,28,23,1,-1,-1,-1
1407,751,747,113,29,23,1,-1,-1,-1
1408,751,749,113,28,22,1,-1,-1,-1
1409,751,750,112,28,23,1,-1,-1,-1
1451,756,1300,309,333,104,1,-1,-1,-1
1452,756,1244,309,340,107,1,-1,-1,-1
1453,756,1187,310,339,108,1,-1,-1,-1
1454,756,1127,308,344,112,1,-1,-1,-1
1455,756,1063,313,349,111,1,-1,-1,-1
1456,756,997,316,354,111,1,-1,-1,-1
1457,756,929,320,359,110,1,-1,-1,-1
1458,756,861,321,359,113,1,-1,-1,-1
1459,756,789,322,364,119,1,-1,-1,-1
1460,756,718,327,366,118,1,-1,-1,-1
1461,756,643,331,369,121,1,-1,-1,-1
1462,756,570,337,369,121,1,-1,-1,-1
1463,756,493,343,371,121,1,-1,-1,-1
1464,756,415,347,372,124,1,-1,-1,-1
1465,756,337,352,371,129,1,-1,-1,-1
1466,756,257,359,371,128,1,-1,-1,-1
1467,756,174,367,374,127,1,-1,-1,-1
1468,756,93,375,371,126,1,-1,-1,-1
1469,756,13,383,366,124,1,-1,-1,-1
1470,756,0,388,295,126,1,-1,-1,-1
1471,756,1,389,210,118,1,-1,-1,-1
1472,756,0,401,127,112,1,-1,-1,-1
1451,757,1756,343,164,115,1,-1,-1,-1
1452,757,1722,340,197,119,1,-1,-1,-1
1453,757,1692,336,227,126,1,-1,-1,-1
1454,757,1657,344,263,123,1,-1,-1,-1
1455,757,1622,344,296,128,1,-1,-1,-1
1456,757,1588,348,316,129,1,-1,-1,-1
1457,757,1552,351,320,131,1,-1,-1,-1
1458,757,1519,353,319,136,1,-1,-1,-1
1459,757,1482,356,324,140,1,-1,-1,-1
1460,757,1446,359,328,145,1,-1,-1,-1
1461,757,1409,365,333,144,1,-1,-1,-1
1462,757,1375,372,332,147,1,-1,-1,-1
1463,757,1333,374,341,154,1,-1,-1,-1
1464,757,1297,380,346,158,1,-1,-1,-1
1465,757,1260,386,348,159,1,-1,-1,-1
1466,757,1219,394,352,166,1,-1,-1,-1
1467,757,1183,403,350,171,1,-1,-1,-1
1468,757,1140,408,357,178,1,-1,-1,-1
1469,757,1098,417,362,185,1,-1,-1,-1
1470,757,1054,431,368,189,1,-1,-1,-1
1471,757,1009,440,375,197,1,-1,-1,-1
1472,757,967,454,379,204,1,-1,-1,-1
1473,757,918,465,389,215,1,-1,-1,-1
1474,757,870,480,395,225,1,-1,-1,-1
1475,757,818,499,408,231,1,-1,-1,-1
1476,757,765,517,419,242,1,-1,-1,-1
1477,757,711,538,432,251,1,-1,-1,-1
1478,757,654,560,443,268,1,-1,-1,-1
1479,757,591,582,460,285,1,-1,-1,-1
1480,757,527,609,474,300,1,-1,-1,-1
1481,757,459,639,496,322,1,-1,-1,-1
1482,757,388,674,512,343,1,-1,-1,-1
1483,757,309,711,537,363,1,-1,-1,-1
1484,757,225,753,565,324,1,-1,-1,-1
1485,757,155,798,577,277,1,-1,-1,-1
1486,757,130,848,542,229,1,-1,-1,-1
1487,757,68,903,537,174,1,-1,-1,-1
1488,757,5,966,529,110,1,-1,-1,-1
1456,758,1723,92,56,27,1,-1,-1,-1
1457,758,1724,92,56,28,1,-1,-1,-1
1462,758,1723,91,56,29,1,-1,-1,-1
1463,758,1724,91,55,28,1,-1,-1,-1
1464,758,1723,91,55,28,1,-1,-1,-1
1484,758,1723,90,57,29,1,-1,-1,-1
1495,758,1724,91,55,28,1,-1,-1,-1
1537,761,1723,90,57,29,1,-1,-1,-1
1538,761,1723,90,56,29,1,-1,-1,-1
1539,761,1723,90,57,30,1,-1,-1,-1
1540,761,1723,90,56,29,1,-1,-1,-1
1541,761,1727,93,56,26,1,-1,-1,-1
1542,761,1727,94,55,25,1,-1,-1,-1
1543,761,1727,93,55,26,1,-1,-1,-1
1558,761,1728,94,53,25,1,-1,-1,-1
1556,763,0,530,119,124,1,-1,-1,-1
1557,763,1,504,192,144,1,-1,-1,-1
1558,763,0,489,269,154,1,-1,-1,-1
1559,763,0,482,345,168,1,-1,-1,-1
1560,763,1,478,420,172,1,-1,-1,-1
1561,763,24,469,475,173,1,-1,-1,-1
1562,763,101,464,477,172,1,-1,-1,-1
1563,763,184,456,477,172,1,-1,-1,-1
1564,763,267,449,474,169,1,-1,-1,-1
1565,763,345,441,478,168,1,-1,-1,-1
1566,763,431,429,476,174,1,-1,-1,-1
1567,763,514,425,476,169,1,-1,-1,-1
1568,763,597,418,473,166,1,-1,-1,-1
1569,763,681,412,470,165,1,-1,-1,-1
1570,763,766,408,466,162,1,-1,-1,-1
1571,763,851,400,459,161,1,-1,-1,-1
1572,763,932,398,457,158,1,-1,-1,-1
1573,763,1017,393,447,155,1,-1,-1,-1
1574,763,1101,389,436,154,1,-1,-1,-1
1575,763,1182,386,432,151,1,-1,-1,-1
1576,763,1262,382,422,149,1,-1,-1,-1
1577,763,1343,382,411,146,1,-1,-1,-1
1578,763,1416,381,404,143,1,-1,-1,-1
1579,763,1492,375,399,144,1,-1,-1,-1
1580,763,1571,372,349,141,1,-1,-1,-1
1581,763,1643,368,276,141,1,-1,-1,-1
1582,763,1713,370,205,136,1,-1,-1,-1
1583,763,1783,370,136,128,1,-1,-1,-1
1572,764,0,497,92,153,1,-1,-1,-1
1573,764,0,480,169,164,1,-1,-1,-1
1574,764,0,449,252,190,1,-1,-1,-1
1575,764,1,439,330,195,1,-1,-1,-1
1576,764,1,432,414,220,1,-1,-1,-1
1577,764,2,425,497,219,1,-1,-1,-1
1578,764,53,418,535,221,1,-1,-1,-1
1579,764,141,411,530,221,1,-1,-1,-1
1580,764,227,402,533,219,1,-1,-1,-1
1581,764,313,396,535,214,1,-1,-1,-1
1582,764,401,386,533,216,1,-1,-1,-1
1583,764,492,381,528,211,1,-1,-1,-1
1584,764,584,374,528,213,1,-1,-1,-1
1585,764,675,367,521,207,1,-1,-1,-1
1586,764,767,360,515,206,1,-1,-1,-1
1587,764,860,355,504,203,1,-1,-1,-1
1588,764,951,349,497,203,1,-1,-1,-1
1589,764,1040,346,488,199,1,-1,-1,-1
1590,764,1127,344,478,194,1,-1,-1,-1
1591,764,1206,344,479,189,1,-1,-1,-1
1592,764,1294,338,459,188,1,-1,-1,-1
1593,764,1375,336,449,184,1,-1,-1,-1
1594,764,1455,336,440,179,1,-1,-1,-1
1595,764,1538,333,381,178,1,-1,-1,-1
1596,764,1613,330,306,176,1,-1,-1,-1
1597,764,1688,327,231,175,1,-1,-1,-1
1598,764,1759,328,160,169,1,-1,-1,-1
1599,764,1829,326,90,149,1,-1,-1,-1
1589,767,0,539,139,127,1,-1,-1,-1
1590,767,0,507,222,156,1,-1,-1,-1
1591,767,0,500,309,160,1,-1,-1,-1
1592,767,0,492,395,175,1,-1,-1,-1
1593,767,14,486,471,178,1,-1,-1,-1
1594,767,107,477,466,176,1,-1,-1,-1
1595,767,193,467,464,178,1,-1,-1,-1
1596,767,279,462,468,171,1,-1,-1,-1
1597,767,369,452,463,173,1,-1,-1,-1
1598,767,458,444,460,172,1,-1,-1,-1
1599,767,545,438,458,168,1,-1,-1,-1
1600,767,633,430,453,167,1,-1,-1,-1
1601,767,719,423,450,169,1,-1,-1,-1
1602,767,809,418,443,165,1,-1,-1,-1
1603,767,894,414,439,160,1,-1,-1,-1
1604,767,979,408,432,158,1,-1,-1,-1
1605,767,1065,403,425,158,1,-1,-1,-1
1606,767,1146,399,420,156,1,-1,-1,-1
1607,767,1230,394,412,152,1,-1,-1,-1
1608,767,1312,391,401,147,1,-1,-1,-1
1609,767,1391,388,394,148,1,-1,-1,-1
1610,767,1469,383,380,148,1,-1,-1,-1
1611,767,1541,382,373,144,1,-1,-1,-1
1612,767,1614,380,304,142,1,-1,-1,-1
1613,767,1686,377,232,142,1,-1,-1,-1
1614,767,1754,379,165,134,1,-1,-1,-1
1615,767,1819,382,101,122,1,-1,-1,-1
1610,771,1,503,133,159,1,-1,-1,-1
1611,771,1,475,225,183,1,-1,-1,-1
1612,771,1,464,318,187,1,-1,-1,-1
1613,771,0,455,413,209,1,-1,-1,-1
1614,771,19,443,488,215,1,-1,-1,-1
1615,771,114,436,490,214,1,-1,-1,-1
1616,771,210,429,488,210,1,-1,-1,-1
1617,771,305,420,487,208,1,-1,-1,-1
1618,771,399,411,487,207,1,-1,-1,-1
1619,771,493,402,486,209,1,-1,-1,-1
1620,771,587,394,485,205,1,-1,-1,-1
1621,771,680,388,484,203,1,-1,-1,-1
1622,771,773,381,476,203,1,-1,-1,-1
1623,771,866,374,471,199,1,-1,-1,-1
1624,771,956,370,469,198,1,-1,-1,-1
1625,771,1047,364,458,196,1,-1,-1,-1
1626,771,1134,363,453,191,1,-1,-1,-1
1627,771,1221,361,445,186,1,-1,-1,-1
1628,771,1306,356,434,186,1,-1,-1,-1
1629,771,1389,351,424,184,1,-1,-1,-1
1630,771,1471,349,409,183,1,-1,-1,-1
1631,771,1549,347,370,177,1,-1,-1,-1
1632,771,1627,345,292,175,1,-1,-1,-1
1633,771,1701,341,217,176,1,-1,-1,-1
1634,771,1773,338,146,173,1,-1,-1,-1
1629,773,1,498,111,163,1,-1,-1,-1
1630,773,0,457,209,196,1,-1,-1,-1
1631,773,1,444,304,201,1,-1,-1,-1
1632,773,1,435,401,202,1,-1,-1,-1
1633,773,2,426,497,233,1,-1,-1,-1
1634,773,27,416,575,235,1,-1,-1,-1
1635,773,127,408,570,236,1,-1,-1,-1
1636,773,226,401,571,230,1,-1,-1,-1
1637,773,322,391,571,230,1,-1,-1,-1
1638,773,424,386,563,225,1,-1,-1,-1
1639,773,520,376,562,225,1,-1,-1,-1
1640,773,619,371,559,218,1,-1,-1,-1
1641,773,719,364,553,220,1,-1,-1,-1
1642,773,820,359,539,216,1,-1,-1,-1
1643,773,913,353,535,213,1,-1,-1,-1
1644,773,1010,351,523,207,1,-1,-1,-1
1645,773,1104,345,514,205,1,-1,-1,-1
1646,773,1198,343,501,201,1,-1,-1,-1
1647,773,1286,340,491,198,1,-1,-1,-1
1648,773,1376,339,478,193,1,-1,-1,-1
1649,773,1462,340,456,187,1,-1,-1,-1
1650,773,1544,336,375,186,1,-1,-1,-1
1651,773,1625,332,295,185,1,-1,-1,-1
1652,773,1703,340,215,174,1,-1,-1,-1
1653,773,1779,325,141,184,1,-1,-1,-1
1653,775,1888,284,31,71,1,-1,-1,-1
1654,775,1853,281,66,71,1,-1,-1,-1
1655,775,1816,265,102,84,1,-1,-1,-1
1656,775,1780,254,138,94,1,-1,-1,-1
1657,775,1745,251,174,95,1,-1,-1,-1
1658,775,1711,248,208,102,1,-1,-1,-1
1659,775,1679,244,240,102,1,-1,-1,-1
1660,775,1646,242,250,103,1,-1,-1,-1
1661,775,1614,240,245,99,1,-1,-1,-1
1662,775,1586,237,245,100,1,-1,-1,-1
1663,775,1558,233,242,99,1,-1,-1,-1
1664,775,1531,231,237,98,1,-1,-1,-1
1665,775,1508,226,228,98,1,-1,-1,-1
1666,775,1483,224,223,98,1,-1,-1,-1
1667,775,1459,222,220,95,1,-1,-1,-1
1668,775,1438,220,212,93,1,-1,-1,-1
1669,775,1419,217,205,91,1,-1,-1,-1
1670,775,1398,214,200,91,1,-1,-1,-1
1671,775,1383,211,192,92,1,-1,-1,-1
1672,775,1365,207,185,92,1,-1,-1,-1
1673,775,1350,205,178,90,1,-1,-1,-1
1674,775,1337,202,172,88,1,-1,-1,-1
1675,775,1325,201,164,88,1,-1,-1,-1
1676,775,1312,198,159,86,1,-1,-1,-1
1677,775,1301,197,151,84,1,-1,-1,-1
1678,775,1292,194,143,84,1,-1,-1,-1
1679,775,1281,192,141,82,1,-1,-1,-1
1680,775,1273,188,134,83,1,-1,-1,-1
1681,775,1265,186,128,80,1,-1,-1,-1
1682,775,1257,185,123,77,1,-1,-1,-1
1683,775,1253,184,117,76,1,-1,-1,-1
1684,775,1247,179,112,80,1,-1,-1,-1
1685,775,1240,178,111,78,1,-1,-1,-1
1686,775,1238,178,103,75,1,-1,-1,-1
1687,775,1227,176,106,72,1,-1,-1,-1
1688,775,1223,176,102,71,1,-1,-1,-1
1689,775,1218,174,100,69,1,-1,-1,-1
1690,775,1214,172,95,68,1,-1,-1,-1
1691,775,1206,167,97,70,1,-1,-1,-1
1692,775,1200,167,95,67,1,-1,-1,-1
1693,775,1200,164,88,66,1,-1,-1,-1
1694,775,1195,164,87,66,1,-1,-1,-1
1695,775,1192,162,84,65,1,-1,-1,-1
1696,775,1183,162,88,62,1,-1,-1,-1
1697,775,1178,161,85,61,1,-1,-1,-1
1698,775,1176,159,82,61,1,-1,-1,-1
1699,775,1174,158,79,59,1,-1,-1,-1
1700,775,1170,156,75,58,1,-1,-1,-1
1701,775,1165,151,77,60,1,-1,-1,-1
1702,775,1161,148,75,61,1,-1,-1,-1
1703,775,1156,145,76,62,1,-1,-1,-1
1704,775,1156,146,72,59,1,-1,-1,-1
1705,775,1157,145,67,57,1,-1,-1,-1
1706,775,1152,145,68,56,1,-1,-1,-1
1707,775,1146,145,68,56,1,-1,-1,-1
1708,775,1140,144,71,54,1,-1,-1,-1
1709,775,1136,144,69,53,1,-1,-1,-1
1710,775,1132,142,69,52,1,-1,-1,-1
1711,775,1130,139,66,53,1,-1,-1,-1
1712,775,1127,137,65,52,1,-1,-1,-1
1713,775,1125,138,63,50,1,-1,-1,-1
1714,775,1121,135,65,50,1,-1,-1,-1
1715,775,1119,135,62,49,1,-1,-1,-1
1716,775,1116,133,61,47,1,-1,-1,-1
1717,775,1113,131,61,48,1,-1,-1,-1
1718,775,1109,132,62,46,1,-1,-1,-1
1719,775,1106,130,62,47,1,-1,-1,-1
1720,775,1104,129,60,46,1,-1,-1,-1
1721,775,1102,127,57,47,1,-1,-1,-1
1722,775,1098,126,57,46,1,-1,-1,-1
1723,775,1096,126,57,45,1,-1,-1,-1
1724,775,1093,125,56,44,1,-1,-1,-1
1725,775,1089,125,55,43,1,-1,-1,-1
1726,775,1087,123,54,44,1,-1,-1,-1
1727,775,1083,122,55,43,1,-1,-1,-1
1728,775,1083,122,52,43,1,-1,-1,-1
1729,775,1079,121,52,40,1,-1,-1,-1
1730,775,1075,119,56,41,1,-1,-1,-1
1731,775,1075,117,52,40,1,-1,-1,-1
1732,775,1073,117,52,40,1,-1,-1,-1
1733,775,1070,116,49,41,1,-1,-1,-1
1734,775,1068,115,48,40,1,-1,-1,-1
1735,775,1066,116,48,39,1,-1,-1,-1
1736,775,1063,112,47,39,1,-1,-1,-1
1737,775,1059,113,48,39,1,-1,-1,-1
1738,775,1056,114,54,32,1,-1,-1,-1
1744,775,1041,109,45,39,1,-1,-1,-1
1746,775,1039,107,42,30,1,-1,-1,-1
1747,775,1038,106,41,29,1,-1,-1,-1
1748,775,1035,106,41,29,1,-1,-1,-1
1749,775,1037,105,35,26,1,-1,-1,-1
1750,775,1032,106,36,29,1,-1,-1,-1
1751,775,1030,104,36,31,1,-1,-1,-1
1752,775,1028,103,34,27,1,-1,-1,-1
1753,775,1024,102,35,27,1,-1,-1,-1
1754,775,1022,101,35,27,1,-1,-1,-1
1755,775,1021,101,34,27,1,-1,-1,-1
1756,775,1019,102,33,27,1,-1,-1,-1
1757,775,1018,101,32,25,1,-1,-1,-1
1758,775,1017,102,30,28,1,-1,-1,-1
1759,775,1012,101,34,29,1,-1,-1,-1
1760,775,1010,101,33,29,1,-1,-1,-1
1761,775,1012,99,28,30,1,-1,-1,-1
1762,775,1011,101,27,29,1,-1,-1,-1
1763,775,1005,100,29,29,1,-1,-1,-1
1764,775,1001,99,29,29,1,-1,-1,-1
1765,775,998,98,29,27,1,-1,-1,-1
1766,775,996,97,29,30,1,-1,-1,-1
1767,775,992,99,29,29,1,-1,-1,-1
1768,775,986,100,33,29,1,-1,-1,-1
1769,775,982,98,33,31,1,-1,-1,-1
1771,775,964,101,42,30,1,-1,-1,-1
1784,775,923,102,30,29,1,-1,-1,-1
1785,775,919,104,32,27,1,-1,-1,-1
1786,775,915,103,31,27,1,-1,-1,-1
1787,775,911,100,32,29,1,-1,-1,-1
1788,775,907,100,35,30,1,-1,-1,-1
1789,775,901,100,38,29,1,-1,-1,-1
1790,775,897,101,37,28,1,-1,-1,-1
1791,775,894,102,36,28,1,-1,-1,-1
1792,775,889,103,39,27,1,-1,-1,-1
1793,775,887,103,39,26,1,-1,-1,-1
1794,775,880,100,39,29,1,-1,-1,-1
1795,775,877,99,40,30,1,-1,-1,-1
1796,775,874,100,41,30,1,-1,-1,-1
1797,775,865,101,45,27,1,-1,-1,-1
1798,775,865,101,42,28,1,-1,-1,-1
1799,775,859,99,45,30,1,-1,-1,-1
1800,775,853,100,47,30,1,-1,-1,-1
1801,775,851,101,45,27,1,-1,-1,-1
1802,775,848,101,44,26,1,-1,-1,-1
1803,775,845,102,42,26,1,-1,-1,-1
1804,775,844,102,41,26,1,-1,-1,-1
1805,775,847,102,31,26,1,-1,-1,-1
1806,775,828,100,46,29,1,-1,-1,-1
1807,775,825,100,45,28,1,-1,-1,-1
1808,775,837,103,30,26,1,-1,-1,-1
1809,775,830,104,35,24,1,-1,-1,-1
1810,775,825,104,35,24,1,-1,-1,-1
1811,775,826,105,29,24,1,-1,-1,-1
1812,775,807,101,44,26,1,-1,-1,-1
1813,775,802,101,43,26,1,-1,-1,-1
1814,775,802,102,42,26,1,-1,-1,-1
1815,775,803,103,38,24,1,-1,-1,-1
1816,775,801,104,36,23,1,-1,-1,-1
1817,775,790,103,42,22,1,-1,-1,-1
1821,775,775,101,40,23,1,-1,-1,-1
1822,775,772,102,40,22,1,-1,-1,-1
1823,775,768,102,42,22,1,-1,-1,-1
1824,775,765,103,42,22,1,-1,-1,-1
1661,777,659,108,25,29,1,-1,-1,-1
1662,777,659,110,28,27,1,-1,-1,-1
1663,777,662,111,28,25,1,-1,-1,-1
1664,777,664,111,29,25,1,-1,-1,-1
1665,777,660,111,39,27,1,-1,-1,-1
1666,777,662,111,39,27,1,-1,-1,-1
1667,777,661,111,43,28,1,-1,-1,-1
1668,777,662,112,45,27,1,-1,-1,-1
1669,777,679,112,29,26,1,-1,-1,-1
1670,777,681,111,29,26,1,-1,-1,-1
1671,777,685,112,30,25,1,-1,-1,-1
1672,777,689,112,29,26,1,-1,-1,-1
1673,777,691,112,28,26,1,-1,-1,-1
1674,777,692,112,30,26,1,-1,-1,-1
1675,777,696,112,29,25,1,-1,-1,-1
1676,777,697,111,30,26,1,-1,-1,-1
1677,777,700,112,29,27,1,-1,-1,-1
1678,777,701,112,30,26,1,-1,-1,-1
1679,777,704,114,30,25,1,-1,-1,-1
1680,777,706,114,31,25,1,-1,-1,-1
1681,777,706,112,31,26,1,-1,-1,-1
1682,777,707,113,32,26,1,-1,-1,-1
1683,777,709,112,32,27,1,-1,-1,-1
1684,777,712,113,30,27,1,-1,-1,-1
1685,777,713,112,32,29,1,-1,-1,-1
1686,777,712,112,34,29,1,-1,-1,-1
1687,777,714,113,35,28,1,-1,-1,-1
1688,777,716,113,34,29,1,-1,-1,-1
1689,777,717,113,34,28,1,-1,-1,-1
1690,777,719,113,33,28,1,-1,-1,-1
1691,777,719,113,34,30,1,-1,-1,-1
1692,777,720,113,34,29,1,-1,-1,-1
1693,777,719,114,35,31,1,-1,-1,-1
1694,777,720,114,34,31,1,-1,-1,-1
1695,777,720,113,34,31,1,-1,-1,-1
1696,777,719,113,35,31,1,-1,-1,-1
1697,777,719,113,34,31,1,-1,-1,-1
1698,777,717,113,36,32,1,-1,-1,-1
1699,777,717,113,36,32,1,-1,-1,-1
1700,777,716,114,37,31,1,-1,-1,-1
1701,777,714,113,40,34,1,-1,-1,-1
1702,777,714,113,39,35,1,-1,-1,-1
1703,777,714,113,40,36,1,-1,-1,-1
1704,777,712,112,40,37,1,-1,-1,-1
1705,777,712,114,41,36,1,-1,-1,-1
1706,777,711,114,41,37,1,-1,-1,-1
1707,777,710,114,40,37,1,-1,-1,-1
1708,777,708,115,41,37,1,-1,-1,-1
1709,777,707,114,41,38,1,-1,-1,-1
1710,777,705,117,43,37,1,-1,-1,-1
1711,777,704,117,41,37,1,-1,-1,-1
1712,777,702,117,42,39,1,-1,-1,-1
1713,777,701,118,42,39,1,-1,-1,-1
1714,777,700,118,43,40,1,-1,-1,-1
1715,777,696,121,45,39,1,-1,-1,-1
1716,777,696,120,44,40,1,-1,-1,-1
1717,777,694,123,44,38,1,-1,-1,-1
1718,777,693,124,45,39,1,-1,-1,-1
1719,777,690,125,47,39,1,-1,-1,-1
1720,777,688,125,49,41,1,-1,-1,-1
1721,777,686,125,48,42,1,-1,-1,-1
1722,777,683,126,50,44,1,-1,-1,-1
1723,777,682,127,49,45,1,-1,-1,-1
1724,777,677,127,52,47,1,-1,-1,-1
1725,777,677,129,50,46,1,-1,-1,-1
1726,777,673,129,53,47,1,-1,-1,-1
1727,777,672,132,53,46,1,-1,-1,-1
1728,777,670,135,53,45,1,-1,-1,-1
1729,777,667,134,53,47,1,-1,-1,-1
1730,777,666,134,54,48,1,-1,-1,-1
1731,777,663,132,57,53,1,-1,-1,-1
1732,777,661,134,57,53,1,-1,-1,-1
1733,777,660,137,56,51,1,-1,-1,-1
1734,777,657,139,59,51,1,-1,-1,-1
1735,777,653,139,61,53,1,-1,-1,-1
1736,777,650,140,61,54,1,-1,-1,-1
1737,777,648,142,61,54,1,-1,-1,-1
1738,777,643,143,62,55,1,-1,-1,-1
1739,777,641,145,62,55,1,-1,-1,-1
1740,777,638,147,65,56,1,-1,-1,-1
1741,777,636,147,66,56,1,-1,-1,-1
1742,777,633,148,65,59,1,-1,-1,-1
1743,777,628,148,70,62,1,-1,-1,-1
1744,777,625,148,69,63,1,-1,-1,-1
1745,777,623,150,69,63,1,-1,-1,-1
1746,777,619,152,71,65,1,-1,-1,-1
1747,777,617,152,71,66,1,-1,-1,-1
1748,777,613,155,74,67,1,-1,-1,-1
1749,777,610,156,76,68,1,-1,-1,-1
1750,777,607,159,77,67,1,-1,-1,-1
1751,777,603,158,78,72,1,-1,-1,-1
1752,777,601,162,79,72,1,-1,-1,-1
1753,777,597,164,81,72,1,-1,-1,-1
1754,777,594,165,80,74,1,-1,-1,-1
1755,777,591,166,82,76,1,-1,-1,-1
1756,777,587,166,83,78,1,-1,-1,-1
1757,777,583,171,84,76,1,-1,-1,-1
1758,777,580,172,86,78,1,-1,-1,-1
1759,777,577,173,86,80,1,-1,-1,-1
1760,777,575,174,86,82,1,-1,-1,-1
1761,777,571,173,88,85,1,-1,-1,-1
1762,777,568,174,90,89,1,-1,-1,-1
1763,777,564,179,92,85,1,-1,-1,-1
1764,777,561,179,92,88,1,-1,-1,-1
1765,777,559,182,94,88,1,-1,-1,-1
1766,777,555,182,95,91,1,-1,-1,-1
1767,777,552,184,95,92,1,-1,-1,-1
1768,777,550,185,97,92,1,-1,-1,-1
1769,777,546,187,98,94,1,-1,-1,-1
1770,777,543,189,99,94,1,-1,-1,-1
1771,777,540,192,101,95,1,-1,-1,-1
1772,777,537,194,101,98,1,-1,-1,-1
1773,777,535,194,102,98,1,-1,-1,-1
1774,777,532,195,104,100,1,-1,-1,-1
1775,777,529,195,105,102,1,-1,-1,-1
1776,777,527,198,105,102,1,-1,-1,-1
1777,777,525,199,108,101,1,-1,-1,-1
1778,777,522,200,110,104,1,-1,-1,-1
1779,777,517,201,114,105,1,-1,-1,-1
1780,777,514,205,116,105,1,-1,-1,-1
1781,777,513,203,115,107,1,-1,-1,-1
1782,777,511,208,113,104,1,-1,-1,-1
1783,777,509,206,117,107,1,-1,-1,-1
1784,777,507,209,117,109,1,-1,-1,-1
1785,777,504,209,117,110,1,-1,-1,-1
1786,777,501,210,121,111,1,-1,-1,-1
1787,777,501,213,119,109,1,-1,-1,-1
1788,777,498,213,121,110,1,-1,-1,-1
1789,777,497,215,120,110,1,-1,-1,-1
1790,777,495,216,120,112,1,-1,-1,-1
1791,777,494,216,120,113,1,-1,-1,-1
1792,777,492,217,119,113,1,-1,-1,-1
1793,777,490,217,122,115,1,-1,-1,-1
1794,777,489,218,123,116,1,-1,-1,-1
1795,777,489,219,120,115,1,-1,-1,-1
1796,777,485,219,122,117,1,-1,-1,-1
1797,777,485,219,124,120,1,-1,-1,-1
1798,777,484,219,125,120,1,-1,-1,-1
1799,777,483,220,125,120,1,-1,-1,-1
1800,777,482,220,126,123,1,-1,-1,-1
1801,777,482,221,125,121,1,-1,-1,-1
1802,777,481,222,125,121,1,-1,-1,-1
1803,777,480,222,125,121,1,-1,-1,-1
1804,777,479,223,126,121,1,-1,-1,-1
1805,777,478,223,126,122,1,-1,-1,-1
1806,777,478,223,126,122,1,-1,-1,-1
1807,777,477,223,126,122,1,-1,-1,-1
1808,777,476,223,126,123,1,-1,-1,-1
1809,777,475,223,127,122,1,-1,-1,-1
1810,777,474,224,128,121,1,-1,-1,-1
1811,777,473,225,129,121,1,-1,-1,-1
1812,777,474,225,129,121,1,-1,-1,-1
1813,777,474,225,128,123,1,-1,-1,-1
1814,777,474,225,127,122,1,-1,-1,-1
1815,777,474,225,128,122,1,-1,-1,-1
1816,777,474,226,129,122,1,-1,-1,-1
1817,777,474,226,127,122,1,-1,-1,-1
1818,777,474,226,127,122,1,-1,-1,-1
1819,777,474,227,127,121,1,-1,-1,-1
1820,777,474,227,128,121,1,-1,-1,-1
1821,777,474,228,127,120,1,-1,-1,-1
1822,777,474,228,128,120,1,-1,-1,-1
1823,777,474,227,127,121,1,-1,-1,-1
1824,777,474,228,127,120,1,-1,-1,-1
1825,777,474,228,127,120,1,-1,-1,-1
1826,777,474,228,127,120,1,-1,-1,-1
1827,777,474,228,126,120,1,-1,-1,-1
1828,777,474,228,126,120,1,-1,-1,-1
1829,777,474,228,126,120,1,-1,-1,-1
1830,777,474,228,126,120,1,-1,-1,-1
1831,777,474,228,129,119,1,-1,-1,-1
1832,777,473,228,129,120,1,-1,-1,-1
1833,777,473,228,130,120,1,-1,-1,-1
1834,777,473,228,130,119,1,-1,-1,-1
1835,777,473,228,130,119,1,-1,-1,-1
1836,777,474,228,130,119,1,-1,-1,-1
1837,777,473,228,130,120,1,-1,-1,-1
1838,777,473,228,130,119,1,-1,-1,-1
1839,777,473,229,130,119,1,-1,-1,-1
1840,777,473,229,130,119,1,-1,-1,-1
1841,777,472,229,131,119,1,-1,-1,-1
1842,777,472,229,130,119,1,-1,-1,-1
1843,777,472,229,131,119,1,-1,-1,-1
1844,777,472,228,131,120,1,-1,-1,-1
1845,777,473,229,130,119,1,-1,-1,-1
1846,777,473,229,131,119,1,-1,-1,-1
1847,777,474,229,129,119,1,-1,-1,-1
1848,777,474,230,129,118,1,-1,-1,-1
1849,777,474,229,129,118,1,-1,-1,-1
1850,777,473,229,129,119,1,-1,-1,-1
1851,777,473,229,130,120,1,-1,-1,-1
1852,777,473,228,129,120,1,-1,-1,-1
1853,777,473,230,129,118,1,-1,-1,-1
1854,777,473,230,129,118,1,-1,-1,-1
1855,777,473,230,129,119,1,-1,-1,-1
1856,777,473,230,129,119,1,-1,-1,-1
1857,777,473,229,129,119,1,-1,-1,-1
1858,777,473,228,130,120,1,-1,-1,-1
1859,777,474,228,129,120,1,-1,-1,-1
1860,777,473,228,129,120,1,-1,-1,-1
1861,777,473,229,129,119,1,-1,-1,-1
1862,777,473,228,129,120,1,-1,-1,-1
1863,777,473,228,129,119,1,-1,-1,-1
1864,777,474,227,129,121,1,-1,-1,-1
1865,777,473,228,128,120,1,-1,-1,-1
1866,777,473,228,129,120,1,-1,-1,-1
1867,777,473,229,129,120,1,-1,-1,-1
1868,777,472,228,129,121,1,-1,-1,-1
1869,777,473,229,129,120,1,-1,-1,-1
1870,777,473,229,129,121,1,-1,-1,-1
1871,777,473,229,129,120,1,-1,-1,-1
1872,777,473,229,129,120,1,-1,-1,-1
1873,777,474,228,128,121,1,-1,-1,-1
1874,777,474,229,128,120,1,-1,-1,-1
1875,777,474,230,128,119,1,-1,-1,-1
1876,777,474,230,128,119,1,-1,-1,-1
1877,777,474,230,127,119,1,-1,-1,-1
1878,777,474,229,128,120,1,-1,-1,-1
1879,777,473,229,129,120,1,-1,-1,-1
1880,777,473,229,129,120,1,-1,-1,-1
1881,777,473,228,129,120,1,-1,-1,-1
1882,777,474,229,129,120,1,-1,-1,-1
1883,777,473,229,129,120,1,-1,-1,-1
1884,777,473,229,129,120,1,-1,-1,-1
1885,777,474,229,128,120,1,-1,-1,-1
1886,777,474,229,128,120,1,-1,-1,-1
1887,777,474,228,129,121,1,-1,-1,-1
1888,777,474,229,129,120,1,-1,-1,-1
1889,777,474,229,128,120,1,-1,-1,-1
1890,777,474,229,128,119,1,-1,-1,-1
1891,777,474,229,128,120,1,-1,-1,-1
1892,777,474,228,129,120,1,-1,-1,-1
1893,777,474,228,129,120,1,-1,-1,-1
1894,777,475,228,129,120,1,-1,-1,-1
1895,777,475,228,128,120,1,-1,-1,-1
1896,777,474,228,129,120,1,-1,-1,-1
1897,777,474,229,128,119,1,-1,-1,-1
1898,777,474,229,128,119,1,-1,-1,-1
1899,777,473,229,129,119,1,-1,-1,-1
1900,777,474,229,128,119,1,-1,-1,-1
1901,777,473,229,129,119,1,-1,-1,-1
1902,777,473,229,128,119,1,-1,-1,-1
1903,777,473,230,129,119,1,-1,-1,-1
1904,777,473,230,129,119,1,-1,-1,-1
1905,777,473,230,129,119,1,-1,-1,-1
1906,777,473,229,129,119,1,-1,-1,-1
1907,777,474,229,128,118,1,-1,-1,-1
1908,777,474,229,128,119,1,-1,-1,-1
1909,777,474,229,129,120,1,-1,-1,-1
1910,777,474,229,129,120,1,-1,-1,-1
1911,777,474,229,128,119,1,-1,-1,-1
1912,777,474,229,128,119,1,-1,-1,-1
1913,777,474,229,128,119,1,-1,-1,-1
1914,777,474,229,128,119,1,-1,-1,-1
1915,777,473,229,129,119,1,-1,-1,-1
1916,777,473,229,129,119,1,-1,-1,-1
1917,777,473,229,129,119,1,-1,-1,-1
1918,777,473,229,129,120,1,-1,-1,-1
1919,777,473,229,129,120,1,-1,-1,-1
1920,777,474,229,128,119,1,-1,-1,-1
1921,777,474,229,128,119,1,-1,-1,-1
1922,777,474,229,128,119,1,-1,-1,-1
1923,777,474,229,129,120,1,-1,-1,-1
1924,777,474,229,129,120,1,-1,-1,-1
1925,777,474,229,128,120,1,-1,-1,-1
1926,777,474,229,129,119,1,-1,-1,-1
1927,777,474,229,129,119,1,-1,-1,-1
1928,777,474,229,129,119,1,-1,-1,-1
1929,777,474,229,128,119,1,-1,-1,-1
1930,777,474,229,129,119,1,-1,-1,-1
1931,777,474,229,128,119,1,-1,-1,-1
1932,777,473,229,129,119,1,-1,-1,-1
1933,777,473,229,129,119,1,-1,-1,-1
1934,777,473,229,130,119,1,-1,-1,-1
1935,777,474,229,129,119,1,-1,-1,-1
1936,777,474,229,129,119,1,-1,-1,-1
1937,777,474,229,129,120,1,-1,-1,-1
1938,777,474,229,129,120,1,-1,-1,-1
1939,777,474,229,129,120,1,-1,-1,-1
1940,777,473,229,130,120,1,-1,-1,-1
1941,777,473,229,130,120,1,-1,-1,-1
1942,777,473,229,130,120,1,-1,-1,-1
1943,777,473,229,130,119,1,-1,-1,-1
1944,777,473,229,130,120,1,-1,-1,-1
1945,777,473,229,129,119,1,-1,-1,-1
1946,777,473,229,129,120,1,-1,-1,-1
1947,777,474,229,129,119,1,-1,-1,-1
1948,777,474,230,129,119,1,-1,-1,-1
1949,777,474,230,129,119,1,-1,-1,-1
1950,777,474,230,129,119,1,-1,-1,-1
1951,777,474,229,129,120,1,-1,-1,-1
1952,777,474,229,129,120,1,-1,-1,-1
1953,777,474,229,129,119,1,-1,-1,-1
1954,777,473,229,129,119,1,-1,-1,-1
1955,777,474,230,129,119,1,-1,-1,-1
1956,777,473,229,129,119,1,-1,-1,-1
1957,777,473,230,129,119,1,-1,-1,-1
1958,777,473,229,129,119,1,-1,-1,-1
1959,777,473,229,129,119,1,-1,-1,-1
1960,777,473,229,129,119,1,-1,-1,-1
1961,777,473,229,128,119,1,-1,-1,-1
1962,777,473,229,128,119,1,-1,-1,-1
1963,777,473,229,128,119,1,-1,-1,-1
1964,777,473,229,129,119,1,-1,-1,-1
1965,777,473,229,129,119,1,-1,-1,-1
1966,777,473,229,128,119,1,-1,-1,-1
1967,777,474,229,129,119,1,-1,-1,-1
1968,777,473,229,129,119,1,-1,-1,-1
1969,777,473,229,129,119,1,-1,-1,-1
1970,777,474,229,129,119,1,-1,-1,-1
1971,777,474,229,129,119,1,-1,-1,-1
1972,777,474,229,129,119,1,-1,-1,-1
1973,777,474,229,129,119,1,-1,-1,-1
1974,777,474,229,129,119,1,-1,-1,-1
1975,777,474,229,128,119,1,-1,-1,-1
1976,777,474,229,128,119,1,-1,-1,-1
1977,777,473,230,129,119,1,-1,-1,-1
1978,777,473,229,129,119,1,-1,-1,-1
1979,777,473,230,129,119,1,-1,-1,-1
1980,777,473,230,129,119,1,-1,-1,-1
1981,777,473,230,129,119,1,-1,-1,-1
1982,777,473,230,129,119,1,-1,-1,-1
1983,777,473,230,129,119,1,-1,-1,-1
1984,777,473,230,129,119,1,-1,-1,-1
1985,777,473,230,129,118,1,-1,-1,-1
1986,777,473,230,129,118,1,-1,-1,-1
1987,777,472,231,129,119,1,-1,-1,-1
1988,777,472,231,128,119,1,-1,-1,-1
1989,777,471,230,129,123,1,-1,-1,-1
1990,777,469,231,129,121,1,-1,-1,-1
1991,777,468,230,133,124,1,-1,-1,-1
1992,777,468,230,132,125,1,-1,-1,-1
1993,777,466,230,131,126,1,-1,-1,-1
1994,777,462,231,135,126,1,-1,-1,-1
1995,777,459,232,136,127,1,-1,-1,-1
1996,777,458,235,132,127,1,-1,-1,-1
1681,778,1879,286,40,66,1,-1,-1,-1
1682,778,1843,281,76,70,1,-1,-1,-1
1683,778,1806,264,113,85,1,-1,-1,-1
1684,778,1772,258,148,88,1,-1,-1,-1
1685,778,1735,254,185,97,1,-1,-1,-1
1686,778,1701,253,214,94,1,-1,-1,-1
1687,778,1668,248,221,96,1,-1,-1,-1
1688,778,1636,247,217,94,1,-1,-1,-1
1689,778,1602,244,218,93,1,-1,-1,-1
1690,778,1572,240,216,93,1,-1,-1,-1
1691,778,1542,237,213,93,1,-1,-1,-1
1692,778,1514,233,208,94,1,-1,-1,-1
1693,778,1488,230,201,92,1,-1,-1,-1
1694,778,1462,226,196,92,1,-1,-1,-1
1695,778,1436,222,192,92,1,-1,-1,-1
1696,778,1413,220,188,89,1,-1,-1,-1
1697,778,1392,217,180,89,1,-1,-1,-1
1698,778,1375,215,170,86,1,-1,-1,-1
1699,778,1356,212,164,85,1,-1,-1,-1
1700,778,1344,208,155,85,1,-1,-1,-1
1701,778,1331,205,150,84,1,-1,-1,-1
1702,778,1322,201,140,84,1,-1,-1,-1
1703,778,1310,199,135,83,1,-1,-1,-1
1704,778,1302,196,126,81,1,-1,-1,-1
1705,778,1294,194,119,80,1,-1,-1,-1
1706,778,1289,191,112,79,1,-1,-1,-1
1707,778,1279,189,111,76,1,-1,-1,-1
1708,778,1271,186,108,75,1,-1,-1,-1
1709,778,1264,186,104,72,1,-1,-1,-1
1710,778,1256,181,101,74,1,-1,-1,-1
1711,778,1247,179,100,73,1,-1,-1,-1
1712,778,1241,176,97,72,1,-1,-1,-1
1713,778,1232,176,96,69,1,-1,-1,-1
1714,778,1224,176,94,65,1,-1,-1,-1
1715,778,1218,174,91,64,1,-1,-1,-1
1716,778,1210,171,91,64,1,-1,-1,-1
1717,778,1205,167,88,64,1,-1,-1,-1
1718,778,1195,166,87,62,1,-1,-1,-1
1719,778,1190,164,84,61,1,-1,-1,-1
1720,778,1179,162,86,61,1,-1,-1,-1
1721,778,1174,162,82,58,1,-1,-1,-1
1722,778,1167,160,79,57,1,-1,-1,-1
1723,778,1162,157,75,57,1,-1,-1,-1
1724,778,1156,155,72,56,1,-1,-1,-1
1725,778,1153,152,68,54,1,-1,-1,-1
1726,778,1134,152,77,52,1,-1,-1,-1
1727,778,1131,152,72,52,1,-1,-1,-1
1728,778,1120,148,74,54,1,-1,-1,-1
1729,778,1113,146,73,53,1,-1,-1,-1
1730,778,1107,144,72,52,1,-1,-1,-1
1731,778,1104,144,67,49,1,-1,-1,-1
1732,778,1097,143,66,49,1,-1,-1,-1
1733,778,1093,142,63,48,1,-1,-1,-1
1734,778,1083,140,66,47,1,-1,-1,-1
1735,778,1078,140,63,44,1,-1,-1,-1
1736,778,1072,135,61,48,1,-1,-1,-1
1737,778,1065,135,61,45,1,-1,-1,-1
1738,778,1058,135,61,44,1,-1,-1,-1
1739,778,1055,137,55,40,1,-1,-1,-1
1740,778,1046,119,59,58,1,-1,-1,-1
1741,778,1046,127,53,46,1,-1,-1,-1
1742,778,1035,119,58,52,1,-1,-1,-1
1743,778,1032,113,57,56,1,-1,-1,-1
1744,778,1026,121,57,48,1,-1,-1,-1
1745,778,1024,122,57,45,1,-1,-1,-1
1746,778,1019,123,56,44,1,-1,-1,-1
1747,778,1016,121,58,45,1,-1,-1,-1
1748,778,1013,124,54,39,1,-1,-1,-1
1749,778,1011,123,52,36,1,-1,-1,-1
1750,778,1007,124,45,35,1,-1,-1,-1
1751,778,1002,123,47,34,1,-1,-1,-1
1752,778,1001,121,48,35,1,-1,-1,-1
1753,778,996,121,45,32,1,-1,-1,-1
1754,778,995,121,43,32,1,-1,-1,-1
1755,778,992,118,41,33,1,-1,-1,-1
1756,778,986,119,42,32,1,-1,-1,-1
1757,778,984,116,43,34,1,-1,-1,-1
1758,778,984,114,39,34,1,-1,-1,-1
1759,778,981,116,39,32,1,-1,-1,-1
1760,778,980,114,38,31,1,-1,-1,-1
1761,778,976,113,40,32,1,-1,-1,-1
1762,778,973,112,39,33,1,-1,-1,-1
1763,778,969,112,40,33,1,-1,-1,-1
1764,778,968,111,36,30,1,-1,-1,-1
1765,778,966,110,37,31,1,-1,-1,-1
1766,778,963,107,38,32,1,-1,-1,-1
1767,778,959,108,39,30,1,-1,-1,-1
1768,778,958,108,37,30,1,-1,-1,-1
1769,778,956,111,36,28,1,-1,-1,-1
1770,778,956,107,39,31,1,-1,-1,-1
1771,778,951,110,35,27,1,-1,-1,-1
1772,778,949,111,34,25,1,-1,-1,-1
1773,778,947,109,35,27,1,-1,-1,-1
1774,778,946,105,42,30,1,-1,-1,-1
1775,778,943,100,44,34,1,-1,-1,-1
1776,778,941,103,38,30,1,-1,-1,-1
1777,778,939,99,42,33,1,-1,-1,-1
1778,778,936,99,41,34,1,-1,-1,-1
1779,778,934,101,38,32,1,-1,-1,-1
1780,778,933,102,36,32,1,-1,-1,-1
1781,778,930,102,35,30,1,-1,-1,-1
1782,778,928,102,34,29,1,-1,-1,-1
1693,779,0,487,143,181,1,-1,-1,-1
1694,779,1,485,256,173,1,-1,-1,-1
1695,779,0,476,370,192,1,-1,-1,-1
1696,779,58,465,429,193,1,-1,-1,-1
1697,779,171,455,434,190,1,-1,-1,-1
1698,779,290,446,429,187,1,-1,-1,-1
1699,779,403,431,431,188,1,-1,-1,-1
1700,779,521,420,428,188,1,-1,-1,-1
1701,779,635,410,424,187,1,-1,-1,-1
1702,779,750,403,422,184,1,-1,-1,-1
1703,779,863,396,413,181,1,-1,-1,-1
1704,779,972,390,410,177,1,-1,-1,-1
1705,779,1084,384,398,173,1,-1,-1,-1
1706,779,1190,380,387,168,1,-1,-1,-1
1707,779,1292,373,378,169,1,-1,-1,-1
1708,779,1392,371,371,165,1,-1,-1,-1
1709,779,1488,367,360,163,1,-1,-1,-1
1710,779,1585,365,334,156,1,-1,-1,-1
1711,779,1674,365,245,151,1,-1,-1,-1
1712,779,1761,364,158,146,1,-1,-1,-1
1713,779,1843,364,76,130,1,-1,-1,-1
1720,781,0,559,103,126,1,-1,-1,-1
1721,781,1,519,213,161,1,-1,-1,-1
1722,781,1,507,320,167,1,-1,-1,-1
1723,781,2,498,428,186,1,-1,-1,-1
1724,781,63,489,476,183,1,-1,-1,-1
1725,781,171,478,475,183,1,-1,-1,-1
1726,781,275,469,478,181,1,-1,-1,-1
1727,781,381,459,477,182,1,-1,-1,-1
1728,781,487,448,474,180,1,-1,-1,-1
1729,781,592,439,470,175,1,-1,-1,-1
1730,781,698,430,460,174,1,-1,-1,-1
1731,781,800,423,455,173,1,-1,-1,-1
1732,781,898,417,450,171,1,-1,-1,-1
1733,781,996,412,441,167,1,-1,-1,-1
1734,781,1090,405,433,166,1,-1,-1,-1
1735,781,1183,402,421,160,1,-1,-1,-1
1736,781,1270,397,415,156,1,-1,-1,-1
1737,781,1357,393,404,154,1,-1,-1,-1
1738,781,1445,389,387,153,1,-1,-1,-1
1739,781,1524,386,378,150,1,-1,-1,-1
1740,781,1601,384,317,145,1,-1,-1,-1
1741,781,1676,379,243,146,1,-1,-1,-1
1742,781,1750,378,168,142,1,-1,-1,-1
1743,781,1817,380,103,120,1,-1,-1,-1
1721,783,650,109,26,24,1,-1,-1,-1
1722,783,651,109,34,27,1,-1,-1,-1
1727,783,660,110,33,30,1,-1,-1,-1
1728,783,663,108,32,33,1,-1,-1,-1
1736,783,689,112,34,30,1,-1,-1,-1
1737,783,691,111,34,29,1,-1,-1,-1
1738,783,694,112,33,28,1,-1,-1,-1
1739,783,695,111,32,27,1,-1,-1,-1
1740,783,697,111,32,27,1,-1,-1,-1
1741,783,703,112,27,26,1,-1,-1,-1
1742,783,705,112,31,26,1,-1,-1,-1
1743,783,705,112,32,27,1,-1,-1,-1
1744,783,706,114,34,26,1,-1,-1,-1
1745,783,708,114,34,27,1,-1,-1,-1
1746,783,711,113,32,27,1,-1,-1,-1
1747,783,713,112,33,27,1,-1,-1,-1
1748,783,715,114,33,26,1,-1,-1,-1
1749,783,715,114,36,26,1,-1,-1,-1
1750,783,716,114,37,26,1,-1,-1,-1
1751,783,717,113,35,28,1,-1,-1,-1
1752,783,718,114,36,27,1,-1,-1,-1
1753,783,717,113,36,28,1,-1,-1,-1
1754,783,718,113,37,28,1,-1,-1,-1
1755,783,719,113,37,28,1,-1,-1,-1
1756,783,720,114,38,27,1,-1,-1,-1
1757,783,720,114,39,28,1,-1,-1,-1
1758,783,721,115,42,29,1,-1,-1,-1
1759,783,722,115,41,30,1,-1,-1,-1
1760,783,722,114,39,31,1,-1,-1,-1
1761,783,723,115,38,31,1,-1,-1,-1
1762,783,723,115,37,32,1,-1,-1,-1
1763,783,723,115,38,31,1,-1,-1,-1
1764,783,721,115,40,31,1,-1,-1,-1
1765,783,720,115,38,32,1,-1,-1,-1
1766,783,719,116,39,32,1,-1,-1,-1
1767,783,718,117,40,33,1,-1,-1,-1
1768,783,718,114,39,35,1,-1,-1,-1
1769,783,715,113,41,37,1,-1,-1,-1
1770,783,715,113,40,37,1,-1,-1,-1
1771,783,713,113,43,38,1,-1,-1,-1
1772,783,711,114,44,37,1,-1,-1,-1
1773,783,709,115,45,36,1,-1,-1,-1
1774,783,708,115,44,38,1,-1,-1,-1
1775,783,705,115,46,39,1,-1,-1,-1
1776,783,706,116,44,38,1,-1,-1,-1
1777,783,704,116,44,39,1,-1,-1,-1
1778,783,702,117,44,39,1,-1,-1,-1
1779,783,701,120,44,38,1,-1,-1,-1
1780,783,699,119,45,39,1,-1,-1,-1
1781,783,697,119,47,40,1,-1,-1,-1
1782,783,695,120,48,40,1,-1,-1,-1
1783,783,692,121,49,40,1,-1,-1,-1
1784,783,692,123,49,40,1,-1,-1,-1
1785,783,691,124,48,40,1,-1,-1,-1
1786,783,689,125,50,40,1,-1,-1,-1
1787,783,688,124,51,41,1,-1,-1,-1
1788,783,686,126,50,42,1,-1,-1,-1
1789,783,683,128,53,44,1,-1,-1,-1
1790,783,683,128,50,45,1,-1,-1,-1
1791,783,683,130,50,45,1,-1,-1,-1
1792,783,678,129,53,46,1,-1,-1,-1
1793,783,679,130,52,46,1,-1,-1,-1
1794,783,675,130,55,47,1,-1,-1,-1
1795,783,673,131,55,48,1,-1,-1,-1
1796,783,673,131,54,49,1,-1,-1,-1
1797,783,670,133,56,49,1,-1,-1,-1
1798,783,668,134,57,49,1,-1,-1,-1
1799,783,666,136,59,50,1,-1,-1,-1
1800,783,665,133,60,53,1,-1,-1,-1
1801,783,664,135,58,51,1,-1,-1,-1
1802,783,662,137,58,51,1,-1,-1,-1
1803,783,661,137,58,53,1,-1,-1,-1
1804,783,659,139,60,52,1,-1,-1,-1
1805,783,658,141,60,52,1,-1,-1,-1
1806,783,656,142,61,54,1,-1,-1,-1
1807,783,654,144,61,53,1,-1,-1,-1
1808,783,652,146,62,52,1,-1,-1,-1
1809,783,647,147,66,53,1,-1,-1,-1
1810,783,645,148,66,53,1,-1,-1,-1
1811,783,646,148,64,54,1,-1,-1,-1
1812,783,642,149,68,56,1,-1,-1,-1
1813,783,641,150,68,56,1,-1,-1,-1
1814,783,640,150,69,58,1,-1,-1,-1
1815,783,639,151,69,58,1,-1,-1,-1
1816,783,639,150,68,59,1,-1,-1,-1
1817,783,635,152,68,60,1,-1,-1,-1
1818,783,634,152,70,61,1,-1,-1,-1
1819,783,631,154,72,61,1,-1,-1,-1
1820,783,630,155,73,61,1,-1,-1,-1
1821,783,629,156,74,64,1,-1,-1,-1
1822,783,624,159,76,62,1,-1,-1,-1
1823,783,624,160,75,63,1,-1,-1,-1
1824,783,622,161,76,63,1,-1,-1,-1
1825,783,618,160,78,66,1,-1,-1,-1
1826,783,616,163,79,64,1,-1,-1,-1
1827,783,615,163,80,67,1,-1,-1,-1
1828,783,613,163,81,68,1,-1,-1,-1
1829,783,610,166,83,67,1,-1,-1,-1
1830,783,609,166,81,69,1,-1,-1,-1
1831,783,606,167,83,70,1,-1,-1,-1
1832,783,605,168,82,70,1,-1,-1,-1
1833,783,603,169,82,71,1,-1,-1,-1
1834,783,600,169,84,71,1,-1,-1,-1
1835,783,598,171,85,72,1,-1,-1,-1
1836,783,595,170,88,73,1,-1,-1,-1
1837,783,595,171,87,74,1,-1,-1,-1
1838,783,593,173,88,72,1,-1,-1,-1
1839,783,591,173,88,74,1,-1,-1,-1
1840,783,589,176,89,72,1,-1,-1,-1
1841,783,586,178,91,73,1,-1,-1,-1
1842,783,587,177,88,75,1,-1,-1,-1
1843,783,583,179,89,75,1,-1,-1,-1
1844,783,580,180,93,75,1,-1,-1,-1
1845,783,581,181,90,75,1,-1,-1,-1
1846,783,578,180,91,77,1,-1,-1,-1
1847,783,577,182,92,75,1,-1,-1,-1
1848,783,576,181,92,81,1,-1,-1,-1
1849,783,575,182,92,79,1,-1,-1,-1
1850,783,573,182,94,81,1,-1,-1,-1
1851,783,569,182,96,80,1,-1,-1,-1
1852,783,569,184,95,80,1,-1,-1,-1
1853,783,568,185,96,79,1,-1,-1,-1
1854,783,565,186,96,81,1,-1,-1,-1
1855,783,562,186,100,81,1,-1,-1,-1
1856,783,560,185,101,83,1,-1,-1,-1
1857,783,562,188,98,80,1,-1,-1,-1
1858,783,562,187,99,82,1,-1,-1,-1
1859,783,558,190,103,83,1,-1,-1,-1
1860,783,562,189,98,83,1,-1,-1,-1
1861,783,557,188,101,84,1,-1,-1,-1
1862,783,558,188,99,85,1,-1,-1,-1
1863,783,556,188,101,87,1,-1,-1,-1
1864,783,557,190,99,86,1,-1,-1,-1
1865,783,557,190,99,87,1,-1,-1,-1
1866,783,554,191,102,85,1,-1,-1,-1
1867,783,555,191,100,87,1,-1,-1,-1
1868,783,553,190,102,88,1,-1,-1,-1
1869,783,551,193,104,86,1,-1,-1,-1
1870,783,551,192,104,86,1,-1,-1,-1
1871,783,552,193,103,84,1,-1,-1,-1
1872,783,552,195,102,83,1,-1,-1,-1
1873,783,552,194,101,85,1,-1,-1,-1
1874,783,552,193,101,86,1,-1,-1,-1
1875,783,553,193,101,86,1,-1,-1,-1
1876,783,550,194,102,86,1,-1,-1,-1
1877,783,550,195,99,85,1,-1,-1,-1
1878,783,548,194,102,85,1,-1,-1,-1
1879,783,547,195,102,86,1,-1,-1,-1
1880,783,548,196,101,86,1,-1,-1,-1
1881,783,548,196,101,86,1,-1,-1,-1
1882,783,548,197,99,86,1,-1,-1,-1
1883,783,548,197,99,86,1,-1,-1,-1
1884,783,548,197,98,86,1,-1,-1,-1
1885,783,549,196,97,87,1,-1,-1,-1
1886,783,550,197,96,86,1,-1,-1,-1
1887,783,548,198,98,86,1,-1,-1,-1
1888,783,548,198,98,85,1,-1,-1,-1
1889,783,548,198,99,85,1,-1,-1,-1
1890,783,547,198,99,85,1,-1,-1,-1
1891,783,547,197,100,85,1,-1,-1,-1
1892,783,547,198,100,85,1,-1,-1,-1
1893,783,547,197,100,85,1,-1,-1,-1
1894,783,547,197,99,86,1,-1,-1,-1
1895,783,548,197,98,86,1,-1,-1,-1
1896,783,548,197,99,86,1,-1,-1,-1
1897,783,544,198,103,86,1,-1,-1,-1
1898,783,545,197,103,86,1,-1,-1,-1
1899,783,544,197,103,87,1,-1,-1,-1
1900,783,544,197,104,87,1,-1,-1,-1
1901,783,544,196,104,88,1,-1,-1,-1
1902,783,543,196,105,88,1,-1,-1,-1
1903,783,543,195,104,88,1,-1,-1,-1
1904,783,543,195,104,89,1,-1,-1,-1
1905,783,544,194,104,89,1,-1,-1,-1
1906,783,544,195,103,89,1,-1,-1,-1
1907,783,545,196,100,88,1,-1,-1,-1
1908,783,547,196,99,88,1,-1,-1,-1
1909,783,545,196,101,87,1,-1,-1,-1
1910,783,544,196,101,88,1,-1,-1,-1
1911,783,545,196,100,88,1,-1,-1,-1
1912,783,545,196,100,88,1,-1,-1,-1
1913,783,545,197,99,87,1,-1,-1,-1
1914,783,546,199,99,85,1,-1,-1,-1
1915,783,545,198,99,85,1,-1,-1,-1
1916,783,546,199,99,85,1,-1,-1,-1
1917,783,546,199,98,83,1,-1,-1,-1
1918,783,547,200,98,84,1,-1,-1,-1
1919,783,547,199,98,84,1,-1,-1,-1
1920,783,548,199,97,85,1,-1,-1,-1
1921,783,548,199,97,84,1,-1,-1,-1
1922,783,548,199,95,85,1,-1,-1,-1
1923,783,549,199,93,85,1,-1,-1,-1
1924,783,548,200,95,84,1,-1,-1,-1
1925,783,549,200,94,84,1,-1,-1,-1
1926,783,548,200,94,85,1,-1,-1,-1
1927,783,548,200,96,83,1,-1,-1,-1
1928,783,548,200,95,83,1,-1,-1,-1
1929,783,548,201,94,82,1,-1,-1,-1
1930,783,547,200,95,83,1,-1,-1,-1
1931,783,546,200,98,83,1,-1,-1,-1
1932,783,546,199,97,84,1,-1,-1,-1
1933,783,545,199,98,84,1,-1,-1,-1
1934,783,546,199,97,84,1,-1,-1,-1
1935,783,547,199,96,84,1,-1,-1,-1
1936,783,548,198,96,85,1,-1,-1,-1
1937,783,546,198,99,85,1,-1,-1,-1
1938,783,545,198,99,85,1,-1,-1,-1
1939,783,545,198,99,85,1,-1,-1,-1
1940,783,545,197,99,86,1,-1,-1,-1
1941,783,546,197,99,86,1,-1,-1,-1
1942,783,546,197,99,86,1,-1,-1,-1
1943,783,545,197,99,85,1,-1,-1,-1
1944,783,544,198,99,85,1,-1,-1,-1
1945,783,542,199,100,83,1,-1,-1,-1
1946,783,542,199,100,83,1,-1,-1,-1
1947,783,544,197,101,86,1,-1,-1,-1
1948,783,543,197,101,87,1,-1,-1,-1
1949,783,544,197,101,87,1,-1,-1,-1
1950,783,547,196,98,87,1,-1,-1,-1
1951,783,548,197,96,86,1,-1,-1,-1
1952,783,548,197,96,86,1,-1,-1,-1
1953,783,548,197,96,86,1,-1,-1,-1
1954,783,546,196,100,87,1,-1,-1,-1
1955,783,546,196,100,87,1,-1,-1,-1
1956,783,549,197,95,86,1,-1,-1,-1
1957,783,546,196,99,88,1,-1,-1,-1
1958,783,548,196,97,87,1,-1,-1,-1
1959,783,548,196,98,88,1,-1,-1,-1
1960,783,548,196,98,88,1,-1,-1,-1
1961,783,547,194,99,90,1,-1,-1,-1
1962,783,547,194,99,90,1,-1,-1,-1
1963,783,547,194,99,90,1,-1,-1,-1
1964,783,547,194,99,89,1,-1,-1,-1
1965,783,547,195,99,89,1,-1,-1,-1
1966,783,547,195,99,89,1,-1,-1,-1
1967,783,544,196,103,88,1,-1,-1,-1
1968,783,544,197,102,88,1,-1,-1,-1
1969,783,544,198,103,87,1,-1,-1,-1
1970,783,544,198,101,86,1,-1,-1,-1
1971,783,544,197,101,87,1,-1,-1,-1
1972,783,544,197,101,87,1,-1,-1,-1
1973,783,544,197,102,88,1,-1,-1,-1
1974,783,544,197,101,87,1,-1,-1,-1
1975,783,544,197,101,87,1,-1,-1,-1
1976,783,546,196,100,88,1,-1,-1,-1
1977,783,546,198,99,85,1,-1,-1,-1
1978,783,547,199,96,84,1,-1,-1,-1
1979,783,546,198,97,85,1,-1,-1,-1
1980,783,546,198,98,85,1,-1,-1,-1
1981,783,545,198,100,85,1,-1,-1,-1
1982,783,545,198,99,85,1,-1,-1,-1
1983,783,545,198,100,85,1,-1,-1,-1
1984,783,545,198,100,85,1,-1,-1,-1
1985,783,545,198,100,86,1,-1,-1,-1
1986,783,546,198,98,85,1,-1,-1,-1
1987,783,545,199,98,83,1,-1,-1,-1
1988,783,545,199,98,82,1,-1,-1,-1
1989,783,546,197,98,85,1,-1,-1,-1
1990,783,545,196,99,84,1,-1,-1,-1
1991,783,545,197,99,83,1,-1,-1,-1
1992,783,545,201,99,82,1,-1,-1,-1
1993,783,548,207,91,79,1,-1,-1,-1
1994,783,543,208,95,77,1,-1,-1,-1
1995,783,543,206,94,80,1,-1,-1,-1
1996,783,541,202,98,82,1,-1,-1,-1
1767,788,1865,279,54,77,1,-1,-1,-1
1768,788,1829,267,89,86,1,-1,-1,-1
1769,788,1795,253,123,97,1,-1,-1,-1
1770,788,1758,244,161,104,1,-1,-1,-1
1771,788,1725,243,193,101,1,-1,-1,-1
1772,788,1693,240,227,113,1,-1,-1,-1
1773,788,1662,238,258,112,1,-1,-1,-1
1774,788,1631,236,285,111,1,-1,-1,-1
1775,788,1600,231,286,113,1,-1,-1,-1
1776,788,1571,229,285,111,1,-1,-1,-1
1777,788,1546,226,276,111,1,-1,-1,-1
1778,788,1519,225,273,109,1,-1,-1,-1
1779,788,1494,222,265,107,1,-1,-1,-1
1780,788,1472,219,257,104,1,-1,-1,-1
1781,788,1447,217,254,103,1,-1,-1,-1
1782,788,1427,213,246,104,1,-1,-1,-1
1783,788,1408,209,237,104,1,-1,-1,-1
1784,788,1392,206,229,103,1,-1,-1,-1
1785,788,1374,204,219,102,1,-1,-1,-1
1786,788,1360,202,210,99,1,-1,-1,-1
1787,788,1349,199,196,96,1,-1,-1,-1
1788,788,1335,196,189,97,1,-1,-1,-1
1789,788,1323,193,181,96,1,-1,-1,-1
1790,788,1311,191,173,93,1,-1,-1,-1
1791,788,1301,189,164,93,1,-1,-1,-1
1792,788,1289,186,160,92,1,-1,-1,-1
1793,788,1280,183,152,89,1,-1,-1,-1
1794,788,1274,182,143,87,1,-1,-1,-1
1795,788,1264,179,138,88,1,-1,-1,-1
1796,788,1256,177,134,85,1,-1,-1,-1
1797,788,1250,175,128,83,1,-1,-1,-1
1798,788,1242,173,123,82,1,-1,-1,-1
1799,788,1234,173,119,79,1,-1,-1,-1
1800,788,1226,168,117,80,1,-1,-1,-1
1801,788,1220,159,112,85,1,-1,-1,-1
1802,788,1213,161,112,79,1,-1,-1,-1
1803,788,1206,157,107,80,1,-1,-1,-1
1804,788,1199,156,105,79,1,-1,-1,-1
1805,788,1193,157,102,74,1,-1,-1,-1
1806,788,1188,156,97,73,1,-1,-1,-1
1807,788,1180,155,99,74,1,-1,-1,-1
1808,788,1176,152,93,72,1,-1,-1,-1
1809,788,1172,151,90,69,1,-1,-1,-1
1810,788,1167,152,88,65,1,-1,-1,-1
1811,788,1164,149,84,64,1,-1,-1,-1
1812,788,1157,141,84,69,1,-1,-1,-1
1813,788,1154,144,82,64,1,-1,-1,-1
1814,788,1149,143,82,62,1,-1,-1,-1
1815,788,1145,142,79,62,1,-1,-1,-1
1816,788,1141,142,79,60,1,-1,-1,-1
1817,788,1133,138,80,62,1,-1,-1,-1
1818,788,1132,137,77,60,1,-1,-1,-1
1819,788,1128,134,74,61,1,-1,-1,-1
1820,788,1123,135,74,57,1,-1,-1,-1
1821,788,1119,134,72,56,1,-1,-1,-1
1822,788,1117,133,70,54,1,-1,-1,-1
1823,788,1110,130,71,54,1,-1,-1,-1
1824,788,1108,129,68,52,1,-1,-1,-1
1825,788,1104,129,67,51,1,-1,-1,-1
1826,788,1100,127,66,51,1,-1,-1,-1
1827,788,1096,126,65,51,1,-1,-1,-1
1828,788,1093,125,64,52,1,-1,-1,-1
1829,788,1088,125,62,48,1,-1,-1,-1
1830,788,1084,122,61,49,1,-1,-1,-1
1831,788,1081,120,59,50,1,-1,-1,-1
1832,788,1080,119,57,48,1,-1,-1,-1
1833,788,1075,117,56,50,1,-1,-1,-1
1834,788,1073,117,54,46,1,-1,-1,-1
1835,788,1067,118,55,45,1,-1,-1,-1
1836,788,1062,116,58,47,1,-1,-1,-1
1837,788,1060,115,55,46,1,-1,-1,-1
1838,788,1057,116,54,42,1,-1,-1,-1
1839,788,1054,115,54,42,1,-1,-1,-1
1840,788,1052,114,49,41,1,-1,-1,-1
1841,788,1049,115,49,40,1,-1,-1,-1
1842,788,1046,110,49,42,1,-1,-1,-1
1843,788,1044,108,47,44,1,-1,-1,-1
1844,788,1039,109,47,40,1,-1,-1,-1
1845,788,1037,108,46,39,1,-1,-1,-1
1846,788,1032,107,49,40,1,-1,-1,-1
1847,788,1031,107,46,39,1,-1,-1,-1
1848,788,1028,107,46,38,1,-1,-1,-1
1849,788,1026,105,43,37,1,-1,-1,-1
1850,788,1023,105,44,37,1,-1,-1,-1
1851,788,1019,104,44,38,1,-1,-1,-1
1852,788,1016,103,44,39,1,-1,-1,-1
1853,788,1015,102,42,39,1,-1,-1,-1
1854,788,1012,102,41,38,1,-1,-1,-1
1855,788,1008,101,43,35,1,-1,-1,-1
1856,788,1005,103,42,32,1,-1,-1,-1
1857,788,1002,102,43,34,1,-1,-1,-1
1858,788,1003,102,38,34,1,-1,-1,-1
1859,788,999,101,41,34,1,-1,-1,-1
1860,788,995,100,42,35,1,-1,-1,-1
1861,788,993,100,41,32,1,-1,-1,-1
1862,788,991,99,40,33,1,-1,-1,-1
1863,788,990,98,39,33,1,-1,-1,-1
1864,788,988,99,38,32,1,-1,-1,-1
1865,788,984,99,38,32,1,-1,-1,-1
1866,788,983,101,35,30,1,-1,-1,-1
1867,788,981,98,35,31,1,-1,-1,-1
1868,788,977,97,36,32,1,-1,-1,-1
1869,788,967,95,36,32,1,-1,-1,-1
1870,788,965,92,35,36,1,-1,-1,-1
1871,788,961,95,35,34,1,-1,-1,-1
1872,788,957,96,36,32,1,-1,-1,-1
1873,788,953,90,37,36,1,-1,-1,-1
1874,788,949,96,38,30,1,-1,-1,-1
1875,788,944,97,37,29,1,-1,-1,-1
1876,788,941,96,37,29,1,-1,-1,-1
1877,788,930,97,33,28,1,-1,-1,-1
1878,788,925,96,34,29,1,-1,-1,-1
1879,788,920,96,34,28,1,-1,-1,-1
1880,788,916,93,33,31,1,-1,-1,-1
1881,788,912,94,33,29,1,-1,-1,-1
1882,788,905,94,36,29,1,-1,-1,-1
1883,788,899,95,37,28,1,-1,-1,-1
1884,788,897,97,34,26,1,-1,-1,-1
1885,788,892,97,32,27,1,-1,-1,-1
1886,788,888,97,32,28,1,-1,-1,-1
1887,788,882,98,34,25,1,-1,-1,-1
1888,788,876,97,34,27,1,-1,-1,-1
1889,788,873,97,33,25,1,-1,-1,-1
1890,788,869,99,31,25,1,-1,-1,-1
1891,788,864,98,32,25,1,-1,-1,-1
1892,788,859,100,32,25,1,-1,-1,-1
1893,788,853,97,33,25,1,-1,-1,-1
1894,788,851,99,31,24,1,-1,-1,-1
1895,788,847,99,26,26,1,-1,-1,-1
1896,788,841,98,29,26,1,-1,-1,-1
1897,788,834,98,33,28,1,-1,-1,-1
1898,788,831,99,30,27,1,-1,-1,-1
1899,788,827,97,31,27,1,-1,-1,-1
1900,788,823,100,30,25,1,-1,-1,-1
1901,788,817,98,30,26,1,-1,-1,-1
1902,788,812,98,32,27,1,-1,-1,-1
1903,788,809,97,30,26,1,-1,-1,-1
1904,788,804,97,31,26,1,-1,-1,-1
1905,788,803,100,28,24,1,-1,-1,-1
1906,788,798,99,28,24,1,-1,-1,-1
1907,788,793,101,32,22,1,-1,-1,-1
1908,788,790,100,30,23,1,-1,-1,-1
1909,788,787,98,27,24,1,-1,-1,-1
1910,788,784,97,26,25,1,-1,-1,-1
1911,788,782,98,24,24,1,-1,-1,-1
1775,790,1,480,190,190,1,-1,-1,-1
1776,790,1,462,325,195,1,-1,-1,-1
1777,790,0,447,463,230,1,-1,-1,-1
1778,790,19,435,583,229,1,-1,-1,-1
1779,790,164,420,575,230,1,-1,-1,-1
1780,790,300,410,574,224,1,-1,-1,-1
1781,790,433,398,573,224,1,-1,-1,-1
1782,790,569,386,565,221,1,-1,-1,-1
1783,790,700,378,561,216,1,-1,-1,-1
1784,790,833,371,547,211,1,-1,-1,-1
1785,790,962,366,536,206,1,-1,-1,-1
1786,790,1087,360,523,199,1,-1,-1,-1
1787,790,1208,353,505,197,1,-1,-1,-1
1788,790,1329,348,488,194,1,-1,-1,-1
1789,790,1440,346,471,190,1,-1,-1,-1
1790,790,1547,346,372,182,1,-1,-1,-1
1791,790,1652,343,267,180,1,-1,-1,-1
1792,790,1752,361,168,157,1,-1,-1,-1
1810,792,692,113,29,30,1,-1,-1,-1
1811,792,694,112,30,26,1,-1,-1,-1
1812,792,695,110,31,27,1,-1,-1,-1
1813,792,697,111,30,27,1,-1,-1,-1
1814,792,700,112,30,26,1,-1,-1,-1
1815,792,702,112,31,25,1,-1,-1,-1
1816,792,703,113,33,25,1,-1,-1,-1
1817,792,706,114,31,24,1,-1,-1,-1
1818,792,707,114,32,25,1,-1,-1,-1
1819,792,709,113,32,27,1,-1,-1,-1
1820,792,710,113,32,26,1,-1,-1,-1
1821,792,711,112,33,28,1,-1,-1,-1
1822,792,714,113,31,27,1,-1,-1,-1
1823,792,717,113,30,27,1,-1,-1,-1
1824,792,718,114,31,26,1,-1,-1,-1
1825,792,718,113,34,27,1,-1,-1,-1
1826,792,719,115,36,27,1,-1,-1,-1
1827,792,719,116,33,27,1,-1,-1,-1
1828,792,721,118,32,25,1,-1,-1,-1
1829,792,722,119,33,24,1,-1,-1,-1
1830,792,722,119,33,25,1,-1,-1,-1
1831,792,720,118,35,27,1,-1,-1,-1
1832,792,720,118,35,27,1,-1,-1,-1
1833,792,722,118,33,27,1,-1,-1,-1
1834,792,720,119,37,26,1,-1,-1,-1
1835,792,720,118,37,28,1,-1,-1,-1
1836,792,720,116,38,30,1,-1,-1,-1
1837,792,721,117,38,30,1,-1,-1,-1
1838,792,721,116,37,31,1,-1,-1,-1
1839,792,722,115,36,32,1,-1,-1,-1
1840,792,720,114,37,33,1,-1,-1,-1
1841,792,715,116,41,31,1,-1,-1,-1
1842,792,713,117,46,31,1,-1,-1,-1
1843,792,715,118,43,32,1,-1,-1,-1
1844,792,716,115,40,34,1,-1,-1,-1
1845,792,718,119,37,30,1,-1,-1,-1
1846,792,694,114,58,33,1,-1,-1,-1
1847,792,698,115,50,31,1,-1,-1,-1
1848,792,702,115,47,33,1,-1,-1,-1
1849,792,701,116,49,34,1,-1,-1,-1
1850,792,702,116,46,35,1,-1,-1,-1
1851,792,705,120,43,33,1,-1,-1,-1
1852,792,701,119,47,34,1,-1,-1,-1
1853,792,702,119,43,35,1,-1,-1,-1
1854,792,702,122,42,34,1,-1,-1,-1
1855,792,698,121,45,36,1,-1,-1,-1
1856,792,696,120,47,37,1,-1,-1,-1
1857,792,696,116,46,40,1,-1,-1,-1
1858,792,695,123,48,36,1,-1,-1,-1
1859,792,696,126,47,34,1,-1,-1,-1
1860,792,692,126,52,33,1,-1,-1,-1
1861,792,690,129,48,32,1,-1,-1,-1
1862,792,689,125,51,38,1,-1,-1,-1
1863,792,689,124,52,39,1,-1,-1,-1
1864,792,687,128,47,35,1,-1,-1,-1
1865,792,684,129,47,37,1,-1,-1,-1
1866,792,683,127,47,40,1,-1,-1,-1
1867,792,682,130,49,39,1,-1,-1,-1
1868,792,682,131,46,40,1,-1,-1,-1
1869,792,678,130,47,44,1,-1,-1,-1
1870,792,676,133,49,43,1,-1,-1,-1
1871,792,676,134,48,42,1,-1,-1,-1
1872,792,673,135,50,42,1,-1,-1,-1
1873,792,672,134,50,44,1,-1,-1,-1
1874,792,671,136,52,44,1,-1,-1,-1
1875,792,668,137,55,43,1,-1,-1,-1
1876,792,666,137,53,45,1,-1,-1,-1
1877,792,661,138,55,46,1,-1,-1,-1
1878,792,660,140,56,45,1,-1,-1,-1
1879,792,660,141,55,45,1,-1,-1,-1
1880,792,658,137,55,52,1,-1,-1,-1
1881,792,657,140,57,50,1,-1,-1,-1
1882,792,654,142,57,51,1,-1,-1,-1
1883,792,652,143,58,50,1,-1,-1,-1
1884,792,648,143,61,51,1,-1,-1,-1
1885,792,646,145,63,51,1,-1,-1,-1
1886,792,646,147,61,50,1,-1,-1,-1
1887,792,643,148,62,51,1,-1,-1,-1
1888,792,643,148,61,51,1,-1,-1,-1
1889,792,640,148,63,52,1,-1,-1,-1
1890,792,638,149,63,52,1,-1,-1,-1
1891,792,637,149,64,52,1,-1,-1,-1
1892,792,636,150,64,53,1,-1,-1,-1
1893,792,633,150,64,54,1,-1,-1,-1
1894,792,631,152,66,53,1,-1,-1,-1
1895,792,630,153,64,54,1,-1,-1,-1
1896,792,628,154,66,54,1,-1,-1,-1
1897,792,626,154,69,56,1,-1,-1,-1
1898,792,625,155,66,57,1,-1,-1,-1
1899,792,622,156,67,57,1,-1,-1,-1
1900,792,622,157,68,57,1,-1,-1,-1
1901,792,617,159,68,56,1,-1,-1,-1
1902,792,616,159,70,58,1,-1,-1,-1
1903,792,614,160,71,60,1,-1,-1,-1
1904,792,612,160,71,61,1,-1,-1,-1
1905,792,610,160,73,63,1,-1,-1,-1
1906,792,609,159,73,65,1,-1,-1,-1
1907,792,607,162,75,65,1,-1,-1,-1
1908,792,606,164,76,63,1,-1,-1,-1
1909,792,604,166,75,62,1,-1,-1,-1
1910,792,603,166,77,64,1,-1,-1,-1
1911,792,603,168,74,63,1,-1,-1,-1
1912,792,600,170,76,64,1,-1,-1,-1
1913,792,600,169,75,63,1,-1,-1,-1
1914,792,600,169,72,66,1,-1,-1,-1
1915,792,598,170,76,66,1,-1,-1,-1
1916,792,597,170,75,66,1,-1,-1,-1
1917,792,596,172,73,66,1,-1,-1,-1
1918,792,595,172,72,69,1,-1,-1,-1
1919,792,594,174,71,69,1,-1,-1,-1
1920,792,593,174,72,69,1,-1,-1,-1
1921,792,593,173,73,69,1,-1,-1,-1
1922,792,593,175,73,70,1,-1,-1,-1
1923,792,592,176,72,70,1,-1,-1,-1
1924,792,592,177,71,68,1,-1,-1,-1
1925,792,592,178,71,67,1,-1,-1,-1
1926,792,592,178,71,67,1,-1,-1,-1
1927,792,591,181,71,66,1,-1,-1,-1
1928,792,590,182,71,66,1,-1,-1,-1
1929,792,590,182,70,66,1,-1,-1,-1
1930,792,590,184,69,64,1,-1,-1,-1
1931,792,590,184,68,65,1,-1,-1,-1
1932,792,590,184,69,65,1,-1,-1,-1
1933,792,590,184,70,66,1,-1,-1,-1
1934,792,591,185,69,66,1,-1,-1,-1
1935,792,591,187,68,66,1,-1,-1,-1
1936,792,591,187,69,65,1,-1,-1,-1
1937,792,589,185,69,67,1,-1,-1,-1
1938,792,589,185,69,67,1,-1,-1,-1
1939,792,590,187,68,66,1,-1,-1,-1
1940,792,589,186,67,66,1,-1,-1,-1
1941,792,588,185,67,68,1,-1,-1,-1
1942,792,588,185,67,68,1,-1,-1,-1
1943,792,588,184,66,69,1,-1,-1,-1
1944,792,587,184,66,69,1,-1,-1,-1
1945,792,587,184,68,70,1,-1,-1,-1
1946,792,587,184,69,70,1,-1,-1,-1
1947,792,585,181,70,73,1,-1,-1,-1
1948,792,585,180,70,74,1,-1,-1,-1
1949,792,585,182,70,72,1,-1,-1,-1
1950,792,581,186,73,69,1,-1,-1,-1
1951,792,586,183,70,70,1,-1,-1,-1
1952,792,586,184,70,70,1,-1,-1,-1
1953,792,585,183,70,71,1,-1,-1,-1
1954,792,582,186,72,70,1,-1,-1,-1
1955,792,582,185,72,70,1,-1,-1,-1
1956,792,581,185,72,70,1,-1,-1,-1
1957,792,588,182,68,67,1,-1,-1,-1
1958,792,584,186,69,65,1,-1,-1,-1
1959,792,583,186,69,65,1,-1,-1,-1
1960,792,584,185,68,66,1,-1,-1,-1
1961,792,588,180,69,66,1,-1,-1,-1
1962,792,588,180,71,66,1,-1,-1,-1
1963,792,588,179,78,64,1,-1,-1,-1
1964,792,588,180,76,60,1,-1,-1,-1
1965,792,588,180,73,60,1,-1,-1,-1
1966,792,589,181,72,59,1,-1,-1,-1
1967,792,589,181,81,57,1,-1,-1,-1
1968,792,590,181,80,58,1,-1,-1,-1
1969,792,590,180,81,59,1,-1,-1,-1
1970,792,590,181,80,59,1,-1,-1,-1
1971,792,590,180,81,60,1,-1,-1,-1
1972,792,590,181,80,59,1,-1,-1,-1
1973,792,590,180,81,59,1,-1,-1,-1
1974,792,590,181,79,59,1,-1,-1,-1
1975,792,590,181,79,59,1,-1,-1,-1
1976,792,590,180,81,60,1,-1,-1,-1
1977,792,590,182,79,61,1,-1,-1,-1
1978,792,590,182,77,63,1,-1,-1,-1
1979,792,590,182,77,64,1,-1,-1,-1
1980,792,590,182,78,64,1,-1,-1,-1
1981,792,591,181,78,62,1,-1,-1,-1
1982,792,591,181,78,62,1,-1,-1,-1
1983,792,591,181,77,62,1,-1,-1,-1
1984,792,592,182,77,61,1,-1,-1,-1
1985,792,592,182,78,61,1,-1,-1,-1
1986,792,592,182,76,62,1,-1,-1,-1
1987,792,591,181,79,67,1,-1,-1,-1
1988,792,591,182,77,67,1,-1,-1,-1
1989,792,591,181,78,67,1,-1,-1,-1
1990,792,591,180,81,67,1,-1,-1,-1
1991,792,591,180,81,66,1,-1,-1,-1
1992,792,590,181,79,65,1,-1,-1,-1
1993,792,590,180,80,67,1,-1,-1,-1
1994,792,589,180,80,66,1,-1,-1,-1
1995,792,589,180,79,67,1,-1,-1,-1
1996,792,589,180,77,67,1,-1,-1,-1
1834,793,661,115,26,23,1,-1,-1,-1
1835,793,661,115,28,24,1,-1,-1,-1
1836,793,660,116,30,23,1,-1,-1,-1
1837,793,662,115,37,25,1,-1,-1,-1
1868,793,720,119,34,27,1,-1,-1,-1
1869,793,720,119,36,27,1,-1,-1,-1
1870,793,719,118,37,27,1,-1,-1,-1
1871,793,718,120,37,25,1,-1,-1,-1
1872,793,717,119,38,26,1,-1,-1,-1
1873,793,718,119,36,27,1,-1,-1,-1
1874,793,716,119,38,27,1,-1,-1,-1
1875,793,714,121,40,26,1,-1,-1,-1
1876,793,715,121,38,26,1,-1,-1,-1
1877,793,718,122,35,26,1,-1,-1,-1
1878,793,718,121,36,27,1,-1,-1,-1
1879,793,717,123,41,27,1,-1,-1,-1
1880,793,714,123,40,27,1,-1,-1,-1
1881,793,713,123,41,27,1,-1,-1,-1
1882,793,715,124,39,27,1,-1,-1,-1
1883,793,711,123,43,28,1,-1,-1,-1
1884,793,708,123,45,28,1,-1,-1,-1
1885,793,709,123,44,29,1,-1,-1,-1
1886,793,705,125,51,27,1,-1,-1,-1
1887,793,707,126,42,26,1,-1,-1,-1
1888,793,707,126,40,26,1,-1,-1,-1
1889,793,707,125,38,29,1,-1,-1,-1
1890,793,704,124,41,30,1,-1,-1,-1
1891,793,703,124,41,31,1,-1,-1,-1
1892,793,702,125,41,32,1,-1,-1,-1
1893,793,702,129,41,28,1,-1,-1,-1
1894,793,702,131,39,26,1,-1,-1,-1
1895,793,698,130,42,28,1,-1,-1,-1
1896,793,697,130,41,30,1,-1,-1,-1
1897,793,697,132,40,29,1,-1,-1,-1
1898,793,697,131,41,30,1,-1,-1,-1
1899,793,694,130,43,32,1,-1,-1,-1
1900,793,690,134,45,30,1,-1,-1,-1
1901,793,690,134,44,30,1,-1,-1,-1
1902,793,689,134,44,31,1,-1,-1,-1
1903,793,688,135,45,31,1,-1,-1,-1
1904,793,690,135,41,32,1,-1,-1,-1
1905,793,685,135,45,34,1,-1,-1,-1
1906,793,684,135,46,36,1,-1,-1,-1
1907,793,684,137,47,35,1,-1,-1,-1
1908,793,683,139,46,34,1,-1,-1,-1
1909,793,682,139,46,37,1,-1,-1,-1
1910,793,679,141,47,36,1,-1,-1,-1
1911,793,680,141,45,36,1,-1,-1,-1
1912,793,678,141,46,37,1,-1,-1,-1
1913,793,675,141,49,38,1,-1,-1,-1
1914,793,673,143,50,37,1,-1,-1,-1
1915,793,672,145,50,36,1,-1,-1,-1
1916,793,670,144,52,39,1,-1,-1,-1
1917,793,668,144,50,39,1,-1,-1,-1
1918,793,667,146,52,39,1,-1,-1,-1
1919,793,666,145,54,40,1,-1,-1,-1
1920,793,664,148,54,40,1,-1,-1,-1
1921,793,664,148,52,40,1,-1,-1,-1
1922,793,662,150,53,41,1,-1,-1,-1
1923,793,659,150,56,41,1,-1,-1,-1
1924,793,659,150,53,42,1,-1,-1,-1
1925,793,657,151,56,43,1,-1,-1,-1
1926,793,656,151,56,43,1,-1,-1,-1
1927,793,654,151,57,44,1,-1,-1,-1
1928,793,653,152,58,45,1,-1,-1,-1
1929,793,649,152,59,47,1,-1,-1,-1
1930,793,647,154,61,45,1,-1,-1,-1
1931,793,646,157,62,44,1,-1,-1,-1
1932,793,646,160,59,43,1,-1,-1,-1
1933,793,643,158,61,46,1,-1,-1,-1
1934,793,643,157,60,49,1,-1,-1,-1
1935,793,643,158,59,48,1,-1,-1,-1
1936,793,643,160,58,46,1,-1,-1,-1
1937,793,642,159,59,50,1,-1,-1,-1
1938,793,641,161,59,48,1,-1,-1,-1
1939,793,640,163,60,47,1,-1,-1,-1
1940,793,640,163,58,48,1,-1,-1,-1
1941,793,640,165,56,46,1,-1,-1,-1
1942,793,640,165,56,47,1,-1,-1,-1
1943,793,639,165,56,48,1,-1,-1,-1
1944,793,640,165,55,48,1,-1,-1,-1
1945,793,639,166,55,47,1,-1,-1,-1
1946,793,639,167,53,47,1,-1,-1,-1
1947,793,639,168,54,48,1,-1,-1,-1
1948,793,639,169,52,46,1,-1,-1,-1
1949,793,639,171,52,45,1,-1,-1,-1
1950,793,640,172,48,44,1,-1,-1,-1
1951,793,640,171,47,46,1,-1,-1,-1
1952,793,640,171,48,47,1,-1,-1,-1
1953,793,640,171,48,47,1,-1,-1,-1
1954,793,640,173,48,45,1,-1,-1,-1
1955,793,640,174,47,45,1,-1,-1,-1
1956,793,640,175,47,46,1,-1,-1,-1
1957,793,639,175,47,44,1,-1,-1,-1
1958,793,639,175,46,47,1,-1,-1,-1
1959,793,640,175,45,47,1,-1,-1,-1
1960,793,640,175,45,46,1,-1,-1,-1
1961,793,639,176,45,46,1,-1,-1,-1
1962,793,639,176,44,46,1,-1,-1,-1
1963,793,639,177,44,46,1,-1,-1,-1
1964,793,637,178,46,47,1,-1,-1,-1
1965,793,638,178,46,48,1,-1,-1,-1
1966,793,638,178,45,47,1,-1,-1,-1
1967,793,640,180,40,48,1,-1,-1,-1
1968,793,640,180,40,49,1,-1,-1,-1
1969,793,640,181,39,50,1,-1,-1,-1
1970,793,640,181,38,49,1,-1,-1,-1
1972,793,640,181,37,51,1,-1,-1,-1
1973,793,641,180,38,51,1,-1,-1,-1
1974,793,641,181,35,51,1,-1,-1,-1
1975,793,641,181,35,50,1,-1,-1,-1
1977,793,641,181,35,51,1,-1,-1,-1
1978,793,641,180,34,51,1,-1,-1,-1
1979,793,641,180,34,52,1,-1,-1,-1
1980,793,641,180,35,54,1,-1,-1,-1
1981,793,640,180,35,54,1,-1,-1,-1
1982,793,640,180,35,54,1,-1,-1,-1
1983,793,640,180,36,55,1,-1,-1,-1
1984,793,640,180,36,55,1,-1,-1,-1
1985,793,640,180,36,55,1,-1,-1,-1
1986,793,640,180,36,55,1,-1,-1,-1
1987,793,639,178,39,60,1,-1,-1,-1
1988,793,640,178,38,58,1,-1,-1,-1
1989,793,640,178,37,59,1,-1,-1,-1
1990,793,639,178,37,60,1,-1,-1,-1
1991,793,639,178,37,59,1,-1,-1,-1
1992,793,640,178,37,58,1,-1,-1,-1
1993,793,639,178,37,59,1,-1,-1,-1
1994,793,640,178,36,58,1,-1,-1,-1
1995,793,640,179,36,57,1,-1,-1,-1
1996,793,640,179,36,55,1,-1,-1,-1
1851,795,1620,1020,299,57,1,-1,-1,-1
1852,795,1582,979,335,95,1,-1,-1,-1
1853,795,1542,943,375,134,1,-1,-1,-1
1854,795,1506,906,412,169,1,-1,-1,-1
1855,795,1470,871,447,207,1,-1,-1,-1
1856,795,1436,840,481,236,1,-1,-1,-1
1857,795,1397,802,519,274,1,-1,-1,-1
1858,795,1363,779,555,297,1,-1,-1,-1
1859,795,1326,751,591,325,1,-1,-1,-1
1860,795,1288,723,598,354,1,-1,-1,-1
1861,795,1247,699,588,379,1,-1,-1,-1
1862,795,1203,672,578,400,1,-1,-1,-1
1863,795,1162,653,566,381,1,-1,-1,-1
1864,795,1118,629,552,368,1,-1,-1,-1
1865,795,1074,610,543,351,1,-1,-1,-1
1866,795,1030,589,534,340,1,-1,-1,-1
1867,795,982,575,524,325,1,-1,-1,-1
1868,795,933,557,519,316,1,-1,-1,-1
1869,795,785,515,499,286,1,-1,-1,-1
1870,795,732,503,496,276,1,-1,-1,-1
1871,795,678,491,491,267,1,-1,-1,-1
1872,795,628,478,486,261,1,-1,-1,-1
1873,795,576,470,476,254,1,-1,-1,-1
1874,795,521,462,472,246,1,-1,-1,-1
1875,795,471,455,462,240,1,-1,-1,-1
1876,795,415,448,459,234,1,-1,-1,-1
1877,795,246,435,448,216,1,-1,-1,-1
1878,795,194,429,439,210,1,-1,-1,-1
1879,795,135,428,435,205,1,-1,-1,-1
1880,795,82,425,425,199,1,-1,-1,-1
1881,795,24,421,422,197,1,-1,-1,-1
1882,795,0,422,386,194,1,-1,-1,-1
1883,795,0,423,326,185,1,-1,-1,-1
1884,795,1,422,263,185,1,-1,-1,-1
1885,795,0,421,204,182,1,-1,-1,-1
1886,795,0,420,142,179,1,-1,-1,-1
1873,797,1567,983,349,91,1,-1,-1,-1
1874,797,1522,945,394,131,1,-1,-1,-1
1875,797,1485,903,431,173,1,-1,-1,-1
1876,797,1446,864,471,209,1,-1,-1,-1
1877,797,1335,765,583,309,1,-1,-1,-1
1878,797,1296,739,615,337,1,-1,-1,-1
1879,797,1255,714,598,363,1,-1,-1,-1
1880,797,1216,689,586,388,1,-1,-1,-1
1881,797,1176,666,574,388,1,-1,-1,-1
1882,797,1137,644,564,377,1,-1,-1,-1
1883,797,1097,624,553,362,1,-1,-1,-1
1884,797,1056,607,543,347,1,-1,-1,-1
1885,797,1012,589,538,339,1,-1,-1,-1
1886,797,970,574,532,327,1,-1,-1,-1
1887,797,929,559,525,319,1,-1,-1,-1
1888,797,884,546,521,309,1,-1,-1,-1
1889,797,845,534,512,298,1,-1,-1,-1
1890,797,801,523,508,290,1,-1,-1,-1
1891,797,759,511,501,283,1,-1,-1,-1
1892,797,714,502,499,277,1,-1,-1,-1
1893,797,671,493,491,267,1,-1,-1,-1
1894,797,626,484,485,262,1,-1,-1,-1
1895,797,580,474,484,258,1,-1,-1,-1
1896,797,535,469,480,248,1,-1,-1,-1
1897,797,491,462,470,243,1,-1,-1,-1
1898,797,445,457,465,235,1,-1,-1,-1
1899,797,400,452,459,232,1,-1,-1,-1
1900,797,351,447,455,225,1,-1,-1,-1
1901,797,302,442,459,219,1,-1,-1,-1
1902,797,254,440,455,215,1,-1,-1,-1
1903,797,210,436,447,213,1,-1,-1,-1
1904,797,161,433,439,205,1,-1,-1,-1
1905,797,112,430,434,204,1,-1,-1,-1
1906,797,66,428,429,199,1,-1,-1,-1
1907,797,12,427,433,194,1,-1,-1,-1
1908,797,0,427,392,190,1,-1,-1,-1
1909,797,0,424,338,187,1,-1,-1,-1
1910,797,0,424,284,185,1,-1,-1,-1
1911,797,0,423,229,182,1,-1,-1,-1
1912,797,0,423,177,176,1,-1,-1,-1
1913,797,0,422,125,167,1,-1,-1,-1
1898,803,1461,979,457,97,1,-1,-1,-1
1899,803,1374,923,544,154,1,-1,-1,-1
1900,803,1304,873,613,203,1,-1,-1,-1
1901,803,1242,822,633,252,1,-1,-1,-1
1902,803,1184,780,607,295,1,-1,-1,-1
1903,803,1126,741,580,336,1,-1,-1,-1
1904,803,1069,707,561,372,1,-1,-1,-1
1905,803,1017,674,535,364,1,-1,-1,-1
1906,803,968,647,517,346,1,-1,-1,-1
1907,803,918,624,502,329,1,-1,-1,-1
1908,803,869,599,488,319,1,-1,-1,-1
1909,803,821,578,474,307,1,-1,-1,-1
1910,803,774,562,460,293,1,-1,-1,-1
1911,803,724,542,455,290,1,-1,-1,-1
1912,803,681,532,443,272,1,-1,-1,-1
1913,803,631,517,444,263,1,-1,-1,-1
1914,803,588,505,428,255,1,-1,-1,-1
1915,803,542,491,419,250,1,-1,-1,-1
1916,803,497,484,413,241,1,-1,-1,-1
1917,803,449,475,409,235,1,-1,-1,-1
1918,803,403,466,404,229,1,-1,-1,-1
1919,803,363,460,395,223,1,-1,-1,-1
1920,803,317,454,391,216,1,-1,-1,-1
1921,803,273,449,385,211,1,-1,-1,-1
1922,803,225,446,384,204,1,-1,-1,-1
1923,803,177,440,381,199,1,-1,-1,-1
1924,803,130,437,378,198,1,-1,-1,-1
1925,803,84,432,373,193,1,-1,-1,-1
1926,803,36,432,369,186,1,-1,-1,-1
1927,803,0,429,356,184,1,-1,-1,-1
1928,803,1,428,304,181,1,-1,-1,-1
1929,803,0,425,256,178,1,-1,-1,-1
1930,803,1,420,204,179,1,-1,-1,-1
1931,803,0,421,155,173,1,-1,-1,-1
1932,803,0,422,103,160,1,-1,-1,-1
1919,808,734,120,32,23,1,-1,-1,-1
1920,808,736,118,34,24,1,-1,-1,-1
1921,808,738,115,34,26,1,-1,-1,-1
1922,808,741,116,31,25,1,-1,-1,-1
1923,808,743,118,32,24,1,-1,-1,-1
1924,808,742,118,36,24,1,-1,-1,-1
1925,808,746,120,32,23,1,-1,-1,-1
1926,808,749,120,31,23,1,-1,-1,-1
1928,808,753,122,31,22,1,-1,-1,-1
1929,808,754,123,32,22,1,-1,-1,-1
1930,808,755,124,34,22,1,-1,-1,-1
1931,808,756,124,34,22,1,-1,-1,-1
1933,808,760,122,35,23,1,-1,-1,-1
1934,808,760,123,37,24,1,-1,-1,-1
1935,808,763,122,34,24,1,-1,-1,-1
1936,808,763,124,35,23,1,-1,-1,-1
1937,808,763,123,36,24,1,-1,-1,-1
1938,808,765,124,36,25,1,-1,-1,-1
1939,808,766,124,34,26,1,-1,-1,-1
1940,808,766,125,36,25,1,-1,-1,-1
1941,808,767,125,37,26,1,-1,-1,-1
1942,808,766,125,38,26,1,-1,-1,-1
1943,808,767,126,36,27,1,-1,-1,-1
1944,808,766,127,39,26,1,-1,-1,-1
1945,808,766,128,39,26,1,-1,-1,-1
1946,808,768,128,38,27,1,-1,-1,-1
1947,808,767,128,40,28,1,-1,-1,-1
1948,808,766,128,43,28,1,-1,-1,-1
1949,808,766,129,43,29,1,-1,-1,-1
1950,808,768,130,43,30,1,-1,-1,-1
1951,808,769,131,42,31,1,-1,-1,-1
1952,808,769,131,44,31,1,-1,-1,-1
1953,808,768,130,45,35,1,-1,-1,-1
1954,808,767,130,48,39,1,-1,-1,-1
1955,808,766,133,49,36,1,-1,-1,-1
1956,808,766,133,51,40,1,-1,-1,-1
1957,808,767,135,50,39,1,-1,-1,-1
1958,808,769,137,45,38,1,-1,-1,-1
1959,808,767,140,49,37,1,-1,-1,-1
1960,808,767,137,50,41,1,-1,-1,-1
1961,808,768,138,50,41,1,-1,-1,-1
1962,808,766,139,50,41,1,-1,-1,-1
1963,808,765,142,52,41,1,-1,-1,-1
1964,808,765,140,52,44,1,-1,-1,-1
1965,808,764,141,53,46,1,-1,-1,-1
1966,808,762,143,54,46,1,-1,-1,-1
1967,808,747,163,62,51,1,-1,-1,-1
1968,808,744,165,63,52,1,-1,-1,-1
1969,808,743,165,64,54,1,-1,-1,-1
1970,808,741,167,65,54,1,-1,-1,-1
1971,808,740,170,64,54,1,-1,-1,-1
1972,808,738,171,66,55,1,-1,-1,-1
1973,808,735,172,67,55,1,-1,-1,-1
1974,808,733,175,67,56,1,-1,-1,-1
1975,808,731,176,70,59,1,-1,-1,-1
1976,808,729,178,71,60,1,-1,-1,-1
1977,808,728,179,72,60,1,-1,-1,-1
1978,808,725,180,75,62,1,-1,-1,-1
1979,808,724,184,75,62,1,-1,-1,-1
1980,808,721,185,75,63,1,-1,-1,-1
1981,808,720,188,77,62,1,-1,-1,-1
1982,808,719,190,77,62,1,-1,-1,-1
1983,808,716,191,78,64,1,-1,-1,-1
1984,808,713,193,80,65,1,-1,-1,-1
1985,808,713,196,80,66,1,-1,-1,-1
1986,808,711,198,81,67,1,-1,-1,-1
1987,808,707,199,84,70,1,-1,-1,-1
1988,808,706,202,84,70,1,-1,-1,-1
1989,808,704,205,84,70,1,-1,-1,-1
1990,808,702,206,86,73,1,-1,-1,-1
1991,808,701,209,87,74,1,-1,-1,-1
1992,808,697,209,90,76,1,-1,-1,-1
1993,808,693,211,92,79,1,-1,-1,-1
1994,808,692,216,93,80,1,-1,-1,-1
1995,808,690,219,93,79,1,-1,-1,-1
1996,808,688,221,95,81,1,-1,-1,-1
1940,812,1723,91,56,30,1,-1,-1,-1
1941,812,1723,91,56,29,1,-1,-1,-1
1942,812,1723,91,54,29,1,-1,-1,-1
1947,812,1723,90,57,30,1,-1,-1,-1
1948,812,1723,90,57,30,1,-1,-1,-1
1949,812,1723,90,57,30,1,-1,-1,-1
1950,812,1723,91,56,29,1,-1,-1,-1
1953,812,1723,92,55,29,1,-1,-1,-1
1967,812,1727,95,55,26,1,-1,-1,-1
1968,812,1727,94,55,27,1,-1,-1,-1
1977,812,1724,91,51,28,1,-1,-1,-1
1953,813,1893,691,26,191,1,-1,-1,-1
1954,813,1886,686,33,194,1,-1,-1,-1
1955,813,1881,683,39,194,1,-1,-1,-1
1956,813,1877,680,42,197,1,-1,-1,-1
1957,813,1874,676,45,196,1,-1,-1,-1
1958,813,1871,673,48,197,1,-1,-1,-1
1959,813,1869,672,50,197,1,-1,-1,-1
1960,813,1867,667,52,200,1,-1,-1,-1
1961,813,1864,665,55,201,1,-1,-1,-1
1962,813,1859,664,59,201,1,-1,-1,-1
1963,813,1855,658,63,202,1,-1,-1,-1
1964,813,1849,649,70,206,1,-1,-1,-1
1965,813,1844,645,74,206,1,-1,-1,-1
1966,813,1835,638,84,208,1,-1,-1,-1
1967,815,1671,500,245,331,1,-1,-1,-1
1968,815,1651,492,268,313,1,-1,-1,-1
1969,815,1630,478,289,304,1,-1,-1,-1
1970,815,1610,464,308,294,1,-1,-1,-1
1971,815,1589,450,331,286,1,-1,-1,-1
1972,815,1565,437,354,274,1,-1,-1,-1
1973,815,1544,424,375,263,1,-1,-1,-1
1974,815,1523,410,367,253,1,-1,-1,-1
1975,815,1500,397,352,245,1,-1,-1,-1
1976,815,1475,379,342,239,1,-1,-1,-1
1977,815,1456,372,324,225,1,-1,-1,-1
1978,815,1434,359,311,214,1,-1,-1,-1
1979,815,1414,347,299,208,1,-1,-1,-1
1980,815,1395,339,283,196,1,-1,-1,-1
1981,815,1375,325,273,190,1,-1,-1,-1
1982,815,1356,315,261,182,1,-1,-1,-1
1983,815,1338,304,251,176,1,-1,-1,-1
1984,815,1322,295,239,169,1,-1,-1,-1
1985,815,1303,287,231,161,1,-1,-1,-1
1986,815,1290,278,219,156,1,-1,-1,-1
1987,815,1276,272,209,149,1,-1,-1,-1
1988,815,1260,262,202,147,1,-1,-1,-1
1989,815,1248,255,193,140,1,-1,-1,-1
1990,815,1231,246,188,137,1,-1,-1,-1
1991,815,1222,241,176,130,1,-1,-1,-1
1992,815,1210,232,169,128,1,-1,-1,-1
1993,815,1200,225,161,126,1,-1,-1,-1
1994,815,1188,221,154,119,1,-1,-1,-1
1995,815,1175,214,153,116,1,-1,-1,-1
1996,815,1166,208,146,113,1,-1,-1,-1
1967,816,1835,132,41,25,1,-1,-1,-1
1968,816,1830,132,39,25,1,-1,-1,-1
1969,816,1821,134,41,25,1,-1,-1,-1
1970,816,1811,137,44,24,1,-1,-1,-1
1971,816,1805,139,45,23,1,-1,-1,-1
1972,816,1795,140,44,23,1,-1,-1,-1
1973,816,1784,142,43,22,1,-1,-1,-1
1974,816,1772,143,49,24,1,-1,-1,-1
1975,816,1764,144,47,25,1,-1,-1,-1
1976,816,1752,147,50,23,1,-1,-1,-1
1977,816,1742,147,50,25,1,-1,-1,-1
1978,816,1730,150,48,26,1,-1,-1,-1
1979,816,1720,151,49,25,1,-1,-1,-1
1980,816,1704,153,50,27,1,-1,-1,-1
1981,816,1700,155,46,27,1,-1,-1,-1
1982,816,1694,157,40,25,1,-1,-1,-1
1984,816,1654,157,41,30,1,-1,-1,-1
1979,817,1616,968,302,109,1,-1,-1,-1
1980,817,1577,942,339,135,1,-1,-1,-1
1981,817,1560,915,355,160,1,-1,-1,-1
1982,817,1541,891,377,185,1,-1,-1,-1
1983,817,1534,871,383,206,1,-1,-1,-1
1984,817,1518,846,398,229,1,-1,-1,-1
1985,817,1503,823,414,252,1,-1,-1,-1
1986,817,1491,798,427,279,1,-1,-1,-1
1987,817,1483,785,434,291,1,-1,-1,-1
1988,817,1469,781,450,296,1,-1,-1,-1
1989,817,1457,773,463,302,1,-1,-1,-1
1990,817,1450,759,470,316,1,-1,-1,-1
1991,817,1447,744,472,332,1,-1,-1,-1
1992,817,1438,737,480,339,1,-1,-1,-1
1993,817,1433,727,484,349,1,-1,-1,-1
1994,817,1426,707,491,371,1,-1,-1,-1
1995,817,1422,712,494,365,1,-1,-1,-1
1996,817,1418,665,501,414,1,-1,-1,-1
1987,819,1867,462,53,99,1,-1,-1,-1
1988,819,1839,433,80,127,1,-1,-1,-1
1989,819,1812,419,107,153,1,-1,-1,-1
1990,819,1784,406,135,156,1,-1,-1,-1
1991,819,1758,391,162,152,1,-1,-1,-1
1992,819,1733,379,187,147,1,-1,-1,-1
1993,819,1707,369,213,140,1,-1,-1,-1
1994,819,1682,358,228,138,1,-1,-1,-1
1995,819,1658,345,223,134,1,-1,-1,-1
1996,819,1638,336,211,128,1,-1,-1,-1
