1,515,767,339,141,122,1,-1,-1,-1
2,515,768,339,140,121,1,-1,-1,-1
3,515,768,339,140,121,1,-1,-1,-1
4,515,768,339,140,121,1,-1,-1,-1
5,515,768,339,140,121,1,-1,-1,-1
6,515,768,339,140,121,1,-1,-1,-1
7,515,768,339,140,121,1,-1,-1,-1
8,515,768,339,140,121,1,-1,-1,-1
9,515,768,339,140,121,1,-1,-1,-1
10,515,768,339,140,121,1,-1,-1,-1
11,515,768,339,140,121,1,-1,-1,-1
12,515,768,339,140,121,1,-1,-1,-1
13,515,768,340,140,121,1,-1,-1,-1
14,515,768,339,140,121,1,-1,-1,-1
15,515,768,339,140,121,1,-1,-1,-1
16,515,768,339,140,121,1,-1,-1,-1
17,515,768,339,139,121,1,-1,-1,-1
18,515,768,339,139,121,1,-1,-1,-1
19,515,768,339,139,121,1,-1,-1,-1
20,515,768,339,139,121,1,-1,-1,-1
21,515,768,339,140,121,1,-1,-1,-1
22,515,768,339,140,121,1,-1,-1,-1
23,515,768,339,139,121,1,-1,-1,-1
24,515,768,339,139,121,1,-1,-1,-1
25,515,768,339,140,121,1,-1,-1,-1
26,515,768,339,140,121,1,-1,-1,-1
27,515,768,339,140,121,1,-1,-1,-1
28,515,768,339,140,121,1,-1,-1,-1
29,515,768,339,140,121,1,-1,-1,-1
30,515,768,339,140,121,1,-1,-1,-1
31,515,768,339,140,121,1,-1,-1,-1
32,515,768,339,140,121,1,-1,-1,-1
33,515,768,339,140,121,1,-1,-1,-1
34,515,768,339,140,121,1,-1,-1,-1
35,515,768,339,140,121,1,-1,-1,-1
36,515,768,339,140,121,1,-1,-1,-1
37,515,768,339,140,121,1,-1,-1,-1
38,515,768,339,140,121,1,-1,-1,-1
39,515,768,339,140,121,1,-1,-1,-1
40,515,768,339,140,121,1,-1,-1,-1
41,515,768,339,140,121,1,-1,-1,-1
42,515,768,339,140,121,1,-1,-1,-1
43,515,768,339,140,121,1,-1,-1,-1
44,515,768,339,140,121,1,-1,-1,-1
45,515,768,339,140,121,1,-1,-1,-1
46,515,768,339,140,121,1,-1,-1,-1
47,515,768,339,140,121,1,-1,-1,-1
48,515,768,339,140,121,1,-1,-1,-1
49,515,768,339,140,121,1,-1,-1,-1
50,515,768,339,140,121,1,-1,-1,-1
51,515,768,339,140,121,1,-1,-1,-1
52,515,768,339,140,121,1,-1,-1,-1
53,515,768,339,140,121,1,-1,-1,-1
54,515,768,339,140,121,1,-1,-1,-1
55,515,768,339,140,121,1,-1,-1,-1
56,515,768,339,140,121,1,-1,-1,-1
57,515,768,339,140,121,1,-1,-1,-1
58,515,768,339,140,121,1,-1,-1,-1
59,515,768,339,140,121,1,-1,-1,-1
60,515,768,339,140,121,1,-1,-1,-1
61,515,768,339,139,121,1,-1,-1,-1
62,515,768,339,139,121,1,-1,-1,-1
63,515,768,339,139,121,1,-1,-1,-1
64,515,768,339,139,121,1,-1,-1,-1
65,515,768,339,140,121,1,-1,-1,-1
66,515,768,339,139,121,1,-1,-1,-1
67,515,768,339,139,121,1,-1,-1,-1
68,515,768,339,140,121,1,-1,-1,-1
69,515,768,339,140,121,1,-1,-1,-1
70,515,768,339,140,121,1,-1,-1,-1
71,515,768,339,140,121,1,-1,-1,-1
72,515,768,339,140,121,1,-1,-1,-1
73,515,768,339,140,121,1,-1,-1,-1
74,515,768,339,140,121,1,-1,-1,-1
75,515,768,339,140,121,1,-1,-1,-1
76,515,768,339,140,121,1,-1,-1,-1
77,515,768,339,140,121,1,-1,-1,-1
78,515,768,339,140,121,1,-1,-1,-1
79,515,768,339,140,121,1,-1,-1,-1
80,515,768,339,140,121,1,-1,-1,-1
81,515,768,339,140,121,1,-1,-1,-1
82,515,768,339,140,121,1,-1,-1,-1
83,515,768,339,140,121,1,-1,-1,-1
84,515,768,339,140,121,1,-1,-1,-1
85,515,768,339,140,121,1,-1,-1,-1
86,515,768,339,140,121,1,-1,-1,-1
87,515,768,339,140,121,1,-1,-1,-1
88,515,768,339,140,121,1,-1,-1,-1
89,515,768,339,140,121,1,-1,-1,-1
90,515,768,339,140,121,1,-1,-1,-1
91,515,768,339,140,121,1,-1,-1,-1
92,515,768,339,140,121,1,-1,-1,-1
93,515,768,339,140,121,1,-1,-1,-1
94,515,768,339,140,121,1,-1,-1,-1
95,515,768,339,140,121,1,-1,-1,-1
96,515,768,339,140,121,1,-1,-1,-1
97,515,768,339,140,121,1,-1,-1,-1
98,515,768,339,140,121,1,-1,-1,-1
99,515,768,339,140,121,1,-1,-1,-1
100,515,768,339,140,121,1,-1,-1,-1
101,515,768,339,140,121,1,-1,-1,-1
102,515,768,339,140,121,1,-1,-1,-1
103,515,768,339,140,121,1,-1,-1,-1
104,515,768,339,140,121,1,-1,-1,-1
105,515,768,339,141,121,1,-1,-1,-1
106,515,768,339,141,121,1,-1,-1,-1
107,515,768,339,141,121,1,-1,-1,-1
108,515,768,339,141,121,1,-1,-1,-1
109,515,768,339,140,121,1,-1,-1,-1
110,515,768,340,140,121,1,-1,-1,-1
111,515,768,340,140,121,1,-1,-1,-1
112,515,768,340,140,121,1,-1,-1,-1
113,515,768,339,140,121,1,-1,-1,-1
114,515,768,339,140,121,1,-1,-1,-1
115,515,768,339,140,121,1,-1,-1,-1
116,515,768,339,140,121,1,-1,-1,-1
117,515,768,339,140,121,1,-1,-1,-1
118,515,768,339,140,121,1,-1,-1,-1
119,515,768,339,140,121,1,-1,-1,-1
120,515,768,339,140,121,1,-1,-1,-1
121,515,768,340,140,121,1,-1,-1,-1
122,515,768,340,140,121,1,-1,-1,-1
123,515,768,340,140,121,1,-1,-1,-1
124,515,768,340,140,121,1,-1,-1,-1
125,515,768,340,140,121,1,-1,-1,-1
126,515,768,340,140,121,1,-1,-1,-1
127,515,768,340,140,121,1,-1,-1,-1
128,515,768,340,140,121,1,-1,-1,-1
129,515,768,340,140,121,1,-1,-1,-1
130,515,768,340,140,121,1,-1,-1,-1
131,515,768,340,140,121,1,-1,-1,-1
132,515,768,340,140,121,1,-1,-1,-1
133,515,768,340,139,121,1,-1,-1,-1
134,515,768,340,139,121,1,-1,-1,-1
135,515,768,340,140,121,1,-1,-1,-1
136,515,768,340,140,121,1,-1,-1,-1
137,515,768,339,139,121,1,-1,-1,-1
138,515,768,339,139,121,1,-1,-1,-1
139,515,768,339,139,121,1,-1,-1,-1
140,515,768,339,139,121,1,-1,-1,-1
141,515,768,339,139,121,1,-1,-1,-1
142,515,768,339,139,121,1,-1,-1,-1
143,515,768,339,139,121,1,-1,-1,-1
144,515,768,339,139,121,1,-1,-1,-1
145,515,768,340,140,121,1,-1,-1,-1
146,515,768,340,140,121,1,-1,-1,-1
147,515,768,340,140,121,1,-1,-1,-1
148,515,768,340,140,121,1,-1,-1,-1
149,515,768,340,140,121,1,-1,-1,-1
150,515,768,340,140,121,1,-1,-1,-1
151,515,768,340,139,121,1,-1,-1,-1
152,515,768,340,139,121,1,-1,-1,-1
153,515,768,340,139,121,1,-1,-1,-1
154,515,768,340,139,121,1,-1,-1,-1
155,515,768,340,139,121,1,-1,-1,-1
156,515,768,340,139,121,1,-1,-1,-1
157,515,768,340,139,121,1,-1,-1,-1
158,515,768,340,139,121,1,-1,-1,-1
159,515,768,340,139,121,1,-1,-1,-1
160,515,768,340,139,121,1,-1,-1,-1
161,515,768,340,139,121,1,-1,-1,-1
162,515,768,340,139,121,1,-1,-1,-1
163,515,768,340,139,121,1,-1,-1,-1
164,515,768,340,139,121,1,-1,-1,-1
165,515,768,340,139,121,1,-1,-1,-1
166,515,768,340,139,121,1,-1,-1,-1
167,515,768,340,139,121,1,-1,-1,-1
168,515,768,340,139,121,1,-1,-1,-1
169,515,768,339,139,121,1,-1,-1,-1
170,515,768,339,139,121,1,-1,-1,-1
171,515,768,339,139,121,1,-1,-1,-1
172,515,768,339,139,121,1,-1,-1,-1
173,515,768,339,139,121,1,-1,-1,-1
174,515,768,339,140,121,1,-1,-1,-1
175,515,768,339,139,121,1,-1,-1,-1
176,515,768,339,139,121,1,-1,-1,-1
177,515,768,339,139,121,1,-1,-1,-1
178,515,768,339,139,121,1,-1,-1,-1
179,515,768,339,139,121,1,-1,-1,-1
180,515,768,339,139,121,1,-1,-1,-1
181,515,768,339,139,121,1,-1,-1,-1
182,515,768,339,139,121,1,-1,-1,-1
183,515,768,339,139,121,1,-1,-1,-1
184,515,768,339,139,121,1,-1,-1,-1
185,515,768,340,139,121,1,-1,-1,-1
186,515,768,340,139,121,1,-1,-1,-1
187,515,768,340,139,121,1,-1,-1,-1
188,515,768,340,139,121,1,-1,-1,-1
189,515,768,340,139,121,1,-1,-1,-1
190,515,768,340,139,121,1,-1,-1,-1
191,515,768,340,139,121,1,-1,-1,-1
192,515,768,340,139,121,1,-1,-1,-1
193,515,768,340,140,121,1,-1,-1,-1
194,515,768,340,140,121,1,-1,-1,-1
195,515,768,340,140,121,1,-1,-1,-1
196,515,768,340,140,121,1,-1,-1,-1
197,515,768,340,140,121,1,-1,-1,-1
198,515,768,340,140,121,1,-1,-1,-1
199,515,768,340,140,121,1,-1,-1,-1
200,515,768,340,140,121,1,-1,-1,-1
201,515,768,340,139,121,1,-1,-1,-1
202,515,768,340,139,121,1,-1,-1,-1
203,515,768,340,139,121,1,-1,-1,-1
204,515,768,340,139,121,1,-1,-1,-1
205,515,768,339,140,121,1,-1,-1,-1
206,515,768,339,140,121,1,-1,-1,-1
207,515,768,339,140,121,1,-1,-1,-1
208,515,768,339,140,121,1,-1,-1,-1
209,515,768,340,140,121,1,-1,-1,-1
210,515,768,340,140,121,1,-1,-1,-1
211,515,768,340,140,121,1,-1,-1,-1
212,515,768,340,140,121,1,-1,-1,-1
213,515,768,340,140,121,1,-1,-1,-1
214,515,768,340,140,121,1,-1,-1,-1
215,515,768,340,140,121,1,-1,-1,-1
216,515,768,340,140,121,1,-1,-1,-1
217,515,768,340,140,121,1,-1,-1,-1
218,515,768,340,140,121,1,-1,-1,-1
219,515,768,340,140,121,1,-1,-1,-1
220,515,768,340,140,121,1,-1,-1,-1
221,515,768,340,140,121,1,-1,-1,-1
222,515,768,340,140,121,1,-1,-1,-1
223,515,768,340,140,121,1,-1,-1,-1
224,515,768,340,140,121,1,-1,-1,-1
225,515,768,340,139,121,1,-1,-1,-1
226,515,768,340,139,121,1,-1,-1,-1
227,515,768,340,139,121,1,-1,-1,-1
228,515,768,340,139,121,1,-1,-1,-1
229,515,768,340,139,121,1,-1,-1,-1
230,515,768,340,139,121,1,-1,-1,-1
231,515,768,340,139,121,1,-1,-1,-1
232,515,768,340,139,121,1,-1,-1,-1
233,515,768,340,140,121,1,-1,-1,-1
234,515,768,340,140,121,1,-1,-1,-1
235,515,768,340,140,121,1,-1,-1,-1
236,515,768,340,140,121,1,-1,-1,-1
237,515,768,340,140,121,1,-1,-1,-1
238,515,768,340,140,121,1,-1,-1,-1
239,515,768,340,140,121,1,-1,-1,-1
240,515,768,340,140,121,1,-1,-1,-1
241,515,768,340,140,121,1,-1,-1,-1
242,515,768,340,140,121,1,-1,-1,-1
243,515,768,340,140,121,1,-1,-1,-1
244,515,768,340,140,121,1,-1,-1,-1
245,515,768,340,140,121,1,-1,-1,-1
246,515,768,340,140,121,1,-1,-1,-1
247,515,768,340,140,121,1,-1,-1,-1
248,515,768,340,140,121,1,-1,-1,-1
249,515,768,340,140,121,1,-1,-1,-1
250,515,768,340,140,121,1,-1,-1,-1
251,515,768,340,139,121,1,-1,-1,-1
252,515,768,340,139,121,1,-1,-1,-1
253,515,768,339,139,121,1,-1,-1,-1
254,515,768,339,139,121,1,-1,-1,-1
255,515,768,339,139,121,1,-1,-1,-1
256,515,768,339,139,121,1,-1,-1,-1
257,515,768,339,140,121,1,-1,-1,-1
258,515,768,339,140,121,1,-1,-1,-1
259,515,768,339,140,121,1,-1,-1,-1
260,515,768,339,140,121,1,-1,-1,-1
261,515,768,339,140,121,1,-1,-1,-1
262,515,768,339,140,121,1,-1,-1,-1
263,515,768,339,140,121,1,-1,-1,-1
264,515,768,339,140,121,1,-1,-1,-1
265,515,768,339,139,121,1,-1,-1,-1
266,515,768,339,139,121,1,-1,-1,-1
267,515,768,339,139,121,1,-1,-1,-1
268,515,768,339,139,121,1,-1,-1,-1
269,515,768,339,139,121,1,-1,-1,-1
270,515,768,339,139,121,1,-1,-1,-1
271,515,768,339,139,121,1,-1,-1,-1
272,515,768,339,139,121,1,-1,-1,-1
273,515,768,340,139,121,1,-1,-1,-1
274,515,768,340,139,121,1,-1,-1,-1
275,515,768,340,139,121,1,-1,-1,-1
276,515,768,340,139,121,1,-1,-1,-1
277,515,768,340,140,121,1,-1,-1,-1
278,515,768,340,140,121,1,-1,-1,-1
279,515,768,340,140,121,1,-1,-1,-1
280,515,768,340,140,121,1,-1,-1,-1
281,515,768,340,140,121,1,-1,-1,-1
282,515,768,340,140,121,1,-1,-1,-1
283,515,768,340,140,121,1,-1,-1,-1
284,515,768,340,140,121,1,-1,-1,-1
285,515,768,340,140,121,1,-1,-1,-1
286,515,768,340,140,121,1,-1,-1,-1
287,515,768,340,140,121,1,-1,-1,-1
288,515,768,340,140,121,1,-1,-1,-1
289,515,768,339,140,121,1,-1,-1,-1
290,515,768,339,140,121,1,-1,-1,-1
291,515,768,339,140,121,1,-1,-1,-1
292,515,768,339,140,121,1,-1,-1,-1
293,515,768,339,140,121,1,-1,-1,-1
294,515,768,339,140,121,1,-1,-1,-1
295,515,768,339,140,121,1,-1,-1,-1
296,515,768,339,140,121,1,-1,-1,-1
297,515,768,340,140,121,1,-1,-1,-1
298,515,768,340,140,121,1,-1,-1,-1
299,515,768,340,140,121,1,-1,-1,-1
300,515,768,340,140,121,1,-1,-1,-1
301,515,768,340,140,121,1,-1,-1,-1
302,515,768,340,140,121,1,-1,-1,-1
303,515,768,340,140,121,1,-1,-1,-1
304,515,768,340,140,121,1,-1,-1,-1
305,515,768,340,139,121,1,-1,-1,-1
306,515,768,340,139,121,1,-1,-1,-1
307,515,768,340,139,121,1,-1,-1,-1
308,515,768,340,140,121,1,-1,-1,-1
309,515,768,340,139,121,1,-1,-1,-1
310,515,768,340,139,121,1,-1,-1,-1
311,515,768,340,139,121,1,-1,-1,-1
312,515,768,340,139,121,1,-1,-1,-1
313,515,768,339,139,121,1,-1,-1,-1
314,515,768,339,139,121,1,-1,-1,-1
315,515,768,339,139,121,1,-1,-1,-1
316,515,768,339,139,121,1,-1,-1,-1
317,515,768,339,139,121,1,-1,-1,-1
318,515,768,339,139,121,1,-1,-1,-1
319,515,768,339,139,121,1,-1,-1,-1
320,515,768,339,139,121,1,-1,-1,-1
321,515,768,340,140,121,1,-1,-1,-1
322,515,768,340,140,121,1,-1,-1,-1
323,515,768,340,140,121,1,-1,-1,-1
324,515,768,340,140,121,1,-1,-1,-1
325,515,768,339,140,121,1,-1,-1,-1
326,515,768,339,140,121,1,-1,-1,-1
327,515,768,340,140,121,1,-1,-1,-1
328,515,768,340,140,121,1,-1,-1,-1
329,515,768,340,139,121,1,-1,-1,-1
330,515,768,340,139,121,1,-1,-1,-1
331,515,768,340,139,121,1,-1,-1,-1
332,515,768,340,139,121,1,-1,-1,-1
333,515,768,340,139,121,1,-1,-1,-1
334,515,768,340,139,121,1,-1,-1,-1
335,515,768,340,139,121,1,-1,-1,-1
336,515,768,340,139,121,1,-1,-1,-1
337,515,768,339,140,121,1,-1,-1,-1
338,515,768,339,140,121,1,-1,-1,-1
339,515,768,339,140,121,1,-1,-1,-1
340,515,768,340,140,121,1,-1,-1,-1
341,515,768,340,140,121,1,-1,-1,-1
342,515,768,339,140,121,1,-1,-1,-1
343,515,768,339,140,121,1,-1,-1,-1
344,515,768,339,140,121,1,-1,-1,-1
345,515,768,340,140,121,1,-1,-1,-1
346,515,768,340,140,121,1,-1,-1,-1
347,515,768,340,140,121,1,-1,-1,-1
348,515,768,340,140,121,1,-1,-1,-1
349,515,768,340,140,121,1,-1,-1,-1
350,515,768,340,140,121,1,-1,-1,-1
351,515,768,340,140,121,1,-1,-1,-1
352,515,768,340,140,121,1,-1,-1,-1
353,515,768,340,141,120,1,-1,-1,-1
354,515,768,340,141,120,1,-1,-1,-1
355,515,768,340,141,120,1,-1,-1,-1
356,515,768,340,141,120,1,-1,-1,-1
357,515,768,340,141,120,1,-1,-1,-1
358,515,768,340,140,120,1,-1,-1,-1
359,515,768,340,140,120,1,-1,-1,-1
360,515,768,340,140,120,1,-1,-1,-1
361,515,768,340,140,121,1,-1,-1,-1
362,515,768,340,140,121,1,-1,-1,-1
363,515,768,340,140,121,1,-1,-1,-1
364,515,768,340,140,121,1,-1,-1,-1
365,515,768,340,140,121,1,-1,-1,-1
366,515,768,340,140,121,1,-1,-1,-1
367,515,768,340,140,121,1,-1,-1,-1
368,515,768,340,140,121,1,-1,-1,-1
369,515,768,340,139,121,1,-1,-1,-1
370,515,768,340,139,121,1,-1,-1,-1
371,515,768,340,139,121,1,-1,-1,-1
372,515,768,340,139,121,1,-1,-1,-1
373,515,768,340,139,121,1,-1,-1,-1
374,515,768,340,140,121,1,-1,-1,-1
375,515,768,340,139,121,1,-1,-1,-1
376,515,768,340,139,121,1,-1,-1,-1
377,515,768,340,139,121,1,-1,-1,-1
378,515,768,340,139,121,1,-1,-1,-1
379,515,768,340,139,121,1,-1,-1,-1
380,515,768,340,139,121,1,-1,-1,-1
381,515,768,340,139,121,1,-1,-1,-1
382,515,768,340,139,121,1,-1,-1,-1
383,515,768,340,139,121,1,-1,-1,-1
384,515,768,340,139,121,1,-1,-1,-1
385,515,768,340,139,121,1,-1,-1,-1
386,515,768,340,139,121,1,-1,-1,-1
387,515,768,340,139,121,1,-1,-1,-1
388,515,768,340,139,121,1,-1,-1,-1
389,515,768,340,139,121,1,-1,-1,-1
390,515,768,340,139,121,1,-1,-1,-1
391,515,768,340,139,121,1,-1,-1,-1
392,515,768,340,139,121,1,-1,-1,-1
393,515,768,340,140,121,1,-1,-1,-1
394,515,768,340,140,121,1,-1,-1,-1
395,515,768,340,140,121,1,-1,-1,-1
396,515,768,340,140,121,1,-1,-1,-1
397,515,768,340,140,121,1,-1,-1,-1
398,515,768,340,140,121,1,-1,-1,-1
399,515,768,340,140,121,1,-1,-1,-1
400,515,768,340,140,121,1,-1,-1,-1
401,515,767,340,140,121,1,-1,-1,-1
402,515,767,340,140,121,1,-1,-1,-1
403,515,767,340,140,121,1,-1,-1,-1
404,515,768,340,140,121,1,-1,-1,-1
405,515,768,340,140,121,1,-1,-1,-1
406,515,768,340,140,121,1,-1,-1,-1
407,515,768,340,140,121,1,-1,-1,-1
408,515,768,340,140,121,1,-1,-1,-1
409,515,768,340,140,121,1,-1,-1,-1
410,515,768,340,140,121,1,-1,-1,-1
411,515,768,340,140,121,1,-1,-1,-1
412,515,768,340,140,121,1,-1,-1,-1
413,515,768,340,140,121,1,-1,-1,-1
414,515,768,340,140,121,1,-1,-1,-1
415,515,767,340,140,121,1,-1,-1,-1
416,515,767,340,140,121,1,-1,-1,-1
417,515,768,339,140,121,1,-1,-1,-1
418,515,768,339,140,121,1,-1,-1,-1
419,515,768,339,140,121,1,-1,-1,-1
420,515,768,339,140,121,1,-1,-1,-1
421,515,768,339,140,121,1,-1,-1,-1
422,515,768,339,140,121,1,-1,-1,-1
423,515,768,339,140,121,1,-1,-1,-1
424,515,768,339,140,121,1,-1,-1,-1
425,515,768,339,140,121,1,-1,-1,-1
426,515,768,339,140,121,1,-1,-1,-1
427,515,768,339,140,121,1,-1,-1,-1
428,515,768,340,140,121,1,-1,-1,-1
429,515,768,340,140,121,1,-1,-1,-1
430,515,768,340,140,121,1,-1,-1,-1
431,515,768,340,140,121,1,-1,-1,-1
432,515,768,340,140,121,1,-1,-1,-1
433,515,768,340,140,121,1,-1,-1,-1
434,515,768,340,140,121,1,-1,-1,-1
435,515,768,340,140,121,1,-1,-1,-1
436,515,768,340,140,121,1,-1,-1,-1
437,515,768,340,140,121,1,-1,-1,-1
438,515,768,340,140,121,1,-1,-1,-1
439,515,768,340,140,121,1,-1,-1,-1
440,515,768,340,140,121,1,-1,-1,-1
441,515,768,339,140,121,1,-1,-1,-1
442,515,768,339,140,121,1,-1,-1,-1
443,515,768,339,140,121,1,-1,-1,-1
444,515,768,339,140,121,1,-1,-1,-1
445,515,768,339,139,121,1,-1,-1,-1
446,515,768,339,139,121,1,-1,-1,-1
447,515,768,339,139,121,1,-1,-1,-1
448,515,768,339,139,121,1,-1,-1,-1
449,515,768,339,139,121,1,-1,-1,-1
450,515,768,339,139,121,1,-1,-1,-1
451,515,768,339,139,121,1,-1,-1,-1
452,515,768,339,139,121,1,-1,-1,-1
453,515,769,339,139,121,1,-1,-1,-1
454,515,769,339,139,121,1,-1,-1,-1
455,515,769,339,139,121,1,-1,-1,-1
456,515,769,340,139,121,1,-1,-1,-1
457,515,768,339,140,121,1,-1,-1,-1
458,515,768,339,140,121,1,-1,-1,-1
459,515,768,339,140,121,1,-1,-1,-1
460,515,768,339,140,121,1,-1,-1,-1
461,515,768,340,140,121,1,-1,-1,-1
462,515,768,340,140,121,1,-1,-1,-1
463,515,768,340,140,121,1,-1,-1,-1
464,515,768,340,140,121,1,-1,-1,-1
465,515,768,340,140,121,1,-1,-1,-1
466,515,768,340,140,121,1,-1,-1,-1
467,515,768,340,140,121,1,-1,-1,-1
468,515,768,340,140,121,1,-1,-1,-1
469,515,768,339,140,121,1,-1,-1,-1
470,515,768,339,140,121,1,-1,-1,-1
471,515,768,339,140,121,1,-1,-1,-1
472,515,768,340,140,121,1,-1,-1,-1
473,515,768,340,139,121,1,-1,-1,-1
474,515,768,340,139,121,1,-1,-1,-1
475,515,768,340,139,121,1,-1,-1,-1
476,515,768,340,139,121,1,-1,-1,-1
477,515,768,340,139,121,1,-1,-1,-1
478,515,768,340,139,121,1,-1,-1,-1
479,515,768,340,139,121,1,-1,-1,-1
480,515,768,340,139,121,1,-1,-1,-1
481,515,768,340,140,121,1,-1,-1,-1
482,515,768,340,140,121,1,-1,-1,-1
483,515,768,340,140,121,1,-1,-1,-1
484,515,768,340,140,121,1,-1,-1,-1
485,515,768,340,140,121,1,-1,-1,-1
486,515,768,340,140,121,1,-1,-1,-1
487,515,768,340,140,121,1,-1,-1,-1
488,515,768,340,140,121,1,-1,-1,-1
489,515,768,340,139,121,1,-1,-1,-1
490,515,768,340,139,121,1,-1,-1,-1
491,515,768,340,139,121,1,-1,-1,-1
492,515,768,340,139,121,1,-1,-1,-1
493,515,768,340,139,121,1,-1,-1,-1
494,515,768,340,139,121,1,-1,-1,-1
495,515,768,340,139,121,1,-1,-1,-1
496,515,768,340,139,121,1,-1,-1,-1
497,515,768,340,139,121,1,-1,-1,-1
498,515,768,339,139,121,1,-1,-1,-1
499,515,768,340,139,121,1,-1,-1,-1
500,515,768,340,139,121,1,-1,-1,-1
501,515,768,340,140,121,1,-1,-1,-1
502,515,768,340,140,121,1,-1,-1,-1
503,515,768,340,140,121,1,-1,-1,-1
504,515,768,340,140,121,1,-1,-1,-1
505,515,768,339,140,121,1,-1,-1,-1
506,515,768,339,140,121,1,-1,-1,-1
507,515,768,339,140,121,1,-1,-1,-1
508,515,768,340,140,121,1,-1,-1,-1
509,515,768,339,140,121,1,-1,-1,-1
510,515,768,339,140,121,1,-1,-1,-1
511,515,768,339,140,121,1,-1,-1,-1
512,515,768,339,140,121,1,-1,-1,-1
513,515,768,340,140,121,1,-1,-1,-1
514,515,768,340,140,121,1,-1,-1,-1
515,515,768,340,140,121,1,-1,-1,-1
516,515,768,340,140,121,1,-1,-1,-1
517,515,767,340,140,121,1,-1,-1,-1
518,515,767,339,141,122,1,-1,-1,-1
519,515,767,339,140,121,1,-1,-1,-1
520,515,767,340,140,121,1,-1,-1,-1
521,515,768,339,140,121,1,-1,-1,-1
522,515,767,339,140,121,1,-1,-1,-1
523,515,768,339,140,121,1,-1,-1,-1
524,515,768,339,140,121,1,-1,-1,-1
525,515,767,339,140,120,1,-1,-1,-1
526,515,768,339,141,121,1,-1,-1,-1
527,515,767,340,140,120,1,-1,-1,-1
528,515,768,339,140,121,1,-1,-1,-1
529,515,768,340,140,119,1,-1,-1,-1
530,515,768,340,140,119,1,-1,-1,-1
531,515,768,340,140,120,1,-1,-1,-1
532,515,768,339,139,119,1,-1,-1,-1
533,515,768,340,139,118,1,-1,-1,-1
534,515,768,339,140,117,1,-1,-1,-1
535,515,768,339,140,117,1,-1,-1,-1
536,515,769,340,138,110,1,-1,-1,-1
537,515,770,340,137,107,1,-1,-1,-1
538,515,770,340,137,107,1,-1,-1,-1
539,515,770,340,137,107,1,-1,-1,-1
540,515,771,340,136,108,1,-1,-1,-1
541,515,773,340,134,108,1,-1,-1,-1
542,515,774,340,134,108,1,-1,-1,-1
543,515,774,340,134,108,1,-1,-1,-1
544,515,774,340,134,108,1,-1,-1,-1
545,515,772,339,135,109,1,-1,-1,-1
546,515,772,339,135,112,1,-1,-1,-1
547,515,773,339,135,116,1,-1,-1,-1
548,515,773,339,135,118,1,-1,-1,-1
549,515,771,339,136,120,1,-1,-1,-1
550,515,771,339,136,121,1,-1,-1,-1
551,515,771,339,136,121,1,-1,-1,-1
552,515,770,339,137,121,1,-1,-1,-1
553,515,768,339,139,121,1,-1,-1,-1
554,515,768,339,140,121,1,-1,-1,-1
555,515,767,339,140,121,1,-1,-1,-1
556,515,768,339,140,121,1,-1,-1,-1
557,515,767,339,140,121,1,-1,-1,-1
558,515,768,339,139,121,1,-1,-1,-1
559,515,768,339,139,121,1,-1,-1,-1
560,515,769,339,139,121,1,-1,-1,-1
561,515,768,339,140,121,1,-1,-1,-1
562,515,768,339,140,121,1,-1,-1,-1
563,515,768,339,139,121,1,-1,-1,-1
564,515,768,339,139,121,1,-1,-1,-1
565,515,768,339,139,121,1,-1,-1,-1
566,515,768,339,139,121,1,-1,-1,-1
567,515,768,339,139,121,1,-1,-1,-1
568,515,768,339,139,121,1,-1,-1,-1
569,515,768,340,139,121,1,-1,-1,-1
570,515,768,340,139,121,1,-1,-1,-1
571,515,768,340,139,121,1,-1,-1,-1
572,515,768,340,140,121,1,-1,-1,-1
573,515,768,340,139,121,1,-1,-1,-1
574,515,768,339,140,121,1,-1,-1,-1
575,515,767,339,140,121,1,-1,-1,-1
576,515,767,339,140,121,1,-1,-1,-1
577,515,768,340,140,120,1,-1,-1,-1
578,515,768,340,139,120,1,-1,-1,-1
579,515,768,340,140,120,1,-1,-1,-1
580,515,768,340,140,121,1,-1,-1,-1
581,515,768,340,139,121,1,-1,-1,-1
582,515,768,340,140,121,1,-1,-1,-1
583,515,768,340,139,121,1,-1,-1,-1
584,515,768,340,140,121,1,-1,-1,-1
585,515,768,340,140,121,1,-1,-1,-1
586,515,768,340,140,121,1,-1,-1,-1
587,515,768,340,140,121,1,-1,-1,-1
588,515,768,340,140,121,1,-1,-1,-1
589,515,768,339,140,121,1,-1,-1,-1
590,515,768,339,140,121,1,-1,-1,-1
591,515,767,339,141,121,1,-1,-1,-1
592,515,768,339,141,121,1,-1,-1,-1
593,515,768,340,139,121,1,-1,-1,-1
594,515,768,340,140,121,1,-1,-1,-1
595,515,768,340,140,121,1,-1,-1,-1
596,515,768,340,140,121,1,-1,-1,-1
597,515,768,340,140,121,1,-1,-1,-1
598,515,768,340,140,121,1,-1,-1,-1
599,515,768,340,140,121,1,-1,-1,-1
600,515,768,340,140,121,1,-1,-1,-1
601,515,768,340,140,120,1,-1,-1,-1
602,515,768,340,140,120,1,-1,-1,-1
603,515,768,340,140,120,1,-1,-1,-1
604,515,768,340,140,120,1,-1,-1,-1
605,515,768,340,140,120,1,-1,-1,-1
606,515,768,340,140,120,1,-1,-1,-1
607,515,768,340,140,120,1,-1,-1,-1
608,515,768,340,140,120,1,-1,-1,-1
609,515,768,340,140,120,1,-1,-1,-1
610,515,768,340,140,120,1,-1,-1,-1
611,515,768,340,140,120,1,-1,-1,-1
612,515,768,340,140,120,1,-1,-1,-1
613,515,768,340,140,120,1,-1,-1,-1
614,515,767,340,140,120,1,-1,-1,-1
615,515,767,340,140,120,1,-1,-1,-1
616,515,767,340,140,121,1,-1,-1,-1
617,515,768,340,140,121,1,-1,-1,-1
618,515,768,340,140,121,1,-1,-1,-1
619,515,768,340,140,121,1,-1,-1,-1
620,515,768,340,140,121,1,-1,-1,-1
621,515,768,340,140,121,1,-1,-1,-1
622,515,768,340,140,121,1,-1,-1,-1
623,515,768,340,140,120,1,-1,-1,-1
624,515,768,340,140,120,1,-1,-1,-1
625,515,768,340,140,121,1,-1,-1,-1
626,515,768,340,140,121,1,-1,-1,-1
627,515,768,340,140,121,1,-1,-1,-1
628,515,768,340,140,121,1,-1,-1,-1
629,515,768,340,140,121,1,-1,-1,-1
630,515,768,340,140,121,1,-1,-1,-1
631,515,768,340,140,121,1,-1,-1,-1
632,515,768,340,140,121,1,-1,-1,-1
633,515,768,340,140,121,1,-1,-1,-1
634,515,768,340,140,121,1,-1,-1,-1
635,515,768,340,140,121,1,-1,-1,-1
636,515,768,340,140,121,1,-1,-1,-1
637,515,768,340,140,121,1,-1,-1,-1
638,515,768,340,140,121,1,-1,-1,-1
639,515,768,340,140,121,1,-1,-1,-1
640,515,768,340,140,121,1,-1,-1,-1
641,515,768,340,139,121,1,-1,-1,-1
642,515,768,340,140,121,1,-1,-1,-1
643,515,768,340,140,121,1,-1,-1,-1
644,515,768,340,139,121,1,-1,-1,-1
645,515,768,340,140,121,1,-1,-1,-1
646,515,768,340,139,121,1,-1,-1,-1
647,515,768,340,140,121,1,-1,-1,-1
648,515,768,340,139,121,1,-1,-1,-1
649,515,768,340,140,121,1,-1,-1,-1
650,515,768,340,140,121,1,-1,-1,-1
651,515,768,340,140,121,1,-1,-1,-1
652,515,768,340,140,121,1,-1,-1,-1
653,515,768,340,140,121,1,-1,-1,-1
654,515,768,340,140,121,1,-1,-1,-1
655,515,768,340,140,121,1,-1,-1,-1
656,515,768,339,140,121,1,-1,-1,-1
657,515,768,340,140,121,1,-1,-1,-1
658,515,768,340,140,121,1,-1,-1,-1
659,515,768,340,140,121,1,-1,-1,-1
660,515,768,340,140,121,1,-1,-1,-1
661,515,768,340,140,120,1,-1,-1,-1
662,515,768,340,139,121,1,-1,-1,-1
663,515,768,340,139,120,1,-1,-1,-1
664,515,768,340,139,120,1,-1,-1,-1
665,515,768,340,140,120,1,-1,-1,-1
666,515,768,340,140,121,1,-1,-1,-1
667,515,768,340,140,121,1,-1,-1,-1
668,515,768,340,140,120,1,-1,-1,-1
669,515,768,340,140,121,1,-1,-1,-1
670,515,768,339,140,121,1,-1,-1,-1
671,515,768,339,140,121,1,-1,-1,-1
672,515,768,339,140,121,1,-1,-1,-1
673,515,768,340,139,121,1,-1,-1,-1
674,515,768,340,139,121,1,-1,-1,-1
675,515,768,340,139,121,1,-1,-1,-1
676,515,768,339,139,121,1,-1,-1,-1
677,515,768,340,139,121,1,-1,-1,-1
678,515,769,340,139,121,1,-1,-1,-1
679,515,768,340,139,121,1,-1,-1,-1
680,515,769,340,139,121,1,-1,-1,-1
681,515,768,340,140,121,1,-1,-1,-1
682,515,768,340,140,121,1,-1,-1,-1
683,515,768,339,140,121,1,-1,-1,-1
684,515,768,339,140,121,1,-1,-1,-1
685,515,768,340,140,121,1,-1,-1,-1
686,515,768,340,140,121,1,-1,-1,-1
687,515,768,340,140,121,1,-1,-1,-1
688,515,768,340,140,121,1,-1,-1,-1
689,515,768,340,140,121,1,-1,-1,-1
690,515,768,340,140,121,1,-1,-1,-1
691,515,768,340,140,120,1,-1,-1,-1
692,515,768,340,140,121,1,-1,-1,-1
693,515,768,340,140,121,1,-1,-1,-1
694,515,768,340,140,121,1,-1,-1,-1
695,515,768,340,140,121,1,-1,-1,-1
696,515,768,340,140,121,1,-1,-1,-1
697,515,767,340,140,121,1,-1,-1,-1
698,515,767,340,140,121,1,-1,-1,-1
699,515,767,340,140,121,1,-1,-1,-1
700,515,767,340,140,121,1,-1,-1,-1
701,515,768,339,140,121,1,-1,-1,-1
702,515,768,339,140,121,1,-1,-1,-1
703,515,767,340,140,121,1,-1,-1,-1
704,515,768,339,140,121,1,-1,-1,-1
705,515,768,340,140,121,1,-1,-1,-1
706,515,768,340,140,121,1,-1,-1,-1
707,515,768,339,140,121,1,-1,-1,-1
708,515,768,340,140,121,1,-1,-1,-1
709,515,768,340,140,121,1,-1,-1,-1
710,515,768,340,140,121,1,-1,-1,-1
711,515,768,340,140,121,1,-1,-1,-1
712,515,768,340,140,121,1,-1,-1,-1
713,515,768,340,140,121,1,-1,-1,-1
714,515,768,340,140,121,1,-1,-1,-1
715,515,768,340,140,121,1,-1,-1,-1
716,515,768,340,140,121,1,-1,-1,-1
717,515,767,340,140,121,1,-1,-1,-1
718,515,767,340,140,121,1,-1,-1,-1
719,515,767,340,140,121,1,-1,-1,-1
720,515,767,340,140,121,1,-1,-1,-1
721,515,768,340,139,121,1,-1,-1,-1
722,515,768,340,139,121,1,-1,-1,-1
723,515,768,340,139,121,1,-1,-1,-1
724,515,768,340,139,121,1,-1,-1,-1
725,515,768,339,139,121,1,-1,-1,-1
726,515,768,339,139,121,1,-1,-1,-1
727,515,768,340,139,121,1,-1,-1,-1
728,515,768,339,139,121,1,-1,-1,-1
729,515,768,339,139,121,1,-1,-1,-1
730,515,768,339,139,121,1,-1,-1,-1
731,515,768,339,139,121,1,-1,-1,-1
732,515,768,339,139,121,1,-1,-1,-1
733,515,768,339,139,122,1,-1,-1,-1
734,515,768,339,139,121,1,-1,-1,-1
735,515,768,339,139,121,1,-1,-1,-1
736,515,768,339,139,121,1,-1,-1,-1
737,515,768,340,139,120,1,-1,-1,-1
738,515,768,340,139,120,1,-1,-1,-1
739,515,768,340,139,120,1,-1,-1,-1
740,515,768,340,139,120,1,-1,-1,-1
741,515,768,340,139,120,1,-1,-1,-1
742,515,768,340,139,120,1,-1,-1,-1
743,515,768,340,140,120,1,-1,-1,-1
744,515,768,340,139,120,1,-1,-1,-1
745,515,768,340,140,121,1,-1,-1,-1
746,515,768,340,140,121,1,-1,-1,-1
747,515,768,340,140,121,1,-1,-1,-1
748,515,768,340,140,121,1,-1,-1,-1
749,515,768,340,140,121,1,-1,-1,-1
750,515,768,340,140,121,1,-1,-1,-1
751,515,768,340,140,121,1,-1,-1,-1
752,515,768,340,140,121,1,-1,-1,-1
753,515,768,340,139,121,1,-1,-1,-1
754,515,768,340,139,121,1,-1,-1,-1
755,515,768,340,139,121,1,-1,-1,-1
756,515,768,340,139,121,1,-1,-1,-1
757,515,768,340,140,120,1,-1,-1,-1
758,515,768,340,140,120,1,-1,-1,-1
759,515,768,340,140,120,1,-1,-1,-1
760,515,768,340,140,120,1,-1,-1,-1
761,515,768,340,140,121,1,-1,-1,-1
762,515,768,340,140,121,1,-1,-1,-1
763,515,768,340,140,121,1,-1,-1,-1
764,515,768,340,140,121,1,-1,-1,-1
765,515,768,340,140,121,1,-1,-1,-1
766,515,768,340,140,121,1,-1,-1,-1
767,515,768,340,140,121,1,-1,-1,-1
768,515,768,340,140,121,1,-1,-1,-1
769,515,768,340,139,121,1,-1,-1,-1
770,515,768,340,139,120,1,-1,-1,-1
771,515,768,340,139,120,1,-1,-1,-1
772,515,768,340,139,120,1,-1,-1,-1
773,515,768,340,139,120,1,-1,-1,-1
774,515,768,340,139,121,1,-1,-1,-1
775,515,768,340,139,120,1,-1,-1,-1
776,515,768,340,139,120,1,-1,-1,-1
777,515,768,340,139,121,1,-1,-1,-1
778,515,768,340,139,121,1,-1,-1,-1
779,515,768,340,140,121,1,-1,-1,-1
780,515,768,340,139,121,1,-1,-1,-1
781,515,768,340,140,121,1,-1,-1,-1
782,515,768,340,140,121,1,-1,-1,-1
783,515,768,340,140,121,1,-1,-1,-1
784,515,768,340,140,121,1,-1,-1,-1
785,515,768,340,139,120,1,-1,-1,-1
786,515,768,340,139,120,1,-1,-1,-1
787,515,768,340,139,120,1,-1,-1,-1
788,515,768,340,139,120,1,-1,-1,-1
789,515,768,340,140,120,1,-1,-1,-1
790,515,768,340,140,120,1,-1,-1,-1
791,515,768,340,140,120,1,-1,-1,-1
792,515,768,340,140,120,1,-1,-1,-1
793,515,768,340,140,120,1,-1,-1,-1
794,515,768,340,140,120,1,-1,-1,-1
795,515,768,340,140,120,1,-1,-1,-1
796,515,768,340,140,120,1,-1,-1,-1
797,515,768,340,140,120,1,-1,-1,-1
798,515,768,340,140,120,1,-1,-1,-1
799,515,768,340,140,120,1,-1,-1,-1
800,515,768,340,140,120,1,-1,-1,-1
801,515,768,340,140,121,1,-1,-1,-1
802,515,768,340,140,121,1,-1,-1,-1
803,515,768,340,140,121,1,-1,-1,-1
804,515,768,340,140,121,1,-1,-1,-1
805,515,768,340,140,121,1,-1,-1,-1
806,515,768,340,139,121,1,-1,-1,-1
807,515,768,340,139,121,1,-1,-1,-1
808,515,768,340,139,121,1,-1,-1,-1
809,515,767,340,140,121,1,-1,-1,-1
810,515,767,340,140,121,1,-1,-1,-1
811,515,767,340,140,121,1,-1,-1,-1
812,515,767,340,140,121,1,-1,-1,-1
813,515,767,340,140,121,1,-1,-1,-1
814,515,767,340,140,121,1,-1,-1,-1
815,515,767,340,140,121,1,-1,-1,-1
816,515,767,340,140,121,1,-1,-1,-1
817,515,768,339,139,121,1,-1,-1,-1
818,515,768,339,139,121,1,-1,-1,-1
819,515,768,339,140,121,1,-1,-1,-1
820,515,768,339,140,121,1,-1,-1,-1
821,515,768,339,140,121,1,-1,-1,-1
822,515,768,339,140,121,1,-1,-1,-1
823,515,768,339,140,121,1,-1,-1,-1
824,515,768,339,140,121,1,-1,-1,-1
825,515,767,340,140,121,1,-1,-1,-1
826,515,767,340,140,121,1,-1,-1,-1
827,515,767,340,140,121,1,-1,-1,-1
828,515,767,340,140,121,1,-1,-1,-1
829,515,767,340,140,121,1,-1,-1,-1
830,515,767,340,140,121,1,-1,-1,-1
831,515,768,340,140,121,1,-1,-1,-1
832,515,768,340,140,121,1,-1,-1,-1
833,515,768,340,140,121,1,-1,-1,-1
834,515,768,340,140,121,1,-1,-1,-1
835,515,768,340,140,121,1,-1,-1,-1
836,515,768,340,140,121,1,-1,-1,-1
837,515,768,340,140,121,1,-1,-1,-1
838,515,768,340,140,121,1,-1,-1,-1
839,515,768,340,140,121,1,-1,-1,-1
840,515,768,340,140,121,1,-1,-1,-1
841,515,767,340,140,121,1,-1,-1,-1
842,515,768,340,140,121,1,-1,-1,-1
843,515,767,340,140,121,1,-1,-1,-1
844,515,767,340,140,121,1,-1,-1,-1
845,515,767,340,140,121,1,-1,-1,-1
846,515,767,340,140,121,1,-1,-1,-1
847,515,767,340,140,121,1,-1,-1,-1
848,515,767,340,140,121,1,-1,-1,-1
849,515,767,340,141,121,1,-1,-1,-1
850,515,767,340,141,121,1,-1,-1,-1
851,515,767,340,141,121,1,-1,-1,-1
852,515,767,340,141,121,1,-1,-1,-1
853,515,767,340,140,121,1,-1,-1,-1
854,515,767,340,140,121,1,-1,-1,-1
855,515,767,340,140,121,1,-1,-1,-1
856,515,767,340,140,121,1,-1,-1,-1
857,515,768,340,140,121,1,-1,-1,-1
858,515,768,340,140,121,1,-1,-1,-1
859,515,767,340,140,121,1,-1,-1,-1
860,515,767,340,140,121,1,-1,-1,-1
861,515,767,340,140,121,1,-1,-1,-1
862,515,767,340,140,121,1,-1,-1,-1
863,515,768,340,140,120,1,-1,-1,-1
864,515,768,340,140,120,1,-1,-1,-1
865,515,768,340,140,121,1,-1,-1,-1
866,515,768,340,140,121,1,-1,-1,-1
867,515,768,340,140,121,1,-1,-1,-1
868,515,768,340,140,121,1,-1,-1,-1
869,515,768,340,140,121,1,-1,-1,-1
870,515,768,340,140,121,1,-1,-1,-1
871,515,768,340,140,121,1,-1,-1,-1
872,515,768,340,140,121,1,-1,-1,-1
873,515,768,340,139,120,1,-1,-1,-1
874,515,768,340,139,120,1,-1,-1,-1
875,515,768,340,139,120,1,-1,-1,-1
876,515,768,340,139,121,1,-1,-1,-1
877,515,768,340,140,121,1,-1,-1,-1
878,515,768,340,140,121,1,-1,-1,-1
879,515,768,340,140,121,1,-1,-1,-1
880,515,768,340,140,121,1,-1,-1,-1
881,515,768,340,139,120,1,-1,-1,-1
882,515,768,340,139,120,1,-1,-1,-1
883,515,768,340,139,120,1,-1,-1,-1
884,515,768,340,139,120,1,-1,-1,-1
885,515,768,340,139,120,1,-1,-1,-1
886,515,768,340,139,120,1,-1,-1,-1
887,515,768,340,139,120,1,-1,-1,-1
888,515,768,340,139,120,1,-1,-1,-1
889,515,767,340,140,121,1,-1,-1,-1
890,515,767,340,140,121,1,-1,-1,-1
891,515,767,340,140,121,1,-1,-1,-1
892,515,767,340,140,121,1,-1,-1,-1
893,515,767,340,140,121,1,-1,-1,-1
894,515,767,340,140,121,1,-1,-1,-1
895,515,767,340,140,121,1,-1,-1,-1
896,515,767,340,140,121,1,-1,-1,-1
897,515,767,339,140,121,1,-1,-1,-1
898,515,767,339,140,121,1,-1,-1,-1
899,515,767,339,140,121,1,-1,-1,-1
900,515,767,339,140,121,1,-1,-1,-1
901,515,768,339,140,121,1,-1,-1,-1
902,515,768,340,140,121,1,-1,-1,-1
903,515,768,340,140,121,1,-1,-1,-1
904,515,768,340,140,121,1,-1,-1,-1
905,515,768,339,140,121,1,-1,-1,-1
906,515,768,339,140,121,1,-1,-1,-1
907,515,768,339,140,121,1,-1,-1,-1
908,515,768,340,140,121,1,-1,-1,-1
909,515,768,340,140,121,1,-1,-1,-1
910,515,768,339,140,121,1,-1,-1,-1
911,515,768,339,140,121,1,-1,-1,-1
912,515,768,339,140,121,1,-1,-1,-1
913,515,768,339,140,121,1,-1,-1,-1
914,515,768,339,140,121,1,-1,-1,-1
915,515,768,339,140,121,1,-1,-1,-1
916,515,768,339,140,121,1,-1,-1,-1
917,515,768,339,140,121,1,-1,-1,-1
918,515,768,339,140,121,1,-1,-1,-1
919,515,768,339,140,121,1,-1,-1,-1
920,515,768,339,140,121,1,-1,-1,-1
921,515,767,340,140,121,1,-1,-1,-1
922,515,768,340,140,121,1,-1,-1,-1
923,515,768,340,139,121,1,-1,-1,-1
924,515,768,340,140,121,1,-1,-1,-1
925,515,768,340,140,121,1,-1,-1,-1
926,515,767,340,140,121,1,-1,-1,-1
927,515,768,340,140,121,1,-1,-1,-1
928,515,768,340,140,121,1,-1,-1,-1
929,515,768,339,140,121,1,-1,-1,-1
930,515,768,339,140,121,1,-1,-1,-1
931,515,768,339,140,121,1,-1,-1,-1
932,515,768,339,140,121,1,-1,-1,-1
933,515,768,339,140,121,1,-1,-1,-1
934,515,768,339,140,121,1,-1,-1,-1
935,515,768,339,140,121,1,-1,-1,-1
936,515,768,339,140,121,1,-1,-1,-1
937,515,768,339,140,121,1,-1,-1,-1
938,515,768,339,140,121,1,-1,-1,-1
939,515,768,339,140,121,1,-1,-1,-1
940,515,768,339,140,121,1,-1,-1,-1
941,515,768,339,140,121,1,-1,-1,-1
942,515,768,339,140,121,1,-1,-1,-1
943,515,768,339,140,121,1,-1,-1,-1
944,515,768,339,140,121,1,-1,-1,-1
945,515,768,339,140,121,1,-1,-1,-1
946,515,768,339,140,121,1,-1,-1,-1
947,515,768,339,140,121,1,-1,-1,-1
948,515,768,339,140,121,1,-1,-1,-1
949,515,768,339,140,121,1,-1,-1,-1
950,515,768,339,140,121,1,-1,-1,-1
951,515,768,339,140,121,1,-1,-1,-1
952,515,768,339,140,121,1,-1,-1,-1
953,515,768,339,140,121,1,-1,-1,-1
954,515,768,339,140,121,1,-1,-1,-1
955,515,768,340,140,121,1,-1,-1,-1
956,515,768,340,140,121,1,-1,-1,-1
957,515,768,340,140,121,1,-1,-1,-1
958,515,768,340,140,121,1,-1,-1,-1
959,515,768,340,140,121,1,-1,-1,-1
960,515,768,340,140,121,1,-1,-1,-1
961,515,768,340,140,121,1,-1,-1,-1
962,515,768,340,140,121,1,-1,-1,-1
963,515,768,340,140,121,1,-1,-1,-1
964,515,768,340,140,121,1,-1,-1,-1
965,515,768,340,140,121,1,-1,-1,-1
966,515,768,340,140,121,1,-1,-1,-1
967,515,768,340,140,121,1,-1,-1,-1
968,515,768,340,140,121,1,-1,-1,-1
969,515,767,340,140,121,1,-1,-1,-1
970,515,768,340,140,121,1,-1,-1,-1
971,515,768,340,140,121,1,-1,-1,-1
972,515,768,340,140,121,1,-1,-1,-1
973,515,768,339,140,121,1,-1,-1,-1
974,515,768,339,140,121,1,-1,-1,-1
975,515,768,339,140,121,1,-1,-1,-1
976,515,768,339,140,121,1,-1,-1,-1
977,515,768,339,140,121,1,-1,-1,-1
978,515,768,339,140,121,1,-1,-1,-1
979,515,768,339,140,121,1,-1,-1,-1
980,515,768,339,140,121,1,-1,-1,-1
981,515,768,340,140,121,1,-1,-1,-1
982,515,768,340,140,121,1,-1,-1,-1
983,515,768,340,140,121,1,-1,-1,-1
984,515,768,340,140,121,1,-1,-1,-1
985,515,768,339,140,121,1,-1,-1,-1
986,515,768,339,140,121,1,-1,-1,-1
987,515,768,339,140,121,1,-1,-1,-1
988,515,768,339,140,121,1,-1,-1,-1
989,515,768,339,140,121,1,-1,-1,-1
990,515,768,339,140,121,1,-1,-1,-1
991,515,768,339,140,121,1,-1,-1,-1
992,515,768,339,140,121,1,-1,-1,-1
993,515,768,339,140,121,1,-1,-1,-1
994,515,768,339,140,121,1,-1,-1,-1
995,515,768,339,140,121,1,-1,-1,-1
996,515,768,339,140,121,1,-1,-1,-1
997,515,768,339,140,121,1,-1,-1,-1
998,515,768,339,140,121,1,-1,-1,-1
999,515,768,339,140,121,1,-1,-1,-1
1000,515,768,339,140,121,1,-1,-1,-1
1001,515,768,340,140,121,1,-1,-1,-1
1002,515,768,340,140,121,1,-1,-1,-1
1003,515,768,340,140,121,1,-1,-1,-1
1004,515,768,340,140,121,1,-1,-1,-1
1005,515,768,340,140,121,1,-1,-1,-1
1006,515,768,340,140,121,1,-1,-1,-1
1007,515,768,340,140,121,1,-1,-1,-1
1008,515,768,340,140,121,1,-1,-1,-1
1009,515,768,340,139,121,1,-1,-1,-1
1010,515,768,340,139,121,1,-1,-1,-1
1011,515,768,340,139,121,1,-1,-1,-1
1012,515,768,340,139,121,1,-1,-1,-1
1013,515,768,340,139,121,1,-1,-1,-1
1014,515,768,340,139,121,1,-1,-1,-1
1015,515,768,340,139,121,1,-1,-1,-1
1016,515,768,340,139,121,1,-1,-1,-1
1017,515,768,340,139,121,1,-1,-1,-1
1018,515,768,340,139,121,1,-1,-1,-1
1019,515,768,340,139,121,1,-1,-1,-1
1020,515,768,340,139,121,1,-1,-1,-1
1021,515,768,340,139,121,1,-1,-1,-1
1022,515,768,340,139,121,1,-1,-1,-1
1023,515,768,340,139,121,1,-1,-1,-1
1024,515,768,340,139,121,1,-1,-1,-1
1025,515,768,339,140,121,1,-1,-1,-1
1026,515,768,339,140,121,1,-1,-1,-1
1027,515,768,339,140,121,1,-1,-1,-1
1028,515,768,339,140,121,1,-1,-1,-1
1029,515,768,339,140,121,1,-1,-1,-1
1030,515,768,339,140,121,1,-1,-1,-1
1031,515,768,339,140,121,1,-1,-1,-1
1032,515,768,339,140,121,1,-1,-1,-1
1033,515,768,339,140,121,1,-1,-1,-1
1034,515,768,339,140,121,1,-1,-1,-1
1035,515,768,339,140,121,1,-1,-1,-1
1036,515,768,339,140,121,1,-1,-1,-1
1037,515,768,339,140,121,1,-1,-1,-1
1038,515,768,339,140,121,1,-1,-1,-1
1039,515,768,339,140,121,1,-1,-1,-1
1040,515,768,339,140,121,1,-1,-1,-1
1041,515,768,339,140,121,1,-1,-1,-1
1042,515,768,339,140,121,1,-1,-1,-1
1043,515,768,339,140,121,1,-1,-1,-1
1044,515,768,339,140,121,1,-1,-1,-1
1045,515,768,339,140,121,1,-1,-1,-1
1046,515,768,339,140,121,1,-1,-1,-1
1047,515,768,339,140,121,1,-1,-1,-1
1048,515,768,339,139,121,1,-1,-1,-1
1049,515,768,339,140,121,1,-1,-1,-1
1050,515,768,339,140,121,1,-1,-1,-1
1051,515,768,339,140,121,1,-1,-1,-1
1052,515,768,339,140,121,1,-1,-1,-1
1053,515,768,339,140,121,1,-1,-1,-1
1054,515,768,339,140,121,1,-1,-1,-1
1055,515,768,339,140,121,1,-1,-1,-1
1056,515,768,339,140,121,1,-1,-1,-1
1057,515,768,340,139,121,1,-1,-1,-1
1058,515,768,340,139,121,1,-1,-1,-1
1059,515,768,340,139,121,1,-1,-1,-1
1060,515,768,340,139,121,1,-1,-1,-1
1061,515,768,340,139,121,1,-1,-1,-1
1062,515,768,340,139,121,1,-1,-1,-1
1063,515,768,340,139,121,1,-1,-1,-1
1064,515,768,340,139,121,1,-1,-1,-1
1065,515,768,339,139,121,1,-1,-1,-1
1066,515,768,339,139,121,1,-1,-1,-1
1067,515,768,339,139,121,1,-1,-1,-1
1068,515,768,339,139,121,1,-1,-1,-1
1069,515,768,339,139,121,1,-1,-1,-1
1070,515,768,339,139,121,1,-1,-1,-1
1071,515,768,339,139,121,1,-1,-1,-1
1072,515,768,339,139,121,1,-1,-1,-1
1073,515,768,339,139,121,1,-1,-1,-1
1074,515,768,339,139,121,1,-1,-1,-1
1075,515,768,339,139,121,1,-1,-1,-1
1076,515,768,339,139,121,1,-1,-1,-1
1077,515,768,339,139,121,1,-1,-1,-1
1078,515,768,339,139,121,1,-1,-1,-1
1079,515,768,339,139,121,1,-1,-1,-1
1080,515,768,339,139,121,1,-1,-1,-1
1081,515,768,339,139,121,1,-1,-1,-1
1082,515,768,339,139,121,1,-1,-1,-1
1083,515,768,339,139,121,1,-1,-1,-1
1084,515,768,339,140,121,1,-1,-1,-1
1085,515,768,339,140,121,1,-1,-1,-1
1086,515,768,339,140,121,1,-1,-1,-1
1087,515,768,339,140,121,1,-1,-1,-1
1088,515,768,339,140,121,1,-1,-1,-1
1089,515,768,339,140,121,1,-1,-1,-1
1090,515,768,339,140,121,1,-1,-1,-1
1091,515,768,339,140,121,1,-1,-1,-1
1092,515,768,339,140,121,1,-1,-1,-1
1093,515,768,339,140,121,1,-1,-1,-1
1094,515,768,339,140,121,1,-1,-1,-1
1095,515,768,339,140,121,1,-1,-1,-1
1096,515,768,339,140,121,1,-1,-1,-1
1097,515,768,340,140,121,1,-1,-1,-1
1098,515,768,340,140,121,1,-1,-1,-1
1099,515,768,340,140,121,1,-1,-1,-1
1100,515,768,340,140,121,1,-1,-1,-1
1101,515,768,340,140,121,1,-1,-1,-1
1102,515,768,340,140,121,1,-1,-1,-1
1103,515,768,340,140,121,1,-1,-1,-1
1104,515,768,340,140,121,1,-1,-1,-1
1105,515,768,339,140,121,1,-1,-1,-1
1106,515,768,339,140,121,1,-1,-1,-1
1107,515,768,339,140,121,1,-1,-1,-1
1108,515,768,339,140,121,1,-1,-1,-1
1109,515,768,339,140,121,1,-1,-1,-1
1110,515,768,339,140,121,1,-1,-1,-1
1111,515,768,339,140,121,1,-1,-1,-1
1112,515,768,339,140,121,1,-1,-1,-1
1113,515,768,339,140,121,1,-1,-1,-1
1114,515,768,339,140,121,1,-1,-1,-1
1115,515,768,339,140,121,1,-1,-1,-1
1116,515,768,339,140,121,1,-1,-1,-1
1117,515,768,339,139,121,1,-1,-1,-1
1118,515,768,339,139,121,1,-1,-1,-1
1119,515,768,339,139,121,1,-1,-1,-1
1120,515,768,339,139,121,1,-1,-1,-1
1121,515,768,340,139,121,1,-1,-1,-1
1122,515,768,340,139,121,1,-1,-1,-1
1123,515,768,340,139,121,1,-1,-1,-1
1124,515,768,340,139,121,1,-1,-1,-1
1125,515,768,339,139,121,1,-1,-1,-1
1126,515,768,339,139,121,1,-1,-1,-1
1127,515,768,339,139,121,1,-1,-1,-1
1128,515,768,339,139,121,1,-1,-1,-1
1129,515,768,339,139,121,1,-1,-1,-1
1130,515,768,340,139,121,1,-1,-1,-1
1131,515,768,340,139,121,1,-1,-1,-1
1132,515,768,340,139,121,1,-1,-1,-1
1133,515,768,340,139,121,1,-1,-1,-1
1134,515,768,340,139,121,1,-1,-1,-1
1135,515,768,340,139,121,1,-1,-1,-1
1136,515,768,340,139,121,1,-1,-1,-1
1137,515,768,339,139,121,1,-1,-1,-1
1138,515,768,339,139,121,1,-1,-1,-1
1139,515,768,339,139,121,1,-1,-1,-1
1140,515,768,339,139,121,1,-1,-1,-1
1141,515,768,339,139,121,1,-1,-1,-1
1142,515,768,339,139,121,1,-1,-1,-1
1143,515,768,339,139,121,1,-1,-1,-1
1144,515,768,339,139,121,1,-1,-1,-1
1145,515,769,339,139,121,1,-1,-1,-1
1146,515,769,339,139,121,1,-1,-1,-1
1147,515,769,339,139,121,1,-1,-1,-1
1148,515,768,339,139,122,1,-1,-1,-1
1149,515,768,339,139,122,1,-1,-1,-1
1150,515,768,339,139,121,1,-1,-1,-1
1151,515,768,339,139,121,1,-1,-1,-1
1152,515,768,340,139,121,1,-1,-1,-1
1153,515,768,339,139,121,1,-1,-1,-1
1154,515,768,339,139,121,1,-1,-1,-1
1155,515,768,339,139,121,1,-1,-1,-1
1156,515,768,339,139,121,1,-1,-1,-1
1157,515,768,339,140,121,1,-1,-1,-1
1158,515,768,339,140,121,1,-1,-1,-1
1159,515,768,339,140,121,1,-1,-1,-1
1160,515,768,339,139,121,1,-1,-1,-1
1161,515,768,339,139,121,1,-1,-1,-1
1162,515,768,339,139,121,1,-1,-1,-1
1163,515,768,339,139,121,1,-1,-1,-1
1164,515,768,339,139,121,1,-1,-1,-1
1165,515,768,339,139,121,1,-1,-1,-1
1166,515,768,339,139,121,1,-1,-1,-1
1167,515,768,339,139,121,1,-1,-1,-1
1168,515,768,339,139,121,1,-1,-1,-1
1169,515,768,340,139,121,1,-1,-1,-1
1170,515,768,340,139,121,1,-1,-1,-1
1171,515,768,340,139,121,1,-1,-1,-1
1172,515,768,340,139,121,1,-1,-1,-1
1173,515,768,340,139,121,1,-1,-1,-1
1174,515,768,340,139,121,1,-1,-1,-1
1175,515,768,340,139,121,1,-1,-1,-1
1176,515,768,340,139,121,1,-1,-1,-1
1177,515,768,339,139,121,1,-1,-1,-1
1178,515,768,339,139,121,1,-1,-1,-1
1179,515,768,339,139,121,1,-1,-1,-1
1180,515,768,339,139,121,1,-1,-1,-1
1181,515,768,339,139,121,1,-1,-1,-1
1182,515,768,339,139,121,1,-1,-1,-1
1183,515,768,339,139,121,1,-1,-1,-1
1184,515,768,339,139,121,1,-1,-1,-1
1185,515,768,339,139,121,1,-1,-1,-1
1186,515,768,339,139,121,1,-1,-1,-1
1187,515,768,339,139,121,1,-1,-1,-1
1188,515,768,339,139,121,1,-1,-1,-1
1189,515,768,339,139,121,1,-1,-1,-1
1190,515,768,339,139,121,1,-1,-1,-1
1191,515,768,339,139,121,1,-1,-1,-1
1192,515,768,339,139,121,1,-1,-1,-1
1193,515,768,340,139,121,1,-1,-1,-1
1194,515,768,340,139,121,1,-1,-1,-1
1195,515,768,340,139,121,1,-1,-1,-1
1196,515,768,340,139,121,1,-1,-1,-1
1197,515,768,340,139,121,1,-1,-1,-1
1198,515,768,340,139,121,1,-1,-1,-1
1199,515,768,340,139,121,1,-1,-1,-1
1200,515,768,340,139,121,1,-1,-1,-1
1201,515,768,339,139,121,1,-1,-1,-1
1202,515,768,339,139,122,1,-1,-1,-1
1203,515,768,339,139,122,1,-1,-1,-1
1204,515,768,339,139,121,1,-1,-1,-1
1205,515,768,339,139,122,1,-1,-1,-1
1206,515,768,339,139,122,1,-1,-1,-1
1207,515,768,339,139,122,1,-1,-1,-1
1208,515,768,339,139,122,1,-1,-1,-1
1209,515,768,339,139,121,1,-1,-1,-1
1210,515,768,339,139,121,1,-1,-1,-1
1211,515,768,339,139,121,1,-1,-1,-1
1212,515,768,339,139,121,1,-1,-1,-1
1213,515,769,339,139,121,1,-1,-1,-1
1214,515,768,339,139,121,1,-1,-1,-1
1215,515,768,339,139,121,1,-1,-1,-1
1216,515,769,339,139,121,1,-1,-1,-1
1217,515,768,340,139,121,1,-1,-1,-1
1218,515,768,340,139,121,1,-1,-1,-1
1219,515,768,340,139,121,1,-1,-1,-1
1220,515,768,340,139,121,1,-1,-1,-1
1221,515,768,340,139,121,1,-1,-1,-1
1222,515,768,340,139,121,1,-1,-1,-1
1223,515,768,340,139,121,1,-1,-1,-1
1224,515,768,340,139,121,1,-1,-1,-1
1225,515,768,339,139,121,1,-1,-1,-1
1226,515,768,339,139,121,1,-1,-1,-1
1227,515,768,339,139,121,1,-1,-1,-1
1228,515,768,339,139,121,1,-1,-1,-1
1229,515,768,339,139,121,1,-1,-1,-1
1230,515,768,339,139,121,1,-1,-1,-1
1231,515,768,339,139,121,1,-1,-1,-1
1232,515,768,339,139,121,1,-1,-1,-1
1233,515,768,339,139,121,1,-1,-1,-1
1234,515,768,339,139,121,1,-1,-1,-1
1235,515,768,339,139,121,1,-1,-1,-1
1236,515,768,339,139,121,1,-1,-1,-1
1237,515,768,339,139,121,1,-1,-1,-1
1238,515,768,339,139,121,1,-1,-1,-1
1239,515,768,339,139,121,1,-1,-1,-1
1240,515,768,339,139,121,1,-1,-1,-1
1241,515,768,340,139,121,1,-1,-1,-1
1242,515,768,340,139,121,1,-1,-1,-1
1243,515,768,340,139,121,1,-1,-1,-1
1244,515,768,340,139,121,1,-1,-1,-1
1245,515,768,340,139,121,1,-1,-1,-1
1246,515,768,340,139,121,1,-1,-1,-1
1247,515,768,339,139,121,1,-1,-1,-1
1248,515,768,339,139,121,1,-1,-1,-1
1249,515,768,339,139,121,1,-1,-1,-1
1250,515,768,339,139,121,1,-1,-1,-1
1251,515,768,339,140,121,1,-1,-1,-1
1252,515,768,339,140,121,1,-1,-1,-1
1253,515,768,339,140,121,1,-1,-1,-1
1254,515,768,339,140,121,1,-1,-1,-1
1255,515,768,339,140,121,1,-1,-1,-1
1256,515,768,339,140,121,1,-1,-1,-1
1257,515,768,339,140,121,1,-1,-1,-1
1258,515,768,339,140,121,1,-1,-1,-1
1259,515,768,339,140,121,1,-1,-1,-1
1260,515,768,339,139,121,1,-1,-1,-1
1261,515,768,339,140,121,1,-1,-1,-1
1262,515,768,339,140,121,1,-1,-1,-1
1263,515,768,339,140,121,1,-1,-1,-1
1264,515,768,339,140,121,1,-1,-1,-1
1265,515,768,340,139,121,1,-1,-1,-1
1266,515,768,340,139,121,1,-1,-1,-1
1267,515,768,340,139,121,1,-1,-1,-1
1268,515,768,340,139,121,1,-1,-1,-1
1269,515,768,340,139,121,1,-1,-1,-1
1270,515,768,340,139,121,1,-1,-1,-1
1271,515,768,340,139,121,1,-1,-1,-1
1272,515,768,340,139,121,1,-1,-1,-1
1273,515,768,340,139,121,1,-1,-1,-1
1274,515,768,340,139,121,1,-1,-1,-1
1275,515,768,340,139,121,1,-1,-1,-1
1276,515,768,340,139,121,1,-1,-1,-1
1277,515,768,340,139,121,1,-1,-1,-1
1278,515,768,340,139,121,1,-1,-1,-1
1279,515,768,340,139,121,1,-1,-1,-1
1280,515,768,340,139,121,1,-1,-1,-1
1281,515,768,340,139,121,1,-1,-1,-1
1282,515,768,340,139,121,1,-1,-1,-1
1283,515,768,340,139,121,1,-1,-1,-1
1284,515,768,340,139,121,1,-1,-1,-1
1285,515,768,339,140,121,1,-1,-1,-1
1286,515,768,339,140,121,1,-1,-1,-1
1287,515,768,339,140,121,1,-1,-1,-1
1288,515,768,339,140,121,1,-1,-1,-1
1289,515,768,340,139,121,1,-1,-1,-1
1290,515,768,340,139,121,1,-1,-1,-1
1291,515,768,340,139,121,1,-1,-1,-1
1292,515,768,340,139,121,1,-1,-1,-1
1293,515,768,340,139,121,1,-1,-1,-1
1294,515,768,340,139,121,1,-1,-1,-1
1295,515,768,340,139,121,1,-1,-1,-1
1296,515,768,340,139,121,1,-1,-1,-1
1297,515,768,339,139,121,1,-1,-1,-1
1298,515,768,339,139,121,1,-1,-1,-1
1299,515,768,339,139,121,1,-1,-1,-1
1300,515,768,339,139,121,1,-1,-1,-1
1301,515,768,339,139,121,1,-1,-1,-1
1302,515,768,339,139,121,1,-1,-1,-1
1303,515,768,339,139,121,1,-1,-1,-1
1304,515,768,339,139,121,1,-1,-1,-1
1305,515,768,340,139,121,1,-1,-1,-1
1306,515,768,340,139,121,1,-1,-1,-1
1307,515,768,340,139,121,1,-1,-1,-1
1308,515,768,340,139,121,1,-1,-1,-1
1309,515,768,340,139,121,1,-1,-1,-1
1310,515,768,340,139,121,1,-1,-1,-1
1311,515,768,340,139,121,1,-1,-1,-1
1312,515,768,340,139,121,1,-1,-1,-1
1313,515,768,340,139,120,1,-1,-1,-1
1314,515,768,340,139,121,1,-1,-1,-1
1315,515,768,340,139,121,1,-1,-1,-1
1316,515,768,340,139,121,1,-1,-1,-1
1317,515,768,340,139,121,1,-1,-1,-1
1318,515,768,340,139,121,1,-1,-1,-1
1319,515,768,340,139,121,1,-1,-1,-1
1320,515,768,340,139,121,1,-1,-1,-1
1321,515,768,339,140,121,1,-1,-1,-1
1322,515,768,339,140,121,1,-1,-1,-1
1323,515,768,339,140,121,1,-1,-1,-1
1324,515,768,339,140,121,1,-1,-1,-1
1325,515,768,339,139,121,1,-1,-1,-1
1326,515,768,339,140,121,1,-1,-1,-1
1327,515,768,339,139,121,1,-1,-1,-1
1328,515,768,339,139,121,1,-1,-1,-1
1329,515,768,339,139,121,1,-1,-1,-1
1330,515,768,339,139,121,1,-1,-1,-1
1331,515,768,339,139,121,1,-1,-1,-1
1332,515,768,339,139,121,1,-1,-1,-1
1333,515,768,339,139,121,1,-1,-1,-1
1334,515,768,339,139,121,1,-1,-1,-1
1335,515,768,339,139,121,1,-1,-1,-1
1336,515,768,339,139,121,1,-1,-1,-1
1337,515,768,339,140,121,1,-1,-1,-1
1338,515,768,339,140,121,1,-1,-1,-1
1339,515,768,339,140,121,1,-1,-1,-1
1340,515,768,339,140,121,1,-1,-1,-1
1341,515,768,339,140,121,1,-1,-1,-1
1342,515,768,339,140,121,1,-1,-1,-1
1343,515,768,339,140,121,1,-1,-1,-1
1344,515,768,339,140,121,1,-1,-1,-1
1345,515,768,339,139,121,1,-1,-1,-1
1346,515,768,339,139,121,1,-1,-1,-1
1347,515,768,339,139,121,1,-1,-1,-1
1348,515,768,339,139,121,1,-1,-1,-1
1349,515,768,339,139,121,1,-1,-1,-1
1350,515,768,339,139,121,1,-1,-1,-1
1351,515,768,339,139,121,1,-1,-1,-1
1352,515,768,339,139,121,1,-1,-1,-1
1353,515,768,340,139,121,1,-1,-1,-1
1354,515,768,340,139,121,1,-1,-1,-1
1355,515,768,340,139,121,1,-1,-1,-1
1356,515,768,340,139,121,1,-1,-1,-1
1357,515,768,339,139,121,1,-1,-1,-1
1358,515,768,339,139,121,1,-1,-1,-1
1359,515,768,339,139,121,1,-1,-1,-1
1360,515,768,339,139,121,1,-1,-1,-1
1361,515,768,339,139,121,1,-1,-1,-1
1362,515,768,339,139,121,1,-1,-1,-1
1363,515,768,339,139,121,1,-1,-1,-1
1364,515,768,339,139,121,1,-1,-1,-1
1365,515,768,339,139,121,1,-1,-1,-1
1366,515,768,339,139,121,1,-1,-1,-1
1367,515,768,339,139,121,1,-1,-1,-1
1368,515,768,339,139,121,1,-1,-1,-1
1369,515,768,339,139,121,1,-1,-1,-1
1370,515,768,339,139,121,1,-1,-1,-1
1371,515,768,339,139,121,1,-1,-1,-1
1372,515,768,339,139,121,1,-1,-1,-1
1373,515,768,339,139,121,1,-1,-1,-1
1374,515,768,339,139,121,1,-1,-1,-1
1375,515,768,339,139,121,1,-1,-1,-1
1376,515,768,339,139,121,1,-1,-1,-1
1377,515,768,339,139,121,1,-1,-1,-1
1378,515,768,339,139,121,1,-1,-1,-1
1379,515,768,339,139,121,1,-1,-1,-1
1380,515,768,339,139,121,1,-1,-1,-1
1381,515,768,340,140,121,1,-1,-1,-1
1382,515,768,340,140,121,1,-1,-1,-1
1383,515,768,340,140,121,1,-1,-1,-1
1384,515,768,340,140,121,1,-1,-1,-1
1385,515,768,339,139,121,1,-1,-1,-1
1386,515,768,339,139,121,1,-1,-1,-1
1387,515,768,339,139,121,1,-1,-1,-1
1388,515,768,339,139,121,1,-1,-1,-1
1389,515,768,339,139,121,1,-1,-1,-1
1390,515,768,339,139,121,1,-1,-1,-1
1391,515,768,339,139,121,1,-1,-1,-1
1392,515,768,339,139,121,1,-1,-1,-1
1393,515,768,339,139,121,1,-1,-1,-1
1394,515,768,339,139,121,1,-1,-1,-1
1395,515,768,339,139,121,1,-1,-1,-1
1396,515,768,339,139,121,1,-1,-1,-1
1397,515,768,339,139,121,1,-1,-1,-1
1398,515,768,339,139,121,1,-1,-1,-1
1399,515,768,339,139,121,1,-1,-1,-1
1400,515,768,339,139,121,1,-1,-1,-1
1401,515,768,339,139,121,1,-1,-1,-1
1402,515,768,339,139,121,1,-1,-1,-1
1403,515,768,339,139,121,1,-1,-1,-1
1404,515,768,339,139,121,1,-1,-1,-1
1405,515,768,339,139,121,1,-1,-1,-1
1406,515,768,339,139,121,1,-1,-1,-1
1407,515,768,339,139,121,1,-1,-1,-1
1408,515,768,339,139,121,1,-1,-1,-1
1409,515,768,339,139,121,1,-1,-1,-1
1410,515,768,339,139,121,1,-1,-1,-1
1411,515,768,339,139,121,1,-1,-1,-1
1412,515,768,339,139,121,1,-1,-1,-1
1413,515,768,339,139,121,1,-1,-1,-1
1414,515,768,339,139,121,1,-1,-1,-1
1415,515,768,339,139,121,1,-1,-1,-1
1416,515,768,339,139,121,1,-1,-1,-1
1417,515,768,339,139,121,1,-1,-1,-1
1418,515,768,339,139,121,1,-1,-1,-1
1419,515,768,339,139,121,1,-1,-1,-1
1420,515,768,339,139,121,1,-1,-1,-1
1421,515,768,339,139,121,1,-1,-1,-1
1422,515,768,339,139,121,1,-1,-1,-1
1423,515,768,339,139,121,1,-1,-1,-1
1424,515,768,339,139,121,1,-1,-1,-1
1425,515,768,339,139,121,1,-1,-1,-1
1426,515,768,339,139,121,1,-1,-1,-1
1427,515,768,339,139,121,1,-1,-1,-1
1428,515,768,339,139,121,1,-1,-1,-1
1429,515,768,339,139,121,1,-1,-1,-1
1430,515,768,339,139,121,1,-1,-1,-1
1431,515,768,339,139,121,1,-1,-1,-1
1432,515,768,339,139,121,1,-1,-1,-1
1433,515,768,339,140,121,1,-1,-1,-1
1434,515,768,339,140,121,1,-1,-1,-1
1435,515,768,339,140,121,1,-1,-1,-1
1436,515,768,339,140,121,1,-1,-1,-1
1437,515,768,339,140,121,1,-1,-1,-1
1438,515,768,339,140,121,1,-1,-1,-1
1439,515,768,339,140,121,1,-1,-1,-1
1440,515,768,339,140,121,1,-1,-1,-1
1441,515,768,340,139,121,1,-1,-1,-1
1442,515,768,340,139,121,1,-1,-1,-1
1443,515,768,340,139,121,1,-1,-1,-1
1444,515,768,340,139,121,1,-1,-1,-1
1445,515,768,340,139,121,1,-1,-1,-1
1446,515,768,340,139,121,1,-1,-1,-1
1447,515,768,340,139,121,1,-1,-1,-1
1448,515,768,340,139,121,1,-1,-1,-1
1449,515,768,340,139,121,1,-1,-1,-1
1450,515,768,340,139,121,1,-1,-1,-1
1451,515,768,340,139,121,1,-1,-1,-1
1452,515,768,340,139,121,1,-1,-1,-1
1453,515,768,339,140,121,1,-1,-1,-1
1454,515,768,339,140,121,1,-1,-1,-1
1455,515,768,339,140,121,1,-1,-1,-1
1456,515,768,339,140,121,1,-1,-1,-1
1457,515,768,340,139,121,1,-1,-1,-1
1458,515,768,340,139,121,1,-1,-1,-1
1459,515,768,340,139,121,1,-1,-1,-1
1460,515,768,340,139,121,1,-1,-1,-1
1461,515,768,340,139,121,1,-1,-1,-1
1462,515,768,340,139,121,1,-1,-1,-1
1463,515,768,340,139,121,1,-1,-1,-1
1464,515,768,340,139,121,1,-1,-1,-1
1465,515,767,340,140,120,1,-1,-1,-1
1466,515,767,340,140,120,1,-1,-1,-1
1467,515,767,340,140,120,1,-1,-1,-1
1468,515,767,340,140,120,1,-1,-1,-1
1469,515,767,340,140,120,1,-1,-1,-1
1470,515,768,340,140,121,1,-1,-1,-1
1471,515,768,340,140,121,1,-1,-1,-1
1472,515,768,340,140,121,1,-1,-1,-1
1473,515,768,340,140,121,1,-1,-1,-1
1474,515,768,340,140,121,1,-1,-1,-1
1475,515,768,340,140,121,1,-1,-1,-1
1476,515,768,340,140,121,1,-1,-1,-1
1477,515,768,340,139,121,1,-1,-1,-1
1478,515,768,340,139,121,1,-1,-1,-1
1479,515,768,340,139,121,1,-1,-1,-1
1480,515,768,340,139,121,1,-1,-1,-1
1481,515,768,340,139,121,1,-1,-1,-1
1482,515,768,340,139,121,1,-1,-1,-1
1483,515,768,340,139,121,1,-1,-1,-1
1484,515,768,340,139,121,1,-1,-1,-1
1485,515,768,340,139,121,1,-1,-1,-1
1486,515,768,340,139,121,1,-1,-1,-1
1487,515,768,340,139,121,1,-1,-1,-1
1488,515,768,340,139,121,1,-1,-1,-1
1489,515,768,340,139,121,1,-1,-1,-1
1490,515,768,340,139,121,1,-1,-1,-1
1491,515,768,340,139,121,1,-1,-1,-1
1492,515,768,340,139,121,1,-1,-1,-1
1493,515,768,340,139,121,1,-1,-1,-1
1494,515,768,340,139,121,1,-1,-1,-1
1495,515,768,340,139,121,1,-1,-1,-1
1496,515,768,340,140,121,1,-1,-1,-1
1497,515,768,340,140,121,1,-1,-1,-1
1498,515,768,340,140,121,1,-1,-1,-1
1499,515,768,340,140,121,1,-1,-1,-1
1500,515,768,340,140,121,1,-1,-1,-1
1501,515,767,340,140,121,1,-1,-1,-1
1502,515,767,340,140,121,1,-1,-1,-1
1503,515,767,340,140,121,1,-1,-1,-1
1504,515,767,340,140,121,1,-1,-1,-1
1505,515,767,339,140,121,1,-1,-1,-1
1506,515,767,339,140,121,1,-1,-1,-1
1507,515,767,339,140,121,1,-1,-1,-1
1508,515,767,339,140,121,1,-1,-1,-1
1509,515,767,339,140,121,1,-1,-1,-1
1510,515,767,339,140,121,1,-1,-1,-1
1511,515,767,339,140,121,1,-1,-1,-1
1512,515,767,339,140,121,1,-1,-1,-1
1513,515,768,339,139,121,1,-1,-1,-1
1514,515,768,339,139,121,1,-1,-1,-1
1515,515,768,340,139,121,1,-1,-1,-1
1516,515,768,340,139,121,1,-1,-1,-1
1517,515,768,340,139,121,1,-1,-1,-1
1518,515,768,340,139,121,1,-1,-1,-1
1519,515,768,340,139,121,1,-1,-1,-1
1520,515,768,340,139,121,1,-1,-1,-1
1521,515,768,339,139,121,1,-1,-1,-1
1522,515,768,339,139,121,1,-1,-1,-1
1523,515,768,339,139,121,1,-1,-1,-1
1524,515,768,339,139,121,1,-1,-1,-1
1525,515,768,339,140,121,1,-1,-1,-1
1526,515,768,339,140,121,1,-1,-1,-1
1527,515,768,339,140,121,1,-1,-1,-1
1528,515,768,339,140,121,1,-1,-1,-1
1529,515,767,340,140,121,1,-1,-1,-1
1530,515,767,340,140,121,1,-1,-1,-1
1531,515,767,340,140,121,1,-1,-1,-1
1532,515,767,340,140,121,1,-1,-1,-1
1533,515,767,340,140,121,1,-1,-1,-1
1534,515,767,340,140,121,1,-1,-1,-1
1535,515,767,340,140,121,1,-1,-1,-1
1536,515,767,340,140,121,1,-1,-1,-1
1537,515,768,340,140,121,1,-1,-1,-1
1538,515,768,340,140,121,1,-1,-1,-1
1539,515,768,340,140,121,1,-1,-1,-1
1540,515,768,340,140,121,1,-1,-1,-1
1541,515,768,340,140,121,1,-1,-1,-1
1542,515,768,340,140,121,1,-1,-1,-1
1543,515,768,340,140,121,1,-1,-1,-1
1544,515,768,340,140,121,1,-1,-1,-1
1545,515,768,340,140,120,1,-1,-1,-1
1546,515,768,340,140,120,1,-1,-1,-1
1547,515,768,340,140,120,1,-1,-1,-1
1548,515,768,340,140,120,1,-1,-1,-1
1549,515,768,339,139,121,1,-1,-1,-1
1550,515,768,339,139,121,1,-1,-1,-1
1551,515,768,339,140,121,1,-1,-1,-1
1552,515,768,339,140,121,1,-1,-1,-1
1553,515,768,340,139,121,1,-1,-1,-1
1554,515,768,340,139,121,1,-1,-1,-1
1555,515,768,340,139,121,1,-1,-1,-1
1556,515,768,340,139,121,1,-1,-1,-1
1557,515,768,340,139,121,1,-1,-1,-1
1558,515,768,340,139,121,1,-1,-1,-1
1559,515,768,340,139,121,1,-1,-1,-1
1560,515,768,340,139,121,1,-1,-1,-1
1561,515,768,340,140,121,1,-1,-1,-1
1562,515,768,340,140,121,1,-1,-1,-1
1563,515,768,340,140,121,1,-1,-1,-1
1564,515,768,339,139,121,1,-1,-1,-1
1565,515,768,339,139,121,1,-1,-1,-1
1566,515,768,339,139,121,1,-1,-1,-1
1567,515,768,339,139,121,1,-1,-1,-1
1568,515,767,340,140,120,1,-1,-1,-1
1569,515,768,339,139,121,1,-1,-1,-1
1570,515,768,340,140,120,1,-1,-1,-1
1571,515,768,339,139,121,1,-1,-1,-1
1572,515,768,340,140,120,1,-1,-1,-1
1573,515,768,339,139,121,1,-1,-1,-1
1574,515,768,339,139,121,1,-1,-1,-1
1575,515,768,339,139,121,1,-1,-1,-1
1576,515,768,339,139,121,1,-1,-1,-1
1577,515,768,339,140,121,1,-1,-1,-1
1578,515,768,339,140,121,1,-1,-1,-1
1579,515,768,339,139,121,1,-1,-1,-1
1580,515,768,339,139,121,1,-1,-1,-1
1581,515,768,339,139,121,1,-1,-1,-1
1582,515,768,339,139,121,1,-1,-1,-1
1583,515,768,339,139,121,1,-1,-1,-1
1584,515,768,339,139,121,1,-1,-1,-1
1585,515,767,340,140,120,1,-1,-1,-1
1586,515,767,340,141,120,1,-1,-1,-1
1587,515,767,339,141,120,1,-1,-1,-1
1588,515,767,339,141,120,1,-1,-1,-1
1589,515,767,339,141,120,1,-1,-1,-1
1590,515,767,339,140,120,1,-1,-1,-1
1591,515,767,339,140,120,1,-1,-1,-1
1592,515,767,339,140,120,1,-1,-1,-1
1593,515,768,339,140,120,1,-1,-1,-1
1594,515,768,339,140,121,1,-1,-1,-1
1595,515,768,339,140,121,1,-1,-1,-1
1596,515,768,339,140,120,1,-1,-1,-1
1597,515,768,339,140,121,1,-1,-1,-1
1598,515,768,339,140,121,1,-1,-1,-1
1599,515,768,339,140,121,1,-1,-1,-1
1600,515,768,339,140,121,1,-1,-1,-1
1601,515,768,340,139,121,1,-1,-1,-1
1602,515,768,340,139,121,1,-1,-1,-1
1603,515,768,340,139,121,1,-1,-1,-1
1604,515,768,340,139,121,1,-1,-1,-1
1605,515,768,340,140,120,1,-1,-1,-1
1606,515,768,340,140,121,1,-1,-1,-1
1607,515,768,340,140,120,1,-1,-1,-1
1608,515,767,340,140,120,1,-1,-1,-1
1609,515,768,339,140,121,1,-1,-1,-1
1610,515,768,339,140,121,1,-1,-1,-1
1611,515,768,339,140,121,1,-1,-1,-1
1612,515,768,339,140,121,1,-1,-1,-1
1613,515,768,339,140,121,1,-1,-1,-1
1614,515,768,339,140,121,1,-1,-1,-1
1615,515,768,339,140,121,1,-1,-1,-1
1616,515,768,339,140,121,1,-1,-1,-1
1617,515,768,339,140,121,1,-1,-1,-1
1618,515,768,339,140,121,1,-1,-1,-1
1619,515,768,339,140,121,1,-1,-1,-1
1620,515,768,340,140,121,1,-1,-1,-1
1621,515,768,340,139,120,1,-1,-1,-1
1622,515,768,340,139,121,1,-1,-1,-1
1623,515,768,340,139,121,1,-1,-1,-1
1624,515,768,340,139,121,1,-1,-1,-1
1625,515,768,340,139,121,1,-1,-1,-1
1626,515,768,340,139,120,1,-1,-1,-1
1627,515,768,340,139,120,1,-1,-1,-1
1628,515,768,339,139,121,1,-1,-1,-1
1629,515,768,339,139,121,1,-1,-1,-1
1630,515,768,340,139,121,1,-1,-1,-1
1631,515,768,340,139,120,1,-1,-1,-1
1632,515,768,340,139,121,1,-1,-1,-1
1633,515,768,339,140,121,1,-1,-1,-1
1634,515,768,339,140,121,1,-1,-1,-1
1635,515,768,339,140,121,1,-1,-1,-1
1636,515,768,339,140,121,1,-1,-1,-1
1637,515,768,339,140,121,1,-1,-1,-1
1638,515,768,339,140,121,1,-1,-1,-1
1639,515,768,339,140,121,1,-1,-1,-1
1640,515,768,339,140,121,1,-1,-1,-1
1641,515,768,339,140,121,1,-1,-1,-1
1642,515,768,339,140,121,1,-1,-1,-1
1643,515,768,339,140,121,1,-1,-1,-1
1644,515,768,339,140,121,1,-1,-1,-1
1645,515,768,339,139,120,1,-1,-1,-1
1646,515,768,339,139,120,1,-1,-1,-1
1647,515,768,339,139,121,1,-1,-1,-1
1648,515,768,339,139,121,1,-1,-1,-1
1649,515,768,339,140,121,1,-1,-1,-1
1650,515,768,339,140,121,1,-1,-1,-1
1651,515,768,339,140,121,1,-1,-1,-1
1652,515,768,339,140,121,1,-1,-1,-1
1653,515,767,339,140,121,1,-1,-1,-1
1654,515,768,339,140,121,1,-1,-1,-1
1655,515,768,339,140,121,1,-1,-1,-1
1656,515,768,339,140,121,1,-1,-1,-1
1657,515,767,340,140,121,1,-1,-1,-1
1658,515,767,340,140,121,1,-1,-1,-1
1659,515,767,340,140,121,1,-1,-1,-1
1660,515,767,340,140,121,1,-1,-1,-1
1661,515,768,340,140,121,1,-1,-1,-1
1662,515,768,340,140,121,1,-1,-1,-1
1663,515,768,340,140,121,1,-1,-1,-1
1664,515,767,340,140,121,1,-1,-1,-1
1665,515,768,340,140,121,1,-1,-1,-1
1666,515,768,340,140,121,1,-1,-1,-1
1667,515,768,340,140,121,1,-1,-1,-1
1668,515,768,340,140,121,1,-1,-1,-1
1669,515,767,340,140,121,1,-1,-1,-1
1670,515,767,340,140,121,1,-1,-1,-1
1671,515,767,340,140,121,1,-1,-1,-1
1672,515,767,340,140,121,1,-1,-1,-1
1673,515,767,340,140,121,1,-1,-1,-1
1674,515,767,340,140,121,1,-1,-1,-1
1675,515,767,340,140,121,1,-1,-1,-1
1676,515,767,340,140,121,1,-1,-1,-1
1677,515,768,340,140,121,1,-1,-1,-1
1678,515,768,340,140,121,1,-1,-1,-1
1679,515,768,340,140,121,1,-1,-1,-1
1680,515,768,340,140,121,1,-1,-1,-1
1681,515,768,340,140,121,1,-1,-1,-1
1682,515,768,340,140,121,1,-1,-1,-1
1683,515,768,340,140,121,1,-1,-1,-1
1684,515,768,340,140,121,1,-1,-1,-1
1685,515,768,340,140,121,1,-1,-1,-1
1686,515,768,340,140,121,1,-1,-1,-1
1687,515,768,340,140,121,1,-1,-1,-1
1688,515,768,340,140,121,1,-1,-1,-1
1689,515,768,340,139,121,1,-1,-1,-1
1690,515,768,340,139,121,1,-1,-1,-1
1691,515,768,340,139,121,1,-1,-1,-1
1692,515,768,340,139,121,1,-1,-1,-1
1693,515,768,340,140,120,1,-1,-1,-1
1694,515,768,340,140,121,1,-1,-1,-1
1695,515,768,340,140,120,1,-1,-1,-1
1696,515,768,340,140,120,1,-1,-1,-1
1697,515,768,340,140,121,1,-1,-1,-1
1698,515,768,340,140,121,1,-1,-1,-1
1699,515,768,340,140,121,1,-1,-1,-1
1700,515,768,340,140,121,1,-1,-1,-1
1701,515,768,340,140,121,1,-1,-1,-1
1702,515,768,340,140,121,1,-1,-1,-1
1703,515,768,340,140,121,1,-1,-1,-1
1704,515,768,340,140,121,1,-1,-1,-1
1705,515,768,340,140,121,1,-1,-1,-1
1706,515,768,340,140,121,1,-1,-1,-1
1707,515,768,340,140,121,1,-1,-1,-1
1708,515,768,340,140,121,1,-1,-1,-1
1709,515,768,340,140,121,1,-1,-1,-1
1710,515,768,340,140,121,1,-1,-1,-1
1711,515,768,340,140,121,1,-1,-1,-1
1712,515,768,340,140,121,1,-1,-1,-1
1713,515,768,340,140,121,1,-1,-1,-1
1714,515,768,340,140,121,1,-1,-1,-1
1715,515,768,340,140,121,1,-1,-1,-1
1716,515,768,340,140,121,1,-1,-1,-1
1717,515,768,340,140,120,1,-1,-1,-1
1718,515,768,340,140,120,1,-1,-1,-1
1719,515,768,340,140,120,1,-1,-1,-1
1720,515,768,340,140,120,1,-1,-1,-1
1721,515,768,340,140,121,1,-1,-1,-1
1722,515,768,340,140,121,1,-1,-1,-1
1723,515,768,340,140,121,1,-1,-1,-1
1724,515,768,340,140,121,1,-1,-1,-1
1725,515,768,340,140,121,1,-1,-1,-1
1726,515,768,340,140,121,1,-1,-1,-1
1727,515,768,340,140,121,1,-1,-1,-1
1728,515,768,340,140,121,1,-1,-1,-1
1729,515,768,340,139,120,1,-1,-1,-1
1730,515,768,340,140,120,1,-1,-1,-1
1731,515,768,340,140,120,1,-1,-1,-1
1732,515,768,340,140,120,1,-1,-1,-1
1733,515,768,340,140,120,1,-1,-1,-1
1734,515,768,340,139,120,1,-1,-1,-1
1735,515,768,340,140,121,1,-1,-1,-1
1736,515,768,340,140,121,1,-1,-1,-1
1737,515,768,340,139,121,1,-1,-1,-1
1738,515,768,340,139,121,1,-1,-1,-1
1739,515,768,340,139,121,1,-1,-1,-1
1740,515,768,340,139,121,1,-1,-1,-1
1741,515,768,340,140,120,1,-1,-1,-1
1742,515,768,340,140,121,1,-1,-1,-1
1743,515,768,340,140,121,1,-1,-1,-1
1744,515,768,340,140,121,1,-1,-1,-1
1745,515,768,340,140,121,1,-1,-1,-1
1746,515,768,340,140,121,1,-1,-1,-1
1747,515,768,340,140,121,1,-1,-1,-1
1748,515,768,340,140,120,1,-1,-1,-1
1749,515,768,340,140,120,1,-1,-1,-1
1750,515,768,340,140,121,1,-1,-1,-1
1751,515,768,340,140,121,1,-1,-1,-1
1752,515,768,340,140,121,1,-1,-1,-1
1753,515,768,340,140,121,1,-1,-1,-1
1754,515,768,340,140,121,1,-1,-1,-1
1755,515,768,340,140,121,1,-1,-1,-1
1756,515,767,340,140,121,1,-1,-1,-1
1757,515,767,340,140,121,1,-1,-1,-1
1758,515,767,340,140,121,1,-1,-1,-1
1759,515,767,340,140,121,1,-1,-1,-1
1760,515,767,340,140,121,1,-1,-1,-1
1761,515,768,340,140,121,1,-1,-1,-1
1762,515,768,340,140,121,1,-1,-1,-1
1763,515,768,340,140,121,1,-1,-1,-1
1764,515,768,340,140,121,1,-1,-1,-1
1765,515,768,340,140,121,1,-1,-1,-1
1766,515,768,340,140,121,1,-1,-1,-1
1767,515,768,340,140,121,1,-1,-1,-1
1768,515,768,340,140,121,1,-1,-1,-1
1769,515,768,340,140,121,1,-1,-1,-1
1770,515,768,340,140,121,1,-1,-1,-1
1771,515,768,340,140,121,1,-1,-1,-1
1772,515,768,340,140,121,1,-1,-1,-1
1773,515,768,340,140,121,1,-1,-1,-1
1774,515,768,340,140,121,1,-1,-1,-1
1775,515,768,340,140,121,1,-1,-1,-1
1776,515,768,340,140,121,1,-1,-1,-1
1777,515,768,339,139,121,1,-1,-1,-1
1778,515,768,339,139,121,1,-1,-1,-1
1779,515,768,339,139,121,1,-1,-1,-1
1780,515,768,339,139,121,1,-1,-1,-1
1781,515,768,339,139,121,1,-1,-1,-1
1782,515,768,339,139,121,1,-1,-1,-1
1783,515,768,339,139,121,1,-1,-1,-1
1784,515,768,339,139,121,1,-1,-1,-1
1785,515,768,339,140,121,1,-1,-1,-1
1786,515,768,339,139,121,1,-1,-1,-1
1787,515,768,339,139,121,1,-1,-1,-1
1788,515,768,339,139,121,1,-1,-1,-1
1789,515,768,339,140,121,1,-1,-1,-1
1790,515,768,339,140,121,1,-1,-1,-1
1791,515,768,339,140,121,1,-1,-1,-1
1792,515,768,339,140,121,1,-1,-1,-1
1793,515,768,340,140,121,1,-1,-1,-1
1794,515,768,340,140,121,1,-1,-1,-1
1795,515,768,340,140,121,1,-1,-1,-1
1796,515,768,339,140,121,1,-1,-1,-1
1797,515,768,339,140,121,1,-1,-1,-1
1798,515,768,339,140,121,1,-1,-1,-1
1799,515,768,340,140,121,1,-1,-1,-1
1800,515,768,340,140,121,1,-1,-1,-1
1801,515,768,339,140,121,1,-1,-1,-1
1802,515,768,339,140,121,1,-1,-1,-1
1803,515,768,339,140,121,1,-1,-1,-1
1804,515,768,339,140,121,1,-1,-1,-1
1805,515,768,339,140,121,1,-1,-1,-1
1806,515,768,339,140,121,1,-1,-1,-1
1807,515,768,339,140,121,1,-1,-1,-1
1808,515,768,339,140,121,1,-1,-1,-1
1809,515,768,339,140,121,1,-1,-1,-1
1810,515,768,339,140,121,1,-1,-1,-1
1811,515,768,339,140,121,1,-1,-1,-1
1812,515,768,339,140,121,1,-1,-1,-1
1813,515,768,340,140,121,1,-1,-1,-1
1814,515,768,340,140,121,1,-1,-1,-1
1815,515,768,340,140,121,1,-1,-1,-1
1816,515,768,340,140,121,1,-1,-1,-1
1817,515,768,339,140,121,1,-1,-1,-1
1818,515,768,339,140,121,1,-1,-1,-1
1819,515,768,339,140,121,1,-1,-1,-1
1820,515,768,339,140,121,1,-1,-1,-1
1821,515,768,339,140,121,1,-1,-1,-1
1822,515,768,340,140,121,1,-1,-1,-1
1823,515,768,340,140,121,1,-1,-1,-1
1824,515,768,340,140,121,1,-1,-1,-1
1825,515,768,340,140,121,1,-1,-1,-1
1826,515,768,340,139,121,1,-1,-1,-1
1827,515,768,340,139,121,1,-1,-1,-1
1828,515,768,340,140,121,1,-1,-1,-1
1829,515,768,340,140,121,1,-1,-1,-1
1830,515,768,340,140,121,1,-1,-1,-1
1831,515,768,340,139,121,1,-1,-1,-1
1832,515,768,340,139,121,1,-1,-1,-1
1833,515,768,339,139,121,1,-1,-1,-1
1834,515,768,339,139,121,1,-1,-1,-1
1835,515,768,339,139,121,1,-1,-1,-1
1836,515,768,339,139,121,1,-1,-1,-1
1837,515,768,339,140,121,1,-1,-1,-1
1838,515,768,339,140,121,1,-1,-1,-1
1839,515,768,339,140,121,1,-1,-1,-1
1840,515,768,339,140,121,1,-1,-1,-1
1841,515,768,339,140,121,1,-1,-1,-1
1842,515,768,339,140,121,1,-1,-1,-1
1843,515,768,340,139,121,1,-1,-1,-1
1844,515,768,340,140,121,1,-1,-1,-1
1845,515,768,340,140,121,1,-1,-1,-1
1846,515,768,340,140,121,1,-1,-1,-1
1847,515,768,340,140,121,1,-1,-1,-1
1848,515,768,340,140,121,1,-1,-1,-1
1849,515,768,340,140,121,1,-1,-1,-1
1850,515,768,340,140,121,1,-1,-1,-1
1851,515,768,340,140,121,1,-1,-1,-1
1852,515,768,340,140,121,1,-1,-1,-1
1853,515,768,340,140,121,1,-1,-1,-1
1854,515,768,340,140,121,1,-1,-1,-1
1855,515,768,340,140,121,1,-1,-1,-1
1856,515,768,340,140,121,1,-1,-1,-1
1857,515,768,340,140,121,1,-1,-1,-1
1858,515,768,340,140,121,1,-1,-1,-1
1859,515,768,340,139,121,1,-1,-1,-1
1860,515,768,340,140,121,1,-1,-1,-1
1861,515,768,339,140,121,1,-1,-1,-1
1862,515,768,339,139,121,1,-1,-1,-1
1863,515,768,339,139,121,1,-1,-1,-1
1864,515,768,339,139,121,1,-1,-1,-1
1865,515,768,339,139,121,1,-1,-1,-1
1866,515,768,339,139,121,1,-1,-1,-1
1867,515,768,339,139,121,1,-1,-1,-1
1868,515,768,339,139,121,1,-1,-1,-1
1869,515,768,339,139,121,1,-1,-1,-1
1870,515,768,339,139,121,1,-1,-1,-1
1871,515,768,339,139,121,1,-1,-1,-1
1872,515,768,339,139,121,1,-1,-1,-1
1873,515,768,339,140,121,1,-1,-1,-1
1874,515,768,339,140,121,1,-1,-1,-1
1875,515,768,339,140,121,1,-1,-1,-1
1876,515,768,339,140,121,1,-1,-1,-1
1877,515,768,339,140,121,1,-1,-1,-1
1878,515,768,339,140,121,1,-1,-1,-1
1879,515,768,339,140,121,1,-1,-1,-1
1880,515,768,340,140,121,1,-1,-1,-1
1881,515,768,339,140,121,1,-1,-1,-1
1882,515,768,339,139,121,1,-1,-1,-1
1883,515,768,339,139,121,1,-1,-1,-1
1884,515,768,339,140,121,1,-1,-1,-1
1885,515,768,339,139,121,1,-1,-1,-1
1886,515,768,339,139,121,1,-1,-1,-1
1887,515,768,339,139,121,1,-1,-1,-1
1888,515,768,339,139,121,1,-1,-1,-1
1889,515,768,339,140,121,1,-1,-1,-1
1890,515,768,340,140,121,1,-1,-1,-1
1891,515,768,340,140,121,1,-1,-1,-1
1892,515,768,340,140,121,1,-1,-1,-1
1893,515,768,340,140,121,1,-1,-1,-1
1894,515,768,340,140,121,1,-1,-1,-1
1895,515,768,340,140,121,1,-1,-1,-1
1896,515,768,340,140,121,1,-1,-1,-1
1897,515,768,339,140,122,1,-1,-1,-1
1898,515,768,339,140,122,1,-1,-1,-1
1899,515,768,339,140,122,1,-1,-1,-1
1900,515,768,339,140,122,1,-1,-1,-1
1901,515,768,339,140,122,1,-1,-1,-1
1902,515,768,339,140,122,1,-1,-1,-1
1903,515,768,339,140,122,1,-1,-1,-1
1904,515,768,339,140,122,1,-1,-1,-1
1905,515,768,340,140,121,1,-1,-1,-1
1906,515,768,340,140,121,1,-1,-1,-1
1907,515,768,340,140,121,1,-1,-1,-1
1908,515,768,340,140,121,1,-1,-1,-1
1909,515,768,340,139,121,1,-1,-1,-1
1910,515,768,340,139,121,1,-1,-1,-1
1911,515,768,340,139,121,1,-1,-1,-1
1912,515,768,340,140,121,1,-1,-1,-1
1913,515,768,340,140,121,1,-1,-1,-1
1914,515,768,340,140,121,1,-1,-1,-1
1915,515,768,340,140,121,1,-1,-1,-1
1916,515,768,340,140,121,1,-1,-1,-1
1917,515,768,340,140,121,1,-1,-1,-1
1918,515,768,340,140,121,1,-1,-1,-1
1919,515,768,340,140,121,1,-1,-1,-1
1920,515,768,340,140,121,1,-1,-1,-1
1921,515,768,339,140,122,1,-1,-1,-1
1922,515,768,340,140,121,1,-1,-1,-1
1923,515,768,340,140,121,1,-1,-1,-1
1924,515,768,340,140,122,1,-1,-1,-1
1925,515,768,340,140,122,1,-1,-1,-1
1926,515,768,339,140,122,1,-1,-1,-1
1927,515,768,340,140,122,1,-1,-1,-1
1928,515,768,340,140,122,1,-1,-1,-1
1,516,847,431,155,121,1,-1,-1,-1
2,516,847,431,154,121,1,-1,-1,-1
3,516,847,431,154,121,1,-1,-1,-1
4,516,847,432,155,121,1,-1,-1,-1
5,516,847,432,155,121,1,-1,-1,-1
6,516,847,432,155,121,1,-1,-1,-1
7,516,847,432,155,120,1,-1,-1,-1
8,516,847,432,155,121,1,-1,-1,-1
9,516,847,432,154,121,1,-1,-1,-1
10,516,847,432,154,120,1,-1,-1,-1
11,516,847,432,154,120,1,-1,-1,-1
12,516,847,431,154,121,1,-1,-1,-1
13,516,847,432,155,120,1,-1,-1,-1
14,516,847,432,155,120,1,-1,-1,-1
15,516,847,432,155,120,1,-1,-1,-1
16,516,847,432,155,120,1,-1,-1,-1
17,516,847,432,155,120,1,-1,-1,-1
18,516,847,432,155,120,1,-1,-1,-1
19,516,847,432,155,120,1,-1,-1,-1
20,516,847,432,155,120,1,-1,-1,-1
21,516,847,432,155,120,1,-1,-1,-1
22,516,847,432,155,120,1,-1,-1,-1
23,516,847,432,155,120,1,-1,-1,-1
24,516,847,432,155,120,1,-1,-1,-1
25,516,847,432,155,120,1,-1,-1,-1
26,516,847,432,155,120,1,-1,-1,-1
27,516,847,432,155,120,1,-1,-1,-1
28,516,847,432,155,120,1,-1,-1,-1
29,516,847,432,155,120,1,-1,-1,-1
30,516,847,432,155,120,1,-1,-1,-1
31,516,847,432,155,120,1,-1,-1,-1
32,516,847,432,155,120,1,-1,-1,-1
33,516,847,432,155,120,1,-1,-1,-1
34,516,847,432,155,120,1,-1,-1,-1
35,516,847,432,155,120,1,-1,-1,-1
36,516,847,432,155,120,1,-1,-1,-1
37,516,847,433,155,120,1,-1,-1,-1
38,516,847,433,155,120,1,-1,-1,-1
39,516,847,433,155,120,1,-1,-1,-1
40,516,847,433,155,120,1,-1,-1,-1
41,516,847,433,155,120,1,-1,-1,-1
42,516,847,433,155,120,1,-1,-1,-1
43,516,847,433,155,120,1,-1,-1,-1
44,516,847,433,155,120,1,-1,-1,-1
45,516,847,433,155,120,1,-1,-1,-1
46,516,847,433,155,120,1,-1,-1,-1
47,516,847,433,155,120,1,-1,-1,-1
48,516,847,433,155,120,1,-1,-1,-1
49,516,848,433,154,119,1,-1,-1,-1
50,516,848,433,154,119,1,-1,-1,-1
51,516,848,433,154,119,1,-1,-1,-1
52,516,848,433,154,119,1,-1,-1,-1
53,516,848,433,154,120,1,-1,-1,-1
54,516,848,433,154,120,1,-1,-1,-1
55,516,848,433,154,120,1,-1,-1,-1
56,516,848,433,154,120,1,-1,-1,-1
57,516,847,433,154,120,1,-1,-1,-1
58,516,847,433,154,120,1,-1,-1,-1
59,516,847,433,154,120,1,-1,-1,-1
60,516,847,432,155,120,1,-1,-1,-1
61,516,847,431,154,121,1,-1,-1,-1
62,516,847,431,154,122,1,-1,-1,-1
63,516,847,431,154,122,1,-1,-1,-1
64,516,847,431,154,122,1,-1,-1,-1
65,516,848,432,154,120,1,-1,-1,-1
66,516,848,431,154,121,1,-1,-1,-1
67,516,848,431,154,121,1,-1,-1,-1
68,516,848,431,154,121,1,-1,-1,-1
69,516,848,431,154,121,1,-1,-1,-1
70,516,848,432,154,120,1,-1,-1,-1
71,516,848,432,154,120,1,-1,-1,-1
72,516,848,432,154,120,1,-1,-1,-1
73,516,847,431,155,121,1,-1,-1,-1
74,516,847,431,155,121,1,-1,-1,-1
75,516,847,431,155,121,1,-1,-1,-1
76,516,847,431,155,121,1,-1,-1,-1
77,516,847,431,155,121,1,-1,-1,-1
78,516,847,431,155,121,1,-1,-1,-1
79,516,847,431,155,121,1,-1,-1,-1
80,516,847,431,155,121,1,-1,-1,-1
81,516,848,433,154,119,1,-1,-1,-1
82,516,848,433,154,119,1,-1,-1,-1
83,516,848,433,154,119,1,-1,-1,-1
84,516,848,433,154,120,1,-1,-1,-1
85,516,847,433,154,119,1,-1,-1,-1
86,516,847,433,154,120,1,-1,-1,-1
87,516,847,433,154,119,1,-1,-1,-1
88,516,847,433,154,120,1,-1,-1,-1
89,516,847,433,154,119,1,-1,-1,-1
90,516,847,433,154,119,1,-1,-1,-1
91,516,847,433,154,119,1,-1,-1,-1
92,516,847,433,154,119,1,-1,-1,-1
93,516,847,433,154,119,1,-1,-1,-1
94,516,847,433,154,119,1,-1,-1,-1
95,516,847,433,154,119,1,-1,-1,-1
96,516,847,433,154,119,1,-1,-1,-1
97,516,848,432,154,120,1,-1,-1,-1
98,516,848,432,154,120,1,-1,-1,-1
99,516,848,432,154,120,1,-1,-1,-1
100,516,848,432,154,120,1,-1,-1,-1
101,516,848,432,154,120,1,-1,-1,-1
102,516,848,432,154,120,1,-1,-1,-1
103,516,848,432,154,120,1,-1,-1,-1
104,516,848,432,154,120,1,-1,-1,-1
105,516,848,433,154,120,1,-1,-1,-1
106,516,848,432,154,120,1,-1,-1,-1
107,516,848,433,154,120,1,-1,-1,-1
108,516,847,433,155,120,1,-1,-1,-1
109,516,848,433,155,119,1,-1,-1,-1
110,516,848,433,155,119,1,-1,-1,-1
111,516,848,433,155,119,1,-1,-1,-1
112,516,848,433,155,119,1,-1,-1,-1
113,516,848,433,155,119,1,-1,-1,-1
114,516,848,433,155,119,1,-1,-1,-1
115,516,848,433,155,119,1,-1,-1,-1
116,516,848,433,155,119,1,-1,-1,-1
117,516,848,433,155,119,1,-1,-1,-1
118,516,848,433,155,119,1,-1,-1,-1
119,516,848,433,155,119,1,-1,-1,-1
120,516,848,433,155,119,1,-1,-1,-1
121,516,848,431,155,121,1,-1,-1,-1
122,516,848,431,155,121,1,-1,-1,-1
123,516,848,431,155,121,1,-1,-1,-1
124,516,848,431,155,121,1,-1,-1,-1
125,516,848,431,155,121,1,-1,-1,-1
126,516,848,431,155,121,1,-1,-1,-1
127,516,848,431,155,121,1,-1,-1,-1
128,516,848,431,155,121,1,-1,-1,-1
129,516,848,432,154,120,1,-1,-1,-1
130,516,848,432,154,120,1,-1,-1,-1
131,516,848,432,154,121,1,-1,-1,-1
132,516,848,432,154,120,1,-1,-1,-1
133,516,847,432,154,120,1,-1,-1,-1
134,516,847,432,154,120,1,-1,-1,-1
135,516,848,432,154,120,1,-1,-1,-1
136,516,848,432,154,120,1,-1,-1,-1
137,516,848,432,154,120,1,-1,-1,-1
138,516,848,432,154,120,1,-1,-1,-1
139,516,848,432,154,120,1,-1,-1,-1
140,516,848,432,154,120,1,-1,-1,-1
141,516,848,432,154,120,1,-1,-1,-1
142,516,848,432,154,120,1,-1,-1,-1
143,516,848,432,154,121,1,-1,-1,-1
144,516,848,432,154,121,1,-1,-1,-1
145,516,848,433,155,119,1,-1,-1,-1
146,516,848,433,155,119,1,-1,-1,-1
147,516,848,433,155,119,1,-1,-1,-1
148,516,848,433,155,119,1,-1,-1,-1
149,516,848,433,155,119,1,-1,-1,-1
150,516,848,433,155,119,1,-1,-1,-1
151,516,848,433,155,119,1,-1,-1,-1
152,516,848,433,155,119,1,-1,-1,-1
153,516,847,432,155,120,1,-1,-1,-1
154,516,847,432,155,120,1,-1,-1,-1
155,516,847,432,155,120,1,-1,-1,-1
156,516,847,432,155,120,1,-1,-1,-1
157,516,847,432,155,120,1,-1,-1,-1
158,516,847,432,155,120,1,-1,-1,-1
159,516,847,432,155,120,1,-1,-1,-1
160,516,847,432,155,120,1,-1,-1,-1
161,516,848,430,155,122,1,-1,-1,-1
162,516,848,430,155,122,1,-1,-1,-1
163,516,848,431,155,122,1,-1,-1,-1
164,516,847,431,155,122,1,-1,-1,-1
165,516,847,431,155,122,1,-1,-1,-1
166,516,847,431,155,122,1,-1,-1,-1
167,516,847,431,155,121,1,-1,-1,-1
168,516,847,431,155,121,1,-1,-1,-1
169,516,848,432,154,120,1,-1,-1,-1
170,516,848,432,154,120,1,-1,-1,-1
171,516,848,432,154,120,1,-1,-1,-1
172,516,848,432,154,120,1,-1,-1,-1
173,516,848,432,154,120,1,-1,-1,-1
174,516,848,432,154,120,1,-1,-1,-1
175,516,848,432,154,120,1,-1,-1,-1
176,516,848,432,154,120,1,-1,-1,-1
177,516,847,432,155,120,1,-1,-1,-1
178,516,847,432,155,120,1,-1,-1,-1
179,516,847,432,155,120,1,-1,-1,-1
180,516,847,431,155,121,1,-1,-1,-1
181,516,847,432,155,120,1,-1,-1,-1
182,516,847,431,155,121,1,-1,-1,-1
183,516,847,431,155,121,1,-1,-1,-1
184,516,847,431,155,121,1,-1,-1,-1
185,516,847,432,155,120,1,-1,-1,-1
186,516,847,432,155,120,1,-1,-1,-1
187,516,847,432,155,120,1,-1,-1,-1
188,516,847,432,155,120,1,-1,-1,-1
189,516,847,432,155,120,1,-1,-1,-1
190,516,847,432,155,120,1,-1,-1,-1
191,516,847,432,155,121,1,-1,-1,-1
192,516,847,431,155,121,1,-1,-1,-1
193,516,847,432,155,120,1,-1,-1,-1
194,516,847,432,155,120,1,-1,-1,-1
195,516,847,432,155,120,1,-1,-1,-1
196,516,847,432,155,120,1,-1,-1,-1
197,516,847,432,155,120,1,-1,-1,-1
198,516,847,432,155,120,1,-1,-1,-1
199,516,847,432,155,120,1,-1,-1,-1
200,516,847,432,155,120,1,-1,-1,-1
201,516,848,433,155,120,1,-1,-1,-1
202,516,848,433,155,120,1,-1,-1,-1
203,516,848,432,155,120,1,-1,-1,-1
204,516,848,432,155,120,1,-1,-1,-1
205,516,848,432,155,120,1,-1,-1,-1
206,516,848,432,155,120,1,-1,-1,-1
207,516,848,432,155,120,1,-1,-1,-1
208,516,848,432,155,121,1,-1,-1,-1
209,516,848,431,155,121,1,-1,-1,-1
210,516,848,431,155,121,1,-1,-1,-1
211,516,848,431,155,121,1,-1,-1,-1
212,516,848,431,155,121,1,-1,-1,-1
213,516,848,431,155,121,1,-1,-1,-1
214,516,848,431,155,121,1,-1,-1,-1
215,516,848,431,155,122,1,-1,-1,-1
216,516,848,431,155,122,1,-1,-1,-1
217,516,847,432,155,121,1,-1,-1,-1
218,516,847,432,155,121,1,-1,-1,-1
219,516,847,432,155,121,1,-1,-1,-1
220,516,847,432,155,121,1,-1,-1,-1
221,516,847,432,155,121,1,-1,-1,-1
222,516,847,432,155,121,1,-1,-1,-1
223,516,847,432,155,121,1,-1,-1,-1
224,516,847,432,155,121,1,-1,-1,-1
225,516,847,432,155,120,1,-1,-1,-1
226,516,847,432,155,120,1,-1,-1,-1
227,516,847,432,155,120,1,-1,-1,-1
228,516,847,432,155,120,1,-1,-1,-1
229,516,847,432,155,120,1,-1,-1,-1
230,516,847,432,155,120,1,-1,-1,-1
231,516,847,432,155,120,1,-1,-1,-1
232,516,847,432,155,120,1,-1,-1,-1
233,516,847,432,154,120,1,-1,-1,-1
234,516,847,432,154,120,1,-1,-1,-1
235,516,847,432,154,120,1,-1,-1,-1
236,516,847,432,154,120,1,-1,-1,-1
237,516,847,432,154,120,1,-1,-1,-1
238,516,847,432,154,120,1,-1,-1,-1
239,516,847,432,154,120,1,-1,-1,-1
240,516,847,432,154,120,1,-1,-1,-1
241,516,847,432,155,120,1,-1,-1,-1
242,516,847,432,155,120,1,-1,-1,-1
243,516,847,432,155,120,1,-1,-1,-1
244,516,847,432,155,120,1,-1,-1,-1
245,516,847,432,155,120,1,-1,-1,-1
246,516,847,432,155,120,1,-1,-1,-1
247,516,847,432,155,120,1,-1,-1,-1
248,516,847,432,155,120,1,-1,-1,-1
249,516,848,433,154,119,1,-1,-1,-1
250,516,848,433,155,119,1,-1,-1,-1
251,516,848,433,155,119,1,-1,-1,-1
252,516,848,433,155,119,1,-1,-1,-1
253,516,848,432,155,120,1,-1,-1,-1
254,516,848,432,155,120,1,-1,-1,-1
255,516,848,432,155,120,1,-1,-1,-1
256,516,848,432,154,120,1,-1,-1,-1
257,516,848,432,155,120,1,-1,-1,-1
258,516,848,432,155,120,1,-1,-1,-1
259,516,848,432,155,120,1,-1,-1,-1
260,516,848,431,155,121,1,-1,-1,-1
261,516,848,431,155,121,1,-1,-1,-1
262,516,848,431,155,121,1,-1,-1,-1
263,516,848,431,155,121,1,-1,-1,-1
264,516,848,431,155,121,1,-1,-1,-1
265,516,848,431,155,121,1,-1,-1,-1
266,516,848,431,155,122,1,-1,-1,-1
267,516,848,431,155,122,1,-1,-1,-1
268,516,848,431,155,121,1,-1,-1,-1
269,516,848,431,155,121,1,-1,-1,-1
270,516,848,431,155,121,1,-1,-1,-1
271,516,848,431,155,121,1,-1,-1,-1
272,516,848,431,155,121,1,-1,-1,-1
273,516,848,431,155,121,1,-1,-1,-1
274,516,848,431,155,121,1,-1,-1,-1
275,516,848,431,155,121,1,-1,-1,-1
276,516,848,431,155,122,1,-1,-1,-1
277,516,848,430,155,122,1,-1,-1,-1
278,516,848,431,155,122,1,-1,-1,-1
279,516,848,431,155,122,1,-1,-1,-1
280,516,848,431,155,122,1,-1,-1,-1
281,516,848,431,155,121,1,-1,-1,-1
282,516,848,431,155,121,1,-1,-1,-1
283,516,848,431,155,121,1,-1,-1,-1
284,516,848,431,155,121,1,-1,-1,-1
285,516,848,431,155,121,1,-1,-1,-1
286,516,848,431,155,121,1,-1,-1,-1
287,516,848,431,155,121,1,-1,-1,-1
288,516,848,431,155,121,1,-1,-1,-1
289,516,848,431,155,121,1,-1,-1,-1
290,516,848,431,155,121,1,-1,-1,-1
291,516,848,431,155,121,1,-1,-1,-1
292,516,848,431,155,121,1,-1,-1,-1
293,516,848,431,155,121,1,-1,-1,-1
294,516,848,431,155,122,1,-1,-1,-1
295,516,848,430,155,122,1,-1,-1,-1
296,516,848,430,155,122,1,-1,-1,-1
297,516,847,431,155,121,1,-1,-1,-1
298,516,848,431,155,121,1,-1,-1,-1
299,516,848,431,155,121,1,-1,-1,-1
300,516,848,431,154,121,1,-1,-1,-1
301,516,848,432,154,120,1,-1,-1,-1
302,516,848,432,154,120,1,-1,-1,-1
303,516,848,432,154,120,1,-1,-1,-1
304,516,848,432,154,120,1,-1,-1,-1
305,516,848,430,154,122,1,-1,-1,-1
306,516,848,430,154,123,1,-1,-1,-1
307,516,848,430,154,123,1,-1,-1,-1
308,516,848,430,154,123,1,-1,-1,-1
309,516,848,430,154,123,1,-1,-1,-1
310,516,848,430,154,123,1,-1,-1,-1
311,516,848,430,154,122,1,-1,-1,-1
312,516,848,430,154,122,1,-1,-1,-1
313,516,847,432,155,121,1,-1,-1,-1
314,516,847,431,154,121,1,-1,-1,-1
315,516,847,431,154,121,1,-1,-1,-1
316,516,847,432,155,121,1,-1,-1,-1
317,516,847,432,155,121,1,-1,-1,-1
318,516,847,431,155,121,1,-1,-1,-1
319,516,848,432,155,121,1,-1,-1,-1
320,516,848,432,155,121,1,-1,-1,-1
321,516,848,432,155,120,1,-1,-1,-1
322,516,848,432,155,120,1,-1,-1,-1
323,516,848,432,155,120,1,-1,-1,-1
324,516,848,432,155,120,1,-1,-1,-1
325,516,848,432,154,120,1,-1,-1,-1
326,516,848,432,154,120,1,-1,-1,-1
327,516,848,432,154,120,1,-1,-1,-1
328,516,848,432,154,120,1,-1,-1,-1
329,516,848,431,154,121,1,-1,-1,-1
330,516,848,431,154,121,1,-1,-1,-1
331,516,848,431,154,121,1,-1,-1,-1
332,516,848,431,154,121,1,-1,-1,-1
333,516,848,431,154,121,1,-1,-1,-1
334,516,848,431,154,121,1,-1,-1,-1
335,516,848,431,154,121,1,-1,-1,-1
336,516,848,431,154,121,1,-1,-1,-1
337,516,847,432,155,120,1,-1,-1,-1
338,516,847,432,155,120,1,-1,-1,-1
339,516,847,432,155,120,1,-1,-1,-1
340,516,847,432,155,120,1,-1,-1,-1
341,516,847,432,155,120,1,-1,-1,-1
342,516,847,432,155,120,1,-1,-1,-1
343,516,847,432,155,120,1,-1,-1,-1
344,516,847,432,155,120,1,-1,-1,-1
345,516,847,433,155,119,1,-1,-1,-1
346,516,847,433,155,119,1,-1,-1,-1
347,516,847,433,155,120,1,-1,-1,-1
348,516,847,433,155,120,1,-1,-1,-1
349,516,847,432,155,120,1,-1,-1,-1
350,516,847,432,155,120,1,-1,-1,-1
351,516,847,432,155,120,1,-1,-1,-1
352,516,847,432,155,120,1,-1,-1,-1
353,516,847,432,155,120,1,-1,-1,-1
354,516,847,432,155,120,1,-1,-1,-1
355,516,847,432,155,120,1,-1,-1,-1
356,516,847,432,155,120,1,-1,-1,-1
357,516,847,432,155,120,1,-1,-1,-1
358,516,847,432,155,120,1,-1,-1,-1
359,516,847,432,155,120,1,-1,-1,-1
360,516,847,432,155,120,1,-1,-1,-1
361,516,847,432,155,120,1,-1,-1,-1
362,516,847,432,155,121,1,-1,-1,-1
363,516,847,432,155,121,1,-1,-1,-1
364,516,847,432,155,120,1,-1,-1,-1
365,516,847,432,155,120,1,-1,-1,-1
366,516,847,432,155,120,1,-1,-1,-1
367,516,847,432,155,121,1,-1,-1,-1
368,516,847,432,155,121,1,-1,-1,-1
369,516,848,432,154,120,1,-1,-1,-1
370,516,848,432,155,120,1,-1,-1,-1
371,516,848,432,155,120,1,-1,-1,-1
372,516,848,432,155,120,1,-1,-1,-1
373,516,848,432,155,120,1,-1,-1,-1
374,516,848,431,155,121,1,-1,-1,-1
375,516,848,432,155,121,1,-1,-1,-1
376,516,848,431,155,121,1,-1,-1,-1
377,516,847,432,155,120,1,-1,-1,-1
378,516,847,432,155,120,1,-1,-1,-1
379,516,847,432,155,120,1,-1,-1,-1
380,516,847,432,155,120,1,-1,-1,-1
381,516,847,432,155,120,1,-1,-1,-1
382,516,847,431,155,121,1,-1,-1,-1
383,516,847,432,155,120,1,-1,-1,-1
384,516,847,432,155,120,1,-1,-1,-1
385,516,847,432,155,120,1,-1,-1,-1
386,516,847,432,155,120,1,-1,-1,-1
387,516,847,432,155,120,1,-1,-1,-1
388,516,847,432,155,120,1,-1,-1,-1
389,516,847,432,155,120,1,-1,-1,-1
390,516,847,432,155,120,1,-1,-1,-1
391,516,847,432,155,120,1,-1,-1,-1
392,516,847,432,155,120,1,-1,-1,-1
393,516,848,432,155,120,1,-1,-1,-1
394,516,848,432,155,120,1,-1,-1,-1
395,516,848,432,154,120,1,-1,-1,-1
396,516,848,432,154,120,1,-1,-1,-1
397,516,848,432,154,121,1,-1,-1,-1
398,516,848,432,154,120,1,-1,-1,-1
399,516,848,432,154,121,1,-1,-1,-1
400,516,848,432,154,121,1,-1,-1,-1
401,516,847,433,155,120,1,-1,-1,-1
402,516,847,433,155,120,1,-1,-1,-1
403,516,847,433,155,120,1,-1,-1,-1
404,516,847,433,155,120,1,-1,-1,-1
405,516,847,433,155,120,1,-1,-1,-1
406,516,847,433,155,120,1,-1,-1,-1
407,516,847,433,155,120,1,-1,-1,-1
408,516,847,433,155,119,1,-1,-1,-1
409,516,848,433,154,119,1,-1,-1,-1
410,516,848,433,154,119,1,-1,-1,-1
411,516,848,433,154,119,1,-1,-1,-1
412,516,848,433,154,119,1,-1,-1,-1
413,516,848,433,154,119,1,-1,-1,-1
414,516,848,433,154,119,1,-1,-1,-1
415,516,848,433,154,119,1,-1,-1,-1
416,516,848,433,154,119,1,-1,-1,-1
417,516,848,433,154,120,1,-1,-1,-1
418,516,848,432,154,120,1,-1,-1,-1
419,516,848,432,154,120,1,-1,-1,-1
420,516,848,432,154,120,1,-1,-1,-1
421,516,848,432,154,121,1,-1,-1,-1
422,516,848,432,154,120,1,-1,-1,-1
423,516,848,432,154,121,1,-1,-1,-1
424,516,848,432,154,121,1,-1,-1,-1
425,516,847,431,155,121,1,-1,-1,-1
426,516,847,431,155,121,1,-1,-1,-1
427,516,847,431,155,121,1,-1,-1,-1
428,516,847,431,155,121,1,-1,-1,-1
429,516,847,431,155,121,1,-1,-1,-1
430,516,847,431,155,121,1,-1,-1,-1
431,516,847,431,155,121,1,-1,-1,-1
432,516,847,431,155,121,1,-1,-1,-1
433,516,848,432,155,120,1,-1,-1,-1
434,516,848,432,155,120,1,-1,-1,-1
435,516,848,432,155,120,1,-1,-1,-1
436,516,848,432,155,120,1,-1,-1,-1
437,516,848,432,155,120,1,-1,-1,-1
438,516,848,432,155,120,1,-1,-1,-1
439,516,848,432,155,120,1,-1,-1,-1
440,516,848,432,155,120,1,-1,-1,-1
441,516,847,433,155,119,1,-1,-1,-1
442,516,847,433,155,119,1,-1,-1,-1
443,516,847,433,155,119,1,-1,-1,-1
444,516,847,433,155,119,1,-1,-1,-1
445,516,847,433,155,119,1,-1,-1,-1
446,516,847,433,155,119,1,-1,-1,-1
447,516,847,433,155,119,1,-1,-1,-1
448,516,847,433,155,119,1,-1,-1,-1
449,516,848,433,155,119,1,-1,-1,-1
450,516,848,433,155,119,1,-1,-1,-1
451,516,847,433,155,119,1,-1,-1,-1
452,516,847,433,155,119,1,-1,-1,-1
453,516,848,433,155,119,1,-1,-1,-1
454,516,847,433,155,119,1,-1,-1,-1
455,516,848,433,155,119,1,-1,-1,-1
456,516,847,433,155,119,1,-1,-1,-1
457,516,848,431,155,122,1,-1,-1,-1
458,516,848,431,155,122,1,-1,-1,-1
459,516,848,431,155,122,1,-1,-1,-1
460,516,848,431,155,121,1,-1,-1,-1
461,516,848,431,155,121,1,-1,-1,-1
462,516,848,431,155,121,1,-1,-1,-1
463,516,848,431,155,121,1,-1,-1,-1
464,516,848,431,155,121,1,-1,-1,-1
465,516,848,430,155,122,1,-1,-1,-1
466,516,848,430,154,122,1,-1,-1,-1
467,516,848,430,154,122,1,-1,-1,-1
468,516,848,431,155,121,1,-1,-1,-1
469,516,848,431,154,121,1,-1,-1,-1
470,516,848,431,154,121,1,-1,-1,-1
471,516,848,431,154,121,1,-1,-1,-1
472,516,848,431,154,121,1,-1,-1,-1
473,516,848,432,154,121,1,-1,-1,-1
474,516,848,432,154,121,1,-1,-1,-1
475,516,848,431,154,121,1,-1,-1,-1
476,516,848,432,154,121,1,-1,-1,-1
477,516,848,432,154,120,1,-1,-1,-1
478,516,848,432,154,120,1,-1,-1,-1
479,516,848,432,154,120,1,-1,-1,-1
480,516,848,432,154,121,1,-1,-1,-1
481,516,848,433,154,119,1,-1,-1,-1
482,516,848,433,154,119,1,-1,-1,-1
483,516,848,433,154,119,1,-1,-1,-1
484,516,848,433,154,119,1,-1,-1,-1
485,516,848,433,154,117,1,-1,-1,-1
486,516,848,433,154,117,1,-1,-1,-1
487,516,848,433,154,117,1,-1,-1,-1
488,516,848,433,155,117,1,-1,-1,-1
489,516,848,432,156,118,1,-1,-1,-1
490,516,848,433,155,117,1,-1,-1,-1
491,516,848,433,154,118,1,-1,-1,-1
492,516,848,433,155,119,1,-1,-1,-1
493,516,848,433,155,119,1,-1,-1,-1
494,516,848,433,155,119,1,-1,-1,-1
495,516,848,433,155,119,1,-1,-1,-1
496,516,848,433,155,119,1,-1,-1,-1
497,516,848,433,154,119,1,-1,-1,-1
498,516,848,433,154,119,1,-1,-1,-1
499,516,847,432,155,120,1,-1,-1,-1
500,516,848,432,154,120,1,-1,-1,-1
501,516,847,432,155,120,1,-1,-1,-1
502,516,847,432,155,121,1,-1,-1,-1
503,516,849,431,153,120,1,-1,-1,-1
504,516,849,432,153,119,1,-1,-1,-1
505,516,849,432,152,120,1,-1,-1,-1
506,516,848,433,154,118,1,-1,-1,-1
507,516,848,434,154,118,1,-1,-1,-1
508,516,848,433,154,118,1,-1,-1,-1
509,516,848,432,154,120,1,-1,-1,-1
510,516,848,432,153,119,1,-1,-1,-1
511,516,848,433,153,119,1,-1,-1,-1
512,516,848,432,153,120,1,-1,-1,-1
513,516,848,433,153,119,1,-1,-1,-1
514,516,848,433,154,119,1,-1,-1,-1
515,516,848,433,154,119,1,-1,-1,-1
516,516,848,434,154,119,1,-1,-1,-1
517,516,848,434,154,118,1,-1,-1,-1
518,516,848,434,154,119,1,-1,-1,-1
519,516,848,433,154,118,1,-1,-1,-1
520,516,848,433,155,119,1,-1,-1,-1
521,516,847,433,155,119,1,-1,-1,-1
522,516,890,434,112,118,1,-1,-1,-1
523,516,884,434,118,118,1,-1,-1,-1
524,516,883,432,119,120,1,-1,-1,-1
525,516,877,430,125,122,1,-1,-1,-1
526,516,870,429,132,122,1,-1,-1,-1
527,516,867,429,135,123,1,-1,-1,-1
528,516,860,430,142,122,1,-1,-1,-1
529,516,858,432,144,120,1,-1,-1,-1
530,516,853,432,149,120,1,-1,-1,-1
531,516,852,432,150,120,1,-1,-1,-1
532,516,847,432,154,120,1,-1,-1,-1
533,516,847,432,155,120,1,-1,-1,-1
534,516,847,433,155,119,1,-1,-1,-1
535,516,847,433,155,119,1,-1,-1,-1
536,516,847,433,155,119,1,-1,-1,-1
537,516,847,432,155,120,1,-1,-1,-1
538,516,847,432,155,120,1,-1,-1,-1
539,516,847,432,155,120,1,-1,-1,-1
540,516,847,432,155,120,1,-1,-1,-1
541,516,848,432,154,121,1,-1,-1,-1
542,516,847,431,155,121,1,-1,-1,-1
543,516,847,431,155,121,1,-1,-1,-1
544,516,847,431,154,121,1,-1,-1,-1
545,516,848,431,154,121,1,-1,-1,-1
546,516,848,431,154,121,1,-1,-1,-1
547,516,848,431,154,121,1,-1,-1,-1
548,516,848,432,154,121,1,-1,-1,-1
549,516,848,431,154,121,1,-1,-1,-1
550,516,848,431,154,121,1,-1,-1,-1
551,516,848,431,154,121,1,-1,-1,-1
552,516,848,432,154,121,1,-1,-1,-1
553,516,848,432,155,120,1,-1,-1,-1
554,516,848,432,155,120,1,-1,-1,-1
555,516,848,432,155,120,1,-1,-1,-1
556,516,848,432,155,120,1,-1,-1,-1
557,516,848,432,154,120,1,-1,-1,-1
558,516,848,432,154,120,1,-1,-1,-1
559,516,847,432,155,120,1,-1,-1,-1
560,516,848,432,155,120,1,-1,-1,-1
561,516,848,431,154,122,1,-1,-1,-1
562,516,848,431,154,122,1,-1,-1,-1
563,516,848,431,154,122,1,-1,-1,-1
564,516,848,431,154,122,1,-1,-1,-1
565,516,847,430,155,122,1,-1,-1,-1
566,516,847,430,155,122,1,-1,-1,-1
567,516,847,430,155,122,1,-1,-1,-1
568,516,847,431,155,122,1,-1,-1,-1
569,516,848,432,154,120,1,-1,-1,-1
570,516,848,432,154,120,1,-1,-1,-1
571,516,848,432,154,121,1,-1,-1,-1
572,516,848,432,154,120,1,-1,-1,-1
573,516,848,432,154,120,1,-1,-1,-1
574,516,848,432,154,120,1,-1,-1,-1
575,516,848,432,154,120,1,-1,-1,-1
576,516,848,432,154,120,1,-1,-1,-1
577,516,847,432,155,120,1,-1,-1,-1
578,516,847,432,155,120,1,-1,-1,-1
579,516,847,433,155,120,1,-1,-1,-1
580,516,847,432,154,120,1,-1,-1,-1
581,516,847,432,154,120,1,-1,-1,-1
582,516,847,432,154,120,1,-1,-1,-1
583,516,847,432,154,120,1,-1,-1,-1
584,516,847,432,155,120,1,-1,-1,-1
585,516,847,431,154,122,1,-1,-1,-1
586,516,847,430,154,122,1,-1,-1,-1
587,516,847,430,154,122,1,-1,-1,-1
588,516,848,431,154,122,1,-1,-1,-1
589,516,847,432,155,120,1,-1,-1,-1
590,516,847,432,155,120,1,-1,-1,-1
591,516,847,432,155,120,1,-1,-1,-1
592,516,847,432,155,120,1,-1,-1,-1
593,516,847,433,154,120,1,-1,-1,-1
594,516,847,433,155,119,1,-1,-1,-1
595,516,847,433,155,119,1,-1,-1,-1
596,516,847,433,155,119,1,-1,-1,-1
597,516,847,433,155,120,1,-1,-1,-1
598,516,847,433,155,120,1,-1,-1,-1
599,516,847,433,155,119,1,-1,-1,-1
600,516,847,433,155,120,1,-1,-1,-1
601,516,847,433,155,119,1,-1,-1,-1
602,516,847,433,155,119,1,-1,-1,-1
603,516,847,433,155,119,1,-1,-1,-1
604,516,847,433,155,119,1,-1,-1,-1
605,516,847,433,155,119,1,-1,-1,-1
606,516,847,433,155,119,1,-1,-1,-1
607,516,847,433,155,119,1,-1,-1,-1
608,516,847,433,155,119,1,-1,-1,-1
609,516,847,431,155,121,1,-1,-1,-1
610,516,847,431,155,121,1,-1,-1,-1
611,516,847,431,155,122,1,-1,-1,-1
612,516,847,430,155,122,1,-1,-1,-1
613,516,847,430,155,122,1,-1,-1,-1
614,516,847,430,155,122,1,-1,-1,-1
615,516,847,430,155,122,1,-1,-1,-1
616,516,847,430,155,122,1,-1,-1,-1
617,516,847,432,155,121,1,-1,-1,-1
618,516,847,432,155,121,1,-1,-1,-1
619,516,847,432,155,121,1,-1,-1,-1
620,516,847,432,155,121,1,-1,-1,-1
621,516,847,431,155,121,1,-1,-1,-1
622,516,847,431,155,121,1,-1,-1,-1
623,516,847,431,155,121,1,-1,-1,-1
624,516,847,431,154,121,1,-1,-1,-1
625,516,847,431,154,122,1,-1,-1,-1
626,516,847,431,154,122,1,-1,-1,-1
627,516,847,431,154,122,1,-1,-1,-1
628,516,847,431,154,122,1,-1,-1,-1
629,516,847,431,154,122,1,-1,-1,-1
630,516,847,431,154,122,1,-1,-1,-1
631,516,847,431,154,122,1,-1,-1,-1
632,516,847,431,154,122,1,-1,-1,-1
633,516,847,433,155,120,1,-1,-1,-1
634,516,847,432,155,120,1,-1,-1,-1
635,516,847,432,155,120,1,-1,-1,-1
636,516,847,432,155,120,1,-1,-1,-1
637,516,848,432,155,121,1,-1,-1,-1
638,516,848,432,155,121,1,-1,-1,-1
639,516,848,432,155,120,1,-1,-1,-1
640,516,848,432,155,120,1,-1,-1,-1
641,516,847,431,154,121,1,-1,-1,-1
642,516,847,431,154,121,1,-1,-1,-1
643,516,847,431,154,121,1,-1,-1,-1
644,516,847,431,154,121,1,-1,-1,-1
645,516,847,430,155,122,1,-1,-1,-1
646,516,847,430,154,122,1,-1,-1,-1
647,516,847,430,154,122,1,-1,-1,-1
648,516,847,430,155,122,1,-1,-1,-1
649,516,847,431,155,122,1,-1,-1,-1
650,516,847,431,155,122,1,-1,-1,-1
651,516,847,431,155,122,1,-1,-1,-1
652,516,847,431,155,122,1,-1,-1,-1
653,516,847,431,155,122,1,-1,-1,-1
654,516,847,431,155,122,1,-1,-1,-1
655,516,847,431,155,122,1,-1,-1,-1
656,516,847,431,155,122,1,-1,-1,-1
657,516,847,432,155,121,1,-1,-1,-1
658,516,847,432,155,121,1,-1,-1,-1
659,516,847,432,155,121,1,-1,-1,-1
660,516,847,432,155,121,1,-1,-1,-1
661,516,847,432,155,121,1,-1,-1,-1
662,516,847,431,155,121,1,-1,-1,-1
663,516,847,431,155,122,1,-1,-1,-1
664,516,847,431,155,122,1,-1,-1,-1
665,516,847,430,154,123,1,-1,-1,-1
666,516,847,430,154,123,1,-1,-1,-1
667,516,847,430,154,123,1,-1,-1,-1
668,516,847,430,154,123,1,-1,-1,-1
669,516,848,430,154,122,1,-1,-1,-1
670,516,848,430,154,122,1,-1,-1,-1
671,516,848,430,154,122,1,-1,-1,-1
672,516,848,430,154,120,1,-1,-1,-1
673,516,847,432,155,117,1,-1,-1,-1
674,516,847,433,155,116,1,-1,-1,-1
675,516,848,434,154,94,1,-1,-1,-1
676,516,848,434,154,71,1,-1,-1,-1
677,516,847,434,154,78,1,-1,-1,-1
678,516,848,433,154,107,1,-1,-1,-1
679,516,848,433,154,119,1,-1,-1,-1
680,516,848,432,154,119,1,-1,-1,-1
681,516,847,431,154,121,1,-1,-1,-1
682,516,847,431,155,121,1,-1,-1,-1
683,516,847,431,155,121,1,-1,-1,-1
684,516,847,431,154,121,1,-1,-1,-1
685,516,847,430,155,122,1,-1,-1,-1
686,516,847,430,155,122,1,-1,-1,-1
687,516,847,430,155,122,1,-1,-1,-1
688,516,847,430,155,122,1,-1,-1,-1
689,516,848,431,154,122,1,-1,-1,-1
690,516,848,431,154,121,1,-1,-1,-1
691,516,848,431,154,121,1,-1,-1,-1
692,516,848,431,154,121,1,-1,-1,-1
693,516,848,431,154,121,1,-1,-1,-1
694,516,848,431,154,121,1,-1,-1,-1
695,516,848,431,154,121,1,-1,-1,-1
696,516,848,431,154,122,1,-1,-1,-1
697,516,848,428,155,124,1,-1,-1,-1
698,516,848,428,155,124,1,-1,-1,-1
699,516,848,428,155,124,1,-1,-1,-1
700,516,848,429,155,124,1,-1,-1,-1
701,516,848,429,155,124,1,-1,-1,-1
702,516,848,429,155,124,1,-1,-1,-1
703,516,848,429,155,124,1,-1,-1,-1
704,516,848,428,154,124,1,-1,-1,-1
705,516,848,429,154,123,1,-1,-1,-1
706,516,848,429,154,123,1,-1,-1,-1
707,516,848,429,154,123,1,-1,-1,-1
708,516,848,429,154,124,1,-1,-1,-1
709,516,848,430,154,122,1,-1,-1,-1
710,516,848,430,154,123,1,-1,-1,-1
711,516,848,430,155,123,1,-1,-1,-1
712,516,848,429,155,123,1,-1,-1,-1
713,516,847,431,155,122,1,-1,-1,-1
714,516,847,431,155,122,1,-1,-1,-1
715,516,847,430,155,122,1,-1,-1,-1
716,516,847,430,155,122,1,-1,-1,-1
717,516,847,430,155,122,1,-1,-1,-1
718,516,847,430,155,122,1,-1,-1,-1
719,516,847,430,155,122,1,-1,-1,-1
720,516,847,430,155,122,1,-1,-1,-1
721,516,847,430,155,122,1,-1,-1,-1
722,516,847,430,155,122,1,-1,-1,-1
723,516,847,430,155,122,1,-1,-1,-1
724,516,847,430,155,122,1,-1,-1,-1
725,516,847,430,155,122,1,-1,-1,-1
726,516,847,430,155,122,1,-1,-1,-1
727,516,847,430,155,123,1,-1,-1,-1
728,516,847,430,155,123,1,-1,-1,-1
729,516,848,430,155,122,1,-1,-1,-1
730,516,848,430,154,122,1,-1,-1,-1
731,516,848,430,154,122,1,-1,-1,-1
732,516,848,430,154,122,1,-1,-1,-1
733,516,848,430,155,122,1,-1,-1,-1
734,516,848,430,155,122,1,-1,-1,-1
735,516,848,430,154,122,1,-1,-1,-1
736,516,848,430,154,122,1,-1,-1,-1
737,516,848,429,155,123,1,-1,-1,-1
738,516,848,429,154,123,1,-1,-1,-1
739,516,848,429,154,123,1,-1,-1,-1
740,516,848,429,154,123,1,-1,-1,-1
741,516,848,429,154,123,1,-1,-1,-1
742,516,848,429,154,123,1,-1,-1,-1
743,516,848,429,154,123,1,-1,-1,-1
744,516,848,429,154,123,1,-1,-1,-1
745,516,847,430,155,122,1,-1,-1,-1
746,516,847,430,155,122,1,-1,-1,-1
747,516,847,430,155,122,1,-1,-1,-1
748,516,847,430,155,122,1,-1,-1,-1
749,516,847,430,155,122,1,-1,-1,-1
750,516,847,430,155,122,1,-1,-1,-1
751,516,847,430,155,122,1,-1,-1,-1
752,516,847,430,155,122,1,-1,-1,-1
753,516,848,431,154,121,1,-1,-1,-1
754,516,848,431,154,121,1,-1,-1,-1
755,516,848,431,154,121,1,-1,-1,-1
756,516,848,431,154,121,1,-1,-1,-1
757,516,848,431,155,121,1,-1,-1,-1
758,516,848,431,154,121,1,-1,-1,-1
759,516,848,431,154,121,1,-1,-1,-1
760,516,848,431,155,120,1,-1,-1,-1
761,516,848,432,154,120,1,-1,-1,-1
762,516,848,432,154,120,1,-1,-1,-1
763,516,848,432,154,120,1,-1,-1,-1
764,516,848,432,154,120,1,-1,-1,-1
765,516,848,432,154,120,1,-1,-1,-1
766,516,848,432,154,120,1,-1,-1,-1
767,516,848,432,154,120,1,-1,-1,-1
768,516,848,432,154,120,1,-1,-1,-1
769,516,848,431,154,121,1,-1,-1,-1
770,516,848,431,154,121,1,-1,-1,-1
771,516,848,431,154,121,1,-1,-1,-1
772,516,848,431,154,121,1,-1,-1,-1
773,516,848,431,154,121,1,-1,-1,-1
774,516,848,431,154,121,1,-1,-1,-1
775,516,848,431,154,121,1,-1,-1,-1
776,516,848,431,154,121,1,-1,-1,-1
777,516,848,431,154,121,1,-1,-1,-1
778,516,848,431,154,121,1,-1,-1,-1
779,516,848,431,154,121,1,-1,-1,-1
780,516,848,430,154,122,1,-1,-1,-1
781,516,848,431,154,121,1,-1,-1,-1
782,516,848,431,154,121,1,-1,-1,-1
783,516,848,431,154,121,1,-1,-1,-1
784,516,848,431,154,121,1,-1,-1,-1
785,516,848,431,154,121,1,-1,-1,-1
786,516,848,431,154,121,1,-1,-1,-1
787,516,848,431,154,121,1,-1,-1,-1
788,516,848,430,154,122,1,-1,-1,-1
789,516,848,430,154,121,1,-1,-1,-1
790,516,848,430,154,122,1,-1,-1,-1
791,516,848,431,154,121,1,-1,-1,-1
792,516,848,430,154,122,1,-1,-1,-1
793,516,847,432,155,120,1,-1,-1,-1
794,516,847,432,155,120,1,-1,-1,-1
795,516,847,432,155,120,1,-1,-1,-1
796,516,847,432,155,120,1,-1,-1,-1
797,516,847,432,155,120,1,-1,-1,-1
798,516,847,432,155,120,1,-1,-1,-1
799,516,847,432,155,120,1,-1,-1,-1
800,516,847,432,155,120,1,-1,-1,-1
801,516,848,429,154,123,1,-1,-1,-1
802,516,848,429,154,123,1,-1,-1,-1
803,516,848,429,154,123,1,-1,-1,-1
804,516,848,429,154,123,1,-1,-1,-1
805,516,848,431,154,121,1,-1,-1,-1
806,516,848,430,154,122,1,-1,-1,-1
807,516,848,430,154,122,1,-1,-1,-1
808,516,848,430,154,122,1,-1,-1,-1
809,516,848,431,154,121,1,-1,-1,-1
810,516,848,431,154,121,1,-1,-1,-1
811,516,848,431,154,121,1,-1,-1,-1
812,516,848,431,154,121,1,-1,-1,-1
813,516,848,431,154,121,1,-1,-1,-1
814,516,848,431,154,121,1,-1,-1,-1
815,516,848,431,154,121,1,-1,-1,-1
816,516,848,431,154,121,1,-1,-1,-1
817,516,848,432,154,120,1,-1,-1,-1
818,516,848,432,154,120,1,-1,-1,-1
819,516,848,432,154,120,1,-1,-1,-1
820,516,848,432,154,120,1,-1,-1,-1
821,516,848,433,154,118,1,-1,-1,-1
822,516,848,432,154,118,1,-1,-1,-1
823,516,848,431,154,119,1,-1,-1,-1
824,516,848,431,153,119,1,-1,-1,-1
825,516,848,430,152,121,1,-1,-1,-1
826,516,848,429,153,121,1,-1,-1,-1
827,516,848,429,153,121,1,-1,-1,-1
828,516,848,431,154,119,1,-1,-1,-1
829,516,848,430,154,120,1,-1,-1,-1
830,516,848,430,155,120,1,-1,-1,-1
831,516,848,431,155,121,1,-1,-1,-1
832,516,848,432,154,121,1,-1,-1,-1
833,516,848,433,154,120,1,-1,-1,-1
834,516,848,433,154,120,1,-1,-1,-1
835,516,848,433,154,120,1,-1,-1,-1
836,516,848,433,154,120,1,-1,-1,-1
837,516,848,433,155,119,1,-1,-1,-1
838,516,848,433,154,120,1,-1,-1,-1
839,516,848,433,155,119,1,-1,-1,-1
840,516,848,433,154,119,1,-1,-1,-1
841,516,848,431,154,120,1,-1,-1,-1
842,516,852,432,150,120,1,-1,-1,-1
843,516,854,432,148,120,1,-1,-1,-1
844,516,849,432,153,120,1,-1,-1,-1
845,516,848,432,154,120,1,-1,-1,-1
846,516,847,432,155,120,1,-1,-1,-1
847,516,847,432,155,120,1,-1,-1,-1
848,516,847,432,155,120,1,-1,-1,-1
849,516,848,430,154,122,1,-1,-1,-1
850,516,848,430,154,122,1,-1,-1,-1
851,516,848,430,154,122,1,-1,-1,-1
852,516,848,430,154,122,1,-1,-1,-1
853,516,848,429,154,123,1,-1,-1,-1
854,516,848,429,154,123,1,-1,-1,-1
855,516,848,429,154,123,1,-1,-1,-1
856,516,848,429,154,123,1,-1,-1,-1
857,516,848,430,154,122,1,-1,-1,-1
858,516,848,430,154,122,1,-1,-1,-1
859,516,848,430,154,122,1,-1,-1,-1
860,516,848,430,154,122,1,-1,-1,-1
861,516,848,430,154,122,1,-1,-1,-1
862,516,848,430,154,122,1,-1,-1,-1
863,516,848,430,154,122,1,-1,-1,-1
864,516,848,430,154,122,1,-1,-1,-1
865,516,847,431,155,122,1,-1,-1,-1
866,516,847,431,155,122,1,-1,-1,-1
867,516,847,431,155,122,1,-1,-1,-1
868,516,847,431,155,121,1,-1,-1,-1
869,516,847,431,155,121,1,-1,-1,-1
870,516,847,431,155,121,1,-1,-1,-1
871,516,847,431,155,121,1,-1,-1,-1
872,516,847,431,155,121,1,-1,-1,-1
873,516,847,430,155,122,1,-1,-1,-1
874,516,847,431,155,122,1,-1,-1,-1
875,516,847,431,155,121,1,-1,-1,-1
876,516,847,431,155,121,1,-1,-1,-1
877,516,847,430,155,123,1,-1,-1,-1
878,516,847,430,155,122,1,-1,-1,-1
879,516,847,430,155,123,1,-1,-1,-1
880,516,847,430,155,123,1,-1,-1,-1
881,516,848,430,155,122,1,-1,-1,-1
882,516,848,430,155,122,1,-1,-1,-1
883,516,848,431,155,122,1,-1,-1,-1
884,516,848,430,155,122,1,-1,-1,-1
885,516,848,431,155,122,1,-1,-1,-1
886,516,848,431,155,121,1,-1,-1,-1
887,516,848,431,155,121,1,-1,-1,-1
888,516,848,431,155,121,1,-1,-1,-1
889,516,847,431,155,122,1,-1,-1,-1
890,516,847,431,155,122,1,-1,-1,-1
891,516,847,430,155,122,1,-1,-1,-1
892,516,847,431,155,122,1,-1,-1,-1
893,516,847,430,155,122,1,-1,-1,-1
894,516,847,430,155,122,1,-1,-1,-1
895,516,847,430,155,122,1,-1,-1,-1
896,516,847,430,155,122,1,-1,-1,-1
897,516,847,431,155,122,1,-1,-1,-1
898,516,847,431,155,122,1,-1,-1,-1
899,516,847,431,155,122,1,-1,-1,-1
900,516,847,430,155,122,1,-1,-1,-1
901,516,847,430,155,122,1,-1,-1,-1
902,516,847,430,155,122,1,-1,-1,-1
903,516,847,430,155,122,1,-1,-1,-1
904,516,847,430,155,122,1,-1,-1,-1
905,516,848,429,154,123,1,-1,-1,-1
906,516,848,429,154,123,1,-1,-1,-1
907,516,848,429,154,123,1,-1,-1,-1
908,516,848,429,154,123,1,-1,-1,-1
909,516,848,429,154,123,1,-1,-1,-1
910,516,848,429,154,123,1,-1,-1,-1
911,516,848,429,154,123,1,-1,-1,-1
912,516,848,429,154,123,1,-1,-1,-1
913,516,848,431,154,121,1,-1,-1,-1
914,516,848,431,154,122,1,-1,-1,-1
915,516,848,431,154,122,1,-1,-1,-1
916,516,848,431,154,121,1,-1,-1,-1
917,516,848,431,154,121,1,-1,-1,-1
918,516,848,431,154,121,1,-1,-1,-1
919,516,848,431,154,121,1,-1,-1,-1
920,516,848,431,154,121,1,-1,-1,-1
921,516,847,430,154,123,1,-1,-1,-1
922,516,847,430,154,123,1,-1,-1,-1
923,516,847,430,154,123,1,-1,-1,-1
924,516,847,430,155,123,1,-1,-1,-1
925,516,847,430,155,122,1,-1,-1,-1
926,516,847,430,155,122,1,-1,-1,-1
927,516,847,430,155,122,1,-1,-1,-1
928,516,847,430,155,123,1,-1,-1,-1
929,516,848,430,154,123,1,-1,-1,-1
930,516,847,430,155,123,1,-1,-1,-1
931,516,847,430,155,123,1,-1,-1,-1
932,516,847,430,155,122,1,-1,-1,-1
933,516,847,430,155,123,1,-1,-1,-1
934,516,847,430,155,122,1,-1,-1,-1
935,516,847,430,155,122,1,-1,-1,-1
936,516,847,430,155,122,1,-1,-1,-1
937,516,847,428,155,125,1,-1,-1,-1
938,516,847,428,155,125,1,-1,-1,-1
939,516,847,428,155,125,1,-1,-1,-1
940,516,847,428,155,125,1,-1,-1,-1
941,516,847,428,155,125,1,-1,-1,-1
942,516,847,428,155,125,1,-1,-1,-1
943,516,847,428,155,125,1,-1,-1,-1
944,516,847,428,155,125,1,-1,-1,-1
945,516,847,429,154,124,1,-1,-1,-1
946,516,847,429,154,124,1,-1,-1,-1
947,516,847,428,154,124,1,-1,-1,-1
948,516,847,428,154,124,1,-1,-1,-1
949,516,847,429,155,123,1,-1,-1,-1
950,516,847,429,155,124,1,-1,-1,-1
951,516,847,429,155,124,1,-1,-1,-1
952,516,847,429,155,123,1,-1,-1,-1
953,516,847,429,155,124,1,-1,-1,-1
954,516,847,429,154,124,1,-1,-1,-1
955,516,847,429,154,124,1,-1,-1,-1
956,516,847,429,154,123,1,-1,-1,-1
957,516,847,429,155,124,1,-1,-1,-1
958,516,847,429,155,124,1,-1,-1,-1
959,516,847,429,155,124,1,-1,-1,-1
960,516,847,429,155,124,1,-1,-1,-1
961,516,848,433,154,120,1,-1,-1,-1
962,516,848,433,154,119,1,-1,-1,-1
963,516,848,433,154,119,1,-1,-1,-1
964,516,848,433,154,120,1,-1,-1,-1
965,516,848,432,154,120,1,-1,-1,-1
966,516,848,433,154,120,1,-1,-1,-1
967,516,848,433,154,120,1,-1,-1,-1
968,516,848,433,154,120,1,-1,-1,-1
969,516,847,430,155,122,1,-1,-1,-1
970,516,847,430,155,123,1,-1,-1,-1
971,516,847,430,155,123,1,-1,-1,-1
972,516,847,429,155,123,1,-1,-1,-1
973,516,847,430,155,122,1,-1,-1,-1
974,516,847,430,155,122,1,-1,-1,-1
975,516,847,430,155,122,1,-1,-1,-1
976,516,847,430,155,122,1,-1,-1,-1
977,516,847,429,155,123,1,-1,-1,-1
978,516,847,429,155,123,1,-1,-1,-1
979,516,847,429,155,123,1,-1,-1,-1
980,516,847,429,155,123,1,-1,-1,-1
981,516,847,429,155,123,1,-1,-1,-1
982,516,847,429,155,123,1,-1,-1,-1
983,516,847,429,155,123,1,-1,-1,-1
984,516,847,429,155,123,1,-1,-1,-1
985,516,847,431,155,122,1,-1,-1,-1
986,516,847,431,155,122,1,-1,-1,-1
987,516,847,431,155,122,1,-1,-1,-1
988,516,847,431,155,122,1,-1,-1,-1
989,516,847,431,155,122,1,-1,-1,-1
990,516,847,431,155,122,1,-1,-1,-1
991,516,847,431,155,122,1,-1,-1,-1
992,516,847,431,155,122,1,-1,-1,-1
993,516,847,429,154,123,1,-1,-1,-1
994,516,847,429,155,123,1,-1,-1,-1
995,516,847,429,155,123,1,-1,-1,-1
996,516,847,429,155,123,1,-1,-1,-1
997,516,847,430,155,123,1,-1,-1,-1
998,516,847,430,155,123,1,-1,-1,-1
999,516,847,430,155,123,1,-1,-1,-1
1000,516,847,430,155,123,1,-1,-1,-1
1001,516,847,431,155,121,1,-1,-1,-1
1002,516,847,431,155,121,1,-1,-1,-1
1003,516,847,431,155,121,1,-1,-1,-1
1004,516,847,431,155,121,1,-1,-1,-1
1005,516,847,431,155,122,1,-1,-1,-1
1006,516,847,431,155,122,1,-1,-1,-1
1007,516,847,431,155,122,1,-1,-1,-1
1008,516,847,431,155,122,1,-1,-1,-1
1009,516,847,430,155,122,1,-1,-1,-1
1010,516,847,430,155,122,1,-1,-1,-1
1011,516,847,430,155,122,1,-1,-1,-1
1012,516,847,430,155,122,1,-1,-1,-1
1013,516,847,430,155,122,1,-1,-1,-1
1014,516,847,430,155,122,1,-1,-1,-1
1015,516,847,430,155,122,1,-1,-1,-1
1016,516,847,430,155,122,1,-1,-1,-1
1017,516,847,431,155,122,1,-1,-1,-1
1018,516,847,431,155,122,1,-1,-1,-1
1019,516,847,431,155,122,1,-1,-1,-1
1020,516,847,431,155,122,1,-1,-1,-1
1021,516,847,430,154,122,1,-1,-1,-1
1022,516,847,430,154,122,1,-1,-1,-1
1023,516,847,430,154,122,1,-1,-1,-1
1024,516,847,430,154,122,1,-1,-1,-1
1025,516,847,430,155,123,1,-1,-1,-1
1026,516,847,430,155,123,1,-1,-1,-1
1027,516,847,430,154,123,1,-1,-1,-1
1028,516,847,430,154,123,1,-1,-1,-1
1029,516,847,430,154,123,1,-1,-1,-1
1030,516,847,430,154,123,1,-1,-1,-1
1031,516,847,430,154,123,1,-1,-1,-1
1032,516,847,430,154,123,1,-1,-1,-1
1033,516,847,429,155,124,1,-1,-1,-1
1034,516,847,429,155,124,1,-1,-1,-1
1035,516,847,429,155,124,1,-1,-1,-1
1036,516,847,429,155,123,1,-1,-1,-1
1037,516,847,429,155,124,1,-1,-1,-1
1038,516,847,429,155,124,1,-1,-1,-1
1039,516,847,429,155,124,1,-1,-1,-1
1040,516,847,429,155,124,1,-1,-1,-1
1041,516,847,432,155,121,1,-1,-1,-1
1042,516,847,431,155,121,1,-1,-1,-1
1043,516,847,431,155,121,1,-1,-1,-1
1044,516,847,431,155,122,1,-1,-1,-1
1045,516,847,431,155,122,1,-1,-1,-1
1046,516,847,430,155,122,1,-1,-1,-1
1047,516,847,431,155,122,1,-1,-1,-1
1048,516,847,431,155,122,1,-1,-1,-1
1049,516,847,428,155,125,1,-1,-1,-1
1050,516,847,428,155,125,1,-1,-1,-1
1051,516,847,428,155,125,1,-1,-1,-1
1052,516,847,428,155,125,1,-1,-1,-1
1053,516,847,428,155,125,1,-1,-1,-1
1054,516,847,428,155,124,1,-1,-1,-1
1055,516,847,428,155,124,1,-1,-1,-1
1056,516,847,428,155,124,1,-1,-1,-1
1057,516,847,430,154,122,1,-1,-1,-1
1058,516,847,430,154,122,1,-1,-1,-1
1059,516,847,430,154,122,1,-1,-1,-1
1060,516,847,430,154,122,1,-1,-1,-1
1061,516,847,430,154,122,1,-1,-1,-1
1062,516,847,431,155,122,1,-1,-1,-1
1063,516,847,431,155,122,1,-1,-1,-1
1064,516,847,430,154,122,1,-1,-1,-1
1065,516,848,430,154,122,1,-1,-1,-1
1066,516,848,430,154,123,1,-1,-1,-1
1067,516,848,430,154,123,1,-1,-1,-1
1068,516,848,430,154,123,1,-1,-1,-1
1069,516,847,430,155,123,1,-1,-1,-1
1070,516,847,430,155,123,1,-1,-1,-1
1071,516,847,430,155,123,1,-1,-1,-1
1072,516,847,430,155,123,1,-1,-1,-1
1073,516,848,430,154,122,1,-1,-1,-1
1074,516,848,430,154,122,1,-1,-1,-1
1075,516,848,430,154,122,1,-1,-1,-1
1076,516,848,430,154,122,1,-1,-1,-1
1077,516,848,430,154,122,1,-1,-1,-1
1078,516,848,430,154,122,1,-1,-1,-1
1079,516,848,430,154,122,1,-1,-1,-1
1080,516,848,430,154,122,1,-1,-1,-1
1081,516,847,430,155,122,1,-1,-1,-1
1082,516,847,430,155,122,1,-1,-1,-1
1083,516,847,430,155,122,1,-1,-1,-1
1084,516,847,430,155,122,1,-1,-1,-1
1085,516,847,430,155,122,1,-1,-1,-1
1086,516,847,430,155,122,1,-1,-1,-1
1087,516,847,430,155,122,1,-1,-1,-1
1088,516,847,430,155,122,1,-1,-1,-1
1089,516,847,430,155,122,1,-1,-1,-1
1090,516,847,430,155,122,1,-1,-1,-1
1091,516,847,430,155,122,1,-1,-1,-1
1092,516,847,430,155,122,1,-1,-1,-1
1093,516,847,432,155,120,1,-1,-1,-1
1094,516,847,431,155,122,1,-1,-1,-1
1095,516,847,431,155,121,1,-1,-1,-1
1096,516,847,431,155,121,1,-1,-1,-1
1097,516,847,430,155,122,1,-1,-1,-1
1098,516,847,430,155,123,1,-1,-1,-1
1099,516,847,430,155,123,1,-1,-1,-1
1100,516,847,430,155,123,1,-1,-1,-1
1101,516,847,430,155,123,1,-1,-1,-1
1102,516,847,430,155,122,1,-1,-1,-1
1103,516,847,430,155,122,1,-1,-1,-1
1104,516,847,430,155,123,1,-1,-1,-1
1105,516,848,431,154,121,1,-1,-1,-1
1106,516,848,431,154,121,1,-1,-1,-1
1107,516,848,431,154,121,1,-1,-1,-1
1108,516,848,432,154,121,1,-1,-1,-1
1109,516,848,432,154,121,1,-1,-1,-1
1110,516,848,432,154,121,1,-1,-1,-1
1111,516,848,432,154,121,1,-1,-1,-1
1112,516,848,432,154,121,1,-1,-1,-1
1113,516,847,432,155,121,1,-1,-1,-1
1114,516,847,432,155,121,1,-1,-1,-1
1115,516,847,432,155,121,1,-1,-1,-1
1116,516,847,432,155,121,1,-1,-1,-1
1117,516,847,431,155,121,1,-1,-1,-1
1118,516,847,432,155,120,1,-1,-1,-1
1119,516,847,432,155,120,1,-1,-1,-1
1120,516,847,432,155,120,1,-1,-1,-1
1121,516,847,429,155,123,1,-1,-1,-1
1122,516,847,430,154,123,1,-1,-1,-1
1123,516,847,430,154,123,1,-1,-1,-1
1124,516,847,431,155,121,1,-1,-1,-1
1125,516,847,429,154,124,1,-1,-1,-1
1126,516,847,430,154,123,1,-1,-1,-1
1127,516,847,430,154,123,1,-1,-1,-1
1128,516,847,431,155,122,1,-1,-1,-1
1129,516,847,432,155,121,1,-1,-1,-1
1130,516,847,432,155,121,1,-1,-1,-1
1131,516,847,432,155,121,1,-1,-1,-1
1132,516,847,432,155,121,1,-1,-1,-1
1133,516,847,432,155,121,1,-1,-1,-1
1134,516,847,432,155,121,1,-1,-1,-1
1135,516,847,432,155,121,1,-1,-1,-1
1136,516,847,432,155,121,1,-1,-1,-1
1137,516,847,430,155,122,1,-1,-1,-1
1138,516,847,430,155,122,1,-1,-1,-1
1139,516,847,430,155,122,1,-1,-1,-1
1140,516,847,430,154,122,1,-1,-1,-1
1141,516,847,430,154,122,1,-1,-1,-1
1142,516,847,431,154,122,1,-1,-1,-1
1143,516,847,430,154,122,1,-1,-1,-1
1144,516,847,430,154,122,1,-1,-1,-1
1145,516,847,431,155,122,1,-1,-1,-1
1146,516,847,430,155,122,1,-1,-1,-1
1147,516,847,430,155,122,1,-1,-1,-1
1148,516,847,430,155,122,1,-1,-1,-1
1149,516,847,430,155,122,1,-1,-1,-1
1150,516,847,430,155,122,1,-1,-1,-1
1151,516,847,431,155,122,1,-1,-1,-1
1152,516,847,431,155,122,1,-1,-1,-1
1153,516,847,433,155,120,1,-1,-1,-1
1154,516,847,433,155,120,1,-1,-1,-1
1155,516,847,433,155,120,1,-1,-1,-1
1156,516,847,433,155,120,1,-1,-1,-1
1157,516,847,433,155,120,1,-1,-1,-1
1158,516,847,433,155,120,1,-1,-1,-1
1159,516,847,433,155,120,1,-1,-1,-1
1160,516,847,433,155,120,1,-1,-1,-1
1161,516,847,432,155,120,1,-1,-1,-1
1162,516,847,432,155,120,1,-1,-1,-1
1163,516,847,432,155,120,1,-1,-1,-1
1164,516,847,432,155,121,1,-1,-1,-1
1165,516,847,432,155,121,1,-1,-1,-1
1166,516,847,431,155,121,1,-1,-1,-1
1167,516,847,431,155,121,1,-1,-1,-1
1168,516,847,431,155,121,1,-1,-1,-1
1169,516,847,430,155,122,1,-1,-1,-1
1170,516,847,430,155,122,1,-1,-1,-1
1171,516,847,430,155,122,1,-1,-1,-1
1172,516,847,430,155,122,1,-1,-1,-1
1173,516,847,431,155,122,1,-1,-1,-1
1174,516,847,431,155,122,1,-1,-1,-1
1175,516,847,431,155,122,1,-1,-1,-1
1176,516,847,431,155,122,1,-1,-1,-1
1177,516,847,431,155,122,1,-1,-1,-1
1178,516,847,431,155,122,1,-1,-1,-1
1179,516,847,430,155,122,1,-1,-1,-1
1180,516,847,430,155,122,1,-1,-1,-1
1181,516,847,431,155,122,1,-1,-1,-1
1182,516,847,431,155,122,1,-1,-1,-1
1183,516,847,431,155,122,1,-1,-1,-1
1184,516,847,431,155,122,1,-1,-1,-1
1185,516,847,433,155,120,1,-1,-1,-1
1186,516,847,433,155,120,1,-1,-1,-1
1187,516,847,433,155,120,1,-1,-1,-1
1188,516,847,433,155,120,1,-1,-1,-1
1189,516,847,434,155,119,1,-1,-1,-1
1190,516,847,434,155,119,1,-1,-1,-1
1191,516,847,433,155,119,1,-1,-1,-1
1192,516,847,434,155,119,1,-1,-1,-1
1193,516,847,432,155,121,1,-1,-1,-1
1194,516,847,431,155,121,1,-1,-1,-1
1195,516,847,431,155,121,1,-1,-1,-1
1196,516,847,432,155,121,1,-1,-1,-1
1197,516,847,432,155,121,1,-1,-1,-1
1198,516,847,432,155,121,1,-1,-1,-1
1199,516,847,432,155,121,1,-1,-1,-1
1200,516,847,432,155,121,1,-1,-1,-1
1201,516,847,430,155,122,1,-1,-1,-1
1202,516,847,430,155,122,1,-1,-1,-1
1203,516,847,430,155,122,1,-1,-1,-1
1204,516,847,431,155,122,1,-1,-1,-1
1205,516,847,430,155,122,1,-1,-1,-1
1206,516,847,431,155,122,1,-1,-1,-1
1207,516,847,431,155,122,1,-1,-1,-1
1208,516,847,431,155,122,1,-1,-1,-1
1209,516,847,430,155,123,1,-1,-1,-1
1210,516,847,430,155,123,1,-1,-1,-1
1211,516,847,430,155,122,1,-1,-1,-1
1212,516,847,430,155,122,1,-1,-1,-1
1213,516,847,430,155,122,1,-1,-1,-1
1214,516,847,430,155,123,1,-1,-1,-1
1215,516,847,430,155,123,1,-1,-1,-1
1216,516,847,430,155,123,1,-1,-1,-1
1217,516,847,429,155,123,1,-1,-1,-1
1218,516,847,429,155,123,1,-1,-1,-1
1219,516,847,429,155,123,1,-1,-1,-1
1220,516,847,429,155,123,1,-1,-1,-1
1221,516,847,429,155,123,1,-1,-1,-1
1222,516,847,429,155,123,1,-1,-1,-1
1223,516,847,429,155,123,1,-1,-1,-1
1224,516,847,430,155,123,1,-1,-1,-1
1225,516,847,432,155,120,1,-1,-1,-1
1226,516,847,432,155,121,1,-1,-1,-1
1227,516,847,432,155,121,1,-1,-1,-1
1228,516,847,432,155,121,1,-1,-1,-1
1229,516,847,432,155,120,1,-1,-1,-1
1230,516,847,432,155,121,1,-1,-1,-1
1231,516,847,432,155,121,1,-1,-1,-1
1232,516,847,432,155,121,1,-1,-1,-1
1233,516,847,431,155,122,1,-1,-1,-1
1234,516,847,431,155,121,1,-1,-1,-1
1235,516,847,431,155,121,1,-1,-1,-1
1236,516,847,431,155,121,1,-1,-1,-1
1237,516,847,432,155,121,1,-1,-1,-1
1238,516,847,432,155,121,1,-1,-1,-1
1239,516,847,433,155,120,1,-1,-1,-1
1240,516,847,433,155,120,1,-1,-1,-1
1241,516,847,432,155,120,1,-1,-1,-1
1242,516,847,432,155,120,1,-1,-1,-1
1243,516,847,432,155,120,1,-1,-1,-1
1244,516,847,432,155,120,1,-1,-1,-1
1245,516,847,432,155,120,1,-1,-1,-1
1246,516,847,432,155,120,1,-1,-1,-1
1247,516,847,432,155,120,1,-1,-1,-1
1248,516,847,432,155,120,1,-1,-1,-1
1249,516,847,431,155,122,1,-1,-1,-1
1250,516,847,431,155,122,1,-1,-1,-1
1251,516,847,430,155,123,1,-1,-1,-1
1252,516,847,430,155,123,1,-1,-1,-1
1253,516,847,430,155,123,1,-1,-1,-1
1254,516,847,430,155,123,1,-1,-1,-1
1255,516,847,430,155,123,1,-1,-1,-1
1256,516,847,430,155,123,1,-1,-1,-1
1257,516,847,430,155,123,1,-1,-1,-1
1258,516,847,430,155,123,1,-1,-1,-1
1259,516,847,430,155,123,1,-1,-1,-1
1260,516,847,430,155,123,1,-1,-1,-1
1261,516,847,430,155,123,1,-1,-1,-1
1262,516,847,430,155,123,1,-1,-1,-1
1263,516,847,430,155,123,1,-1,-1,-1
1264,516,847,430,155,123,1,-1,-1,-1
1265,516,847,431,155,122,1,-1,-1,-1
1266,516,847,431,155,121,1,-1,-1,-1
1267,516,847,431,155,121,1,-1,-1,-1
1268,516,847,432,155,121,1,-1,-1,-1
1269,516,847,431,155,121,1,-1,-1,-1
1270,516,847,431,155,121,1,-1,-1,-1
1271,516,847,431,155,121,1,-1,-1,-1
1272,516,847,431,155,121,1,-1,-1,-1
1273,516,847,430,155,122,1,-1,-1,-1
1274,516,847,430,155,122,1,-1,-1,-1
1275,516,847,430,155,122,1,-1,-1,-1
1276,516,847,430,155,122,1,-1,-1,-1
1277,516,847,430,155,122,1,-1,-1,-1
1278,516,847,430,155,122,1,-1,-1,-1
1279,516,847,430,155,122,1,-1,-1,-1
1280,516,847,430,155,122,1,-1,-1,-1
1281,516,848,431,155,122,1,-1,-1,-1
1282,516,848,431,155,122,1,-1,-1,-1
1283,516,848,431,155,122,1,-1,-1,-1
1284,516,848,431,155,122,1,-1,-1,-1
1285,516,848,432,155,121,1,-1,-1,-1
1286,516,848,432,155,120,1,-1,-1,-1
1287,516,848,432,155,120,1,-1,-1,-1
1288,516,848,432,155,120,1,-1,-1,-1
1289,516,847,432,155,120,1,-1,-1,-1
1290,516,847,433,155,120,1,-1,-1,-1
1291,516,847,432,155,120,1,-1,-1,-1
1292,516,847,432,155,120,1,-1,-1,-1
1293,516,847,432,155,120,1,-1,-1,-1
1294,516,847,432,155,120,1,-1,-1,-1
1295,516,847,432,155,120,1,-1,-1,-1
1296,516,847,432,155,120,1,-1,-1,-1
1297,516,847,434,155,119,1,-1,-1,-1
1298,516,847,434,155,119,1,-1,-1,-1
1299,516,847,434,155,119,1,-1,-1,-1
1300,516,847,434,155,119,1,-1,-1,-1
1301,516,847,434,155,119,1,-1,-1,-1
1302,516,847,434,155,119,1,-1,-1,-1
1303,516,847,434,155,119,1,-1,-1,-1
1304,516,847,434,155,119,1,-1,-1,-1
1305,516,847,433,155,120,1,-1,-1,-1
1306,516,847,433,155,120,1,-1,-1,-1
1307,516,847,433,155,120,1,-1,-1,-1
1308,516,847,433,155,120,1,-1,-1,-1
1309,516,848,433,154,119,1,-1,-1,-1
1310,516,848,433,154,119,1,-1,-1,-1
1311,516,848,433,154,119,1,-1,-1,-1
1312,516,848,433,154,119,1,-1,-1,-1
1313,516,847,431,155,121,1,-1,-1,-1
1314,516,847,431,155,121,1,-1,-1,-1
1315,516,847,431,155,122,1,-1,-1,-1
1316,516,847,431,155,122,1,-1,-1,-1
1317,516,847,431,155,122,1,-1,-1,-1
1318,516,847,431,155,122,1,-1,-1,-1
1319,516,847,431,155,122,1,-1,-1,-1
1320,516,847,433,155,120,1,-1,-1,-1
1321,516,847,433,155,120,1,-1,-1,-1
1322,516,847,433,155,120,1,-1,-1,-1
1323,516,847,433,155,120,1,-1,-1,-1
1324,516,847,433,155,120,1,-1,-1,-1
1325,516,847,433,155,120,1,-1,-1,-1
1326,516,847,433,155,120,1,-1,-1,-1
1327,516,847,433,155,120,1,-1,-1,-1
1328,516,847,433,155,120,1,-1,-1,-1
1329,516,847,433,155,120,1,-1,-1,-1
1330,516,847,433,155,120,1,-1,-1,-1
1331,516,847,433,155,120,1,-1,-1,-1
1332,516,847,433,155,120,1,-1,-1,-1
1333,516,847,433,155,119,1,-1,-1,-1
1334,516,847,433,155,119,1,-1,-1,-1
1335,516,847,433,155,119,1,-1,-1,-1
1336,516,847,433,155,119,1,-1,-1,-1
1337,516,847,433,155,120,1,-1,-1,-1
1338,516,847,433,155,119,1,-1,-1,-1
1339,516,847,433,155,120,1,-1,-1,-1
1340,516,847,433,155,119,1,-1,-1,-1
1341,516,847,433,155,120,1,-1,-1,-1
1342,516,847,433,155,119,1,-1,-1,-1
1343,516,847,433,155,119,1,-1,-1,-1
1344,516,847,433,155,119,1,-1,-1,-1
1345,516,847,433,155,120,1,-1,-1,-1
1346,516,847,433,155,120,1,-1,-1,-1
1347,516,847,433,155,120,1,-1,-1,-1
1348,516,847,433,155,120,1,-1,-1,-1
1349,516,847,433,155,120,1,-1,-1,-1
1350,516,847,433,155,120,1,-1,-1,-1
1351,516,847,433,155,120,1,-1,-1,-1
1352,516,847,433,155,120,1,-1,-1,-1
1353,516,847,433,155,119,1,-1,-1,-1
1354,516,847,433,155,119,1,-1,-1,-1
1355,516,847,433,155,119,1,-1,-1,-1
1356,516,847,434,155,119,1,-1,-1,-1
1357,516,847,433,155,119,1,-1,-1,-1
1358,516,847,433,155,119,1,-1,-1,-1
1359,516,847,433,155,119,1,-1,-1,-1
1360,516,847,433,155,119,1,-1,-1,-1
1361,516,847,434,155,119,1,-1,-1,-1
1362,516,847,434,155,119,1,-1,-1,-1
1363,516,847,434,155,119,1,-1,-1,-1
1364,516,847,434,155,119,1,-1,-1,-1
1365,516,847,434,155,119,1,-1,-1,-1
1366,516,847,434,155,119,1,-1,-1,-1
1367,516,847,434,155,119,1,-1,-1,-1
1368,516,847,434,155,119,1,-1,-1,-1
1369,516,847,433,155,119,1,-1,-1,-1
1370,516,847,433,155,119,1,-1,-1,-1
1371,516,847,433,155,119,1,-1,-1,-1
1372,516,847,433,155,119,1,-1,-1,-1
1373,516,847,433,155,119,1,-1,-1,-1
1374,516,847,433,155,119,1,-1,-1,-1
1375,516,847,433,155,119,1,-1,-1,-1
1376,516,847,433,155,119,1,-1,-1,-1
1377,516,847,433,155,120,1,-1,-1,-1
1378,516,847,433,155,120,1,-1,-1,-1
1379,516,847,433,155,120,1,-1,-1,-1
1380,516,847,433,155,120,1,-1,-1,-1
1381,516,847,433,155,120,1,-1,-1,-1
1382,516,847,433,155,120,1,-1,-1,-1
1383,516,847,433,155,120,1,-1,-1,-1
1384,516,847,433,155,120,1,-1,-1,-1
1385,516,848,432,155,120,1,-1,-1,-1
1386,516,847,432,155,120,1,-1,-1,-1
1387,516,848,432,155,120,1,-1,-1,-1
1388,516,847,432,155,120,1,-1,-1,-1
1389,516,847,433,155,120,1,-1,-1,-1
1390,516,847,432,155,120,1,-1,-1,-1
1391,516,847,433,155,120,1,-1,-1,-1
1392,516,847,432,155,120,1,-1,-1,-1
1393,516,847,432,155,120,1,-1,-1,-1
1394,516,847,432,155,120,1,-1,-1,-1
1395,516,847,432,155,120,1,-1,-1,-1
1396,516,847,432,155,120,1,-1,-1,-1
1397,516,847,432,155,121,1,-1,-1,-1
1398,516,847,432,155,121,1,-1,-1,-1
1399,516,847,432,155,121,1,-1,-1,-1
1400,516,847,432,155,121,1,-1,-1,-1
1401,516,847,433,155,119,1,-1,-1,-1
1402,516,847,433,155,120,1,-1,-1,-1
1403,516,847,433,155,120,1,-1,-1,-1
1404,516,847,433,155,120,1,-1,-1,-1
1405,516,847,433,155,120,1,-1,-1,-1
1406,516,847,432,155,120,1,-1,-1,-1
1407,516,847,432,155,120,1,-1,-1,-1
1408,516,847,432,155,120,1,-1,-1,-1
1409,516,847,433,155,120,1,-1,-1,-1
1410,516,847,433,155,120,1,-1,-1,-1
1411,516,847,433,155,120,1,-1,-1,-1
1412,516,847,433,155,120,1,-1,-1,-1
1413,516,847,433,155,120,1,-1,-1,-1
1414,516,847,433,155,120,1,-1,-1,-1
1415,516,847,433,155,120,1,-1,-1,-1
1416,516,847,433,155,120,1,-1,-1,-1
1417,516,847,432,155,121,1,-1,-1,-1
1418,516,847,432,155,121,1,-1,-1,-1
1419,516,847,432,155,121,1,-1,-1,-1
1420,516,847,432,155,121,1,-1,-1,-1
1421,516,847,432,155,121,1,-1,-1,-1
1422,516,847,432,155,121,1,-1,-1,-1
1423,516,847,432,155,121,1,-1,-1,-1
1424,516,847,432,155,121,1,-1,-1,-1
1425,516,847,432,155,121,1,-1,-1,-1
1426,516,847,432,155,121,1,-1,-1,-1
1427,516,847,432,155,121,1,-1,-1,-1
1428,516,847,432,155,121,1,-1,-1,-1
1429,516,847,432,155,120,1,-1,-1,-1
1430,516,847,432,155,120,1,-1,-1,-1
1431,516,847,432,155,120,1,-1,-1,-1
1432,516,847,432,155,120,1,-1,-1,-1
1433,516,847,432,155,121,1,-1,-1,-1
1434,516,847,432,155,121,1,-1,-1,-1
1435,516,847,432,155,121,1,-1,-1,-1
1436,516,847,432,155,120,1,-1,-1,-1
1437,516,847,432,155,120,1,-1,-1,-1
1438,516,847,433,155,120,1,-1,-1,-1
1439,516,847,433,155,120,1,-1,-1,-1
1440,516,847,433,155,120,1,-1,-1,-1
1441,516,847,433,155,120,1,-1,-1,-1
1442,516,847,433,155,120,1,-1,-1,-1
1443,516,847,433,155,120,1,-1,-1,-1
1444,516,847,433,155,120,1,-1,-1,-1
1445,516,847,433,155,120,1,-1,-1,-1
1446,516,847,433,155,120,1,-1,-1,-1
1447,516,847,433,155,120,1,-1,-1,-1
1448,516,847,433,155,120,1,-1,-1,-1
1449,516,847,433,155,120,1,-1,-1,-1
1450,516,847,433,155,120,1,-1,-1,-1
1451,516,847,433,155,120,1,-1,-1,-1
1452,516,847,433,155,119,1,-1,-1,-1
1453,516,847,433,155,120,1,-1,-1,-1
1454,516,847,433,155,120,1,-1,-1,-1
1455,516,847,433,155,120,1,-1,-1,-1
1456,516,847,433,155,120,1,-1,-1,-1
1457,516,847,433,155,119,1,-1,-1,-1
1458,516,847,433,155,119,1,-1,-1,-1
1459,516,847,433,155,120,1,-1,-1,-1
1460,516,847,433,155,120,1,-1,-1,-1
1461,516,847,433,155,120,1,-1,-1,-1
1462,516,847,433,155,120,1,-1,-1,-1
1463,516,847,433,155,120,1,-1,-1,-1
1464,516,847,433,155,120,1,-1,-1,-1
1465,516,847,433,155,120,1,-1,-1,-1
1466,516,847,433,155,120,1,-1,-1,-1
1467,516,847,432,155,120,1,-1,-1,-1
1468,516,847,433,155,120,1,-1,-1,-1
1469,516,847,433,155,120,1,-1,-1,-1
1470,516,847,433,155,120,1,-1,-1,-1
1471,516,847,433,155,120,1,-1,-1,-1
1472,516,847,433,155,120,1,-1,-1,-1
1473,516,847,432,155,120,1,-1,-1,-1
1474,516,847,432,155,120,1,-1,-1,-1
1475,516,847,432,155,120,1,-1,-1,-1
1476,516,847,432,155,120,1,-1,-1,-1
1477,516,847,432,154,121,1,-1,-1,-1
1478,516,848,432,154,121,1,-1,-1,-1
1479,516,847,432,154,121,1,-1,-1,-1
1480,516,848,432,154,121,1,-1,-1,-1
1481,516,848,432,154,120,1,-1,-1,-1
1482,516,848,432,154,120,1,-1,-1,-1
1483,516,848,432,154,120,1,-1,-1,-1
1484,516,848,432,154,120,1,-1,-1,-1
1485,516,848,432,154,120,1,-1,-1,-1
1486,516,848,432,154,120,1,-1,-1,-1
1487,516,848,433,154,120,1,-1,-1,-1
1488,516,848,433,154,120,1,-1,-1,-1
1489,516,847,433,155,119,1,-1,-1,-1
1490,516,847,434,155,119,1,-1,-1,-1
1491,516,847,433,155,119,1,-1,-1,-1
1492,516,847,433,155,119,1,-1,-1,-1
1493,516,847,433,155,119,1,-1,-1,-1
1494,516,847,433,155,119,1,-1,-1,-1
1495,516,847,433,155,119,1,-1,-1,-1
1496,516,847,433,155,120,1,-1,-1,-1
1497,516,847,433,155,119,1,-1,-1,-1
1498,516,847,433,155,119,1,-1,-1,-1
1499,516,847,433,155,119,1,-1,-1,-1
1500,516,847,433,155,119,1,-1,-1,-1
1501,516,847,433,155,120,1,-1,-1,-1
1502,516,847,433,155,120,1,-1,-1,-1
1503,516,847,433,155,120,1,-1,-1,-1
1504,516,847,433,155,120,1,-1,-1,-1
1505,516,847,432,155,121,1,-1,-1,-1
1506,516,847,432,155,120,1,-1,-1,-1
1507,516,847,432,155,120,1,-1,-1,-1
1508,516,847,432,155,121,1,-1,-1,-1
1509,516,847,432,155,121,1,-1,-1,-1
1510,516,847,432,155,120,1,-1,-1,-1
1511,516,847,432,155,120,1,-1,-1,-1
1512,516,847,432,155,121,1,-1,-1,-1
1513,516,847,434,155,119,1,-1,-1,-1
1514,516,847,434,155,119,1,-1,-1,-1
1515,516,847,433,155,119,1,-1,-1,-1
1516,516,847,434,155,119,1,-1,-1,-1
1517,516,847,434,155,119,1,-1,-1,-1
1518,516,847,434,155,119,1,-1,-1,-1
1519,516,847,433,155,119,1,-1,-1,-1
1520,516,847,433,155,119,1,-1,-1,-1
1521,516,847,433,155,120,1,-1,-1,-1
1522,516,847,433,155,120,1,-1,-1,-1
1523,516,847,433,155,120,1,-1,-1,-1
1524,516,847,433,155,119,1,-1,-1,-1
1525,516,847,432,155,120,1,-1,-1,-1
1526,516,847,432,155,120,1,-1,-1,-1
1527,516,847,432,155,120,1,-1,-1,-1
1528,516,847,432,155,120,1,-1,-1,-1
1529,516,847,433,155,120,1,-1,-1,-1
1530,516,847,433,154,120,1,-1,-1,-1
1531,516,847,433,155,120,1,-1,-1,-1
1532,516,847,433,155,120,1,-1,-1,-1
1533,516,847,433,154,120,1,-1,-1,-1
1534,516,847,433,155,119,1,-1,-1,-1
1535,516,847,433,155,119,1,-1,-1,-1
1536,516,847,433,155,119,1,-1,-1,-1
1537,516,847,434,155,119,1,-1,-1,-1
1538,516,847,434,155,119,1,-1,-1,-1
1539,516,847,434,155,119,1,-1,-1,-1
1540,516,847,434,155,119,1,-1,-1,-1
1541,516,847,434,155,119,1,-1,-1,-1
1542,516,847,434,155,119,1,-1,-1,-1
1543,516,847,434,155,119,1,-1,-1,-1
1544,516,847,434,155,119,1,-1,-1,-1
1545,516,847,433,154,119,1,-1,-1,-1
1546,516,847,434,154,119,1,-1,-1,-1
1547,516,847,434,155,119,1,-1,-1,-1
1548,516,847,434,154,119,1,-1,-1,-1
1549,516,847,434,154,118,1,-1,-1,-1
1550,516,848,434,154,118,1,-1,-1,-1
1551,516,848,434,154,118,1,-1,-1,-1
1552,516,848,434,154,118,1,-1,-1,-1
1553,516,847,434,154,118,1,-1,-1,-1
1554,516,848,434,154,118,1,-1,-1,-1
1555,516,848,434,154,118,1,-1,-1,-1
1556,516,848,434,154,118,1,-1,-1,-1
1557,516,848,434,154,118,1,-1,-1,-1
1558,516,848,434,154,118,1,-1,-1,-1
1559,516,848,434,154,118,1,-1,-1,-1
1560,516,848,434,154,118,1,-1,-1,-1
1561,516,847,433,155,120,1,-1,-1,-1
1562,516,847,433,155,120,1,-1,-1,-1
1563,516,847,433,155,120,1,-1,-1,-1
1564,516,847,433,155,120,1,-1,-1,-1
1565,516,847,433,155,120,1,-1,-1,-1
1566,516,847,433,155,120,1,-1,-1,-1
1567,516,847,433,155,120,1,-1,-1,-1
1568,516,847,433,155,120,1,-1,-1,-1
1569,516,847,433,154,119,1,-1,-1,-1
1570,516,847,433,154,120,1,-1,-1,-1
1571,516,847,433,154,120,1,-1,-1,-1
1572,516,847,433,154,120,1,-1,-1,-1
1573,516,847,433,155,120,1,-1,-1,-1
1574,516,847,433,154,120,1,-1,-1,-1
1575,516,847,432,155,120,1,-1,-1,-1
1576,516,847,433,155,120,1,-1,-1,-1
1577,516,847,433,155,119,1,-1,-1,-1
1578,516,847,434,155,119,1,-1,-1,-1
1579,516,847,434,155,119,1,-1,-1,-1
1580,516,847,434,155,118,1,-1,-1,-1
1581,516,847,434,155,118,1,-1,-1,-1
1582,516,847,434,155,119,1,-1,-1,-1
1583,516,847,434,155,118,1,-1,-1,-1
1584,516,847,434,155,118,1,-1,-1,-1
1585,516,847,434,155,118,1,-1,-1,-1
1586,516,847,434,155,118,1,-1,-1,-1
1587,516,847,434,155,118,1,-1,-1,-1
1588,516,847,434,155,118,1,-1,-1,-1
1589,516,847,434,155,118,1,-1,-1,-1
1590,516,847,434,155,118,1,-1,-1,-1
1591,516,847,434,155,118,1,-1,-1,-1
1592,516,847,434,155,118,1,-1,-1,-1
1593,516,847,433,154,119,1,-1,-1,-1
1594,516,847,433,155,119,1,-1,-1,-1
1595,516,847,433,155,119,1,-1,-1,-1
1596,516,847,433,155,119,1,-1,-1,-1
1597,516,847,433,155,120,1,-1,-1,-1
1598,516,847,433,155,120,1,-1,-1,-1
1599,516,847,433,155,120,1,-1,-1,-1
1600,516,847,433,155,119,1,-1,-1,-1
1601,516,847,434,154,119,1,-1,-1,-1
1602,516,847,434,154,119,1,-1,-1,-1
1603,516,847,434,154,119,1,-1,-1,-1
1604,516,847,434,154,119,1,-1,-1,-1
1605,516,848,434,154,119,1,-1,-1,-1
1606,516,848,434,154,119,1,-1,-1,-1
1607,516,847,434,154,119,1,-1,-1,-1
1608,516,847,434,154,119,1,-1,-1,-1
1609,516,848,434,154,118,1,-1,-1,-1
1610,516,848,434,154,117,1,-1,-1,-1
1611,516,849,435,153,108,1,-1,-1,-1
1612,516,849,435,152,73,1,-1,-1,-1
1615,516,847,435,154,88,1,-1,-1,-1
1616,516,847,435,155,114,1,-1,-1,-1
1617,516,847,433,154,117,1,-1,-1,-1
1618,516,847,433,154,119,1,-1,-1,-1
1619,516,847,433,155,120,1,-1,-1,-1
1620,516,847,433,154,119,1,-1,-1,-1
1621,516,847,434,154,118,1,-1,-1,-1
1622,516,847,434,154,118,1,-1,-1,-1
1623,516,847,434,154,119,1,-1,-1,-1
1624,516,847,434,154,118,1,-1,-1,-1
1625,516,847,434,154,118,1,-1,-1,-1
1626,516,847,434,154,118,1,-1,-1,-1
1627,516,847,434,154,118,1,-1,-1,-1
1628,516,847,434,155,118,1,-1,-1,-1
1629,516,847,433,154,119,1,-1,-1,-1
1630,516,847,433,154,119,1,-1,-1,-1
1631,516,847,433,155,119,1,-1,-1,-1
1632,516,847,433,154,120,1,-1,-1,-1
1633,516,848,435,154,118,1,-1,-1,-1
1634,516,848,435,154,118,1,-1,-1,-1
1635,516,848,435,154,118,1,-1,-1,-1
1636,516,848,435,154,118,1,-1,-1,-1
1637,516,848,435,154,118,1,-1,-1,-1
1638,516,848,435,154,118,1,-1,-1,-1
1639,516,848,435,154,118,1,-1,-1,-1
1640,516,848,435,154,118,1,-1,-1,-1
1641,516,847,435,155,117,1,-1,-1,-1
1642,516,847,435,155,117,1,-1,-1,-1
1643,516,847,435,155,117,1,-1,-1,-1
1644,516,847,435,155,118,1,-1,-1,-1
1645,516,847,434,155,118,1,-1,-1,-1
1646,516,847,434,155,118,1,-1,-1,-1
1647,516,847,434,155,118,1,-1,-1,-1
1648,516,847,434,155,118,1,-1,-1,-1
1649,516,847,434,155,118,1,-1,-1,-1
1650,516,847,434,155,118,1,-1,-1,-1
1651,516,847,434,155,118,1,-1,-1,-1
1652,516,847,434,155,118,1,-1,-1,-1
1653,516,847,435,155,118,1,-1,-1,-1
1654,516,847,435,155,118,1,-1,-1,-1
1655,516,847,434,155,118,1,-1,-1,-1
1656,516,847,434,155,118,1,-1,-1,-1
1657,516,847,434,155,118,1,-1,-1,-1
1658,516,847,434,154,118,1,-1,-1,-1
1659,516,847,434,154,118,1,-1,-1,-1
1660,516,847,434,154,118,1,-1,-1,-1
1661,516,847,434,154,118,1,-1,-1,-1
1662,516,847,434,155,118,1,-1,-1,-1
1663,516,847,434,154,118,1,-1,-1,-1
1664,516,847,434,154,118,1,-1,-1,-1
1665,516,847,434,154,118,1,-1,-1,-1
1666,516,847,434,154,118,1,-1,-1,-1
1667,516,847,434,154,118,1,-1,-1,-1
1668,516,847,434,154,118,1,-1,-1,-1
1669,516,847,434,154,119,1,-1,-1,-1
1670,516,847,434,154,119,1,-1,-1,-1
1671,516,847,434,154,119,1,-1,-1,-1
1672,516,847,434,154,118,1,-1,-1,-1
1673,516,847,434,154,118,1,-1,-1,-1
1674,516,847,434,154,118,1,-1,-1,-1
1675,516,847,434,154,118,1,-1,-1,-1
1676,516,847,434,154,118,1,-1,-1,-1
1677,516,847,434,155,118,1,-1,-1,-1
1678,516,847,434,155,118,1,-1,-1,-1
1679,516,847,434,155,118,1,-1,-1,-1
1680,516,847,434,154,119,1,-1,-1,-1
1681,516,847,434,154,119,1,-1,-1,-1
1682,516,847,434,154,119,1,-1,-1,-1
1683,516,847,434,154,119,1,-1,-1,-1
1684,516,847,434,154,119,1,-1,-1,-1
1685,516,847,434,154,119,1,-1,-1,-1
1686,516,847,434,154,119,1,-1,-1,-1
1687,516,847,434,154,119,1,-1,-1,-1
1688,516,847,434,154,119,1,-1,-1,-1
1689,516,847,434,154,119,1,-1,-1,-1
1690,516,847,434,154,119,1,-1,-1,-1
1691,516,847,433,154,120,1,-1,-1,-1
1692,516,847,433,154,120,1,-1,-1,-1
1693,516,847,433,154,120,1,-1,-1,-1
1694,516,847,433,154,120,1,-1,-1,-1
1695,516,847,433,154,120,1,-1,-1,-1
1696,516,847,432,154,121,1,-1,-1,-1
1697,516,847,434,154,119,1,-1,-1,-1
1698,516,847,434,154,119,1,-1,-1,-1
1699,516,847,434,154,119,1,-1,-1,-1
1700,516,847,433,155,119,1,-1,-1,-1
1701,516,847,433,154,120,1,-1,-1,-1
1702,516,847,433,154,119,1,-1,-1,-1
1703,516,847,434,154,119,1,-1,-1,-1
1704,516,847,434,155,119,1,-1,-1,-1
1705,516,847,434,155,118,1,-1,-1,-1
1706,516,847,434,155,118,1,-1,-1,-1
1707,516,847,434,155,118,1,-1,-1,-1
1708,516,847,434,155,118,1,-1,-1,-1
1709,516,847,434,155,118,1,-1,-1,-1
1710,516,847,434,155,119,1,-1,-1,-1
1711,516,847,434,155,119,1,-1,-1,-1
1712,516,847,434,155,118,1,-1,-1,-1
1713,516,847,434,155,119,1,-1,-1,-1
1714,516,847,433,154,119,1,-1,-1,-1
1715,516,847,433,155,119,1,-1,-1,-1
1716,516,847,434,154,119,1,-1,-1,-1
1717,516,847,434,154,119,1,-1,-1,-1
1718,516,847,434,154,119,1,-1,-1,-1
1719,516,847,433,154,119,1,-1,-1,-1
1720,516,847,434,154,119,1,-1,-1,-1
1721,516,848,433,155,120,1,-1,-1,-1
1722,516,848,433,155,120,1,-1,-1,-1
1723,516,848,433,154,120,1,-1,-1,-1
1724,516,847,433,155,120,1,-1,-1,-1
1725,516,847,433,155,119,1,-1,-1,-1
1726,516,847,433,155,119,1,-1,-1,-1
1727,516,847,433,155,120,1,-1,-1,-1
1728,516,847,433,155,120,1,-1,-1,-1
1729,516,847,433,155,119,1,-1,-1,-1
1730,516,847,433,155,119,1,-1,-1,-1
1731,516,847,433,155,119,1,-1,-1,-1
1732,516,847,433,155,119,1,-1,-1,-1
1733,516,847,433,155,119,1,-1,-1,-1
1734,516,847,433,155,119,1,-1,-1,-1
1735,516,847,433,155,120,1,-1,-1,-1
1736,516,847,433,155,120,1,-1,-1,-1
1737,516,847,433,155,119,1,-1,-1,-1
1738,516,847,433,155,119,1,-1,-1,-1
1739,516,847,433,155,119,1,-1,-1,-1
1740,516,847,433,155,119,1,-1,-1,-1
1741,516,848,433,154,119,1,-1,-1,-1
1742,516,848,433,154,119,1,-1,-1,-1
1743,516,848,433,154,119,1,-1,-1,-1
1744,516,848,433,154,119,1,-1,-1,-1
1745,516,848,432,154,120,1,-1,-1,-1
1746,516,848,432,154,120,1,-1,-1,-1
1747,516,848,432,154,120,1,-1,-1,-1
1748,516,848,432,154,120,1,-1,-1,-1
1749,516,848,432,154,120,1,-1,-1,-1
1750,516,847,432,154,120,1,-1,-1,-1
1751,516,847,432,154,120,1,-1,-1,-1
1752,516,848,432,154,120,1,-1,-1,-1
1753,516,848,433,154,120,1,-1,-1,-1
1754,516,848,433,154,120,1,-1,-1,-1
1755,516,848,433,154,120,1,-1,-1,-1
1756,516,848,433,154,120,1,-1,-1,-1
1757,516,848,433,154,120,1,-1,-1,-1
1758,516,848,433,154,120,1,-1,-1,-1
1759,516,848,433,154,120,1,-1,-1,-1
1760,516,848,433,154,120,1,-1,-1,-1
1761,516,847,432,154,120,1,-1,-1,-1
1762,516,848,433,154,120,1,-1,-1,-1
1763,516,848,432,154,120,1,-1,-1,-1
1764,516,848,433,154,120,1,-1,-1,-1
1765,516,848,433,154,120,1,-1,-1,-1
1766,516,848,433,154,120,1,-1,-1,-1
1767,516,848,433,154,120,1,-1,-1,-1
1768,516,847,433,154,120,1,-1,-1,-1
1769,516,847,434,155,118,1,-1,-1,-1
1770,516,847,434,155,118,1,-1,-1,-1
1771,516,847,434,155,118,1,-1,-1,-1
1772,516,847,434,155,118,1,-1,-1,-1
1773,516,847,434,155,118,1,-1,-1,-1
1774,516,847,434,155,118,1,-1,-1,-1
1775,516,847,434,155,118,1,-1,-1,-1
1776,516,847,434,155,118,1,-1,-1,-1
1777,516,847,433,154,119,1,-1,-1,-1
1778,516,847,433,154,119,1,-1,-1,-1
1779,516,848,433,154,119,1,-1,-1,-1
1780,516,847,433,154,120,1,-1,-1,-1
1781,516,847,433,154,119,1,-1,-1,-1
1782,516,847,433,154,119,1,-1,-1,-1
1783,516,847,433,154,119,1,-1,-1,-1
1784,516,848,433,154,119,1,-1,-1,-1
1785,516,848,434,154,118,1,-1,-1,-1
1786,516,848,434,154,118,1,-1,-1,-1
1787,516,848,434,154,118,1,-1,-1,-1
1788,516,848,434,154,118,1,-1,-1,-1
1789,516,848,434,154,119,1,-1,-1,-1
1790,516,848,434,154,119,1,-1,-1,-1
1791,516,848,434,154,119,1,-1,-1,-1
1792,516,848,434,154,119,1,-1,-1,-1
1793,516,847,433,155,119,1,-1,-1,-1
1794,516,847,433,155,119,1,-1,-1,-1
1795,516,847,433,155,119,1,-1,-1,-1
1796,516,847,433,155,119,1,-1,-1,-1
1797,516,847,433,155,120,1,-1,-1,-1
1798,516,847,433,155,119,1,-1,-1,-1
1799,516,847,433,155,119,1,-1,-1,-1
1800,516,847,433,155,119,1,-1,-1,-1
1801,516,847,433,155,119,1,-1,-1,-1
1802,516,847,433,155,119,1,-1,-1,-1
1803,516,847,434,155,119,1,-1,-1,-1
1804,516,847,434,155,119,1,-1,-1,-1
1805,516,847,434,155,119,1,-1,-1,-1
1806,516,847,434,155,119,1,-1,-1,-1
1807,516,847,434,155,119,1,-1,-1,-1
1808,516,847,434,155,119,1,-1,-1,-1
1809,516,847,433,155,120,1,-1,-1,-1
1810,516,847,433,155,120,1,-1,-1,-1
1811,516,847,433,155,120,1,-1,-1,-1
1812,516,847,433,155,120,1,-1,-1,-1
1813,516,847,434,155,119,1,-1,-1,-1
1814,516,847,433,155,119,1,-1,-1,-1
1815,516,847,433,155,119,1,-1,-1,-1
1816,516,847,433,155,119,1,-1,-1,-1
1817,516,847,434,154,119,1,-1,-1,-1
1818,516,847,434,154,119,1,-1,-1,-1
1819,516,847,434,154,119,1,-1,-1,-1
1820,516,847,434,154,119,1,-1,-1,-1
1821,516,847,434,154,119,1,-1,-1,-1
1822,516,847,434,154,118,1,-1,-1,-1
1823,516,847,434,154,118,1,-1,-1,-1
1824,516,847,434,154,118,1,-1,-1,-1
1825,516,847,434,154,118,1,-1,-1,-1
1826,516,847,434,154,118,1,-1,-1,-1
1827,516,847,434,154,119,1,-1,-1,-1
1828,516,847,434,154,119,1,-1,-1,-1
1829,516,847,434,154,118,1,-1,-1,-1
1830,516,847,434,154,118,1,-1,-1,-1
1831,516,847,434,154,118,1,-1,-1,-1
1832,516,847,434,154,118,1,-1,-1,-1
1833,516,848,434,154,118,1,-1,-1,-1
1834,516,848,434,154,118,1,-1,-1,-1
1835,516,848,434,154,118,1,-1,-1,-1
1836,516,848,434,154,118,1,-1,-1,-1
1837,516,847,434,154,119,1,-1,-1,-1
1838,516,847,434,154,119,1,-1,-1,-1
1839,516,847,434,154,119,1,-1,-1,-1
1840,516,847,434,154,119,1,-1,-1,-1
1841,516,847,434,155,119,1,-1,-1,-1
1842,516,847,434,155,119,1,-1,-1,-1
1843,516,847,434,155,119,1,-1,-1,-1
1844,516,847,434,155,118,1,-1,-1,-1
1845,516,847,434,155,118,1,-1,-1,-1
1846,516,847,434,155,118,1,-1,-1,-1
1847,516,847,434,155,118,1,-1,-1,-1
1848,516,847,434,155,118,1,-1,-1,-1
1849,516,847,434,155,118,1,-1,-1,-1
1850,516,847,434,155,118,1,-1,-1,-1
1851,516,847,434,155,118,1,-1,-1,-1
1852,516,847,434,155,118,1,-1,-1,-1
1853,516,847,434,155,118,1,-1,-1,-1
1854,516,847,434,155,118,1,-1,-1,-1
1855,516,847,434,155,118,1,-1,-1,-1
1856,516,847,434,155,118,1,-1,-1,-1
1857,516,847,434,154,119,1,-1,-1,-1
1858,516,847,434,154,119,1,-1,-1,-1
1859,516,847,434,154,119,1,-1,-1,-1
1860,516,847,434,154,119,1,-1,-1,-1
1861,516,848,434,154,119,1,-1,-1,-1
1862,516,848,434,154,119,1,-1,-1,-1
1863,516,848,434,154,119,1,-1,-1,-1
1864,516,848,434,154,119,1,-1,-1,-1
1865,516,847,434,155,119,1,-1,-1,-1
1866,516,847,434,155,119,1,-1,-1,-1
1867,516,847,434,155,119,1,-1,-1,-1
1868,516,847,434,154,119,1,-1,-1,-1
1869,516,847,434,154,119,1,-1,-1,-1
1870,516,847,434,155,118,1,-1,-1,-1
1871,516,847,434,155,118,1,-1,-1,-1
1872,516,847,434,155,118,1,-1,-1,-1
1873,516,847,434,155,119,1,-1,-1,-1
1874,516,847,434,154,119,1,-1,-1,-1
1875,516,847,434,155,119,1,-1,-1,-1
1876,516,847,433,155,119,1,-1,-1,-1
1877,516,847,434,155,119,1,-1,-1,-1
1878,516,847,434,155,119,1,-1,-1,-1
1879,516,847,434,155,119,1,-1,-1,-1
1880,516,847,434,155,119,1,-1,-1,-1
1881,516,847,433,155,120,1,-1,-1,-1
1882,516,847,433,155,120,1,-1,-1,-1
1883,516,847,433,155,120,1,-1,-1,-1
1884,516,847,433,155,120,1,-1,-1,-1
1885,516,847,433,156,119,1,-1,-1,-1
1886,516,847,433,155,119,1,-1,-1,-1
1887,516,847,433,156,120,1,-1,-1,-1
1888,516,848,433,155,119,1,-1,-1,-1
1889,516,847,433,155,120,1,-1,-1,-1
1890,516,847,433,155,120,1,-1,-1,-1
1891,516,847,433,155,120,1,-1,-1,-1
1892,516,847,433,154,119,1,-1,-1,-1
1893,516,847,433,155,120,1,-1,-1,-1
1894,516,847,433,155,120,1,-1,-1,-1
1895,516,847,433,154,120,1,-1,-1,-1
1896,516,847,433,154,120,1,-1,-1,-1
1897,516,847,432,155,121,1,-1,-1,-1
1898,516,847,432,155,121,1,-1,-1,-1
1899,516,847,432,155,121,1,-1,-1,-1
1900,516,847,432,155,121,1,-1,-1,-1
1901,516,847,432,155,121,1,-1,-1,-1
1902,516,847,432,155,121,1,-1,-1,-1
1903,516,847,432,155,121,1,-1,-1,-1
1904,516,847,431,155,122,1,-1,-1,-1
1905,516,847,432,155,121,1,-1,-1,-1
1906,516,847,432,155,121,1,-1,-1,-1
1907,516,847,432,155,121,1,-1,-1,-1
1908,516,847,432,155,121,1,-1,-1,-1
1909,516,847,432,155,121,1,-1,-1,-1
1910,516,847,433,155,120,1,-1,-1,-1
1911,516,847,433,155,119,1,-1,-1,-1
1912,516,847,433,155,119,1,-1,-1,-1
1913,516,847,431,155,122,1,-1,-1,-1
1914,516,847,431,155,122,1,-1,-1,-1
1915,516,847,431,155,122,1,-1,-1,-1
1916,516,847,431,155,122,1,-1,-1,-1
1917,516,847,431,155,122,1,-1,-1,-1
1918,516,847,431,155,122,1,-1,-1,-1
1919,516,847,430,155,123,1,-1,-1,-1
1920,516,847,430,155,123,1,-1,-1,-1
1921,516,847,430,155,123,1,-1,-1,-1
1922,516,847,430,155,123,1,-1,-1,-1
1923,516,847,430,155,123,1,-1,-1,-1
1924,516,847,430,155,123,1,-1,-1,-1
1925,516,847,431,155,122,1,-1,-1,-1
1926,516,848,430,155,123,1,-1,-1,-1
1927,516,848,430,154,122,1,-1,-1,-1
1928,516,848,431,154,122,1,-1,-1,-1
1,517,460,259,83,64,1,-1,-1,-1
2,517,459,259,81,64,1,-1,-1,-1
3,517,459,259,81,64,1,-1,-1,-1
4,517,459,259,81,64,1,-1,-1,-1
5,517,459,259,81,64,1,-1,-1,-1
6,517,459,259,81,64,1,-1,-1,-1
7,517,459,259,81,64,1,-1,-1,-1
8,517,459,259,81,64,1,-1,-1,-1
9,517,459,259,81,65,1,-1,-1,-1
10,517,459,259,81,65,1,-1,-1,-1
11,517,459,259,81,65,1,-1,-1,-1
12,517,459,259,81,65,1,-1,-1,-1
13,517,460,259,81,65,1,-1,-1,-1
14,517,460,259,81,65,1,-1,-1,-1
15,517,460,259,81,65,1,-1,-1,-1
16,517,460,259,81,65,1,-1,-1,-1
17,517,460,260,81,64,1,-1,-1,-1
18,517,460,260,81,64,1,-1,-1,-1
19,517,460,260,81,64,1,-1,-1,-1
20,517,460,260,81,64,1,-1,-1,-1
21,517,460,260,81,64,1,-1,-1,-1
22,517,460,260,81,64,1,-1,-1,-1
23,517,460,260,81,64,1,-1,-1,-1
24,517,460,260,81,64,1,-1,-1,-1
25,517,460,260,81,64,1,-1,-1,-1
26,517,460,260,81,64,1,-1,-1,-1
27,517,460,260,81,64,1,-1,-1,-1
28,517,460,260,81,64,1,-1,-1,-1
29,517,460,260,81,64,1,-1,-1,-1
30,517,460,260,81,64,1,-1,-1,-1
31,517,460,260,81,64,1,-1,-1,-1
32,517,460,260,81,64,1,-1,-1,-1
33,517,460,259,80,64,1,-1,-1,-1
34,517,460,260,80,64,1,-1,-1,-1
35,517,460,260,80,64,1,-1,-1,-1
36,517,460,260,80,64,1,-1,-1,-1
37,517,460,260,81,64,1,-1,-1,-1
38,517,460,260,81,64,1,-1,-1,-1
39,517,460,260,81,64,1,-1,-1,-1
40,517,460,260,81,64,1,-1,-1,-1
41,517,459,260,81,64,1,-1,-1,-1
42,517,459,260,81,64,1,-1,-1,-1
43,517,459,260,81,64,1,-1,-1,-1
44,517,459,260,81,64,1,-1,-1,-1
45,517,459,260,81,64,1,-1,-1,-1
46,517,459,260,81,64,1,-1,-1,-1
47,517,459,260,81,64,1,-1,-1,-1
48,517,459,260,81,64,1,-1,-1,-1
49,517,460,260,80,64,1,-1,-1,-1
50,517,460,260,80,64,1,-1,-1,-1
51,517,460,259,80,64,1,-1,-1,-1
52,517,460,259,80,64,1,-1,-1,-1
53,517,460,259,80,64,1,-1,-1,-1
54,517,460,259,80,64,1,-1,-1,-1
55,517,460,260,80,64,1,-1,-1,-1
56,517,460,260,80,64,1,-1,-1,-1
57,517,460,260,80,64,1,-1,-1,-1
58,517,460,260,80,64,1,-1,-1,-1
59,517,460,260,80,64,1,-1,-1,-1
60,517,460,260,80,64,1,-1,-1,-1
61,517,460,260,81,64,1,-1,-1,-1
62,517,460,260,81,64,1,-1,-1,-1
63,517,460,260,81,64,1,-1,-1,-1
64,517,460,260,81,64,1,-1,-1,-1
65,517,459,260,81,64,1,-1,-1,-1
66,517,459,260,81,64,1,-1,-1,-1
67,517,459,260,81,64,1,-1,-1,-1
68,517,459,260,81,64,1,-1,-1,-1
69,517,459,260,81,64,1,-1,-1,-1
70,517,459,260,81,64,1,-1,-1,-1
71,517,459,260,81,64,1,-1,-1,-1
72,517,459,260,81,64,1,-1,-1,-1
73,517,460,259,80,65,1,-1,-1,-1
74,517,460,259,80,65,1,-1,-1,-1
75,517,460,259,80,65,1,-1,-1,-1
76,517,460,259,80,65,1,-1,-1,-1
77,517,460,259,80,65,1,-1,-1,-1
78,517,460,259,80,64,1,-1,-1,-1
79,517,460,259,80,64,1,-1,-1,-1
80,517,460,259,80,64,1,-1,-1,-1
81,517,460,258,81,65,1,-1,-1,-1
82,517,460,258,81,65,1,-1,-1,-1
83,517,460,258,81,65,1,-1,-1,-1
84,517,460,258,81,65,1,-1,-1,-1
85,517,460,259,81,64,1,-1,-1,-1
86,517,460,259,81,64,1,-1,-1,-1
87,517,460,259,81,64,1,-1,-1,-1
88,517,460,259,81,64,1,-1,-1,-1
89,517,459,259,81,64,1,-1,-1,-1
90,517,459,259,81,64,1,-1,-1,-1
91,517,459,260,81,64,1,-1,-1,-1
92,517,459,260,81,64,1,-1,-1,-1
93,517,459,260,81,64,1,-1,-1,-1
94,517,459,260,81,64,1,-1,-1,-1
95,517,459,260,81,64,1,-1,-1,-1
96,517,459,260,81,64,1,-1,-1,-1
97,517,460,259,80,64,1,-1,-1,-1
98,517,460,259,80,64,1,-1,-1,-1
99,517,460,259,80,64,1,-1,-1,-1
100,517,460,259,80,64,1,-1,-1,-1
101,517,460,259,80,64,1,-1,-1,-1
102,517,460,259,80,64,1,-1,-1,-1
103,517,460,259,80,64,1,-1,-1,-1
104,517,460,259,80,64,1,-1,-1,-1
105,517,460,259,80,65,1,-1,-1,-1
106,517,460,259,80,65,1,-1,-1,-1
107,517,460,259,80,64,1,-1,-1,-1
108,517,460,259,80,64,1,-1,-1,-1
109,517,460,259,81,64,1,-1,-1,-1
110,517,460,259,81,64,1,-1,-1,-1
111,517,460,259,81,64,1,-1,-1,-1
112,517,460,259,81,64,1,-1,-1,-1
113,517,461,260,80,64,1,-1,-1,-1
114,517,460,260,80,64,1,-1,-1,-1
115,517,460,260,80,64,1,-1,-1,-1
116,517,460,260,80,64,1,-1,-1,-1
117,517,460,260,80,64,1,-1,-1,-1
118,517,461,260,80,64,1,-1,-1,-1
119,517,460,259,80,64,1,-1,-1,-1
120,517,460,259,80,64,1,-1,-1,-1
121,517,460,260,81,63,1,-1,-1,-1
122,517,460,260,81,63,1,-1,-1,-1
123,517,460,260,81,63,1,-1,-1,-1
124,517,460,260,81,63,1,-1,-1,-1
125,517,460,260,81,63,1,-1,-1,-1
126,517,460,260,81,63,1,-1,-1,-1
127,517,460,260,81,63,1,-1,-1,-1
128,517,460,260,81,63,1,-1,-1,-1
129,517,460,260,80,64,1,-1,-1,-1
130,517,460,260,80,64,1,-1,-1,-1
131,517,460,260,80,64,1,-1,-1,-1
132,517,460,259,80,64,1,-1,-1,-1
133,517,459,260,81,64,1,-1,-1,-1
134,517,459,260,81,64,1,-1,-1,-1
135,517,459,260,81,64,1,-1,-1,-1
136,517,459,260,81,64,1,-1,-1,-1
137,517,459,260,81,64,1,-1,-1,-1
138,517,459,260,81,64,1,-1,-1,-1
139,517,459,260,81,64,1,-1,-1,-1
140,517,459,260,81,64,1,-1,-1,-1
141,517,459,260,81,64,1,-1,-1,-1
142,517,459,260,81,64,1,-1,-1,-1
143,517,459,260,81,64,1,-1,-1,-1
144,517,459,260,81,64,1,-1,-1,-1
145,517,460,260,81,64,1,-1,-1,-1
146,517,460,260,81,64,1,-1,-1,-1
147,517,460,260,80,64,1,-1,-1,-1
148,517,460,260,81,64,1,-1,-1,-1
149,517,460,260,81,64,1,-1,-1,-1
150,517,460,260,81,64,1,-1,-1,-1
151,517,460,260,81,64,1,-1,-1,-1
152,517,460,260,81,64,1,-1,-1,-1
153,517,460,260,81,64,1,-1,-1,-1
154,517,460,260,81,64,1,-1,-1,-1
155,517,460,260,81,63,1,-1,-1,-1
156,517,460,260,81,64,1,-1,-1,-1
157,517,460,260,81,64,1,-1,-1,-1
158,517,460,260,81,64,1,-1,-1,-1
159,517,460,260,81,64,1,-1,-1,-1
160,517,460,260,81,64,1,-1,-1,-1
161,517,460,259,80,64,1,-1,-1,-1
162,517,461,259,80,64,1,-1,-1,-1
163,517,461,260,80,64,1,-1,-1,-1
164,517,461,260,80,64,1,-1,-1,-1
165,517,461,260,80,64,1,-1,-1,-1
166,517,461,260,80,64,1,-1,-1,-1
167,517,461,260,80,64,1,-1,-1,-1
168,517,461,260,80,64,1,-1,-1,-1
169,517,460,259,80,65,1,-1,-1,-1
170,517,460,259,80,65,1,-1,-1,-1
171,517,460,259,80,65,1,-1,-1,-1
172,517,460,259,80,65,1,-1,-1,-1
173,517,460,259,80,65,1,-1,-1,-1
174,517,461,259,80,65,1,-1,-1,-1
175,517,460,259,80,65,1,-1,-1,-1
176,517,460,259,80,65,1,-1,-1,-1
177,517,460,259,81,64,1,-1,-1,-1
178,517,460,259,81,64,1,-1,-1,-1
179,517,460,259,82,64,1,-1,-1,-1
180,517,460,259,81,64,1,-1,-1,-1
181,517,460,259,81,64,1,-1,-1,-1
182,517,460,259,81,64,1,-1,-1,-1
183,517,460,259,81,64,1,-1,-1,-1
184,517,460,259,81,64,1,-1,-1,-1
185,517,461,260,80,64,1,-1,-1,-1
186,517,461,260,80,64,1,-1,-1,-1
187,517,461,260,80,64,1,-1,-1,-1
188,517,461,260,80,64,1,-1,-1,-1
189,517,461,260,80,64,1,-1,-1,-1
190,517,461,260,80,64,1,-1,-1,-1
191,517,460,260,80,64,1,-1,-1,-1
192,517,460,260,80,64,1,-1,-1,-1
193,517,460,260,80,64,1,-1,-1,-1
194,517,460,260,80,64,1,-1,-1,-1
195,517,460,260,80,64,1,-1,-1,-1
196,517,460,260,81,64,1,-1,-1,-1
197,517,460,260,81,64,1,-1,-1,-1
198,517,460,260,81,64,1,-1,-1,-1
199,517,460,259,81,64,1,-1,-1,-1
200,517,460,259,81,64,1,-1,-1,-1
201,517,460,258,81,65,1,-1,-1,-1
202,517,460,258,81,65,1,-1,-1,-1
203,517,460,258,81,65,1,-1,-1,-1
204,517,460,258,81,65,1,-1,-1,-1
205,517,461,259,80,65,1,-1,-1,-1
206,517,461,259,80,65,1,-1,-1,-1
207,517,461,259,80,65,1,-1,-1,-1
208,517,461,259,80,65,1,-1,-1,-1
209,517,461,260,80,64,1,-1,-1,-1
210,517,461,260,80,64,1,-1,-1,-1
211,517,461,260,80,64,1,-1,-1,-1
212,517,460,259,80,64,1,-1,-1,-1
213,517,460,259,80,64,1,-1,-1,-1
214,517,460,259,81,64,1,-1,-1,-1
215,517,460,259,80,65,1,-1,-1,-1
216,517,460,259,80,65,1,-1,-1,-1
217,517,460,257,81,67,1,-1,-1,-1
218,517,460,257,81,66,1,-1,-1,-1
219,517,460,257,81,67,1,-1,-1,-1
220,517,460,257,81,67,1,-1,-1,-1
221,517,460,257,81,66,1,-1,-1,-1
222,517,460,258,81,65,1,-1,-1,-1
223,517,460,258,81,65,1,-1,-1,-1
224,517,460,258,81,65,1,-1,-1,-1
225,517,460,259,81,65,1,-1,-1,-1
226,517,460,260,81,64,1,-1,-1,-1
227,517,460,260,81,64,1,-1,-1,-1
228,517,460,260,81,63,1,-1,-1,-1
229,517,460,261,80,63,1,-1,-1,-1
230,517,460,260,80,63,1,-1,-1,-1
231,517,460,260,80,64,1,-1,-1,-1
232,517,460,261,80,62,1,-1,-1,-1
233,517,460,260,79,63,1,-1,-1,-1
234,517,461,261,79,63,1,-1,-1,-1
235,517,461,261,79,63,1,-1,-1,-1
236,517,462,261,78,63,1,-1,-1,-1
237,517,461,260,79,63,1,-1,-1,-1
238,517,460,260,80,63,1,-1,-1,-1
239,517,460,259,79,65,1,-1,-1,-1
240,517,461,258,78,66,1,-1,-1,-1
241,517,463,260,78,64,1,-1,-1,-1
242,517,460,259,81,64,1,-1,-1,-1
243,517,460,260,81,64,1,-1,-1,-1
244,517,460,260,81,64,1,-1,-1,-1
245,517,460,260,81,64,1,-1,-1,-1
246,517,459,260,81,64,1,-1,-1,-1
247,517,460,260,81,64,1,-1,-1,-1
248,517,460,260,81,64,1,-1,-1,-1
249,517,460,260,81,64,1,-1,-1,-1
250,517,460,260,81,64,1,-1,-1,-1
251,517,460,259,81,65,1,-1,-1,-1
252,517,460,259,81,65,1,-1,-1,-1
253,517,460,259,80,64,1,-1,-1,-1
254,517,460,259,80,64,1,-1,-1,-1
255,517,460,259,80,64,1,-1,-1,-1
256,517,460,259,80,64,1,-1,-1,-1
257,517,460,260,80,64,1,-1,-1,-1
258,517,460,260,80,64,1,-1,-1,-1
259,517,460,259,80,64,1,-1,-1,-1
260,517,460,259,80,64,1,-1,-1,-1
261,517,460,259,80,64,1,-1,-1,-1
262,517,460,259,80,64,1,-1,-1,-1
263,517,460,259,80,64,1,-1,-1,-1
264,517,460,259,80,64,1,-1,-1,-1
265,517,460,258,80,65,1,-1,-1,-1
266,517,460,258,80,65,1,-1,-1,-1
267,517,460,258,80,65,1,-1,-1,-1
268,517,460,258,80,65,1,-1,-1,-1
269,517,460,258,80,65,1,-1,-1,-1
270,517,460,258,80,65,1,-1,-1,-1
271,517,460,258,80,65,1,-1,-1,-1
272,517,460,258,80,65,1,-1,-1,-1
273,517,460,260,81,64,1,-1,-1,-1
274,517,460,260,81,64,1,-1,-1,-1
275,517,460,260,81,64,1,-1,-1,-1
276,517,460,260,81,64,1,-1,-1,-1
277,517,459,260,81,64,1,-1,-1,-1
278,517,460,259,81,64,1,-1,-1,-1
279,517,460,259,81,64,1,-1,-1,-1
280,517,460,259,81,64,1,-1,-1,-1
281,517,460,259,80,64,1,-1,-1,-1
282,517,460,259,80,64,1,-1,-1,-1
283,517,460,260,80,64,1,-1,-1,-1
284,517,460,260,80,64,1,-1,-1,-1
285,517,460,260,80,64,1,-1,-1,-1
286,517,460,259,80,64,1,-1,-1,-1
287,517,460,259,80,64,1,-1,-1,-1
288,517,460,259,80,64,1,-1,-1,-1
289,517,460,258,81,66,1,-1,-1,-1
290,517,460,258,81,66,1,-1,-1,-1
291,517,460,258,81,66,1,-1,-1,-1
292,517,460,258,81,66,1,-1,-1,-1
293,517,460,258,81,66,1,-1,-1,-1
294,517,460,258,81,66,1,-1,-1,-1
295,517,460,258,81,66,1,-1,-1,-1
296,517,460,258,81,66,1,-1,-1,-1
297,517,460,259,80,64,1,-1,-1,-1
298,517,460,259,80,65,1,-1,-1,-1
299,517,460,259,80,65,1,-1,-1,-1
300,517,460,259,80,65,1,-1,-1,-1
301,517,460,259,80,65,1,-1,-1,-1
302,517,460,259,80,65,1,-1,-1,-1
303,517,460,259,80,65,1,-1,-1,-1
304,517,460,259,80,65,1,-1,-1,-1
305,517,460,259,81,65,1,-1,-1,-1
306,517,460,259,81,65,1,-1,-1,-1
307,517,460,259,81,65,1,-1,-1,-1
308,517,460,259,81,65,1,-1,-1,-1
309,517,460,259,81,65,1,-1,-1,-1
310,517,460,259,81,65,1,-1,-1,-1
311,517,460,259,81,65,1,-1,-1,-1
312,517,460,259,81,65,1,-1,-1,-1
313,517,459,257,81,66,1,-1,-1,-1
314,517,459,258,81,66,1,-1,-1,-1
315,517,459,258,81,66,1,-1,-1,-1
316,517,459,257,81,66,1,-1,-1,-1
317,517,459,258,81,66,1,-1,-1,-1
318,517,459,258,81,66,1,-1,-1,-1
319,517,459,258,81,66,1,-1,-1,-1
320,517,459,258,81,66,1,-1,-1,-1
321,517,459,258,81,66,1,-1,-1,-1
322,517,459,258,81,66,1,-1,-1,-1
323,517,459,258,81,66,1,-1,-1,-1
324,517,460,258,81,65,1,-1,-1,-1
325,517,460,259,81,65,1,-1,-1,-1
326,517,460,259,81,65,1,-1,-1,-1
327,517,460,259,81,65,1,-1,-1,-1
328,517,460,259,81,65,1,-1,-1,-1
329,517,460,260,81,64,1,-1,-1,-1
330,517,460,259,81,64,1,-1,-1,-1
331,517,460,260,81,64,1,-1,-1,-1
332,517,460,260,81,64,1,-1,-1,-1
333,517,459,260,81,64,1,-1,-1,-1
334,517,459,260,81,64,1,-1,-1,-1
335,517,459,260,81,64,1,-1,-1,-1
336,517,459,260,81,64,1,-1,-1,-1
337,517,460,259,81,65,1,-1,-1,-1
338,517,460,259,81,65,1,-1,-1,-1
339,517,460,259,81,65,1,-1,-1,-1
340,517,460,259,81,65,1,-1,-1,-1
341,517,460,259,80,65,1,-1,-1,-1
342,517,460,259,80,65,1,-1,-1,-1
343,517,460,258,81,65,1,-1,-1,-1
344,517,460,258,81,65,1,-1,-1,-1
345,517,459,259,81,65,1,-1,-1,-1
346,517,459,259,81,65,1,-1,-1,-1
347,517,459,259,81,65,1,-1,-1,-1
348,517,460,259,81,65,1,-1,-1,-1
349,517,460,260,81,64,1,-1,-1,-1
350,517,460,260,81,64,1,-1,-1,-1
351,517,460,260,81,64,1,-1,-1,-1
352,517,460,260,81,64,1,-1,-1,-1
353,517,460,260,81,64,1,-1,-1,-1
354,517,460,259,81,64,1,-1,-1,-1
355,517,460,259,81,64,1,-1,-1,-1
356,517,460,259,81,64,1,-1,-1,-1
357,517,460,259,81,64,1,-1,-1,-1
358,517,460,259,81,64,1,-1,-1,-1
359,517,460,259,81,64,1,-1,-1,-1
360,517,460,259,81,64,1,-1,-1,-1
361,517,460,260,80,64,1,-1,-1,-1
362,517,460,260,80,64,1,-1,-1,-1
363,517,460,260,80,64,1,-1,-1,-1
364,517,460,260,80,64,1,-1,-1,-1
365,517,460,260,80,64,1,-1,-1,-1
366,517,460,260,80,64,1,-1,-1,-1
367,517,460,260,80,64,1,-1,-1,-1
368,517,460,260,80,64,1,-1,-1,-1
369,517,460,260,81,64,1,-1,-1,-1
370,517,460,260,81,64,1,-1,-1,-1
371,517,460,260,81,64,1,-1,-1,-1
372,517,460,260,81,64,1,-1,-1,-1
373,517,460,260,81,64,1,-1,-1,-1
374,517,460,260,81,64,1,-1,-1,-1
375,517,460,260,81,64,1,-1,-1,-1
376,517,460,260,81,64,1,-1,-1,-1
377,517,460,260,80,64,1,-1,-1,-1
378,517,460,260,80,64,1,-1,-1,-1
379,517,460,260,80,64,1,-1,-1,-1
380,517,460,260,80,64,1,-1,-1,-1
381,517,460,260,80,63,1,-1,-1,-1
382,517,460,260,80,63,1,-1,-1,-1
383,517,460,260,80,63,1,-1,-1,-1
384,517,460,260,80,63,1,-1,-1,-1
385,517,460,260,80,63,1,-1,-1,-1
386,517,460,260,80,63,1,-1,-1,-1
387,517,460,260,80,63,1,-1,-1,-1
388,517,460,260,80,63,1,-1,-1,-1
389,517,460,260,80,63,1,-1,-1,-1
390,517,460,260,80,63,1,-1,-1,-1
391,517,460,260,80,63,1,-1,-1,-1
392,517,460,260,80,63,1,-1,-1,-1
393,517,460,259,80,64,1,-1,-1,-1
394,517,460,259,80,64,1,-1,-1,-1
395,517,460,259,80,64,1,-1,-1,-1
396,517,460,259,80,64,1,-1,-1,-1
397,517,460,259,80,65,1,-1,-1,-1
398,517,460,259,80,65,1,-1,-1,-1
399,517,460,259,80,65,1,-1,-1,-1
400,517,460,259,80,65,1,-1,-1,-1
401,517,460,258,80,65,1,-1,-1,-1
402,517,460,258,80,65,1,-1,-1,-1
403,517,460,258,80,65,1,-1,-1,-1
404,517,460,258,80,65,1,-1,-1,-1
405,517,460,258,80,65,1,-1,-1,-1
406,517,460,258,80,66,1,-1,-1,-1
407,517,460,258,80,66,1,-1,-1,-1
408,517,460,258,80,66,1,-1,-1,-1
409,517,460,259,81,64,1,-1,-1,-1
410,517,460,259,80,64,1,-1,-1,-1
411,517,460,259,80,64,1,-1,-1,-1
412,517,460,259,80,65,1,-1,-1,-1
413,517,460,259,80,65,1,-1,-1,-1
414,517,460,259,80,65,1,-1,-1,-1
415,517,460,259,80,65,1,-1,-1,-1
416,517,460,259,80,64,1,-1,-1,-1
417,517,460,259,81,65,1,-1,-1,-1
418,517,460,259,81,65,1,-1,-1,-1
419,517,460,259,81,65,1,-1,-1,-1
420,517,460,259,81,65,1,-1,-1,-1
421,517,460,259,81,65,1,-1,-1,-1
422,517,460,259,81,65,1,-1,-1,-1
423,517,460,259,81,65,1,-1,-1,-1
424,517,460,258,81,65,1,-1,-1,-1
425,517,460,259,80,65,1,-1,-1,-1
426,517,460,259,80,65,1,-1,-1,-1
427,517,460,259,80,65,1,-1,-1,-1
428,517,460,259,80,65,1,-1,-1,-1
429,517,460,259,80,65,1,-1,-1,-1
430,517,460,259,80,65,1,-1,-1,-1
431,517,460,259,80,65,1,-1,-1,-1
432,517,460,259,80,65,1,-1,-1,-1
433,517,460,259,80,65,1,-1,-1,-1
434,517,460,259,80,65,1,-1,-1,-1
435,517,460,259,80,65,1,-1,-1,-1
436,517,460,259,80,65,1,-1,-1,-1
437,517,460,259,80,64,1,-1,-1,-1
438,517,460,259,80,64,1,-1,-1,-1
439,517,460,259,80,64,1,-1,-1,-1
440,517,460,259,80,64,1,-1,-1,-1
441,517,460,259,80,65,1,-1,-1,-1
442,517,460,258,80,65,1,-1,-1,-1
443,517,460,258,80,65,1,-1,-1,-1
444,517,460,258,80,66,1,-1,-1,-1
445,517,460,258,81,66,1,-1,-1,-1
446,517,460,258,81,66,1,-1,-1,-1
447,517,460,258,81,66,1,-1,-1,-1
448,517,460,259,80,65,1,-1,-1,-1
449,517,459,259,81,65,1,-1,-1,-1
450,517,459,259,81,65,1,-1,-1,-1
451,517,459,259,81,65,1,-1,-1,-1
452,517,459,259,81,65,1,-1,-1,-1
453,517,459,259,81,65,1,-1,-1,-1
454,517,459,259,81,65,1,-1,-1,-1
455,517,459,259,81,65,1,-1,-1,-1
456,517,459,259,81,65,1,-1,-1,-1
457,517,460,260,80,64,1,-1,-1,-1
458,517,460,260,80,64,1,-1,-1,-1
459,517,460,259,80,64,1,-1,-1,-1
460,517,460,259,80,64,1,-1,-1,-1
461,517,460,259,80,64,1,-1,-1,-1
462,517,460,259,80,64,1,-1,-1,-1
463,517,460,259,80,64,1,-1,-1,-1
464,517,460,259,80,64,1,-1,-1,-1
465,517,460,259,81,64,1,-1,-1,-1
466,517,460,259,81,64,1,-1,-1,-1
467,517,460,259,81,64,1,-1,-1,-1
468,517,460,259,81,64,1,-1,-1,-1
469,517,460,260,80,64,1,-1,-1,-1
470,517,460,260,80,64,1,-1,-1,-1
471,517,460,260,81,64,1,-1,-1,-1
472,517,460,260,81,64,1,-1,-1,-1
473,517,459,260,81,64,1,-1,-1,-1
474,517,460,260,81,64,1,-1,-1,-1
475,517,460,260,81,64,1,-1,-1,-1
476,517,460,260,81,64,1,-1,-1,-1
477,517,460,260,81,64,1,-1,-1,-1
478,517,460,260,81,64,1,-1,-1,-1
479,517,460,260,81,64,1,-1,-1,-1
480,517,460,260,81,64,1,-1,-1,-1
481,517,460,259,80,64,1,-1,-1,-1
482,517,460,259,80,64,1,-1,-1,-1
483,517,460,259,80,64,1,-1,-1,-1
484,517,461,259,80,64,1,-1,-1,-1
485,517,461,259,80,64,1,-1,-1,-1
486,517,461,259,80,64,1,-1,-1,-1
487,517,461,259,80,64,1,-1,-1,-1
488,517,461,260,80,64,1,-1,-1,-1
489,517,460,259,80,65,1,-1,-1,-1
490,517,460,259,80,65,1,-1,-1,-1
491,517,460,259,80,65,1,-1,-1,-1
492,517,460,259,80,64,1,-1,-1,-1
493,517,460,259,80,64,1,-1,-1,-1
494,517,460,259,80,64,1,-1,-1,-1
495,517,460,259,80,64,1,-1,-1,-1
496,517,460,259,80,64,1,-1,-1,-1
497,517,460,259,80,64,1,-1,-1,-1
498,517,460,259,80,64,1,-1,-1,-1
499,517,460,259,80,64,1,-1,-1,-1
500,517,460,259,80,64,1,-1,-1,-1
501,517,460,260,80,64,1,-1,-1,-1
502,517,460,260,80,64,1,-1,-1,-1
503,517,460,260,80,64,1,-1,-1,-1
504,517,460,260,80,64,1,-1,-1,-1
505,517,460,260,80,64,1,-1,-1,-1
506,517,460,260,81,64,1,-1,-1,-1
507,517,460,260,81,64,1,-1,-1,-1
508,517,460,260,81,64,1,-1,-1,-1
509,517,460,259,81,64,1,-1,-1,-1
510,517,460,259,81,64,1,-1,-1,-1
511,517,460,259,81,64,1,-1,-1,-1
512,517,460,259,81,64,1,-1,-1,-1
513,517,460,259,80,64,1,-1,-1,-1
514,517,460,259,80,64,1,-1,-1,-1
515,517,460,259,80,64,1,-1,-1,-1
516,517,460,259,80,64,1,-1,-1,-1
517,517,460,260,80,64,1,-1,-1,-1
518,517,460,260,80,64,1,-1,-1,-1
519,517,460,260,80,64,1,-1,-1,-1
520,517,460,260,80,64,1,-1,-1,-1
521,517,460,260,80,64,1,-1,-1,-1
522,517,460,260,80,64,1,-1,-1,-1
523,517,460,260,80,64,1,-1,-1,-1
524,517,460,260,80,64,1,-1,-1,-1
525,517,460,260,80,64,1,-1,-1,-1
526,517,460,260,80,64,1,-1,-1,-1
527,517,460,260,80,64,1,-1,-1,-1
528,517,460,260,80,64,1,-1,-1,-1
529,517,460,260,80,64,1,-1,-1,-1
530,517,460,260,80,64,1,-1,-1,-1
531,517,460,260,80,64,1,-1,-1,-1
532,517,460,260,80,64,1,-1,-1,-1
533,517,460,260,79,64,1,-1,-1,-1
534,517,460,260,79,64,1,-1,-1,-1
535,517,461,260,79,64,1,-1,-1,-1
536,517,461,260,79,64,1,-1,-1,-1
537,517,460,258,81,65,1,-1,-1,-1
538,517,460,258,80,66,1,-1,-1,-1
539,517,460,258,80,65,1,-1,-1,-1
540,517,460,258,80,65,1,-1,-1,-1
541,517,460,259,80,65,1,-1,-1,-1
542,517,460,259,80,65,1,-1,-1,-1
543,517,460,259,80,65,1,-1,-1,-1
544,517,460,259,80,65,1,-1,-1,-1
545,517,460,258,80,65,1,-1,-1,-1
546,517,460,258,80,65,1,-1,-1,-1
547,517,460,258,80,65,1,-1,-1,-1
548,517,460,258,80,65,1,-1,-1,-1
549,517,460,258,80,65,1,-1,-1,-1
550,517,460,258,80,65,1,-1,-1,-1
551,517,460,258,80,65,1,-1,-1,-1
552,517,460,258,80,66,1,-1,-1,-1
553,517,460,260,80,64,1,-1,-1,-1
554,517,460,260,80,64,1,-1,-1,-1
555,517,460,260,80,64,1,-1,-1,-1
556,517,460,260,80,64,1,-1,-1,-1
557,517,460,260,80,64,1,-1,-1,-1
558,517,460,260,80,64,1,-1,-1,-1
559,517,460,260,80,64,1,-1,-1,-1
560,517,460,260,80,64,1,-1,-1,-1
561,517,460,259,80,64,1,-1,-1,-1
562,517,460,259,80,64,1,-1,-1,-1
563,517,460,259,81,64,1,-1,-1,-1
564,517,460,259,80,64,1,-1,-1,-1
565,517,459,259,81,64,1,-1,-1,-1
566,517,459,260,81,64,1,-1,-1,-1
567,517,459,260,81,64,1,-1,-1,-1
568,517,459,260,81,64,1,-1,-1,-1
569,517,460,259,81,64,1,-1,-1,-1
570,517,460,259,81,64,1,-1,-1,-1
571,517,460,259,80,65,1,-1,-1,-1
572,517,460,259,80,65,1,-1,-1,-1
573,517,460,259,80,64,1,-1,-1,-1
574,517,460,259,80,64,1,-1,-1,-1
575,517,460,259,80,64,1,-1,-1,-1
576,517,460,259,80,65,1,-1,-1,-1
577,517,460,259,80,64,1,-1,-1,-1
578,517,460,259,81,64,1,-1,-1,-1
579,517,460,259,81,64,1,-1,-1,-1
580,517,460,259,81,64,1,-1,-1,-1
581,517,460,259,80,64,1,-1,-1,-1
582,517,460,259,80,64,1,-1,-1,-1
583,517,460,259,80,64,1,-1,-1,-1
584,517,460,259,80,64,1,-1,-1,-1
585,517,460,260,80,64,1,-1,-1,-1
586,517,460,260,80,64,1,-1,-1,-1
587,517,460,260,80,64,1,-1,-1,-1
588,517,460,259,80,64,1,-1,-1,-1
589,517,461,259,80,64,1,-1,-1,-1
590,517,461,259,80,64,1,-1,-1,-1
591,517,461,259,80,64,1,-1,-1,-1
592,517,461,259,80,64,1,-1,-1,-1
593,517,460,259,80,64,1,-1,-1,-1
594,517,460,259,80,64,1,-1,-1,-1
595,517,460,259,80,64,1,-1,-1,-1
596,517,460,259,80,64,1,-1,-1,-1
597,517,460,259,80,64,1,-1,-1,-1
598,517,460,259,80,64,1,-1,-1,-1
599,517,461,259,80,64,1,-1,-1,-1
600,517,461,259,80,64,1,-1,-1,-1
601,517,460,260,80,64,1,-1,-1,-1
602,517,460,260,80,64,1,-1,-1,-1
603,517,460,260,80,64,1,-1,-1,-1
604,517,460,260,80,64,1,-1,-1,-1
605,517,460,260,80,64,1,-1,-1,-1
606,517,460,260,80,64,1,-1,-1,-1
607,517,460,260,80,64,1,-1,-1,-1
608,517,460,260,80,64,1,-1,-1,-1
609,517,460,260,80,64,1,-1,-1,-1
610,517,460,260,80,64,1,-1,-1,-1
611,517,460,260,80,64,1,-1,-1,-1
612,517,460,260,80,64,1,-1,-1,-1
613,517,461,259,79,64,1,-1,-1,-1
614,517,461,259,79,64,1,-1,-1,-1
615,517,461,259,79,64,1,-1,-1,-1
616,517,461,259,79,64,1,-1,-1,-1
617,517,460,259,80,65,1,-1,-1,-1
618,517,460,259,80,65,1,-1,-1,-1
619,517,460,259,80,65,1,-1,-1,-1
620,517,460,259,80,64,1,-1,-1,-1
621,517,460,259,80,64,1,-1,-1,-1
622,517,460,259,80,64,1,-1,-1,-1
623,517,460,259,80,65,1,-1,-1,-1
624,517,460,259,80,65,1,-1,-1,-1
625,517,460,258,80,66,1,-1,-1,-1
626,517,460,258,80,65,1,-1,-1,-1
627,517,460,258,80,66,1,-1,-1,-1
628,517,460,258,80,66,1,-1,-1,-1
629,517,460,258,80,66,1,-1,-1,-1
630,517,460,258,80,66,1,-1,-1,-1
631,517,460,258,80,66,1,-1,-1,-1
632,517,460,258,80,66,1,-1,-1,-1
633,517,460,257,80,66,1,-1,-1,-1
634,517,460,257,80,66,1,-1,-1,-1
635,517,460,257,80,66,1,-1,-1,-1
636,517,460,257,80,66,1,-1,-1,-1
637,517,460,258,80,66,1,-1,-1,-1
638,517,460,258,80,65,1,-1,-1,-1
639,517,460,258,80,65,1,-1,-1,-1
640,517,460,259,80,65,1,-1,-1,-1
641,517,462,259,78,65,1,-1,-1,-1
642,517,462,259,79,65,1,-1,-1,-1
643,517,462,259,79,65,1,-1,-1,-1
644,517,461,258,79,65,1,-1,-1,-1
645,517,461,258,79,65,1,-1,-1,-1
646,517,461,258,79,65,1,-1,-1,-1
647,517,461,258,79,65,1,-1,-1,-1
648,517,461,258,79,65,1,-1,-1,-1
649,517,460,259,81,65,1,-1,-1,-1
650,517,460,259,81,65,1,-1,-1,-1
651,517,460,259,81,65,1,-1,-1,-1
652,517,460,259,81,65,1,-1,-1,-1
653,517,460,259,81,65,1,-1,-1,-1
654,517,460,259,81,65,1,-1,-1,-1
655,517,460,259,81,65,1,-1,-1,-1
656,517,460,259,81,65,1,-1,-1,-1
657,517,460,259,80,64,1,-1,-1,-1
658,517,460,259,80,64,1,-1,-1,-1
659,517,460,259,80,64,1,-1,-1,-1
660,517,460,259,80,64,1,-1,-1,-1
661,517,460,260,80,64,1,-1,-1,-1
662,517,460,260,80,64,1,-1,-1,-1
663,517,460,260,80,64,1,-1,-1,-1
664,517,460,259,80,64,1,-1,-1,-1
665,517,460,260,80,64,1,-1,-1,-1
666,517,460,260,80,64,1,-1,-1,-1
667,517,460,260,80,64,1,-1,-1,-1
668,517,460,260,80,64,1,-1,-1,-1
669,517,460,259,81,64,1,-1,-1,-1
670,517,460,259,81,65,1,-1,-1,-1
671,517,460,259,81,64,1,-1,-1,-1
672,517,460,259,81,64,1,-1,-1,-1
673,517,460,259,80,64,1,-1,-1,-1
674,517,460,259,80,64,1,-1,-1,-1
675,517,460,259,80,64,1,-1,-1,-1
676,517,460,259,80,64,1,-1,-1,-1
677,517,460,259,80,64,1,-1,-1,-1
678,517,461,259,79,64,1,-1,-1,-1
679,517,461,259,79,64,1,-1,-1,-1
680,517,461,259,79,64,1,-1,-1,-1
681,517,461,259,80,64,1,-1,-1,-1
682,517,461,259,80,64,1,-1,-1,-1
683,517,461,259,80,64,1,-1,-1,-1
684,517,461,259,80,64,1,-1,-1,-1
685,517,462,259,79,65,1,-1,-1,-1
686,517,462,259,79,65,1,-1,-1,-1
687,517,462,259,79,65,1,-1,-1,-1
688,517,462,259,79,65,1,-1,-1,-1
689,517,461,260,79,64,1,-1,-1,-1
690,517,461,260,79,64,1,-1,-1,-1
691,517,461,260,79,64,1,-1,-1,-1
692,517,461,260,79,64,1,-1,-1,-1
693,517,461,259,79,64,1,-1,-1,-1
694,517,461,259,79,64,1,-1,-1,-1
695,517,461,260,79,64,1,-1,-1,-1
696,517,461,260,79,64,1,-1,-1,-1
697,517,460,259,80,64,1,-1,-1,-1
698,517,460,259,80,64,1,-1,-1,-1
699,517,460,259,80,64,1,-1,-1,-1
700,517,460,259,80,64,1,-1,-1,-1
701,517,460,259,80,64,1,-1,-1,-1
702,517,460,259,80,64,1,-1,-1,-1
703,517,460,259,80,64,1,-1,-1,-1
704,517,460,259,80,64,1,-1,-1,-1
705,517,461,259,80,65,1,-1,-1,-1
706,517,461,259,80,65,1,-1,-1,-1
707,517,461,259,80,65,1,-1,-1,-1
708,517,461,258,80,65,1,-1,-1,-1
709,517,460,259,80,65,1,-1,-1,-1
710,517,460,259,80,65,1,-1,-1,-1
711,517,461,259,79,65,1,-1,-1,-1
712,517,461,259,79,65,1,-1,-1,-1
713,517,460,259,81,65,1,-1,-1,-1
714,517,460,259,81,65,1,-1,-1,-1
715,517,460,259,81,65,1,-1,-1,-1
716,517,460,259,81,65,1,-1,-1,-1
717,517,460,259,81,65,1,-1,-1,-1
718,517,460,259,81,65,1,-1,-1,-1
719,517,460,259,81,65,1,-1,-1,-1
720,517,460,259,81,65,1,-1,-1,-1
721,517,461,260,79,64,1,-1,-1,-1
722,517,461,260,79,64,1,-1,-1,-1
723,517,461,259,79,64,1,-1,-1,-1
724,517,461,259,79,64,1,-1,-1,-1
725,517,461,259,79,64,1,-1,-1,-1
726,517,461,259,80,64,1,-1,-1,-1
727,517,460,259,80,64,1,-1,-1,-1
728,517,460,259,80,64,1,-1,-1,-1
729,517,460,259,80,64,1,-1,-1,-1
730,517,460,259,80,64,1,-1,-1,-1
731,517,460,259,80,64,1,-1,-1,-1
732,517,460,259,80,64,1,-1,-1,-1
733,517,460,260,80,64,1,-1,-1,-1
734,517,460,260,80,64,1,-1,-1,-1
735,517,460,260,80,64,1,-1,-1,-1
736,517,460,260,80,64,1,-1,-1,-1
737,517,460,260,80,64,1,-1,-1,-1
738,517,460,260,80,64,1,-1,-1,-1
739,517,460,260,80,64,1,-1,-1,-1
740,517,460,260,80,64,1,-1,-1,-1
741,517,460,260,80,64,1,-1,-1,-1
742,517,460,260,80,64,1,-1,-1,-1
743,517,460,260,80,64,1,-1,-1,-1
744,517,460,260,80,64,1,-1,-1,-1
745,517,460,257,81,66,1,-1,-1,-1
746,517,460,257,81,66,1,-1,-1,-1
747,517,460,257,81,66,1,-1,-1,-1
748,517,460,257,81,66,1,-1,-1,-1
749,517,460,257,81,66,1,-1,-1,-1
750,517,460,257,81,66,1,-1,-1,-1
751,517,460,259,80,65,1,-1,-1,-1
752,517,460,259,80,65,1,-1,-1,-1
753,517,460,259,80,65,1,-1,-1,-1
754,517,460,259,80,65,1,-1,-1,-1
755,517,460,259,80,65,1,-1,-1,-1
756,517,460,259,80,65,1,-1,-1,-1
757,517,460,257,81,67,1,-1,-1,-1
758,517,460,257,81,67,1,-1,-1,-1
759,517,460,257,81,67,1,-1,-1,-1
760,517,460,257,81,67,1,-1,-1,-1
761,517,460,258,81,65,1,-1,-1,-1
762,517,460,259,81,65,1,-1,-1,-1
763,517,460,259,81,65,1,-1,-1,-1
764,517,460,259,80,65,1,-1,-1,-1
765,517,460,259,81,65,1,-1,-1,-1
766,517,460,259,80,65,1,-1,-1,-1
767,517,460,259,80,65,1,-1,-1,-1
768,517,460,259,80,65,1,-1,-1,-1
769,517,460,259,81,64,1,-1,-1,-1
770,517,460,259,80,64,1,-1,-1,-1
771,517,460,259,80,64,1,-1,-1,-1
772,517,459,258,80,55,1,-1,-1,-1
773,517,458,259,81,48,1,-1,-1,-1
774,517,460,259,80,39,1,-1,-1,-1
775,517,459,259,81,44,1,-1,-1,-1
776,517,463,259,78,56,1,-1,-1,-1
777,517,463,259,76,63,1,-1,-1,-1
778,517,461,259,79,63,1,-1,-1,-1
779,517,462,259,78,63,1,-1,-1,-1
780,517,459,259,82,63,1,-1,-1,-1
781,517,460,260,81,64,1,-1,-1,-1
782,517,460,260,81,63,1,-1,-1,-1
783,517,459,260,81,63,1,-1,-1,-1
784,517,459,260,81,64,1,-1,-1,-1
785,517,460,259,80,65,1,-1,-1,-1
786,517,461,259,80,65,1,-1,-1,-1
787,517,460,259,80,64,1,-1,-1,-1
788,517,460,259,80,64,1,-1,-1,-1
789,517,460,259,80,64,1,-1,-1,-1
790,517,461,259,80,64,1,-1,-1,-1
791,517,460,259,80,64,1,-1,-1,-1
792,517,460,259,80,64,1,-1,-1,-1
793,517,460,258,80,65,1,-1,-1,-1
794,517,460,258,80,65,1,-1,-1,-1
795,517,460,259,80,65,1,-1,-1,-1
796,517,460,258,80,65,1,-1,-1,-1
797,517,460,258,80,65,1,-1,-1,-1
798,517,460,259,80,65,1,-1,-1,-1
799,517,460,259,80,65,1,-1,-1,-1
800,517,460,259,81,65,1,-1,-1,-1
801,517,460,258,80,66,1,-1,-1,-1
802,517,460,258,80,66,1,-1,-1,-1
803,517,460,257,80,66,1,-1,-1,-1
804,517,460,257,80,66,1,-1,-1,-1
805,517,460,259,81,65,1,-1,-1,-1
806,517,460,259,81,65,1,-1,-1,-1
807,517,460,259,81,65,1,-1,-1,-1
808,517,460,259,81,65,1,-1,-1,-1
809,517,460,259,80,64,1,-1,-1,-1
810,517,460,259,80,64,1,-1,-1,-1
811,517,460,259,80,64,1,-1,-1,-1
812,517,460,259,80,64,1,-1,-1,-1
813,517,460,259,80,64,1,-1,-1,-1
814,517,460,259,80,65,1,-1,-1,-1
815,517,460,259,80,65,1,-1,-1,-1
816,517,460,259,81,65,1,-1,-1,-1
817,517,460,259,80,64,1,-1,-1,-1
818,517,460,259,80,64,1,-1,-1,-1
819,517,460,259,80,64,1,-1,-1,-1
820,517,459,259,81,64,1,-1,-1,-1
821,517,458,259,82,63,1,-1,-1,-1
822,517,461,258,79,64,1,-1,-1,-1
823,517,462,258,77,64,1,-1,-1,-1
824,517,464,258,75,64,1,-1,-1,-1
825,517,467,258,73,64,1,-1,-1,-1
826,517,467,258,72,64,1,-1,-1,-1
827,517,466,257,74,64,1,-1,-1,-1
828,517,466,258,74,63,1,-1,-1,-1
829,517,466,258,74,60,1,-1,-1,-1
830,517,467,258,74,46,1,-1,-1,-1
831,517,466,258,74,45,1,-1,-1,-1
832,517,465,258,75,43,1,-1,-1,-1
833,517,463,258,77,42,1,-1,-1,-1
834,517,463,258,78,42,1,-1,-1,-1
835,517,462,258,78,39,1,-1,-1,-1
836,517,462,258,78,38,1,-1,-1,-1
837,517,460,257,80,38,1,-1,-1,-1
838,517,460,257,80,39,1,-1,-1,-1
839,517,460,258,80,39,1,-1,-1,-1
840,517,460,257,80,39,1,-1,-1,-1
841,517,462,256,78,39,1,-1,-1,-1
842,517,461,256,79,39,1,-1,-1,-1
843,517,461,256,79,42,1,-1,-1,-1
844,517,462,257,78,44,1,-1,-1,-1
845,517,463,257,77,45,1,-1,-1,-1
846,517,465,256,76,47,1,-1,-1,-1
847,517,465,256,76,51,1,-1,-1,-1
848,517,466,256,75,64,1,-1,-1,-1
849,517,463,258,77,64,1,-1,-1,-1
850,517,463,258,77,64,1,-1,-1,-1
851,517,463,258,77,64,1,-1,-1,-1
852,517,463,258,77,64,1,-1,-1,-1
853,517,465,259,76,63,1,-1,-1,-1
854,517,464,259,76,63,1,-1,-1,-1
855,517,465,259,76,63,1,-1,-1,-1
856,517,462,259,78,63,1,-1,-1,-1
857,517,461,259,79,63,1,-1,-1,-1
858,517,460,259,80,63,1,-1,-1,-1
859,517,460,259,80,63,1,-1,-1,-1
860,517,459,259,81,63,1,-1,-1,-1
861,517,459,259,81,64,1,-1,-1,-1
862,517,460,259,80,64,1,-1,-1,-1
863,517,460,259,81,64,1,-1,-1,-1
864,517,460,259,81,64,1,-1,-1,-1
865,517,459,257,81,65,1,-1,-1,-1
866,517,459,257,81,65,1,-1,-1,-1
867,517,458,257,82,65,1,-1,-1,-1
868,517,458,258,82,63,1,-1,-1,-1
869,517,458,258,82,64,1,-1,-1,-1
870,517,458,257,83,65,1,-1,-1,-1
871,517,458,257,82,65,1,-1,-1,-1
872,517,458,257,82,65,1,-1,-1,-1
873,517,459,258,82,64,1,-1,-1,-1
874,517,459,258,81,63,1,-1,-1,-1
875,517,459,258,81,63,1,-1,-1,-1
876,517,459,258,81,65,1,-1,-1,-1
877,517,459,259,81,65,1,-1,-1,-1
878,517,459,259,81,65,1,-1,-1,-1
879,517,459,259,81,64,1,-1,-1,-1
880,517,459,259,81,65,1,-1,-1,-1
881,517,460,259,81,64,1,-1,-1,-1
882,517,460,259,80,64,1,-1,-1,-1
883,517,460,259,80,64,1,-1,-1,-1
884,517,460,259,81,65,1,-1,-1,-1
885,517,460,259,80,65,1,-1,-1,-1
886,517,460,259,80,65,1,-1,-1,-1
887,517,460,259,80,65,1,-1,-1,-1
888,517,460,259,80,65,1,-1,-1,-1
889,517,460,259,80,64,1,-1,-1,-1
890,517,460,259,80,65,1,-1,-1,-1
891,517,460,259,80,65,1,-1,-1,-1
892,517,460,259,80,65,1,-1,-1,-1
893,517,460,259,80,64,1,-1,-1,-1
894,517,460,259,80,64,1,-1,-1,-1
895,517,460,259,80,64,1,-1,-1,-1
896,517,460,259,80,64,1,-1,-1,-1
897,517,460,259,80,65,1,-1,-1,-1
898,517,460,259,80,65,1,-1,-1,-1
899,517,460,259,80,64,1,-1,-1,-1
900,517,460,259,80,64,1,-1,-1,-1
901,517,460,259,81,64,1,-1,-1,-1
902,517,460,259,81,64,1,-1,-1,-1
903,517,460,259,81,64,1,-1,-1,-1
904,517,460,259,81,64,1,-1,-1,-1
905,517,460,259,80,65,1,-1,-1,-1
906,517,460,259,80,65,1,-1,-1,-1
907,517,460,259,80,65,1,-1,-1,-1
908,517,460,259,81,64,1,-1,-1,-1
909,517,460,259,81,64,1,-1,-1,-1
910,517,460,259,81,65,1,-1,-1,-1
911,517,460,259,80,65,1,-1,-1,-1
912,517,460,259,80,65,1,-1,-1,-1
913,517,460,258,80,65,1,-1,-1,-1
914,517,460,259,80,65,1,-1,-1,-1
915,517,460,259,80,65,1,-1,-1,-1
916,517,460,259,80,65,1,-1,-1,-1
917,517,460,259,80,65,1,-1,-1,-1
918,517,460,259,80,65,1,-1,-1,-1
919,517,460,259,80,65,1,-1,-1,-1
920,517,460,259,80,65,1,-1,-1,-1
921,517,460,259,80,65,1,-1,-1,-1
922,517,460,259,80,65,1,-1,-1,-1
923,517,460,259,80,65,1,-1,-1,-1
924,517,460,259,80,65,1,-1,-1,-1
925,517,461,259,79,65,1,-1,-1,-1
926,517,461,259,79,65,1,-1,-1,-1
927,517,461,259,80,65,1,-1,-1,-1
928,517,461,259,79,65,1,-1,-1,-1
929,517,460,258,80,66,1,-1,-1,-1
930,517,460,257,80,66,1,-1,-1,-1
931,517,460,258,80,66,1,-1,-1,-1
932,517,460,258,80,66,1,-1,-1,-1
933,517,460,257,80,66,1,-1,-1,-1
934,517,460,257,80,66,1,-1,-1,-1
935,517,460,257,80,66,1,-1,-1,-1
936,517,460,257,80,67,1,-1,-1,-1
937,517,460,256,80,68,1,-1,-1,-1
938,517,460,256,80,68,1,-1,-1,-1
939,517,460,256,80,68,1,-1,-1,-1
940,517,460,255,80,68,1,-1,-1,-1
941,517,460,255,80,68,1,-1,-1,-1
942,517,460,255,80,68,1,-1,-1,-1
943,517,460,255,80,68,1,-1,-1,-1
944,517,460,255,80,68,1,-1,-1,-1
945,517,462,257,78,67,1,-1,-1,-1
946,517,462,256,78,67,1,-1,-1,-1
947,517,462,256,78,67,1,-1,-1,-1
948,517,462,257,78,67,1,-1,-1,-1
949,517,461,258,79,66,1,-1,-1,-1
950,517,461,258,79,66,1,-1,-1,-1
951,517,461,258,79,66,1,-1,-1,-1
952,517,461,258,79,66,1,-1,-1,-1
953,517,460,258,80,66,1,-1,-1,-1
954,517,460,258,80,66,1,-1,-1,-1
955,517,460,258,80,66,1,-1,-1,-1
956,517,460,258,80,66,1,-1,-1,-1
957,517,460,258,80,65,1,-1,-1,-1
958,517,460,259,80,65,1,-1,-1,-1
959,517,460,259,80,65,1,-1,-1,-1
960,517,460,259,80,65,1,-1,-1,-1
961,517,460,259,80,65,1,-1,-1,-1
962,517,460,259,80,65,1,-1,-1,-1
963,517,460,259,80,65,1,-1,-1,-1
964,517,460,258,80,65,1,-1,-1,-1
965,517,460,258,80,65,1,-1,-1,-1
966,517,460,259,80,65,1,-1,-1,-1
967,517,460,259,80,65,1,-1,-1,-1
968,517,460,259,80,65,1,-1,-1,-1
969,517,461,259,79,65,1,-1,-1,-1
970,517,461,259,79,65,1,-1,-1,-1
971,517,461,259,79,65,1,-1,-1,-1
972,517,461,259,79,65,1,-1,-1,-1
973,517,461,259,79,64,1,-1,-1,-1
974,517,461,259,79,65,1,-1,-1,-1
975,517,461,259,79,65,1,-1,-1,-1
976,517,461,259,79,64,1,-1,-1,-1
977,517,461,259,79,65,1,-1,-1,-1
978,517,461,259,79,64,1,-1,-1,-1
979,517,461,259,79,64,1,-1,-1,-1
980,517,461,259,79,64,1,-1,-1,-1
981,517,460,259,80,65,1,-1,-1,-1
982,517,460,259,80,65,1,-1,-1,-1
983,517,460,259,79,65,1,-1,-1,-1
984,517,460,259,79,65,1,-1,-1,-1
985,517,460,259,80,65,1,-1,-1,-1
986,517,460,259,80,65,1,-1,-1,-1
987,517,460,259,80,64,1,-1,-1,-1
988,517,460,259,80,64,1,-1,-1,-1
989,517,460,259,80,64,1,-1,-1,-1
990,517,460,259,80,64,1,-1,-1,-1
991,517,460,259,80,64,1,-1,-1,-1
992,517,460,259,80,64,1,-1,-1,-1
993,517,462,259,79,65,1,-1,-1,-1
994,517,462,259,79,64,1,-1,-1,-1
995,517,462,259,79,64,1,-1,-1,-1
996,517,462,259,79,64,1,-1,-1,-1
997,517,461,260,80,64,1,-1,-1,-1
998,517,461,260,80,64,1,-1,-1,-1
999,517,461,260,80,64,1,-1,-1,-1
1000,517,461,260,80,64,1,-1,-1,-1
1001,517,461,259,80,64,1,-1,-1,-1
1002,517,461,259,80,64,1,-1,-1,-1
1003,517,461,259,80,64,1,-1,-1,-1
1004,517,461,259,80,64,1,-1,-1,-1
1005,517,460,259,80,64,1,-1,-1,-1
1006,517,461,259,80,64,1,-1,-1,-1
1007,517,461,259,80,64,1,-1,-1,-1
1008,517,461,259,80,64,1,-1,-1,-1
1009,517,460,260,80,64,1,-1,-1,-1
1010,517,460,260,80,64,1,-1,-1,-1
1011,517,460,260,80,64,1,-1,-1,-1
1012,517,460,260,80,64,1,-1,-1,-1
1013,517,460,260,80,64,1,-1,-1,-1
1014,517,460,260,80,64,1,-1,-1,-1
1015,517,460,260,80,64,1,-1,-1,-1
1016,517,460,260,80,64,1,-1,-1,-1
1017,517,461,259,79,64,1,-1,-1,-1
1018,517,461,260,79,64,1,-1,-1,-1
1019,517,461,260,79,64,1,-1,-1,-1
1020,517,461,259,79,64,1,-1,-1,-1
1021,517,461,259,79,64,1,-1,-1,-1
1022,517,461,259,79,64,1,-1,-1,-1
1023,517,460,259,80,64,1,-1,-1,-1
1024,517,460,259,80,64,1,-1,-1,-1
1025,517,461,259,79,65,1,-1,-1,-1
1026,517,460,259,80,65,1,-1,-1,-1
1027,517,461,259,79,65,1,-1,-1,-1
1028,517,461,259,79,65,1,-1,-1,-1
1029,517,461,259,79,65,1,-1,-1,-1
1030,517,460,259,80,65,1,-1,-1,-1
1031,517,461,259,79,65,1,-1,-1,-1
1032,517,461,259,79,65,1,-1,-1,-1
1033,517,462,260,78,64,1,-1,-1,-1
1034,517,462,260,78,63,1,-1,-1,-1
1035,517,462,260,78,63,1,-1,-1,-1
1036,517,462,260,78,63,1,-1,-1,-1
1037,517,462,260,78,63,1,-1,-1,-1
1038,517,462,260,79,63,1,-1,-1,-1
1039,517,462,260,78,63,1,-1,-1,-1
1040,517,462,260,79,63,1,-1,-1,-1
1041,517,461,260,79,64,1,-1,-1,-1
1042,517,461,260,79,64,1,-1,-1,-1
1043,517,461,260,80,64,1,-1,-1,-1
1044,517,460,260,80,64,1,-1,-1,-1
1045,517,460,259,80,64,1,-1,-1,-1
1046,517,460,259,80,64,1,-1,-1,-1
1047,517,460,259,80,64,1,-1,-1,-1
1048,517,460,259,80,64,1,-1,-1,-1
1049,517,462,259,78,65,1,-1,-1,-1
1050,517,462,259,78,65,1,-1,-1,-1
1051,517,461,258,79,65,1,-1,-1,-1
1052,517,461,259,79,65,1,-1,-1,-1
1053,517,461,259,79,65,1,-1,-1,-1
1054,517,462,259,78,65,1,-1,-1,-1
1055,517,462,259,78,65,1,-1,-1,-1
1056,517,462,259,78,65,1,-1,-1,-1
1057,517,462,259,78,65,1,-1,-1,-1
1058,517,462,259,78,65,1,-1,-1,-1
1059,517,462,259,78,65,1,-1,-1,-1
1060,517,462,259,79,65,1,-1,-1,-1
1061,517,462,259,79,65,1,-1,-1,-1
1062,517,462,259,79,65,1,-1,-1,-1
1063,517,462,259,79,65,1,-1,-1,-1
1064,517,462,259,79,65,1,-1,-1,-1
1065,517,460,259,81,64,1,-1,-1,-1
1066,517,460,259,81,64,1,-1,-1,-1
1067,517,460,259,80,64,1,-1,-1,-1
1068,517,460,259,80,64,1,-1,-1,-1
1069,517,460,259,82,65,1,-1,-1,-1
1070,517,460,259,82,65,1,-1,-1,-1
1071,517,460,259,82,65,1,-1,-1,-1
1072,517,460,259,82,65,1,-1,-1,-1
1073,517,461,260,79,64,1,-1,-1,-1
1074,517,461,259,79,64,1,-1,-1,-1
1075,517,461,260,79,64,1,-1,-1,-1
1076,517,461,260,79,64,1,-1,-1,-1
1077,517,461,260,79,64,1,-1,-1,-1
1078,517,461,259,79,64,1,-1,-1,-1
1079,517,461,259,79,64,1,-1,-1,-1
1080,517,461,259,79,64,1,-1,-1,-1
1081,517,460,259,81,64,1,-1,-1,-1
1082,517,460,259,81,64,1,-1,-1,-1
1083,517,460,260,81,64,1,-1,-1,-1
1084,517,460,260,81,64,1,-1,-1,-1
1085,517,460,259,81,64,1,-1,-1,-1
1086,517,460,259,81,64,1,-1,-1,-1
1087,517,460,259,81,64,1,-1,-1,-1
1088,517,460,259,81,64,1,-1,-1,-1
1089,517,461,259,79,64,1,-1,-1,-1
1090,517,461,260,79,64,1,-1,-1,-1
1091,517,461,259,79,64,1,-1,-1,-1
1092,517,461,259,79,64,1,-1,-1,-1
1093,517,461,260,79,64,1,-1,-1,-1
1094,517,461,260,79,64,1,-1,-1,-1
1095,517,461,260,79,64,1,-1,-1,-1
1096,517,461,260,79,64,1,-1,-1,-1
1097,517,460,260,80,64,1,-1,-1,-1
1098,517,460,260,80,64,1,-1,-1,-1
1099,517,460,260,80,64,1,-1,-1,-1
1100,517,460,260,80,64,1,-1,-1,-1
1101,517,460,259,80,64,1,-1,-1,-1
1102,517,460,260,80,64,1,-1,-1,-1
1103,517,460,260,80,64,1,-1,-1,-1
1104,517,460,260,80,64,1,-1,-1,-1
1105,517,460,259,80,65,1,-1,-1,-1
1106,517,460,259,80,65,1,-1,-1,-1
1107,517,460,259,80,65,1,-1,-1,-1
1108,517,460,259,80,65,1,-1,-1,-1
1109,517,460,259,81,65,1,-1,-1,-1
1110,517,460,259,81,64,1,-1,-1,-1
1111,517,460,259,81,65,1,-1,-1,-1
1112,517,460,259,81,65,1,-1,-1,-1
1113,517,461,259,79,65,1,-1,-1,-1
1114,517,461,259,79,65,1,-1,-1,-1
1115,517,461,259,79,65,1,-1,-1,-1
1116,517,461,259,79,65,1,-1,-1,-1
1117,517,460,259,80,64,1,-1,-1,-1
1118,517,460,260,80,64,1,-1,-1,-1
1119,517,460,260,80,64,1,-1,-1,-1
1120,517,460,260,80,64,1,-1,-1,-1
1121,517,460,260,80,64,1,-1,-1,-1
1122,517,460,260,80,64,1,-1,-1,-1
1123,517,461,259,80,64,1,-1,-1,-1
1124,517,460,259,80,64,1,-1,-1,-1
1125,517,460,259,81,65,1,-1,-1,-1
1126,517,460,259,80,65,1,-1,-1,-1
1127,517,460,259,80,64,1,-1,-1,-1
1128,517,460,260,80,64,1,-1,-1,-1
1129,517,460,260,81,64,1,-1,-1,-1
1130,517,460,260,80,64,1,-1,-1,-1
1131,517,460,260,80,64,1,-1,-1,-1
1132,517,460,260,80,64,1,-1,-1,-1
1133,517,460,260,80,64,1,-1,-1,-1
1134,517,460,260,80,64,1,-1,-1,-1
1135,517,460,260,80,64,1,-1,-1,-1
1136,517,460,260,80,64,1,-1,-1,-1
1137,517,460,260,80,64,1,-1,-1,-1
1138,517,460,260,80,64,1,-1,-1,-1
1139,517,460,260,80,64,1,-1,-1,-1
1140,517,461,260,80,64,1,-1,-1,-1
1141,517,460,260,80,64,1,-1,-1,-1
1142,517,460,260,80,64,1,-1,-1,-1
1143,517,460,260,80,64,1,-1,-1,-1
1144,517,460,260,80,64,1,-1,-1,-1
1145,517,459,260,81,64,1,-1,-1,-1
1146,517,459,260,81,64,1,-1,-1,-1
1147,517,459,260,81,64,1,-1,-1,-1
1148,517,459,260,81,64,1,-1,-1,-1
1149,517,459,260,81,64,1,-1,-1,-1
1150,517,459,260,81,64,1,-1,-1,-1
1151,517,459,260,81,64,1,-1,-1,-1
1152,517,459,260,81,64,1,-1,-1,-1
1153,517,460,260,80,64,1,-1,-1,-1
1154,517,460,260,80,64,1,-1,-1,-1
1155,517,460,260,80,64,1,-1,-1,-1
1156,517,460,260,80,64,1,-1,-1,-1
1157,517,460,260,80,64,1,-1,-1,-1
1158,517,460,260,80,64,1,-1,-1,-1
1159,517,460,260,80,64,1,-1,-1,-1
1160,517,460,260,80,64,1,-1,-1,-1
1161,517,460,260,80,63,1,-1,-1,-1
1162,517,460,260,80,63,1,-1,-1,-1
1163,517,460,260,80,63,1,-1,-1,-1
1164,517,460,260,80,63,1,-1,-1,-1
1165,517,460,260,80,64,1,-1,-1,-1
1166,517,460,260,80,64,1,-1,-1,-1
1167,517,460,260,80,64,1,-1,-1,-1
1168,517,460,260,80,64,1,-1,-1,-1
1169,517,460,259,81,64,1,-1,-1,-1
1170,517,460,259,81,64,1,-1,-1,-1
1171,517,460,259,81,64,1,-1,-1,-1
1172,517,460,259,81,64,1,-1,-1,-1
1173,517,460,259,81,64,1,-1,-1,-1
1174,517,460,260,81,64,1,-1,-1,-1
1175,517,460,260,81,64,1,-1,-1,-1
1176,517,460,260,81,64,1,-1,-1,-1
1177,517,460,260,81,64,1,-1,-1,-1
1178,517,460,260,81,64,1,-1,-1,-1
1179,517,460,260,81,64,1,-1,-1,-1
1180,517,460,260,81,64,1,-1,-1,-1
1181,517,460,260,81,64,1,-1,-1,-1
1182,517,460,260,81,64,1,-1,-1,-1
1183,517,460,260,81,64,1,-1,-1,-1
1184,517,460,260,81,64,1,-1,-1,-1
1185,517,460,260,80,63,1,-1,-1,-1
1186,517,460,260,80,63,1,-1,-1,-1
1187,517,460,260,80,63,1,-1,-1,-1
1188,517,460,260,80,63,1,-1,-1,-1
1189,517,460,260,80,64,1,-1,-1,-1
1190,517,460,260,80,64,1,-1,-1,-1
1191,517,460,260,80,64,1,-1,-1,-1
1192,517,460,260,80,64,1,-1,-1,-1
1193,517,460,260,81,63,1,-1,-1,-1
1194,517,460,260,80,63,1,-1,-1,-1
1195,517,460,260,81,63,1,-1,-1,-1
1196,517,460,260,81,63,1,-1,-1,-1
1197,517,460,260,81,63,1,-1,-1,-1
1198,517,460,260,81,63,1,-1,-1,-1
1199,517,460,260,81,63,1,-1,-1,-1
1200,517,460,260,81,63,1,-1,-1,-1
1201,517,460,259,80,64,1,-1,-1,-1
1202,517,460,259,80,64,1,-1,-1,-1
1203,517,460,259,80,64,1,-1,-1,-1
1204,517,460,259,80,64,1,-1,-1,-1
1205,517,460,259,80,64,1,-1,-1,-1
1206,517,460,259,80,64,1,-1,-1,-1
1207,517,460,259,80,64,1,-1,-1,-1
1208,517,460,259,80,64,1,-1,-1,-1
1209,517,460,260,80,64,1,-1,-1,-1
1210,517,460,260,80,64,1,-1,-1,-1
1211,517,460,260,80,64,1,-1,-1,-1
1212,517,460,260,80,64,1,-1,-1,-1
1213,517,460,259,80,65,1,-1,-1,-1
1214,517,460,259,80,65,1,-1,-1,-1
1215,517,460,259,80,65,1,-1,-1,-1
1216,517,460,259,80,65,1,-1,-1,-1
1217,517,460,259,81,64,1,-1,-1,-1
1218,517,460,259,81,64,1,-1,-1,-1
1219,517,460,259,81,64,1,-1,-1,-1
1220,517,460,259,81,64,1,-1,-1,-1
1221,517,460,259,81,64,1,-1,-1,-1
1222,517,460,259,81,64,1,-1,-1,-1
1223,517,460,259,81,64,1,-1,-1,-1
1224,517,460,259,81,64,1,-1,-1,-1
1225,517,460,260,81,64,1,-1,-1,-1
1226,517,460,260,81,64,1,-1,-1,-1
1227,517,460,260,81,64,1,-1,-1,-1
1228,517,460,260,81,64,1,-1,-1,-1
1229,517,460,260,81,64,1,-1,-1,-1
1230,517,459,260,81,64,1,-1,-1,-1
1231,517,459,260,81,64,1,-1,-1,-1
1232,517,459,260,81,64,1,-1,-1,-1
1233,517,459,260,81,64,1,-1,-1,-1
1234,517,459,260,81,64,1,-1,-1,-1
1235,517,460,260,81,64,1,-1,-1,-1
1236,517,460,260,81,64,1,-1,-1,-1
1237,517,460,260,80,64,1,-1,-1,-1
1238,517,460,260,80,64,1,-1,-1,-1
1239,517,460,260,80,64,1,-1,-1,-1
1240,517,460,260,80,64,1,-1,-1,-1
1241,517,460,260,80,64,1,-1,-1,-1
1242,517,460,260,80,64,1,-1,-1,-1
1243,517,460,260,80,64,1,-1,-1,-1
1244,517,460,260,80,64,1,-1,-1,-1
1245,517,460,260,80,64,1,-1,-1,-1
1246,517,460,260,80,64,1,-1,-1,-1
1247,517,460,260,80,64,1,-1,-1,-1
1248,517,460,260,80,64,1,-1,-1,-1
1249,517,460,259,81,65,1,-1,-1,-1
1250,517,460,259,81,65,1,-1,-1,-1
1251,517,460,260,80,64,1,-1,-1,-1
1252,517,460,260,80,64,1,-1,-1,-1
1253,517,460,260,80,64,1,-1,-1,-1
1254,517,460,260,80,64,1,-1,-1,-1
1255,517,460,260,80,64,1,-1,-1,-1
1256,517,460,260,80,64,1,-1,-1,-1
1257,517,460,260,80,64,1,-1,-1,-1
1258,517,460,260,80,64,1,-1,-1,-1
1259,517,460,260,80,64,1,-1,-1,-1
1260,517,460,260,80,64,1,-1,-1,-1
1261,517,460,260,80,64,1,-1,-1,-1
1262,517,460,260,80,64,1,-1,-1,-1
1263,517,460,260,80,64,1,-1,-1,-1
1264,517,460,260,80,64,1,-1,-1,-1
1265,517,460,260,81,64,1,-1,-1,-1
1266,517,460,260,81,64,1,-1,-1,-1
1267,517,460,260,81,64,1,-1,-1,-1
1268,517,460,260,81,64,1,-1,-1,-1
1269,517,460,260,81,64,1,-1,-1,-1
1270,517,460,260,80,64,1,-1,-1,-1
1271,517,460,260,80,64,1,-1,-1,-1
1272,517,460,260,80,64,1,-1,-1,-1
1273,517,460,260,81,64,1,-1,-1,-1
1274,517,460,260,81,64,1,-1,-1,-1
1275,517,460,260,81,64,1,-1,-1,-1
1276,517,460,260,81,64,1,-1,-1,-1
1277,517,460,260,81,64,1,-1,-1,-1
1278,517,460,260,81,64,1,-1,-1,-1
1279,517,460,260,80,64,1,-1,-1,-1
1280,517,460,260,80,64,1,-1,-1,-1
1281,517,460,260,80,64,1,-1,-1,-1
1282,517,460,260,80,64,1,-1,-1,-1
1283,517,460,260,80,64,1,-1,-1,-1
1284,517,460,260,80,64,1,-1,-1,-1
1285,517,460,260,80,64,1,-1,-1,-1
1286,517,460,260,80,64,1,-1,-1,-1
1287,517,460,260,80,64,1,-1,-1,-1
1288,517,460,260,80,64,1,-1,-1,-1
1289,517,460,260,81,64,1,-1,-1,-1
1290,517,460,259,81,64,1,-1,-1,-1
1291,517,460,259,81,64,1,-1,-1,-1
1292,517,460,259,81,64,1,-1,-1,-1
1293,517,460,259,81,64,1,-1,-1,-1
1294,517,460,259,81,64,1,-1,-1,-1
1295,517,460,259,81,64,1,-1,-1,-1
1296,517,460,259,81,64,1,-1,-1,-1
1297,517,459,260,81,64,1,-1,-1,-1
1298,517,459,260,81,64,1,-1,-1,-1
1299,517,459,260,81,64,1,-1,-1,-1
1300,517,459,260,81,64,1,-1,-1,-1
1301,517,459,260,81,64,1,-1,-1,-1
1302,517,459,260,81,64,1,-1,-1,-1
1303,517,459,260,82,64,1,-1,-1,-1
1304,517,459,260,82,64,1,-1,-1,-1
1305,517,460,260,81,64,1,-1,-1,-1
1306,517,460,260,81,64,1,-1,-1,-1
1307,517,460,260,81,64,1,-1,-1,-1
1308,517,460,260,81,64,1,-1,-1,-1
1309,517,460,259,81,65,1,-1,-1,-1
1310,517,460,259,81,65,1,-1,-1,-1
1311,517,460,259,81,65,1,-1,-1,-1
1312,517,460,259,81,65,1,-1,-1,-1
1313,517,460,259,81,65,1,-1,-1,-1
1314,517,460,259,81,65,1,-1,-1,-1
1315,517,460,258,81,65,1,-1,-1,-1
1316,517,460,258,81,65,1,-1,-1,-1
1317,517,460,258,81,65,1,-1,-1,-1
1318,517,460,258,81,65,1,-1,-1,-1
1319,517,460,259,81,65,1,-1,-1,-1
1320,517,460,259,81,65,1,-1,-1,-1
1321,517,461,258,80,65,1,-1,-1,-1
1322,517,461,258,80,65,1,-1,-1,-1
1323,517,461,258,80,65,1,-1,-1,-1
1324,517,461,258,80,65,1,-1,-1,-1
1325,517,461,258,80,65,1,-1,-1,-1
1326,517,461,258,80,65,1,-1,-1,-1
1327,517,461,258,80,65,1,-1,-1,-1
1328,517,461,258,80,65,1,-1,-1,-1
1329,517,460,259,80,64,1,-1,-1,-1
1330,517,460,259,80,64,1,-1,-1,-1
1331,517,460,259,80,64,1,-1,-1,-1
1332,517,460,259,80,64,1,-1,-1,-1
1333,517,460,259,80,64,1,-1,-1,-1
1334,517,460,259,80,64,1,-1,-1,-1
1335,517,460,259,80,64,1,-1,-1,-1
1336,517,460,259,80,64,1,-1,-1,-1
1337,517,460,259,81,64,1,-1,-1,-1
1338,517,460,259,81,64,1,-1,-1,-1
1339,517,460,259,81,65,1,-1,-1,-1
1340,517,460,259,80,65,1,-1,-1,-1
1341,517,460,259,80,65,1,-1,-1,-1
1342,517,460,259,80,65,1,-1,-1,-1
1343,517,460,259,80,65,1,-1,-1,-1
1344,517,460,259,80,65,1,-1,-1,-1
1345,517,461,259,79,65,1,-1,-1,-1
1346,517,461,258,79,65,1,-1,-1,-1
1347,517,461,258,79,65,1,-1,-1,-1
1348,517,461,258,79,65,1,-1,-1,-1
1349,517,461,258,79,65,1,-1,-1,-1
1350,517,461,259,79,65,1,-1,-1,-1
1351,517,461,259,79,65,1,-1,-1,-1
1352,517,461,259,79,65,1,-1,-1,-1
1353,517,460,259,80,64,1,-1,-1,-1
1354,517,460,259,80,64,1,-1,-1,-1
1355,517,460,259,80,64,1,-1,-1,-1
1356,517,460,259,80,64,1,-1,-1,-1
1357,517,460,260,80,64,1,-1,-1,-1
1358,517,460,260,81,64,1,-1,-1,-1
1359,517,460,260,80,64,1,-1,-1,-1
1360,517,460,260,80,64,1,-1,-1,-1
1361,517,461,260,80,64,1,-1,-1,-1
1362,517,461,260,80,64,1,-1,-1,-1
1363,517,461,260,80,64,1,-1,-1,-1
1364,517,461,260,80,64,1,-1,-1,-1
1365,517,461,260,80,64,1,-1,-1,-1
1366,517,461,260,80,64,1,-1,-1,-1
1367,517,461,260,80,64,1,-1,-1,-1
1368,517,461,260,80,64,1,-1,-1,-1
1369,517,460,259,81,64,1,-1,-1,-1
1370,517,460,259,81,64,1,-1,-1,-1
1371,517,460,259,81,64,1,-1,-1,-1
1372,517,460,259,81,64,1,-1,-1,-1
1373,517,460,259,81,64,1,-1,-1,-1
1374,517,460,259,81,64,1,-1,-1,-1
1375,517,460,259,81,64,1,-1,-1,-1
1376,517,460,259,81,64,1,-1,-1,-1
1377,517,460,259,81,65,1,-1,-1,-1
1378,517,460,259,81,65,1,-1,-1,-1
1379,517,460,259,81,64,1,-1,-1,-1
1380,517,460,259,81,64,1,-1,-1,-1
1381,517,460,259,80,64,1,-1,-1,-1
1382,517,460,259,80,64,1,-1,-1,-1
1383,517,460,259,81,64,1,-1,-1,-1
1384,517,460,259,81,64,1,-1,-1,-1
1385,517,460,258,80,65,1,-1,-1,-1
1386,517,460,259,80,65,1,-1,-1,-1
1387,517,460,258,80,65,1,-1,-1,-1
1388,517,460,258,80,65,1,-1,-1,-1
1389,517,460,258,80,65,1,-1,-1,-1
1390,517,460,258,80,65,1,-1,-1,-1
1391,517,460,258,80,65,1,-1,-1,-1
1392,517,460,258,80,65,1,-1,-1,-1
1393,517,461,258,80,65,1,-1,-1,-1
1394,517,461,258,80,65,1,-1,-1,-1
1395,517,461,258,80,65,1,-1,-1,-1
1396,517,461,258,80,65,1,-1,-1,-1
1397,517,460,258,80,65,1,-1,-1,-1
1398,517,461,258,80,66,1,-1,-1,-1
1399,517,460,258,80,66,1,-1,-1,-1
1400,517,460,258,80,66,1,-1,-1,-1
1401,517,461,258,80,65,1,-1,-1,-1
1402,517,461,258,80,65,1,-1,-1,-1
1403,517,461,258,80,65,1,-1,-1,-1
1404,517,461,258,80,65,1,-1,-1,-1
1405,517,460,258,80,65,1,-1,-1,-1
1406,517,460,258,80,65,1,-1,-1,-1
1407,517,460,258,80,65,1,-1,-1,-1
1408,517,460,258,80,65,1,-1,-1,-1
1409,517,460,258,80,65,1,-1,-1,-1
1410,517,460,258,80,65,1,-1,-1,-1
1411,517,460,258,80,65,1,-1,-1,-1
1412,517,460,258,80,65,1,-1,-1,-1
1413,517,460,259,80,65,1,-1,-1,-1
1414,517,460,259,80,65,1,-1,-1,-1
1415,517,460,259,80,65,1,-1,-1,-1
1416,517,460,259,80,65,1,-1,-1,-1
1417,517,460,257,80,66,1,-1,-1,-1
1418,517,460,257,80,66,1,-1,-1,-1
1419,517,460,257,80,67,1,-1,-1,-1
1420,517,460,257,80,67,1,-1,-1,-1
1421,517,460,257,80,67,1,-1,-1,-1
1422,517,461,257,80,67,1,-1,-1,-1
1423,517,461,257,80,67,1,-1,-1,-1
1424,517,461,257,80,67,1,-1,-1,-1
1425,517,460,259,80,65,1,-1,-1,-1
1426,517,460,258,80,65,1,-1,-1,-1
1427,517,460,258,80,65,1,-1,-1,-1
1428,517,460,258,80,65,1,-1,-1,-1
1429,517,460,259,80,65,1,-1,-1,-1
1430,517,460,259,80,65,1,-1,-1,-1
1431,517,460,259,80,65,1,-1,-1,-1
1432,517,460,259,80,65,1,-1,-1,-1
1433,517,460,259,80,65,1,-1,-1,-1
1434,517,460,259,80,65,1,-1,-1,-1
1435,517,460,259,80,65,1,-1,-1,-1
1436,517,460,259,80,65,1,-1,-1,-1
1437,517,460,259,80,65,1,-1,-1,-1
1438,517,460,259,80,65,1,-1,-1,-1
1439,517,460,259,81,65,1,-1,-1,-1
1440,517,460,259,81,65,1,-1,-1,-1
1441,517,459,258,81,65,1,-1,-1,-1
1442,517,459,258,81,65,1,-1,-1,-1
1443,517,459,258,81,65,1,-1,-1,-1
1444,517,459,258,81,65,1,-1,-1,-1
1445,517,459,258,81,65,1,-1,-1,-1
1446,517,459,258,81,65,1,-1,-1,-1
1447,517,459,258,81,65,1,-1,-1,-1
1448,517,459,258,81,65,1,-1,-1,-1
1449,517,460,259,80,65,1,-1,-1,-1
1450,517,460,259,80,65,1,-1,-1,-1
1451,517,460,259,80,65,1,-1,-1,-1
1452,517,460,258,80,65,1,-1,-1,-1
1453,517,460,258,81,65,1,-1,-1,-1
1454,517,460,258,81,65,1,-1,-1,-1
1455,517,460,258,81,65,1,-1,-1,-1
1456,517,460,258,81,65,1,-1,-1,-1
1457,517,460,259,80,65,1,-1,-1,-1
1458,517,460,259,80,64,1,-1,-1,-1
1459,517,460,259,80,64,1,-1,-1,-1
1460,517,460,259,80,64,1,-1,-1,-1
1461,517,460,259,80,64,1,-1,-1,-1
1462,517,460,259,80,64,1,-1,-1,-1
1463,517,460,259,80,64,1,-1,-1,-1
1464,517,460,259,80,64,1,-1,-1,-1
1465,517,460,259,81,64,1,-1,-1,-1
1466,517,460,259,81,64,1,-1,-1,-1
1467,517,460,259,81,64,1,-1,-1,-1
1468,517,460,259,81,64,1,-1,-1,-1
1469,517,460,259,81,64,1,-1,-1,-1
1470,517,460,259,81,64,1,-1,-1,-1
1471,517,460,259,81,64,1,-1,-1,-1
1472,517,460,259,81,64,1,-1,-1,-1
1473,517,460,259,81,64,1,-1,-1,-1
1474,517,460,259,81,64,1,-1,-1,-1
1475,517,460,259,81,64,1,-1,-1,-1
1476,517,460,259,81,64,1,-1,-1,-1
1477,517,460,258,81,65,1,-1,-1,-1
1478,517,460,258,81,65,1,-1,-1,-1
1479,517,460,258,81,65,1,-1,-1,-1
1480,517,460,258,81,65,1,-1,-1,-1
1481,517,460,258,81,66,1,-1,-1,-1
1482,517,460,258,81,66,1,-1,-1,-1
1483,517,460,258,81,66,1,-1,-1,-1
1484,517,460,258,81,66,1,-1,-1,-1
1485,517,460,258,81,66,1,-1,-1,-1
1486,517,460,258,81,66,1,-1,-1,-1
1487,517,460,258,81,66,1,-1,-1,-1
1488,517,460,258,81,66,1,-1,-1,-1
1489,517,460,257,81,66,1,-1,-1,-1
1490,517,460,257,81,66,1,-1,-1,-1
1491,517,460,257,81,66,1,-1,-1,-1
1492,517,460,257,81,66,1,-1,-1,-1
1493,517,460,257,81,66,1,-1,-1,-1
1494,517,460,257,81,66,1,-1,-1,-1
1495,517,460,257,81,66,1,-1,-1,-1
1496,517,460,257,81,66,1,-1,-1,-1
1497,517,460,258,81,65,1,-1,-1,-1
1498,517,460,258,81,66,1,-1,-1,-1
1499,517,460,258,81,65,1,-1,-1,-1
1500,517,460,258,81,65,1,-1,-1,-1
1501,517,460,257,81,66,1,-1,-1,-1
1502,517,460,257,81,66,1,-1,-1,-1
1503,517,460,257,81,66,1,-1,-1,-1
1504,517,460,257,81,66,1,-1,-1,-1
1505,517,460,257,81,66,1,-1,-1,-1
1506,517,460,257,81,66,1,-1,-1,-1
1507,517,460,257,80,66,1,-1,-1,-1
1508,517,460,257,80,66,1,-1,-1,-1
1509,517,460,257,80,66,1,-1,-1,-1
1510,517,460,257,80,66,1,-1,-1,-1
1511,517,460,257,80,66,1,-1,-1,-1
1512,517,460,257,80,66,1,-1,-1,-1
1513,517,460,257,81,66,1,-1,-1,-1
1514,517,460,257,81,66,1,-1,-1,-1
1515,517,460,257,81,66,1,-1,-1,-1
1516,517,460,257,81,66,1,-1,-1,-1
1517,517,460,257,81,66,1,-1,-1,-1
1518,517,460,257,81,66,1,-1,-1,-1
1519,517,460,257,81,66,1,-1,-1,-1
1520,517,460,257,80,66,1,-1,-1,-1
1521,517,460,258,80,65,1,-1,-1,-1
1522,517,460,258,80,65,1,-1,-1,-1
1523,517,460,258,81,65,1,-1,-1,-1
1524,517,460,258,80,65,1,-1,-1,-1
1525,517,460,257,80,66,1,-1,-1,-1
1526,517,460,257,80,66,1,-1,-1,-1
1527,517,460,257,80,66,1,-1,-1,-1
1528,517,460,257,80,66,1,-1,-1,-1
1529,517,460,258,80,66,1,-1,-1,-1
1530,517,460,257,80,66,1,-1,-1,-1
1531,517,460,258,80,66,1,-1,-1,-1
1532,517,460,257,80,66,1,-1,-1,-1
1533,517,460,258,80,66,1,-1,-1,-1
1534,517,460,257,80,66,1,-1,-1,-1
1535,517,461,258,80,66,1,-1,-1,-1
1536,517,461,258,80,66,1,-1,-1,-1
1537,517,461,258,80,66,1,-1,-1,-1
1538,517,461,258,80,66,1,-1,-1,-1
1539,517,461,258,80,66,1,-1,-1,-1
1540,517,461,257,80,66,1,-1,-1,-1
1541,517,461,258,80,66,1,-1,-1,-1
1542,517,460,258,80,66,1,-1,-1,-1
1543,517,461,258,80,66,1,-1,-1,-1
1544,517,461,258,80,66,1,-1,-1,-1
1545,517,461,258,80,66,1,-1,-1,-1
1546,517,461,258,80,65,1,-1,-1,-1
1547,517,461,258,80,65,1,-1,-1,-1
1548,517,461,258,80,65,1,-1,-1,-1
1549,517,460,257,80,66,1,-1,-1,-1
1550,517,460,258,80,66,1,-1,-1,-1
1551,517,460,258,80,66,1,-1,-1,-1
1552,517,460,258,81,66,1,-1,-1,-1
1553,517,460,258,81,65,1,-1,-1,-1
1554,517,460,258,81,66,1,-1,-1,-1
1555,517,460,258,81,66,1,-1,-1,-1
1556,517,460,258,81,66,1,-1,-1,-1
1557,517,460,258,81,65,1,-1,-1,-1
1558,517,460,258,81,65,1,-1,-1,-1
1559,517,460,258,81,66,1,-1,-1,-1
1560,517,460,258,81,66,1,-1,-1,-1
1561,517,460,258,81,65,1,-1,-1,-1
1562,517,460,258,81,65,1,-1,-1,-1
1563,517,460,258,81,65,1,-1,-1,-1
1564,517,460,258,81,65,1,-1,-1,-1
1565,517,460,258,81,65,1,-1,-1,-1
1566,517,460,258,81,66,1,-1,-1,-1
1567,517,460,258,80,65,1,-1,-1,-1
1568,517,460,258,80,65,1,-1,-1,-1
1569,517,460,258,81,65,1,-1,-1,-1
1570,517,460,258,81,65,1,-1,-1,-1
1571,517,460,258,81,65,1,-1,-1,-1
1572,517,460,258,81,65,1,-1,-1,-1
1573,517,460,259,81,65,1,-1,-1,-1
1574,517,459,259,81,64,1,-1,-1,-1
1575,517,459,259,81,65,1,-1,-1,-1
1576,517,459,259,81,65,1,-1,-1,-1
1577,517,460,260,81,64,1,-1,-1,-1
1578,517,460,260,81,64,1,-1,-1,-1
1579,517,460,260,81,64,1,-1,-1,-1
1580,517,460,260,81,64,1,-1,-1,-1
1581,517,460,260,81,64,1,-1,-1,-1
1582,517,460,260,81,64,1,-1,-1,-1
1583,517,460,260,81,64,1,-1,-1,-1
1584,517,460,260,81,64,1,-1,-1,-1
1585,517,460,260,81,64,1,-1,-1,-1
1586,517,460,260,81,63,1,-1,-1,-1
1587,517,460,260,81,63,1,-1,-1,-1
1588,517,460,260,81,63,1,-1,-1,-1
1589,517,460,260,81,63,1,-1,-1,-1
1590,517,460,260,81,63,1,-1,-1,-1
1591,517,460,260,81,63,1,-1,-1,-1
1592,517,460,260,81,63,1,-1,-1,-1
1593,517,461,260,80,64,1,-1,-1,-1
1594,517,461,260,80,64,1,-1,-1,-1
1595,517,461,260,80,64,1,-1,-1,-1
1596,517,460,260,80,64,1,-1,-1,-1
1597,517,461,260,80,64,1,-1,-1,-1
1598,517,461,260,80,64,1,-1,-1,-1
1599,517,461,260,80,64,1,-1,-1,-1
1600,517,461,260,79,64,1,-1,-1,-1
1601,517,460,259,80,64,1,-1,-1,-1
1602,517,460,259,80,64,1,-1,-1,-1
1603,517,460,259,80,65,1,-1,-1,-1
1604,517,461,259,80,64,1,-1,-1,-1
1605,517,460,259,80,64,1,-1,-1,-1
1606,517,460,259,80,64,1,-1,-1,-1
1607,517,460,259,80,64,1,-1,-1,-1
1608,517,460,259,80,64,1,-1,-1,-1
1609,517,461,260,80,64,1,-1,-1,-1
1610,517,461,260,80,64,1,-1,-1,-1
1611,517,460,260,80,64,1,-1,-1,-1
1612,517,460,260,80,64,1,-1,-1,-1
1613,517,461,260,80,64,1,-1,-1,-1
1614,517,461,260,80,64,1,-1,-1,-1
1615,517,461,260,80,64,1,-1,-1,-1
1616,517,461,259,80,64,1,-1,-1,-1
1617,517,461,259,79,64,1,-1,-1,-1
1618,517,461,259,80,64,1,-1,-1,-1
1619,517,461,260,79,64,1,-1,-1,-1
1620,517,462,260,78,64,1,-1,-1,-1
1621,517,460,260,81,64,1,-1,-1,-1
1622,517,460,260,80,64,1,-1,-1,-1
1623,517,460,260,81,64,1,-1,-1,-1
1624,517,460,260,81,63,1,-1,-1,-1
1625,517,460,260,81,64,1,-1,-1,-1
1626,517,460,260,81,63,1,-1,-1,-1
1627,517,462,260,79,63,1,-1,-1,-1
1628,517,461,260,80,64,1,-1,-1,-1
1629,517,461,258,79,65,1,-1,-1,-1
1630,517,461,257,79,66,1,-1,-1,-1
1631,517,461,258,79,66,1,-1,-1,-1
1632,517,461,258,80,65,1,-1,-1,-1
1633,517,461,259,80,65,1,-1,-1,-1
1634,517,460,259,80,65,1,-1,-1,-1
1635,517,461,259,80,64,1,-1,-1,-1
1636,517,460,259,81,65,1,-1,-1,-1
1637,517,460,258,81,66,1,-1,-1,-1
1638,517,460,257,81,66,1,-1,-1,-1
1639,517,460,258,81,66,1,-1,-1,-1
1640,517,460,258,81,66,1,-1,-1,-1
1641,517,460,259,81,65,1,-1,-1,-1
1642,517,460,259,81,65,1,-1,-1,-1
1643,517,460,259,81,65,1,-1,-1,-1
1644,517,460,259,81,65,1,-1,-1,-1
1645,517,460,259,80,64,1,-1,-1,-1
1646,517,460,259,80,64,1,-1,-1,-1
1647,517,460,259,80,64,1,-1,-1,-1
1648,517,460,259,80,65,1,-1,-1,-1
1649,517,460,259,80,65,1,-1,-1,-1
1650,517,460,259,80,65,1,-1,-1,-1
1651,517,460,259,80,64,1,-1,-1,-1
1652,517,460,259,80,65,1,-1,-1,-1
1653,517,460,259,81,65,1,-1,-1,-1
1654,517,460,259,81,65,1,-1,-1,-1
1655,517,460,259,81,65,1,-1,-1,-1
1656,517,460,259,81,65,1,-1,-1,-1
1657,517,460,260,81,63,1,-1,-1,-1
1658,517,460,260,81,63,1,-1,-1,-1
1659,517,460,260,81,63,1,-1,-1,-1
1660,517,460,260,81,63,1,-1,-1,-1
1661,517,460,260,81,63,1,-1,-1,-1
1662,517,460,260,81,63,1,-1,-1,-1
1663,517,460,260,81,63,1,-1,-1,-1
1664,517,460,260,81,63,1,-1,-1,-1
1665,517,461,260,80,63,1,-1,-1,-1
1666,517,461,260,80,64,1,-1,-1,-1
1667,517,461,260,80,64,1,-1,-1,-1
1668,517,461,260,80,64,1,-1,-1,-1
1669,517,460,260,81,64,1,-1,-1,-1
1670,517,460,260,81,64,1,-1,-1,-1
1671,517,460,260,81,64,1,-1,-1,-1
1672,517,460,260,81,64,1,-1,-1,-1
1673,517,461,260,80,64,1,-1,-1,-1
1674,517,461,260,79,64,1,-1,-1,-1
1675,517,461,260,79,64,1,-1,-1,-1
1676,517,461,260,79,64,1,-1,-1,-1
1677,517,461,260,79,64,1,-1,-1,-1
1678,517,461,260,79,64,1,-1,-1,-1
1679,517,461,260,79,64,1,-1,-1,-1
1680,517,461,260,79,64,1,-1,-1,-1
1681,517,460,258,80,65,1,-1,-1,-1
1682,517,460,258,80,65,1,-1,-1,-1
1683,517,460,258,80,65,1,-1,-1,-1
1684,517,460,258,80,65,1,-1,-1,-1
1685,517,460,258,80,65,1,-1,-1,-1
1686,517,460,258,80,65,1,-1,-1,-1
1687,517,460,259,80,65,1,-1,-1,-1
1688,517,460,259,80,65,1,-1,-1,-1
1689,517,460,259,81,64,1,-1,-1,-1
1690,517,459,259,81,64,1,-1,-1,-1
1691,517,459,259,81,64,1,-1,-1,-1
1692,517,459,259,81,65,1,-1,-1,-1
1693,517,460,260,81,64,1,-1,-1,-1
1694,517,459,260,82,64,1,-1,-1,-1
1695,517,459,260,81,64,1,-1,-1,-1
1696,517,459,260,81,64,1,-1,-1,-1
1697,517,460,259,81,65,1,-1,-1,-1
1698,517,460,259,81,65,1,-1,-1,-1
1699,517,460,259,81,65,1,-1,-1,-1
1700,517,460,259,81,65,1,-1,-1,-1
1701,517,460,259,81,65,1,-1,-1,-1
1702,517,460,259,81,65,1,-1,-1,-1
1703,517,460,259,81,65,1,-1,-1,-1
1704,517,460,259,81,65,1,-1,-1,-1
1705,517,460,260,81,64,1,-1,-1,-1
1706,517,460,260,81,64,1,-1,-1,-1
1707,517,460,260,81,64,1,-1,-1,-1
1708,517,460,260,81,64,1,-1,-1,-1
1709,517,460,260,81,64,1,-1,-1,-1
1710,517,460,260,81,64,1,-1,-1,-1
1711,517,460,260,81,64,1,-1,-1,-1
1712,517,460,260,81,64,1,-1,-1,-1
1713,517,460,259,81,64,1,-1,-1,-1
1714,517,460,259,81,64,1,-1,-1,-1
1715,517,460,259,81,64,1,-1,-1,-1
1716,517,459,259,81,64,1,-1,-1,-1
1717,517,459,259,81,64,1,-1,-1,-1
1718,517,459,259,81,64,1,-1,-1,-1
1719,517,459,259,81,64,1,-1,-1,-1
1720,517,459,259,81,64,1,-1,-1,-1
1721,517,459,259,81,65,1,-1,-1,-1
1722,517,459,259,81,65,1,-1,-1,-1
1723,517,459,259,81,65,1,-1,-1,-1
1724,517,459,258,81,65,1,-1,-1,-1
1725,517,459,258,81,65,1,-1,-1,-1
1726,517,459,259,81,65,1,-1,-1,-1
1727,517,459,259,81,65,1,-1,-1,-1
1728,517,459,259,81,65,1,-1,-1,-1
1729,517,460,259,81,65,1,-1,-1,-1
1730,517,460,259,81,65,1,-1,-1,-1
1731,517,460,259,81,65,1,-1,-1,-1
1732,517,460,259,81,64,1,-1,-1,-1
1733,517,460,259,81,65,1,-1,-1,-1
1734,517,460,259,81,65,1,-1,-1,-1
1735,517,460,259,81,65,1,-1,-1,-1
1736,517,460,259,81,65,1,-1,-1,-1
1737,517,460,259,81,64,1,-1,-1,-1
1738,517,460,259,81,65,1,-1,-1,-1
1739,517,460,259,81,64,1,-1,-1,-1
1740,517,460,258,81,65,1,-1,-1,-1
1741,517,460,259,81,64,1,-1,-1,-1
1742,517,460,259,81,64,1,-1,-1,-1
1743,517,460,259,81,64,1,-1,-1,-1
1744,517,460,259,81,64,1,-1,-1,-1
1745,517,460,259,81,65,1,-1,-1,-1
1746,517,460,259,81,65,1,-1,-1,-1
1747,517,460,259,81,65,1,-1,-1,-1
1748,517,460,259,81,65,1,-1,-1,-1
1749,517,460,259,81,65,1,-1,-1,-1
1750,517,460,259,81,65,1,-1,-1,-1
1751,517,461,259,80,65,1,-1,-1,-1
1752,517,461,259,80,65,1,-1,-1,-1
1753,517,460,259,80,65,1,-1,-1,-1
1754,517,460,259,80,65,1,-1,-1,-1
1755,517,460,259,80,65,1,-1,-1,-1
1756,517,460,258,80,65,1,-1,-1,-1
1757,517,460,258,80,65,1,-1,-1,-1
1758,517,461,259,80,65,1,-1,-1,-1
1759,517,461,259,80,65,1,-1,-1,-1
1760,517,461,258,80,65,1,-1,-1,-1
1761,517,462,258,79,65,1,-1,-1,-1
1762,517,462,258,79,65,1,-1,-1,-1
1763,517,462,258,79,65,1,-1,-1,-1
1764,517,462,258,79,65,1,-1,-1,-1
1765,517,462,258,79,65,1,-1,-1,-1
1766,517,462,258,79,65,1,-1,-1,-1
1767,517,462,258,79,65,1,-1,-1,-1
1768,517,462,258,79,65,1,-1,-1,-1
1769,517,461,259,80,64,1,-1,-1,-1
1770,517,460,259,80,64,1,-1,-1,-1
1771,517,460,259,80,65,1,-1,-1,-1
1772,517,460,259,80,65,1,-1,-1,-1
1773,517,460,259,80,65,1,-1,-1,-1
1774,517,460,259,80,65,1,-1,-1,-1
1775,517,460,259,80,64,1,-1,-1,-1
1776,517,460,259,80,64,1,-1,-1,-1
1777,517,461,259,80,64,1,-1,-1,-1
1778,517,461,259,80,64,1,-1,-1,-1
1779,517,461,259,80,64,1,-1,-1,-1
1780,517,461,259,80,64,1,-1,-1,-1
1781,517,461,259,80,64,1,-1,-1,-1
1782,517,461,259,80,64,1,-1,-1,-1
1783,517,461,259,80,64,1,-1,-1,-1
1784,517,461,259,80,64,1,-1,-1,-1
1785,517,461,260,80,64,1,-1,-1,-1
1786,517,461,260,80,64,1,-1,-1,-1
1787,517,461,260,80,64,1,-1,-1,-1
1788,517,461,260,80,64,1,-1,-1,-1
1789,517,461,259,79,64,1,-1,-1,-1
1790,517,461,259,79,64,1,-1,-1,-1
1791,517,461,259,79,64,1,-1,-1,-1
1792,517,461,259,79,64,1,-1,-1,-1
1793,517,460,260,81,64,1,-1,-1,-1
1794,517,460,260,81,64,1,-1,-1,-1
1795,517,460,260,81,64,1,-1,-1,-1
1796,517,460,260,81,64,1,-1,-1,-1
1797,517,460,260,81,64,1,-1,-1,-1
1798,517,460,260,81,64,1,-1,-1,-1
1799,517,460,260,81,64,1,-1,-1,-1
1800,517,460,260,81,64,1,-1,-1,-1
1801,517,461,259,79,64,1,-1,-1,-1
1802,517,461,259,79,64,1,-1,-1,-1
1803,517,462,259,79,64,1,-1,-1,-1
1804,517,462,259,79,64,1,-1,-1,-1
1805,517,462,259,79,64,1,-1,-1,-1
1806,517,462,259,79,64,1,-1,-1,-1
1807,517,462,259,79,64,1,-1,-1,-1
1808,517,462,259,79,64,1,-1,-1,-1
1809,517,461,260,79,64,1,-1,-1,-1
1810,517,461,260,79,64,1,-1,-1,-1
1811,517,461,260,79,64,1,-1,-1,-1
1812,517,461,260,79,64,1,-1,-1,-1
1813,517,460,260,80,64,1,-1,-1,-1
1814,517,461,260,80,64,1,-1,-1,-1
1815,517,461,260,80,64,1,-1,-1,-1
1816,517,461,259,80,64,1,-1,-1,-1
1817,517,460,260,81,64,1,-1,-1,-1
1818,517,460,260,81,64,1,-1,-1,-1
1819,517,460,260,81,64,1,-1,-1,-1
1820,517,460,260,81,64,1,-1,-1,-1
1821,517,460,260,81,64,1,-1,-1,-1
1822,517,460,260,80,64,1,-1,-1,-1
1823,517,460,260,80,64,1,-1,-1,-1
1824,517,460,260,80,64,1,-1,-1,-1
1825,517,460,260,80,63,1,-1,-1,-1
1826,517,460,260,80,63,1,-1,-1,-1
1827,517,460,260,80,63,1,-1,-1,-1
1828,517,460,260,80,63,1,-1,-1,-1
1829,517,460,260,80,63,1,-1,-1,-1
1830,517,460,260,80,63,1,-1,-1,-1
1831,517,460,260,80,63,1,-1,-1,-1
1832,517,460,260,80,63,1,-1,-1,-1
1833,517,460,260,81,64,1,-1,-1,-1
1834,517,460,259,81,64,1,-1,-1,-1
1835,517,460,260,81,64,1,-1,-1,-1
1836,517,460,260,81,64,1,-1,-1,-1
1837,517,459,259,81,65,1,-1,-1,-1
1838,517,459,259,81,65,1,-1,-1,-1
1839,517,459,259,81,65,1,-1,-1,-1
1840,517,459,259,81,65,1,-1,-1,-1
1841,517,460,258,81,66,1,-1,-1,-1
1842,517,460,258,81,66,1,-1,-1,-1
1843,517,460,258,81,66,1,-1,-1,-1
1844,517,459,258,81,66,1,-1,-1,-1
1845,517,459,258,81,66,1,-1,-1,-1
1846,517,459,258,81,66,1,-1,-1,-1
1847,517,459,258,81,66,1,-1,-1,-1
1848,517,459,259,81,65,1,-1,-1,-1
1849,517,461,259,79,65,1,-1,-1,-1
1850,517,461,259,79,65,1,-1,-1,-1
1851,517,461,259,79,65,1,-1,-1,-1
1852,517,461,259,79,65,1,-1,-1,-1
1853,517,461,259,79,65,1,-1,-1,-1
1854,517,461,259,79,65,1,-1,-1,-1
1855,517,461,259,79,65,1,-1,-1,-1
1856,517,461,259,79,65,1,-1,-1,-1
1857,517,461,259,79,65,1,-1,-1,-1
1858,517,461,259,79,65,1,-1,-1,-1
1859,517,461,259,79,65,1,-1,-1,-1
1860,517,461,259,79,65,1,-1,-1,-1
1861,517,462,259,79,65,1,-1,-1,-1
1862,517,462,259,79,65,1,-1,-1,-1
1863,517,462,259,79,64,1,-1,-1,-1
1864,517,462,259,79,64,1,-1,-1,-1
1865,517,460,259,81,65,1,-1,-1,-1
1866,517,460,259,81,65,1,-1,-1,-1
1867,517,460,259,80,64,1,-1,-1,-1
1868,517,460,259,80,65,1,-1,-1,-1
1869,517,460,259,80,65,1,-1,-1,-1
1870,517,461,259,80,65,1,-1,-1,-1
1871,517,460,259,80,65,1,-1,-1,-1
1872,517,460,259,80,65,1,-1,-1,-1
1873,517,462,259,78,64,1,-1,-1,-1
1874,517,462,259,78,64,1,-1,-1,-1
1875,517,462,260,78,64,1,-1,-1,-1
1876,517,462,260,78,64,1,-1,-1,-1
1877,517,462,260,78,64,1,-1,-1,-1
1878,517,462,260,78,64,1,-1,-1,-1
1879,517,462,259,78,64,1,-1,-1,-1
1880,517,462,259,78,64,1,-1,-1,-1
1881,517,461,259,79,64,1,-1,-1,-1
1882,517,461,259,79,65,1,-1,-1,-1
1883,517,460,259,80,65,1,-1,-1,-1
1884,517,460,259,80,64,1,-1,-1,-1
1885,517,460,259,81,65,1,-1,-1,-1
1886,517,460,259,80,65,1,-1,-1,-1
1887,517,460,259,80,65,1,-1,-1,-1
1888,517,460,260,80,64,1,-1,-1,-1
1889,517,460,258,80,65,1,-1,-1,-1
1890,517,460,258,80,66,1,-1,-1,-1
1891,517,460,258,80,66,1,-1,-1,-1
1892,517,460,258,80,66,1,-1,-1,-1
1893,517,460,258,80,66,1,-1,-1,-1
1894,517,460,257,80,67,1,-1,-1,-1
1895,517,460,258,80,66,1,-1,-1,-1
1896,517,460,258,80,66,1,-1,-1,-1
1897,517,461,259,79,64,1,-1,-1,-1
1898,517,461,259,79,64,1,-1,-1,-1
1899,517,461,259,79,64,1,-1,-1,-1
1900,517,461,259,79,64,1,-1,-1,-1
1901,517,461,259,79,64,1,-1,-1,-1
1902,517,461,259,78,64,1,-1,-1,-1
1903,517,461,259,78,64,1,-1,-1,-1
1904,517,461,259,78,64,1,-1,-1,-1
1905,517,460,260,80,64,1,-1,-1,-1
1906,517,460,259,80,64,1,-1,-1,-1
1907,517,460,259,80,64,1,-1,-1,-1
1908,517,460,259,79,64,1,-1,-1,-1
1909,517,460,259,80,65,1,-1,-1,-1
1910,517,460,259,80,65,1,-1,-1,-1
1911,517,460,259,80,65,1,-1,-1,-1
1912,517,460,259,80,65,1,-1,-1,-1
1913,517,460,260,80,64,1,-1,-1,-1
1914,517,460,260,80,64,1,-1,-1,-1
1915,517,460,260,80,64,1,-1,-1,-1
1916,517,460,260,80,64,1,-1,-1,-1
1917,517,460,260,80,64,1,-1,-1,-1
1918,517,460,260,81,64,1,-1,-1,-1
1919,517,460,260,81,64,1,-1,-1,-1
1920,517,460,260,80,64,1,-1,-1,-1
1921,517,460,259,80,65,1,-1,-1,-1
1922,517,460,259,80,65,1,-1,-1,-1
1923,517,460,259,80,65,1,-1,-1,-1
1924,517,460,259,80,65,1,-1,-1,-1
1925,517,460,259,80,65,1,-1,-1,-1
1926,517,460,259,82,65,1,-1,-1,-1
1927,517,460,259,82,65,1,-1,-1,-1
1928,517,460,258,80,66,1,-1,-1,-1
1,518,324,345,147,124,1,-1,-1,-1
2,518,324,345,147,123,1,-1,-1,-1
3,518,324,345,147,123,1,-1,-1,-1
4,518,324,345,147,123,1,-1,-1,-1
5,518,324,345,147,123,1,-1,-1,-1
6,518,324,345,147,123,1,-1,-1,-1
7,518,324,345,147,123,1,-1,-1,-1
8,518,324,345,147,123,1,-1,-1,-1
9,518,324,345,146,123,1,-1,-1,-1
10,518,324,345,146,123,1,-1,-1,-1
11,518,324,345,146,123,1,-1,-1,-1
12,518,324,345,146,123,1,-1,-1,-1
13,518,324,344,146,124,1,-1,-1,-1
14,518,324,344,146,124,1,-1,-1,-1
15,518,324,344,146,124,1,-1,-1,-1
16,518,324,344,146,124,1,-1,-1,-1
17,518,324,344,147,124,1,-1,-1,-1
18,518,324,344,147,124,1,-1,-1,-1
19,518,324,344,147,124,1,-1,-1,-1
20,518,324,344,147,124,1,-1,-1,-1
21,518,324,344,147,124,1,-1,-1,-1
22,518,324,344,147,124,1,-1,-1,-1
23,518,324,344,147,124,1,-1,-1,-1
24,518,324,344,147,124,1,-1,-1,-1
25,518,324,344,147,124,1,-1,-1,-1
26,518,324,344,146,124,1,-1,-1,-1
27,518,324,344,146,124,1,-1,-1,-1
28,518,324,344,146,124,1,-1,-1,-1
29,518,324,344,146,124,1,-1,-1,-1
30,518,324,344,146,124,1,-1,-1,-1
31,518,324,344,147,124,1,-1,-1,-1
32,518,324,344,147,124,1,-1,-1,-1
33,518,324,345,146,123,1,-1,-1,-1
34,518,324,345,147,123,1,-1,-1,-1
35,518,324,345,147,123,1,-1,-1,-1
36,518,324,345,146,123,1,-1,-1,-1
37,518,324,345,147,123,1,-1,-1,-1
38,518,324,345,147,123,1,-1,-1,-1
39,518,324,345,147,123,1,-1,-1,-1
40,518,324,345,147,123,1,-1,-1,-1
41,518,324,343,147,124,1,-1,-1,-1
42,518,324,343,147,124,1,-1,-1,-1
43,518,324,343,147,124,1,-1,-1,-1
44,518,324,343,147,124,1,-1,-1,-1
45,518,324,343,147,124,1,-1,-1,-1
46,518,324,344,147,124,1,-1,-1,-1
47,518,324,344,147,124,1,-1,-1,-1
48,518,324,344,147,124,1,-1,-1,-1
49,518,324,344,146,124,1,-1,-1,-1
50,518,324,344,146,124,1,-1,-1,-1
51,518,324,344,146,124,1,-1,-1,-1
52,518,324,344,146,124,1,-1,-1,-1
53,518,324,344,146,124,1,-1,-1,-1
54,518,324,344,146,124,1,-1,-1,-1
55,518,324,344,146,124,1,-1,-1,-1
56,518,324,344,146,124,1,-1,-1,-1
57,518,324,344,146,124,1,-1,-1,-1
58,518,324,344,146,124,1,-1,-1,-1
59,518,324,344,146,124,1,-1,-1,-1
60,518,324,344,146,124,1,-1,-1,-1
61,518,324,344,146,124,1,-1,-1,-1
62,518,324,344,146,124,1,-1,-1,-1
63,518,324,344,146,124,1,-1,-1,-1
64,518,324,344,146,124,1,-1,-1,-1
65,518,324,344,146,124,1,-1,-1,-1
66,518,324,344,146,124,1,-1,-1,-1
67,518,324,344,146,124,1,-1,-1,-1
68,518,324,344,146,124,1,-1,-1,-1
69,518,324,344,146,124,1,-1,-1,-1
70,518,324,344,146,124,1,-1,-1,-1
71,518,324,344,146,124,1,-1,-1,-1
72,518,324,344,146,124,1,-1,-1,-1
73,518,324,344,147,124,1,-1,-1,-1
74,518,324,344,147,124,1,-1,-1,-1
75,518,324,344,147,124,1,-1,-1,-1
76,518,324,344,147,124,1,-1,-1,-1
77,518,324,344,147,124,1,-1,-1,-1
78,518,324,344,147,124,1,-1,-1,-1
79,518,324,344,147,124,1,-1,-1,-1
80,518,324,344,147,124,1,-1,-1,-1
81,518,324,344,146,124,1,-1,-1,-1
82,518,324,344,146,124,1,-1,-1,-1
83,518,324,344,146,124,1,-1,-1,-1
84,518,324,344,146,124,1,-1,-1,-1
85,518,324,344,146,124,1,-1,-1,-1
86,518,324,344,146,124,1,-1,-1,-1
87,518,324,344,146,124,1,-1,-1,-1
88,518,324,344,146,124,1,-1,-1,-1
89,518,324,344,146,124,1,-1,-1,-1
90,518,324,344,146,124,1,-1,-1,-1
91,518,324,344,146,124,1,-1,-1,-1
92,518,324,344,146,124,1,-1,-1,-1
93,518,324,344,146,124,1,-1,-1,-1
94,518,324,344,146,124,1,-1,-1,-1
95,518,324,344,146,124,1,-1,-1,-1
96,518,324,344,146,124,1,-1,-1,-1
97,518,324,343,147,125,1,-1,-1,-1
98,518,324,343,147,125,1,-1,-1,-1
99,518,324,343,147,125,1,-1,-1,-1
100,518,324,343,147,125,1,-1,-1,-1
101,518,324,343,147,125,1,-1,-1,-1
102,518,324,343,147,125,1,-1,-1,-1
103,518,324,343,147,125,1,-1,-1,-1
104,518,324,343,147,125,1,-1,-1,-1
105,518,324,344,147,124,1,-1,-1,-1
106,518,324,344,147,124,1,-1,-1,-1
107,518,324,344,147,124,1,-1,-1,-1
108,518,324,344,147,124,1,-1,-1,-1
109,518,324,344,147,124,1,-1,-1,-1
110,518,324,344,147,124,1,-1,-1,-1
111,518,324,344,147,124,1,-1,-1,-1
112,518,324,344,147,124,1,-1,-1,-1
113,518,324,344,146,124,1,-1,-1,-1
114,518,324,344,146,124,1,-1,-1,-1
115,518,324,344,146,124,1,-1,-1,-1
116,518,324,344,146,124,1,-1,-1,-1
117,518,324,344,146,124,1,-1,-1,-1
118,518,324,344,146,124,1,-1,-1,-1
119,518,324,344,146,124,1,-1,-1,-1
120,518,324,344,146,124,1,-1,-1,-1
121,518,324,344,146,124,1,-1,-1,-1
122,518,324,344,146,124,1,-1,-1,-1
123,518,324,344,146,124,1,-1,-1,-1
124,518,324,344,146,124,1,-1,-1,-1
125,518,324,344,146,124,1,-1,-1,-1
126,518,324,344,146,124,1,-1,-1,-1
127,518,324,344,146,124,1,-1,-1,-1
128,518,324,344,146,124,1,-1,-1,-1
129,518,324,344,146,124,1,-1,-1,-1
130,518,324,344,146,124,1,-1,-1,-1
131,518,324,344,146,124,1,-1,-1,-1
132,518,324,344,146,124,1,-1,-1,-1
133,518,324,344,146,124,1,-1,-1,-1
134,518,324,344,146,124,1,-1,-1,-1
135,518,324,344,146,124,1,-1,-1,-1
136,518,324,344,146,124,1,-1,-1,-1
137,518,324,344,146,124,1,-1,-1,-1
138,518,324,344,147,124,1,-1,-1,-1
139,518,324,344,147,124,1,-1,-1,-1
140,518,324,344,147,124,1,-1,-1,-1
141,518,324,344,147,124,1,-1,-1,-1
142,518,324,344,147,124,1,-1,-1,-1
143,518,324,344,147,124,1,-1,-1,-1
144,518,324,344,147,124,1,-1,-1,-1
145,518,324,344,147,123,1,-1,-1,-1
146,518,324,344,147,123,1,-1,-1,-1
147,518,324,344,147,123,1,-1,-1,-1
148,518,324,344,147,124,1,-1,-1,-1
149,518,324,344,147,124,1,-1,-1,-1
150,518,324,344,147,124,1,-1,-1,-1
151,518,324,344,147,124,1,-1,-1,-1
152,518,324,344,147,124,1,-1,-1,-1
153,518,324,344,146,124,1,-1,-1,-1
154,518,324,344,146,124,1,-1,-1,-1
155,518,324,344,147,124,1,-1,-1,-1
156,518,325,344,146,124,1,-1,-1,-1
157,518,324,344,146,124,1,-1,-1,-1
158,518,324,344,146,124,1,-1,-1,-1
159,518,324,344,146,124,1,-1,-1,-1
160,518,324,344,146,124,1,-1,-1,-1
161,518,324,344,147,124,1,-1,-1,-1
162,518,324,344,147,124,1,-1,-1,-1
163,518,324,344,147,124,1,-1,-1,-1
164,518,324,343,147,124,1,-1,-1,-1
165,518,324,344,147,124,1,-1,-1,-1
166,518,324,344,147,124,1,-1,-1,-1
167,518,324,344,147,124,1,-1,-1,-1
168,518,324,344,147,124,1,-1,-1,-1
169,518,324,343,146,125,1,-1,-1,-1
170,518,324,343,146,125,1,-1,-1,-1
171,518,324,343,146,125,1,-1,-1,-1
172,518,324,343,146,125,1,-1,-1,-1
173,518,324,343,146,125,1,-1,-1,-1
174,518,324,343,146,125,1,-1,-1,-1
175,518,324,343,146,125,1,-1,-1,-1
176,518,324,343,146,125,1,-1,-1,-1
177,518,324,344,146,124,1,-1,-1,-1
178,518,324,344,146,124,1,-1,-1,-1
179,518,324,344,146,124,1,-1,-1,-1
180,518,324,344,146,124,1,-1,-1,-1
181,518,324,344,146,124,1,-1,-1,-1
182,518,324,344,146,124,1,-1,-1,-1
183,518,324,344,146,124,1,-1,-1,-1
184,518,324,344,146,125,1,-1,-1,-1
185,518,324,344,146,124,1,-1,-1,-1
186,518,324,344,146,124,1,-1,-1,-1
187,518,324,344,146,124,1,-1,-1,-1
188,518,324,344,146,124,1,-1,-1,-1
189,518,324,344,146,124,1,-1,-1,-1
190,518,324,344,146,124,1,-1,-1,-1
191,518,324,344,146,124,1,-1,-1,-1
192,518,324,344,146,124,1,-1,-1,-1
193,518,324,344,146,124,1,-1,-1,-1
194,518,324,344,146,124,1,-1,-1,-1
195,518,324,344,146,124,1,-1,-1,-1
196,518,324,344,146,124,1,-1,-1,-1
197,518,324,344,146,124,1,-1,-1,-1
198,518,324,344,146,124,1,-1,-1,-1
199,518,324,344,146,124,1,-1,-1,-1
200,518,324,344,146,124,1,-1,-1,-1
201,518,324,344,147,124,1,-1,-1,-1
202,518,324,344,147,124,1,-1,-1,-1
203,518,324,344,147,124,1,-1,-1,-1
204,518,324,344,147,124,1,-1,-1,-1
205,518,324,344,147,124,1,-1,-1,-1
206,518,324,344,147,124,1,-1,-1,-1
207,518,324,344,147,124,1,-1,-1,-1
208,518,324,344,147,124,1,-1,-1,-1
209,518,324,344,146,124,1,-1,-1,-1
210,518,324,344,146,124,1,-1,-1,-1
211,518,324,344,146,124,1,-1,-1,-1
212,518,324,344,146,124,1,-1,-1,-1
213,518,324,344,146,124,1,-1,-1,-1
214,518,324,344,146,124,1,-1,-1,-1
215,518,324,344,146,124,1,-1,-1,-1
216,518,324,344,146,124,1,-1,-1,-1
217,518,324,343,146,124,1,-1,-1,-1
218,518,324,343,146,124,1,-1,-1,-1
219,518,324,343,146,124,1,-1,-1,-1
220,518,324,343,146,124,1,-1,-1,-1
221,518,324,343,146,125,1,-1,-1,-1
222,518,324,343,146,125,1,-1,-1,-1
223,518,324,343,146,124,1,-1,-1,-1
224,518,324,343,146,124,1,-1,-1,-1
225,518,324,344,146,124,1,-1,-1,-1
226,518,324,344,146,124,1,-1,-1,-1
227,518,324,344,146,124,1,-1,-1,-1
228,518,324,344,146,124,1,-1,-1,-1
229,518,324,344,146,124,1,-1,-1,-1
230,518,324,344,146,124,1,-1,-1,-1
231,518,324,344,146,124,1,-1,-1,-1
232,518,324,344,146,124,1,-1,-1,-1
233,518,324,344,146,123,1,-1,-1,-1
234,518,324,344,146,123,1,-1,-1,-1
235,518,324,344,146,123,1,-1,-1,-1
236,518,324,344,146,123,1,-1,-1,-1
237,518,324,344,146,123,1,-1,-1,-1
238,518,324,344,146,123,1,-1,-1,-1
239,518,324,344,146,123,1,-1,-1,-1
240,518,324,344,146,123,1,-1,-1,-1
241,518,324,344,146,124,1,-1,-1,-1
242,518,324,344,146,124,1,-1,-1,-1
243,518,324,344,146,124,1,-1,-1,-1
244,518,324,344,146,124,1,-1,-1,-1
245,518,324,344,146,124,1,-1,-1,-1
246,518,324,344,146,124,1,-1,-1,-1
247,518,324,344,146,124,1,-1,-1,-1
248,518,324,344,146,124,1,-1,-1,-1
249,518,324,344,146,124,1,-1,-1,-1
250,518,324,344,147,124,1,-1,-1,-1
251,518,324,344,146,124,1,-1,-1,-1
252,518,324,344,146,124,1,-1,-1,-1
253,518,324,344,146,124,1,-1,-1,-1
254,518,324,344,146,124,1,-1,-1,-1
255,518,324,344,146,124,1,-1,-1,-1
256,518,324,344,146,124,1,-1,-1,-1
257,518,324,344,146,124,1,-1,-1,-1
258,518,324,344,146,124,1,-1,-1,-1
259,518,324,344,146,124,1,-1,-1,-1
260,518,324,344,146,124,1,-1,-1,-1
261,518,324,344,146,124,1,-1,-1,-1
262,518,324,344,146,124,1,-1,-1,-1
263,518,324,344,146,124,1,-1,-1,-1
264,518,324,344,146,124,1,-1,-1,-1
265,518,324,344,146,124,1,-1,-1,-1
266,518,324,344,146,124,1,-1,-1,-1
267,518,324,344,146,124,1,-1,-1,-1
268,518,324,344,146,124,1,-1,-1,-1
269,518,324,344,146,124,1,-1,-1,-1
270,518,324,344,146,124,1,-1,-1,-1
271,518,324,344,146,124,1,-1,-1,-1
272,518,324,344,146,124,1,-1,-1,-1
273,518,325,344,146,123,1,-1,-1,-1
274,518,325,344,146,123,1,-1,-1,-1
275,518,325,344,146,123,1,-1,-1,-1
276,518,325,344,146,123,1,-1,-1,-1
277,518,324,344,146,123,1,-1,-1,-1
278,518,324,344,146,123,1,-1,-1,-1
279,518,324,344,146,123,1,-1,-1,-1
280,518,324,344,146,123,1,-1,-1,-1
281,518,324,344,146,124,1,-1,-1,-1
282,518,324,344,146,124,1,-1,-1,-1
283,518,324,344,146,124,1,-1,-1,-1
284,518,324,344,146,124,1,-1,-1,-1
285,518,324,344,146,124,1,-1,-1,-1
286,518,324,344,146,124,1,-1,-1,-1
287,518,324,344,146,124,1,-1,-1,-1
288,518,324,344,146,124,1,-1,-1,-1
289,518,324,344,146,124,1,-1,-1,-1
290,518,324,344,146,124,1,-1,-1,-1
291,518,324,344,146,124,1,-1,-1,-1
292,518,324,344,146,124,1,-1,-1,-1
293,518,324,344,146,124,1,-1,-1,-1
294,518,324,344,146,124,1,-1,-1,-1
295,518,324,344,146,124,1,-1,-1,-1
296,518,324,344,146,124,1,-1,-1,-1
297,518,324,344,147,123,1,-1,-1,-1
298,518,324,344,146,123,1,-1,-1,-1
299,518,324,344,147,123,1,-1,-1,-1
300,518,324,344,147,123,1,-1,-1,-1
301,518,324,344,146,124,1,-1,-1,-1
302,518,324,344,147,124,1,-1,-1,-1
303,518,324,344,147,124,1,-1,-1,-1
304,518,324,344,147,124,1,-1,-1,-1
305,518,324,345,147,124,1,-1,-1,-1
306,518,324,345,147,124,1,-1,-1,-1
307,518,324,345,147,124,1,-1,-1,-1
308,518,324,345,146,124,1,-1,-1,-1
309,518,324,345,147,124,1,-1,-1,-1
310,518,324,344,147,124,1,-1,-1,-1
311,518,324,345,147,124,1,-1,-1,-1
312,518,324,345,147,124,1,-1,-1,-1
313,518,324,344,146,124,1,-1,-1,-1
314,518,324,344,146,124,1,-1,-1,-1
315,518,324,344,146,124,1,-1,-1,-1
316,518,324,344,146,124,1,-1,-1,-1
317,518,324,344,147,124,1,-1,-1,-1
318,518,324,344,146,124,1,-1,-1,-1
319,518,324,344,146,124,1,-1,-1,-1
320,518,324,344,146,124,1,-1,-1,-1
321,518,324,344,146,124,1,-1,-1,-1
322,518,324,344,146,124,1,-1,-1,-1
323,518,324,344,146,124,1,-1,-1,-1
324,518,324,344,147,124,1,-1,-1,-1
325,518,324,344,147,124,1,-1,-1,-1
326,518,324,344,147,124,1,-1,-1,-1
327,518,324,344,147,124,1,-1,-1,-1
328,518,324,344,147,124,1,-1,-1,-1
329,518,324,344,147,124,1,-1,-1,-1
330,518,324,344,147,124,1,-1,-1,-1
331,518,324,344,147,124,1,-1,-1,-1
332,518,324,344,147,124,1,-1,-1,-1
333,518,324,344,147,124,1,-1,-1,-1
334,518,324,344,147,124,1,-1,-1,-1
335,518,324,344,147,124,1,-1,-1,-1
336,518,324,344,147,124,1,-1,-1,-1
337,518,324,344,146,124,1,-1,-1,-1
338,518,324,344,146,124,1,-1,-1,-1
339,518,324,344,146,124,1,-1,-1,-1
340,518,324,344,146,124,1,-1,-1,-1
341,518,324,344,146,124,1,-1,-1,-1
342,518,324,344,146,124,1,-1,-1,-1
343,518,324,344,146,124,1,-1,-1,-1
344,518,324,344,146,124,1,-1,-1,-1
345,518,324,344,146,124,1,-1,-1,-1
346,518,324,344,146,124,1,-1,-1,-1
347,518,324,344,146,124,1,-1,-1,-1
348,518,324,344,146,124,1,-1,-1,-1
349,518,324,344,147,123,1,-1,-1,-1
350,518,324,344,147,123,1,-1,-1,-1
351,518,324,344,147,123,1,-1,-1,-1
352,518,324,344,147,123,1,-1,-1,-1
353,518,324,344,146,124,1,-1,-1,-1
354,518,324,344,146,124,1,-1,-1,-1
355,518,324,344,146,124,1,-1,-1,-1
356,518,324,344,146,124,1,-1,-1,-1
357,518,324,344,146,124,1,-1,-1,-1
358,518,324,344,146,124,1,-1,-1,-1
359,518,324,344,146,124,1,-1,-1,-1
360,518,324,344,146,124,1,-1,-1,-1
361,518,325,345,146,123,1,-1,-1,-1
362,518,325,345,146,123,1,-1,-1,-1
363,518,325,345,146,123,1,-1,-1,-1
364,518,325,345,146,123,1,-1,-1,-1
365,518,325,345,146,123,1,-1,-1,-1
366,518,325,345,146,123,1,-1,-1,-1
367,518,325,345,146,123,1,-1,-1,-1
368,518,325,345,146,123,1,-1,-1,-1
369,518,324,344,146,124,1,-1,-1,-1
370,518,324,344,147,124,1,-1,-1,-1
371,518,324,344,147,124,1,-1,-1,-1
372,518,324,344,147,124,1,-1,-1,-1
373,518,324,344,147,124,1,-1,-1,-1
374,518,324,344,147,124,1,-1,-1,-1
375,518,324,344,147,124,1,-1,-1,-1
376,518,324,344,147,124,1,-1,-1,-1
377,518,325,344,146,124,1,-1,-1,-1
378,518,325,344,146,124,1,-1,-1,-1
379,518,325,344,146,124,1,-1,-1,-1
380,518,325,344,146,124,1,-1,-1,-1
381,518,325,344,146,124,1,-1,-1,-1
382,518,325,344,146,124,1,-1,-1,-1
383,518,324,344,146,124,1,-1,-1,-1
384,518,324,344,146,124,1,-1,-1,-1
385,518,324,344,146,124,1,-1,-1,-1
386,518,324,344,146,124,1,-1,-1,-1
387,518,324,344,146,124,1,-1,-1,-1
388,518,324,344,146,124,1,-1,-1,-1
389,518,324,344,146,124,1,-1,-1,-1
390,518,324,344,146,124,1,-1,-1,-1
391,518,324,344,146,124,1,-1,-1,-1
392,518,324,344,146,124,1,-1,-1,-1
393,518,324,344,146,124,1,-1,-1,-1
394,518,325,344,146,124,1,-1,-1,-1
395,518,325,344,146,124,1,-1,-1,-1
396,518,324,344,146,124,1,-1,-1,-1
397,518,324,344,146,124,1,-1,-1,-1
398,518,324,344,146,124,1,-1,-1,-1
399,518,324,344,146,124,1,-1,-1,-1
400,518,324,344,146,124,1,-1,-1,-1
401,518,324,344,146,124,1,-1,-1,-1
402,518,324,344,146,124,1,-1,-1,-1
403,518,324,344,146,124,1,-1,-1,-1
404,518,324,344,146,124,1,-1,-1,-1
405,518,324,344,146,124,1,-1,-1,-1
406,518,324,344,146,124,1,-1,-1,-1
407,518,324,344,146,124,1,-1,-1,-1
408,518,324,344,146,124,1,-1,-1,-1
409,518,325,344,146,123,1,-1,-1,-1
410,518,325,344,146,123,1,-1,-1,-1
411,518,325,344,146,123,1,-1,-1,-1
412,518,325,344,146,123,1,-1,-1,-1
413,518,325,344,146,123,1,-1,-1,-1
414,518,325,344,146,123,1,-1,-1,-1
415,518,325,344,146,123,1,-1,-1,-1
416,518,325,344,146,123,1,-1,-1,-1
417,518,324,344,146,124,1,-1,-1,-1
418,518,324,344,146,124,1,-1,-1,-1
419,518,324,344,146,124,1,-1,-1,-1
420,518,324,344,146,124,1,-1,-1,-1
421,518,324,344,146,124,1,-1,-1,-1
422,518,324,344,146,124,1,-1,-1,-1
423,518,324,344,146,124,1,-1,-1,-1
424,518,324,344,146,124,1,-1,-1,-1
425,518,325,344,146,124,1,-1,-1,-1
426,518,325,344,146,124,1,-1,-1,-1
427,518,325,344,146,124,1,-1,-1,-1
428,518,325,344,146,124,1,-1,-1,-1
429,518,325,344,146,124,1,-1,-1,-1
430,518,325,344,146,124,1,-1,-1,-1
431,518,325,344,146,124,1,-1,-1,-1
432,518,325,344,146,124,1,-1,-1,-1
433,518,324,344,146,124,1,-1,-1,-1
434,518,324,344,146,124,1,-1,-1,-1
435,518,324,344,146,124,1,-1,-1,-1
436,518,324,344,146,124,1,-1,-1,-1
437,518,324,344,146,124,1,-1,-1,-1
438,518,324,344,147,124,1,-1,-1,-1
439,518,324,344,147,124,1,-1,-1,-1
440,518,324,344,147,124,1,-1,-1,-1
441,518,324,344,146,123,1,-1,-1,-1
442,518,324,344,146,124,1,-1,-1,-1
443,518,324,344,146,124,1,-1,-1,-1
444,518,324,344,146,124,1,-1,-1,-1
445,518,325,344,146,123,1,-1,-1,-1
446,518,324,344,146,124,1,-1,-1,-1
447,518,325,344,146,123,1,-1,-1,-1
448,518,325,344,145,123,1,-1,-1,-1
449,518,325,345,145,124,1,-1,-1,-1
450,518,325,345,144,123,1,-1,-1,-1
451,518,325,345,144,123,1,-1,-1,-1
452,518,325,345,142,123,1,-1,-1,-1
453,518,324,345,142,123,1,-1,-1,-1
454,518,324,345,142,123,1,-1,-1,-1
455,518,324,345,142,123,1,-1,-1,-1
456,518,324,345,142,123,1,-1,-1,-1
457,518,325,344,141,124,1,-1,-1,-1
458,518,325,344,141,124,1,-1,-1,-1
459,518,325,344,142,124,1,-1,-1,-1
460,518,325,344,141,124,1,-1,-1,-1
461,518,324,344,142,124,1,-1,-1,-1
462,518,324,344,144,124,1,-1,-1,-1
463,518,325,344,145,124,1,-1,-1,-1
464,518,325,344,145,124,1,-1,-1,-1
465,518,325,344,146,124,1,-1,-1,-1
466,518,325,344,146,124,1,-1,-1,-1
467,518,325,344,146,124,1,-1,-1,-1
468,518,325,344,146,124,1,-1,-1,-1
469,518,325,344,146,124,1,-1,-1,-1
470,518,324,344,147,124,1,-1,-1,-1
471,518,324,344,147,124,1,-1,-1,-1
472,518,325,344,147,124,1,-1,-1,-1
473,518,324,344,147,124,1,-1,-1,-1
474,518,324,344,147,124,1,-1,-1,-1
475,518,324,344,147,124,1,-1,-1,-1
476,518,324,344,147,124,1,-1,-1,-1
477,518,324,344,147,124,1,-1,-1,-1
478,518,324,344,147,124,1,-1,-1,-1
479,518,324,344,147,124,1,-1,-1,-1
480,518,324,344,147,124,1,-1,-1,-1
481,518,325,344,146,124,1,-1,-1,-1
482,518,325,344,146,124,1,-1,-1,-1
483,518,325,344,146,124,1,-1,-1,-1
484,518,325,344,146,124,1,-1,-1,-1
485,518,325,344,146,124,1,-1,-1,-1
486,518,325,344,146,124,1,-1,-1,-1
487,518,325,344,146,124,1,-1,-1,-1
488,518,325,344,146,124,1,-1,-1,-1
489,518,325,343,146,124,1,-1,-1,-1
490,518,325,344,146,124,1,-1,-1,-1
491,518,325,344,146,124,1,-1,-1,-1
492,518,325,343,146,124,1,-1,-1,-1
493,518,324,343,146,125,1,-1,-1,-1
494,518,324,343,146,125,1,-1,-1,-1
495,518,324,343,146,125,1,-1,-1,-1
496,518,324,343,146,125,1,-1,-1,-1
497,518,325,344,146,124,1,-1,-1,-1
498,518,325,344,146,124,1,-1,-1,-1
499,518,324,343,146,124,1,-1,-1,-1
500,518,324,343,146,124,1,-1,-1,-1
501,518,324,344,146,124,1,-1,-1,-1
502,518,324,344,146,124,1,-1,-1,-1
503,518,324,344,146,124,1,-1,-1,-1
504,518,324,344,146,124,1,-1,-1,-1
505,518,325,344,146,124,1,-1,-1,-1
506,518,325,344,146,124,1,-1,-1,-1
507,518,325,344,146,124,1,-1,-1,-1
508,518,325,344,146,124,1,-1,-1,-1
509,518,325,344,146,124,1,-1,-1,-1
510,518,325,344,146,124,1,-1,-1,-1
511,518,325,344,146,124,1,-1,-1,-1
512,518,325,344,146,124,1,-1,-1,-1
513,518,325,344,146,124,1,-1,-1,-1
514,518,325,344,146,124,1,-1,-1,-1
515,518,325,344,146,124,1,-1,-1,-1
516,518,325,344,146,124,1,-1,-1,-1
517,518,325,344,146,124,1,-1,-1,-1
518,518,325,344,146,124,1,-1,-1,-1
519,518,325,344,146,124,1,-1,-1,-1
520,518,325,344,146,124,1,-1,-1,-1
521,518,325,344,146,123,1,-1,-1,-1
522,518,325,344,146,123,1,-1,-1,-1
523,518,325,344,146,123,1,-1,-1,-1
524,518,325,344,146,124,1,-1,-1,-1
525,518,325,344,146,124,1,-1,-1,-1
526,518,325,344,146,124,1,-1,-1,-1
527,518,325,344,146,124,1,-1,-1,-1
528,518,325,344,146,124,1,-1,-1,-1
529,518,325,344,146,124,1,-1,-1,-1
530,518,325,344,146,124,1,-1,-1,-1
531,518,325,344,146,124,1,-1,-1,-1
532,518,325,344,146,124,1,-1,-1,-1
533,518,325,344,146,124,1,-1,-1,-1
534,518,325,344,146,124,1,-1,-1,-1
535,518,325,344,146,124,1,-1,-1,-1
536,518,325,344,146,124,1,-1,-1,-1
537,518,325,344,146,124,1,-1,-1,-1
538,518,325,344,146,124,1,-1,-1,-1
539,518,325,344,146,124,1,-1,-1,-1
540,518,325,344,146,124,1,-1,-1,-1
541,518,325,344,146,124,1,-1,-1,-1
542,518,325,344,146,124,1,-1,-1,-1
543,518,325,344,146,124,1,-1,-1,-1
544,518,325,344,146,124,1,-1,-1,-1
545,518,325,344,146,124,1,-1,-1,-1
546,518,325,344,146,124,1,-1,-1,-1
547,518,325,344,146,124,1,-1,-1,-1
548,518,325,344,146,124,1,-1,-1,-1
549,518,325,344,146,124,1,-1,-1,-1
550,518,325,344,146,124,1,-1,-1,-1
551,518,325,344,146,124,1,-1,-1,-1
552,518,325,344,146,124,1,-1,-1,-1
553,518,324,344,146,124,1,-1,-1,-1
554,518,324,344,146,124,1,-1,-1,-1
555,518,324,344,146,124,1,-1,-1,-1
556,518,324,344,146,124,1,-1,-1,-1
557,518,324,344,146,124,1,-1,-1,-1
558,518,324,344,146,124,1,-1,-1,-1
559,518,324,344,146,124,1,-1,-1,-1
560,518,324,344,146,124,1,-1,-1,-1
561,518,324,344,146,124,1,-1,-1,-1
562,518,324,344,146,124,1,-1,-1,-1
563,518,324,344,146,124,1,-1,-1,-1
564,518,324,344,146,124,1,-1,-1,-1
565,518,324,344,146,124,1,-1,-1,-1
566,518,324,344,146,124,1,-1,-1,-1
567,518,324,344,146,124,1,-1,-1,-1
568,518,324,344,146,124,1,-1,-1,-1
569,518,325,344,146,124,1,-1,-1,-1
570,518,325,344,146,124,1,-1,-1,-1
571,518,325,344,146,124,1,-1,-1,-1
572,518,325,344,146,124,1,-1,-1,-1
573,518,325,344,146,124,1,-1,-1,-1
574,518,325,344,146,124,1,-1,-1,-1
575,518,325,344,146,124,1,-1,-1,-1
576,518,325,344,146,124,1,-1,-1,-1
577,518,324,344,147,124,1,-1,-1,-1
578,518,324,344,147,124,1,-1,-1,-1
579,518,324,344,147,124,1,-1,-1,-1
580,518,324,344,146,124,1,-1,-1,-1
581,518,324,344,146,124,1,-1,-1,-1
582,518,324,344,146,124,1,-1,-1,-1
583,518,324,344,146,124,1,-1,-1,-1
584,518,324,344,146,123,1,-1,-1,-1
585,518,325,344,146,123,1,-1,-1,-1
586,518,325,344,146,123,1,-1,-1,-1
587,518,325,344,146,123,1,-1,-1,-1
588,518,325,344,146,123,1,-1,-1,-1
589,518,324,345,146,123,1,-1,-1,-1
590,518,324,345,146,123,1,-1,-1,-1
591,518,324,344,146,123,1,-1,-1,-1
592,518,324,344,146,123,1,-1,-1,-1
593,518,324,344,146,124,1,-1,-1,-1
594,518,324,344,146,124,1,-1,-1,-1
595,518,324,344,146,124,1,-1,-1,-1
596,518,324,344,146,124,1,-1,-1,-1
597,518,324,344,146,124,1,-1,-1,-1
598,518,324,344,146,124,1,-1,-1,-1
599,518,324,344,146,124,1,-1,-1,-1
600,518,324,344,146,124,1,-1,-1,-1
601,518,325,344,146,124,1,-1,-1,-1
602,518,325,344,146,124,1,-1,-1,-1
603,518,325,344,146,124,1,-1,-1,-1
604,518,325,344,146,124,1,-1,-1,-1
605,518,325,344,146,124,1,-1,-1,-1
606,518,325,344,146,124,1,-1,-1,-1
607,518,325,344,146,124,1,-1,-1,-1
608,518,325,344,146,124,1,-1,-1,-1
609,518,325,344,146,124,1,-1,-1,-1
610,518,324,344,146,124,1,-1,-1,-1
611,518,324,343,146,124,1,-1,-1,-1
612,518,324,343,146,124,1,-1,-1,-1
613,518,324,344,146,124,1,-1,-1,-1
614,518,324,344,146,124,1,-1,-1,-1
615,518,324,344,146,124,1,-1,-1,-1
616,518,324,344,146,124,1,-1,-1,-1
617,518,324,344,146,124,1,-1,-1,-1
618,518,324,344,146,124,1,-1,-1,-1
619,518,324,344,146,124,1,-1,-1,-1
620,518,324,344,146,124,1,-1,-1,-1
621,518,324,344,146,124,1,-1,-1,-1
622,518,324,344,146,123,1,-1,-1,-1
623,518,324,344,146,123,1,-1,-1,-1
624,518,324,344,146,123,1,-1,-1,-1
625,518,324,344,146,124,1,-1,-1,-1
626,518,324,344,146,124,1,-1,-1,-1
627,518,324,344,146,124,1,-1,-1,-1
628,518,324,344,146,124,1,-1,-1,-1
629,518,324,344,147,124,1,-1,-1,-1
630,518,324,344,147,124,1,-1,-1,-1
631,518,324,344,147,124,1,-1,-1,-1
632,518,324,344,147,124,1,-1,-1,-1
633,518,324,344,146,124,1,-1,-1,-1
634,518,324,344,146,124,1,-1,-1,-1
635,518,324,344,146,124,1,-1,-1,-1
636,518,324,344,146,124,1,-1,-1,-1
637,518,324,344,146,124,1,-1,-1,-1
638,518,324,344,146,124,1,-1,-1,-1
639,518,324,344,146,124,1,-1,-1,-1
640,518,324,344,146,124,1,-1,-1,-1
641,518,325,344,146,124,1,-1,-1,-1
642,518,325,344,146,124,1,-1,-1,-1
643,518,325,344,146,123,1,-1,-1,-1
644,518,325,344,146,124,1,-1,-1,-1
645,518,325,344,146,124,1,-1,-1,-1
646,518,325,344,146,124,1,-1,-1,-1
647,518,325,344,146,124,1,-1,-1,-1
648,518,325,344,146,124,1,-1,-1,-1
649,518,325,344,146,124,1,-1,-1,-1
650,518,325,344,146,124,1,-1,-1,-1
651,518,325,344,146,124,1,-1,-1,-1
652,518,325,344,146,124,1,-1,-1,-1
653,518,325,344,146,124,1,-1,-1,-1
654,518,325,344,146,124,1,-1,-1,-1
655,518,325,344,146,124,1,-1,-1,-1
656,518,325,344,146,124,1,-1,-1,-1
657,518,325,344,146,124,1,-1,-1,-1
658,518,325,344,146,124,1,-1,-1,-1
659,518,325,344,146,124,1,-1,-1,-1
660,518,325,344,146,124,1,-1,-1,-1
661,518,325,344,146,124,1,-1,-1,-1
662,518,325,344,146,124,1,-1,-1,-1
663,518,325,344,146,124,1,-1,-1,-1
664,518,325,344,146,124,1,-1,-1,-1
665,518,325,344,146,124,1,-1,-1,-1
666,518,325,344,146,124,1,-1,-1,-1
667,518,325,344,146,124,1,-1,-1,-1
668,518,325,344,146,124,1,-1,-1,-1
669,518,324,344,146,124,1,-1,-1,-1
670,518,325,344,146,124,1,-1,-1,-1
671,518,324,344,146,124,1,-1,-1,-1
672,518,324,344,146,124,1,-1,-1,-1
673,518,325,344,146,124,1,-1,-1,-1
674,518,325,344,146,124,1,-1,-1,-1
675,518,325,344,146,124,1,-1,-1,-1
676,518,325,344,146,124,1,-1,-1,-1
677,518,325,344,146,124,1,-1,-1,-1
678,518,325,344,146,124,1,-1,-1,-1
679,518,325,344,146,124,1,-1,-1,-1
680,518,325,344,146,124,1,-1,-1,-1
681,518,325,344,146,124,1,-1,-1,-1
682,518,325,344,146,124,1,-1,-1,-1
683,518,324,344,146,124,1,-1,-1,-1
684,518,324,344,146,124,1,-1,-1,-1
685,518,324,344,146,124,1,-1,-1,-1
686,518,324,344,146,124,1,-1,-1,-1
687,518,324,344,146,124,1,-1,-1,-1
688,518,324,344,146,124,1,-1,-1,-1
689,518,325,344,146,124,1,-1,-1,-1
690,518,325,344,146,124,1,-1,-1,-1
691,518,325,344,146,124,1,-1,-1,-1
692,518,325,344,146,124,1,-1,-1,-1
693,518,325,344,146,124,1,-1,-1,-1
694,518,325,344,146,124,1,-1,-1,-1
695,518,325,344,146,124,1,-1,-1,-1
696,518,325,344,146,124,1,-1,-1,-1
697,518,325,344,146,124,1,-1,-1,-1
698,518,325,344,146,124,1,-1,-1,-1
699,518,325,344,146,124,1,-1,-1,-1
700,518,325,344,146,124,1,-1,-1,-1
701,518,325,344,146,124,1,-1,-1,-1
702,518,325,344,146,124,1,-1,-1,-1
703,518,325,344,146,124,1,-1,-1,-1
704,518,325,344,146,124,1,-1,-1,-1
705,518,325,344,146,124,1,-1,-1,-1
706,518,325,344,146,124,1,-1,-1,-1
707,518,325,344,146,124,1,-1,-1,-1
708,518,325,344,146,124,1,-1,-1,-1
709,518,325,344,146,124,1,-1,-1,-1
710,518,325,344,146,124,1,-1,-1,-1
711,518,325,344,146,124,1,-1,-1,-1
712,518,325,344,146,124,1,-1,-1,-1
713,518,325,344,146,124,1,-1,-1,-1
714,518,325,344,146,124,1,-1,-1,-1
715,518,325,344,146,124,1,-1,-1,-1
716,518,325,344,146,124,1,-1,-1,-1
717,518,325,344,146,124,1,-1,-1,-1
718,518,325,344,146,124,1,-1,-1,-1
719,518,325,344,146,124,1,-1,-1,-1
720,518,325,344,146,124,1,-1,-1,-1
721,518,325,344,146,124,1,-1,-1,-1
722,518,325,344,146,124,1,-1,-1,-1
723,518,325,344,146,124,1,-1,-1,-1
724,518,325,344,146,124,1,-1,-1,-1
725,518,325,344,146,124,1,-1,-1,-1
726,518,325,344,146,124,1,-1,-1,-1
727,518,325,344,146,124,1,-1,-1,-1
728,518,325,344,146,124,1,-1,-1,-1
729,518,325,344,146,124,1,-1,-1,-1
730,518,325,344,146,124,1,-1,-1,-1
731,518,325,344,146,124,1,-1,-1,-1
732,518,325,344,146,124,1,-1,-1,-1
733,518,325,344,146,124,1,-1,-1,-1
734,518,325,344,146,124,1,-1,-1,-1
735,518,325,344,146,124,1,-1,-1,-1
736,518,325,344,146,124,1,-1,-1,-1
737,518,325,344,146,123,1,-1,-1,-1
738,518,325,344,146,123,1,-1,-1,-1
739,518,325,344,146,123,1,-1,-1,-1
740,518,325,344,146,123,1,-1,-1,-1
741,518,325,344,146,123,1,-1,-1,-1
742,518,325,344,146,123,1,-1,-1,-1
743,518,325,344,146,123,1,-1,-1,-1
744,518,325,344,147,124,1,-1,-1,-1
745,518,325,345,147,123,1,-1,-1,-1
746,518,325,345,147,123,1,-1,-1,-1
747,518,325,345,147,123,1,-1,-1,-1
748,518,325,345,147,123,1,-1,-1,-1
749,518,325,345,147,123,1,-1,-1,-1
750,518,325,345,146,123,1,-1,-1,-1
751,518,325,344,146,123,1,-1,-1,-1
752,518,325,344,146,123,1,-1,-1,-1
753,518,325,344,146,124,1,-1,-1,-1
754,518,325,344,146,124,1,-1,-1,-1
755,518,325,344,146,124,1,-1,-1,-1
756,518,325,344,146,124,1,-1,-1,-1
757,518,325,344,146,124,1,-1,-1,-1
758,518,325,344,146,124,1,-1,-1,-1
759,518,325,344,146,124,1,-1,-1,-1
760,518,325,344,146,124,1,-1,-1,-1
761,518,324,344,146,124,1,-1,-1,-1
762,518,324,344,146,124,1,-1,-1,-1
763,518,324,344,146,124,1,-1,-1,-1
764,518,324,344,147,124,1,-1,-1,-1
765,518,324,344,147,124,1,-1,-1,-1
766,518,324,344,147,124,1,-1,-1,-1
767,518,325,344,146,124,1,-1,-1,-1
768,518,325,344,146,124,1,-1,-1,-1
769,518,325,344,146,124,1,-1,-1,-1
770,518,325,344,146,124,1,-1,-1,-1
771,518,325,344,146,124,1,-1,-1,-1
772,518,325,344,146,124,1,-1,-1,-1
773,518,325,343,146,125,1,-1,-1,-1
774,518,325,344,146,124,1,-1,-1,-1
775,518,325,344,146,124,1,-1,-1,-1
776,518,325,343,146,125,1,-1,-1,-1
777,518,325,344,146,124,1,-1,-1,-1
778,518,325,343,146,125,1,-1,-1,-1
779,518,325,343,146,125,1,-1,-1,-1
780,518,325,343,146,125,1,-1,-1,-1
781,518,325,344,146,124,1,-1,-1,-1
782,518,325,344,146,124,1,-1,-1,-1
783,518,325,344,146,123,1,-1,-1,-1
784,518,325,345,146,123,1,-1,-1,-1
785,518,325,345,146,123,1,-1,-1,-1
786,518,325,344,146,124,1,-1,-1,-1
787,518,325,344,146,124,1,-1,-1,-1
788,518,325,341,146,127,1,-1,-1,-1
789,518,325,343,146,125,1,-1,-1,-1
790,518,325,344,146,124,1,-1,-1,-1
791,518,325,344,146,124,1,-1,-1,-1
792,518,325,343,146,125,1,-1,-1,-1
793,518,325,342,146,126,1,-1,-1,-1
794,518,325,342,146,126,1,-1,-1,-1
795,518,325,342,146,126,1,-1,-1,-1
796,518,325,342,146,126,1,-1,-1,-1
797,518,325,342,146,126,1,-1,-1,-1
798,518,325,342,146,126,1,-1,-1,-1
799,518,325,342,146,126,1,-1,-1,-1
800,518,325,342,146,126,1,-1,-1,-1
801,518,325,342,146,126,1,-1,-1,-1
802,518,324,342,146,126,1,-1,-1,-1
803,518,324,342,146,126,1,-1,-1,-1
804,518,324,342,146,126,1,-1,-1,-1
805,518,324,343,147,125,1,-1,-1,-1
806,518,324,343,147,125,1,-1,-1,-1
807,518,324,343,147,124,1,-1,-1,-1
808,518,324,344,147,124,1,-1,-1,-1
809,518,325,343,146,124,1,-1,-1,-1
810,518,325,342,146,126,1,-1,-1,-1
811,518,325,343,146,125,1,-1,-1,-1
812,518,325,344,146,124,1,-1,-1,-1
813,518,325,344,146,124,1,-1,-1,-1
814,518,325,345,146,123,1,-1,-1,-1
815,518,325,344,146,123,1,-1,-1,-1
816,518,325,344,146,124,1,-1,-1,-1
817,518,325,344,146,124,1,-1,-1,-1
818,518,324,344,146,124,1,-1,-1,-1
819,518,325,344,146,124,1,-1,-1,-1
820,518,325,343,146,125,1,-1,-1,-1
821,518,325,342,146,126,1,-1,-1,-1
822,518,325,344,146,124,1,-1,-1,-1
823,518,325,343,146,125,1,-1,-1,-1
824,518,325,342,146,126,1,-1,-1,-1
825,518,325,344,146,124,1,-1,-1,-1
826,518,325,343,146,125,1,-1,-1,-1
827,518,325,343,146,125,1,-1,-1,-1
828,518,325,344,146,124,1,-1,-1,-1
829,518,325,344,146,124,1,-1,-1,-1
830,518,325,343,146,125,1,-1,-1,-1
831,518,325,344,146,124,1,-1,-1,-1
832,518,325,343,146,125,1,-1,-1,-1
833,518,325,344,146,124,1,-1,-1,-1
834,518,325,344,146,124,1,-1,-1,-1
835,518,325,344,146,124,1,-1,-1,-1
836,518,325,344,146,124,1,-1,-1,-1
837,518,325,344,146,124,1,-1,-1,-1
838,518,325,343,146,125,1,-1,-1,-1
839,518,325,343,146,125,1,-1,-1,-1
840,518,325,343,146,125,1,-1,-1,-1
841,518,325,343,147,124,1,-1,-1,-1
842,518,325,343,147,125,1,-1,-1,-1
843,518,325,343,147,125,1,-1,-1,-1
844,518,324,343,147,125,1,-1,-1,-1
845,518,324,343,147,124,1,-1,-1,-1
846,518,324,343,147,125,1,-1,-1,-1
847,518,325,343,147,125,1,-1,-1,-1
848,518,325,343,147,124,1,-1,-1,-1
849,518,325,344,146,124,1,-1,-1,-1
850,518,325,344,146,124,1,-1,-1,-1
851,518,325,344,146,124,1,-1,-1,-1
852,518,325,344,146,124,1,-1,-1,-1
853,518,325,343,146,125,1,-1,-1,-1
854,518,325,343,146,126,1,-1,-1,-1
855,518,325,343,146,125,1,-1,-1,-1
856,518,325,344,146,124,1,-1,-1,-1
857,518,325,343,146,125,1,-1,-1,-1
858,518,325,344,146,124,1,-1,-1,-1
859,518,325,344,146,124,1,-1,-1,-1
860,518,325,344,146,124,1,-1,-1,-1
861,518,325,343,146,125,1,-1,-1,-1
862,518,325,343,146,125,1,-1,-1,-1
863,518,325,343,146,125,1,-1,-1,-1
864,518,325,344,146,124,1,-1,-1,-1
865,518,325,343,146,124,1,-1,-1,-1
866,518,325,344,146,124,1,-1,-1,-1
867,518,325,344,146,124,1,-1,-1,-1
868,518,325,344,146,124,1,-1,-1,-1
869,518,325,344,146,124,1,-1,-1,-1
870,518,325,344,146,124,1,-1,-1,-1
871,518,325,344,146,124,1,-1,-1,-1
872,518,325,344,146,124,1,-1,-1,-1
873,518,325,344,146,124,1,-1,-1,-1
874,518,325,344,146,124,1,-1,-1,-1
875,518,325,344,146,124,1,-1,-1,-1
876,518,325,344,146,124,1,-1,-1,-1
877,518,324,344,147,124,1,-1,-1,-1
878,518,324,344,146,124,1,-1,-1,-1
879,518,324,344,146,123,1,-1,-1,-1
880,518,324,344,146,123,1,-1,-1,-1
881,518,325,344,146,124,1,-1,-1,-1
882,518,325,344,146,124,1,-1,-1,-1
883,518,325,344,146,124,1,-1,-1,-1
884,518,325,344,146,124,1,-1,-1,-1
885,518,324,344,146,124,1,-1,-1,-1
886,518,324,344,146,124,1,-1,-1,-1
887,518,325,344,145,124,1,-1,-1,-1
888,518,324,344,145,124,1,-1,-1,-1
889,518,325,344,146,124,1,-1,-1,-1
890,518,325,344,146,124,1,-1,-1,-1
891,518,325,344,146,124,1,-1,-1,-1
892,518,325,344,146,124,1,-1,-1,-1
893,518,325,344,146,124,1,-1,-1,-1
894,518,325,344,146,124,1,-1,-1,-1
895,518,325,344,146,124,1,-1,-1,-1
896,518,325,344,146,124,1,-1,-1,-1
897,518,325,344,146,124,1,-1,-1,-1
898,518,324,344,146,124,1,-1,-1,-1
899,518,325,344,146,122,1,-1,-1,-1
900,518,325,344,146,123,1,-1,-1,-1
901,518,325,344,146,124,1,-1,-1,-1
902,518,325,344,146,123,1,-1,-1,-1
903,518,325,344,146,124,1,-1,-1,-1
904,518,325,344,146,124,1,-1,-1,-1
905,518,325,344,146,124,1,-1,-1,-1
906,518,325,344,146,124,1,-1,-1,-1
907,518,325,344,146,124,1,-1,-1,-1
908,518,325,344,146,124,1,-1,-1,-1
909,518,325,344,146,124,1,-1,-1,-1
910,518,325,344,146,124,1,-1,-1,-1
911,518,325,344,146,124,1,-1,-1,-1
912,518,325,344,146,124,1,-1,-1,-1
913,518,325,344,146,124,1,-1,-1,-1
914,518,325,344,146,124,1,-1,-1,-1
915,518,325,344,146,124,1,-1,-1,-1
916,518,325,344,146,124,1,-1,-1,-1
917,518,325,344,146,124,1,-1,-1,-1
918,518,325,344,146,124,1,-1,-1,-1
919,518,325,344,146,124,1,-1,-1,-1
920,518,325,344,146,124,1,-1,-1,-1
921,518,325,344,147,124,1,-1,-1,-1
922,518,325,344,146,124,1,-1,-1,-1
923,518,325,344,146,124,1,-1,-1,-1
924,518,325,344,146,124,1,-1,-1,-1
925,518,325,344,145,124,1,-1,-1,-1
926,518,324,344,143,124,1,-1,-1,-1
927,518,324,344,142,124,1,-1,-1,-1
928,518,324,344,142,124,1,-1,-1,-1
929,518,324,344,142,123,1,-1,-1,-1
930,518,324,344,142,124,1,-1,-1,-1
931,518,325,344,142,123,1,-1,-1,-1
932,518,325,344,142,123,1,-1,-1,-1
933,518,325,344,143,123,1,-1,-1,-1
934,518,325,344,144,123,1,-1,-1,-1
935,518,325,344,144,123,1,-1,-1,-1
936,518,325,344,144,123,1,-1,-1,-1
937,518,324,344,144,122,1,-1,-1,-1
938,518,324,344,142,116,1,-1,-1,-1
939,518,324,344,146,117,1,-1,-1,-1
940,518,324,344,147,120,1,-1,-1,-1
941,518,324,344,147,120,1,-1,-1,-1
942,518,324,344,147,120,1,-1,-1,-1
943,518,324,344,147,121,1,-1,-1,-1
944,518,324,344,147,123,1,-1,-1,-1
945,518,325,344,146,123,1,-1,-1,-1
946,518,324,344,146,123,1,-1,-1,-1
947,518,325,344,146,124,1,-1,-1,-1
948,518,325,344,146,124,1,-1,-1,-1
949,518,325,344,146,124,1,-1,-1,-1
950,518,325,344,146,124,1,-1,-1,-1
951,518,325,344,146,124,1,-1,-1,-1
952,518,325,344,146,124,1,-1,-1,-1
953,518,325,344,146,124,1,-1,-1,-1
954,518,325,344,146,124,1,-1,-1,-1
955,518,325,344,146,124,1,-1,-1,-1
956,518,325,344,146,124,1,-1,-1,-1
957,518,325,344,146,124,1,-1,-1,-1
958,518,325,344,146,124,1,-1,-1,-1
959,518,325,344,146,124,1,-1,-1,-1
960,518,325,344,146,124,1,-1,-1,-1
961,518,325,344,146,124,1,-1,-1,-1
962,518,325,344,146,124,1,-1,-1,-1
963,518,325,344,146,124,1,-1,-1,-1
964,518,325,344,146,124,1,-1,-1,-1
965,518,325,344,146,124,1,-1,-1,-1
966,518,325,344,146,124,1,-1,-1,-1
967,518,325,344,146,124,1,-1,-1,-1
968,518,325,344,146,124,1,-1,-1,-1
969,518,325,344,146,124,1,-1,-1,-1
970,518,325,344,146,124,1,-1,-1,-1
971,518,325,344,146,124,1,-1,-1,-1
972,518,325,344,146,124,1,-1,-1,-1
973,518,325,344,146,124,1,-1,-1,-1
974,518,325,344,146,124,1,-1,-1,-1
975,518,325,344,146,124,1,-1,-1,-1
976,518,325,344,146,124,1,-1,-1,-1
977,518,325,344,146,124,1,-1,-1,-1
978,518,325,344,146,124,1,-1,-1,-1
979,518,325,344,146,124,1,-1,-1,-1
980,518,325,344,146,124,1,-1,-1,-1
981,518,325,344,146,124,1,-1,-1,-1
982,518,325,344,146,124,1,-1,-1,-1
983,518,325,344,146,124,1,-1,-1,-1
984,518,325,344,146,124,1,-1,-1,-1
985,518,325,344,146,124,1,-1,-1,-1
986,518,325,344,146,124,1,-1,-1,-1
987,518,325,344,146,124,1,-1,-1,-1
988,518,325,344,146,124,1,-1,-1,-1
989,518,325,344,146,124,1,-1,-1,-1
990,518,325,344,146,124,1,-1,-1,-1
991,518,325,344,146,124,1,-1,-1,-1
992,518,325,344,146,124,1,-1,-1,-1
993,518,324,344,146,124,1,-1,-1,-1
994,518,324,344,146,124,1,-1,-1,-1
995,518,324,344,146,124,1,-1,-1,-1
996,518,324,344,146,124,1,-1,-1,-1
997,518,325,344,146,124,1,-1,-1,-1
998,518,325,344,146,124,1,-1,-1,-1
999,518,325,344,146,124,1,-1,-1,-1
1000,518,325,344,146,124,1,-1,-1,-1
1001,518,324,344,147,124,1,-1,-1,-1
1002,518,324,344,147,124,1,-1,-1,-1
1003,518,324,344,147,124,1,-1,-1,-1
1004,518,324,344,147,124,1,-1,-1,-1
1005,518,324,344,147,124,1,-1,-1,-1
1006,518,324,344,147,124,1,-1,-1,-1
1007,518,324,344,147,124,1,-1,-1,-1
1008,518,324,344,147,124,1,-1,-1,-1
1009,518,325,344,146,124,1,-1,-1,-1
1010,518,325,344,146,124,1,-1,-1,-1
1011,518,325,344,146,124,1,-1,-1,-1
1012,518,325,344,146,124,1,-1,-1,-1
1013,518,325,344,146,124,1,-1,-1,-1
1014,518,325,344,146,124,1,-1,-1,-1
1015,518,325,344,146,124,1,-1,-1,-1
1016,518,325,344,146,124,1,-1,-1,-1
1017,518,324,344,147,124,1,-1,-1,-1
1018,518,324,344,147,124,1,-1,-1,-1
1019,518,324,344,147,124,1,-1,-1,-1
1020,518,324,344,147,124,1,-1,-1,-1
1021,518,324,344,147,124,1,-1,-1,-1
1022,518,324,344,147,124,1,-1,-1,-1
1023,518,324,344,147,124,1,-1,-1,-1
1024,518,324,344,147,124,1,-1,-1,-1
1025,518,325,344,146,124,1,-1,-1,-1
1026,518,325,344,146,124,1,-1,-1,-1
1027,518,325,344,146,124,1,-1,-1,-1
1028,518,325,344,146,124,1,-1,-1,-1
1029,518,325,344,146,124,1,-1,-1,-1
1030,518,325,344,146,124,1,-1,-1,-1
1031,518,325,344,146,124,1,-1,-1,-1
1032,518,325,344,146,124,1,-1,-1,-1
1033,518,325,344,146,124,1,-1,-1,-1
1034,518,324,344,146,124,1,-1,-1,-1
1035,518,325,344,146,124,1,-1,-1,-1
1036,518,325,344,146,124,1,-1,-1,-1
1037,518,325,344,146,124,1,-1,-1,-1
1038,518,325,344,146,124,1,-1,-1,-1
1039,518,325,344,146,124,1,-1,-1,-1
1040,518,324,344,146,124,1,-1,-1,-1
1041,518,325,344,146,124,1,-1,-1,-1
1042,518,325,344,146,124,1,-1,-1,-1
1043,518,325,344,146,124,1,-1,-1,-1
1044,518,325,344,146,124,1,-1,-1,-1
1045,518,325,344,146,124,1,-1,-1,-1
1046,518,325,344,146,124,1,-1,-1,-1
1047,518,325,344,146,124,1,-1,-1,-1
1048,518,325,344,146,124,1,-1,-1,-1
1049,518,325,344,146,125,1,-1,-1,-1
1050,518,325,344,146,125,1,-1,-1,-1
1051,518,325,344,146,125,1,-1,-1,-1
1052,518,325,344,146,125,1,-1,-1,-1
1053,518,325,344,146,125,1,-1,-1,-1
1054,518,325,344,146,125,1,-1,-1,-1
1055,518,325,344,146,124,1,-1,-1,-1
1056,518,325,344,146,124,1,-1,-1,-1
1057,518,325,344,146,125,1,-1,-1,-1
1058,518,325,344,146,125,1,-1,-1,-1
1059,518,325,344,146,125,1,-1,-1,-1
1060,518,325,344,146,125,1,-1,-1,-1
1061,518,325,344,146,125,1,-1,-1,-1
1062,518,325,344,146,125,1,-1,-1,-1
1063,518,325,344,146,125,1,-1,-1,-1
1064,518,325,344,146,125,1,-1,-1,-1
1065,518,325,344,146,124,1,-1,-1,-1
1066,518,325,344,146,124,1,-1,-1,-1
1067,518,325,344,146,124,1,-1,-1,-1
1068,518,325,344,146,124,1,-1,-1,-1
1069,518,325,344,146,124,1,-1,-1,-1
1070,518,325,344,146,124,1,-1,-1,-1
1071,518,325,344,146,124,1,-1,-1,-1
1072,518,325,344,146,124,1,-1,-1,-1
1073,518,325,344,146,125,1,-1,-1,-1
1074,518,325,343,146,125,1,-1,-1,-1
1075,518,325,343,146,125,1,-1,-1,-1
1076,518,325,343,146,125,1,-1,-1,-1
1077,518,325,344,146,125,1,-1,-1,-1
1078,518,325,344,146,125,1,-1,-1,-1
1079,518,325,344,146,125,1,-1,-1,-1
1080,518,325,344,146,124,1,-1,-1,-1
1081,518,324,344,146,124,1,-1,-1,-1
1082,518,324,344,146,124,1,-1,-1,-1
1083,518,324,344,146,124,1,-1,-1,-1
1084,518,324,344,146,124,1,-1,-1,-1
1085,518,324,344,146,124,1,-1,-1,-1
1086,518,324,344,146,124,1,-1,-1,-1
1087,518,324,344,146,124,1,-1,-1,-1
1088,518,324,344,146,124,1,-1,-1,-1
1089,518,324,344,146,124,1,-1,-1,-1
1090,518,324,344,147,124,1,-1,-1,-1
1091,518,324,344,147,124,1,-1,-1,-1
1092,518,324,344,146,124,1,-1,-1,-1
1093,518,324,344,146,124,1,-1,-1,-1
1094,518,324,344,146,124,1,-1,-1,-1
1095,518,324,344,146,124,1,-1,-1,-1
1096,518,324,344,146,124,1,-1,-1,-1
1097,518,325,344,146,124,1,-1,-1,-1
1098,518,325,344,146,124,1,-1,-1,-1
1099,518,325,344,146,124,1,-1,-1,-1
1100,518,325,344,146,124,1,-1,-1,-1
1101,518,325,344,146,124,1,-1,-1,-1
1102,518,325,344,146,124,1,-1,-1,-1
1103,518,325,344,146,124,1,-1,-1,-1
1104,518,325,344,146,124,1,-1,-1,-1
1105,518,324,344,146,124,1,-1,-1,-1
1106,518,324,344,146,124,1,-1,-1,-1
1107,518,324,344,146,124,1,-1,-1,-1
1108,518,324,344,146,125,1,-1,-1,-1
1109,518,324,344,146,125,1,-1,-1,-1
1110,518,324,344,146,125,1,-1,-1,-1
1111,518,324,344,146,125,1,-1,-1,-1
1112,518,324,344,146,125,1,-1,-1,-1
1113,518,325,344,146,124,1,-1,-1,-1
1114,518,325,344,146,124,1,-1,-1,-1
1115,518,325,344,146,124,1,-1,-1,-1
1116,518,325,344,146,124,1,-1,-1,-1
1117,518,325,344,146,124,1,-1,-1,-1
1118,518,325,344,146,124,1,-1,-1,-1
1119,518,325,344,146,124,1,-1,-1,-1
1120,518,325,344,146,124,1,-1,-1,-1
1121,518,325,344,146,124,1,-1,-1,-1
1122,518,325,344,146,124,1,-1,-1,-1
1123,518,325,344,146,124,1,-1,-1,-1
1124,518,325,344,146,124,1,-1,-1,-1
1125,518,325,344,146,124,1,-1,-1,-1
1126,518,325,343,146,125,1,-1,-1,-1
1127,518,325,344,146,124,1,-1,-1,-1
1128,518,325,344,146,125,1,-1,-1,-1
1129,518,325,344,146,124,1,-1,-1,-1
1130,518,325,344,146,124,1,-1,-1,-1
1131,518,325,344,146,124,1,-1,-1,-1
1132,518,325,344,146,124,1,-1,-1,-1
1133,518,325,344,146,124,1,-1,-1,-1
1134,518,325,344,146,124,1,-1,-1,-1
1135,518,325,344,146,124,1,-1,-1,-1
1136,518,325,344,146,124,1,-1,-1,-1
1137,518,325,344,146,124,1,-1,-1,-1
1138,518,325,344,146,124,1,-1,-1,-1
1139,518,325,344,146,124,1,-1,-1,-1
1140,518,325,344,146,124,1,-1,-1,-1
1141,518,325,344,146,124,1,-1,-1,-1
1142,518,325,344,146,124,1,-1,-1,-1
1143,518,325,344,146,124,1,-1,-1,-1
1144,518,325,344,146,124,1,-1,-1,-1
1145,518,325,344,146,124,1,-1,-1,-1
1146,518,325,344,146,124,1,-1,-1,-1
1147,518,325,344,146,124,1,-1,-1,-1
1148,518,325,344,146,124,1,-1,-1,-1
1149,518,325,344,146,124,1,-1,-1,-1
1150,518,325,344,146,124,1,-1,-1,-1
1151,518,325,344,146,124,1,-1,-1,-1
1152,518,325,344,146,124,1,-1,-1,-1
1153,518,325,344,146,125,1,-1,-1,-1
1154,518,325,344,146,125,1,-1,-1,-1
1155,518,325,344,146,125,1,-1,-1,-1
1156,518,325,344,146,125,1,-1,-1,-1
1157,518,325,344,146,125,1,-1,-1,-1
1158,518,325,344,146,125,1,-1,-1,-1
1159,518,325,344,146,125,1,-1,-1,-1
1160,518,325,344,146,125,1,-1,-1,-1
1161,518,324,344,146,124,1,-1,-1,-1
1162,518,324,344,146,124,1,-1,-1,-1
1163,518,324,344,146,124,1,-1,-1,-1
1164,518,324,344,146,124,1,-1,-1,-1
1165,518,324,344,146,124,1,-1,-1,-1
1166,518,324,344,146,124,1,-1,-1,-1
1167,518,324,344,146,124,1,-1,-1,-1
1168,518,324,344,146,124,1,-1,-1,-1
1169,518,324,344,146,124,1,-1,-1,-1
1170,518,324,344,146,124,1,-1,-1,-1
1171,518,324,344,146,124,1,-1,-1,-1
1172,518,324,344,146,124,1,-1,-1,-1
1173,518,324,344,146,124,1,-1,-1,-1
1174,518,324,344,146,124,1,-1,-1,-1
1175,518,324,344,146,124,1,-1,-1,-1
1176,518,324,344,146,124,1,-1,-1,-1
1177,518,325,344,146,124,1,-1,-1,-1
1178,518,325,344,146,124,1,-1,-1,-1
1179,518,325,344,146,124,1,-1,-1,-1
1180,518,325,344,146,124,1,-1,-1,-1
1181,518,325,344,146,124,1,-1,-1,-1
1182,518,325,344,146,124,1,-1,-1,-1
1183,518,325,344,146,124,1,-1,-1,-1
1184,518,325,344,146,124,1,-1,-1,-1
1185,518,325,344,146,124,1,-1,-1,-1
1186,518,325,344,146,124,1,-1,-1,-1
1187,518,325,344,146,124,1,-1,-1,-1
1188,518,325,344,146,124,1,-1,-1,-1
1189,518,325,344,146,124,1,-1,-1,-1
1190,518,325,344,146,124,1,-1,-1,-1
1191,518,324,344,146,124,1,-1,-1,-1
1192,518,324,344,146,124,1,-1,-1,-1
1193,518,325,344,146,124,1,-1,-1,-1
1194,518,325,344,146,124,1,-1,-1,-1
1195,518,325,344,146,124,1,-1,-1,-1
1196,518,324,344,146,124,1,-1,-1,-1
1197,518,325,344,146,124,1,-1,-1,-1
1198,518,325,344,146,124,1,-1,-1,-1
1199,518,324,344,146,124,1,-1,-1,-1
1200,518,325,344,146,124,1,-1,-1,-1
1201,518,325,345,146,123,1,-1,-1,-1
1202,518,325,345,146,123,1,-1,-1,-1
1203,518,325,345,146,123,1,-1,-1,-1
1204,518,325,345,146,123,1,-1,-1,-1
1205,518,325,345,146,123,1,-1,-1,-1
1206,518,325,345,146,123,1,-1,-1,-1
1207,518,325,345,146,123,1,-1,-1,-1
1208,518,325,345,146,123,1,-1,-1,-1
1209,518,325,344,146,124,1,-1,-1,-1
1210,518,325,344,146,124,1,-1,-1,-1
1211,518,325,344,146,124,1,-1,-1,-1
1212,518,325,344,146,124,1,-1,-1,-1
1213,518,325,344,146,125,1,-1,-1,-1
1214,518,325,344,146,125,1,-1,-1,-1
1215,518,325,344,146,125,1,-1,-1,-1
1216,518,324,344,146,125,1,-1,-1,-1
1217,518,325,344,146,125,1,-1,-1,-1
1218,518,325,344,146,125,1,-1,-1,-1
1219,518,325,344,146,125,1,-1,-1,-1
1220,518,325,344,146,125,1,-1,-1,-1
1221,518,325,344,146,125,1,-1,-1,-1
1222,518,325,344,146,125,1,-1,-1,-1
1223,518,325,344,146,125,1,-1,-1,-1
1224,518,325,344,146,125,1,-1,-1,-1
1225,518,325,344,146,124,1,-1,-1,-1
1226,518,325,344,146,124,1,-1,-1,-1
1227,518,325,344,146,124,1,-1,-1,-1
1228,518,325,344,146,124,1,-1,-1,-1
1229,518,325,344,146,124,1,-1,-1,-1
1230,518,325,344,146,124,1,-1,-1,-1
1231,518,325,344,146,124,1,-1,-1,-1
1232,518,325,344,146,124,1,-1,-1,-1
1233,518,325,344,146,124,1,-1,-1,-1
1234,518,325,344,146,124,1,-1,-1,-1
1235,518,325,344,146,124,1,-1,-1,-1
1236,518,325,344,146,124,1,-1,-1,-1
1237,518,325,345,146,124,1,-1,-1,-1
1238,518,325,345,146,124,1,-1,-1,-1
1239,518,325,345,146,124,1,-1,-1,-1
1240,518,325,345,146,124,1,-1,-1,-1
1241,518,325,345,146,123,1,-1,-1,-1
1242,518,325,345,146,123,1,-1,-1,-1
1243,518,325,344,146,124,1,-1,-1,-1
1244,518,325,345,146,123,1,-1,-1,-1
1245,518,325,345,146,123,1,-1,-1,-1
1246,518,325,345,146,123,1,-1,-1,-1
1247,518,325,345,146,123,1,-1,-1,-1
1248,518,325,345,146,123,1,-1,-1,-1
1249,518,325,344,146,124,1,-1,-1,-1
1250,518,325,344,146,124,1,-1,-1,-1
1251,518,325,344,146,124,1,-1,-1,-1
1252,518,325,344,146,124,1,-1,-1,-1
1253,518,325,344,146,124,1,-1,-1,-1
1254,518,325,344,146,124,1,-1,-1,-1
1255,518,325,344,146,124,1,-1,-1,-1
1256,518,325,344,146,124,1,-1,-1,-1
1257,518,325,345,146,124,1,-1,-1,-1
1258,518,325,345,146,124,1,-1,-1,-1
1259,518,325,345,146,124,1,-1,-1,-1
1260,518,325,344,146,124,1,-1,-1,-1
1261,518,325,345,146,124,1,-1,-1,-1
1262,518,325,345,146,124,1,-1,-1,-1
1263,518,325,345,146,123,1,-1,-1,-1
1264,518,325,345,146,123,1,-1,-1,-1
1265,518,325,345,146,123,1,-1,-1,-1
1266,518,325,345,146,123,1,-1,-1,-1
1267,518,325,345,146,123,1,-1,-1,-1
1268,518,325,345,146,123,1,-1,-1,-1
1269,518,325,345,146,123,1,-1,-1,-1
1270,518,325,345,146,123,1,-1,-1,-1
1271,518,325,345,146,123,1,-1,-1,-1
1272,518,325,345,146,123,1,-1,-1,-1
1273,518,324,345,146,124,1,-1,-1,-1
1274,518,324,345,146,124,1,-1,-1,-1
1275,518,324,345,146,124,1,-1,-1,-1
1276,518,324,345,146,124,1,-1,-1,-1
1277,518,324,345,146,124,1,-1,-1,-1
1278,518,324,345,146,124,1,-1,-1,-1
1279,518,324,345,146,124,1,-1,-1,-1
1280,518,324,345,146,124,1,-1,-1,-1
1281,518,325,344,146,124,1,-1,-1,-1
1282,518,325,344,146,124,1,-1,-1,-1
1283,518,325,344,146,124,1,-1,-1,-1
1284,518,325,344,146,124,1,-1,-1,-1
1285,518,325,344,146,124,1,-1,-1,-1
1286,518,325,344,146,124,1,-1,-1,-1
1287,518,325,344,146,124,1,-1,-1,-1
1288,518,325,344,146,124,1,-1,-1,-1
1289,518,325,344,146,124,1,-1,-1,-1
1290,518,325,344,146,124,1,-1,-1,-1
1291,518,325,344,146,124,1,-1,-1,-1
1292,518,325,344,146,125,1,-1,-1,-1
1293,518,325,344,146,125,1,-1,-1,-1
1294,518,325,344,146,124,1,-1,-1,-1
1295,518,325,344,146,124,1,-1,-1,-1
1296,518,325,344,146,125,1,-1,-1,-1
1297,518,325,344,147,124,1,-1,-1,-1
1298,518,325,344,146,124,1,-1,-1,-1
1299,518,325,344,146,124,1,-1,-1,-1
1300,518,325,344,146,124,1,-1,-1,-1
1301,518,325,344,146,124,1,-1,-1,-1
1302,518,325,344,146,124,1,-1,-1,-1
1303,518,325,344,146,124,1,-1,-1,-1
1304,518,325,344,147,124,1,-1,-1,-1
1305,518,325,344,146,124,1,-1,-1,-1
1306,518,325,344,146,124,1,-1,-1,-1
1307,518,325,344,146,124,1,-1,-1,-1
1308,518,325,344,146,124,1,-1,-1,-1
1309,518,325,344,146,124,1,-1,-1,-1
1310,518,325,344,146,124,1,-1,-1,-1
1311,518,325,344,146,124,1,-1,-1,-1
1312,518,325,344,146,124,1,-1,-1,-1
1313,518,325,344,146,124,1,-1,-1,-1
1314,518,325,344,146,124,1,-1,-1,-1
1315,518,325,344,146,124,1,-1,-1,-1
1316,518,325,344,146,124,1,-1,-1,-1
1317,518,325,344,146,124,1,-1,-1,-1
1318,518,325,344,146,124,1,-1,-1,-1
1319,518,325,345,146,124,1,-1,-1,-1
1320,518,325,344,146,124,1,-1,-1,-1
1321,518,325,344,146,124,1,-1,-1,-1
1322,518,325,344,146,124,1,-1,-1,-1
1323,518,325,344,146,124,1,-1,-1,-1
1324,518,325,344,146,124,1,-1,-1,-1
1325,518,325,344,146,124,1,-1,-1,-1
1326,518,325,344,146,124,1,-1,-1,-1
1327,518,325,344,146,123,1,-1,-1,-1
1328,518,325,344,146,123,1,-1,-1,-1
1329,518,324,344,146,124,1,-1,-1,-1
1330,518,324,344,146,124,1,-1,-1,-1
1331,518,324,344,146,124,1,-1,-1,-1
1332,518,324,344,146,124,1,-1,-1,-1
1333,518,324,344,146,124,1,-1,-1,-1
1334,518,324,344,146,124,1,-1,-1,-1
1335,518,324,344,146,124,1,-1,-1,-1
1336,518,324,344,146,124,1,-1,-1,-1
1337,518,325,344,146,124,1,-1,-1,-1
1338,518,325,344,146,124,1,-1,-1,-1
1339,518,325,344,146,124,1,-1,-1,-1
1340,518,325,344,146,124,1,-1,-1,-1
1341,518,325,344,146,124,1,-1,-1,-1
1342,518,325,344,146,124,1,-1,-1,-1
1343,518,325,344,146,124,1,-1,-1,-1
1344,518,325,344,146,124,1,-1,-1,-1
1345,518,325,344,146,124,1,-1,-1,-1
1346,518,325,344,146,124,1,-1,-1,-1
1347,518,325,344,146,124,1,-1,-1,-1
1348,518,325,344,146,124,1,-1,-1,-1
1349,518,325,344,146,124,1,-1,-1,-1
1350,518,325,344,146,124,1,-1,-1,-1
1351,518,325,344,146,124,1,-1,-1,-1
1352,518,325,344,146,124,1,-1,-1,-1
1353,518,325,344,146,124,1,-1,-1,-1
1354,518,325,344,146,124,1,-1,-1,-1
1355,518,325,344,146,124,1,-1,-1,-1
1356,518,325,344,146,124,1,-1,-1,-1
1357,518,325,344,146,124,1,-1,-1,-1
1358,518,325,344,146,124,1,-1,-1,-1
1359,518,325,344,146,124,1,-1,-1,-1
1360,518,325,344,146,124,1,-1,-1,-1
1361,518,325,344,146,124,1,-1,-1,-1
1362,518,325,344,146,124,1,-1,-1,-1
1363,518,325,344,146,124,1,-1,-1,-1
1364,518,325,344,146,124,1,-1,-1,-1
1365,518,325,344,146,124,1,-1,-1,-1
1366,518,325,344,146,124,1,-1,-1,-1
1367,518,325,344,146,124,1,-1,-1,-1
1368,518,325,344,146,124,1,-1,-1,-1
1369,518,325,344,146,124,1,-1,-1,-1
1370,518,325,344,146,124,1,-1,-1,-1
1371,518,325,344,146,124,1,-1,-1,-1
1372,518,325,344,146,124,1,-1,-1,-1
1373,518,325,344,146,124,1,-1,-1,-1
1374,518,325,344,146,124,1,-1,-1,-1
1375,518,325,344,146,124,1,-1,-1,-1
1376,518,325,344,146,124,1,-1,-1,-1
1377,518,325,344,146,124,1,-1,-1,-1
1378,518,325,344,146,124,1,-1,-1,-1
1379,518,325,344,146,124,1,-1,-1,-1
1380,518,325,344,146,124,1,-1,-1,-1
1381,518,325,344,146,124,1,-1,-1,-1
1382,518,325,344,146,124,1,-1,-1,-1
1383,518,325,344,146,124,1,-1,-1,-1
1384,518,325,344,146,124,1,-1,-1,-1
1385,518,325,344,146,124,1,-1,-1,-1
1386,518,325,344,146,124,1,-1,-1,-1
1387,518,325,344,146,124,1,-1,-1,-1
1388,518,325,344,146,124,1,-1,-1,-1
1389,518,325,344,146,124,1,-1,-1,-1
1390,518,325,344,146,124,1,-1,-1,-1
1391,518,325,344,146,124,1,-1,-1,-1
1392,518,325,344,146,124,1,-1,-1,-1
1393,518,325,344,146,124,1,-1,-1,-1
1394,518,325,344,146,124,1,-1,-1,-1
1395,518,325,344,146,124,1,-1,-1,-1
1396,518,325,344,146,124,1,-1,-1,-1
1397,518,325,344,146,124,1,-1,-1,-1
1398,518,325,344,146,124,1,-1,-1,-1
1399,518,325,344,146,124,1,-1,-1,-1
1400,518,325,344,146,124,1,-1,-1,-1
1401,518,325,344,146,124,1,-1,-1,-1
1402,518,325,344,146,124,1,-1,-1,-1
1403,518,325,344,146,124,1,-1,-1,-1
1404,518,325,344,146,124,1,-1,-1,-1
1405,518,325,344,146,124,1,-1,-1,-1
1406,518,325,344,146,124,1,-1,-1,-1
1407,518,325,344,146,124,1,-1,-1,-1
1408,518,325,344,146,124,1,-1,-1,-1
1409,518,325,344,146,124,1,-1,-1,-1
1410,518,325,344,146,124,1,-1,-1,-1
1411,518,325,344,146,124,1,-1,-1,-1
1412,518,325,344,146,124,1,-1,-1,-1
1413,518,325,344,146,124,1,-1,-1,-1
1414,518,325,344,146,124,1,-1,-1,-1
1415,518,325,344,146,124,1,-1,-1,-1
1416,518,325,344,146,124,1,-1,-1,-1
1417,518,325,345,146,123,1,-1,-1,-1
1418,518,325,345,146,123,1,-1,-1,-1
1419,518,325,345,146,123,1,-1,-1,-1
1420,518,325,345,146,123,1,-1,-1,-1
1421,518,325,345,146,123,1,-1,-1,-1
1422,518,325,345,146,123,1,-1,-1,-1
1423,518,325,345,146,123,1,-1,-1,-1
1424,518,325,345,146,123,1,-1,-1,-1
1425,518,325,344,146,124,1,-1,-1,-1
1426,518,325,344,146,124,1,-1,-1,-1
1427,518,325,344,147,124,1,-1,-1,-1
1428,518,325,345,147,124,1,-1,-1,-1
1429,518,325,344,146,124,1,-1,-1,-1
1430,518,325,344,146,124,1,-1,-1,-1
1431,518,325,344,146,124,1,-1,-1,-1
1432,518,325,344,146,124,1,-1,-1,-1
1433,518,325,344,146,124,1,-1,-1,-1
1434,518,325,344,146,124,1,-1,-1,-1
1435,518,325,344,146,124,1,-1,-1,-1
1436,518,325,344,146,124,1,-1,-1,-1
1437,518,325,344,146,124,1,-1,-1,-1
1438,518,325,344,146,124,1,-1,-1,-1
1439,518,325,344,146,124,1,-1,-1,-1
1440,518,325,344,146,124,1,-1,-1,-1
1441,518,325,344,146,124,1,-1,-1,-1
1442,518,325,344,146,124,1,-1,-1,-1
1443,518,325,344,146,124,1,-1,-1,-1
1444,518,325,344,146,124,1,-1,-1,-1
1445,518,325,344,146,124,1,-1,-1,-1
1446,518,325,344,146,124,1,-1,-1,-1
1447,518,325,344,146,124,1,-1,-1,-1
1448,518,325,344,146,124,1,-1,-1,-1
1449,518,325,344,146,124,1,-1,-1,-1
1450,518,325,344,146,124,1,-1,-1,-1
1451,518,325,344,146,124,1,-1,-1,-1
1452,518,325,344,146,124,1,-1,-1,-1
1453,518,325,344,146,124,1,-1,-1,-1
1454,518,325,344,146,124,1,-1,-1,-1
1455,518,325,344,146,124,1,-1,-1,-1
1456,518,325,344,146,124,1,-1,-1,-1
1457,518,325,345,146,124,1,-1,-1,-1
1458,518,325,345,146,124,1,-1,-1,-1
1459,518,325,345,146,124,1,-1,-1,-1
1460,518,325,345,146,124,1,-1,-1,-1
1461,518,325,345,146,124,1,-1,-1,-1
1462,518,325,344,146,124,1,-1,-1,-1
1463,518,325,345,146,124,1,-1,-1,-1
1464,518,325,345,146,124,1,-1,-1,-1
1465,518,325,344,146,124,1,-1,-1,-1
1466,518,325,344,146,124,1,-1,-1,-1
1467,518,325,344,146,124,1,-1,-1,-1
1468,518,325,344,146,124,1,-1,-1,-1
1469,518,325,344,146,124,1,-1,-1,-1
1470,518,325,344,146,124,1,-1,-1,-1
1471,518,325,344,146,124,1,-1,-1,-1
1472,518,325,344,146,124,1,-1,-1,-1
1473,518,325,344,147,124,1,-1,-1,-1
1474,518,325,344,147,124,1,-1,-1,-1
1475,518,325,344,146,124,1,-1,-1,-1
1476,518,325,344,146,124,1,-1,-1,-1
1477,518,324,344,147,124,1,-1,-1,-1
1478,518,324,344,147,124,1,-1,-1,-1
1479,518,324,344,147,124,1,-1,-1,-1
1480,518,324,344,147,124,1,-1,-1,-1
1481,518,325,344,147,124,1,-1,-1,-1
1482,518,325,344,147,124,1,-1,-1,-1
1483,518,325,344,147,124,1,-1,-1,-1
1484,518,325,344,147,124,1,-1,-1,-1
1485,518,325,344,147,124,1,-1,-1,-1
1486,518,325,344,147,124,1,-1,-1,-1
1487,518,325,344,147,124,1,-1,-1,-1
1488,518,325,344,147,124,1,-1,-1,-1
1489,518,325,345,146,123,1,-1,-1,-1
1490,518,325,344,146,124,1,-1,-1,-1
1491,518,325,344,146,124,1,-1,-1,-1
1492,518,325,344,146,124,1,-1,-1,-1
1493,518,325,344,146,124,1,-1,-1,-1
1494,518,325,344,146,124,1,-1,-1,-1
1495,518,325,344,146,124,1,-1,-1,-1
1496,518,325,344,146,124,1,-1,-1,-1
1497,518,325,344,146,124,1,-1,-1,-1
1498,518,325,344,146,124,1,-1,-1,-1
1499,518,325,344,146,124,1,-1,-1,-1
1500,518,325,344,146,124,1,-1,-1,-1
1501,518,325,344,146,124,1,-1,-1,-1
1502,518,325,344,146,124,1,-1,-1,-1
1503,518,325,344,146,124,1,-1,-1,-1
1504,518,325,344,146,124,1,-1,-1,-1
1505,518,325,344,146,124,1,-1,-1,-1
1506,518,325,344,146,124,1,-1,-1,-1
1507,518,325,344,146,124,1,-1,-1,-1
1508,518,325,344,146,124,1,-1,-1,-1
1509,518,325,344,146,124,1,-1,-1,-1
1510,518,325,344,146,124,1,-1,-1,-1
1511,518,325,344,146,124,1,-1,-1,-1
1512,518,325,344,146,124,1,-1,-1,-1
1513,518,325,344,146,124,1,-1,-1,-1
1514,518,325,344,146,124,1,-1,-1,-1
1515,518,325,344,146,124,1,-1,-1,-1
1516,518,325,344,146,124,1,-1,-1,-1
1517,518,325,344,146,124,1,-1,-1,-1
1518,518,325,344,146,124,1,-1,-1,-1
1519,518,325,344,146,124,1,-1,-1,-1
1520,518,325,344,146,124,1,-1,-1,-1
1521,518,325,345,146,123,1,-1,-1,-1
1522,518,325,345,146,123,1,-1,-1,-1
1523,518,325,345,146,123,1,-1,-1,-1
1524,518,325,345,146,123,1,-1,-1,-1
1525,518,325,345,146,123,1,-1,-1,-1
1526,518,325,345,146,123,1,-1,-1,-1
1527,518,325,345,146,123,1,-1,-1,-1
1528,518,325,345,146,123,1,-1,-1,-1
1529,518,325,345,146,123,1,-1,-1,-1
1530,518,325,345,146,123,1,-1,-1,-1
1531,518,325,345,146,123,1,-1,-1,-1
1532,518,325,345,146,123,1,-1,-1,-1
1533,518,325,345,146,123,1,-1,-1,-1
1534,518,325,345,146,123,1,-1,-1,-1
1535,518,325,345,146,123,1,-1,-1,-1
1536,518,325,345,146,123,1,-1,-1,-1
1537,518,325,345,146,124,1,-1,-1,-1
1538,518,325,345,146,124,1,-1,-1,-1
1539,518,325,345,146,124,1,-1,-1,-1
1540,518,325,345,146,124,1,-1,-1,-1
1541,518,325,345,146,124,1,-1,-1,-1
1542,518,325,345,146,124,1,-1,-1,-1
1543,518,325,345,146,123,1,-1,-1,-1
1544,518,325,345,146,124,1,-1,-1,-1
1545,518,325,345,146,124,1,-1,-1,-1
1546,518,325,345,146,124,1,-1,-1,-1
1547,518,325,345,146,124,1,-1,-1,-1
1548,518,325,345,146,124,1,-1,-1,-1
1549,518,325,345,146,124,1,-1,-1,-1
1550,518,325,345,146,124,1,-1,-1,-1
1551,518,325,345,146,124,1,-1,-1,-1
1552,518,325,345,146,124,1,-1,-1,-1
1553,518,325,344,146,124,1,-1,-1,-1
1554,518,325,344,146,124,1,-1,-1,-1
1555,518,325,344,146,124,1,-1,-1,-1
1556,518,325,344,146,124,1,-1,-1,-1
1557,518,325,344,146,124,1,-1,-1,-1
1558,518,325,344,146,124,1,-1,-1,-1
1559,518,325,344,146,124,1,-1,-1,-1
1560,518,325,344,146,123,1,-1,-1,-1
1561,518,325,345,146,123,1,-1,-1,-1
1562,518,325,345,146,123,1,-1,-1,-1
1563,518,325,345,146,123,1,-1,-1,-1
1564,518,325,345,146,124,1,-1,-1,-1
1565,518,325,344,146,123,1,-1,-1,-1
1566,518,325,344,146,124,1,-1,-1,-1
1567,518,325,344,146,124,1,-1,-1,-1
1568,518,325,345,146,123,1,-1,-1,-1
1569,518,325,344,146,124,1,-1,-1,-1
1570,518,325,344,146,124,1,-1,-1,-1
1571,518,325,344,146,124,1,-1,-1,-1
1572,518,325,344,146,124,1,-1,-1,-1
1573,518,325,344,146,123,1,-1,-1,-1
1574,518,325,345,146,123,1,-1,-1,-1
1575,518,325,345,146,123,1,-1,-1,-1
1576,518,325,345,146,123,1,-1,-1,-1
1577,518,325,345,146,123,1,-1,-1,-1
1578,518,325,345,146,123,1,-1,-1,-1
1579,518,325,345,146,123,1,-1,-1,-1
1580,518,325,345,146,123,1,-1,-1,-1
1581,518,325,345,146,123,1,-1,-1,-1
1582,518,325,345,146,123,1,-1,-1,-1
1583,518,325,345,146,123,1,-1,-1,-1
1584,518,325,345,144,123,1,-1,-1,-1
1585,518,325,345,144,123,1,-1,-1,-1
1586,518,325,345,145,123,1,-1,-1,-1
1587,518,325,345,144,123,1,-1,-1,-1
1588,518,325,345,146,123,1,-1,-1,-1
1589,518,325,345,146,123,1,-1,-1,-1
1590,518,325,345,145,123,1,-1,-1,-1
1591,518,325,345,145,123,1,-1,-1,-1
1592,518,325,345,146,123,1,-1,-1,-1
1593,518,325,345,145,123,1,-1,-1,-1
1594,518,325,345,145,123,1,-1,-1,-1
1595,518,325,345,145,123,1,-1,-1,-1
1596,518,325,345,146,123,1,-1,-1,-1
1597,518,325,345,146,123,1,-1,-1,-1
1598,518,325,345,146,123,1,-1,-1,-1
1599,518,325,345,146,123,1,-1,-1,-1
1600,518,325,345,146,123,1,-1,-1,-1
1601,518,325,345,146,123,1,-1,-1,-1
1602,518,325,345,146,123,1,-1,-1,-1
1603,518,325,345,146,123,1,-1,-1,-1
1604,518,325,345,146,123,1,-1,-1,-1
1605,518,325,345,146,123,1,-1,-1,-1
1606,518,325,345,146,123,1,-1,-1,-1
1607,518,325,345,146,123,1,-1,-1,-1
1608,518,325,345,146,123,1,-1,-1,-1
1609,518,325,345,146,123,1,-1,-1,-1
1610,518,325,345,146,123,1,-1,-1,-1
1611,518,325,345,146,123,1,-1,-1,-1
1612,518,325,345,146,123,1,-1,-1,-1
1613,518,325,345,146,123,1,-1,-1,-1
1614,518,325,345,146,123,1,-1,-1,-1
1615,518,325,345,146,123,1,-1,-1,-1
1616,518,325,345,146,123,1,-1,-1,-1
1617,518,324,345,147,123,1,-1,-1,-1
1618,518,324,345,147,123,1,-1,-1,-1
1619,518,324,345,147,123,1,-1,-1,-1
1620,518,324,345,147,123,1,-1,-1,-1
1621,518,324,345,147,123,1,-1,-1,-1
1622,518,324,345,147,123,1,-1,-1,-1
1623,518,324,345,147,123,1,-1,-1,-1
1624,518,324,345,147,123,1,-1,-1,-1
1625,518,325,345,147,123,1,-1,-1,-1
1626,518,325,345,147,123,1,-1,-1,-1
1627,518,325,345,147,123,1,-1,-1,-1
1628,518,325,345,146,123,1,-1,-1,-1
1629,518,325,345,146,123,1,-1,-1,-1
1630,518,325,345,146,123,1,-1,-1,-1
1631,518,325,345,146,123,1,-1,-1,-1
1632,518,325,345,146,123,1,-1,-1,-1
1633,518,325,345,146,123,1,-1,-1,-1
1634,518,325,345,146,123,1,-1,-1,-1
1635,518,325,345,146,123,1,-1,-1,-1
1636,518,325,345,146,123,1,-1,-1,-1
1637,518,325,345,146,123,1,-1,-1,-1
1638,518,325,345,146,123,1,-1,-1,-1
1639,518,325,345,146,123,1,-1,-1,-1
1640,518,325,345,146,123,1,-1,-1,-1
1641,518,325,345,146,124,1,-1,-1,-1
1642,518,325,345,146,124,1,-1,-1,-1
1643,518,325,345,146,124,1,-1,-1,-1
1644,518,325,345,146,124,1,-1,-1,-1
1645,518,325,345,146,124,1,-1,-1,-1
1646,518,325,345,146,124,1,-1,-1,-1
1647,518,325,345,146,124,1,-1,-1,-1
1648,518,325,345,146,124,1,-1,-1,-1
1649,518,325,345,146,123,1,-1,-1,-1
1650,518,325,345,146,123,1,-1,-1,-1
1651,518,325,345,146,123,1,-1,-1,-1
1652,518,325,345,146,123,1,-1,-1,-1
1653,518,325,345,146,123,1,-1,-1,-1
1654,518,325,345,146,123,1,-1,-1,-1
1655,518,325,345,146,123,1,-1,-1,-1
1656,518,325,345,146,123,1,-1,-1,-1
1657,518,325,345,146,123,1,-1,-1,-1
1658,518,325,345,146,123,1,-1,-1,-1
1659,518,325,345,146,123,1,-1,-1,-1
1660,518,325,345,146,123,1,-1,-1,-1
1661,518,325,345,146,123,1,-1,-1,-1
1662,518,325,345,146,123,1,-1,-1,-1
1663,518,325,345,146,123,1,-1,-1,-1
1664,518,325,345,146,123,1,-1,-1,-1
1665,518,325,345,146,124,1,-1,-1,-1
1666,518,325,345,146,124,1,-1,-1,-1
1667,518,325,345,146,124,1,-1,-1,-1
1668,518,325,345,146,124,1,-1,-1,-1
1669,518,325,344,146,124,1,-1,-1,-1
1670,518,325,344,146,124,1,-1,-1,-1
1671,518,325,344,146,124,1,-1,-1,-1
1672,518,325,344,146,124,1,-1,-1,-1
1673,518,325,345,146,123,1,-1,-1,-1
1674,518,325,345,146,123,1,-1,-1,-1
1675,518,325,345,146,123,1,-1,-1,-1
1676,518,325,345,146,123,1,-1,-1,-1
1677,518,325,345,146,123,1,-1,-1,-1
1678,518,325,345,146,123,1,-1,-1,-1
1679,518,325,345,146,123,1,-1,-1,-1
1680,518,325,345,146,123,1,-1,-1,-1
1681,518,325,345,146,124,1,-1,-1,-1
1682,518,325,345,146,124,1,-1,-1,-1
1683,518,325,345,146,124,1,-1,-1,-1
1684,518,325,345,146,124,1,-1,-1,-1
1685,518,325,345,146,124,1,-1,-1,-1
1686,518,325,345,147,124,1,-1,-1,-1
1687,518,325,345,146,124,1,-1,-1,-1
1688,518,325,345,146,124,1,-1,-1,-1
1689,518,325,345,146,123,1,-1,-1,-1
1690,518,325,345,146,123,1,-1,-1,-1
1691,518,325,345,146,123,1,-1,-1,-1
1692,518,325,345,146,123,1,-1,-1,-1
1693,518,325,345,147,123,1,-1,-1,-1
1694,518,325,345,147,123,1,-1,-1,-1
1695,518,325,345,147,123,1,-1,-1,-1
1696,518,325,345,147,123,1,-1,-1,-1
1697,518,325,345,147,123,1,-1,-1,-1
1698,518,325,345,147,123,1,-1,-1,-1
1699,518,325,345,147,123,1,-1,-1,-1
1700,518,325,345,147,123,1,-1,-1,-1
1701,518,325,345,147,123,1,-1,-1,-1
1702,518,325,345,147,123,1,-1,-1,-1
1703,518,325,345,147,123,1,-1,-1,-1
1704,518,325,345,146,123,1,-1,-1,-1
1705,518,324,345,147,124,1,-1,-1,-1
1706,518,324,345,147,124,1,-1,-1,-1
1707,518,324,345,147,124,1,-1,-1,-1
1708,518,324,345,147,124,1,-1,-1,-1
1709,518,324,345,146,124,1,-1,-1,-1
1710,518,324,345,147,124,1,-1,-1,-1
1711,518,324,345,146,124,1,-1,-1,-1
1712,518,324,345,147,124,1,-1,-1,-1
1713,518,325,345,146,124,1,-1,-1,-1
1714,518,325,345,146,124,1,-1,-1,-1
1715,518,325,345,146,124,1,-1,-1,-1
1716,518,325,345,146,124,1,-1,-1,-1
1717,518,325,345,146,124,1,-1,-1,-1
1718,518,325,345,146,124,1,-1,-1,-1
1719,518,325,345,146,124,1,-1,-1,-1
1720,518,325,345,146,123,1,-1,-1,-1
1721,518,325,345,146,123,1,-1,-1,-1
1722,518,325,345,146,123,1,-1,-1,-1
1723,518,325,345,146,123,1,-1,-1,-1
1724,518,325,345,146,123,1,-1,-1,-1
1725,518,325,345,146,123,1,-1,-1,-1
1726,518,325,345,146,123,1,-1,-1,-1
1727,518,325,345,146,123,1,-1,-1,-1
1728,518,325,345,146,123,1,-1,-1,-1
1729,518,325,344,146,124,1,-1,-1,-1
1730,518,325,344,146,124,1,-1,-1,-1
1731,518,325,344,146,124,1,-1,-1,-1
1732,518,325,344,146,124,1,-1,-1,-1
1733,518,325,344,146,124,1,-1,-1,-1
1734,518,325,344,146,124,1,-1,-1,-1
1735,518,325,344,146,124,1,-1,-1,-1
1736,518,325,344,146,124,1,-1,-1,-1
1737,518,325,345,146,124,1,-1,-1,-1
1738,518,325,345,146,124,1,-1,-1,-1
1739,518,325,344,146,124,1,-1,-1,-1
1740,518,325,345,146,124,1,-1,-1,-1
1741,518,325,345,146,124,1,-1,-1,-1
1742,518,325,345,146,124,1,-1,-1,-1
1743,518,325,345,146,124,1,-1,-1,-1
1744,518,325,345,146,124,1,-1,-1,-1
1745,518,325,344,146,124,1,-1,-1,-1
1746,518,325,344,146,124,1,-1,-1,-1
1747,518,325,344,146,124,1,-1,-1,-1
1748,518,325,344,146,124,1,-1,-1,-1
1749,518,325,344,146,124,1,-1,-1,-1
1750,518,325,344,146,124,1,-1,-1,-1
1751,518,325,345,146,124,1,-1,-1,-1
1752,518,325,345,146,123,1,-1,-1,-1
1753,518,325,344,146,124,1,-1,-1,-1
1754,518,325,344,146,124,1,-1,-1,-1
1755,518,325,344,146,124,1,-1,-1,-1
1756,518,325,344,146,124,1,-1,-1,-1
1757,518,325,344,146,124,1,-1,-1,-1
1758,518,325,344,146,124,1,-1,-1,-1
1759,518,325,344,146,124,1,-1,-1,-1
1760,518,325,344,147,124,1,-1,-1,-1
1761,518,324,344,147,124,1,-1,-1,-1
1762,518,324,344,147,124,1,-1,-1,-1
1763,518,324,344,147,124,1,-1,-1,-1
1764,518,324,344,147,124,1,-1,-1,-1
1765,518,324,344,147,124,1,-1,-1,-1
1766,518,324,344,147,124,1,-1,-1,-1
1767,518,324,344,147,124,1,-1,-1,-1
1768,518,324,344,147,124,1,-1,-1,-1
1769,518,324,344,147,124,1,-1,-1,-1
1770,518,324,344,147,124,1,-1,-1,-1
1771,518,324,344,147,124,1,-1,-1,-1
1772,518,325,344,147,124,1,-1,-1,-1
1773,518,324,344,147,124,1,-1,-1,-1
1774,518,324,344,147,124,1,-1,-1,-1
1775,518,324,344,147,124,1,-1,-1,-1
1776,518,324,344,147,124,1,-1,-1,-1
1777,518,325,344,147,124,1,-1,-1,-1
1778,518,325,344,147,124,1,-1,-1,-1
1779,518,325,344,147,124,1,-1,-1,-1
1780,518,325,344,147,124,1,-1,-1,-1
1781,518,325,344,147,124,1,-1,-1,-1
1782,518,325,344,147,124,1,-1,-1,-1
1783,518,325,344,147,124,1,-1,-1,-1
1784,518,325,344,147,124,1,-1,-1,-1
1785,518,325,345,147,124,1,-1,-1,-1
1786,518,325,345,147,124,1,-1,-1,-1
1787,518,325,345,147,124,1,-1,-1,-1
1788,518,325,345,147,124,1,-1,-1,-1
1789,518,325,345,147,124,1,-1,-1,-1
1790,518,325,345,147,124,1,-1,-1,-1
1791,518,325,345,147,124,1,-1,-1,-1
1792,518,325,345,147,124,1,-1,-1,-1
1793,518,325,345,146,123,1,-1,-1,-1
1794,518,325,345,146,123,1,-1,-1,-1
1795,518,325,345,146,123,1,-1,-1,-1
1796,518,325,345,146,123,1,-1,-1,-1
1797,518,325,345,146,124,1,-1,-1,-1
1798,518,325,345,146,123,1,-1,-1,-1
1799,518,325,345,146,123,1,-1,-1,-1
1800,518,325,345,146,123,1,-1,-1,-1
1801,518,325,344,146,124,1,-1,-1,-1
1802,518,325,344,146,124,1,-1,-1,-1
1803,518,325,344,146,124,1,-1,-1,-1
1804,518,325,344,146,124,1,-1,-1,-1
1805,518,325,344,146,124,1,-1,-1,-1
1806,518,325,344,146,124,1,-1,-1,-1
1807,518,325,344,146,124,1,-1,-1,-1
1808,518,325,344,146,124,1,-1,-1,-1
1809,518,325,345,146,124,1,-1,-1,-1
1810,518,325,345,146,124,1,-1,-1,-1
1811,518,325,345,146,124,1,-1,-1,-1
1812,518,325,345,146,124,1,-1,-1,-1
1813,518,325,344,146,124,1,-1,-1,-1
1814,518,325,345,146,124,1,-1,-1,-1
1815,518,325,344,146,124,1,-1,-1,-1
1816,518,325,344,146,124,1,-1,-1,-1
1817,518,325,344,146,124,1,-1,-1,-1
1818,518,325,344,146,124,1,-1,-1,-1
1819,518,325,344,146,124,1,-1,-1,-1
1820,518,325,344,146,124,1,-1,-1,-1
1821,518,325,344,147,124,1,-1,-1,-1
1822,518,325,344,147,124,1,-1,-1,-1
1823,518,325,344,146,124,1,-1,-1,-1
1824,518,325,344,146,124,1,-1,-1,-1
1825,518,325,345,146,123,1,-1,-1,-1
1826,518,325,345,146,123,1,-1,-1,-1
1827,518,325,345,146,123,1,-1,-1,-1
1828,518,325,345,146,123,1,-1,-1,-1
1829,518,325,345,146,123,1,-1,-1,-1
1830,518,325,345,146,123,1,-1,-1,-1
1831,518,325,345,146,123,1,-1,-1,-1
1832,518,325,345,146,123,1,-1,-1,-1
1833,518,325,345,146,124,1,-1,-1,-1
1834,518,325,345,146,123,1,-1,-1,-1
1835,518,325,345,146,123,1,-1,-1,-1
1836,518,325,345,146,123,1,-1,-1,-1
1837,518,325,345,146,124,1,-1,-1,-1
1838,518,325,345,146,124,1,-1,-1,-1
1839,518,325,345,146,124,1,-1,-1,-1
1840,518,325,345,146,124,1,-1,-1,-1
1841,518,325,345,146,123,1,-1,-1,-1
1842,518,325,345,146,123,1,-1,-1,-1
1843,518,325,345,146,123,1,-1,-1,-1
1844,518,325,345,146,123,1,-1,-1,-1
1845,518,325,345,146,123,1,-1,-1,-1
1846,518,325,345,146,123,1,-1,-1,-1
1847,518,325,345,146,123,1,-1,-1,-1
1848,518,325,345,146,123,1,-1,-1,-1
1849,518,325,345,146,124,1,-1,-1,-1
1850,518,325,345,146,124,1,-1,-1,-1
1851,518,325,345,146,123,1,-1,-1,-1
1852,518,325,345,146,123,1,-1,-1,-1
1853,518,325,345,146,123,1,-1,-1,-1
1854,518,325,345,146,123,1,-1,-1,-1
1855,518,325,345,146,123,1,-1,-1,-1
1856,518,325,345,146,123,1,-1,-1,-1
1857,518,325,345,146,123,1,-1,-1,-1
1858,518,325,345,146,123,1,-1,-1,-1
1859,518,325,345,146,123,1,-1,-1,-1
1860,518,325,345,146,123,1,-1,-1,-1
1861,518,325,345,146,123,1,-1,-1,-1
1862,518,325,345,146,123,1,-1,-1,-1
1863,518,325,345,146,123,1,-1,-1,-1
1864,518,325,345,146,123,1,-1,-1,-1
1865,518,325,345,146,123,1,-1,-1,-1
1866,518,325,345,146,123,1,-1,-1,-1
1867,518,325,345,146,123,1,-1,-1,-1
1868,518,325,345,146,123,1,-1,-1,-1
1869,518,325,345,146,123,1,-1,-1,-1
1870,518,325,345,146,123,1,-1,-1,-1
1871,518,325,345,146,123,1,-1,-1,-1
1872,518,325,345,147,123,1,-1,-1,-1
1873,518,325,345,146,123,1,-1,-1,-1
1874,518,325,345,146,123,1,-1,-1,-1
1875,518,325,345,146,123,1,-1,-1,-1
1876,518,325,345,146,123,1,-1,-1,-1
1877,518,325,345,146,123,1,-1,-1,-1
1878,518,325,345,146,123,1,-1,-1,-1
1879,518,325,345,146,123,1,-1,-1,-1
1880,518,325,345,146,124,1,-1,-1,-1
1881,518,325,344,146,124,1,-1,-1,-1
1882,518,325,344,146,124,1,-1,-1,-1
1883,518,325,344,146,124,1,-1,-1,-1
1884,518,325,344,146,124,1,-1,-1,-1
1885,518,325,344,146,124,1,-1,-1,-1
1886,518,325,344,146,124,1,-1,-1,-1
1887,518,325,344,146,124,1,-1,-1,-1
1888,518,325,344,146,124,1,-1,-1,-1
1889,518,325,344,146,124,1,-1,-1,-1
1890,518,325,344,146,124,1,-1,-1,-1
1891,518,325,344,146,124,1,-1,-1,-1
1892,518,325,344,146,124,1,-1,-1,-1
1893,518,325,344,146,124,1,-1,-1,-1
1894,518,325,344,146,124,1,-1,-1,-1
1895,518,325,344,146,124,1,-1,-1,-1
1896,518,325,344,146,124,1,-1,-1,-1
1897,518,325,344,146,124,1,-1,-1,-1
1898,518,325,344,146,124,1,-1,-1,-1
1899,518,325,344,146,124,1,-1,-1,-1
1900,518,325,344,146,124,1,-1,-1,-1
1901,518,325,344,146,124,1,-1,-1,-1
1902,518,325,344,146,124,1,-1,-1,-1
1903,518,325,344,146,124,1,-1,-1,-1
1904,518,325,344,146,124,1,-1,-1,-1
1905,518,325,345,146,124,1,-1,-1,-1
1906,518,325,345,146,124,1,-1,-1,-1
1907,518,325,345,146,124,1,-1,-1,-1
1908,518,325,345,146,124,1,-1,-1,-1
1909,518,325,344,146,124,1,-1,-1,-1
1910,518,325,344,146,124,1,-1,-1,-1
1911,518,325,344,146,124,1,-1,-1,-1
1912,518,325,345,146,124,1,-1,-1,-1
1913,518,325,344,147,124,1,-1,-1,-1
1914,518,325,344,147,124,1,-1,-1,-1
1915,518,325,344,147,124,1,-1,-1,-1
1916,518,325,344,147,124,1,-1,-1,-1
1917,518,325,344,147,124,1,-1,-1,-1
1918,518,325,344,147,124,1,-1,-1,-1
1919,518,325,344,147,124,1,-1,-1,-1
1920,518,325,344,147,124,1,-1,-1,-1
1921,518,325,344,147,124,1,-1,-1,-1
1922,518,325,344,147,124,1,-1,-1,-1
1923,518,325,344,147,124,1,-1,-1,-1
1924,518,325,344,146,124,1,-1,-1,-1
1925,518,325,344,146,124,1,-1,-1,-1
1926,518,325,344,147,124,1,-1,-1,-1
1927,518,325,344,147,124,1,-1,-1,-1
1928,518,325,344,147,124,1,-1,-1,-1
1,519,716,310,72,58,1,-1,-1,-1
2,519,716,309,73,59,1,-1,-1,-1
3,519,716,309,73,59,1,-1,-1,-1
4,519,716,309,73,59,1,-1,-1,-1
5,519,716,309,73,59,1,-1,-1,-1
6,519,716,309,73,59,1,-1,-1,-1
7,519,716,309,73,59,1,-1,-1,-1
8,519,716,309,73,59,1,-1,-1,-1
9,519,716,310,73,58,1,-1,-1,-1
10,519,716,310,73,58,1,-1,-1,-1
11,519,716,310,73,58,1,-1,-1,-1
12,519,716,310,72,58,1,-1,-1,-1
13,519,716,310,72,59,1,-1,-1,-1
14,519,716,310,72,59,1,-1,-1,-1
15,519,716,310,72,59,1,-1,-1,-1
16,519,716,310,72,58,1,-1,-1,-1
17,519,716,309,72,59,1,-1,-1,-1
18,519,716,309,72,59,1,-1,-1,-1
19,519,716,309,72,59,1,-1,-1,-1
20,519,716,309,72,58,1,-1,-1,-1
21,519,716,309,72,58,1,-1,-1,-1
22,519,716,309,72,59,1,-1,-1,-1
23,519,716,310,73,58,1,-1,-1,-1
24,519,716,310,73,58,1,-1,-1,-1
25,519,716,309,72,59,1,-1,-1,-1
26,519,716,309,72,59,1,-1,-1,-1
27,519,716,309,72,59,1,-1,-1,-1
28,519,716,309,72,59,1,-1,-1,-1
29,519,716,309,72,59,1,-1,-1,-1
30,519,716,309,72,59,1,-1,-1,-1
31,519,716,309,72,59,1,-1,-1,-1
32,519,716,309,72,59,1,-1,-1,-1
33,519,716,309,73,59,1,-1,-1,-1
34,519,716,309,73,59,1,-1,-1,-1
35,519,716,309,73,59,1,-1,-1,-1
36,519,716,309,73,59,1,-1,-1,-1
37,519,716,309,73,59,1,-1,-1,-1
38,519,716,309,73,59,1,-1,-1,-1
39,519,716,309,73,59,1,-1,-1,-1
40,519,716,309,73,59,1,-1,-1,-1
41,519,716,309,72,59,1,-1,-1,-1
42,519,716,309,72,59,1,-1,-1,-1
43,519,716,309,72,59,1,-1,-1,-1
44,519,716,309,72,59,1,-1,-1,-1
45,519,716,309,72,59,1,-1,-1,-1
46,519,716,309,72,59,1,-1,-1,-1
47,519,716,309,72,59,1,-1,-1,-1
48,519,716,309,72,59,1,-1,-1,-1
49,519,717,309,73,59,1,-1,-1,-1
50,519,717,309,73,59,1,-1,-1,-1
51,519,717,309,73,59,1,-1,-1,-1
52,519,716,309,73,59,1,-1,-1,-1
53,519,717,309,73,59,1,-1,-1,-1
54,519,717,309,73,59,1,-1,-1,-1
55,519,716,309,73,59,1,-1,-1,-1
56,519,716,309,73,59,1,-1,-1,-1
57,519,716,309,73,59,1,-1,-1,-1
58,519,716,309,73,59,1,-1,-1,-1
59,519,716,309,73,59,1,-1,-1,-1
60,519,716,309,73,59,1,-1,-1,-1
61,519,716,309,73,59,1,-1,-1,-1
62,519,716,309,73,59,1,-1,-1,-1
63,519,716,309,73,59,1,-1,-1,-1
64,519,716,309,73,59,1,-1,-1,-1
65,519,716,309,72,59,1,-1,-1,-1
66,519,716,309,72,59,1,-1,-1,-1
67,519,716,309,72,59,1,-1,-1,-1
68,519,716,309,72,59,1,-1,-1,-1
69,519,716,309,72,59,1,-1,-1,-1
70,519,716,309,72,59,1,-1,-1,-1
71,519,717,309,73,59,1,-1,-1,-1
72,519,717,309,73,59,1,-1,-1,-1
73,519,716,309,73,59,1,-1,-1,-1
74,519,716,309,73,59,1,-1,-1,-1
75,519,716,309,73,59,1,-1,-1,-1
76,519,716,309,73,59,1,-1,-1,-1
77,519,716,309,73,59,1,-1,-1,-1
78,519,716,309,73,59,1,-1,-1,-1
79,519,716,309,73,59,1,-1,-1,-1
80,519,716,309,73,59,1,-1,-1,-1
81,519,716,309,73,59,1,-1,-1,-1
82,519,716,309,73,59,1,-1,-1,-1
83,519,716,309,73,59,1,-1,-1,-1
84,519,716,309,73,59,1,-1,-1,-1
85,519,717,309,72,58,1,-1,-1,-1
86,519,717,309,72,58,1,-1,-1,-1
87,519,717,309,72,59,1,-1,-1,-1
88,519,717,309,72,59,1,-1,-1,-1
89,519,716,310,72,58,1,-1,-1,-1
90,519,716,310,72,59,1,-1,-1,-1
91,519,716,310,72,59,1,-1,-1,-1
92,519,716,310,72,59,1,-1,-1,-1
93,519,716,310,72,59,1,-1,-1,-1
94,519,716,310,72,59,1,-1,-1,-1
95,519,716,310,72,59,1,-1,-1,-1
96,519,716,310,72,59,1,-1,-1,-1
97,519,716,310,72,58,1,-1,-1,-1
98,519,716,310,72,58,1,-1,-1,-1
99,519,716,310,72,58,1,-1,-1,-1
100,519,716,310,72,58,1,-1,-1,-1
101,519,716,310,72,58,1,-1,-1,-1
102,519,716,310,72,58,1,-1,-1,-1
103,519,716,310,72,58,1,-1,-1,-1
104,519,716,310,72,58,1,-1,-1,-1
105,519,716,310,72,59,1,-1,-1,-1
106,519,716,310,72,59,1,-1,-1,-1
107,519,716,310,72,59,1,-1,-1,-1
108,519,716,310,72,59,1,-1,-1,-1
109,519,717,310,72,59,1,-1,-1,-1
110,519,717,310,72,59,1,-1,-1,-1
111,519,717,310,72,59,1,-1,-1,-1
112,519,717,310,72,59,1,-1,-1,-1
113,519,716,309,72,59,1,-1,-1,-1
114,519,716,309,72,59,1,-1,-1,-1
115,519,716,309,72,59,1,-1,-1,-1
116,519,716,309,72,59,1,-1,-1,-1
117,519,716,309,72,59,1,-1,-1,-1
118,519,716,309,72,59,1,-1,-1,-1
119,519,716,309,73,59,1,-1,-1,-1
120,519,716,309,73,59,1,-1,-1,-1
121,519,716,309,74,59,1,-1,-1,-1
122,519,716,309,74,59,1,-1,-1,-1
123,519,716,309,74,59,1,-1,-1,-1
124,519,716,309,74,59,1,-1,-1,-1
125,519,716,309,74,59,1,-1,-1,-1
126,519,716,309,74,59,1,-1,-1,-1
127,519,716,309,74,59,1,-1,-1,-1
128,519,716,309,74,59,1,-1,-1,-1
129,519,716,309,73,59,1,-1,-1,-1
130,519,716,309,73,59,1,-1,-1,-1
131,519,716,309,73,59,1,-1,-1,-1
132,519,716,309,73,59,1,-1,-1,-1
133,519,716,309,73,59,1,-1,-1,-1
134,519,716,309,73,59,1,-1,-1,-1
135,519,716,309,73,59,1,-1,-1,-1
136,519,716,309,73,59,1,-1,-1,-1
137,519,716,309,73,59,1,-1,-1,-1
138,519,716,309,73,59,1,-1,-1,-1
139,519,716,309,73,59,1,-1,-1,-1
140,519,716,309,73,59,1,-1,-1,-1
141,519,716,309,73,59,1,-1,-1,-1
142,519,716,309,73,59,1,-1,-1,-1
143,519,716,309,73,59,1,-1,-1,-1
144,519,716,309,73,59,1,-1,-1,-1
145,519,716,309,73,59,1,-1,-1,-1
146,519,716,309,73,59,1,-1,-1,-1
147,519,716,309,73,59,1,-1,-1,-1
148,519,716,309,73,59,1,-1,-1,-1
149,519,716,309,73,59,1,-1,-1,-1
150,519,716,309,73,59,1,-1,-1,-1
151,519,716,309,73,59,1,-1,-1,-1
152,519,716,309,73,59,1,-1,-1,-1
153,519,716,309,73,59,1,-1,-1,-1
154,519,716,309,73,59,1,-1,-1,-1
155,519,716,309,73,59,1,-1,-1,-1
156,519,716,309,73,59,1,-1,-1,-1
157,519,716,309,72,59,1,-1,-1,-1
158,519,716,309,72,59,1,-1,-1,-1
159,519,716,309,72,59,1,-1,-1,-1
160,519,716,309,72,59,1,-1,-1,-1
161,519,716,309,72,59,1,-1,-1,-1
162,519,716,309,72,59,1,-1,-1,-1
163,519,716,309,72,59,1,-1,-1,-1
164,519,716,309,72,59,1,-1,-1,-1
165,519,716,309,72,59,1,-1,-1,-1
166,519,716,309,72,59,1,-1,-1,-1
167,519,716,309,72,59,1,-1,-1,-1
168,519,716,309,72,59,1,-1,-1,-1
169,519,716,309,72,59,1,-1,-1,-1
170,519,716,309,72,59,1,-1,-1,-1
171,519,716,309,72,59,1,-1,-1,-1
172,519,716,309,72,59,1,-1,-1,-1
173,519,716,309,72,59,1,-1,-1,-1
174,519,716,309,72,59,1,-1,-1,-1
175,519,716,309,72,59,1,-1,-1,-1
176,519,716,309,72,59,1,-1,-1,-1
177,519,716,309,72,59,1,-1,-1,-1
178,519,716,309,72,59,1,-1,-1,-1
179,519,716,309,72,59,1,-1,-1,-1
180,519,716,309,72,59,1,-1,-1,-1
181,519,716,309,73,59,1,-1,-1,-1
182,519,716,309,73,59,1,-1,-1,-1
183,519,716,309,73,59,1,-1,-1,-1
184,519,716,309,73,59,1,-1,-1,-1
185,519,716,309,73,59,1,-1,-1,-1
186,519,716,309,73,59,1,-1,-1,-1
187,519,716,309,73,59,1,-1,-1,-1
188,519,716,309,73,59,1,-1,-1,-1
189,519,716,309,73,59,1,-1,-1,-1
190,519,716,309,73,59,1,-1,-1,-1
191,519,716,309,73,59,1,-1,-1,-1
192,519,716,309,73,59,1,-1,-1,-1
193,519,717,309,73,59,1,-1,-1,-1
194,519,717,309,73,59,1,-1,-1,-1
195,519,717,309,73,59,1,-1,-1,-1
196,519,717,309,73,59,1,-1,-1,-1
197,519,716,309,73,59,1,-1,-1,-1
198,519,716,309,73,59,1,-1,-1,-1
199,519,717,309,73,59,1,-1,-1,-1
200,519,717,309,73,59,1,-1,-1,-1
201,519,716,309,73,59,1,-1,-1,-1
202,519,716,309,73,59,1,-1,-1,-1
203,519,716,309,73,59,1,-1,-1,-1
204,519,716,309,73,59,1,-1,-1,-1
205,519,716,309,73,59,1,-1,-1,-1
206,519,716,309,73,59,1,-1,-1,-1
207,519,716,309,73,59,1,-1,-1,-1
208,519,716,309,73,59,1,-1,-1,-1
209,519,716,309,72,59,1,-1,-1,-1
210,519,716,309,72,59,1,-1,-1,-1
211,519,716,309,72,59,1,-1,-1,-1
212,519,716,309,72,59,1,-1,-1,-1
213,519,716,309,72,59,1,-1,-1,-1
214,519,716,309,73,59,1,-1,-1,-1
215,519,716,309,72,59,1,-1,-1,-1
216,519,716,309,72,59,1,-1,-1,-1
217,519,717,310,72,59,1,-1,-1,-1
218,519,717,310,72,59,1,-1,-1,-1
219,519,717,310,72,59,1,-1,-1,-1
220,519,717,310,72,59,1,-1,-1,-1
221,519,717,310,72,59,1,-1,-1,-1
222,519,717,310,72,59,1,-1,-1,-1
223,519,717,310,72,59,1,-1,-1,-1
224,519,717,310,72,59,1,-1,-1,-1
225,519,716,309,72,59,1,-1,-1,-1
226,519,716,309,72,59,1,-1,-1,-1
227,519,716,309,72,59,1,-1,-1,-1
228,519,716,309,72,59,1,-1,-1,-1
229,519,716,309,73,59,1,-1,-1,-1
230,519,716,309,73,59,1,-1,-1,-1
231,519,716,309,73,59,1,-1,-1,-1
232,519,716,309,73,59,1,-1,-1,-1
233,519,717,309,73,59,1,-1,-1,-1
234,519,717,309,73,59,1,-1,-1,-1
235,519,717,309,73,59,1,-1,-1,-1
236,519,717,309,73,59,1,-1,-1,-1
237,519,717,309,73,59,1,-1,-1,-1
238,519,717,309,73,59,1,-1,-1,-1
239,519,717,309,73,59,1,-1,-1,-1
240,519,717,309,73,59,1,-1,-1,-1
241,519,717,310,73,59,1,-1,-1,-1
242,519,717,310,73,59,1,-1,-1,-1
243,519,717,309,73,59,1,-1,-1,-1
244,519,717,309,72,59,1,-1,-1,-1
245,519,717,310,73,59,1,-1,-1,-1
246,519,717,309,73,59,1,-1,-1,-1
247,519,717,309,73,59,1,-1,-1,-1
248,519,717,309,73,59,1,-1,-1,-1
249,519,717,310,72,58,1,-1,-1,-1
250,519,717,310,72,58,1,-1,-1,-1
251,519,716,309,73,59,1,-1,-1,-1
252,519,716,309,73,59,1,-1,-1,-1
253,519,716,309,73,59,1,-1,-1,-1
254,519,716,309,73,59,1,-1,-1,-1
255,519,716,309,73,59,1,-1,-1,-1
256,519,716,309,73,59,1,-1,-1,-1
257,519,716,309,72,59,1,-1,-1,-1
258,519,716,309,72,59,1,-1,-1,-1
259,519,716,309,72,59,1,-1,-1,-1
260,519,716,309,72,59,1,-1,-1,-1
261,519,716,309,72,59,1,-1,-1,-1
262,519,716,309,72,59,1,-1,-1,-1
263,519,716,309,72,59,1,-1,-1,-1
264,519,716,309,72,59,1,-1,-1,-1
265,519,716,310,72,59,1,-1,-1,-1
266,519,716,310,72,59,1,-1,-1,-1
267,519,716,310,72,59,1,-1,-1,-1
268,519,716,310,72,59,1,-1,-1,-1
269,519,716,310,72,59,1,-1,-1,-1
270,519,716,310,72,59,1,-1,-1,-1
271,519,716,310,72,59,1,-1,-1,-1
272,519,716,310,72,59,1,-1,-1,-1
273,519,716,310,72,59,1,-1,-1,-1
274,519,716,310,72,59,1,-1,-1,-1
275,519,716,310,72,59,1,-1,-1,-1
276,519,716,310,72,59,1,-1,-1,-1
277,519,716,310,73,59,1,-1,-1,-1
278,519,716,310,73,59,1,-1,-1,-1
279,519,716,310,73,59,1,-1,-1,-1
280,519,716,310,73,59,1,-1,-1,-1
281,519,716,310,72,59,1,-1,-1,-1
282,519,716,310,72,59,1,-1,-1,-1
283,519,716,310,72,59,1,-1,-1,-1
284,519,716,310,72,59,1,-1,-1,-1
285,519,716,310,72,59,1,-1,-1,-1
286,519,716,310,72,59,1,-1,-1,-1
287,519,716,310,72,59,1,-1,-1,-1
288,519,716,310,72,59,1,-1,-1,-1
289,519,716,309,73,59,1,-1,-1,-1
290,519,716,309,73,59,1,-1,-1,-1
291,519,716,309,73,59,1,-1,-1,-1
292,519,716,309,73,59,1,-1,-1,-1
293,519,716,310,73,59,1,-1,-1,-1
294,519,716,310,73,59,1,-1,-1,-1
295,519,716,310,73,59,1,-1,-1,-1
296,519,716,310,73,59,1,-1,-1,-1
297,519,716,309,73,59,1,-1,-1,-1
298,519,716,309,73,59,1,-1,-1,-1
299,519,716,309,73,59,1,-1,-1,-1
300,519,716,309,73,59,1,-1,-1,-1
301,519,716,309,72,59,1,-1,-1,-1
302,519,716,309,72,59,1,-1,-1,-1
303,519,716,309,72,59,1,-1,-1,-1
304,519,716,309,72,59,1,-1,-1,-1
305,519,716,310,73,59,1,-1,-1,-1
306,519,716,310,73,59,1,-1,-1,-1
307,519,716,310,73,59,1,-1,-1,-1
308,519,716,310,73,59,1,-1,-1,-1
309,519,716,310,73,59,1,-1,-1,-1
310,519,716,310,73,59,1,-1,-1,-1
311,519,716,310,73,59,1,-1,-1,-1
312,519,716,310,73,59,1,-1,-1,-1
313,519,716,309,72,59,1,-1,-1,-1
314,519,716,309,72,59,1,-1,-1,-1
315,519,716,309,72,59,1,-1,-1,-1
316,519,716,309,72,59,1,-1,-1,-1
317,519,716,309,72,59,1,-1,-1,-1
318,519,716,309,72,59,1,-1,-1,-1
319,519,716,309,72,59,1,-1,-1,-1
320,519,716,309,72,59,1,-1,-1,-1
321,519,716,309,71,59,1,-1,-1,-1
322,519,716,309,71,59,1,-1,-1,-1
323,519,716,309,71,59,1,-1,-1,-1
324,519,716,308,72,60,1,-1,-1,-1
325,519,716,308,72,60,1,-1,-1,-1
326,519,716,308,72,60,1,-1,-1,-1
327,519,716,308,72,60,1,-1,-1,-1
328,519,716,308,72,60,1,-1,-1,-1
329,519,716,309,72,59,1,-1,-1,-1
330,519,716,309,72,59,1,-1,-1,-1
331,519,716,309,72,59,1,-1,-1,-1
332,519,716,309,72,59,1,-1,-1,-1
333,519,716,309,72,59,1,-1,-1,-1
334,519,716,309,72,59,1,-1,-1,-1
335,519,716,309,72,59,1,-1,-1,-1
336,519,716,309,72,59,1,-1,-1,-1
337,519,717,310,73,59,1,-1,-1,-1
338,519,717,310,73,59,1,-1,-1,-1
339,519,717,309,73,59,1,-1,-1,-1
340,519,717,309,73,59,1,-1,-1,-1
341,519,717,309,73,59,1,-1,-1,-1
342,519,717,309,73,59,1,-1,-1,-1
343,519,716,309,73,59,1,-1,-1,-1
344,519,716,309,73,59,1,-1,-1,-1
345,519,716,310,73,59,1,-1,-1,-1
346,519,716,310,73,59,1,-1,-1,-1
347,519,716,310,73,59,1,-1,-1,-1
348,519,716,309,73,59,1,-1,-1,-1
349,519,716,309,73,59,1,-1,-1,-1
350,519,716,309,73,59,1,-1,-1,-1
351,519,716,309,73,59,1,-1,-1,-1
352,519,716,309,73,59,1,-1,-1,-1
353,519,716,310,72,59,1,-1,-1,-1
354,519,716,310,72,59,1,-1,-1,-1
355,519,716,310,72,59,1,-1,-1,-1
356,519,716,310,72,59,1,-1,-1,-1
357,519,716,310,72,59,1,-1,-1,-1
358,519,716,310,72,59,1,-1,-1,-1
359,519,716,310,72,59,1,-1,-1,-1
360,519,716,310,72,59,1,-1,-1,-1
361,519,716,309,73,59,1,-1,-1,-1
362,519,716,309,73,59,1,-1,-1,-1
363,519,716,309,73,59,1,-1,-1,-1
364,519,716,309,73,59,1,-1,-1,-1
365,519,716,309,73,59,1,-1,-1,-1
366,519,716,309,73,59,1,-1,-1,-1
367,519,716,309,73,59,1,-1,-1,-1
368,519,716,309,73,59,1,-1,-1,-1
369,519,716,310,73,59,1,-1,-1,-1
370,519,716,310,73,59,1,-1,-1,-1
371,519,716,310,73,59,1,-1,-1,-1
372,519,716,310,73,59,1,-1,-1,-1
373,519,716,308,72,60,1,-1,-1,-1
374,519,716,308,72,60,1,-1,-1,-1
375,519,716,308,72,60,1,-1,-1,-1
376,519,716,308,72,60,1,-1,-1,-1
377,519,717,309,72,59,1,-1,-1,-1
378,519,717,309,72,59,1,-1,-1,-1
379,519,717,309,72,59,1,-1,-1,-1
380,519,717,309,72,59,1,-1,-1,-1
381,519,717,309,72,59,1,-1,-1,-1
382,519,717,309,72,59,1,-1,-1,-1
383,519,717,309,72,59,1,-1,-1,-1
384,519,717,309,72,59,1,-1,-1,-1
385,519,716,310,73,59,1,-1,-1,-1
386,519,716,310,73,59,1,-1,-1,-1
387,519,716,310,73,59,1,-1,-1,-1
388,519,716,310,73,59,1,-1,-1,-1
389,519,716,310,73,59,1,-1,-1,-1
390,519,716,310,73,59,1,-1,-1,-1
391,519,716,310,73,59,1,-1,-1,-1
392,519,716,310,73,59,1,-1,-1,-1
393,519,716,310,72,59,1,-1,-1,-1
394,519,716,310,72,59,1,-1,-1,-1
395,519,716,310,72,59,1,-1,-1,-1
396,519,716,310,72,59,1,-1,-1,-1
397,519,716,309,73,59,1,-1,-1,-1
398,519,716,309,73,59,1,-1,-1,-1
399,519,716,309,73,59,1,-1,-1,-1
400,519,716,309,73,59,1,-1,-1,-1
401,519,716,309,72,59,1,-1,-1,-1
402,519,716,309,72,59,1,-1,-1,-1
403,519,716,309,72,59,1,-1,-1,-1
404,519,716,309,72,59,1,-1,-1,-1
405,519,716,309,72,59,1,-1,-1,-1
406,519,716,309,72,59,1,-1,-1,-1
407,519,716,309,72,59,1,-1,-1,-1
408,519,716,309,72,59,1,-1,-1,-1
409,519,716,309,73,59,1,-1,-1,-1
410,519,716,309,73,59,1,-1,-1,-1
411,519,716,309,73,59,1,-1,-1,-1
412,519,716,309,73,59,1,-1,-1,-1
413,519,716,309,73,59,1,-1,-1,-1
414,519,716,309,73,59,1,-1,-1,-1
415,519,716,309,74,59,1,-1,-1,-1
416,519,716,309,74,59,1,-1,-1,-1
417,519,716,309,72,59,1,-1,-1,-1
418,519,716,309,72,59,1,-1,-1,-1
419,519,716,309,72,59,1,-1,-1,-1
420,519,716,309,72,59,1,-1,-1,-1
421,519,716,309,72,59,1,-1,-1,-1
422,519,716,309,72,59,1,-1,-1,-1
423,519,716,309,72,59,1,-1,-1,-1
424,519,716,309,72,59,1,-1,-1,-1
425,519,716,309,72,59,1,-1,-1,-1
426,519,716,309,72,59,1,-1,-1,-1
427,519,716,309,72,59,1,-1,-1,-1
428,519,716,309,72,59,1,-1,-1,-1
429,519,716,309,72,59,1,-1,-1,-1
430,519,716,309,72,59,1,-1,-1,-1
431,519,716,309,72,59,1,-1,-1,-1
432,519,716,309,72,59,1,-1,-1,-1
433,519,716,309,73,59,1,-1,-1,-1
434,519,716,309,73,59,1,-1,-1,-1
435,519,716,309,74,59,1,-1,-1,-1
436,519,716,309,74,59,1,-1,-1,-1
437,519,716,309,74,59,1,-1,-1,-1
438,519,716,309,74,59,1,-1,-1,-1
439,519,716,309,74,59,1,-1,-1,-1
440,519,716,309,74,59,1,-1,-1,-1
441,519,716,309,73,59,1,-1,-1,-1
442,519,716,309,73,59,1,-1,-1,-1
443,519,716,309,73,59,1,-1,-1,-1
444,519,716,309,73,59,1,-1,-1,-1
445,519,716,309,73,59,1,-1,-1,-1
446,519,716,309,73,59,1,-1,-1,-1
447,519,716,309,73,59,1,-1,-1,-1
448,519,716,309,73,59,1,-1,-1,-1
449,519,716,309,72,59,1,-1,-1,-1
450,519,716,309,72,59,1,-1,-1,-1
451,519,716,309,72,59,1,-1,-1,-1
452,519,716,309,72,59,1,-1,-1,-1
453,519,716,309,72,59,1,-1,-1,-1
454,519,716,309,72,59,1,-1,-1,-1
455,519,716,309,72,59,1,-1,-1,-1
456,519,716,309,72,59,1,-1,-1,-1
457,519,716,308,73,60,1,-1,-1,-1
458,519,716,308,72,60,1,-1,-1,-1
459,519,716,308,73,60,1,-1,-1,-1
460,519,716,308,73,60,1,-1,-1,-1
461,519,716,308,72,60,1,-1,-1,-1
462,519,716,308,72,60,1,-1,-1,-1
463,519,716,308,72,60,1,-1,-1,-1
464,519,716,308,72,60,1,-1,-1,-1
465,519,716,309,72,60,1,-1,-1,-1
466,519,716,309,72,59,1,-1,-1,-1
467,519,716,308,72,60,1,-1,-1,-1
468,519,716,308,72,60,1,-1,-1,-1
469,519,716,309,72,59,1,-1,-1,-1
470,519,716,309,72,59,1,-1,-1,-1
471,519,716,309,72,59,1,-1,-1,-1
472,519,716,309,72,59,1,-1,-1,-1
473,519,716,309,72,60,1,-1,-1,-1
474,519,716,309,72,60,1,-1,-1,-1
475,519,716,309,72,60,1,-1,-1,-1
476,519,716,309,72,60,1,-1,-1,-1
477,519,716,309,72,60,1,-1,-1,-1
478,519,716,309,71,60,1,-1,-1,-1
479,519,716,309,71,60,1,-1,-1,-1
480,519,716,309,71,60,1,-1,-1,-1
481,519,716,309,72,60,1,-1,-1,-1
482,519,716,309,72,60,1,-1,-1,-1
483,519,716,309,72,60,1,-1,-1,-1
484,519,716,309,72,60,1,-1,-1,-1
485,519,716,309,72,60,1,-1,-1,-1
486,519,716,309,72,60,1,-1,-1,-1
487,519,716,309,72,60,1,-1,-1,-1
488,519,716,309,72,60,1,-1,-1,-1
489,519,716,309,73,59,1,-1,-1,-1
490,519,716,309,73,59,1,-1,-1,-1
491,519,716,309,73,59,1,-1,-1,-1
492,519,716,309,73,59,1,-1,-1,-1
493,519,716,309,72,60,1,-1,-1,-1
494,519,716,309,72,60,1,-1,-1,-1
495,519,716,309,72,60,1,-1,-1,-1
496,519,716,309,72,60,1,-1,-1,-1
497,519,716,309,72,60,1,-1,-1,-1
498,519,716,309,72,60,1,-1,-1,-1
499,519,716,309,72,60,1,-1,-1,-1
500,519,716,309,72,60,1,-1,-1,-1
501,519,716,309,71,59,1,-1,-1,-1
502,519,716,309,71,59,1,-1,-1,-1
503,519,716,309,71,59,1,-1,-1,-1
504,519,716,309,71,59,1,-1,-1,-1
505,519,716,309,73,60,1,-1,-1,-1
506,519,716,309,73,60,1,-1,-1,-1
507,519,716,309,73,60,1,-1,-1,-1
508,519,716,309,73,60,1,-1,-1,-1
509,519,716,309,73,60,1,-1,-1,-1
510,519,716,309,73,60,1,-1,-1,-1
511,519,716,309,73,60,1,-1,-1,-1
512,519,716,309,73,60,1,-1,-1,-1
513,519,715,309,72,60,1,-1,-1,-1
514,519,716,309,72,60,1,-1,-1,-1
515,519,716,309,72,60,1,-1,-1,-1
516,519,716,309,72,60,1,-1,-1,-1
517,519,716,309,72,60,1,-1,-1,-1
518,519,716,309,72,60,1,-1,-1,-1
519,519,716,309,72,60,1,-1,-1,-1
520,519,716,309,72,60,1,-1,-1,-1
521,519,715,309,73,60,1,-1,-1,-1
522,519,715,309,73,60,1,-1,-1,-1
523,519,715,309,73,60,1,-1,-1,-1
524,519,715,309,73,60,1,-1,-1,-1
525,519,715,309,73,60,1,-1,-1,-1
526,519,715,309,73,60,1,-1,-1,-1
527,519,715,309,73,60,1,-1,-1,-1
528,519,715,309,73,60,1,-1,-1,-1
529,519,715,309,73,60,1,-1,-1,-1
530,519,715,309,73,60,1,-1,-1,-1
531,519,716,309,73,60,1,-1,-1,-1
532,519,715,309,73,60,1,-1,-1,-1
533,519,716,309,73,60,1,-1,-1,-1
534,519,716,309,73,60,1,-1,-1,-1
535,519,715,309,73,60,1,-1,-1,-1
536,519,715,309,73,60,1,-1,-1,-1
537,519,716,309,73,60,1,-1,-1,-1
538,519,716,309,73,60,1,-1,-1,-1
539,519,716,309,73,60,1,-1,-1,-1
540,519,716,309,73,60,1,-1,-1,-1
541,519,716,309,73,59,1,-1,-1,-1
542,519,716,309,73,59,1,-1,-1,-1
543,519,716,309,73,59,1,-1,-1,-1
544,519,716,309,73,59,1,-1,-1,-1
545,519,716,309,73,60,1,-1,-1,-1
546,519,716,309,73,60,1,-1,-1,-1
547,519,716,309,73,60,1,-1,-1,-1
548,519,716,309,73,60,1,-1,-1,-1
549,519,716,309,73,60,1,-1,-1,-1
550,519,716,309,73,60,1,-1,-1,-1
551,519,716,309,73,60,1,-1,-1,-1
552,519,716,309,73,60,1,-1,-1,-1
553,519,716,309,74,60,1,-1,-1,-1
554,519,716,309,74,60,1,-1,-1,-1
555,519,716,309,74,60,1,-1,-1,-1
556,519,716,308,74,60,1,-1,-1,-1
557,519,716,308,74,60,1,-1,-1,-1
558,519,716,308,73,60,1,-1,-1,-1
559,519,716,308,74,61,1,-1,-1,-1
560,519,716,308,73,60,1,-1,-1,-1
561,519,716,309,73,60,1,-1,-1,-1
562,519,716,309,73,60,1,-1,-1,-1
563,519,716,309,73,60,1,-1,-1,-1
564,519,716,308,73,61,1,-1,-1,-1
565,519,716,308,73,61,1,-1,-1,-1
566,519,716,308,73,61,1,-1,-1,-1
567,519,716,308,73,61,1,-1,-1,-1
568,519,716,308,73,61,1,-1,-1,-1
569,519,716,308,73,61,1,-1,-1,-1
570,519,716,308,73,61,1,-1,-1,-1
571,519,716,308,74,60,1,-1,-1,-1
572,519,716,309,74,60,1,-1,-1,-1
573,519,716,308,74,61,1,-1,-1,-1
574,519,716,309,74,61,1,-1,-1,-1
575,519,716,307,73,60,1,-1,-1,-1
576,519,716,309,74,60,1,-1,-1,-1
577,519,716,308,72,59,1,-1,-1,-1
578,519,716,308,72,60,1,-1,-1,-1
579,519,716,308,72,59,1,-1,-1,-1
580,519,717,308,71,58,1,-1,-1,-1
581,519,717,308,71,59,1,-1,-1,-1
582,519,717,309,72,57,1,-1,-1,-1
583,519,717,308,71,58,1,-1,-1,-1
584,519,716,308,72,58,1,-1,-1,-1
585,519,715,307,73,59,1,-1,-1,-1
586,519,715,309,74,57,1,-1,-1,-1
587,519,717,307,71,58,1,-1,-1,-1
588,519,718,307,70,58,1,-1,-1,-1
589,519,719,308,69,58,1,-1,-1,-1
590,519,719,307,68,58,1,-1,-1,-1
591,519,719,307,68,58,1,-1,-1,-1
592,519,718,307,70,58,1,-1,-1,-1
593,519,717,307,70,58,1,-1,-1,-1
594,519,717,307,71,59,1,-1,-1,-1
595,519,717,307,71,58,1,-1,-1,-1
596,519,717,307,71,58,1,-1,-1,-1
597,519,717,307,71,58,1,-1,-1,-1
598,519,717,307,71,58,1,-1,-1,-1
599,519,717,307,71,58,1,-1,-1,-1
600,519,718,307,70,58,1,-1,-1,-1
601,519,718,308,72,57,1,-1,-1,-1
602,519,717,308,73,58,1,-1,-1,-1
603,519,718,307,72,59,1,-1,-1,-1
604,519,718,308,71,58,1,-1,-1,-1
605,519,718,307,71,58,1,-1,-1,-1
606,519,718,307,71,58,1,-1,-1,-1
607,519,718,308,71,57,1,-1,-1,-1
608,519,717,308,73,57,1,-1,-1,-1
609,519,717,309,72,56,1,-1,-1,-1
610,519,716,308,73,57,1,-1,-1,-1
611,519,716,307,73,57,1,-1,-1,-1
612,519,717,308,72,58,1,-1,-1,-1
613,519,717,308,71,57,1,-1,-1,-1
614,519,718,308,70,57,1,-1,-1,-1
615,519,718,308,70,58,1,-1,-1,-1
616,519,721,308,67,57,1,-1,-1,-1
617,519,719,308,70,58,1,-1,-1,-1
618,519,720,308,69,58,1,-1,-1,-1
619,519,720,309,69,57,1,-1,-1,-1
620,519,719,308,70,57,1,-1,-1,-1
621,519,719,309,70,57,1,-1,-1,-1
622,519,718,309,70,56,1,-1,-1,-1
623,519,718,309,71,56,1,-1,-1,-1
624,519,717,309,71,56,1,-1,-1,-1
625,519,717,309,72,58,1,-1,-1,-1
626,519,717,309,72,59,1,-1,-1,-1
627,519,717,309,72,59,1,-1,-1,-1
628,519,717,309,72,58,1,-1,-1,-1
629,519,717,309,72,59,1,-1,-1,-1
630,519,717,309,72,59,1,-1,-1,-1
631,519,717,309,72,59,1,-1,-1,-1
632,519,717,309,72,59,1,-1,-1,-1
633,519,717,309,72,59,1,-1,-1,-1
634,519,716,309,72,59,1,-1,-1,-1
635,519,715,309,74,59,1,-1,-1,-1
636,519,714,309,75,59,1,-1,-1,-1
637,519,714,309,76,59,1,-1,-1,-1
638,519,713,308,77,60,1,-1,-1,-1
639,519,715,308,74,60,1,-1,-1,-1
640,519,716,308,74,59,1,-1,-1,-1
641,519,716,308,72,59,1,-1,-1,-1
642,519,716,308,72,60,1,-1,-1,-1
643,519,716,308,72,60,1,-1,-1,-1
644,519,716,308,72,60,1,-1,-1,-1
645,519,717,308,72,60,1,-1,-1,-1
646,519,716,308,72,60,1,-1,-1,-1
647,519,716,308,72,60,1,-1,-1,-1
648,519,716,308,72,60,1,-1,-1,-1
649,519,716,308,71,60,1,-1,-1,-1
650,519,716,309,71,60,1,-1,-1,-1
651,519,716,308,71,60,1,-1,-1,-1
652,519,716,309,71,60,1,-1,-1,-1
653,519,716,307,72,60,1,-1,-1,-1
654,519,716,308,71,59,1,-1,-1,-1
655,519,716,307,72,60,1,-1,-1,-1
656,519,716,307,72,60,1,-1,-1,-1
657,519,716,308,72,60,1,-1,-1,-1
658,519,716,308,72,60,1,-1,-1,-1
659,519,716,308,72,60,1,-1,-1,-1
660,519,716,308,73,60,1,-1,-1,-1
661,519,717,308,71,60,1,-1,-1,-1
662,519,717,308,71,60,1,-1,-1,-1
663,519,716,308,72,60,1,-1,-1,-1
664,519,717,308,72,60,1,-1,-1,-1
665,519,717,308,71,59,1,-1,-1,-1
666,519,716,308,72,60,1,-1,-1,-1
667,519,717,308,71,59,1,-1,-1,-1
668,519,717,309,72,59,1,-1,-1,-1
669,519,716,309,73,59,1,-1,-1,-1
670,519,716,308,72,59,1,-1,-1,-1
671,519,716,308,73,60,1,-1,-1,-1
672,519,715,308,73,59,1,-1,-1,-1
673,519,716,307,71,59,1,-1,-1,-1
674,519,716,307,71,58,1,-1,-1,-1
675,519,716,307,71,58,1,-1,-1,-1
676,519,717,307,70,58,1,-1,-1,-1
677,519,720,307,67,59,1,-1,-1,-1
678,519,725,307,63,58,1,-1,-1,-1
679,519,724,308,63,59,1,-1,-1,-1
680,519,724,308,64,59,1,-1,-1,-1
681,519,726,308,62,57,1,-1,-1,-1
682,519,724,307,63,57,1,-1,-1,-1
683,519,721,307,67,57,1,-1,-1,-1
684,519,719,308,69,59,1,-1,-1,-1
685,519,719,307,69,59,1,-1,-1,-1
686,519,716,307,72,59,1,-1,-1,-1
687,519,715,308,74,60,1,-1,-1,-1
688,519,715,308,73,59,1,-1,-1,-1
689,519,716,308,73,59,1,-1,-1,-1
690,519,716,308,72,60,1,-1,-1,-1
691,519,716,308,72,60,1,-1,-1,-1
692,519,716,308,72,60,1,-1,-1,-1
693,519,716,308,72,60,1,-1,-1,-1
694,519,716,308,72,60,1,-1,-1,-1
695,519,716,308,72,60,1,-1,-1,-1
696,519,716,309,72,59,1,-1,-1,-1
697,519,716,308,72,60,1,-1,-1,-1
698,519,716,308,72,60,1,-1,-1,-1
699,519,716,308,72,60,1,-1,-1,-1
700,519,716,308,72,60,1,-1,-1,-1
701,519,716,308,72,60,1,-1,-1,-1
702,519,716,308,72,60,1,-1,-1,-1
703,519,716,308,72,60,1,-1,-1,-1
704,519,716,308,72,60,1,-1,-1,-1
705,519,716,309,72,60,1,-1,-1,-1
706,519,716,308,72,60,1,-1,-1,-1
707,519,716,308,72,60,1,-1,-1,-1
708,519,716,309,72,60,1,-1,-1,-1
709,519,716,309,72,60,1,-1,-1,-1
710,519,716,309,72,60,1,-1,-1,-1
711,519,716,309,72,60,1,-1,-1,-1
712,519,716,309,72,60,1,-1,-1,-1
713,519,716,309,72,59,1,-1,-1,-1
714,519,716,309,72,59,1,-1,-1,-1
715,519,716,309,72,59,1,-1,-1,-1
716,519,716,309,72,59,1,-1,-1,-1
717,519,716,309,73,59,1,-1,-1,-1
718,519,716,309,73,59,1,-1,-1,-1
719,519,716,309,73,59,1,-1,-1,-1
720,519,716,309,73,59,1,-1,-1,-1
721,519,716,309,72,60,1,-1,-1,-1
722,519,716,309,72,60,1,-1,-1,-1
723,519,716,309,72,60,1,-1,-1,-1
724,519,716,309,72,60,1,-1,-1,-1
725,519,716,309,72,60,1,-1,-1,-1
726,519,716,309,72,60,1,-1,-1,-1
727,519,716,309,72,60,1,-1,-1,-1
728,519,716,309,72,60,1,-1,-1,-1
729,519,716,309,72,59,1,-1,-1,-1
730,519,716,309,72,59,1,-1,-1,-1
731,519,716,309,72,59,1,-1,-1,-1
732,519,716,309,72,59,1,-1,-1,-1
733,519,716,309,73,59,1,-1,-1,-1
734,519,716,309,73,59,1,-1,-1,-1
735,519,716,309,73,59,1,-1,-1,-1
736,519,716,309,73,59,1,-1,-1,-1
737,519,716,309,72,59,1,-1,-1,-1
738,519,716,309,72,59,1,-1,-1,-1
739,519,716,309,72,59,1,-1,-1,-1
740,519,716,309,72,59,1,-1,-1,-1
741,519,716,309,72,59,1,-1,-1,-1
742,519,716,309,72,59,1,-1,-1,-1
743,519,716,309,72,59,1,-1,-1,-1
744,519,716,309,72,59,1,-1,-1,-1
745,519,716,309,73,59,1,-1,-1,-1
746,519,716,309,73,59,1,-1,-1,-1
747,519,716,309,73,59,1,-1,-1,-1
748,519,716,309,73,59,1,-1,-1,-1
749,519,716,309,73,59,1,-1,-1,-1
750,519,716,309,73,59,1,-1,-1,-1
751,519,716,309,72,59,1,-1,-1,-1
752,519,716,309,73,59,1,-1,-1,-1
753,519,716,309,72,60,1,-1,-1,-1
754,519,716,309,72,60,1,-1,-1,-1
755,519,716,309,72,59,1,-1,-1,-1
756,519,716,309,72,60,1,-1,-1,-1
757,519,717,309,72,60,1,-1,-1,-1
758,519,717,309,72,60,1,-1,-1,-1
759,519,716,309,72,60,1,-1,-1,-1
760,519,716,309,72,60,1,-1,-1,-1
761,519,716,309,72,59,1,-1,-1,-1
762,519,717,309,72,59,1,-1,-1,-1
763,519,717,309,72,59,1,-1,-1,-1
764,519,717,309,72,59,1,-1,-1,-1
765,519,717,309,72,59,1,-1,-1,-1
766,519,717,309,72,59,1,-1,-1,-1
767,519,717,309,72,59,1,-1,-1,-1
768,519,717,309,72,59,1,-1,-1,-1
769,519,716,309,73,59,1,-1,-1,-1
770,519,716,309,73,59,1,-1,-1,-1
771,519,716,309,73,59,1,-1,-1,-1
772,519,716,309,74,59,1,-1,-1,-1
773,519,716,309,73,59,1,-1,-1,-1
774,519,716,309,73,59,1,-1,-1,-1
775,519,716,309,73,59,1,-1,-1,-1
776,519,716,309,73,59,1,-1,-1,-1
777,519,716,309,73,59,1,-1,-1,-1
778,519,716,309,73,59,1,-1,-1,-1
779,519,716,309,73,59,1,-1,-1,-1
780,519,716,309,73,59,1,-1,-1,-1
781,519,716,308,73,60,1,-1,-1,-1
782,519,716,308,73,60,1,-1,-1,-1
783,519,716,308,73,60,1,-1,-1,-1
784,519,716,308,73,60,1,-1,-1,-1
785,519,716,309,72,59,1,-1,-1,-1
786,519,716,309,72,59,1,-1,-1,-1
787,519,716,309,72,59,1,-1,-1,-1
788,519,716,309,71,59,1,-1,-1,-1
789,519,716,309,71,59,1,-1,-1,-1
790,519,716,309,71,59,1,-1,-1,-1
791,519,716,309,71,59,1,-1,-1,-1
792,519,716,309,71,59,1,-1,-1,-1
793,519,716,309,72,59,1,-1,-1,-1
794,519,716,309,72,59,1,-1,-1,-1
795,519,716,309,72,59,1,-1,-1,-1
796,519,716,309,72,59,1,-1,-1,-1
797,519,716,309,72,59,1,-1,-1,-1
798,519,716,309,72,59,1,-1,-1,-1
799,519,716,309,72,59,1,-1,-1,-1
800,519,716,309,72,59,1,-1,-1,-1
801,519,716,309,72,59,1,-1,-1,-1
802,519,716,309,72,59,1,-1,-1,-1
803,519,716,309,72,59,1,-1,-1,-1
804,519,716,309,72,59,1,-1,-1,-1
805,519,716,309,71,59,1,-1,-1,-1
806,519,716,309,71,59,1,-1,-1,-1
807,519,716,309,71,59,1,-1,-1,-1
808,519,716,309,72,59,1,-1,-1,-1
809,519,716,309,73,60,1,-1,-1,-1
810,519,716,309,73,59,1,-1,-1,-1
811,519,716,309,73,60,1,-1,-1,-1
812,519,716,309,73,60,1,-1,-1,-1
813,519,716,309,73,60,1,-1,-1,-1
814,519,716,309,73,60,1,-1,-1,-1
815,519,716,309,73,59,1,-1,-1,-1
816,519,716,309,73,59,1,-1,-1,-1
817,519,716,308,72,60,1,-1,-1,-1
818,519,716,308,72,60,1,-1,-1,-1
819,519,716,308,72,60,1,-1,-1,-1
820,519,716,308,72,60,1,-1,-1,-1
821,519,716,308,72,60,1,-1,-1,-1
822,519,716,308,72,60,1,-1,-1,-1
823,519,716,308,72,60,1,-1,-1,-1
824,519,716,308,72,60,1,-1,-1,-1
825,519,716,309,72,59,1,-1,-1,-1
826,519,716,309,72,59,1,-1,-1,-1
827,519,716,309,72,59,1,-1,-1,-1
828,519,716,309,72,59,1,-1,-1,-1
829,519,716,309,72,59,1,-1,-1,-1
830,519,716,309,72,59,1,-1,-1,-1
831,519,716,309,72,59,1,-1,-1,-1
832,519,716,309,72,59,1,-1,-1,-1
833,519,716,309,71,59,1,-1,-1,-1
834,519,716,309,71,59,1,-1,-1,-1
835,519,716,309,71,59,1,-1,-1,-1
836,519,717,309,71,59,1,-1,-1,-1
837,519,717,309,71,59,1,-1,-1,-1
838,519,717,309,71,59,1,-1,-1,-1
839,519,717,309,71,59,1,-1,-1,-1
840,519,717,309,71,59,1,-1,-1,-1
841,519,716,309,71,60,1,-1,-1,-1
842,519,716,309,71,60,1,-1,-1,-1
843,519,716,309,71,60,1,-1,-1,-1
844,519,716,309,71,60,1,-1,-1,-1
845,519,716,309,71,60,1,-1,-1,-1
846,519,716,309,71,60,1,-1,-1,-1
847,519,716,309,71,60,1,-1,-1,-1
848,519,716,309,71,60,1,-1,-1,-1
849,519,716,309,72,60,1,-1,-1,-1
850,519,716,309,72,60,1,-1,-1,-1
851,519,716,309,72,60,1,-1,-1,-1
852,519,716,309,72,60,1,-1,-1,-1
853,519,716,309,72,60,1,-1,-1,-1
854,519,716,309,72,60,1,-1,-1,-1
855,519,716,309,72,60,1,-1,-1,-1
856,519,716,309,72,60,1,-1,-1,-1
857,519,716,309,72,59,1,-1,-1,-1
858,519,716,309,72,59,1,-1,-1,-1
859,519,716,309,72,60,1,-1,-1,-1
860,519,716,309,72,60,1,-1,-1,-1
861,519,716,309,72,60,1,-1,-1,-1
862,519,716,308,72,60,1,-1,-1,-1
863,519,716,309,72,59,1,-1,-1,-1
864,519,716,309,72,59,1,-1,-1,-1
865,519,716,309,72,59,1,-1,-1,-1
866,519,716,309,72,59,1,-1,-1,-1
867,519,716,309,72,59,1,-1,-1,-1
868,519,716,309,72,59,1,-1,-1,-1
869,519,716,309,72,59,1,-1,-1,-1
870,519,716,309,72,59,1,-1,-1,-1
871,519,716,309,72,59,1,-1,-1,-1
872,519,716,309,72,59,1,-1,-1,-1
873,519,716,309,72,59,1,-1,-1,-1
874,519,716,309,72,59,1,-1,-1,-1
875,519,716,309,73,59,1,-1,-1,-1
876,519,716,309,73,59,1,-1,-1,-1
877,519,716,309,73,59,1,-1,-1,-1
878,519,716,309,72,59,1,-1,-1,-1
879,519,716,309,72,59,1,-1,-1,-1
880,519,716,309,72,59,1,-1,-1,-1
881,519,716,309,72,60,1,-1,-1,-1
882,519,716,308,72,60,1,-1,-1,-1
883,519,716,309,72,60,1,-1,-1,-1
884,519,716,308,72,60,1,-1,-1,-1
885,519,716,308,72,60,1,-1,-1,-1
886,519,716,309,72,60,1,-1,-1,-1
887,519,716,309,72,60,1,-1,-1,-1
888,519,716,309,72,60,1,-1,-1,-1
889,519,716,309,72,60,1,-1,-1,-1
890,519,716,309,72,59,1,-1,-1,-1
891,519,716,309,72,60,1,-1,-1,-1
892,519,716,309,72,59,1,-1,-1,-1
893,519,716,309,72,59,1,-1,-1,-1
894,519,716,309,72,59,1,-1,-1,-1
895,519,716,309,72,60,1,-1,-1,-1
896,519,716,309,72,60,1,-1,-1,-1
897,519,716,309,72,59,1,-1,-1,-1
898,519,716,309,71,59,1,-1,-1,-1
899,519,716,309,71,59,1,-1,-1,-1
900,519,716,309,71,59,1,-1,-1,-1
901,519,716,309,71,59,1,-1,-1,-1
902,519,716,309,72,60,1,-1,-1,-1
903,519,716,309,72,60,1,-1,-1,-1
904,519,716,309,72,60,1,-1,-1,-1
905,519,716,309,72,59,1,-1,-1,-1
906,519,716,309,72,59,1,-1,-1,-1
907,519,716,309,72,59,1,-1,-1,-1
908,519,716,309,72,59,1,-1,-1,-1
909,519,716,309,72,59,1,-1,-1,-1
910,519,716,309,72,59,1,-1,-1,-1
911,519,716,309,72,59,1,-1,-1,-1
912,519,716,309,72,59,1,-1,-1,-1
913,519,717,309,71,59,1,-1,-1,-1
914,519,717,309,71,59,1,-1,-1,-1
915,519,717,309,71,59,1,-1,-1,-1
916,519,717,309,71,59,1,-1,-1,-1
917,519,717,309,71,59,1,-1,-1,-1
918,519,717,309,71,59,1,-1,-1,-1
919,519,717,309,71,59,1,-1,-1,-1
920,519,717,309,71,59,1,-1,-1,-1
921,519,716,309,72,59,1,-1,-1,-1
922,519,716,309,72,59,1,-1,-1,-1
923,519,716,309,72,59,1,-1,-1,-1
924,519,716,309,72,59,1,-1,-1,-1
925,519,716,309,72,60,1,-1,-1,-1
926,519,716,309,73,60,1,-1,-1,-1
927,519,716,309,73,59,1,-1,-1,-1
928,519,716,309,73,60,1,-1,-1,-1
929,519,716,309,73,59,1,-1,-1,-1
930,519,716,309,72,59,1,-1,-1,-1
931,519,716,309,72,59,1,-1,-1,-1
932,519,716,309,73,59,1,-1,-1,-1
933,519,716,309,72,59,1,-1,-1,-1
934,519,716,309,72,59,1,-1,-1,-1
935,519,716,309,72,59,1,-1,-1,-1
936,519,716,309,72,59,1,-1,-1,-1
937,519,716,309,72,60,1,-1,-1,-1
938,519,716,309,71,60,1,-1,-1,-1
939,519,716,309,71,60,1,-1,-1,-1
940,519,716,309,71,60,1,-1,-1,-1
941,519,716,309,71,60,1,-1,-1,-1
942,519,716,309,71,60,1,-1,-1,-1
943,519,716,309,71,60,1,-1,-1,-1
944,519,716,309,71,60,1,-1,-1,-1
945,519,716,309,73,60,1,-1,-1,-1
946,519,716,309,73,60,1,-1,-1,-1
947,519,716,309,73,60,1,-1,-1,-1
948,519,716,309,73,60,1,-1,-1,-1
949,519,716,309,73,60,1,-1,-1,-1
950,519,716,309,73,60,1,-1,-1,-1
951,519,716,309,73,60,1,-1,-1,-1
952,519,716,309,73,60,1,-1,-1,-1
953,519,717,309,72,59,1,-1,-1,-1
954,519,717,309,72,59,1,-1,-1,-1
955,519,717,309,72,59,1,-1,-1,-1
956,519,717,309,72,59,1,-1,-1,-1
957,519,717,309,72,59,1,-1,-1,-1
958,519,717,309,72,59,1,-1,-1,-1
959,519,717,309,72,59,1,-1,-1,-1
960,519,717,309,72,59,1,-1,-1,-1
961,519,716,309,72,59,1,-1,-1,-1
962,519,716,309,72,59,1,-1,-1,-1
963,519,716,309,72,59,1,-1,-1,-1
964,519,716,309,72,59,1,-1,-1,-1
965,519,716,309,72,60,1,-1,-1,-1
966,519,716,309,72,60,1,-1,-1,-1
967,519,716,309,72,60,1,-1,-1,-1
968,519,716,309,72,60,1,-1,-1,-1
969,519,716,309,72,59,1,-1,-1,-1
970,519,716,309,73,59,1,-1,-1,-1
971,519,716,309,73,59,1,-1,-1,-1
972,519,716,309,72,59,1,-1,-1,-1
973,519,716,309,72,59,1,-1,-1,-1
974,519,716,309,72,59,1,-1,-1,-1
975,519,716,309,72,59,1,-1,-1,-1
976,519,716,309,72,59,1,-1,-1,-1
977,519,716,309,72,59,1,-1,-1,-1
978,519,716,309,72,59,1,-1,-1,-1
979,519,716,309,72,59,1,-1,-1,-1
980,519,716,309,72,59,1,-1,-1,-1
981,519,716,309,72,59,1,-1,-1,-1
982,519,716,309,72,59,1,-1,-1,-1
983,519,716,309,72,59,1,-1,-1,-1
984,519,716,309,72,59,1,-1,-1,-1
985,519,716,309,72,59,1,-1,-1,-1
986,519,716,309,72,59,1,-1,-1,-1
987,519,716,309,72,59,1,-1,-1,-1
988,519,716,309,72,59,1,-1,-1,-1
989,519,716,309,72,59,1,-1,-1,-1
990,519,716,309,72,59,1,-1,-1,-1
991,519,716,309,72,59,1,-1,-1,-1
992,519,716,309,72,59,1,-1,-1,-1
993,519,716,310,71,58,1,-1,-1,-1
994,519,716,310,71,58,1,-1,-1,-1
995,519,716,310,71,58,1,-1,-1,-1
996,519,716,310,71,58,1,-1,-1,-1
997,519,716,310,71,58,1,-1,-1,-1
998,519,716,310,71,58,1,-1,-1,-1
999,519,716,310,71,58,1,-1,-1,-1
1000,519,716,310,71,58,1,-1,-1,-1
1001,519,716,310,73,59,1,-1,-1,-1
1002,519,716,310,73,59,1,-1,-1,-1
1003,519,716,309,73,59,1,-1,-1,-1
1004,519,716,309,73,59,1,-1,-1,-1
1005,519,716,309,73,59,1,-1,-1,-1
1006,519,716,309,73,59,1,-1,-1,-1
1007,519,716,309,73,59,1,-1,-1,-1
1008,519,716,309,73,59,1,-1,-1,-1
1009,519,716,309,72,59,1,-1,-1,-1
1010,519,716,309,72,59,1,-1,-1,-1
1011,519,716,309,72,59,1,-1,-1,-1
1012,519,716,309,72,59,1,-1,-1,-1
1013,519,716,309,72,59,1,-1,-1,-1
1014,519,716,309,72,59,1,-1,-1,-1
1015,519,716,309,72,59,1,-1,-1,-1
1016,519,716,309,72,59,1,-1,-1,-1
1017,519,716,309,72,59,1,-1,-1,-1
1018,519,716,309,72,59,1,-1,-1,-1
1019,519,716,309,72,59,1,-1,-1,-1
1020,519,716,309,72,59,1,-1,-1,-1
1021,519,716,309,72,59,1,-1,-1,-1
1022,519,716,309,72,59,1,-1,-1,-1
1023,519,716,309,72,59,1,-1,-1,-1
1024,519,716,309,72,59,1,-1,-1,-1
1025,519,716,310,72,58,1,-1,-1,-1
1026,519,717,310,72,58,1,-1,-1,-1
1027,519,717,310,71,58,1,-1,-1,-1
1028,519,717,310,71,58,1,-1,-1,-1
1029,519,717,310,71,58,1,-1,-1,-1
1030,519,717,310,71,58,1,-1,-1,-1
1031,519,717,310,71,58,1,-1,-1,-1
1032,519,717,310,71,58,1,-1,-1,-1
1033,519,716,309,72,59,1,-1,-1,-1
1034,519,716,309,72,59,1,-1,-1,-1
1035,519,716,309,72,59,1,-1,-1,-1
1036,519,716,309,72,59,1,-1,-1,-1
1037,519,716,309,72,59,1,-1,-1,-1
1038,519,716,309,72,59,1,-1,-1,-1
1039,519,716,309,72,59,1,-1,-1,-1
1040,519,716,309,72,59,1,-1,-1,-1
1041,519,716,310,72,59,1,-1,-1,-1
1042,519,716,310,72,59,1,-1,-1,-1
1043,519,716,310,72,59,1,-1,-1,-1
1044,519,716,309,72,59,1,-1,-1,-1
1045,519,716,309,72,59,1,-1,-1,-1
1046,519,716,309,72,59,1,-1,-1,-1
1047,519,716,309,72,59,1,-1,-1,-1
1048,519,716,309,72,59,1,-1,-1,-1
1049,519,716,309,71,59,1,-1,-1,-1
1050,519,716,309,71,59,1,-1,-1,-1
1051,519,716,309,71,59,1,-1,-1,-1
1052,519,716,309,71,59,1,-1,-1,-1
1053,519,716,309,71,59,1,-1,-1,-1
1054,519,716,309,71,59,1,-1,-1,-1
1055,519,716,309,71,59,1,-1,-1,-1
1056,519,716,309,71,59,1,-1,-1,-1
1057,519,716,309,72,59,1,-1,-1,-1
1058,519,716,309,72,59,1,-1,-1,-1
1059,519,716,309,72,59,1,-1,-1,-1
1060,519,716,309,72,59,1,-1,-1,-1
1061,519,716,309,72,59,1,-1,-1,-1
1062,519,716,309,72,59,1,-1,-1,-1
1063,519,716,309,72,59,1,-1,-1,-1
1064,519,716,309,72,59,1,-1,-1,-1
1065,519,716,309,72,59,1,-1,-1,-1
1066,519,716,309,72,59,1,-1,-1,-1
1067,519,716,309,72,59,1,-1,-1,-1
1068,519,716,309,72,59,1,-1,-1,-1
1069,519,716,309,73,59,1,-1,-1,-1
1070,519,716,309,73,59,1,-1,-1,-1
1071,519,716,309,73,59,1,-1,-1,-1
1072,519,716,309,73,59,1,-1,-1,-1
1073,519,716,309,72,59,1,-1,-1,-1
1074,519,716,309,72,59,1,-1,-1,-1
1075,519,716,309,72,59,1,-1,-1,-1
1076,519,716,309,72,59,1,-1,-1,-1
1077,519,716,309,72,59,1,-1,-1,-1
1078,519,716,309,72,59,1,-1,-1,-1
1079,519,716,309,72,60,1,-1,-1,-1
1080,519,716,309,72,60,1,-1,-1,-1
1081,519,716,310,73,59,1,-1,-1,-1
1082,519,716,310,73,59,1,-1,-1,-1
1083,519,716,310,73,59,1,-1,-1,-1
1084,519,716,310,73,59,1,-1,-1,-1
1085,519,716,310,73,59,1,-1,-1,-1
1086,519,716,310,73,59,1,-1,-1,-1
1087,519,716,310,73,59,1,-1,-1,-1
1088,519,716,310,73,59,1,-1,-1,-1
1089,519,716,310,72,59,1,-1,-1,-1
1090,519,716,310,72,59,1,-1,-1,-1
1091,519,716,310,72,59,1,-1,-1,-1
1092,519,716,310,72,59,1,-1,-1,-1
1093,519,716,310,72,58,1,-1,-1,-1
1094,519,716,310,72,58,1,-1,-1,-1
1095,519,716,310,72,58,1,-1,-1,-1
1096,519,716,310,72,58,1,-1,-1,-1
1097,519,716,310,72,59,1,-1,-1,-1
1098,519,716,310,72,58,1,-1,-1,-1
1099,519,716,310,72,59,1,-1,-1,-1
1100,519,716,310,73,59,1,-1,-1,-1
1101,519,716,310,72,59,1,-1,-1,-1
1102,519,716,310,72,59,1,-1,-1,-1
1103,519,716,310,73,59,1,-1,-1,-1
1104,519,716,310,73,59,1,-1,-1,-1
1105,519,716,309,73,59,1,-1,-1,-1
1106,519,716,309,73,59,1,-1,-1,-1
1107,519,716,309,73,59,1,-1,-1,-1
1108,519,716,309,73,59,1,-1,-1,-1
1109,519,716,309,72,59,1,-1,-1,-1
1110,519,716,309,72,59,1,-1,-1,-1
1111,519,716,309,73,59,1,-1,-1,-1
1112,519,716,309,73,59,1,-1,-1,-1
1113,519,716,309,72,59,1,-1,-1,-1
1114,519,716,309,72,59,1,-1,-1,-1
1115,519,716,309,72,59,1,-1,-1,-1
1116,519,716,309,72,59,1,-1,-1,-1
1117,519,716,310,73,58,1,-1,-1,-1
1118,519,716,310,73,59,1,-1,-1,-1
1119,519,716,310,73,59,1,-1,-1,-1
1120,519,716,310,73,59,1,-1,-1,-1
1121,519,716,309,73,59,1,-1,-1,-1
1122,519,716,309,72,59,1,-1,-1,-1
1123,519,716,309,73,59,1,-1,-1,-1
1124,519,716,310,73,59,1,-1,-1,-1
1125,519,716,309,73,59,1,-1,-1,-1
1126,519,716,309,72,59,1,-1,-1,-1
1127,519,716,309,72,59,1,-1,-1,-1
1128,519,716,309,72,59,1,-1,-1,-1
1129,519,716,309,72,59,1,-1,-1,-1
1130,519,716,309,72,59,1,-1,-1,-1
1131,519,716,309,72,59,1,-1,-1,-1
1132,519,716,309,72,59,1,-1,-1,-1
1133,519,716,309,72,59,1,-1,-1,-1
1134,519,716,309,72,59,1,-1,-1,-1
1135,519,716,309,72,59,1,-1,-1,-1
1136,519,716,309,72,59,1,-1,-1,-1
1137,519,716,309,73,59,1,-1,-1,-1
1138,519,716,309,73,59,1,-1,-1,-1
1139,519,716,309,73,59,1,-1,-1,-1
1140,519,716,309,73,59,1,-1,-1,-1
1141,519,715,309,74,59,1,-1,-1,-1
1142,519,715,309,74,59,1,-1,-1,-1
1143,519,715,309,74,59,1,-1,-1,-1
1144,519,715,309,74,59,1,-1,-1,-1
1145,519,716,309,73,59,1,-1,-1,-1
1146,519,716,309,73,59,1,-1,-1,-1
1147,519,716,309,73,59,1,-1,-1,-1
1148,519,716,309,73,59,1,-1,-1,-1
1149,519,715,309,73,59,1,-1,-1,-1
1150,519,715,309,73,59,1,-1,-1,-1
1151,519,715,309,73,59,1,-1,-1,-1
1152,519,715,309,73,59,1,-1,-1,-1
1153,519,716,309,73,59,1,-1,-1,-1
1154,519,716,309,73,59,1,-1,-1,-1
1155,519,716,309,73,59,1,-1,-1,-1
1156,519,716,309,73,59,1,-1,-1,-1
1157,519,716,309,73,59,1,-1,-1,-1
1158,519,716,309,73,59,1,-1,-1,-1
1159,519,716,309,73,59,1,-1,-1,-1
1160,519,716,309,73,59,1,-1,-1,-1
1161,519,716,309,73,59,1,-1,-1,-1
1162,519,716,309,73,59,1,-1,-1,-1
1163,519,716,309,73,59,1,-1,-1,-1
1164,519,716,309,73,59,1,-1,-1,-1
1165,519,716,309,73,59,1,-1,-1,-1
1166,519,716,309,73,59,1,-1,-1,-1
1167,519,716,309,73,59,1,-1,-1,-1
1168,519,716,309,73,59,1,-1,-1,-1
1169,519,716,310,73,59,1,-1,-1,-1
1170,519,716,310,73,59,1,-1,-1,-1
1171,519,716,310,73,59,1,-1,-1,-1
1172,519,716,310,73,59,1,-1,-1,-1
1173,519,716,310,73,59,1,-1,-1,-1
1174,519,716,310,73,59,1,-1,-1,-1
1175,519,716,310,73,59,1,-1,-1,-1
1176,519,716,310,73,59,1,-1,-1,-1
1177,519,716,309,72,59,1,-1,-1,-1
1178,519,716,309,72,59,1,-1,-1,-1
1179,519,716,309,72,59,1,-1,-1,-1
1180,519,716,309,72,59,1,-1,-1,-1
1181,519,716,309,72,59,1,-1,-1,-1
1182,519,716,309,72,60,1,-1,-1,-1
1183,519,716,309,72,60,1,-1,-1,-1
1184,519,716,309,72,60,1,-1,-1,-1
1185,519,716,309,72,59,1,-1,-1,-1
1186,519,716,309,72,59,1,-1,-1,-1
1187,519,716,309,72,59,1,-1,-1,-1
1188,519,716,309,72,59,1,-1,-1,-1
1189,519,716,309,72,59,1,-1,-1,-1
1190,519,716,309,72,59,1,-1,-1,-1
1191,519,716,309,72,59,1,-1,-1,-1
1192,519,716,309,72,59,1,-1,-1,-1
1193,519,716,309,72,59,1,-1,-1,-1
1194,519,716,309,72,59,1,-1,-1,-1
1195,519,716,309,72,59,1,-1,-1,-1
1196,519,716,309,72,59,1,-1,-1,-1
1197,519,716,309,72,59,1,-1,-1,-1
1198,519,716,309,72,59,1,-1,-1,-1
1199,519,716,309,72,59,1,-1,-1,-1
1200,519,716,309,72,59,1,-1,-1,-1
1201,519,716,309,72,59,1,-1,-1,-1
1202,519,716,309,72,59,1,-1,-1,-1
1203,519,716,309,72,59,1,-1,-1,-1
1204,519,716,309,72,59,1,-1,-1,-1
1205,519,716,309,72,59,1,-1,-1,-1
1206,519,716,309,72,59,1,-1,-1,-1
1207,519,716,309,72,59,1,-1,-1,-1
1208,519,716,309,72,59,1,-1,-1,-1
1209,519,716,309,71,59,1,-1,-1,-1
1210,519,716,309,71,59,1,-1,-1,-1
1211,519,716,309,71,59,1,-1,-1,-1
1212,519,716,309,71,59,1,-1,-1,-1
1213,519,716,309,71,59,1,-1,-1,-1
1214,519,716,309,71,59,1,-1,-1,-1
1215,519,716,309,71,59,1,-1,-1,-1
1216,519,716,309,71,59,1,-1,-1,-1
1217,519,716,310,72,59,1,-1,-1,-1
1218,519,716,310,72,59,1,-1,-1,-1
1219,519,716,310,72,59,1,-1,-1,-1
1220,519,716,310,72,59,1,-1,-1,-1
1221,519,716,310,72,59,1,-1,-1,-1
1222,519,716,310,72,59,1,-1,-1,-1
1223,519,716,310,72,59,1,-1,-1,-1
1224,519,716,310,72,59,1,-1,-1,-1
1225,519,716,309,72,59,1,-1,-1,-1
1226,519,716,309,72,59,1,-1,-1,-1
1227,519,716,309,72,59,1,-1,-1,-1
1228,519,716,309,72,59,1,-1,-1,-1
1229,519,716,309,72,59,1,-1,-1,-1
1230,519,716,310,72,59,1,-1,-1,-1
1231,519,716,310,72,59,1,-1,-1,-1
1232,519,716,309,72,59,1,-1,-1,-1
1233,519,716,309,72,59,1,-1,-1,-1
1234,519,716,309,72,59,1,-1,-1,-1
1235,519,716,309,72,59,1,-1,-1,-1
1236,519,716,309,72,59,1,-1,-1,-1
1237,519,717,309,72,59,1,-1,-1,-1
1238,519,717,309,72,59,1,-1,-1,-1
1239,519,717,309,72,59,1,-1,-1,-1
1240,519,717,309,72,59,1,-1,-1,-1
1241,519,716,310,72,59,1,-1,-1,-1
1242,519,716,310,72,59,1,-1,-1,-1
1243,519,716,310,72,59,1,-1,-1,-1
1244,519,716,310,72,59,1,-1,-1,-1
1245,519,716,310,72,59,1,-1,-1,-1
1246,519,716,310,72,59,1,-1,-1,-1
1247,519,716,310,72,59,1,-1,-1,-1
1248,519,716,310,72,59,1,-1,-1,-1
1249,519,716,310,72,59,1,-1,-1,-1
1250,519,716,310,72,59,1,-1,-1,-1
1251,519,716,310,71,59,1,-1,-1,-1
1252,519,716,310,71,59,1,-1,-1,-1
1253,519,716,310,71,59,1,-1,-1,-1
1254,519,716,310,72,59,1,-1,-1,-1
1255,519,716,310,72,59,1,-1,-1,-1
1256,519,716,310,72,59,1,-1,-1,-1
1257,519,716,310,71,58,1,-1,-1,-1
1258,519,716,310,71,58,1,-1,-1,-1
1259,519,716,310,71,58,1,-1,-1,-1
1260,519,716,310,71,58,1,-1,-1,-1
1261,519,717,310,71,59,1,-1,-1,-1
1262,519,717,310,71,59,1,-1,-1,-1
1263,519,717,310,71,59,1,-1,-1,-1
1264,519,717,310,71,59,1,-1,-1,-1
1265,519,716,310,71,59,1,-1,-1,-1
1266,519,716,310,71,59,1,-1,-1,-1
1267,519,716,310,71,59,1,-1,-1,-1
1268,519,716,310,72,59,1,-1,-1,-1
1269,519,716,310,72,59,1,-1,-1,-1
1270,519,716,310,72,59,1,-1,-1,-1
1271,519,716,310,72,59,1,-1,-1,-1
1272,519,716,310,72,59,1,-1,-1,-1
1273,519,717,310,71,59,1,-1,-1,-1
1274,519,717,310,71,59,1,-1,-1,-1
1275,519,717,310,71,59,1,-1,-1,-1
1276,519,717,310,71,59,1,-1,-1,-1
1277,519,717,310,71,59,1,-1,-1,-1
1278,519,717,310,71,59,1,-1,-1,-1
1279,519,717,310,71,59,1,-1,-1,-1
1280,519,717,310,71,59,1,-1,-1,-1
1281,519,717,310,71,59,1,-1,-1,-1
1282,519,717,310,71,59,1,-1,-1,-1
1283,519,717,310,71,59,1,-1,-1,-1
1284,519,717,310,71,59,1,-1,-1,-1
1285,519,717,310,71,59,1,-1,-1,-1
1286,519,717,310,71,59,1,-1,-1,-1
1287,519,717,310,71,59,1,-1,-1,-1
1288,519,717,310,71,59,1,-1,-1,-1
1289,519,717,310,71,59,1,-1,-1,-1
1290,519,717,310,71,59,1,-1,-1,-1
1291,519,717,310,71,59,1,-1,-1,-1
1292,519,716,310,72,59,1,-1,-1,-1
1293,519,717,310,71,59,1,-1,-1,-1
1294,519,716,310,72,59,1,-1,-1,-1
1295,519,717,310,72,59,1,-1,-1,-1
1296,519,717,310,72,59,1,-1,-1,-1
1297,519,716,310,72,58,1,-1,-1,-1
1298,519,716,310,72,58,1,-1,-1,-1
1299,519,716,310,72,58,1,-1,-1,-1
1300,519,716,310,72,58,1,-1,-1,-1
1301,519,716,310,72,58,1,-1,-1,-1
1302,519,716,310,72,59,1,-1,-1,-1
1303,519,716,310,72,59,1,-1,-1,-1
1304,519,716,310,72,59,1,-1,-1,-1
1305,519,717,310,72,58,1,-1,-1,-1
1306,519,717,310,72,58,1,-1,-1,-1
1307,519,717,310,72,58,1,-1,-1,-1
1308,519,717,310,72,58,1,-1,-1,-1
1309,519,717,310,72,58,1,-1,-1,-1
1310,519,717,310,72,58,1,-1,-1,-1
1311,519,717,310,72,58,1,-1,-1,-1
1312,519,717,310,72,58,1,-1,-1,-1
1313,519,717,310,71,59,1,-1,-1,-1
1314,519,717,310,71,59,1,-1,-1,-1
1315,519,717,310,71,59,1,-1,-1,-1
1316,519,717,310,71,59,1,-1,-1,-1
1317,519,717,310,71,59,1,-1,-1,-1
1318,519,717,310,72,59,1,-1,-1,-1
1319,519,717,310,72,59,1,-1,-1,-1
1320,519,717,310,72,59,1,-1,-1,-1
1321,519,717,310,71,59,1,-1,-1,-1
1322,519,717,310,71,59,1,-1,-1,-1
1323,519,717,310,71,59,1,-1,-1,-1
1324,519,717,310,71,59,1,-1,-1,-1
1325,519,717,310,71,59,1,-1,-1,-1
1326,519,717,310,71,59,1,-1,-1,-1
1327,519,717,310,71,59,1,-1,-1,-1
1328,519,717,310,71,59,1,-1,-1,-1
1329,519,717,310,72,58,1,-1,-1,-1
1330,519,717,310,72,58,1,-1,-1,-1
1331,519,716,310,72,58,1,-1,-1,-1
1332,519,717,310,72,58,1,-1,-1,-1
1333,519,716,310,71,59,1,-1,-1,-1
1334,519,716,310,71,58,1,-1,-1,-1
1335,519,716,310,71,59,1,-1,-1,-1
1336,519,716,310,71,59,1,-1,-1,-1
1337,519,717,310,71,59,1,-1,-1,-1
1338,519,717,310,71,59,1,-1,-1,-1
1339,519,717,310,71,59,1,-1,-1,-1
1340,519,717,310,71,59,1,-1,-1,-1
1341,519,717,310,71,58,1,-1,-1,-1
1342,519,717,310,71,58,1,-1,-1,-1
1343,519,717,310,71,58,1,-1,-1,-1
1344,519,717,310,71,58,1,-1,-1,-1
1345,519,716,310,73,58,1,-1,-1,-1
1346,519,716,310,73,58,1,-1,-1,-1
1347,519,716,310,73,58,1,-1,-1,-1
1348,519,716,310,73,58,1,-1,-1,-1
1349,519,716,310,73,58,1,-1,-1,-1
1350,519,716,310,73,58,1,-1,-1,-1
1351,519,716,310,73,58,1,-1,-1,-1
1352,519,716,310,73,58,1,-1,-1,-1
1353,519,717,309,72,59,1,-1,-1,-1
1354,519,717,309,72,59,1,-1,-1,-1
1355,519,717,309,72,59,1,-1,-1,-1
1356,519,716,309,72,59,1,-1,-1,-1
1357,519,717,309,71,59,1,-1,-1,-1
1358,519,717,309,71,59,1,-1,-1,-1
1359,519,717,309,71,59,1,-1,-1,-1
1360,519,717,309,71,59,1,-1,-1,-1
1361,519,717,309,71,59,1,-1,-1,-1
1362,519,717,309,71,59,1,-1,-1,-1
1363,519,717,309,71,59,1,-1,-1,-1
1364,519,717,309,71,59,1,-1,-1,-1
1365,519,717,309,71,59,1,-1,-1,-1
1366,519,717,309,71,59,1,-1,-1,-1
1367,519,717,309,71,59,1,-1,-1,-1
1368,519,717,309,71,59,1,-1,-1,-1
1369,519,717,309,72,59,1,-1,-1,-1
1370,519,717,309,72,59,1,-1,-1,-1
1371,519,717,309,72,59,1,-1,-1,-1
1372,519,717,309,72,59,1,-1,-1,-1
1373,519,717,309,72,59,1,-1,-1,-1
1374,519,717,309,72,59,1,-1,-1,-1
1375,519,717,309,72,59,1,-1,-1,-1
1376,519,717,309,72,59,1,-1,-1,-1
1377,519,716,309,72,59,1,-1,-1,-1
1378,519,716,309,72,59,1,-1,-1,-1
1379,519,716,309,72,59,1,-1,-1,-1
1380,519,716,309,72,59,1,-1,-1,-1
1381,519,716,309,72,59,1,-1,-1,-1
1382,519,716,309,72,59,1,-1,-1,-1
1383,519,716,309,72,59,1,-1,-1,-1
1384,519,716,309,72,59,1,-1,-1,-1
1385,519,716,309,72,59,1,-1,-1,-1
1386,519,716,309,72,59,1,-1,-1,-1
1387,519,716,309,72,59,1,-1,-1,-1
1388,519,716,309,72,59,1,-1,-1,-1
1389,519,716,309,72,59,1,-1,-1,-1
1390,519,716,309,73,59,1,-1,-1,-1
1391,519,716,309,73,59,1,-1,-1,-1
1392,519,716,310,73,59,1,-1,-1,-1
1393,519,717,309,71,59,1,-1,-1,-1
1394,519,717,309,71,59,1,-1,-1,-1
1395,519,717,309,71,59,1,-1,-1,-1
1396,519,717,309,71,59,1,-1,-1,-1
1397,519,717,309,71,59,1,-1,-1,-1
1398,519,717,309,71,59,1,-1,-1,-1
1399,519,717,309,71,59,1,-1,-1,-1
1400,519,717,309,71,59,1,-1,-1,-1
1401,519,717,309,71,59,1,-1,-1,-1
1402,519,717,309,71,59,1,-1,-1,-1
1403,519,716,309,71,59,1,-1,-1,-1
1404,519,717,309,71,59,1,-1,-1,-1
1405,519,717,309,71,59,1,-1,-1,-1
1406,519,717,309,71,59,1,-1,-1,-1
1407,519,717,309,71,59,1,-1,-1,-1
1408,519,717,309,71,59,1,-1,-1,-1
1409,519,717,309,71,59,1,-1,-1,-1
1410,519,717,309,71,59,1,-1,-1,-1
1411,519,716,309,71,59,1,-1,-1,-1
1412,519,717,309,71,59,1,-1,-1,-1
1413,519,717,309,71,59,1,-1,-1,-1
1414,519,717,309,71,59,1,-1,-1,-1
1415,519,716,309,71,59,1,-1,-1,-1
1416,519,716,309,71,59,1,-1,-1,-1
1417,519,716,309,71,60,1,-1,-1,-1
1418,519,716,309,71,60,1,-1,-1,-1
1419,519,716,309,71,60,1,-1,-1,-1
1420,519,716,309,71,60,1,-1,-1,-1
1421,519,716,309,71,60,1,-1,-1,-1
1422,519,716,309,71,60,1,-1,-1,-1
1423,519,716,309,71,59,1,-1,-1,-1
1424,519,716,309,71,59,1,-1,-1,-1
1425,519,717,309,71,59,1,-1,-1,-1
1426,519,717,309,71,59,1,-1,-1,-1
1427,519,717,309,71,59,1,-1,-1,-1
1428,519,717,309,71,59,1,-1,-1,-1
1429,519,716,309,72,59,1,-1,-1,-1
1430,519,716,309,72,59,1,-1,-1,-1
1431,519,716,309,72,59,1,-1,-1,-1
1432,519,716,309,72,59,1,-1,-1,-1
1433,519,716,309,72,60,1,-1,-1,-1
1434,519,716,309,72,60,1,-1,-1,-1
1435,519,716,309,72,60,1,-1,-1,-1
1436,519,716,309,72,59,1,-1,-1,-1
1437,519,716,309,72,59,1,-1,-1,-1
1438,519,716,309,72,59,1,-1,-1,-1
1439,519,716,309,72,59,1,-1,-1,-1
1440,519,716,309,72,59,1,-1,-1,-1
1441,519,716,309,72,59,1,-1,-1,-1
1442,519,716,309,72,59,1,-1,-1,-1
1443,519,716,309,72,59,1,-1,-1,-1
1444,519,716,309,72,59,1,-1,-1,-1
1445,519,716,309,72,59,1,-1,-1,-1
1446,519,716,309,72,59,1,-1,-1,-1
1447,519,716,309,72,59,1,-1,-1,-1
1448,519,716,309,72,59,1,-1,-1,-1
1449,519,716,309,72,59,1,-1,-1,-1
1450,519,716,309,72,59,1,-1,-1,-1
1451,519,716,309,72,59,1,-1,-1,-1
1452,519,716,309,72,59,1,-1,-1,-1
1453,519,716,309,71,59,1,-1,-1,-1
1454,519,716,309,71,59,1,-1,-1,-1
1455,519,716,309,72,59,1,-1,-1,-1
1456,519,716,309,72,59,1,-1,-1,-1
1457,519,716,309,72,59,1,-1,-1,-1
1458,519,716,309,72,59,1,-1,-1,-1
1459,519,716,309,72,59,1,-1,-1,-1
1460,519,716,309,72,59,1,-1,-1,-1
1461,519,716,309,72,59,1,-1,-1,-1
1462,519,716,309,72,59,1,-1,-1,-1
1463,519,716,309,72,59,1,-1,-1,-1
1464,519,716,309,72,59,1,-1,-1,-1
1465,519,716,309,72,59,1,-1,-1,-1
1466,519,716,309,72,59,1,-1,-1,-1
1467,519,716,309,72,59,1,-1,-1,-1
1468,519,716,309,72,59,1,-1,-1,-1
1469,519,716,309,72,59,1,-1,-1,-1
1470,519,716,309,72,59,1,-1,-1,-1
1471,519,716,309,72,59,1,-1,-1,-1
1472,519,716,309,72,59,1,-1,-1,-1
1473,519,716,309,72,59,1,-1,-1,-1
1474,519,716,309,72,59,1,-1,-1,-1
1475,519,716,309,72,59,1,-1,-1,-1
1476,519,716,309,72,59,1,-1,-1,-1
1477,519,716,309,72,59,1,-1,-1,-1
1478,519,716,309,71,59,1,-1,-1,-1
1479,519,716,309,71,59,1,-1,-1,-1
1480,519,716,309,71,59,1,-1,-1,-1
1481,519,716,309,72,59,1,-1,-1,-1
1482,519,716,309,72,59,1,-1,-1,-1
1483,519,716,309,72,59,1,-1,-1,-1
1484,519,716,309,72,59,1,-1,-1,-1
1485,519,716,309,72,59,1,-1,-1,-1
1486,519,716,309,72,59,1,-1,-1,-1
1487,519,716,309,72,59,1,-1,-1,-1
1488,519,716,309,72,59,1,-1,-1,-1
1489,519,717,309,71,59,1,-1,-1,-1
1490,519,717,309,71,59,1,-1,-1,-1
1491,519,716,309,71,59,1,-1,-1,-1
1492,519,716,309,71,59,1,-1,-1,-1
1493,519,716,309,71,59,1,-1,-1,-1
1494,519,716,309,71,59,1,-1,-1,-1
1495,519,716,309,71,59,1,-1,-1,-1
1496,519,716,309,71,59,1,-1,-1,-1
1497,519,716,309,71,59,1,-1,-1,-1
1498,519,716,309,71,59,1,-1,-1,-1
1499,519,716,309,71,59,1,-1,-1,-1
1500,519,716,309,71,59,1,-1,-1,-1
1501,519,716,310,72,59,1,-1,-1,-1
1502,519,716,310,72,59,1,-1,-1,-1
1503,519,716,310,72,59,1,-1,-1,-1
1504,519,716,310,72,59,1,-1,-1,-1
1505,519,716,309,72,59,1,-1,-1,-1
1506,519,716,309,72,59,1,-1,-1,-1
1507,519,716,309,72,59,1,-1,-1,-1
1508,519,716,309,72,59,1,-1,-1,-1
1509,519,716,309,72,59,1,-1,-1,-1
1510,519,716,309,72,59,1,-1,-1,-1
1511,519,716,309,72,59,1,-1,-1,-1
1512,519,716,309,72,59,1,-1,-1,-1
1513,519,717,309,71,59,1,-1,-1,-1
1514,519,717,309,71,59,1,-1,-1,-1
1515,519,717,309,71,59,1,-1,-1,-1
1516,519,717,309,71,59,1,-1,-1,-1
1517,519,717,309,71,59,1,-1,-1,-1
1518,519,717,309,71,59,1,-1,-1,-1
1519,519,717,309,71,59,1,-1,-1,-1
1520,519,717,309,71,59,1,-1,-1,-1
1521,519,716,309,72,59,1,-1,-1,-1
1522,519,716,309,72,59,1,-1,-1,-1
1523,519,716,309,72,59,1,-1,-1,-1
1524,519,716,309,72,60,1,-1,-1,-1
1525,519,716,309,72,60,1,-1,-1,-1
1526,519,716,309,72,60,1,-1,-1,-1
1527,519,716,309,72,59,1,-1,-1,-1
1528,519,716,309,72,59,1,-1,-1,-1
1529,519,716,309,72,59,1,-1,-1,-1
1530,519,716,309,72,59,1,-1,-1,-1
1531,519,716,309,72,59,1,-1,-1,-1
1532,519,717,309,71,59,1,-1,-1,-1
1533,519,717,309,71,59,1,-1,-1,-1
1534,519,716,309,71,59,1,-1,-1,-1
1535,519,716,310,71,59,1,-1,-1,-1
1536,519,716,310,72,59,1,-1,-1,-1
1537,519,716,309,72,59,1,-1,-1,-1
1538,519,716,309,72,59,1,-1,-1,-1
1539,519,716,309,72,59,1,-1,-1,-1
1540,519,717,309,72,59,1,-1,-1,-1
1541,519,717,309,72,59,1,-1,-1,-1
1542,519,717,309,72,59,1,-1,-1,-1
1543,519,717,309,72,59,1,-1,-1,-1
1544,519,717,309,72,59,1,-1,-1,-1
1545,519,716,309,73,59,1,-1,-1,-1
1546,519,716,309,72,59,1,-1,-1,-1
1547,519,716,309,72,59,1,-1,-1,-1
1548,519,716,309,73,59,1,-1,-1,-1
1549,519,716,309,73,59,1,-1,-1,-1
1550,519,716,309,73,59,1,-1,-1,-1
1551,519,716,309,73,59,1,-1,-1,-1
1552,519,716,309,73,59,1,-1,-1,-1
1553,519,717,309,71,59,1,-1,-1,-1
1554,519,717,309,71,59,1,-1,-1,-1
1555,519,717,309,71,59,1,-1,-1,-1
1556,519,717,309,71,59,1,-1,-1,-1
1557,519,717,309,71,59,1,-1,-1,-1
1558,519,717,309,71,59,1,-1,-1,-1
1559,519,717,309,71,59,1,-1,-1,-1
1560,519,717,309,71,59,1,-1,-1,-1
1561,519,716,309,72,59,1,-1,-1,-1
1562,519,716,309,72,59,1,-1,-1,-1
1563,519,716,309,72,59,1,-1,-1,-1
1564,519,716,309,72,59,1,-1,-1,-1
1565,519,716,309,72,59,1,-1,-1,-1
1566,519,716,309,72,59,1,-1,-1,-1
1567,519,716,309,72,59,1,-1,-1,-1
1568,519,716,309,72,59,1,-1,-1,-1
1569,519,717,310,72,59,1,-1,-1,-1
1570,519,717,309,72,59,1,-1,-1,-1
1571,519,717,309,72,59,1,-1,-1,-1
1572,519,717,309,72,59,1,-1,-1,-1
1573,519,717,309,72,59,1,-1,-1,-1
1574,519,717,309,72,59,1,-1,-1,-1
1575,519,717,309,72,59,1,-1,-1,-1
1576,519,717,309,72,59,1,-1,-1,-1
1577,519,716,309,72,59,1,-1,-1,-1
1578,519,716,309,72,59,1,-1,-1,-1
1579,519,716,309,72,59,1,-1,-1,-1
1580,519,716,309,72,59,1,-1,-1,-1
1581,519,716,309,72,59,1,-1,-1,-1
1582,519,716,309,72,59,1,-1,-1,-1
1583,519,716,309,72,59,1,-1,-1,-1
1584,519,716,309,72,59,1,-1,-1,-1
1585,519,716,309,72,60,1,-1,-1,-1
1586,519,716,309,72,59,1,-1,-1,-1
1587,519,716,309,72,59,1,-1,-1,-1
1588,519,716,309,72,59,1,-1,-1,-1
1589,519,716,309,72,59,1,-1,-1,-1
1590,519,716,309,72,59,1,-1,-1,-1
1591,519,717,309,71,59,1,-1,-1,-1
1592,519,717,309,71,60,1,-1,-1,-1
1593,519,717,309,72,59,1,-1,-1,-1
1594,519,717,309,72,59,1,-1,-1,-1
1595,519,717,309,72,59,1,-1,-1,-1
1596,519,716,309,72,59,1,-1,-1,-1
1597,519,716,309,72,59,1,-1,-1,-1
1598,519,716,309,72,59,1,-1,-1,-1
1599,519,716,309,72,59,1,-1,-1,-1
1600,519,716,309,72,59,1,-1,-1,-1
1601,519,717,309,72,59,1,-1,-1,-1
1602,519,717,309,72,59,1,-1,-1,-1
1603,519,717,309,72,59,1,-1,-1,-1
1604,519,717,309,72,59,1,-1,-1,-1
1605,519,717,309,72,59,1,-1,-1,-1
1606,519,717,309,72,59,1,-1,-1,-1
1607,519,717,309,72,59,1,-1,-1,-1
1608,519,717,309,72,59,1,-1,-1,-1
1609,519,716,308,72,60,1,-1,-1,-1
1610,519,716,308,72,60,1,-1,-1,-1
1611,519,716,308,72,60,1,-1,-1,-1
1612,519,716,308,72,60,1,-1,-1,-1
1613,519,716,308,72,60,1,-1,-1,-1
1614,519,716,308,72,60,1,-1,-1,-1
1615,519,716,308,73,60,1,-1,-1,-1
1616,519,716,308,73,60,1,-1,-1,-1
1617,519,716,309,72,59,1,-1,-1,-1
1618,519,716,309,72,59,1,-1,-1,-1
1619,519,716,309,72,59,1,-1,-1,-1
1620,519,716,309,72,60,1,-1,-1,-1
1621,519,716,309,71,59,1,-1,-1,-1
1622,519,716,309,71,59,1,-1,-1,-1
1623,519,716,309,71,59,1,-1,-1,-1
1624,519,716,309,71,59,1,-1,-1,-1
1625,519,716,309,71,59,1,-1,-1,-1
1626,519,716,309,71,59,1,-1,-1,-1
1627,519,716,309,72,59,1,-1,-1,-1
1628,519,716,309,72,59,1,-1,-1,-1
1629,519,716,309,73,59,1,-1,-1,-1
1630,519,716,309,72,59,1,-1,-1,-1
1631,519,716,309,73,59,1,-1,-1,-1
1632,519,717,309,73,59,1,-1,-1,-1
1633,519,716,309,74,59,1,-1,-1,-1
1634,519,716,309,74,59,1,-1,-1,-1
1635,519,716,309,74,59,1,-1,-1,-1
1636,519,716,309,74,59,1,-1,-1,-1
1637,519,716,309,74,59,1,-1,-1,-1
1638,519,716,309,74,59,1,-1,-1,-1
1639,519,716,309,74,59,1,-1,-1,-1
1640,519,716,309,74,59,1,-1,-1,-1
1641,519,715,309,73,60,1,-1,-1,-1
1642,519,715,309,73,59,1,-1,-1,-1
1643,519,715,309,73,59,1,-1,-1,-1
1644,519,715,309,73,59,1,-1,-1,-1
1645,519,715,309,74,59,1,-1,-1,-1
1646,519,715,309,74,59,1,-1,-1,-1
1647,519,715,309,74,59,1,-1,-1,-1
1648,519,715,309,74,59,1,-1,-1,-1
1649,519,716,309,74,59,1,-1,-1,-1
1650,519,716,309,74,59,1,-1,-1,-1
1651,519,716,309,74,59,1,-1,-1,-1
1652,519,716,309,74,59,1,-1,-1,-1
1653,519,716,309,74,59,1,-1,-1,-1
1654,519,716,309,74,59,1,-1,-1,-1
1655,519,716,309,74,59,1,-1,-1,-1
1656,519,716,309,74,59,1,-1,-1,-1
1657,519,716,310,74,59,1,-1,-1,-1
1658,519,716,310,74,59,1,-1,-1,-1
1659,519,716,310,74,59,1,-1,-1,-1
1660,519,716,310,74,59,1,-1,-1,-1
1661,519,716,310,74,59,1,-1,-1,-1
1662,519,716,310,74,59,1,-1,-1,-1
1663,519,716,309,74,59,1,-1,-1,-1
1664,519,716,310,74,59,1,-1,-1,-1
1665,519,716,310,73,59,1,-1,-1,-1
1666,519,716,310,73,59,1,-1,-1,-1
1667,519,716,310,73,59,1,-1,-1,-1
1668,519,716,310,73,58,1,-1,-1,-1
1669,519,716,310,74,59,1,-1,-1,-1
1670,519,716,310,74,59,1,-1,-1,-1
1671,519,716,310,74,59,1,-1,-1,-1
1672,519,716,310,74,59,1,-1,-1,-1
1673,519,715,309,74,59,1,-1,-1,-1
1674,519,715,309,74,59,1,-1,-1,-1
1675,519,715,309,74,59,1,-1,-1,-1
1676,519,715,309,74,59,1,-1,-1,-1
1677,519,715,309,74,59,1,-1,-1,-1
1678,519,715,309,74,59,1,-1,-1,-1
1679,519,715,309,74,59,1,-1,-1,-1
1680,519,715,309,74,59,1,-1,-1,-1
1681,519,716,309,73,59,1,-1,-1,-1
1682,519,716,309,73,59,1,-1,-1,-1
1683,519,716,309,73,59,1,-1,-1,-1
1684,519,716,309,73,59,1,-1,-1,-1
1685,519,716,309,73,59,1,-1,-1,-1
1686,519,716,309,73,59,1,-1,-1,-1
1687,519,716,309,73,59,1,-1,-1,-1
1688,519,716,309,73,59,1,-1,-1,-1
1689,519,716,309,73,59,1,-1,-1,-1
1690,519,716,309,73,59,1,-1,-1,-1
1691,519,716,309,73,59,1,-1,-1,-1
1692,519,716,309,73,59,1,-1,-1,-1
1693,519,716,309,74,59,1,-1,-1,-1
1694,519,716,309,74,59,1,-1,-1,-1
1695,519,716,309,74,59,1,-1,-1,-1
1696,519,716,309,74,59,1,-1,-1,-1
1697,519,716,309,73,59,1,-1,-1,-1
1698,519,716,309,73,59,1,-1,-1,-1
1699,519,716,309,73,59,1,-1,-1,-1
1700,519,716,309,73,59,1,-1,-1,-1
1701,519,716,309,73,59,1,-1,-1,-1
1702,519,716,309,73,59,1,-1,-1,-1
1703,519,716,309,73,59,1,-1,-1,-1
1704,519,716,309,73,59,1,-1,-1,-1
1705,519,716,309,74,59,1,-1,-1,-1
1706,519,716,309,74,59,1,-1,-1,-1
1707,519,716,309,74,59,1,-1,-1,-1
1708,519,716,309,74,59,1,-1,-1,-1
1709,519,716,309,74,59,1,-1,-1,-1
1710,519,716,309,74,59,1,-1,-1,-1
1711,519,716,309,74,59,1,-1,-1,-1
1712,519,716,309,74,59,1,-1,-1,-1
1713,519,716,309,73,59,1,-1,-1,-1
1714,519,716,309,73,59,1,-1,-1,-1
1715,519,716,309,73,59,1,-1,-1,-1
1716,519,716,309,73,59,1,-1,-1,-1
1717,519,716,309,73,59,1,-1,-1,-1
1718,519,716,309,73,59,1,-1,-1,-1
1719,519,716,309,73,59,1,-1,-1,-1
1720,519,716,309,73,59,1,-1,-1,-1
1721,519,716,309,74,59,1,-1,-1,-1
1722,519,716,309,74,59,1,-1,-1,-1
1723,519,716,309,74,59,1,-1,-1,-1
1724,519,716,309,74,59,1,-1,-1,-1
1725,519,716,309,74,59,1,-1,-1,-1
1726,519,716,309,74,59,1,-1,-1,-1
1727,519,716,309,74,59,1,-1,-1,-1
1728,519,716,309,74,59,1,-1,-1,-1
1729,519,716,309,72,59,1,-1,-1,-1
1730,519,716,309,72,59,1,-1,-1,-1
1731,519,716,309,72,59,1,-1,-1,-1
1732,519,716,309,72,59,1,-1,-1,-1
1733,519,716,309,72,59,1,-1,-1,-1
1734,519,716,309,72,59,1,-1,-1,-1
1735,519,716,309,72,59,1,-1,-1,-1
1736,519,716,309,72,59,1,-1,-1,-1
1737,519,716,309,72,59,1,-1,-1,-1
1738,519,716,309,72,59,1,-1,-1,-1
1739,519,716,309,72,59,1,-1,-1,-1
1740,519,716,309,72,59,1,-1,-1,-1
1741,519,717,309,71,59,1,-1,-1,-1
1742,519,717,309,71,59,1,-1,-1,-1
1743,519,717,309,71,59,1,-1,-1,-1
1744,519,717,309,71,59,1,-1,-1,-1
1745,519,717,309,71,59,1,-1,-1,-1
1746,519,717,309,71,59,1,-1,-1,-1
1747,519,717,309,71,59,1,-1,-1,-1
1748,519,717,309,71,59,1,-1,-1,-1
1749,519,717,309,71,59,1,-1,-1,-1
1750,519,717,309,71,59,1,-1,-1,-1
1751,519,717,309,71,59,1,-1,-1,-1
1752,519,717,309,71,59,1,-1,-1,-1
1753,519,716,309,72,59,1,-1,-1,-1
1754,519,716,309,72,59,1,-1,-1,-1
1755,519,716,309,72,59,1,-1,-1,-1
1756,519,716,309,72,59,1,-1,-1,-1
1757,519,716,309,72,59,1,-1,-1,-1
1758,519,716,309,72,59,1,-1,-1,-1
1759,519,716,309,72,59,1,-1,-1,-1
1760,519,716,309,72,59,1,-1,-1,-1
1761,519,716,309,71,59,1,-1,-1,-1
1762,519,716,309,71,59,1,-1,-1,-1
1763,519,716,309,71,59,1,-1,-1,-1
1764,519,716,309,71,59,1,-1,-1,-1
1765,519,716,309,72,59,1,-1,-1,-1
1766,519,716,309,72,59,1,-1,-1,-1
1767,519,716,309,72,59,1,-1,-1,-1
1768,519,716,309,72,59,1,-1,-1,-1
1769,519,716,309,71,59,1,-1,-1,-1
1770,519,716,309,71,59,1,-1,-1,-1
1771,519,716,309,71,59,1,-1,-1,-1
1772,519,716,309,71,59,1,-1,-1,-1
1773,519,716,309,71,59,1,-1,-1,-1
1774,519,716,309,71,59,1,-1,-1,-1
1775,519,716,309,71,59,1,-1,-1,-1
1776,519,716,309,71,59,1,-1,-1,-1
1777,519,716,309,71,59,1,-1,-1,-1
1778,519,716,309,71,59,1,-1,-1,-1
1779,519,716,309,71,59,1,-1,-1,-1
1780,519,716,309,71,59,1,-1,-1,-1
1781,519,716,309,71,59,1,-1,-1,-1
1782,519,716,309,71,59,1,-1,-1,-1
1783,519,716,309,71,59,1,-1,-1,-1
1784,519,716,309,71,59,1,-1,-1,-1
1785,519,717,310,71,59,1,-1,-1,-1
1786,519,717,310,71,59,1,-1,-1,-1
1787,519,717,310,71,59,1,-1,-1,-1
1788,519,717,310,71,59,1,-1,-1,-1
1789,519,717,310,71,59,1,-1,-1,-1
1790,519,717,310,71,59,1,-1,-1,-1
1791,519,717,310,71,59,1,-1,-1,-1
1792,519,717,310,71,59,1,-1,-1,-1
1793,519,717,309,71,59,1,-1,-1,-1
1794,519,717,309,71,59,1,-1,-1,-1
1795,519,717,309,71,59,1,-1,-1,-1
1796,519,717,309,71,59,1,-1,-1,-1
1797,519,717,309,71,59,1,-1,-1,-1
1798,519,717,309,71,59,1,-1,-1,-1
1799,519,717,309,71,59,1,-1,-1,-1
1800,519,717,309,71,59,1,-1,-1,-1
1801,519,716,309,72,59,1,-1,-1,-1
1802,519,716,309,72,59,1,-1,-1,-1
1803,519,716,309,72,59,1,-1,-1,-1
1804,519,716,309,72,59,1,-1,-1,-1
1805,519,716,309,72,59,1,-1,-1,-1
1806,519,716,309,72,59,1,-1,-1,-1
1807,519,716,309,72,59,1,-1,-1,-1
1808,519,716,309,72,59,1,-1,-1,-1
1809,519,716,310,72,59,1,-1,-1,-1
1810,519,716,310,71,59,1,-1,-1,-1
1811,519,716,310,71,59,1,-1,-1,-1
1812,519,716,310,71,59,1,-1,-1,-1
1813,519,716,310,71,59,1,-1,-1,-1
1814,519,716,310,71,59,1,-1,-1,-1
1815,519,716,310,71,59,1,-1,-1,-1
1816,519,716,310,72,59,1,-1,-1,-1
1817,519,716,309,73,59,1,-1,-1,-1
1818,519,716,309,73,59,1,-1,-1,-1
1819,519,716,309,73,59,1,-1,-1,-1
1820,519,716,309,73,59,1,-1,-1,-1
1821,519,716,309,73,59,1,-1,-1,-1
1822,519,716,309,73,59,1,-1,-1,-1
1823,519,716,309,73,59,1,-1,-1,-1
1824,519,716,309,73,59,1,-1,-1,-1
1825,519,716,309,72,59,1,-1,-1,-1
1826,519,716,309,72,59,1,-1,-1,-1
1827,519,716,309,72,59,1,-1,-1,-1
1828,519,716,309,72,59,1,-1,-1,-1
1829,519,716,309,72,59,1,-1,-1,-1
1830,519,716,309,72,59,1,-1,-1,-1
1831,519,716,309,72,59,1,-1,-1,-1
1832,519,716,309,72,59,1,-1,-1,-1
1833,519,716,310,73,59,1,-1,-1,-1
1834,519,716,310,73,59,1,-1,-1,-1
1835,519,716,310,73,59,1,-1,-1,-1
1836,519,716,310,73,59,1,-1,-1,-1
1837,519,716,310,74,59,1,-1,-1,-1
1838,519,716,310,74,59,1,-1,-1,-1
1839,519,716,310,74,59,1,-1,-1,-1
1840,519,716,310,74,59,1,-1,-1,-1
1841,519,716,309,73,59,1,-1,-1,-1
1842,519,716,309,73,59,1,-1,-1,-1
1843,519,716,309,73,59,1,-1,-1,-1
1844,519,716,309,73,59,1,-1,-1,-1
1845,519,716,309,73,59,1,-1,-1,-1
1846,519,716,309,73,59,1,-1,-1,-1
1847,519,716,309,73,59,1,-1,-1,-1
1848,519,716,309,73,59,1,-1,-1,-1
1849,519,716,309,74,59,1,-1,-1,-1
1850,519,716,309,74,59,1,-1,-1,-1
1851,519,716,309,74,59,1,-1,-1,-1
1852,519,716,309,74,59,1,-1,-1,-1
1853,519,716,309,74,59,1,-1,-1,-1
1854,519,716,309,73,59,1,-1,-1,-1
1855,519,716,309,73,59,1,-1,-1,-1
1856,519,716,309,74,59,1,-1,-1,-1
1857,519,716,310,73,59,1,-1,-1,-1
1858,519,716,310,73,59,1,-1,-1,-1
1859,519,716,310,74,59,1,-1,-1,-1
1860,519,716,310,73,59,1,-1,-1,-1
1861,519,716,310,73,58,1,-1,-1,-1
1862,519,716,310,73,58,1,-1,-1,-1
1863,519,716,310,73,59,1,-1,-1,-1
1864,519,716,310,73,59,1,-1,-1,-1
1865,519,717,310,72,59,1,-1,-1,-1
1866,519,717,310,72,59,1,-1,-1,-1
1867,519,717,310,72,59,1,-1,-1,-1
1868,519,717,310,72,59,1,-1,-1,-1
1869,519,716,310,72,59,1,-1,-1,-1
1870,519,716,310,73,59,1,-1,-1,-1
1871,519,716,310,73,59,1,-1,-1,-1
1872,519,716,310,73,59,1,-1,-1,-1
1873,519,717,309,72,59,1,-1,-1,-1
1874,519,716,310,73,59,1,-1,-1,-1
1875,519,716,310,73,59,1,-1,-1,-1
1876,519,716,309,73,59,1,-1,-1,-1
1877,519,716,309,73,59,1,-1,-1,-1
1878,519,716,309,74,59,1,-1,-1,-1
1879,519,716,310,73,59,1,-1,-1,-1
1880,519,716,310,74,59,1,-1,-1,-1
1881,519,715,310,73,59,1,-1,-1,-1
1882,519,716,310,73,59,1,-1,-1,-1
1883,519,716,310,73,59,1,-1,-1,-1
1884,519,716,310,73,59,1,-1,-1,-1
1885,519,716,310,72,59,1,-1,-1,-1
1886,519,716,310,72,58,1,-1,-1,-1
1887,519,716,310,72,58,1,-1,-1,-1
1888,519,716,310,72,59,1,-1,-1,-1
1889,519,716,310,72,59,1,-1,-1,-1
1890,519,716,310,72,58,1,-1,-1,-1
1891,519,716,310,72,58,1,-1,-1,-1
1892,519,716,310,72,59,1,-1,-1,-1
1893,519,716,310,72,59,1,-1,-1,-1
1894,519,716,310,72,59,1,-1,-1,-1
1895,519,716,310,72,58,1,-1,-1,-1
1896,519,716,310,72,58,1,-1,-1,-1
1897,519,716,310,72,59,1,-1,-1,-1
1898,519,716,310,72,59,1,-1,-1,-1
1899,519,716,310,72,59,1,-1,-1,-1
1900,519,716,310,72,59,1,-1,-1,-1
1901,519,716,310,72,59,1,-1,-1,-1
1902,519,717,310,72,59,1,-1,-1,-1
1903,519,717,310,72,59,1,-1,-1,-1
1904,519,717,310,72,59,1,-1,-1,-1
1905,519,717,310,72,58,1,-1,-1,-1
1906,519,717,310,72,58,1,-1,-1,-1
1907,519,717,310,72,59,1,-1,-1,-1
1908,519,717,310,72,59,1,-1,-1,-1
1909,519,717,310,73,58,1,-1,-1,-1
1910,519,717,310,72,58,1,-1,-1,-1
1911,519,717,310,72,59,1,-1,-1,-1
1912,519,717,310,73,58,1,-1,-1,-1
1913,519,717,310,72,58,1,-1,-1,-1
1914,519,717,310,72,58,1,-1,-1,-1
1915,519,717,310,72,58,1,-1,-1,-1
1916,519,716,310,73,58,1,-1,-1,-1
1917,519,716,310,73,58,1,-1,-1,-1
1918,519,716,310,73,58,1,-1,-1,-1
1919,519,716,310,73,58,1,-1,-1,-1
1920,519,717,310,72,59,1,-1,-1,-1
1921,519,717,310,71,59,1,-1,-1,-1
1922,519,717,310,71,59,1,-1,-1,-1
1923,519,717,310,71,59,1,-1,-1,-1
1924,519,717,310,71,59,1,-1,-1,-1
1925,519,717,310,71,59,1,-1,-1,-1
1926,519,717,310,72,59,1,-1,-1,-1
1927,519,717,310,72,59,1,-1,-1,-1
1928,519,717,310,72,58,1,-1,-1,-1
1,520,664,88,41,35,1,-1,-1,-1
2,520,664,89,41,34,1,-1,-1,-1
3,520,664,89,42,34,1,-1,-1,-1
4,520,664,89,42,34,1,-1,-1,-1
5,520,664,89,42,34,1,-1,-1,-1
6,520,664,89,42,34,1,-1,-1,-1
7,520,664,89,42,34,1,-1,-1,-1
8,520,664,89,42,34,1,-1,-1,-1
9,520,664,89,42,34,1,-1,-1,-1
10,520,664,89,42,34,1,-1,-1,-1
11,520,664,89,42,34,1,-1,-1,-1
12,520,663,89,42,35,1,-1,-1,-1
13,520,663,88,42,35,1,-1,-1,-1
14,520,663,88,42,35,1,-1,-1,-1
15,520,663,88,42,35,1,-1,-1,-1
16,520,663,88,42,35,1,-1,-1,-1
17,520,663,89,42,34,1,-1,-1,-1
18,520,663,89,42,34,1,-1,-1,-1
19,520,663,89,42,34,1,-1,-1,-1
20,520,663,89,42,34,1,-1,-1,-1
21,520,663,89,42,34,1,-1,-1,-1
22,520,663,89,42,34,1,-1,-1,-1
23,520,663,89,42,34,1,-1,-1,-1
24,520,663,89,42,34,1,-1,-1,-1
25,520,663,88,42,35,1,-1,-1,-1
26,520,663,88,42,35,1,-1,-1,-1
27,520,663,88,42,35,1,-1,-1,-1
28,520,663,89,42,34,1,-1,-1,-1
29,520,663,88,42,35,1,-1,-1,-1
30,520,663,89,42,34,1,-1,-1,-1
31,520,663,89,42,34,1,-1,-1,-1
32,520,663,89,42,34,1,-1,-1,-1
33,520,663,89,42,34,1,-1,-1,-1
34,520,663,89,42,34,1,-1,-1,-1
35,520,663,89,42,34,1,-1,-1,-1
36,520,663,89,42,34,1,-1,-1,-1
37,520,663,89,42,34,1,-1,-1,-1
38,520,663,89,42,34,1,-1,-1,-1
39,520,663,89,42,34,1,-1,-1,-1
40,520,663,89,42,34,1,-1,-1,-1
41,520,663,89,42,34,1,-1,-1,-1
42,520,663,89,42,34,1,-1,-1,-1
43,520,663,89,42,34,1,-1,-1,-1
44,520,663,89,42,34,1,-1,-1,-1
45,520,663,89,42,34,1,-1,-1,-1
46,520,663,89,42,34,1,-1,-1,-1
47,520,663,89,42,34,1,-1,-1,-1
48,520,663,89,42,34,1,-1,-1,-1
49,520,663,89,42,34,1,-1,-1,-1
50,520,663,89,42,34,1,-1,-1,-1
51,520,663,89,42,34,1,-1,-1,-1
52,520,663,89,42,34,1,-1,-1,-1
53,520,663,89,42,34,1,-1,-1,-1
54,520,663,89,42,34,1,-1,-1,-1
55,520,663,89,42,34,1,-1,-1,-1
56,520,663,89,42,34,1,-1,-1,-1
57,520,663,89,41,34,1,-1,-1,-1
58,520,663,89,41,34,1,-1,-1,-1
59,520,663,89,41,34,1,-1,-1,-1
60,520,663,89,41,34,1,-1,-1,-1
61,520,663,89,41,35,1,-1,-1,-1
62,520,663,89,41,35,1,-1,-1,-1
63,520,663,89,41,35,1,-1,-1,-1
64,520,663,89,41,35,1,-1,-1,-1
65,520,663,88,42,35,1,-1,-1,-1
66,520,663,89,42,34,1,-1,-1,-1
67,520,663,89,42,34,1,-1,-1,-1
68,520,663,89,42,34,1,-1,-1,-1
69,520,663,89,42,34,1,-1,-1,-1
70,520,663,89,42,34,1,-1,-1,-1
71,520,663,89,42,34,1,-1,-1,-1
72,520,663,89,42,34,1,-1,-1,-1
73,520,663,89,41,34,1,-1,-1,-1
74,520,663,89,41,34,1,-1,-1,-1
75,520,663,89,41,34,1,-1,-1,-1
76,520,663,89,41,34,1,-1,-1,-1
77,520,663,89,41,34,1,-1,-1,-1
78,520,663,89,41,34,1,-1,-1,-1
79,520,663,89,41,34,1,-1,-1,-1
80,520,663,89,41,34,1,-1,-1,-1
81,520,663,89,41,34,1,-1,-1,-1
82,520,663,89,41,35,1,-1,-1,-1
83,520,663,89,42,34,1,-1,-1,-1
84,520,663,89,42,34,1,-1,-1,-1
85,520,663,89,41,34,1,-1,-1,-1
86,520,663,89,41,34,1,-1,-1,-1
87,520,663,89,41,34,1,-1,-1,-1
88,520,663,89,41,34,1,-1,-1,-1
89,520,663,89,41,34,1,-1,-1,-1
90,520,663,89,41,34,1,-1,-1,-1
91,520,663,89,41,34,1,-1,-1,-1
92,520,663,89,42,34,1,-1,-1,-1
93,520,663,89,42,34,1,-1,-1,-1
94,520,663,89,41,34,1,-1,-1,-1
95,520,663,89,42,34,1,-1,-1,-1
96,520,663,89,42,34,1,-1,-1,-1
97,520,663,89,42,34,1,-1,-1,-1
98,520,663,89,42,34,1,-1,-1,-1
99,520,663,89,42,34,1,-1,-1,-1
100,520,663,89,42,34,1,-1,-1,-1
101,520,663,89,42,34,1,-1,-1,-1
102,520,663,89,42,34,1,-1,-1,-1
103,520,663,89,42,34,1,-1,-1,-1
104,520,663,89,42,34,1,-1,-1,-1
105,520,663,89,42,34,1,-1,-1,-1
106,520,663,89,42,34,1,-1,-1,-1
107,520,663,89,42,34,1,-1,-1,-1
108,520,663,89,42,34,1,-1,-1,-1
109,520,663,89,42,34,1,-1,-1,-1
110,520,663,89,42,34,1,-1,-1,-1
111,520,663,89,42,34,1,-1,-1,-1
112,520,663,89,42,34,1,-1,-1,-1
113,520,663,88,42,35,1,-1,-1,-1
114,520,663,88,42,35,1,-1,-1,-1
115,520,663,88,42,35,1,-1,-1,-1
116,520,663,88,42,34,1,-1,-1,-1
117,520,663,89,42,34,1,-1,-1,-1
118,520,663,88,42,35,1,-1,-1,-1
119,520,663,88,42,35,1,-1,-1,-1
120,520,663,88,42,35,1,-1,-1,-1
121,520,663,89,41,34,1,-1,-1,-1
122,520,663,89,42,34,1,-1,-1,-1
123,520,663,89,42,34,1,-1,-1,-1
124,520,663,89,42,34,1,-1,-1,-1
125,520,664,89,42,34,1,-1,-1,-1
126,520,664,89,42,34,1,-1,-1,-1
127,520,664,89,42,34,1,-1,-1,-1
128,520,663,89,42,34,1,-1,-1,-1
129,520,664,89,42,34,1,-1,-1,-1
130,520,663,89,42,34,1,-1,-1,-1
131,520,663,89,42,34,1,-1,-1,-1
132,520,664,89,42,34,1,-1,-1,-1
133,520,663,89,42,34,1,-1,-1,-1
134,520,664,89,41,34,1,-1,-1,-1
135,520,664,89,41,34,1,-1,-1,-1
136,520,664,89,41,34,1,-1,-1,-1
137,520,663,89,42,34,1,-1,-1,-1
138,520,663,89,42,34,1,-1,-1,-1
139,520,663,89,42,34,1,-1,-1,-1
140,520,663,89,42,34,1,-1,-1,-1
141,520,663,89,42,34,1,-1,-1,-1
142,520,663,89,42,34,1,-1,-1,-1
143,520,663,89,42,34,1,-1,-1,-1
144,520,663,89,42,34,1,-1,-1,-1
145,520,663,89,42,34,1,-1,-1,-1
146,520,663,89,42,34,1,-1,-1,-1
147,520,663,89,42,34,1,-1,-1,-1
148,520,663,89,42,34,1,-1,-1,-1
149,520,663,89,42,34,1,-1,-1,-1
150,520,663,89,42,34,1,-1,-1,-1
151,520,663,89,42,34,1,-1,-1,-1
152,520,663,89,42,34,1,-1,-1,-1
153,520,663,89,42,34,1,-1,-1,-1
154,520,663,89,42,34,1,-1,-1,-1
155,520,663,89,42,34,1,-1,-1,-1
156,520,663,89,42,34,1,-1,-1,-1
157,520,664,89,42,34,1,-1,-1,-1
158,520,664,89,42,34,1,-1,-1,-1
159,520,663,89,42,34,1,-1,-1,-1
160,520,663,89,42,34,1,-1,-1,-1
161,520,663,89,42,34,1,-1,-1,-1
162,520,663,89,42,34,1,-1,-1,-1
163,520,663,89,42,34,1,-1,-1,-1
164,520,663,89,42,34,1,-1,-1,-1
165,520,663,89,42,34,1,-1,-1,-1
166,520,663,89,42,34,1,-1,-1,-1
167,520,663,89,42,34,1,-1,-1,-1
168,520,663,89,42,34,1,-1,-1,-1
169,520,663,88,42,35,1,-1,-1,-1
170,520,663,88,42,35,1,-1,-1,-1
171,520,663,88,42,35,1,-1,-1,-1
172,520,663,89,42,35,1,-1,-1,-1
173,520,663,89,42,35,1,-1,-1,-1
174,520,663,89,42,35,1,-1,-1,-1
175,520,663,89,42,35,1,-1,-1,-1
176,520,663,89,42,35,1,-1,-1,-1
177,520,663,89,42,34,1,-1,-1,-1
178,520,663,89,42,35,1,-1,-1,-1
179,520,663,89,42,35,1,-1,-1,-1
180,520,663,89,42,35,1,-1,-1,-1
181,520,663,88,42,34,1,-1,-1,-1
182,520,663,88,42,34,1,-1,-1,-1
183,520,663,88,42,34,1,-1,-1,-1
184,520,663,88,42,34,1,-1,-1,-1
185,520,663,89,42,34,1,-1,-1,-1
186,520,663,89,42,34,1,-1,-1,-1
187,520,663,89,42,34,1,-1,-1,-1
188,520,663,89,42,34,1,-1,-1,-1
189,520,663,89,42,34,1,-1,-1,-1
190,520,663,89,42,34,1,-1,-1,-1
191,520,663,89,42,34,1,-1,-1,-1
192,520,663,89,42,34,1,-1,-1,-1
193,520,663,89,42,34,1,-1,-1,-1
194,520,663,89,42,34,1,-1,-1,-1
195,520,663,89,42,34,1,-1,-1,-1
196,520,663,89,42,34,1,-1,-1,-1
197,520,663,89,42,34,1,-1,-1,-1
198,520,663,89,42,34,1,-1,-1,-1
199,520,663,89,42,34,1,-1,-1,-1
200,520,663,89,42,34,1,-1,-1,-1
201,520,663,89,42,34,1,-1,-1,-1
202,520,663,89,42,34,1,-1,-1,-1
203,520,663,89,42,34,1,-1,-1,-1
204,520,663,89,42,34,1,-1,-1,-1
205,520,663,89,42,34,1,-1,-1,-1
206,520,663,89,42,34,1,-1,-1,-1
207,520,663,89,42,34,1,-1,-1,-1
208,520,663,89,42,34,1,-1,-1,-1
209,520,663,89,42,34,1,-1,-1,-1
210,520,663,89,42,34,1,-1,-1,-1
211,520,663,89,42,34,1,-1,-1,-1
212,520,663,89,42,34,1,-1,-1,-1
213,520,663,89,42,34,1,-1,-1,-1
214,520,663,89,42,34,1,-1,-1,-1
215,520,663,89,42,34,1,-1,-1,-1
216,520,663,89,42,34,1,-1,-1,-1
217,520,663,89,42,34,1,-1,-1,-1
218,520,663,89,42,34,1,-1,-1,-1
219,520,663,89,42,34,1,-1,-1,-1
220,520,663,89,42,34,1,-1,-1,-1
221,520,663,89,42,34,1,-1,-1,-1
222,520,663,89,42,34,1,-1,-1,-1
223,520,663,89,42,34,1,-1,-1,-1
224,520,663,89,42,34,1,-1,-1,-1
225,520,663,89,42,34,1,-1,-1,-1
226,520,663,89,42,34,1,-1,-1,-1
227,520,663,89,42,34,1,-1,-1,-1
228,520,663,89,42,34,1,-1,-1,-1
229,520,663,89,42,34,1,-1,-1,-1
230,520,663,89,42,34,1,-1,-1,-1
231,520,663,90,42,33,1,-1,-1,-1
232,520,663,89,42,34,1,-1,-1,-1
233,520,663,89,41,34,1,-1,-1,-1
234,520,663,89,41,34,1,-1,-1,-1
235,520,663,89,42,34,1,-1,-1,-1
236,520,663,89,42,34,1,-1,-1,-1
237,520,663,89,42,34,1,-1,-1,-1
238,520,663,89,42,35,1,-1,-1,-1
239,520,663,89,42,35,1,-1,-1,-1
240,520,663,89,42,35,1,-1,-1,-1
241,520,663,89,42,34,1,-1,-1,-1
242,520,663,89,42,34,1,-1,-1,-1
243,520,663,89,42,34,1,-1,-1,-1
244,520,663,89,42,34,1,-1,-1,-1
245,520,663,89,42,34,1,-1,-1,-1
246,520,663,89,42,34,1,-1,-1,-1
247,520,663,89,42,34,1,-1,-1,-1
248,520,663,89,42,34,1,-1,-1,-1
249,520,663,89,42,34,1,-1,-1,-1
250,520,663,89,42,34,1,-1,-1,-1
251,520,663,90,42,34,1,-1,-1,-1
252,520,663,89,42,34,1,-1,-1,-1
253,520,663,89,42,34,1,-1,-1,-1
254,520,663,89,42,34,1,-1,-1,-1
255,520,663,89,42,34,1,-1,-1,-1
256,520,663,89,42,34,1,-1,-1,-1
257,520,663,89,42,34,1,-1,-1,-1
258,520,663,89,42,34,1,-1,-1,-1
259,520,663,89,42,34,1,-1,-1,-1
260,520,663,89,42,34,1,-1,-1,-1
261,520,663,89,42,34,1,-1,-1,-1
262,520,663,89,42,34,1,-1,-1,-1
263,520,663,89,42,34,1,-1,-1,-1
264,520,663,89,42,34,1,-1,-1,-1
265,520,663,89,42,34,1,-1,-1,-1
266,520,663,89,42,34,1,-1,-1,-1
267,520,663,89,42,34,1,-1,-1,-1
268,520,663,89,42,34,1,-1,-1,-1
269,520,663,89,42,34,1,-1,-1,-1
270,520,663,89,42,34,1,-1,-1,-1
271,520,663,89,42,34,1,-1,-1,-1
272,520,663,89,42,34,1,-1,-1,-1
273,520,663,89,43,34,1,-1,-1,-1
274,520,663,89,43,34,1,-1,-1,-1
275,520,663,89,43,34,1,-1,-1,-1
276,520,663,89,43,34,1,-1,-1,-1
277,520,663,89,42,34,1,-1,-1,-1
278,520,663,89,42,34,1,-1,-1,-1
279,520,663,89,42,34,1,-1,-1,-1
280,520,663,89,42,34,1,-1,-1,-1
281,520,663,89,42,34,1,-1,-1,-1
282,520,663,89,42,34,1,-1,-1,-1
283,520,663,89,42,34,1,-1,-1,-1
284,520,663,89,42,34,1,-1,-1,-1
285,520,663,89,42,34,1,-1,-1,-1
286,520,663,89,42,34,1,-1,-1,-1
287,520,663,89,42,34,1,-1,-1,-1
288,520,663,89,42,34,1,-1,-1,-1
289,520,663,89,42,34,1,-1,-1,-1
290,520,663,89,42,34,1,-1,-1,-1
291,520,663,89,42,34,1,-1,-1,-1
292,520,663,89,42,34,1,-1,-1,-1
293,520,663,89,42,34,1,-1,-1,-1
294,520,663,89,42,34,1,-1,-1,-1
295,520,663,89,42,34,1,-1,-1,-1
296,520,663,89,42,34,1,-1,-1,-1
297,520,663,89,42,34,1,-1,-1,-1
298,520,663,89,42,34,1,-1,-1,-1
299,520,663,89,42,34,1,-1,-1,-1
300,520,663,89,42,34,1,-1,-1,-1
301,520,663,89,42,34,1,-1,-1,-1
302,520,663,89,42,34,1,-1,-1,-1
303,520,663,89,42,34,1,-1,-1,-1
304,520,663,89,42,34,1,-1,-1,-1
305,520,663,89,42,34,1,-1,-1,-1
306,520,663,89,42,34,1,-1,-1,-1
307,520,663,89,42,34,1,-1,-1,-1
308,520,663,89,42,34,1,-1,-1,-1
309,520,663,89,42,34,1,-1,-1,-1
310,520,663,89,42,34,1,-1,-1,-1
311,520,663,89,42,34,1,-1,-1,-1
312,520,663,89,42,34,1,-1,-1,-1
313,520,663,89,42,34,1,-1,-1,-1
314,520,663,89,42,34,1,-1,-1,-1
315,520,663,89,42,34,1,-1,-1,-1
316,520,663,89,42,34,1,-1,-1,-1
317,520,663,89,42,34,1,-1,-1,-1
318,520,663,89,42,34,1,-1,-1,-1
319,520,663,89,42,34,1,-1,-1,-1
320,520,663,89,42,34,1,-1,-1,-1
321,520,663,89,42,34,1,-1,-1,-1
322,520,663,89,42,34,1,-1,-1,-1
323,520,663,89,42,34,1,-1,-1,-1
324,520,663,89,42,34,1,-1,-1,-1
325,520,663,89,42,34,1,-1,-1,-1
326,520,663,89,42,34,1,-1,-1,-1
327,520,663,89,42,34,1,-1,-1,-1
328,520,663,89,42,34,1,-1,-1,-1
329,520,663,89,42,34,1,-1,-1,-1
330,520,663,89,42,34,1,-1,-1,-1
331,520,663,89,42,34,1,-1,-1,-1
332,520,663,89,42,34,1,-1,-1,-1
333,520,663,89,42,34,1,-1,-1,-1
334,520,663,89,42,34,1,-1,-1,-1
335,520,663,89,42,34,1,-1,-1,-1
336,520,663,89,42,34,1,-1,-1,-1
337,520,663,89,42,34,1,-1,-1,-1
338,520,663,89,42,34,1,-1,-1,-1
339,520,663,89,42,34,1,-1,-1,-1
340,520,663,89,42,34,1,-1,-1,-1
341,520,663,89,42,34,1,-1,-1,-1
342,520,663,89,42,34,1,-1,-1,-1
343,520,663,89,42,34,1,-1,-1,-1
344,520,663,89,42,34,1,-1,-1,-1
345,520,663,89,42,34,1,-1,-1,-1
346,520,663,89,42,34,1,-1,-1,-1
347,520,663,89,42,34,1,-1,-1,-1
348,520,663,89,42,34,1,-1,-1,-1
349,520,663,89,42,34,1,-1,-1,-1
350,520,663,89,42,34,1,-1,-1,-1
351,520,663,89,42,34,1,-1,-1,-1
352,520,663,89,42,34,1,-1,-1,-1
353,520,663,89,42,34,1,-1,-1,-1
354,520,663,89,42,34,1,-1,-1,-1
355,520,663,89,42,34,1,-1,-1,-1
356,520,663,89,42,34,1,-1,-1,-1
357,520,663,89,42,34,1,-1,-1,-1
358,520,663,89,42,34,1,-1,-1,-1
359,520,663,89,41,34,1,-1,-1,-1
360,520,663,89,41,34,1,-1,-1,-1
361,520,663,89,42,34,1,-1,-1,-1
362,520,663,89,42,34,1,-1,-1,-1
363,520,663,89,42,34,1,-1,-1,-1
364,520,663,89,42,34,1,-1,-1,-1
365,520,663,89,42,34,1,-1,-1,-1
366,520,663,89,42,34,1,-1,-1,-1
367,520,663,89,42,34,1,-1,-1,-1
368,520,663,89,42,34,1,-1,-1,-1
369,520,663,89,42,34,1,-1,-1,-1
370,520,663,89,42,34,1,-1,-1,-1
371,520,663,89,42,34,1,-1,-1,-1
372,520,663,89,42,34,1,-1,-1,-1
373,520,663,89,42,34,1,-1,-1,-1
374,520,663,89,42,34,1,-1,-1,-1
375,520,663,89,42,34,1,-1,-1,-1
376,520,663,89,42,34,1,-1,-1,-1
377,520,663,89,42,34,1,-1,-1,-1
378,520,663,89,42,34,1,-1,-1,-1
379,520,663,89,42,34,1,-1,-1,-1
380,520,663,89,42,34,1,-1,-1,-1
381,520,664,89,42,34,1,-1,-1,-1
382,520,663,89,42,34,1,-1,-1,-1
383,520,663,89,42,34,1,-1,-1,-1
384,520,663,89,42,34,1,-1,-1,-1
385,520,664,89,41,35,1,-1,-1,-1
386,520,664,89,41,35,1,-1,-1,-1
387,520,664,89,41,35,1,-1,-1,-1
388,520,664,89,41,35,1,-1,-1,-1
389,520,663,89,41,35,1,-1,-1,-1
390,520,663,89,41,35,1,-1,-1,-1
391,520,663,89,41,35,1,-1,-1,-1
392,520,663,89,41,35,1,-1,-1,-1
393,520,663,89,42,34,1,-1,-1,-1
394,520,663,89,42,34,1,-1,-1,-1
395,520,663,89,42,34,1,-1,-1,-1
396,520,663,89,42,34,1,-1,-1,-1
397,520,663,89,42,34,1,-1,-1,-1
398,520,663,89,42,34,1,-1,-1,-1
399,520,663,89,42,34,1,-1,-1,-1
400,520,663,89,42,34,1,-1,-1,-1
401,520,663,89,42,34,1,-1,-1,-1
402,520,663,89,42,34,1,-1,-1,-1
403,520,663,89,42,34,1,-1,-1,-1
404,520,663,89,42,34,1,-1,-1,-1
405,520,663,89,42,34,1,-1,-1,-1
406,520,663,89,42,34,1,-1,-1,-1
407,520,663,89,42,34,1,-1,-1,-1
408,520,663,89,42,34,1,-1,-1,-1
409,520,664,89,42,34,1,-1,-1,-1
410,520,664,89,42,34,1,-1,-1,-1
411,520,663,89,42,34,1,-1,-1,-1
412,520,663,89,42,34,1,-1,-1,-1
413,520,663,89,42,34,1,-1,-1,-1
414,520,663,89,42,34,1,-1,-1,-1
415,520,663,89,42,34,1,-1,-1,-1
416,520,663,89,42,34,1,-1,-1,-1
417,520,663,89,42,34,1,-1,-1,-1
418,520,663,89,42,34,1,-1,-1,-1
419,520,663,89,42,34,1,-1,-1,-1
420,520,663,89,42,34,1,-1,-1,-1
421,520,663,89,42,34,1,-1,-1,-1
422,520,663,89,42,34,1,-1,-1,-1
423,520,663,89,42,34,1,-1,-1,-1
424,520,663,89,42,34,1,-1,-1,-1
425,520,664,89,42,34,1,-1,-1,-1
426,520,664,89,42,34,1,-1,-1,-1
427,520,664,89,42,34,1,-1,-1,-1
428,520,664,89,42,34,1,-1,-1,-1
429,520,664,89,42,34,1,-1,-1,-1
430,520,664,89,42,34,1,-1,-1,-1
431,520,664,89,42,34,1,-1,-1,-1
432,520,664,89,42,34,1,-1,-1,-1
433,520,663,89,42,35,1,-1,-1,-1
434,520,663,89,42,35,1,-1,-1,-1
435,520,663,89,42,35,1,-1,-1,-1
436,520,663,89,42,35,1,-1,-1,-1
437,520,663,89,42,35,1,-1,-1,-1
438,520,663,89,42,35,1,-1,-1,-1
439,520,663,89,42,35,1,-1,-1,-1
440,520,663,89,42,35,1,-1,-1,-1
441,520,663,89,42,34,1,-1,-1,-1
442,520,663,89,42,34,1,-1,-1,-1
443,520,663,89,42,34,1,-1,-1,-1
444,520,663,89,42,34,1,-1,-1,-1
445,520,663,89,42,34,1,-1,-1,-1
446,520,663,89,42,34,1,-1,-1,-1
447,520,663,89,42,34,1,-1,-1,-1
448,520,663,89,42,34,1,-1,-1,-1
449,520,663,89,42,35,1,-1,-1,-1
450,520,663,89,42,35,1,-1,-1,-1
451,520,663,89,42,35,1,-1,-1,-1
452,520,663,89,42,34,1,-1,-1,-1
453,520,663,89,42,34,1,-1,-1,-1
454,520,663,89,42,35,1,-1,-1,-1
455,520,663,89,42,35,1,-1,-1,-1
456,520,663,89,42,35,1,-1,-1,-1
457,520,663,89,42,34,1,-1,-1,-1
458,520,663,89,42,34,1,-1,-1,-1
459,520,663,89,42,34,1,-1,-1,-1
460,520,663,89,42,34,1,-1,-1,-1
461,520,663,89,42,34,1,-1,-1,-1
462,520,663,89,42,34,1,-1,-1,-1
463,520,663,89,42,34,1,-1,-1,-1
464,520,663,89,42,34,1,-1,-1,-1
465,520,663,89,42,35,1,-1,-1,-1
466,520,663,89,42,34,1,-1,-1,-1
467,520,663,89,42,34,1,-1,-1,-1
468,520,663,89,42,35,1,-1,-1,-1
469,520,664,89,42,34,1,-1,-1,-1
470,520,664,89,42,35,1,-1,-1,-1
471,520,664,89,42,34,1,-1,-1,-1
472,520,664,89,42,34,1,-1,-1,-1
473,520,663,89,42,34,1,-1,-1,-1
474,520,663,89,42,34,1,-1,-1,-1
475,520,663,89,42,34,1,-1,-1,-1
476,520,663,89,42,34,1,-1,-1,-1
477,520,663,89,42,34,1,-1,-1,-1
478,520,663,89,42,34,1,-1,-1,-1
479,520,663,89,42,34,1,-1,-1,-1
480,520,663,89,42,34,1,-1,-1,-1
481,520,663,89,42,34,1,-1,-1,-1
482,520,663,89,42,34,1,-1,-1,-1
483,520,663,89,42,34,1,-1,-1,-1
484,520,663,89,42,34,1,-1,-1,-1
485,520,663,89,42,34,1,-1,-1,-1
486,520,663,89,42,34,1,-1,-1,-1
487,520,663,89,42,34,1,-1,-1,-1
488,520,663,89,42,34,1,-1,-1,-1
489,520,663,89,42,34,1,-1,-1,-1
490,520,663,89,42,34,1,-1,-1,-1
491,520,663,89,42,34,1,-1,-1,-1
492,520,663,89,42,34,1,-1,-1,-1
493,520,663,89,42,34,1,-1,-1,-1
494,520,663,89,42,34,1,-1,-1,-1
495,520,663,89,42,34,1,-1,-1,-1
496,520,663,89,42,34,1,-1,-1,-1
497,520,663,89,42,34,1,-1,-1,-1
498,520,663,89,42,34,1,-1,-1,-1
499,520,663,89,42,34,1,-1,-1,-1
500,520,663,89,42,34,1,-1,-1,-1
501,520,663,89,42,34,1,-1,-1,-1
502,520,663,89,42,34,1,-1,-1,-1
503,520,663,89,42,34,1,-1,-1,-1
504,520,663,89,42,34,1,-1,-1,-1
505,520,663,89,42,34,1,-1,-1,-1
506,520,663,89,42,34,1,-1,-1,-1
507,520,663,89,42,34,1,-1,-1,-1
508,520,663,89,42,34,1,-1,-1,-1
509,520,663,89,42,34,1,-1,-1,-1
510,520,663,89,42,34,1,-1,-1,-1
511,520,663,89,42,34,1,-1,-1,-1
512,520,663,89,42,34,1,-1,-1,-1
513,520,663,89,42,34,1,-1,-1,-1
514,520,663,89,42,34,1,-1,-1,-1
515,520,663,89,42,34,1,-1,-1,-1
516,520,663,89,42,34,1,-1,-1,-1
517,520,663,89,42,34,1,-1,-1,-1
518,520,663,89,42,34,1,-1,-1,-1
519,520,663,89,42,34,1,-1,-1,-1
520,520,663,89,42,34,1,-1,-1,-1
521,520,663,89,42,34,1,-1,-1,-1
522,520,663,89,42,34,1,-1,-1,-1
523,520,663,89,42,34,1,-1,-1,-1
524,520,663,89,42,34,1,-1,-1,-1
525,520,663,89,42,34,1,-1,-1,-1
526,520,663,89,42,34,1,-1,-1,-1
527,520,663,89,42,34,1,-1,-1,-1
528,520,663,89,42,34,1,-1,-1,-1
529,520,664,89,42,34,1,-1,-1,-1
530,520,664,89,42,34,1,-1,-1,-1
531,520,664,89,42,34,1,-1,-1,-1
532,520,664,89,42,34,1,-1,-1,-1
533,520,664,89,42,34,1,-1,-1,-1
534,520,664,89,42,34,1,-1,-1,-1
535,520,664,89,42,34,1,-1,-1,-1
536,520,664,89,42,34,1,-1,-1,-1
537,520,664,89,42,34,1,-1,-1,-1
538,520,664,89,42,34,1,-1,-1,-1
539,520,664,89,42,34,1,-1,-1,-1
540,520,664,89,42,34,1,-1,-1,-1
541,520,663,89,42,34,1,-1,-1,-1
542,520,663,89,42,34,1,-1,-1,-1
543,520,663,89,42,34,1,-1,-1,-1
544,520,663,89,42,34,1,-1,-1,-1
545,520,663,89,42,34,1,-1,-1,-1
546,520,663,89,42,34,1,-1,-1,-1
547,520,663,89,42,34,1,-1,-1,-1
548,520,663,89,42,34,1,-1,-1,-1
549,520,663,89,42,34,1,-1,-1,-1
550,520,664,89,42,34,1,-1,-1,-1
551,520,664,89,42,34,1,-1,-1,-1
552,520,664,89,42,34,1,-1,-1,-1
553,520,663,89,42,34,1,-1,-1,-1
554,520,663,89,42,34,1,-1,-1,-1
555,520,664,89,42,34,1,-1,-1,-1
556,520,664,89,42,34,1,-1,-1,-1
557,520,664,89,42,34,1,-1,-1,-1
558,520,664,89,42,34,1,-1,-1,-1
559,520,664,89,42,34,1,-1,-1,-1
560,520,664,89,42,34,1,-1,-1,-1
561,520,664,89,42,34,1,-1,-1,-1
562,520,664,89,42,34,1,-1,-1,-1
563,520,664,89,42,34,1,-1,-1,-1
564,520,664,89,42,34,1,-1,-1,-1
565,520,664,89,42,34,1,-1,-1,-1
566,520,664,89,42,34,1,-1,-1,-1
567,520,664,89,42,34,1,-1,-1,-1
568,520,664,89,42,34,1,-1,-1,-1
569,520,664,89,42,34,1,-1,-1,-1
570,520,664,89,42,34,1,-1,-1,-1
571,520,664,89,42,34,1,-1,-1,-1
572,520,664,89,42,34,1,-1,-1,-1
573,520,664,89,42,34,1,-1,-1,-1
574,520,664,89,42,34,1,-1,-1,-1
575,520,664,89,42,34,1,-1,-1,-1
576,520,664,89,42,34,1,-1,-1,-1
577,520,663,88,42,35,1,-1,-1,-1
578,520,664,88,42,35,1,-1,-1,-1
579,520,664,88,42,35,1,-1,-1,-1
580,520,664,88,42,35,1,-1,-1,-1
581,520,664,88,42,35,1,-1,-1,-1
582,520,664,88,42,35,1,-1,-1,-1
583,520,664,88,42,35,1,-1,-1,-1
584,520,664,88,42,35,1,-1,-1,-1
585,520,663,88,42,34,1,-1,-1,-1
586,520,663,88,42,35,1,-1,-1,-1
587,520,663,88,42,34,1,-1,-1,-1
588,520,663,89,42,34,1,-1,-1,-1
589,520,663,88,42,35,1,-1,-1,-1
590,520,663,88,42,35,1,-1,-1,-1
591,520,663,88,42,35,1,-1,-1,-1
592,520,663,88,42,34,1,-1,-1,-1
593,520,663,88,42,35,1,-1,-1,-1
594,520,663,88,42,35,1,-1,-1,-1
595,520,663,88,42,35,1,-1,-1,-1
596,520,663,88,42,35,1,-1,-1,-1
597,520,663,88,42,35,1,-1,-1,-1
598,520,663,88,42,35,1,-1,-1,-1
599,520,663,88,42,35,1,-1,-1,-1
600,520,663,89,42,35,1,-1,-1,-1
601,520,664,89,42,34,1,-1,-1,-1
602,520,664,89,42,34,1,-1,-1,-1
603,520,664,89,42,34,1,-1,-1,-1
604,520,664,89,42,34,1,-1,-1,-1
605,520,664,89,42,34,1,-1,-1,-1
606,520,664,89,42,34,1,-1,-1,-1
607,520,664,89,42,34,1,-1,-1,-1
608,520,664,89,42,34,1,-1,-1,-1
609,520,663,89,42,34,1,-1,-1,-1
610,520,663,89,42,34,1,-1,-1,-1
611,520,663,89,43,34,1,-1,-1,-1
612,520,663,89,42,34,1,-1,-1,-1
613,520,663,89,42,34,1,-1,-1,-1
614,520,663,89,42,34,1,-1,-1,-1
615,520,663,89,42,34,1,-1,-1,-1
616,520,663,89,42,34,1,-1,-1,-1
617,520,663,89,42,34,1,-1,-1,-1
618,520,663,89,42,34,1,-1,-1,-1
619,520,663,89,42,34,1,-1,-1,-1
620,520,663,89,42,34,1,-1,-1,-1
621,520,663,89,42,34,1,-1,-1,-1
622,520,663,89,42,34,1,-1,-1,-1
623,520,663,89,42,34,1,-1,-1,-1
624,520,664,89,42,34,1,-1,-1,-1
625,520,663,89,42,34,1,-1,-1,-1
626,520,663,89,42,34,1,-1,-1,-1
627,520,663,89,42,34,1,-1,-1,-1
628,520,663,89,42,34,1,-1,-1,-1
629,520,663,89,42,34,1,-1,-1,-1
630,520,663,89,42,34,1,-1,-1,-1
631,520,663,89,42,34,1,-1,-1,-1
632,520,663,89,42,34,1,-1,-1,-1
633,520,663,89,42,34,1,-1,-1,-1
634,520,663,89,42,34,1,-1,-1,-1
635,520,663,89,42,34,1,-1,-1,-1
636,520,663,89,42,34,1,-1,-1,-1
637,520,664,89,42,34,1,-1,-1,-1
638,520,664,89,42,34,1,-1,-1,-1
639,520,664,89,42,34,1,-1,-1,-1
640,520,663,89,42,34,1,-1,-1,-1
641,520,663,89,42,34,1,-1,-1,-1
642,520,663,89,42,34,1,-1,-1,-1
643,520,663,89,42,33,1,-1,-1,-1
644,520,663,89,42,34,1,-1,-1,-1
645,520,663,89,42,34,1,-1,-1,-1
646,520,663,89,42,34,1,-1,-1,-1
647,520,663,89,42,34,1,-1,-1,-1
648,520,663,89,42,34,1,-1,-1,-1
649,520,663,89,42,34,1,-1,-1,-1
650,520,663,89,42,34,1,-1,-1,-1
651,520,663,89,42,34,1,-1,-1,-1
652,520,663,89,42,34,1,-1,-1,-1
653,520,663,89,42,34,1,-1,-1,-1
654,520,663,89,42,34,1,-1,-1,-1
655,520,663,89,42,34,1,-1,-1,-1
656,520,663,89,42,34,1,-1,-1,-1
657,520,663,89,42,34,1,-1,-1,-1
658,520,663,89,42,34,1,-1,-1,-1
659,520,663,89,42,34,1,-1,-1,-1
660,520,663,89,42,34,1,-1,-1,-1
661,520,663,89,42,34,1,-1,-1,-1
662,520,663,89,42,34,1,-1,-1,-1
663,520,663,89,42,34,1,-1,-1,-1
664,520,663,89,42,34,1,-1,-1,-1
665,520,663,88,42,34,1,-1,-1,-1
666,520,663,88,42,35,1,-1,-1,-1
667,520,663,88,42,35,1,-1,-1,-1
668,520,663,88,42,35,1,-1,-1,-1
669,520,663,88,42,35,1,-1,-1,-1
670,520,663,88,42,35,1,-1,-1,-1
671,520,663,88,42,35,1,-1,-1,-1
672,520,663,88,42,35,1,-1,-1,-1
673,520,663,88,42,35,1,-1,-1,-1
674,520,663,88,42,35,1,-1,-1,-1
675,520,663,88,42,35,1,-1,-1,-1
676,520,663,88,42,35,1,-1,-1,-1
677,520,663,88,42,35,1,-1,-1,-1
678,520,663,88,42,35,1,-1,-1,-1
679,520,663,88,42,35,1,-1,-1,-1
680,520,663,88,42,35,1,-1,-1,-1
681,520,663,88,42,35,1,-1,-1,-1
682,520,663,88,42,35,1,-1,-1,-1
683,520,663,88,42,35,1,-1,-1,-1
684,520,663,88,42,34,1,-1,-1,-1
685,520,663,89,42,34,1,-1,-1,-1
686,520,663,89,42,34,1,-1,-1,-1
687,520,663,89,42,34,1,-1,-1,-1
688,520,664,89,42,34,1,-1,-1,-1
689,520,664,89,42,34,1,-1,-1,-1
690,520,664,89,42,34,1,-1,-1,-1
691,520,664,89,42,34,1,-1,-1,-1
692,520,664,89,42,34,1,-1,-1,-1
693,520,663,89,42,34,1,-1,-1,-1
694,520,664,89,42,34,1,-1,-1,-1
695,520,663,89,42,34,1,-1,-1,-1
696,520,664,89,42,34,1,-1,-1,-1
697,520,663,88,43,34,1,-1,-1,-1
698,520,663,88,43,34,1,-1,-1,-1
699,520,663,88,43,34,1,-1,-1,-1
700,520,663,88,43,34,1,-1,-1,-1
701,520,663,88,43,34,1,-1,-1,-1
702,520,663,88,43,34,1,-1,-1,-1
703,520,663,88,43,34,1,-1,-1,-1
704,520,663,88,43,34,1,-1,-1,-1
705,520,663,88,43,34,1,-1,-1,-1
706,520,663,88,43,34,1,-1,-1,-1
707,520,663,88,43,34,1,-1,-1,-1
708,520,664,88,42,34,1,-1,-1,-1
709,520,663,88,42,35,1,-1,-1,-1
710,520,663,88,42,35,1,-1,-1,-1
711,520,663,88,42,35,1,-1,-1,-1
712,520,663,88,42,35,1,-1,-1,-1
713,520,663,88,42,34,1,-1,-1,-1
714,520,663,88,42,34,1,-1,-1,-1
715,520,663,88,42,34,1,-1,-1,-1
716,520,663,88,42,34,1,-1,-1,-1
717,520,663,88,42,34,1,-1,-1,-1
718,520,663,88,42,34,1,-1,-1,-1
719,520,663,88,42,34,1,-1,-1,-1
720,520,663,88,42,34,1,-1,-1,-1
721,520,663,88,42,34,1,-1,-1,-1
722,520,663,88,42,34,1,-1,-1,-1
723,520,663,88,42,34,1,-1,-1,-1
724,520,663,88,42,34,1,-1,-1,-1
725,520,663,88,42,34,1,-1,-1,-1
726,520,663,88,42,34,1,-1,-1,-1
727,520,663,88,42,34,1,-1,-1,-1
728,520,663,88,42,34,1,-1,-1,-1
729,520,663,88,42,34,1,-1,-1,-1
730,520,663,88,42,34,1,-1,-1,-1
731,520,663,88,42,34,1,-1,-1,-1
732,520,663,88,42,34,1,-1,-1,-1
733,520,663,88,42,35,1,-1,-1,-1
734,520,663,88,42,35,1,-1,-1,-1
735,520,663,88,42,35,1,-1,-1,-1
736,520,663,88,42,35,1,-1,-1,-1
737,520,663,88,42,34,1,-1,-1,-1
738,520,663,88,42,34,1,-1,-1,-1
739,520,663,88,42,34,1,-1,-1,-1
740,520,663,88,42,34,1,-1,-1,-1
741,520,663,88,42,34,1,-1,-1,-1
742,520,663,88,42,34,1,-1,-1,-1
743,520,663,88,42,34,1,-1,-1,-1
744,520,663,88,42,34,1,-1,-1,-1
745,520,663,87,42,35,1,-1,-1,-1
746,520,663,87,42,35,1,-1,-1,-1
747,520,663,87,42,35,1,-1,-1,-1
748,520,663,87,42,35,1,-1,-1,-1
749,520,663,87,42,35,1,-1,-1,-1
750,520,663,87,42,35,1,-1,-1,-1
751,520,663,88,42,35,1,-1,-1,-1
752,520,663,88,42,35,1,-1,-1,-1
753,520,663,88,42,35,1,-1,-1,-1
754,520,663,88,42,35,1,-1,-1,-1
755,520,663,88,42,35,1,-1,-1,-1
756,520,663,88,42,35,1,-1,-1,-1
757,520,663,88,42,35,1,-1,-1,-1
758,520,663,88,42,35,1,-1,-1,-1
759,520,663,88,42,35,1,-1,-1,-1
760,520,663,88,42,35,1,-1,-1,-1
761,520,663,88,42,35,1,-1,-1,-1
762,520,663,88,41,34,1,-1,-1,-1
763,520,663,88,41,34,1,-1,-1,-1
764,520,663,88,41,34,1,-1,-1,-1
765,520,663,88,41,34,1,-1,-1,-1
766,520,663,88,42,34,1,-1,-1,-1
767,520,663,88,42,35,1,-1,-1,-1
768,520,663,88,42,35,1,-1,-1,-1
769,520,663,88,42,35,1,-1,-1,-1
770,520,663,88,42,35,1,-1,-1,-1
771,520,663,88,42,35,1,-1,-1,-1
772,520,663,88,42,35,1,-1,-1,-1
773,520,663,88,42,35,1,-1,-1,-1
774,520,663,88,42,35,1,-1,-1,-1
775,520,663,88,42,35,1,-1,-1,-1
776,520,663,88,42,35,1,-1,-1,-1
777,520,663,88,42,35,1,-1,-1,-1
778,520,663,88,42,35,1,-1,-1,-1
779,520,663,88,42,35,1,-1,-1,-1
780,520,663,88,42,35,1,-1,-1,-1
781,520,663,88,42,35,1,-1,-1,-1
782,520,663,88,42,35,1,-1,-1,-1
783,520,663,88,42,35,1,-1,-1,-1
784,520,663,88,42,35,1,-1,-1,-1
785,520,663,88,42,35,1,-1,-1,-1
786,520,663,88,42,35,1,-1,-1,-1
787,520,663,88,42,35,1,-1,-1,-1
788,520,663,88,42,35,1,-1,-1,-1
789,520,663,88,42,35,1,-1,-1,-1
790,520,663,88,42,35,1,-1,-1,-1
791,520,663,88,42,34,1,-1,-1,-1
792,520,663,88,42,34,1,-1,-1,-1
793,520,664,89,42,34,1,-1,-1,-1
794,520,664,89,42,34,1,-1,-1,-1
795,520,664,89,42,34,1,-1,-1,-1
796,520,664,89,42,34,1,-1,-1,-1
797,520,664,89,42,34,1,-1,-1,-1
798,520,664,89,42,34,1,-1,-1,-1
799,520,663,89,42,34,1,-1,-1,-1
800,520,663,89,42,34,1,-1,-1,-1
801,520,664,89,42,34,1,-1,-1,-1
802,520,664,89,42,34,1,-1,-1,-1
803,520,664,89,42,34,1,-1,-1,-1
804,520,664,89,42,34,1,-1,-1,-1
805,520,663,89,42,34,1,-1,-1,-1
806,520,663,89,42,34,1,-1,-1,-1
807,520,663,89,42,34,1,-1,-1,-1
808,520,663,89,42,34,1,-1,-1,-1
809,520,664,88,42,34,1,-1,-1,-1
810,520,664,88,42,34,1,-1,-1,-1
811,520,664,88,42,34,1,-1,-1,-1
812,520,664,89,42,34,1,-1,-1,-1
813,520,664,89,42,34,1,-1,-1,-1
814,520,664,89,42,34,1,-1,-1,-1
815,520,663,89,42,34,1,-1,-1,-1
816,520,663,89,42,34,1,-1,-1,-1
817,520,663,89,42,34,1,-1,-1,-1
818,520,663,89,42,34,1,-1,-1,-1
819,520,663,89,42,34,1,-1,-1,-1
820,520,663,89,42,34,1,-1,-1,-1
821,520,663,89,42,34,1,-1,-1,-1
822,520,663,89,42,34,1,-1,-1,-1
823,520,663,89,42,34,1,-1,-1,-1
824,520,663,89,42,34,1,-1,-1,-1
825,520,663,88,42,34,1,-1,-1,-1
826,520,663,88,42,34,1,-1,-1,-1
827,520,663,88,42,34,1,-1,-1,-1
828,520,663,89,42,34,1,-1,-1,-1
829,520,663,89,42,34,1,-1,-1,-1
830,520,663,88,42,34,1,-1,-1,-1
831,520,663,88,42,34,1,-1,-1,-1
832,520,663,88,42,34,1,-1,-1,-1
833,520,663,89,42,34,1,-1,-1,-1
834,520,663,89,42,34,1,-1,-1,-1
835,520,663,89,42,34,1,-1,-1,-1
836,520,663,89,42,34,1,-1,-1,-1
837,520,663,89,42,34,1,-1,-1,-1
838,520,663,89,42,34,1,-1,-1,-1
839,520,663,89,42,34,1,-1,-1,-1
840,520,663,89,42,34,1,-1,-1,-1
841,520,663,89,42,34,1,-1,-1,-1
842,520,663,89,42,34,1,-1,-1,-1
843,520,663,89,42,34,1,-1,-1,-1
844,520,663,89,42,34,1,-1,-1,-1
845,520,663,89,42,34,1,-1,-1,-1
846,520,663,89,42,34,1,-1,-1,-1
847,520,663,89,41,34,1,-1,-1,-1
848,520,663,89,41,34,1,-1,-1,-1
849,520,663,89,42,34,1,-1,-1,-1
850,520,663,89,42,34,1,-1,-1,-1
851,520,663,89,42,34,1,-1,-1,-1
852,520,663,89,42,34,1,-1,-1,-1
853,520,663,88,42,35,1,-1,-1,-1
854,520,663,88,42,35,1,-1,-1,-1
855,520,663,88,42,35,1,-1,-1,-1
856,520,663,88,42,35,1,-1,-1,-1
857,520,663,88,42,34,1,-1,-1,-1
858,520,663,88,42,34,1,-1,-1,-1
859,520,663,88,42,35,1,-1,-1,-1
860,520,663,88,42,34,1,-1,-1,-1
861,520,663,88,42,34,1,-1,-1,-1
862,520,663,88,42,34,1,-1,-1,-1
863,520,663,88,42,34,1,-1,-1,-1
864,520,663,88,42,34,1,-1,-1,-1
865,520,663,88,42,35,1,-1,-1,-1
866,520,663,88,42,35,1,-1,-1,-1
867,520,663,88,42,34,1,-1,-1,-1
868,520,663,88,42,34,1,-1,-1,-1
869,520,663,88,42,34,1,-1,-1,-1
870,520,663,88,43,35,1,-1,-1,-1
871,520,663,88,42,34,1,-1,-1,-1
872,520,663,88,42,34,1,-1,-1,-1
873,520,663,88,42,34,1,-1,-1,-1
874,520,663,89,42,34,1,-1,-1,-1
875,520,663,88,42,34,1,-1,-1,-1
876,520,663,88,42,34,1,-1,-1,-1
877,520,663,89,42,34,1,-1,-1,-1
878,520,663,89,42,34,1,-1,-1,-1
879,520,663,89,42,34,1,-1,-1,-1
880,520,663,89,42,34,1,-1,-1,-1
881,520,663,89,42,34,1,-1,-1,-1
882,520,663,89,42,34,1,-1,-1,-1
883,520,663,89,42,34,1,-1,-1,-1
884,520,663,89,42,34,1,-1,-1,-1
885,520,663,89,42,34,1,-1,-1,-1
886,520,664,89,42,34,1,-1,-1,-1
887,520,664,89,42,34,1,-1,-1,-1
888,520,664,89,42,34,1,-1,-1,-1
889,520,663,89,42,34,1,-1,-1,-1
890,520,663,89,42,34,1,-1,-1,-1
891,520,663,89,42,34,1,-1,-1,-1
892,520,663,89,42,34,1,-1,-1,-1
893,520,663,89,42,34,1,-1,-1,-1
894,520,663,89,42,34,1,-1,-1,-1
895,520,663,89,42,34,1,-1,-1,-1
896,520,663,89,42,34,1,-1,-1,-1
897,520,663,89,42,34,1,-1,-1,-1
898,520,663,89,42,34,1,-1,-1,-1
899,520,663,89,42,34,1,-1,-1,-1
900,520,663,89,42,34,1,-1,-1,-1
901,520,663,89,42,34,1,-1,-1,-1
902,520,663,89,42,34,1,-1,-1,-1
903,520,663,89,42,34,1,-1,-1,-1
904,520,663,89,42,34,1,-1,-1,-1
905,520,663,89,42,34,1,-1,-1,-1
906,520,663,89,42,34,1,-1,-1,-1
907,520,663,89,42,34,1,-1,-1,-1
908,520,663,89,42,34,1,-1,-1,-1
909,520,663,89,42,34,1,-1,-1,-1
910,520,663,89,42,34,1,-1,-1,-1
911,520,663,89,42,34,1,-1,-1,-1
912,520,663,89,42,34,1,-1,-1,-1
913,520,663,89,41,34,1,-1,-1,-1
914,520,663,89,42,34,1,-1,-1,-1
915,520,663,89,41,34,1,-1,-1,-1
916,520,663,89,42,34,1,-1,-1,-1
917,520,663,89,42,34,1,-1,-1,-1
918,520,663,89,41,34,1,-1,-1,-1
919,520,663,89,41,34,1,-1,-1,-1
920,520,663,89,41,34,1,-1,-1,-1
921,520,664,89,42,34,1,-1,-1,-1
922,520,664,89,42,34,1,-1,-1,-1
923,520,664,89,42,34,1,-1,-1,-1
924,520,664,89,42,34,1,-1,-1,-1
925,520,663,89,42,34,1,-1,-1,-1
926,520,663,89,42,34,1,-1,-1,-1
927,520,663,89,42,34,1,-1,-1,-1
928,520,663,89,42,34,1,-1,-1,-1
929,520,663,88,42,35,1,-1,-1,-1
930,520,663,88,42,35,1,-1,-1,-1
931,520,663,88,42,35,1,-1,-1,-1
932,520,663,88,42,35,1,-1,-1,-1
933,520,663,88,42,35,1,-1,-1,-1
934,520,663,88,42,35,1,-1,-1,-1
935,520,663,88,42,35,1,-1,-1,-1
936,520,663,88,42,35,1,-1,-1,-1
937,520,663,89,41,34,1,-1,-1,-1
938,520,663,89,41,34,1,-1,-1,-1
939,520,663,89,41,34,1,-1,-1,-1
940,520,663,89,41,34,1,-1,-1,-1
941,520,663,89,41,34,1,-1,-1,-1
942,520,663,88,41,34,1,-1,-1,-1
943,520,663,89,41,34,1,-1,-1,-1
944,520,663,89,41,34,1,-1,-1,-1
945,520,663,89,42,34,1,-1,-1,-1
946,520,663,89,42,34,1,-1,-1,-1
947,520,663,89,42,34,1,-1,-1,-1
948,520,663,89,42,34,1,-1,-1,-1
949,520,663,89,42,34,1,-1,-1,-1
950,520,663,89,42,34,1,-1,-1,-1
951,520,663,89,42,34,1,-1,-1,-1
952,520,663,89,42,34,1,-1,-1,-1
953,520,663,88,42,34,1,-1,-1,-1
954,520,663,88,42,34,1,-1,-1,-1
955,520,663,88,42,34,1,-1,-1,-1
956,520,663,88,42,34,1,-1,-1,-1
957,520,663,89,42,34,1,-1,-1,-1
958,520,663,89,42,34,1,-1,-1,-1
959,520,663,89,42,34,1,-1,-1,-1
960,520,663,89,42,34,1,-1,-1,-1
961,520,663,89,42,34,1,-1,-1,-1
962,520,663,89,42,34,1,-1,-1,-1
963,520,663,89,42,34,1,-1,-1,-1
964,520,663,89,42,34,1,-1,-1,-1
965,520,663,89,42,34,1,-1,-1,-1
966,520,663,89,42,34,1,-1,-1,-1
967,520,663,89,42,34,1,-1,-1,-1
968,520,663,89,42,34,1,-1,-1,-1
969,520,663,89,42,34,1,-1,-1,-1
970,520,663,89,42,34,1,-1,-1,-1
971,520,663,89,42,34,1,-1,-1,-1
972,520,663,89,42,34,1,-1,-1,-1
973,520,663,89,42,34,1,-1,-1,-1
974,520,663,89,42,34,1,-1,-1,-1
975,520,663,89,42,34,1,-1,-1,-1
976,520,663,89,42,34,1,-1,-1,-1
977,520,663,88,42,35,1,-1,-1,-1
978,520,663,88,42,34,1,-1,-1,-1
979,520,663,89,42,34,1,-1,-1,-1
980,520,663,89,42,34,1,-1,-1,-1
981,520,663,89,42,34,1,-1,-1,-1
982,520,663,89,42,34,1,-1,-1,-1
983,520,663,88,42,35,1,-1,-1,-1
984,520,663,88,42,35,1,-1,-1,-1
985,520,663,89,42,34,1,-1,-1,-1
986,520,663,89,42,34,1,-1,-1,-1
987,520,663,89,42,34,1,-1,-1,-1
988,520,663,89,42,34,1,-1,-1,-1
989,520,663,89,42,34,1,-1,-1,-1
990,520,663,89,42,34,1,-1,-1,-1
991,520,663,89,42,34,1,-1,-1,-1
992,520,663,89,42,34,1,-1,-1,-1
993,520,663,89,42,34,1,-1,-1,-1
994,520,663,89,42,34,1,-1,-1,-1
995,520,663,89,42,34,1,-1,-1,-1
996,520,663,89,42,34,1,-1,-1,-1
997,520,663,89,42,34,1,-1,-1,-1
998,520,663,89,42,34,1,-1,-1,-1
999,520,663,89,42,34,1,-1,-1,-1
1000,520,663,89,42,34,1,-1,-1,-1
1001,520,663,88,42,35,1,-1,-1,-1
1002,520,663,88,42,35,1,-1,-1,-1
1003,520,663,88,42,35,1,-1,-1,-1
1004,520,663,88,42,35,1,-1,-1,-1
1005,520,663,88,42,35,1,-1,-1,-1
1006,520,663,88,42,35,1,-1,-1,-1
1007,520,663,88,42,35,1,-1,-1,-1
1008,520,663,88,42,35,1,-1,-1,-1
1009,520,663,89,42,34,1,-1,-1,-1
1010,520,663,89,42,34,1,-1,-1,-1
1011,520,663,89,42,34,1,-1,-1,-1
1012,520,663,89,42,34,1,-1,-1,-1
1013,520,663,89,42,34,1,-1,-1,-1
1014,520,663,89,42,34,1,-1,-1,-1
1015,520,663,89,42,34,1,-1,-1,-1
1016,520,663,89,42,34,1,-1,-1,-1
1017,520,663,88,42,35,1,-1,-1,-1
1018,520,663,88,42,35,1,-1,-1,-1
1019,520,663,88,42,35,1,-1,-1,-1
1020,520,663,88,43,35,1,-1,-1,-1
1021,520,663,89,42,35,1,-1,-1,-1
1022,520,663,88,42,35,1,-1,-1,-1
1023,520,663,89,42,35,1,-1,-1,-1
1024,520,663,88,42,35,1,-1,-1,-1
1025,520,663,89,42,34,1,-1,-1,-1
1026,520,663,89,42,34,1,-1,-1,-1
1027,520,663,89,42,34,1,-1,-1,-1
1028,520,663,89,42,34,1,-1,-1,-1
1029,520,663,89,42,34,1,-1,-1,-1
1030,520,663,89,42,34,1,-1,-1,-1
1031,520,663,89,42,34,1,-1,-1,-1
1032,520,663,89,42,34,1,-1,-1,-1
1033,520,663,89,42,34,1,-1,-1,-1
1034,520,663,89,42,34,1,-1,-1,-1
1035,520,663,89,42,34,1,-1,-1,-1
1036,520,663,89,42,34,1,-1,-1,-1
1037,520,663,89,42,34,1,-1,-1,-1
1038,520,663,89,42,34,1,-1,-1,-1
1039,520,663,89,42,34,1,-1,-1,-1
1040,520,663,89,42,34,1,-1,-1,-1
1041,520,663,88,42,35,1,-1,-1,-1
1042,520,663,88,42,35,1,-1,-1,-1
1043,520,663,88,42,35,1,-1,-1,-1
1044,520,663,88,42,35,1,-1,-1,-1
1045,520,663,89,42,34,1,-1,-1,-1
1046,520,663,89,42,34,1,-1,-1,-1
1047,520,663,89,42,34,1,-1,-1,-1
1048,520,663,89,42,34,1,-1,-1,-1
1049,520,663,89,42,34,1,-1,-1,-1
1050,520,663,89,42,34,1,-1,-1,-1
1051,520,663,89,42,34,1,-1,-1,-1
1052,520,663,89,42,34,1,-1,-1,-1
1053,520,663,89,42,34,1,-1,-1,-1
1054,520,663,89,42,34,1,-1,-1,-1
1055,520,663,89,42,34,1,-1,-1,-1
1056,520,663,89,42,34,1,-1,-1,-1
1057,520,663,89,41,34,1,-1,-1,-1
1058,520,663,89,42,34,1,-1,-1,-1
1059,520,663,89,42,34,1,-1,-1,-1
1060,520,663,89,41,34,1,-1,-1,-1
1061,520,663,89,41,34,1,-1,-1,-1
1062,520,663,89,41,34,1,-1,-1,-1
1063,520,663,89,41,34,1,-1,-1,-1
1064,520,663,89,41,34,1,-1,-1,-1
1065,520,663,89,42,34,1,-1,-1,-1
1066,520,663,89,42,34,1,-1,-1,-1
1067,520,663,89,42,34,1,-1,-1,-1
1068,520,663,89,42,34,1,-1,-1,-1
1069,520,663,89,41,34,1,-1,-1,-1
1070,520,663,89,41,34,1,-1,-1,-1
1071,520,664,89,41,34,1,-1,-1,-1
1072,520,663,89,41,34,1,-1,-1,-1
1073,520,663,89,42,34,1,-1,-1,-1
1074,520,663,89,42,34,1,-1,-1,-1
1075,520,663,89,42,34,1,-1,-1,-1
1076,520,663,89,42,34,1,-1,-1,-1
1077,520,663,89,42,34,1,-1,-1,-1
1078,520,663,89,42,34,1,-1,-1,-1
1079,520,663,89,42,34,1,-1,-1,-1
1080,520,663,89,42,34,1,-1,-1,-1
1081,520,663,89,41,34,1,-1,-1,-1
1082,520,663,89,41,34,1,-1,-1,-1
1083,520,663,89,41,34,1,-1,-1,-1
1084,520,663,89,41,34,1,-1,-1,-1
1085,520,663,89,41,34,1,-1,-1,-1
1086,520,663,89,42,34,1,-1,-1,-1
1087,520,663,89,42,34,1,-1,-1,-1
1088,520,663,89,42,34,1,-1,-1,-1
1089,520,662,89,43,34,1,-1,-1,-1
1090,520,662,89,43,34,1,-1,-1,-1
1091,520,662,89,43,34,1,-1,-1,-1
1092,520,662,89,43,34,1,-1,-1,-1
1093,520,661,89,44,33,1,-1,-1,-1
1094,520,661,89,45,34,1,-1,-1,-1
1095,520,661,89,44,34,1,-1,-1,-1
1096,520,661,89,44,34,1,-1,-1,-1
1097,520,662,89,43,33,1,-1,-1,-1
1098,520,662,89,42,33,1,-1,-1,-1
1099,520,662,89,42,34,1,-1,-1,-1
1100,520,663,89,42,33,1,-1,-1,-1
1101,520,663,89,42,34,1,-1,-1,-1
1102,520,663,89,42,34,1,-1,-1,-1
1103,520,663,89,42,34,1,-1,-1,-1
1104,520,663,89,41,34,1,-1,-1,-1
1105,520,663,89,42,34,1,-1,-1,-1
1106,520,663,89,42,34,1,-1,-1,-1
1107,520,663,89,42,33,1,-1,-1,-1
1108,520,663,89,42,34,1,-1,-1,-1
1109,520,663,89,42,34,1,-1,-1,-1
1110,520,663,89,42,34,1,-1,-1,-1
1111,520,663,89,42,34,1,-1,-1,-1
1112,520,663,89,42,34,1,-1,-1,-1
1113,520,663,89,42,34,1,-1,-1,-1
1114,520,662,89,43,34,1,-1,-1,-1
1115,520,662,89,43,34,1,-1,-1,-1
1116,520,661,89,44,34,1,-1,-1,-1
1117,520,660,89,45,34,1,-1,-1,-1
1118,520,667,89,38,34,1,-1,-1,-1
1119,520,661,89,44,34,1,-1,-1,-1
1120,520,660,89,45,34,1,-1,-1,-1
1121,520,661,89,45,34,1,-1,-1,-1
1122,520,659,89,46,33,1,-1,-1,-1
1123,520,666,90,39,33,1,-1,-1,-1
1124,520,658,90,47,33,1,-1,-1,-1
1125,520,656,89,48,37,1,-1,-1,-1
1126,520,655,89,49,42,1,-1,-1,-1
1127,520,663,89,42,35,1,-1,-1,-1
1128,520,662,89,42,34,1,-1,-1,-1
1129,520,664,89,41,34,1,-1,-1,-1
1130,520,664,89,42,34,1,-1,-1,-1
1131,520,664,89,41,34,1,-1,-1,-1
1132,520,663,89,42,34,1,-1,-1,-1
1133,520,664,89,41,34,1,-1,-1,-1
1134,520,664,89,41,34,1,-1,-1,-1
1135,520,665,89,40,34,1,-1,-1,-1
1136,520,664,89,40,34,1,-1,-1,-1
1137,520,664,89,41,34,1,-1,-1,-1
1138,520,664,89,41,34,1,-1,-1,-1
1139,520,664,89,41,34,1,-1,-1,-1
1140,520,664,89,41,34,1,-1,-1,-1
1141,520,664,89,41,34,1,-1,-1,-1
1142,520,664,89,41,34,1,-1,-1,-1
1143,520,664,89,41,34,1,-1,-1,-1
1144,520,664,89,41,34,1,-1,-1,-1
1145,520,664,89,41,34,1,-1,-1,-1
1146,520,663,89,41,34,1,-1,-1,-1
1147,520,663,89,42,34,1,-1,-1,-1
1148,520,663,89,42,34,1,-1,-1,-1
1149,520,663,89,42,34,1,-1,-1,-1
1150,520,663,89,42,34,1,-1,-1,-1
1151,520,663,89,42,34,1,-1,-1,-1
1152,520,663,89,42,34,1,-1,-1,-1
1153,520,663,89,41,34,1,-1,-1,-1
1154,520,663,89,41,34,1,-1,-1,-1
1155,520,663,89,41,34,1,-1,-1,-1
1156,520,663,89,41,34,1,-1,-1,-1
1157,520,663,89,41,34,1,-1,-1,-1
1158,520,663,89,41,34,1,-1,-1,-1
1159,520,663,89,41,34,1,-1,-1,-1
1160,520,663,89,41,34,1,-1,-1,-1
1161,520,663,89,42,34,1,-1,-1,-1
1162,520,663,89,42,34,1,-1,-1,-1
1163,520,663,89,42,34,1,-1,-1,-1
1164,520,663,89,42,34,1,-1,-1,-1
1165,520,663,89,42,34,1,-1,-1,-1
1166,520,663,89,42,34,1,-1,-1,-1
1167,520,663,89,42,34,1,-1,-1,-1
1168,520,663,89,42,34,1,-1,-1,-1
1169,520,663,89,42,34,1,-1,-1,-1
1170,520,663,89,42,34,1,-1,-1,-1
1171,520,663,89,42,34,1,-1,-1,-1
1172,520,663,89,42,34,1,-1,-1,-1
1173,520,663,89,42,34,1,-1,-1,-1
1174,520,663,89,42,34,1,-1,-1,-1
1175,520,663,89,42,34,1,-1,-1,-1
1176,520,663,89,42,34,1,-1,-1,-1
1177,520,663,89,41,34,1,-1,-1,-1
1178,520,663,89,41,34,1,-1,-1,-1
1179,520,663,89,41,34,1,-1,-1,-1
1180,520,663,89,41,34,1,-1,-1,-1
1181,520,663,89,41,34,1,-1,-1,-1
1182,520,664,89,41,34,1,-1,-1,-1
1183,520,664,89,41,34,1,-1,-1,-1
1184,520,664,89,41,34,1,-1,-1,-1
1185,520,663,88,42,35,1,-1,-1,-1
1186,520,663,88,42,35,1,-1,-1,-1
1187,520,663,88,42,34,1,-1,-1,-1
1188,520,663,88,41,34,1,-1,-1,-1
1189,520,663,89,42,34,1,-1,-1,-1
1190,520,663,89,42,34,1,-1,-1,-1
1191,520,663,89,42,34,1,-1,-1,-1
1192,520,663,89,42,34,1,-1,-1,-1
1193,520,663,89,42,34,1,-1,-1,-1
1194,520,663,88,41,35,1,-1,-1,-1
1195,520,663,88,41,35,1,-1,-1,-1
1196,520,663,88,41,35,1,-1,-1,-1
1197,520,664,88,41,35,1,-1,-1,-1
1198,520,664,88,41,35,1,-1,-1,-1
1199,520,664,88,41,34,1,-1,-1,-1
1200,520,664,89,41,34,1,-1,-1,-1
1201,520,664,90,41,34,1,-1,-1,-1
1202,520,664,90,42,33,1,-1,-1,-1
1203,520,664,90,42,33,1,-1,-1,-1
1204,520,664,90,42,33,1,-1,-1,-1
1205,520,663,90,42,34,1,-1,-1,-1
1206,520,663,89,42,34,1,-1,-1,-1
1207,520,664,89,42,34,1,-1,-1,-1
1208,520,663,89,42,34,1,-1,-1,-1
1209,520,664,89,42,34,1,-1,-1,-1
1210,520,664,89,41,34,1,-1,-1,-1
1211,520,664,88,41,35,1,-1,-1,-1
1212,520,664,88,42,35,1,-1,-1,-1
1213,520,663,89,42,34,1,-1,-1,-1
1214,520,664,89,42,34,1,-1,-1,-1
1215,520,663,89,42,35,1,-1,-1,-1
1216,520,663,89,42,34,1,-1,-1,-1
1217,520,663,89,41,34,1,-1,-1,-1
1218,520,663,88,41,34,1,-1,-1,-1
1219,520,663,88,41,35,1,-1,-1,-1
1220,520,663,89,41,34,1,-1,-1,-1
1221,520,663,89,41,34,1,-1,-1,-1
1222,520,663,89,41,34,1,-1,-1,-1
1223,520,663,89,41,34,1,-1,-1,-1
1224,520,663,88,41,35,1,-1,-1,-1
1225,520,663,88,42,34,1,-1,-1,-1
1226,520,664,89,42,34,1,-1,-1,-1
1227,520,664,89,42,34,1,-1,-1,-1
1228,520,664,89,42,34,1,-1,-1,-1
1229,520,664,89,42,34,1,-1,-1,-1
1230,520,663,89,42,34,1,-1,-1,-1
1231,520,664,89,42,34,1,-1,-1,-1
1232,520,663,89,42,34,1,-1,-1,-1
1233,520,663,89,41,34,1,-1,-1,-1
1234,520,663,89,41,34,1,-1,-1,-1
1235,520,663,89,41,34,1,-1,-1,-1
1236,520,663,89,41,34,1,-1,-1,-1
1237,520,663,88,42,34,1,-1,-1,-1
1238,520,663,88,42,34,1,-1,-1,-1
1239,520,663,88,42,34,1,-1,-1,-1
1240,520,663,88,42,35,1,-1,-1,-1
1241,520,664,89,41,34,1,-1,-1,-1
1242,520,664,89,42,34,1,-1,-1,-1
1243,520,664,89,42,34,1,-1,-1,-1
1244,520,664,89,42,34,1,-1,-1,-1
1245,520,664,89,41,34,1,-1,-1,-1
1246,520,664,89,41,34,1,-1,-1,-1
1247,520,664,89,41,34,1,-1,-1,-1
1248,520,664,89,41,34,1,-1,-1,-1
1249,520,664,89,41,34,1,-1,-1,-1
1250,520,664,89,41,34,1,-1,-1,-1
1251,520,664,89,41,34,1,-1,-1,-1
1252,520,664,89,41,34,1,-1,-1,-1
1253,520,664,89,41,34,1,-1,-1,-1
1254,520,664,89,41,34,1,-1,-1,-1
1255,520,664,89,41,34,1,-1,-1,-1
1256,520,663,89,42,34,1,-1,-1,-1
1257,520,663,89,42,34,1,-1,-1,-1
1258,520,663,89,42,34,1,-1,-1,-1
1259,520,663,89,42,34,1,-1,-1,-1
1260,520,663,89,42,34,1,-1,-1,-1
1261,520,663,89,42,34,1,-1,-1,-1
1262,520,663,89,42,34,1,-1,-1,-1
1263,520,663,89,42,34,1,-1,-1,-1
1264,520,663,89,42,34,1,-1,-1,-1
1265,520,663,89,41,34,1,-1,-1,-1
1266,520,663,89,41,34,1,-1,-1,-1
1267,520,663,89,41,34,1,-1,-1,-1
1268,520,663,89,41,34,1,-1,-1,-1
1269,520,663,89,41,34,1,-1,-1,-1
1270,520,663,89,41,34,1,-1,-1,-1
1271,520,663,89,42,34,1,-1,-1,-1
1272,520,663,89,41,34,1,-1,-1,-1
1273,520,663,89,41,34,1,-1,-1,-1
1274,520,663,89,42,34,1,-1,-1,-1
1275,520,663,89,42,34,1,-1,-1,-1
1276,520,663,89,42,34,1,-1,-1,-1
1277,520,663,89,42,34,1,-1,-1,-1
1278,520,663,89,41,34,1,-1,-1,-1
1279,520,664,89,41,34,1,-1,-1,-1
1280,520,663,89,42,34,1,-1,-1,-1
1281,520,663,89,41,34,1,-1,-1,-1
1282,520,663,89,41,34,1,-1,-1,-1
1283,520,663,89,41,34,1,-1,-1,-1
1284,520,663,89,42,34,1,-1,-1,-1
1285,520,663,89,42,34,1,-1,-1,-1
1286,520,663,89,42,34,1,-1,-1,-1
1287,520,663,89,42,34,1,-1,-1,-1
1288,520,663,89,42,34,1,-1,-1,-1
1289,520,663,89,42,34,1,-1,-1,-1
1290,520,663,89,42,34,1,-1,-1,-1
1291,520,663,89,42,34,1,-1,-1,-1
1292,520,663,89,42,34,1,-1,-1,-1
1293,520,663,89,42,34,1,-1,-1,-1
1294,520,663,89,42,34,1,-1,-1,-1
1295,520,663,89,42,34,1,-1,-1,-1
1296,520,663,89,42,34,1,-1,-1,-1
1297,520,663,89,42,34,1,-1,-1,-1
1298,520,663,89,42,34,1,-1,-1,-1
1299,520,663,89,42,34,1,-1,-1,-1
1300,520,663,89,42,34,1,-1,-1,-1
1301,520,663,89,42,34,1,-1,-1,-1
1302,520,663,89,42,34,1,-1,-1,-1
1303,520,663,89,42,34,1,-1,-1,-1
1304,520,663,89,42,34,1,-1,-1,-1
1305,520,663,89,42,34,1,-1,-1,-1
1306,520,663,89,42,34,1,-1,-1,-1
1307,520,663,89,42,34,1,-1,-1,-1
1308,520,663,89,42,34,1,-1,-1,-1
1309,520,663,89,42,34,1,-1,-1,-1
1310,520,663,89,42,34,1,-1,-1,-1
1311,520,663,89,42,34,1,-1,-1,-1
1312,520,663,89,42,34,1,-1,-1,-1
1313,520,663,89,42,34,1,-1,-1,-1
1314,520,663,89,42,34,1,-1,-1,-1
1315,520,663,89,42,34,1,-1,-1,-1
1316,520,663,89,42,34,1,-1,-1,-1
1317,520,663,89,42,34,1,-1,-1,-1
1318,520,663,89,42,34,1,-1,-1,-1
1319,520,663,89,42,34,1,-1,-1,-1
1320,520,663,89,42,33,1,-1,-1,-1
1321,520,664,89,42,34,1,-1,-1,-1
1322,520,664,89,42,34,1,-1,-1,-1
1323,520,664,89,42,34,1,-1,-1,-1
1324,520,664,89,42,34,1,-1,-1,-1
1325,520,664,89,42,34,1,-1,-1,-1
1326,520,664,89,41,34,1,-1,-1,-1
1327,520,664,89,42,34,1,-1,-1,-1
1328,520,664,89,42,34,1,-1,-1,-1
1329,520,663,90,42,33,1,-1,-1,-1
1330,520,663,89,42,34,1,-1,-1,-1
1331,520,663,89,42,34,1,-1,-1,-1
1332,520,663,89,42,34,1,-1,-1,-1
1333,520,663,89,42,34,1,-1,-1,-1
1334,520,663,89,42,34,1,-1,-1,-1
1335,520,663,88,42,34,1,-1,-1,-1
1336,520,663,89,42,34,1,-1,-1,-1
1337,520,663,89,42,34,1,-1,-1,-1
1338,520,663,89,42,34,1,-1,-1,-1
1339,520,663,89,42,34,1,-1,-1,-1
1340,520,663,89,42,34,1,-1,-1,-1
1341,520,663,89,42,34,1,-1,-1,-1
1342,520,663,89,42,34,1,-1,-1,-1
1343,520,663,88,42,34,1,-1,-1,-1
1344,520,663,88,42,34,1,-1,-1,-1
1345,520,663,89,42,34,1,-1,-1,-1
1346,520,663,89,42,34,1,-1,-1,-1
1347,520,663,88,42,34,1,-1,-1,-1
1348,520,663,88,42,34,1,-1,-1,-1
1349,520,663,88,42,34,1,-1,-1,-1
1350,520,663,88,42,34,1,-1,-1,-1
1351,520,663,89,42,34,1,-1,-1,-1
1352,520,663,89,42,34,1,-1,-1,-1
1353,520,663,89,42,34,1,-1,-1,-1
1354,520,663,89,42,34,1,-1,-1,-1
1355,520,663,89,42,34,1,-1,-1,-1
1356,520,663,89,42,34,1,-1,-1,-1
1357,520,663,88,41,34,1,-1,-1,-1
1358,520,663,88,41,34,1,-1,-1,-1
1359,520,663,88,41,35,1,-1,-1,-1
1360,520,663,88,41,35,1,-1,-1,-1
1361,520,663,88,41,34,1,-1,-1,-1
1362,520,663,88,41,34,1,-1,-1,-1
1363,520,663,88,41,34,1,-1,-1,-1
1364,520,663,88,41,34,1,-1,-1,-1
1365,520,663,88,41,35,1,-1,-1,-1
1366,520,663,88,41,35,1,-1,-1,-1
1367,520,663,88,41,35,1,-1,-1,-1
1368,520,663,88,41,35,1,-1,-1,-1
1369,520,663,88,42,35,1,-1,-1,-1
1370,520,663,88,42,35,1,-1,-1,-1
1371,520,663,88,42,35,1,-1,-1,-1
1372,520,663,88,42,35,1,-1,-1,-1
1373,520,663,88,42,35,1,-1,-1,-1
1374,520,663,88,42,35,1,-1,-1,-1
1375,520,663,88,42,35,1,-1,-1,-1
1376,520,663,88,42,35,1,-1,-1,-1
1377,520,663,89,42,34,1,-1,-1,-1
1378,520,663,89,42,34,1,-1,-1,-1
1379,520,663,89,42,34,1,-1,-1,-1
1380,520,663,89,42,34,1,-1,-1,-1
1381,520,663,89,42,34,1,-1,-1,-1
1382,520,663,89,42,34,1,-1,-1,-1
1383,520,663,89,42,34,1,-1,-1,-1
1384,520,663,89,42,34,1,-1,-1,-1
1385,520,663,88,42,34,1,-1,-1,-1
1386,520,663,88,42,34,1,-1,-1,-1
1387,520,663,88,42,34,1,-1,-1,-1
1388,520,663,88,42,34,1,-1,-1,-1
1389,520,663,89,42,34,1,-1,-1,-1
1390,520,663,88,42,34,1,-1,-1,-1
1391,520,663,88,42,34,1,-1,-1,-1
1392,520,663,88,42,34,1,-1,-1,-1
1393,520,663,89,42,34,1,-1,-1,-1
1394,520,663,89,42,34,1,-1,-1,-1
1395,520,663,89,42,34,1,-1,-1,-1
1396,520,663,89,43,34,1,-1,-1,-1
1397,520,663,89,42,34,1,-1,-1,-1
1398,520,663,89,42,34,1,-1,-1,-1
1399,520,663,89,42,34,1,-1,-1,-1
1400,520,663,89,42,34,1,-1,-1,-1
1401,520,663,88,42,34,1,-1,-1,-1
1402,520,663,88,42,34,1,-1,-1,-1
1403,520,663,88,42,34,1,-1,-1,-1
1404,520,663,89,43,34,1,-1,-1,-1
1405,520,663,89,42,34,1,-1,-1,-1
1406,520,663,89,42,34,1,-1,-1,-1
1407,520,663,89,42,34,1,-1,-1,-1
1408,520,663,89,42,34,1,-1,-1,-1
1409,520,663,89,42,34,1,-1,-1,-1
1410,520,663,89,42,34,1,-1,-1,-1
1411,520,663,89,42,34,1,-1,-1,-1
1412,520,663,89,42,34,1,-1,-1,-1
1413,520,663,89,42,34,1,-1,-1,-1
1414,520,663,89,42,34,1,-1,-1,-1
1415,520,663,89,42,34,1,-1,-1,-1
1416,520,663,89,42,34,1,-1,-1,-1
1417,520,663,88,42,35,1,-1,-1,-1
1418,520,663,88,42,35,1,-1,-1,-1
1419,520,663,88,42,35,1,-1,-1,-1
1420,520,663,88,42,35,1,-1,-1,-1
1421,520,663,88,42,35,1,-1,-1,-1
1422,520,663,88,42,35,1,-1,-1,-1
1423,520,663,88,42,35,1,-1,-1,-1
1424,520,663,88,42,35,1,-1,-1,-1
1425,520,663,88,43,35,1,-1,-1,-1
1426,520,663,88,43,35,1,-1,-1,-1
1427,520,663,88,43,35,1,-1,-1,-1
1428,520,663,88,43,35,1,-1,-1,-1
1429,520,663,88,43,35,1,-1,-1,-1
1430,520,663,88,43,35,1,-1,-1,-1
1431,520,663,88,43,35,1,-1,-1,-1
1432,520,662,88,43,34,1,-1,-1,-1
1433,520,663,88,43,35,1,-1,-1,-1
1434,520,663,88,43,35,1,-1,-1,-1
1435,520,663,88,43,35,1,-1,-1,-1
1436,520,663,88,43,35,1,-1,-1,-1
1437,520,663,88,43,35,1,-1,-1,-1
1438,520,663,88,43,35,1,-1,-1,-1
1439,520,663,88,43,35,1,-1,-1,-1
1440,520,663,88,42,35,1,-1,-1,-1
1441,520,663,89,43,34,1,-1,-1,-1
1442,520,663,88,42,35,1,-1,-1,-1
1443,520,663,89,43,34,1,-1,-1,-1
1444,520,663,89,43,34,1,-1,-1,-1
1445,520,663,89,43,34,1,-1,-1,-1
1446,520,663,89,43,34,1,-1,-1,-1
1447,520,663,89,43,34,1,-1,-1,-1
1448,520,663,89,43,34,1,-1,-1,-1
1449,520,663,89,43,34,1,-1,-1,-1
1450,520,663,88,43,35,1,-1,-1,-1
1451,520,663,88,43,35,1,-1,-1,-1
1452,520,662,89,43,34,1,-1,-1,-1
1453,520,663,89,43,34,1,-1,-1,-1
1454,520,663,89,43,34,1,-1,-1,-1
1455,520,663,88,43,35,1,-1,-1,-1
1456,520,663,88,43,35,1,-1,-1,-1
1457,520,664,89,43,34,1,-1,-1,-1
1458,520,664,89,42,34,1,-1,-1,-1
1459,520,664,89,42,34,1,-1,-1,-1
1460,520,664,89,42,34,1,-1,-1,-1
1461,520,664,88,42,34,1,-1,-1,-1
1462,520,664,88,42,34,1,-1,-1,-1
1463,520,664,88,42,34,1,-1,-1,-1
1464,520,663,89,43,34,1,-1,-1,-1
1465,520,664,89,43,34,1,-1,-1,-1
1466,520,664,89,43,34,1,-1,-1,-1
1467,520,664,89,42,34,1,-1,-1,-1
1468,520,664,89,43,34,1,-1,-1,-1
1469,520,664,89,43,34,1,-1,-1,-1
1470,520,664,89,43,34,1,-1,-1,-1
1471,520,664,88,43,34,1,-1,-1,-1
1472,520,664,89,43,34,1,-1,-1,-1
1473,520,663,89,42,34,1,-1,-1,-1
1474,520,663,89,42,34,1,-1,-1,-1
1475,520,663,89,42,34,1,-1,-1,-1
1476,520,663,89,42,34,1,-1,-1,-1
1477,520,663,89,42,34,1,-1,-1,-1
1478,520,663,88,42,34,1,-1,-1,-1
1479,520,663,88,42,34,1,-1,-1,-1
1480,520,663,89,42,34,1,-1,-1,-1
1481,520,663,89,42,34,1,-1,-1,-1
1482,520,663,89,42,34,1,-1,-1,-1
1483,520,663,89,42,34,1,-1,-1,-1
1484,520,663,89,42,34,1,-1,-1,-1
1485,520,663,89,42,34,1,-1,-1,-1
1486,520,663,89,42,34,1,-1,-1,-1
1487,520,663,89,42,34,1,-1,-1,-1
1488,520,663,89,42,34,1,-1,-1,-1
1489,520,663,88,42,35,1,-1,-1,-1
1490,520,663,88,42,34,1,-1,-1,-1
1491,520,663,88,42,34,1,-1,-1,-1
1492,520,663,88,42,34,1,-1,-1,-1
1493,520,663,88,42,34,1,-1,-1,-1
1494,520,663,88,42,34,1,-1,-1,-1
1495,520,663,88,42,35,1,-1,-1,-1
1496,520,663,88,42,34,1,-1,-1,-1
1497,520,663,89,42,34,1,-1,-1,-1
1498,520,663,89,42,34,1,-1,-1,-1
1499,520,663,89,42,34,1,-1,-1,-1
1500,520,663,89,42,34,1,-1,-1,-1
1501,520,663,89,43,34,1,-1,-1,-1
1502,520,663,89,43,34,1,-1,-1,-1
1503,520,663,89,43,34,1,-1,-1,-1
1504,520,663,89,43,34,1,-1,-1,-1
1505,520,663,89,43,34,1,-1,-1,-1
1506,520,663,89,43,34,1,-1,-1,-1
1507,520,663,89,43,34,1,-1,-1,-1
1508,520,663,89,43,34,1,-1,-1,-1
1509,520,663,89,43,34,1,-1,-1,-1
1510,520,663,89,43,34,1,-1,-1,-1
1511,520,663,89,43,34,1,-1,-1,-1
1512,520,663,89,43,34,1,-1,-1,-1
1513,520,663,89,42,34,1,-1,-1,-1
1514,520,663,89,42,34,1,-1,-1,-1
1515,520,663,89,42,34,1,-1,-1,-1
1516,520,663,89,42,34,1,-1,-1,-1
1517,520,663,89,42,34,1,-1,-1,-1
1518,520,663,89,42,34,1,-1,-1,-1
1519,520,663,89,42,34,1,-1,-1,-1
1520,520,663,89,42,34,1,-1,-1,-1
1521,520,663,89,42,34,1,-1,-1,-1
1522,520,663,89,42,34,1,-1,-1,-1
1523,520,663,89,42,34,1,-1,-1,-1
1524,520,663,89,42,34,1,-1,-1,-1
1525,520,664,89,42,34,1,-1,-1,-1
1526,520,664,89,42,34,1,-1,-1,-1
1527,520,664,89,42,34,1,-1,-1,-1
1528,520,664,89,42,34,1,-1,-1,-1
1529,520,663,89,42,34,1,-1,-1,-1
1530,520,663,89,42,34,1,-1,-1,-1
1531,520,663,89,42,34,1,-1,-1,-1
1532,520,663,89,42,34,1,-1,-1,-1
1533,520,663,89,42,34,1,-1,-1,-1
1534,520,663,89,41,34,1,-1,-1,-1
1535,520,663,89,41,34,1,-1,-1,-1
1536,520,663,89,41,34,1,-1,-1,-1
1537,520,664,89,42,34,1,-1,-1,-1
1538,520,664,89,42,34,1,-1,-1,-1
1539,520,664,89,42,34,1,-1,-1,-1
1540,520,664,89,42,34,1,-1,-1,-1
1541,520,664,89,42,34,1,-1,-1,-1
1542,520,664,89,42,34,1,-1,-1,-1
1543,520,664,89,42,34,1,-1,-1,-1
1544,520,664,89,42,34,1,-1,-1,-1
1545,520,663,88,42,35,1,-1,-1,-1
1546,520,663,88,42,35,1,-1,-1,-1
1547,520,663,88,42,35,1,-1,-1,-1
1548,520,663,88,42,35,1,-1,-1,-1
1549,520,663,88,42,35,1,-1,-1,-1
1550,520,663,88,42,35,1,-1,-1,-1
1551,520,663,88,42,35,1,-1,-1,-1
1552,520,663,88,42,35,1,-1,-1,-1
1553,520,663,89,42,34,1,-1,-1,-1
1554,520,663,89,42,34,1,-1,-1,-1
1555,520,663,89,42,34,1,-1,-1,-1
1556,520,664,89,42,35,1,-1,-1,-1
1557,520,664,89,42,35,1,-1,-1,-1
1558,520,663,89,42,35,1,-1,-1,-1
1559,520,663,89,42,34,1,-1,-1,-1
1560,520,663,89,42,34,1,-1,-1,-1
1561,520,663,89,41,35,1,-1,-1,-1
1562,520,663,89,41,35,1,-1,-1,-1
1563,520,663,89,41,35,1,-1,-1,-1
1564,520,663,89,41,35,1,-1,-1,-1
1565,520,663,89,41,35,1,-1,-1,-1
1566,520,663,89,41,35,1,-1,-1,-1
1567,520,663,89,41,35,1,-1,-1,-1
1568,520,663,89,41,35,1,-1,-1,-1
1569,520,663,88,42,35,1,-1,-1,-1
1570,520,663,88,42,35,1,-1,-1,-1
1571,520,663,88,42,35,1,-1,-1,-1
1572,520,663,88,42,35,1,-1,-1,-1
1573,520,663,88,42,35,1,-1,-1,-1
1574,520,663,88,42,35,1,-1,-1,-1
1575,520,663,88,42,35,1,-1,-1,-1
1576,520,663,88,42,35,1,-1,-1,-1
1577,520,663,89,42,34,1,-1,-1,-1
1578,520,663,89,42,34,1,-1,-1,-1
1579,520,663,89,42,34,1,-1,-1,-1
1580,520,663,89,42,34,1,-1,-1,-1
1581,520,663,89,42,34,1,-1,-1,-1
1582,520,663,89,42,34,1,-1,-1,-1
1583,520,663,89,42,34,1,-1,-1,-1
1584,520,663,89,42,34,1,-1,-1,-1
1585,520,663,89,42,34,1,-1,-1,-1
1586,520,663,89,42,34,1,-1,-1,-1
1587,520,663,89,42,34,1,-1,-1,-1
1588,520,663,89,42,34,1,-1,-1,-1
1589,520,663,89,42,34,1,-1,-1,-1
1590,520,663,89,42,34,1,-1,-1,-1
1591,520,663,89,42,34,1,-1,-1,-1
1592,520,663,89,42,34,1,-1,-1,-1
1593,520,663,88,42,35,1,-1,-1,-1
1594,520,663,88,42,35,1,-1,-1,-1
1595,520,663,88,42,35,1,-1,-1,-1
1596,520,663,88,41,35,1,-1,-1,-1
1597,520,663,88,42,34,1,-1,-1,-1
1598,520,663,88,42,34,1,-1,-1,-1
1599,520,663,89,42,34,1,-1,-1,-1
1600,520,663,89,42,34,1,-1,-1,-1
1601,520,663,88,42,35,1,-1,-1,-1
1602,520,663,88,42,35,1,-1,-1,-1
1603,520,663,88,42,35,1,-1,-1,-1
1604,520,663,88,42,35,1,-1,-1,-1
1605,520,663,88,42,35,1,-1,-1,-1
1606,520,663,88,42,35,1,-1,-1,-1
1607,520,663,89,42,35,1,-1,-1,-1
1608,520,663,88,42,35,1,-1,-1,-1
1609,520,663,89,41,34,1,-1,-1,-1
1610,520,663,89,42,34,1,-1,-1,-1
1611,520,663,89,42,34,1,-1,-1,-1
1612,520,663,89,41,34,1,-1,-1,-1
1613,520,663,89,41,34,1,-1,-1,-1
1614,520,663,89,41,34,1,-1,-1,-1
1615,520,663,89,41,34,1,-1,-1,-1
1616,520,663,89,41,34,1,-1,-1,-1
1617,520,664,88,41,35,1,-1,-1,-1
1618,520,664,88,41,35,1,-1,-1,-1
1619,520,664,89,41,34,1,-1,-1,-1
1620,520,664,88,41,35,1,-1,-1,-1
1621,520,663,88,41,35,1,-1,-1,-1
1622,520,663,88,41,35,1,-1,-1,-1
1623,520,663,88,41,35,1,-1,-1,-1
1624,520,663,88,41,35,1,-1,-1,-1
1625,520,663,88,41,35,1,-1,-1,-1
1626,520,663,88,42,35,1,-1,-1,-1
1627,520,663,89,41,34,1,-1,-1,-1
1628,520,663,89,42,34,1,-1,-1,-1
1629,520,664,89,42,34,1,-1,-1,-1
1630,520,663,89,41,34,1,-1,-1,-1
1631,520,663,89,41,34,1,-1,-1,-1
1632,520,663,89,42,34,1,-1,-1,-1
1633,520,663,89,41,34,1,-1,-1,-1
1634,520,663,89,41,34,1,-1,-1,-1
1635,520,663,89,42,34,1,-1,-1,-1
1636,520,663,89,41,34,1,-1,-1,-1
1637,520,663,89,41,34,1,-1,-1,-1
1638,520,663,89,41,34,1,-1,-1,-1
1639,520,663,89,41,34,1,-1,-1,-1
1640,520,663,89,41,34,1,-1,-1,-1
1641,520,663,89,42,34,1,-1,-1,-1
1642,520,663,89,42,34,1,-1,-1,-1
1643,520,663,89,42,34,1,-1,-1,-1
1644,520,663,89,42,34,1,-1,-1,-1
1645,520,663,89,42,34,1,-1,-1,-1
1646,520,663,89,42,34,1,-1,-1,-1
1647,520,663,89,42,34,1,-1,-1,-1
1648,520,663,89,42,34,1,-1,-1,-1
1649,520,663,89,42,34,1,-1,-1,-1
1650,520,663,89,42,34,1,-1,-1,-1
1651,520,663,89,42,34,1,-1,-1,-1
1652,520,663,89,42,34,1,-1,-1,-1
1653,520,663,89,42,34,1,-1,-1,-1
1654,520,663,89,42,34,1,-1,-1,-1
1655,520,663,89,42,34,1,-1,-1,-1
1656,520,663,89,42,34,1,-1,-1,-1
1657,520,663,89,42,34,1,-1,-1,-1
1658,520,663,89,42,34,1,-1,-1,-1
1659,520,663,89,42,34,1,-1,-1,-1
1660,520,663,89,42,34,1,-1,-1,-1
1661,520,663,89,42,34,1,-1,-1,-1
1662,520,663,89,42,34,1,-1,-1,-1
1663,520,663,89,42,34,1,-1,-1,-1
1664,520,663,89,42,34,1,-1,-1,-1
1665,520,663,89,42,34,1,-1,-1,-1
1666,520,663,89,42,34,1,-1,-1,-1
1667,520,663,89,42,34,1,-1,-1,-1
1668,520,663,89,42,34,1,-1,-1,-1
1669,520,663,89,42,34,1,-1,-1,-1
1670,520,663,89,42,34,1,-1,-1,-1
1671,520,663,89,42,34,1,-1,-1,-1
1672,520,663,89,42,34,1,-1,-1,-1
1673,520,663,89,42,34,1,-1,-1,-1
1674,520,663,89,42,34,1,-1,-1,-1
1675,520,663,89,42,34,1,-1,-1,-1
1676,520,663,89,42,34,1,-1,-1,-1
1677,520,663,89,42,34,1,-1,-1,-1
1678,520,663,89,42,34,1,-1,-1,-1
1679,520,663,89,42,34,1,-1,-1,-1
1680,520,663,89,42,34,1,-1,-1,-1
1681,520,663,89,41,34,1,-1,-1,-1
1682,520,663,89,41,34,1,-1,-1,-1
1683,520,663,89,41,34,1,-1,-1,-1
1684,520,663,89,41,34,1,-1,-1,-1
1685,520,663,89,41,34,1,-1,-1,-1
1686,520,663,89,41,34,1,-1,-1,-1
1687,520,663,89,41,34,1,-1,-1,-1
1688,520,663,89,41,34,1,-1,-1,-1
1689,520,663,89,41,34,1,-1,-1,-1
1690,520,663,89,41,34,1,-1,-1,-1
1691,520,663,89,41,34,1,-1,-1,-1
1692,520,663,89,41,34,1,-1,-1,-1
1693,520,663,89,42,34,1,-1,-1,-1
1694,520,663,89,42,34,1,-1,-1,-1
1695,520,663,89,42,34,1,-1,-1,-1
1696,520,663,89,42,34,1,-1,-1,-1
1697,520,663,89,42,34,1,-1,-1,-1
1698,520,663,89,42,34,1,-1,-1,-1
1699,520,663,89,42,34,1,-1,-1,-1
1700,520,663,89,42,34,1,-1,-1,-1
1701,520,663,89,42,34,1,-1,-1,-1
1702,520,663,89,42,34,1,-1,-1,-1
1703,520,663,89,42,34,1,-1,-1,-1
1704,520,663,89,42,34,1,-1,-1,-1
1705,520,663,89,42,34,1,-1,-1,-1
1706,520,663,89,42,34,1,-1,-1,-1
1707,520,663,89,42,34,1,-1,-1,-1
1708,520,663,89,41,34,1,-1,-1,-1
1709,520,663,89,41,34,1,-1,-1,-1
1710,520,663,89,41,34,1,-1,-1,-1
1711,520,663,89,41,34,1,-1,-1,-1
1712,520,663,89,41,34,1,-1,-1,-1
1713,520,663,89,42,34,1,-1,-1,-1
1714,520,663,89,42,34,1,-1,-1,-1
1715,520,663,89,42,34,1,-1,-1,-1
1716,520,663,89,42,34,1,-1,-1,-1
1717,520,663,89,42,34,1,-1,-1,-1
1718,520,663,89,42,34,1,-1,-1,-1
1719,520,663,89,42,34,1,-1,-1,-1
1720,520,663,89,42,34,1,-1,-1,-1
1721,520,664,89,41,34,1,-1,-1,-1
1722,520,664,89,41,34,1,-1,-1,-1
1723,520,664,89,41,34,1,-1,-1,-1
1724,520,664,89,41,34,1,-1,-1,-1
1725,520,664,89,41,34,1,-1,-1,-1
1726,520,664,89,41,34,1,-1,-1,-1
1727,520,664,89,41,34,1,-1,-1,-1
1728,520,664,89,41,34,1,-1,-1,-1
1729,520,663,89,42,34,1,-1,-1,-1
1730,520,663,89,42,34,1,-1,-1,-1
1731,520,663,89,42,34,1,-1,-1,-1
1732,520,663,89,42,34,1,-1,-1,-1
1733,520,663,89,42,34,1,-1,-1,-1
1734,520,663,89,42,34,1,-1,-1,-1
1735,520,663,89,42,34,1,-1,-1,-1
1736,520,663,89,42,34,1,-1,-1,-1
1737,520,663,89,42,35,1,-1,-1,-1
1738,520,663,89,42,35,1,-1,-1,-1
1739,520,663,89,42,35,1,-1,-1,-1
1740,520,663,89,42,34,1,-1,-1,-1
1741,520,663,88,42,35,1,-1,-1,-1
1742,520,663,88,42,35,1,-1,-1,-1
1743,520,663,89,42,35,1,-1,-1,-1
1744,520,663,88,42,35,1,-1,-1,-1
1745,520,663,88,42,35,1,-1,-1,-1
1746,520,663,88,42,35,1,-1,-1,-1
1747,520,663,88,42,35,1,-1,-1,-1
1748,520,663,88,42,35,1,-1,-1,-1
1749,520,663,88,42,35,1,-1,-1,-1
1750,520,663,88,42,35,1,-1,-1,-1
1751,520,663,88,42,35,1,-1,-1,-1
1752,520,663,88,42,35,1,-1,-1,-1
1753,520,663,89,42,34,1,-1,-1,-1
1754,520,663,89,42,34,1,-1,-1,-1
1755,520,663,89,42,34,1,-1,-1,-1
1756,520,663,89,41,34,1,-1,-1,-1
1757,520,664,89,41,34,1,-1,-1,-1
1758,520,664,89,41,34,1,-1,-1,-1
1759,520,663,89,41,34,1,-1,-1,-1
1760,520,664,89,41,34,1,-1,-1,-1
1761,520,664,89,41,34,1,-1,-1,-1
1762,520,664,89,41,34,1,-1,-1,-1
1763,520,664,89,41,34,1,-1,-1,-1
1764,520,664,89,42,34,1,-1,-1,-1
1765,520,664,89,41,34,1,-1,-1,-1
1766,520,664,89,41,34,1,-1,-1,-1
1767,520,664,89,41,34,1,-1,-1,-1
1768,520,664,89,41,34,1,-1,-1,-1
1769,520,664,89,41,34,1,-1,-1,-1
1770,520,663,89,42,35,1,-1,-1,-1
1771,520,664,89,41,34,1,-1,-1,-1
1772,520,664,89,41,34,1,-1,-1,-1
1773,520,664,89,41,34,1,-1,-1,-1
1774,520,664,89,41,34,1,-1,-1,-1
1775,520,664,89,41,34,1,-1,-1,-1
1776,520,664,89,41,34,1,-1,-1,-1
1777,520,663,88,41,35,1,-1,-1,-1
1778,520,663,88,41,35,1,-1,-1,-1
1779,520,663,88,41,35,1,-1,-1,-1
1780,520,663,89,41,35,1,-1,-1,-1
1781,520,663,88,41,35,1,-1,-1,-1
1782,520,663,89,41,35,1,-1,-1,-1
1783,520,663,88,41,35,1,-1,-1,-1
1784,520,663,88,41,35,1,-1,-1,-1
1785,520,663,89,42,35,1,-1,-1,-1
1786,520,663,89,42,35,1,-1,-1,-1
1787,520,663,89,42,35,1,-1,-1,-1
1788,520,664,88,41,35,1,-1,-1,-1
1789,520,664,89,41,35,1,-1,-1,-1
1790,520,664,89,41,35,1,-1,-1,-1
1791,520,664,89,41,35,1,-1,-1,-1
1792,520,664,89,41,35,1,-1,-1,-1
1793,520,664,89,42,34,1,-1,-1,-1
1794,520,664,89,42,34,1,-1,-1,-1
1795,520,664,89,42,34,1,-1,-1,-1
1796,520,663,89,42,34,1,-1,-1,-1
1797,520,663,89,42,34,1,-1,-1,-1
1798,520,663,89,42,34,1,-1,-1,-1
1799,520,663,89,41,34,1,-1,-1,-1
1800,520,664,89,41,34,1,-1,-1,-1
1801,520,664,89,41,35,1,-1,-1,-1
1802,520,664,89,41,34,1,-1,-1,-1
1803,520,664,89,41,34,1,-1,-1,-1
1804,520,664,89,41,35,1,-1,-1,-1
1805,520,664,89,41,35,1,-1,-1,-1
1806,520,664,89,41,35,1,-1,-1,-1
1807,520,664,89,41,35,1,-1,-1,-1
1808,520,664,89,41,35,1,-1,-1,-1
1809,520,664,89,41,34,1,-1,-1,-1
1810,520,664,89,41,34,1,-1,-1,-1
1811,520,664,89,41,34,1,-1,-1,-1
1812,520,664,89,41,34,1,-1,-1,-1
1813,520,664,89,41,35,1,-1,-1,-1
1814,520,664,89,41,35,1,-1,-1,-1
1815,520,664,89,41,35,1,-1,-1,-1
1816,520,664,89,41,35,1,-1,-1,-1
1817,520,663,89,41,34,1,-1,-1,-1
1818,520,663,89,41,34,1,-1,-1,-1
1819,520,663,89,41,34,1,-1,-1,-1
1820,520,663,89,41,34,1,-1,-1,-1
1821,520,663,89,41,34,1,-1,-1,-1
1822,520,663,89,41,34,1,-1,-1,-1
1823,520,663,89,41,34,1,-1,-1,-1
1824,520,663,89,41,34,1,-1,-1,-1
1825,520,663,89,42,34,1,-1,-1,-1
1826,520,663,89,42,34,1,-1,-1,-1
1827,520,663,89,42,34,1,-1,-1,-1
1828,520,663,89,42,34,1,-1,-1,-1
1829,520,663,89,42,34,1,-1,-1,-1
1830,520,663,89,42,34,1,-1,-1,-1
1831,520,663,89,42,34,1,-1,-1,-1
1832,520,663,89,42,34,1,-1,-1,-1
1833,520,663,88,41,35,1,-1,-1,-1
1834,520,663,88,41,35,1,-1,-1,-1
1835,520,663,88,41,35,1,-1,-1,-1
1836,520,663,88,41,35,1,-1,-1,-1
1837,520,663,88,41,35,1,-1,-1,-1
1838,520,663,88,41,35,1,-1,-1,-1
1839,520,663,88,42,35,1,-1,-1,-1
1840,520,664,88,41,35,1,-1,-1,-1
1841,520,663,88,41,35,1,-1,-1,-1
1842,520,663,88,42,35,1,-1,-1,-1
1843,520,663,88,42,35,1,-1,-1,-1
1844,520,663,88,42,35,1,-1,-1,-1
1845,520,663,88,42,35,1,-1,-1,-1
1846,520,663,88,42,35,1,-1,-1,-1
1847,520,663,88,42,35,1,-1,-1,-1
1848,520,663,88,42,35,1,-1,-1,-1
1849,520,663,88,42,35,1,-1,-1,-1
1850,520,663,88,42,35,1,-1,-1,-1
1851,520,663,88,42,35,1,-1,-1,-1
1852,520,663,88,42,35,1,-1,-1,-1
1853,520,663,88,42,35,1,-1,-1,-1
1854,520,663,88,42,35,1,-1,-1,-1
1855,520,663,89,42,35,1,-1,-1,-1
1856,520,663,88,42,35,1,-1,-1,-1
1857,520,663,89,42,34,1,-1,-1,-1
1858,520,663,89,42,34,1,-1,-1,-1
1859,520,663,89,42,34,1,-1,-1,-1
1860,520,663,89,42,34,1,-1,-1,-1
1861,520,663,89,42,34,1,-1,-1,-1
1862,520,663,89,42,34,1,-1,-1,-1
1863,520,663,89,42,34,1,-1,-1,-1
1864,520,663,89,42,34,1,-1,-1,-1
1865,520,663,89,42,34,1,-1,-1,-1
1866,520,663,89,42,34,1,-1,-1,-1
1867,520,663,89,42,34,1,-1,-1,-1
1868,520,663,89,42,35,1,-1,-1,-1
1869,520,663,89,42,34,1,-1,-1,-1
1870,520,663,89,42,34,1,-1,-1,-1
1871,520,663,89,42,34,1,-1,-1,-1
1872,520,663,89,42,34,1,-1,-1,-1
1873,520,663,88,42,35,1,-1,-1,-1
1874,520,664,88,41,35,1,-1,-1,-1
1875,520,663,88,42,35,1,-1,-1,-1
1876,520,663,88,42,35,1,-1,-1,-1
1877,520,663,88,42,35,1,-1,-1,-1
1878,520,663,88,42,35,1,-1,-1,-1
1879,520,663,88,42,35,1,-1,-1,-1
1880,520,664,88,42,35,1,-1,-1,-1
1881,520,664,89,41,34,1,-1,-1,-1
1882,520,664,89,41,34,1,-1,-1,-1
1883,520,664,89,41,34,1,-1,-1,-1
1884,520,664,89,41,34,1,-1,-1,-1
1885,520,663,89,41,34,1,-1,-1,-1
1886,520,663,89,41,34,1,-1,-1,-1
1887,520,663,89,41,35,1,-1,-1,-1
1888,520,663,89,42,34,1,-1,-1,-1
1889,520,663,89,42,34,1,-1,-1,-1
1890,520,663,89,42,34,1,-1,-1,-1
1891,520,663,89,42,34,1,-1,-1,-1
1892,520,663,89,42,34,1,-1,-1,-1
1893,520,663,89,42,34,1,-1,-1,-1
1894,520,663,89,42,34,1,-1,-1,-1
1895,520,663,89,41,34,1,-1,-1,-1
1896,520,663,89,41,34,1,-1,-1,-1
1897,520,664,89,41,34,1,-1,-1,-1
1898,520,664,89,41,34,1,-1,-1,-1
1899,520,664,89,41,34,1,-1,-1,-1
1900,520,664,89,41,34,1,-1,-1,-1
1901,520,664,89,41,34,1,-1,-1,-1
1902,520,664,89,41,34,1,-1,-1,-1
1903,520,664,89,41,34,1,-1,-1,-1
1904,520,664,89,41,34,1,-1,-1,-1
1905,520,664,89,41,34,1,-1,-1,-1
1906,520,664,89,41,34,1,-1,-1,-1
1907,520,664,89,41,34,1,-1,-1,-1
1908,520,664,89,41,34,1,-1,-1,-1
1909,520,663,89,42,34,1,-1,-1,-1
1910,520,664,89,42,34,1,-1,-1,-1
1911,520,664,89,41,34,1,-1,-1,-1
1912,520,664,89,42,34,1,-1,-1,-1
1913,520,664,89,42,34,1,-1,-1,-1
1914,520,664,89,42,34,1,-1,-1,-1
1915,520,664,89,42,34,1,-1,-1,-1
1916,520,663,89,42,34,1,-1,-1,-1
1917,520,663,89,42,34,1,-1,-1,-1
1918,520,663,89,42,34,1,-1,-1,-1
1919,520,663,89,42,34,1,-1,-1,-1
1920,520,663,89,42,34,1,-1,-1,-1
1921,520,663,89,41,34,1,-1,-1,-1
1922,520,663,89,41,34,1,-1,-1,-1
1923,520,663,89,41,34,1,-1,-1,-1
1924,520,663,89,41,34,1,-1,-1,-1
1925,520,663,89,41,34,1,-1,-1,-1
1926,520,663,89,41,34,1,-1,-1,-1
1927,520,663,89,41,34,1,-1,-1,-1
1928,520,664,89,41,34,1,-1,-1,-1
1,521,670,133,55,51,1,-1,-1,-1
2,521,670,133,56,51,1,-1,-1,-1
3,521,670,133,56,51,1,-1,-1,-1
4,521,671,133,56,51,1,-1,-1,-1
5,521,671,133,56,51,1,-1,-1,-1
6,521,670,133,56,51,1,-1,-1,-1
7,521,670,133,56,51,1,-1,-1,-1
8,521,670,133,56,51,1,-1,-1,-1
9,521,670,133,57,51,1,-1,-1,-1
10,521,670,133,57,51,1,-1,-1,-1
11,521,670,133,57,51,1,-1,-1,-1
12,521,670,133,57,51,1,-1,-1,-1
13,521,670,133,56,51,1,-1,-1,-1
14,521,670,133,56,51,1,-1,-1,-1
15,521,670,133,56,51,1,-1,-1,-1
16,521,670,133,56,51,1,-1,-1,-1
17,521,670,133,56,51,1,-1,-1,-1
18,521,670,133,56,51,1,-1,-1,-1
19,521,670,133,56,51,1,-1,-1,-1
20,521,670,133,57,51,1,-1,-1,-1
21,521,670,133,56,51,1,-1,-1,-1
22,521,670,133,56,51,1,-1,-1,-1
23,521,670,133,56,51,1,-1,-1,-1
24,521,670,133,56,51,1,-1,-1,-1
25,521,670,132,56,51,1,-1,-1,-1
26,521,670,132,56,51,1,-1,-1,-1
27,521,670,132,56,51,1,-1,-1,-1
28,521,670,132,56,51,1,-1,-1,-1
29,521,670,132,56,51,1,-1,-1,-1
30,521,670,132,56,51,1,-1,-1,-1
31,521,670,132,56,51,1,-1,-1,-1
32,521,670,132,56,51,1,-1,-1,-1
33,521,670,133,56,51,1,-1,-1,-1
34,521,670,132,56,51,1,-1,-1,-1
35,521,670,132,56,51,1,-1,-1,-1
36,521,670,132,56,51,1,-1,-1,-1
37,521,670,133,56,51,1,-1,-1,-1
38,521,670,133,56,51,1,-1,-1,-1
39,521,670,133,56,51,1,-1,-1,-1
40,521,670,133,56,51,1,-1,-1,-1
41,521,670,133,57,51,1,-1,-1,-1
42,521,670,133,57,51,1,-1,-1,-1
43,521,670,133,57,51,1,-1,-1,-1
44,521,670,133,57,51,1,-1,-1,-1
45,521,670,133,56,51,1,-1,-1,-1
46,521,670,133,57,51,1,-1,-1,-1
47,521,670,133,57,51,1,-1,-1,-1
48,521,670,133,57,51,1,-1,-1,-1
49,521,671,132,56,51,1,-1,-1,-1
50,521,671,132,56,51,1,-1,-1,-1
51,521,671,132,56,51,1,-1,-1,-1
52,521,671,132,56,51,1,-1,-1,-1
53,521,671,132,56,51,1,-1,-1,-1
54,521,671,133,56,51,1,-1,-1,-1
55,521,671,133,56,51,1,-1,-1,-1
56,521,671,133,56,51,1,-1,-1,-1
57,521,670,132,56,51,1,-1,-1,-1
58,521,670,132,56,51,1,-1,-1,-1
59,521,670,132,56,51,1,-1,-1,-1
60,521,670,132,56,51,1,-1,-1,-1
61,521,670,132,56,51,1,-1,-1,-1
62,521,670,132,56,51,1,-1,-1,-1
63,521,670,132,56,51,1,-1,-1,-1
64,521,670,132,56,51,1,-1,-1,-1
65,521,670,132,56,51,1,-1,-1,-1
66,521,670,132,56,51,1,-1,-1,-1
67,521,670,132,56,51,1,-1,-1,-1
68,521,670,132,56,51,1,-1,-1,-1
69,521,670,132,56,51,1,-1,-1,-1
70,521,670,132,56,51,1,-1,-1,-1
71,521,670,132,56,51,1,-1,-1,-1
72,521,670,132,56,51,1,-1,-1,-1
73,521,671,133,56,51,1,-1,-1,-1
74,521,671,133,56,51,1,-1,-1,-1
75,521,671,133,56,51,1,-1,-1,-1
76,521,671,133,56,51,1,-1,-1,-1
77,521,670,133,56,51,1,-1,-1,-1
78,521,670,133,56,51,1,-1,-1,-1
79,521,670,133,56,51,1,-1,-1,-1
80,521,671,133,56,51,1,-1,-1,-1
81,521,670,133,56,51,1,-1,-1,-1
82,521,671,133,56,51,1,-1,-1,-1
83,521,671,133,56,51,1,-1,-1,-1
84,521,671,133,56,51,1,-1,-1,-1
85,521,671,132,55,51,1,-1,-1,-1
86,521,671,132,55,51,1,-1,-1,-1
87,521,671,132,55,51,1,-1,-1,-1
88,521,671,132,56,51,1,-1,-1,-1
89,521,671,133,56,51,1,-1,-1,-1
90,521,671,133,56,51,1,-1,-1,-1
91,521,671,133,56,51,1,-1,-1,-1
92,521,671,133,56,51,1,-1,-1,-1
93,521,671,133,56,51,1,-1,-1,-1
94,521,671,133,56,51,1,-1,-1,-1
95,521,671,133,56,51,1,-1,-1,-1
96,521,671,133,56,51,1,-1,-1,-1
97,521,670,133,57,51,1,-1,-1,-1
98,521,670,133,57,51,1,-1,-1,-1
99,521,670,133,57,51,1,-1,-1,-1
100,521,670,133,57,51,1,-1,-1,-1
101,521,670,133,57,51,1,-1,-1,-1
102,521,670,133,57,51,1,-1,-1,-1
103,521,670,133,57,51,1,-1,-1,-1
104,521,670,133,57,51,1,-1,-1,-1
105,521,671,133,56,51,1,-1,-1,-1
106,521,671,133,56,51,1,-1,-1,-1
107,521,671,133,56,51,1,-1,-1,-1
108,521,671,133,56,51,1,-1,-1,-1
109,521,670,133,57,51,1,-1,-1,-1
110,521,670,133,57,51,1,-1,-1,-1
111,521,670,133,57,51,1,-1,-1,-1
112,521,670,133,57,51,1,-1,-1,-1
113,521,670,133,56,51,1,-1,-1,-1
114,521,670,133,56,51,1,-1,-1,-1
115,521,670,133,56,51,1,-1,-1,-1
116,521,670,133,57,51,1,-1,-1,-1
117,521,670,133,56,51,1,-1,-1,-1
118,521,670,133,56,51,1,-1,-1,-1
119,521,670,133,56,51,1,-1,-1,-1
120,521,670,133,56,51,1,-1,-1,-1
121,521,670,132,57,51,1,-1,-1,-1
122,521,670,132,57,51,1,-1,-1,-1
123,521,670,132,57,51,1,-1,-1,-1
124,521,670,132,57,51,1,-1,-1,-1
125,521,670,132,57,51,1,-1,-1,-1
126,521,670,132,57,51,1,-1,-1,-1
127,521,670,133,57,51,1,-1,-1,-1
128,521,670,133,57,51,1,-1,-1,-1
129,521,670,133,56,51,1,-1,-1,-1
130,521,670,133,56,51,1,-1,-1,-1
131,521,670,133,56,51,1,-1,-1,-1
132,521,670,133,56,51,1,-1,-1,-1
133,521,671,133,56,51,1,-1,-1,-1
134,521,671,133,55,51,1,-1,-1,-1
135,521,671,133,56,51,1,-1,-1,-1
136,521,671,133,56,51,1,-1,-1,-1
137,521,671,133,56,51,1,-1,-1,-1
138,521,671,133,56,51,1,-1,-1,-1
139,521,671,133,56,51,1,-1,-1,-1
140,521,671,133,56,51,1,-1,-1,-1
141,521,671,133,56,51,1,-1,-1,-1
142,521,671,133,56,51,1,-1,-1,-1
143,521,671,133,56,51,1,-1,-1,-1
144,521,671,133,56,51,1,-1,-1,-1
145,521,671,132,56,51,1,-1,-1,-1
146,521,671,132,56,51,1,-1,-1,-1
147,521,670,132,56,51,1,-1,-1,-1
148,521,670,132,56,51,1,-1,-1,-1
149,521,670,132,56,51,1,-1,-1,-1
150,521,670,132,56,51,1,-1,-1,-1
151,521,671,132,56,51,1,-1,-1,-1
152,521,671,132,56,51,1,-1,-1,-1
153,521,671,132,56,51,1,-1,-1,-1
154,521,671,132,56,51,1,-1,-1,-1
155,521,671,133,55,51,1,-1,-1,-1
156,521,671,133,56,51,1,-1,-1,-1
157,521,671,133,56,51,1,-1,-1,-1
158,521,671,133,56,51,1,-1,-1,-1
159,521,671,133,56,51,1,-1,-1,-1
160,521,671,133,56,51,1,-1,-1,-1
161,521,671,132,56,51,1,-1,-1,-1
162,521,672,132,56,51,1,-1,-1,-1
163,521,672,132,56,51,1,-1,-1,-1
164,521,672,132,56,51,1,-1,-1,-1
165,521,671,132,56,51,1,-1,-1,-1
166,521,671,132,56,51,1,-1,-1,-1
167,521,671,132,56,51,1,-1,-1,-1
168,521,671,132,56,51,1,-1,-1,-1
169,521,670,133,57,51,1,-1,-1,-1
170,521,670,133,57,51,1,-1,-1,-1
171,521,670,133,57,51,1,-1,-1,-1
172,521,670,133,57,51,1,-1,-1,-1
173,521,669,133,57,51,1,-1,-1,-1
174,521,670,133,57,51,1,-1,-1,-1
175,521,670,133,57,51,1,-1,-1,-1
176,521,670,133,57,51,1,-1,-1,-1
177,521,670,133,57,51,1,-1,-1,-1
178,521,670,133,57,51,1,-1,-1,-1
179,521,670,133,57,51,1,-1,-1,-1
180,521,670,133,57,51,1,-1,-1,-1
181,521,670,132,56,51,1,-1,-1,-1
182,521,671,132,56,51,1,-1,-1,-1
183,521,671,132,56,51,1,-1,-1,-1
184,521,671,132,56,51,1,-1,-1,-1
185,521,670,132,57,51,1,-1,-1,-1
186,521,671,132,56,51,1,-1,-1,-1
187,521,670,132,57,51,1,-1,-1,-1
188,521,670,132,56,51,1,-1,-1,-1
189,521,670,132,57,51,1,-1,-1,-1
190,521,670,132,57,51,1,-1,-1,-1
191,521,670,132,56,51,1,-1,-1,-1
192,521,670,132,57,51,1,-1,-1,-1
193,521,671,133,56,51,1,-1,-1,-1
194,521,671,133,56,51,1,-1,-1,-1
195,521,671,133,56,51,1,-1,-1,-1
196,521,671,133,56,51,1,-1,-1,-1
197,521,671,133,56,51,1,-1,-1,-1
198,521,671,133,56,51,1,-1,-1,-1
199,521,671,133,56,51,1,-1,-1,-1
200,521,671,133,56,51,1,-1,-1,-1
201,521,670,133,57,51,1,-1,-1,-1
202,521,671,133,56,51,1,-1,-1,-1
203,521,671,133,56,51,1,-1,-1,-1
204,521,671,133,56,51,1,-1,-1,-1
205,521,671,133,56,51,1,-1,-1,-1
206,521,671,133,56,51,1,-1,-1,-1
207,521,671,133,56,51,1,-1,-1,-1
208,521,671,133,56,51,1,-1,-1,-1
209,521,670,133,57,51,1,-1,-1,-1
210,521,670,133,56,51,1,-1,-1,-1
211,521,670,133,56,51,1,-1,-1,-1
212,521,670,133,56,51,1,-1,-1,-1
213,521,671,133,56,51,1,-1,-1,-1
214,521,670,133,56,51,1,-1,-1,-1
215,521,670,133,56,51,1,-1,-1,-1
216,521,670,133,56,51,1,-1,-1,-1
217,521,670,132,57,51,1,-1,-1,-1
218,521,670,132,57,51,1,-1,-1,-1
219,521,670,132,57,51,1,-1,-1,-1
220,521,670,133,57,51,1,-1,-1,-1
221,521,670,133,57,51,1,-1,-1,-1
222,521,670,133,57,51,1,-1,-1,-1
223,521,670,132,57,51,1,-1,-1,-1
224,521,670,132,57,51,1,-1,-1,-1
225,521,670,133,57,51,1,-1,-1,-1
226,521,670,133,57,51,1,-1,-1,-1
227,521,670,133,57,51,1,-1,-1,-1
228,521,670,133,57,51,1,-1,-1,-1
229,521,670,133,57,51,1,-1,-1,-1
230,521,670,133,57,51,1,-1,-1,-1
231,521,670,133,57,51,1,-1,-1,-1
232,521,670,133,57,51,1,-1,-1,-1
233,521,670,133,56,51,1,-1,-1,-1
234,521,671,133,56,51,1,-1,-1,-1
235,521,671,133,56,51,1,-1,-1,-1
236,521,671,133,56,51,1,-1,-1,-1
237,521,671,133,56,51,1,-1,-1,-1
238,521,671,133,56,51,1,-1,-1,-1
239,521,671,133,56,51,1,-1,-1,-1
240,521,671,133,56,51,1,-1,-1,-1
241,521,671,133,56,51,1,-1,-1,-1
242,521,671,133,56,51,1,-1,-1,-1
243,521,671,133,56,51,1,-1,-1,-1
244,521,671,133,56,51,1,-1,-1,-1
245,521,671,133,56,51,1,-1,-1,-1
246,521,671,133,56,51,1,-1,-1,-1
247,521,671,133,56,51,1,-1,-1,-1
248,521,671,133,56,51,1,-1,-1,-1
249,521,671,133,56,51,1,-1,-1,-1
250,521,671,133,56,51,1,-1,-1,-1
251,521,670,133,57,51,1,-1,-1,-1
252,521,670,133,57,51,1,-1,-1,-1
253,521,671,133,57,51,1,-1,-1,-1
254,521,671,133,57,51,1,-1,-1,-1
255,521,671,133,57,51,1,-1,-1,-1
256,521,671,133,57,51,1,-1,-1,-1
257,521,671,132,56,51,1,-1,-1,-1
258,521,671,132,56,51,1,-1,-1,-1
259,521,671,132,56,51,1,-1,-1,-1
260,521,671,132,56,51,1,-1,-1,-1
261,521,671,132,56,51,1,-1,-1,-1
262,521,671,132,56,51,1,-1,-1,-1
263,521,670,132,56,51,1,-1,-1,-1
264,521,670,132,56,51,1,-1,-1,-1
265,521,671,132,56,51,1,-1,-1,-1
266,521,671,132,56,51,1,-1,-1,-1
267,521,671,132,56,51,1,-1,-1,-1
268,521,671,132,56,51,1,-1,-1,-1
269,521,671,132,56,51,1,-1,-1,-1
270,521,671,132,56,51,1,-1,-1,-1
271,521,671,132,56,51,1,-1,-1,-1
272,521,671,132,56,51,1,-1,-1,-1
273,521,671,133,56,51,1,-1,-1,-1
274,521,671,133,56,51,1,-1,-1,-1
275,521,671,133,56,51,1,-1,-1,-1
276,521,671,133,56,51,1,-1,-1,-1
277,521,671,133,56,51,1,-1,-1,-1
278,521,671,133,56,51,1,-1,-1,-1
279,521,671,133,56,51,1,-1,-1,-1
280,521,671,133,56,51,1,-1,-1,-1
281,521,670,132,56,51,1,-1,-1,-1
282,521,670,132,56,51,1,-1,-1,-1
283,521,670,132,56,51,1,-1,-1,-1
284,521,670,132,56,51,1,-1,-1,-1
285,521,670,132,56,51,1,-1,-1,-1
286,521,671,132,56,51,1,-1,-1,-1
287,521,670,132,56,51,1,-1,-1,-1
288,521,670,132,56,51,1,-1,-1,-1
289,521,671,132,55,51,1,-1,-1,-1
290,521,671,132,55,51,1,-1,-1,-1
291,521,671,132,55,51,1,-1,-1,-1
292,521,671,132,55,51,1,-1,-1,-1
293,521,671,132,55,51,1,-1,-1,-1
294,521,671,132,55,51,1,-1,-1,-1
295,521,671,132,55,51,1,-1,-1,-1
296,521,671,132,55,51,1,-1,-1,-1
297,521,670,133,56,51,1,-1,-1,-1
298,521,670,132,56,51,1,-1,-1,-1
299,521,670,132,56,51,1,-1,-1,-1
300,521,670,132,56,51,1,-1,-1,-1
301,521,670,132,57,51,1,-1,-1,-1
302,521,670,132,57,51,1,-1,-1,-1
303,521,670,132,57,51,1,-1,-1,-1
304,521,670,132,57,51,1,-1,-1,-1
305,521,670,132,57,51,1,-1,-1,-1
306,521,670,132,57,51,1,-1,-1,-1
307,521,670,132,57,51,1,-1,-1,-1
308,521,670,132,57,51,1,-1,-1,-1
309,521,670,132,57,51,1,-1,-1,-1
310,521,670,133,56,51,1,-1,-1,-1
311,521,670,132,56,51,1,-1,-1,-1
312,521,670,132,56,51,1,-1,-1,-1
313,521,670,132,56,51,1,-1,-1,-1
314,521,670,132,56,51,1,-1,-1,-1
315,521,670,132,56,51,1,-1,-1,-1
316,521,670,132,57,51,1,-1,-1,-1
317,521,670,132,57,51,1,-1,-1,-1
318,521,670,132,57,51,1,-1,-1,-1
319,521,670,132,57,51,1,-1,-1,-1
320,521,670,132,57,51,1,-1,-1,-1
321,521,670,132,56,51,1,-1,-1,-1
322,521,670,132,56,51,1,-1,-1,-1
323,521,670,132,56,51,1,-1,-1,-1
324,521,670,132,56,51,1,-1,-1,-1
325,521,670,132,56,51,1,-1,-1,-1
326,521,670,132,56,51,1,-1,-1,-1
327,521,670,132,56,51,1,-1,-1,-1
328,521,670,132,56,51,1,-1,-1,-1
329,521,670,132,56,51,1,-1,-1,-1
330,521,670,132,56,51,1,-1,-1,-1
331,521,670,132,56,51,1,-1,-1,-1
332,521,670,132,56,51,1,-1,-1,-1
333,521,670,132,56,51,1,-1,-1,-1
334,521,670,132,56,51,1,-1,-1,-1
335,521,670,132,56,51,1,-1,-1,-1
336,521,670,132,57,51,1,-1,-1,-1
337,521,670,132,56,51,1,-1,-1,-1
338,521,670,132,56,51,1,-1,-1,-1
339,521,670,132,56,51,1,-1,-1,-1
340,521,670,132,56,51,1,-1,-1,-1
341,521,670,132,56,51,1,-1,-1,-1
342,521,670,132,56,51,1,-1,-1,-1
343,521,670,132,56,51,1,-1,-1,-1
344,521,670,132,56,51,1,-1,-1,-1
345,521,671,132,56,51,1,-1,-1,-1
346,521,670,132,56,51,1,-1,-1,-1
347,521,671,132,56,51,1,-1,-1,-1
348,521,670,132,56,51,1,-1,-1,-1
349,521,671,132,56,51,1,-1,-1,-1
350,521,671,132,56,51,1,-1,-1,-1
351,521,671,132,56,51,1,-1,-1,-1
352,521,671,132,56,51,1,-1,-1,-1
353,521,670,133,57,51,1,-1,-1,-1
354,521,670,133,57,51,1,-1,-1,-1
355,521,670,133,57,51,1,-1,-1,-1
356,521,669,133,57,51,1,-1,-1,-1
357,521,670,133,57,51,1,-1,-1,-1
358,521,670,133,57,51,1,-1,-1,-1
359,521,670,133,57,51,1,-1,-1,-1
360,521,670,133,57,51,1,-1,-1,-1
361,521,670,132,57,51,1,-1,-1,-1
362,521,670,132,57,51,1,-1,-1,-1
363,521,670,132,57,51,1,-1,-1,-1
364,521,670,132,57,51,1,-1,-1,-1
365,521,670,132,57,51,1,-1,-1,-1
366,521,670,132,57,51,1,-1,-1,-1
367,521,670,132,56,51,1,-1,-1,-1
368,521,670,132,57,51,1,-1,-1,-1
369,521,670,133,57,51,1,-1,-1,-1
370,521,669,133,58,51,1,-1,-1,-1
371,521,670,133,57,51,1,-1,-1,-1
372,521,670,133,57,51,1,-1,-1,-1
373,521,670,133,57,51,1,-1,-1,-1
374,521,670,133,57,51,1,-1,-1,-1
375,521,670,133,57,51,1,-1,-1,-1
376,521,670,133,57,51,1,-1,-1,-1
377,521,670,133,57,51,1,-1,-1,-1
378,521,670,133,57,51,1,-1,-1,-1
379,521,670,133,57,51,1,-1,-1,-1
380,521,669,133,58,51,1,-1,-1,-1
381,521,669,133,57,51,1,-1,-1,-1
382,521,670,133,57,51,1,-1,-1,-1
383,521,670,133,57,51,1,-1,-1,-1
384,521,670,133,57,51,1,-1,-1,-1
385,521,670,132,56,51,1,-1,-1,-1
386,521,670,132,56,51,1,-1,-1,-1
387,521,670,132,56,51,1,-1,-1,-1
388,521,670,132,56,51,1,-1,-1,-1
389,521,670,132,56,51,1,-1,-1,-1
390,521,671,132,56,51,1,-1,-1,-1
391,521,671,132,56,51,1,-1,-1,-1
392,521,670,132,56,51,1,-1,-1,-1
393,521,671,132,56,51,1,-1,-1,-1
394,521,671,132,55,51,1,-1,-1,-1
395,521,671,132,55,51,1,-1,-1,-1
396,521,671,132,55,51,1,-1,-1,-1
397,521,671,132,55,51,1,-1,-1,-1
398,521,671,132,55,51,1,-1,-1,-1
399,521,671,132,55,51,1,-1,-1,-1
400,521,671,132,55,51,1,-1,-1,-1
401,521,671,132,56,51,1,-1,-1,-1
402,521,671,132,56,51,1,-1,-1,-1
403,521,671,132,56,51,1,-1,-1,-1
404,521,671,133,56,51,1,-1,-1,-1
405,521,671,132,56,51,1,-1,-1,-1
406,521,671,132,56,51,1,-1,-1,-1
407,521,671,132,56,51,1,-1,-1,-1
408,521,671,132,56,51,1,-1,-1,-1
409,521,669,132,58,51,1,-1,-1,-1
410,521,669,132,57,51,1,-1,-1,-1
411,521,670,132,57,51,1,-1,-1,-1
412,521,670,132,57,51,1,-1,-1,-1
413,521,670,132,57,51,1,-1,-1,-1
414,521,670,132,57,51,1,-1,-1,-1
415,521,669,132,57,51,1,-1,-1,-1
416,521,670,132,57,51,1,-1,-1,-1
417,521,670,132,57,51,1,-1,-1,-1
418,521,670,132,57,51,1,-1,-1,-1
419,521,670,132,57,51,1,-1,-1,-1
420,521,670,132,57,51,1,-1,-1,-1
421,521,670,132,58,51,1,-1,-1,-1
422,521,670,132,58,51,1,-1,-1,-1
423,521,670,132,58,51,1,-1,-1,-1
424,521,670,132,58,51,1,-1,-1,-1
425,521,671,133,56,51,1,-1,-1,-1
426,521,671,133,56,51,1,-1,-1,-1
427,521,671,133,56,51,1,-1,-1,-1
428,521,671,133,56,51,1,-1,-1,-1
429,521,671,133,56,51,1,-1,-1,-1
430,521,671,133,56,51,1,-1,-1,-1
431,521,671,133,56,51,1,-1,-1,-1
432,521,671,133,56,51,1,-1,-1,-1
433,521,671,132,56,51,1,-1,-1,-1
434,521,671,132,56,51,1,-1,-1,-1
435,521,671,132,56,51,1,-1,-1,-1
436,521,671,133,56,51,1,-1,-1,-1
437,521,671,133,56,51,1,-1,-1,-1
438,521,671,132,56,51,1,-1,-1,-1
439,521,671,132,56,51,1,-1,-1,-1
440,521,671,133,56,51,1,-1,-1,-1
441,521,671,132,56,51,1,-1,-1,-1
442,521,671,132,56,51,1,-1,-1,-1
443,521,671,132,56,51,1,-1,-1,-1
444,521,671,132,56,51,1,-1,-1,-1
445,521,670,132,56,51,1,-1,-1,-1
446,521,670,132,56,51,1,-1,-1,-1
447,521,670,132,56,51,1,-1,-1,-1
448,521,671,132,56,51,1,-1,-1,-1
449,521,670,132,56,51,1,-1,-1,-1
450,521,670,132,56,51,1,-1,-1,-1
451,521,670,132,56,51,1,-1,-1,-1
452,521,670,132,57,51,1,-1,-1,-1
453,521,670,132,57,51,1,-1,-1,-1
454,521,670,132,57,51,1,-1,-1,-1
455,521,670,132,57,51,1,-1,-1,-1
456,521,670,132,57,51,1,-1,-1,-1
457,521,670,132,56,51,1,-1,-1,-1
458,521,670,132,56,51,1,-1,-1,-1
459,521,670,132,56,51,1,-1,-1,-1
460,521,670,132,56,51,1,-1,-1,-1
461,521,670,132,56,51,1,-1,-1,-1
462,521,670,132,56,51,1,-1,-1,-1
463,521,670,132,56,51,1,-1,-1,-1
464,521,670,132,56,51,1,-1,-1,-1
465,521,671,133,56,51,1,-1,-1,-1
466,521,671,133,55,51,1,-1,-1,-1
467,521,671,133,55,51,1,-1,-1,-1
468,521,671,133,55,51,1,-1,-1,-1
469,521,671,132,55,51,1,-1,-1,-1
470,521,671,132,56,51,1,-1,-1,-1
471,521,671,132,56,51,1,-1,-1,-1
472,521,671,132,55,51,1,-1,-1,-1
473,521,671,133,56,51,1,-1,-1,-1
474,521,671,133,56,51,1,-1,-1,-1
475,521,671,133,56,51,1,-1,-1,-1
476,521,671,133,56,51,1,-1,-1,-1
477,521,671,133,56,51,1,-1,-1,-1
478,521,671,133,56,51,1,-1,-1,-1
479,521,671,133,56,51,1,-1,-1,-1
480,521,671,133,56,51,1,-1,-1,-1
481,521,670,132,57,51,1,-1,-1,-1
482,521,670,132,57,51,1,-1,-1,-1
483,521,670,132,57,51,1,-1,-1,-1
484,521,670,132,57,51,1,-1,-1,-1
485,521,670,132,57,51,1,-1,-1,-1
486,521,670,132,57,51,1,-1,-1,-1
487,521,670,132,57,51,1,-1,-1,-1
488,521,670,132,56,51,1,-1,-1,-1
489,521,669,133,57,51,1,-1,-1,-1
490,521,669,133,57,51,1,-1,-1,-1
491,521,669,133,57,51,1,-1,-1,-1
492,521,669,133,57,51,1,-1,-1,-1
493,521,669,132,57,51,1,-1,-1,-1
494,521,669,132,57,51,1,-1,-1,-1
495,521,669,132,57,51,1,-1,-1,-1
496,521,669,132,57,51,1,-1,-1,-1
497,521,669,132,57,51,1,-1,-1,-1
498,521,669,132,57,51,1,-1,-1,-1
499,521,669,132,57,51,1,-1,-1,-1
500,521,669,132,57,51,1,-1,-1,-1
501,521,669,132,58,51,1,-1,-1,-1
502,521,669,132,58,51,1,-1,-1,-1
503,521,669,132,58,51,1,-1,-1,-1
504,521,669,132,58,51,1,-1,-1,-1
505,521,670,132,57,51,1,-1,-1,-1
506,521,670,132,57,51,1,-1,-1,-1
507,521,670,132,57,51,1,-1,-1,-1
508,521,670,132,57,51,1,-1,-1,-1
509,521,670,132,57,51,1,-1,-1,-1
510,521,670,132,57,51,1,-1,-1,-1
511,521,670,132,57,51,1,-1,-1,-1
512,521,670,132,57,51,1,-1,-1,-1
513,521,670,133,57,51,1,-1,-1,-1
514,521,671,133,56,51,1,-1,-1,-1
515,521,671,133,56,51,1,-1,-1,-1
516,521,671,133,56,51,1,-1,-1,-1
517,521,671,133,56,51,1,-1,-1,-1
518,521,671,133,56,51,1,-1,-1,-1
519,521,671,133,56,51,1,-1,-1,-1
520,521,671,133,56,51,1,-1,-1,-1
521,521,671,133,56,51,1,-1,-1,-1
522,521,671,132,56,51,1,-1,-1,-1
523,521,671,132,56,51,1,-1,-1,-1
524,521,670,132,57,51,1,-1,-1,-1
525,521,670,133,57,51,1,-1,-1,-1
526,521,670,133,57,51,1,-1,-1,-1
527,521,671,132,56,51,1,-1,-1,-1
528,521,671,133,56,51,1,-1,-1,-1
529,521,670,133,56,51,1,-1,-1,-1
530,521,670,133,56,51,1,-1,-1,-1
531,521,670,133,56,51,1,-1,-1,-1
532,521,670,133,56,51,1,-1,-1,-1
533,521,670,133,56,51,1,-1,-1,-1
534,521,670,133,56,51,1,-1,-1,-1
535,521,670,133,56,51,1,-1,-1,-1
536,521,670,133,56,51,1,-1,-1,-1
537,521,670,133,57,51,1,-1,-1,-1
538,521,670,133,57,51,1,-1,-1,-1
539,521,670,133,57,51,1,-1,-1,-1
540,521,670,133,57,51,1,-1,-1,-1
541,521,669,133,57,51,1,-1,-1,-1
542,521,669,133,57,51,1,-1,-1,-1
543,521,669,133,57,51,1,-1,-1,-1
544,521,669,133,57,51,1,-1,-1,-1
545,521,670,132,56,51,1,-1,-1,-1
546,521,671,132,56,51,1,-1,-1,-1
547,521,670,132,56,51,1,-1,-1,-1
548,521,670,132,56,51,1,-1,-1,-1
549,521,670,132,56,51,1,-1,-1,-1
550,521,670,132,56,51,1,-1,-1,-1
551,521,670,132,56,51,1,-1,-1,-1
552,521,670,132,57,51,1,-1,-1,-1
553,521,670,133,57,51,1,-1,-1,-1
554,521,670,133,57,51,1,-1,-1,-1
555,521,670,133,57,51,1,-1,-1,-1
556,521,670,133,57,51,1,-1,-1,-1
557,521,670,133,57,51,1,-1,-1,-1
558,521,670,132,57,51,1,-1,-1,-1
559,521,670,133,57,51,1,-1,-1,-1
560,521,670,132,57,51,1,-1,-1,-1
561,521,671,133,56,51,1,-1,-1,-1
562,521,671,133,56,51,1,-1,-1,-1
563,521,671,133,56,51,1,-1,-1,-1
564,521,671,133,56,51,1,-1,-1,-1
565,521,670,132,56,51,1,-1,-1,-1
566,521,670,133,56,51,1,-1,-1,-1
567,521,670,133,56,51,1,-1,-1,-1
568,521,671,133,56,51,1,-1,-1,-1
569,521,671,132,56,51,1,-1,-1,-1
570,521,671,132,56,51,1,-1,-1,-1
571,521,671,132,56,51,1,-1,-1,-1
572,521,671,132,56,51,1,-1,-1,-1
573,521,671,132,56,51,1,-1,-1,-1
574,521,671,132,56,51,1,-1,-1,-1
575,521,671,132,56,51,1,-1,-1,-1
576,521,671,132,56,51,1,-1,-1,-1
577,521,671,133,56,51,1,-1,-1,-1
578,521,671,133,56,51,1,-1,-1,-1
579,521,671,133,56,51,1,-1,-1,-1
580,521,671,133,56,51,1,-1,-1,-1
581,521,671,133,56,51,1,-1,-1,-1
582,521,671,133,56,51,1,-1,-1,-1
583,521,671,133,56,51,1,-1,-1,-1
584,521,671,133,56,51,1,-1,-1,-1
585,521,671,132,56,51,1,-1,-1,-1
586,521,671,132,56,51,1,-1,-1,-1
587,521,671,133,56,51,1,-1,-1,-1
588,521,671,133,56,51,1,-1,-1,-1
589,521,670,132,57,51,1,-1,-1,-1
590,521,670,132,57,51,1,-1,-1,-1
591,521,670,132,57,51,1,-1,-1,-1
592,521,670,132,58,51,1,-1,-1,-1
593,521,670,132,57,51,1,-1,-1,-1
594,521,670,132,57,51,1,-1,-1,-1
595,521,670,132,56,51,1,-1,-1,-1
596,521,670,133,56,51,1,-1,-1,-1
597,521,671,133,56,51,1,-1,-1,-1
598,521,671,133,56,51,1,-1,-1,-1
599,521,671,132,56,51,1,-1,-1,-1
600,521,671,132,56,51,1,-1,-1,-1
601,521,671,133,56,51,1,-1,-1,-1
602,521,671,133,56,51,1,-1,-1,-1
603,521,671,133,56,51,1,-1,-1,-1
604,521,671,133,55,51,1,-1,-1,-1
605,521,671,133,55,51,1,-1,-1,-1
606,521,671,133,55,51,1,-1,-1,-1
607,521,671,133,55,51,1,-1,-1,-1
608,521,671,133,55,51,1,-1,-1,-1
609,521,671,133,56,51,1,-1,-1,-1
610,521,671,133,56,51,1,-1,-1,-1
611,521,671,133,56,51,1,-1,-1,-1
612,521,671,133,56,51,1,-1,-1,-1
613,521,671,132,56,51,1,-1,-1,-1
614,521,670,132,56,51,1,-1,-1,-1
615,521,671,132,56,51,1,-1,-1,-1
616,521,671,132,55,51,1,-1,-1,-1
617,521,670,132,56,51,1,-1,-1,-1
618,521,670,132,56,51,1,-1,-1,-1
619,521,670,132,56,51,1,-1,-1,-1
620,521,670,132,56,51,1,-1,-1,-1
621,521,670,132,56,51,1,-1,-1,-1
622,521,670,132,56,51,1,-1,-1,-1
623,521,670,132,56,51,1,-1,-1,-1
624,521,670,132,56,51,1,-1,-1,-1
625,521,669,132,57,51,1,-1,-1,-1
626,521,669,132,57,51,1,-1,-1,-1
627,521,669,132,57,51,1,-1,-1,-1
628,521,669,132,57,51,1,-1,-1,-1
629,521,669,132,57,51,1,-1,-1,-1
630,521,670,132,57,51,1,-1,-1,-1
631,521,669,132,58,51,1,-1,-1,-1
632,521,670,132,57,51,1,-1,-1,-1
633,521,671,133,56,51,1,-1,-1,-1
634,521,671,133,56,51,1,-1,-1,-1
635,521,671,133,55,51,1,-1,-1,-1
636,521,671,133,56,51,1,-1,-1,-1
637,521,670,133,57,51,1,-1,-1,-1
638,521,670,133,57,51,1,-1,-1,-1
639,521,671,133,57,51,1,-1,-1,-1
640,521,671,133,57,51,1,-1,-1,-1
641,521,670,133,56,51,1,-1,-1,-1
642,521,670,133,56,51,1,-1,-1,-1
643,521,670,133,56,51,1,-1,-1,-1
644,521,670,133,56,51,1,-1,-1,-1
645,521,671,133,56,51,1,-1,-1,-1
646,521,671,133,56,51,1,-1,-1,-1
647,521,671,133,56,51,1,-1,-1,-1
648,521,671,133,56,51,1,-1,-1,-1
649,521,670,133,57,51,1,-1,-1,-1
650,521,670,133,57,51,1,-1,-1,-1
651,521,670,133,57,51,1,-1,-1,-1
652,521,670,133,57,51,1,-1,-1,-1
653,521,670,133,57,51,1,-1,-1,-1
654,521,670,133,57,51,1,-1,-1,-1
655,521,670,133,57,51,1,-1,-1,-1
656,521,670,133,57,51,1,-1,-1,-1
657,521,670,133,56,51,1,-1,-1,-1
658,521,670,133,56,51,1,-1,-1,-1
659,521,670,132,56,51,1,-1,-1,-1
660,521,671,133,56,51,1,-1,-1,-1
661,521,671,133,56,51,1,-1,-1,-1
662,521,671,133,56,51,1,-1,-1,-1
663,521,671,133,56,51,1,-1,-1,-1
664,521,670,133,56,51,1,-1,-1,-1
665,521,669,133,57,51,1,-1,-1,-1
666,521,669,133,58,51,1,-1,-1,-1
667,521,669,133,57,51,1,-1,-1,-1
668,521,669,133,58,51,1,-1,-1,-1
669,521,670,133,57,51,1,-1,-1,-1
670,521,670,133,56,51,1,-1,-1,-1
671,521,670,133,56,51,1,-1,-1,-1
672,521,670,133,56,51,1,-1,-1,-1
673,521,670,132,56,51,1,-1,-1,-1
674,521,670,132,57,51,1,-1,-1,-1
675,521,670,132,57,51,1,-1,-1,-1
676,521,670,132,57,51,1,-1,-1,-1
677,521,670,132,57,51,1,-1,-1,-1
678,521,670,132,57,51,1,-1,-1,-1
679,521,669,132,57,51,1,-1,-1,-1
680,521,669,132,58,51,1,-1,-1,-1
681,521,670,133,56,51,1,-1,-1,-1
682,521,670,132,57,51,1,-1,-1,-1
683,521,670,133,56,51,1,-1,-1,-1
684,521,670,133,56,51,1,-1,-1,-1
685,521,670,133,56,51,1,-1,-1,-1
686,521,670,133,56,51,1,-1,-1,-1
687,521,670,133,56,51,1,-1,-1,-1
688,521,670,133,56,51,1,-1,-1,-1
689,521,671,133,56,51,1,-1,-1,-1
690,521,671,133,56,51,1,-1,-1,-1
691,521,671,133,56,51,1,-1,-1,-1
692,521,671,133,56,51,1,-1,-1,-1
693,521,671,133,56,51,1,-1,-1,-1
694,521,671,133,56,51,1,-1,-1,-1
695,521,671,133,56,51,1,-1,-1,-1
696,521,671,133,56,51,1,-1,-1,-1
697,521,671,133,56,51,1,-1,-1,-1
698,521,671,133,56,51,1,-1,-1,-1
699,521,671,133,56,51,1,-1,-1,-1
700,521,671,133,56,51,1,-1,-1,-1
701,521,671,133,56,51,1,-1,-1,-1
702,521,671,133,56,51,1,-1,-1,-1
703,521,671,133,56,51,1,-1,-1,-1
704,521,671,133,56,51,1,-1,-1,-1
705,521,671,133,56,51,1,-1,-1,-1
706,521,671,133,56,51,1,-1,-1,-1
707,521,671,133,56,51,1,-1,-1,-1
708,521,671,133,56,51,1,-1,-1,-1
709,521,671,132,56,51,1,-1,-1,-1
710,521,671,132,56,51,1,-1,-1,-1
711,521,671,132,56,51,1,-1,-1,-1
712,521,671,132,56,51,1,-1,-1,-1
713,521,670,132,57,51,1,-1,-1,-1
714,521,669,132,57,51,1,-1,-1,-1
715,521,669,132,57,51,1,-1,-1,-1
716,521,669,132,57,51,1,-1,-1,-1
717,521,669,132,57,51,1,-1,-1,-1
718,521,669,132,57,51,1,-1,-1,-1
719,521,669,132,57,51,1,-1,-1,-1
720,521,669,132,57,51,1,-1,-1,-1
721,521,670,132,57,51,1,-1,-1,-1
722,521,670,132,57,51,1,-1,-1,-1
723,521,670,132,57,51,1,-1,-1,-1
724,521,670,132,57,51,1,-1,-1,-1
725,521,670,132,57,51,1,-1,-1,-1
726,521,670,132,57,51,1,-1,-1,-1
727,521,670,132,57,51,1,-1,-1,-1
728,521,670,132,57,51,1,-1,-1,-1
729,521,670,132,57,51,1,-1,-1,-1
730,521,670,132,57,51,1,-1,-1,-1
731,521,670,132,57,51,1,-1,-1,-1
732,521,670,132,57,51,1,-1,-1,-1
733,521,670,132,57,51,1,-1,-1,-1
734,521,670,132,56,51,1,-1,-1,-1
735,521,670,132,57,51,1,-1,-1,-1
736,521,670,132,57,51,1,-1,-1,-1
737,521,671,132,56,51,1,-1,-1,-1
738,521,671,132,56,51,1,-1,-1,-1
739,521,671,132,56,51,1,-1,-1,-1
740,521,671,132,56,51,1,-1,-1,-1
741,521,670,132,56,51,1,-1,-1,-1
742,521,671,132,56,51,1,-1,-1,-1
743,521,670,132,56,51,1,-1,-1,-1
744,521,670,132,56,51,1,-1,-1,-1
745,521,670,133,56,51,1,-1,-1,-1
746,521,671,133,56,51,1,-1,-1,-1
747,521,671,133,56,51,1,-1,-1,-1
748,521,671,133,56,51,1,-1,-1,-1
749,521,671,133,56,51,1,-1,-1,-1
750,521,671,133,56,51,1,-1,-1,-1
751,521,671,133,56,51,1,-1,-1,-1
752,521,671,132,55,51,1,-1,-1,-1
753,521,671,132,56,51,1,-1,-1,-1
754,521,670,132,56,51,1,-1,-1,-1
755,521,671,132,56,51,1,-1,-1,-1
756,521,671,132,56,51,1,-1,-1,-1
757,521,670,132,56,51,1,-1,-1,-1
758,521,670,132,56,51,1,-1,-1,-1
759,521,670,132,56,51,1,-1,-1,-1
760,521,670,132,56,51,1,-1,-1,-1
761,521,670,132,57,51,1,-1,-1,-1
762,521,670,132,57,51,1,-1,-1,-1
763,521,670,132,57,51,1,-1,-1,-1
764,521,670,132,57,51,1,-1,-1,-1
765,521,670,132,57,51,1,-1,-1,-1
766,521,670,132,57,51,1,-1,-1,-1
767,521,670,132,57,51,1,-1,-1,-1
768,521,670,132,57,51,1,-1,-1,-1
769,521,670,133,57,51,1,-1,-1,-1
770,521,670,133,57,51,1,-1,-1,-1
771,521,670,133,57,51,1,-1,-1,-1
772,521,670,133,57,51,1,-1,-1,-1
773,521,670,133,57,51,1,-1,-1,-1
774,521,670,133,56,51,1,-1,-1,-1
775,521,670,133,57,51,1,-1,-1,-1
776,521,670,133,57,51,1,-1,-1,-1
777,521,670,132,57,52,1,-1,-1,-1
778,521,670,132,57,52,1,-1,-1,-1
779,521,670,132,57,52,1,-1,-1,-1
780,521,670,132,57,52,1,-1,-1,-1
781,521,670,132,57,51,1,-1,-1,-1
782,521,670,132,56,51,1,-1,-1,-1
783,521,670,132,57,51,1,-1,-1,-1
784,521,670,132,57,51,1,-1,-1,-1
785,521,669,132,58,51,1,-1,-1,-1
786,521,669,132,58,51,1,-1,-1,-1
787,521,669,133,58,51,1,-1,-1,-1
788,521,669,133,58,51,1,-1,-1,-1
789,521,669,133,58,51,1,-1,-1,-1
790,521,669,133,58,51,1,-1,-1,-1
791,521,669,132,57,51,1,-1,-1,-1
792,521,669,132,58,51,1,-1,-1,-1
793,521,670,133,57,51,1,-1,-1,-1
794,521,670,133,57,51,1,-1,-1,-1
795,521,670,133,57,51,1,-1,-1,-1
796,521,670,133,57,51,1,-1,-1,-1
797,521,670,133,57,51,1,-1,-1,-1
798,521,670,133,57,51,1,-1,-1,-1
799,521,670,133,57,51,1,-1,-1,-1
800,521,670,133,57,51,1,-1,-1,-1
801,521,670,133,57,51,1,-1,-1,-1
802,521,670,133,57,51,1,-1,-1,-1
803,521,670,133,57,51,1,-1,-1,-1
804,521,670,133,57,51,1,-1,-1,-1
805,521,670,133,57,51,1,-1,-1,-1
806,521,670,133,57,51,1,-1,-1,-1
807,521,670,133,57,51,1,-1,-1,-1
808,521,670,133,57,51,1,-1,-1,-1
809,521,670,133,57,51,1,-1,-1,-1
810,521,670,133,57,51,1,-1,-1,-1
811,521,670,133,57,51,1,-1,-1,-1
812,521,670,133,57,51,1,-1,-1,-1
813,521,670,133,57,51,1,-1,-1,-1
814,521,670,133,57,51,1,-1,-1,-1
815,521,670,133,56,51,1,-1,-1,-1
816,521,670,133,57,51,1,-1,-1,-1
817,521,670,133,56,51,1,-1,-1,-1
818,521,670,133,56,51,1,-1,-1,-1
819,521,670,133,56,51,1,-1,-1,-1
820,521,670,133,56,51,1,-1,-1,-1
821,521,670,133,56,51,1,-1,-1,-1
822,521,670,133,56,51,1,-1,-1,-1
823,521,670,133,56,51,1,-1,-1,-1
824,521,670,133,56,51,1,-1,-1,-1
825,521,671,133,56,51,1,-1,-1,-1
826,521,671,133,56,51,1,-1,-1,-1
827,521,671,133,56,51,1,-1,-1,-1
828,521,671,133,56,51,1,-1,-1,-1
829,521,670,133,56,51,1,-1,-1,-1
830,521,670,133,56,51,1,-1,-1,-1
831,521,670,133,56,51,1,-1,-1,-1
832,521,670,133,56,51,1,-1,-1,-1
833,521,671,132,56,51,1,-1,-1,-1
834,521,671,132,56,51,1,-1,-1,-1
835,521,671,133,56,51,1,-1,-1,-1
836,521,671,132,56,51,1,-1,-1,-1
837,521,671,132,55,51,1,-1,-1,-1
838,521,671,133,56,51,1,-1,-1,-1
839,521,671,133,56,51,1,-1,-1,-1
840,521,671,133,56,51,1,-1,-1,-1
841,521,670,133,57,51,1,-1,-1,-1
842,521,670,133,57,51,1,-1,-1,-1
843,521,670,133,57,51,1,-1,-1,-1
844,521,670,133,57,51,1,-1,-1,-1
845,521,670,133,57,51,1,-1,-1,-1
846,521,670,133,57,51,1,-1,-1,-1
847,521,670,133,57,51,1,-1,-1,-1
848,521,670,133,57,51,1,-1,-1,-1
849,521,670,133,57,51,1,-1,-1,-1
850,521,670,133,57,51,1,-1,-1,-1
851,521,670,133,57,51,1,-1,-1,-1
852,521,670,133,57,51,1,-1,-1,-1
853,521,670,132,58,51,1,-1,-1,-1
854,521,670,132,57,51,1,-1,-1,-1
855,521,670,132,57,51,1,-1,-1,-1
856,521,670,132,58,51,1,-1,-1,-1
857,521,671,132,56,51,1,-1,-1,-1
858,521,671,132,56,51,1,-1,-1,-1
859,521,671,132,56,51,1,-1,-1,-1
860,521,671,132,56,51,1,-1,-1,-1
861,521,671,132,56,51,1,-1,-1,-1
862,521,671,132,56,51,1,-1,-1,-1
863,521,671,132,56,51,1,-1,-1,-1
864,521,671,133,56,51,1,-1,-1,-1
865,521,670,132,58,51,1,-1,-1,-1
866,521,670,132,58,51,1,-1,-1,-1
867,521,670,132,58,51,1,-1,-1,-1
868,521,670,132,58,51,1,-1,-1,-1
869,521,670,132,58,51,1,-1,-1,-1
870,521,670,132,58,51,1,-1,-1,-1
871,521,670,132,59,51,1,-1,-1,-1
872,521,670,132,59,51,1,-1,-1,-1
873,521,670,132,57,51,1,-1,-1,-1
874,521,670,133,57,51,1,-1,-1,-1
875,521,670,133,57,51,1,-1,-1,-1
876,521,670,133,57,51,1,-1,-1,-1
877,521,670,133,56,51,1,-1,-1,-1
878,521,670,133,56,51,1,-1,-1,-1
879,521,670,133,56,51,1,-1,-1,-1
880,521,670,133,57,51,1,-1,-1,-1
881,521,670,133,57,51,1,-1,-1,-1
882,521,670,133,57,51,1,-1,-1,-1
883,521,670,133,57,51,1,-1,-1,-1
884,521,670,133,57,51,1,-1,-1,-1
885,521,670,133,57,51,1,-1,-1,-1
886,521,670,133,56,51,1,-1,-1,-1
887,521,670,133,56,51,1,-1,-1,-1
888,521,670,133,56,51,1,-1,-1,-1
889,521,671,133,56,51,1,-1,-1,-1
890,521,671,133,56,51,1,-1,-1,-1
891,521,671,133,56,51,1,-1,-1,-1
892,521,671,133,56,51,1,-1,-1,-1
893,521,671,133,56,51,1,-1,-1,-1
894,521,671,133,55,51,1,-1,-1,-1
895,521,671,133,56,51,1,-1,-1,-1
896,521,671,133,56,51,1,-1,-1,-1
897,521,671,132,56,51,1,-1,-1,-1
898,521,671,132,55,51,1,-1,-1,-1
899,521,671,132,56,51,1,-1,-1,-1
900,521,671,132,55,51,1,-1,-1,-1
901,521,670,132,57,51,1,-1,-1,-1
902,521,670,132,57,51,1,-1,-1,-1
903,521,671,132,56,51,1,-1,-1,-1
904,521,671,133,56,51,1,-1,-1,-1
905,521,671,133,56,51,1,-1,-1,-1
906,521,671,133,56,51,1,-1,-1,-1
907,521,671,133,56,51,1,-1,-1,-1
908,521,671,133,56,51,1,-1,-1,-1
909,521,671,133,56,51,1,-1,-1,-1
910,521,671,133,55,51,1,-1,-1,-1
911,521,671,133,55,51,1,-1,-1,-1
912,521,671,133,55,51,1,-1,-1,-1
913,521,671,133,56,51,1,-1,-1,-1
914,521,671,133,56,51,1,-1,-1,-1
915,521,671,133,56,51,1,-1,-1,-1
916,521,671,133,56,51,1,-1,-1,-1
917,521,671,133,56,51,1,-1,-1,-1
918,521,671,133,55,51,1,-1,-1,-1
919,521,671,133,55,51,1,-1,-1,-1
920,521,671,133,55,51,1,-1,-1,-1
921,521,672,132,55,51,1,-1,-1,-1
922,521,671,132,55,51,1,-1,-1,-1
923,521,671,132,55,51,1,-1,-1,-1
924,521,671,132,55,51,1,-1,-1,-1
925,521,672,132,55,51,1,-1,-1,-1
926,521,672,132,55,51,1,-1,-1,-1
927,521,672,132,55,51,1,-1,-1,-1
928,521,672,132,55,51,1,-1,-1,-1
929,521,671,133,55,51,1,-1,-1,-1
930,521,671,133,55,51,1,-1,-1,-1
931,521,671,133,55,51,1,-1,-1,-1
932,521,671,133,56,51,1,-1,-1,-1
933,521,671,133,56,51,1,-1,-1,-1
934,521,671,133,56,51,1,-1,-1,-1
935,521,671,133,56,51,1,-1,-1,-1
936,521,671,133,56,51,1,-1,-1,-1
937,521,670,132,57,51,1,-1,-1,-1
938,521,671,133,56,51,1,-1,-1,-1
939,521,670,133,56,51,1,-1,-1,-1
940,521,671,133,56,51,1,-1,-1,-1
941,521,670,133,56,51,1,-1,-1,-1
942,521,670,133,56,51,1,-1,-1,-1
943,521,670,133,57,51,1,-1,-1,-1
944,521,669,132,57,51,1,-1,-1,-1
945,521,671,133,56,51,1,-1,-1,-1
946,521,671,133,56,51,1,-1,-1,-1
947,521,671,133,55,51,1,-1,-1,-1
948,521,671,133,55,51,1,-1,-1,-1
949,521,671,132,55,51,1,-1,-1,-1
950,521,671,132,55,51,1,-1,-1,-1
951,521,671,132,55,51,1,-1,-1,-1
952,521,671,132,55,51,1,-1,-1,-1
953,521,671,132,55,51,1,-1,-1,-1
954,521,671,132,55,51,1,-1,-1,-1
955,521,671,132,55,51,1,-1,-1,-1
956,521,671,132,55,51,1,-1,-1,-1
957,521,671,132,55,51,1,-1,-1,-1
958,521,671,132,55,51,1,-1,-1,-1
959,521,671,132,55,51,1,-1,-1,-1
960,521,671,132,55,51,1,-1,-1,-1
961,521,671,132,56,51,1,-1,-1,-1
962,521,671,132,56,51,1,-1,-1,-1
963,521,671,132,55,51,1,-1,-1,-1
964,521,671,132,55,51,1,-1,-1,-1
965,521,671,132,55,51,1,-1,-1,-1
966,521,671,132,55,51,1,-1,-1,-1
967,521,671,132,55,51,1,-1,-1,-1
968,521,671,132,55,51,1,-1,-1,-1
969,521,670,132,56,51,1,-1,-1,-1
970,521,670,132,56,51,1,-1,-1,-1
971,521,670,132,57,51,1,-1,-1,-1
972,521,670,132,57,51,1,-1,-1,-1
973,521,671,133,56,51,1,-1,-1,-1
974,521,670,133,56,51,1,-1,-1,-1
975,521,671,133,56,51,1,-1,-1,-1
976,521,670,133,56,51,1,-1,-1,-1
977,521,670,132,56,51,1,-1,-1,-1
978,521,669,132,57,51,1,-1,-1,-1
979,521,670,132,56,51,1,-1,-1,-1
980,521,669,132,57,51,1,-1,-1,-1
981,521,669,132,57,51,1,-1,-1,-1
982,521,669,132,57,51,1,-1,-1,-1
983,521,669,132,57,51,1,-1,-1,-1
984,521,670,132,56,51,1,-1,-1,-1
985,521,671,132,55,51,1,-1,-1,-1
986,521,670,132,56,51,1,-1,-1,-1
987,521,670,132,56,51,1,-1,-1,-1
988,521,671,132,55,51,1,-1,-1,-1
989,521,670,132,56,51,1,-1,-1,-1
990,521,672,133,54,51,1,-1,-1,-1
991,521,671,132,55,51,1,-1,-1,-1
992,521,671,132,55,51,1,-1,-1,-1
993,521,672,132,54,51,1,-1,-1,-1
994,521,672,132,54,51,1,-1,-1,-1
995,521,672,132,54,51,1,-1,-1,-1
996,521,672,132,54,51,1,-1,-1,-1
997,521,671,132,55,51,1,-1,-1,-1
998,521,671,132,55,51,1,-1,-1,-1
999,521,671,132,55,51,1,-1,-1,-1
1000,521,671,132,55,51,1,-1,-1,-1
1001,521,671,132,55,51,1,-1,-1,-1
1002,521,671,133,55,51,1,-1,-1,-1
1003,521,671,132,54,51,1,-1,-1,-1
1004,521,671,132,55,51,1,-1,-1,-1
1005,521,671,132,55,51,1,-1,-1,-1
1006,521,671,132,55,51,1,-1,-1,-1
1007,521,671,132,55,51,1,-1,-1,-1
1008,521,671,132,55,51,1,-1,-1,-1
1009,521,670,132,57,51,1,-1,-1,-1
1010,521,670,132,57,51,1,-1,-1,-1
1011,521,670,132,57,51,1,-1,-1,-1
1012,521,670,132,57,51,1,-1,-1,-1
1013,521,670,132,57,51,1,-1,-1,-1
1014,521,670,132,57,51,1,-1,-1,-1
1015,521,670,132,57,51,1,-1,-1,-1
1016,521,670,132,57,51,1,-1,-1,-1
1017,521,670,132,56,51,1,-1,-1,-1
1018,521,670,132,56,51,1,-1,-1,-1
1019,521,670,132,56,51,1,-1,-1,-1
1020,521,670,132,56,51,1,-1,-1,-1
1021,521,670,132,56,51,1,-1,-1,-1
1022,521,670,132,57,51,1,-1,-1,-1
1023,521,670,132,57,51,1,-1,-1,-1
1024,521,670,132,56,51,1,-1,-1,-1
1025,521,669,133,57,51,1,-1,-1,-1
1026,521,669,133,57,51,1,-1,-1,-1
1027,521,670,133,57,51,1,-1,-1,-1
1028,521,669,133,57,51,1,-1,-1,-1
1029,521,670,133,57,51,1,-1,-1,-1
1030,521,670,133,57,51,1,-1,-1,-1
1031,521,670,133,57,51,1,-1,-1,-1
1032,521,669,133,57,51,1,-1,-1,-1
1033,521,670,132,57,51,1,-1,-1,-1
1034,521,670,133,57,51,1,-1,-1,-1
1035,521,670,133,57,51,1,-1,-1,-1
1036,521,670,132,57,51,1,-1,-1,-1
1037,521,670,132,57,51,1,-1,-1,-1
1038,521,670,132,57,51,1,-1,-1,-1
1039,521,670,132,56,51,1,-1,-1,-1
1040,521,670,132,56,51,1,-1,-1,-1
1041,521,671,133,56,51,1,-1,-1,-1
1042,521,671,132,56,51,1,-1,-1,-1
1043,521,671,132,55,51,1,-1,-1,-1
1044,521,670,132,56,51,1,-1,-1,-1
1045,521,671,132,56,51,1,-1,-1,-1
1046,521,671,132,56,51,1,-1,-1,-1
1047,521,671,132,56,51,1,-1,-1,-1
1048,521,671,132,56,51,1,-1,-1,-1
1049,521,671,132,56,51,1,-1,-1,-1
1050,521,671,132,56,51,1,-1,-1,-1
1051,521,671,132,56,51,1,-1,-1,-1
1052,521,671,132,55,51,1,-1,-1,-1
1053,521,671,132,56,51,1,-1,-1,-1
1054,521,671,132,55,51,1,-1,-1,-1
1055,521,672,132,55,51,1,-1,-1,-1
1056,521,671,132,55,51,1,-1,-1,-1
1057,521,671,133,55,51,1,-1,-1,-1
1058,521,671,133,55,51,1,-1,-1,-1
1059,521,671,133,55,51,1,-1,-1,-1
1060,521,671,132,55,51,1,-1,-1,-1
1061,521,671,133,55,51,1,-1,-1,-1
1062,521,671,133,55,51,1,-1,-1,-1
1063,521,671,133,55,51,1,-1,-1,-1
1064,521,671,133,55,51,1,-1,-1,-1
1065,521,671,133,55,51,1,-1,-1,-1
1066,521,671,133,55,51,1,-1,-1,-1
1067,521,671,133,55,51,1,-1,-1,-1
1068,521,671,133,55,51,1,-1,-1,-1
1069,521,671,133,56,51,1,-1,-1,-1
1070,521,671,132,56,51,1,-1,-1,-1
1071,521,670,132,56,51,1,-1,-1,-1
1072,521,671,132,56,51,1,-1,-1,-1
1073,521,671,132,55,51,1,-1,-1,-1
1074,521,671,132,56,51,1,-1,-1,-1
1075,521,671,132,55,51,1,-1,-1,-1
1076,521,671,132,55,51,1,-1,-1,-1
1077,521,671,132,55,51,1,-1,-1,-1
1078,521,671,132,55,51,1,-1,-1,-1
1079,521,671,132,55,51,1,-1,-1,-1
1080,521,671,132,55,51,1,-1,-1,-1
1081,521,672,132,55,51,1,-1,-1,-1
1082,521,672,132,55,51,1,-1,-1,-1
1083,521,672,132,55,51,1,-1,-1,-1
1084,521,671,132,55,51,1,-1,-1,-1
1085,521,671,132,56,51,1,-1,-1,-1
1086,521,672,132,55,51,1,-1,-1,-1
1087,521,671,132,55,51,1,-1,-1,-1
1088,521,671,132,56,51,1,-1,-1,-1
1089,521,672,133,55,51,1,-1,-1,-1
1090,521,672,133,55,51,1,-1,-1,-1
1091,521,672,133,55,51,1,-1,-1,-1
1092,521,672,133,55,51,1,-1,-1,-1
1093,521,672,133,55,51,1,-1,-1,-1
1094,521,672,133,55,51,1,-1,-1,-1
1095,521,671,133,55,51,1,-1,-1,-1
1096,521,671,133,55,51,1,-1,-1,-1
1097,521,672,132,55,51,1,-1,-1,-1
1098,521,672,132,55,51,1,-1,-1,-1
1099,521,672,132,55,51,1,-1,-1,-1
1100,521,672,132,55,51,1,-1,-1,-1
1101,521,672,132,55,51,1,-1,-1,-1
1102,521,672,132,55,51,1,-1,-1,-1
1103,521,672,132,55,51,1,-1,-1,-1
1104,521,672,132,55,51,1,-1,-1,-1
1105,521,671,132,56,51,1,-1,-1,-1
1106,521,671,132,56,51,1,-1,-1,-1
1107,521,671,132,56,51,1,-1,-1,-1
1108,521,671,132,56,51,1,-1,-1,-1
1109,521,671,132,56,51,1,-1,-1,-1
1110,521,671,132,56,51,1,-1,-1,-1
1111,521,671,132,56,51,1,-1,-1,-1
1112,521,671,133,56,51,1,-1,-1,-1
1113,521,671,133,56,51,1,-1,-1,-1
1114,521,671,133,56,51,1,-1,-1,-1
1115,521,671,133,56,51,1,-1,-1,-1
1116,521,671,133,56,51,1,-1,-1,-1
1117,521,671,133,56,51,1,-1,-1,-1
1118,521,670,132,57,51,1,-1,-1,-1
1119,521,670,133,56,51,1,-1,-1,-1
1120,521,671,133,56,51,1,-1,-1,-1
1121,521,671,132,56,51,1,-1,-1,-1
1122,521,671,132,56,51,1,-1,-1,-1
1123,521,671,132,56,51,1,-1,-1,-1
1124,521,670,132,57,51,1,-1,-1,-1
1125,521,670,132,57,51,1,-1,-1,-1
1126,521,670,132,57,51,1,-1,-1,-1
1127,521,670,132,57,51,1,-1,-1,-1
1128,521,670,132,57,51,1,-1,-1,-1
1129,521,671,132,56,51,1,-1,-1,-1
1130,521,671,132,56,51,1,-1,-1,-1
1131,521,670,132,57,51,1,-1,-1,-1
1132,521,670,132,56,51,1,-1,-1,-1
1133,521,670,132,56,51,1,-1,-1,-1
1134,521,670,132,56,51,1,-1,-1,-1
1135,521,670,132,57,51,1,-1,-1,-1
1136,521,671,132,56,51,1,-1,-1,-1
1137,521,671,132,55,51,1,-1,-1,-1
1138,521,671,132,55,51,1,-1,-1,-1
1139,521,671,132,55,51,1,-1,-1,-1
1140,521,671,132,55,51,1,-1,-1,-1
1141,521,671,132,56,51,1,-1,-1,-1
1142,521,670,132,56,51,1,-1,-1,-1
1143,521,671,132,56,51,1,-1,-1,-1
1144,521,671,132,56,51,1,-1,-1,-1
1145,521,670,132,57,51,1,-1,-1,-1
1146,521,670,132,57,51,1,-1,-1,-1
1147,521,670,132,57,51,1,-1,-1,-1
1148,521,670,132,57,51,1,-1,-1,-1
1149,521,671,132,56,51,1,-1,-1,-1
1150,521,670,132,57,51,1,-1,-1,-1
1151,521,670,132,57,51,1,-1,-1,-1
1152,521,670,132,57,51,1,-1,-1,-1
1153,521,670,132,56,51,1,-1,-1,-1
1154,521,670,132,56,51,1,-1,-1,-1
1155,521,670,132,56,51,1,-1,-1,-1
1156,521,670,132,56,51,1,-1,-1,-1
1157,521,670,132,56,51,1,-1,-1,-1
1158,521,670,132,56,51,1,-1,-1,-1
1159,521,670,132,56,51,1,-1,-1,-1
1160,521,670,132,56,51,1,-1,-1,-1
1161,521,672,133,55,51,1,-1,-1,-1
1162,521,672,133,55,51,1,-1,-1,-1
1163,521,672,133,55,51,1,-1,-1,-1
1164,521,672,133,55,51,1,-1,-1,-1
1165,521,671,132,56,51,1,-1,-1,-1
1166,521,671,132,55,51,1,-1,-1,-1
1167,521,671,132,55,51,1,-1,-1,-1
1168,521,671,132,55,51,1,-1,-1,-1
1169,521,671,132,55,51,1,-1,-1,-1
1170,521,671,132,55,51,1,-1,-1,-1
1171,521,671,132,55,51,1,-1,-1,-1
1172,521,671,133,55,51,1,-1,-1,-1
1173,521,671,132,55,51,1,-1,-1,-1
1174,521,671,132,55,51,1,-1,-1,-1
1175,521,671,132,55,51,1,-1,-1,-1
1176,521,671,132,55,51,1,-1,-1,-1
1177,521,671,133,56,51,1,-1,-1,-1
1178,521,671,133,56,51,1,-1,-1,-1
1179,521,671,133,56,51,1,-1,-1,-1
1180,521,671,133,56,51,1,-1,-1,-1
1181,521,671,132,56,51,1,-1,-1,-1
1182,521,671,133,55,51,1,-1,-1,-1
1183,521,671,133,55,51,1,-1,-1,-1
1184,521,671,133,55,51,1,-1,-1,-1
1185,521,671,133,56,51,1,-1,-1,-1
1186,521,671,133,56,51,1,-1,-1,-1
1187,521,671,132,56,51,1,-1,-1,-1
1188,521,671,133,55,51,1,-1,-1,-1
1189,521,672,133,55,51,1,-1,-1,-1
1190,521,672,133,55,51,1,-1,-1,-1
1191,521,672,133,55,51,1,-1,-1,-1
1192,521,672,133,55,51,1,-1,-1,-1
1193,521,672,133,55,51,1,-1,-1,-1
1194,521,672,133,55,51,1,-1,-1,-1
1195,521,672,133,55,51,1,-1,-1,-1
1196,521,672,133,55,51,1,-1,-1,-1
1197,521,672,133,55,51,1,-1,-1,-1
1198,521,672,133,55,51,1,-1,-1,-1
1199,521,672,133,55,51,1,-1,-1,-1
1200,521,672,133,55,51,1,-1,-1,-1
1201,521,670,133,57,51,1,-1,-1,-1
1202,521,670,133,58,51,1,-1,-1,-1
1203,521,670,133,57,51,1,-1,-1,-1
1204,521,670,133,57,51,1,-1,-1,-1
1205,521,670,133,57,51,1,-1,-1,-1
1206,521,671,133,57,51,1,-1,-1,-1
1207,521,671,133,57,51,1,-1,-1,-1
1208,521,671,133,57,51,1,-1,-1,-1
1209,521,671,133,56,51,1,-1,-1,-1
1210,521,671,133,56,51,1,-1,-1,-1
1211,521,672,133,56,51,1,-1,-1,-1
1212,521,672,133,56,51,1,-1,-1,-1
1213,521,672,133,55,51,1,-1,-1,-1
1214,521,672,133,55,51,1,-1,-1,-1
1215,521,672,133,55,51,1,-1,-1,-1
1216,521,672,133,55,51,1,-1,-1,-1
1217,521,672,132,55,51,1,-1,-1,-1
1218,521,672,132,55,51,1,-1,-1,-1
1219,521,672,132,55,51,1,-1,-1,-1
1220,521,672,132,55,51,1,-1,-1,-1
1221,521,672,132,55,51,1,-1,-1,-1
1222,521,672,132,55,51,1,-1,-1,-1
1223,521,672,132,55,51,1,-1,-1,-1
1224,521,672,132,55,51,1,-1,-1,-1
1225,521,671,132,55,51,1,-1,-1,-1
1226,521,672,132,55,51,1,-1,-1,-1
1227,521,671,132,55,51,1,-1,-1,-1
1228,521,671,132,55,51,1,-1,-1,-1
1229,521,671,132,55,51,1,-1,-1,-1
1230,521,671,132,55,51,1,-1,-1,-1
1231,521,671,132,55,51,1,-1,-1,-1
1232,521,671,132,55,51,1,-1,-1,-1
1233,521,671,132,56,51,1,-1,-1,-1
1234,521,671,132,56,51,1,-1,-1,-1
1235,521,671,132,56,51,1,-1,-1,-1
1236,521,671,132,56,51,1,-1,-1,-1
1237,521,672,133,55,51,1,-1,-1,-1
1238,521,672,133,55,51,1,-1,-1,-1
1239,521,672,133,56,51,1,-1,-1,-1
1240,521,672,133,56,51,1,-1,-1,-1
1241,521,671,133,55,51,1,-1,-1,-1
1242,521,671,133,55,51,1,-1,-1,-1
1243,521,671,133,55,51,1,-1,-1,-1
1244,521,671,133,55,51,1,-1,-1,-1
1245,521,671,133,55,51,1,-1,-1,-1
1246,521,671,133,55,51,1,-1,-1,-1
1247,521,671,133,55,51,1,-1,-1,-1
1248,521,671,133,55,51,1,-1,-1,-1
1249,521,671,133,55,51,1,-1,-1,-1
1250,521,671,132,55,51,1,-1,-1,-1
1251,521,671,132,55,51,1,-1,-1,-1
1252,521,671,132,55,51,1,-1,-1,-1
1253,521,671,132,55,51,1,-1,-1,-1
1254,521,671,132,55,51,1,-1,-1,-1
1255,521,671,132,55,51,1,-1,-1,-1
1256,521,671,132,55,51,1,-1,-1,-1
1257,521,671,132,55,51,1,-1,-1,-1
1258,521,671,132,55,51,1,-1,-1,-1
1259,521,671,132,55,51,1,-1,-1,-1
1260,521,671,132,55,51,1,-1,-1,-1
1261,521,671,133,55,51,1,-1,-1,-1
1262,521,671,133,55,51,1,-1,-1,-1
1263,521,671,133,55,51,1,-1,-1,-1
1264,521,671,133,55,51,1,-1,-1,-1
1265,521,671,133,55,51,1,-1,-1,-1
1266,521,671,133,55,51,1,-1,-1,-1
1267,521,671,133,55,51,1,-1,-1,-1
1268,521,671,133,55,51,1,-1,-1,-1
1269,521,671,133,55,51,1,-1,-1,-1
1270,521,671,133,55,51,1,-1,-1,-1
1271,521,671,133,56,51,1,-1,-1,-1
1272,521,671,133,56,51,1,-1,-1,-1
1273,521,671,132,56,51,1,-1,-1,-1
1274,521,671,132,56,51,1,-1,-1,-1
1275,521,671,132,56,51,1,-1,-1,-1
1276,521,671,132,56,51,1,-1,-1,-1
1277,521,671,132,56,51,1,-1,-1,-1
1278,521,671,132,56,51,1,-1,-1,-1
1279,521,671,132,56,51,1,-1,-1,-1
1280,521,671,132,56,51,1,-1,-1,-1
1281,521,672,132,55,51,1,-1,-1,-1
1282,521,672,132,55,51,1,-1,-1,-1
1283,521,672,132,55,51,1,-1,-1,-1
1284,521,672,132,55,51,1,-1,-1,-1
1285,521,671,132,55,51,1,-1,-1,-1
1286,521,671,132,56,51,1,-1,-1,-1
1287,521,671,132,55,51,1,-1,-1,-1
1288,521,671,132,55,51,1,-1,-1,-1
1289,521,671,132,56,51,1,-1,-1,-1
1290,521,671,132,56,51,1,-1,-1,-1
1291,521,671,132,56,51,1,-1,-1,-1
1292,521,671,132,56,51,1,-1,-1,-1
1293,521,670,132,57,51,1,-1,-1,-1
1294,521,671,132,56,51,1,-1,-1,-1
1295,521,671,132,56,51,1,-1,-1,-1
1296,521,671,132,56,51,1,-1,-1,-1
1297,521,671,133,55,51,1,-1,-1,-1
1298,521,671,133,55,51,1,-1,-1,-1
1299,521,671,133,55,51,1,-1,-1,-1
1300,521,672,133,55,51,1,-1,-1,-1
1301,521,672,133,55,51,1,-1,-1,-1
1302,521,672,133,55,51,1,-1,-1,-1
1303,521,672,133,55,51,1,-1,-1,-1
1304,521,672,133,55,51,1,-1,-1,-1
1305,521,672,132,55,51,1,-1,-1,-1
1306,521,672,132,55,51,1,-1,-1,-1
1307,521,672,132,55,51,1,-1,-1,-1
1308,521,672,132,55,51,1,-1,-1,-1
1309,521,671,132,56,51,1,-1,-1,-1
1310,521,671,132,56,51,1,-1,-1,-1
1311,521,671,132,56,51,1,-1,-1,-1
1312,521,671,132,56,51,1,-1,-1,-1
1313,521,670,132,56,51,1,-1,-1,-1
1314,521,670,132,56,51,1,-1,-1,-1
1315,521,670,132,56,51,1,-1,-1,-1
1316,521,670,132,57,51,1,-1,-1,-1
1317,521,670,132,57,51,1,-1,-1,-1
1318,521,670,132,57,51,1,-1,-1,-1
1319,521,670,132,57,51,1,-1,-1,-1
1320,521,670,132,57,51,1,-1,-1,-1
1321,521,670,132,56,51,1,-1,-1,-1
1322,521,670,132,56,51,1,-1,-1,-1
1323,521,670,133,56,51,1,-1,-1,-1
1324,521,670,132,56,51,1,-1,-1,-1
1325,521,670,132,56,51,1,-1,-1,-1
1326,521,670,132,56,51,1,-1,-1,-1
1327,521,670,133,56,51,1,-1,-1,-1
1328,521,670,132,56,51,1,-1,-1,-1
1329,521,671,133,56,51,1,-1,-1,-1
1330,521,671,133,56,51,1,-1,-1,-1
1331,521,671,133,56,51,1,-1,-1,-1
1332,521,671,133,56,51,1,-1,-1,-1
1333,521,670,133,56,51,1,-1,-1,-1
1334,521,670,133,56,51,1,-1,-1,-1
1335,521,670,133,56,51,1,-1,-1,-1
1336,521,670,133,56,51,1,-1,-1,-1
1337,521,670,133,56,51,1,-1,-1,-1
1338,521,670,133,56,51,1,-1,-1,-1
1339,521,670,133,56,51,1,-1,-1,-1
1340,521,670,133,56,51,1,-1,-1,-1
1341,521,670,133,56,51,1,-1,-1,-1
1342,521,670,133,57,51,1,-1,-1,-1
1343,521,670,133,57,51,1,-1,-1,-1
1344,521,671,133,56,51,1,-1,-1,-1
1345,521,672,133,55,51,1,-1,-1,-1
1346,521,672,133,55,51,1,-1,-1,-1
1347,521,672,133,55,51,1,-1,-1,-1
1348,521,672,133,55,51,1,-1,-1,-1
1349,521,672,133,55,51,1,-1,-1,-1
1350,521,672,133,55,51,1,-1,-1,-1
1351,521,672,133,55,51,1,-1,-1,-1
1352,521,672,133,55,51,1,-1,-1,-1
1353,521,672,132,55,51,1,-1,-1,-1
1354,521,672,132,55,51,1,-1,-1,-1
1355,521,672,132,55,51,1,-1,-1,-1
1356,521,671,132,55,51,1,-1,-1,-1
1357,521,670,132,56,51,1,-1,-1,-1
1358,521,670,132,56,51,1,-1,-1,-1
1359,521,670,132,56,51,1,-1,-1,-1
1360,521,670,132,56,51,1,-1,-1,-1
1361,521,671,133,55,51,1,-1,-1,-1
1362,521,671,133,55,51,1,-1,-1,-1
1363,521,671,133,55,51,1,-1,-1,-1
1364,521,671,133,56,51,1,-1,-1,-1
1365,521,671,133,56,51,1,-1,-1,-1
1366,521,671,133,55,51,1,-1,-1,-1
1367,521,671,133,56,51,1,-1,-1,-1
1368,521,671,133,56,51,1,-1,-1,-1
1369,521,671,133,56,51,1,-1,-1,-1
1370,521,671,133,56,51,1,-1,-1,-1
1371,521,671,133,56,51,1,-1,-1,-1
1372,521,670,133,56,51,1,-1,-1,-1
1373,521,670,133,56,51,1,-1,-1,-1
1374,521,670,133,56,51,1,-1,-1,-1
1375,521,670,133,56,51,1,-1,-1,-1
1376,521,670,133,56,51,1,-1,-1,-1
1377,521,671,132,55,51,1,-1,-1,-1
1378,521,671,132,55,51,1,-1,-1,-1
1379,521,671,132,55,51,1,-1,-1,-1
1380,521,671,132,55,51,1,-1,-1,-1
1381,521,671,132,55,51,1,-1,-1,-1
1382,521,671,132,55,51,1,-1,-1,-1
1383,521,671,132,55,51,1,-1,-1,-1
1384,521,671,132,55,51,1,-1,-1,-1
1385,521,671,132,55,51,1,-1,-1,-1
1386,521,671,132,55,51,1,-1,-1,-1
1387,521,671,132,55,51,1,-1,-1,-1
1388,521,671,132,55,51,1,-1,-1,-1
1389,521,671,132,55,51,1,-1,-1,-1
1390,521,671,132,55,51,1,-1,-1,-1
1391,521,671,132,55,51,1,-1,-1,-1
1392,521,671,132,55,51,1,-1,-1,-1
1393,521,671,132,55,51,1,-1,-1,-1
1394,521,671,132,55,51,1,-1,-1,-1
1395,521,671,132,55,51,1,-1,-1,-1
1396,521,671,132,55,51,1,-1,-1,-1
1397,521,671,132,55,51,1,-1,-1,-1
1398,521,671,132,55,51,1,-1,-1,-1
1399,521,671,132,55,51,1,-1,-1,-1
1400,521,671,132,55,51,1,-1,-1,-1
1401,521,672,132,55,51,1,-1,-1,-1
1402,521,672,132,55,51,1,-1,-1,-1
1403,521,672,132,55,51,1,-1,-1,-1
1404,521,672,132,55,51,1,-1,-1,-1
1405,521,671,132,55,51,1,-1,-1,-1
1406,521,671,132,55,51,1,-1,-1,-1
1407,521,671,132,55,51,1,-1,-1,-1
1408,521,671,132,55,51,1,-1,-1,-1
1409,521,672,132,55,51,1,-1,-1,-1
1410,521,672,132,55,51,1,-1,-1,-1
1411,521,672,132,55,51,1,-1,-1,-1
1412,521,672,132,55,51,1,-1,-1,-1
1413,521,672,132,55,51,1,-1,-1,-1
1414,521,672,132,55,51,1,-1,-1,-1
1415,521,672,132,55,51,1,-1,-1,-1
1416,521,672,132,55,51,1,-1,-1,-1
1417,521,671,132,57,51,1,-1,-1,-1
1418,521,671,132,56,51,1,-1,-1,-1
1419,521,671,132,56,51,1,-1,-1,-1
1420,521,671,132,56,51,1,-1,-1,-1
1421,521,671,132,56,51,1,-1,-1,-1
1422,521,671,132,56,51,1,-1,-1,-1
1423,521,671,132,56,51,1,-1,-1,-1
1424,521,671,132,56,51,1,-1,-1,-1
1425,521,671,132,55,51,1,-1,-1,-1
1426,521,671,132,55,51,1,-1,-1,-1
1427,521,671,132,55,51,1,-1,-1,-1
1428,521,671,132,55,51,1,-1,-1,-1
1429,521,671,132,55,51,1,-1,-1,-1
1430,521,671,132,55,51,1,-1,-1,-1
1431,521,671,132,55,51,1,-1,-1,-1
1432,521,671,132,55,51,1,-1,-1,-1
1433,521,672,132,55,51,1,-1,-1,-1
1434,521,672,132,55,51,1,-1,-1,-1
1435,521,672,132,55,51,1,-1,-1,-1
1436,521,671,132,55,51,1,-1,-1,-1
1437,521,672,132,55,51,1,-1,-1,-1
1438,521,672,133,55,51,1,-1,-1,-1
1439,521,672,133,55,51,1,-1,-1,-1
1440,521,672,133,55,51,1,-1,-1,-1
1441,521,671,133,54,51,1,-1,-1,-1
1442,521,671,133,54,51,1,-1,-1,-1
1443,521,671,133,55,51,1,-1,-1,-1
1444,521,671,133,55,51,1,-1,-1,-1
1445,521,671,133,54,51,1,-1,-1,-1
1446,521,671,133,55,51,1,-1,-1,-1
1447,521,671,133,55,51,1,-1,-1,-1
1448,521,671,133,55,51,1,-1,-1,-1
1449,521,671,133,55,51,1,-1,-1,-1
1450,521,671,133,55,51,1,-1,-1,-1
1451,521,671,133,55,51,1,-1,-1,-1
1452,521,671,133,55,51,1,-1,-1,-1
1453,521,671,133,55,51,1,-1,-1,-1
1454,521,671,133,55,51,1,-1,-1,-1
1455,521,671,132,55,51,1,-1,-1,-1
1456,521,671,133,55,51,1,-1,-1,-1
1457,521,670,132,56,51,1,-1,-1,-1
1458,521,670,132,56,51,1,-1,-1,-1
1459,521,671,132,55,51,1,-1,-1,-1
1460,521,671,132,55,51,1,-1,-1,-1
1461,521,671,132,55,51,1,-1,-1,-1
1462,521,671,132,55,51,1,-1,-1,-1
1463,521,671,132,55,51,1,-1,-1,-1
1464,521,671,132,55,51,1,-1,-1,-1
1465,521,670,133,56,51,1,-1,-1,-1
1466,521,670,133,56,51,1,-1,-1,-1
1467,521,670,133,56,51,1,-1,-1,-1
1468,521,670,133,56,51,1,-1,-1,-1
1469,521,670,133,56,51,1,-1,-1,-1
1470,521,670,133,56,51,1,-1,-1,-1
1471,521,670,133,57,51,1,-1,-1,-1
1472,521,670,133,57,51,1,-1,-1,-1
1473,521,670,133,56,51,1,-1,-1,-1
1474,521,670,133,56,51,1,-1,-1,-1
1475,521,670,132,56,51,1,-1,-1,-1
1476,521,670,132,56,51,1,-1,-1,-1
1477,521,670,132,56,51,1,-1,-1,-1
1478,521,670,132,56,51,1,-1,-1,-1
1479,521,670,132,56,51,1,-1,-1,-1
1480,521,670,132,56,51,1,-1,-1,-1
1481,521,670,132,57,51,1,-1,-1,-1
1482,521,670,132,57,51,1,-1,-1,-1
1483,521,670,132,57,51,1,-1,-1,-1
1484,521,670,132,57,51,1,-1,-1,-1
1485,521,670,132,57,51,1,-1,-1,-1
1486,521,671,132,56,51,1,-1,-1,-1
1487,521,671,132,56,51,1,-1,-1,-1
1488,521,670,132,57,51,1,-1,-1,-1
1489,521,671,133,56,51,1,-1,-1,-1
1490,521,671,133,56,51,1,-1,-1,-1
1491,521,671,133,56,51,1,-1,-1,-1
1492,521,671,133,56,51,1,-1,-1,-1
1493,521,671,133,56,51,1,-1,-1,-1
1494,521,671,133,56,51,1,-1,-1,-1
1495,521,671,133,56,51,1,-1,-1,-1
1496,521,671,133,56,51,1,-1,-1,-1
1497,521,671,133,56,51,1,-1,-1,-1
1498,521,671,133,56,51,1,-1,-1,-1
1499,521,671,133,56,51,1,-1,-1,-1
1500,521,671,133,56,51,1,-1,-1,-1
1501,521,671,133,55,51,1,-1,-1,-1
1502,521,671,133,55,51,1,-1,-1,-1
1503,521,671,133,55,51,1,-1,-1,-1
1504,521,671,133,55,51,1,-1,-1,-1
1505,521,671,132,56,51,1,-1,-1,-1
1506,521,671,132,56,51,1,-1,-1,-1
1507,521,671,132,55,51,1,-1,-1,-1
1508,521,671,132,55,51,1,-1,-1,-1
1509,521,671,132,55,51,1,-1,-1,-1
1510,521,671,132,55,51,1,-1,-1,-1
1511,521,671,132,55,51,1,-1,-1,-1
1512,521,671,132,55,51,1,-1,-1,-1
1513,521,672,132,55,51,1,-1,-1,-1
1514,521,672,132,55,51,1,-1,-1,-1
1515,521,671,132,55,51,1,-1,-1,-1
1516,521,671,132,55,51,1,-1,-1,-1
1517,521,671,132,55,51,1,-1,-1,-1
1518,521,671,132,55,51,1,-1,-1,-1
1519,521,671,132,55,51,1,-1,-1,-1
1520,521,671,132,55,51,1,-1,-1,-1
1521,521,671,132,55,51,1,-1,-1,-1
1522,521,671,132,55,51,1,-1,-1,-1
1523,521,671,132,55,51,1,-1,-1,-1
1524,521,671,132,55,51,1,-1,-1,-1
1525,521,672,132,54,51,1,-1,-1,-1
1526,521,671,132,55,51,1,-1,-1,-1
1527,521,671,132,55,51,1,-1,-1,-1
1528,521,671,132,55,51,1,-1,-1,-1
1529,521,671,133,55,51,1,-1,-1,-1
1530,521,671,133,55,51,1,-1,-1,-1
1531,521,671,133,55,51,1,-1,-1,-1
1532,521,671,133,55,51,1,-1,-1,-1
1533,521,671,133,55,51,1,-1,-1,-1
1534,521,671,133,55,51,1,-1,-1,-1
1535,521,671,133,55,51,1,-1,-1,-1
1536,521,671,133,55,51,1,-1,-1,-1
1537,521,672,133,54,51,1,-1,-1,-1
1538,521,672,133,54,51,1,-1,-1,-1
1539,521,672,133,54,51,1,-1,-1,-1
1540,521,672,132,54,51,1,-1,-1,-1
1541,521,672,132,54,51,1,-1,-1,-1
1542,521,672,132,54,51,1,-1,-1,-1
1543,521,672,132,54,51,1,-1,-1,-1
1544,521,672,132,54,51,1,-1,-1,-1
1545,521,672,133,55,51,1,-1,-1,-1
1546,521,672,133,55,51,1,-1,-1,-1
1547,521,672,133,55,51,1,-1,-1,-1
1548,521,672,133,55,51,1,-1,-1,-1
1549,521,671,133,55,51,1,-1,-1,-1
1550,521,671,133,55,51,1,-1,-1,-1
1551,521,671,133,55,51,1,-1,-1,-1
1552,521,671,133,55,51,1,-1,-1,-1
1553,521,671,133,55,51,1,-1,-1,-1
1554,521,671,133,55,51,1,-1,-1,-1
1555,521,671,133,55,51,1,-1,-1,-1
1556,521,671,133,55,51,1,-1,-1,-1
1557,521,671,133,55,51,1,-1,-1,-1
1558,521,671,133,55,51,1,-1,-1,-1
1559,521,671,133,55,51,1,-1,-1,-1
1560,521,671,133,55,51,1,-1,-1,-1
1561,521,670,133,57,51,1,-1,-1,-1
1562,521,670,133,57,51,1,-1,-1,-1
1563,521,670,133,57,51,1,-1,-1,-1
1564,521,670,133,57,51,1,-1,-1,-1
1565,521,670,133,57,51,1,-1,-1,-1
1566,521,670,133,56,51,1,-1,-1,-1
1567,521,670,133,57,51,1,-1,-1,-1
1568,521,670,133,57,51,1,-1,-1,-1
1569,521,670,132,56,51,1,-1,-1,-1
1570,521,670,132,56,51,1,-1,-1,-1
1571,521,670,132,56,51,1,-1,-1,-1
1572,521,670,132,56,51,1,-1,-1,-1
1573,521,670,132,55,51,1,-1,-1,-1
1574,521,670,132,55,51,1,-1,-1,-1
1575,521,670,132,55,51,1,-1,-1,-1
1576,521,670,132,55,51,1,-1,-1,-1
1577,521,670,132,56,51,1,-1,-1,-1
1578,521,670,132,56,51,1,-1,-1,-1
1579,521,670,132,56,51,1,-1,-1,-1
1580,521,670,132,56,51,1,-1,-1,-1
1581,521,670,132,56,51,1,-1,-1,-1
1582,521,670,132,56,51,1,-1,-1,-1
1583,521,670,132,56,51,1,-1,-1,-1
1584,521,670,132,56,51,1,-1,-1,-1
1585,521,672,133,55,51,1,-1,-1,-1
1586,521,671,133,55,51,1,-1,-1,-1
1587,521,671,133,55,51,1,-1,-1,-1
1588,521,671,133,55,51,1,-1,-1,-1
1589,521,672,133,55,51,1,-1,-1,-1
1590,521,672,133,55,51,1,-1,-1,-1
1591,521,671,133,55,51,1,-1,-1,-1
1592,521,671,133,55,51,1,-1,-1,-1
1593,521,671,132,54,51,1,-1,-1,-1
1594,521,671,133,54,51,1,-1,-1,-1
1595,521,671,133,54,51,1,-1,-1,-1
1596,521,671,133,54,51,1,-1,-1,-1
1597,521,670,132,55,51,1,-1,-1,-1
1598,521,671,132,55,51,1,-1,-1,-1
1599,521,671,132,55,51,1,-1,-1,-1
1600,521,671,132,55,51,1,-1,-1,-1
1601,521,671,133,55,51,1,-1,-1,-1
1602,521,671,133,55,51,1,-1,-1,-1
1603,521,671,133,55,51,1,-1,-1,-1
1604,521,671,133,55,51,1,-1,-1,-1
1605,521,671,133,55,51,1,-1,-1,-1
1606,521,671,133,55,51,1,-1,-1,-1
1607,521,671,133,55,51,1,-1,-1,-1
1608,521,671,133,55,51,1,-1,-1,-1
1609,521,671,132,55,51,1,-1,-1,-1
1610,521,671,132,55,51,1,-1,-1,-1
1611,521,671,132,55,51,1,-1,-1,-1
1612,521,671,132,55,51,1,-1,-1,-1
1613,521,672,132,55,51,1,-1,-1,-1
1614,521,672,132,55,51,1,-1,-1,-1
1615,521,672,132,54,51,1,-1,-1,-1
1616,521,671,132,55,51,1,-1,-1,-1
1617,521,672,132,54,51,1,-1,-1,-1
1618,521,672,132,54,51,1,-1,-1,-1
1619,521,672,132,54,51,1,-1,-1,-1
1620,521,672,132,54,51,1,-1,-1,-1
1621,521,671,132,56,51,1,-1,-1,-1
1622,521,671,132,56,51,1,-1,-1,-1
1623,521,671,132,56,51,1,-1,-1,-1
1624,521,670,132,57,51,1,-1,-1,-1
1625,521,671,132,56,51,1,-1,-1,-1
1626,521,671,132,55,51,1,-1,-1,-1
1627,521,671,132,56,51,1,-1,-1,-1
1628,521,670,132,56,51,1,-1,-1,-1
1629,521,672,133,55,51,1,-1,-1,-1
1630,521,672,132,55,51,1,-1,-1,-1
1631,521,672,132,55,51,1,-1,-1,-1
1632,521,672,132,55,51,1,-1,-1,-1
1633,521,671,133,56,51,1,-1,-1,-1
1634,521,671,133,56,51,1,-1,-1,-1
1635,521,671,132,56,51,1,-1,-1,-1
1636,521,671,133,56,51,1,-1,-1,-1
1637,521,671,133,56,51,1,-1,-1,-1
1638,521,671,133,55,51,1,-1,-1,-1
1639,521,670,133,56,51,1,-1,-1,-1
1640,521,670,133,56,51,1,-1,-1,-1
1641,521,670,133,56,51,1,-1,-1,-1
1642,521,670,133,56,51,1,-1,-1,-1
1643,521,670,133,56,51,1,-1,-1,-1
1644,521,670,133,56,51,1,-1,-1,-1
1645,521,670,133,56,51,1,-1,-1,-1
1646,521,670,133,56,51,1,-1,-1,-1
1647,521,670,133,56,51,1,-1,-1,-1
1648,521,670,133,56,51,1,-1,-1,-1
1649,521,671,133,56,51,1,-1,-1,-1
1650,521,670,133,56,51,1,-1,-1,-1
1651,521,671,133,56,51,1,-1,-1,-1
1652,521,671,133,56,51,1,-1,-1,-1
1653,521,671,133,55,50,1,-1,-1,-1
1654,521,671,133,55,51,1,-1,-1,-1
1655,521,671,133,55,51,1,-1,-1,-1
1656,521,671,133,55,51,1,-1,-1,-1
1657,521,671,132,56,51,1,-1,-1,-1
1658,521,671,132,55,51,1,-1,-1,-1
1659,521,671,132,56,51,1,-1,-1,-1
1660,521,671,132,56,51,1,-1,-1,-1
1661,521,671,132,56,51,1,-1,-1,-1
1662,521,671,132,56,51,1,-1,-1,-1
1663,521,671,132,56,51,1,-1,-1,-1
1664,521,671,132,56,51,1,-1,-1,-1
1665,521,671,133,55,51,1,-1,-1,-1
1666,521,671,133,55,51,1,-1,-1,-1
1667,521,671,133,55,51,1,-1,-1,-1
1668,521,671,133,55,51,1,-1,-1,-1
1669,521,671,132,55,51,1,-1,-1,-1
1670,521,671,132,55,51,1,-1,-1,-1
1671,521,671,133,55,51,1,-1,-1,-1
1672,521,671,132,55,51,1,-1,-1,-1
1673,521,672,132,54,51,1,-1,-1,-1
1674,521,672,132,54,51,1,-1,-1,-1
1675,521,672,132,54,51,1,-1,-1,-1
1676,521,672,132,54,51,1,-1,-1,-1
1677,521,672,132,54,51,1,-1,-1,-1
1678,521,672,132,54,51,1,-1,-1,-1
1679,521,672,132,54,51,1,-1,-1,-1
1680,521,672,132,54,51,1,-1,-1,-1
1681,521,671,133,55,51,1,-1,-1,-1
1682,521,671,133,55,51,1,-1,-1,-1
1683,521,671,133,55,51,1,-1,-1,-1
1684,521,671,133,55,51,1,-1,-1,-1
1685,521,671,133,55,51,1,-1,-1,-1
1686,521,671,133,55,51,1,-1,-1,-1
1687,521,671,133,55,51,1,-1,-1,-1
1688,521,671,133,55,51,1,-1,-1,-1
1689,521,671,132,55,52,1,-1,-1,-1
1690,521,671,132,55,52,1,-1,-1,-1
1691,521,671,132,55,52,1,-1,-1,-1
1692,521,671,132,55,52,1,-1,-1,-1
1693,521,671,132,56,51,1,-1,-1,-1
1694,521,671,132,56,51,1,-1,-1,-1
1695,521,671,132,56,51,1,-1,-1,-1
1696,521,671,132,56,51,1,-1,-1,-1
1697,521,671,132,55,51,1,-1,-1,-1
1698,521,672,132,55,51,1,-1,-1,-1
1699,521,671,132,55,51,1,-1,-1,-1
1700,521,671,132,55,51,1,-1,-1,-1
1701,521,671,132,55,51,1,-1,-1,-1
1702,521,671,132,55,51,1,-1,-1,-1
1703,521,672,132,55,51,1,-1,-1,-1
1704,521,672,132,55,51,1,-1,-1,-1
1705,521,672,133,55,51,1,-1,-1,-1
1706,521,672,133,55,51,1,-1,-1,-1
1707,521,672,133,55,51,1,-1,-1,-1
1708,521,672,133,55,51,1,-1,-1,-1
1709,521,672,133,55,51,1,-1,-1,-1
1710,521,672,133,55,51,1,-1,-1,-1
1711,521,672,133,55,51,1,-1,-1,-1
1712,521,672,133,55,51,1,-1,-1,-1
1713,521,671,133,55,51,1,-1,-1,-1
1714,521,671,133,55,51,1,-1,-1,-1
1715,521,671,133,55,51,1,-1,-1,-1
1716,521,671,133,55,51,1,-1,-1,-1
1717,521,671,133,55,51,1,-1,-1,-1
1718,521,671,133,55,51,1,-1,-1,-1
1719,521,671,133,55,51,1,-1,-1,-1
1720,521,671,133,55,51,1,-1,-1,-1
1721,521,671,133,55,51,1,-1,-1,-1
1722,521,671,133,55,51,1,-1,-1,-1
1723,521,671,133,55,51,1,-1,-1,-1
1724,521,671,133,55,51,1,-1,-1,-1
1725,521,671,133,55,51,1,-1,-1,-1
1726,521,671,133,55,51,1,-1,-1,-1
1727,521,671,133,55,51,1,-1,-1,-1
1728,521,671,133,55,51,1,-1,-1,-1
1729,521,672,133,55,51,1,-1,-1,-1
1730,521,672,133,55,51,1,-1,-1,-1
1731,521,672,133,55,51,1,-1,-1,-1
1732,521,672,133,55,51,1,-1,-1,-1
1733,521,672,133,55,51,1,-1,-1,-1
1734,521,672,133,55,51,1,-1,-1,-1
1735,521,672,133,55,51,1,-1,-1,-1
1736,521,672,133,55,51,1,-1,-1,-1
1737,521,671,132,56,51,1,-1,-1,-1
1738,521,671,132,56,51,1,-1,-1,-1
1739,521,671,132,56,51,1,-1,-1,-1
1740,521,671,132,56,51,1,-1,-1,-1
1741,521,671,132,55,51,1,-1,-1,-1
1742,521,671,132,55,51,1,-1,-1,-1
1743,521,671,132,55,51,1,-1,-1,-1
1744,521,671,132,55,51,1,-1,-1,-1
1745,521,671,132,55,51,1,-1,-1,-1
1746,521,672,132,55,51,1,-1,-1,-1
1747,521,672,132,55,51,1,-1,-1,-1
1748,521,672,132,55,51,1,-1,-1,-1
1749,521,672,132,55,51,1,-1,-1,-1
1750,521,672,132,55,51,1,-1,-1,-1
1751,521,672,132,55,51,1,-1,-1,-1
1752,521,672,132,55,51,1,-1,-1,-1
1753,521,671,133,56,51,1,-1,-1,-1
1754,521,671,133,56,51,1,-1,-1,-1
1755,521,671,133,56,51,1,-1,-1,-1
1756,521,671,133,56,51,1,-1,-1,-1
1757,521,671,133,56,51,1,-1,-1,-1
1758,521,671,133,56,51,1,-1,-1,-1
1759,521,671,133,56,51,1,-1,-1,-1
1760,521,671,133,56,51,1,-1,-1,-1
1761,521,671,132,55,51,1,-1,-1,-1
1762,521,671,132,55,51,1,-1,-1,-1
1763,521,671,132,55,51,1,-1,-1,-1
1764,521,672,132,55,51,1,-1,-1,-1
1765,521,672,132,55,51,1,-1,-1,-1
1766,521,672,132,55,51,1,-1,-1,-1
1767,521,672,132,55,51,1,-1,-1,-1
1768,521,672,132,55,51,1,-1,-1,-1
1769,521,671,132,55,51,1,-1,-1,-1
1770,521,671,132,55,51,1,-1,-1,-1
1771,521,671,132,55,51,1,-1,-1,-1
1772,521,671,132,55,51,1,-1,-1,-1
1773,521,671,132,55,51,1,-1,-1,-1
1774,521,671,132,55,51,1,-1,-1,-1
1775,521,671,132,55,51,1,-1,-1,-1
1776,521,671,132,55,51,1,-1,-1,-1
1777,521,670,133,56,51,1,-1,-1,-1
1778,521,670,133,56,51,1,-1,-1,-1
1779,521,671,133,56,51,1,-1,-1,-1
1780,521,671,133,56,51,1,-1,-1,-1
1781,521,671,132,56,51,1,-1,-1,-1
1782,521,671,132,55,51,1,-1,-1,-1
1783,521,671,133,55,51,1,-1,-1,-1
1784,521,671,133,55,51,1,-1,-1,-1
1785,521,671,133,55,51,1,-1,-1,-1
1786,521,671,133,55,51,1,-1,-1,-1
1787,521,671,133,55,51,1,-1,-1,-1
1788,521,672,133,55,51,1,-1,-1,-1
1789,521,672,133,55,51,1,-1,-1,-1
1790,521,671,133,55,51,1,-1,-1,-1
1791,521,672,133,55,51,1,-1,-1,-1
1792,521,672,133,55,51,1,-1,-1,-1
1793,521,671,132,55,51,1,-1,-1,-1
1794,521,671,132,55,51,1,-1,-1,-1
1795,521,672,133,55,51,1,-1,-1,-1
1796,521,672,133,55,51,1,-1,-1,-1
1797,521,671,133,55,51,1,-1,-1,-1
1798,521,671,133,55,51,1,-1,-1,-1
1799,521,671,133,55,51,1,-1,-1,-1
1800,521,671,133,55,51,1,-1,-1,-1
1801,521,671,133,55,51,1,-1,-1,-1
1802,521,671,133,55,51,1,-1,-1,-1
1803,521,671,133,56,51,1,-1,-1,-1
1804,521,670,133,56,51,1,-1,-1,-1
1805,521,670,132,56,51,1,-1,-1,-1
1806,521,670,132,56,51,1,-1,-1,-1
1807,521,670,133,56,51,1,-1,-1,-1
1808,521,670,133,56,51,1,-1,-1,-1
1809,521,670,132,56,51,1,-1,-1,-1
1810,521,670,132,56,51,1,-1,-1,-1
1811,521,670,132,56,51,1,-1,-1,-1
1812,521,670,132,56,51,1,-1,-1,-1
1813,521,670,132,56,51,1,-1,-1,-1
1814,521,670,132,56,51,1,-1,-1,-1
1815,521,670,132,56,51,1,-1,-1,-1
1816,521,671,132,55,52,1,-1,-1,-1
1817,521,671,132,55,51,1,-1,-1,-1
1818,521,671,132,55,51,1,-1,-1,-1
1819,521,671,132,55,51,1,-1,-1,-1
1820,521,671,132,55,51,1,-1,-1,-1
1821,521,671,132,55,51,1,-1,-1,-1
1822,521,671,132,55,51,1,-1,-1,-1
1823,521,671,132,55,51,1,-1,-1,-1
1824,521,671,132,55,51,1,-1,-1,-1
1825,521,671,132,54,51,1,-1,-1,-1
1826,521,671,132,54,51,1,-1,-1,-1
1827,521,671,132,55,51,1,-1,-1,-1
1828,521,671,132,55,51,1,-1,-1,-1
1829,521,671,132,55,51,1,-1,-1,-1
1830,521,670,132,55,51,1,-1,-1,-1
1831,521,670,132,55,51,1,-1,-1,-1
1832,521,670,132,55,51,1,-1,-1,-1
1833,521,672,133,54,51,1,-1,-1,-1
1834,521,672,133,54,51,1,-1,-1,-1
1835,521,671,133,54,51,1,-1,-1,-1
1836,521,671,133,54,51,1,-1,-1,-1
1837,521,671,133,55,51,1,-1,-1,-1
1838,521,671,133,55,51,1,-1,-1,-1
1839,521,671,133,55,51,1,-1,-1,-1
1840,521,671,133,55,51,1,-1,-1,-1
1841,521,671,132,55,52,1,-1,-1,-1
1842,521,671,132,55,52,1,-1,-1,-1
1843,521,671,132,55,52,1,-1,-1,-1
1844,521,671,132,55,52,1,-1,-1,-1
1845,521,671,132,55,51,1,-1,-1,-1
1846,521,671,132,55,52,1,-1,-1,-1
1847,521,671,132,55,52,1,-1,-1,-1
1848,521,671,132,55,52,1,-1,-1,-1
1849,521,672,133,55,51,1,-1,-1,-1
1850,521,672,133,55,51,1,-1,-1,-1
1851,521,672,133,55,51,1,-1,-1,-1
1852,521,672,133,55,51,1,-1,-1,-1
1853,521,672,133,55,51,1,-1,-1,-1
1854,521,672,133,55,51,1,-1,-1,-1
1855,521,672,133,55,51,1,-1,-1,-1
1856,521,672,133,55,51,1,-1,-1,-1
1857,521,672,132,54,51,1,-1,-1,-1
1858,521,672,132,54,51,1,-1,-1,-1
1859,521,672,133,54,51,1,-1,-1,-1
1860,521,672,133,54,51,1,-1,-1,-1
1861,521,672,132,54,51,1,-1,-1,-1
1862,521,672,133,54,51,1,-1,-1,-1
1863,521,672,133,54,51,1,-1,-1,-1
1864,521,672,133,54,51,1,-1,-1,-1
1865,521,671,133,55,51,1,-1,-1,-1
1866,521,671,133,55,51,1,-1,-1,-1
1867,521,671,133,55,51,1,-1,-1,-1
1868,521,671,133,55,51,1,-1,-1,-1
1869,521,671,133,55,51,1,-1,-1,-1
1870,521,671,133,55,51,1,-1,-1,-1
1871,521,671,133,55,51,1,-1,-1,-1
1872,521,671,133,55,51,1,-1,-1,-1
1873,521,672,133,54,51,1,-1,-1,-1
1874,521,672,133,54,51,1,-1,-1,-1
1875,521,672,133,54,51,1,-1,-1,-1
1876,521,672,133,55,51,1,-1,-1,-1
1877,521,672,133,54,51,1,-1,-1,-1
1878,521,672,133,54,51,1,-1,-1,-1
1879,521,672,133,54,51,1,-1,-1,-1
1880,521,672,133,54,51,1,-1,-1,-1
1881,521,672,133,54,51,1,-1,-1,-1
1882,521,672,133,54,51,1,-1,-1,-1
1883,521,672,133,54,51,1,-1,-1,-1
1884,521,672,133,54,51,1,-1,-1,-1
1885,521,672,133,55,51,1,-1,-1,-1
1886,521,671,133,55,51,1,-1,-1,-1
1887,521,671,133,55,51,1,-1,-1,-1
1888,521,671,133,55,51,1,-1,-1,-1
1889,521,671,132,56,51,1,-1,-1,-1
1890,521,671,132,56,51,1,-1,-1,-1
1891,521,671,132,56,51,1,-1,-1,-1
1892,521,671,132,56,51,1,-1,-1,-1
1893,521,671,132,56,51,1,-1,-1,-1
1894,521,670,132,56,51,1,-1,-1,-1
1895,521,671,132,56,51,1,-1,-1,-1
1896,521,671,132,56,51,1,-1,-1,-1
1897,521,671,133,55,51,1,-1,-1,-1
1898,521,671,133,55,51,1,-1,-1,-1
1899,521,671,133,55,51,1,-1,-1,-1
1900,521,671,133,55,51,1,-1,-1,-1
1901,521,671,133,55,51,1,-1,-1,-1
1902,521,671,133,55,51,1,-1,-1,-1
1903,521,671,133,55,51,1,-1,-1,-1
1904,521,671,133,55,51,1,-1,-1,-1
1905,521,671,133,55,51,1,-1,-1,-1
1906,521,671,133,55,51,1,-1,-1,-1
1907,521,671,133,55,51,1,-1,-1,-1
1908,521,671,133,55,51,1,-1,-1,-1
1909,521,671,133,55,51,1,-1,-1,-1
1910,521,671,133,55,51,1,-1,-1,-1
1911,521,671,133,55,51,1,-1,-1,-1
1912,521,671,133,55,51,1,-1,-1,-1
1913,521,672,133,55,51,1,-1,-1,-1
1914,521,671,133,55,51,1,-1,-1,-1
1915,521,672,133,55,51,1,-1,-1,-1
1916,521,672,133,55,51,1,-1,-1,-1
1917,521,672,133,55,51,1,-1,-1,-1
1918,521,672,133,55,51,1,-1,-1,-1
1919,521,671,133,55,51,1,-1,-1,-1
1920,521,672,133,55,51,1,-1,-1,-1
1921,521,671,133,56,51,1,-1,-1,-1
1922,521,671,133,56,51,1,-1,-1,-1
1923,521,671,133,56,51,1,-1,-1,-1
1924,521,670,133,56,51,1,-1,-1,-1
1925,521,670,133,56,51,1,-1,-1,-1
1926,521,670,133,56,51,1,-1,-1,-1
1927,521,670,133,56,51,1,-1,-1,-1
1928,521,670,133,56,51,1,-1,-1,-1
1,522,688,221,63,45,1,-1,-1,-1
2,522,689,220,63,45,1,-1,-1,-1
3,522,689,220,63,45,1,-1,-1,-1
4,522,689,220,63,45,1,-1,-1,-1
5,522,689,220,63,45,1,-1,-1,-1
6,522,689,220,63,45,1,-1,-1,-1
7,522,689,220,63,45,1,-1,-1,-1
8,522,689,220,63,45,1,-1,-1,-1
9,522,689,220,63,45,1,-1,-1,-1
10,522,689,220,63,45,1,-1,-1,-1
11,522,689,220,63,45,1,-1,-1,-1
12,522,689,220,63,45,1,-1,-1,-1
13,522,689,220,63,45,1,-1,-1,-1
14,522,689,220,62,45,1,-1,-1,-1
15,522,689,220,62,45,1,-1,-1,-1
16,522,689,220,62,45,1,-1,-1,-1
17,522,689,220,63,45,1,-1,-1,-1
18,522,689,220,63,45,1,-1,-1,-1
19,522,689,220,63,45,1,-1,-1,-1
20,522,689,220,63,45,1,-1,-1,-1
21,522,689,220,63,45,1,-1,-1,-1
22,522,689,220,63,45,1,-1,-1,-1
23,522,689,220,63,45,1,-1,-1,-1
24,522,689,220,63,45,1,-1,-1,-1
25,522,689,220,63,45,1,-1,-1,-1
26,522,688,220,63,45,1,-1,-1,-1
27,522,689,220,63,45,1,-1,-1,-1
28,522,689,220,63,45,1,-1,-1,-1
29,522,688,220,63,45,1,-1,-1,-1
30,522,688,220,63,45,1,-1,-1,-1
31,522,688,220,63,45,1,-1,-1,-1
32,522,688,220,63,45,1,-1,-1,-1
33,522,689,220,63,45,1,-1,-1,-1
34,522,689,220,63,45,1,-1,-1,-1
35,522,689,220,63,45,1,-1,-1,-1
36,522,689,220,63,45,1,-1,-1,-1
37,522,689,220,63,45,1,-1,-1,-1
38,522,689,220,63,45,1,-1,-1,-1
39,522,689,220,63,45,1,-1,-1,-1
40,522,689,220,63,45,1,-1,-1,-1
41,522,688,220,63,45,1,-1,-1,-1
42,522,688,220,63,45,1,-1,-1,-1
43,522,689,220,63,45,1,-1,-1,-1
44,522,689,220,63,45,1,-1,-1,-1
45,522,689,220,63,45,1,-1,-1,-1
46,522,688,220,63,45,1,-1,-1,-1
47,522,688,220,63,45,1,-1,-1,-1
48,522,688,220,63,45,1,-1,-1,-1
49,522,688,220,63,45,1,-1,-1,-1
50,522,688,220,63,45,1,-1,-1,-1
51,522,688,220,63,45,1,-1,-1,-1
52,522,688,220,63,45,1,-1,-1,-1
53,522,688,220,63,45,1,-1,-1,-1
54,522,688,220,63,45,1,-1,-1,-1
55,522,688,220,63,45,1,-1,-1,-1
56,522,688,220,63,45,1,-1,-1,-1
57,522,688,220,63,45,1,-1,-1,-1
58,522,688,220,64,45,1,-1,-1,-1
59,522,688,220,64,45,1,-1,-1,-1
60,522,688,220,64,45,1,-1,-1,-1
61,522,688,220,64,45,1,-1,-1,-1
62,522,688,220,64,45,1,-1,-1,-1
63,522,688,220,64,45,1,-1,-1,-1
64,522,688,220,64,45,1,-1,-1,-1
65,522,688,220,64,45,1,-1,-1,-1
66,522,688,220,64,45,1,-1,-1,-1
67,522,688,220,64,45,1,-1,-1,-1
68,522,688,220,64,45,1,-1,-1,-1
69,522,688,220,64,45,1,-1,-1,-1
70,522,688,220,64,45,1,-1,-1,-1
71,522,688,220,64,45,1,-1,-1,-1
72,522,688,220,64,45,1,-1,-1,-1
73,522,688,220,64,45,1,-1,-1,-1
74,522,688,220,64,45,1,-1,-1,-1
75,522,688,220,64,45,1,-1,-1,-1
76,522,688,220,64,45,1,-1,-1,-1
77,522,688,220,64,45,1,-1,-1,-1
78,522,688,220,64,45,1,-1,-1,-1
79,522,688,220,64,45,1,-1,-1,-1
80,522,688,220,64,45,1,-1,-1,-1
81,522,688,220,64,45,1,-1,-1,-1
82,522,688,220,64,45,1,-1,-1,-1
83,522,688,220,64,45,1,-1,-1,-1
84,522,688,220,64,45,1,-1,-1,-1
85,522,688,220,63,45,1,-1,-1,-1
86,522,688,220,63,45,1,-1,-1,-1
87,522,688,220,63,45,1,-1,-1,-1
88,522,688,220,63,45,1,-1,-1,-1
89,522,689,220,63,45,1,-1,-1,-1
90,522,689,220,63,45,1,-1,-1,-1
91,522,689,220,63,45,1,-1,-1,-1
92,522,689,220,63,45,1,-1,-1,-1
93,522,689,220,63,45,1,-1,-1,-1
94,522,689,220,63,45,1,-1,-1,-1
95,522,689,220,63,45,1,-1,-1,-1
96,522,689,220,63,45,1,-1,-1,-1
97,522,688,220,64,45,1,-1,-1,-1
98,522,688,220,64,45,1,-1,-1,-1
99,522,688,220,64,45,1,-1,-1,-1
100,522,688,220,64,45,1,-1,-1,-1
101,522,688,220,64,45,1,-1,-1,-1
102,522,688,220,64,45,1,-1,-1,-1
103,522,688,220,64,45,1,-1,-1,-1
104,522,688,220,64,45,1,-1,-1,-1
105,522,688,220,63,45,1,-1,-1,-1
106,522,689,220,63,45,1,-1,-1,-1
107,522,688,220,63,45,1,-1,-1,-1
108,522,689,220,63,45,1,-1,-1,-1
109,522,689,220,63,45,1,-1,-1,-1
110,522,689,220,63,45,1,-1,-1,-1
111,522,689,220,63,45,1,-1,-1,-1
112,522,689,220,63,45,1,-1,-1,-1
113,522,689,220,63,45,1,-1,-1,-1
114,522,689,220,63,45,1,-1,-1,-1
115,522,689,220,63,45,1,-1,-1,-1
116,522,689,220,63,45,1,-1,-1,-1
117,522,689,220,63,45,1,-1,-1,-1
118,522,689,220,63,45,1,-1,-1,-1
119,522,689,220,63,45,1,-1,-1,-1
120,522,689,220,63,45,1,-1,-1,-1
121,522,689,220,63,45,1,-1,-1,-1
122,522,689,220,63,45,1,-1,-1,-1
123,522,689,220,63,45,1,-1,-1,-1
124,522,689,220,63,45,1,-1,-1,-1
125,522,689,220,63,45,1,-1,-1,-1
126,522,689,220,63,45,1,-1,-1,-1
127,522,689,220,63,45,1,-1,-1,-1
128,522,689,220,63,45,1,-1,-1,-1
129,522,689,220,63,45,1,-1,-1,-1
130,522,689,220,63,45,1,-1,-1,-1
131,522,689,220,63,45,1,-1,-1,-1
132,522,689,220,64,45,1,-1,-1,-1
133,522,688,220,63,45,1,-1,-1,-1
134,522,688,220,63,45,1,-1,-1,-1
135,522,688,220,63,45,1,-1,-1,-1
136,522,688,220,63,45,1,-1,-1,-1
137,522,688,220,64,45,1,-1,-1,-1
138,522,688,220,64,45,1,-1,-1,-1
139,522,688,220,64,45,1,-1,-1,-1
140,522,688,220,64,45,1,-1,-1,-1
141,522,688,220,63,45,1,-1,-1,-1
142,522,688,220,63,45,1,-1,-1,-1
143,522,688,220,63,45,1,-1,-1,-1
144,522,688,220,63,45,1,-1,-1,-1
145,522,689,220,63,45,1,-1,-1,-1
146,522,689,220,63,45,1,-1,-1,-1
147,522,689,220,63,45,1,-1,-1,-1
148,522,689,220,63,45,1,-1,-1,-1
149,522,689,220,63,45,1,-1,-1,-1
150,522,689,220,63,45,1,-1,-1,-1
151,522,689,220,63,45,1,-1,-1,-1
152,522,689,220,63,45,1,-1,-1,-1
153,522,689,220,62,45,1,-1,-1,-1
154,522,689,220,63,45,1,-1,-1,-1
155,522,689,220,62,45,1,-1,-1,-1
156,522,689,220,63,45,1,-1,-1,-1
157,522,689,220,63,45,1,-1,-1,-1
158,522,689,220,63,45,1,-1,-1,-1
159,522,689,220,63,45,1,-1,-1,-1
160,522,689,220,63,45,1,-1,-1,-1
161,522,689,220,63,45,1,-1,-1,-1
162,522,689,220,63,45,1,-1,-1,-1
163,522,689,220,63,45,1,-1,-1,-1
164,522,689,220,63,45,1,-1,-1,-1
165,522,689,220,63,45,1,-1,-1,-1
166,522,689,220,63,45,1,-1,-1,-1
167,522,689,220,63,45,1,-1,-1,-1
168,522,689,220,63,45,1,-1,-1,-1
169,522,689,220,63,45,1,-1,-1,-1
170,522,689,220,63,45,1,-1,-1,-1
171,522,689,220,63,45,1,-1,-1,-1
172,522,689,220,63,45,1,-1,-1,-1
173,522,689,220,63,45,1,-1,-1,-1
174,522,689,220,63,45,1,-1,-1,-1
175,522,689,220,63,45,1,-1,-1,-1
176,522,689,220,63,45,1,-1,-1,-1
177,522,689,220,64,44,1,-1,-1,-1
178,522,689,220,63,44,1,-1,-1,-1
179,522,689,220,63,44,1,-1,-1,-1
180,522,689,220,63,44,1,-1,-1,-1
181,522,689,221,63,44,1,-1,-1,-1
182,522,689,221,63,44,1,-1,-1,-1
183,522,689,221,63,44,1,-1,-1,-1
184,522,689,221,63,44,1,-1,-1,-1
185,522,689,220,63,45,1,-1,-1,-1
186,522,689,220,63,45,1,-1,-1,-1
187,522,689,220,63,45,1,-1,-1,-1
188,522,689,220,63,45,1,-1,-1,-1
189,522,689,220,63,45,1,-1,-1,-1
190,522,689,220,63,45,1,-1,-1,-1
191,522,689,220,63,45,1,-1,-1,-1
192,522,689,220,63,45,1,-1,-1,-1
193,522,688,220,64,45,1,-1,-1,-1
194,522,688,220,64,45,1,-1,-1,-1
195,522,688,220,64,45,1,-1,-1,-1
196,522,688,220,64,45,1,-1,-1,-1
197,522,688,220,64,45,1,-1,-1,-1
198,522,688,220,64,45,1,-1,-1,-1
199,522,688,220,64,45,1,-1,-1,-1
200,522,688,220,64,45,1,-1,-1,-1
201,522,689,220,63,45,1,-1,-1,-1
202,522,689,220,63,45,1,-1,-1,-1
203,522,689,220,63,45,1,-1,-1,-1
204,522,689,220,63,45,1,-1,-1,-1
205,522,689,220,63,45,1,-1,-1,-1
206,522,689,220,63,45,1,-1,-1,-1
207,522,689,220,63,45,1,-1,-1,-1
208,522,689,220,63,45,1,-1,-1,-1
209,522,689,220,63,45,1,-1,-1,-1
210,522,689,220,63,45,1,-1,-1,-1
211,522,689,220,63,45,1,-1,-1,-1
212,522,689,220,63,45,1,-1,-1,-1
213,522,689,220,63,45,1,-1,-1,-1
214,522,689,220,63,45,1,-1,-1,-1
215,522,689,220,63,45,1,-1,-1,-1
216,522,689,220,63,45,1,-1,-1,-1
217,522,689,221,63,44,1,-1,-1,-1
218,522,689,221,63,44,1,-1,-1,-1
219,522,689,221,63,44,1,-1,-1,-1
220,522,689,221,63,44,1,-1,-1,-1
221,522,689,220,63,44,1,-1,-1,-1
222,522,689,220,62,44,1,-1,-1,-1
223,522,689,220,63,44,1,-1,-1,-1
224,522,689,220,62,44,1,-1,-1,-1
225,522,689,220,63,45,1,-1,-1,-1
226,522,689,220,63,45,1,-1,-1,-1
227,522,689,220,63,45,1,-1,-1,-1
228,522,689,220,63,45,1,-1,-1,-1
229,522,689,220,63,45,1,-1,-1,-1
230,522,688,220,64,45,1,-1,-1,-1
231,522,688,220,64,45,1,-1,-1,-1
232,522,688,220,64,45,1,-1,-1,-1
233,522,689,220,63,45,1,-1,-1,-1
234,522,689,220,63,45,1,-1,-1,-1
235,522,689,220,63,45,1,-1,-1,-1
236,522,689,220,62,45,1,-1,-1,-1
237,522,689,220,62,45,1,-1,-1,-1
238,522,689,220,63,45,1,-1,-1,-1
239,522,689,220,63,45,1,-1,-1,-1
240,522,689,220,62,45,1,-1,-1,-1
241,522,689,220,63,45,1,-1,-1,-1
242,522,689,220,63,45,1,-1,-1,-1
243,522,689,220,63,45,1,-1,-1,-1
244,522,689,220,63,45,1,-1,-1,-1
245,522,688,220,64,45,1,-1,-1,-1
246,522,688,220,64,45,1,-1,-1,-1
247,522,688,220,64,45,1,-1,-1,-1
248,522,688,220,64,45,1,-1,-1,-1
249,522,688,220,63,45,1,-1,-1,-1
250,522,688,220,63,45,1,-1,-1,-1
251,522,688,220,63,45,1,-1,-1,-1
252,522,688,220,63,45,1,-1,-1,-1
253,522,688,220,63,45,1,-1,-1,-1
254,522,688,220,63,45,1,-1,-1,-1
255,522,688,220,63,45,1,-1,-1,-1
256,522,688,220,63,45,1,-1,-1,-1
257,522,688,220,64,44,1,-1,-1,-1
258,522,688,220,64,44,1,-1,-1,-1
259,522,688,220,64,44,1,-1,-1,-1
260,522,688,220,64,44,1,-1,-1,-1
261,522,688,220,64,44,1,-1,-1,-1
262,522,688,220,64,44,1,-1,-1,-1
263,522,688,220,64,44,1,-1,-1,-1
264,522,688,220,64,44,1,-1,-1,-1
265,522,689,220,63,45,1,-1,-1,-1
266,522,689,220,63,45,1,-1,-1,-1
267,522,689,220,63,45,1,-1,-1,-1
268,522,689,220,63,45,1,-1,-1,-1
269,522,689,220,63,45,1,-1,-1,-1
270,522,689,220,63,45,1,-1,-1,-1
271,522,689,220,63,45,1,-1,-1,-1
272,522,689,220,63,45,1,-1,-1,-1
273,522,688,220,64,45,1,-1,-1,-1
274,522,689,220,63,45,1,-1,-1,-1
275,522,688,220,64,45,1,-1,-1,-1
276,522,688,220,64,45,1,-1,-1,-1
277,522,689,220,64,45,1,-1,-1,-1
278,522,689,220,64,45,1,-1,-1,-1
279,522,689,220,64,45,1,-1,-1,-1
280,522,689,220,64,45,1,-1,-1,-1
281,522,688,220,63,44,1,-1,-1,-1
282,522,689,220,63,44,1,-1,-1,-1
283,522,689,220,63,44,1,-1,-1,-1
284,522,688,220,63,45,1,-1,-1,-1
285,522,688,220,63,44,1,-1,-1,-1
286,522,688,220,63,44,1,-1,-1,-1
287,522,688,220,63,44,1,-1,-1,-1
288,522,688,220,63,44,1,-1,-1,-1
289,522,688,220,64,45,1,-1,-1,-1
290,522,688,220,64,45,1,-1,-1,-1
291,522,688,220,64,45,1,-1,-1,-1
292,522,688,220,64,45,1,-1,-1,-1
293,522,688,220,64,45,1,-1,-1,-1
294,522,688,220,64,45,1,-1,-1,-1
295,522,688,220,64,45,1,-1,-1,-1
296,522,688,220,64,45,1,-1,-1,-1
297,522,688,220,64,44,1,-1,-1,-1
298,522,688,220,64,44,1,-1,-1,-1
299,522,688,220,64,44,1,-1,-1,-1
300,522,688,220,64,44,1,-1,-1,-1
301,522,688,220,64,45,1,-1,-1,-1
302,522,688,220,64,45,1,-1,-1,-1
303,522,688,220,64,45,1,-1,-1,-1
304,522,688,220,64,45,1,-1,-1,-1
305,522,688,220,64,44,1,-1,-1,-1
306,522,688,220,64,44,1,-1,-1,-1
307,522,688,220,64,44,1,-1,-1,-1
308,522,688,220,64,44,1,-1,-1,-1
309,522,688,220,64,44,1,-1,-1,-1
310,522,688,220,64,44,1,-1,-1,-1
311,522,688,220,64,44,1,-1,-1,-1
312,522,688,220,64,44,1,-1,-1,-1
313,522,689,220,64,45,1,-1,-1,-1
314,522,689,220,64,45,1,-1,-1,-1
315,522,689,220,64,45,1,-1,-1,-1
316,522,689,220,64,45,1,-1,-1,-1
317,522,689,220,64,45,1,-1,-1,-1
318,522,689,220,64,45,1,-1,-1,-1
319,522,689,220,64,45,1,-1,-1,-1
320,522,689,220,64,45,1,-1,-1,-1
321,522,689,220,63,45,1,-1,-1,-1
322,522,689,220,63,45,1,-1,-1,-1
323,522,689,220,63,45,1,-1,-1,-1
324,522,689,220,63,45,1,-1,-1,-1
325,522,689,220,63,45,1,-1,-1,-1
326,522,689,220,63,45,1,-1,-1,-1
327,522,689,220,63,45,1,-1,-1,-1
328,522,689,220,63,45,1,-1,-1,-1
329,522,689,220,63,45,1,-1,-1,-1
330,522,689,220,63,45,1,-1,-1,-1
331,522,689,220,63,45,1,-1,-1,-1
332,522,689,220,63,45,1,-1,-1,-1
333,522,689,220,63,45,1,-1,-1,-1
334,522,689,220,63,45,1,-1,-1,-1
335,522,689,220,62,45,1,-1,-1,-1
336,522,689,220,63,45,1,-1,-1,-1
337,522,688,220,63,45,1,-1,-1,-1
338,522,688,220,63,45,1,-1,-1,-1
339,522,688,220,63,45,1,-1,-1,-1
340,522,688,220,63,45,1,-1,-1,-1
341,522,688,220,63,45,1,-1,-1,-1
342,522,688,220,63,45,1,-1,-1,-1
343,522,688,220,63,45,1,-1,-1,-1
344,522,688,220,63,45,1,-1,-1,-1
345,522,688,220,64,45,1,-1,-1,-1
346,522,688,220,64,45,1,-1,-1,-1
347,522,688,220,64,45,1,-1,-1,-1
348,522,688,220,64,45,1,-1,-1,-1
349,522,688,220,63,45,1,-1,-1,-1
350,522,688,220,63,45,1,-1,-1,-1
351,522,688,220,63,45,1,-1,-1,-1
352,522,688,220,63,45,1,-1,-1,-1
353,522,688,221,63,44,1,-1,-1,-1
354,522,688,221,63,44,1,-1,-1,-1
355,522,688,221,63,44,1,-1,-1,-1
356,522,688,221,63,44,1,-1,-1,-1
357,522,689,221,63,44,1,-1,-1,-1
358,522,689,221,63,44,1,-1,-1,-1
359,522,689,221,63,44,1,-1,-1,-1
360,522,689,221,63,44,1,-1,-1,-1
361,522,688,220,62,45,1,-1,-1,-1
362,522,688,220,62,44,1,-1,-1,-1
363,522,688,220,62,45,1,-1,-1,-1
364,522,688,220,62,45,1,-1,-1,-1
365,522,688,220,62,45,1,-1,-1,-1
366,522,688,220,62,45,1,-1,-1,-1
367,522,688,220,62,45,1,-1,-1,-1
368,522,688,220,62,45,1,-1,-1,-1
369,522,689,220,62,45,1,-1,-1,-1
370,522,689,220,63,45,1,-1,-1,-1
371,522,689,220,62,45,1,-1,-1,-1
372,522,689,220,62,45,1,-1,-1,-1
373,522,689,220,63,45,1,-1,-1,-1
374,522,689,220,63,45,1,-1,-1,-1
375,522,689,220,63,45,1,-1,-1,-1
376,522,689,220,63,45,1,-1,-1,-1
377,522,689,220,63,45,1,-1,-1,-1
378,522,689,220,63,45,1,-1,-1,-1
379,522,689,220,63,45,1,-1,-1,-1
380,522,689,220,63,45,1,-1,-1,-1
381,522,689,220,63,45,1,-1,-1,-1
382,522,689,220,63,45,1,-1,-1,-1
383,522,689,220,63,45,1,-1,-1,-1
384,522,689,220,63,45,1,-1,-1,-1
385,522,689,221,63,45,1,-1,-1,-1
386,522,689,221,63,45,1,-1,-1,-1
387,522,689,220,63,45,1,-1,-1,-1
388,522,689,220,63,45,1,-1,-1,-1
389,522,689,221,63,45,1,-1,-1,-1
390,522,689,221,63,45,1,-1,-1,-1
391,522,689,221,63,45,1,-1,-1,-1
392,522,689,221,63,45,1,-1,-1,-1
393,522,689,221,63,44,1,-1,-1,-1
394,522,689,221,63,44,1,-1,-1,-1
395,522,689,221,63,44,1,-1,-1,-1
396,522,689,220,62,44,1,-1,-1,-1
397,522,689,220,63,44,1,-1,-1,-1
398,522,689,220,63,44,1,-1,-1,-1
399,522,689,220,62,45,1,-1,-1,-1
400,522,689,220,62,45,1,-1,-1,-1
401,522,689,220,62,45,1,-1,-1,-1
402,522,689,220,62,44,1,-1,-1,-1
403,522,689,220,63,44,1,-1,-1,-1
404,522,689,220,63,44,1,-1,-1,-1
405,522,689,220,63,44,1,-1,-1,-1
406,522,689,220,63,44,1,-1,-1,-1
407,522,689,220,62,45,1,-1,-1,-1
408,522,689,220,62,45,1,-1,-1,-1
409,522,689,220,64,45,1,-1,-1,-1
410,522,689,220,64,45,1,-1,-1,-1
411,522,689,220,64,45,1,-1,-1,-1
412,522,689,220,64,45,1,-1,-1,-1
413,522,689,220,64,45,1,-1,-1,-1
414,522,689,220,64,45,1,-1,-1,-1
415,522,689,220,64,45,1,-1,-1,-1
416,522,689,220,64,45,1,-1,-1,-1
417,522,689,220,63,45,1,-1,-1,-1
418,522,689,220,63,45,1,-1,-1,-1
419,522,689,220,63,45,1,-1,-1,-1
420,522,689,220,64,45,1,-1,-1,-1
421,522,689,220,63,45,1,-1,-1,-1
422,522,689,220,63,44,1,-1,-1,-1
423,522,689,220,63,45,1,-1,-1,-1
424,522,689,220,63,45,1,-1,-1,-1
425,522,688,220,64,44,1,-1,-1,-1
426,522,688,220,64,44,1,-1,-1,-1
427,522,688,220,64,44,1,-1,-1,-1
428,522,688,220,64,44,1,-1,-1,-1
429,522,688,220,64,44,1,-1,-1,-1
430,522,688,220,64,44,1,-1,-1,-1
431,522,688,220,64,44,1,-1,-1,-1
432,522,688,220,64,44,1,-1,-1,-1
433,522,689,220,63,44,1,-1,-1,-1
434,522,689,220,63,44,1,-1,-1,-1
435,522,689,220,63,44,1,-1,-1,-1
436,522,689,220,64,44,1,-1,-1,-1
437,522,689,220,63,44,1,-1,-1,-1
438,522,688,220,64,44,1,-1,-1,-1
439,522,688,220,64,44,1,-1,-1,-1
440,522,688,220,64,44,1,-1,-1,-1
441,522,688,220,64,45,1,-1,-1,-1
442,522,688,220,63,45,1,-1,-1,-1
443,522,688,220,63,45,1,-1,-1,-1
444,522,688,220,64,45,1,-1,-1,-1
445,522,688,220,63,45,1,-1,-1,-1
446,522,688,220,63,44,1,-1,-1,-1
447,522,688,220,63,44,1,-1,-1,-1
448,522,688,220,63,45,1,-1,-1,-1
449,522,688,220,64,45,1,-1,-1,-1
450,522,688,220,64,45,1,-1,-1,-1
451,522,688,220,63,45,1,-1,-1,-1
452,522,688,220,64,45,1,-1,-1,-1
453,522,688,220,64,45,1,-1,-1,-1
454,522,688,220,64,45,1,-1,-1,-1
455,522,688,220,64,45,1,-1,-1,-1
456,522,688,220,64,45,1,-1,-1,-1
457,522,688,220,64,45,1,-1,-1,-1
458,522,688,220,63,45,1,-1,-1,-1
459,522,688,220,63,45,1,-1,-1,-1
460,522,688,220,63,45,1,-1,-1,-1
461,522,688,220,63,45,1,-1,-1,-1
462,522,688,220,63,45,1,-1,-1,-1
463,522,688,220,63,45,1,-1,-1,-1
464,522,688,220,63,45,1,-1,-1,-1
465,522,689,220,63,45,1,-1,-1,-1
466,522,689,220,63,44,1,-1,-1,-1
467,522,689,220,63,45,1,-1,-1,-1
468,522,689,220,63,45,1,-1,-1,-1
469,522,688,220,63,44,1,-1,-1,-1
470,522,688,220,63,44,1,-1,-1,-1
471,522,688,220,63,44,1,-1,-1,-1
472,522,688,220,63,44,1,-1,-1,-1
473,522,688,220,64,44,1,-1,-1,-1
474,522,688,220,64,44,1,-1,-1,-1
475,522,688,220,64,44,1,-1,-1,-1
476,522,689,220,63,44,1,-1,-1,-1
477,522,689,220,63,45,1,-1,-1,-1
478,522,689,220,63,45,1,-1,-1,-1
479,522,689,220,63,45,1,-1,-1,-1
480,522,689,220,63,45,1,-1,-1,-1
481,522,688,220,64,45,1,-1,-1,-1
482,522,688,220,64,45,1,-1,-1,-1
483,522,688,220,64,45,1,-1,-1,-1
484,522,688,220,64,45,1,-1,-1,-1
485,522,688,220,64,45,1,-1,-1,-1
486,522,688,220,64,45,1,-1,-1,-1
487,522,688,220,64,45,1,-1,-1,-1
488,522,688,220,64,45,1,-1,-1,-1
489,522,689,220,63,44,1,-1,-1,-1
490,522,689,220,63,45,1,-1,-1,-1
491,522,689,220,63,45,1,-1,-1,-1
492,522,689,220,63,45,1,-1,-1,-1
493,522,689,221,63,44,1,-1,-1,-1
494,522,689,221,63,44,1,-1,-1,-1
495,522,689,221,63,44,1,-1,-1,-1
496,522,689,221,63,44,1,-1,-1,-1
497,522,689,221,63,44,1,-1,-1,-1
498,522,689,221,63,44,1,-1,-1,-1
499,522,689,221,63,44,1,-1,-1,-1
500,522,689,221,63,44,1,-1,-1,-1
501,522,689,220,63,44,1,-1,-1,-1
502,522,689,221,62,44,1,-1,-1,-1
503,522,689,221,62,44,1,-1,-1,-1
504,522,689,221,63,44,1,-1,-1,-1
505,522,689,220,64,45,1,-1,-1,-1
506,522,689,220,64,45,1,-1,-1,-1
507,522,689,220,63,45,1,-1,-1,-1
508,522,689,220,64,45,1,-1,-1,-1
509,522,689,220,64,45,1,-1,-1,-1
510,522,688,220,64,45,1,-1,-1,-1
511,522,688,220,64,45,1,-1,-1,-1
512,522,688,220,64,45,1,-1,-1,-1
513,522,688,220,64,44,1,-1,-1,-1
514,522,689,220,63,44,1,-1,-1,-1
515,522,689,220,63,44,1,-1,-1,-1
516,522,689,220,63,44,1,-1,-1,-1
517,522,688,220,64,44,1,-1,-1,-1
518,522,688,220,64,44,1,-1,-1,-1
519,522,688,220,64,44,1,-1,-1,-1
520,522,688,220,64,44,1,-1,-1,-1
521,522,688,220,63,44,1,-1,-1,-1
522,522,689,220,63,44,1,-1,-1,-1
523,522,689,220,63,44,1,-1,-1,-1
524,522,689,220,63,44,1,-1,-1,-1
525,522,689,220,63,44,1,-1,-1,-1
526,522,689,220,63,44,1,-1,-1,-1
527,522,689,220,63,44,1,-1,-1,-1
528,522,689,220,63,45,1,-1,-1,-1
529,522,688,220,63,44,1,-1,-1,-1
530,522,688,220,63,44,1,-1,-1,-1
531,522,688,220,63,44,1,-1,-1,-1
532,522,688,220,63,44,1,-1,-1,-1
533,522,688,220,64,44,1,-1,-1,-1
534,522,688,220,63,44,1,-1,-1,-1
535,522,688,220,63,44,1,-1,-1,-1
536,522,688,220,63,44,1,-1,-1,-1
537,522,688,220,63,44,1,-1,-1,-1
538,522,688,220,63,44,1,-1,-1,-1
539,522,689,220,63,44,1,-1,-1,-1
540,522,689,221,63,44,1,-1,-1,-1
541,522,688,221,63,44,1,-1,-1,-1
542,522,688,221,63,44,1,-1,-1,-1
543,522,688,221,63,44,1,-1,-1,-1
544,522,688,221,62,44,1,-1,-1,-1
545,522,689,220,63,44,1,-1,-1,-1
546,522,689,220,63,45,1,-1,-1,-1
547,522,689,220,63,44,1,-1,-1,-1
548,522,689,220,63,45,1,-1,-1,-1
549,522,689,220,63,45,1,-1,-1,-1
550,522,689,220,63,45,1,-1,-1,-1
551,522,689,220,63,45,1,-1,-1,-1
552,522,689,220,63,45,1,-1,-1,-1
553,522,688,220,64,45,1,-1,-1,-1
554,522,688,220,64,45,1,-1,-1,-1
555,522,688,220,64,45,1,-1,-1,-1
556,522,688,220,64,45,1,-1,-1,-1
557,522,688,220,64,45,1,-1,-1,-1
558,522,688,220,64,45,1,-1,-1,-1
559,522,688,220,64,45,1,-1,-1,-1
560,522,688,220,64,45,1,-1,-1,-1
561,522,688,221,64,44,1,-1,-1,-1
562,522,688,221,64,44,1,-1,-1,-1
563,522,688,221,64,44,1,-1,-1,-1
564,522,688,221,64,44,1,-1,-1,-1
565,522,688,221,64,44,1,-1,-1,-1
566,522,688,221,64,44,1,-1,-1,-1
567,522,688,221,64,44,1,-1,-1,-1
568,522,688,221,64,44,1,-1,-1,-1
569,522,688,221,64,43,1,-1,-1,-1
570,522,688,221,64,43,1,-1,-1,-1
571,522,688,221,64,44,1,-1,-1,-1
572,522,688,220,64,44,1,-1,-1,-1
573,522,688,220,64,44,1,-1,-1,-1
574,522,688,220,64,44,1,-1,-1,-1
575,522,688,220,64,44,1,-1,-1,-1
576,522,688,220,64,44,1,-1,-1,-1
577,522,689,220,63,44,1,-1,-1,-1
578,522,689,220,63,44,1,-1,-1,-1
579,522,689,220,63,44,1,-1,-1,-1
580,522,689,220,63,44,1,-1,-1,-1
581,522,689,220,63,44,1,-1,-1,-1
582,522,689,220,63,44,1,-1,-1,-1
583,522,689,220,63,45,1,-1,-1,-1
584,522,689,220,63,45,1,-1,-1,-1
585,522,689,220,63,45,1,-1,-1,-1
586,522,689,220,63,45,1,-1,-1,-1
587,522,689,220,63,45,1,-1,-1,-1
588,522,689,220,63,45,1,-1,-1,-1
589,522,688,220,63,45,1,-1,-1,-1
590,522,688,220,63,45,1,-1,-1,-1
591,522,688,220,63,45,1,-1,-1,-1
592,522,688,220,63,44,1,-1,-1,-1
593,522,689,220,63,44,1,-1,-1,-1
594,522,689,220,63,44,1,-1,-1,-1
595,522,689,220,63,44,1,-1,-1,-1
596,522,689,220,63,44,1,-1,-1,-1
597,522,689,220,63,45,1,-1,-1,-1
598,522,689,220,63,44,1,-1,-1,-1
599,522,689,220,63,44,1,-1,-1,-1
600,522,689,220,63,44,1,-1,-1,-1
601,522,689,220,63,44,1,-1,-1,-1
602,522,689,220,63,44,1,-1,-1,-1
603,522,689,220,63,44,1,-1,-1,-1
604,522,689,220,63,44,1,-1,-1,-1
605,522,689,220,63,44,1,-1,-1,-1
606,522,689,220,63,44,1,-1,-1,-1
607,522,689,220,63,44,1,-1,-1,-1
608,522,689,220,63,44,1,-1,-1,-1
609,522,689,220,63,45,1,-1,-1,-1
610,522,689,220,63,45,1,-1,-1,-1
611,522,689,220,63,45,1,-1,-1,-1
612,522,689,220,63,45,1,-1,-1,-1
613,522,688,220,63,45,1,-1,-1,-1
614,522,688,220,63,45,1,-1,-1,-1
615,522,688,220,63,45,1,-1,-1,-1
616,522,689,220,63,45,1,-1,-1,-1
617,522,688,220,63,45,1,-1,-1,-1
618,522,688,220,63,45,1,-1,-1,-1
619,522,688,220,63,45,1,-1,-1,-1
620,522,688,220,63,45,1,-1,-1,-1
621,522,689,220,63,45,1,-1,-1,-1
622,522,689,220,63,45,1,-1,-1,-1
623,522,689,220,63,45,1,-1,-1,-1
624,522,689,220,63,45,1,-1,-1,-1
625,522,689,220,63,45,1,-1,-1,-1
626,522,689,220,63,45,1,-1,-1,-1
627,522,689,220,63,45,1,-1,-1,-1
628,522,689,220,63,45,1,-1,-1,-1
629,522,689,220,63,45,1,-1,-1,-1
630,522,689,220,63,45,1,-1,-1,-1
631,522,689,220,63,45,1,-1,-1,-1
632,522,689,220,63,45,1,-1,-1,-1
633,522,689,220,63,44,1,-1,-1,-1
634,522,689,220,63,44,1,-1,-1,-1
635,522,689,220,63,44,1,-1,-1,-1
636,522,689,220,63,44,1,-1,-1,-1
637,522,689,221,63,44,1,-1,-1,-1
638,522,689,221,63,44,1,-1,-1,-1
639,522,689,221,63,44,1,-1,-1,-1
640,522,689,221,63,44,1,-1,-1,-1
641,522,689,220,63,44,1,-1,-1,-1
642,522,689,220,63,44,1,-1,-1,-1
643,522,689,220,63,44,1,-1,-1,-1
644,522,689,220,63,44,1,-1,-1,-1
645,522,689,220,63,44,1,-1,-1,-1
646,522,689,220,63,44,1,-1,-1,-1
647,522,689,220,63,44,1,-1,-1,-1
648,522,689,220,63,44,1,-1,-1,-1
649,522,688,220,63,44,1,-1,-1,-1
650,522,688,220,63,44,1,-1,-1,-1
651,522,688,220,63,44,1,-1,-1,-1
652,522,688,220,63,44,1,-1,-1,-1
653,522,688,220,63,45,1,-1,-1,-1
654,522,688,220,63,45,1,-1,-1,-1
655,522,688,220,63,45,1,-1,-1,-1
656,522,688,220,63,45,1,-1,-1,-1
657,522,689,220,63,44,1,-1,-1,-1
658,522,689,220,63,44,1,-1,-1,-1
659,522,689,221,63,44,1,-1,-1,-1
660,522,689,220,63,45,1,-1,-1,-1
661,522,689,220,63,45,1,-1,-1,-1
662,522,689,221,63,44,1,-1,-1,-1
663,522,689,221,63,44,1,-1,-1,-1
664,522,689,220,63,44,1,-1,-1,-1
665,522,689,220,63,44,1,-1,-1,-1
666,522,689,220,63,45,1,-1,-1,-1
667,522,689,220,63,44,1,-1,-1,-1
668,522,688,220,63,44,1,-1,-1,-1
669,522,689,220,63,44,1,-1,-1,-1
670,522,689,220,63,45,1,-1,-1,-1
671,522,689,220,63,45,1,-1,-1,-1
672,522,689,220,63,45,1,-1,-1,-1
673,522,689,220,63,45,1,-1,-1,-1
674,522,689,220,62,45,1,-1,-1,-1
675,522,689,220,62,45,1,-1,-1,-1
676,522,689,220,63,45,1,-1,-1,-1
677,522,689,220,63,45,1,-1,-1,-1
678,522,689,221,63,45,1,-1,-1,-1
679,522,689,221,63,44,1,-1,-1,-1
680,522,689,221,63,45,1,-1,-1,-1
681,522,689,221,62,44,1,-1,-1,-1
682,522,689,221,62,44,1,-1,-1,-1
683,522,689,221,62,44,1,-1,-1,-1
684,522,689,221,62,44,1,-1,-1,-1
685,522,689,221,63,44,1,-1,-1,-1
686,522,689,221,62,44,1,-1,-1,-1
687,522,689,221,63,44,1,-1,-1,-1
688,522,689,221,62,44,1,-1,-1,-1
689,522,688,221,64,44,1,-1,-1,-1
690,522,689,221,63,44,1,-1,-1,-1
691,522,689,221,63,44,1,-1,-1,-1
692,522,689,221,63,44,1,-1,-1,-1
693,522,689,221,63,44,1,-1,-1,-1
694,522,689,221,63,44,1,-1,-1,-1
695,522,689,221,63,44,1,-1,-1,-1
696,522,689,221,63,44,1,-1,-1,-1
697,522,689,220,64,45,1,-1,-1,-1
698,522,689,220,64,45,1,-1,-1,-1
699,522,689,220,64,45,1,-1,-1,-1
700,522,689,220,63,45,1,-1,-1,-1
701,522,689,220,63,45,1,-1,-1,-1
702,522,689,220,64,45,1,-1,-1,-1
703,522,689,220,64,45,1,-1,-1,-1
704,522,689,220,63,45,1,-1,-1,-1
705,522,689,220,64,45,1,-1,-1,-1
706,522,689,220,64,45,1,-1,-1,-1
707,522,689,220,64,45,1,-1,-1,-1
708,522,689,220,64,45,1,-1,-1,-1
709,522,689,220,63,44,1,-1,-1,-1
710,522,689,220,63,44,1,-1,-1,-1
711,522,689,220,64,44,1,-1,-1,-1
712,522,689,220,64,44,1,-1,-1,-1
713,522,689,220,63,44,1,-1,-1,-1
714,522,689,220,63,44,1,-1,-1,-1
715,522,689,220,63,44,1,-1,-1,-1
716,522,689,220,63,44,1,-1,-1,-1
717,522,689,220,63,44,1,-1,-1,-1
718,522,689,220,63,44,1,-1,-1,-1
719,522,689,220,63,44,1,-1,-1,-1
720,522,689,220,63,44,1,-1,-1,-1
721,522,689,221,62,44,1,-1,-1,-1
722,522,689,221,62,44,1,-1,-1,-1
723,522,689,221,62,44,1,-1,-1,-1
724,522,689,221,62,44,1,-1,-1,-1
725,522,689,221,62,44,1,-1,-1,-1
726,522,689,221,62,44,1,-1,-1,-1
727,522,689,221,63,44,1,-1,-1,-1
728,522,689,221,62,44,1,-1,-1,-1
729,522,689,221,64,44,1,-1,-1,-1
730,522,689,221,63,44,1,-1,-1,-1
731,522,689,221,63,44,1,-1,-1,-1
732,522,689,221,63,44,1,-1,-1,-1
733,522,688,220,64,44,1,-1,-1,-1
734,522,688,220,64,44,1,-1,-1,-1
735,522,688,220,64,44,1,-1,-1,-1
736,522,688,221,64,44,1,-1,-1,-1
737,522,689,220,63,44,1,-1,-1,-1
738,522,689,220,63,45,1,-1,-1,-1
739,522,689,220,63,44,1,-1,-1,-1
740,522,689,221,63,44,1,-1,-1,-1
741,522,689,221,63,44,1,-1,-1,-1
742,522,689,221,63,44,1,-1,-1,-1
743,522,689,221,63,44,1,-1,-1,-1
744,522,689,221,63,44,1,-1,-1,-1
745,522,688,221,63,44,1,-1,-1,-1
746,522,688,221,63,44,1,-1,-1,-1
747,522,688,221,63,44,1,-1,-1,-1
748,522,688,221,63,44,1,-1,-1,-1
749,522,688,221,63,44,1,-1,-1,-1
750,522,688,221,63,44,1,-1,-1,-1
751,522,688,221,63,44,1,-1,-1,-1
752,522,688,221,63,44,1,-1,-1,-1
753,522,689,220,62,45,1,-1,-1,-1
754,522,689,220,62,45,1,-1,-1,-1
755,522,689,220,62,45,1,-1,-1,-1
756,522,689,220,62,45,1,-1,-1,-1
757,522,689,220,62,44,1,-1,-1,-1
758,522,689,220,62,44,1,-1,-1,-1
759,522,689,220,62,45,1,-1,-1,-1
760,522,689,220,62,45,1,-1,-1,-1
761,522,689,220,63,45,1,-1,-1,-1
762,522,689,220,63,45,1,-1,-1,-1
763,522,689,220,62,44,1,-1,-1,-1
764,522,689,220,62,45,1,-1,-1,-1
765,522,688,220,62,44,1,-1,-1,-1
766,522,688,220,62,44,1,-1,-1,-1
767,522,688,220,62,44,1,-1,-1,-1
768,522,688,220,62,44,1,-1,-1,-1
769,522,689,221,62,45,1,-1,-1,-1
770,522,689,221,62,45,1,-1,-1,-1
771,522,689,221,62,45,1,-1,-1,-1
772,522,689,221,62,45,1,-1,-1,-1
773,522,689,221,62,45,1,-1,-1,-1
774,522,689,221,62,45,1,-1,-1,-1
775,522,689,221,62,45,1,-1,-1,-1
776,522,689,221,62,45,1,-1,-1,-1
777,522,689,221,63,44,1,-1,-1,-1
778,522,689,221,63,44,1,-1,-1,-1
779,522,689,221,63,44,1,-1,-1,-1
780,522,689,221,63,44,1,-1,-1,-1
781,522,689,221,62,45,1,-1,-1,-1
782,522,689,221,62,45,1,-1,-1,-1
783,522,689,221,62,45,1,-1,-1,-1
784,522,689,221,62,45,1,-1,-1,-1
785,522,689,221,62,45,1,-1,-1,-1
786,522,689,221,63,45,1,-1,-1,-1
787,522,689,221,63,45,1,-1,-1,-1
788,522,689,221,63,45,1,-1,-1,-1
789,522,689,221,63,45,1,-1,-1,-1
790,522,689,221,63,45,1,-1,-1,-1
791,522,689,221,63,45,1,-1,-1,-1
792,522,689,221,63,45,1,-1,-1,-1
793,522,689,221,62,44,1,-1,-1,-1
794,522,689,221,63,44,1,-1,-1,-1
795,522,689,221,63,44,1,-1,-1,-1
796,522,689,220,62,44,1,-1,-1,-1
797,522,689,220,63,44,1,-1,-1,-1
798,522,689,220,62,45,1,-1,-1,-1
799,522,689,220,62,45,1,-1,-1,-1
800,522,689,220,63,45,1,-1,-1,-1
801,522,689,221,62,44,1,-1,-1,-1
802,522,689,221,62,44,1,-1,-1,-1
803,522,689,221,62,44,1,-1,-1,-1
804,522,689,221,62,44,1,-1,-1,-1
805,522,688,221,63,44,1,-1,-1,-1
806,522,688,221,63,44,1,-1,-1,-1
807,522,688,221,63,44,1,-1,-1,-1
808,522,688,221,63,44,1,-1,-1,-1
809,522,688,221,62,44,1,-1,-1,-1
810,522,689,221,62,44,1,-1,-1,-1
811,522,689,221,62,44,1,-1,-1,-1
812,522,689,221,62,44,1,-1,-1,-1
813,522,689,221,62,44,1,-1,-1,-1
814,522,689,221,62,45,1,-1,-1,-1
815,522,689,221,62,45,1,-1,-1,-1
816,522,689,221,62,44,1,-1,-1,-1
817,522,688,221,63,44,1,-1,-1,-1
818,522,688,221,63,44,1,-1,-1,-1
819,522,688,221,63,44,1,-1,-1,-1
820,522,688,221,63,44,1,-1,-1,-1
821,522,688,221,63,44,1,-1,-1,-1
822,522,688,221,63,44,1,-1,-1,-1
823,522,688,221,62,44,1,-1,-1,-1
824,522,688,221,62,44,1,-1,-1,-1
825,522,689,221,62,44,1,-1,-1,-1
826,522,689,221,62,44,1,-1,-1,-1
827,522,689,221,62,44,1,-1,-1,-1
828,522,689,221,62,44,1,-1,-1,-1
829,522,689,221,62,45,1,-1,-1,-1
830,522,689,221,63,45,1,-1,-1,-1
831,522,689,221,63,45,1,-1,-1,-1
832,522,689,221,62,45,1,-1,-1,-1
833,522,689,221,63,44,1,-1,-1,-1
834,522,689,221,63,44,1,-1,-1,-1
835,522,689,221,63,44,1,-1,-1,-1
836,522,689,221,63,44,1,-1,-1,-1
837,522,688,221,62,44,1,-1,-1,-1
838,522,688,221,62,44,1,-1,-1,-1
839,522,688,221,63,44,1,-1,-1,-1
840,522,688,221,63,44,1,-1,-1,-1
841,522,689,221,62,44,1,-1,-1,-1
842,522,689,221,62,44,1,-1,-1,-1
843,522,689,221,62,44,1,-1,-1,-1
844,522,689,221,62,44,1,-1,-1,-1
845,522,689,221,62,44,1,-1,-1,-1
846,522,689,221,62,44,1,-1,-1,-1
847,522,689,220,62,44,1,-1,-1,-1
848,522,690,220,62,44,1,-1,-1,-1
849,522,689,221,62,44,1,-1,-1,-1
850,522,689,221,62,44,1,-1,-1,-1
851,522,689,221,62,44,1,-1,-1,-1
852,522,689,221,62,44,1,-1,-1,-1
853,522,690,221,63,44,1,-1,-1,-1
854,522,690,221,63,45,1,-1,-1,-1
855,522,690,221,63,45,1,-1,-1,-1
856,522,690,221,62,44,1,-1,-1,-1
857,522,690,221,62,44,1,-1,-1,-1
858,522,690,221,62,45,1,-1,-1,-1
859,522,690,221,62,45,1,-1,-1,-1
860,522,690,221,62,45,1,-1,-1,-1
861,522,689,221,62,45,1,-1,-1,-1
862,522,689,221,63,45,1,-1,-1,-1
863,522,689,221,62,45,1,-1,-1,-1
864,522,690,221,62,45,1,-1,-1,-1
865,522,689,221,64,44,1,-1,-1,-1
866,522,688,221,64,44,1,-1,-1,-1
867,522,689,221,63,44,1,-1,-1,-1
868,522,689,221,64,44,1,-1,-1,-1
869,522,689,221,64,44,1,-1,-1,-1
870,522,689,221,63,44,1,-1,-1,-1
871,522,689,221,63,44,1,-1,-1,-1
872,522,689,221,63,44,1,-1,-1,-1
873,522,689,221,63,44,1,-1,-1,-1
874,522,689,221,63,44,1,-1,-1,-1
875,522,689,221,63,44,1,-1,-1,-1
876,522,690,221,63,44,1,-1,-1,-1
877,522,690,220,62,44,1,-1,-1,-1
878,522,689,220,63,45,1,-1,-1,-1
879,522,690,220,63,45,1,-1,-1,-1
880,522,689,220,63,44,1,-1,-1,-1
881,522,689,221,63,44,1,-1,-1,-1
882,522,688,221,64,44,1,-1,-1,-1
883,522,689,220,64,44,1,-1,-1,-1
884,522,689,221,63,44,1,-1,-1,-1
885,522,689,221,63,44,1,-1,-1,-1
886,522,689,221,63,44,1,-1,-1,-1
887,522,689,221,63,44,1,-1,-1,-1
888,522,689,221,63,44,1,-1,-1,-1
889,522,689,220,63,45,1,-1,-1,-1
890,522,689,220,62,45,1,-1,-1,-1
891,522,689,220,63,45,1,-1,-1,-1
892,522,689,220,63,45,1,-1,-1,-1
893,522,689,220,63,45,1,-1,-1,-1
894,522,689,220,63,45,1,-1,-1,-1
895,522,689,220,63,45,1,-1,-1,-1
896,522,689,220,62,45,1,-1,-1,-1
897,522,689,220,63,45,1,-1,-1,-1
898,522,689,220,63,45,1,-1,-1,-1
899,522,689,220,63,45,1,-1,-1,-1
900,522,689,220,63,44,1,-1,-1,-1
901,522,689,221,63,44,1,-1,-1,-1
902,522,689,221,63,44,1,-1,-1,-1
903,522,689,221,63,44,1,-1,-1,-1
904,522,689,221,63,44,1,-1,-1,-1
905,522,689,220,63,45,1,-1,-1,-1
906,522,689,220,63,45,1,-1,-1,-1
907,522,689,220,63,45,1,-1,-1,-1
908,522,689,220,63,45,1,-1,-1,-1
909,522,689,220,63,45,1,-1,-1,-1
910,522,689,220,63,45,1,-1,-1,-1
911,522,689,220,63,45,1,-1,-1,-1
912,522,689,220,63,45,1,-1,-1,-1
913,522,689,220,63,45,1,-1,-1,-1
914,522,689,220,63,45,1,-1,-1,-1
915,522,689,220,63,45,1,-1,-1,-1
916,522,689,220,63,45,1,-1,-1,-1
917,522,689,220,63,45,1,-1,-1,-1
918,522,689,220,63,45,1,-1,-1,-1
919,522,689,220,63,45,1,-1,-1,-1
920,522,688,220,64,45,1,-1,-1,-1
921,522,689,220,63,45,1,-1,-1,-1
922,522,689,220,62,45,1,-1,-1,-1
923,522,689,220,62,45,1,-1,-1,-1
924,522,689,220,63,45,1,-1,-1,-1
925,522,689,220,63,44,1,-1,-1,-1
926,522,689,220,63,44,1,-1,-1,-1
927,522,689,220,63,44,1,-1,-1,-1
928,522,688,220,63,44,1,-1,-1,-1
929,522,689,220,63,45,1,-1,-1,-1
930,522,689,220,63,45,1,-1,-1,-1
931,522,689,220,63,45,1,-1,-1,-1
932,522,689,220,63,45,1,-1,-1,-1
933,522,689,220,63,45,1,-1,-1,-1
934,522,689,220,63,45,1,-1,-1,-1
935,522,689,220,63,45,1,-1,-1,-1
936,522,689,220,63,45,1,-1,-1,-1
937,522,689,220,63,45,1,-1,-1,-1
938,522,689,220,63,45,1,-1,-1,-1
939,522,689,220,63,45,1,-1,-1,-1
940,522,689,220,63,45,1,-1,-1,-1
941,522,689,220,63,45,1,-1,-1,-1
942,522,689,220,63,45,1,-1,-1,-1
943,522,689,220,63,45,1,-1,-1,-1
944,522,689,220,63,45,1,-1,-1,-1
945,522,689,221,63,44,1,-1,-1,-1
946,522,689,221,63,44,1,-1,-1,-1
947,522,689,221,63,44,1,-1,-1,-1
948,522,689,221,63,44,1,-1,-1,-1
949,522,689,220,63,45,1,-1,-1,-1
950,522,689,220,63,45,1,-1,-1,-1
951,522,689,220,63,45,1,-1,-1,-1
952,522,689,220,63,45,1,-1,-1,-1
953,522,689,220,63,45,1,-1,-1,-1
954,522,689,220,63,45,1,-1,-1,-1
955,522,689,220,63,45,1,-1,-1,-1
956,522,689,220,63,45,1,-1,-1,-1
957,522,689,220,63,45,1,-1,-1,-1
958,522,689,220,63,45,1,-1,-1,-1
959,522,689,220,63,45,1,-1,-1,-1
960,522,689,220,63,45,1,-1,-1,-1
961,522,689,220,63,45,1,-1,-1,-1
962,522,689,220,63,45,1,-1,-1,-1
963,522,689,220,63,45,1,-1,-1,-1
964,522,689,220,63,45,1,-1,-1,-1
965,522,689,220,63,45,1,-1,-1,-1
966,522,689,220,63,45,1,-1,-1,-1
967,522,689,220,63,45,1,-1,-1,-1
968,522,689,220,63,45,1,-1,-1,-1
969,522,689,220,63,45,1,-1,-1,-1
970,522,689,220,63,45,1,-1,-1,-1
971,522,689,220,63,45,1,-1,-1,-1
972,522,689,220,63,45,1,-1,-1,-1
973,522,689,220,63,45,1,-1,-1,-1
974,522,689,220,63,45,1,-1,-1,-1
975,522,689,220,63,45,1,-1,-1,-1
976,522,689,220,63,45,1,-1,-1,-1
977,522,689,221,62,44,1,-1,-1,-1
978,522,689,221,62,44,1,-1,-1,-1
979,522,689,221,62,44,1,-1,-1,-1
980,522,689,221,62,44,1,-1,-1,-1
981,522,689,221,62,44,1,-1,-1,-1
982,522,689,221,62,44,1,-1,-1,-1
983,522,689,221,62,44,1,-1,-1,-1
984,522,689,221,62,44,1,-1,-1,-1
985,522,689,220,63,45,1,-1,-1,-1
986,522,689,220,63,45,1,-1,-1,-1
987,522,689,220,63,45,1,-1,-1,-1
988,522,689,220,63,45,1,-1,-1,-1
989,522,689,220,63,45,1,-1,-1,-1
990,522,689,220,62,45,1,-1,-1,-1
991,522,689,220,62,45,1,-1,-1,-1
992,522,689,220,62,45,1,-1,-1,-1
993,522,689,220,62,45,1,-1,-1,-1
994,522,689,220,62,45,1,-1,-1,-1
995,522,689,220,62,45,1,-1,-1,-1
996,522,689,220,62,45,1,-1,-1,-1
997,522,689,220,63,45,1,-1,-1,-1
998,522,689,220,63,45,1,-1,-1,-1
999,522,689,220,63,45,1,-1,-1,-1
1000,522,689,220,63,45,1,-1,-1,-1
1001,522,689,220,63,45,1,-1,-1,-1
1002,522,689,220,63,45,1,-1,-1,-1
1003,522,689,220,63,45,1,-1,-1,-1
1004,522,689,220,63,45,1,-1,-1,-1
1005,522,689,220,63,45,1,-1,-1,-1
1006,522,689,220,63,45,1,-1,-1,-1
1007,522,689,220,63,45,1,-1,-1,-1
1008,522,689,220,63,45,1,-1,-1,-1
1009,522,689,220,64,45,1,-1,-1,-1
1010,522,689,220,63,45,1,-1,-1,-1
1011,522,689,220,63,45,1,-1,-1,-1
1012,522,689,220,63,45,1,-1,-1,-1
1013,522,689,220,63,45,1,-1,-1,-1
1014,522,689,220,63,45,1,-1,-1,-1
1015,522,689,220,63,45,1,-1,-1,-1
1016,522,689,220,63,45,1,-1,-1,-1
1017,522,689,220,63,45,1,-1,-1,-1
1018,522,689,220,63,45,1,-1,-1,-1
1019,522,689,220,63,45,1,-1,-1,-1
1020,522,689,220,63,45,1,-1,-1,-1
1021,522,689,220,63,46,1,-1,-1,-1
1022,522,689,220,63,46,1,-1,-1,-1
1023,522,689,220,63,46,1,-1,-1,-1
1024,522,689,220,63,46,1,-1,-1,-1
1025,522,689,220,63,45,1,-1,-1,-1
1026,522,689,220,63,45,1,-1,-1,-1
1027,522,689,220,63,45,1,-1,-1,-1
1028,522,689,220,63,45,1,-1,-1,-1
1029,522,689,220,63,45,1,-1,-1,-1
1030,522,689,220,63,45,1,-1,-1,-1
1031,522,689,220,63,45,1,-1,-1,-1
1032,522,689,220,63,45,1,-1,-1,-1
1033,522,689,220,63,45,1,-1,-1,-1
1034,522,688,220,63,45,1,-1,-1,-1
1035,522,688,220,63,45,1,-1,-1,-1
1036,522,688,220,63,45,1,-1,-1,-1
1037,522,688,220,63,45,1,-1,-1,-1
1038,522,688,220,63,45,1,-1,-1,-1
1039,522,688,220,64,45,1,-1,-1,-1
1040,522,688,220,64,45,1,-1,-1,-1
1041,522,688,221,63,45,1,-1,-1,-1
1042,522,688,221,63,45,1,-1,-1,-1
1043,522,688,221,63,45,1,-1,-1,-1
1044,522,688,220,63,45,1,-1,-1,-1
1045,522,688,221,63,45,1,-1,-1,-1
1046,522,688,221,63,45,1,-1,-1,-1
1047,522,688,221,63,45,1,-1,-1,-1
1048,522,688,221,63,45,1,-1,-1,-1
1049,522,689,220,63,45,1,-1,-1,-1
1050,522,689,220,63,45,1,-1,-1,-1
1051,522,689,220,63,45,1,-1,-1,-1
1052,522,688,220,63,45,1,-1,-1,-1
1053,522,688,220,63,45,1,-1,-1,-1
1054,522,688,220,63,45,1,-1,-1,-1
1055,522,688,220,63,45,1,-1,-1,-1
1056,522,689,221,63,45,1,-1,-1,-1
1057,522,688,220,63,45,1,-1,-1,-1
1058,522,688,220,63,45,1,-1,-1,-1
1059,522,688,220,63,45,1,-1,-1,-1
1060,522,688,220,63,45,1,-1,-1,-1
1061,522,688,220,63,45,1,-1,-1,-1
1062,522,688,220,63,45,1,-1,-1,-1
1063,522,688,220,63,45,1,-1,-1,-1
1064,522,688,220,63,45,1,-1,-1,-1
1065,522,688,221,63,45,1,-1,-1,-1
1066,522,688,221,63,45,1,-1,-1,-1
1067,522,688,221,63,45,1,-1,-1,-1
1068,522,688,221,63,45,1,-1,-1,-1
1069,522,688,221,63,45,1,-1,-1,-1
1070,522,688,221,63,45,1,-1,-1,-1
1071,522,688,221,63,45,1,-1,-1,-1
1072,522,688,221,63,45,1,-1,-1,-1
1073,522,689,220,63,45,1,-1,-1,-1
1074,522,689,220,63,45,1,-1,-1,-1
1075,522,688,220,63,45,1,-1,-1,-1
1076,522,689,220,63,45,1,-1,-1,-1
1077,522,689,220,63,45,1,-1,-1,-1
1078,522,689,220,63,45,1,-1,-1,-1
1079,522,689,220,63,45,1,-1,-1,-1
1080,522,689,220,63,45,1,-1,-1,-1
1081,522,688,221,63,45,1,-1,-1,-1
1082,522,688,221,63,45,1,-1,-1,-1
1083,522,688,221,63,45,1,-1,-1,-1
1084,522,688,221,63,45,1,-1,-1,-1
1085,522,688,221,63,45,1,-1,-1,-1
1086,522,688,221,63,45,1,-1,-1,-1
1087,522,688,221,63,45,1,-1,-1,-1
1088,522,688,221,63,45,1,-1,-1,-1
1089,522,689,220,63,45,1,-1,-1,-1
1090,522,689,220,63,45,1,-1,-1,-1
1091,522,689,220,63,45,1,-1,-1,-1
1092,522,689,220,63,45,1,-1,-1,-1
1093,522,689,220,62,45,1,-1,-1,-1
1094,522,689,220,62,45,1,-1,-1,-1
1095,522,689,220,62,45,1,-1,-1,-1
1096,522,689,220,62,45,1,-1,-1,-1
1097,522,689,221,62,45,1,-1,-1,-1
1098,522,689,221,62,45,1,-1,-1,-1
1099,522,689,221,63,45,1,-1,-1,-1
1100,522,689,221,63,45,1,-1,-1,-1
1101,522,689,221,63,45,1,-1,-1,-1
1102,522,689,221,62,45,1,-1,-1,-1
1103,522,689,221,62,45,1,-1,-1,-1
1104,522,689,221,62,45,1,-1,-1,-1
1105,522,688,220,64,45,1,-1,-1,-1
1106,522,688,220,64,45,1,-1,-1,-1
1107,522,688,220,64,45,1,-1,-1,-1
1108,522,688,220,64,45,1,-1,-1,-1
1109,522,688,220,64,45,1,-1,-1,-1
1110,522,688,220,64,45,1,-1,-1,-1
1111,522,688,221,64,45,1,-1,-1,-1
1112,522,688,220,64,45,1,-1,-1,-1
1113,522,689,220,64,45,1,-1,-1,-1
1114,522,689,220,64,45,1,-1,-1,-1
1115,522,689,220,64,45,1,-1,-1,-1
1116,522,689,221,64,45,1,-1,-1,-1
1117,522,688,220,64,46,1,-1,-1,-1
1118,522,688,220,64,45,1,-1,-1,-1
1119,522,688,220,64,45,1,-1,-1,-1
1120,522,688,220,64,45,1,-1,-1,-1
1121,522,688,221,64,45,1,-1,-1,-1
1122,522,688,221,64,45,1,-1,-1,-1
1123,522,688,221,64,45,1,-1,-1,-1
1124,522,688,221,64,45,1,-1,-1,-1
1125,522,688,220,63,45,1,-1,-1,-1
1126,522,688,220,64,45,1,-1,-1,-1
1127,522,689,220,63,45,1,-1,-1,-1
1128,522,688,221,63,45,1,-1,-1,-1
1129,522,689,220,63,45,1,-1,-1,-1
1130,522,688,220,63,45,1,-1,-1,-1
1131,522,689,220,63,45,1,-1,-1,-1
1132,522,689,220,63,45,1,-1,-1,-1
1133,522,688,220,63,45,1,-1,-1,-1
1134,522,688,221,63,45,1,-1,-1,-1
1135,522,688,221,63,45,1,-1,-1,-1
1136,522,688,221,63,45,1,-1,-1,-1
1137,522,689,220,63,45,1,-1,-1,-1
1138,522,688,220,64,45,1,-1,-1,-1
1139,522,688,220,64,45,1,-1,-1,-1
1140,522,689,220,63,45,1,-1,-1,-1
1141,522,688,220,64,45,1,-1,-1,-1
1142,522,688,220,64,45,1,-1,-1,-1
1143,522,688,220,64,45,1,-1,-1,-1
1144,522,688,220,64,45,1,-1,-1,-1
1145,522,689,220,63,45,1,-1,-1,-1
1146,522,689,220,63,45,1,-1,-1,-1
1147,522,689,220,63,45,1,-1,-1,-1
1148,522,689,221,62,45,1,-1,-1,-1
1149,522,689,220,63,45,1,-1,-1,-1
1150,522,688,220,63,45,1,-1,-1,-1
1151,522,689,220,63,45,1,-1,-1,-1
1152,522,689,221,63,45,1,-1,-1,-1
1153,522,689,221,62,44,1,-1,-1,-1
1154,522,689,221,62,44,1,-1,-1,-1
1155,522,689,221,62,45,1,-1,-1,-1
1156,522,689,221,62,45,1,-1,-1,-1
1157,522,689,221,61,44,1,-1,-1,-1
1158,522,689,221,62,44,1,-1,-1,-1
1159,522,689,221,62,44,1,-1,-1,-1
1160,522,689,221,61,44,1,-1,-1,-1
1161,522,689,221,62,45,1,-1,-1,-1
1162,522,689,221,62,45,1,-1,-1,-1
1163,522,689,221,62,45,1,-1,-1,-1
1164,522,689,221,62,45,1,-1,-1,-1
1165,522,689,220,62,45,1,-1,-1,-1
1166,522,689,220,63,45,1,-1,-1,-1
1167,522,689,220,63,45,1,-1,-1,-1
1168,522,689,220,63,45,1,-1,-1,-1
1169,522,689,220,63,45,1,-1,-1,-1
1170,522,689,220,63,45,1,-1,-1,-1
1171,522,689,220,63,45,1,-1,-1,-1
1172,522,689,220,63,45,1,-1,-1,-1
1173,522,689,220,63,45,1,-1,-1,-1
1174,522,689,220,63,45,1,-1,-1,-1
1175,522,689,220,63,45,1,-1,-1,-1
1176,522,689,220,63,45,1,-1,-1,-1
1177,522,688,220,63,45,1,-1,-1,-1
1178,522,688,220,63,45,1,-1,-1,-1
1179,522,688,220,63,45,1,-1,-1,-1
1180,522,688,220,64,45,1,-1,-1,-1
1181,522,688,220,63,45,1,-1,-1,-1
1182,522,688,220,64,45,1,-1,-1,-1
1183,522,689,220,63,45,1,-1,-1,-1
1184,522,689,220,63,45,1,-1,-1,-1
1185,522,688,220,63,45,1,-1,-1,-1
1186,522,688,221,63,45,1,-1,-1,-1
1187,522,689,220,63,45,1,-1,-1,-1
1188,522,689,220,63,45,1,-1,-1,-1
1189,522,688,221,63,45,1,-1,-1,-1
1190,522,688,221,63,45,1,-1,-1,-1
1191,522,688,221,63,45,1,-1,-1,-1
1192,522,688,221,63,45,1,-1,-1,-1
1193,522,689,221,63,45,1,-1,-1,-1
1194,522,689,221,63,44,1,-1,-1,-1
1195,522,689,221,63,44,1,-1,-1,-1
1196,522,689,221,63,44,1,-1,-1,-1
1197,522,689,221,63,45,1,-1,-1,-1
1198,522,689,221,63,45,1,-1,-1,-1
1199,522,689,221,63,45,1,-1,-1,-1
1200,522,689,221,63,45,1,-1,-1,-1
1201,522,689,221,63,45,1,-1,-1,-1
1202,522,689,221,63,45,1,-1,-1,-1
1203,522,689,221,63,45,1,-1,-1,-1
1204,522,689,221,63,45,1,-1,-1,-1
1205,522,689,221,63,45,1,-1,-1,-1
1206,522,689,221,62,45,1,-1,-1,-1
1207,522,689,221,62,45,1,-1,-1,-1
1208,522,689,221,63,45,1,-1,-1,-1
1209,522,688,220,63,45,1,-1,-1,-1
1210,522,688,220,63,45,1,-1,-1,-1
1211,522,689,220,63,45,1,-1,-1,-1
1212,522,689,220,63,45,1,-1,-1,-1
1213,522,688,220,64,44,1,-1,-1,-1
1214,522,688,220,64,44,1,-1,-1,-1
1215,522,688,220,64,44,1,-1,-1,-1
1216,522,688,220,64,44,1,-1,-1,-1
1217,522,689,220,63,45,1,-1,-1,-1
1218,522,689,221,63,45,1,-1,-1,-1
1219,522,689,221,63,45,1,-1,-1,-1
1220,522,689,221,63,44,1,-1,-1,-1
1221,522,689,220,63,45,1,-1,-1,-1
1222,522,689,220,63,45,1,-1,-1,-1
1223,522,689,221,63,45,1,-1,-1,-1
1224,522,689,220,63,44,1,-1,-1,-1
1225,522,688,220,62,45,1,-1,-1,-1
1226,522,688,220,62,45,1,-1,-1,-1
1227,522,688,220,62,45,1,-1,-1,-1
1228,522,688,220,62,45,1,-1,-1,-1
1229,522,688,220,62,45,1,-1,-1,-1
1230,522,688,220,62,45,1,-1,-1,-1
1231,522,688,220,62,45,1,-1,-1,-1
1232,522,688,220,63,45,1,-1,-1,-1
1233,522,688,220,63,45,1,-1,-1,-1
1234,522,688,220,63,45,1,-1,-1,-1
1235,522,688,220,63,45,1,-1,-1,-1
1236,522,688,220,63,45,1,-1,-1,-1
1237,522,688,221,63,44,1,-1,-1,-1
1238,522,688,221,63,44,1,-1,-1,-1
1239,522,688,221,63,44,1,-1,-1,-1
1240,522,688,221,63,44,1,-1,-1,-1
1241,522,689,221,63,44,1,-1,-1,-1
1242,522,688,221,63,44,1,-1,-1,-1
1243,522,688,221,63,44,1,-1,-1,-1
1244,522,688,221,63,44,1,-1,-1,-1
1245,522,688,221,63,44,1,-1,-1,-1
1246,522,688,221,63,44,1,-1,-1,-1
1247,522,688,221,63,44,1,-1,-1,-1
1248,522,688,221,63,44,1,-1,-1,-1
1249,522,689,221,63,45,1,-1,-1,-1
1250,522,689,221,63,45,1,-1,-1,-1
1251,522,688,221,63,45,1,-1,-1,-1
1252,522,688,221,63,45,1,-1,-1,-1
1253,522,688,221,63,45,1,-1,-1,-1
1254,522,688,221,63,45,1,-1,-1,-1
1255,522,688,221,63,45,1,-1,-1,-1
1256,522,688,221,63,45,1,-1,-1,-1
1257,522,688,220,64,45,1,-1,-1,-1
1258,522,688,220,64,45,1,-1,-1,-1
1259,522,688,220,64,45,1,-1,-1,-1
1260,522,688,221,63,45,1,-1,-1,-1
1261,522,688,220,63,45,1,-1,-1,-1
1262,522,688,220,63,45,1,-1,-1,-1
1263,522,688,220,63,45,1,-1,-1,-1
1264,522,688,220,63,45,1,-1,-1,-1
1265,522,688,221,63,44,1,-1,-1,-1
1266,522,688,221,63,44,1,-1,-1,-1
1267,522,688,221,63,44,1,-1,-1,-1
1268,522,688,221,63,44,1,-1,-1,-1
1269,522,688,221,63,44,1,-1,-1,-1
1270,522,688,221,63,44,1,-1,-1,-1
1271,522,688,221,63,44,1,-1,-1,-1
1272,522,688,221,63,44,1,-1,-1,-1
1273,522,688,220,64,45,1,-1,-1,-1
1274,522,688,220,64,45,1,-1,-1,-1
1275,522,688,220,64,45,1,-1,-1,-1
1276,522,688,220,64,45,1,-1,-1,-1
1277,522,688,221,64,45,1,-1,-1,-1
1278,522,688,221,64,45,1,-1,-1,-1
1279,522,688,221,64,45,1,-1,-1,-1
1280,522,688,221,64,45,1,-1,-1,-1
1281,522,688,220,63,45,1,-1,-1,-1
1282,522,688,220,63,45,1,-1,-1,-1
1283,522,688,220,63,45,1,-1,-1,-1
1284,522,688,220,63,45,1,-1,-1,-1
1285,522,688,220,63,45,1,-1,-1,-1
1286,522,688,220,63,45,1,-1,-1,-1
1287,522,688,220,63,45,1,-1,-1,-1
1288,522,688,220,63,45,1,-1,-1,-1
1289,522,688,221,63,44,1,-1,-1,-1
1290,522,688,221,64,44,1,-1,-1,-1
1291,522,688,221,63,44,1,-1,-1,-1
1292,522,688,221,63,44,1,-1,-1,-1
1293,522,688,221,63,44,1,-1,-1,-1
1294,522,688,221,63,44,1,-1,-1,-1
1295,522,688,221,63,44,1,-1,-1,-1
1296,522,688,221,63,44,1,-1,-1,-1
1297,522,688,220,63,44,1,-1,-1,-1
1298,522,688,220,63,44,1,-1,-1,-1
1299,522,688,220,63,44,1,-1,-1,-1
1300,522,688,220,63,44,1,-1,-1,-1
1301,522,688,220,63,44,1,-1,-1,-1
1302,522,688,220,63,44,1,-1,-1,-1
1303,522,688,220,63,44,1,-1,-1,-1
1304,522,688,220,63,44,1,-1,-1,-1
1305,522,688,220,63,44,1,-1,-1,-1
1306,522,688,220,63,44,1,-1,-1,-1
1307,522,688,220,63,44,1,-1,-1,-1
1308,522,688,220,63,44,1,-1,-1,-1
1309,522,688,221,64,44,1,-1,-1,-1
1310,522,688,221,64,44,1,-1,-1,-1
1311,522,688,221,64,44,1,-1,-1,-1
1312,522,688,221,64,44,1,-1,-1,-1
1313,522,688,220,63,45,1,-1,-1,-1
1314,522,688,220,63,45,1,-1,-1,-1
1315,522,688,220,63,45,1,-1,-1,-1
1316,522,688,220,63,45,1,-1,-1,-1
1317,522,688,220,63,45,1,-1,-1,-1
1318,522,688,220,63,45,1,-1,-1,-1
1319,522,688,220,63,45,1,-1,-1,-1
1320,522,688,220,63,45,1,-1,-1,-1
1321,522,689,221,63,44,1,-1,-1,-1
1322,522,689,221,63,44,1,-1,-1,-1
1323,522,689,221,63,44,1,-1,-1,-1
1324,522,689,221,63,44,1,-1,-1,-1
1325,522,689,221,63,44,1,-1,-1,-1
1326,522,689,221,63,44,1,-1,-1,-1
1327,522,689,221,63,44,1,-1,-1,-1
1328,522,689,221,63,44,1,-1,-1,-1
1329,522,689,221,63,45,1,-1,-1,-1
1330,522,689,221,63,45,1,-1,-1,-1
1331,522,689,221,63,45,1,-1,-1,-1
1332,522,689,220,63,45,1,-1,-1,-1
1333,522,688,221,64,45,1,-1,-1,-1
1334,522,688,221,64,45,1,-1,-1,-1
1335,522,688,221,64,45,1,-1,-1,-1
1336,522,688,221,64,45,1,-1,-1,-1
1337,522,689,221,63,44,1,-1,-1,-1
1338,522,689,221,63,44,1,-1,-1,-1
1339,522,689,221,63,44,1,-1,-1,-1
1340,522,689,221,63,44,1,-1,-1,-1
1341,522,689,221,63,44,1,-1,-1,-1
1342,522,689,221,63,44,1,-1,-1,-1
1343,522,689,221,63,44,1,-1,-1,-1
1344,522,689,221,63,44,1,-1,-1,-1
1345,522,688,221,64,45,1,-1,-1,-1
1346,522,688,221,64,45,1,-1,-1,-1
1347,522,688,221,64,45,1,-1,-1,-1
1348,522,688,221,64,45,1,-1,-1,-1
1349,522,688,221,64,45,1,-1,-1,-1
1350,522,688,221,64,45,1,-1,-1,-1
1351,522,688,221,64,45,1,-1,-1,-1
1352,522,688,221,64,45,1,-1,-1,-1
1353,522,688,221,64,44,1,-1,-1,-1
1354,522,688,221,64,44,1,-1,-1,-1
1355,522,688,221,64,44,1,-1,-1,-1
1356,522,689,221,63,44,1,-1,-1,-1
1357,522,689,221,63,44,1,-1,-1,-1
1358,522,689,221,63,44,1,-1,-1,-1
1359,522,689,221,63,44,1,-1,-1,-1
1360,522,689,221,63,44,1,-1,-1,-1
1361,522,689,221,63,44,1,-1,-1,-1
1362,522,689,221,63,44,1,-1,-1,-1
1363,522,689,221,63,44,1,-1,-1,-1
1364,522,689,221,63,44,1,-1,-1,-1
1365,522,689,221,63,44,1,-1,-1,-1
1366,522,689,221,63,44,1,-1,-1,-1
1367,522,689,221,63,44,1,-1,-1,-1
1368,522,689,221,63,44,1,-1,-1,-1
1369,522,689,221,64,43,1,-1,-1,-1
1370,522,689,221,64,43,1,-1,-1,-1
1371,522,689,221,64,43,1,-1,-1,-1
1372,522,688,221,64,43,1,-1,-1,-1
1373,522,688,221,64,43,1,-1,-1,-1
1374,522,688,221,64,43,1,-1,-1,-1
1375,522,689,221,64,43,1,-1,-1,-1
1376,522,689,221,64,43,1,-1,-1,-1
1377,522,689,221,64,44,1,-1,-1,-1
1378,522,689,221,64,44,1,-1,-1,-1
1379,522,689,221,64,44,1,-1,-1,-1
1380,522,689,221,64,44,1,-1,-1,-1
1381,522,688,221,64,44,1,-1,-1,-1
1382,522,688,221,64,44,1,-1,-1,-1
1383,522,688,221,64,44,1,-1,-1,-1
1384,522,688,221,64,44,1,-1,-1,-1
1385,522,688,221,64,44,1,-1,-1,-1
1386,522,688,221,64,44,1,-1,-1,-1
1387,522,688,221,64,44,1,-1,-1,-1
1388,522,688,221,64,44,1,-1,-1,-1
1389,522,688,221,64,44,1,-1,-1,-1
1390,522,688,221,64,44,1,-1,-1,-1
1391,522,688,221,64,44,1,-1,-1,-1
1392,522,688,221,64,44,1,-1,-1,-1
1393,522,689,221,64,44,1,-1,-1,-1
1394,522,689,221,64,44,1,-1,-1,-1
1395,522,689,221,64,44,1,-1,-1,-1
1396,522,689,221,64,44,1,-1,-1,-1
1397,522,689,221,64,44,1,-1,-1,-1
1398,522,689,221,64,44,1,-1,-1,-1
1399,522,689,221,64,44,1,-1,-1,-1
1400,522,689,221,64,44,1,-1,-1,-1
1401,522,689,221,64,44,1,-1,-1,-1
1402,522,689,221,64,44,1,-1,-1,-1
1403,522,689,221,64,44,1,-1,-1,-1
1404,522,688,221,64,44,1,-1,-1,-1
1405,522,689,221,64,44,1,-1,-1,-1
1406,522,689,221,64,44,1,-1,-1,-1
1407,522,689,221,64,44,1,-1,-1,-1
1408,522,689,221,64,44,1,-1,-1,-1
1409,522,689,221,64,44,1,-1,-1,-1
1410,522,689,221,64,44,1,-1,-1,-1
1411,522,689,221,63,44,1,-1,-1,-1
1412,522,689,221,63,44,1,-1,-1,-1
1413,522,689,221,63,44,1,-1,-1,-1
1414,522,689,221,63,44,1,-1,-1,-1
1415,522,689,221,63,44,1,-1,-1,-1
1416,522,689,221,63,44,1,-1,-1,-1
1417,522,689,221,63,44,1,-1,-1,-1
1418,522,689,221,63,44,1,-1,-1,-1
1419,522,689,221,63,44,1,-1,-1,-1
1420,522,689,221,63,44,1,-1,-1,-1
1421,522,689,221,63,44,1,-1,-1,-1
1422,522,689,221,63,44,1,-1,-1,-1
1423,522,689,221,63,44,1,-1,-1,-1
1424,522,689,221,63,44,1,-1,-1,-1
1425,522,689,221,63,44,1,-1,-1,-1
1426,522,689,221,63,44,1,-1,-1,-1
1427,522,689,221,63,44,1,-1,-1,-1
1428,522,689,221,63,44,1,-1,-1,-1
1429,522,689,221,63,44,1,-1,-1,-1
1430,522,689,221,63,44,1,-1,-1,-1
1431,522,689,221,63,44,1,-1,-1,-1
1432,522,689,221,63,44,1,-1,-1,-1
1433,522,689,220,63,44,1,-1,-1,-1
1434,522,689,220,63,45,1,-1,-1,-1
1435,522,689,220,63,44,1,-1,-1,-1
1436,522,689,220,63,44,1,-1,-1,-1
1437,522,689,220,63,45,1,-1,-1,-1
1438,522,689,220,63,45,1,-1,-1,-1
1439,522,689,220,63,45,1,-1,-1,-1
1440,522,689,220,63,45,1,-1,-1,-1
1441,522,689,221,63,44,1,-1,-1,-1
1442,522,689,221,63,44,1,-1,-1,-1
1443,522,689,221,63,44,1,-1,-1,-1
1444,522,689,221,63,44,1,-1,-1,-1
1445,522,689,221,63,44,1,-1,-1,-1
1446,522,689,221,63,44,1,-1,-1,-1
1447,522,689,221,63,44,1,-1,-1,-1
1448,522,689,221,63,44,1,-1,-1,-1
1449,522,689,221,63,43,1,-1,-1,-1
1450,522,689,221,63,43,1,-1,-1,-1
1451,522,689,221,63,43,1,-1,-1,-1
1452,522,689,221,63,44,1,-1,-1,-1
1453,522,689,221,63,44,1,-1,-1,-1
1454,522,689,221,63,44,1,-1,-1,-1
1455,522,689,221,63,44,1,-1,-1,-1
1456,522,689,221,63,44,1,-1,-1,-1
1457,522,689,221,63,44,1,-1,-1,-1
1458,522,689,221,63,44,1,-1,-1,-1
1459,522,689,221,63,44,1,-1,-1,-1
1460,522,688,221,63,44,1,-1,-1,-1
1461,522,688,221,63,44,1,-1,-1,-1
1462,522,688,221,63,44,1,-1,-1,-1
1463,522,689,221,63,44,1,-1,-1,-1
1464,522,689,221,63,44,1,-1,-1,-1
1465,522,688,222,63,43,1,-1,-1,-1
1466,522,689,222,63,43,1,-1,-1,-1
1467,522,689,222,63,43,1,-1,-1,-1
1468,522,688,222,63,43,1,-1,-1,-1
1469,522,688,222,63,43,1,-1,-1,-1
1470,522,688,222,63,43,1,-1,-1,-1
1471,522,688,222,63,43,1,-1,-1,-1
1472,522,688,222,63,42,1,-1,-1,-1
1473,522,688,221,63,43,1,-1,-1,-1
1474,522,688,221,63,43,1,-1,-1,-1
1475,522,688,221,63,43,1,-1,-1,-1
1476,522,688,221,63,43,1,-1,-1,-1
1477,522,689,221,63,43,1,-1,-1,-1
1478,522,689,221,63,43,1,-1,-1,-1
1479,522,689,221,63,43,1,-1,-1,-1
1480,522,689,221,63,43,1,-1,-1,-1
1481,522,689,221,63,43,1,-1,-1,-1
1482,522,689,221,63,44,1,-1,-1,-1
1483,522,689,221,63,44,1,-1,-1,-1
1484,522,689,221,63,44,1,-1,-1,-1
1485,522,689,221,63,44,1,-1,-1,-1
1486,522,689,221,63,44,1,-1,-1,-1
1487,522,689,221,63,44,1,-1,-1,-1
1488,522,689,221,63,44,1,-1,-1,-1
1489,522,688,222,63,43,1,-1,-1,-1
1490,522,688,222,63,43,1,-1,-1,-1
1491,522,688,222,63,43,1,-1,-1,-1
1492,522,688,222,63,43,1,-1,-1,-1
1493,522,689,222,63,43,1,-1,-1,-1
1494,522,688,222,63,43,1,-1,-1,-1
1495,522,689,222,63,43,1,-1,-1,-1
1496,522,689,222,63,43,1,-1,-1,-1
1497,522,689,222,62,43,1,-1,-1,-1
1498,522,689,221,62,43,1,-1,-1,-1
1499,522,689,221,63,43,1,-1,-1,-1
1500,522,689,221,62,43,1,-1,-1,-1
1501,522,689,222,62,43,1,-1,-1,-1
1502,522,689,222,62,43,1,-1,-1,-1
1503,522,689,222,62,43,1,-1,-1,-1
1504,522,689,222,62,43,1,-1,-1,-1
1505,522,689,221,63,43,1,-1,-1,-1
1506,522,689,222,63,43,1,-1,-1,-1
1507,522,689,222,63,43,1,-1,-1,-1
1508,522,689,222,63,43,1,-1,-1,-1
1509,522,689,222,63,43,1,-1,-1,-1
1510,522,689,222,63,43,1,-1,-1,-1
1511,522,689,222,63,43,1,-1,-1,-1
1512,522,689,222,63,43,1,-1,-1,-1
1513,522,689,221,63,44,1,-1,-1,-1
1514,522,689,221,63,44,1,-1,-1,-1
1515,522,689,221,63,44,1,-1,-1,-1
1516,522,689,221,63,44,1,-1,-1,-1
1517,522,688,221,63,44,1,-1,-1,-1
1518,522,689,221,63,44,1,-1,-1,-1
1519,522,689,221,64,44,1,-1,-1,-1
1520,522,689,221,64,44,1,-1,-1,-1
1521,522,689,221,63,44,1,-1,-1,-1
1522,522,689,221,63,44,1,-1,-1,-1
1523,522,689,221,63,44,1,-1,-1,-1
1524,522,689,221,63,44,1,-1,-1,-1
1525,522,689,220,64,45,1,-1,-1,-1
1526,522,689,221,64,45,1,-1,-1,-1
1527,522,689,221,64,45,1,-1,-1,-1
1528,522,689,221,64,45,1,-1,-1,-1
1529,522,689,220,63,45,1,-1,-1,-1
1530,522,689,220,63,45,1,-1,-1,-1
1531,522,689,220,63,45,1,-1,-1,-1
1532,522,689,220,63,45,1,-1,-1,-1
1533,522,689,220,63,45,1,-1,-1,-1
1534,522,689,220,63,45,1,-1,-1,-1
1535,522,689,220,63,45,1,-1,-1,-1
1536,522,689,220,63,45,1,-1,-1,-1
1537,522,689,222,62,43,1,-1,-1,-1
1538,522,689,222,62,43,1,-1,-1,-1
1539,522,689,222,62,43,1,-1,-1,-1
1540,522,689,222,62,43,1,-1,-1,-1
1541,522,689,222,62,43,1,-1,-1,-1
1542,522,689,222,62,43,1,-1,-1,-1
1543,522,689,222,62,43,1,-1,-1,-1
1544,522,689,222,62,43,1,-1,-1,-1
1545,522,689,221,63,43,1,-1,-1,-1
1546,522,689,221,63,43,1,-1,-1,-1
1547,522,689,221,62,43,1,-1,-1,-1
1548,522,689,221,62,43,1,-1,-1,-1
1549,522,689,221,63,43,1,-1,-1,-1
1550,522,689,221,63,43,1,-1,-1,-1
1551,522,689,221,63,43,1,-1,-1,-1
1552,522,689,221,63,43,1,-1,-1,-1
1553,522,689,221,62,44,1,-1,-1,-1
1554,522,689,221,62,44,1,-1,-1,-1
1555,522,689,221,62,44,1,-1,-1,-1
1556,522,689,221,62,44,1,-1,-1,-1
1557,522,689,221,62,44,1,-1,-1,-1
1558,522,689,221,62,44,1,-1,-1,-1
1559,522,689,221,63,44,1,-1,-1,-1
1560,522,689,221,62,44,1,-1,-1,-1
1561,522,689,221,63,45,1,-1,-1,-1
1562,522,689,221,63,45,1,-1,-1,-1
1563,522,689,221,63,45,1,-1,-1,-1
1564,522,689,221,64,45,1,-1,-1,-1
1565,522,689,221,63,44,1,-1,-1,-1
1566,522,689,221,63,44,1,-1,-1,-1
1567,522,689,221,63,44,1,-1,-1,-1
1568,522,689,221,63,44,1,-1,-1,-1
1569,522,688,220,64,45,1,-1,-1,-1
1570,522,688,220,64,45,1,-1,-1,-1
1571,522,688,220,64,45,1,-1,-1,-1
1572,522,688,220,64,45,1,-1,-1,-1
1573,522,689,221,63,44,1,-1,-1,-1
1574,522,689,221,63,44,1,-1,-1,-1
1575,522,689,221,64,44,1,-1,-1,-1
1576,522,689,221,63,45,1,-1,-1,-1
1577,522,688,220,64,45,1,-1,-1,-1
1578,522,688,220,64,45,1,-1,-1,-1
1579,522,688,220,64,45,1,-1,-1,-1
1580,522,688,220,64,45,1,-1,-1,-1
1581,522,688,220,64,45,1,-1,-1,-1
1582,522,688,220,64,45,1,-1,-1,-1
1583,522,688,220,64,45,1,-1,-1,-1
1584,522,688,220,64,45,1,-1,-1,-1
1585,522,688,220,64,46,1,-1,-1,-1
1586,522,688,220,64,46,1,-1,-1,-1
1587,522,688,220,64,46,1,-1,-1,-1
1588,522,688,220,64,45,1,-1,-1,-1
1589,522,688,220,64,46,1,-1,-1,-1
1590,522,688,220,64,46,1,-1,-1,-1
1591,522,688,220,64,45,1,-1,-1,-1
1592,522,689,220,64,46,1,-1,-1,-1
1593,522,689,220,63,45,1,-1,-1,-1
1594,522,689,220,63,46,1,-1,-1,-1
1595,522,689,220,63,46,1,-1,-1,-1
1596,522,689,221,63,45,1,-1,-1,-1
1597,522,689,220,63,45,1,-1,-1,-1
1598,522,689,220,63,45,1,-1,-1,-1
1599,522,689,220,63,45,1,-1,-1,-1
1600,522,689,220,63,45,1,-1,-1,-1
1601,522,689,221,63,45,1,-1,-1,-1
1602,522,689,220,63,46,1,-1,-1,-1
1603,522,689,221,63,46,1,-1,-1,-1
1604,522,689,221,63,45,1,-1,-1,-1
1605,522,689,221,63,46,1,-1,-1,-1
1606,522,689,221,63,46,1,-1,-1,-1
1607,522,689,221,63,46,1,-1,-1,-1
1608,522,689,221,63,46,1,-1,-1,-1
1609,522,689,221,63,45,1,-1,-1,-1
1610,522,689,221,63,45,1,-1,-1,-1
1611,522,689,221,63,45,1,-1,-1,-1
1612,522,689,221,63,45,1,-1,-1,-1
1613,522,689,221,63,45,1,-1,-1,-1
1614,522,689,221,63,45,1,-1,-1,-1
1615,522,689,221,63,45,1,-1,-1,-1
1616,522,689,221,63,45,1,-1,-1,-1
1617,522,689,220,63,46,1,-1,-1,-1
1618,522,689,220,63,46,1,-1,-1,-1
1619,522,689,220,63,45,1,-1,-1,-1
1620,522,689,220,63,45,1,-1,-1,-1
1621,522,689,221,62,45,1,-1,-1,-1
1622,522,688,221,63,45,1,-1,-1,-1
1623,522,688,221,63,45,1,-1,-1,-1
1624,522,689,221,62,44,1,-1,-1,-1
1625,522,689,221,62,44,1,-1,-1,-1
1626,522,689,221,63,45,1,-1,-1,-1
1627,522,689,221,63,45,1,-1,-1,-1
1628,522,689,220,63,45,1,-1,-1,-1
1629,522,689,221,64,45,1,-1,-1,-1
1630,522,689,220,64,45,1,-1,-1,-1
1631,522,689,221,64,45,1,-1,-1,-1
1632,522,689,221,63,45,1,-1,-1,-1
1633,522,689,221,62,45,1,-1,-1,-1
1634,522,689,221,62,45,1,-1,-1,-1
1635,522,689,221,63,45,1,-1,-1,-1
1636,522,689,221,62,45,1,-1,-1,-1
1637,522,689,221,62,45,1,-1,-1,-1
1638,522,689,221,62,45,1,-1,-1,-1
1639,522,689,221,62,45,1,-1,-1,-1
1640,522,689,221,62,45,1,-1,-1,-1
1641,522,689,220,63,45,1,-1,-1,-1
1642,522,689,220,63,45,1,-1,-1,-1
1643,522,689,220,63,45,1,-1,-1,-1
1644,522,689,220,63,45,1,-1,-1,-1
1645,522,688,221,63,44,1,-1,-1,-1
1646,522,688,221,63,44,1,-1,-1,-1
1647,522,688,221,63,44,1,-1,-1,-1
1648,522,688,221,63,44,1,-1,-1,-1
1649,522,689,220,63,45,1,-1,-1,-1
1650,522,689,220,63,45,1,-1,-1,-1
1651,522,689,220,63,45,1,-1,-1,-1
1652,522,689,220,63,45,1,-1,-1,-1
1653,522,689,220,63,45,1,-1,-1,-1
1654,522,689,220,63,45,1,-1,-1,-1
1655,522,689,220,63,45,1,-1,-1,-1
1656,522,689,221,63,45,1,-1,-1,-1
1657,522,689,221,63,44,1,-1,-1,-1
1658,522,689,221,63,44,1,-1,-1,-1
1659,522,689,221,63,44,1,-1,-1,-1
1660,522,689,221,63,44,1,-1,-1,-1
1661,522,689,221,63,44,1,-1,-1,-1
1662,522,689,221,63,44,1,-1,-1,-1
1663,522,689,221,63,44,1,-1,-1,-1
1664,522,689,221,63,44,1,-1,-1,-1
1665,522,689,221,63,45,1,-1,-1,-1
1666,522,689,221,63,45,1,-1,-1,-1
1667,522,689,221,63,45,1,-1,-1,-1
1668,522,689,221,63,45,1,-1,-1,-1
1669,522,689,221,63,45,1,-1,-1,-1
1670,522,689,221,63,45,1,-1,-1,-1
1671,522,689,221,63,45,1,-1,-1,-1
1672,522,689,221,63,45,1,-1,-1,-1
1673,522,689,221,63,45,1,-1,-1,-1
1674,522,689,221,63,45,1,-1,-1,-1
1675,522,689,221,63,45,1,-1,-1,-1
1676,522,689,221,63,45,1,-1,-1,-1
1677,522,689,221,63,45,1,-1,-1,-1
1678,522,689,221,63,45,1,-1,-1,-1
1679,522,689,221,63,45,1,-1,-1,-1
1680,522,689,221,63,45,1,-1,-1,-1
1681,522,689,220,62,45,1,-1,-1,-1
1682,522,689,220,62,45,1,-1,-1,-1
1683,522,689,220,62,45,1,-1,-1,-1
1684,522,689,220,62,45,1,-1,-1,-1
1685,522,689,220,62,45,1,-1,-1,-1
1686,522,689,220,62,45,1,-1,-1,-1
1687,522,689,220,62,45,1,-1,-1,-1
1688,522,689,220,62,45,1,-1,-1,-1
1689,522,689,220,62,45,1,-1,-1,-1
1690,522,689,220,62,45,1,-1,-1,-1
1691,522,689,220,62,45,1,-1,-1,-1
1692,522,689,221,62,45,1,-1,-1,-1
1693,522,689,221,63,45,1,-1,-1,-1
1694,522,689,221,63,45,1,-1,-1,-1
1695,522,689,221,63,45,1,-1,-1,-1
1696,522,689,221,63,45,1,-1,-1,-1
1697,522,689,221,63,45,1,-1,-1,-1
1698,522,689,221,62,45,1,-1,-1,-1
1699,522,689,221,62,45,1,-1,-1,-1
1700,522,689,221,62,45,1,-1,-1,-1
1701,522,689,221,63,45,1,-1,-1,-1
1702,522,689,221,63,45,1,-1,-1,-1
1703,522,689,221,63,45,1,-1,-1,-1
1704,522,689,221,63,45,1,-1,-1,-1
1705,522,689,221,62,45,1,-1,-1,-1
1706,522,689,221,62,45,1,-1,-1,-1
1707,522,689,221,62,45,1,-1,-1,-1
1708,522,689,221,62,45,1,-1,-1,-1
1709,522,689,221,62,45,1,-1,-1,-1
1710,522,689,221,62,45,1,-1,-1,-1
1711,522,689,221,62,45,1,-1,-1,-1
1712,522,689,221,62,45,1,-1,-1,-1
1713,522,689,221,62,45,1,-1,-1,-1
1714,522,689,221,61,45,1,-1,-1,-1
1715,522,689,221,61,45,1,-1,-1,-1
1716,522,689,221,62,45,1,-1,-1,-1
1717,522,689,221,62,45,1,-1,-1,-1
1718,522,689,221,62,45,1,-1,-1,-1
1719,522,689,221,62,45,1,-1,-1,-1
1720,522,689,221,62,45,1,-1,-1,-1
1721,522,689,221,62,44,1,-1,-1,-1
1722,522,689,221,62,44,1,-1,-1,-1
1723,522,689,221,62,44,1,-1,-1,-1
1724,522,689,221,62,44,1,-1,-1,-1
1725,522,689,221,62,44,1,-1,-1,-1
1726,522,689,221,63,44,1,-1,-1,-1
1727,522,689,221,62,44,1,-1,-1,-1
1728,522,689,221,62,44,1,-1,-1,-1
1729,522,688,221,63,45,1,-1,-1,-1
1730,522,688,221,63,45,1,-1,-1,-1
1731,522,688,221,63,45,1,-1,-1,-1
1732,522,688,221,63,45,1,-1,-1,-1
1733,522,688,221,63,45,1,-1,-1,-1
1734,522,688,221,63,45,1,-1,-1,-1
1735,522,688,221,63,45,1,-1,-1,-1
1736,522,688,221,63,45,1,-1,-1,-1
1737,522,689,221,63,44,1,-1,-1,-1
1738,522,689,221,63,44,1,-1,-1,-1
1739,522,689,221,63,44,1,-1,-1,-1
1740,522,689,221,63,44,1,-1,-1,-1
1741,522,688,221,63,45,1,-1,-1,-1
1742,522,688,221,63,45,1,-1,-1,-1
1743,522,688,221,63,45,1,-1,-1,-1
1744,522,688,221,63,45,1,-1,-1,-1
1745,522,689,221,62,45,1,-1,-1,-1
1746,522,689,221,62,45,1,-1,-1,-1
1747,522,689,221,63,45,1,-1,-1,-1
1748,522,689,221,63,45,1,-1,-1,-1
1749,522,689,221,63,45,1,-1,-1,-1
1750,522,689,221,63,45,1,-1,-1,-1
1751,522,688,221,63,44,1,-1,-1,-1
1752,522,688,221,63,44,1,-1,-1,-1
1753,522,688,221,63,45,1,-1,-1,-1
1754,522,688,221,63,45,1,-1,-1,-1
1755,522,688,221,63,45,1,-1,-1,-1
1756,522,688,221,64,45,1,-1,-1,-1
1757,522,688,221,63,45,1,-1,-1,-1
1758,522,688,221,63,45,1,-1,-1,-1
1759,522,688,221,63,45,1,-1,-1,-1
1760,522,688,221,63,45,1,-1,-1,-1
1761,522,688,221,64,45,1,-1,-1,-1
1762,522,688,221,63,45,1,-1,-1,-1
1763,522,688,221,63,45,1,-1,-1,-1
1764,522,688,221,63,45,1,-1,-1,-1
1765,522,689,221,62,45,1,-1,-1,-1
1766,522,689,221,62,45,1,-1,-1,-1
1767,522,689,221,62,45,1,-1,-1,-1
1768,522,689,221,62,45,1,-1,-1,-1
1769,522,689,221,63,45,1,-1,-1,-1
1770,522,689,221,63,45,1,-1,-1,-1
1771,522,689,221,63,45,1,-1,-1,-1
1772,522,689,221,63,45,1,-1,-1,-1
1773,522,689,221,63,45,1,-1,-1,-1
1774,522,689,221,63,45,1,-1,-1,-1
1775,522,689,221,63,45,1,-1,-1,-1
1776,522,689,221,63,45,1,-1,-1,-1
1777,522,689,221,62,44,1,-1,-1,-1
1778,522,689,221,62,44,1,-1,-1,-1
1779,522,689,221,62,44,1,-1,-1,-1
1780,522,689,221,62,44,1,-1,-1,-1
1781,522,689,221,62,44,1,-1,-1,-1
1782,522,689,221,62,44,1,-1,-1,-1
1783,522,689,221,62,44,1,-1,-1,-1
1784,522,689,221,62,44,1,-1,-1,-1
1785,522,688,221,62,44,1,-1,-1,-1
1786,522,688,221,63,44,1,-1,-1,-1
1787,522,688,221,63,44,1,-1,-1,-1
1788,522,688,221,62,44,1,-1,-1,-1
1789,522,689,221,62,45,1,-1,-1,-1
1790,522,689,221,62,45,1,-1,-1,-1
1791,522,689,221,62,45,1,-1,-1,-1
1792,522,689,221,62,45,1,-1,-1,-1
1793,522,689,221,62,45,1,-1,-1,-1
1794,522,689,221,62,45,1,-1,-1,-1
1795,522,689,221,62,45,1,-1,-1,-1
1796,522,689,221,63,45,1,-1,-1,-1
1797,522,689,221,62,45,1,-1,-1,-1
1798,522,689,221,62,45,1,-1,-1,-1
1799,522,689,221,62,45,1,-1,-1,-1
1800,522,689,221,62,45,1,-1,-1,-1
1801,522,688,221,63,44,1,-1,-1,-1
1802,522,688,221,63,44,1,-1,-1,-1
1803,522,688,221,63,44,1,-1,-1,-1
1804,522,688,221,63,44,1,-1,-1,-1
1805,522,688,221,63,44,1,-1,-1,-1
1806,522,688,221,64,44,1,-1,-1,-1
1807,522,688,221,63,44,1,-1,-1,-1
1808,522,688,221,63,44,1,-1,-1,-1
1809,522,688,221,64,44,1,-1,-1,-1
1810,522,688,221,63,44,1,-1,-1,-1
1811,522,688,221,63,44,1,-1,-1,-1
1812,522,688,221,64,44,1,-1,-1,-1
1813,522,689,221,63,44,1,-1,-1,-1
1814,522,689,221,63,44,1,-1,-1,-1
1815,522,689,221,63,44,1,-1,-1,-1
1816,522,689,221,63,44,1,-1,-1,-1
1817,522,689,221,62,44,1,-1,-1,-1
1818,522,689,221,62,44,1,-1,-1,-1
1819,522,689,221,62,44,1,-1,-1,-1
1820,522,688,221,63,44,1,-1,-1,-1
1821,522,689,221,63,44,1,-1,-1,-1
1822,522,689,221,63,44,1,-1,-1,-1
1823,522,689,221,62,44,1,-1,-1,-1
1824,522,689,221,63,44,1,-1,-1,-1
1825,522,688,221,63,45,1,-1,-1,-1
1826,522,688,221,63,45,1,-1,-1,-1
1827,522,689,221,63,44,1,-1,-1,-1
1828,522,688,221,63,44,1,-1,-1,-1
1829,522,688,221,63,44,1,-1,-1,-1
1830,522,688,221,63,44,1,-1,-1,-1
1831,522,688,221,63,45,1,-1,-1,-1
1832,522,689,221,63,44,1,-1,-1,-1
1833,522,689,221,63,45,1,-1,-1,-1
1834,522,688,221,63,45,1,-1,-1,-1
1835,522,689,221,63,45,1,-1,-1,-1
1836,522,689,221,63,45,1,-1,-1,-1
1837,522,689,221,63,45,1,-1,-1,-1
1838,522,689,221,63,45,1,-1,-1,-1
1839,522,689,221,63,45,1,-1,-1,-1
1840,522,689,221,63,45,1,-1,-1,-1
1841,522,689,221,62,45,1,-1,-1,-1
1842,522,689,221,62,45,1,-1,-1,-1
1843,522,689,221,63,45,1,-1,-1,-1
1844,522,689,221,63,45,1,-1,-1,-1
1845,522,689,221,62,45,1,-1,-1,-1
1846,522,689,221,63,45,1,-1,-1,-1
1847,522,689,221,63,45,1,-1,-1,-1
1848,522,689,221,63,45,1,-1,-1,-1
1849,522,689,221,63,45,1,-1,-1,-1
1850,522,689,221,64,45,1,-1,-1,-1
1851,522,689,221,64,45,1,-1,-1,-1
1852,522,689,221,64,44,1,-1,-1,-1
1853,522,689,221,64,44,1,-1,-1,-1
1854,522,689,221,64,45,1,-1,-1,-1
1855,522,689,221,64,45,1,-1,-1,-1
1856,522,689,221,64,45,1,-1,-1,-1
1857,522,689,221,64,45,1,-1,-1,-1
1858,522,689,221,64,45,1,-1,-1,-1
1859,522,689,221,64,45,1,-1,-1,-1
1860,522,689,221,63,45,1,-1,-1,-1
1861,522,688,221,63,45,1,-1,-1,-1
1862,522,688,221,63,45,1,-1,-1,-1
1863,522,688,221,63,45,1,-1,-1,-1
1864,522,688,221,63,45,1,-1,-1,-1
1865,522,689,221,62,45,1,-1,-1,-1
1866,522,689,221,62,45,1,-1,-1,-1
1867,522,689,221,62,45,1,-1,-1,-1
1868,522,689,221,62,45,1,-1,-1,-1
1869,522,689,221,62,45,1,-1,-1,-1
1870,522,689,221,62,45,1,-1,-1,-1
1871,522,689,221,62,45,1,-1,-1,-1
1872,522,689,221,62,45,1,-1,-1,-1
1873,522,688,221,64,44,1,-1,-1,-1
1874,522,688,221,64,44,1,-1,-1,-1
1875,522,688,221,64,44,1,-1,-1,-1
1876,522,688,221,64,44,1,-1,-1,-1
1877,522,688,221,64,44,1,-1,-1,-1
1878,522,689,221,64,44,1,-1,-1,-1
1879,522,688,221,64,45,1,-1,-1,-1
1880,522,688,221,64,45,1,-1,-1,-1
1881,522,688,221,63,45,1,-1,-1,-1
1882,522,688,221,63,45,1,-1,-1,-1
1883,522,689,221,63,45,1,-1,-1,-1
1884,522,689,221,63,45,1,-1,-1,-1
1885,522,688,221,63,45,1,-1,-1,-1
1886,522,688,221,63,45,1,-1,-1,-1
1887,522,688,221,63,45,1,-1,-1,-1
1888,522,688,221,63,45,1,-1,-1,-1
1889,522,689,220,62,45,1,-1,-1,-1
1890,522,688,220,63,45,1,-1,-1,-1
1891,522,689,220,62,45,1,-1,-1,-1
1892,522,689,220,62,45,1,-1,-1,-1
1893,522,689,220,62,46,1,-1,-1,-1
1894,522,689,220,62,45,1,-1,-1,-1
1895,522,689,220,62,46,1,-1,-1,-1
1896,522,689,220,62,46,1,-1,-1,-1
1897,522,688,221,63,45,1,-1,-1,-1
1898,522,688,220,63,45,1,-1,-1,-1
1899,522,688,221,63,45,1,-1,-1,-1
1900,522,688,220,63,45,1,-1,-1,-1
1901,522,688,220,63,45,1,-1,-1,-1
1902,522,688,220,62,46,1,-1,-1,-1
1903,522,688,220,62,46,1,-1,-1,-1
1904,522,688,220,62,46,1,-1,-1,-1
1905,522,689,221,62,45,1,-1,-1,-1
1906,522,689,221,62,45,1,-1,-1,-1
1907,522,689,221,62,45,1,-1,-1,-1
1908,522,689,221,62,45,1,-1,-1,-1
1909,522,688,221,63,45,1,-1,-1,-1
1910,522,688,221,63,45,1,-1,-1,-1
1911,522,688,221,63,45,1,-1,-1,-1
1912,522,688,220,63,46,1,-1,-1,-1
1913,522,689,221,62,45,1,-1,-1,-1
1914,522,689,221,62,45,1,-1,-1,-1
1915,522,689,221,62,45,1,-1,-1,-1
1916,522,689,221,62,45,1,-1,-1,-1
1917,522,689,221,62,45,1,-1,-1,-1
1918,522,689,221,62,45,1,-1,-1,-1
1919,522,689,221,62,45,1,-1,-1,-1
1920,522,689,221,62,45,1,-1,-1,-1
1921,522,689,221,62,45,1,-1,-1,-1
1922,522,689,221,62,45,1,-1,-1,-1
1923,522,689,221,63,45,1,-1,-1,-1
1924,522,689,221,63,45,1,-1,-1,-1
1925,522,689,221,63,45,1,-1,-1,-1
1926,522,689,221,63,45,1,-1,-1,-1
1927,522,689,221,63,45,1,-1,-1,-1
1928,522,689,221,63,45,1,-1,-1,-1
1,523,703,299,67,60,1,-1,-1,-1
2,523,702,299,68,60,1,-1,-1,-1
3,523,702,299,68,60,1,-1,-1,-1
4,523,702,299,68,60,1,-1,-1,-1
5,523,702,299,68,60,1,-1,-1,-1
6,523,702,299,68,60,1,-1,-1,-1
7,523,702,299,68,60,1,-1,-1,-1
8,523,702,299,68,60,1,-1,-1,-1
9,523,702,298,67,60,1,-1,-1,-1
10,523,702,298,67,60,1,-1,-1,-1
11,523,702,298,67,60,1,-1,-1,-1
12,523,702,298,67,60,1,-1,-1,-1
13,523,703,299,67,60,1,-1,-1,-1
14,523,703,299,67,60,1,-1,-1,-1
15,523,703,299,67,60,1,-1,-1,-1
16,523,703,299,67,60,1,-1,-1,-1
17,523,702,299,68,60,1,-1,-1,-1
18,523,702,299,68,60,1,-1,-1,-1
19,523,702,299,68,60,1,-1,-1,-1
20,523,702,299,68,60,1,-1,-1,-1
21,523,702,299,68,60,1,-1,-1,-1
22,523,702,299,68,60,1,-1,-1,-1
23,523,702,299,68,60,1,-1,-1,-1
24,523,703,299,68,60,1,-1,-1,-1
25,523,703,298,67,61,1,-1,-1,-1
26,523,703,298,67,61,1,-1,-1,-1
27,523,703,298,67,61,1,-1,-1,-1
28,523,703,298,67,61,1,-1,-1,-1
29,523,703,298,67,61,1,-1,-1,-1
30,523,703,298,67,61,1,-1,-1,-1
31,523,703,298,67,61,1,-1,-1,-1
32,523,703,298,67,61,1,-1,-1,-1
33,523,702,298,68,61,1,-1,-1,-1
34,523,702,298,68,61,1,-1,-1,-1
35,523,702,298,68,61,1,-1,-1,-1
36,523,702,298,68,61,1,-1,-1,-1
37,523,702,299,68,61,1,-1,-1,-1
38,523,702,299,68,61,1,-1,-1,-1
39,523,702,299,68,61,1,-1,-1,-1
40,523,702,299,68,61,1,-1,-1,-1
41,523,702,299,68,61,1,-1,-1,-1
42,523,702,299,68,61,1,-1,-1,-1
43,523,702,299,68,61,1,-1,-1,-1
44,523,702,299,68,61,1,-1,-1,-1
45,523,702,299,68,61,1,-1,-1,-1
46,523,702,299,68,61,1,-1,-1,-1
47,523,702,299,68,61,1,-1,-1,-1
48,523,702,299,68,61,1,-1,-1,-1
49,523,702,298,67,60,1,-1,-1,-1
50,523,702,298,67,60,1,-1,-1,-1
51,523,702,298,67,60,1,-1,-1,-1
52,523,703,298,67,60,1,-1,-1,-1
53,523,703,298,67,60,1,-1,-1,-1
54,523,703,298,67,60,1,-1,-1,-1
55,523,702,299,67,60,1,-1,-1,-1
56,523,702,299,67,60,1,-1,-1,-1
57,523,703,299,68,60,1,-1,-1,-1
58,523,703,298,68,61,1,-1,-1,-1
59,523,703,298,68,61,1,-1,-1,-1
60,523,703,298,68,61,1,-1,-1,-1
61,523,703,298,68,61,1,-1,-1,-1
62,523,703,298,68,61,1,-1,-1,-1
63,523,703,298,68,61,1,-1,-1,-1
64,523,703,298,68,61,1,-1,-1,-1
65,523,703,299,68,60,1,-1,-1,-1
66,523,703,299,68,60,1,-1,-1,-1
67,523,703,299,68,60,1,-1,-1,-1
68,523,703,299,68,60,1,-1,-1,-1
69,523,703,299,68,60,1,-1,-1,-1
70,523,703,299,68,60,1,-1,-1,-1
71,523,703,299,68,60,1,-1,-1,-1
72,523,703,299,68,60,1,-1,-1,-1
73,523,703,299,67,60,1,-1,-1,-1
74,523,703,299,67,60,1,-1,-1,-1
75,523,703,299,67,60,1,-1,-1,-1
76,523,703,299,67,60,1,-1,-1,-1
77,523,703,299,67,60,1,-1,-1,-1
78,523,703,299,67,60,1,-1,-1,-1
79,523,703,299,67,60,1,-1,-1,-1
80,523,703,299,67,60,1,-1,-1,-1
81,523,702,298,68,61,1,-1,-1,-1
82,523,702,298,68,61,1,-1,-1,-1
83,523,702,298,68,61,1,-1,-1,-1
84,523,702,299,68,61,1,-1,-1,-1
85,523,702,299,69,60,1,-1,-1,-1
86,523,702,299,69,60,1,-1,-1,-1
87,523,702,299,69,60,1,-1,-1,-1
88,523,703,299,69,60,1,-1,-1,-1
89,523,702,299,68,60,1,-1,-1,-1
90,523,702,299,68,60,1,-1,-1,-1
91,523,702,299,68,60,1,-1,-1,-1
92,523,702,299,68,60,1,-1,-1,-1
93,523,702,299,68,60,1,-1,-1,-1
94,523,702,299,68,60,1,-1,-1,-1
95,523,702,299,68,60,1,-1,-1,-1
96,523,702,299,68,60,1,-1,-1,-1
97,523,703,298,67,61,1,-1,-1,-1
98,523,703,298,67,61,1,-1,-1,-1
99,523,703,298,67,61,1,-1,-1,-1
100,523,703,298,67,61,1,-1,-1,-1
101,523,703,298,67,61,1,-1,-1,-1
102,523,703,298,67,61,1,-1,-1,-1
103,523,703,298,67,61,1,-1,-1,-1
104,523,703,298,67,61,1,-1,-1,-1
105,523,703,299,68,60,1,-1,-1,-1
106,523,703,299,68,61,1,-1,-1,-1
107,523,703,299,68,60,1,-1,-1,-1
108,523,703,299,68,61,1,-1,-1,-1
109,523,703,299,68,60,1,-1,-1,-1
110,523,703,299,68,60,1,-1,-1,-1
111,523,703,299,68,60,1,-1,-1,-1
112,523,703,299,68,60,1,-1,-1,-1
113,523,703,299,67,60,1,-1,-1,-1
114,523,703,299,67,60,1,-1,-1,-1
115,523,703,299,67,60,1,-1,-1,-1
116,523,703,299,67,60,1,-1,-1,-1
117,523,703,299,67,60,1,-1,-1,-1
118,523,703,299,67,60,1,-1,-1,-1
119,523,703,299,67,60,1,-1,-1,-1
120,523,703,299,67,60,1,-1,-1,-1
121,523,702,299,68,60,1,-1,-1,-1
122,523,702,299,68,60,1,-1,-1,-1
123,523,702,299,68,60,1,-1,-1,-1
124,523,702,299,68,60,1,-1,-1,-1
125,523,702,299,68,60,1,-1,-1,-1
126,523,702,299,68,60,1,-1,-1,-1
127,523,702,299,68,60,1,-1,-1,-1
128,523,702,299,68,60,1,-1,-1,-1
129,523,702,299,67,60,1,-1,-1,-1
130,523,702,299,67,60,1,-1,-1,-1
131,523,702,299,67,60,1,-1,-1,-1
132,523,702,299,67,60,1,-1,-1,-1
133,523,702,299,67,61,1,-1,-1,-1
134,523,702,299,67,61,1,-1,-1,-1
135,523,702,299,67,61,1,-1,-1,-1
136,523,702,299,67,61,1,-1,-1,-1
137,523,702,299,67,60,1,-1,-1,-1
138,523,703,299,67,60,1,-1,-1,-1
139,523,703,299,67,60,1,-1,-1,-1
140,523,703,299,67,60,1,-1,-1,-1
141,523,702,299,67,60,1,-1,-1,-1
142,523,702,299,67,60,1,-1,-1,-1
143,523,702,299,67,60,1,-1,-1,-1
144,523,702,299,67,60,1,-1,-1,-1
145,523,703,299,67,60,1,-1,-1,-1
146,523,703,299,67,60,1,-1,-1,-1
147,523,703,299,67,60,1,-1,-1,-1
148,523,703,299,67,60,1,-1,-1,-1
149,523,703,299,67,60,1,-1,-1,-1
150,523,703,299,67,60,1,-1,-1,-1
151,523,703,299,67,60,1,-1,-1,-1
152,523,703,299,67,60,1,-1,-1,-1
153,523,703,299,67,60,1,-1,-1,-1
154,523,703,299,67,60,1,-1,-1,-1
155,523,703,299,67,60,1,-1,-1,-1
156,523,703,299,67,60,1,-1,-1,-1
157,523,703,298,67,61,1,-1,-1,-1
158,523,703,298,67,61,1,-1,-1,-1
159,523,703,298,67,61,1,-1,-1,-1
160,523,703,298,67,61,1,-1,-1,-1
161,523,703,299,67,60,1,-1,-1,-1
162,523,702,299,67,61,1,-1,-1,-1
163,523,702,299,67,60,1,-1,-1,-1
164,523,702,299,67,60,1,-1,-1,-1
165,523,702,299,67,60,1,-1,-1,-1
166,523,702,299,67,60,1,-1,-1,-1
167,523,702,299,67,60,1,-1,-1,-1
168,523,702,299,67,60,1,-1,-1,-1
169,523,702,299,68,60,1,-1,-1,-1
170,523,702,299,68,60,1,-1,-1,-1
171,523,702,299,68,60,1,-1,-1,-1
172,523,702,299,68,60,1,-1,-1,-1
173,523,702,299,68,60,1,-1,-1,-1
174,523,702,299,68,60,1,-1,-1,-1
175,523,702,299,68,60,1,-1,-1,-1
176,523,702,299,68,60,1,-1,-1,-1
177,523,702,298,68,61,1,-1,-1,-1
178,523,702,298,68,61,1,-1,-1,-1
179,523,702,298,68,61,1,-1,-1,-1
180,523,702,298,68,60,1,-1,-1,-1
181,523,703,299,67,60,1,-1,-1,-1
182,523,703,299,67,60,1,-1,-1,-1
183,523,703,299,67,60,1,-1,-1,-1
184,523,703,299,67,60,1,-1,-1,-1
185,523,703,299,67,60,1,-1,-1,-1
186,523,703,299,68,60,1,-1,-1,-1
187,523,703,299,67,60,1,-1,-1,-1
188,523,703,299,67,60,1,-1,-1,-1
189,523,703,299,67,60,1,-1,-1,-1
190,523,703,299,67,60,1,-1,-1,-1
191,523,703,299,67,60,1,-1,-1,-1
192,523,703,299,67,60,1,-1,-1,-1
193,523,703,299,67,60,1,-1,-1,-1
194,523,703,299,67,60,1,-1,-1,-1
195,523,703,299,67,60,1,-1,-1,-1
196,523,702,299,68,60,1,-1,-1,-1
197,523,702,299,67,60,1,-1,-1,-1
198,523,702,299,67,60,1,-1,-1,-1
199,523,702,299,67,60,1,-1,-1,-1
200,523,702,299,67,60,1,-1,-1,-1
201,523,703,299,68,60,1,-1,-1,-1
202,523,703,299,68,60,1,-1,-1,-1
203,523,703,299,68,60,1,-1,-1,-1
204,523,703,299,68,60,1,-1,-1,-1
205,523,703,299,67,60,1,-1,-1,-1
206,523,703,299,67,60,1,-1,-1,-1
207,523,703,299,67,60,1,-1,-1,-1
208,523,703,299,67,60,1,-1,-1,-1
209,523,703,299,67,60,1,-1,-1,-1
210,523,703,299,67,60,1,-1,-1,-1
211,523,703,299,67,60,1,-1,-1,-1
212,523,702,299,68,60,1,-1,-1,-1
213,523,702,299,68,60,1,-1,-1,-1
214,523,702,299,68,60,1,-1,-1,-1
215,523,702,299,67,60,1,-1,-1,-1
216,523,702,299,67,60,1,-1,-1,-1
217,523,703,299,67,60,1,-1,-1,-1
218,523,703,299,67,60,1,-1,-1,-1
219,523,703,299,67,60,1,-1,-1,-1
220,523,703,299,67,60,1,-1,-1,-1
221,523,703,299,67,60,1,-1,-1,-1
222,523,703,299,67,60,1,-1,-1,-1
223,523,703,299,67,60,1,-1,-1,-1
224,523,703,299,67,60,1,-1,-1,-1
225,523,702,299,67,60,1,-1,-1,-1
226,523,702,299,67,60,1,-1,-1,-1
227,523,702,299,67,60,1,-1,-1,-1
228,523,702,299,67,60,1,-1,-1,-1
229,523,702,298,68,61,1,-1,-1,-1
230,523,702,298,68,61,1,-1,-1,-1
231,523,702,298,68,61,1,-1,-1,-1
232,523,702,298,68,61,1,-1,-1,-1
233,523,703,298,68,61,1,-1,-1,-1
234,523,703,298,68,61,1,-1,-1,-1
235,523,703,298,68,61,1,-1,-1,-1
236,523,703,298,68,61,1,-1,-1,-1
237,523,703,298,68,61,1,-1,-1,-1
238,523,703,298,68,61,1,-1,-1,-1
239,523,703,298,68,61,1,-1,-1,-1
240,523,703,298,68,61,1,-1,-1,-1
241,523,703,299,67,60,1,-1,-1,-1
242,523,703,299,67,60,1,-1,-1,-1
243,523,703,299,67,60,1,-1,-1,-1
244,523,703,299,67,60,1,-1,-1,-1
245,523,703,298,67,60,1,-1,-1,-1
246,523,703,298,67,60,1,-1,-1,-1
247,523,703,298,67,60,1,-1,-1,-1
248,523,703,298,67,60,1,-1,-1,-1
249,523,702,299,67,60,1,-1,-1,-1
250,523,702,299,67,60,1,-1,-1,-1
251,523,702,298,67,60,1,-1,-1,-1
252,523,702,299,67,60,1,-1,-1,-1
253,523,702,298,67,60,1,-1,-1,-1
254,523,702,298,67,60,1,-1,-1,-1
255,523,702,298,67,60,1,-1,-1,-1
256,523,702,298,67,60,1,-1,-1,-1
257,523,703,299,67,60,1,-1,-1,-1
258,523,702,299,67,60,1,-1,-1,-1
259,523,702,299,67,60,1,-1,-1,-1
260,523,702,299,67,60,1,-1,-1,-1
261,523,702,299,67,60,1,-1,-1,-1
262,523,702,299,67,60,1,-1,-1,-1
263,523,702,299,67,60,1,-1,-1,-1
264,523,703,299,67,60,1,-1,-1,-1
265,523,702,298,69,61,1,-1,-1,-1
266,523,702,298,69,61,1,-1,-1,-1
267,523,702,298,69,61,1,-1,-1,-1
268,523,702,298,69,61,1,-1,-1,-1
269,523,702,298,69,61,1,-1,-1,-1
270,523,702,298,69,61,1,-1,-1,-1
271,523,702,298,69,61,1,-1,-1,-1
272,523,702,298,69,61,1,-1,-1,-1
273,523,702,299,68,60,1,-1,-1,-1
274,523,702,299,68,60,1,-1,-1,-1
275,523,702,299,68,60,1,-1,-1,-1
276,523,702,299,68,60,1,-1,-1,-1
277,523,703,299,67,60,1,-1,-1,-1
278,523,703,299,67,60,1,-1,-1,-1
279,523,703,299,67,60,1,-1,-1,-1
280,523,703,299,67,60,1,-1,-1,-1
281,523,702,298,69,61,1,-1,-1,-1
282,523,702,298,70,61,1,-1,-1,-1
283,523,702,298,70,61,1,-1,-1,-1
284,523,702,298,70,61,1,-1,-1,-1
285,523,702,298,69,61,1,-1,-1,-1
286,523,702,298,69,61,1,-1,-1,-1
287,523,702,298,69,61,1,-1,-1,-1
288,523,702,298,69,61,1,-1,-1,-1
289,523,702,299,68,60,1,-1,-1,-1
290,523,702,299,68,60,1,-1,-1,-1
291,523,702,299,68,60,1,-1,-1,-1
292,523,702,299,68,60,1,-1,-1,-1
293,523,702,299,68,60,1,-1,-1,-1
294,523,702,299,68,60,1,-1,-1,-1
295,523,702,299,68,60,1,-1,-1,-1
296,523,702,299,68,60,1,-1,-1,-1
297,523,702,299,67,61,1,-1,-1,-1
298,523,702,299,67,61,1,-1,-1,-1
299,523,702,299,67,60,1,-1,-1,-1
300,523,702,298,67,61,1,-1,-1,-1
301,523,702,298,67,60,1,-1,-1,-1
302,523,702,298,67,60,1,-1,-1,-1
303,523,702,299,67,60,1,-1,-1,-1
304,523,702,299,67,60,1,-1,-1,-1
305,523,702,299,68,60,1,-1,-1,-1
306,523,702,299,68,60,1,-1,-1,-1
307,523,702,299,68,60,1,-1,-1,-1
308,523,702,299,68,60,1,-1,-1,-1
309,523,702,299,68,60,1,-1,-1,-1
310,523,702,299,68,60,1,-1,-1,-1
311,523,702,299,68,60,1,-1,-1,-1
312,523,702,299,68,60,1,-1,-1,-1
313,523,702,299,68,60,1,-1,-1,-1
314,523,702,299,68,60,1,-1,-1,-1
315,523,702,299,68,60,1,-1,-1,-1
316,523,702,299,68,60,1,-1,-1,-1
317,523,702,299,68,60,1,-1,-1,-1
318,523,702,299,68,60,1,-1,-1,-1
319,523,702,299,68,60,1,-1,-1,-1
320,523,702,299,68,60,1,-1,-1,-1
321,523,702,298,67,60,1,-1,-1,-1
322,523,702,298,67,60,1,-1,-1,-1
323,523,702,298,67,60,1,-1,-1,-1
324,523,702,298,67,60,1,-1,-1,-1
325,523,703,298,67,60,1,-1,-1,-1
326,523,703,298,67,60,1,-1,-1,-1
327,523,703,298,67,60,1,-1,-1,-1
328,523,703,298,67,60,1,-1,-1,-1
329,523,703,298,68,61,1,-1,-1,-1
330,523,703,298,67,61,1,-1,-1,-1
331,523,703,298,67,61,1,-1,-1,-1
332,523,703,298,67,61,1,-1,-1,-1
333,523,703,298,67,61,1,-1,-1,-1
334,523,703,298,67,61,1,-1,-1,-1
335,523,703,298,67,61,1,-1,-1,-1
336,523,703,298,67,61,1,-1,-1,-1
337,523,702,299,68,61,1,-1,-1,-1
338,523,703,299,68,61,1,-1,-1,-1
339,523,702,299,68,60,1,-1,-1,-1
340,523,702,299,68,60,1,-1,-1,-1
341,523,702,299,68,60,1,-1,-1,-1
342,523,702,299,68,60,1,-1,-1,-1
343,523,702,299,68,60,1,-1,-1,-1
344,523,702,299,68,60,1,-1,-1,-1
345,523,702,299,68,60,1,-1,-1,-1
346,523,702,299,68,60,1,-1,-1,-1
347,523,702,299,68,60,1,-1,-1,-1
348,523,702,299,68,60,1,-1,-1,-1
349,523,702,299,67,60,1,-1,-1,-1
350,523,702,299,67,60,1,-1,-1,-1
351,523,702,299,67,60,1,-1,-1,-1
352,523,702,299,67,60,1,-1,-1,-1
353,523,702,299,67,60,1,-1,-1,-1
354,523,702,299,67,60,1,-1,-1,-1
355,523,702,299,67,60,1,-1,-1,-1
356,523,702,299,67,60,1,-1,-1,-1
357,523,702,299,67,60,1,-1,-1,-1
358,523,702,299,67,60,1,-1,-1,-1
359,523,702,299,67,60,1,-1,-1,-1
360,523,702,299,67,60,1,-1,-1,-1
361,523,702,299,67,59,1,-1,-1,-1
362,523,702,299,67,59,1,-1,-1,-1
363,523,702,299,67,59,1,-1,-1,-1
364,523,702,299,67,59,1,-1,-1,-1
365,523,702,299,67,59,1,-1,-1,-1
366,523,702,299,67,59,1,-1,-1,-1
367,523,702,299,67,59,1,-1,-1,-1
368,523,702,299,67,59,1,-1,-1,-1
369,523,703,299,67,60,1,-1,-1,-1
370,523,703,299,67,60,1,-1,-1,-1
371,523,703,299,67,60,1,-1,-1,-1
372,523,703,299,67,60,1,-1,-1,-1
373,523,702,299,67,60,1,-1,-1,-1
374,523,702,299,67,60,1,-1,-1,-1
375,523,702,299,67,60,1,-1,-1,-1
376,523,702,299,67,60,1,-1,-1,-1
377,523,702,299,67,60,1,-1,-1,-1
378,523,702,299,67,60,1,-1,-1,-1
379,523,702,299,68,60,1,-1,-1,-1
380,523,703,299,67,60,1,-1,-1,-1
381,523,703,299,67,60,1,-1,-1,-1
382,523,703,299,67,60,1,-1,-1,-1
383,523,703,299,67,60,1,-1,-1,-1
384,523,703,299,67,60,1,-1,-1,-1
385,523,703,299,68,60,1,-1,-1,-1
386,523,703,299,68,60,1,-1,-1,-1
387,523,703,299,68,60,1,-1,-1,-1
388,523,703,299,68,60,1,-1,-1,-1
389,523,703,299,68,60,1,-1,-1,-1
390,523,703,299,68,60,1,-1,-1,-1
391,523,703,299,68,60,1,-1,-1,-1
392,523,703,299,68,60,1,-1,-1,-1
393,523,702,299,67,60,1,-1,-1,-1
394,523,702,299,67,60,1,-1,-1,-1
395,523,702,299,67,60,1,-1,-1,-1
396,523,702,299,68,60,1,-1,-1,-1
397,523,703,299,68,60,1,-1,-1,-1
398,523,702,299,68,60,1,-1,-1,-1
399,523,702,299,68,60,1,-1,-1,-1
400,523,702,299,68,60,1,-1,-1,-1
401,523,703,299,67,60,1,-1,-1,-1
402,523,703,299,67,60,1,-1,-1,-1
403,523,703,299,67,60,1,-1,-1,-1
404,523,703,299,67,60,1,-1,-1,-1
405,523,703,299,67,60,1,-1,-1,-1
406,523,703,299,67,60,1,-1,-1,-1
407,523,703,299,67,60,1,-1,-1,-1
408,523,703,299,67,60,1,-1,-1,-1
409,523,702,299,67,60,1,-1,-1,-1
410,523,702,299,67,60,1,-1,-1,-1
411,523,702,299,67,60,1,-1,-1,-1
412,523,702,299,67,60,1,-1,-1,-1
413,523,702,299,67,60,1,-1,-1,-1
414,523,702,299,67,60,1,-1,-1,-1
415,523,703,299,67,60,1,-1,-1,-1
416,523,703,299,67,60,1,-1,-1,-1
417,523,702,299,67,60,1,-1,-1,-1
418,523,702,299,67,60,1,-1,-1,-1
419,523,702,299,67,60,1,-1,-1,-1
420,523,702,299,67,60,1,-1,-1,-1
421,523,702,299,67,60,1,-1,-1,-1
422,523,702,299,67,60,1,-1,-1,-1
423,523,702,299,67,60,1,-1,-1,-1
424,523,702,299,67,60,1,-1,-1,-1
425,523,702,298,67,61,1,-1,-1,-1
426,523,702,298,67,61,1,-1,-1,-1
427,523,702,298,67,61,1,-1,-1,-1
428,523,702,298,67,61,1,-1,-1,-1
429,523,702,298,67,61,1,-1,-1,-1
430,523,702,298,67,61,1,-1,-1,-1
431,523,702,298,67,61,1,-1,-1,-1
432,523,702,298,67,61,1,-1,-1,-1
433,523,702,299,67,60,1,-1,-1,-1
434,523,702,299,67,60,1,-1,-1,-1
435,523,702,299,67,60,1,-1,-1,-1
436,523,702,299,67,60,1,-1,-1,-1
437,523,702,299,67,60,1,-1,-1,-1
438,523,702,299,67,60,1,-1,-1,-1
439,523,702,299,67,60,1,-1,-1,-1
440,523,702,299,67,60,1,-1,-1,-1
441,523,702,299,68,60,1,-1,-1,-1
442,523,702,299,67,60,1,-1,-1,-1
443,523,702,299,67,60,1,-1,-1,-1
444,523,702,299,67,60,1,-1,-1,-1
445,523,702,299,67,60,1,-1,-1,-1
446,523,702,299,67,60,1,-1,-1,-1
447,523,702,299,67,60,1,-1,-1,-1
448,523,702,299,67,60,1,-1,-1,-1
449,523,702,299,68,60,1,-1,-1,-1
450,523,702,299,68,60,1,-1,-1,-1
451,523,702,299,68,60,1,-1,-1,-1
452,523,702,299,68,60,1,-1,-1,-1
453,523,702,299,68,60,1,-1,-1,-1
454,523,702,299,68,60,1,-1,-1,-1
455,523,702,299,68,60,1,-1,-1,-1
456,523,702,299,68,60,1,-1,-1,-1
457,523,702,299,67,60,1,-1,-1,-1
458,523,702,298,67,60,1,-1,-1,-1
459,523,702,298,67,60,1,-1,-1,-1
460,523,702,299,67,60,1,-1,-1,-1
461,523,702,299,67,60,1,-1,-1,-1
462,523,702,299,67,60,1,-1,-1,-1
463,523,702,299,67,60,1,-1,-1,-1
464,523,702,299,67,60,1,-1,-1,-1
465,523,702,298,67,60,1,-1,-1,-1
466,523,702,299,67,60,1,-1,-1,-1
467,523,702,299,67,60,1,-1,-1,-1
468,523,702,299,67,60,1,-1,-1,-1
469,523,703,299,67,60,1,-1,-1,-1
470,523,703,299,66,60,1,-1,-1,-1
471,523,703,299,66,60,1,-1,-1,-1
472,523,703,299,66,60,1,-1,-1,-1
473,523,703,298,67,60,1,-1,-1,-1
474,523,703,298,67,60,1,-1,-1,-1
475,523,702,298,67,60,1,-1,-1,-1
476,523,702,298,67,60,1,-1,-1,-1
477,523,702,298,67,60,1,-1,-1,-1
478,523,703,298,67,60,1,-1,-1,-1
479,523,703,298,67,60,1,-1,-1,-1
480,523,703,298,67,60,1,-1,-1,-1
481,523,702,299,67,60,1,-1,-1,-1
482,523,702,299,67,60,1,-1,-1,-1
483,523,702,299,67,60,1,-1,-1,-1
484,523,702,299,67,60,1,-1,-1,-1
485,523,702,299,67,60,1,-1,-1,-1
486,523,702,299,67,60,1,-1,-1,-1
487,523,702,299,67,60,1,-1,-1,-1
488,523,702,299,67,60,1,-1,-1,-1
489,523,702,299,67,60,1,-1,-1,-1
490,523,702,299,67,60,1,-1,-1,-1
491,523,702,299,67,60,1,-1,-1,-1
492,523,702,299,67,60,1,-1,-1,-1
493,523,703,299,66,60,1,-1,-1,-1
494,523,703,299,66,60,1,-1,-1,-1
495,523,703,299,66,60,1,-1,-1,-1
496,523,703,299,66,60,1,-1,-1,-1
497,523,702,299,67,60,1,-1,-1,-1
498,523,702,299,67,60,1,-1,-1,-1
499,523,702,299,67,60,1,-1,-1,-1
500,523,702,299,67,60,1,-1,-1,-1
501,523,702,299,67,60,1,-1,-1,-1
502,523,702,299,67,60,1,-1,-1,-1
503,523,702,299,67,60,1,-1,-1,-1
504,523,702,299,67,60,1,-1,-1,-1
505,523,702,299,67,60,1,-1,-1,-1
506,523,702,299,67,61,1,-1,-1,-1
507,523,702,299,67,60,1,-1,-1,-1
508,523,702,299,67,60,1,-1,-1,-1
509,523,702,299,67,60,1,-1,-1,-1
510,523,702,299,67,60,1,-1,-1,-1
511,523,702,299,67,60,1,-1,-1,-1
512,523,702,299,67,60,1,-1,-1,-1
513,523,703,298,67,61,1,-1,-1,-1
514,523,703,298,67,61,1,-1,-1,-1
515,523,703,298,67,61,1,-1,-1,-1
516,523,703,299,67,60,1,-1,-1,-1
517,523,703,298,68,61,1,-1,-1,-1
518,523,703,298,68,61,1,-1,-1,-1
519,523,703,298,68,61,1,-1,-1,-1
520,523,703,298,68,61,1,-1,-1,-1
521,523,702,298,67,61,1,-1,-1,-1
522,523,702,298,68,61,1,-1,-1,-1
523,523,702,298,68,61,1,-1,-1,-1
524,523,702,298,68,61,1,-1,-1,-1
525,523,702,298,67,61,1,-1,-1,-1
526,523,702,298,67,61,1,-1,-1,-1
527,523,702,298,67,61,1,-1,-1,-1
528,523,702,298,67,61,1,-1,-1,-1
529,523,702,298,67,60,1,-1,-1,-1
530,523,702,298,67,60,1,-1,-1,-1
531,523,702,298,67,60,1,-1,-1,-1
532,523,702,298,67,60,1,-1,-1,-1
533,523,702,298,67,60,1,-1,-1,-1
534,523,702,298,67,60,1,-1,-1,-1
535,523,702,298,67,60,1,-1,-1,-1
536,523,702,298,67,60,1,-1,-1,-1
537,523,702,298,68,61,1,-1,-1,-1
538,523,702,298,68,61,1,-1,-1,-1
539,523,702,298,68,60,1,-1,-1,-1
540,523,702,298,68,60,1,-1,-1,-1
541,523,702,299,68,60,1,-1,-1,-1
542,523,702,299,68,60,1,-1,-1,-1
543,523,702,299,68,60,1,-1,-1,-1
544,523,702,299,68,60,1,-1,-1,-1
545,523,702,298,68,61,1,-1,-1,-1
546,523,702,298,68,61,1,-1,-1,-1
547,523,702,298,68,61,1,-1,-1,-1
548,523,702,298,68,61,1,-1,-1,-1
549,523,702,298,68,61,1,-1,-1,-1
550,523,702,298,68,61,1,-1,-1,-1
551,523,702,298,68,60,1,-1,-1,-1
552,523,702,298,68,61,1,-1,-1,-1
553,523,703,298,68,60,1,-1,-1,-1
554,523,703,298,68,60,1,-1,-1,-1
555,523,703,298,68,60,1,-1,-1,-1
556,523,703,298,68,60,1,-1,-1,-1
557,523,703,298,68,60,1,-1,-1,-1
558,523,703,298,68,60,1,-1,-1,-1
559,523,703,298,68,60,1,-1,-1,-1
560,523,703,298,68,60,1,-1,-1,-1
561,523,703,298,68,60,1,-1,-1,-1
562,523,703,299,68,60,1,-1,-1,-1
563,523,703,299,68,60,1,-1,-1,-1
564,523,703,299,68,60,1,-1,-1,-1
565,523,703,298,67,60,1,-1,-1,-1
566,523,703,298,67,60,1,-1,-1,-1
567,523,703,298,67,60,1,-1,-1,-1
568,523,703,298,67,60,1,-1,-1,-1
569,523,703,298,68,61,1,-1,-1,-1
570,523,703,298,68,61,1,-1,-1,-1
571,523,703,298,68,61,1,-1,-1,-1
572,523,703,298,68,62,1,-1,-1,-1
573,523,703,298,68,62,1,-1,-1,-1
574,523,703,298,68,62,1,-1,-1,-1
575,523,703,298,68,62,1,-1,-1,-1
576,523,703,298,68,62,1,-1,-1,-1
577,523,703,298,68,61,1,-1,-1,-1
578,523,703,298,68,61,1,-1,-1,-1
579,523,703,298,68,61,1,-1,-1,-1
580,523,703,298,68,61,1,-1,-1,-1
581,523,703,298,68,61,1,-1,-1,-1
582,523,703,298,69,61,1,-1,-1,-1
583,523,703,298,69,61,1,-1,-1,-1
584,523,703,298,69,61,1,-1,-1,-1
585,523,703,298,67,61,1,-1,-1,-1
586,523,703,298,67,60,1,-1,-1,-1
587,523,703,298,69,61,1,-1,-1,-1
588,523,703,299,67,60,1,-1,-1,-1
589,523,703,298,67,60,1,-1,-1,-1
590,523,703,298,69,59,1,-1,-1,-1
591,523,703,298,67,60,1,-1,-1,-1
592,523,702,298,67,59,1,-1,-1,-1
593,523,703,298,67,56,1,-1,-1,-1
594,523,703,298,67,57,1,-1,-1,-1
595,523,703,299,67,56,1,-1,-1,-1
596,523,703,298,68,53,1,-1,-1,-1
597,523,704,299,64,46,1,-1,-1,-1
598,523,704,299,64,43,1,-1,-1,-1
599,523,704,299,64,41,1,-1,-1,-1
600,523,704,299,64,42,1,-1,-1,-1
601,523,704,298,65,43,1,-1,-1,-1
602,523,704,298,65,46,1,-1,-1,-1
603,523,705,298,64,45,1,-1,-1,-1
604,523,705,298,64,41,1,-1,-1,-1
605,523,706,298,63,39,1,-1,-1,-1
606,523,707,298,62,37,1,-1,-1,-1
607,523,707,298,62,37,1,-1,-1,-1
608,523,706,298,62,37,1,-1,-1,-1
609,523,707,298,62,36,1,-1,-1,-1
610,523,708,298,61,36,1,-1,-1,-1
611,523,707,298,65,33,1,-1,-1,-1
612,523,707,298,64,32,1,-1,-1,-1
613,523,707,298,64,32,1,-1,-1,-1
614,523,707,298,64,32,1,-1,-1,-1
615,523,708,299,60,34,1,-1,-1,-1
616,523,707,299,61,37,1,-1,-1,-1
617,523,707,298,61,36,1,-1,-1,-1
618,523,708,298,61,32,1,-1,-1,-1
619,523,709,298,61,32,1,-1,-1,-1
620,523,708,298,63,29,1,-1,-1,-1
621,523,708,298,62,27,1,-1,-1,-1
622,523,708,298,63,29,1,-1,-1,-1
623,523,707,298,63,28,1,-1,-1,-1
624,523,708,298,61,29,1,-1,-1,-1
625,523,709,298,61,29,1,-1,-1,-1
626,523,709,298,61,30,1,-1,-1,-1
627,523,708,298,61,30,1,-1,-1,-1
628,523,708,298,61,29,1,-1,-1,-1
629,523,708,298,61,30,1,-1,-1,-1
630,523,709,298,61,29,1,-1,-1,-1
631,523,708,298,61,29,1,-1,-1,-1
632,523,708,298,61,29,1,-1,-1,-1
633,523,709,298,60,28,1,-1,-1,-1
634,523,709,298,61,27,1,-1,-1,-1
635,523,709,298,61,29,1,-1,-1,-1
636,523,709,298,60,30,1,-1,-1,-1
637,523,709,299,60,32,1,-1,-1,-1
639,523,707,299,62,42,1,-1,-1,-1
658,523,707,300,61,57,1,-1,-1,-1
659,523,707,300,62,57,1,-1,-1,-1
660,523,707,299,61,51,1,-1,-1,-1
1,524,747,325,78,79,1,-1,-1,-1
2,524,747,329,79,76,1,-1,-1,-1
3,524,747,328,79,76,1,-1,-1,-1
4,524,747,328,79,76,1,-1,-1,-1
5,524,747,328,79,76,1,-1,-1,-1
6,524,747,328,79,76,1,-1,-1,-1
7,524,747,329,79,76,1,-1,-1,-1
8,524,747,329,79,76,1,-1,-1,-1
9,524,747,329,79,76,1,-1,-1,-1
10,524,747,329,79,76,1,-1,-1,-1
11,524,747,329,79,76,1,-1,-1,-1
12,524,747,329,79,76,1,-1,-1,-1
13,524,746,328,79,77,1,-1,-1,-1
14,524,746,328,79,77,1,-1,-1,-1
15,524,747,328,79,77,1,-1,-1,-1
16,524,747,328,79,77,1,-1,-1,-1
17,524,746,327,80,77,1,-1,-1,-1
18,524,746,327,80,77,1,-1,-1,-1
19,524,746,327,80,77,1,-1,-1,-1
20,524,747,328,80,77,1,-1,-1,-1
21,524,747,328,80,77,1,-1,-1,-1
22,524,747,328,80,77,1,-1,-1,-1
23,524,747,328,80,77,1,-1,-1,-1
24,524,747,328,80,77,1,-1,-1,-1
25,524,747,327,79,78,1,-1,-1,-1
26,524,747,327,79,78,1,-1,-1,-1
27,524,747,327,79,78,1,-1,-1,-1
28,524,747,327,79,78,1,-1,-1,-1
29,524,747,327,79,78,1,-1,-1,-1
30,524,747,327,79,78,1,-1,-1,-1
31,524,747,327,79,78,1,-1,-1,-1
32,524,747,327,79,78,1,-1,-1,-1
33,524,747,328,79,77,1,-1,-1,-1
34,524,747,328,79,77,1,-1,-1,-1
35,524,747,328,79,77,1,-1,-1,-1
36,524,747,327,79,77,1,-1,-1,-1
37,524,746,330,80,75,1,-1,-1,-1
38,524,746,330,79,75,1,-1,-1,-1
39,524,746,330,79,75,1,-1,-1,-1
40,524,746,330,79,75,1,-1,-1,-1
41,524,747,330,79,75,1,-1,-1,-1
42,524,747,330,79,75,1,-1,-1,-1
43,524,747,328,79,77,1,-1,-1,-1
44,524,747,330,79,75,1,-1,-1,-1
45,524,747,330,79,75,1,-1,-1,-1
46,524,747,328,79,77,1,-1,-1,-1
47,524,747,328,79,77,1,-1,-1,-1
48,524,747,328,79,77,1,-1,-1,-1
49,524,747,327,79,78,1,-1,-1,-1
50,524,747,327,79,78,1,-1,-1,-1
51,524,747,327,79,78,1,-1,-1,-1
52,524,747,327,79,78,1,-1,-1,-1
53,524,747,327,79,78,1,-1,-1,-1
54,524,747,327,79,78,1,-1,-1,-1
55,524,747,327,79,78,1,-1,-1,-1
56,524,747,327,79,78,1,-1,-1,-1
57,524,747,328,79,77,1,-1,-1,-1
58,524,747,328,79,77,1,-1,-1,-1
59,524,747,328,79,77,1,-1,-1,-1
60,524,747,328,79,77,1,-1,-1,-1
61,524,746,328,79,77,1,-1,-1,-1
62,524,746,328,79,77,1,-1,-1,-1
63,524,746,328,79,77,1,-1,-1,-1
64,524,746,328,79,77,1,-1,-1,-1
65,524,747,329,79,76,1,-1,-1,-1
66,524,747,329,79,76,1,-1,-1,-1
67,524,747,329,79,76,1,-1,-1,-1
68,524,747,329,79,76,1,-1,-1,-1
69,524,747,329,79,76,1,-1,-1,-1
70,524,747,329,79,76,1,-1,-1,-1
71,524,747,329,79,76,1,-1,-1,-1
72,524,747,329,79,76,1,-1,-1,-1
73,524,747,327,79,78,1,-1,-1,-1
74,524,747,327,79,78,1,-1,-1,-1
75,524,747,327,79,78,1,-1,-1,-1
76,524,747,327,79,78,1,-1,-1,-1
77,524,747,326,79,78,1,-1,-1,-1
78,524,747,326,79,78,1,-1,-1,-1
79,524,747,327,79,78,1,-1,-1,-1
80,524,747,327,79,78,1,-1,-1,-1
81,524,746,328,79,76,1,-1,-1,-1
82,524,746,328,79,76,1,-1,-1,-1
83,524,746,328,79,76,1,-1,-1,-1
84,524,746,328,79,76,1,-1,-1,-1
85,524,746,328,79,76,1,-1,-1,-1
86,524,746,328,79,76,1,-1,-1,-1
87,524,746,328,79,76,1,-1,-1,-1
88,524,746,328,79,76,1,-1,-1,-1
89,524,747,327,79,77,1,-1,-1,-1
90,524,747,327,79,77,1,-1,-1,-1
91,524,746,327,79,77,1,-1,-1,-1
92,524,746,327,79,77,1,-1,-1,-1
93,524,746,328,79,76,1,-1,-1,-1
94,524,746,328,79,76,1,-1,-1,-1
95,524,746,328,79,76,1,-1,-1,-1
96,524,746,328,79,76,1,-1,-1,-1
97,524,747,330,79,75,1,-1,-1,-1
98,524,747,330,79,75,1,-1,-1,-1
99,524,747,330,79,75,1,-1,-1,-1
100,524,747,330,79,75,1,-1,-1,-1
101,524,747,329,79,75,1,-1,-1,-1
102,524,747,329,79,75,1,-1,-1,-1
103,524,747,329,79,75,1,-1,-1,-1
104,524,747,329,79,75,1,-1,-1,-1
105,524,747,328,79,77,1,-1,-1,-1
106,524,747,328,79,77,1,-1,-1,-1
107,524,747,328,79,77,1,-1,-1,-1
108,524,747,328,79,77,1,-1,-1,-1
109,524,747,328,79,77,1,-1,-1,-1
110,524,747,328,79,77,1,-1,-1,-1
111,524,747,328,79,77,1,-1,-1,-1
112,524,747,328,79,77,1,-1,-1,-1
113,524,746,329,79,76,1,-1,-1,-1
114,524,746,329,79,76,1,-1,-1,-1
115,524,746,329,79,76,1,-1,-1,-1
116,524,746,329,79,76,1,-1,-1,-1
117,524,746,329,79,76,1,-1,-1,-1
118,524,747,329,79,75,1,-1,-1,-1
119,524,746,329,79,76,1,-1,-1,-1
120,524,746,329,79,76,1,-1,-1,-1
121,524,747,328,80,77,1,-1,-1,-1
122,524,747,328,80,77,1,-1,-1,-1
123,524,747,328,80,77,1,-1,-1,-1
124,524,747,328,80,77,1,-1,-1,-1
125,524,747,328,80,77,1,-1,-1,-1
126,524,746,328,80,77,1,-1,-1,-1
127,524,746,328,80,77,1,-1,-1,-1
128,524,746,328,80,77,1,-1,-1,-1
129,524,746,329,80,76,1,-1,-1,-1
130,524,746,329,80,76,1,-1,-1,-1
131,524,746,329,80,76,1,-1,-1,-1
132,524,747,329,79,76,1,-1,-1,-1
133,524,747,328,79,77,1,-1,-1,-1
134,524,747,328,79,77,1,-1,-1,-1
135,524,747,328,79,77,1,-1,-1,-1
136,524,747,328,79,77,1,-1,-1,-1
137,524,746,328,79,77,1,-1,-1,-1
138,524,746,328,79,77,1,-1,-1,-1
139,524,746,328,79,77,1,-1,-1,-1
140,524,746,328,79,77,1,-1,-1,-1
141,524,746,328,79,77,1,-1,-1,-1
142,524,746,328,79,77,1,-1,-1,-1
143,524,746,328,79,77,1,-1,-1,-1
144,524,746,328,79,77,1,-1,-1,-1
145,524,746,327,80,77,1,-1,-1,-1
146,524,746,327,80,77,1,-1,-1,-1
147,524,746,327,80,77,1,-1,-1,-1
148,524,746,327,80,77,1,-1,-1,-1
149,524,746,327,80,77,1,-1,-1,-1
150,524,746,327,80,77,1,-1,-1,-1
151,524,746,327,80,78,1,-1,-1,-1
152,524,747,326,78,79,1,-1,-1,-1
153,524,746,326,80,80,1,-1,-1,-1
154,524,746,326,80,80,1,-1,-1,-1
155,524,746,326,80,80,1,-1,-1,-1
156,524,746,326,80,80,1,-1,-1,-1
157,524,746,326,80,80,1,-1,-1,-1
158,524,746,326,80,80,1,-1,-1,-1
159,524,746,326,80,80,1,-1,-1,-1
160,524,746,326,80,80,1,-1,-1,-1
161,524,747,328,79,77,1,-1,-1,-1
162,524,747,328,79,77,1,-1,-1,-1
163,524,747,328,79,77,1,-1,-1,-1
164,524,746,328,79,77,1,-1,-1,-1
165,524,746,328,79,77,1,-1,-1,-1
166,524,747,328,79,77,1,-1,-1,-1
167,524,746,328,79,77,1,-1,-1,-1
168,524,746,328,79,77,1,-1,-1,-1
169,524,747,325,78,79,1,-1,-1,-1
170,524,747,325,78,79,1,-1,-1,-1
171,524,747,325,78,79,1,-1,-1,-1
172,524,747,325,78,79,1,-1,-1,-1
173,524,747,325,78,79,1,-1,-1,-1
174,524,747,325,78,79,1,-1,-1,-1
175,524,747,325,78,79,1,-1,-1,-1
176,524,747,325,78,79,1,-1,-1,-1
177,524,747,326,78,79,1,-1,-1,-1
178,524,747,326,78,79,1,-1,-1,-1
179,524,747,326,78,79,1,-1,-1,-1
180,524,747,326,78,79,1,-1,-1,-1
181,524,747,326,77,78,1,-1,-1,-1
182,524,747,327,78,78,1,-1,-1,-1
183,524,747,328,79,77,1,-1,-1,-1
184,524,747,328,79,77,1,-1,-1,-1
185,524,746,328,80,77,1,-1,-1,-1
186,524,746,328,80,77,1,-1,-1,-1
187,524,746,328,80,77,1,-1,-1,-1
188,524,746,329,79,77,1,-1,-1,-1
189,524,746,329,79,77,1,-1,-1,-1
190,524,746,328,80,77,1,-1,-1,-1
191,524,746,328,79,77,1,-1,-1,-1
192,524,746,328,80,77,1,-1,-1,-1
193,524,746,327,80,78,1,-1,-1,-1
194,524,746,327,80,78,1,-1,-1,-1
195,524,746,327,80,78,1,-1,-1,-1
196,524,747,326,78,79,1,-1,-1,-1
197,524,747,326,78,79,1,-1,-1,-1
198,524,747,326,78,79,1,-1,-1,-1
199,524,747,326,78,79,1,-1,-1,-1
200,524,747,326,78,79,1,-1,-1,-1
201,524,747,326,78,79,1,-1,-1,-1
202,524,747,326,78,79,1,-1,-1,-1
203,524,747,326,78,79,1,-1,-1,-1
204,524,747,326,78,79,1,-1,-1,-1
205,524,747,327,79,77,1,-1,-1,-1
206,524,747,327,79,77,1,-1,-1,-1
207,524,747,326,78,78,1,-1,-1,-1
208,524,747,326,78,78,1,-1,-1,-1
209,524,746,328,80,76,1,-1,-1,-1
210,524,746,328,80,76,1,-1,-1,-1
211,524,746,328,80,76,1,-1,-1,-1
212,524,747,326,78,78,1,-1,-1,-1
213,524,747,326,78,78,1,-1,-1,-1
214,524,747,326,78,78,1,-1,-1,-1
215,524,747,326,78,78,1,-1,-1,-1
216,524,747,326,78,78,1,-1,-1,-1
217,524,746,327,80,78,1,-1,-1,-1
218,524,746,327,80,78,1,-1,-1,-1
219,524,746,327,80,78,1,-1,-1,-1
220,524,746,327,80,78,1,-1,-1,-1
221,524,746,327,80,78,1,-1,-1,-1
222,524,746,327,80,78,1,-1,-1,-1
223,524,746,327,80,78,1,-1,-1,-1
224,524,746,327,80,78,1,-1,-1,-1
225,524,746,328,80,77,1,-1,-1,-1
226,524,746,328,80,77,1,-1,-1,-1
227,524,746,328,80,77,1,-1,-1,-1
228,524,746,328,80,77,1,-1,-1,-1
229,524,746,327,80,78,1,-1,-1,-1
230,524,746,327,80,78,1,-1,-1,-1
231,524,746,327,80,78,1,-1,-1,-1
232,524,746,327,80,78,1,-1,-1,-1
233,524,746,328,80,77,1,-1,-1,-1
234,524,746,328,80,77,1,-1,-1,-1
235,524,746,328,80,77,1,-1,-1,-1
236,524,746,328,79,77,1,-1,-1,-1
237,524,746,328,79,77,1,-1,-1,-1
238,524,746,328,79,77,1,-1,-1,-1
239,524,746,328,79,77,1,-1,-1,-1
240,524,746,328,79,77,1,-1,-1,-1
241,524,746,329,80,76,1,-1,-1,-1
242,524,746,329,80,76,1,-1,-1,-1
243,524,746,329,80,76,1,-1,-1,-1
244,524,746,329,80,76,1,-1,-1,-1
245,524,746,329,80,76,1,-1,-1,-1
246,524,746,329,80,76,1,-1,-1,-1
247,524,746,329,80,76,1,-1,-1,-1
248,524,746,329,79,76,1,-1,-1,-1
249,524,746,329,80,76,1,-1,-1,-1
250,524,746,329,80,76,1,-1,-1,-1
251,524,747,327,79,78,1,-1,-1,-1
252,524,747,327,79,78,1,-1,-1,-1
253,524,746,326,79,79,1,-1,-1,-1
254,524,746,326,79,79,1,-1,-1,-1
255,524,746,326,79,79,1,-1,-1,-1
256,524,746,326,79,79,1,-1,-1,-1
257,524,746,329,79,76,1,-1,-1,-1
258,524,746,329,79,76,1,-1,-1,-1
259,524,746,329,79,76,1,-1,-1,-1
260,524,746,329,79,76,1,-1,-1,-1
261,524,746,329,79,76,1,-1,-1,-1
262,524,746,329,79,76,1,-1,-1,-1
263,524,746,329,79,76,1,-1,-1,-1
264,524,746,329,79,76,1,-1,-1,-1
265,524,746,327,79,78,1,-1,-1,-1
266,524,746,327,79,78,1,-1,-1,-1
267,524,746,327,79,78,1,-1,-1,-1
268,524,747,327,79,78,1,-1,-1,-1
269,524,747,327,79,78,1,-1,-1,-1
270,524,746,327,79,78,1,-1,-1,-1
271,524,746,326,79,79,1,-1,-1,-1
272,524,746,326,79,79,1,-1,-1,-1
273,524,746,329,79,76,1,-1,-1,-1
274,524,746,329,79,76,1,-1,-1,-1
275,524,746,329,79,76,1,-1,-1,-1
276,524,746,329,80,76,1,-1,-1,-1
277,524,746,328,80,77,1,-1,-1,-1
278,524,746,328,80,77,1,-1,-1,-1
279,524,746,328,80,77,1,-1,-1,-1
280,524,746,328,80,77,1,-1,-1,-1
281,524,747,326,80,79,1,-1,-1,-1
282,524,747,326,80,79,1,-1,-1,-1
283,524,747,326,80,79,1,-1,-1,-1
284,524,747,326,80,79,1,-1,-1,-1
285,524,747,326,80,79,1,-1,-1,-1
286,524,747,326,80,79,1,-1,-1,-1
287,524,746,326,80,80,1,-1,-1,-1
288,524,746,326,80,80,1,-1,-1,-1
289,524,746,328,79,77,1,-1,-1,-1
290,524,746,328,80,77,1,-1,-1,-1
291,524,746,328,79,77,1,-1,-1,-1
292,524,746,328,80,77,1,-1,-1,-1
293,524,746,328,79,77,1,-1,-1,-1
294,524,746,328,79,77,1,-1,-1,-1
295,524,746,328,79,77,1,-1,-1,-1
296,524,746,328,79,77,1,-1,-1,-1
297,524,746,329,80,76,1,-1,-1,-1
298,524,746,329,80,75,1,-1,-1,-1
299,524,746,329,80,75,1,-1,-1,-1
300,524,746,329,80,75,1,-1,-1,-1
301,524,746,326,80,78,1,-1,-1,-1
302,524,746,326,80,78,1,-1,-1,-1
303,524,746,326,80,78,1,-1,-1,-1
304,524,746,326,80,78,1,-1,-1,-1
305,524,746,329,79,76,1,-1,-1,-1
306,524,746,329,80,76,1,-1,-1,-1
307,524,746,329,80,76,1,-1,-1,-1
308,524,747,328,79,77,1,-1,-1,-1
309,524,746,329,80,76,1,-1,-1,-1
310,524,746,329,80,76,1,-1,-1,-1
311,524,746,330,80,76,1,-1,-1,-1
312,524,746,330,80,76,1,-1,-1,-1
313,524,747,327,79,78,1,-1,-1,-1
314,524,747,327,79,78,1,-1,-1,-1
315,524,747,327,79,78,1,-1,-1,-1
316,524,747,327,79,78,1,-1,-1,-1
317,524,747,327,79,78,1,-1,-1,-1
318,524,747,327,79,78,1,-1,-1,-1
319,524,747,327,79,78,1,-1,-1,-1
320,524,747,327,79,78,1,-1,-1,-1
321,524,746,326,80,80,1,-1,-1,-1
322,524,746,326,80,80,1,-1,-1,-1
323,524,746,326,80,80,1,-1,-1,-1
324,524,746,326,79,80,1,-1,-1,-1
325,524,747,325,78,79,1,-1,-1,-1
326,524,747,325,78,79,1,-1,-1,-1
327,524,747,326,78,79,1,-1,-1,-1
328,524,746,326,79,79,1,-1,-1,-1
329,524,747,328,80,76,1,-1,-1,-1
330,524,747,328,80,76,1,-1,-1,-1
331,524,747,326,79,78,1,-1,-1,-1
332,524,747,326,79,78,1,-1,-1,-1
333,524,747,328,79,76,1,-1,-1,-1
334,524,747,328,79,77,1,-1,-1,-1
335,524,747,328,79,77,1,-1,-1,-1
336,524,747,328,79,77,1,-1,-1,-1
337,524,746,328,80,77,1,-1,-1,-1
338,524,746,328,80,77,1,-1,-1,-1
339,524,746,328,80,77,1,-1,-1,-1
340,524,746,328,80,77,1,-1,-1,-1
341,524,746,327,80,78,1,-1,-1,-1
342,524,746,327,80,78,1,-1,-1,-1
343,524,746,327,80,79,1,-1,-1,-1
344,524,746,327,80,79,1,-1,-1,-1
345,524,746,328,80,77,1,-1,-1,-1
346,524,746,328,80,77,1,-1,-1,-1
347,524,746,328,80,77,1,-1,-1,-1
348,524,746,328,80,77,1,-1,-1,-1
349,524,746,328,80,78,1,-1,-1,-1
350,524,746,328,80,78,1,-1,-1,-1
351,524,746,328,80,78,1,-1,-1,-1
352,524,746,328,80,78,1,-1,-1,-1
353,524,746,328,80,76,1,-1,-1,-1
354,524,746,328,80,76,1,-1,-1,-1
355,524,746,328,80,76,1,-1,-1,-1
356,524,746,328,80,77,1,-1,-1,-1
357,524,746,328,80,76,1,-1,-1,-1
358,524,746,328,80,77,1,-1,-1,-1
359,524,746,328,80,76,1,-1,-1,-1
360,524,746,328,80,76,1,-1,-1,-1
361,524,746,327,80,78,1,-1,-1,-1
362,524,746,327,80,78,1,-1,-1,-1
363,524,746,327,80,78,1,-1,-1,-1
364,524,746,327,80,78,1,-1,-1,-1
365,524,746,327,80,78,1,-1,-1,-1
366,524,746,327,80,78,1,-1,-1,-1
367,524,746,327,80,78,1,-1,-1,-1
368,524,746,327,80,78,1,-1,-1,-1
369,524,747,330,80,76,1,-1,-1,-1
370,524,747,330,80,76,1,-1,-1,-1
371,524,747,330,80,76,1,-1,-1,-1
372,524,747,330,79,75,1,-1,-1,-1
373,524,747,330,79,75,1,-1,-1,-1
374,524,747,330,80,75,1,-1,-1,-1
375,524,747,330,80,75,1,-1,-1,-1
376,524,747,330,80,75,1,-1,-1,-1
377,524,747,329,79,76,1,-1,-1,-1
378,524,747,329,79,76,1,-1,-1,-1
379,524,747,329,79,76,1,-1,-1,-1
380,524,747,329,80,76,1,-1,-1,-1
381,524,747,329,79,76,1,-1,-1,-1
382,524,747,329,79,76,1,-1,-1,-1
383,524,747,329,79,76,1,-1,-1,-1
384,524,747,329,79,76,1,-1,-1,-1
385,524,747,330,80,76,1,-1,-1,-1
386,524,747,330,80,76,1,-1,-1,-1
387,524,747,330,80,76,1,-1,-1,-1
388,524,747,330,80,76,1,-1,-1,-1
389,524,747,330,80,75,1,-1,-1,-1
390,524,747,330,80,75,1,-1,-1,-1
391,524,747,330,80,75,1,-1,-1,-1
392,524,747,330,80,75,1,-1,-1,-1
393,524,747,331,79,75,1,-1,-1,-1
394,524,747,330,79,75,1,-1,-1,-1
395,524,747,330,79,75,1,-1,-1,-1
396,524,747,330,79,75,1,-1,-1,-1
397,524,747,331,79,75,1,-1,-1,-1
398,524,747,331,79,75,1,-1,-1,-1
399,524,747,331,79,75,1,-1,-1,-1
400,524,747,330,79,75,1,-1,-1,-1
401,524,746,333,80,73,1,-1,-1,-1
402,524,746,333,80,73,1,-1,-1,-1
403,524,746,333,80,73,1,-1,-1,-1
404,524,746,333,80,73,1,-1,-1,-1
405,524,746,333,80,73,1,-1,-1,-1
406,524,747,333,79,73,1,-1,-1,-1
407,524,747,333,79,73,1,-1,-1,-1
408,524,747,333,80,73,1,-1,-1,-1
409,524,747,333,79,72,1,-1,-1,-1
410,524,747,333,79,72,1,-1,-1,-1
411,524,747,333,79,73,1,-1,-1,-1
412,524,747,333,79,72,1,-1,-1,-1
413,524,747,333,79,72,1,-1,-1,-1
414,524,747,333,79,72,1,-1,-1,-1
415,524,747,332,79,74,1,-1,-1,-1
416,524,747,332,79,74,1,-1,-1,-1
417,524,747,331,78,73,1,-1,-1,-1
418,524,747,331,78,73,1,-1,-1,-1
419,524,747,331,78,73,1,-1,-1,-1
420,524,747,331,78,73,1,-1,-1,-1
421,524,747,330,79,75,1,-1,-1,-1
422,524,747,330,79,75,1,-1,-1,-1
423,524,747,329,79,75,1,-1,-1,-1
424,524,747,330,79,75,1,-1,-1,-1
425,524,747,332,79,73,1,-1,-1,-1
426,524,747,332,79,73,1,-1,-1,-1
427,524,747,332,79,73,1,-1,-1,-1
428,524,747,332,79,73,1,-1,-1,-1
429,524,747,332,79,73,1,-1,-1,-1
430,524,747,332,79,73,1,-1,-1,-1
431,524,747,332,79,73,1,-1,-1,-1
432,524,747,332,79,73,1,-1,-1,-1
433,524,747,329,80,76,1,-1,-1,-1
434,524,747,329,80,76,1,-1,-1,-1
435,524,747,329,80,76,1,-1,-1,-1
436,524,747,328,80,76,1,-1,-1,-1
437,524,747,328,80,76,1,-1,-1,-1
438,524,747,328,80,76,1,-1,-1,-1
439,524,747,328,80,76,1,-1,-1,-1
440,524,747,328,80,76,1,-1,-1,-1
441,524,746,329,79,76,1,-1,-1,-1
442,524,746,329,79,76,1,-1,-1,-1
443,524,746,329,79,76,1,-1,-1,-1
444,524,746,329,79,76,1,-1,-1,-1
445,524,746,328,79,77,1,-1,-1,-1
446,524,746,328,79,77,1,-1,-1,-1
447,524,746,328,79,77,1,-1,-1,-1
448,524,746,328,79,77,1,-1,-1,-1
449,524,746,327,80,79,1,-1,-1,-1
450,524,746,327,80,79,1,-1,-1,-1
451,524,746,327,80,79,1,-1,-1,-1
452,524,746,327,80,80,1,-1,-1,-1
453,524,746,327,80,79,1,-1,-1,-1
454,524,746,327,80,79,1,-1,-1,-1
455,524,746,327,80,79,1,-1,-1,-1
456,524,746,327,80,79,1,-1,-1,-1
457,524,747,330,79,75,1,-1,-1,-1
458,524,747,330,79,75,1,-1,-1,-1
459,524,747,330,79,76,1,-1,-1,-1
460,524,747,330,79,75,1,-1,-1,-1
461,524,747,330,79,75,1,-1,-1,-1
462,524,747,329,79,76,1,-1,-1,-1
463,524,747,329,79,76,1,-1,-1,-1
464,524,747,329,79,76,1,-1,-1,-1
465,524,747,331,79,74,1,-1,-1,-1
466,524,747,331,79,74,1,-1,-1,-1
467,524,747,331,79,74,1,-1,-1,-1
468,524,747,331,79,74,1,-1,-1,-1
469,524,747,332,78,73,1,-1,-1,-1
470,524,747,332,78,73,1,-1,-1,-1
471,524,747,332,78,73,1,-1,-1,-1
472,524,747,333,78,73,1,-1,-1,-1
473,524,747,328,79,77,1,-1,-1,-1
474,524,747,328,79,78,1,-1,-1,-1
475,524,747,328,79,77,1,-1,-1,-1
476,524,747,328,79,77,1,-1,-1,-1
477,524,747,328,79,77,1,-1,-1,-1
478,524,747,328,79,77,1,-1,-1,-1
479,524,747,328,79,77,1,-1,-1,-1
480,524,747,328,79,77,1,-1,-1,-1
481,524,746,331,79,75,1,-1,-1,-1
482,524,746,331,79,75,1,-1,-1,-1
483,524,746,331,79,75,1,-1,-1,-1
484,524,746,331,79,74,1,-1,-1,-1
485,524,746,331,79,74,1,-1,-1,-1
486,524,746,331,79,74,1,-1,-1,-1
487,524,746,331,79,74,1,-1,-1,-1
488,524,746,331,79,74,1,-1,-1,-1
489,524,747,331,79,74,1,-1,-1,-1
490,524,747,331,79,74,1,-1,-1,-1
491,524,747,331,79,74,1,-1,-1,-1
492,524,747,332,79,73,1,-1,-1,-1
493,524,746,329,79,76,1,-1,-1,-1
494,524,746,329,79,76,1,-1,-1,-1
495,524,746,328,79,77,1,-1,-1,-1
496,524,746,328,79,77,1,-1,-1,-1
497,524,746,328,80,77,1,-1,-1,-1
498,524,746,328,79,77,1,-1,-1,-1
499,524,746,328,79,76,1,-1,-1,-1
500,524,746,328,79,77,1,-1,-1,-1
501,524,746,328,80,77,1,-1,-1,-1
502,524,746,328,79,77,1,-1,-1,-1
503,524,746,328,79,77,1,-1,-1,-1
504,524,746,328,79,77,1,-1,-1,-1
505,524,747,336,78,70,1,-1,-1,-1
506,524,747,336,78,70,1,-1,-1,-1
507,524,747,336,78,70,1,-1,-1,-1
508,524,747,336,78,70,1,-1,-1,-1
509,524,747,336,78,70,1,-1,-1,-1
510,524,747,336,78,70,1,-1,-1,-1
511,524,747,336,78,70,1,-1,-1,-1
512,524,747,336,78,70,1,-1,-1,-1
513,524,746,329,79,76,1,-1,-1,-1
514,524,746,329,79,76,1,-1,-1,-1
515,524,746,329,79,76,1,-1,-1,-1
516,524,747,334,79,71,1,-1,-1,-1
517,524,747,335,78,71,1,-1,-1,-1
518,524,747,335,78,71,1,-1,-1,-1
519,524,747,335,78,71,1,-1,-1,-1
520,524,747,330,79,75,1,-1,-1,-1
521,524,747,332,79,73,1,-1,-1,-1
522,524,747,332,79,73,1,-1,-1,-1
523,524,747,332,79,73,1,-1,-1,-1
524,524,747,332,79,73,1,-1,-1,-1
525,524,747,332,79,73,1,-1,-1,-1
526,524,747,332,79,73,1,-1,-1,-1
527,524,747,332,79,73,1,-1,-1,-1
528,524,747,332,79,73,1,-1,-1,-1
529,524,746,326,80,81,1,-1,-1,-1
530,524,746,326,80,81,1,-1,-1,-1
531,524,746,326,80,81,1,-1,-1,-1
532,524,746,326,80,81,1,-1,-1,-1
533,524,746,326,80,81,1,-1,-1,-1
534,524,747,326,80,80,1,-1,-1,-1
535,524,747,326,80,80,1,-1,-1,-1
536,524,747,326,80,80,1,-1,-1,-1
537,524,747,331,79,73,1,-1,-1,-1
538,524,747,331,79,73,1,-1,-1,-1
539,524,747,331,79,73,1,-1,-1,-1
540,524,747,331,79,73,1,-1,-1,-1
541,524,747,332,78,73,1,-1,-1,-1
542,524,747,332,79,74,1,-1,-1,-1
543,524,747,332,79,73,1,-1,-1,-1
544,524,746,332,79,72,1,-1,-1,-1
545,524,747,331,79,69,1,-1,-1,-1
546,524,747,330,80,69,1,-1,-1,-1
547,524,747,330,80,70,1,-1,-1,-1
548,524,747,330,79,71,1,-1,-1,-1
549,524,747,329,80,71,1,-1,-1,-1
550,524,746,330,80,71,1,-1,-1,-1
551,524,747,330,79,72,1,-1,-1,-1
552,524,747,330,80,70,1,-1,-1,-1
553,524,747,326,79,83,1,-1,-1,-1
554,524,747,329,79,71,1,-1,-1,-1
555,524,747,329,79,69,1,-1,-1,-1
556,524,747,329,79,69,1,-1,-1,-1
557,524,747,329,79,68,1,-1,-1,-1
558,524,747,330,79,71,1,-1,-1,-1
559,524,747,330,79,72,1,-1,-1,-1
560,524,748,333,78,72,1,-1,-1,-1
561,524,747,333,78,71,1,-1,-1,-1
562,524,748,333,77,71,1,-1,-1,-1
563,524,746,330,80,75,1,-1,-1,-1
564,524,747,330,79,75,1,-1,-1,-1
565,524,747,331,79,74,1,-1,-1,-1
566,524,747,331,79,74,1,-1,-1,-1
567,524,747,331,79,73,1,-1,-1,-1
568,524,747,331,79,74,1,-1,-1,-1
569,524,747,329,79,75,1,-1,-1,-1
570,524,747,329,79,76,1,-1,-1,-1
571,524,747,328,79,79,1,-1,-1,-1
572,524,747,327,79,79,1,-1,-1,-1
573,524,747,327,79,80,1,-1,-1,-1
574,524,746,327,80,80,1,-1,-1,-1
575,524,746,327,80,80,1,-1,-1,-1
576,524,747,327,79,79,1,-1,-1,-1
577,524,747,330,80,75,1,-1,-1,-1
578,524,746,328,80,78,1,-1,-1,-1
579,524,747,327,80,78,1,-1,-1,-1
580,524,746,330,80,76,1,-1,-1,-1
581,524,747,330,80,76,1,-1,-1,-1
582,524,747,331,80,75,1,-1,-1,-1
583,524,747,329,80,77,1,-1,-1,-1
584,524,747,328,80,78,1,-1,-1,-1
585,524,746,329,80,77,1,-1,-1,-1
586,524,746,328,81,77,1,-1,-1,-1
587,524,746,328,81,77,1,-1,-1,-1
588,524,746,328,80,79,1,-1,-1,-1
589,524,746,326,80,80,1,-1,-1,-1
590,524,746,326,80,80,1,-1,-1,-1
591,524,746,326,80,80,1,-1,-1,-1
592,524,746,326,80,80,1,-1,-1,-1
593,524,746,327,80,80,1,-1,-1,-1
594,524,746,326,80,80,1,-1,-1,-1
595,524,746,326,80,80,1,-1,-1,-1
596,524,746,326,80,79,1,-1,-1,-1
597,524,746,326,80,80,1,-1,-1,-1
598,524,746,326,80,80,1,-1,-1,-1
599,524,746,326,80,80,1,-1,-1,-1
600,524,746,326,80,80,1,-1,-1,-1
601,524,747,326,78,78,1,-1,-1,-1
602,524,746,327,80,79,1,-1,-1,-1
603,524,746,327,80,79,1,-1,-1,-1
604,524,746,327,79,78,1,-1,-1,-1
605,524,746,327,79,79,1,-1,-1,-1
606,524,746,327,80,79,1,-1,-1,-1
607,524,746,327,79,79,1,-1,-1,-1
608,524,747,327,79,79,1,-1,-1,-1
609,524,747,327,79,79,1,-1,-1,-1
610,524,746,327,79,79,1,-1,-1,-1
611,524,746,327,79,79,1,-1,-1,-1
612,524,746,327,79,79,1,-1,-1,-1
613,524,746,327,79,79,1,-1,-1,-1
614,524,747,327,79,78,1,-1,-1,-1
615,524,747,327,79,77,1,-1,-1,-1
616,524,746,327,79,77,1,-1,-1,-1
617,524,746,328,79,76,1,-1,-1,-1
618,524,746,328,79,76,1,-1,-1,-1
619,524,746,328,79,76,1,-1,-1,-1
620,524,747,328,79,77,1,-1,-1,-1
621,524,746,327,80,79,1,-1,-1,-1
622,524,747,328,79,77,1,-1,-1,-1
623,524,746,328,79,77,1,-1,-1,-1
624,524,746,328,79,77,1,-1,-1,-1
625,524,746,327,80,80,1,-1,-1,-1
626,524,746,326,80,80,1,-1,-1,-1
627,524,747,327,79,78,1,-1,-1,-1
628,524,747,328,79,78,1,-1,-1,-1
629,524,747,328,79,77,1,-1,-1,-1
630,524,747,328,79,77,1,-1,-1,-1
631,524,747,328,79,77,1,-1,-1,-1
632,524,746,327,80,79,1,-1,-1,-1
633,524,746,327,80,79,1,-1,-1,-1
634,524,746,328,79,76,1,-1,-1,-1
635,524,746,328,80,76,1,-1,-1,-1
636,524,746,328,79,76,1,-1,-1,-1
637,524,746,327,79,76,1,-1,-1,-1
638,524,746,327,79,77,1,-1,-1,-1
639,524,746,328,79,76,1,-1,-1,-1
640,524,747,328,79,76,1,-1,-1,-1
641,524,746,328,79,77,1,-1,-1,-1
642,524,747,328,79,77,1,-1,-1,-1
643,524,747,328,79,77,1,-1,-1,-1
644,524,747,328,79,77,1,-1,-1,-1
645,524,747,328,79,77,1,-1,-1,-1
646,524,747,328,79,77,1,-1,-1,-1
647,524,747,328,79,77,1,-1,-1,-1
648,524,746,327,79,79,1,-1,-1,-1
649,524,747,327,79,79,1,-1,-1,-1
650,524,747,331,78,74,1,-1,-1,-1
651,524,747,331,78,74,1,-1,-1,-1
652,524,747,331,78,74,1,-1,-1,-1
653,524,747,331,78,74,1,-1,-1,-1
654,524,747,331,78,74,1,-1,-1,-1
655,524,747,327,79,79,1,-1,-1,-1
656,524,747,327,79,79,1,-1,-1,-1
657,524,747,328,79,77,1,-1,-1,-1
658,524,747,328,79,77,1,-1,-1,-1
659,524,746,328,79,77,1,-1,-1,-1
660,524,746,328,79,77,1,-1,-1,-1
661,524,746,327,79,77,1,-1,-1,-1
662,524,746,327,79,77,1,-1,-1,-1
663,524,746,328,79,77,1,-1,-1,-1
664,524,746,328,79,76,1,-1,-1,-1
665,524,746,327,79,79,1,-1,-1,-1
666,524,746,327,79,79,1,-1,-1,-1
667,524,747,327,79,77,1,-1,-1,-1
668,524,747,326,79,78,1,-1,-1,-1
669,524,746,326,79,80,1,-1,-1,-1
670,524,746,326,80,80,1,-1,-1,-1
671,524,746,326,79,78,1,-1,-1,-1
672,524,746,326,80,80,1,-1,-1,-1
673,524,746,326,80,79,1,-1,-1,-1
674,524,746,326,80,79,1,-1,-1,-1
675,524,746,326,80,79,1,-1,-1,-1
676,524,746,326,80,79,1,-1,-1,-1
677,524,746,327,80,79,1,-1,-1,-1
678,524,746,329,80,76,1,-1,-1,-1
679,524,746,329,80,75,1,-1,-1,-1
680,524,746,329,80,75,1,-1,-1,-1
681,524,746,327,79,79,1,-1,-1,-1
682,524,746,326,79,79,1,-1,-1,-1
683,524,746,326,79,80,1,-1,-1,-1
684,524,746,326,79,80,1,-1,-1,-1
685,524,746,326,79,80,1,-1,-1,-1
686,524,746,327,79,79,1,-1,-1,-1
687,524,746,327,79,79,1,-1,-1,-1
688,524,746,326,79,79,1,-1,-1,-1
689,524,746,327,79,80,1,-1,-1,-1
690,524,746,327,79,80,1,-1,-1,-1
691,524,746,327,79,77,1,-1,-1,-1
692,524,747,327,79,77,1,-1,-1,-1
693,524,747,327,79,77,1,-1,-1,-1
694,524,746,327,79,79,1,-1,-1,-1
695,524,746,327,79,79,1,-1,-1,-1
696,524,746,327,79,80,1,-1,-1,-1
697,524,746,327,79,79,1,-1,-1,-1
698,524,746,327,79,79,1,-1,-1,-1
699,524,746,327,79,79,1,-1,-1,-1
700,524,746,327,79,80,1,-1,-1,-1
701,524,746,327,79,80,1,-1,-1,-1
702,524,746,327,79,80,1,-1,-1,-1
703,524,746,327,79,79,1,-1,-1,-1
704,524,746,327,79,79,1,-1,-1,-1
705,524,746,328,79,78,1,-1,-1,-1
706,524,746,328,79,78,1,-1,-1,-1
707,524,746,328,79,78,1,-1,-1,-1
708,524,746,328,79,78,1,-1,-1,-1
709,524,746,327,79,79,1,-1,-1,-1
710,524,746,327,79,79,1,-1,-1,-1
711,524,746,327,79,79,1,-1,-1,-1
712,524,746,327,79,79,1,-1,-1,-1
713,524,746,327,79,79,1,-1,-1,-1
714,524,746,327,79,79,1,-1,-1,-1
715,524,746,328,79,79,1,-1,-1,-1
716,524,746,327,79,79,1,-1,-1,-1
717,524,746,327,79,79,1,-1,-1,-1
718,524,746,327,79,79,1,-1,-1,-1
719,524,746,327,79,79,1,-1,-1,-1
720,524,746,327,79,79,1,-1,-1,-1
721,524,746,327,79,79,1,-1,-1,-1
722,524,746,327,79,79,1,-1,-1,-1
723,524,746,327,79,79,1,-1,-1,-1
724,524,746,327,79,79,1,-1,-1,-1
725,524,746,327,79,79,1,-1,-1,-1
726,524,746,327,79,79,1,-1,-1,-1
727,524,746,327,79,79,1,-1,-1,-1
728,524,746,327,79,79,1,-1,-1,-1
729,524,746,328,79,78,1,-1,-1,-1
730,524,746,328,79,78,1,-1,-1,-1
731,524,746,328,79,78,1,-1,-1,-1
732,524,746,328,79,78,1,-1,-1,-1
733,524,746,329,78,76,1,-1,-1,-1
734,524,747,331,77,74,1,-1,-1,-1
735,524,747,332,77,74,1,-1,-1,-1
736,524,747,332,77,73,1,-1,-1,-1
737,524,747,329,78,77,1,-1,-1,-1
738,524,746,329,78,77,1,-1,-1,-1
739,524,747,329,78,76,1,-1,-1,-1
740,524,746,329,79,76,1,-1,-1,-1
741,524,746,329,79,77,1,-1,-1,-1
742,524,746,328,79,79,1,-1,-1,-1
743,524,746,329,79,77,1,-1,-1,-1
744,524,746,329,79,77,1,-1,-1,-1
745,524,746,330,77,75,1,-1,-1,-1
746,524,746,330,77,75,1,-1,-1,-1
747,524,746,329,77,76,1,-1,-1,-1
748,524,746,328,78,76,1,-1,-1,-1
749,524,746,329,77,76,1,-1,-1,-1
750,524,746,329,77,76,1,-1,-1,-1
751,524,747,328,78,76,1,-1,-1,-1
752,524,747,329,78,76,1,-1,-1,-1
753,524,746,327,79,79,1,-1,-1,-1
754,524,746,327,79,79,1,-1,-1,-1
755,524,746,327,79,79,1,-1,-1,-1
756,524,746,327,79,79,1,-1,-1,-1
757,524,747,328,78,77,1,-1,-1,-1
758,524,747,328,78,77,1,-1,-1,-1
759,524,747,328,78,78,1,-1,-1,-1
760,524,747,328,78,78,1,-1,-1,-1
761,524,747,334,77,72,1,-1,-1,-1
762,524,747,334,78,72,1,-1,-1,-1
763,524,747,334,78,72,1,-1,-1,-1
764,524,747,334,77,72,1,-1,-1,-1
765,524,747,334,77,72,1,-1,-1,-1
766,524,746,330,78,75,1,-1,-1,-1
767,524,747,334,78,72,1,-1,-1,-1
768,524,747,334,78,72,1,-1,-1,-1
769,524,746,329,79,76,1,-1,-1,-1
770,524,746,329,79,76,1,-1,-1,-1
771,524,746,329,79,76,1,-1,-1,-1
772,524,746,329,79,76,1,-1,-1,-1
773,524,746,329,79,76,1,-1,-1,-1
774,524,746,329,79,76,1,-1,-1,-1
775,524,747,329,79,76,1,-1,-1,-1
776,524,747,329,79,76,1,-1,-1,-1
777,524,746,328,79,77,1,-1,-1,-1
778,524,746,328,79,77,1,-1,-1,-1
779,524,746,328,79,77,1,-1,-1,-1
780,524,746,329,79,76,1,-1,-1,-1
781,524,746,327,79,80,1,-1,-1,-1
782,524,746,327,79,80,1,-1,-1,-1
783,524,746,327,79,80,1,-1,-1,-1
784,524,746,327,79,80,1,-1,-1,-1
785,524,747,328,79,77,1,-1,-1,-1
786,524,747,330,79,75,1,-1,-1,-1
787,524,747,330,79,75,1,-1,-1,-1
788,524,746,327,79,79,1,-1,-1,-1
789,524,747,330,79,75,1,-1,-1,-1
790,524,747,330,79,75,1,-1,-1,-1
791,524,747,330,79,75,1,-1,-1,-1
792,524,747,330,79,75,1,-1,-1,-1
793,524,746,328,79,77,1,-1,-1,-1
794,524,746,328,79,77,1,-1,-1,-1
795,524,746,328,79,77,1,-1,-1,-1
796,524,746,328,79,77,1,-1,-1,-1
797,524,746,328,79,77,1,-1,-1,-1
798,524,746,328,79,77,1,-1,-1,-1
799,524,746,328,79,78,1,-1,-1,-1
800,524,746,328,79,78,1,-1,-1,-1
801,524,746,330,79,75,1,-1,-1,-1
802,524,746,330,79,76,1,-1,-1,-1
803,524,746,329,79,75,1,-1,-1,-1
804,524,746,330,79,75,1,-1,-1,-1
805,524,746,329,79,76,1,-1,-1,-1
806,524,746,329,79,76,1,-1,-1,-1
807,524,746,329,79,76,1,-1,-1,-1
808,524,746,329,79,76,1,-1,-1,-1
809,524,746,330,78,75,1,-1,-1,-1
810,524,747,330,78,75,1,-1,-1,-1
811,524,747,330,78,75,1,-1,-1,-1
812,524,747,330,78,75,1,-1,-1,-1
813,524,747,330,78,75,1,-1,-1,-1
814,524,747,330,78,75,1,-1,-1,-1
815,524,747,330,78,75,1,-1,-1,-1
816,524,747,330,78,75,1,-1,-1,-1
817,524,746,330,79,75,1,-1,-1,-1
818,524,746,330,79,75,1,-1,-1,-1
819,524,746,330,79,75,1,-1,-1,-1
820,524,746,330,79,75,1,-1,-1,-1
821,524,746,330,79,75,1,-1,-1,-1
822,524,746,330,79,75,1,-1,-1,-1
823,524,746,330,79,76,1,-1,-1,-1
824,524,746,328,79,77,1,-1,-1,-1
825,524,747,331,78,74,1,-1,-1,-1
826,524,747,331,78,74,1,-1,-1,-1
827,524,746,331,78,74,1,-1,-1,-1
828,524,747,331,78,74,1,-1,-1,-1
829,524,747,330,78,75,1,-1,-1,-1
830,524,747,330,78,75,1,-1,-1,-1
831,524,747,330,78,75,1,-1,-1,-1
832,524,747,330,78,75,1,-1,-1,-1
833,524,747,330,78,76,1,-1,-1,-1
834,524,747,330,78,76,1,-1,-1,-1
835,524,747,330,78,76,1,-1,-1,-1
836,524,747,330,78,76,1,-1,-1,-1
837,524,747,330,78,76,1,-1,-1,-1
838,524,747,330,78,76,1,-1,-1,-1
839,524,747,329,78,76,1,-1,-1,-1
840,524,747,329,78,76,1,-1,-1,-1
841,524,747,330,79,74,1,-1,-1,-1
842,524,747,330,79,74,1,-1,-1,-1
843,524,747,330,79,74,1,-1,-1,-1
844,524,747,330,79,74,1,-1,-1,-1
845,524,747,330,79,74,1,-1,-1,-1
846,524,747,330,79,74,1,-1,-1,-1
847,524,747,328,79,76,1,-1,-1,-1
848,524,747,328,79,76,1,-1,-1,-1
849,524,746,330,78,75,1,-1,-1,-1
850,524,746,330,78,75,1,-1,-1,-1
851,524,746,330,78,75,1,-1,-1,-1
852,524,746,330,78,75,1,-1,-1,-1
853,524,747,335,77,71,1,-1,-1,-1
854,524,747,335,77,71,1,-1,-1,-1
855,524,747,335,77,71,1,-1,-1,-1
856,524,747,335,77,71,1,-1,-1,-1
857,524,747,330,78,75,1,-1,-1,-1
858,524,746,330,78,75,1,-1,-1,-1
859,524,746,330,78,75,1,-1,-1,-1
860,524,746,330,78,75,1,-1,-1,-1
861,524,746,330,78,75,1,-1,-1,-1
862,524,747,330,78,75,1,-1,-1,-1
863,524,747,330,78,75,1,-1,-1,-1
864,524,747,330,78,75,1,-1,-1,-1
865,524,747,330,79,75,1,-1,-1,-1
866,524,747,330,79,75,1,-1,-1,-1
867,524,747,330,79,75,1,-1,-1,-1
868,524,747,330,79,75,1,-1,-1,-1
869,524,747,330,79,75,1,-1,-1,-1
870,524,746,330,79,75,1,-1,-1,-1
871,524,746,330,79,75,1,-1,-1,-1
872,524,746,330,79,75,1,-1,-1,-1
873,524,746,331,79,74,1,-1,-1,-1
874,524,747,330,79,75,1,-1,-1,-1
875,524,746,330,79,75,1,-1,-1,-1
876,524,746,330,79,75,1,-1,-1,-1
877,524,746,332,79,73,1,-1,-1,-1
878,524,746,333,79,73,1,-1,-1,-1
879,524,746,332,79,73,1,-1,-1,-1
880,524,746,329,79,76,1,-1,-1,-1
881,524,746,332,79,73,1,-1,-1,-1
882,524,746,332,79,73,1,-1,-1,-1
883,524,746,332,79,73,1,-1,-1,-1
884,524,746,332,79,73,1,-1,-1,-1
885,524,746,332,79,73,1,-1,-1,-1
886,524,746,332,79,73,1,-1,-1,-1
887,524,746,332,79,73,1,-1,-1,-1
888,524,746,332,79,73,1,-1,-1,-1
889,524,746,330,79,75,1,-1,-1,-1
890,524,746,330,79,75,1,-1,-1,-1
891,524,746,328,79,77,1,-1,-1,-1
892,524,746,328,79,77,1,-1,-1,-1
893,524,746,328,79,77,1,-1,-1,-1
894,524,746,328,79,77,1,-1,-1,-1
895,524,746,328,79,77,1,-1,-1,-1
896,524,746,328,79,77,1,-1,-1,-1
897,524,747,332,78,74,1,-1,-1,-1
898,524,747,332,77,74,1,-1,-1,-1
899,524,747,332,77,74,1,-1,-1,-1
900,524,747,332,77,74,1,-1,-1,-1
901,524,746,329,78,76,1,-1,-1,-1
902,524,746,331,78,74,1,-1,-1,-1
903,524,746,329,78,76,1,-1,-1,-1
904,524,746,329,78,76,1,-1,-1,-1
905,524,747,334,78,72,1,-1,-1,-1
906,524,747,334,78,72,1,-1,-1,-1
907,524,747,334,78,72,1,-1,-1,-1
908,524,747,331,78,74,1,-1,-1,-1
909,524,747,331,78,74,1,-1,-1,-1
910,524,747,331,78,74,1,-1,-1,-1
911,524,747,331,78,74,1,-1,-1,-1
912,524,747,331,78,74,1,-1,-1,-1
913,524,747,330,79,75,1,-1,-1,-1
914,524,747,330,79,75,1,-1,-1,-1
915,524,747,330,79,75,1,-1,-1,-1
916,524,747,330,79,75,1,-1,-1,-1
917,524,747,330,79,75,1,-1,-1,-1
918,524,747,330,79,75,1,-1,-1,-1
919,524,747,330,79,75,1,-1,-1,-1
920,524,747,330,79,75,1,-1,-1,-1
921,524,746,330,79,75,1,-1,-1,-1
922,524,747,329,79,76,1,-1,-1,-1
923,524,747,329,79,76,1,-1,-1,-1
924,524,747,329,79,76,1,-1,-1,-1
925,524,747,329,78,76,1,-1,-1,-1
926,524,747,329,78,76,1,-1,-1,-1
927,524,747,329,79,76,1,-1,-1,-1
928,524,747,329,79,76,1,-1,-1,-1
929,524,746,329,79,76,1,-1,-1,-1
930,524,746,329,79,76,1,-1,-1,-1
931,524,747,329,79,76,1,-1,-1,-1
932,524,747,329,79,76,1,-1,-1,-1
933,524,747,329,79,76,1,-1,-1,-1
934,524,747,329,79,76,1,-1,-1,-1
935,524,747,329,79,76,1,-1,-1,-1
936,524,747,330,79,76,1,-1,-1,-1
937,524,746,330,79,75,1,-1,-1,-1
938,524,746,330,79,75,1,-1,-1,-1
939,524,746,329,79,77,1,-1,-1,-1
940,524,746,330,79,75,1,-1,-1,-1
941,524,746,330,79,76,1,-1,-1,-1
942,524,746,329,79,77,1,-1,-1,-1
943,524,746,330,79,76,1,-1,-1,-1
944,524,746,330,79,76,1,-1,-1,-1
945,524,746,330,79,75,1,-1,-1,-1
946,524,746,330,79,75,1,-1,-1,-1
947,524,746,330,79,75,1,-1,-1,-1
948,524,746,330,79,75,1,-1,-1,-1
949,524,746,328,79,77,1,-1,-1,-1
950,524,746,328,79,77,1,-1,-1,-1
951,524,746,328,79,77,1,-1,-1,-1
952,524,746,328,79,77,1,-1,-1,-1
953,524,746,329,79,76,1,-1,-1,-1
954,524,746,329,79,76,1,-1,-1,-1
955,524,746,329,79,76,1,-1,-1,-1
956,524,746,329,79,76,1,-1,-1,-1
957,524,746,330,79,75,1,-1,-1,-1
958,524,746,330,79,75,1,-1,-1,-1
959,524,746,330,79,75,1,-1,-1,-1
960,524,746,330,79,75,1,-1,-1,-1
961,524,746,327,79,79,1,-1,-1,-1
962,524,746,327,79,79,1,-1,-1,-1
963,524,746,327,79,79,1,-1,-1,-1
964,524,746,327,79,79,1,-1,-1,-1
965,524,746,327,79,79,1,-1,-1,-1
966,524,746,327,79,79,1,-1,-1,-1
967,524,746,327,79,79,1,-1,-1,-1
968,524,746,327,79,79,1,-1,-1,-1
969,524,746,329,79,77,1,-1,-1,-1
970,524,746,329,79,77,1,-1,-1,-1
971,524,746,329,79,77,1,-1,-1,-1
972,524,746,329,79,76,1,-1,-1,-1
973,524,746,329,79,76,1,-1,-1,-1
974,524,746,329,79,76,1,-1,-1,-1
975,524,746,329,79,76,1,-1,-1,-1
976,524,746,329,79,76,1,-1,-1,-1
977,524,746,328,79,78,1,-1,-1,-1
978,524,746,328,79,78,1,-1,-1,-1
979,524,746,328,79,78,1,-1,-1,-1
980,524,746,328,79,78,1,-1,-1,-1
981,524,746,328,79,78,1,-1,-1,-1
982,524,746,328,79,78,1,-1,-1,-1
983,524,746,328,79,78,1,-1,-1,-1
984,524,746,328,79,78,1,-1,-1,-1
985,524,746,328,79,77,1,-1,-1,-1
986,524,746,329,79,77,1,-1,-1,-1
987,524,746,329,79,77,1,-1,-1,-1
988,524,746,329,79,76,1,-1,-1,-1
989,524,746,329,79,76,1,-1,-1,-1
990,524,746,329,79,76,1,-1,-1,-1
991,524,746,329,79,76,1,-1,-1,-1
992,524,746,329,79,76,1,-1,-1,-1
993,524,746,327,80,77,1,-1,-1,-1
994,524,746,327,80,77,1,-1,-1,-1
995,524,746,327,80,77,1,-1,-1,-1
996,524,746,327,80,77,1,-1,-1,-1
997,524,746,327,79,79,1,-1,-1,-1
998,524,746,327,79,79,1,-1,-1,-1
999,524,746,327,79,79,1,-1,-1,-1
1000,524,746,327,79,79,1,-1,-1,-1
1001,524,746,329,79,76,1,-1,-1,-1
1002,524,746,329,79,76,1,-1,-1,-1
1003,524,746,329,79,76,1,-1,-1,-1
1004,524,746,329,79,76,1,-1,-1,-1
1005,524,746,329,79,76,1,-1,-1,-1
1006,524,746,329,79,76,1,-1,-1,-1
1007,524,746,329,79,76,1,-1,-1,-1
1008,524,746,329,79,76,1,-1,-1,-1
1009,524,746,326,79,80,1,-1,-1,-1
1010,524,746,326,79,80,1,-1,-1,-1
1011,524,746,326,79,80,1,-1,-1,-1
1012,524,746,326,79,80,1,-1,-1,-1
1013,524,746,326,79,80,1,-1,-1,-1
1014,524,746,326,79,80,1,-1,-1,-1
1015,524,746,326,79,80,1,-1,-1,-1
1016,524,746,326,79,80,1,-1,-1,-1
1017,524,746,326,79,80,1,-1,-1,-1
1018,524,746,326,79,80,1,-1,-1,-1
1019,524,746,326,79,80,1,-1,-1,-1
1020,524,746,326,79,80,1,-1,-1,-1
1021,524,746,326,79,80,1,-1,-1,-1
1022,524,746,326,78,80,1,-1,-1,-1
1023,524,746,326,79,80,1,-1,-1,-1
1024,524,746,326,79,80,1,-1,-1,-1
1025,524,746,327,79,80,1,-1,-1,-1
1026,524,746,327,79,80,1,-1,-1,-1
1027,524,746,327,79,80,1,-1,-1,-1
1028,524,746,327,79,80,1,-1,-1,-1
1029,524,746,327,79,80,1,-1,-1,-1
1030,524,746,327,79,80,1,-1,-1,-1
1031,524,746,327,79,80,1,-1,-1,-1
1032,524,746,327,79,80,1,-1,-1,-1
1033,524,746,328,79,78,1,-1,-1,-1
1034,524,746,328,80,77,1,-1,-1,-1
1035,524,746,328,80,77,1,-1,-1,-1
1036,524,746,328,80,77,1,-1,-1,-1
1037,524,746,328,80,78,1,-1,-1,-1
1038,524,746,328,80,78,1,-1,-1,-1
1039,524,746,328,80,78,1,-1,-1,-1
1040,524,746,328,80,78,1,-1,-1,-1
1041,524,746,327,80,80,1,-1,-1,-1
1042,524,746,327,80,80,1,-1,-1,-1
1043,524,746,327,80,80,1,-1,-1,-1
1044,524,746,327,80,80,1,-1,-1,-1
1045,524,746,327,79,79,1,-1,-1,-1
1046,524,746,327,79,79,1,-1,-1,-1
1047,524,746,327,79,79,1,-1,-1,-1
1048,524,746,327,79,79,1,-1,-1,-1
1049,524,746,326,79,80,1,-1,-1,-1
1050,524,746,326,79,80,1,-1,-1,-1
1051,524,746,326,79,80,1,-1,-1,-1
1052,524,746,326,79,80,1,-1,-1,-1
1053,524,746,326,79,80,1,-1,-1,-1
1054,524,746,326,79,80,1,-1,-1,-1
1055,524,746,326,79,80,1,-1,-1,-1
1056,524,746,326,79,80,1,-1,-1,-1
1057,524,746,326,79,80,1,-1,-1,-1
1058,524,746,326,79,80,1,-1,-1,-1
1059,524,746,326,79,80,1,-1,-1,-1
1060,524,746,326,79,80,1,-1,-1,-1
1061,524,746,326,79,80,1,-1,-1,-1
1062,524,746,326,79,80,1,-1,-1,-1
1063,524,746,326,79,80,1,-1,-1,-1
1064,524,746,326,79,80,1,-1,-1,-1
1065,524,746,326,79,80,1,-1,-1,-1
1066,524,746,326,79,80,1,-1,-1,-1
1067,524,746,326,79,80,1,-1,-1,-1
1068,524,746,326,79,80,1,-1,-1,-1
1069,524,747,326,78,79,1,-1,-1,-1
1070,524,747,326,78,79,1,-1,-1,-1
1071,524,747,326,78,79,1,-1,-1,-1
1072,524,747,326,78,79,1,-1,-1,-1
1073,524,747,326,78,79,1,-1,-1,-1
1074,524,747,326,78,79,1,-1,-1,-1
1075,524,747,326,78,79,1,-1,-1,-1
1076,524,747,326,78,79,1,-1,-1,-1
1077,524,747,326,78,79,1,-1,-1,-1
1078,524,747,326,78,79,1,-1,-1,-1
1079,524,747,326,78,79,1,-1,-1,-1
1080,524,747,326,78,79,1,-1,-1,-1
1081,524,746,326,79,80,1,-1,-1,-1
1082,524,746,326,79,80,1,-1,-1,-1
1083,524,746,326,79,80,1,-1,-1,-1
1084,524,746,326,79,80,1,-1,-1,-1
1085,524,746,326,79,80,1,-1,-1,-1
1086,524,746,326,79,80,1,-1,-1,-1
1087,524,746,326,79,80,1,-1,-1,-1
1088,524,746,326,79,80,1,-1,-1,-1
1089,524,746,326,79,80,1,-1,-1,-1
1090,524,746,326,79,80,1,-1,-1,-1
1091,524,746,326,79,80,1,-1,-1,-1
1092,524,746,326,79,80,1,-1,-1,-1
1093,524,747,326,78,79,1,-1,-1,-1
1094,524,746,327,79,80,1,-1,-1,-1
1095,524,746,327,79,80,1,-1,-1,-1
1096,524,746,327,79,80,1,-1,-1,-1
1097,524,746,326,79,80,1,-1,-1,-1
1098,524,746,326,79,80,1,-1,-1,-1
1099,524,746,326,79,80,1,-1,-1,-1
1100,524,746,326,79,80,1,-1,-1,-1
1101,524,746,326,79,80,1,-1,-1,-1
1102,524,746,326,79,80,1,-1,-1,-1
1103,524,746,327,79,80,1,-1,-1,-1
1104,524,746,327,79,80,1,-1,-1,-1
1105,524,746,326,78,79,1,-1,-1,-1
1106,524,746,326,78,79,1,-1,-1,-1
1107,524,746,326,78,79,1,-1,-1,-1
1108,524,746,326,78,79,1,-1,-1,-1
1109,524,746,326,78,79,1,-1,-1,-1
1110,524,746,326,78,79,1,-1,-1,-1
1111,524,746,326,78,80,1,-1,-1,-1
1112,524,746,326,78,80,1,-1,-1,-1
1113,524,746,326,79,79,1,-1,-1,-1
1114,524,746,326,78,79,1,-1,-1,-1
1115,524,746,326,78,79,1,-1,-1,-1
1116,524,746,326,78,79,1,-1,-1,-1
1117,524,746,327,79,80,1,-1,-1,-1
1118,524,746,326,80,80,1,-1,-1,-1
1119,524,746,326,79,79,1,-1,-1,-1
1120,524,746,326,79,79,1,-1,-1,-1
1121,524,746,326,78,79,1,-1,-1,-1
1122,524,746,326,78,79,1,-1,-1,-1
1123,524,746,326,78,79,1,-1,-1,-1
1124,524,747,326,78,79,1,-1,-1,-1
1125,524,746,327,79,80,1,-1,-1,-1
1126,524,746,327,79,80,1,-1,-1,-1
1127,524,747,326,77,78,1,-1,-1,-1
1128,524,747,326,78,79,1,-1,-1,-1
1129,524,746,326,80,80,1,-1,-1,-1
1130,524,746,326,80,80,1,-1,-1,-1
1131,524,746,326,79,80,1,-1,-1,-1
1132,524,746,326,79,80,1,-1,-1,-1
1133,524,746,326,79,80,1,-1,-1,-1
1134,524,746,326,79,80,1,-1,-1,-1
1135,524,746,326,79,80,1,-1,-1,-1
1136,524,746,326,79,80,1,-1,-1,-1
1137,524,746,325,79,80,1,-1,-1,-1
1138,524,746,325,79,80,1,-1,-1,-1
1139,524,746,325,79,80,1,-1,-1,-1
1140,524,746,326,79,80,1,-1,-1,-1
1141,524,746,326,79,80,1,-1,-1,-1
1142,524,746,326,79,80,1,-1,-1,-1
1143,524,746,326,79,80,1,-1,-1,-1
1144,524,746,326,79,80,1,-1,-1,-1
1145,524,746,326,79,80,1,-1,-1,-1
1146,524,746,326,79,80,1,-1,-1,-1
1147,524,746,326,78,80,1,-1,-1,-1
1148,524,746,326,79,80,1,-1,-1,-1
1149,524,746,326,79,80,1,-1,-1,-1
1150,524,746,326,79,80,1,-1,-1,-1
1151,524,746,325,79,80,1,-1,-1,-1
1152,524,746,325,79,80,1,-1,-1,-1
1153,524,746,326,78,80,1,-1,-1,-1
1154,524,746,326,78,80,1,-1,-1,-1
1155,524,746,326,78,80,1,-1,-1,-1
1156,524,746,326,78,80,1,-1,-1,-1
1157,524,746,326,78,80,1,-1,-1,-1
1158,524,746,326,78,80,1,-1,-1,-1
1159,524,746,326,78,80,1,-1,-1,-1
1160,524,746,326,78,80,1,-1,-1,-1
1161,524,746,326,79,80,1,-1,-1,-1
1162,524,746,325,79,80,1,-1,-1,-1
1163,524,746,325,79,80,1,-1,-1,-1
1164,524,746,325,79,80,1,-1,-1,-1
1165,524,746,325,79,80,1,-1,-1,-1
1166,524,746,325,79,80,1,-1,-1,-1
1167,524,746,325,79,80,1,-1,-1,-1
1168,524,746,325,79,80,1,-1,-1,-1
1169,524,746,326,79,80,1,-1,-1,-1
1170,524,746,326,79,80,1,-1,-1,-1
1171,524,746,326,79,80,1,-1,-1,-1
1172,524,746,326,79,80,1,-1,-1,-1
1173,524,746,326,79,80,1,-1,-1,-1
1174,524,746,326,79,80,1,-1,-1,-1
1175,524,746,326,79,80,1,-1,-1,-1
1176,524,746,326,79,80,1,-1,-1,-1
1177,524,746,326,79,80,1,-1,-1,-1
1178,524,746,326,79,80,1,-1,-1,-1
1179,524,746,326,79,80,1,-1,-1,-1
1180,524,746,326,79,80,1,-1,-1,-1
1181,524,746,326,79,80,1,-1,-1,-1
1182,524,746,326,79,80,1,-1,-1,-1
1183,524,746,326,79,80,1,-1,-1,-1
1184,524,746,326,79,80,1,-1,-1,-1
1185,524,746,326,79,79,1,-1,-1,-1
1186,524,746,326,79,79,1,-1,-1,-1
1187,524,746,326,79,79,1,-1,-1,-1
1188,524,746,326,79,79,1,-1,-1,-1
1189,524,746,326,79,80,1,-1,-1,-1
1190,524,746,326,79,80,1,-1,-1,-1
1191,524,746,326,79,79,1,-1,-1,-1
1192,524,746,326,79,80,1,-1,-1,-1
1193,524,746,326,79,80,1,-1,-1,-1
1194,524,746,326,79,80,1,-1,-1,-1
1195,524,746,326,79,80,1,-1,-1,-1
1196,524,746,326,79,80,1,-1,-1,-1
1197,524,746,326,79,80,1,-1,-1,-1
1198,524,746,326,79,80,1,-1,-1,-1
1199,524,746,326,79,80,1,-1,-1,-1
1200,524,746,326,79,80,1,-1,-1,-1
1201,524,746,326,79,80,1,-1,-1,-1
1202,524,746,326,79,80,1,-1,-1,-1
1203,524,746,326,79,80,1,-1,-1,-1
1204,524,746,326,79,80,1,-1,-1,-1
1205,524,746,326,79,80,1,-1,-1,-1
1206,524,746,326,79,80,1,-1,-1,-1
1207,524,746,326,79,80,1,-1,-1,-1
1208,524,746,326,79,80,1,-1,-1,-1
1209,524,746,326,80,80,1,-1,-1,-1
1210,524,746,326,80,81,1,-1,-1,-1
1211,524,746,326,80,81,1,-1,-1,-1
1212,524,746,326,80,81,1,-1,-1,-1
1213,524,746,326,80,80,1,-1,-1,-1
1214,524,746,326,80,80,1,-1,-1,-1
1215,524,746,326,80,80,1,-1,-1,-1
1216,524,746,326,80,80,1,-1,-1,-1
1217,524,746,326,80,80,1,-1,-1,-1
1218,524,746,326,80,80,1,-1,-1,-1
1219,524,746,326,80,80,1,-1,-1,-1
1220,524,746,326,80,80,1,-1,-1,-1
1221,524,746,326,80,80,1,-1,-1,-1
1222,524,746,326,80,80,1,-1,-1,-1
1223,524,746,326,80,80,1,-1,-1,-1
1224,524,746,326,80,80,1,-1,-1,-1
1225,524,746,326,79,80,1,-1,-1,-1
1226,524,746,326,79,80,1,-1,-1,-1
1227,524,746,326,79,80,1,-1,-1,-1
1228,524,746,326,79,80,1,-1,-1,-1
1229,524,746,326,79,80,1,-1,-1,-1
1230,524,746,326,79,80,1,-1,-1,-1
1231,524,746,326,79,80,1,-1,-1,-1
1232,524,746,326,79,80,1,-1,-1,-1
1233,524,746,326,80,81,1,-1,-1,-1
1234,524,746,326,80,81,1,-1,-1,-1
1235,524,746,326,80,81,1,-1,-1,-1
1236,524,746,326,80,81,1,-1,-1,-1
1237,524,746,326,79,80,1,-1,-1,-1
1238,524,746,326,79,80,1,-1,-1,-1
1239,524,746,326,79,80,1,-1,-1,-1
1240,524,746,326,79,80,1,-1,-1,-1
1241,524,746,326,79,80,1,-1,-1,-1
1242,524,746,326,79,80,1,-1,-1,-1
1243,524,746,326,79,80,1,-1,-1,-1
1244,524,746,326,79,80,1,-1,-1,-1
1245,524,746,326,79,80,1,-1,-1,-1
1246,524,746,326,79,80,1,-1,-1,-1
1247,524,746,326,79,80,1,-1,-1,-1
1248,524,746,326,79,80,1,-1,-1,-1
1249,524,746,326,79,80,1,-1,-1,-1
1250,524,746,326,79,80,1,-1,-1,-1
1251,524,746,326,79,81,1,-1,-1,-1
1252,524,746,326,79,81,1,-1,-1,-1
1253,524,746,326,79,81,1,-1,-1,-1
1254,524,746,326,79,81,1,-1,-1,-1
1255,524,746,326,79,81,1,-1,-1,-1
1256,524,746,326,79,81,1,-1,-1,-1
1257,524,746,326,79,80,1,-1,-1,-1
1258,524,746,326,79,81,1,-1,-1,-1
1259,524,746,326,79,81,1,-1,-1,-1
1260,524,746,326,79,80,1,-1,-1,-1
1261,524,746,326,79,80,1,-1,-1,-1
1262,524,746,326,79,80,1,-1,-1,-1
1263,524,746,326,79,80,1,-1,-1,-1
1264,524,746,326,79,80,1,-1,-1,-1
1265,524,746,325,79,81,1,-1,-1,-1
1266,524,746,325,79,81,1,-1,-1,-1
1267,524,746,325,79,81,1,-1,-1,-1
1268,524,746,326,79,81,1,-1,-1,-1
1269,524,746,326,80,81,1,-1,-1,-1
1270,524,746,326,80,81,1,-1,-1,-1
1271,524,746,326,80,81,1,-1,-1,-1
1272,524,746,326,80,81,1,-1,-1,-1
1273,524,746,326,79,80,1,-1,-1,-1
1274,524,746,326,79,80,1,-1,-1,-1
1275,524,746,326,79,80,1,-1,-1,-1
1276,524,746,326,79,80,1,-1,-1,-1
1277,524,746,326,79,80,1,-1,-1,-1
1278,524,746,326,79,80,1,-1,-1,-1
1279,524,746,326,79,80,1,-1,-1,-1
1280,524,746,326,79,80,1,-1,-1,-1
1281,524,746,326,78,80,1,-1,-1,-1
1282,524,746,326,78,80,1,-1,-1,-1
1283,524,746,326,78,80,1,-1,-1,-1
1284,524,746,326,78,80,1,-1,-1,-1
1285,524,746,326,78,80,1,-1,-1,-1
1286,524,746,326,78,80,1,-1,-1,-1
1287,524,746,326,80,80,1,-1,-1,-1
1288,524,746,326,80,80,1,-1,-1,-1
1289,524,746,326,80,81,1,-1,-1,-1
1290,524,746,326,80,81,1,-1,-1,-1
1291,524,746,326,80,81,1,-1,-1,-1
1292,524,746,325,79,81,1,-1,-1,-1
1293,524,746,325,79,81,1,-1,-1,-1
1294,524,746,326,78,80,1,-1,-1,-1
1295,524,746,326,78,80,1,-1,-1,-1
1296,524,746,326,78,80,1,-1,-1,-1
1297,524,746,326,78,80,1,-1,-1,-1
1298,524,746,326,78,80,1,-1,-1,-1
1299,524,746,326,78,80,1,-1,-1,-1
1300,524,746,326,78,80,1,-1,-1,-1
1301,524,746,326,78,80,1,-1,-1,-1
1302,524,746,326,78,80,1,-1,-1,-1
1303,524,746,326,78,79,1,-1,-1,-1
1304,524,746,326,78,79,1,-1,-1,-1
1305,524,746,327,78,79,1,-1,-1,-1
1306,524,746,327,79,79,1,-1,-1,-1
1307,524,746,327,78,79,1,-1,-1,-1
1308,524,746,327,78,79,1,-1,-1,-1
1309,524,746,327,78,79,1,-1,-1,-1
1310,524,746,327,78,79,1,-1,-1,-1
1311,524,746,327,78,79,1,-1,-1,-1
1312,524,746,327,78,79,1,-1,-1,-1
1313,524,746,326,79,79,1,-1,-1,-1
1314,524,746,326,79,79,1,-1,-1,-1
1315,524,746,326,79,79,1,-1,-1,-1
1316,524,746,326,79,79,1,-1,-1,-1
1317,524,746,326,79,79,1,-1,-1,-1
1318,524,746,326,79,79,1,-1,-1,-1
1319,524,746,326,79,79,1,-1,-1,-1
1320,524,746,326,79,79,1,-1,-1,-1
1321,524,747,326,77,79,1,-1,-1,-1
1322,524,747,326,77,79,1,-1,-1,-1
1323,524,747,326,77,79,1,-1,-1,-1
1324,524,746,326,79,80,1,-1,-1,-1
1325,524,746,326,79,80,1,-1,-1,-1
1326,524,746,326,79,80,1,-1,-1,-1
1327,524,746,326,79,80,1,-1,-1,-1
1328,524,746,326,79,80,1,-1,-1,-1
1329,524,746,328,79,77,1,-1,-1,-1
1330,524,746,328,79,76,1,-1,-1,-1
1331,524,746,328,79,76,1,-1,-1,-1
1332,524,746,328,79,76,1,-1,-1,-1
1333,524,746,326,78,79,1,-1,-1,-1
1334,524,746,326,78,79,1,-1,-1,-1
1335,524,746,326,78,79,1,-1,-1,-1
1336,524,746,326,78,79,1,-1,-1,-1
1337,524,746,326,79,80,1,-1,-1,-1
1338,524,746,326,79,80,1,-1,-1,-1
1339,524,746,326,79,80,1,-1,-1,-1
1340,524,746,326,79,80,1,-1,-1,-1
1341,524,746,326,79,80,1,-1,-1,-1
1342,524,746,326,79,80,1,-1,-1,-1
1343,524,746,326,79,80,1,-1,-1,-1
1344,524,746,326,79,80,1,-1,-1,-1
1345,524,747,325,78,79,1,-1,-1,-1
1346,524,747,325,78,79,1,-1,-1,-1
1347,524,747,325,78,79,1,-1,-1,-1
1348,524,747,325,78,79,1,-1,-1,-1
1349,524,747,325,78,79,1,-1,-1,-1
1350,524,747,325,78,79,1,-1,-1,-1
1351,524,747,325,78,79,1,-1,-1,-1
1352,524,747,325,78,79,1,-1,-1,-1
1353,524,746,326,79,80,1,-1,-1,-1
1354,524,746,326,79,80,1,-1,-1,-1
1355,524,746,326,79,80,1,-1,-1,-1
1356,524,746,326,79,80,1,-1,-1,-1
1357,524,746,326,78,80,1,-1,-1,-1
1358,524,746,326,78,80,1,-1,-1,-1
1359,524,746,326,80,81,1,-1,-1,-1
1360,524,746,326,80,81,1,-1,-1,-1
1361,524,747,326,78,80,1,-1,-1,-1
1362,524,746,326,78,80,1,-1,-1,-1
1363,524,747,326,78,80,1,-1,-1,-1
1364,524,747,326,78,80,1,-1,-1,-1
1365,524,747,326,78,80,1,-1,-1,-1
1366,524,747,326,78,80,1,-1,-1,-1
1367,524,747,326,78,80,1,-1,-1,-1
1368,524,747,326,78,80,1,-1,-1,-1
1369,524,746,326,79,80,1,-1,-1,-1
1370,524,746,326,79,80,1,-1,-1,-1
1371,524,746,326,79,80,1,-1,-1,-1
1372,524,746,326,79,80,1,-1,-1,-1
1373,524,746,326,79,80,1,-1,-1,-1
1374,524,746,326,79,80,1,-1,-1,-1
1375,524,746,326,79,80,1,-1,-1,-1
1376,524,746,326,79,80,1,-1,-1,-1
1377,524,746,325,79,80,1,-1,-1,-1
1378,524,746,325,79,80,1,-1,-1,-1
1379,524,746,325,79,80,1,-1,-1,-1
1380,524,746,325,79,80,1,-1,-1,-1
1381,524,746,325,79,81,1,-1,-1,-1
1382,524,746,325,79,81,1,-1,-1,-1
1383,524,746,325,79,81,1,-1,-1,-1
1384,524,746,325,79,81,1,-1,-1,-1
1385,524,746,326,79,81,1,-1,-1,-1
1386,524,746,326,79,81,1,-1,-1,-1
1387,524,746,326,79,81,1,-1,-1,-1
1388,524,746,325,79,81,1,-1,-1,-1
1389,524,746,325,79,81,1,-1,-1,-1
1390,524,746,325,79,81,1,-1,-1,-1
1391,524,746,325,79,81,1,-1,-1,-1
1392,524,746,325,79,81,1,-1,-1,-1
1393,524,746,325,79,81,1,-1,-1,-1
1394,524,746,325,79,81,1,-1,-1,-1
1395,524,746,325,79,81,1,-1,-1,-1
1396,524,746,325,79,81,1,-1,-1,-1
1397,524,746,325,79,81,1,-1,-1,-1
1398,524,746,325,79,81,1,-1,-1,-1
1399,524,746,325,79,81,1,-1,-1,-1
1400,524,746,325,79,81,1,-1,-1,-1
1401,524,746,326,79,80,1,-1,-1,-1
1402,524,746,326,79,80,1,-1,-1,-1
1403,524,746,326,79,80,1,-1,-1,-1
1404,524,746,326,79,80,1,-1,-1,-1
1405,524,746,326,79,80,1,-1,-1,-1
1406,524,746,326,79,80,1,-1,-1,-1
1407,524,746,326,79,80,1,-1,-1,-1
1408,524,746,326,79,80,1,-1,-1,-1
1409,524,747,326,79,80,1,-1,-1,-1
1410,524,747,326,79,80,1,-1,-1,-1
1411,524,747,326,79,80,1,-1,-1,-1
1412,524,747,326,79,80,1,-1,-1,-1
1413,524,747,326,79,80,1,-1,-1,-1
1414,524,747,326,79,80,1,-1,-1,-1
1415,524,747,326,79,80,1,-1,-1,-1
1416,524,747,326,79,80,1,-1,-1,-1
1417,524,746,325,79,81,1,-1,-1,-1
1418,524,746,325,79,81,1,-1,-1,-1
1419,524,746,325,79,81,1,-1,-1,-1
1420,524,746,325,79,81,1,-1,-1,-1
1421,524,746,325,79,81,1,-1,-1,-1
1422,524,746,325,79,81,1,-1,-1,-1
1423,524,746,325,79,81,1,-1,-1,-1
1424,524,746,325,79,81,1,-1,-1,-1
1425,524,746,327,80,79,1,-1,-1,-1
1426,524,746,327,80,79,1,-1,-1,-1
1427,524,746,327,80,79,1,-1,-1,-1
1428,524,746,327,80,79,1,-1,-1,-1
1429,524,746,327,79,78,1,-1,-1,-1
1430,524,746,326,79,78,1,-1,-1,-1
1431,524,746,326,79,78,1,-1,-1,-1
1432,524,746,326,79,78,1,-1,-1,-1
1433,524,746,326,78,80,1,-1,-1,-1
1434,524,746,326,78,80,1,-1,-1,-1
1435,524,746,326,78,80,1,-1,-1,-1
1436,524,746,326,78,79,1,-1,-1,-1
1437,524,746,326,78,79,1,-1,-1,-1
1438,524,746,327,78,80,1,-1,-1,-1
1439,524,746,327,78,80,1,-1,-1,-1
1440,524,746,327,78,80,1,-1,-1,-1
1441,524,747,330,78,75,1,-1,-1,-1
1442,524,747,330,78,75,1,-1,-1,-1
1443,524,747,330,78,75,1,-1,-1,-1
1444,524,747,330,78,76,1,-1,-1,-1
1445,524,747,330,78,75,1,-1,-1,-1
1446,524,747,330,78,75,1,-1,-1,-1
1447,524,747,330,78,76,1,-1,-1,-1
1448,524,747,330,78,76,1,-1,-1,-1
1449,524,746,326,79,80,1,-1,-1,-1
1450,524,746,326,79,80,1,-1,-1,-1
1451,524,746,326,79,80,1,-1,-1,-1
1452,524,746,326,79,80,1,-1,-1,-1
1453,524,747,325,78,80,1,-1,-1,-1
1454,524,747,325,78,80,1,-1,-1,-1
1455,524,747,325,78,80,1,-1,-1,-1
1456,524,747,325,78,80,1,-1,-1,-1
1457,524,746,325,79,80,1,-1,-1,-1
1458,524,746,325,79,80,1,-1,-1,-1
1459,524,746,325,79,80,1,-1,-1,-1
1460,524,746,325,79,80,1,-1,-1,-1
1461,524,746,325,79,80,1,-1,-1,-1
1462,524,746,325,79,80,1,-1,-1,-1
1463,524,746,325,79,80,1,-1,-1,-1
1464,524,746,325,79,80,1,-1,-1,-1
1465,524,746,325,78,81,1,-1,-1,-1
1466,524,746,325,78,81,1,-1,-1,-1
1467,524,746,325,78,81,1,-1,-1,-1
1468,524,746,325,78,81,1,-1,-1,-1
1469,524,746,325,78,81,1,-1,-1,-1
1470,524,746,325,78,81,1,-1,-1,-1
1471,524,746,325,78,81,1,-1,-1,-1
1472,524,746,325,78,81,1,-1,-1,-1
1473,524,746,326,79,80,1,-1,-1,-1
1474,524,746,326,79,80,1,-1,-1,-1
1475,524,746,326,79,80,1,-1,-1,-1
1476,524,746,326,79,80,1,-1,-1,-1
1477,524,746,325,79,80,1,-1,-1,-1
1478,524,746,325,79,80,1,-1,-1,-1
1479,524,746,325,79,80,1,-1,-1,-1
1480,524,746,325,79,80,1,-1,-1,-1
1481,524,746,324,78,81,1,-1,-1,-1
1482,524,746,324,78,81,1,-1,-1,-1
1483,524,746,324,78,81,1,-1,-1,-1
1484,524,746,324,78,81,1,-1,-1,-1
1485,524,746,324,78,81,1,-1,-1,-1
1486,524,746,324,78,81,1,-1,-1,-1
1487,524,746,324,78,81,1,-1,-1,-1
1488,524,746,324,78,81,1,-1,-1,-1
1489,524,747,325,77,81,1,-1,-1,-1
1490,524,747,325,77,81,1,-1,-1,-1
1491,524,746,325,77,81,1,-1,-1,-1
1492,524,746,325,77,81,1,-1,-1,-1
1493,524,746,325,77,81,1,-1,-1,-1
1494,524,746,325,77,81,1,-1,-1,-1
1495,524,746,325,77,81,1,-1,-1,-1
1496,524,746,325,77,81,1,-1,-1,-1
1497,524,746,326,78,80,1,-1,-1,-1
1498,524,747,325,78,80,1,-1,-1,-1
1499,524,747,325,78,80,1,-1,-1,-1
1500,524,747,325,78,80,1,-1,-1,-1
1501,524,745,324,79,81,1,-1,-1,-1
1502,524,745,324,79,81,1,-1,-1,-1
1503,524,745,324,79,81,1,-1,-1,-1
1504,524,745,324,79,81,1,-1,-1,-1
1505,524,745,325,80,80,1,-1,-1,-1
1506,524,745,325,80,80,1,-1,-1,-1
1507,524,745,325,80,80,1,-1,-1,-1
1508,524,745,325,80,80,1,-1,-1,-1
1509,524,745,325,80,80,1,-1,-1,-1
1510,524,745,325,80,79,1,-1,-1,-1
1511,524,745,325,80,79,1,-1,-1,-1
1512,524,745,325,80,80,1,-1,-1,-1
1513,524,746,325,78,80,1,-1,-1,-1
1514,524,746,325,78,80,1,-1,-1,-1
1515,524,746,325,78,80,1,-1,-1,-1
1516,524,746,325,78,80,1,-1,-1,-1
1517,524,746,325,78,79,1,-1,-1,-1
1518,524,746,325,78,79,1,-1,-1,-1
1519,524,746,325,78,79,1,-1,-1,-1
1520,524,746,325,78,79,1,-1,-1,-1
1521,524,745,325,80,80,1,-1,-1,-1
1522,524,747,325,77,80,1,-1,-1,-1
1523,524,745,324,80,80,1,-1,-1,-1
1524,524,745,325,80,80,1,-1,-1,-1
1525,524,747,325,77,80,1,-1,-1,-1
1526,524,747,325,77,80,1,-1,-1,-1
1527,524,747,325,77,80,1,-1,-1,-1
1528,524,747,325,77,80,1,-1,-1,-1
1529,524,745,324,80,81,1,-1,-1,-1
1530,524,745,324,80,81,1,-1,-1,-1
1531,524,745,324,80,81,1,-1,-1,-1
1532,524,745,324,80,81,1,-1,-1,-1
1533,524,745,324,80,81,1,-1,-1,-1
1534,524,745,324,80,81,1,-1,-1,-1
1535,524,745,324,80,81,1,-1,-1,-1
1536,524,745,324,80,80,1,-1,-1,-1
1537,524,746,325,78,80,1,-1,-1,-1
1538,524,746,325,78,80,1,-1,-1,-1
1539,524,746,325,78,80,1,-1,-1,-1
1540,524,746,325,78,80,1,-1,-1,-1
1541,524,745,324,80,81,1,-1,-1,-1
1542,524,745,325,80,81,1,-1,-1,-1
1543,524,745,325,80,81,1,-1,-1,-1
1544,524,745,325,80,81,1,-1,-1,-1
1545,524,746,325,78,79,1,-1,-1,-1
1546,524,745,325,79,80,1,-1,-1,-1
1547,524,745,325,80,80,1,-1,-1,-1
1548,524,745,325,80,80,1,-1,-1,-1
1549,524,745,325,81,81,1,-1,-1,-1
1550,524,745,325,81,81,1,-1,-1,-1
1551,524,745,325,80,80,1,-1,-1,-1
1552,524,746,325,79,80,1,-1,-1,-1
1553,524,745,325,80,80,1,-1,-1,-1
1554,524,745,325,80,80,1,-1,-1,-1
1555,524,745,325,80,80,1,-1,-1,-1
1556,524,745,325,80,80,1,-1,-1,-1
1557,524,745,325,80,81,1,-1,-1,-1
1558,524,745,325,80,81,1,-1,-1,-1
1559,524,745,325,80,81,1,-1,-1,-1
1560,524,745,325,80,81,1,-1,-1,-1
1561,524,746,325,78,80,1,-1,-1,-1
1562,524,746,325,78,80,1,-1,-1,-1
1563,524,746,325,78,80,1,-1,-1,-1
1564,524,746,325,78,80,1,-1,-1,-1
1565,524,746,325,78,80,1,-1,-1,-1
1566,524,746,325,78,80,1,-1,-1,-1
1567,524,746,325,78,80,1,-1,-1,-1
1568,524,746,325,78,80,1,-1,-1,-1
1569,524,746,324,80,80,1,-1,-1,-1
1570,524,746,324,80,80,1,-1,-1,-1
1571,524,746,324,80,80,1,-1,-1,-1
1572,524,746,324,80,80,1,-1,-1,-1
1573,524,746,325,78,80,1,-1,-1,-1
1574,524,746,325,78,80,1,-1,-1,-1
1575,524,746,325,78,81,1,-1,-1,-1
1576,524,746,325,79,81,1,-1,-1,-1
1577,524,745,325,80,81,1,-1,-1,-1
1578,524,745,325,80,81,1,-1,-1,-1
1579,524,745,325,80,81,1,-1,-1,-1
1580,524,745,325,80,81,1,-1,-1,-1
1581,524,745,324,80,81,1,-1,-1,-1
1582,524,745,325,80,81,1,-1,-1,-1
1583,524,746,325,79,80,1,-1,-1,-1
1584,524,746,325,79,80,1,-1,-1,-1
1585,524,745,324,80,80,1,-1,-1,-1
1586,524,745,324,80,80,1,-1,-1,-1
1587,524,745,325,80,80,1,-1,-1,-1
1588,524,745,325,80,80,1,-1,-1,-1
1589,524,745,325,80,80,1,-1,-1,-1
1590,524,745,325,80,80,1,-1,-1,-1
1591,524,746,325,80,80,1,-1,-1,-1
1592,524,746,325,80,80,1,-1,-1,-1
1593,524,747,325,78,79,1,-1,-1,-1
1594,524,747,326,78,79,1,-1,-1,-1
1595,524,747,326,78,79,1,-1,-1,-1
1596,524,747,326,78,79,1,-1,-1,-1
1597,524,745,325,80,79,1,-1,-1,-1
1598,524,745,325,80,79,1,-1,-1,-1
1599,524,746,325,79,79,1,-1,-1,-1
1600,524,745,325,80,79,1,-1,-1,-1
1601,524,746,325,79,80,1,-1,-1,-1
1602,524,746,325,79,80,1,-1,-1,-1
1603,524,746,325,79,79,1,-1,-1,-1
1604,524,746,325,79,79,1,-1,-1,-1
1605,524,746,325,79,80,1,-1,-1,-1
1606,524,746,325,79,80,1,-1,-1,-1
1607,524,746,325,79,80,1,-1,-1,-1
1608,524,746,325,79,80,1,-1,-1,-1
1609,524,745,325,80,80,1,-1,-1,-1
1610,524,745,325,80,80,1,-1,-1,-1
1611,524,745,325,80,80,1,-1,-1,-1
1612,524,745,325,80,80,1,-1,-1,-1
1613,524,746,325,79,80,1,-1,-1,-1
1614,524,746,325,79,80,1,-1,-1,-1
1615,524,747,325,79,80,1,-1,-1,-1
1616,524,746,325,79,80,1,-1,-1,-1
1617,524,746,325,79,80,1,-1,-1,-1
1618,524,746,325,79,80,1,-1,-1,-1
1619,524,746,325,79,79,1,-1,-1,-1
1620,524,747,325,79,79,1,-1,-1,-1
1621,524,746,325,79,81,1,-1,-1,-1
1622,524,746,325,79,80,1,-1,-1,-1
1623,524,746,325,79,80,1,-1,-1,-1
1624,524,746,325,79,81,1,-1,-1,-1
1625,524,746,325,79,79,1,-1,-1,-1
1626,524,746,325,79,78,1,-1,-1,-1
1627,524,746,326,79,80,1,-1,-1,-1
1628,524,747,325,79,79,1,-1,-1,-1
1629,524,746,326,79,81,1,-1,-1,-1
1630,524,747,325,78,80,1,-1,-1,-1
1631,524,746,326,79,80,1,-1,-1,-1
1632,524,747,326,79,80,1,-1,-1,-1
1633,524,746,326,79,80,1,-1,-1,-1
1634,524,746,326,79,81,1,-1,-1,-1
1635,524,747,325,78,80,1,-1,-1,-1
1636,524,746,326,79,80,1,-1,-1,-1
1637,524,746,326,79,80,1,-1,-1,-1
1638,524,746,326,79,80,1,-1,-1,-1
1639,524,746,326,79,80,1,-1,-1,-1
1640,524,746,326,79,80,1,-1,-1,-1
1641,524,746,327,79,79,1,-1,-1,-1
1642,524,746,327,79,79,1,-1,-1,-1
1643,524,746,327,79,79,1,-1,-1,-1
1644,524,746,327,79,79,1,-1,-1,-1
1645,524,746,329,79,76,1,-1,-1,-1
1646,524,746,329,79,78,1,-1,-1,-1
1647,524,746,329,79,78,1,-1,-1,-1
1648,524,746,328,79,78,1,-1,-1,-1
1649,524,746,327,79,79,1,-1,-1,-1
1650,524,746,327,79,80,1,-1,-1,-1
1651,524,746,327,79,79,1,-1,-1,-1
1652,524,746,327,79,79,1,-1,-1,-1
1653,524,746,327,79,78,1,-1,-1,-1
1654,524,746,328,79,78,1,-1,-1,-1
1655,524,746,328,79,78,1,-1,-1,-1
1656,524,746,328,79,78,1,-1,-1,-1
1657,524,746,327,79,78,1,-1,-1,-1
1658,524,746,327,79,78,1,-1,-1,-1
1659,524,746,327,79,78,1,-1,-1,-1
1660,524,746,327,79,78,1,-1,-1,-1
1661,524,746,327,79,78,1,-1,-1,-1
1662,524,746,327,79,78,1,-1,-1,-1
1663,524,746,327,79,78,1,-1,-1,-1
1664,524,746,327,79,78,1,-1,-1,-1
1665,524,746,327,79,78,1,-1,-1,-1
1666,524,746,327,79,78,1,-1,-1,-1
1667,524,746,327,79,78,1,-1,-1,-1
1668,524,746,327,79,78,1,-1,-1,-1
1669,524,746,327,79,78,1,-1,-1,-1
1670,524,746,327,79,78,1,-1,-1,-1
1671,524,746,327,79,78,1,-1,-1,-1
1672,524,746,327,79,78,1,-1,-1,-1
1673,524,746,327,79,78,1,-1,-1,-1
1674,524,746,327,79,78,1,-1,-1,-1
1675,524,746,327,79,78,1,-1,-1,-1
1676,524,746,327,79,78,1,-1,-1,-1
1677,524,746,328,79,78,1,-1,-1,-1
1678,524,746,328,79,78,1,-1,-1,-1
1679,524,746,328,79,78,1,-1,-1,-1
1680,524,746,328,79,78,1,-1,-1,-1
1681,524,746,327,79,80,1,-1,-1,-1
1682,524,746,327,79,80,1,-1,-1,-1
1683,524,746,327,79,80,1,-1,-1,-1
1684,524,746,327,79,80,1,-1,-1,-1
1685,524,746,327,79,80,1,-1,-1,-1
1686,524,746,327,79,80,1,-1,-1,-1
1687,524,746,327,79,80,1,-1,-1,-1
1688,524,746,327,79,80,1,-1,-1,-1
1689,524,747,327,79,80,1,-1,-1,-1
1690,524,747,327,79,80,1,-1,-1,-1
1691,524,747,327,79,80,1,-1,-1,-1
1692,524,747,327,79,80,1,-1,-1,-1
1693,524,747,327,79,80,1,-1,-1,-1
1694,524,747,327,79,80,1,-1,-1,-1
1695,524,747,327,79,80,1,-1,-1,-1
1696,524,747,327,79,80,1,-1,-1,-1
1697,524,747,328,79,77,1,-1,-1,-1
1698,524,747,329,79,77,1,-1,-1,-1
1699,524,747,329,79,77,1,-1,-1,-1
1700,524,747,329,79,77,1,-1,-1,-1
1701,524,747,329,79,76,1,-1,-1,-1
1702,524,747,329,79,76,1,-1,-1,-1
1703,524,747,329,79,76,1,-1,-1,-1
1704,524,747,329,79,76,1,-1,-1,-1
1705,524,747,326,78,79,1,-1,-1,-1
1706,524,746,326,79,78,1,-1,-1,-1
1707,524,746,326,79,78,1,-1,-1,-1
1708,524,746,326,79,79,1,-1,-1,-1
1709,524,746,326,79,79,1,-1,-1,-1
1710,524,747,326,78,79,1,-1,-1,-1
1711,524,747,326,78,79,1,-1,-1,-1
1712,524,747,326,78,79,1,-1,-1,-1
1713,524,746,326,79,78,1,-1,-1,-1
1714,524,746,327,79,78,1,-1,-1,-1
1715,524,746,327,79,78,1,-1,-1,-1
1716,524,746,327,79,78,1,-1,-1,-1
1717,524,746,328,79,78,1,-1,-1,-1
1718,524,746,328,79,77,1,-1,-1,-1
1719,524,746,328,79,78,1,-1,-1,-1
1720,524,746,328,79,78,1,-1,-1,-1
1721,524,746,329,79,77,1,-1,-1,-1
1722,524,746,329,79,77,1,-1,-1,-1
1723,524,746,329,79,77,1,-1,-1,-1
1724,524,746,329,79,77,1,-1,-1,-1
1725,524,746,329,79,77,1,-1,-1,-1
1726,524,746,329,79,77,1,-1,-1,-1
1727,524,746,329,79,77,1,-1,-1,-1
1728,524,746,329,79,77,1,-1,-1,-1
1729,524,746,326,79,79,1,-1,-1,-1
1730,524,746,326,80,79,1,-1,-1,-1
1731,524,746,326,79,79,1,-1,-1,-1
1732,524,746,326,79,79,1,-1,-1,-1
1733,524,746,326,79,79,1,-1,-1,-1
1734,524,746,326,79,79,1,-1,-1,-1
1735,524,746,326,79,79,1,-1,-1,-1
1736,524,746,326,79,79,1,-1,-1,-1
1737,524,746,327,80,79,1,-1,-1,-1
1738,524,746,326,80,79,1,-1,-1,-1
1739,524,746,326,80,79,1,-1,-1,-1
1740,524,746,326,79,79,1,-1,-1,-1
1741,524,746,326,79,79,1,-1,-1,-1
1742,524,746,326,79,79,1,-1,-1,-1
1743,524,746,326,79,79,1,-1,-1,-1
1744,524,746,326,79,80,1,-1,-1,-1
1745,524,747,327,79,78,1,-1,-1,-1
1746,524,747,327,79,78,1,-1,-1,-1
1747,524,747,327,79,78,1,-1,-1,-1
1748,524,747,327,79,78,1,-1,-1,-1
1749,524,747,327,79,78,1,-1,-1,-1
1750,524,747,327,79,78,1,-1,-1,-1
1751,524,747,328,78,77,1,-1,-1,-1
1752,524,747,328,78,77,1,-1,-1,-1
1753,524,746,329,79,77,1,-1,-1,-1
1754,524,746,328,79,77,1,-1,-1,-1
1755,524,746,329,79,77,1,-1,-1,-1
1756,524,746,328,79,77,1,-1,-1,-1
1757,524,746,328,79,78,1,-1,-1,-1
1758,524,746,328,79,77,1,-1,-1,-1
1759,524,746,328,79,77,1,-1,-1,-1
1760,524,746,328,79,77,1,-1,-1,-1
1761,524,746,327,79,79,1,-1,-1,-1
1762,524,746,327,79,79,1,-1,-1,-1
1763,524,746,327,79,79,1,-1,-1,-1
1764,524,746,327,79,78,1,-1,-1,-1
1765,524,746,326,79,79,1,-1,-1,-1
1766,524,746,326,79,79,1,-1,-1,-1
1767,524,746,326,79,79,1,-1,-1,-1
1768,524,746,326,79,79,1,-1,-1,-1
1769,524,746,326,80,80,1,-1,-1,-1
1770,524,746,326,80,80,1,-1,-1,-1
1771,524,746,326,80,80,1,-1,-1,-1
1772,524,746,326,80,80,1,-1,-1,-1
1773,524,746,326,80,80,1,-1,-1,-1
1774,524,746,326,80,80,1,-1,-1,-1
1775,524,746,326,80,80,1,-1,-1,-1
1776,524,746,326,80,80,1,-1,-1,-1
1777,524,746,326,79,80,1,-1,-1,-1
1778,524,746,326,79,80,1,-1,-1,-1
1779,524,746,326,79,80,1,-1,-1,-1
1780,524,746,326,79,80,1,-1,-1,-1
1781,524,746,326,79,80,1,-1,-1,-1
1782,524,746,326,79,80,1,-1,-1,-1
1783,524,746,326,79,80,1,-1,-1,-1
1784,524,746,326,79,80,1,-1,-1,-1
1785,524,746,326,79,79,1,-1,-1,-1
1786,524,746,326,79,79,1,-1,-1,-1
1787,524,746,326,79,79,1,-1,-1,-1
1788,524,746,326,79,79,1,-1,-1,-1
1789,524,746,326,79,79,1,-1,-1,-1
1790,524,746,326,79,79,1,-1,-1,-1
1791,524,746,326,79,79,1,-1,-1,-1
1792,524,746,326,79,79,1,-1,-1,-1
1793,524,746,327,79,80,1,-1,-1,-1
1794,524,746,326,79,80,1,-1,-1,-1
1795,524,746,327,79,80,1,-1,-1,-1
1796,524,746,327,79,80,1,-1,-1,-1
1797,524,746,327,79,80,1,-1,-1,-1
1798,524,746,327,79,80,1,-1,-1,-1
1799,524,746,326,79,80,1,-1,-1,-1
1800,524,746,326,79,80,1,-1,-1,-1
1801,524,747,328,77,78,1,-1,-1,-1
1802,524,747,328,77,78,1,-1,-1,-1
1803,524,747,328,77,78,1,-1,-1,-1
1804,524,747,328,78,78,1,-1,-1,-1
1805,524,747,328,78,78,1,-1,-1,-1
1806,524,747,328,77,78,1,-1,-1,-1
1807,524,747,328,77,78,1,-1,-1,-1
1808,524,747,328,77,78,1,-1,-1,-1
1809,524,746,325,78,80,1,-1,-1,-1
1810,524,746,326,79,81,1,-1,-1,-1
1811,524,746,326,79,81,1,-1,-1,-1
1812,524,746,326,79,80,1,-1,-1,-1
1813,524,747,327,77,78,1,-1,-1,-1
1814,524,746,327,79,79,1,-1,-1,-1
1815,524,747,327,77,78,1,-1,-1,-1
1816,524,747,327,77,78,1,-1,-1,-1
1817,524,746,327,79,79,1,-1,-1,-1
1818,524,746,327,80,80,1,-1,-1,-1
1819,524,746,326,80,80,1,-1,-1,-1
1820,524,746,327,79,80,1,-1,-1,-1
1821,524,746,327,79,79,1,-1,-1,-1
1822,524,746,327,79,79,1,-1,-1,-1
1823,524,746,327,79,79,1,-1,-1,-1
1824,524,746,326,79,79,1,-1,-1,-1
1825,524,746,326,80,81,1,-1,-1,-1
1826,524,746,326,80,81,1,-1,-1,-1
1827,524,746,326,80,81,1,-1,-1,-1
1828,524,746,326,80,81,1,-1,-1,-1
1829,524,746,326,80,81,1,-1,-1,-1
1830,524,746,326,80,81,1,-1,-1,-1
1831,524,746,326,80,81,1,-1,-1,-1
1832,524,746,326,80,81,1,-1,-1,-1
1833,524,746,328,80,79,1,-1,-1,-1
1834,524,746,328,80,79,1,-1,-1,-1
1835,524,746,328,80,79,1,-1,-1,-1
1836,524,746,328,80,79,1,-1,-1,-1
1837,524,747,336,77,70,1,-1,-1,-1
1838,524,747,336,77,70,1,-1,-1,-1
1839,524,747,336,77,70,1,-1,-1,-1
1840,524,747,336,77,70,1,-1,-1,-1
1841,524,746,327,79,78,1,-1,-1,-1
1842,524,746,327,79,78,1,-1,-1,-1
1843,524,746,327,79,79,1,-1,-1,-1
1844,524,746,327,79,79,1,-1,-1,-1
1845,524,746,327,79,79,1,-1,-1,-1
1846,524,746,327,79,79,1,-1,-1,-1
1847,524,746,327,79,79,1,-1,-1,-1
1848,524,746,327,79,79,1,-1,-1,-1
1849,524,746,326,78,79,1,-1,-1,-1
1850,524,746,326,78,79,1,-1,-1,-1
1851,524,746,326,78,79,1,-1,-1,-1
1852,524,746,326,78,79,1,-1,-1,-1
1853,524,746,326,78,79,1,-1,-1,-1
1854,524,746,326,78,79,1,-1,-1,-1
1855,524,746,326,78,79,1,-1,-1,-1
1856,524,746,326,78,79,1,-1,-1,-1
1857,524,747,331,78,75,1,-1,-1,-1
1858,524,747,331,78,75,1,-1,-1,-1
1859,524,747,330,78,75,1,-1,-1,-1
1860,524,747,331,78,75,1,-1,-1,-1
1861,524,746,327,79,78,1,-1,-1,-1
1862,524,746,327,79,78,1,-1,-1,-1
1863,524,747,332,78,74,1,-1,-1,-1
1864,524,746,328,79,78,1,-1,-1,-1
1865,524,746,327,79,78,1,-1,-1,-1
1866,524,746,328,79,78,1,-1,-1,-1
1867,524,746,328,79,78,1,-1,-1,-1
1868,524,746,327,79,79,1,-1,-1,-1
1869,524,746,326,79,80,1,-1,-1,-1
1870,524,746,327,79,79,1,-1,-1,-1
1871,524,746,327,79,79,1,-1,-1,-1
1872,524,746,327,79,79,1,-1,-1,-1
1873,524,746,327,79,79,1,-1,-1,-1
1874,524,746,327,79,79,1,-1,-1,-1
1875,524,746,327,79,79,1,-1,-1,-1
1876,524,746,327,79,79,1,-1,-1,-1
1877,524,746,327,79,79,1,-1,-1,-1
1878,524,746,327,79,79,1,-1,-1,-1
1879,524,746,327,79,80,1,-1,-1,-1
1880,524,746,327,79,79,1,-1,-1,-1
1881,524,747,326,78,79,1,-1,-1,-1
1882,524,747,326,78,80,1,-1,-1,-1
1883,524,747,326,78,79,1,-1,-1,-1
1884,524,747,326,78,80,1,-1,-1,-1
1885,524,747,326,78,80,1,-1,-1,-1
1886,524,747,326,78,80,1,-1,-1,-1
1887,524,747,325,79,80,1,-1,-1,-1
1888,524,747,325,79,80,1,-1,-1,-1
1889,524,747,325,78,81,1,-1,-1,-1
1890,524,746,325,78,81,1,-1,-1,-1
1891,524,747,325,78,81,1,-1,-1,-1
1892,524,747,325,78,81,1,-1,-1,-1
1893,524,746,326,79,81,1,-1,-1,-1
1894,524,746,326,79,81,1,-1,-1,-1
1895,524,746,326,79,81,1,-1,-1,-1
1896,524,746,326,79,81,1,-1,-1,-1
1897,524,747,325,78,79,1,-1,-1,-1
1898,524,747,325,78,79,1,-1,-1,-1
1899,524,747,325,78,80,1,-1,-1,-1
1900,524,747,325,78,79,1,-1,-1,-1
1901,524,747,325,78,79,1,-1,-1,-1
1902,524,747,325,77,80,1,-1,-1,-1
1903,524,747,325,77,79,1,-1,-1,-1
1904,524,747,325,77,79,1,-1,-1,-1
1905,524,746,326,78,80,1,-1,-1,-1
1906,524,746,326,78,79,1,-1,-1,-1
1907,524,746,326,78,80,1,-1,-1,-1
1908,524,746,326,78,80,1,-1,-1,-1
1909,524,747,326,78,80,1,-1,-1,-1
1910,524,747,326,78,79,1,-1,-1,-1
1911,524,747,326,78,79,1,-1,-1,-1
1912,524,747,326,78,80,1,-1,-1,-1
1913,524,747,327,78,79,1,-1,-1,-1
1914,524,746,326,78,79,1,-1,-1,-1
1915,524,746,326,78,79,1,-1,-1,-1
1916,524,746,326,78,79,1,-1,-1,-1
1917,524,746,326,78,79,1,-1,-1,-1
1918,524,746,326,78,79,1,-1,-1,-1
1919,524,746,326,78,79,1,-1,-1,-1
1920,524,746,326,77,79,1,-1,-1,-1
1921,524,747,326,78,80,1,-1,-1,-1
1922,524,747,326,78,80,1,-1,-1,-1
1923,524,747,326,78,80,1,-1,-1,-1
1924,524,747,326,78,80,1,-1,-1,-1
1925,524,747,326,78,80,1,-1,-1,-1
1926,524,747,326,78,80,1,-1,-1,-1
1927,524,747,326,78,80,1,-1,-1,-1
1928,524,747,326,78,80,1,-1,-1,-1
1,525,511,117,50,44,1,-1,-1,-1
2,525,511,117,50,44,1,-1,-1,-1
3,525,511,117,50,44,1,-1,-1,-1
4,525,511,117,50,44,1,-1,-1,-1
5,525,511,117,50,44,1,-1,-1,-1
6,525,511,117,50,44,1,-1,-1,-1
7,525,511,117,50,44,1,-1,-1,-1
8,525,511,117,50,44,1,-1,-1,-1
9,525,511,117,50,44,1,-1,-1,-1
10,525,511,117,50,44,1,-1,-1,-1
11,525,511,117,50,44,1,-1,-1,-1
12,525,511,117,51,44,1,-1,-1,-1
13,525,511,117,50,44,1,-1,-1,-1
14,525,511,117,50,44,1,-1,-1,-1
15,525,511,117,50,44,1,-1,-1,-1
16,525,511,117,50,44,1,-1,-1,-1
17,525,511,117,50,44,1,-1,-1,-1
18,525,511,117,50,44,1,-1,-1,-1
19,525,511,117,50,44,1,-1,-1,-1
20,525,511,117,50,44,1,-1,-1,-1
21,525,511,117,50,44,1,-1,-1,-1
22,525,511,117,50,44,1,-1,-1,-1
23,525,511,117,50,44,1,-1,-1,-1
24,525,511,117,50,44,1,-1,-1,-1
25,525,511,117,50,44,1,-1,-1,-1
26,525,512,117,50,44,1,-1,-1,-1
27,525,512,117,50,44,1,-1,-1,-1
28,525,512,117,50,44,1,-1,-1,-1
29,525,512,117,50,44,1,-1,-1,-1
30,525,512,117,50,44,1,-1,-1,-1
31,525,512,117,50,44,1,-1,-1,-1
32,525,512,117,50,44,1,-1,-1,-1
33,525,511,117,50,44,1,-1,-1,-1
34,525,511,117,50,44,1,-1,-1,-1
35,525,511,117,50,44,1,-1,-1,-1
36,525,511,117,50,44,1,-1,-1,-1
37,525,512,117,50,44,1,-1,-1,-1
38,525,512,117,50,44,1,-1,-1,-1
39,525,512,117,50,44,1,-1,-1,-1
40,525,512,117,50,44,1,-1,-1,-1
41,525,511,117,51,45,1,-1,-1,-1
42,525,511,117,51,44,1,-1,-1,-1
43,525,511,117,51,45,1,-1,-1,-1
44,525,511,117,51,44,1,-1,-1,-1
45,525,511,117,51,45,1,-1,-1,-1
46,525,511,117,51,45,1,-1,-1,-1
47,525,511,117,51,45,1,-1,-1,-1
48,525,511,117,51,45,1,-1,-1,-1
49,525,511,118,50,44,1,-1,-1,-1
50,525,511,118,50,44,1,-1,-1,-1
51,525,511,118,50,44,1,-1,-1,-1
52,525,511,118,50,44,1,-1,-1,-1
53,525,511,118,50,44,1,-1,-1,-1
54,525,511,118,50,44,1,-1,-1,-1
55,525,511,118,50,44,1,-1,-1,-1
56,525,511,118,50,44,1,-1,-1,-1
57,525,511,117,50,44,1,-1,-1,-1
58,525,511,117,50,44,1,-1,-1,-1
59,525,511,117,50,44,1,-1,-1,-1
60,525,511,117,50,44,1,-1,-1,-1
61,525,511,117,50,44,1,-1,-1,-1
62,525,511,117,50,44,1,-1,-1,-1
63,525,511,117,50,44,1,-1,-1,-1
64,525,511,117,50,44,1,-1,-1,-1
65,525,511,117,50,44,1,-1,-1,-1
66,525,511,117,50,44,1,-1,-1,-1
67,525,511,117,50,44,1,-1,-1,-1
68,525,511,117,50,44,1,-1,-1,-1
69,525,511,117,50,44,1,-1,-1,-1
70,525,511,117,50,45,1,-1,-1,-1
71,525,511,117,50,44,1,-1,-1,-1
72,525,511,117,50,44,1,-1,-1,-1
73,525,511,117,50,44,1,-1,-1,-1
74,525,511,117,50,44,1,-1,-1,-1
75,525,511,117,50,44,1,-1,-1,-1
76,525,511,117,50,44,1,-1,-1,-1
77,525,511,117,50,44,1,-1,-1,-1
78,525,511,117,50,44,1,-1,-1,-1
79,525,511,117,50,44,1,-1,-1,-1
80,525,511,117,50,44,1,-1,-1,-1
81,525,511,117,50,44,1,-1,-1,-1
82,525,511,117,50,44,1,-1,-1,-1
83,525,511,117,50,44,1,-1,-1,-1
84,525,511,117,50,44,1,-1,-1,-1
85,525,511,117,50,44,1,-1,-1,-1
86,525,511,117,50,44,1,-1,-1,-1
87,525,511,117,50,44,1,-1,-1,-1
88,525,511,117,50,44,1,-1,-1,-1
89,525,511,117,51,45,1,-1,-1,-1
90,525,511,117,51,45,1,-1,-1,-1
91,525,511,117,51,45,1,-1,-1,-1
92,525,511,117,51,45,1,-1,-1,-1
93,525,511,117,51,45,1,-1,-1,-1
94,525,511,117,50,45,1,-1,-1,-1
95,525,511,117,50,45,1,-1,-1,-1
96,525,511,117,50,45,1,-1,-1,-1
97,525,511,117,50,44,1,-1,-1,-1
98,525,511,117,50,44,1,-1,-1,-1
99,525,511,117,50,44,1,-1,-1,-1
100,525,511,117,50,44,1,-1,-1,-1
101,525,511,117,50,44,1,-1,-1,-1
102,525,511,117,50,44,1,-1,-1,-1
103,525,511,117,50,44,1,-1,-1,-1
104,525,511,117,50,44,1,-1,-1,-1
105,525,511,117,51,44,1,-1,-1,-1
106,525,511,117,51,44,1,-1,-1,-1
107,525,511,117,51,44,1,-1,-1,-1
108,525,511,117,51,44,1,-1,-1,-1
109,525,510,118,51,44,1,-1,-1,-1
110,525,510,118,52,44,1,-1,-1,-1
111,525,510,118,52,44,1,-1,-1,-1
112,525,510,118,52,44,1,-1,-1,-1
113,525,511,117,51,44,1,-1,-1,-1
114,525,511,117,51,44,1,-1,-1,-1
115,525,511,117,51,44,1,-1,-1,-1
116,525,511,117,51,44,1,-1,-1,-1
117,525,511,117,51,44,1,-1,-1,-1
118,525,511,117,51,44,1,-1,-1,-1
119,525,511,117,51,44,1,-1,-1,-1
120,525,511,117,51,44,1,-1,-1,-1
121,525,511,118,51,44,1,-1,-1,-1
122,525,511,118,51,44,1,-1,-1,-1
123,525,511,118,51,44,1,-1,-1,-1
124,525,511,118,51,44,1,-1,-1,-1
125,525,511,118,51,44,1,-1,-1,-1
126,525,511,118,51,44,1,-1,-1,-1
127,525,511,118,51,44,1,-1,-1,-1
128,525,511,118,51,44,1,-1,-1,-1
129,525,511,117,50,44,1,-1,-1,-1
130,525,511,117,50,45,1,-1,-1,-1
131,525,511,117,50,44,1,-1,-1,-1
132,525,511,117,50,45,1,-1,-1,-1
133,525,511,117,50,44,1,-1,-1,-1
134,525,511,117,50,44,1,-1,-1,-1
135,525,511,117,50,44,1,-1,-1,-1
136,525,511,117,50,44,1,-1,-1,-1
137,525,511,117,50,44,1,-1,-1,-1
138,525,511,117,50,44,1,-1,-1,-1
139,525,511,117,50,44,1,-1,-1,-1
140,525,511,117,50,44,1,-1,-1,-1
141,525,511,117,50,44,1,-1,-1,-1
142,525,511,117,50,44,1,-1,-1,-1
143,525,511,117,50,45,1,-1,-1,-1
144,525,511,117,50,45,1,-1,-1,-1
145,525,511,117,50,45,1,-1,-1,-1
146,525,511,117,50,45,1,-1,-1,-1
147,525,511,117,50,45,1,-1,-1,-1
148,525,511,117,50,45,1,-1,-1,-1
149,525,511,117,51,45,1,-1,-1,-1
150,525,511,117,50,45,1,-1,-1,-1
151,525,511,117,50,45,1,-1,-1,-1
152,525,511,117,50,45,1,-1,-1,-1
153,525,511,117,50,45,1,-1,-1,-1
154,525,511,117,50,45,1,-1,-1,-1
155,525,511,117,50,45,1,-1,-1,-1
156,525,511,117,50,45,1,-1,-1,-1
157,525,511,117,50,45,1,-1,-1,-1
158,525,511,117,50,45,1,-1,-1,-1
159,525,511,117,50,45,1,-1,-1,-1
160,525,511,117,50,45,1,-1,-1,-1
161,525,511,117,50,45,1,-1,-1,-1
162,525,511,117,50,45,1,-1,-1,-1
163,525,511,117,50,45,1,-1,-1,-1
164,525,511,117,50,45,1,-1,-1,-1
165,525,512,117,50,45,1,-1,-1,-1
166,525,512,117,50,45,1,-1,-1,-1
167,525,511,117,50,45,1,-1,-1,-1
168,525,511,117,50,45,1,-1,-1,-1
169,525,511,117,50,45,1,-1,-1,-1
170,525,511,117,51,45,1,-1,-1,-1
171,525,511,117,50,45,1,-1,-1,-1
172,525,511,117,50,44,1,-1,-1,-1
173,525,511,117,50,44,1,-1,-1,-1
174,525,511,117,50,44,1,-1,-1,-1
175,525,511,117,50,44,1,-1,-1,-1
176,525,511,117,50,44,1,-1,-1,-1
177,525,511,117,50,44,1,-1,-1,-1
178,525,511,117,50,44,1,-1,-1,-1
179,525,511,117,50,44,1,-1,-1,-1
180,525,511,117,50,44,1,-1,-1,-1
181,525,511,117,50,44,1,-1,-1,-1
182,525,511,117,50,44,1,-1,-1,-1
183,525,511,117,50,44,1,-1,-1,-1
184,525,511,117,50,44,1,-1,-1,-1
185,525,511,117,51,45,1,-1,-1,-1
186,525,511,117,51,45,1,-1,-1,-1
187,525,511,117,51,45,1,-1,-1,-1
188,525,511,117,51,45,1,-1,-1,-1
189,525,511,117,51,45,1,-1,-1,-1
190,525,511,117,51,45,1,-1,-1,-1
191,525,511,117,51,45,1,-1,-1,-1
192,525,511,117,51,45,1,-1,-1,-1
193,525,511,117,50,45,1,-1,-1,-1
194,525,511,117,50,45,1,-1,-1,-1
195,525,511,117,50,45,1,-1,-1,-1
196,525,511,117,50,45,1,-1,-1,-1
197,525,511,117,50,45,1,-1,-1,-1
198,525,511,117,50,44,1,-1,-1,-1
199,525,511,117,50,44,1,-1,-1,-1
200,525,511,117,50,44,1,-1,-1,-1
201,525,511,117,51,44,1,-1,-1,-1
202,525,511,117,51,44,1,-1,-1,-1
203,525,511,117,51,44,1,-1,-1,-1
204,525,511,117,51,44,1,-1,-1,-1
205,525,511,117,51,45,1,-1,-1,-1
206,525,511,117,51,45,1,-1,-1,-1
207,525,511,117,51,45,1,-1,-1,-1
208,525,511,117,51,45,1,-1,-1,-1
209,525,511,117,51,44,1,-1,-1,-1
210,525,511,117,51,44,1,-1,-1,-1
211,525,511,117,51,44,1,-1,-1,-1
212,525,511,117,51,44,1,-1,-1,-1
213,525,511,117,51,44,1,-1,-1,-1
214,525,511,117,51,44,1,-1,-1,-1
215,525,511,117,51,44,1,-1,-1,-1
216,525,511,117,51,44,1,-1,-1,-1
217,525,511,118,50,44,1,-1,-1,-1
218,525,511,118,50,44,1,-1,-1,-1
219,525,511,118,50,44,1,-1,-1,-1
220,525,511,118,50,44,1,-1,-1,-1
221,525,511,118,50,44,1,-1,-1,-1
222,525,511,118,50,44,1,-1,-1,-1
223,525,511,118,50,44,1,-1,-1,-1
224,525,511,118,50,44,1,-1,-1,-1
225,525,511,118,51,44,1,-1,-1,-1
226,525,511,118,51,44,1,-1,-1,-1
227,525,511,118,51,44,1,-1,-1,-1
228,525,511,117,51,44,1,-1,-1,-1
229,525,511,117,50,44,1,-1,-1,-1
230,525,511,117,50,44,1,-1,-1,-1
231,525,511,117,50,44,1,-1,-1,-1
232,525,511,117,50,44,1,-1,-1,-1
233,525,510,117,51,45,1,-1,-1,-1
234,525,510,117,51,45,1,-1,-1,-1
235,525,510,117,51,45,1,-1,-1,-1
236,525,510,117,51,45,1,-1,-1,-1
237,525,510,117,51,45,1,-1,-1,-1
238,525,510,117,51,45,1,-1,-1,-1
239,525,510,117,51,45,1,-1,-1,-1
240,525,510,117,51,45,1,-1,-1,-1
241,525,511,117,51,45,1,-1,-1,-1
242,525,511,117,51,45,1,-1,-1,-1
243,525,511,117,51,45,1,-1,-1,-1
244,525,511,117,51,45,1,-1,-1,-1
245,525,511,117,50,45,1,-1,-1,-1
246,525,511,117,50,45,1,-1,-1,-1
247,525,511,117,50,45,1,-1,-1,-1
248,525,511,117,50,45,1,-1,-1,-1
249,525,511,117,50,44,1,-1,-1,-1
250,525,511,117,50,44,1,-1,-1,-1
251,525,511,117,50,44,1,-1,-1,-1
252,525,511,117,50,44,1,-1,-1,-1
253,525,512,118,50,44,1,-1,-1,-1
254,525,512,118,50,44,1,-1,-1,-1
255,525,512,118,50,44,1,-1,-1,-1
256,525,512,118,50,44,1,-1,-1,-1
257,525,511,118,51,45,1,-1,-1,-1
258,525,511,118,51,44,1,-1,-1,-1
259,525,511,118,51,44,1,-1,-1,-1
260,525,511,117,51,45,1,-1,-1,-1
261,525,511,117,51,45,1,-1,-1,-1
262,525,511,117,51,45,1,-1,-1,-1
263,525,511,117,51,45,1,-1,-1,-1
264,525,511,117,51,45,1,-1,-1,-1
265,525,512,117,50,45,1,-1,-1,-1
266,525,511,117,50,45,1,-1,-1,-1
267,525,511,117,50,45,1,-1,-1,-1
268,525,512,117,50,45,1,-1,-1,-1
269,525,512,117,50,45,1,-1,-1,-1
270,525,512,117,50,45,1,-1,-1,-1
271,525,512,117,50,45,1,-1,-1,-1
272,525,512,117,50,45,1,-1,-1,-1
273,525,512,117,50,45,1,-1,-1,-1
274,525,512,117,50,45,1,-1,-1,-1
275,525,512,117,50,45,1,-1,-1,-1
276,525,512,117,50,45,1,-1,-1,-1
277,525,511,117,50,45,1,-1,-1,-1
278,525,511,117,50,44,1,-1,-1,-1
279,525,511,117,50,44,1,-1,-1,-1
280,525,511,117,50,44,1,-1,-1,-1
281,525,511,118,50,44,1,-1,-1,-1
282,525,511,118,50,44,1,-1,-1,-1
283,525,511,118,50,44,1,-1,-1,-1
284,525,511,118,51,44,1,-1,-1,-1
285,525,511,118,51,44,1,-1,-1,-1
286,525,511,118,50,44,1,-1,-1,-1
287,525,511,118,50,44,1,-1,-1,-1
288,525,511,118,50,44,1,-1,-1,-1
289,525,512,117,50,45,1,-1,-1,-1
290,525,512,117,50,45,1,-1,-1,-1
291,525,512,118,50,44,1,-1,-1,-1
292,525,512,118,50,44,1,-1,-1,-1
293,525,512,118,50,44,1,-1,-1,-1
294,525,512,118,50,44,1,-1,-1,-1
295,525,512,117,50,44,1,-1,-1,-1
296,525,512,117,50,44,1,-1,-1,-1
297,525,511,117,50,44,1,-1,-1,-1
298,525,511,117,50,44,1,-1,-1,-1
299,525,511,117,50,44,1,-1,-1,-1
300,525,511,118,50,44,1,-1,-1,-1
301,525,511,117,50,44,1,-1,-1,-1
302,525,512,117,50,44,1,-1,-1,-1
303,525,512,117,50,44,1,-1,-1,-1
304,525,512,117,50,44,1,-1,-1,-1
305,525,511,117,50,45,1,-1,-1,-1
306,525,511,117,50,45,1,-1,-1,-1
307,525,511,117,50,45,1,-1,-1,-1
308,525,511,117,50,45,1,-1,-1,-1
309,525,511,117,50,45,1,-1,-1,-1
310,525,511,117,50,45,1,-1,-1,-1
311,525,511,117,50,45,1,-1,-1,-1
312,525,511,117,50,45,1,-1,-1,-1
313,525,511,118,51,44,1,-1,-1,-1
314,525,511,118,51,44,1,-1,-1,-1
315,525,511,118,51,44,1,-1,-1,-1
316,525,511,118,51,44,1,-1,-1,-1
317,525,511,118,51,44,1,-1,-1,-1
318,525,511,118,51,44,1,-1,-1,-1
319,525,511,118,51,44,1,-1,-1,-1
320,525,511,118,51,44,1,-1,-1,-1
321,525,511,117,51,45,1,-1,-1,-1
322,525,511,117,51,45,1,-1,-1,-1
323,525,511,117,51,45,1,-1,-1,-1
324,525,511,117,51,45,1,-1,-1,-1
325,525,511,117,51,45,1,-1,-1,-1
326,525,511,117,51,45,1,-1,-1,-1
327,525,511,117,51,45,1,-1,-1,-1
328,525,511,117,51,45,1,-1,-1,-1
329,525,511,117,51,44,1,-1,-1,-1
330,525,511,117,51,44,1,-1,-1,-1
331,525,511,117,51,44,1,-1,-1,-1
332,525,511,117,51,45,1,-1,-1,-1
333,525,511,117,51,45,1,-1,-1,-1
334,525,511,117,51,45,1,-1,-1,-1
335,525,511,117,51,45,1,-1,-1,-1
336,525,511,117,51,45,1,-1,-1,-1
337,525,511,117,51,44,1,-1,-1,-1
338,525,511,117,51,44,1,-1,-1,-1
339,525,511,117,51,44,1,-1,-1,-1
340,525,511,117,51,44,1,-1,-1,-1
341,525,511,117,51,44,1,-1,-1,-1
342,525,511,117,50,44,1,-1,-1,-1
343,525,511,117,51,44,1,-1,-1,-1
344,525,511,117,51,44,1,-1,-1,-1
345,525,511,117,50,44,1,-1,-1,-1
346,525,511,117,50,44,1,-1,-1,-1
347,525,511,117,50,44,1,-1,-1,-1
348,525,511,117,50,44,1,-1,-1,-1
349,525,511,118,50,44,1,-1,-1,-1
350,525,511,118,50,44,1,-1,-1,-1
351,525,511,118,50,44,1,-1,-1,-1
352,525,511,117,50,44,1,-1,-1,-1
353,525,511,117,50,45,1,-1,-1,-1
354,525,511,117,50,45,1,-1,-1,-1
355,525,511,117,50,45,1,-1,-1,-1
356,525,511,117,50,45,1,-1,-1,-1
357,525,511,117,50,45,1,-1,-1,-1
358,525,511,117,50,45,1,-1,-1,-1
359,525,511,117,50,45,1,-1,-1,-1
360,525,511,117,50,45,1,-1,-1,-1
361,525,511,117,50,45,1,-1,-1,-1
362,525,511,117,50,45,1,-1,-1,-1
363,525,511,117,50,45,1,-1,-1,-1
364,525,511,117,50,45,1,-1,-1,-1
365,525,511,117,50,45,1,-1,-1,-1
366,525,511,117,50,45,1,-1,-1,-1
367,525,511,117,50,45,1,-1,-1,-1
368,525,511,117,50,45,1,-1,-1,-1
369,525,511,117,50,45,1,-1,-1,-1
370,525,511,117,50,45,1,-1,-1,-1
371,525,511,117,50,45,1,-1,-1,-1
372,525,511,117,50,45,1,-1,-1,-1
373,525,512,117,50,45,1,-1,-1,-1
374,525,511,117,50,45,1,-1,-1,-1
375,525,511,117,50,45,1,-1,-1,-1
376,525,511,117,50,45,1,-1,-1,-1
377,525,511,117,50,45,1,-1,-1,-1
378,525,511,117,50,45,1,-1,-1,-1
379,525,511,117,50,45,1,-1,-1,-1
380,525,511,117,50,45,1,-1,-1,-1
381,525,511,117,50,45,1,-1,-1,-1
382,525,511,117,50,45,1,-1,-1,-1
383,525,511,117,50,45,1,-1,-1,-1
384,525,511,117,50,45,1,-1,-1,-1
385,525,511,117,50,45,1,-1,-1,-1
386,525,511,117,50,45,1,-1,-1,-1
387,525,511,117,50,45,1,-1,-1,-1
388,525,511,117,50,45,1,-1,-1,-1
389,525,511,117,50,45,1,-1,-1,-1
390,525,511,117,50,45,1,-1,-1,-1
391,525,512,117,50,45,1,-1,-1,-1
392,525,512,117,50,45,1,-1,-1,-1
393,525,511,117,50,44,1,-1,-1,-1
394,525,511,117,50,44,1,-1,-1,-1
395,525,511,117,50,44,1,-1,-1,-1
396,525,511,117,50,44,1,-1,-1,-1
397,525,511,118,50,44,1,-1,-1,-1
398,525,511,118,50,44,1,-1,-1,-1
399,525,511,118,50,44,1,-1,-1,-1
400,525,511,118,50,44,1,-1,-1,-1
401,525,511,117,50,44,1,-1,-1,-1
402,525,511,117,50,44,1,-1,-1,-1
403,525,511,117,50,44,1,-1,-1,-1
404,525,511,117,50,44,1,-1,-1,-1
405,525,511,117,50,44,1,-1,-1,-1
406,525,511,118,50,44,1,-1,-1,-1
407,525,511,117,50,44,1,-1,-1,-1
408,525,511,117,50,44,1,-1,-1,-1
409,525,511,117,50,45,1,-1,-1,-1
410,525,511,117,50,45,1,-1,-1,-1
411,525,511,117,50,45,1,-1,-1,-1
412,525,511,117,50,45,1,-1,-1,-1
413,525,511,117,50,45,1,-1,-1,-1
414,525,511,117,50,45,1,-1,-1,-1
415,525,511,117,50,45,1,-1,-1,-1
416,525,511,117,50,45,1,-1,-1,-1
417,525,511,117,50,44,1,-1,-1,-1
418,525,511,117,50,44,1,-1,-1,-1
419,525,511,117,50,44,1,-1,-1,-1
420,525,511,117,50,44,1,-1,-1,-1
421,525,511,117,50,44,1,-1,-1,-1
422,525,511,117,50,44,1,-1,-1,-1
423,525,511,117,50,44,1,-1,-1,-1
424,525,511,117,50,44,1,-1,-1,-1
425,525,511,117,50,44,1,-1,-1,-1
426,525,511,117,50,44,1,-1,-1,-1
427,525,511,117,50,44,1,-1,-1,-1
428,525,511,117,50,44,1,-1,-1,-1
429,525,511,117,51,44,1,-1,-1,-1
430,525,511,117,50,44,1,-1,-1,-1
431,525,511,117,50,44,1,-1,-1,-1
432,525,511,117,50,44,1,-1,-1,-1
433,525,511,117,50,45,1,-1,-1,-1
434,525,511,117,50,45,1,-1,-1,-1
435,525,511,117,50,45,1,-1,-1,-1
436,525,511,117,50,45,1,-1,-1,-1
437,525,511,117,50,45,1,-1,-1,-1
438,525,511,117,50,45,1,-1,-1,-1
439,525,511,117,50,45,1,-1,-1,-1
440,525,511,117,50,45,1,-1,-1,-1
441,525,511,117,50,44,1,-1,-1,-1
442,525,511,117,50,44,1,-1,-1,-1
443,525,511,117,50,44,1,-1,-1,-1
444,525,511,117,50,44,1,-1,-1,-1
445,525,511,117,50,44,1,-1,-1,-1
446,525,511,117,50,44,1,-1,-1,-1
447,525,511,117,50,44,1,-1,-1,-1
448,525,511,117,50,44,1,-1,-1,-1
449,525,510,117,51,45,1,-1,-1,-1
450,525,511,117,51,45,1,-1,-1,-1
451,525,511,117,51,45,1,-1,-1,-1
452,525,511,117,51,45,1,-1,-1,-1
453,525,511,117,51,45,1,-1,-1,-1
454,525,511,117,51,45,1,-1,-1,-1
455,525,511,117,51,45,1,-1,-1,-1
456,525,511,117,51,45,1,-1,-1,-1
457,525,511,118,50,44,1,-1,-1,-1
458,525,511,118,50,44,1,-1,-1,-1
459,525,511,118,50,44,1,-1,-1,-1
460,525,511,118,50,44,1,-1,-1,-1
461,525,511,118,50,44,1,-1,-1,-1
462,525,511,118,50,44,1,-1,-1,-1
463,525,511,118,50,44,1,-1,-1,-1
464,525,511,118,50,44,1,-1,-1,-1
465,525,511,117,50,44,1,-1,-1,-1
466,525,511,117,50,44,1,-1,-1,-1
467,525,511,117,50,44,1,-1,-1,-1
468,525,511,117,50,44,1,-1,-1,-1
469,525,511,117,50,44,1,-1,-1,-1
470,525,511,117,50,44,1,-1,-1,-1
471,525,511,117,50,44,1,-1,-1,-1
472,525,511,117,50,44,1,-1,-1,-1
473,525,511,117,50,45,1,-1,-1,-1
474,525,511,117,50,45,1,-1,-1,-1
475,525,511,117,50,45,1,-1,-1,-1
476,525,511,117,50,45,1,-1,-1,-1
477,525,511,117,50,45,1,-1,-1,-1
478,525,511,117,50,45,1,-1,-1,-1
479,525,511,117,50,45,1,-1,-1,-1
480,525,511,117,50,45,1,-1,-1,-1
481,525,511,117,50,45,1,-1,-1,-1
482,525,511,117,50,45,1,-1,-1,-1
483,525,511,117,50,45,1,-1,-1,-1
484,525,511,117,50,45,1,-1,-1,-1
485,525,511,117,50,45,1,-1,-1,-1
486,525,511,117,50,45,1,-1,-1,-1
487,525,511,117,50,45,1,-1,-1,-1
488,525,511,117,50,45,1,-1,-1,-1
489,525,511,117,50,45,1,-1,-1,-1
490,525,511,117,50,45,1,-1,-1,-1
491,525,511,117,50,45,1,-1,-1,-1
492,525,511,117,50,44,1,-1,-1,-1
493,525,511,117,50,44,1,-1,-1,-1
494,525,511,117,50,44,1,-1,-1,-1
495,525,511,118,50,44,1,-1,-1,-1
496,525,511,118,50,44,1,-1,-1,-1
497,525,511,117,50,44,1,-1,-1,-1
498,525,511,117,50,44,1,-1,-1,-1
499,525,511,117,50,44,1,-1,-1,-1
500,525,511,117,50,44,1,-1,-1,-1
501,525,511,117,50,44,1,-1,-1,-1
502,525,511,117,50,44,1,-1,-1,-1
503,525,511,117,50,44,1,-1,-1,-1
504,525,511,117,50,44,1,-1,-1,-1
505,525,511,117,50,45,1,-1,-1,-1
506,525,511,117,50,45,1,-1,-1,-1
507,525,511,117,50,45,1,-1,-1,-1
508,525,511,117,50,45,1,-1,-1,-1
509,525,511,117,50,45,1,-1,-1,-1
510,525,511,117,50,45,1,-1,-1,-1
511,525,511,117,50,45,1,-1,-1,-1
512,525,511,117,50,45,1,-1,-1,-1
513,525,511,117,50,45,1,-1,-1,-1
514,525,511,117,50,45,1,-1,-1,-1
515,525,511,117,50,45,1,-1,-1,-1
516,525,511,117,50,45,1,-1,-1,-1
517,525,511,117,50,45,1,-1,-1,-1
518,525,511,117,50,45,1,-1,-1,-1
519,525,511,117,50,45,1,-1,-1,-1
520,525,511,117,50,45,1,-1,-1,-1
521,525,511,117,50,45,1,-1,-1,-1
522,525,511,117,50,45,1,-1,-1,-1
523,525,511,117,50,45,1,-1,-1,-1
524,525,511,117,50,45,1,-1,-1,-1
525,525,511,117,50,45,1,-1,-1,-1
526,525,511,117,50,45,1,-1,-1,-1
527,525,511,117,50,45,1,-1,-1,-1
528,525,511,117,50,45,1,-1,-1,-1
529,525,511,116,50,46,1,-1,-1,-1
530,525,511,116,50,46,1,-1,-1,-1
531,525,511,116,50,46,1,-1,-1,-1
532,525,511,116,50,46,1,-1,-1,-1
533,525,511,116,50,45,1,-1,-1,-1
534,525,511,116,50,45,1,-1,-1,-1
535,525,511,116,50,45,1,-1,-1,-1
536,525,511,116,50,45,1,-1,-1,-1
537,525,511,117,50,45,1,-1,-1,-1
538,525,511,117,50,45,1,-1,-1,-1
539,525,511,117,50,45,1,-1,-1,-1
540,525,511,117,50,45,1,-1,-1,-1
541,525,511,117,50,45,1,-1,-1,-1
542,525,511,117,50,45,1,-1,-1,-1
543,525,511,117,50,45,1,-1,-1,-1
544,525,511,117,50,45,1,-1,-1,-1
545,525,511,117,50,45,1,-1,-1,-1
546,525,511,117,50,45,1,-1,-1,-1
547,525,511,117,50,45,1,-1,-1,-1
548,525,511,117,50,45,1,-1,-1,-1
549,525,511,117,50,45,1,-1,-1,-1
550,525,511,117,50,45,1,-1,-1,-1
551,525,511,117,50,45,1,-1,-1,-1
552,525,511,117,51,45,1,-1,-1,-1
553,525,511,117,50,44,1,-1,-1,-1
554,525,511,117,50,44,1,-1,-1,-1
555,525,511,117,50,44,1,-1,-1,-1
556,525,511,117,50,44,1,-1,-1,-1
557,525,511,117,50,44,1,-1,-1,-1
558,525,511,117,50,44,1,-1,-1,-1
559,525,511,117,50,44,1,-1,-1,-1
560,525,511,117,50,44,1,-1,-1,-1
561,525,511,117,50,45,1,-1,-1,-1
562,525,511,117,50,45,1,-1,-1,-1
563,525,511,117,50,45,1,-1,-1,-1
564,525,511,117,50,45,1,-1,-1,-1
565,525,511,117,50,45,1,-1,-1,-1
566,525,511,117,50,45,1,-1,-1,-1
567,525,511,117,50,45,1,-1,-1,-1
568,525,511,117,50,45,1,-1,-1,-1
569,525,511,116,50,45,1,-1,-1,-1
570,525,511,116,50,45,1,-1,-1,-1
571,525,511,116,50,45,1,-1,-1,-1
572,525,511,116,50,45,1,-1,-1,-1
573,525,511,116,50,45,1,-1,-1,-1
574,525,511,116,50,45,1,-1,-1,-1
575,525,511,116,50,45,1,-1,-1,-1
576,525,511,116,50,45,1,-1,-1,-1
577,525,511,117,50,45,1,-1,-1,-1
578,525,511,116,50,45,1,-1,-1,-1
579,525,511,117,51,45,1,-1,-1,-1
580,525,511,116,50,45,1,-1,-1,-1
581,525,511,117,50,45,1,-1,-1,-1
582,525,511,117,50,45,1,-1,-1,-1
583,525,511,117,50,45,1,-1,-1,-1
584,525,511,117,50,45,1,-1,-1,-1
585,525,511,117,50,45,1,-1,-1,-1
586,525,511,117,50,45,1,-1,-1,-1
587,525,511,117,50,45,1,-1,-1,-1
588,525,511,117,50,45,1,-1,-1,-1
589,525,511,117,50,44,1,-1,-1,-1
590,525,511,117,50,44,1,-1,-1,-1
591,525,511,117,50,44,1,-1,-1,-1
592,525,511,117,50,44,1,-1,-1,-1
593,525,511,117,50,45,1,-1,-1,-1
594,525,511,117,50,45,1,-1,-1,-1
595,525,511,117,50,45,1,-1,-1,-1
596,525,511,117,50,45,1,-1,-1,-1
597,525,511,117,50,45,1,-1,-1,-1
598,525,511,117,50,44,1,-1,-1,-1
599,525,511,117,50,44,1,-1,-1,-1
600,525,511,117,50,44,1,-1,-1,-1
601,525,511,117,50,45,1,-1,-1,-1
602,525,511,117,50,45,1,-1,-1,-1
603,525,511,117,50,45,1,-1,-1,-1
604,525,511,117,50,45,1,-1,-1,-1
605,525,511,117,50,45,1,-1,-1,-1
606,525,512,117,50,44,1,-1,-1,-1
607,525,511,117,50,44,1,-1,-1,-1
608,525,511,117,50,44,1,-1,-1,-1
609,525,511,117,50,44,1,-1,-1,-1
610,525,511,117,50,44,1,-1,-1,-1
611,525,511,117,50,44,1,-1,-1,-1
612,525,511,117,50,44,1,-1,-1,-1
613,525,511,117,50,44,1,-1,-1,-1
614,525,511,117,50,44,1,-1,-1,-1
615,525,511,117,50,44,1,-1,-1,-1
616,525,511,117,50,44,1,-1,-1,-1
617,525,512,117,50,44,1,-1,-1,-1
618,525,512,117,50,44,1,-1,-1,-1
619,525,512,117,50,44,1,-1,-1,-1
620,525,512,117,50,44,1,-1,-1,-1
621,525,512,117,50,44,1,-1,-1,-1
622,525,512,117,50,44,1,-1,-1,-1
623,525,512,117,50,44,1,-1,-1,-1
624,525,511,117,50,44,1,-1,-1,-1
625,525,511,117,50,44,1,-1,-1,-1
626,525,511,117,50,44,1,-1,-1,-1
627,525,511,117,50,44,1,-1,-1,-1
628,525,511,117,50,44,1,-1,-1,-1
629,525,511,117,50,44,1,-1,-1,-1
630,525,511,117,50,44,1,-1,-1,-1
631,525,511,117,50,44,1,-1,-1,-1
632,525,511,117,50,44,1,-1,-1,-1
633,525,511,118,50,44,1,-1,-1,-1
634,525,511,118,50,44,1,-1,-1,-1
635,525,511,118,50,44,1,-1,-1,-1
636,525,511,118,50,44,1,-1,-1,-1
637,525,511,118,50,44,1,-1,-1,-1
638,525,511,118,50,44,1,-1,-1,-1
639,525,511,118,50,44,1,-1,-1,-1
640,525,511,118,50,44,1,-1,-1,-1
641,525,511,117,50,44,1,-1,-1,-1
642,525,511,117,50,44,1,-1,-1,-1
643,525,511,117,50,44,1,-1,-1,-1
644,525,511,117,50,44,1,-1,-1,-1
645,525,511,117,50,44,1,-1,-1,-1
646,525,511,117,50,44,1,-1,-1,-1
647,525,511,117,50,44,1,-1,-1,-1
648,525,511,117,50,44,1,-1,-1,-1
649,525,511,117,50,45,1,-1,-1,-1
650,525,511,117,50,45,1,-1,-1,-1
651,525,511,117,50,45,1,-1,-1,-1
652,525,511,117,50,44,1,-1,-1,-1
653,525,511,117,50,44,1,-1,-1,-1
654,525,511,117,50,44,1,-1,-1,-1
655,525,511,117,50,44,1,-1,-1,-1
656,525,511,117,50,44,1,-1,-1,-1
657,525,511,118,50,44,1,-1,-1,-1
658,525,511,118,50,44,1,-1,-1,-1
659,525,511,118,50,44,1,-1,-1,-1
660,525,511,118,50,44,1,-1,-1,-1
661,525,511,118,50,43,1,-1,-1,-1
662,525,511,118,50,44,1,-1,-1,-1
663,525,511,118,50,44,1,-1,-1,-1
664,525,511,118,50,44,1,-1,-1,-1
665,525,511,118,50,43,1,-1,-1,-1
666,525,511,118,50,43,1,-1,-1,-1
667,525,511,119,50,43,1,-1,-1,-1
668,525,511,119,51,43,1,-1,-1,-1
669,525,511,118,50,43,1,-1,-1,-1
670,525,511,119,50,43,1,-1,-1,-1
671,525,511,119,50,43,1,-1,-1,-1
672,525,511,119,50,43,1,-1,-1,-1
673,525,511,118,50,44,1,-1,-1,-1
674,525,511,118,50,44,1,-1,-1,-1
675,525,511,118,50,44,1,-1,-1,-1
676,525,511,118,50,44,1,-1,-1,-1
677,525,511,118,50,44,1,-1,-1,-1
678,525,511,117,50,44,1,-1,-1,-1
679,525,511,118,50,44,1,-1,-1,-1
680,525,511,117,50,44,1,-1,-1,-1
681,525,511,117,50,44,1,-1,-1,-1
682,525,511,117,50,44,1,-1,-1,-1
683,525,511,117,50,44,1,-1,-1,-1
684,525,512,117,50,44,1,-1,-1,-1
685,525,511,118,50,44,1,-1,-1,-1
686,525,511,118,50,43,1,-1,-1,-1
687,525,511,118,49,43,1,-1,-1,-1
688,525,512,118,49,43,1,-1,-1,-1
689,525,512,118,50,44,1,-1,-1,-1
690,525,511,118,50,44,1,-1,-1,-1
691,525,511,117,50,44,1,-1,-1,-1
692,525,511,118,50,44,1,-1,-1,-1
693,525,511,118,50,44,1,-1,-1,-1
694,525,512,118,50,44,1,-1,-1,-1
695,525,512,118,50,44,1,-1,-1,-1
696,525,512,118,50,44,1,-1,-1,-1
697,525,511,117,50,44,1,-1,-1,-1
698,525,511,117,50,44,1,-1,-1,-1
699,525,511,117,50,44,1,-1,-1,-1
700,525,511,117,50,44,1,-1,-1,-1
701,525,511,117,50,44,1,-1,-1,-1
702,525,511,117,50,44,1,-1,-1,-1
703,525,512,117,50,44,1,-1,-1,-1
704,525,512,117,50,44,1,-1,-1,-1
705,525,511,118,50,44,1,-1,-1,-1
706,525,511,118,50,44,1,-1,-1,-1
707,525,511,118,50,44,1,-1,-1,-1
708,525,511,118,50,44,1,-1,-1,-1
709,525,512,118,50,43,1,-1,-1,-1
710,525,512,118,50,43,1,-1,-1,-1
711,525,512,118,50,43,1,-1,-1,-1
712,525,512,118,50,43,1,-1,-1,-1
713,525,511,119,50,43,1,-1,-1,-1
714,525,511,118,50,43,1,-1,-1,-1
715,525,511,118,50,43,1,-1,-1,-1
716,525,511,118,50,43,1,-1,-1,-1
717,525,511,118,50,43,1,-1,-1,-1
718,525,511,118,50,43,1,-1,-1,-1
719,525,511,118,50,43,1,-1,-1,-1
720,525,511,118,50,43,1,-1,-1,-1
721,525,512,119,50,42,1,-1,-1,-1
722,525,512,119,50,42,1,-1,-1,-1
723,525,512,119,50,42,1,-1,-1,-1
724,525,512,119,50,42,1,-1,-1,-1
725,525,512,119,50,42,1,-1,-1,-1
726,525,512,119,50,42,1,-1,-1,-1
727,525,512,119,50,42,1,-1,-1,-1
728,525,511,119,50,42,1,-1,-1,-1
729,525,511,119,50,43,1,-1,-1,-1
730,525,511,119,50,43,1,-1,-1,-1
731,525,511,119,50,43,1,-1,-1,-1
732,525,511,119,50,43,1,-1,-1,-1
733,525,511,118,50,44,1,-1,-1,-1
734,525,511,118,50,44,1,-1,-1,-1
735,525,511,118,50,44,1,-1,-1,-1
736,525,511,118,50,44,1,-1,-1,-1
737,525,511,118,50,44,1,-1,-1,-1
738,525,511,118,50,44,1,-1,-1,-1
739,525,511,118,50,44,1,-1,-1,-1
740,525,511,118,50,44,1,-1,-1,-1
741,525,511,118,50,44,1,-1,-1,-1
742,525,511,118,50,44,1,-1,-1,-1
743,525,511,118,50,44,1,-1,-1,-1
744,525,511,118,50,44,1,-1,-1,-1
745,525,511,117,50,45,1,-1,-1,-1
746,525,511,117,50,45,1,-1,-1,-1
747,525,511,117,50,45,1,-1,-1,-1
748,525,511,117,50,45,1,-1,-1,-1
749,525,511,117,50,45,1,-1,-1,-1
750,525,511,117,50,44,1,-1,-1,-1
751,525,511,117,50,44,1,-1,-1,-1
752,525,511,117,50,44,1,-1,-1,-1
753,525,512,117,49,44,1,-1,-1,-1
754,525,512,117,49,44,1,-1,-1,-1
755,525,512,117,49,44,1,-1,-1,-1
756,525,512,117,50,44,1,-1,-1,-1
757,525,512,118,50,44,1,-1,-1,-1
758,525,512,118,50,43,1,-1,-1,-1
759,525,512,118,50,43,1,-1,-1,-1
760,525,512,118,50,43,1,-1,-1,-1
761,525,512,117,50,45,1,-1,-1,-1
762,525,512,117,50,45,1,-1,-1,-1
763,525,512,116,50,45,1,-1,-1,-1
764,525,512,116,50,45,1,-1,-1,-1
765,525,512,116,50,45,1,-1,-1,-1
766,525,511,117,50,45,1,-1,-1,-1
767,525,511,117,50,45,1,-1,-1,-1
768,525,511,117,50,45,1,-1,-1,-1
769,525,511,116,50,45,1,-1,-1,-1
770,525,511,116,50,45,1,-1,-1,-1
771,525,511,116,50,45,1,-1,-1,-1
772,525,511,116,50,45,1,-1,-1,-1
773,525,511,116,50,45,1,-1,-1,-1
774,525,511,116,50,45,1,-1,-1,-1
775,525,511,116,50,45,1,-1,-1,-1
776,525,511,116,50,45,1,-1,-1,-1
777,525,511,116,50,46,1,-1,-1,-1
778,525,511,116,50,45,1,-1,-1,-1
779,525,511,116,50,45,1,-1,-1,-1
780,525,511,117,50,45,1,-1,-1,-1
781,525,511,117,50,45,1,-1,-1,-1
782,525,511,117,50,45,1,-1,-1,-1
783,525,511,117,50,45,1,-1,-1,-1
784,525,511,117,50,45,1,-1,-1,-1
785,525,511,117,50,45,1,-1,-1,-1
786,525,511,117,50,45,1,-1,-1,-1
787,525,511,117,50,45,1,-1,-1,-1
788,525,511,117,51,45,1,-1,-1,-1
789,525,511,117,51,45,1,-1,-1,-1
790,525,511,117,51,45,1,-1,-1,-1
791,525,511,117,51,45,1,-1,-1,-1
792,525,511,117,51,45,1,-1,-1,-1
793,525,511,117,50,45,1,-1,-1,-1
794,525,511,117,50,45,1,-1,-1,-1
795,525,511,117,50,45,1,-1,-1,-1
796,525,511,117,50,45,1,-1,-1,-1
797,525,511,117,50,45,1,-1,-1,-1
798,525,511,117,50,45,1,-1,-1,-1
799,525,511,117,50,45,1,-1,-1,-1
800,525,511,117,50,45,1,-1,-1,-1
801,525,511,117,50,44,1,-1,-1,-1
802,525,511,118,50,44,1,-1,-1,-1
803,525,511,118,50,44,1,-1,-1,-1
804,525,511,118,50,44,1,-1,-1,-1
805,525,511,117,50,45,1,-1,-1,-1
806,525,511,117,50,45,1,-1,-1,-1
807,525,511,117,50,45,1,-1,-1,-1
808,525,511,117,50,45,1,-1,-1,-1
809,525,511,117,50,44,1,-1,-1,-1
810,525,511,117,50,44,1,-1,-1,-1
811,525,511,117,50,44,1,-1,-1,-1
812,525,511,117,50,44,1,-1,-1,-1
813,525,511,117,50,44,1,-1,-1,-1
814,525,511,117,50,44,1,-1,-1,-1
815,525,511,117,50,44,1,-1,-1,-1
816,525,511,117,50,44,1,-1,-1,-1
817,525,511,117,50,45,1,-1,-1,-1
818,525,511,117,50,45,1,-1,-1,-1
819,525,511,117,50,45,1,-1,-1,-1
820,525,511,117,50,45,1,-1,-1,-1
821,525,511,117,50,45,1,-1,-1,-1
822,525,511,117,50,45,1,-1,-1,-1
823,525,511,117,50,45,1,-1,-1,-1
824,525,511,117,50,45,1,-1,-1,-1
825,525,511,117,51,44,1,-1,-1,-1
826,525,511,117,51,44,1,-1,-1,-1
827,525,511,117,51,44,1,-1,-1,-1
828,525,511,117,51,44,1,-1,-1,-1
829,525,511,117,50,45,1,-1,-1,-1
830,525,511,117,50,45,1,-1,-1,-1
831,525,511,117,50,45,1,-1,-1,-1
832,525,511,117,50,45,1,-1,-1,-1
833,525,511,117,50,45,1,-1,-1,-1
834,525,511,117,50,45,1,-1,-1,-1
835,525,511,117,50,45,1,-1,-1,-1
836,525,511,117,50,45,1,-1,-1,-1
837,525,511,117,50,45,1,-1,-1,-1
838,525,511,117,50,45,1,-1,-1,-1
839,525,511,117,50,45,1,-1,-1,-1
840,525,511,117,50,45,1,-1,-1,-1
841,525,512,117,50,44,1,-1,-1,-1
842,525,512,117,50,44,1,-1,-1,-1
843,525,512,117,50,44,1,-1,-1,-1
844,525,512,117,50,44,1,-1,-1,-1
845,525,512,117,50,44,1,-1,-1,-1
846,525,512,117,50,44,1,-1,-1,-1
847,525,512,117,50,44,1,-1,-1,-1
848,525,512,117,50,44,1,-1,-1,-1
849,525,511,117,50,44,1,-1,-1,-1
850,525,511,117,50,44,1,-1,-1,-1
851,525,511,117,50,44,1,-1,-1,-1
852,525,511,117,50,44,1,-1,-1,-1
853,525,511,117,50,44,1,-1,-1,-1
854,525,511,117,50,44,1,-1,-1,-1
855,525,511,117,50,44,1,-1,-1,-1
856,525,511,117,50,44,1,-1,-1,-1
857,525,511,117,50,44,1,-1,-1,-1
858,525,511,117,50,44,1,-1,-1,-1
859,525,511,117,50,44,1,-1,-1,-1
860,525,511,117,50,44,1,-1,-1,-1
861,525,511,117,50,44,1,-1,-1,-1
862,525,511,117,50,44,1,-1,-1,-1
863,525,511,117,51,44,1,-1,-1,-1
864,525,511,117,51,44,1,-1,-1,-1
865,525,511,117,50,44,1,-1,-1,-1
866,525,511,117,50,44,1,-1,-1,-1
867,525,511,117,50,44,1,-1,-1,-1
868,525,511,117,50,44,1,-1,-1,-1
869,525,511,117,50,44,1,-1,-1,-1
870,525,511,117,50,44,1,-1,-1,-1
871,525,511,117,50,45,1,-1,-1,-1
872,525,511,117,50,45,1,-1,-1,-1
873,525,512,117,50,44,1,-1,-1,-1
874,525,512,117,50,44,1,-1,-1,-1
875,525,512,117,50,44,1,-1,-1,-1
876,525,512,117,50,44,1,-1,-1,-1
877,525,512,117,50,44,1,-1,-1,-1
878,525,512,117,50,44,1,-1,-1,-1
879,525,512,117,50,44,1,-1,-1,-1
880,525,512,117,50,44,1,-1,-1,-1
881,525,512,117,50,44,1,-1,-1,-1
882,525,512,117,50,44,1,-1,-1,-1
883,525,512,117,50,44,1,-1,-1,-1
884,525,512,117,50,44,1,-1,-1,-1
885,525,512,117,50,44,1,-1,-1,-1
886,525,511,117,50,44,1,-1,-1,-1
887,525,511,117,50,44,1,-1,-1,-1
888,525,511,117,50,44,1,-1,-1,-1
889,525,511,117,50,45,1,-1,-1,-1
890,525,511,117,50,45,1,-1,-1,-1
891,525,511,117,50,45,1,-1,-1,-1
892,525,511,117,50,45,1,-1,-1,-1
893,525,511,117,50,45,1,-1,-1,-1
894,525,511,117,50,45,1,-1,-1,-1
895,525,511,117,50,45,1,-1,-1,-1
896,525,511,117,50,45,1,-1,-1,-1
897,525,511,117,50,45,1,-1,-1,-1
898,525,511,117,50,44,1,-1,-1,-1
899,525,511,117,50,44,1,-1,-1,-1
900,525,511,117,50,44,1,-1,-1,-1
901,525,511,117,50,44,1,-1,-1,-1
902,525,511,117,50,44,1,-1,-1,-1
903,525,511,117,50,44,1,-1,-1,-1
904,525,511,117,50,44,1,-1,-1,-1
905,525,511,117,51,44,1,-1,-1,-1
906,525,511,117,51,44,1,-1,-1,-1
907,525,511,117,51,44,1,-1,-1,-1
908,525,511,117,51,44,1,-1,-1,-1
909,525,511,117,51,44,1,-1,-1,-1
910,525,511,117,51,44,1,-1,-1,-1
911,525,511,117,51,44,1,-1,-1,-1
912,525,511,117,51,44,1,-1,-1,-1
913,525,511,117,50,45,1,-1,-1,-1
914,525,511,117,50,45,1,-1,-1,-1
915,525,511,117,50,45,1,-1,-1,-1
916,525,511,117,50,45,1,-1,-1,-1
917,525,511,117,50,45,1,-1,-1,-1
918,525,511,117,50,45,1,-1,-1,-1
919,525,511,117,50,45,1,-1,-1,-1
920,525,511,117,50,45,1,-1,-1,-1
921,525,511,118,50,44,1,-1,-1,-1
922,525,511,118,50,44,1,-1,-1,-1
923,525,511,118,50,44,1,-1,-1,-1
924,525,511,118,50,44,1,-1,-1,-1
925,525,511,118,50,44,1,-1,-1,-1
926,525,511,118,50,44,1,-1,-1,-1
927,525,511,118,50,44,1,-1,-1,-1
928,525,511,118,50,44,1,-1,-1,-1
929,525,511,117,50,44,1,-1,-1,-1
930,525,511,117,50,44,1,-1,-1,-1
931,525,511,117,50,44,1,-1,-1,-1
932,525,511,117,50,44,1,-1,-1,-1
933,525,511,117,50,44,1,-1,-1,-1
934,525,511,117,50,44,1,-1,-1,-1
935,525,511,117,50,44,1,-1,-1,-1
936,525,511,117,50,44,1,-1,-1,-1
937,525,511,117,51,44,1,-1,-1,-1
938,525,511,118,51,44,1,-1,-1,-1
939,525,511,118,50,44,1,-1,-1,-1
940,525,511,118,50,44,1,-1,-1,-1
941,525,511,118,50,44,1,-1,-1,-1
942,525,511,118,50,44,1,-1,-1,-1
943,525,511,118,50,44,1,-1,-1,-1
944,525,511,117,51,44,1,-1,-1,-1
945,525,511,117,51,44,1,-1,-1,-1
946,525,511,117,51,44,1,-1,-1,-1
947,525,511,117,51,44,1,-1,-1,-1
948,525,511,117,51,44,1,-1,-1,-1
949,525,511,117,50,44,1,-1,-1,-1
950,525,511,117,50,44,1,-1,-1,-1
951,525,511,117,50,44,1,-1,-1,-1
952,525,511,117,50,44,1,-1,-1,-1
953,525,511,117,51,45,1,-1,-1,-1
954,525,511,117,51,45,1,-1,-1,-1
955,525,511,117,51,45,1,-1,-1,-1
956,525,511,117,51,45,1,-1,-1,-1
957,525,511,117,51,45,1,-1,-1,-1
958,525,511,117,51,45,1,-1,-1,-1
959,525,511,117,51,45,1,-1,-1,-1
960,525,511,117,51,45,1,-1,-1,-1
961,525,511,117,51,45,1,-1,-1,-1
962,525,511,117,51,45,1,-1,-1,-1
963,525,511,117,51,45,1,-1,-1,-1
964,525,511,117,51,45,1,-1,-1,-1
965,525,511,117,51,45,1,-1,-1,-1
966,525,511,117,51,45,1,-1,-1,-1
967,525,511,117,51,45,1,-1,-1,-1
968,525,511,117,51,45,1,-1,-1,-1
969,525,511,117,51,45,1,-1,-1,-1
970,525,511,117,51,45,1,-1,-1,-1
971,525,511,117,51,45,1,-1,-1,-1
972,525,511,117,51,45,1,-1,-1,-1
973,525,511,117,50,45,1,-1,-1,-1
974,525,511,117,50,45,1,-1,-1,-1
975,525,511,117,50,45,1,-1,-1,-1
976,525,511,117,50,45,1,-1,-1,-1
977,525,511,117,51,45,1,-1,-1,-1
978,525,511,117,51,45,1,-1,-1,-1
979,525,511,117,51,45,1,-1,-1,-1
980,525,511,117,51,45,1,-1,-1,-1
981,525,511,117,51,45,1,-1,-1,-1
982,525,511,117,51,45,1,-1,-1,-1
983,525,511,117,51,45,1,-1,-1,-1
984,525,511,117,51,45,1,-1,-1,-1
985,525,511,117,51,45,1,-1,-1,-1
986,525,511,117,51,45,1,-1,-1,-1
987,525,511,117,51,45,1,-1,-1,-1
988,525,511,117,51,45,1,-1,-1,-1
989,525,511,117,51,45,1,-1,-1,-1
990,525,511,117,51,45,1,-1,-1,-1
991,525,511,117,51,44,1,-1,-1,-1
992,525,511,117,51,44,1,-1,-1,-1
993,525,511,117,50,45,1,-1,-1,-1
994,525,511,117,50,45,1,-1,-1,-1
995,525,511,117,50,45,1,-1,-1,-1
996,525,511,117,51,45,1,-1,-1,-1
997,525,511,117,51,45,1,-1,-1,-1
998,525,511,117,51,45,1,-1,-1,-1
999,525,511,117,51,45,1,-1,-1,-1
1000,525,511,117,51,45,1,-1,-1,-1
1001,525,511,117,50,45,1,-1,-1,-1
1002,525,511,117,51,45,1,-1,-1,-1
1003,525,511,117,51,45,1,-1,-1,-1
1004,525,511,117,51,45,1,-1,-1,-1
1005,525,511,117,51,45,1,-1,-1,-1
1006,525,511,117,51,45,1,-1,-1,-1
1007,525,511,117,51,45,1,-1,-1,-1
1008,525,511,117,51,45,1,-1,-1,-1
1009,525,510,116,51,46,1,-1,-1,-1
1010,525,510,116,51,46,1,-1,-1,-1
1011,525,510,116,51,46,1,-1,-1,-1
1012,525,510,116,51,46,1,-1,-1,-1
1013,525,510,116,51,46,1,-1,-1,-1
1014,525,510,116,51,46,1,-1,-1,-1
1015,525,510,116,51,46,1,-1,-1,-1
1016,525,510,116,51,46,1,-1,-1,-1
1017,525,511,117,50,45,1,-1,-1,-1
1018,525,511,117,50,45,1,-1,-1,-1
1019,525,511,117,50,45,1,-1,-1,-1
1020,525,511,117,50,45,1,-1,-1,-1
1021,525,511,117,50,45,1,-1,-1,-1
1022,525,511,117,50,45,1,-1,-1,-1
1023,525,511,117,50,45,1,-1,-1,-1
1024,525,511,117,50,45,1,-1,-1,-1
1025,525,511,116,51,45,1,-1,-1,-1
1026,525,511,116,51,45,1,-1,-1,-1
1027,525,511,116,51,45,1,-1,-1,-1
1028,525,511,116,51,45,1,-1,-1,-1
1029,525,511,116,51,45,1,-1,-1,-1
1030,525,511,116,51,45,1,-1,-1,-1
1031,525,511,116,51,45,1,-1,-1,-1
1032,525,511,116,51,45,1,-1,-1,-1
1033,525,511,117,50,44,1,-1,-1,-1
1034,525,511,117,50,44,1,-1,-1,-1
1035,525,511,117,50,44,1,-1,-1,-1
1036,525,511,117,50,44,1,-1,-1,-1
1037,525,511,117,50,44,1,-1,-1,-1
1038,525,511,117,50,44,1,-1,-1,-1
1039,525,511,117,50,44,1,-1,-1,-1
1040,525,511,117,50,44,1,-1,-1,-1
1041,525,511,117,50,45,1,-1,-1,-1
1042,525,511,117,50,45,1,-1,-1,-1
1043,525,511,117,50,45,1,-1,-1,-1
1044,525,511,117,50,45,1,-1,-1,-1
1045,525,511,117,51,45,1,-1,-1,-1
1046,525,511,117,50,45,1,-1,-1,-1
1047,525,511,117,50,45,1,-1,-1,-1
1048,525,511,117,50,45,1,-1,-1,-1
1049,525,511,117,50,44,1,-1,-1,-1
1050,525,511,118,50,44,1,-1,-1,-1
1051,525,511,118,50,44,1,-1,-1,-1
1052,525,511,118,50,44,1,-1,-1,-1
1053,525,511,118,50,44,1,-1,-1,-1
1054,525,511,118,50,44,1,-1,-1,-1
1055,525,511,118,50,44,1,-1,-1,-1
1056,525,511,118,50,44,1,-1,-1,-1
1057,525,511,117,50,45,1,-1,-1,-1
1058,525,511,117,50,45,1,-1,-1,-1
1059,525,511,117,50,45,1,-1,-1,-1
1060,525,511,117,50,45,1,-1,-1,-1
1061,525,511,117,50,45,1,-1,-1,-1
1062,525,511,117,50,45,1,-1,-1,-1
1063,525,511,117,50,45,1,-1,-1,-1
1064,525,511,117,50,45,1,-1,-1,-1
1065,525,511,117,50,45,1,-1,-1,-1
1066,525,511,117,50,45,1,-1,-1,-1
1067,525,511,117,50,45,1,-1,-1,-1
1068,525,511,117,50,44,1,-1,-1,-1
1069,525,511,117,51,44,1,-1,-1,-1
1070,525,511,117,51,44,1,-1,-1,-1
1071,525,511,117,51,44,1,-1,-1,-1
1072,525,511,117,51,44,1,-1,-1,-1
1073,525,511,117,50,44,1,-1,-1,-1
1074,525,511,117,50,44,1,-1,-1,-1
1075,525,511,117,50,44,1,-1,-1,-1
1076,525,511,117,50,44,1,-1,-1,-1
1077,525,511,117,50,44,1,-1,-1,-1
1078,525,511,117,50,44,1,-1,-1,-1
1079,525,511,117,50,44,1,-1,-1,-1
1080,525,511,117,50,44,1,-1,-1,-1
1081,525,511,117,50,44,1,-1,-1,-1
1082,525,511,117,50,44,1,-1,-1,-1
1083,525,511,117,50,44,1,-1,-1,-1
1084,525,511,117,50,44,1,-1,-1,-1
1085,525,511,117,50,44,1,-1,-1,-1
1086,525,511,117,50,44,1,-1,-1,-1
1087,525,511,117,50,44,1,-1,-1,-1
1088,525,511,117,50,44,1,-1,-1,-1
1089,525,511,117,50,44,1,-1,-1,-1
1090,525,511,117,50,45,1,-1,-1,-1
1091,525,511,117,50,45,1,-1,-1,-1
1092,525,511,117,50,45,1,-1,-1,-1
1093,525,511,117,50,45,1,-1,-1,-1
1094,525,511,117,50,45,1,-1,-1,-1
1095,525,511,117,50,44,1,-1,-1,-1
1096,525,511,117,50,44,1,-1,-1,-1
1097,525,511,118,50,44,1,-1,-1,-1
1098,525,511,118,50,44,1,-1,-1,-1
1099,525,511,118,50,44,1,-1,-1,-1
1100,525,511,117,50,44,1,-1,-1,-1
1101,525,511,117,50,44,1,-1,-1,-1
1102,525,511,117,50,44,1,-1,-1,-1
1103,525,511,117,50,44,1,-1,-1,-1
1104,525,511,117,50,44,1,-1,-1,-1
1105,525,511,117,50,44,1,-1,-1,-1
1106,525,511,117,50,44,1,-1,-1,-1
1107,525,511,118,50,44,1,-1,-1,-1
1108,525,511,117,50,44,1,-1,-1,-1
1109,525,511,117,50,44,1,-1,-1,-1
1110,525,511,117,50,44,1,-1,-1,-1
1111,525,511,117,50,44,1,-1,-1,-1
1112,525,511,117,50,44,1,-1,-1,-1
1113,525,511,117,51,45,1,-1,-1,-1
1114,525,511,117,51,45,1,-1,-1,-1
1115,525,511,117,51,45,1,-1,-1,-1
1116,525,511,117,51,45,1,-1,-1,-1
1117,525,511,117,50,44,1,-1,-1,-1
1118,525,511,118,50,44,1,-1,-1,-1
1119,525,511,117,50,44,1,-1,-1,-1
1120,525,511,118,50,44,1,-1,-1,-1
1121,525,512,117,50,44,1,-1,-1,-1
1122,525,512,117,50,44,1,-1,-1,-1
1123,525,512,117,50,44,1,-1,-1,-1
1124,525,512,117,50,44,1,-1,-1,-1
1125,525,512,118,50,44,1,-1,-1,-1
1126,525,512,118,50,44,1,-1,-1,-1
1127,525,512,117,50,44,1,-1,-1,-1
1128,525,512,117,50,44,1,-1,-1,-1
1129,525,511,117,50,45,1,-1,-1,-1
1130,525,511,117,50,45,1,-1,-1,-1
1131,525,511,117,50,45,1,-1,-1,-1
1132,525,511,117,50,44,1,-1,-1,-1
1133,525,511,117,50,44,1,-1,-1,-1
1134,525,511,117,50,45,1,-1,-1,-1
1135,525,511,117,50,44,1,-1,-1,-1
1136,525,511,117,50,44,1,-1,-1,-1
1137,525,511,117,50,44,1,-1,-1,-1
1138,525,512,117,50,44,1,-1,-1,-1
1139,525,511,117,50,44,1,-1,-1,-1
1140,525,511,117,50,44,1,-1,-1,-1
1141,525,511,117,50,45,1,-1,-1,-1
1142,525,511,117,50,45,1,-1,-1,-1
1143,525,511,117,50,45,1,-1,-1,-1
1144,525,511,117,50,45,1,-1,-1,-1
1145,525,511,118,50,44,1,-1,-1,-1
1146,525,511,118,50,44,1,-1,-1,-1
1147,525,511,118,50,44,1,-1,-1,-1
1148,525,511,118,50,44,1,-1,-1,-1
1149,525,511,118,50,44,1,-1,-1,-1
1150,525,511,118,50,44,1,-1,-1,-1
1151,525,511,118,50,44,1,-1,-1,-1
1152,525,511,118,50,44,1,-1,-1,-1
1153,525,511,118,50,44,1,-1,-1,-1
1154,525,511,118,50,44,1,-1,-1,-1
1155,525,511,118,50,44,1,-1,-1,-1
1156,525,511,118,50,43,1,-1,-1,-1
1157,525,511,118,50,43,1,-1,-1,-1
1158,525,511,118,50,44,1,-1,-1,-1
1159,525,511,118,50,44,1,-1,-1,-1
1160,525,511,118,50,44,1,-1,-1,-1
1161,525,511,118,50,44,1,-1,-1,-1
1162,525,511,118,50,44,1,-1,-1,-1
1163,525,511,118,50,44,1,-1,-1,-1
1164,525,511,118,50,44,1,-1,-1,-1
1165,525,511,118,50,44,1,-1,-1,-1
1166,525,511,118,50,44,1,-1,-1,-1
1167,525,511,118,50,44,1,-1,-1,-1
1168,525,511,118,50,44,1,-1,-1,-1
1169,525,511,118,50,44,1,-1,-1,-1
1170,525,511,118,50,44,1,-1,-1,-1
1171,525,511,118,50,44,1,-1,-1,-1
1172,525,511,118,50,43,1,-1,-1,-1
1173,525,511,118,50,43,1,-1,-1,-1
1174,525,511,118,50,43,1,-1,-1,-1
1175,525,511,118,50,43,1,-1,-1,-1
1176,525,511,118,50,43,1,-1,-1,-1
1177,525,511,118,50,44,1,-1,-1,-1
1178,525,511,118,50,44,1,-1,-1,-1
1179,525,511,118,50,44,1,-1,-1,-1
1180,525,511,118,50,44,1,-1,-1,-1
1181,525,511,118,50,44,1,-1,-1,-1
1182,525,511,118,50,44,1,-1,-1,-1
1183,525,511,118,50,44,1,-1,-1,-1
1184,525,511,118,50,44,1,-1,-1,-1
1185,525,511,117,50,44,1,-1,-1,-1
1186,525,511,117,50,44,1,-1,-1,-1
1187,525,511,117,50,44,1,-1,-1,-1
1188,525,511,117,50,44,1,-1,-1,-1
1189,525,511,117,50,44,1,-1,-1,-1
1190,525,511,117,50,44,1,-1,-1,-1
1191,525,511,117,50,44,1,-1,-1,-1
1192,525,511,117,50,44,1,-1,-1,-1
1193,525,511,118,50,44,1,-1,-1,-1
1194,525,511,118,50,44,1,-1,-1,-1
1195,525,511,118,50,44,1,-1,-1,-1
1196,525,511,118,50,44,1,-1,-1,-1
1197,525,511,118,50,44,1,-1,-1,-1
1198,525,511,118,50,44,1,-1,-1,-1
1199,525,511,118,50,44,1,-1,-1,-1
1200,525,511,118,50,44,1,-1,-1,-1
1201,525,511,117,50,44,1,-1,-1,-1
1202,525,511,117,50,44,1,-1,-1,-1
1203,525,511,117,50,44,1,-1,-1,-1
1204,525,511,117,50,44,1,-1,-1,-1
1205,525,511,117,50,44,1,-1,-1,-1
1206,525,511,117,50,44,1,-1,-1,-1
1207,525,511,117,50,44,1,-1,-1,-1
1208,525,511,117,50,44,1,-1,-1,-1
1209,525,511,117,50,44,1,-1,-1,-1
1210,525,511,117,50,44,1,-1,-1,-1
1211,525,511,117,50,44,1,-1,-1,-1
1212,525,511,117,50,44,1,-1,-1,-1
1213,525,511,117,50,45,1,-1,-1,-1
1214,525,511,117,50,45,1,-1,-1,-1
1215,525,511,117,50,45,1,-1,-1,-1
1216,525,511,117,50,45,1,-1,-1,-1
1217,525,511,117,50,45,1,-1,-1,-1
1218,525,511,117,50,45,1,-1,-1,-1
1219,525,511,117,50,45,1,-1,-1,-1
1220,525,511,117,50,45,1,-1,-1,-1
1221,525,511,117,50,45,1,-1,-1,-1
1222,525,511,117,50,45,1,-1,-1,-1
1223,525,511,117,50,45,1,-1,-1,-1
1224,525,511,117,50,45,1,-1,-1,-1
1225,525,511,117,50,44,1,-1,-1,-1
1226,525,511,117,50,44,1,-1,-1,-1
1227,525,511,117,50,44,1,-1,-1,-1
1228,525,511,117,50,44,1,-1,-1,-1
1229,525,511,117,50,44,1,-1,-1,-1
1230,525,511,117,50,44,1,-1,-1,-1
1231,525,511,117,50,44,1,-1,-1,-1
1232,525,511,117,50,44,1,-1,-1,-1
1233,525,511,117,51,44,1,-1,-1,-1
1234,525,511,117,51,44,1,-1,-1,-1
1235,525,511,117,51,45,1,-1,-1,-1
1236,525,511,117,51,44,1,-1,-1,-1
1237,525,511,117,50,45,1,-1,-1,-1
1238,525,511,117,50,45,1,-1,-1,-1
1239,525,511,117,50,45,1,-1,-1,-1
1240,525,511,117,50,45,1,-1,-1,-1
1241,525,512,117,50,44,1,-1,-1,-1
1242,525,512,117,50,44,1,-1,-1,-1
1243,525,512,117,50,44,1,-1,-1,-1
1244,525,512,117,50,44,1,-1,-1,-1
1245,525,512,117,50,45,1,-1,-1,-1
1246,525,512,117,50,45,1,-1,-1,-1
1247,525,511,117,50,45,1,-1,-1,-1
1248,525,511,117,50,44,1,-1,-1,-1
1249,525,511,117,50,44,1,-1,-1,-1
1250,525,511,117,50,44,1,-1,-1,-1
1251,525,511,117,50,45,1,-1,-1,-1
1252,525,511,117,50,45,1,-1,-1,-1
1253,525,511,117,50,45,1,-1,-1,-1
1254,525,511,117,50,45,1,-1,-1,-1
1255,525,511,117,50,45,1,-1,-1,-1
1256,525,511,117,50,45,1,-1,-1,-1
1257,525,512,117,50,44,1,-1,-1,-1
1258,525,512,117,50,44,1,-1,-1,-1
1259,525,512,117,50,44,1,-1,-1,-1
1260,525,511,117,50,44,1,-1,-1,-1
1261,525,511,117,50,44,1,-1,-1,-1
1262,525,511,117,50,44,1,-1,-1,-1
1263,525,511,117,50,44,1,-1,-1,-1
1264,525,511,117,50,44,1,-1,-1,-1
1265,525,511,117,50,44,1,-1,-1,-1
1266,525,511,117,50,44,1,-1,-1,-1
1267,525,511,117,50,44,1,-1,-1,-1
1268,525,511,117,50,44,1,-1,-1,-1
1269,525,511,117,50,44,1,-1,-1,-1
1270,525,511,117,50,44,1,-1,-1,-1
1271,525,511,117,50,44,1,-1,-1,-1
1272,525,511,117,50,44,1,-1,-1,-1
1273,525,511,117,50,44,1,-1,-1,-1
1274,525,511,117,50,44,1,-1,-1,-1
1275,525,511,117,50,44,1,-1,-1,-1
1276,525,511,117,50,44,1,-1,-1,-1
1277,525,511,117,50,44,1,-1,-1,-1
1278,525,511,117,50,44,1,-1,-1,-1
1279,525,511,117,50,44,1,-1,-1,-1
1280,525,511,117,50,44,1,-1,-1,-1
1281,525,511,118,50,43,1,-1,-1,-1
1282,525,511,118,50,43,1,-1,-1,-1
1283,525,511,118,50,43,1,-1,-1,-1
1284,525,511,118,50,43,1,-1,-1,-1
1285,525,511,119,50,43,1,-1,-1,-1
1286,525,511,119,50,43,1,-1,-1,-1
1287,525,511,118,50,43,1,-1,-1,-1
1288,525,511,118,50,43,1,-1,-1,-1
1289,525,511,118,50,44,1,-1,-1,-1
1290,525,511,118,50,44,1,-1,-1,-1
1291,525,511,118,50,44,1,-1,-1,-1
1292,525,511,118,50,44,1,-1,-1,-1
1293,525,511,118,50,44,1,-1,-1,-1
1294,525,511,118,50,44,1,-1,-1,-1
1295,525,511,118,50,44,1,-1,-1,-1
1296,525,511,118,50,44,1,-1,-1,-1
1297,525,511,118,50,43,1,-1,-1,-1
1298,525,511,118,50,43,1,-1,-1,-1
1299,525,511,118,50,43,1,-1,-1,-1
1300,525,511,118,50,43,1,-1,-1,-1
1301,525,511,118,50,43,1,-1,-1,-1
1302,525,511,118,50,43,1,-1,-1,-1
1303,525,511,119,50,43,1,-1,-1,-1
1304,525,511,119,50,43,1,-1,-1,-1
1305,525,511,117,50,44,1,-1,-1,-1
1306,525,511,117,50,44,1,-1,-1,-1
1307,525,511,117,50,44,1,-1,-1,-1
1308,525,511,117,50,44,1,-1,-1,-1
1309,525,511,117,50,44,1,-1,-1,-1
1310,525,511,117,50,44,1,-1,-1,-1
1311,525,511,117,50,44,1,-1,-1,-1
1312,525,511,117,50,44,1,-1,-1,-1
1313,525,511,117,50,45,1,-1,-1,-1
1314,525,511,117,50,45,1,-1,-1,-1
1315,525,511,117,50,45,1,-1,-1,-1
1316,525,511,117,50,45,1,-1,-1,-1
1317,525,511,117,50,44,1,-1,-1,-1
1318,525,511,117,50,45,1,-1,-1,-1
1319,525,511,117,50,45,1,-1,-1,-1
1320,525,511,117,50,44,1,-1,-1,-1
1321,525,511,118,50,44,1,-1,-1,-1
1322,525,511,118,50,44,1,-1,-1,-1
1323,525,511,118,50,44,1,-1,-1,-1
1324,525,511,118,50,44,1,-1,-1,-1
1325,525,511,118,50,44,1,-1,-1,-1
1326,525,511,118,50,44,1,-1,-1,-1
1327,525,511,118,50,44,1,-1,-1,-1
1328,525,511,118,50,44,1,-1,-1,-1
1329,525,511,118,50,44,1,-1,-1,-1
1330,525,511,118,50,44,1,-1,-1,-1
1331,525,511,118,50,44,1,-1,-1,-1
1332,525,511,118,50,44,1,-1,-1,-1
1333,525,511,118,50,44,1,-1,-1,-1
1334,525,511,118,50,44,1,-1,-1,-1
1335,525,511,118,50,44,1,-1,-1,-1
1336,525,511,118,50,44,1,-1,-1,-1
1337,525,511,118,50,44,1,-1,-1,-1
1338,525,511,118,50,44,1,-1,-1,-1
1339,525,511,118,50,44,1,-1,-1,-1
1340,525,511,118,50,44,1,-1,-1,-1
1341,525,511,118,50,44,1,-1,-1,-1
1342,525,511,118,50,44,1,-1,-1,-1
1343,525,511,118,50,44,1,-1,-1,-1
1344,525,511,118,50,44,1,-1,-1,-1
1345,525,511,118,50,44,1,-1,-1,-1
1346,525,511,118,50,44,1,-1,-1,-1
1347,525,511,118,50,44,1,-1,-1,-1
1348,525,511,118,50,44,1,-1,-1,-1
1349,525,511,118,50,44,1,-1,-1,-1
1350,525,511,118,50,44,1,-1,-1,-1
1351,525,511,118,50,44,1,-1,-1,-1
1352,525,511,118,50,44,1,-1,-1,-1
1353,525,511,118,50,43,1,-1,-1,-1
1354,525,511,118,50,43,1,-1,-1,-1
1355,525,511,118,50,43,1,-1,-1,-1
1356,525,511,118,50,43,1,-1,-1,-1
1357,525,512,118,50,44,1,-1,-1,-1
1358,525,512,118,50,44,1,-1,-1,-1
1359,525,512,118,50,44,1,-1,-1,-1
1360,525,512,118,50,43,1,-1,-1,-1
1361,525,512,117,50,44,1,-1,-1,-1
1362,525,512,117,50,44,1,-1,-1,-1
1363,525,512,117,50,44,1,-1,-1,-1
1364,525,512,118,50,44,1,-1,-1,-1
1365,525,512,117,50,44,1,-1,-1,-1
1366,525,512,117,50,44,1,-1,-1,-1
1367,525,512,118,50,44,1,-1,-1,-1
1368,525,512,118,50,44,1,-1,-1,-1
1369,525,511,118,50,44,1,-1,-1,-1
1370,525,511,118,50,44,1,-1,-1,-1
1371,525,511,118,50,44,1,-1,-1,-1
1372,525,511,118,50,44,1,-1,-1,-1
1373,525,511,118,50,44,1,-1,-1,-1
1374,525,511,118,50,44,1,-1,-1,-1
1375,525,511,118,50,44,1,-1,-1,-1
1376,525,511,118,50,44,1,-1,-1,-1
1377,525,511,118,50,43,1,-1,-1,-1
1378,525,511,118,50,43,1,-1,-1,-1
1379,525,511,118,50,43,1,-1,-1,-1
1380,525,511,118,50,43,1,-1,-1,-1
1381,525,511,118,50,43,1,-1,-1,-1
1382,525,511,118,50,43,1,-1,-1,-1
1383,525,511,118,50,43,1,-1,-1,-1
1384,525,511,118,50,43,1,-1,-1,-1
1385,525,511,118,50,44,1,-1,-1,-1
1386,525,511,118,50,44,1,-1,-1,-1
1387,525,511,118,50,44,1,-1,-1,-1
1388,525,511,118,50,44,1,-1,-1,-1
1389,525,511,118,50,44,1,-1,-1,-1
1390,525,511,118,50,44,1,-1,-1,-1
1391,525,511,118,50,44,1,-1,-1,-1
1392,525,511,118,50,44,1,-1,-1,-1
1393,525,511,118,50,44,1,-1,-1,-1
1394,525,511,118,50,44,1,-1,-1,-1
1395,525,511,118,50,44,1,-1,-1,-1
1396,525,511,118,50,44,1,-1,-1,-1
1397,525,511,118,50,44,1,-1,-1,-1
1398,525,511,118,50,44,1,-1,-1,-1
1399,525,511,118,50,44,1,-1,-1,-1
1400,525,511,118,50,44,1,-1,-1,-1
1401,525,511,118,50,44,1,-1,-1,-1
1402,525,511,118,50,44,1,-1,-1,-1
1403,525,511,118,50,44,1,-1,-1,-1
1404,525,511,118,50,44,1,-1,-1,-1
1405,525,512,118,49,44,1,-1,-1,-1
1406,525,512,118,49,44,1,-1,-1,-1
1407,525,512,118,49,44,1,-1,-1,-1
1408,525,512,118,49,44,1,-1,-1,-1
1409,525,512,118,49,44,1,-1,-1,-1
1410,525,512,118,49,44,1,-1,-1,-1
1411,525,512,118,49,44,1,-1,-1,-1
1412,525,512,118,49,44,1,-1,-1,-1
1413,525,512,118,49,44,1,-1,-1,-1
1414,525,512,118,49,44,1,-1,-1,-1
1415,525,512,118,49,44,1,-1,-1,-1
1416,525,512,118,49,44,1,-1,-1,-1
1417,525,511,118,50,44,1,-1,-1,-1
1418,525,511,118,50,44,1,-1,-1,-1
1419,525,511,118,50,44,1,-1,-1,-1
1420,525,511,118,50,44,1,-1,-1,-1
1421,525,511,118,50,43,1,-1,-1,-1
1422,525,511,118,50,44,1,-1,-1,-1
1423,525,511,118,50,43,1,-1,-1,-1
1424,525,511,118,50,43,1,-1,-1,-1
1425,525,511,118,50,44,1,-1,-1,-1
1426,525,511,118,50,44,1,-1,-1,-1
1427,525,511,118,50,44,1,-1,-1,-1
1428,525,511,118,50,44,1,-1,-1,-1
1429,525,511,119,50,43,1,-1,-1,-1
1430,525,511,119,49,43,1,-1,-1,-1
1431,525,511,119,49,43,1,-1,-1,-1
1432,525,511,119,49,43,1,-1,-1,-1
1433,525,512,119,49,43,1,-1,-1,-1
1434,525,512,119,49,43,1,-1,-1,-1
1435,525,512,119,49,43,1,-1,-1,-1
1436,525,512,119,49,43,1,-1,-1,-1
1437,525,511,119,50,43,1,-1,-1,-1
1438,525,511,119,50,43,1,-1,-1,-1
1439,525,511,119,50,43,1,-1,-1,-1
1440,525,511,119,50,43,1,-1,-1,-1
1441,525,512,118,49,43,1,-1,-1,-1
1442,525,512,118,49,43,1,-1,-1,-1
1443,525,512,118,49,43,1,-1,-1,-1
1444,525,512,118,49,43,1,-1,-1,-1
1445,525,512,118,49,43,1,-1,-1,-1
1446,525,512,118,49,43,1,-1,-1,-1
1447,525,512,118,49,43,1,-1,-1,-1
1448,525,512,118,49,43,1,-1,-1,-1
1449,525,511,118,50,44,1,-1,-1,-1
1450,525,511,118,50,44,1,-1,-1,-1
1451,525,511,118,50,44,1,-1,-1,-1
1452,525,511,118,50,43,1,-1,-1,-1
1453,525,512,118,49,43,1,-1,-1,-1
1454,525,512,118,49,43,1,-1,-1,-1
1455,525,512,118,49,43,1,-1,-1,-1
1456,525,512,118,49,43,1,-1,-1,-1
1457,525,512,118,49,44,1,-1,-1,-1
1458,525,512,118,49,44,1,-1,-1,-1
1459,525,512,118,49,44,1,-1,-1,-1
1460,525,512,118,49,44,1,-1,-1,-1
1461,525,512,118,49,44,1,-1,-1,-1
1462,525,512,118,49,44,1,-1,-1,-1
1463,525,512,118,49,44,1,-1,-1,-1
1464,525,512,118,49,44,1,-1,-1,-1
1465,525,512,117,49,44,1,-1,-1,-1
1466,525,512,117,49,44,1,-1,-1,-1
1467,525,512,117,49,44,1,-1,-1,-1
1468,525,512,117,49,44,1,-1,-1,-1
1469,525,512,117,49,44,1,-1,-1,-1
1470,525,512,117,49,44,1,-1,-1,-1
1471,525,512,117,49,44,1,-1,-1,-1
1472,525,512,117,49,44,1,-1,-1,-1
1473,525,512,117,50,44,1,-1,-1,-1
1474,525,512,117,50,44,1,-1,-1,-1
1475,525,512,117,50,44,1,-1,-1,-1
1476,525,512,117,50,44,1,-1,-1,-1
1477,525,512,117,49,44,1,-1,-1,-1
1478,525,512,117,49,44,1,-1,-1,-1
1479,525,512,117,49,44,1,-1,-1,-1
1480,525,512,117,49,44,1,-1,-1,-1
1481,525,512,118,49,44,1,-1,-1,-1
1482,525,512,118,49,43,1,-1,-1,-1
1483,525,512,118,49,43,1,-1,-1,-1
1484,525,512,118,49,44,1,-1,-1,-1
1485,525,512,118,49,44,1,-1,-1,-1
1486,525,512,118,50,44,1,-1,-1,-1
1487,525,512,118,50,44,1,-1,-1,-1
1488,525,512,118,50,44,1,-1,-1,-1
1489,525,511,117,50,44,1,-1,-1,-1
1490,525,511,117,50,44,1,-1,-1,-1
1491,525,512,117,50,44,1,-1,-1,-1
1492,525,512,117,50,44,1,-1,-1,-1
1493,525,512,117,50,44,1,-1,-1,-1
1494,525,512,118,50,43,1,-1,-1,-1
1495,525,512,118,50,43,1,-1,-1,-1
1496,525,512,117,50,43,1,-1,-1,-1
1497,525,512,118,50,44,1,-1,-1,-1
1498,525,512,118,50,44,1,-1,-1,-1
1499,525,512,118,50,44,1,-1,-1,-1
1500,525,512,118,50,44,1,-1,-1,-1
1501,525,512,118,50,44,1,-1,-1,-1
1502,525,512,118,50,44,1,-1,-1,-1
1503,525,512,118,50,44,1,-1,-1,-1
1504,525,512,118,50,44,1,-1,-1,-1
1505,525,512,117,50,44,1,-1,-1,-1
1506,525,512,117,50,44,1,-1,-1,-1
1507,525,512,117,50,44,1,-1,-1,-1
1508,525,512,117,50,44,1,-1,-1,-1
1509,525,512,117,50,44,1,-1,-1,-1
1510,525,512,117,50,44,1,-1,-1,-1
1511,525,512,117,50,44,1,-1,-1,-1
1512,525,512,117,50,44,1,-1,-1,-1
1513,525,512,117,50,44,1,-1,-1,-1
1514,525,512,117,50,44,1,-1,-1,-1
1515,525,512,117,50,44,1,-1,-1,-1
1516,525,512,117,50,44,1,-1,-1,-1
1517,525,512,117,50,44,1,-1,-1,-1
1518,525,512,117,50,44,1,-1,-1,-1
1519,525,512,117,50,44,1,-1,-1,-1
1520,525,512,117,50,44,1,-1,-1,-1
1521,525,511,117,50,44,1,-1,-1,-1
1522,525,511,117,50,44,1,-1,-1,-1
1523,525,511,117,50,44,1,-1,-1,-1
1524,525,511,117,50,44,1,-1,-1,-1
1525,525,512,117,50,44,1,-1,-1,-1
1526,525,512,117,50,44,1,-1,-1,-1
1527,525,512,118,50,44,1,-1,-1,-1
1528,525,512,118,50,44,1,-1,-1,-1
1529,525,511,118,50,44,1,-1,-1,-1
1530,525,511,118,50,44,1,-1,-1,-1
1531,525,511,118,50,44,1,-1,-1,-1
1532,525,511,118,50,44,1,-1,-1,-1
1533,525,511,118,51,44,1,-1,-1,-1
1534,525,511,118,51,44,1,-1,-1,-1
1535,525,511,118,51,44,1,-1,-1,-1
1536,525,511,118,51,44,1,-1,-1,-1
1537,525,511,118,51,44,1,-1,-1,-1
1538,525,511,118,51,44,1,-1,-1,-1
1539,525,511,118,51,44,1,-1,-1,-1
1540,525,511,118,51,44,1,-1,-1,-1
1541,525,511,118,51,44,1,-1,-1,-1
1542,525,511,118,50,44,1,-1,-1,-1
1543,525,511,117,50,44,1,-1,-1,-1
1544,525,511,117,50,44,1,-1,-1,-1
1545,525,512,118,50,44,1,-1,-1,-1
1546,525,512,118,50,44,1,-1,-1,-1
1547,525,512,118,50,44,1,-1,-1,-1
1548,525,512,118,50,44,1,-1,-1,-1
1549,525,512,118,50,44,1,-1,-1,-1
1550,525,512,117,50,44,1,-1,-1,-1
1551,525,512,117,50,44,1,-1,-1,-1
1552,525,512,117,50,45,1,-1,-1,-1
1553,525,511,117,50,45,1,-1,-1,-1
1554,525,511,117,50,45,1,-1,-1,-1
1555,525,511,117,50,45,1,-1,-1,-1
1556,525,511,117,50,45,1,-1,-1,-1
1557,525,511,117,50,45,1,-1,-1,-1
1558,525,511,117,50,45,1,-1,-1,-1
1559,525,511,117,50,45,1,-1,-1,-1
1560,525,511,117,51,45,1,-1,-1,-1
1561,525,511,118,50,44,1,-1,-1,-1
1562,525,511,118,50,44,1,-1,-1,-1
1563,525,511,118,50,44,1,-1,-1,-1
1564,525,511,118,50,44,1,-1,-1,-1
1565,525,511,118,50,44,1,-1,-1,-1
1566,525,511,118,50,44,1,-1,-1,-1
1567,525,511,118,50,44,1,-1,-1,-1
1568,525,511,118,50,44,1,-1,-1,-1
1569,525,511,117,50,44,1,-1,-1,-1
1570,525,511,117,50,44,1,-1,-1,-1
1571,525,511,117,50,44,1,-1,-1,-1
1572,525,511,117,50,44,1,-1,-1,-1
1573,525,511,118,50,44,1,-1,-1,-1
1574,525,511,118,50,44,1,-1,-1,-1
1575,525,511,118,50,44,1,-1,-1,-1
1576,525,511,118,50,44,1,-1,-1,-1
1577,525,511,117,50,44,1,-1,-1,-1
1578,525,511,117,50,44,1,-1,-1,-1
1579,525,511,118,50,44,1,-1,-1,-1
1580,525,511,117,50,44,1,-1,-1,-1
1581,525,511,117,50,44,1,-1,-1,-1
1582,525,511,118,50,44,1,-1,-1,-1
1583,525,511,117,50,44,1,-1,-1,-1
1584,525,511,118,50,44,1,-1,-1,-1
1585,525,511,117,51,45,1,-1,-1,-1
1586,525,511,117,51,45,1,-1,-1,-1
1587,525,510,117,51,45,1,-1,-1,-1
1588,525,510,117,51,45,1,-1,-1,-1
1589,525,511,117,51,45,1,-1,-1,-1
1590,525,510,117,51,45,1,-1,-1,-1
1591,525,510,117,51,44,1,-1,-1,-1
1592,525,510,117,51,44,1,-1,-1,-1
1593,525,511,118,50,43,1,-1,-1,-1
1594,525,511,118,50,43,1,-1,-1,-1
1595,525,511,118,50,43,1,-1,-1,-1
1596,525,512,118,50,43,1,-1,-1,-1
1597,525,512,118,50,43,1,-1,-1,-1
1598,525,512,118,50,44,1,-1,-1,-1
1599,525,512,118,50,43,1,-1,-1,-1
1600,525,512,118,50,43,1,-1,-1,-1
1601,525,512,118,50,44,1,-1,-1,-1
1602,525,512,118,50,44,1,-1,-1,-1
1603,525,512,118,50,44,1,-1,-1,-1
1604,525,511,118,50,44,1,-1,-1,-1
1605,525,512,118,50,44,1,-1,-1,-1
1606,525,512,118,49,43,1,-1,-1,-1
1607,525,512,118,49,43,1,-1,-1,-1
1608,525,512,118,49,43,1,-1,-1,-1
1609,525,512,118,49,43,1,-1,-1,-1
1610,525,512,118,49,43,1,-1,-1,-1
1611,525,512,118,49,43,1,-1,-1,-1
1612,525,512,118,49,43,1,-1,-1,-1
1613,525,512,118,49,43,1,-1,-1,-1
1614,525,512,118,49,43,1,-1,-1,-1
1615,525,512,118,49,43,1,-1,-1,-1
1616,525,512,118,49,43,1,-1,-1,-1
1617,525,512,118,49,43,1,-1,-1,-1
1618,525,512,118,49,43,1,-1,-1,-1
1619,525,512,118,49,43,1,-1,-1,-1
1620,525,512,118,50,43,1,-1,-1,-1
1621,525,512,118,50,44,1,-1,-1,-1
1622,525,512,118,50,44,1,-1,-1,-1
1623,525,512,118,50,44,1,-1,-1,-1
1624,525,512,118,50,44,1,-1,-1,-1
1625,525,512,118,50,43,1,-1,-1,-1
1626,525,511,118,50,43,1,-1,-1,-1
1627,525,511,118,51,43,1,-1,-1,-1
1628,525,510,118,51,44,1,-1,-1,-1
1629,525,511,117,51,44,1,-1,-1,-1
1630,525,511,117,51,44,1,-1,-1,-1
1631,525,511,117,51,44,1,-1,-1,-1
1632,525,511,117,51,44,1,-1,-1,-1
1633,525,511,119,50,43,1,-1,-1,-1
1634,525,511,119,50,43,1,-1,-1,-1
1635,525,511,119,50,43,1,-1,-1,-1
1636,525,511,118,50,44,1,-1,-1,-1
1637,525,511,118,50,43,1,-1,-1,-1
1638,525,512,118,50,43,1,-1,-1,-1
1639,525,511,118,50,43,1,-1,-1,-1
1640,525,511,118,50,43,1,-1,-1,-1
1641,525,511,118,50,43,1,-1,-1,-1
1642,525,511,118,50,43,1,-1,-1,-1
1643,525,511,118,50,43,1,-1,-1,-1
1644,525,511,118,50,43,1,-1,-1,-1
1645,525,511,118,50,44,1,-1,-1,-1
1646,525,511,118,50,44,1,-1,-1,-1
1647,525,511,118,50,44,1,-1,-1,-1
1648,525,511,118,50,44,1,-1,-1,-1
1649,525,511,118,51,43,1,-1,-1,-1
1650,525,511,118,51,43,1,-1,-1,-1
1651,525,511,118,51,43,1,-1,-1,-1
1652,525,511,118,51,43,1,-1,-1,-1
1653,525,511,118,51,43,1,-1,-1,-1
1654,525,511,118,51,43,1,-1,-1,-1
1655,525,511,118,51,43,1,-1,-1,-1
1656,525,511,118,51,43,1,-1,-1,-1
1657,525,511,118,51,44,1,-1,-1,-1
1658,525,511,118,51,44,1,-1,-1,-1
1659,525,511,118,51,44,1,-1,-1,-1
1660,525,511,118,51,44,1,-1,-1,-1
1661,525,511,118,51,44,1,-1,-1,-1
1662,525,511,118,51,44,1,-1,-1,-1
1663,525,511,118,51,44,1,-1,-1,-1
1664,525,511,118,51,44,1,-1,-1,-1
1665,525,511,118,51,43,1,-1,-1,-1
1666,525,511,118,51,43,1,-1,-1,-1
1667,525,511,118,51,43,1,-1,-1,-1
1668,525,511,118,50,43,1,-1,-1,-1
1669,525,511,118,50,43,1,-1,-1,-1
1670,525,511,118,50,43,1,-1,-1,-1
1671,525,511,118,50,43,1,-1,-1,-1
1672,525,511,118,51,43,1,-1,-1,-1
1673,525,510,118,51,44,1,-1,-1,-1
1674,525,510,118,51,44,1,-1,-1,-1
1675,525,510,118,51,44,1,-1,-1,-1
1676,525,511,118,51,44,1,-1,-1,-1
1677,525,510,118,51,44,1,-1,-1,-1
1678,525,511,118,51,44,1,-1,-1,-1
1679,525,511,118,51,44,1,-1,-1,-1
1680,525,511,118,51,44,1,-1,-1,-1
1681,525,511,117,51,44,1,-1,-1,-1
1682,525,511,117,51,44,1,-1,-1,-1
1683,525,511,117,51,44,1,-1,-1,-1
1684,525,511,117,51,44,1,-1,-1,-1
1685,525,511,117,51,44,1,-1,-1,-1
1686,525,511,117,51,44,1,-1,-1,-1
1687,525,511,117,51,44,1,-1,-1,-1
1688,525,511,117,51,44,1,-1,-1,-1
1689,525,511,117,51,44,1,-1,-1,-1
1690,525,511,117,51,44,1,-1,-1,-1
1691,525,511,117,51,44,1,-1,-1,-1
1692,525,511,117,51,44,1,-1,-1,-1
1693,525,511,118,51,44,1,-1,-1,-1
1694,525,511,118,51,44,1,-1,-1,-1
1695,525,511,118,51,44,1,-1,-1,-1
1696,525,511,118,51,44,1,-1,-1,-1
1697,525,512,117,50,44,1,-1,-1,-1
1698,525,512,117,50,44,1,-1,-1,-1
1699,525,512,117,50,44,1,-1,-1,-1
1700,525,512,117,50,44,1,-1,-1,-1
1701,525,512,117,50,44,1,-1,-1,-1
1702,525,512,117,50,44,1,-1,-1,-1
1703,525,512,117,50,44,1,-1,-1,-1
1704,525,512,117,50,44,1,-1,-1,-1
1705,525,511,118,50,43,1,-1,-1,-1
1706,525,511,118,50,43,1,-1,-1,-1
1707,525,511,118,50,43,1,-1,-1,-1
1708,525,511,118,50,43,1,-1,-1,-1
1709,525,511,118,50,43,1,-1,-1,-1
1710,525,511,118,50,43,1,-1,-1,-1
1711,525,511,118,50,43,1,-1,-1,-1
1712,525,511,118,50,43,1,-1,-1,-1
1713,525,511,118,50,44,1,-1,-1,-1
1714,525,511,118,50,44,1,-1,-1,-1
1715,525,512,118,50,44,1,-1,-1,-1
1716,525,511,118,50,44,1,-1,-1,-1
1717,525,512,118,50,44,1,-1,-1,-1
1718,525,512,118,50,44,1,-1,-1,-1
1719,525,512,118,50,44,1,-1,-1,-1
1720,525,512,118,50,44,1,-1,-1,-1
1721,525,511,118,51,44,1,-1,-1,-1
1722,525,511,118,51,44,1,-1,-1,-1
1723,525,511,118,51,44,1,-1,-1,-1
1724,525,511,118,51,44,1,-1,-1,-1
1725,525,511,118,51,44,1,-1,-1,-1
1726,525,511,118,51,44,1,-1,-1,-1
1727,525,511,118,51,44,1,-1,-1,-1
1728,525,511,118,51,44,1,-1,-1,-1
1729,525,511,117,51,44,1,-1,-1,-1
1730,525,511,117,51,44,1,-1,-1,-1
1731,525,511,117,51,44,1,-1,-1,-1
1732,525,511,118,51,44,1,-1,-1,-1
1733,525,511,118,51,44,1,-1,-1,-1
1734,525,511,118,51,43,1,-1,-1,-1
1735,525,511,118,51,44,1,-1,-1,-1
1736,525,511,118,51,44,1,-1,-1,-1
1737,525,512,118,50,44,1,-1,-1,-1
1738,525,512,118,50,44,1,-1,-1,-1
1739,525,512,118,50,44,1,-1,-1,-1
1740,525,512,118,50,44,1,-1,-1,-1
1741,525,512,118,50,43,1,-1,-1,-1
1742,525,512,118,50,43,1,-1,-1,-1
1743,525,512,118,50,43,1,-1,-1,-1
1744,525,512,118,50,43,1,-1,-1,-1
1745,525,511,118,50,44,1,-1,-1,-1
1746,525,511,118,50,44,1,-1,-1,-1
1747,525,511,118,50,44,1,-1,-1,-1
1748,525,511,118,50,44,1,-1,-1,-1
1749,525,511,118,50,44,1,-1,-1,-1
1750,525,511,118,50,44,1,-1,-1,-1
1751,525,511,118,51,44,1,-1,-1,-1
1752,525,511,118,51,44,1,-1,-1,-1
1753,525,511,118,51,44,1,-1,-1,-1
1754,525,511,118,51,44,1,-1,-1,-1
1755,525,511,118,51,44,1,-1,-1,-1
1756,525,511,118,51,44,1,-1,-1,-1
1757,525,511,118,51,44,1,-1,-1,-1
1758,525,511,118,50,44,1,-1,-1,-1
1759,525,511,118,50,44,1,-1,-1,-1
1760,525,511,118,50,44,1,-1,-1,-1
1761,525,511,117,50,44,1,-1,-1,-1
1762,525,511,117,50,44,1,-1,-1,-1
1763,525,511,117,50,44,1,-1,-1,-1
1764,525,512,117,50,44,1,-1,-1,-1
1765,525,511,118,51,44,1,-1,-1,-1
1766,525,511,118,51,44,1,-1,-1,-1
1767,525,511,118,50,44,1,-1,-1,-1
1768,525,511,119,50,43,1,-1,-1,-1
1769,525,511,117,51,44,1,-1,-1,-1
1770,525,511,117,51,44,1,-1,-1,-1
1771,525,511,117,51,44,1,-1,-1,-1
1772,525,511,117,51,44,1,-1,-1,-1
1773,525,511,117,51,44,1,-1,-1,-1
1774,525,511,117,50,44,1,-1,-1,-1
1775,525,511,117,50,44,1,-1,-1,-1
1776,525,511,117,51,44,1,-1,-1,-1
1777,525,511,117,50,44,1,-1,-1,-1
1778,525,511,117,50,44,1,-1,-1,-1
1779,525,511,117,50,44,1,-1,-1,-1
1780,525,511,117,50,44,1,-1,-1,-1
1781,525,511,117,50,44,1,-1,-1,-1
1782,525,511,117,50,44,1,-1,-1,-1
1783,525,511,117,50,44,1,-1,-1,-1
1784,525,511,117,50,44,1,-1,-1,-1
1785,525,511,117,50,44,1,-1,-1,-1
1786,525,511,117,50,44,1,-1,-1,-1
1787,525,511,117,50,44,1,-1,-1,-1
1788,525,511,117,50,44,1,-1,-1,-1
1789,525,512,117,50,45,1,-1,-1,-1
1790,525,512,117,50,45,1,-1,-1,-1
1791,525,512,117,50,45,1,-1,-1,-1
1792,525,512,117,50,45,1,-1,-1,-1
1793,525,511,118,50,44,1,-1,-1,-1
1794,525,511,118,50,44,1,-1,-1,-1
1795,525,511,118,50,44,1,-1,-1,-1
1796,525,511,118,50,44,1,-1,-1,-1
1797,525,511,118,50,44,1,-1,-1,-1
1798,525,511,118,50,44,1,-1,-1,-1
1799,525,511,118,50,44,1,-1,-1,-1
1800,525,511,118,50,44,1,-1,-1,-1
1801,525,511,117,51,44,1,-1,-1,-1
1802,525,511,117,51,44,1,-1,-1,-1
1803,525,511,117,51,44,1,-1,-1,-1
1804,525,511,117,51,44,1,-1,-1,-1
1805,525,511,117,50,44,1,-1,-1,-1
1806,525,511,117,51,44,1,-1,-1,-1
1807,525,511,117,51,44,1,-1,-1,-1
1808,525,511,117,51,44,1,-1,-1,-1
1809,525,512,117,50,44,1,-1,-1,-1
1810,525,512,117,50,44,1,-1,-1,-1
1811,525,512,117,49,44,1,-1,-1,-1
1812,525,512,117,50,44,1,-1,-1,-1
1813,525,512,117,49,44,1,-1,-1,-1
1814,525,512,118,50,43,1,-1,-1,-1
1815,525,512,118,50,43,1,-1,-1,-1
1816,525,512,118,50,43,1,-1,-1,-1
1817,525,512,118,49,44,1,-1,-1,-1
1818,525,512,118,49,44,1,-1,-1,-1
1819,525,512,118,49,44,1,-1,-1,-1
1820,525,512,118,49,43,1,-1,-1,-1
1821,525,512,118,49,44,1,-1,-1,-1
1822,525,512,117,49,44,1,-1,-1,-1
1823,525,512,117,49,44,1,-1,-1,-1
1824,525,512,117,49,44,1,-1,-1,-1
1825,525,511,118,50,44,1,-1,-1,-1
1826,525,511,118,50,44,1,-1,-1,-1
1827,525,511,118,50,43,1,-1,-1,-1
1828,525,511,118,50,43,1,-1,-1,-1
1829,525,511,118,50,44,1,-1,-1,-1
1830,525,511,118,50,44,1,-1,-1,-1
1831,525,511,118,50,43,1,-1,-1,-1
1832,525,511,118,50,43,1,-1,-1,-1
1833,525,512,118,50,44,1,-1,-1,-1
1834,525,512,118,50,43,1,-1,-1,-1
1835,525,511,118,50,44,1,-1,-1,-1
1836,525,511,118,50,44,1,-1,-1,-1
1837,525,511,118,50,44,1,-1,-1,-1
1838,525,511,118,50,44,1,-1,-1,-1
1839,525,511,118,50,44,1,-1,-1,-1
1840,525,511,118,50,44,1,-1,-1,-1
1841,525,512,118,50,43,1,-1,-1,-1
1842,525,512,118,50,43,1,-1,-1,-1
1843,525,512,118,50,43,1,-1,-1,-1
1844,525,512,118,50,43,1,-1,-1,-1
1845,525,512,118,50,43,1,-1,-1,-1
1846,525,512,118,50,43,1,-1,-1,-1
1847,525,512,118,50,43,1,-1,-1,-1
1848,525,512,118,50,44,1,-1,-1,-1
1849,525,512,117,50,44,1,-1,-1,-1
1850,525,512,117,50,44,1,-1,-1,-1
1851,525,512,117,50,44,1,-1,-1,-1
1852,525,512,117,50,44,1,-1,-1,-1
1853,525,512,117,50,44,1,-1,-1,-1
1854,525,512,117,50,44,1,-1,-1,-1
1855,525,512,117,50,44,1,-1,-1,-1
1856,525,512,117,50,44,1,-1,-1,-1
1857,525,511,118,50,44,1,-1,-1,-1
1858,525,511,118,50,44,1,-1,-1,-1
1859,525,511,118,50,44,1,-1,-1,-1
1860,525,511,118,50,44,1,-1,-1,-1
1861,525,511,118,50,44,1,-1,-1,-1
1862,525,511,118,50,44,1,-1,-1,-1
1863,525,512,118,50,44,1,-1,-1,-1
1864,525,512,118,50,44,1,-1,-1,-1
1865,525,512,118,50,44,1,-1,-1,-1
1866,525,512,118,50,44,1,-1,-1,-1
1867,525,512,118,50,44,1,-1,-1,-1
1868,525,512,119,50,43,1,-1,-1,-1
1869,525,512,119,50,43,1,-1,-1,-1
1870,525,512,119,50,43,1,-1,-1,-1
1871,525,512,119,50,43,1,-1,-1,-1
1872,525,512,119,50,43,1,-1,-1,-1
1873,525,512,118,49,43,1,-1,-1,-1
1874,525,512,118,49,43,1,-1,-1,-1
1875,525,512,118,49,44,1,-1,-1,-1
1876,525,512,118,49,43,1,-1,-1,-1
1877,525,512,118,49,44,1,-1,-1,-1
1878,525,512,118,49,43,1,-1,-1,-1
1879,525,512,118,49,43,1,-1,-1,-1
1880,525,512,118,49,43,1,-1,-1,-1
1881,525,512,118,49,44,1,-1,-1,-1
1882,525,512,118,49,43,1,-1,-1,-1
1883,525,512,118,49,43,1,-1,-1,-1
1884,525,512,118,49,43,1,-1,-1,-1
1885,525,512,118,50,44,1,-1,-1,-1
1886,525,512,118,50,44,1,-1,-1,-1
1887,525,512,118,50,44,1,-1,-1,-1
1888,525,512,118,50,44,1,-1,-1,-1
1889,525,511,118,50,44,1,-1,-1,-1
1890,525,511,118,50,44,1,-1,-1,-1
1891,525,511,118,50,43,1,-1,-1,-1
1892,525,511,118,50,43,1,-1,-1,-1
1893,525,511,118,50,43,1,-1,-1,-1
1894,525,511,118,50,44,1,-1,-1,-1
1895,525,511,118,50,44,1,-1,-1,-1
1896,525,511,118,50,44,1,-1,-1,-1
1897,525,511,118,50,43,1,-1,-1,-1
1898,525,511,118,50,43,1,-1,-1,-1
1899,525,511,118,50,43,1,-1,-1,-1
1900,525,512,118,50,43,1,-1,-1,-1
1901,525,512,118,50,43,1,-1,-1,-1
1902,525,512,118,50,44,1,-1,-1,-1
1903,525,512,118,50,44,1,-1,-1,-1
1904,525,512,118,50,44,1,-1,-1,-1
1905,525,512,117,50,44,1,-1,-1,-1
1906,525,512,117,50,44,1,-1,-1,-1
1907,525,512,117,50,44,1,-1,-1,-1
1908,525,512,117,50,44,1,-1,-1,-1
1909,525,512,117,50,44,1,-1,-1,-1
1910,525,512,117,50,44,1,-1,-1,-1
1911,525,512,117,50,44,1,-1,-1,-1
1912,525,512,117,50,44,1,-1,-1,-1
1913,525,511,117,50,45,1,-1,-1,-1
1914,525,511,117,50,45,1,-1,-1,-1
1915,525,511,117,50,45,1,-1,-1,-1
1916,525,511,117,50,45,1,-1,-1,-1
1917,525,511,118,50,44,1,-1,-1,-1
1918,525,511,118,50,44,1,-1,-1,-1
1919,525,511,118,50,44,1,-1,-1,-1
1920,525,511,118,50,44,1,-1,-1,-1
1921,525,512,118,50,44,1,-1,-1,-1
1922,525,512,118,50,44,1,-1,-1,-1
1923,525,512,118,50,44,1,-1,-1,-1
1924,525,512,118,50,44,1,-1,-1,-1
1925,525,512,118,50,44,1,-1,-1,-1
1926,525,512,118,50,44,1,-1,-1,-1
1927,525,512,118,50,44,1,-1,-1,-1
1928,525,511,118,50,44,1,-1,-1,-1
1,526,707,271,72,39,1,-1,-1,-1
2,526,705,270,74,39,1,-1,-1,-1
3,526,706,270,74,39,1,-1,-1,-1
4,526,705,270,74,39,1,-1,-1,-1
5,526,705,270,74,39,1,-1,-1,-1
6,526,705,270,74,39,1,-1,-1,-1
7,526,705,270,74,39,1,-1,-1,-1
8,526,705,270,74,39,1,-1,-1,-1
9,526,707,270,72,40,1,-1,-1,-1
10,526,707,270,72,40,1,-1,-1,-1
11,526,707,270,72,40,1,-1,-1,-1
12,526,708,270,72,40,1,-1,-1,-1
13,526,710,270,70,40,1,-1,-1,-1
14,526,710,270,70,40,1,-1,-1,-1
15,526,710,270,70,40,1,-1,-1,-1
16,526,710,270,70,40,1,-1,-1,-1
17,526,708,270,71,39,1,-1,-1,-1
18,526,708,270,71,39,1,-1,-1,-1
19,526,709,270,71,39,1,-1,-1,-1
20,526,708,270,71,39,1,-1,-1,-1
21,526,708,270,71,39,1,-1,-1,-1
22,526,709,270,71,39,1,-1,-1,-1
23,526,709,270,71,39,1,-1,-1,-1
24,526,709,270,71,39,1,-1,-1,-1
25,526,707,271,73,40,1,-1,-1,-1
26,526,707,271,73,40,1,-1,-1,-1
27,526,707,271,73,40,1,-1,-1,-1
28,526,707,271,73,40,1,-1,-1,-1
29,526,707,271,73,40,1,-1,-1,-1
30,526,707,271,73,40,1,-1,-1,-1
31,526,707,271,73,40,1,-1,-1,-1
32,526,707,271,73,40,1,-1,-1,-1
33,526,707,271,73,39,1,-1,-1,-1
34,526,707,271,73,39,1,-1,-1,-1
35,526,707,271,73,39,1,-1,-1,-1
36,526,707,271,73,39,1,-1,-1,-1
37,526,707,271,73,39,1,-1,-1,-1
38,526,707,271,73,39,1,-1,-1,-1
39,526,707,271,73,39,1,-1,-1,-1
40,526,707,271,73,39,1,-1,-1,-1
41,526,710,270,69,39,1,-1,-1,-1
42,526,710,270,69,39,1,-1,-1,-1
43,526,710,270,69,39,1,-1,-1,-1
44,526,710,270,69,39,1,-1,-1,-1
45,526,710,270,69,39,1,-1,-1,-1
46,526,710,270,69,39,1,-1,-1,-1
47,526,710,270,69,39,1,-1,-1,-1
48,526,710,270,69,39,1,-1,-1,-1
49,526,710,270,69,39,1,-1,-1,-1
50,526,710,270,69,39,1,-1,-1,-1
51,526,710,270,69,39,1,-1,-1,-1
52,526,710,270,69,39,1,-1,-1,-1
53,526,710,270,69,39,1,-1,-1,-1
54,526,710,270,69,39,1,-1,-1,-1
55,526,710,270,69,39,1,-1,-1,-1
56,526,710,270,69,39,1,-1,-1,-1
57,526,710,270,70,39,1,-1,-1,-1
58,526,710,270,69,39,1,-1,-1,-1
59,526,710,270,69,39,1,-1,-1,-1
60,526,710,270,70,39,1,-1,-1,-1
61,526,709,271,71,39,1,-1,-1,-1
62,526,709,271,71,39,1,-1,-1,-1
63,526,709,271,71,39,1,-1,-1,-1
64,526,709,271,71,39,1,-1,-1,-1
65,526,709,270,71,40,1,-1,-1,-1
66,526,709,270,71,40,1,-1,-1,-1
67,526,709,270,71,40,1,-1,-1,-1
68,526,708,270,71,40,1,-1,-1,-1
69,526,708,270,71,40,1,-1,-1,-1
70,526,708,270,71,40,1,-1,-1,-1
71,526,708,270,71,40,1,-1,-1,-1
72,526,708,270,71,40,1,-1,-1,-1
73,526,707,270,73,40,1,-1,-1,-1
74,526,707,270,73,40,1,-1,-1,-1
75,526,707,270,73,40,1,-1,-1,-1
76,526,707,270,73,40,1,-1,-1,-1
77,526,707,270,73,40,1,-1,-1,-1
78,526,707,270,73,40,1,-1,-1,-1
79,526,707,270,73,40,1,-1,-1,-1
80,526,707,270,73,40,1,-1,-1,-1
81,526,709,270,70,39,1,-1,-1,-1
82,526,709,270,70,39,1,-1,-1,-1
83,526,709,270,70,39,1,-1,-1,-1
84,526,708,270,71,39,1,-1,-1,-1
85,526,709,270,70,40,1,-1,-1,-1
86,526,709,270,70,40,1,-1,-1,-1
87,526,709,270,70,39,1,-1,-1,-1
88,526,709,270,70,39,1,-1,-1,-1
89,526,708,270,71,41,1,-1,-1,-1
90,526,708,270,72,41,1,-1,-1,-1
91,526,708,270,72,40,1,-1,-1,-1
92,526,708,270,72,40,1,-1,-1,-1
93,526,708,270,71,41,1,-1,-1,-1
94,526,708,270,71,41,1,-1,-1,-1
95,526,708,270,72,41,1,-1,-1,-1
96,526,708,270,72,41,1,-1,-1,-1
97,526,707,270,72,39,1,-1,-1,-1
98,526,707,270,72,39,1,-1,-1,-1
99,526,707,270,72,39,1,-1,-1,-1
100,526,707,270,73,39,1,-1,-1,-1
101,526,707,270,73,39,1,-1,-1,-1
102,526,707,270,73,39,1,-1,-1,-1
103,526,707,270,73,39,1,-1,-1,-1
104,526,707,270,73,39,1,-1,-1,-1
105,526,708,270,71,39,1,-1,-1,-1
106,526,708,270,71,39,1,-1,-1,-1
107,526,708,270,71,39,1,-1,-1,-1
108,526,709,270,70,39,1,-1,-1,-1
109,526,708,270,72,39,1,-1,-1,-1
110,526,708,270,72,39,1,-1,-1,-1
111,526,708,270,72,39,1,-1,-1,-1
112,526,708,270,72,39,1,-1,-1,-1
113,526,708,270,72,40,1,-1,-1,-1
114,526,708,270,72,40,1,-1,-1,-1
115,526,708,270,72,40,1,-1,-1,-1
116,526,708,270,72,40,1,-1,-1,-1
117,526,708,270,72,40,1,-1,-1,-1
118,526,708,270,71,39,1,-1,-1,-1
119,526,708,270,72,40,1,-1,-1,-1
120,526,708,270,72,39,1,-1,-1,-1
121,526,709,270,70,39,1,-1,-1,-1
122,526,709,270,70,39,1,-1,-1,-1
123,526,709,270,70,39,1,-1,-1,-1
124,526,709,270,70,39,1,-1,-1,-1
125,526,709,270,70,39,1,-1,-1,-1
126,526,709,270,70,39,1,-1,-1,-1
127,526,709,270,70,39,1,-1,-1,-1
128,526,709,270,70,39,1,-1,-1,-1
129,526,708,270,71,40,1,-1,-1,-1
130,526,708,270,71,40,1,-1,-1,-1
131,526,708,270,71,40,1,-1,-1,-1
132,526,708,270,71,40,1,-1,-1,-1
133,526,709,271,72,39,1,-1,-1,-1
134,526,709,271,72,39,1,-1,-1,-1
135,526,709,271,72,39,1,-1,-1,-1
136,526,709,271,72,39,1,-1,-1,-1
137,526,710,271,70,39,1,-1,-1,-1
138,526,710,271,70,39,1,-1,-1,-1
139,526,710,271,70,39,1,-1,-1,-1
140,526,710,271,70,39,1,-1,-1,-1
141,526,710,271,70,39,1,-1,-1,-1
142,526,710,271,70,39,1,-1,-1,-1
143,526,710,271,70,39,1,-1,-1,-1
144,526,710,271,70,39,1,-1,-1,-1
145,526,706,270,73,41,1,-1,-1,-1
146,526,706,270,73,41,1,-1,-1,-1
147,526,706,270,73,41,1,-1,-1,-1
148,526,706,270,73,41,1,-1,-1,-1
149,526,706,270,73,41,1,-1,-1,-1
150,526,706,270,73,41,1,-1,-1,-1
151,526,706,270,73,41,1,-1,-1,-1
152,526,706,270,73,41,1,-1,-1,-1
153,526,706,270,73,40,1,-1,-1,-1
154,526,706,271,73,40,1,-1,-1,-1
155,526,706,271,72,40,1,-1,-1,-1
156,526,706,271,73,40,1,-1,-1,-1
157,526,708,270,71,39,1,-1,-1,-1
158,526,708,270,71,39,1,-1,-1,-1
159,526,708,270,71,39,1,-1,-1,-1
160,526,708,270,71,39,1,-1,-1,-1
161,526,708,270,72,39,1,-1,-1,-1
162,526,708,270,72,39,1,-1,-1,-1
163,526,708,270,72,39,1,-1,-1,-1
164,526,708,270,72,39,1,-1,-1,-1
165,526,708,270,72,39,1,-1,-1,-1
166,526,707,270,72,39,1,-1,-1,-1
167,526,707,270,72,39,1,-1,-1,-1
168,526,707,270,72,39,1,-1,-1,-1
169,526,708,270,72,39,1,-1,-1,-1
170,526,708,270,72,39,1,-1,-1,-1
171,526,708,270,72,39,1,-1,-1,-1
172,526,707,270,72,39,1,-1,-1,-1
173,526,707,270,72,39,1,-1,-1,-1
174,526,707,270,72,39,1,-1,-1,-1
175,526,707,270,72,39,1,-1,-1,-1
176,526,707,270,72,39,1,-1,-1,-1
177,526,706,270,73,40,1,-1,-1,-1
178,526,706,270,73,40,1,-1,-1,-1
179,526,706,270,73,40,1,-1,-1,-1
180,526,707,270,73,39,1,-1,-1,-1
181,526,706,270,73,40,1,-1,-1,-1
182,526,706,270,73,40,1,-1,-1,-1
183,526,706,270,73,40,1,-1,-1,-1
184,526,706,270,73,40,1,-1,-1,-1
185,526,707,270,73,40,1,-1,-1,-1
186,526,707,270,73,40,1,-1,-1,-1
187,526,707,270,72,40,1,-1,-1,-1
188,526,707,270,72,40,1,-1,-1,-1
189,526,707,270,72,40,1,-1,-1,-1
190,526,707,270,72,40,1,-1,-1,-1
191,526,707,270,72,40,1,-1,-1,-1
192,526,707,270,73,40,1,-1,-1,-1
193,526,707,270,72,39,1,-1,-1,-1
194,526,707,270,72,39,1,-1,-1,-1
195,526,707,270,72,39,1,-1,-1,-1
196,526,707,270,72,39,1,-1,-1,-1
197,526,707,270,72,39,1,-1,-1,-1
198,526,707,270,72,39,1,-1,-1,-1
199,526,707,270,72,39,1,-1,-1,-1
200,526,707,270,72,39,1,-1,-1,-1
201,526,706,270,74,40,1,-1,-1,-1
202,526,706,270,74,40,1,-1,-1,-1
203,526,706,270,73,40,1,-1,-1,-1
204,526,706,270,73,40,1,-1,-1,-1
205,526,706,270,73,40,1,-1,-1,-1
206,526,706,270,73,40,1,-1,-1,-1
207,526,706,270,73,40,1,-1,-1,-1
208,526,706,270,73,40,1,-1,-1,-1
209,526,705,270,74,40,1,-1,-1,-1
210,526,705,270,74,40,1,-1,-1,-1
211,526,705,270,74,40,1,-1,-1,-1
212,526,705,270,74,40,1,-1,-1,-1
213,526,705,270,74,40,1,-1,-1,-1
214,526,705,270,74,40,1,-1,-1,-1
215,526,705,270,74,40,1,-1,-1,-1
216,526,705,270,74,40,1,-1,-1,-1
217,526,706,270,73,40,1,-1,-1,-1
218,526,706,270,73,40,1,-1,-1,-1
219,526,706,270,73,40,1,-1,-1,-1
220,526,706,270,73,40,1,-1,-1,-1
221,526,706,270,73,40,1,-1,-1,-1
222,526,707,270,73,40,1,-1,-1,-1
223,526,707,270,73,40,1,-1,-1,-1
224,526,707,270,73,40,1,-1,-1,-1
225,526,706,270,73,40,1,-1,-1,-1
226,526,706,270,73,40,1,-1,-1,-1
227,526,706,270,73,40,1,-1,-1,-1
228,526,706,270,73,40,1,-1,-1,-1
229,526,706,270,73,39,1,-1,-1,-1
230,526,706,270,73,39,1,-1,-1,-1
231,526,706,270,73,39,1,-1,-1,-1
232,526,706,270,73,39,1,-1,-1,-1
233,526,707,270,72,39,1,-1,-1,-1
234,526,707,270,72,39,1,-1,-1,-1
235,526,707,270,72,39,1,-1,-1,-1
236,526,707,270,72,39,1,-1,-1,-1
237,526,707,270,72,39,1,-1,-1,-1
238,526,707,270,72,39,1,-1,-1,-1
239,526,707,270,72,39,1,-1,-1,-1
240,526,707,270,72,39,1,-1,-1,-1
241,526,707,270,72,40,1,-1,-1,-1
242,526,707,270,72,39,1,-1,-1,-1
243,526,707,270,72,39,1,-1,-1,-1
244,526,707,270,72,39,1,-1,-1,-1
245,526,708,271,73,39,1,-1,-1,-1
246,526,708,271,73,39,1,-1,-1,-1
247,526,708,271,73,39,1,-1,-1,-1
248,526,708,271,73,39,1,-1,-1,-1
249,526,707,270,72,39,1,-1,-1,-1
250,526,707,270,72,39,1,-1,-1,-1
251,526,709,271,72,39,1,-1,-1,-1
252,526,708,271,73,39,1,-1,-1,-1
253,526,708,270,71,39,1,-1,-1,-1
254,526,708,270,71,39,1,-1,-1,-1
255,526,709,271,72,39,1,-1,-1,-1
256,526,709,271,72,39,1,-1,-1,-1
257,526,705,270,74,40,1,-1,-1,-1
258,526,705,270,74,39,1,-1,-1,-1
259,526,705,270,74,39,1,-1,-1,-1
260,526,705,270,74,39,1,-1,-1,-1
261,526,705,270,74,39,1,-1,-1,-1
262,526,705,270,74,39,1,-1,-1,-1
263,526,705,270,74,39,1,-1,-1,-1
264,526,705,270,74,39,1,-1,-1,-1
265,526,707,270,72,39,1,-1,-1,-1
266,526,707,270,72,39,1,-1,-1,-1
267,526,707,270,72,39,1,-1,-1,-1
268,526,707,270,72,39,1,-1,-1,-1
269,526,707,270,72,39,1,-1,-1,-1
270,526,707,270,72,39,1,-1,-1,-1
271,526,707,270,72,39,1,-1,-1,-1
272,526,707,270,72,39,1,-1,-1,-1
273,526,707,270,72,39,1,-1,-1,-1
274,526,707,270,72,39,1,-1,-1,-1
275,526,707,270,72,39,1,-1,-1,-1
276,526,707,270,72,39,1,-1,-1,-1
277,526,707,270,72,39,1,-1,-1,-1
278,526,707,270,72,39,1,-1,-1,-1
279,526,707,270,72,39,1,-1,-1,-1
280,526,707,270,72,39,1,-1,-1,-1
281,526,706,270,73,40,1,-1,-1,-1
282,526,706,270,73,40,1,-1,-1,-1
283,526,706,270,73,40,1,-1,-1,-1
284,526,706,270,73,40,1,-1,-1,-1
285,526,706,270,73,40,1,-1,-1,-1
286,526,706,270,73,40,1,-1,-1,-1
287,526,706,270,73,40,1,-1,-1,-1
288,526,706,270,73,40,1,-1,-1,-1
289,526,707,270,72,39,1,-1,-1,-1
290,526,707,270,72,39,1,-1,-1,-1
291,526,707,270,72,39,1,-1,-1,-1
292,526,707,270,72,39,1,-1,-1,-1
293,526,707,270,72,39,1,-1,-1,-1
294,526,707,270,72,39,1,-1,-1,-1
295,526,707,270,72,39,1,-1,-1,-1
296,526,707,270,72,39,1,-1,-1,-1
297,526,706,270,73,39,1,-1,-1,-1
298,526,706,270,73,39,1,-1,-1,-1
299,526,706,270,73,39,1,-1,-1,-1
300,526,706,270,73,39,1,-1,-1,-1
301,526,707,271,73,39,1,-1,-1,-1
302,526,707,271,73,39,1,-1,-1,-1
303,526,707,271,73,39,1,-1,-1,-1
304,526,707,271,73,39,1,-1,-1,-1
305,526,706,270,73,39,1,-1,-1,-1
306,526,706,270,74,39,1,-1,-1,-1
307,526,706,270,73,39,1,-1,-1,-1
308,526,706,270,73,40,1,-1,-1,-1
309,526,706,270,73,39,1,-1,-1,-1
310,526,706,270,73,40,1,-1,-1,-1
311,526,706,270,73,40,1,-1,-1,-1
312,526,706,270,73,40,1,-1,-1,-1
313,526,708,270,71,40,1,-1,-1,-1
314,526,708,270,71,40,1,-1,-1,-1
315,526,708,270,71,40,1,-1,-1,-1
316,526,708,270,71,40,1,-1,-1,-1
317,526,708,270,71,40,1,-1,-1,-1
318,526,708,270,71,40,1,-1,-1,-1
319,526,708,270,71,40,1,-1,-1,-1
320,526,708,270,71,40,1,-1,-1,-1
321,526,707,271,74,39,1,-1,-1,-1
322,526,707,271,74,39,1,-1,-1,-1
323,526,707,271,74,39,1,-1,-1,-1
324,526,708,271,74,39,1,-1,-1,-1
325,526,708,271,73,39,1,-1,-1,-1
326,526,708,271,73,39,1,-1,-1,-1
327,526,708,271,73,39,1,-1,-1,-1
328,526,708,271,73,39,1,-1,-1,-1
329,526,707,271,74,40,1,-1,-1,-1
330,526,707,271,74,40,1,-1,-1,-1
331,526,707,271,74,39,1,-1,-1,-1
332,526,707,271,74,39,1,-1,-1,-1
333,526,707,271,74,39,1,-1,-1,-1
334,526,707,271,74,39,1,-1,-1,-1
335,526,707,271,74,39,1,-1,-1,-1
336,526,707,271,74,39,1,-1,-1,-1
337,526,707,271,73,39,1,-1,-1,-1
338,526,707,271,73,39,1,-1,-1,-1
339,526,707,271,73,39,1,-1,-1,-1
340,526,707,271,73,39,1,-1,-1,-1
341,526,707,271,73,39,1,-1,-1,-1
342,526,707,271,73,39,1,-1,-1,-1
343,526,707,271,73,39,1,-1,-1,-1
344,526,707,271,73,39,1,-1,-1,-1
345,526,708,271,73,40,1,-1,-1,-1
346,526,708,271,73,40,1,-1,-1,-1
347,526,708,271,73,40,1,-1,-1,-1
348,526,708,271,73,40,1,-1,-1,-1
349,526,708,271,74,40,1,-1,-1,-1
350,526,708,271,73,40,1,-1,-1,-1
351,526,708,271,74,40,1,-1,-1,-1
352,526,708,271,74,40,1,-1,-1,-1
353,526,706,270,73,40,1,-1,-1,-1
354,526,706,270,73,40,1,-1,-1,-1
355,526,706,270,73,40,1,-1,-1,-1
356,526,706,270,73,40,1,-1,-1,-1
357,526,706,270,73,40,1,-1,-1,-1
358,526,706,270,73,40,1,-1,-1,-1
359,526,706,270,73,40,1,-1,-1,-1
360,526,706,270,73,40,1,-1,-1,-1
361,526,708,271,72,40,1,-1,-1,-1
362,526,708,271,72,40,1,-1,-1,-1
363,526,707,271,72,40,1,-1,-1,-1
364,526,708,271,72,40,1,-1,-1,-1
365,526,708,271,72,40,1,-1,-1,-1
366,526,707,271,72,40,1,-1,-1,-1
367,526,708,271,71,40,1,-1,-1,-1
368,526,708,271,71,40,1,-1,-1,-1
369,526,707,270,73,41,1,-1,-1,-1
370,526,707,270,73,41,1,-1,-1,-1
371,526,707,270,73,41,1,-1,-1,-1
372,526,707,270,73,41,1,-1,-1,-1
373,526,708,271,73,40,1,-1,-1,-1
374,526,708,271,73,40,1,-1,-1,-1
375,526,708,271,73,40,1,-1,-1,-1
376,526,708,271,73,40,1,-1,-1,-1
377,526,706,271,73,40,1,-1,-1,-1
378,526,706,271,73,40,1,-1,-1,-1
379,526,706,270,73,40,1,-1,-1,-1
380,526,706,270,73,40,1,-1,-1,-1
381,526,706,270,73,40,1,-1,-1,-1
382,526,706,270,73,40,1,-1,-1,-1
383,526,706,270,73,40,1,-1,-1,-1
384,526,706,270,73,40,1,-1,-1,-1
385,526,708,271,71,39,1,-1,-1,-1
386,526,709,271,71,39,1,-1,-1,-1
387,526,709,271,71,39,1,-1,-1,-1
388,526,709,271,71,39,1,-1,-1,-1
389,526,709,271,71,39,1,-1,-1,-1
390,526,709,271,71,40,1,-1,-1,-1
391,526,709,271,70,39,1,-1,-1,-1
392,526,709,271,70,39,1,-1,-1,-1
393,526,706,270,73,40,1,-1,-1,-1
394,526,707,270,73,40,1,-1,-1,-1
395,526,707,270,73,40,1,-1,-1,-1
396,526,706,270,73,40,1,-1,-1,-1
397,526,707,270,73,39,1,-1,-1,-1
398,526,707,270,73,39,1,-1,-1,-1
399,526,707,270,72,39,1,-1,-1,-1
400,526,707,270,73,39,1,-1,-1,-1
401,526,707,271,72,39,1,-1,-1,-1
402,526,707,271,72,39,1,-1,-1,-1
403,526,707,271,73,39,1,-1,-1,-1
404,526,707,270,73,39,1,-1,-1,-1
405,526,707,271,73,39,1,-1,-1,-1
406,526,707,271,72,39,1,-1,-1,-1
407,526,707,271,72,39,1,-1,-1,-1
408,526,707,271,72,39,1,-1,-1,-1
409,526,708,270,71,39,1,-1,-1,-1
410,526,708,270,71,39,1,-1,-1,-1
411,526,708,270,71,39,1,-1,-1,-1
412,526,708,271,71,39,1,-1,-1,-1
413,526,708,271,71,39,1,-1,-1,-1
414,526,708,270,72,39,1,-1,-1,-1
415,526,708,271,71,39,1,-1,-1,-1
416,526,708,270,71,39,1,-1,-1,-1
417,526,707,270,73,40,1,-1,-1,-1
418,526,707,270,72,40,1,-1,-1,-1
419,526,707,270,72,40,1,-1,-1,-1
420,526,707,270,72,40,1,-1,-1,-1
421,526,706,271,73,40,1,-1,-1,-1
422,526,706,271,73,40,1,-1,-1,-1
423,526,706,270,74,40,1,-1,-1,-1
424,526,706,270,74,40,1,-1,-1,-1
425,526,707,271,72,39,1,-1,-1,-1
426,526,707,271,72,39,1,-1,-1,-1
427,526,707,271,72,39,1,-1,-1,-1
428,526,708,271,72,39,1,-1,-1,-1
429,526,708,271,72,39,1,-1,-1,-1
430,526,708,271,71,39,1,-1,-1,-1
431,526,708,271,71,39,1,-1,-1,-1
432,526,708,271,71,39,1,-1,-1,-1
433,526,706,270,73,39,1,-1,-1,-1
434,526,706,270,73,39,1,-1,-1,-1
435,526,706,270,73,39,1,-1,-1,-1
436,526,706,270,73,39,1,-1,-1,-1
437,526,706,270,73,39,1,-1,-1,-1
438,526,706,270,74,39,1,-1,-1,-1
439,526,706,270,74,39,1,-1,-1,-1
440,526,706,270,74,39,1,-1,-1,-1
441,526,706,270,73,39,1,-1,-1,-1
442,526,706,270,73,39,1,-1,-1,-1
443,526,706,270,73,39,1,-1,-1,-1
444,526,706,270,73,39,1,-1,-1,-1
445,526,706,270,72,39,1,-1,-1,-1
446,526,706,270,72,39,1,-1,-1,-1
447,526,706,270,72,39,1,-1,-1,-1
448,526,707,270,72,39,1,-1,-1,-1
449,526,710,271,69,39,1,-1,-1,-1
450,526,710,271,69,39,1,-1,-1,-1
451,526,710,271,69,39,1,-1,-1,-1
452,526,711,271,68,39,1,-1,-1,-1
453,526,710,271,68,39,1,-1,-1,-1
454,526,710,271,69,39,1,-1,-1,-1
455,526,710,271,69,39,1,-1,-1,-1
456,526,710,271,69,39,1,-1,-1,-1
457,526,708,271,71,39,1,-1,-1,-1
458,526,708,271,71,39,1,-1,-1,-1
459,526,708,271,71,39,1,-1,-1,-1
460,526,707,271,72,39,1,-1,-1,-1
461,526,707,271,72,39,1,-1,-1,-1
462,526,707,271,72,39,1,-1,-1,-1
463,526,707,271,72,39,1,-1,-1,-1
464,526,707,270,72,39,1,-1,-1,-1
465,526,706,271,73,40,1,-1,-1,-1
466,526,706,271,73,40,1,-1,-1,-1
467,526,706,271,73,40,1,-1,-1,-1
468,526,706,271,73,40,1,-1,-1,-1
469,526,706,271,73,40,1,-1,-1,-1
470,526,706,271,73,40,1,-1,-1,-1
471,526,706,271,73,40,1,-1,-1,-1
472,526,706,271,73,40,1,-1,-1,-1
473,526,707,270,72,40,1,-1,-1,-1
474,526,707,270,72,40,1,-1,-1,-1
475,526,707,270,72,40,1,-1,-1,-1
476,526,707,270,72,40,1,-1,-1,-1
477,526,707,270,72,40,1,-1,-1,-1
478,526,707,270,72,40,1,-1,-1,-1
479,526,707,270,72,40,1,-1,-1,-1
480,526,707,270,72,40,1,-1,-1,-1
481,526,707,271,73,39,1,-1,-1,-1
482,526,706,271,73,39,1,-1,-1,-1
483,526,707,271,73,39,1,-1,-1,-1
484,526,706,271,73,39,1,-1,-1,-1
485,526,706,271,73,39,1,-1,-1,-1
486,526,706,271,73,39,1,-1,-1,-1
487,526,706,271,73,39,1,-1,-1,-1
488,526,706,271,73,39,1,-1,-1,-1
489,526,707,271,72,40,1,-1,-1,-1
490,526,707,271,72,40,1,-1,-1,-1
491,526,707,271,72,40,1,-1,-1,-1
492,526,707,271,72,39,1,-1,-1,-1
493,526,707,271,72,40,1,-1,-1,-1
494,526,707,271,73,40,1,-1,-1,-1
495,526,707,271,72,40,1,-1,-1,-1
496,526,707,271,73,40,1,-1,-1,-1
497,526,708,271,71,39,1,-1,-1,-1
498,526,708,271,71,39,1,-1,-1,-1
499,526,708,271,71,39,1,-1,-1,-1
500,526,708,271,71,39,1,-1,-1,-1
501,526,708,271,70,39,1,-1,-1,-1
502,526,708,271,70,39,1,-1,-1,-1
503,526,708,271,70,39,1,-1,-1,-1
504,526,708,271,70,39,1,-1,-1,-1
505,526,710,271,69,39,1,-1,-1,-1
506,526,710,271,69,39,1,-1,-1,-1
507,526,710,271,69,39,1,-1,-1,-1
508,526,710,271,69,39,1,-1,-1,-1
509,526,710,271,69,39,1,-1,-1,-1
510,526,710,270,69,39,1,-1,-1,-1
511,526,710,271,69,39,1,-1,-1,-1
512,526,710,271,69,39,1,-1,-1,-1
513,526,707,270,72,39,1,-1,-1,-1
514,526,707,270,72,39,1,-1,-1,-1
515,526,707,270,72,39,1,-1,-1,-1
516,526,707,270,72,39,1,-1,-1,-1
517,526,706,270,74,40,1,-1,-1,-1
518,526,706,270,74,40,1,-1,-1,-1
519,526,706,270,74,40,1,-1,-1,-1
520,526,706,270,74,39,1,-1,-1,-1
521,526,706,270,73,39,1,-1,-1,-1
522,526,706,270,73,39,1,-1,-1,-1
523,526,706,270,73,39,1,-1,-1,-1
524,526,706,270,73,39,1,-1,-1,-1
525,526,706,270,73,39,1,-1,-1,-1
526,526,706,270,73,39,1,-1,-1,-1
527,526,706,270,73,39,1,-1,-1,-1
528,526,706,270,73,39,1,-1,-1,-1
529,526,709,271,71,39,1,-1,-1,-1
530,526,708,270,71,39,1,-1,-1,-1
531,526,708,270,71,39,1,-1,-1,-1
532,526,708,270,71,39,1,-1,-1,-1
533,526,708,270,71,39,1,-1,-1,-1
534,526,709,271,71,39,1,-1,-1,-1
535,526,709,271,71,39,1,-1,-1,-1
536,526,708,270,71,39,1,-1,-1,-1
537,526,712,271,68,39,1,-1,-1,-1
538,526,711,271,68,39,1,-1,-1,-1
539,526,711,271,68,39,1,-1,-1,-1
540,526,711,271,68,39,1,-1,-1,-1
541,526,712,271,68,39,1,-1,-1,-1
542,526,712,271,68,39,1,-1,-1,-1
543,526,712,271,68,39,1,-1,-1,-1
544,526,710,271,69,39,1,-1,-1,-1
545,526,709,271,70,39,1,-1,-1,-1
546,526,709,271,70,39,1,-1,-1,-1
547,526,709,271,70,39,1,-1,-1,-1
548,526,709,271,70,39,1,-1,-1,-1
549,526,709,271,70,39,1,-1,-1,-1
550,526,709,271,70,39,1,-1,-1,-1
551,526,709,271,70,39,1,-1,-1,-1
552,526,709,271,70,39,1,-1,-1,-1
553,526,708,270,71,39,1,-1,-1,-1
554,526,709,271,70,39,1,-1,-1,-1
555,526,709,271,70,39,1,-1,-1,-1
556,526,708,271,71,39,1,-1,-1,-1
557,526,709,271,70,39,1,-1,-1,-1
558,526,709,271,70,39,1,-1,-1,-1
559,526,709,271,70,39,1,-1,-1,-1
560,526,709,271,70,39,1,-1,-1,-1
561,526,709,271,70,39,1,-1,-1,-1
562,526,709,271,70,39,1,-1,-1,-1
563,526,708,270,72,39,1,-1,-1,-1
564,526,708,270,71,39,1,-1,-1,-1
565,526,707,270,72,39,1,-1,-1,-1
566,526,707,270,72,39,1,-1,-1,-1
567,526,707,270,72,39,1,-1,-1,-1
568,526,707,270,72,39,1,-1,-1,-1
569,526,708,270,71,39,1,-1,-1,-1
570,526,709,270,71,39,1,-1,-1,-1
571,526,708,270,71,39,1,-1,-1,-1
572,526,708,270,71,39,1,-1,-1,-1
573,526,708,270,71,39,1,-1,-1,-1
574,526,708,270,71,39,1,-1,-1,-1
575,526,708,270,71,39,1,-1,-1,-1
576,526,708,270,72,39,1,-1,-1,-1
577,526,707,270,72,39,1,-1,-1,-1
578,526,707,270,72,39,1,-1,-1,-1
579,526,707,270,72,39,1,-1,-1,-1
580,526,707,270,72,39,1,-1,-1,-1
581,526,707,270,73,39,1,-1,-1,-1
582,526,707,270,73,39,1,-1,-1,-1
583,526,707,270,72,39,1,-1,-1,-1
584,526,707,270,73,39,1,-1,-1,-1
585,526,707,270,72,40,1,-1,-1,-1
586,526,707,270,72,39,1,-1,-1,-1
587,526,707,270,71,39,1,-1,-1,-1
588,526,708,270,71,39,1,-1,-1,-1
589,526,708,270,71,39,1,-1,-1,-1
590,526,708,270,71,39,1,-1,-1,-1
591,526,708,270,71,39,1,-1,-1,-1
592,526,708,270,71,39,1,-1,-1,-1
593,526,709,271,72,39,1,-1,-1,-1
594,526,709,271,72,39,1,-1,-1,-1
595,526,709,271,72,39,1,-1,-1,-1
596,526,709,271,72,39,1,-1,-1,-1
597,526,709,271,72,39,1,-1,-1,-1
598,526,710,271,71,39,1,-1,-1,-1
599,526,710,271,71,39,1,-1,-1,-1
600,526,710,271,71,39,1,-1,-1,-1
601,526,709,270,69,38,1,-1,-1,-1
602,526,709,270,70,39,1,-1,-1,-1
603,526,709,270,70,38,1,-1,-1,-1
604,526,709,270,69,38,1,-1,-1,-1
605,526,710,270,69,38,1,-1,-1,-1
606,526,710,270,69,38,1,-1,-1,-1
607,526,710,270,69,38,1,-1,-1,-1
608,526,709,270,69,38,1,-1,-1,-1
609,526,711,271,69,39,1,-1,-1,-1
610,526,711,271,69,39,1,-1,-1,-1
611,526,710,270,70,39,1,-1,-1,-1
612,526,709,270,70,39,1,-1,-1,-1
613,526,711,271,69,39,1,-1,-1,-1
614,526,710,270,70,39,1,-1,-1,-1
615,526,710,270,70,39,1,-1,-1,-1
616,526,709,270,70,39,1,-1,-1,-1
617,526,711,270,68,38,1,-1,-1,-1
618,526,712,271,67,39,1,-1,-1,-1
619,526,711,270,68,38,1,-1,-1,-1
620,526,712,271,67,39,1,-1,-1,-1
621,526,712,271,67,39,1,-1,-1,-1
622,526,712,271,68,39,1,-1,-1,-1
623,526,712,271,67,39,1,-1,-1,-1
624,526,712,271,67,39,1,-1,-1,-1
625,526,714,271,66,39,1,-1,-1,-1
626,526,713,271,66,39,1,-1,-1,-1
627,526,713,271,66,39,1,-1,-1,-1
628,526,713,271,66,39,1,-1,-1,-1
629,526,713,271,66,39,1,-1,-1,-1
630,526,713,271,66,39,1,-1,-1,-1
631,526,713,271,66,39,1,-1,-1,-1
632,526,713,271,66,39,1,-1,-1,-1
633,526,713,271,67,39,1,-1,-1,-1
634,526,712,271,67,39,1,-1,-1,-1
635,526,712,271,67,39,1,-1,-1,-1
636,526,711,270,68,39,1,-1,-1,-1
637,526,712,270,67,38,1,-1,-1,-1
638,526,712,270,67,39,1,-1,-1,-1
639,526,711,270,68,39,1,-1,-1,-1
640,526,711,270,68,39,1,-1,-1,-1
641,526,710,270,69,39,1,-1,-1,-1
642,526,711,270,68,39,1,-1,-1,-1
643,526,711,270,68,39,1,-1,-1,-1
644,526,711,270,67,38,1,-1,-1,-1
645,526,712,270,67,39,1,-1,-1,-1
646,526,711,270,68,39,1,-1,-1,-1
647,526,712,271,67,38,1,-1,-1,-1
648,526,712,271,67,38,1,-1,-1,-1
649,526,712,270,67,39,1,-1,-1,-1
650,526,711,270,68,39,1,-1,-1,-1
651,526,711,270,68,39,1,-1,-1,-1
652,526,710,270,69,39,1,-1,-1,-1
653,526,710,270,69,39,1,-1,-1,-1
654,526,711,270,68,39,1,-1,-1,-1
655,526,711,270,68,39,1,-1,-1,-1
656,526,711,270,68,39,1,-1,-1,-1
657,526,711,270,69,38,1,-1,-1,-1
658,526,711,270,68,38,1,-1,-1,-1
659,526,711,270,69,38,1,-1,-1,-1
660,526,711,271,69,38,1,-1,-1,-1
661,526,711,271,69,38,1,-1,-1,-1
662,526,711,271,69,38,1,-1,-1,-1
663,526,711,271,69,39,1,-1,-1,-1
664,526,711,270,69,39,1,-1,-1,-1
665,526,711,271,69,39,1,-1,-1,-1
666,526,710,270,70,39,1,-1,-1,-1
667,526,710,270,70,39,1,-1,-1,-1
668,526,709,270,70,39,1,-1,-1,-1
669,526,710,271,70,39,1,-1,-1,-1
670,526,709,270,71,40,1,-1,-1,-1
671,526,710,271,70,39,1,-1,-1,-1
672,526,709,270,71,40,1,-1,-1,-1
673,526,710,270,69,39,1,-1,-1,-1
674,526,711,271,69,39,1,-1,-1,-1
675,526,709,270,70,39,1,-1,-1,-1
676,526,708,270,71,40,1,-1,-1,-1
677,526,708,270,71,40,1,-1,-1,-1
678,526,711,271,69,39,1,-1,-1,-1
679,526,710,271,70,39,1,-1,-1,-1
680,526,710,271,69,39,1,-1,-1,-1
681,526,713,271,67,39,1,-1,-1,-1
682,526,712,270,67,40,1,-1,-1,-1
683,526,712,270,67,40,1,-1,-1,-1
684,526,711,270,68,40,1,-1,-1,-1
685,526,712,270,67,39,1,-1,-1,-1
686,526,712,270,67,39,1,-1,-1,-1
687,526,711,270,68,39,1,-1,-1,-1
688,526,712,271,67,39,1,-1,-1,-1
689,526,712,271,67,39,1,-1,-1,-1
690,526,712,271,67,39,1,-1,-1,-1
691,526,712,271,67,39,1,-1,-1,-1
692,526,711,270,69,39,1,-1,-1,-1
693,526,710,270,69,39,1,-1,-1,-1
694,526,711,270,68,39,1,-1,-1,-1
695,526,711,270,68,39,1,-1,-1,-1
696,526,710,270,69,39,1,-1,-1,-1
697,526,710,270,69,39,1,-1,-1,-1
698,526,710,270,69,39,1,-1,-1,-1
699,526,710,270,69,39,1,-1,-1,-1
700,526,711,270,68,39,1,-1,-1,-1
701,526,711,270,68,39,1,-1,-1,-1
702,526,711,270,68,39,1,-1,-1,-1
703,526,711,270,68,39,1,-1,-1,-1
704,526,711,270,68,39,1,-1,-1,-1
705,526,710,270,69,39,1,-1,-1,-1
706,526,711,270,68,39,1,-1,-1,-1
707,526,711,270,68,39,1,-1,-1,-1
708,526,709,270,70,39,1,-1,-1,-1
709,526,710,270,69,39,1,-1,-1,-1
710,526,710,270,69,39,1,-1,-1,-1
711,526,709,270,70,39,1,-1,-1,-1
712,526,709,270,70,39,1,-1,-1,-1
713,526,709,270,70,39,1,-1,-1,-1
714,526,709,270,70,39,1,-1,-1,-1
715,526,709,270,70,39,1,-1,-1,-1
716,526,709,270,70,39,1,-1,-1,-1
717,526,709,270,70,39,1,-1,-1,-1
718,526,709,270,70,39,1,-1,-1,-1
719,526,708,270,71,39,1,-1,-1,-1
720,526,708,270,71,39,1,-1,-1,-1
721,526,706,270,73,39,1,-1,-1,-1
722,526,706,270,73,40,1,-1,-1,-1
723,526,706,270,73,40,1,-1,-1,-1
724,526,706,270,73,40,1,-1,-1,-1
725,526,706,270,73,39,1,-1,-1,-1
726,526,706,270,73,40,1,-1,-1,-1
727,526,706,270,73,40,1,-1,-1,-1
728,526,706,270,74,40,1,-1,-1,-1
729,526,708,270,71,40,1,-1,-1,-1
730,526,708,270,71,40,1,-1,-1,-1
731,526,708,270,71,40,1,-1,-1,-1
732,526,709,270,71,40,1,-1,-1,-1
733,526,709,271,72,39,1,-1,-1,-1
734,526,709,271,72,39,1,-1,-1,-1
735,526,709,271,72,39,1,-1,-1,-1
736,526,709,271,72,39,1,-1,-1,-1
737,526,707,270,72,40,1,-1,-1,-1
738,526,707,270,73,40,1,-1,-1,-1
739,526,707,270,72,40,1,-1,-1,-1
740,526,707,270,72,40,1,-1,-1,-1
741,526,707,270,73,40,1,-1,-1,-1
742,526,707,270,73,40,1,-1,-1,-1
743,526,707,270,72,40,1,-1,-1,-1
744,526,707,270,72,40,1,-1,-1,-1
745,526,706,270,73,39,1,-1,-1,-1
746,526,706,270,73,39,1,-1,-1,-1
747,526,706,270,73,39,1,-1,-1,-1
748,526,706,270,73,39,1,-1,-1,-1
749,526,706,270,73,40,1,-1,-1,-1
750,526,706,270,73,39,1,-1,-1,-1
751,526,707,270,73,39,1,-1,-1,-1
752,526,707,270,72,39,1,-1,-1,-1
753,526,708,270,71,39,1,-1,-1,-1
754,526,709,270,71,39,1,-1,-1,-1
755,526,709,270,71,39,1,-1,-1,-1
756,526,710,271,70,39,1,-1,-1,-1
757,526,711,271,69,39,1,-1,-1,-1
758,526,711,271,69,39,1,-1,-1,-1
759,526,711,271,69,39,1,-1,-1,-1
760,526,710,271,70,39,1,-1,-1,-1
761,526,708,271,71,40,1,-1,-1,-1
762,526,709,271,70,39,1,-1,-1,-1
763,526,709,271,71,39,1,-1,-1,-1
764,526,708,271,71,40,1,-1,-1,-1
765,526,708,271,71,40,1,-1,-1,-1
766,526,709,271,71,40,1,-1,-1,-1
767,526,709,271,70,40,1,-1,-1,-1
768,526,709,271,71,40,1,-1,-1,-1
769,526,709,270,70,39,1,-1,-1,-1
770,526,708,270,71,39,1,-1,-1,-1
771,526,708,270,71,40,1,-1,-1,-1
772,526,708,270,71,40,1,-1,-1,-1
773,526,708,270,71,40,1,-1,-1,-1
774,526,707,270,72,40,1,-1,-1,-1
775,526,708,270,71,40,1,-1,-1,-1
776,526,708,270,71,40,1,-1,-1,-1
777,526,708,271,71,40,1,-1,-1,-1
778,526,708,271,71,41,1,-1,-1,-1
779,526,708,271,70,40,1,-1,-1,-1
780,526,709,271,70,40,1,-1,-1,-1
781,526,708,271,71,41,1,-1,-1,-1
782,526,707,271,72,41,1,-1,-1,-1
783,526,708,271,71,41,1,-1,-1,-1
784,526,707,271,72,41,1,-1,-1,-1
785,526,707,270,72,40,1,-1,-1,-1
786,526,707,270,72,40,1,-1,-1,-1
787,526,707,270,73,41,1,-1,-1,-1
788,526,706,270,73,41,1,-1,-1,-1
789,526,707,271,72,41,1,-1,-1,-1
790,526,707,271,72,40,1,-1,-1,-1
791,526,706,271,73,41,1,-1,-1,-1
792,526,707,271,73,40,1,-1,-1,-1
793,526,707,271,72,41,1,-1,-1,-1
794,526,707,271,72,41,1,-1,-1,-1
795,526,707,271,72,40,1,-1,-1,-1
796,526,708,271,71,40,1,-1,-1,-1
797,526,708,271,72,40,1,-1,-1,-1
798,526,708,271,71,40,1,-1,-1,-1
799,526,707,271,72,40,1,-1,-1,-1
800,526,707,271,72,40,1,-1,-1,-1
801,526,711,271,69,40,1,-1,-1,-1
802,526,711,271,69,40,1,-1,-1,-1
803,526,711,271,69,40,1,-1,-1,-1
804,526,713,271,67,39,1,-1,-1,-1
805,526,710,271,69,39,1,-1,-1,-1
806,526,710,271,69,39,1,-1,-1,-1
807,526,710,271,69,39,1,-1,-1,-1
808,526,710,271,69,39,1,-1,-1,-1
809,526,710,271,69,39,1,-1,-1,-1
810,526,710,271,69,39,1,-1,-1,-1
811,526,710,271,69,39,1,-1,-1,-1
812,526,710,271,69,39,1,-1,-1,-1
813,526,710,271,69,39,1,-1,-1,-1
814,526,710,271,69,39,1,-1,-1,-1
815,526,710,271,69,39,1,-1,-1,-1
816,526,712,271,68,39,1,-1,-1,-1
817,526,706,270,73,39,1,-1,-1,-1
818,526,706,270,73,39,1,-1,-1,-1
819,526,707,270,72,39,1,-1,-1,-1
820,526,706,270,73,39,1,-1,-1,-1
821,526,706,270,72,39,1,-1,-1,-1
822,526,707,270,72,39,1,-1,-1,-1
823,526,707,270,72,39,1,-1,-1,-1
824,526,707,270,72,39,1,-1,-1,-1
825,526,710,271,69,39,1,-1,-1,-1
826,526,710,271,69,39,1,-1,-1,-1
827,526,710,271,69,39,1,-1,-1,-1
828,526,709,270,70,39,1,-1,-1,-1
829,526,710,270,69,39,1,-1,-1,-1
830,526,710,270,69,39,1,-1,-1,-1
831,526,710,270,69,39,1,-1,-1,-1
832,526,710,270,69,39,1,-1,-1,-1
833,526,710,270,69,39,1,-1,-1,-1
834,526,709,270,69,39,1,-1,-1,-1
835,526,710,270,69,39,1,-1,-1,-1
836,526,709,270,69,39,1,-1,-1,-1
837,526,709,270,69,39,1,-1,-1,-1
838,526,709,270,70,39,1,-1,-1,-1
839,526,710,270,69,39,1,-1,-1,-1
840,526,709,270,69,39,1,-1,-1,-1
841,526,708,270,71,39,1,-1,-1,-1
842,526,708,270,71,39,1,-1,-1,-1
843,526,708,270,71,39,1,-1,-1,-1
844,526,708,270,71,39,1,-1,-1,-1
845,526,708,270,71,39,1,-1,-1,-1
846,526,708,270,71,39,1,-1,-1,-1
847,526,708,270,71,39,1,-1,-1,-1
848,526,708,270,71,39,1,-1,-1,-1
849,526,706,270,72,39,1,-1,-1,-1
850,526,706,270,72,39,1,-1,-1,-1
851,526,707,270,72,39,1,-1,-1,-1
852,526,706,270,72,39,1,-1,-1,-1
853,526,708,271,71,39,1,-1,-1,-1
854,526,708,271,71,39,1,-1,-1,-1
855,526,708,271,71,39,1,-1,-1,-1
856,526,708,271,71,39,1,-1,-1,-1
857,526,708,270,71,39,1,-1,-1,-1
858,526,708,270,71,39,1,-1,-1,-1
859,526,708,270,71,40,1,-1,-1,-1
860,526,708,270,71,40,1,-1,-1,-1
861,526,708,270,71,40,1,-1,-1,-1
862,526,708,270,71,39,1,-1,-1,-1
863,526,709,270,70,39,1,-1,-1,-1
864,526,709,270,70,39,1,-1,-1,-1
865,526,708,270,71,38,1,-1,-1,-1
866,526,708,270,71,38,1,-1,-1,-1
867,526,708,270,71,38,1,-1,-1,-1
868,526,708,270,71,38,1,-1,-1,-1
869,526,708,270,71,38,1,-1,-1,-1
870,526,708,270,71,38,1,-1,-1,-1
871,526,708,270,71,38,1,-1,-1,-1
872,526,708,270,71,38,1,-1,-1,-1
873,526,710,271,69,38,1,-1,-1,-1
874,526,710,271,69,38,1,-1,-1,-1
875,526,711,271,69,38,1,-1,-1,-1
876,526,710,271,69,38,1,-1,-1,-1
877,526,710,271,69,38,1,-1,-1,-1
878,526,710,271,70,38,1,-1,-1,-1
879,526,710,271,70,38,1,-1,-1,-1
880,526,710,271,70,38,1,-1,-1,-1
881,526,710,270,69,39,1,-1,-1,-1
882,526,711,270,69,38,1,-1,-1,-1
883,526,710,270,69,38,1,-1,-1,-1
884,526,711,271,68,38,1,-1,-1,-1
885,526,711,271,69,38,1,-1,-1,-1
886,526,710,271,69,39,1,-1,-1,-1
887,526,711,270,69,38,1,-1,-1,-1
888,526,711,270,68,38,1,-1,-1,-1
889,526,706,270,73,40,1,-1,-1,-1
890,526,707,270,73,40,1,-1,-1,-1
891,526,706,270,73,40,1,-1,-1,-1
892,526,707,270,73,40,1,-1,-1,-1
893,526,707,270,73,40,1,-1,-1,-1
894,526,707,270,73,40,1,-1,-1,-1
895,526,707,270,72,40,1,-1,-1,-1
896,526,707,270,72,40,1,-1,-1,-1
897,526,707,270,72,39,1,-1,-1,-1
898,526,707,270,71,39,1,-1,-1,-1
899,526,707,270,72,39,1,-1,-1,-1
900,526,707,270,72,39,1,-1,-1,-1
901,526,707,270,72,39,1,-1,-1,-1
902,526,706,270,72,39,1,-1,-1,-1
903,526,707,270,72,39,1,-1,-1,-1
904,526,707,270,72,39,1,-1,-1,-1
905,526,706,270,73,39,1,-1,-1,-1
906,526,706,270,73,39,1,-1,-1,-1
907,526,706,270,73,39,1,-1,-1,-1
908,526,706,270,73,39,1,-1,-1,-1
909,526,706,270,73,39,1,-1,-1,-1
910,526,706,270,73,39,1,-1,-1,-1
911,526,706,270,72,39,1,-1,-1,-1
912,526,706,270,73,39,1,-1,-1,-1
913,526,707,271,72,39,1,-1,-1,-1
914,526,707,271,72,39,1,-1,-1,-1
915,526,707,271,71,39,1,-1,-1,-1
916,526,708,271,71,39,1,-1,-1,-1
917,526,708,271,71,39,1,-1,-1,-1
918,526,708,271,71,39,1,-1,-1,-1
919,526,708,271,71,39,1,-1,-1,-1
920,526,708,271,71,39,1,-1,-1,-1
921,526,707,271,72,39,1,-1,-1,-1
922,526,707,271,72,39,1,-1,-1,-1
923,526,707,271,72,39,1,-1,-1,-1
924,526,707,271,72,39,1,-1,-1,-1
925,526,707,271,72,39,1,-1,-1,-1
926,526,707,271,72,39,1,-1,-1,-1
927,526,707,271,72,39,1,-1,-1,-1
928,526,707,271,72,39,1,-1,-1,-1
929,526,710,271,69,39,1,-1,-1,-1
930,526,711,271,68,39,1,-1,-1,-1
931,526,711,271,68,39,1,-1,-1,-1
932,526,711,271,68,39,1,-1,-1,-1
933,526,710,271,69,39,1,-1,-1,-1
934,526,710,271,69,39,1,-1,-1,-1
935,526,710,271,69,39,1,-1,-1,-1
936,526,711,271,68,39,1,-1,-1,-1
937,526,709,271,70,39,1,-1,-1,-1
938,526,709,271,71,39,1,-1,-1,-1
939,526,709,271,71,39,1,-1,-1,-1
940,526,708,271,71,39,1,-1,-1,-1
941,526,708,271,71,39,1,-1,-1,-1
942,526,708,271,71,39,1,-1,-1,-1
943,526,708,271,71,39,1,-1,-1,-1
944,526,708,271,71,39,1,-1,-1,-1
945,526,707,270,72,40,1,-1,-1,-1
946,526,707,270,72,40,1,-1,-1,-1
947,526,707,270,72,40,1,-1,-1,-1
948,526,707,270,72,39,1,-1,-1,-1
949,526,707,270,73,39,1,-1,-1,-1
950,526,707,270,73,39,1,-1,-1,-1
951,526,707,270,73,39,1,-1,-1,-1
952,526,707,270,73,39,1,-1,-1,-1
953,526,706,271,73,40,1,-1,-1,-1
954,526,706,271,73,40,1,-1,-1,-1
955,526,706,271,73,40,1,-1,-1,-1
956,526,706,271,73,40,1,-1,-1,-1
957,526,706,271,73,40,1,-1,-1,-1
958,526,706,271,73,40,1,-1,-1,-1
959,526,706,271,73,40,1,-1,-1,-1
960,526,706,271,73,40,1,-1,-1,-1
961,526,709,270,70,39,1,-1,-1,-1
962,526,709,270,70,39,1,-1,-1,-1
963,526,709,270,70,39,1,-1,-1,-1
964,526,709,270,70,39,1,-1,-1,-1
965,526,709,270,70,39,1,-1,-1,-1
966,526,709,270,70,39,1,-1,-1,-1
967,526,709,270,70,39,1,-1,-1,-1
968,526,709,270,70,39,1,-1,-1,-1
969,526,708,271,71,38,1,-1,-1,-1
970,526,708,271,70,38,1,-1,-1,-1
971,526,708,271,70,38,1,-1,-1,-1
972,526,709,271,70,38,1,-1,-1,-1
973,526,709,271,70,38,1,-1,-1,-1
974,526,709,271,70,38,1,-1,-1,-1
975,526,709,271,70,38,1,-1,-1,-1
976,526,709,271,70,38,1,-1,-1,-1
977,526,709,271,70,38,1,-1,-1,-1
978,526,709,271,70,38,1,-1,-1,-1
979,526,709,271,70,38,1,-1,-1,-1
980,526,709,271,70,38,1,-1,-1,-1
981,526,709,271,70,38,1,-1,-1,-1
982,526,709,271,70,38,1,-1,-1,-1
983,526,709,271,70,38,1,-1,-1,-1
984,526,709,271,70,38,1,-1,-1,-1
985,526,710,271,69,38,1,-1,-1,-1
986,526,710,271,69,38,1,-1,-1,-1
987,526,710,271,69,38,1,-1,-1,-1
988,526,710,271,69,38,1,-1,-1,-1
989,526,710,271,69,38,1,-1,-1,-1
990,526,710,271,69,38,1,-1,-1,-1
991,526,710,271,69,38,1,-1,-1,-1
992,526,710,271,69,38,1,-1,-1,-1
993,526,710,271,69,39,1,-1,-1,-1
994,526,711,271,69,39,1,-1,-1,-1
995,526,710,271,69,39,1,-1,-1,-1
996,526,711,271,69,39,1,-1,-1,-1
997,526,712,271,67,38,1,-1,-1,-1
998,526,712,271,67,38,1,-1,-1,-1
999,526,712,271,67,38,1,-1,-1,-1
1000,526,712,271,67,38,1,-1,-1,-1
1001,526,712,271,68,38,1,-1,-1,-1
1002,526,711,271,68,38,1,-1,-1,-1
1003,526,711,271,68,38,1,-1,-1,-1
1004,526,711,271,68,38,1,-1,-1,-1
1005,526,711,271,68,38,1,-1,-1,-1
1006,526,711,271,68,38,1,-1,-1,-1
1007,526,711,271,68,38,1,-1,-1,-1
1008,526,711,271,68,38,1,-1,-1,-1
1009,526,713,271,66,38,1,-1,-1,-1
1010,526,713,271,66,38,1,-1,-1,-1
1011,526,713,271,66,38,1,-1,-1,-1
1012,526,713,271,66,38,1,-1,-1,-1
1013,526,713,271,66,38,1,-1,-1,-1
1014,526,713,271,66,38,1,-1,-1,-1
1015,526,713,271,66,38,1,-1,-1,-1
1016,526,713,271,66,38,1,-1,-1,-1
1017,526,709,271,70,39,1,-1,-1,-1
1018,526,709,271,69,38,1,-1,-1,-1
1019,526,709,271,70,38,1,-1,-1,-1
1020,526,709,271,70,38,1,-1,-1,-1
1021,526,713,271,66,38,1,-1,-1,-1
1022,526,713,271,66,38,1,-1,-1,-1
1023,526,713,271,66,38,1,-1,-1,-1
1024,526,713,271,66,38,1,-1,-1,-1
1025,526,708,271,71,39,1,-1,-1,-1
1026,526,709,271,70,39,1,-1,-1,-1
1027,526,709,271,70,39,1,-1,-1,-1
1028,526,709,271,70,39,1,-1,-1,-1
1029,526,708,271,70,39,1,-1,-1,-1
1030,526,708,271,70,39,1,-1,-1,-1
1031,526,708,271,70,39,1,-1,-1,-1
1032,526,708,271,70,39,1,-1,-1,-1
1033,526,711,271,68,38,1,-1,-1,-1
1034,526,711,271,68,38,1,-1,-1,-1
1035,526,710,271,69,39,1,-1,-1,-1
1036,526,710,271,69,39,1,-1,-1,-1
1037,526,710,271,69,39,1,-1,-1,-1
1038,526,710,271,69,39,1,-1,-1,-1
1039,526,710,271,69,39,1,-1,-1,-1
1040,526,710,271,69,39,1,-1,-1,-1
1041,526,708,271,71,39,1,-1,-1,-1
1042,526,708,271,71,39,1,-1,-1,-1
1043,526,708,271,71,39,1,-1,-1,-1
1044,526,708,271,71,39,1,-1,-1,-1
1045,526,707,271,72,39,1,-1,-1,-1
1046,526,707,271,72,39,1,-1,-1,-1
1047,526,707,271,71,39,1,-1,-1,-1
1048,526,707,271,71,39,1,-1,-1,-1
1049,526,710,271,70,39,1,-1,-1,-1
1050,526,710,271,70,38,1,-1,-1,-1
1051,526,710,271,70,39,1,-1,-1,-1
1052,526,710,271,70,39,1,-1,-1,-1
1053,526,710,271,70,39,1,-1,-1,-1
1054,526,710,271,70,39,1,-1,-1,-1
1055,526,710,271,70,39,1,-1,-1,-1
1056,526,710,271,69,39,1,-1,-1,-1
1057,526,709,272,71,38,1,-1,-1,-1
1058,526,709,272,71,38,1,-1,-1,-1
1059,526,709,272,71,38,1,-1,-1,-1
1060,526,709,272,71,38,1,-1,-1,-1
1061,526,709,272,71,38,1,-1,-1,-1
1062,526,709,272,71,38,1,-1,-1,-1
1063,526,709,272,71,38,1,-1,-1,-1
1064,526,709,272,71,38,1,-1,-1,-1
1065,526,712,271,68,39,1,-1,-1,-1
1066,526,711,271,68,39,1,-1,-1,-1
1067,526,711,271,68,39,1,-1,-1,-1
1068,526,711,271,68,39,1,-1,-1,-1
1069,526,712,271,67,38,1,-1,-1,-1
1070,526,712,271,67,38,1,-1,-1,-1
1071,526,712,271,66,38,1,-1,-1,-1
1072,526,712,271,66,38,1,-1,-1,-1
1073,526,710,271,69,39,1,-1,-1,-1
1074,526,710,271,70,39,1,-1,-1,-1
1075,526,709,271,70,39,1,-1,-1,-1
1076,526,710,271,70,39,1,-1,-1,-1
1077,526,709,271,70,39,1,-1,-1,-1
1078,526,709,271,70,39,1,-1,-1,-1
1079,526,709,271,70,39,1,-1,-1,-1
1080,526,709,271,70,39,1,-1,-1,-1
1081,526,712,271,67,38,1,-1,-1,-1
1082,526,712,271,67,38,1,-1,-1,-1
1083,526,712,271,67,38,1,-1,-1,-1
1084,526,712,271,67,38,1,-1,-1,-1
1085,526,712,271,67,38,1,-1,-1,-1
1086,526,712,271,67,38,1,-1,-1,-1
1087,526,712,271,67,38,1,-1,-1,-1
1088,526,712,271,67,38,1,-1,-1,-1
1089,526,711,271,68,39,1,-1,-1,-1
1090,526,711,271,68,39,1,-1,-1,-1
1091,526,711,271,68,39,1,-1,-1,-1
1092,526,711,271,68,39,1,-1,-1,-1
1093,526,709,271,70,39,1,-1,-1,-1
1094,526,709,271,70,39,1,-1,-1,-1
1095,526,709,271,70,39,1,-1,-1,-1
1096,526,709,271,70,39,1,-1,-1,-1
1097,526,708,271,71,39,1,-1,-1,-1
1098,526,708,271,71,39,1,-1,-1,-1
1099,526,708,271,71,39,1,-1,-1,-1
1100,526,708,271,71,39,1,-1,-1,-1
1101,526,708,271,71,39,1,-1,-1,-1
1102,526,708,271,71,39,1,-1,-1,-1
1103,526,708,271,71,39,1,-1,-1,-1
1104,526,708,271,71,39,1,-1,-1,-1
1105,526,713,271,66,38,1,-1,-1,-1
1106,526,713,271,66,38,1,-1,-1,-1
1107,526,713,271,66,38,1,-1,-1,-1
1108,526,713,271,66,38,1,-1,-1,-1
1109,526,713,271,66,38,1,-1,-1,-1
1110,526,713,271,66,38,1,-1,-1,-1
1111,526,713,271,66,38,1,-1,-1,-1
1112,526,713,271,66,38,1,-1,-1,-1
1113,526,712,271,67,39,1,-1,-1,-1
1114,526,712,271,67,39,1,-1,-1,-1
1115,526,713,271,66,39,1,-1,-1,-1
1116,526,713,271,66,39,1,-1,-1,-1
1117,526,709,271,70,39,1,-1,-1,-1
1118,526,709,271,69,39,1,-1,-1,-1
1119,526,709,271,70,39,1,-1,-1,-1
1120,526,709,271,69,39,1,-1,-1,-1
1121,526,709,270,70,39,1,-1,-1,-1
1122,526,709,270,69,38,1,-1,-1,-1
1123,526,710,270,69,38,1,-1,-1,-1
1124,526,711,270,68,38,1,-1,-1,-1
1125,526,709,271,69,38,1,-1,-1,-1
1126,526,710,271,69,38,1,-1,-1,-1
1127,526,709,271,69,39,1,-1,-1,-1
1128,526,709,271,70,39,1,-1,-1,-1
1129,526,709,271,71,39,1,-1,-1,-1
1130,526,709,271,71,39,1,-1,-1,-1
1131,526,709,271,72,39,1,-1,-1,-1
1132,526,709,271,72,39,1,-1,-1,-1
1133,526,709,271,72,39,1,-1,-1,-1
1134,526,709,271,72,39,1,-1,-1,-1
1135,526,709,271,71,39,1,-1,-1,-1
1136,526,709,271,71,39,1,-1,-1,-1
1137,526,712,271,67,39,1,-1,-1,-1
1138,526,712,271,67,39,1,-1,-1,-1
1139,526,712,271,67,39,1,-1,-1,-1
1140,526,712,271,67,39,1,-1,-1,-1
1141,526,713,271,66,38,1,-1,-1,-1
1142,526,713,271,66,38,1,-1,-1,-1
1143,526,713,271,66,38,1,-1,-1,-1
1144,526,713,271,66,38,1,-1,-1,-1
1145,526,711,271,68,39,1,-1,-1,-1
1146,526,711,271,68,39,1,-1,-1,-1
1147,526,711,271,68,39,1,-1,-1,-1
1148,526,711,271,68,39,1,-1,-1,-1
1149,526,711,271,68,39,1,-1,-1,-1
1150,526,712,271,67,39,1,-1,-1,-1
1151,526,712,271,67,39,1,-1,-1,-1
1152,526,712,271,67,39,1,-1,-1,-1
1153,526,709,271,71,40,1,-1,-1,-1
1154,526,708,271,71,40,1,-1,-1,-1
1155,526,708,271,71,40,1,-1,-1,-1
1156,526,708,271,71,40,1,-1,-1,-1
1157,526,708,271,71,40,1,-1,-1,-1
1158,526,708,271,71,40,1,-1,-1,-1
1159,526,708,271,71,40,1,-1,-1,-1
1160,526,708,271,71,40,1,-1,-1,-1
1161,526,710,271,69,39,1,-1,-1,-1
1162,526,710,271,69,39,1,-1,-1,-1
1163,526,710,271,69,39,1,-1,-1,-1
1164,526,710,271,69,39,1,-1,-1,-1
1165,526,713,271,66,39,1,-1,-1,-1
1166,526,713,271,66,39,1,-1,-1,-1
1167,526,713,271,66,39,1,-1,-1,-1
1168,526,713,271,66,39,1,-1,-1,-1
1169,526,712,271,67,39,1,-1,-1,-1
1170,526,712,271,67,39,1,-1,-1,-1
1171,526,712,271,67,39,1,-1,-1,-1
1172,526,712,271,67,39,1,-1,-1,-1
1173,526,712,271,67,39,1,-1,-1,-1
1174,526,711,271,68,39,1,-1,-1,-1
1175,526,711,271,68,39,1,-1,-1,-1
1176,526,712,271,67,39,1,-1,-1,-1
1177,526,713,271,66,39,1,-1,-1,-1
1178,526,713,271,66,39,1,-1,-1,-1
1179,526,713,271,66,39,1,-1,-1,-1
1180,526,713,271,66,39,1,-1,-1,-1
1181,526,713,271,66,39,1,-1,-1,-1
1182,526,713,271,66,39,1,-1,-1,-1
1183,526,713,271,66,39,1,-1,-1,-1
1184,526,713,271,66,39,1,-1,-1,-1
1185,526,711,271,68,39,1,-1,-1,-1
1186,526,711,271,68,39,1,-1,-1,-1
1187,526,711,271,68,39,1,-1,-1,-1
1188,526,711,271,68,39,1,-1,-1,-1
1189,526,711,271,68,39,1,-1,-1,-1
1190,526,711,271,67,39,1,-1,-1,-1
1191,526,711,271,68,39,1,-1,-1,-1
1192,526,711,271,68,39,1,-1,-1,-1
1193,526,709,271,70,39,1,-1,-1,-1
1194,526,709,271,70,39,1,-1,-1,-1
1195,526,709,271,70,39,1,-1,-1,-1
1196,526,709,271,70,39,1,-1,-1,-1
1197,526,709,271,70,39,1,-1,-1,-1
1198,526,709,271,70,39,1,-1,-1,-1
1199,526,709,271,70,39,1,-1,-1,-1
1200,526,709,271,70,39,1,-1,-1,-1
1201,526,709,271,70,39,1,-1,-1,-1
1202,526,709,271,70,39,1,-1,-1,-1
1203,526,709,271,70,39,1,-1,-1,-1
1204,526,709,271,70,39,1,-1,-1,-1
1205,526,709,271,70,39,1,-1,-1,-1
1206,526,709,271,69,39,1,-1,-1,-1
1207,526,709,271,69,39,1,-1,-1,-1
1208,526,709,271,69,39,1,-1,-1,-1
1209,526,711,271,68,39,1,-1,-1,-1
1210,526,711,271,68,39,1,-1,-1,-1
1211,526,711,271,68,39,1,-1,-1,-1
1212,526,710,271,68,39,1,-1,-1,-1
1213,526,711,271,68,39,1,-1,-1,-1
1214,526,711,271,68,39,1,-1,-1,-1
1215,526,711,271,68,39,1,-1,-1,-1
1216,526,711,271,68,39,1,-1,-1,-1
1217,526,708,271,71,39,1,-1,-1,-1
1218,526,708,271,71,39,1,-1,-1,-1
1219,526,708,271,71,39,1,-1,-1,-1
1220,526,708,271,71,39,1,-1,-1,-1
1221,526,708,270,71,39,1,-1,-1,-1
1222,526,708,270,71,39,1,-1,-1,-1
1223,526,708,270,71,39,1,-1,-1,-1
1224,526,708,270,71,39,1,-1,-1,-1
1225,526,708,271,71,39,1,-1,-1,-1
1226,526,708,271,71,39,1,-1,-1,-1
1227,526,708,271,71,39,1,-1,-1,-1
1228,526,708,271,71,39,1,-1,-1,-1
1229,526,708,271,71,39,1,-1,-1,-1
1230,526,708,271,71,39,1,-1,-1,-1
1231,526,708,271,71,39,1,-1,-1,-1
1232,526,708,271,71,39,1,-1,-1,-1
1233,526,710,271,69,39,1,-1,-1,-1
1234,526,710,271,69,39,1,-1,-1,-1
1235,526,710,271,69,39,1,-1,-1,-1
1236,526,710,271,69,39,1,-1,-1,-1
1237,526,710,271,69,39,1,-1,-1,-1
1238,526,710,271,69,39,1,-1,-1,-1
1239,526,710,271,69,39,1,-1,-1,-1
1240,526,710,271,69,39,1,-1,-1,-1
1241,526,710,271,69,39,1,-1,-1,-1
1242,526,709,271,69,39,1,-1,-1,-1
1243,526,709,271,69,39,1,-1,-1,-1
1244,526,709,271,69,39,1,-1,-1,-1
1245,526,709,271,69,39,1,-1,-1,-1
1246,526,709,271,69,39,1,-1,-1,-1
1247,526,710,271,69,39,1,-1,-1,-1
1248,526,709,271,69,39,1,-1,-1,-1
1249,526,710,271,69,39,1,-1,-1,-1
1250,526,710,271,69,39,1,-1,-1,-1
1251,526,710,271,69,39,1,-1,-1,-1
1252,526,710,271,69,39,1,-1,-1,-1
1253,526,710,271,69,39,1,-1,-1,-1
1254,526,710,271,69,39,1,-1,-1,-1
1255,526,710,271,69,39,1,-1,-1,-1
1256,526,710,271,69,39,1,-1,-1,-1
1257,526,709,270,70,40,1,-1,-1,-1
1258,526,709,270,70,40,1,-1,-1,-1
1259,526,709,270,70,40,1,-1,-1,-1
1260,526,708,270,70,40,1,-1,-1,-1
1261,526,709,270,70,40,1,-1,-1,-1
1262,526,709,270,70,40,1,-1,-1,-1
1263,526,709,270,70,40,1,-1,-1,-1
1264,526,709,270,70,40,1,-1,-1,-1
1265,526,707,270,72,39,1,-1,-1,-1
1266,526,707,270,72,40,1,-1,-1,-1
1267,526,707,270,72,40,1,-1,-1,-1
1268,526,707,270,72,40,1,-1,-1,-1
1269,526,707,270,72,40,1,-1,-1,-1
1270,526,707,271,72,39,1,-1,-1,-1
1271,526,707,270,72,39,1,-1,-1,-1
1272,526,707,270,72,39,1,-1,-1,-1
1273,526,710,271,69,38,1,-1,-1,-1
1274,526,710,271,69,38,1,-1,-1,-1
1275,526,710,271,69,38,1,-1,-1,-1
1276,526,710,271,69,38,1,-1,-1,-1
1277,526,710,271,69,38,1,-1,-1,-1
1278,526,710,271,69,38,1,-1,-1,-1
1279,526,710,271,69,38,1,-1,-1,-1
1280,526,710,271,69,38,1,-1,-1,-1
1281,526,710,271,69,39,1,-1,-1,-1
1282,526,710,271,69,39,1,-1,-1,-1
1283,526,710,271,69,38,1,-1,-1,-1
1284,526,710,271,69,39,1,-1,-1,-1
1285,526,709,270,70,39,1,-1,-1,-1
1286,526,709,270,70,39,1,-1,-1,-1
1287,526,709,270,70,39,1,-1,-1,-1
1288,526,709,270,70,39,1,-1,-1,-1
1289,526,709,271,70,39,1,-1,-1,-1
1290,526,709,271,70,39,1,-1,-1,-1
1291,526,709,271,70,39,1,-1,-1,-1
1292,526,709,271,70,39,1,-1,-1,-1
1293,526,709,271,70,39,1,-1,-1,-1
1294,526,709,271,70,39,1,-1,-1,-1
1295,526,709,271,70,39,1,-1,-1,-1
1296,526,709,271,70,39,1,-1,-1,-1
1297,526,708,271,71,39,1,-1,-1,-1
1298,526,708,271,71,39,1,-1,-1,-1
1299,526,708,271,71,39,1,-1,-1,-1
1300,526,708,271,71,39,1,-1,-1,-1
1301,526,708,271,71,39,1,-1,-1,-1
1302,526,708,271,71,39,1,-1,-1,-1
1303,526,708,271,71,39,1,-1,-1,-1
1304,526,708,271,71,39,1,-1,-1,-1
1305,526,709,271,70,39,1,-1,-1,-1
1306,526,709,271,70,39,1,-1,-1,-1
1307,526,709,271,70,39,1,-1,-1,-1
1308,526,709,271,70,39,1,-1,-1,-1
1309,526,709,271,70,39,1,-1,-1,-1
1310,526,709,271,70,39,1,-1,-1,-1
1311,526,709,271,70,39,1,-1,-1,-1
1312,526,709,271,70,39,1,-1,-1,-1
1313,526,712,271,67,39,1,-1,-1,-1
1314,526,712,271,67,39,1,-1,-1,-1
1315,526,712,271,67,39,1,-1,-1,-1
1316,526,712,271,67,39,1,-1,-1,-1
1317,526,712,271,67,39,1,-1,-1,-1
1318,526,712,271,67,39,1,-1,-1,-1
1319,526,712,271,67,39,1,-1,-1,-1
1320,526,712,271,67,39,1,-1,-1,-1
1321,526,712,271,67,38,1,-1,-1,-1
1322,526,712,271,67,38,1,-1,-1,-1
1323,526,712,271,67,38,1,-1,-1,-1
1324,526,712,271,67,38,1,-1,-1,-1
1325,526,712,271,67,38,1,-1,-1,-1
1326,526,712,271,67,38,1,-1,-1,-1
1327,526,712,271,67,38,1,-1,-1,-1
1328,526,712,271,67,38,1,-1,-1,-1
1329,526,711,271,68,39,1,-1,-1,-1
1330,526,711,271,69,39,1,-1,-1,-1
1331,526,711,271,69,39,1,-1,-1,-1
1332,526,711,271,68,39,1,-1,-1,-1
1333,526,711,271,68,38,1,-1,-1,-1
1334,526,711,271,68,38,1,-1,-1,-1
1335,526,711,271,69,38,1,-1,-1,-1
1336,526,711,271,69,38,1,-1,-1,-1
1337,526,709,271,70,39,1,-1,-1,-1
1338,526,709,271,70,39,1,-1,-1,-1
1339,526,709,271,70,39,1,-1,-1,-1
1340,526,709,271,70,39,1,-1,-1,-1
1341,526,709,271,70,39,1,-1,-1,-1
1342,526,709,271,70,39,1,-1,-1,-1
1343,526,709,271,70,39,1,-1,-1,-1
1344,526,709,271,70,39,1,-1,-1,-1
1345,526,712,271,67,39,1,-1,-1,-1
1346,526,712,271,67,39,1,-1,-1,-1
1347,526,712,271,67,39,1,-1,-1,-1
1348,526,712,271,67,39,1,-1,-1,-1
1349,526,712,271,67,39,1,-1,-1,-1
1350,526,712,271,67,39,1,-1,-1,-1
1351,526,712,271,67,38,1,-1,-1,-1
1352,526,712,271,67,38,1,-1,-1,-1
1353,526,713,271,67,38,1,-1,-1,-1
1354,526,712,271,67,38,1,-1,-1,-1
1355,526,713,271,67,38,1,-1,-1,-1
1356,526,713,271,67,38,1,-1,-1,-1
1357,526,712,271,68,38,1,-1,-1,-1
1358,526,712,271,68,38,1,-1,-1,-1
1359,526,712,271,68,38,1,-1,-1,-1
1360,526,712,271,68,38,1,-1,-1,-1
1361,526,709,271,70,39,1,-1,-1,-1
1362,526,709,271,70,39,1,-1,-1,-1
1363,526,709,271,70,39,1,-1,-1,-1
1364,526,709,271,71,39,1,-1,-1,-1
1365,526,709,271,70,39,1,-1,-1,-1
1366,526,709,271,70,39,1,-1,-1,-1
1367,526,709,271,70,39,1,-1,-1,-1
1368,526,709,271,70,39,1,-1,-1,-1
1369,526,710,271,69,39,1,-1,-1,-1
1370,526,710,271,69,39,1,-1,-1,-1
1371,526,710,271,69,39,1,-1,-1,-1
1372,526,710,271,69,39,1,-1,-1,-1
1373,526,710,271,69,39,1,-1,-1,-1
1374,526,710,271,69,39,1,-1,-1,-1
1375,526,710,271,69,39,1,-1,-1,-1
1376,526,710,271,69,39,1,-1,-1,-1
1377,526,709,271,69,39,1,-1,-1,-1
1378,526,709,271,69,39,1,-1,-1,-1
1379,526,711,271,68,39,1,-1,-1,-1
1380,526,711,271,68,39,1,-1,-1,-1
1381,526,709,271,70,39,1,-1,-1,-1
1382,526,709,271,70,39,1,-1,-1,-1
1383,526,709,271,70,39,1,-1,-1,-1
1384,526,709,271,70,39,1,-1,-1,-1
1385,526,711,271,68,39,1,-1,-1,-1
1386,526,711,271,68,39,1,-1,-1,-1
1387,526,711,271,68,39,1,-1,-1,-1
1388,526,711,271,68,39,1,-1,-1,-1
1389,526,711,271,68,39,1,-1,-1,-1
1390,526,711,271,68,39,1,-1,-1,-1
1391,526,710,271,69,38,1,-1,-1,-1
1392,526,710,271,69,38,1,-1,-1,-1
1393,526,709,271,70,38,1,-1,-1,-1
1394,526,709,271,70,38,1,-1,-1,-1
1395,526,709,271,70,38,1,-1,-1,-1
1396,526,709,271,70,38,1,-1,-1,-1
1397,526,709,271,70,38,1,-1,-1,-1
1398,526,709,271,70,38,1,-1,-1,-1
1399,526,709,271,70,38,1,-1,-1,-1
1400,526,709,271,70,38,1,-1,-1,-1
1401,526,710,271,69,39,1,-1,-1,-1
1402,526,710,271,69,39,1,-1,-1,-1
1403,526,710,271,69,39,1,-1,-1,-1
1404,526,710,271,69,39,1,-1,-1,-1
1405,526,709,271,71,39,1,-1,-1,-1
1406,526,709,271,71,39,1,-1,-1,-1
1407,526,709,271,71,39,1,-1,-1,-1
1408,526,709,271,71,39,1,-1,-1,-1
1409,526,708,271,71,39,1,-1,-1,-1
1410,526,708,271,71,39,1,-1,-1,-1
1411,526,708,271,71,39,1,-1,-1,-1
1412,526,708,271,71,39,1,-1,-1,-1
1413,526,708,271,71,39,1,-1,-1,-1
1414,526,708,271,71,39,1,-1,-1,-1
1415,526,709,271,71,39,1,-1,-1,-1
1416,526,709,271,71,39,1,-1,-1,-1
1417,526,711,271,68,38,1,-1,-1,-1
1418,526,711,271,68,38,1,-1,-1,-1
1419,526,711,271,68,38,1,-1,-1,-1
1420,526,711,271,68,38,1,-1,-1,-1
1421,526,711,271,68,38,1,-1,-1,-1
1422,526,711,271,68,38,1,-1,-1,-1
1423,526,711,271,68,38,1,-1,-1,-1
1424,526,711,271,68,38,1,-1,-1,-1
1425,526,711,271,68,38,1,-1,-1,-1
1426,526,711,271,68,38,1,-1,-1,-1
1427,526,711,271,68,38,1,-1,-1,-1
1428,526,712,271,68,38,1,-1,-1,-1
1429,526,711,271,69,39,1,-1,-1,-1
1430,526,711,271,69,39,1,-1,-1,-1
1431,526,710,271,69,39,1,-1,-1,-1
1432,526,710,271,69,39,1,-1,-1,-1
1433,526,707,271,73,38,1,-1,-1,-1
1434,526,707,271,73,38,1,-1,-1,-1
1435,526,707,271,73,38,1,-1,-1,-1
1436,526,707,271,73,38,1,-1,-1,-1
1437,526,707,271,73,38,1,-1,-1,-1
1438,526,707,271,73,38,1,-1,-1,-1
1439,526,708,271,73,38,1,-1,-1,-1
1440,526,707,271,73,38,1,-1,-1,-1
1441,526,710,271,70,39,1,-1,-1,-1
1442,526,710,271,70,39,1,-1,-1,-1
1443,526,710,271,70,39,1,-1,-1,-1
1444,526,710,271,70,39,1,-1,-1,-1
1445,526,710,271,70,39,1,-1,-1,-1
1446,526,710,271,70,39,1,-1,-1,-1
1447,526,710,271,70,39,1,-1,-1,-1
1448,526,710,271,70,39,1,-1,-1,-1
1449,526,710,271,70,38,1,-1,-1,-1
1450,526,710,271,70,38,1,-1,-1,-1
1451,526,710,271,70,38,1,-1,-1,-1
1452,526,710,271,70,38,1,-1,-1,-1
1453,526,710,271,70,38,1,-1,-1,-1
1454,526,711,271,69,39,1,-1,-1,-1
1455,526,711,271,68,39,1,-1,-1,-1
1456,526,710,271,70,38,1,-1,-1,-1
1457,526,709,271,71,38,1,-1,-1,-1
1458,526,709,271,71,38,1,-1,-1,-1
1459,526,710,271,70,38,1,-1,-1,-1
1460,526,708,271,72,38,1,-1,-1,-1
1461,526,708,271,72,38,1,-1,-1,-1
1462,526,710,271,71,38,1,-1,-1,-1
1463,526,710,271,70,38,1,-1,-1,-1
1464,526,710,271,71,38,1,-1,-1,-1
1465,526,714,271,66,38,1,-1,-1,-1
1466,526,714,271,66,38,1,-1,-1,-1
1467,526,714,271,66,39,1,-1,-1,-1
1468,526,714,271,66,39,1,-1,-1,-1
1469,526,714,271,66,39,1,-1,-1,-1
1470,526,714,271,66,39,1,-1,-1,-1
1471,526,714,271,66,39,1,-1,-1,-1
1472,526,714,271,66,39,1,-1,-1,-1
1473,526,712,271,67,38,1,-1,-1,-1
1474,526,712,271,67,38,1,-1,-1,-1
1475,526,712,271,68,38,1,-1,-1,-1
1476,526,712,271,67,38,1,-1,-1,-1
1477,526,710,271,69,38,1,-1,-1,-1
1478,526,710,271,69,38,1,-1,-1,-1
1479,526,710,271,69,38,1,-1,-1,-1
1480,526,710,271,69,38,1,-1,-1,-1
1481,526,709,271,71,38,1,-1,-1,-1
1482,526,711,271,69,38,1,-1,-1,-1
1483,526,711,271,69,38,1,-1,-1,-1
1484,526,711,271,69,38,1,-1,-1,-1
1485,526,711,271,69,38,1,-1,-1,-1
1486,526,709,271,70,38,1,-1,-1,-1
1487,526,709,271,71,38,1,-1,-1,-1
1488,526,709,271,70,38,1,-1,-1,-1
1489,526,708,271,71,38,1,-1,-1,-1
1490,526,708,271,71,38,1,-1,-1,-1
1491,526,708,271,71,38,1,-1,-1,-1
1492,526,708,271,71,38,1,-1,-1,-1
1493,526,708,271,72,38,1,-1,-1,-1
1494,526,708,271,72,38,1,-1,-1,-1
1495,526,708,271,71,38,1,-1,-1,-1
1496,526,708,271,72,38,1,-1,-1,-1
1497,526,710,271,70,38,1,-1,-1,-1
1498,526,709,271,70,38,1,-1,-1,-1
1499,526,709,271,70,38,1,-1,-1,-1
1500,526,709,271,70,38,1,-1,-1,-1
1501,526,712,271,67,38,1,-1,-1,-1
1502,526,712,271,67,38,1,-1,-1,-1
1503,526,712,271,67,38,1,-1,-1,-1
1504,526,712,271,67,38,1,-1,-1,-1
1505,526,711,271,69,38,1,-1,-1,-1
1506,526,711,271,68,38,1,-1,-1,-1
1507,526,711,271,68,38,1,-1,-1,-1
1508,526,711,271,68,38,1,-1,-1,-1
1509,526,711,271,68,38,1,-1,-1,-1
1510,526,713,271,67,38,1,-1,-1,-1
1511,526,713,271,67,38,1,-1,-1,-1
1512,526,713,271,67,38,1,-1,-1,-1
1513,526,710,271,69,38,1,-1,-1,-1
1514,526,710,271,69,38,1,-1,-1,-1
1515,526,710,271,69,38,1,-1,-1,-1
1516,526,710,271,69,38,1,-1,-1,-1
1517,526,710,271,69,38,1,-1,-1,-1
1518,526,710,271,69,38,1,-1,-1,-1
1519,526,709,271,69,38,1,-1,-1,-1
1520,526,709,271,70,38,1,-1,-1,-1
1521,526,708,271,72,38,1,-1,-1,-1
1522,526,708,271,72,38,1,-1,-1,-1
1523,526,708,271,72,38,1,-1,-1,-1
1524,526,707,271,73,38,1,-1,-1,-1
1525,526,708,271,72,38,1,-1,-1,-1
1526,526,708,271,72,38,1,-1,-1,-1
1527,526,708,271,72,38,1,-1,-1,-1
1528,526,707,271,72,38,1,-1,-1,-1
1529,526,708,271,72,38,1,-1,-1,-1
1530,526,707,271,72,39,1,-1,-1,-1
1531,526,707,271,72,38,1,-1,-1,-1
1532,526,707,271,72,38,1,-1,-1,-1
1533,526,707,271,72,38,1,-1,-1,-1
1534,526,707,271,72,38,1,-1,-1,-1
1535,526,707,271,72,38,1,-1,-1,-1
1536,526,707,271,72,38,1,-1,-1,-1
1537,526,707,271,72,38,1,-1,-1,-1
1538,526,708,271,72,38,1,-1,-1,-1
1539,526,708,271,72,38,1,-1,-1,-1
1540,526,708,271,72,38,1,-1,-1,-1
1541,526,707,271,72,38,1,-1,-1,-1
1542,526,707,271,72,39,1,-1,-1,-1
1543,526,708,271,72,39,1,-1,-1,-1
1544,526,708,271,72,39,1,-1,-1,-1
1545,526,708,271,72,38,1,-1,-1,-1
1546,526,708,271,71,38,1,-1,-1,-1
1547,526,708,271,71,38,1,-1,-1,-1
1548,526,708,271,71,38,1,-1,-1,-1
1549,526,710,271,70,38,1,-1,-1,-1
1550,526,710,271,70,38,1,-1,-1,-1
1551,526,710,271,70,38,1,-1,-1,-1
1552,526,710,271,70,38,1,-1,-1,-1
1553,526,709,271,71,38,1,-1,-1,-1
1554,526,709,271,71,38,1,-1,-1,-1
1555,526,709,271,71,38,1,-1,-1,-1
1556,526,709,271,71,38,1,-1,-1,-1
1557,526,708,271,71,38,1,-1,-1,-1
1558,526,709,271,71,38,1,-1,-1,-1
1559,526,709,271,70,38,1,-1,-1,-1
1560,526,709,271,70,38,1,-1,-1,-1
1561,526,708,271,71,38,1,-1,-1,-1
1562,526,708,271,71,38,1,-1,-1,-1
1563,526,708,271,71,38,1,-1,-1,-1
1564,526,708,271,71,39,1,-1,-1,-1
1565,526,708,271,71,39,1,-1,-1,-1
1566,526,708,271,71,39,1,-1,-1,-1
1567,526,708,271,71,39,1,-1,-1,-1
1568,526,708,271,71,39,1,-1,-1,-1
1569,526,708,270,71,38,1,-1,-1,-1
1570,526,708,270,71,38,1,-1,-1,-1
1571,526,708,270,71,38,1,-1,-1,-1
1572,526,708,270,71,38,1,-1,-1,-1
1573,526,708,270,71,39,1,-1,-1,-1
1574,526,708,270,71,38,1,-1,-1,-1
1575,526,709,271,70,39,1,-1,-1,-1
1576,526,709,271,70,39,1,-1,-1,-1
1577,526,710,271,70,39,1,-1,-1,-1
1578,526,710,271,70,39,1,-1,-1,-1
1579,526,710,271,69,39,1,-1,-1,-1
1580,526,708,271,71,39,1,-1,-1,-1
1581,526,710,271,70,39,1,-1,-1,-1
1582,526,710,271,70,39,1,-1,-1,-1
1583,526,711,271,69,39,1,-1,-1,-1
1584,526,710,271,69,39,1,-1,-1,-1
1585,526,710,270,69,39,1,-1,-1,-1
1586,526,710,270,69,39,1,-1,-1,-1
1587,526,710,270,69,39,1,-1,-1,-1
1588,526,710,270,69,39,1,-1,-1,-1
1589,526,710,270,69,39,1,-1,-1,-1
1590,526,710,270,69,39,1,-1,-1,-1
1591,526,711,271,69,39,1,-1,-1,-1
1592,526,711,271,69,39,1,-1,-1,-1
1593,526,713,271,67,38,1,-1,-1,-1
1594,526,713,271,67,38,1,-1,-1,-1
1595,526,713,271,67,38,1,-1,-1,-1
1596,526,713,271,67,38,1,-1,-1,-1
1597,526,711,271,69,38,1,-1,-1,-1
1598,526,711,271,69,38,1,-1,-1,-1
1599,526,710,271,69,38,1,-1,-1,-1
1600,526,710,271,69,38,1,-1,-1,-1
1601,526,710,271,69,39,1,-1,-1,-1
1602,526,710,271,69,39,1,-1,-1,-1
1603,526,710,271,69,39,1,-1,-1,-1
1604,526,711,271,69,39,1,-1,-1,-1
1605,526,710,271,69,39,1,-1,-1,-1
1606,526,710,271,70,39,1,-1,-1,-1
1607,526,710,271,70,39,1,-1,-1,-1
1608,526,709,271,70,39,1,-1,-1,-1
1609,526,710,271,69,39,1,-1,-1,-1
1610,526,710,271,69,39,1,-1,-1,-1
1611,526,710,271,69,39,1,-1,-1,-1
1612,526,710,271,69,39,1,-1,-1,-1
1613,526,710,271,69,39,1,-1,-1,-1
1614,526,710,271,69,39,1,-1,-1,-1
1615,526,710,271,69,39,1,-1,-1,-1
1616,526,710,271,69,39,1,-1,-1,-1
1617,526,710,271,69,39,1,-1,-1,-1
1618,526,710,271,69,39,1,-1,-1,-1
1619,526,709,271,70,39,1,-1,-1,-1
1620,526,709,270,71,39,1,-1,-1,-1
1621,526,710,271,70,39,1,-1,-1,-1
1622,526,708,271,71,39,1,-1,-1,-1
1623,526,709,271,70,39,1,-1,-1,-1
1624,526,710,271,69,39,1,-1,-1,-1
1625,526,710,271,69,39,1,-1,-1,-1
1626,526,710,271,69,38,1,-1,-1,-1
1627,526,710,271,69,39,1,-1,-1,-1
1628,526,711,271,68,39,1,-1,-1,-1
1629,526,709,271,69,39,1,-1,-1,-1
1630,526,709,271,70,39,1,-1,-1,-1
1631,526,708,271,70,39,1,-1,-1,-1
1632,526,708,271,70,39,1,-1,-1,-1
1633,526,710,270,69,39,1,-1,-1,-1
1634,526,710,271,69,39,1,-1,-1,-1
1635,526,710,271,70,39,1,-1,-1,-1
1636,526,709,271,70,39,1,-1,-1,-1
1637,526,710,271,69,39,1,-1,-1,-1
1638,526,709,271,69,39,1,-1,-1,-1
1639,526,710,271,69,39,1,-1,-1,-1
1640,526,710,271,69,39,1,-1,-1,-1
1641,526,709,271,70,39,1,-1,-1,-1
1642,526,709,271,70,39,1,-1,-1,-1
1643,526,709,271,70,39,1,-1,-1,-1
1644,526,708,271,70,38,1,-1,-1,-1
1645,526,709,271,70,39,1,-1,-1,-1
1646,526,709,271,70,39,1,-1,-1,-1
1647,526,708,270,70,39,1,-1,-1,-1
1648,526,709,270,70,39,1,-1,-1,-1
1649,526,710,270,70,39,1,-1,-1,-1
1650,526,710,270,70,39,1,-1,-1,-1
1651,526,710,270,70,39,1,-1,-1,-1
1652,526,710,270,69,39,1,-1,-1,-1
1653,526,710,270,69,39,1,-1,-1,-1
1654,526,711,271,69,39,1,-1,-1,-1
1655,526,711,271,68,39,1,-1,-1,-1
1656,526,711,271,68,39,1,-1,-1,-1
1657,526,708,271,71,39,1,-1,-1,-1
1658,526,708,271,71,39,1,-1,-1,-1
1659,526,708,271,71,39,1,-1,-1,-1
1660,526,708,271,71,39,1,-1,-1,-1
1661,526,709,271,71,39,1,-1,-1,-1
1662,526,709,271,71,39,1,-1,-1,-1
1663,526,709,271,71,39,1,-1,-1,-1
1664,526,709,271,71,39,1,-1,-1,-1
1665,526,707,271,72,39,1,-1,-1,-1
1666,526,707,271,72,39,1,-1,-1,-1
1667,526,707,271,72,39,1,-1,-1,-1
1668,526,707,271,72,40,1,-1,-1,-1
1669,526,709,271,71,39,1,-1,-1,-1
1670,526,709,271,71,39,1,-1,-1,-1
1671,526,709,271,71,39,1,-1,-1,-1
1672,526,709,271,71,39,1,-1,-1,-1
1673,526,707,271,71,39,1,-1,-1,-1
1674,526,707,271,71,39,1,-1,-1,-1
1675,526,707,271,71,40,1,-1,-1,-1
1676,526,707,271,71,40,1,-1,-1,-1
1677,526,707,271,72,40,1,-1,-1,-1
1678,526,707,271,72,40,1,-1,-1,-1
1679,526,707,271,72,40,1,-1,-1,-1
1680,526,707,271,72,40,1,-1,-1,-1
1681,526,710,271,71,39,1,-1,-1,-1
1682,526,710,271,71,39,1,-1,-1,-1
1683,526,709,271,70,39,1,-1,-1,-1
1684,526,709,271,70,39,1,-1,-1,-1
1685,526,709,271,70,39,1,-1,-1,-1
1686,526,710,271,70,39,1,-1,-1,-1
1687,526,709,271,70,39,1,-1,-1,-1
1688,526,709,271,70,39,1,-1,-1,-1
1689,526,709,271,70,39,1,-1,-1,-1
1690,526,710,271,71,38,1,-1,-1,-1
1691,526,710,271,71,39,1,-1,-1,-1
1692,526,709,271,70,39,1,-1,-1,-1
1693,526,710,271,71,39,1,-1,-1,-1
1694,526,710,271,71,39,1,-1,-1,-1
1695,526,710,271,71,39,1,-1,-1,-1
1696,526,710,271,72,39,1,-1,-1,-1
1697,526,711,272,69,38,1,-1,-1,-1
1698,526,711,272,69,38,1,-1,-1,-1
1699,526,711,272,69,38,1,-1,-1,-1
1700,526,710,272,69,38,1,-1,-1,-1
1701,526,710,272,69,38,1,-1,-1,-1
1702,526,710,272,69,38,1,-1,-1,-1
1703,526,710,272,69,38,1,-1,-1,-1
1704,526,710,272,69,38,1,-1,-1,-1
1705,526,710,270,68,39,1,-1,-1,-1
1706,526,710,270,68,39,1,-1,-1,-1
1707,526,710,270,68,39,1,-1,-1,-1
1708,526,710,270,68,39,1,-1,-1,-1
1709,526,710,270,69,39,1,-1,-1,-1
1710,526,710,270,69,39,1,-1,-1,-1
1711,526,710,270,69,39,1,-1,-1,-1
1712,526,710,270,69,39,1,-1,-1,-1
1713,526,707,270,72,40,1,-1,-1,-1
1714,526,707,270,72,40,1,-1,-1,-1
1715,526,707,270,72,40,1,-1,-1,-1
1716,526,708,270,71,40,1,-1,-1,-1
1717,526,709,270,71,40,1,-1,-1,-1
1718,526,709,271,70,40,1,-1,-1,-1
1719,526,710,271,70,40,1,-1,-1,-1
1720,526,710,271,70,40,1,-1,-1,-1
1721,526,709,271,70,40,1,-1,-1,-1
1722,526,710,271,70,40,1,-1,-1,-1
1723,526,709,271,70,40,1,-1,-1,-1
1724,526,709,271,70,40,1,-1,-1,-1
1725,526,709,271,70,40,1,-1,-1,-1
1726,526,709,271,70,40,1,-1,-1,-1
1727,526,709,271,70,40,1,-1,-1,-1
1728,526,709,271,70,40,1,-1,-1,-1
1729,526,708,271,73,39,1,-1,-1,-1
1730,526,708,271,73,39,1,-1,-1,-1
1731,526,708,271,73,39,1,-1,-1,-1
1732,526,709,271,73,39,1,-1,-1,-1
1733,526,709,271,72,39,1,-1,-1,-1
1734,526,709,271,72,39,1,-1,-1,-1
1735,526,709,271,73,39,1,-1,-1,-1
1736,526,709,271,73,39,1,-1,-1,-1
1737,526,707,270,72,40,1,-1,-1,-1
1738,526,707,270,72,40,1,-1,-1,-1
1739,526,707,270,72,40,1,-1,-1,-1
1740,526,707,270,72,40,1,-1,-1,-1
1741,526,707,270,72,39,1,-1,-1,-1
1742,526,707,270,72,39,1,-1,-1,-1
1743,526,707,271,72,39,1,-1,-1,-1
1744,526,707,270,72,39,1,-1,-1,-1
1745,526,708,271,71,39,1,-1,-1,-1
1746,526,708,271,71,39,1,-1,-1,-1
1747,526,708,271,71,39,1,-1,-1,-1
1748,526,708,271,71,39,1,-1,-1,-1
1749,526,708,271,71,39,1,-1,-1,-1
1750,526,708,271,71,39,1,-1,-1,-1
1751,526,708,271,71,39,1,-1,-1,-1
1752,526,708,271,71,39,1,-1,-1,-1
1753,526,709,271,70,39,1,-1,-1,-1
1754,526,708,271,70,39,1,-1,-1,-1
1755,526,709,271,69,38,1,-1,-1,-1
1756,526,709,271,70,38,1,-1,-1,-1
1757,526,708,271,70,38,1,-1,-1,-1
1758,526,710,271,71,38,1,-1,-1,-1
1759,526,710,271,70,38,1,-1,-1,-1
1760,526,710,271,70,38,1,-1,-1,-1
1761,526,709,271,72,38,1,-1,-1,-1
1762,526,709,271,72,38,1,-1,-1,-1
1763,526,709,271,72,38,1,-1,-1,-1
1764,526,709,271,72,38,1,-1,-1,-1
1765,526,710,271,71,38,1,-1,-1,-1
1766,526,710,271,71,38,1,-1,-1,-1
1767,526,710,271,71,38,1,-1,-1,-1
1768,526,710,271,71,38,1,-1,-1,-1
1769,526,709,271,70,39,1,-1,-1,-1
1770,526,709,271,70,39,1,-1,-1,-1
1771,526,708,271,70,39,1,-1,-1,-1
1772,526,708,271,70,39,1,-1,-1,-1
1773,526,708,271,70,39,1,-1,-1,-1
1774,526,708,271,71,39,1,-1,-1,-1
1775,526,708,271,70,39,1,-1,-1,-1
1776,526,708,271,70,39,1,-1,-1,-1
1777,526,710,271,68,39,1,-1,-1,-1
1778,526,710,271,69,39,1,-1,-1,-1
1779,526,710,271,69,39,1,-1,-1,-1
1780,526,710,271,68,39,1,-1,-1,-1
1781,526,710,271,68,39,1,-1,-1,-1
1782,526,711,271,68,39,1,-1,-1,-1
1783,526,711,271,68,39,1,-1,-1,-1
1784,526,711,271,68,39,1,-1,-1,-1
1785,526,710,271,69,39,1,-1,-1,-1
1786,526,710,271,69,39,1,-1,-1,-1
1787,526,710,271,69,39,1,-1,-1,-1
1788,526,710,271,69,39,1,-1,-1,-1
1789,526,709,271,70,39,1,-1,-1,-1
1790,526,710,272,71,39,1,-1,-1,-1
1791,526,709,271,70,39,1,-1,-1,-1
1792,526,709,271,70,39,1,-1,-1,-1
1793,526,709,271,71,39,1,-1,-1,-1
1794,526,709,271,71,39,1,-1,-1,-1
1795,526,709,271,71,39,1,-1,-1,-1
1796,526,709,271,71,39,1,-1,-1,-1
1797,526,709,271,71,39,1,-1,-1,-1
1798,526,709,271,71,39,1,-1,-1,-1
1799,526,708,271,71,39,1,-1,-1,-1
1800,526,708,271,71,39,1,-1,-1,-1
1801,526,712,271,67,38,1,-1,-1,-1
1802,526,712,271,67,38,1,-1,-1,-1
1803,526,712,271,66,38,1,-1,-1,-1
1804,526,712,271,67,38,1,-1,-1,-1
1805,526,712,271,67,38,1,-1,-1,-1
1806,526,712,271,67,38,1,-1,-1,-1
1807,526,712,271,67,38,1,-1,-1,-1
1808,526,712,271,67,38,1,-1,-1,-1
1809,526,712,271,67,39,1,-1,-1,-1
1810,526,712,271,67,39,1,-1,-1,-1
1811,526,712,271,67,39,1,-1,-1,-1
1812,526,712,271,67,39,1,-1,-1,-1
1813,526,712,271,67,39,1,-1,-1,-1
1814,526,712,271,67,39,1,-1,-1,-1
1815,526,712,271,68,39,1,-1,-1,-1
1816,526,712,271,68,39,1,-1,-1,-1
1817,526,712,271,67,39,1,-1,-1,-1
1818,526,712,271,67,39,1,-1,-1,-1
1819,526,712,271,67,39,1,-1,-1,-1
1820,526,712,271,67,39,1,-1,-1,-1
1821,526,712,271,67,39,1,-1,-1,-1
1822,526,712,271,67,39,1,-1,-1,-1
1823,526,713,271,67,39,1,-1,-1,-1
1824,526,713,271,67,39,1,-1,-1,-1
1825,526,710,271,69,39,1,-1,-1,-1
1826,526,710,271,69,39,1,-1,-1,-1
1827,526,710,271,69,39,1,-1,-1,-1
1828,526,710,271,69,39,1,-1,-1,-1
1829,526,710,271,69,39,1,-1,-1,-1
1830,526,710,271,69,39,1,-1,-1,-1
1831,526,710,271,69,39,1,-1,-1,-1
1832,526,710,271,69,39,1,-1,-1,-1
1833,526,713,271,66,39,1,-1,-1,-1
1834,526,712,271,66,39,1,-1,-1,-1
1835,526,712,271,66,39,1,-1,-1,-1
1836,526,713,271,66,39,1,-1,-1,-1
1837,526,712,271,66,39,1,-1,-1,-1
1838,526,712,271,66,39,1,-1,-1,-1
1839,526,712,271,67,39,1,-1,-1,-1
1840,526,712,271,66,39,1,-1,-1,-1
1841,526,712,271,66,39,1,-1,-1,-1
1842,526,712,271,66,39,1,-1,-1,-1
1843,526,713,271,66,39,1,-1,-1,-1
1844,526,712,271,67,39,1,-1,-1,-1
1845,526,712,271,67,39,1,-1,-1,-1
1846,526,712,271,67,39,1,-1,-1,-1
1847,526,712,271,66,39,1,-1,-1,-1
1848,526,711,271,67,39,1,-1,-1,-1
1849,526,709,271,70,39,1,-1,-1,-1
1850,526,708,271,70,39,1,-1,-1,-1
1851,526,709,272,71,39,1,-1,-1,-1
1852,526,708,271,70,39,1,-1,-1,-1
1853,526,710,272,71,38,1,-1,-1,-1
1854,526,710,272,70,38,1,-1,-1,-1
1855,526,710,272,70,38,1,-1,-1,-1
1856,526,711,271,68,38,1,-1,-1,-1
1857,526,711,271,68,39,1,-1,-1,-1
1858,526,710,271,69,39,1,-1,-1,-1
1859,526,711,271,68,39,1,-1,-1,-1
1860,526,712,271,67,39,1,-1,-1,-1
1861,526,712,271,67,39,1,-1,-1,-1
1862,526,712,271,67,39,1,-1,-1,-1
1863,526,712,271,67,39,1,-1,-1,-1
1864,526,712,271,67,39,1,-1,-1,-1
1865,526,711,271,70,42,1,-1,-1,-1
1866,526,711,271,70,42,1,-1,-1,-1
1867,526,711,271,70,43,1,-1,-1,-1
1868,526,711,271,70,42,1,-1,-1,-1
1869,526,710,271,71,43,1,-1,-1,-1
1870,526,710,271,71,43,1,-1,-1,-1
1871,526,710,271,71,43,1,-1,-1,-1
1872,526,710,271,70,43,1,-1,-1,-1
1873,526,710,271,69,39,1,-1,-1,-1
1874,526,712,271,68,42,1,-1,-1,-1
1875,526,712,271,68,41,1,-1,-1,-1
1876,526,710,271,69,38,1,-1,-1,-1
1877,526,710,271,69,38,1,-1,-1,-1
1878,526,711,271,69,42,1,-1,-1,-1
1879,526,709,271,70,39,1,-1,-1,-1
1880,526,709,271,70,39,1,-1,-1,-1
1881,526,710,271,69,39,1,-1,-1,-1
1882,526,710,271,69,39,1,-1,-1,-1
1883,526,710,271,69,39,1,-1,-1,-1
1884,526,710,271,69,39,1,-1,-1,-1
1885,526,709,271,70,39,1,-1,-1,-1
1886,526,709,271,70,39,1,-1,-1,-1
1887,526,710,271,70,42,1,-1,-1,-1
1888,526,709,271,70,39,1,-1,-1,-1
1889,526,710,271,68,39,1,-1,-1,-1
1890,526,710,271,68,39,1,-1,-1,-1
1891,526,710,271,68,38,1,-1,-1,-1
1892,526,710,271,69,38,1,-1,-1,-1
1893,526,710,271,68,38,1,-1,-1,-1
1894,526,710,271,68,38,1,-1,-1,-1
1895,526,710,271,68,38,1,-1,-1,-1
1896,526,711,271,68,38,1,-1,-1,-1
1897,526,712,271,67,42,1,-1,-1,-1
1898,526,712,271,68,42,1,-1,-1,-1
1899,526,712,271,68,42,1,-1,-1,-1
1900,526,713,271,67,42,1,-1,-1,-1
1901,526,713,271,67,41,1,-1,-1,-1
1902,526,713,271,67,41,1,-1,-1,-1
1903,526,713,271,67,42,1,-1,-1,-1
1904,526,713,271,67,40,1,-1,-1,-1
1905,526,714,271,67,39,1,-1,-1,-1
1906,526,713,271,67,39,1,-1,-1,-1
1907,526,713,271,67,38,1,-1,-1,-1
1908,526,713,271,67,38,1,-1,-1,-1
1909,526,713,271,67,38,1,-1,-1,-1
1910,526,713,271,68,39,1,-1,-1,-1
1911,526,712,271,68,39,1,-1,-1,-1
1912,526,713,271,68,38,1,-1,-1,-1
1913,526,713,271,66,38,1,-1,-1,-1
1914,526,712,271,66,38,1,-1,-1,-1
1915,526,713,271,66,38,1,-1,-1,-1
1916,526,713,271,66,38,1,-1,-1,-1
1917,526,714,271,65,38,1,-1,-1,-1
1918,526,714,271,65,38,1,-1,-1,-1
1919,526,714,271,65,38,1,-1,-1,-1
1920,526,713,271,65,37,1,-1,-1,-1
1921,526,714,271,65,38,1,-1,-1,-1
1922,526,714,271,65,38,1,-1,-1,-1
1923,526,713,271,65,38,1,-1,-1,-1
1924,526,713,271,65,38,1,-1,-1,-1
1925,526,714,271,65,37,1,-1,-1,-1
1926,526,714,271,65,37,1,-1,-1,-1
1927,526,714,271,65,38,1,-1,-1,-1
1928,526,714,271,65,38,1,-1,-1,-1
1,527,703,254,59,40,1,-1,-1,-1
2,527,703,255,61,34,1,-1,-1,-1
3,527,702,255,61,35,1,-1,-1,-1
4,527,702,255,61,35,1,-1,-1,-1
5,527,702,255,61,35,1,-1,-1,-1
6,527,703,255,61,35,1,-1,-1,-1
7,527,703,255,61,35,1,-1,-1,-1
8,527,703,255,61,35,1,-1,-1,-1
2,528,702,254,65,51,1,-1,-1,-1
3,528,702,254,65,51,1,-1,-1,-1
4,528,702,254,65,51,1,-1,-1,-1
5,528,702,254,65,51,1,-1,-1,-1
6,528,702,253,65,51,1,-1,-1,-1
7,528,702,253,65,51,1,-1,-1,-1
8,528,702,253,65,51,1,-1,-1,-1
9,528,702,254,62,52,1,-1,-1,-1
10,528,702,254,62,53,1,-1,-1,-1
11,528,702,254,62,53,1,-1,-1,-1
12,528,702,254,62,52,1,-1,-1,-1
13,528,702,255,61,55,1,-1,-1,-1
14,528,702,255,61,55,1,-1,-1,-1
15,528,702,255,61,55,1,-1,-1,-1
16,528,702,255,61,55,1,-1,-1,-1
17,528,702,254,62,51,1,-1,-1,-1
18,528,702,254,61,51,1,-1,-1,-1
19,528,702,254,61,51,1,-1,-1,-1
20,528,702,254,62,51,1,-1,-1,-1
21,528,702,254,62,51,1,-1,-1,-1
22,528,702,254,62,51,1,-1,-1,-1
23,528,702,254,62,51,1,-1,-1,-1
24,528,702,254,62,51,1,-1,-1,-1
25,528,702,255,61,50,1,-1,-1,-1
26,528,702,255,61,50,1,-1,-1,-1
27,528,702,255,61,50,1,-1,-1,-1
28,528,702,255,61,50,1,-1,-1,-1
29,528,702,255,61,50,1,-1,-1,-1
30,528,702,255,61,50,1,-1,-1,-1
31,528,702,255,61,50,1,-1,-1,-1
32,528,702,255,61,50,1,-1,-1,-1
33,528,702,254,62,51,1,-1,-1,-1
34,528,702,254,62,52,1,-1,-1,-1
35,528,702,254,62,52,1,-1,-1,-1
36,528,702,254,62,52,1,-1,-1,-1
37,528,702,254,62,51,1,-1,-1,-1
38,528,702,254,62,51,1,-1,-1,-1
39,528,702,254,62,51,1,-1,-1,-1
40,528,702,254,62,51,1,-1,-1,-1
41,528,702,254,63,52,1,-1,-1,-1
42,528,702,254,63,53,1,-1,-1,-1
43,528,702,254,63,53,1,-1,-1,-1
44,528,702,254,63,53,1,-1,-1,-1
45,528,702,254,63,53,1,-1,-1,-1
46,528,702,254,63,53,1,-1,-1,-1
47,528,702,254,63,53,1,-1,-1,-1
48,528,702,254,63,53,1,-1,-1,-1
49,528,702,254,61,50,1,-1,-1,-1
50,528,702,254,61,50,1,-1,-1,-1
51,528,702,254,61,50,1,-1,-1,-1
52,528,702,254,61,50,1,-1,-1,-1
53,528,702,254,61,49,1,-1,-1,-1
54,528,702,254,61,49,1,-1,-1,-1
55,528,702,254,61,49,1,-1,-1,-1
56,528,702,254,61,49,1,-1,-1,-1
57,528,702,254,62,52,1,-1,-1,-1
58,528,702,254,62,52,1,-1,-1,-1
59,528,702,254,62,52,1,-1,-1,-1
60,528,702,254,62,52,1,-1,-1,-1
61,528,702,254,62,52,1,-1,-1,-1
62,528,702,254,62,51,1,-1,-1,-1
63,528,702,254,62,51,1,-1,-1,-1
64,528,702,254,62,51,1,-1,-1,-1
65,528,702,253,62,52,1,-1,-1,-1
66,528,702,253,62,52,1,-1,-1,-1
67,528,702,253,62,52,1,-1,-1,-1
68,528,702,253,62,52,1,-1,-1,-1
69,528,702,253,62,52,1,-1,-1,-1
70,528,702,253,62,52,1,-1,-1,-1
71,528,702,253,62,52,1,-1,-1,-1
72,528,702,253,62,52,1,-1,-1,-1
73,528,702,254,62,51,1,-1,-1,-1
74,528,702,254,62,51,1,-1,-1,-1
75,528,702,254,62,50,1,-1,-1,-1
76,528,702,254,62,50,1,-1,-1,-1
77,528,702,254,59,37,1,-1,-1,-1
78,528,702,254,59,37,1,-1,-1,-1
79,528,702,254,62,50,1,-1,-1,-1
80,528,702,255,59,37,1,-1,-1,-1
81,528,702,254,62,52,1,-1,-1,-1
82,528,702,254,62,52,1,-1,-1,-1
83,528,702,254,62,52,1,-1,-1,-1
84,528,702,254,62,52,1,-1,-1,-1
85,528,702,254,61,52,1,-1,-1,-1
86,528,702,254,62,52,1,-1,-1,-1
87,528,702,254,62,52,1,-1,-1,-1
88,528,702,254,62,52,1,-1,-1,-1
89,528,702,255,60,45,1,-1,-1,-1
90,528,702,255,60,45,1,-1,-1,-1
91,528,702,255,60,45,1,-1,-1,-1
92,528,702,255,60,45,1,-1,-1,-1
93,528,702,255,60,46,1,-1,-1,-1
94,528,702,255,60,46,1,-1,-1,-1
95,528,702,255,60,45,1,-1,-1,-1
96,528,702,255,60,45,1,-1,-1,-1
97,528,702,255,59,33,1,-1,-1,-1
98,528,702,255,59,33,1,-1,-1,-1
99,528,702,255,59,33,1,-1,-1,-1
100,528,702,255,59,32,1,-1,-1,-1
101,528,702,255,59,32,1,-1,-1,-1
102,528,702,255,59,32,1,-1,-1,-1
103,528,702,255,59,32,1,-1,-1,-1
104,528,702,255,59,32,1,-1,-1,-1
105,528,702,255,62,47,1,-1,-1,-1
106,528,702,255,62,47,1,-1,-1,-1
107,528,702,255,62,48,1,-1,-1,-1
108,528,702,255,62,48,1,-1,-1,-1
109,528,702,255,61,44,1,-1,-1,-1
110,528,702,254,62,48,1,-1,-1,-1
111,528,702,255,61,44,1,-1,-1,-1
112,528,702,255,61,45,1,-1,-1,-1
113,528,702,254,62,48,1,-1,-1,-1
114,528,702,254,62,48,1,-1,-1,-1
115,528,702,254,62,48,1,-1,-1,-1
116,528,702,254,62,48,1,-1,-1,-1
117,528,702,254,62,49,1,-1,-1,-1
118,528,702,254,62,48,1,-1,-1,-1
119,528,702,254,62,48,1,-1,-1,-1
120,528,702,254,62,48,1,-1,-1,-1
121,528,702,255,62,51,1,-1,-1,-1
122,528,702,255,61,51,1,-1,-1,-1
123,528,702,255,61,51,1,-1,-1,-1
124,528,702,255,61,51,1,-1,-1,-1
125,528,702,255,61,51,1,-1,-1,-1
126,528,702,255,62,51,1,-1,-1,-1
127,528,702,255,62,51,1,-1,-1,-1
128,528,702,255,62,51,1,-1,-1,-1
129,528,702,255,62,51,1,-1,-1,-1
130,528,702,255,62,51,1,-1,-1,-1
131,528,702,255,62,51,1,-1,-1,-1
132,528,702,255,61,51,1,-1,-1,-1
133,528,702,255,62,52,1,-1,-1,-1
134,528,702,255,62,52,1,-1,-1,-1
135,528,702,255,62,51,1,-1,-1,-1
136,528,702,255,62,51,1,-1,-1,-1
137,528,702,254,62,50,1,-1,-1,-1
138,528,702,255,62,50,1,-1,-1,-1
139,528,702,255,62,50,1,-1,-1,-1
140,528,702,255,62,50,1,-1,-1,-1
141,528,702,255,62,50,1,-1,-1,-1
142,528,702,255,62,50,1,-1,-1,-1
143,528,702,255,61,50,1,-1,-1,-1
144,528,702,255,62,50,1,-1,-1,-1
145,528,702,255,59,33,1,-1,-1,-1
146,528,702,255,59,33,1,-1,-1,-1
147,528,702,255,59,33,1,-1,-1,-1
148,528,702,255,59,33,1,-1,-1,-1
149,528,702,255,59,33,1,-1,-1,-1
150,528,702,255,59,33,1,-1,-1,-1
151,528,702,255,59,33,1,-1,-1,-1
152,528,702,255,59,33,1,-1,-1,-1
153,528,702,255,59,31,1,-1,-1,-1
154,528,702,255,59,31,1,-1,-1,-1
155,528,702,255,59,31,1,-1,-1,-1
156,528,702,255,59,31,1,-1,-1,-1
177,528,703,255,59,33,1,-1,-1,-1
178,528,703,255,59,33,1,-1,-1,-1
179,528,703,255,59,33,1,-1,-1,-1
180,528,703,255,59,33,1,-1,-1,-1
181,528,703,255,58,30,1,-1,-1,-1
182,528,703,255,59,30,1,-1,-1,-1
183,528,703,255,59,30,1,-1,-1,-1
184,528,703,255,59,30,1,-1,-1,-1
205,528,703,255,59,30,1,-1,-1,-1
206,528,703,255,59,30,1,-1,-1,-1
207,528,703,255,59,31,1,-1,-1,-1
208,528,703,255,59,31,1,-1,-1,-1
209,528,703,255,59,34,1,-1,-1,-1
210,528,703,255,59,34,1,-1,-1,-1
211,528,703,255,59,34,1,-1,-1,-1
212,528,703,255,59,34,1,-1,-1,-1
213,528,703,255,59,35,1,-1,-1,-1
214,528,703,255,59,34,1,-1,-1,-1
215,528,703,255,59,34,1,-1,-1,-1
216,528,703,255,59,34,1,-1,-1,-1
217,528,702,255,60,34,1,-1,-1,-1
218,528,702,255,60,35,1,-1,-1,-1
219,528,702,255,60,34,1,-1,-1,-1
220,528,702,255,60,34,1,-1,-1,-1
221,528,702,255,60,35,1,-1,-1,-1
222,528,702,255,60,37,1,-1,-1,-1
223,528,702,255,60,37,1,-1,-1,-1
224,528,702,255,60,36,1,-1,-1,-1
56,530,592,21,38,26,1,-1,-1,-1
57,530,591,21,36,27,1,-1,-1,-1
58,530,590,21,35,27,1,-1,-1,-1
59,530,590,21,34,27,1,-1,-1,-1
60,530,590,22,33,27,1,-1,-1,-1
61,530,591,22,33,28,1,-1,-1,-1
62,530,591,22,33,28,1,-1,-1,-1
63,530,591,22,33,28,1,-1,-1,-1
64,530,591,23,33,28,1,-1,-1,-1
65,530,592,24,34,27,1,-1,-1,-1
66,530,592,24,34,28,1,-1,-1,-1
67,530,592,25,34,28,1,-1,-1,-1
68,530,592,25,35,29,1,-1,-1,-1
69,530,592,25,35,29,1,-1,-1,-1
70,530,593,25,35,29,1,-1,-1,-1
71,530,594,26,34,29,1,-1,-1,-1
72,530,595,26,35,29,1,-1,-1,-1
77,530,597,31,34,28,1,-1,-1,-1
78,530,597,31,35,29,1,-1,-1,-1
79,530,598,32,34,29,1,-1,-1,-1
80,530,598,33,34,29,1,-1,-1,-1
81,530,599,33,34,28,1,-1,-1,-1
82,530,599,34,34,29,1,-1,-1,-1
83,530,599,34,34,29,1,-1,-1,-1
84,530,600,36,34,29,1,-1,-1,-1
85,530,599,37,35,29,1,-1,-1,-1
86,530,600,38,36,28,1,-1,-1,-1
87,530,600,38,36,29,1,-1,-1,-1
88,530,600,38,36,29,1,-1,-1,-1
89,530,601,38,36,31,1,-1,-1,-1
90,530,601,39,36,30,1,-1,-1,-1
91,530,601,40,36,30,1,-1,-1,-1
92,530,601,40,36,30,1,-1,-1,-1
93,530,602,42,36,30,1,-1,-1,-1
94,530,602,43,36,29,1,-1,-1,-1
95,530,602,44,36,29,1,-1,-1,-1
96,530,602,44,36,29,1,-1,-1,-1
97,530,602,45,37,29,1,-1,-1,-1
98,530,602,46,37,29,1,-1,-1,-1
99,530,602,46,37,29,1,-1,-1,-1
100,530,602,46,38,30,1,-1,-1,-1
101,530,602,46,38,31,1,-1,-1,-1
102,530,602,47,37,31,1,-1,-1,-1
103,530,603,49,38,31,1,-1,-1,-1
104,530,603,49,38,31,1,-1,-1,-1
105,530,604,50,37,31,1,-1,-1,-1
106,530,604,50,36,32,1,-1,-1,-1
107,530,604,51,37,32,1,-1,-1,-1
108,530,605,51,36,33,1,-1,-1,-1
109,530,605,52,35,33,1,-1,-1,-1
110,530,605,53,36,33,1,-1,-1,-1
111,530,605,54,36,33,1,-1,-1,-1
112,530,605,54,36,33,1,-1,-1,-1
113,530,604,56,37,33,1,-1,-1,-1
114,530,604,57,37,33,1,-1,-1,-1
115,530,604,58,38,34,1,-1,-1,-1
116,530,603,58,39,34,1,-1,-1,-1
117,530,604,59,38,34,1,-1,-1,-1
118,530,604,60,39,34,1,-1,-1,-1
119,530,604,61,38,34,1,-1,-1,-1
120,530,603,62,38,33,1,-1,-1,-1
122,530,602,64,41,33,1,-1,-1,-1
123,530,603,66,40,32,1,-1,-1,-1
124,530,603,66,40,33,1,-1,-1,-1
125,530,601,66,40,35,1,-1,-1,-1
126,530,602,67,39,36,1,-1,-1,-1
127,530,602,68,40,35,1,-1,-1,-1
128,530,602,69,39,36,1,-1,-1,-1
129,530,603,70,39,36,1,-1,-1,-1
131,530,603,73,39,35,1,-1,-1,-1
132,530,603,74,39,35,1,-1,-1,-1
133,530,602,75,40,35,1,-1,-1,-1
134,530,602,76,40,35,1,-1,-1,-1
135,530,602,77,40,35,1,-1,-1,-1
136,530,601,78,42,36,1,-1,-1,-1
137,530,601,78,40,36,1,-1,-1,-1
138,530,601,79,40,37,1,-1,-1,-1
139,530,601,80,40,37,1,-1,-1,-1
140,530,601,81,40,37,1,-1,-1,-1
141,530,601,81,40,38,1,-1,-1,-1
142,530,601,83,41,37,1,-1,-1,-1
143,530,601,85,41,36,1,-1,-1,-1
144,530,601,86,41,36,1,-1,-1,-1
145,530,600,85,41,38,1,-1,-1,-1
146,530,600,87,41,38,1,-1,-1,-1
147,530,600,89,42,38,1,-1,-1,-1
148,530,600,89,43,39,1,-1,-1,-1
149,530,600,90,43,39,1,-1,-1,-1
150,530,599,92,44,38,1,-1,-1,-1
151,530,599,93,44,38,1,-1,-1,-1
152,530,599,97,44,36,1,-1,-1,-1
153,530,600,98,44,36,1,-1,-1,-1
154,530,600,98,45,37,1,-1,-1,-1
155,530,599,98,45,39,1,-1,-1,-1
156,530,599,98,45,40,1,-1,-1,-1
157,530,599,98,48,42,1,-1,-1,-1
158,530,599,99,45,43,1,-1,-1,-1
159,530,599,98,45,44,1,-1,-1,-1
160,530,598,100,47,43,1,-1,-1,-1
161,530,598,102,47,43,1,-1,-1,-1
162,530,598,103,47,44,1,-1,-1,-1
163,530,598,103,47,44,1,-1,-1,-1
164,530,598,105,47,44,1,-1,-1,-1
165,530,597,108,49,43,1,-1,-1,-1
166,530,595,110,48,42,1,-1,-1,-1
167,530,595,110,48,43,1,-1,-1,-1
168,530,595,112,48,43,1,-1,-1,-1
169,530,594,114,48,43,1,-1,-1,-1
170,530,593,115,49,44,1,-1,-1,-1
171,530,593,115,49,44,1,-1,-1,-1
172,530,592,116,50,45,1,-1,-1,-1
173,530,591,118,51,45,1,-1,-1,-1
174,530,590,119,52,46,1,-1,-1,-1
175,530,589,122,51,44,1,-1,-1,-1
176,530,588,123,50,44,1,-1,-1,-1
177,530,588,125,51,44,1,-1,-1,-1
178,530,586,126,52,45,1,-1,-1,-1
179,530,585,127,52,45,1,-1,-1,-1
180,530,584,128,52,45,1,-1,-1,-1
181,530,583,130,53,46,1,-1,-1,-1
182,530,582,132,52,46,1,-1,-1,-1
183,530,580,134,53,46,1,-1,-1,-1
184,530,578,135,55,46,1,-1,-1,-1
185,530,578,137,54,46,1,-1,-1,-1
186,530,577,138,55,47,1,-1,-1,-1
187,530,576,140,55,47,1,-1,-1,-1
188,530,575,141,56,48,1,-1,-1,-1
189,530,574,143,56,47,1,-1,-1,-1
190,530,571,145,58,47,1,-1,-1,-1
191,530,571,147,57,47,1,-1,-1,-1
192,530,569,148,57,48,1,-1,-1,-1
193,530,569,149,57,50,1,-1,-1,-1
194,530,568,151,57,50,1,-1,-1,-1
195,530,568,152,56,51,1,-1,-1,-1
196,530,567,155,57,50,1,-1,-1,-1
197,530,564,157,59,50,1,-1,-1,-1
198,530,563,158,60,51,1,-1,-1,-1
199,530,563,159,60,52,1,-1,-1,-1
200,530,563,162,60,51,1,-1,-1,-1
201,530,562,165,60,51,1,-1,-1,-1
202,530,561,166,60,52,1,-1,-1,-1
203,530,561,168,60,52,1,-1,-1,-1
204,530,560,169,60,52,1,-1,-1,-1
205,530,560,171,59,53,1,-1,-1,-1
206,530,560,174,60,52,1,-1,-1,-1
207,530,559,175,60,53,1,-1,-1,-1
208,530,557,177,61,53,1,-1,-1,-1
209,530,557,177,61,54,1,-1,-1,-1
210,530,556,180,62,54,1,-1,-1,-1
211,530,555,181,63,54,1,-1,-1,-1
212,530,555,183,62,54,1,-1,-1,-1
213,530,553,184,64,55,1,-1,-1,-1
214,530,552,186,64,54,1,-1,-1,-1
215,530,552,187,64,55,1,-1,-1,-1
216,530,551,189,65,54,1,-1,-1,-1
217,530,550,191,65,55,1,-1,-1,-1
218,530,549,192,66,55,1,-1,-1,-1
219,530,547,193,66,56,1,-1,-1,-1
220,530,546,194,66,56,1,-1,-1,-1
221,530,543,195,68,56,1,-1,-1,-1
222,530,539,195,70,57,1,-1,-1,-1
223,530,535,197,73,57,1,-1,-1,-1
224,530,529,198,76,57,1,-1,-1,-1
225,530,523,199,80,57,1,-1,-1,-1
226,530,516,200,84,57,1,-1,-1,-1
227,530,510,201,88,58,1,-1,-1,-1
228,530,501,202,93,59,1,-1,-1,-1
229,530,492,203,99,59,1,-1,-1,-1
230,530,480,204,106,58,1,-1,-1,-1
231,530,473,205,108,58,1,-1,-1,-1
232,530,463,206,112,58,1,-1,-1,-1
233,530,455,206,113,57,1,-1,-1,-1
153,532,702,255,62,49,1,-1,-1,-1
154,532,702,255,63,49,1,-1,-1,-1
155,532,702,255,63,50,1,-1,-1,-1
156,532,702,255,63,49,1,-1,-1,-1
157,532,702,255,62,50,1,-1,-1,-1
158,532,702,255,62,50,1,-1,-1,-1
159,532,702,255,62,50,1,-1,-1,-1
160,532,702,255,62,50,1,-1,-1,-1
161,532,702,255,62,51,1,-1,-1,-1
162,532,702,255,62,51,1,-1,-1,-1
163,532,702,255,62,51,1,-1,-1,-1
164,532,702,255,62,51,1,-1,-1,-1
165,532,702,255,62,51,1,-1,-1,-1
166,532,702,255,62,51,1,-1,-1,-1
167,532,702,255,62,51,1,-1,-1,-1
168,532,702,255,62,50,1,-1,-1,-1
169,532,702,254,63,51,1,-1,-1,-1
170,532,702,254,63,51,1,-1,-1,-1
171,532,702,254,63,51,1,-1,-1,-1
172,532,702,254,63,51,1,-1,-1,-1
173,532,702,254,63,51,1,-1,-1,-1
174,532,702,254,63,51,1,-1,-1,-1
175,532,702,254,63,51,1,-1,-1,-1
176,532,702,254,63,51,1,-1,-1,-1
177,532,702,254,63,49,1,-1,-1,-1
178,532,702,254,63,49,1,-1,-1,-1
179,532,702,254,63,49,1,-1,-1,-1
180,532,702,254,62,49,1,-1,-1,-1
181,532,702,254,63,50,1,-1,-1,-1
182,532,702,254,63,51,1,-1,-1,-1
183,532,702,254,63,51,1,-1,-1,-1
184,532,702,254,63,51,1,-1,-1,-1
185,532,702,254,64,52,1,-1,-1,-1
186,532,702,254,64,52,1,-1,-1,-1
187,532,702,254,64,52,1,-1,-1,-1
188,532,702,254,64,52,1,-1,-1,-1
189,532,702,254,63,51,1,-1,-1,-1
190,532,702,254,64,51,1,-1,-1,-1
191,532,702,254,64,51,1,-1,-1,-1
192,532,702,254,64,51,1,-1,-1,-1
193,532,702,255,64,50,1,-1,-1,-1
194,532,702,255,64,50,1,-1,-1,-1
195,532,702,255,64,50,1,-1,-1,-1
196,532,702,255,64,50,1,-1,-1,-1
197,532,702,255,64,50,1,-1,-1,-1
198,532,702,255,64,50,1,-1,-1,-1
199,532,702,255,64,50,1,-1,-1,-1
200,532,702,255,64,50,1,-1,-1,-1
201,532,702,255,64,52,1,-1,-1,-1
202,532,702,255,65,52,1,-1,-1,-1
203,532,702,255,64,52,1,-1,-1,-1
204,532,702,255,64,51,1,-1,-1,-1
205,532,702,255,64,50,1,-1,-1,-1
206,532,702,255,64,50,1,-1,-1,-1
207,532,702,255,64,50,1,-1,-1,-1
208,532,702,255,64,50,1,-1,-1,-1
209,532,702,253,64,50,1,-1,-1,-1
210,532,702,253,64,50,1,-1,-1,-1
211,532,702,253,64,50,1,-1,-1,-1
212,532,702,253,64,50,1,-1,-1,-1
213,532,702,253,64,50,1,-1,-1,-1
214,532,702,253,64,50,1,-1,-1,-1
215,532,702,253,64,50,1,-1,-1,-1
216,532,702,253,64,49,1,-1,-1,-1
217,532,702,254,63,50,1,-1,-1,-1
218,532,702,254,63,50,1,-1,-1,-1
219,532,702,254,63,50,1,-1,-1,-1
220,532,702,254,63,50,1,-1,-1,-1
221,532,702,254,63,50,1,-1,-1,-1
222,532,702,255,63,51,1,-1,-1,-1
223,532,702,255,63,51,1,-1,-1,-1
224,532,702,255,63,51,1,-1,-1,-1
225,532,702,255,64,53,1,-1,-1,-1
226,532,702,255,64,53,1,-1,-1,-1
227,532,702,255,64,52,1,-1,-1,-1
228,532,702,255,63,52,1,-1,-1,-1
229,532,702,255,63,51,1,-1,-1,-1
230,532,702,255,63,51,1,-1,-1,-1
231,532,702,255,63,51,1,-1,-1,-1
232,532,702,255,63,52,1,-1,-1,-1
233,532,702,255,63,50,1,-1,-1,-1
234,532,702,255,63,51,1,-1,-1,-1
235,532,702,255,63,51,1,-1,-1,-1
236,532,702,255,63,51,1,-1,-1,-1
237,532,702,255,63,51,1,-1,-1,-1
238,532,702,255,63,50,1,-1,-1,-1
239,532,702,255,63,50,1,-1,-1,-1
240,532,702,255,63,50,1,-1,-1,-1
241,532,702,255,63,49,1,-1,-1,-1
242,532,702,255,63,49,1,-1,-1,-1
243,532,702,255,63,49,1,-1,-1,-1
244,532,702,255,63,49,1,-1,-1,-1
245,532,702,255,63,49,1,-1,-1,-1
246,532,702,255,63,49,1,-1,-1,-1
247,532,702,255,63,49,1,-1,-1,-1
248,532,702,255,63,49,1,-1,-1,-1
249,532,702,255,62,51,1,-1,-1,-1
250,532,702,255,62,51,1,-1,-1,-1
251,532,702,255,63,50,1,-1,-1,-1
252,532,702,255,63,50,1,-1,-1,-1
253,532,702,255,62,51,1,-1,-1,-1
254,532,702,255,62,52,1,-1,-1,-1
255,532,702,255,62,51,1,-1,-1,-1
256,532,702,255,62,51,1,-1,-1,-1
257,532,702,255,59,33,1,-1,-1,-1
258,532,702,255,60,33,1,-1,-1,-1
259,532,702,255,60,33,1,-1,-1,-1
260,532,702,255,59,33,1,-1,-1,-1
261,532,702,255,59,33,1,-1,-1,-1
262,532,702,255,59,33,1,-1,-1,-1
263,532,703,255,59,32,1,-1,-1,-1
264,532,703,255,59,32,1,-1,-1,-1
265,532,702,255,63,51,1,-1,-1,-1
266,532,702,255,63,51,1,-1,-1,-1
267,532,702,255,63,51,1,-1,-1,-1
268,532,702,255,63,51,1,-1,-1,-1
269,532,702,255,63,51,1,-1,-1,-1
270,532,702,255,63,51,1,-1,-1,-1
271,532,702,255,63,51,1,-1,-1,-1
272,532,702,255,63,51,1,-1,-1,-1
273,532,702,254,63,52,1,-1,-1,-1
274,532,702,254,63,52,1,-1,-1,-1
275,532,702,254,63,52,1,-1,-1,-1
276,532,702,254,63,52,1,-1,-1,-1
277,532,702,255,60,37,1,-1,-1,-1
278,532,702,255,60,37,1,-1,-1,-1
279,532,702,255,60,37,1,-1,-1,-1
280,532,702,255,60,37,1,-1,-1,-1
281,532,702,256,63,48,1,-1,-1,-1
282,532,702,256,63,49,1,-1,-1,-1
283,532,702,256,63,48,1,-1,-1,-1
284,532,702,256,63,48,1,-1,-1,-1
285,532,702,256,63,48,1,-1,-1,-1
286,532,702,256,63,48,1,-1,-1,-1
287,532,702,256,63,49,1,-1,-1,-1
288,532,702,256,63,49,1,-1,-1,-1
289,532,702,254,63,51,1,-1,-1,-1
290,532,702,254,63,51,1,-1,-1,-1
291,532,702,254,63,51,1,-1,-1,-1
292,532,702,254,63,51,1,-1,-1,-1
293,532,702,254,63,51,1,-1,-1,-1
294,532,702,254,63,51,1,-1,-1,-1
295,532,702,254,63,51,1,-1,-1,-1
296,532,702,254,63,51,1,-1,-1,-1
297,532,702,254,62,49,1,-1,-1,-1
298,532,702,254,62,49,1,-1,-1,-1
299,532,702,254,62,49,1,-1,-1,-1
300,532,702,254,62,50,1,-1,-1,-1
301,532,702,256,63,50,1,-1,-1,-1
302,532,702,256,63,50,1,-1,-1,-1
303,532,702,256,63,50,1,-1,-1,-1
304,532,702,256,63,50,1,-1,-1,-1
305,532,702,255,63,51,1,-1,-1,-1
306,532,702,255,63,51,1,-1,-1,-1
307,532,702,255,63,51,1,-1,-1,-1
308,532,702,255,63,51,1,-1,-1,-1
309,532,702,255,63,51,1,-1,-1,-1
310,532,702,255,63,51,1,-1,-1,-1
311,532,702,254,64,50,1,-1,-1,-1
312,532,702,254,63,50,1,-1,-1,-1
313,532,702,255,62,53,1,-1,-1,-1
314,532,702,255,62,53,1,-1,-1,-1
315,532,702,255,62,53,1,-1,-1,-1
316,532,702,255,62,53,1,-1,-1,-1
317,532,702,255,62,53,1,-1,-1,-1
318,532,702,255,62,52,1,-1,-1,-1
319,532,702,255,62,53,1,-1,-1,-1
320,532,702,255,62,53,1,-1,-1,-1
321,532,702,255,62,50,1,-1,-1,-1
322,532,702,255,63,51,1,-1,-1,-1
323,532,702,255,63,51,1,-1,-1,-1
324,532,702,255,63,51,1,-1,-1,-1
325,532,702,255,63,51,1,-1,-1,-1
326,532,702,255,63,51,1,-1,-1,-1
327,532,702,255,63,51,1,-1,-1,-1
328,532,702,255,63,51,1,-1,-1,-1
329,532,702,256,63,49,1,-1,-1,-1
330,532,702,255,63,49,1,-1,-1,-1
331,532,702,255,63,50,1,-1,-1,-1
332,532,702,256,63,50,1,-1,-1,-1
333,532,702,256,63,50,1,-1,-1,-1
334,532,702,255,63,50,1,-1,-1,-1
335,532,702,255,63,50,1,-1,-1,-1
336,532,702,255,63,50,1,-1,-1,-1
337,532,702,257,63,49,1,-1,-1,-1
338,532,702,257,63,49,1,-1,-1,-1
339,532,702,257,63,49,1,-1,-1,-1
340,532,702,257,63,49,1,-1,-1,-1
341,532,702,256,63,49,1,-1,-1,-1
342,532,702,256,63,49,1,-1,-1,-1
343,532,702,256,63,49,1,-1,-1,-1
344,532,702,256,63,49,1,-1,-1,-1
345,532,702,257,62,50,1,-1,-1,-1
346,532,702,257,62,51,1,-1,-1,-1
347,532,702,257,62,51,1,-1,-1,-1
348,532,702,256,62,51,1,-1,-1,-1
349,532,702,256,62,52,1,-1,-1,-1
350,532,702,256,62,52,1,-1,-1,-1
351,532,702,256,62,52,1,-1,-1,-1
352,532,702,256,62,52,1,-1,-1,-1
353,532,702,256,63,52,1,-1,-1,-1
354,532,702,256,63,52,1,-1,-1,-1
355,532,702,256,63,52,1,-1,-1,-1
356,532,702,256,63,52,1,-1,-1,-1
357,532,702,256,63,52,1,-1,-1,-1
358,532,702,256,63,52,1,-1,-1,-1
359,532,702,256,63,52,1,-1,-1,-1
360,532,702,256,63,52,1,-1,-1,-1
361,532,702,256,59,37,1,-1,-1,-1
362,532,702,255,59,37,1,-1,-1,-1
363,532,702,255,59,37,1,-1,-1,-1
364,532,702,255,59,37,1,-1,-1,-1
365,532,702,256,59,36,1,-1,-1,-1
366,532,702,256,59,37,1,-1,-1,-1
367,532,702,255,61,47,1,-1,-1,-1
368,532,702,255,61,47,1,-1,-1,-1
369,532,702,256,61,49,1,-1,-1,-1
370,532,702,256,61,49,1,-1,-1,-1
371,532,702,256,61,49,1,-1,-1,-1
372,532,702,256,61,49,1,-1,-1,-1
373,532,702,255,62,50,1,-1,-1,-1
374,532,702,255,62,50,1,-1,-1,-1
375,532,702,255,62,50,1,-1,-1,-1
376,532,702,255,62,50,1,-1,-1,-1
377,532,702,255,64,51,1,-1,-1,-1
378,532,702,255,64,51,1,-1,-1,-1
379,532,702,255,64,51,1,-1,-1,-1
380,532,702,255,64,51,1,-1,-1,-1
381,532,702,255,64,51,1,-1,-1,-1
382,532,702,256,64,51,1,-1,-1,-1
383,532,702,255,64,50,1,-1,-1,-1
384,532,702,255,64,50,1,-1,-1,-1
385,532,702,255,61,52,1,-1,-1,-1
386,532,702,255,61,52,1,-1,-1,-1
387,532,702,255,61,52,1,-1,-1,-1
388,532,702,255,61,52,1,-1,-1,-1
389,532,702,255,61,52,1,-1,-1,-1
390,532,702,255,61,52,1,-1,-1,-1
391,532,702,256,61,52,1,-1,-1,-1
392,532,702,256,61,52,1,-1,-1,-1
393,532,702,255,62,51,1,-1,-1,-1
394,532,702,255,62,51,1,-1,-1,-1
395,532,702,255,62,51,1,-1,-1,-1
396,532,702,255,62,51,1,-1,-1,-1
397,532,702,255,61,51,1,-1,-1,-1
398,532,702,255,61,51,1,-1,-1,-1
399,532,702,255,61,51,1,-1,-1,-1
400,532,702,255,61,51,1,-1,-1,-1
401,532,702,256,64,51,1,-1,-1,-1
402,532,702,256,64,51,1,-1,-1,-1
403,532,702,256,65,51,1,-1,-1,-1
404,532,702,256,64,51,1,-1,-1,-1
405,532,702,256,64,51,1,-1,-1,-1
406,532,702,256,64,51,1,-1,-1,-1
407,532,702,256,64,51,1,-1,-1,-1
408,532,702,256,64,51,1,-1,-1,-1
409,532,702,255,63,52,1,-1,-1,-1
410,532,702,255,63,52,1,-1,-1,-1
411,532,702,255,63,52,1,-1,-1,-1
412,532,702,255,63,52,1,-1,-1,-1
413,532,702,255,63,52,1,-1,-1,-1
414,532,702,255,63,52,1,-1,-1,-1
415,532,702,255,63,52,1,-1,-1,-1
416,532,702,255,63,52,1,-1,-1,-1
417,532,702,254,63,54,1,-1,-1,-1
418,532,702,254,62,54,1,-1,-1,-1
419,532,702,254,62,54,1,-1,-1,-1
420,532,702,254,62,54,1,-1,-1,-1
421,532,702,254,63,54,1,-1,-1,-1
422,532,702,254,63,54,1,-1,-1,-1
423,532,702,255,63,54,1,-1,-1,-1
424,532,702,255,63,54,1,-1,-1,-1
425,532,702,257,62,52,1,-1,-1,-1
426,532,702,257,62,52,1,-1,-1,-1
427,532,702,257,62,52,1,-1,-1,-1
428,532,702,257,62,52,1,-1,-1,-1
429,532,702,257,62,52,1,-1,-1,-1
430,532,702,257,62,52,1,-1,-1,-1
431,532,702,257,62,52,1,-1,-1,-1
432,532,702,257,62,52,1,-1,-1,-1
433,532,702,253,63,50,1,-1,-1,-1
434,532,702,253,63,49,1,-1,-1,-1
435,532,702,253,63,49,1,-1,-1,-1
436,532,702,253,63,49,1,-1,-1,-1
437,532,702,253,63,49,1,-1,-1,-1
438,532,702,253,63,49,1,-1,-1,-1
439,532,702,253,63,49,1,-1,-1,-1
440,532,702,253,63,49,1,-1,-1,-1
441,532,702,254,63,52,1,-1,-1,-1
442,532,702,254,64,51,1,-1,-1,-1
443,532,702,254,64,52,1,-1,-1,-1
444,532,702,254,64,52,1,-1,-1,-1
445,532,702,255,65,52,1,-1,-1,-1
446,532,702,255,65,52,1,-1,-1,-1
447,532,702,255,65,52,1,-1,-1,-1
448,532,702,255,65,52,1,-1,-1,-1
449,532,702,256,62,53,1,-1,-1,-1
450,532,702,256,62,53,1,-1,-1,-1
451,532,702,256,62,53,1,-1,-1,-1
452,532,702,256,61,54,1,-1,-1,-1
453,532,702,256,61,54,1,-1,-1,-1
454,532,702,256,62,53,1,-1,-1,-1
455,532,702,256,62,53,1,-1,-1,-1
456,532,702,256,62,53,1,-1,-1,-1
457,532,702,255,63,55,1,-1,-1,-1
458,532,702,255,63,55,1,-1,-1,-1
459,532,702,255,63,55,1,-1,-1,-1
460,532,702,255,63,55,1,-1,-1,-1
461,532,702,256,63,54,1,-1,-1,-1
462,532,702,255,63,54,1,-1,-1,-1
463,532,702,255,63,55,1,-1,-1,-1
464,532,702,255,63,55,1,-1,-1,-1
465,532,702,257,64,53,1,-1,-1,-1
466,532,702,257,64,53,1,-1,-1,-1
467,532,702,257,64,52,1,-1,-1,-1
468,532,702,257,64,53,1,-1,-1,-1
469,532,702,255,65,54,1,-1,-1,-1
471,532,703,255,58,28,1,-1,-1,-1
472,532,703,255,58,28,1,-1,-1,-1
473,532,702,255,59,33,1,-1,-1,-1
474,532,702,255,59,33,1,-1,-1,-1
475,532,702,255,59,32,1,-1,-1,-1
476,532,702,255,59,33,1,-1,-1,-1
481,532,703,255,58,27,1,-1,-1,-1
482,532,703,255,58,28,1,-1,-1,-1
483,532,703,255,58,28,1,-1,-1,-1
484,532,703,255,58,28,1,-1,-1,-1
485,532,703,255,58,28,1,-1,-1,-1
486,532,703,255,58,28,1,-1,-1,-1
487,532,703,255,58,28,1,-1,-1,-1
488,532,703,255,58,28,1,-1,-1,-1
490,532,703,255,57,27,1,-1,-1,-1
491,532,703,255,57,27,1,-1,-1,-1
492,532,703,255,57,27,1,-1,-1,-1
517,532,703,255,58,28,1,-1,-1,-1
518,532,703,255,58,28,1,-1,-1,-1
519,532,703,255,58,28,1,-1,-1,-1
520,532,703,255,58,28,1,-1,-1,-1
521,532,703,255,59,30,1,-1,-1,-1
522,532,702,255,59,30,1,-1,-1,-1
523,532,702,255,59,30,1,-1,-1,-1
524,532,702,255,59,30,1,-1,-1,-1
525,532,702,255,59,30,1,-1,-1,-1
526,532,702,255,59,30,1,-1,-1,-1
527,532,702,255,59,30,1,-1,-1,-1
528,532,703,255,59,30,1,-1,-1,-1
529,532,702,256,62,51,1,-1,-1,-1
292,538,599,107,13,21,1,-1,-1,-1
293,538,598,108,13,21,1,-1,-1,-1
294,538,599,108,13,21,1,-1,-1,-1
295,538,599,109,14,21,1,-1,-1,-1
296,538,599,112,14,20,1,-1,-1,-1
297,538,599,113,14,22,1,-1,-1,-1
298,538,600,113,15,22,1,-1,-1,-1
300,538,601,120,15,20,1,-1,-1,-1
301,538,602,122,14,20,1,-1,-1,-1
302,538,601,123,15,20,1,-1,-1,-1
303,538,601,123,15,21,1,-1,-1,-1
310,538,607,135,16,22,1,-1,-1,-1
311,538,607,136,16,22,1,-1,-1,-1
312,538,608,140,15,21,1,-1,-1,-1
313,538,609,141,15,21,1,-1,-1,-1
314,538,610,143,14,22,1,-1,-1,-1
315,538,610,145,14,22,1,-1,-1,-1
316,538,610,147,15,22,1,-1,-1,-1
317,538,611,149,15,23,1,-1,-1,-1
318,538,611,150,16,21,1,-1,-1,-1
325,538,620,164,14,24,1,-1,-1,-1
326,538,622,165,14,23,1,-1,-1,-1
297,539,702,255,59,33,1,-1,-1,-1
298,539,702,255,59,33,1,-1,-1,-1
305,539,703,255,58,29,1,-1,-1,-1
306,539,703,255,58,28,1,-1,-1,-1
307,539,703,255,58,28,1,-1,-1,-1
308,539,703,255,58,28,1,-1,-1,-1
309,539,703,255,58,28,1,-1,-1,-1
310,539,703,255,58,28,1,-1,-1,-1
311,539,703,255,58,29,1,-1,-1,-1
312,539,703,255,58,29,1,-1,-1,-1
329,539,703,255,58,31,1,-1,-1,-1
330,539,703,255,58,31,1,-1,-1,-1
336,539,703,256,59,31,1,-1,-1,-1
353,539,704,248,58,24,1,-1,-1,-1
354,539,704,248,58,24,1,-1,-1,-1
355,539,704,248,58,24,1,-1,-1,-1
356,539,704,248,58,24,1,-1,-1,-1
357,539,704,248,58,24,1,-1,-1,-1
358,539,704,248,58,24,1,-1,-1,-1
359,539,704,248,58,24,1,-1,-1,-1
360,539,704,248,58,24,1,-1,-1,-1
337,540,625,192,16,25,1,-1,-1,-1
338,540,625,196,15,24,1,-1,-1,-1
339,540,624,198,16,25,1,-1,-1,-1
340,540,623,200,16,26,1,-1,-1,-1
341,540,622,202,18,27,1,-1,-1,-1
343,540,621,209,16,24,1,-1,-1,-1
344,540,621,211,16,26,1,-1,-1,-1
345,540,620,213,16,28,1,-1,-1,-1
346,540,617,216,17,28,1,-1,-1,-1
347,540,616,219,18,27,1,-1,-1,-1
348,540,615,222,18,27,1,-1,-1,-1
349,540,614,225,16,28,1,-1,-1,-1
352,540,615,235,15,27,1,-1,-1,-1
354,540,613,239,18,30,1,-1,-1,-1
355,540,613,242,17,28,1,-1,-1,-1
356,540,613,245,17,29,1,-1,-1,-1
357,540,611,248,17,29,1,-1,-1,-1
359,540,608,253,18,30,1,-1,-1,-1
360,540,607,258,16,28,1,-1,-1,-1
361,540,606,259,18,30,1,-1,-1,-1
362,540,606,262,18,31,1,-1,-1,-1
363,540,607,264,20,31,1,-1,-1,-1
364,540,609,269,18,29,1,-1,-1,-1
365,540,610,271,18,29,1,-1,-1,-1
366,540,610,274,17,30,1,-1,-1,-1
367,540,611,275,17,31,1,-1,-1,-1
368,540,609,280,15,30,1,-1,-1,-1
369,540,606,284,17,28,1,-1,-1,-1
370,540,601,285,18,32,1,-1,-1,-1
371,540,596,287,18,30,1,-1,-1,-1
372,540,590,288,19,32,1,-1,-1,-1
373,540,587,288,18,35,1,-1,-1,-1
374,540,583,291,19,35,1,-1,-1,-1
375,540,581,294,18,34,1,-1,-1,-1
376,540,578,297,19,34,1,-1,-1,-1
377,540,577,303,16,32,1,-1,-1,-1
378,540,573,305,18,32,1,-1,-1,-1
379,540,570,307,16,32,1,-1,-1,-1
380,540,566,307,20,34,1,-1,-1,-1
381,540,563,307,20,36,1,-1,-1,-1
382,540,560,308,21,38,1,-1,-1,-1
383,540,560,312,21,37,1,-1,-1,-1
384,540,560,316,19,34,1,-1,-1,-1
385,540,561,318,22,35,1,-1,-1,-1
386,540,563,320,22,35,1,-1,-1,-1
387,540,566,321,21,36,1,-1,-1,-1
388,540,569,324,20,36,1,-1,-1,-1
389,540,568,327,21,36,1,-1,-1,-1
390,540,567,330,21,36,1,-1,-1,-1
391,540,565,330,20,36,1,-1,-1,-1
392,540,558,331,22,39,1,-1,-1,-1
393,540,554,332,20,39,1,-1,-1,-1
394,540,552,332,23,41,1,-1,-1,-1
395,540,552,335,23,40,1,-1,-1,-1
396,540,553,338,25,40,1,-1,-1,-1
397,540,554,339,23,40,1,-1,-1,-1
398,540,556,343,22,38,1,-1,-1,-1
399,540,555,345,21,38,1,-1,-1,-1
400,540,555,345,25,40,1,-1,-1,-1
401,540,554,346,27,41,1,-1,-1,-1
402,540,551,347,27,43,1,-1,-1,-1
403,540,550,348,29,43,1,-1,-1,-1
404,540,547,349,30,44,1,-1,-1,-1
405,540,546,352,29,44,1,-1,-1,-1
406,540,545,354,28,44,1,-1,-1,-1
407,540,543,356,30,43,1,-1,-1,-1
408,540,542,358,30,44,1,-1,-1,-1
409,540,541,357,30,47,1,-1,-1,-1
410,540,539,360,30,47,1,-1,-1,-1
411,540,539,362,31,46,1,-1,-1,-1
412,540,540,365,29,45,1,-1,-1,-1
413,540,539,365,30,47,1,-1,-1,-1
414,540,540,368,27,48,1,-1,-1,-1
415,540,540,370,29,48,1,-1,-1,-1
416,540,538,372,30,50,1,-1,-1,-1
417,540,537,374,31,50,1,-1,-1,-1
418,540,537,377,32,50,1,-1,-1,-1
419,540,536,378,33,51,1,-1,-1,-1
420,540,536,380,32,52,1,-1,-1,-1
421,540,536,382,34,53,1,-1,-1,-1
422,540,537,384,33,53,1,-1,-1,-1
423,540,537,386,31,53,1,-1,-1,-1
424,540,537,388,31,55,1,-1,-1,-1
425,540,536,391,35,55,1,-1,-1,-1
426,540,536,393,32,56,1,-1,-1,-1
427,540,534,394,35,58,1,-1,-1,-1
428,540,531,399,38,57,1,-1,-1,-1
429,540,528,401,38,58,1,-1,-1,-1
430,540,524,403,40,59,1,-1,-1,-1
431,540,519,405,41,61,1,-1,-1,-1
432,540,516,408,41,62,1,-1,-1,-1
433,540,516,411,37,62,1,-1,-1,-1
434,540,512,415,32,63,1,-1,-1,-1
435,540,507,418,37,64,1,-1,-1,-1
436,540,502,424,39,62,1,-1,-1,-1
437,540,498,425,39,64,1,-1,-1,-1
438,540,495,427,45,67,1,-1,-1,-1
439,540,492,430,47,67,1,-1,-1,-1
440,540,489,432,47,69,1,-1,-1,-1
441,540,490,437,42,71,1,-1,-1,-1
442,540,489,443,42,69,1,-1,-1,-1
443,540,485,445,47,70,1,-1,-1,-1
444,540,480,447,50,73,1,-1,-1,-1
445,540,478,452,51,74,1,-1,-1,-1
446,540,476,457,47,74,1,-1,-1,-1
447,540,475,460,46,76,1,-1,-1,-1
448,540,469,460,55,81,1,-1,-1,-1
449,540,467,468,50,79,1,-1,-1,-1
450,540,467,474,53,80,1,-1,-1,-1
451,540,462,475,56,83,1,-1,-1,-1
452,540,461,483,53,82,1,-1,-1,-1
453,540,453,486,59,86,1,-1,-1,-1
454,540,451,495,57,84,1,-1,-1,-1
455,540,451,498,55,86,1,-1,-1,-1
456,540,448,505,45,86,1,-1,-1,-1
457,540,449,511,57,88,1,-1,-1,-1
458,540,447,518,61,89,1,-1,-1,-1
459,540,448,521,60,92,1,-1,-1,-1
460,540,450,526,59,93,1,-1,-1,-1
461,540,452,534,45,96,1,-1,-1,-1
462,540,449,541,66,97,1,-1,-1,-1
463,540,452,546,66,98,1,-1,-1,-1
464,540,454,552,70,102,1,-1,-1,-1
465,540,456,559,69,104,1,-1,-1,-1
466,540,457,567,69,106,1,-1,-1,-1
467,540,461,572,64,108,1,-1,-1,-1
468,540,461,581,70,111,1,-1,-1,-1
469,540,463,590,72,113,1,-1,-1,-1
470,540,462,600,78,115,1,-1,-1,-1
471,540,464,606,78,118,1,-1,-1,-1
472,540,470,618,80,118,1,-1,-1,-1
473,540,476,626,81,124,1,-1,-1,-1
474,540,477,638,83,126,1,-1,-1,-1
475,540,475,645,88,131,1,-1,-1,-1
476,540,485,659,80,132,1,-1,-1,-1
477,540,480,669,86,138,1,-1,-1,-1
478,540,468,683,95,142,1,-1,-1,-1
479,540,473,693,83,146,1,-1,-1,-1
480,540,457,708,84,149,1,-1,-1,-1
481,540,428,724,93,153,1,-1,-1,-1
482,540,402,741,93,156,1,-1,-1,-1
483,540,379,752,90,161,1,-1,-1,-1
484,540,340,769,103,169,1,-1,-1,-1
485,540,325,789,106,174,1,-1,-1,-1
486,540,317,810,107,180,1,-1,-1,-1
487,540,311,828,113,183,1,-1,-1,-1
488,540,313,850,131,188,1,-1,-1,-1
489,540,335,878,141,189,1,-1,-1,-1
490,540,357,897,173,181,1,-1,-1,-1
491,540,399,916,181,163,1,-1,-1,-1
371,541,702,256,59,34,1,-1,-1,-1
372,541,702,256,58,33,1,-1,-1,-1
373,541,703,255,59,32,1,-1,-1,-1
374,541,703,255,59,32,1,-1,-1,-1
375,541,703,255,59,32,1,-1,-1,-1
376,541,703,255,59,32,1,-1,-1,-1
377,541,703,255,59,29,1,-1,-1,-1
378,541,703,255,58,28,1,-1,-1,-1
379,541,703,255,58,28,1,-1,-1,-1
380,541,703,255,58,28,1,-1,-1,-1
381,541,703,255,58,28,1,-1,-1,-1
382,541,703,256,58,28,1,-1,-1,-1
383,541,703,255,58,28,1,-1,-1,-1
384,541,703,255,58,28,1,-1,-1,-1
421,548,703,254,59,30,1,-1,-1,-1
422,548,703,255,59,30,1,-1,-1,-1
423,548,703,255,59,30,1,-1,-1,-1
424,548,703,255,59,30,1,-1,-1,-1
433,548,702,255,59,31,1,-1,-1,-1
434,548,702,255,59,31,1,-1,-1,-1
435,548,702,255,59,31,1,-1,-1,-1
436,548,702,255,59,32,1,-1,-1,-1
437,548,702,255,59,32,1,-1,-1,-1
438,548,702,255,59,32,1,-1,-1,-1
439,548,702,255,59,32,1,-1,-1,-1
440,548,702,255,59,32,1,-1,-1,-1
429,551,620,195,19,31,1,-1,-1,-1
430,551,620,199,18,29,1,-1,-1,-1
433,551,621,211,16,26,1,-1,-1,-1
434,551,621,212,17,27,1,-1,-1,-1
435,551,620,215,16,26,1,-1,-1,-1
436,551,621,217,15,28,1,-1,-1,-1
438,551,619,222,18,29,1,-1,-1,-1
439,551,619,222,19,31,1,-1,-1,-1
442,551,621,234,16,29,1,-1,-1,-1
443,551,621,237,16,29,1,-1,-1,-1
444,551,621,240,16,29,1,-1,-1,-1
445,551,620,240,18,32,1,-1,-1,-1
446,551,621,246,17,29,1,-1,-1,-1
447,551,620,247,18,30,1,-1,-1,-1
448,551,621,252,16,29,1,-1,-1,-1
449,551,621,256,15,29,1,-1,-1,-1
450,551,619,258,17,29,1,-1,-1,-1
451,551,619,259,18,30,1,-1,-1,-1
452,551,620,263,16,29,1,-1,-1,-1
454,551,619,266,18,33,1,-1,-1,-1
458,551,615,278,19,32,1,-1,-1,-1
459,551,614,277,20,35,1,-1,-1,-1
460,551,613,283,19,32,1,-1,-1,-1
461,551,613,286,17,31,1,-1,-1,-1
462,551,611,288,18,32,1,-1,-1,-1
463,551,609,288,19,34,1,-1,-1,-1
467,551,604,298,18,35,1,-1,-1,-1
470,551,595,307,19,34,1,-1,-1,-1
471,551,591,308,20,35,1,-1,-1,-1
472,551,588,309,20,36,1,-1,-1,-1
473,551,585,310,21,37,1,-1,-1,-1
474,551,582,313,19,36,1,-1,-1,-1
475,551,578,315,20,37,1,-1,-1,-1
477,551,572,320,20,37,1,-1,-1,-1
478,551,568,324,20,36,1,-1,-1,-1
479,551,565,325,22,36,1,-1,-1,-1
480,551,565,326,18,37,1,-1,-1,-1
481,551,558,327,22,39,1,-1,-1,-1
482,551,556,330,21,39,1,-1,-1,-1
483,551,554,332,21,38,1,-1,-1,-1
484,551,552,332,21,39,1,-1,-1,-1
485,551,550,334,23,41,1,-1,-1,-1
486,551,548,335,24,42,1,-1,-1,-1
487,551,548,335,21,43,1,-1,-1,-1
488,551,546,337,23,43,1,-1,-1,-1
489,551,544,340,23,42,1,-1,-1,-1
490,551,543,341,23,42,1,-1,-1,-1
491,551,544,343,23,43,1,-1,-1,-1
492,551,541,344,24,43,1,-1,-1,-1
493,551,540,345,25,44,1,-1,-1,-1
494,551,541,347,24,45,1,-1,-1,-1
495,551,540,347,26,47,1,-1,-1,-1
496,551,541,351,25,45,1,-1,-1,-1
497,551,542,353,24,46,1,-1,-1,-1
498,551,541,354,25,46,1,-1,-1,-1
499,551,541,355,27,47,1,-1,-1,-1
500,551,540,357,28,48,1,-1,-1,-1
501,551,541,358,28,50,1,-1,-1,-1
502,551,545,359,24,50,1,-1,-1,-1
503,551,545,362,24,49,1,-1,-1,-1
504,551,545,363,27,50,1,-1,-1,-1
505,551,544,364,30,51,1,-1,-1,-1
506,551,546,366,28,51,1,-1,-1,-1
507,551,550,368,24,53,1,-1,-1,-1
508,551,551,371,25,53,1,-1,-1,-1
509,551,551,376,25,51,1,-1,-1,-1
510,551,551,377,25,52,1,-1,-1,-1
511,551,551,379,28,52,1,-1,-1,-1
512,551,553,381,25,54,1,-1,-1,-1
513,551,555,383,25,55,1,-1,-1,-1
514,551,555,384,26,58,1,-1,-1,-1
515,551,555,386,28,57,1,-1,-1,-1
516,551,554,389,30,58,1,-1,-1,-1
517,551,556,392,30,58,1,-1,-1,-1
518,551,552,393,35,60,1,-1,-1,-1
519,551,552,397,36,58,1,-1,-1,-1
520,551,560,403,25,57,1,-1,-1,-1
521,551,552,404,35,59,1,-1,-1,-1
522,551,551,406,39,61,1,-1,-1,-1
523,551,551,409,39,62,1,-1,-1,-1
524,551,549,413,36,61,1,-1,-1,-1
525,551,547,415,39,63,1,-1,-1,-1
526,551,552,419,30,64,1,-1,-1,-1
527,551,546,421,37,65,1,-1,-1,-1
529,551,540,427,44,68,1,-1,-1,-1
530,551,537,430,42,70,1,-1,-1,-1
531,551,537,433,42,69,1,-1,-1,-1
532,551,533,439,43,69,1,-1,-1,-1
534,551,526,447,46,71,1,-1,-1,-1
535,551,525,450,46,73,1,-1,-1,-1
536,551,523,453,47,75,1,-1,-1,-1
537,551,522,458,47,76,1,-1,-1,-1
538,551,521,463,46,77,1,-1,-1,-1
539,551,520,464,49,78,1,-1,-1,-1
540,551,524,471,43,79,1,-1,-1,-1
541,551,524,475,45,81,1,-1,-1,-1
542,551,525,478,48,84,1,-1,-1,-1
543,551,525,482,52,85,1,-1,-1,-1
544,551,528,487,52,86,1,-1,-1,-1
545,551,535,494,46,86,1,-1,-1,-1
546,551,538,498,55,89,1,-1,-1,-1
547,551,541,502,52,91,1,-1,-1,-1
548,551,552,509,53,91,1,-1,-1,-1
549,551,559,514,56,94,1,-1,-1,-1
550,551,570,521,57,94,1,-1,-1,-1
551,551,573,523,64,97,1,-1,-1,-1
552,551,585,531,61,97,1,-1,-1,-1
553,551,595,536,67,101,1,-1,-1,-1
554,551,609,545,64,102,1,-1,-1,-1
555,551,617,551,69,103,1,-1,-1,-1
556,551,631,557,68,106,1,-1,-1,-1
557,551,645,567,63,108,1,-1,-1,-1
558,551,658,576,70,108,1,-1,-1,-1
559,551,672,581,68,111,1,-1,-1,-1
560,551,692,590,65,113,1,-1,-1,-1
561,551,704,599,70,115,1,-1,-1,-1
562,551,727,608,64,119,1,-1,-1,-1
563,551,734,617,69,119,1,-1,-1,-1
564,551,752,626,78,123,1,-1,-1,-1
565,551,774,635,73,126,1,-1,-1,-1
566,551,794,647,73,128,1,-1,-1,-1
567,551,814,653,70,132,1,-1,-1,-1
568,551,830,666,75,133,1,-1,-1,-1
569,551,853,676,76,138,1,-1,-1,-1
570,551,875,688,80,141,1,-1,-1,-1
571,551,895,698,83,142,1,-1,-1,-1
572,551,920,711,77,144,1,-1,-1,-1
573,551,943,723,80,148,1,-1,-1,-1
574,551,961,737,86,152,1,-1,-1,-1
575,551,983,747,84,155,1,-1,-1,-1
576,551,1006,763,84,158,1,-1,-1,-1
577,551,1027,774,89,164,1,-1,-1,-1
578,551,1051,792,87,166,1,-1,-1,-1
579,551,1065,802,90,170,1,-1,-1,-1
580,551,1088,816,98,176,1,-1,-1,-1
581,551,1109,834,104,181,1,-1,-1,-1
582,551,1139,853,95,184,1,-1,-1,-1
583,551,1156,865,103,187,1,-1,-1,-1
584,551,1194,883,100,192,1,-1,-1,-1
585,551,1223,905,110,173,1,-1,-1,-1
586,551,1246,924,135,154,1,-1,-1,-1
587,551,1301,939,118,139,1,-1,-1,-1
588,551,1331,964,139,115,1,-1,-1,-1
589,551,1390,987,145,91,1,-1,-1,-1
590,551,1439,1010,186,69,1,-1,-1,-1
436,554,1491,1001,59,78,1,-1,-1,-1
437,554,1480,986,52,92,1,-1,-1,-1
438,554,1472,973,49,105,1,-1,-1,-1
439,554,1468,963,47,115,1,-1,-1,-1
440,554,1461,949,43,129,1,-1,-1,-1
441,554,1450,935,48,144,1,-1,-1,-1
442,554,1434,922,52,155,1,-1,-1,-1
443,554,1410,913,69,165,1,-1,-1,-1
444,554,1372,902,95,175,1,-1,-1,-1
445,554,1404,891,57,187,1,-1,-1,-1
446,554,1392,878,58,200,1,-1,-1,-1
447,554,1323,866,115,211,1,-1,-1,-1
448,554,1309,856,106,206,1,-1,-1,-1
449,554,1327,848,70,203,1,-1,-1,-1
450,554,1301,838,82,200,1,-1,-1,-1
451,554,1296,829,75,199,1,-1,-1,-1
452,554,1255,819,99,193,1,-1,-1,-1
453,554,1270,810,64,194,1,-1,-1,-1
454,554,1263,803,50,189,1,-1,-1,-1
455,554,1253,796,46,187,1,-1,-1,-1
456,554,1239,786,57,186,1,-1,-1,-1
457,554,1201,777,89,184,1,-1,-1,-1
458,554,1186,767,86,181,1,-1,-1,-1
459,554,1183,764,80,178,1,-1,-1,-1
460,554,1209,756,40,176,1,-1,-1,-1
461,554,1165,747,77,174,1,-1,-1,-1
462,554,1192,741,44,168,1,-1,-1,-1
463,554,1141,734,87,168,1,-1,-1,-1
464,554,1165,726,48,166,1,-1,-1,-1
465,554,1147,719,55,163,1,-1,-1,-1
466,554,1136,715,47,158,1,-1,-1,-1
467,554,1125,706,53,159,1,-1,-1,-1
468,554,1127,701,39,156,1,-1,-1,-1
469,554,1110,692,43,157,1,-1,-1,-1
470,554,1097,692,41,148,1,-1,-1,-1
471,554,1090,683,40,150,1,-1,-1,-1
472,554,1082,677,43,149,1,-1,-1,-1
473,554,1078,675,41,144,1,-1,-1,-1
474,554,1065,666,40,145,1,-1,-1,-1
475,554,1055,661,45,145,1,-1,-1,-1
476,554,1056,654,33,143,1,-1,-1,-1
477,554,1054,648,30,143,1,-1,-1,-1
478,554,1047,645,34,139,1,-1,-1,-1
479,554,1046,641,33,138,1,-1,-1,-1
480,554,1035,638,40,135,1,-1,-1,-1
481,554,1030,631,31,134,1,-1,-1,-1
482,554,1020,623,42,136,1,-1,-1,-1
483,554,1016,622,42,132,1,-1,-1,-1
484,554,1011,616,38,130,1,-1,-1,-1
485,554,993,613,42,129,1,-1,-1,-1
486,554,979,611,46,125,1,-1,-1,-1
487,554,971,605,45,127,1,-1,-1,-1
488,554,956,603,52,124,1,-1,-1,-1
489,554,960,598,37,122,1,-1,-1,-1
490,554,943,598,41,117,1,-1,-1,-1
491,554,933,593,41,118,1,-1,-1,-1
492,554,932,586,31,120,1,-1,-1,-1
493,554,927,579,35,122,1,-1,-1,-1
494,554,925,577,32,119,1,-1,-1,-1
495,554,924,577,27,115,1,-1,-1,-1
496,554,910,570,41,118,1,-1,-1,-1
497,554,909,567,37,116,1,-1,-1,-1
498,554,910,563,30,116,1,-1,-1,-1
499,554,905,546,38,131,1,-1,-1,-1
500,554,915,559,26,111,1,-1,-1,-1
501,554,913,557,25,109,1,-1,-1,-1
502,554,908,551,37,111,1,-1,-1,-1
503,554,907,550,35,111,1,-1,-1,-1
504,554,909,546,37,110,1,-1,-1,-1
473,564,702,255,62,50,1,-1,-1,-1
474,564,702,254,63,49,1,-1,-1,-1
475,564,702,254,62,49,1,-1,-1,-1
476,564,702,254,63,49,1,-1,-1,-1
477,564,702,255,62,51,1,-1,-1,-1
478,564,702,255,62,50,1,-1,-1,-1
479,564,702,255,62,50,1,-1,-1,-1
480,564,702,255,63,51,1,-1,-1,-1
481,564,704,251,56,22,1,-1,-1,-1
482,564,704,251,56,22,1,-1,-1,-1
482,565,702,254,64,51,1,-1,-1,-1
483,565,702,254,63,51,1,-1,-1,-1
485,565,702,254,64,51,1,-1,-1,-1
486,565,702,254,63,50,1,-1,-1,-1
487,565,702,254,63,51,1,-1,-1,-1
488,565,702,254,63,50,1,-1,-1,-1
489,565,702,256,62,50,1,-1,-1,-1
490,565,702,256,62,50,1,-1,-1,-1
491,565,702,256,62,50,1,-1,-1,-1
492,565,702,256,62,50,1,-1,-1,-1
493,565,702,255,62,51,1,-1,-1,-1
494,565,702,255,62,51,1,-1,-1,-1
495,565,702,255,62,51,1,-1,-1,-1
496,565,702,255,62,51,1,-1,-1,-1
497,565,702,254,62,51,1,-1,-1,-1
498,565,702,254,62,51,1,-1,-1,-1
499,565,702,254,62,51,1,-1,-1,-1
500,565,702,254,62,51,1,-1,-1,-1
501,565,702,254,62,51,1,-1,-1,-1
502,565,702,254,62,51,1,-1,-1,-1
503,565,702,254,62,51,1,-1,-1,-1
504,565,702,254,62,51,1,-1,-1,-1
505,565,702,255,62,54,1,-1,-1,-1
506,565,702,255,62,54,1,-1,-1,-1
507,565,702,255,62,54,1,-1,-1,-1
508,565,702,255,62,54,1,-1,-1,-1
509,565,702,255,62,54,1,-1,-1,-1
510,565,702,255,62,54,1,-1,-1,-1
511,565,702,255,62,54,1,-1,-1,-1
512,565,702,255,61,54,1,-1,-1,-1
513,565,702,255,61,52,1,-1,-1,-1
514,565,702,255,61,52,1,-1,-1,-1
515,565,702,255,61,51,1,-1,-1,-1
516,565,702,255,61,51,1,-1,-1,-1
517,565,702,255,62,52,1,-1,-1,-1
518,565,702,255,62,52,1,-1,-1,-1
519,565,702,255,62,52,1,-1,-1,-1
520,565,702,255,62,52,1,-1,-1,-1
521,565,702,255,62,49,1,-1,-1,-1
522,565,702,255,62,49,1,-1,-1,-1
523,565,702,255,62,49,1,-1,-1,-1
524,565,702,255,61,49,1,-1,-1,-1
525,565,702,255,61,50,1,-1,-1,-1
526,565,702,255,61,49,1,-1,-1,-1
527,565,702,255,61,49,1,-1,-1,-1
530,565,702,256,63,51,1,-1,-1,-1
532,565,702,256,63,51,1,-1,-1,-1
533,565,702,256,63,51,1,-1,-1,-1
534,565,702,256,62,51,1,-1,-1,-1
535,565,702,256,63,51,1,-1,-1,-1
536,565,702,256,62,51,1,-1,-1,-1
537,565,702,255,62,51,1,-1,-1,-1
538,565,702,254,62,50,1,-1,-1,-1
539,565,702,254,62,50,1,-1,-1,-1
540,565,702,254,62,50,1,-1,-1,-1
541,565,702,254,62,51,1,-1,-1,-1
542,565,702,254,62,51,1,-1,-1,-1
543,565,702,254,62,51,1,-1,-1,-1
544,565,702,254,62,51,1,-1,-1,-1
545,565,702,255,62,51,1,-1,-1,-1
546,565,702,255,62,51,1,-1,-1,-1
547,565,702,255,62,51,1,-1,-1,-1
548,565,702,255,62,51,1,-1,-1,-1
549,565,702,255,62,52,1,-1,-1,-1
550,565,702,255,62,51,1,-1,-1,-1
551,565,702,255,62,51,1,-1,-1,-1
552,565,702,255,62,52,1,-1,-1,-1
553,565,702,254,61,51,1,-1,-1,-1
554,565,702,254,61,50,1,-1,-1,-1
555,565,702,254,61,51,1,-1,-1,-1
556,565,702,254,61,51,1,-1,-1,-1
557,565,702,254,61,50,1,-1,-1,-1
558,565,702,254,61,51,1,-1,-1,-1
559,565,702,254,61,51,1,-1,-1,-1
560,565,702,254,61,51,1,-1,-1,-1
561,565,702,254,62,52,1,-1,-1,-1
562,565,702,254,62,52,1,-1,-1,-1
563,565,702,254,62,52,1,-1,-1,-1
564,565,702,254,62,52,1,-1,-1,-1
565,565,702,254,62,51,1,-1,-1,-1
566,565,702,254,62,51,1,-1,-1,-1
567,565,702,254,62,51,1,-1,-1,-1
568,565,702,254,62,51,1,-1,-1,-1
569,565,702,255,62,51,1,-1,-1,-1
570,565,702,254,61,51,1,-1,-1,-1
571,565,702,254,62,51,1,-1,-1,-1
572,565,702,254,62,51,1,-1,-1,-1
573,565,702,254,62,51,1,-1,-1,-1
574,565,702,254,62,51,1,-1,-1,-1
575,565,702,254,62,51,1,-1,-1,-1
576,565,702,255,62,51,1,-1,-1,-1
577,565,702,255,62,52,1,-1,-1,-1
578,565,702,255,62,52,1,-1,-1,-1
579,565,702,255,62,52,1,-1,-1,-1
580,565,702,255,62,52,1,-1,-1,-1
581,565,702,255,62,52,1,-1,-1,-1
582,565,702,255,62,52,1,-1,-1,-1
583,565,702,255,62,52,1,-1,-1,-1
584,565,702,255,62,52,1,-1,-1,-1
585,565,702,254,63,52,1,-1,-1,-1
586,565,702,254,63,52,1,-1,-1,-1
587,565,702,254,63,52,1,-1,-1,-1
588,565,702,254,63,52,1,-1,-1,-1
589,565,702,255,62,51,1,-1,-1,-1
590,565,702,255,63,51,1,-1,-1,-1
591,565,702,255,62,51,1,-1,-1,-1
592,565,702,255,63,51,1,-1,-1,-1
593,565,702,256,63,51,1,-1,-1,-1
594,565,702,255,63,51,1,-1,-1,-1
595,565,702,256,63,52,1,-1,-1,-1
596,565,702,256,63,51,1,-1,-1,-1
597,565,702,256,63,51,1,-1,-1,-1
598,565,702,255,63,51,1,-1,-1,-1
599,565,702,255,63,51,1,-1,-1,-1
600,565,702,255,63,51,1,-1,-1,-1
601,565,702,254,63,51,1,-1,-1,-1
602,565,702,254,63,51,1,-1,-1,-1
603,565,702,254,63,51,1,-1,-1,-1
604,565,702,255,63,52,1,-1,-1,-1
605,565,702,254,63,52,1,-1,-1,-1
606,565,702,254,63,52,1,-1,-1,-1
607,565,702,254,62,52,1,-1,-1,-1
608,565,702,254,62,52,1,-1,-1,-1
609,565,702,255,61,51,1,-1,-1,-1
610,565,702,255,61,51,1,-1,-1,-1
611,565,702,255,61,52,1,-1,-1,-1
612,565,702,255,61,52,1,-1,-1,-1
613,565,702,254,61,51,1,-1,-1,-1
614,565,702,254,61,51,1,-1,-1,-1
615,565,702,254,61,51,1,-1,-1,-1
616,565,702,254,61,51,1,-1,-1,-1
617,565,702,255,61,52,1,-1,-1,-1
618,565,702,255,61,52,1,-1,-1,-1
619,565,702,255,61,52,1,-1,-1,-1
620,565,702,255,61,52,1,-1,-1,-1
621,565,702,255,61,52,1,-1,-1,-1
622,565,702,255,61,52,1,-1,-1,-1
623,565,702,255,61,53,1,-1,-1,-1
624,565,702,255,61,53,1,-1,-1,-1
625,565,702,255,60,53,1,-1,-1,-1
626,565,702,255,60,53,1,-1,-1,-1
627,565,702,255,60,53,1,-1,-1,-1
628,565,702,255,60,53,1,-1,-1,-1
629,565,702,255,60,53,1,-1,-1,-1
630,565,702,255,61,53,1,-1,-1,-1
631,565,702,255,60,53,1,-1,-1,-1
632,565,702,255,60,53,1,-1,-1,-1
633,565,702,254,62,53,1,-1,-1,-1
634,565,702,254,62,53,1,-1,-1,-1
635,565,702,255,62,54,1,-1,-1,-1
636,565,702,254,62,53,1,-1,-1,-1
637,565,701,254,61,55,1,-1,-1,-1
638,565,702,254,61,56,1,-1,-1,-1
639,565,702,254,61,55,1,-1,-1,-1
640,565,702,254,61,55,1,-1,-1,-1
641,565,702,255,61,56,1,-1,-1,-1
642,565,702,255,61,56,1,-1,-1,-1
643,565,702,255,61,57,1,-1,-1,-1
644,565,702,255,61,58,1,-1,-1,-1
645,565,702,255,61,58,1,-1,-1,-1
646,565,702,254,61,57,1,-1,-1,-1
647,565,702,254,61,58,1,-1,-1,-1
648,565,702,254,61,57,1,-1,-1,-1
649,565,702,254,60,52,1,-1,-1,-1
650,565,702,254,60,51,1,-1,-1,-1
651,565,702,254,60,51,1,-1,-1,-1
652,565,702,254,60,52,1,-1,-1,-1
653,565,702,254,60,52,1,-1,-1,-1
654,565,702,254,60,52,1,-1,-1,-1
655,565,702,254,60,52,1,-1,-1,-1
656,565,702,254,60,52,1,-1,-1,-1
657,565,702,255,61,52,1,-1,-1,-1
658,565,702,255,61,52,1,-1,-1,-1
659,565,702,255,61,52,1,-1,-1,-1
660,565,702,255,61,52,1,-1,-1,-1
661,565,701,254,60,53,1,-1,-1,-1
662,565,701,255,60,53,1,-1,-1,-1
663,565,701,254,61,53,1,-1,-1,-1
664,565,702,255,61,52,1,-1,-1,-1
665,565,702,254,61,52,1,-1,-1,-1
666,565,702,254,61,53,1,-1,-1,-1
667,565,702,254,61,52,1,-1,-1,-1
668,565,702,254,61,51,1,-1,-1,-1
669,565,702,254,61,53,1,-1,-1,-1
670,565,702,254,61,54,1,-1,-1,-1
671,565,702,255,61,54,1,-1,-1,-1
672,565,702,255,61,55,1,-1,-1,-1
673,565,702,255,62,53,1,-1,-1,-1
674,565,702,255,62,52,1,-1,-1,-1
675,565,702,254,62,53,1,-1,-1,-1
676,565,702,254,62,54,1,-1,-1,-1
677,565,702,254,62,53,1,-1,-1,-1
678,565,702,255,62,52,1,-1,-1,-1
679,565,702,255,62,52,1,-1,-1,-1
680,565,702,255,62,52,1,-1,-1,-1
681,565,702,255,62,52,1,-1,-1,-1
682,565,702,255,62,55,1,-1,-1,-1
683,565,702,255,62,56,1,-1,-1,-1
684,565,702,255,62,56,1,-1,-1,-1
685,565,702,254,61,53,1,-1,-1,-1
686,565,702,254,61,52,1,-1,-1,-1
687,565,702,254,61,54,1,-1,-1,-1
688,565,702,254,61,54,1,-1,-1,-1
689,565,701,254,61,52,1,-1,-1,-1
690,565,702,254,61,51,1,-1,-1,-1
691,565,702,254,61,50,1,-1,-1,-1
692,565,702,254,61,49,1,-1,-1,-1
693,565,701,255,61,46,1,-1,-1,-1
694,565,702,254,61,51,1,-1,-1,-1
695,565,701,255,61,47,1,-1,-1,-1
696,565,701,255,61,43,1,-1,-1,-1
697,565,702,254,61,55,1,-1,-1,-1
698,565,702,254,61,55,1,-1,-1,-1
699,565,702,254,61,56,1,-1,-1,-1
705,565,702,254,61,54,1,-1,-1,-1
706,565,702,254,61,54,1,-1,-1,-1
707,565,702,254,61,54,1,-1,-1,-1
708,565,702,254,61,54,1,-1,-1,-1
709,565,702,254,61,53,1,-1,-1,-1
710,565,702,254,61,53,1,-1,-1,-1
711,565,702,254,61,54,1,-1,-1,-1
712,565,702,254,61,53,1,-1,-1,-1
713,565,702,254,61,54,1,-1,-1,-1
714,565,702,254,61,54,1,-1,-1,-1
715,565,702,254,61,54,1,-1,-1,-1
716,565,702,254,61,54,1,-1,-1,-1
717,565,702,254,61,54,1,-1,-1,-1
718,565,702,254,61,54,1,-1,-1,-1
719,565,702,254,61,54,1,-1,-1,-1
720,565,702,254,61,54,1,-1,-1,-1
721,565,702,254,62,53,1,-1,-1,-1
722,565,702,254,62,53,1,-1,-1,-1
723,565,702,254,62,53,1,-1,-1,-1
724,565,702,254,62,53,1,-1,-1,-1
725,565,702,254,62,53,1,-1,-1,-1
726,565,702,254,62,53,1,-1,-1,-1
727,565,702,254,62,53,1,-1,-1,-1
728,565,702,254,62,54,1,-1,-1,-1
729,565,702,255,61,54,1,-1,-1,-1
730,565,702,255,61,54,1,-1,-1,-1
731,565,702,255,61,54,1,-1,-1,-1
732,565,702,255,61,54,1,-1,-1,-1
733,565,702,255,62,54,1,-1,-1,-1
734,565,702,255,62,54,1,-1,-1,-1
735,565,702,255,62,54,1,-1,-1,-1
736,565,702,255,62,54,1,-1,-1,-1
737,565,702,255,61,53,1,-1,-1,-1
738,565,702,255,61,52,1,-1,-1,-1
739,565,702,255,61,52,1,-1,-1,-1
740,565,702,255,61,52,1,-1,-1,-1
741,565,702,255,61,52,1,-1,-1,-1
742,565,702,255,61,52,1,-1,-1,-1
743,565,702,255,61,53,1,-1,-1,-1
744,565,702,255,61,53,1,-1,-1,-1
745,565,702,255,61,51,1,-1,-1,-1
746,565,702,255,61,51,1,-1,-1,-1
747,565,702,255,61,51,1,-1,-1,-1
748,565,702,255,61,51,1,-1,-1,-1
749,565,702,255,61,51,1,-1,-1,-1
750,565,702,255,61,51,1,-1,-1,-1
751,565,702,255,61,51,1,-1,-1,-1
752,565,702,255,61,51,1,-1,-1,-1
753,565,702,256,66,54,1,-1,-1,-1
754,565,702,255,62,51,1,-1,-1,-1
755,565,702,255,62,52,1,-1,-1,-1
756,565,702,255,62,52,1,-1,-1,-1
757,565,702,254,61,56,1,-1,-1,-1
758,565,702,255,59,34,1,-1,-1,-1
759,565,702,255,59,34,1,-1,-1,-1
760,565,702,255,59,34,1,-1,-1,-1
761,565,703,255,58,30,1,-1,-1,-1
762,565,703,255,58,30,1,-1,-1,-1
763,565,703,255,58,29,1,-1,-1,-1
764,565,703,255,58,28,1,-1,-1,-1
765,565,703,255,58,29,1,-1,-1,-1
766,565,703,255,57,29,1,-1,-1,-1
767,565,703,255,58,30,1,-1,-1,-1
768,565,703,255,57,29,1,-1,-1,-1
770,565,703,255,58,27,1,-1,-1,-1
771,565,703,255,58,27,1,-1,-1,-1
772,565,703,255,58,27,1,-1,-1,-1
775,565,703,255,57,29,1,-1,-1,-1
776,565,703,255,57,29,1,-1,-1,-1
777,565,703,255,58,31,1,-1,-1,-1
778,565,703,255,58,32,1,-1,-1,-1
779,565,703,255,58,33,1,-1,-1,-1
780,565,703,255,58,29,1,-1,-1,-1
781,565,703,255,57,29,1,-1,-1,-1
782,565,703,255,57,30,1,-1,-1,-1
783,565,703,255,57,30,1,-1,-1,-1
784,565,703,255,57,31,1,-1,-1,-1
785,565,703,255,57,29,1,-1,-1,-1
786,565,703,255,58,30,1,-1,-1,-1
787,565,703,255,57,30,1,-1,-1,-1
788,565,703,255,57,30,1,-1,-1,-1
502,575,902,536,63,127,1,-1,-1,-1
503,575,903,532,65,128,1,-1,-1,-1
505,575,909,538,50,115,1,-1,-1,-1
506,575,922,545,24,102,1,-1,-1,-1
507,575,922,539,26,106,1,-1,-1,-1
508,575,911,527,56,115,1,-1,-1,-1
509,575,909,526,41,111,1,-1,-1,-1
510,575,912,526,34,107,1,-1,-1,-1
511,575,909,521,41,110,1,-1,-1,-1
512,575,920,526,24,101,1,-1,-1,-1
513,575,911,522,30,100,1,-1,-1,-1
514,575,910,517,27,103,1,-1,-1,-1
515,575,904,517,28,99,1,-1,-1,-1
516,575,900,515,29,99,1,-1,-1,-1
517,575,894,509,31,102,1,-1,-1,-1
518,575,893,511,29,95,1,-1,-1,-1
519,575,891,509,25,95,1,-1,-1,-1
520,575,879,507,30,94,1,-1,-1,-1
521,575,870,503,30,94,1,-1,-1,-1
522,575,861,499,34,95,1,-1,-1,-1
523,575,858,499,32,93,1,-1,-1,-1
524,575,851,495,34,93,1,-1,-1,-1
525,575,853,498,26,87,1,-1,-1,-1
526,575,844,492,29,90,1,-1,-1,-1
527,575,836,489,30,91,1,-1,-1,-1
528,575,830,486,32,90,1,-1,-1,-1
529,575,824,483,30,91,1,-1,-1,-1
530,575,816,474,38,96,1,-1,-1,-1
531,575,821,478,29,90,1,-1,-1,-1
532,575,811,476,32,89,1,-1,-1,-1
533,575,798,472,34,92,1,-1,-1,-1
534,575,795,471,32,89,1,-1,-1,-1
535,575,790,470,33,88,1,-1,-1,-1
536,575,784,470,34,85,1,-1,-1,-1
537,575,785,468,27,84,1,-1,-1,-1
538,575,777,470,26,80,1,-1,-1,-1
539,575,772,464,31,84,1,-1,-1,-1
540,575,770,460,26,86,1,-1,-1,-1
541,575,770,460,24,83,1,-1,-1,-1
542,575,769,458,27,83,1,-1,-1,-1
543,575,765,458,30,81,1,-1,-1,-1
544,575,758,452,35,85,1,-1,-1,-1
545,575,756,452,27,82,1,-1,-1,-1
546,575,755,452,25,80,1,-1,-1,-1
547,575,754,449,26,80,1,-1,-1,-1
548,575,754,449,24,78,1,-1,-1,-1
549,575,749,450,26,75,1,-1,-1,-1
550,575,745,449,25,74,1,-1,-1,-1
551,575,737,445,28,76,1,-1,-1,-1
552,575,736,443,25,75,1,-1,-1,-1
553,575,735,440,23,76,1,-1,-1,-1
554,575,737,441,22,74,1,-1,-1,-1
555,575,736,438,23,75,1,-1,-1,-1
556,575,731,432,26,79,1,-1,-1,-1
557,575,730,431,25,79,1,-1,-1,-1
560,575,734,430,23,75,1,-1,-1,-1
566,575,728,427,21,67,1,-1,-1,-1
567,575,727,426,21,66,1,-1,-1,-1
568,575,727,421,23,69,1,-1,-1,-1
572,575,725,415,20,69,1,-1,-1,-1
573,575,722,413,20,68,1,-1,-1,-1
574,575,716,410,23,69,1,-1,-1,-1
575,575,713,407,26,71,1,-1,-1,-1
576,575,711,405,28,72,1,-1,-1,-1
577,575,711,405,26,71,1,-1,-1,-1
585,575,707,396,30,67,1,-1,-1,-1
586,575,709,398,22,64,1,-1,-1,-1
587,575,706,393,25,66,1,-1,-1,-1
588,575,703,390,30,68,1,-1,-1,-1
589,575,702,388,29,70,1,-1,-1,-1
590,575,703,393,22,62,1,-1,-1,-1
591,575,699,388,30,67,1,-1,-1,-1
592,575,698,388,28,65,1,-1,-1,-1
593,575,698,385,29,67,1,-1,-1,-1
594,575,698,385,26,65,1,-1,-1,-1
595,575,698,386,27,63,1,-1,-1,-1
596,575,696,383,29,65,1,-1,-1,-1
597,575,697,382,29,67,1,-1,-1,-1
598,575,698,381,31,64,1,-1,-1,-1
599,575,699,381,28,62,1,-1,-1,-1
553,582,730,435,36,81,1,-1,-1,-1
554,582,733,437,32,77,1,-1,-1,-1
555,582,731,437,33,76,1,-1,-1,-1
556,582,728,431,37,80,1,-1,-1,-1
558,582,731,428,28,79,1,-1,-1,-1
559,582,730,428,29,78,1,-1,-1,-1
560,582,728,425,34,79,1,-1,-1,-1
561,582,732,425,27,76,1,-1,-1,-1
562,582,727,422,30,79,1,-1,-1,-1
563,582,725,425,30,74,1,-1,-1,-1
564,582,723,419,32,78,1,-1,-1,-1
565,582,723,418,31,77,1,-1,-1,-1
566,582,722,426,32,67,1,-1,-1,-1
567,582,721,425,30,65,1,-1,-1,-1
569,582,720,416,29,73,1,-1,-1,-1
570,582,719,414,30,73,1,-1,-1,-1
571,582,720,413,29,73,1,-1,-1,-1
572,582,717,409,31,74,1,-1,-1,-1
578,582,712,404,28,69,1,-1,-1,-1
579,582,712,405,24,67,1,-1,-1,-1
580,582,713,402,24,68,1,-1,-1,-1
581,582,711,400,26,68,1,-1,-1,-1
582,582,710,399,28,68,1,-1,-1,-1
583,582,709,398,30,67,1,-1,-1,-1
584,582,713,401,24,63,1,-1,-1,-1
585,582,713,400,22,63,1,-1,-1,-1
600,582,702,379,26,63,1,-1,-1,-1
601,582,703,380,25,61,1,-1,-1,-1
602,582,704,379,24,61,1,-1,-1,-1
603,582,705,379,22,61,1,-1,-1,-1
604,582,702,375,30,63,1,-1,-1,-1
605,582,702,375,28,62,1,-1,-1,-1
606,582,703,376,25,59,1,-1,-1,-1
607,582,702,376,25,57,1,-1,-1,-1
608,582,699,371,28,61,1,-1,-1,-1
609,582,699,371,23,61,1,-1,-1,-1
610,582,697,369,26,61,1,-1,-1,-1
611,582,698,368,25,62,1,-1,-1,-1
612,582,698,368,24,62,1,-1,-1,-1
613,582,700,367,25,62,1,-1,-1,-1
614,582,700,366,25,61,1,-1,-1,-1
615,582,700,366,28,59,1,-1,-1,-1
616,582,700,365,27,59,1,-1,-1,-1
617,582,700,365,28,58,1,-1,-1,-1
618,582,698,363,28,58,1,-1,-1,-1
619,582,700,363,26,58,1,-1,-1,-1
620,582,700,363,23,57,1,-1,-1,-1
621,582,697,360,26,59,1,-1,-1,-1
622,582,694,360,27,57,1,-1,-1,-1
623,582,694,358,26,58,1,-1,-1,-1
624,582,692,358,27,58,1,-1,-1,-1
625,582,694,358,24,57,1,-1,-1,-1
626,582,693,356,27,58,1,-1,-1,-1
627,582,692,357,27,57,1,-1,-1,-1
628,582,694,356,24,56,1,-1,-1,-1
629,582,693,355,26,58,1,-1,-1,-1
630,582,692,355,27,56,1,-1,-1,-1
631,582,691,355,26,56,1,-1,-1,-1
632,582,691,355,26,54,1,-1,-1,-1
633,582,692,356,24,54,1,-1,-1,-1
634,582,693,355,23,53,1,-1,-1,-1
635,582,691,353,25,54,1,-1,-1,-1
636,582,690,353,25,52,1,-1,-1,-1
637,582,687,352,27,54,1,-1,-1,-1
638,582,686,350,24,54,1,-1,-1,-1
639,582,679,350,28,55,1,-1,-1,-1
640,582,672,351,30,53,1,-1,-1,-1
641,582,662,352,37,52,1,-1,-1,-1
642,582,655,351,38,51,1,-1,-1,-1
643,582,655,351,34,51,1,-1,-1,-1
644,582,655,348,26,53,1,-1,-1,-1
645,582,655,345,26,55,1,-1,-1,-1
646,582,655,346,26,54,1,-1,-1,-1
647,582,656,347,25,53,1,-1,-1,-1
648,582,658,346,25,54,1,-1,-1,-1
649,582,659,344,27,55,1,-1,-1,-1
650,582,663,344,26,55,1,-1,-1,-1
651,582,666,344,25,54,1,-1,-1,-1
652,582,669,343,26,54,1,-1,-1,-1
653,582,673,344,24,54,1,-1,-1,-1
654,582,674,343,26,54,1,-1,-1,-1
655,582,676,343,25,53,1,-1,-1,-1
656,582,679,345,26,51,1,-1,-1,-1
657,582,681,342,24,54,1,-1,-1,-1
658,582,682,342,24,53,1,-1,-1,-1
659,582,682,341,24,53,1,-1,-1,-1
660,582,681,341,25,52,1,-1,-1,-1
661,582,680,341,25,52,1,-1,-1,-1
662,582,680,341,26,51,1,-1,-1,-1
663,582,680,341,26,51,1,-1,-1,-1
664,582,680,340,25,51,1,-1,-1,-1
665,582,680,339,24,52,1,-1,-1,-1
666,582,681,337,25,53,1,-1,-1,-1
667,582,680,335,26,53,1,-1,-1,-1
668,582,680,335,25,54,1,-1,-1,-1
669,582,681,336,25,53,1,-1,-1,-1
670,582,683,336,23,53,1,-1,-1,-1
671,582,685,338,23,50,1,-1,-1,-1
672,582,689,336,24,50,1,-1,-1,-1
673,582,692,336,28,53,1,-1,-1,-1
674,582,694,335,31,53,1,-1,-1,-1
675,582,696,337,32,51,1,-1,-1,-1
676,582,699,338,31,50,1,-1,-1,-1
677,582,703,336,28,51,1,-1,-1,-1
678,582,704,334,27,53,1,-1,-1,-1
679,582,704,334,28,53,1,-1,-1,-1
680,582,705,334,27,51,1,-1,-1,-1
681,582,704,333,27,52,1,-1,-1,-1
682,582,699,333,30,51,1,-1,-1,-1
683,582,697,334,29,50,1,-1,-1,-1
684,582,696,337,27,48,1,-1,-1,-1
685,582,693,336,30,49,1,-1,-1,-1
686,582,689,334,30,50,1,-1,-1,-1
687,582,689,335,28,49,1,-1,-1,-1
688,582,683,333,31,51,1,-1,-1,-1
689,582,681,332,30,50,1,-1,-1,-1
690,582,676,331,31,52,1,-1,-1,-1
691,582,674,331,29,52,1,-1,-1,-1
692,582,669,332,30,49,1,-1,-1,-1
693,582,666,330,28,51,1,-1,-1,-1
694,582,660,330,30,51,1,-1,-1,-1
695,582,660,328,26,52,1,-1,-1,-1
696,582,656,330,27,50,1,-1,-1,-1
697,582,655,329,25,50,1,-1,-1,-1
698,582,650,329,26,50,1,-1,-1,-1
699,582,647,327,26,51,1,-1,-1,-1
700,582,637,329,31,49,1,-1,-1,-1
701,582,632,330,31,48,1,-1,-1,-1
702,582,630,330,27,47,1,-1,-1,-1
703,582,627,327,27,49,1,-1,-1,-1
704,582,625,325,25,51,1,-1,-1,-1
705,582,621,325,25,49,1,-1,-1,-1
706,582,618,325,24,49,1,-1,-1,-1
707,582,616,325,24,49,1,-1,-1,-1
708,582,613,323,23,50,1,-1,-1,-1
709,582,608,324,24,54,1,-1,-1,-1
710,582,606,321,24,51,1,-1,-1,-1
711,582,605,321,24,50,1,-1,-1,-1
712,582,606,321,22,48,1,-1,-1,-1
713,582,604,320,23,49,1,-1,-1,-1
714,582,604,320,22,50,1,-1,-1,-1
715,582,603,320,20,49,1,-1,-1,-1
716,582,602,320,21,47,1,-1,-1,-1
717,582,602,322,21,42,1,-1,-1,-1
718,582,602,319,21,42,1,-1,-1,-1
719,582,603,317,21,43,1,-1,-1,-1
720,582,603,317,22,41,1,-1,-1,-1
721,582,603,316,22,39,1,-1,-1,-1
722,582,602,316,22,37,1,-1,-1,-1
723,582,603,316,22,34,1,-1,-1,-1
724,582,604,317,21,31,1,-1,-1,-1
725,582,605,316,20,31,1,-1,-1,-1
726,582,604,314,22,32,1,-1,-1,-1
727,582,603,314,25,30,1,-1,-1,-1
728,582,606,314,22,28,1,-1,-1,-1
729,582,607,313,22,28,1,-1,-1,-1
730,582,608,311,23,26,1,-1,-1,-1
731,582,609,311,22,25,1,-1,-1,-1
732,582,611,311,22,23,1,-1,-1,-1
733,582,612,310,22,23,1,-1,-1,-1
734,582,612,310,22,21,1,-1,-1,-1
735,582,613,310,23,20,1,-1,-1,-1
739,582,618,306,22,18,1,-1,-1,-1
740,582,618,308,22,15,1,-1,-1,-1
741,582,620,308,22,14,1,-1,-1,-1
634,584,705,298,67,48,1,-1,-1,-1
635,584,707,298,64,41,1,-1,-1,-1
638,584,709,299,60,36,1,-1,-1,-1
639,584,705,299,65,58,1,-1,-1,-1
640,584,706,299,64,60,1,-1,-1,-1
641,584,703,298,66,60,1,-1,-1,-1
642,584,703,299,67,59,1,-1,-1,-1
643,584,703,298,67,60,1,-1,-1,-1
644,584,703,298,67,60,1,-1,-1,-1
645,584,703,298,67,61,1,-1,-1,-1
646,584,703,298,67,61,1,-1,-1,-1
647,584,703,298,67,61,1,-1,-1,-1
648,584,703,298,67,61,1,-1,-1,-1
649,584,703,299,67,60,1,-1,-1,-1
650,584,703,299,67,60,1,-1,-1,-1
651,584,703,299,66,59,1,-1,-1,-1
652,584,703,299,66,59,1,-1,-1,-1
653,584,703,299,66,60,1,-1,-1,-1
654,584,704,299,67,59,1,-1,-1,-1
655,584,704,299,67,60,1,-1,-1,-1
656,584,705,301,67,58,1,-1,-1,-1
657,584,707,299,61,47,1,-1,-1,-1
658,584,708,299,60,41,1,-1,-1,-1
659,584,708,299,60,39,1,-1,-1,-1
660,584,708,299,59,34,1,-1,-1,-1
661,584,708,299,59,35,1,-1,-1,-1
662,584,709,299,59,36,1,-1,-1,-1
663,584,708,299,59,34,1,-1,-1,-1
664,584,706,299,62,37,1,-1,-1,-1
665,584,706,299,63,37,1,-1,-1,-1
666,584,707,299,62,36,1,-1,-1,-1
667,584,707,299,62,38,1,-1,-1,-1
668,584,708,298,61,27,1,-1,-1,-1
669,584,709,298,61,26,1,-1,-1,-1
670,584,709,298,60,27,1,-1,-1,-1
671,584,711,298,59,29,1,-1,-1,-1
672,584,714,298,57,26,1,-1,-1,-1
673,584,715,298,57,25,1,-1,-1,-1
686,584,715,298,54,24,1,-1,-1,-1
687,584,714,298,56,26,1,-1,-1,-1
688,584,711,298,57,27,1,-1,-1,-1
689,584,708,299,61,41,1,-1,-1,-1
690,584,705,301,67,59,1,-1,-1,-1
691,584,704,300,67,60,1,-1,-1,-1
692,584,704,299,67,60,1,-1,-1,-1
693,584,703,298,68,61,1,-1,-1,-1
694,584,704,298,67,61,1,-1,-1,-1
695,584,703,299,67,61,1,-1,-1,-1
696,584,703,298,68,61,1,-1,-1,-1
697,584,703,298,68,61,1,-1,-1,-1
698,584,703,298,67,60,1,-1,-1,-1
699,584,703,298,67,60,1,-1,-1,-1
700,584,702,298,67,60,1,-1,-1,-1
701,584,702,298,67,60,1,-1,-1,-1
702,584,703,298,67,61,1,-1,-1,-1
703,584,702,298,67,61,1,-1,-1,-1
704,584,702,298,67,61,1,-1,-1,-1
705,584,703,298,67,61,1,-1,-1,-1
706,584,703,298,67,61,1,-1,-1,-1
707,584,703,298,67,61,1,-1,-1,-1
708,584,702,298,67,61,1,-1,-1,-1
709,584,703,298,67,61,1,-1,-1,-1
710,584,703,298,67,61,1,-1,-1,-1
711,584,703,298,67,60,1,-1,-1,-1
712,584,703,298,67,60,1,-1,-1,-1
713,584,702,298,67,61,1,-1,-1,-1
714,584,702,298,67,61,1,-1,-1,-1
715,584,703,298,67,61,1,-1,-1,-1
716,584,702,298,67,61,1,-1,-1,-1
717,584,702,298,67,61,1,-1,-1,-1
718,584,702,298,67,61,1,-1,-1,-1
719,584,702,298,67,61,1,-1,-1,-1
720,584,703,298,67,61,1,-1,-1,-1
721,584,703,298,67,60,1,-1,-1,-1
722,584,703,298,67,60,1,-1,-1,-1
723,584,703,298,67,60,1,-1,-1,-1
724,584,703,298,67,61,1,-1,-1,-1
725,584,703,298,67,61,1,-1,-1,-1
726,584,703,298,67,60,1,-1,-1,-1
727,584,703,298,67,61,1,-1,-1,-1
728,584,703,298,67,61,1,-1,-1,-1
729,584,703,298,68,61,1,-1,-1,-1
730,584,703,298,68,61,1,-1,-1,-1
731,584,703,298,68,61,1,-1,-1,-1
732,584,703,298,67,61,1,-1,-1,-1
733,584,703,298,68,61,1,-1,-1,-1
734,584,703,298,68,61,1,-1,-1,-1
735,584,703,298,68,61,1,-1,-1,-1
736,584,703,298,68,61,1,-1,-1,-1
737,584,702,298,68,61,1,-1,-1,-1
738,584,702,298,68,61,1,-1,-1,-1
739,584,703,298,68,61,1,-1,-1,-1
740,584,702,298,68,61,1,-1,-1,-1
741,584,702,298,68,61,1,-1,-1,-1
742,584,702,298,68,61,1,-1,-1,-1
743,584,703,298,67,61,1,-1,-1,-1
744,584,702,298,67,61,1,-1,-1,-1
745,584,703,298,67,60,1,-1,-1,-1
746,584,703,298,67,60,1,-1,-1,-1
747,584,703,298,67,60,1,-1,-1,-1
748,584,703,298,67,61,1,-1,-1,-1
749,584,703,298,67,61,1,-1,-1,-1
750,584,703,298,67,61,1,-1,-1,-1
751,584,703,298,67,61,1,-1,-1,-1
752,584,703,298,67,60,1,-1,-1,-1
753,584,703,298,67,61,1,-1,-1,-1
754,584,703,298,67,61,1,-1,-1,-1
755,584,703,298,67,60,1,-1,-1,-1
756,584,703,298,67,60,1,-1,-1,-1
757,584,703,298,67,60,1,-1,-1,-1
758,584,703,298,67,60,1,-1,-1,-1
759,584,703,298,67,60,1,-1,-1,-1
760,584,703,298,67,60,1,-1,-1,-1
761,584,703,298,67,60,1,-1,-1,-1
762,584,703,299,67,60,1,-1,-1,-1
763,584,703,299,67,60,1,-1,-1,-1
764,584,703,299,67,60,1,-1,-1,-1
765,584,703,299,67,60,1,-1,-1,-1
766,584,703,299,67,60,1,-1,-1,-1
767,584,703,299,67,60,1,-1,-1,-1
768,584,703,298,67,60,1,-1,-1,-1
769,584,703,298,68,60,1,-1,-1,-1
770,584,703,298,68,60,1,-1,-1,-1
771,584,703,298,68,60,1,-1,-1,-1
772,584,703,298,68,60,1,-1,-1,-1
773,584,703,298,68,60,1,-1,-1,-1
774,584,703,298,68,60,1,-1,-1,-1
775,584,703,298,68,60,1,-1,-1,-1
776,584,703,298,68,60,1,-1,-1,-1
777,584,703,299,68,60,1,-1,-1,-1
778,584,703,298,68,60,1,-1,-1,-1
779,584,703,298,68,60,1,-1,-1,-1
780,584,703,298,68,60,1,-1,-1,-1
781,584,703,298,68,60,1,-1,-1,-1
782,584,703,298,68,60,1,-1,-1,-1
783,584,702,298,68,60,1,-1,-1,-1
784,584,703,298,68,60,1,-1,-1,-1
785,584,703,298,68,60,1,-1,-1,-1
786,584,703,298,68,60,1,-1,-1,-1
787,584,703,298,68,61,1,-1,-1,-1
788,584,703,298,68,61,1,-1,-1,-1
789,584,703,298,68,61,1,-1,-1,-1
790,584,703,298,68,61,1,-1,-1,-1
791,584,703,298,68,61,1,-1,-1,-1
792,584,703,298,68,61,1,-1,-1,-1
793,584,703,298,67,61,1,-1,-1,-1
794,584,703,298,67,61,1,-1,-1,-1
795,584,703,298,67,61,1,-1,-1,-1
796,584,703,298,67,61,1,-1,-1,-1
797,584,703,298,67,61,1,-1,-1,-1
798,584,703,298,67,61,1,-1,-1,-1
799,584,703,298,67,61,1,-1,-1,-1
800,584,703,298,67,61,1,-1,-1,-1
801,584,703,298,67,61,1,-1,-1,-1
802,584,703,298,67,61,1,-1,-1,-1
803,584,703,298,67,61,1,-1,-1,-1
804,584,703,298,67,61,1,-1,-1,-1
805,584,703,298,67,61,1,-1,-1,-1
806,584,703,298,67,61,1,-1,-1,-1
807,584,703,298,67,61,1,-1,-1,-1
808,584,703,298,67,61,1,-1,-1,-1
809,584,703,298,67,61,1,-1,-1,-1
810,584,703,298,67,61,1,-1,-1,-1
811,584,703,298,67,61,1,-1,-1,-1
812,584,703,298,67,61,1,-1,-1,-1
813,584,703,298,67,61,1,-1,-1,-1
814,584,703,298,67,61,1,-1,-1,-1
815,584,703,298,67,61,1,-1,-1,-1
816,584,703,298,67,61,1,-1,-1,-1
817,584,703,298,67,61,1,-1,-1,-1
818,584,702,298,68,61,1,-1,-1,-1
819,584,703,298,68,61,1,-1,-1,-1
820,584,703,298,68,61,1,-1,-1,-1
821,584,703,298,68,61,1,-1,-1,-1
822,584,702,298,68,61,1,-1,-1,-1
823,584,702,298,68,61,1,-1,-1,-1
824,584,702,298,68,61,1,-1,-1,-1
825,584,703,298,68,60,1,-1,-1,-1
826,584,703,298,68,60,1,-1,-1,-1
827,584,703,298,68,60,1,-1,-1,-1
828,584,703,298,68,61,1,-1,-1,-1
829,584,703,298,68,60,1,-1,-1,-1
830,584,703,298,68,60,1,-1,-1,-1
831,584,703,298,68,60,1,-1,-1,-1
832,584,703,298,68,60,1,-1,-1,-1
833,584,703,298,68,60,1,-1,-1,-1
834,584,703,298,68,61,1,-1,-1,-1
835,584,703,298,68,61,1,-1,-1,-1
836,584,703,298,68,61,1,-1,-1,-1
837,584,703,298,68,61,1,-1,-1,-1
838,584,703,298,68,61,1,-1,-1,-1
839,584,703,298,68,61,1,-1,-1,-1
840,584,703,298,68,61,1,-1,-1,-1
841,584,702,298,67,61,1,-1,-1,-1
842,584,702,298,67,61,1,-1,-1,-1
843,584,702,298,68,61,1,-1,-1,-1
844,584,702,298,67,61,1,-1,-1,-1
845,584,702,298,68,61,1,-1,-1,-1
846,584,703,298,68,61,1,-1,-1,-1
847,584,703,298,68,61,1,-1,-1,-1
848,584,703,298,68,61,1,-1,-1,-1
849,584,702,298,67,60,1,-1,-1,-1
850,584,702,298,67,61,1,-1,-1,-1
851,584,702,298,67,61,1,-1,-1,-1
852,584,702,298,68,61,1,-1,-1,-1
853,584,702,298,68,61,1,-1,-1,-1
854,584,702,298,68,61,1,-1,-1,-1
855,584,702,298,68,61,1,-1,-1,-1
856,584,702,298,68,61,1,-1,-1,-1
857,584,703,298,68,60,1,-1,-1,-1
858,584,703,298,68,60,1,-1,-1,-1
859,584,703,298,69,60,1,-1,-1,-1
860,584,702,298,69,60,1,-1,-1,-1
861,584,702,298,69,60,1,-1,-1,-1
862,584,702,298,69,60,1,-1,-1,-1
863,584,702,298,69,61,1,-1,-1,-1
864,584,702,298,69,61,1,-1,-1,-1
865,584,703,298,67,61,1,-1,-1,-1
866,584,703,298,67,61,1,-1,-1,-1
867,584,703,298,67,61,1,-1,-1,-1
868,584,703,298,67,61,1,-1,-1,-1
869,584,703,298,67,61,1,-1,-1,-1
870,584,703,298,67,61,1,-1,-1,-1
871,584,703,298,67,61,1,-1,-1,-1
872,584,703,298,67,61,1,-1,-1,-1
873,584,703,299,67,60,1,-1,-1,-1
874,584,703,299,67,60,1,-1,-1,-1
875,584,703,299,67,60,1,-1,-1,-1
876,584,703,299,67,60,1,-1,-1,-1
877,584,703,298,67,61,1,-1,-1,-1
878,584,703,298,67,61,1,-1,-1,-1
879,584,703,298,67,61,1,-1,-1,-1
880,584,703,298,67,61,1,-1,-1,-1
881,584,702,298,68,61,1,-1,-1,-1
882,584,702,298,68,61,1,-1,-1,-1
883,584,702,298,68,61,1,-1,-1,-1
884,584,702,298,68,61,1,-1,-1,-1
885,584,702,298,68,61,1,-1,-1,-1
886,584,702,298,68,61,1,-1,-1,-1
887,584,702,298,68,61,1,-1,-1,-1
888,584,702,298,68,61,1,-1,-1,-1
889,584,703,299,67,60,1,-1,-1,-1
890,584,703,299,67,60,1,-1,-1,-1
891,584,703,299,67,60,1,-1,-1,-1
892,584,703,299,67,60,1,-1,-1,-1
893,584,703,299,67,60,1,-1,-1,-1
894,584,703,299,67,60,1,-1,-1,-1
895,584,703,299,67,60,1,-1,-1,-1
896,584,703,299,67,60,1,-1,-1,-1
897,584,703,298,67,61,1,-1,-1,-1
898,584,703,298,67,61,1,-1,-1,-1
899,584,703,298,67,61,1,-1,-1,-1
900,584,703,298,67,61,1,-1,-1,-1
901,584,703,298,68,61,1,-1,-1,-1
902,584,703,298,68,61,1,-1,-1,-1
903,584,703,298,68,61,1,-1,-1,-1
904,584,703,298,68,61,1,-1,-1,-1
905,584,703,298,68,61,1,-1,-1,-1
906,584,703,298,68,61,1,-1,-1,-1
907,584,703,298,68,61,1,-1,-1,-1
908,584,703,298,68,61,1,-1,-1,-1
909,584,703,298,68,61,1,-1,-1,-1
910,584,703,298,68,61,1,-1,-1,-1
911,584,703,298,68,61,1,-1,-1,-1
912,584,703,298,68,61,1,-1,-1,-1
913,584,703,298,67,60,1,-1,-1,-1
914,584,703,298,67,60,1,-1,-1,-1
915,584,703,298,67,60,1,-1,-1,-1
916,584,703,298,67,60,1,-1,-1,-1
917,584,703,298,67,60,1,-1,-1,-1
918,584,703,298,67,60,1,-1,-1,-1
919,584,703,298,68,60,1,-1,-1,-1
920,584,703,298,68,60,1,-1,-1,-1
921,584,703,299,67,60,1,-1,-1,-1
922,584,703,299,67,60,1,-1,-1,-1
923,584,703,299,67,60,1,-1,-1,-1
924,584,703,299,67,60,1,-1,-1,-1
925,584,703,299,67,60,1,-1,-1,-1
926,584,703,299,67,60,1,-1,-1,-1
927,584,703,298,67,60,1,-1,-1,-1
928,584,703,299,67,60,1,-1,-1,-1
929,584,703,299,68,60,1,-1,-1,-1
930,584,703,299,68,60,1,-1,-1,-1
931,584,703,298,70,61,1,-1,-1,-1
932,584,703,298,70,61,1,-1,-1,-1
933,584,703,298,70,61,1,-1,-1,-1
934,584,703,298,70,61,1,-1,-1,-1
935,584,703,298,70,61,1,-1,-1,-1
936,584,703,299,68,60,1,-1,-1,-1
937,584,703,298,67,61,1,-1,-1,-1
938,584,703,298,67,61,1,-1,-1,-1
939,584,703,298,67,61,1,-1,-1,-1
940,584,703,298,67,61,1,-1,-1,-1
941,584,703,298,67,60,1,-1,-1,-1
942,584,703,298,67,60,1,-1,-1,-1
943,584,703,298,67,61,1,-1,-1,-1
944,584,703,298,67,61,1,-1,-1,-1
945,584,703,298,68,60,1,-1,-1,-1
946,584,703,298,68,60,1,-1,-1,-1
947,584,703,298,68,60,1,-1,-1,-1
948,584,703,298,68,60,1,-1,-1,-1
949,584,703,298,67,61,1,-1,-1,-1
950,584,703,298,67,61,1,-1,-1,-1
951,584,703,298,67,61,1,-1,-1,-1
952,584,703,298,67,61,1,-1,-1,-1
953,584,703,298,67,61,1,-1,-1,-1
954,584,703,298,67,61,1,-1,-1,-1
955,584,703,298,67,61,1,-1,-1,-1
956,584,703,298,68,61,1,-1,-1,-1
957,584,703,298,67,61,1,-1,-1,-1
958,584,703,298,68,60,1,-1,-1,-1
959,584,703,298,68,60,1,-1,-1,-1
960,584,703,298,68,60,1,-1,-1,-1
961,584,703,299,68,60,1,-1,-1,-1
962,584,702,299,68,60,1,-1,-1,-1
963,584,702,299,68,60,1,-1,-1,-1
964,584,703,299,67,60,1,-1,-1,-1
965,584,703,299,67,61,1,-1,-1,-1
966,584,703,299,67,60,1,-1,-1,-1
967,584,703,299,67,61,1,-1,-1,-1
968,584,703,299,67,61,1,-1,-1,-1
969,584,702,299,67,60,1,-1,-1,-1
970,584,702,299,68,60,1,-1,-1,-1
971,584,702,299,68,60,1,-1,-1,-1
972,584,702,299,68,60,1,-1,-1,-1
973,584,702,299,67,60,1,-1,-1,-1
974,584,702,299,67,60,1,-1,-1,-1
975,584,702,299,67,60,1,-1,-1,-1
976,584,702,299,67,60,1,-1,-1,-1
977,584,702,299,67,60,1,-1,-1,-1
978,584,703,299,67,60,1,-1,-1,-1
979,584,703,299,67,60,1,-1,-1,-1
980,584,703,299,67,60,1,-1,-1,-1
981,584,703,299,67,60,1,-1,-1,-1
982,584,703,299,67,60,1,-1,-1,-1
983,584,703,299,67,60,1,-1,-1,-1
984,584,703,299,67,60,1,-1,-1,-1
985,584,703,298,67,61,1,-1,-1,-1
986,584,703,298,67,61,1,-1,-1,-1
987,584,703,298,67,61,1,-1,-1,-1
988,584,703,298,67,61,1,-1,-1,-1
989,584,703,298,67,61,1,-1,-1,-1
990,584,703,298,67,61,1,-1,-1,-1
991,584,703,298,67,61,1,-1,-1,-1
992,584,703,298,67,61,1,-1,-1,-1
993,584,703,299,67,60,1,-1,-1,-1
994,584,703,299,67,60,1,-1,-1,-1
995,584,703,299,67,60,1,-1,-1,-1
996,584,703,299,68,60,1,-1,-1,-1
997,584,703,299,67,60,1,-1,-1,-1
998,584,703,299,67,60,1,-1,-1,-1
999,584,703,299,67,60,1,-1,-1,-1
1000,584,703,299,67,60,1,-1,-1,-1
1001,584,703,299,67,60,1,-1,-1,-1
1002,584,703,299,67,60,1,-1,-1,-1
1003,584,703,299,67,60,1,-1,-1,-1
1004,584,703,299,67,60,1,-1,-1,-1
1005,584,703,299,67,60,1,-1,-1,-1
1006,584,703,299,67,60,1,-1,-1,-1
1007,584,703,299,67,60,1,-1,-1,-1
1008,584,703,299,67,60,1,-1,-1,-1
1009,584,703,298,68,61,1,-1,-1,-1
1010,584,703,298,68,61,1,-1,-1,-1
1011,584,703,298,68,61,1,-1,-1,-1
1012,584,703,298,68,61,1,-1,-1,-1
1013,584,703,298,68,61,1,-1,-1,-1
1014,584,703,298,68,61,1,-1,-1,-1
1015,584,703,298,68,61,1,-1,-1,-1
1016,584,703,298,68,61,1,-1,-1,-1
1017,584,703,299,67,60,1,-1,-1,-1
1018,584,703,298,67,61,1,-1,-1,-1
1019,584,703,299,67,61,1,-1,-1,-1
1020,584,702,298,67,61,1,-1,-1,-1
1021,584,703,298,67,60,1,-1,-1,-1
1022,584,703,298,67,60,1,-1,-1,-1
1023,584,703,298,67,60,1,-1,-1,-1
1024,584,703,298,67,60,1,-1,-1,-1
1025,584,703,298,69,61,1,-1,-1,-1
1026,584,703,298,70,61,1,-1,-1,-1
1027,584,703,298,69,61,1,-1,-1,-1
1028,584,703,298,70,61,1,-1,-1,-1
1029,584,703,298,70,61,1,-1,-1,-1
1030,584,703,299,68,60,1,-1,-1,-1
1031,584,703,299,68,60,1,-1,-1,-1
1032,584,703,299,68,60,1,-1,-1,-1
1033,584,703,299,68,60,1,-1,-1,-1
1034,584,703,299,68,60,1,-1,-1,-1
1035,584,703,299,68,60,1,-1,-1,-1
1036,584,703,299,68,60,1,-1,-1,-1
1037,584,703,299,68,60,1,-1,-1,-1
1038,584,703,299,68,60,1,-1,-1,-1
1039,584,703,299,68,60,1,-1,-1,-1
1040,584,703,299,68,60,1,-1,-1,-1
1041,584,703,298,68,60,1,-1,-1,-1
1042,584,703,298,68,60,1,-1,-1,-1
1043,584,703,298,68,60,1,-1,-1,-1
1044,584,703,298,67,60,1,-1,-1,-1
1045,584,703,298,67,61,1,-1,-1,-1
1046,584,703,298,68,61,1,-1,-1,-1
1047,584,703,298,68,61,1,-1,-1,-1
1048,584,703,298,68,61,1,-1,-1,-1
1049,584,703,298,67,60,1,-1,-1,-1
1050,584,703,299,67,60,1,-1,-1,-1
1051,584,703,299,67,60,1,-1,-1,-1
1052,584,703,299,67,60,1,-1,-1,-1
1053,584,703,299,67,60,1,-1,-1,-1
1054,584,703,299,67,60,1,-1,-1,-1
1055,584,703,299,67,60,1,-1,-1,-1
1056,584,703,298,67,60,1,-1,-1,-1
1057,584,703,298,67,61,1,-1,-1,-1
1058,584,703,298,67,61,1,-1,-1,-1
1059,584,703,298,67,61,1,-1,-1,-1
1060,584,703,298,67,61,1,-1,-1,-1
1061,584,703,298,67,61,1,-1,-1,-1
1062,584,703,298,67,61,1,-1,-1,-1
1063,584,703,298,67,61,1,-1,-1,-1
1064,584,703,298,67,61,1,-1,-1,-1
1065,584,703,298,67,61,1,-1,-1,-1
1066,584,703,298,67,61,1,-1,-1,-1
1067,584,703,298,67,61,1,-1,-1,-1
1068,584,703,298,67,61,1,-1,-1,-1
1069,584,703,298,68,61,1,-1,-1,-1
1070,584,703,298,68,61,1,-1,-1,-1
1071,584,703,298,68,61,1,-1,-1,-1
1072,584,703,298,68,61,1,-1,-1,-1
1073,584,703,299,68,60,1,-1,-1,-1
1074,584,703,299,67,60,1,-1,-1,-1
1075,584,703,299,67,60,1,-1,-1,-1
1076,584,703,299,67,60,1,-1,-1,-1
1077,584,703,299,67,60,1,-1,-1,-1
1078,584,703,299,68,60,1,-1,-1,-1
1079,584,703,299,68,60,1,-1,-1,-1
1080,584,703,299,68,60,1,-1,-1,-1
1081,584,702,299,67,60,1,-1,-1,-1
1082,584,703,299,67,60,1,-1,-1,-1
1083,584,703,299,67,60,1,-1,-1,-1
1084,584,703,299,67,60,1,-1,-1,-1
1085,584,703,299,67,60,1,-1,-1,-1
1086,584,702,299,67,60,1,-1,-1,-1
1087,584,702,299,67,60,1,-1,-1,-1
1088,584,702,299,67,60,1,-1,-1,-1
1089,584,703,299,68,60,1,-1,-1,-1
1090,584,703,299,67,60,1,-1,-1,-1
1091,584,703,299,68,60,1,-1,-1,-1
1092,584,703,299,68,60,1,-1,-1,-1
1093,584,703,299,68,60,1,-1,-1,-1
1094,584,703,299,68,60,1,-1,-1,-1
1095,584,703,299,68,60,1,-1,-1,-1
1096,584,703,299,68,60,1,-1,-1,-1
1097,584,703,299,67,60,1,-1,-1,-1
1098,584,703,299,67,60,1,-1,-1,-1
1099,584,703,299,67,60,1,-1,-1,-1
1100,584,703,299,67,60,1,-1,-1,-1
1101,584,703,299,67,60,1,-1,-1,-1
1102,584,703,299,67,60,1,-1,-1,-1
1103,584,703,299,67,60,1,-1,-1,-1
1104,584,703,299,67,60,1,-1,-1,-1
1105,584,703,298,69,61,1,-1,-1,-1
1106,584,703,298,69,61,1,-1,-1,-1
1107,584,703,298,69,61,1,-1,-1,-1
1108,584,703,298,69,61,1,-1,-1,-1
1109,584,703,298,69,61,1,-1,-1,-1
1110,584,703,298,69,61,1,-1,-1,-1
1111,584,703,298,70,61,1,-1,-1,-1
1112,584,703,298,70,61,1,-1,-1,-1
1113,584,703,298,68,61,1,-1,-1,-1
1114,584,703,298,68,61,1,-1,-1,-1
1115,584,702,298,68,61,1,-1,-1,-1
1116,584,703,298,68,61,1,-1,-1,-1
1117,584,703,298,68,61,1,-1,-1,-1
1118,584,703,298,68,61,1,-1,-1,-1
1119,584,703,298,68,61,1,-1,-1,-1
1120,584,703,298,68,61,1,-1,-1,-1
1121,584,703,298,68,61,1,-1,-1,-1
1122,584,703,298,68,61,1,-1,-1,-1
1123,584,703,298,68,61,1,-1,-1,-1
1124,584,703,298,68,61,1,-1,-1,-1
1125,584,703,298,68,61,1,-1,-1,-1
1126,584,703,298,68,61,1,-1,-1,-1
1127,584,703,298,68,61,1,-1,-1,-1
1128,584,703,298,68,61,1,-1,-1,-1
1129,584,703,298,68,61,1,-1,-1,-1
1130,584,703,298,68,61,1,-1,-1,-1
1131,584,703,298,68,61,1,-1,-1,-1
1132,584,703,298,69,61,1,-1,-1,-1
1133,584,703,298,68,61,1,-1,-1,-1
1134,584,703,298,68,61,1,-1,-1,-1
1135,584,703,298,68,61,1,-1,-1,-1
1136,584,703,298,68,61,1,-1,-1,-1
1137,584,703,298,68,60,1,-1,-1,-1
1138,584,703,298,68,60,1,-1,-1,-1
1139,584,703,298,68,60,1,-1,-1,-1
1140,584,703,298,68,60,1,-1,-1,-1
1141,584,703,298,67,60,1,-1,-1,-1
1142,584,703,298,67,60,1,-1,-1,-1
1143,584,703,298,67,60,1,-1,-1,-1
1144,584,703,298,68,60,1,-1,-1,-1
1145,584,703,298,68,60,1,-1,-1,-1
1146,584,703,298,68,60,1,-1,-1,-1
1147,584,703,298,68,60,1,-1,-1,-1
1148,584,703,298,68,60,1,-1,-1,-1
1149,584,703,298,68,60,1,-1,-1,-1
1150,584,703,298,68,60,1,-1,-1,-1
1151,584,703,298,68,60,1,-1,-1,-1
1152,584,703,298,68,60,1,-1,-1,-1
1153,584,703,298,68,60,1,-1,-1,-1
1154,584,703,298,68,60,1,-1,-1,-1
1155,584,703,298,68,60,1,-1,-1,-1
1156,584,703,298,68,60,1,-1,-1,-1
1157,584,703,298,68,60,1,-1,-1,-1
1158,584,703,298,68,60,1,-1,-1,-1
1159,584,703,298,68,60,1,-1,-1,-1
1160,584,703,298,68,60,1,-1,-1,-1
1161,584,703,298,68,61,1,-1,-1,-1
1162,584,702,298,68,61,1,-1,-1,-1
1163,584,702,298,68,61,1,-1,-1,-1
1164,584,702,298,68,61,1,-1,-1,-1
1165,584,703,298,69,61,1,-1,-1,-1
1166,584,703,298,69,61,1,-1,-1,-1
1167,584,703,298,69,61,1,-1,-1,-1
1168,584,703,298,69,61,1,-1,-1,-1
1169,584,703,298,67,60,1,-1,-1,-1
1170,584,703,298,67,60,1,-1,-1,-1
1171,584,703,298,67,60,1,-1,-1,-1
1172,584,703,298,68,60,1,-1,-1,-1
1173,584,703,298,68,60,1,-1,-1,-1
1174,584,703,298,68,60,1,-1,-1,-1
1175,584,703,298,68,60,1,-1,-1,-1
1176,584,703,298,68,60,1,-1,-1,-1
1177,584,703,298,67,61,1,-1,-1,-1
1178,584,703,298,67,61,1,-1,-1,-1
1179,584,703,298,67,61,1,-1,-1,-1
1180,584,703,298,67,61,1,-1,-1,-1
1181,584,703,298,67,61,1,-1,-1,-1
1182,584,703,298,67,61,1,-1,-1,-1
1183,584,703,298,67,61,1,-1,-1,-1
1184,584,703,298,67,61,1,-1,-1,-1
1185,584,703,298,69,61,1,-1,-1,-1
1186,584,703,298,69,61,1,-1,-1,-1
1187,584,703,298,69,61,1,-1,-1,-1
1188,584,703,298,69,61,1,-1,-1,-1
1189,584,702,298,70,61,1,-1,-1,-1
1190,584,702,298,70,61,1,-1,-1,-1
1191,584,702,298,70,61,1,-1,-1,-1
1192,584,702,298,70,61,1,-1,-1,-1
1193,584,702,298,68,61,1,-1,-1,-1
1194,584,702,298,68,61,1,-1,-1,-1
1195,584,702,298,68,61,1,-1,-1,-1
1196,584,702,298,68,61,1,-1,-1,-1
1197,584,702,298,68,61,1,-1,-1,-1
1198,584,702,298,68,61,1,-1,-1,-1
1199,584,702,298,68,61,1,-1,-1,-1
1200,584,702,298,68,61,1,-1,-1,-1
1201,584,702,298,69,61,1,-1,-1,-1
1202,584,702,298,69,61,1,-1,-1,-1
1203,584,702,298,69,61,1,-1,-1,-1
1204,584,702,298,69,61,1,-1,-1,-1
1205,584,702,298,69,61,1,-1,-1,-1
1206,584,703,298,69,61,1,-1,-1,-1
1207,584,703,298,69,61,1,-1,-1,-1
1208,584,703,298,69,61,1,-1,-1,-1
1209,584,702,298,68,61,1,-1,-1,-1
1210,584,702,298,68,61,1,-1,-1,-1
1211,584,702,298,69,61,1,-1,-1,-1
1212,584,702,298,69,61,1,-1,-1,-1
1213,584,703,298,70,61,1,-1,-1,-1
1214,584,703,298,70,61,1,-1,-1,-1
1215,584,703,298,70,61,1,-1,-1,-1
1216,584,703,298,69,61,1,-1,-1,-1
1217,584,702,298,69,61,1,-1,-1,-1
1218,584,703,298,69,61,1,-1,-1,-1
1219,584,703,298,69,61,1,-1,-1,-1
1220,584,703,298,69,61,1,-1,-1,-1
1221,584,703,298,69,61,1,-1,-1,-1
1222,584,703,298,69,61,1,-1,-1,-1
1223,584,703,298,69,61,1,-1,-1,-1
1224,584,703,298,68,61,1,-1,-1,-1
1225,584,703,299,67,60,1,-1,-1,-1
1226,584,703,299,67,60,1,-1,-1,-1
1227,584,703,299,67,60,1,-1,-1,-1
1228,584,703,299,67,60,1,-1,-1,-1
1229,584,703,299,67,60,1,-1,-1,-1
1230,584,703,299,67,60,1,-1,-1,-1
1231,584,703,299,67,60,1,-1,-1,-1
1232,584,703,299,67,60,1,-1,-1,-1
1233,584,703,298,68,60,1,-1,-1,-1
1234,584,703,298,68,60,1,-1,-1,-1
1235,584,703,298,68,60,1,-1,-1,-1
1236,584,703,298,68,60,1,-1,-1,-1
1237,584,703,298,68,60,1,-1,-1,-1
1238,584,703,298,68,60,1,-1,-1,-1
1239,584,703,298,68,60,1,-1,-1,-1
1240,584,703,298,68,60,1,-1,-1,-1
1241,584,702,298,68,60,1,-1,-1,-1
1242,584,702,298,68,60,1,-1,-1,-1
1243,584,702,298,68,60,1,-1,-1,-1
1244,584,702,298,68,60,1,-1,-1,-1
1245,584,702,298,68,60,1,-1,-1,-1
1246,584,702,298,68,60,1,-1,-1,-1
1247,584,703,298,68,60,1,-1,-1,-1
1248,584,703,298,68,61,1,-1,-1,-1
1249,584,703,298,68,60,1,-1,-1,-1
1250,584,703,298,69,60,1,-1,-1,-1
1251,584,703,298,68,61,1,-1,-1,-1
1252,584,703,298,68,60,1,-1,-1,-1
1253,584,703,298,68,61,1,-1,-1,-1
1254,584,703,298,68,60,1,-1,-1,-1
1255,584,703,298,68,60,1,-1,-1,-1
1256,584,703,298,68,60,1,-1,-1,-1
1257,584,703,298,68,61,1,-1,-1,-1
1258,584,702,298,68,61,1,-1,-1,-1
1259,584,702,298,68,61,1,-1,-1,-1
1260,584,702,298,68,61,1,-1,-1,-1
1261,584,702,299,68,60,1,-1,-1,-1
1262,584,702,299,68,60,1,-1,-1,-1
1263,584,702,299,68,60,1,-1,-1,-1
1264,584,702,299,68,60,1,-1,-1,-1
1265,584,702,299,68,60,1,-1,-1,-1
1266,584,702,299,68,60,1,-1,-1,-1
1267,584,702,299,68,60,1,-1,-1,-1
1268,584,702,299,68,60,1,-1,-1,-1
1269,584,702,299,68,60,1,-1,-1,-1
1270,584,702,299,68,60,1,-1,-1,-1
1271,584,702,299,68,60,1,-1,-1,-1
1272,584,702,299,68,60,1,-1,-1,-1
1273,584,703,299,67,60,1,-1,-1,-1
1274,584,703,299,67,60,1,-1,-1,-1
1275,584,703,299,67,60,1,-1,-1,-1
1276,584,703,299,67,60,1,-1,-1,-1
1277,584,703,299,67,60,1,-1,-1,-1
1278,584,703,299,67,60,1,-1,-1,-1
1279,584,703,299,67,60,1,-1,-1,-1
1280,584,703,299,67,60,1,-1,-1,-1
1281,584,703,299,67,60,1,-1,-1,-1
1282,584,703,299,67,60,1,-1,-1,-1
1283,584,703,299,67,60,1,-1,-1,-1
1284,584,703,299,67,60,1,-1,-1,-1
1285,584,703,299,67,60,1,-1,-1,-1
1286,584,703,299,67,60,1,-1,-1,-1
1287,584,703,299,67,60,1,-1,-1,-1
1288,584,703,299,67,60,1,-1,-1,-1
1289,584,702,299,67,60,1,-1,-1,-1
1290,584,702,299,67,60,1,-1,-1,-1
1291,584,702,299,67,60,1,-1,-1,-1
1292,584,702,299,67,60,1,-1,-1,-1
1293,584,702,299,67,60,1,-1,-1,-1
1294,584,702,299,67,60,1,-1,-1,-1
1295,584,702,299,68,60,1,-1,-1,-1
1296,584,702,299,68,60,1,-1,-1,-1
1297,584,702,299,67,60,1,-1,-1,-1
1298,584,702,299,67,60,1,-1,-1,-1
1299,584,702,299,67,60,1,-1,-1,-1
1300,584,702,299,67,60,1,-1,-1,-1
1301,584,702,299,67,60,1,-1,-1,-1
1302,584,702,299,67,60,1,-1,-1,-1
1303,584,702,299,67,60,1,-1,-1,-1
1304,584,702,299,67,60,1,-1,-1,-1
1305,584,703,299,67,60,1,-1,-1,-1
1306,584,703,299,67,60,1,-1,-1,-1
1307,584,703,299,67,60,1,-1,-1,-1
1308,584,703,299,67,60,1,-1,-1,-1
1309,584,703,299,67,60,1,-1,-1,-1
1310,584,703,299,67,60,1,-1,-1,-1
1311,584,703,299,67,60,1,-1,-1,-1
1312,584,703,299,67,60,1,-1,-1,-1
1313,584,703,299,68,60,1,-1,-1,-1
1314,584,703,299,68,60,1,-1,-1,-1
1315,584,702,299,68,60,1,-1,-1,-1
1316,584,702,299,68,60,1,-1,-1,-1
1317,584,702,299,68,60,1,-1,-1,-1
1318,584,702,299,68,60,1,-1,-1,-1
1319,584,702,299,68,60,1,-1,-1,-1
1320,584,702,299,68,60,1,-1,-1,-1
1321,584,703,299,67,60,1,-1,-1,-1
1322,584,703,299,67,60,1,-1,-1,-1
1323,584,703,299,67,60,1,-1,-1,-1
1324,584,703,299,67,60,1,-1,-1,-1
1325,584,703,299,67,60,1,-1,-1,-1
1326,584,703,299,67,60,1,-1,-1,-1
1327,584,703,299,67,60,1,-1,-1,-1
1328,584,703,299,67,60,1,-1,-1,-1
1329,584,703,299,69,60,1,-1,-1,-1
1330,584,703,299,69,60,1,-1,-1,-1
1331,584,703,299,69,60,1,-1,-1,-1
1332,584,703,299,69,60,1,-1,-1,-1
1333,584,703,299,68,60,1,-1,-1,-1
1334,584,703,299,69,60,1,-1,-1,-1
1335,584,702,299,69,60,1,-1,-1,-1
1336,584,702,299,69,60,1,-1,-1,-1
1337,584,703,299,68,59,1,-1,-1,-1
1338,584,703,299,68,60,1,-1,-1,-1
1339,584,703,299,68,60,1,-1,-1,-1
1340,584,703,299,68,60,1,-1,-1,-1
1341,584,703,299,68,60,1,-1,-1,-1
1342,584,703,299,68,60,1,-1,-1,-1
1343,584,703,299,68,60,1,-1,-1,-1
1344,584,703,299,68,60,1,-1,-1,-1
1345,584,702,299,67,60,1,-1,-1,-1
1346,584,702,299,67,60,1,-1,-1,-1
1347,584,702,299,67,59,1,-1,-1,-1
1348,584,702,299,67,59,1,-1,-1,-1
1349,584,702,299,67,60,1,-1,-1,-1
1350,584,702,299,67,60,1,-1,-1,-1
1351,584,702,299,67,60,1,-1,-1,-1
1352,584,702,299,67,60,1,-1,-1,-1
1353,584,702,299,68,60,1,-1,-1,-1
1354,584,702,299,68,60,1,-1,-1,-1
1355,584,702,299,68,60,1,-1,-1,-1
1356,584,702,299,68,60,1,-1,-1,-1
1357,584,703,299,68,60,1,-1,-1,-1
1358,584,702,299,68,60,1,-1,-1,-1
1359,584,703,299,68,60,1,-1,-1,-1
1360,584,703,299,68,60,1,-1,-1,-1
1361,584,702,299,70,60,1,-1,-1,-1
1362,584,702,299,70,60,1,-1,-1,-1
1363,584,702,299,70,60,1,-1,-1,-1
1364,584,702,299,70,60,1,-1,-1,-1
1365,584,702,299,70,60,1,-1,-1,-1
1366,584,702,299,70,60,1,-1,-1,-1
1367,584,702,299,70,60,1,-1,-1,-1
1368,584,702,299,70,60,1,-1,-1,-1
1369,584,703,299,68,59,1,-1,-1,-1
1370,584,703,299,68,59,1,-1,-1,-1
1371,584,703,299,68,59,1,-1,-1,-1
1372,584,702,299,68,60,1,-1,-1,-1
1373,584,702,299,68,60,1,-1,-1,-1
1374,584,702,299,68,60,1,-1,-1,-1
1375,584,703,299,68,59,1,-1,-1,-1
1376,584,703,299,68,59,1,-1,-1,-1
1377,584,703,299,68,59,1,-1,-1,-1
1378,584,703,299,68,59,1,-1,-1,-1
1379,584,703,299,68,59,1,-1,-1,-1
1380,584,703,299,68,59,1,-1,-1,-1
1381,584,703,299,70,59,1,-1,-1,-1
1382,584,703,299,70,59,1,-1,-1,-1
1383,584,703,300,68,59,1,-1,-1,-1
1384,584,703,299,70,59,1,-1,-1,-1
1385,584,703,299,70,60,1,-1,-1,-1
1386,584,703,299,70,60,1,-1,-1,-1
1387,584,703,299,70,60,1,-1,-1,-1
1388,584,703,299,70,60,1,-1,-1,-1
1389,584,703,299,70,60,1,-1,-1,-1
1390,584,703,299,70,60,1,-1,-1,-1
1391,584,703,299,70,60,1,-1,-1,-1
1392,584,703,299,71,60,1,-1,-1,-1
1393,584,703,299,70,61,1,-1,-1,-1
1394,584,703,299,70,61,1,-1,-1,-1
1395,584,703,299,70,61,1,-1,-1,-1
1396,584,703,299,70,61,1,-1,-1,-1
1397,584,703,299,70,61,1,-1,-1,-1
1398,584,703,299,70,61,1,-1,-1,-1
1399,584,703,299,70,61,1,-1,-1,-1
1400,584,703,299,69,61,1,-1,-1,-1
1401,584,703,299,72,60,1,-1,-1,-1
1402,584,703,299,72,60,1,-1,-1,-1
1403,584,703,299,72,60,1,-1,-1,-1
1404,584,703,299,72,60,1,-1,-1,-1
1405,584,703,299,71,60,1,-1,-1,-1
1406,584,703,299,71,60,1,-1,-1,-1
1407,584,703,299,71,60,1,-1,-1,-1
1408,584,703,299,71,60,1,-1,-1,-1
1409,584,703,299,71,60,1,-1,-1,-1
1410,584,703,299,71,60,1,-1,-1,-1
1411,584,703,299,71,60,1,-1,-1,-1
1412,584,703,299,71,60,1,-1,-1,-1
1413,584,703,299,71,60,1,-1,-1,-1
1414,584,703,299,71,60,1,-1,-1,-1
1415,584,703,299,71,60,1,-1,-1,-1
1416,584,703,299,71,60,1,-1,-1,-1
1417,584,703,298,68,61,1,-1,-1,-1
1418,584,703,298,68,61,1,-1,-1,-1
1419,584,703,298,68,61,1,-1,-1,-1
1420,584,703,298,68,61,1,-1,-1,-1
1421,584,703,298,68,61,1,-1,-1,-1
1422,584,703,298,68,61,1,-1,-1,-1
1423,584,703,298,68,60,1,-1,-1,-1
1424,584,703,298,68,60,1,-1,-1,-1
1425,584,703,299,69,60,1,-1,-1,-1
1426,584,703,299,69,60,1,-1,-1,-1
1427,584,703,299,69,60,1,-1,-1,-1
1428,584,703,299,69,59,1,-1,-1,-1
1429,584,703,299,69,60,1,-1,-1,-1
1430,584,703,299,69,60,1,-1,-1,-1
1431,584,703,299,69,60,1,-1,-1,-1
1432,584,703,299,69,60,1,-1,-1,-1
1433,584,703,298,71,61,1,-1,-1,-1
1434,584,703,298,71,61,1,-1,-1,-1
1435,584,703,298,71,61,1,-1,-1,-1
1436,584,703,298,71,61,1,-1,-1,-1
1437,584,703,298,71,61,1,-1,-1,-1
1438,584,703,299,70,60,1,-1,-1,-1
1439,584,702,299,70,60,1,-1,-1,-1
1440,584,702,299,70,60,1,-1,-1,-1
1441,584,703,298,68,60,1,-1,-1,-1
1442,584,703,298,68,60,1,-1,-1,-1
1443,584,703,298,68,60,1,-1,-1,-1
1444,584,703,298,68,60,1,-1,-1,-1
1445,584,703,298,68,60,1,-1,-1,-1
1446,584,703,298,68,60,1,-1,-1,-1
1447,584,703,298,69,60,1,-1,-1,-1
1448,584,703,298,69,60,1,-1,-1,-1
1449,584,703,299,69,60,1,-1,-1,-1
1450,584,703,299,69,60,1,-1,-1,-1
1451,584,703,299,69,60,1,-1,-1,-1
1452,584,703,299,69,60,1,-1,-1,-1
1453,584,703,299,68,60,1,-1,-1,-1
1454,584,703,299,68,60,1,-1,-1,-1
1455,584,703,299,68,60,1,-1,-1,-1
1456,584,703,299,68,60,1,-1,-1,-1
1457,584,703,299,69,60,1,-1,-1,-1
1458,584,703,299,69,60,1,-1,-1,-1
1459,584,703,299,69,60,1,-1,-1,-1
1460,584,703,299,68,60,1,-1,-1,-1
1461,584,703,299,68,60,1,-1,-1,-1
1462,584,703,299,68,60,1,-1,-1,-1
1463,584,703,299,68,60,1,-1,-1,-1
1464,584,703,299,68,60,1,-1,-1,-1
1465,584,703,298,68,61,1,-1,-1,-1
1466,584,703,298,68,61,1,-1,-1,-1
1467,584,703,298,68,61,1,-1,-1,-1
1468,584,703,298,68,61,1,-1,-1,-1
1469,584,703,298,68,61,1,-1,-1,-1
1470,584,703,298,67,61,1,-1,-1,-1
1471,584,703,298,67,61,1,-1,-1,-1
1472,584,703,298,67,61,1,-1,-1,-1
1473,584,703,298,70,61,1,-1,-1,-1
1474,584,703,298,69,61,1,-1,-1,-1
1475,584,703,298,70,61,1,-1,-1,-1
1476,584,703,298,70,61,1,-1,-1,-1
1477,584,703,298,69,61,1,-1,-1,-1
1478,584,703,298,70,61,1,-1,-1,-1
1479,584,703,298,70,61,1,-1,-1,-1
1480,584,703,298,69,61,1,-1,-1,-1
1481,584,703,298,69,61,1,-1,-1,-1
1482,584,703,298,69,61,1,-1,-1,-1
1483,584,703,298,69,61,1,-1,-1,-1
1484,584,703,298,70,61,1,-1,-1,-1
1485,584,703,298,70,61,1,-1,-1,-1
1486,584,703,298,69,61,1,-1,-1,-1
1487,584,703,298,69,61,1,-1,-1,-1
1488,584,703,298,69,61,1,-1,-1,-1
1489,584,703,298,68,61,1,-1,-1,-1
1490,584,703,298,68,61,1,-1,-1,-1
1491,584,703,298,68,61,1,-1,-1,-1
1492,584,703,298,68,61,1,-1,-1,-1
1493,584,703,298,68,61,1,-1,-1,-1
1494,584,703,298,68,61,1,-1,-1,-1
1495,584,703,298,68,61,1,-1,-1,-1
1496,584,703,298,68,61,1,-1,-1,-1
1497,584,703,298,69,61,1,-1,-1,-1
1498,584,703,298,69,61,1,-1,-1,-1
1499,584,703,298,69,61,1,-1,-1,-1
1500,584,703,298,69,61,1,-1,-1,-1
1501,584,703,298,69,60,1,-1,-1,-1
1502,584,703,298,69,60,1,-1,-1,-1
1503,584,703,298,69,60,1,-1,-1,-1
1504,584,703,298,69,60,1,-1,-1,-1
1505,584,703,298,70,61,1,-1,-1,-1
1506,584,703,298,70,61,1,-1,-1,-1
1507,584,703,298,70,61,1,-1,-1,-1
1508,584,703,298,70,61,1,-1,-1,-1
1509,584,703,298,70,61,1,-1,-1,-1
1510,584,703,298,70,61,1,-1,-1,-1
1511,584,703,298,70,61,1,-1,-1,-1
1512,584,703,298,70,61,1,-1,-1,-1
1513,584,703,298,71,60,1,-1,-1,-1
1514,584,703,298,71,60,1,-1,-1,-1
1515,584,703,298,71,60,1,-1,-1,-1
1516,584,703,298,71,61,1,-1,-1,-1
1517,584,703,298,71,60,1,-1,-1,-1
1518,584,703,298,71,61,1,-1,-1,-1
1519,584,703,298,71,61,1,-1,-1,-1
1520,584,703,298,71,61,1,-1,-1,-1
1521,584,703,298,68,61,1,-1,-1,-1
1522,584,703,298,68,61,1,-1,-1,-1
1523,584,703,298,68,61,1,-1,-1,-1
1524,584,703,298,68,61,1,-1,-1,-1
1525,584,703,298,68,60,1,-1,-1,-1
1526,584,703,298,68,61,1,-1,-1,-1
1527,584,703,298,68,61,1,-1,-1,-1
1528,584,703,298,68,60,1,-1,-1,-1
1529,584,703,298,69,60,1,-1,-1,-1
1530,584,703,298,69,60,1,-1,-1,-1
1531,584,703,298,69,60,1,-1,-1,-1
1532,584,703,298,69,60,1,-1,-1,-1
1533,584,703,298,69,60,1,-1,-1,-1
1534,584,703,298,69,60,1,-1,-1,-1
1535,584,703,298,69,60,1,-1,-1,-1
1536,584,703,298,69,60,1,-1,-1,-1
1537,584,703,298,72,61,1,-1,-1,-1
1538,584,703,298,72,61,1,-1,-1,-1
1539,584,703,298,72,61,1,-1,-1,-1
1540,584,703,297,73,61,1,-1,-1,-1
1541,584,703,297,73,62,1,-1,-1,-1
1542,584,703,297,73,62,1,-1,-1,-1
1543,584,703,297,73,61,1,-1,-1,-1
1544,584,703,297,73,61,1,-1,-1,-1
1545,584,703,298,70,61,1,-1,-1,-1
1546,584,703,298,70,61,1,-1,-1,-1
1547,584,703,298,70,61,1,-1,-1,-1
1548,584,703,298,70,61,1,-1,-1,-1
1549,584,703,298,69,61,1,-1,-1,-1
1550,584,703,298,69,61,1,-1,-1,-1
1551,584,703,298,69,61,1,-1,-1,-1
1552,584,703,298,69,61,1,-1,-1,-1
1553,584,703,299,68,60,1,-1,-1,-1
1554,584,703,299,69,60,1,-1,-1,-1
1555,584,703,299,69,60,1,-1,-1,-1
1556,584,703,299,69,60,1,-1,-1,-1
1557,584,703,299,69,60,1,-1,-1,-1
1558,584,703,299,69,60,1,-1,-1,-1
1559,584,703,299,69,60,1,-1,-1,-1
1560,584,703,299,69,60,1,-1,-1,-1
1561,584,703,298,70,60,1,-1,-1,-1
1562,584,703,298,70,60,1,-1,-1,-1
1563,584,703,298,70,60,1,-1,-1,-1
1564,584,703,299,70,60,1,-1,-1,-1
1565,584,703,299,70,60,1,-1,-1,-1
1566,584,703,299,70,60,1,-1,-1,-1
1567,584,703,299,70,60,1,-1,-1,-1
1568,584,703,299,70,60,1,-1,-1,-1
1569,584,703,299,70,60,1,-1,-1,-1
1570,584,703,298,70,60,1,-1,-1,-1
1571,584,703,298,70,60,1,-1,-1,-1
1572,584,703,298,70,60,1,-1,-1,-1
1573,584,703,299,70,60,1,-1,-1,-1
1574,584,703,299,70,60,1,-1,-1,-1
1575,584,702,299,70,60,1,-1,-1,-1
1576,584,703,299,70,60,1,-1,-1,-1
1577,584,703,298,73,61,1,-1,-1,-1
1578,584,703,298,74,61,1,-1,-1,-1
1579,584,703,298,74,61,1,-1,-1,-1
1580,584,702,299,73,60,1,-1,-1,-1
1581,584,703,298,73,61,1,-1,-1,-1
1582,584,703,298,73,61,1,-1,-1,-1
1583,584,703,298,73,61,1,-1,-1,-1
1584,584,703,298,73,61,1,-1,-1,-1
1585,584,703,298,71,61,1,-1,-1,-1
1586,584,703,298,71,61,1,-1,-1,-1
1587,584,703,298,70,61,1,-1,-1,-1
1588,584,703,298,71,61,1,-1,-1,-1
1589,584,702,298,71,61,1,-1,-1,-1
1590,584,702,298,71,61,1,-1,-1,-1
1591,584,702,298,68,61,1,-1,-1,-1
1592,584,702,298,69,61,1,-1,-1,-1
1593,584,702,298,68,60,1,-1,-1,-1
1594,584,702,298,68,61,1,-1,-1,-1
1595,584,702,298,68,60,1,-1,-1,-1
1596,584,702,298,68,61,1,-1,-1,-1
1597,584,702,298,67,61,1,-1,-1,-1
1598,584,702,298,67,61,1,-1,-1,-1
1599,584,702,298,68,61,1,-1,-1,-1
1600,584,702,298,68,61,1,-1,-1,-1
1601,584,703,298,68,61,1,-1,-1,-1
1602,584,702,298,67,60,1,-1,-1,-1
1603,584,702,298,68,60,1,-1,-1,-1
1604,584,702,299,68,61,1,-1,-1,-1
1605,584,702,299,67,60,1,-1,-1,-1
1606,584,702,299,67,61,1,-1,-1,-1
1607,584,702,299,67,61,1,-1,-1,-1
1608,584,702,299,68,60,1,-1,-1,-1
1609,584,702,298,68,61,1,-1,-1,-1
1610,584,702,298,68,61,1,-1,-1,-1
1611,584,702,298,68,61,1,-1,-1,-1
1612,584,703,298,68,61,1,-1,-1,-1
1613,584,703,297,68,61,1,-1,-1,-1
1614,584,703,298,68,61,1,-1,-1,-1
1615,584,703,298,68,61,1,-1,-1,-1
1616,584,703,297,68,62,1,-1,-1,-1
1617,584,702,298,68,61,1,-1,-1,-1
1618,584,702,298,68,61,1,-1,-1,-1
1619,584,702,298,68,61,1,-1,-1,-1
1620,584,702,298,68,61,1,-1,-1,-1
1621,584,702,298,67,61,1,-1,-1,-1
1622,584,702,298,67,61,1,-1,-1,-1
1623,584,702,298,67,61,1,-1,-1,-1
1624,584,702,298,67,61,1,-1,-1,-1
1625,584,703,299,67,60,1,-1,-1,-1
1626,584,703,299,67,60,1,-1,-1,-1
1627,584,703,298,67,61,1,-1,-1,-1
1628,584,703,298,67,60,1,-1,-1,-1
1629,584,702,298,68,60,1,-1,-1,-1
1630,584,702,298,68,60,1,-1,-1,-1
1631,584,702,299,68,60,1,-1,-1,-1
1632,584,702,298,68,60,1,-1,-1,-1
1633,584,703,298,68,60,1,-1,-1,-1
1634,584,703,298,68,60,1,-1,-1,-1
1635,584,702,299,67,60,1,-1,-1,-1
1636,584,703,298,67,60,1,-1,-1,-1
1637,584,703,298,67,60,1,-1,-1,-1
1638,584,703,299,67,60,1,-1,-1,-1
1639,584,703,298,67,60,1,-1,-1,-1
1640,584,703,299,67,60,1,-1,-1,-1
1641,584,702,299,67,60,1,-1,-1,-1
1642,584,702,299,67,60,1,-1,-1,-1
1643,584,702,299,67,60,1,-1,-1,-1
1644,584,702,299,67,60,1,-1,-1,-1
1645,584,703,299,67,60,1,-1,-1,-1
1646,584,703,299,67,60,1,-1,-1,-1
1647,584,703,299,67,60,1,-1,-1,-1
1648,584,703,299,67,60,1,-1,-1,-1
1649,584,702,299,67,60,1,-1,-1,-1
1650,584,702,299,67,59,1,-1,-1,-1
1651,584,702,299,67,60,1,-1,-1,-1
1652,584,702,299,67,60,1,-1,-1,-1
1653,584,702,299,67,60,1,-1,-1,-1
1654,584,702,299,67,60,1,-1,-1,-1
1655,584,702,299,67,60,1,-1,-1,-1
1656,584,702,299,67,60,1,-1,-1,-1
1657,584,702,299,67,59,1,-1,-1,-1
1658,584,702,299,67,59,1,-1,-1,-1
1659,584,702,299,67,59,1,-1,-1,-1
1660,584,702,299,67,59,1,-1,-1,-1
1661,584,702,299,67,59,1,-1,-1,-1
1662,584,702,299,67,59,1,-1,-1,-1
1663,584,702,299,67,59,1,-1,-1,-1
1664,584,702,299,67,59,1,-1,-1,-1
1665,584,703,299,67,59,1,-1,-1,-1
1666,584,703,299,67,59,1,-1,-1,-1
1667,584,702,299,67,59,1,-1,-1,-1
1668,584,703,299,67,59,1,-1,-1,-1
1669,584,703,299,67,60,1,-1,-1,-1
1670,584,703,299,67,60,1,-1,-1,-1
1671,584,703,299,67,60,1,-1,-1,-1
1672,584,703,299,67,60,1,-1,-1,-1
1673,584,703,299,67,60,1,-1,-1,-1
1674,584,703,298,68,60,1,-1,-1,-1
1675,584,702,298,68,60,1,-1,-1,-1
1676,584,702,298,68,60,1,-1,-1,-1
1677,584,703,298,68,60,1,-1,-1,-1
1678,584,702,299,68,60,1,-1,-1,-1
1679,584,702,299,68,60,1,-1,-1,-1
1680,584,702,299,68,60,1,-1,-1,-1
1681,584,702,299,67,59,1,-1,-1,-1
1682,584,703,299,67,59,1,-1,-1,-1
1683,584,703,299,67,60,1,-1,-1,-1
1684,584,703,299,67,59,1,-1,-1,-1
1685,584,703,299,67,59,1,-1,-1,-1
1686,584,703,299,67,59,1,-1,-1,-1
1687,584,703,299,67,59,1,-1,-1,-1
1688,584,703,299,67,59,1,-1,-1,-1
1689,584,703,299,67,60,1,-1,-1,-1
1690,584,703,299,67,60,1,-1,-1,-1
1691,584,703,299,67,60,1,-1,-1,-1
1692,584,703,299,67,60,1,-1,-1,-1
1693,584,703,299,68,60,1,-1,-1,-1
1694,584,703,299,68,60,1,-1,-1,-1
1695,584,703,299,68,60,1,-1,-1,-1
1696,584,703,299,68,60,1,-1,-1,-1
1697,584,703,298,68,60,1,-1,-1,-1
1698,584,703,298,68,60,1,-1,-1,-1
1699,584,703,298,68,60,1,-1,-1,-1
1700,584,703,299,68,60,1,-1,-1,-1
1701,584,703,299,68,60,1,-1,-1,-1
1702,584,703,299,68,60,1,-1,-1,-1
1703,584,703,299,68,60,1,-1,-1,-1
1704,584,703,299,68,60,1,-1,-1,-1
1705,584,703,298,68,60,1,-1,-1,-1
1706,584,703,298,68,60,1,-1,-1,-1
1707,584,703,298,68,60,1,-1,-1,-1
1708,584,703,298,68,60,1,-1,-1,-1
1709,584,703,298,68,60,1,-1,-1,-1
1710,584,703,298,68,60,1,-1,-1,-1
1711,584,703,298,68,60,1,-1,-1,-1
1712,584,703,298,68,60,1,-1,-1,-1
1713,584,702,298,69,61,1,-1,-1,-1
1714,584,702,298,69,61,1,-1,-1,-1
1715,584,703,298,69,61,1,-1,-1,-1
1716,584,703,298,69,61,1,-1,-1,-1
1717,584,702,298,69,61,1,-1,-1,-1
1718,584,702,298,69,61,1,-1,-1,-1
1719,584,702,298,69,61,1,-1,-1,-1
1720,584,702,298,69,61,1,-1,-1,-1
1721,584,703,298,69,61,1,-1,-1,-1
1722,584,703,298,69,61,1,-1,-1,-1
1723,584,703,298,69,60,1,-1,-1,-1
1724,584,703,298,69,61,1,-1,-1,-1
1725,584,703,298,69,61,1,-1,-1,-1
1726,584,703,298,69,61,1,-1,-1,-1
1727,584,702,298,69,61,1,-1,-1,-1
1728,584,702,298,69,61,1,-1,-1,-1
1729,584,702,298,68,60,1,-1,-1,-1
1730,584,702,298,68,61,1,-1,-1,-1
1731,584,702,298,68,60,1,-1,-1,-1
1732,584,702,298,68,60,1,-1,-1,-1
1733,584,702,298,68,60,1,-1,-1,-1
1734,584,702,298,68,60,1,-1,-1,-1
1735,584,702,298,68,60,1,-1,-1,-1
1736,584,702,298,68,60,1,-1,-1,-1
1737,584,703,299,68,60,1,-1,-1,-1
1738,584,703,299,68,60,1,-1,-1,-1
1739,584,703,299,68,60,1,-1,-1,-1
1740,584,703,299,68,60,1,-1,-1,-1
1741,584,703,299,68,60,1,-1,-1,-1
1742,584,703,299,68,60,1,-1,-1,-1
1743,584,703,299,68,60,1,-1,-1,-1
1744,584,703,299,68,60,1,-1,-1,-1
1745,584,703,298,69,60,1,-1,-1,-1
1746,584,703,298,69,61,1,-1,-1,-1
1747,584,703,298,69,61,1,-1,-1,-1
1748,584,703,298,69,61,1,-1,-1,-1
1749,584,703,298,69,61,1,-1,-1,-1
1750,584,703,298,69,61,1,-1,-1,-1
1751,584,703,298,69,60,1,-1,-1,-1
1752,584,703,298,69,60,1,-1,-1,-1
1753,584,702,298,68,61,1,-1,-1,-1
1754,584,702,298,68,61,1,-1,-1,-1
1755,584,703,298,68,60,1,-1,-1,-1
1756,584,703,298,68,60,1,-1,-1,-1
1757,584,702,298,68,61,1,-1,-1,-1
1758,584,703,298,68,61,1,-1,-1,-1
1759,584,703,298,68,61,1,-1,-1,-1
1760,584,703,298,68,61,1,-1,-1,-1
1761,584,703,298,69,61,1,-1,-1,-1
1762,584,703,298,69,61,1,-1,-1,-1
1763,584,703,298,69,61,1,-1,-1,-1
1764,584,703,298,69,61,1,-1,-1,-1
1765,584,703,298,68,60,1,-1,-1,-1
1766,584,703,298,68,60,1,-1,-1,-1
1767,584,703,299,68,60,1,-1,-1,-1
1768,584,703,299,68,60,1,-1,-1,-1
1769,584,703,299,67,60,1,-1,-1,-1
1770,584,703,299,67,60,1,-1,-1,-1
1771,584,703,299,67,60,1,-1,-1,-1
1772,584,703,299,67,60,1,-1,-1,-1
1773,584,703,299,67,60,1,-1,-1,-1
1774,584,703,299,67,60,1,-1,-1,-1
1775,584,703,299,67,60,1,-1,-1,-1
1776,584,703,299,67,60,1,-1,-1,-1
1777,584,703,299,67,60,1,-1,-1,-1
1778,584,703,299,67,60,1,-1,-1,-1
1779,584,703,299,67,60,1,-1,-1,-1
1780,584,703,299,67,60,1,-1,-1,-1
1781,584,703,299,67,60,1,-1,-1,-1
1782,584,703,299,67,60,1,-1,-1,-1
1783,584,703,299,67,60,1,-1,-1,-1
1784,584,703,299,67,60,1,-1,-1,-1
1785,584,703,299,68,60,1,-1,-1,-1
1786,584,703,299,68,60,1,-1,-1,-1
1787,584,702,299,68,60,1,-1,-1,-1
1788,584,702,299,68,60,1,-1,-1,-1
1789,584,702,299,68,60,1,-1,-1,-1
1790,584,702,299,68,60,1,-1,-1,-1
1791,584,702,299,68,60,1,-1,-1,-1
1792,584,702,299,68,60,1,-1,-1,-1
1793,584,703,299,67,60,1,-1,-1,-1
1794,584,703,299,67,60,1,-1,-1,-1
1795,584,703,299,67,60,1,-1,-1,-1
1796,584,703,299,67,60,1,-1,-1,-1
1797,584,703,299,67,60,1,-1,-1,-1
1798,584,703,299,67,60,1,-1,-1,-1
1799,584,703,299,67,60,1,-1,-1,-1
1800,584,702,299,67,60,1,-1,-1,-1
1801,584,703,298,68,60,1,-1,-1,-1
1802,584,703,298,68,60,1,-1,-1,-1
1803,584,703,298,68,60,1,-1,-1,-1
1804,584,703,298,68,60,1,-1,-1,-1
1805,584,703,299,68,60,1,-1,-1,-1
1806,584,703,299,68,60,1,-1,-1,-1
1807,584,703,299,68,60,1,-1,-1,-1
1808,584,703,299,67,60,1,-1,-1,-1
1809,584,703,299,67,60,1,-1,-1,-1
1810,584,703,299,68,60,1,-1,-1,-1
1811,584,703,299,68,60,1,-1,-1,-1
1812,584,702,299,67,60,1,-1,-1,-1
1813,584,703,298,68,61,1,-1,-1,-1
1814,584,703,299,67,61,1,-1,-1,-1
1815,584,703,299,67,60,1,-1,-1,-1
1816,584,703,299,67,60,1,-1,-1,-1
1817,584,703,299,68,60,1,-1,-1,-1
1818,584,703,299,68,60,1,-1,-1,-1
1819,584,703,299,68,60,1,-1,-1,-1
1820,584,703,299,68,60,1,-1,-1,-1
1821,584,703,299,68,60,1,-1,-1,-1
1822,584,703,299,68,60,1,-1,-1,-1
1823,584,703,299,68,60,1,-1,-1,-1
1824,584,703,299,68,60,1,-1,-1,-1
1825,584,703,299,67,60,1,-1,-1,-1
1826,584,703,299,67,60,1,-1,-1,-1
1827,584,703,299,67,60,1,-1,-1,-1
1828,584,703,299,67,60,1,-1,-1,-1
1829,584,703,299,67,60,1,-1,-1,-1
1830,584,703,299,67,60,1,-1,-1,-1
1831,584,703,299,67,60,1,-1,-1,-1
1832,584,703,299,67,60,1,-1,-1,-1
1833,584,703,299,68,60,1,-1,-1,-1
1834,584,703,299,68,61,1,-1,-1,-1
1835,584,703,299,68,60,1,-1,-1,-1
1836,584,703,299,68,61,1,-1,-1,-1
1837,584,703,299,68,60,1,-1,-1,-1
1838,584,703,299,68,60,1,-1,-1,-1
1839,584,703,299,68,60,1,-1,-1,-1
1840,584,703,299,68,60,1,-1,-1,-1
1841,584,703,299,68,60,1,-1,-1,-1
1842,584,703,299,68,60,1,-1,-1,-1
1843,584,702,299,68,60,1,-1,-1,-1
1844,584,703,299,68,60,1,-1,-1,-1
1845,584,702,299,68,60,1,-1,-1,-1
1846,584,702,299,68,60,1,-1,-1,-1
1847,584,703,299,68,60,1,-1,-1,-1
1848,584,703,299,68,60,1,-1,-1,-1
1849,584,703,298,67,60,1,-1,-1,-1
1850,584,703,298,67,60,1,-1,-1,-1
1851,584,703,298,67,60,1,-1,-1,-1
1852,584,703,298,67,60,1,-1,-1,-1
1853,584,703,298,67,60,1,-1,-1,-1
1854,584,703,298,68,60,1,-1,-1,-1
1855,584,703,298,68,60,1,-1,-1,-1
1856,584,703,299,68,60,1,-1,-1,-1
1857,584,703,299,67,60,1,-1,-1,-1
1858,584,703,299,67,60,1,-1,-1,-1
1859,584,703,299,67,60,1,-1,-1,-1
1860,584,703,299,67,60,1,-1,-1,-1
1861,584,703,299,68,60,1,-1,-1,-1
1862,584,703,299,68,60,1,-1,-1,-1
1863,584,703,299,68,60,1,-1,-1,-1
1864,584,703,299,68,60,1,-1,-1,-1
1865,584,702,299,68,60,1,-1,-1,-1
1866,584,703,299,69,61,1,-1,-1,-1
1867,584,702,299,68,60,1,-1,-1,-1
1868,584,702,299,68,60,1,-1,-1,-1
1869,584,702,299,68,60,1,-1,-1,-1
1870,584,703,299,68,61,1,-1,-1,-1
1871,584,702,299,68,60,1,-1,-1,-1
1872,584,703,299,68,60,1,-1,-1,-1
1873,584,702,298,67,61,1,-1,-1,-1
1874,584,703,298,68,61,1,-1,-1,-1
1875,584,703,298,68,61,1,-1,-1,-1
1876,584,702,298,67,61,1,-1,-1,-1
1877,584,703,298,67,61,1,-1,-1,-1
1878,584,703,298,67,60,1,-1,-1,-1
1879,584,703,298,67,61,1,-1,-1,-1
1880,584,703,298,67,61,1,-1,-1,-1
1881,584,703,298,67,61,1,-1,-1,-1
1882,584,703,298,67,60,1,-1,-1,-1
1883,584,703,298,67,60,1,-1,-1,-1
1884,584,703,299,67,60,1,-1,-1,-1
1885,584,703,299,67,60,1,-1,-1,-1
1886,584,703,299,67,60,1,-1,-1,-1
1887,584,703,299,67,60,1,-1,-1,-1
1888,584,703,299,67,60,1,-1,-1,-1
1889,584,703,299,67,60,1,-1,-1,-1
1890,584,703,299,67,60,1,-1,-1,-1
1891,584,703,299,67,60,1,-1,-1,-1
1892,584,703,299,67,60,1,-1,-1,-1
1893,584,703,299,67,60,1,-1,-1,-1
1894,584,703,299,67,60,1,-1,-1,-1
1895,584,703,299,67,60,1,-1,-1,-1
1896,584,703,299,67,60,1,-1,-1,-1
1897,584,703,299,67,60,1,-1,-1,-1
1898,584,703,299,67,60,1,-1,-1,-1
1899,584,703,299,67,60,1,-1,-1,-1
1900,584,703,299,67,60,1,-1,-1,-1
1901,584,703,299,67,60,1,-1,-1,-1
1902,584,703,299,66,60,1,-1,-1,-1
1903,584,703,299,66,60,1,-1,-1,-1
1904,584,703,299,66,59,1,-1,-1,-1
1905,584,703,299,66,59,1,-1,-1,-1
1906,584,704,299,66,59,1,-1,-1,-1
1907,584,704,299,66,59,1,-1,-1,-1
1908,584,704,299,65,59,1,-1,-1,-1
1909,584,704,299,66,59,1,-1,-1,-1
1910,584,705,299,66,59,1,-1,-1,-1
1911,584,704,299,67,59,1,-1,-1,-1
1912,584,704,299,67,59,1,-1,-1,-1
1913,584,705,299,66,57,1,-1,-1,-1
1914,584,706,299,65,57,1,-1,-1,-1
1915,584,704,299,67,57,1,-1,-1,-1
1916,584,703,299,68,58,1,-1,-1,-1
1917,584,704,299,68,57,1,-1,-1,-1
1918,584,705,299,66,57,1,-1,-1,-1
1919,584,701,299,70,59,1,-1,-1,-1
1920,584,702,299,67,55,1,-1,-1,-1
1921,584,706,299,64,58,1,-1,-1,-1
1922,584,705,299,65,58,1,-1,-1,-1
1923,584,703,299,68,59,1,-1,-1,-1
1924,584,704,299,65,57,1,-1,-1,-1
1925,584,704,299,66,58,1,-1,-1,-1
1926,584,703,299,66,57,1,-1,-1,-1
1927,584,704,299,65,58,1,-1,-1,-1
1928,584,704,299,66,59,1,-1,-1,-1
651,586,1863,511,56,108,1,-1,-1,-1
652,586,1806,486,112,139,1,-1,-1,-1
653,586,1750,458,168,177,1,-1,-1,-1
654,586,1694,454,225,189,1,-1,-1,-1
655,586,1662,454,257,193,1,-1,-1,-1
656,586,1606,458,312,195,1,-1,-1,-1
657,586,1562,463,356,196,1,-1,-1,-1
658,586,1515,468,404,194,1,-1,-1,-1
659,586,1483,469,435,195,1,-1,-1,-1
660,586,1437,475,482,198,1,-1,-1,-1
661,586,1389,477,516,200,1,-1,-1,-1
662,586,1341,486,518,196,1,-1,-1,-1
663,586,1303,489,521,195,1,-1,-1,-1
664,586,1254,493,520,194,1,-1,-1,-1
665,586,1198,495,522,195,1,-1,-1,-1
666,586,1142,497,521,196,1,-1,-1,-1
667,586,1101,500,511,192,1,-1,-1,-1
668,586,1042,504,517,188,1,-1,-1,-1
669,586,984,507,519,181,1,-1,-1,-1
670,586,930,509,513,178,1,-1,-1,-1
671,586,893,508,507,179,1,-1,-1,-1
672,586,846,509,496,178,1,-1,-1,-1
673,586,801,508,481,178,1,-1,-1,-1
674,586,764,506,460,175,1,-1,-1,-1
675,586,739,502,445,174,1,-1,-1,-1
676,586,705,497,421,173,1,-1,-1,-1
677,586,679,495,393,169,1,-1,-1,-1
678,586,658,490,365,167,1,-1,-1,-1
679,586,644,487,344,165,1,-1,-1,-1
680,586,629,482,317,164,1,-1,-1,-1
681,586,616,479,293,160,1,-1,-1,-1
682,586,602,474,274,159,1,-1,-1,-1
683,586,594,471,260,157,1,-1,-1,-1
684,586,585,466,243,155,1,-1,-1,-1
685,586,579,462,227,152,1,-1,-1,-1
686,586,574,459,215,150,1,-1,-1,-1
687,586,569,456,208,148,1,-1,-1,-1
688,586,566,451,199,146,1,-1,-1,-1
689,586,561,448,194,143,1,-1,-1,-1
690,586,559,445,189,140,1,-1,-1,-1
691,586,557,441,185,139,1,-1,-1,-1
692,586,556,438,181,137,1,-1,-1,-1
693,586,555,431,179,137,1,-1,-1,-1
694,586,555,428,176,134,1,-1,-1,-1
695,586,555,426,173,131,1,-1,-1,-1
696,586,555,423,170,129,1,-1,-1,-1
697,586,555,419,168,128,1,-1,-1,-1
698,586,556,415,165,125,1,-1,-1,-1
699,586,556,413,163,124,1,-1,-1,-1
700,586,556,410,160,121,1,-1,-1,-1
701,586,556,406,157,120,1,-1,-1,-1
702,586,555,403,155,118,1,-1,-1,-1
703,586,556,401,153,116,1,-1,-1,-1
704,586,555,398,153,113,1,-1,-1,-1
705,586,556,394,148,112,1,-1,-1,-1
706,586,557,391,146,110,1,-1,-1,-1
707,586,558,389,144,109,1,-1,-1,-1
708,586,559,386,142,107,1,-1,-1,-1
709,586,560,382,140,105,1,-1,-1,-1
710,586,561,380,139,104,1,-1,-1,-1
711,586,561,377,140,103,1,-1,-1,-1
712,586,562,374,137,102,1,-1,-1,-1
713,586,564,371,134,101,1,-1,-1,-1
714,586,566,369,131,99,1,-1,-1,-1
715,586,566,367,130,97,1,-1,-1,-1
716,586,568,365,128,96,1,-1,-1,-1
717,586,570,362,125,94,1,-1,-1,-1
718,586,570,359,124,93,1,-1,-1,-1
719,586,571,358,123,92,1,-1,-1,-1
720,586,573,356,121,90,1,-1,-1,-1
721,586,573,353,120,90,1,-1,-1,-1
722,586,574,351,117,88,1,-1,-1,-1
723,586,575,350,116,88,1,-1,-1,-1
724,586,576,348,114,86,1,-1,-1,-1
725,586,577,346,113,84,1,-1,-1,-1
726,586,577,344,112,84,1,-1,-1,-1
727,586,577,342,111,83,1,-1,-1,-1
728,586,577,340,109,82,1,-1,-1,-1
729,586,578,339,108,80,1,-1,-1,-1
730,586,578,337,108,80,1,-1,-1,-1
731,586,578,336,107,79,1,-1,-1,-1
732,586,579,333,107,79,1,-1,-1,-1
733,586,580,331,105,78,1,-1,-1,-1
734,586,580,330,104,77,1,-1,-1,-1
735,586,581,329,103,76,1,-1,-1,-1
736,586,581,328,102,75,1,-1,-1,-1
737,586,582,327,99,73,1,-1,-1,-1
738,586,582,325,98,72,1,-1,-1,-1
739,586,584,324,97,72,1,-1,-1,-1
740,586,583,322,95,72,1,-1,-1,-1
741,586,585,321,94,71,1,-1,-1,-1
742,586,583,319,93,71,1,-1,-1,-1
743,586,585,319,92,70,1,-1,-1,-1
744,586,584,318,92,69,1,-1,-1,-1
745,586,584,316,92,69,1,-1,-1,-1
746,586,584,316,91,67,1,-1,-1,-1
747,586,584,315,90,67,1,-1,-1,-1
748,586,584,314,90,66,1,-1,-1,-1
749,586,584,312,89,66,1,-1,-1,-1
750,586,585,310,88,66,1,-1,-1,-1
751,586,585,310,88,66,1,-1,-1,-1
752,586,586,309,87,65,1,-1,-1,-1
753,586,589,308,84,64,1,-1,-1,-1
754,586,590,307,84,64,1,-1,-1,-1
755,586,591,306,82,63,1,-1,-1,-1
756,586,591,305,83,63,1,-1,-1,-1
757,586,593,304,80,62,1,-1,-1,-1
758,586,592,303,80,62,1,-1,-1,-1
759,586,591,302,80,61,1,-1,-1,-1
760,586,587,301,83,61,1,-1,-1,-1
761,586,583,300,84,61,1,-1,-1,-1
762,586,577,298,87,61,1,-1,-1,-1
763,586,573,297,87,61,1,-1,-1,-1
764,586,564,296,91,61,1,-1,-1,-1
765,586,554,295,96,61,1,-1,-1,-1
766,586,542,295,101,60,1,-1,-1,-1
767,586,533,295,105,59,1,-1,-1,-1
768,586,518,294,112,59,1,-1,-1,-1
769,586,503,294,118,58,1,-1,-1,-1
770,586,486,293,123,59,1,-1,-1,-1
771,586,474,292,128,59,1,-1,-1,-1
772,586,456,292,134,58,1,-1,-1,-1
773,586,437,292,141,59,1,-1,-1,-1
774,586,415,292,149,58,1,-1,-1,-1
775,586,404,292,149,58,1,-1,-1,-1
776,586,399,292,139,58,1,-1,-1,-1
757,589,659,299,20,41,1,-1,-1,-1
758,589,661,297,20,44,1,-1,-1,-1
759,589,661,299,20,44,1,-1,-1,-1
760,589,662,299,20,42,1,-1,-1,-1
761,589,665,298,20,43,1,-1,-1,-1
762,589,666,298,19,43,1,-1,-1,-1
763,589,667,298,19,43,1,-1,-1,-1
764,589,668,296,20,42,1,-1,-1,-1
765,589,667,295,20,43,1,-1,-1,-1
766,589,667,295,19,43,1,-1,-1,-1
767,589,667,295,20,42,1,-1,-1,-1
768,589,667,295,19,42,1,-1,-1,-1
769,589,669,295,18,40,1,-1,-1,-1
770,589,670,294,18,41,1,-1,-1,-1
771,589,670,294,19,40,1,-1,-1,-1
772,589,672,294,18,40,1,-1,-1,-1
773,589,672,293,19,40,1,-1,-1,-1
774,589,673,292,19,40,1,-1,-1,-1
775,589,673,293,19,40,1,-1,-1,-1
776,589,673,291,19,42,1,-1,-1,-1
777,589,674,290,19,41,1,-1,-1,-1
778,589,673,289,18,41,1,-1,-1,-1
779,589,673,289,18,41,1,-1,-1,-1
780,589,672,287,19,43,1,-1,-1,-1
781,589,672,285,20,43,1,-1,-1,-1
782,589,673,283,20,44,1,-1,-1,-1
783,589,673,284,20,43,1,-1,-1,-1
784,589,674,285,19,41,1,-1,-1,-1
785,589,674,286,19,40,1,-1,-1,-1
786,589,674,284,19,41,1,-1,-1,-1
787,589,675,283,19,41,1,-1,-1,-1
788,589,676,283,18,41,1,-1,-1,-1
789,589,676,282,18,41,1,-1,-1,-1
790,589,676,283,18,40,1,-1,-1,-1
791,589,676,281,18,41,1,-1,-1,-1
792,589,676,282,17,40,1,-1,-1,-1
793,589,676,281,18,40,1,-1,-1,-1
794,589,674,280,19,40,1,-1,-1,-1
796,589,675,282,16,37,1,-1,-1,-1
797,589,675,283,15,35,1,-1,-1,-1
798,589,674,279,15,38,1,-1,-1,-1
799,589,673,278,16,39,1,-1,-1,-1
800,589,672,276,17,40,1,-1,-1,-1
801,589,671,276,17,40,1,-1,-1,-1
802,589,669,273,18,42,1,-1,-1,-1
803,589,668,274,17,41,1,-1,-1,-1
804,589,667,273,17,40,1,-1,-1,-1
805,589,666,273,17,39,1,-1,-1,-1
806,589,664,271,18,40,1,-1,-1,-1
807,589,664,272,18,40,1,-1,-1,-1
808,589,663,272,18,39,1,-1,-1,-1
809,589,662,272,17,38,1,-1,-1,-1
810,589,661,270,17,38,1,-1,-1,-1
811,589,661,270,18,39,1,-1,-1,-1
812,589,661,269,18,39,1,-1,-1,-1
813,589,661,269,17,39,1,-1,-1,-1
814,589,661,269,17,37,1,-1,-1,-1
815,589,660,270,17,36,1,-1,-1,-1
816,589,660,269,17,36,1,-1,-1,-1
817,589,660,266,18,38,1,-1,-1,-1
818,589,660,265,17,37,1,-1,-1,-1
819,589,659,265,17,38,1,-1,-1,-1
820,589,658,264,17,37,1,-1,-1,-1
821,589,657,262,17,39,1,-1,-1,-1
822,589,656,262,16,38,1,-1,-1,-1
823,589,655,261,17,39,1,-1,-1,-1
824,589,654,260,18,39,1,-1,-1,-1
825,589,654,261,17,39,1,-1,-1,-1
826,589,652,260,17,39,1,-1,-1,-1
827,589,652,259,17,39,1,-1,-1,-1
828,589,650,258,17,39,1,-1,-1,-1
829,589,649,259,17,36,1,-1,-1,-1
830,589,649,259,16,36,1,-1,-1,-1
831,589,649,257,16,38,1,-1,-1,-1
832,589,648,258,16,36,1,-1,-1,-1
833,589,648,258,17,35,1,-1,-1,-1
834,589,649,257,17,36,1,-1,-1,-1
835,589,650,256,17,36,1,-1,-1,-1
836,589,653,256,17,36,1,-1,-1,-1
837,589,654,255,17,36,1,-1,-1,-1
838,589,654,254,17,36,1,-1,-1,-1
839,589,655,253,16,36,1,-1,-1,-1
840,589,656,253,16,36,1,-1,-1,-1
841,589,657,252,16,36,1,-1,-1,-1
842,589,658,251,17,35,1,-1,-1,-1
843,589,658,251,17,35,1,-1,-1,-1
844,589,660,251,16,34,1,-1,-1,-1
845,589,661,251,16,34,1,-1,-1,-1
846,589,662,249,17,35,1,-1,-1,-1
847,589,662,248,17,37,1,-1,-1,-1
848,589,665,250,15,35,1,-1,-1,-1
849,589,666,249,15,34,1,-1,-1,-1
850,589,667,249,15,33,1,-1,-1,-1
851,589,667,249,15,32,1,-1,-1,-1
852,589,668,249,15,32,1,-1,-1,-1
853,589,668,247,16,31,1,-1,-1,-1
854,589,668,245,16,34,1,-1,-1,-1
855,589,669,244,15,34,1,-1,-1,-1
856,589,668,244,14,34,1,-1,-1,-1
857,589,668,240,15,37,1,-1,-1,-1
858,589,667,239,16,34,1,-1,-1,-1
859,589,667,235,17,34,1,-1,-1,-1
860,589,667,237,16,36,1,-1,-1,-1
861,589,668,237,16,33,1,-1,-1,-1
862,589,667,239,15,31,1,-1,-1,-1
863,589,667,236,16,36,1,-1,-1,-1
864,589,666,238,15,34,1,-1,-1,-1
865,589,666,237,15,34,1,-1,-1,-1
866,589,665,236,15,35,1,-1,-1,-1
867,589,666,237,13,33,1,-1,-1,-1
868,589,664,234,15,35,1,-1,-1,-1
869,589,663,234,15,34,1,-1,-1,-1
870,589,663,232,15,35,1,-1,-1,-1
871,589,662,232,15,34,1,-1,-1,-1
876,589,662,231,13,33,1,-1,-1,-1
877,589,662,230,14,33,1,-1,-1,-1
878,589,660,227,16,35,1,-1,-1,-1
879,589,659,227,16,35,1,-1,-1,-1
880,589,658,225,17,35,1,-1,-1,-1
881,589,658,225,16,36,1,-1,-1,-1
882,589,657,225,15,35,1,-1,-1,-1
883,589,656,225,15,34,1,-1,-1,-1
885,589,655,225,15,33,1,-1,-1,-1
886,589,654,225,15,31,1,-1,-1,-1
887,589,654,223,15,33,1,-1,-1,-1
888,589,653,223,15,32,1,-1,-1,-1
889,589,652,222,16,32,1,-1,-1,-1
890,589,652,222,16,32,1,-1,-1,-1
891,589,652,222,16,32,1,-1,-1,-1
892,589,652,220,16,32,1,-1,-1,-1
893,589,652,219,16,34,1,-1,-1,-1
895,589,652,219,14,31,1,-1,-1,-1
896,589,652,218,15,32,1,-1,-1,-1
897,589,651,217,15,32,1,-1,-1,-1
898,589,653,215,15,33,1,-1,-1,-1
899,589,653,215,15,33,1,-1,-1,-1
900,589,654,215,16,32,1,-1,-1,-1
901,589,655,214,15,33,1,-1,-1,-1
902,589,656,214,14,33,1,-1,-1,-1
903,589,656,213,14,33,1,-1,-1,-1
904,589,656,212,15,32,1,-1,-1,-1
905,589,658,212,14,32,1,-1,-1,-1
906,589,659,212,13,31,1,-1,-1,-1
907,589,659,212,12,32,1,-1,-1,-1
908,589,659,211,12,30,1,-1,-1,-1
909,589,659,209,13,32,1,-1,-1,-1
910,589,658,208,14,31,1,-1,-1,-1
911,589,659,208,14,31,1,-1,-1,-1
912,589,658,206,15,30,1,-1,-1,-1
913,589,658,205,14,31,1,-1,-1,-1
914,589,657,204,14,33,1,-1,-1,-1
915,589,656,204,15,33,1,-1,-1,-1
916,589,655,203,16,32,1,-1,-1,-1
917,589,655,203,16,33,1,-1,-1,-1
918,589,655,202,15,32,1,-1,-1,-1
919,589,655,202,16,31,1,-1,-1,-1
920,589,654,202,15,32,1,-1,-1,-1
921,589,654,202,14,30,1,-1,-1,-1
922,589,653,200,15,32,1,-1,-1,-1
923,589,653,201,15,31,1,-1,-1,-1
924,589,653,202,15,30,1,-1,-1,-1
925,589,652,201,15,30,1,-1,-1,-1
926,589,651,200,14,30,1,-1,-1,-1
928,589,651,200,14,29,1,-1,-1,-1
929,589,651,197,14,32,1,-1,-1,-1
930,589,650,197,15,30,1,-1,-1,-1
931,589,650,197,15,30,1,-1,-1,-1
932,589,650,197,14,29,1,-1,-1,-1
933,589,649,195,14,30,1,-1,-1,-1
934,589,648,195,14,30,1,-1,-1,-1
935,589,647,193,14,30,1,-1,-1,-1
936,589,647,191,14,32,1,-1,-1,-1
937,589,646,191,15,32,1,-1,-1,-1
938,589,646,191,15,31,1,-1,-1,-1
939,589,646,190,15,31,1,-1,-1,-1
940,589,646,189,14,31,1,-1,-1,-1
941,589,645,189,14,31,1,-1,-1,-1
942,589,644,189,15,31,1,-1,-1,-1
943,589,644,188,15,31,1,-1,-1,-1
944,589,644,188,14,31,1,-1,-1,-1
945,589,644,187,15,32,1,-1,-1,-1
946,589,644,189,14,29,1,-1,-1,-1
948,589,644,189,13,28,1,-1,-1,-1
949,589,644,188,13,28,1,-1,-1,-1
950,589,645,188,13,26,1,-1,-1,-1
951,589,646,187,12,28,1,-1,-1,-1
952,589,646,184,13,30,1,-1,-1,-1
956,589,643,180,14,30,1,-1,-1,-1
957,589,643,180,15,30,1,-1,-1,-1
958,589,644,180,14,30,1,-1,-1,-1
959,589,644,178,14,31,1,-1,-1,-1
960,589,642,179,14,30,1,-1,-1,-1
961,589,641,178,15,30,1,-1,-1,-1
962,589,641,177,15,30,1,-1,-1,-1
963,589,641,177,15,30,1,-1,-1,-1
964,589,640,177,15,30,1,-1,-1,-1
965,589,639,177,15,29,1,-1,-1,-1
966,589,640,176,14,30,1,-1,-1,-1
967,589,640,174,15,32,1,-1,-1,-1
968,589,639,174,15,32,1,-1,-1,-1
969,589,640,175,15,29,1,-1,-1,-1
970,589,640,173,15,30,1,-1,-1,-1
971,589,641,173,15,30,1,-1,-1,-1
972,589,642,174,13,28,1,-1,-1,-1
973,589,641,173,15,28,1,-1,-1,-1
974,589,642,173,14,28,1,-1,-1,-1
975,589,641,174,15,27,1,-1,-1,-1
976,589,644,170,15,28,1,-1,-1,-1
977,589,647,171,12,29,1,-1,-1,-1
978,589,648,171,12,29,1,-1,-1,-1
979,589,649,171,13,28,1,-1,-1,-1
982,589,651,168,13,28,1,-1,-1,-1
989,589,656,167,13,27,1,-1,-1,-1
760,592,702,265,77,53,1,-1,-1,-1
761,592,703,256,64,60,1,-1,-1,-1
762,592,703,267,76,52,1,-1,-1,-1
764,592,703,257,64,60,1,-1,-1,-1
765,592,703,258,64,59,1,-1,-1,-1
766,592,703,257,64,60,1,-1,-1,-1
767,592,703,257,64,61,1,-1,-1,-1
768,592,703,258,64,60,1,-1,-1,-1
769,592,703,258,64,60,1,-1,-1,-1
770,592,703,265,75,53,1,-1,-1,-1
771,592,703,265,75,54,1,-1,-1,-1
772,592,703,265,75,53,1,-1,-1,-1
773,592,703,258,64,59,1,-1,-1,-1
774,592,704,258,64,58,1,-1,-1,-1
775,592,703,266,74,53,1,-1,-1,-1
776,592,703,265,75,53,1,-1,-1,-1
777,592,702,255,62,60,1,-1,-1,-1
778,592,702,255,62,59,1,-1,-1,-1
779,592,702,255,61,59,1,-1,-1,-1
780,592,703,258,65,58,1,-1,-1,-1
781,592,703,255,61,59,1,-1,-1,-1
782,592,703,255,61,60,1,-1,-1,-1
783,592,703,255,61,60,1,-1,-1,-1
784,592,702,255,62,60,1,-1,-1,-1
785,592,703,255,62,57,1,-1,-1,-1
786,592,703,255,62,58,1,-1,-1,-1
787,592,703,255,63,59,1,-1,-1,-1
788,592,703,255,63,58,1,-1,-1,-1
789,592,703,255,62,59,1,-1,-1,-1
790,592,703,255,62,58,1,-1,-1,-1
791,592,703,255,63,58,1,-1,-1,-1
792,592,703,255,62,57,1,-1,-1,-1
793,592,703,256,61,59,1,-1,-1,-1
794,592,703,257,61,58,1,-1,-1,-1
795,592,703,256,61,58,1,-1,-1,-1
796,592,703,256,61,59,1,-1,-1,-1
797,592,703,256,61,60,1,-1,-1,-1
798,592,703,257,63,58,1,-1,-1,-1
799,592,702,256,61,59,1,-1,-1,-1
800,592,702,256,61,59,1,-1,-1,-1
801,592,702,255,60,58,1,-1,-1,-1
802,592,702,255,60,58,1,-1,-1,-1
803,592,702,255,60,59,1,-1,-1,-1
804,592,702,255,60,58,1,-1,-1,-1
805,592,702,255,60,57,1,-1,-1,-1
806,592,702,255,60,55,1,-1,-1,-1
807,592,702,255,59,56,1,-1,-1,-1
808,592,702,255,59,55,1,-1,-1,-1
809,592,702,255,59,54,1,-1,-1,-1
810,592,702,255,59,54,1,-1,-1,-1
811,592,702,255,59,55,1,-1,-1,-1
812,592,702,255,60,58,1,-1,-1,-1
813,592,702,255,59,55,1,-1,-1,-1
814,592,702,255,59,55,1,-1,-1,-1
815,592,702,255,59,54,1,-1,-1,-1
816,592,702,255,59,54,1,-1,-1,-1
817,592,703,255,58,27,1,-1,-1,-1
818,592,703,255,58,27,1,-1,-1,-1
819,592,703,255,58,28,1,-1,-1,-1
821,592,702,255,58,27,1,-1,-1,-1
805,597,702,262,73,52,1,-1,-1,-1
806,597,702,263,74,51,1,-1,-1,-1
807,597,702,262,74,52,1,-1,-1,-1
817,597,703,261,66,49,1,-1,-1,-1
818,597,703,261,67,49,1,-1,-1,-1
819,597,703,260,66,49,1,-1,-1,-1
820,597,702,255,62,52,1,-1,-1,-1
821,597,703,260,66,50,1,-1,-1,-1
822,597,702,255,62,52,1,-1,-1,-1
823,597,702,254,62,53,1,-1,-1,-1
824,597,702,255,62,53,1,-1,-1,-1
825,597,702,255,60,55,1,-1,-1,-1
826,597,702,255,60,55,1,-1,-1,-1
827,597,702,255,60,55,1,-1,-1,-1
828,597,702,255,61,54,1,-1,-1,-1
829,597,702,255,60,55,1,-1,-1,-1
830,597,702,255,60,55,1,-1,-1,-1
831,597,702,255,60,55,1,-1,-1,-1
832,597,702,255,60,55,1,-1,-1,-1
833,597,702,255,61,52,1,-1,-1,-1
834,597,702,255,61,52,1,-1,-1,-1
835,597,702,255,61,52,1,-1,-1,-1
836,597,702,255,61,52,1,-1,-1,-1
837,597,702,255,60,50,1,-1,-1,-1
838,597,702,255,60,51,1,-1,-1,-1
839,597,702,255,60,52,1,-1,-1,-1
840,597,702,255,60,52,1,-1,-1,-1
841,597,702,256,59,32,1,-1,-1,-1
842,597,702,256,59,33,1,-1,-1,-1
843,597,702,256,59,34,1,-1,-1,-1
844,597,702,255,61,51,1,-1,-1,-1
845,597,702,255,61,52,1,-1,-1,-1
846,597,702,255,61,52,1,-1,-1,-1
847,597,702,255,61,52,1,-1,-1,-1
848,597,702,255,61,52,1,-1,-1,-1
849,597,703,259,65,51,1,-1,-1,-1
850,597,703,260,65,49,1,-1,-1,-1
851,597,703,258,65,51,1,-1,-1,-1
852,597,703,258,65,51,1,-1,-1,-1
853,597,703,258,64,51,1,-1,-1,-1
854,597,703,258,64,50,1,-1,-1,-1
855,597,703,258,64,51,1,-1,-1,-1
856,597,703,258,64,51,1,-1,-1,-1
857,597,703,257,64,53,1,-1,-1,-1
858,597,702,255,60,49,1,-1,-1,-1
859,597,702,255,60,49,1,-1,-1,-1
860,597,702,255,59,48,1,-1,-1,-1
861,597,702,255,60,49,1,-1,-1,-1
862,597,702,255,59,50,1,-1,-1,-1
863,597,702,255,59,51,1,-1,-1,-1
864,597,702,255,59,51,1,-1,-1,-1
865,597,702,255,62,50,1,-1,-1,-1
866,597,702,255,62,49,1,-1,-1,-1
867,597,702,255,62,50,1,-1,-1,-1
868,597,702,254,62,50,1,-1,-1,-1
869,597,702,254,62,50,1,-1,-1,-1
870,597,702,254,62,50,1,-1,-1,-1
871,597,702,254,62,51,1,-1,-1,-1
872,597,702,254,63,50,1,-1,-1,-1
873,597,702,255,60,51,1,-1,-1,-1
874,597,702,255,61,51,1,-1,-1,-1
875,597,702,255,61,51,1,-1,-1,-1
876,597,702,255,61,51,1,-1,-1,-1
877,597,702,255,60,51,1,-1,-1,-1
878,597,702,255,60,51,1,-1,-1,-1
879,597,702,255,60,51,1,-1,-1,-1
880,597,702,255,60,51,1,-1,-1,-1
881,597,702,255,61,52,1,-1,-1,-1
882,597,702,255,61,52,1,-1,-1,-1
883,597,702,255,61,52,1,-1,-1,-1
884,597,702,255,61,52,1,-1,-1,-1
885,597,702,255,61,52,1,-1,-1,-1
886,597,702,255,61,52,1,-1,-1,-1
887,597,702,255,61,52,1,-1,-1,-1
888,597,702,255,61,51,1,-1,-1,-1
889,597,702,255,59,33,1,-1,-1,-1
890,597,702,255,59,32,1,-1,-1,-1
891,597,702,255,59,32,1,-1,-1,-1
892,597,702,255,59,33,1,-1,-1,-1
893,597,702,255,59,33,1,-1,-1,-1
894,597,702,255,59,33,1,-1,-1,-1
895,597,702,255,59,33,1,-1,-1,-1
896,597,702,255,59,33,1,-1,-1,-1
897,597,702,255,61,49,1,-1,-1,-1
898,597,702,255,61,50,1,-1,-1,-1
899,597,702,255,61,50,1,-1,-1,-1
900,597,702,255,61,50,1,-1,-1,-1
901,597,702,255,62,50,1,-1,-1,-1
902,597,702,255,62,50,1,-1,-1,-1
903,597,702,255,62,50,1,-1,-1,-1
904,597,702,255,62,50,1,-1,-1,-1
905,597,702,255,62,49,1,-1,-1,-1
906,597,702,255,62,49,1,-1,-1,-1
907,597,702,255,62,50,1,-1,-1,-1
908,597,702,255,62,50,1,-1,-1,-1
909,597,702,255,62,50,1,-1,-1,-1
910,597,702,255,62,49,1,-1,-1,-1
911,597,702,255,62,50,1,-1,-1,-1
912,597,702,255,62,50,1,-1,-1,-1
913,597,702,254,63,53,1,-1,-1,-1
914,597,702,254,63,53,1,-1,-1,-1
915,597,702,254,63,53,1,-1,-1,-1
916,597,702,254,63,53,1,-1,-1,-1
917,597,702,254,63,53,1,-1,-1,-1
918,597,702,254,63,53,1,-1,-1,-1
919,597,702,254,63,53,1,-1,-1,-1
920,597,702,254,63,53,1,-1,-1,-1
921,597,702,255,61,52,1,-1,-1,-1
922,597,702,255,61,52,1,-1,-1,-1
923,597,702,255,61,52,1,-1,-1,-1
924,597,702,255,61,52,1,-1,-1,-1
925,597,702,255,61,52,1,-1,-1,-1
926,597,702,255,61,52,1,-1,-1,-1
927,597,702,255,61,52,1,-1,-1,-1
928,597,702,255,61,52,1,-1,-1,-1
929,597,702,254,62,53,1,-1,-1,-1
930,597,702,255,62,53,1,-1,-1,-1
931,597,702,255,62,52,1,-1,-1,-1
932,597,702,255,62,52,1,-1,-1,-1
933,597,702,255,62,52,1,-1,-1,-1
934,597,702,255,62,51,1,-1,-1,-1
935,597,702,255,61,51,1,-1,-1,-1
936,597,702,255,61,52,1,-1,-1,-1
937,597,702,255,62,53,1,-1,-1,-1
938,597,702,256,62,52,1,-1,-1,-1
939,597,702,256,62,52,1,-1,-1,-1
940,597,702,256,62,52,1,-1,-1,-1
941,597,702,256,62,52,1,-1,-1,-1
942,597,702,256,62,52,1,-1,-1,-1
943,597,702,255,62,53,1,-1,-1,-1
944,597,702,255,62,53,1,-1,-1,-1
945,597,702,255,61,52,1,-1,-1,-1
946,597,702,255,61,51,1,-1,-1,-1
947,597,702,255,61,51,1,-1,-1,-1
948,597,702,255,61,51,1,-1,-1,-1
949,597,702,254,61,52,1,-1,-1,-1
950,597,702,254,61,51,1,-1,-1,-1
951,597,702,254,61,51,1,-1,-1,-1
952,597,702,254,61,52,1,-1,-1,-1
953,597,702,254,62,52,1,-1,-1,-1
954,597,702,254,62,52,1,-1,-1,-1
955,597,702,254,62,52,1,-1,-1,-1
956,597,702,254,62,52,1,-1,-1,-1
957,597,702,254,62,52,1,-1,-1,-1
958,597,702,254,62,52,1,-1,-1,-1
959,597,702,254,62,53,1,-1,-1,-1
960,597,702,254,62,52,1,-1,-1,-1
961,597,702,255,61,52,1,-1,-1,-1
962,597,702,255,61,52,1,-1,-1,-1
963,597,702,255,61,52,1,-1,-1,-1
964,597,702,255,61,52,1,-1,-1,-1
965,597,702,255,60,52,1,-1,-1,-1
966,597,702,255,60,52,1,-1,-1,-1
967,597,702,255,61,52,1,-1,-1,-1
968,597,702,255,61,52,1,-1,-1,-1
969,597,702,255,62,51,1,-1,-1,-1
970,597,702,255,62,51,1,-1,-1,-1
971,597,702,255,61,51,1,-1,-1,-1
972,597,702,255,61,51,1,-1,-1,-1
973,597,702,256,61,51,1,-1,-1,-1
974,597,702,256,61,51,1,-1,-1,-1
975,597,702,255,61,51,1,-1,-1,-1
976,597,702,255,61,51,1,-1,-1,-1
977,597,702,255,62,51,1,-1,-1,-1
978,597,702,255,61,51,1,-1,-1,-1
979,597,702,255,61,51,1,-1,-1,-1
980,597,702,255,61,51,1,-1,-1,-1
981,597,702,255,61,51,1,-1,-1,-1
982,597,702,255,61,51,1,-1,-1,-1
983,597,702,255,61,51,1,-1,-1,-1
984,597,702,255,61,51,1,-1,-1,-1
985,597,702,256,60,52,1,-1,-1,-1
986,597,702,256,60,52,1,-1,-1,-1
987,597,702,256,60,52,1,-1,-1,-1
988,597,702,256,60,52,1,-1,-1,-1
989,597,702,256,60,51,1,-1,-1,-1
990,597,702,256,60,51,1,-1,-1,-1
991,597,702,256,60,51,1,-1,-1,-1
992,597,702,256,60,51,1,-1,-1,-1
993,597,702,256,61,52,1,-1,-1,-1
994,597,702,256,60,52,1,-1,-1,-1
995,597,702,256,61,52,1,-1,-1,-1
996,597,702,256,60,52,1,-1,-1,-1
997,597,702,255,61,51,1,-1,-1,-1
998,597,702,255,61,51,1,-1,-1,-1
999,597,702,255,61,51,1,-1,-1,-1
1000,597,702,255,61,51,1,-1,-1,-1
1001,597,702,256,61,53,1,-1,-1,-1
1002,597,702,256,61,53,1,-1,-1,-1
1003,597,702,256,61,53,1,-1,-1,-1
1004,597,702,256,61,53,1,-1,-1,-1
1005,597,702,256,61,53,1,-1,-1,-1
1006,597,702,256,61,53,1,-1,-1,-1
1007,597,702,256,61,53,1,-1,-1,-1
1008,597,702,256,61,53,1,-1,-1,-1
1009,597,702,256,62,52,1,-1,-1,-1
1010,597,702,256,62,52,1,-1,-1,-1
1011,597,702,256,62,52,1,-1,-1,-1
1012,597,702,256,62,52,1,-1,-1,-1
1013,597,702,256,62,52,1,-1,-1,-1
1014,597,702,256,62,52,1,-1,-1,-1
1015,597,702,256,62,52,1,-1,-1,-1
1016,597,702,256,62,52,1,-1,-1,-1
1017,597,702,255,62,54,1,-1,-1,-1
1018,597,702,255,62,54,1,-1,-1,-1
1019,597,702,255,62,54,1,-1,-1,-1
1020,597,702,255,62,54,1,-1,-1,-1
1021,597,702,255,60,54,1,-1,-1,-1
1022,597,702,255,61,54,1,-1,-1,-1
1023,597,702,255,61,55,1,-1,-1,-1
1024,597,702,255,61,54,1,-1,-1,-1
1025,597,702,255,62,51,1,-1,-1,-1
1026,597,702,255,62,52,1,-1,-1,-1
1027,597,702,255,62,52,1,-1,-1,-1
1028,597,702,255,62,52,1,-1,-1,-1
1029,597,702,255,62,52,1,-1,-1,-1
1030,597,702,255,62,51,1,-1,-1,-1
1031,597,702,255,62,52,1,-1,-1,-1
1032,597,702,255,62,52,1,-1,-1,-1
1033,597,702,255,61,53,1,-1,-1,-1
1034,597,702,254,61,53,1,-1,-1,-1
1035,597,702,254,61,53,1,-1,-1,-1
1036,597,702,254,61,53,1,-1,-1,-1
1037,597,702,254,61,53,1,-1,-1,-1
1038,597,702,254,61,53,1,-1,-1,-1
1039,597,702,254,61,53,1,-1,-1,-1
1040,597,702,254,61,53,1,-1,-1,-1
1041,597,702,255,62,52,1,-1,-1,-1
1042,597,702,255,62,52,1,-1,-1,-1
1043,597,702,255,62,52,1,-1,-1,-1
1044,597,702,255,63,52,1,-1,-1,-1
1049,597,702,256,61,54,1,-1,-1,-1
1050,597,702,256,61,54,1,-1,-1,-1
1051,597,702,256,61,54,1,-1,-1,-1
1052,597,702,256,61,54,1,-1,-1,-1
1053,597,702,256,61,54,1,-1,-1,-1
1054,597,702,256,61,54,1,-1,-1,-1
1055,597,702,256,61,54,1,-1,-1,-1
1056,597,702,256,61,54,1,-1,-1,-1
1057,597,702,255,63,53,1,-1,-1,-1
1058,597,702,255,63,53,1,-1,-1,-1
1059,597,702,255,63,53,1,-1,-1,-1
1060,597,702,255,63,53,1,-1,-1,-1
1061,597,702,255,63,53,1,-1,-1,-1
1062,597,702,255,63,53,1,-1,-1,-1
1063,597,702,255,63,53,1,-1,-1,-1
1064,597,702,255,62,53,1,-1,-1,-1
1065,597,702,255,62,54,1,-1,-1,-1
1066,597,702,255,63,54,1,-1,-1,-1
1067,597,702,255,63,54,1,-1,-1,-1
1068,597,702,255,63,54,1,-1,-1,-1
1069,597,702,255,62,54,1,-1,-1,-1
1070,597,702,255,62,53,1,-1,-1,-1
1071,597,702,255,62,53,1,-1,-1,-1
1072,597,702,255,62,53,1,-1,-1,-1
1073,597,702,255,62,52,1,-1,-1,-1
1074,597,702,255,61,52,1,-1,-1,-1
1075,597,702,255,62,52,1,-1,-1,-1
1076,597,702,255,61,52,1,-1,-1,-1
1077,597,702,255,62,52,1,-1,-1,-1
1078,597,702,255,62,52,1,-1,-1,-1
1079,597,702,255,61,51,1,-1,-1,-1
1080,597,702,255,62,51,1,-1,-1,-1
1081,597,702,255,60,52,1,-1,-1,-1
1082,597,702,255,60,52,1,-1,-1,-1
1083,597,702,255,60,52,1,-1,-1,-1
1084,597,702,255,60,52,1,-1,-1,-1
1085,597,702,255,60,52,1,-1,-1,-1
1086,597,702,255,60,52,1,-1,-1,-1
1087,597,702,255,60,52,1,-1,-1,-1
1088,597,702,255,60,52,1,-1,-1,-1
1089,597,702,255,61,53,1,-1,-1,-1
1090,597,702,255,61,53,1,-1,-1,-1
1091,597,702,255,60,53,1,-1,-1,-1
1092,597,702,255,60,53,1,-1,-1,-1
1093,597,702,255,61,52,1,-1,-1,-1
1094,597,702,255,61,52,1,-1,-1,-1
1095,597,702,256,61,52,1,-1,-1,-1
1096,597,702,256,61,52,1,-1,-1,-1
1097,597,702,256,61,53,1,-1,-1,-1
1098,597,702,256,61,53,1,-1,-1,-1
1099,597,702,256,61,53,1,-1,-1,-1
1100,597,702,256,61,53,1,-1,-1,-1
1101,597,702,256,61,53,1,-1,-1,-1
1102,597,702,256,61,52,1,-1,-1,-1
1103,597,702,256,61,52,1,-1,-1,-1
1104,597,702,256,61,52,1,-1,-1,-1
1105,597,702,254,60,52,1,-1,-1,-1
1106,597,702,254,60,52,1,-1,-1,-1
1107,597,702,254,60,52,1,-1,-1,-1
1108,597,702,254,60,52,1,-1,-1,-1
1109,597,702,254,60,52,1,-1,-1,-1
1110,597,702,254,60,52,1,-1,-1,-1
1111,597,702,254,60,53,1,-1,-1,-1
1112,597,702,254,60,53,1,-1,-1,-1
1113,597,702,254,61,53,1,-1,-1,-1
1114,597,702,254,61,53,1,-1,-1,-1
1115,597,702,254,61,53,1,-1,-1,-1
1116,597,702,254,61,55,1,-1,-1,-1
1117,597,702,254,61,54,1,-1,-1,-1
1118,597,702,254,61,53,1,-1,-1,-1
1119,597,702,254,61,52,1,-1,-1,-1
1120,597,702,254,61,52,1,-1,-1,-1
1121,597,702,254,60,52,1,-1,-1,-1
1122,597,702,254,60,52,1,-1,-1,-1
1123,597,702,254,60,52,1,-1,-1,-1
1124,597,702,254,60,51,1,-1,-1,-1
1125,597,702,254,61,52,1,-1,-1,-1
1126,597,702,254,61,52,1,-1,-1,-1
1127,597,702,254,61,52,1,-1,-1,-1
1128,597,702,254,61,53,1,-1,-1,-1
1129,597,702,257,61,50,1,-1,-1,-1
1130,597,702,257,61,50,1,-1,-1,-1
1131,597,702,257,61,50,1,-1,-1,-1
1132,597,702,257,61,49,1,-1,-1,-1
1133,597,702,258,61,49,1,-1,-1,-1
1134,597,702,258,61,49,1,-1,-1,-1
1135,597,702,258,61,49,1,-1,-1,-1
1136,597,702,258,61,49,1,-1,-1,-1
1137,597,702,256,59,51,1,-1,-1,-1
1138,597,702,256,59,51,1,-1,-1,-1
1139,597,702,256,59,51,1,-1,-1,-1
1140,597,702,256,59,51,1,-1,-1,-1
1141,597,702,255,59,52,1,-1,-1,-1
1142,597,702,255,59,52,1,-1,-1,-1
1143,597,702,255,59,51,1,-1,-1,-1
1144,597,702,255,59,51,1,-1,-1,-1
1145,597,702,256,59,52,1,-1,-1,-1
1146,597,702,256,59,52,1,-1,-1,-1
1147,597,702,256,59,52,1,-1,-1,-1
1148,597,702,256,60,53,1,-1,-1,-1
1149,597,702,256,60,52,1,-1,-1,-1
1150,597,702,256,60,52,1,-1,-1,-1
1151,597,702,256,60,52,1,-1,-1,-1
1152,597,702,256,60,52,1,-1,-1,-1
1153,597,702,255,61,53,1,-1,-1,-1
1154,597,702,255,61,53,1,-1,-1,-1
1155,597,702,255,61,54,1,-1,-1,-1
1156,597,702,255,61,54,1,-1,-1,-1
1157,597,702,255,61,54,1,-1,-1,-1
1158,597,702,255,61,54,1,-1,-1,-1
1159,597,702,255,61,54,1,-1,-1,-1
1160,597,702,255,62,54,1,-1,-1,-1
1161,597,702,255,60,52,1,-1,-1,-1
1162,597,702,255,60,52,1,-1,-1,-1
1163,597,702,255,60,52,1,-1,-1,-1
1164,597,702,255,60,52,1,-1,-1,-1
1165,597,702,256,59,52,1,-1,-1,-1
1166,597,702,256,59,52,1,-1,-1,-1
1167,597,702,256,59,52,1,-1,-1,-1
1168,597,702,256,59,52,1,-1,-1,-1
1169,597,702,255,62,50,1,-1,-1,-1
1170,597,702,255,62,50,1,-1,-1,-1
1171,597,702,255,62,50,1,-1,-1,-1
1172,597,702,255,62,51,1,-1,-1,-1
1173,597,702,255,62,51,1,-1,-1,-1
1174,597,702,255,62,51,1,-1,-1,-1
1175,597,702,255,62,51,1,-1,-1,-1
1176,597,702,255,62,51,1,-1,-1,-1
1177,597,702,255,60,52,1,-1,-1,-1
1178,597,702,255,60,53,1,-1,-1,-1
1179,597,702,254,60,51,1,-1,-1,-1
1180,597,702,255,60,52,1,-1,-1,-1
1181,597,702,255,60,52,1,-1,-1,-1
1182,597,702,255,60,52,1,-1,-1,-1
1183,597,702,255,60,51,1,-1,-1,-1
1184,597,702,255,60,52,1,-1,-1,-1
1185,597,702,255,61,53,1,-1,-1,-1
1186,597,702,255,61,53,1,-1,-1,-1
1187,597,702,254,61,53,1,-1,-1,-1
1188,597,702,254,61,53,1,-1,-1,-1
1189,597,702,255,61,53,1,-1,-1,-1
1190,597,702,255,61,53,1,-1,-1,-1
1191,597,702,255,61,53,1,-1,-1,-1
1192,597,702,255,61,53,1,-1,-1,-1
1193,597,702,255,61,51,1,-1,-1,-1
1194,597,702,255,61,52,1,-1,-1,-1
1195,597,702,255,61,52,1,-1,-1,-1
1196,597,702,255,61,51,1,-1,-1,-1
1197,597,702,255,61,52,1,-1,-1,-1
1198,597,702,255,61,52,1,-1,-1,-1
1199,597,702,255,61,52,1,-1,-1,-1
1200,597,702,255,61,52,1,-1,-1,-1
1201,597,702,254,61,50,1,-1,-1,-1
1202,597,702,254,61,50,1,-1,-1,-1
1203,597,702,254,61,50,1,-1,-1,-1
1204,597,702,254,61,50,1,-1,-1,-1
1205,597,702,254,61,50,1,-1,-1,-1
1206,597,702,254,61,50,1,-1,-1,-1
1207,597,702,254,61,50,1,-1,-1,-1
1208,597,702,254,61,50,1,-1,-1,-1
1209,597,702,254,61,52,1,-1,-1,-1
1210,597,702,254,61,52,1,-1,-1,-1
1211,597,702,254,61,52,1,-1,-1,-1
1212,597,702,253,61,52,1,-1,-1,-1
1213,597,702,253,61,52,1,-1,-1,-1
1214,597,702,253,61,52,1,-1,-1,-1
1215,597,702,253,61,52,1,-1,-1,-1
1216,597,702,253,61,52,1,-1,-1,-1
1217,597,702,253,61,50,1,-1,-1,-1
1218,597,702,253,61,50,1,-1,-1,-1
1219,597,702,253,61,50,1,-1,-1,-1
1220,597,702,253,61,50,1,-1,-1,-1
1221,597,702,253,61,50,1,-1,-1,-1
1222,597,702,253,61,50,1,-1,-1,-1
1223,597,702,253,61,50,1,-1,-1,-1
1224,597,702,253,61,49,1,-1,-1,-1
1225,597,702,253,62,52,1,-1,-1,-1
1226,597,702,253,62,52,1,-1,-1,-1
1227,597,702,253,62,52,1,-1,-1,-1
1228,597,702,253,62,52,1,-1,-1,-1
1229,597,702,253,62,52,1,-1,-1,-1
1230,597,702,253,62,52,1,-1,-1,-1
1231,597,702,253,62,52,1,-1,-1,-1
1232,597,702,253,62,52,1,-1,-1,-1
1233,597,702,254,60,52,1,-1,-1,-1
1234,597,702,254,60,51,1,-1,-1,-1
1235,597,702,254,60,51,1,-1,-1,-1
1236,597,702,254,60,51,1,-1,-1,-1
1237,597,702,254,60,51,1,-1,-1,-1
1238,597,702,254,60,51,1,-1,-1,-1
1239,597,702,254,60,51,1,-1,-1,-1
1240,597,702,254,60,51,1,-1,-1,-1
1241,597,702,254,60,50,1,-1,-1,-1
1242,597,702,254,60,50,1,-1,-1,-1
1243,597,702,254,60,49,1,-1,-1,-1
1244,597,702,254,60,50,1,-1,-1,-1
1245,597,702,254,60,49,1,-1,-1,-1
1246,597,702,254,60,49,1,-1,-1,-1
1247,597,702,254,60,49,1,-1,-1,-1
1248,597,702,254,60,49,1,-1,-1,-1
1249,597,702,254,61,51,1,-1,-1,-1
1250,597,702,254,61,51,1,-1,-1,-1
1251,597,702,254,60,52,1,-1,-1,-1
1252,597,702,254,60,52,1,-1,-1,-1
1253,597,702,254,60,52,1,-1,-1,-1
1254,597,702,254,60,52,1,-1,-1,-1
1255,597,702,254,60,52,1,-1,-1,-1
1256,597,702,254,60,52,1,-1,-1,-1
1257,597,702,254,60,50,1,-1,-1,-1
1258,597,702,254,60,50,1,-1,-1,-1
1259,597,702,254,60,51,1,-1,-1,-1
1260,597,702,254,61,50,1,-1,-1,-1
1261,597,702,254,60,48,1,-1,-1,-1
1262,597,702,254,60,48,1,-1,-1,-1
1263,597,702,254,60,48,1,-1,-1,-1
1264,597,702,254,60,48,1,-1,-1,-1
1265,597,702,253,58,35,1,-1,-1,-1
1266,597,702,253,58,36,1,-1,-1,-1
1267,597,702,253,58,36,1,-1,-1,-1
1268,597,702,253,58,36,1,-1,-1,-1
1269,597,702,253,58,36,1,-1,-1,-1
1270,597,702,253,58,36,1,-1,-1,-1
1271,597,702,253,58,36,1,-1,-1,-1
1272,597,702,253,58,36,1,-1,-1,-1
1273,597,702,255,59,51,1,-1,-1,-1
1274,597,702,255,59,51,1,-1,-1,-1
1275,597,702,255,59,50,1,-1,-1,-1
1276,597,702,255,60,51,1,-1,-1,-1
1277,597,702,255,59,51,1,-1,-1,-1
1278,597,702,255,60,51,1,-1,-1,-1
1279,597,702,255,60,51,1,-1,-1,-1
1280,597,702,255,60,51,1,-1,-1,-1
1281,597,702,254,61,50,1,-1,-1,-1
1282,597,702,254,61,51,1,-1,-1,-1
1283,597,702,254,61,51,1,-1,-1,-1
1284,597,702,254,61,50,1,-1,-1,-1
1285,597,702,254,61,50,1,-1,-1,-1
1286,597,702,254,61,50,1,-1,-1,-1
1287,597,702,254,61,50,1,-1,-1,-1
1288,597,702,254,61,50,1,-1,-1,-1
1289,597,702,254,60,51,1,-1,-1,-1
1290,597,702,254,60,51,1,-1,-1,-1
1291,597,702,254,60,51,1,-1,-1,-1
1292,597,702,254,60,50,1,-1,-1,-1
1293,597,702,254,60,51,1,-1,-1,-1
1294,597,702,254,60,51,1,-1,-1,-1
1295,597,702,254,60,51,1,-1,-1,-1
1296,597,702,254,60,51,1,-1,-1,-1
1297,597,702,252,61,53,1,-1,-1,-1
1298,597,702,252,61,54,1,-1,-1,-1
1299,597,702,252,61,54,1,-1,-1,-1
1300,597,702,252,61,54,1,-1,-1,-1
1301,597,702,252,61,54,1,-1,-1,-1
1302,597,702,252,61,54,1,-1,-1,-1
1303,597,702,252,61,54,1,-1,-1,-1
1304,597,702,252,61,54,1,-1,-1,-1
1305,597,702,253,60,51,1,-1,-1,-1
1306,597,702,253,60,52,1,-1,-1,-1
1307,597,702,253,60,52,1,-1,-1,-1
1308,597,702,253,60,52,1,-1,-1,-1
1309,597,702,254,60,50,1,-1,-1,-1
1310,597,702,254,60,50,1,-1,-1,-1
1311,597,702,254,60,50,1,-1,-1,-1
1312,597,702,254,60,50,1,-1,-1,-1
1313,597,702,255,60,51,1,-1,-1,-1
1314,597,702,255,60,51,1,-1,-1,-1
1315,597,702,255,60,51,1,-1,-1,-1
1316,597,702,255,60,51,1,-1,-1,-1
1317,597,702,255,60,51,1,-1,-1,-1
1318,597,702,255,60,51,1,-1,-1,-1
1319,597,702,255,60,51,1,-1,-1,-1
1320,597,702,255,60,51,1,-1,-1,-1
1321,597,702,255,60,52,1,-1,-1,-1
1322,597,702,255,60,52,1,-1,-1,-1
1323,597,702,255,60,52,1,-1,-1,-1
1324,597,702,255,60,52,1,-1,-1,-1
1325,597,702,255,60,52,1,-1,-1,-1
1326,597,702,255,60,52,1,-1,-1,-1
1327,597,702,255,60,52,1,-1,-1,-1
1328,597,702,255,60,52,1,-1,-1,-1
1329,597,702,254,60,53,1,-1,-1,-1
1330,597,702,254,60,52,1,-1,-1,-1
1331,597,702,254,60,52,1,-1,-1,-1
1332,597,702,254,60,53,1,-1,-1,-1
1333,597,702,254,60,51,1,-1,-1,-1
1334,597,702,254,60,51,1,-1,-1,-1
1335,597,702,254,60,50,1,-1,-1,-1
1336,597,702,254,60,50,1,-1,-1,-1
1337,597,702,253,60,51,1,-1,-1,-1
1338,597,702,253,60,51,1,-1,-1,-1
1339,597,702,253,60,51,1,-1,-1,-1
1340,597,702,253,60,51,1,-1,-1,-1
1341,597,702,253,60,51,1,-1,-1,-1
1342,597,702,253,60,50,1,-1,-1,-1
1343,597,702,253,60,51,1,-1,-1,-1
1344,597,702,253,60,51,1,-1,-1,-1
1345,597,702,255,60,51,1,-1,-1,-1
1346,597,702,255,60,51,1,-1,-1,-1
1347,597,702,255,60,51,1,-1,-1,-1
1348,597,702,255,60,51,1,-1,-1,-1
1349,597,702,255,60,51,1,-1,-1,-1
1350,597,702,255,60,51,1,-1,-1,-1
1351,597,702,255,60,51,1,-1,-1,-1
1352,597,702,255,60,51,1,-1,-1,-1
1353,597,702,254,61,54,1,-1,-1,-1
1354,597,702,254,61,53,1,-1,-1,-1
1355,597,702,254,61,54,1,-1,-1,-1
1356,597,702,254,61,54,1,-1,-1,-1
1357,597,702,255,61,52,1,-1,-1,-1
1358,597,702,255,61,52,1,-1,-1,-1
1359,597,702,255,61,52,1,-1,-1,-1
1360,597,702,255,61,52,1,-1,-1,-1
1361,597,702,254,62,52,1,-1,-1,-1
1362,597,702,254,62,52,1,-1,-1,-1
1363,597,702,254,62,52,1,-1,-1,-1
1364,597,702,254,62,52,1,-1,-1,-1
1365,597,702,254,62,52,1,-1,-1,-1
1366,597,702,254,62,52,1,-1,-1,-1
1367,597,702,254,62,52,1,-1,-1,-1
1368,597,702,254,62,52,1,-1,-1,-1
1369,597,702,254,61,53,1,-1,-1,-1
1370,597,702,254,61,53,1,-1,-1,-1
1371,597,702,254,61,53,1,-1,-1,-1
1372,597,702,254,61,53,1,-1,-1,-1
1373,597,702,254,61,53,1,-1,-1,-1
1374,597,702,254,61,53,1,-1,-1,-1
1375,597,702,254,61,53,1,-1,-1,-1
1376,597,702,254,61,53,1,-1,-1,-1
1377,597,702,254,60,51,1,-1,-1,-1
1378,597,702,254,60,51,1,-1,-1,-1
1379,597,702,254,60,51,1,-1,-1,-1
1380,597,702,254,60,51,1,-1,-1,-1
1381,597,703,256,64,53,1,-1,-1,-1
1382,597,703,256,64,53,1,-1,-1,-1
1383,597,703,256,64,53,1,-1,-1,-1
1384,597,703,256,64,53,1,-1,-1,-1
1385,597,702,254,60,51,1,-1,-1,-1
1386,597,702,254,60,51,1,-1,-1,-1
1387,597,702,254,60,51,1,-1,-1,-1
1388,597,702,254,60,51,1,-1,-1,-1
1389,597,702,254,60,51,1,-1,-1,-1
1390,597,702,254,60,51,1,-1,-1,-1
1391,597,702,253,60,51,1,-1,-1,-1
1392,597,702,253,60,51,1,-1,-1,-1
1393,597,702,253,61,52,1,-1,-1,-1
1394,597,702,253,61,52,1,-1,-1,-1
1395,597,702,253,61,52,1,-1,-1,-1
1396,597,702,253,61,52,1,-1,-1,-1
1397,597,702,253,61,51,1,-1,-1,-1
1398,597,702,253,61,52,1,-1,-1,-1
1399,597,702,253,61,51,1,-1,-1,-1
1400,597,702,253,61,51,1,-1,-1,-1
1401,597,702,254,61,51,1,-1,-1,-1
1402,597,702,253,61,51,1,-1,-1,-1
1403,597,702,254,61,51,1,-1,-1,-1
1404,597,702,254,61,51,1,-1,-1,-1
1405,597,702,253,61,51,1,-1,-1,-1
1406,597,702,253,61,51,1,-1,-1,-1
1407,597,702,253,61,50,1,-1,-1,-1
1408,597,702,253,61,50,1,-1,-1,-1
1409,597,702,253,61,52,1,-1,-1,-1
1410,597,702,253,61,52,1,-1,-1,-1
1411,597,702,253,61,52,1,-1,-1,-1
1412,597,702,253,61,53,1,-1,-1,-1
1413,597,702,253,61,53,1,-1,-1,-1
1414,597,702,253,61,53,1,-1,-1,-1
1415,597,702,253,61,53,1,-1,-1,-1
1416,597,702,253,61,53,1,-1,-1,-1
1417,597,702,253,60,52,1,-1,-1,-1
1418,597,702,253,60,52,1,-1,-1,-1
1419,597,702,253,60,52,1,-1,-1,-1
1420,597,702,253,60,52,1,-1,-1,-1
1421,597,702,253,60,52,1,-1,-1,-1
1422,597,702,253,61,53,1,-1,-1,-1
1423,597,702,253,61,53,1,-1,-1,-1
1424,597,702,253,61,53,1,-1,-1,-1
1425,597,702,253,61,53,1,-1,-1,-1
1426,597,702,253,61,53,1,-1,-1,-1
1427,597,702,253,61,53,1,-1,-1,-1
1428,597,702,253,61,53,1,-1,-1,-1
1429,597,702,254,61,52,1,-1,-1,-1
1430,597,702,254,61,52,1,-1,-1,-1
1431,597,702,254,61,52,1,-1,-1,-1
1432,597,702,254,61,52,1,-1,-1,-1
1433,597,702,253,63,52,1,-1,-1,-1
1434,597,702,253,63,52,1,-1,-1,-1
1435,597,704,255,57,27,1,-1,-1,-1
1436,597,704,255,57,27,1,-1,-1,-1
1437,597,704,255,57,27,1,-1,-1,-1
828,598,398,290,131,58,1,-1,-1,-1
829,598,404,289,131,58,1,-1,-1,-1
830,598,412,288,128,59,1,-1,-1,-1
831,598,416,288,125,59,1,-1,-1,-1
832,598,422,287,122,60,1,-1,-1,-1
833,598,424,287,123,59,1,-1,-1,-1
834,598,428,287,121,59,1,-1,-1,-1
835,598,430,287,120,59,1,-1,-1,-1
836,598,432,286,120,59,1,-1,-1,-1
837,598,434,286,119,59,1,-1,-1,-1
838,598,435,286,119,60,1,-1,-1,-1
839,598,434,286,119,59,1,-1,-1,-1
840,598,434,286,119,59,1,-1,-1,-1
841,598,433,286,119,59,1,-1,-1,-1
842,598,433,287,118,59,1,-1,-1,-1
843,598,432,287,118,59,1,-1,-1,-1
844,598,431,288,116,58,1,-1,-1,-1
845,598,429,287,114,59,1,-1,-1,-1
846,598,427,288,112,58,1,-1,-1,-1
847,598,425,289,111,58,1,-1,-1,-1
848,598,424,290,107,57,1,-1,-1,-1
849,598,423,291,103,56,1,-1,-1,-1
850,598,423,291,98,57,1,-1,-1,-1
851,598,424,291,94,57,1,-1,-1,-1
852,598,424,292,90,58,1,-1,-1,-1
853,598,423,292,87,59,1,-1,-1,-1
854,598,425,293,82,58,1,-1,-1,-1
855,598,426,294,80,58,1,-1,-1,-1
856,598,428,295,78,58,1,-1,-1,-1
857,598,432,298,74,58,1,-1,-1,-1
858,598,433,298,74,58,1,-1,-1,-1
859,598,433,299,76,59,1,-1,-1,-1
860,598,434,300,77,58,1,-1,-1,-1
861,598,435,301,79,58,1,-1,-1,-1
862,598,436,302,81,60,1,-1,-1,-1
863,598,436,302,82,60,1,-1,-1,-1
864,598,439,303,82,61,1,-1,-1,-1
865,598,440,304,84,61,1,-1,-1,-1
866,598,441,304,85,62,1,-1,-1,-1
867,598,442,304,85,63,1,-1,-1,-1
868,598,447,304,82,64,1,-1,-1,-1
869,598,448,306,84,64,1,-1,-1,-1
870,598,447,307,87,64,1,-1,-1,-1
871,598,449,308,87,64,1,-1,-1,-1
872,598,451,310,88,64,1,-1,-1,-1
873,598,455,311,86,65,1,-1,-1,-1
874,598,457,312,87,65,1,-1,-1,-1
875,598,458,313,89,66,1,-1,-1,-1
876,598,459,314,90,66,1,-1,-1,-1
877,598,462,315,91,67,1,-1,-1,-1
878,598,463,316,92,68,1,-1,-1,-1
879,598,464,316,92,69,1,-1,-1,-1
880,598,468,317,92,69,1,-1,-1,-1
881,598,469,318,95,71,1,-1,-1,-1
882,598,472,319,94,71,1,-1,-1,-1
883,598,473,321,95,71,1,-1,-1,-1
884,598,474,323,97,71,1,-1,-1,-1
885,598,475,324,99,71,1,-1,-1,-1
886,598,477,324,100,74,1,-1,-1,-1
887,598,478,324,102,75,1,-1,-1,-1
888,598,481,324,102,78,1,-1,-1,-1
889,598,482,326,104,76,1,-1,-1,-1
890,598,484,328,104,77,1,-1,-1,-1
891,598,486,328,103,79,1,-1,-1,-1
892,598,487,329,105,79,1,-1,-1,-1
893,598,489,333,107,79,1,-1,-1,-1
894,598,490,334,108,80,1,-1,-1,-1
895,598,492,335,108,81,1,-1,-1,-1
896,598,493,337,110,82,1,-1,-1,-1
897,598,494,338,111,82,1,-1,-1,-1
898,598,496,340,111,84,1,-1,-1,-1
899,598,496,341,113,85,1,-1,-1,-1
900,598,498,342,114,86,1,-1,-1,-1
901,598,499,344,115,87,1,-1,-1,-1
902,598,500,346,116,88,1,-1,-1,-1
903,598,499,348,119,89,1,-1,-1,-1
904,598,500,350,120,90,1,-1,-1,-1
905,598,500,353,122,91,1,-1,-1,-1
906,598,501,355,123,92,1,-1,-1,-1
907,598,501,356,124,93,1,-1,-1,-1
908,598,502,358,125,95,1,-1,-1,-1
909,598,502,360,126,97,1,-1,-1,-1
910,598,501,363,128,97,1,-1,-1,-1
911,598,502,363,129,99,1,-1,-1,-1
912,598,501,367,132,100,1,-1,-1,-1
913,598,500,368,134,102,1,-1,-1,-1
914,598,499,371,137,103,1,-1,-1,-1
915,598,498,372,138,105,1,-1,-1,-1
916,598,497,375,139,107,1,-1,-1,-1
917,598,495,379,141,107,1,-1,-1,-1
918,598,491,381,144,110,1,-1,-1,-1
919,598,489,383,146,110,1,-1,-1,-1
920,598,484,386,147,111,1,-1,-1,-1
921,598,479,388,149,115,1,-1,-1,-1
922,598,473,391,151,116,1,-1,-1,-1
923,598,468,393,152,118,1,-1,-1,-1
924,598,462,396,154,120,1,-1,-1,-1
925,598,453,400,156,121,1,-1,-1,-1
926,598,444,403,160,123,1,-1,-1,-1
927,598,432,402,166,128,1,-1,-1,-1
928,598,421,405,170,131,1,-1,-1,-1
929,598,409,413,173,128,1,-1,-1,-1
930,598,396,417,177,130,1,-1,-1,-1
931,598,385,420,181,130,1,-1,-1,-1
932,598,373,422,184,134,1,-1,-1,-1
933,598,359,426,187,136,1,-1,-1,-1
934,598,346,429,189,139,1,-1,-1,-1
935,598,335,432,192,141,1,-1,-1,-1
936,598,321,436,196,143,1,-1,-1,-1
937,598,307,439,199,146,1,-1,-1,-1
938,598,296,444,201,148,1,-1,-1,-1
939,598,287,447,201,150,1,-1,-1,-1
940,598,275,450,204,152,1,-1,-1,-1
941,598,264,454,206,155,1,-1,-1,-1
942,598,254,458,207,157,1,-1,-1,-1
943,598,245,462,209,159,1,-1,-1,-1
944,598,236,467,210,160,1,-1,-1,-1
945,598,223,470,216,163,1,-1,-1,-1
946,598,213,475,218,162,1,-1,-1,-1
947,598,207,478,219,162,1,-1,-1,-1
948,598,195,482,222,165,1,-1,-1,-1
949,598,185,486,225,168,1,-1,-1,-1
950,598,178,491,227,170,1,-1,-1,-1
951,598,179,494,221,172,1,-1,-1,-1
952,598,171,498,223,175,1,-1,-1,-1
953,598,156,502,232,177,1,-1,-1,-1
954,598,161,506,222,180,1,-1,-1,-1
955,598,155,509,225,182,1,-1,-1,-1
956,598,147,514,228,183,1,-1,-1,-1
957,598,147,518,224,186,1,-1,-1,-1
958,598,141,520,225,189,1,-1,-1,-1
959,598,139,523,224,191,1,-1,-1,-1
960,598,136,524,223,197,1,-1,-1,-1
961,598,132,523,224,203,1,-1,-1,-1
962,598,126,532,228,198,1,-1,-1,-1
963,598,123,534,228,200,1,-1,-1,-1
964,598,120,538,228,201,1,-1,-1,-1
965,598,113,541,232,202,1,-1,-1,-1
966,598,111,544,233,204,1,-1,-1,-1
967,598,115,545,227,205,1,-1,-1,-1
968,598,110,547,230,206,1,-1,-1,-1
969,598,107,549,231,207,1,-1,-1,-1
970,598,104,551,233,208,1,-1,-1,-1
971,598,106,552,230,208,1,-1,-1,-1
972,598,108,552,227,209,1,-1,-1,-1
973,598,107,553,228,210,1,-1,-1,-1
974,598,106,552,228,211,1,-1,-1,-1
975,598,106,553,229,211,1,-1,-1,-1
976,598,106,553,229,211,1,-1,-1,-1
977,598,106,553,229,211,1,-1,-1,-1
978,598,105,553,229,211,1,-1,-1,-1
979,598,106,553,229,211,1,-1,-1,-1
980,598,105,553,229,211,1,-1,-1,-1
981,598,106,553,229,211,1,-1,-1,-1
982,598,105,553,229,211,1,-1,-1,-1
983,598,105,553,229,211,1,-1,-1,-1
984,598,105,553,230,211,1,-1,-1,-1
985,598,105,553,229,210,1,-1,-1,-1
986,598,106,553,229,210,1,-1,-1,-1
987,598,106,554,229,210,1,-1,-1,-1
988,598,106,553,228,210,1,-1,-1,-1
989,598,106,553,229,210,1,-1,-1,-1
990,598,106,554,228,210,1,-1,-1,-1
991,598,106,553,228,210,1,-1,-1,-1
992,598,106,553,228,210,1,-1,-1,-1
993,598,106,553,228,210,1,-1,-1,-1
994,598,106,553,228,210,1,-1,-1,-1
995,598,107,554,228,210,1,-1,-1,-1
996,598,106,554,229,210,1,-1,-1,-1
997,598,105,554,230,210,1,-1,-1,-1
998,598,105,554,230,210,1,-1,-1,-1
999,598,105,554,229,210,1,-1,-1,-1
1000,598,106,554,229,210,1,-1,-1,-1
1001,598,107,554,228,210,1,-1,-1,-1
1002,598,107,554,228,210,1,-1,-1,-1
1003,598,106,554,229,210,1,-1,-1,-1
1004,598,106,554,229,210,1,-1,-1,-1
1005,598,106,554,229,210,1,-1,-1,-1
1006,598,107,554,228,210,1,-1,-1,-1
1007,598,106,554,228,210,1,-1,-1,-1
1008,598,105,554,229,210,1,-1,-1,-1
1009,598,104,554,230,210,1,-1,-1,-1
1010,598,104,554,230,210,1,-1,-1,-1
1011,598,104,554,230,210,1,-1,-1,-1
1012,598,104,554,231,210,1,-1,-1,-1
1013,598,104,554,230,210,1,-1,-1,-1
1014,598,104,554,231,210,1,-1,-1,-1
1015,598,104,554,230,210,1,-1,-1,-1
1016,598,103,554,231,210,1,-1,-1,-1
1017,598,102,554,232,210,1,-1,-1,-1
1018,598,100,554,234,210,1,-1,-1,-1
1019,598,106,554,229,210,1,-1,-1,-1
1020,598,105,554,230,210,1,-1,-1,-1
1021,598,106,553,229,210,1,-1,-1,-1
1022,598,106,553,229,210,1,-1,-1,-1
1023,598,106,553,229,210,1,-1,-1,-1
1024,598,106,553,229,210,1,-1,-1,-1
1025,598,106,554,228,210,1,-1,-1,-1
1026,598,105,554,229,210,1,-1,-1,-1
1027,598,105,554,229,210,1,-1,-1,-1
1028,598,104,554,230,210,1,-1,-1,-1
1029,598,107,554,228,210,1,-1,-1,-1
1030,598,106,554,228,210,1,-1,-1,-1
1031,598,106,554,228,210,1,-1,-1,-1
1032,598,106,554,228,210,1,-1,-1,-1
1033,598,107,553,228,210,1,-1,-1,-1
1034,598,107,553,228,210,1,-1,-1,-1
1035,598,108,553,227,210,1,-1,-1,-1
1036,598,108,553,227,210,1,-1,-1,-1
1037,598,107,553,228,210,1,-1,-1,-1
1038,598,109,553,227,210,1,-1,-1,-1
1039,598,111,553,224,210,1,-1,-1,-1
1040,598,109,553,226,210,1,-1,-1,-1
1041,598,108,553,227,210,1,-1,-1,-1
1042,598,106,553,229,211,1,-1,-1,-1
1043,598,105,553,230,211,1,-1,-1,-1
1044,598,104,553,231,211,1,-1,-1,-1
1045,598,103,553,231,211,1,-1,-1,-1
1046,598,104,553,230,211,1,-1,-1,-1
1047,598,103,553,231,210,1,-1,-1,-1
1048,598,104,553,230,210,1,-1,-1,-1
1049,598,105,552,230,211,1,-1,-1,-1
1050,598,105,553,229,211,1,-1,-1,-1
1051,598,105,553,230,211,1,-1,-1,-1
1052,598,105,553,230,211,1,-1,-1,-1
1053,598,104,553,230,211,1,-1,-1,-1
1054,598,104,553,230,211,1,-1,-1,-1
1055,598,105,553,230,211,1,-1,-1,-1
1056,598,106,553,228,212,1,-1,-1,-1
1057,598,107,553,228,211,1,-1,-1,-1
1058,598,107,553,228,211,1,-1,-1,-1
1059,598,107,553,228,211,1,-1,-1,-1
1060,598,107,553,228,211,1,-1,-1,-1
1061,598,106,553,229,211,1,-1,-1,-1
1062,598,106,553,229,211,1,-1,-1,-1
1063,598,106,553,229,211,1,-1,-1,-1
1064,598,106,553,229,211,1,-1,-1,-1
1065,598,105,553,229,211,1,-1,-1,-1
1066,598,105,553,229,211,1,-1,-1,-1
1067,598,105,553,229,210,1,-1,-1,-1
1068,598,105,553,229,211,1,-1,-1,-1
1069,598,106,553,229,211,1,-1,-1,-1
1070,598,106,553,229,211,1,-1,-1,-1
1071,598,106,553,229,211,1,-1,-1,-1
1072,598,106,553,229,211,1,-1,-1,-1
1073,598,105,553,229,211,1,-1,-1,-1
1074,598,105,553,229,211,1,-1,-1,-1
1075,598,105,553,230,211,1,-1,-1,-1
1076,598,106,553,229,211,1,-1,-1,-1
1077,598,106,553,229,211,1,-1,-1,-1
1078,598,106,553,228,211,1,-1,-1,-1
1079,598,107,553,228,211,1,-1,-1,-1
1080,598,105,553,230,211,1,-1,-1,-1
1081,598,106,553,228,210,1,-1,-1,-1
1082,598,102,553,233,211,1,-1,-1,-1
1083,598,108,554,227,210,1,-1,-1,-1
1084,598,108,554,227,210,1,-1,-1,-1
1085,598,106,554,229,210,1,-1,-1,-1
1086,598,106,554,229,210,1,-1,-1,-1
1087,598,106,554,229,210,1,-1,-1,-1
1088,598,106,554,229,210,1,-1,-1,-1
1089,598,105,553,230,211,1,-1,-1,-1
1090,598,105,553,230,211,1,-1,-1,-1
1091,598,105,553,229,210,1,-1,-1,-1
1092,598,105,553,229,210,1,-1,-1,-1
1093,598,106,553,229,211,1,-1,-1,-1
1094,598,106,553,230,211,1,-1,-1,-1
1095,598,105,553,230,211,1,-1,-1,-1
1096,598,106,553,229,211,1,-1,-1,-1
1097,598,107,554,228,210,1,-1,-1,-1
1098,598,108,554,228,211,1,-1,-1,-1
1099,598,108,554,229,211,1,-1,-1,-1
1100,598,109,556,232,210,1,-1,-1,-1
1101,598,106,556,243,213,1,-1,-1,-1
1102,598,104,557,259,213,1,-1,-1,-1
1103,598,108,557,269,215,1,-1,-1,-1
1104,598,124,559,277,216,1,-1,-1,-1
1105,598,135,562,296,214,1,-1,-1,-1
1106,598,143,562,324,216,1,-1,-1,-1
1107,598,156,565,340,217,1,-1,-1,-1
1108,598,183,565,360,228,1,-1,-1,-1
1109,598,208,567,391,229,1,-1,-1,-1
1110,598,225,568,439,231,1,-1,-1,-1
1111,598,236,570,481,230,1,-1,-1,-1
1112,598,241,571,550,230,1,-1,-1,-1
1113,598,276,573,594,230,1,-1,-1,-1
1114,598,333,573,618,233,1,-1,-1,-1
1115,598,381,574,632,236,1,-1,-1,-1
1116,598,457,575,642,236,1,-1,-1,-1
1117,598,540,576,645,236,1,-1,-1,-1
1118,598,631,581,642,232,1,-1,-1,-1
1119,598,703,585,641,228,1,-1,-1,-1
1120,598,799,585,639,225,1,-1,-1,-1
1121,598,898,584,634,223,1,-1,-1,-1
1122,598,992,584,633,222,1,-1,-1,-1
1123,598,1074,578,618,227,1,-1,-1,-1
1124,598,1179,575,599,228,1,-1,-1,-1
1125,598,1283,565,578,223,1,-1,-1,-1
1126,598,1385,553,534,220,1,-1,-1,-1
1127,598,1460,542,458,219,1,-1,-1,-1
1128,598,1561,531,357,214,1,-1,-1,-1
1129,598,1659,515,260,215,1,-1,-1,-1
1130,598,1756,510,163,197,1,-1,-1,-1
849,600,702,255,58,30,1,-1,-1,-1
850,600,703,255,58,29,1,-1,-1,-1
851,600,702,255,59,32,1,-1,-1,-1
852,600,702,255,59,33,1,-1,-1,-1
853,600,702,256,58,30,1,-1,-1,-1
942,603,1066,1022,461,55,1,-1,-1,-1
943,603,955,991,546,87,1,-1,-1,-1
944,603,927,953,542,124,1,-1,-1,-1
945,603,905,916,527,160,1,-1,-1,-1
946,603,887,884,529,192,1,-1,-1,-1
947,603,875,863,516,211,1,-1,-1,-1
948,603,863,833,489,243,1,-1,-1,-1
949,603,855,811,466,265,1,-1,-1,-1
950,603,849,788,443,287,1,-1,-1,-1
951,604,846,772,426,305,1,-1,-1,-1
952,604,846,748,404,321,1,-1,-1,-1
953,604,850,734,383,306,1,-1,-1,-1
954,604,860,715,368,297,1,-1,-1,-1
955,604,872,703,359,289,1,-1,-1,-1
956,604,887,690,356,278,1,-1,-1,-1
957,604,900,676,362,270,1,-1,-1,-1
958,604,918,663,376,263,1,-1,-1,-1
959,604,936,655,389,256,1,-1,-1,-1
960,604,969,644,405,248,1,-1,-1,-1
961,604,1010,634,418,243,1,-1,-1,-1
962,604,1058,624,430,236,1,-1,-1,-1
963,604,1098,616,439,233,1,-1,-1,-1
964,604,1156,606,451,228,1,-1,-1,-1
965,604,1220,592,461,221,1,-1,-1,-1
966,604,1292,576,469,219,1,-1,-1,-1
967,604,1347,565,474,215,1,-1,-1,-1
968,604,1427,545,478,214,1,-1,-1,-1
969,604,1512,533,407,207,1,-1,-1,-1
970,604,1599,496,320,225,1,-1,-1,-1
971,604,1665,497,253,209,1,-1,-1,-1
972,604,1758,497,161,186,1,-1,-1,-1
1012,609,636,155,13,26,1,-1,-1,-1
1013,609,636,154,13,26,1,-1,-1,-1
1014,609,635,154,13,26,1,-1,-1,-1
1015,609,635,154,13,26,1,-1,-1,-1
1016,609,635,154,13,25,1,-1,-1,-1
1017,609,635,154,12,24,1,-1,-1,-1
1018,609,635,153,12,25,1,-1,-1,-1
1019,609,635,153,12,25,1,-1,-1,-1
1020,609,635,153,12,24,1,-1,-1,-1
1021,609,634,152,12,25,1,-1,-1,-1
1022,609,634,151,13,26,1,-1,-1,-1
1023,609,634,150,12,26,1,-1,-1,-1
1027,609,632,136,15,38,1,-1,-1,-1
1028,609,632,137,15,38,1,-1,-1,-1
1029,609,631,135,15,39,1,-1,-1,-1
1030,609,631,135,15,37,1,-1,-1,-1
1033,609,632,133,14,38,1,-1,-1,-1
1034,609,632,134,14,36,1,-1,-1,-1
1035,609,632,143,14,28,1,-1,-1,-1
1036,609,633,143,13,26,1,-1,-1,-1
1039,609,636,144,12,25,1,-1,-1,-1
1041,609,639,144,13,25,1,-1,-1,-1
1025,611,703,255,59,30,1,-1,-1,-1
1026,611,703,255,59,30,1,-1,-1,-1
1027,611,703,255,59,30,1,-1,-1,-1
1028,611,703,255,59,29,1,-1,-1,-1
1029,611,703,255,59,29,1,-1,-1,-1
1030,611,703,255,59,29,1,-1,-1,-1
1031,611,703,255,59,29,1,-1,-1,-1
1032,611,703,255,59,29,1,-1,-1,-1
1043,611,703,255,59,27,1,-1,-1,-1
1044,611,703,255,58,26,1,-1,-1,-1
1045,611,703,255,58,24,1,-1,-1,-1
1046,611,703,255,58,24,1,-1,-1,-1
1047,611,703,255,58,24,1,-1,-1,-1
1048,611,703,255,58,24,1,-1,-1,-1
1097,614,705,251,56,21,1,-1,-1,-1
1098,614,705,251,56,21,1,-1,-1,-1
1099,614,705,251,56,21,1,-1,-1,-1
1100,614,705,251,56,21,1,-1,-1,-1
1101,614,705,251,56,21,1,-1,-1,-1
1102,614,705,251,56,21,1,-1,-1,-1
1103,614,705,251,56,21,1,-1,-1,-1
1104,614,705,251,56,21,1,-1,-1,-1
1217,620,534,61,37,30,1,-1,-1,-1
1218,620,534,61,37,30,1,-1,-1,-1
1219,620,534,61,37,30,1,-1,-1,-1
1220,620,534,61,37,30,1,-1,-1,-1
1221,620,534,61,37,30,1,-1,-1,-1
1222,620,534,61,37,30,1,-1,-1,-1
1223,620,534,61,37,30,1,-1,-1,-1
1224,620,534,61,37,30,1,-1,-1,-1
1260,621,644,0,27,23,1,-1,-1,-1
1261,621,644,0,27,23,1,-1,-1,-1
1262,621,644,0,27,23,1,-1,-1,-1
1263,621,644,0,27,23,1,-1,-1,-1
1264,621,644,0,27,23,1,-1,-1,-1
1398,623,580,24,34,29,1,-1,-1,-1
1399,623,580,26,34,28,1,-1,-1,-1
1400,623,581,27,34,28,1,-1,-1,-1
1401,623,581,28,33,28,1,-1,-1,-1
1402,623,582,28,33,29,1,-1,-1,-1
1403,623,582,28,33,30,1,-1,-1,-1
1404,623,582,30,34,29,1,-1,-1,-1
1405,623,582,31,34,29,1,-1,-1,-1
1406,623,582,32,35,29,1,-1,-1,-1
1407,623,583,33,35,29,1,-1,-1,-1
1408,623,582,34,36,30,1,-1,-1,-1
1409,623,582,34,37,30,1,-1,-1,-1
1410,623,583,36,37,29,1,-1,-1,-1
1411,623,584,36,36,29,1,-1,-1,-1
1412,623,584,37,36,29,1,-1,-1,-1
1413,623,583,39,38,30,1,-1,-1,-1
1414,623,584,39,39,31,1,-1,-1,-1
1415,623,584,41,39,31,1,-1,-1,-1
1416,623,585,41,38,31,1,-1,-1,-1
1417,623,586,42,38,31,1,-1,-1,-1
1418,623,586,43,38,31,1,-1,-1,-1
1419,623,586,43,38,32,1,-1,-1,-1
1420,623,586,45,38,31,1,-1,-1,-1
1421,623,587,46,37,31,1,-1,-1,-1
1422,623,587,49,38,30,1,-1,-1,-1
1423,623,587,49,38,30,1,-1,-1,-1
1424,623,588,50,38,31,1,-1,-1,-1
1425,623,589,50,36,32,1,-1,-1,-1
1426,623,589,51,37,33,1,-1,-1,-1
1427,623,589,52,37,33,1,-1,-1,-1
1428,623,589,53,37,33,1,-1,-1,-1
1429,623,589,55,38,32,1,-1,-1,-1
1430,623,589,56,37,33,1,-1,-1,-1
1431,623,589,57,39,33,1,-1,-1,-1
1432,623,589,58,38,34,1,-1,-1,-1
1433,623,589,59,38,34,1,-1,-1,-1
1434,623,589,60,39,35,1,-1,-1,-1
1435,623,589,61,39,35,1,-1,-1,-1
1436,623,589,61,40,35,1,-1,-1,-1
1437,623,588,63,40,35,1,-1,-1,-1
1438,623,588,65,40,34,1,-1,-1,-1
1439,623,588,67,39,33,1,-1,-1,-1
1440,623,588,68,40,34,1,-1,-1,-1
1441,623,589,68,40,35,1,-1,-1,-1
1442,623,589,70,40,35,1,-1,-1,-1
1443,623,589,71,40,35,1,-1,-1,-1
1444,623,589,73,40,34,1,-1,-1,-1
1445,623,588,74,40,35,1,-1,-1,-1
1446,623,588,74,39,35,1,-1,-1,-1
1447,623,588,76,39,35,1,-1,-1,-1
1448,623,588,76,39,36,1,-1,-1,-1
1449,623,587,78,41,36,1,-1,-1,-1
1450,623,587,79,41,36,1,-1,-1,-1
1451,623,587,80,42,37,1,-1,-1,-1
1452,623,587,81,41,38,1,-1,-1,-1
1453,623,587,82,41,38,1,-1,-1,-1
1454,623,586,84,41,38,1,-1,-1,-1
1455,623,586,87,42,36,1,-1,-1,-1
1456,623,586,88,43,36,1,-1,-1,-1
1457,623,585,89,43,37,1,-1,-1,-1
1458,623,586,91,43,37,1,-1,-1,-1
1459,623,585,92,44,37,1,-1,-1,-1
1460,623,585,96,43,36,1,-1,-1,-1
1461,623,585,97,44,36,1,-1,-1,-1
1462,623,585,98,46,37,1,-1,-1,-1
1463,623,584,99,46,38,1,-1,-1,-1
1464,623,585,100,46,39,1,-1,-1,-1
1465,623,585,102,46,40,1,-1,-1,-1
1466,623,584,104,47,39,1,-1,-1,-1
1467,623,584,104,47,41,1,-1,-1,-1
1468,623,584,106,48,41,1,-1,-1,-1
1469,623,582,107,49,42,1,-1,-1,-1
1470,623,581,109,51,42,1,-1,-1,-1
1471,623,581,110,51,43,1,-1,-1,-1
1472,623,582,113,50,42,1,-1,-1,-1
1473,623,582,116,50,41,1,-1,-1,-1
1474,623,581,117,51,43,1,-1,-1,-1
1475,623,580,117,52,44,1,-1,-1,-1
1476,623,577,121,55,43,1,-1,-1,-1
1477,623,578,122,53,44,1,-1,-1,-1
1478,623,576,124,55,44,1,-1,-1,-1
1479,623,577,126,54,45,1,-1,-1,-1
1480,623,577,128,53,45,1,-1,-1,-1
1481,623,575,130,55,44,1,-1,-1,-1
1482,623,575,132,55,45,1,-1,-1,-1
1483,623,575,133,54,46,1,-1,-1,-1
1484,623,575,136,55,46,1,-1,-1,-1
1485,623,575,138,54,47,1,-1,-1,-1
1486,623,574,140,55,47,1,-1,-1,-1
1487,623,572,141,57,47,1,-1,-1,-1
1488,623,571,144,58,48,1,-1,-1,-1
1489,623,571,146,57,48,1,-1,-1,-1
1490,623,571,149,57,48,1,-1,-1,-1
1491,623,570,151,58,49,1,-1,-1,-1
1492,623,568,153,60,50,1,-1,-1,-1
1493,623,568,156,60,49,1,-1,-1,-1
1494,623,567,159,59,50,1,-1,-1,-1
1495,623,566,161,59,50,1,-1,-1,-1
1496,623,564,164,61,51,1,-1,-1,-1
1497,623,563,167,62,51,1,-1,-1,-1
1498,623,563,170,62,52,1,-1,-1,-1
1499,623,562,173,63,52,1,-1,-1,-1
1500,623,561,175,64,53,1,-1,-1,-1
1501,623,561,179,62,53,1,-1,-1,-1
1502,623,559,182,64,54,1,-1,-1,-1
1503,623,559,184,64,54,1,-1,-1,-1
1504,623,559,187,65,55,1,-1,-1,-1
1505,623,557,191,67,54,1,-1,-1,-1
1506,623,559,194,65,55,1,-1,-1,-1
1507,623,557,197,66,55,1,-1,-1,-1
1508,623,557,200,67,56,1,-1,-1,-1
1509,623,556,203,68,56,1,-1,-1,-1
1510,623,556,206,68,57,1,-1,-1,-1
1511,623,556,208,69,58,1,-1,-1,-1
1512,623,556,212,70,58,1,-1,-1,-1
1513,623,556,215,69,59,1,-1,-1,-1
1514,623,556,217,70,60,1,-1,-1,-1
1515,623,556,221,71,59,1,-1,-1,-1
1516,623,557,225,73,60,1,-1,-1,-1
1517,623,557,228,72,59,1,-1,-1,-1
1518,623,557,231,74,60,1,-1,-1,-1
1519,623,557,233,74,61,1,-1,-1,-1
1520,623,556,236,75,62,1,-1,-1,-1
1521,623,554,239,77,61,1,-1,-1,-1
1522,623,555,242,77,64,1,-1,-1,-1
1523,623,555,245,77,63,1,-1,-1,-1
1524,623,554,247,78,63,1,-1,-1,-1
1525,623,554,251,79,63,1,-1,-1,-1
1526,623,554,254,79,64,1,-1,-1,-1
1527,623,554,256,79,65,1,-1,-1,-1
1528,623,553,259,80,64,1,-1,-1,-1
1529,623,552,262,80,65,1,-1,-1,-1
1530,623,551,264,81,66,1,-1,-1,-1
1531,623,551,266,81,67,1,-1,-1,-1
1532,623,549,269,82,67,1,-1,-1,-1
1533,623,547,271,83,68,1,-1,-1,-1
1534,623,550,274,82,69,1,-1,-1,-1
1535,623,548,275,83,69,1,-1,-1,-1
1536,623,547,278,82,70,1,-1,-1,-1
1537,623,544,280,85,70,1,-1,-1,-1
1538,623,542,283,87,72,1,-1,-1,-1
1539,623,542,284,88,73,1,-1,-1,-1
1540,623,543,286,86,73,1,-1,-1,-1
1541,623,542,288,88,74,1,-1,-1,-1
1542,623,541,291,88,75,1,-1,-1,-1
1543,623,540,293,89,74,1,-1,-1,-1
1544,623,539,295,90,75,1,-1,-1,-1
1545,623,537,297,92,76,1,-1,-1,-1
1546,623,531,298,98,78,1,-1,-1,-1
1547,623,530,298,98,79,1,-1,-1,-1
1548,623,529,300,100,80,1,-1,-1,-1
1549,623,528,302,101,80,1,-1,-1,-1
1550,623,528,304,102,81,1,-1,-1,-1
1551,623,527,305,102,82,1,-1,-1,-1
1552,623,526,307,103,83,1,-1,-1,-1
1553,623,524,308,106,85,1,-1,-1,-1
1554,623,523,310,107,86,1,-1,-1,-1
1555,623,523,311,108,87,1,-1,-1,-1
1556,623,520,313,111,89,1,-1,-1,-1
1557,623,520,315,113,90,1,-1,-1,-1
1558,623,519,316,114,92,1,-1,-1,-1
1559,623,518,319,115,92,1,-1,-1,-1
1560,623,518,320,118,94,1,-1,-1,-1
1561,623,517,322,119,96,1,-1,-1,-1
1562,623,516,325,121,97,1,-1,-1,-1
1563,623,515,326,122,98,1,-1,-1,-1
1564,623,513,328,124,100,1,-1,-1,-1
1565,623,512,331,126,102,1,-1,-1,-1
1566,623,512,333,128,104,1,-1,-1,-1
1567,623,511,334,129,105,1,-1,-1,-1
1568,623,508,337,131,107,1,-1,-1,-1
1569,623,505,339,133,109,1,-1,-1,-1
1570,623,504,341,135,112,1,-1,-1,-1
1571,623,503,343,136,113,1,-1,-1,-1
1572,623,499,346,140,117,1,-1,-1,-1
1573,623,497,350,142,118,1,-1,-1,-1
1574,623,494,353,145,119,1,-1,-1,-1
1575,623,492,354,147,122,1,-1,-1,-1
1576,623,488,354,150,128,1,-1,-1,-1
1577,623,486,360,153,127,1,-1,-1,-1
1578,623,482,363,156,130,1,-1,-1,-1
1579,623,480,366,157,131,1,-1,-1,-1
1580,623,478,369,161,134,1,-1,-1,-1
1581,623,475,372,164,137,1,-1,-1,-1
1582,623,472,375,167,140,1,-1,-1,-1
1583,623,468,378,171,142,1,-1,-1,-1
1584,623,464,382,174,145,1,-1,-1,-1
1585,623,462,385,176,148,1,-1,-1,-1
1586,623,465,389,174,150,1,-1,-1,-1
1587,623,458,392,181,152,1,-1,-1,-1
1588,623,451,396,189,154,1,-1,-1,-1
1589,623,449,398,190,159,1,-1,-1,-1
1590,623,446,402,193,162,1,-1,-1,-1
1591,623,442,403,197,165,1,-1,-1,-1
1592,623,439,409,200,165,1,-1,-1,-1
1593,623,437,411,202,171,1,-1,-1,-1
1594,623,435,414,206,174,1,-1,-1,-1
1595,623,435,418,208,173,1,-1,-1,-1
1596,623,434,421,212,180,1,-1,-1,-1
1597,623,435,424,215,183,1,-1,-1,-1
1598,623,438,427,218,186,1,-1,-1,-1
1599,623,441,429,222,187,1,-1,-1,-1
1600,623,448,432,227,189,1,-1,-1,-1
1601,623,455,436,237,192,1,-1,-1,-1
1602,623,460,440,252,194,1,-1,-1,-1
1603,623,466,440,264,197,1,-1,-1,-1
1604,623,478,445,279,199,1,-1,-1,-1
1605,623,490,450,298,200,1,-1,-1,-1
1606,623,507,453,317,202,1,-1,-1,-1
1607,623,521,455,333,204,1,-1,-1,-1
1608,623,543,457,360,208,1,-1,-1,-1
1609,623,568,458,390,215,1,-1,-1,-1
1610,623,601,462,419,217,1,-1,-1,-1
1611,623,628,467,442,216,1,-1,-1,-1
1612,623,670,472,469,219,1,-1,-1,-1
1613,623,719,477,498,219,1,-1,-1,-1
1614,623,773,479,523,222,1,-1,-1,-1
1615,623,817,480,539,225,1,-1,-1,-1
1616,623,881,483,560,221,1,-1,-1,-1
1617,623,950,484,574,217,1,-1,-1,-1
1618,623,1022,482,587,218,1,-1,-1,-1
1619,623,1079,480,594,222,1,-1,-1,-1
1620,623,1157,475,611,224,1,-1,-1,-1
1621,623,1237,470,602,226,1,-1,-1,-1
1622,623,1316,466,602,226,1,-1,-1,-1
1623,623,1379,462,540,226,1,-1,-1,-1
1624,623,1461,456,458,226,1,-1,-1,-1
1625,623,1544,448,375,226,1,-1,-1,-1
1626,623,1628,440,291,226,1,-1,-1,-1
1627,623,1690,436,229,224,1,-1,-1,-1
1628,623,1775,436,144,210,1,-1,-1,-1
1433,624,704,252,58,22,1,-1,-1,-1
1434,624,704,252,57,21,1,-1,-1,-1
1435,624,704,252,58,22,1,-1,-1,-1
1436,624,704,251,58,22,1,-1,-1,-1
1437,624,704,251,58,22,1,-1,-1,-1
1438,624,704,251,58,22,1,-1,-1,-1
1440,624,704,251,58,21,1,-1,-1,-1
1459,624,704,249,58,24,1,-1,-1,-1
1460,624,704,249,58,24,1,-1,-1,-1
1481,624,705,248,59,28,1,-1,-1,-1
1482,624,705,248,59,28,1,-1,-1,-1
1483,624,704,249,59,27,1,-1,-1,-1
1484,624,705,249,59,27,1,-1,-1,-1
1485,624,705,249,59,27,1,-1,-1,-1
1486,624,705,249,59,27,1,-1,-1,-1
1487,624,705,249,59,27,1,-1,-1,-1
1488,624,705,249,59,27,1,-1,-1,-1
1491,624,704,247,59,29,1,-1,-1,-1
1492,624,704,246,60,30,1,-1,-1,-1
1493,624,704,246,59,30,1,-1,-1,-1
1494,624,704,247,60,30,1,-1,-1,-1
1495,624,704,246,60,30,1,-1,-1,-1
1496,624,704,246,60,30,1,-1,-1,-1
1521,624,704,248,59,24,1,-1,-1,-1
1522,624,704,248,59,25,1,-1,-1,-1
1523,624,704,248,58,24,1,-1,-1,-1
1524,624,704,248,59,24,1,-1,-1,-1
1525,624,704,248,58,24,1,-1,-1,-1
1526,624,704,248,58,24,1,-1,-1,-1
1527,624,704,248,58,24,1,-1,-1,-1
1528,624,704,248,58,24,1,-1,-1,-1
1529,624,704,249,59,25,1,-1,-1,-1
1530,624,704,249,59,25,1,-1,-1,-1
1531,624,704,249,59,25,1,-1,-1,-1
1532,624,704,249,59,25,1,-1,-1,-1
1533,624,703,249,60,25,1,-1,-1,-1
1534,624,703,249,60,25,1,-1,-1,-1
1535,624,704,249,59,24,1,-1,-1,-1
1536,624,704,249,59,24,1,-1,-1,-1
1439,625,702,253,63,53,1,-1,-1,-1
1440,625,702,253,63,53,1,-1,-1,-1
1441,625,702,254,61,52,1,-1,-1,-1
1442,625,702,254,61,52,1,-1,-1,-1
1443,625,702,254,61,52,1,-1,-1,-1
1444,625,702,254,61,52,1,-1,-1,-1
1445,625,702,254,61,52,1,-1,-1,-1
1446,625,702,254,61,52,1,-1,-1,-1
1447,625,702,254,61,52,1,-1,-1,-1
1448,625,702,254,61,52,1,-1,-1,-1
1449,625,702,253,61,53,1,-1,-1,-1
1450,625,702,253,61,53,1,-1,-1,-1
1451,625,702,253,61,53,1,-1,-1,-1
1452,625,702,253,61,53,1,-1,-1,-1
1453,625,702,253,61,53,1,-1,-1,-1
1454,625,702,253,61,53,1,-1,-1,-1
1455,625,702,253,61,53,1,-1,-1,-1
1456,625,702,253,61,52,1,-1,-1,-1
1457,625,702,253,62,53,1,-1,-1,-1
1458,625,702,253,62,53,1,-1,-1,-1
1459,625,702,253,62,53,1,-1,-1,-1
1460,625,702,253,62,53,1,-1,-1,-1
1461,625,702,253,62,53,1,-1,-1,-1
1462,625,702,253,62,53,1,-1,-1,-1
1463,625,702,253,62,53,1,-1,-1,-1
1464,625,702,253,62,53,1,-1,-1,-1
1465,625,702,254,61,53,1,-1,-1,-1
1466,625,702,254,61,53,1,-1,-1,-1
1467,625,702,254,61,53,1,-1,-1,-1
1468,625,702,254,61,53,1,-1,-1,-1
1469,625,702,254,61,53,1,-1,-1,-1
1470,625,702,254,61,53,1,-1,-1,-1
1471,625,702,254,61,53,1,-1,-1,-1
1472,625,702,254,61,53,1,-1,-1,-1
1473,625,702,253,61,53,1,-1,-1,-1
1474,625,702,253,61,53,1,-1,-1,-1
1475,625,702,253,61,52,1,-1,-1,-1
1476,625,702,253,61,52,1,-1,-1,-1
1477,625,702,252,61,54,1,-1,-1,-1
1478,625,702,252,61,54,1,-1,-1,-1
1479,625,702,252,61,53,1,-1,-1,-1
1480,625,702,252,61,53,1,-1,-1,-1
1481,625,702,253,63,54,1,-1,-1,-1
1482,625,702,253,63,54,1,-1,-1,-1
1483,625,702,253,63,54,1,-1,-1,-1
1484,625,702,253,63,54,1,-1,-1,-1
1485,625,702,253,63,54,1,-1,-1,-1
1486,625,702,253,63,54,1,-1,-1,-1
1487,625,702,252,63,54,1,-1,-1,-1
1488,625,702,253,63,54,1,-1,-1,-1
1489,625,703,251,59,43,1,-1,-1,-1
1490,625,703,251,59,44,1,-1,-1,-1
1491,625,703,250,60,44,1,-1,-1,-1
1497,625,702,252,63,54,1,-1,-1,-1
1498,625,702,252,64,54,1,-1,-1,-1
1499,625,702,252,64,54,1,-1,-1,-1
1500,625,702,252,63,54,1,-1,-1,-1
1501,625,702,254,62,53,1,-1,-1,-1
1502,625,702,253,62,53,1,-1,-1,-1
1503,625,702,253,62,53,1,-1,-1,-1
1504,625,702,253,62,53,1,-1,-1,-1
1505,625,702,253,62,53,1,-1,-1,-1
1506,625,702,253,62,53,1,-1,-1,-1
1507,625,702,253,62,53,1,-1,-1,-1
1508,625,702,253,62,54,1,-1,-1,-1
1509,625,702,253,62,53,1,-1,-1,-1
1510,625,702,254,62,53,1,-1,-1,-1
1511,625,702,254,62,53,1,-1,-1,-1
1512,625,702,254,62,53,1,-1,-1,-1
1513,625,702,254,63,52,1,-1,-1,-1
1514,625,702,254,62,52,1,-1,-1,-1
1515,625,702,254,63,52,1,-1,-1,-1
1516,625,702,254,63,52,1,-1,-1,-1
1517,625,702,254,63,52,1,-1,-1,-1
1518,625,702,254,63,52,1,-1,-1,-1
1519,625,702,254,63,53,1,-1,-1,-1
1520,625,702,254,63,53,1,-1,-1,-1
1521,625,703,250,59,32,1,-1,-1,-1
1522,625,703,250,59,32,1,-1,-1,-1
1523,625,703,251,59,31,1,-1,-1,-1
1524,625,703,250,60,31,1,-1,-1,-1
1525,626,702,253,63,53,1,-1,-1,-1
1526,626,702,253,63,53,1,-1,-1,-1
1527,626,702,253,63,53,1,-1,-1,-1
1528,626,702,253,63,53,1,-1,-1,-1
1529,626,702,252,64,54,1,-1,-1,-1
1530,626,702,252,64,54,1,-1,-1,-1
1531,626,702,252,64,54,1,-1,-1,-1
1532,626,704,250,59,35,1,-1,-1,-1
1533,626,704,250,59,35,1,-1,-1,-1
1534,626,704,250,59,35,1,-1,-1,-1
1535,626,704,250,59,35,1,-1,-1,-1
1536,627,702,252,63,54,1,-1,-1,-1
1537,627,702,253,62,52,1,-1,-1,-1
1538,627,702,253,62,52,1,-1,-1,-1
1539,627,702,253,62,52,1,-1,-1,-1
1540,627,702,253,62,52,1,-1,-1,-1
1541,627,702,253,62,52,1,-1,-1,-1
1542,627,702,253,62,52,1,-1,-1,-1
1543,627,702,253,62,53,1,-1,-1,-1
1544,627,702,253,62,53,1,-1,-1,-1
1545,627,702,252,63,54,1,-1,-1,-1
1546,627,702,252,63,54,1,-1,-1,-1
1547,627,702,252,63,54,1,-1,-1,-1
1548,627,702,252,63,54,1,-1,-1,-1
1549,627,702,253,62,53,1,-1,-1,-1
1550,627,702,253,62,54,1,-1,-1,-1
1551,627,702,253,62,53,1,-1,-1,-1
1552,627,702,253,62,53,1,-1,-1,-1
1553,627,702,251,62,55,1,-1,-1,-1
1554,627,702,251,62,55,1,-1,-1,-1
1555,627,702,251,62,55,1,-1,-1,-1
1556,627,702,251,62,55,1,-1,-1,-1
1557,627,702,251,62,55,1,-1,-1,-1
1558,627,702,251,62,55,1,-1,-1,-1
1559,627,702,251,62,55,1,-1,-1,-1
1560,627,702,252,62,54,1,-1,-1,-1
1561,627,702,252,63,54,1,-1,-1,-1
1562,627,702,252,63,54,1,-1,-1,-1
1563,627,702,252,63,54,1,-1,-1,-1
1564,627,702,251,62,56,1,-1,-1,-1
1565,627,702,252,63,54,1,-1,-1,-1
1566,627,702,252,62,55,1,-1,-1,-1
1567,627,702,251,62,56,1,-1,-1,-1
1568,627,702,252,63,54,1,-1,-1,-1
1569,627,702,253,63,53,1,-1,-1,-1
1570,627,702,253,63,53,1,-1,-1,-1
1571,627,702,253,63,53,1,-1,-1,-1
1572,627,702,253,63,53,1,-1,-1,-1
1573,627,704,254,58,28,1,-1,-1,-1
1574,627,705,252,57,21,1,-1,-1,-1
1575,628,704,254,59,28,1,-1,-1,-1
1576,628,704,254,59,28,1,-1,-1,-1
1577,628,703,250,60,31,1,-1,-1,-1
1578,628,703,250,60,32,1,-1,-1,-1
1579,628,703,251,60,32,1,-1,-1,-1
1582,628,703,250,60,34,1,-1,-1,-1
1585,628,702,253,62,52,1,-1,-1,-1
1586,628,702,253,62,53,1,-1,-1,-1
1587,628,702,253,62,53,1,-1,-1,-1
1588,628,702,253,62,53,1,-1,-1,-1
1589,628,702,253,62,53,1,-1,-1,-1
1590,628,702,253,62,53,1,-1,-1,-1
1591,628,702,253,62,53,1,-1,-1,-1
1592,628,702,253,62,53,1,-1,-1,-1
1593,628,702,254,62,54,1,-1,-1,-1
1594,628,702,253,62,54,1,-1,-1,-1
1595,628,702,253,62,54,1,-1,-1,-1
1596,628,702,253,62,54,1,-1,-1,-1
1597,628,702,253,62,55,1,-1,-1,-1
1598,628,702,253,62,54,1,-1,-1,-1
1599,628,702,253,62,54,1,-1,-1,-1
1600,628,702,253,62,54,1,-1,-1,-1
1601,628,702,253,63,55,1,-1,-1,-1
1602,628,702,253,63,55,1,-1,-1,-1
1603,628,702,253,63,55,1,-1,-1,-1
1604,628,702,253,63,54,1,-1,-1,-1
1605,628,702,253,64,55,1,-1,-1,-1
1606,628,702,253,64,55,1,-1,-1,-1
1607,628,702,253,63,55,1,-1,-1,-1
1608,628,702,253,63,54,1,-1,-1,-1
1609,628,702,255,63,53,1,-1,-1,-1
1610,628,702,255,63,53,1,-1,-1,-1
1611,628,702,254,63,53,1,-1,-1,-1
1612,628,702,255,63,53,1,-1,-1,-1
1613,628,702,255,63,53,1,-1,-1,-1
1614,628,702,255,63,53,1,-1,-1,-1
1615,628,702,255,63,53,1,-1,-1,-1
1616,628,702,255,63,53,1,-1,-1,-1
1617,628,702,252,63,53,1,-1,-1,-1
1618,628,702,253,63,53,1,-1,-1,-1
1619,628,702,253,63,52,1,-1,-1,-1
1620,628,702,253,63,51,1,-1,-1,-1
1621,628,702,254,63,53,1,-1,-1,-1
1622,628,702,254,60,42,1,-1,-1,-1
1623,628,702,254,60,45,1,-1,-1,-1
1624,628,702,254,62,51,1,-1,-1,-1
1625,628,702,254,63,51,1,-1,-1,-1
1626,628,702,253,63,53,1,-1,-1,-1
1627,628,702,253,62,52,1,-1,-1,-1
1628,628,702,254,62,53,1,-1,-1,-1
1629,628,702,254,61,51,1,-1,-1,-1
1630,628,702,254,61,51,1,-1,-1,-1
1631,628,702,254,62,50,1,-1,-1,-1
1632,628,702,254,62,50,1,-1,-1,-1
1633,628,702,254,62,50,1,-1,-1,-1
1634,628,702,254,62,50,1,-1,-1,-1
1635,628,702,254,60,40,1,-1,-1,-1
1636,628,702,254,60,37,1,-1,-1,-1
1637,628,702,253,62,56,1,-1,-1,-1
1638,628,702,254,62,55,1,-1,-1,-1
1639,628,702,254,62,55,1,-1,-1,-1
1640,628,702,254,62,55,1,-1,-1,-1
1641,628,702,254,62,51,1,-1,-1,-1
1642,628,702,254,62,51,1,-1,-1,-1
1643,628,702,254,62,51,1,-1,-1,-1
1644,628,702,254,62,51,1,-1,-1,-1
1645,628,702,254,62,51,1,-1,-1,-1
1646,628,702,254,62,51,1,-1,-1,-1
1647,628,702,255,62,51,1,-1,-1,-1
1648,628,702,255,62,51,1,-1,-1,-1
1649,628,702,254,62,53,1,-1,-1,-1
1650,628,702,254,62,53,1,-1,-1,-1
1651,628,702,254,62,53,1,-1,-1,-1
1652,628,702,254,62,54,1,-1,-1,-1
1653,628,702,254,62,54,1,-1,-1,-1
1654,628,702,253,62,53,1,-1,-1,-1
1655,628,702,253,62,53,1,-1,-1,-1
1656,628,702,253,62,54,1,-1,-1,-1
1657,628,702,253,63,51,1,-1,-1,-1
1658,628,702,253,63,52,1,-1,-1,-1
1659,628,702,253,63,51,1,-1,-1,-1
1660,628,702,253,63,51,1,-1,-1,-1
1661,628,702,253,63,52,1,-1,-1,-1
1662,628,702,253,63,52,1,-1,-1,-1
1663,628,702,253,63,52,1,-1,-1,-1
1664,628,702,253,63,52,1,-1,-1,-1
1665,628,702,254,63,50,1,-1,-1,-1
1666,628,702,254,63,50,1,-1,-1,-1
1667,628,702,254,63,49,1,-1,-1,-1
1668,628,702,255,63,50,1,-1,-1,-1
1669,628,702,255,63,52,1,-1,-1,-1
1670,628,702,255,63,52,1,-1,-1,-1
1671,628,702,255,63,52,1,-1,-1,-1
1672,628,702,255,63,52,1,-1,-1,-1
1673,628,702,254,63,51,1,-1,-1,-1
1674,628,702,254,62,50,1,-1,-1,-1
1675,628,702,254,62,50,1,-1,-1,-1
1676,628,702,254,62,50,1,-1,-1,-1
1677,628,702,254,62,50,1,-1,-1,-1
1678,628,702,254,62,50,1,-1,-1,-1
1679,628,702,254,62,50,1,-1,-1,-1
1680,628,702,254,62,50,1,-1,-1,-1
1681,628,702,253,61,52,1,-1,-1,-1
1682,628,702,253,61,52,1,-1,-1,-1
1683,628,702,253,61,52,1,-1,-1,-1
1684,628,702,253,61,52,1,-1,-1,-1
1685,628,702,253,61,52,1,-1,-1,-1
1686,628,702,253,61,52,1,-1,-1,-1
1687,628,702,253,61,52,1,-1,-1,-1
1688,628,702,253,61,52,1,-1,-1,-1
1689,628,702,253,62,53,1,-1,-1,-1
1690,628,702,253,62,53,1,-1,-1,-1
1691,628,702,253,62,53,1,-1,-1,-1
1692,628,702,253,62,53,1,-1,-1,-1
1693,628,702,253,62,54,1,-1,-1,-1
1694,628,702,253,62,54,1,-1,-1,-1
1695,628,702,253,62,54,1,-1,-1,-1
1696,628,702,253,63,54,1,-1,-1,-1
1697,628,702,254,62,52,1,-1,-1,-1
1698,628,702,254,62,53,1,-1,-1,-1
1699,628,702,254,62,53,1,-1,-1,-1
1700,628,702,254,63,53,1,-1,-1,-1
1701,628,702,254,63,52,1,-1,-1,-1
1702,628,702,254,63,52,1,-1,-1,-1
1703,628,702,254,63,52,1,-1,-1,-1
1704,628,702,254,63,52,1,-1,-1,-1
1705,628,702,254,62,51,1,-1,-1,-1
1706,628,702,254,62,51,1,-1,-1,-1
1707,628,702,254,62,51,1,-1,-1,-1
1708,628,702,254,62,51,1,-1,-1,-1
1709,628,702,254,62,51,1,-1,-1,-1
1710,628,702,254,62,51,1,-1,-1,-1
1711,628,702,254,62,51,1,-1,-1,-1
1712,628,702,254,62,51,1,-1,-1,-1
1713,628,702,254,62,51,1,-1,-1,-1
1714,628,702,254,62,51,1,-1,-1,-1
1715,628,702,254,62,51,1,-1,-1,-1
1716,628,702,254,62,51,1,-1,-1,-1
1717,628,702,254,62,55,1,-1,-1,-1
1718,628,702,254,62,55,1,-1,-1,-1
1719,628,702,254,62,56,1,-1,-1,-1
1720,628,702,254,62,55,1,-1,-1,-1
1721,628,702,254,62,54,1,-1,-1,-1
1722,628,702,254,62,54,1,-1,-1,-1
1723,628,702,254,62,54,1,-1,-1,-1
1724,628,702,254,62,54,1,-1,-1,-1
1725,628,702,254,62,54,1,-1,-1,-1
1726,628,702,254,62,53,1,-1,-1,-1
1727,628,702,254,62,53,1,-1,-1,-1
1728,628,702,254,62,53,1,-1,-1,-1
1729,628,702,253,62,52,1,-1,-1,-1
1730,628,702,253,62,52,1,-1,-1,-1
1731,628,702,253,62,52,1,-1,-1,-1
1732,628,702,254,62,52,1,-1,-1,-1
1733,628,702,254,62,52,1,-1,-1,-1
1734,628,702,254,63,52,1,-1,-1,-1
1735,628,702,254,63,52,1,-1,-1,-1
1736,628,702,254,63,52,1,-1,-1,-1
1737,628,702,255,59,37,1,-1,-1,-1
1738,628,702,255,59,37,1,-1,-1,-1
1739,628,702,255,59,37,1,-1,-1,-1
1740,628,702,255,59,37,1,-1,-1,-1
1741,628,702,254,62,50,1,-1,-1,-1
1742,628,702,254,62,50,1,-1,-1,-1
1743,628,702,254,62,50,1,-1,-1,-1
1744,628,702,254,62,50,1,-1,-1,-1
1745,628,702,253,63,51,1,-1,-1,-1
1746,628,702,253,62,51,1,-1,-1,-1
1747,628,702,253,62,51,1,-1,-1,-1
1748,628,702,253,62,52,1,-1,-1,-1
1749,628,702,253,62,52,1,-1,-1,-1
1750,628,702,253,62,52,1,-1,-1,-1
1751,628,702,253,62,52,1,-1,-1,-1
1752,628,702,253,63,52,1,-1,-1,-1
1753,628,702,254,62,52,1,-1,-1,-1
1754,628,702,254,62,52,1,-1,-1,-1
1755,628,702,254,62,52,1,-1,-1,-1
1756,628,702,254,62,52,1,-1,-1,-1
1757,628,702,254,62,52,1,-1,-1,-1
1758,628,702,254,62,52,1,-1,-1,-1
1759,628,702,254,62,52,1,-1,-1,-1
1760,628,702,254,62,52,1,-1,-1,-1
1761,628,702,254,63,51,1,-1,-1,-1
1762,628,702,254,63,50,1,-1,-1,-1
1763,628,702,254,63,51,1,-1,-1,-1
1764,628,702,255,63,51,1,-1,-1,-1
1765,628,702,255,63,50,1,-1,-1,-1
1766,628,702,255,63,50,1,-1,-1,-1
1767,628,702,255,63,50,1,-1,-1,-1
1768,628,702,255,63,50,1,-1,-1,-1
1769,628,702,254,62,48,1,-1,-1,-1
1770,628,702,254,62,48,1,-1,-1,-1
1771,628,702,254,62,48,1,-1,-1,-1
1772,628,702,254,61,48,1,-1,-1,-1
1773,628,702,254,61,48,1,-1,-1,-1
1774,628,702,254,61,47,1,-1,-1,-1
1775,628,702,255,59,35,1,-1,-1,-1
1776,628,702,255,59,35,1,-1,-1,-1
1777,628,702,255,62,50,1,-1,-1,-1
1778,628,702,255,62,50,1,-1,-1,-1
1779,628,702,255,62,51,1,-1,-1,-1
1780,628,702,255,62,51,1,-1,-1,-1
1781,628,702,255,62,51,1,-1,-1,-1
1782,628,702,255,62,51,1,-1,-1,-1
1783,628,702,255,62,51,1,-1,-1,-1
1784,628,702,255,62,51,1,-1,-1,-1
1785,628,702,256,62,52,1,-1,-1,-1
1786,628,702,256,62,52,1,-1,-1,-1
1787,628,702,256,62,52,1,-1,-1,-1
1788,628,702,256,62,52,1,-1,-1,-1
1789,628,702,256,63,52,1,-1,-1,-1
1790,628,702,256,63,52,1,-1,-1,-1
1791,628,702,256,63,52,1,-1,-1,-1
1792,628,702,256,63,52,1,-1,-1,-1
1793,628,702,255,61,51,1,-1,-1,-1
1794,628,702,255,61,51,1,-1,-1,-1
1795,628,702,255,61,51,1,-1,-1,-1
1796,628,702,255,61,51,1,-1,-1,-1
1797,628,702,255,61,51,1,-1,-1,-1
1798,628,702,255,62,51,1,-1,-1,-1
1799,628,702,255,62,51,1,-1,-1,-1
1800,628,702,255,62,51,1,-1,-1,-1
1801,628,702,253,63,52,1,-1,-1,-1
1802,628,702,253,63,52,1,-1,-1,-1
1803,628,702,253,63,53,1,-1,-1,-1
1804,628,702,253,63,52,1,-1,-1,-1
1805,628,702,253,63,52,1,-1,-1,-1
1806,628,702,253,63,52,1,-1,-1,-1
1807,628,702,253,63,52,1,-1,-1,-1
1808,628,702,253,63,52,1,-1,-1,-1
1809,628,702,253,63,53,1,-1,-1,-1
1810,628,702,253,63,53,1,-1,-1,-1
1811,628,702,253,63,53,1,-1,-1,-1
1812,628,702,253,63,53,1,-1,-1,-1
1813,628,702,253,62,53,1,-1,-1,-1
1814,628,702,253,62,53,1,-1,-1,-1
1815,628,702,253,62,53,1,-1,-1,-1
1816,628,702,253,62,53,1,-1,-1,-1
1817,628,702,254,61,51,1,-1,-1,-1
1818,628,702,254,61,51,1,-1,-1,-1
1819,628,702,254,61,51,1,-1,-1,-1
1820,628,702,254,61,51,1,-1,-1,-1
1821,628,702,254,61,51,1,-1,-1,-1
1822,628,702,254,61,51,1,-1,-1,-1
1823,628,702,254,61,52,1,-1,-1,-1
1824,628,702,254,61,52,1,-1,-1,-1
1825,628,702,254,63,53,1,-1,-1,-1
1826,628,702,254,62,53,1,-1,-1,-1
1827,628,702,254,63,52,1,-1,-1,-1
1828,628,702,254,63,52,1,-1,-1,-1
1829,628,702,254,63,52,1,-1,-1,-1
1830,628,702,254,63,52,1,-1,-1,-1
1831,628,702,254,63,52,1,-1,-1,-1
1832,628,702,254,63,53,1,-1,-1,-1
1833,628,702,255,62,53,1,-1,-1,-1
1834,628,702,255,62,53,1,-1,-1,-1
1835,628,702,255,62,53,1,-1,-1,-1
1836,628,702,255,62,52,1,-1,-1,-1
1837,628,702,256,60,52,1,-1,-1,-1
1838,628,702,256,60,51,1,-1,-1,-1
1839,628,702,256,60,51,1,-1,-1,-1
1840,628,702,256,60,51,1,-1,-1,-1
1841,628,702,255,61,52,1,-1,-1,-1
1842,628,702,255,61,52,1,-1,-1,-1
1843,628,702,255,61,52,1,-1,-1,-1
1844,628,702,255,61,52,1,-1,-1,-1
1845,628,702,255,61,51,1,-1,-1,-1
1846,628,702,255,61,50,1,-1,-1,-1
1847,628,702,255,62,51,1,-1,-1,-1
1848,628,702,255,61,51,1,-1,-1,-1
1849,628,702,252,63,51,1,-1,-1,-1
1850,628,702,254,61,43,1,-1,-1,-1
1851,628,702,254,61,46,1,-1,-1,-1
1852,628,702,253,63,49,1,-1,-1,-1
1853,628,702,253,63,52,1,-1,-1,-1
1854,628,702,254,62,53,1,-1,-1,-1
1855,628,702,253,63,54,1,-1,-1,-1
1856,628,702,254,62,53,1,-1,-1,-1
1857,628,701,255,61,52,1,-1,-1,-1
1858,628,702,255,61,52,1,-1,-1,-1
1859,628,702,254,61,53,1,-1,-1,-1
1860,628,702,254,61,54,1,-1,-1,-1
1861,628,702,255,60,54,1,-1,-1,-1
1862,628,702,254,61,55,1,-1,-1,-1
1863,628,702,255,61,56,1,-1,-1,-1
1864,628,702,255,61,55,1,-1,-1,-1
1865,628,702,255,60,54,1,-1,-1,-1
1866,628,702,255,60,54,1,-1,-1,-1
1867,628,702,255,60,53,1,-1,-1,-1
1868,628,702,255,61,50,1,-1,-1,-1
1872,628,702,255,61,50,1,-1,-1,-1
1873,628,702,255,63,50,1,-1,-1,-1
1874,628,702,255,63,50,1,-1,-1,-1
1875,628,702,255,63,51,1,-1,-1,-1
1876,628,702,255,63,51,1,-1,-1,-1
1877,628,702,255,63,51,1,-1,-1,-1
1878,628,702,255,63,49,1,-1,-1,-1
1879,628,702,255,63,49,1,-1,-1,-1
1880,628,702,255,63,49,1,-1,-1,-1
1881,628,702,255,62,51,1,-1,-1,-1
1882,628,702,255,62,51,1,-1,-1,-1
1883,628,702,255,62,51,1,-1,-1,-1
1884,628,702,255,62,52,1,-1,-1,-1
1885,628,702,253,62,53,1,-1,-1,-1
1886,628,702,254,62,54,1,-1,-1,-1
1887,628,702,253,62,54,1,-1,-1,-1
1888,628,702,254,62,53,1,-1,-1,-1
1889,628,702,254,62,53,1,-1,-1,-1
1890,628,702,254,62,53,1,-1,-1,-1
1891,628,702,254,62,53,1,-1,-1,-1
1892,628,702,254,62,53,1,-1,-1,-1
1893,628,702,254,62,52,1,-1,-1,-1
1894,628,702,254,62,53,1,-1,-1,-1
1895,628,702,254,62,51,1,-1,-1,-1
1896,628,702,254,62,51,1,-1,-1,-1
1908,628,702,254,61,52,1,-1,-1,-1
1909,628,702,253,61,53,1,-1,-1,-1
1910,628,702,253,61,54,1,-1,-1,-1
1911,628,702,254,61,53,1,-1,-1,-1
1912,628,702,254,61,53,1,-1,-1,-1
1913,628,702,255,60,53,1,-1,-1,-1
1666,631,670,11,56,32,1,-1,-1,-1
1667,631,668,6,58,36,1,-1,-1,-1
1668,631,664,7,63,35,1,-1,-1,-1
1669,631,660,11,64,31,1,-1,-1,-1
1670,631,655,9,68,33,1,-1,-1,-1
1671,631,653,6,69,36,1,-1,-1,-1
1672,631,652,7,72,34,1,-1,-1,-1
1674,631,643,9,84,33,1,-1,-1,-1
1675,631,641,8,86,33,1,-1,-1,-1
1676,631,637,8,90,34,1,-1,-1,-1
1677,631,633,8,91,35,1,-1,-1,-1
1678,631,629,7,95,36,1,-1,-1,-1
1679,631,625,8,100,35,1,-1,-1,-1
1680,631,623,7,102,36,1,-1,-1,-1
1681,631,620,3,105,40,1,-1,-1,-1
1682,631,617,3,107,41,1,-1,-1,-1
1683,631,615,4,109,40,1,-1,-1,-1
1684,631,611,1,113,43,1,-1,-1,-1
1685,631,609,1,114,43,1,-1,-1,-1
1686,631,607,0,116,44,1,-1,-1,-1
1687,631,605,1,113,43,1,-1,-1,-1
1688,631,602,1,112,44,1,-1,-1,-1
1689,631,600,0,103,45,1,-1,-1,-1
1690,631,599,0,99,46,1,-1,-1,-1
1691,631,597,0,98,45,1,-1,-1,-1
1692,631,596,0,95,46,1,-1,-1,-1
1693,631,594,0,92,46,1,-1,-1,-1
1694,631,593,0,87,47,1,-1,-1,-1
1695,631,630,0,44,45,1,-1,-1,-1
1696,631,627,0,46,45,1,-1,-1,-1
1697,631,624,0,42,45,1,-1,-1,-1
1704,631,586,2,42,48,1,-1,-1,-1
1705,631,586,11,41,39,1,-1,-1,-1
1706,631,585,9,42,42,1,-1,-1,-1
1707,631,585,9,42,43,1,-1,-1,-1
1708,631,585,6,40,46,1,-1,-1,-1
1709,631,585,7,43,45,1,-1,-1,-1
1710,631,586,14,42,39,1,-1,-1,-1
1711,631,586,15,42,39,1,-1,-1,-1
1712,631,586,16,41,39,1,-1,-1,-1
1713,631,586,16,41,39,1,-1,-1,-1
1714,631,587,17,40,39,1,-1,-1,-1
1715,631,587,18,40,39,1,-1,-1,-1
1716,631,587,19,41,39,1,-1,-1,-1
1717,631,587,19,42,39,1,-1,-1,-1
1718,631,587,20,43,40,1,-1,-1,-1
1719,631,587,20,43,40,1,-1,-1,-1
1720,631,588,21,44,39,1,-1,-1,-1
1721,631,589,22,43,39,1,-1,-1,-1
1722,631,590,22,43,40,1,-1,-1,-1
1723,631,592,23,42,39,1,-1,-1,-1
1724,631,592,24,43,40,1,-1,-1,-1
1725,631,593,24,43,41,1,-1,-1,-1
1726,631,594,24,42,42,1,-1,-1,-1
1727,631,595,24,43,42,1,-1,-1,-1
1728,631,596,25,42,42,1,-1,-1,-1
1729,631,598,25,42,43,1,-1,-1,-1
1730,631,598,27,43,42,1,-1,-1,-1
1731,631,598,28,43,41,1,-1,-1,-1
1732,631,598,29,44,41,1,-1,-1,-1
1733,631,598,29,45,42,1,-1,-1,-1
1734,631,595,16,49,56,1,-1,-1,-1
1735,631,595,16,49,56,1,-1,-1,-1
1736,631,597,17,49,57,1,-1,-1,-1
1737,631,600,33,45,42,1,-1,-1,-1
1738,631,600,34,45,43,1,-1,-1,-1
1739,631,601,34,45,44,1,-1,-1,-1
1740,631,601,36,45,43,1,-1,-1,-1
1741,631,601,36,45,43,1,-1,-1,-1
1742,631,600,37,46,43,1,-1,-1,-1
1743,631,601,38,46,43,1,-1,-1,-1
1744,631,601,39,46,43,1,-1,-1,-1
1745,631,601,39,46,45,1,-1,-1,-1
1746,631,601,41,46,44,1,-1,-1,-1
1747,631,601,42,45,44,1,-1,-1,-1
1748,631,601,43,46,44,1,-1,-1,-1
1749,631,602,44,45,45,1,-1,-1,-1
1750,631,602,46,46,44,1,-1,-1,-1
1751,631,602,46,45,44,1,-1,-1,-1
1752,631,602,47,46,45,1,-1,-1,-1
1753,631,601,48,47,45,1,-1,-1,-1
1754,631,601,49,47,46,1,-1,-1,-1
1755,631,601,49,48,46,1,-1,-1,-1
1756,631,601,51,48,45,1,-1,-1,-1
1757,631,600,52,48,44,1,-1,-1,-1
1758,631,601,53,47,45,1,-1,-1,-1
1759,631,601,54,47,45,1,-1,-1,-1
1760,631,601,55,47,46,1,-1,-1,-1
1761,631,600,57,48,47,1,-1,-1,-1
1762,631,600,58,49,47,1,-1,-1,-1
1763,631,600,59,48,47,1,-1,-1,-1
1764,631,599,60,48,47,1,-1,-1,-1
1765,631,599,61,49,48,1,-1,-1,-1
1766,631,598,62,48,48,1,-1,-1,-1
1767,631,598,63,48,48,1,-1,-1,-1
1768,631,598,65,48,48,1,-1,-1,-1
1769,631,597,66,49,48,1,-1,-1,-1
1770,631,596,67,50,49,1,-1,-1,-1
1771,631,596,69,50,49,1,-1,-1,-1
1772,631,596,71,51,48,1,-1,-1,-1
1773,631,595,72,51,49,1,-1,-1,-1
1774,631,595,73,52,49,1,-1,-1,-1
1775,631,595,73,52,50,1,-1,-1,-1
1776,631,595,75,53,51,1,-1,-1,-1
1777,631,594,76,52,51,1,-1,-1,-1
1778,631,594,77,53,51,1,-1,-1,-1
1779,631,594,79,52,51,1,-1,-1,-1
1780,631,595,80,52,52,1,-1,-1,-1
1781,631,595,82,52,52,1,-1,-1,-1
1782,631,595,84,52,51,1,-1,-1,-1
1783,631,594,84,53,52,1,-1,-1,-1
1784,631,594,85,54,54,1,-1,-1,-1
1785,631,594,88,54,52,1,-1,-1,-1
1786,631,594,89,54,53,1,-1,-1,-1
1787,631,593,90,55,53,1,-1,-1,-1
1788,631,593,91,55,54,1,-1,-1,-1
1789,631,593,94,56,53,1,-1,-1,-1
1790,631,592,96,57,54,1,-1,-1,-1
1791,631,592,96,57,55,1,-1,-1,-1
1792,631,592,97,56,56,1,-1,-1,-1
1793,631,592,99,56,56,1,-1,-1,-1
1794,631,591,101,57,56,1,-1,-1,-1
1795,631,591,102,57,56,1,-1,-1,-1
1796,631,591,104,57,57,1,-1,-1,-1
1797,631,590,106,58,56,1,-1,-1,-1
1798,631,589,108,58,57,1,-1,-1,-1
1799,631,588,108,59,58,1,-1,-1,-1
1800,631,588,109,60,59,1,-1,-1,-1
1801,631,587,112,60,58,1,-1,-1,-1
1802,631,586,113,61,58,1,-1,-1,-1
1803,631,585,114,61,59,1,-1,-1,-1
1804,631,584,116,60,59,1,-1,-1,-1
1805,631,583,118,62,59,1,-1,-1,-1
1806,631,582,119,63,61,1,-1,-1,-1
1807,631,582,120,62,61,1,-1,-1,-1
1808,631,580,122,63,61,1,-1,-1,-1
1809,631,578,125,63,61,1,-1,-1,-1
1810,631,577,126,63,62,1,-1,-1,-1
1811,631,577,128,63,62,1,-1,-1,-1
1812,631,576,130,63,62,1,-1,-1,-1
1813,631,574,131,65,63,1,-1,-1,-1
1814,631,574,133,65,64,1,-1,-1,-1
1815,631,573,136,65,63,1,-1,-1,-1
1816,631,572,137,66,65,1,-1,-1,-1
1817,631,572,139,66,65,1,-1,-1,-1
1818,631,572,142,66,65,1,-1,-1,-1
1819,631,572,143,67,66,1,-1,-1,-1
1820,631,571,146,67,66,1,-1,-1,-1
1821,631,571,149,67,66,1,-1,-1,-1
1822,631,571,150,68,67,1,-1,-1,-1
1823,631,571,152,68,67,1,-1,-1,-1
1824,631,571,155,69,68,1,-1,-1,-1
1825,631,572,157,69,69,1,-1,-1,-1
1826,631,572,160,70,68,1,-1,-1,-1
1827,631,572,161,70,70,1,-1,-1,-1
1828,631,573,165,70,70,1,-1,-1,-1
1829,631,573,167,70,70,1,-1,-1,-1
1830,631,574,169,71,71,1,-1,-1,-1
1831,631,575,170,70,72,1,-1,-1,-1
1832,631,575,173,72,72,1,-1,-1,-1
1833,631,575,177,72,71,1,-1,-1,-1
1834,631,576,179,73,73,1,-1,-1,-1
1835,631,576,181,73,73,1,-1,-1,-1
1836,631,576,183,75,75,1,-1,-1,-1
1837,631,576,186,75,74,1,-1,-1,-1
1838,631,578,189,75,74,1,-1,-1,-1
1839,631,578,191,75,75,1,-1,-1,-1
1840,631,578,193,76,75,1,-1,-1,-1
1841,631,579,196,76,76,1,-1,-1,-1
1842,631,579,199,76,76,1,-1,-1,-1
1843,631,579,201,78,77,1,-1,-1,-1
1844,631,580,203,78,78,1,-1,-1,-1
1845,631,581,205,79,79,1,-1,-1,-1
1846,631,581,208,80,79,1,-1,-1,-1
1847,631,583,211,79,78,1,-1,-1,-1
1848,631,583,212,80,80,1,-1,-1,-1
1849,631,582,214,81,81,1,-1,-1,-1
1850,631,583,216,82,82,1,-1,-1,-1
1851,631,582,218,83,82,1,-1,-1,-1
1852,631,582,221,83,82,1,-1,-1,-1
1853,631,583,224,84,82,1,-1,-1,-1
1854,631,583,226,84,83,1,-1,-1,-1
1855,631,582,226,86,86,1,-1,-1,-1
1856,631,582,228,85,86,1,-1,-1,-1
1857,631,582,230,86,86,1,-1,-1,-1
1858,631,581,233,87,87,1,-1,-1,-1
1859,631,581,235,89,86,1,-1,-1,-1
1860,631,580,237,89,86,1,-1,-1,-1
1861,631,579,238,90,89,1,-1,-1,-1
1862,631,579,241,90,88,1,-1,-1,-1
1863,631,578,242,91,89,1,-1,-1,-1
1864,631,577,244,91,90,1,-1,-1,-1
1865,631,576,247,94,90,1,-1,-1,-1
1866,631,576,248,92,91,1,-1,-1,-1
1867,631,574,249,93,91,1,-1,-1,-1
1868,631,573,251,94,92,1,-1,-1,-1
1869,631,572,252,95,94,1,-1,-1,-1
1870,631,570,253,96,95,1,-1,-1,-1
1871,631,568,252,97,97,1,-1,-1,-1
1872,631,567,253,98,99,1,-1,-1,-1
1873,631,563,256,101,98,1,-1,-1,-1
1874,631,562,256,101,100,1,-1,-1,-1
1875,631,560,258,102,100,1,-1,-1,-1
1876,631,560,259,102,102,1,-1,-1,-1
1877,631,559,261,103,102,1,-1,-1,-1
1878,631,558,264,103,101,1,-1,-1,-1
1879,631,557,264,103,103,1,-1,-1,-1
1880,631,556,265,104,105,1,-1,-1,-1
1881,631,556,266,106,105,1,-1,-1,-1
1882,631,554,266,107,107,1,-1,-1,-1
1883,631,551,230,112,145,1,-1,-1,-1
1884,631,553,267,110,110,1,-1,-1,-1
1885,631,552,267,111,112,1,-1,-1,-1
1886,631,552,271,113,110,1,-1,-1,-1
1887,631,551,273,114,110,1,-1,-1,-1
1888,631,551,272,116,113,1,-1,-1,-1
1889,631,550,272,118,115,1,-1,-1,-1
1890,631,551,276,119,113,1,-1,-1,-1
1891,631,550,274,121,117,1,-1,-1,-1
1892,631,548,238,125,156,1,-1,-1,-1
1893,631,548,239,129,157,1,-1,-1,-1
1894,631,553,279,124,120,1,-1,-1,-1
1895,631,556,277,122,123,1,-1,-1,-1
1896,631,557,278,123,125,1,-1,-1,-1
1897,631,556,279,126,127,1,-1,-1,-1
1898,631,556,278,129,130,1,-1,-1,-1
1899,631,557,282,129,128,1,-1,-1,-1
1900,631,558,282,130,130,1,-1,-1,-1
1901,631,556,283,132,132,1,-1,-1,-1
1902,631,553,238,138,180,1,-1,-1,-1
1903,631,555,239,137,181,1,-1,-1,-1
1904,631,556,238,137,185,1,-1,-1,-1
1905,631,556,242,139,184,1,-1,-1,-1
1906,631,557,292,139,137,1,-1,-1,-1
1907,631,557,295,140,136,1,-1,-1,-1
1908,631,556,296,143,139,1,-1,-1,-1
1909,631,556,296,146,142,1,-1,-1,-1
1910,631,555,297,147,144,1,-1,-1,-1
1911,631,555,298,148,145,1,-1,-1,-1
1912,631,554,298,149,149,1,-1,-1,-1
1913,631,553,301,151,149,1,-1,-1,-1
1914,631,552,302,153,151,1,-1,-1,-1
1915,631,551,303,154,153,1,-1,-1,-1
1916,631,549,304,157,157,1,-1,-1,-1
1917,631,545,244,161,220,1,-1,-1,-1
1918,631,543,247,164,221,1,-1,-1,-1
1919,631,541,247,165,223,1,-1,-1,-1
1920,631,538,306,166,169,1,-1,-1,-1
1921,631,534,312,169,166,1,-1,-1,-1
1922,631,530,314,173,169,1,-1,-1,-1
1923,631,528,316,175,170,1,-1,-1,-1
1924,631,519,316,183,174,1,-1,-1,-1
1925,631,516,320,183,175,1,-1,-1,-1
1926,631,509,255,192,245,1,-1,-1,-1
1927,631,502,260,194,242,1,-1,-1,-1
1928,631,501,311,186,196,1,-1,-1,-1
1857,639,578,198,92,74,1,-1,-1,-1
1858,639,577,204,94,71,1,-1,-1,-1
1859,639,577,202,94,75,1,-1,-1,-1
1860,639,577,204,95,74,1,-1,-1,-1
1861,639,577,204,95,74,1,-1,-1,-1
1862,639,576,209,96,70,1,-1,-1,-1
1863,639,575,208,96,73,1,-1,-1,-1
1865,639,574,209,98,81,1,-1,-1,-1
1868,639,569,220,101,73,1,-1,-1,-1
1869,639,568,225,102,67,1,-1,-1,-1
1870,639,566,226,105,69,1,-1,-1,-1
1871,639,563,229,106,71,1,-1,-1,-1
1862,640,633,216,39,64,1,-1,-1,-1
1863,640,633,218,39,63,1,-1,-1,-1
1864,640,633,220,40,63,1,-1,-1,-1
1866,640,631,225,41,64,1,-1,-1,-1
1867,640,630,225,41,67,1,-1,-1,-1
1912,641,547,267,67,101,1,-1,-1,-1
1913,641,546,269,68,101,1,-1,-1,-1
1914,641,544,269,69,104,1,-1,-1,-1
1915,641,543,270,70,103,1,-1,-1,-1
1916,641,541,271,70,104,1,-1,-1,-1
