frame,bbox_topleft_x,bbox_topleft_y,bbox_width,bbox_height,track_id,color,type,speed
0,767,339,141,122,2,7,5,0
1,768,339,140,121,2,7,5,0
2,768,339,140,121,2,7,5,0
3,768,339,140,121,2,7,5,0
4,768,339,140,121,2,7,5,0
5,768,339,140,121,2,7,5,0
6,768,339,140,121,2,7,5,0
7,768,339,140,121,2,7,5,0
8,768,339,140,121,2,7,5,0
9,768,339,140,121,2,7,5,0
10,768,339,140,121,2,7,5,0
11,768,339,140,121,2,7,5,0
12,768,340,140,121,2,7,5,0
13,768,339,140,121,2,7,5,0
14,768,339,140,121,2,7,5,0
15,768,339,140,121,2,7,5,0
16,768,339,139,121,2,7,5,0
17,768,339,139,121,2,7,5,0
18,768,339,139,121,2,7,5,0
19,768,339,139,121,2,7,5,0
20,768,339,140,121,2,7,5,0
21,768,339,140,121,2,7,5,0
22,768,339,139,121,2,7,5,0
23,768,339,139,121,2,7,5,0
24,768,339,140,121,2,7,5,0
25,768,339,140,121,2,7,5,0
26,768,339,140,121,2,7,5,0
27,768,339,140,121,2,7,5,0
28,768,339,140,121,2,7,5,0
29,768,339,140,121,2,7,5,0
30,768,339,140,121,2,7,5,0
31,768,339,140,121,2,7,5,0
32,768,339,140,121,2,7,5,0
33,768,339,140,121,2,7,5,0
34,768,339,140,121,2,7,5,0
35,768,339,140,121,2,7,5,0
36,768,339,140,121,2,7,5,0
37,768,339,140,121,2,7,5,0
38,768,339,140,121,2,7,5,0
39,768,339,140,121,2,7,5,0
40,768,339,140,121,2,7,5,0
41,768,339,140,121,2,7,5,0
42,768,339,140,121,2,7,5,0
43,768,339,140,121,2,7,5,0
44,768,339,140,121,2,7,5,0
45,768,339,140,121,2,7,5,0
46,768,339,140,121,2,7,5,0
47,768,339,140,121,2,7,5,0
48,768,339,140,121,2,7,5,0
49,768,339,140,121,2,7,5,0
50,768,339,140,121,2,7,5,0
51,768,339,140,121,2,7,5,0
52,768,339,140,121,2,7,5,0
53,768,339,140,121,2,7,5,0
54,768,339,140,121,2,7,5,0
55,768,339,140,121,2,7,5,0
56,768,339,140,121,2,7,5,0
57,768,339,140,121,2,7,5,0
58,768,339,140,121,2,7,5,0
59,768,339,140,121,2,7,5,0
60,768,339,139,121,2,7,5,0
61,768,339,139,121,2,7,5,0
62,768,339,139,121,2,7,5,0
63,768,339,139,121,2,7,5,0
64,768,339,140,121,2,7,5,0
65,768,339,139,121,2,7,5,0
66,768,339,139,121,2,7,5,0
67,768,339,140,121,2,7,5,0
68,768,339,140,121,2,7,5,0
69,768,339,140,121,2,7,5,0
70,768,339,140,121,2,7,5,0
71,768,339,140,121,2,7,5,0
72,768,339,140,121,2,7,5,0
73,768,339,140,121,2,7,5,0
74,768,339,140,121,2,7,5,0
75,768,339,140,121,2,7,5,0
76,768,339,140,121,2,7,5,0
77,768,339,140,121,2,7,5,0
78,768,339,140,121,2,7,5,0
79,768,339,140,121,2,7,5,0
80,768,339,140,121,2,7,5,0
81,768,339,140,121,2,7,5,0
82,768,339,140,121,2,7,5,0
83,768,339,140,121,2,7,5,0
84,768,339,140,121,2,7,5,0
85,768,339,140,121,2,7,5,0
86,768,339,140,121,2,7,5,0
87,768,339,140,121,2,7,5,0
88,768,339,140,121,2,7,5,0
89,768,339,140,121,2,7,5,0
90,768,339,140,121,2,7,5,0
91,768,339,140,121,2,7,5,0
92,768,339,140,121,2,7,5,0
93,768,339,140,121,2,7,5,0
94,768,339,140,121,2,7,5,0
95,768,339,140,121,2,7,5,0
96,768,339,140,121,2,7,5,0
97,768,339,140,121,2,7,5,0
98,768,339,140,121,2,7,5,0
99,768,339,140,121,2,7,5,0
100,768,339,140,121,2,7,5,0
101,768,339,140,121,2,7,5,0
102,768,339,140,121,2,7,5,0
103,768,339,140,121,2,7,5,0
104,768,339,141,121,2,7,5,0
105,768,339,141,121,2,7,5,0
106,768,339,141,121,2,7,5,0
107,768,339,141,121,2,7,5,0
108,768,339,140,121,2,7,5,0
109,768,340,140,121,2,7,5,0
110,768,340,140,121,2,7,5,0
111,768,340,140,121,2,7,5,0
112,768,339,140,121,2,7,5,0
113,768,339,140,121,2,7,5,0
114,768,339,140,121,2,7,5,0
115,768,339,140,121,2,7,5,0
116,768,339,140,121,2,7,5,0
117,768,339,140,121,2,7,5,0
118,768,339,140,121,2,7,5,0
119,768,339,140,121,2,7,5,0
120,768,340,140,121,2,7,5,0
121,768,340,140,121,2,7,5,0
122,768,340,140,121,2,7,5,0
123,768,340,140,121,2,7,5,0
124,768,340,140,121,2,7,5,0
125,768,340,140,121,2,7,5,0
126,768,340,140,121,2,7,5,0
127,768,340,140,121,2,7,5,0
128,768,340,140,121,2,7,5,0
129,768,340,140,121,2,7,5,0
130,768,340,140,121,2,7,5,0
131,768,340,140,121,2,7,5,0
132,768,340,139,121,2,7,5,0
133,768,340,139,121,2,7,5,0
134,768,340,140,121,2,7,5,0
135,768,340,140,121,2,7,5,0
136,768,339,139,121,2,7,5,0
137,768,339,139,121,2,7,5,0
138,768,339,139,121,2,7,5,0
139,768,339,139,121,2,7,5,0
140,768,339,139,121,2,7,5,0
141,768,339,139,121,2,7,5,0
142,768,339,139,121,2,7,5,0
143,768,339,139,121,2,7,5,0
144,768,340,140,121,2,7,5,0
145,768,340,140,121,2,7,5,0
146,768,340,140,121,2,7,5,0
147,768,340,140,121,2,7,5,0
148,768,340,140,121,2,7,5,0
149,768,340,140,121,2,7,5,0
150,768,340,139,121,2,7,5,0
151,768,340,139,121,2,7,5,0
152,768,340,139,121,2,7,5,0
153,768,340,139,121,2,7,5,0
154,768,340,139,121,2,7,5,0
155,768,340,139,121,2,7,5,0
156,768,340,139,121,2,7,5,0
157,768,340,139,121,2,7,5,0
158,768,340,139,121,2,7,5,0
159,768,340,139,121,2,7,5,0
160,768,340,139,121,2,7,5,0
161,768,340,139,121,2,7,5,0
162,768,340,139,121,2,7,5,0
163,768,340,139,121,2,7,5,0
164,768,340,139,121,2,7,5,0
165,768,340,139,121,2,7,5,0
166,768,340,139,121,2,7,5,0
167,768,340,139,121,2,7,5,0
168,768,339,139,121,2,7,5,0
169,768,339,139,121,2,7,5,0
170,768,339,139,121,2,7,5,0
171,768,339,139,121,2,7,5,0
172,768,339,139,121,2,7,5,0
173,768,339,140,121,2,7,5,0
174,768,339,139,121,2,7,5,0
175,768,339,139,121,2,7,5,0
176,768,339,139,121,2,7,5,0
177,768,339,139,121,2,7,5,0
178,768,339,139,121,2,7,5,0
179,768,339,139,121,2,7,5,0
180,768,339,139,121,2,7,5,0
181,768,339,139,121,2,7,5,0
182,768,339,139,121,2,7,5,0
183,768,339,139,121,2,7,5,0
184,768,340,139,121,2,7,5,0
185,768,340,139,121,2,7,5,0
186,768,340,139,121,2,7,5,0
187,768,340,139,121,2,7,5,0
188,768,340,139,121,2,7,5,0
189,768,340,139,121,2,7,5,0
190,768,340,139,121,2,7,5,0
191,768,340,139,121,2,7,5,0
192,768,340,140,121,2,7,5,0
193,768,340,140,121,2,7,5,0
194,768,340,140,121,2,7,5,0
195,768,340,140,121,2,7,5,0
196,768,340,140,121,2,7,5,0
197,768,340,140,121,2,7,5,0
198,768,340,140,121,2,7,5,0
199,768,340,140,121,2,7,5,0
200,768,340,139,121,2,7,5,0
201,768,340,139,121,2,7,5,0
202,768,340,139,121,2,7,5,0
203,768,340,139,121,2,7,5,0
204,768,339,140,121,2,7,5,0
205,768,339,140,121,2,7,5,0
206,768,339,140,121,2,7,5,0
207,768,339,140,121,2,7,5,0
208,768,340,140,121,2,7,5,0
209,768,340,140,121,2,7,5,0
210,768,340,140,121,2,7,5,0
211,768,340,140,121,2,7,5,0
212,768,340,140,121,2,7,5,0
213,768,340,140,121,2,7,5,0
214,768,340,140,121,2,7,5,0
215,768,340,140,121,2,7,5,0
216,768,340,140,121,2,7,5,0
217,768,340,140,121,2,7,5,0
218,768,340,140,121,2,7,5,0
219,768,340,140,121,2,7,5,0
220,768,340,140,121,2,7,5,0
221,768,340,140,121,2,7,5,0
222,768,340,140,121,2,7,5,0
223,768,340,140,121,2,7,5,0
224,768,340,139,121,2,7,5,0
225,768,340,139,121,2,7,5,0
226,768,340,139,121,2,7,5,0
227,768,340,139,121,2,7,5,0
228,768,340,139,121,2,7,5,0
229,768,340,139,121,2,7,5,0
230,768,340,139,121,2,7,5,0
231,768,340,139,121,2,7,5,0
232,768,340,140,121,2,7,5,0
233,768,340,140,121,2,7,5,0
234,768,340,140,121,2,7,5,0
235,768,340,140,121,2,7,5,0
236,768,340,140,121,2,7,5,0
237,768,340,140,121,2,7,5,0
238,768,340,140,121,2,7,5,0
239,768,340,140,121,2,7,5,0
240,768,340,140,121,2,7,5,0
241,768,340,140,121,2,7,5,0
242,768,340,140,121,2,7,5,0
243,768,340,140,121,2,7,5,0
244,768,340,140,121,2,7,5,0
245,768,340,140,121,2,7,5,0
246,768,340,140,121,2,7,5,0
247,768,340,140,121,2,7,5,0
248,768,340,140,121,2,7,5,0
249,768,340,140,121,2,7,5,0
250,768,340,139,121,2,7,5,0
251,768,340,139,121,2,7,5,0
252,768,339,139,121,2,7,5,0
253,768,339,139,121,2,7,5,0
254,768,339,139,121,2,7,5,0
255,768,339,139,121,2,7,5,0
256,768,339,140,121,2,7,5,0
257,768,339,140,121,2,7,5,0
258,768,339,140,121,2,7,5,0
259,768,339,140,121,2,7,5,0
260,768,339,140,121,2,7,5,0
261,768,339,140,121,2,7,5,0
262,768,339,140,121,2,7,5,0
263,768,339,140,121,2,7,5,0
264,768,339,139,121,2,7,5,0
265,768,339,139,121,2,7,5,0
266,768,339,139,121,2,7,5,0
267,768,339,139,121,2,7,5,0
268,768,339,139,121,2,7,5,0
269,768,339,139,121,2,7,5,0
270,768,339,139,121,2,7,5,0
271,768,339,139,121,2,7,5,0
272,768,340,139,121,2,7,5,0
273,768,340,139,121,2,7,5,0
274,768,340,139,121,2,7,5,0
275,768,340,139,121,2,7,5,0
276,768,340,140,121,2,7,5,0
277,768,340,140,121,2,7,5,0
278,768,340,140,121,2,7,5,0
279,768,340,140,121,2,7,5,0
280,768,340,140,121,2,7,5,0
281,768,340,140,121,2,7,5,0
282,768,340,140,121,2,7,5,0
283,768,340,140,121,2,7,5,0
284,768,340,140,121,2,7,5,0
285,768,340,140,121,2,7,5,0
286,768,340,140,121,2,7,5,0
287,768,340,140,121,2,7,5,0
288,768,339,140,121,2,7,5,0
289,768,339,140,121,2,7,5,0
290,768,339,140,121,2,7,5,0
291,768,339,140,121,2,7,5,0
292,768,339,140,121,2,7,5,0
293,768,339,140,121,2,7,5,0
294,768,339,140,121,2,7,5,0
295,768,339,140,121,2,7,5,0
296,768,340,140,121,2,7,5,0
297,768,340,140,121,2,7,5,0
298,768,340,140,121,2,7,5,0
299,768,340,140,121,2,7,5,0
300,768,340,140,121,2,7,5,0
301,768,340,140,121,2,7,5,0
302,768,340,140,121,2,7,5,0
303,768,340,140,121,2,7,5,0
304,768,340,139,121,2,7,5,0
305,768,340,139,121,2,7,5,0
306,768,340,139,121,2,7,5,0
307,768,340,140,121,2,7,5,0
308,768,340,139,121,2,7,5,0
309,768,340,139,121,2,7,5,0
310,768,340,139,121,2,7,5,0
311,768,340,139,121,2,7,5,0
312,768,339,139,121,2,7,5,0
313,768,339,139,121,2,7,5,0
314,768,339,139,121,2,7,5,0
315,768,339,139,121,2,7,5,0
316,768,339,139,121,2,7,5,0
317,768,339,139,121,2,7,5,0
318,768,339,139,121,2,7,5,0
319,768,339,139,121,2,7,5,0
320,768,340,140,121,2,7,5,0
321,768,340,140,121,2,7,5,0
322,768,340,140,121,2,7,5,0
323,768,340,140,121,2,7,5,0
324,768,339,140,121,2,7,5,0
325,768,339,140,121,2,7,5,0
326,768,340,140,121,2,7,5,0
327,768,340,140,121,2,7,5,0
328,768,340,139,121,2,7,5,0
329,768,340,139,121,2,7,5,0
330,768,340,139,121,2,7,5,0
331,768,340,139,121,2,7,5,0
332,768,340,139,121,2,7,5,0
333,768,340,139,121,2,7,5,0
334,768,340,139,121,2,7,5,0
335,768,340,139,121,2,7,5,0
336,768,339,140,121,2,7,5,0
337,768,339,140,121,2,7,5,0
338,768,339,140,121,2,7,5,0
339,768,340,140,121,2,7,5,0
340,768,340,140,121,2,7,5,0
341,768,339,140,121,2,7,5,0
342,768,339,140,121,2,7,5,0
343,768,339,140,121,2,7,5,0
344,768,340,140,121,2,7,5,0
345,768,340,140,121,2,7,5,0
346,768,340,140,121,2,7,5,0
347,768,340,140,121,2,7,5,0
348,768,340,140,121,2,7,5,0
349,768,340,140,121,2,7,5,0
350,768,340,140,121,2,7,5,0
351,768,340,140,121,2,7,5,0
352,768,340,141,120,2,7,5,0
353,768,340,141,120,2,7,5,0
354,768,340,141,120,2,7,5,0
355,768,340,141,120,2,7,5,0
356,768,340,141,120,2,7,5,0
357,768,340,140,120,2,7,5,0
358,768,340,140,120,2,7,5,0
359,768,340,140,120,2,7,5,0
360,768,340,140,121,2,7,5,0
361,768,340,140,121,2,7,5,0
362,768,340,140,121,2,7,5,0
363,768,340,140,121,2,7,5,0
364,768,340,140,121,2,7,5,0
365,768,340,140,121,2,7,5,0
366,768,340,140,121,2,7,5,0
367,768,340,140,121,2,7,5,0
368,768,340,139,121,2,7,5,0
369,768,340,139,121,2,7,5,0
370,768,340,139,121,2,7,5,0
371,768,340,139,121,2,7,5,0
372,768,340,139,121,2,7,5,0
373,768,340,140,121,2,7,5,0
374,768,340,139,121,2,7,5,0
375,768,340,139,121,2,7,5,0
376,768,340,139,121,2,7,5,0
377,768,340,139,121,2,7,5,0
378,768,340,139,121,2,7,5,0
379,768,340,139,121,2,7,5,0
380,768,340,139,121,2,7,5,0
381,768,340,139,121,2,7,5,0
382,768,340,139,121,2,7,5,0
383,768,340,139,121,2,7,5,0
384,768,340,139,121,2,7,5,0
385,768,340,139,121,2,7,5,0
386,768,340,139,121,2,7,5,0
387,768,340,139,121,2,7,5,0
388,768,340,139,121,2,7,5,0
389,768,340,139,121,2,7,5,0
390,768,340,139,121,2,7,5,0
391,768,340,139,121,2,7,5,0
392,768,340,140,121,2,7,5,0
393,768,340,140,121,2,7,5,0
394,768,340,140,121,2,7,5,0
395,768,340,140,121,2,7,5,0
396,768,340,140,121,2,7,5,0
397,768,340,140,121,2,7,5,0
398,768,340,140,121,2,7,5,0
399,768,340,140,121,2,7,5,0
400,767,340,140,121,2,7,5,0
401,767,340,140,121,2,7,5,0
402,767,340,140,121,2,7,5,0
403,768,340,140,121,2,7,5,0
404,768,340,140,121,2,7,5,0
405,768,340,140,121,2,7,5,0
406,768,340,140,121,2,7,5,0
407,768,340,140,121,2,7,5,0
408,768,340,140,121,2,7,5,0
409,768,340,140,121,2,7,5,0
410,768,340,140,121,2,7,5,0
411,768,340,140,121,2,7,5,0
412,768,340,140,121,2,7,5,0
413,768,340,140,121,2,7,5,0
414,767,340,140,121,2,7,5,0
415,767,340,140,121,2,7,5,0
416,768,339,140,121,2,7,5,0
417,768,339,140,121,2,7,5,0
418,768,339,140,121,2,7,5,0
419,768,339,140,121,2,7,5,0
420,768,339,140,121,2,7,5,0
421,768,339,140,121,2,7,5,0
422,768,339,140,121,2,7,5,0
423,768,339,140,121,2,7,5,0
424,768,339,140,121,2,7,5,0
425,768,339,140,121,2,7,5,0
426,768,339,140,121,2,7,5,0
427,768,340,140,121,2,7,5,0
428,768,340,140,121,2,7,5,0
429,768,340,140,121,2,7,5,0
430,768,340,140,121,2,7,5,0
431,768,340,140,121,2,7,5,0
432,768,340,140,121,2,7,5,0
433,768,340,140,121,2,7,5,0
434,768,340,140,121,2,7,5,0
435,768,340,140,121,2,7,5,0
436,768,340,140,121,2,7,5,0
437,768,340,140,121,2,7,5,0
438,768,340,140,121,2,7,5,0
439,768,340,140,121,2,7,5,0
440,768,339,140,121,2,7,5,0
441,768,339,140,121,2,7,5,0
442,768,339,140,121,2,7,5,0
443,768,339,140,121,2,7,5,0
444,768,339,139,121,2,7,5,0
445,768,339,139,121,2,7,5,0
446,768,339,139,121,2,7,5,0
447,768,339,139,121,2,7,5,0
448,768,339,139,121,2,7,5,0
449,768,339,139,121,2,7,5,0
450,768,339,139,121,2,7,5,0
451,768,339,139,121,2,7,5,0
452,769,339,139,121,2,7,5,0
453,769,339,139,121,2,7,5,0
454,769,339,139,121,2,7,5,0
455,769,340,139,121,2,7,5,0
456,768,339,140,121,2,7,5,0
457,768,339,140,121,2,7,5,0
458,768,339,140,121,2,7,5,0
459,768,339,140,121,2,7,5,0
460,768,340,140,121,2,7,5,0
461,768,340,140,121,2,7,5,0
462,768,340,140,121,2,7,5,0
463,768,340,140,121,2,7,5,0
464,768,340,140,121,2,7,5,0
465,768,340,140,121,2,7,5,0
466,768,340,140,121,2,7,5,0
467,768,340,140,121,2,7,5,0
468,768,339,140,121,2,7,5,0
469,768,339,140,121,2,7,5,0
470,768,339,140,121,2,7,5,0
471,768,340,140,121,2,7,5,0
472,768,340,139,121,2,7,5,0
473,768,340,139,121,2,7,5,0
474,768,340,139,121,2,7,5,0
475,768,340,139,121,2,7,5,0
476,768,340,139,121,2,7,5,0
477,768,340,139,121,2,7,5,0
478,768,340,139,121,2,7,5,0
479,768,340,139,121,2,7,5,0
480,768,340,140,121,2,7,5,0
481,768,340,140,121,2,7,5,0
482,768,340,140,121,2,7,5,0
483,768,340,140,121,2,7,5,0
484,768,340,140,121,2,7,5,0
485,768,340,140,121,2,7,5,0
486,768,340,140,121,2,7,5,0
487,768,340,140,121,2,7,5,0
488,768,340,139,121,2,7,5,0
489,768,340,139,121,2,7,5,0
490,768,340,139,121,2,7,5,0
491,768,340,139,121,2,7,5,0
492,768,340,139,121,2,7,5,0
493,768,340,139,121,2,7,5,0
494,768,340,139,121,2,7,5,0
495,768,340,139,121,2,7,5,0
496,768,340,139,121,2,7,5,0
497,768,339,139,121,2,7,5,0
498,768,340,139,121,2,7,5,0
499,768,340,139,121,2,7,5,0
500,768,340,140,121,2,7,5,0
501,768,340,140,121,2,7,5,0
502,768,340,140,121,2,7,5,0
503,768,340,140,121,2,7,5,0
504,768,339,140,121,2,7,5,0
505,768,339,140,121,2,7,5,0
506,768,339,140,121,2,7,5,0
507,768,340,140,121,2,7,5,0
508,768,339,140,121,2,7,5,0
509,768,339,140,121,2,7,5,0
510,768,339,140,121,2,7,5,0
511,768,339,140,121,2,7,5,0
512,768,340,140,121,2,7,5,0
513,768,340,140,121,2,7,5,0
514,768,340,140,121,2,7,5,0
515,768,340,140,121,2,7,5,0
516,767,340,140,121,2,7,5,0
517,767,339,141,122,2,7,5,0
518,767,339,140,121,2,7,5,0
519,767,340,140,121,2,7,5,0
520,768,339,140,121,2,7,5,0
521,767,339,140,121,2,7,5,0
522,768,339,140,121,2,7,5,0
523,768,339,140,121,2,7,5,0
524,767,339,140,120,2,7,5,0
525,768,339,141,121,2,7,5,0
526,767,340,140,120,2,7,5,0
527,768,339,140,121,2,7,5,0
528,768,340,140,119,2,7,5,0
529,768,340,140,119,2,7,5,1
530,768,340,140,120,2,7,5,1
531,768,339,139,119,2,7,5,3
532,768,340,139,118,2,7,5,4
533,768,339,140,117,2,7,5,7
534,768,339,140,117,2,7,5,10
535,769,340,138,110,2,7,5,13
536,770,340,137,107,2,7,5,14
537,770,340,137,107,2,7,5,14
538,770,340,137,107,2,7,5,14
539,771,340,136,108,2,7,5,11
540,773,340,134,108,2,7,5,8
541,774,340,134,108,2,7,5,4
542,774,340,134,108,2,7,5,3
543,774,340,134,108,2,7,5,3
544,772,339,135,109,2,7,5,4
545,772,339,135,112,2,7,5,7
546,773,339,135,116,2,7,5,10
547,773,339,135,118,2,7,5,12
548,771,339,136,120,2,7,5,14
549,771,339,136,121,2,7,5,14
550,771,339,136,121,2,7,5,13
551,770,339,137,121,2,7,5,10
552,768,339,139,121,2,7,5,7
553,768,339,140,121,2,7,5,4
554,767,339,140,121,2,7,5,2
555,768,339,140,121,2,7,5,1
556,767,339,140,121,2,7,5,0
557,768,339,139,121,2,7,5,0
558,768,339,139,121,2,7,5,0
559,769,339,139,121,2,7,5,0
560,768,339,140,121,2,7,5,0
561,768,339,140,121,2,7,5,0
562,768,339,139,121,2,7,5,0
563,768,339,139,121,2,7,5,0
564,768,339,139,121,2,7,5,0
565,768,339,139,121,2,7,5,0
566,768,339,139,121,2,7,5,0
567,768,339,139,121,2,7,5,0
568,768,340,139,121,2,7,5,0
569,768,340,139,121,2,7,5,0
570,768,340,139,121,2,7,5,0
571,768,340,140,121,2,7,5,0
572,768,340,139,121,2,7,5,0
573,768,339,140,121,2,7,5,0
574,767,339,140,121,2,7,5,0
575,767,339,140,121,2,7,5,0
576,768,340,140,120,2,7,5,0
577,768,340,139,120,2,7,5,0
578,768,340,140,120,2,7,5,0
579,768,340,140,121,2,7,5,0
580,768,340,139,121,2,7,5,0
581,768,340,140,121,2,7,5,0
582,768,340,139,121,2,7,5,0
583,768,340,140,121,2,7,5,0
584,768,340,140,121,2,7,5,0
585,768,340,140,121,2,7,5,0
586,768,340,140,121,2,7,5,0
587,768,340,140,121,2,7,5,0
588,768,339,140,121,2,7,5,0
589,768,339,140,121,2,7,5,0
590,767,339,141,121,2,7,5,0
591,768,339,141,121,2,7,5,0
592,768,340,139,121,2,7,5,0
593,768,340,140,121,2,7,5,0
594,768,340,140,121,2,7,5,0
595,768,340,140,121,2,7,5,0
596,768,340,140,121,2,7,5,0
597,768,340,140,121,2,7,5,0
598,768,340,140,121,2,7,5,0
599,768,340,140,121,2,7,5,0
600,768,340,140,120,2,7,5,0
601,768,340,140,120,2,7,5,0
602,768,340,140,120,2,7,5,0
603,768,340,140,120,2,7,5,0
604,768,340,140,120,2,7,5,0
605,768,340,140,120,2,7,5,0
606,768,340,140,120,2,7,5,0
607,768,340,140,120,2,7,5,0
608,768,340,140,120,2,7,5,0
609,768,340,140,120,2,7,5,0
610,768,340,140,120,2,7,5,0
611,768,340,140,120,2,7,5,0
612,768,340,140,120,2,7,5,0
613,767,340,140,120,2,7,5,0
614,767,340,140,120,2,7,5,0
615,767,340,140,121,2,7,5,0
616,768,340,140,121,2,7,5,0
617,768,340,140,121,2,7,5,0
618,768,340,140,121,2,7,5,0
619,768,340,140,121,2,7,5,0
620,768,340,140,121,2,7,5,0
621,768,340,140,121,2,7,5,0
622,768,340,140,120,2,7,5,0
623,768,340,140,120,2,7,5,0
624,768,340,140,121,2,7,5,0
625,768,340,140,121,2,7,5,0
626,768,340,140,121,2,7,5,0
627,768,340,140,121,2,7,5,0
628,768,340,140,121,2,7,5,0
629,768,340,140,121,2,7,5,0
630,768,340,140,121,2,7,5,0
631,768,340,140,121,2,7,5,0
632,768,340,140,121,2,7,5,0
633,768,340,140,121,2,7,5,0
634,768,340,140,121,2,7,5,0
635,768,340,140,121,2,7,5,0
636,768,340,140,121,2,7,5,0
637,768,340,140,121,2,7,5,0
638,768,340,140,121,2,7,5,0
639,768,340,140,121,2,7,5,0
640,768,340,139,121,2,7,5,0
641,768,340,140,121,2,7,5,0
642,768,340,140,121,2,7,5,0
643,768,340,139,121,2,7,5,0
644,768,340,140,121,2,7,5,0
645,768,340,139,121,2,7,5,0
646,768,340,140,121,2,7,5,0
647,768,340,139,121,2,7,5,0
648,768,340,140,121,2,7,5,0
649,768,340,140,121,2,7,5,0
650,768,340,140,121,2,7,5,0
651,768,340,140,121,2,7,5,0
652,768,340,140,121,2,7,5,0
653,768,340,140,121,2,7,5,0
654,768,340,140,121,2,7,5,0
655,768,339,140,121,2,7,5,0
656,768,340,140,121,2,7,5,0
657,768,340,140,121,2,7,5,0
658,768,340,140,121,2,7,5,0
659,768,340,140,121,2,7,5,0
660,768,340,140,120,2,7,5,0
661,768,340,139,121,2,7,5,0
662,768,340,139,120,2,7,5,0
663,768,340,139,120,2,7,5,0
664,768,340,140,120,2,7,5,0
665,768,340,140,121,2,7,5,0
666,768,340,140,121,2,7,5,0
667,768,340,140,120,2,7,5,0
668,768,340,140,121,2,7,5,0
669,768,339,140,121,2,7,5,0
670,768,339,140,121,2,7,5,0
671,768,339,140,121,2,7,5,0
672,768,340,139,121,2,7,5,0
673,768,340,139,121,2,7,5,0
674,768,340,139,121,2,7,5,0
675,768,339,139,121,2,7,5,0
676,768,340,139,121,2,7,5,0
677,769,340,139,121,2,7,5,0
678,768,340,139,121,2,7,5,0
679,769,340,139,121,2,7,5,0
680,768,340,140,121,2,7,5,0
681,768,340,140,121,2,7,5,0
682,768,339,140,121,2,7,5,0
683,768,339,140,121,2,7,5,0
684,768,340,140,121,2,7,5,0
685,768,340,140,121,2,7,5,0
686,768,340,140,121,2,7,5,0
687,768,340,140,121,2,7,5,0
688,768,340,140,121,2,7,5,0
689,768,340,140,121,2,7,5,0
690,768,340,140,120,2,7,5,0
691,768,340,140,121,2,7,5,0
692,768,340,140,121,2,7,5,0
693,768,340,140,121,2,7,5,0
694,768,340,140,121,2,7,5,0
695,768,340,140,121,2,7,5,0
696,767,340,140,121,2,7,5,0
697,767,340,140,121,2,7,5,0
698,767,340,140,121,2,7,5,0
699,767,340,140,121,2,7,5,0
700,768,339,140,121,2,7,5,0
701,768,339,140,121,2,7,5,0
702,767,340,140,121,2,7,5,0
703,768,339,140,121,2,7,5,0
704,768,340,140,121,2,7,5,0
705,768,340,140,121,2,7,5,0
706,768,339,140,121,2,7,5,0
707,768,340,140,121,2,7,5,0
708,768,340,140,121,2,7,5,0
709,768,340,140,121,2,7,5,0
710,768,340,140,121,2,7,5,0
711,768,340,140,121,2,7,5,0
712,768,340,140,121,2,7,5,0
713,768,340,140,121,2,7,5,0
714,768,340,140,121,2,7,5,0
715,768,340,140,121,2,7,5,0
716,767,340,140,121,2,7,5,0
717,767,340,140,121,2,7,5,0
718,767,340,140,121,2,7,5,0
719,767,340,140,121,2,7,5,0
720,768,340,139,121,2,7,5,0
721,768,340,139,121,2,7,5,0
722,768,340,139,121,2,7,5,0
723,768,340,139,121,2,7,5,0
724,768,339,139,121,2,7,5,0
725,768,339,139,121,2,7,5,0
726,768,340,139,121,2,7,5,0
727,768,339,139,121,2,7,5,0
728,768,339,139,121,2,7,5,0
729,768,339,139,121,2,7,5,0
730,768,339,139,121,2,7,5,0
731,768,339,139,121,2,7,5,0
732,768,339,139,122,2,7,5,0
733,768,339,139,121,2,7,5,0
734,768,339,139,121,2,7,5,0
735,768,339,139,121,2,7,5,0
736,768,340,139,120,2,7,5,0
737,768,340,139,120,2,7,5,0
738,768,340,139,120,2,7,5,0
739,768,340,139,120,2,7,5,0
740,768,340,139,120,2,7,5,0
741,768,340,139,120,2,7,5,0
742,768,340,140,120,2,7,5,0
743,768,340,139,120,2,7,5,0
744,768,340,140,121,2,7,5,0
745,768,340,140,121,2,7,5,0
746,768,340,140,121,2,7,5,0
747,768,340,140,121,2,7,5,0
748,768,340,140,121,2,7,5,0
749,768,340,140,121,2,7,5,0
750,768,340,140,121,2,7,5,0
751,768,340,140,121,2,7,5,0
752,768,340,139,121,2,7,5,0
753,768,340,139,121,2,7,5,0
754,768,340,139,121,2,7,5,0
755,768,340,139,121,2,7,5,0
756,768,340,140,120,2,7,5,0
757,768,340,140,120,2,7,5,0
758,768,340,140,120,2,7,5,0
759,768,340,140,120,2,7,5,0
760,768,340,140,121,2,7,5,0
761,768,340,140,121,2,7,5,0
762,768,340,140,121,2,7,5,0
763,768,340,140,121,2,7,5,0
764,768,340,140,121,2,7,5,0
765,768,340,140,121,2,7,5,0
766,768,340,140,121,2,7,5,0
767,768,340,140,121,2,7,5,0
768,768,340,139,121,2,7,5,0
769,768,340,139,120,2,7,5,0
770,768,340,139,120,2,7,5,0
771,768,340,139,120,2,7,5,0
772,768,340,139,120,2,7,5,0
773,768,340,139,121,2,7,5,0
774,768,340,139,120,2,7,5,0
775,768,340,139,120,2,7,5,0
776,768,340,139,121,2,7,5,0
777,768,340,139,121,2,7,5,0
778,768,340,140,121,2,7,5,0
779,768,340,139,121,2,7,5,0
780,768,340,140,121,2,7,5,0
781,768,340,140,121,2,7,5,0
782,768,340,140,121,2,7,5,0
783,768,340,140,121,2,7,5,0
784,768,340,139,120,2,7,5,0
785,768,340,139,120,2,7,5,0
786,768,340,139,120,2,7,5,0
787,768,340,139,120,2,7,5,0
788,768,340,140,120,2,7,5,0
789,768,340,140,120,2,7,5,0
790,768,340,140,120,2,7,5,0
791,768,340,140,120,2,7,5,0
792,768,340,140,120,2,7,5,0
793,768,340,140,120,2,7,5,0
794,768,340,140,120,2,7,5,0
795,768,340,140,120,2,7,5,0
796,768,340,140,120,2,7,5,0
797,768,340,140,120,2,7,5,0
798,768,340,140,120,2,7,5,0
799,768,340,140,120,2,7,5,0
800,768,340,140,121,2,7,5,0
801,768,340,140,121,2,7,5,0
802,768,340,140,121,2,7,5,0
803,768,340,140,121,2,7,5,0
804,768,340,140,121,2,7,5,0
805,768,340,139,121,2,7,5,0
806,768,340,139,121,2,7,5,0
807,768,340,139,121,2,7,5,0
808,767,340,140,121,2,7,5,0
809,767,340,140,121,2,7,5,0
810,767,340,140,121,2,7,5,0
811,767,340,140,121,2,7,5,0
812,767,340,140,121,2,7,5,0
813,767,340,140,121,2,7,5,0
814,767,340,140,121,2,7,5,0
815,767,340,140,121,2,7,5,0
816,768,339,139,121,2,7,5,0
817,768,339,139,121,2,7,5,0
818,768,339,140,121,2,7,5,0
819,768,339,140,121,2,7,5,0
820,768,339,140,121,2,7,5,0
821,768,339,140,121,2,7,5,0
822,768,339,140,121,2,7,5,0
823,768,339,140,121,2,7,5,0
824,767,340,140,121,2,7,5,0
825,767,340,140,121,2,7,5,0
826,767,340,140,121,2,7,5,0
827,767,340,140,121,2,7,5,0
828,767,340,140,121,2,7,5,0
829,767,340,140,121,2,7,5,0
830,768,340,140,121,2,7,5,0
831,768,340,140,121,2,7,5,0
832,768,340,140,121,2,7,5,0
833,768,340,140,121,2,7,5,0
834,768,340,140,121,2,7,5,0
835,768,340,140,121,2,7,5,0
836,768,340,140,121,2,7,5,0
837,768,340,140,121,2,7,5,0
838,768,340,140,121,2,7,5,0
839,768,340,140,121,2,7,5,0
840,767,340,140,121,2,7,5,0
841,768,340,140,121,2,7,5,0
842,767,340,140,121,2,7,5,0
843,767,340,140,121,2,7,5,0
844,767,340,140,121,2,7,5,0
845,767,340,140,121,2,7,5,0
846,767,340,140,121,2,7,5,0
847,767,340,140,121,2,7,5,0
848,767,340,141,121,2,7,5,0
849,767,340,141,121,2,7,5,0
850,767,340,141,121,2,7,5,0
851,767,340,141,121,2,7,5,0
852,767,340,140,121,2,7,5,0
853,767,340,140,121,2,7,5,0
854,767,340,140,121,2,7,5,0
855,767,340,140,121,2,7,5,0
856,768,340,140,121,2,7,5,0
857,768,340,140,121,2,7,5,0
858,767,340,140,121,2,7,5,0
859,767,340,140,121,2,7,5,0
860,767,340,140,121,2,7,5,0
861,767,340,140,121,2,7,5,0
862,768,340,140,120,2,7,5,0
863,768,340,140,120,2,7,5,0
864,768,340,140,121,2,7,5,0
865,768,340,140,121,2,7,5,0
866,768,340,140,121,2,7,5,0
867,768,340,140,121,2,7,5,0
868,768,340,140,121,2,7,5,0
869,768,340,140,121,2,7,5,0
870,768,340,140,121,2,7,5,0
871,768,340,140,121,2,7,5,0
872,768,340,139,120,2,7,5,0
873,768,340,139,120,2,7,5,0
874,768,340,139,120,2,7,5,0
875,768,340,139,121,2,7,5,0
876,768,340,140,121,2,7,5,0
877,768,340,140,121,2,7,5,0
878,768,340,140,121,2,7,5,0
879,768,340,140,121,2,7,5,0
880,768,340,139,120,2,7,5,0
881,768,340,139,120,2,7,5,0
882,768,340,139,120,2,7,5,0
883,768,340,139,120,2,7,5,0
884,768,340,139,120,2,7,5,0
885,768,340,139,120,2,7,5,0
886,768,340,139,120,2,7,5,0
887,768,340,139,120,2,7,5,0
888,767,340,140,121,2,7,5,0
889,767,340,140,121,2,7,5,0
890,767,340,140,121,2,7,5,0
891,767,340,140,121,2,7,5,0
892,767,340,140,121,2,7,5,0
893,767,340,140,121,2,7,5,0
894,767,340,140,121,2,7,5,0
895,767,340,140,121,2,7,5,0
896,767,339,140,121,2,7,5,0
897,767,339,140,121,2,7,5,0
898,767,339,140,121,2,7,5,0
899,767,339,140,121,2,7,5,0
900,768,339,140,121,2,7,5,0
901,768,340,140,121,2,7,5,0
902,768,340,140,121,2,7,5,0
903,768,340,140,121,2,7,5,0
904,768,339,140,121,2,7,5,0
905,768,339,140,121,2,7,5,0
906,768,339,140,121,2,7,5,0
907,768,340,140,121,2,7,5,0
908,768,340,140,121,2,7,5,0
909,768,339,140,121,2,7,5,0
910,768,339,140,121,2,7,5,0
911,768,339,140,121,2,7,5,0
912,768,339,140,121,2,7,5,0
913,768,339,140,121,2,7,5,0
914,768,339,140,121,2,7,5,0
915,768,339,140,121,2,7,5,0
916,768,339,140,121,2,7,5,0
917,768,339,140,121,2,7,5,0
918,768,339,140,121,2,7,5,0
919,768,339,140,121,2,7,5,0
920,767,340,140,121,2,7,5,0
921,768,340,140,121,2,7,5,0
922,768,340,139,121,2,7,5,0
923,768,340,140,121,2,7,5,0
924,768,340,140,121,2,7,5,0
925,767,340,140,121,2,7,5,0
926,768,340,140,121,2,7,5,0
927,768,340,140,121,2,7,5,0
928,768,339,140,121,2,7,5,0
929,768,339,140,121,2,7,5,0
930,768,339,140,121,2,7,5,0
931,768,339,140,121,2,7,5,0
932,768,339,140,121,2,7,5,0
933,768,339,140,121,2,7,5,0
934,768,339,140,121,2,7,5,0
935,768,339,140,121,2,7,5,0
936,768,339,140,121,2,7,5,0
937,768,339,140,121,2,7,5,0
938,768,339,140,121,2,7,5,0
939,768,339,140,121,2,7,5,0
940,768,339,140,121,2,7,5,0
941,768,339,140,121,2,7,5,0
942,768,339,140,121,2,7,5,0
943,768,339,140,121,2,7,5,0
944,768,339,140,121,2,7,5,0
945,768,339,140,121,2,7,5,0
946,768,339,140,121,2,7,5,0
947,768,339,140,121,2,7,5,0
948,768,339,140,121,2,7,5,0
949,768,339,140,121,2,7,5,0
950,768,339,140,121,2,7,5,0
951,768,339,140,121,2,7,5,0
952,768,339,140,121,2,7,5,0
953,768,339,140,121,2,7,5,0
954,768,340,140,121,2,7,5,0
955,768,340,140,121,2,7,5,0
956,768,340,140,121,2,7,5,0
957,768,340,140,121,2,7,5,0
958,768,340,140,121,2,7,5,0
959,768,340,140,121,2,7,5,0
960,768,340,140,121,2,7,5,0
961,768,340,140,121,2,7,5,0
962,768,340,140,121,2,7,5,0
963,768,340,140,121,2,7,5,0
964,768,340,140,121,2,7,5,0
965,768,340,140,121,2,7,5,0
966,768,340,140,121,2,7,5,0
967,768,340,140,121,2,7,5,0
968,767,340,140,121,2,7,5,0
969,768,340,140,121,2,7,5,0
970,768,340,140,121,2,7,5,0
971,768,340,140,121,2,7,5,0
972,768,339,140,121,2,7,5,0
973,768,339,140,121,2,7,5,0
974,768,339,140,121,2,7,5,0
975,768,339,140,121,2,7,5,0
976,768,339,140,121,2,7,5,0
977,768,339,140,121,2,7,5,0
978,768,339,140,121,2,7,5,0
979,768,339,140,121,2,7,5,0
980,768,340,140,121,2,7,5,0
981,768,340,140,121,2,7,5,0
982,768,340,140,121,2,7,5,0
983,768,340,140,121,2,7,5,0
984,768,339,140,121,2,7,5,0
985,768,339,140,121,2,7,5,0
986,768,339,140,121,2,7,5,0
987,768,339,140,121,2,7,5,0
988,768,339,140,121,2,7,5,0
989,768,339,140,121,2,7,5,0
990,768,339,140,121,2,7,5,0
991,768,339,140,121,2,7,5,0
992,768,339,140,121,2,7,5,0
993,768,339,140,121,2,7,5,0
994,768,339,140,121,2,7,5,0
995,768,339,140,121,2,7,5,0
996,768,339,140,121,2,7,5,0
997,768,339,140,121,2,7,5,0
998,768,339,140,121,2,7,5,0
999,768,339,140,121,2,7,5,0
1000,768,340,140,121,2,7,5,0
1001,768,340,140,121,2,7,5,0
1002,768,340,140,121,2,7,5,0
1003,768,340,140,121,2,7,5,0
1004,768,340,140,121,2,7,5,0
1005,768,340,140,121,2,7,5,0
1006,768,340,140,121,2,7,5,0
1007,768,340,140,121,2,7,5,0
1008,768,340,139,121,2,7,5,0
1009,768,340,139,121,2,7,5,0
1010,768,340,139,121,2,7,5,0
1011,768,340,139,121,2,7,5,0
1012,768,340,139,121,2,7,5,0
1013,768,340,139,121,2,7,5,0
1014,768,340,139,121,2,7,5,0
1015,768,340,139,121,2,7,5,0
1016,768,340,139,121,2,7,5,0
1017,768,340,139,121,2,7,5,0
1018,768,340,139,121,2,7,5,0
1019,768,340,139,121,2,7,5,0
1020,768,340,139,121,2,7,5,0
1021,768,340,139,121,2,7,5,0
1022,768,340,139,121,2,7,5,0
1023,768,340,139,121,2,7,5,0
1024,768,339,140,121,2,7,5,0
1025,768,339,140,121,2,7,5,0
1026,768,339,140,121,2,7,5,0
1027,768,339,140,121,2,7,5,0
1028,768,339,140,121,2,7,5,0
1029,768,339,140,121,2,7,5,0
1030,768,339,140,121,2,7,5,0
1031,768,339,140,121,2,7,5,0
1032,768,339,140,121,2,7,5,0
1033,768,339,140,121,2,7,5,0
1034,768,339,140,121,2,7,5,0
1035,768,339,140,121,2,7,5,0
1036,768,339,140,121,2,7,5,0
1037,768,339,140,121,2,7,5,0
1038,768,339,140,121,2,7,5,0
1039,768,339,140,121,2,7,5,0
1040,768,339,140,121,2,7,5,0
1041,768,339,140,121,2,7,5,0
1042,768,339,140,121,2,7,5,0
1043,768,339,140,121,2,7,5,0
1044,768,339,140,121,2,7,5,0
1045,768,339,140,121,2,7,5,0
1046,768,339,140,121,2,7,5,0
1047,768,339,139,121,2,7,5,0
1048,768,339,140,121,2,7,5,0
1049,768,339,140,121,2,7,5,0
1050,768,339,140,121,2,7,5,0
1051,768,339,140,121,2,7,5,0
1052,768,339,140,121,2,7,5,0
1053,768,339,140,121,2,7,5,0
1054,768,339,140,121,2,7,5,0
1055,768,339,140,121,2,7,5,0
1056,768,340,139,121,2,7,5,0
1057,768,340,139,121,2,7,5,0
1058,768,340,139,121,2,7,5,0
1059,768,340,139,121,2,7,5,0
1060,768,340,139,121,2,7,5,0
1061,768,340,139,121,2,7,5,0
1062,768,340,139,121,2,7,5,0
1063,768,340,139,121,2,7,5,0
1064,768,339,139,121,2,7,5,0
1065,768,339,139,121,2,7,5,0
1066,768,339,139,121,2,7,5,0
1067,768,339,139,121,2,7,5,0
1068,768,339,139,121,2,7,5,0
1069,768,339,139,121,2,7,5,0
1070,768,339,139,121,2,7,5,0
1071,768,339,139,121,2,7,5,0
1072,768,339,139,121,2,7,5,0
1073,768,339,139,121,2,7,5,0
1074,768,339,139,121,2,7,5,0
1075,768,339,139,121,2,7,5,0
1076,768,339,139,121,2,7,5,0
1077,768,339,139,121,2,7,5,0
1078,768,339,139,121,2,7,5,0
1079,768,339,139,121,2,7,5,0
1080,768,339,139,121,2,7,5,0
1081,768,339,139,121,2,7,5,0
1082,768,339,139,121,2,7,5,0
1083,768,339,140,121,2,7,5,0
1084,768,339,140,121,2,7,5,0
1085,768,339,140,121,2,7,5,0
1086,768,339,140,121,2,7,5,0
1087,768,339,140,121,2,7,5,0
1088,768,339,140,121,2,7,5,0
1089,768,339,140,121,2,7,5,0
1090,768,339,140,121,2,7,5,0
1091,768,339,140,121,2,7,5,0
1092,768,339,140,121,2,7,5,0
1093,768,339,140,121,2,7,5,0
1094,768,339,140,121,2,7,5,0
1095,768,339,140,121,2,7,5,0
1096,768,340,140,121,2,7,5,0
1097,768,340,140,121,2,7,5,0
1098,768,340,140,121,2,7,5,0
1099,768,340,140,121,2,7,5,0
1100,768,340,140,121,2,7,5,0
1101,768,340,140,121,2,7,5,0
1102,768,340,140,121,2,7,5,0
1103,768,340,140,121,2,7,5,0
1104,768,339,140,121,2,7,5,0
1105,768,339,140,121,2,7,5,0
1106,768,339,140,121,2,7,5,0
1107,768,339,140,121,2,7,5,0
1108,768,339,140,121,2,7,5,0
1109,768,339,140,121,2,7,5,0
1110,768,339,140,121,2,7,5,0
1111,768,339,140,121,2,7,5,0
1112,768,339,140,121,2,7,5,0
1113,768,339,140,121,2,7,5,0
1114,768,339,140,121,2,7,5,0
1115,768,339,140,121,2,7,5,0
1116,768,339,139,121,2,7,5,0
1117,768,339,139,121,2,7,5,0
1118,768,339,139,121,2,7,5,0
1119,768,339,139,121,2,7,5,0
1120,768,340,139,121,2,7,5,0
1121,768,340,139,121,2,7,5,0
1122,768,340,139,121,2,7,5,0
1123,768,340,139,121,2,7,5,0
1124,768,339,139,121,2,7,5,0
1125,768,339,139,121,2,7,5,0
1126,768,339,139,121,2,7,5,0
1127,768,339,139,121,2,7,5,0
1128,768,339,139,121,2,7,5,0
1129,768,340,139,121,2,7,5,0
1130,768,340,139,121,2,7,5,0
1131,768,340,139,121,2,7,5,0
1132,768,340,139,121,2,7,5,0
1133,768,340,139,121,2,7,5,0
1134,768,340,139,121,2,7,5,0
1135,768,340,139,121,2,7,5,0
1136,768,339,139,121,2,7,5,0
1137,768,339,139,121,2,7,5,0
1138,768,339,139,121,2,7,5,0
1139,768,339,139,121,2,7,5,0
1140,768,339,139,121,2,7,5,0
1141,768,339,139,121,2,7,5,0
1142,768,339,139,121,2,7,5,0
1143,768,339,139,121,2,7,5,0
1144,769,339,139,121,2,7,5,0
1145,769,339,139,121,2,7,5,0
1146,769,339,139,121,2,7,5,0
1147,768,339,139,122,2,7,5,0
1148,768,339,139,122,2,7,5,0
1149,768,339,139,121,2,7,5,0
1150,768,339,139,121,2,7,5,0
1151,768,340,139,121,2,7,5,0
1152,768,339,139,121,2,7,5,0
1153,768,339,139,121,2,7,5,0
1154,768,339,139,121,2,7,5,0
1155,768,339,139,121,2,7,5,0
1156,768,339,140,121,2,7,5,0
1157,768,339,140,121,2,7,5,0
1158,768,339,140,121,2,7,5,0
1159,768,339,139,121,2,7,5,0
1160,768,339,139,121,2,7,5,0
1161,768,339,139,121,2,7,5,0
1162,768,339,139,121,2,7,5,0
1163,768,339,139,121,2,7,5,0
1164,768,339,139,121,2,7,5,0
1165,768,339,139,121,2,7,5,0
1166,768,339,139,121,2,7,5,0
1167,768,339,139,121,2,7,5,0
1168,768,340,139,121,2,7,5,0
1169,768,340,139,121,2,7,5,0
1170,768,340,139,121,2,7,5,0
1171,768,340,139,121,2,7,5,0
1172,768,340,139,121,2,7,5,0
1173,768,340,139,121,2,7,5,0
1174,768,340,139,121,2,7,5,0
1175,768,340,139,121,2,7,5,0
1176,768,339,139,121,2,7,5,0
1177,768,339,139,121,2,7,5,0
1178,768,339,139,121,2,7,5,0
1179,768,339,139,121,2,7,5,0
1180,768,339,139,121,2,7,5,0
1181,768,339,139,121,2,7,5,0
1182,768,339,139,121,2,7,5,0
1183,768,339,139,121,2,7,5,0
1184,768,339,139,121,2,7,5,0
1185,768,339,139,121,2,7,5,0
1186,768,339,139,121,2,7,5,0
1187,768,339,139,121,2,7,5,0
1188,768,339,139,121,2,7,5,0
1189,768,339,139,121,2,7,5,0
1190,768,339,139,121,2,7,5,0
1191,768,339,139,121,2,7,5,0
1192,768,340,139,121,2,7,5,0
1193,768,340,139,121,2,7,5,0
1194,768,340,139,121,2,7,5,0
1195,768,340,139,121,2,7,5,0
1196,768,340,139,121,2,7,5,0
1197,768,340,139,121,2,7,5,0
1198,768,340,139,121,2,7,5,0
1199,768,340,139,121,2,7,5,0
1200,768,339,139,121,2,7,5,0
1201,768,339,139,122,2,7,5,0
1202,768,339,139,122,2,7,5,0
1203,768,339,139,121,2,7,5,0
1204,768,339,139,122,2,7,5,0
1205,768,339,139,122,2,7,5,0
1206,768,339,139,122,2,7,5,0
1207,768,339,139,122,2,7,5,0
1208,768,339,139,121,2,7,5,0
1209,768,339,139,121,2,7,5,0
1210,768,339,139,121,2,7,5,0
1211,768,339,139,121,2,7,5,0
1212,769,339,139,121,2,7,5,0
1213,768,339,139,121,2,7,5,0
1214,768,339,139,121,2,7,5,0
1215,769,339,139,121,2,7,5,0
1216,768,340,139,121,2,7,5,0
1217,768,340,139,121,2,7,5,0
1218,768,340,139,121,2,7,5,0
1219,768,340,139,121,2,7,5,0
1220,768,340,139,121,2,7,5,0
1221,768,340,139,121,2,7,5,0
1222,768,340,139,121,2,7,5,0
1223,768,340,139,121,2,7,5,0
1224,768,339,139,121,2,7,5,0
1225,768,339,139,121,2,7,5,0
1226,768,339,139,121,2,7,5,0
1227,768,339,139,121,2,7,5,0
1228,768,339,139,121,2,7,5,0
1229,768,339,139,121,2,7,5,0
1230,768,339,139,121,2,7,5,0
1231,768,339,139,121,2,7,5,0
1232,768,339,139,121,2,7,5,0
1233,768,339,139,121,2,7,5,0
1234,768,339,139,121,2,7,5,0
1235,768,339,139,121,2,7,5,0
1236,768,339,139,121,2,7,5,0
1237,768,339,139,121,2,7,5,0
1238,768,339,139,121,2,7,5,0
1239,768,339,139,121,2,7,5,0
1240,768,340,139,121,2,7,5,0
1241,768,340,139,121,2,7,5,0
1242,768,340,139,121,2,7,5,0
1243,768,340,139,121,2,7,5,0
1244,768,340,139,121,2,7,5,0
1245,768,340,139,121,2,7,5,0
1246,768,339,139,121,2,7,5,0
1247,768,339,139,121,2,7,5,0
1248,768,339,139,121,2,7,5,0
1249,768,339,139,121,2,7,5,0
1250,768,339,140,121,2,7,5,0
1251,768,339,140,121,2,7,5,0
1252,768,339,140,121,2,7,5,0
1253,768,339,140,121,2,7,5,0
1254,768,339,140,121,2,7,5,0
1255,768,339,140,121,2,7,5,0
1256,768,339,140,121,2,7,5,0
1257,768,339,140,121,2,7,5,0
1258,768,339,140,121,2,7,5,0
1259,768,339,139,121,2,7,5,0
1260,768,339,140,121,2,7,5,0
1261,768,339,140,121,2,7,5,0
1262,768,339,140,121,2,7,5,0
1263,768,339,140,121,2,7,5,0
1264,768,340,139,121,2,7,5,0
1265,768,340,139,121,2,7,5,0
1266,768,340,139,121,2,7,5,0
1267,768,340,139,121,2,7,5,0
1268,768,340,139,121,2,7,5,0
1269,768,340,139,121,2,7,5,0
1270,768,340,139,121,2,7,5,0
1271,768,340,139,121,2,7,5,0
1272,768,340,139,121,2,7,5,0
1273,768,340,139,121,2,7,5,0
1274,768,340,139,121,2,7,5,0
1275,768,340,139,121,2,7,5,0
1276,768,340,139,121,2,7,5,0
1277,768,340,139,121,2,7,5,0
1278,768,340,139,121,2,7,5,0
1279,768,340,139,121,2,7,5,0
1280,768,340,139,121,2,7,5,0
1281,768,340,139,121,2,7,5,0
1282,768,340,139,121,2,7,5,0
1283,768,340,139,121,2,7,5,0
1284,768,339,140,121,2,7,5,0
1285,768,339,140,121,2,7,5,0
1286,768,339,140,121,2,7,5,0
1287,768,339,140,121,2,7,5,0
1288,768,340,139,121,2,7,5,0
1289,768,340,139,121,2,7,5,0
1290,768,340,139,121,2,7,5,0
1291,768,340,139,121,2,7,5,0
1292,768,340,139,121,2,7,5,0
1293,768,340,139,121,2,7,5,0
1294,768,340,139,121,2,7,5,0
1295,768,340,139,121,2,7,5,0
1296,768,339,139,121,2,7,5,0
1297,768,339,139,121,2,7,5,0
1298,768,339,139,121,2,7,5,0
1299,768,339,139,121,2,7,5,0
1300,768,339,139,121,2,7,5,0
1301,768,339,139,121,2,7,5,0
1302,768,339,139,121,2,7,5,0
1303,768,339,139,121,2,7,5,0
1304,768,340,139,121,2,7,5,0
1305,768,340,139,121,2,7,5,0
1306,768,340,139,121,2,7,5,0
1307,768,340,139,121,2,7,5,0
1308,768,340,139,121,2,7,5,0
1309,768,340,139,121,2,7,5,0
1310,768,340,139,121,2,7,5,0
1311,768,340,139,121,2,7,5,0
1312,768,340,139,120,2,7,5,0
1313,768,340,139,121,2,7,5,0
1314,768,340,139,121,2,7,5,0
1315,768,340,139,121,2,7,5,0
1316,768,340,139,121,2,7,5,0
1317,768,340,139,121,2,7,5,0
1318,768,340,139,121,2,7,5,0
1319,768,340,139,121,2,7,5,0
1320,768,339,140,121,2,7,5,0
1321,768,339,140,121,2,7,5,0
1322,768,339,140,121,2,7,5,0
1323,768,339,140,121,2,7,5,0
1324,768,339,139,121,2,7,5,0
1325,768,339,140,121,2,7,5,0
1326,768,339,139,121,2,7,5,0
1327,768,339,139,121,2,7,5,0
1328,768,339,139,121,2,7,5,0
1329,768,339,139,121,2,7,5,0
1330,768,339,139,121,2,7,5,0
1331,768,339,139,121,2,7,5,0
1332,768,339,139,121,2,7,5,0
1333,768,339,139,121,2,7,5,0
1334,768,339,139,121,2,7,5,0
1335,768,339,139,121,2,7,5,0
1336,768,339,140,121,2,7,5,0
1337,768,339,140,121,2,7,5,0
1338,768,339,140,121,2,7,5,0
1339,768,339,140,121,2,7,5,0
1340,768,339,140,121,2,7,5,0
1341,768,339,140,121,2,7,5,0
1342,768,339,140,121,2,7,5,0
1343,768,339,140,121,2,7,5,0
1344,768,339,139,121,2,7,5,0
1345,768,339,139,121,2,7,5,0
1346,768,339,139,121,2,7,5,0
1347,768,339,139,121,2,7,5,0
1348,768,339,139,121,2,7,5,0
1349,768,339,139,121,2,7,5,0
1350,768,339,139,121,2,7,5,0
1351,768,339,139,121,2,7,5,0
1352,768,340,139,121,2,7,5,0
1353,768,340,139,121,2,7,5,0
1354,768,340,139,121,2,7,5,0
1355,768,340,139,121,2,7,5,0
1356,768,339,139,121,2,7,5,0
1357,768,339,139,121,2,7,5,0
1358,768,339,139,121,2,7,5,0
1359,768,339,139,121,2,7,5,0
1360,768,339,139,121,2,7,5,0
1361,768,339,139,121,2,7,5,0
1362,768,339,139,121,2,7,5,0
1363,768,339,139,121,2,7,5,0
1364,768,339,139,121,2,7,5,0
1365,768,339,139,121,2,7,5,0
1366,768,339,139,121,2,7,5,0
1367,768,339,139,121,2,7,5,0
1368,768,339,139,121,2,7,5,0
1369,768,339,139,121,2,7,5,0
1370,768,339,139,121,2,7,5,0
1371,768,339,139,121,2,7,5,0
1372,768,339,139,121,2,7,5,0
1373,768,339,139,121,2,7,5,0
1374,768,339,139,121,2,7,5,0
1375,768,339,139,121,2,7,5,0
1376,768,339,139,121,2,7,5,0
1377,768,339,139,121,2,7,5,0
1378,768,339,139,121,2,7,5,0
1379,768,339,139,121,2,7,5,0
1380,768,340,140,121,2,7,5,0
1381,768,340,140,121,2,7,5,0
1382,768,340,140,121,2,7,5,0
1383,768,340,140,121,2,7,5,0
1384,768,339,139,121,2,7,5,0
1385,768,339,139,121,2,7,5,0
1386,768,339,139,121,2,7,5,0
1387,768,339,139,121,2,7,5,0
1388,768,339,139,121,2,7,5,0
1389,768,339,139,121,2,7,5,0
1390,768,339,139,121,2,7,5,0
1391,768,339,139,121,2,7,5,0
1392,768,339,139,121,2,7,5,0
1393,768,339,139,121,2,7,5,0
1394,768,339,139,121,2,7,5,0
1395,768,339,139,121,2,7,5,0
1396,768,339,139,121,2,7,5,0
1397,768,339,139,121,2,7,5,0
1398,768,339,139,121,2,7,5,0
1399,768,339,139,121,2,7,5,0
1400,768,339,139,121,2,7,5,0
1401,768,339,139,121,2,7,5,0
1402,768,339,139,121,2,7,5,0
1403,768,339,139,121,2,7,5,0
1404,768,339,139,121,2,7,5,0
1405,768,339,139,121,2,7,5,0
1406,768,339,139,121,2,7,5,0
1407,768,339,139,121,2,7,5,0
1408,768,339,139,121,2,7,5,0
1409,768,339,139,121,2,7,5,0
1410,768,339,139,121,2,7,5,0
1411,768,339,139,121,2,7,5,0
1412,768,339,139,121,2,7,5,0
1413,768,339,139,121,2,7,5,0
1414,768,339,139,121,2,7,5,0
1415,768,339,139,121,2,7,5,0
1416,768,339,139,121,2,7,5,0
1417,768,339,139,121,2,7,5,0
1418,768,339,139,121,2,7,5,0
1419,768,339,139,121,2,7,5,0
1420,768,339,139,121,2,7,5,0
1421,768,339,139,121,2,7,5,0
1422,768,339,139,121,2,7,5,0
1423,768,339,139,121,2,7,5,0
1424,768,339,139,121,2,7,5,0
1425,768,339,139,121,2,7,5,0
1426,768,339,139,121,2,7,5,0
1427,768,339,139,121,2,7,5,0
1428,768,339,139,121,2,7,5,0
1429,768,339,139,121,2,7,5,0
1430,768,339,139,121,2,7,5,0
1431,768,339,139,121,2,7,5,0
1432,768,339,140,121,2,7,5,0
1433,768,339,140,121,2,7,5,0
1434,768,339,140,121,2,7,5,0
1435,768,339,140,121,2,7,5,0
1436,768,339,140,121,2,7,5,0
1437,768,339,140,121,2,7,5,0
1438,768,339,140,121,2,7,5,0
1439,768,339,140,121,2,7,5,0
1440,768,340,139,121,2,7,5,0
1441,768,340,139,121,2,7,5,0
1442,768,340,139,121,2,7,5,0
1443,768,340,139,121,2,7,5,0
1444,768,340,139,121,2,7,5,0
1445,768,340,139,121,2,7,5,0
1446,768,340,139,121,2,7,5,0
1447,768,340,139,121,2,7,5,0
1448,768,340,139,121,2,7,5,0
1449,768,340,139,121,2,7,5,0
1450,768,340,139,121,2,7,5,0
1451,768,340,139,121,2,7,5,0
1452,768,339,140,121,2,7,5,0
1453,768,339,140,121,2,7,5,0
1454,768,339,140,121,2,7,5,0
1455,768,339,140,121,2,7,5,0
1456,768,340,139,121,2,7,5,0
1457,768,340,139,121,2,7,5,0
1458,768,340,139,121,2,7,5,0
1459,768,340,139,121,2,7,5,0
1460,768,340,139,121,2,7,5,0
1461,768,340,139,121,2,7,5,0
1462,768,340,139,121,2,7,5,0
1463,768,340,139,121,2,7,5,0
1464,767,340,140,120,2,7,5,0
1465,767,340,140,120,2,7,5,0
1466,767,340,140,120,2,7,5,0
1467,767,340,140,120,2,7,5,0
1468,767,340,140,120,2,7,5,0
1469,768,340,140,121,2,7,5,0
1470,768,340,140,121,2,7,5,0
1471,768,340,140,121,2,7,5,0
1472,768,340,140,121,2,7,5,0
1473,768,340,140,121,2,7,5,0
1474,768,340,140,121,2,7,5,0
1475,768,340,140,121,2,7,5,0
1476,768,340,139,121,2,7,5,0
1477,768,340,139,121,2,7,5,0
1478,768,340,139,121,2,7,5,0
1479,768,340,139,121,2,7,5,0
1480,768,340,139,121,2,7,5,0
1481,768,340,139,121,2,7,5,0
1482,768,340,139,121,2,7,5,0
1483,768,340,139,121,2,7,5,0
1484,768,340,139,121,2,7,5,0
1485,768,340,139,121,2,7,5,0
1486,768,340,139,121,2,7,5,0
1487,768,340,139,121,2,7,5,0
1488,768,340,139,121,2,7,5,0
1489,768,340,139,121,2,7,5,0
1490,768,340,139,121,2,7,5,0
1491,768,340,139,121,2,7,5,0
1492,768,340,139,121,2,7,5,0
1493,768,340,139,121,2,7,5,0
1494,768,340,139,121,2,7,5,0
1495,768,340,140,121,2,7,5,0
1496,768,340,140,121,2,7,5,0
1497,768,340,140,121,2,7,5,0
1498,768,340,140,121,2,7,5,0
1499,768,340,140,121,2,7,5,0
1500,767,340,140,121,2,7,5,0
1501,767,340,140,121,2,7,5,0
1502,767,340,140,121,2,7,5,0
1503,767,340,140,121,2,7,5,0
1504,767,339,140,121,2,7,5,0
1505,767,339,140,121,2,7,5,0
1506,767,339,140,121,2,7,5,0
1507,767,339,140,121,2,7,5,0
1508,767,339,140,121,2,7,5,0
1509,767,339,140,121,2,7,5,0
1510,767,339,140,121,2,7,5,0
1511,767,339,140,121,2,7,5,0
1512,768,339,139,121,2,7,5,0
1513,768,339,139,121,2,7,5,0
1514,768,340,139,121,2,7,5,0
1515,768,340,139,121,2,7,5,0
1516,768,340,139,121,2,7,5,0
1517,768,340,139,121,2,7,5,0
1518,768,340,139,121,2,7,5,0
1519,768,340,139,121,2,7,5,0
1520,768,339,139,121,2,7,5,0
1521,768,339,139,121,2,7,5,0
1522,768,339,139,121,2,7,5,0
1523,768,339,139,121,2,7,5,0
1524,768,339,140,121,2,7,5,0
1525,768,339,140,121,2,7,5,0
1526,768,339,140,121,2,7,5,0
1527,768,339,140,121,2,7,5,0
1528,767,340,140,121,2,7,5,0
1529,767,340,140,121,2,7,5,0
1530,767,340,140,121,2,7,5,0
1531,767,340,140,121,2,7,5,0
1532,767,340,140,121,2,7,5,0
1533,767,340,140,121,2,7,5,0
1534,767,340,140,121,2,7,5,0
1535,767,340,140,121,2,7,5,0
1536,768,340,140,121,2,7,5,0
1537,768,340,140,121,2,7,5,0
1538,768,340,140,121,2,7,5,0
1539,768,340,140,121,2,7,5,0
1540,768,340,140,121,2,7,5,0
1541,768,340,140,121,2,7,5,0
1542,768,340,140,121,2,7,5,0
1543,768,340,140,121,2,7,5,0
1544,768,340,140,120,2,7,5,0
1545,768,340,140,120,2,7,5,0
1546,768,340,140,120,2,7,5,0
1547,768,340,140,120,2,7,5,0
1548,768,339,139,121,2,7,5,0
1549,768,339,139,121,2,7,5,0
1550,768,339,140,121,2,7,5,0
1551,768,339,140,121,2,7,5,0
1552,768,340,139,121,2,7,5,0
1553,768,340,139,121,2,7,5,0
1554,768,340,139,121,2,7,5,0
1555,768,340,139,121,2,7,5,0
1556,768,340,139,121,2,7,5,0
1557,768,340,139,121,2,7,5,0
1558,768,340,139,121,2,7,5,0
1559,768,340,139,121,2,7,5,0
1560,768,340,140,121,2,7,5,0
1561,768,340,140,121,2,7,5,0
1562,768,340,140,121,2,7,5,0
1563,768,339,139,121,2,7,5,0
1564,768,339,139,121,2,7,5,0
1565,768,339,139,121,2,7,5,0
1566,768,339,139,121,2,7,5,0
1567,767,340,140,120,2,7,5,0
1568,768,339,139,121,2,7,5,0
1569,768,340,140,120,2,7,5,0
1570,768,339,139,121,2,7,5,0
1571,768,340,140,120,2,7,5,0
1572,768,339,139,121,2,7,5,0
1573,768,339,139,121,2,7,5,0
1574,768,339,139,121,2,7,5,0
1575,768,339,139,121,2,7,5,0
1576,768,339,140,121,2,7,5,0
1577,768,339,140,121,2,7,5,0
1578,768,339,139,121,2,7,5,0
1579,768,339,139,121,2,7,5,0
1580,768,339,139,121,2,7,5,0
1581,768,339,139,121,2,7,5,0
1582,768,339,139,121,2,7,5,0
1583,768,339,139,121,2,7,5,0
1584,767,340,140,120,2,7,5,0
1585,767,340,141,120,2,7,5,0
1586,767,339,141,120,2,7,5,0
1587,767,339,141,120,2,7,5,0
1588,767,339,141,120,2,7,5,0
1589,767,339,140,120,2,7,5,0
1590,767,339,140,120,2,7,5,0
1591,767,339,140,120,2,7,5,0
1592,768,339,140,120,2,7,5,0
1593,768,339,140,121,2,7,5,0
1594,768,339,140,121,2,7,5,0
1595,768,339,140,120,2,7,5,0
1596,768,339,140,121,2,7,5,0
1597,768,339,140,121,2,7,5,0
1598,768,339,140,121,2,7,5,0
1599,768,339,140,121,2,7,5,0
1600,768,340,139,121,2,7,5,0
1601,768,340,139,121,2,7,5,0
1602,768,340,139,121,2,7,5,0
1603,768,340,139,121,2,7,5,0
1604,768,340,140,120,2,7,5,0
1605,768,340,140,121,2,7,5,0
1606,768,340,140,120,2,7,5,0
1607,767,340,140,120,2,7,5,0
1608,768,339,140,121,2,7,5,0
1609,768,339,140,121,2,7,5,0
1610,768,339,140,121,2,7,5,0
1611,768,339,140,121,2,7,5,0
1612,768,339,140,121,2,7,5,0
1613,768,339,140,121,2,7,5,0
1614,768,339,140,121,2,7,5,0
1615,768,339,140,121,2,7,5,0
1616,768,339,140,121,2,7,5,0
1617,768,339,140,121,2,7,5,0
1618,768,339,140,121,2,7,5,0
1619,768,340,140,121,2,7,5,0
1620,768,340,139,120,2,7,5,0
1621,768,340,139,121,2,7,5,0
1622,768,340,139,121,2,7,5,0
1623,768,340,139,121,2,7,5,0
1624,768,340,139,121,2,7,5,0
1625,768,340,139,120,2,7,5,0
1626,768,340,139,120,2,7,5,0
1627,768,339,139,121,2,7,5,0
1628,768,339,139,121,2,7,5,0
1629,768,340,139,121,2,7,5,0
1630,768,340,139,120,2,7,5,0
1631,768,340,139,121,2,7,5,0
1632,768,339,140,121,2,7,5,0
1633,768,339,140,121,2,7,5,0
1634,768,339,140,121,2,7,5,0
1635,768,339,140,121,2,7,5,0
1636,768,339,140,121,2,7,5,0
1637,768,339,140,121,2,7,5,0
1638,768,339,140,121,2,7,5,0
1639,768,339,140,121,2,7,5,0
1640,768,339,140,121,2,7,5,0
1641,768,339,140,121,2,7,5,0
1642,768,339,140,121,2,7,5,0
1643,768,339,140,121,2,7,5,0
1644,768,339,139,120,2,7,5,0
1645,768,339,139,120,2,7,5,0
1646,768,339,139,121,2,7,5,0
1647,768,339,139,121,2,7,5,0
1648,768,339,140,121,2,7,5,0
1649,768,339,140,121,2,7,5,0
1650,768,339,140,121,2,7,5,0
1651,768,339,140,121,2,7,5,0
1652,767,339,140,121,2,7,5,0
1653,768,339,140,121,2,7,5,0
1654,768,339,140,121,2,7,5,0
1655,768,339,140,121,2,7,5,0
1656,767,340,140,121,2,7,5,0
1657,767,340,140,121,2,7,5,0
1658,767,340,140,121,2,7,5,0
1659,767,340,140,121,2,7,5,0
1660,768,340,140,121,2,7,5,0
1661,768,340,140,121,2,7,5,0
1662,768,340,140,121,2,7,5,0
1663,767,340,140,121,2,7,5,0
1664,768,340,140,121,2,7,5,0
1665,768,340,140,121,2,7,5,0
1666,768,340,140,121,2,7,5,0
1667,768,340,140,121,2,7,5,0
1668,767,340,140,121,2,7,5,0
1669,767,340,140,121,2,7,5,0
1670,767,340,140,121,2,7,5,0
1671,767,340,140,121,2,7,5,0
1672,767,340,140,121,2,7,5,0
1673,767,340,140,121,2,7,5,0
1674,767,340,140,121,2,7,5,0
1675,767,340,140,121,2,7,5,0
1676,768,340,140,121,2,7,5,0
1677,768,340,140,121,2,7,5,0
1678,768,340,140,121,2,7,5,0
1679,768,340,140,121,2,7,5,0
1680,768,340,140,121,2,7,5,0
1681,768,340,140,121,2,7,5,0
1682,768,340,140,121,2,7,5,0
1683,768,340,140,121,2,7,5,0
1684,768,340,140,121,2,7,5,0
1685,768,340,140,121,2,7,5,0
1686,768,340,140,121,2,7,5,0
1687,768,340,140,121,2,7,5,0
1688,768,340,139,121,2,7,5,0
1689,768,340,139,121,2,7,5,0
1690,768,340,139,121,2,7,5,0
1691,768,340,139,121,2,7,5,0
1692,768,340,140,120,2,7,5,0
1693,768,340,140,121,2,7,5,0
1694,768,340,140,120,2,7,5,0
1695,768,340,140,120,2,7,5,0
1696,768,340,140,121,2,7,5,0
1697,768,340,140,121,2,7,5,0
1698,768,340,140,121,2,7,5,0
1699,768,340,140,121,2,7,5,0
1700,768,340,140,121,2,7,5,0
1701,768,340,140,121,2,7,5,0
1702,768,340,140,121,2,7,5,0
1703,768,340,140,121,2,7,5,0
1704,768,340,140,121,2,7,5,0
1705,768,340,140,121,2,7,5,0
1706,768,340,140,121,2,7,5,0
1707,768,340,140,121,2,7,5,0
1708,768,340,140,121,2,7,5,0
1709,768,340,140,121,2,7,5,0
1710,768,340,140,121,2,7,5,0
1711,768,340,140,121,2,7,5,0
1712,768,340,140,121,2,7,5,0
1713,768,340,140,121,2,7,5,0
1714,768,340,140,121,2,7,5,0
1715,768,340,140,121,2,7,5,0
1716,768,340,140,120,2,7,5,0
1717,768,340,140,120,2,7,5,0
1718,768,340,140,120,2,7,5,0
1719,768,340,140,120,2,7,5,0
1720,768,340,140,121,2,7,5,0
1721,768,340,140,121,2,7,5,0
1722,768,340,140,121,2,7,5,0
1723,768,340,140,121,2,7,5,0
1724,768,340,140,121,2,7,5,0
1725,768,340,140,121,2,7,5,0
1726,768,340,140,121,2,7,5,0
1727,768,340,140,121,2,7,5,0
1728,768,340,139,120,2,7,5,0
1729,768,340,140,120,2,7,5,0
1730,768,340,140,120,2,7,5,0
1731,768,340,140,120,2,7,5,0
1732,768,340,140,120,2,7,5,0
1733,768,340,139,120,2,7,5,0
1734,768,340,140,121,2,7,5,0
1735,768,340,140,121,2,7,5,0
1736,768,340,139,121,2,7,5,0
1737,768,340,139,121,2,7,5,0
1738,768,340,139,121,2,7,5,0
1739,768,340,139,121,2,7,5,0
1740,768,340,140,120,2,7,5,0
1741,768,340,140,121,2,7,5,0
1742,768,340,140,121,2,7,5,0
1743,768,340,140,121,2,7,5,0
1744,768,340,140,121,2,7,5,0
1745,768,340,140,121,2,7,5,0
1746,768,340,140,121,2,7,5,0
1747,768,340,140,120,2,7,5,0
1748,768,340,140,120,2,7,5,0
1749,768,340,140,121,2,7,5,0
1750,768,340,140,121,2,7,5,0
1751,768,340,140,121,2,7,5,0
1752,768,340,140,121,2,7,5,0
1753,768,340,140,121,2,7,5,0
1754,768,340,140,121,2,7,5,0
1755,767,340,140,121,2,7,5,0
1756,767,340,140,121,2,7,5,0
1757,767,340,140,121,2,7,5,0
1758,767,340,140,121,2,7,5,0
1759,767,340,140,121,2,7,5,0
1760,768,340,140,121,2,7,5,0
1761,768,340,140,121,2,7,5,0
1762,768,340,140,121,2,7,5,0
1763,768,340,140,121,2,7,5,0
1764,768,340,140,121,2,7,5,0
1765,768,340,140,121,2,7,5,0
1766,768,340,140,121,2,7,5,0
1767,768,340,140,121,2,7,5,0
1768,768,340,140,121,2,7,5,0
1769,768,340,140,121,2,7,5,0
1770,768,340,140,121,2,7,5,0
1771,768,340,140,121,2,7,5,0
1772,768,340,140,121,2,7,5,0
1773,768,340,140,121,2,7,5,0
1774,768,340,140,121,2,7,5,0
1775,768,340,140,121,2,7,5,0
1776,768,339,139,121,2,7,5,0
1777,768,339,139,121,2,7,5,0
1778,768,339,139,121,2,7,5,0
1779,768,339,139,121,2,7,5,0
1780,768,339,139,121,2,7,5,0
1781,768,339,139,121,2,7,5,0
1782,768,339,139,121,2,7,5,0
1783,768,339,139,121,2,7,5,0
1784,768,339,140,121,2,7,5,0
1785,768,339,139,121,2,7,5,0
1786,768,339,139,121,2,7,5,0
1787,768,339,139,121,2,7,5,0
1788,768,339,140,121,2,7,5,0
1789,768,339,140,121,2,7,5,0
1790,768,339,140,121,2,7,5,0
1791,768,339,140,121,2,7,5,0
1792,768,340,140,121,2,7,5,0
1793,768,340,140,121,2,7,5,0
1794,768,340,140,121,2,7,5,0
1795,768,339,140,121,2,7,5,0
1796,768,339,140,121,2,7,5,0
1797,768,339,140,121,2,7,5,0
1798,768,340,140,121,2,7,5,0
1799,768,340,140,121,2,7,5,0
1800,768,339,140,121,2,7,5,0
1801,768,339,140,121,2,7,5,0
1802,768,339,140,121,2,7,5,0
1803,768,339,140,121,2,7,5,0
1804,768,339,140,121,2,7,5,0
1805,768,339,140,121,2,7,5,0
1806,768,339,140,121,2,7,5,0
1807,768,339,140,121,2,7,5,0
1808,768,339,140,121,2,7,5,0
1809,768,339,140,121,2,7,5,0
1810,768,339,140,121,2,7,5,0
1811,768,339,140,121,2,7,5,0
1812,768,340,140,121,2,7,5,0
1813,768,340,140,121,2,7,5,0
1814,768,340,140,121,2,7,5,0
1815,768,340,140,121,2,7,5,0
1816,768,339,140,121,2,7,5,0
1817,768,339,140,121,2,7,5,0
1818,768,339,140,121,2,7,5,0
1819,768,339,140,121,2,7,5,0
1820,768,339,140,121,2,7,5,0
1821,768,340,140,121,2,7,5,0
1822,768,340,140,121,2,7,5,0
1823,768,340,140,121,2,7,5,0
1824,768,340,140,121,2,7,5,0
1825,768,340,139,121,2,7,5,0
1826,768,340,139,121,2,7,5,0
1827,768,340,140,121,2,7,5,0
1828,768,340,140,121,2,7,5,0
1829,768,340,140,121,2,7,5,0
1830,768,340,139,121,2,7,5,0
1831,768,340,139,121,2,7,5,0
1832,768,339,139,121,2,7,5,0
1833,768,339,139,121,2,7,5,0
1834,768,339,139,121,2,7,5,0
1835,768,339,139,121,2,7,5,0
1836,768,339,140,121,2,7,5,0
1837,768,339,140,121,2,7,5,0
1838,768,339,140,121,2,7,5,0
1839,768,339,140,121,2,7,5,0
1840,768,339,140,121,2,7,5,0
1841,768,339,140,121,2,7,5,0
1842,768,340,139,121,2,7,5,0
1843,768,340,140,121,2,7,5,0
1844,768,340,140,121,2,7,5,0
1845,768,340,140,121,2,7,5,0
1846,768,340,140,121,2,7,5,0
1847,768,340,140,121,2,7,5,0
1848,768,340,140,121,2,7,5,0
1849,768,340,140,121,2,7,5,0
1850,768,340,140,121,2,7,5,0
1851,768,340,140,121,2,7,5,0
1852,768,340,140,121,2,7,5,0
1853,768,340,140,121,2,7,5,0
1854,768,340,140,121,2,7,5,0
1855,768,340,140,121,2,7,5,0
1856,768,340,140,121,2,7,5,0
1857,768,340,140,121,2,7,5,0
1858,768,340,139,121,2,7,5,0
1859,768,340,140,121,2,7,5,0
1860,768,339,140,121,2,7,5,0
1861,768,339,139,121,2,7,5,0
1862,768,339,139,121,2,7,5,0
1863,768,339,139,121,2,7,5,0
1864,768,339,139,121,2,7,5,0
1865,768,339,139,121,2,7,5,0
1866,768,339,139,121,2,7,5,0
1867,768,339,139,121,2,7,5,0
1868,768,339,139,121,2,7,5,0
1869,768,339,139,121,2,7,5,0
1870,768,339,139,121,2,7,5,0
1871,768,339,139,121,2,7,5,0
1872,768,339,140,121,2,7,5,0
1873,768,339,140,121,2,7,5,0
1874,768,339,140,121,2,7,5,0
1875,768,339,140,121,2,7,5,0
1876,768,339,140,121,2,7,5,0
1877,768,339,140,121,2,7,5,0
1878,768,339,140,121,2,7,5,0
1879,768,340,140,121,2,7,5,0
1880,768,339,140,121,2,7,5,0
1881,768,339,139,121,2,7,5,0
1882,768,339,139,121,2,7,5,0
1883,768,339,140,121,2,7,5,0
1884,768,339,139,121,2,7,5,0
1885,768,339,139,121,2,7,5,0
1886,768,339,139,121,2,7,5,0
1887,768,339,139,121,2,7,5,0
1888,768,339,140,121,2,7,5,0
1889,768,340,140,121,2,7,5,1
1890,768,340,140,121,2,7,5,1
1891,768,340,140,121,2,7,5,1
1892,768,340,140,121,2,7,5,1
1893,768,340,140,121,2,7,5,0
1894,768,340,140,121,2,7,5,0
1895,768,340,140,121,2,7,5,0
1896,768,339,140,122,2,7,5,0
1897,768,339,140,122,2,7,5,0
1898,768,339,140,122,2,7,5,0
1899,768,339,140,122,2,7,5,0
1900,768,339,140,122,2,7,5,0
1901,768,339,140,122,2,7,5,0
1902,768,339,140,122,2,7,5,0
1903,768,339,140,122,2,7,5,0
1904,768,340,140,121,2,7,5,0
1905,768,340,140,121,2,7,5,0
1906,768,340,140,121,2,7,5,0
1907,768,340,140,121,2,7,5,0
1908,768,340,139,121,2,7,5,0
1909,768,340,139,121,2,7,5,0
1910,768,340,139,121,2,7,5,0
1911,768,340,140,121,2,7,5,0
1912,768,340,140,121,2,7,5,0
1913,768,340,140,121,2,7,5,0
1914,768,340,140,121,2,7,5,0
1915,768,340,140,121,2,7,5,0
1916,768,340,140,121,2,7,5,0
1917,768,340,140,121,2,7,5,0
1918,768,340,140,121,2,7,5,0
1919,768,340,140,121,2,7,5,0
1920,768,339,140,122,2,7,5,0
1921,768,340,140,121,2,7,5,0
1922,768,340,140,121,2,7,5,0
1923,768,340,140,122,2,7,5,0
1924,768,340,140,122,2,7,5,0
1925,768,339,140,122,2,7,5,0
1926,768,340,140,122,2,7,5,0
1927,768,340,140,122,2,7,5,0
435,1491,1001,59,78,6,6,11,0
436,1480,986,52,92,6,6,11,0
437,1472,973,49,105,6,6,11,0
438,1468,963,47,115,6,6,11,0
439,1461,949,43,129,6,6,11,0
440,1450,935,48,144,6,6,11,0
441,1434,922,52,155,6,6,11,0
442,1410,913,69,165,6,6,11,0
443,1372,902,95,175,6,6,11,0
444,1404,891,57,187,6,6,11,0
445,1392,878,58,200,6,6,11,0
446,1323,866,115,211,6,6,11,1
447,1309,856,106,206,6,6,11,3
448,1327,848,70,203,6,6,11,4
449,1301,838,82,200,6,6,11,6
450,1296,829,75,199,6,6,11,7
451,1255,819,99,193,6,6,11,8
452,1270,810,64,194,6,6,11,9
453,1263,803,50,189,6,6,11,9
454,1253,796,46,187,6,6,11,9
455,1239,786,57,186,6,6,11,9
456,1201,777,89,184,6,6,11,9
457,1186,767,86,181,6,6,11,9
458,1183,764,80,178,6,6,11,9
459,1209,756,40,176,6,6,11,10
460,1165,747,77,174,6,6,11,10
461,1192,741,44,168,6,6,11,10
462,1141,734,87,168,6,6,11,10
463,1165,726,48,166,6,6,11,11
464,1147,719,55,163,6,6,11,11
465,1136,715,47,158,6,6,11,11
466,1125,706,53,159,6,6,11,11
467,1127,701,39,156,6,6,11,11
468,1110,692,43,157,6,6,11,11
469,1097,692,41,148,6,6,11,11
470,1090,683,40,150,6,6,11,11
471,1082,677,43,149,6,6,11,11
472,1078,675,41,144,6,6,11,11
473,1065,666,40,145,6,6,11,10
474,1055,661,45,145,6,6,11,10
475,1056,654,33,143,6,6,11,10
476,1054,648,30,143,6,6,11,10
477,1047,645,34,139,6,6,11,10
478,1046,641,33,138,6,6,11,10
479,1035,638,40,135,6,6,11,10
480,1030,631,31,134,6,6,11,10
481,1020,623,42,136,6,6,11,10
482,1016,622,42,132,6,6,11,11
483,1011,616,38,130,6,6,11,11
484,993,613,42,129,6,6,11,11
485,979,611,46,125,6,6,11,11
486,971,605,45,127,6,6,11,11
487,956,603,52,124,6,6,11,11
488,960,598,37,122,6,6,11,11
489,943,598,41,117,6,6,11,11
490,933,593,41,118,6,6,11,11
491,932,586,31,120,6,6,11,11
492,927,579,35,122,6,6,11,11
493,925,577,32,119,6,6,11,11
494,924,577,27,115,6,6,11,11
495,910,570,41,118,6,6,11,11
496,909,567,37,116,6,6,11,10
497,910,563,30,116,6,6,11,10
498,905,546,38,131,6,6,11,10
499,915,559,26,111,6,6,11,10
500,913,557,25,109,6,6,11,10
501,908,551,37,111,6,6,11,10
502,907,550,35,111,6,6,11,10
503,909,546,37,110,6,6,11,10
501,902,536,63,127,7,6,11,10
502,903,532,65,128,7,6,11,10
504,909,538,50,115,7,6,11,10
505,922,545,24,102,7,6,11,10
506,922,539,26,106,7,6,11,10
507,911,527,56,115,7,6,11,10
508,909,526,41,111,7,6,11,10
509,912,526,34,107,7,6,11,10
510,909,521,41,110,7,6,11,10
511,920,526,24,101,7,6,11,10
512,911,522,30,100,7,6,11,11
513,910,517,27,103,7,6,11,10
514,904,517,28,99,7,6,11,10
515,900,515,29,99,7,6,11,10
516,894,509,31,102,7,6,11,10
517,893,511,29,95,7,6,11,10
518,891,509,25,95,7,6,11,10
519,879,507,30,94,7,6,11,10
520,870,503,30,94,7,6,11,11
521,861,499,34,95,7,6,11,11
522,858,499,32,93,7,6,11,11
523,851,495,34,93,7,6,11,11
524,853,498,26,87,7,6,11,11
525,844,492,29,90,7,6,11,11
526,836,489,30,91,7,6,11,11
527,830,486,32,90,7,6,11,11
528,824,483,30,91,7,6,11,11
529,816,474,38,96,7,6,11,11
530,821,478,29,90,7,6,11,11
531,811,476,32,89,7,6,11,11
532,798,472,34,92,7,6,11,11
533,795,471,32,89,7,6,11,11
534,790,470,33,88,7,6,11,11
535,784,470,34,85,7,6,11,11
536,785,468,27,84,7,6,11,11
537,777,470,26,80,7,6,11,11
538,772,464,31,84,7,6,11,11
539,770,460,26,86,7,6,11,11
540,770,460,24,83,7,6,11,11
541,769,458,27,83,7,6,11,11
542,765,458,30,81,7,6,11,11
543,758,452,35,85,7,6,11,11
544,756,452,27,82,7,6,11,11
545,755,452,25,80,7,6,11,11
546,754,449,26,80,7,6,11,11
547,754,449,24,78,7,6,11,11
548,749,450,26,75,7,6,11,12
549,745,449,25,74,7,6,11,12
550,737,445,28,76,7,6,11,12
551,736,443,25,75,7,6,11,12
552,735,440,23,76,7,6,11,12
553,737,441,22,74,7,6,11,11
554,736,438,23,75,7,6,11,11
555,731,432,26,79,7,6,11,10
556,730,431,25,79,7,6,11,10
559,734,430,23,75,7,6,11,10
565,728,427,21,67,7,6,11,10
566,727,426,21,66,7,6,11,10
567,727,421,23,69,7,6,11,10
571,725,415,20,69,7,6,11,11
572,722,413,20,68,7,6,11,11
573,716,410,23,69,7,6,11,11
574,713,407,26,71,7,6,11,11
575,711,405,28,72,7,6,11,11
576,711,405,26,71,7,6,11,11
584,707,396,30,67,7,6,11,11
585,709,398,22,64,7,6,11,11
586,706,393,25,66,7,6,11,11
587,703,390,30,68,7,6,11,12
588,702,388,29,70,7,6,11,12
589,703,393,22,62,7,6,11,13
590,699,388,30,67,7,6,11,13
591,698,388,28,65,7,6,11,13
592,698,385,29,67,7,6,11,13
593,698,385,26,65,7,6,11,12
594,698,386,27,63,7,6,11,12
595,696,383,29,65,7,6,11,12
596,697,382,29,67,7,6,11,13
597,698,381,31,64,7,6,11,14
598,699,381,28,62,7,6,11,14
1432,704,252,58,22,16,6,3,3
1433,704,252,57,21,16,6,3,12
1434,704,252,58,22,16,6,3,17
1435,704,251,58,22,16,6,3,25
1436,704,251,58,22,16,6,3,22
1437,704,251,58,22,16,6,3,18
1439,704,251,58,21,16,6,3,12
1458,704,249,58,24,16,6,3,8
1459,704,249,58,24,16,6,3,7
1480,705,248,59,28,16,6,3,7
1481,705,248,59,28,16,6,3,7
1482,704,249,59,27,16,6,3,8
1483,705,249,59,27,16,6,3,9
1484,705,249,59,27,16,6,3,10
1485,705,249,59,27,16,6,3,10
1486,705,249,59,27,16,6,3,8
1487,705,249,59,27,16,6,3,6
1490,704,247,59,29,16,6,3,4
1491,704,246,60,30,16,6,3,4
1492,704,246,59,30,16,6,3,5
1493,704,247,60,30,16,6,3,5
1494,704,246,60,30,16,6,3,7
1495,704,246,60,30,16,6,3,10
1520,704,248,59,24,16,6,3,13
1521,704,248,59,25,16,6,3,14
1522,704,248,58,24,16,6,3,14
1523,704,248,59,24,16,6,3,14
1524,704,248,58,24,16,6,3,13
1525,704,248,58,24,16,6,3,14
1526,704,248,58,24,16,6,3,15
1527,704,248,58,24,16,6,3,17
1528,704,249,59,25,16,6,3,21
1529,704,249,59,25,16,6,3,25
1530,704,249,59,25,16,6,3,31
1531,704,249,59,25,16,6,3,33
1532,703,249,60,25,16,6,3,28
1533,703,249,60,25,16,6,3,21
1534,704,249,59,24,16,6,3,14
1535,704,249,59,24,16,6,3,13
0,707,271,72,39,31,9,3,3
1,705,270,74,39,31,9,3,2
2,706,270,74,39,31,9,3,1
3,705,270,74,39,31,9,3,0
4,705,270,74,39,31,9,3,0
5,705,270,74,39,31,9,3,0
6,705,270,74,39,31,9,3,1
7,705,270,74,39,31,9,3,3
8,707,270,72,40,31,9,3,5
9,707,270,72,40,31,9,3,6
10,707,270,72,40,31,9,3,6
11,708,270,72,40,31,9,3,5
12,710,270,70,40,31,9,3,4
13,710,270,70,40,31,9,3,4
14,710,270,70,40,31,9,3,4
15,710,270,70,40,31,9,3,5
16,708,270,71,39,31,9,3,6
17,708,270,71,39,31,9,3,6
18,709,270,71,39,31,9,3,5
19,708,270,71,39,31,9,3,5
20,708,270,71,39,31,9,3,4
21,709,270,71,39,31,9,3,3
22,709,270,71,39,31,9,3,3
23,709,270,71,39,31,9,3,6
24,707,271,73,40,31,9,3,9
25,707,271,73,40,31,9,3,10
26,707,271,73,40,31,9,3,10
27,707,271,73,40,31,9,3,10
28,707,271,73,40,31,9,3,8
29,707,271,73,40,31,9,3,5
30,707,271,73,40,31,9,3,3
31,707,271,73,40,31,9,3,3
32,707,271,73,39,31,9,3,4
33,707,271,73,39,31,9,3,4
34,707,271,73,39,31,9,3,4
35,707,271,73,39,31,9,3,4
36,707,271,73,39,31,9,3,3
37,707,271,73,39,31,9,3,2
38,707,271,73,39,31,9,3,2
39,707,271,73,39,31,9,3,3
40,710,270,69,39,31,9,3,4
41,710,270,69,39,31,9,3,5
42,710,270,69,39,31,9,3,5
43,710,270,69,39,31,9,3,5
44,710,270,69,39,31,9,3,4
45,710,270,69,39,31,9,3,3
46,710,270,69,39,31,9,3,1
47,710,270,69,39,31,9,3,1
48,710,270,69,39,31,9,3,0
49,710,270,69,39,31,9,3,0
50,710,270,69,39,31,9,3,0
51,710,270,69,39,31,9,3,0
52,710,270,69,39,31,9,3,0
53,710,270,69,39,31,9,3,0
54,710,270,69,39,31,9,3,0
55,710,270,69,39,31,9,3,0
56,710,270,70,39,31,9,3,0
57,710,270,69,39,31,9,3,0
58,710,270,69,39,31,9,3,1
59,710,270,70,39,31,9,3,2
60,709,271,71,39,31,9,3,3
61,709,271,71,39,31,9,3,3
62,709,271,71,39,31,9,3,3
63,709,271,71,39,31,9,3,3
64,709,270,71,40,31,9,3,2
65,709,270,71,40,31,9,3,1
66,709,270,71,40,31,9,3,0
67,708,270,71,40,31,9,3,0
68,708,270,71,40,31,9,3,0
69,708,270,71,40,31,9,3,0
70,708,270,71,40,31,9,3,0
71,708,270,71,40,31,9,3,1
72,707,270,73,40,31,9,3,1
73,707,270,73,40,31,9,3,1
74,707,270,73,40,31,9,3,0
75,707,270,73,40,31,9,3,0
76,707,270,73,40,31,9,3,0
77,707,270,73,40,31,9,3,0
78,707,270,73,40,31,9,3,1
79,707,270,73,40,31,9,3,2
80,709,270,70,39,31,9,3,4
81,709,270,70,39,31,9,3,5
82,709,270,70,39,31,9,3,4
83,708,270,71,39,31,9,3,4
84,709,270,70,40,31,9,3,3
85,709,270,70,40,31,9,3,3
86,709,270,70,39,31,9,3,4
87,709,270,70,39,31,9,3,6
88,708,270,71,41,31,9,3,7
89,708,270,72,41,31,9,3,7
90,708,270,72,40,31,9,3,7
91,708,270,72,40,31,9,3,7
92,708,270,71,41,31,9,3,6
93,708,270,71,41,31,9,3,4
94,708,270,72,41,31,9,3,4
95,708,270,72,41,31,9,3,6
96,707,270,72,39,31,9,3,8
97,707,270,72,39,31,9,3,9
98,707,270,72,39,31,9,3,10
99,707,270,73,39,31,9,3,10
100,707,270,73,39,31,9,3,9
101,707,270,73,39,31,9,3,7
102,707,270,73,39,31,9,3,4
103,707,270,73,39,31,9,3,2
104,708,270,71,39,31,9,3,1
105,708,270,71,39,31,9,3,0
106,708,270,71,39,31,9,3,0
107,709,270,70,39,31,9,3,0
108,708,270,72,39,31,9,3,0
109,708,270,72,39,31,9,3,0
110,708,270,72,39,31,9,3,0
111,708,270,72,39,31,9,3,1
112,708,270,72,40,31,9,3,1
113,708,270,72,40,31,9,3,0
114,708,270,72,40,31,9,3,0
115,708,270,72,40,31,9,3,0
116,708,270,72,40,31,9,3,0
117,708,270,71,39,31,9,3,0
118,708,270,72,40,31,9,3,0
119,708,270,72,39,31,9,3,1
120,709,270,70,39,31,9,3,2
121,709,270,70,39,31,9,3,2
122,709,270,70,39,31,9,3,2
123,709,270,70,39,31,9,3,1
124,709,270,70,39,31,9,3,1
125,709,270,70,39,31,9,3,1
126,709,270,70,39,31,9,3,1
127,709,270,70,39,31,9,3,1
128,708,270,71,40,31,9,3,2
129,708,270,71,40,31,9,3,2
130,708,270,71,40,31,9,3,3
131,708,270,71,40,31,9,3,3
132,709,271,72,39,31,9,3,3
133,709,271,72,39,31,9,3,3
134,709,271,72,39,31,9,3,3
135,709,271,72,39,31,9,3,4
136,710,271,70,39,31,9,3,4
137,710,271,70,39,31,9,3,4
138,710,271,70,39,31,9,3,4
139,710,271,70,39,31,9,3,4
140,710,271,70,39,31,9,3,3
141,710,271,70,39,31,9,3,2
142,710,271,70,39,31,9,3,2
143,710,271,70,39,31,9,3,2
144,706,270,73,41,31,9,3,3
145,706,270,73,41,31,9,3,3
146,706,270,73,41,31,9,3,3
147,706,270,73,41,31,9,3,3
148,706,270,73,41,31,9,3,2
149,706,270,73,41,31,9,3,1
150,706,270,73,41,31,9,3,2
151,706,270,73,41,31,9,3,3
152,706,270,73,40,31,9,3,3
153,706,271,73,40,31,9,3,2
154,706,271,72,40,31,9,3,4
155,706,271,73,40,31,9,3,6
156,708,270,71,39,31,9,3,8
157,708,270,71,39,31,9,3,9
158,708,270,71,39,31,9,3,9
159,708,270,71,39,31,9,3,12
160,708,270,72,39,31,9,3,10
161,708,270,72,39,31,9,3,7
162,708,270,72,39,31,9,3,3
163,708,270,72,39,31,9,3,2
164,708,270,72,39,31,9,3,1
165,707,270,72,39,31,9,3,1
166,707,270,72,39,31,9,3,0
167,707,270,72,39,31,9,3,0
168,708,270,72,39,31,9,3,0
169,708,270,72,39,31,9,3,0
170,708,270,72,39,31,9,3,0
171,707,270,72,39,31,9,3,0
172,707,270,72,39,31,9,3,0
173,707,270,72,39,31,9,3,0
174,707,270,72,39,31,9,3,1
175,707,270,72,39,31,9,3,2
176,706,270,73,40,31,9,3,4
177,706,270,73,40,31,9,3,4
178,706,270,73,40,31,9,3,6
179,707,270,73,39,31,9,3,7
180,706,270,73,40,31,9,3,7
181,706,270,73,40,31,9,3,5
182,706,270,73,40,31,9,3,3
183,706,270,73,40,31,9,3,2
184,707,270,73,40,31,9,3,1
185,707,270,73,40,31,9,3,1
186,707,270,72,40,31,9,3,0
187,707,270,72,40,31,9,3,0
188,707,270,72,40,31,9,3,0
189,707,270,72,40,31,9,3,0
190,707,270,72,40,31,9,3,2
191,707,270,73,40,31,9,3,4
192,707,270,72,39,31,9,3,6
193,707,270,72,39,31,9,3,7
194,707,270,72,39,31,9,3,7
195,707,270,72,39,31,9,3,7
196,707,270,72,39,31,9,3,6
197,707,270,72,39,31,9,3,4
198,707,270,72,39,31,9,3,3
199,707,270,72,39,31,9,3,4
200,706,270,74,40,31,9,3,6
201,706,270,74,40,31,9,3,6
202,706,270,73,40,31,9,3,7
203,706,270,73,40,31,9,3,7
204,706,270,73,40,31,9,3,6
205,706,270,73,40,31,9,3,4
206,706,270,73,40,31,9,3,2
207,706,270,73,40,31,9,3,1
208,705,270,74,40,31,9,3,1
209,705,270,74,40,31,9,3,0
210,705,270,74,40,31,9,3,0
211,705,270,74,40,31,9,3,0
212,705,270,74,40,31,9,3,0
213,705,270,74,40,31,9,3,0
214,705,270,74,40,31,9,3,0
215,705,270,74,40,31,9,3,0
216,706,270,73,40,31,9,3,1
217,706,270,73,40,31,9,3,1
218,706,270,73,40,31,9,3,1
219,706,270,73,40,31,9,3,1
220,706,270,73,40,31,9,3,0
221,707,270,73,40,31,9,3,0
222,707,270,73,40,31,9,3,0
223,707,270,73,40,31,9,3,1
224,706,270,73,40,31,9,3,2
225,706,270,73,40,31,9,3,3
226,706,270,73,40,31,9,3,2
227,706,270,73,40,31,9,3,2
228,706,270,73,39,31,9,3,2
229,706,270,73,39,31,9,3,3
230,706,270,73,39,31,9,3,4
231,706,270,73,39,31,9,3,5
232,707,270,72,39,31,9,3,4
233,707,270,72,39,31,9,3,3
234,707,270,72,39,31,9,3,1
235,707,270,72,39,31,9,3,0
236,707,270,72,39,31,9,3,0
237,707,270,72,39,31,9,3,0
238,707,270,72,39,31,9,3,0
239,707,270,72,39,31,9,3,0
240,707,270,72,40,31,9,3,0
241,707,270,72,39,31,9,3,0
242,707,270,72,39,31,9,3,1
243,707,270,72,39,31,9,3,3
244,708,271,73,39,31,9,3,6
245,708,271,73,39,31,9,3,7
246,708,271,73,39,31,9,3,6
247,708,271,73,39,31,9,3,5
248,707,270,72,39,31,9,3,3
249,707,270,72,39,31,9,3,2
250,709,271,72,39,31,9,3,2
251,708,271,73,39,31,9,3,3
252,708,270,71,39,31,9,3,5
253,708,270,71,39,31,9,3,6
254,709,271,72,39,31,9,3,6
255,709,271,72,39,31,9,3,6
256,705,270,74,40,31,9,3,4
257,705,270,74,39,31,9,3,3
258,705,270,74,39,31,9,3,2
259,705,270,74,39,31,9,3,3
260,705,270,74,39,31,9,3,3
261,705,270,74,39,31,9,3,2
262,705,270,74,39,31,9,3,1
263,705,270,74,39,31,9,3,1
264,707,270,72,39,31,9,3,0
265,707,270,72,39,31,9,3,0
266,707,270,72,39,31,9,3,0
267,707,270,72,39,31,9,3,0
268,707,270,72,39,31,9,3,0
269,707,270,72,39,31,9,3,0
270,707,270,72,39,31,9,3,0
271,707,270,72,39,31,9,3,0
272,707,270,72,39,31,9,3,0
273,707,270,72,39,31,9,3,0
274,707,270,72,39,31,9,3,0
275,707,270,72,39,31,9,3,0
276,707,270,72,39,31,9,3,0
277,707,270,72,39,31,9,3,0
278,707,270,72,39,31,9,3,2
279,707,270,72,39,31,9,3,5
280,706,270,73,40,31,9,3,7
281,706,270,73,40,31,9,3,7
282,706,270,73,40,31,9,3,8
283,706,270,73,40,31,9,3,8
284,706,270,73,40,31,9,3,7
285,706,270,73,40,31,9,3,5
286,706,270,73,40,31,9,3,5
287,706,270,73,40,31,9,3,6
288,707,270,72,39,31,9,3,8
289,707,270,72,39,31,9,3,8
290,707,270,72,39,31,9,3,8
291,707,270,72,39,31,9,3,8
292,707,270,72,39,31,9,3,7
293,707,270,72,39,31,9,3,5
294,707,270,72,39,31,9,3,2
295,707,270,72,39,31,9,3,1
296,706,270,73,39,31,9,3,1
297,706,270,73,39,31,9,3,0
298,706,270,73,39,31,9,3,3
299,706,270,73,39,31,9,3,6
300,707,271,73,39,31,9,3,9
301,707,271,73,39,31,9,3,10
302,707,271,73,39,31,9,3,9
303,707,271,73,39,31,9,3,7
304,706,270,73,39,31,9,3,6
305,706,270,74,39,31,9,3,6
306,706,270,73,39,31,9,3,7
307,706,270,73,40,31,9,3,7
308,706,270,73,39,31,9,3,6
309,706,270,73,40,31,9,3,4
310,706,270,73,40,31,9,3,2
311,706,270,73,40,31,9,3,1
312,708,270,71,40,31,9,3,1
313,708,270,71,40,31,9,3,1
314,708,270,71,40,31,9,3,0
315,708,270,71,40,31,9,3,0
316,708,270,71,40,31,9,3,0
317,708,270,71,40,31,9,3,0
318,708,270,71,40,31,9,3,1
319,708,270,71,40,31,9,3,2
320,707,271,74,39,31,9,3,4
321,707,271,74,39,31,9,3,4
322,707,271,74,39,31,9,3,4
323,708,271,74,39,31,9,3,3
324,708,271,73,39,31,9,3,2
325,708,271,73,39,31,9,3,2
326,708,271,73,39,31,9,3,2
327,708,271,73,39,31,9,3,2
328,707,271,74,40,31,9,3,2
329,707,271,74,40,31,9,3,3
330,707,271,74,39,31,9,3,4
331,707,271,74,39,31,9,3,5
332,707,271,74,39,31,9,3,4
333,707,271,74,39,31,9,3,3
334,707,271,74,39,31,9,3,2
335,707,271,74,39,31,9,3,3
336,707,271,73,39,31,9,3,4
337,707,271,73,39,31,9,3,4
338,707,271,73,39,31,9,3,5
339,707,271,73,39,31,9,3,5
340,707,271,73,39,31,9,3,4
341,707,271,73,39,31,9,3,3
342,707,271,73,39,31,9,3,2
343,707,271,73,39,31,9,3,3
344,708,271,73,40,31,9,3,5
345,708,271,73,40,31,9,3,5
346,708,271,73,40,31,9,3,6
347,708,271,73,40,31,9,3,6
348,708,271,74,40,31,9,3,5
349,708,271,73,40,31,9,3,3
350,708,271,74,40,31,9,3,3
351,708,271,74,40,31,9,3,5
352,706,270,73,40,31,9,3,6
353,706,270,73,40,31,9,3,7
354,706,270,73,40,31,9,3,7
355,706,270,73,40,31,9,3,7
356,706,270,73,40,31,9,3,6
357,706,270,73,40,31,9,3,4
358,706,270,73,40,31,9,3,4
359,706,270,73,40,31,9,3,5
360,708,271,72,40,31,9,3,7
361,708,271,72,40,31,9,3,8
362,707,271,72,40,31,9,3,9
363,708,271,72,40,31,9,3,9
364,708,271,72,40,31,9,3,8
365,707,271,72,40,31,9,3,5
366,708,271,71,40,31,9,3,4
367,708,271,71,40,31,9,3,4
368,707,270,73,41,31,9,3,6
369,707,270,73,41,31,9,3,6
370,707,270,73,41,31,9,3,5
371,707,270,73,41,31,9,3,3
372,708,271,73,40,31,9,3,3
373,708,271,73,40,31,9,3,4
374,708,271,73,40,31,9,3,4
375,708,271,73,40,31,9,3,3
376,706,271,73,40,31,9,3,3
377,706,271,73,40,31,9,3,6
378,706,270,73,40,31,9,3,9
379,706,270,73,40,31,9,3,10
380,706,270,73,40,31,9,3,10
381,706,270,73,40,31,9,3,10
382,706,270,73,40,31,9,3,8
383,706,270,73,40,31,9,3,7
384,708,271,71,39,31,9,3,6
385,709,271,71,39,31,9,3,5
386,709,271,71,39,31,9,3,5
387,709,271,71,39,31,9,3,4
388,709,271,71,39,31,9,3,3
389,709,271,71,40,31,9,3,2
390,709,271,70,39,31,9,3,2
391,709,271,70,39,31,9,3,3
392,706,270,73,40,31,9,3,5
393,707,270,73,40,31,9,3,5
394,707,270,73,40,31,9,3,6
395,706,270,73,40,31,9,3,7
396,707,270,73,39,31,9,3,7
397,707,270,73,39,31,9,3,6
398,707,270,72,39,31,9,3,4
399,707,270,73,39,31,9,3,2
400,707,271,72,39,31,9,3,1
401,707,271,72,39,31,9,3,2
402,707,271,73,39,31,9,3,2
403,707,270,73,39,31,9,3,2
404,707,271,73,39,31,9,3,1
405,707,271,72,39,31,9,3,1
406,707,271,72,39,31,9,3,2
407,707,271,72,39,31,9,3,2
408,708,270,71,39,31,9,3,4
409,708,270,71,39,31,9,3,3
410,708,270,71,39,31,9,3,3
411,708,271,71,39,31,9,3,2
412,708,271,71,39,31,9,3,3
413,708,270,72,39,31,9,3,3
414,708,271,71,39,31,9,3,4
415,708,270,71,39,31,9,3,2
416,707,270,73,40,31,9,3,2
417,707,270,72,40,31,9,3,2
418,707,270,72,40,31,9,3,3
419,707,270,72,40,31,9,3,7
420,706,271,73,40,31,9,3,7
421,706,271,73,40,31,9,3,6
422,706,270,74,40,31,9,3,3
423,706,270,74,40,31,9,3,3
424,707,271,72,39,31,9,3,4
425,707,271,72,39,31,9,3,5
426,707,271,72,39,31,9,3,5
427,708,271,72,39,31,9,3,3
428,708,271,72,39,31,9,3,1
429,708,271,71,39,31,9,3,1
430,708,271,71,39,31,9,3,1
431,708,271,71,39,31,9,3,2
432,706,270,73,39,31,9,3,3
433,706,270,73,39,31,9,3,4
434,706,270,73,39,31,9,3,4
435,706,270,73,39,31,9,3,4
436,706,270,73,39,31,9,3,3
437,706,270,74,39,31,9,3,2
438,706,270,74,39,31,9,3,1
439,706,270,74,39,31,9,3,0
440,706,270,73,39,31,9,3,0
441,706,270,73,39,31,9,3,0
442,706,270,73,39,31,9,3,1
443,706,270,73,39,31,9,3,3
444,706,270,72,39,31,9,3,5
445,706,270,72,39,31,9,3,5
446,706,270,72,39,31,9,3,5
447,707,270,72,39,31,9,3,4
448,710,271,69,39,31,9,3,5
449,710,271,69,39,31,9,3,6
450,710,271,69,39,31,9,3,8
451,711,271,68,39,31,9,3,8
452,710,271,68,39,31,9,3,7
453,710,271,69,39,31,9,3,5
454,710,271,69,39,31,9,3,3
455,710,271,69,39,31,9,3,4
456,708,271,71,39,31,9,3,5
457,708,271,71,39,31,9,3,5
458,708,271,71,39,31,9,3,5
459,707,271,72,39,31,9,3,5
460,707,271,72,39,31,9,3,4
461,707,271,72,39,31,9,3,4
462,707,271,72,39,31,9,3,3
463,707,270,72,39,31,9,3,4
464,706,271,73,40,31,9,3,2
465,706,271,73,40,31,9,3,2
466,706,271,73,40,31,9,3,3
467,706,271,73,40,31,9,3,5
468,706,271,73,40,31,9,3,6
469,706,271,73,40,31,9,3,6
470,706,271,73,40,31,9,3,5
471,706,271,73,40,31,9,3,5
472,707,270,72,40,31,9,3,6
473,707,270,72,40,31,9,3,7
474,707,270,72,40,31,9,3,8
475,707,270,72,40,31,9,3,9
476,707,270,72,40,31,9,3,7
477,707,270,72,40,31,9,3,5
478,707,270,72,40,31,9,3,2
479,707,270,72,40,31,9,3,1
480,707,271,73,39,31,9,3,0
481,706,271,73,39,31,9,3,0
482,707,271,73,39,31,9,3,0
483,706,271,73,39,31,9,3,0
484,706,271,73,39,31,9,3,0
485,706,271,73,39,31,9,3,0
486,706,271,73,39,31,9,3,0
487,706,271,73,39,31,9,3,1
488,707,271,72,40,31,9,3,2
489,707,271,72,40,31,9,3,2
490,707,271,72,40,31,9,3,3
491,707,271,72,39,31,9,3,3
492,707,271,72,40,31,9,3,3
493,707,271,73,40,31,9,3,2
494,707,271,72,40,31,9,3,1
495,707,271,73,40,31,9,3,1
496,708,271,71,39,31,9,3,2
497,708,271,71,39,31,9,3,2
498,708,271,71,39,31,9,3,4
499,708,271,71,39,31,9,3,5
500,708,271,70,39,31,9,3,5
501,708,271,70,39,31,9,3,4
502,708,271,70,39,31,9,3,3
503,708,271,70,39,31,9,3,3
504,710,271,69,39,31,9,3,2
505,710,271,69,39,31,9,3,1
506,710,271,69,39,31,9,3,0
507,710,271,69,39,31,9,3,1
508,710,271,69,39,31,9,3,1
509,710,270,69,39,31,9,3,2
510,710,271,69,39,31,9,3,1
511,710,271,69,39,31,9,3,2
512,707,270,72,39,31,9,3,3
513,707,270,72,39,31,9,3,3
514,707,270,72,39,31,9,3,3
515,707,270,72,39,31,9,3,2
516,706,270,74,40,31,9,3,2
517,706,270,74,40,31,9,3,2
518,706,270,74,40,31,9,3,2
519,706,270,74,39,31,9,3,1
520,706,270,73,39,31,9,3,1
521,706,270,73,39,31,9,3,1
522,706,270,73,39,31,9,3,2
523,706,270,73,39,31,9,3,2
524,706,270,73,39,31,9,3,2
525,706,270,73,39,31,9,3,2
526,706,270,73,39,31,9,3,2
527,706,270,73,39,31,9,3,2
528,709,271,71,39,31,9,3,2
529,708,270,71,39,31,9,3,1
530,708,270,71,39,31,9,3,1
531,708,270,71,39,31,9,3,1
532,708,270,71,39,31,9,3,1
533,709,271,71,39,31,9,3,1
534,709,271,71,39,31,9,3,1
535,708,270,71,39,31,9,3,3
536,712,271,68,39,31,9,3,5
537,711,271,68,39,31,9,3,4
538,711,271,68,39,31,9,3,3
539,711,271,68,39,31,9,3,3
540,712,271,68,39,31,9,3,3
541,712,271,68,39,31,9,3,3
542,712,271,68,39,31,9,3,1
543,710,271,69,39,31,9,3,0
544,709,271,70,39,31,9,3,0
545,709,271,70,39,31,9,3,0
546,709,271,70,39,31,9,3,0
547,709,271,70,39,31,9,3,0
548,709,271,70,39,31,9,3,0
549,709,271,70,39,31,9,3,0
550,709,271,70,39,31,9,3,1
551,709,271,70,39,31,9,3,1
552,708,270,71,39,31,9,3,1
553,709,271,70,39,31,9,3,0
554,709,271,70,39,31,9,3,0
555,708,271,71,39,31,9,3,0
556,709,271,70,39,31,9,3,1
557,709,271,70,39,31,9,3,1
558,709,271,70,39,31,9,3,2
559,709,271,70,39,31,9,3,0
560,709,271,70,39,31,9,3,2
561,709,271,70,39,31,9,3,3
562,708,270,72,39,31,9,3,5
563,708,270,71,39,31,9,3,5
564,707,270,72,39,31,9,3,6
565,707,270,72,39,31,9,3,6
566,707,270,72,39,31,9,3,4
567,707,270,72,39,31,9,3,3
568,708,270,71,39,31,9,3,1
569,709,270,71,39,31,9,3,0
570,708,270,71,39,31,9,3,0
571,708,270,71,39,31,9,3,0
572,708,270,71,39,31,9,3,0
573,708,270,71,39,31,9,3,0
574,708,270,71,39,31,9,3,0
575,708,270,72,39,31,9,3,0
576,707,270,72,39,31,9,3,0
577,707,270,72,39,31,9,3,0
578,707,270,72,39,31,9,3,0
579,707,270,72,39,31,9,3,0
580,707,270,73,39,31,9,3,0
581,707,270,73,39,31,9,3,0
582,707,270,72,39,31,9,3,1
583,707,270,73,39,31,9,3,1
584,707,270,72,40,31,9,3,1
585,707,270,72,39,31,9,3,1
586,707,270,71,39,31,9,3,1
587,708,270,71,39,31,9,3,2
588,708,270,71,39,31,9,3,3
589,708,270,71,39,31,9,3,3
590,708,270,71,39,31,9,3,3
591,708,270,71,39,31,9,3,4
592,709,271,72,39,31,9,3,6
593,709,271,72,39,31,9,3,7
594,709,271,72,39,31,9,3,7
595,709,271,72,39,31,9,3,8
596,709,271,72,39,31,9,3,7
597,710,271,71,39,31,9,3,6
598,710,271,71,39,31,9,3,6
599,710,271,71,39,31,9,3,7
600,709,270,69,38,31,9,3,9
601,709,270,70,39,31,9,3,10
602,709,270,70,38,31,9,3,10
603,709,270,69,38,31,9,3,10
604,710,270,69,38,31,9,3,8
605,710,270,69,38,31,9,3,6
606,710,270,69,38,31,9,3,5
607,709,270,69,38,31,9,3,7
608,711,271,69,39,31,9,3,7
609,711,271,69,39,31,9,3,5
610,710,270,70,39,31,9,3,5
611,709,270,70,39,31,9,3,5
612,711,271,69,39,31,9,3,6
613,710,270,70,39,31,9,3,4
614,710,270,70,39,31,9,3,4
615,709,270,70,39,31,9,3,4
616,711,270,68,38,31,9,3,5
617,712,271,67,39,31,9,3,6
618,711,270,68,38,31,9,3,6
619,712,271,67,39,31,9,3,5
620,712,271,67,39,31,9,3,6
621,712,271,68,39,31,9,3,5
622,712,271,67,39,31,9,3,7
623,712,271,67,39,31,9,3,5
624,714,271,66,39,31,9,3,5
625,713,271,66,39,31,9,3,2
626,713,271,66,39,31,9,3,2
627,713,271,66,39,31,9,3,1
628,713,271,66,39,31,9,3,1
629,713,271,66,39,31,9,3,0
630,713,271,66,39,31,9,3,0
631,713,271,66,39,31,9,3,0
632,713,271,67,39,31,9,3,1
633,712,271,67,39,31,9,3,3
634,712,271,67,39,31,9,3,5
635,711,270,68,39,31,9,3,9
636,712,270,67,38,31,9,3,9
637,712,270,67,39,31,9,3,9
638,711,270,68,39,31,9,3,7
639,711,270,68,39,31,9,3,5
640,710,270,69,39,31,9,3,4
641,711,270,68,39,31,9,3,2
642,711,270,68,39,31,9,3,1
643,711,270,67,38,31,9,3,1
644,712,270,67,39,31,9,3,2
645,711,270,68,39,31,9,3,2
646,712,271,67,38,31,9,3,1
647,712,271,67,38,31,9,3,1
648,712,270,67,39,31,9,3,0
649,711,270,68,39,31,9,3,0
650,711,270,68,39,31,9,3,1
651,710,270,69,39,31,9,3,2
652,710,270,69,39,31,9,3,2
653,711,270,68,39,31,9,3,2
654,711,270,68,39,31,9,3,1
655,711,270,68,39,31,9,3,2
656,711,270,69,38,31,9,3,3
657,711,270,68,38,31,9,3,4
658,711,270,69,38,31,9,3,4
659,711,271,69,38,31,9,3,4
660,711,271,69,38,31,9,3,5
661,711,271,69,38,31,9,3,6
662,711,271,69,39,31,9,3,10
663,711,270,69,39,31,9,3,9
664,711,271,69,39,31,9,3,10
665,710,270,70,39,31,9,3,5
666,710,270,70,39,31,9,3,5
667,709,270,70,39,31,9,3,4
668,710,271,70,39,31,9,3,4
669,709,270,71,40,31,9,3,4
670,710,271,70,39,31,9,3,3
671,709,270,71,40,31,9,3,4
672,710,270,69,39,31,9,3,4
673,711,271,69,39,31,9,3,4
674,709,270,70,39,31,9,3,3
675,708,270,71,40,31,9,3,2
676,708,270,71,40,31,9,3,3
677,711,271,69,39,31,9,3,2
678,710,271,70,39,31,9,3,4
679,710,271,69,39,31,9,3,4
680,713,271,67,39,31,9,3,4
681,712,270,67,40,31,9,3,3
682,712,270,67,40,31,9,3,4
683,711,270,68,40,31,9,3,6
684,712,270,67,39,31,9,3,7
685,712,270,67,39,31,9,3,6
686,711,270,68,39,31,9,3,3
687,712,271,67,39,31,9,3,1
688,712,271,67,39,31,9,3,1
689,712,271,67,39,31,9,3,1
690,712,271,67,39,31,9,3,1
691,711,270,69,39,31,9,3,3
692,710,270,69,39,31,9,3,6
693,711,270,68,39,31,9,3,9
694,711,270,68,39,31,9,3,8
695,710,270,69,39,31,9,3,6
696,710,270,69,39,31,9,3,4
697,710,270,69,39,31,9,3,2
698,710,270,69,39,31,9,3,1
699,711,270,68,39,31,9,3,1
700,711,270,68,39,31,9,3,1
701,711,270,68,39,31,9,3,1
702,711,270,68,39,31,9,3,1
703,711,270,68,39,31,9,3,1
704,710,270,69,39,31,9,3,0
705,711,270,68,39,31,9,3,0
706,711,270,68,39,31,9,3,0
707,709,270,70,39,31,9,3,1
708,710,270,69,39,31,9,3,1
709,710,270,69,39,31,9,3,1
710,709,270,70,39,31,9,3,1
711,709,270,70,39,31,9,3,1
712,709,270,70,39,31,9,3,0
713,709,270,70,39,31,9,3,0
714,709,270,70,39,31,9,3,0
715,709,270,70,39,31,9,3,1
716,709,270,70,39,31,9,3,1
717,709,270,70,39,31,9,3,1
718,708,270,71,39,31,9,3,2
719,708,270,71,39,31,9,3,2
720,706,270,73,39,31,9,3,3
721,706,270,73,40,31,9,3,3
722,706,270,73,40,31,9,3,3
723,706,270,73,40,31,9,3,3
724,706,270,73,39,31,9,3,2
725,706,270,73,40,31,9,3,1
726,706,270,73,40,31,9,3,0
727,706,270,74,40,31,9,3,0
728,708,270,71,40,31,9,3,1
729,708,270,71,40,31,9,3,1
730,708,270,71,40,31,9,3,2
731,709,270,71,40,31,9,3,3
732,709,271,72,39,31,9,3,5
733,709,271,72,39,31,9,3,5
734,709,271,72,39,31,9,3,4
735,709,271,72,39,31,9,3,3
736,707,270,72,40,31,9,3,3
737,707,270,73,40,31,9,3,3
738,707,270,72,40,31,9,3,3
739,707,270,72,40,31,9,3,3
740,707,270,73,40,31,9,3,2
741,707,270,73,40,31,9,3,2
742,707,270,72,40,31,9,3,2
743,707,270,72,40,31,9,3,3
744,706,270,73,39,31,9,3,4
745,706,270,73,39,31,9,3,4
746,706,270,73,39,31,9,3,4
747,706,270,73,39,31,9,3,4
748,706,270,73,40,31,9,3,3
749,706,270,73,39,31,9,3,2
750,707,270,73,39,31,9,3,1
751,707,270,72,39,31,9,3,2
752,708,270,71,39,31,9,3,2
753,709,270,71,39,31,9,3,3
754,709,270,71,39,31,9,3,3
755,710,271,70,39,31,9,3,4
756,711,271,69,39,31,9,3,5
757,711,271,69,39,31,9,3,7
758,711,271,69,39,31,9,3,9
759,710,271,70,39,31,9,3,8
760,708,271,71,40,31,9,3,6
761,709,271,70,39,31,9,3,5
762,709,271,71,39,31,9,3,4
763,708,271,71,40,31,9,3,5
764,708,271,71,40,31,9,3,4
765,709,271,71,40,31,9,3,4
766,709,271,70,40,31,9,3,5
767,709,271,71,40,31,9,3,9
768,709,270,70,39,31,9,3,10
769,708,270,71,39,31,9,3,9
770,708,270,71,40,31,9,3,6
771,708,270,71,40,31,9,3,5
772,708,270,71,40,31,9,3,4
773,707,270,72,40,31,9,3,4
774,708,270,71,40,31,9,3,7
775,708,270,71,40,31,9,3,10
776,708,271,71,40,31,9,3,12
777,708,271,71,41,31,9,3,10
778,708,271,70,40,31,9,3,10
779,709,271,70,40,31,9,3,11
780,708,271,71,41,31,9,3,11
781,707,271,72,41,31,9,3,8
782,708,271,71,41,31,9,3,5
783,707,271,72,41,31,9,3,5
784,707,270,72,40,31,9,3,5
785,707,270,72,40,31,9,3,5
786,707,270,73,41,31,9,3,4
787,706,270,73,41,31,9,3,3
788,707,271,72,41,31,9,3,4
789,707,271,72,40,31,9,3,5
790,706,271,73,41,31,9,3,7
791,707,271,73,40,31,9,3,8
792,707,271,72,41,31,9,3,8
793,707,271,72,41,31,9,3,7
794,707,271,72,40,31,9,3,3
795,708,271,71,40,31,9,3,2
796,708,271,72,40,31,9,3,1
797,708,271,71,40,31,9,3,1
798,707,271,72,40,31,9,3,2
799,707,271,72,40,31,9,3,4
800,711,271,69,40,31,9,3,5
801,711,271,69,40,31,9,3,8
802,711,271,69,40,31,9,3,8
803,713,271,67,39,31,9,3,11
804,710,271,69,39,31,9,3,9
805,710,271,69,39,31,9,3,9
806,710,271,69,39,31,9,3,6
807,710,271,69,39,31,9,3,5
808,710,271,69,39,31,9,3,4
809,710,271,69,39,31,9,3,2
810,710,271,69,39,31,9,3,2
811,710,271,69,39,31,9,3,1
812,710,271,69,39,31,9,3,0
813,710,271,69,39,31,9,3,0
814,710,271,69,39,31,9,3,1
815,712,271,68,39,31,9,3,2
816,706,270,73,39,31,9,3,3
817,706,270,73,39,31,9,3,4
818,707,270,72,39,31,9,3,5
819,706,270,73,39,31,9,3,5
820,706,270,72,39,31,9,3,4
821,707,270,72,39,31,9,3,3
822,707,270,72,39,31,9,3,3
823,707,270,72,39,31,9,3,4
824,710,271,69,39,31,9,3,6
825,710,271,69,39,31,9,3,5
826,710,271,69,39,31,9,3,3
827,709,270,70,39,31,9,3,2
828,710,270,69,39,31,9,3,3
829,710,270,69,39,31,9,3,4
830,710,270,69,39,31,9,3,7
831,710,270,69,39,31,9,3,6
832,710,270,69,39,31,9,3,5
833,709,270,69,39,31,9,3,3
834,710,270,69,39,31,9,3,3
835,709,270,69,39,31,9,3,2
836,709,270,69,39,31,9,3,2
837,709,270,70,39,31,9,3,1
838,710,270,69,39,31,9,3,1
839,709,270,69,39,31,9,3,2
840,708,270,71,39,31,9,3,4
841,708,270,71,39,31,9,3,4
842,708,270,71,39,31,9,3,5
843,708,270,71,39,31,9,3,5
844,708,270,71,39,31,9,3,4
845,708,270,71,39,31,9,3,3
846,708,270,71,39,31,9,3,1
847,708,270,71,39,31,9,3,1
848,706,270,72,39,31,9,3,0
849,706,270,72,39,31,9,3,0
850,707,270,72,39,31,9,3,0
851,706,270,72,39,31,9,3,0
852,708,271,71,39,31,9,3,1
853,708,271,71,39,31,9,3,2
854,708,271,71,39,31,9,3,2
855,708,271,71,39,31,9,3,2
856,708,270,71,39,31,9,3,1
857,708,270,71,39,31,9,3,1
858,708,270,71,40,31,9,3,0
859,708,270,71,40,31,9,3,0
860,708,270,71,40,31,9,3,0
861,708,270,71,39,31,9,3,0
862,709,270,70,39,31,9,3,2
863,709,270,70,39,31,9,3,4
864,708,270,71,38,31,9,3,7
865,708,270,71,38,31,9,3,8
866,708,270,71,38,31,9,3,9
867,708,270,71,38,31,9,3,10
868,708,270,71,38,31,9,3,8
869,708,270,71,38,31,9,3,6
870,708,270,71,38,31,9,3,5
871,708,270,71,38,31,9,3,5
872,710,271,69,38,31,9,3,5
873,710,271,69,38,31,9,3,5
874,711,271,69,38,31,9,3,5
875,710,271,69,38,31,9,3,5
876,710,271,69,38,31,9,3,5
877,710,271,70,38,31,9,3,4
878,710,271,70,38,31,9,3,3
879,710,271,70,38,31,9,3,3
880,710,270,69,39,31,9,3,3
881,711,270,69,38,31,9,3,3
882,710,270,69,38,31,9,3,2
883,711,271,68,38,31,9,3,1
884,711,271,69,38,31,9,3,1
885,710,271,69,39,31,9,3,0
886,711,270,69,38,31,9,3,2
887,711,270,68,38,31,9,3,3
888,706,270,73,40,31,9,3,5
889,707,270,73,40,31,9,3,4
890,706,270,73,40,31,9,3,6
891,707,270,73,40,31,9,3,8
892,707,270,73,40,31,9,3,8
893,707,270,73,40,31,9,3,6
894,707,270,72,40,31,9,3,5
895,707,270,72,40,31,9,3,6
896,707,270,72,39,31,9,3,8
897,707,270,71,39,31,9,3,8
898,707,270,72,39,31,9,3,9
899,707,270,72,39,31,9,3,9
900,707,270,72,39,31,9,3,8
901,706,270,72,39,31,9,3,6
902,707,270,72,39,31,9,3,5
903,707,270,72,39,31,9,3,4
904,706,270,73,39,31,9,3,5
905,706,270,73,39,31,9,3,5
906,706,270,73,39,31,9,3,6
907,706,270,73,39,31,9,3,6
908,706,270,73,39,31,9,3,5
909,706,270,73,39,31,9,3,3
910,706,270,72,39,31,9,3,2
911,706,270,73,39,31,9,3,2
912,707,271,72,39,31,9,3,3
913,707,271,72,39,31,9,3,3
914,707,271,71,39,31,9,3,3
915,708,271,71,39,31,9,3,2
916,708,271,71,39,31,9,3,2
917,708,271,71,39,31,9,3,2
918,708,271,71,39,31,9,3,2
919,708,271,71,39,31,9,3,3
920,707,271,72,39,31,9,3,4
921,707,271,72,39,31,9,3,5
922,707,271,72,39,31,9,3,4
923,707,271,72,39,31,9,3,4
924,707,271,72,39,31,9,3,3
925,707,271,72,39,31,9,3,3
926,707,271,72,39,31,9,3,3
927,707,271,72,39,31,9,3,3
928,710,271,69,39,31,9,3,2
929,711,271,68,39,31,9,3,2
930,711,271,68,39,31,9,3,1
931,711,271,68,39,31,9,3,1
932,710,271,69,39,31,9,3,1
933,710,271,69,39,31,9,3,1
934,710,271,69,39,31,9,3,0
935,711,271,68,39,31,9,3,0
936,709,271,70,39,31,9,3,0
937,709,271,71,39,31,9,3,0
938,709,271,71,39,31,9,3,0
939,708,271,71,39,31,9,3,0
940,708,271,71,39,31,9,3,1
941,708,271,71,39,31,9,3,1
942,708,271,71,39,31,9,3,1
943,708,271,71,39,31,9,3,1
944,707,270,72,40,31,9,3,2
945,707,270,72,40,31,9,3,3
946,707,270,72,40,31,9,3,3
947,707,270,72,39,31,9,3,4
948,707,270,73,39,31,9,3,4
949,707,270,73,39,31,9,3,3
950,707,270,73,39,31,9,3,4
951,707,270,73,39,31,9,3,6
952,706,271,73,40,31,9,3,9
953,706,271,73,40,31,9,3,9
954,706,271,73,40,31,9,3,10
955,706,271,73,40,31,9,3,10
956,706,271,73,40,31,9,3,8
957,706,271,73,40,31,9,3,5
958,706,271,73,40,31,9,3,5
959,706,271,73,40,31,9,3,7
960,709,270,70,39,31,9,3,10
961,709,270,70,39,31,9,3,11
962,709,270,70,39,31,9,3,12
963,709,270,70,39,31,9,3,13
964,709,270,70,39,31,9,3,11
965,709,270,70,39,31,9,3,7
966,709,270,70,39,31,9,3,4
967,709,270,70,39,31,9,3,3
968,708,271,71,38,31,9,3,3
969,708,271,70,38,31,9,3,3
970,708,271,70,38,31,9,3,2
971,709,271,70,38,31,9,3,2
972,709,271,70,38,31,9,3,1
973,709,271,70,38,31,9,3,1
974,709,271,70,38,31,9,3,0
975,709,271,70,38,31,9,3,0
976,709,271,70,38,31,9,3,0
977,709,271,70,38,31,9,3,0
978,709,271,70,38,31,9,3,1
979,709,271,70,38,31,9,3,1
980,709,271,70,38,31,9,3,1
981,709,271,70,38,31,9,3,0
982,709,271,70,38,31,9,3,0
983,709,271,70,38,31,9,3,0
984,710,271,69,38,31,9,3,1
985,710,271,69,38,31,9,3,1
986,710,271,69,38,31,9,3,1
987,710,271,69,38,31,9,3,1
988,710,271,69,38,31,9,3,1
989,710,271,69,38,31,9,3,1
990,710,271,69,38,31,9,3,1
991,710,271,69,38,31,9,3,2
992,710,271,69,39,31,9,3,3
993,711,271,69,39,31,9,3,4
994,710,271,69,39,31,9,3,4
995,711,271,69,39,31,9,3,4
996,712,271,67,38,31,9,3,3
997,712,271,67,38,31,9,3,2
998,712,271,67,38,31,9,3,1
999,712,271,67,38,31,9,3,1
1000,712,271,68,38,31,9,3,1
1001,711,271,68,38,31,9,3,1
1002,711,271,68,38,31,9,3,0
1003,711,271,68,38,31,9,3,0
1004,711,271,68,38,31,9,3,0
1005,711,271,68,38,31,9,3,0
1006,711,271,68,38,31,9,3,0
1007,711,271,68,38,31,9,3,0
1008,713,271,66,38,31,9,3,0
1009,713,271,66,38,31,9,3,0
1010,713,271,66,38,31,9,3,0
1011,713,271,66,38,31,9,3,0
1012,713,271,66,38,31,9,3,0
1013,713,271,66,38,31,9,3,0
1014,713,271,66,38,31,9,3,0
1015,713,271,66,38,31,9,3,0
1016,709,271,70,39,31,9,3,0
1017,709,271,69,38,31,9,3,0
1018,709,271,70,38,31,9,3,0
1019,709,271,70,38,31,9,3,0
1020,713,271,66,38,31,9,3,0
1021,713,271,66,38,31,9,3,0
1022,713,271,66,38,31,9,3,1
1023,713,271,66,38,31,9,3,3
1024,708,271,71,39,31,9,3,5
1025,709,271,70,39,31,9,3,5
1026,709,271,70,39,31,9,3,6
1027,709,271,70,39,31,9,3,6
1028,708,271,70,39,31,9,3,5
1029,708,271,70,39,31,9,3,4
1030,708,271,70,39,31,9,3,3
1031,708,271,70,39,31,9,3,4
1032,711,271,68,38,31,9,3,5
1033,711,271,68,38,31,9,3,6
1034,710,271,69,39,31,9,3,7
1035,710,271,69,39,31,9,3,7
1036,710,271,69,39,31,9,3,6
1037,710,271,69,39,31,9,3,4
1038,710,271,69,39,31,9,3,2
1039,710,271,69,39,31,9,3,1
1040,708,271,71,39,31,9,3,1
1041,708,271,71,39,31,9,3,0
1042,708,271,71,39,31,9,3,1
1043,708,271,71,39,31,9,3,2
1044,707,271,72,39,31,9,3,3
1045,707,271,72,39,31,9,3,4
1046,707,271,71,39,31,9,3,3
1047,707,271,71,39,31,9,3,2
1048,710,271,70,39,31,9,3,2
1049,710,271,70,38,31,9,3,3
1050,710,271,70,39,31,9,3,4
1051,710,271,70,39,31,9,3,5
1052,710,271,70,39,31,9,3,4
1053,710,271,70,39,31,9,3,3
1054,710,271,70,39,31,9,3,2
1055,710,271,69,39,31,9,3,3
1056,709,272,71,38,31,9,3,4
1057,709,272,71,38,31,9,3,4
1058,709,272,71,38,31,9,3,4
1059,709,272,71,38,31,9,3,4
1060,709,272,71,38,31,9,3,3
1061,709,272,71,38,31,9,3,2
1062,709,272,71,38,31,9,3,1
1063,709,272,71,38,31,9,3,1
1064,712,271,68,39,31,9,3,1
1065,711,271,68,39,31,9,3,1
1066,711,271,68,39,31,9,3,2
1067,711,271,68,39,31,9,3,3
1068,712,271,67,38,31,9,3,3
1069,712,271,67,38,31,9,3,3
1070,712,271,66,38,31,9,3,2
1071,712,271,66,38,31,9,3,1
1072,710,271,69,39,31,9,3,1
1073,710,271,70,39,31,9,3,2
1074,709,271,70,39,31,9,3,3
1075,710,271,70,39,31,9,3,4
1076,709,271,70,39,31,9,3,3
1077,709,271,70,39,31,9,3,2
1078,709,271,70,39,31,9,3,2
1079,709,271,70,39,31,9,3,3
1080,712,271,67,38,31,9,3,5
1081,712,271,67,38,31,9,3,5
1082,712,271,67,38,31,9,3,6
1083,712,271,67,38,31,9,3,6
1084,712,271,67,38,31,9,3,5
1085,712,271,67,38,31,9,3,3
1086,712,271,67,38,31,9,3,2
1087,712,271,67,38,31,9,3,3
1088,711,271,68,39,31,9,3,4
1089,711,271,68,39,31,9,3,4
1090,711,271,68,39,31,9,3,4
1091,711,271,68,39,31,9,3,4
1092,709,271,70,39,31,9,3,3
1093,709,271,70,39,31,9,3,2
1094,709,271,70,39,31,9,3,2
1095,709,271,70,39,31,9,3,2
1096,708,271,71,39,31,9,3,3
1097,708,271,71,39,31,9,3,3
1098,708,271,71,39,31,9,3,4
1099,708,271,71,39,31,9,3,4
1100,708,271,71,39,31,9,3,3
1101,708,271,71,39,31,9,3,2
1102,708,271,71,39,31,9,3,2
1103,708,271,71,39,31,9,3,3
1104,713,271,66,38,31,9,3,4
1105,713,271,66,38,31,9,3,5
1106,713,271,66,38,31,9,3,5
1107,713,271,66,38,31,9,3,5
1108,713,271,66,38,31,9,3,4
1109,713,271,66,38,31,9,3,3
1110,713,271,66,38,31,9,3,2
1111,713,271,66,38,31,9,3,2
1112,712,271,67,39,31,9,3,3
1113,712,271,67,39,31,9,3,3
1114,713,271,66,39,31,9,3,4
1115,713,271,66,39,31,9,3,3
1116,709,271,70,39,31,9,3,2
1117,709,271,69,39,31,9,3,1
1118,709,271,70,39,31,9,3,3
1119,709,271,69,39,31,9,3,6
1120,709,270,70,39,31,9,3,9
1121,709,270,69,38,31,9,3,10
1122,710,270,69,38,31,9,3,9
1123,711,270,68,38,31,9,3,6
1124,709,271,69,38,31,9,3,5
1125,710,271,69,38,31,9,3,7
1126,709,271,69,39,31,9,3,9
1127,709,271,70,39,31,9,3,10
1128,709,271,71,39,31,9,3,9
1129,709,271,71,39,31,9,3,7
1130,709,271,72,39,31,9,3,5
1131,709,271,72,39,31,9,3,3
1132,709,271,72,39,31,9,3,2
1133,709,271,72,39,31,9,3,1
1134,709,271,71,39,31,9,3,0
1135,709,271,71,39,31,9,3,0
1136,712,271,67,39,31,9,3,0
1137,712,271,67,39,31,9,3,1
1138,712,271,67,39,31,9,3,1
1139,712,271,67,39,31,9,3,2
1140,713,271,66,38,31,9,3,2
1141,713,271,66,38,31,9,3,2
1142,713,271,66,38,31,9,3,2
1143,713,271,66,38,31,9,3,2
1144,711,271,68,39,31,9,3,3
1145,711,271,68,39,31,9,3,4
1146,711,271,68,39,31,9,3,5
1147,711,271,68,39,31,9,3,5
1148,711,271,68,39,31,9,3,4
1149,712,271,67,39,31,9,3,3
1150,712,271,67,39,31,9,3,2
1151,712,271,67,39,31,9,3,3
1152,709,271,71,40,31,9,3,5
1153,708,271,71,40,31,9,3,5
1154,708,271,71,40,31,9,3,5
1155,708,271,71,40,31,9,3,5
1156,708,271,71,40,31,9,3,4
1157,708,271,71,40,31,9,3,3
1158,708,271,71,40,31,9,3,2
1159,708,271,71,40,31,9,3,2
1160,710,271,69,39,31,9,3,3
1161,710,271,69,39,31,9,3,3
1162,710,271,69,39,31,9,3,4
1163,710,271,69,39,31,9,3,5
1164,713,271,66,39,31,9,3,6
1165,713,271,66,39,31,9,3,6
1166,713,271,66,39,31,9,3,5
1167,713,271,66,39,31,9,3,5
1168,712,271,67,39,31,9,3,4
1169,712,271,67,39,31,9,3,3
1170,712,271,67,39,31,9,3,1
1171,712,271,67,39,31,9,3,1
1172,712,271,67,39,31,9,3,0
1173,711,271,68,39,31,9,3,0
1174,711,271,68,39,31,9,3,0
1175,712,271,67,39,31,9,3,0
1176,713,271,66,39,31,9,3,0
1177,713,271,66,39,31,9,3,0
1178,713,271,66,39,31,9,3,0
1179,713,271,66,39,31,9,3,0
1180,713,271,66,39,31,9,3,0
1181,713,271,66,39,31,9,3,0
1182,713,271,66,39,31,9,3,0
1183,713,271,66,39,31,9,3,0
1184,711,271,68,39,31,9,3,0
1185,711,271,68,39,31,9,3,0
1186,711,271,68,39,31,9,3,1
1187,711,271,68,39,31,9,3,2
1188,711,271,68,39,31,9,3,2
1189,711,271,67,39,31,9,3,2
1190,711,271,68,39,31,9,3,2
1191,711,271,68,39,31,9,3,2
1192,709,271,70,39,31,9,3,2
1193,709,271,70,39,31,9,3,1
1194,709,271,70,39,31,9,3,1
1195,709,271,70,39,31,9,3,1
1196,709,271,70,39,31,9,3,1
1197,709,271,70,39,31,9,3,1
1198,709,271,70,39,31,9,3,1
1199,709,271,70,39,31,9,3,1
1200,709,271,70,39,31,9,3,1
1201,709,271,70,39,31,9,3,1
1202,709,271,70,39,31,9,3,1
1203,709,271,70,39,31,9,3,1
1204,709,271,70,39,31,9,3,1
1205,709,271,69,39,31,9,3,0
1206,709,271,69,39,31,9,3,0
1207,709,271,69,39,31,9,3,0
1208,711,271,68,39,31,9,3,0
1209,711,271,68,39,31,9,3,0
1210,711,271,68,39,31,9,3,0
1211,710,271,68,39,31,9,3,0
1212,711,271,68,39,31,9,3,0
1213,711,271,68,39,31,9,3,0
1214,711,271,68,39,31,9,3,0
1215,711,271,68,39,31,9,3,0
1216,708,271,71,39,31,9,3,0
1217,708,271,71,39,31,9,3,0
1218,708,271,71,39,31,9,3,2
1219,708,271,71,39,31,9,3,3
1220,708,270,71,39,31,9,3,5
1221,708,270,71,39,31,9,3,6
1222,708,270,71,39,31,9,3,5
1223,708,270,71,39,31,9,3,4
1224,708,271,71,39,31,9,3,3
1225,708,271,71,39,31,9,3,4
1226,708,271,71,39,31,9,3,5
1227,708,271,71,39,31,9,3,5
1228,708,271,71,39,31,9,3,4
1229,708,271,71,39,31,9,3,3
1230,708,271,71,39,31,9,3,2
1231,708,271,71,39,31,9,3,2
1232,710,271,69,39,31,9,3,3
1233,710,271,69,39,31,9,3,3
1234,710,271,69,39,31,9,3,2
1235,710,271,69,39,31,9,3,1
1236,710,271,69,39,31,9,3,0
1237,710,271,69,39,31,9,3,0
1238,710,271,69,39,31,9,3,0
1239,710,271,69,39,31,9,3,0
1240,710,271,69,39,31,9,3,0
1241,709,271,69,39,31,9,3,0
1242,709,271,69,39,31,9,3,0
1243,709,271,69,39,31,9,3,0
1244,709,271,69,39,31,9,3,0
1245,709,271,69,39,31,9,3,0
1246,710,271,69,39,31,9,3,0
1247,709,271,69,39,31,9,3,0
1248,710,271,69,39,31,9,3,0
1249,710,271,69,39,31,9,3,0
1250,710,271,69,39,31,9,3,0
1251,710,271,69,39,31,9,3,1
1252,710,271,69,39,31,9,3,1
1253,710,271,69,39,31,9,3,0
1254,710,271,69,39,31,9,3,0
1255,710,271,69,39,31,9,3,1
1256,709,270,70,40,31,9,3,2
1257,709,270,70,40,31,9,3,2
1258,709,270,70,40,31,9,3,2
1259,708,270,70,40,31,9,3,3
1260,709,270,70,40,31,9,3,2
1261,709,270,70,40,31,9,3,1
1262,709,270,70,40,31,9,3,0
1263,709,270,70,40,31,9,3,0
1264,707,270,72,39,31,9,3,1
1265,707,270,72,40,31,9,3,1
1266,707,270,72,40,31,9,3,1
1267,707,270,72,40,31,9,3,2
1268,707,270,72,40,31,9,3,1
1269,707,271,72,39,31,9,3,1
1270,707,270,72,39,31,9,3,0
1271,707,270,72,39,31,9,3,0
1272,710,271,69,38,31,9,3,0
1273,710,271,69,38,31,9,3,1
1274,710,271,69,38,31,9,3,1
1275,710,271,69,38,31,9,3,2
1276,710,271,69,38,31,9,3,0
1277,710,271,69,38,31,9,3,0
1278,710,271,69,38,31,9,3,0
1279,710,271,69,38,31,9,3,0
1280,710,271,69,39,31,9,3,0
1281,710,271,69,39,31,9,3,0
1282,710,271,69,38,31,9,3,1
1283,710,271,69,39,31,9,3,2
1284,709,270,70,39,31,9,3,4
1285,709,270,70,39,31,9,3,4
1286,709,270,70,39,31,9,3,5
1287,709,270,70,39,31,9,3,5
1288,709,271,70,39,31,9,3,6
1289,709,271,70,39,31,9,3,7
1290,709,271,70,39,31,9,3,9
1291,709,271,70,39,31,9,3,9
1292,709,271,70,39,31,9,3,8
1293,709,271,70,39,31,9,3,5
1294,709,271,70,39,31,9,3,2
1295,709,271,70,39,31,9,3,1
1296,708,271,71,39,31,9,3,0
1297,708,271,71,39,31,9,3,0
1298,708,271,71,39,31,9,3,0
1299,708,271,71,39,31,9,3,0
1300,708,271,71,39,31,9,3,0
1301,708,271,71,39,31,9,3,0
1302,708,271,71,39,31,9,3,0
1303,708,271,71,39,31,9,3,0
1304,709,271,70,39,31,9,3,0
1305,709,271,70,39,31,9,3,1
1306,709,271,70,39,31,9,3,0
1307,709,271,70,39,31,9,3,0
1308,709,271,70,39,31,9,3,0
1309,709,271,70,39,31,9,3,0
1310,709,271,70,39,31,9,3,1
1311,709,271,70,39,31,9,3,2
1312,712,271,67,39,31,9,3,3
1313,712,271,67,39,31,9,3,3
1314,712,271,67,39,31,9,3,3
1315,712,271,67,39,31,9,3,3
1316,712,271,67,39,31,9,3,2
1317,712,271,67,39,31,9,3,1
1318,712,271,67,39,31,9,3,1
1319,712,271,67,39,31,9,3,1
1320,712,271,67,38,31,9,3,2
1321,712,271,67,38,31,9,3,2
1322,712,271,67,38,31,9,3,2
1323,712,271,67,38,31,9,3,2
1324,712,271,67,38,31,9,3,2
1325,712,271,67,38,31,9,3,1
1326,712,271,67,38,31,9,3,1
1327,712,271,67,38,31,9,3,1
1328,711,271,68,39,31,9,3,1
1329,711,271,69,39,31,9,3,1
1330,711,271,69,39,31,9,3,1
1331,711,271,68,39,31,9,3,1
1332,711,271,68,38,31,9,3,1
1333,711,271,68,38,31,9,3,1
1334,711,271,69,38,31,9,3,1
1335,711,271,69,38,31,9,3,1
1336,709,271,70,39,31,9,3,1
1337,709,271,70,39,31,9,3,1
1338,709,271,70,39,31,9,3,1
1339,709,271,70,39,31,9,3,1
1340,709,271,70,39,31,9,3,0
1341,709,271,70,39,31,9,3,0
1342,709,271,70,39,31,9,3,0
1343,709,271,70,39,31,9,3,0
1344,712,271,67,39,31,9,3,0
1345,712,271,67,39,31,9,3,0
1346,712,271,67,39,31,9,3,0
1347,712,271,67,39,31,9,3,0
1348,712,271,67,39,31,9,3,0
1349,712,271,67,39,31,9,3,0
1350,712,271,67,38,31,9,3,0
1351,712,271,67,38,31,9,3,0
1352,713,271,67,38,31,9,3,0
1353,712,271,67,38,31,9,3,0
1354,713,271,67,38,31,9,3,0
1355,713,271,67,38,31,9,3,0
1356,712,271,68,38,31,9,3,0
1357,712,271,68,38,31,9,3,0
1358,712,271,68,38,31,9,3,0
1359,712,271,68,38,31,9,3,1
1360,709,271,70,39,31,9,3,2
1361,709,271,70,39,31,9,3,3
1362,709,271,70,39,31,9,3,3
1363,709,271,71,39,31,9,3,3
1364,709,271,70,39,31,9,3,3
1365,709,271,70,39,31,9,3,2
1366,709,271,70,39,31,9,3,1
1367,709,271,70,39,31,9,3,1
1368,710,271,69,39,31,9,3,2
1369,710,271,69,39,31,9,3,2
1370,710,271,69,39,31,9,3,2
1371,710,271,69,39,31,9,3,2
1372,710,271,69,39,31,9,3,2
1373,710,271,69,39,31,9,3,1
1374,710,271,69,39,31,9,3,0
1375,710,271,69,39,31,9,3,0
1376,709,271,69,39,31,9,3,0
1377,709,271,69,39,31,9,3,1
1378,711,271,68,39,31,9,3,1
1379,711,271,68,39,31,9,3,0
1380,709,271,70,39,31,9,3,0
1381,709,271,70,39,31,9,3,0
1382,709,271,70,39,31,9,3,0
1383,709,271,70,39,31,9,3,1
1384,711,271,68,39,31,9,3,2
1385,711,271,68,39,31,9,3,3
1386,711,271,68,39,31,9,3,4
1387,711,271,68,39,31,9,3,5
1388,711,271,68,39,31,9,3,4
1389,711,271,68,39,31,9,3,4
1390,710,271,69,38,31,9,3,3
1391,710,271,69,38,31,9,3,3
1392,709,271,70,38,31,9,3,3
1393,709,271,70,38,31,9,3,3
1394,709,271,70,38,31,9,3,2
1395,709,271,70,38,31,9,3,2
1396,709,271,70,38,31,9,3,1
1397,709,271,70,38,31,9,3,0
1398,709,271,70,38,31,9,3,1
1399,709,271,70,38,31,9,3,1
1400,710,271,69,39,31,9,3,2
1401,710,271,69,39,31,9,3,3
1402,710,271,69,39,31,9,3,3
1403,710,271,69,39,31,9,3,4
1404,709,271,71,39,31,9,3,4
1405,709,271,71,39,31,9,3,3
1406,709,271,71,39,31,9,3,2
1407,709,271,71,39,31,9,3,2
1408,708,271,71,39,31,9,3,2
1409,708,271,71,39,31,9,3,1
1410,708,271,71,39,31,9,3,0
1411,708,271,71,39,31,9,3,0
1412,708,271,71,39,31,9,3,0
1413,708,271,71,39,31,9,3,0
1414,709,271,71,39,31,9,3,2
1415,709,271,71,39,31,9,3,4
1416,711,271,68,38,31,9,3,7
1417,711,271,68,38,31,9,3,8
1418,711,271,68,38,31,9,3,9
1419,711,271,68,38,31,9,3,9
1420,711,271,68,38,31,9,3,7
1421,711,271,68,38,31,9,3,5
1422,711,271,68,38,31,9,3,3
1423,711,271,68,38,31,9,3,2
1424,711,271,68,38,31,9,3,1
1425,711,271,68,38,31,9,3,2
1426,711,271,68,38,31,9,3,3
1427,712,271,68,38,31,9,3,5
1428,711,271,69,39,31,9,3,5
1429,711,271,69,39,31,9,3,5
1430,710,271,69,39,31,9,3,4
1431,710,271,69,39,31,9,3,2
1432,707,271,73,38,31,9,3,1
1433,707,271,73,38,31,9,3,1
1434,707,271,73,38,31,9,3,1
1435,707,271,73,38,31,9,3,1
1436,707,271,73,38,31,9,3,1
1437,707,271,73,38,31,9,3,1
1438,708,271,73,38,31,9,3,1
1439,707,271,73,38,31,9,3,1
1440,710,271,70,39,31,9,3,1
1441,710,271,70,39,31,9,3,1
1442,710,271,70,39,31,9,3,1
1443,710,271,70,39,31,9,3,1
1444,710,271,70,39,31,9,3,1
1445,710,271,70,39,31,9,3,0
1446,710,271,70,39,31,9,3,0
1447,710,271,70,39,31,9,3,1
1448,710,271,70,38,31,9,3,2
1449,710,271,70,38,31,9,3,2
1450,710,271,70,38,31,9,3,2
1451,710,271,70,38,31,9,3,2
1452,710,271,70,38,31,9,3,1
1453,711,271,69,39,31,9,3,1
1454,711,271,68,39,31,9,3,1
1455,710,271,70,38,31,9,3,0
1456,709,271,71,38,31,9,3,0
1457,709,271,71,38,31,9,3,0
1458,710,271,70,38,31,9,3,1
1459,708,271,72,38,31,9,3,1
1460,708,271,72,38,31,9,3,1
1461,710,271,71,38,31,9,3,1
1462,710,271,70,38,31,9,3,1
1463,710,271,71,38,31,9,3,1
1464,714,271,66,38,31,9,3,1
1465,714,271,66,38,31,9,3,1
1466,714,271,66,39,31,9,3,1
1467,714,271,66,39,31,9,3,1
1468,714,271,66,39,31,9,3,0
1469,714,271,66,39,31,9,3,0
1470,714,271,66,39,31,9,3,0
1471,714,271,66,39,31,9,3,1
1472,712,271,67,38,31,9,3,3
1473,712,271,67,38,31,9,3,3
1474,712,271,68,38,31,9,3,3
1475,712,271,67,38,31,9,3,2
1476,710,271,69,38,31,9,3,2
1477,710,271,69,38,31,9,3,2
1478,710,271,69,38,31,9,3,2
1479,710,271,69,38,31,9,3,1
1480,709,271,71,38,31,9,3,1
1481,711,271,69,38,31,9,3,0
1482,711,271,69,38,31,9,3,0
1483,711,271,69,38,31,9,3,0
1484,711,271,69,38,31,9,3,0
1485,709,271,70,38,31,9,3,1
1486,709,271,71,38,31,9,3,2
1487,709,271,70,38,31,9,3,3
1488,708,271,71,38,31,9,3,4
1489,708,271,71,38,31,9,3,3
1490,708,271,71,38,31,9,3,2
1491,708,271,71,38,31,9,3,1
1492,708,271,72,38,31,9,3,0
1493,708,271,72,38,31,9,3,0
1494,708,271,71,38,31,9,3,1
1495,708,271,72,38,31,9,3,2
1496,710,271,70,38,31,9,3,3
1497,709,271,70,38,31,9,3,3
1498,709,271,70,38,31,9,3,3
1499,709,271,70,38,31,9,3,2
1500,712,271,67,38,31,9,3,1
1501,712,271,67,38,31,9,3,1
1502,712,271,67,38,31,9,3,1
1503,712,271,67,38,31,9,3,1
1504,711,271,69,38,31,9,3,1
1505,711,271,68,38,31,9,3,0
1506,711,271,68,38,31,9,3,0
1507,711,271,68,38,31,9,3,0
1508,711,271,68,38,31,9,3,1
1509,713,271,67,38,31,9,3,2
1510,713,271,67,38,31,9,3,2
1511,713,271,67,38,31,9,3,1
1512,710,271,69,38,31,9,3,1
1513,710,271,69,38,31,9,3,0
1514,710,271,69,38,31,9,3,0
1515,710,271,69,38,31,9,3,0
1516,710,271,69,38,31,9,3,0
1517,710,271,69,38,31,9,3,0
1518,709,271,69,38,31,9,3,0
1519,709,271,70,38,31,9,3,0
1520,708,271,72,38,31,9,3,1
1521,708,271,72,38,31,9,3,1
1522,708,271,72,38,31,9,3,2
1523,707,271,73,38,31,9,3,2
1524,708,271,72,38,31,9,3,2
1525,708,271,72,38,31,9,3,1
1526,708,271,72,38,31,9,3,0
1527,707,271,72,38,31,9,3,0
1528,708,271,72,38,31,9,3,0
1529,707,271,72,39,31,9,3,0
1530,707,271,72,38,31,9,3,0
1531,707,271,72,38,31,9,3,0
1532,707,271,72,38,31,9,3,0
1533,707,271,72,38,31,9,3,0
1534,707,271,72,38,31,9,3,0
1535,707,271,72,38,31,9,3,0
1536,707,271,72,38,31,9,3,0
1537,708,271,72,38,31,9,3,0
1538,708,271,72,38,31,9,3,0
1539,708,271,72,38,31,9,3,0
1540,707,271,72,38,31,9,3,0
1541,707,271,72,39,31,9,3,0
1542,708,271,72,39,31,9,3,1
1543,708,271,72,39,31,9,3,3
1544,708,271,72,38,31,9,3,4
1545,708,271,71,38,31,9,3,5
1546,708,271,71,38,31,9,3,5
1547,708,271,71,38,31,9,3,5
1548,710,271,70,38,31,9,3,4
1549,710,271,70,38,31,9,3,3
1550,710,271,70,38,31,9,3,2
1551,710,271,70,38,31,9,3,2
1552,709,271,71,38,31,9,3,2
1553,709,271,71,38,31,9,3,2
1554,709,271,71,38,31,9,3,2
1555,709,271,71,38,31,9,3,2
1556,708,271,71,38,31,9,3,2
1557,709,271,71,38,31,9,3,1
1558,709,271,70,38,31,9,3,1
1559,709,271,70,38,31,9,3,1
1560,708,271,71,38,31,9,3,2
1561,708,271,71,38,31,9,3,2
1562,708,271,71,38,31,9,3,3
1563,708,271,71,39,31,9,3,3
1564,708,271,71,39,31,9,3,3
1565,708,271,71,39,31,9,3,2
1566,708,271,71,39,31,9,3,3
1567,708,271,71,39,31,9,3,5
1568,708,270,71,38,31,9,3,7
1569,708,270,71,38,31,9,3,8
1570,708,270,71,38,31,9,3,9
1571,708,270,71,38,31,9,3,9
1572,708,270,71,39,31,9,3,10
1573,708,270,71,38,31,9,3,10
1574,709,271,70,39,31,9,3,10
1575,709,271,70,39,31,9,3,10
1576,710,271,70,39,31,9,3,11
1577,710,271,70,39,31,9,3,11
1578,710,271,69,39,31,9,3,9
1579,708,271,71,39,31,9,3,6
1580,710,271,70,39,31,9,3,3
1581,710,271,70,39,31,9,3,2
1582,711,271,69,39,31,9,3,2
1583,710,271,69,39,31,9,3,3
1584,710,270,69,39,31,9,3,4
1585,710,270,69,39,31,9,3,5
1586,710,270,69,39,31,9,3,5
1587,710,270,69,39,31,9,3,5
1588,710,270,69,39,31,9,3,6
1589,710,270,69,39,31,9,3,7
1590,711,271,69,39,31,9,3,6
1591,711,271,69,39,31,9,3,5
1592,713,271,67,38,31,9,3,3
1593,713,271,67,38,31,9,3,2
1594,713,271,67,38,31,9,3,2
1595,713,271,67,38,31,9,3,4
1596,711,271,69,38,31,9,3,4
1597,711,271,69,38,31,9,3,3
1598,710,271,69,38,31,9,3,2
1599,710,271,69,38,31,9,3,2
1600,710,271,69,39,31,9,3,2
1601,710,271,69,39,31,9,3,2
1602,710,271,69,39,31,9,3,2
1603,711,271,69,39,31,9,3,2
1604,710,271,69,39,31,9,3,2
1605,710,271,70,39,31,9,3,1
1606,710,271,70,39,31,9,3,2
1607,709,271,70,39,31,9,3,2
1608,710,271,69,39,31,9,3,2
1609,710,271,69,39,31,9,3,1
1610,710,271,69,39,31,9,3,0
1611,710,271,69,39,31,9,3,0
1612,710,271,69,39,31,9,3,1
1613,710,271,69,39,31,9,3,1
1614,710,271,69,39,31,9,3,1
1615,710,271,69,39,31,9,3,0
1616,710,271,69,39,31,9,3,1
1617,710,271,69,39,31,9,3,1
1618,709,271,70,39,31,9,3,2
1619,709,270,71,39,31,9,3,1
1620,710,271,70,39,31,9,3,2
1621,708,271,71,39,31,9,3,1
1622,709,271,70,39,31,9,3,1
1623,710,271,69,39,31,9,3,0
1624,710,271,69,39,31,9,3,0
1625,710,271,69,38,31,9,3,0
1626,710,271,69,39,31,9,3,1
1627,711,271,68,39,31,9,3,1
1628,709,271,69,39,31,9,3,1
1629,709,271,70,39,31,9,3,1
1630,708,271,70,39,31,9,3,1
1631,708,271,70,39,31,9,3,1
1632,710,270,69,39,31,9,3,2
1633,710,271,69,39,31,9,3,2
1634,710,271,70,39,31,9,3,1
1635,709,271,70,39,31,9,3,1
1636,710,271,69,39,31,9,3,1
1637,709,271,69,39,31,9,3,2
1638,710,271,69,39,31,9,3,2
1639,710,271,69,39,31,9,3,2
1640,709,271,70,39,31,9,3,2
1641,709,271,70,39,31,9,3,2
1642,709,271,70,39,31,9,3,2
1643,708,271,70,38,31,9,3,2
1644,709,271,70,39,31,9,3,3
1645,709,271,70,39,31,9,3,5
1646,708,270,70,39,31,9,3,6
1647,709,270,70,39,31,9,3,4
1648,710,270,70,39,31,9,3,2
1649,710,270,70,39,31,9,3,2
1650,710,270,70,39,31,9,3,2
1651,710,270,69,39,31,9,3,4
1652,710,270,69,39,31,9,3,6
1653,711,271,69,39,31,9,3,7
1654,711,271,68,39,31,9,3,6
1655,711,271,68,39,31,9,3,6
1656,708,271,71,39,31,9,3,6
1657,708,271,71,39,31,9,3,6
1658,708,271,71,39,31,9,3,5
1659,708,271,71,39,31,9,3,3
1660,709,271,71,39,31,9,3,2
1661,709,271,71,39,31,9,3,1
1662,709,271,71,39,31,9,3,1
1663,709,271,71,39,31,9,3,2
1664,707,271,72,39,31,9,3,3
1665,707,271,72,39,31,9,3,3
1666,707,271,72,39,31,9,3,3
1667,707,271,72,40,31,9,3,2
1668,709,271,71,39,31,9,3,2
1669,709,271,71,39,31,9,3,2
1670,709,271,71,39,31,9,3,2
1671,709,271,71,39,31,9,3,1
1672,707,271,71,39,31,9,3,1
1673,707,271,71,39,31,9,3,1
1674,707,271,71,40,31,9,3,2
1675,707,271,71,40,31,9,3,2
1676,707,271,72,40,31,9,3,2
1677,707,271,72,40,31,9,3,2
1678,707,271,72,40,31,9,3,2
1679,707,271,72,40,31,9,3,3
1680,710,271,71,39,31,9,3,4
1681,710,271,71,39,31,9,3,3
1682,709,271,70,39,31,9,3,3
1683,709,271,70,39,31,9,3,3
1684,709,271,70,39,31,9,3,3
1685,710,271,70,39,31,9,3,2
1686,709,271,70,39,31,9,3,2
1687,709,271,70,39,31,9,3,2
1688,709,271,70,39,31,9,3,3
1689,710,271,71,38,31,9,3,3
1690,710,271,71,39,31,9,3,3
1691,709,271,70,39,31,9,3,3
1692,710,271,71,39,31,9,3,3
1693,710,271,71,39,31,9,3,2
1694,710,271,71,39,31,9,3,3
1695,710,271,72,39,31,9,3,3
1696,711,272,69,38,31,9,3,4
1697,711,272,69,38,31,9,3,3
1698,711,272,69,38,31,9,3,4
1699,710,272,69,38,31,9,3,4
1700,710,272,69,38,31,9,3,3
1701,710,272,69,38,31,9,3,2
1702,710,272,69,38,31,9,3,3
1703,710,272,69,38,31,9,3,5
1704,710,270,68,39,31,9,3,8
1705,710,270,68,39,31,9,3,9
1706,710,270,68,39,31,9,3,9
1707,710,270,68,39,31,9,3,10
1708,710,270,69,39,31,9,3,8
1709,710,270,69,39,31,9,3,6
1710,710,270,69,39,31,9,3,4
1711,710,270,69,39,31,9,3,4
1712,707,270,72,40,31,9,3,4
1713,707,270,72,40,31,9,3,4
1714,707,270,72,40,31,9,3,5
1715,708,270,71,40,31,9,3,7
1716,709,270,71,40,31,9,3,9
1717,709,271,70,40,31,9,3,10
1718,710,271,70,40,31,9,3,10
1719,710,271,70,40,31,9,3,10
1720,709,271,70,40,31,9,3,10
1721,710,271,70,40,31,9,3,8
1722,709,271,70,40,31,9,3,5
1723,709,271,70,40,31,9,3,3
1724,709,271,70,40,31,9,3,2
1725,709,271,70,40,31,9,3,1
1726,709,271,70,40,31,9,3,1
1727,709,271,70,40,31,9,3,2
1728,708,271,73,39,31,9,3,3
1729,708,271,73,39,31,9,3,4
1730,708,271,73,39,31,9,3,4
1731,709,271,73,39,31,9,3,4
1732,709,271,72,39,31,9,3,3
1733,709,271,72,39,31,9,3,2
1734,709,271,73,39,31,9,3,1
1735,709,271,73,39,31,9,3,1
1736,707,270,72,40,31,9,3,1
1737,707,270,72,40,31,9,3,1
1738,707,270,72,40,31,9,3,2
1739,707,270,72,40,31,9,3,3
1740,707,270,72,39,31,9,3,3
1741,707,270,72,39,31,9,3,3
1742,707,271,72,39,31,9,3,2
1743,707,270,72,39,31,9,3,1
1744,708,271,71,39,31,9,3,1
1745,708,271,71,39,31,9,3,1
1746,708,271,71,39,31,9,3,2
1747,708,271,71,39,31,9,3,3
1748,708,271,71,39,31,9,3,2
1749,708,271,71,39,31,9,3,2
1750,708,271,71,39,31,9,3,1
1751,708,271,71,39,31,9,3,2
1752,709,271,70,39,31,9,3,3
1753,708,271,70,39,31,9,3,4
1754,709,271,69,38,31,9,3,5
1755,709,271,70,38,31,9,3,5
1756,708,271,70,38,31,9,3,5
1757,710,271,71,38,31,9,3,4
1758,710,271,70,38,31,9,3,2
1759,710,271,70,38,31,9,3,1
1760,709,271,72,38,31,9,3,0
1761,709,271,72,38,31,9,3,0
1762,709,271,72,38,31,9,3,0
1763,709,271,72,38,31,9,3,0
1764,710,271,71,38,31,9,3,0
1765,710,271,71,38,31,9,3,0
1766,710,271,71,38,31,9,3,0
1767,710,271,71,38,31,9,3,0
1768,709,271,70,39,31,9,3,1
1769,709,271,70,39,31,9,3,1
1770,708,271,70,39,31,9,3,2
1771,708,271,70,39,31,9,3,2
1772,708,271,70,39,31,9,3,2
1773,708,271,71,39,31,9,3,1
1774,708,271,70,39,31,9,3,0
1775,708,271,70,39,31,9,3,0
1776,710,271,68,39,31,9,3,0
1777,710,271,69,39,31,9,3,0
1778,710,271,69,39,31,9,3,0
1779,710,271,68,39,31,9,3,0
1780,710,271,68,39,31,9,3,1
1781,711,271,68,39,31,9,3,0
1782,711,271,68,39,31,9,3,0
1783,711,271,68,39,31,9,3,0
1784,710,271,69,39,31,9,3,0
1785,710,271,69,39,31,9,3,0
1786,710,271,69,39,31,9,3,0
1787,710,271,69,39,31,9,3,1
1788,709,271,70,39,31,9,3,2
1789,710,272,71,39,31,9,3,2
1790,709,271,70,39,31,9,3,2
1791,709,271,70,39,31,9,3,1
1792,709,271,71,39,31,9,3,1
1793,709,271,71,39,31,9,3,1
1794,709,271,71,39,31,9,3,1
1795,709,271,71,39,31,9,3,1
1796,709,271,71,39,31,9,3,0
1797,709,271,71,39,31,9,3,0
1798,708,271,71,39,31,9,3,1
1799,708,271,71,39,31,9,3,2
1800,712,271,67,38,31,9,3,4
1801,712,271,67,38,31,9,3,4
1802,712,271,66,38,31,9,3,5
1803,712,271,67,38,31,9,3,5
1804,712,271,67,38,31,9,3,4
1805,712,271,67,38,31,9,3,3
1806,712,271,67,38,31,9,3,2
1807,712,271,67,38,31,9,3,3
1808,712,271,67,39,31,9,3,4
1809,712,271,67,39,31,9,3,4
1810,712,271,67,39,31,9,3,4
1811,712,271,67,39,31,9,3,4
1812,712,271,67,39,31,9,3,3
1813,712,271,67,39,31,9,3,2
1814,712,271,68,39,31,9,3,1
1815,712,271,68,39,31,9,3,1
1816,712,271,67,39,31,9,3,1
1817,712,271,67,39,31,9,3,1
1818,712,271,67,39,31,9,3,1
1819,712,271,67,39,31,9,3,0
1820,712,271,67,39,31,9,3,0
1821,712,271,67,39,31,9,3,0
1822,713,271,67,39,31,9,3,0
1823,713,271,67,39,31,9,3,1
1824,710,271,69,39,31,9,3,2
1825,710,271,69,39,31,9,3,3
1826,710,271,69,39,31,9,3,3
1827,710,271,69,39,31,9,3,2
1828,710,271,69,39,31,9,3,2
1829,710,271,69,39,31,9,3,1
1830,710,271,69,39,31,9,3,1
1831,710,271,69,39,31,9,3,1
1832,713,271,66,39,31,9,3,0
1833,712,271,66,39,31,9,3,0
1834,712,271,66,39,31,9,3,0
1835,713,271,66,39,31,9,3,0
1836,712,271,66,39,31,9,3,0
1837,712,271,66,39,31,9,3,0
1838,712,271,67,39,31,9,3,0
1839,712,271,66,39,31,9,3,1
1840,712,271,66,39,31,9,3,1
1841,712,271,66,39,31,9,3,1
1842,713,271,66,39,31,9,3,1
1843,712,271,67,39,31,9,3,1
1844,712,271,67,39,31,9,3,1
1845,712,271,67,39,31,9,3,1
1846,712,271,66,39,31,9,3,2
1847,711,271,67,39,31,9,3,3
1848,709,271,70,39,31,9,3,4
1849,708,271,70,39,31,9,3,5
1850,709,272,71,39,31,9,3,5
1851,708,271,70,39,31,9,3,4
1852,710,272,71,38,31,9,3,3
1853,710,272,70,38,31,9,3,3
1854,710,272,70,38,31,9,3,4
1855,711,271,68,38,31,9,3,4
1856,711,271,68,39,31,9,3,4
1857,710,271,69,39,31,9,3,3
1858,711,271,68,39,31,9,3,3
1859,712,271,67,39,31,9,3,4
1860,712,271,67,39,31,9,3,5
1861,712,271,67,39,31,9,3,5
1862,712,271,67,39,31,9,3,10
1863,712,271,67,39,31,9,3,17
1864,711,271,70,42,31,9,3,27
1865,711,271,70,42,31,9,3,30
1866,711,271,70,43,31,9,3,32
1867,711,271,70,42,31,9,3,32
1868,710,271,71,43,31,9,3,27
1869,710,271,71,43,31,9,3,19
1870,710,271,71,43,31,9,3,19
1871,710,271,70,43,31,9,3,18
1872,710,271,69,39,31,9,3,20
1873,712,271,68,42,31,9,3,19
1874,712,271,68,41,31,9,3,24
1875,710,271,69,38,31,9,3,22
1876,710,271,69,38,31,9,3,17
1877,711,271,69,42,31,9,3,13
1878,709,271,70,39,31,9,3,12
1879,709,271,70,39,31,9,3,11
1880,710,271,69,39,31,9,3,8
1881,710,271,69,39,31,9,3,9
1882,710,271,69,39,31,9,3,9
1883,710,271,69,39,31,9,3,8
1884,709,271,70,39,31,9,3,8
1885,709,271,70,39,31,9,3,7
1886,710,271,70,42,31,9,3,7
1887,709,271,70,39,31,9,3,3
1888,710,271,68,39,31,9,3,3
1889,710,271,68,39,31,9,3,3
1890,710,271,68,38,31,9,3,7
1891,710,271,69,38,31,9,3,8
1892,710,271,68,38,31,9,3,8
1893,710,271,68,38,31,9,3,4
1894,710,271,68,38,31,9,3,9
1895,711,271,68,38,31,9,3,15
1896,712,271,67,42,31,9,3,23
1897,712,271,68,42,31,9,3,26
1898,712,271,68,42,31,9,3,30
1899,713,271,67,42,31,9,3,32
1900,713,271,67,41,31,9,3,29
1901,713,271,67,41,31,9,3,24
1902,713,271,67,42,31,9,3,20
1903,713,271,67,40,31,9,3,23
1904,714,271,67,39,31,9,3,24
1905,713,271,67,39,31,9,3,25
1906,713,271,67,38,31,9,3,25
1907,713,271,67,38,31,9,3,22
1908,713,271,67,38,31,9,3,17
1909,713,271,68,39,31,9,3,10
1910,712,271,68,39,31,9,3,6
1911,713,271,68,38,31,9,3,3
1912,713,271,66,38,31,9,3,2
1913,712,271,66,38,31,9,3,3
1914,713,271,66,38,31,9,3,5
1915,713,271,66,38,31,9,3,7
1916,714,271,65,38,31,9,3,7
1917,714,271,65,38,31,9,3,6
1918,714,271,65,38,31,9,3,5
1919,713,271,65,37,31,9,3,3
1920,714,271,65,38,31,9,3,1
1921,714,271,65,38,31,9,3,1
1922,713,271,65,38,31,9,3,0
1923,713,271,65,38,31,9,3,0
1924,714,271,65,37,31,9,3,0
1925,714,271,65,37,31,9,3,0
1926,714,271,65,38,31,9,3,0
1927,714,271,65,38,31,9,3,0
336,625,192,16,25,36,6,1,165
337,625,196,15,24,36,6,1,165
338,624,198,16,25,36,6,1,165
339,623,200,16,26,36,6,1,165
340,622,202,18,27,36,6,1,165
342,621,209,16,24,36,6,1,165
343,621,211,16,26,36,6,1,165
344,620,213,16,28,36,6,1,165
345,617,216,17,28,36,6,1,165
346,616,219,18,27,36,6,1,165
347,615,222,18,27,36,6,1,165
348,614,225,16,28,36,6,1,165
351,615,235,15,27,36,6,1,165
353,613,239,18,30,36,6,1,165
354,613,242,17,28,36,6,1,165
355,613,245,17,29,36,6,1,165
356,611,248,17,29,36,6,1,165
358,608,253,18,30,36,6,1,165
359,607,258,16,28,36,6,1,165
360,606,259,18,30,36,6,1,165
361,606,262,18,31,36,6,1,165
362,607,264,20,31,36,6,1,165
363,609,269,18,29,36,6,1,165
364,610,271,18,29,36,6,1,165
365,610,274,17,30,36,6,1,162
366,611,275,17,31,36,6,1,158
367,609,280,15,30,36,6,1,155
368,606,284,17,28,36,6,1,149
369,601,285,18,32,36,6,1,143
370,596,287,18,30,36,6,1,135
371,590,288,19,32,36,6,1,128
372,587,288,18,35,36,6,1,122
373,583,291,19,35,36,6,1,111
374,581,294,18,34,36,6,1,106
375,578,297,19,34,36,6,1,100
376,577,303,16,32,36,6,1,97
377,573,305,18,32,36,6,1,90
378,570,307,16,32,36,6,1,86
379,566,307,20,34,36,6,1,81
380,563,307,20,36,36,6,1,77
381,560,308,21,38,36,6,1,72
382,560,312,21,37,36,6,1,69
383,560,316,19,34,36,6,1,67
384,561,318,22,35,36,6,1,65
385,563,320,22,35,36,6,1,63
386,566,321,21,36,36,6,1,61
387,569,324,20,36,36,6,1,60
388,568,327,21,36,36,6,1,57
389,567,330,21,36,36,6,1,56
390,565,330,20,36,36,6,1,53
391,558,331,22,39,36,6,1,51
392,554,332,20,39,36,6,1,48
393,552,332,23,41,36,6,1,45
394,552,335,23,40,36,6,1,43
395,553,338,25,40,36,6,1,41
396,554,339,23,40,36,6,1,40
397,556,343,22,38,36,6,1,38
398,555,345,21,38,36,6,1,37
399,555,345,25,40,36,6,1,36
400,554,346,27,41,36,6,1,35
401,551,347,27,43,36,6,1,34
402,550,348,29,43,36,6,1,34
403,547,349,30,44,36,6,1,34
404,546,352,29,44,36,6,1,34
405,545,354,28,44,36,6,1,33
406,543,356,30,43,36,6,1,32
407,542,358,30,44,36,6,1,32
408,541,357,30,47,36,6,1,31
409,539,360,30,47,36,6,1,30
410,539,362,31,46,36,6,1,29
411,540,365,29,45,36,6,1,29
412,539,365,30,47,36,6,1,30
413,540,368,27,48,36,6,1,30
414,540,370,29,48,36,6,1,31
415,538,372,30,50,36,6,1,32
416,537,374,31,50,36,6,1,33
417,537,377,32,50,36,6,1,33
418,536,378,33,51,36,6,1,33
419,536,380,32,52,36,6,1,32
420,536,382,34,53,36,6,1,31
421,537,384,33,53,36,6,1,30
422,537,386,31,53,36,6,1,30
423,537,388,31,55,36,6,1,30
424,536,391,35,55,36,6,1,29
425,536,393,32,56,36,6,1,29
426,534,394,35,58,36,6,1,29
427,531,399,38,57,36,6,1,29
428,528,401,38,58,36,6,1,29
429,524,403,40,59,36,6,1,29
430,519,405,41,61,36,6,1,29
431,516,408,41,62,36,6,1,30
432,516,411,37,62,36,6,1,30
433,512,415,32,63,36,6,1,30
434,507,418,37,64,36,6,1,30
435,502,424,39,62,36,6,1,30
436,498,425,39,64,36,6,1,30
437,495,427,45,67,36,6,1,29
438,492,430,47,67,36,6,1,29
439,489,432,47,69,36,6,1,29
440,490,437,42,71,36,6,1,29
441,489,443,42,69,36,6,1,28
442,485,445,47,70,36,6,1,28
443,480,447,50,73,36,6,1,28
444,478,452,51,74,36,6,1,28
445,476,457,47,74,36,6,1,28
446,475,460,46,76,36,6,1,28
447,469,460,55,81,36,6,1,28
448,467,468,50,79,36,6,1,28
449,467,474,53,80,36,6,1,28
450,462,475,56,83,36,6,1,28
451,461,483,53,82,36,6,1,28
452,453,486,59,86,36,6,1,28
453,451,495,57,84,36,6,1,28
454,451,498,55,86,36,6,1,28
455,448,505,45,86,36,6,1,28
456,449,511,57,88,36,6,1,28
457,447,518,61,89,36,6,1,27
458,448,521,60,92,36,6,1,27
459,450,526,59,93,36,6,1,27
460,452,534,45,96,36,6,1,27
461,449,541,66,97,36,6,1,26
462,452,546,66,98,36,6,1,26
463,454,552,70,102,36,6,1,26
464,456,559,69,104,36,6,1,26
465,457,567,69,106,36,6,1,26
466,461,572,64,108,36,6,1,26
467,461,581,70,111,36,6,1,26
468,463,590,72,113,36,6,1,26
469,462,600,78,115,36,6,1,26
470,464,606,78,118,36,6,1,26
471,470,618,80,118,36,6,1,26
472,476,626,81,124,36,6,1,26
473,477,638,83,126,36,6,1,26
474,475,645,88,131,36,6,1,26
475,485,659,80,132,36,6,1,26
476,480,669,86,138,36,6,1,26
477,468,683,95,142,36,6,1,26
478,473,693,83,146,36,6,1,26
479,457,708,84,149,36,6,1,26
480,428,724,93,153,36,6,1,26
481,402,741,93,156,36,6,1,25
482,379,752,90,161,36,6,1,25
483,340,769,103,169,36,6,1,25
484,325,789,106,174,36,6,1,25
485,317,810,107,180,36,6,1,25
486,311,828,113,183,36,6,1,25
487,313,850,131,188,36,6,1,24
488,335,878,141,189,36,6,1,24
489,357,897,173,181,36,6,1,23
490,399,916,181,163,36,6,1,23
0,688,221,63,45,40,3,0,1
1,689,220,63,45,40,3,0,1
2,689,220,63,45,40,3,0,1
3,689,220,63,45,40,3,0,0
4,689,220,63,45,40,3,0,0
5,689,220,63,45,40,3,0,0
6,689,220,63,45,40,3,0,1
7,689,220,63,45,40,3,0,3
8,689,220,63,45,40,3,0,6
9,689,220,63,45,40,3,0,7
10,689,220,63,45,40,3,0,8
11,689,220,63,45,40,3,0,8
12,689,220,63,45,40,3,0,7
13,689,220,62,45,40,3,0,5
14,689,220,62,45,40,3,0,4
15,689,220,62,45,40,3,0,5
16,689,220,63,45,40,3,0,6
17,689,220,63,45,40,3,0,7
18,689,220,63,45,40,3,0,7
19,689,220,63,45,40,3,0,8
20,689,220,63,45,40,3,0,6
21,689,220,63,45,40,3,0,4
22,689,220,63,45,40,3,0,4
23,689,220,63,45,40,3,0,6
24,689,220,63,45,40,3,0,9
25,688,220,63,45,40,3,0,9
26,689,220,63,45,40,3,0,10
27,689,220,63,45,40,3,0,10
28,688,220,63,45,40,3,0,9
29,688,220,63,45,40,3,0,7
30,688,220,63,45,40,3,0,4
31,688,220,63,45,40,3,0,3
32,689,220,63,45,40,3,0,3
33,689,220,63,45,40,3,0,2
34,689,220,63,45,40,3,0,4
35,689,220,63,45,40,3,0,5
36,689,220,63,45,40,3,0,6
37,689,220,63,45,40,3,0,4
38,689,220,63,45,40,3,0,2
39,689,220,63,45,40,3,0,1
40,688,220,63,45,40,3,0,0
41,688,220,63,45,40,3,0,0
42,689,220,63,45,40,3,0,0
43,689,220,63,45,40,3,0,0
44,689,220,63,45,40,3,0,0
45,688,220,63,45,40,3,0,0
46,688,220,63,45,40,3,0,0
47,688,220,63,45,40,3,0,0
48,688,220,63,45,40,3,0,0
49,688,220,63,45,40,3,0,1
50,688,220,63,45,40,3,0,1
51,688,220,63,45,40,3,0,2
52,688,220,63,45,40,3,0,2
53,688,220,63,45,40,3,0,2
54,688,220,63,45,40,3,0,2
55,688,220,63,45,40,3,0,2
56,688,220,63,45,40,3,0,1
57,688,220,64,45,40,3,0,1
58,688,220,64,45,40,3,0,3
59,688,220,64,45,40,3,0,6
60,688,220,64,45,40,3,0,8
61,688,220,64,45,40,3,0,7
62,688,220,64,45,40,3,0,5
63,688,220,64,45,40,3,0,3
64,688,220,64,45,40,3,0,2
65,688,220,64,45,40,3,0,2
66,688,220,64,45,40,3,0,3
67,688,220,64,45,40,3,0,5
68,688,220,64,45,40,3,0,4
69,688,220,64,45,40,3,0,3
70,688,220,64,45,40,3,0,2
71,688,220,64,45,40,3,0,1
72,688,220,64,45,40,3,0,1
73,688,220,64,45,40,3,0,1
74,688,220,64,45,40,3,0,1
75,688,220,64,45,40,3,0,1
76,688,220,64,45,40,3,0,0
77,688,220,64,45,40,3,0,0
78,688,220,64,45,40,3,0,0
79,688,220,64,45,40,3,0,0
80,688,220,64,45,40,3,0,1
81,688,220,64,45,40,3,0,1
82,688,220,64,45,40,3,0,3
83,688,220,64,45,40,3,0,4
84,688,220,63,45,40,3,0,6
85,688,220,63,45,40,3,0,6
86,688,220,63,45,40,3,0,5
87,688,220,63,45,40,3,0,4
88,689,220,63,45,40,3,0,4
89,689,220,63,45,40,3,0,5
90,689,220,63,45,40,3,0,7
91,689,220,63,45,40,3,0,8
92,689,220,63,45,40,3,0,9
93,689,220,63,45,40,3,0,7
94,689,220,63,45,40,3,0,7
95,689,220,63,45,40,3,0,7
96,688,220,64,45,40,3,0,9
97,688,220,64,45,40,3,0,9
98,688,220,64,45,40,3,0,9
99,688,220,64,45,40,3,0,9
100,688,220,64,45,40,3,0,7
101,688,220,64,45,40,3,0,4
102,688,220,64,45,40,3,0,2
103,688,220,64,45,40,3,0,1
104,688,220,63,45,40,3,0,0
105,689,220,63,45,40,3,0,0
106,688,220,63,45,40,3,0,1
107,689,220,63,45,40,3,0,2
108,689,220,63,45,40,3,0,3
109,689,220,63,45,40,3,0,4
110,689,220,63,45,40,3,0,4
111,689,220,63,45,40,3,0,3
112,689,220,63,45,40,3,0,2
113,689,220,63,45,40,3,0,1
114,689,220,63,45,40,3,0,1
115,689,220,63,45,40,3,0,1
116,689,220,63,45,40,3,0,2
117,689,220,63,45,40,3,0,1
118,689,220,63,45,40,3,0,4
119,689,220,63,45,40,3,0,6
120,689,220,63,45,40,3,0,10
121,689,220,63,45,40,3,0,10
122,689,220,63,45,40,3,0,9
123,689,220,63,45,40,3,0,8
124,689,220,63,45,40,3,0,7
125,689,220,63,45,40,3,0,6
126,689,220,63,45,40,3,0,5
127,689,220,63,45,40,3,0,4
128,689,220,63,45,40,3,0,3
129,689,220,63,45,40,3,0,3
130,689,220,63,45,40,3,0,2
131,689,220,64,45,40,3,0,2
132,688,220,63,45,40,3,0,1
133,688,220,63,45,40,3,0,1
134,688,220,63,45,40,3,0,2
135,688,220,63,45,40,3,0,3
136,688,220,64,45,40,3,0,5
137,688,220,64,45,40,3,0,7
138,688,220,64,45,40,3,0,9
139,688,220,64,45,40,3,0,10
140,688,220,63,45,40,3,0,8
141,688,220,63,45,40,3,0,6
142,688,220,63,45,40,3,0,5
143,688,220,63,45,40,3,0,6
144,689,220,63,45,40,3,0,8
145,689,220,63,45,40,3,0,8
146,689,220,63,45,40,3,0,8
147,689,220,63,45,40,3,0,8
148,689,220,63,45,40,3,0,6
149,689,220,63,45,40,3,0,4
150,689,220,63,45,40,3,0,3
151,689,220,63,45,40,3,0,4
152,689,220,62,45,40,3,0,6
153,689,220,63,45,40,3,0,6
154,689,220,62,45,40,3,0,5
155,689,220,63,45,40,3,0,3
156,689,220,63,45,40,3,0,3
157,689,220,63,45,40,3,0,4
158,689,220,63,45,40,3,0,6
159,689,220,63,45,40,3,0,5
160,689,220,63,45,40,3,0,4
161,689,220,63,45,40,3,0,2
162,689,220,63,45,40,3,0,1
163,689,220,63,45,40,3,0,1
164,689,220,63,45,40,3,0,1
165,689,220,63,45,40,3,0,1
166,689,220,63,45,40,3,0,2
167,689,220,63,45,40,3,0,3
168,689,220,63,45,40,3,0,4
169,689,220,63,45,40,3,0,5
170,689,220,63,45,40,3,0,5
171,689,220,63,45,40,3,0,5
172,689,220,63,45,40,3,0,4
173,689,220,63,45,40,3,0,3
174,689,220,63,45,40,3,0,3
175,689,220,63,45,40,3,0,4
176,689,220,64,44,40,3,0,6
177,689,220,63,44,40,3,0,7
178,689,220,63,44,40,3,0,8
179,689,220,63,44,40,3,0,8
180,689,221,63,44,40,3,0,10
181,689,221,63,44,40,3,0,12
182,689,221,63,44,40,3,0,12
183,689,221,63,44,40,3,0,9
184,689,220,63,45,40,3,0,8
185,689,220,63,45,40,3,0,9
186,689,220,63,45,40,3,0,11
187,689,220,63,45,40,3,0,12
188,689,220,63,45,40,3,0,10
189,689,220,63,45,40,3,0,7
190,689,220,63,45,40,3,0,4
191,689,220,63,45,40,3,0,3
192,688,220,64,45,40,3,0,2
193,688,220,64,45,40,3,0,1
194,688,220,64,45,40,3,0,1
195,688,220,64,45,40,3,0,1
196,688,220,64,45,40,3,0,0
197,688,220,64,45,40,3,0,0
198,688,220,64,45,40,3,0,0
199,688,220,64,45,40,3,0,0
200,689,220,63,45,40,3,0,0
201,689,220,63,45,40,3,0,0
202,689,220,63,45,40,3,0,0
203,689,220,63,45,40,3,0,0
204,689,220,63,45,40,3,0,1
205,689,220,63,45,40,3,0,1
206,689,220,63,45,40,3,0,1
207,689,220,63,45,40,3,0,1
208,689,220,63,45,40,3,0,1
209,689,220,63,45,40,3,0,1
210,689,220,63,45,40,3,0,0
211,689,220,63,45,40,3,0,0
212,689,220,63,45,40,3,0,0
213,689,220,63,45,40,3,0,0
214,689,220,63,45,40,3,0,3
215,689,220,63,45,40,3,0,7
216,689,221,63,44,40,3,0,11
217,689,221,63,44,40,3,0,12
218,689,221,63,44,40,3,0,11
219,689,221,63,44,40,3,0,9
220,689,220,63,44,40,3,0,10
221,689,220,62,44,40,3,0,13
222,689,220,63,44,40,3,0,14
223,689,220,62,44,40,3,0,11
224,689,220,63,45,40,3,0,9
225,689,220,63,45,40,3,0,11
226,689,220,63,45,40,3,0,11
227,689,220,63,45,40,3,0,10
228,689,220,63,45,40,3,0,7
229,688,220,64,45,40,3,0,5
230,688,220,64,45,40,3,0,3
231,688,220,64,45,40,3,0,3
232,689,220,63,45,40,3,0,3
233,689,220,63,45,40,3,0,3
234,689,220,63,45,40,3,0,3
235,689,220,62,45,40,3,0,5
236,689,220,62,45,40,3,0,5
237,689,220,63,45,40,3,0,3
238,689,220,63,45,40,3,0,2
239,689,220,62,45,40,3,0,1
240,689,220,63,45,40,3,0,1
241,689,220,63,45,40,3,0,0
242,689,220,63,45,40,3,0,0
243,689,220,63,45,40,3,0,0
244,688,220,64,45,40,3,0,1
245,688,220,64,45,40,3,0,2
246,688,220,64,45,40,3,0,2
247,688,220,64,45,40,3,0,3
248,688,220,63,45,40,3,0,2
249,688,220,63,45,40,3,0,2
250,688,220,63,45,40,3,0,1
251,688,220,63,45,40,3,0,2
252,688,220,63,45,40,3,0,3
253,688,220,63,45,40,3,0,4
254,688,220,63,45,40,3,0,5
255,688,220,63,45,40,3,0,5
256,688,220,64,44,40,3,0,5
257,688,220,64,44,40,3,0,5
258,688,220,64,44,40,3,0,4
259,688,220,64,44,40,3,0,5
260,688,220,64,44,40,3,0,4
261,688,220,64,44,40,3,0,4
262,688,220,64,44,40,3,0,6
263,688,220,64,44,40,3,0,10
264,689,220,63,45,40,3,0,14
265,689,220,63,45,40,3,0,15
266,689,220,63,45,40,3,0,16
267,689,220,63,45,40,3,0,16
268,689,220,63,45,40,3,0,13
269,689,220,63,45,40,3,0,9
270,689,220,63,45,40,3,0,4
271,689,220,63,45,40,3,0,3
272,688,220,64,45,40,3,0,3
273,689,220,63,45,40,3,0,3
274,688,220,64,45,40,3,0,3
275,688,220,64,45,40,3,0,2
276,689,220,64,45,40,3,0,1
277,689,220,64,45,40,3,0,0
278,689,220,64,45,40,3,0,3
279,689,220,64,45,40,3,0,7
280,688,220,63,44,40,3,0,12
281,689,220,63,44,40,3,0,13
282,689,220,63,44,40,3,0,14
283,688,220,63,45,40,3,0,14
284,688,220,63,44,40,3,0,11
285,688,220,63,44,40,3,0,7
286,688,220,63,44,40,3,0,5
287,688,220,63,44,40,3,0,5
288,688,220,64,45,40,3,0,6
289,688,220,64,45,40,3,0,6
290,688,220,64,45,40,3,0,6
291,688,220,64,45,40,3,0,7
292,688,220,64,45,40,3,0,5
293,688,220,64,45,40,3,0,4
294,688,220,64,45,40,3,0,3
295,688,220,64,45,40,3,0,5
296,688,220,64,44,40,3,0,7
297,688,220,64,44,40,3,0,8
298,688,220,64,44,40,3,0,7
299,688,220,64,44,40,3,0,5
300,688,220,64,45,40,3,0,5
301,688,220,64,45,40,3,0,6
302,688,220,64,45,40,3,0,5
303,688,220,64,45,40,3,0,4
304,688,220,64,44,40,3,0,3
305,688,220,64,44,40,3,0,4
306,688,220,64,44,40,3,0,5
307,688,220,64,44,40,3,0,5
308,688,220,64,44,40,3,0,5
309,688,220,64,44,40,3,0,3
310,688,220,64,44,40,3,0,3
311,688,220,64,44,40,3,0,4
312,689,220,64,45,40,3,0,5
313,689,220,64,45,40,3,0,5
314,689,220,64,45,40,3,0,7
315,689,220,64,45,40,3,0,8
316,689,220,64,45,40,3,0,8
317,689,220,64,45,40,3,0,8
318,689,220,64,45,40,3,0,6
319,689,220,64,45,40,3,0,5
320,689,220,63,45,40,3,0,3
321,689,220,63,45,40,3,0,2
322,689,220,63,45,40,3,0,1
323,689,220,63,45,40,3,0,1
324,689,220,63,45,40,3,0,2
325,689,220,63,45,40,3,0,3
326,689,220,63,45,40,3,0,3
327,689,220,63,45,40,3,0,2
328,689,220,63,45,40,3,0,2
329,689,220,63,45,40,3,0,3
330,689,220,63,45,40,3,0,3
331,689,220,63,45,40,3,0,3
332,689,220,63,45,40,3,0,2
333,689,220,63,45,40,3,0,1
334,689,220,62,45,40,3,0,0
335,689,220,63,45,40,3,0,0
336,688,220,63,45,40,3,0,0
337,688,220,63,45,40,3,0,0
338,688,220,63,45,40,3,0,0
339,688,220,63,45,40,3,0,0
340,688,220,63,45,40,3,0,0
341,688,220,63,45,40,3,0,0
342,688,220,63,45,40,3,0,0
343,688,220,63,45,40,3,0,0
344,688,220,64,45,40,3,0,0
345,688,220,64,45,40,3,0,0
346,688,220,64,45,40,3,0,0
347,688,220,64,45,40,3,0,0
348,688,220,63,45,40,3,0,0
349,688,220,63,45,40,3,0,0
350,688,220,63,45,40,3,0,2
351,688,220,63,45,40,3,0,5
352,688,221,63,44,40,3,0,8
353,688,221,63,44,40,3,0,9
354,688,221,63,44,40,3,0,9
355,688,221,63,44,40,3,0,9
356,689,221,63,44,40,3,0,8
357,689,221,63,44,40,3,0,6
358,689,221,63,44,40,3,0,6
359,689,221,63,44,40,3,0,9
360,688,220,62,45,40,3,0,12
361,688,220,62,44,40,3,0,14
362,688,220,62,45,40,3,0,15
363,688,220,62,45,40,3,0,15
364,688,220,62,45,40,3,0,12
365,688,220,62,45,40,3,0,8
366,688,220,62,45,40,3,0,7
367,688,220,62,45,40,3,0,9
368,689,220,62,45,40,3,0,12
369,689,220,63,45,40,3,0,14
370,689,220,62,45,40,3,0,16
371,689,220,62,45,40,3,0,17
372,689,220,63,45,40,3,0,15
373,689,220,63,45,40,3,0,11
374,689,220,63,45,40,3,0,8
375,689,220,63,45,40,3,0,8
376,689,220,63,45,40,3,0,10
377,689,220,63,45,40,3,0,10
378,689,220,63,45,40,3,0,11
379,689,220,63,45,40,3,0,11
380,689,220,63,45,40,3,0,10
381,689,220,63,45,40,3,0,9
382,689,220,63,45,40,3,0,10
383,689,220,63,45,40,3,0,13
384,689,221,63,45,40,3,0,13
385,689,221,63,45,40,3,0,10
386,689,220,63,45,40,3,0,9
387,689,220,63,45,40,3,0,11
388,689,221,63,45,40,3,0,11
389,689,221,63,45,40,3,0,8
390,689,221,63,45,40,3,0,6
391,689,221,63,45,40,3,0,7
392,689,221,63,44,40,3,0,8
393,689,221,63,44,40,3,0,11
394,689,221,63,44,40,3,0,15
395,689,220,62,44,40,3,0,20
396,689,220,63,44,40,3,0,22
397,689,220,63,44,40,3,0,23
398,689,220,62,45,40,3,0,23
399,689,220,62,45,40,3,0,19
400,689,220,62,45,40,3,0,13
401,689,220,62,44,40,3,0,6
402,689,220,63,44,40,3,0,4
403,689,220,63,44,40,3,0,2
404,689,220,63,44,40,3,0,1
405,689,220,63,44,40,3,0,1
406,689,220,62,45,40,3,0,2
407,689,220,62,45,40,3,0,4
408,689,220,64,45,40,3,0,5
409,689,220,64,45,40,3,0,6
410,689,220,64,45,40,3,0,6
411,689,220,64,45,40,3,0,5
412,689,220,64,45,40,3,0,4
413,689,220,64,45,40,3,0,2
414,689,220,64,45,40,3,0,1
415,689,220,64,45,40,3,0,1
416,689,220,63,45,40,3,0,2
417,689,220,63,45,40,3,0,2
418,689,220,63,45,40,3,0,3
419,689,220,64,45,40,3,0,3
420,689,220,63,45,40,3,0,3
421,689,220,63,44,40,3,0,2
422,689,220,63,45,40,3,0,3
423,689,220,63,45,40,3,0,5
424,688,220,64,44,40,3,0,7
425,688,220,64,44,40,3,0,7
426,688,220,64,44,40,3,0,7
427,688,220,64,44,40,3,0,7
428,688,220,64,44,40,3,0,6
429,688,220,64,44,40,3,0,5
430,688,220,64,44,40,3,0,3
431,688,220,64,44,40,3,0,2
432,689,220,63,44,40,3,0,1
433,689,220,63,44,40,3,0,1
434,689,220,63,44,40,3,0,1
435,689,220,64,44,40,3,0,1
436,689,220,63,44,40,3,0,1
437,688,220,64,44,40,3,0,1
438,688,220,64,44,40,3,0,4
439,688,220,64,44,40,3,0,7
440,688,220,64,45,40,3,0,12
441,688,220,63,45,40,3,0,15
442,688,220,63,45,40,3,0,14
443,688,220,64,45,40,3,0,11
444,688,220,63,45,40,3,0,9
445,688,220,63,44,40,3,0,10
446,688,220,63,44,40,3,0,10
447,688,220,63,45,40,3,0,9
448,688,220,64,45,40,3,0,6
449,688,220,64,45,40,3,0,6
450,688,220,63,45,40,3,0,5
451,688,220,64,45,40,3,0,5
452,688,220,64,45,40,3,0,4
453,688,220,64,45,40,3,0,2
454,688,220,64,45,40,3,0,4
455,688,220,64,45,40,3,0,6
456,688,220,64,45,40,3,0,10
457,688,220,63,45,40,3,0,11
458,688,220,63,45,40,3,0,12
459,688,220,63,45,40,3,0,13
460,688,220,63,45,40,3,0,10
461,688,220,63,45,40,3,0,7
462,688,220,63,45,40,3,0,6
463,688,220,63,45,40,3,0,9
464,689,220,63,45,40,3,0,12
465,689,220,63,44,40,3,0,14
466,689,220,63,45,40,3,0,16
467,689,220,63,45,40,3,0,19
468,688,220,63,44,40,3,0,17
469,688,220,63,44,40,3,0,13
470,688,220,63,44,40,3,0,8
471,688,220,63,44,40,3,0,6
472,688,220,64,44,40,3,0,5
473,688,220,64,44,40,3,0,4
474,688,220,64,44,40,3,0,5
475,689,220,63,44,40,3,0,7
476,689,220,63,45,40,3,0,8
477,689,220,63,45,40,3,0,9
478,689,220,63,45,40,3,0,9
479,689,220,63,45,40,3,0,8
480,688,220,64,45,40,3,0,6
481,688,220,64,45,40,3,0,4
482,688,220,64,45,40,3,0,2
483,688,220,64,45,40,3,0,1
484,688,220,64,45,40,3,0,1
485,688,220,64,45,40,3,0,1
486,688,220,64,45,40,3,0,2
487,688,220,64,45,40,3,0,2
488,689,220,63,44,40,3,0,2
489,689,220,63,45,40,3,0,2
490,689,220,63,45,40,3,0,3
491,689,220,63,45,40,3,0,4
492,689,221,63,44,40,3,0,6
493,689,221,63,44,40,3,0,8
494,689,221,63,44,40,3,0,9
495,689,221,63,44,40,3,0,10
496,689,221,63,44,40,3,0,8
497,689,221,63,44,40,3,0,6
498,689,221,63,44,40,3,0,7
499,689,221,63,44,40,3,0,7
500,689,220,63,44,40,3,0,7
501,689,221,62,44,40,3,0,2
502,689,221,62,44,40,3,0,2
503,689,221,63,44,40,3,0,1
504,689,220,64,45,40,3,0,6
505,689,220,64,45,40,3,0,7
506,689,220,63,45,40,3,0,9
507,689,220,64,45,40,3,0,6
508,689,220,64,45,40,3,0,5
509,688,220,64,45,40,3,0,4
510,688,220,64,45,40,3,0,4
511,688,220,64,45,40,3,0,6
512,688,220,64,44,40,3,0,8
513,689,220,63,44,40,3,0,9
514,689,220,63,44,40,3,0,10
515,689,220,63,44,40,3,0,10
516,688,220,64,44,40,3,0,9
517,688,220,64,44,40,3,0,6
518,688,220,64,44,40,3,0,3
519,688,220,64,44,40,3,0,2
520,688,220,63,44,40,3,0,1
521,689,220,63,44,40,3,0,1
522,689,220,63,44,40,3,0,1
523,689,220,63,44,40,3,0,1
524,689,220,63,44,40,3,0,1
525,689,220,63,44,40,3,0,1
526,689,220,63,44,40,3,0,1
527,689,220,63,45,40,3,0,1
528,688,220,63,44,40,3,0,2
529,688,220,63,44,40,3,0,3
530,688,220,63,44,40,3,0,4
531,688,220,63,44,40,3,0,5
532,688,220,64,44,40,3,0,5
533,688,220,63,44,40,3,0,3
534,688,220,63,44,40,3,0,2
535,688,220,63,44,40,3,0,1
536,688,220,63,44,40,3,0,1
537,688,220,63,44,40,3,0,5
538,689,220,63,44,40,3,0,11
539,689,221,63,44,40,3,0,19
540,688,221,63,44,40,3,0,21
541,688,221,63,44,40,3,0,22
542,688,221,63,44,40,3,0,18
543,688,221,62,44,40,3,0,15
544,689,220,63,44,40,3,0,12
545,689,220,63,45,40,3,0,13
546,689,220,63,44,40,3,0,13
547,689,220,63,45,40,3,0,13
548,689,220,63,45,40,3,0,12
549,689,220,63,45,40,3,0,9
550,689,220,63,45,40,3,0,7
551,689,220,63,45,40,3,0,6
552,688,220,64,45,40,3,0,5
553,688,220,64,45,40,3,0,4
554,688,220,64,45,40,3,0,3
555,688,220,64,45,40,3,0,2
556,688,220,64,45,40,3,0,2
557,688,220,64,45,40,3,0,2
558,688,220,64,45,40,3,0,3
559,688,220,64,45,40,3,0,5
560,688,221,64,44,40,3,0,7
561,688,221,64,44,40,3,0,8
562,688,221,64,44,40,3,0,9
563,688,221,64,44,40,3,0,10
564,688,221,64,44,40,3,0,8
565,688,221,64,44,40,3,0,5
566,688,221,64,44,40,3,0,6
567,688,221,64,44,40,3,0,8
568,688,221,64,43,40,3,0,11
569,688,221,64,43,40,3,0,14
570,688,221,64,44,40,3,0,18
571,688,220,64,44,40,3,0,23
572,688,220,64,44,40,3,0,20
573,688,220,64,44,40,3,0,16
574,688,220,64,44,40,3,0,9
575,688,220,64,44,40,3,0,8
576,689,220,63,44,40,3,0,6
577,689,220,63,44,40,3,0,6
578,689,220,63,44,40,3,0,6
579,689,220,63,44,40,3,0,6
580,689,220,63,44,40,3,0,7
581,689,220,63,44,40,3,0,7
582,689,220,63,45,40,3,0,8
583,689,220,63,45,40,3,0,10
584,689,220,63,45,40,3,0,11
585,689,220,63,45,40,3,0,12
586,689,220,63,45,40,3,0,10
587,689,220,63,45,40,3,0,7
588,688,220,63,45,40,3,0,4
589,688,220,63,45,40,3,0,4
590,688,220,63,45,40,3,0,6
591,688,220,63,44,40,3,0,8
592,689,220,63,44,40,3,0,8
593,689,220,63,44,40,3,0,7
594,689,220,63,44,40,3,0,5
595,689,220,63,44,40,3,0,5
596,689,220,63,45,40,3,0,4
597,689,220,63,44,40,3,0,3
598,689,220,63,44,40,3,0,2
599,689,220,63,44,40,3,0,4
600,689,220,63,44,40,3,0,7
601,689,220,63,44,40,3,0,7
602,689,220,63,44,40,3,0,7
603,689,220,63,44,40,3,0,5
604,689,220,63,44,40,3,0,5
605,689,220,63,44,40,3,0,3
606,689,220,63,44,40,3,0,4
607,689,220,63,44,40,3,0,6
608,689,220,63,45,40,3,0,10
609,689,220,63,45,40,3,0,12
610,689,220,63,45,40,3,0,13
611,689,220,63,45,40,3,0,14
612,688,220,63,45,40,3,0,13
613,688,220,63,45,40,3,0,12
614,688,220,63,45,40,3,0,10
615,689,220,63,45,40,3,0,10
616,688,220,63,45,40,3,0,9
617,688,220,63,45,40,3,0,9
618,688,220,63,45,40,3,0,8
619,688,220,63,45,40,3,0,6
620,689,220,63,45,40,3,0,4
621,689,220,63,45,40,3,0,2
622,689,220,63,45,40,3,0,3
623,689,220,63,45,40,3,0,4
624,689,220,63,45,40,3,0,7
625,689,220,63,45,40,3,0,8
626,689,220,63,45,40,3,0,9
627,689,220,63,45,40,3,0,9
628,689,220,63,45,40,3,0,8
629,689,220,63,45,40,3,0,6
630,689,220,63,45,40,3,0,4
631,689,220,63,45,40,3,0,4
632,689,220,63,44,40,3,0,5
633,689,220,63,44,40,3,0,6
634,689,220,63,44,40,3,0,6
635,689,220,63,44,40,3,0,5
636,689,221,63,44,40,3,0,7
637,689,221,63,44,40,3,0,9
638,689,221,63,44,40,3,0,8
639,689,221,63,44,40,3,0,6
640,689,220,63,44,40,3,0,7
641,689,220,63,44,40,3,0,10
642,689,220,63,44,40,3,0,13
643,689,220,63,44,40,3,0,14
644,689,220,63,44,40,3,0,12
645,689,220,63,44,40,3,0,9
646,689,220,63,44,40,3,0,7
647,689,220,63,44,40,3,0,7
648,688,220,63,44,40,3,0,8
649,688,220,63,44,40,3,0,8
650,688,220,63,44,40,3,0,8
651,688,220,63,44,40,3,0,8
652,688,220,63,45,40,3,0,7
653,688,220,63,45,40,3,0,6
654,688,220,63,45,40,3,0,4
655,688,220,63,45,40,3,0,3
656,689,220,63,44,40,3,0,5
657,689,220,63,44,40,3,0,5
658,689,221,63,44,40,3,0,5
659,689,220,63,45,40,3,0,4
660,689,220,63,45,40,3,0,6
661,689,221,63,44,40,3,0,7
662,689,221,63,44,40,3,0,9
663,689,220,63,44,40,3,0,7
664,689,220,63,44,40,3,0,8
665,689,220,63,45,40,3,0,8
666,689,220,63,44,40,3,0,12
667,688,220,63,44,40,3,0,13
668,689,220,63,44,40,3,0,10
669,689,220,63,45,40,3,0,6
670,689,220,63,45,40,3,0,5
671,689,220,63,45,40,3,0,4
672,689,220,63,45,40,3,0,4
673,689,220,62,45,40,3,0,2
674,689,220,62,45,40,3,0,2
675,689,220,63,45,40,3,0,5
676,689,220,63,45,40,3,0,10
677,689,221,63,45,40,3,0,16
678,689,221,63,44,40,3,0,16
679,689,221,63,45,40,3,0,14
680,689,221,62,44,40,3,0,10
681,689,221,62,44,40,3,0,10
682,689,221,62,44,40,3,0,11
683,689,221,62,44,40,3,0,13
684,689,221,63,44,40,3,0,12
685,689,221,62,44,40,3,0,10
686,689,221,63,44,40,3,0,6
687,689,221,62,44,40,3,0,4
688,688,221,64,44,40,3,0,4
689,689,221,63,44,40,3,0,4
690,689,221,63,44,40,3,0,5
691,689,221,63,44,40,3,0,4
692,689,221,63,44,40,3,0,4
693,689,221,63,44,40,3,0,4
694,689,221,63,44,40,3,0,3
695,689,221,63,44,40,3,0,3
696,689,220,64,45,40,3,0,2
697,689,220,64,45,40,3,0,3
698,689,220,64,45,40,3,0,3
699,689,220,63,45,40,3,0,4
700,689,220,63,45,40,3,0,4
701,689,220,64,45,40,3,0,3
702,689,220,64,45,40,3,0,3
703,689,220,63,45,40,3,0,3
704,689,220,64,45,40,3,0,4
705,689,220,64,45,40,3,0,5
706,689,220,64,45,40,3,0,8
707,689,220,64,45,40,3,0,12
708,689,220,63,44,40,3,0,14
709,689,220,63,44,40,3,0,15
710,689,220,64,44,40,3,0,15
711,689,220,64,44,40,3,0,15
712,689,220,63,44,40,3,0,12
713,689,220,63,44,40,3,0,10
714,689,220,63,44,40,3,0,7
715,689,220,63,44,40,3,0,7
716,689,220,63,44,40,3,0,5
717,689,220,63,44,40,3,0,3
718,689,220,63,44,40,3,0,6
719,689,220,63,44,40,3,0,11
720,689,221,62,44,40,3,0,17
721,689,221,62,44,40,3,0,19
722,689,221,62,44,40,3,0,20
723,689,221,62,44,40,3,0,20
724,689,221,62,44,40,3,0,16
725,689,221,62,44,40,3,0,11
726,689,221,63,44,40,3,0,5
727,689,221,62,44,40,3,0,3
728,689,221,64,44,40,3,0,3
729,689,221,63,44,40,3,0,3
730,689,221,63,44,40,3,0,7
731,689,221,63,44,40,3,0,12
732,688,220,64,44,40,3,0,19
733,688,220,64,44,40,3,0,17
734,688,220,64,44,40,3,0,15
735,688,221,64,44,40,3,0,11
736,689,220,63,44,40,3,0,10
737,689,220,63,45,40,3,0,9
738,689,220,63,44,40,3,0,10
739,689,221,63,44,40,3,0,11
740,689,221,63,44,40,3,0,9
741,689,221,63,44,40,3,0,6
742,689,221,63,44,40,3,0,9
743,689,221,63,44,40,3,0,8
744,688,221,63,44,40,3,0,8
745,688,221,63,44,40,3,0,3
746,688,221,63,44,40,3,0,2
747,688,221,63,44,40,3,0,2
748,688,221,63,44,40,3,0,3
749,688,221,63,44,40,3,0,4
750,688,221,63,44,40,3,0,3
751,688,221,63,44,40,3,0,2
752,689,220,62,45,40,3,0,1
753,689,220,62,45,40,3,0,0
754,689,220,62,45,40,3,0,4
755,689,220,62,45,40,3,0,9
756,689,220,62,44,40,3,0,11
757,689,220,62,44,40,3,0,11
758,689,220,62,45,40,3,0,9
759,689,220,62,45,40,3,0,10
760,689,220,63,45,40,3,0,8
761,689,220,63,45,40,3,0,6
762,689,220,62,44,40,3,0,3
763,689,220,62,45,40,3,0,3
764,688,220,62,44,40,3,0,3
765,688,220,62,44,40,3,0,3
766,688,220,62,44,40,3,0,9
767,688,220,62,44,40,3,0,16
768,689,221,62,45,40,3,0,24
769,689,221,62,45,40,3,0,26
770,689,221,62,45,40,3,0,27
771,689,221,62,45,40,3,0,28
772,689,221,62,45,40,3,0,22
773,689,221,62,45,40,3,0,15
774,689,221,62,45,40,3,0,10
775,689,221,62,45,40,3,0,8
776,689,221,63,44,40,3,0,7
777,689,221,63,44,40,3,0,5
778,689,221,63,44,40,3,0,4
779,689,221,63,44,40,3,0,3
780,689,221,62,45,40,3,0,5
781,689,221,62,45,40,3,0,6
782,689,221,62,45,40,3,0,8
783,689,221,62,45,40,3,0,7
784,689,221,62,45,40,3,0,7
785,689,221,63,45,40,3,0,4
786,689,221,63,45,40,3,0,2
787,689,221,63,45,40,3,0,2
788,689,221,63,45,40,3,0,2
789,689,221,63,45,40,3,0,2
790,689,221,63,45,40,3,0,1
791,689,221,63,45,40,3,0,4
792,689,221,62,44,40,3,0,6
793,689,221,63,44,40,3,0,13
794,689,221,63,44,40,3,0,18
795,689,220,62,44,40,3,0,25
796,689,220,63,44,40,3,0,24
797,689,220,62,45,40,3,0,20
798,689,220,62,45,40,3,0,12
799,689,220,63,45,40,3,0,11
800,689,221,62,44,40,3,0,12
801,689,221,62,44,40,3,0,15
802,689,221,62,44,40,3,0,14
803,689,221,62,44,40,3,0,11
804,688,221,63,44,40,3,0,8
805,688,221,63,44,40,3,0,5
806,688,221,63,44,40,3,0,3
807,688,221,63,44,40,3,0,2
808,688,221,62,44,40,3,0,1
809,689,221,62,44,40,3,0,1
810,689,221,62,44,40,3,0,2
811,689,221,62,44,40,3,0,5
812,689,221,62,44,40,3,0,7
813,689,221,62,45,40,3,0,8
814,689,221,62,45,40,3,0,6
815,689,221,62,44,40,3,0,5
816,688,221,63,44,40,3,0,5
817,688,221,63,44,40,3,0,7
818,688,221,63,44,40,3,0,9
819,688,221,63,44,40,3,0,11
820,688,221,63,44,40,3,0,9
821,688,221,63,44,40,3,0,6
822,688,221,62,44,40,3,0,6
823,688,221,62,44,40,3,0,6
824,689,221,62,44,40,3,0,6
825,689,221,62,44,40,3,0,5
826,689,221,62,44,40,3,0,8
827,689,221,62,44,40,3,0,10
828,689,221,62,45,40,3,0,10
829,689,221,63,45,40,3,0,7
830,689,221,63,45,40,3,0,4
831,689,221,62,45,40,3,0,4
832,689,221,63,44,40,3,0,5
833,689,221,63,44,40,3,0,7
834,689,221,63,44,40,3,0,9
835,689,221,63,44,40,3,0,10
836,688,221,62,44,40,3,0,10
837,688,221,62,44,40,3,0,8
838,688,221,63,44,40,3,0,5
839,688,221,63,44,40,3,0,3
840,689,221,62,44,40,3,0,1
841,689,221,62,44,40,3,0,2
842,689,221,62,44,40,3,0,3
843,689,221,62,44,40,3,0,4
844,689,221,62,44,40,3,0,7
845,689,221,62,44,40,3,0,8
846,689,220,62,44,40,3,0,8
847,690,220,62,44,40,3,0,5
848,689,221,62,44,40,3,0,4
849,689,221,62,44,40,3,0,3
850,689,221,62,44,40,3,0,7
851,689,221,62,44,40,3,0,12
852,690,221,63,44,40,3,0,16
853,690,221,63,45,40,3,0,14
854,690,221,63,45,40,3,0,9
855,690,221,62,44,40,3,0,6
856,690,221,62,44,40,3,0,5
857,690,221,62,45,40,3,0,5
858,690,221,62,45,40,3,0,3
859,690,221,62,45,40,3,0,3
860,689,221,62,45,40,3,0,4
861,689,221,63,45,40,3,0,4
862,689,221,62,45,40,3,0,9
863,690,221,62,45,40,3,0,10
864,689,221,64,44,40,3,0,16
865,688,221,64,44,40,3,0,17
866,689,221,63,44,40,3,0,22
867,689,221,64,44,40,3,0,22
868,689,221,64,44,40,3,0,19
869,689,221,63,44,40,3,0,15
870,689,221,63,44,40,3,0,10
871,689,221,63,44,40,3,0,9
872,689,221,63,44,40,3,0,7
873,689,221,63,44,40,3,0,5
874,689,221,63,44,40,3,0,3
875,690,221,63,44,40,3,0,3
876,690,220,62,44,40,3,0,6
877,689,220,63,45,40,3,0,11
878,690,220,63,45,40,3,0,12
879,689,220,63,44,40,3,0,10
880,689,221,63,44,40,3,0,6
881,688,221,64,44,40,3,0,7
882,689,220,64,44,40,3,0,8
883,689,221,63,44,40,3,0,11
884,689,221,63,44,40,3,0,10
885,689,221,63,44,40,3,0,9
886,689,221,63,44,40,3,0,7
887,689,221,63,44,40,3,0,9
888,689,220,63,45,40,3,0,10
889,689,220,62,45,40,3,0,12
890,689,220,63,45,40,3,0,11
891,689,220,63,45,40,3,0,9
892,689,220,63,45,40,3,0,6
893,689,220,63,45,40,3,0,3
894,689,220,63,45,40,3,0,2
895,689,220,62,45,40,3,0,1
896,689,220,63,45,40,3,0,2
897,689,220,63,45,40,3,0,2
898,689,220,63,45,40,3,0,3
899,689,220,63,44,40,3,0,3
900,689,221,63,44,40,3,0,3
901,689,221,63,44,40,3,0,4
902,689,221,63,44,40,3,0,5
903,689,221,63,44,40,3,0,5
904,689,220,63,45,40,3,0,5
905,689,220,63,45,40,3,0,5
906,689,220,63,45,40,3,0,5
907,689,220,63,45,40,3,0,4
908,689,220,63,45,40,3,0,4
909,689,220,63,45,40,3,0,2
910,689,220,63,45,40,3,0,2
911,689,220,63,45,40,3,0,1
912,689,220,63,45,40,3,0,1
913,689,220,63,45,40,3,0,1
914,689,220,63,45,40,3,0,3
915,689,220,63,45,40,3,0,4
916,689,220,63,45,40,3,0,4
917,689,220,63,45,40,3,0,3
918,689,220,63,45,40,3,0,2
919,688,220,64,45,40,3,0,3
920,689,220,63,45,40,3,0,3
921,689,220,62,45,40,3,0,5
922,689,220,62,45,40,3,0,7
923,689,220,63,45,40,3,0,10
924,689,220,63,44,40,3,0,11
925,689,220,63,44,40,3,0,11
926,689,220,63,44,40,3,0,8
927,688,220,63,44,40,3,0,6
928,689,220,63,45,40,3,0,5
929,689,220,63,45,40,3,0,7
930,689,220,63,45,40,3,0,9
931,689,220,63,45,40,3,0,9
932,689,220,63,45,40,3,0,7
933,689,220,63,45,40,3,0,4
934,689,220,63,45,40,3,0,2
935,689,220,63,45,40,3,0,2
936,689,220,63,45,40,3,0,2
937,689,220,63,45,40,3,0,3
938,689,220,63,45,40,3,0,3
939,689,220,63,45,40,3,0,4
940,689,220,63,45,40,3,0,4
941,689,220,63,45,40,3,0,4
942,689,220,63,45,40,3,0,4
943,689,220,63,45,40,3,0,5
944,689,221,63,44,40,3,0,5
945,689,221,63,44,40,3,0,6
946,689,221,63,44,40,3,0,6
947,689,221,63,44,40,3,0,6
948,689,220,63,45,40,3,0,6
949,689,220,63,45,40,3,0,6
950,689,220,63,45,40,3,0,6
951,689,220,63,45,40,3,0,5
952,689,220,63,45,40,3,0,6
953,689,220,63,45,40,3,0,9
954,689,220,63,45,40,3,0,12
955,689,220,63,45,40,3,0,13
956,689,220,63,45,40,3,0,11
957,689,220,63,45,40,3,0,8
958,689,220,63,45,40,3,0,6
959,689,220,63,45,40,3,0,7
960,689,220,63,45,40,3,0,7
961,689,220,63,45,40,3,0,7
962,689,220,63,45,40,3,0,7
963,689,220,63,45,40,3,0,7
964,689,220,63,45,40,3,0,5
965,689,220,63,45,40,3,0,3
966,689,220,63,45,40,3,0,2
967,689,220,63,45,40,3,0,1
968,689,220,63,45,40,3,0,1
969,689,220,63,45,40,3,0,1
970,689,220,63,45,40,3,0,1
971,689,220,63,45,40,3,0,0
972,689,220,63,45,40,3,0,0
973,689,220,63,45,40,3,0,0
974,689,220,63,45,40,3,0,1
975,689,220,63,45,40,3,0,2
976,689,221,62,44,40,3,0,4
977,689,221,62,44,40,3,0,4
978,689,221,62,44,40,3,0,4
979,689,221,62,44,40,3,0,4
980,689,221,62,44,40,3,0,4
981,689,221,62,44,40,3,0,3
982,689,221,62,44,40,3,0,2
983,689,221,62,44,40,3,0,1
984,689,220,63,45,40,3,0,1
985,689,220,63,45,40,3,0,0
986,689,220,63,45,40,3,0,0
987,689,220,63,45,40,3,0,0
988,689,220,63,45,40,3,0,0
989,689,220,62,45,40,3,0,0
990,689,220,62,45,40,3,0,1
991,689,220,62,45,40,3,0,2
992,689,220,62,45,40,3,0,4
993,689,220,62,45,40,3,0,5
994,689,220,62,45,40,3,0,5
995,689,220,62,45,40,3,0,4
996,689,220,63,45,40,3,0,2
997,689,220,63,45,40,3,0,2
998,689,220,63,45,40,3,0,2
999,689,220,63,45,40,3,0,3
1000,689,220,63,45,40,3,0,5
1001,689,220,63,45,40,3,0,5
1002,689,220,63,45,40,3,0,5
1003,689,220,63,45,40,3,0,4
1004,689,220,63,45,40,3,0,3
1005,689,220,63,45,40,3,0,3
1006,689,220,63,45,40,3,0,3
1007,689,220,63,45,40,3,0,3
1008,689,220,64,45,40,3,0,2
1009,689,220,63,45,40,3,0,1
1010,689,220,63,45,40,3,0,1
1011,689,220,63,45,40,3,0,1
1012,689,220,63,45,40,3,0,0
1013,689,220,63,45,40,3,0,0
1014,689,220,63,45,40,3,0,1
1015,689,220,63,45,40,3,0,2
1016,689,220,63,45,40,3,0,4
1017,689,220,63,45,40,3,0,5
1018,689,220,63,45,40,3,0,6
1019,689,220,63,45,40,3,0,7
1020,689,220,63,46,40,3,0,6
1021,689,220,63,46,40,3,0,5
1022,689,220,63,46,40,3,0,5
1023,689,220,63,46,40,3,0,7
1024,689,220,63,45,40,3,0,9
1025,689,220,63,45,40,3,0,10
1026,689,220,63,45,40,3,0,11
1027,689,220,63,45,40,3,0,11
1028,689,220,63,45,40,3,0,9
1029,689,220,63,45,40,3,0,7
1030,689,220,63,45,40,3,0,5
1031,689,220,63,45,40,3,0,5
1032,689,220,63,45,40,3,0,5
1033,688,220,63,45,40,3,0,5
1034,688,220,63,45,40,3,0,5
1035,688,220,63,45,40,3,0,5
1036,688,220,63,45,40,3,0,5
1037,688,220,63,45,40,3,0,3
1038,688,220,64,45,40,3,0,5
1039,688,220,64,45,40,3,0,9
1040,688,221,63,45,40,3,0,13
1041,688,221,63,45,40,3,0,11
1042,688,221,63,45,40,3,0,10
1043,688,220,63,45,40,3,0,9
1044,688,221,63,45,40,3,0,9
1045,688,221,63,45,40,3,0,6
1046,688,221,63,45,40,3,0,6
1047,688,221,63,45,40,3,0,5
1048,689,220,63,45,40,3,0,7
1049,689,220,63,45,40,3,0,10
1050,689,220,63,45,40,3,0,15
1051,688,220,63,45,40,3,0,19
1052,688,220,63,45,40,3,0,16
1053,688,220,63,45,40,3,0,16
1054,688,220,63,45,40,3,0,11
1055,689,221,63,45,40,3,0,11
1056,688,220,63,45,40,3,0,7
1057,688,220,63,45,40,3,0,6
1058,688,220,63,45,40,3,0,4
1059,688,220,63,45,40,3,0,7
1060,688,220,63,45,40,3,0,7
1061,688,220,63,45,40,3,0,8
1062,688,220,63,45,40,3,0,6
1063,688,220,63,45,40,3,0,9
1064,688,221,63,45,40,3,0,12
1065,688,221,63,45,40,3,0,13
1066,688,221,63,45,40,3,0,14
1067,688,221,63,45,40,3,0,15
1068,688,221,63,45,40,3,0,12
1069,688,221,63,45,40,3,0,9
1070,688,221,63,45,40,3,0,8
1071,688,221,63,45,40,3,0,11
1072,689,220,63,45,40,3,0,16
1073,689,220,63,45,40,3,0,18
1074,688,220,63,45,40,3,0,20
1075,689,220,63,45,40,3,0,22
1076,689,220,63,45,40,3,0,18
1077,689,220,63,45,40,3,0,13
1078,689,220,63,45,40,3,0,11
1079,689,220,63,45,40,3,0,14
1080,688,221,63,45,40,3,0,18
1081,688,221,63,45,40,3,0,19
1082,688,221,63,45,40,3,0,20
1083,688,221,63,45,40,3,0,20
1084,688,221,63,45,40,3,0,16
1085,688,221,63,45,40,3,0,12
1086,688,221,63,45,40,3,0,9
1087,688,221,63,45,40,3,0,12
1088,689,220,63,45,40,3,0,16
1089,689,220,63,45,40,3,0,19
1090,689,220,63,45,40,3,0,21
1091,689,220,63,45,40,3,0,23
1092,689,220,62,45,40,3,0,20
1093,689,220,62,45,40,3,0,16
1094,689,220,62,45,40,3,0,14
1095,689,220,62,45,40,3,0,19
1096,689,221,62,45,40,3,0,23
1097,689,221,62,45,40,3,0,24
1098,689,221,63,45,40,3,0,24
1099,689,221,63,45,40,3,0,24
1100,689,221,63,45,40,3,0,19
1101,689,221,62,45,40,3,0,13
1102,689,221,62,45,40,3,0,10
1103,689,221,62,45,40,3,0,12
1104,688,220,64,45,40,3,0,16
1105,688,220,64,45,40,3,0,17
1106,688,220,64,45,40,3,0,18
1107,688,220,64,45,40,3,0,18
1108,688,220,64,45,40,3,0,18
1109,688,220,64,45,40,3,0,15
1110,688,221,64,45,40,3,0,11
1111,688,220,64,45,40,3,0,8
1112,689,220,64,45,40,3,0,7
1113,689,220,64,45,40,3,0,7
1114,689,220,64,45,40,3,0,7
1115,689,221,64,45,40,3,0,6
1116,688,220,64,46,40,3,0,5
1117,688,220,64,45,40,3,0,3
1118,688,220,64,45,40,3,0,5
1119,688,220,64,45,40,3,0,4
1120,688,221,64,45,40,3,0,5
1121,688,221,64,45,40,3,0,4
1122,688,221,64,45,40,3,0,5
1123,688,221,64,45,40,3,0,7
1124,688,220,63,45,40,3,0,9
1125,688,220,64,45,40,3,0,8
1126,689,220,63,45,40,3,0,9
1127,688,221,63,45,40,3,0,8
1128,689,220,63,45,40,3,0,9
1129,688,220,63,45,40,3,0,7
1130,689,220,63,45,40,3,0,5
1131,689,220,63,45,40,3,0,3
1132,688,220,63,45,40,3,0,7
1133,688,221,63,45,40,3,0,12
1134,688,221,63,45,40,3,0,15
1135,688,221,63,45,40,3,0,13
1136,689,220,63,45,40,3,0,9
1137,688,220,64,45,40,3,0,12
1138,688,220,64,45,40,3,0,15
1139,689,220,63,45,40,3,0,21
1140,688,220,64,45,40,3,0,17
1141,688,220,64,45,40,3,0,13
1142,688,220,64,45,40,3,0,6
1143,688,220,64,45,40,3,0,4
1144,689,220,63,45,40,3,0,2
1145,689,220,63,45,40,3,0,5
1146,689,220,63,45,40,3,0,5
1147,689,221,62,45,40,3,0,5
1148,689,220,63,45,40,3,0,3
1149,688,220,63,45,40,3,0,5
1150,689,220,63,45,40,3,0,8
1151,689,221,63,45,40,3,0,8
1152,689,221,62,44,40,3,0,9
1153,689,221,62,44,40,3,0,10
1154,689,221,62,45,40,3,0,11
1155,689,221,62,45,40,3,0,9
1156,689,221,61,44,40,3,0,5
1157,689,221,62,44,40,3,0,3
1158,689,221,62,44,40,3,0,5
1159,689,221,61,44,40,3,0,8
1160,689,221,62,45,40,3,0,12
1161,689,221,62,45,40,3,0,12
1162,689,221,62,45,40,3,0,11
1163,689,221,62,45,40,3,0,10
1164,689,220,62,45,40,3,0,11
1165,689,220,63,45,40,3,0,13
1166,689,220,63,45,40,3,0,17
1167,689,220,63,45,40,3,0,18
1168,689,220,63,45,40,3,0,16
1169,689,220,63,45,40,3,0,12
1170,689,220,63,45,40,3,0,7
1171,689,220,63,45,40,3,0,5
1172,689,220,63,45,40,3,0,3
1173,689,220,63,45,40,3,0,2
1174,689,220,63,45,40,3,0,3
1175,689,220,63,45,40,3,0,5
1176,688,220,63,45,40,3,0,8
1177,688,220,63,45,40,3,0,9
1178,688,220,63,45,40,3,0,9
1179,688,220,64,45,40,3,0,10
1180,688,220,63,45,40,3,0,9
1181,688,220,64,45,40,3,0,9
1182,689,220,63,45,40,3,0,8
1183,689,220,63,45,40,3,0,8
1184,688,220,63,45,40,3,0,8
1185,688,221,63,45,40,3,0,7
1186,689,220,63,45,40,3,0,7
1187,689,220,63,45,40,3,0,6
1188,688,221,63,45,40,3,0,8
1189,688,221,63,45,40,3,0,7
1190,688,221,63,45,40,3,0,8
1191,688,221,63,45,40,3,0,9
1192,689,221,63,45,40,3,0,9
1193,689,221,63,44,40,3,0,7
1194,689,221,63,44,40,3,0,4
1195,689,221,63,44,40,3,0,3
1196,689,221,63,45,40,3,0,3
1197,689,221,63,45,40,3,0,3
1198,689,221,63,45,40,3,0,3
1199,689,221,63,45,40,3,0,3
1200,689,221,63,45,40,3,0,3
1201,689,221,63,45,40,3,0,2
1202,689,221,63,45,40,3,0,1
1203,689,221,63,45,40,3,0,0
1204,689,221,63,45,40,3,0,0
1205,689,221,62,45,40,3,0,0
1206,689,221,62,45,40,3,0,2
1207,689,221,63,45,40,3,0,6
1208,688,220,63,45,40,3,0,10
1209,688,220,63,45,40,3,0,12
1210,689,220,63,45,40,3,0,15
1211,689,220,63,45,40,3,0,18
1212,688,220,64,44,40,3,0,18
1213,688,220,64,44,40,3,0,16
1214,688,220,64,44,40,3,0,11
1215,688,220,64,44,40,3,0,10
1216,689,220,63,45,40,3,0,11
1217,689,221,63,45,40,3,0,15
1218,689,221,63,45,40,3,0,14
1219,689,221,63,44,40,3,0,10
1220,689,220,63,45,40,3,0,7
1221,689,220,63,45,40,3,0,10
1222,689,221,63,45,40,3,0,12
1223,689,220,63,44,40,3,0,13
1224,688,220,62,45,40,3,0,11
1225,688,220,62,45,40,3,0,9
1226,688,220,62,45,40,3,0,8
1227,688,220,62,45,40,3,0,8
1228,688,220,62,45,40,3,0,7
1229,688,220,62,45,40,3,0,5
1230,688,220,62,45,40,3,0,3
1231,688,220,63,45,40,3,0,2
1232,688,220,63,45,40,3,0,1
1233,688,220,63,45,40,3,0,0
1234,688,220,63,45,40,3,0,3
1235,688,220,63,45,40,3,0,6
1236,688,221,63,44,40,3,0,9
1237,688,221,63,44,40,3,0,10
1238,688,221,63,44,40,3,0,8
1239,688,221,63,44,40,3,0,5
1240,689,221,63,44,40,3,0,5
1241,688,221,63,44,40,3,0,6
1242,688,221,63,44,40,3,0,7
1243,688,221,63,44,40,3,0,6
1244,688,221,63,44,40,3,0,6
1245,688,221,63,44,40,3,0,5
1246,688,221,63,44,40,3,0,6
1247,688,221,63,44,40,3,0,7
1248,689,221,63,45,40,3,0,9
1249,689,221,63,45,40,3,0,10
1250,688,221,63,45,40,3,0,11
1251,688,221,63,45,40,3,0,11
1252,688,221,63,45,40,3,0,9
1253,688,221,63,45,40,3,0,6
1254,688,221,63,45,40,3,0,7
1255,688,221,63,45,40,3,0,10
1256,688,220,64,45,40,3,0,15
1257,688,220,64,45,40,3,0,13
1258,688,220,64,45,40,3,0,13
1259,688,221,63,45,40,3,0,12
1260,688,220,63,45,40,3,0,12
1261,688,220,63,45,40,3,0,8
1262,688,220,63,45,40,3,0,6
1263,688,220,63,45,40,3,0,6
1264,688,221,63,44,40,3,0,8
1265,688,221,63,44,40,3,0,9
1266,688,221,63,44,40,3,0,11
1267,688,221,63,44,40,3,0,11
1268,688,221,63,44,40,3,0,9
1269,688,221,63,44,40,3,0,6
1270,688,221,63,44,40,3,0,5
1271,688,221,63,44,40,3,0,6
1272,688,220,64,45,40,3,0,9
1273,688,220,64,45,40,3,0,9
1274,688,220,64,45,40,3,0,9
1275,688,220,64,45,40,3,0,8
1276,688,221,64,45,40,3,0,9
1277,688,221,64,45,40,3,0,12
1278,688,221,64,45,40,3,0,12
1279,688,221,64,45,40,3,0,11
1280,688,220,63,45,40,3,0,10
1281,688,220,63,45,40,3,0,12
1282,688,220,63,45,40,3,0,15
1283,688,220,63,45,40,3,0,18
1284,688,220,63,45,40,3,0,17
1285,688,220,63,45,40,3,0,15
1286,688,220,63,45,40,3,0,10
1287,688,220,63,45,40,3,0,7
1288,688,221,63,44,40,3,0,6
1289,688,221,64,44,40,3,0,8
1290,688,221,63,44,40,3,0,10
1291,688,221,63,44,40,3,0,11
1292,688,221,63,44,40,3,0,9
1293,688,221,63,44,40,3,0,6
1294,688,221,63,44,40,3,0,7
1295,688,221,63,44,40,3,0,11
1296,688,220,63,44,40,3,0,17
1297,688,220,63,44,40,3,0,19
1298,688,220,63,44,40,3,0,20
1299,688,220,63,44,40,3,0,21
1300,688,220,63,44,40,3,0,17
1301,688,220,63,44,40,3,0,13
1302,688,220,63,44,40,3,0,7
1303,688,220,63,44,40,3,0,6
1304,688,220,63,44,40,3,0,5
1305,688,220,63,44,40,3,0,5
1306,688,220,63,44,40,3,0,8
1307,688,220,63,44,40,3,0,12
1308,688,221,64,44,40,3,0,15
1309,688,221,64,44,40,3,0,16
1310,688,221,64,44,40,3,0,16
1311,688,221,64,44,40,3,0,15
1312,688,220,63,45,40,3,0,13
1313,688,220,63,45,40,3,0,9
1314,688,220,63,45,40,3,0,7
1315,688,220,63,45,40,3,0,6
1316,688,220,63,45,40,3,0,4
1317,688,220,63,45,40,3,0,3
1318,688,220,63,45,40,3,0,1
1319,688,220,63,45,40,3,0,1
1320,689,221,63,44,40,3,0,1
1321,689,221,63,44,40,3,0,1
1322,689,221,63,44,40,3,0,1
1323,689,221,63,44,40,3,0,1
1324,689,221,63,44,40,3,0,1
1325,689,221,63,44,40,3,0,0
1326,689,221,63,44,40,3,0,2
1327,689,221,63,44,40,3,0,5
1328,689,221,63,45,40,3,0,9
1329,689,221,63,45,40,3,0,9
1330,689,221,63,45,40,3,0,10
1331,689,220,63,45,40,3,0,10
1332,688,221,64,45,40,3,0,9
1333,688,221,64,45,40,3,0,6
1334,688,221,64,45,40,3,0,4
1335,688,221,64,45,40,3,0,5
1336,689,221,63,44,40,3,0,6
1337,689,221,63,44,40,3,0,7
1338,689,221,63,44,40,3,0,6
1339,689,221,63,44,40,3,0,6
1340,689,221,63,44,40,3,0,5
1341,689,221,63,44,40,3,0,3
1342,689,221,63,44,40,3,0,3
1343,689,221,63,44,40,3,0,4
1344,688,221,64,45,40,3,0,5
1345,688,221,64,45,40,3,0,6
1346,688,221,64,45,40,3,0,6
1347,688,221,64,45,40,3,0,7
1348,688,221,64,45,40,3,0,5
1349,688,221,64,45,40,3,0,4
1350,688,221,64,45,40,3,0,3
1351,688,221,64,45,40,3,0,5
1352,688,221,64,44,40,3,0,7
1353,688,221,64,44,40,3,0,9
1354,688,221,64,44,40,3,0,12
1355,689,221,63,44,40,3,0,15
1356,689,221,63,44,40,3,0,15
1357,689,221,63,44,40,3,0,12
1358,689,221,63,44,40,3,0,7
1359,689,221,63,44,40,3,0,5
1360,689,221,63,44,40,3,0,4
1361,689,221,63,44,40,3,0,4
1362,689,221,63,44,40,3,0,4
1363,689,221,63,44,40,3,0,5
1364,689,221,63,44,40,3,0,4
1365,689,221,63,44,40,3,0,3
1366,689,221,63,44,40,3,0,6
1367,689,221,63,44,40,3,0,9
1368,689,221,64,43,40,3,0,14
1369,689,221,64,43,40,3,0,16
1370,689,221,64,43,40,3,0,17
1371,688,221,64,43,40,3,0,18
1372,688,221,64,43,40,3,0,14
1373,688,221,64,43,40,3,0,10
1374,689,221,64,43,40,3,0,6
1375,689,221,64,43,40,3,0,6
1376,689,221,64,44,40,3,0,6
1377,689,221,64,44,40,3,0,6
1378,689,221,64,44,40,3,0,7
1379,689,221,64,44,40,3,0,7
1380,688,221,64,44,40,3,0,6
1381,688,221,64,44,40,3,0,5
1382,688,221,64,44,40,3,0,3
1383,688,221,64,44,40,3,0,3
1384,688,221,64,44,40,3,0,3
1385,688,221,64,44,40,3,0,3
1386,688,221,64,44,40,3,0,3
1387,688,221,64,44,40,3,0,3
1388,688,221,64,44,40,3,0,3
1389,688,221,64,44,40,3,0,3
1390,688,221,64,44,40,3,0,5
1391,688,221,64,44,40,3,0,7
1392,689,221,64,44,40,3,0,9
1393,689,221,64,44,40,3,0,9
1394,689,221,64,44,40,3,0,9
1395,689,221,64,44,40,3,0,9
1396,689,221,64,44,40,3,0,8
1397,689,221,64,44,40,3,0,6
1398,689,221,64,44,40,3,0,5
1399,689,221,64,44,40,3,0,7
1400,689,221,64,44,40,3,0,8
1401,689,221,64,44,40,3,0,10
1402,689,221,64,44,40,3,0,12
1403,688,221,64,44,40,3,0,13
1404,689,221,64,44,40,3,0,13
1405,689,221,64,44,40,3,0,12
1406,689,221,64,44,40,3,0,9
1407,689,221,64,44,40,3,0,7
1408,689,221,64,44,40,3,0,4
1409,689,221,64,44,40,3,0,3
1410,689,221,63,44,40,3,0,2
1411,689,221,63,44,40,3,0,2
1412,689,221,63,44,40,3,0,2
1413,689,221,63,44,40,3,0,2
1414,689,221,63,44,40,3,0,3
1415,689,221,63,44,40,3,0,3
1416,689,221,63,44,40,3,0,4
1417,689,221,63,44,40,3,0,4
1418,689,221,63,44,40,3,0,3
1419,689,221,63,44,40,3,0,2
1420,689,221,63,44,40,3,0,1
1421,689,221,63,44,40,3,0,0
1422,689,221,63,44,40,3,0,1
1423,689,221,63,44,40,3,0,3
1424,689,221,63,44,40,3,0,5
1425,689,221,63,44,40,3,0,6
1426,689,221,63,44,40,3,0,9
1427,689,221,63,44,40,3,0,13
1428,689,221,63,44,40,3,0,12
1429,689,221,63,44,40,3,0,10
1430,689,221,63,44,40,3,0,7
1431,689,221,63,44,40,3,0,7
1432,689,220,63,44,40,3,0,9
1433,689,220,63,45,40,3,0,12
1434,689,220,63,44,40,3,0,14
1435,689,220,63,44,40,3,0,15
1436,689,220,63,45,40,3,0,12
1437,689,220,63,45,40,3,0,9
1438,689,220,63,45,40,3,0,6
1439,689,220,63,45,40,3,0,6
1440,689,221,63,44,40,3,0,8
1441,689,221,63,44,40,3,0,8
1442,689,221,63,44,40,3,0,8
1443,689,221,63,44,40,3,0,8
1444,689,221,63,44,40,3,0,6
1445,689,221,63,44,40,3,0,4
1446,689,221,63,44,40,3,0,4
1447,689,221,63,44,40,3,0,6
1448,689,221,63,43,40,3,0,9
1449,689,221,63,43,40,3,0,9
1450,689,221,63,43,40,3,0,8
1451,689,221,63,44,40,3,0,6
1452,689,221,63,44,40,3,0,6
1453,689,221,63,44,40,3,0,6
1454,689,221,63,44,40,3,0,6
1455,689,221,63,44,40,3,0,6
1456,689,221,63,44,40,3,0,4
1457,689,221,63,44,40,3,0,2
1458,689,221,63,44,40,3,0,1
1459,688,221,63,44,40,3,0,1
1460,688,221,63,44,40,3,0,2
1461,688,221,63,44,40,3,0,3
1462,689,221,63,44,40,3,0,2
1463,689,221,63,44,40,3,0,2
1464,688,222,63,43,40,3,0,1
1465,689,222,63,43,40,3,0,1
1466,689,222,63,43,40,3,0,0
1467,688,222,63,43,40,3,0,0
1468,688,222,63,43,40,3,0,0
1469,688,222,63,43,40,3,0,1
1470,688,222,63,43,40,3,0,3
1471,688,222,63,42,40,3,0,5
1472,688,221,63,43,40,3,0,7
1473,688,221,63,43,40,3,0,8
1474,688,221,63,43,40,3,0,7
1475,688,221,63,43,40,3,0,6
1476,689,221,63,43,40,3,0,5
1477,689,221,63,43,40,3,0,4
1478,689,221,63,43,40,3,0,3
1479,689,221,63,43,40,3,0,4
1480,689,221,63,43,40,3,0,5
1481,689,221,63,44,40,3,0,6
1482,689,221,63,44,40,3,0,6
1483,689,221,63,44,40,3,0,6
1484,689,221,63,44,40,3,0,5
1485,689,221,63,44,40,3,0,4
1486,689,221,63,44,40,3,0,3
1487,689,221,63,44,40,3,0,3
1488,688,222,63,43,40,3,0,4
1489,688,222,63,43,40,3,0,3
1490,688,222,63,43,40,3,0,4
1491,688,222,63,43,40,3,0,4
1492,689,222,63,43,40,3,0,4
1493,688,222,63,43,40,3,0,3
1494,689,222,63,43,40,3,0,2
1495,689,222,63,43,40,3,0,6
1496,689,222,62,43,40,3,0,11
1497,689,221,62,43,40,3,0,17
1498,689,221,63,43,40,3,0,15
1499,689,221,62,43,40,3,0,11
1500,689,222,62,43,40,3,0,5
1501,689,222,62,43,40,3,0,7
1502,689,222,62,43,40,3,0,8
1503,689,222,62,43,40,3,0,13
1504,689,221,63,43,40,3,0,11
1505,689,222,63,43,40,3,0,10
1506,689,222,63,43,40,3,0,5
1507,689,222,63,43,40,3,0,3
1508,689,222,63,43,40,3,0,6
1509,689,222,63,43,40,3,0,7
1510,689,222,63,43,40,3,0,8
1511,689,222,63,43,40,3,0,5
1512,689,221,63,44,40,3,0,5
1513,689,221,63,44,40,3,0,4
1514,689,221,63,44,40,3,0,3
1515,689,221,63,44,40,3,0,2
1516,688,221,63,44,40,3,0,2
1517,689,221,63,44,40,3,0,1
1518,689,221,64,44,40,3,0,1
1519,689,221,64,44,40,3,0,1
1520,689,221,63,44,40,3,0,1
1521,689,221,63,44,40,3,0,1
1522,689,221,63,44,40,3,0,4
1523,689,221,63,44,40,3,0,5
1524,689,220,64,45,40,3,0,8
1525,689,221,64,45,40,3,0,7
1526,689,221,64,45,40,3,0,8
1527,689,221,64,45,40,3,0,7
1528,689,220,63,45,40,3,0,6
1529,689,220,63,45,40,3,0,7
1530,689,220,63,45,40,3,0,9
1531,689,220,63,45,40,3,0,13
1532,689,220,63,45,40,3,0,11
1533,689,220,63,45,40,3,0,8
1534,689,220,63,45,40,3,0,6
1535,689,220,63,45,40,3,0,7
1536,689,222,62,43,40,3,0,9
1537,689,222,62,43,40,3,0,9
1538,689,222,62,43,40,3,0,8
1539,689,222,62,43,40,3,0,7
1540,689,222,62,43,40,3,0,5
1541,689,222,62,43,40,3,0,4
1542,689,222,62,43,40,3,0,6
1543,689,222,62,43,40,3,0,9
1544,689,221,63,43,40,3,0,12
1545,689,221,63,43,40,3,0,13
1546,689,221,62,43,40,3,0,13
1547,689,221,62,43,40,3,0,14
1548,689,221,63,43,40,3,0,12
1549,689,221,63,43,40,3,0,10
1550,689,221,63,43,40,3,0,7
1551,689,221,63,43,40,3,0,8
1552,689,221,62,44,40,3,0,10
1553,689,221,62,44,40,3,0,12
1554,689,221,62,44,40,3,0,14
1555,689,221,62,44,40,3,0,15
1556,689,221,62,44,40,3,0,13
1557,689,221,62,44,40,3,0,9
1558,689,221,63,44,40,3,0,9
1559,689,221,62,44,40,3,0,12
1560,689,221,63,45,40,3,0,17
1561,689,221,63,45,40,3,0,19
1562,689,221,63,45,40,3,0,17
1563,689,221,64,45,40,3,0,15
1564,689,221,63,44,40,3,0,10
1565,689,221,63,44,40,3,0,7
1566,689,221,63,44,40,3,0,8
1567,689,221,63,44,40,3,0,11
1568,688,220,64,45,40,3,0,15
1569,688,220,64,45,40,3,0,16
1570,688,220,64,45,40,3,0,13
1571,688,220,64,45,40,3,0,10
1572,689,221,63,44,40,3,0,10
1573,689,221,63,44,40,3,0,14
1574,689,221,64,44,40,3,0,16
1575,689,221,63,45,40,3,0,14
1576,688,220,64,45,40,3,0,10
1577,688,220,64,45,40,3,0,8
1578,688,220,64,45,40,3,0,8
1579,688,220,64,45,40,3,0,9
1580,688,220,64,45,40,3,0,9
1581,688,220,64,45,40,3,0,7
1582,688,220,64,45,40,3,0,7
1583,688,220,64,45,40,3,0,8
1584,688,220,64,46,40,3,0,11
1585,688,220,64,46,40,3,0,10
1586,688,220,64,46,40,3,0,12
1587,688,220,64,45,40,3,0,13
1588,688,220,64,46,40,3,0,13
1589,688,220,64,46,40,3,0,9
1590,688,220,64,45,40,3,0,5
1591,689,220,64,46,40,3,0,3
1592,689,220,63,45,40,3,0,2
1593,689,220,63,46,40,3,0,6
1594,689,220,63,46,40,3,0,7
1595,689,221,63,45,40,3,0,8
1596,689,220,63,45,40,3,0,5
1597,689,220,63,45,40,3,0,5
1598,689,220,63,45,40,3,0,7
1599,689,220,63,45,40,3,0,9
1600,689,221,63,45,40,3,0,14
1601,689,220,63,46,40,3,0,16
1602,689,221,63,46,40,3,0,19
1603,689,221,63,45,40,3,0,21
1604,689,221,63,46,40,3,0,18
1605,689,221,63,46,40,3,0,17
1606,689,221,63,46,40,3,0,13
1607,689,221,63,46,40,3,0,13
1608,689,221,63,45,40,3,0,8
1609,689,221,63,45,40,3,0,6
1610,689,221,63,45,40,3,0,4
1611,689,221,63,45,40,3,0,4
1612,689,221,63,45,40,3,0,3
1613,689,221,63,45,40,3,0,2
1614,689,221,63,45,40,3,0,4
1615,689,221,63,45,40,3,0,8
1616,689,220,63,46,40,3,0,16
1617,689,220,63,46,40,3,0,19
1618,689,220,63,45,40,3,0,20
1619,689,220,63,45,40,3,0,17
1620,689,221,62,45,40,3,0,12
1621,688,221,63,45,40,3,0,9
1622,688,221,63,45,40,3,0,6
1623,689,221,62,44,40,3,0,8
1624,689,221,62,44,40,3,0,8
1625,689,221,63,45,40,3,0,8
1626,689,221,63,45,40,3,0,6
1627,689,220,63,45,40,3,0,5
1628,689,221,64,45,40,3,0,6
1629,689,220,64,45,40,3,0,5
1630,689,221,64,45,40,3,0,6
1631,689,221,63,45,40,3,0,4
1632,689,221,62,45,40,3,0,3
1633,689,221,62,45,40,3,0,5
1634,689,221,63,45,40,3,0,6
1635,689,221,62,45,40,3,0,7
1636,689,221,62,45,40,3,0,4
1637,689,221,62,45,40,3,0,3
1638,689,221,62,45,40,3,0,7
1639,689,221,62,45,40,3,0,12
1640,689,220,63,45,40,3,0,18
1641,689,220,63,45,40,3,0,19
1642,689,220,63,45,40,3,0,17
1643,689,220,63,45,40,3,0,14
1644,688,221,63,44,40,3,0,11
1645,688,221,63,44,40,3,0,10
1646,688,221,63,44,40,3,0,8
1647,688,221,63,44,40,3,0,7
1648,689,220,63,45,40,3,0,5
1649,689,220,63,45,40,3,0,5
1650,689,220,63,45,40,3,0,5
1651,689,220,63,45,40,3,0,5
1652,689,220,63,45,40,3,0,5
1653,689,220,63,45,40,3,0,8
1654,689,220,63,45,40,3,0,9
1655,689,221,63,45,40,3,0,11
1656,689,221,63,44,40,3,0,9
1657,689,221,63,44,40,3,0,10
1658,689,221,63,44,40,3,0,10
1659,689,221,63,44,40,3,0,10
1660,689,221,63,44,40,3,0,7
1661,689,221,63,44,40,3,0,5
1662,689,221,63,44,40,3,0,4
1663,689,221,63,44,40,3,0,4
1664,689,221,63,45,40,3,0,6
1665,689,221,63,45,40,3,0,6
1666,689,221,63,45,40,3,0,7
1667,689,221,63,45,40,3,0,7
1668,689,221,63,45,40,3,0,6
1669,689,221,63,45,40,3,0,4
1670,689,221,63,45,40,3,0,2
1671,689,221,63,45,40,3,0,1
1672,689,221,63,45,40,3,0,1
1673,689,221,63,45,40,3,0,0
1674,689,221,63,45,40,3,0,0
1675,689,221,63,45,40,3,0,0
1676,689,221,63,45,40,3,0,0
1677,689,221,63,45,40,3,0,0
1678,689,221,63,45,40,3,0,2
1679,689,221,63,45,40,3,0,4
1680,689,220,62,45,40,3,0,7
1681,689,220,62,45,40,3,0,8
1682,689,220,62,45,40,3,0,9
1683,689,220,62,45,40,3,0,10
1684,689,220,62,45,40,3,0,8
1685,689,220,62,45,40,3,0,6
1686,689,220,62,45,40,3,0,3
1687,689,220,62,45,40,3,0,2
1688,689,220,62,45,40,3,0,2
1689,689,220,62,45,40,3,0,5
1690,689,220,62,45,40,3,0,8
1691,689,221,62,45,40,3,0,13
1692,689,221,63,45,40,3,0,14
1693,689,221,63,45,40,3,0,15
1694,689,221,63,45,40,3,0,16
1695,689,221,63,45,40,3,0,14
1696,689,221,63,45,40,3,0,11
1697,689,221,62,45,40,3,0,7
1698,689,221,62,45,40,3,0,7
1699,689,221,62,45,40,3,0,7
1700,689,221,63,45,40,3,0,5
1701,689,221,63,45,40,3,0,3
1702,689,221,63,45,40,3,0,1
1703,689,221,63,45,40,3,0,0
1704,689,221,62,45,40,3,0,0
1705,689,221,62,45,40,3,0,0
1706,689,221,62,45,40,3,0,0
1707,689,221,62,45,40,3,0,0
1708,689,221,62,45,40,3,0,0
1709,689,221,62,45,40,3,0,0
1710,689,221,62,45,40,3,0,0
1711,689,221,62,45,40,3,0,0
1712,689,221,62,45,40,3,0,0
1713,689,221,61,45,40,3,0,0
1714,689,221,61,45,40,3,0,0
1715,689,221,62,45,40,3,0,0
1716,689,221,62,45,40,3,0,0
1717,689,221,62,45,40,3,0,0
1718,689,221,62,45,40,3,0,1
1719,689,221,62,45,40,3,0,3
1720,689,221,62,44,40,3,0,5
1721,689,221,62,44,40,3,0,7
1722,689,221,62,44,40,3,0,7
1723,689,221,62,44,40,3,0,7
1724,689,221,62,44,40,3,0,6
1725,689,221,63,44,40,3,0,4
1726,689,221,62,44,40,3,0,4
1727,689,221,62,44,40,3,0,5
1728,688,221,63,45,40,3,0,7
1729,688,221,63,45,40,3,0,8
1730,688,221,63,45,40,3,0,9
1731,688,221,63,45,40,3,0,10
1732,688,221,63,45,40,3,0,8
1733,688,221,63,45,40,3,0,6
1734,688,221,63,45,40,3,0,6
1735,688,221,63,45,40,3,0,9
1736,689,221,63,44,40,3,0,12
1737,689,221,63,44,40,3,0,13
1738,689,221,63,44,40,3,0,11
1739,689,221,63,44,40,3,0,9
1740,688,221,63,45,40,3,0,7
1741,688,221,63,45,40,3,0,8
1742,688,221,63,45,40,3,0,9
1743,688,221,63,45,40,3,0,9
1744,689,221,62,45,40,3,0,8
1745,689,221,62,45,40,3,0,7
1746,689,221,63,45,40,3,0,4
1747,689,221,63,45,40,3,0,3
1748,689,221,63,45,40,3,0,2
1749,689,221,63,45,40,3,0,3
1750,688,221,63,44,40,3,0,3
1751,688,221,63,44,40,3,0,3
1752,688,221,63,45,40,3,0,2
1753,688,221,63,45,40,3,0,1
1754,688,221,63,45,40,3,0,2
1755,688,221,64,45,40,3,0,5
1756,688,221,63,45,40,3,0,6
1757,688,221,63,45,40,3,0,6
1758,688,221,63,45,40,3,0,5
1759,688,221,63,45,40,3,0,5
1760,688,221,64,45,40,3,0,6
1761,688,221,63,45,40,3,0,5
1762,688,221,63,45,40,3,0,6
1763,688,221,63,45,40,3,0,5
1764,689,221,62,45,40,3,0,6
1765,689,221,62,45,40,3,0,8
1766,689,221,62,45,40,3,0,10
1767,689,221,62,45,40,3,0,11
1768,689,221,63,45,40,3,0,9
1769,689,221,63,45,40,3,0,6
1770,689,221,63,45,40,3,0,3
1771,689,221,63,45,40,3,0,2
1772,689,221,63,45,40,3,0,1
1773,689,221,63,45,40,3,0,1
1774,689,221,63,45,40,3,0,4
1775,689,221,63,45,40,3,0,7
1776,689,221,62,44,40,3,0,11
1777,689,221,62,44,40,3,0,12
1778,689,221,62,44,40,3,0,13
1779,689,221,62,44,40,3,0,14
1780,689,221,62,44,40,3,0,12
1781,689,221,62,44,40,3,0,9
1782,689,221,62,44,40,3,0,5
1783,689,221,62,44,40,3,0,5
1784,688,221,62,44,40,3,0,6
1785,688,221,63,44,40,3,0,7
1786,688,221,63,44,40,3,0,8
1787,688,221,62,44,40,3,0,10
1788,689,221,62,45,40,3,0,11
1789,689,221,62,45,40,3,0,11
1790,689,221,62,45,40,3,0,10
1791,689,221,62,45,40,3,0,9
1792,689,221,62,45,40,3,0,8
1793,689,221,62,45,40,3,0,7
1794,689,221,62,45,40,3,0,5
1795,689,221,63,45,40,3,0,4
1796,689,221,62,45,40,3,0,3
1797,689,221,62,45,40,3,0,2
1798,689,221,62,45,40,3,0,3
1799,689,221,62,45,40,3,0,5
1800,688,221,63,44,40,3,0,8
1801,688,221,63,44,40,3,0,9
1802,688,221,63,44,40,3,0,10
1803,688,221,63,44,40,3,0,11
1804,688,221,63,44,40,3,0,9
1805,688,221,64,44,40,3,0,6
1806,688,221,63,44,40,3,0,4
1807,688,221,63,44,40,3,0,3
1808,688,221,64,44,40,3,0,3
1809,688,221,63,44,40,3,0,2
1810,688,221,63,44,40,3,0,3
1811,688,221,64,44,40,3,0,4
1812,689,221,63,44,40,3,0,4
1813,689,221,63,44,40,3,0,4
1814,689,221,63,44,40,3,0,3
1815,689,221,63,44,40,3,0,3
1816,689,221,62,44,40,3,0,3
1817,689,221,62,44,40,3,0,2
1818,689,221,62,44,40,3,0,2
1819,688,221,63,44,40,3,0,3
1820,689,221,63,44,40,3,0,3
1821,689,221,63,44,40,3,0,3
1822,689,221,62,44,40,3,0,3
1823,689,221,63,44,40,3,0,3
1824,688,221,63,45,40,3,0,3
1825,688,221,63,45,40,3,0,3
1826,689,221,63,44,40,3,0,6
1827,688,221,63,44,40,3,0,6
1828,688,221,63,44,40,3,0,5
1829,688,221,63,44,40,3,0,2
1830,688,221,63,45,40,3,0,3
1831,689,221,63,44,40,3,0,4
1832,689,221,63,45,40,3,0,7
1833,688,221,63,45,40,3,0,7
1834,689,221,63,45,40,3,0,7
1835,689,221,63,45,40,3,0,8
1836,689,221,63,45,40,3,0,8
1837,689,221,63,45,40,3,0,9
1838,689,221,63,45,40,3,0,5
1839,689,221,63,45,40,3,0,3
1840,689,221,62,45,40,3,0,2
1841,689,221,62,45,40,3,0,2
1842,689,221,63,45,40,3,0,2
1843,689,221,63,45,40,3,0,2
1844,689,221,62,45,40,3,0,2
1845,689,221,63,45,40,3,0,2
1846,689,221,63,45,40,3,0,2
1847,689,221,63,45,40,3,0,4
1848,689,221,63,45,40,3,0,6
1849,689,221,64,45,40,3,0,9
1850,689,221,64,45,40,3,0,11
1851,689,221,64,44,40,3,0,10
1852,689,221,64,44,40,3,0,7
1853,689,221,64,45,40,3,0,5
1854,689,221,64,45,40,3,0,4
1855,689,221,64,45,40,3,0,4
1856,689,221,64,45,40,3,0,7
1857,689,221,64,45,40,3,0,11
1858,689,221,64,45,40,3,0,12
1859,689,221,63,45,40,3,0,9
1860,688,221,63,45,40,3,0,6
1861,688,221,63,45,40,3,0,4
1862,688,221,63,45,40,3,0,3
1863,688,221,63,45,40,3,0,2
1864,689,221,62,45,40,3,0,2
1865,689,221,62,45,40,3,0,2
1866,689,221,62,45,40,3,0,2
1867,689,221,62,45,40,3,0,2
1868,689,221,62,45,40,3,0,1
1869,689,221,62,45,40,3,0,1
1870,689,221,62,45,40,3,0,5
1871,689,221,62,45,40,3,0,10
1872,688,221,64,44,40,3,0,16
1873,688,221,64,44,40,3,0,18
1874,688,221,64,44,40,3,0,19
1875,688,221,64,44,40,3,0,19
1876,688,221,64,44,40,3,0,17
1877,689,221,64,44,40,3,0,15
1878,688,221,64,45,40,3,0,12
1879,688,221,64,45,40,3,0,12
1880,688,221,63,45,40,3,0,11
1881,688,221,63,45,40,3,0,10
1882,689,221,63,45,40,3,0,8
1883,689,221,63,45,40,3,0,6
1884,688,221,63,45,40,3,0,4
1885,688,221,63,45,40,3,0,4
1886,688,221,63,45,40,3,0,5
1887,688,221,63,45,40,3,0,7
1888,689,220,62,45,40,3,0,10
1889,688,220,63,45,40,3,0,14
1890,689,220,62,45,40,3,0,14
1891,689,220,62,45,40,3,0,13
1892,689,220,62,46,40,3,0,9
1893,689,220,62,45,40,3,0,8
1894,689,220,62,46,40,3,0,10
1895,689,220,62,46,40,3,0,11
1896,688,221,63,45,40,3,0,13
1897,688,220,63,45,40,3,0,8
1898,688,221,63,45,40,3,0,7
1899,688,220,63,45,40,3,0,3
1900,688,220,63,45,40,3,0,5
1901,688,220,62,46,40,3,0,5
1902,688,220,62,46,40,3,0,6
1903,688,220,62,46,40,3,0,7
1904,689,221,62,45,40,3,0,11
1905,689,221,62,45,40,3,0,16
1906,689,221,62,45,40,3,0,18
1907,689,221,62,45,40,3,0,19
1908,688,221,63,45,40,3,0,16
1909,688,221,63,45,40,3,0,17
1910,688,221,63,45,40,3,0,13
1911,688,220,63,46,40,3,0,12
1912,689,221,62,45,40,3,0,6
1913,689,221,62,45,40,3,0,4
1914,689,221,62,45,40,3,0,3
1915,689,221,62,45,40,3,0,7
1916,689,221,62,45,40,3,0,8
1917,689,221,62,45,40,3,0,8
1918,689,221,62,45,40,3,0,4
1919,689,221,62,45,40,3,0,3
1920,689,221,62,45,40,3,0,2
1921,689,221,62,45,40,3,0,2
1922,689,221,63,45,40,3,0,1
1923,689,221,63,45,40,3,0,1
1924,689,221,63,45,40,3,0,1
1925,689,221,63,45,40,3,0,1
1926,689,221,63,45,40,3,0,1
1927,689,221,63,45,40,3,0,1
0,670,133,55,51,56,6,5,118
1,670,133,56,51,56,6,5,118
2,670,133,56,51,56,6,5,98
3,671,133,56,51,56,6,5,79
4,671,133,56,51,56,6,5,62
5,670,133,56,51,56,6,5,61
6,670,133,56,51,56,6,5,63
7,670,133,56,51,56,6,5,64
8,670,133,57,51,56,6,5,68
9,670,133,57,51,56,6,5,69
10,670,133,57,51,56,6,5,70
11,670,133,57,51,56,6,5,71
12,670,133,56,51,56,6,5,75
13,670,133,56,51,56,6,5,73
14,670,133,56,51,56,6,5,73
15,670,133,56,51,56,6,5,67
16,670,133,56,51,56,6,5,68
17,670,133,56,51,56,6,5,67
18,670,133,56,51,56,6,5,67
19,670,133,57,51,56,6,5,67
20,670,133,56,51,56,6,5,69
21,670,133,56,51,56,6,5,57
22,670,133,56,51,56,6,5,45
23,670,133,56,51,56,6,5,28
24,670,132,56,51,56,6,5,24
25,670,132,56,51,56,6,5,20
26,670,132,56,51,56,6,5,19
27,670,132,56,51,56,6,5,18
28,670,132,56,51,56,6,5,20
29,670,132,56,51,56,6,5,25
30,670,132,56,51,56,6,5,30
31,670,132,56,51,56,6,5,32
32,670,133,56,51,56,6,5,31
33,670,132,56,51,56,6,5,31
34,670,132,56,51,56,6,5,31
35,670,132,56,51,56,6,5,31
36,670,133,56,51,56,6,5,31
37,670,133,56,51,56,6,5,31
38,670,133,56,51,56,6,5,31
39,670,133,56,51,56,6,5,31
40,670,133,57,51,56,6,5,29
41,670,133,57,51,56,6,5,27
42,670,133,57,51,56,6,5,25
43,670,133,57,51,56,6,5,41
44,670,133,56,51,56,6,5,49
45,670,133,57,51,56,6,5,58
46,670,133,57,51,56,6,5,49
47,670,133,57,51,56,6,5,49
48,671,132,56,51,56,6,5,47
49,671,132,56,51,56,6,5,47
50,671,132,56,51,56,6,5,47
51,671,132,56,51,56,6,5,47
52,671,132,56,51,56,6,5,47
53,671,133,56,51,56,6,5,48
54,671,133,56,51,56,6,5,49
55,671,133,56,51,56,6,5,50
56,670,132,56,51,56,6,5,50
57,670,132,56,51,56,6,5,50
58,670,132,56,51,56,6,5,50
59,670,132,56,51,56,6,5,50
60,670,132,56,51,56,6,5,51
61,670,132,56,51,56,6,5,47
62,670,132,56,51,56,6,5,40
63,670,132,56,51,56,6,5,30
64,670,132,56,51,56,6,5,24
65,670,132,56,51,56,6,5,21
66,670,132,56,51,56,6,5,19
67,670,132,56,51,56,6,5,18
68,670,132,56,51,56,6,5,16
69,670,132,56,51,56,6,5,24
70,670,132,56,51,56,6,5,31
71,670,132,56,51,56,6,5,42
72,671,133,56,51,56,6,5,42
73,671,133,56,51,56,6,5,44
74,671,133,56,51,56,6,5,44
75,671,133,56,51,56,6,5,45
76,670,133,56,51,56,6,5,42
77,670,133,56,51,56,6,5,60
78,670,133,56,51,56,6,5,74
79,671,133,56,51,56,6,5,94
80,670,133,56,51,56,6,5,92
81,671,133,56,51,56,6,5,96
82,671,133,56,51,56,6,5,96
83,671,133,56,51,56,6,5,97
84,671,132,55,51,56,6,5,97
85,671,132,55,51,56,6,5,97
86,671,132,55,51,56,6,5,89
87,671,132,56,51,56,6,5,85
88,671,133,56,51,56,6,5,75
89,671,133,56,51,56,6,5,73
90,671,133,56,51,56,6,5,66
91,671,133,56,51,56,6,5,64
92,671,133,56,51,56,6,5,58
93,671,133,56,51,56,6,5,48
94,671,133,56,51,56,6,5,47
95,671,133,56,51,56,6,5,61
96,670,133,57,51,56,6,5,84
97,670,133,57,51,56,6,5,94
98,670,133,57,51,56,6,5,93
99,670,133,57,51,56,6,5,88
100,670,133,57,51,56,6,5,80
101,670,133,57,51,56,6,5,90
102,670,133,57,51,56,6,5,77
103,670,133,57,51,56,6,5,69
104,671,133,56,51,56,6,5,39
105,671,133,56,51,56,6,5,37
106,671,133,56,51,56,6,5,62
107,671,133,56,51,56,6,5,86
108,670,133,57,51,56,6,5,112
109,670,133,57,51,56,6,5,113
110,670,133,57,51,56,6,5,109
111,670,133,57,51,56,6,5,117
112,670,133,56,51,56,6,5,121
113,670,133,56,51,56,6,5,136
114,670,133,56,51,56,6,5,134
115,670,133,57,51,56,6,5,137
116,670,133,56,51,56,6,5,132
117,670,133,56,51,56,6,5,120
118,670,133,56,51,56,6,5,97
119,670,133,56,51,56,6,5,76
120,670,132,57,51,56,6,5,59
121,670,132,57,51,56,6,5,52
122,670,132,57,51,56,6,5,47
123,670,132,57,51,56,6,5,45
124,670,132,57,51,56,6,5,43
125,670,132,57,51,56,6,5,42
126,670,133,57,51,56,6,5,42
127,670,133,57,51,56,6,5,42
128,670,133,56,51,56,6,5,42
129,670,133,56,51,56,6,5,42
130,670,133,56,51,56,6,5,42
131,670,133,56,51,56,6,5,42
132,671,133,56,51,56,6,5,42
133,671,133,55,51,56,6,5,42
134,671,133,56,51,56,6,5,42
135,671,133,56,51,56,6,5,42
136,671,133,56,51,56,6,5,42
137,671,133,56,51,56,6,5,42
138,671,133,56,51,56,6,5,42
139,671,133,56,51,56,6,5,42
140,671,133,56,51,56,6,5,34
141,671,133,56,51,56,6,5,33
142,671,133,56,51,56,6,5,38
143,671,133,56,51,56,6,5,53
144,671,132,56,51,56,6,5,63
145,671,132,56,51,56,6,5,68
146,670,132,56,51,56,6,5,71
147,670,132,56,51,56,6,5,72
148,670,132,56,51,56,6,5,73
149,670,132,56,51,56,6,5,80
150,671,132,56,51,56,6,5,92
151,671,132,56,51,56,6,5,110
152,671,132,56,51,56,6,5,117
153,671,132,56,51,56,6,5,118
154,671,133,55,51,56,6,5,112
155,671,133,56,51,56,6,5,111
156,671,133,56,51,56,6,5,110
157,671,133,56,51,56,6,5,109
158,671,133,56,51,56,6,5,109
159,671,133,56,51,56,6,5,109
160,671,132,56,51,56,6,5,109
161,672,132,56,51,56,6,5,109
162,672,132,56,51,56,6,5,109
163,672,132,56,51,56,6,5,109
164,671,132,56,51,56,6,5,101
165,671,132,56,51,56,6,5,95
166,671,132,56,51,56,6,5,86
167,671,132,56,51,56,6,5,85
168,670,133,57,51,56,6,5,81
169,670,133,57,51,56,6,5,80
170,670,133,57,51,56,6,5,79
171,670,133,57,51,56,6,5,78
172,669,133,57,51,56,6,5,76
173,670,133,57,51,56,6,5,66
174,670,133,57,51,56,6,5,58
175,670,133,57,51,56,6,5,52
176,670,133,57,51,56,6,5,52
177,670,133,57,51,56,6,5,51
178,670,133,57,51,56,6,5,51
179,670,133,57,51,56,6,5,51
180,670,132,56,51,56,6,5,51
181,671,132,56,51,56,6,5,51
182,671,132,56,51,56,6,5,51
183,671,132,56,51,56,6,5,51
184,670,132,57,51,56,6,5,51
185,671,132,56,51,56,6,5,51
186,670,132,57,51,56,6,5,54
187,670,132,56,51,56,6,5,66
188,670,132,57,51,56,6,5,89
189,670,132,57,51,56,6,5,113
190,670,132,56,51,56,6,5,128
191,670,132,57,51,56,6,5,134
192,671,133,56,51,56,6,5,137
193,671,133,56,51,56,6,5,138
194,671,133,56,51,56,6,5,139
195,671,133,56,51,56,6,5,140
196,671,133,56,51,56,6,5,140
197,671,133,56,51,56,6,5,140
198,671,133,56,51,56,6,5,140
199,671,133,56,51,56,6,5,140
200,670,133,57,51,56,6,5,140
201,671,133,56,51,56,6,5,138
202,671,133,56,51,56,6,5,127
203,671,133,56,51,56,6,5,113
204,671,133,56,51,56,6,5,90
205,671,133,56,51,56,6,5,92
206,671,133,56,51,56,6,5,85
207,671,133,56,51,56,6,5,90
208,670,133,57,51,56,6,5,78
209,670,133,56,51,56,6,5,76
210,670,133,56,51,56,6,5,74
211,670,133,56,51,56,6,5,73
212,671,133,56,51,56,6,5,60
213,670,133,56,51,56,6,5,62
214,670,133,56,51,56,6,5,57
215,670,133,56,51,56,6,5,65
216,670,132,57,51,56,6,5,56
217,670,132,57,51,56,6,5,56
218,670,132,57,51,56,6,5,54
219,670,133,57,51,56,6,5,54
220,670,133,57,51,56,6,5,45
221,670,133,57,51,56,6,5,32
222,670,132,57,51,56,6,5,27
223,670,132,57,51,56,6,5,32
224,670,133,57,51,56,6,5,43
225,670,133,57,51,56,6,5,46
226,670,133,57,51,56,6,5,49
227,670,133,57,51,56,6,5,50
228,670,133,57,51,56,6,5,51
229,670,133,57,51,56,6,5,62
230,670,133,57,51,56,6,5,67
231,670,133,57,51,56,6,5,74
232,670,133,56,51,56,6,5,69
233,671,133,56,51,56,6,5,70
234,671,133,56,51,56,6,5,69
235,671,133,56,51,56,6,5,69
236,671,133,56,51,56,6,5,61
237,671,133,56,51,56,6,5,48
238,671,133,56,51,56,6,5,43
239,671,133,56,51,56,6,5,67
240,671,133,56,51,56,6,5,87
241,671,133,56,51,56,6,5,101
242,671,133,56,51,56,6,5,93
243,671,133,56,51,56,6,5,95
244,671,133,56,51,56,6,5,94
245,671,133,56,51,56,6,5,89
246,671,133,56,51,56,6,5,83
247,671,133,56,51,56,6,5,75
248,671,133,56,51,56,6,5,72
249,671,133,56,51,56,6,5,70
250,670,133,57,51,56,6,5,69
251,670,133,57,51,56,6,5,63
252,671,133,57,51,56,6,5,66
253,671,133,57,51,56,6,5,70
254,671,133,57,51,56,6,5,81
255,671,133,57,51,56,6,5,84
256,671,132,56,51,56,6,5,87
257,671,132,56,51,56,6,5,88
258,671,132,56,51,56,6,5,89
259,671,132,56,51,56,6,5,90
260,671,132,56,51,56,6,5,90
261,671,132,56,51,56,6,5,100
262,670,132,56,51,56,6,5,88
263,670,132,56,51,56,6,5,75
264,671,132,56,51,56,6,5,48
265,671,132,56,51,56,6,5,50
266,671,132,56,51,56,6,5,69
267,671,132,56,51,56,6,5,97
268,671,132,56,51,56,6,5,95
269,671,132,56,51,56,6,5,73
270,671,132,56,51,56,6,5,46
271,671,132,56,51,56,6,5,43
272,671,133,56,51,56,6,5,43
273,671,133,56,51,56,6,5,42
274,671,133,56,51,56,6,5,42
275,671,133,56,51,56,6,5,42
276,671,133,56,51,56,6,5,47
277,671,133,56,51,56,6,5,55
278,671,133,56,51,56,6,5,59
279,671,133,56,51,56,6,5,57
280,670,132,56,51,56,6,5,52
281,670,132,56,51,56,6,5,50
282,670,132,56,51,56,6,5,49
283,670,132,56,51,56,6,5,48
284,670,132,56,51,56,6,5,43
285,671,132,56,51,56,6,5,42
286,670,132,56,51,56,6,5,37
287,670,132,56,51,56,6,5,44
288,671,132,55,51,56,6,5,37
289,671,132,55,51,56,6,5,39
290,671,132,55,51,56,6,5,29
291,671,132,55,51,56,6,5,30
292,671,132,55,51,56,6,5,28
293,671,132,55,51,56,6,5,27
294,671,132,55,51,56,6,5,26
295,671,132,55,51,56,6,5,25
296,670,133,56,51,56,6,5,24
297,670,132,56,51,56,6,5,33
298,670,132,56,51,56,6,5,49
299,670,132,56,51,56,6,5,71
300,670,132,57,51,56,6,5,85
301,670,132,57,51,56,6,5,92
302,670,132,57,51,56,6,5,103
303,670,132,57,51,56,6,5,102
304,670,132,57,51,56,6,5,98
305,670,132,57,51,56,6,5,89
306,670,132,57,51,56,6,5,84
307,670,132,57,51,56,6,5,80
308,670,132,57,51,56,6,5,67
309,670,133,56,51,56,6,5,55
310,670,132,56,51,56,6,5,46
311,670,132,56,51,56,6,5,39
312,670,132,56,51,56,6,5,33
313,670,132,56,51,56,6,5,23
314,670,132,56,51,56,6,5,16
315,670,132,57,51,56,6,5,17
316,670,132,57,51,56,6,5,16
317,670,132,57,51,56,6,5,15
318,670,132,57,51,56,6,5,11
319,670,132,57,51,56,6,5,9
320,670,132,56,51,56,6,5,10
321,670,132,56,51,56,6,5,10
322,670,132,56,51,56,6,5,10
323,670,132,56,51,56,6,5,10
324,670,132,56,51,56,6,5,12
325,670,132,56,51,56,6,5,17
326,670,132,56,51,56,6,5,30
327,670,132,56,51,56,6,5,42
328,670,132,56,51,56,6,5,59
329,670,132,56,51,56,6,5,79
330,670,132,56,51,56,6,5,108
331,670,132,56,51,56,6,5,133
332,670,132,56,51,56,6,5,119
333,670,132,56,51,56,6,5,92
334,670,132,56,51,56,6,5,65
335,670,132,57,51,56,6,5,73
336,670,132,56,51,56,6,5,87
337,670,132,56,51,56,6,5,98
338,670,132,56,51,56,6,5,105
339,670,132,56,51,56,6,5,109
340,670,132,56,51,56,6,5,113
341,670,132,56,51,56,6,5,112
342,670,132,56,51,56,6,5,95
343,670,132,56,51,56,6,5,67
344,671,132,56,51,56,6,5,38
345,670,132,56,51,56,6,5,24
346,671,132,56,51,56,6,5,40
347,670,132,56,51,56,6,5,69
348,671,132,56,51,56,6,5,96
349,671,132,56,51,56,6,5,102
350,671,132,56,51,56,6,5,100
351,671,132,56,51,56,6,5,101
352,670,133,57,51,56,6,5,100
353,670,133,57,51,56,6,5,100
354,670,133,57,51,56,6,5,100
355,669,133,57,51,56,6,5,100
356,670,133,57,51,56,6,5,92
357,670,133,57,51,56,6,5,80
358,670,133,57,51,56,6,5,63
359,670,133,57,51,56,6,5,52
360,670,132,57,51,56,6,5,43
361,670,132,57,51,56,6,5,39
362,670,132,57,51,56,6,5,36
363,670,132,57,51,56,6,5,35
364,670,132,57,51,56,6,5,31
365,670,132,57,51,56,6,5,38
366,670,132,56,51,56,6,5,56
367,670,132,57,51,56,6,5,81
368,670,133,57,51,56,6,5,98
369,669,133,58,51,56,6,5,106
370,670,133,57,51,56,6,5,111
371,670,133,57,51,56,6,5,114
372,670,133,57,51,56,6,5,115
373,670,133,57,51,56,6,5,116
374,670,133,57,51,56,6,5,125
375,670,133,57,51,56,6,5,121
376,670,133,57,51,56,6,5,113
377,670,133,57,51,56,6,5,89
378,670,133,57,51,56,6,5,78
379,669,133,58,51,56,6,5,92
380,669,133,57,51,56,6,5,82
381,670,133,57,51,56,6,5,78
382,670,133,57,51,56,6,5,52
383,670,133,57,51,56,6,5,58
384,670,132,56,51,56,6,5,57
385,670,132,56,51,56,6,5,58
386,670,132,56,51,56,6,5,58
387,670,132,56,51,56,6,5,58
388,670,132,56,51,56,6,5,58
389,671,132,56,51,56,6,5,58
390,671,132,56,51,56,6,5,61
391,670,132,56,51,56,6,5,72
392,671,132,56,51,56,6,5,91
393,671,132,55,51,56,6,5,97
394,671,132,55,51,56,6,5,87
395,671,132,55,51,56,6,5,69
396,671,132,55,51,56,6,5,73
397,671,132,55,51,56,6,5,82
398,671,132,55,51,56,6,5,88
399,671,132,55,51,56,6,5,70
400,671,132,56,51,56,6,5,61
401,671,132,56,51,56,6,5,53
402,671,132,56,51,56,6,5,64
403,671,133,56,51,56,6,5,74
404,671,132,56,51,56,6,5,82
405,671,132,56,51,56,6,5,82
406,671,132,56,51,56,6,5,91
407,671,132,56,51,56,6,5,104
408,669,132,58,51,56,6,5,117
409,669,132,57,51,56,6,5,122
410,670,132,57,51,56,6,5,121
411,670,132,57,51,56,6,5,114
412,670,132,57,51,56,6,5,89
413,670,132,57,51,56,6,5,67
414,669,132,57,51,56,6,5,46
415,670,132,57,51,56,6,5,40
416,670,132,57,51,56,6,5,35
417,670,132,57,51,56,6,5,33
418,670,132,57,51,56,6,5,37
419,670,132,57,51,56,6,5,40
420,670,132,58,51,56,6,5,45
421,670,132,58,51,56,6,5,48
422,670,132,58,51,56,6,5,47
423,670,132,58,51,56,6,5,45
424,671,133,56,51,56,6,5,38
425,671,133,56,51,56,6,5,37
426,671,133,56,51,56,6,5,35
427,671,133,56,51,56,6,5,34
428,671,133,56,51,56,6,5,28
429,671,133,56,51,56,6,5,48
430,671,133,56,51,56,6,5,74
431,671,133,56,51,56,6,5,112
432,671,132,56,51,56,6,5,126
433,671,132,56,51,56,6,5,138
434,671,132,56,51,56,6,5,129
435,671,133,56,51,56,6,5,116
436,671,133,56,51,56,6,5,82
437,671,132,56,51,56,6,5,62
438,671,132,56,51,56,6,5,40
439,671,133,56,51,56,6,5,35
440,671,132,56,51,56,6,5,30
441,671,132,56,51,56,6,5,28
442,671,132,56,51,56,6,5,26
443,671,132,56,51,56,6,5,25
444,670,132,56,51,56,6,5,25
445,670,132,56,51,56,6,5,25
446,670,132,56,51,56,6,5,25
447,671,132,56,51,56,6,5,25
448,670,132,56,51,56,6,5,25
449,670,132,56,51,56,6,5,25
450,670,132,56,51,56,6,5,25
451,670,132,57,51,56,6,5,25
452,670,132,57,51,56,6,5,28
453,670,132,57,51,56,6,5,29
454,670,132,57,51,56,6,5,40
455,670,132,57,51,56,6,5,49
456,670,132,56,51,56,6,5,64
457,670,132,56,51,56,6,5,68
458,670,132,56,51,56,6,5,72
459,670,132,56,51,56,6,5,74
460,670,132,56,51,56,6,5,85
461,670,132,56,51,56,6,5,82
462,670,132,56,51,56,6,5,73
463,670,132,56,51,56,6,5,50
464,671,133,56,51,56,6,5,40
465,671,133,55,51,56,6,5,33
466,671,133,55,51,56,6,5,26
467,671,133,55,51,56,6,5,18
468,671,132,55,51,56,6,5,16
469,671,132,56,51,56,6,5,18
470,671,132,56,51,56,6,5,23
471,671,132,55,51,56,6,5,24
472,671,133,56,51,56,6,5,25
473,671,133,56,51,56,6,5,26
474,671,133,56,51,56,6,5,26
475,671,133,56,51,56,6,5,26
476,671,133,56,51,56,6,5,31
477,671,133,56,51,56,6,5,36
478,671,133,56,51,56,6,5,41
479,671,133,56,51,56,6,5,41
480,670,132,57,51,56,6,5,41
481,670,132,57,51,56,6,5,41
482,670,132,57,51,56,6,5,41
483,670,132,57,51,56,6,5,41
484,670,132,57,51,56,6,5,41
485,670,132,57,51,56,6,5,66
486,670,132,57,51,56,6,5,96
487,670,132,56,51,56,6,5,132
488,669,133,57,51,56,6,5,145
489,669,133,57,51,56,6,5,155
490,669,133,57,51,56,6,5,160
491,669,133,57,51,56,6,5,163
492,669,132,57,51,56,6,5,164
493,669,132,57,51,56,6,5,165
494,669,132,57,51,56,6,5,166
495,669,132,57,51,56,6,5,166
496,669,132,57,51,56,6,5,166
497,669,132,57,51,56,6,5,166
498,669,132,57,51,56,6,5,166
499,669,132,57,51,56,6,5,166
500,669,132,58,51,56,6,5,166
501,669,132,58,51,56,6,5,144
502,669,132,58,51,56,6,5,118
503,669,132,58,51,56,6,5,87
504,670,132,57,51,56,6,5,77
505,670,132,57,51,56,6,5,68
506,670,132,57,51,56,6,5,65
507,670,132,57,51,56,6,5,62
508,670,132,57,51,56,6,5,62
509,670,132,57,51,56,6,5,58
510,670,132,57,51,56,6,5,59
511,670,132,57,51,56,6,5,59
512,670,133,57,51,56,6,5,64
513,671,133,56,51,56,6,5,65
514,671,133,56,51,56,6,5,66
515,671,133,56,51,56,6,5,67
516,671,133,56,51,56,6,5,72
517,671,133,56,51,56,6,5,63
518,671,133,56,51,56,6,5,62
519,671,133,56,51,56,6,5,54
520,671,133,56,51,56,6,5,61
521,671,132,56,51,56,6,5,61
522,671,132,56,51,56,6,5,62
523,670,132,57,51,56,6,5,63
524,670,133,57,51,56,6,5,63
525,670,133,57,51,56,6,5,63
526,671,132,56,51,56,6,5,63
527,671,133,56,51,56,6,5,63
528,670,133,56,51,56,6,5,63
529,670,133,56,51,56,6,5,63
530,670,133,56,51,56,6,5,63
531,670,133,56,51,56,6,5,63
532,670,133,56,51,56,6,5,72
533,670,133,56,51,56,6,5,78
534,670,133,56,51,56,6,5,89
535,670,133,56,51,56,6,5,92
536,670,133,57,51,56,6,5,99
537,670,133,57,51,56,6,5,101
538,670,133,57,51,56,6,5,103
539,670,133,57,51,56,6,5,103
540,669,133,57,51,56,6,5,108
541,669,133,57,51,56,6,5,100
542,669,133,57,51,56,6,5,86
543,669,133,57,51,56,6,5,63
544,670,132,56,51,56,6,5,51
545,671,132,56,51,56,6,5,44
546,670,132,56,51,56,6,5,40
547,670,132,56,51,56,6,5,38
548,670,132,56,51,56,6,5,32
549,670,132,56,51,56,6,5,28
550,670,132,56,51,56,6,5,37
551,670,132,57,51,56,6,5,53
552,670,133,57,51,56,6,5,71
553,670,133,57,51,56,6,5,78
554,670,133,57,51,56,6,5,83
555,670,133,57,51,56,6,5,98
556,670,133,57,51,56,6,5,89
557,670,132,57,51,56,6,5,91
558,670,133,57,51,56,6,5,77
559,670,132,57,51,56,6,5,88
560,671,133,56,51,56,6,5,101
561,671,133,56,51,56,6,5,116
562,671,133,56,51,56,6,5,132
563,671,133,56,51,56,6,5,136
564,670,132,56,51,56,6,5,137
565,670,133,56,51,56,6,5,139
566,670,133,56,51,56,6,5,132
567,671,133,56,51,56,6,5,126
568,671,132,56,51,56,6,5,104
569,671,132,56,51,56,6,5,88
570,671,132,56,51,56,6,5,70
571,671,132,56,51,56,6,5,62
572,671,132,56,51,56,6,5,57
573,671,132,56,51,56,6,5,54
574,671,132,56,51,56,6,5,52
575,671,132,56,51,56,6,5,51
576,671,133,56,51,56,6,5,51
577,671,133,56,51,56,6,5,51
578,671,133,56,51,56,6,5,51
579,671,133,56,51,56,6,5,51
580,671,133,56,51,56,6,5,50
581,671,133,56,51,56,6,5,40
582,671,133,56,51,56,6,5,45
583,671,133,56,51,56,6,5,52
584,671,132,56,51,56,6,5,87
585,671,132,56,51,56,6,5,111
586,671,133,56,51,56,6,5,139
587,671,133,56,51,56,6,5,148
588,670,132,57,51,56,6,5,155
589,670,132,57,51,56,6,5,159
590,670,132,57,51,56,6,5,161
591,670,132,58,51,56,6,5,162
592,670,132,57,51,56,6,5,163
593,670,132,57,51,56,6,5,163
594,670,132,56,51,56,6,5,163
595,670,133,56,51,56,6,5,163
596,671,133,56,51,56,6,5,163
597,671,133,56,51,56,6,5,162
598,671,132,56,51,56,6,5,161
599,671,132,56,51,56,6,5,162
600,671,133,56,51,56,6,5,144
601,671,133,56,51,56,6,5,124
602,671,133,56,51,56,6,5,96
603,671,133,55,51,56,6,5,86
604,671,133,55,51,56,6,5,73
605,671,133,55,51,56,6,5,81
606,671,133,55,51,56,6,5,94
607,671,133,55,51,56,6,5,90
608,671,133,56,51,56,6,5,68
609,671,133,56,51,56,6,5,69
610,671,133,56,51,56,6,5,79
611,671,133,56,51,56,6,5,96
612,671,132,56,51,56,6,5,86
613,670,132,56,51,56,6,5,87
614,671,132,56,51,56,6,5,85
615,671,132,55,51,56,6,5,85
616,670,132,56,51,56,6,5,69
617,670,132,56,51,56,6,5,55
618,670,132,56,51,56,6,5,42
619,670,132,56,51,56,6,5,42
620,670,132,56,51,56,6,5,39
621,670,132,56,51,56,6,5,43
622,670,132,56,51,56,6,5,49
623,670,132,56,51,56,6,5,59
624,669,132,57,51,56,6,5,63
625,669,132,57,51,56,6,5,65
626,669,132,57,51,56,6,5,67
627,669,132,57,51,56,6,5,75
628,669,132,57,51,56,6,5,80
629,670,132,57,51,56,6,5,76
630,669,132,58,51,56,6,5,62
631,670,132,57,51,56,6,5,50
632,671,133,56,51,56,6,5,45
633,671,133,56,51,56,6,5,42
634,671,133,55,51,56,6,5,40
635,671,133,56,51,56,6,5,39
636,670,133,57,51,56,6,5,39
637,670,133,57,51,56,6,5,40
638,671,133,57,51,56,6,5,53
639,671,133,57,51,56,6,5,69
640,670,133,56,51,56,6,5,88
641,670,133,56,51,56,6,5,95
642,670,133,56,51,56,6,5,100
643,670,133,56,51,56,6,5,102
644,671,133,56,51,56,6,5,104
645,671,133,56,51,56,6,5,117
646,671,133,56,51,56,6,5,127
647,671,133,56,51,56,6,5,138
648,670,133,57,51,56,6,5,137
649,670,133,57,51,56,6,5,139
650,670,133,57,51,56,6,5,139
651,670,133,57,51,56,6,5,140
652,670,133,57,51,56,6,5,135
653,670,133,57,51,56,6,5,132
654,670,133,57,51,56,6,5,132
655,670,133,57,51,56,6,5,118
656,670,133,56,51,56,6,5,100
657,670,133,56,51,56,6,5,74
658,670,132,56,51,56,6,5,64
659,671,133,56,51,56,6,5,58
660,671,133,56,51,56,6,5,71
661,671,133,56,51,56,6,5,77
662,671,133,56,51,56,6,5,86
663,670,133,56,51,56,6,5,86
664,669,133,57,51,56,6,5,103
665,669,133,58,51,56,6,5,116
666,669,133,57,51,56,6,5,131
667,669,133,58,51,56,6,5,121
668,670,133,57,51,56,6,5,98
669,670,133,56,51,56,6,5,79
670,670,133,56,51,56,6,5,70
671,670,133,56,51,56,6,5,74
672,670,132,56,51,56,6,5,66
673,670,132,57,51,56,6,5,65
674,670,132,57,51,56,6,5,63
675,670,132,57,51,56,6,5,62
676,670,132,57,51,56,6,5,62
677,670,132,57,51,56,6,5,62
678,669,132,57,51,56,6,5,62
679,669,132,58,51,56,6,5,62
680,670,133,56,51,56,6,5,62
681,670,132,57,51,56,6,5,62
682,670,133,56,51,56,6,5,62
683,670,133,56,51,56,6,5,62
684,670,133,56,51,56,6,5,62
685,670,133,56,51,56,6,5,62
686,670,133,56,51,56,6,5,62
687,670,133,56,51,56,6,5,62
688,671,133,56,51,56,6,5,54
689,671,133,56,51,56,6,5,55
690,671,133,56,51,56,6,5,42
691,671,133,56,51,56,6,5,56
692,671,133,56,51,56,6,5,57
693,671,133,56,51,56,6,5,72
694,671,133,56,51,56,6,5,54
695,671,133,56,51,56,6,5,48
696,671,133,56,51,56,6,5,41
697,671,133,56,51,56,6,5,62
698,671,133,56,51,56,6,5,89
699,671,133,56,51,56,6,5,122
700,671,133,56,51,56,6,5,116
701,671,133,56,51,56,6,5,98
702,671,133,56,51,56,6,5,70
703,671,133,56,51,56,6,5,67
704,671,133,56,51,56,6,5,67
705,671,133,56,51,56,6,5,75
706,671,133,56,51,56,6,5,84
707,671,133,56,51,56,6,5,89
708,671,132,56,51,56,6,5,91
709,671,132,56,51,56,6,5,93
710,671,132,56,51,56,6,5,93
711,671,132,56,51,56,6,5,94
712,670,132,57,51,56,6,5,94
713,669,132,57,51,56,6,5,94
714,669,132,57,51,56,6,5,94
715,669,132,57,51,56,6,5,94
716,669,132,57,51,56,6,5,94
717,669,132,57,51,56,6,5,94
718,669,132,57,51,56,6,5,94
719,669,132,57,51,56,6,5,94
720,670,132,57,51,56,6,5,88
721,670,132,57,51,56,6,5,73
722,670,132,57,51,56,6,5,54
723,670,132,57,51,56,6,5,42
724,670,132,57,51,56,6,5,53
725,670,132,57,51,56,6,5,72
726,670,132,57,51,56,6,5,93
727,670,132,57,51,56,6,5,102
728,670,132,57,51,56,6,5,108
729,670,132,57,51,56,6,5,111
730,670,132,57,51,56,6,5,113
731,670,132,57,51,56,6,5,114
732,670,132,57,51,56,6,5,115
733,670,132,56,51,56,6,5,102
734,670,132,57,51,56,6,5,80
735,670,132,57,51,56,6,5,57
736,671,132,56,51,56,6,5,40
737,671,132,56,51,56,6,5,47
738,671,132,56,51,56,6,5,53
739,671,132,56,51,56,6,5,68
740,670,132,56,51,56,6,5,70
741,671,132,56,51,56,6,5,73
742,670,132,56,51,56,6,5,74
743,670,132,56,51,56,6,5,75
744,670,133,56,51,56,6,5,75
745,671,133,56,51,56,6,5,75
746,671,133,56,51,56,6,5,75
747,671,133,56,51,56,6,5,75
748,671,133,56,51,56,6,5,75
749,671,133,56,51,56,6,5,82
750,671,133,56,51,56,6,5,90
751,671,132,55,51,56,6,5,100
752,671,132,56,51,56,6,5,104
753,670,132,56,51,56,6,5,106
754,671,132,56,51,56,6,5,108
755,671,132,56,51,56,6,5,108
756,670,132,56,51,56,6,5,109
757,670,132,56,51,56,6,5,116
758,670,132,56,51,56,6,5,103
759,670,132,56,51,56,6,5,98
760,670,132,57,51,56,6,5,78
761,670,132,57,51,56,6,5,72
762,670,132,57,51,56,6,5,71
763,670,132,57,51,56,6,5,61
764,670,132,57,51,56,6,5,62
765,670,132,57,51,56,6,5,53
766,670,132,57,51,56,6,5,62
767,670,132,57,51,56,6,5,67
768,670,133,57,51,56,6,5,69
769,670,133,57,51,56,6,5,70
770,670,133,57,51,56,6,5,71
771,670,133,57,51,56,6,5,71
772,670,133,57,51,56,6,5,70
773,670,133,56,51,56,6,5,66
774,670,133,57,51,56,6,5,65
775,670,133,57,51,56,6,5,65
776,670,132,57,52,56,6,5,69
777,670,132,57,52,56,6,5,70
778,670,132,57,52,56,6,5,71
779,670,132,57,52,56,6,5,72
780,670,132,57,51,56,6,5,77
781,670,132,56,51,56,6,5,83
782,670,132,57,51,56,6,5,93
783,670,132,57,51,56,6,5,100
784,669,132,58,51,56,6,5,106
785,669,132,58,51,56,6,5,109
786,669,133,58,51,56,6,5,110
787,669,133,58,51,56,6,5,111
788,669,133,58,51,56,6,5,115
789,669,133,58,51,56,6,5,116
790,669,132,57,51,56,6,5,114
791,669,132,58,51,56,6,5,108
792,670,133,57,51,56,6,5,102
793,670,133,57,51,56,6,5,100
794,670,133,57,51,56,6,5,98
795,670,133,57,51,56,6,5,97
796,670,133,57,51,56,6,5,93
797,670,133,57,51,56,6,5,90
798,670,133,57,51,56,6,5,90
799,670,133,57,51,56,6,5,95
800,670,133,57,51,56,6,5,101
801,670,133,57,51,56,6,5,103
802,670,133,57,51,56,6,5,105
803,670,133,57,51,56,6,5,105
804,670,133,57,51,56,6,5,111
805,670,133,57,51,56,6,5,120
806,670,133,57,51,56,6,5,121
807,670,133,57,51,56,6,5,106
808,670,133,57,51,56,6,5,97
809,670,133,57,51,56,6,5,86
810,670,133,57,51,56,6,5,90
811,670,133,57,51,56,6,5,73
812,670,133,57,51,56,6,5,70
813,670,133,57,51,56,6,5,61
814,670,133,56,51,56,6,5,68
815,670,133,57,51,56,6,5,69
816,670,133,56,51,56,6,5,72
817,670,133,56,51,56,6,5,62
818,670,133,56,51,56,6,5,62
819,670,133,56,51,56,6,5,62
820,670,133,56,51,56,6,5,78
821,670,133,56,51,56,6,5,82
822,670,133,56,51,56,6,5,86
823,670,133,56,51,56,6,5,79
824,671,133,56,51,56,6,5,78
825,671,133,56,51,56,6,5,77
826,671,133,56,51,56,6,5,76
827,671,133,56,51,56,6,5,76
828,670,133,56,51,56,6,5,67
829,670,133,56,51,56,6,5,52
830,670,133,56,51,56,6,5,32
831,670,133,56,51,56,6,5,19
832,671,132,56,51,56,6,5,12
833,671,132,56,51,56,6,5,8
834,671,133,56,51,56,6,5,5
835,671,132,56,51,56,6,5,4
836,671,132,55,51,56,6,5,3
837,671,133,56,51,56,6,5,3
838,671,133,56,51,56,6,5,3
839,671,133,56,51,56,6,5,3
840,670,133,57,51,56,6,5,3
841,670,133,57,51,56,6,5,3
842,670,133,57,51,56,6,5,3
843,670,133,57,51,56,6,5,3
844,670,133,57,51,56,6,5,2
845,670,133,57,51,56,6,5,10
846,670,133,57,51,56,6,5,20
847,670,133,57,51,56,6,5,33
848,670,133,57,51,56,6,5,38
849,670,133,57,51,56,6,5,41
850,670,133,57,51,56,6,5,43
851,670,133,57,51,56,6,5,44
852,670,132,58,51,56,6,5,45
853,670,132,57,51,56,6,5,45
854,670,132,57,51,56,6,5,45
855,670,132,58,51,56,6,5,45
856,671,132,56,51,56,6,5,45
857,671,132,56,51,56,6,5,39
858,671,132,56,51,56,6,5,44
859,671,132,56,51,56,6,5,58
860,671,132,56,51,56,6,5,84
861,671,132,56,51,56,6,5,104
862,671,132,56,51,56,6,5,117
863,671,133,56,51,56,6,5,127
864,670,132,58,51,56,6,5,135
865,670,132,58,51,56,6,5,136
866,670,132,58,51,56,6,5,134
867,670,132,58,51,56,6,5,120
868,670,132,58,51,56,6,5,103
869,670,132,58,51,56,6,5,82
870,670,132,59,51,56,6,5,58
871,670,132,59,51,56,6,5,52
872,670,132,57,51,56,6,5,52
873,670,133,57,51,56,6,5,65
874,670,133,57,51,56,6,5,68
875,670,133,57,51,56,6,5,71
876,670,133,56,51,56,6,5,72
877,670,133,56,51,56,6,5,88
878,670,133,56,51,56,6,5,107
879,670,133,57,51,56,6,5,122
880,670,133,57,51,56,6,5,105
881,670,133,57,51,56,6,5,82
882,670,133,57,51,56,6,5,59
883,670,133,57,51,56,6,5,76
884,670,133,57,51,56,6,5,96
885,670,133,56,51,56,6,5,126
886,670,133,56,51,56,6,5,106
887,670,133,56,51,56,6,5,82
888,671,133,56,51,56,6,5,48
889,671,133,56,51,56,6,5,47
890,671,133,56,51,56,6,5,48
891,671,133,56,51,56,6,5,56
892,671,133,56,51,56,6,5,58
893,671,133,55,51,56,6,5,60
894,671,133,56,51,56,6,5,60
895,671,133,56,51,56,6,5,61
896,671,132,56,51,56,6,5,61
897,671,132,55,51,56,6,5,61
898,671,132,56,51,56,6,5,61
899,671,132,55,51,56,6,5,61
900,670,132,57,51,56,6,5,61
901,670,132,57,51,56,6,5,61
902,671,132,56,51,56,6,5,61
903,671,133,56,51,56,6,5,61
904,671,133,56,51,56,6,5,61
905,671,133,56,51,56,6,5,61
906,671,133,56,51,56,6,5,61
907,671,133,56,51,56,6,5,61
908,671,133,56,51,56,6,5,69
909,671,133,55,51,56,6,5,67
910,671,133,55,51,56,6,5,81
911,671,133,55,51,56,6,5,93
912,671,133,56,51,56,6,5,117
913,671,133,56,51,56,6,5,128
914,671,133,56,51,56,6,5,139
915,671,133,56,51,56,6,5,129
916,671,133,56,51,56,6,5,113
917,671,133,55,51,56,6,5,94
918,671,133,55,51,56,6,5,90
919,671,133,55,51,56,6,5,92
920,672,132,55,51,56,6,5,92
921,671,132,55,51,56,6,5,92
922,671,132,55,51,56,6,5,92
923,671,132,55,51,56,6,5,92
924,672,132,55,51,56,6,5,99
925,672,132,55,51,56,6,5,99
926,672,132,55,51,56,6,5,102
927,672,132,55,51,56,6,5,97
928,671,133,55,51,56,6,5,98
929,671,133,55,51,56,6,5,97
930,671,133,55,51,56,6,5,97
931,671,133,56,51,56,6,5,97
932,671,133,56,51,56,6,5,99
933,671,133,56,51,56,6,5,96
934,671,133,56,51,56,6,5,92
935,671,133,56,51,56,6,5,85
936,670,132,57,51,56,6,5,82
937,671,133,56,51,56,6,5,75
938,670,133,56,51,56,6,5,87
939,671,133,56,51,56,6,5,87
940,670,133,56,51,56,6,5,88
941,670,133,56,51,56,6,5,66
942,670,133,57,51,56,6,5,47
943,669,132,57,51,56,6,5,46
944,671,133,56,51,56,6,5,55
945,671,133,56,51,56,6,5,78
946,671,133,55,51,56,6,5,82
947,671,133,55,51,56,6,5,68
948,671,132,55,51,56,6,5,52
949,671,132,55,51,56,6,5,44
950,671,132,55,51,56,6,5,47
951,671,132,55,51,56,6,5,46
952,671,132,55,51,56,6,5,55
953,671,132,55,51,56,6,5,55
954,671,132,55,51,56,6,5,53
955,671,132,55,51,56,6,5,41
956,671,132,55,51,56,6,5,32
957,671,132,55,51,56,6,5,43
958,671,132,55,51,56,6,5,61
959,671,132,55,51,56,6,5,92
960,671,132,56,51,56,6,5,105
961,671,132,56,51,56,6,5,109
962,671,132,55,51,56,6,5,102
963,671,132,55,51,56,6,5,79
964,671,132,55,51,56,6,5,64
965,671,132,55,51,56,6,5,42
966,671,132,55,51,56,6,5,53
967,671,132,55,51,56,6,5,67
968,670,132,56,51,56,6,5,86
969,670,132,56,51,56,6,5,90
970,670,132,57,51,56,6,5,83
971,670,132,57,51,56,6,5,82
972,671,133,56,51,56,6,5,81
973,670,133,56,51,56,6,5,80
974,671,133,56,51,56,6,5,80
975,670,133,56,51,56,6,5,80
976,670,132,56,51,56,6,5,80
977,669,132,57,51,56,6,5,80
978,670,132,56,51,56,6,5,80
979,669,132,57,51,56,6,5,80
980,669,132,57,51,56,6,5,68
981,669,132,57,51,56,6,5,69
982,669,132,57,51,56,6,5,84
983,670,132,56,51,56,6,5,114
984,671,132,55,51,56,6,5,128
985,670,132,56,51,56,6,5,134
986,670,132,56,51,56,6,5,116
987,671,132,55,51,56,6,5,97
988,670,132,56,51,56,6,5,61
989,672,133,54,51,56,6,5,41
990,671,132,55,51,56,6,5,38
991,671,132,55,51,56,6,5,51
992,672,132,54,51,56,6,5,67
993,672,132,54,51,56,6,5,71
994,672,132,54,51,56,6,5,68
995,672,132,54,51,56,6,5,61
996,671,132,55,51,56,6,5,52
997,671,132,55,51,56,6,5,51
998,671,132,55,51,56,6,5,58
999,671,132,55,51,56,6,5,68
1000,671,132,55,51,56,6,5,71
1001,671,133,55,51,56,6,5,74
1002,671,132,54,51,56,6,5,75
1003,671,132,55,51,56,6,5,76
1004,671,132,55,51,56,6,5,85
1005,671,132,55,51,56,6,5,100
1006,671,132,55,51,56,6,5,122
1007,671,132,55,51,56,6,5,129
1008,670,132,57,51,56,6,5,121
1009,670,132,57,51,56,6,5,91
1010,670,132,57,51,56,6,5,79
1011,670,132,57,51,56,6,5,83
1012,670,132,57,51,56,6,5,88
1013,670,132,57,51,56,6,5,71
1014,670,132,57,51,56,6,5,56
1015,670,132,57,51,56,6,5,54
1016,670,132,56,51,56,6,5,62
1017,670,132,56,51,56,6,5,64
1018,670,132,56,51,56,6,5,78
1019,670,132,56,51,56,6,5,71
1020,670,132,56,51,56,6,5,77
1021,670,132,57,51,56,6,5,69
1022,670,132,57,51,56,6,5,83
1023,670,132,56,51,56,6,5,85
1024,669,133,57,51,56,6,5,88
1025,669,133,57,51,56,6,5,89
1026,670,133,57,51,56,6,5,90
1027,669,133,57,51,56,6,5,90
1028,670,133,57,51,56,6,5,105
1029,670,133,57,51,56,6,5,109
1030,670,133,57,51,56,6,5,114
1031,669,133,57,51,56,6,5,90
1032,670,132,57,51,56,6,5,73
1033,670,133,57,51,56,6,5,51
1034,670,133,57,51,56,6,5,44
1035,670,132,57,51,56,6,5,38
1036,670,132,57,51,56,6,5,35
1037,670,132,57,51,56,6,5,48
1038,670,132,56,51,56,6,5,65
1039,670,132,56,51,56,6,5,86
1040,671,133,56,51,56,6,5,93
1041,671,132,56,51,56,6,5,114
1042,671,132,55,51,56,6,5,133
1043,670,132,56,51,56,6,5,155
1044,671,132,56,51,56,6,5,163
1045,671,132,56,51,56,6,5,169
1046,671,132,56,51,56,6,5,172
1047,671,132,56,51,56,6,5,173
1048,671,132,56,51,56,6,5,174
1049,671,132,56,51,56,6,5,175
1050,671,132,56,51,56,6,5,175
1051,671,132,55,51,56,6,5,175
1052,671,132,56,51,56,6,5,175
1053,671,132,55,51,56,6,5,143
1054,672,132,55,51,56,6,5,117
1055,671,132,55,51,56,6,5,87
1056,671,133,55,51,56,6,5,88
1057,671,133,55,51,56,6,5,82
1058,671,133,55,51,56,6,5,81
1059,671,132,55,51,56,6,5,80
1060,671,133,55,51,56,6,5,92
1061,671,133,55,51,56,6,5,96
1062,671,133,55,51,56,6,5,98
1063,671,133,55,51,56,6,5,84
1064,671,133,55,51,56,6,5,74
1065,671,133,55,51,56,6,5,70
1066,671,133,55,51,56,6,5,70
1067,671,133,55,51,56,6,5,74
1068,671,133,56,51,56,6,5,75
1069,671,132,56,51,56,6,5,76
1070,670,132,56,51,56,6,5,77
1071,671,132,56,51,56,6,5,77
1072,671,132,55,51,56,6,5,77
1073,671,132,56,51,56,6,5,77
1074,671,132,55,51,56,6,5,77
1075,671,132,55,51,56,6,5,77
1076,671,132,55,51,56,6,5,82
1077,671,132,55,51,56,6,5,73
1078,671,132,55,51,56,6,5,71
1079,671,132,55,51,56,6,5,62
1080,672,132,55,51,56,6,5,69
1081,672,132,55,51,56,6,5,68
1082,672,132,55,51,56,6,5,78
1083,671,132,55,51,56,6,5,78
1084,671,132,56,51,56,6,5,68
1085,672,132,55,51,56,6,5,50
1086,671,132,55,51,56,6,5,47
1087,671,132,56,51,56,6,5,55
1088,672,133,55,51,56,6,5,64
1089,672,133,55,51,56,6,5,68
1090,672,133,55,51,56,6,5,70
1091,672,133,55,51,56,6,5,72
1092,672,133,55,51,56,6,5,72
1093,672,133,55,51,56,6,5,73
1094,671,133,55,51,56,6,5,73
1095,671,133,55,51,56,6,5,73
1096,672,132,55,51,56,6,5,73
1097,672,132,55,51,56,6,5,73
1098,672,132,55,51,56,6,5,73
1099,672,132,55,51,56,6,5,73
1100,672,132,55,51,56,6,5,73
1101,672,132,55,51,56,6,5,81
1102,672,132,55,51,56,6,5,79
1103,672,132,55,51,56,6,5,84
1104,671,132,56,51,56,6,5,66
1105,671,132,56,51,56,6,5,84
1106,671,132,56,51,56,6,5,70
1107,671,132,56,51,56,6,5,91
1108,671,132,56,51,56,6,5,79
1109,671,132,56,51,56,6,5,94
1110,671,132,56,51,56,6,5,88
1111,671,133,56,51,56,6,5,89
1112,671,133,56,51,56,6,5,88
1113,671,133,56,51,56,6,5,88
1114,671,133,56,51,56,6,5,88
1115,671,133,56,51,56,6,5,88
1116,671,133,56,51,56,6,5,88
1117,670,132,57,51,56,6,5,88
1118,670,133,56,51,56,6,5,88
1119,671,133,56,51,56,6,5,88
1120,671,132,56,51,56,6,5,88
1121,671,132,56,51,56,6,5,88
1122,671,132,56,51,56,6,5,88
1123,670,132,57,51,56,6,5,88
1124,670,132,57,51,56,6,5,81
1125,670,132,57,51,56,6,5,92
1126,670,132,57,51,56,6,5,108
1127,670,132,57,51,56,6,5,112
1128,671,132,56,51,56,6,5,107
1129,671,132,56,51,56,6,5,108
1130,670,132,57,51,56,6,5,118
1131,670,132,56,51,56,6,5,112
1132,670,132,56,51,56,6,5,89
1133,670,132,56,51,56,6,5,67
1134,670,132,57,51,56,6,5,50
1135,671,132,56,51,56,6,5,37
1136,671,132,55,51,56,6,5,29
1137,671,132,55,51,56,6,5,38
1138,671,132,55,51,56,6,5,49
1139,671,132,55,51,56,6,5,60
1140,671,132,56,51,56,6,5,68
1141,670,132,56,51,56,6,5,70
1142,671,132,56,51,56,6,5,87
1143,671,132,56,51,56,6,5,75
1144,670,132,57,51,56,6,5,74
1145,670,132,57,51,56,6,5,67
1146,670,132,57,51,56,6,5,85
1147,670,132,57,51,56,6,5,78
1148,671,132,56,51,56,6,5,64
1149,670,132,57,51,56,6,5,40
1150,670,132,57,51,56,6,5,39
1151,670,132,57,51,56,6,5,44
1152,670,132,56,51,56,6,5,56
1153,670,132,56,51,56,6,5,61
1154,670,132,56,51,56,6,5,50
1155,670,132,56,51,56,6,5,35
1156,670,132,56,51,56,6,5,43
1157,670,132,56,51,56,6,5,56
1158,670,132,56,51,56,6,5,75
1159,670,132,56,51,56,6,5,75
1160,672,133,55,51,56,6,5,81
1161,672,133,55,51,56,6,5,82
1162,672,133,55,51,56,6,5,84
1163,672,133,55,51,56,6,5,84
1164,671,132,56,51,56,6,5,85
1165,671,132,55,51,56,6,5,85
1166,671,132,55,51,56,6,5,85
1167,671,132,55,51,56,6,5,85
1168,671,132,55,51,56,6,5,85
1169,671,132,55,51,56,6,5,85
1170,671,132,55,51,56,6,5,87
1171,671,133,55,51,56,6,5,76
1172,671,132,55,51,56,6,5,86
1173,671,132,55,51,56,6,5,93
1174,671,132,55,51,56,6,5,105
1175,671,132,55,51,56,6,5,84
1176,671,133,56,51,56,6,5,69
1177,671,133,56,51,56,6,5,60
1178,671,133,56,51,56,6,5,73
1179,671,133,56,51,56,6,5,80
1180,671,132,56,51,56,6,5,86
1181,671,133,55,51,56,6,5,84
1182,671,133,55,51,56,6,5,93
1183,671,133,55,51,56,6,5,106
1184,671,133,56,51,56,6,5,119
1185,671,133,56,51,56,6,5,124
1186,671,132,56,51,56,6,5,128
1187,671,133,55,51,56,6,5,130
1188,672,133,55,51,56,6,5,131
1189,672,133,55,51,56,6,5,141
1190,672,133,55,51,56,6,5,137
1191,672,133,55,51,56,6,5,131
1192,672,133,55,51,56,6,5,114
1193,672,133,55,51,56,6,5,109
1194,672,133,55,51,56,6,5,105
1195,672,133,55,51,56,6,5,103
1196,672,133,55,51,56,6,5,86
1197,672,133,55,51,56,6,5,64
1198,672,133,55,51,56,6,5,50
1199,672,133,55,51,56,6,5,66
1200,670,133,57,51,56,6,5,90
1201,670,133,58,51,56,6,5,107
1202,670,133,57,51,56,6,5,111
1203,670,133,57,51,56,6,5,94
1204,670,133,57,51,56,6,5,98
1205,671,133,57,51,56,6,5,107
1206,671,133,57,51,56,6,5,126
1207,671,133,57,51,56,6,5,120
1208,671,133,56,51,56,6,5,108
1209,671,133,56,51,56,6,5,104
1210,672,133,56,51,56,6,5,101
1211,672,133,56,51,56,6,5,99
1212,672,133,55,51,56,6,5,98
1213,672,133,55,51,56,6,5,98
1214,672,133,55,51,56,6,5,98
1215,672,133,55,51,56,6,5,98
1216,672,132,55,51,56,6,5,98
1217,672,132,55,51,56,6,5,98
1218,672,132,55,51,56,6,5,98
1219,672,132,55,51,56,6,5,98
1220,672,132,55,51,56,6,5,82
1221,672,132,55,51,56,6,5,68
1222,672,132,55,51,56,6,5,53
1223,672,132,55,51,56,6,5,64
1224,671,132,55,51,56,6,5,66
1225,672,132,55,51,56,6,5,66
1226,671,132,55,51,56,6,5,59
1227,671,132,55,51,56,6,5,57
1228,671,132,55,51,56,6,5,52
1229,671,132,55,51,56,6,5,48
1230,671,132,55,51,56,6,5,41
1231,671,132,55,51,56,6,5,36
1232,671,132,56,51,56,6,5,25
1233,671,132,56,51,56,6,5,18
1234,671,132,56,51,56,6,5,13
1235,671,132,56,51,56,6,5,9
1236,672,133,55,51,56,6,5,7
1237,672,133,55,51,56,6,5,6
1238,672,133,56,51,56,6,5,5
1239,672,133,56,51,56,6,5,5
1240,671,133,55,51,56,6,5,5
1241,671,133,55,51,56,6,5,5
1242,671,133,55,51,56,6,5,5
1243,671,133,55,51,56,6,5,5
1244,671,133,55,51,56,6,5,5
1245,671,133,55,51,56,6,5,12
1246,671,133,55,51,56,6,5,22
1247,671,133,55,51,56,6,5,31
1248,671,133,55,51,56,6,5,34
1249,671,132,55,51,56,6,5,34
1250,671,132,55,51,56,6,5,34
1251,671,132,55,51,56,6,5,34
1252,671,132,55,51,56,6,5,34
1253,671,132,55,51,56,6,5,34
1254,671,132,55,51,56,6,5,34
1255,671,132,55,51,56,6,5,34
1256,671,132,55,51,56,6,5,34
1257,671,132,55,51,56,6,5,34
1258,671,132,55,51,56,6,5,34
1259,671,132,55,51,56,6,5,34
1260,671,133,55,51,56,6,5,34
1261,671,133,55,51,56,6,5,34
1262,671,133,55,51,56,6,5,34
1263,671,133,55,51,56,6,5,34
1264,671,133,55,51,56,6,5,32
1265,671,133,55,51,56,6,5,38
1266,671,133,55,51,56,6,5,64
1267,671,133,55,51,56,6,5,102
1268,671,133,55,51,56,6,5,114
1269,671,133,55,51,56,6,5,106
1270,671,133,56,51,56,6,5,79
1271,671,133,56,51,56,6,5,67
1272,671,132,56,51,56,6,5,53
1273,671,132,56,51,56,6,5,48
1274,671,132,56,51,56,6,5,44
1275,671,132,56,51,56,6,5,43
1276,671,132,56,51,56,6,5,36
1277,671,132,56,51,56,6,5,27
1278,671,132,56,51,56,6,5,18
1279,671,132,56,51,56,6,5,15
1280,672,132,55,51,56,6,5,13
1281,672,132,55,51,56,6,5,12
1282,672,132,55,51,56,6,5,12
1283,672,132,55,51,56,6,5,12
1284,671,132,55,51,56,6,5,13
1285,671,132,56,51,56,6,5,14
1286,671,132,55,51,56,6,5,26
1287,671,132,55,51,56,6,5,29
1288,671,132,56,51,56,6,5,57
1289,671,132,56,51,56,6,5,73
1290,671,132,56,51,56,6,5,82
1291,671,132,56,51,56,6,5,84
1292,670,132,57,51,56,6,5,84
1293,671,132,56,51,56,6,5,96
1294,671,132,56,51,56,6,5,88
1295,671,132,56,51,56,6,5,81
1296,671,133,55,51,56,6,5,75
1297,671,133,55,51,56,6,5,72
1298,671,133,55,51,56,6,5,70
1299,672,133,55,51,56,6,5,69
1300,672,133,55,51,56,6,5,66
1301,672,133,55,51,56,6,5,63
1302,672,133,55,51,56,6,5,54
1303,672,133,55,51,56,6,5,47
1304,672,132,55,51,56,6,5,39
1305,672,132,55,51,56,6,5,36
1306,672,132,55,51,56,6,5,34
1307,672,132,55,51,56,6,5,33
1308,671,132,56,51,56,6,5,32
1309,671,132,56,51,56,6,5,32
1310,671,132,56,51,56,6,5,32
1311,671,132,56,51,56,6,5,32
1312,670,132,56,51,56,6,5,27
1313,670,132,56,51,56,6,5,34
1314,670,132,56,51,56,6,5,40
1315,670,132,57,51,56,6,5,52
1316,670,132,57,51,56,6,5,47
1317,670,132,57,51,56,6,5,38
1318,670,132,57,51,56,6,5,26
1319,670,132,57,51,56,6,5,17
1320,670,132,56,51,56,6,5,13
1321,670,132,56,51,56,6,5,10
1322,670,133,56,51,56,6,5,9
1323,670,132,56,51,56,6,5,8
1324,670,132,56,51,56,6,5,8
1325,670,132,56,51,56,6,5,7
1326,670,133,56,51,56,6,5,8
1327,670,132,56,51,56,6,5,14
1328,671,133,56,51,56,6,5,22
1329,671,133,56,51,56,6,5,30
1330,671,133,56,51,56,6,5,38
1331,671,133,56,51,56,6,5,56
1332,670,133,56,51,56,6,5,86
1333,670,133,56,51,56,6,5,116
1334,670,133,56,51,56,6,5,126
1335,670,133,56,51,56,6,5,123
1336,670,133,56,51,56,6,5,112
1337,670,133,56,51,56,6,5,109
1338,670,133,56,51,56,6,5,94
1339,670,133,56,51,56,6,5,81
1340,670,133,56,51,56,6,5,75
1341,670,133,57,51,56,6,5,87
1342,670,133,57,51,56,6,5,83
1343,671,133,56,51,56,6,5,75
1344,672,133,55,51,56,6,5,64
1345,672,133,55,51,56,6,5,67
1346,672,133,55,51,56,6,5,90
1347,672,133,55,51,56,6,5,112
1348,672,133,55,51,56,6,5,108
1349,672,133,55,51,56,6,5,79
1350,672,133,55,51,56,6,5,50
1351,672,133,55,51,56,6,5,47
1352,672,132,55,51,56,6,5,47
1353,672,132,55,51,56,6,5,47
1354,672,132,55,51,56,6,5,47
1355,671,132,55,51,56,6,5,47
1356,670,132,56,51,56,6,5,53
1357,670,132,56,51,56,6,5,53
1358,670,132,56,51,56,6,5,51
1359,670,132,56,51,56,6,5,42
1360,671,133,55,51,56,6,5,38
1361,671,133,55,51,56,6,5,35
1362,671,133,55,51,56,6,5,34
1363,671,133,56,51,56,6,5,33
1364,671,133,56,51,56,6,5,31
1365,671,133,55,51,56,6,5,29
1366,671,133,56,51,56,6,5,25
1367,671,133,56,51,56,6,5,21
1368,671,133,56,51,56,6,5,17
1369,671,133,56,51,56,6,5,16
1370,671,133,56,51,56,6,5,15
1371,670,133,56,51,56,6,5,14
1372,670,133,56,51,56,6,5,11
1373,670,133,56,51,56,6,5,8
1374,670,133,56,51,56,6,5,16
1375,670,133,56,51,56,6,5,29
1376,671,132,55,51,56,6,5,45
1377,671,132,55,51,56,6,5,51
1378,671,132,55,51,56,6,5,55
1379,671,132,55,51,56,6,5,57
1380,671,132,55,51,56,6,5,59
1381,671,132,55,51,56,6,5,59
1382,671,132,55,51,56,6,5,60
1383,671,132,55,51,56,6,5,60
1384,671,132,55,51,56,6,5,72
1385,671,132,55,51,56,6,5,97
1386,671,132,55,51,56,6,5,126
1387,671,132,55,51,56,6,5,127
1388,671,132,55,51,56,6,5,117
1389,671,132,55,51,56,6,5,99
1390,671,132,55,51,56,6,5,96
1391,671,132,55,51,56,6,5,90
1392,671,132,55,51,56,6,5,88
1393,671,132,55,51,56,6,5,87
1394,671,132,55,51,56,6,5,86
1395,671,132,55,51,56,6,5,86
1396,671,132,55,51,56,6,5,85
1397,671,132,55,51,56,6,5,77
1398,671,132,55,51,56,6,5,73
1399,671,132,55,51,56,6,5,70
1400,672,132,55,51,56,6,5,74
1401,672,132,55,51,56,6,5,75
1402,672,132,55,51,56,6,5,81
1403,672,132,55,51,56,6,5,76
1404,671,132,55,51,56,6,5,68
1405,671,132,55,51,56,6,5,53
1406,671,132,55,51,56,6,5,48
1407,671,132,55,51,56,6,5,44
1408,672,132,55,51,56,6,5,42
1409,672,132,55,51,56,6,5,41
1410,672,132,55,51,56,6,5,40
1411,672,132,55,51,56,6,5,40
1412,672,132,55,51,56,6,5,40
1413,672,132,55,51,56,6,5,60
1414,672,132,55,51,56,6,5,73
1415,672,132,55,51,56,6,5,87
1416,671,132,57,51,56,6,5,80
1417,671,132,56,51,56,6,5,82
1418,671,132,56,51,56,6,5,81
1419,671,132,56,51,56,6,5,81
1420,671,132,56,51,56,6,5,68
1421,671,132,56,51,56,6,5,53
1422,671,132,56,51,56,6,5,40
1423,671,132,56,51,56,6,5,42
1424,671,132,55,51,56,6,5,56
1425,671,132,55,51,56,6,5,79
1426,671,132,55,51,56,6,5,92
1427,671,132,55,51,56,6,5,96
1428,671,132,55,51,56,6,5,88
1429,671,132,55,51,56,6,5,87
1430,671,132,55,51,56,6,5,86
1431,671,132,55,51,56,6,5,85
1432,672,132,55,51,56,6,5,85
1433,672,132,55,51,56,6,5,85
1434,672,132,55,51,56,6,5,85
1435,671,132,55,51,56,6,5,85
1436,672,132,55,51,56,6,5,85
1437,672,133,55,51,56,6,5,85
1438,672,133,55,51,56,6,5,85
1439,672,133,55,51,56,6,5,85
1440,671,133,54,51,56,6,5,85
1441,671,133,54,51,56,6,5,85
1442,671,133,55,51,56,6,5,85
1443,671,133,55,51,56,6,5,85
1444,671,133,54,51,56,6,5,73
1445,671,133,55,51,56,6,5,60
1446,671,133,55,51,56,6,5,49
1447,671,133,55,51,56,6,5,51
1448,671,133,55,51,56,6,5,54
1449,671,133,55,51,56,6,5,55
1450,671,133,55,51,56,6,5,56
1451,671,133,55,51,56,6,5,57
1452,671,133,55,51,56,6,5,57
1453,671,133,55,51,56,6,5,57
1454,671,132,55,51,56,6,5,57
1455,671,133,55,51,56,6,5,57
1456,670,132,56,51,56,6,5,57
1457,670,132,56,51,56,6,5,57
1458,671,132,55,51,56,6,5,63
1459,671,132,55,51,56,6,5,63
1460,671,132,55,51,56,6,5,56
1461,671,132,55,51,56,6,5,39
1462,671,132,55,51,56,6,5,25
1463,671,132,55,51,56,6,5,16
1464,670,133,56,51,56,6,5,11
1465,670,133,56,51,56,6,5,9
1466,670,133,56,51,56,6,5,7
1467,670,133,56,51,56,6,5,6
1468,670,133,56,51,56,6,5,6
1469,670,133,56,51,56,6,5,10
1470,670,133,57,51,56,6,5,31
1471,670,133,57,51,56,6,5,53
1472,670,133,56,51,56,6,5,73
1473,670,133,56,51,56,6,5,76
1474,670,132,56,51,56,6,5,77
1475,670,132,56,51,56,6,5,78
1476,670,132,56,51,56,6,5,79
1477,670,132,56,51,56,6,5,79
1478,670,132,56,51,56,6,5,76
1479,670,132,56,51,56,6,5,61
1480,670,132,57,51,56,6,5,49
1481,670,132,57,51,56,6,5,39
1482,670,132,57,51,56,6,5,41
1483,670,132,57,51,56,6,5,40
1484,670,132,57,51,56,6,5,40
1485,671,132,56,51,56,6,5,40
1486,671,132,56,51,56,6,5,40
1487,670,132,57,51,56,6,5,40
1488,671,133,56,51,56,6,5,40
1489,671,133,56,51,56,6,5,40
1490,671,133,56,51,56,6,5,40
1491,671,133,56,51,56,6,5,40
1492,671,133,56,51,56,6,5,46
1493,671,133,56,51,56,6,5,54
1494,671,133,56,51,56,6,5,73
1495,671,133,56,51,56,6,5,66
1496,671,133,56,51,56,6,5,66
1497,671,133,56,51,56,6,5,51
1498,671,133,56,51,56,6,5,56
1499,671,133,56,51,56,6,5,52
1500,671,133,55,51,56,6,5,52
1501,671,133,55,51,56,6,5,52
1502,671,133,55,51,56,6,5,52
1503,671,133,55,51,56,6,5,52
1504,671,132,56,51,56,6,5,52
1505,671,132,56,51,56,6,5,52
1506,671,132,55,51,56,6,5,52
1507,671,132,55,51,56,6,5,52
1508,671,132,55,51,56,6,5,49
1509,671,132,55,51,56,6,5,51
1510,671,132,55,51,56,6,5,48
1511,671,132,55,51,56,6,5,46
1512,672,132,55,51,56,6,5,39
1513,672,132,55,51,56,6,5,37
1514,671,132,55,51,56,6,5,35
1515,671,132,55,51,56,6,5,34
1516,671,132,55,51,56,6,5,28
1517,671,132,55,51,56,6,5,30
1518,671,132,55,51,56,6,5,31
1519,671,132,55,51,56,6,5,39
1520,671,132,55,51,56,6,5,39
1521,671,132,55,51,56,6,5,40
1522,671,132,55,51,56,6,5,41
1523,671,132,55,51,56,6,5,41
1524,672,132,54,51,56,6,5,39
1525,671,132,55,51,56,6,5,51
1526,671,132,55,51,56,6,5,66
1527,671,132,55,51,56,6,5,86
1528,671,133,55,51,56,6,5,93
1529,671,133,55,51,56,6,5,98
1530,671,133,55,51,56,6,5,101
1531,671,133,55,51,56,6,5,102
1532,671,133,55,51,56,6,5,118
1533,671,133,55,51,56,6,5,135
1534,671,133,55,51,56,6,5,155
1535,671,133,55,51,56,6,5,162
1536,672,133,54,51,56,6,5,167
1537,672,133,54,51,56,6,5,170
1538,672,133,54,51,56,6,5,171
1539,672,132,54,51,56,6,5,172
1540,672,132,54,51,56,6,5,173
1541,672,132,54,51,56,6,5,173
1542,672,132,54,51,56,6,5,173
1543,672,132,54,51,56,6,5,158
1544,672,133,55,51,56,6,5,140
1545,672,133,55,51,56,6,5,119
1546,672,133,55,51,56,6,5,111
1547,672,133,55,51,56,6,5,106
1548,671,133,55,51,56,6,5,89
1549,671,133,55,51,56,6,5,69
1550,671,133,55,51,56,6,5,53
1551,671,133,55,51,56,6,5,51
1552,671,133,55,51,56,6,5,55
1553,671,133,55,51,56,6,5,56
1554,671,133,55,51,56,6,5,57
1555,671,133,55,51,56,6,5,57
1556,671,133,55,51,56,6,5,65
1557,671,133,55,51,56,6,5,56
1558,671,133,55,51,56,6,5,59
1559,671,133,55,51,56,6,5,54
1560,670,133,57,51,56,6,5,67
1561,670,133,57,51,56,6,5,69
1562,670,133,57,51,56,6,5,72
1563,670,133,57,51,56,6,5,73
1564,670,133,57,51,56,6,5,74
1565,670,133,56,51,56,6,5,88
1566,670,133,57,51,56,6,5,107
1567,670,133,57,51,56,6,5,130
1568,670,132,56,51,56,6,5,141
1569,670,132,56,51,56,6,5,148
1570,670,132,56,51,56,6,5,152
1571,670,132,56,51,56,6,5,154
1572,670,132,55,51,56,6,5,158
1573,670,132,55,51,56,6,5,129
1574,670,132,55,51,56,6,5,107
1575,670,132,55,51,56,6,5,97
1576,670,132,56,51,56,6,5,123
1577,670,132,56,51,56,6,5,146
1578,670,132,56,51,56,6,5,156
1579,670,132,56,51,56,6,5,158
1580,670,132,56,51,56,6,5,140
1581,670,132,56,51,56,6,5,104
1582,670,132,56,51,56,6,5,76
1583,670,132,56,51,56,6,5,61
1584,672,133,55,51,56,6,5,63
1585,671,133,55,51,56,6,5,60
1586,671,133,55,51,56,6,5,60
1587,671,133,55,51,56,6,5,60
1588,672,133,55,51,56,6,5,70
1589,672,133,55,51,56,6,5,90
1590,671,133,55,51,56,6,5,101
1591,671,133,55,51,56,6,5,91
1592,671,132,54,51,56,6,5,80
1593,671,133,54,51,56,6,5,84
1594,671,133,54,51,56,6,5,103
1595,671,133,54,51,56,6,5,115
1596,670,132,55,51,56,6,5,121
1597,671,132,55,51,56,6,5,125
1598,671,132,55,51,56,6,5,127
1599,671,132,55,51,56,6,5,128
1600,671,133,55,51,56,6,5,129
1601,671,133,55,51,56,6,5,129
1602,671,133,55,51,56,6,5,129
1603,671,133,55,51,56,6,5,129
1604,671,133,55,51,56,6,5,129
1605,671,133,55,51,56,6,5,129
1606,671,133,55,51,56,6,5,129
1607,671,133,55,51,56,6,5,129
1608,671,132,55,51,56,6,5,129
1609,671,132,55,51,56,6,5,129
1610,671,132,55,51,56,6,5,129
1611,671,132,55,51,56,6,5,129
1612,672,132,55,51,56,6,5,129
1613,672,132,55,51,56,6,5,110
1614,672,132,54,51,56,6,5,94
1615,671,132,55,51,56,6,5,76
1616,672,132,54,51,56,6,5,89
1617,672,132,54,51,56,6,5,88
1618,672,132,54,51,56,6,5,99
1619,672,132,54,51,56,6,5,109
1620,671,132,56,51,56,6,5,125
1621,671,132,56,51,56,6,5,135
1622,671,132,56,51,56,6,5,136
1623,670,132,57,51,56,6,5,140
1624,671,132,56,51,56,6,5,144
1625,671,132,55,51,56,6,5,127
1626,671,132,56,51,56,6,5,113
1627,670,132,56,51,56,6,5,101
1628,672,133,55,51,56,6,5,111
1629,672,132,55,51,56,6,5,119
1630,672,132,55,51,56,6,5,122
1631,672,132,55,51,56,6,5,125
1632,671,133,56,51,56,6,5,126
1633,671,133,56,51,56,6,5,127
1634,671,132,56,51,56,6,5,127
1635,671,133,56,51,56,6,5,127
1636,671,133,56,51,56,6,5,127
1637,671,133,55,51,56,6,5,127
1638,670,133,56,51,56,6,5,127
1639,670,133,56,51,56,6,5,127
1640,670,133,56,51,56,6,5,127
1641,670,133,56,51,56,6,5,127
1642,670,133,56,51,56,6,5,128
1643,670,133,56,51,56,6,5,127
1644,670,133,56,51,56,6,5,117
1645,670,133,56,51,56,6,5,93
1646,670,133,56,51,56,6,5,80
1647,670,133,56,51,56,6,5,77
1648,671,133,56,51,56,6,5,89
1649,670,133,56,51,56,6,5,90
1650,671,133,56,51,56,6,5,93
1651,671,133,56,51,56,6,5,94
1652,671,133,55,50,56,6,5,95
1653,671,133,55,51,56,6,5,110
1654,671,133,55,51,56,6,5,115
1655,671,133,55,51,56,6,5,122
1656,671,132,56,51,56,6,5,112
1657,671,132,55,51,56,6,5,111
1658,671,132,56,51,56,6,5,109
1659,671,132,56,51,56,6,5,108
1660,671,132,56,51,56,6,5,96
1661,671,132,56,51,56,6,5,82
1662,671,132,56,51,56,6,5,63
1663,671,132,56,51,56,6,5,54
1664,671,133,55,51,56,6,5,46
1665,671,133,55,51,56,6,5,42
1666,671,133,55,51,56,6,5,37
1667,671,133,55,51,56,6,5,31
1668,671,132,55,51,56,6,5,22
1669,671,132,55,51,56,6,5,17
1670,671,133,55,51,56,6,5,15
1671,671,132,55,51,56,6,5,16
1672,672,132,54,51,56,6,5,16
1673,672,132,54,51,56,6,5,16
1674,672,132,54,51,56,6,5,16
1675,672,132,54,51,56,6,5,16
1676,672,132,54,51,56,6,5,19
1677,672,132,54,51,56,6,5,18
1678,672,132,54,51,56,6,5,17
1679,672,132,54,51,56,6,5,11
1680,671,133,55,51,56,6,5,9
1681,671,133,55,51,56,6,5,8
1682,671,133,55,51,56,6,5,7
1683,671,133,55,51,56,6,5,7
1684,671,133,55,51,56,6,5,6
1685,671,133,55,51,56,6,5,11
1686,671,133,55,51,56,6,5,25
1687,671,133,55,51,56,6,5,42
1688,671,132,55,52,56,6,5,57
1689,671,132,55,52,56,6,5,63
1690,671,132,55,52,56,6,5,67
1691,671,132,55,52,56,6,5,69
1692,671,132,56,51,56,6,5,79
1693,671,132,56,51,56,6,5,101
1694,671,132,56,51,56,6,5,126
1695,671,132,56,51,56,6,5,147
1696,671,132,55,51,56,6,5,157
1697,672,132,55,51,56,6,5,151
1698,671,132,55,51,56,6,5,144
1699,671,132,55,51,56,6,5,142
1700,671,132,55,51,56,6,5,149
1701,671,132,55,51,56,6,5,124
1702,672,132,55,51,56,6,5,89
1703,672,132,55,51,56,6,5,48
1704,672,133,55,51,56,6,5,36
1705,672,133,55,51,56,6,5,25
1706,672,133,55,51,56,6,5,21
1707,672,133,55,51,56,6,5,18
1708,672,133,55,51,56,6,5,19
1709,672,133,55,51,56,6,5,22
1710,672,133,55,51,56,6,5,32
1711,672,133,55,51,56,6,5,41
1712,671,133,55,51,56,6,5,51
1713,671,133,55,51,56,6,5,55
1714,671,133,55,51,56,6,5,58
1715,671,133,55,51,56,6,5,59
1716,671,133,55,51,56,6,5,60
1717,671,133,55,51,56,6,5,61
1718,671,133,55,51,56,6,5,61
1719,671,133,55,51,56,6,5,61
1720,671,133,55,51,56,6,5,68
1721,671,133,55,51,56,6,5,72
1722,671,133,55,51,56,6,5,72
1723,671,133,55,51,56,6,5,77
1724,671,133,55,51,56,6,5,86
1725,671,133,55,51,56,6,5,102
1726,671,133,55,51,56,6,5,107
1727,671,133,55,51,56,6,5,111
1728,672,133,55,51,56,6,5,126
1729,672,133,55,51,56,6,5,127
1730,672,133,55,51,56,6,5,129
1731,672,133,55,51,56,6,5,114
1732,672,133,55,51,56,6,5,97
1733,672,133,55,51,56,6,5,75
1734,672,133,55,51,56,6,5,56
1735,672,133,55,51,56,6,5,52
1736,671,132,56,51,56,6,5,54
1737,671,132,56,51,56,6,5,53
1738,671,132,56,51,56,6,5,53
1739,671,132,56,51,56,6,5,53
1740,671,132,55,51,56,6,5,59
1741,671,132,55,51,56,6,5,57
1742,671,132,55,51,56,6,5,61
1743,671,132,55,51,56,6,5,65
1744,671,132,55,51,56,6,5,71
1745,672,132,55,51,56,6,5,70
1746,672,132,55,51,56,6,5,50
1747,672,132,55,51,56,6,5,42
1748,672,132,55,51,56,6,5,34
1749,672,132,55,51,56,6,5,38
1750,672,132,55,51,56,6,5,37
1751,672,132,55,51,56,6,5,38
1752,671,133,56,51,56,6,5,38
1753,671,133,56,51,56,6,5,38
1754,671,133,56,51,56,6,5,38
1755,671,133,56,51,56,6,5,38
1756,671,133,56,51,56,6,5,39
1757,671,133,56,51,56,6,5,64
1758,671,133,56,51,56,6,5,82
1759,671,133,56,51,56,6,5,103
1760,671,132,55,51,56,6,5,99
1761,671,132,55,51,56,6,5,102
1762,671,132,55,51,56,6,5,102
1763,672,132,55,51,56,6,5,103
1764,672,132,55,51,56,6,5,91
1765,672,132,55,51,56,6,5,76
1766,672,132,55,51,56,6,5,69
1767,672,132,55,51,56,6,5,76
1768,671,132,55,51,56,6,5,74
1769,671,132,55,51,56,6,5,76
1770,671,132,55,51,56,6,5,66
1771,671,132,55,51,56,6,5,68
1772,671,132,55,51,56,6,5,47
1773,671,132,55,51,56,6,5,35
1774,671,132,55,51,56,6,5,33
1775,671,132,55,51,56,6,5,44
1776,670,133,56,51,56,6,5,60
1777,670,133,56,51,56,6,5,65
1778,671,133,56,51,56,6,5,70
1779,671,133,56,51,56,6,5,85
1780,671,132,56,51,56,6,5,98
1781,671,132,55,51,56,6,5,106
1782,671,133,55,51,56,6,5,84
1783,671,133,55,51,56,6,5,82
1784,671,133,55,51,56,6,5,75
1785,671,133,55,51,56,6,5,87
1786,671,133,55,51,56,6,5,79
1787,672,133,55,51,56,6,5,71
1788,672,133,55,51,56,6,5,70
1789,671,133,55,51,56,6,5,61
1790,672,133,55,51,56,6,5,60
1791,672,133,55,51,56,6,5,49
1792,671,132,55,51,56,6,5,46
1793,671,132,55,51,56,6,5,43
1794,672,133,55,51,56,6,5,42
1795,672,133,55,51,56,6,5,41
1796,671,133,55,51,56,6,5,41
1797,671,133,55,51,56,6,5,41
1798,671,133,55,51,56,6,5,40
1799,671,133,55,51,56,6,5,58
1800,671,133,55,51,56,6,5,80
1801,671,133,55,51,56,6,5,104
1802,671,133,56,51,56,6,5,110
1803,670,133,56,51,56,6,5,113
1804,670,132,56,51,56,6,5,111
1805,670,132,56,51,56,6,5,95
1806,670,133,56,51,56,6,5,77
1807,670,133,56,51,56,6,5,59
1808,670,132,56,51,56,6,5,53
1809,670,132,56,51,56,6,5,50
1810,670,132,56,51,56,6,5,47
1811,670,132,56,51,56,6,5,44
1812,670,132,56,51,56,6,5,35
1813,670,132,56,51,56,6,5,33
1814,670,132,56,51,56,6,5,31
1815,671,132,55,52,56,6,5,33
1816,671,132,55,51,56,6,5,33
1817,671,132,55,51,56,6,5,37
1818,671,132,55,51,56,6,5,66
1819,671,132,55,51,56,6,5,92
1820,671,132,55,51,56,6,5,118
1821,671,132,55,51,56,6,5,112
1822,671,132,55,51,56,6,5,102
1823,671,132,55,51,56,6,5,78
1824,671,132,54,51,56,6,5,63
1825,671,132,54,51,56,6,5,60
1826,671,132,55,51,56,6,5,56
1827,671,132,55,51,56,6,5,79
1828,671,132,55,51,56,6,5,77
1829,670,132,55,51,56,6,5,77
1830,670,132,55,51,56,6,5,50
1831,670,132,55,51,56,6,5,40
1832,672,133,54,51,56,6,5,40
1833,672,133,54,51,56,6,5,38
1834,671,133,54,51,56,6,5,37
1835,671,133,54,51,56,6,5,37
1836,671,133,55,51,56,6,5,43
1837,671,133,55,51,56,6,5,46
1838,671,133,55,51,56,6,5,49
1839,671,133,55,51,56,6,5,45
1840,671,132,55,52,56,6,5,45
1841,671,132,55,52,56,6,5,44
1842,671,132,55,52,56,6,5,44
1843,671,132,55,52,56,6,5,44
1844,671,132,55,51,56,6,5,38
1845,671,132,55,52,56,6,5,35
1846,671,132,55,52,56,6,5,43
1847,671,132,55,52,56,6,5,60
1848,672,133,55,51,56,6,5,78
1849,672,133,55,51,56,6,5,85
1850,672,133,55,51,56,6,5,90
1851,672,133,55,51,56,6,5,92
1852,672,133,55,51,56,6,5,94
1853,672,133,55,51,56,6,5,94
1854,672,133,55,51,56,6,5,95
1855,672,133,55,51,56,6,5,95
1856,672,132,54,51,56,6,5,95
1857,672,132,54,51,56,6,5,95
1858,672,133,54,51,56,6,5,95
1859,672,133,54,51,56,6,5,108
1860,672,132,54,51,56,6,5,124
1861,672,133,54,51,56,6,5,144
1862,672,133,54,51,56,6,5,152
1863,672,133,54,51,56,6,5,157
1864,671,133,55,51,56,6,5,160
1865,671,133,55,51,56,6,5,161
1866,671,133,55,51,56,6,5,162
1867,671,133,55,51,56,6,5,163
1868,671,133,55,51,56,6,5,163
1869,671,133,55,51,56,6,5,163
1870,671,133,55,51,56,6,5,163
1871,671,133,55,51,56,6,5,163
1872,672,133,54,51,56,6,5,163
1873,672,133,54,51,56,6,5,163
1874,672,133,54,51,56,6,5,163
1875,672,133,55,51,56,6,5,163
1876,672,133,54,51,56,6,5,163
1877,672,133,54,51,56,6,5,163
1878,672,133,54,51,56,6,5,164
1879,672,133,54,51,56,6,5,166
1880,672,133,54,51,56,6,5,142
1881,672,133,54,51,56,6,5,125
1882,672,133,54,51,56,6,5,103
1883,672,133,54,51,56,6,5,106
1884,672,133,55,51,56,6,5,103
1885,671,133,55,51,56,6,5,103
1886,671,133,55,51,56,6,5,102
1887,671,133,55,51,56,6,5,102
1888,671,132,56,51,56,6,5,102
1889,671,132,56,51,56,6,5,102
1890,671,132,56,51,56,6,5,102
1891,671,132,56,51,56,6,5,102
1892,671,132,56,51,56,6,5,102
1893,670,132,56,51,56,6,5,102
1894,671,132,56,51,56,6,5,102
1895,671,132,56,51,56,6,5,102
1896,671,133,55,51,56,6,5,102
1897,671,133,55,51,56,6,5,102
1898,671,133,55,51,56,6,5,102
1899,671,133,55,51,56,6,5,102
1900,671,133,55,51,56,6,5,113
1901,671,133,55,51,56,6,5,106
1902,671,133,55,51,56,6,5,106
1903,671,133,55,51,56,6,5,91
1904,671,133,55,51,56,6,5,97
1905,671,133,55,51,56,6,5,95
1906,671,133,55,51,56,6,5,96
1907,671,133,55,51,56,6,5,95
1908,671,133,55,51,56,6,5,104
1909,671,133,55,51,56,6,5,109
1910,671,133,55,51,56,6,5,115
1911,671,133,55,51,56,6,5,113
1912,672,133,55,51,56,6,5,114
1913,671,133,55,51,56,6,5,113
1914,672,133,55,51,56,6,5,113
1915,672,133,55,51,56,6,5,113
1916,672,133,55,51,56,6,5,108
1917,672,133,55,51,56,6,5,95
1918,671,133,55,51,56,6,5,82
1919,672,133,55,51,56,6,5,73
1920,671,133,56,51,56,6,5,72
1921,671,133,56,51,56,6,5,70
1922,671,133,56,51,56,6,5,69
1923,670,133,56,51,56,6,5,69
1924,670,133,56,51,56,6,5,72
1925,670,133,56,51,56,6,5,93
1926,670,133,56,51,56,6,5,105
1927,670,133,56,51,56,6,5,123
0,664,88,41,35,81,3,0,6
1,664,89,41,34,81,3,0,5
2,664,89,42,34,81,3,0,4
3,664,89,42,34,81,3,0,2
4,664,89,42,34,81,3,0,1
5,664,89,42,34,81,3,0,0
6,664,89,42,34,81,3,0,2
7,664,89,42,34,81,3,0,4
8,664,89,42,34,81,3,0,7
9,664,89,42,34,81,3,0,9
10,664,89,42,34,81,3,0,8
11,663,89,42,35,81,3,0,7
12,663,88,42,35,81,3,0,8
13,663,88,42,35,81,3,0,11
14,663,88,42,35,81,3,0,11
15,663,88,42,35,81,3,0,9
16,663,89,42,34,81,3,0,7
17,663,89,42,34,81,3,0,8
18,663,89,42,34,81,3,0,9
19,663,89,42,34,81,3,0,10
20,663,89,42,34,81,3,0,8
21,663,89,42,34,81,3,0,6
22,663,89,42,34,81,3,0,6
23,663,89,42,34,81,3,0,9
24,663,88,42,35,81,3,0,13
25,663,88,42,35,81,3,0,12
26,663,88,42,35,81,3,0,12
27,663,89,42,34,81,3,0,9
28,663,88,42,35,81,3,0,12
29,663,89,42,34,81,3,0,13
30,663,89,42,34,81,3,0,16
31,663,89,42,34,81,3,0,14
32,663,89,42,34,81,3,0,12
33,663,89,42,34,81,3,0,11
34,663,89,42,34,81,3,0,11
35,663,89,42,34,81,3,0,9
36,663,89,42,34,81,3,0,7
37,663,89,42,34,81,3,0,5
38,663,89,42,34,81,3,0,4
39,663,89,42,34,81,3,0,2
40,663,89,42,34,81,3,0,1
41,663,89,42,34,81,3,0,1
42,663,89,42,34,81,3,0,1
43,663,89,42,34,81,3,0,2
44,663,89,42,34,81,3,0,2
45,663,89,42,34,81,3,0,2
46,663,89,42,34,81,3,0,2
47,663,89,42,34,81,3,0,1
48,663,89,42,34,81,3,0,1
49,663,89,42,34,81,3,0,1
50,663,89,42,34,81,3,0,2
51,663,89,42,34,81,3,0,3
52,663,89,42,34,81,3,0,3
53,663,89,42,34,81,3,0,2
54,663,89,42,34,81,3,0,1
55,663,89,42,34,81,3,0,1
56,663,89,41,34,81,3,0,1
57,663,89,41,34,81,3,0,1
58,663,89,41,34,81,3,0,3
59,663,89,41,34,81,3,0,6
60,663,89,41,35,81,3,0,8
61,663,89,41,35,81,3,0,9
62,663,89,41,35,81,3,0,10
63,663,89,41,35,81,3,0,10
64,663,88,42,35,81,3,0,8
65,663,89,42,34,81,3,0,5
66,663,89,42,34,81,3,0,3
67,663,89,42,34,81,3,0,3
68,663,89,42,34,81,3,0,7
69,663,89,42,34,81,3,0,7
70,663,89,42,34,81,3,0,8
71,663,89,42,34,81,3,0,3
72,663,89,41,34,81,3,0,2
73,663,89,41,34,81,3,0,1
74,663,89,41,34,81,3,0,0
75,663,89,41,34,81,3,0,0
76,663,89,41,34,81,3,0,0
77,663,89,41,34,81,3,0,0
78,663,89,41,34,81,3,0,0
79,663,89,41,34,81,3,0,0
80,663,89,41,34,81,3,0,0
81,663,89,41,35,81,3,0,0
82,663,89,42,34,81,3,0,1
83,663,89,42,34,81,3,0,1
84,663,89,41,34,81,3,0,2
85,663,89,41,34,81,3,0,2
86,663,89,41,34,81,3,0,4
87,663,89,41,34,81,3,0,5
88,663,89,41,34,81,3,0,5
89,663,89,41,34,81,3,0,4
90,663,89,41,34,81,3,0,3
91,663,89,42,34,81,3,0,2
92,663,89,42,34,81,3,0,1
93,663,89,41,34,81,3,0,1
94,663,89,42,34,81,3,0,3
95,663,89,42,34,81,3,0,5
96,663,89,42,34,81,3,0,8
97,663,89,42,34,81,3,0,9
98,663,89,42,34,81,3,0,10
99,663,89,42,34,81,3,0,11
100,663,89,42,34,81,3,0,9
101,663,89,42,34,81,3,0,7
102,663,89,42,34,81,3,0,6
103,663,89,42,34,81,3,0,8
104,663,89,42,34,81,3,0,10
105,663,89,42,34,81,3,0,11
106,663,89,42,34,81,3,0,12
107,663,89,42,34,81,3,0,13
108,663,89,42,34,81,3,0,12
109,663,89,42,34,81,3,0,10
110,663,89,42,34,81,3,0,10
111,663,89,42,34,81,3,0,13
112,663,88,42,35,81,3,0,17
113,663,88,42,35,81,3,0,18
114,663,88,42,35,81,3,0,14
115,663,88,42,34,81,3,0,13
116,663,89,42,34,81,3,0,9
117,663,88,42,35,81,3,0,8
118,663,88,42,35,81,3,0,7
119,663,88,42,35,81,3,0,8
120,663,89,41,34,81,3,0,9
121,663,89,42,34,81,3,0,9
122,663,89,42,34,81,3,0,9
123,663,89,42,34,81,3,0,10
124,664,89,42,34,81,3,0,9
125,664,89,42,34,81,3,0,7
126,664,89,42,34,81,3,0,5
127,663,89,42,34,81,3,0,3
128,664,89,42,34,81,3,0,3
129,663,89,42,34,81,3,0,3
130,663,89,42,34,81,3,0,3
131,664,89,42,34,81,3,0,2
132,663,89,42,34,81,3,0,2
133,664,89,41,34,81,3,0,2
134,664,89,41,34,81,3,0,2
135,664,89,41,34,81,3,0,2
136,663,89,42,34,81,3,0,3
137,663,89,42,34,81,3,0,4
138,663,89,42,34,81,3,0,7
139,663,89,42,34,81,3,0,8
140,663,89,42,34,81,3,0,8
141,663,89,42,34,81,3,0,5
142,663,89,42,34,81,3,0,7
143,663,89,42,34,81,3,0,9
144,663,89,42,34,81,3,0,13
145,663,89,42,34,81,3,0,13
146,663,89,42,34,81,3,0,11
147,663,89,42,34,81,3,0,8
148,663,89,42,34,81,3,0,7
149,663,89,42,34,81,3,0,7
150,663,89,42,34,81,3,0,8
151,663,89,42,34,81,3,0,8
152,663,89,42,34,81,3,0,6
153,663,89,42,34,81,3,0,4
154,663,89,42,34,81,3,0,5
155,663,89,42,34,81,3,0,9
156,664,89,42,34,81,3,0,10
157,664,89,42,34,81,3,0,11
158,663,89,42,34,81,3,0,11
159,663,89,42,34,81,3,0,12
160,663,89,42,34,81,3,0,9
161,663,89,42,34,81,3,0,5
162,663,89,42,34,81,3,0,4
163,663,89,42,34,81,3,0,4
164,663,89,42,34,81,3,0,4
165,663,89,42,34,81,3,0,3
166,663,89,42,34,81,3,0,5
167,663,89,42,34,81,3,0,9
168,663,88,42,35,81,3,0,14
169,663,88,42,35,81,3,0,13
170,663,88,42,35,81,3,0,10
171,663,89,42,35,81,3,0,6
172,663,89,42,35,81,3,0,9
173,663,89,42,35,81,3,0,12
174,663,89,42,35,81,3,0,18
175,663,89,42,35,81,3,0,16
176,663,89,42,34,81,3,0,13
177,663,89,42,35,81,3,0,7
178,663,89,42,35,81,3,0,10
179,663,89,42,35,81,3,0,15
180,663,88,42,34,81,3,0,22
181,663,88,42,34,81,3,0,23
182,663,88,42,34,81,3,0,20
183,663,88,42,34,81,3,0,16
184,663,89,42,34,81,3,0,13
185,663,89,42,34,81,3,0,15
186,663,89,42,34,81,3,0,18
187,663,89,42,34,81,3,0,19
188,663,89,42,34,81,3,0,16
189,663,89,42,34,81,3,0,12
190,663,89,42,34,81,3,0,6
191,663,89,42,34,81,3,0,4
192,663,89,42,34,81,3,0,3
193,663,89,42,34,81,3,0,2
194,663,89,42,34,81,3,0,1
195,663,89,42,34,81,3,0,0
196,663,89,42,34,81,3,0,0
197,663,89,42,34,81,3,0,0
198,663,89,42,34,81,3,0,2
199,663,89,42,34,81,3,0,4
200,663,89,42,34,81,3,0,7
201,663,89,42,34,81,3,0,6
202,663,89,42,34,81,3,0,5
203,663,89,42,34,81,3,0,3
204,663,89,42,34,81,3,0,5
205,663,89,42,34,81,3,0,6
206,663,89,42,34,81,3,0,9
207,663,89,42,34,81,3,0,8
208,663,89,42,34,81,3,0,9
209,663,89,42,34,81,3,0,7
210,663,89,42,34,81,3,0,7
211,663,89,42,34,81,3,0,4
212,663,89,42,34,81,3,0,3
213,663,89,42,34,81,3,0,5
214,663,89,42,34,81,3,0,9
215,663,89,42,34,81,3,0,10
216,663,89,42,34,81,3,0,8
217,663,89,42,34,81,3,0,5
218,663,89,42,34,81,3,0,4
219,663,89,42,34,81,3,0,3
220,663,89,42,34,81,3,0,2
221,663,89,42,34,81,3,0,2
222,663,89,42,34,81,3,0,2
223,663,89,42,34,81,3,0,2
224,663,89,42,34,81,3,0,2
225,663,89,42,34,81,3,0,2
226,663,89,42,34,81,3,0,2
227,663,89,42,34,81,3,0,2
228,663,89,42,34,81,3,0,6
229,663,89,42,34,81,3,0,6
230,663,90,42,33,81,3,0,10
231,663,89,42,34,81,3,0,10
232,663,89,41,34,81,3,0,13
233,663,89,41,34,81,3,0,15
234,663,89,42,34,81,3,0,12
235,663,89,42,34,81,3,0,12
236,663,89,42,34,81,3,0,9
237,663,89,42,35,81,3,0,9
238,663,89,42,35,81,3,0,8
239,663,89,42,35,81,3,0,10
240,663,89,42,34,81,3,0,13
241,663,89,42,34,81,3,0,14
242,663,89,42,34,81,3,0,15
243,663,89,42,34,81,3,0,15
244,663,89,42,34,81,3,0,12
245,663,89,42,34,81,3,0,8
246,663,89,42,34,81,3,0,4
247,663,89,42,34,81,3,0,3
248,663,89,42,34,81,3,0,7
249,663,89,42,34,81,3,0,7
250,663,90,42,34,81,3,0,8
251,663,89,42,34,81,3,0,4
252,663,89,42,34,81,3,0,3
253,663,89,42,34,81,3,0,2
254,663,89,42,34,81,3,0,3
255,663,89,42,34,81,3,0,5
256,663,89,42,34,81,3,0,7
257,663,89,42,34,81,3,0,7
258,663,89,42,34,81,3,0,7
259,663,89,42,34,81,3,0,7
260,663,89,42,34,81,3,0,6
261,663,89,42,34,81,3,0,4
262,663,89,42,34,81,3,0,2
263,663,89,42,34,81,3,0,1
264,663,89,42,34,81,3,0,1
265,663,89,42,34,81,3,0,1
266,663,89,42,34,81,3,0,1
267,663,89,42,34,81,3,0,0
268,663,89,42,34,81,3,0,0
269,663,89,42,34,81,3,0,0
270,663,89,42,34,81,3,0,0
271,663,89,42,34,81,3,0,0
272,663,89,43,34,81,3,0,1
273,663,89,43,34,81,3,0,1
274,663,89,43,34,81,3,0,1
275,663,89,43,34,81,3,0,2
276,663,89,42,34,81,3,0,2
277,663,89,42,34,81,3,0,2
278,663,89,42,34,81,3,0,1
279,663,89,42,34,81,3,0,1
280,663,89,42,34,81,3,0,0
281,663,89,42,34,81,3,0,0
282,663,89,42,34,81,3,0,0
283,663,89,42,34,81,3,0,0
284,663,89,42,34,81,3,0,0
285,663,89,42,34,81,3,0,1
286,663,89,42,34,81,3,0,2
287,663,89,42,34,81,3,0,3
288,663,89,42,34,81,3,0,3
289,663,89,42,34,81,3,0,3
290,663,89,42,34,81,3,0,3
291,663,89,42,34,81,3,0,4
292,663,89,42,34,81,3,0,5
293,663,89,42,34,81,3,0,5
294,663,89,42,34,81,3,0,6
295,663,89,42,34,81,3,0,9
296,663,89,42,34,81,3,0,12
297,663,89,42,34,81,3,0,13
298,663,89,42,34,81,3,0,13
299,663,89,42,34,81,3,0,12
300,663,89,42,34,81,3,0,9
301,663,89,42,34,81,3,0,6
302,663,89,42,34,81,3,0,6
303,663,89,42,34,81,3,0,9
304,663,89,42,34,81,3,0,12
305,663,89,42,34,81,3,0,14
306,663,89,42,34,81,3,0,14
307,663,89,42,34,81,3,0,15
308,663,89,42,34,81,3,0,12
309,663,89,42,34,81,3,0,9
310,663,89,42,34,81,3,0,6
311,663,89,42,34,81,3,0,6
312,663,89,42,34,81,3,0,8
313,663,89,42,34,81,3,0,8
314,663,89,42,34,81,3,0,9
315,663,89,42,34,81,3,0,10
316,663,89,42,34,81,3,0,8
317,663,89,42,34,81,3,0,6
318,663,89,42,34,81,3,0,4
319,663,89,42,34,81,3,0,3
320,663,89,42,34,81,3,0,2
321,663,89,42,34,81,3,0,2
322,663,89,42,34,81,3,0,2
323,663,89,42,34,81,3,0,1
324,663,89,42,34,81,3,0,0
325,663,89,42,34,81,3,0,0
326,663,89,42,34,81,3,0,0
327,663,89,42,34,81,3,0,0
328,663,89,42,34,81,3,0,0
329,663,89,42,34,81,3,0,1
330,663,89,42,34,81,3,0,2
331,663,89,42,34,81,3,0,2
332,663,89,42,34,81,3,0,2
333,663,89,42,34,81,3,0,1
334,663,89,42,34,81,3,0,1
335,663,89,42,34,81,3,0,0
336,663,89,42,34,81,3,0,0
337,663,89,42,34,81,3,0,0
338,663,89,42,34,81,3,0,1
339,663,89,42,34,81,3,0,1
340,663,89,42,34,81,3,0,1
341,663,89,42,34,81,3,0,0
342,663,89,42,34,81,3,0,2
343,663,89,42,34,81,3,0,3
344,663,89,42,34,81,3,0,3
345,663,89,42,34,81,3,0,2
346,663,89,42,34,81,3,0,2
347,663,89,42,34,81,3,0,2
348,663,89,42,34,81,3,0,3
349,663,89,42,34,81,3,0,4
350,663,89,42,34,81,3,0,4
351,663,89,42,34,81,3,0,5
352,663,89,42,34,81,3,0,4
353,663,89,42,34,81,3,0,4
354,663,89,42,34,81,3,0,1
355,663,89,42,34,81,3,0,1
356,663,89,42,34,81,3,0,0
357,663,89,42,34,81,3,0,0
358,663,89,41,34,81,3,0,0
359,663,89,41,34,81,3,0,0
360,663,89,42,34,81,3,0,0
361,663,89,42,34,81,3,0,0
362,663,89,42,34,81,3,0,0
363,663,89,42,34,81,3,0,0
364,663,89,42,34,81,3,0,0
365,663,89,42,34,81,3,0,0
366,663,89,42,34,81,3,0,2
367,663,89,42,34,81,3,0,5
368,663,89,42,34,81,3,0,8
369,663,89,42,34,81,3,0,9
370,663,89,42,34,81,3,0,11
371,663,89,42,34,81,3,0,12
372,663,89,42,34,81,3,0,10
373,663,89,42,34,81,3,0,7
374,663,89,42,34,81,3,0,4
375,663,89,42,34,81,3,0,5
376,663,89,42,34,81,3,0,7
377,663,89,42,34,81,3,0,9
378,663,89,42,34,81,3,0,11
379,663,89,42,34,81,3,0,10
380,664,89,42,34,81,3,0,8
381,663,89,42,34,81,3,0,5
382,663,89,42,34,81,3,0,4
383,663,89,42,34,81,3,0,5
384,664,89,41,35,81,3,0,5
385,664,89,41,35,81,3,0,6
386,664,89,41,35,81,3,0,8
387,664,89,41,35,81,3,0,10
388,663,89,41,35,81,3,0,8
389,663,89,41,35,81,3,0,6
390,663,89,41,35,81,3,0,3
391,663,89,41,35,81,3,0,3
392,663,89,42,34,81,3,0,4
393,663,89,42,34,81,3,0,3
394,663,89,42,34,81,3,0,5
395,663,89,42,34,81,3,0,6
396,663,89,42,34,81,3,0,9
397,663,89,42,34,81,3,0,8
398,663,89,42,34,81,3,0,10
399,663,89,42,34,81,3,0,11
400,663,89,42,34,81,3,0,12
401,663,89,42,34,81,3,0,9
402,663,89,42,34,81,3,0,6
403,663,89,42,34,81,3,0,5
404,663,89,42,34,81,3,0,3
405,663,89,42,34,81,3,0,2
406,663,89,42,34,81,3,0,1
407,663,89,42,34,81,3,0,1
408,664,89,42,34,81,3,0,2
409,664,89,42,34,81,3,0,2
410,663,89,42,34,81,3,0,3
411,663,89,42,34,81,3,0,3
412,663,89,42,34,81,3,0,2
413,663,89,42,34,81,3,0,1
414,663,89,42,34,81,3,0,1
415,663,89,42,34,81,3,0,2
416,663,89,42,34,81,3,0,3
417,663,89,42,34,81,3,0,3
418,663,89,42,34,81,3,0,3
419,663,89,42,34,81,3,0,3
420,663,89,42,34,81,3,0,4
421,663,89,42,34,81,3,0,5
422,663,89,42,34,81,3,0,6
423,663,89,42,34,81,3,0,5
424,664,89,42,34,81,3,0,4
425,664,89,42,34,81,3,0,4
426,664,89,42,34,81,3,0,5
427,664,89,42,34,81,3,0,5
428,664,89,42,34,81,3,0,4
429,664,89,42,34,81,3,0,3
430,664,89,42,34,81,3,0,5
431,664,89,42,34,81,3,0,8
432,663,89,42,35,81,3,0,13
433,663,89,42,35,81,3,0,14
434,663,89,42,35,81,3,0,15
435,663,89,42,35,81,3,0,16
436,663,89,42,35,81,3,0,13
437,663,89,42,35,81,3,0,9
438,663,89,42,35,81,3,0,8
439,663,89,42,35,81,3,0,10
440,663,89,42,34,81,3,0,14
441,663,89,42,34,81,3,0,16
442,663,89,42,34,81,3,0,17
443,663,89,42,34,81,3,0,18
444,663,89,42,34,81,3,0,15
445,663,89,42,34,81,3,0,11
446,663,89,42,34,81,3,0,9
447,663,89,42,34,81,3,0,11
448,663,89,42,35,81,3,0,14
449,663,89,42,35,81,3,0,12
450,663,89,42,35,81,3,0,10
451,663,89,42,34,81,3,0,8
452,663,89,42,34,81,3,0,7
453,663,89,42,35,81,3,0,5
454,663,89,42,35,81,3,0,3
455,663,89,42,35,81,3,0,3
456,663,89,42,34,81,3,0,3
457,663,89,42,34,81,3,0,4
458,663,89,42,34,81,3,0,3
459,663,89,42,34,81,3,0,3
460,663,89,42,34,81,3,0,2
461,663,89,42,34,81,3,0,1
462,663,89,42,34,81,3,0,1
463,663,89,42,34,81,3,0,1
464,663,89,42,35,81,3,0,1
465,663,89,42,34,81,3,0,1
466,663,89,42,34,81,3,0,2
467,663,89,42,35,81,3,0,2
468,664,89,42,34,81,3,0,2
469,664,89,42,35,81,3,0,1
470,664,89,42,34,81,3,0,1
471,664,89,42,34,81,3,0,1
472,663,89,42,34,81,3,0,2
473,663,89,42,34,81,3,0,2
474,663,89,42,34,81,3,0,3
475,663,89,42,34,81,3,0,3
476,663,89,42,34,81,3,0,2
477,663,89,42,34,81,3,0,2
478,663,89,42,34,81,3,0,2
479,663,89,42,34,81,3,0,4
480,663,89,42,34,81,3,0,6
481,663,89,42,34,81,3,0,7
482,663,89,42,34,81,3,0,8
483,663,89,42,34,81,3,0,8
484,663,89,42,34,81,3,0,6
485,663,89,42,34,81,3,0,4
486,663,89,42,34,81,3,0,3
487,663,89,42,34,81,3,0,3
488,663,89,42,34,81,3,0,3
489,663,89,42,34,81,3,0,2
490,663,89,42,34,81,3,0,2
491,663,89,42,34,81,3,0,1
492,663,89,42,34,81,3,0,2
493,663,89,42,34,81,3,0,1
494,663,89,42,34,81,3,0,3
495,663,89,42,34,81,3,0,5
496,663,89,42,34,81,3,0,8
497,663,89,42,34,81,3,0,8
498,663,89,42,34,81,3,0,6
499,663,89,42,34,81,3,0,4
500,663,89,42,34,81,3,0,3
501,663,89,42,34,81,3,0,5
502,663,89,42,34,81,3,0,8
503,663,89,42,34,81,3,0,10
504,663,89,42,34,81,3,0,11
505,663,89,42,34,81,3,0,10
506,663,89,42,34,81,3,0,9
507,663,89,42,34,81,3,0,8
508,663,89,42,34,81,3,0,6
509,663,89,42,34,81,3,0,4
510,663,89,42,34,81,3,0,3
511,663,89,42,34,81,3,0,3
512,663,89,42,34,81,3,0,4
513,663,89,42,34,81,3,0,5
514,663,89,42,34,81,3,0,5
515,663,89,42,34,81,3,0,5
516,663,89,42,34,81,3,0,4
517,663,89,42,34,81,3,0,3
518,663,89,42,34,81,3,0,2
519,663,89,42,34,81,3,0,2
520,663,89,42,34,81,3,0,5
521,663,89,42,34,81,3,0,5
522,663,89,42,34,81,3,0,5
523,663,89,42,34,81,3,0,3
524,663,89,42,34,81,3,0,2
525,663,89,42,34,81,3,0,1
526,663,89,42,34,81,3,0,3
527,663,89,42,34,81,3,0,3
528,664,89,42,34,81,3,0,3
529,664,89,42,34,81,3,0,1
530,664,89,42,34,81,3,0,1
531,664,89,42,34,81,3,0,0
532,664,89,42,34,81,3,0,0
533,664,89,42,34,81,3,0,0
534,664,89,42,34,81,3,0,0
535,664,89,42,34,81,3,0,0
536,664,89,42,34,81,3,0,0
537,664,89,42,34,81,3,0,0
538,664,89,42,34,81,3,0,2
539,664,89,42,34,81,3,0,3
540,663,89,42,34,81,3,0,3
541,663,89,42,34,81,3,0,1
542,663,89,42,34,81,3,0,1
543,663,89,42,34,81,3,0,1
544,663,89,42,34,81,3,0,2
545,663,89,42,34,81,3,0,2
546,663,89,42,34,81,3,0,3
547,663,89,42,34,81,3,0,3
548,663,89,42,34,81,3,0,3
549,664,89,42,34,81,3,0,4
550,664,89,42,34,81,3,0,5
551,664,89,42,34,81,3,0,7
552,663,89,42,34,81,3,0,9
553,663,89,42,34,81,3,0,10
554,664,89,42,34,81,3,0,10
555,664,89,42,34,81,3,0,10
556,664,89,42,34,81,3,0,8
557,664,89,42,34,81,3,0,6
558,664,89,42,34,81,3,0,4
559,664,89,42,34,81,3,0,5
560,664,89,42,34,81,3,0,6
561,664,89,42,34,81,3,0,7
562,664,89,42,34,81,3,0,8
563,664,89,42,34,81,3,0,8
564,664,89,42,34,81,3,0,6
565,664,89,42,34,81,3,0,4
566,664,89,42,34,81,3,0,4
567,664,89,42,34,81,3,0,5
568,664,89,42,34,81,3,0,7
569,664,89,42,34,81,3,0,7
570,664,89,42,34,81,3,0,7
571,664,89,42,34,81,3,0,7
572,664,89,42,34,81,3,0,6
573,664,89,42,34,81,3,0,4
574,664,89,42,34,81,3,0,4
575,664,89,42,34,81,3,0,5
576,663,88,42,35,81,3,0,7
577,664,88,42,35,81,3,0,7
578,664,88,42,35,81,3,0,8
579,664,88,42,35,81,3,0,8
580,664,88,42,35,81,3,0,7
581,664,88,42,35,81,3,0,5
582,664,88,42,35,81,3,0,4
583,664,88,42,35,81,3,0,5
584,663,88,42,34,81,3,0,6
585,663,88,42,35,81,3,0,11
586,663,88,42,34,81,3,0,11
587,663,89,42,34,81,3,0,11
588,663,88,42,35,81,3,0,5
589,663,88,42,35,81,3,0,4
590,663,88,42,35,81,3,0,3
591,663,88,42,34,81,3,0,6
592,663,88,42,35,81,3,0,6
593,663,88,42,35,81,3,0,6
594,663,88,42,35,81,3,0,4
595,663,88,42,35,81,3,0,4
596,663,88,42,35,81,3,0,3
597,663,88,42,35,81,3,0,7
598,663,88,42,35,81,3,0,8
599,663,89,42,35,81,3,0,9
600,664,89,42,34,81,3,0,5
601,664,89,42,34,81,3,0,5
602,664,89,42,34,81,3,0,4
603,664,89,42,34,81,3,0,7
604,664,89,42,34,81,3,0,6
605,664,89,42,34,81,3,0,6
606,664,89,42,34,81,3,0,3
607,664,89,42,34,81,3,0,3
608,663,89,42,34,81,3,0,3
609,663,89,42,34,81,3,0,2
610,663,89,43,34,81,3,0,3
611,663,89,42,34,81,3,0,4
612,663,89,42,34,81,3,0,6
613,663,89,42,34,81,3,0,6
614,663,89,42,34,81,3,0,7
615,663,89,42,34,81,3,0,6
616,663,89,42,34,81,3,0,6
617,663,89,42,34,81,3,0,7
618,663,89,42,34,81,3,0,8
619,663,89,42,34,81,3,0,8
620,663,89,42,34,81,3,0,7
621,663,89,42,34,81,3,0,7
622,663,89,42,34,81,3,0,7
623,664,89,42,34,81,3,0,9
624,663,89,42,34,81,3,0,10
625,663,89,42,34,81,3,0,10
626,663,89,42,34,81,3,0,10
627,663,89,42,34,81,3,0,8
628,663,89,42,34,81,3,0,6
629,663,89,42,34,81,3,0,3
630,663,89,42,34,81,3,0,2
631,663,89,42,34,81,3,0,1
632,663,89,42,34,81,3,0,1
633,663,89,42,34,81,3,0,1
634,663,89,42,34,81,3,0,0
635,663,89,42,34,81,3,0,0
636,664,89,42,34,81,3,0,0
637,664,89,42,34,81,3,0,1
638,664,89,42,34,81,3,0,1
639,663,89,42,34,81,3,0,1
640,663,89,42,34,81,3,0,3
641,663,89,42,34,81,3,0,3
642,663,89,42,33,81,3,0,4
643,663,89,42,34,81,3,0,2
644,663,89,42,34,81,3,0,2
645,663,89,42,34,81,3,0,1
646,663,89,42,34,81,3,0,3
647,663,89,42,34,81,3,0,5
648,663,89,42,34,81,3,0,6
649,663,89,42,34,81,3,0,4
650,663,89,42,34,81,3,0,3
651,663,89,42,34,81,3,0,3
652,663,89,42,34,81,3,0,2
653,663,89,42,34,81,3,0,1
654,663,89,42,34,81,3,0,2
655,663,89,42,34,81,3,0,4
656,663,89,42,34,81,3,0,7
657,663,89,42,34,81,3,0,8
658,663,89,42,34,81,3,0,9
659,663,89,42,34,81,3,0,9
660,663,89,42,34,81,3,0,8
661,663,89,42,34,81,3,0,8
662,663,89,42,34,81,3,0,10
663,663,89,42,34,81,3,0,14
664,663,88,42,34,81,3,0,17
665,663,88,42,35,81,3,0,19
666,663,88,42,35,81,3,0,18
667,663,88,42,35,81,3,0,14
668,663,88,42,35,81,3,0,10
669,663,88,42,35,81,3,0,8
670,663,88,42,35,81,3,0,7
671,663,88,42,35,81,3,0,5
672,663,88,42,35,81,3,0,4
673,663,88,42,35,81,3,0,4
674,663,88,42,35,81,3,0,4
675,663,88,42,35,81,3,0,3
676,663,88,42,35,81,3,0,5
677,663,88,42,35,81,3,0,6
678,663,88,42,35,81,3,0,6
679,663,88,42,35,81,3,0,4
680,663,88,42,35,81,3,0,3
681,663,88,42,35,81,3,0,4
682,663,88,42,35,81,3,0,5
683,663,88,42,34,81,3,0,5
684,663,89,42,34,81,3,0,2
685,663,89,42,34,81,3,0,2
686,663,89,42,34,81,3,0,2
687,664,89,42,34,81,3,0,3
688,664,89,42,34,81,3,0,2
689,664,89,42,34,81,3,0,3
690,664,89,42,34,81,3,0,2
691,664,89,42,34,81,3,0,3
692,663,89,42,34,81,3,0,3
693,664,89,42,34,81,3,0,3
694,663,89,42,34,81,3,0,4
695,664,89,42,34,81,3,0,6
696,663,88,43,34,81,3,0,8
697,663,88,43,34,81,3,0,8
698,663,88,43,34,81,3,0,8
699,663,88,43,34,81,3,0,9
700,663,88,43,34,81,3,0,7
701,663,88,43,34,81,3,0,5
702,663,88,43,34,81,3,0,4
703,663,88,43,34,81,3,0,3
704,663,88,43,34,81,3,0,3
705,663,88,43,34,81,3,0,2
706,663,88,43,34,81,3,0,2
707,664,88,42,34,81,3,0,3
708,663,88,42,35,81,3,0,5
709,663,88,42,35,81,3,0,6
710,663,88,42,35,81,3,0,7
711,663,88,42,35,81,3,0,9
712,663,88,42,34,81,3,0,11
713,663,88,42,34,81,3,0,14
714,663,88,42,34,81,3,0,11
715,663,88,42,34,81,3,0,9
716,663,88,42,34,81,3,0,7
717,663,88,42,34,81,3,0,8
718,663,88,42,34,81,3,0,9
719,663,88,42,34,81,3,0,10
720,663,88,42,34,81,3,0,8
721,663,88,42,34,81,3,0,6
722,663,88,42,34,81,3,0,3
723,663,88,42,34,81,3,0,2
724,663,88,42,34,81,3,0,1
725,663,88,42,34,81,3,0,0
726,663,88,42,34,81,3,0,1
727,663,88,42,34,81,3,0,1
728,663,88,42,34,81,3,0,3
729,663,88,42,34,81,3,0,3
730,663,88,42,34,81,3,0,8
731,663,88,42,34,81,3,0,12
732,663,88,42,35,81,3,0,17
733,663,88,42,35,81,3,0,18
734,663,88,42,35,81,3,0,14
735,663,88,42,35,81,3,0,10
736,663,88,42,34,81,3,0,8
737,663,88,42,34,81,3,0,10
738,663,88,42,34,81,3,0,14
739,663,88,42,34,81,3,0,15
740,663,88,42,34,81,3,0,13
741,663,88,42,34,81,3,0,9
742,663,88,42,34,81,3,0,5
743,663,88,42,34,81,3,0,4
744,663,87,42,35,81,3,0,4
745,663,87,42,35,81,3,0,4
746,663,87,42,35,81,3,0,4
747,663,87,42,35,81,3,0,4
748,663,87,42,35,81,3,0,6
749,663,87,42,35,81,3,0,8
750,663,88,42,35,81,3,0,12
751,663,88,42,35,81,3,0,14
752,663,88,42,35,81,3,0,17
753,663,88,42,35,81,3,0,19
754,663,88,42,35,81,3,0,16
755,663,88,42,35,81,3,0,12
756,663,88,42,35,81,3,0,7
757,663,88,42,35,81,3,0,5
758,663,88,42,35,81,3,0,5
759,663,88,42,35,81,3,0,7
760,663,88,42,35,81,3,0,10
761,663,88,41,34,81,3,0,11
762,663,88,41,34,81,3,0,12
763,663,88,41,34,81,3,0,12
764,663,88,41,34,81,3,0,10
765,663,88,42,34,81,3,0,7
766,663,88,42,35,81,3,0,4
767,663,88,42,35,81,3,0,4
768,663,88,42,35,81,3,0,5
769,663,88,42,35,81,3,0,5
770,663,88,42,35,81,3,0,5
771,663,88,42,35,81,3,0,5
772,663,88,42,35,81,3,0,4
773,663,88,42,35,81,3,0,3
774,663,88,42,35,81,3,0,1
775,663,88,42,35,81,3,0,1
776,663,88,42,35,81,3,0,0
777,663,88,42,35,81,3,0,1
778,663,88,42,35,81,3,0,1
779,663,88,42,35,81,3,0,2
780,663,88,42,35,81,3,0,2
781,663,88,42,35,81,3,0,2
782,663,88,42,35,81,3,0,2
783,663,88,42,35,81,3,0,2
784,663,88,42,35,81,3,0,2
785,663,88,42,35,81,3,0,1
786,663,88,42,35,81,3,0,0
787,663,88,42,35,81,3,0,1
788,663,88,42,35,81,3,0,1
789,663,88,42,35,81,3,0,2
790,663,88,42,34,81,3,0,4
791,663,88,42,34,81,3,0,7
792,664,89,42,34,81,3,0,10
793,664,89,42,34,81,3,0,11
794,664,89,42,34,81,3,0,11
795,664,89,42,34,81,3,0,11
796,664,89,42,34,81,3,0,9
797,664,89,42,34,81,3,0,6
798,663,89,42,34,81,3,0,3
799,663,89,42,34,81,3,0,1
800,664,89,42,34,81,3,0,0
801,664,89,42,34,81,3,0,1
802,664,89,42,34,81,3,0,2
803,664,89,42,34,81,3,0,3
804,663,89,42,34,81,3,0,3
805,663,89,42,34,81,3,0,3
806,663,89,42,34,81,3,0,6
807,663,89,42,34,81,3,0,9
808,664,88,42,34,81,3,0,13
809,664,88,42,34,81,3,0,11
810,664,88,42,34,81,3,0,9
811,664,89,42,34,81,3,0,5
812,664,89,42,34,81,3,0,8
813,664,89,42,34,81,3,0,12
814,663,89,42,34,81,3,0,14
815,663,89,42,34,81,3,0,14
816,663,89,42,34,81,3,0,13
817,663,89,42,34,81,3,0,15
818,663,89,42,34,81,3,0,15
819,663,89,42,34,81,3,0,13
820,663,89,42,34,81,3,0,11
821,663,89,42,34,81,3,0,9
822,663,89,42,34,81,3,0,9
823,663,89,42,34,81,3,0,9
824,663,88,42,34,81,3,0,8
825,663,88,42,34,81,3,0,7
826,663,88,42,34,81,3,0,6
827,663,89,42,34,81,3,0,8
828,663,89,42,34,81,3,0,7
829,663,88,42,34,81,3,0,6
830,663,88,42,34,81,3,0,3
831,663,88,42,34,81,3,0,9
832,663,89,42,34,81,3,0,12
833,663,89,42,34,81,3,0,15
834,663,89,42,34,81,3,0,11
835,663,89,42,34,81,3,0,10
836,663,89,42,34,81,3,0,8
837,663,89,42,34,81,3,0,5
838,663,89,42,34,81,3,0,6
839,663,89,42,34,81,3,0,8
840,663,89,42,34,81,3,0,12
841,663,89,42,34,81,3,0,13
842,663,89,42,34,81,3,0,14
843,663,89,42,34,81,3,0,14
844,663,89,42,34,81,3,0,13
845,663,89,42,34,81,3,0,11
846,663,89,41,34,81,3,0,7
847,663,89,41,34,81,3,0,5
848,663,89,42,34,81,3,0,3
849,663,89,42,34,81,3,0,2
850,663,89,42,34,81,3,0,2
851,663,89,42,34,81,3,0,2
852,663,88,42,35,81,3,0,5
853,663,88,42,35,81,3,0,7
854,663,88,42,35,81,3,0,11
855,663,88,42,35,81,3,0,13
856,663,88,42,34,81,3,0,13
857,663,88,42,34,81,3,0,12
858,663,88,42,35,81,3,0,10
859,663,88,42,34,81,3,0,9
860,663,88,42,34,81,3,0,8
861,663,88,42,34,81,3,0,7
862,663,88,42,34,81,3,0,5
863,663,88,42,34,81,3,0,3
864,663,88,42,35,81,3,0,2
865,663,88,42,35,81,3,0,1
866,663,88,42,34,81,3,0,2
867,663,88,42,34,81,3,0,3
868,663,88,42,34,81,3,0,3
869,663,88,43,35,81,3,0,2
870,663,88,42,34,81,3,0,1
871,663,88,42,34,81,3,0,6
872,663,88,42,34,81,3,0,6
873,663,89,42,34,81,3,0,8
874,663,88,42,34,81,3,0,5
875,663,88,42,34,81,3,0,7
876,663,89,42,34,81,3,0,9
877,663,89,42,34,81,3,0,9
878,663,89,42,34,81,3,0,11
879,663,89,42,34,81,3,0,13
880,663,89,42,34,81,3,0,13
881,663,89,42,34,81,3,0,11
882,663,89,42,34,81,3,0,8
883,663,89,42,34,81,3,0,7
884,663,89,42,34,81,3,0,5
885,664,89,42,34,81,3,0,3
886,664,89,42,34,81,3,0,4
887,664,89,42,34,81,3,0,7
888,663,89,42,34,81,3,0,10
889,663,89,42,34,81,3,0,11
890,663,89,42,34,81,3,0,12
891,663,89,42,34,81,3,0,13
892,663,89,42,34,81,3,0,10
893,663,89,42,34,81,3,0,7
894,663,89,42,34,81,3,0,6
895,663,89,42,34,81,3,0,8
896,663,89,42,34,81,3,0,11
897,663,89,42,34,81,3,0,12
898,663,89,42,34,81,3,0,13
899,663,89,42,34,81,3,0,13
900,663,89,42,34,81,3,0,11
901,663,89,42,34,81,3,0,7
902,663,89,42,34,81,3,0,3
903,663,89,42,34,81,3,0,2
904,663,89,42,34,81,3,0,2
905,663,89,42,34,81,3,0,2
906,663,89,42,34,81,3,0,2
907,663,89,42,34,81,3,0,1
908,663,89,42,34,81,3,0,1
909,663,89,42,34,81,3,0,2
910,663,89,42,34,81,3,0,2
911,663,89,42,34,81,3,0,2
912,663,89,41,34,81,3,0,2
913,663,89,42,34,81,3,0,2
914,663,89,41,34,81,3,0,2
915,663,89,42,34,81,3,0,2
916,663,89,42,34,81,3,0,2
917,663,89,41,34,81,3,0,2
918,663,89,41,34,81,3,0,1
919,663,89,41,34,81,3,0,1
920,664,89,42,34,81,3,0,0
921,664,89,42,34,81,3,0,0
922,664,89,42,34,81,3,0,2
923,664,89,42,34,81,3,0,5
924,663,89,42,34,81,3,0,8
925,663,89,42,34,81,3,0,8
926,663,89,42,34,81,3,0,9
927,663,89,42,34,81,3,0,10
928,663,88,42,35,81,3,0,13
929,663,88,42,35,81,3,0,16
930,663,88,42,35,81,3,0,19
931,663,88,42,35,81,3,0,20
932,663,88,42,35,81,3,0,16
933,663,88,42,35,81,3,0,11
934,663,88,42,35,81,3,0,8
935,663,88,42,35,81,3,0,10
936,663,89,41,34,81,3,0,13
937,663,89,41,34,81,3,0,14
938,663,89,41,34,81,3,0,15
939,663,89,41,34,81,3,0,14
940,663,89,41,34,81,3,0,10
941,663,88,41,34,81,3,0,6
942,663,89,41,34,81,3,0,3
943,663,89,41,34,81,3,0,2
944,663,89,42,34,81,3,0,1
945,663,89,42,34,81,3,0,5
946,663,89,42,34,81,3,0,6
947,663,89,42,34,81,3,0,7
948,663,89,42,34,81,3,0,2
949,663,89,42,34,81,3,0,2
950,663,89,42,34,81,3,0,5
951,663,89,42,34,81,3,0,10
952,663,88,42,34,81,3,0,15
953,663,88,42,34,81,3,0,17
954,663,88,42,34,81,3,0,15
955,663,88,42,34,81,3,0,11
956,663,89,42,34,81,3,0,10
957,663,89,42,34,81,3,0,14
958,663,89,42,34,81,3,0,19
959,663,89,42,34,81,3,0,19
960,663,89,42,34,81,3,0,17
961,663,89,42,34,81,3,0,13
962,663,89,42,34,81,3,0,11
963,663,89,42,34,81,3,0,8
964,663,89,42,34,81,3,0,7
965,663,89,42,34,81,3,0,6
966,663,89,42,34,81,3,0,6
967,663,89,42,34,81,3,0,5
968,663,89,42,34,81,3,0,5
969,663,89,42,34,81,3,0,4
970,663,89,42,34,81,3,0,3
971,663,89,42,34,81,3,0,3
972,663,89,42,34,81,3,0,4
973,663,89,42,34,81,3,0,7
974,663,89,42,34,81,3,0,11
975,663,89,42,34,81,3,0,14
976,663,88,42,35,81,3,0,18
977,663,88,42,34,81,3,0,22
978,663,89,42,34,81,3,0,25
979,663,89,42,34,81,3,0,26
980,663,89,42,34,81,3,0,21
981,663,89,42,34,81,3,0,15
982,663,88,42,35,81,3,0,7
983,663,88,42,35,81,3,0,5
984,663,89,42,34,81,3,0,4
985,663,89,42,34,81,3,0,3
986,663,89,42,34,81,3,0,6
987,663,89,42,34,81,3,0,9
988,663,89,42,34,81,3,0,10
989,663,89,42,34,81,3,0,7
990,663,89,42,34,81,3,0,4
991,663,89,42,34,81,3,0,4
992,663,89,42,34,81,3,0,4
993,663,89,42,34,81,3,0,4
994,663,89,42,34,81,3,0,4
995,663,89,42,34,81,3,0,5
996,663,89,42,34,81,3,0,5
997,663,89,42,34,81,3,0,4
998,663,89,42,34,81,3,0,5
999,663,89,42,34,81,3,0,7
1000,663,88,42,35,81,3,0,8
1001,663,88,42,35,81,3,0,9
1002,663,88,42,35,81,3,0,8
1003,663,88,42,35,81,3,0,8
1004,663,88,42,35,81,3,0,6
1005,663,88,42,35,81,3,0,5
1006,663,88,42,35,81,3,0,5
1007,663,88,42,35,81,3,0,8
1008,663,89,42,34,81,3,0,11
1009,663,89,42,34,81,3,0,12
1010,663,89,42,34,81,3,0,13
1011,663,89,42,34,81,3,0,13
1012,663,89,42,34,81,3,0,10
1013,663,89,42,34,81,3,0,7
1014,663,89,42,34,81,3,0,7
1015,663,89,42,34,81,3,0,10
1016,663,88,42,35,81,3,0,15
1017,663,88,42,35,81,3,0,17
1018,663,88,42,35,81,3,0,15
1019,663,88,43,35,81,3,0,14
1020,663,89,42,35,81,3,0,14
1021,663,88,42,35,81,3,0,13
1022,663,89,42,35,81,3,0,11
1023,663,88,42,35,81,3,0,7
1024,663,89,42,34,81,3,0,8
1025,663,89,42,34,81,3,0,7
1026,663,89,42,34,81,3,0,9
1027,663,89,42,34,81,3,0,10
1028,663,89,42,34,81,3,0,9
1029,663,89,42,34,81,3,0,7
1030,663,89,42,34,81,3,0,5
1031,663,89,42,34,81,3,0,6
1032,663,89,42,34,81,3,0,8
1033,663,89,42,34,81,3,0,8
1034,663,89,42,34,81,3,0,8
1035,663,89,42,34,81,3,0,8
1036,663,89,42,34,81,3,0,7
1037,663,89,42,34,81,3,0,5
1038,663,89,42,34,81,3,0,7
1039,663,89,42,34,81,3,0,10
1040,663,88,42,35,81,3,0,15
1041,663,88,42,35,81,3,0,17
1042,663,88,42,35,81,3,0,16
1043,663,88,42,35,81,3,0,13
1044,663,89,42,34,81,3,0,10
1045,663,89,42,34,81,3,0,9
1046,663,89,42,34,81,3,0,9
1047,663,89,42,34,81,3,0,8
1048,663,89,42,34,81,3,0,5
1049,663,89,42,34,81,3,0,4
1050,663,89,42,34,81,3,0,2
1051,663,89,42,34,81,3,0,2
1052,663,89,42,34,81,3,0,1
1053,663,89,42,34,81,3,0,1
1054,663,89,42,34,81,3,0,0
1055,663,89,42,34,81,3,0,0
1056,663,89,41,34,81,3,0,0
1057,663,89,42,34,81,3,0,0
1058,663,89,42,34,81,3,0,0
1059,663,89,41,34,81,3,0,0
1060,663,89,41,34,81,3,0,0
1061,663,89,41,34,81,3,0,1
1062,663,89,41,34,81,3,0,2
1063,663,89,41,34,81,3,0,4
1064,663,89,42,34,81,3,0,7
1065,663,89,42,34,81,3,0,9
1066,663,89,42,34,81,3,0,10
1067,663,89,42,34,81,3,0,11
1068,663,89,41,34,81,3,0,10
1069,663,89,41,34,81,3,0,8
1070,664,89,41,34,81,3,0,5
1071,663,89,41,34,81,3,0,3
1072,663,89,42,34,81,3,0,4
1073,663,89,42,34,81,3,0,6
1074,663,89,42,34,81,3,0,8
1075,663,89,42,34,81,3,0,7
1076,663,89,42,34,81,3,0,6
1077,663,89,42,34,81,3,0,4
1078,663,89,42,34,81,3,0,4
1079,663,89,42,34,81,3,0,5
1080,663,89,41,34,81,3,0,6
1081,663,89,41,34,81,3,0,7
1082,663,89,41,34,81,3,0,7
1083,663,89,41,34,81,3,0,7
1084,663,89,41,34,81,3,0,6
1085,663,89,42,34,81,3,0,6
1086,663,89,42,34,81,3,0,4
1087,663,89,42,34,81,3,0,5
1088,662,89,43,34,81,3,0,4
1089,662,89,43,34,81,3,0,5
1090,662,89,43,34,81,3,0,6
1091,662,89,43,34,81,3,0,5
1092,661,89,44,33,81,3,0,5
1093,661,89,45,34,81,3,0,4
1094,661,89,44,34,81,3,0,4
1095,661,89,44,34,81,3,0,4
1096,662,89,43,33,81,3,0,4
1097,662,89,42,33,81,3,0,4
1098,662,89,42,34,81,3,0,3
1099,663,89,42,33,81,3,0,2
1100,663,89,42,34,81,3,0,3
1101,663,89,42,34,81,3,0,4
1102,663,89,42,34,81,3,0,5
1103,663,89,41,34,81,3,0,5
1104,663,89,42,34,81,3,0,5
1105,663,89,42,34,81,3,0,5
1106,663,89,42,33,81,3,0,4
1107,663,89,42,34,81,3,0,3
1108,663,89,42,34,81,3,0,2
1109,663,89,42,34,81,3,0,1
1110,663,89,42,34,81,3,0,5
1111,663,89,42,34,81,3,0,9
1112,663,89,42,34,81,3,0,13
1113,662,89,43,34,81,3,0,16
1114,662,89,43,34,81,3,0,14
1115,661,89,44,34,81,3,0,14
1116,660,89,45,34,81,3,0,8
1117,667,89,38,34,81,3,0,7
1118,661,89,44,34,81,3,0,6
1119,660,89,45,34,81,3,0,12
1120,661,89,45,34,81,3,0,13
1121,659,89,46,33,81,3,0,13
1122,666,90,39,33,81,3,0,25
1123,658,90,47,33,81,3,0,39
1124,656,89,48,37,81,3,0,50
1125,655,89,49,42,81,3,0,39
1126,663,89,42,35,81,3,0,29
1127,662,89,42,34,81,3,0,21
1128,664,89,41,34,81,3,0,24
1129,664,89,42,34,81,3,0,27
1130,664,89,41,34,81,3,0,28
1131,663,89,42,34,81,3,0,19
1132,664,89,41,34,81,3,0,11
1133,664,89,41,34,81,3,0,7
1134,665,89,40,34,81,3,0,5
1135,664,89,40,34,81,3,0,6
1136,664,89,41,34,81,3,0,6
1137,664,89,41,34,81,3,0,7
1138,664,89,41,34,81,3,0,6
1139,664,89,41,34,81,3,0,7
1140,664,89,41,34,81,3,0,5
1141,664,89,41,34,81,3,0,4
1142,664,89,41,34,81,3,0,4
1143,664,89,41,34,81,3,0,4
1144,664,89,41,34,81,3,0,5
1145,663,89,41,34,81,3,0,2
1146,663,89,42,34,81,3,0,2
1147,663,89,42,34,81,3,0,2
1148,663,89,42,34,81,3,0,3
1149,663,89,42,34,81,3,0,2
1150,663,89,42,34,81,3,0,2
1151,663,89,42,34,81,3,0,1
1152,663,89,41,34,81,3,0,2
1153,663,89,41,34,81,3,0,3
1154,663,89,41,34,81,3,0,4
1155,663,89,41,34,81,3,0,4
1156,663,89,41,34,81,3,0,3
1157,663,89,41,34,81,3,0,2
1158,663,89,41,34,81,3,0,2
1159,663,89,41,34,81,3,0,2
1160,663,89,42,34,81,3,0,3
1161,663,89,42,34,81,3,0,3
1162,663,89,42,34,81,3,0,4
1163,663,89,42,34,81,3,0,4
1164,663,89,42,34,81,3,0,6
1165,663,89,42,34,81,3,0,8
1166,663,89,42,34,81,3,0,10
1167,663,89,42,34,81,3,0,11
1168,663,89,42,34,81,3,0,10
1169,663,89,42,34,81,3,0,8
1170,663,89,42,34,81,3,0,6
1171,663,89,42,34,81,3,0,5
1172,663,89,42,34,81,3,0,3
1173,663,89,42,34,81,3,0,2
1174,663,89,42,34,81,3,0,2
1175,663,89,42,34,81,3,0,2
1176,663,89,41,34,81,3,0,3
1177,663,89,41,34,81,3,0,4
1178,663,89,41,34,81,3,0,4
1179,663,89,41,34,81,3,0,5
1180,663,89,41,34,81,3,0,4
1181,664,89,41,34,81,3,0,3
1182,664,89,41,34,81,3,0,4
1183,664,89,41,34,81,3,0,8
1184,663,88,42,35,81,3,0,12
1185,663,88,42,35,81,3,0,14
1186,663,88,42,34,81,3,0,12
1187,663,88,41,34,81,3,0,9
1188,663,89,42,34,81,3,0,8
1189,663,89,42,34,81,3,0,12
1190,663,89,42,34,81,3,0,18
1191,663,89,42,34,81,3,0,16
1192,663,89,42,34,81,3,0,16
1193,663,88,41,35,81,3,0,15
1194,663,88,41,35,81,3,0,18
1195,663,88,41,35,81,3,0,18
1196,664,88,41,35,81,3,0,18
1197,664,88,41,35,81,3,0,20
1198,664,88,41,34,81,3,0,23
1199,664,89,41,34,81,3,0,28
1200,664,90,41,34,81,3,0,27
1201,664,90,42,33,81,3,0,29
1202,664,90,42,33,81,3,0,29
1203,664,90,42,33,81,3,0,29
1204,663,90,42,34,81,3,0,27
1205,663,89,42,34,81,3,0,24
1206,664,89,42,34,81,3,0,22
1207,663,89,42,34,81,3,0,17
1208,664,89,42,34,81,3,0,12
1209,664,89,41,34,81,3,0,12
1210,664,88,41,35,81,3,0,10
1211,664,88,42,35,81,3,0,9
1212,663,89,42,34,81,3,0,8
1213,664,89,42,34,81,3,0,7
1214,663,89,42,35,81,3,0,5
1215,663,89,42,34,81,3,0,7
1216,663,89,41,34,81,3,0,9
1217,663,88,41,34,81,3,0,8
1218,663,88,41,35,81,3,0,7
1219,663,89,41,34,81,3,0,5
1220,663,89,41,34,81,3,0,5
1221,663,89,41,34,81,3,0,3
1222,663,89,41,34,81,3,0,2
1223,663,88,41,35,81,3,0,2
1224,663,88,42,34,81,3,0,3
1225,664,89,42,34,81,3,0,3
1226,664,89,42,34,81,3,0,3
1227,664,89,42,34,81,3,0,7
1228,664,89,42,34,81,3,0,10
1229,663,89,42,34,81,3,0,12
1230,664,89,42,34,81,3,0,10
1231,663,89,42,34,81,3,0,8
1232,663,89,41,34,81,3,0,7
1233,663,89,41,34,81,3,0,9
1234,663,89,41,34,81,3,0,11
1235,663,89,41,34,81,3,0,15
1236,663,88,42,34,81,3,0,20
1237,663,88,42,34,81,3,0,24
1238,663,88,42,34,81,3,0,21
1239,663,88,42,35,81,3,0,16
1240,664,89,41,34,81,3,0,12
1241,664,89,42,34,81,3,0,13
1242,664,89,42,34,81,3,0,14
1243,664,89,42,34,81,3,0,15
1244,664,89,41,34,81,3,0,13
1245,664,89,41,34,81,3,0,9
1246,664,89,41,34,81,3,0,7
1247,664,89,41,34,81,3,0,8
1248,664,89,41,34,81,3,0,10
1249,664,89,41,34,81,3,0,10
1250,664,89,41,34,81,3,0,10
1251,664,89,41,34,81,3,0,10
1252,664,89,41,34,81,3,0,9
1253,664,89,41,34,81,3,0,7
1254,664,89,41,34,81,3,0,5
1255,663,89,42,34,81,3,0,3
1256,663,89,42,34,81,3,0,2
1257,663,89,42,34,81,3,0,1
1258,663,89,42,34,81,3,0,1
1259,663,89,42,34,81,3,0,1
1260,663,89,42,34,81,3,0,1
1261,663,89,42,34,81,3,0,1
1262,663,89,42,34,81,3,0,0
1263,663,89,42,34,81,3,0,1
1264,663,89,41,34,81,3,0,0
1265,663,89,41,34,81,3,0,2
1266,663,89,41,34,81,3,0,4
1267,663,89,41,34,81,3,0,5
1268,663,89,41,34,81,3,0,4
1269,663,89,41,34,81,3,0,3
1270,663,89,42,34,81,3,0,5
1271,663,89,41,34,81,3,0,5
1272,663,89,41,34,81,3,0,5
1273,663,89,42,34,81,3,0,3
1274,663,89,42,34,81,3,0,3
1275,663,89,42,34,81,3,0,3
1276,663,89,42,34,81,3,0,3
1277,663,89,41,34,81,3,0,3
1278,664,89,41,34,81,3,0,3
1279,663,89,42,34,81,3,0,3
1280,663,89,41,34,81,3,0,3
1281,663,89,41,34,81,3,0,4
1282,663,89,41,34,81,3,0,6
1283,663,89,42,34,81,3,0,6
1284,663,89,42,34,81,3,0,7
1285,663,89,42,34,81,3,0,7
1286,663,89,42,34,81,3,0,10
1287,663,89,42,34,81,3,0,10
1288,663,89,42,34,81,3,0,10
1289,663,89,42,34,81,3,0,7
1290,663,89,42,34,81,3,0,5
1291,663,89,42,34,81,3,0,3
1292,663,89,42,34,81,3,0,2
1293,663,89,42,34,81,3,0,2
1294,663,89,42,34,81,3,0,2
1295,663,89,42,34,81,3,0,4
1296,663,89,42,34,81,3,0,5
1297,663,89,42,34,81,3,0,6
1298,663,89,42,34,81,3,0,6
1299,663,89,42,34,81,3,0,6
1300,663,89,42,34,81,3,0,5
1301,663,89,42,34,81,3,0,3
1302,663,89,42,34,81,3,0,2
1303,663,89,42,34,81,3,0,1
1304,663,89,42,34,81,3,0,2
1305,663,89,42,34,81,3,0,2
1306,663,89,42,34,81,3,0,2
1307,663,89,42,34,81,3,0,1
1308,663,89,42,34,81,3,0,1
1309,663,89,42,34,81,3,0,1
1310,663,89,42,34,81,3,0,2
1311,663,89,42,34,81,3,0,3
1312,663,89,42,34,81,3,0,4
1313,663,89,42,34,81,3,0,4
1314,663,89,42,34,81,3,0,3
1315,663,89,42,34,81,3,0,3
1316,663,89,42,34,81,3,0,2
1317,663,89,42,34,81,3,0,2
1318,663,89,42,34,81,3,0,3
1319,663,89,42,33,81,3,0,4
1320,664,89,42,34,81,3,0,4
1321,664,89,42,34,81,3,0,3
1322,664,89,42,34,81,3,0,3
1323,664,89,42,34,81,3,0,4
1324,664,89,42,34,81,3,0,5
1325,664,89,41,34,81,3,0,5
1326,664,89,42,34,81,3,0,8
1327,664,89,42,34,81,3,0,8
1328,663,90,42,33,81,3,0,9
1329,663,89,42,34,81,3,0,5
1330,663,89,42,34,81,3,0,6
1331,663,89,42,34,81,3,0,8
1332,663,89,42,34,81,3,0,13
1333,663,89,42,34,81,3,0,14
1334,663,88,42,34,81,3,0,16
1335,663,89,42,34,81,3,0,15
1336,663,89,42,34,81,3,0,13
1337,663,89,42,34,81,3,0,9
1338,663,89,42,34,81,3,0,10
1339,663,89,42,34,81,3,0,10
1340,663,89,42,34,81,3,0,15
1341,663,89,42,34,81,3,0,16
1342,663,88,42,34,81,3,0,16
1343,663,88,42,34,81,3,0,12
1344,663,89,42,34,81,3,0,10
1345,663,89,42,34,81,3,0,13
1346,663,88,42,34,81,3,0,14
1347,663,88,42,34,81,3,0,11
1348,663,88,42,34,81,3,0,6
1349,663,88,42,34,81,3,0,4
1350,663,89,42,34,81,3,0,4
1351,663,89,42,34,81,3,0,5
1352,663,89,42,34,81,3,0,6
1353,663,89,42,34,81,3,0,7
1354,663,89,42,34,81,3,0,11
1355,663,89,42,34,81,3,0,16
1356,663,88,41,34,81,3,0,16
1357,663,88,41,34,81,3,0,12
1358,663,88,41,35,81,3,0,7
1359,663,88,41,35,81,3,0,8
1360,663,88,41,34,81,3,0,7
1361,663,88,41,34,81,3,0,6
1362,663,88,41,34,81,3,0,2
1363,663,88,41,34,81,3,0,1
1364,663,88,41,35,81,3,0,1
1365,663,88,41,35,81,3,0,1
1366,663,88,41,35,81,3,0,3
1367,663,88,41,35,81,3,0,5
1368,663,88,42,35,81,3,0,5
1369,663,88,42,35,81,3,0,4
1370,663,88,42,35,81,3,0,2
1371,663,88,42,35,81,3,0,1
1372,663,88,42,35,81,3,0,1
1373,663,88,42,35,81,3,0,2
1374,663,88,42,35,81,3,0,5
1375,663,88,42,35,81,3,0,9
1376,663,89,42,34,81,3,0,14
1377,663,89,42,34,81,3,0,16
1378,663,89,42,34,81,3,0,17
1379,663,89,42,34,81,3,0,18
1380,663,89,42,34,81,3,0,15
1381,663,89,42,34,81,3,0,11
1382,663,89,42,34,81,3,0,10
1383,663,89,42,34,81,3,0,12
1384,663,88,42,34,81,3,0,16
1385,663,88,42,34,81,3,0,17
1386,663,88,42,34,81,3,0,15
1387,663,88,42,34,81,3,0,14
1388,663,89,42,34,81,3,0,10
1389,663,88,42,34,81,3,0,9
1390,663,88,42,34,81,3,0,8
1391,663,88,42,34,81,3,0,11
1392,663,89,42,34,81,3,0,12
1393,663,89,42,34,81,3,0,14
1394,663,89,42,34,81,3,0,15
1395,663,89,43,34,81,3,0,18
1396,663,89,42,34,81,3,0,13
1397,663,89,42,34,81,3,0,10
1398,663,89,42,34,81,3,0,7
1399,663,89,42,34,81,3,0,10
1400,663,88,42,34,81,3,0,12
1401,663,88,42,34,81,3,0,11
1402,663,88,42,34,81,3,0,8
1403,663,89,43,34,81,3,0,6
1404,663,89,42,34,81,3,0,8
1405,663,89,42,34,81,3,0,11
1406,663,89,42,34,81,3,0,15
1407,663,89,42,34,81,3,0,14
1408,663,89,42,34,81,3,0,11
1409,663,89,42,34,81,3,0,6
1410,663,89,42,34,81,3,0,3
1411,663,89,42,34,81,3,0,2
1412,663,89,42,34,81,3,0,1
1413,663,89,42,34,81,3,0,1
1414,663,89,42,34,81,3,0,4
1415,663,89,42,34,81,3,0,9
1416,663,88,42,35,81,3,0,14
1417,663,88,42,35,81,3,0,16
1418,663,88,42,35,81,3,0,17
1419,663,88,42,35,81,3,0,17
1420,663,88,42,35,81,3,0,13
1421,663,88,42,35,81,3,0,9
1422,663,88,42,35,81,3,0,5
1423,663,88,42,35,81,3,0,4
1424,663,88,43,35,81,3,0,4
1425,663,88,43,35,81,3,0,4
1426,663,88,43,35,81,3,0,4
1427,663,88,43,35,81,3,0,4
1428,663,88,43,35,81,3,0,3
1429,663,88,43,35,81,3,0,4
1430,663,88,43,35,81,3,0,3
1431,662,88,43,34,81,3,0,3
1432,663,88,43,35,81,3,0,1
1433,663,88,43,35,81,3,0,1
1434,663,88,43,35,81,3,0,0
1435,663,88,43,35,81,3,0,3
1436,663,88,43,35,81,3,0,3
1437,663,88,43,35,81,3,0,3
1438,663,88,43,35,81,3,0,3
1439,663,88,42,35,81,3,0,4
1440,663,89,43,34,81,3,0,6
1441,663,88,42,35,81,3,0,6
1442,663,89,43,34,81,3,0,7
1443,663,89,43,34,81,3,0,7
1444,663,89,43,34,81,3,0,6
1445,663,89,43,34,81,3,0,7
1446,663,89,43,34,81,3,0,7
1447,663,89,43,34,81,3,0,9
1448,663,89,43,34,81,3,0,8
1449,663,88,43,35,81,3,0,8
1450,663,88,43,35,81,3,0,5
1451,662,89,43,34,81,3,0,3
1452,663,89,43,34,81,3,0,5
1453,663,89,43,34,81,3,0,5
1454,663,88,43,35,81,3,0,7
1455,663,88,43,35,81,3,0,5
1456,664,89,43,34,81,3,0,5
1457,664,89,42,34,81,3,0,4
1458,664,89,42,34,81,3,0,4
1459,664,89,42,34,81,3,0,4
1460,664,88,42,34,81,3,0,6
1461,664,88,42,34,81,3,0,6
1462,664,88,42,34,81,3,0,6
1463,663,89,43,34,81,3,0,3
1464,664,89,43,34,81,3,0,5
1465,664,89,43,34,81,3,0,7
1466,664,89,42,34,81,3,0,11
1467,664,89,43,34,81,3,0,9
1468,664,89,43,34,81,3,0,9
1469,664,89,43,34,81,3,0,6
1470,664,88,43,34,81,3,0,7
1471,664,89,43,34,81,3,0,6
1472,663,89,42,34,81,3,0,8
1473,663,89,42,34,81,3,0,8
1474,663,89,42,34,81,3,0,11
1475,663,89,42,34,81,3,0,12
1476,663,89,42,34,81,3,0,16
1477,663,88,42,34,81,3,0,13
1478,663,88,42,34,81,3,0,12
1479,663,89,42,34,81,3,0,9
1480,663,89,42,34,81,3,0,10
1481,663,89,42,34,81,3,0,9
1482,663,89,42,34,81,3,0,11
1483,663,89,42,34,81,3,0,12
1484,663,89,42,34,81,3,0,10
1485,663,89,42,34,81,3,0,6
1486,663,89,42,34,81,3,0,4
1487,663,89,42,34,81,3,0,4
1488,663,88,42,35,81,3,0,7
1489,663,88,42,34,81,3,0,8
1490,663,88,42,34,81,3,0,9
1491,663,88,42,34,81,3,0,8
1492,663,88,42,34,81,3,0,6
1493,663,88,42,34,81,3,0,4
1494,663,88,42,35,81,3,0,4
1495,663,88,42,34,81,3,0,6
1496,663,89,42,34,81,3,0,10
1497,663,89,42,34,81,3,0,11
1498,663,89,42,34,81,3,0,10
1499,663,89,42,34,81,3,0,9
1500,663,89,43,34,81,3,0,7
1501,663,89,43,34,81,3,0,6
1502,663,89,43,34,81,3,0,6
1503,663,89,43,34,81,3,0,7
1504,663,89,43,34,81,3,0,7
1505,663,89,43,34,81,3,0,5
1506,663,89,43,34,81,3,0,2
1507,663,89,43,34,81,3,0,2
1508,663,89,43,34,81,3,0,1
1509,663,89,43,34,81,3,0,1
1510,663,89,43,34,81,3,0,0
1511,663,89,43,34,81,3,0,0
1512,663,89,42,34,81,3,0,0
1513,663,89,42,34,81,3,0,0
1514,663,89,42,34,81,3,0,0
1515,663,89,42,34,81,3,0,0
1516,663,89,42,34,81,3,0,0
1517,663,89,42,34,81,3,0,0
1518,663,89,42,34,81,3,0,0
1519,663,89,42,34,81,3,0,0
1520,663,89,42,34,81,3,0,0
1521,663,89,42,34,81,3,0,1
1522,663,89,42,34,81,3,0,1
1523,663,89,42,34,81,3,0,2
1524,664,89,42,34,81,3,0,2
1525,664,89,42,34,81,3,0,2
1526,664,89,42,34,81,3,0,3
1527,664,89,42,34,81,3,0,4
1528,663,89,42,34,81,3,0,5
1529,663,89,42,34,81,3,0,5
1530,663,89,42,34,81,3,0,5
1531,663,89,42,34,81,3,0,5
1532,663,89,42,34,81,3,0,4
1533,663,89,41,34,81,3,0,3
1534,663,89,41,34,81,3,0,2
1535,663,89,41,34,81,3,0,2
1536,664,89,42,34,81,3,0,3
1537,664,89,42,34,81,3,0,4
1538,664,89,42,34,81,3,0,5
1539,664,89,42,34,81,3,0,5
1540,664,89,42,34,81,3,0,4
1541,664,89,42,34,81,3,0,2
1542,664,89,42,34,81,3,0,2
1543,664,89,42,34,81,3,0,3
1544,663,88,42,35,81,3,0,3
1545,663,88,42,35,81,3,0,4
1546,663,88,42,35,81,3,0,5
1547,663,88,42,35,81,3,0,7
1548,663,88,42,35,81,3,0,6
1549,663,88,42,35,81,3,0,4
1550,663,88,42,35,81,3,0,5
1551,663,88,42,35,81,3,0,9
1552,663,89,42,34,81,3,0,13
1553,663,89,42,34,81,3,0,15
1554,663,89,42,34,81,3,0,16
1555,664,89,42,35,81,3,0,17
1556,664,89,42,35,81,3,0,16
1557,663,89,42,35,81,3,0,14
1558,663,89,42,34,81,3,0,11
1559,663,89,42,34,81,3,0,8
1560,663,89,41,35,81,3,0,5
1561,663,89,41,35,81,3,0,3
1562,663,89,41,35,81,3,0,4
1563,663,89,41,35,81,3,0,6
1564,663,89,41,35,81,3,0,6
1565,663,89,41,35,81,3,0,4
1566,663,89,41,35,81,3,0,5
1567,663,89,41,35,81,3,0,8
1568,663,88,42,35,81,3,0,12
1569,663,88,42,35,81,3,0,13
1570,663,88,42,35,81,3,0,15
1571,663,88,42,35,81,3,0,16
1572,663,88,42,35,81,3,0,15
1573,663,88,42,35,81,3,0,12
1574,663,88,42,35,81,3,0,10
1575,663,88,42,35,81,3,0,10
1576,663,89,42,34,81,3,0,12
1577,663,89,42,34,81,3,0,14
1578,663,89,42,34,81,3,0,16
1579,663,89,42,34,81,3,0,17
1580,663,89,42,34,81,3,0,13
1581,663,89,42,34,81,3,0,9
1582,663,89,42,34,81,3,0,5
1583,663,89,42,34,81,3,0,4
1584,663,89,42,34,81,3,0,5
1585,663,89,42,34,81,3,0,5
1586,663,89,42,34,81,3,0,6
1587,663,89,42,34,81,3,0,7
1588,663,89,42,34,81,3,0,6
1589,663,89,42,34,81,3,0,5
1590,663,89,42,34,81,3,0,7
1591,663,89,42,34,81,3,0,10
1592,663,88,42,35,81,3,0,13
1593,663,88,42,35,81,3,0,13
1594,663,88,42,35,81,3,0,14
1595,663,88,41,35,81,3,0,14
1596,663,88,42,34,81,3,0,16
1597,663,88,42,34,81,3,0,17
1598,663,89,42,34,81,3,0,15
1599,663,89,42,34,81,3,0,11
1600,663,88,42,35,81,3,0,7
1601,663,88,42,35,81,3,0,6
1602,663,88,42,35,81,3,0,8
1603,663,88,42,35,81,3,0,10
1604,663,88,42,35,81,3,0,15
1605,663,88,42,35,81,3,0,14
1606,663,89,42,35,81,3,0,13
1607,663,88,42,35,81,3,0,9
1608,663,89,41,34,81,3,0,9
1609,663,89,42,34,81,3,0,9
1610,663,89,42,34,81,3,0,8
1611,663,89,41,34,81,3,0,13
1612,663,89,41,34,81,3,0,11
1613,663,89,41,34,81,3,0,13
1614,663,89,41,34,81,3,0,8
1615,663,89,41,34,81,3,0,11
1616,664,88,41,35,81,3,0,9
1617,664,88,41,35,81,3,0,11
1618,664,89,41,34,81,3,0,8
1619,664,88,41,35,81,3,0,9
1620,663,88,41,35,81,3,0,7
1621,663,88,41,35,81,3,0,7
1622,663,88,41,35,81,3,0,8
1623,663,88,41,35,81,3,0,6
1624,663,88,41,35,81,3,0,6
1625,663,88,42,35,81,3,0,5
1626,663,89,41,34,81,3,0,4
1627,663,89,42,34,81,3,0,5
1628,664,89,42,34,81,3,0,7
1629,663,89,41,34,81,3,0,11
1630,663,89,41,34,81,3,0,12
1631,663,89,42,34,81,3,0,12
1632,663,89,41,34,81,3,0,8
1633,663,89,41,34,81,3,0,9
1634,663,89,42,34,81,3,0,11
1635,663,89,41,34,81,3,0,12
1636,663,89,41,34,81,3,0,12
1637,663,89,41,34,81,3,0,12
1638,663,89,41,34,81,3,0,13
1639,663,89,41,34,81,3,0,11
1640,663,89,42,34,81,3,0,10
1641,663,89,42,34,81,3,0,8
1642,663,89,42,34,81,3,0,7
1643,663,89,42,34,81,3,0,3
1644,663,89,42,34,81,3,0,2
1645,663,89,42,34,81,3,0,2
1646,663,89,42,34,81,3,0,2
1647,663,89,42,34,81,3,0,3
1648,663,89,42,34,81,3,0,4
1649,663,89,42,34,81,3,0,5
1650,663,89,42,34,81,3,0,4
1651,663,89,42,34,81,3,0,3
1652,663,89,42,34,81,3,0,2
1653,663,89,42,34,81,3,0,1
1654,663,89,42,34,81,3,0,1
1655,663,89,42,34,81,3,0,1
1656,663,89,42,34,81,3,0,1
1657,663,89,42,34,81,3,0,2
1658,663,89,42,34,81,3,0,1
1659,663,89,42,34,81,3,0,1
1660,663,89,42,34,81,3,0,0
1661,663,89,42,34,81,3,0,0
1662,663,89,42,34,81,3,0,1
1663,663,89,42,34,81,3,0,3
1664,663,89,42,34,81,3,0,4
1665,663,89,42,34,81,3,0,5
1666,663,89,42,34,81,3,0,6
1667,663,89,42,34,81,3,0,7
1668,663,89,42,34,81,3,0,7
1669,663,89,42,34,81,3,0,6
1670,663,89,42,34,81,3,0,4
1671,663,89,42,34,81,3,0,2
1672,663,89,42,34,81,3,0,1
1673,663,89,42,34,81,3,0,2
1674,663,89,42,34,81,3,0,4
1675,663,89,42,34,81,3,0,6
1676,663,89,42,34,81,3,0,6
1677,663,89,42,34,81,3,0,5
1678,663,89,42,34,81,3,0,8
1679,663,89,42,34,81,3,0,10
1680,663,89,41,34,81,3,0,12
1681,663,89,41,34,81,3,0,9
1682,663,89,41,34,81,3,0,10
1683,663,89,41,34,81,3,0,11
1684,663,89,41,34,81,3,0,11
1685,663,89,41,34,81,3,0,8
1686,663,89,41,34,81,3,0,6
1687,663,89,41,34,81,3,0,6
1688,663,89,41,34,81,3,0,8
1689,663,89,41,34,81,3,0,8
1690,663,89,41,34,81,3,0,9
1691,663,89,41,34,81,3,0,10
1692,663,89,42,34,81,3,0,9
1693,663,89,42,34,81,3,0,8
1694,663,89,42,34,81,3,0,6
1695,663,89,42,34,81,3,0,4
1696,663,89,42,34,81,3,0,4
1697,663,89,42,34,81,3,0,5
1698,663,89,42,34,81,3,0,6
1699,663,89,42,34,81,3,0,7
1700,663,89,42,34,81,3,0,6
1701,663,89,42,34,81,3,0,4
1702,663,89,42,34,81,3,0,2
1703,663,89,42,34,81,3,0,1
1704,663,89,42,34,81,3,0,1
1705,663,89,42,34,81,3,0,0
1706,663,89,42,34,81,3,0,0
1707,663,89,41,34,81,3,0,0
1708,663,89,41,34,81,3,0,0
1709,663,89,41,34,81,3,0,0
1710,663,89,41,34,81,3,0,1
1711,663,89,41,34,81,3,0,2
1712,663,89,42,34,81,3,0,2
1713,663,89,42,34,81,3,0,2
1714,663,89,42,34,81,3,0,3
1715,663,89,42,34,81,3,0,3
1716,663,89,42,34,81,3,0,5
1717,663,89,42,34,81,3,0,6
1718,663,89,42,34,81,3,0,7
1719,663,89,42,34,81,3,0,8
1720,664,89,41,34,81,3,0,7
1721,664,89,41,34,81,3,0,6
1722,664,89,41,34,81,3,0,4
1723,664,89,41,34,81,3,0,4
1724,664,89,41,34,81,3,0,4
1725,664,89,41,34,81,3,0,3
1726,664,89,41,34,81,3,0,3
1727,664,89,41,34,81,3,0,2
1728,663,89,42,34,81,3,0,3
1729,663,89,42,34,81,3,0,3
1730,663,89,42,34,81,3,0,3
1731,663,89,42,34,81,3,0,3
1732,663,89,42,34,81,3,0,2
1733,663,89,42,34,81,3,0,3
1734,663,89,42,34,81,3,0,6
1735,663,89,42,34,81,3,0,8
1736,663,89,42,35,81,3,0,9
1737,663,89,42,35,81,3,0,7
1738,663,89,42,35,81,3,0,11
1739,663,89,42,34,81,3,0,12
1740,663,88,42,35,81,3,0,13
1741,663,88,42,35,81,3,0,11
1742,663,89,42,35,81,3,0,12
1743,663,88,42,35,81,3,0,14
1744,663,88,42,35,81,3,0,12
1745,663,88,42,35,81,3,0,10
1746,663,88,42,35,81,3,0,12
1747,663,88,42,35,81,3,0,13
1748,663,88,42,35,81,3,0,14
1749,663,88,42,35,81,3,0,9
1750,663,88,42,35,81,3,0,8
1751,663,88,42,35,81,3,0,7
1752,663,89,42,34,81,3,0,8
1753,663,89,42,34,81,3,0,7
1754,663,89,42,34,81,3,0,7
1755,663,89,41,34,81,3,0,9
1756,664,89,41,34,81,3,0,8
1757,664,89,41,34,81,3,0,7
1758,663,89,41,34,81,3,0,4
1759,664,89,41,34,81,3,0,4
1760,664,89,41,34,81,3,0,3
1761,664,89,41,34,81,3,0,4
1762,664,89,41,34,81,3,0,3
1763,664,89,42,34,81,3,0,3
1764,664,89,41,34,81,3,0,1
1765,664,89,41,34,81,3,0,1
1766,664,89,41,34,81,3,0,1
1767,664,89,41,34,81,3,0,3
1768,664,89,41,34,81,3,0,4
1769,663,89,42,35,81,3,0,4
1770,664,89,41,34,81,3,0,1
1771,664,89,41,34,81,3,0,1
1772,664,89,41,34,81,3,0,1
1773,664,89,41,34,81,3,0,1
1774,664,89,41,34,81,3,0,6
1775,664,89,41,34,81,3,0,12
1776,663,88,41,35,81,3,0,20
1777,663,88,41,35,81,3,0,18
1778,663,88,41,35,81,3,0,16
1779,663,89,41,35,81,3,0,11
1780,663,88,41,35,81,3,0,11
1781,663,89,41,35,81,3,0,7
1782,663,88,41,35,81,3,0,10
1783,663,88,41,35,81,3,0,10
1784,663,89,42,35,81,3,0,15
1785,663,89,42,35,81,3,0,14
1786,663,89,42,35,81,3,0,18
1787,664,88,41,35,81,3,0,18
1788,664,89,41,35,81,3,0,16
1789,664,89,41,35,81,3,0,11
1790,664,89,41,35,81,3,0,9
1791,664,89,41,35,81,3,0,8
1792,664,89,42,34,81,3,0,11
1793,664,89,42,34,81,3,0,12
1794,664,89,42,34,81,3,0,16
1795,663,89,42,34,81,3,0,17
1796,663,89,42,34,81,3,0,15
1797,663,89,42,34,81,3,0,11
1798,663,89,41,34,81,3,0,9
1799,664,89,41,34,81,3,0,10
1800,664,89,41,35,81,3,0,13
1801,664,89,41,34,81,3,0,15
1802,664,89,41,34,81,3,0,16
1803,664,89,41,35,81,3,0,17
1804,664,89,41,35,81,3,0,14
1805,664,89,41,35,81,3,0,11
1806,664,89,41,35,81,3,0,7
1807,664,89,41,35,81,3,0,6
1808,664,89,41,34,81,3,0,4
1809,664,89,41,34,81,3,0,5
1810,664,89,41,34,81,3,0,5
1811,664,89,41,34,81,3,0,5
1812,664,89,41,35,81,3,0,3
1813,664,89,41,35,81,3,0,3
1814,664,89,41,35,81,3,0,2
1815,664,89,41,35,81,3,0,1
1816,663,89,41,34,81,3,0,1
1817,663,89,41,34,81,3,0,2
1818,663,89,41,34,81,3,0,3
1819,663,89,41,34,81,3,0,4
1820,663,89,41,34,81,3,0,4
1821,663,89,41,34,81,3,0,3
1822,663,89,41,34,81,3,0,2
1823,663,89,41,34,81,3,0,2
1824,663,89,42,34,81,3,0,2
1825,663,89,42,34,81,3,0,2
1826,663,89,42,34,81,3,0,2
1827,663,89,42,34,81,3,0,1
1828,663,89,42,34,81,3,0,1
1829,663,89,42,34,81,3,0,0
1830,663,89,42,34,81,3,0,2
1831,663,89,42,34,81,3,0,5
1832,663,88,41,35,81,3,0,8
1833,663,88,41,35,81,3,0,10
1834,663,88,41,35,81,3,0,9
1835,663,88,41,35,81,3,0,8
1836,663,88,41,35,81,3,0,5
1837,663,88,41,35,81,3,0,4
1838,663,88,42,35,81,3,0,3
1839,664,88,41,35,81,3,0,4
1840,663,88,41,35,81,3,0,3
1841,663,88,42,35,81,3,0,3
1842,663,88,42,35,81,3,0,3
1843,663,88,42,35,81,3,0,3
1844,663,88,42,35,81,3,0,2
1845,663,88,42,35,81,3,0,2
1846,663,88,42,35,81,3,0,1
1847,663,88,42,35,81,3,0,2
1848,663,88,42,35,81,3,0,3
1849,663,88,42,35,81,3,0,3
1850,663,88,42,35,81,3,0,3
1851,663,88,42,35,81,3,0,4
1852,663,88,42,35,81,3,0,8
1853,663,88,42,35,81,3,0,9
1854,663,89,42,35,81,3,0,10
1855,663,88,42,35,81,3,0,7
1856,663,89,42,34,81,3,0,9
1857,663,89,42,34,81,3,0,9
1858,663,89,42,34,81,3,0,11
1859,663,89,42,34,81,3,0,9
1860,663,89,42,34,81,3,0,8
1861,663,89,42,34,81,3,0,5
1862,663,89,42,34,81,3,0,3
1863,663,89,42,34,81,3,0,4
1864,663,89,42,34,81,3,0,6
1865,663,89,42,34,81,3,0,9
1866,663,89,42,34,81,3,0,10
1867,663,89,42,35,81,3,0,11
1868,663,89,42,34,81,3,0,9
1869,663,89,42,34,81,3,0,6
1870,663,89,42,34,81,3,0,6
1871,663,89,42,34,81,3,0,7
1872,663,88,42,35,81,3,0,13
1873,664,88,41,35,81,3,0,17
1874,663,88,42,35,81,3,0,20
1875,663,88,42,35,81,3,0,18
1876,663,88,42,35,81,3,0,12
1877,663,88,42,35,81,3,0,8
1878,663,88,42,35,81,3,0,5
1879,664,88,42,35,81,3,0,4
1880,664,89,41,34,81,3,0,4
1881,664,89,41,34,81,3,0,4
1882,664,89,41,34,81,3,0,5
1883,664,89,41,34,81,3,0,4
1884,663,89,41,34,81,3,0,7
1885,663,89,41,34,81,3,0,5
1886,663,89,41,35,81,3,0,7
1887,663,89,42,34,81,3,0,4
1888,663,89,42,34,81,3,0,5
1889,663,89,42,34,81,3,0,4
1890,663,89,42,34,81,3,0,5
1891,663,89,42,34,81,3,0,4
1892,663,89,42,34,81,3,0,5
1893,663,89,42,34,81,3,0,3
1894,663,89,41,34,81,3,0,4
1895,663,89,41,34,81,3,0,4
1896,664,89,41,34,81,3,0,6
1897,664,89,41,34,81,3,0,6
1898,664,89,41,34,81,3,0,6
1899,664,89,41,34,81,3,0,5
1900,664,89,41,34,81,3,0,5
1901,664,89,41,34,81,3,0,7
1902,664,89,41,34,81,3,0,7
1903,664,89,41,34,81,3,0,6
1904,664,89,41,34,81,3,0,6
1905,664,89,41,34,81,3,0,6
1906,664,89,41,34,81,3,0,9
1907,664,89,41,34,81,3,0,10
1908,663,89,42,34,81,3,0,10
1909,664,89,42,34,81,3,0,8
1910,664,89,41,34,81,3,0,5
1911,664,89,42,34,81,3,0,4
1912,664,89,42,34,81,3,0,4
1913,664,89,42,34,81,3,0,4
1914,664,89,42,34,81,3,0,5
1915,663,89,42,34,81,3,0,5
1916,663,89,42,34,81,3,0,4
1917,663,89,42,34,81,3,0,4
1918,663,89,42,34,81,3,0,2
1919,663,89,42,34,81,3,0,2
1920,663,89,41,34,81,3,0,1
1921,663,89,41,34,81,3,0,1
1922,663,89,41,34,81,3,0,0
1923,663,89,41,34,81,3,0,0
1924,663,89,41,34,81,3,0,0
1925,663,89,41,34,81,3,0,0
1926,663,89,41,34,81,3,0,0
1927,664,89,41,34,81,3,0,0
291,599,107,13,21,93,9,0,36
292,598,108,13,21,93,9,0,35
293,599,108,13,21,93,9,0,63
294,599,109,14,21,93,9,0,98
295,599,112,14,20,93,9,0,140
296,599,113,14,22,93,9,0,155
297,600,113,15,22,93,9,0,167
299,601,120,15,20,93,9,0,172
300,602,122,14,20,93,9,0,175
301,601,123,15,20,93,9,0,177
302,601,123,15,21,93,9,0,178
309,607,135,16,22,93,9,0,179
310,607,136,16,22,93,9,0,179
311,608,140,15,21,93,9,0,179
312,609,141,15,21,93,9,0,179
313,610,143,14,22,93,9,0,179
314,610,145,14,22,93,9,0,179
315,610,147,15,22,93,9,0,179
316,611,149,15,23,93,9,0,179
317,611,150,16,21,93,9,0,179
324,620,164,14,24,93,9,0,179
325,622,165,14,23,93,9,0,179
0,324,345,147,124,95,4,5,0
1,324,345,147,123,95,4,5,0
2,324,345,147,123,95,4,5,0
3,324,345,147,123,95,4,5,0
4,324,345,147,123,95,4,5,0
5,324,345,147,123,95,4,5,0
6,324,345,147,123,95,4,5,0
7,324,345,147,123,95,4,5,0
8,324,345,146,123,95,4,5,0
9,324,345,146,123,95,4,5,0
10,324,345,146,123,95,4,5,0
11,324,345,146,123,95,4,5,0
12,324,344,146,124,95,4,5,0
13,324,344,146,124,95,4,5,0
14,324,344,146,124,95,4,5,0
15,324,344,146,124,95,4,5,0
16,324,344,147,124,95,4,5,0
17,324,344,147,124,95,4,5,0
18,324,344,147,124,95,4,5,0
19,324,344,147,124,95,4,5,0
20,324,344,147,124,95,4,5,0
21,324,344,147,124,95,4,5,0
22,324,344,147,124,95,4,5,0
23,324,344,147,124,95,4,5,0
24,324,344,147,124,95,4,5,0
25,324,344,146,124,95,4,5,0
26,324,344,146,124,95,4,5,0
27,324,344,146,124,95,4,5,0
28,324,344,146,124,95,4,5,0
29,324,344,146,124,95,4,5,0
30,324,344,147,124,95,4,5,0
31,324,344,147,124,95,4,5,0
32,324,345,146,123,95,4,5,0
33,324,345,147,123,95,4,5,0
34,324,345,147,123,95,4,5,0
35,324,345,146,123,95,4,5,0
36,324,345,147,123,95,4,5,0
37,324,345,147,123,95,4,5,0
38,324,345,147,123,95,4,5,0
39,324,345,147,123,95,4,5,0
40,324,343,147,124,95,4,5,0
41,324,343,147,124,95,4,5,0
42,324,343,147,124,95,4,5,0
43,324,343,147,124,95,4,5,0
44,324,343,147,124,95,4,5,0
45,324,344,147,124,95,4,5,0
46,324,344,147,124,95,4,5,0
47,324,344,147,124,95,4,5,0
48,324,344,146,124,95,4,5,0
49,324,344,146,124,95,4,5,0
50,324,344,146,124,95,4,5,0
51,324,344,146,124,95,4,5,0
52,324,344,146,124,95,4,5,0
53,324,344,146,124,95,4,5,0
54,324,344,146,124,95,4,5,0
55,324,344,146,124,95,4,5,0
56,324,344,146,124,95,4,5,0
57,324,344,146,124,95,4,5,0
58,324,344,146,124,95,4,5,0
59,324,344,146,124,95,4,5,0
60,324,344,146,124,95,4,5,0
61,324,344,146,124,95,4,5,0
62,324,344,146,124,95,4,5,0
63,324,344,146,124,95,4,5,0
64,324,344,146,124,95,4,5,0
65,324,344,146,124,95,4,5,0
66,324,344,146,124,95,4,5,0
67,324,344,146,124,95,4,5,0
68,324,344,146,124,95,4,5,0
69,324,344,146,124,95,4,5,0
70,324,344,146,124,95,4,5,0
71,324,344,146,124,95,4,5,0
72,324,344,147,124,95,4,5,0
73,324,344,147,124,95,4,5,0
74,324,344,147,124,95,4,5,0
75,324,344,147,124,95,4,5,0
76,324,344,147,124,95,4,5,0
77,324,344,147,124,95,4,5,0
78,324,344,147,124,95,4,5,0
79,324,344,147,124,95,4,5,0
80,324,344,146,124,95,4,5,0
81,324,344,146,124,95,4,5,0
82,324,344,146,124,95,4,5,0
83,324,344,146,124,95,4,5,0
84,324,344,146,124,95,4,5,0
85,324,344,146,124,95,4,5,0
86,324,344,146,124,95,4,5,0
87,324,344,146,124,95,4,5,0
88,324,344,146,124,95,4,5,0
89,324,344,146,124,95,4,5,0
90,324,344,146,124,95,4,5,0
91,324,344,146,124,95,4,5,0
92,324,344,146,124,95,4,5,0
93,324,344,146,124,95,4,5,0
94,324,344,146,124,95,4,5,0
95,324,344,146,124,95,4,5,0
96,324,343,147,125,95,4,5,0
97,324,343,147,125,95,4,5,0
98,324,343,147,125,95,4,5,0
99,324,343,147,125,95,4,5,0
100,324,343,147,125,95,4,5,0
101,324,343,147,125,95,4,5,0
102,324,343,147,125,95,4,5,0
103,324,343,147,125,95,4,5,0
104,324,344,147,124,95,4,5,0
105,324,344,147,124,95,4,5,0
106,324,344,147,124,95,4,5,0
107,324,344,147,124,95,4,5,0
108,324,344,147,124,95,4,5,0
109,324,344,147,124,95,4,5,0
110,324,344,147,124,95,4,5,0
111,324,344,147,124,95,4,5,0
112,324,344,146,124,95,4,5,0
113,324,344,146,124,95,4,5,0
114,324,344,146,124,95,4,5,0
115,324,344,146,124,95,4,5,0
116,324,344,146,124,95,4,5,0
117,324,344,146,124,95,4,5,0
118,324,344,146,124,95,4,5,0
119,324,344,146,124,95,4,5,0
120,324,344,146,124,95,4,5,0
121,324,344,146,124,95,4,5,0
122,324,344,146,124,95,4,5,0
123,324,344,146,124,95,4,5,0
124,324,344,146,124,95,4,5,0
125,324,344,146,124,95,4,5,0
126,324,344,146,124,95,4,5,0
127,324,344,146,124,95,4,5,0
128,324,344,146,124,95,4,5,0
129,324,344,146,124,95,4,5,0
130,324,344,146,124,95,4,5,0
131,324,344,146,124,95,4,5,0
132,324,344,146,124,95,4,5,0
133,324,344,146,124,95,4,5,0
134,324,344,146,124,95,4,5,0
135,324,344,146,124,95,4,5,0
136,324,344,146,124,95,4,5,0
137,324,344,147,124,95,4,5,0
138,324,344,147,124,95,4,5,0
139,324,344,147,124,95,4,5,0
140,324,344,147,124,95,4,5,0
141,324,344,147,124,95,4,5,0
142,324,344,147,124,95,4,5,0
143,324,344,147,124,95,4,5,0
144,324,344,147,123,95,4,5,0
145,324,344,147,123,95,4,5,0
146,324,344,147,123,95,4,5,0
147,324,344,147,124,95,4,5,0
148,324,344,147,124,95,4,5,0
149,324,344,147,124,95,4,5,0
150,324,344,147,124,95,4,5,0
151,324,344,147,124,95,4,5,0
152,324,344,146,124,95,4,5,0
153,324,344,146,124,95,4,5,0
154,324,344,147,124,95,4,5,0
155,325,344,146,124,95,4,5,0
156,324,344,146,124,95,4,5,0
157,324,344,146,124,95,4,5,0
158,324,344,146,124,95,4,5,0
159,324,344,146,124,95,4,5,0
160,324,344,147,124,95,4,5,0
161,324,344,147,124,95,4,5,0
162,324,344,147,124,95,4,5,0
163,324,343,147,124,95,4,5,0
164,324,344,147,124,95,4,5,0
165,324,344,147,124,95,4,5,0
166,324,344,147,124,95,4,5,0
167,324,344,147,124,95,4,5,0
168,324,343,146,125,95,4,5,0
169,324,343,146,125,95,4,5,0
170,324,343,146,125,95,4,5,0
171,324,343,146,125,95,4,5,0
172,324,343,146,125,95,4,5,0
173,324,343,146,125,95,4,5,0
174,324,343,146,125,95,4,5,0
175,324,343,146,125,95,4,5,0
176,324,344,146,124,95,4,5,0
177,324,344,146,124,95,4,5,0
178,324,344,146,124,95,4,5,0
179,324,344,146,124,95,4,5,0
180,324,344,146,124,95,4,5,0
181,324,344,146,124,95,4,5,0
182,324,344,146,124,95,4,5,0
183,324,344,146,125,95,4,5,0
184,324,344,146,124,95,4,5,0
185,324,344,146,124,95,4,5,0
186,324,344,146,124,95,4,5,0
187,324,344,146,124,95,4,5,0
188,324,344,146,124,95,4,5,0
189,324,344,146,124,95,4,5,0
190,324,344,146,124,95,4,5,0
191,324,344,146,124,95,4,5,0
192,324,344,146,124,95,4,5,0
193,324,344,146,124,95,4,5,0
194,324,344,146,124,95,4,5,0
195,324,344,146,124,95,4,5,0
196,324,344,146,124,95,4,5,0
197,324,344,146,124,95,4,5,0
198,324,344,146,124,95,4,5,0
199,324,344,146,124,95,4,5,0
200,324,344,147,124,95,4,5,0
201,324,344,147,124,95,4,5,0
202,324,344,147,124,95,4,5,0
203,324,344,147,124,95,4,5,0
204,324,344,147,124,95,4,5,0
205,324,344,147,124,95,4,5,0
206,324,344,147,124,95,4,5,0
207,324,344,147,124,95,4,5,0
208,324,344,146,124,95,4,5,0
209,324,344,146,124,95,4,5,0
210,324,344,146,124,95,4,5,0
211,324,344,146,124,95,4,5,0
212,324,344,146,124,95,4,5,0
213,324,344,146,124,95,4,5,0
214,324,344,146,124,95,4,5,0
215,324,344,146,124,95,4,5,0
216,324,343,146,124,95,4,5,0
217,324,343,146,124,95,4,5,0
218,324,343,146,124,95,4,5,0
219,324,343,146,124,95,4,5,0
220,324,343,146,125,95,4,5,0
221,324,343,146,125,95,4,5,0
222,324,343,146,124,95,4,5,0
223,324,343,146,124,95,4,5,0
224,324,344,146,124,95,4,5,0
225,324,344,146,124,95,4,5,0
226,324,344,146,124,95,4,5,0
227,324,344,146,124,95,4,5,0
228,324,344,146,124,95,4,5,0
229,324,344,146,124,95,4,5,0
230,324,344,146,124,95,4,5,0
231,324,344,146,124,95,4,5,0
232,324,344,146,123,95,4,5,0
233,324,344,146,123,95,4,5,0
234,324,344,146,123,95,4,5,0
235,324,344,146,123,95,4,5,0
236,324,344,146,123,95,4,5,0
237,324,344,146,123,95,4,5,0
238,324,344,146,123,95,4,5,0
239,324,344,146,123,95,4,5,0
240,324,344,146,124,95,4,5,0
241,324,344,146,124,95,4,5,0
242,324,344,146,124,95,4,5,0
243,324,344,146,124,95,4,5,0
244,324,344,146,124,95,4,5,0
245,324,344,146,124,95,4,5,0
246,324,344,146,124,95,4,5,0
247,324,344,146,124,95,4,5,0
248,324,344,146,124,95,4,5,0
249,324,344,147,124,95,4,5,0
250,324,344,146,124,95,4,5,0
251,324,344,146,124,95,4,5,0
252,324,344,146,124,95,4,5,0
253,324,344,146,124,95,4,5,0
254,324,344,146,124,95,4,5,0
255,324,344,146,124,95,4,5,0
256,324,344,146,124,95,4,5,0
257,324,344,146,124,95,4,5,0
258,324,344,146,124,95,4,5,0
259,324,344,146,124,95,4,5,0
260,324,344,146,124,95,4,5,0
261,324,344,146,124,95,4,5,0
262,324,344,146,124,95,4,5,0
263,324,344,146,124,95,4,5,0
264,324,344,146,124,95,4,5,0
265,324,344,146,124,95,4,5,0
266,324,344,146,124,95,4,5,0
267,324,344,146,124,95,4,5,0
268,324,344,146,124,95,4,5,0
269,324,344,146,124,95,4,5,0
270,324,344,146,124,95,4,5,0
271,324,344,146,124,95,4,5,0
272,325,344,146,123,95,4,5,0
273,325,344,146,123,95,4,5,0
274,325,344,146,123,95,4,5,0
275,325,344,146,123,95,4,5,0
276,324,344,146,123,95,4,5,0
277,324,344,146,123,95,4,5,0
278,324,344,146,123,95,4,5,0
279,324,344,146,123,95,4,5,0
280,324,344,146,124,95,4,5,0
281,324,344,146,124,95,4,5,0
282,324,344,146,124,95,4,5,0
283,324,344,146,124,95,4,5,0
284,324,344,146,124,95,4,5,0
285,324,344,146,124,95,4,5,0
286,324,344,146,124,95,4,5,0
287,324,344,146,124,95,4,5,0
288,324,344,146,124,95,4,5,0
289,324,344,146,124,95,4,5,0
290,324,344,146,124,95,4,5,0
291,324,344,146,124,95,4,5,0
292,324,344,146,124,95,4,5,0
293,324,344,146,124,95,4,5,0
294,324,344,146,124,95,4,5,0
295,324,344,146,124,95,4,5,0
296,324,344,147,123,95,4,5,0
297,324,344,146,123,95,4,5,0
298,324,344,147,123,95,4,5,0
299,324,344,147,123,95,4,5,0
300,324,344,146,124,95,4,5,0
301,324,344,147,124,95,4,5,0
302,324,344,147,124,95,4,5,0
303,324,344,147,124,95,4,5,0
304,324,345,147,124,95,4,5,0
305,324,345,147,124,95,4,5,0
306,324,345,147,124,95,4,5,0
307,324,345,146,124,95,4,5,0
308,324,345,147,124,95,4,5,0
309,324,344,147,124,95,4,5,0
310,324,345,147,124,95,4,5,0
311,324,345,147,124,95,4,5,0
312,324,344,146,124,95,4,5,0
313,324,344,146,124,95,4,5,0
314,324,344,146,124,95,4,5,0
315,324,344,146,124,95,4,5,0
316,324,344,147,124,95,4,5,0
317,324,344,146,124,95,4,5,0
318,324,344,146,124,95,4,5,0
319,324,344,146,124,95,4,5,0
320,324,344,146,124,95,4,5,0
321,324,344,146,124,95,4,5,0
322,324,344,146,124,95,4,5,0
323,324,344,147,124,95,4,5,0
324,324,344,147,124,95,4,5,0
325,324,344,147,124,95,4,5,0
326,324,344,147,124,95,4,5,0
327,324,344,147,124,95,4,5,0
328,324,344,147,124,95,4,5,0
329,324,344,147,124,95,4,5,0
330,324,344,147,124,95,4,5,0
331,324,344,147,124,95,4,5,0
332,324,344,147,124,95,4,5,0
333,324,344,147,124,95,4,5,0
334,324,344,147,124,95,4,5,0
335,324,344,147,124,95,4,5,0
336,324,344,146,124,95,4,5,0
337,324,344,146,124,95,4,5,0
338,324,344,146,124,95,4,5,0
339,324,344,146,124,95,4,5,0
340,324,344,146,124,95,4,5,0
341,324,344,146,124,95,4,5,0
342,324,344,146,124,95,4,5,0
343,324,344,146,124,95,4,5,0
344,324,344,146,124,95,4,5,0
345,324,344,146,124,95,4,5,0
346,324,344,146,124,95,4,5,0
347,324,344,146,124,95,4,5,0
348,324,344,147,123,95,4,5,0
349,324,344,147,123,95,4,5,0
350,324,344,147,123,95,4,5,0
351,324,344,147,123,95,4,5,0
352,324,344,146,124,95,4,5,0
353,324,344,146,124,95,4,5,0
354,324,344,146,124,95,4,5,0
355,324,344,146,124,95,4,5,0
356,324,344,146,124,95,4,5,0
357,324,344,146,124,95,4,5,0
358,324,344,146,124,95,4,5,0
359,324,344,146,124,95,4,5,0
360,325,345,146,123,95,4,5,0
361,325,345,146,123,95,4,5,0
362,325,345,146,123,95,4,5,0
363,325,345,146,123,95,4,5,0
364,325,345,146,123,95,4,5,0
365,325,345,146,123,95,4,5,0
366,325,345,146,123,95,4,5,0
367,325,345,146,123,95,4,5,0
368,324,344,146,124,95,4,5,0
369,324,344,147,124,95,4,5,0
370,324,344,147,124,95,4,5,0
371,324,344,147,124,95,4,5,0
372,324,344,147,124,95,4,5,0
373,324,344,147,124,95,4,5,0
374,324,344,147,124,95,4,5,0
375,324,344,147,124,95,4,5,0
376,325,344,146,124,95,4,5,0
377,325,344,146,124,95,4,5,0
378,325,344,146,124,95,4,5,0
379,325,344,146,124,95,4,5,0
380,325,344,146,124,95,4,5,0
381,325,344,146,124,95,4,5,0
382,324,344,146,124,95,4,5,0
383,324,344,146,124,95,4,5,0
384,324,344,146,124,95,4,5,0
385,324,344,146,124,95,4,5,0
386,324,344,146,124,95,4,5,0
387,324,344,146,124,95,4,5,0
388,324,344,146,124,95,4,5,0
389,324,344,146,124,95,4,5,0
390,324,344,146,124,95,4,5,0
391,324,344,146,124,95,4,5,0
392,324,344,146,124,95,4,5,0
393,325,344,146,124,95,4,5,0
394,325,344,146,124,95,4,5,0
395,324,344,146,124,95,4,5,0
396,324,344,146,124,95,4,5,0
397,324,344,146,124,95,4,5,0
398,324,344,146,124,95,4,5,0
399,324,344,146,124,95,4,5,0
400,324,344,146,124,95,4,5,0
401,324,344,146,124,95,4,5,0
402,324,344,146,124,95,4,5,0
403,324,344,146,124,95,4,5,0
404,324,344,146,124,95,4,5,0
405,324,344,146,124,95,4,5,0
406,324,344,146,124,95,4,5,0
407,324,344,146,124,95,4,5,0
408,325,344,146,123,95,4,5,0
409,325,344,146,123,95,4,5,0
410,325,344,146,123,95,4,5,0
411,325,344,146,123,95,4,5,0
412,325,344,146,123,95,4,5,0
413,325,344,146,123,95,4,5,0
414,325,344,146,123,95,4,5,0
415,325,344,146,123,95,4,5,0
416,324,344,146,124,95,4,5,0
417,324,344,146,124,95,4,5,0
418,324,344,146,124,95,4,5,0
419,324,344,146,124,95,4,5,0
420,324,344,146,124,95,4,5,0
421,324,344,146,124,95,4,5,0
422,324,344,146,124,95,4,5,0
423,324,344,146,124,95,4,5,0
424,325,344,146,124,95,4,5,0
425,325,344,146,124,95,4,5,0
426,325,344,146,124,95,4,5,0
427,325,344,146,124,95,4,5,0
428,325,344,146,124,95,4,5,0
429,325,344,146,124,95,4,5,0
430,325,344,146,124,95,4,5,0
431,325,344,146,124,95,4,5,0
432,324,344,146,124,95,4,5,0
433,324,344,146,124,95,4,5,0
434,324,344,146,124,95,4,5,0
435,324,344,146,124,95,4,5,0
436,324,344,146,124,95,4,5,0
437,324,344,147,124,95,4,5,0
438,324,344,147,124,95,4,5,0
439,324,344,147,124,95,4,5,0
440,324,344,146,123,95,4,5,0
441,324,344,146,124,95,4,5,0
442,324,344,146,124,95,4,5,0
443,324,344,146,124,95,4,5,0
444,325,344,146,123,95,4,5,0
445,324,344,146,124,95,4,5,0
446,325,344,146,123,95,4,5,0
447,325,344,145,123,95,4,5,0
448,325,345,145,124,95,4,5,0
449,325,345,144,123,95,4,5,0
450,325,345,144,123,95,4,5,0
451,325,345,142,123,95,4,5,0
452,324,345,142,123,95,4,5,0
453,324,345,142,123,95,4,5,0
454,324,345,142,123,95,4,5,0
455,324,345,142,123,95,4,5,0
456,325,344,141,124,95,4,5,0
457,325,344,141,124,95,4,5,0
458,325,344,142,124,95,4,5,0
459,325,344,141,124,95,4,5,0
460,324,344,142,124,95,4,5,0
461,324,344,144,124,95,4,5,0
462,325,344,145,124,95,4,5,0
463,325,344,145,124,95,4,5,0
464,325,344,146,124,95,4,5,0
465,325,344,146,124,95,4,5,0
466,325,344,146,124,95,4,5,0
467,325,344,146,124,95,4,5,0
468,325,344,146,124,95,4,5,0
469,324,344,147,124,95,4,5,0
470,324,344,147,124,95,4,5,0
471,325,344,147,124,95,4,5,0
472,324,344,147,124,95,4,5,0
473,324,344,147,124,95,4,5,0
474,324,344,147,124,95,4,5,0
475,324,344,147,124,95,4,5,0
476,324,344,147,124,95,4,5,0
477,324,344,147,124,95,4,5,0
478,324,344,147,124,95,4,5,0
479,324,344,147,124,95,4,5,0
480,325,344,146,124,95,4,5,0
481,325,344,146,124,95,4,5,0
482,325,344,146,124,95,4,5,0
483,325,344,146,124,95,4,5,0
484,325,344,146,124,95,4,5,0
485,325,344,146,124,95,4,5,0
486,325,344,146,124,95,4,5,0
487,325,344,146,124,95,4,5,0
488,325,343,146,124,95,4,5,0
489,325,344,146,124,95,4,5,0
490,325,344,146,124,95,4,5,0
491,325,343,146,124,95,4,5,0
492,324,343,146,125,95,4,5,0
493,324,343,146,125,95,4,5,0
494,324,343,146,125,95,4,5,0
495,324,343,146,125,95,4,5,0
496,325,344,146,124,95,4,5,0
497,325,344,146,124,95,4,5,0
498,324,343,146,124,95,4,5,0
499,324,343,146,124,95,4,5,0
500,324,344,146,124,95,4,5,0
501,324,344,146,124,95,4,5,0
502,324,344,146,124,95,4,5,0
503,324,344,146,124,95,4,5,0
504,325,344,146,124,95,4,5,0
505,325,344,146,124,95,4,5,0
506,325,344,146,124,95,4,5,0
507,325,344,146,124,95,4,5,0
508,325,344,146,124,95,4,5,0
509,325,344,146,124,95,4,5,0
510,325,344,146,124,95,4,5,0
511,325,344,146,124,95,4,5,0
512,325,344,146,124,95,4,5,0
513,325,344,146,124,95,4,5,0
514,325,344,146,124,95,4,5,0
515,325,344,146,124,95,4,5,0
516,325,344,146,124,95,4,5,0
517,325,344,146,124,95,4,5,0
518,325,344,146,124,95,4,5,0
519,325,344,146,124,95,4,5,0
520,325,344,146,123,95,4,5,0
521,325,344,146,123,95,4,5,0
522,325,344,146,123,95,4,5,0
523,325,344,146,124,95,4,5,0
524,325,344,146,124,95,4,5,0
525,325,344,146,124,95,4,5,0
526,325,344,146,124,95,4,5,0
527,325,344,146,124,95,4,5,0
528,325,344,146,124,95,4,5,0
529,325,344,146,124,95,4,5,0
530,325,344,146,124,95,4,5,0
531,325,344,146,124,95,4,5,0
532,325,344,146,124,95,4,5,0
533,325,344,146,124,95,4,5,0
534,325,344,146,124,95,4,5,0
535,325,344,146,124,95,4,5,0
536,325,344,146,124,95,4,5,0
537,325,344,146,124,95,4,5,0
538,325,344,146,124,95,4,5,0
539,325,344,146,124,95,4,5,0
540,325,344,146,124,95,4,5,0
541,325,344,146,124,95,4,5,0
542,325,344,146,124,95,4,5,0
543,325,344,146,124,95,4,5,0
544,325,344,146,124,95,4,5,0
545,325,344,146,124,95,4,5,0
546,325,344,146,124,95,4,5,0
547,325,344,146,124,95,4,5,0
548,325,344,146,124,95,4,5,0
549,325,344,146,124,95,4,5,0
550,325,344,146,124,95,4,5,0
551,325,344,146,124,95,4,5,0
552,324,344,146,124,95,4,5,0
553,324,344,146,124,95,4,5,0
554,324,344,146,124,95,4,5,0
555,324,344,146,124,95,4,5,0
556,324,344,146,124,95,4,5,0
557,324,344,146,124,95,4,5,0
558,324,344,146,124,95,4,5,0
559,324,344,146,124,95,4,5,0
560,324,344,146,124,95,4,5,0
561,324,344,146,124,95,4,5,0
562,324,344,146,124,95,4,5,0
563,324,344,146,124,95,4,5,0
564,324,344,146,124,95,4,5,0
565,324,344,146,124,95,4,5,0
566,324,344,146,124,95,4,5,0
567,324,344,146,124,95,4,5,0
568,325,344,146,124,95,4,5,0
569,325,344,146,124,95,4,5,0
570,325,344,146,124,95,4,5,0
571,325,344,146,124,95,4,5,0
572,325,344,146,124,95,4,5,0
573,325,344,146,124,95,4,5,0
574,325,344,146,124,95,4,5,0
575,325,344,146,124,95,4,5,0
576,324,344,147,124,95,4,5,0
577,324,344,147,124,95,4,5,0
578,324,344,147,124,95,4,5,0
579,324,344,146,124,95,4,5,0
580,324,344,146,124,95,4,5,0
581,324,344,146,124,95,4,5,0
582,324,344,146,124,95,4,5,0
583,324,344,146,123,95,4,5,0
584,325,344,146,123,95,4,5,0
585,325,344,146,123,95,4,5,0
586,325,344,146,123,95,4,5,0
587,325,344,146,123,95,4,5,0
588,324,345,146,123,95,4,5,0
589,324,345,146,123,95,4,5,0
590,324,344,146,123,95,4,5,0
591,324,344,146,123,95,4,5,0
592,324,344,146,124,95,4,5,0
593,324,344,146,124,95,4,5,0
594,324,344,146,124,95,4,5,0
595,324,344,146,124,95,4,5,0
596,324,344,146,124,95,4,5,0
597,324,344,146,124,95,4,5,0
598,324,344,146,124,95,4,5,0
599,324,344,146,124,95,4,5,0
600,325,344,146,124,95,4,5,0
601,325,344,146,124,95,4,5,0
602,325,344,146,124,95,4,5,0
603,325,344,146,124,95,4,5,0
604,325,344,146,124,95,4,5,0
605,325,344,146,124,95,4,5,0
606,325,344,146,124,95,4,5,0
607,325,344,146,124,95,4,5,0
608,325,344,146,124,95,4,5,0
609,324,344,146,124,95,4,5,0
610,324,343,146,124,95,4,5,0
611,324,343,146,124,95,4,5,0
612,324,344,146,124,95,4,5,0
613,324,344,146,124,95,4,5,0
614,324,344,146,124,95,4,5,0
615,324,344,146,124,95,4,5,0
616,324,344,146,124,95,4,5,0
617,324,344,146,124,95,4,5,0
618,324,344,146,124,95,4,5,0
619,324,344,146,124,95,4,5,0
620,324,344,146,124,95,4,5,0
621,324,344,146,123,95,4,5,0
622,324,344,146,123,95,4,5,0
623,324,344,146,123,95,4,5,0
624,324,344,146,124,95,4,5,0
625,324,344,146,124,95,4,5,0
626,324,344,146,124,95,4,5,0
627,324,344,146,124,95,4,5,0
628,324,344,147,124,95,4,5,0
629,324,344,147,124,95,4,5,0
630,324,344,147,124,95,4,5,0
631,324,344,147,124,95,4,5,0
632,324,344,146,124,95,4,5,0
633,324,344,146,124,95,4,5,0
634,324,344,146,124,95,4,5,0
635,324,344,146,124,95,4,5,0
636,324,344,146,124,95,4,5,0
637,324,344,146,124,95,4,5,0
638,324,344,146,124,95,4,5,0
639,324,344,146,124,95,4,5,0
640,325,344,146,124,95,4,5,0
641,325,344,146,124,95,4,5,0
642,325,344,146,123,95,4,5,0
643,325,344,146,124,95,4,5,0
644,325,344,146,124,95,4,5,0
645,325,344,146,124,95,4,5,0
646,325,344,146,124,95,4,5,0
647,325,344,146,124,95,4,5,0
648,325,344,146,124,95,4,5,0
649,325,344,146,124,95,4,5,0
650,325,344,146,124,95,4,5,0
651,325,344,146,124,95,4,5,0
652,325,344,146,124,95,4,5,0
653,325,344,146,124,95,4,5,0
654,325,344,146,124,95,4,5,0
655,325,344,146,124,95,4,5,0
656,325,344,146,124,95,4,5,0
657,325,344,146,124,95,4,5,0
658,325,344,146,124,95,4,5,0
659,325,344,146,124,95,4,5,0
660,325,344,146,124,95,4,5,0
661,325,344,146,124,95,4,5,0
662,325,344,146,124,95,4,5,0
663,325,344,146,124,95,4,5,0
664,325,344,146,124,95,4,5,0
665,325,344,146,124,95,4,5,0
666,325,344,146,124,95,4,5,0
667,325,344,146,124,95,4,5,0
668,324,344,146,124,95,4,5,0
669,325,344,146,124,95,4,5,0
670,324,344,146,124,95,4,5,0
671,324,344,146,124,95,4,5,0
672,325,344,146,124,95,4,5,0
673,325,344,146,124,95,4,5,0
674,325,344,146,124,95,4,5,0
675,325,344,146,124,95,4,5,0
676,325,344,146,124,95,4,5,0
677,325,344,146,124,95,4,5,0
678,325,344,146,124,95,4,5,0
679,325,344,146,124,95,4,5,0
680,325,344,146,124,95,4,5,0
681,325,344,146,124,95,4,5,0
682,324,344,146,124,95,4,5,0
683,324,344,146,124,95,4,5,0
684,324,344,146,124,95,4,5,0
685,324,344,146,124,95,4,5,0
686,324,344,146,124,95,4,5,0
687,324,344,146,124,95,4,5,0
688,325,344,146,124,95,4,5,0
689,325,344,146,124,95,4,5,0
690,325,344,146,124,95,4,5,0
691,325,344,146,124,95,4,5,0
692,325,344,146,124,95,4,5,0
693,325,344,146,124,95,4,5,0
694,325,344,146,124,95,4,5,0
695,325,344,146,124,95,4,5,0
696,325,344,146,124,95,4,5,0
697,325,344,146,124,95,4,5,0
698,325,344,146,124,95,4,5,0
699,325,344,146,124,95,4,5,0
700,325,344,146,124,95,4,5,0
701,325,344,146,124,95,4,5,0
702,325,344,146,124,95,4,5,0
703,325,344,146,124,95,4,5,0
704,325,344,146,124,95,4,5,0
705,325,344,146,124,95,4,5,0
706,325,344,146,124,95,4,5,0
707,325,344,146,124,95,4,5,0
708,325,344,146,124,95,4,5,0
709,325,344,146,124,95,4,5,0
710,325,344,146,124,95,4,5,0
711,325,344,146,124,95,4,5,0
712,325,344,146,124,95,4,5,0
713,325,344,146,124,95,4,5,0
714,325,344,146,124,95,4,5,0
715,325,344,146,124,95,4,5,0
716,325,344,146,124,95,4,5,0
717,325,344,146,124,95,4,5,0
718,325,344,146,124,95,4,5,0
719,325,344,146,124,95,4,5,0
720,325,344,146,124,95,4,5,0
721,325,344,146,124,95,4,5,0
722,325,344,146,124,95,4,5,0
723,325,344,146,124,95,4,5,0
724,325,344,146,124,95,4,5,0
725,325,344,146,124,95,4,5,0
726,325,344,146,124,95,4,5,0
727,325,344,146,124,95,4,5,0
728,325,344,146,124,95,4,5,0
729,325,344,146,124,95,4,5,0
730,325,344,146,124,95,4,5,0
731,325,344,146,124,95,4,5,0
732,325,344,146,124,95,4,5,0
733,325,344,146,124,95,4,5,0
734,325,344,146,124,95,4,5,0
735,325,344,146,124,95,4,5,0
736,325,344,146,123,95,4,5,0
737,325,344,146,123,95,4,5,0
738,325,344,146,123,95,4,5,0
739,325,344,146,123,95,4,5,0
740,325,344,146,123,95,4,5,0
741,325,344,146,123,95,4,5,0
742,325,344,146,123,95,4,5,0
743,325,344,147,124,95,4,5,0
744,325,345,147,123,95,4,5,0
745,325,345,147,123,95,4,5,0
746,325,345,147,123,95,4,5,0
747,325,345,147,123,95,4,5,0
748,325,345,147,123,95,4,5,0
749,325,345,146,123,95,4,5,0
750,325,344,146,123,95,4,5,0
751,325,344,146,123,95,4,5,0
752,325,344,146,124,95,4,5,0
753,325,344,146,124,95,4,5,0
754,325,344,146,124,95,4,5,0
755,325,344,146,124,95,4,5,0
756,325,344,146,124,95,4,5,0
757,325,344,146,124,95,4,5,0
758,325,344,146,124,95,4,5,0
759,325,344,146,124,95,4,5,0
760,324,344,146,124,95,4,5,0
761,324,344,146,124,95,4,5,0
762,324,344,146,124,95,4,5,0
763,324,344,147,124,95,4,5,0
764,324,344,147,124,95,4,5,0
765,324,344,147,124,95,4,5,0
766,325,344,146,124,95,4,5,0
767,325,344,146,124,95,4,5,0
768,325,344,146,124,95,4,5,0
769,325,344,146,124,95,4,5,0
770,325,344,146,124,95,4,5,0
771,325,344,146,124,95,4,5,0
772,325,343,146,125,95,4,5,0
773,325,344,146,124,95,4,5,0
774,325,344,146,124,95,4,5,0
775,325,343,146,125,95,4,5,0
776,325,344,146,124,95,4,5,0
777,325,343,146,125,95,4,5,0
778,325,343,146,125,95,4,5,0
779,325,343,146,125,95,4,5,0
780,325,344,146,124,95,4,5,0
781,325,344,146,124,95,4,5,0
782,325,344,146,123,95,4,5,0
783,325,345,146,123,95,4,5,0
784,325,345,146,123,95,4,5,0
785,325,344,146,124,95,4,5,0
786,325,344,146,124,95,4,5,0
787,325,341,146,127,95,4,5,0
788,325,343,146,125,95,4,5,0
789,325,344,146,124,95,4,5,0
790,325,344,146,124,95,4,5,0
791,325,343,146,125,95,4,5,0
792,325,342,146,126,95,4,5,0
793,325,342,146,126,95,4,5,0
794,325,342,146,126,95,4,5,0
795,325,342,146,126,95,4,5,0
796,325,342,146,126,95,4,5,0
797,325,342,146,126,95,4,5,0
798,325,342,146,126,95,4,5,0
799,325,342,146,126,95,4,5,0
800,325,342,146,126,95,4,5,0
801,324,342,146,126,95,4,5,0
802,324,342,146,126,95,4,5,0
803,324,342,146,126,95,4,5,0
804,324,343,147,125,95,4,5,0
805,324,343,147,125,95,4,5,0
806,324,343,147,124,95,4,5,0
807,324,344,147,124,95,4,5,0
808,325,343,146,124,95,4,5,0
809,325,342,146,126,95,4,5,0
810,325,343,146,125,95,4,5,0
811,325,344,146,124,95,4,5,0
812,325,344,146,124,95,4,5,0
813,325,345,146,123,95,4,5,0
814,325,344,146,123,95,4,5,0
815,325,344,146,124,95,4,5,0
816,325,344,146,124,95,4,5,0
817,324,344,146,124,95,4,5,0
818,325,344,146,124,95,4,5,0
819,325,343,146,125,95,4,5,0
820,325,342,146,126,95,4,5,0
821,325,344,146,124,95,4,5,0
822,325,343,146,125,95,4,5,0
823,325,342,146,126,95,4,5,0
824,325,344,146,124,95,4,5,0
825,325,343,146,125,95,4,5,0
826,325,343,146,125,95,4,5,0
827,325,344,146,124,95,4,5,0
828,325,344,146,124,95,4,5,0
829,325,343,146,125,95,4,5,0
830,325,344,146,124,95,4,5,0
831,325,343,146,125,95,4,5,0
832,325,344,146,124,95,4,5,0
833,325,344,146,124,95,4,5,0
834,325,344,146,124,95,4,5,0
835,325,344,146,124,95,4,5,0
836,325,344,146,124,95,4,5,0
837,325,343,146,125,95,4,5,0
838,325,343,146,125,95,4,5,0
839,325,343,146,125,95,4,5,0
840,325,343,147,124,95,4,5,0
841,325,343,147,125,95,4,5,0
842,325,343,147,125,95,4,5,0
843,324,343,147,125,95,4,5,0
844,324,343,147,124,95,4,5,0
845,324,343,147,125,95,4,5,0
846,325,343,147,125,95,4,5,0
847,325,343,147,124,95,4,5,0
848,325,344,146,124,95,4,5,0
849,325,344,146,124,95,4,5,0
850,325,344,146,124,95,4,5,0
851,325,344,146,124,95,4,5,0
852,325,343,146,125,95,4,5,0
853,325,343,146,126,95,4,5,0
854,325,343,146,125,95,4,5,0
855,325,344,146,124,95,4,5,0
856,325,343,146,125,95,4,5,0
857,325,344,146,124,95,4,5,0
858,325,344,146,124,95,4,5,0
859,325,344,146,124,95,4,5,0
860,325,343,146,125,95,4,5,0
861,325,343,146,125,95,4,5,0
862,325,343,146,125,95,4,5,0
863,325,344,146,124,95,4,5,0
864,325,343,146,124,95,4,5,0
865,325,344,146,124,95,4,5,0
866,325,344,146,124,95,4,5,0
867,325,344,146,124,95,4,5,0
868,325,344,146,124,95,4,5,0
869,325,344,146,124,95,4,5,0
870,325,344,146,124,95,4,5,0
871,325,344,146,124,95,4,5,0
872,325,344,146,124,95,4,5,0
873,325,344,146,124,95,4,5,0
874,325,344,146,124,95,4,5,0
875,325,344,146,124,95,4,5,0
876,324,344,147,124,95,4,5,0
877,324,344,146,124,95,4,5,0
878,324,344,146,123,95,4,5,0
879,324,344,146,123,95,4,5,0
880,325,344,146,124,95,4,5,0
881,325,344,146,124,95,4,5,0
882,325,344,146,124,95,4,5,0
883,325,344,146,124,95,4,5,0
884,324,344,146,124,95,4,5,0
885,324,344,146,124,95,4,5,0
886,325,344,145,124,95,4,5,0
887,324,344,145,124,95,4,5,0
888,325,344,146,124,95,4,5,0
889,325,344,146,124,95,4,5,0
890,325,344,146,124,95,4,5,0
891,325,344,146,124,95,4,5,0
892,325,344,146,124,95,4,5,0
893,325,344,146,124,95,4,5,0
894,325,344,146,124,95,4,5,0
895,325,344,146,124,95,4,5,0
896,325,344,146,124,95,4,5,0
897,324,344,146,124,95,4,5,0
898,325,344,146,122,95,4,5,0
899,325,344,146,123,95,4,5,0
900,325,344,146,124,95,4,5,0
901,325,344,146,123,95,4,5,0
902,325,344,146,124,95,4,5,0
903,325,344,146,124,95,4,5,0
904,325,344,146,124,95,4,5,0
905,325,344,146,124,95,4,5,0
906,325,344,146,124,95,4,5,0
907,325,344,146,124,95,4,5,0
908,325,344,146,124,95,4,5,0
909,325,344,146,124,95,4,5,0
910,325,344,146,124,95,4,5,0
911,325,344,146,124,95,4,5,0
912,325,344,146,124,95,4,5,0
913,325,344,146,124,95,4,5,0
914,325,344,146,124,95,4,5,0
915,325,344,146,124,95,4,5,0
916,325,344,146,124,95,4,5,0
917,325,344,146,124,95,4,5,0
918,325,344,146,124,95,4,5,0
919,325,344,146,124,95,4,5,0
920,325,344,147,124,95,4,5,0
921,325,344,146,124,95,4,5,0
922,325,344,146,124,95,4,5,0
923,325,344,146,124,95,4,5,0
924,325,344,145,124,95,4,5,0
925,324,344,143,124,95,4,5,0
926,324,344,142,124,95,4,5,0
927,324,344,142,124,95,4,5,0
928,324,344,142,123,95,4,5,0
929,324,344,142,124,95,4,5,0
930,325,344,142,123,95,4,5,0
931,325,344,142,123,95,4,5,0
932,325,344,143,123,95,4,5,0
933,325,344,144,123,95,4,5,0
934,325,344,144,123,95,4,5,0
935,325,344,144,123,95,4,5,3
936,324,344,144,122,95,4,5,6
937,324,344,142,116,95,4,5,7
938,324,344,146,117,95,4,5,6
939,324,344,147,120,95,4,5,5
940,324,344,147,120,95,4,5,4
941,324,344,147,120,95,4,5,4
942,324,344,147,121,95,4,5,5
943,324,344,147,123,95,4,5,6
944,325,344,146,123,95,4,5,6
945,324,344,146,123,95,4,5,5
946,325,344,146,124,95,4,5,5
947,325,344,146,124,95,4,5,4
948,325,344,146,124,95,4,5,2
949,325,344,146,124,95,4,5,1
950,325,344,146,124,95,4,5,0
951,325,344,146,124,95,4,5,0
952,325,344,146,124,95,4,5,0
953,325,344,146,124,95,4,5,0
954,325,344,146,124,95,4,5,0
955,325,344,146,124,95,4,5,0
956,325,344,146,124,95,4,5,0
957,325,344,146,124,95,4,5,0
958,325,344,146,124,95,4,5,0
959,325,344,146,124,95,4,5,0
960,325,344,146,124,95,4,5,0
961,325,344,146,124,95,4,5,0
962,325,344,146,124,95,4,5,0
963,325,344,146,124,95,4,5,0
964,325,344,146,124,95,4,5,0
965,325,344,146,124,95,4,5,0
966,325,344,146,124,95,4,5,0
967,325,344,146,124,95,4,5,0
968,325,344,146,124,95,4,5,0
969,325,344,146,124,95,4,5,0
970,325,344,146,124,95,4,5,0
971,325,344,146,124,95,4,5,0
972,325,344,146,124,95,4,5,0
973,325,344,146,124,95,4,5,0
974,325,344,146,124,95,4,5,0
975,325,344,146,124,95,4,5,0
976,325,344,146,124,95,4,5,0
977,325,344,146,124,95,4,5,0
978,325,344,146,124,95,4,5,0
979,325,344,146,124,95,4,5,0
980,325,344,146,124,95,4,5,0
981,325,344,146,124,95,4,5,0
982,325,344,146,124,95,4,5,0
983,325,344,146,124,95,4,5,0
984,325,344,146,124,95,4,5,0
985,325,344,146,124,95,4,5,0
986,325,344,146,124,95,4,5,0
987,325,344,146,124,95,4,5,0
988,325,344,146,124,95,4,5,0
989,325,344,146,124,95,4,5,0
990,325,344,146,124,95,4,5,0
991,325,344,146,124,95,4,5,0
992,324,344,146,124,95,4,5,0
993,324,344,146,124,95,4,5,0
994,324,344,146,124,95,4,5,0
995,324,344,146,124,95,4,5,0
996,325,344,146,124,95,4,5,0
997,325,344,146,124,95,4,5,0
998,325,344,146,124,95,4,5,0
999,325,344,146,124,95,4,5,0
1000,324,344,147,124,95,4,5,0
1001,324,344,147,124,95,4,5,0
1002,324,344,147,124,95,4,5,0
1003,324,344,147,124,95,4,5,0
1004,324,344,147,124,95,4,5,0
1005,324,344,147,124,95,4,5,0
1006,324,344,147,124,95,4,5,0
1007,324,344,147,124,95,4,5,0
1008,325,344,146,124,95,4,5,0
1009,325,344,146,124,95,4,5,0
1010,325,344,146,124,95,4,5,0
1011,325,344,146,124,95,4,5,0
1012,325,344,146,124,95,4,5,0
1013,325,344,146,124,95,4,5,0
1014,325,344,146,124,95,4,5,0
1015,325,344,146,124,95,4,5,0
1016,324,344,147,124,95,4,5,0
1017,324,344,147,124,95,4,5,0
1018,324,344,147,124,95,4,5,0
1019,324,344,147,124,95,4,5,0
1020,324,344,147,124,95,4,5,0
1021,324,344,147,124,95,4,5,0
1022,324,344,147,124,95,4,5,0
1023,324,344,147,124,95,4,5,0
1024,325,344,146,124,95,4,5,0
1025,325,344,146,124,95,4,5,0
1026,325,344,146,124,95,4,5,0
1027,325,344,146,124,95,4,5,0
1028,325,344,146,124,95,4,5,0
1029,325,344,146,124,95,4,5,0
1030,325,344,146,124,95,4,5,0
1031,325,344,146,124,95,4,5,0
1032,325,344,146,124,95,4,5,0
1033,324,344,146,124,95,4,5,0
1034,325,344,146,124,95,4,5,0
1035,325,344,146,124,95,4,5,0
1036,325,344,146,124,95,4,5,0
1037,325,344,146,124,95,4,5,0
1038,325,344,146,124,95,4,5,0
1039,324,344,146,124,95,4,5,0
1040,325,344,146,124,95,4,5,0
1041,325,344,146,124,95,4,5,0
1042,325,344,146,124,95,4,5,0
1043,325,344,146,124,95,4,5,0
1044,325,344,146,124,95,4,5,0
1045,325,344,146,124,95,4,5,0
1046,325,344,146,124,95,4,5,0
1047,325,344,146,124,95,4,5,0
1048,325,344,146,125,95,4,5,0
1049,325,344,146,125,95,4,5,0
1050,325,344,146,125,95,4,5,0
1051,325,344,146,125,95,4,5,0
1052,325,344,146,125,95,4,5,0
1053,325,344,146,125,95,4,5,0
1054,325,344,146,124,95,4,5,0
1055,325,344,146,124,95,4,5,0
1056,325,344,146,125,95,4,5,0
1057,325,344,146,125,95,4,5,0
1058,325,344,146,125,95,4,5,0
1059,325,344,146,125,95,4,5,0
1060,325,344,146,125,95,4,5,0
1061,325,344,146,125,95,4,5,0
1062,325,344,146,125,95,4,5,0
1063,325,344,146,125,95,4,5,0
1064,325,344,146,124,95,4,5,0
1065,325,344,146,124,95,4,5,0
1066,325,344,146,124,95,4,5,0
1067,325,344,146,124,95,4,5,0
1068,325,344,146,124,95,4,5,0
1069,325,344,146,124,95,4,5,0
1070,325,344,146,124,95,4,5,0
1071,325,344,146,124,95,4,5,0
1072,325,344,146,125,95,4,5,0
1073,325,343,146,125,95,4,5,0
1074,325,343,146,125,95,4,5,0
1075,325,343,146,125,95,4,5,0
1076,325,344,146,125,95,4,5,0
1077,325,344,146,125,95,4,5,0
1078,325,344,146,125,95,4,5,0
1079,325,344,146,124,95,4,5,0
1080,324,344,146,124,95,4,5,0
1081,324,344,146,124,95,4,5,0
1082,324,344,146,124,95,4,5,0
1083,324,344,146,124,95,4,5,0
1084,324,344,146,124,95,4,5,0
1085,324,344,146,124,95,4,5,0
1086,324,344,146,124,95,4,5,0
1087,324,344,146,124,95,4,5,0
1088,324,344,146,124,95,4,5,0
1089,324,344,147,124,95,4,5,0
1090,324,344,147,124,95,4,5,0
1091,324,344,146,124,95,4,5,0
1092,324,344,146,124,95,4,5,0
1093,324,344,146,124,95,4,5,0
1094,324,344,146,124,95,4,5,0
1095,324,344,146,124,95,4,5,0
1096,325,344,146,124,95,4,5,0
1097,325,344,146,124,95,4,5,0
1098,325,344,146,124,95,4,5,0
1099,325,344,146,124,95,4,5,0
1100,325,344,146,124,95,4,5,0
1101,325,344,146,124,95,4,5,0
1102,325,344,146,124,95,4,5,0
1103,325,344,146,124,95,4,5,0
1104,324,344,146,124,95,4,5,0
1105,324,344,146,124,95,4,5,0
1106,324,344,146,124,95,4,5,0
1107,324,344,146,125,95,4,5,0
1108,324,344,146,125,95,4,5,0
1109,324,344,146,125,95,4,5,0
1110,324,344,146,125,95,4,5,0
1111,324,344,146,125,95,4,5,0
1112,325,344,146,124,95,4,5,0
1113,325,344,146,124,95,4,5,0
1114,325,344,146,124,95,4,5,0
1115,325,344,146,124,95,4,5,0
1116,325,344,146,124,95,4,5,0
1117,325,344,146,124,95,4,5,0
1118,325,344,146,124,95,4,5,0
1119,325,344,146,124,95,4,5,0
1120,325,344,146,124,95,4,5,0
1121,325,344,146,124,95,4,5,0
1122,325,344,146,124,95,4,5,0
1123,325,344,146,124,95,4,5,0
1124,325,344,146,124,95,4,5,0
1125,325,343,146,125,95,4,5,0
1126,325,344,146,124,95,4,5,0
1127,325,344,146,125,95,4,5,0
1128,325,344,146,124,95,4,5,0
1129,325,344,146,124,95,4,5,0
1130,325,344,146,124,95,4,5,0
1131,325,344,146,124,95,4,5,0
1132,325,344,146,124,95,4,5,0
1133,325,344,146,124,95,4,5,0
1134,325,344,146,124,95,4,5,0
1135,325,344,146,124,95,4,5,0
1136,325,344,146,124,95,4,5,0
1137,325,344,146,124,95,4,5,0
1138,325,344,146,124,95,4,5,0
1139,325,344,146,124,95,4,5,0
1140,325,344,146,124,95,4,5,0
1141,325,344,146,124,95,4,5,0
1142,325,344,146,124,95,4,5,0
1143,325,344,146,124,95,4,5,0
1144,325,344,146,124,95,4,5,0
1145,325,344,146,124,95,4,5,0
1146,325,344,146,124,95,4,5,0
1147,325,344,146,124,95,4,5,0
1148,325,344,146,124,95,4,5,0
1149,325,344,146,124,95,4,5,0
1150,325,344,146,124,95,4,5,0
1151,325,344,146,124,95,4,5,0
1152,325,344,146,125,95,4,5,1
1153,325,344,146,125,95,4,5,1
1154,325,344,146,125,95,4,5,1
1155,325,344,146,125,95,4,5,1
1156,325,344,146,125,95,4,5,1
1157,325,344,146,125,95,4,5,0
1158,325,344,146,125,95,4,5,0
1159,325,344,146,125,95,4,5,0
1160,324,344,146,124,95,4,5,0
1161,324,344,146,124,95,4,5,0
1162,324,344,146,124,95,4,5,0
1163,324,344,146,124,95,4,5,0
1164,324,344,146,124,95,4,5,0
1165,324,344,146,124,95,4,5,0
1166,324,344,146,124,95,4,5,0
1167,324,344,146,124,95,4,5,0
1168,324,344,146,124,95,4,5,0
1169,324,344,146,124,95,4,5,0
1170,324,344,146,124,95,4,5,0
1171,324,344,146,124,95,4,5,0
1172,324,344,146,124,95,4,5,0
1173,324,344,146,124,95,4,5,0
1174,324,344,146,124,95,4,5,0
1175,324,344,146,124,95,4,5,0
1176,325,344,146,124,95,4,5,0
1177,325,344,146,124,95,4,5,0
1178,325,344,146,124,95,4,5,0
1179,325,344,146,124,95,4,5,0
1180,325,344,146,124,95,4,5,0
1181,325,344,146,124,95,4,5,0
1182,325,344,146,124,95,4,5,0
1183,325,344,146,124,95,4,5,0
1184,325,344,146,124,95,4,5,0
1185,325,344,146,124,95,4,5,0
1186,325,344,146,124,95,4,5,0
1187,325,344,146,124,95,4,5,0
1188,325,344,146,124,95,4,5,0
1189,325,344,146,124,95,4,5,0
1190,324,344,146,124,95,4,5,0
1191,324,344,146,124,95,4,5,0
1192,325,344,146,124,95,4,5,0
1193,325,344,146,124,95,4,5,0
1194,325,344,146,124,95,4,5,0
1195,324,344,146,124,95,4,5,0
1196,325,344,146,124,95,4,5,0
1197,325,344,146,124,95,4,5,0
1198,324,344,146,124,95,4,5,0
1199,325,344,146,124,95,4,5,0
1200,325,345,146,123,95,4,5,0
1201,325,345,146,123,95,4,5,0
1202,325,345,146,123,95,4,5,0
1203,325,345,146,123,95,4,5,0
1204,325,345,146,123,95,4,5,0
1205,325,345,146,123,95,4,5,0
1206,325,345,146,123,95,4,5,0
1207,325,345,146,123,95,4,5,0
1208,325,344,146,124,95,4,5,0
1209,325,344,146,124,95,4,5,0
1210,325,344,146,124,95,4,5,0
1211,325,344,146,124,95,4,5,0
1212,325,344,146,125,95,4,5,0
1213,325,344,146,125,95,4,5,0
1214,325,344,146,125,95,4,5,0
1215,324,344,146,125,95,4,5,0
1216,325,344,146,125,95,4,5,0
1217,325,344,146,125,95,4,5,0
1218,325,344,146,125,95,4,5,0
1219,325,344,146,125,95,4,5,0
1220,325,344,146,125,95,4,5,0
1221,325,344,146,125,95,4,5,0
1222,325,344,146,125,95,4,5,0
1223,325,344,146,125,95,4,5,0
1224,325,344,146,124,95,4,5,0
1225,325,344,146,124,95,4,5,0
1226,325,344,146,124,95,4,5,0
1227,325,344,146,124,95,4,5,0
1228,325,344,146,124,95,4,5,0
1229,325,344,146,124,95,4,5,0
1230,325,344,146,124,95,4,5,0
1231,325,344,146,124,95,4,5,0
1232,325,344,146,124,95,4,5,0
1233,325,344,146,124,95,4,5,0
1234,325,344,146,124,95,4,5,0
1235,325,344,146,124,95,4,5,0
1236,325,345,146,124,95,4,5,0
1237,325,345,146,124,95,4,5,0
1238,325,345,146,124,95,4,5,0
1239,325,345,146,124,95,4,5,0
1240,325,345,146,123,95,4,5,0
1241,325,345,146,123,95,4,5,0
1242,325,344,146,124,95,4,5,0
1243,325,345,146,123,95,4,5,0
1244,325,345,146,123,95,4,5,0
1245,325,345,146,123,95,4,5,0
1246,325,345,146,123,95,4,5,0
1247,325,345,146,123,95,4,5,0
1248,325,344,146,124,95,4,5,0
1249,325,344,146,124,95,4,5,0
1250,325,344,146,124,95,4,5,0
1251,325,344,146,124,95,4,5,0
1252,325,344,146,124,95,4,5,0
1253,325,344,146,124,95,4,5,0
1254,325,344,146,124,95,4,5,0
1255,325,344,146,124,95,4,5,0
1256,325,345,146,124,95,4,5,0
1257,325,345,146,124,95,4,5,0
1258,325,345,146,124,95,4,5,0
1259,325,344,146,124,95,4,5,0
1260,325,345,146,124,95,4,5,0
1261,325,345,146,124,95,4,5,0
1262,325,345,146,123,95,4,5,0
1263,325,345,146,123,95,4,5,0
1264,325,345,146,123,95,4,5,0
1265,325,345,146,123,95,4,5,0
1266,325,345,146,123,95,4,5,0
1267,325,345,146,123,95,4,5,0
1268,325,345,146,123,95,4,5,0
1269,325,345,146,123,95,4,5,0
1270,325,345,146,123,95,4,5,0
1271,325,345,146,123,95,4,5,0
1272,324,345,146,124,95,4,5,0
1273,324,345,146,124,95,4,5,0
1274,324,345,146,124,95,4,5,0
1275,324,345,146,124,95,4,5,0
1276,324,345,146,124,95,4,5,0
1277,324,345,146,124,95,4,5,0
1278,324,345,146,124,95,4,5,0
1279,324,345,146,124,95,4,5,0
1280,325,344,146,124,95,4,5,0
1281,325,344,146,124,95,4,5,0
1282,325,344,146,124,95,4,5,0
1283,325,344,146,124,95,4,5,0
1284,325,344,146,124,95,4,5,0
1285,325,344,146,124,95,4,5,0
1286,325,344,146,124,95,4,5,0
1287,325,344,146,124,95,4,5,0
1288,325,344,146,124,95,4,5,0
1289,325,344,146,124,95,4,5,0
1290,325,344,146,124,95,4,5,0
1291,325,344,146,125,95,4,5,0
1292,325,344,146,125,95,4,5,0
1293,325,344,146,124,95,4,5,0
1294,325,344,146,124,95,4,5,0
1295,325,344,146,125,95,4,5,0
1296,325,344,147,124,95,4,5,0
1297,325,344,146,124,95,4,5,0
1298,325,344,146,124,95,4,5,0
1299,325,344,146,124,95,4,5,0
1300,325,344,146,124,95,4,5,0
1301,325,344,146,124,95,4,5,0
1302,325,344,146,124,95,4,5,0
1303,325,344,147,124,95,4,5,0
1304,325,344,146,124,95,4,5,0
1305,325,344,146,124,95,4,5,0
1306,325,344,146,124,95,4,5,0
1307,325,344,146,124,95,4,5,0
1308,325,344,146,124,95,4,5,0
1309,325,344,146,124,95,4,5,0
1310,325,344,146,124,95,4,5,0
1311,325,344,146,124,95,4,5,0
1312,325,344,146,124,95,4,5,0
1313,325,344,146,124,95,4,5,0
1314,325,344,146,124,95,4,5,0
1315,325,344,146,124,95,4,5,0
1316,325,344,146,124,95,4,5,0
1317,325,344,146,124,95,4,5,0
1318,325,345,146,124,95,4,5,0
1319,325,344,146,124,95,4,5,0
1320,325,344,146,124,95,4,5,0
1321,325,344,146,124,95,4,5,0
1322,325,344,146,124,95,4,5,0
1323,325,344,146,124,95,4,5,0
1324,325,344,146,124,95,4,5,0
1325,325,344,146,124,95,4,5,0
1326,325,344,146,123,95,4,5,0
1327,325,344,146,123,95,4,5,0
1328,324,344,146,124,95,4,5,0
1329,324,344,146,124,95,4,5,0
1330,324,344,146,124,95,4,5,0
1331,324,344,146,124,95,4,5,0
1332,324,344,146,124,95,4,5,0
1333,324,344,146,124,95,4,5,0
1334,324,344,146,124,95,4,5,0
1335,324,344,146,124,95,4,5,0
1336,325,344,146,124,95,4,5,0
1337,325,344,146,124,95,4,5,0
1338,325,344,146,124,95,4,5,0
1339,325,344,146,124,95,4,5,0
1340,325,344,146,124,95,4,5,0
1341,325,344,146,124,95,4,5,0
1342,325,344,146,124,95,4,5,0
1343,325,344,146,124,95,4,5,0
1344,325,344,146,124,95,4,5,0
1345,325,344,146,124,95,4,5,0
1346,325,344,146,124,95,4,5,0
1347,325,344,146,124,95,4,5,0
1348,325,344,146,124,95,4,5,0
1349,325,344,146,124,95,4,5,0
1350,325,344,146,124,95,4,5,0
1351,325,344,146,124,95,4,5,0
1352,325,344,146,124,95,4,5,0
1353,325,344,146,124,95,4,5,0
1354,325,344,146,124,95,4,5,0
1355,325,344,146,124,95,4,5,0
1356,325,344,146,124,95,4,5,0
1357,325,344,146,124,95,4,5,0
1358,325,344,146,124,95,4,5,0
1359,325,344,146,124,95,4,5,0
1360,325,344,146,124,95,4,5,0
1361,325,344,146,124,95,4,5,0
1362,325,344,146,124,95,4,5,0
1363,325,344,146,124,95,4,5,0
1364,325,344,146,124,95,4,5,0
1365,325,344,146,124,95,4,5,0
1366,325,344,146,124,95,4,5,0
1367,325,344,146,124,95,4,5,0
1368,325,344,146,124,95,4,5,0
1369,325,344,146,124,95,4,5,0
1370,325,344,146,124,95,4,5,0
1371,325,344,146,124,95,4,5,0
1372,325,344,146,124,95,4,5,0
1373,325,344,146,124,95,4,5,0
1374,325,344,146,124,95,4,5,0
1375,325,344,146,124,95,4,5,0
1376,325,344,146,124,95,4,5,0
1377,325,344,146,124,95,4,5,0
1378,325,344,146,124,95,4,5,0
1379,325,344,146,124,95,4,5,0
1380,325,344,146,124,95,4,5,0
1381,325,344,146,124,95,4,5,0
1382,325,344,146,124,95,4,5,0
1383,325,344,146,124,95,4,5,0
1384,325,344,146,124,95,4,5,0
1385,325,344,146,124,95,4,5,0
1386,325,344,146,124,95,4,5,0
1387,325,344,146,124,95,4,5,0
1388,325,344,146,124,95,4,5,0
1389,325,344,146,124,95,4,5,0
1390,325,344,146,124,95,4,5,0
1391,325,344,146,124,95,4,5,0
1392,325,344,146,124,95,4,5,0
1393,325,344,146,124,95,4,5,0
1394,325,344,146,124,95,4,5,0
1395,325,344,146,124,95,4,5,0
1396,325,344,146,124,95,4,5,0
1397,325,344,146,124,95,4,5,0
1398,325,344,146,124,95,4,5,0
1399,325,344,146,124,95,4,5,0
1400,325,344,146,124,95,4,5,0
1401,325,344,146,124,95,4,5,0
1402,325,344,146,124,95,4,5,0
1403,325,344,146,124,95,4,5,0
1404,325,344,146,124,95,4,5,0
1405,325,344,146,124,95,4,5,0
1406,325,344,146,124,95,4,5,0
1407,325,344,146,124,95,4,5,0
1408,325,344,146,124,95,4,5,0
1409,325,344,146,124,95,4,5,0
1410,325,344,146,124,95,4,5,0
1411,325,344,146,124,95,4,5,0
1412,325,344,146,124,95,4,5,0
1413,325,344,146,124,95,4,5,0
1414,325,344,146,124,95,4,5,0
1415,325,344,146,124,95,4,5,0
1416,325,345,146,123,95,4,5,0
1417,325,345,146,123,95,4,5,0
1418,325,345,146,123,95,4,5,0
1419,325,345,146,123,95,4,5,0
1420,325,345,146,123,95,4,5,0
1421,325,345,146,123,95,4,5,0
1422,325,345,146,123,95,4,5,0
1423,325,345,146,123,95,4,5,0
1424,325,344,146,124,95,4,5,0
1425,325,344,146,124,95,4,5,0
1426,325,344,147,124,95,4,5,0
1427,325,345,147,124,95,4,5,0
1428,325,344,146,124,95,4,5,0
1429,325,344,146,124,95,4,5,0
1430,325,344,146,124,95,4,5,0
1431,325,344,146,124,95,4,5,0
1432,325,344,146,124,95,4,5,0
1433,325,344,146,124,95,4,5,0
1434,325,344,146,124,95,4,5,0
1435,325,344,146,124,95,4,5,0
1436,325,344,146,124,95,4,5,0
1437,325,344,146,124,95,4,5,0
1438,325,344,146,124,95,4,5,0
1439,325,344,146,124,95,4,5,0
1440,325,344,146,124,95,4,5,0
1441,325,344,146,124,95,4,5,0
1442,325,344,146,124,95,4,5,0
1443,325,344,146,124,95,4,5,0
1444,325,344,146,124,95,4,5,0
1445,325,344,146,124,95,4,5,0
1446,325,344,146,124,95,4,5,0
1447,325,344,146,124,95,4,5,0
1448,325,344,146,124,95,4,5,0
1449,325,344,146,124,95,4,5,0
1450,325,344,146,124,95,4,5,0
1451,325,344,146,124,95,4,5,0
1452,325,344,146,124,95,4,5,0
1453,325,344,146,124,95,4,5,0
1454,325,344,146,124,95,4,5,0
1455,325,344,146,124,95,4,5,0
1456,325,345,146,124,95,4,5,0
1457,325,345,146,124,95,4,5,0
1458,325,345,146,124,95,4,5,0
1459,325,345,146,124,95,4,5,0
1460,325,345,146,124,95,4,5,0
1461,325,344,146,124,95,4,5,0
1462,325,345,146,124,95,4,5,0
1463,325,345,146,124,95,4,5,0
1464,325,344,146,124,95,4,5,0
1465,325,344,146,124,95,4,5,0
1466,325,344,146,124,95,4,5,0
1467,325,344,146,124,95,4,5,0
1468,325,344,146,124,95,4,5,0
1469,325,344,146,124,95,4,5,0
1470,325,344,146,124,95,4,5,0
1471,325,344,146,124,95,4,5,0
1472,325,344,147,124,95,4,5,0
1473,325,344,147,124,95,4,5,0
1474,325,344,146,124,95,4,5,0
1475,325,344,146,124,95,4,5,0
1476,324,344,147,124,95,4,5,0
1477,324,344,147,124,95,4,5,0
1478,324,344,147,124,95,4,5,0
1479,324,344,147,124,95,4,5,0
1480,325,344,147,124,95,4,5,0
1481,325,344,147,124,95,4,5,0
1482,325,344,147,124,95,4,5,0
1483,325,344,147,124,95,4,5,0
1484,325,344,147,124,95,4,5,0
1485,325,344,147,124,95,4,5,0
1486,325,344,147,124,95,4,5,0
1487,325,344,147,124,95,4,5,0
1488,325,345,146,123,95,4,5,0
1489,325,344,146,124,95,4,5,0
1490,325,344,146,124,95,4,5,0
1491,325,344,146,124,95,4,5,0
1492,325,344,146,124,95,4,5,0
1493,325,344,146,124,95,4,5,0
1494,325,344,146,124,95,4,5,0
1495,325,344,146,124,95,4,5,0
1496,325,344,146,124,95,4,5,0
1497,325,344,146,124,95,4,5,0
1498,325,344,146,124,95,4,5,0
1499,325,344,146,124,95,4,5,0
1500,325,344,146,124,95,4,5,0
1501,325,344,146,124,95,4,5,0
1502,325,344,146,124,95,4,5,0
1503,325,344,146,124,95,4,5,0
1504,325,344,146,124,95,4,5,0
1505,325,344,146,124,95,4,5,0
1506,325,344,146,124,95,4,5,0
1507,325,344,146,124,95,4,5,0
1508,325,344,146,124,95,4,5,0
1509,325,344,146,124,95,4,5,0
1510,325,344,146,124,95,4,5,0
1511,325,344,146,124,95,4,5,0
1512,325,344,146,124,95,4,5,0
1513,325,344,146,124,95,4,5,0
1514,325,344,146,124,95,4,5,0
1515,325,344,146,124,95,4,5,0
1516,325,344,146,124,95,4,5,0
1517,325,344,146,124,95,4,5,0
1518,325,344,146,124,95,4,5,0
1519,325,344,146,124,95,4,5,0
1520,325,345,146,123,95,4,5,0
1521,325,345,146,123,95,4,5,0
1522,325,345,146,123,95,4,5,0
1523,325,345,146,123,95,4,5,0
1524,325,345,146,123,95,4,5,0
1525,325,345,146,123,95,4,5,0
1526,325,345,146,123,95,4,5,0
1527,325,345,146,123,95,4,5,0
1528,325,345,146,123,95,4,5,0
1529,325,345,146,123,95,4,5,0
1530,325,345,146,123,95,4,5,0
1531,325,345,146,123,95,4,5,0
1532,325,345,146,123,95,4,5,0
1533,325,345,146,123,95,4,5,0
1534,325,345,146,123,95,4,5,0
1535,325,345,146,123,95,4,5,0
1536,325,345,146,124,95,4,5,0
1537,325,345,146,124,95,4,5,0
1538,325,345,146,124,95,4,5,0
1539,325,345,146,124,95,4,5,0
1540,325,345,146,124,95,4,5,0
1541,325,345,146,124,95,4,5,0
1542,325,345,146,123,95,4,5,0
1543,325,345,146,124,95,4,5,0
1544,325,345,146,124,95,4,5,0
1545,325,345,146,124,95,4,5,0
1546,325,345,146,124,95,4,5,0
1547,325,345,146,124,95,4,5,0
1548,325,345,146,124,95,4,5,0
1549,325,345,146,124,95,4,5,0
1550,325,345,146,124,95,4,5,0
1551,325,345,146,124,95,4,5,0
1552,325,344,146,124,95,4,5,0
1553,325,344,146,124,95,4,5,0
1554,325,344,146,124,95,4,5,0
1555,325,344,146,124,95,4,5,0
1556,325,344,146,124,95,4,5,0
1557,325,344,146,124,95,4,5,0
1558,325,344,146,124,95,4,5,0
1559,325,344,146,123,95,4,5,0
1560,325,345,146,123,95,4,5,0
1561,325,345,146,123,95,4,5,0
1562,325,345,146,123,95,4,5,0
1563,325,345,146,124,95,4,5,0
1564,325,344,146,123,95,4,5,0
1565,325,344,146,124,95,4,5,0
1566,325,344,146,124,95,4,5,0
1567,325,345,146,123,95,4,5,0
1568,325,344,146,124,95,4,5,0
1569,325,344,146,124,95,4,5,0
1570,325,344,146,124,95,4,5,0
1571,325,344,146,124,95,4,5,0
1572,325,344,146,123,95,4,5,0
1573,325,345,146,123,95,4,5,0
1574,325,345,146,123,95,4,5,0
1575,325,345,146,123,95,4,5,0
1576,325,345,146,123,95,4,5,0
1577,325,345,146,123,95,4,5,0
1578,325,345,146,123,95,4,5,0
1579,325,345,146,123,95,4,5,0
1580,325,345,146,123,95,4,5,0
1581,325,345,146,123,95,4,5,0
1582,325,345,146,123,95,4,5,0
1583,325,345,144,123,95,4,5,0
1584,325,345,144,123,95,4,5,0
1585,325,345,145,123,95,4,5,0
1586,325,345,144,123,95,4,5,0
1587,325,345,146,123,95,4,5,0
1588,325,345,146,123,95,4,5,0
1589,325,345,145,123,95,4,5,0
1590,325,345,145,123,95,4,5,0
1591,325,345,146,123,95,4,5,0
1592,325,345,145,123,95,4,5,0
1593,325,345,145,123,95,4,5,0
1594,325,345,145,123,95,4,5,0
1595,325,345,146,123,95,4,5,0
1596,325,345,146,123,95,4,5,0
1597,325,345,146,123,95,4,5,0
1598,325,345,146,123,95,4,5,0
1599,325,345,146,123,95,4,5,0
1600,325,345,146,123,95,4,5,0
1601,325,345,146,123,95,4,5,0
1602,325,345,146,123,95,4,5,0
1603,325,345,146,123,95,4,5,0
1604,325,345,146,123,95,4,5,0
1605,325,345,146,123,95,4,5,0
1606,325,345,146,123,95,4,5,0
1607,325,345,146,123,95,4,5,0
1608,325,345,146,123,95,4,5,0
1609,325,345,146,123,95,4,5,0
1610,325,345,146,123,95,4,5,0
1611,325,345,146,123,95,4,5,0
1612,325,345,146,123,95,4,5,0
1613,325,345,146,123,95,4,5,0
1614,325,345,146,123,95,4,5,0
1615,325,345,146,123,95,4,5,0
1616,324,345,147,123,95,4,5,0
1617,324,345,147,123,95,4,5,0
1618,324,345,147,123,95,4,5,0
1619,324,345,147,123,95,4,5,0
1620,324,345,147,123,95,4,5,0
1621,324,345,147,123,95,4,5,0
1622,324,345,147,123,95,4,5,0
1623,324,345,147,123,95,4,5,0
1624,325,345,147,123,95,4,5,0
1625,325,345,147,123,95,4,5,0
1626,325,345,147,123,95,4,5,0
1627,325,345,146,123,95,4,5,0
1628,325,345,146,123,95,4,5,0
1629,325,345,146,123,95,4,5,0
1630,325,345,146,123,95,4,5,0
1631,325,345,146,123,95,4,5,0
1632,325,345,146,123,95,4,5,0
1633,325,345,146,123,95,4,5,0
1634,325,345,146,123,95,4,5,0
1635,325,345,146,123,95,4,5,0
1636,325,345,146,123,95,4,5,0
1637,325,345,146,123,95,4,5,0
1638,325,345,146,123,95,4,5,0
1639,325,345,146,123,95,4,5,0
1640,325,345,146,124,95,4,5,0
1641,325,345,146,124,95,4,5,0
1642,325,345,146,124,95,4,5,0
1643,325,345,146,124,95,4,5,0
1644,325,345,146,124,95,4,5,0
1645,325,345,146,124,95,4,5,0
1646,325,345,146,124,95,4,5,0
1647,325,345,146,124,95,4,5,0
1648,325,345,146,123,95,4,5,0
1649,325,345,146,123,95,4,5,0
1650,325,345,146,123,95,4,5,0
1651,325,345,146,123,95,4,5,0
1652,325,345,146,123,95,4,5,0
1653,325,345,146,123,95,4,5,0
1654,325,345,146,123,95,4,5,0
1655,325,345,146,123,95,4,5,0
1656,325,345,146,123,95,4,5,0
1657,325,345,146,123,95,4,5,0
1658,325,345,146,123,95,4,5,0
1659,325,345,146,123,95,4,5,0
1660,325,345,146,123,95,4,5,0
1661,325,345,146,123,95,4,5,0
1662,325,345,146,123,95,4,5,0
1663,325,345,146,123,95,4,5,0
1664,325,345,146,124,95,4,5,0
1665,325,345,146,124,95,4,5,0
1666,325,345,146,124,95,4,5,0
1667,325,345,146,124,95,4,5,0
1668,325,344,146,124,95,4,5,0
1669,325,344,146,124,95,4,5,0
1670,325,344,146,124,95,4,5,0
1671,325,344,146,124,95,4,5,0
1672,325,345,146,123,95,4,5,0
1673,325,345,146,123,95,4,5,0
1674,325,345,146,123,95,4,5,0
1675,325,345,146,123,95,4,5,0
1676,325,345,146,123,95,4,5,0
1677,325,345,146,123,95,4,5,0
1678,325,345,146,123,95,4,5,0
1679,325,345,146,123,95,4,5,0
1680,325,345,146,124,95,4,5,0
1681,325,345,146,124,95,4,5,0
1682,325,345,146,124,95,4,5,0
1683,325,345,146,124,95,4,5,0
1684,325,345,146,124,95,4,5,0
1685,325,345,147,124,95,4,5,0
1686,325,345,146,124,95,4,5,0
1687,325,345,146,124,95,4,5,0
1688,325,345,146,123,95,4,5,0
1689,325,345,146,123,95,4,5,0
1690,325,345,146,123,95,4,5,0
1691,325,345,146,123,95,4,5,0
1692,325,345,147,123,95,4,5,0
1693,325,345,147,123,95,4,5,0
1694,325,345,147,123,95,4,5,0
1695,325,345,147,123,95,4,5,0
1696,325,345,147,123,95,4,5,0
1697,325,345,147,123,95,4,5,0
1698,325,345,147,123,95,4,5,0
1699,325,345,147,123,95,4,5,0
1700,325,345,147,123,95,4,5,0
1701,325,345,147,123,95,4,5,0
1702,325,345,147,123,95,4,5,0
1703,325,345,146,123,95,4,5,0
1704,324,345,147,124,95,4,5,0
1705,324,345,147,124,95,4,5,0
1706,324,345,147,124,95,4,5,0
1707,324,345,147,124,95,4,5,0
1708,324,345,146,124,95,4,5,0
1709,324,345,147,124,95,4,5,0
1710,324,345,146,124,95,4,5,0
1711,324,345,147,124,95,4,5,0
1712,325,345,146,124,95,4,5,0
1713,325,345,146,124,95,4,5,0
1714,325,345,146,124,95,4,5,0
1715,325,345,146,124,95,4,5,0
1716,325,345,146,124,95,4,5,0
1717,325,345,146,124,95,4,5,0
1718,325,345,146,124,95,4,5,0
1719,325,345,146,123,95,4,5,0
1720,325,345,146,123,95,4,5,0
1721,325,345,146,123,95,4,5,0
1722,325,345,146,123,95,4,5,0
1723,325,345,146,123,95,4,5,0
1724,325,345,146,123,95,4,5,0
1725,325,345,146,123,95,4,5,0
1726,325,345,146,123,95,4,5,0
1727,325,345,146,123,95,4,5,0
1728,325,344,146,124,95,4,5,0
1729,325,344,146,124,95,4,5,0
1730,325,344,146,124,95,4,5,0
1731,325,344,146,124,95,4,5,0
1732,325,344,146,124,95,4,5,0
1733,325,344,146,124,95,4,5,0
1734,325,344,146,124,95,4,5,0
1735,325,344,146,124,95,4,5,0
1736,325,345,146,124,95,4,5,0
1737,325,345,146,124,95,4,5,0
1738,325,344,146,124,95,4,5,0
1739,325,345,146,124,95,4,5,0
1740,325,345,146,124,95,4,5,0
1741,325,345,146,124,95,4,5,0
1742,325,345,146,124,95,4,5,0
1743,325,345,146,124,95,4,5,0
1744,325,344,146,124,95,4,5,0
1745,325,344,146,124,95,4,5,0
1746,325,344,146,124,95,4,5,0
1747,325,344,146,124,95,4,5,0
1748,325,344,146,124,95,4,5,0
1749,325,344,146,124,95,4,5,0
1750,325,345,146,124,95,4,5,0
1751,325,345,146,123,95,4,5,0
1752,325,344,146,124,95,4,5,0
1753,325,344,146,124,95,4,5,0
1754,325,344,146,124,95,4,5,0
1755,325,344,146,124,95,4,5,0
1756,325,344,146,124,95,4,5,0
1757,325,344,146,124,95,4,5,0
1758,325,344,146,124,95,4,5,0
1759,325,344,147,124,95,4,5,0
1760,324,344,147,124,95,4,5,0
1761,324,344,147,124,95,4,5,0
1762,324,344,147,124,95,4,5,0
1763,324,344,147,124,95,4,5,0
1764,324,344,147,124,95,4,5,0
1765,324,344,147,124,95,4,5,0
1766,324,344,147,124,95,4,5,0
1767,324,344,147,124,95,4,5,0
1768,324,344,147,124,95,4,5,0
1769,324,344,147,124,95,4,5,0
1770,324,344,147,124,95,4,5,0
1771,325,344,147,124,95,4,5,0
1772,324,344,147,124,95,4,5,0
1773,324,344,147,124,95,4,5,0
1774,324,344,147,124,95,4,5,0
1775,324,344,147,124,95,4,5,0
1776,325,344,147,124,95,4,5,0
1777,325,344,147,124,95,4,5,0
1778,325,344,147,124,95,4,5,0
1779,325,344,147,124,95,4,5,0
1780,325,344,147,124,95,4,5,0
1781,325,344,147,124,95,4,5,0
1782,325,344,147,124,95,4,5,0
1783,325,344,147,124,95,4,5,0
1784,325,345,147,124,95,4,5,0
1785,325,345,147,124,95,4,5,0
1786,325,345,147,124,95,4,5,0
1787,325,345,147,124,95,4,5,0
1788,325,345,147,124,95,4,5,0
1789,325,345,147,124,95,4,5,0
1790,325,345,147,124,95,4,5,0
1791,325,345,147,124,95,4,5,0
1792,325,345,146,123,95,4,5,0
1793,325,345,146,123,95,4,5,0
1794,325,345,146,123,95,4,5,0
1795,325,345,146,123,95,4,5,0
1796,325,345,146,124,95,4,5,0
1797,325,345,146,123,95,4,5,0
1798,325,345,146,123,95,4,5,0
1799,325,345,146,123,95,4,5,0
1800,325,344,146,124,95,4,5,0
1801,325,344,146,124,95,4,5,0
1802,325,344,146,124,95,4,5,0
1803,325,344,146,124,95,4,5,0
1804,325,344,146,124,95,4,5,0
1805,325,344,146,124,95,4,5,0
1806,325,344,146,124,95,4,5,0
1807,325,344,146,124,95,4,5,0
1808,325,345,146,124,95,4,5,0
1809,325,345,146,124,95,4,5,0
1810,325,345,146,124,95,4,5,0
1811,325,345,146,124,95,4,5,0
1812,325,344,146,124,95,4,5,0
1813,325,345,146,124,95,4,5,0
1814,325,344,146,124,95,4,5,0
1815,325,344,146,124,95,4,5,0
1816,325,344,146,124,95,4,5,0
1817,325,344,146,124,95,4,5,0
1818,325,344,146,124,95,4,5,0
1819,325,344,146,124,95,4,5,0
1820,325,344,147,124,95,4,5,0
1821,325,344,147,124,95,4,5,0
1822,325,344,146,124,95,4,5,0
1823,325,344,146,124,95,4,5,0
1824,325,345,146,123,95,4,5,0
1825,325,345,146,123,95,4,5,0
1826,325,345,146,123,95,4,5,0
1827,325,345,146,123,95,4,5,0
1828,325,345,146,123,95,4,5,0
1829,325,345,146,123,95,4,5,0
1830,325,345,146,123,95,4,5,0
1831,325,345,146,123,95,4,5,0
1832,325,345,146,124,95,4,5,0
1833,325,345,146,123,95,4,5,0
1834,325,345,146,123,95,4,5,0
1835,325,345,146,123,95,4,5,0
1836,325,345,146,124,95,4,5,0
1837,325,345,146,124,95,4,5,0
1838,325,345,146,124,95,4,5,0
1839,325,345,146,124,95,4,5,0
1840,325,345,146,123,95,4,5,0
1841,325,345,146,123,95,4,5,0
1842,325,345,146,123,95,4,5,0
1843,325,345,146,123,95,4,5,0
1844,325,345,146,123,95,4,5,0
1845,325,345,146,123,95,4,5,0
1846,325,345,146,123,95,4,5,0
1847,325,345,146,123,95,4,5,0
1848,325,345,146,124,95,4,5,0
1849,325,345,146,124,95,4,5,0
1850,325,345,146,123,95,4,5,0
1851,325,345,146,123,95,4,5,0
1852,325,345,146,123,95,4,5,0
1853,325,345,146,123,95,4,5,0
1854,325,345,146,123,95,4,5,0
1855,325,345,146,123,95,4,5,0
1856,325,345,146,123,95,4,5,0
1857,325,345,146,123,95,4,5,0
1858,325,345,146,123,95,4,5,0
1859,325,345,146,123,95,4,5,0
1860,325,345,146,123,95,4,5,0
1861,325,345,146,123,95,4,5,0
1862,325,345,146,123,95,4,5,0
1863,325,345,146,123,95,4,5,0
1864,325,345,146,123,95,4,5,0
1865,325,345,146,123,95,4,5,0
1866,325,345,146,123,95,4,5,0
1867,325,345,146,123,95,4,5,0
1868,325,345,146,123,95,4,5,0
1869,325,345,146,123,95,4,5,0
1870,325,345,146,123,95,4,5,0
1871,325,345,147,123,95,4,5,0
1872,325,345,146,123,95,4,5,0
1873,325,345,146,123,95,4,5,0
1874,325,345,146,123,95,4,5,0
1875,325,345,146,123,95,4,5,0
1876,325,345,146,123,95,4,5,0
1877,325,345,146,123,95,4,5,0
1878,325,345,146,123,95,4,5,0
1879,325,345,146,124,95,4,5,0
1880,325,344,146,124,95,4,5,0
1881,325,344,146,124,95,4,5,0
1882,325,344,146,124,95,4,5,0
1883,325,344,146,124,95,4,5,0
1884,325,344,146,124,95,4,5,0
1885,325,344,146,124,95,4,5,0
1886,325,344,146,124,95,4,5,0
1887,325,344,146,124,95,4,5,0
1888,325,344,146,124,95,4,5,0
1889,325,344,146,124,95,4,5,0
1890,325,344,146,124,95,4,5,0
1891,325,344,146,124,95,4,5,0
1892,325,344,146,124,95,4,5,0
1893,325,344,146,124,95,4,5,0
1894,325,344,146,124,95,4,5,0
1895,325,344,146,124,95,4,5,0
1896,325,344,146,124,95,4,5,0
1897,325,344,146,124,95,4,5,0
1898,325,344,146,124,95,4,5,0
1899,325,344,146,124,95,4,5,0
1900,325,344,146,124,95,4,5,0
1901,325,344,146,124,95,4,5,0
1902,325,344,146,124,95,4,5,0
1903,325,344,146,124,95,4,5,0
1904,325,345,146,124,95,4,5,0
1905,325,345,146,124,95,4,5,0
1906,325,345,146,124,95,4,5,0
1907,325,345,146,124,95,4,5,0
1908,325,344,146,124,95,4,5,0
1909,325,344,146,124,95,4,5,0
1910,325,344,146,124,95,4,5,0
1911,325,345,146,124,95,4,5,0
1912,325,344,147,124,95,4,5,0
1913,325,344,147,124,95,4,5,0
1914,325,344,147,124,95,4,5,0
1915,325,344,147,124,95,4,5,0
1916,325,344,147,124,95,4,5,0
1917,325,344,147,124,95,4,5,0
1918,325,344,147,124,95,4,5,0
1919,325,344,147,124,95,4,5,0
1920,325,344,147,124,95,4,5,0
1921,325,344,147,124,95,4,5,0
1922,325,344,147,124,95,4,5,0
1923,325,344,146,124,95,4,5,0
1924,325,344,146,124,95,4,5,0
1925,325,344,147,124,95,4,5,0
1926,325,344,147,124,95,4,5,0
1927,325,344,147,124,95,4,5,0
0,716,310,72,58,102,6,0,0
1,716,309,73,59,102,6,0,0
2,716,309,73,59,102,6,0,0
3,716,309,73,59,102,6,0,0
4,716,309,73,59,102,6,0,0
5,716,309,73,59,102,6,0,0
6,716,309,73,59,102,6,0,0
7,716,309,73,59,102,6,0,0
8,716,310,73,58,102,6,0,0
9,716,310,73,58,102,6,0,0
10,716,310,73,58,102,6,0,0
11,716,310,72,58,102,6,0,1
12,716,310,72,59,102,6,0,1
13,716,310,72,59,102,6,0,0
14,716,310,72,59,102,6,0,0
15,716,310,72,58,102,6,0,1
16,716,309,72,59,102,6,0,2
17,716,309,72,59,102,6,0,2
18,716,309,72,59,102,6,0,2
19,716,309,72,58,102,6,0,2
20,716,309,72,58,102,6,0,2
21,716,309,72,59,102,6,0,2
22,716,310,73,58,102,6,0,2
23,716,310,73,58,102,6,0,1
24,716,309,72,59,102,6,0,0
25,716,309,72,59,102,6,0,0
26,716,309,72,59,102,6,0,0
27,716,309,72,59,102,6,0,0
28,716,309,72,59,102,6,0,0
29,716,309,72,59,102,6,0,0
30,716,309,72,59,102,6,0,0
31,716,309,72,59,102,6,0,0
32,716,309,73,59,102,6,0,0
33,716,309,73,59,102,6,0,0
34,716,309,73,59,102,6,0,0
35,716,309,73,59,102,6,0,0
36,716,309,73,59,102,6,0,0
37,716,309,73,59,102,6,0,0
38,716,309,73,59,102,6,0,0
39,716,309,73,59,102,6,0,0
40,716,309,72,59,102,6,0,0
41,716,309,72,59,102,6,0,0
42,716,309,72,59,102,6,0,0
43,716,309,72,59,102,6,0,0
44,716,309,72,59,102,6,0,0
45,716,309,72,59,102,6,0,0
46,716,309,72,59,102,6,0,0
47,716,309,72,59,102,6,0,0
48,717,309,73,59,102,6,0,0
49,717,309,73,59,102,6,0,0
50,717,309,73,59,102,6,0,0
51,716,309,73,59,102,6,0,0
52,717,309,73,59,102,6,0,0
53,717,309,73,59,102,6,0,0
54,716,309,73,59,102,6,0,0
55,716,309,73,59,102,6,0,0
56,716,309,73,59,102,6,0,0
57,716,309,73,59,102,6,0,0
58,716,309,73,59,102,6,0,0
59,716,309,73,59,102,6,0,0
60,716,309,73,59,102,6,0,0
61,716,309,73,59,102,6,0,0
62,716,309,73,59,102,6,0,0
63,716,309,73,59,102,6,0,0
64,716,309,72,59,102,6,0,0
65,716,309,72,59,102,6,0,0
66,716,309,72,59,102,6,0,0
67,716,309,72,59,102,6,0,0
68,716,309,72,59,102,6,0,0
69,716,309,72,59,102,6,0,0
70,717,309,73,59,102,6,0,0
71,717,309,73,59,102,6,0,0
72,716,309,73,59,102,6,0,0
73,716,309,73,59,102,6,0,0
74,716,309,73,59,102,6,0,0
75,716,309,73,59,102,6,0,0
76,716,309,73,59,102,6,0,0
77,716,309,73,59,102,6,0,0
78,716,309,73,59,102,6,0,0
79,716,309,73,59,102,6,0,0
80,716,309,73,59,102,6,0,0
81,716,309,73,59,102,6,0,0
82,716,309,73,59,102,6,0,0
83,716,309,73,59,102,6,0,0
84,717,309,72,58,102,6,0,0
85,717,309,72,58,102,6,0,0
86,717,309,72,59,102,6,0,1
87,717,309,72,59,102,6,0,2
88,716,310,72,58,102,6,0,2
89,716,310,72,59,102,6,0,2
90,716,310,72,59,102,6,0,2
91,716,310,72,59,102,6,0,2
92,716,310,72,59,102,6,0,2
93,716,310,72,59,102,6,0,1
94,716,310,72,59,102,6,0,0
95,716,310,72,59,102,6,0,0
96,716,310,72,58,102,6,0,0
97,716,310,72,58,102,6,0,0
98,716,310,72,58,102,6,0,0
99,716,310,72,58,102,6,0,0
100,716,310,72,58,102,6,0,0
101,716,310,72,58,102,6,0,0
102,716,310,72,58,102,6,0,0
103,716,310,72,58,102,6,0,0
104,716,310,72,59,102,6,0,0
105,716,310,72,59,102,6,0,0
106,716,310,72,59,102,6,0,0
107,716,310,72,59,102,6,0,0
108,717,310,72,59,102,6,0,0
109,717,310,72,59,102,6,0,0
110,717,310,72,59,102,6,0,0
111,717,310,72,59,102,6,0,1
112,716,309,72,59,102,6,0,1
113,716,309,72,59,102,6,0,1
114,716,309,72,59,102,6,0,1
115,716,309,72,59,102,6,0,1
116,716,309,72,59,102,6,0,1
117,716,309,72,59,102,6,0,0
118,716,309,73,59,102,6,0,0
119,716,309,73,59,102,6,0,0
120,716,309,74,59,102,6,0,0
121,716,309,74,59,102,6,0,0
122,716,309,74,59,102,6,0,0
123,716,309,74,59,102,6,0,0
124,716,309,74,59,102,6,0,0
125,716,309,74,59,102,6,0,0
126,716,309,74,59,102,6,0,0
127,716,309,74,59,102,6,0,0
128,716,309,73,59,102,6,0,0
129,716,309,73,59,102,6,0,0
130,716,309,73,59,102,6,0,0
131,716,309,73,59,102,6,0,0
132,716,309,73,59,102,6,0,0
133,716,309,73,59,102,6,0,0
134,716,309,73,59,102,6,0,0
135,716,309,73,59,102,6,0,0
136,716,309,73,59,102,6,0,0
137,716,309,73,59,102,6,0,0
138,716,309,73,59,102,6,0,0
139,716,309,73,59,102,6,0,0
140,716,309,73,59,102,6,0,0
141,716,309,73,59,102,6,0,0
142,716,309,73,59,102,6,0,0
143,716,309,73,59,102,6,0,0
144,716,309,73,59,102,6,0,0
145,716,309,73,59,102,6,0,0
146,716,309,73,59,102,6,0,0
147,716,309,73,59,102,6,0,0
148,716,309,73,59,102,6,0,0
149,716,309,73,59,102,6,0,0
150,716,309,73,59,102,6,0,0
151,716,309,73,59,102,6,0,0
152,716,309,73,59,102,6,0,0
153,716,309,73,59,102,6,0,0
154,716,309,73,59,102,6,0,1
155,716,309,73,59,102,6,0,1
156,716,309,72,59,102,6,0,1
157,716,309,72,59,102,6,0,0
158,716,309,72,59,102,6,0,0
159,716,309,72,59,102,6,0,0
160,716,309,72,59,102,6,0,0
161,716,309,72,59,102,6,0,0
162,716,309,72,59,102,6,0,0
163,716,309,72,59,102,6,0,0
164,716,309,72,59,102,6,0,0
165,716,309,72,59,102,6,0,0
166,716,309,72,59,102,6,0,0
167,716,309,72,59,102,6,0,0
168,716,309,72,59,102,6,0,0
169,716,309,72,59,102,6,0,0
170,716,309,72,59,102,6,0,0
171,716,309,72,59,102,6,0,0
172,716,309,72,59,102,6,0,0
173,716,309,72,59,102,6,0,0
174,716,309,72,59,102,6,0,0
175,716,309,72,59,102,6,0,0
176,716,309,72,59,102,6,0,0
177,716,309,72,59,102,6,0,0
178,716,309,72,59,102,6,0,0
179,716,309,72,59,102,6,0,0
180,716,309,73,59,102,6,0,0
181,716,309,73,59,102,6,0,0
182,716,309,73,59,102,6,0,0
183,716,309,73,59,102,6,0,0
184,716,309,73,59,102,6,0,0
185,716,309,73,59,102,6,0,0
186,716,309,73,59,102,6,0,0
187,716,309,73,59,102,6,0,0
188,716,309,73,59,102,6,0,0
189,716,309,73,59,102,6,0,0
190,716,309,73,59,102,6,0,0
191,716,309,73,59,102,6,0,0
192,717,309,73,59,102,6,0,0
193,717,309,73,59,102,6,0,0
194,717,309,73,59,102,6,0,0
195,717,309,73,59,102,6,0,0
196,716,309,73,59,102,6,0,0
197,716,309,73,59,102,6,0,0
198,717,309,73,59,102,6,0,0
199,717,309,73,59,102,6,0,0
200,716,309,73,59,102,6,0,0
201,716,309,73,59,102,6,0,0
202,716,309,73,59,102,6,0,0
203,716,309,73,59,102,6,0,0
204,716,309,73,59,102,6,0,0
205,716,309,73,59,102,6,0,0
206,716,309,73,59,102,6,0,0
207,716,309,73,59,102,6,0,0
208,716,309,72,59,102,6,0,0
209,716,309,72,59,102,6,0,0
210,716,309,72,59,102,6,0,0
211,716,309,72,59,102,6,0,0
212,716,309,72,59,102,6,0,0
213,716,309,73,59,102,6,0,0
214,716,309,72,59,102,6,0,0
215,716,309,72,59,102,6,0,1
216,717,310,72,59,102,6,0,2
217,717,310,72,59,102,6,0,2
218,717,310,72,59,102,6,0,2
219,717,310,72,59,102,6,0,2
220,717,310,72,59,102,6,0,2
221,717,310,72,59,102,6,0,1
222,717,310,72,59,102,6,0,1
223,717,310,72,59,102,6,0,1
224,716,309,72,59,102,6,0,1
225,716,309,72,59,102,6,0,1
226,716,309,72,59,102,6,0,1
227,716,309,72,59,102,6,0,1
228,716,309,73,59,102,6,0,1
229,716,309,73,59,102,6,0,0
230,716,309,73,59,102,6,0,0
231,716,309,73,59,102,6,0,0
232,717,309,73,59,102,6,0,0
233,717,309,73,59,102,6,0,0
234,717,309,73,59,102,6,0,0
235,717,309,73,59,102,6,0,0
236,717,309,73,59,102,6,0,0
237,717,309,73,59,102,6,0,0
238,717,309,73,59,102,6,0,0
239,717,309,73,59,102,6,0,0
240,717,310,73,59,102,6,0,0
241,717,310,73,59,102,6,0,0
242,717,309,73,59,102,6,0,0
243,717,309,72,59,102,6,0,0
244,717,310,73,59,102,6,0,1
245,717,309,73,59,102,6,0,1
246,717,309,73,59,102,6,0,2
247,717,309,73,59,102,6,0,2
248,717,310,72,58,102,6,0,1
249,717,310,72,58,102,6,0,1
250,716,309,73,59,102,6,0,1
251,716,309,73,59,102,6,0,1
252,716,309,73,59,102,6,0,1
253,716,309,73,59,102,6,0,1
254,716,309,73,59,102,6,0,1
255,716,309,73,59,102,6,0,1
256,716,309,72,59,102,6,0,0
257,716,309,72,59,102,6,0,0
258,716,309,72,59,102,6,0,0
259,716,309,72,59,102,6,0,0
260,716,309,72,59,102,6,0,0
261,716,309,72,59,102,6,0,0
262,716,309,72,59,102,6,0,0
263,716,309,72,59,102,6,0,1
264,716,310,72,59,102,6,0,2
265,716,310,72,59,102,6,0,2
266,716,310,72,59,102,6,0,2
267,716,310,72,59,102,6,0,2
268,716,310,72,59,102,6,0,2
269,716,310,72,59,102,6,0,1
270,716,310,72,59,102,6,0,0
271,716,310,72,59,102,6,0,0
272,716,310,72,59,102,6,0,0
273,716,310,72,59,102,6,0,0
274,716,310,72,59,102,6,0,0
275,716,310,72,59,102,6,0,0
276,716,310,73,59,102,6,0,0
277,716,310,73,59,102,6,0,0
278,716,310,73,59,102,6,0,0
279,716,310,73,59,102,6,0,0
280,716,310,72,59,102,6,0,0
281,716,310,72,59,102,6,0,0
282,716,310,72,59,102,6,0,0
283,716,310,72,59,102,6,0,0
284,716,310,72,59,102,6,0,0
285,716,310,72,59,102,6,0,0
286,716,310,72,59,102,6,0,0
287,716,310,72,59,102,6,0,1
288,716,309,73,59,102,6,0,2
289,716,309,73,59,102,6,0,2
290,716,309,73,59,102,6,0,2
291,716,309,73,59,102,6,0,1
292,716,310,73,59,102,6,0,1
293,716,310,73,59,102,6,0,1
294,716,310,73,59,102,6,0,1
295,716,310,73,59,102,6,0,1
296,716,309,73,59,102,6,0,1
297,716,309,73,59,102,6,0,1
298,716,309,73,59,102,6,0,2
299,716,309,73,59,102,6,0,2
300,716,309,72,59,102,6,0,2
301,716,309,72,59,102,6,0,1
302,716,309,72,59,102,6,0,1
303,716,309,72,59,102,6,0,1
304,716,310,73,59,102,6,0,2
305,716,310,73,59,102,6,0,2
306,716,310,73,59,102,6,0,2
307,716,310,73,59,102,6,0,2
308,716,310,73,59,102,6,0,2
309,716,310,73,59,102,6,0,1
310,716,310,73,59,102,6,0,1
311,716,310,73,59,102,6,0,1
312,716,309,72,59,102,6,0,1
313,716,309,72,59,102,6,0,1
314,716,309,72,59,102,6,0,1
315,716,309,72,59,102,6,0,1
316,716,309,72,59,102,6,0,1
317,716,309,72,59,102,6,0,0
318,716,309,72,59,102,6,0,0
319,716,309,72,59,102,6,0,0
320,716,309,71,59,102,6,0,0
321,716,309,71,59,102,6,0,0
322,716,309,71,59,102,6,0,0
323,716,308,72,60,102,6,0,1
324,716,308,72,60,102,6,0,1
325,716,308,72,60,102,6,0,1
326,716,308,72,60,102,6,0,0
327,716,308,72,60,102,6,0,0
328,716,309,72,59,102,6,0,0
329,716,309,72,59,102,6,0,0
330,716,309,72,59,102,6,0,0
331,716,309,72,59,102,6,0,0
332,716,309,72,59,102,6,0,0
333,716,309,72,59,102,6,0,0
334,716,309,72,59,102,6,0,0
335,716,309,72,59,102,6,0,1
336,717,310,73,59,102,6,0,1
337,717,310,73,59,102,6,0,1
338,717,309,73,59,102,6,0,0
339,717,309,73,59,102,6,0,0
340,717,309,73,59,102,6,0,0
341,717,309,73,59,102,6,0,1
342,716,309,73,59,102,6,0,2
343,716,309,73,59,102,6,0,2
344,716,310,73,59,102,6,0,2
345,716,310,73,59,102,6,0,2
346,716,310,73,59,102,6,0,1
347,716,309,73,59,102,6,0,0
348,716,309,73,59,102,6,0,0
349,716,309,73,59,102,6,0,1
350,716,309,73,59,102,6,0,1
351,716,309,73,59,102,6,0,1
352,716,310,72,59,102,6,0,1
353,716,310,72,59,102,6,0,1
354,716,310,72,59,102,6,0,1
355,716,310,72,59,102,6,0,1
356,716,310,72,59,102,6,0,1
357,716,310,72,59,102,6,0,0
358,716,310,72,59,102,6,0,0
359,716,310,72,59,102,6,0,0
360,716,309,73,59,102,6,0,0
361,716,309,73,59,102,6,0,0
362,716,309,73,59,102,6,0,0
363,716,309,73,59,102,6,0,0
364,716,309,73,59,102,6,0,0
365,716,309,73,59,102,6,0,0
366,716,309,73,59,102,6,0,0
367,716,309,73,59,102,6,0,0
368,716,310,73,59,102,6,0,1
369,716,310,73,59,102,6,0,1
370,716,310,73,59,102,6,0,1
371,716,310,73,59,102,6,0,1
372,716,308,72,60,102,6,0,2
373,716,308,72,60,102,6,0,2
374,716,308,72,60,102,6,0,2
375,716,308,72,60,102,6,0,2
376,717,309,72,59,102,6,0,1
377,717,309,72,59,102,6,0,1
378,717,309,72,59,102,6,0,1
379,717,309,72,59,102,6,0,1
380,717,309,72,59,102,6,0,0
381,717,309,72,59,102,6,0,0
382,717,309,72,59,102,6,0,0
383,717,309,72,59,102,6,0,0
384,716,310,73,59,102,6,0,1
385,716,310,73,59,102,6,0,1
386,716,310,73,59,102,6,0,1
387,716,310,73,59,102,6,0,1
388,716,310,73,59,102,6,0,1
389,716,310,73,59,102,6,0,0
390,716,310,73,59,102,6,0,0
391,716,310,73,59,102,6,0,0
392,716,310,72,59,102,6,0,0
393,716,310,72,59,102,6,0,0
394,716,310,72,59,102,6,0,0
395,716,310,72,59,102,6,0,1
396,716,309,73,59,102,6,0,1
397,716,309,73,59,102,6,0,1
398,716,309,73,59,102,6,0,1
399,716,309,73,59,102,6,0,2
400,716,309,72,59,102,6,0,1
401,716,309,72,59,102,6,0,1
402,716,309,72,59,102,6,0,0
403,716,309,72,59,102,6,0,0
404,716,309,72,59,102,6,0,0
405,716,309,72,59,102,6,0,0
406,716,309,72,59,102,6,0,0
407,716,309,72,59,102,6,0,0
408,716,309,73,59,102,6,0,0
409,716,309,73,59,102,6,0,0
410,716,309,73,59,102,6,0,0
411,716,309,73,59,102,6,0,0
412,716,309,73,59,102,6,0,0
413,716,309,73,59,102,6,0,0
414,716,309,74,59,102,6,0,0
415,716,309,74,59,102,6,0,0
416,716,309,72,59,102,6,0,0
417,716,309,72,59,102,6,0,0
418,716,309,72,59,102,6,0,0
419,716,309,72,59,102,6,0,0
420,716,309,72,59,102,6,0,0
421,716,309,72,59,102,6,0,0
422,716,309,72,59,102,6,0,0
423,716,309,72,59,102,6,0,0
424,716,309,72,59,102,6,0,0
425,716,309,72,59,102,6,0,0
426,716,309,72,59,102,6,0,0
427,716,309,72,59,102,6,0,0
428,716,309,72,59,102,6,0,0
429,716,309,72,59,102,6,0,0
430,716,309,72,59,102,6,0,0
431,716,309,72,59,102,6,0,0
432,716,309,73,59,102,6,0,0
433,716,309,73,59,102,6,0,0
434,716,309,74,59,102,6,0,0
435,716,309,74,59,102,6,0,0
436,716,309,74,59,102,6,0,0
437,716,309,74,59,102,6,0,0
438,716,309,74,59,102,6,0,0
439,716,309,74,59,102,6,0,0
440,716,309,73,59,102,6,0,0
441,716,309,73,59,102,6,0,0
442,716,309,73,59,102,6,0,0
443,716,309,73,59,102,6,0,0
444,716,309,73,59,102,6,0,0
445,716,309,73,59,102,6,0,0
446,716,309,73,59,102,6,0,0
447,716,309,73,59,102,6,0,0
448,716,309,72,59,102,6,0,0
449,716,309,72,59,102,6,0,0
450,716,309,72,59,102,6,0,0
451,716,309,72,59,102,6,0,0
452,716,309,72,59,102,6,0,0
453,716,309,72,59,102,6,0,0
454,716,309,72,59,102,6,0,0
455,716,309,72,59,102,6,0,0
456,716,308,73,60,102,6,0,0
457,716,308,72,60,102,6,0,0
458,716,308,73,60,102,6,0,0
459,716,308,73,60,102,6,0,0
460,716,308,72,60,102,6,0,0
461,716,308,72,60,102,6,0,0
462,716,308,72,60,102,6,0,0
463,716,308,72,60,102,6,0,0
464,716,309,72,60,102,6,0,0
465,716,309,72,59,102,6,0,0
466,716,308,72,60,102,6,0,0
467,716,308,72,60,102,6,0,0
468,716,309,72,59,102,6,0,0
469,716,309,72,59,102,6,0,0
470,716,309,72,59,102,6,0,1
471,716,309,72,59,102,6,0,1
472,716,309,72,60,102,6,0,1
473,716,309,72,60,102,6,0,1
474,716,309,72,60,102,6,0,1
475,716,309,72,60,102,6,0,1
476,716,309,72,60,102,6,0,1
477,716,309,71,60,102,6,0,0
478,716,309,71,60,102,6,0,0
479,716,309,71,60,102,6,0,0
480,716,309,72,60,102,6,0,0
481,716,309,72,60,102,6,0,0
482,716,309,72,60,102,6,0,0
483,716,309,72,60,102,6,0,0
484,716,309,72,60,102,6,0,0
485,716,309,72,60,102,6,0,0
486,716,309,72,60,102,6,0,0
487,716,309,72,60,102,6,0,0
488,716,309,73,59,102,6,0,0
489,716,309,73,59,102,6,0,0
490,716,309,73,59,102,6,0,0
491,716,309,73,59,102,6,0,0
492,716,309,72,60,102,6,0,0
493,716,309,72,60,102,6,0,0
494,716,309,72,60,102,6,0,0
495,716,309,72,60,102,6,0,0
496,716,309,72,60,102,6,0,0
497,716,309,72,60,102,6,0,0
498,716,309,72,60,102,6,0,0
499,716,309,72,60,102,6,0,0
500,716,309,71,59,102,6,0,0
501,716,309,71,59,102,6,0,0
502,716,309,71,59,102,6,0,0
503,716,309,71,59,102,6,0,0
504,716,309,73,60,102,6,0,0
505,716,309,73,60,102,6,0,0
506,716,309,73,60,102,6,0,0
507,716,309,73,60,102,6,0,0
508,716,309,73,60,102,6,0,0
509,716,309,73,60,102,6,0,0
510,716,309,73,60,102,6,0,0
511,716,309,73,60,102,6,0,0
512,715,309,72,60,102,6,0,0
513,716,309,72,60,102,6,0,0
514,716,309,72,60,102,6,0,0
515,716,309,72,60,102,6,0,0
516,716,309,72,60,102,6,0,0
517,716,309,72,60,102,6,0,0
518,716,309,72,60,102,6,0,0
519,716,309,72,60,102,6,0,0
520,715,309,73,60,102,6,0,0
521,715,309,73,60,102,6,0,0
522,715,309,73,60,102,6,0,0
523,715,309,73,60,102,6,0,0
524,715,309,73,60,102,6,0,0
525,715,309,73,60,102,6,0,0
526,715,309,73,60,102,6,0,0
527,715,309,73,60,102,6,0,0
528,715,309,73,60,102,6,0,0
529,715,309,73,60,102,6,0,0
530,716,309,73,60,102,6,0,0
531,715,309,73,60,102,6,0,0
532,716,309,73,60,102,6,0,0
533,716,309,73,60,102,6,0,0
534,715,309,73,60,102,6,0,0
535,715,309,73,60,102,6,0,0
536,716,309,73,60,102,6,0,0
537,716,309,73,60,102,6,0,0
538,716,309,73,60,102,6,0,0
539,716,309,73,60,102,6,0,0
540,716,309,73,59,102,6,0,0
541,716,309,73,59,102,6,0,0
542,716,309,73,59,102,6,0,0
543,716,309,73,59,102,6,0,0
544,716,309,73,60,102,6,0,0
545,716,309,73,60,102,6,0,0
546,716,309,73,60,102,6,0,0
547,716,309,73,60,102,6,0,0
548,716,309,73,60,102,6,0,0
549,716,309,73,60,102,6,0,0
550,716,309,73,60,102,6,0,0
551,716,309,73,60,102,6,0,0
552,716,309,74,60,102,6,0,0
553,716,309,74,60,102,6,0,0
554,716,309,74,60,102,6,0,1
555,716,308,74,60,102,6,0,2
556,716,308,74,60,102,6,0,1
557,716,308,73,60,102,6,0,1
558,716,308,74,61,102,6,0,0
559,716,308,73,60,102,6,0,1
560,716,309,73,60,102,6,0,2
561,716,309,73,60,102,6,0,3
562,716,309,73,60,102,6,0,2
563,716,308,73,61,102,6,0,1
564,716,308,73,61,102,6,0,0
565,716,308,73,61,102,6,0,0
566,716,308,73,61,102,6,0,0
567,716,308,73,61,102,6,0,0
568,716,308,73,61,102,6,0,0
569,716,308,73,61,102,6,0,0
570,716,308,74,60,102,6,0,0
571,716,309,74,60,102,6,0,0
572,716,308,74,61,102,6,0,1
573,716,309,74,61,102,6,0,1
574,716,307,73,60,102,6,0,2
575,716,309,74,60,102,6,0,2
576,716,308,72,59,102,6,0,3
577,716,308,72,60,102,6,0,5
578,716,308,72,59,102,6,0,5
579,717,308,71,58,102,6,0,7
580,717,308,71,59,102,6,0,6
581,717,309,72,57,102,6,0,7
582,717,308,71,58,102,6,0,5
583,716,308,72,58,102,6,0,4
584,715,307,73,59,102,6,0,3
585,715,309,74,57,102,6,0,3
586,717,307,71,58,102,6,0,3
587,718,307,70,58,102,6,0,2
588,719,308,69,58,102,6,0,2
589,719,307,68,58,102,6,0,2
590,719,307,68,58,102,6,0,1
591,718,307,70,58,102,6,0,1
592,717,307,70,58,102,6,0,1
593,717,307,71,59,102,6,0,1
594,717,307,71,58,102,6,0,1
595,717,307,71,58,102,6,0,0
596,717,307,71,58,102,6,0,0
597,717,307,71,58,102,6,0,1
598,717,307,71,58,102,6,0,1
599,718,307,70,58,102,6,0,2
600,718,308,72,57,102,6,0,1
601,717,308,73,58,102,6,0,1
602,718,307,72,59,102,6,0,1
603,718,308,71,58,102,6,0,1
604,718,307,71,58,102,6,0,0
605,718,307,71,58,102,6,0,0
606,718,308,71,57,102,6,0,0
607,717,308,73,57,102,6,0,1
608,717,309,72,56,102,6,0,1
609,716,308,73,57,102,6,0,1
610,716,307,73,57,102,6,0,1
611,717,308,72,58,102,6,0,1
612,717,308,71,57,102,6,0,0
613,718,308,70,57,102,6,0,0
614,718,308,70,58,102,6,0,0
615,721,308,67,57,102,6,0,1
616,719,308,70,58,102,6,0,1
617,720,308,69,58,102,6,0,1
618,720,309,69,57,102,6,0,1
619,719,308,70,57,102,6,0,0
620,719,309,70,57,102,6,0,0
621,718,309,70,56,102,6,0,0
622,718,309,71,56,102,6,0,0
623,717,309,71,56,102,6,0,3
624,717,309,72,58,102,6,0,6
625,717,309,72,59,102,6,0,9
626,717,309,72,59,102,6,0,10
627,717,309,72,58,102,6,0,11
628,717,309,72,59,102,6,0,9
629,717,309,72,59,102,6,0,7
630,717,309,72,59,102,6,0,3
631,717,309,72,59,102,6,0,2
632,717,309,72,59,102,6,0,1
633,716,309,72,59,102,6,0,1
634,715,309,74,59,102,6,0,0
635,714,309,75,59,102,6,0,0
636,714,309,76,59,102,6,0,0
637,713,308,77,60,102,6,0,0
638,715,308,74,60,102,6,0,0
639,716,308,74,59,102,6,0,1
640,716,308,72,59,102,6,0,1
641,716,308,72,60,102,6,0,1
642,716,308,72,60,102,6,0,1
643,716,308,72,60,102,6,0,0
644,717,308,72,60,102,6,0,0
645,716,308,72,60,102,6,0,0
646,716,308,72,60,102,6,0,0
647,716,308,72,60,102,6,0,1
648,716,308,71,60,102,6,0,1
649,716,309,71,60,102,6,0,1
650,716,308,71,60,102,6,0,1
651,716,309,71,60,102,6,0,1
652,716,307,72,60,102,6,0,1
653,716,308,71,59,102,6,0,1
654,716,307,72,60,102,6,0,1
655,716,307,72,60,102,6,0,1
656,716,308,72,60,102,6,0,1
657,716,308,72,60,102,6,0,1
658,716,308,72,60,102,6,0,1
659,716,308,73,60,102,6,0,1
660,717,308,71,60,102,6,0,1
661,717,308,71,60,102,6,0,1
662,716,308,72,60,102,6,0,0
663,717,308,72,60,102,6,0,1
664,717,308,71,59,102,6,0,1
665,716,308,72,60,102,6,0,1
666,717,308,71,59,102,6,0,1
667,717,309,72,59,102,6,0,1
668,716,309,73,59,102,6,0,0
669,716,308,72,59,102,6,0,0
670,716,308,73,60,102,6,0,0
671,715,308,73,59,102,6,0,3
672,716,307,71,59,102,6,0,5
673,716,307,71,58,102,6,0,7
674,716,307,71,58,102,6,0,8
675,717,307,70,58,102,6,0,9
676,720,307,67,59,102,6,0,7
677,725,307,63,58,102,6,0,6
678,724,308,63,59,102,6,0,3
679,724,308,64,59,102,6,0,3
680,726,308,62,57,102,6,0,2
681,724,307,63,57,102,6,0,3
682,721,307,67,57,102,6,0,3
683,719,308,69,59,102,6,0,3
684,719,307,69,59,102,6,0,3
685,716,307,72,59,102,6,0,5
686,715,308,74,60,102,6,0,8
687,715,308,73,59,102,6,0,8
688,716,308,73,59,102,6,0,8
689,716,308,72,60,102,6,0,6
690,716,308,72,60,102,6,0,5
691,716,308,72,60,102,6,0,4
692,716,308,72,60,102,6,0,2
693,716,308,72,60,102,6,0,2
694,716,308,72,60,102,6,0,1
695,716,309,72,59,102,6,0,1
696,716,308,72,60,102,6,0,0
697,716,308,72,60,102,6,0,0
698,716,308,72,60,102,6,0,0
699,716,308,72,60,102,6,0,0
700,716,308,72,60,102,6,0,0
701,716,308,72,60,102,6,0,0
702,716,308,72,60,102,6,0,0
703,716,308,72,60,102,6,0,1
704,716,309,72,60,102,6,0,1
705,716,308,72,60,102,6,0,2
706,716,308,72,60,102,6,0,2
707,716,309,72,60,102,6,0,3
708,716,309,72,60,102,6,0,2
709,716,309,72,60,102,6,0,2
710,716,309,72,60,102,6,0,1
711,716,309,72,60,102,6,0,1
712,716,309,72,59,102,6,0,0
713,716,309,72,59,102,6,0,0
714,716,309,72,59,102,6,0,0
715,716,309,72,59,102,6,0,0
716,716,309,73,59,102,6,0,0
717,716,309,73,59,102,6,0,0
718,716,309,73,59,102,6,0,0
719,716,309,73,59,102,6,0,0
720,716,309,72,60,102,6,0,0
721,716,309,72,60,102,6,0,0
722,716,309,72,60,102,6,0,0
723,716,309,72,60,102,6,0,0
724,716,309,72,60,102,6,0,0
725,716,309,72,60,102,6,0,0
726,716,309,72,60,102,6,0,0
727,716,309,72,60,102,6,0,0
728,716,309,72,59,102,6,0,1
729,716,309,72,59,102,6,0,1
730,716,309,72,59,102,6,0,1
731,716,309,72,59,102,6,0,1
732,716,309,73,59,102,6,0,1
733,716,309,73,59,102,6,0,0
734,716,309,73,59,102,6,0,0
735,716,309,73,59,102,6,0,0
736,716,309,72,59,102,6,0,0
737,716,309,72,59,102,6,0,0
738,716,309,72,59,102,6,0,0
739,716,309,72,59,102,6,0,0
740,716,309,72,59,102,6,0,0
741,716,309,72,59,102,6,0,0
742,716,309,72,59,102,6,0,0
743,716,309,72,59,102,6,0,0
744,716,309,73,59,102,6,0,0
745,716,309,73,59,102,6,0,0
746,716,309,73,59,102,6,0,0
747,716,309,73,59,102,6,0,0
748,716,309,73,59,102,6,0,0
749,716,309,73,59,102,6,0,0
750,716,309,72,59,102,6,0,0
751,716,309,73,59,102,6,0,0
752,716,309,72,60,102,6,0,0
753,716,309,72,60,102,6,0,0
754,716,309,72,59,102,6,0,0
755,716,309,72,60,102,6,0,1
756,717,309,72,60,102,6,0,1
757,717,309,72,60,102,6,0,1
758,716,309,72,60,102,6,0,0
759,716,309,72,60,102,6,0,1
760,716,309,72,59,102,6,0,1
761,717,309,72,59,102,6,0,1
762,717,309,72,59,102,6,0,1
763,717,309,72,59,102,6,0,1
764,717,309,72,59,102,6,0,1
765,717,309,72,59,102,6,0,0
766,717,309,72,59,102,6,0,0
767,717,309,72,59,102,6,0,0
768,716,309,73,59,102,6,0,0
769,716,309,73,59,102,6,0,0
770,716,309,73,59,102,6,0,0
771,716,309,74,59,102,6,0,0
772,716,309,73,59,102,6,0,0
773,716,309,73,59,102,6,0,0
774,716,309,73,59,102,6,0,0
775,716,309,73,59,102,6,0,0
776,716,309,73,59,102,6,0,0
777,716,309,73,59,102,6,0,0
778,716,309,73,59,102,6,0,0
779,716,309,73,59,102,6,0,1
780,716,308,73,60,102,6,0,1
781,716,308,73,60,102,6,0,1
782,716,308,73,60,102,6,0,1
783,716,308,73,60,102,6,0,0
784,716,309,72,59,102,6,0,0
785,716,309,72,59,102,6,0,1
786,716,309,72,59,102,6,0,2
787,716,309,71,59,102,6,0,2
788,716,309,71,59,102,6,0,2
789,716,309,71,59,102,6,0,1
790,716,309,71,59,102,6,0,0
791,716,309,71,59,102,6,0,0
792,716,309,72,59,102,6,0,0
793,716,309,72,59,102,6,0,0
794,716,309,72,59,102,6,0,0
795,716,309,72,59,102,6,0,0
796,716,309,72,59,102,6,0,0
797,716,309,72,59,102,6,0,0
798,716,309,72,59,102,6,0,0
799,716,309,72,59,102,6,0,0
800,716,309,72,59,102,6,0,0
801,716,309,72,59,102,6,0,0
802,716,309,72,59,102,6,0,0
803,716,309,72,59,102,6,0,0
804,716,309,71,59,102,6,0,0
805,716,309,71,59,102,6,0,0
806,716,309,71,59,102,6,0,0
807,716,309,72,59,102,6,0,0
808,716,309,73,60,102,6,0,0
809,716,309,73,59,102,6,0,0
810,716,309,73,60,102,6,0,0
811,716,309,73,60,102,6,0,0
812,716,309,73,60,102,6,0,0
813,716,309,73,60,102,6,0,0
814,716,309,73,59,102,6,0,0
815,716,309,73,59,102,6,0,0
816,716,308,72,60,102,6,0,1
817,716,308,72,60,102,6,0,1
818,716,308,72,60,102,6,0,1
819,716,308,72,60,102,6,0,1
820,716,308,72,60,102,6,0,1
821,716,308,72,60,102,6,0,0
822,716,308,72,60,102,6,0,0
823,716,308,72,60,102,6,0,0
824,716,309,72,59,102,6,0,1
825,716,309,72,59,102,6,0,1
826,716,309,72,59,102,6,0,1
827,716,309,72,59,102,6,0,0
828,716,309,72,59,102,6,0,0
829,716,309,72,59,102,6,0,0
830,716,309,72,59,102,6,0,0
831,716,309,72,59,102,6,0,0
832,716,309,71,59,102,6,0,0
833,716,309,71,59,102,6,0,0
834,716,309,71,59,102,6,0,0
835,717,309,71,59,102,6,0,0
836,717,309,71,59,102,6,0,0
837,717,309,71,59,102,6,0,0
838,717,309,71,59,102,6,0,0
839,717,309,71,59,102,6,0,0
840,716,309,71,60,102,6,0,0
841,716,309,71,60,102,6,0,0
842,716,309,71,60,102,6,0,0
843,716,309,71,60,102,6,0,0
844,716,309,71,60,102,6,0,0
845,716,309,71,60,102,6,0,0
846,716,309,71,60,102,6,0,0
847,716,309,71,60,102,6,0,0
848,716,309,72,60,102,6,0,0
849,716,309,72,60,102,6,0,0
850,716,309,72,60,102,6,0,0
851,716,309,72,60,102,6,0,0
852,716,309,72,60,102,6,0,0
853,716,309,72,60,102,6,0,0
854,716,309,72,60,102,6,0,0
855,716,309,72,60,102,6,0,0
856,716,309,72,59,102,6,0,0
857,716,309,72,59,102,6,0,0
858,716,309,72,60,102,6,0,0
859,716,309,72,60,102,6,0,0
860,716,309,72,60,102,6,0,0
861,716,308,72,60,102,6,0,0
862,716,309,72,59,102,6,0,0
863,716,309,72,59,102,6,0,0
864,716,309,72,59,102,6,0,0
865,716,309,72,59,102,6,0,0
866,716,309,72,59,102,6,0,0
867,716,309,72,59,102,6,0,0
868,716,309,72,59,102,6,0,0
869,716,309,72,59,102,6,0,0
870,716,309,72,59,102,6,0,0
871,716,309,72,59,102,6,0,0
872,716,309,72,59,102,6,0,0
873,716,309,72,59,102,6,0,0
874,716,309,73,59,102,6,0,0
875,716,309,73,59,102,6,0,0
876,716,309,73,59,102,6,0,0
877,716,309,72,59,102,6,0,0
878,716,309,72,59,102,6,0,0
879,716,309,72,59,102,6,0,0
880,716,309,72,60,102,6,0,0
881,716,308,72,60,102,6,0,1
882,716,309,72,60,102,6,0,1
883,716,308,72,60,102,6,0,1
884,716,308,72,60,102,6,0,0
885,716,309,72,60,102,6,0,0
886,716,309,72,60,102,6,0,0
887,716,309,72,60,102,6,0,1
888,716,309,72,60,102,6,0,1
889,716,309,72,59,102,6,0,1
890,716,309,72,60,102,6,0,1
891,716,309,72,59,102,6,0,0
892,716,309,72,59,102,6,0,0
893,716,309,72,59,102,6,0,0
894,716,309,72,60,102,6,0,0
895,716,309,72,60,102,6,0,0
896,716,309,72,59,102,6,0,0
897,716,309,71,59,102,6,0,0
898,716,309,71,59,102,6,0,0
899,716,309,71,59,102,6,0,0
900,716,309,71,59,102,6,0,0
901,716,309,72,60,102,6,0,0
902,716,309,72,60,102,6,0,0
903,716,309,72,60,102,6,0,0
904,716,309,72,59,102,6,0,0
905,716,309,72,59,102,6,0,0
906,716,309,72,59,102,6,0,0
907,716,309,72,59,102,6,0,0
908,716,309,72,59,102,6,0,0
909,716,309,72,59,102,6,0,0
910,716,309,72,59,102,6,0,0
911,716,309,72,59,102,6,0,0
912,717,309,71,59,102,6,0,0
913,717,309,71,59,102,6,0,0
914,717,309,71,59,102,6,0,0
915,717,309,71,59,102,6,0,0
916,717,309,71,59,102,6,0,0
917,717,309,71,59,102,6,0,0
918,717,309,71,59,102,6,0,0
919,717,309,71,59,102,6,0,0
920,716,309,72,59,102,6,0,0
921,716,309,72,59,102,6,0,0
922,716,309,72,59,102,6,0,0
923,716,309,72,59,102,6,0,0
924,716,309,72,60,102,6,0,1
925,716,309,73,60,102,6,0,1
926,716,309,73,59,102,6,0,1
927,716,309,73,60,102,6,0,1
928,716,309,73,59,102,6,0,0
929,716,309,72,59,102,6,0,0
930,716,309,72,59,102,6,0,0
931,716,309,73,59,102,6,0,0
932,716,309,72,59,102,6,0,0
933,716,309,72,59,102,6,0,0
934,716,309,72,59,102,6,0,0
935,716,309,72,59,102,6,0,0
936,716,309,72,60,102,6,0,0
937,716,309,71,60,102,6,0,0
938,716,309,71,60,102,6,0,0
939,716,309,71,60,102,6,0,0
940,716,309,71,60,102,6,0,0
941,716,309,71,60,102,6,0,0
942,716,309,71,60,102,6,0,0
943,716,309,71,60,102,6,0,0
944,716,309,73,60,102,6,0,0
945,716,309,73,60,102,6,0,0
946,716,309,73,60,102,6,0,0
947,716,309,73,60,102,6,0,0
948,716,309,73,60,102,6,0,0
949,716,309,73,60,102,6,0,0
950,716,309,73,60,102,6,0,0
951,716,309,73,60,102,6,0,0
952,717,309,72,59,102,6,0,0
953,717,309,72,59,102,6,0,0
954,717,309,72,59,102,6,0,0
955,717,309,72,59,102,6,0,0
956,717,309,72,59,102,6,0,0
957,717,309,72,59,102,6,0,0
958,717,309,72,59,102,6,0,0
959,717,309,72,59,102,6,0,0
960,716,309,72,59,102,6,0,0
961,716,309,72,59,102,6,0,0
962,716,309,72,59,102,6,0,0
963,716,309,72,59,102,6,0,0
964,716,309,72,60,102,6,0,0
965,716,309,72,60,102,6,0,0
966,716,309,72,60,102,6,0,0
967,716,309,72,60,102,6,0,0
968,716,309,72,59,102,6,0,0
969,716,309,73,59,102,6,0,0
970,716,309,73,59,102,6,0,0
971,716,309,72,59,102,6,0,1
972,716,309,72,59,102,6,0,1
973,716,309,72,59,102,6,0,1
974,716,309,72,59,102,6,0,0
975,716,309,72,59,102,6,0,0
976,716,309,72,59,102,6,0,0
977,716,309,72,59,102,6,0,0
978,716,309,72,59,102,6,0,0
979,716,309,72,59,102,6,0,0
980,716,309,72,59,102,6,0,0
981,716,309,72,59,102,6,0,0
982,716,309,72,59,102,6,0,0
983,716,309,72,59,102,6,0,0
984,716,309,72,59,102,6,0,0
985,716,309,72,59,102,6,0,0
986,716,309,72,59,102,6,0,0
987,716,309,72,59,102,6,0,0
988,716,309,72,59,102,6,0,0
989,716,309,72,59,102,6,0,0
990,716,309,72,59,102,6,0,0
991,716,309,72,59,102,6,0,0
992,716,310,71,58,102,6,0,0
993,716,310,71,58,102,6,0,0
994,716,310,71,58,102,6,0,0
995,716,310,71,58,102,6,0,0
996,716,310,71,58,102,6,0,0
997,716,310,71,58,102,6,0,0
998,716,310,71,58,102,6,0,0
999,716,310,71,58,102,6,0,0
1000,716,310,73,59,102,6,0,0
1001,716,310,73,59,102,6,0,0
1002,716,309,73,59,102,6,0,0
1003,716,309,73,59,102,6,0,0
1004,716,309,73,59,102,6,0,0
1005,716,309,73,59,102,6,0,1
1006,716,309,73,59,102,6,0,1
1007,716,309,73,59,102,6,0,1
1008,716,309,72,59,102,6,0,1
1009,716,309,72,59,102,6,0,1
1010,716,309,72,59,102,6,0,1
1011,716,309,72,59,102,6,0,1
1012,716,309,72,59,102,6,0,0
1013,716,309,72,59,102,6,0,0
1014,716,309,72,59,102,6,0,0
1015,716,309,72,59,102,6,0,0
1016,716,309,72,59,102,6,0,0
1017,716,309,72,59,102,6,0,0
1018,716,309,72,59,102,6,0,0
1019,716,309,72,59,102,6,0,0
1020,716,309,72,59,102,6,0,0
1021,716,309,72,59,102,6,0,0
1022,716,309,72,59,102,6,0,0
1023,716,309,72,59,102,6,0,0
1024,716,310,72,58,102,6,0,0
1025,717,310,72,58,102,6,0,0
1026,717,310,71,58,102,6,0,1
1027,717,310,71,58,102,6,0,1
1028,717,310,71,58,102,6,0,1
1029,717,310,71,58,102,6,0,0
1030,717,310,71,58,102,6,0,0
1031,717,310,71,58,102,6,0,0
1032,716,309,72,59,102,6,0,1
1033,716,309,72,59,102,6,0,1
1034,716,309,72,59,102,6,0,1
1035,716,309,72,59,102,6,0,1
1036,716,309,72,59,102,6,0,1
1037,716,309,72,59,102,6,0,0
1038,716,309,72,59,102,6,0,0
1039,716,309,72,59,102,6,0,1
1040,716,310,72,59,102,6,0,2
1041,716,310,72,59,102,6,0,1
1042,716,310,72,59,102,6,0,1
1043,716,309,72,59,102,6,0,0
1044,716,309,72,59,102,6,0,1
1045,716,309,72,59,102,6,0,1
1046,716,309,72,59,102,6,0,2
1047,716,309,72,59,102,6,0,2
1048,716,309,71,59,102,6,0,1
1049,716,309,71,59,102,6,0,0
1050,716,309,71,59,102,6,0,0
1051,716,309,71,59,102,6,0,0
1052,716,309,71,59,102,6,0,0
1053,716,309,71,59,102,6,0,0
1054,716,309,71,59,102,6,0,0
1055,716,309,71,59,102,6,0,0
1056,716,309,72,59,102,6,0,0
1057,716,309,72,59,102,6,0,0
1058,716,309,72,59,102,6,0,0
1059,716,309,72,59,102,6,0,0
1060,716,309,72,59,102,6,0,0
1061,716,309,72,59,102,6,0,0
1062,716,309,72,59,102,6,0,0
1063,716,309,72,59,102,6,0,0
1064,716,309,72,59,102,6,0,0
1065,716,309,72,59,102,6,0,0
1066,716,309,72,59,102,6,0,0
1067,716,309,72,59,102,6,0,0
1068,716,309,73,59,102,6,0,0
1069,716,309,73,59,102,6,0,0
1070,716,309,73,59,102,6,0,0
1071,716,309,73,59,102,6,0,0
1072,716,309,72,59,102,6,0,0
1073,716,309,72,59,102,6,0,0
1074,716,309,72,59,102,6,0,0
1075,716,309,72,59,102,6,0,0
1076,716,309,72,59,102,6,0,0
1077,716,309,72,59,102,6,0,0
1078,716,309,72,60,102,6,0,0
1079,716,309,72,60,102,6,0,0
1080,716,310,73,59,102,6,0,0
1081,716,310,73,59,102,6,0,0
1082,716,310,73,59,102,6,0,0
1083,716,310,73,59,102,6,0,0
1084,716,310,73,59,102,6,0,0
1085,716,310,73,59,102,6,0,0
1086,716,310,73,59,102,6,0,0
1087,716,310,73,59,102,6,0,0
1088,716,310,72,59,102,6,0,0
1089,716,310,72,59,102,6,0,0
1090,716,310,72,59,102,6,0,0
1091,716,310,72,59,102,6,0,0
1092,716,310,72,58,102,6,0,1
1093,716,310,72,58,102,6,0,1
1094,716,310,72,58,102,6,0,0
1095,716,310,72,58,102,6,0,0
1096,716,310,72,59,102,6,0,0
1097,716,310,72,58,102,6,0,0
1098,716,310,72,59,102,6,0,0
1099,716,310,73,59,102,6,0,0
1100,716,310,72,59,102,6,0,0
1101,716,310,72,59,102,6,0,0
1102,716,310,73,59,102,6,0,0
1103,716,310,73,59,102,6,0,0
1104,716,309,73,59,102,6,0,0
1105,716,309,73,59,102,6,0,1
1106,716,309,73,59,102,6,0,1
1107,716,309,73,59,102,6,0,1
1108,716,309,72,59,102,6,0,1
1109,716,309,72,59,102,6,0,0
1110,716,309,73,59,102,6,0,0
1111,716,309,73,59,102,6,0,0
1112,716,309,72,59,102,6,0,0
1113,716,309,72,59,102,6,0,0
1114,716,309,72,59,102,6,0,0
1115,716,309,72,59,102,6,0,0
1116,716,310,73,58,102,6,0,1
1117,716,310,73,59,102,6,0,1
1118,716,310,73,59,102,6,0,1
1119,716,310,73,59,102,6,0,0
1120,716,309,73,59,102,6,0,0
1121,716,309,72,59,102,6,0,0
1122,716,309,73,59,102,6,0,0
1123,716,310,73,59,102,6,0,0
1124,716,309,73,59,102,6,0,0
1125,716,309,72,59,102,6,0,0
1126,716,309,72,59,102,6,0,0
1127,716,309,72,59,102,6,0,0
1128,716,309,72,59,102,6,0,0
1129,716,309,72,59,102,6,0,0
1130,716,309,72,59,102,6,0,0
1131,716,309,72,59,102,6,0,0
1132,716,309,72,59,102,6,0,0
1133,716,309,72,59,102,6,0,0
1134,716,309,72,59,102,6,0,0
1135,716,309,72,59,102,6,0,0
1136,716,309,73,59,102,6,0,0
1137,716,309,73,59,102,6,0,0
1138,716,309,73,59,102,6,0,0
1139,716,309,73,59,102,6,0,0
1140,715,309,74,59,102,6,0,0
1141,715,309,74,59,102,6,0,0
1142,715,309,74,59,102,6,0,0
1143,715,309,74,59,102,6,0,0
1144,716,309,73,59,102,6,0,0
1145,716,309,73,59,102,6,0,0
1146,716,309,73,59,102,6,0,0
1147,716,309,73,59,102,6,0,0
1148,715,309,73,59,102,6,0,0
1149,715,309,73,59,102,6,0,0
1150,715,309,73,59,102,6,0,0
1151,715,309,73,59,102,6,0,0
1152,716,309,73,59,102,6,0,0
1153,716,309,73,59,102,6,0,0
1154,716,309,73,59,102,6,0,0
1155,716,309,73,59,102,6,0,0
1156,716,309,73,59,102,6,0,0
1157,716,309,73,59,102,6,0,0
1158,716,309,73,59,102,6,0,0
1159,716,309,73,59,102,6,0,0
1160,716,309,73,59,102,6,0,0
1161,716,309,73,59,102,6,0,0
1162,716,309,73,59,102,6,0,0
1163,716,309,73,59,102,6,0,0
1164,716,309,73,59,102,6,0,0
1165,716,309,73,59,102,6,0,0
1166,716,309,73,59,102,6,0,0
1167,716,309,73,59,102,6,0,0
1168,716,310,73,59,102,6,0,1
1169,716,310,73,59,102,6,0,1
1170,716,310,73,59,102,6,0,1
1171,716,310,73,59,102,6,0,1
1172,716,310,73,59,102,6,0,1
1173,716,310,73,59,102,6,0,0
1174,716,310,73,59,102,6,0,0
1175,716,310,73,59,102,6,0,0
1176,716,309,72,59,102,6,0,0
1177,716,309,72,59,102,6,0,0
1178,716,309,72,59,102,6,0,0
1179,716,309,72,59,102,6,0,0
1180,716,309,72,59,102,6,0,0
1181,716,309,72,60,102,6,0,0
1182,716,309,72,60,102,6,0,0
1183,716,309,72,60,102,6,0,0
1184,716,309,72,59,102,6,0,0
1185,716,309,72,59,102,6,0,0
1186,716,309,72,59,102,6,0,0
1187,716,309,72,59,102,6,0,0
1188,716,309,72,59,102,6,0,0
1189,716,309,72,59,102,6,0,0
1190,716,309,72,59,102,6,0,0
1191,716,309,72,59,102,6,0,0
1192,716,309,72,59,102,6,0,0
1193,716,309,72,59,102,6,0,0
1194,716,309,72,59,102,6,0,0
1195,716,309,72,59,102,6,0,0
1196,716,309,72,59,102,6,0,0
1197,716,309,72,59,102,6,0,0
1198,716,309,72,59,102,6,0,0
1199,716,309,72,59,102,6,0,0
1200,716,309,72,59,102,6,0,0
1201,716,309,72,59,102,6,0,0
1202,716,309,72,59,102,6,0,0
1203,716,309,72,59,102,6,0,0
1204,716,309,72,59,102,6,0,0
1205,716,309,72,59,102,6,0,0
1206,716,309,72,59,102,6,0,0
1207,716,309,72,59,102,6,0,0
1208,716,309,71,59,102,6,0,0
1209,716,309,71,59,102,6,0,0
1210,716,309,71,59,102,6,0,0
1211,716,309,71,59,102,6,0,0
1212,716,309,71,59,102,6,0,0
1213,716,309,71,59,102,6,0,0
1214,716,309,71,59,102,6,0,0
1215,716,309,71,59,102,6,0,1
1216,716,310,72,59,102,6,0,2
1217,716,310,72,59,102,6,0,2
1218,716,310,72,59,102,6,0,2
1219,716,310,72,59,102,6,0,2
1220,716,310,72,59,102,6,0,2
1221,716,310,72,59,102,6,0,1
1222,716,310,72,59,102,6,0,1
1223,716,310,72,59,102,6,0,1
1224,716,309,72,59,102,6,0,2
1225,716,309,72,59,102,6,0,2
1226,716,309,72,59,102,6,0,2
1227,716,309,72,59,102,6,0,2
1228,716,309,72,59,102,6,0,2
1229,716,310,72,59,102,6,0,1
1230,716,310,72,59,102,6,0,1
1231,716,309,72,59,102,6,0,0
1232,716,309,72,59,102,6,0,0
1233,716,309,72,59,102,6,0,0
1234,716,309,72,59,102,6,0,1
1235,716,309,72,59,102,6,0,1
1236,717,309,72,59,102,6,0,1
1237,717,309,72,59,102,6,0,0
1238,717,309,72,59,102,6,0,0
1239,717,309,72,59,102,6,0,1
1240,716,310,72,59,102,6,0,2
1241,716,310,72,59,102,6,0,2
1242,716,310,72,59,102,6,0,2
1243,716,310,72,59,102,6,0,2
1244,716,310,72,59,102,6,0,2
1245,716,310,72,59,102,6,0,1
1246,716,310,72,59,102,6,0,0
1247,716,310,72,59,102,6,0,0
1248,716,310,72,59,102,6,0,0
1249,716,310,72,59,102,6,0,0
1250,716,310,71,59,102,6,0,0
1251,716,310,71,59,102,6,0,0
1252,716,310,71,59,102,6,0,0
1253,716,310,72,59,102,6,0,0
1254,716,310,72,59,102,6,0,0
1255,716,310,72,59,102,6,0,0
1256,716,310,71,58,102,6,0,0
1257,716,310,71,58,102,6,0,0
1258,716,310,71,58,102,6,0,0
1259,716,310,71,58,102,6,0,0
1260,717,310,71,59,102,6,0,0
1261,717,310,71,59,102,6,0,0
1262,717,310,71,59,102,6,0,0
1263,717,310,71,59,102,6,0,0
1264,716,310,71,59,102,6,0,0
1265,716,310,71,59,102,6,0,0
1266,716,310,71,59,102,6,0,0
1267,716,310,72,59,102,6,0,0
1268,716,310,72,59,102,6,0,0
1269,716,310,72,59,102,6,0,0
1270,716,310,72,59,102,6,0,0
1271,716,310,72,59,102,6,0,0
1272,717,310,71,59,102,6,0,0
1273,717,310,71,59,102,6,0,0
1274,717,310,71,59,102,6,0,0
1275,717,310,71,59,102,6,0,0
1276,717,310,71,59,102,6,0,0
1277,717,310,71,59,102,6,0,0
1278,717,310,71,59,102,6,0,0
1279,717,310,71,59,102,6,0,0
1280,717,310,71,59,102,6,0,0
1281,717,310,71,59,102,6,0,0
1282,717,310,71,59,102,6,0,0
1283,717,310,71,59,102,6,0,0
1284,717,310,71,59,102,6,0,0
1285,717,310,71,59,102,6,0,0
1286,717,310,71,59,102,6,0,0
1287,717,310,71,59,102,6,0,0
1288,717,310,71,59,102,6,0,0
1289,717,310,71,59,102,6,0,0
1290,717,310,71,59,102,6,0,0
1291,716,310,72,59,102,6,0,0
1292,717,310,71,59,102,6,0,0
1293,716,310,72,59,102,6,0,0
1294,717,310,72,59,102,6,0,0
1295,717,310,72,59,102,6,0,0
1296,716,310,72,58,102,6,0,0
1297,716,310,72,58,102,6,0,0
1298,716,310,72,58,102,6,0,0
1299,716,310,72,58,102,6,0,0
1300,716,310,72,58,102,6,0,0
1301,716,310,72,59,102,6,0,0
1302,716,310,72,59,102,6,0,0
1303,716,310,72,59,102,6,0,0
1304,717,310,72,58,102,6,0,0
1305,717,310,72,58,102,6,0,0
1306,717,310,72,58,102,6,0,0
1307,717,310,72,58,102,6,0,0
1308,717,310,72,58,102,6,0,0
1309,717,310,72,58,102,6,0,0
1310,717,310,72,58,102,6,0,0
1311,717,310,72,58,102,6,0,0
1312,717,310,71,59,102,6,0,0
1313,717,310,71,59,102,6,0,0
1314,717,310,71,59,102,6,0,0
1315,717,310,71,59,102,6,0,0
1316,717,310,71,59,102,6,0,0
1317,717,310,72,59,102,6,0,0
1318,717,310,72,59,102,6,0,0
1319,717,310,72,59,102,6,0,0
1320,717,310,71,59,102,6,0,0
1321,717,310,71,59,102,6,0,0
1322,717,310,71,59,102,6,0,0
1323,717,310,71,59,102,6,0,0
1324,717,310,71,59,102,6,0,0
1325,717,310,71,59,102,6,0,0
1326,717,310,71,59,102,6,0,0
1327,717,310,71,59,102,6,0,0
1328,717,310,72,58,102,6,0,0
1329,717,310,72,58,102,6,0,0
1330,716,310,72,58,102,6,0,0
1331,717,310,72,58,102,6,0,0
1332,716,310,71,59,102,6,0,0
1333,716,310,71,58,102,6,0,0
1334,716,310,71,59,102,6,0,0
1335,716,310,71,59,102,6,0,0
1336,717,310,71,59,102,6,0,0
1337,717,310,71,59,102,6,0,0
1338,717,310,71,59,102,6,0,0
1339,717,310,71,59,102,6,0,0
1340,717,310,71,58,102,6,0,0
1341,717,310,71,58,102,6,0,0
1342,717,310,71,58,102,6,0,0
1343,717,310,71,58,102,6,0,0
1344,716,310,73,58,102,6,0,0
1345,716,310,73,58,102,6,0,0
1346,716,310,73,58,102,6,0,0
1347,716,310,73,58,102,6,0,0
1348,716,310,73,58,102,6,0,0
1349,716,310,73,58,102,6,0,0
1350,716,310,73,58,102,6,0,0
1351,716,310,73,58,102,6,0,0
1352,717,309,72,59,102,6,0,1
1353,717,309,72,59,102,6,0,1
1354,717,309,72,59,102,6,0,1
1355,716,309,72,59,102,6,0,1
1356,717,309,71,59,102,6,0,0
1357,717,309,71,59,102,6,0,0
1358,717,309,71,59,102,6,0,0
1359,717,309,71,59,102,6,0,0
1360,717,309,71,59,102,6,0,0
1361,717,309,71,59,102,6,0,0
1362,717,309,71,59,102,6,0,0
1363,717,309,71,59,102,6,0,0
1364,717,309,71,59,102,6,0,0
1365,717,309,71,59,102,6,0,0
1366,717,309,71,59,102,6,0,0
1367,717,309,71,59,102,6,0,0
1368,717,309,72,59,102,6,0,0
1369,717,309,72,59,102,6,0,0
1370,717,309,72,59,102,6,0,0
1371,717,309,72,59,102,6,0,0
1372,717,309,72,59,102,6,0,0
1373,717,309,72,59,102,6,0,0
1374,717,309,72,59,102,6,0,0
1375,717,309,72,59,102,6,0,0
1376,716,309,72,59,102,6,0,0
1377,716,309,72,59,102,6,0,0
1378,716,309,72,59,102,6,0,0
1379,716,309,72,59,102,6,0,0
1380,716,309,72,59,102,6,0,0
1381,716,309,72,59,102,6,0,0
1382,716,309,72,59,102,6,0,0
1383,716,309,72,59,102,6,0,0
1384,716,309,72,59,102,6,0,0
1385,716,309,72,59,102,6,0,0
1386,716,309,72,59,102,6,0,0
1387,716,309,72,59,102,6,0,0
1388,716,309,72,59,102,6,0,0
1389,716,309,73,59,102,6,0,0
1390,716,309,73,59,102,6,0,0
1391,716,310,73,59,102,6,0,0
1392,717,309,71,59,102,6,0,0
1393,717,309,71,59,102,6,0,0
1394,717,309,71,59,102,6,0,0
1395,717,309,71,59,102,6,0,0
1396,717,309,71,59,102,6,0,0
1397,717,309,71,59,102,6,0,0
1398,717,309,71,59,102,6,0,0
1399,717,309,71,59,102,6,0,0
1400,717,309,71,59,102,6,0,0
1401,717,309,71,59,102,6,0,0
1402,716,309,71,59,102,6,0,0
1403,717,309,71,59,102,6,0,0
1404,717,309,71,59,102,6,0,0
1405,717,309,71,59,102,6,0,0
1406,717,309,71,59,102,6,0,0
1407,717,309,71,59,102,6,0,0
1408,717,309,71,59,102,6,0,0
1409,717,309,71,59,102,6,0,0
1410,716,309,71,59,102,6,0,0
1411,717,309,71,59,102,6,0,0
1412,717,309,71,59,102,6,0,0
1413,717,309,71,59,102,6,0,0
1414,716,309,71,59,102,6,0,0
1415,716,309,71,59,102,6,0,0
1416,716,309,71,60,102,6,0,0
1417,716,309,71,60,102,6,0,0
1418,716,309,71,60,102,6,0,0
1419,716,309,71,60,102,6,0,0
1420,716,309,71,60,102,6,0,0
1421,716,309,71,60,102,6,0,0
1422,716,309,71,59,102,6,0,0
1423,716,309,71,59,102,6,0,0
1424,717,309,71,59,102,6,0,0
1425,717,309,71,59,102,6,0,0
1426,717,309,71,59,102,6,0,0
1427,717,309,71,59,102,6,0,0
1428,716,309,72,59,102,6,0,0
1429,716,309,72,59,102,6,0,0
1430,716,309,72,59,102,6,0,0
1431,716,309,72,59,102,6,0,0
1432,716,309,72,60,102,6,0,0
1433,716,309,72,60,102,6,0,0
1434,716,309,72,60,102,6,0,1
1435,716,309,72,59,102,6,0,1
1436,716,309,72,59,102,6,0,1
1437,716,309,72,59,102,6,0,0
1438,716,309,72,59,102,6,0,0
1439,716,309,72,59,102,6,0,0
1440,716,309,72,59,102,6,0,1
1441,716,309,72,59,102,6,0,1
1442,716,309,72,59,102,6,0,1
1443,716,309,72,59,102,6,0,1
1444,716,309,72,59,102,6,0,1
1445,716,309,72,59,102,6,0,0
1446,716,309,72,59,102,6,0,0
1447,716,309,72,59,102,6,0,0
1448,716,309,72,59,102,6,0,0
1449,716,309,72,59,102,6,0,0
1450,716,309,72,59,102,6,0,1
1451,716,309,72,59,102,6,0,1
1452,716,309,71,59,102,6,0,1
1453,716,309,71,59,102,6,0,0
1454,716,309,72,59,102,6,0,0
1455,716,309,72,59,102,6,0,0
1456,716,309,72,59,102,6,0,0
1457,716,309,72,59,102,6,0,0
1458,716,309,72,59,102,6,0,0
1459,716,309,72,59,102,6,0,0
1460,716,309,72,59,102,6,0,0
1461,716,309,72,59,102,6,0,0
1462,716,309,72,59,102,6,0,0
1463,716,309,72,59,102,6,0,0
1464,716,309,72,59,102,6,0,0
1465,716,309,72,59,102,6,0,0
1466,716,309,72,59,102,6,0,0
1467,716,309,72,59,102,6,0,0
1468,716,309,72,59,102,6,0,0
1469,716,309,72,59,102,6,0,0
1470,716,309,72,59,102,6,0,0
1471,716,309,72,59,102,6,0,0
1472,716,309,72,59,102,6,0,0
1473,716,309,72,59,102,6,0,0
1474,716,309,72,59,102,6,0,0
1475,716,309,72,59,102,6,0,0
1476,716,309,72,59,102,6,0,0
1477,716,309,71,59,102,6,0,0
1478,716,309,71,59,102,6,0,0
1479,716,309,71,59,102,6,0,0
1480,716,309,72,59,102,6,0,0
1481,716,309,72,59,102,6,0,0
1482,716,309,72,59,102,6,0,0
1483,716,309,72,59,102,6,0,0
1484,716,309,72,59,102,6,0,0
1485,716,309,72,59,102,6,0,0
1486,716,309,72,59,102,6,0,0
1487,716,309,72,59,102,6,0,0
1488,717,309,71,59,102,6,0,0
1489,717,309,71,59,102,6,0,0
1490,716,309,71,59,102,6,0,0
1491,716,309,71,59,102,6,0,0
1492,716,309,71,59,102,6,0,0
1493,716,309,71,59,102,6,0,0
1494,716,309,71,59,102,6,0,0
1495,716,309,71,59,102,6,0,0
1496,716,309,71,59,102,6,0,0
1497,716,309,71,59,102,6,0,0
1498,716,309,71,59,102,6,0,0
1499,716,309,71,59,102,6,0,0
1500,716,310,72,59,102,6,0,1
1501,716,310,72,59,102,6,0,1
1502,716,310,72,59,102,6,0,1
1503,716,310,72,59,102,6,0,0
1504,716,309,72,59,102,6,0,0
1505,716,309,72,59,102,6,0,1
1506,716,309,72,59,102,6,0,1
1507,716,309,72,59,102,6,0,2
1508,716,309,72,59,102,6,0,1
1509,716,309,72,59,102,6,0,1
1510,716,309,72,59,102,6,0,0
1511,716,309,72,59,102,6,0,0
1512,717,309,71,59,102,6,0,0
1513,717,309,71,59,102,6,0,0
1514,717,309,71,59,102,6,0,0
1515,717,309,71,59,102,6,0,0
1516,717,309,71,59,102,6,0,0
1517,717,309,71,59,102,6,0,0
1518,717,309,71,59,102,6,0,0
1519,717,309,71,59,102,6,0,0
1520,716,309,72,59,102,6,0,0
1521,716,309,72,59,102,6,0,0
1522,716,309,72,59,102,6,0,0
1523,716,309,72,60,102,6,0,0
1524,716,309,72,60,102,6,0,0
1525,716,309,72,60,102,6,0,0
1526,716,309,72,59,102,6,0,0
1527,716,309,72,59,102,6,0,0
1528,716,309,72,59,102,6,0,0
1529,716,309,72,59,102,6,0,0
1530,716,309,72,59,102,6,0,0
1531,717,309,71,59,102,6,0,0
1532,717,309,71,59,102,6,0,0
1533,716,309,71,59,102,6,0,1
1534,716,310,71,59,102,6,0,2
1535,716,310,72,59,102,6,0,1
1536,716,309,72,59,102,6,0,0
1537,716,309,72,59,102,6,0,0
1538,716,309,72,59,102,6,0,0
1539,717,309,72,59,102,6,0,1
1540,717,309,72,59,102,6,0,1
1541,717,309,72,59,102,6,0,1
1542,717,309,72,59,102,6,0,0
1543,717,309,72,59,102,6,0,0
1544,716,309,73,59,102,6,0,0
1545,716,309,72,59,102,6,0,0
1546,716,309,72,59,102,6,0,0
1547,716,309,73,59,102,6,0,0
1548,716,309,73,59,102,6,0,0
1549,716,309,73,59,102,6,0,0
1550,716,309,73,59,102,6,0,0
1551,716,309,73,59,102,6,0,0
1552,717,309,71,59,102,6,0,0
1553,717,309,71,59,102,6,0,0
1554,717,309,71,59,102,6,0,0
1555,717,309,71,59,102,6,0,0
1556,717,309,71,59,102,6,0,0
1557,717,309,71,59,102,6,0,0
1558,717,309,71,59,102,6,0,0
1559,717,309,71,59,102,6,0,0
1560,716,309,72,59,102,6,0,0
1561,716,309,72,59,102,6,0,0
1562,716,309,72,59,102,6,0,0
1563,716,309,72,59,102,6,0,0
1564,716,309,72,59,102,6,0,0
1565,716,309,72,59,102,6,0,0
1566,716,309,72,59,102,6,0,0
1567,716,309,72,59,102,6,0,0
1568,717,310,72,59,102,6,0,0
1569,717,309,72,59,102,6,0,0
1570,717,309,72,59,102,6,0,0
1571,717,309,72,59,102,6,0,0
1572,717,309,72,59,102,6,0,0
1573,717,309,72,59,102,6,0,0
1574,717,309,72,59,102,6,0,1
1575,717,309,72,59,102,6,0,1
1576,716,309,72,59,102,6,0,1
1577,716,309,72,59,102,6,0,1
1578,716,309,72,59,102,6,0,1
1579,716,309,72,59,102,6,0,1
1580,716,309,72,59,102,6,0,0
1581,716,309,72,59,102,6,0,0
1582,716,309,72,59,102,6,0,0
1583,716,309,72,59,102,6,0,0
1584,716,309,72,60,102,6,0,0
1585,716,309,72,59,102,6,0,0
1586,716,309,72,59,102,6,0,0
1587,716,309,72,59,102,6,0,0
1588,716,309,72,59,102,6,0,0
1589,716,309,72,59,102,6,0,0
1590,717,309,71,59,102,6,0,0
1591,717,309,71,60,102,6,0,0
1592,717,309,72,59,102,6,0,0
1593,717,309,72,59,102,6,0,0
1594,717,309,72,59,102,6,0,0
1595,716,309,72,59,102,6,0,1
1596,716,309,72,59,102,6,0,1
1597,716,309,72,59,102,6,0,1
1598,716,309,72,59,102,6,0,0
1599,716,309,72,59,102,6,0,0
1600,717,309,72,59,102,6,0,0
1601,717,309,72,59,102,6,0,0
1602,717,309,72,59,102,6,0,0
1603,717,309,72,59,102,6,0,0
1604,717,309,72,59,102,6,0,0
1605,717,309,72,59,102,6,0,0
1606,717,309,72,59,102,6,0,0
1607,717,309,72,59,102,6,0,0
1608,716,308,72,60,102,6,0,0
1609,716,308,72,60,102,6,0,0
1610,716,308,72,60,102,6,0,0
1611,716,308,72,60,102,6,0,0
1612,716,308,72,60,102,6,0,0
1613,716,308,72,60,102,6,0,0
1614,716,308,73,60,102,6,0,0
1615,716,308,73,60,102,6,0,0
1616,716,309,72,59,102,6,0,0
1617,716,309,72,59,102,6,0,0
1618,716,309,72,59,102,6,0,0
1619,716,309,72,60,102,6,0,0
1620,716,309,71,59,102,6,0,0
1621,716,309,71,59,102,6,0,0
1622,716,309,71,59,102,6,0,0
1623,716,309,71,59,102,6,0,0
1624,716,309,71,59,102,6,0,0
1625,716,309,71,59,102,6,0,0
1626,716,309,72,59,102,6,0,0
1627,716,309,72,59,102,6,0,0
1628,716,309,73,59,102,6,0,0
1629,716,309,72,59,102,6,0,0
1630,716,309,73,59,102,6,0,0
1631,717,309,73,59,102,6,0,0
1632,716,309,74,59,102,6,0,0
1633,716,309,74,59,102,6,0,0
1634,716,309,74,59,102,6,0,0
1635,716,309,74,59,102,6,0,0
1636,716,309,74,59,102,6,0,0
1637,716,309,74,59,102,6,0,0
1638,716,309,74,59,102,6,0,0
1639,716,309,74,59,102,6,0,0
1640,715,309,73,60,102,6,0,0
1641,715,309,73,59,102,6,0,0
1642,715,309,73,59,102,6,0,0
1643,715,309,73,59,102,6,0,0
1644,715,309,74,59,102,6,0,0
1645,715,309,74,59,102,6,0,0
1646,715,309,74,59,102,6,0,0
1647,715,309,74,59,102,6,0,1
1648,716,309,74,59,102,6,0,1
1649,716,309,74,59,102,6,0,1
1650,716,309,74,59,102,6,0,1
1651,716,309,74,59,102,6,0,1
1652,716,309,74,59,102,6,0,1
1653,716,309,74,59,102,6,0,0
1654,716,309,74,59,102,6,0,1
1655,716,309,74,59,102,6,0,1
1656,716,310,74,59,102,6,0,2
1657,716,310,74,59,102,6,0,2
1658,716,310,74,59,102,6,0,2
1659,716,310,74,59,102,6,0,2
1660,716,310,74,59,102,6,0,2
1661,716,310,74,59,102,6,0,2
1662,716,309,74,59,102,6,0,1
1663,716,310,74,59,102,6,0,0
1664,716,310,73,59,102,6,0,0
1665,716,310,73,59,102,6,0,0
1666,716,310,73,59,102,6,0,0
1667,716,310,73,58,102,6,0,0
1668,716,310,74,59,102,6,0,0
1669,716,310,74,59,102,6,0,0
1670,716,310,74,59,102,6,0,0
1671,716,310,74,59,102,6,0,0
1672,715,309,74,59,102,6,0,1
1673,715,309,74,59,102,6,0,1
1674,715,309,74,59,102,6,0,1
1675,715,309,74,59,102,6,0,1
1676,715,309,74,59,102,6,0,1
1677,715,309,74,59,102,6,0,0
1678,715,309,74,59,102,6,0,0
1679,715,309,74,59,102,6,0,0
1680,716,309,73,59,102,6,0,0
1681,716,309,73,59,102,6,0,0
1682,716,309,73,59,102,6,0,0
1683,716,309,73,59,102,6,0,0
1684,716,309,73,59,102,6,0,0
1685,716,309,73,59,102,6,0,0
1686,716,309,73,59,102,6,0,0
1687,716,309,73,59,102,6,0,0
1688,716,309,73,59,102,6,0,0
1689,716,309,73,59,102,6,0,0
1690,716,309,73,59,102,6,0,0
1691,716,309,73,59,102,6,0,0
1692,716,309,74,59,102,6,0,0
1693,716,309,74,59,102,6,0,0
1694,716,309,74,59,102,6,0,0
1695,716,309,74,59,102,6,0,0
1696,716,309,73,59,102,6,0,0
1697,716,309,73,59,102,6,0,0
1698,716,309,73,59,102,6,0,0
1699,716,309,73,59,102,6,0,0
1700,716,309,73,59,102,6,0,0
1701,716,309,73,59,102,6,0,0
1702,716,309,73,59,102,6,0,0
1703,716,309,73,59,102,6,0,0
1704,716,309,74,59,102,6,0,0
1705,716,309,74,59,102,6,0,0
1706,716,309,74,59,102,6,0,0
1707,716,309,74,59,102,6,0,0
1708,716,309,74,59,102,6,0,0
1709,716,309,74,59,102,6,0,0
1710,716,309,74,59,102,6,0,0
1711,716,309,74,59,102,6,0,0
1712,716,309,73,59,102,6,0,0
1713,716,309,73,59,102,6,0,0
1714,716,309,73,59,102,6,0,0
1715,716,309,73,59,102,6,0,0
1716,716,309,73,59,102,6,0,0
1717,716,309,73,59,102,6,0,0
1718,716,309,73,59,102,6,0,0
1719,716,309,73,59,102,6,0,0
1720,716,309,74,59,102,6,0,0
1721,716,309,74,59,102,6,0,0
1722,716,309,74,59,102,6,0,0
1723,716,309,74,59,102,6,0,0
1724,716,309,74,59,102,6,0,0
1725,716,309,74,59,102,6,0,0
1726,716,309,74,59,102,6,0,0
1727,716,309,74,59,102,6,0,0
1728,716,309,72,59,102,6,0,0
1729,716,309,72,59,102,6,0,0
1730,716,309,72,59,102,6,0,0
1731,716,309,72,59,102,6,0,0
1732,716,309,72,59,102,6,0,0
1733,716,309,72,59,102,6,0,0
1734,716,309,72,59,102,6,0,0
1735,716,309,72,59,102,6,0,0
1736,716,309,72,59,102,6,0,0
1737,716,309,72,59,102,6,0,0
1738,716,309,72,59,102,6,0,0
1739,716,309,72,59,102,6,0,0
1740,717,309,71,59,102,6,0,0
1741,717,309,71,59,102,6,0,0
1742,717,309,71,59,102,6,0,0
1743,717,309,71,59,102,6,0,0
1744,717,309,71,59,102,6,0,0
1745,717,309,71,59,102,6,0,0
1746,717,309,71,59,102,6,0,0
1747,717,309,71,59,102,6,0,0
1748,717,309,71,59,102,6,0,0
1749,717,309,71,59,102,6,0,0
1750,717,309,71,59,102,6,0,0
1751,717,309,71,59,102,6,0,0
1752,716,309,72,59,102,6,0,0
1753,716,309,72,59,102,6,0,0
1754,716,309,72,59,102,6,0,0
1755,716,309,72,59,102,6,0,0
1756,716,309,72,59,102,6,0,0
1757,716,309,72,59,102,6,0,0
1758,716,309,72,59,102,6,0,0
1759,716,309,72,59,102,6,0,0
1760,716,309,71,59,102,6,0,0
1761,716,309,71,59,102,6,0,0
1762,716,309,71,59,102,6,0,0
1763,716,309,71,59,102,6,0,0
1764,716,309,72,59,102,6,0,0
1765,716,309,72,59,102,6,0,0
1766,716,309,72,59,102,6,0,0
1767,716,309,72,59,102,6,0,0
1768,716,309,71,59,102,6,0,0
1769,716,309,71,59,102,6,0,0
1770,716,309,71,59,102,6,0,0
1771,716,309,71,59,102,6,0,0
1772,716,309,71,59,102,6,0,0
1773,716,309,71,59,102,6,0,0
1774,716,309,71,59,102,6,0,0
1775,716,309,71,59,102,6,0,0
1776,716,309,71,59,102,6,0,0
1777,716,309,71,59,102,6,0,0
1778,716,309,71,59,102,6,0,0
1779,716,309,71,59,102,6,0,0
1780,716,309,71,59,102,6,0,0
1781,716,309,71,59,102,6,0,0
1782,716,309,71,59,102,6,0,0
1783,716,309,71,59,102,6,0,1
1784,717,310,71,59,102,6,0,2
1785,717,310,71,59,102,6,0,2
1786,717,310,71,59,102,6,0,3
1787,717,310,71,59,102,6,0,3
1788,717,310,71,59,102,6,0,2
1789,717,310,71,59,102,6,0,1
1790,717,310,71,59,102,6,0,1
1791,717,310,71,59,102,6,0,1
1792,717,309,71,59,102,6,0,1
1793,717,309,71,59,102,6,0,1
1794,717,309,71,59,102,6,0,1
1795,717,309,71,59,102,6,0,1
1796,717,309,71,59,102,6,0,1
1797,717,309,71,59,102,6,0,0
1798,717,309,71,59,102,6,0,0
1799,717,309,71,59,102,6,0,0
1800,716,309,72,59,102,6,0,0
1801,716,309,72,59,102,6,0,0
1802,716,309,72,59,102,6,0,0
1803,716,309,72,59,102,6,0,1
1804,716,309,72,59,102,6,0,1
1805,716,309,72,59,102,6,0,0
1806,716,309,72,59,102,6,0,0
1807,716,309,72,59,102,6,0,0
1808,716,310,72,59,102,6,0,1
1809,716,310,71,59,102,6,0,1
1810,716,310,71,59,102,6,0,1
1811,716,310,71,59,102,6,0,1
1812,716,310,71,59,102,6,0,1
1813,716,310,71,59,102,6,0,0
1814,716,310,71,59,102,6,0,0
1815,716,310,72,59,102,6,0,0
1816,716,309,73,59,102,6,0,1
1817,716,309,73,59,102,6,0,1
1818,716,309,73,59,102,6,0,1
1819,716,309,73,59,102,6,0,1
1820,716,309,73,59,102,6,0,1
1821,716,309,73,59,102,6,0,0
1822,716,309,73,59,102,6,0,0
1823,716,309,73,59,102,6,0,0
1824,716,309,72,59,102,6,0,0
1825,716,309,72,59,102,6,0,0
1826,716,309,72,59,102,6,0,0
1827,716,309,72,59,102,6,0,0
1828,716,309,72,59,102,6,0,0
1829,716,309,72,59,102,6,0,0
1830,716,309,72,59,102,6,0,0
1831,716,309,72,59,102,6,0,0
1832,716,310,73,59,102,6,0,1
1833,716,310,73,59,102,6,0,1
1834,716,310,73,59,102,6,0,1
1835,716,310,73,59,102,6,0,1
1836,716,310,74,59,102,6,0,1
1837,716,310,74,59,102,6,0,0
1838,716,310,74,59,102,6,0,0
1839,716,310,74,59,102,6,0,0
1840,716,309,73,59,102,6,0,1
1841,716,309,73,59,102,6,0,1
1842,716,309,73,59,102,6,0,1
1843,716,309,73,59,102,6,0,1
1844,716,309,73,59,102,6,0,1
1845,716,309,73,59,102,6,0,1
1846,716,309,73,59,102,6,0,0
1847,716,309,73,59,102,6,0,1
1848,716,309,74,59,102,6,0,1
1849,716,309,74,59,102,6,0,1
1850,716,309,74,59,102,6,0,1
1851,716,309,74,59,102,6,0,1
1852,716,309,74,59,102,6,0,1
1853,716,309,73,59,102,6,0,0
1854,716,309,73,59,102,6,0,1
1855,716,309,74,59,102,6,0,1
1856,716,310,73,59,102,6,0,2
1857,716,310,73,59,102,6,0,2
1858,716,310,74,59,102,6,0,2
1859,716,310,73,59,102,6,0,1
1860,716,310,73,58,102,6,0,1
1861,716,310,73,58,102,6,0,0
1862,716,310,73,59,102,6,0,0
1863,716,310,73,59,102,6,0,0
1864,717,310,72,59,102,6,0,0
1865,717,310,72,59,102,6,0,0
1866,717,310,72,59,102,6,0,0
1867,717,310,72,59,102,6,0,0
1868,716,310,72,59,102,6,0,0
1869,716,310,73,59,102,6,0,0
1870,716,310,73,59,102,6,0,0
1871,716,310,73,59,102,6,0,0
1872,717,309,72,59,102,6,0,1
1873,716,310,73,59,102,6,0,1
1874,716,310,73,59,102,6,0,1
1875,716,309,73,59,102,6,0,1
1876,716,309,73,59,102,6,0,1
1877,716,309,74,59,102,6,0,1
1878,716,310,73,59,102,6,0,1
1879,716,310,74,59,102,6,0,1
1880,715,310,73,59,102,6,0,2
1881,716,310,73,59,102,6,0,3
1882,716,310,73,59,102,6,0,2
1883,716,310,73,59,102,6,0,2
1884,716,310,72,59,102,6,0,1
1885,716,310,72,58,102,6,0,1
1886,716,310,72,58,102,6,0,1
1887,716,310,72,59,102,6,0,0
1888,716,310,72,59,102,6,0,0
1889,716,310,72,58,102,6,0,0
1890,716,310,72,58,102,6,0,0
1891,716,310,72,59,102,6,0,0
1892,716,310,72,59,102,6,0,0
1893,716,310,72,59,102,6,0,0
1894,716,310,72,58,102,6,0,0
1895,716,310,72,58,102,6,0,0
1896,716,310,72,59,102,6,0,0
1897,716,310,72,59,102,6,0,0
1898,716,310,72,59,102,6,0,0
1899,716,310,72,59,102,6,0,0
1900,716,310,72,59,102,6,0,0
1901,717,310,72,59,102,6,0,0
1902,717,310,72,59,102,6,0,0
1903,717,310,72,59,102,6,0,0
1904,717,310,72,58,102,6,0,0
1905,717,310,72,58,102,6,0,0
1906,717,310,72,59,102,6,0,0
1907,717,310,72,59,102,6,0,0
1908,717,310,73,58,102,6,0,0
1909,717,310,72,58,102,6,0,0
1910,717,310,72,59,102,6,0,0
1911,717,310,73,58,102,6,0,0
1912,717,310,72,58,102,6,0,0
1913,717,310,72,58,102,6,0,0
1914,717,310,72,58,102,6,0,0
1915,716,310,73,58,102,6,0,0
1916,716,310,73,58,102,6,0,0
1917,716,310,73,58,102,6,0,0
1918,716,310,73,58,102,6,0,0
1919,717,310,72,59,102,6,0,0
1920,717,310,71,59,102,6,0,1
1921,717,310,71,59,102,6,0,1
1922,717,310,71,59,102,6,0,1
1923,717,310,71,59,102,6,0,1
1924,717,310,71,59,102,6,0,0
1925,717,310,72,59,102,6,0,0
1926,717,310,72,59,102,6,0,0
1927,717,310,72,58,102,6,0,0
428,620,195,19,31,127,6,1,178
429,620,199,18,29,127,6,1,178
432,621,211,16,26,127,6,1,178
433,621,212,17,27,127,6,1,178
434,620,215,16,26,127,6,1,178
435,621,217,15,28,127,6,1,178
437,619,222,18,29,127,6,1,178
438,619,222,19,31,127,6,1,178
441,621,234,16,29,127,6,1,178
442,621,237,16,29,127,6,1,178
443,621,240,16,29,127,6,1,178
444,620,240,18,32,127,6,1,178
445,621,246,17,29,127,6,1,178
446,620,247,18,30,127,6,1,178
447,621,252,16,29,127,6,1,178
448,621,256,15,29,127,6,1,178
449,619,258,17,29,127,6,1,178
450,619,259,18,30,127,6,1,178
451,620,263,16,29,127,6,1,178
453,619,266,18,33,127,6,1,173
457,615,278,19,32,127,6,1,168
458,614,277,20,35,127,6,1,159
459,613,283,19,32,127,6,1,153
460,613,286,17,31,127,6,1,142
461,611,288,18,32,127,6,1,130
462,609,288,19,34,127,6,1,116
466,604,298,18,35,127,6,1,105
469,595,307,19,34,127,6,1,97
470,591,308,20,35,127,6,1,89
471,588,309,20,36,127,6,1,84
472,585,310,21,37,127,6,1,78
473,582,313,19,36,127,6,1,72
474,578,315,20,37,127,6,1,66
476,572,320,20,37,127,6,1,62
477,568,324,20,36,127,6,1,60
478,565,325,22,36,127,6,1,58
479,565,326,18,37,127,6,1,57
480,558,327,22,39,127,6,1,54
481,556,330,21,39,127,6,1,50
482,554,332,21,38,127,6,1,47
483,552,332,21,39,127,6,1,45
484,550,334,23,41,127,6,1,44
485,548,335,24,42,127,6,1,42
486,548,335,21,43,127,6,1,39
487,546,337,23,43,127,6,1,38
488,544,340,23,42,127,6,1,36
489,543,341,23,42,127,6,1,35
490,544,343,23,43,127,6,1,33
491,541,344,24,43,127,6,1,33
492,540,345,25,44,127,6,1,33
493,541,347,24,45,127,6,1,33
494,540,347,26,47,127,6,1,33
495,541,351,25,45,127,6,1,33
496,542,353,24,46,127,6,1,33
497,541,354,25,46,127,6,1,33
498,541,355,27,47,127,6,1,33
499,540,357,28,48,127,6,1,33
500,541,358,28,50,127,6,1,32
501,545,359,24,50,127,6,1,31
502,545,362,24,49,127,6,1,30
503,545,363,27,50,127,6,1,29
504,544,364,30,51,127,6,1,29
505,546,366,28,51,127,6,1,29
506,550,368,24,53,127,6,1,30
507,551,371,25,53,127,6,1,31
508,551,376,25,51,127,6,1,32
509,551,377,25,52,127,6,1,32
510,551,379,28,52,127,6,1,32
511,553,381,25,54,127,6,1,32
512,555,383,25,55,127,6,1,31
513,555,384,26,58,127,6,1,31
514,555,386,28,57,127,6,1,31
515,554,389,30,58,127,6,1,31
516,556,392,30,58,127,6,1,30
517,552,393,35,60,127,6,1,30
518,552,397,36,58,127,6,1,29
519,560,403,25,57,127,6,1,29
520,552,404,35,59,127,6,1,30
521,551,406,39,61,127,6,1,30
522,551,409,39,62,127,6,1,30
523,549,413,36,61,127,6,1,30
524,547,415,39,63,127,6,1,30
525,552,419,30,64,127,6,1,30
526,546,421,37,65,127,6,1,30
528,540,427,44,68,127,6,1,30
529,537,430,42,70,127,6,1,30
530,537,433,42,69,127,6,1,29
531,533,439,43,69,127,6,1,29
533,526,447,46,71,127,6,1,29
534,525,450,46,73,127,6,1,29
535,523,453,47,75,127,6,1,29
536,522,458,47,76,127,6,1,29
537,521,463,46,77,127,6,1,29
538,520,464,49,78,127,6,1,28
539,524,471,43,79,127,6,1,28
540,524,475,45,81,127,6,1,28
541,525,478,48,84,127,6,1,27
542,525,482,52,85,127,6,1,27
543,528,487,52,86,127,6,1,27
544,535,494,46,86,127,6,1,27
545,538,498,55,89,127,6,1,27
546,541,502,52,91,127,6,1,27
547,552,509,53,91,127,6,1,27
548,559,514,56,94,127,6,1,27
549,570,521,57,94,127,6,1,26
550,573,523,64,97,127,6,1,26
551,585,531,61,97,127,6,1,26
552,595,536,67,101,127,6,1,26
553,609,545,64,102,127,6,1,26
554,617,551,69,103,127,6,1,26
555,631,557,68,106,127,6,1,26
556,645,567,63,108,127,6,1,27
557,658,576,70,108,127,6,1,26
558,672,581,68,111,127,6,1,26
559,692,590,65,113,127,6,1,26
560,704,599,70,115,127,6,1,26
561,727,608,64,119,127,6,1,25
562,734,617,69,119,127,6,1,25
563,752,626,78,123,127,6,1,25
564,774,635,73,126,127,6,1,25
565,794,647,73,128,127,6,1,24
566,814,653,70,132,127,6,1,24
567,830,666,75,133,127,6,1,24
568,853,676,76,138,127,6,1,24
569,875,688,80,141,127,6,1,23
570,895,698,83,142,127,6,1,23
571,920,711,77,144,127,6,1,22
572,943,723,80,148,127,6,1,22
573,961,737,86,152,127,6,1,21
574,983,747,84,155,127,6,1,21
575,1006,763,84,158,127,6,1,21
576,1027,774,89,164,127,6,1,20
577,1051,792,87,166,127,6,1,20
578,1065,802,90,170,127,6,1,19
579,1088,816,98,176,127,6,1,19
580,1109,834,104,181,127,6,1,19
581,1139,853,95,184,127,6,1,18
582,1156,865,103,187,127,6,1,17
583,1194,883,100,192,127,6,1,16
584,1223,905,110,173,127,6,1,15
585,1246,924,135,154,127,6,1,14
586,1301,939,118,139,127,6,1,13
587,1331,964,139,115,127,6,1,11
588,1390,987,145,91,127,6,1,10
589,1439,1010,186,69,127,6,1,8
950,846,772,426,305,128,9,0,25
951,846,748,404,321,128,9,0,25
952,850,734,383,306,128,9,0,24
953,860,715,368,297,128,9,0,23
954,872,703,359,289,128,9,0,22
955,887,690,356,278,128,9,0,22
956,900,676,362,270,128,9,0,22
957,918,663,376,263,128,9,0,22
958,936,655,389,256,128,9,0,22
959,969,644,405,248,128,9,0,22
960,1010,634,418,243,128,9,0,21
961,1058,624,430,236,128,9,0,21
962,1098,616,439,233,128,9,0,21
963,1156,606,451,228,128,9,0,22
964,1220,592,461,221,128,9,0,23
965,1292,576,469,219,128,9,0,25
966,1347,565,474,215,128,9,0,27
967,1427,545,478,214,128,9,0,29
968,1512,533,407,207,128,9,0,31
969,1599,496,320,225,128,9,0,33
970,1665,497,253,209,128,9,0,33
971,1758,497,161,186,128,9,0,34
552,730,435,36,81,137,6,11,5
553,733,437,32,77,137,6,11,6
554,731,437,33,76,137,6,11,7
555,728,431,37,80,137,6,11,8
557,731,428,28,79,137,6,11,9
558,730,428,29,78,137,6,11,9
559,728,425,34,79,137,6,11,10
560,732,425,27,76,137,6,11,10
561,727,422,30,79,137,6,11,10
562,725,425,30,74,137,6,11,10
563,723,419,32,78,137,6,11,11
564,723,418,31,77,137,6,11,11
565,722,426,32,67,137,6,11,11
566,721,425,30,65,137,6,11,11
568,720,416,29,73,137,6,11,11
569,719,414,30,73,137,6,11,11
570,720,413,29,73,137,6,11,11
571,717,409,31,74,137,6,11,11
577,712,404,28,69,137,6,11,11
578,712,405,24,67,137,6,11,11
579,713,402,24,68,137,6,11,12
580,711,400,26,68,137,6,11,12
581,710,399,28,68,137,6,11,12
582,709,398,30,67,137,6,11,12
583,713,401,24,63,137,6,11,11
584,713,400,22,63,137,6,11,11
599,702,379,26,63,137,6,11,11
600,703,380,25,61,137,6,11,11
601,704,379,24,61,137,6,11,11
602,705,379,22,61,137,6,11,11
603,702,375,30,63,137,6,11,11
604,702,375,28,62,137,6,11,11
605,703,376,25,59,137,6,11,12
606,702,376,25,57,137,6,11,12
607,699,371,28,61,137,6,11,13
608,699,371,23,61,137,6,11,13
609,697,369,26,61,137,6,11,12
610,698,368,25,62,137,6,11,11
611,698,368,24,62,137,6,11,10
612,700,367,25,62,137,6,11,10
613,700,366,25,61,137,6,11,10
614,700,366,28,59,137,6,11,11
615,700,365,27,59,137,6,11,12
616,700,365,28,58,137,6,11,13
617,698,363,28,58,137,6,11,14
618,700,363,26,58,137,6,11,13
619,700,363,23,57,137,6,11,13
620,697,360,26,59,137,6,11,13
621,694,360,27,57,137,6,11,12
622,694,358,26,58,137,6,11,12
623,692,358,27,58,137,6,11,11
624,694,358,24,57,137,6,11,11
625,693,356,27,58,137,6,11,11
626,692,357,27,57,137,6,11,11
627,694,356,24,56,137,6,11,11
628,693,355,26,58,137,6,11,11
629,692,355,27,56,137,6,11,12
630,691,355,26,56,137,6,11,12
631,691,355,26,54,137,6,11,13
632,692,356,24,54,137,6,11,13
633,693,355,23,53,137,6,11,14
634,691,353,25,54,137,6,11,15
635,690,353,25,52,137,6,11,15
636,687,352,27,54,137,6,11,15
637,686,350,24,54,137,6,11,14
638,679,350,28,55,137,6,11,13
639,672,351,30,53,137,6,11,12
640,662,352,37,52,137,6,11,12
641,655,351,38,51,137,6,11,12
642,655,351,34,51,137,6,11,13
643,655,348,26,53,137,6,11,13
644,655,345,26,55,137,6,11,13
645,655,346,26,54,137,6,11,11
646,656,347,25,53,137,6,11,10
647,658,346,25,54,137,6,11,9
648,659,344,27,55,137,6,11,8
649,663,344,26,55,137,6,11,7
650,666,344,25,54,137,6,11,6
651,669,343,26,54,137,6,11,6
652,673,344,24,54,137,6,11,6
653,674,343,26,54,137,6,11,7
654,676,343,25,53,137,6,11,7
655,679,345,26,51,137,6,11,7
656,681,342,24,54,137,6,11,7
657,682,342,24,53,137,6,11,8
658,682,341,24,53,137,6,11,8
659,681,341,25,52,137,6,11,9
660,680,341,25,52,137,6,11,9
661,680,341,26,51,137,6,11,10
662,680,341,26,51,137,6,11,10
663,680,340,25,51,137,6,11,11
664,680,339,24,52,137,6,11,12
665,681,337,25,53,137,6,11,13
666,680,335,26,53,137,6,11,13
667,680,335,25,54,137,6,11,10
668,681,336,25,53,137,6,11,10
669,683,336,23,53,137,6,11,10
670,685,338,23,50,137,6,11,10
671,689,336,24,50,137,6,11,8
672,692,336,28,53,137,6,11,5
673,694,335,31,53,137,6,11,4
674,696,337,32,51,137,6,11,3
675,699,338,31,50,137,6,11,2
676,703,336,28,51,137,6,11,3
677,704,334,27,53,137,6,11,5
678,704,334,28,53,137,6,11,7
679,705,334,27,51,137,6,11,8
680,704,333,27,52,137,6,11,8
681,699,333,30,51,137,6,11,8
682,697,334,29,50,137,6,11,8
683,696,337,27,48,137,6,11,8
684,693,336,30,49,137,6,11,7
685,689,334,30,50,137,6,11,6
686,689,335,28,49,137,6,11,6
687,683,333,31,51,137,6,11,6
688,681,332,30,50,137,6,11,7
689,676,331,31,52,137,6,11,8
690,674,331,29,52,137,6,11,9
691,669,332,30,49,137,6,11,10
692,666,330,28,51,137,6,11,10
693,660,330,30,51,137,6,11,10
694,660,328,26,52,137,6,11,10
695,656,330,27,50,137,6,11,10
696,655,329,25,50,137,6,11,10
697,650,329,26,50,137,6,11,9
698,647,327,26,51,137,6,11,9
699,637,329,31,49,137,6,11,9
700,632,330,31,48,137,6,11,10
701,630,330,27,47,137,6,11,11
702,627,327,27,49,137,6,11,12
703,625,325,25,51,137,6,11,13
704,621,325,25,49,137,6,11,13
705,618,325,24,49,137,6,11,13
706,616,325,24,49,137,6,11,12
707,613,323,23,50,137,6,11,11
708,608,324,24,54,137,6,11,10
709,606,321,24,51,137,6,11,12
710,605,321,24,50,137,6,11,13
711,606,321,22,48,137,6,11,13
712,604,320,23,49,137,6,11,17
713,604,320,22,50,137,6,11,19
714,603,320,20,49,137,6,11,24
715,602,320,21,47,137,6,11,25
716,602,322,21,42,137,6,11,30
717,602,319,21,42,137,6,11,34
718,603,317,21,43,137,6,11,39
719,603,317,22,41,137,6,11,44
720,603,316,22,39,137,6,11,48
721,602,316,22,37,137,6,11,50
722,603,316,22,34,137,6,11,51
723,604,317,21,31,137,6,11,51
724,605,316,20,31,137,6,11,49
725,604,314,22,32,137,6,11,48
726,603,314,25,30,137,6,11,46
727,606,314,22,28,137,6,11,46
728,607,313,22,28,137,6,11,47
729,608,311,23,26,137,6,11,50
730,609,311,22,25,137,6,11,52
731,611,311,22,23,137,6,11,53
732,612,310,22,23,137,6,11,54
733,612,310,22,21,137,6,11,53
734,613,310,23,20,137,6,11,51
738,618,306,22,18,137,6,11,49
739,618,308,22,15,137,6,11,49
740,620,308,22,14,137,6,11,49
756,659,299,20,41,143,6,11,50
757,661,297,20,44,143,6,11,39
758,661,299,20,44,143,6,11,30
759,662,299,20,42,143,6,11,16
760,665,298,20,43,143,6,11,10
761,666,298,19,43,143,6,11,7
762,667,298,19,43,143,6,11,10
763,668,296,20,42,143,6,11,13
764,667,295,20,43,143,6,11,16
765,667,295,19,43,143,6,11,17
766,667,295,20,42,143,6,11,20
767,667,295,19,42,143,6,11,21
768,669,295,18,40,143,6,11,22
769,670,294,18,41,143,6,11,20
770,670,294,19,40,143,6,11,20
771,672,294,18,40,143,6,11,21
772,672,293,19,40,143,6,11,19
773,673,292,19,40,143,6,11,16
774,673,293,19,40,143,6,11,16
775,673,291,19,42,143,6,11,21
776,674,290,19,41,143,6,11,27
777,673,289,18,41,143,6,11,25
778,673,289,18,41,143,6,11,25
779,672,287,19,43,143,6,11,25
780,672,285,20,43,143,6,11,29
781,673,283,20,44,143,6,11,29
782,673,284,20,43,143,6,11,28
783,674,285,19,41,143,6,11,28
784,674,286,19,40,143,6,11,27
785,674,284,19,41,143,6,11,24
786,675,283,19,41,143,6,11,23
787,676,283,18,41,143,6,11,22
788,676,282,18,41,143,6,11,23
789,676,283,18,40,143,6,11,23
790,676,281,18,41,143,6,11,25
791,676,282,17,40,143,6,11,26
792,676,281,18,40,143,6,11,27
793,674,280,19,40,143,6,11,27
795,675,282,16,37,143,6,11,27
796,675,283,15,35,143,6,11,28
797,674,279,15,38,143,6,11,27
798,673,278,16,39,143,6,11,26
799,672,276,17,40,143,6,11,26
800,671,276,17,40,143,6,11,26
801,669,273,18,42,143,6,11,28
802,668,274,17,41,143,6,11,31
803,667,273,17,40,143,6,11,36
804,666,273,17,39,143,6,11,41
805,664,271,18,40,143,6,11,44
806,664,272,18,40,143,6,11,47
807,663,272,18,39,143,6,11,48
808,662,272,17,38,143,6,11,43
809,661,270,17,38,143,6,11,36
810,661,270,18,39,143,6,11,32
811,661,269,18,39,143,6,11,35
812,661,269,17,39,143,6,11,39
813,661,269,17,37,143,6,11,40
814,660,270,17,36,143,6,11,39
815,660,269,17,36,143,6,11,40
816,660,266,18,38,143,6,11,42
817,660,265,17,37,143,6,11,45
818,659,265,17,38,143,6,11,47
819,658,264,17,37,143,6,11,48
820,657,262,17,39,143,6,11,49
821,656,262,16,38,143,6,11,47
822,655,261,17,39,143,6,11,44
823,654,260,18,39,143,6,11,38
824,654,261,17,39,143,6,11,36
825,652,260,17,39,143,6,11,35
826,652,259,17,39,143,6,11,38
827,650,258,17,39,143,6,11,41
828,649,259,17,36,143,6,11,45
829,649,259,16,36,143,6,11,45
830,649,257,16,38,143,6,11,47
831,648,258,16,36,143,6,11,46
832,648,258,17,35,143,6,11,44
833,649,257,17,36,143,6,11,41
834,650,256,17,36,143,6,11,42
835,653,256,17,36,143,6,11,47
836,654,255,17,36,143,6,11,52
837,654,254,17,36,143,6,11,55
838,655,253,16,36,143,6,11,56
839,656,253,16,36,143,6,11,58
840,657,252,16,36,143,6,11,58
841,658,251,17,35,143,6,11,56
842,658,251,17,35,143,6,11,51
843,660,251,16,34,143,6,11,50
844,661,251,16,34,143,6,11,50
845,662,249,17,35,143,6,11,49
846,662,248,17,37,143,6,11,49
847,665,250,15,35,143,6,11,51
848,666,249,15,34,143,6,11,58
849,667,249,15,33,143,6,11,60
850,667,249,15,32,143,6,11,65
851,668,249,15,32,143,6,11,72
852,668,247,16,31,143,6,11,80
853,668,245,16,34,143,6,11,81
854,669,244,15,34,143,6,11,80
855,668,244,14,34,143,6,11,90
856,668,240,15,37,143,6,11,112
857,667,239,16,34,143,6,11,120
858,667,235,17,34,143,6,11,126
859,667,237,16,36,143,6,11,117
860,668,237,16,33,143,6,11,113
861,667,239,15,31,143,6,11,89
862,667,236,16,36,143,6,11,66
863,666,238,15,34,143,6,11,48
864,666,237,15,34,143,6,11,35
865,665,236,15,35,143,6,11,27
866,666,237,13,33,143,6,11,35
867,664,234,15,35,143,6,11,54
868,663,234,15,34,143,6,11,77
869,663,232,15,35,143,6,11,83
870,662,232,15,34,143,6,11,84
875,662,231,13,33,143,6,11,81
876,662,230,14,33,143,6,11,81
877,660,227,16,35,143,6,11,85
878,659,227,16,35,143,6,11,85
879,658,225,17,35,143,6,11,96
880,658,225,16,36,143,6,11,101
881,657,225,15,35,143,6,11,111
882,656,225,15,34,143,6,11,116
884,655,225,15,33,143,6,11,119
885,654,225,15,31,143,6,11,122
886,654,223,15,33,143,6,11,120
887,653,223,15,32,143,6,11,121
888,652,222,16,32,143,6,11,114
889,652,222,16,32,143,6,11,109
890,652,222,16,32,143,6,11,102
891,652,220,16,32,143,6,11,104
892,652,219,16,34,143,6,11,109
894,652,219,14,31,143,6,11,120
895,652,218,15,32,143,6,11,132
896,651,217,15,32,143,6,11,138
897,653,215,15,33,143,6,11,140
898,653,215,15,33,143,6,11,135
899,654,215,16,32,143,6,11,126
900,655,214,15,33,143,6,11,115
901,656,214,14,33,143,6,11,114
902,656,213,14,33,143,6,11,120
903,656,212,15,32,143,6,11,130
904,658,212,14,32,143,6,11,133
905,659,212,13,31,143,6,11,134
906,659,212,12,32,143,6,11,132
907,659,211,12,30,143,6,11,131
908,659,209,13,32,143,6,11,130
909,658,208,14,31,143,6,11,130
910,659,208,14,31,143,6,11,130
911,658,206,15,30,143,6,11,130
912,658,205,14,31,143,6,11,130
913,657,204,14,33,143,6,11,130
914,656,204,15,33,143,6,11,130
915,655,203,16,32,143,6,11,128
916,655,203,16,33,143,6,11,127
917,655,202,15,32,143,6,11,125
918,655,202,16,31,143,6,11,125
919,654,202,15,32,143,6,11,125
920,654,202,14,30,143,6,11,125
921,653,200,15,32,143,6,11,125
922,653,201,15,31,143,6,11,125
923,653,202,15,30,143,6,11,125
924,652,201,15,30,143,6,11,125
925,651,200,14,30,143,6,11,125
927,651,200,14,29,143,6,11,125
928,651,197,14,32,143,6,11,125
929,650,197,15,30,143,6,11,125
930,650,197,15,30,143,6,11,125
931,650,197,14,29,143,6,11,125
932,649,195,14,30,143,6,11,125
933,648,195,14,30,143,6,11,125
934,647,193,14,30,143,6,11,125
935,647,191,14,32,143,6,11,125
936,646,191,15,32,143,6,11,125
937,646,191,15,31,143,6,11,125
938,646,190,15,31,143,6,11,125
939,646,189,14,31,143,6,11,125
940,645,189,14,31,143,6,11,125
941,644,189,15,31,143,6,11,125
942,644,188,15,31,143,6,11,125
943,644,188,14,31,143,6,11,125
944,644,187,15,32,143,6,11,125
945,644,189,14,29,143,6,11,125
947,644,189,13,28,143,6,11,125
948,644,188,13,28,143,6,11,125
949,645,188,13,26,143,6,11,125
950,646,187,12,28,143,6,11,125
951,646,184,13,30,143,6,11,125
955,643,180,14,30,143,6,11,125
956,643,180,15,30,143,6,11,125
957,644,180,14,30,143,6,11,125
958,644,178,14,31,143,6,11,125
959,642,179,14,30,143,6,11,125
960,641,178,15,30,143,6,11,125
961,641,177,15,30,143,6,11,125
962,641,177,15,30,143,6,11,125
963,640,177,15,30,143,6,11,125
964,639,177,15,29,143,6,11,125
965,640,176,14,30,143,6,11,125
966,640,174,15,32,143,6,11,125
967,639,174,15,32,143,6,11,125
968,640,175,15,29,143,6,11,125
969,640,173,15,30,143,6,11,125
970,641,173,15,30,143,6,11,125
971,642,174,13,28,143,6,11,125
972,641,173,15,28,143,6,11,125
973,642,173,14,28,143,6,11,125
974,641,174,15,27,143,6,11,125
975,644,170,15,28,143,6,11,125
976,647,171,12,29,143,6,11,125
977,648,171,12,29,143,6,11,125
978,649,171,13,28,143,6,11,125
981,651,168,13,28,143,6,11,125
988,656,167,13,27,143,6,11,125
941,1066,1022,461,55,149,9,0,-1
942,955,991,546,87,149,9,0,-1
943,927,953,542,124,149,9,0,-1
944,905,916,527,160,149,9,0,-1
945,887,884,529,192,149,9,0,-1
946,875,863,516,211,149,9,0,-1
947,863,833,489,243,149,9,0,-1
948,855,811,466,265,149,9,0,-1
949,849,788,443,287,149,9,0,-1
827,398,290,131,58,153,3,0,14
828,404,289,131,58,153,3,0,11
829,412,288,128,59,153,3,0,9
830,416,288,125,59,153,3,0,6
831,422,287,122,60,153,3,0,6
832,424,287,123,59,153,3,0,5
833,428,287,121,59,153,3,0,6
834,430,287,120,59,153,3,0,6
835,432,286,120,59,153,3,0,7
836,434,286,119,59,153,3,0,4
837,435,286,119,60,153,3,0,3
838,434,286,119,59,153,3,0,2
839,434,286,119,59,153,3,0,3
840,433,286,119,59,153,3,0,2
841,433,287,118,59,153,3,0,3
842,432,287,118,59,153,3,0,2
843,431,288,116,58,153,3,0,2
844,429,287,114,59,153,3,0,2
845,427,288,112,58,153,3,0,2
846,425,289,111,58,153,3,0,3
847,424,290,107,57,153,3,0,4
848,423,291,103,56,153,3,0,6
849,423,291,98,57,153,3,0,10
850,424,291,94,57,153,3,0,15
851,424,292,90,58,153,3,0,20
852,423,292,87,59,153,3,0,22
853,425,293,82,58,153,3,0,24
854,426,294,80,58,153,3,0,27
855,428,295,78,58,153,3,0,28
856,432,298,74,58,153,3,0,29
857,433,298,74,58,153,3,0,29
858,433,299,76,59,153,3,0,29
859,434,300,77,58,153,3,0,30
860,435,301,79,58,153,3,0,29
861,436,302,81,60,153,3,0,29
862,436,302,82,60,153,3,0,28
863,439,303,82,61,153,3,0,29
864,440,304,84,61,153,3,0,29
865,441,304,85,62,153,3,0,28
866,442,304,85,63,153,3,0,27
867,447,304,82,64,153,3,0,26
868,448,306,84,64,153,3,0,26
869,447,307,87,64,153,3,0,26
870,449,308,87,64,153,3,0,27
871,451,310,88,64,153,3,0,29
872,455,311,86,65,153,3,0,30
873,457,312,87,65,153,3,0,30
874,458,313,89,66,153,3,0,30
875,459,314,90,66,153,3,0,30
876,462,315,91,67,153,3,0,29
877,463,316,92,68,153,3,0,28
878,464,316,92,69,153,3,0,28
879,468,317,92,69,153,3,0,28
880,469,318,95,71,153,3,0,29
881,472,319,94,71,153,3,0,28
882,473,321,95,71,153,3,0,28
883,474,323,97,71,153,3,0,29
884,475,324,99,71,153,3,0,29
885,477,324,100,74,153,3,0,29
886,478,324,102,75,153,3,0,28
887,481,324,102,78,153,3,0,28
888,482,326,104,76,153,3,0,28
889,484,328,104,77,153,3,0,27
890,486,328,103,79,153,3,0,27
891,487,329,105,79,153,3,0,27
892,489,333,107,79,153,3,0,28
893,490,334,108,80,153,3,0,29
894,492,335,108,81,153,3,0,30
895,493,337,110,82,153,3,0,30
896,494,338,111,82,153,3,0,30
897,496,340,111,84,153,3,0,30
898,496,341,113,85,153,3,0,30
899,498,342,114,86,153,3,0,30
900,499,344,115,87,153,3,0,30
901,500,346,116,88,153,3,0,30
902,499,348,119,89,153,3,0,31
903,500,350,120,90,153,3,0,31
904,500,353,122,91,153,3,0,31
905,501,355,123,92,153,3,0,31
906,501,356,124,93,153,3,0,31
907,502,358,125,95,153,3,0,31
908,502,360,126,97,153,3,0,31
909,501,363,128,97,153,3,0,30
910,502,363,129,99,153,3,0,30
911,501,367,132,100,153,3,0,30
912,500,368,134,102,153,3,0,30
913,499,371,137,103,153,3,0,30
914,498,372,138,105,153,3,0,30
915,497,375,139,107,153,3,0,30
916,495,379,141,107,153,3,0,30
917,491,381,144,110,153,3,0,29
918,489,383,146,110,153,3,0,29
919,484,386,147,111,153,3,0,29
920,479,388,149,115,153,3,0,29
921,473,391,151,116,153,3,0,28
922,468,393,152,118,153,3,0,28
923,462,396,154,120,153,3,0,28
924,453,400,156,121,153,3,0,28
925,444,403,160,123,153,3,0,27
926,432,402,166,128,153,3,0,27
927,421,405,170,131,153,3,0,27
928,409,413,173,128,153,3,0,27
929,396,417,177,130,153,3,0,26
930,385,420,181,130,153,3,0,26
931,373,422,184,134,153,3,0,26
932,359,426,187,136,153,3,0,25
933,346,429,189,139,153,3,0,25
934,335,432,192,141,153,3,0,25
935,321,436,196,143,153,3,0,25
936,307,439,199,146,153,3,0,25
937,296,444,201,148,153,3,0,24
938,287,447,201,150,153,3,0,24
939,275,450,204,152,153,3,0,23
940,264,454,206,155,153,3,0,23
941,254,458,207,157,153,3,0,22
942,245,462,209,159,153,3,0,22
943,236,467,210,160,153,3,0,21
944,223,470,216,163,153,3,0,20
945,213,475,218,162,153,3,0,19
946,207,478,219,162,153,3,0,18
947,195,482,222,165,153,3,0,17
948,185,486,225,168,153,3,0,17
949,178,491,227,170,153,3,0,17
950,179,494,221,172,153,3,0,17
951,171,498,223,175,153,3,0,17
952,156,502,232,177,153,3,0,17
953,161,506,222,180,153,3,0,17
954,155,509,225,182,153,3,0,16
955,147,514,228,183,153,3,0,16
956,147,518,224,186,153,3,0,15
957,141,520,225,189,153,3,0,15
958,139,523,224,191,153,3,0,14
959,136,524,223,197,153,3,0,14
960,132,523,224,203,153,3,0,13
961,126,532,228,198,153,3,0,12
962,123,534,228,200,153,3,0,11
963,120,538,228,201,153,3,0,11
964,113,541,232,202,153,3,0,10
965,111,544,233,204,153,3,0,9
966,115,545,227,205,153,3,0,8
967,110,547,230,206,153,3,0,7
968,107,549,231,207,153,3,0,6
969,104,551,233,208,153,3,0,5
970,106,552,230,208,153,3,0,4
971,108,552,227,209,153,3,0,4
972,107,553,228,210,153,3,0,3
973,106,552,228,211,153,3,0,2
974,106,553,229,211,153,3,0,2
975,106,553,229,211,153,3,0,1
976,106,553,229,211,153,3,0,1
977,105,553,229,211,153,3,0,0
978,106,553,229,211,153,3,0,0
979,105,553,229,211,153,3,0,0
980,106,553,229,211,153,3,0,0
981,105,553,229,211,153,3,0,0
982,105,553,229,211,153,3,0,0
983,105,553,230,211,153,3,0,0
984,105,553,229,210,153,3,0,0
985,106,553,229,210,153,3,0,0
986,106,554,229,210,153,3,0,0
987,106,553,228,210,153,3,0,0
988,106,553,229,210,153,3,0,0
989,106,554,228,210,153,3,0,0
990,106,553,228,210,153,3,0,0
991,106,553,228,210,153,3,0,0
992,106,553,228,210,153,3,0,0
993,106,553,228,210,153,3,0,0
994,107,554,228,210,153,3,0,0
995,106,554,229,210,153,3,0,0
996,105,554,230,210,153,3,0,0
997,105,554,230,210,153,3,0,0
998,105,554,229,210,153,3,0,0
999,106,554,229,210,153,3,0,0
1000,107,554,228,210,153,3,0,0
1001,107,554,228,210,153,3,0,0
1002,106,554,229,210,153,3,0,0
1003,106,554,229,210,153,3,0,0
1004,106,554,229,210,153,3,0,0
1005,107,554,228,210,153,3,0,0
1006,106,554,228,210,153,3,0,0
1007,105,554,229,210,153,3,0,0
1008,104,554,230,210,153,3,0,0
1009,104,554,230,210,153,3,0,0
1010,104,554,230,210,153,3,0,0
1011,104,554,231,210,153,3,0,0
1012,104,554,230,210,153,3,0,0
1013,104,554,231,210,153,3,0,0
1014,104,554,230,210,153,3,0,0
1015,103,554,231,210,153,3,0,0
1016,102,554,232,210,153,3,0,0
1017,100,554,234,210,153,3,0,0
1018,106,554,229,210,153,3,0,0
1019,105,554,230,210,153,3,0,0
1020,106,553,229,210,153,3,0,0
1021,106,553,229,210,153,3,0,0
1022,106,553,229,210,153,3,0,0
1023,106,553,229,210,153,3,0,0
1024,106,554,228,210,153,3,0,0
1025,105,554,229,210,153,3,0,0
1026,105,554,229,210,153,3,0,0
1027,104,554,230,210,153,3,0,0
1028,107,554,228,210,153,3,0,0
1029,106,554,228,210,153,3,0,0
1030,106,554,228,210,153,3,0,0
1031,106,554,228,210,153,3,0,0
1032,107,553,228,210,153,3,0,0
1033,107,553,228,210,153,3,0,0
1034,108,553,227,210,153,3,0,0
1035,108,553,227,210,153,3,0,0
1036,107,553,228,210,153,3,0,0
1037,109,553,227,210,153,3,0,0
1038,111,553,224,210,153,3,0,0
1039,109,553,226,210,153,3,0,0
1040,108,553,227,210,153,3,0,0
1041,106,553,229,211,153,3,0,0
1042,105,553,230,211,153,3,0,0
1043,104,553,231,211,153,3,0,0
1044,103,553,231,211,153,3,0,0
1045,104,553,230,211,153,3,0,0
1046,103,553,231,210,153,3,0,0
1047,104,553,230,210,153,3,0,0
1048,105,552,230,211,153,3,0,0
1049,105,553,229,211,153,3,0,0
1050,105,553,230,211,153,3,0,0
1051,105,553,230,211,153,3,0,0
1052,104,553,230,211,153,3,0,0
1053,104,553,230,211,153,3,0,0
1054,105,553,230,211,153,3,0,0
1055,106,553,228,212,153,3,0,0
1056,107,553,228,211,153,3,0,0
1057,107,553,228,211,153,3,0,0
1058,107,553,228,211,153,3,0,0
1059,107,553,228,211,153,3,0,0
1060,106,553,229,211,153,3,0,0
1061,106,553,229,211,153,3,0,0
1062,106,553,229,211,153,3,0,0
1063,106,553,229,211,153,3,0,0
1064,105,553,229,211,153,3,0,0
1065,105,553,229,211,153,3,0,0
1066,105,553,229,210,153,3,0,0
1067,105,553,229,211,153,3,0,0
1068,106,553,229,211,153,3,0,0
1069,106,553,229,211,153,3,0,0
1070,106,553,229,211,153,3,0,0
1071,106,553,229,211,153,3,0,0
1072,105,553,229,211,153,3,0,0
1073,105,553,229,211,153,3,0,0
1074,105,553,230,211,153,3,0,0
1075,106,553,229,211,153,3,0,0
1076,106,553,229,211,153,3,0,0
1077,106,553,228,211,153,3,0,0
1078,107,553,228,211,153,3,0,0
1079,105,553,230,211,153,3,0,0
1080,106,553,228,210,153,3,0,0
1081,102,553,233,211,153,3,0,0
1082,108,554,227,210,153,3,0,0
1083,108,554,227,210,153,3,0,0
1084,106,554,229,210,153,3,0,0
1085,106,554,229,210,153,3,0,0
1086,106,554,229,210,153,3,0,0
1087,106,554,229,210,153,3,0,0
1088,105,553,230,211,153,3,0,0
1089,105,553,230,211,153,3,0,0
1090,105,553,229,210,153,3,0,0
1091,105,553,229,210,153,3,0,0
1092,106,553,229,211,153,3,0,0
1093,106,553,230,211,153,3,0,0
1094,105,553,230,211,153,3,0,0
1095,106,553,229,211,153,3,0,0
1096,107,554,228,210,153,3,0,0
1097,108,554,228,211,153,3,0,0
1098,108,554,229,211,153,3,0,0
1099,109,556,232,210,153,3,0,0
1100,106,556,243,213,153,3,0,1
1101,104,557,259,213,153,3,0,1
1102,108,557,269,215,153,3,0,2
1103,124,559,277,216,153,3,0,3
1104,135,562,296,214,153,3,0,3
1105,143,562,324,216,153,3,0,4
1106,156,565,340,217,153,3,0,5
1107,183,565,360,228,153,3,0,6
1108,208,567,391,229,153,3,0,8
1109,225,568,439,231,153,3,0,9
1110,236,570,481,230,153,3,0,9
1111,241,571,550,230,153,3,0,9
1112,276,573,594,230,153,3,0,9
1113,333,573,618,233,153,3,0,9
1114,381,574,632,236,153,3,0,10
1115,457,575,642,236,153,3,0,11
1116,540,576,645,236,153,3,0,12
1117,631,581,642,232,153,3,0,12
1118,703,585,641,228,153,3,0,13
1119,799,585,639,225,153,3,0,13
1120,898,584,634,223,153,3,0,14
1121,992,584,633,222,153,3,0,14
1122,1074,578,618,227,153,3,0,15
1123,1179,575,599,228,153,3,0,16
1124,1283,565,578,223,153,3,0,18
1125,1385,553,534,220,153,3,0,19
1126,1460,542,458,219,153,3,0,21
1127,1561,531,357,214,153,3,0,23
1128,1659,515,260,215,153,3,0,24
1129,1756,510,163,197,153,3,0,25
55,592,21,38,26,158,3,0,16
56,591,21,36,27,158,3,0,14
57,590,21,35,27,158,3,0,13
58,590,21,34,27,158,3,0,12
59,590,22,33,27,158,3,0,13
60,591,22,33,28,158,3,0,13
61,591,22,33,28,158,3,0,14
62,591,22,33,28,158,3,0,15
63,591,23,33,28,158,3,0,17
64,592,24,34,27,158,3,0,18
65,592,24,34,28,158,3,0,19
66,592,25,34,28,158,3,0,20
67,592,25,35,29,158,3,0,20
68,592,25,35,29,158,3,0,20
69,593,25,35,29,158,3,0,19
70,594,26,34,29,158,3,0,20
71,595,26,35,29,158,3,0,20
76,597,31,34,28,158,3,0,21
77,597,31,35,29,158,3,0,22
78,598,32,34,29,158,3,0,23
79,598,33,34,29,158,3,0,24
80,599,33,34,28,158,3,0,24
81,599,34,34,29,158,3,0,27
82,599,34,34,29,158,3,0,29
83,600,36,34,29,158,3,0,31
84,599,37,35,29,158,3,0,31
85,600,38,36,28,158,3,0,30
86,600,38,36,29,158,3,0,31
87,600,38,36,29,158,3,0,29
88,601,38,36,31,158,3,0,29
89,601,39,36,30,158,3,0,27
90,601,40,36,30,158,3,0,28
91,601,40,36,30,158,3,0,29
92,602,42,36,30,158,3,0,30
93,602,43,36,29,158,3,0,30
94,602,44,36,29,158,3,0,30
95,602,44,36,29,158,3,0,30
96,602,45,37,29,158,3,0,29
97,602,46,37,29,158,3,0,30
98,602,46,37,29,158,3,0,30
99,602,46,38,30,158,3,0,32
100,602,46,38,31,158,3,0,35
101,602,47,37,31,158,3,0,38
102,603,49,38,31,158,3,0,42
103,603,49,38,31,158,3,0,44
104,604,50,37,31,158,3,0,46
105,604,50,36,32,158,3,0,47
106,604,51,37,32,158,3,0,47
107,605,51,36,33,158,3,0,47
108,605,52,35,33,158,3,0,48
109,605,53,36,33,158,3,0,49
110,605,54,36,33,158,3,0,50
111,605,54,36,33,158,3,0,51
112,604,56,37,33,158,3,0,57
113,604,57,37,33,158,3,0,60
114,604,58,38,34,158,3,0,63
115,603,58,39,34,158,3,0,63
116,604,59,38,34,158,3,0,63
117,604,60,39,34,158,3,0,61
118,604,61,38,34,158,3,0,56
119,603,62,38,33,158,3,0,54
121,602,64,41,33,158,3,0,54
122,603,66,40,32,158,3,0,56
123,603,66,40,33,158,3,0,62
124,601,66,40,35,158,3,0,70
125,602,67,39,36,158,3,0,80
126,602,68,40,35,158,3,0,86
127,602,69,39,36,158,3,0,93
128,603,70,39,36,158,3,0,95
130,603,73,39,35,158,3,0,94
131,603,74,39,35,158,3,0,91
132,602,75,40,35,158,3,0,90
133,602,76,40,35,158,3,0,92
134,602,77,40,35,158,3,0,92
135,601,78,42,36,158,3,0,99
136,601,78,40,36,158,3,0,106
137,601,79,40,37,158,3,0,116
138,601,80,40,37,158,3,0,119
139,601,81,40,37,158,3,0,118
140,601,81,40,38,158,3,0,120
141,601,83,41,37,158,3,0,122
142,601,85,41,36,158,3,0,126
143,601,86,41,36,158,3,0,128
144,600,85,41,38,158,3,0,139
145,600,87,41,38,158,3,0,151
146,600,89,42,38,158,3,0,160
147,600,89,43,39,158,3,0,163
148,600,90,43,39,158,3,0,166
149,599,92,44,38,158,3,0,167
150,599,93,44,38,158,3,0,168
151,599,97,44,36,158,3,0,168
152,600,98,44,36,158,3,0,168
153,600,98,45,37,158,3,0,168
154,599,98,45,39,158,3,0,168
155,599,98,45,40,158,3,0,168
156,599,98,48,42,158,3,0,168
157,599,99,45,43,158,3,0,168
158,599,98,45,44,158,3,0,168
159,598,100,47,43,158,3,0,168
160,598,102,47,43,158,3,0,168
161,598,103,47,44,158,3,0,168
162,598,103,47,44,158,3,0,168
163,598,105,47,44,158,3,0,168
164,597,108,49,43,158,3,0,168
165,595,110,48,42,158,3,0,168
166,595,110,48,43,158,3,0,168
167,595,112,48,43,158,3,0,168
168,594,114,48,43,158,3,0,168
169,593,115,49,44,158,3,0,168
170,593,115,49,44,158,3,0,168
171,592,116,50,45,158,3,0,168
172,591,118,51,45,158,3,0,168
173,590,119,52,46,158,3,0,168
174,589,122,51,44,158,3,0,168
175,588,123,50,44,158,3,0,168
176,588,125,51,44,158,3,0,168
177,586,126,52,45,158,3,0,168
178,585,127,52,45,158,3,0,168
179,584,128,52,45,158,3,0,168
180,583,130,53,46,158,3,0,168
181,582,132,52,46,158,3,0,168
182,580,134,53,46,158,3,0,168
183,578,135,55,46,158,3,0,168
184,578,137,54,46,158,3,0,168
185,577,138,55,47,158,3,0,168
186,576,140,55,47,158,3,0,168
187,575,141,56,48,158,3,0,168
188,574,143,56,47,158,3,0,168
189,571,145,58,47,158,3,0,168
190,571,147,57,47,158,3,0,168
191,569,148,57,48,158,3,0,168
192,569,149,57,50,158,3,0,168
193,568,151,57,50,158,3,0,168
194,568,152,56,51,158,3,0,168
195,567,155,57,50,158,3,0,168
196,564,157,59,50,158,3,0,168
197,563,158,60,51,158,3,0,168
198,563,159,60,52,158,3,0,168
199,563,162,60,51,158,3,0,168
200,562,165,60,51,158,3,0,168
201,561,166,60,52,158,3,0,168
202,561,168,60,52,158,3,0,168
203,560,169,60,52,158,3,0,168
204,560,171,59,53,158,3,0,168
205,560,174,60,52,158,3,0,168
206,559,175,60,53,158,3,0,168
207,557,177,61,53,158,3,0,168
208,557,177,61,54,158,3,0,168
209,556,180,62,54,158,3,0,168
210,555,181,63,54,158,3,0,168
211,555,183,62,54,158,3,0,168
212,553,184,64,55,158,3,0,168
213,552,186,64,54,158,3,0,168
214,552,187,64,55,158,3,0,168
215,551,189,65,54,158,3,0,168
216,550,191,65,55,158,3,0,168
217,549,192,66,55,158,3,0,168
218,547,193,66,56,158,3,0,168
219,546,194,66,56,158,3,0,168
220,543,195,68,56,158,3,0,168
221,539,195,70,57,158,3,0,168
222,535,197,73,57,158,3,0,168
223,529,198,76,57,158,3,0,168
224,523,199,80,57,158,3,0,168
225,516,200,84,57,158,3,0,168
226,510,201,88,58,158,3,0,168
227,501,202,93,59,158,3,0,168
228,492,203,99,59,158,3,0,167
229,480,204,106,58,158,3,0,164
230,473,205,108,58,158,3,0,157
231,463,206,112,58,158,3,0,153
232,455,206,113,57,158,3,0,150
650,1863,511,56,108,159,3,0,15
651,1806,486,112,139,159,3,0,15
652,1750,458,168,177,159,3,0,15
653,1694,454,225,189,159,3,0,15
654,1662,454,257,193,159,3,0,15
655,1606,458,312,195,159,3,0,15
656,1562,463,356,196,159,3,0,15
657,1515,468,404,194,159,3,0,15
658,1483,469,435,195,159,3,0,15
659,1437,475,482,198,159,3,0,15
660,1389,477,516,200,159,3,0,14
661,1341,486,518,196,159,3,0,13
662,1303,489,521,195,159,3,0,12
663,1254,493,520,194,159,3,0,12
664,1198,495,522,195,159,3,0,12
665,1142,497,521,196,159,3,0,11
666,1101,500,511,192,159,3,0,11
667,1042,504,517,188,159,3,0,11
668,984,507,519,181,159,3,0,11
669,930,509,513,178,159,3,0,11
670,893,508,507,179,159,3,0,11
671,846,509,496,178,159,3,0,11
672,801,508,481,178,159,3,0,11
673,764,506,460,175,159,3,0,12
674,739,502,445,174,159,3,0,12
675,705,497,421,173,159,3,0,14
676,679,495,393,169,159,3,0,15
677,658,490,365,167,159,3,0,16
678,644,487,344,165,159,3,0,17
679,629,482,317,164,159,3,0,18
680,616,479,293,160,159,3,0,19
681,602,474,274,159,159,3,0,19
682,594,471,260,157,159,3,0,20
683,585,466,243,155,159,3,0,20
684,579,462,227,152,159,3,0,21
685,574,459,215,150,159,3,0,21
686,569,456,208,148,159,3,0,21
687,566,451,199,146,159,3,0,22
688,561,448,194,143,159,3,0,22
689,559,445,189,140,159,3,0,22
690,557,441,185,139,159,3,0,22
691,556,438,181,137,159,3,0,23
692,555,431,179,137,159,3,0,23
693,555,428,176,134,159,3,0,24
694,555,426,173,131,159,3,0,24
695,555,423,170,129,159,3,0,25
696,555,419,168,128,159,3,0,25
697,556,415,165,125,159,3,0,25
698,556,413,163,124,159,3,0,25
699,556,410,160,121,159,3,0,26
700,556,406,157,120,159,3,0,26
701,555,403,155,118,159,3,0,26
702,556,401,153,116,159,3,0,27
703,555,398,153,113,159,3,0,28
704,556,394,148,112,159,3,0,29
705,557,391,146,110,159,3,0,29
706,558,389,144,109,159,3,0,29
707,559,386,142,107,159,3,0,30
708,560,382,140,105,159,3,0,30
709,561,380,139,104,159,3,0,30
710,561,377,140,103,159,3,0,30
711,562,374,137,102,159,3,0,30
712,564,371,134,101,159,3,0,30
713,566,369,131,99,159,3,0,30
714,566,367,130,97,159,3,0,30
715,568,365,128,96,159,3,0,31
716,570,362,125,94,159,3,0,32
717,570,359,124,93,159,3,0,32
718,571,358,123,92,159,3,0,32
719,573,356,121,90,159,3,0,32
720,573,353,120,90,159,3,0,32
721,574,351,117,88,159,3,0,31
722,575,350,116,88,159,3,0,31
723,576,348,114,86,159,3,0,31
724,577,346,113,84,159,3,0,32
725,577,344,112,84,159,3,0,32
726,577,342,111,83,159,3,0,32
727,577,340,109,82,159,3,0,32
728,578,339,108,80,159,3,0,32
729,578,337,108,80,159,3,0,32
730,578,336,107,79,159,3,0,31
731,579,333,107,79,159,3,0,31
732,580,331,105,78,159,3,0,31
733,580,330,104,77,159,3,0,31
734,581,329,103,76,159,3,0,32
735,581,328,102,75,159,3,0,32
736,582,327,99,73,159,3,0,32
737,582,325,98,72,159,3,0,32
738,584,324,97,72,159,3,0,32
739,583,322,95,72,159,3,0,32
740,585,321,94,71,159,3,0,31
741,583,319,93,71,159,3,0,30
742,585,319,92,70,159,3,0,28
743,584,318,92,69,159,3,0,28
744,584,316,92,69,159,3,0,28
745,584,316,91,67,159,3,0,28
746,584,315,90,67,159,3,0,29
747,584,314,90,66,159,3,0,30
748,584,312,89,66,159,3,0,30
749,585,310,88,66,159,3,0,30
750,585,310,88,66,159,3,0,29
751,586,309,87,65,159,3,0,29
752,589,308,84,64,159,3,0,29
753,590,307,84,64,159,3,0,28
754,591,306,82,63,159,3,0,28
755,591,305,83,63,159,3,0,29
756,593,304,80,62,159,3,0,29
757,592,303,80,62,159,3,0,29
758,591,302,80,61,159,3,0,29
759,587,301,83,61,159,3,0,29
760,583,300,84,61,159,3,0,29
761,577,298,87,61,159,3,0,29
762,573,297,87,61,159,3,0,29
763,564,296,91,61,159,3,0,29
764,554,295,96,61,159,3,0,29
765,542,295,101,60,159,3,0,29
766,533,295,105,59,159,3,0,29
767,518,294,112,59,159,3,0,28
768,503,294,118,58,159,3,0,28
769,486,293,123,59,159,3,0,27
770,474,292,128,59,159,3,0,26
771,456,292,134,58,159,3,0,25
772,437,292,141,59,159,3,0,24
773,415,292,149,58,159,3,0,22
774,404,292,149,58,159,3,0,21
775,399,292,139,58,159,3,0,20
0,847,431,155,121,161,3,0,0
1,847,431,154,121,161,3,0,0
2,847,431,154,121,161,3,0,0
3,847,432,155,121,161,3,0,0
4,847,432,155,121,161,3,0,0
5,847,432,155,121,161,3,0,0
6,847,432,155,120,161,3,0,0
7,847,432,155,121,161,3,0,0
8,847,432,154,121,161,3,0,0
9,847,432,154,120,161,3,0,0
10,847,432,154,120,161,3,0,0
11,847,431,154,121,161,3,0,0
12,847,432,155,120,161,3,0,0
13,847,432,155,120,161,3,0,0
14,847,432,155,120,161,3,0,0
15,847,432,155,120,161,3,0,0
16,847,432,155,120,161,3,0,0
17,847,432,155,120,161,3,0,0
18,847,432,155,120,161,3,0,0
19,847,432,155,120,161,3,0,0
20,847,432,155,120,161,3,0,0
21,847,432,155,120,161,3,0,0
22,847,432,155,120,161,3,0,0
23,847,432,155,120,161,3,0,0
24,847,432,155,120,161,3,0,0
25,847,432,155,120,161,3,0,0
26,847,432,155,120,161,3,0,0
27,847,432,155,120,161,3,0,0
28,847,432,155,120,161,3,0,0
29,847,432,155,120,161,3,0,0
30,847,432,155,120,161,3,0,0
31,847,432,155,120,161,3,0,0
32,847,432,155,120,161,3,0,0
33,847,432,155,120,161,3,0,0
34,847,432,155,120,161,3,0,0
35,847,432,155,120,161,3,0,0
36,847,433,155,120,161,3,0,0
37,847,433,155,120,161,3,0,0
38,847,433,155,120,161,3,0,0
39,847,433,155,120,161,3,0,0
40,847,433,155,120,161,3,0,0
41,847,433,155,120,161,3,0,0
42,847,433,155,120,161,3,0,0
43,847,433,155,120,161,3,0,0
44,847,433,155,120,161,3,0,0
45,847,433,155,120,161,3,0,0
46,847,433,155,120,161,3,0,0
47,847,433,155,120,161,3,0,0
48,848,433,154,119,161,3,0,0
49,848,433,154,119,161,3,0,0
50,848,433,154,119,161,3,0,0
51,848,433,154,119,161,3,0,0
52,848,433,154,120,161,3,0,0
53,848,433,154,120,161,3,0,0
54,848,433,154,120,161,3,0,0
55,848,433,154,120,161,3,0,0
56,847,433,154,120,161,3,0,0
57,847,433,154,120,161,3,0,0
58,847,433,154,120,161,3,0,0
59,847,432,155,120,161,3,0,0
60,847,431,154,121,161,3,0,0
61,847,431,154,122,161,3,0,0
62,847,431,154,122,161,3,0,0
63,847,431,154,122,161,3,0,0
64,848,432,154,120,161,3,0,0
65,848,431,154,121,161,3,0,0
66,848,431,154,121,161,3,0,0
67,848,431,154,121,161,3,0,0
68,848,431,154,121,161,3,0,0
69,848,432,154,120,161,3,0,0
70,848,432,154,120,161,3,0,0
71,848,432,154,120,161,3,0,0
72,847,431,155,121,161,3,0,0
73,847,431,155,121,161,3,0,0
74,847,431,155,121,161,3,0,0
75,847,431,155,121,161,3,0,0
76,847,431,155,121,161,3,0,0
77,847,431,155,121,161,3,0,0
78,847,431,155,121,161,3,0,0
79,847,431,155,121,161,3,0,0
80,848,433,154,119,161,3,0,0
81,848,433,154,119,161,3,0,0
82,848,433,154,119,161,3,0,0
83,848,433,154,120,161,3,0,0
84,847,433,154,119,161,3,0,0
85,847,433,154,120,161,3,0,0
86,847,433,154,119,161,3,0,0
87,847,433,154,120,161,3,0,0
88,847,433,154,119,161,3,0,0
89,847,433,154,119,161,3,0,0
90,847,433,154,119,161,3,0,0
91,847,433,154,119,161,3,0,0
92,847,433,154,119,161,3,0,0
93,847,433,154,119,161,3,0,0
94,847,433,154,119,161,3,0,0
95,847,433,154,119,161,3,0,0
96,848,432,154,120,161,3,0,0
97,848,432,154,120,161,3,0,0
98,848,432,154,120,161,3,0,0
99,848,432,154,120,161,3,0,0
100,848,432,154,120,161,3,0,0
101,848,432,154,120,161,3,0,0
102,848,432,154,120,161,3,0,0
103,848,432,154,120,161,3,0,0
104,848,433,154,120,161,3,0,0
105,848,432,154,120,161,3,0,0
106,848,433,154,120,161,3,0,0
107,847,433,155,120,161,3,0,0
108,848,433,155,119,161,3,0,0
109,848,433,155,119,161,3,0,0
110,848,433,155,119,161,3,0,0
111,848,433,155,119,161,3,0,0
112,848,433,155,119,161,3,0,0
113,848,433,155,119,161,3,0,0
114,848,433,155,119,161,3,0,0
115,848,433,155,119,161,3,0,0
116,848,433,155,119,161,3,0,0
117,848,433,155,119,161,3,0,0
118,848,433,155,119,161,3,0,0
119,848,433,155,119,161,3,0,0
120,848,431,155,121,161,3,0,0
121,848,431,155,121,161,3,0,0
122,848,431,155,121,161,3,0,0
123,848,431,155,121,161,3,0,0
124,848,431,155,121,161,3,0,0
125,848,431,155,121,161,3,0,0
126,848,431,155,121,161,3,0,0
127,848,431,155,121,161,3,0,0
128,848,432,154,120,161,3,0,0
129,848,432,154,120,161,3,0,0
130,848,432,154,121,161,3,0,0
131,848,432,154,120,161,3,0,0
132,847,432,154,120,161,3,0,0
133,847,432,154,120,161,3,0,0
134,848,432,154,120,161,3,0,0
135,848,432,154,120,161,3,0,0
136,848,432,154,120,161,3,0,0
137,848,432,154,120,161,3,0,0
138,848,432,154,120,161,3,0,0
139,848,432,154,120,161,3,0,0
140,848,432,154,120,161,3,0,0
141,848,432,154,120,161,3,0,0
142,848,432,154,121,161,3,0,0
143,848,432,154,121,161,3,0,0
144,848,433,155,119,161,3,0,0
145,848,433,155,119,161,3,0,0
146,848,433,155,119,161,3,0,0
147,848,433,155,119,161,3,0,0
148,848,433,155,119,161,3,0,0
149,848,433,155,119,161,3,0,0
150,848,433,155,119,161,3,0,0
151,848,433,155,119,161,3,0,0
152,847,432,155,120,161,3,0,0
153,847,432,155,120,161,3,0,0
154,847,432,155,120,161,3,0,0
155,847,432,155,120,161,3,0,0
156,847,432,155,120,161,3,0,0
157,847,432,155,120,161,3,0,0
158,847,432,155,120,161,3,0,0
159,847,432,155,120,161,3,0,0
160,848,430,155,122,161,3,0,0
161,848,430,155,122,161,3,0,0
162,848,431,155,122,161,3,0,0
163,847,431,155,122,161,3,0,0
164,847,431,155,122,161,3,0,0
165,847,431,155,122,161,3,0,0
166,847,431,155,121,161,3,0,0
167,847,431,155,121,161,3,0,0
168,848,432,154,120,161,3,0,0
169,848,432,154,120,161,3,0,0
170,848,432,154,120,161,3,0,0
171,848,432,154,120,161,3,0,0
172,848,432,154,120,161,3,0,0
173,848,432,154,120,161,3,0,0
174,848,432,154,120,161,3,0,0
175,848,432,154,120,161,3,0,0
176,847,432,155,120,161,3,0,0
177,847,432,155,120,161,3,0,0
178,847,432,155,120,161,3,0,0
179,847,431,155,121,161,3,0,0
180,847,432,155,120,161,3,0,0
181,847,431,155,121,161,3,0,0
182,847,431,155,121,161,3,0,0
183,847,431,155,121,161,3,0,0
184,847,432,155,120,161,3,0,0
185,847,432,155,120,161,3,0,0
186,847,432,155,120,161,3,0,0
187,847,432,155,120,161,3,0,0
188,847,432,155,120,161,3,0,0
189,847,432,155,120,161,3,0,0
190,847,432,155,121,161,3,0,0
191,847,431,155,121,161,3,0,0
192,847,432,155,120,161,3,0,0
193,847,432,155,120,161,3,0,0
194,847,432,155,120,161,3,0,0
195,847,432,155,120,161,3,0,0
196,847,432,155,120,161,3,0,0
197,847,432,155,120,161,3,0,0
198,847,432,155,120,161,3,0,0
199,847,432,155,120,161,3,0,0
200,848,433,155,120,161,3,0,0
201,848,433,155,120,161,3,0,0
202,848,432,155,120,161,3,0,0
203,848,432,155,120,161,3,0,0
204,848,432,155,120,161,3,0,0
205,848,432,155,120,161,3,0,0
206,848,432,155,120,161,3,0,0
207,848,432,155,121,161,3,0,0
208,848,431,155,121,161,3,0,0
209,848,431,155,121,161,3,0,0
210,848,431,155,121,161,3,0,0
211,848,431,155,121,161,3,0,0
212,848,431,155,121,161,3,0,0
213,848,431,155,121,161,3,0,0
214,848,431,155,122,161,3,0,0
215,848,431,155,122,161,3,0,0
216,847,432,155,121,161,3,0,0
217,847,432,155,121,161,3,0,0
218,847,432,155,121,161,3,0,0
219,847,432,155,121,161,3,0,0
220,847,432,155,121,161,3,0,0
221,847,432,155,121,161,3,0,0
222,847,432,155,121,161,3,0,0
223,847,432,155,121,161,3,0,0
224,847,432,155,120,161,3,0,0
225,847,432,155,120,161,3,0,0
226,847,432,155,120,161,3,0,0
227,847,432,155,120,161,3,0,0
228,847,432,155,120,161,3,0,0
229,847,432,155,120,161,3,0,0
230,847,432,155,120,161,3,0,0
231,847,432,155,120,161,3,0,0
232,847,432,154,120,161,3,0,0
233,847,432,154,120,161,3,0,0
234,847,432,154,120,161,3,0,0
235,847,432,154,120,161,3,0,0
236,847,432,154,120,161,3,0,0
237,847,432,154,120,161,3,0,0
238,847,432,154,120,161,3,0,0
239,847,432,154,120,161,3,0,0
240,847,432,155,120,161,3,0,0
241,847,432,155,120,161,3,0,0
242,847,432,155,120,161,3,0,0
243,847,432,155,120,161,3,0,0
244,847,432,155,120,161,3,0,0
245,847,432,155,120,161,3,0,0
246,847,432,155,120,161,3,0,0
247,847,432,155,120,161,3,0,0
248,848,433,154,119,161,3,0,0
249,848,433,155,119,161,3,0,0
250,848,433,155,119,161,3,0,0
251,848,433,155,119,161,3,0,0
252,848,432,155,120,161,3,0,0
253,848,432,155,120,161,3,0,0
254,848,432,155,120,161,3,0,0
255,848,432,154,120,161,3,0,0
256,848,432,155,120,161,3,0,0
257,848,432,155,120,161,3,0,0
258,848,432,155,120,161,3,0,0
259,848,431,155,121,161,3,0,0
260,848,431,155,121,161,3,0,0
261,848,431,155,121,161,3,0,0
262,848,431,155,121,161,3,0,0
263,848,431,155,121,161,3,0,0
264,848,431,155,121,161,3,0,0
265,848,431,155,122,161,3,0,0
266,848,431,155,122,161,3,0,0
267,848,431,155,121,161,3,0,0
268,848,431,155,121,161,3,0,0
269,848,431,155,121,161,3,0,0
270,848,431,155,121,161,3,0,0
271,848,431,155,121,161,3,0,0
272,848,431,155,121,161,3,0,0
273,848,431,155,121,161,3,0,0
274,848,431,155,121,161,3,0,0
275,848,431,155,122,161,3,0,0
276,848,430,155,122,161,3,0,0
277,848,431,155,122,161,3,0,0
278,848,431,155,122,161,3,0,0
279,848,431,155,122,161,3,0,0
280,848,431,155,121,161,3,0,0
281,848,431,155,121,161,3,0,0
282,848,431,155,121,161,3,0,0
283,848,431,155,121,161,3,0,0
284,848,431,155,121,161,3,0,0
285,848,431,155,121,161,3,0,0
286,848,431,155,121,161,3,0,0
287,848,431,155,121,161,3,0,0
288,848,431,155,121,161,3,0,0
289,848,431,155,121,161,3,0,0
290,848,431,155,121,161,3,0,0
291,848,431,155,121,161,3,0,0
292,848,431,155,121,161,3,0,0
293,848,431,155,122,161,3,0,0
294,848,430,155,122,161,3,0,0
295,848,430,155,122,161,3,0,0
296,847,431,155,121,161,3,0,0
297,848,431,155,121,161,3,0,0
298,848,431,155,121,161,3,0,0
299,848,431,154,121,161,3,0,0
300,848,432,154,120,161,3,0,0
301,848,432,154,120,161,3,0,0
302,848,432,154,120,161,3,0,0
303,848,432,154,120,161,3,0,0
304,848,430,154,122,161,3,0,0
305,848,430,154,123,161,3,0,0
306,848,430,154,123,161,3,0,0
307,848,430,154,123,161,3,0,0
308,848,430,154,123,161,3,0,0
309,848,430,154,123,161,3,0,0
310,848,430,154,122,161,3,0,0
311,848,430,154,122,161,3,0,0
312,847,432,155,121,161,3,0,0
313,847,431,154,121,161,3,0,0
314,847,431,154,121,161,3,0,0
315,847,432,155,121,161,3,0,0
316,847,432,155,121,161,3,0,0
317,847,431,155,121,161,3,0,0
318,848,432,155,121,161,3,0,0
319,848,432,155,121,161,3,0,0
320,848,432,155,120,161,3,0,0
321,848,432,155,120,161,3,0,0
322,848,432,155,120,161,3,0,0
323,848,432,155,120,161,3,0,0
324,848,432,154,120,161,3,0,0
325,848,432,154,120,161,3,0,0
326,848,432,154,120,161,3,0,0
327,848,432,154,120,161,3,0,0
328,848,431,154,121,161,3,0,0
329,848,431,154,121,161,3,0,0
330,848,431,154,121,161,3,0,0
331,848,431,154,121,161,3,0,0
332,848,431,154,121,161,3,0,0
333,848,431,154,121,161,3,0,0
334,848,431,154,121,161,3,0,0
335,848,431,154,121,161,3,0,0
336,847,432,155,120,161,3,0,0
337,847,432,155,120,161,3,0,0
338,847,432,155,120,161,3,0,0
339,847,432,155,120,161,3,0,0
340,847,432,155,120,161,3,0,0
341,847,432,155,120,161,3,0,0
342,847,432,155,120,161,3,0,0
343,847,432,155,120,161,3,0,0
344,847,433,155,119,161,3,0,0
345,847,433,155,119,161,3,0,0
346,847,433,155,120,161,3,0,0
347,847,433,155,120,161,3,0,0
348,847,432,155,120,161,3,0,0
349,847,432,155,120,161,3,0,0
350,847,432,155,120,161,3,0,0
351,847,432,155,120,161,3,0,0
352,847,432,155,120,161,3,0,0
353,847,432,155,120,161,3,0,0
354,847,432,155,120,161,3,0,0
355,847,432,155,120,161,3,0,0
356,847,432,155,120,161,3,0,0
357,847,432,155,120,161,3,0,0
358,847,432,155,120,161,3,0,0
359,847,432,155,120,161,3,0,0
360,847,432,155,120,161,3,0,0
361,847,432,155,121,161,3,0,0
362,847,432,155,121,161,3,0,0
363,847,432,155,120,161,3,0,0
364,847,432,155,120,161,3,0,0
365,847,432,155,120,161,3,0,0
366,847,432,155,121,161,3,0,0
367,847,432,155,121,161,3,0,0
368,848,432,154,120,161,3,0,0
369,848,432,155,120,161,3,0,0
370,848,432,155,120,161,3,0,0
371,848,432,155,120,161,3,0,0
372,848,432,155,120,161,3,0,0
373,848,431,155,121,161,3,0,0
374,848,432,155,121,161,3,0,0
375,848,431,155,121,161,3,0,0
376,847,432,155,120,161,3,0,0
377,847,432,155,120,161,3,0,0
378,847,432,155,120,161,3,0,0
379,847,432,155,120,161,3,0,0
380,847,432,155,120,161,3,0,0
381,847,431,155,121,161,3,0,0
382,847,432,155,120,161,3,0,0
383,847,432,155,120,161,3,0,0
384,847,432,155,120,161,3,0,0
385,847,432,155,120,161,3,0,0
386,847,432,155,120,161,3,0,0
387,847,432,155,120,161,3,0,0
388,847,432,155,120,161,3,0,0
389,847,432,155,120,161,3,0,0
390,847,432,155,120,161,3,0,0
391,847,432,155,120,161,3,0,0
392,848,432,155,120,161,3,0,0
393,848,432,155,120,161,3,0,0
394,848,432,154,120,161,3,0,0
395,848,432,154,120,161,3,0,0
396,848,432,154,121,161,3,0,0
397,848,432,154,120,161,3,0,0
398,848,432,154,121,161,3,0,0
399,848,432,154,121,161,3,0,0
400,847,433,155,120,161,3,0,0
401,847,433,155,120,161,3,0,0
402,847,433,155,120,161,3,0,0
403,847,433,155,120,161,3,0,0
404,847,433,155,120,161,3,0,0
405,847,433,155,120,161,3,0,0
406,847,433,155,120,161,3,0,0
407,847,433,155,119,161,3,0,0
408,848,433,154,119,161,3,0,0
409,848,433,154,119,161,3,0,0
410,848,433,154,119,161,3,0,0
411,848,433,154,119,161,3,0,0
412,848,433,154,119,161,3,0,0
413,848,433,154,119,161,3,0,0
414,848,433,154,119,161,3,0,0
415,848,433,154,119,161,3,0,0
416,848,433,154,120,161,3,0,0
417,848,432,154,120,161,3,0,0
418,848,432,154,120,161,3,0,0
419,848,432,154,120,161,3,0,0
420,848,432,154,121,161,3,0,0
421,848,432,154,120,161,3,0,0
422,848,432,154,121,161,3,0,0
423,848,432,154,121,161,3,0,0
424,847,431,155,121,161,3,0,0
425,847,431,155,121,161,3,0,0
426,847,431,155,121,161,3,0,0
427,847,431,155,121,161,3,0,0
428,847,431,155,121,161,3,0,0
429,847,431,155,121,161,3,0,0
430,847,431,155,121,161,3,0,0
431,847,431,155,121,161,3,0,0
432,848,432,155,120,161,3,0,0
433,848,432,155,120,161,3,0,0
434,848,432,155,120,161,3,0,0
435,848,432,155,120,161,3,0,0
436,848,432,155,120,161,3,0,0
437,848,432,155,120,161,3,0,0
438,848,432,155,120,161,3,0,0
439,848,432,155,120,161,3,0,0
440,847,433,155,119,161,3,0,0
441,847,433,155,119,161,3,0,0
442,847,433,155,119,161,3,0,0
443,847,433,155,119,161,3,0,0
444,847,433,155,119,161,3,0,0
445,847,433,155,119,161,3,0,0
446,847,433,155,119,161,3,0,0
447,847,433,155,119,161,3,0,0
448,848,433,155,119,161,3,0,0
449,848,433,155,119,161,3,0,0
450,847,433,155,119,161,3,0,0
451,847,433,155,119,161,3,0,0
452,848,433,155,119,161,3,0,0
453,847,433,155,119,161,3,0,0
454,848,433,155,119,161,3,0,0
455,847,433,155,119,161,3,0,0
456,848,431,155,122,161,3,0,0
457,848,431,155,122,161,3,0,0
458,848,431,155,122,161,3,0,0
459,848,431,155,121,161,3,0,0
460,848,431,155,121,161,3,0,0
461,848,431,155,121,161,3,0,0
462,848,431,155,121,161,3,0,0
463,848,431,155,121,161,3,0,0
464,848,430,155,122,161,3,0,0
465,848,430,154,122,161,3,0,0
466,848,430,154,122,161,3,0,0
467,848,431,155,121,161,3,0,0
468,848,431,154,121,161,3,0,0
469,848,431,154,121,161,3,0,0
470,848,431,154,121,161,3,0,0
471,848,431,154,121,161,3,0,0
472,848,432,154,121,161,3,0,0
473,848,432,154,121,161,3,0,0
474,848,431,154,121,161,3,0,0
475,848,432,154,121,161,3,0,0
476,848,432,154,120,161,3,0,0
477,848,432,154,120,161,3,0,0
478,848,432,154,120,161,3,0,0
479,848,432,154,121,161,3,0,0
480,848,433,154,119,161,3,0,0
481,848,433,154,119,161,3,0,0
482,848,433,154,119,161,3,0,0
483,848,433,154,119,161,3,0,0
484,848,433,154,117,161,3,0,1
485,848,433,154,117,161,3,0,1
486,848,433,154,117,161,3,0,1
487,848,433,155,117,161,3,0,1
488,848,432,156,118,161,3,0,1
489,848,433,155,117,161,3,0,1
490,848,433,154,118,161,3,0,1
491,848,433,155,119,161,3,0,1
492,848,433,155,119,161,3,0,1
493,848,433,155,119,161,3,0,1
494,848,433,155,119,161,3,0,1
495,848,433,155,119,161,3,0,0
496,848,433,154,119,161,3,0,0
497,848,433,154,119,161,3,0,0
498,847,432,155,120,161,3,0,0
499,848,432,154,120,161,3,0,0
500,847,432,155,120,161,3,0,0
501,847,432,155,121,161,3,0,0
502,849,431,153,120,161,3,0,0
503,849,432,153,119,161,3,0,0
504,849,432,152,120,161,3,0,0
505,848,433,154,118,161,3,0,0
506,848,434,154,118,161,3,0,0
507,848,433,154,118,161,3,0,0
508,848,432,154,120,161,3,0,0
509,848,432,153,119,161,3,0,0
510,848,433,153,119,161,3,0,0
511,848,432,153,120,161,3,0,0
512,848,433,153,119,161,3,0,0
513,848,433,154,119,161,3,0,0
514,848,433,154,119,161,3,0,0
515,848,434,154,119,161,3,0,0
516,848,434,154,118,161,3,0,0
517,848,434,154,119,161,3,0,0
518,848,433,154,118,161,3,0,0
519,848,433,155,119,161,3,0,0
520,847,433,155,119,161,3,0,0
521,890,434,112,118,161,3,0,0
522,884,434,118,118,161,3,0,0
523,883,432,119,120,161,3,0,0
524,877,430,125,122,161,3,0,0
525,870,429,132,122,161,3,0,0
526,867,429,135,123,161,3,0,0
527,860,430,142,122,161,3,0,0
528,858,432,144,120,161,3,0,0
529,853,432,149,120,161,3,0,0
530,852,432,150,120,161,3,0,0
531,847,432,154,120,161,3,0,0
532,847,432,155,120,161,3,0,0
533,847,433,155,119,161,3,0,0
534,847,433,155,119,161,3,0,0
535,847,433,155,119,161,3,0,0
536,847,432,155,120,161,3,0,0
537,847,432,155,120,161,3,0,0
538,847,432,155,120,161,3,0,0
539,847,432,155,120,161,3,0,0
540,848,432,154,121,161,3,0,0
541,847,431,155,121,161,3,0,0
542,847,431,155,121,161,3,0,0
543,847,431,154,121,161,3,0,0
544,848,431,154,121,161,3,0,0
545,848,431,154,121,161,3,0,0
546,848,431,154,121,161,3,0,0
547,848,432,154,121,161,3,0,0
548,848,431,154,121,161,3,0,0
549,848,431,154,121,161,3,0,0
550,848,431,154,121,161,3,0,0
551,848,432,154,121,161,3,0,0
552,848,432,155,120,161,3,0,0
553,848,432,155,120,161,3,0,0
554,848,432,155,120,161,3,0,0
555,848,432,155,120,161,3,0,0
556,848,432,154,120,161,3,0,0
557,848,432,154,120,161,3,0,0
558,847,432,155,120,161,3,0,0
559,848,432,155,120,161,3,0,0
560,848,431,154,122,161,3,0,0
561,848,431,154,122,161,3,0,0
562,848,431,154,122,161,3,0,0
563,848,431,154,122,161,3,0,0
564,847,430,155,122,161,3,0,0
565,847,430,155,122,161,3,0,0
566,847,430,155,122,161,3,0,0
567,847,431,155,122,161,3,0,0
568,848,432,154,120,161,3,0,0
569,848,432,154,120,161,3,0,0
570,848,432,154,121,161,3,0,0
571,848,432,154,120,161,3,0,0
572,848,432,154,120,161,3,0,0
573,848,432,154,120,161,3,0,0
574,848,432,154,120,161,3,0,0
575,848,432,154,120,161,3,0,0
576,847,432,155,120,161,3,0,0
577,847,432,155,120,161,3,0,0
578,847,433,155,120,161,3,0,0
579,847,432,154,120,161,3,0,0
580,847,432,154,120,161,3,0,0
581,847,432,154,120,161,3,0,0
582,847,432,154,120,161,3,0,0
583,847,432,155,120,161,3,0,0
584,847,431,154,122,161,3,0,0
585,847,430,154,122,161,3,0,0
586,847,430,154,122,161,3,0,0
587,848,431,154,122,161,3,0,0
588,847,432,155,120,161,3,0,0
589,847,432,155,120,161,3,0,0
590,847,432,155,120,161,3,0,0
591,847,432,155,120,161,3,0,0
592,847,433,154,120,161,3,0,0
593,847,433,155,119,161,3,0,0
594,847,433,155,119,161,3,0,0
595,847,433,155,119,161,3,0,0
596,847,433,155,120,161,3,0,0
597,847,433,155,120,161,3,0,0
598,847,433,155,119,161,3,0,0
599,847,433,155,120,161,3,0,0
600,847,433,155,119,161,3,0,0
601,847,433,155,119,161,3,0,0
602,847,433,155,119,161,3,0,0
603,847,433,155,119,161,3,0,0
604,847,433,155,119,161,3,0,0
605,847,433,155,119,161,3,0,0
606,847,433,155,119,161,3,0,0
607,847,433,155,119,161,3,0,0
608,847,431,155,121,161,3,0,0
609,847,431,155,121,161,3,0,0
610,847,431,155,122,161,3,0,0
611,847,430,155,122,161,3,0,0
612,847,430,155,122,161,3,0,0
613,847,430,155,122,161,3,0,0
614,847,430,155,122,161,3,0,0
615,847,430,155,122,161,3,0,0
616,847,432,155,121,161,3,0,0
617,847,432,155,121,161,3,0,0
618,847,432,155,121,161,3,0,0
619,847,432,155,121,161,3,0,0
620,847,431,155,121,161,3,0,0
621,847,431,155,121,161,3,0,0
622,847,431,155,121,161,3,0,0
623,847,431,154,121,161,3,0,0
624,847,431,154,122,161,3,0,0
625,847,431,154,122,161,3,0,0
626,847,431,154,122,161,3,0,0
627,847,431,154,122,161,3,0,0
628,847,431,154,122,161,3,0,0
629,847,431,154,122,161,3,0,0
630,847,431,154,122,161,3,0,0
631,847,431,154,122,161,3,0,0
632,847,433,155,120,161,3,0,0
633,847,432,155,120,161,3,0,0
634,847,432,155,120,161,3,0,0
635,847,432,155,120,161,3,0,0
636,848,432,155,121,161,3,0,0
637,848,432,155,121,161,3,0,0
638,848,432,155,120,161,3,0,0
639,848,432,155,120,161,3,0,0
640,847,431,154,121,161,3,0,0
641,847,431,154,121,161,3,0,0
642,847,431,154,121,161,3,0,0
643,847,431,154,121,161,3,0,0
644,847,430,155,122,161,3,0,0
645,847,430,154,122,161,3,0,0
646,847,430,154,122,161,3,0,0
647,847,430,155,122,161,3,0,0
648,847,431,155,122,161,3,0,0
649,847,431,155,122,161,3,0,0
650,847,431,155,122,161,3,0,0
651,847,431,155,122,161,3,0,0
652,847,431,155,122,161,3,0,0
653,847,431,155,122,161,3,0,0
654,847,431,155,122,161,3,0,0
655,847,431,155,122,161,3,0,0
656,847,432,155,121,161,3,0,0
657,847,432,155,121,161,3,0,0
658,847,432,155,121,161,3,0,0
659,847,432,155,121,161,3,0,0
660,847,432,155,121,161,3,0,0
661,847,431,155,121,161,3,0,0
662,847,431,155,122,161,3,0,0
663,847,431,155,122,161,3,0,0
664,847,430,154,123,161,3,0,0
665,847,430,154,123,161,3,0,0
666,847,430,154,123,161,3,0,0
667,847,430,154,123,161,3,0,0
668,848,430,154,122,161,3,0,0
669,848,430,154,122,161,3,0,0
670,848,430,154,122,161,3,0,0
671,848,430,154,120,161,3,0,1
672,847,432,155,117,161,3,0,2
673,847,433,155,116,161,3,0,2
674,848,434,154,94,161,3,0,9
675,848,434,154,71,161,3,0,18
676,847,434,154,78,161,3,0,31
677,848,433,154,107,161,3,0,28
678,848,433,154,119,161,3,0,33
679,848,432,154,119,161,3,0,32
680,847,431,154,121,161,3,0,39
681,847,431,155,121,161,3,0,30
682,847,431,155,121,161,3,0,21
683,847,431,154,121,161,3,0,10
684,847,430,155,122,161,3,0,6
685,847,430,155,122,161,3,0,3
686,847,430,155,122,161,3,0,1
687,847,430,155,122,161,3,0,0
688,848,431,154,122,161,3,0,0
689,848,431,154,121,161,3,0,0
690,848,431,154,121,161,3,0,0
691,848,431,154,121,161,3,0,0
692,848,431,154,121,161,3,0,0
693,848,431,154,121,161,3,0,0
694,848,431,154,121,161,3,0,0
695,848,431,154,122,161,3,0,0
696,848,428,155,124,161,3,0,0
697,848,428,155,124,161,3,0,0
698,848,428,155,124,161,3,0,0
699,848,429,155,124,161,3,0,0
700,848,429,155,124,161,3,0,0
701,848,429,155,124,161,3,0,0
702,848,429,155,124,161,3,0,0
703,848,428,154,124,161,3,0,0
704,848,429,154,123,161,3,0,0
705,848,429,154,123,161,3,0,0
706,848,429,154,123,161,3,0,0
707,848,429,154,124,161,3,0,0
708,848,430,154,122,161,3,0,0
709,848,430,154,123,161,3,0,0
710,848,430,155,123,161,3,0,0
711,848,429,155,123,161,3,0,0
712,847,431,155,122,161,3,0,0
713,847,431,155,122,161,3,0,0
714,847,430,155,122,161,3,0,0
715,847,430,155,122,161,3,0,0
716,847,430,155,122,161,3,0,0
717,847,430,155,122,161,3,0,0
718,847,430,155,122,161,3,0,0
719,847,430,155,122,161,3,0,0
720,847,430,155,122,161,3,0,0
721,847,430,155,122,161,3,0,0
722,847,430,155,122,161,3,0,0
723,847,430,155,122,161,3,0,0
724,847,430,155,122,161,3,0,0
725,847,430,155,122,161,3,0,0
726,847,430,155,123,161,3,0,0
727,847,430,155,123,161,3,0,0
728,848,430,155,122,161,3,0,0
729,848,430,154,122,161,3,0,0
730,848,430,154,122,161,3,0,0
731,848,430,154,122,161,3,0,0
732,848,430,155,122,161,3,0,0
733,848,430,155,122,161,3,0,0
734,848,430,154,122,161,3,0,0
735,848,430,154,122,161,3,0,0
736,848,429,155,123,161,3,0,0
737,848,429,154,123,161,3,0,0
738,848,429,154,123,161,3,0,0
739,848,429,154,123,161,3,0,0
740,848,429,154,123,161,3,0,0
741,848,429,154,123,161,3,0,0
742,848,429,154,123,161,3,0,0
743,848,429,154,123,161,3,0,0
744,847,430,155,122,161,3,0,0
745,847,430,155,122,161,3,0,0
746,847,430,155,122,161,3,0,0
747,847,430,155,122,161,3,0,0
748,847,430,155,122,161,3,0,0
749,847,430,155,122,161,3,0,0
750,847,430,155,122,161,3,0,0
751,847,430,155,122,161,3,0,0
752,848,431,154,121,161,3,0,0
753,848,431,154,121,161,3,0,0
754,848,431,154,121,161,3,0,0
755,848,431,154,121,161,3,0,0
756,848,431,155,121,161,3,0,0
757,848,431,154,121,161,3,0,0
758,848,431,154,121,161,3,0,0
759,848,431,155,120,161,3,0,0
760,848,432,154,120,161,3,0,0
761,848,432,154,120,161,3,0,0
762,848,432,154,120,161,3,0,0
763,848,432,154,120,161,3,0,0
764,848,432,154,120,161,3,0,0
765,848,432,154,120,161,3,0,0
766,848,432,154,120,161,3,0,0
767,848,432,154,120,161,3,0,0
768,848,431,154,121,161,3,0,0
769,848,431,154,121,161,3,0,0
770,848,431,154,121,161,3,0,0
771,848,431,154,121,161,3,0,0
772,848,431,154,121,161,3,0,0
773,848,431,154,121,161,3,0,0
774,848,431,154,121,161,3,0,0
775,848,431,154,121,161,3,0,0
776,848,431,154,121,161,3,0,0
777,848,431,154,121,161,3,0,0
778,848,431,154,121,161,3,0,0
779,848,430,154,122,161,3,0,0
780,848,431,154,121,161,3,0,0
781,848,431,154,121,161,3,0,0
782,848,431,154,121,161,3,0,0
783,848,431,154,121,161,3,0,0
784,848,431,154,121,161,3,0,0
785,848,431,154,121,161,3,0,0
786,848,431,154,121,161,3,0,0
787,848,430,154,122,161,3,0,0
788,848,430,154,121,161,3,0,0
789,848,430,154,122,161,3,0,0
790,848,431,154,121,161,3,0,0
791,848,430,154,122,161,3,0,0
792,847,432,155,120,161,3,0,0
793,847,432,155,120,161,3,0,0
794,847,432,155,120,161,3,0,0
795,847,432,155,120,161,3,0,0
796,847,432,155,120,161,3,0,0
797,847,432,155,120,161,3,0,0
798,847,432,155,120,161,3,0,0
799,847,432,155,120,161,3,0,0
800,848,429,154,123,161,3,0,0
801,848,429,154,123,161,3,0,0
802,848,429,154,123,161,3,0,0
803,848,429,154,123,161,3,0,0
804,848,431,154,121,161,3,0,0
805,848,430,154,122,161,3,0,0
806,848,430,154,122,161,3,0,0
807,848,430,154,122,161,3,0,0
808,848,431,154,121,161,3,0,0
809,848,431,154,121,161,3,0,0
810,848,431,154,121,161,3,0,0
811,848,431,154,121,161,3,0,0
812,848,431,154,121,161,3,0,0
813,848,431,154,121,161,3,0,0
814,848,431,154,121,161,3,0,0
815,848,431,154,121,161,3,0,0
816,848,432,154,120,161,3,0,0
817,848,432,154,120,161,3,0,0
818,848,432,154,120,161,3,0,0
819,848,432,154,120,161,3,0,0
820,848,433,154,118,161,3,0,0
821,848,432,154,118,161,3,0,1
822,848,431,154,119,161,3,0,1
823,848,431,153,119,161,3,0,1
824,848,430,152,121,161,3,0,1
825,848,429,153,121,161,3,0,0
826,848,429,153,121,161,3,0,0
827,848,431,154,119,161,3,0,0
828,848,430,154,120,161,3,0,0
829,848,430,155,120,161,3,0,0
830,848,431,155,121,161,3,0,1
831,848,432,154,121,161,3,0,2
832,848,433,154,120,161,3,0,2
833,848,433,154,120,161,3,0,2
834,848,433,154,120,161,3,0,2
835,848,433,154,120,161,3,0,1
836,848,433,155,119,161,3,0,0
837,848,433,154,120,161,3,0,0
838,848,433,155,119,161,3,0,0
839,848,433,154,119,161,3,0,0
840,848,431,154,120,161,3,0,0
841,852,432,150,120,161,3,0,0
842,854,432,148,120,161,3,0,0
843,849,432,153,120,161,3,0,0
844,848,432,154,120,161,3,0,0
845,847,432,155,120,161,3,0,0
846,847,432,155,120,161,3,0,0
847,847,432,155,120,161,3,0,0
848,848,430,154,122,161,3,0,0
849,848,430,154,122,161,3,0,0
850,848,430,154,122,161,3,0,0
851,848,430,154,122,161,3,0,0
852,848,429,154,123,161,3,0,0
853,848,429,154,123,161,3,0,0
854,848,429,154,123,161,3,0,0
855,848,429,154,123,161,3,0,0
856,848,430,154,122,161,3,0,0
857,848,430,154,122,161,3,0,0
858,848,430,154,122,161,3,0,0
859,848,430,154,122,161,3,0,0
860,848,430,154,122,161,3,0,0
861,848,430,154,122,161,3,0,0
862,848,430,154,122,161,3,0,0
863,848,430,154,122,161,3,0,0
864,847,431,155,122,161,3,0,0
865,847,431,155,122,161,3,0,0
866,847,431,155,122,161,3,0,0
867,847,431,155,121,161,3,0,0
868,847,431,155,121,161,3,0,0
869,847,431,155,121,161,3,0,0
870,847,431,155,121,161,3,0,0
871,847,431,155,121,161,3,0,0
872,847,430,155,122,161,3,0,0
873,847,431,155,122,161,3,0,0
874,847,431,155,121,161,3,0,0
875,847,431,155,121,161,3,0,0
876,847,430,155,123,161,3,0,0
877,847,430,155,122,161,3,0,0
878,847,430,155,123,161,3,0,0
879,847,430,155,123,161,3,0,0
880,848,430,155,122,161,3,0,0
881,848,430,155,122,161,3,0,0
882,848,431,155,122,161,3,0,0
883,848,430,155,122,161,3,0,0
884,848,431,155,122,161,3,0,0
885,848,431,155,121,161,3,0,0
886,848,431,155,121,161,3,0,0
887,848,431,155,121,161,3,0,0
888,847,431,155,122,161,3,0,0
889,847,431,155,122,161,3,0,0
890,847,430,155,122,161,3,0,0
891,847,431,155,122,161,3,0,0
892,847,430,155,122,161,3,0,0
893,847,430,155,122,161,3,0,0
894,847,430,155,122,161,3,0,0
895,847,430,155,122,161,3,0,0
896,847,431,155,122,161,3,0,0
897,847,431,155,122,161,3,0,0
898,847,431,155,122,161,3,0,0
899,847,430,155,122,161,3,0,0
900,847,430,155,122,161,3,0,0
901,847,430,155,122,161,3,0,0
902,847,430,155,122,161,3,0,0
903,847,430,155,122,161,3,0,0
904,848,429,154,123,161,3,0,0
905,848,429,154,123,161,3,0,0
906,848,429,154,123,161,3,0,0
907,848,429,154,123,161,3,0,0
908,848,429,154,123,161,3,0,0
909,848,429,154,123,161,3,0,0
910,848,429,154,123,161,3,0,0
911,848,429,154,123,161,3,0,0
912,848,431,154,121,161,3,0,0
913,848,431,154,122,161,3,0,0
914,848,431,154,122,161,3,0,0
915,848,431,154,121,161,3,0,0
916,848,431,154,121,161,3,0,0
917,848,431,154,121,161,3,0,0
918,848,431,154,121,161,3,0,0
919,848,431,154,121,161,3,0,0
920,847,430,154,123,161,3,0,0
921,847,430,154,123,161,3,0,0
922,847,430,154,123,161,3,0,0
923,847,430,155,123,161,3,0,0
924,847,430,155,122,161,3,0,0
925,847,430,155,122,161,3,0,0
926,847,430,155,122,161,3,0,0
927,847,430,155,123,161,3,0,0
928,848,430,154,123,161,3,0,0
929,847,430,155,123,161,3,0,0
930,847,430,155,123,161,3,0,0
931,847,430,155,122,161,3,0,0
932,847,430,155,123,161,3,0,0
933,847,430,155,122,161,3,0,0
934,847,430,155,122,161,3,0,0
935,847,430,155,122,161,3,0,0
936,847,428,155,125,161,3,0,0
937,847,428,155,125,161,3,0,0
938,847,428,155,125,161,3,0,0
939,847,428,155,125,161,3,0,0
940,847,428,155,125,161,3,0,0
941,847,428,155,125,161,3,0,0
942,847,428,155,125,161,3,0,0
943,847,428,155,125,161,3,0,0
944,847,429,154,124,161,3,0,0
945,847,429,154,124,161,3,0,0
946,847,428,154,124,161,3,0,0
947,847,428,154,124,161,3,0,0
948,847,429,155,123,161,3,0,0
949,847,429,155,124,161,3,0,0
950,847,429,155,124,161,3,0,0
951,847,429,155,123,161,3,0,0
952,847,429,155,124,161,3,0,0
953,847,429,154,124,161,3,0,0
954,847,429,154,124,161,3,0,0
955,847,429,154,123,161,3,0,0
956,847,429,155,124,161,3,0,0
957,847,429,155,124,161,3,0,0
958,847,429,155,124,161,3,0,0
959,847,429,155,124,161,3,0,0
960,848,433,154,120,161,3,0,0
961,848,433,154,119,161,3,0,0
962,848,433,154,119,161,3,0,0
963,848,433,154,120,161,3,0,0
964,848,432,154,120,161,3,0,0
965,848,433,154,120,161,3,0,0
966,848,433,154,120,161,3,0,0
967,848,433,154,120,161,3,0,0
968,847,430,155,122,161,3,0,0
969,847,430,155,123,161,3,0,0
970,847,430,155,123,161,3,0,0
971,847,429,155,123,161,3,0,0
972,847,430,155,122,161,3,0,0
973,847,430,155,122,161,3,0,0
974,847,430,155,122,161,3,0,0
975,847,430,155,122,161,3,0,0
976,847,429,155,123,161,3,0,0
977,847,429,155,123,161,3,0,0
978,847,429,155,123,161,3,0,0
979,847,429,155,123,161,3,0,0
980,847,429,155,123,161,3,0,0
981,847,429,155,123,161,3,0,0
982,847,429,155,123,161,3,0,0
983,847,429,155,123,161,3,0,0
984,847,431,155,122,161,3,0,0
985,847,431,155,122,161,3,0,0
986,847,431,155,122,161,3,0,0
987,847,431,155,122,161,3,0,0
988,847,431,155,122,161,3,0,0
989,847,431,155,122,161,3,0,0
990,847,431,155,122,161,3,0,0
991,847,431,155,122,161,3,0,0
992,847,429,154,123,161,3,0,0
993,847,429,155,123,161,3,0,0
994,847,429,155,123,161,3,0,0
995,847,429,155,123,161,3,0,0
996,847,430,155,123,161,3,0,0
997,847,430,155,123,161,3,0,0
998,847,430,155,123,161,3,0,0
999,847,430,155,123,161,3,0,0
1000,847,431,155,121,161,3,0,0
1001,847,431,155,121,161,3,0,0
1002,847,431,155,121,161,3,0,0
1003,847,431,155,121,161,3,0,0
1004,847,431,155,122,161,3,0,0
1005,847,431,155,122,161,3,0,0
1006,847,431,155,122,161,3,0,0
1007,847,431,155,122,161,3,0,0
1008,847,430,155,122,161,3,0,0
1009,847,430,155,122,161,3,0,0
1010,847,430,155,122,161,3,0,0
1011,847,430,155,122,161,3,0,0
1012,847,430,155,122,161,3,0,0
1013,847,430,155,122,161,3,0,0
1014,847,430,155,122,161,3,0,0
1015,847,430,155,122,161,3,0,0
1016,847,431,155,122,161,3,0,0
1017,847,431,155,122,161,3,0,0
1018,847,431,155,122,161,3,0,0
1019,847,431,155,122,161,3,0,0
1020,847,430,154,122,161,3,0,0
1021,847,430,154,122,161,3,0,0
1022,847,430,154,122,161,3,0,0
1023,847,430,154,122,161,3,0,0
1024,847,430,155,123,161,3,0,0
1025,847,430,155,123,161,3,0,0
1026,847,430,154,123,161,3,0,0
1027,847,430,154,123,161,3,0,0
1028,847,430,154,123,161,3,0,0
1029,847,430,154,123,161,3,0,0
1030,847,430,154,123,161,3,0,0
1031,847,430,154,123,161,3,0,0
1032,847,429,155,124,161,3,0,0
1033,847,429,155,124,161,3,0,0
1034,847,429,155,124,161,3,0,0
1035,847,429,155,123,161,3,0,0
1036,847,429,155,124,161,3,0,0
1037,847,429,155,124,161,3,0,0
1038,847,429,155,124,161,3,0,0
1039,847,429,155,124,161,3,0,0
1040,847,432,155,121,161,3,0,0
1041,847,431,155,121,161,3,0,0
1042,847,431,155,121,161,3,0,0
1043,847,431,155,122,161,3,0,0
1044,847,431,155,122,161,3,0,0
1045,847,430,155,122,161,3,0,0
1046,847,431,155,122,161,3,0,0
1047,847,431,155,122,161,3,0,0
1048,847,428,155,125,161,3,0,0
1049,847,428,155,125,161,3,0,0
1050,847,428,155,125,161,3,0,0
1051,847,428,155,125,161,3,0,0
1052,847,428,155,125,161,3,0,0
1053,847,428,155,124,161,3,0,0
1054,847,428,155,124,161,3,0,0
1055,847,428,155,124,161,3,0,0
1056,847,430,154,122,161,3,0,0
1057,847,430,154,122,161,3,0,0
1058,847,430,154,122,161,3,0,0
1059,847,430,154,122,161,3,0,0
1060,847,430,154,122,161,3,0,0
1061,847,431,155,122,161,3,0,0
1062,847,431,155,122,161,3,0,0
1063,847,430,154,122,161,3,0,0
1064,848,430,154,122,161,3,0,0
1065,848,430,154,123,161,3,0,0
1066,848,430,154,123,161,3,0,0
1067,848,430,154,123,161,3,0,0
1068,847,430,155,123,161,3,0,0
1069,847,430,155,123,161,3,0,0
1070,847,430,155,123,161,3,0,0
1071,847,430,155,123,161,3,0,0
1072,848,430,154,122,161,3,0,0
1073,848,430,154,122,161,3,0,0
1074,848,430,154,122,161,3,0,0
1075,848,430,154,122,161,3,0,0
1076,848,430,154,122,161,3,0,0
1077,848,430,154,122,161,3,0,0
1078,848,430,154,122,161,3,0,0
1079,848,430,154,122,161,3,0,0
1080,847,430,155,122,161,3,0,0
1081,847,430,155,122,161,3,0,0
1082,847,430,155,122,161,3,0,0
1083,847,430,155,122,161,3,0,0
1084,847,430,155,122,161,3,0,0
1085,847,430,155,122,161,3,0,0
1086,847,430,155,122,161,3,0,0
1087,847,430,155,122,161,3,0,0
1088,847,430,155,122,161,3,0,0
1089,847,430,155,122,161,3,0,0
1090,847,430,155,122,161,3,0,0
1091,847,430,155,122,161,3,0,0
1092,847,432,155,120,161,3,0,0
1093,847,431,155,122,161,3,0,0
1094,847,431,155,121,161,3,0,0
1095,847,431,155,121,161,3,0,0
1096,847,430,155,122,161,3,0,0
1097,847,430,155,123,161,3,0,0
1098,847,430,155,123,161,3,0,0
1099,847,430,155,123,161,3,0,0
1100,847,430,155,123,161,3,0,0
1101,847,430,155,122,161,3,0,0
1102,847,430,155,122,161,3,0,0
1103,847,430,155,123,161,3,0,0
1104,848,431,154,121,161,3,0,0
1105,848,431,154,121,161,3,0,0
1106,848,431,154,121,161,3,0,0
1107,848,432,154,121,161,3,0,0
1108,848,432,154,121,161,3,0,0
1109,848,432,154,121,161,3,0,0
1110,848,432,154,121,161,3,0,0
1111,848,432,154,121,161,3,0,0
1112,847,432,155,121,161,3,0,0
1113,847,432,155,121,161,3,0,0
1114,847,432,155,121,161,3,0,0
1115,847,432,155,121,161,3,0,0
1116,847,431,155,121,161,3,0,0
1117,847,432,155,120,161,3,0,0
1118,847,432,155,120,161,3,0,0
1119,847,432,155,120,161,3,0,0
1120,847,429,155,123,161,3,0,0
1121,847,430,154,123,161,3,0,0
1122,847,430,154,123,161,3,0,0
1123,847,431,155,121,161,3,0,0
1124,847,429,154,124,161,3,0,0
1125,847,430,154,123,161,3,0,0
1126,847,430,154,123,161,3,0,0
1127,847,431,155,122,161,3,0,0
1128,847,432,155,121,161,3,0,0
1129,847,432,155,121,161,3,0,0
1130,847,432,155,121,161,3,0,0
1131,847,432,155,121,161,3,0,0
1132,847,432,155,121,161,3,0,0
1133,847,432,155,121,161,3,0,0
1134,847,432,155,121,161,3,0,0
1135,847,432,155,121,161,3,0,0
1136,847,430,155,122,161,3,0,0
1137,847,430,155,122,161,3,0,0
1138,847,430,155,122,161,3,0,0
1139,847,430,154,122,161,3,0,0
1140,847,430,154,122,161,3,0,0
1141,847,431,154,122,161,3,0,0
1142,847,430,154,122,161,3,0,0
1143,847,430,154,122,161,3,0,0
1144,847,431,155,122,161,3,0,0
1145,847,430,155,122,161,3,0,0
1146,847,430,155,122,161,3,0,0
1147,847,430,155,122,161,3,0,0
1148,847,430,155,122,161,3,0,0
1149,847,430,155,122,161,3,0,0
1150,847,431,155,122,161,3,0,0
1151,847,431,155,122,161,3,0,0
1152,847,433,155,120,161,3,0,0
1153,847,433,155,120,161,3,0,0
1154,847,433,155,120,161,3,0,0
1155,847,433,155,120,161,3,0,0
1156,847,433,155,120,161,3,0,0
1157,847,433,155,120,161,3,0,0
1158,847,433,155,120,161,3,0,0
1159,847,433,155,120,161,3,0,0
1160,847,432,155,120,161,3,0,0
1161,847,432,155,120,161,3,0,0
1162,847,432,155,120,161,3,0,0
1163,847,432,155,121,161,3,0,0
1164,847,432,155,121,161,3,0,0
1165,847,431,155,121,161,3,0,0
1166,847,431,155,121,161,3,0,0
1167,847,431,155,121,161,3,0,0
1168,847,430,155,122,161,3,0,0
1169,847,430,155,122,161,3,0,0
1170,847,430,155,122,161,3,0,0
1171,847,430,155,122,161,3,0,0
1172,847,431,155,122,161,3,0,0
1173,847,431,155,122,161,3,0,0
1174,847,431,155,122,161,3,0,0
1175,847,431,155,122,161,3,0,0
1176,847,431,155,122,161,3,0,0
1177,847,431,155,122,161,3,0,0
1178,847,430,155,122,161,3,0,0
1179,847,430,155,122,161,3,0,0
1180,847,431,155,122,161,3,0,0
1181,847,431,155,122,161,3,0,0
1182,847,431,155,122,161,3,0,0
1183,847,431,155,122,161,3,0,0
1184,847,433,155,120,161,3,0,0
1185,847,433,155,120,161,3,0,0
1186,847,433,155,120,161,3,0,0
1187,847,433,155,120,161,3,0,0
1188,847,434,155,119,161,3,0,0
1189,847,434,155,119,161,3,0,0
1190,847,433,155,119,161,3,0,0
1191,847,434,155,119,161,3,0,0
1192,847,432,155,121,161,3,0,0
1193,847,431,155,121,161,3,0,0
1194,847,431,155,121,161,3,0,0
1195,847,432,155,121,161,3,0,0
1196,847,432,155,121,161,3,0,0
1197,847,432,155,121,161,3,0,0
1198,847,432,155,121,161,3,0,0
1199,847,432,155,121,161,3,0,0
1200,847,430,155,122,161,3,0,0
1201,847,430,155,122,161,3,0,0
1202,847,430,155,122,161,3,0,0
1203,847,431,155,122,161,3,0,0
1204,847,430,155,122,161,3,0,0
1205,847,431,155,122,161,3,0,0
1206,847,431,155,122,161,3,0,0
1207,847,431,155,122,161,3,0,0
1208,847,430,155,123,161,3,0,0
1209,847,430,155,123,161,3,0,0
1210,847,430,155,122,161,3,0,0
1211,847,430,155,122,161,3,0,0
1212,847,430,155,122,161,3,0,0
1213,847,430,155,123,161,3,0,0
1214,847,430,155,123,161,3,0,0
1215,847,430,155,123,161,3,0,0
1216,847,429,155,123,161,3,0,0
1217,847,429,155,123,161,3,0,0
1218,847,429,155,123,161,3,0,0
1219,847,429,155,123,161,3,0,0
1220,847,429,155,123,161,3,0,0
1221,847,429,155,123,161,3,0,0
1222,847,429,155,123,161,3,0,0
1223,847,430,155,123,161,3,0,0
1224,847,432,155,120,161,3,0,0
1225,847,432,155,121,161,3,0,0
1226,847,432,155,121,161,3,0,0
1227,847,432,155,121,161,3,0,0
1228,847,432,155,120,161,3,0,0
1229,847,432,155,121,161,3,0,0
1230,847,432,155,121,161,3,0,0
1231,847,432,155,121,161,3,0,0
1232,847,431,155,122,161,3,0,0
1233,847,431,155,121,161,3,0,0
1234,847,431,155,121,161,3,0,0
1235,847,431,155,121,161,3,0,0
1236,847,432,155,121,161,3,0,0
1237,847,432,155,121,161,3,0,0
1238,847,433,155,120,161,3,0,0
1239,847,433,155,120,161,3,0,0
1240,847,432,155,120,161,3,0,0
1241,847,432,155,120,161,3,0,0
1242,847,432,155,120,161,3,0,0
1243,847,432,155,120,161,3,0,0
1244,847,432,155,120,161,3,0,0
1245,847,432,155,120,161,3,0,0
1246,847,432,155,120,161,3,0,0
1247,847,432,155,120,161,3,0,0
1248,847,431,155,122,161,3,0,0
1249,847,431,155,122,161,3,0,0
1250,847,430,155,123,161,3,0,0
1251,847,430,155,123,161,3,0,0
1252,847,430,155,123,161,3,0,0
1253,847,430,155,123,161,3,0,0
1254,847,430,155,123,161,3,0,0
1255,847,430,155,123,161,3,0,0
1256,847,430,155,123,161,3,0,0
1257,847,430,155,123,161,3,0,0
1258,847,430,155,123,161,3,0,0
1259,847,430,155,123,161,3,0,0
1260,847,430,155,123,161,3,0,0
1261,847,430,155,123,161,3,0,0
1262,847,430,155,123,161,3,0,0
1263,847,430,155,123,161,3,0,0
1264,847,431,155,122,161,3,0,0
1265,847,431,155,121,161,3,0,0
1266,847,431,155,121,161,3,0,0
1267,847,432,155,121,161,3,0,0
1268,847,431,155,121,161,3,0,0
1269,847,431,155,121,161,3,0,0
1270,847,431,155,121,161,3,0,0
1271,847,431,155,121,161,3,0,0
1272,847,430,155,122,161,3,0,0
1273,847,430,155,122,161,3,0,0
1274,847,430,155,122,161,3,0,0
1275,847,430,155,122,161,3,0,0
1276,847,430,155,122,161,3,0,0
1277,847,430,155,122,161,3,0,0
1278,847,430,155,122,161,3,0,0
1279,847,430,155,122,161,3,0,0
1280,848,431,155,122,161,3,0,0
1281,848,431,155,122,161,3,0,0
1282,848,431,155,122,161,3,0,0
1283,848,431,155,122,161,3,0,0
1284,848,432,155,121,161,3,0,0
1285,848,432,155,120,161,3,0,0
1286,848,432,155,120,161,3,0,0
1287,848,432,155,120,161,3,0,0
1288,847,432,155,120,161,3,0,0
1289,847,433,155,120,161,3,0,0
1290,847,432,155,120,161,3,0,0
1291,847,432,155,120,161,3,0,0
1292,847,432,155,120,161,3,0,0
1293,847,432,155,120,161,3,0,0
1294,847,432,155,120,161,3,0,0
1295,847,432,155,120,161,3,0,0
1296,847,434,155,119,161,3,0,0
1297,847,434,155,119,161,3,0,0
1298,847,434,155,119,161,3,0,0
1299,847,434,155,119,161,3,0,0
1300,847,434,155,119,161,3,0,0
1301,847,434,155,119,161,3,0,0
1302,847,434,155,119,161,3,0,0
1303,847,434,155,119,161,3,0,0
1304,847,433,155,120,161,3,0,0
1305,847,433,155,120,161,3,0,0
1306,847,433,155,120,161,3,0,0
1307,847,433,155,120,161,3,0,0
1308,848,433,154,119,161,3,0,0
1309,848,433,154,119,161,3,0,0
1310,848,433,154,119,161,3,0,0
1311,848,433,154,119,161,3,0,0
1312,847,431,155,121,161,3,0,0
1313,847,431,155,121,161,3,0,0
1314,847,431,155,122,161,3,0,0
1315,847,431,155,122,161,3,0,0
1316,847,431,155,122,161,3,0,0
1317,847,431,155,122,161,3,0,0
1318,847,431,155,122,161,3,0,0
1319,847,433,155,120,161,3,0,0
1320,847,433,155,120,161,3,0,0
1321,847,433,155,120,161,3,0,0
1322,847,433,155,120,161,3,0,0
1323,847,433,155,120,161,3,0,0
1324,847,433,155,120,161,3,0,0
1325,847,433,155,120,161,3,0,0
1326,847,433,155,120,161,3,0,0
1327,847,433,155,120,161,3,0,0
1328,847,433,155,120,161,3,0,0
1329,847,433,155,120,161,3,0,0
1330,847,433,155,120,161,3,0,0
1331,847,433,155,120,161,3,0,0
1332,847,433,155,119,161,3,0,0
1333,847,433,155,119,161,3,0,0
1334,847,433,155,119,161,3,0,0
1335,847,433,155,119,161,3,0,0
1336,847,433,155,120,161,3,0,0
1337,847,433,155,119,161,3,0,0
1338,847,433,155,120,161,3,0,0
1339,847,433,155,119,161,3,0,0
1340,847,433,155,120,161,3,0,0
1341,847,433,155,119,161,3,0,0
1342,847,433,155,119,161,3,0,0
1343,847,433,155,119,161,3,0,0
1344,847,433,155,120,161,3,0,0
1345,847,433,155,120,161,3,0,0
1346,847,433,155,120,161,3,0,0
1347,847,433,155,120,161,3,0,0
1348,847,433,155,120,161,3,0,0
1349,847,433,155,120,161,3,0,0
1350,847,433,155,120,161,3,0,0
1351,847,433,155,120,161,3,0,0
1352,847,433,155,119,161,3,0,0
1353,847,433,155,119,161,3,0,0
1354,847,433,155,119,161,3,0,0
1355,847,434,155,119,161,3,0,0
1356,847,433,155,119,161,3,0,0
1357,847,433,155,119,161,3,0,0
1358,847,433,155,119,161,3,0,0
1359,847,433,155,119,161,3,0,0
1360,847,434,155,119,161,3,0,0
1361,847,434,155,119,161,3,0,0
1362,847,434,155,119,161,3,0,0
1363,847,434,155,119,161,3,0,0
1364,847,434,155,119,161,3,0,0
1365,847,434,155,119,161,3,0,0
1366,847,434,155,119,161,3,0,0
1367,847,434,155,119,161,3,0,0
1368,847,433,155,119,161,3,0,0
1369,847,433,155,119,161,3,0,0
1370,847,433,155,119,161,3,0,0
1371,847,433,155,119,161,3,0,0
1372,847,433,155,119,161,3,0,0
1373,847,433,155,119,161,3,0,0
1374,847,433,155,119,161,3,0,0
1375,847,433,155,119,161,3,0,0
1376,847,433,155,120,161,3,0,0
1377,847,433,155,120,161,3,0,0
1378,847,433,155,120,161,3,0,0
1379,847,433,155,120,161,3,0,0
1380,847,433,155,120,161,3,0,0
1381,847,433,155,120,161,3,0,0
1382,847,433,155,120,161,3,0,0
1383,847,433,155,120,161,3,0,0
1384,848,432,155,120,161,3,0,0
1385,847,432,155,120,161,3,0,0
1386,848,432,155,120,161,3,0,0
1387,847,432,155,120,161,3,0,0
1388,847,433,155,120,161,3,0,0
1389,847,432,155,120,161,3,0,0
1390,847,433,155,120,161,3,0,0
1391,847,432,155,120,161,3,0,0
1392,847,432,155,120,161,3,0,0
1393,847,432,155,120,161,3,0,0
1394,847,432,155,120,161,3,0,0
1395,847,432,155,120,161,3,0,0
1396,847,432,155,121,161,3,0,0
1397,847,432,155,121,161,3,0,0
1398,847,432,155,121,161,3,0,0
1399,847,432,155,121,161,3,0,0
1400,847,433,155,119,161,3,0,0
1401,847,433,155,120,161,3,0,0
1402,847,433,155,120,161,3,0,0
1403,847,433,155,120,161,3,0,0
1404,847,433,155,120,161,3,0,0
1405,847,432,155,120,161,3,0,0
1406,847,432,155,120,161,3,0,0
1407,847,432,155,120,161,3,0,0
1408,847,433,155,120,161,3,0,0
1409,847,433,155,120,161,3,0,0
1410,847,433,155,120,161,3,0,0
1411,847,433,155,120,161,3,0,0
1412,847,433,155,120,161,3,0,0
1413,847,433,155,120,161,3,0,0
1414,847,433,155,120,161,3,0,0
1415,847,433,155,120,161,3,0,0
1416,847,432,155,121,161,3,0,0
1417,847,432,155,121,161,3,0,0
1418,847,432,155,121,161,3,0,0
1419,847,432,155,121,161,3,0,0
1420,847,432,155,121,161,3,0,0
1421,847,432,155,121,161,3,0,0
1422,847,432,155,121,161,3,0,0
1423,847,432,155,121,161,3,0,0
1424,847,432,155,121,161,3,0,0
1425,847,432,155,121,161,3,0,0
1426,847,432,155,121,161,3,0,0
1427,847,432,155,121,161,3,0,0
1428,847,432,155,120,161,3,0,0
1429,847,432,155,120,161,3,0,0
1430,847,432,155,120,161,3,0,0
1431,847,432,155,120,161,3,0,0
1432,847,432,155,121,161,3,0,0
1433,847,432,155,121,161,3,0,0
1434,847,432,155,121,161,3,0,0
1435,847,432,155,120,161,3,0,0
1436,847,432,155,120,161,3,0,0
1437,847,433,155,120,161,3,0,0
1438,847,433,155,120,161,3,0,0
1439,847,433,155,120,161,3,0,0
1440,847,433,155,120,161,3,0,0
1441,847,433,155,120,161,3,0,0
1442,847,433,155,120,161,3,0,0
1443,847,433,155,120,161,3,0,0
1444,847,433,155,120,161,3,0,0
1445,847,433,155,120,161,3,0,0
1446,847,433,155,120,161,3,0,0
1447,847,433,155,120,161,3,0,0
1448,847,433,155,120,161,3,0,0
1449,847,433,155,120,161,3,0,0
1450,847,433,155,120,161,3,0,0
1451,847,433,155,119,161,3,0,0
1452,847,433,155,120,161,3,0,0
1453,847,433,155,120,161,3,0,0
1454,847,433,155,120,161,3,0,0
1455,847,433,155,120,161,3,0,0
1456,847,433,155,119,161,3,0,0
1457,847,433,155,119,161,3,0,0
1458,847,433,155,120,161,3,0,0
1459,847,433,155,120,161,3,0,0
1460,847,433,155,120,161,3,0,0
1461,847,433,155,120,161,3,0,0
1462,847,433,155,120,161,3,0,0
1463,847,433,155,120,161,3,0,0
1464,847,433,155,120,161,3,0,0
1465,847,433,155,120,161,3,0,0
1466,847,432,155,120,161,3,0,0
1467,847,433,155,120,161,3,0,0
1468,847,433,155,120,161,3,0,0
1469,847,433,155,120,161,3,0,0
1470,847,433,155,120,161,3,0,0
1471,847,433,155,120,161,3,0,0
1472,847,432,155,120,161,3,0,0
1473,847,432,155,120,161,3,0,0
1474,847,432,155,120,161,3,0,0
1475,847,432,155,120,161,3,0,0
1476,847,432,154,121,161,3,0,0
1477,848,432,154,121,161,3,0,0
1478,847,432,154,121,161,3,0,0
1479,848,432,154,121,161,3,0,0
1480,848,432,154,120,161,3,0,0
1481,848,432,154,120,161,3,0,0
1482,848,432,154,120,161,3,0,0
1483,848,432,154,120,161,3,0,0
1484,848,432,154,120,161,3,0,0
1485,848,432,154,120,161,3,0,0
1486,848,433,154,120,161,3,0,0
1487,848,433,154,120,161,3,0,0
1488,847,433,155,119,161,3,0,0
1489,847,434,155,119,161,3,0,0
1490,847,433,155,119,161,3,0,0
1491,847,433,155,119,161,3,0,0
1492,847,433,155,119,161,3,0,0
1493,847,433,155,119,161,3,0,0
1494,847,433,155,119,161,3,0,0
1495,847,433,155,120,161,3,0,0
1496,847,433,155,119,161,3,0,0
1497,847,433,155,119,161,3,0,0
1498,847,433,155,119,161,3,0,0
1499,847,433,155,119,161,3,0,0
1500,847,433,155,120,161,3,0,0
1501,847,433,155,120,161,3,0,0
1502,847,433,155,120,161,3,0,0
1503,847,433,155,120,161,3,0,0
1504,847,432,155,121,161,3,0,0
1505,847,432,155,120,161,3,0,0
1506,847,432,155,120,161,3,0,0
1507,847,432,155,121,161,3,0,0
1508,847,432,155,121,161,3,0,0
1509,847,432,155,120,161,3,0,0
1510,847,432,155,120,161,3,0,0
1511,847,432,155,121,161,3,0,0
1512,847,434,155,119,161,3,0,0
1513,847,434,155,119,161,3,0,0
1514,847,433,155,119,161,3,0,0
1515,847,434,155,119,161,3,0,0
1516,847,434,155,119,161,3,0,0
1517,847,434,155,119,161,3,0,0
1518,847,433,155,119,161,3,0,0
1519,847,433,155,119,161,3,0,0
1520,847,433,155,120,161,3,0,0
1521,847,433,155,120,161,3,0,0
1522,847,433,155,120,161,3,0,0
1523,847,433,155,119,161,3,0,0
1524,847,432,155,120,161,3,0,0
1525,847,432,155,120,161,3,0,0
1526,847,432,155,120,161,3,0,0
1527,847,432,155,120,161,3,0,0
1528,847,433,155,120,161,3,0,0
1529,847,433,154,120,161,3,0,0
1530,847,433,155,120,161,3,0,0
1531,847,433,155,120,161,3,0,0
1532,847,433,154,120,161,3,0,0
1533,847,433,155,119,161,3,0,0
1534,847,433,155,119,161,3,0,0
1535,847,433,155,119,161,3,0,0
1536,847,434,155,119,161,3,0,0
1537,847,434,155,119,161,3,0,0
1538,847,434,155,119,161,3,0,0
1539,847,434,155,119,161,3,0,0
1540,847,434,155,119,161,3,0,0
1541,847,434,155,119,161,3,0,0
1542,847,434,155,119,161,3,0,0
1543,847,434,155,119,161,3,0,0
1544,847,433,154,119,161,3,0,0
1545,847,434,154,119,161,3,0,0
1546,847,434,155,119,161,3,0,0
1547,847,434,154,119,161,3,0,0
1548,847,434,154,118,161,3,0,0
1549,848,434,154,118,161,3,0,0
1550,848,434,154,118,161,3,0,0
1551,848,434,154,118,161,3,0,0
1552,847,434,154,118,161,3,0,0
1553,848,434,154,118,161,3,0,0
1554,848,434,154,118,161,3,0,0
1555,848,434,154,118,161,3,0,0
1556,848,434,154,118,161,3,0,0
1557,848,434,154,118,161,3,0,0
1558,848,434,154,118,161,3,0,0
1559,848,434,154,118,161,3,0,0
1560,847,433,155,120,161,3,0,0
1561,847,433,155,120,161,3,0,0
1562,847,433,155,120,161,3,0,0
1563,847,433,155,120,161,3,0,0
1564,847,433,155,120,161,3,0,0
1565,847,433,155,120,161,3,0,0
1566,847,433,155,120,161,3,0,0
1567,847,433,155,120,161,3,0,0
1568,847,433,154,119,161,3,0,0
1569,847,433,154,120,161,3,0,0
1570,847,433,154,120,161,3,0,0
1571,847,433,154,120,161,3,0,0
1572,847,433,155,120,161,3,0,0
1573,847,433,154,120,161,3,0,0
1574,847,432,155,120,161,3,0,0
1575,847,433,155,120,161,3,0,0
1576,847,433,155,119,161,3,0,0
1577,847,434,155,119,161,3,0,0
1578,847,434,155,119,161,3,0,0
1579,847,434,155,118,161,3,0,0
1580,847,434,155,118,161,3,0,0
1581,847,434,155,119,161,3,0,0
1582,847,434,155,118,161,3,0,0
1583,847,434,155,118,161,3,0,0
1584,847,434,155,118,161,3,0,0
1585,847,434,155,118,161,3,0,0
1586,847,434,155,118,161,3,0,0
1587,847,434,155,118,161,3,0,0
1588,847,434,155,118,161,3,0,0
1589,847,434,155,118,161,3,0,0
1590,847,434,155,118,161,3,0,0
1591,847,434,155,118,161,3,0,0
1592,847,433,154,119,161,3,0,0
1593,847,433,155,119,161,3,0,0
1594,847,433,155,119,161,3,0,0
1595,847,433,155,119,161,3,0,0
1596,847,433,155,120,161,3,0,0
1597,847,433,155,120,161,3,0,0
1598,847,433,155,120,161,3,0,0
1599,847,433,155,119,161,3,0,0
1600,847,434,154,119,161,3,0,0
1601,847,434,154,119,161,3,0,0
1602,847,434,154,119,161,3,0,0
1603,847,434,154,119,161,3,0,0
1604,848,434,154,119,161,3,0,0
1605,848,434,154,119,161,3,0,0
1606,847,434,154,119,161,3,0,0
1607,847,434,154,119,161,3,0,0
1608,848,434,154,118,161,3,0,1
1609,848,434,154,117,161,3,0,3
1610,849,435,153,108,161,3,0,6
1611,849,435,152,73,161,3,0,8
1614,847,435,154,88,161,3,0,8
1615,847,435,155,114,161,3,0,6
1616,847,433,154,117,161,3,0,4
1617,847,433,154,119,161,3,0,4
1618,847,433,155,120,161,3,0,4
1619,847,433,154,119,161,3,0,3
1620,847,434,154,118,161,3,0,3
1621,847,434,154,118,161,3,0,2
1622,847,434,154,119,161,3,0,1
1623,847,434,154,118,161,3,0,0
1624,847,434,154,118,161,3,0,0
1625,847,434,154,118,161,3,0,0
1626,847,434,154,118,161,3,0,0
1627,847,434,155,118,161,3,0,0
1628,847,433,154,119,161,3,0,0
1629,847,433,154,119,161,3,0,0
1630,847,433,155,119,161,3,0,0
1631,847,433,154,120,161,3,0,0
1632,848,435,154,118,161,3,0,0
1633,848,435,154,118,161,3,0,0
1634,848,435,154,118,161,3,0,0
1635,848,435,154,118,161,3,0,0
1636,848,435,154,118,161,3,0,0
1637,848,435,154,118,161,3,0,0
1638,848,435,154,118,161,3,0,0
1639,848,435,154,118,161,3,0,0
1640,847,435,155,117,161,3,0,0
1641,847,435,155,117,161,3,0,0
1642,847,435,155,117,161,3,0,0
1643,847,435,155,118,161,3,0,0
1644,847,434,155,118,161,3,0,0
1645,847,434,155,118,161,3,0,0
1646,847,434,155,118,161,3,0,0
1647,847,434,155,118,161,3,0,0
1648,847,434,155,118,161,3,0,0
1649,847,434,155,118,161,3,0,0
1650,847,434,155,118,161,3,0,0
1651,847,434,155,118,161,3,0,0
1652,847,435,155,118,161,3,0,0
1653,847,435,155,118,161,3,0,0
1654,847,434,155,118,161,3,0,0
1655,847,434,155,118,161,3,0,0
1656,847,434,155,118,161,3,0,0
1657,847,434,154,118,161,3,0,0
1658,847,434,154,118,161,3,0,0
1659,847,434,154,118,161,3,0,0
1660,847,434,154,118,161,3,0,0
1661,847,434,155,118,161,3,0,0
1662,847,434,154,118,161,3,0,0
1663,847,434,154,118,161,3,0,0
1664,847,434,154,118,161,3,0,0
1665,847,434,154,118,161,3,0,0
1666,847,434,154,118,161,3,0,0
1667,847,434,154,118,161,3,0,0
1668,847,434,154,119,161,3,0,0
1669,847,434,154,119,161,3,0,0
1670,847,434,154,119,161,3,0,0
1671,847,434,154,118,161,3,0,0
1672,847,434,154,118,161,3,0,0
1673,847,434,154,118,161,3,0,0
1674,847,434,154,118,161,3,0,0
1675,847,434,154,118,161,3,0,0
1676,847,434,155,118,161,3,0,0
1677,847,434,155,118,161,3,0,0
1678,847,434,155,118,161,3,0,0
1679,847,434,154,119,161,3,0,0
1680,847,434,154,119,161,3,0,0
1681,847,434,154,119,161,3,0,0
1682,847,434,154,119,161,3,0,0
1683,847,434,154,119,161,3,0,0
1684,847,434,154,119,161,3,0,0
1685,847,434,154,119,161,3,0,0
1686,847,434,154,119,161,3,0,0
1687,847,434,154,119,161,3,0,0
1688,847,434,154,119,161,3,0,0
1689,847,434,154,119,161,3,0,0
1690,847,433,154,120,161,3,0,0
1691,847,433,154,120,161,3,0,0
1692,847,433,154,120,161,3,0,0
1693,847,433,154,120,161,3,0,0
1694,847,433,154,120,161,3,0,0
1695,847,432,154,121,161,3,0,0
1696,847,434,154,119,161,3,0,0
1697,847,434,154,119,161,3,0,0
1698,847,434,154,119,161,3,0,0
1699,847,433,155,119,161,3,0,0
1700,847,433,154,120,161,3,0,0
1701,847,433,154,119,161,3,0,0
1702,847,434,154,119,161,3,0,0
1703,847,434,155,119,161,3,0,0
1704,847,434,155,118,161,3,0,0
1705,847,434,155,118,161,3,0,0
1706,847,434,155,118,161,3,0,0
1707,847,434,155,118,161,3,0,0
1708,847,434,155,118,161,3,0,0
1709,847,434,155,119,161,3,0,0
1710,847,434,155,119,161,3,0,0
1711,847,434,155,118,161,3,0,0
1712,847,434,155,119,161,3,0,0
1713,847,433,154,119,161,3,0,0
1714,847,433,155,119,161,3,0,0
1715,847,434,154,119,161,3,0,0
1716,847,434,154,119,161,3,0,0
1717,847,434,154,119,161,3,0,0
1718,847,433,154,119,161,3,0,0
1719,847,434,154,119,161,3,0,0
1720,848,433,155,120,161,3,0,0
1721,848,433,155,120,161,3,0,0
1722,848,433,154,120,161,3,0,0
1723,847,433,155,120,161,3,0,0
1724,847,433,155,119,161,3,0,0
1725,847,433,155,119,161,3,0,0
1726,847,433,155,120,161,3,0,0
1727,847,433,155,120,161,3,0,0
1728,847,433,155,119,161,3,0,0
1729,847,433,155,119,161,3,0,0
1730,847,433,155,119,161,3,0,0
1731,847,433,155,119,161,3,0,0
1732,847,433,155,119,161,3,0,0
1733,847,433,155,119,161,3,0,0
1734,847,433,155,120,161,3,0,0
1735,847,433,155,120,161,3,0,0
1736,847,433,155,119,161,3,0,0
1737,847,433,155,119,161,3,0,0
1738,847,433,155,119,161,3,0,0
1739,847,433,155,119,161,3,0,0
1740,848,433,154,119,161,3,0,0
1741,848,433,154,119,161,3,0,0
1742,848,433,154,119,161,3,0,0
1743,848,433,154,119,161,3,0,0
1744,848,432,154,120,161,3,0,0
1745,848,432,154,120,161,3,0,0
1746,848,432,154,120,161,3,0,0
1747,848,432,154,120,161,3,0,0
1748,848,432,154,120,161,3,0,0
1749,847,432,154,120,161,3,0,0
1750,847,432,154,120,161,3,0,0
1751,848,432,154,120,161,3,0,0
1752,848,433,154,120,161,3,0,0
1753,848,433,154,120,161,3,0,0
1754,848,433,154,120,161,3,0,0
1755,848,433,154,120,161,3,0,0
1756,848,433,154,120,161,3,0,0
1757,848,433,154,120,161,3,0,0
1758,848,433,154,120,161,3,0,0
1759,848,433,154,120,161,3,0,0
1760,847,432,154,120,161,3,0,0
1761,848,433,154,120,161,3,0,0
1762,848,432,154,120,161,3,0,0
1763,848,433,154,120,161,3,0,0
1764,848,433,154,120,161,3,0,0
1765,848,433,154,120,161,3,0,0
1766,848,433,154,120,161,3,0,0
1767,847,433,154,120,161,3,0,0
1768,847,434,155,118,161,3,0,0
1769,847,434,155,118,161,3,0,0
1770,847,434,155,118,161,3,0,0
1771,847,434,155,118,161,3,0,0
1772,847,434,155,118,161,3,0,0
1773,847,434,155,118,161,3,0,0
1774,847,434,155,118,161,3,0,0
1775,847,434,155,118,161,3,0,0
1776,847,433,154,119,161,3,0,0
1777,847,433,154,119,161,3,0,0
1778,848,433,154,119,161,3,0,0
1779,847,433,154,120,161,3,0,0
1780,847,433,154,119,161,3,0,0
1781,847,433,154,119,161,3,0,0
1782,847,433,154,119,161,3,0,0
1783,848,433,154,119,161,3,0,0
1784,848,434,154,118,161,3,0,0
1785,848,434,154,118,161,3,0,0
1786,848,434,154,118,161,3,0,0
1787,848,434,154,118,161,3,0,0
1788,848,434,154,119,161,3,0,0
1789,848,434,154,119,161,3,0,0
1790,848,434,154,119,161,3,0,0
1791,848,434,154,119,161,3,0,0
1792,847,433,155,119,161,3,0,0
1793,847,433,155,119,161,3,0,0
1794,847,433,155,119,161,3,0,0
1795,847,433,155,119,161,3,0,0
1796,847,433,155,120,161,3,0,0
1797,847,433,155,119,161,3,0,0
1798,847,433,155,119,161,3,0,0
1799,847,433,155,119,161,3,0,0
1800,847,433,155,119,161,3,0,0
1801,847,433,155,119,161,3,0,0
1802,847,434,155,119,161,3,0,0
1803,847,434,155,119,161,3,0,0
1804,847,434,155,119,161,3,0,0
1805,847,434,155,119,161,3,0,0
1806,847,434,155,119,161,3,0,0
1807,847,434,155,119,161,3,0,0
1808,847,433,155,120,161,3,0,0
1809,847,433,155,120,161,3,0,0
1810,847,433,155,120,161,3,0,0
1811,847,433,155,120,161,3,0,0
1812,847,434,155,119,161,3,0,0
1813,847,433,155,119,161,3,0,0
1814,847,433,155,119,161,3,0,0
1815,847,433,155,119,161,3,0,0
1816,847,434,154,119,161,3,0,0
1817,847,434,154,119,161,3,0,0
1818,847,434,154,119,161,3,0,0
1819,847,434,154,119,161,3,0,0
1820,847,434,154,119,161,3,0,0
1821,847,434,154,118,161,3,0,0
1822,847,434,154,118,161,3,0,0
1823,847,434,154,118,161,3,0,0
1824,847,434,154,118,161,3,0,0
1825,847,434,154,118,161,3,0,0
1826,847,434,154,119,161,3,0,0
1827,847,434,154,119,161,3,0,0
1828,847,434,154,118,161,3,0,0
1829,847,434,154,118,161,3,0,0
1830,847,434,154,118,161,3,0,0
1831,847,434,154,118,161,3,0,0
1832,848,434,154,118,161,3,0,0
1833,848,434,154,118,161,3,0,0
1834,848,434,154,118,161,3,0,0
1835,848,434,154,118,161,3,0,0
1836,847,434,154,119,161,3,0,0
1837,847,434,154,119,161,3,0,0
1838,847,434,154,119,161,3,0,0
1839,847,434,154,119,161,3,0,0
1840,847,434,155,119,161,3,0,0
1841,847,434,155,119,161,3,0,0
1842,847,434,155,119,161,3,0,0
1843,847,434,155,118,161,3,0,0
1844,847,434,155,118,161,3,0,0
1845,847,434,155,118,161,3,0,0
1846,847,434,155,118,161,3,0,0
1847,847,434,155,118,161,3,0,0
1848,847,434,155,118,161,3,0,0
1849,847,434,155,118,161,3,0,0
1850,847,434,155,118,161,3,0,0
1851,847,434,155,118,161,3,0,0
1852,847,434,155,118,161,3,0,0
1853,847,434,155,118,161,3,0,0
1854,847,434,155,118,161,3,0,0
1855,847,434,155,118,161,3,0,0
1856,847,434,154,119,161,3,0,0
1857,847,434,154,119,161,3,0,0
1858,847,434,154,119,161,3,0,0
1859,847,434,154,119,161,3,0,0
1860,848,434,154,119,161,3,0,0
1861,848,434,154,119,161,3,0,0
1862,848,434,154,119,161,3,0,0
1863,848,434,154,119,161,3,0,0
1864,847,434,155,119,161,3,0,0
1865,847,434,155,119,161,3,0,0
1866,847,434,155,119,161,3,0,0
1867,847,434,154,119,161,3,0,0
1868,847,434,154,119,161,3,0,0
1869,847,434,155,118,161,3,0,0
1870,847,434,155,118,161,3,0,0
1871,847,434,155,118,161,3,0,0
1872,847,434,155,119,161,3,0,0
1873,847,434,154,119,161,3,0,0
1874,847,434,155,119,161,3,0,0
1875,847,433,155,119,161,3,0,0
1876,847,434,155,119,161,3,0,0
1877,847,434,155,119,161,3,0,0
1878,847,434,155,119,161,3,0,0
1879,847,434,155,119,161,3,0,0
1880,847,433,155,120,161,3,0,0
1881,847,433,155,120,161,3,0,0
1882,847,433,155,120,161,3,0,0
1883,847,433,155,120,161,3,0,0
1884,847,433,156,119,161,3,0,0
1885,847,433,155,119,161,3,0,0
1886,847,433,156,120,161,3,0,0
1887,848,433,155,119,161,3,0,0
1888,847,433,155,120,161,3,0,0
1889,847,433,155,120,161,3,0,0
1890,847,433,155,120,161,3,0,0
1891,847,433,154,119,161,3,0,0
1892,847,433,155,120,161,3,0,0
1893,847,433,155,120,161,3,0,0
1894,847,433,154,120,161,3,0,0
1895,847,433,154,120,161,3,0,0
1896,847,432,155,121,161,3,0,0
1897,847,432,155,121,161,3,0,0
1898,847,432,155,121,161,3,0,0
1899,847,432,155,121,161,3,0,0
1900,847,432,155,121,161,3,0,0
1901,847,432,155,121,161,3,0,0
1902,847,432,155,121,161,3,0,0
1903,847,431,155,122,161,3,0,0
1904,847,432,155,121,161,3,0,0
1905,847,432,155,121,161,3,0,0
1906,847,432,155,121,161,3,0,0
1907,847,432,155,121,161,3,0,0
1908,847,432,155,121,161,3,0,0
1909,847,433,155,120,161,3,0,0
1910,847,433,155,119,161,3,0,0
1911,847,433,155,119,161,3,0,0
1912,847,431,155,122,161,3,0,0
1913,847,431,155,122,161,3,0,0
1914,847,431,155,122,161,3,0,0
1915,847,431,155,122,161,3,0,0
1916,847,431,155,122,161,3,0,0
1917,847,431,155,122,161,3,0,0
1918,847,430,155,123,161,3,0,0
1919,847,430,155,123,161,3,0,0
1920,847,430,155,123,161,3,0,0
1921,847,430,155,123,161,3,0,0
1922,847,430,155,123,161,3,0,0
1923,847,430,155,123,161,3,0,0
1924,847,431,155,122,161,3,0,0
1925,848,430,155,123,161,3,0,0
1926,848,430,154,122,161,3,0,0
1927,848,431,154,122,161,3,0,0
0,460,259,83,64,162,9,4,2
1,459,259,81,64,162,9,4,1
2,459,259,81,64,162,9,4,1
3,459,259,81,64,162,9,4,0
4,459,259,81,64,162,9,4,0
5,459,259,81,64,162,9,4,0
6,459,259,81,64,162,9,4,0
7,459,259,81,64,162,9,4,1
8,459,259,81,65,162,9,4,2
9,459,259,81,65,162,9,4,2
10,459,259,81,65,162,9,4,3
11,459,259,81,65,162,9,4,3
12,460,259,81,65,162,9,4,2
13,460,259,81,65,162,9,4,2
14,460,259,81,65,162,9,4,1
15,460,259,81,65,162,9,4,1
16,460,260,81,64,162,9,4,0
17,460,260,81,64,162,9,4,0
18,460,260,81,64,162,9,4,0
19,460,260,81,64,162,9,4,0
20,460,260,81,64,162,9,4,0
21,460,260,81,64,162,9,4,0
22,460,260,81,64,162,9,4,0
23,460,260,81,64,162,9,4,0
24,460,260,81,64,162,9,4,0
25,460,260,81,64,162,9,4,0
26,460,260,81,64,162,9,4,0
27,460,260,81,64,162,9,4,0
28,460,260,81,64,162,9,4,0
29,460,260,81,64,162,9,4,0
30,460,260,81,64,162,9,4,1
31,460,260,81,64,162,9,4,1
32,460,259,80,64,162,9,4,2
33,460,260,80,64,162,9,4,1
34,460,260,80,64,162,9,4,1
35,460,260,80,64,162,9,4,1
36,460,260,81,64,162,9,4,2
37,460,260,81,64,162,9,4,2
38,460,260,81,64,162,9,4,2
39,460,260,81,64,162,9,4,0
40,459,260,81,64,162,9,4,0
41,459,260,81,64,162,9,4,0
42,459,260,81,64,162,9,4,0
43,459,260,81,64,162,9,4,0
44,459,260,81,64,162,9,4,0
45,459,260,81,64,162,9,4,0
46,459,260,81,64,162,9,4,0
47,459,260,81,64,162,9,4,1
48,460,260,80,64,162,9,4,2
49,460,260,80,64,162,9,4,2
50,460,259,80,64,162,9,4,2
51,460,259,80,64,162,9,4,3
52,460,259,80,64,162,9,4,2
53,460,259,80,64,162,9,4,1
54,460,260,80,64,162,9,4,2
55,460,260,80,64,162,9,4,2
56,460,260,80,64,162,9,4,3
57,460,260,80,64,162,9,4,2
58,460,260,80,64,162,9,4,2
59,460,260,80,64,162,9,4,2
60,460,260,81,64,162,9,4,2
61,460,260,81,64,162,9,4,1
62,460,260,81,64,162,9,4,1
63,460,260,81,64,162,9,4,1
64,459,260,81,64,162,9,4,1
65,459,260,81,64,162,9,4,1
66,459,260,81,64,162,9,4,1
67,459,260,81,64,162,9,4,1
68,459,260,81,64,162,9,4,1
69,459,260,81,64,162,9,4,0
70,459,260,81,64,162,9,4,0
71,459,260,81,64,162,9,4,0
72,460,259,80,65,162,9,4,1
73,460,259,80,65,162,9,4,1
74,460,259,80,65,162,9,4,1
75,460,259,80,65,162,9,4,1
76,460,259,80,65,162,9,4,1
77,460,259,80,64,162,9,4,1
78,460,259,80,64,162,9,4,1
79,460,259,80,64,162,9,4,2
80,460,258,81,65,162,9,4,3
81,460,258,81,65,162,9,4,3
82,460,258,81,65,162,9,4,2
83,460,258,81,65,162,9,4,1
84,460,259,81,64,162,9,4,0
85,460,259,81,64,162,9,4,0
86,460,259,81,64,162,9,4,0
87,460,259,81,64,162,9,4,0
88,459,259,81,64,162,9,4,0
89,459,259,81,64,162,9,4,2
90,459,260,81,64,162,9,4,3
91,459,260,81,64,162,9,4,5
92,459,260,81,64,162,9,4,5
93,459,260,81,64,162,9,4,5
94,459,260,81,64,162,9,4,5
95,459,260,81,64,162,9,4,5
96,460,259,80,64,162,9,4,5
97,460,259,80,64,162,9,4,5
98,460,259,80,64,162,9,4,5
99,460,259,80,64,162,9,4,5
100,460,259,80,64,162,9,4,4
101,460,259,80,64,162,9,4,3
102,460,259,80,64,162,9,4,2
103,460,259,80,64,162,9,4,2
104,460,259,80,65,162,9,4,2
105,460,259,80,65,162,9,4,2
106,460,259,80,64,162,9,4,2
107,460,259,80,64,162,9,4,1
108,460,259,81,64,162,9,4,1
109,460,259,81,64,162,9,4,1
110,460,259,81,64,162,9,4,2
111,460,259,81,64,162,9,4,2
112,461,260,80,64,162,9,4,3
113,460,260,80,64,162,9,4,4
114,460,260,80,64,162,9,4,5
115,460,260,80,64,162,9,4,6
116,460,260,80,64,162,9,4,6
117,461,260,80,64,162,9,4,6
118,460,259,80,64,162,9,4,6
119,460,259,80,64,162,9,4,6
120,460,260,81,63,162,9,4,6
121,460,260,81,63,162,9,4,6
122,460,260,81,63,162,9,4,4
123,460,260,81,63,162,9,4,3
124,460,260,81,63,162,9,4,1
125,460,260,81,63,162,9,4,0
126,460,260,81,63,162,9,4,1
127,460,260,81,63,162,9,4,1
128,460,260,80,64,162,9,4,2
129,460,260,80,64,162,9,4,1
130,460,260,80,64,162,9,4,1
131,460,259,80,64,162,9,4,1
132,459,260,81,64,162,9,4,1
133,459,260,81,64,162,9,4,1
134,459,260,81,64,162,9,4,1
135,459,260,81,64,162,9,4,1
136,459,260,81,64,162,9,4,1
137,459,260,81,64,162,9,4,1
138,459,260,81,64,162,9,4,0
139,459,260,81,64,162,9,4,0
140,459,260,81,64,162,9,4,0
141,459,260,81,64,162,9,4,0
142,459,260,81,64,162,9,4,0
143,459,260,81,64,162,9,4,0
144,460,260,81,64,162,9,4,0
145,460,260,81,64,162,9,4,0
146,460,260,80,64,162,9,4,0
147,460,260,81,64,162,9,4,0
148,460,260,81,64,162,9,4,0
149,460,260,81,64,162,9,4,0
150,460,260,81,64,162,9,4,0
151,460,260,81,64,162,9,4,0
152,460,260,81,64,162,9,4,0
153,460,260,81,64,162,9,4,0
154,460,260,81,63,162,9,4,0
155,460,260,81,64,162,9,4,0
156,460,260,81,64,162,9,4,1
157,460,260,81,64,162,9,4,1
158,460,260,81,64,162,9,4,1
159,460,260,81,64,162,9,4,1
160,460,259,80,64,162,9,4,1
161,461,259,80,64,162,9,4,0
162,461,260,80,64,162,9,4,0
163,461,260,80,64,162,9,4,0
164,461,260,80,64,162,9,4,1
165,461,260,80,64,162,9,4,2
166,461,260,80,64,162,9,4,2
167,461,260,80,64,162,9,4,2
168,460,259,80,65,162,9,4,1
169,460,259,80,65,162,9,4,0
170,460,259,80,65,162,9,4,0
171,460,259,80,65,162,9,4,0
172,460,259,80,65,162,9,4,0
173,461,259,80,65,162,9,4,0
174,460,259,80,65,162,9,4,0
175,460,259,80,65,162,9,4,1
176,460,259,81,64,162,9,4,2
177,460,259,81,64,162,9,4,2
178,460,259,82,64,162,9,4,2
179,460,259,81,64,162,9,4,3
180,460,259,81,64,162,9,4,2
181,460,259,81,64,162,9,4,2
182,460,259,81,64,162,9,4,2
183,460,259,81,64,162,9,4,3
184,461,260,80,64,162,9,4,4
185,461,260,80,64,162,9,4,5
186,461,260,80,64,162,9,4,5
187,461,260,80,64,162,9,4,5
188,461,260,80,64,162,9,4,4
189,461,260,80,64,162,9,4,3
190,460,260,80,64,162,9,4,1
191,460,260,80,64,162,9,4,0
192,460,260,80,64,162,9,4,0
193,460,260,80,64,162,9,4,0
194,460,260,80,64,162,9,4,0
195,460,260,81,64,162,9,4,0
196,460,260,81,64,162,9,4,1
197,460,260,81,64,162,9,4,2
198,460,259,81,64,162,9,4,3
199,460,259,81,64,162,9,4,3
200,460,258,81,65,162,9,4,3
201,460,258,81,65,162,9,4,3
202,460,258,81,65,162,9,4,4
203,460,258,81,65,162,9,4,5
204,461,259,80,65,162,9,4,5
205,461,259,80,65,162,9,4,5
206,461,259,80,65,162,9,4,5
207,461,259,80,65,162,9,4,5
208,461,260,80,64,162,9,4,4
209,461,260,80,64,162,9,4,4
210,461,260,80,64,162,9,4,3
211,460,259,80,64,162,9,4,4
212,460,259,80,64,162,9,4,3
213,460,259,81,64,162,9,4,3
214,460,259,80,65,162,9,4,2
215,460,259,80,65,162,9,4,2
216,460,257,81,67,162,9,4,2
217,460,257,81,66,162,9,4,2
218,460,257,81,67,162,9,4,2
219,460,257,81,67,162,9,4,1
220,460,257,81,66,162,9,4,1
221,460,258,81,65,162,9,4,0
222,460,258,81,65,162,9,4,0
223,460,258,81,65,162,9,4,0
224,460,259,81,65,162,9,4,0
225,460,260,81,64,162,9,4,1
226,460,260,81,64,162,9,4,1
227,460,260,81,63,162,9,4,1
228,460,261,80,63,162,9,4,1
229,460,260,80,63,162,9,4,1
230,460,260,80,64,162,9,4,1
231,460,261,80,62,162,9,4,2
232,460,260,79,63,162,9,4,2
233,461,261,79,63,162,9,4,2
234,461,261,79,63,162,9,4,1
235,462,261,78,63,162,9,4,1
236,461,260,79,63,162,9,4,1
237,460,260,80,63,162,9,4,1
238,460,259,79,65,162,9,4,1
239,461,258,78,66,162,9,4,1
240,463,260,78,64,162,9,4,1
241,460,259,81,64,162,9,4,2
242,460,260,81,64,162,9,4,2
243,460,260,81,64,162,9,4,2
244,460,260,81,64,162,9,4,1
245,459,260,81,64,162,9,4,1
246,460,260,81,64,162,9,4,0
247,460,260,81,64,162,9,4,0
248,460,260,81,64,162,9,4,0
249,460,260,81,64,162,9,4,0
250,460,259,81,65,162,9,4,0
251,460,259,81,65,162,9,4,1
252,460,259,80,64,162,9,4,2
253,460,259,80,64,162,9,4,3
254,460,259,80,64,162,9,4,3
255,460,259,80,64,162,9,4,2
256,460,260,80,64,162,9,4,1
257,460,260,80,64,162,9,4,0
258,460,259,80,64,162,9,4,0
259,460,259,80,64,162,9,4,0
260,460,259,80,64,162,9,4,1
261,460,259,80,64,162,9,4,2
262,460,259,80,64,162,9,4,2
263,460,259,80,64,162,9,4,1
264,460,258,80,65,162,9,4,0
265,460,258,80,65,162,9,4,0
266,460,258,80,65,162,9,4,0
267,460,258,80,65,162,9,4,0
268,460,258,80,65,162,9,4,0
269,460,258,80,65,162,9,4,0
270,460,258,80,65,162,9,4,0
271,460,258,80,65,162,9,4,1
272,460,260,81,64,162,9,4,2
273,460,260,81,64,162,9,4,3
274,460,260,81,64,162,9,4,3
275,460,260,81,64,162,9,4,2
276,459,260,81,64,162,9,4,2
277,460,259,81,64,162,9,4,2
278,460,259,81,64,162,9,4,4
279,460,259,81,64,162,9,4,4
280,460,259,80,64,162,9,4,4
281,460,259,80,64,162,9,4,4
282,460,260,80,64,162,9,4,4
283,460,260,80,64,162,9,4,4
284,460,260,80,64,162,9,4,3
285,460,259,80,64,162,9,4,1
286,460,259,80,64,162,9,4,1
287,460,259,80,64,162,9,4,0
288,460,258,81,66,162,9,4,0
289,460,258,81,66,162,9,4,0
290,460,258,81,66,162,9,4,0
291,460,258,81,66,162,9,4,1
292,460,258,81,66,162,9,4,1
293,460,258,81,66,162,9,4,1
294,460,258,81,66,162,9,4,1
295,460,258,81,66,162,9,4,0
296,460,259,80,64,162,9,4,0
297,460,259,80,65,162,9,4,0
298,460,259,80,65,162,9,4,0
299,460,259,80,65,162,9,4,0
300,460,259,80,65,162,9,4,0
301,460,259,80,65,162,9,4,1
302,460,259,80,65,162,9,4,0
303,460,259,80,65,162,9,4,0
304,460,259,81,65,162,9,4,0
305,460,259,81,65,162,9,4,1
306,460,259,81,65,162,9,4,2
307,460,259,81,65,162,9,4,2
308,460,259,81,65,162,9,4,1
309,460,259,81,65,162,9,4,0
310,460,259,81,65,162,9,4,2
311,460,259,81,65,162,9,4,2
312,459,257,81,66,162,9,4,2
313,459,258,81,66,162,9,4,1
314,459,258,81,66,162,9,4,1
315,459,257,81,66,162,9,4,1
316,459,258,81,66,162,9,4,1
317,459,258,81,66,162,9,4,1
318,459,258,81,66,162,9,4,1
319,459,258,81,66,162,9,4,1
320,459,258,81,66,162,9,4,1
321,459,258,81,66,162,9,4,2
322,459,258,81,66,162,9,4,2
323,460,258,81,65,162,9,4,1
324,460,259,81,65,162,9,4,1
325,460,259,81,65,162,9,4,1
326,460,259,81,65,162,9,4,1
327,460,259,81,65,162,9,4,1
328,460,260,81,64,162,9,4,1
329,460,259,81,64,162,9,4,0
330,460,260,81,64,162,9,4,0
331,460,260,81,64,162,9,4,0
332,459,260,81,64,162,9,4,0
333,459,260,81,64,162,9,4,1
334,459,260,81,64,162,9,4,2
335,459,260,81,64,162,9,4,2
336,460,259,81,65,162,9,4,1
337,460,259,81,65,162,9,4,0
338,460,259,81,65,162,9,4,0
339,460,259,81,65,162,9,4,0
340,460,259,80,65,162,9,4,0
341,460,259,80,65,162,9,4,1
342,460,258,81,65,162,9,4,1
343,460,258,81,65,162,9,4,1
344,459,259,81,65,162,9,4,0
345,459,259,81,65,162,9,4,0
346,459,259,81,65,162,9,4,1
347,460,259,81,65,162,9,4,1
348,460,260,81,64,162,9,4,2
349,460,260,81,64,162,9,4,1
350,460,260,81,64,162,9,4,1
351,460,260,81,64,162,9,4,2
352,460,260,81,64,162,9,4,3
353,460,259,81,64,162,9,4,4
354,460,259,81,64,162,9,4,5
355,460,259,81,64,162,9,4,5
356,460,259,81,64,162,9,4,5
357,460,259,81,64,162,9,4,4
358,460,259,81,64,162,9,4,4
359,460,259,81,64,162,9,4,3
360,460,260,80,64,162,9,4,4
361,460,260,80,64,162,9,4,4
362,460,260,80,64,162,9,4,4
363,460,260,80,64,162,9,4,4
364,460,260,80,64,162,9,4,3
365,460,260,80,64,162,9,4,2
366,460,260,80,64,162,9,4,1
367,460,260,80,64,162,9,4,0
368,460,260,81,64,162,9,4,0
369,460,260,81,64,162,9,4,0
370,460,260,81,64,162,9,4,0
371,460,260,81,64,162,9,4,1
372,460,260,81,64,162,9,4,1
373,460,260,81,64,162,9,4,1
374,460,260,81,64,162,9,4,1
375,460,260,81,64,162,9,4,1
376,460,260,80,64,162,9,4,2
377,460,260,80,64,162,9,4,2
378,460,260,80,64,162,9,4,2
379,460,260,80,64,162,9,4,2
380,460,260,80,63,162,9,4,2
381,460,260,80,63,162,9,4,1
382,460,260,80,63,162,9,4,1
383,460,260,80,63,162,9,4,1
384,460,260,80,63,162,9,4,0
385,460,260,80,63,162,9,4,0
386,460,260,80,63,162,9,4,0
387,460,260,80,63,162,9,4,0
388,460,260,80,63,162,9,4,0
389,460,260,80,63,162,9,4,0
390,460,260,80,63,162,9,4,0
391,460,260,80,63,162,9,4,0
392,460,259,80,64,162,9,4,0
393,460,259,80,64,162,9,4,0
394,460,259,80,64,162,9,4,1
395,460,259,80,64,162,9,4,2
396,460,259,80,65,162,9,4,3
397,460,259,80,65,162,9,4,4
398,460,259,80,65,162,9,4,3
399,460,259,80,65,162,9,4,2
400,460,258,80,65,162,9,4,1
401,460,258,80,65,162,9,4,2
402,460,258,80,65,162,9,4,3
403,460,258,80,65,162,9,4,2
404,460,258,80,65,162,9,4,2
405,460,258,80,66,162,9,4,2
406,460,258,80,66,162,9,4,2
407,460,258,80,66,162,9,4,1
408,460,259,81,64,162,9,4,0
409,460,259,80,64,162,9,4,0
410,460,259,80,64,162,9,4,0
411,460,259,80,65,162,9,4,0
412,460,259,80,65,162,9,4,0
413,460,259,80,65,162,9,4,1
414,460,259,80,65,162,9,4,1
415,460,259,80,64,162,9,4,1
416,460,259,81,65,162,9,4,1
417,460,259,81,65,162,9,4,1
418,460,259,81,65,162,9,4,1
419,460,259,81,65,162,9,4,2
420,460,259,81,65,162,9,4,2
421,460,259,81,65,162,9,4,4
422,460,259,81,65,162,9,4,3
423,460,258,81,65,162,9,4,3
424,460,259,80,65,162,9,4,1
425,460,259,80,65,162,9,4,1
426,460,259,80,65,162,9,4,1
427,460,259,80,65,162,9,4,2
428,460,259,80,65,162,9,4,2
429,460,259,80,65,162,9,4,2
430,460,259,80,65,162,9,4,1
431,460,259,80,65,162,9,4,1
432,460,259,80,65,162,9,4,1
433,460,259,80,65,162,9,4,1
434,460,259,80,65,162,9,4,1
435,460,259,80,65,162,9,4,1
436,460,259,80,64,162,9,4,2
437,460,259,80,64,162,9,4,3
438,460,259,80,64,162,9,4,3
439,460,259,80,64,162,9,4,3
440,460,259,80,65,162,9,4,2
441,460,258,80,65,162,9,4,2
442,460,258,80,65,162,9,4,1
443,460,258,80,66,162,9,4,1
444,460,258,81,66,162,9,4,1
445,460,258,81,66,162,9,4,2
446,460,258,81,66,162,9,4,2
447,460,259,80,65,162,9,4,2
448,459,259,81,65,162,9,4,1
449,459,259,81,65,162,9,4,1
450,459,259,81,65,162,9,4,1
451,459,259,81,65,162,9,4,1
452,459,259,81,65,162,9,4,0
453,459,259,81,65,162,9,4,0
454,459,259,81,65,162,9,4,0
455,459,259,81,65,162,9,4,0
456,460,260,80,64,162,9,4,2
457,460,260,80,64,162,9,4,2
458,460,259,80,64,162,9,4,3
459,460,259,80,64,162,9,4,2
460,460,259,80,64,162,9,4,3
461,460,259,80,64,162,9,4,3
462,460,259,80,64,162,9,4,3
463,460,259,80,64,162,9,4,2
464,460,259,81,64,162,9,4,1
465,460,259,81,64,162,9,4,0
466,460,259,81,64,162,9,4,1
467,460,259,81,64,162,9,4,2
468,460,260,80,64,162,9,4,4
469,460,260,80,64,162,9,4,4
470,460,260,81,64,162,9,4,3
471,460,260,81,64,162,9,4,3
472,459,260,81,64,162,9,4,2
473,460,260,81,64,162,9,4,2
474,460,260,81,64,162,9,4,1
475,460,260,81,64,162,9,4,1
476,460,260,81,64,162,9,4,0
477,460,260,81,64,162,9,4,0
478,460,260,81,64,162,9,4,0
479,460,260,81,64,162,9,4,1
480,460,259,80,64,162,9,4,2
481,460,259,80,64,162,9,4,3
482,460,259,80,64,162,9,4,3
483,461,259,80,64,162,9,4,3
484,461,259,80,64,162,9,4,3
485,461,259,80,64,162,9,4,3
486,461,259,80,64,162,9,4,4
487,461,260,80,64,162,9,4,4
488,460,259,80,65,162,9,4,4
489,460,259,80,65,162,9,4,3
490,460,259,80,65,162,9,4,2
491,460,259,80,64,162,9,4,2
492,460,259,80,64,162,9,4,2
493,460,259,80,64,162,9,4,3
494,460,259,80,64,162,9,4,3
495,460,259,80,64,162,9,4,2
496,460,259,80,64,162,9,4,1
497,460,259,80,64,162,9,4,0
498,460,259,80,64,162,9,4,1
499,460,259,80,64,162,9,4,2
500,460,260,80,64,162,9,4,4
501,460,260,80,64,162,9,4,4
502,460,260,80,64,162,9,4,4
503,460,260,80,64,162,9,4,4
504,460,260,80,64,162,9,4,3
505,460,260,81,64,162,9,4,2
506,460,260,81,64,162,9,4,2
507,460,260,81,64,162,9,4,3
508,460,259,81,64,162,9,4,4
509,460,259,81,64,162,9,4,5
510,460,259,81,64,162,9,4,5
511,460,259,81,64,162,9,4,6
512,460,259,80,64,162,9,4,5
513,460,259,80,64,162,9,4,4
514,460,259,80,64,162,9,4,3
515,460,259,80,64,162,9,4,3
516,460,260,80,64,162,9,4,3
517,460,260,80,64,162,9,4,3
518,460,260,80,64,162,9,4,3
519,460,260,80,64,162,9,4,3
520,460,260,80,64,162,9,4,2
521,460,260,80,64,162,9,4,1
522,460,260,80,64,162,9,4,0
523,460,260,80,64,162,9,4,0
524,460,260,80,64,162,9,4,0
525,460,260,80,64,162,9,4,0
526,460,260,80,64,162,9,4,0
527,460,260,80,64,162,9,4,0
528,460,260,80,64,162,9,4,0
529,460,260,80,64,162,9,4,0
530,460,260,80,64,162,9,4,0
531,460,260,80,64,162,9,4,0
532,460,260,79,64,162,9,4,0
533,460,260,79,64,162,9,4,0
534,461,260,79,64,162,9,4,0
535,461,260,79,64,162,9,4,1
536,460,258,81,65,162,9,4,2
537,460,258,80,66,162,9,4,4
538,460,258,80,65,162,9,4,4
539,460,258,80,65,162,9,4,3
540,460,259,80,65,162,9,4,2
541,460,259,80,65,162,9,4,2
542,460,259,80,65,162,9,4,1
543,460,259,80,65,162,9,4,1
544,460,258,80,65,162,9,4,1
545,460,258,80,65,162,9,4,1
546,460,258,80,65,162,9,4,1
547,460,258,80,65,162,9,4,1
548,460,258,80,65,162,9,4,1
549,460,258,80,65,162,9,4,1
550,460,258,80,65,162,9,4,1
551,460,258,80,66,162,9,4,1
552,460,260,80,64,162,9,4,2
553,460,260,80,64,162,9,4,2
554,460,260,80,64,162,9,4,2
555,460,260,80,64,162,9,4,2
556,460,260,80,64,162,9,4,1
557,460,260,80,64,162,9,4,0
558,460,260,80,64,162,9,4,0
559,460,260,80,64,162,9,4,1
560,460,259,80,64,162,9,4,2
561,460,259,80,64,162,9,4,3
562,460,259,81,64,162,9,4,3
563,460,259,80,64,162,9,4,2
564,459,259,81,64,162,9,4,2
565,459,260,81,64,162,9,4,3
566,459,260,81,64,162,9,4,3
567,459,260,81,64,162,9,4,3
568,460,259,81,64,162,9,4,2
569,460,259,81,64,162,9,4,2
570,460,259,80,65,162,9,4,2
571,460,259,80,65,162,9,4,2
572,460,259,80,64,162,9,4,2
573,460,259,80,64,162,9,4,1
574,460,259,80,64,162,9,4,1
575,460,259,80,65,162,9,4,1
576,460,259,80,64,162,9,4,2
577,460,259,81,64,162,9,4,2
578,460,259,81,64,162,9,4,2
579,460,259,81,64,162,9,4,2
580,460,259,80,64,162,9,4,1
581,460,259,80,64,162,9,4,1
582,460,259,80,64,162,9,4,1
583,460,259,80,64,162,9,4,2
584,460,260,80,64,162,9,4,3
585,460,260,80,64,162,9,4,3
586,460,260,80,64,162,9,4,2
587,460,259,80,64,162,9,4,1
588,461,259,80,64,162,9,4,2
589,461,259,80,64,162,9,4,3
590,461,259,80,64,162,9,4,4
591,461,259,80,64,162,9,4,3
592,460,259,80,64,162,9,4,2
593,460,259,80,64,162,9,4,1
594,460,259,80,64,162,9,4,0
595,460,259,80,64,162,9,4,0
596,460,259,80,64,162,9,4,0
597,460,259,80,64,162,9,4,0
598,461,259,80,64,162,9,4,1
599,461,259,80,64,162,9,4,2
600,460,260,80,64,162,9,4,3
601,460,260,80,64,162,9,4,4
602,460,260,80,64,162,9,4,4
603,460,260,80,64,162,9,4,4
604,460,260,80,64,162,9,4,3
605,460,260,80,64,162,9,4,2
606,460,260,80,64,162,9,4,1
607,460,260,80,64,162,9,4,0
608,460,260,80,64,162,9,4,0
609,460,260,80,64,162,9,4,0
610,460,260,80,64,162,9,4,0
611,460,260,80,64,162,9,4,1
612,461,259,79,64,162,9,4,2
613,461,259,79,64,162,9,4,2
614,461,259,79,64,162,9,4,2
615,461,259,79,64,162,9,4,2
616,460,259,80,65,162,9,4,1
617,460,259,80,65,162,9,4,1
618,460,259,80,65,162,9,4,1
619,460,259,80,64,162,9,4,0
620,460,259,80,64,162,9,4,0
621,460,259,80,64,162,9,4,0
622,460,259,80,65,162,9,4,0
623,460,259,80,65,162,9,4,0
624,460,258,80,66,162,9,4,0
625,460,258,80,65,162,9,4,0
626,460,258,80,66,162,9,4,0
627,460,258,80,66,162,9,4,0
628,460,258,80,66,162,9,4,0
629,460,258,80,66,162,9,4,0
630,460,258,80,66,162,9,4,0
631,460,258,80,66,162,9,4,0
632,460,257,80,66,162,9,4,0
633,460,257,80,66,162,9,4,0
634,460,257,80,66,162,9,4,0
635,460,257,80,66,162,9,4,0
636,460,258,80,66,162,9,4,0
637,460,258,80,65,162,9,4,1
638,460,258,80,65,162,9,4,1
639,460,259,80,65,162,9,4,1
640,462,259,78,65,162,9,4,1
641,462,259,79,65,162,9,4,0
642,462,259,79,65,162,9,4,0
643,461,258,79,65,162,9,4,0
644,461,258,79,65,162,9,4,1
645,461,258,79,65,162,9,4,2
646,461,258,79,65,162,9,4,2
647,461,258,79,65,162,9,4,2
648,460,259,81,65,162,9,4,2
649,460,259,81,65,162,9,4,3
650,460,259,81,65,162,9,4,4
651,460,259,81,65,162,9,4,4
652,460,259,81,65,162,9,4,3
653,460,259,81,65,162,9,4,2
654,460,259,81,65,162,9,4,2
655,460,259,81,65,162,9,4,3
656,460,259,80,64,162,9,4,4
657,460,259,80,64,162,9,4,4
658,460,259,80,64,162,9,4,4
659,460,259,80,64,162,9,4,3
660,460,260,80,64,162,9,4,2
661,460,260,80,64,162,9,4,1
662,460,260,80,64,162,9,4,1
663,460,259,80,64,162,9,4,1
664,460,260,80,64,162,9,4,1
665,460,260,80,64,162,9,4,1
666,460,260,80,64,162,9,4,1
667,460,260,80,64,162,9,4,1
668,460,259,81,64,162,9,4,1
669,460,259,81,65,162,9,4,1
670,460,259,81,64,162,9,4,1
671,460,259,81,64,162,9,4,2
672,460,259,80,64,162,9,4,1
673,460,259,80,64,162,9,4,1
674,460,259,80,64,162,9,4,1
675,460,259,80,64,162,9,4,1
676,460,259,80,64,162,9,4,1
677,461,259,79,64,162,9,4,0
678,461,259,79,64,162,9,4,0
679,461,259,79,64,162,9,4,0
680,461,259,80,64,162,9,4,0
681,461,259,80,64,162,9,4,0
682,461,259,80,64,162,9,4,0
683,461,259,80,64,162,9,4,0
684,462,259,79,65,162,9,4,2
685,462,259,79,65,162,9,4,3
686,462,259,79,65,162,9,4,4
687,462,259,79,65,162,9,4,5
688,461,260,79,64,162,9,4,4
689,461,260,79,64,162,9,4,3
690,461,260,79,64,162,9,4,3
691,461,260,79,64,162,9,4,4
692,461,259,79,64,162,9,4,4
693,461,259,79,64,162,9,4,3
694,461,260,79,64,162,9,4,2
695,461,260,79,64,162,9,4,2
696,460,259,80,64,162,9,4,2
697,460,259,80,64,162,9,4,2
698,460,259,80,64,162,9,4,2
699,460,259,80,64,162,9,4,3
700,460,259,80,64,162,9,4,3
701,460,259,80,64,162,9,4,2
702,460,259,80,64,162,9,4,2
703,460,259,80,64,162,9,4,2
704,461,259,80,65,162,9,4,3
705,461,259,80,65,162,9,4,3
706,461,259,80,65,162,9,4,2
707,461,258,80,65,162,9,4,2
708,460,259,80,65,162,9,4,1
709,460,259,80,65,162,9,4,1
710,461,259,79,65,162,9,4,1
711,461,259,79,65,162,9,4,1
712,460,259,81,65,162,9,4,1
713,460,259,81,65,162,9,4,1
714,460,259,81,65,162,9,4,0
715,460,259,81,65,162,9,4,0
716,460,259,81,65,162,9,4,0
717,460,259,81,65,162,9,4,0
718,460,259,81,65,162,9,4,0
719,460,259,81,65,162,9,4,0
720,461,260,79,64,162,9,4,1
721,461,260,79,64,162,9,4,2
722,461,259,79,64,162,9,4,2
723,461,259,79,64,162,9,4,2
724,461,259,79,64,162,9,4,3
725,461,259,80,64,162,9,4,4
726,460,259,80,64,162,9,4,4
727,460,259,80,64,162,9,4,3
728,460,259,80,64,162,9,4,1
729,460,259,80,64,162,9,4,0
730,460,259,80,64,162,9,4,1
731,460,259,80,64,162,9,4,3
732,460,260,80,64,162,9,4,4
733,460,260,80,64,162,9,4,5
734,460,260,80,64,162,9,4,5
735,460,260,80,64,162,9,4,5
736,460,260,80,64,162,9,4,4
737,460,260,80,64,162,9,4,3
738,460,260,80,64,162,9,4,1
739,460,260,80,64,162,9,4,1
740,460,260,80,64,162,9,4,0
741,460,260,80,64,162,9,4,0
742,460,260,80,64,162,9,4,1
743,460,260,80,64,162,9,4,2
744,460,257,81,66,162,9,4,4
745,460,257,81,66,162,9,4,4
746,460,257,81,66,162,9,4,4
747,460,257,81,66,162,9,4,4
748,460,257,81,66,162,9,4,4
749,460,257,81,66,162,9,4,4
750,460,259,80,65,162,9,4,4
751,460,259,80,65,162,9,4,3
752,460,259,80,65,162,9,4,2
753,460,259,80,65,162,9,4,2
754,460,259,80,65,162,9,4,2
755,460,259,80,65,162,9,4,2
756,460,257,81,67,162,9,4,1
757,460,257,81,67,162,9,4,0
758,460,257,81,67,162,9,4,0
759,460,257,81,67,162,9,4,1
760,460,258,81,65,162,9,4,1
761,460,259,81,65,162,9,4,1
762,460,259,81,65,162,9,4,1
763,460,259,80,65,162,9,4,0
764,460,259,81,65,162,9,4,0
765,460,259,80,65,162,9,4,1
766,460,259,80,65,162,9,4,2
767,460,259,80,65,162,9,4,3
768,460,259,81,64,162,9,4,4
769,460,259,80,64,162,9,4,4
770,460,259,80,64,162,9,4,28
771,459,258,80,55,162,9,4,45
772,458,259,81,48,162,9,4,65
773,460,259,80,39,162,9,4,61
774,459,259,81,44,162,9,4,52
775,463,259,78,56,162,9,4,64
776,463,259,76,63,162,9,4,74
777,461,259,79,63,162,9,4,105
778,462,259,78,63,162,9,4,118
779,459,259,82,63,162,9,4,107
780,460,260,81,64,162,9,4,83
781,460,260,81,63,162,9,4,46
782,459,260,81,63,162,9,4,34
783,459,260,81,64,162,9,4,24
784,460,259,80,65,162,9,4,17
785,461,259,80,65,162,9,4,11
786,460,259,80,64,162,9,4,5
787,460,259,80,64,162,9,4,3
788,460,259,80,64,162,9,4,3
789,461,259,80,64,162,9,4,3
790,460,259,80,64,162,9,4,3
791,460,259,80,64,162,9,4,3
792,460,258,80,65,162,9,4,4
793,460,258,80,65,162,9,4,4
794,460,259,80,65,162,9,4,3
795,460,258,80,65,162,9,4,2
796,460,258,80,65,162,9,4,3
797,460,259,80,65,162,9,4,3
798,460,259,80,65,162,9,4,3
799,460,259,81,65,162,9,4,3
800,460,258,80,66,162,9,4,2
801,460,258,80,66,162,9,4,4
802,460,257,80,66,162,9,4,2
803,460,257,80,66,162,9,4,2
804,460,259,81,65,162,9,4,0
805,460,259,81,65,162,9,4,0
806,460,259,81,65,162,9,4,0
807,460,259,81,65,162,9,4,0
808,460,259,80,64,162,9,4,1
809,460,259,80,64,162,9,4,1
810,460,259,80,64,162,9,4,1
811,460,259,80,64,162,9,4,1
812,460,259,80,64,162,9,4,0
813,460,259,80,65,162,9,4,0
814,460,259,80,65,162,9,4,0
815,460,259,81,65,162,9,4,0
816,460,259,80,64,162,9,4,0
817,460,259,80,64,162,9,4,0
818,460,259,80,64,162,9,4,2
819,459,259,81,64,162,9,4,4
820,458,259,82,63,162,9,4,7
821,461,258,79,64,162,9,4,8
822,462,258,77,64,162,9,4,9
823,464,258,75,64,162,9,4,9
824,467,258,73,64,162,9,4,7
825,467,258,72,64,162,9,4,7
826,466,257,74,64,162,9,4,11
827,466,258,74,63,162,9,4,18
828,466,258,74,60,162,9,4,49
829,467,258,74,46,162,9,4,83
830,466,258,74,45,162,9,4,124
831,465,258,75,43,162,9,4,143
832,463,258,77,42,162,9,4,157
833,463,258,78,42,162,9,4,144
834,462,258,78,39,162,9,4,125
835,462,258,78,38,162,9,4,96
836,460,257,80,38,162,9,4,84
837,460,257,80,39,162,9,4,75
838,460,258,80,39,162,9,4,70
839,460,257,80,39,162,9,4,56
840,462,256,78,39,162,9,4,44
841,461,256,79,39,162,9,4,46
842,461,256,79,42,162,9,4,62
843,462,257,78,44,162,9,4,77
844,463,257,77,45,162,9,4,89
845,465,256,76,47,162,9,4,102
846,465,256,76,51,162,9,4,118
847,466,256,75,64,162,9,4,134
848,463,258,77,64,162,9,4,146
849,463,258,77,64,162,9,4,152
850,463,258,77,64,162,9,4,146
851,463,258,77,64,162,9,4,114
852,465,259,76,63,162,9,4,76
853,464,259,76,63,162,9,4,38
854,465,259,76,63,162,9,4,23
855,462,259,78,63,162,9,4,12
856,461,259,79,63,162,9,4,8
857,460,259,80,63,162,9,4,5
858,460,259,80,63,162,9,4,4
859,459,259,81,63,162,9,4,4
860,459,259,81,64,162,9,4,5
861,460,259,80,64,162,9,4,7
862,460,259,81,64,162,9,4,6
863,460,259,81,64,162,9,4,5
864,459,257,81,65,162,9,4,4
865,459,257,81,65,162,9,4,6
866,458,257,82,65,162,9,4,8
867,458,258,82,63,162,9,4,8
868,458,258,82,64,162,9,4,6
869,458,257,83,65,162,9,4,4
870,458,257,82,65,162,9,4,2
871,458,257,82,65,162,9,4,2
872,459,258,82,64,162,9,4,1
873,459,258,81,63,162,9,4,2
874,459,258,81,63,162,9,4,4
875,459,258,81,65,162,9,4,8
876,459,259,81,65,162,9,4,12
877,459,259,81,65,162,9,4,16
878,459,259,81,64,162,9,4,16
879,459,259,81,65,162,9,4,13
880,460,259,81,64,162,9,4,8
881,460,259,80,64,162,9,4,4
882,460,259,80,64,162,9,4,3
883,460,259,81,65,162,9,4,1
884,460,259,80,65,162,9,4,1
885,460,259,80,65,162,9,4,2
886,460,259,80,65,162,9,4,2
887,460,259,80,65,162,9,4,1
888,460,259,80,64,162,9,4,0
889,460,259,80,65,162,9,4,0
890,460,259,80,65,162,9,4,0
891,460,259,80,65,162,9,4,0
892,460,259,80,64,162,9,4,0
893,460,259,80,64,162,9,4,0
894,460,259,80,64,162,9,4,0
895,460,259,80,64,162,9,4,0
896,460,259,80,65,162,9,4,0
897,460,259,80,65,162,9,4,0
898,460,259,80,64,162,9,4,0
899,460,259,80,64,162,9,4,0
900,460,259,81,64,162,9,4,0
901,460,259,81,64,162,9,4,0
902,460,259,81,64,162,9,4,0
903,460,259,81,64,162,9,4,0
904,460,259,80,65,162,9,4,0
905,460,259,80,65,162,9,4,0
906,460,259,80,65,162,9,4,1
907,460,259,81,64,162,9,4,1
908,460,259,81,64,162,9,4,1
909,460,259,81,65,162,9,4,1
910,460,259,80,65,162,9,4,1
911,460,259,80,65,162,9,4,2
912,460,258,80,65,162,9,4,3
913,460,259,80,65,162,9,4,2
914,460,259,80,65,162,9,4,2
915,460,259,80,65,162,9,4,1
916,460,259,80,65,162,9,4,2
917,460,259,80,65,162,9,4,2
918,460,259,80,65,162,9,4,2
919,460,259,80,65,162,9,4,1
920,460,259,80,65,162,9,4,0
921,460,259,80,65,162,9,4,0
922,460,259,80,65,162,9,4,0
923,460,259,80,65,162,9,4,0
924,461,259,79,65,162,9,4,0
925,461,259,79,65,162,9,4,1
926,461,259,80,65,162,9,4,1
927,461,259,79,65,162,9,4,2
928,460,258,80,66,162,9,4,2
929,460,257,80,66,162,9,4,2
930,460,258,80,66,162,9,4,1
931,460,258,80,66,162,9,4,1
932,460,257,80,66,162,9,4,1
933,460,257,80,66,162,9,4,1
934,460,257,80,66,162,9,4,1
935,460,257,80,67,162,9,4,1
936,460,256,80,68,162,9,4,1
937,460,256,80,68,162,9,4,1
938,460,256,80,68,162,9,4,1
939,460,255,80,68,162,9,4,2
940,460,255,80,68,162,9,4,2
941,460,255,80,68,162,9,4,3
942,460,255,80,68,162,9,4,3
943,460,255,80,68,162,9,4,3
944,462,257,78,67,162,9,4,2
945,462,256,78,67,162,9,4,2
946,462,256,78,67,162,9,4,2
947,462,257,78,67,162,9,4,3
948,461,258,79,66,162,9,4,2
949,461,258,79,66,162,9,4,2
950,461,258,79,66,162,9,4,2
951,461,258,79,66,162,9,4,2
952,460,258,80,66,162,9,4,1
953,460,258,80,66,162,9,4,0
954,460,258,80,66,162,9,4,0
955,460,258,80,66,162,9,4,1
956,460,258,80,65,162,9,4,1
957,460,259,80,65,162,9,4,1
958,460,259,80,65,162,9,4,0
959,460,259,80,65,162,9,4,0
960,460,259,80,65,162,9,4,1
961,460,259,80,65,162,9,4,2
962,460,259,80,65,162,9,4,4
963,460,258,80,65,162,9,4,3
964,460,258,80,65,162,9,4,2
965,460,259,80,65,162,9,4,1
966,460,259,80,65,162,9,4,0
967,460,259,80,65,162,9,4,1
968,461,259,79,65,162,9,4,1
969,461,259,79,65,162,9,4,1
970,461,259,79,65,162,9,4,2
971,461,259,79,65,162,9,4,2
972,461,259,79,64,162,9,4,2
973,461,259,79,65,162,9,4,1
974,461,259,79,65,162,9,4,1
975,461,259,79,64,162,9,4,1
976,461,259,79,65,162,9,4,1
977,461,259,79,64,162,9,4,1
978,461,259,79,64,162,9,4,0
979,461,259,79,64,162,9,4,0
980,460,259,80,65,162,9,4,0
981,460,259,80,65,162,9,4,0
982,460,259,79,65,162,9,4,0
983,460,259,79,65,162,9,4,0
984,460,259,80,65,162,9,4,0
985,460,259,80,65,162,9,4,0
986,460,259,80,64,162,9,4,0
987,460,259,80,64,162,9,4,0
988,460,259,80,64,162,9,4,0
989,460,259,80,64,162,9,4,0
990,460,259,80,64,162,9,4,0
991,460,259,80,64,162,9,4,0
992,462,259,79,65,162,9,4,0
993,462,259,79,64,162,9,4,0
994,462,259,79,64,162,9,4,1
995,462,259,79,64,162,9,4,2
996,461,260,80,64,162,9,4,4
997,461,260,80,64,162,9,4,4
998,461,260,80,64,162,9,4,3
999,461,260,80,64,162,9,4,2
1000,461,259,80,64,162,9,4,2
1001,461,259,80,64,162,9,4,2
1002,461,259,80,64,162,9,4,3
1003,461,259,80,64,162,9,4,4
1004,460,259,80,64,162,9,4,3
1005,461,259,80,64,162,9,4,2
1006,461,259,80,64,162,9,4,1
1007,461,259,80,64,162,9,4,1
1008,460,260,80,64,162,9,4,2
1009,460,260,80,64,162,9,4,2
1010,460,260,80,64,162,9,4,2
1011,460,260,80,64,162,9,4,2
1012,460,260,80,64,162,9,4,2
1013,460,260,80,64,162,9,4,1
1014,460,260,80,64,162,9,4,1
1015,460,260,80,64,162,9,4,1
1016,461,259,79,64,162,9,4,1
1017,461,260,79,64,162,9,4,1
1018,461,260,79,64,162,9,4,1
1019,461,259,79,64,162,9,4,2
1020,461,259,79,64,162,9,4,1
1021,461,259,79,64,162,9,4,1
1022,460,259,80,64,162,9,4,1
1023,460,259,80,64,162,9,4,2
1024,461,259,79,65,162,9,4,2
1025,460,259,80,65,162,9,4,2
1026,461,259,79,65,162,9,4,2
1027,461,259,79,65,162,9,4,2
1028,461,259,79,65,162,9,4,2
1029,460,259,80,65,162,9,4,1
1030,461,259,79,65,162,9,4,0
1031,461,259,79,65,162,9,4,1
1032,462,260,78,64,162,9,4,1
1033,462,260,78,63,162,9,4,2
1034,462,260,78,63,162,9,4,2
1035,462,260,78,63,162,9,4,2
1036,462,260,78,63,162,9,4,2
1037,462,260,79,63,162,9,4,2
1038,462,260,78,63,162,9,4,2
1039,462,260,79,63,162,9,4,3
1040,461,260,79,64,162,9,4,4
1041,461,260,79,64,162,9,4,4
1042,461,260,80,64,162,9,4,3
1043,460,260,80,64,162,9,4,2
1044,460,259,80,64,162,9,4,2
1045,460,259,80,64,162,9,4,2
1046,460,259,80,64,162,9,4,2
1047,460,259,80,64,162,9,4,1
1048,462,259,78,65,162,9,4,1
1049,462,259,78,65,162,9,4,1
1050,461,258,79,65,162,9,4,2
1051,461,259,79,65,162,9,4,2
1052,461,259,79,65,162,9,4,2
1053,462,259,78,65,162,9,4,1
1054,462,259,78,65,162,9,4,1
1055,462,259,78,65,162,9,4,1
1056,462,259,78,65,162,9,4,1
1057,462,259,78,65,162,9,4,0
1058,462,259,78,65,162,9,4,0
1059,462,259,79,65,162,9,4,0
1060,462,259,79,65,162,9,4,0
1061,462,259,79,65,162,9,4,0
1062,462,259,79,65,162,9,4,1
1063,462,259,79,65,162,9,4,2
1064,460,259,81,64,162,9,4,3
1065,460,259,81,64,162,9,4,3
1066,460,259,80,64,162,9,4,3
1067,460,259,80,64,162,9,4,2
1068,460,259,82,65,162,9,4,2
1069,460,259,82,65,162,9,4,3
1070,460,259,82,65,162,9,4,4
1071,460,259,82,65,162,9,4,4
1072,461,260,79,64,162,9,4,3
1073,461,259,79,64,162,9,4,1
1074,461,260,79,64,162,9,4,0
1075,461,260,79,64,162,9,4,1
1076,461,260,79,64,162,9,4,2
1077,461,259,79,64,162,9,4,2
1078,461,259,79,64,162,9,4,3
1079,461,259,79,64,162,9,4,3
1080,460,259,81,64,162,9,4,3
1081,460,259,81,64,162,9,4,3
1082,460,260,81,64,162,9,4,2
1083,460,260,81,64,162,9,4,2
1084,460,259,81,64,162,9,4,0
1085,460,259,81,64,162,9,4,0
1086,460,259,81,64,162,9,4,1
1087,460,259,81,64,162,9,4,1
1088,461,259,79,64,162,9,4,1
1089,461,260,79,64,162,9,4,0
1090,461,259,79,64,162,9,4,1
1091,461,259,79,64,162,9,4,2
1092,461,260,79,64,162,9,4,4
1093,461,260,79,64,162,9,4,3
1094,461,260,79,64,162,9,4,3
1095,461,260,79,64,162,9,4,4
1096,460,260,80,64,162,9,4,4
1097,460,260,80,64,162,9,4,3
1098,460,260,80,64,162,9,4,2
1099,460,260,80,64,162,9,4,2
1100,460,259,80,64,162,9,4,2
1101,460,260,80,64,162,9,4,1
1102,460,260,80,64,162,9,4,1
1103,460,260,80,64,162,9,4,1
1104,460,259,80,65,162,9,4,1
1105,460,259,80,65,162,9,4,1
1106,460,259,80,65,162,9,4,1
1107,460,259,80,65,162,9,4,2
1108,460,259,81,65,162,9,4,2
1109,460,259,81,64,162,9,4,2
1110,460,259,81,65,162,9,4,1
1111,460,259,81,65,162,9,4,1
1112,461,259,79,65,162,9,4,0
1113,461,259,79,65,162,9,4,1
1114,461,259,79,65,162,9,4,2
1115,461,259,79,65,162,9,4,2
1116,460,259,80,64,162,9,4,2
1117,460,260,80,64,162,9,4,1
1118,460,260,80,64,162,9,4,1
1119,460,260,80,64,162,9,4,1
1120,460,260,80,64,162,9,4,1
1121,460,260,80,64,162,9,4,1
1122,461,259,80,64,162,9,4,1
1123,460,259,80,64,162,9,4,0
1124,460,259,81,65,162,9,4,1
1125,460,259,80,65,162,9,4,1
1126,460,259,80,64,162,9,4,2
1127,460,260,80,64,162,9,4,3
1128,460,260,81,64,162,9,4,3
1129,460,260,80,64,162,9,4,2
1130,460,260,80,64,162,9,4,2
1131,460,260,80,64,162,9,4,2
1132,460,260,80,64,162,9,4,2
1133,460,260,80,64,162,9,4,1
1134,460,260,80,64,162,9,4,1
1135,460,260,80,64,162,9,4,2
1136,460,260,80,64,162,9,4,2
1137,460,260,80,64,162,9,4,1
1138,460,260,80,64,162,9,4,1
1139,461,260,80,64,162,9,4,1
1140,460,260,80,64,162,9,4,1
1141,460,260,80,64,162,9,4,1
1142,460,260,80,64,162,9,4,1
1143,460,260,80,64,162,9,4,2
1144,459,260,81,64,162,9,4,3
1145,459,260,81,64,162,9,4,3
1146,459,260,81,64,162,9,4,2
1147,459,260,81,64,162,9,4,2
1148,459,260,81,64,162,9,4,1
1149,459,260,81,64,162,9,4,1
1150,459,260,81,64,162,9,4,1
1151,459,260,81,64,162,9,4,1
1152,460,260,80,64,162,9,4,1
1153,460,260,80,64,162,9,4,1
1154,460,260,80,64,162,9,4,1
1155,460,260,80,64,162,9,4,1
1156,460,260,80,64,162,9,4,1
1157,460,260,80,64,162,9,4,1
1158,460,260,80,64,162,9,4,1
1159,460,260,80,64,162,9,4,2
1160,460,260,80,63,162,9,4,3
1161,460,260,80,63,162,9,4,3
1162,460,260,80,63,162,9,4,2
1163,460,260,80,63,162,9,4,1
1164,460,260,80,64,162,9,4,1
1165,460,260,80,64,162,9,4,1
1166,460,260,80,64,162,9,4,1
1167,460,260,80,64,162,9,4,1
1168,460,259,81,64,162,9,4,1
1169,460,259,81,64,162,9,4,1
1170,460,259,81,64,162,9,4,2
1171,460,259,81,64,162,9,4,1
1172,460,259,81,64,162,9,4,2
1173,460,260,81,64,162,9,4,2
1174,460,260,81,64,162,9,4,3
1175,460,260,81,64,162,9,4,2
1176,460,260,81,64,162,9,4,2
1177,460,260,81,64,162,9,4,2
1178,460,260,81,64,162,9,4,2
1179,460,260,81,64,162,9,4,1
1180,460,260,81,64,162,9,4,1
1181,460,260,81,64,162,9,4,0
1182,460,260,81,64,162,9,4,0
1183,460,260,81,64,162,9,4,1
1184,460,260,80,63,162,9,4,2
1185,460,260,80,63,162,9,4,2
1186,460,260,80,63,162,9,4,2
1187,460,260,80,63,162,9,4,1
1188,460,260,80,64,162,9,4,1
1189,460,260,80,64,162,9,4,1
1190,460,260,80,64,162,9,4,1
1191,460,260,80,64,162,9,4,0
1192,460,260,81,63,162,9,4,0
1193,460,260,80,63,162,9,4,1
1194,460,260,81,63,162,9,4,2
1195,460,260,81,63,162,9,4,2
1196,460,260,81,63,162,9,4,2
1197,460,260,81,63,162,9,4,1
1198,460,260,81,63,162,9,4,0
1199,460,260,81,63,162,9,4,0
1200,460,259,80,64,162,9,4,0
1201,460,259,80,64,162,9,4,0
1202,460,259,80,64,162,9,4,0
1203,460,259,80,64,162,9,4,0
1204,460,259,80,64,162,9,4,0
1205,460,259,80,64,162,9,4,0
1206,460,259,80,64,162,9,4,0
1207,460,259,80,64,162,9,4,1
1208,460,260,80,64,162,9,4,2
1209,460,260,80,64,162,9,4,2
1210,460,260,80,64,162,9,4,2
1211,460,260,80,64,162,9,4,2
1212,460,259,80,65,162,9,4,1
1213,460,259,80,65,162,9,4,1
1214,460,259,80,65,162,9,4,2
1215,460,259,80,65,162,9,4,2
1216,460,259,81,64,162,9,4,3
1217,460,259,81,64,162,9,4,3
1218,460,259,81,64,162,9,4,2
1219,460,259,81,64,162,9,4,2
1220,460,259,81,64,162,9,4,1
1221,460,259,81,64,162,9,4,1
1222,460,259,81,64,162,9,4,1
1223,460,259,81,64,162,9,4,2
1224,460,260,81,64,162,9,4,3
1225,460,260,81,64,162,9,4,4
1226,460,260,81,64,162,9,4,4
1227,460,260,81,64,162,9,4,4
1228,460,260,81,64,162,9,4,3
1229,459,260,81,64,162,9,4,2
1230,459,260,81,64,162,9,4,1
1231,459,260,81,64,162,9,4,1
1232,459,260,81,64,162,9,4,1
1233,459,260,81,64,162,9,4,1
1234,460,260,81,64,162,9,4,2
1235,460,260,81,64,162,9,4,2
1236,460,260,80,64,162,9,4,2
1237,460,260,80,64,162,9,4,1
1238,460,260,80,64,162,9,4,0
1239,460,260,80,64,162,9,4,0
1240,460,260,80,64,162,9,4,0
1241,460,260,80,64,162,9,4,0
1242,460,260,80,64,162,9,4,0
1243,460,260,80,64,162,9,4,0
1244,460,260,80,64,162,9,4,0
1245,460,260,80,64,162,9,4,0
1246,460,260,80,64,162,9,4,0
1247,460,260,80,64,162,9,4,1
1248,460,259,81,65,162,9,4,2
1249,460,259,81,65,162,9,4,3
1250,460,260,80,64,162,9,4,3
1251,460,260,80,64,162,9,4,3
1252,460,260,80,64,162,9,4,2
1253,460,260,80,64,162,9,4,2
1254,460,260,80,64,162,9,4,1
1255,460,260,80,64,162,9,4,0
1256,460,260,80,64,162,9,4,0
1257,460,260,80,64,162,9,4,0
1258,460,260,80,64,162,9,4,0
1259,460,260,80,64,162,9,4,0
1260,460,260,80,64,162,9,4,0
1261,460,260,80,64,162,9,4,0
1262,460,260,80,64,162,9,4,0
1263,460,260,80,64,162,9,4,0
1264,460,260,81,64,162,9,4,0
1265,460,260,81,64,162,9,4,0
1266,460,260,81,64,162,9,4,0
1267,460,260,81,64,162,9,4,0
1268,460,260,81,64,162,9,4,0
1269,460,260,80,64,162,9,4,0
1270,460,260,80,64,162,9,4,0
1271,460,260,80,64,162,9,4,0
1272,460,260,81,64,162,9,4,0
1273,460,260,81,64,162,9,4,0
1274,460,260,81,64,162,9,4,0
1275,460,260,81,64,162,9,4,0
1276,460,260,81,64,162,9,4,0
1277,460,260,81,64,162,9,4,0
1278,460,260,80,64,162,9,4,0
1279,460,260,80,64,162,9,4,0
1280,460,260,80,64,162,9,4,0
1281,460,260,80,64,162,9,4,0
1282,460,260,80,64,162,9,4,0
1283,460,260,80,64,162,9,4,0
1284,460,260,80,64,162,9,4,0
1285,460,260,80,64,162,9,4,0
1286,460,260,80,64,162,9,4,0
1287,460,260,80,64,162,9,4,1
1288,460,260,81,64,162,9,4,2
1289,460,259,81,64,162,9,4,4
1290,460,259,81,64,162,9,4,4
1291,460,259,81,64,162,9,4,5
1292,460,259,81,64,162,9,4,5
1293,460,259,81,64,162,9,4,4
1294,460,259,81,64,162,9,4,3
1295,460,259,81,64,162,9,4,3
1296,459,260,81,64,162,9,4,3
1297,459,260,81,64,162,9,4,3
1298,459,260,81,64,162,9,4,3
1299,459,260,81,64,162,9,4,3
1300,459,260,81,64,162,9,4,2
1301,459,260,81,64,162,9,4,1
1302,459,260,82,64,162,9,4,1
1303,459,260,82,64,162,9,4,1
1304,460,260,81,64,162,9,4,1
1305,460,260,81,64,162,9,4,1
1306,460,260,81,64,162,9,4,1
1307,460,260,81,64,162,9,4,2
1308,460,259,81,65,162,9,4,2
1309,460,259,81,65,162,9,4,1
1310,460,259,81,65,162,9,4,0
1311,460,259,81,65,162,9,4,0
1312,460,259,81,65,162,9,4,0
1313,460,259,81,65,162,9,4,1
1314,460,258,81,65,162,9,4,1
1315,460,258,81,65,162,9,4,2
1316,460,258,81,65,162,9,4,1
1317,460,258,81,65,162,9,4,1
1318,460,259,81,65,162,9,4,0
1319,460,259,81,65,162,9,4,0
1320,461,258,80,65,162,9,4,0
1321,461,258,80,65,162,9,4,0
1322,461,258,80,65,162,9,4,1
1323,461,258,80,65,162,9,4,2
1324,461,258,80,65,162,9,4,2
1325,461,258,80,65,162,9,4,1
1326,461,258,80,65,162,9,4,0
1327,461,258,80,65,162,9,4,0
1328,460,259,80,64,162,9,4,0
1329,460,259,80,64,162,9,4,0
1330,460,259,80,64,162,9,4,0
1331,460,259,80,64,162,9,4,0
1332,460,259,80,64,162,9,4,0
1333,460,259,80,64,162,9,4,0
1334,460,259,80,64,162,9,4,0
1335,460,259,80,64,162,9,4,0
1336,460,259,81,64,162,9,4,0
1337,460,259,81,64,162,9,4,0
1338,460,259,81,65,162,9,4,1
1339,460,259,80,65,162,9,4,1
1340,460,259,80,65,162,9,4,2
1341,460,259,80,65,162,9,4,2
1342,460,259,80,65,162,9,4,2
1343,460,259,80,65,162,9,4,2
1344,461,259,79,65,162,9,4,4
1345,461,258,79,65,162,9,4,5
1346,461,258,79,65,162,9,4,7
1347,461,258,79,65,162,9,4,6
1348,461,258,79,65,162,9,4,4
1349,461,259,79,65,162,9,4,3
1350,461,259,79,65,162,9,4,2
1351,461,259,79,65,162,9,4,2
1352,460,259,80,64,162,9,4,1
1353,460,259,80,64,162,9,4,2
1354,460,259,80,64,162,9,4,2
1355,460,259,80,64,162,9,4,2
1356,460,260,80,64,162,9,4,2
1357,460,260,81,64,162,9,4,2
1358,460,260,80,64,162,9,4,2
1359,460,260,80,64,162,9,4,3
1360,461,260,80,64,162,9,4,2
1361,461,260,80,64,162,9,4,2
1362,461,260,80,64,162,9,4,0
1363,461,260,80,64,162,9,4,0
1364,461,260,80,64,162,9,4,0
1365,461,260,80,64,162,9,4,0
1366,461,260,80,64,162,9,4,0
1367,461,260,80,64,162,9,4,0
1368,460,259,81,64,162,9,4,1
1369,460,259,81,64,162,9,4,1
1370,460,259,81,64,162,9,4,2
1371,460,259,81,64,162,9,4,2
1372,460,259,81,64,162,9,4,2
1373,460,259,81,64,162,9,4,1
1374,460,259,81,64,162,9,4,0
1375,460,259,81,64,162,9,4,0
1376,460,259,81,65,162,9,4,0
1377,460,259,81,65,162,9,4,0
1378,460,259,81,64,162,9,4,0
1379,460,259,81,64,162,9,4,0
1380,460,259,80,64,162,9,4,0
1381,460,259,80,64,162,9,4,0
1382,460,259,81,64,162,9,4,1
1383,460,259,81,64,162,9,4,1
1384,460,258,80,65,162,9,4,1
1385,460,259,80,65,162,9,4,1
1386,460,258,80,65,162,9,4,1
1387,460,258,80,65,162,9,4,1
1388,460,258,80,65,162,9,4,1
1389,460,258,80,65,162,9,4,2
1390,460,258,80,65,162,9,4,2
1391,460,258,80,65,162,9,4,2
1392,461,258,80,65,162,9,4,1
1393,461,258,80,65,162,9,4,1
1394,461,258,80,65,162,9,4,1
1395,461,258,80,65,162,9,4,2
1396,460,258,80,65,162,9,4,2
1397,461,258,80,66,162,9,4,2
1398,460,258,80,66,162,9,4,1
1399,460,258,80,66,162,9,4,1
1400,461,258,80,65,162,9,4,0
1401,461,258,80,65,162,9,4,0
1402,461,258,80,65,162,9,4,0
1403,461,258,80,65,162,9,4,0
1404,460,258,80,65,162,9,4,0
1405,460,258,80,65,162,9,4,0
1406,460,258,80,65,162,9,4,0
1407,460,258,80,65,162,9,4,0
1408,460,258,80,65,162,9,4,1
1409,460,258,80,65,162,9,4,2
1410,460,258,80,65,162,9,4,2
1411,460,258,80,65,162,9,4,2
1412,460,259,80,65,162,9,4,2
1413,460,259,80,65,162,9,4,2
1414,460,259,80,65,162,9,4,2
1415,460,259,80,65,162,9,4,2
1416,460,257,80,66,162,9,4,2
1417,460,257,80,66,162,9,4,1
1418,460,257,80,67,162,9,4,1
1419,460,257,80,67,162,9,4,0
1420,460,257,80,67,162,9,4,0
1421,461,257,80,67,162,9,4,0
1422,461,257,80,67,162,9,4,0
1423,461,257,80,67,162,9,4,1
1424,460,259,80,65,162,9,4,1
1425,460,258,80,65,162,9,4,1
1426,460,258,80,65,162,9,4,1
1427,460,258,80,65,162,9,4,1
1428,460,259,80,65,162,9,4,1
1429,460,259,80,65,162,9,4,1
1430,460,259,80,65,162,9,4,2
1431,460,259,80,65,162,9,4,3
1432,460,259,80,65,162,9,4,2
1433,460,259,80,65,162,9,4,1
1434,460,259,80,65,162,9,4,0
1435,460,259,80,65,162,9,4,0
1436,460,259,80,65,162,9,4,0
1437,460,259,80,65,162,9,4,0
1438,460,259,81,65,162,9,4,1
1439,460,259,81,65,162,9,4,1
1440,459,258,81,65,162,9,4,2
1441,459,258,81,65,162,9,4,2
1442,459,258,81,65,162,9,4,2
1443,459,258,81,65,162,9,4,2
1444,459,258,81,65,162,9,4,2
1445,459,258,81,65,162,9,4,1
1446,459,258,81,65,162,9,4,1
1447,459,258,81,65,162,9,4,2
1448,460,259,80,65,162,9,4,3
1449,460,259,80,65,162,9,4,3
1450,460,259,80,65,162,9,4,2
1451,460,258,80,65,162,9,4,1
1452,460,258,81,65,162,9,4,2
1453,460,258,81,65,162,9,4,3
1454,460,258,81,65,162,9,4,4
1455,460,258,81,65,162,9,4,3
1456,460,259,80,65,162,9,4,2
1457,460,259,80,64,162,9,4,1
1458,460,259,80,64,162,9,4,1
1459,460,259,80,64,162,9,4,1
1460,460,259,80,64,162,9,4,1
1461,460,259,80,64,162,9,4,1
1462,460,259,80,64,162,9,4,0
1463,460,259,80,64,162,9,4,0
1464,460,259,81,64,162,9,4,0
1465,460,259,81,64,162,9,4,0
1466,460,259,81,64,162,9,4,0
1467,460,259,81,64,162,9,4,0
1468,460,259,81,64,162,9,4,0
1469,460,259,81,64,162,9,4,0
1470,460,259,81,64,162,9,4,0
1471,460,259,81,64,162,9,4,0
1472,460,259,81,64,162,9,4,0
1473,460,259,81,64,162,9,4,0
1474,460,259,81,64,162,9,4,0
1475,460,259,81,64,162,9,4,1
1476,460,258,81,65,162,9,4,2
1477,460,258,81,65,162,9,4,2
1478,460,258,81,65,162,9,4,2
1479,460,258,81,65,162,9,4,2
1480,460,258,81,66,162,9,4,2
1481,460,258,81,66,162,9,4,3
1482,460,258,81,66,162,9,4,4
1483,460,258,81,66,162,9,4,4
1484,460,258,81,66,162,9,4,4
1485,460,258,81,66,162,9,4,3
1486,460,258,81,66,162,9,4,2
1487,460,258,81,66,162,9,4,3
1488,460,257,81,66,162,9,4,4
1489,460,257,81,66,162,9,4,4
1490,460,257,81,66,162,9,4,4
1491,460,257,81,66,162,9,4,4
1492,460,257,81,66,162,9,4,3
1493,460,257,81,66,162,9,4,2
1494,460,257,81,66,162,9,4,2
1495,460,257,81,66,162,9,4,2
1496,460,258,81,65,162,9,4,2
1497,460,258,81,66,162,9,4,1
1498,460,258,81,65,162,9,4,1
1499,460,258,81,65,162,9,4,0
1500,460,257,81,66,162,9,4,0
1501,460,257,81,66,162,9,4,0
1502,460,257,81,66,162,9,4,0
1503,460,257,81,66,162,9,4,0
1504,460,257,81,66,162,9,4,0
1505,460,257,81,66,162,9,4,0
1506,460,257,80,66,162,9,4,1
1507,460,257,80,66,162,9,4,2
1508,460,257,80,66,162,9,4,2
1509,460,257,80,66,162,9,4,1
1510,460,257,80,66,162,9,4,1
1511,460,257,80,66,162,9,4,1
1512,460,257,81,66,162,9,4,1
1513,460,257,81,66,162,9,4,0
1514,460,257,81,66,162,9,4,0
1515,460,257,81,66,162,9,4,0
1516,460,257,81,66,162,9,4,0
1517,460,257,81,66,162,9,4,0
1518,460,257,81,66,162,9,4,0
1519,460,257,80,66,162,9,4,0
1520,460,258,80,65,162,9,4,0
1521,460,258,80,65,162,9,4,0
1522,460,258,81,65,162,9,4,0
1523,460,258,80,65,162,9,4,0
1524,460,257,80,66,162,9,4,0
1525,460,257,80,66,162,9,4,0
1526,460,257,80,66,162,9,4,2
1527,460,257,80,66,162,9,4,2
1528,460,258,80,66,162,9,4,4
1529,460,257,80,66,162,9,4,3
1530,460,258,80,66,162,9,4,4
1531,460,257,80,66,162,9,4,3
1532,460,258,80,66,162,9,4,2
1533,460,257,80,66,162,9,4,2
1534,461,258,80,66,162,9,4,2
1535,461,258,80,66,162,9,4,2
1536,461,258,80,66,162,9,4,2
1537,461,258,80,66,162,9,4,1
1538,461,258,80,66,162,9,4,1
1539,461,257,80,66,162,9,4,1
1540,461,258,80,66,162,9,4,1
1541,460,258,80,66,162,9,4,1
1542,461,258,80,66,162,9,4,0
1543,461,258,80,66,162,9,4,1
1544,461,258,80,66,162,9,4,1
1545,461,258,80,65,162,9,4,1
1546,461,258,80,65,162,9,4,1
1547,461,258,80,65,162,9,4,1
1548,460,257,80,66,162,9,4,1
1549,460,258,80,66,162,9,4,1
1550,460,258,80,66,162,9,4,1
1551,460,258,81,66,162,9,4,0
1552,460,258,81,65,162,9,4,0
1553,460,258,81,66,162,9,4,0
1554,460,258,81,66,162,9,4,1
1555,460,258,81,66,162,9,4,1
1556,460,258,81,65,162,9,4,1
1557,460,258,81,65,162,9,4,1
1558,460,258,81,66,162,9,4,0
1559,460,258,81,66,162,9,4,0
1560,460,258,81,65,162,9,4,0
1561,460,258,81,65,162,9,4,0
1562,460,258,81,65,162,9,4,0
1563,460,258,81,65,162,9,4,0
1564,460,258,81,65,162,9,4,0
1565,460,258,81,66,162,9,4,0
1566,460,258,80,65,162,9,4,0
1567,460,258,80,65,162,9,4,1
1568,460,258,81,65,162,9,4,1
1569,460,258,81,65,162,9,4,2
1570,460,258,81,65,162,9,4,2
1571,460,258,81,65,162,9,4,2
1572,460,259,81,65,162,9,4,2
1573,459,259,81,64,162,9,4,3
1574,459,259,81,65,162,9,4,5
1575,459,259,81,65,162,9,4,6
1576,460,260,81,64,162,9,4,5
1577,460,260,81,64,162,9,4,4
1578,460,260,81,64,162,9,4,3
1579,460,260,81,64,162,9,4,3
1580,460,260,81,64,162,9,4,2
1581,460,260,81,64,162,9,4,1
1582,460,260,81,64,162,9,4,1
1583,460,260,81,64,162,9,4,1
1584,460,260,81,64,162,9,4,2
1585,460,260,81,63,162,9,4,2
1586,460,260,81,63,162,9,4,2
1587,460,260,81,63,162,9,4,2
1588,460,260,81,63,162,9,4,2
1589,460,260,81,63,162,9,4,1
1590,460,260,81,63,162,9,4,1
1591,460,260,81,63,162,9,4,2
1592,461,260,80,64,162,9,4,3
1593,461,260,80,64,162,9,4,3
1594,461,260,80,64,162,9,4,2
1595,460,260,80,64,162,9,4,1
1596,461,260,80,64,162,9,4,1
1597,461,260,80,64,162,9,4,1
1598,461,260,80,64,162,9,4,2
1599,461,260,79,64,162,9,4,2
1600,460,259,80,64,162,9,4,2
1601,460,259,80,64,162,9,4,2
1602,460,259,80,65,162,9,4,1
1603,461,259,80,64,162,9,4,1
1604,460,259,80,64,162,9,4,1
1605,460,259,80,64,162,9,4,1
1606,460,259,80,64,162,9,4,1
1607,460,259,80,64,162,9,4,1
1608,461,260,80,64,162,9,4,2
1609,461,260,80,64,162,9,4,3
1610,460,260,80,64,162,9,4,3
1611,460,260,80,64,162,9,4,4
1612,461,260,80,64,162,9,4,4
1613,461,260,80,64,162,9,4,5
1614,461,260,80,64,162,9,4,5
1615,461,259,80,64,162,9,4,6
1616,461,259,79,64,162,9,4,5
1617,461,259,80,64,162,9,4,3
1618,461,260,79,64,162,9,4,1
1619,462,260,78,64,162,9,4,1
1620,460,260,81,64,162,9,4,1
1621,460,260,80,64,162,9,4,1
1622,460,260,81,64,162,9,4,0
1623,460,260,81,63,162,9,4,1
1624,460,260,81,64,162,9,4,1
1625,460,260,81,63,162,9,4,2
1626,462,260,79,63,162,9,4,1
1627,461,260,80,64,162,9,4,1
1628,461,258,79,65,162,9,4,0
1629,461,257,79,66,162,9,4,0
1630,461,258,79,66,162,9,4,0
1631,461,258,80,65,162,9,4,1
1632,461,259,80,65,162,9,4,1
1633,460,259,80,65,162,9,4,2
1634,461,259,80,64,162,9,4,2
1635,460,259,81,65,162,9,4,2
1636,460,258,81,66,162,9,4,1
1637,460,257,81,66,162,9,4,0
1638,460,258,81,66,162,9,4,0
1639,460,258,81,66,162,9,4,0
1640,460,259,81,65,162,9,4,1
1641,460,259,81,65,162,9,4,1
1642,460,259,81,65,162,9,4,2
1643,460,259,81,65,162,9,4,2
1644,460,259,80,64,162,9,4,2
1645,460,259,80,64,162,9,4,1
1646,460,259,80,64,162,9,4,0
1647,460,259,80,65,162,9,4,0
1648,460,259,80,65,162,9,4,0
1649,460,259,80,65,162,9,4,0
1650,460,259,80,64,162,9,4,0
1651,460,259,80,65,162,9,4,0
1652,460,259,81,65,162,9,4,0
1653,460,259,81,65,162,9,4,0
1654,460,259,81,65,162,9,4,0
1655,460,259,81,65,162,9,4,0
1656,460,260,81,63,162,9,4,0
1657,460,260,81,63,162,9,4,0
1658,460,260,81,63,162,9,4,0
1659,460,260,81,63,162,9,4,1
1660,460,260,81,63,162,9,4,1
1661,460,260,81,63,162,9,4,0
1662,460,260,81,63,162,9,4,0
1663,460,260,81,63,162,9,4,0
1664,461,260,80,63,162,9,4,0
1665,461,260,80,64,162,9,4,0
1666,461,260,80,64,162,9,4,0
1667,461,260,80,64,162,9,4,0
1668,460,260,81,64,162,9,4,1
1669,460,260,81,64,162,9,4,0
1670,460,260,81,64,162,9,4,0
1671,460,260,81,64,162,9,4,0
1672,461,260,80,64,162,9,4,0
1673,461,260,79,64,162,9,4,0
1674,461,260,79,64,162,9,4,0
1675,461,260,79,64,162,9,4,0
1676,461,260,79,64,162,9,4,0
1677,461,260,79,64,162,9,4,0
1678,461,260,79,64,162,9,4,0
1679,461,260,79,64,162,9,4,1
1680,460,258,80,65,162,9,4,2
1681,460,258,80,65,162,9,4,3
1682,460,258,80,65,162,9,4,3
1683,460,258,80,65,162,9,4,3
1684,460,258,80,65,162,9,4,3
1685,460,258,80,65,162,9,4,3
1686,460,259,80,65,162,9,4,2
1687,460,259,80,65,162,9,4,2
1688,460,259,81,64,162,9,4,1
1689,459,259,81,64,162,9,4,1
1690,459,259,81,64,162,9,4,1
1691,459,259,81,65,162,9,4,1
1692,460,260,81,64,162,9,4,2
1693,459,260,82,64,162,9,4,3
1694,459,260,81,64,162,9,4,3
1695,459,260,81,64,162,9,4,3
1696,460,259,81,65,162,9,4,2
1697,460,259,81,65,162,9,4,2
1698,460,259,81,65,162,9,4,2
1699,460,259,81,65,162,9,4,2
1700,460,259,81,65,162,9,4,1
1701,460,259,81,65,162,9,4,1
1702,460,259,81,65,162,9,4,0
1703,460,259,81,65,162,9,4,0
1704,460,260,81,64,162,9,4,0
1705,460,260,81,64,162,9,4,0
1706,460,260,81,64,162,9,4,0
1707,460,260,81,64,162,9,4,0
1708,460,260,81,64,162,9,4,0
1709,460,260,81,64,162,9,4,0
1710,460,260,81,64,162,9,4,1
1711,460,260,81,64,162,9,4,1
1712,460,259,81,64,162,9,4,2
1713,460,259,81,64,162,9,4,2
1714,460,259,81,64,162,9,4,3
1715,459,259,81,64,162,9,4,3
1716,459,259,81,64,162,9,4,3
1717,459,259,81,64,162,9,4,2
1718,459,259,81,64,162,9,4,1
1719,459,259,81,64,162,9,4,1
1720,459,259,81,65,162,9,4,2
1721,459,259,81,65,162,9,4,1
1722,459,259,81,65,162,9,4,1
1723,459,258,81,65,162,9,4,1
1724,459,258,81,65,162,9,4,2
1725,459,259,81,65,162,9,4,2
1726,459,259,81,65,162,9,4,2
1727,459,259,81,65,162,9,4,2
1728,460,259,81,65,162,9,4,3
1729,460,259,81,65,162,9,4,5
1730,460,259,81,65,162,9,4,5
1731,460,259,81,64,162,9,4,5
1732,460,259,81,65,162,9,4,5
1733,460,259,81,65,162,9,4,5
1734,460,259,81,65,162,9,4,5
1735,460,259,81,65,162,9,4,4
1736,460,259,81,64,162,9,4,3
1737,460,259,81,65,162,9,4,1
1738,460,259,81,64,162,9,4,1
1739,460,258,81,65,162,9,4,0
1740,460,259,81,64,162,9,4,0
1741,460,259,81,64,162,9,4,0
1742,460,259,81,64,162,9,4,1
1743,460,259,81,64,162,9,4,3
1744,460,259,81,65,162,9,4,4
1745,460,259,81,65,162,9,4,4
1746,460,259,81,65,162,9,4,3
1747,460,259,81,65,162,9,4,2
1748,460,259,81,65,162,9,4,1
1749,460,259,81,65,162,9,4,1
1750,461,259,80,65,162,9,4,0
1751,461,259,80,65,162,9,4,0
1752,460,259,80,65,162,9,4,0
1753,460,259,80,65,162,9,4,1
1754,460,259,80,65,162,9,4,2
1755,460,258,80,65,162,9,4,3
1756,460,258,80,65,162,9,4,2
1757,461,259,80,65,162,9,4,2
1758,461,259,80,65,162,9,4,2
1759,461,258,80,65,162,9,4,2
1760,462,258,79,65,162,9,4,2
1761,462,258,79,65,162,9,4,2
1762,462,258,79,65,162,9,4,2
1763,462,258,79,65,162,9,4,2
1764,462,258,79,65,162,9,4,2
1765,462,258,79,65,162,9,4,1
1766,462,258,79,65,162,9,4,0
1767,462,258,79,65,162,9,4,0
1768,461,259,80,64,162,9,4,0
1769,460,259,80,64,162,9,4,0
1770,460,259,80,65,162,9,4,0
1771,460,259,80,65,162,9,4,0
1772,460,259,80,65,162,9,4,0
1773,460,259,80,65,162,9,4,0
1774,460,259,80,64,162,9,4,0
1775,460,259,80,64,162,9,4,1
1776,461,259,80,64,162,9,4,1
1777,461,259,80,64,162,9,4,1
1778,461,259,80,64,162,9,4,1
1779,461,259,80,64,162,9,4,0
1780,461,259,80,64,162,9,4,0
1781,461,259,80,64,162,9,4,0
1782,461,259,80,64,162,9,4,0
1783,461,259,80,64,162,9,4,1
1784,461,260,80,64,162,9,4,2
1785,461,260,80,64,162,9,4,2
1786,461,260,80,64,162,9,4,2
1787,461,260,80,64,162,9,4,1
1788,461,259,79,64,162,9,4,1
1789,461,259,79,64,162,9,4,1
1790,461,259,79,64,162,9,4,2
1791,461,259,79,64,162,9,4,1
1792,460,260,81,64,162,9,4,2
1793,460,260,81,64,162,9,4,3
1794,460,260,81,64,162,9,4,4
1795,460,260,81,64,162,9,4,4
1796,460,260,81,64,162,9,4,3
1797,460,260,81,64,162,9,4,2
1798,460,260,81,64,162,9,4,2
1799,460,260,81,64,162,9,4,3
1800,461,259,79,64,162,9,4,4
1801,461,259,79,64,162,9,4,4
1802,462,259,79,64,162,9,4,4
1803,462,259,79,64,162,9,4,4
1804,462,259,79,64,162,9,4,3
1805,462,259,79,64,162,9,4,2
1806,462,259,79,64,162,9,4,1
1807,462,259,79,64,162,9,4,2
1808,461,260,79,64,162,9,4,3
1809,461,260,79,64,162,9,4,3
1810,461,260,79,64,162,9,4,3
1811,461,260,79,64,162,9,4,4
1812,460,260,80,64,162,9,4,3
1813,461,260,80,64,162,9,4,4
1814,461,260,80,64,162,9,4,3
1815,461,259,80,64,162,9,4,3
1816,460,260,81,64,162,9,4,1
1817,460,260,81,64,162,9,4,1
1818,460,260,81,64,162,9,4,0
1819,460,260,81,64,162,9,4,2
1820,460,260,81,64,162,9,4,2
1821,460,260,80,64,162,9,4,3
1822,460,260,80,64,162,9,4,2
1823,460,260,80,64,162,9,4,3
1824,460,260,80,63,162,9,4,4
1825,460,260,80,63,162,9,4,4
1826,460,260,80,63,162,9,4,4
1827,460,260,80,63,162,9,4,4
1828,460,260,80,63,162,9,4,3
1829,460,260,80,63,162,9,4,2
1830,460,260,80,63,162,9,4,2
1831,460,260,80,63,162,9,4,2
1832,460,260,81,64,162,9,4,2
1833,460,259,81,64,162,9,4,2
1834,460,260,81,64,162,9,4,3
1835,460,260,81,64,162,9,4,3
1836,459,259,81,65,162,9,4,2
1837,459,259,81,65,162,9,4,3
1838,459,259,81,65,162,9,4,2
1839,459,259,81,65,162,9,4,3
1840,460,258,81,66,162,9,4,1
1841,460,258,81,66,162,9,4,1
1842,460,258,81,66,162,9,4,1
1843,459,258,81,66,162,9,4,1
1844,459,258,81,66,162,9,4,2
1845,459,258,81,66,162,9,4,2
1846,459,258,81,66,162,9,4,2
1847,459,259,81,65,162,9,4,1
1848,461,259,79,65,162,9,4,1
1849,461,259,79,65,162,9,4,1
1850,461,259,79,65,162,9,4,1
1851,461,259,79,65,162,9,4,1
1852,461,259,79,65,162,9,4,1
1853,461,259,79,65,162,9,4,1
1854,461,259,79,65,162,9,4,1
1855,461,259,79,65,162,9,4,1
1856,461,259,79,65,162,9,4,0
1857,461,259,79,65,162,9,4,0
1858,461,259,79,65,162,9,4,1
1859,461,259,79,65,162,9,4,2
1860,462,259,79,65,162,9,4,3
1861,462,259,79,65,162,9,4,2
1862,462,259,79,64,162,9,4,2
1863,462,259,79,64,162,9,4,1
1864,460,259,81,65,162,9,4,1
1865,460,259,81,65,162,9,4,0
1866,460,259,80,64,162,9,4,0
1867,460,259,80,65,162,9,4,0
1868,460,259,80,65,162,9,4,1
1869,461,259,80,65,162,9,4,1
1870,460,259,80,65,162,9,4,1
1871,460,259,80,65,162,9,4,1
1872,462,259,78,64,162,9,4,1
1873,462,259,78,64,162,9,4,1
1874,462,260,78,64,162,9,4,1
1875,462,260,78,64,162,9,4,1
1876,462,260,78,64,162,9,4,0
1877,462,260,78,64,162,9,4,0
1878,462,259,78,64,162,9,4,0
1879,462,259,78,64,162,9,4,1
1880,461,259,79,64,162,9,4,1
1881,461,259,79,65,162,9,4,2
1882,460,259,80,65,162,9,4,3
1883,460,259,80,64,162,9,4,5
1884,460,259,81,65,162,9,4,4
1885,460,259,80,65,162,9,4,4
1886,460,259,80,65,162,9,4,2
1887,460,260,80,64,162,9,4,2
1888,460,258,80,65,162,9,4,1
1889,460,258,80,66,162,9,4,1
1890,460,258,80,66,162,9,4,1
1891,460,258,80,66,162,9,4,1
1892,460,258,80,66,162,9,4,2
1893,460,257,80,67,162,9,4,1
1894,460,258,80,66,162,9,4,3
1895,460,258,80,66,162,9,4,4
1896,461,259,79,64,162,9,4,7
1897,461,259,79,64,162,9,4,6
1898,461,259,79,64,162,9,4,5
1899,461,259,79,64,162,9,4,3
1900,461,259,79,64,162,9,4,3
1901,461,259,78,64,162,9,4,1
1902,461,259,78,64,162,9,4,1
1903,461,259,78,64,162,9,4,1
1904,460,260,80,64,162,9,4,1
1905,460,259,80,64,162,9,4,0
1906,460,259,80,64,162,9,4,0
1907,460,259,79,64,162,9,4,0
1908,460,259,80,65,162,9,4,1
1909,460,259,80,65,162,9,4,1
1910,460,259,80,65,162,9,4,2
1911,460,259,80,65,162,9,4,4
1912,460,260,80,64,162,9,4,4
1913,460,260,80,64,162,9,4,4
1914,460,260,80,64,162,9,4,3
1915,460,260,80,64,162,9,4,3
1916,460,260,80,64,162,9,4,2
1917,460,260,81,64,162,9,4,1
1918,460,260,81,64,162,9,4,1
1919,460,260,80,64,162,9,4,1
1920,460,259,80,65,162,9,4,1
1921,460,259,80,65,162,9,4,2
1922,460,259,80,65,162,9,4,1
1923,460,259,80,65,162,9,4,1
1924,460,259,80,65,162,9,4,0
1925,460,259,82,65,162,9,4,0
1926,460,259,82,65,162,9,4,0
1927,460,258,80,66,162,9,4,0
0,703,299,67,60,163,6,0,0
1,702,299,68,60,163,6,0,0
2,702,299,68,60,163,6,0,0
3,702,299,68,60,163,6,0,0
4,702,299,68,60,163,6,0,0
5,702,299,68,60,163,6,0,0
6,702,299,68,60,163,6,0,0
7,702,299,68,60,163,6,0,1
8,702,298,67,60,163,6,0,2
9,702,298,67,60,163,6,0,3
10,702,298,67,60,163,6,0,2
11,702,298,67,60,163,6,0,1
12,703,299,67,60,163,6,0,1
13,703,299,67,60,163,6,0,1
14,703,299,67,60,163,6,0,2
15,703,299,67,60,163,6,0,2
16,702,299,68,60,163,6,0,2
17,702,299,68,60,163,6,0,2
18,702,299,68,60,163,6,0,1
19,702,299,68,60,163,6,0,1
20,702,299,68,60,163,6,0,0
21,702,299,68,60,163,6,0,0
22,702,299,68,60,163,6,0,0
23,703,299,68,60,163,6,0,0
24,703,298,67,61,163,6,0,0
25,703,298,67,61,163,6,0,0
26,703,298,67,61,163,6,0,0
27,703,298,67,61,163,6,0,0
28,703,298,67,61,163,6,0,0
29,703,298,67,61,163,6,0,0
30,703,298,67,61,163,6,0,0
31,703,298,67,61,163,6,0,0
32,702,298,68,61,163,6,0,0
33,702,298,68,61,163,6,0,0
34,702,298,68,61,163,6,0,1
35,702,298,68,61,163,6,0,2
36,702,299,68,61,163,6,0,2
37,702,299,68,61,163,6,0,2
38,702,299,68,61,163,6,0,2
39,702,299,68,61,163,6,0,2
40,702,299,68,61,163,6,0,2
41,702,299,68,61,163,6,0,1
42,702,299,68,61,163,6,0,0
43,702,299,68,61,163,6,0,0
44,702,299,68,61,163,6,0,0
45,702,299,68,61,163,6,0,0
46,702,299,68,61,163,6,0,0
47,702,299,68,61,163,6,0,1
48,702,298,67,60,163,6,0,2
49,702,298,67,60,163,6,0,3
50,702,298,67,60,163,6,0,3
51,703,298,67,60,163,6,0,3
52,703,298,67,60,163,6,0,3
53,703,298,67,60,163,6,0,3
54,702,299,67,60,163,6,0,3
55,702,299,67,60,163,6,0,2
56,703,299,68,60,163,6,0,1
57,703,298,68,61,163,6,0,0
58,703,298,68,61,163,6,0,0
59,703,298,68,61,163,6,0,0
60,703,298,68,61,163,6,0,0
61,703,298,68,61,163,6,0,0
62,703,298,68,61,163,6,0,1
63,703,298,68,61,163,6,0,1
64,703,299,68,60,163,6,0,1
65,703,299,68,60,163,6,0,0
66,703,299,68,60,163,6,0,0
67,703,299,68,60,163,6,0,0
68,703,299,68,60,163,6,0,0
69,703,299,68,60,163,6,0,0
70,703,299,68,60,163,6,0,0
71,703,299,68,60,163,6,0,0
72,703,299,67,60,163,6,0,0
73,703,299,67,60,163,6,0,0
74,703,299,67,60,163,6,0,0
75,703,299,67,60,163,6,0,0
76,703,299,67,60,163,6,0,0
77,703,299,67,60,163,6,0,0
78,703,299,67,60,163,6,0,0
79,703,299,67,60,163,6,0,0
80,702,298,68,61,163,6,0,0
81,702,298,68,61,163,6,0,0
82,702,298,68,61,163,6,0,0
83,702,299,68,61,163,6,0,0
84,702,299,69,60,163,6,0,0
85,702,299,69,60,163,6,0,1
86,702,299,69,60,163,6,0,1
87,703,299,69,60,163,6,0,1
88,702,299,68,60,163,6,0,1
89,702,299,68,60,163,6,0,1
90,702,299,68,60,163,6,0,0
91,702,299,68,60,163,6,0,0
92,702,299,68,60,163,6,0,0
93,702,299,68,60,163,6,0,0
94,702,299,68,60,163,6,0,0
95,702,299,68,60,163,6,0,0
96,703,298,67,61,163,6,0,1
97,703,298,67,61,163,6,0,1
98,703,298,67,61,163,6,0,1
99,703,298,67,61,163,6,0,1
100,703,298,67,61,163,6,0,1
101,703,298,67,61,163,6,0,0
102,703,298,67,61,163,6,0,0
103,703,298,67,61,163,6,0,1
104,703,299,68,60,163,6,0,2
105,703,299,68,61,163,6,0,2
106,703,299,68,60,163,6,0,2
107,703,299,68,61,163,6,0,1
108,703,299,68,60,163,6,0,1
109,703,299,68,60,163,6,0,1
110,703,299,68,60,163,6,0,0
111,703,299,68,60,163,6,0,0
112,703,299,67,60,163,6,0,0
113,703,299,67,60,163,6,0,0
114,703,299,67,60,163,6,0,0
115,703,299,67,60,163,6,0,0
116,703,299,67,60,163,6,0,0
117,703,299,67,60,163,6,0,0
118,703,299,67,60,163,6,0,0
119,703,299,67,60,163,6,0,0
120,702,299,68,60,163,6,0,0
121,702,299,68,60,163,6,0,0
122,702,299,68,60,163,6,0,0
123,702,299,68,60,163,6,0,0
124,702,299,68,60,163,6,0,0
125,702,299,68,60,163,6,0,0
126,702,299,68,60,163,6,0,0
127,702,299,68,60,163,6,0,0
128,702,299,67,60,163,6,0,0
129,702,299,67,60,163,6,0,0
130,702,299,67,60,163,6,0,0
131,702,299,67,60,163,6,0,1
132,702,299,67,61,163,6,0,1
133,702,299,67,61,163,6,0,0
134,702,299,67,61,163,6,0,0
135,702,299,67,61,163,6,0,0
136,702,299,67,60,163,6,0,0
137,703,299,67,60,163,6,0,0
138,703,299,67,60,163,6,0,0
139,703,299,67,60,163,6,0,0
140,702,299,67,60,163,6,0,0
141,702,299,67,60,163,6,0,0
142,702,299,67,60,163,6,0,0
143,702,299,67,60,163,6,0,0
144,703,299,67,60,163,6,0,0
145,703,299,67,60,163,6,0,0
146,703,299,67,60,163,6,0,0
147,703,299,67,60,163,6,0,0
148,703,299,67,60,163,6,0,0
149,703,299,67,60,163,6,0,0
150,703,299,67,60,163,6,0,0
151,703,299,67,60,163,6,0,0
152,703,299,67,60,163,6,0,0
153,703,299,67,60,163,6,0,0
154,703,299,67,60,163,6,0,0
155,703,299,67,60,163,6,0,1
156,703,298,67,61,163,6,0,2
157,703,298,67,61,163,6,0,2
158,703,298,67,61,163,6,0,2
159,703,298,67,61,163,6,0,1
160,703,299,67,60,163,6,0,1
161,702,299,67,61,163,6,0,1
162,702,299,67,60,163,6,0,2
163,702,299,67,60,163,6,0,2
164,702,299,67,60,163,6,0,2
165,702,299,67,60,163,6,0,1
166,702,299,67,60,163,6,0,0
167,702,299,67,60,163,6,0,0
168,702,299,68,60,163,6,0,0
169,702,299,68,60,163,6,0,0
170,702,299,68,60,163,6,0,0
171,702,299,68,60,163,6,0,0
172,702,299,68,60,163,6,0,0
173,702,299,68,60,163,6,0,0
174,702,299,68,60,163,6,0,0
175,702,299,68,60,163,6,0,1
176,702,298,68,61,163,6,0,2
177,702,298,68,61,163,6,0,2
178,702,298,68,61,163,6,0,2
179,702,298,68,60,163,6,0,1
180,703,299,67,60,163,6,0,1
181,703,299,67,60,163,6,0,1
182,703,299,67,60,163,6,0,1
183,703,299,67,60,163,6,0,1
184,703,299,67,60,163,6,0,1
185,703,299,68,60,163,6,0,1
186,703,299,67,60,163,6,0,1
187,703,299,67,60,163,6,0,1
188,703,299,67,60,163,6,0,0
189,703,299,67,60,163,6,0,0
190,703,299,67,60,163,6,0,0
191,703,299,67,60,163,6,0,0
192,703,299,67,60,163,6,0,0
193,703,299,67,60,163,6,0,0
194,703,299,67,60,163,6,0,0
195,702,299,68,60,163,6,0,0
196,702,299,67,60,163,6,0,0
197,702,299,67,60,163,6,0,0
198,702,299,67,60,163,6,0,0
199,702,299,67,60,163,6,0,0
200,703,299,68,60,163,6,0,0
201,703,299,68,60,163,6,0,0
202,703,299,68,60,163,6,0,0
203,703,299,68,60,163,6,0,0
204,703,299,67,60,163,6,0,0
205,703,299,67,60,163,6,0,0
206,703,299,67,60,163,6,0,0
207,703,299,67,60,163,6,0,0
208,703,299,67,60,163,6,0,0
209,703,299,67,60,163,6,0,0
210,703,299,67,60,163,6,0,0
211,702,299,68,60,163,6,0,0
212,702,299,68,60,163,6,0,0
213,702,299,68,60,163,6,0,0
214,702,299,67,60,163,6,0,0
215,702,299,67,60,163,6,0,0
216,703,299,67,60,163,6,0,0
217,703,299,67,60,163,6,0,0
218,703,299,67,60,163,6,0,0
219,703,299,67,60,163,6,0,0
220,703,299,67,60,163,6,0,0
221,703,299,67,60,163,6,0,0
222,703,299,67,60,163,6,0,0
223,703,299,67,60,163,6,0,1
224,702,299,67,60,163,6,0,1
225,702,299,67,60,163,6,0,1
226,702,299,67,60,163,6,0,1
227,702,299,67,60,163,6,0,0
228,702,298,68,61,163,6,0,0
229,702,298,68,61,163,6,0,1
230,702,298,68,61,163,6,0,1
231,702,298,68,61,163,6,0,1
232,703,298,68,61,163,6,0,1
233,703,298,68,61,163,6,0,1
234,703,298,68,61,163,6,0,1
235,703,298,68,61,163,6,0,1
236,703,298,68,61,163,6,0,0
237,703,298,68,61,163,6,0,0
238,703,298,68,61,163,6,0,0
239,703,298,68,61,163,6,0,0
240,703,299,67,60,163,6,0,0
241,703,299,67,60,163,6,0,0
242,703,299,67,60,163,6,0,0
243,703,299,67,60,163,6,0,1
244,703,298,67,60,163,6,0,2
245,703,298,67,60,163,6,0,3
246,703,298,67,60,163,6,0,2
247,703,298,67,60,163,6,0,1
248,702,299,67,60,163,6,0,0
249,702,299,67,60,163,6,0,1
250,702,298,67,60,163,6,0,1
251,702,299,67,60,163,6,0,1
252,702,298,67,60,163,6,0,1
253,702,298,67,60,163,6,0,1
254,702,298,67,60,163,6,0,2
255,702,298,67,60,163,6,0,1
256,703,299,67,60,163,6,0,2
257,702,299,67,60,163,6,0,2
258,702,299,67,60,163,6,0,3
259,702,299,67,60,163,6,0,3
260,702,299,67,60,163,6,0,2
261,702,299,67,60,163,6,0,1
262,702,299,67,60,163,6,0,1
263,703,299,67,60,163,6,0,1
264,702,298,69,61,163,6,0,1
265,702,298,69,61,163,6,0,1
266,702,298,69,61,163,6,0,1
267,702,298,69,61,163,6,0,1
268,702,298,69,61,163,6,0,0
269,702,298,69,61,163,6,0,0
270,702,298,69,61,163,6,0,0
271,702,298,69,61,163,6,0,0
272,702,299,68,60,163,6,0,1
273,702,299,68,60,163,6,0,1
274,702,299,68,60,163,6,0,1
275,702,299,68,60,163,6,0,0
276,703,299,67,60,163,6,0,0
277,703,299,67,60,163,6,0,0
278,703,299,67,60,163,6,0,0
279,703,299,67,60,163,6,0,1
280,702,298,69,61,163,6,0,1
281,702,298,70,61,163,6,0,1
282,702,298,70,61,163,6,0,1
283,702,298,70,61,163,6,0,1
284,702,298,69,61,163,6,0,1
285,702,298,69,61,163,6,0,0
286,702,298,69,61,163,6,0,0
287,702,298,69,61,163,6,0,0
288,702,299,68,60,163,6,0,1
289,702,299,68,60,163,6,0,1
290,702,299,68,60,163,6,0,1
291,702,299,68,60,163,6,0,1
292,702,299,68,60,163,6,0,1
293,702,299,68,60,163,6,0,0
294,702,299,68,60,163,6,0,0
295,702,299,68,60,163,6,0,0
296,702,299,67,61,163,6,0,0
297,702,299,67,61,163,6,0,0
298,702,299,67,60,163,6,0,0
299,702,298,67,61,163,6,0,1
300,702,298,67,60,163,6,0,1
301,702,298,67,60,163,6,0,0
302,702,299,67,60,163,6,0,0
303,702,299,67,60,163,6,0,0
304,702,299,68,60,163,6,0,1
305,702,299,68,60,163,6,0,1
306,702,299,68,60,163,6,0,1
307,702,299,68,60,163,6,0,1
308,702,299,68,60,163,6,0,0
309,702,299,68,60,163,6,0,0
310,702,299,68,60,163,6,0,0
311,702,299,68,60,163,6,0,0
312,702,299,68,60,163,6,0,0
313,702,299,68,60,163,6,0,0
314,702,299,68,60,163,6,0,0
315,702,299,68,60,163,6,0,0
316,702,299,68,60,163,6,0,0
317,702,299,68,60,163,6,0,0
318,702,299,68,60,163,6,0,0
319,702,299,68,60,163,6,0,1
320,702,298,67,60,163,6,0,2
321,702,298,67,60,163,6,0,2
322,702,298,67,60,163,6,0,3
323,702,298,67,60,163,6,0,3
324,703,298,67,60,163,6,0,2
325,703,298,67,60,163,6,0,1
326,703,298,67,60,163,6,0,0
327,703,298,67,60,163,6,0,0
328,703,298,68,61,163,6,0,0
329,703,298,67,61,163,6,0,0
330,703,298,67,61,163,6,0,0
331,703,298,67,61,163,6,0,0
332,703,298,67,61,163,6,0,0
333,703,298,67,61,163,6,0,0
334,703,298,67,61,163,6,0,0
335,703,298,67,61,163,6,0,1
336,702,299,68,61,163,6,0,2
337,703,299,68,61,163,6,0,3
338,702,299,68,60,163,6,0,3
339,702,299,68,60,163,6,0,3
340,702,299,68,60,163,6,0,3
341,702,299,68,60,163,6,0,2
342,702,299,68,60,163,6,0,2
343,702,299,68,60,163,6,0,1
344,702,299,68,60,163,6,0,1
345,702,299,68,60,163,6,0,1
346,702,299,68,60,163,6,0,0
347,702,299,68,60,163,6,0,0
348,702,299,67,60,163,6,0,0
349,702,299,67,60,163,6,0,0
350,702,299,67,60,163,6,0,0
351,702,299,67,60,163,6,0,0
352,702,299,67,60,163,6,0,0
353,702,299,67,60,163,6,0,0
354,702,299,67,60,163,6,0,0
355,702,299,67,60,163,6,0,0
356,702,299,67,60,163,6,0,0
357,702,299,67,60,163,6,0,0
358,702,299,67,60,163,6,0,0
359,702,299,67,60,163,6,0,0
360,702,299,67,59,163,6,0,1
361,702,299,67,59,163,6,0,1
362,702,299,67,59,163,6,0,1
363,702,299,67,59,163,6,0,1
364,702,299,67,59,163,6,0,1
365,702,299,67,59,163,6,0,0
366,702,299,67,59,163,6,0,0
367,702,299,67,59,163,6,0,0
368,703,299,67,60,163,6,0,0
369,703,299,67,60,163,6,0,0
370,703,299,67,60,163,6,0,0
371,703,299,67,60,163,6,0,1
372,702,299,67,60,163,6,0,1
373,702,299,67,60,163,6,0,1
374,702,299,67,60,163,6,0,1
375,702,299,67,60,163,6,0,0
376,702,299,67,60,163,6,0,0
377,702,299,67,60,163,6,0,0
378,702,299,68,60,163,6,0,0
379,703,299,67,60,163,6,0,0
380,703,299,67,60,163,6,0,0
381,703,299,67,60,163,6,0,0
382,703,299,67,60,163,6,0,0
383,703,299,67,60,163,6,0,0
384,703,299,68,60,163,6,0,0
385,703,299,68,60,163,6,0,0
386,703,299,68,60,163,6,0,0
387,703,299,68,60,163,6,0,0
388,703,299,68,60,163,6,0,0
389,703,299,68,60,163,6,0,0
390,703,299,68,60,163,6,0,0
391,703,299,68,60,163,6,0,0
392,702,299,67,60,163,6,0,0
393,702,299,67,60,163,6,0,0
394,702,299,67,60,163,6,0,0
395,702,299,68,60,163,6,0,0
396,703,299,68,60,163,6,0,0
397,702,299,68,60,163,6,0,0
398,702,299,68,60,163,6,0,0
399,702,299,68,60,163,6,0,0
400,703,299,67,60,163,6,0,0
401,703,299,67,60,163,6,0,0
402,703,299,67,60,163,6,0,0
403,703,299,67,60,163,6,0,0
404,703,299,67,60,163,6,0,0
405,703,299,67,60,163,6,0,0
406,703,299,67,60,163,6,0,0
407,703,299,67,60,163,6,0,0
408,702,299,67,60,163,6,0,0
409,702,299,67,60,163,6,0,0
410,702,299,67,60,163,6,0,0
411,702,299,67,60,163,6,0,0
412,702,299,67,60,163,6,0,0
413,702,299,67,60,163,6,0,0
414,703,299,67,60,163,6,0,0
415,703,299,67,60,163,6,0,0
416,702,299,67,60,163,6,0,0
417,702,299,67,60,163,6,0,0
418,702,299,67,60,163,6,0,0
419,702,299,67,60,163,6,0,0
420,702,299,67,60,163,6,0,0
421,702,299,67,60,163,6,0,0
422,702,299,67,60,163,6,0,0
423,702,299,67,60,163,6,0,0
424,702,298,67,61,163,6,0,0
425,702,298,67,61,163,6,0,0
426,702,298,67,61,163,6,0,1
427,702,298,67,61,163,6,0,1
428,702,298,67,61,163,6,0,1
429,702,298,67,61,163,6,0,0
430,702,298,67,61,163,6,0,0
431,702,298,67,61,163,6,0,0
432,702,299,67,60,163,6,0,0
433,702,299,67,60,163,6,0,0
434,702,299,67,60,163,6,0,0
435,702,299,67,60,163,6,0,0
436,702,299,67,60,163,6,0,0
437,702,299,67,60,163,6,0,0
438,702,299,67,60,163,6,0,0
439,702,299,67,60,163,6,0,0
440,702,299,68,60,163,6,0,0
441,702,299,67,60,163,6,0,0
442,702,299,67,60,163,6,0,0
443,702,299,67,60,163,6,0,0
444,702,299,67,60,163,6,0,0
445,702,299,67,60,163,6,0,0
446,702,299,67,60,163,6,0,0
447,702,299,67,60,163,6,0,0
448,702,299,68,60,163,6,0,0
449,702,299,68,60,163,6,0,0
450,702,299,68,60,163,6,0,0
451,702,299,68,60,163,6,0,0
452,702,299,68,60,163,6,0,0
453,702,299,68,60,163,6,0,0
454,702,299,68,60,163,6,0,0
455,702,299,68,60,163,6,0,0
456,702,299,67,60,163,6,0,1
457,702,298,67,60,163,6,0,1
458,702,298,67,60,163,6,0,1
459,702,299,67,60,163,6,0,1
460,702,299,67,60,163,6,0,0
461,702,299,67,60,163,6,0,1
462,702,299,67,60,163,6,0,0
463,702,299,67,60,163,6,0,0
464,702,298,67,60,163,6,0,0
465,702,299,67,60,163,6,0,0
466,702,299,67,60,163,6,0,0
467,702,299,67,60,163,6,0,0
468,703,299,67,60,163,6,0,0
469,703,299,66,60,163,6,0,1
470,703,299,66,60,163,6,0,2
471,703,299,66,60,163,6,0,2
472,703,298,67,60,163,6,0,3
473,703,298,67,60,163,6,0,3
474,702,298,67,60,163,6,0,3
475,702,298,67,60,163,6,0,3
476,702,298,67,60,163,6,0,2
477,703,298,67,60,163,6,0,1
478,703,298,67,60,163,6,0,1
479,703,298,67,60,163,6,0,1
480,702,299,67,60,163,6,0,1
481,702,299,67,60,163,6,0,1
482,702,299,67,60,163,6,0,1
483,702,299,67,60,163,6,0,1
484,702,299,67,60,163,6,0,1
485,702,299,67,60,163,6,0,0
486,702,299,67,60,163,6,0,0
487,702,299,67,60,163,6,0,0
488,702,299,67,60,163,6,0,0
489,702,299,67,60,163,6,0,0
490,702,299,67,60,163,6,0,0
491,702,299,67,60,163,6,0,0
492,703,299,66,60,163,6,0,0
493,703,299,66,60,163,6,0,0
494,703,299,66,60,163,6,0,0
495,703,299,66,60,163,6,0,0
496,702,299,67,60,163,6,0,0
497,702,299,67,60,163,6,0,0
498,702,299,67,60,163,6,0,0
499,702,299,67,60,163,6,0,0
500,702,299,67,60,163,6,0,0
501,702,299,67,60,163,6,0,0
502,702,299,67,60,163,6,0,0
503,702,299,67,60,163,6,0,0
504,702,299,67,60,163,6,0,0
505,702,299,67,61,163,6,0,0
506,702,299,67,60,163,6,0,0
507,702,299,67,60,163,6,0,0
508,702,299,67,60,163,6,0,0
509,702,299,67,60,163,6,0,0
510,702,299,67,60,163,6,0,0
511,702,299,67,60,163,6,0,1
512,703,298,67,61,163,6,0,2
513,703,298,67,61,163,6,0,1
514,703,298,67,61,163,6,0,1
515,703,299,67,60,163,6,0,1
516,703,298,68,61,163,6,0,1
517,703,298,68,61,163,6,0,1
518,703,298,68,61,163,6,0,0
519,703,298,68,61,163,6,0,1
520,702,298,67,61,163,6,0,1
521,702,298,68,61,163,6,0,1
522,702,298,68,61,163,6,0,1
523,702,298,68,61,163,6,0,1
524,702,298,67,61,163,6,0,0
525,702,298,67,61,163,6,0,0
526,702,298,67,61,163,6,0,0
527,702,298,67,61,163,6,0,1
528,702,298,67,60,163,6,0,2
529,702,298,67,60,163,6,0,2
530,702,298,67,60,163,6,0,2
531,702,298,67,60,163,6,0,2
532,702,298,67,60,163,6,0,2
533,702,298,67,60,163,6,0,1
534,702,298,67,60,163,6,0,0
535,702,298,67,60,163,6,0,0
536,702,298,68,61,163,6,0,0
537,702,298,68,61,163,6,0,0
538,702,298,68,60,163,6,0,1
539,702,298,68,60,163,6,0,2
540,702,299,68,60,163,6,0,2
541,702,299,68,60,163,6,0,2
542,702,299,68,60,163,6,0,2
543,702,299,68,60,163,6,0,1
544,702,298,68,61,163,6,0,0
545,702,298,68,61,163,6,0,1
546,702,298,68,61,163,6,0,2
547,702,298,68,61,163,6,0,3
548,702,298,68,61,163,6,0,2
549,702,298,68,61,163,6,0,1
550,702,298,68,60,163,6,0,1
551,702,298,68,61,163,6,0,1
552,703,298,68,60,163,6,0,1
553,703,298,68,60,163,6,0,1
554,703,298,68,60,163,6,0,1
555,703,298,68,60,163,6,0,1
556,703,298,68,60,163,6,0,1
557,703,298,68,60,163,6,0,0
558,703,298,68,60,163,6,0,0
559,703,298,68,60,163,6,0,0
560,703,298,68,60,163,6,0,1
561,703,299,68,60,163,6,0,2
562,703,299,68,60,163,6,0,2
563,703,299,68,60,163,6,0,1
564,703,298,67,60,163,6,0,0
565,703,298,67,60,163,6,0,1
566,703,298,67,60,163,6,0,1
567,703,298,67,60,163,6,0,1
568,703,298,68,61,163,6,0,1
569,703,298,68,61,163,6,0,3
570,703,298,68,61,163,6,0,4
571,703,298,68,62,163,6,0,5
572,703,298,68,62,163,6,0,5
573,703,298,68,62,163,6,0,4
574,703,298,68,62,163,6,0,3
575,703,298,68,62,163,6,0,2
576,703,298,68,61,163,6,0,1
577,703,298,68,61,163,6,0,1
578,703,298,68,61,163,6,0,1
579,703,298,68,61,163,6,0,1
580,703,298,68,61,163,6,0,1
581,703,298,69,61,163,6,0,0
582,703,298,69,61,163,6,0,0
583,703,298,69,61,163,6,0,0
584,703,298,67,61,163,6,0,0
585,703,298,67,60,163,6,0,0
586,703,298,69,61,163,6,0,1
587,703,299,67,60,163,6,0,3
588,703,298,67,60,163,6,0,4
589,703,298,69,59,163,6,0,5
590,703,298,67,60,163,6,0,7
591,702,298,67,59,163,6,0,12
592,703,298,67,56,163,6,0,16
593,703,298,67,57,163,6,0,21
594,703,299,67,56,163,6,0,29
595,703,298,68,53,163,6,0,41
596,704,299,64,46,163,6,0,52
597,704,299,64,43,163,6,0,58
598,704,299,64,41,163,6,0,61
599,704,299,64,42,163,6,0,55
600,704,298,65,43,163,6,0,43
601,704,298,65,46,163,6,0,29
602,705,298,64,45,163,6,0,21
603,705,298,64,41,163,6,0,21
604,706,298,63,39,163,6,0,22
605,707,298,62,37,163,6,0,28
606,707,298,62,37,163,6,0,33
607,706,298,62,37,163,6,0,35
608,707,298,62,36,163,6,0,33
609,708,298,61,36,163,6,0,30
610,707,298,65,33,163,6,0,29
611,707,298,64,32,163,6,0,28
612,707,298,64,32,163,6,0,24
613,707,298,64,32,163,6,0,19
614,708,299,60,34,163,6,0,14
615,707,299,61,37,163,6,0,11
616,707,298,61,36,163,6,0,8
617,708,298,61,32,163,6,0,7
618,709,298,61,32,163,6,0,20
619,708,298,63,29,163,6,0,34
620,708,298,62,27,163,6,0,49
621,708,298,63,29,163,6,0,43
622,707,298,63,28,163,6,0,35
623,708,298,61,29,163,6,0,21
624,709,298,61,29,163,6,0,19
625,709,298,61,30,163,6,0,13
626,708,298,61,30,163,6,0,12
627,708,298,61,29,163,6,0,6
628,708,298,61,30,163,6,0,5
629,709,298,61,29,163,6,0,3
630,708,298,61,29,163,6,0,7
631,708,298,61,29,163,6,0,11
632,709,298,60,28,163,6,0,12
633,709,298,61,27,163,6,0,9
634,709,298,61,29,163,6,0,14
635,709,298,60,30,163,6,0,29
636,709,299,60,32,163,6,0,49
638,707,299,62,42,163,6,0,55
657,707,300,61,57,163,6,0,53
658,707,300,62,57,163,6,0,46
659,707,299,61,51,163,6,0,46
0,747,325,78,79,164,3,3,11
1,747,329,79,76,164,3,3,9
2,747,328,79,76,164,3,3,8
3,747,328,79,76,164,3,3,5
4,747,328,79,76,164,3,3,4
5,747,328,79,76,164,3,3,2
6,747,329,79,76,164,3,3,1
7,747,329,79,76,164,3,3,1
8,747,329,79,76,164,3,3,1
9,747,329,79,76,164,3,3,1
10,747,329,79,76,164,3,3,1
11,747,329,79,76,164,3,3,0
12,746,328,79,77,164,3,3,0
13,746,328,79,77,164,3,3,0
14,747,328,79,77,164,3,3,0
15,747,328,79,77,164,3,3,0
16,746,327,80,77,164,3,3,1
17,746,327,80,77,164,3,3,1
18,746,327,80,77,164,3,3,0
19,747,328,80,77,164,3,3,0
20,747,328,80,77,164,3,3,0
21,747,328,80,77,164,3,3,0
22,747,328,80,77,164,3,3,0
23,747,328,80,77,164,3,3,0
24,747,327,79,78,164,3,3,0
25,747,327,79,78,164,3,3,0
26,747,327,79,78,164,3,3,0
27,747,327,79,78,164,3,3,0
28,747,327,79,78,164,3,3,0
29,747,327,79,78,164,3,3,0
30,747,327,79,78,164,3,3,0
31,747,327,79,78,164,3,3,0
32,747,328,79,77,164,3,3,0
33,747,328,79,77,164,3,3,0
34,747,328,79,77,164,3,3,0
35,747,327,79,77,164,3,3,0
36,746,330,80,75,164,3,3,0
37,746,330,79,75,164,3,3,0
38,746,330,79,75,164,3,3,0
39,746,330,79,75,164,3,3,0
40,747,330,79,75,164,3,3,0
41,747,330,79,75,164,3,3,0
42,747,328,79,77,164,3,3,0
43,747,330,79,75,164,3,3,0
44,747,330,79,75,164,3,3,0
45,747,328,79,77,164,3,3,0
46,747,328,79,77,164,3,3,0
47,747,328,79,77,164,3,3,0
48,747,327,79,78,164,3,3,0
49,747,327,79,78,164,3,3,0
50,747,327,79,78,164,3,3,0
51,747,327,79,78,164,3,3,0
52,747,327,79,78,164,3,3,0
53,747,327,79,78,164,3,3,0
54,747,327,79,78,164,3,3,0
55,747,327,79,78,164,3,3,0
56,747,328,79,77,164,3,3,0
57,747,328,79,77,164,3,3,0
58,747,328,79,77,164,3,3,0
59,747,328,79,77,164,3,3,0
60,746,328,79,77,164,3,3,0
61,746,328,79,77,164,3,3,0
62,746,328,79,77,164,3,3,0
63,746,328,79,77,164,3,3,0
64,747,329,79,76,164,3,3,0
65,747,329,79,76,164,3,3,0
66,747,329,79,76,164,3,3,0
67,747,329,79,76,164,3,3,0
68,747,329,79,76,164,3,3,0
69,747,329,79,76,164,3,3,0
70,747,329,79,76,164,3,3,0
71,747,329,79,76,164,3,3,0
72,747,327,79,78,164,3,3,0
73,747,327,79,78,164,3,3,0
74,747,327,79,78,164,3,3,0
75,747,327,79,78,164,3,3,0
76,747,326,79,78,164,3,3,0
77,747,326,79,78,164,3,3,0
78,747,327,79,78,164,3,3,0
79,747,327,79,78,164,3,3,0
80,746,328,79,76,164,3,3,0
81,746,328,79,76,164,3,3,0
82,746,328,79,76,164,3,3,0
83,746,328,79,76,164,3,3,0
84,746,328,79,76,164,3,3,0
85,746,328,79,76,164,3,3,0
86,746,328,79,76,164,3,3,0
87,746,328,79,76,164,3,3,0
88,747,327,79,77,164,3,3,0
89,747,327,79,77,164,3,3,0
90,746,327,79,77,164,3,3,0
91,746,327,79,77,164,3,3,0
92,746,328,79,76,164,3,3,0
93,746,328,79,76,164,3,3,0
94,746,328,79,76,164,3,3,1
95,746,328,79,76,164,3,3,1
96,747,330,79,75,164,3,3,1
97,747,330,79,75,164,3,3,1
98,747,330,79,75,164,3,3,0
99,747,330,79,75,164,3,3,0
100,747,329,79,75,164,3,3,0
101,747,329,79,75,164,3,3,0
102,747,329,79,75,164,3,3,0
103,747,329,79,75,164,3,3,0
104,747,328,79,77,164,3,3,0
105,747,328,79,77,164,3,3,0
106,747,328,79,77,164,3,3,1
107,747,328,79,77,164,3,3,1
108,747,328,79,77,164,3,3,1
109,747,328,79,77,164,3,3,0
110,747,328,79,77,164,3,3,0
111,747,328,79,77,164,3,3,0
112,746,329,79,76,164,3,3,0
113,746,329,79,76,164,3,3,0
114,746,329,79,76,164,3,3,0
115,746,329,79,76,164,3,3,0
116,746,329,79,76,164,3,3,0
117,747,329,79,75,164,3,3,0
118,746,329,79,76,164,3,3,0
119,746,329,79,76,164,3,3,0
120,747,328,80,77,164,3,3,0
121,747,328,80,77,164,3,3,0
122,747,328,80,77,164,3,3,0
123,747,328,80,77,164,3,3,1
124,747,328,80,77,164,3,3,0
125,746,328,80,77,164,3,3,0
126,746,328,80,77,164,3,3,0
127,746,328,80,77,164,3,3,0
128,746,329,80,76,164,3,3,0
129,746,329,80,76,164,3,3,0
130,746,329,80,76,164,3,3,0
131,747,329,79,76,164,3,3,0
132,747,328,79,77,164,3,3,1
133,747,328,79,77,164,3,3,1
134,747,328,79,77,164,3,3,1
135,747,328,79,77,164,3,3,0
136,746,328,79,77,164,3,3,0
137,746,328,79,77,164,3,3,0
138,746,328,79,77,164,3,3,0
139,746,328,79,77,164,3,3,0
140,746,328,79,77,164,3,3,0
141,746,328,79,77,164,3,3,0
142,746,328,79,77,164,3,3,0
143,746,328,79,77,164,3,3,0
144,746,327,80,77,164,3,3,1
145,746,327,80,77,164,3,3,1
146,746,327,80,77,164,3,3,1
147,746,327,80,77,164,3,3,1
148,746,327,80,77,164,3,3,0
149,746,327,80,77,164,3,3,0
150,746,327,80,78,164,3,3,0
151,747,326,78,79,164,3,3,1
152,746,326,80,80,164,3,3,2
153,746,326,80,80,164,3,3,2
154,746,326,80,80,164,3,3,2
155,746,326,80,80,164,3,3,2
156,746,326,80,80,164,3,3,1
157,746,326,80,80,164,3,3,1
158,746,326,80,80,164,3,3,0
159,746,326,80,80,164,3,3,1
160,747,328,79,77,164,3,3,1
161,747,328,79,77,164,3,3,1
162,747,328,79,77,164,3,3,1
163,746,328,79,77,164,3,3,1
164,746,328,79,77,164,3,3,1
165,747,328,79,77,164,3,3,1
166,746,328,79,77,164,3,3,0
167,746,328,79,77,164,3,3,0
168,747,325,78,79,164,3,3,0
169,747,325,78,79,164,3,3,0
170,747,325,78,79,164,3,3,0
171,747,325,78,79,164,3,3,0
172,747,325,78,79,164,3,3,0
173,747,325,78,79,164,3,3,0
174,747,325,78,79,164,3,3,0
175,747,325,78,79,164,3,3,0
176,747,326,78,79,164,3,3,0
177,747,326,78,79,164,3,3,0
178,747,326,78,79,164,3,3,0
179,747,326,78,79,164,3,3,0
180,747,326,77,78,164,3,3,0
181,747,327,78,78,164,3,3,0
182,747,328,79,77,164,3,3,0
183,747,328,79,77,164,3,3,0
184,746,328,80,77,164,3,3,0
185,746,328,80,77,164,3,3,0
186,746,328,80,77,164,3,3,0
187,746,329,79,77,164,3,3,0
188,746,329,79,77,164,3,3,0
189,746,328,80,77,164,3,3,0
190,746,328,79,77,164,3,3,0
191,746,328,80,77,164,3,3,0
192,746,327,80,78,164,3,3,1
193,746,327,80,78,164,3,3,1
194,746,327,80,78,164,3,3,1
195,747,326,78,79,164,3,3,0
196,747,326,78,79,164,3,3,0
197,747,326,78,79,164,3,3,0
198,747,326,78,79,164,3,3,0
199,747,326,78,79,164,3,3,0
200,747,326,78,79,164,3,3,0
201,747,326,78,79,164,3,3,0
202,747,326,78,79,164,3,3,0
203,747,326,78,79,164,3,3,0
204,747,327,79,77,164,3,3,0
205,747,327,79,77,164,3,3,0
206,747,326,78,78,164,3,3,0
207,747,326,78,78,164,3,3,0
208,746,328,80,76,164,3,3,0
209,746,328,80,76,164,3,3,0
210,746,328,80,76,164,3,3,0
211,747,326,78,78,164,3,3,0
212,747,326,78,78,164,3,3,0
213,747,326,78,78,164,3,3,0
214,747,326,78,78,164,3,3,0
215,747,326,78,78,164,3,3,0
216,746,327,80,78,164,3,3,1
217,746,327,80,78,164,3,3,1
218,746,327,80,78,164,3,3,1
219,746,327,80,78,164,3,3,1
220,746,327,80,78,164,3,3,0
221,746,327,80,78,164,3,3,0
222,746,327,80,78,164,3,3,0
223,746,327,80,78,164,3,3,0
224,746,328,80,77,164,3,3,0
225,746,328,80,77,164,3,3,0
226,746,328,80,77,164,3,3,0
227,746,328,80,77,164,3,3,0
228,746,327,80,78,164,3,3,0
229,746,327,80,78,164,3,3,0
230,746,327,80,78,164,3,3,0
231,746,327,80,78,164,3,3,0
232,746,328,80,77,164,3,3,0
233,746,328,80,77,164,3,3,0
234,746,328,80,77,164,3,3,0
235,746,328,79,77,164,3,3,0
236,746,328,79,77,164,3,3,0
237,746,328,79,77,164,3,3,0
238,746,328,79,77,164,3,3,0
239,746,328,79,77,164,3,3,0
240,746,329,80,76,164,3,3,0
241,746,329,80,76,164,3,3,0
242,746,329,80,76,164,3,3,0
243,746,329,80,76,164,3,3,0
244,746,329,80,76,164,3,3,0
245,746,329,80,76,164,3,3,0
246,746,329,80,76,164,3,3,0
247,746,329,79,76,164,3,3,0
248,746,329,80,76,164,3,3,0
249,746,329,80,76,164,3,3,0
250,747,327,79,78,164,3,3,0
251,747,327,79,78,164,3,3,0
252,746,326,79,79,164,3,3,0
253,746,326,79,79,164,3,3,0
254,746,326,79,79,164,3,3,0
255,746,326,79,79,164,3,3,0
256,746,329,79,76,164,3,3,0
257,746,329,79,76,164,3,3,0
258,746,329,79,76,164,3,3,0
259,746,329,79,76,164,3,3,0
260,746,329,79,76,164,3,3,0
261,746,329,79,76,164,3,3,0
262,746,329,79,76,164,3,3,0
263,746,329,79,76,164,3,3,0
264,746,327,79,78,164,3,3,0
265,746,327,79,78,164,3,3,0
266,746,327,79,78,164,3,3,0
267,747,327,79,78,164,3,3,0
268,747,327,79,78,164,3,3,0
269,746,327,79,78,164,3,3,1
270,746,326,79,79,164,3,3,1
271,746,326,79,79,164,3,3,0
272,746,329,79,76,164,3,3,0
273,746,329,79,76,164,3,3,0
274,746,329,79,76,164,3,3,0
275,746,329,80,76,164,3,3,0
276,746,328,80,77,164,3,3,0
277,746,328,80,77,164,3,3,0
278,746,328,80,77,164,3,3,0
279,746,328,80,77,164,3,3,0
280,747,326,80,79,164,3,3,0
281,747,326,80,79,164,3,3,0
282,747,326,80,79,164,3,3,0
283,747,326,80,79,164,3,3,0
284,747,326,80,79,164,3,3,0
285,747,326,80,79,164,3,3,1
286,746,326,80,80,164,3,3,1
287,746,326,80,80,164,3,3,1
288,746,328,79,77,164,3,3,0
289,746,328,80,77,164,3,3,0
290,746,328,79,77,164,3,3,0
291,746,328,80,77,164,3,3,1
292,746,328,79,77,164,3,3,1
293,746,328,79,77,164,3,3,0
294,746,328,79,77,164,3,3,0
295,746,328,79,77,164,3,3,0
296,746,329,80,76,164,3,3,1
297,746,329,80,75,164,3,3,1
298,746,329,80,75,164,3,3,1
299,746,329,80,75,164,3,3,1
300,746,326,80,78,164,3,3,1
301,746,326,80,78,164,3,3,0
302,746,326,80,78,164,3,3,0
303,746,326,80,78,164,3,3,0
304,746,329,79,76,164,3,3,0
305,746,329,80,76,164,3,3,0
306,746,329,80,76,164,3,3,0
307,747,328,79,77,164,3,3,0
308,746,329,80,76,164,3,3,0
309,746,329,80,76,164,3,3,1
310,746,330,80,76,164,3,3,1
311,746,330,80,76,164,3,3,1
312,747,327,79,78,164,3,3,0
313,747,327,79,78,164,3,3,0
314,747,327,79,78,164,3,3,0
315,747,327,79,78,164,3,3,0
316,747,327,79,78,164,3,3,0
317,747,327,79,78,164,3,3,0
318,747,327,79,78,164,3,3,0
319,747,327,79,78,164,3,3,0
320,746,326,80,80,164,3,3,1
321,746,326,80,80,164,3,3,1
322,746,326,80,80,164,3,3,1
323,746,326,79,80,164,3,3,1
324,747,325,78,79,164,3,3,1
325,747,325,78,79,164,3,3,1
326,747,326,78,79,164,3,3,1
327,746,326,79,79,164,3,3,1
328,747,328,80,76,164,3,3,1
329,747,328,80,76,164,3,3,0
330,747,326,79,78,164,3,3,0
331,747,326,79,78,164,3,3,0
332,747,328,79,76,164,3,3,0
333,747,328,79,77,164,3,3,0
334,747,328,79,77,164,3,3,0
335,747,328,79,77,164,3,3,0
336,746,328,80,77,164,3,3,1
337,746,328,80,77,164,3,3,1
338,746,328,80,77,164,3,3,1
339,746,328,80,77,164,3,3,1
340,746,327,80,78,164,3,3,1
341,746,327,80,78,164,3,3,2
342,746,327,80,79,164,3,3,1
343,746,327,80,79,164,3,3,1
344,746,328,80,77,164,3,3,0
345,746,328,80,77,164,3,3,0
346,746,328,80,77,164,3,3,0
347,746,328,80,77,164,3,3,0
348,746,328,80,78,164,3,3,0
349,746,328,80,78,164,3,3,0
350,746,328,80,78,164,3,3,0
351,746,328,80,78,164,3,3,0
352,746,328,80,76,164,3,3,1
353,746,328,80,76,164,3,3,1
354,746,328,80,76,164,3,3,2
355,746,328,80,77,164,3,3,2
356,746,328,80,76,164,3,3,2
357,746,328,80,77,164,3,3,1
358,746,328,80,76,164,3,3,0
359,746,328,80,76,164,3,3,0
360,746,327,80,78,164,3,3,0
361,746,327,80,78,164,3,3,0
362,746,327,80,78,164,3,3,0
363,746,327,80,78,164,3,3,0
364,746,327,80,78,164,3,3,0
365,746,327,80,78,164,3,3,0
366,746,327,80,78,164,3,3,0
367,746,327,80,78,164,3,3,0
368,747,330,80,76,164,3,3,0
369,747,330,80,76,164,3,3,0
370,747,330,80,76,164,3,3,0
371,747,330,79,75,164,3,3,0
372,747,330,79,75,164,3,3,0
373,747,330,80,75,164,3,3,0
374,747,330,80,75,164,3,3,0
375,747,330,80,75,164,3,3,0
376,747,329,79,76,164,3,3,0
377,747,329,79,76,164,3,3,0
378,747,329,79,76,164,3,3,0
379,747,329,80,76,164,3,3,0
380,747,329,79,76,164,3,3,0
381,747,329,79,76,164,3,3,0
382,747,329,79,76,164,3,3,0
383,747,329,79,76,164,3,3,0
384,747,330,80,76,164,3,3,0
385,747,330,80,76,164,3,3,0
386,747,330,80,76,164,3,3,0
387,747,330,80,76,164,3,3,0
388,747,330,80,75,164,3,3,0
389,747,330,80,75,164,3,3,0
390,747,330,80,75,164,3,3,0
391,747,330,80,75,164,3,3,0
392,747,331,79,75,164,3,3,0
393,747,330,79,75,164,3,3,0
394,747,330,79,75,164,3,3,0
395,747,330,79,75,164,3,3,0
396,747,331,79,75,164,3,3,0
397,747,331,79,75,164,3,3,0
398,747,331,79,75,164,3,3,0
399,747,330,79,75,164,3,3,0
400,746,333,80,73,164,3,3,0
401,746,333,80,73,164,3,3,0
402,746,333,80,73,164,3,3,0
403,746,333,80,73,164,3,3,0
404,746,333,80,73,164,3,3,0
405,747,333,79,73,164,3,3,0
406,747,333,79,73,164,3,3,0
407,747,333,80,73,164,3,3,0
408,747,333,79,72,164,3,3,0
409,747,333,79,72,164,3,3,0
410,747,333,79,73,164,3,3,0
411,747,333,79,72,164,3,3,0
412,747,333,79,72,164,3,3,0
413,747,333,79,72,164,3,3,0
414,747,332,79,74,164,3,3,0
415,747,332,79,74,164,3,3,1
416,747,331,78,73,164,3,3,2
417,747,331,78,73,164,3,3,2
418,747,331,78,73,164,3,3,2
419,747,331,78,73,164,3,3,1
420,747,330,79,75,164,3,3,1
421,747,330,79,75,164,3,3,0
422,747,329,79,75,164,3,3,0
423,747,330,79,75,164,3,3,0
424,747,332,79,73,164,3,3,0
425,747,332,79,73,164,3,3,0
426,747,332,79,73,164,3,3,0
427,747,332,79,73,164,3,3,0
428,747,332,79,73,164,3,3,0
429,747,332,79,73,164,3,3,0
430,747,332,79,73,164,3,3,0
431,747,332,79,73,164,3,3,0
432,747,329,80,76,164,3,3,0
433,747,329,80,76,164,3,3,0
434,747,329,80,76,164,3,3,0
435,747,328,80,76,164,3,3,0
436,747,328,80,76,164,3,3,0
437,747,328,80,76,164,3,3,0
438,747,328,80,76,164,3,3,0
439,747,328,80,76,164,3,3,0
440,746,329,79,76,164,3,3,0
441,746,329,79,76,164,3,3,0
442,746,329,79,76,164,3,3,0
443,746,329,79,76,164,3,3,0
444,746,328,79,77,164,3,3,0
445,746,328,79,77,164,3,3,0
446,746,328,79,77,164,3,3,1
447,746,328,79,77,164,3,3,2
448,746,327,80,79,164,3,3,3
449,746,327,80,79,164,3,3,3
450,746,327,80,79,164,3,3,3
451,746,327,80,80,164,3,3,3
452,746,327,80,79,164,3,3,2
453,746,327,80,79,164,3,3,1
454,746,327,80,79,164,3,3,1
455,746,327,80,79,164,3,3,1
456,747,330,79,75,164,3,3,1
457,747,330,79,75,164,3,3,1
458,747,330,79,76,164,3,3,2
459,747,330,79,75,164,3,3,2
460,747,330,79,75,164,3,3,2
461,747,329,79,76,164,3,3,2
462,747,329,79,76,164,3,3,1
463,747,329,79,76,164,3,3,1
464,747,331,79,74,164,3,3,0
465,747,331,79,74,164,3,3,0
466,747,331,79,74,164,3,3,0
467,747,331,79,74,164,3,3,0
468,747,332,78,73,164,3,3,0
469,747,332,78,73,164,3,3,0
470,747,332,78,73,164,3,3,0
471,747,333,78,73,164,3,3,0
472,747,328,79,77,164,3,3,0
473,747,328,79,78,164,3,3,0
474,747,328,79,77,164,3,3,0
475,747,328,79,77,164,3,3,0
476,747,328,79,77,164,3,3,0
477,747,328,79,77,164,3,3,0
478,747,328,79,77,164,3,3,0
479,747,328,79,77,164,3,3,0
480,746,331,79,75,164,3,3,0
481,746,331,79,75,164,3,3,0
482,746,331,79,75,164,3,3,0
483,746,331,79,74,164,3,3,0
484,746,331,79,74,164,3,3,0
485,746,331,79,74,164,3,3,0
486,746,331,79,74,164,3,3,0
487,746,331,79,74,164,3,3,0
488,747,331,79,74,164,3,3,0
489,747,331,79,74,164,3,3,0
490,747,331,79,74,164,3,3,0
491,747,332,79,73,164,3,3,0
492,746,329,79,76,164,3,3,0
493,746,329,79,76,164,3,3,0
494,746,328,79,77,164,3,3,0
495,746,328,79,77,164,3,3,0
496,746,328,80,77,164,3,3,1
497,746,328,79,77,164,3,3,1
498,746,328,79,76,164,3,3,1
499,746,328,79,77,164,3,3,0
500,746,328,80,77,164,3,3,0
501,746,328,79,77,164,3,3,0
502,746,328,79,77,164,3,3,0
503,746,328,79,77,164,3,3,1
504,747,336,78,70,164,3,3,2
505,747,336,78,70,164,3,3,2
506,747,336,78,70,164,3,3,2
507,747,336,78,70,164,3,3,2
508,747,336,78,70,164,3,3,2
509,747,336,78,70,164,3,3,1
510,747,336,78,70,164,3,3,1
511,747,336,78,70,164,3,3,1
512,746,329,79,76,164,3,3,1
513,746,329,79,76,164,3,3,1
514,746,329,79,76,164,3,3,1
515,747,334,79,71,164,3,3,0
516,747,335,78,71,164,3,3,0
517,747,335,78,71,164,3,3,0
518,747,335,78,71,164,3,3,0
519,747,330,79,75,164,3,3,0
520,747,332,79,73,164,3,3,0
521,747,332,79,73,164,3,3,0
522,747,332,79,73,164,3,3,1
523,747,332,79,73,164,3,3,1
524,747,332,79,73,164,3,3,1
525,747,332,79,73,164,3,3,0
526,747,332,79,73,164,3,3,1
527,747,332,79,73,164,3,3,2
528,746,326,80,81,164,3,3,3
529,746,326,80,81,164,3,3,3
530,746,326,80,81,164,3,3,3
531,746,326,80,81,164,3,3,3
532,746,326,80,81,164,3,3,3
533,747,326,80,80,164,3,3,2
534,747,326,80,80,164,3,3,3
535,747,326,80,80,164,3,3,4
536,747,331,79,73,164,3,3,5
537,747,331,79,73,164,3,3,6
538,747,331,79,73,164,3,3,5
539,747,331,79,73,164,3,3,4
540,747,332,78,73,164,3,3,2
541,747,332,79,74,164,3,3,2
542,747,332,79,73,164,3,3,4
543,746,332,79,72,164,3,3,8
544,747,331,79,69,164,3,3,12
545,747,330,80,69,164,3,3,14
546,747,330,80,70,164,3,3,16
547,747,330,79,71,164,3,3,14
548,747,329,80,71,164,3,3,12
549,746,330,80,71,164,3,3,7
550,747,330,79,72,164,3,3,11
551,747,330,80,70,164,3,3,10
552,747,326,79,83,164,3,3,11
553,747,329,79,71,164,3,3,6
554,747,329,79,69,164,3,3,7
555,747,329,79,69,164,3,3,6
556,747,329,79,68,164,3,3,8
557,747,330,79,71,164,3,3,8
558,747,330,79,72,164,3,3,13
559,748,333,78,72,164,3,3,15
560,747,333,78,71,164,3,3,18
561,748,333,77,71,164,3,3,17
562,746,330,80,75,164,3,3,15
563,747,330,79,75,164,3,3,11
564,747,331,79,74,164,3,3,7
565,747,331,79,74,164,3,3,3
566,747,331,79,73,164,3,3,2
567,747,331,79,74,164,3,3,1
568,747,329,79,75,164,3,3,1
569,747,329,79,76,164,3,3,1
570,747,328,79,79,164,3,3,2
571,747,327,79,79,164,3,3,2
572,747,327,79,80,164,3,3,4
573,746,327,80,80,164,3,3,4
574,746,327,80,80,164,3,3,4
575,747,327,79,79,164,3,3,3
576,747,330,80,75,164,3,3,3
577,746,328,80,78,164,3,3,2
578,747,327,80,78,164,3,3,2
579,746,330,80,76,164,3,3,1
580,747,330,80,76,164,3,3,1
581,747,331,80,75,164,3,3,0
582,747,329,80,77,164,3,3,0
583,747,328,80,78,164,3,3,0
584,746,329,80,77,164,3,3,0
585,746,328,81,77,164,3,3,0
586,746,328,81,77,164,3,3,0
587,746,328,80,79,164,3,3,0
588,746,326,80,80,164,3,3,0
589,746,326,80,80,164,3,3,0
590,746,326,80,80,164,3,3,0
591,746,326,80,80,164,3,3,1
592,746,327,80,80,164,3,3,1
593,746,326,80,80,164,3,3,0
594,746,326,80,80,164,3,3,0
595,746,326,80,79,164,3,3,0
596,746,326,80,80,164,3,3,0
597,746,326,80,80,164,3,3,0
598,746,326,80,80,164,3,3,1
599,746,326,80,80,164,3,3,1
600,747,326,78,78,164,3,3,1
601,746,327,80,79,164,3,3,0
602,746,327,80,79,164,3,3,0
603,746,327,79,78,164,3,3,0
604,746,327,79,79,164,3,3,1
605,746,327,80,79,164,3,3,1
606,746,327,79,79,164,3,3,1
607,747,327,79,79,164,3,3,0
608,747,327,79,79,164,3,3,0
609,746,327,79,79,164,3,3,0
610,746,327,79,79,164,3,3,0
611,746,327,79,79,164,3,3,1
612,746,327,79,79,164,3,3,2
613,747,327,79,78,164,3,3,3
614,747,327,79,77,164,3,3,4
615,746,327,79,77,164,3,3,4
616,746,328,79,76,164,3,3,4
617,746,328,79,76,164,3,3,3
618,746,328,79,76,164,3,3,3
619,747,328,79,77,164,3,3,2
620,746,327,80,79,164,3,3,2
621,747,328,79,77,164,3,3,1
622,746,328,79,77,164,3,3,2
623,746,328,79,77,164,3,3,2
624,746,327,80,80,164,3,3,2
625,746,326,80,80,164,3,3,1
626,747,327,79,78,164,3,3,1
627,747,328,79,78,164,3,3,0
628,747,328,79,77,164,3,3,1
629,747,328,79,77,164,3,3,1
630,747,328,79,77,164,3,3,1
631,746,327,80,79,164,3,3,1
632,746,327,80,79,164,3,3,1
633,746,328,79,76,164,3,3,1
634,746,328,80,76,164,3,3,1
635,746,328,79,76,164,3,3,2
636,746,327,79,76,164,3,3,2
637,746,327,79,77,164,3,3,2
638,746,328,79,76,164,3,3,1
639,747,328,79,76,164,3,3,0
640,746,328,79,77,164,3,3,1
641,747,328,79,77,164,3,3,1
642,747,328,79,77,164,3,3,1
643,747,328,79,77,164,3,3,1
644,747,328,79,77,164,3,3,0
645,747,328,79,77,164,3,3,1
646,747,328,79,77,164,3,3,1
647,746,327,79,79,164,3,3,1
648,747,327,79,79,164,3,3,1
649,747,331,78,74,164,3,3,0
650,747,331,78,74,164,3,3,0
651,747,331,78,74,164,3,3,1
652,747,331,78,74,164,3,3,1
653,747,331,78,74,164,3,3,2
654,747,327,79,79,164,3,3,1
655,747,327,79,79,164,3,3,1
656,747,328,79,77,164,3,3,0
657,747,328,79,77,164,3,3,0
658,746,328,79,77,164,3,3,1
659,746,328,79,77,164,3,3,3
660,746,327,79,77,164,3,3,3
661,746,327,79,77,164,3,3,2
662,746,328,79,77,164,3,3,1
663,746,328,79,76,164,3,3,2
664,746,327,79,79,164,3,3,2
665,746,327,79,79,164,3,3,1
666,747,327,79,77,164,3,3,1
667,747,326,79,78,164,3,3,1
668,746,326,79,80,164,3,3,2
669,746,326,80,80,164,3,3,2
670,746,326,79,78,164,3,3,2
671,746,326,80,80,164,3,3,2
672,746,326,80,79,164,3,3,2
673,746,326,80,79,164,3,3,1
674,746,326,80,79,164,3,3,2
675,746,326,80,79,164,3,3,2
676,746,327,80,79,164,3,3,3
677,746,329,80,76,164,3,3,2
678,746,329,80,75,164,3,3,2
679,746,329,80,75,164,3,3,1
680,746,327,79,79,164,3,3,1
681,746,326,79,79,164,3,3,1
682,746,326,79,80,164,3,3,1
683,746,326,79,80,164,3,3,2
684,746,326,79,80,164,3,3,2
685,746,327,79,79,164,3,3,2
686,746,327,79,79,164,3,3,1
687,746,326,79,79,164,3,3,1
688,746,327,79,80,164,3,3,1
689,746,327,79,80,164,3,3,2
690,746,327,79,77,164,3,3,2
691,747,327,79,77,164,3,3,2
692,747,327,79,77,164,3,3,1
693,746,327,79,79,164,3,3,0
694,746,327,79,79,164,3,3,1
695,746,327,79,80,164,3,3,2
696,746,327,79,79,164,3,3,4
697,746,327,79,79,164,3,3,3
698,746,327,79,79,164,3,3,2
699,746,327,79,80,164,3,3,1
700,746,327,79,80,164,3,3,0
701,746,327,79,80,164,3,3,0
702,746,327,79,79,164,3,3,0
703,746,327,79,79,164,3,3,0
704,746,328,79,78,164,3,3,0
705,746,328,79,78,164,3,3,0
706,746,328,79,78,164,3,3,0
707,746,328,79,78,164,3,3,0
708,746,327,79,79,164,3,3,0
709,746,327,79,79,164,3,3,0
710,746,327,79,79,164,3,3,0
711,746,327,79,79,164,3,3,0
712,746,327,79,79,164,3,3,0
713,746,327,79,79,164,3,3,0
714,746,328,79,79,164,3,3,0
715,746,327,79,79,164,3,3,0
716,746,327,79,79,164,3,3,0
717,746,327,79,79,164,3,3,0
718,746,327,79,79,164,3,3,0
719,746,327,79,79,164,3,3,0
720,746,327,79,79,164,3,3,0
721,746,327,79,79,164,3,3,0
722,746,327,79,79,164,3,3,0
723,746,327,79,79,164,3,3,0
724,746,327,79,79,164,3,3,0
725,746,327,79,79,164,3,3,0
726,746,327,79,79,164,3,3,0
727,746,327,79,79,164,3,3,0
728,746,328,79,78,164,3,3,0
729,746,328,79,78,164,3,3,0
730,746,328,79,78,164,3,3,0
731,746,328,79,78,164,3,3,1
732,746,329,78,76,164,3,3,1
733,747,331,77,74,164,3,3,1
734,747,332,77,74,164,3,3,1
735,747,332,77,73,164,3,3,0
736,747,329,78,77,164,3,3,0
737,746,329,78,77,164,3,3,0
738,747,329,78,76,164,3,3,0
739,746,329,79,76,164,3,3,0
740,746,329,79,77,164,3,3,0
741,746,328,79,79,164,3,3,0
742,746,329,79,77,164,3,3,0
743,746,329,79,77,164,3,3,0
744,746,330,77,75,164,3,3,0
745,746,330,77,75,164,3,3,1
746,746,329,77,76,164,3,3,1
747,746,328,78,76,164,3,3,2
748,746,329,77,76,164,3,3,1
749,746,329,77,76,164,3,3,1
750,747,328,78,76,164,3,3,2
751,747,329,78,76,164,3,3,3
752,746,327,79,79,164,3,3,4
753,746,327,79,79,164,3,3,4
754,746,327,79,79,164,3,3,3
755,746,327,79,79,164,3,3,2
756,747,328,78,77,164,3,3,1
757,747,328,78,77,164,3,3,1
758,747,328,78,78,164,3,3,1
759,747,328,78,78,164,3,3,1
760,747,334,77,72,164,3,3,1
761,747,334,78,72,164,3,3,1
762,747,334,78,72,164,3,3,0
763,747,334,77,72,164,3,3,1
764,747,334,77,72,164,3,3,0
765,746,330,78,75,164,3,3,0
766,747,334,78,72,164,3,3,0
767,747,334,78,72,164,3,3,0
768,746,329,79,76,164,3,3,0
769,746,329,79,76,164,3,3,0
770,746,329,79,76,164,3,3,0
771,746,329,79,76,164,3,3,0
772,746,329,79,76,164,3,3,0
773,746,329,79,76,164,3,3,0
774,747,329,79,76,164,3,3,0
775,747,329,79,76,164,3,3,0
776,746,328,79,77,164,3,3,0
777,746,328,79,77,164,3,3,0
778,746,328,79,77,164,3,3,0
779,746,329,79,76,164,3,3,1
780,746,327,79,80,164,3,3,2
781,746,327,79,80,164,3,3,3
782,746,327,79,80,164,3,3,2
783,746,327,79,80,164,3,3,1
784,747,328,79,77,164,3,3,1
785,747,330,79,75,164,3,3,1
786,747,330,79,75,164,3,3,1
787,746,327,79,79,164,3,3,1
788,747,330,79,75,164,3,3,1
789,747,330,79,75,164,3,3,1
790,747,330,79,75,164,3,3,0
791,747,330,79,75,164,3,3,0
792,746,328,79,77,164,3,3,0
793,746,328,79,77,164,3,3,0
794,746,328,79,77,164,3,3,0
795,746,328,79,77,164,3,3,0
796,746,328,79,77,164,3,3,0
797,746,328,79,77,164,3,3,0
798,746,328,79,78,164,3,3,0
799,746,328,79,78,164,3,3,0
800,746,330,79,75,164,3,3,0
801,746,330,79,76,164,3,3,0
802,746,329,79,75,164,3,3,0
803,746,330,79,75,164,3,3,0
804,746,329,79,76,164,3,3,0
805,746,329,79,76,164,3,3,0
806,746,329,79,76,164,3,3,0
807,746,329,79,76,164,3,3,0
808,746,330,78,75,164,3,3,0
809,747,330,78,75,164,3,3,0
810,747,330,78,75,164,3,3,0
811,747,330,78,75,164,3,3,0
812,747,330,78,75,164,3,3,0
813,747,330,78,75,164,3,3,0
814,747,330,78,75,164,3,3,0
815,747,330,78,75,164,3,3,0
816,746,330,79,75,164,3,3,0
817,746,330,79,75,164,3,3,0
818,746,330,79,75,164,3,3,0
819,746,330,79,75,164,3,3,0
820,746,330,79,75,164,3,3,0
821,746,330,79,75,164,3,3,0
822,746,330,79,76,164,3,3,0
823,746,328,79,77,164,3,3,0
824,747,331,78,74,164,3,3,0
825,747,331,78,74,164,3,3,0
826,746,331,78,74,164,3,3,0
827,747,331,78,74,164,3,3,0
828,747,330,78,75,164,3,3,0
829,747,330,78,75,164,3,3,0
830,747,330,78,75,164,3,3,0
831,747,330,78,75,164,3,3,0
832,747,330,78,76,164,3,3,0
833,747,330,78,76,164,3,3,0
834,747,330,78,76,164,3,3,0
835,747,330,78,76,164,3,3,0
836,747,330,78,76,164,3,3,0
837,747,330,78,76,164,3,3,1
838,747,329,78,76,164,3,3,1
839,747,329,78,76,164,3,3,2
840,747,330,79,74,164,3,3,3
841,747,330,79,74,164,3,3,3
842,747,330,79,74,164,3,3,3
843,747,330,79,74,164,3,3,2
844,747,330,79,74,164,3,3,1
845,747,330,79,74,164,3,3,0
846,747,328,79,76,164,3,3,0
847,747,328,79,76,164,3,3,0
848,746,330,78,75,164,3,3,0
849,746,330,78,75,164,3,3,0
850,746,330,78,75,164,3,3,1
851,746,330,78,75,164,3,3,2
852,747,335,77,71,164,3,3,3
853,747,335,77,71,164,3,3,3
854,747,335,77,71,164,3,3,2
855,747,335,77,71,164,3,3,1
856,747,330,78,75,164,3,3,1
857,746,330,78,75,164,3,3,1
858,746,330,78,75,164,3,3,1
859,746,330,78,75,164,3,3,1
860,746,330,78,75,164,3,3,1
861,747,330,78,75,164,3,3,1
862,747,330,78,75,164,3,3,0
863,747,330,78,75,164,3,3,0
864,747,330,79,75,164,3,3,0
865,747,330,79,75,164,3,3,0
866,747,330,79,75,164,3,3,0
867,747,330,79,75,164,3,3,0
868,747,330,79,75,164,3,3,0
869,746,330,79,75,164,3,3,0
870,746,330,79,75,164,3,3,0
871,746,330,79,75,164,3,3,0
872,746,331,79,74,164,3,3,0
873,747,330,79,75,164,3,3,0
874,746,330,79,75,164,3,3,0
875,746,330,79,75,164,3,3,0
876,746,332,79,73,164,3,3,0
877,746,333,79,73,164,3,3,0
878,746,332,79,73,164,3,3,0
879,746,329,79,76,164,3,3,0
880,746,332,79,73,164,3,3,0
881,746,332,79,73,164,3,3,0
882,746,332,79,73,164,3,3,0
883,746,332,79,73,164,3,3,0
884,746,332,79,73,164,3,3,0
885,746,332,79,73,164,3,3,0
886,746,332,79,73,164,3,3,0
887,746,332,79,73,164,3,3,0
888,746,330,79,75,164,3,3,0
889,746,330,79,75,164,3,3,0
890,746,328,79,77,164,3,3,0
891,746,328,79,77,164,3,3,0
892,746,328,79,77,164,3,3,0
893,746,328,79,77,164,3,3,0
894,746,328,79,77,164,3,3,0
895,746,328,79,77,164,3,3,1
896,747,332,78,74,164,3,3,1
897,747,332,77,74,164,3,3,1
898,747,332,77,74,164,3,3,1
899,747,332,77,74,164,3,3,1
900,746,329,78,76,164,3,3,1
901,746,331,78,74,164,3,3,1
902,746,329,78,76,164,3,3,1
903,746,329,78,76,164,3,3,0
904,747,334,78,72,164,3,3,0
905,747,334,78,72,164,3,3,0
906,747,334,78,72,164,3,3,0
907,747,331,78,74,164,3,3,0
908,747,331,78,74,164,3,3,0
909,747,331,78,74,164,3,3,0
910,747,331,78,74,164,3,3,1
911,747,331,78,74,164,3,3,0
912,747,330,79,75,164,3,3,0
913,747,330,79,75,164,3,3,0
914,747,330,79,75,164,3,3,0
915,747,330,79,75,164,3,3,0
916,747,330,79,75,164,3,3,0
917,747,330,79,75,164,3,3,0
918,747,330,79,75,164,3,3,0
919,747,330,79,75,164,3,3,0
920,746,330,79,75,164,3,3,0
921,747,329,79,76,164,3,3,0
922,747,329,79,76,164,3,3,0
923,747,329,79,76,164,3,3,0
924,747,329,78,76,164,3,3,0
925,747,329,78,76,164,3,3,0
926,747,329,79,76,164,3,3,0
927,747,329,79,76,164,3,3,0
928,746,329,79,76,164,3,3,0
929,746,329,79,76,164,3,3,0
930,747,329,79,76,164,3,3,0
931,747,329,79,76,164,3,3,0
932,747,329,79,76,164,3,3,0
933,747,329,79,76,164,3,3,0
934,747,329,79,76,164,3,3,0
935,747,330,79,76,164,3,3,0
936,746,330,79,75,164,3,3,1
937,746,330,79,75,164,3,3,1
938,746,329,79,77,164,3,3,1
939,746,330,79,75,164,3,3,1
940,746,330,79,76,164,3,3,1
941,746,329,79,77,164,3,3,0
942,746,330,79,76,164,3,3,0
943,746,330,79,76,164,3,3,0
944,746,330,79,75,164,3,3,0
945,746,330,79,75,164,3,3,0
946,746,330,79,75,164,3,3,0
947,746,330,79,75,164,3,3,0
948,746,328,79,77,164,3,3,0
949,746,328,79,77,164,3,3,0
950,746,328,79,77,164,3,3,0
951,746,328,79,77,164,3,3,0
952,746,329,79,76,164,3,3,0
953,746,329,79,76,164,3,3,0
954,746,329,79,76,164,3,3,0
955,746,329,79,76,164,3,3,0
956,746,330,79,75,164,3,3,0
957,746,330,79,75,164,3,3,0
958,746,330,79,75,164,3,3,0
959,746,330,79,75,164,3,3,1
960,746,327,79,79,164,3,3,2
961,746,327,79,79,164,3,3,2
962,746,327,79,79,164,3,3,2
963,746,327,79,79,164,3,3,2
964,746,327,79,79,164,3,3,1
965,746,327,79,79,164,3,3,1
966,746,327,79,79,164,3,3,0
967,746,327,79,79,164,3,3,0
968,746,329,79,77,164,3,3,0
969,746,329,79,77,164,3,3,0
970,746,329,79,77,164,3,3,1
971,746,329,79,76,164,3,3,1
972,746,329,79,76,164,3,3,1
973,746,329,79,76,164,3,3,1
974,746,329,79,76,164,3,3,0
975,746,329,79,76,164,3,3,0
976,746,328,79,78,164,3,3,0
977,746,328,79,78,164,3,3,0
978,746,328,79,78,164,3,3,0
979,746,328,79,78,164,3,3,0
980,746,328,79,78,164,3,3,0
981,746,328,79,78,164,3,3,0
982,746,328,79,78,164,3,3,0
983,746,328,79,78,164,3,3,0
984,746,328,79,77,164,3,3,0
985,746,329,79,77,164,3,3,0
986,746,329,79,77,164,3,3,0
987,746,329,79,76,164,3,3,0
988,746,329,79,76,164,3,3,0
989,746,329,79,76,164,3,3,0
990,746,329,79,76,164,3,3,0
991,746,329,79,76,164,3,3,1
992,746,327,80,77,164,3,3,1
993,746,327,80,77,164,3,3,1
994,746,327,80,77,164,3,3,1
995,746,327,80,77,164,3,3,1
996,746,327,79,79,164,3,3,2
997,746,327,79,79,164,3,3,2
998,746,327,79,79,164,3,3,2
999,746,327,79,79,164,3,3,2
1000,746,329,79,76,164,3,3,1
1001,746,329,79,76,164,3,3,2
1002,746,329,79,76,164,3,3,2
1003,746,329,79,76,164,3,3,2
1004,746,329,79,76,164,3,3,1
1005,746,329,79,76,164,3,3,1
1006,746,329,79,76,164,3,3,1
1007,746,329,79,76,164,3,3,1
1008,746,326,79,80,164,3,3,2
1009,746,326,79,80,164,3,3,2
1010,746,326,79,80,164,3,3,2
1011,746,326,79,80,164,3,3,2
1012,746,326,79,80,164,3,3,1
1013,746,326,79,80,164,3,3,1
1014,746,326,79,80,164,3,3,0
1015,746,326,79,80,164,3,3,0
1016,746,326,79,80,164,3,3,0
1017,746,326,79,80,164,3,3,0
1018,746,326,79,80,164,3,3,0
1019,746,326,79,80,164,3,3,0
1020,746,326,79,80,164,3,3,0
1021,746,326,78,80,164,3,3,0
1022,746,326,79,80,164,3,3,0
1023,746,326,79,80,164,3,3,0
1024,746,327,79,80,164,3,3,0
1025,746,327,79,80,164,3,3,0
1026,746,327,79,80,164,3,3,0
1027,746,327,79,80,164,3,3,0
1028,746,327,79,80,164,3,3,0
1029,746,327,79,80,164,3,3,0
1030,746,327,79,80,164,3,3,0
1031,746,327,79,80,164,3,3,0
1032,746,328,79,78,164,3,3,1
1033,746,328,80,77,164,3,3,1
1034,746,328,80,77,164,3,3,1
1035,746,328,80,77,164,3,3,2
1036,746,328,80,78,164,3,3,1
1037,746,328,80,78,164,3,3,1
1038,746,328,80,78,164,3,3,1
1039,746,328,80,78,164,3,3,1
1040,746,327,80,80,164,3,3,2
1041,746,327,80,80,164,3,3,2
1042,746,327,80,80,164,3,3,2
1043,746,327,80,80,164,3,3,1
1044,746,327,79,79,164,3,3,1
1045,746,327,79,79,164,3,3,0
1046,746,327,79,79,164,3,3,1
1047,746,327,79,79,164,3,3,1
1048,746,326,79,80,164,3,3,2
1049,746,326,79,80,164,3,3,2
1050,746,326,79,80,164,3,3,2
1051,746,326,79,80,164,3,3,2
1052,746,326,79,80,164,3,3,1
1053,746,326,79,80,164,3,3,1
1054,746,326,79,80,164,3,3,0
1055,746,326,79,80,164,3,3,0
1056,746,326,79,80,164,3,3,0
1057,746,326,79,80,164,3,3,0
1058,746,326,79,80,164,3,3,0
1059,746,326,79,80,164,3,3,0
1060,746,326,79,80,164,3,3,0
1061,746,326,79,80,164,3,3,0
1062,746,326,79,80,164,3,3,0
1063,746,326,79,80,164,3,3,0
1064,746,326,79,80,164,3,3,0
1065,746,326,79,80,164,3,3,0
1066,746,326,79,80,164,3,3,0
1067,746,326,79,80,164,3,3,1
1068,747,326,78,79,164,3,3,2
1069,747,326,78,79,164,3,3,2
1070,747,326,78,79,164,3,3,2
1071,747,326,78,79,164,3,3,2
1072,747,326,78,79,164,3,3,2
1073,747,326,78,79,164,3,3,1
1074,747,326,78,79,164,3,3,0
1075,747,326,78,79,164,3,3,0
1076,747,326,78,79,164,3,3,0
1077,747,326,78,79,164,3,3,0
1078,747,326,78,79,164,3,3,0
1079,747,326,78,79,164,3,3,1
1080,746,326,79,80,164,3,3,2
1081,746,326,79,80,164,3,3,3
1082,746,326,79,80,164,3,3,3
1083,746,326,79,80,164,3,3,3
1084,746,326,79,80,164,3,3,2
1085,746,326,79,80,164,3,3,1
1086,746,326,79,80,164,3,3,0
1087,746,326,79,80,164,3,3,0
1088,746,326,79,80,164,3,3,0
1089,746,326,79,80,164,3,3,0
1090,746,326,79,80,164,3,3,1
1091,746,326,79,80,164,3,3,1
1092,747,326,78,79,164,3,3,1
1093,746,327,79,80,164,3,3,0
1094,746,327,79,80,164,3,3,0
1095,746,327,79,80,164,3,3,0
1096,746,326,79,80,164,3,3,0
1097,746,326,79,80,164,3,3,0
1098,746,326,79,80,164,3,3,1
1099,746,326,79,80,164,3,3,1
1100,746,326,79,80,164,3,3,1
1101,746,326,79,80,164,3,3,1
1102,746,327,79,80,164,3,3,1
1103,746,327,79,80,164,3,3,0
1104,746,326,78,79,164,3,3,0
1105,746,326,78,79,164,3,3,0
1106,746,326,78,79,164,3,3,0
1107,746,326,78,79,164,3,3,1
1108,746,326,78,79,164,3,3,1
1109,746,326,78,79,164,3,3,1
1110,746,326,78,80,164,3,3,0
1111,746,326,78,80,164,3,3,0
1112,746,326,79,79,164,3,3,0
1113,746,326,78,79,164,3,3,0
1114,746,326,78,79,164,3,3,1
1115,746,326,78,79,164,3,3,1
1116,746,327,79,80,164,3,3,1
1117,746,326,80,80,164,3,3,0
1118,746,326,79,79,164,3,3,0
1119,746,326,79,79,164,3,3,0
1120,746,326,78,79,164,3,3,1
1121,746,326,78,79,164,3,3,2
1122,746,326,78,79,164,3,3,3
1123,747,326,78,79,164,3,3,4
1124,746,327,79,80,164,3,3,4
1125,746,327,79,80,164,3,3,3
1126,747,326,77,78,164,3,3,2
1127,747,326,78,79,164,3,3,2
1128,746,326,80,80,164,3,3,2
1129,746,326,80,80,164,3,3,1
1130,746,326,79,80,164,3,3,1
1131,746,326,79,80,164,3,3,2
1132,746,326,79,80,164,3,3,2
1133,746,326,79,80,164,3,3,1
1134,746,326,79,80,164,3,3,1
1135,746,326,79,80,164,3,3,1
1136,746,325,79,80,164,3,3,2
1137,746,325,79,80,164,3,3,1
1138,746,325,79,80,164,3,3,1
1139,746,326,79,80,164,3,3,0
1140,746,326,79,80,164,3,3,0
1141,746,326,79,80,164,3,3,0
1142,746,326,79,80,164,3,3,0
1143,746,326,79,80,164,3,3,0
1144,746,326,79,80,164,3,3,0
1145,746,326,79,80,164,3,3,0
1146,746,326,78,80,164,3,3,0
1147,746,326,79,80,164,3,3,0
1148,746,326,79,80,164,3,3,0
1149,746,326,79,80,164,3,3,0
1150,746,325,79,80,164,3,3,1
1151,746,325,79,80,164,3,3,0
1152,746,326,78,80,164,3,3,0
1153,746,326,78,80,164,3,3,0
1154,746,326,78,80,164,3,3,0
1155,746,326,78,80,164,3,3,0
1156,746,326,78,80,164,3,3,0
1157,746,326,78,80,164,3,3,0
1158,746,326,78,80,164,3,3,0
1159,746,326,78,80,164,3,3,0
1160,746,326,79,80,164,3,3,0
1161,746,325,79,80,164,3,3,1
1162,746,325,79,80,164,3,3,1
1163,746,325,79,80,164,3,3,1
1164,746,325,79,80,164,3,3,1
1165,746,325,79,80,164,3,3,1
1166,746,325,79,80,164,3,3,1
1167,746,325,79,80,164,3,3,0
1168,746,326,79,80,164,3,3,0
1169,746,326,79,80,164,3,3,0
1170,746,326,79,80,164,3,3,0
1171,746,326,79,80,164,3,3,0
1172,746,326,79,80,164,3,3,0
1173,746,326,79,80,164,3,3,0
1174,746,326,79,80,164,3,3,0
1175,746,326,79,80,164,3,3,0
1176,746,326,79,80,164,3,3,0
1177,746,326,79,80,164,3,3,0
1178,746,326,79,80,164,3,3,0
1179,746,326,79,80,164,3,3,0
1180,746,326,79,80,164,3,3,0
1181,746,326,79,80,164,3,3,0
1182,746,326,79,80,164,3,3,0
1183,746,326,79,80,164,3,3,0
1184,746,326,79,79,164,3,3,0
1185,746,326,79,79,164,3,3,0
1186,746,326,79,79,164,3,3,0
1187,746,326,79,79,164,3,3,0
1188,746,326,79,80,164,3,3,0
1189,746,326,79,80,164,3,3,0
1190,746,326,79,79,164,3,3,0
1191,746,326,79,80,164,3,3,0
1192,746,326,79,80,164,3,3,1
1193,746,326,79,80,164,3,3,1
1194,746,326,79,80,164,3,3,1
1195,746,326,79,80,164,3,3,1
1196,746,326,79,80,164,3,3,1
1197,746,326,79,80,164,3,3,0
1198,746,326,79,80,164,3,3,0
1199,746,326,79,80,164,3,3,0
1200,746,326,79,80,164,3,3,0
1201,746,326,79,80,164,3,3,0
1202,746,326,79,80,164,3,3,0
1203,746,326,79,80,164,3,3,0
1204,746,326,79,80,164,3,3,0
1205,746,326,79,80,164,3,3,0
1206,746,326,79,80,164,3,3,0
1207,746,326,79,80,164,3,3,0
1208,746,326,80,80,164,3,3,0
1209,746,326,80,81,164,3,3,0
1210,746,326,80,81,164,3,3,0
1211,746,326,80,81,164,3,3,0
1212,746,326,80,80,164,3,3,0
1213,746,326,80,80,164,3,3,0
1214,746,326,80,80,164,3,3,0
1215,746,326,80,80,164,3,3,0
1216,746,326,80,80,164,3,3,0
1217,746,326,80,80,164,3,3,0
1218,746,326,80,80,164,3,3,0
1219,746,326,80,80,164,3,3,0
1220,746,326,80,80,164,3,3,0
1221,746,326,80,80,164,3,3,0
1222,746,326,80,80,164,3,3,0
1223,746,326,80,80,164,3,3,0
1224,746,326,79,80,164,3,3,0
1225,746,326,79,80,164,3,3,0
1226,746,326,79,80,164,3,3,0
1227,746,326,79,80,164,3,3,0
1228,746,326,79,80,164,3,3,0
1229,746,326,79,80,164,3,3,0
1230,746,326,79,80,164,3,3,0
1231,746,326,79,80,164,3,3,0
1232,746,326,80,81,164,3,3,0
1233,746,326,80,81,164,3,3,0
1234,746,326,80,81,164,3,3,0
1235,746,326,80,81,164,3,3,0
1236,746,326,79,80,164,3,3,0
1237,746,326,79,80,164,3,3,0
1238,746,326,79,80,164,3,3,1
1239,746,326,79,80,164,3,3,1
1240,746,326,79,80,164,3,3,1
1241,746,326,79,80,164,3,3,0
1242,746,326,79,80,164,3,3,0
1243,746,326,79,80,164,3,3,0
1244,746,326,79,80,164,3,3,0
1245,746,326,79,80,164,3,3,0
1246,746,326,79,80,164,3,3,0
1247,746,326,79,80,164,3,3,0
1248,746,326,79,80,164,3,3,1
1249,746,326,79,80,164,3,3,1
1250,746,326,79,81,164,3,3,1
1251,746,326,79,81,164,3,3,1
1252,746,326,79,81,164,3,3,1
1253,746,326,79,81,164,3,3,1
1254,746,326,79,81,164,3,3,1
1255,746,326,79,81,164,3,3,0
1256,746,326,79,80,164,3,3,0
1257,746,326,79,81,164,3,3,0
1258,746,326,79,81,164,3,3,0
1259,746,326,79,80,164,3,3,0
1260,746,326,79,80,164,3,3,0
1261,746,326,79,80,164,3,3,0
1262,746,326,79,80,164,3,3,0
1263,746,326,79,80,164,3,3,0
1264,746,325,79,81,164,3,3,0
1265,746,325,79,81,164,3,3,0
1266,746,325,79,81,164,3,3,0
1267,746,326,79,81,164,3,3,0
1268,746,326,80,81,164,3,3,0
1269,746,326,80,81,164,3,3,0
1270,746,326,80,81,164,3,3,0
1271,746,326,80,81,164,3,3,0
1272,746,326,79,80,164,3,3,0
1273,746,326,79,80,164,3,3,1
1274,746,326,79,80,164,3,3,1
1275,746,326,79,80,164,3,3,1
1276,746,326,79,80,164,3,3,1
1277,746,326,79,80,164,3,3,0
1278,746,326,79,80,164,3,3,0
1279,746,326,79,80,164,3,3,0
1280,746,326,78,80,164,3,3,0
1281,746,326,78,80,164,3,3,0
1282,746,326,78,80,164,3,3,0
1283,746,326,78,80,164,3,3,0
1284,746,326,78,80,164,3,3,0
1285,746,326,78,80,164,3,3,0
1286,746,326,80,80,164,3,3,0
1287,746,326,80,80,164,3,3,1
1288,746,326,80,81,164,3,3,1
1289,746,326,80,81,164,3,3,1
1290,746,326,80,81,164,3,3,1
1291,746,325,79,81,164,3,3,0
1292,746,325,79,81,164,3,3,0
1293,746,326,78,80,164,3,3,0
1294,746,326,78,80,164,3,3,1
1295,746,326,78,80,164,3,3,1
1296,746,326,78,80,164,3,3,1
1297,746,326,78,80,164,3,3,0
1298,746,326,78,80,164,3,3,0
1299,746,326,78,80,164,3,3,0
1300,746,326,78,80,164,3,3,0
1301,746,326,78,80,164,3,3,0
1302,746,326,78,79,164,3,3,0
1303,746,326,78,79,164,3,3,0
1304,746,327,78,79,164,3,3,0
1305,746,327,79,79,164,3,3,0
1306,746,327,78,79,164,3,3,0
1307,746,327,78,79,164,3,3,0
1308,746,327,78,79,164,3,3,0
1309,746,327,78,79,164,3,3,0
1310,746,327,78,79,164,3,3,0
1311,746,327,78,79,164,3,3,0
1312,746,326,79,79,164,3,3,1
1313,746,326,79,79,164,3,3,1
1314,746,326,79,79,164,3,3,1
1315,746,326,79,79,164,3,3,1
1316,746,326,79,79,164,3,3,1
1317,746,326,79,79,164,3,3,0
1318,746,326,79,79,164,3,3,0
1319,746,326,79,79,164,3,3,0
1320,747,326,77,79,164,3,3,0
1321,747,326,77,79,164,3,3,0
1322,747,326,77,79,164,3,3,1
1323,746,326,79,80,164,3,3,1
1324,746,326,79,80,164,3,3,1
1325,746,326,79,80,164,3,3,1
1326,746,326,79,80,164,3,3,1
1327,746,326,79,80,164,3,3,1
1328,746,328,79,77,164,3,3,2
1329,746,328,79,76,164,3,3,3
1330,746,328,79,76,164,3,3,3
1331,746,328,79,76,164,3,3,3
1332,746,326,78,79,164,3,3,2
1333,746,326,78,79,164,3,3,1
1334,746,326,78,79,164,3,3,1
1335,746,326,78,79,164,3,3,1
1336,746,326,79,80,164,3,3,2
1337,746,326,79,80,164,3,3,2
1338,746,326,79,80,164,3,3,2
1339,746,326,79,80,164,3,3,2
1340,746,326,79,80,164,3,3,2
1341,746,326,79,80,164,3,3,1
1342,746,326,79,80,164,3,3,1
1343,746,326,79,80,164,3,3,2
1344,747,325,78,79,164,3,3,3
1345,747,325,78,79,164,3,3,3
1346,747,325,78,79,164,3,3,3
1347,747,325,78,79,164,3,3,3
1348,747,325,78,79,164,3,3,2
1349,747,325,78,79,164,3,3,1
1350,747,325,78,79,164,3,3,1
1351,747,325,78,79,164,3,3,2
1352,746,326,79,80,164,3,3,3
1353,746,326,79,80,164,3,3,3
1354,746,326,79,80,164,3,3,3
1355,746,326,79,80,164,3,3,3
1356,746,326,78,80,164,3,3,2
1357,746,326,78,80,164,3,3,2
1358,746,326,80,81,164,3,3,1
1359,746,326,80,81,164,3,3,0
1360,747,326,78,80,164,3,3,0
1361,746,326,78,80,164,3,3,0
1362,747,326,78,80,164,3,3,0
1363,747,326,78,80,164,3,3,0
1364,747,326,78,80,164,3,3,0
1365,747,326,78,80,164,3,3,0
1366,747,326,78,80,164,3,3,0
1367,747,326,78,80,164,3,3,0
1368,746,326,79,80,164,3,3,0
1369,746,326,79,80,164,3,3,0
1370,746,326,79,80,164,3,3,0
1371,746,326,79,80,164,3,3,0
1372,746,326,79,80,164,3,3,0
1373,746,326,79,80,164,3,3,0
1374,746,326,79,80,164,3,3,0
1375,746,326,79,80,164,3,3,0
1376,746,325,79,80,164,3,3,0
1377,746,325,79,80,164,3,3,0
1378,746,325,79,80,164,3,3,0
1379,746,325,79,80,164,3,3,0
1380,746,325,79,81,164,3,3,0
1381,746,325,79,81,164,3,3,0
1382,746,325,79,81,164,3,3,1
1383,746,325,79,81,164,3,3,1
1384,746,326,79,81,164,3,3,2
1385,746,326,79,81,164,3,3,1
1386,746,326,79,81,164,3,3,1
1387,746,325,79,81,164,3,3,0
1388,746,325,79,81,164,3,3,0
1389,746,325,79,81,164,3,3,1
1390,746,325,79,81,164,3,3,1
1391,746,325,79,81,164,3,3,1
1392,746,325,79,81,164,3,3,0
1393,746,325,79,81,164,3,3,0
1394,746,325,79,81,164,3,3,0
1395,746,325,79,81,164,3,3,0
1396,746,325,79,81,164,3,3,0
1397,746,325,79,81,164,3,3,0
1398,746,325,79,81,164,3,3,0
1399,746,325,79,81,164,3,3,0
1400,746,326,79,80,164,3,3,0
1401,746,326,79,80,164,3,3,0
1402,746,326,79,80,164,3,3,0
1403,746,326,79,80,164,3,3,0
1404,746,326,79,80,164,3,3,0
1405,746,326,79,80,164,3,3,0
1406,746,326,79,80,164,3,3,0
1407,746,326,79,80,164,3,3,0
1408,747,326,79,80,164,3,3,0
1409,747,326,79,80,164,3,3,0
1410,747,326,79,80,164,3,3,0
1411,747,326,79,80,164,3,3,0
1412,747,326,79,80,164,3,3,0
1413,747,326,79,80,164,3,3,0
1414,747,326,79,80,164,3,3,0
1415,747,326,79,80,164,3,3,0
1416,746,325,79,81,164,3,3,0
1417,746,325,79,81,164,3,3,0
1418,746,325,79,81,164,3,3,0
1419,746,325,79,81,164,3,3,0
1420,746,325,79,81,164,3,3,0
1421,746,325,79,81,164,3,3,0
1422,746,325,79,81,164,3,3,0
1423,746,325,79,81,164,3,3,0
1424,746,327,80,79,164,3,3,0
1425,746,327,80,79,164,3,3,0
1426,746,327,80,79,164,3,3,0
1427,746,327,80,79,164,3,3,1
1428,746,327,79,78,164,3,3,1
1429,746,326,79,78,164,3,3,1
1430,746,326,79,78,164,3,3,1
1431,746,326,79,78,164,3,3,1
1432,746,326,78,80,164,3,3,1
1433,746,326,78,80,164,3,3,1
1434,746,326,78,80,164,3,3,1
1435,746,326,78,79,164,3,3,1
1436,746,326,78,79,164,3,3,1
1437,746,327,78,80,164,3,3,1
1438,746,327,78,80,164,3,3,1
1439,746,327,78,80,164,3,3,1
1440,747,330,78,75,164,3,3,1
1441,747,330,78,75,164,3,3,1
1442,747,330,78,75,164,3,3,1
1443,747,330,78,76,164,3,3,2
1444,747,330,78,75,164,3,3,1
1445,747,330,78,75,164,3,3,1
1446,747,330,78,76,164,3,3,0
1447,747,330,78,76,164,3,3,0
1448,746,326,79,80,164,3,3,0
1449,746,326,79,80,164,3,3,0
1450,746,326,79,80,164,3,3,0
1451,746,326,79,80,164,3,3,0
1452,747,325,78,80,164,3,3,1
1453,747,325,78,80,164,3,3,1
1454,747,325,78,80,164,3,3,1
1455,747,325,78,80,164,3,3,1
1456,746,325,79,80,164,3,3,0
1457,746,325,79,80,164,3,3,0
1458,746,325,79,80,164,3,3,0
1459,746,325,79,80,164,3,3,0
1460,746,325,79,80,164,3,3,0
1461,746,325,79,80,164,3,3,0
1462,746,325,79,80,164,3,3,0
1463,746,325,79,80,164,3,3,0
1464,746,325,78,81,164,3,3,1
1465,746,325,78,81,164,3,3,1
1466,746,325,78,81,164,3,3,1
1467,746,325,78,81,164,3,3,1
1468,746,325,78,81,164,3,3,0
1469,746,325,78,81,164,3,3,0
1470,746,325,78,81,164,3,3,0
1471,746,325,78,81,164,3,3,0
1472,746,326,79,80,164,3,3,0
1473,746,326,79,80,164,3,3,0
1474,746,326,79,80,164,3,3,0
1475,746,326,79,80,164,3,3,0
1476,746,325,79,80,164,3,3,0
1477,746,325,79,80,164,3,3,0
1478,746,325,79,80,164,3,3,0
1479,746,325,79,80,164,3,3,0
1480,746,324,78,81,164,3,3,0
1481,746,324,78,81,164,3,3,0
1482,746,324,78,81,164,3,3,0
1483,746,324,78,81,164,3,3,0
1484,746,324,78,81,164,3,3,0
1485,746,324,78,81,164,3,3,0
1486,746,324,78,81,164,3,3,0
1487,746,324,78,81,164,3,3,0
1488,747,325,77,81,164,3,3,1
1489,747,325,77,81,164,3,3,1
1490,746,325,77,81,164,3,3,1
1491,746,325,77,81,164,3,3,1
1492,746,325,77,81,164,3,3,1
1493,746,325,77,81,164,3,3,0
1494,746,325,77,81,164,3,3,0
1495,746,325,77,81,164,3,3,0
1496,746,326,78,80,164,3,3,0
1497,747,325,78,80,164,3,3,0
1498,747,325,78,80,164,3,3,0
1499,747,325,78,80,164,3,3,0
1500,745,324,79,81,164,3,3,0
1501,745,324,79,81,164,3,3,0
1502,745,324,79,81,164,3,3,0
1503,745,324,79,81,164,3,3,0
1504,745,325,80,80,164,3,3,0
1505,745,325,80,80,164,3,3,0
1506,745,325,80,80,164,3,3,0
1507,745,325,80,80,164,3,3,0
1508,745,325,80,80,164,3,3,0
1509,745,325,80,79,164,3,3,0
1510,745,325,80,79,164,3,3,0
1511,745,325,80,80,164,3,3,0
1512,746,325,78,80,164,3,3,0
1513,746,325,78,80,164,3,3,0
1514,746,325,78,80,164,3,3,0
1515,746,325,78,80,164,3,3,0
1516,746,325,78,79,164,3,3,0
1517,746,325,78,79,164,3,3,0
1518,746,325,78,79,164,3,3,0
1519,746,325,78,79,164,3,3,0
1520,745,325,80,80,164,3,3,0
1521,747,325,77,80,164,3,3,0
1522,745,324,80,80,164,3,3,0
1523,745,325,80,80,164,3,3,0
1524,747,325,77,80,164,3,3,0
1525,747,325,77,80,164,3,3,0
1526,747,325,77,80,164,3,3,0
1527,747,325,77,80,164,3,3,0
1528,745,324,80,81,164,3,3,0
1529,745,324,80,81,164,3,3,0
1530,745,324,80,81,164,3,3,0
1531,745,324,80,81,164,3,3,0
1532,745,324,80,81,164,3,3,0
1533,745,324,80,81,164,3,3,0
1534,745,324,80,81,164,3,3,0
1535,745,324,80,80,164,3,3,1
1536,746,325,78,80,164,3,3,2
1537,746,325,78,80,164,3,3,2
1538,746,325,78,80,164,3,3,1
1539,746,325,78,80,164,3,3,1
1540,745,324,80,81,164,3,3,1
1541,745,325,80,81,164,3,3,1
1542,745,325,80,81,164,3,3,0
1543,745,325,80,81,164,3,3,0
1544,746,325,78,79,164,3,3,0
1545,745,325,79,80,164,3,3,0
1546,745,325,80,80,164,3,3,0
1547,745,325,80,80,164,3,3,0
1548,745,325,81,81,164,3,3,0
1549,745,325,81,81,164,3,3,0
1550,745,325,80,80,164,3,3,0
1551,746,325,79,80,164,3,3,0
1552,745,325,80,80,164,3,3,0
1553,745,325,80,80,164,3,3,0
1554,745,325,80,80,164,3,3,0
1555,745,325,80,80,164,3,3,0
1556,745,325,80,81,164,3,3,0
1557,745,325,80,81,164,3,3,0
1558,745,325,80,81,164,3,3,0
1559,745,325,80,81,164,3,3,0
1560,746,325,78,80,164,3,3,0
1561,746,325,78,80,164,3,3,0
1562,746,325,78,80,164,3,3,0
1563,746,325,78,80,164,3,3,0
1564,746,325,78,80,164,3,3,0
1565,746,325,78,80,164,3,3,0
1566,746,325,78,80,164,3,3,0
1567,746,325,78,80,164,3,3,0
1568,746,324,80,80,164,3,3,1
1569,746,324,80,80,164,3,3,1
1570,746,324,80,80,164,3,3,1
1571,746,324,80,80,164,3,3,0
1572,746,325,78,80,164,3,3,0
1573,746,325,78,80,164,3,3,1
1574,746,325,78,81,164,3,3,2
1575,746,325,79,81,164,3,3,2
1576,745,325,80,81,164,3,3,2
1577,745,325,80,81,164,3,3,2
1578,745,325,80,81,164,3,3,1
1579,745,325,80,81,164,3,3,1
1580,745,324,80,81,164,3,3,0
1581,745,325,80,81,164,3,3,0
1582,746,325,79,80,164,3,3,1
1583,746,325,79,80,164,3,3,2
1584,745,324,80,80,164,3,3,2
1585,745,324,80,80,164,3,3,1
1586,745,325,80,80,164,3,3,0
1587,745,325,80,80,164,3,3,0
1588,745,325,80,80,164,3,3,0
1589,745,325,80,80,164,3,3,1
1590,746,325,80,80,164,3,3,2
1591,746,325,80,80,164,3,3,2
1592,747,325,78,79,164,3,3,1
1593,747,326,78,79,164,3,3,0
1594,747,326,78,79,164,3,3,0
1595,747,326,78,79,164,3,3,1
1596,745,325,80,79,164,3,3,1
1597,745,325,80,79,164,3,3,1
1598,746,325,79,79,164,3,3,0
1599,745,325,80,79,164,3,3,0
1600,746,325,79,80,164,3,3,0
1601,746,325,79,80,164,3,3,0
1602,746,325,79,79,164,3,3,0
1603,746,325,79,79,164,3,3,0
1604,746,325,79,80,164,3,3,0
1605,746,325,79,80,164,3,3,0
1606,746,325,79,80,164,3,3,0
1607,746,325,79,80,164,3,3,0
1608,745,325,80,80,164,3,3,0
1609,745,325,80,80,164,3,3,0
1610,745,325,80,80,164,3,3,0
1611,745,325,80,80,164,3,3,0
1612,746,325,79,80,164,3,3,0
1613,746,325,79,80,164,3,3,0
1614,747,325,79,80,164,3,3,0
1615,746,325,79,80,164,3,3,0
1616,746,325,79,80,164,3,3,0
1617,746,325,79,80,164,3,3,0
1618,746,325,79,79,164,3,3,0
1619,747,325,79,79,164,3,3,0
1620,746,325,79,81,164,3,3,0
1621,746,325,79,80,164,3,3,0
1622,746,325,79,80,164,3,3,0
1623,746,325,79,81,164,3,3,0
1624,746,325,79,79,164,3,3,0
1625,746,325,79,78,164,3,3,1
1626,746,326,79,80,164,3,3,1
1627,747,325,79,79,164,3,3,1
1628,746,326,79,81,164,3,3,1
1629,747,325,78,80,164,3,3,2
1630,746,326,79,80,164,3,3,2
1631,747,326,79,80,164,3,3,2
1632,746,326,79,80,164,3,3,2
1633,746,326,79,81,164,3,3,3
1634,747,325,78,80,164,3,3,2
1635,746,326,79,80,164,3,3,1
1636,746,326,79,80,164,3,3,1
1637,746,326,79,80,164,3,3,0
1638,746,326,79,80,164,3,3,1
1639,746,326,79,80,164,3,3,1
1640,746,327,79,79,164,3,3,1
1641,746,327,79,79,164,3,3,0
1642,746,327,79,79,164,3,3,0
1643,746,327,79,79,164,3,3,0
1644,746,329,79,76,164,3,3,1
1645,746,329,79,78,164,3,3,1
1646,746,329,79,78,164,3,3,1
1647,746,328,79,78,164,3,3,0
1648,746,327,79,79,164,3,3,0
1649,746,327,79,80,164,3,3,0
1650,746,327,79,79,164,3,3,2
1651,746,327,79,79,164,3,3,2
1652,746,327,79,78,164,3,3,2
1653,746,328,79,78,164,3,3,1
1654,746,328,79,78,164,3,3,1
1655,746,328,79,78,164,3,3,0
1656,746,327,79,78,164,3,3,0
1657,746,327,79,78,164,3,3,0
1658,746,327,79,78,164,3,3,1
1659,746,327,79,78,164,3,3,2
1660,746,327,79,78,164,3,3,1
1661,746,327,79,78,164,3,3,1
1662,746,327,79,78,164,3,3,0
1663,746,327,79,78,164,3,3,0
1664,746,327,79,78,164,3,3,0
1665,746,327,79,78,164,3,3,0
1666,746,327,79,78,164,3,3,0
1667,746,327,79,78,164,3,3,0
1668,746,327,79,78,164,3,3,0
1669,746,327,79,78,164,3,3,0
1670,746,327,79,78,164,3,3,0
1671,746,327,79,78,164,3,3,0
1672,746,327,79,78,164,3,3,0
1673,746,327,79,78,164,3,3,0
1674,746,327,79,78,164,3,3,0
1675,746,327,79,78,164,3,3,0
1676,746,328,79,78,164,3,3,1
1677,746,328,79,78,164,3,3,1
1678,746,328,79,78,164,3,3,2
1679,746,328,79,78,164,3,3,2
1680,746,327,79,80,164,3,3,2
1681,746,327,79,80,164,3,3,1
1682,746,327,79,80,164,3,3,1
1683,746,327,79,80,164,3,3,1
1684,746,327,79,80,164,3,3,0
1685,746,327,79,80,164,3,3,0
1686,746,327,79,80,164,3,3,0
1687,746,327,79,80,164,3,3,0
1688,747,327,79,80,164,3,3,0
1689,747,327,79,80,164,3,3,0
1690,747,327,79,80,164,3,3,0
1691,747,327,79,80,164,3,3,0
1692,747,327,79,80,164,3,3,0
1693,747,327,79,80,164,3,3,0
1694,747,327,79,80,164,3,3,1
1695,747,327,79,80,164,3,3,1
1696,747,328,79,77,164,3,3,1
1697,747,329,79,77,164,3,3,1
1698,747,329,79,77,164,3,3,1
1699,747,329,79,77,164,3,3,1
1700,747,329,79,76,164,3,3,1
1701,747,329,79,76,164,3,3,1
1702,747,329,79,76,164,3,3,1
1703,747,329,79,76,164,3,3,1
1704,747,326,78,79,164,3,3,1
1705,746,326,79,78,164,3,3,1
1706,746,326,79,78,164,3,3,1
1707,746,326,79,79,164,3,3,1
1708,746,326,79,79,164,3,3,0
1709,747,326,78,79,164,3,3,0
1710,747,326,78,79,164,3,3,0
1711,747,326,78,79,164,3,3,0
1712,746,326,79,78,164,3,3,0
1713,746,327,79,78,164,3,3,0
1714,746,327,79,78,164,3,3,0
1715,746,327,79,78,164,3,3,0
1716,746,328,79,78,164,3,3,0
1717,746,328,79,77,164,3,3,0
1718,746,328,79,78,164,3,3,1
1719,746,328,79,78,164,3,3,2
1720,746,329,79,77,164,3,3,2
1721,746,329,79,77,164,3,3,2
1722,746,329,79,77,164,3,3,2
1723,746,329,79,77,164,3,3,2
1724,746,329,79,77,164,3,3,1
1725,746,329,79,77,164,3,3,1
1726,746,329,79,77,164,3,3,1
1727,746,329,79,77,164,3,3,1
1728,746,326,79,79,164,3,3,1
1729,746,326,80,79,164,3,3,1
1730,746,326,79,79,164,3,3,1
1731,746,326,79,79,164,3,3,1
1732,746,326,79,79,164,3,3,0
1733,746,326,79,79,164,3,3,0
1734,746,326,79,79,164,3,3,0
1735,746,326,79,79,164,3,3,0
1736,746,327,80,79,164,3,3,0
1737,746,326,80,79,164,3,3,0
1738,746,326,80,79,164,3,3,0
1739,746,326,79,79,164,3,3,0
1740,746,326,79,79,164,3,3,0
1741,746,326,79,79,164,3,3,0
1742,746,326,79,79,164,3,3,0
1743,746,326,79,80,164,3,3,0
1744,747,327,79,78,164,3,3,0
1745,747,327,79,78,164,3,3,0
1746,747,327,79,78,164,3,3,0
1747,747,327,79,78,164,3,3,0
1748,747,327,79,78,164,3,3,0
1749,747,327,79,78,164,3,3,0
1750,747,328,78,77,164,3,3,0
1751,747,328,78,77,164,3,3,0
1752,746,329,79,77,164,3,3,0
1753,746,328,79,77,164,3,3,0
1754,746,329,79,77,164,3,3,0
1755,746,328,79,77,164,3,3,0
1756,746,328,79,78,164,3,3,0
1757,746,328,79,77,164,3,3,0
1758,746,328,79,77,164,3,3,0
1759,746,328,79,77,164,3,3,0
1760,746,327,79,79,164,3,3,0
1761,746,327,79,79,164,3,3,0
1762,746,327,79,79,164,3,3,0
1763,746,327,79,78,164,3,3,0
1764,746,326,79,79,164,3,3,0
1765,746,326,79,79,164,3,3,0
1766,746,326,79,79,164,3,3,0
1767,746,326,79,79,164,3,3,1
1768,746,326,80,80,164,3,3,1
1769,746,326,80,80,164,3,3,2
1770,746,326,80,80,164,3,3,2
1771,746,326,80,80,164,3,3,2
1772,746,326,80,80,164,3,3,2
1773,746,326,80,80,164,3,3,1
1774,746,326,80,80,164,3,3,0
1775,746,326,80,80,164,3,3,0
1776,746,326,79,80,164,3,3,0
1777,746,326,79,80,164,3,3,0
1778,746,326,79,80,164,3,3,0
1779,746,326,79,80,164,3,3,0
1780,746,326,79,80,164,3,3,0
1781,746,326,79,80,164,3,3,0
1782,746,326,79,80,164,3,3,0
1783,746,326,79,80,164,3,3,0
1784,746,326,79,79,164,3,3,1
1785,746,326,79,79,164,3,3,1
1786,746,326,79,79,164,3,3,1
1787,746,326,79,79,164,3,3,1
1788,746,326,79,79,164,3,3,1
1789,746,326,79,79,164,3,3,1
1790,746,326,79,79,164,3,3,1
1791,746,326,79,79,164,3,3,1
1792,746,327,79,80,164,3,3,1
1793,746,326,79,80,164,3,3,1
1794,746,327,79,80,164,3,3,2
1795,746,327,79,80,164,3,3,2
1796,746,327,79,80,164,3,3,2
1797,746,327,79,80,164,3,3,1
1798,746,326,79,80,164,3,3,1
1799,746,326,79,80,164,3,3,0
1800,747,328,77,78,164,3,3,0
1801,747,328,77,78,164,3,3,0
1802,747,328,77,78,164,3,3,0
1803,747,328,78,78,164,3,3,0
1804,747,328,78,78,164,3,3,0
1805,747,328,77,78,164,3,3,0
1806,747,328,77,78,164,3,3,0
1807,747,328,77,78,164,3,3,0
1808,746,325,78,80,164,3,3,0
1809,746,326,79,81,164,3,3,0
1810,746,326,79,81,164,3,3,0
1811,746,326,79,80,164,3,3,0
1812,747,327,77,78,164,3,3,0
1813,746,327,79,79,164,3,3,1
1814,747,327,77,78,164,3,3,1
1815,747,327,77,78,164,3,3,1
1816,746,327,79,79,164,3,3,0
1817,746,327,80,80,164,3,3,1
1818,746,326,80,80,164,3,3,1
1819,746,327,79,80,164,3,3,1
1820,746,327,79,79,164,3,3,0
1821,746,327,79,79,164,3,3,1
1822,746,327,79,79,164,3,3,1
1823,746,326,79,79,164,3,3,1
1824,746,326,80,81,164,3,3,1
1825,746,326,80,81,164,3,3,1
1826,746,326,80,81,164,3,3,1
1827,746,326,80,81,164,3,3,1
1828,746,326,80,81,164,3,3,1
1829,746,326,80,81,164,3,3,1
1830,746,326,80,81,164,3,3,0
1831,746,326,80,81,164,3,3,0
1832,746,328,80,79,164,3,3,0
1833,746,328,80,79,164,3,3,0
1834,746,328,80,79,164,3,3,0
1835,746,328,80,79,164,3,3,1
1836,747,336,77,70,164,3,3,1
1837,747,336,77,70,164,3,3,1
1838,747,336,77,70,164,3,3,2
1839,747,336,77,70,164,3,3,2
1840,746,327,79,78,164,3,3,2
1841,746,327,79,78,164,3,3,1
1842,746,327,79,79,164,3,3,0
1843,746,327,79,79,164,3,3,0
1844,746,327,79,79,164,3,3,0
1845,746,327,79,79,164,3,3,0
1846,746,327,79,79,164,3,3,0
1847,746,327,79,79,164,3,3,0
1848,746,326,78,79,164,3,3,1
1849,746,326,78,79,164,3,3,1
1850,746,326,78,79,164,3,3,1
1851,746,326,78,79,164,3,3,1
1852,746,326,78,79,164,3,3,0
1853,746,326,78,79,164,3,3,0
1854,746,326,78,79,164,3,3,0
1855,746,326,78,79,164,3,3,0
1856,747,331,78,75,164,3,3,0
1857,747,331,78,75,164,3,3,1
1858,747,330,78,75,164,3,3,1
1859,747,331,78,75,164,3,3,1
1860,746,327,79,78,164,3,3,0
1861,746,327,79,78,164,3,3,0
1862,747,332,78,74,164,3,3,0
1863,746,328,79,78,164,3,3,0
1864,746,327,79,78,164,3,3,0
1865,746,328,79,78,164,3,3,0
1866,746,328,79,78,164,3,3,0
1867,746,327,79,79,164,3,3,0
1868,746,326,79,80,164,3,3,0
1869,746,327,79,79,164,3,3,0
1870,746,327,79,79,164,3,3,0
1871,746,327,79,79,164,3,3,0
1872,746,327,79,79,164,3,3,0
1873,746,327,79,79,164,3,3,0
1874,746,327,79,79,164,3,3,0
1875,746,327,79,79,164,3,3,0
1876,746,327,79,79,164,3,3,0
1877,746,327,79,79,164,3,3,0
1878,746,327,79,80,164,3,3,0
1879,746,327,79,79,164,3,3,0
1880,747,326,78,79,164,3,3,0
1881,747,326,78,80,164,3,3,0
1882,747,326,78,79,164,3,3,0
1883,747,326,78,80,164,3,3,0
1884,747,326,78,80,164,3,3,0
1885,747,326,78,80,164,3,3,0
1886,747,325,79,80,164,3,3,0
1887,747,325,79,80,164,3,3,0
1888,747,325,78,81,164,3,3,0
1889,746,325,78,81,164,3,3,0
1890,747,325,78,81,164,3,3,1
1891,747,325,78,81,164,3,3,2
1892,746,326,79,81,164,3,3,3
1893,746,326,79,81,164,3,3,3
1894,746,326,79,81,164,3,3,2
1895,746,326,79,81,164,3,3,2
1896,747,325,78,79,164,3,3,3
1897,747,325,78,79,164,3,3,4
1898,747,325,78,80,164,3,3,6
1899,747,325,78,79,164,3,3,7
1900,747,325,78,79,164,3,3,6
1901,747,325,77,80,164,3,3,4
1902,747,325,77,79,164,3,3,2
1903,747,325,77,79,164,3,3,1
1904,746,326,78,80,164,3,3,2
1905,746,326,78,79,164,3,3,2
1906,746,326,78,80,164,3,3,3
1907,746,326,78,80,164,3,3,3
1908,747,326,78,80,164,3,3,2
1909,747,326,78,79,164,3,3,1
1910,747,326,78,79,164,3,3,0
1911,747,326,78,80,164,3,3,0
1912,747,327,78,79,164,3,3,0
1913,746,326,78,79,164,3,3,0
1914,746,326,78,79,164,3,3,0
1915,746,326,78,79,164,3,3,0
1916,746,326,78,79,164,3,3,0
1917,746,326,78,79,164,3,3,0
1918,746,326,78,79,164,3,3,1
1919,746,326,77,79,164,3,3,1
1920,747,326,78,80,164,3,3,1
1921,747,326,78,80,164,3,3,1
1922,747,326,78,80,164,3,3,1
1923,747,326,78,80,164,3,3,1
1924,747,326,78,80,164,3,3,1
1925,747,326,78,80,164,3,3,0
1926,747,326,78,80,164,3,3,0
1927,747,326,78,80,164,3,3,0
0,511,117,50,44,165,6,1,37
1,511,117,50,44,165,6,1,36
2,511,117,50,44,165,6,1,42
3,511,117,50,44,165,6,1,45
4,511,117,50,44,165,6,1,48
5,511,117,50,44,165,6,1,43
6,511,117,50,44,165,6,1,36
7,511,117,50,44,165,6,1,28
8,511,117,50,44,165,6,1,20
9,511,117,50,44,165,6,1,18
10,511,117,50,44,165,6,1,15
11,511,117,51,44,165,6,1,13
12,511,117,50,44,165,6,1,10
13,511,117,50,44,165,6,1,10
14,511,117,50,44,165,6,1,12
15,511,117,50,44,165,6,1,11
16,511,117,50,44,165,6,1,16
17,511,117,50,44,165,6,1,23
18,511,117,50,44,165,6,1,33
19,511,117,50,44,165,6,1,39
20,511,117,50,44,165,6,1,34
21,511,117,50,44,165,6,1,25
22,511,117,50,44,165,6,1,16
23,511,117,50,44,165,6,1,20
24,511,117,50,44,165,6,1,25
25,512,117,50,44,165,6,1,29
26,512,117,50,44,165,6,1,29
27,512,117,50,44,165,6,1,26
28,512,117,50,44,165,6,1,24
29,512,117,50,44,165,6,1,21
30,512,117,50,44,165,6,1,25
31,512,117,50,44,165,6,1,28
32,511,117,50,44,165,6,1,33
33,511,117,50,44,165,6,1,34
34,511,117,50,44,165,6,1,36
35,511,117,50,44,165,6,1,36
36,512,117,50,44,165,6,1,34
37,512,117,50,44,165,6,1,30
38,512,117,50,44,165,6,1,37
39,512,117,50,44,165,6,1,49
40,511,117,51,45,165,6,1,62
41,511,117,51,44,165,6,1,66
42,511,117,51,45,165,6,1,68
43,511,117,51,44,165,6,1,71
44,511,117,51,45,165,6,1,59
45,511,117,51,45,165,6,1,43
46,511,117,51,45,165,6,1,37
47,511,117,51,45,165,6,1,45
48,511,118,50,44,165,6,1,58
49,511,118,50,44,165,6,1,60
50,511,118,50,44,165,6,1,61
51,511,118,50,44,165,6,1,60
52,511,118,50,44,165,6,1,49
53,511,118,50,44,165,6,1,37
54,511,118,50,44,165,6,1,39
55,511,118,50,44,165,6,1,56
56,511,117,50,44,165,6,1,75
57,511,117,50,44,165,6,1,82
58,511,117,50,44,165,6,1,96
59,511,117,50,44,165,6,1,109
60,511,117,50,44,165,6,1,107
61,511,117,50,44,165,6,1,94
62,511,117,50,44,165,6,1,67
63,511,117,50,44,165,6,1,50
64,511,117,50,44,165,6,1,43
65,511,117,50,44,165,6,1,49
66,511,117,50,44,165,6,1,58
67,511,117,50,44,165,6,1,60
68,511,117,50,44,165,6,1,49
69,511,117,50,45,165,6,1,37
70,511,117,50,44,165,6,1,29
71,511,117,50,44,165,6,1,32
72,511,117,50,44,165,6,1,38
73,511,117,50,44,165,6,1,40
74,511,117,50,44,165,6,1,39
75,511,117,50,44,165,6,1,37
76,511,117,50,44,165,6,1,29
77,511,117,50,44,165,6,1,21
78,511,117,50,44,165,6,1,12
79,511,117,50,44,165,6,1,10
80,511,117,50,44,165,6,1,9
81,511,117,50,44,165,6,1,9
82,511,117,50,44,165,6,1,6
83,511,117,50,44,165,6,1,3
84,511,117,50,44,165,6,1,4
85,511,117,50,44,165,6,1,7
86,511,117,50,44,165,6,1,22
87,511,117,50,44,165,6,1,37
88,511,117,51,45,165,6,1,54
89,511,117,51,45,165,6,1,59
90,511,117,51,45,165,6,1,63
91,511,117,51,45,165,6,1,65
92,511,117,51,45,165,6,1,57
93,511,117,50,45,165,6,1,46
94,511,117,50,45,165,6,1,44
95,511,117,50,45,165,6,1,53
96,511,117,50,44,165,6,1,67
97,511,117,50,44,165,6,1,72
98,511,117,50,44,165,6,1,75
99,511,117,50,44,165,6,1,75
100,511,117,50,44,165,6,1,59
101,511,117,50,44,165,6,1,43
102,511,117,50,44,165,6,1,29
103,511,117,50,44,165,6,1,27
104,511,117,51,44,165,6,1,28
105,511,117,51,44,165,6,1,27
106,511,117,51,44,165,6,1,41
107,511,117,51,44,165,6,1,57
108,510,118,51,44,165,6,1,75
109,510,118,52,44,165,6,1,81
110,510,118,52,44,165,6,1,73
111,510,118,52,44,165,6,1,59
112,511,117,51,44,165,6,1,53
113,511,117,51,44,165,6,1,59
114,511,117,51,44,165,6,1,71
115,511,117,51,44,165,6,1,73
116,511,117,51,44,165,6,1,61
117,511,117,51,44,165,6,1,46
118,511,117,51,44,165,6,1,44
119,511,117,51,44,165,6,1,58
120,511,118,51,44,165,6,1,77
121,511,118,51,44,165,6,1,82
122,511,118,51,44,165,6,1,85
123,511,118,51,44,165,6,1,87
124,511,118,51,44,165,6,1,72
125,511,118,51,44,165,6,1,52
126,511,118,51,44,165,6,1,44
127,511,118,51,44,165,6,1,57
128,511,117,50,44,165,6,1,77
129,511,117,50,45,165,6,1,73
130,511,117,50,44,165,6,1,79
131,511,117,50,45,165,6,1,81
132,511,117,50,44,165,6,1,83
133,511,117,50,44,165,6,1,71
134,511,117,50,44,165,6,1,51
135,511,117,50,44,165,6,1,40
136,511,117,50,44,165,6,1,26
137,511,117,50,44,165,6,1,19
138,511,117,50,44,165,6,1,14
139,511,117,50,44,165,6,1,13
140,511,117,50,44,165,6,1,17
141,511,117,50,44,165,6,1,20
142,511,117,50,45,165,6,1,30
143,511,117,50,45,165,6,1,36
144,511,117,50,45,165,6,1,42
145,511,117,50,45,165,6,1,45
146,511,117,50,45,165,6,1,43
147,511,117,50,45,165,6,1,39
148,511,117,51,45,165,6,1,34
149,511,117,50,45,165,6,1,32
150,511,117,50,45,165,6,1,35
151,511,117,50,45,165,6,1,39
152,511,117,50,45,165,6,1,43
153,511,117,50,45,165,6,1,43
154,511,117,50,45,165,6,1,41
155,511,117,50,45,165,6,1,39
156,511,117,50,45,165,6,1,43
157,511,117,50,45,165,6,1,49
158,511,117,50,45,165,6,1,60
159,511,117,50,45,165,6,1,67
160,511,117,50,45,165,6,1,59
161,511,117,50,45,165,6,1,45
162,511,117,50,45,165,6,1,27
163,511,117,50,45,165,6,1,25
164,512,117,50,45,165,6,1,19
165,512,117,50,45,165,6,1,20
166,511,117,50,45,165,6,1,17
167,511,117,50,45,165,6,1,22
168,511,117,50,45,165,6,1,22
169,511,117,51,45,165,6,1,32
170,511,117,50,45,165,6,1,41
171,511,117,50,44,165,6,1,52
172,511,117,50,44,165,6,1,47
173,511,117,50,44,165,6,1,39
174,511,117,50,44,165,6,1,36
175,511,117,50,44,165,6,1,40
176,511,117,50,44,165,6,1,46
177,511,117,50,44,165,6,1,48
178,511,117,50,44,165,6,1,40
179,511,117,50,44,165,6,1,29
180,511,117,50,44,165,6,1,27
181,511,117,50,44,165,6,1,35
182,511,117,50,44,165,6,1,61
183,511,117,50,44,165,6,1,79
184,511,117,51,45,165,6,1,92
185,511,117,51,45,165,6,1,89
186,511,117,51,45,165,6,1,84
187,511,117,51,45,165,6,1,83
188,511,117,51,45,165,6,1,71
189,511,117,51,45,165,6,1,56
190,511,117,51,45,165,6,1,47
191,511,117,51,45,165,6,1,52
192,511,117,50,45,165,6,1,60
193,511,117,50,45,165,6,1,62
194,511,117,50,45,165,6,1,63
195,511,117,50,45,165,6,1,66
196,511,117,50,45,165,6,1,58
197,511,117,50,44,165,6,1,50
198,511,117,50,44,165,6,1,43
199,511,117,50,44,165,6,1,46
200,511,117,51,44,165,6,1,49
201,511,117,51,44,165,6,1,43
202,511,117,51,44,165,6,1,41
203,511,117,51,44,165,6,1,48
204,511,117,51,45,165,6,1,61
205,511,117,51,45,165,6,1,71
206,511,117,51,45,165,6,1,61
207,511,117,51,45,165,6,1,47
208,511,117,51,44,165,6,1,40
209,511,117,51,44,165,6,1,37
210,511,117,51,44,165,6,1,39
211,511,117,51,44,165,6,1,33
212,511,117,51,44,165,6,1,26
213,511,117,51,44,165,6,1,20
214,511,117,51,44,165,6,1,33
215,511,117,51,44,165,6,1,56
216,511,118,50,44,165,6,1,83
217,511,118,50,44,165,6,1,91
218,511,118,50,44,165,6,1,95
219,511,118,50,44,165,6,1,95
220,511,118,50,44,165,6,1,75
221,511,118,50,44,165,6,1,53
222,511,118,50,44,165,6,1,33
223,511,118,50,44,165,6,1,32
224,511,118,51,44,165,6,1,35
225,511,118,51,44,165,6,1,51
226,511,118,51,44,165,6,1,74
227,511,117,51,44,165,6,1,99
228,511,117,50,44,165,6,1,107
229,511,117,50,44,165,6,1,109
230,511,117,50,44,165,6,1,87
231,511,117,50,44,165,6,1,82
232,510,117,51,45,165,6,1,74
233,510,117,51,45,165,6,1,92
234,510,117,51,45,165,6,1,95
235,510,117,51,45,165,6,1,103
236,510,117,51,45,165,6,1,93
237,510,117,51,45,165,6,1,80
238,510,117,51,45,165,6,1,55
239,510,117,51,45,165,6,1,39
240,511,117,51,45,165,6,1,23
241,511,117,51,45,165,6,1,14
242,511,117,51,45,165,6,1,11
243,511,117,51,45,165,6,1,9
244,511,117,50,45,165,6,1,9
245,511,117,50,45,165,6,1,7
246,511,117,50,45,165,6,1,17
247,511,117,50,45,165,6,1,32
248,511,117,50,44,165,6,1,51
249,511,117,50,44,165,6,1,61
250,511,117,50,44,165,6,1,64
251,511,117,50,44,165,6,1,60
252,512,118,50,44,165,6,1,73
253,512,118,50,44,165,6,1,93
254,512,118,50,44,165,6,1,118
255,512,118,50,44,165,6,1,127
256,511,118,51,45,165,6,1,105
257,511,118,51,44,165,6,1,93
258,511,118,51,44,165,6,1,78
259,511,117,51,45,165,6,1,91
260,511,117,51,45,165,6,1,89
261,511,117,51,45,165,6,1,89
262,511,117,51,45,165,6,1,92
263,511,117,51,45,165,6,1,81
264,512,117,50,45,165,6,1,69
265,511,117,50,45,165,6,1,49
266,511,117,50,45,165,6,1,42
267,512,117,50,45,165,6,1,37
268,512,117,50,45,165,6,1,28
269,512,117,50,45,165,6,1,19
270,512,117,50,45,165,6,1,18
271,512,117,50,45,165,6,1,26
272,512,117,50,45,165,6,1,36
273,512,117,50,45,165,6,1,40
274,512,117,50,45,165,6,1,34
275,512,117,50,45,165,6,1,25
276,511,117,50,45,165,6,1,24
277,511,117,50,44,165,6,1,32
278,511,117,50,44,165,6,1,33
279,511,117,50,44,165,6,1,25
280,511,118,50,44,165,6,1,27
281,511,118,50,44,165,6,1,38
282,511,118,50,44,165,6,1,52
283,511,118,51,44,165,6,1,58
284,511,118,51,44,165,6,1,61
285,511,118,50,44,165,6,1,59
286,511,118,50,44,165,6,1,55
287,511,118,50,44,165,6,1,53
288,512,117,50,45,165,6,1,50
289,512,117,50,45,165,6,1,49
290,512,118,50,44,165,6,1,59
291,512,118,50,44,165,6,1,73
292,512,118,50,44,165,6,1,68
293,512,118,50,44,165,6,1,50
294,512,117,50,44,165,6,1,49
295,512,117,50,44,165,6,1,72
296,511,117,50,44,165,6,1,103
297,511,117,50,44,165,6,1,98
298,511,117,50,44,165,6,1,81
299,511,118,50,44,165,6,1,55
300,511,117,50,44,165,6,1,39
301,512,117,50,44,165,6,1,28
302,512,117,50,44,165,6,1,33
303,512,117,50,44,165,6,1,33
304,511,117,50,45,165,6,1,45
305,511,117,50,45,165,6,1,47
306,511,117,50,45,165,6,1,62
307,511,117,50,45,165,6,1,65
308,511,117,50,45,165,6,1,56
309,511,117,50,45,165,6,1,40
310,511,117,50,45,165,6,1,27
311,511,117,50,45,165,6,1,26
312,511,118,51,44,165,6,1,26
313,511,118,51,44,165,6,1,21
314,511,118,51,44,165,6,1,16
315,511,118,51,44,165,6,1,14
316,511,118,51,44,165,6,1,15
317,511,118,51,44,165,6,1,13
318,511,118,51,44,165,6,1,16
319,511,118,51,44,165,6,1,17
320,511,117,51,45,165,6,1,19
321,511,117,51,45,165,6,1,14
322,511,117,51,45,165,6,1,13
323,511,117,51,45,165,6,1,13
324,511,117,51,45,165,6,1,19
325,511,117,51,45,165,6,1,22
326,511,117,51,45,165,6,1,28
327,511,117,51,45,165,6,1,40
328,511,117,51,44,165,6,1,51
329,511,117,51,44,165,6,1,65
330,511,117,51,44,165,6,1,70
331,511,117,51,45,165,6,1,77
332,511,117,51,45,165,6,1,67
333,511,117,51,45,165,6,1,55
334,511,117,51,45,165,6,1,38
335,511,117,51,45,165,6,1,38
336,511,117,51,44,165,6,1,40
337,511,117,51,44,165,6,1,45
338,511,117,51,44,165,6,1,46
339,511,117,51,44,165,6,1,46
340,511,117,51,44,165,6,1,38
341,511,117,50,44,165,6,1,28
342,511,117,51,44,165,6,1,20
343,511,117,51,44,165,6,1,20
344,511,117,50,44,165,6,1,22
345,511,117,50,44,165,6,1,23
346,511,117,50,44,165,6,1,42
347,511,117,50,44,165,6,1,66
348,511,118,50,44,165,6,1,92
349,511,118,50,44,165,6,1,80
350,511,118,50,44,165,6,1,65
351,511,117,50,44,165,6,1,43
352,511,117,50,45,165,6,1,47
353,511,117,50,45,165,6,1,51
354,511,117,50,45,165,6,1,74
355,511,117,50,45,165,6,1,75
356,511,117,50,45,165,6,1,71
357,511,117,50,45,165,6,1,46
358,511,117,50,45,165,6,1,43
359,511,117,50,45,165,6,1,44
360,511,117,50,45,165,6,1,55
361,511,117,50,45,165,6,1,59
362,511,117,50,45,165,6,1,62
363,511,117,50,45,165,6,1,61
364,511,117,50,45,165,6,1,54
365,511,117,50,45,165,6,1,45
366,511,117,50,45,165,6,1,32
367,511,117,50,45,165,6,1,24
368,511,117,50,45,165,6,1,22
369,511,117,50,45,165,6,1,25
370,511,117,50,45,165,6,1,36
371,511,117,50,45,165,6,1,45
372,512,117,50,45,165,6,1,52
373,511,117,50,45,165,6,1,52
374,511,117,50,45,165,6,1,45
375,511,117,50,45,165,6,1,46
376,511,117,50,45,165,6,1,37
377,511,117,50,45,165,6,1,37
378,511,117,50,45,165,6,1,29
379,511,117,50,45,165,6,1,34
380,511,117,50,45,165,6,1,29
381,511,117,50,45,165,6,1,25
382,511,117,50,45,165,6,1,16
383,511,117,50,45,165,6,1,17
384,511,117,50,45,165,6,1,18
385,511,117,50,45,165,6,1,23
386,511,117,50,45,165,6,1,22
387,511,117,50,45,165,6,1,22
388,511,117,50,45,165,6,1,20
389,511,117,50,45,165,6,1,18
390,512,117,50,45,165,6,1,27
391,512,117,50,45,165,6,1,40
392,511,117,50,44,165,6,1,56
393,511,117,50,44,165,6,1,63
394,511,117,50,44,165,6,1,58
395,511,117,50,44,165,6,1,51
396,511,118,50,44,165,6,1,56
397,511,118,50,44,165,6,1,73
398,511,118,50,44,165,6,1,73
399,511,118,50,44,165,6,1,57
400,511,117,50,44,165,6,1,58
401,511,117,50,44,165,6,1,76
402,511,117,50,44,165,6,1,102
403,511,117,50,44,165,6,1,87
404,511,117,50,44,165,6,1,66
405,511,118,50,44,165,6,1,36
406,511,117,50,44,165,6,1,42
407,511,117,50,44,165,6,1,56
408,511,117,50,45,165,6,1,80
409,511,117,50,45,165,6,1,68
410,511,117,50,45,165,6,1,76
411,511,117,50,45,165,6,1,82
412,511,117,50,45,165,6,1,86
413,511,117,50,45,165,6,1,65
414,511,117,50,45,165,6,1,51
415,511,117,50,45,165,6,1,56
416,511,117,50,44,165,6,1,65
417,511,117,50,44,165,6,1,64
418,511,117,50,44,165,6,1,66
419,511,117,50,44,165,6,1,68
420,511,117,50,44,165,6,1,57
421,511,117,50,44,165,6,1,42
422,511,117,50,44,165,6,1,22
423,511,117,50,44,165,6,1,14
424,511,117,50,44,165,6,1,15
425,511,117,50,44,165,6,1,21
426,511,117,50,44,165,6,1,23
427,511,117,50,44,165,6,1,18
428,511,117,51,44,165,6,1,10
429,511,117,50,44,165,6,1,6
430,511,117,50,44,165,6,1,12
431,511,117,50,44,165,6,1,21
432,511,117,50,45,165,6,1,32
433,511,117,50,45,165,6,1,36
434,511,117,50,45,165,6,1,42
435,511,117,50,45,165,6,1,48
436,511,117,50,45,165,6,1,47
437,511,117,50,45,165,6,1,43
438,511,117,50,45,165,6,1,37
439,511,117,50,45,165,6,1,45
440,511,117,50,44,165,6,1,52
441,511,117,50,44,165,6,1,62
442,511,117,50,44,165,6,1,66
443,511,117,50,44,165,6,1,72
444,511,117,50,44,165,6,1,65
445,511,117,50,44,165,6,1,53
446,511,117,50,44,165,6,1,50
447,511,117,50,44,165,6,1,61
448,510,117,51,45,165,6,1,74
449,511,117,51,45,165,6,1,78
450,511,117,51,45,165,6,1,79
451,511,117,51,45,165,6,1,81
452,511,117,51,45,165,6,1,68
453,511,117,51,45,165,6,1,49
454,511,117,51,45,165,6,1,28
455,511,117,51,45,165,6,1,18
456,511,118,50,44,165,6,1,14
457,511,118,50,44,165,6,1,17
458,511,118,50,44,165,6,1,23
459,511,118,50,44,165,6,1,30
460,511,118,50,44,165,6,1,26
461,511,118,50,44,165,6,1,22
462,511,118,50,44,165,6,1,39
463,511,118,50,44,165,6,1,51
464,511,117,50,44,165,6,1,65
465,511,117,50,44,165,6,1,54
466,511,117,50,44,165,6,1,56
467,511,117,50,44,165,6,1,55
468,511,117,50,44,165,6,1,52
469,511,117,50,44,165,6,1,46
470,511,117,50,44,165,6,1,46
471,511,117,50,44,165,6,1,51
472,511,117,50,45,165,6,1,59
473,511,117,50,45,165,6,1,58
474,511,117,50,45,165,6,1,56
475,511,117,50,45,165,6,1,49
476,511,117,50,45,165,6,1,37
477,511,117,50,45,165,6,1,24
478,511,117,50,45,165,6,1,13
479,511,117,50,45,165,6,1,10
480,511,117,50,45,165,6,1,6
481,511,117,50,45,165,6,1,9
482,511,117,50,45,165,6,1,10
483,511,117,50,45,165,6,1,11
484,511,117,50,45,165,6,1,8
485,511,117,50,45,165,6,1,6
486,511,117,50,45,165,6,1,13
487,511,117,50,45,165,6,1,21
488,511,117,50,45,165,6,1,32
489,511,117,50,45,165,6,1,38
490,511,117,50,45,165,6,1,51
491,511,117,50,44,165,6,1,65
492,511,117,50,44,165,6,1,67
493,511,117,50,44,165,6,1,59
494,511,118,50,44,165,6,1,44
495,511,118,50,44,165,6,1,37
496,511,117,50,44,165,6,1,29
497,511,117,50,44,165,6,1,22
498,511,117,50,44,165,6,1,31
499,511,117,50,44,165,6,1,43
500,511,117,50,44,165,6,1,48
501,511,117,50,44,165,6,1,40
502,511,117,50,44,165,6,1,35
503,511,117,50,44,165,6,1,41
504,511,117,50,45,165,6,1,49
505,511,117,50,45,165,6,1,51
506,511,117,50,45,165,6,1,52
507,511,117,50,45,165,6,1,51
508,511,117,50,45,165,6,1,41
509,511,117,50,45,165,6,1,29
510,511,117,50,45,165,6,1,15
511,511,117,50,45,165,6,1,9
512,511,117,50,45,165,6,1,5
513,511,117,50,45,165,6,1,3
514,511,117,50,45,165,6,1,5
515,511,117,50,45,165,6,1,8
516,511,117,50,45,165,6,1,9
517,511,117,50,45,165,6,1,7
518,511,117,50,45,165,6,1,19
519,511,117,50,45,165,6,1,39
520,511,117,50,45,165,6,1,53
521,511,117,50,45,165,6,1,52
522,511,117,50,45,165,6,1,52
523,511,117,50,45,165,6,1,61
524,511,117,50,45,165,6,1,60
525,511,117,50,45,165,6,1,46
526,511,117,50,45,165,6,1,38
527,511,117,50,45,165,6,1,40
528,511,116,50,46,165,6,1,50
529,511,116,50,46,165,6,1,50
530,511,116,50,46,165,6,1,53
531,511,116,50,46,165,6,1,54
532,511,116,50,45,165,6,1,47
533,511,116,50,45,165,6,1,37
534,511,116,50,45,165,6,1,36
535,511,116,50,45,165,6,1,45
536,511,117,50,45,165,6,1,55
537,511,117,50,45,165,6,1,58
538,511,117,50,45,165,6,1,52
539,511,117,50,45,165,6,1,45
540,511,117,50,45,165,6,1,39
541,511,117,50,45,165,6,1,34
542,511,117,50,45,165,6,1,41
543,511,117,50,45,165,6,1,46
544,511,117,50,45,165,6,1,46
545,511,117,50,45,165,6,1,35
546,511,117,50,45,165,6,1,20
547,511,117,50,45,165,6,1,20
548,511,117,50,45,165,6,1,17
549,511,117,50,45,165,6,1,16
550,511,117,50,45,165,6,1,18
551,511,117,51,45,165,6,1,28
552,511,117,50,44,165,6,1,40
553,511,117,50,44,165,6,1,43
554,511,117,50,44,165,6,1,43
555,511,117,50,44,165,6,1,42
556,511,117,50,44,165,6,1,36
557,511,117,50,44,165,6,1,27
558,511,117,50,44,165,6,1,29
559,511,117,50,44,165,6,1,37
560,511,117,50,45,165,6,1,52
561,511,117,50,45,165,6,1,57
562,511,117,50,45,165,6,1,67
563,511,117,50,45,165,6,1,74
564,511,117,50,45,165,6,1,66
565,511,117,50,45,165,6,1,49
566,511,117,50,45,165,6,1,36
567,511,117,50,45,165,6,1,51
568,511,116,50,45,165,6,1,68
569,511,116,50,45,165,6,1,82
570,511,116,50,45,165,6,1,85
571,511,116,50,45,165,6,1,88
572,511,116,50,45,165,6,1,75
573,511,116,50,45,165,6,1,58
574,511,116,50,45,165,6,1,61
575,511,116,50,45,165,6,1,62
576,511,117,50,45,165,6,1,86
577,511,116,50,45,165,6,1,71
578,511,117,51,45,165,6,1,93
579,511,116,50,45,165,6,1,94
580,511,117,50,45,165,6,1,91
581,511,117,50,45,165,6,1,82
582,511,117,50,45,165,6,1,65
583,511,117,50,45,165,6,1,66
584,511,117,50,45,165,6,1,57
585,511,117,50,45,165,6,1,57
586,511,117,50,45,165,6,1,76
587,511,117,50,45,165,6,1,95
588,511,117,50,44,165,6,1,109
589,511,117,50,44,165,6,1,106
590,511,117,50,44,165,6,1,83
591,511,117,50,44,165,6,1,64
592,511,117,50,45,165,6,1,50
593,511,117,50,45,165,6,1,56
594,511,117,50,45,165,6,1,64
595,511,117,50,45,165,6,1,69
596,511,117,50,45,165,6,1,59
597,511,117,50,44,165,6,1,44
598,511,117,50,44,165,6,1,23
599,511,117,50,44,165,6,1,15
600,511,117,50,45,165,6,1,10
601,511,117,50,45,165,6,1,12
602,511,117,50,45,165,6,1,15
603,511,117,50,45,165,6,1,16
604,511,117,50,45,165,6,1,19
605,512,117,50,44,165,6,1,21
606,511,117,50,44,165,6,1,30
607,511,117,50,44,165,6,1,35
608,511,117,50,44,165,6,1,34
609,511,117,50,44,165,6,1,26
610,511,117,50,44,165,6,1,16
611,511,117,50,44,165,6,1,11
612,511,117,50,44,165,6,1,14
613,511,117,50,44,165,6,1,16
614,511,117,50,44,165,6,1,16
615,511,117,50,44,165,6,1,11
616,512,117,50,44,165,6,1,8
617,512,117,50,44,165,6,1,8
618,512,117,50,44,165,6,1,11
619,512,117,50,44,165,6,1,12
620,512,117,50,44,165,6,1,15
621,512,117,50,44,165,6,1,11
622,512,117,50,44,165,6,1,15
623,511,117,50,44,165,6,1,16
624,511,117,50,44,165,6,1,21
625,511,117,50,44,165,6,1,21
626,511,117,50,44,165,6,1,21
627,511,117,50,44,165,6,1,20
628,511,117,50,44,165,6,1,17
629,511,117,50,44,165,6,1,12
630,511,117,50,44,165,6,1,16
631,511,117,50,44,165,6,1,24
632,511,118,50,44,165,6,1,36
633,511,118,50,44,165,6,1,40
634,511,118,50,44,165,6,1,48
635,511,118,50,44,165,6,1,56
636,511,118,50,44,165,6,1,57
637,511,118,50,44,165,6,1,51
638,511,118,50,44,165,6,1,43
639,511,118,50,44,165,6,1,41
640,511,117,50,44,165,6,1,48
641,511,117,50,44,165,6,1,56
642,511,117,50,44,165,6,1,68
643,511,117,50,44,165,6,1,73
644,511,117,50,44,165,6,1,65
645,511,117,50,44,165,6,1,51
646,511,117,50,44,165,6,1,37
647,511,117,50,44,165,6,1,34
648,511,117,50,45,165,6,1,33
649,511,117,50,45,165,6,1,32
650,511,117,50,45,165,6,1,27
651,511,117,50,44,165,6,1,21
652,511,117,50,44,165,6,1,16
653,511,117,50,44,165,6,1,16
654,511,117,50,44,165,6,1,21
655,511,117,50,44,165,6,1,23
656,511,118,50,44,165,6,1,27
657,511,118,50,44,165,6,1,34
658,511,118,50,44,165,6,1,31
659,511,118,50,44,165,6,1,30
660,511,118,50,43,165,6,1,23
661,511,118,50,44,165,6,1,23
662,511,118,50,44,165,6,1,31
663,511,118,50,44,165,6,1,41
664,511,118,50,43,165,6,1,54
665,511,118,50,43,165,6,1,51
666,511,119,50,43,165,6,1,49
667,511,119,51,43,165,6,1,39
668,511,118,50,43,165,6,1,43
669,511,119,50,43,165,6,1,44
670,511,119,50,43,165,6,1,51
671,511,119,50,43,165,6,1,47
672,511,118,50,44,165,6,1,45
673,511,118,50,44,165,6,1,39
674,511,118,50,44,165,6,1,31
675,511,118,50,44,165,6,1,41
676,511,118,50,44,165,6,1,46
677,511,117,50,44,165,6,1,57
678,511,118,50,44,165,6,1,46
679,511,117,50,44,165,6,1,49
680,511,117,50,44,165,6,1,50
681,511,117,50,44,165,6,1,45
682,511,117,50,44,165,6,1,41
683,512,117,50,44,165,6,1,39
684,511,118,50,44,165,6,1,41
685,511,118,50,43,165,6,1,40
686,511,118,49,43,165,6,1,53
687,512,118,49,43,165,6,1,77
688,512,118,50,44,165,6,1,86
689,511,118,50,44,165,6,1,79
690,511,117,50,44,165,6,1,64
691,511,118,50,44,165,6,1,64
692,511,118,50,44,165,6,1,51
693,512,118,50,44,165,6,1,38
694,512,118,50,44,165,6,1,23
695,512,118,50,44,165,6,1,35
696,511,117,50,44,165,6,1,49
697,511,117,50,44,165,6,1,71
698,511,117,50,44,165,6,1,79
699,511,117,50,44,165,6,1,86
700,511,117,50,44,165,6,1,71
701,511,117,50,44,165,6,1,50
702,512,117,50,44,165,6,1,46
703,512,117,50,44,165,6,1,60
704,511,118,50,44,165,6,1,82
705,511,118,50,44,165,6,1,87
706,511,118,50,44,165,6,1,73
707,511,118,50,44,165,6,1,51
708,512,118,50,43,165,6,1,43
709,512,118,50,43,165,6,1,54
710,512,118,50,43,165,6,1,59
711,512,118,50,43,165,6,1,60
712,511,119,50,43,165,6,1,45
713,511,118,50,43,165,6,1,39
714,511,118,50,43,165,6,1,20
715,511,118,50,43,165,6,1,13
716,511,118,50,43,165,6,1,31
717,511,118,50,43,165,6,1,33
718,511,118,50,43,165,6,1,38
719,511,118,50,43,165,6,1,15
720,512,119,50,42,165,6,1,11
721,512,119,50,42,165,6,1,6
722,512,119,50,42,165,6,1,4
723,512,119,50,42,165,6,1,3
724,512,119,50,42,165,6,1,6
725,512,119,50,42,165,6,1,7
726,512,119,50,42,165,6,1,17
727,511,119,50,42,165,6,1,25
728,511,119,50,43,165,6,1,38
729,511,119,50,43,165,6,1,44
730,511,119,50,43,165,6,1,40
731,511,119,50,43,165,6,1,35
732,511,118,50,44,165,6,1,24
733,511,118,50,44,165,6,1,22
734,511,118,50,44,165,6,1,18
735,511,118,50,44,165,6,1,16
736,511,118,50,44,165,6,1,15
737,511,118,50,44,165,6,1,19
738,511,118,50,44,165,6,1,19
739,511,118,50,44,165,6,1,16
740,511,118,50,44,165,6,1,10
741,511,118,50,44,165,6,1,9
742,511,118,50,44,165,6,1,9
743,511,118,50,44,165,6,1,13
744,511,117,50,45,165,6,1,14
745,511,117,50,45,165,6,1,13
746,511,117,50,45,165,6,1,9
747,511,117,50,45,165,6,1,15
748,511,117,50,45,165,6,1,23
749,511,117,50,44,165,6,1,33
750,511,117,50,44,165,6,1,38
751,511,117,50,44,165,6,1,41
752,512,117,49,44,165,6,1,44
753,512,117,49,44,165,6,1,44
754,512,117,49,44,165,6,1,45
755,512,117,50,44,165,6,1,41
756,512,118,50,44,165,6,1,33
757,512,118,50,43,165,6,1,21
758,512,118,50,43,165,6,1,45
759,512,118,50,43,165,6,1,81
760,512,117,50,45,165,6,1,99
761,512,117,50,45,165,6,1,82
762,512,116,50,45,165,6,1,49
763,512,116,50,45,165,6,1,52
764,512,116,50,45,165,6,1,40
765,511,117,50,45,165,6,1,37
766,511,117,50,45,165,6,1,19
767,511,117,50,45,165,6,1,18
768,511,116,50,45,165,6,1,18
769,511,116,50,45,165,6,1,39
770,511,116,50,45,165,6,1,66
771,511,116,50,45,165,6,1,101
772,511,116,50,45,165,6,1,89
773,511,116,50,45,165,6,1,70
774,511,116,50,45,165,6,1,50
775,511,116,50,45,165,6,1,59
776,511,116,50,46,165,6,1,61
777,511,116,50,45,165,6,1,79
778,511,116,50,45,165,6,1,84
779,511,117,50,45,165,6,1,96
780,511,117,50,45,165,6,1,72
781,511,117,50,45,165,6,1,59
782,511,117,50,45,165,6,1,42
783,511,117,50,45,165,6,1,51
784,511,117,50,45,165,6,1,45
785,511,117,50,45,165,6,1,41
786,511,117,50,45,165,6,1,21
787,511,117,51,45,165,6,1,15
788,511,117,51,45,165,6,1,9
789,511,117,51,45,165,6,1,7
790,511,117,51,45,165,6,1,7
791,511,117,51,45,165,6,1,8
792,511,117,50,45,165,6,1,10
793,511,117,50,45,165,6,1,8
794,511,117,50,45,165,6,1,7
795,511,117,50,45,165,6,1,5
796,511,117,50,45,165,6,1,5
797,511,117,50,45,165,6,1,6
798,511,117,50,45,165,6,1,13
799,511,117,50,45,165,6,1,40
800,511,117,50,44,165,6,1,71
801,511,118,50,44,165,6,1,87
802,511,118,50,44,165,6,1,70
803,511,118,50,44,165,6,1,45
804,511,117,50,45,165,6,1,30
805,511,117,50,45,165,6,1,42
806,511,117,50,45,165,6,1,69
807,511,117,50,45,165,6,1,100
808,511,117,50,44,165,6,1,96
809,511,117,50,44,165,6,1,78
810,511,117,50,44,165,6,1,50
811,511,117,50,44,165,6,1,52
812,511,117,50,44,165,6,1,51
813,511,117,50,44,165,6,1,58
814,511,117,50,44,165,6,1,55
815,511,117,50,44,165,6,1,59
816,511,117,50,45,165,6,1,59
817,511,117,50,45,165,6,1,75
818,511,117,50,45,165,6,1,91
819,511,117,50,45,165,6,1,111
820,511,117,50,45,165,6,1,90
821,511,117,50,45,165,6,1,65
822,511,117,50,45,165,6,1,50
823,511,117,50,45,165,6,1,61
824,511,117,51,44,165,6,1,77
825,511,117,51,44,165,6,1,82
826,511,117,51,44,165,6,1,77
827,511,117,51,44,165,6,1,79
828,511,117,50,45,165,6,1,65
829,511,117,50,45,165,6,1,58
830,511,117,50,45,165,6,1,43
831,511,117,50,45,165,6,1,41
832,511,117,50,45,165,6,1,36
833,511,117,50,45,165,6,1,31
834,511,117,50,45,165,6,1,26
835,511,117,50,45,165,6,1,21
836,511,117,50,45,165,6,1,16
837,511,117,50,45,165,6,1,11
838,511,117,50,45,165,6,1,17
839,511,117,50,45,165,6,1,24
840,512,117,50,44,165,6,1,33
841,512,117,50,44,165,6,1,36
842,512,117,50,44,165,6,1,38
843,512,117,50,44,165,6,1,40
844,512,117,50,44,165,6,1,33
845,512,117,50,44,165,6,1,24
846,512,117,50,44,165,6,1,12
847,512,117,50,44,165,6,1,8
848,511,117,50,44,165,6,1,4
849,511,117,50,44,165,6,1,3
850,511,117,50,44,165,6,1,12
851,511,117,50,44,165,6,1,18
852,511,117,50,44,165,6,1,25
853,511,117,50,44,165,6,1,22
854,511,117,50,44,165,6,1,23
855,511,117,50,44,165,6,1,30
856,511,117,50,44,165,6,1,27
857,511,117,50,44,165,6,1,24
858,511,117,50,44,165,6,1,18
859,511,117,50,44,165,6,1,23
860,511,117,50,44,165,6,1,29
861,511,117,50,44,165,6,1,33
862,511,117,51,44,165,6,1,33
863,511,117,51,44,165,6,1,30
864,511,117,50,44,165,6,1,21
865,511,117,50,44,165,6,1,17
866,511,117,50,44,165,6,1,10
867,511,117,50,44,165,6,1,8
868,511,117,50,44,165,6,1,11
869,511,117,50,44,165,6,1,19
870,511,117,50,45,165,6,1,26
871,511,117,50,45,165,6,1,39
872,512,117,50,44,165,6,1,43
873,512,117,50,44,165,6,1,44
874,512,117,50,44,165,6,1,41
875,512,117,50,44,165,6,1,46
876,512,117,50,44,165,6,1,44
877,512,117,50,44,165,6,1,33
878,512,117,50,44,165,6,1,23
879,512,117,50,44,165,6,1,19
880,512,117,50,44,165,6,1,23
881,512,117,50,44,165,6,1,27
882,512,117,50,44,165,6,1,37
883,512,117,50,44,165,6,1,40
884,512,117,50,44,165,6,1,34
885,511,117,50,44,165,6,1,25
886,511,117,50,44,165,6,1,35
887,511,117,50,44,165,6,1,54
888,511,117,50,45,165,6,1,80
889,511,117,50,45,165,6,1,88
890,511,117,50,45,165,6,1,93
891,511,117,50,45,165,6,1,94
892,511,117,50,45,165,6,1,75
893,511,117,50,45,165,6,1,52
894,511,117,50,45,165,6,1,38
895,511,117,50,45,165,6,1,44
896,511,117,50,45,165,6,1,56
897,511,117,50,44,165,6,1,60
898,511,117,50,44,165,6,1,68
899,511,117,50,44,165,6,1,76
900,511,117,50,44,165,6,1,76
901,511,117,50,44,165,6,1,67
902,511,117,50,44,165,6,1,47
903,511,117,50,44,165,6,1,33
904,511,117,51,44,165,6,1,23
905,511,117,51,44,165,6,1,25
906,511,117,51,44,165,6,1,28
907,511,117,51,44,165,6,1,29
908,511,117,51,44,165,6,1,22
909,511,117,51,44,165,6,1,15
910,511,117,51,44,165,6,1,20
911,511,117,51,44,165,6,1,32
912,511,117,50,45,165,6,1,47
913,511,117,50,45,165,6,1,47
914,511,117,50,45,165,6,1,42
915,511,117,50,45,165,6,1,33
916,511,117,50,45,165,6,1,29
917,511,117,50,45,165,6,1,28
918,511,117,50,45,165,6,1,23
919,511,117,50,45,165,6,1,23
920,511,118,50,44,165,6,1,24
921,511,118,50,44,165,6,1,32
922,511,118,50,44,165,6,1,37
923,511,118,50,44,165,6,1,43
924,511,118,50,44,165,6,1,40
925,511,118,50,44,165,6,1,32
926,511,118,50,44,165,6,1,38
927,511,118,50,44,165,6,1,56
928,511,117,50,44,165,6,1,77
929,511,117,50,44,165,6,1,82
930,511,117,50,44,165,6,1,86
931,511,117,50,44,165,6,1,88
932,511,117,50,44,165,6,1,72
933,511,117,50,44,165,6,1,51
934,511,117,50,44,165,6,1,33
935,511,117,50,44,165,6,1,33
936,511,117,51,44,165,6,1,37
937,511,118,51,44,165,6,1,38
938,511,118,50,44,165,6,1,39
939,511,118,50,44,165,6,1,40
940,511,118,50,44,165,6,1,49
941,511,118,50,44,165,6,1,61
942,511,118,50,44,165,6,1,76
943,511,117,51,44,165,6,1,85
944,511,117,51,44,165,6,1,92
945,511,117,51,44,165,6,1,96
946,511,117,51,44,165,6,1,98
947,511,117,51,44,165,6,1,83
948,511,117,50,44,165,6,1,60
949,511,117,50,44,165,6,1,34
950,511,117,50,44,165,6,1,37
951,511,117,50,44,165,6,1,50
952,511,117,51,45,165,6,1,70
953,511,117,51,45,165,6,1,77
954,511,117,51,45,165,6,1,82
955,511,117,51,45,165,6,1,85
956,511,117,51,45,165,6,1,70
957,511,117,51,45,165,6,1,50
958,511,117,51,45,165,6,1,26
959,511,117,51,45,165,6,1,17
960,511,117,51,45,165,6,1,12
961,511,117,51,45,165,6,1,12
962,511,117,51,45,165,6,1,13
963,511,117,51,45,165,6,1,13
964,511,117,51,45,165,6,1,10
965,511,117,51,45,165,6,1,7
966,511,117,51,45,165,6,1,10
967,511,117,51,45,165,6,1,14
968,511,117,51,45,165,6,1,18
969,511,117,51,45,165,6,1,13
970,511,117,51,45,165,6,1,14
971,511,117,51,45,165,6,1,16
972,511,117,50,45,165,6,1,17
973,511,117,50,45,165,6,1,14
974,511,117,50,45,165,6,1,9
975,511,117,50,45,165,6,1,7
976,511,117,51,45,165,6,1,5
977,511,117,51,45,165,6,1,4
978,511,117,51,45,165,6,1,5
979,511,117,51,45,165,6,1,4
980,511,117,51,45,165,6,1,4
981,511,117,51,45,165,6,1,4
982,511,117,51,45,165,6,1,3
983,511,117,51,45,165,6,1,4
984,511,117,51,45,165,6,1,5
985,511,117,51,45,165,6,1,6
986,511,117,51,45,165,6,1,11
987,511,117,51,45,165,6,1,13
988,511,117,51,45,165,6,1,21
989,511,117,51,45,165,6,1,26
990,511,117,51,44,165,6,1,25
991,511,117,51,44,165,6,1,19
992,511,117,50,45,165,6,1,11
993,511,117,50,45,165,6,1,9
994,511,117,50,45,165,6,1,19
995,511,117,51,45,165,6,1,33
996,511,117,51,45,165,6,1,36
997,511,117,51,45,165,6,1,30
998,511,117,51,45,165,6,1,25
999,511,117,51,45,165,6,1,28
1000,511,117,50,45,165,6,1,29
1001,511,117,51,45,165,6,1,27
1002,511,117,51,45,165,6,1,26
1003,511,117,51,45,165,6,1,27
1004,511,117,51,45,165,6,1,23
1005,511,117,51,45,165,6,1,18
1006,511,117,51,45,165,6,1,19
1007,511,117,51,45,165,6,1,26
1008,510,116,51,46,165,6,1,36
1009,510,116,51,46,165,6,1,39
1010,510,116,51,46,165,6,1,43
1011,510,116,51,46,165,6,1,45
1012,510,116,51,46,165,6,1,37
1013,510,116,51,46,165,6,1,26
1014,510,116,51,46,165,6,1,24
1015,510,116,51,46,165,6,1,33
1016,511,117,50,45,165,6,1,46
1017,511,117,50,45,165,6,1,52
1018,511,117,50,45,165,6,1,58
1019,511,117,50,45,165,6,1,62
1020,511,117,50,45,165,6,1,51
1021,511,117,50,45,165,6,1,37
1022,511,117,50,45,165,6,1,37
1023,511,117,50,45,165,6,1,51
1024,511,116,51,45,165,6,1,68
1025,511,116,51,45,165,6,1,72
1026,511,116,51,45,165,6,1,76
1027,511,116,51,45,165,6,1,78
1028,511,116,51,45,165,6,1,65
1029,511,116,51,45,165,6,1,48
1030,511,116,51,45,165,6,1,28
1031,511,116,51,45,165,6,1,20
1032,511,117,50,44,165,6,1,14
1033,511,117,50,44,165,6,1,10
1034,511,117,50,44,165,6,1,7
1035,511,117,50,44,165,6,1,4
1036,511,117,50,44,165,6,1,8
1037,511,117,50,44,165,6,1,10
1038,511,117,50,44,165,6,1,19
1039,511,117,50,44,165,6,1,22
1040,511,117,50,45,165,6,1,30
1041,511,117,50,45,165,6,1,31
1042,511,117,50,45,165,6,1,30
1043,511,117,50,45,165,6,1,25
1044,511,117,51,45,165,6,1,17
1045,511,117,50,45,165,6,1,14
1046,511,117,50,45,165,6,1,22
1047,511,117,50,45,165,6,1,30
1048,511,117,50,44,165,6,1,35
1049,511,118,50,44,165,6,1,29
1050,511,118,50,44,165,6,1,26
1051,511,118,50,44,165,6,1,24
1052,511,118,50,44,165,6,1,46
1053,511,118,50,44,165,6,1,53
1054,511,118,50,44,165,6,1,57
1055,511,118,50,44,165,6,1,35
1056,511,117,50,45,165,6,1,28
1057,511,117,50,45,165,6,1,25
1058,511,117,50,45,165,6,1,26
1059,511,117,50,45,165,6,1,23
1060,511,117,50,45,165,6,1,18
1061,511,117,50,45,165,6,1,11
1062,511,117,50,45,165,6,1,7
1063,511,117,50,45,165,6,1,6
1064,511,117,50,45,165,6,1,7
1065,511,117,50,45,165,6,1,11
1066,511,117,50,45,165,6,1,21
1067,511,117,50,44,165,6,1,30
1068,511,117,51,44,165,6,1,37
1069,511,117,51,44,165,6,1,38
1070,511,117,51,44,165,6,1,38
1071,511,117,51,44,165,6,1,40
1072,511,117,50,44,165,6,1,38
1073,511,117,50,44,165,6,1,32
1074,511,117,50,44,165,6,1,22
1075,511,117,50,44,165,6,1,15
1076,511,117,50,44,165,6,1,12
1077,511,117,50,44,165,6,1,16
1078,511,117,50,44,165,6,1,17
1079,511,117,50,44,165,6,1,23
1080,511,117,50,44,165,6,1,23
1081,511,117,50,44,165,6,1,29
1082,511,117,50,44,165,6,1,30
1083,511,117,50,44,165,6,1,31
1084,511,117,50,44,165,6,1,26
1085,511,117,50,44,165,6,1,21
1086,511,117,50,44,165,6,1,19
1087,511,117,50,44,165,6,1,26
1088,511,117,50,44,165,6,1,34
1089,511,117,50,45,165,6,1,42
1090,511,117,50,45,165,6,1,41
1091,511,117,50,45,165,6,1,38
1092,511,117,50,45,165,6,1,27
1093,511,117,50,45,165,6,1,28
1094,511,117,50,44,165,6,1,29
1095,511,117,50,44,165,6,1,37
1096,511,118,50,44,165,6,1,51
1097,511,118,50,44,165,6,1,53
1098,511,118,50,44,165,6,1,53
1099,511,117,50,44,165,6,1,35
1100,511,117,50,44,165,6,1,45
1101,511,117,50,44,165,6,1,60
1102,511,117,50,44,165,6,1,91
1103,511,117,50,44,165,6,1,85
1104,511,117,50,44,165,6,1,82
1105,511,117,50,44,165,6,1,57
1106,511,118,50,44,165,6,1,52
1107,511,117,50,44,165,6,1,38
1108,511,117,50,44,165,6,1,31
1109,511,117,50,44,165,6,1,23
1110,511,117,50,44,165,6,1,19
1111,511,117,50,44,165,6,1,33
1112,511,117,51,45,165,6,1,52
1113,511,117,51,45,165,6,1,75
1114,511,117,51,45,165,6,1,72
1115,511,117,51,45,165,6,1,77
1116,511,117,50,44,165,6,1,64
1117,511,118,50,44,165,6,1,63
1118,511,117,50,44,165,6,1,51
1119,511,118,50,44,165,6,1,54
1120,512,117,50,44,165,6,1,49
1121,512,117,50,44,165,6,1,57
1122,512,117,50,44,165,6,1,54
1123,512,117,50,44,165,6,1,59
1124,512,118,50,44,165,6,1,44
1125,512,118,50,44,165,6,1,40
1126,512,117,50,44,165,6,1,42
1127,512,117,50,44,165,6,1,45
1128,511,117,50,45,165,6,1,42
1129,511,117,50,45,165,6,1,38
1130,511,117,50,45,165,6,1,32
1131,511,117,50,44,165,6,1,31
1132,511,117,50,44,165,6,1,29
1133,511,117,50,45,165,6,1,27
1134,511,117,50,44,165,6,1,27
1135,511,117,50,44,165,6,1,21
1136,511,117,50,44,165,6,1,17
1137,512,117,50,44,165,6,1,13
1138,511,117,50,44,165,6,1,13
1139,511,117,50,44,165,6,1,18
1140,511,117,50,45,165,6,1,25
1141,511,117,50,45,165,6,1,31
1142,511,117,50,45,165,6,1,39
1143,511,117,50,45,165,6,1,45
1144,511,118,50,44,165,6,1,52
1145,511,118,50,44,165,6,1,55
1146,511,118,50,44,165,6,1,51
1147,511,118,50,44,165,6,1,55
1148,511,118,50,44,165,6,1,43
1149,511,118,50,44,165,6,1,38
1150,511,118,50,44,165,6,1,27
1151,511,118,50,44,165,6,1,32
1152,511,118,50,44,165,6,1,36
1153,511,118,50,44,165,6,1,49
1154,511,118,50,44,165,6,1,62
1155,511,118,50,43,165,6,1,76
1156,511,118,50,43,165,6,1,65
1157,511,118,50,44,165,6,1,47
1158,511,118,50,44,165,6,1,43
1159,511,118,50,44,165,6,1,55
1160,511,118,50,44,165,6,1,73
1161,511,118,50,44,165,6,1,77
1162,511,118,50,44,165,6,1,67
1163,511,118,50,44,165,6,1,50
1164,511,118,50,44,165,6,1,41
1165,511,118,50,44,165,6,1,47
1166,511,118,50,44,165,6,1,58
1167,511,118,50,44,165,6,1,61
1168,511,118,50,44,165,6,1,55
1169,511,118,50,44,165,6,1,45
1170,511,118,50,44,165,6,1,37
1171,511,118,50,43,165,6,1,39
1172,511,118,50,43,165,6,1,41
1173,511,118,50,43,165,6,1,41
1174,511,118,50,43,165,6,1,34
1175,511,118,50,43,165,6,1,27
1176,511,118,50,44,165,6,1,25
1177,511,118,50,44,165,6,1,28
1178,511,118,50,44,165,6,1,34
1179,511,118,50,44,165,6,1,37
1180,511,118,50,44,165,6,1,33
1181,511,118,50,44,165,6,1,27
1182,511,118,50,44,165,6,1,34
1183,511,118,50,44,165,6,1,50
1184,511,117,50,44,165,6,1,71
1185,511,117,50,44,165,6,1,76
1186,511,117,50,44,165,6,1,83
1187,511,117,50,44,165,6,1,88
1188,511,117,50,44,165,6,1,77
1189,511,117,50,44,165,6,1,58
1190,511,117,50,44,165,6,1,49
1191,511,117,50,44,165,6,1,59
1192,511,118,50,44,165,6,1,70
1193,511,118,50,44,165,6,1,70
1194,511,118,50,44,165,6,1,68
1195,511,118,50,44,165,6,1,68
1196,511,118,50,44,165,6,1,55
1197,511,118,50,44,165,6,1,39
1198,511,118,50,44,165,6,1,35
1199,511,118,50,44,165,6,1,45
1200,511,117,50,44,165,6,1,61
1201,511,117,50,44,165,6,1,65
1202,511,117,50,44,165,6,1,68
1203,511,117,50,44,165,6,1,68
1204,511,117,50,44,165,6,1,55
1205,511,117,50,44,165,6,1,39
1206,511,117,50,44,165,6,1,27
1207,511,117,50,44,165,6,1,30
1208,511,117,50,44,165,6,1,37
1209,511,117,50,44,165,6,1,41
1210,511,117,50,44,165,6,1,47
1211,511,117,50,44,165,6,1,52
1212,511,117,50,45,165,6,1,46
1213,511,117,50,45,165,6,1,36
1214,511,117,50,45,165,6,1,22
1215,511,117,50,45,165,6,1,17
1216,511,117,50,45,165,6,1,13
1217,511,117,50,45,165,6,1,10
1218,511,117,50,45,165,6,1,8
1219,511,117,50,45,165,6,1,6
1220,511,117,50,45,165,6,1,4
1221,511,117,50,45,165,6,1,5
1222,511,117,50,45,165,6,1,6
1223,511,117,50,45,165,6,1,8
1224,511,117,50,44,165,6,1,8
1225,511,117,50,44,165,6,1,8
1226,511,117,50,44,165,6,1,7
1227,511,117,50,44,165,6,1,8
1228,511,117,50,44,165,6,1,7
1229,511,117,50,44,165,6,1,7
1230,511,117,50,44,165,6,1,4
1231,511,117,50,44,165,6,1,4
1232,511,117,51,44,165,6,1,2
1233,511,117,51,44,165,6,1,2
1234,511,117,51,45,165,6,1,11
1235,511,117,51,44,165,6,1,18
1236,511,117,50,45,165,6,1,25
1237,511,117,50,45,165,6,1,21
1238,511,117,50,45,165,6,1,22
1239,511,117,50,45,165,6,1,23
1240,512,117,50,44,165,6,1,36
1241,512,117,50,44,165,6,1,37
1242,512,117,50,44,165,6,1,36
1243,512,117,50,44,165,6,1,23
1244,512,117,50,45,165,6,1,26
1245,512,117,50,45,165,6,1,32
1246,511,117,50,45,165,6,1,33
1247,511,117,50,44,165,6,1,37
1248,511,117,50,44,165,6,1,29
1249,511,117,50,44,165,6,1,29
1250,511,117,50,45,165,6,1,19
1251,511,117,50,45,165,6,1,21
1252,511,117,50,45,165,6,1,30
1253,511,117,50,45,165,6,1,41
1254,511,117,50,45,165,6,1,43
1255,511,117,50,45,165,6,1,39
1256,512,117,50,44,165,6,1,33
1257,512,117,50,44,165,6,1,34
1258,512,117,50,44,165,6,1,34
1259,511,117,50,44,165,6,1,34
1260,511,117,50,44,165,6,1,28
1261,511,117,50,44,165,6,1,22
1262,511,117,50,44,165,6,1,14
1263,511,117,50,44,165,6,1,12
1264,511,117,50,44,165,6,1,7
1265,511,117,50,44,165,6,1,6
1266,511,117,50,44,165,6,1,4
1267,511,117,50,44,165,6,1,4
1268,511,117,50,44,165,6,1,3
1269,511,117,50,44,165,6,1,3
1270,511,117,50,44,165,6,1,16
1271,511,117,50,44,165,6,1,30
1272,511,117,50,44,165,6,1,45
1273,511,117,50,44,165,6,1,49
1274,511,117,50,44,165,6,1,50
1275,511,117,50,44,165,6,1,51
1276,511,117,50,44,165,6,1,42
1277,511,117,50,44,165,6,1,33
1278,511,117,50,44,165,6,1,22
1279,511,117,50,44,165,6,1,16
1280,511,118,50,43,165,6,1,13
1281,511,118,50,43,165,6,1,13
1282,511,118,50,43,165,6,1,29
1283,511,118,50,43,165,6,1,47
1284,511,119,50,43,165,6,1,51
1285,511,119,50,43,165,6,1,39
1286,511,118,50,43,165,6,1,35
1287,511,118,50,43,165,6,1,43
1288,511,118,50,44,165,6,1,44
1289,511,118,50,44,165,6,1,34
1290,511,118,50,44,165,6,1,38
1291,511,118,50,44,165,6,1,54
1292,511,118,50,44,165,6,1,57
1293,511,118,50,44,165,6,1,42
1294,511,118,50,44,165,6,1,35
1295,511,118,50,44,165,6,1,43
1296,511,118,50,43,165,6,1,56
1297,511,118,50,43,165,6,1,60
1298,511,118,50,43,165,6,1,63
1299,511,118,50,43,165,6,1,65
1300,511,118,50,43,165,6,1,72
1301,511,118,50,43,165,6,1,80
1302,511,119,50,43,165,6,1,69
1303,511,119,50,43,165,6,1,49
1304,511,117,50,44,165,6,1,24
1305,511,117,50,44,165,6,1,16
1306,511,117,50,44,165,6,1,29
1307,511,117,50,44,165,6,1,49
1308,511,117,50,44,165,6,1,55
1309,511,117,50,44,165,6,1,42
1310,511,117,50,44,165,6,1,29
1311,511,117,50,44,165,6,1,29
1312,511,117,50,45,165,6,1,31
1313,511,117,50,45,165,6,1,29
1314,511,117,50,45,165,6,1,25
1315,511,117,50,45,165,6,1,22
1316,511,117,50,44,165,6,1,15
1317,511,117,50,45,165,6,1,12
1318,511,117,50,45,165,6,1,17
1319,511,117,50,44,165,6,1,27
1320,511,118,50,44,165,6,1,38
1321,511,118,50,44,165,6,1,40
1322,511,118,50,44,165,6,1,40
1323,511,118,50,44,165,6,1,39
1324,511,118,50,44,165,6,1,31
1325,511,118,50,44,165,6,1,21
1326,511,118,50,44,165,6,1,16
1327,511,118,50,44,165,6,1,18
1328,511,118,50,44,165,6,1,23
1329,511,118,50,44,165,6,1,24
1330,511,118,50,44,165,6,1,21
1331,511,118,50,44,165,6,1,16
1332,511,118,50,44,165,6,1,9
1333,511,118,50,44,165,6,1,7
1334,511,118,50,44,165,6,1,14
1335,511,118,50,44,165,6,1,23
1336,511,118,50,44,165,6,1,30
1337,511,118,50,44,165,6,1,28
1338,511,118,50,44,165,6,1,34
1339,511,118,50,44,165,6,1,44
1340,511,118,50,44,165,6,1,46
1341,511,118,50,44,165,6,1,36
1342,511,118,50,44,165,6,1,27
1343,511,118,50,44,165,6,1,25
1344,511,118,50,44,165,6,1,26
1345,511,118,50,44,165,6,1,24
1346,511,118,50,44,165,6,1,23
1347,511,118,50,44,165,6,1,21
1348,511,118,50,44,165,6,1,21
1349,511,118,50,44,165,6,1,20
1350,511,118,50,44,165,6,1,24
1351,511,118,50,44,165,6,1,29
1352,511,118,50,43,165,6,1,36
1353,511,118,50,43,165,6,1,40
1354,511,118,50,43,165,6,1,36
1355,511,118,50,43,165,6,1,29
1356,512,118,50,44,165,6,1,22
1357,512,118,50,44,165,6,1,19
1358,512,118,50,44,165,6,1,23
1359,512,118,50,43,165,6,1,26
1360,512,117,50,44,165,6,1,41
1361,512,117,50,44,165,6,1,40
1362,512,117,50,44,165,6,1,49
1363,512,118,50,44,165,6,1,41
1364,512,117,50,44,165,6,1,55
1365,512,117,50,44,165,6,1,59
1366,512,118,50,44,165,6,1,75
1367,512,118,50,44,165,6,1,63
1368,511,118,50,44,165,6,1,67
1369,511,118,50,44,165,6,1,67
1370,511,118,50,44,165,6,1,68
1371,511,118,50,44,165,6,1,60
1372,511,118,50,44,165,6,1,40
1373,511,118,50,44,165,6,1,35
1374,511,118,50,44,165,6,1,32
1375,511,118,50,44,165,6,1,43
1376,511,118,50,43,165,6,1,54
1377,511,118,50,43,165,6,1,66
1378,511,118,50,43,165,6,1,76
1379,511,118,50,43,165,6,1,89
1380,511,118,50,43,165,6,1,77
1381,511,118,50,43,165,6,1,62
1382,511,118,50,43,165,6,1,51
1383,511,118,50,43,165,6,1,53
1384,511,118,50,44,165,6,1,58
1385,511,118,50,44,165,6,1,56
1386,511,118,50,44,165,6,1,55
1387,511,118,50,44,165,6,1,55
1388,511,118,50,44,165,6,1,44
1389,511,118,50,44,165,6,1,31
1390,511,118,50,44,165,6,1,21
1391,511,118,50,44,165,6,1,21
1392,511,118,50,44,165,6,1,24
1393,511,118,50,44,165,6,1,22
1394,511,118,50,44,165,6,1,25
1395,511,118,50,44,165,6,1,24
1396,511,118,50,44,165,6,1,21
1397,511,118,50,44,165,6,1,13
1398,511,118,50,44,165,6,1,9
1399,511,118,50,44,165,6,1,11
1400,511,118,50,44,165,6,1,13
1401,511,118,50,44,165,6,1,17
1402,511,118,50,44,165,6,1,15
1403,511,118,50,44,165,6,1,15
1404,512,118,49,44,165,6,1,18
1405,512,118,49,44,165,6,1,24
1406,512,118,49,44,165,6,1,25
1407,512,118,49,44,165,6,1,22
1408,512,118,49,44,165,6,1,17
1409,512,118,49,44,165,6,1,15
1410,512,118,49,44,165,6,1,11
1411,512,118,49,44,165,6,1,9
1412,512,118,49,44,165,6,1,9
1413,512,118,49,44,165,6,1,17
1414,512,118,49,44,165,6,1,22
1415,512,118,49,44,165,6,1,26
1416,511,118,50,44,165,6,1,33
1417,511,118,50,44,165,6,1,45
1418,511,118,50,44,165,6,1,57
1419,511,118,50,44,165,6,1,58
1420,511,118,50,43,165,6,1,49
1421,511,118,50,44,165,6,1,36
1422,511,118,50,43,165,6,1,27
1423,511,118,50,43,165,6,1,27
1424,511,118,50,44,165,6,1,30
1425,511,118,50,44,165,6,1,31
1426,511,118,50,44,165,6,1,40
1427,511,118,50,44,165,6,1,50
1428,511,119,50,43,165,6,1,52
1429,511,119,49,43,165,6,1,43
1430,511,119,49,43,165,6,1,30
1431,511,119,49,43,165,6,1,21
1432,512,119,49,43,165,6,1,16
1433,512,119,49,43,165,6,1,11
1434,512,119,49,43,165,6,1,8
1435,512,119,49,43,165,6,1,8
1436,511,119,50,43,165,6,1,11
1437,511,119,50,43,165,6,1,14
1438,511,119,50,43,165,6,1,27
1439,511,119,50,43,165,6,1,42
1440,512,118,49,43,165,6,1,60
1441,512,118,49,43,165,6,1,66
1442,512,118,49,43,165,6,1,71
1443,512,118,49,43,165,6,1,73
1444,512,118,49,43,165,6,1,60
1445,512,118,49,43,165,6,1,43
1446,512,118,49,43,165,6,1,24
1447,512,118,49,43,165,6,1,18
1448,511,118,50,44,165,6,1,16
1449,511,118,50,44,165,6,1,15
1450,511,118,50,44,165,6,1,13
1451,511,118,50,43,165,6,1,10
1452,512,118,49,43,165,6,1,9
1453,512,118,49,43,165,6,1,8
1454,512,118,49,43,165,6,1,9
1455,512,118,49,43,165,6,1,12
1456,512,118,49,44,165,6,1,22
1457,512,118,49,44,165,6,1,29
1458,512,118,49,44,165,6,1,36
1459,512,118,49,44,165,6,1,37
1460,512,118,49,44,165,6,1,31
1461,512,118,49,44,165,6,1,21
1462,512,118,49,44,165,6,1,29
1463,512,118,49,44,165,6,1,46
1464,512,117,49,44,165,6,1,68
1465,512,117,49,44,165,6,1,77
1466,512,117,49,44,165,6,1,84
1467,512,117,49,44,165,6,1,88
1468,512,117,49,44,165,6,1,76
1469,512,117,49,44,165,6,1,61
1470,512,117,49,44,165,6,1,38
1471,512,117,49,44,165,6,1,27
1472,512,117,50,44,165,6,1,16
1473,512,117,50,44,165,6,1,10
1474,512,117,50,44,165,6,1,7
1475,512,117,50,44,165,6,1,5
1476,512,117,49,44,165,6,1,5
1477,512,117,49,44,165,6,1,5
1478,512,117,49,44,165,6,1,15
1479,512,117,49,44,165,6,1,26
1480,512,118,49,44,165,6,1,39
1481,512,118,49,43,165,6,1,45
1482,512,118,49,43,165,6,1,52
1483,512,118,49,44,165,6,1,60
1484,512,118,49,44,165,6,1,55
1485,512,118,50,44,165,6,1,43
1486,512,118,50,44,165,6,1,49
1487,512,118,50,44,165,6,1,71
1488,511,117,50,44,165,6,1,98
1489,511,117,50,44,165,6,1,105
1490,512,117,50,44,165,6,1,108
1491,512,117,50,44,165,6,1,89
1492,512,117,50,44,165,6,1,86
1493,512,118,50,43,165,6,1,65
1494,512,118,50,43,165,6,1,76
1495,512,117,50,43,165,6,1,71
1496,512,118,50,44,165,6,1,85
1497,512,118,50,44,165,6,1,77
1498,512,118,50,44,165,6,1,69
1499,512,118,50,44,165,6,1,77
1500,512,118,50,44,165,6,1,78
1501,512,118,50,44,165,6,1,79
1502,512,118,50,44,165,6,1,53
1503,512,118,50,44,165,6,1,57
1504,512,117,50,44,165,6,1,60
1505,512,117,50,44,165,6,1,76
1506,512,117,50,44,165,6,1,81
1507,512,117,50,44,165,6,1,85
1508,512,117,50,44,165,6,1,69
1509,512,117,50,44,165,6,1,49
1510,512,117,50,44,165,6,1,39
1511,512,117,50,44,165,6,1,42
1512,512,117,50,44,165,6,1,51
1513,512,117,50,44,165,6,1,52
1514,512,117,50,44,165,6,1,60
1515,512,117,50,44,165,6,1,57
1516,512,117,50,44,165,6,1,47
1517,512,117,50,44,165,6,1,30
1518,512,117,50,44,165,6,1,20
1519,512,117,50,44,165,6,1,16
1520,511,117,50,44,165,6,1,14
1521,511,117,50,44,165,6,1,19
1522,511,117,50,44,165,6,1,30
1523,511,117,50,44,165,6,1,42
1524,512,117,50,44,165,6,1,50
1525,512,117,50,44,165,6,1,66
1526,512,118,50,44,165,6,1,87
1527,512,118,50,44,165,6,1,111
1528,511,118,50,44,165,6,1,120
1529,511,118,50,44,165,6,1,124
1530,511,118,50,44,165,6,1,99
1531,511,118,50,44,165,6,1,74
1532,511,118,51,44,165,6,1,44
1533,511,118,51,44,165,6,1,37
1534,511,118,51,44,165,6,1,43
1535,511,118,51,44,165,6,1,54
1536,511,118,51,44,165,6,1,67
1537,511,118,51,44,165,6,1,69
1538,511,118,51,44,165,6,1,68
1539,511,118,51,44,165,6,1,67
1540,511,118,51,44,165,6,1,72
1541,511,118,50,44,165,6,1,78
1542,511,117,50,44,165,6,1,72
1543,511,117,50,44,165,6,1,60
1544,512,118,50,44,165,6,1,44
1545,512,118,50,44,165,6,1,40
1546,512,118,50,44,165,6,1,48
1547,512,118,50,44,165,6,1,43
1548,512,118,50,44,165,6,1,47
1549,512,117,50,44,165,6,1,36
1550,512,117,50,44,165,6,1,39
1551,512,117,50,45,165,6,1,31
1552,511,117,50,45,165,6,1,32
1553,511,117,50,45,165,6,1,33
1554,511,117,50,45,165,6,1,36
1555,511,117,50,45,165,6,1,33
1556,511,117,50,45,165,6,1,30
1557,511,117,50,45,165,6,1,27
1558,511,117,50,45,165,6,1,20
1559,511,117,51,45,165,6,1,16
1560,511,118,50,44,165,6,1,10
1561,511,118,50,44,165,6,1,10
1562,511,118,50,44,165,6,1,16
1563,511,118,50,44,165,6,1,24
1564,511,118,50,44,165,6,1,27
1565,511,118,50,44,165,6,1,20
1566,511,118,50,44,165,6,1,26
1567,511,118,50,44,165,6,1,40
1568,511,117,50,44,165,6,1,59
1569,511,117,50,44,165,6,1,66
1570,511,117,50,44,165,6,1,60
1571,511,117,50,44,165,6,1,53
1572,511,118,50,44,165,6,1,61
1573,511,118,50,44,165,6,1,83
1574,511,118,50,44,165,6,1,81
1575,511,118,50,44,165,6,1,61
1576,511,117,50,44,165,6,1,35
1577,511,117,50,44,165,6,1,50
1578,511,118,50,44,165,6,1,66
1579,511,117,50,44,165,6,1,72
1580,511,117,50,44,165,6,1,57
1581,511,118,50,44,165,6,1,46
1582,511,117,50,44,165,6,1,37
1583,511,118,50,44,165,6,1,43
1584,511,117,51,45,165,6,1,48
1585,511,117,51,45,165,6,1,51
1586,510,117,51,45,165,6,1,63
1587,510,117,51,45,165,6,1,57
1588,511,117,51,45,165,6,1,71
1589,510,117,51,45,165,6,1,51
1590,510,117,51,44,165,6,1,57
1591,510,117,51,44,165,6,1,48
1592,511,118,50,43,165,6,1,44
1593,511,118,50,43,165,6,1,30
1594,511,118,50,43,165,6,1,23
1595,512,118,50,43,165,6,1,20
1596,512,118,50,43,165,6,1,19
1597,512,118,50,44,165,6,1,16
1598,512,118,50,43,165,6,1,26
1599,512,118,50,43,165,6,1,37
1600,512,118,50,44,165,6,1,52
1601,512,118,50,44,165,6,1,46
1602,512,118,50,44,165,6,1,36
1603,511,118,50,44,165,6,1,23
1604,512,118,50,44,165,6,1,27
1605,512,118,49,43,165,6,1,34
1606,512,118,49,43,165,6,1,45
1607,512,118,49,43,165,6,1,49
1608,512,118,49,43,165,6,1,44
1609,512,118,49,43,165,6,1,34
1610,512,118,49,43,165,6,1,21
1611,512,118,49,43,165,6,1,14
1612,512,118,49,43,165,6,1,10
1613,512,118,49,43,165,6,1,6
1614,512,118,49,43,165,6,1,7
1615,512,118,49,43,165,6,1,6
1616,512,118,49,43,165,6,1,10
1617,512,118,49,43,165,6,1,11
1618,512,118,49,43,165,6,1,16
1619,512,118,50,43,165,6,1,29
1620,512,118,50,44,165,6,1,45
1621,512,118,50,44,165,6,1,62
1622,512,118,50,44,165,6,1,61
1623,512,118,50,44,165,6,1,51
1624,512,118,50,43,165,6,1,36
1625,511,118,50,43,165,6,1,28
1626,511,118,51,43,165,6,1,32
1627,510,118,51,44,165,6,1,37
1628,511,117,51,44,165,6,1,41
1629,511,117,51,44,165,6,1,39
1630,511,117,51,44,165,6,1,45
1631,511,117,51,44,165,6,1,43
1632,511,119,50,43,165,6,1,55
1633,511,119,50,43,165,6,1,47
1634,511,119,50,43,165,6,1,46
1635,511,118,50,44,165,6,1,31
1636,511,118,50,43,165,6,1,45
1637,512,118,50,43,165,6,1,65
1638,511,118,50,43,165,6,1,87
1639,511,118,50,43,165,6,1,78
1640,511,118,50,43,165,6,1,61
1641,511,118,50,43,165,6,1,38
1642,511,118,50,43,165,6,1,33
1643,511,118,50,43,165,6,1,34
1644,511,118,50,44,165,6,1,32
1645,511,118,50,44,165,6,1,29
1646,511,118,50,44,165,6,1,20
1647,511,118,50,44,165,6,1,18
1648,511,118,51,43,165,6,1,18
1649,511,118,51,43,165,6,1,27
1650,511,118,51,43,165,6,1,30
1651,511,118,51,43,165,6,1,28
1652,511,118,51,43,165,6,1,21
1653,511,118,51,43,165,6,1,17
1654,511,118,51,43,165,6,1,31
1655,511,118,51,43,165,6,1,48
1656,511,118,51,44,165,6,1,68
1657,511,118,51,44,165,6,1,73
1658,511,118,51,44,165,6,1,77
1659,511,118,51,44,165,6,1,80
1660,511,118,51,44,165,6,1,66
1661,511,118,51,44,165,6,1,49
1662,511,118,51,44,165,6,1,55
1663,511,118,51,44,165,6,1,79
1664,511,118,51,43,165,6,1,110
1665,511,118,51,43,165,6,1,120
1666,511,118,51,43,165,6,1,128
1667,511,118,50,43,165,6,1,133
1668,511,118,50,43,165,6,1,114
1669,511,118,50,43,165,6,1,88
1670,511,118,50,43,165,6,1,70
1671,511,118,51,43,165,6,1,75
1672,510,118,51,44,165,6,1,86
1673,510,118,51,44,165,6,1,86
1674,510,118,51,44,165,6,1,86
1675,511,118,51,44,165,6,1,87
1676,510,118,51,44,165,6,1,71
1677,511,118,51,44,165,6,1,51
1678,511,118,51,44,165,6,1,45
1679,511,118,51,44,165,6,1,58
1680,511,117,51,44,165,6,1,79
1681,511,117,51,44,165,6,1,85
1682,511,117,51,44,165,6,1,90
1683,511,117,51,44,165,6,1,91
1684,511,117,51,44,165,6,1,74
1685,511,117,51,44,165,6,1,53
1686,511,117,51,44,165,6,1,33
1687,511,117,51,44,165,6,1,28
1688,511,117,51,44,165,6,1,24
1689,511,117,51,44,165,6,1,18
1690,511,117,51,44,165,6,1,29
1691,511,117,51,44,165,6,1,46
1692,511,118,51,44,165,6,1,66
1693,511,118,51,44,165,6,1,71
1694,511,118,51,44,165,6,1,59
1695,511,118,51,44,165,6,1,44
1696,512,117,50,44,165,6,1,39
1697,512,117,50,44,165,6,1,51
1698,512,117,50,44,165,6,1,69
1699,512,117,50,44,165,6,1,77
1700,512,117,50,44,165,6,1,72
1701,512,117,50,44,165,6,1,60
1702,512,117,50,44,165,6,1,44
1703,512,117,50,44,165,6,1,43
1704,511,118,50,43,165,6,1,45
1705,511,118,50,43,165,6,1,44
1706,511,118,50,43,165,6,1,35
1707,511,118,50,43,165,6,1,23
1708,511,118,50,43,165,6,1,23
1709,511,118,50,43,165,6,1,28
1710,511,118,50,43,165,6,1,48
1711,511,118,50,43,165,6,1,63
1712,511,118,50,44,165,6,1,78
1713,511,118,50,44,165,6,1,72
1714,512,118,50,44,165,6,1,62
1715,511,118,50,44,165,6,1,50
1716,512,118,50,44,165,6,1,38
1717,512,118,50,44,165,6,1,25
1718,512,118,50,44,165,6,1,16
1719,512,118,50,44,165,6,1,16
1720,511,118,51,44,165,6,1,24
1721,511,118,51,44,165,6,1,33
1722,511,118,51,44,165,6,1,40
1723,511,118,51,44,165,6,1,41
1724,511,118,51,44,165,6,1,32
1725,511,118,51,44,165,6,1,24
1726,511,118,51,44,165,6,1,32
1727,511,118,51,44,165,6,1,51
1728,511,117,51,44,165,6,1,74
1729,511,117,51,44,165,6,1,64
1730,511,117,51,44,165,6,1,55
1731,511,118,51,44,165,6,1,40
1732,511,118,51,44,165,6,1,43
1733,511,118,51,43,165,6,1,45
1734,511,118,51,44,165,6,1,49
1735,511,118,51,44,165,6,1,45
1736,512,118,50,44,165,6,1,34
1737,512,118,50,44,165,6,1,22
1738,512,118,50,44,165,6,1,23
1739,512,118,50,44,165,6,1,30
1740,512,118,50,43,165,6,1,34
1741,512,118,50,43,165,6,1,34
1742,512,118,50,43,165,6,1,33
1743,512,118,50,43,165,6,1,39
1744,511,118,50,44,165,6,1,48
1745,511,118,50,44,165,6,1,58
1746,511,118,50,44,165,6,1,71
1747,511,118,50,44,165,6,1,76
1748,511,118,50,44,165,6,1,69
1749,511,118,50,44,165,6,1,56
1750,511,118,51,44,165,6,1,38
1751,511,118,51,44,165,6,1,30
1752,511,118,51,44,165,6,1,27
1753,511,118,51,44,165,6,1,29
1754,511,118,51,44,165,6,1,33
1755,511,118,51,44,165,6,1,30
1756,511,118,51,44,165,6,1,26
1757,511,118,50,44,165,6,1,19
1758,511,118,50,44,165,6,1,30
1759,511,118,50,44,165,6,1,46
1760,511,117,50,44,165,6,1,65
1761,511,117,50,44,165,6,1,73
1762,511,117,50,44,165,6,1,68
1763,512,117,50,44,165,6,1,60
1764,511,118,51,44,165,6,1,45
1765,511,118,51,44,165,6,1,60
1766,511,118,50,44,165,6,1,53
1767,511,119,50,43,165,6,1,51
1768,511,117,51,44,165,6,1,29
1769,511,117,51,44,165,6,1,26
1770,511,117,51,44,165,6,1,22
1771,511,117,51,44,165,6,1,35
1772,511,117,51,44,165,6,1,35
1773,511,117,50,44,165,6,1,40
1774,511,117,50,44,165,6,1,24
1775,511,117,51,44,165,6,1,35
1776,511,117,50,44,165,6,1,36
1777,511,117,50,44,165,6,1,39
1778,511,117,50,44,165,6,1,29
1779,511,117,50,44,165,6,1,24
1780,511,117,50,44,165,6,1,19
1781,511,117,50,44,165,6,1,21
1782,511,117,50,44,165,6,1,20
1783,511,117,50,44,165,6,1,19
1784,511,117,50,44,165,6,1,11
1785,511,117,50,44,165,6,1,11
1786,511,117,50,44,165,6,1,14
1787,511,117,50,44,165,6,1,22
1788,512,117,50,45,165,6,1,35
1789,512,117,50,45,165,6,1,48
1790,512,117,50,45,165,6,1,66
1791,512,117,50,45,165,6,1,79
1792,511,118,50,44,165,6,1,74
1793,511,118,50,44,165,6,1,56
1794,511,118,50,44,165,6,1,30
1795,511,118,50,44,165,6,1,22
1796,511,118,50,44,165,6,1,23
1797,511,118,50,44,165,6,1,23
1798,511,118,50,44,165,6,1,33
1799,511,118,50,44,165,6,1,38
1800,511,117,51,44,165,6,1,44
1801,511,117,51,44,165,6,1,45
1802,511,117,51,44,165,6,1,43
1803,511,117,51,44,165,6,1,42
1804,511,117,50,44,165,6,1,30
1805,511,117,51,44,165,6,1,18
1806,511,117,51,44,165,6,1,12
1807,511,117,51,44,165,6,1,16
1808,512,117,50,44,165,6,1,18
1809,512,117,50,44,165,6,1,26
1810,512,117,49,44,165,6,1,32
1811,512,117,50,44,165,6,1,44
1812,512,117,49,44,165,6,1,39
1813,512,118,50,43,165,6,1,32
1814,512,118,50,43,165,6,1,29
1815,512,118,50,43,165,6,1,39
1816,512,118,49,44,165,6,1,63
1817,512,118,49,44,165,6,1,67
1818,512,118,49,44,165,6,1,67
1819,512,118,49,43,165,6,1,54
1820,512,118,49,44,165,6,1,69
1821,512,117,49,44,165,6,1,85
1822,512,117,49,44,165,6,1,82
1823,512,117,49,44,165,6,1,60
1824,511,118,50,44,165,6,1,35
1825,511,118,50,44,165,6,1,45
1826,511,118,50,43,165,6,1,62
1827,511,118,50,43,165,6,1,87
1828,511,118,50,44,165,6,1,76
1829,511,118,50,44,165,6,1,62
1830,511,118,50,43,165,6,1,36
1831,511,118,50,43,165,6,1,26
1832,512,118,50,44,165,6,1,14
1833,512,118,50,43,165,6,1,9
1834,511,118,50,44,165,6,1,16
1835,511,118,50,44,165,6,1,20
1836,511,118,50,44,165,6,1,22
1837,511,118,50,44,165,6,1,13
1838,511,118,50,44,165,6,1,22
1839,511,118,50,44,165,6,1,36
1840,512,118,50,43,165,6,1,54
1841,512,118,50,43,165,6,1,56
1842,512,118,50,43,165,6,1,50
1843,512,118,50,43,165,6,1,38
1844,512,118,50,43,165,6,1,31
1845,512,118,50,43,165,6,1,31
1846,512,118,50,43,165,6,1,32
1847,512,118,50,44,165,6,1,26
1848,512,117,50,44,165,6,1,19
1849,512,117,50,44,165,6,1,16
1850,512,117,50,44,165,6,1,16
1851,512,117,50,44,165,6,1,19
1852,512,117,50,44,165,6,1,19
1853,512,117,50,44,165,6,1,18
1854,512,117,50,44,165,6,1,31
1855,512,117,50,44,165,6,1,50
1856,511,118,50,44,165,6,1,73
1857,511,118,50,44,165,6,1,82
1858,511,118,50,44,165,6,1,88
1859,511,118,50,44,165,6,1,92
1860,511,118,50,44,165,6,1,78
1861,511,118,50,44,165,6,1,60
1862,512,118,50,44,165,6,1,42
1863,512,118,50,44,165,6,1,39
1864,512,118,50,44,165,6,1,42
1865,512,118,50,44,165,6,1,37
1866,512,118,50,44,165,6,1,29
1867,512,119,50,43,165,6,1,21
1868,512,119,50,43,165,6,1,14
1869,512,119,50,43,165,6,1,13
1870,512,119,50,43,165,6,1,12
1871,512,119,50,43,165,6,1,24
1872,512,118,49,43,165,6,1,34
1873,512,118,49,43,165,6,1,38
1874,512,118,49,44,165,6,1,29
1875,512,118,49,43,165,6,1,20
1876,512,118,49,44,165,6,1,15
1877,512,118,49,43,165,6,1,22
1878,512,118,49,43,165,6,1,21
1879,512,118,49,43,165,6,1,21
1880,512,118,49,44,165,6,1,13
1881,512,118,49,43,165,6,1,14
1882,512,118,49,43,165,6,1,35
1883,512,118,49,43,165,6,1,59
1884,512,118,50,44,165,6,1,83
1885,512,118,50,44,165,6,1,86
1886,512,118,50,44,165,6,1,73
1887,512,118,50,44,165,6,1,58
1888,511,118,50,44,165,6,1,50
1889,511,118,50,44,165,6,1,57
1890,511,118,50,43,165,6,1,70
1891,511,118,50,43,165,6,1,63
1892,511,118,50,43,165,6,1,49
1893,511,118,50,44,165,6,1,28
1894,511,118,50,44,165,6,1,17
1895,511,118,50,44,165,6,1,11
1896,511,118,50,43,165,6,1,7
1897,511,118,50,43,165,6,1,9
1898,511,118,50,43,165,6,1,16
1899,512,118,50,43,165,6,1,19
1900,512,118,50,43,165,6,1,26
1901,512,118,50,44,165,6,1,27
1902,512,118,50,44,165,6,1,30
1903,512,118,50,44,165,6,1,26
1904,512,117,50,44,165,6,1,21
1905,512,117,50,44,165,6,1,27
1906,512,117,50,44,165,6,1,34
1907,512,117,50,44,165,6,1,45
1908,512,117,50,44,165,6,1,38
1909,512,117,50,44,165,6,1,29
1910,512,117,50,44,165,6,1,22
1911,512,117,50,44,165,6,1,25
1912,511,117,50,45,165,6,1,29
1913,511,117,50,45,165,6,1,29
1914,511,117,50,45,165,6,1,47
1915,511,117,50,45,165,6,1,68
1916,511,118,50,44,165,6,1,91
1917,511,118,50,44,165,6,1,97
1918,511,118,50,44,165,6,1,90
1919,511,118,50,44,165,6,1,78
1920,512,118,50,44,165,6,1,63
1921,512,118,50,44,165,6,1,58
1922,512,118,50,44,165,6,1,52
1923,512,118,50,44,165,6,1,50
1924,512,118,50,44,165,6,1,40
1925,512,118,50,44,165,6,1,29
1926,512,118,50,44,165,6,1,19
1927,511,118,50,44,165,6,1,16
0,703,254,59,40,166,6,4,56
1,703,255,61,34,166,6,4,49
2,702,255,61,35,166,6,4,43
3,702,255,61,35,166,6,4,34
4,702,255,61,35,166,6,4,28
5,703,255,61,35,166,6,4,23
6,703,255,61,35,166,6,4,21
7,703,255,61,35,166,6,4,19
1,702,254,65,51,167,6,3,6
2,702,254,65,51,167,6,3,6
3,702,254,65,51,167,6,3,9
4,702,254,65,51,167,6,3,11
5,702,253,65,51,167,6,3,13
6,702,253,65,51,167,6,3,12
7,702,253,65,51,167,6,3,12
8,702,254,62,52,167,6,3,16
9,702,254,62,53,167,6,3,21
10,702,254,62,53,167,6,3,32
11,702,254,62,52,167,6,3,42
12,702,255,61,55,167,6,3,48
13,702,255,61,55,167,6,3,46
14,702,255,61,55,167,6,3,37
15,702,255,61,55,167,6,3,28
16,702,254,62,51,167,6,3,24
17,702,254,61,51,167,6,3,27
18,702,254,61,51,167,6,3,34
19,702,254,62,51,167,6,3,36
20,702,254,62,51,167,6,3,30
21,702,254,62,51,167,6,3,21
22,702,254,62,51,167,6,3,10
23,702,254,62,51,167,6,3,6
24,702,255,61,50,167,6,3,3
25,702,255,61,50,167,6,3,2
26,702,255,61,50,167,6,3,1
27,702,255,61,50,167,6,3,1
28,702,255,61,50,167,6,3,1
29,702,255,61,50,167,6,3,1
30,702,255,61,50,167,6,3,1
31,702,255,61,50,167,6,3,3
32,702,254,62,51,167,6,3,5
33,702,254,62,52,167,6,3,7
34,702,254,62,52,167,6,3,7
35,702,254,62,52,167,6,3,6
36,702,254,62,51,167,6,3,4
37,702,254,62,51,167,6,3,4
38,702,254,62,51,167,6,3,4
39,702,254,62,51,167,6,3,4
40,702,254,63,52,167,6,3,6
41,702,254,63,53,167,6,3,9
42,702,254,63,53,167,6,3,13
43,702,254,63,53,167,6,3,15
44,702,254,63,53,167,6,3,14
45,702,254,63,53,167,6,3,10
46,702,254,63,53,167,6,3,11
47,702,254,63,53,167,6,3,15
48,702,254,61,50,167,6,3,21
49,702,254,61,50,167,6,3,23
50,702,254,61,50,167,6,3,25
51,702,254,61,50,167,6,3,26
52,702,254,61,49,167,6,3,23
53,702,254,61,49,167,6,3,18
54,702,254,61,49,167,6,3,16
55,702,254,61,49,167,6,3,20
56,702,254,62,52,167,6,3,24
57,702,254,62,52,167,6,3,26
58,702,254,62,52,167,6,3,27
59,702,254,62,52,167,6,3,25
60,702,254,62,52,167,6,3,21
61,702,254,62,51,167,6,3,16
62,702,254,62,51,167,6,3,14
63,702,254,62,51,167,6,3,13
64,702,253,62,52,167,6,3,11
65,702,253,62,52,167,6,3,8
66,702,253,62,52,167,6,3,4
67,702,253,62,52,167,6,3,2
68,702,253,62,52,167,6,3,1
69,702,253,62,52,167,6,3,1
70,702,253,62,52,167,6,3,1
71,702,253,62,52,167,6,3,0
72,702,254,62,51,167,6,3,2
73,702,254,62,51,167,6,3,3
74,702,254,62,50,167,6,3,5
75,702,254,62,50,167,6,3,30
76,702,254,59,37,167,6,3,67
77,702,254,59,37,167,6,3,96
78,702,254,62,50,167,6,3,100
79,702,255,59,37,167,6,3,78
80,702,254,62,52,167,6,3,91
81,702,254,62,52,167,6,3,101
82,702,254,62,52,167,6,3,105
83,702,254,62,52,167,6,3,75
84,702,254,61,52,167,6,3,42
85,702,254,62,52,167,6,3,28
86,702,254,62,52,167,6,3,27
87,702,254,62,52,167,6,3,34
88,702,255,60,45,167,6,3,45
89,702,255,60,45,167,6,3,48
90,702,255,60,45,167,6,3,51
91,702,255,60,45,167,6,3,53
92,702,255,60,46,167,6,3,44
93,702,255,60,46,167,6,3,31
94,702,255,60,45,167,6,3,16
95,702,255,60,45,167,6,3,37
96,702,255,59,33,167,6,3,64
97,702,255,59,33,167,6,3,100
98,702,255,59,33,167,6,3,111
99,702,255,59,32,167,6,3,120
100,702,255,59,32,167,6,3,99
101,702,255,59,32,167,6,3,73
102,702,255,59,32,167,6,3,41
103,702,255,59,32,167,6,3,58
104,702,255,62,47,167,6,3,84
105,702,255,62,47,167,6,3,121
106,702,255,62,48,167,6,3,121
107,702,255,62,48,167,6,3,117
108,702,255,61,44,167,6,3,91
109,702,254,62,48,167,6,3,72
110,702,255,61,44,167,6,3,44
111,702,255,61,45,167,6,3,29
112,702,254,62,48,167,6,3,20
113,702,254,62,48,167,6,3,15
114,702,254,62,48,167,6,3,17
115,702,254,62,48,167,6,3,17
116,702,254,62,49,167,6,3,18
117,702,254,62,48,167,6,3,14
118,702,254,62,48,167,6,3,16
119,702,254,62,48,167,6,3,23
120,702,255,62,51,167,6,3,32
121,702,255,61,51,167,6,3,36
122,702,255,61,51,167,6,3,38
123,702,255,61,51,167,6,3,39
124,702,255,61,51,167,6,3,31
125,702,255,62,51,167,6,3,22
126,702,255,62,51,167,6,3,11
127,702,255,62,51,167,6,3,6
128,702,255,62,51,167,6,3,3
129,702,255,62,51,167,6,3,2
130,702,255,62,51,167,6,3,2
131,702,255,61,51,167,6,3,2
132,702,255,62,52,167,6,3,3
133,702,255,62,52,167,6,3,4
134,702,255,62,51,167,6,3,7
135,702,255,62,51,167,6,3,8
136,702,254,62,50,167,6,3,13
137,702,255,62,50,167,6,3,17
138,702,255,62,50,167,6,3,20
139,702,255,62,50,167,6,3,18
140,702,255,62,50,167,6,3,15
141,702,255,62,50,167,6,3,11
142,702,255,61,50,167,6,3,7
143,702,255,62,50,167,6,3,36
144,702,255,59,33,167,6,3,74
145,702,255,59,33,167,6,3,120
146,702,255,59,33,167,6,3,137
147,702,255,59,33,167,6,3,149
148,702,255,59,33,167,6,3,122
149,702,255,59,33,167,6,3,87
150,702,255,59,33,167,6,3,46
151,702,255,59,33,167,6,3,37
152,702,255,59,31,167,6,3,33
153,702,255,59,31,167,6,3,31
154,702,255,59,31,167,6,3,24
155,702,255,59,31,167,6,3,17
176,703,255,59,33,167,6,3,9
177,703,255,59,33,167,6,3,8
178,703,255,59,33,167,6,3,7
179,703,255,59,33,167,6,3,5
180,703,255,58,30,167,6,3,14
181,703,255,59,30,167,6,3,25
182,703,255,59,30,167,6,3,30
183,703,255,59,30,167,6,3,25
204,703,255,59,30,167,6,3,14
205,703,255,59,30,167,6,3,10
206,703,255,59,31,167,6,3,7
207,703,255,59,31,167,6,3,8
208,703,255,59,34,167,6,3,16
209,703,255,59,34,167,6,3,25
210,703,255,59,34,167,6,3,35
211,703,255,59,34,167,6,3,41
212,703,255,59,35,167,6,3,35
213,703,255,59,34,167,6,3,26
214,703,255,59,34,167,6,3,13
215,703,255,59,34,167,6,3,8
216,702,255,60,34,167,6,3,5
217,702,255,60,35,167,6,3,3
218,702,255,60,34,167,6,3,5
219,702,255,60,34,167,6,3,11
220,702,255,60,35,167,6,3,19
221,702,255,60,37,167,6,3,25
222,702,255,60,37,167,6,3,26
223,702,255,60,36,167,6,3,27
152,702,255,62,49,168,6,3,14
153,702,255,63,49,168,6,3,12
154,702,255,63,50,168,6,3,11
155,702,255,63,49,168,6,3,9
156,702,255,62,50,168,6,3,7
157,702,255,62,50,168,6,3,5
158,702,255,62,50,168,6,3,5
159,702,255,62,50,168,6,3,8
160,702,255,62,51,168,6,3,11
161,702,255,62,51,168,6,3,13
162,702,255,62,51,168,6,3,13
163,702,255,62,51,168,6,3,11
164,702,255,62,51,168,6,3,9
165,702,255,62,51,168,6,3,7
166,702,255,62,51,168,6,3,6
167,702,255,62,50,168,6,3,6
168,702,254,63,51,168,6,3,6
169,702,254,63,51,168,6,3,6
170,702,254,63,51,168,6,3,5
171,702,254,63,51,168,6,3,4
172,702,254,63,51,168,6,3,3
173,702,254,63,51,168,6,3,2
174,702,254,63,51,168,6,3,5
175,702,254,63,51,168,6,3,9
176,702,254,63,49,168,6,3,15
177,702,254,63,49,168,6,3,17
178,702,254,63,49,168,6,3,16
179,702,254,62,49,168,6,3,13
180,702,254,63,50,168,6,3,11
181,702,254,63,51,168,6,3,12
182,702,254,63,51,168,6,3,17
183,702,254,63,51,168,6,3,19
184,702,254,64,52,168,6,3,22
185,702,254,64,52,168,6,3,18
186,702,254,64,52,168,6,3,14
187,702,254,64,52,168,6,3,9
188,702,254,63,51,168,6,3,7
189,702,254,64,51,168,6,3,7
190,702,254,64,51,168,6,3,7
191,702,254,64,51,168,6,3,5
192,702,255,64,50,168,6,3,3
193,702,255,64,50,168,6,3,2
194,702,255,64,50,168,6,3,1
195,702,255,64,50,168,6,3,0
196,702,255,64,50,168,6,3,0
197,702,255,64,50,168,6,3,0
198,702,255,64,50,168,6,3,4
199,702,255,64,50,168,6,3,7
200,702,255,64,52,168,6,3,11
201,702,255,65,52,168,6,3,12
202,702,255,64,52,168,6,3,10
203,702,255,64,51,168,6,3,8
204,702,255,64,50,168,6,3,7
205,702,255,64,50,168,6,3,10
206,702,255,64,50,168,6,3,15
207,702,255,64,50,168,6,3,19
208,702,253,64,50,168,6,3,21
209,702,253,64,50,168,6,3,20
210,702,253,64,50,168,6,3,19
211,702,253,64,50,168,6,3,19
212,702,253,64,50,168,6,3,15
213,702,253,64,50,168,6,3,12
214,702,253,64,50,168,6,3,8
215,702,253,64,49,168,6,3,7
216,702,254,63,50,168,6,3,6
217,702,254,63,50,168,6,3,5
218,702,254,63,50,168,6,3,7
219,702,254,63,50,168,6,3,12
220,702,254,63,50,168,6,3,16
221,702,255,63,51,168,6,3,18
222,702,255,63,51,168,6,3,20
223,702,255,63,51,168,6,3,23
224,702,255,64,53,168,6,3,27
225,702,255,64,53,168,6,3,26
226,702,255,64,52,168,6,3,21
227,702,255,63,52,168,6,3,14
228,702,255,63,51,168,6,3,10
229,702,255,63,51,168,6,3,8
230,702,255,63,51,168,6,3,10
231,702,255,63,52,168,6,3,11
232,702,255,63,50,168,6,3,12
233,702,255,63,51,168,6,3,12
234,702,255,63,51,168,6,3,11
235,702,255,63,51,168,6,3,11
236,702,255,63,51,168,6,3,9
237,702,255,63,50,168,6,3,7
238,702,255,63,50,168,6,3,7
239,702,255,63,50,168,6,3,9
240,702,255,63,49,168,6,3,12
241,702,255,63,49,168,6,3,13
242,702,255,63,49,168,6,3,14
243,702,255,63,49,168,6,3,14
244,702,255,63,49,168,6,3,12
245,702,255,63,49,168,6,3,9
246,702,255,63,49,168,6,3,9
247,702,255,63,49,168,6,3,12
248,702,255,62,51,168,6,3,14
249,702,255,62,51,168,6,3,12
250,702,255,63,50,168,6,3,15
251,702,255,63,50,168,6,3,19
252,702,255,62,51,168,6,3,21
253,702,255,62,52,168,6,3,17
254,702,255,62,51,168,6,3,13
255,702,255,62,51,168,6,3,29
256,702,255,59,33,168,6,3,65
257,702,255,60,33,168,6,3,108
258,702,255,60,33,168,6,3,140
259,702,255,59,33,168,6,3,156
260,702,255,59,33,168,6,3,135
261,702,255,59,33,168,6,3,102
262,703,255,59,32,168,6,3,60
263,703,255,59,32,168,6,3,42
264,702,255,63,51,168,6,3,29
265,702,255,63,51,168,6,3,20
266,702,255,63,51,168,6,3,16
267,702,255,63,51,168,6,3,13
268,702,255,63,51,168,6,3,10
269,702,255,63,51,168,6,3,6
270,702,255,63,51,168,6,3,3
271,702,255,63,51,168,6,3,1
272,702,254,63,52,168,6,3,0
273,702,254,63,52,168,6,3,0
274,702,254,63,52,168,6,3,0
275,702,254,63,52,168,6,3,27
276,702,255,60,37,168,6,3,60
277,702,255,60,37,168,6,3,100
278,702,255,60,37,168,6,3,121
279,702,255,60,37,168,6,3,107
280,702,256,63,48,168,6,3,111
281,702,256,63,49,168,6,3,100
282,702,256,63,48,168,6,3,121
283,702,256,63,48,168,6,3,118
284,702,256,63,48,168,6,3,97
285,702,256,63,48,168,6,3,68
286,702,256,63,49,168,6,3,35
287,702,256,63,49,168,6,3,24
288,702,254,63,51,168,6,3,16
289,702,254,63,51,168,6,3,11
290,702,254,63,51,168,6,3,8
291,702,254,63,51,168,6,3,5
292,702,254,63,51,168,6,3,3
293,702,254,63,51,168,6,3,2
294,702,254,63,51,168,6,3,4
295,702,254,63,51,168,6,3,7
296,702,254,62,49,168,6,3,12
297,702,254,62,49,168,6,3,14
298,702,254,62,49,168,6,3,14
299,702,254,62,50,168,6,3,13
300,702,256,63,50,168,6,3,14
301,702,256,63,50,168,6,3,17
302,702,256,63,50,168,6,3,22
303,702,256,63,50,168,6,3,23
304,702,255,63,51,168,6,3,20
305,702,255,63,51,168,6,3,15
306,702,255,63,51,168,6,3,9
307,702,255,63,51,168,6,3,7
308,702,255,63,51,168,6,3,7
309,702,255,63,51,168,6,3,8
310,702,254,64,50,168,6,3,10
311,702,254,63,50,168,6,3,12
312,702,255,62,53,168,6,3,14
313,702,255,62,53,168,6,3,15
314,702,255,62,53,168,6,3,18
315,702,255,62,53,168,6,3,21
316,702,255,62,53,168,6,3,20
317,702,255,62,52,168,6,3,15
318,702,255,62,53,168,6,3,13
319,702,255,62,53,168,6,3,14
320,702,255,62,50,168,6,3,16
321,702,255,63,51,168,6,3,13
322,702,255,63,51,168,6,3,12
323,702,255,63,51,168,6,3,10
324,702,255,63,51,168,6,3,10
325,702,255,63,51,168,6,3,9
326,702,255,63,51,168,6,3,8
327,702,255,63,51,168,6,3,9
328,702,256,63,49,168,6,3,9
329,702,255,63,49,168,6,3,9
330,702,255,63,50,168,6,3,6
331,702,256,63,50,168,6,3,5
332,702,256,63,50,168,6,3,4
333,702,255,63,50,168,6,3,4
334,702,255,63,50,168,6,3,4
335,702,255,63,50,168,6,3,4
336,702,257,63,49,168,6,3,3
337,702,257,63,49,168,6,3,2
338,702,257,63,49,168,6,3,2
339,702,257,63,49,168,6,3,2
340,702,256,63,49,168,6,3,3
341,702,256,63,49,168,6,3,4
342,702,256,63,49,168,6,3,7
343,702,256,63,49,168,6,3,11
344,702,257,62,50,168,6,3,15
345,702,257,62,51,168,6,3,20
346,702,257,62,51,168,6,3,23
347,702,256,62,51,168,6,3,27
348,702,256,62,52,168,6,3,23
349,702,256,62,52,168,6,3,16
350,702,256,62,52,168,6,3,8
351,702,256,62,52,168,6,3,7
352,702,256,63,52,168,6,3,6
353,702,256,63,52,168,6,3,6
354,702,256,63,52,168,6,3,3
355,702,256,63,52,168,6,3,2
356,702,256,63,52,168,6,3,1
357,702,256,63,52,168,6,3,2
358,702,256,63,52,168,6,3,2
359,702,256,63,52,168,6,3,31
360,702,256,59,37,168,6,3,66
361,702,255,59,37,168,6,3,108
362,702,255,59,37,168,6,3,125
363,702,255,59,37,168,6,3,139
364,702,256,59,36,168,6,3,138
365,702,256,59,37,168,6,3,129
366,702,255,61,47,168,6,3,121
367,702,255,61,47,168,6,3,119
368,702,256,61,49,168,6,3,122
369,702,256,61,49,168,6,3,122
370,702,256,61,49,168,6,3,106
371,702,256,61,49,168,6,3,85
372,702,255,62,50,168,6,3,54
373,702,255,62,50,168,6,3,36
374,702,255,62,50,168,6,3,21
375,702,255,62,50,168,6,3,17
376,702,255,64,51,168,6,3,15
377,702,255,64,51,168,6,3,13
378,702,255,64,51,168,6,3,12
379,702,255,64,51,168,6,3,12
380,702,255,64,51,168,6,3,10
381,702,256,64,51,168,6,3,8
382,702,255,64,50,168,6,3,5
383,702,255,64,50,168,6,3,6
384,702,255,61,52,168,6,3,6
385,702,255,61,52,168,6,3,5
386,702,255,61,52,168,6,3,5
387,702,255,61,52,168,6,3,6
388,702,255,61,52,168,6,3,9
389,702,255,61,52,168,6,3,9
390,702,256,61,52,168,6,3,7
391,702,256,61,52,168,6,3,5
392,702,255,62,51,168,6,3,3
393,702,255,62,51,168,6,3,2
394,702,255,62,51,168,6,3,4
395,702,255,62,51,168,6,3,7
396,702,255,61,51,168,6,3,7
397,702,255,61,51,168,6,3,5
398,702,255,61,51,168,6,3,3
399,702,255,61,51,168,6,3,3
400,702,256,64,51,168,6,3,4
401,702,256,64,51,168,6,3,4
402,702,256,65,51,168,6,3,4
403,702,256,64,51,168,6,3,4
404,702,256,64,51,168,6,3,3
405,702,256,64,51,168,6,3,3
406,702,256,64,51,168,6,3,3
407,702,256,64,51,168,6,3,3
408,702,255,63,52,168,6,3,3
409,702,255,63,52,168,6,3,2
410,702,255,63,52,168,6,3,2
411,702,255,63,52,168,6,3,2
412,702,255,63,52,168,6,3,2
413,702,255,63,52,168,6,3,2
414,702,255,63,52,168,6,3,4
415,702,255,63,52,168,6,3,6
416,702,254,63,54,168,6,3,9
417,702,254,62,54,168,6,3,10
418,702,254,62,54,168,6,3,10
419,702,254,62,54,168,6,3,10
420,702,254,63,54,168,6,3,10
421,702,254,63,54,168,6,3,9
422,702,255,63,54,168,6,3,10
423,702,255,63,54,168,6,3,10
424,702,257,62,52,168,6,3,10
425,702,257,62,52,168,6,3,10
426,702,257,62,52,168,6,3,9
427,702,257,62,52,168,6,3,8
428,702,257,62,52,168,6,3,5
429,702,257,62,52,168,6,3,4
430,702,257,62,52,168,6,3,13
431,702,257,62,52,168,6,3,26
432,702,253,63,50,168,6,3,42
433,702,253,63,49,168,6,3,48
434,702,253,63,49,168,6,3,53
435,702,253,63,49,168,6,3,55
436,702,253,63,49,168,6,3,45
437,702,253,63,49,168,6,3,32
438,702,253,63,49,168,6,3,22
439,702,253,63,49,168,6,3,23
440,702,254,63,52,168,6,3,28
441,702,254,64,51,168,6,3,29
442,702,254,64,52,168,6,3,32
443,702,254,64,52,168,6,3,35
444,702,255,65,52,168,6,3,32
445,702,255,65,52,168,6,3,27
446,702,255,65,52,168,6,3,23
447,702,255,65,52,168,6,3,24
448,702,256,62,53,168,6,3,26
449,702,256,62,53,168,6,3,26
450,702,256,62,53,168,6,3,26
451,702,256,61,54,168,6,3,28
452,702,256,61,54,168,6,3,22
453,702,256,62,53,168,6,3,16
454,702,256,62,53,168,6,3,9
455,702,256,62,53,168,6,3,7
456,702,255,63,55,168,6,3,5
457,702,255,63,55,168,6,3,4
458,702,255,63,55,168,6,3,4
459,702,255,63,55,168,6,3,4
460,702,256,63,54,168,6,3,4
461,702,255,63,54,168,6,3,3
462,702,255,63,55,168,6,3,3
463,702,255,63,55,168,6,3,2
464,702,257,64,53,168,6,3,3
465,702,257,64,53,168,6,3,3
466,702,257,64,52,168,6,3,4
467,702,257,64,53,168,6,3,3
468,702,255,65,54,168,6,3,4
470,703,255,58,28,168,6,3,4
471,703,255,58,28,168,6,3,4
472,702,255,59,33,168,6,3,4
473,702,255,59,33,168,6,3,4
474,702,255,59,32,168,6,3,4
475,702,255,59,33,168,6,3,3
480,703,255,58,27,168,6,3,13
481,703,255,58,28,168,6,3,24
482,703,255,58,28,168,6,3,38
483,703,255,58,28,168,6,3,43
484,703,255,58,28,168,6,3,40
485,703,255,58,28,168,6,3,33
486,703,255,58,28,168,6,3,22
487,703,255,58,28,168,6,3,15
489,703,255,57,27,168,6,3,14
490,703,255,57,27,168,6,3,11
491,703,255,57,27,168,6,3,9
516,703,255,58,28,168,6,3,4
517,703,255,58,28,168,6,3,3
518,703,255,58,28,168,6,3,3
519,703,255,58,28,168,6,3,5
520,703,255,59,30,168,6,3,11
521,702,255,59,30,168,6,3,17
522,702,255,59,30,168,6,3,24
523,702,255,59,30,168,6,3,27
524,702,255,59,30,168,6,3,24
525,702,255,59,30,168,6,3,20
526,702,255,59,30,168,6,3,14
527,703,255,59,30,168,6,3,14
528,702,256,62,51,168,6,3,13
296,702,255,59,33,169,6,4,42
297,702,255,59,33,169,6,4,41
304,703,255,58,29,169,6,4,40
305,703,255,58,28,169,6,4,38
306,703,255,58,28,169,6,4,36
307,703,255,58,28,169,6,4,34
308,703,255,58,28,169,6,4,27
309,703,255,58,28,169,6,4,23
310,703,255,58,29,169,6,4,16
311,703,255,58,29,169,6,4,14
328,703,255,58,31,169,6,4,10
329,703,255,58,31,169,6,4,14
335,703,256,59,31,169,6,4,19
352,704,248,58,24,169,6,4,26
353,704,248,58,24,169,6,4,31
354,704,248,58,24,169,6,4,37
355,704,248,58,24,169,6,4,44
356,704,248,58,24,169,6,4,37
357,704,248,58,24,169,6,4,28
358,704,248,58,24,169,6,4,17
359,704,248,58,24,169,6,4,15
370,702,256,59,34,170,6,4,167
371,702,256,58,33,170,6,4,146
372,703,255,59,32,170,6,4,124
373,703,255,59,32,170,6,4,91
374,703,255,59,32,170,6,4,78
375,703,255,59,32,170,6,4,71
376,703,255,59,29,170,6,4,66
377,703,255,58,28,170,6,4,57
378,703,255,58,28,170,6,4,50
379,703,255,58,28,170,6,4,49
380,703,255,58,28,170,6,4,40
381,703,256,58,28,170,6,4,30
382,703,255,58,28,170,6,4,19
383,703,255,58,28,170,6,4,16
420,703,254,59,30,171,6,4,16
421,703,255,59,30,171,6,4,14
422,703,255,59,30,171,6,4,11
423,703,255,59,30,171,6,4,8
432,702,255,59,31,171,6,4,7
433,702,255,59,31,171,6,4,8
434,702,255,59,31,171,6,4,8
435,702,255,59,32,171,6,4,8
436,702,255,59,32,171,6,4,10
437,702,255,59,32,171,6,4,11
438,702,255,59,32,171,6,4,12
439,702,255,59,32,171,6,4,11
472,702,255,62,50,172,6,3,10
473,702,254,63,49,172,6,3,7
474,702,254,62,49,172,6,3,13
475,702,254,63,49,172,6,3,18
476,702,255,62,51,172,6,3,25
477,702,255,62,50,172,6,3,24
478,702,255,62,50,172,6,3,23
479,702,255,63,51,172,6,3,22
480,704,251,56,22,172,6,3,22
481,704,251,56,22,172,6,3,22
481,702,254,64,51,173,6,3,3
482,702,254,63,51,173,6,3,4
484,702,254,64,51,173,6,3,4
485,702,254,63,50,173,6,3,4
486,702,254,63,51,173,6,3,4
487,702,254,63,50,173,6,3,5
488,702,256,62,50,173,6,3,6
489,702,256,62,50,173,6,3,9
490,702,256,62,50,173,6,3,11
491,702,256,62,50,173,6,3,14
492,702,255,62,51,173,6,3,11
493,702,255,62,51,173,6,3,8
494,702,255,62,51,173,6,3,4
495,702,255,62,51,173,6,3,3
496,702,254,62,51,173,6,3,3
497,702,254,62,51,173,6,3,2
498,702,254,62,51,173,6,3,3
499,702,254,62,51,173,6,3,4
500,702,254,62,51,173,6,3,4
501,702,254,62,51,173,6,3,3
502,702,254,62,51,173,6,3,8
503,702,254,62,51,173,6,3,15
504,702,255,62,54,173,6,3,24
505,702,255,62,54,173,6,3,27
506,702,255,62,54,173,6,3,30
507,702,255,62,54,173,6,3,31
508,702,255,62,54,173,6,3,26
509,702,255,62,54,173,6,3,18
510,702,255,62,54,173,6,3,13
511,702,255,61,54,173,6,3,14
512,702,255,61,52,173,6,3,17
513,702,255,61,52,173,6,3,18
514,702,255,61,51,173,6,3,19
515,702,255,61,51,173,6,3,20
516,702,255,62,52,173,6,3,16
517,702,255,62,52,173,6,3,11
518,702,255,62,52,173,6,3,10
519,702,255,62,52,173,6,3,14
520,702,255,62,49,173,6,3,20
521,702,255,62,49,173,6,3,23
522,702,255,62,49,173,6,3,26
523,702,255,61,49,173,6,3,28
524,702,255,61,50,173,6,3,23
525,702,255,61,49,173,6,3,21
526,702,255,61,49,173,6,3,17
529,702,256,63,51,173,6,3,20
531,702,256,63,51,173,6,3,18
532,702,256,63,51,173,6,3,18
533,702,256,62,51,173,6,3,18
534,702,256,63,51,173,6,3,17
535,702,256,62,51,173,6,3,18
536,702,255,62,51,173,6,3,20
537,702,254,62,50,173,6,3,23
538,702,254,62,50,173,6,3,25
539,702,254,62,50,173,6,3,26
540,702,254,62,51,173,6,3,23
541,702,254,62,51,173,6,3,17
542,702,254,62,51,173,6,3,12
543,702,254,62,51,173,6,3,12
544,702,255,62,51,173,6,3,14
545,702,255,62,51,173,6,3,15
546,702,255,62,51,173,6,3,16
547,702,255,62,51,173,6,3,15
548,702,255,62,52,173,6,3,12
549,702,255,62,51,173,6,3,12
550,702,255,62,51,173,6,3,11
551,702,255,62,52,173,6,3,13
552,702,254,61,51,173,6,3,12
553,702,254,61,50,173,6,3,13
554,702,254,61,51,173,6,3,13
555,702,254,61,51,173,6,3,16
556,702,254,61,50,173,6,3,15
557,702,254,61,51,173,6,3,15
558,702,254,61,51,173,6,3,12
559,702,254,61,51,173,6,3,14
560,702,254,62,52,173,6,3,15
561,702,254,62,52,173,6,3,14
562,702,254,62,52,173,6,3,10
563,702,254,62,52,173,6,3,6
564,702,254,62,51,173,6,3,5
565,702,254,62,51,173,6,3,6
566,702,254,62,51,173,6,3,6
567,702,254,62,51,173,6,3,5
568,702,255,62,51,173,6,3,3
569,702,254,61,51,173,6,3,3
570,702,254,62,51,173,6,3,2
571,702,254,62,51,173,6,3,1
572,702,254,62,51,173,6,3,3
573,702,254,62,51,173,6,3,4
574,702,254,62,51,173,6,3,9
575,702,255,62,51,173,6,3,12
576,702,255,62,52,173,6,3,18
577,702,255,62,52,173,6,3,19
578,702,255,62,52,173,6,3,20
579,702,255,62,52,173,6,3,19
580,702,255,62,52,173,6,3,15
581,702,255,62,52,173,6,3,10
582,702,255,62,52,173,6,3,7
583,702,255,62,52,173,6,3,7
584,702,254,63,52,173,6,3,7
585,702,254,63,52,173,6,3,6
586,702,254,63,52,173,6,3,7
587,702,254,63,52,173,6,3,8
588,702,255,62,51,173,6,3,7
589,702,255,63,51,173,6,3,6
590,702,255,62,51,173,6,3,7
591,702,255,63,51,173,6,3,7
592,702,256,63,51,173,6,3,9
593,702,255,63,51,173,6,3,8
594,702,256,63,52,173,6,3,10
595,702,256,63,51,173,6,3,9
596,702,256,63,51,173,6,3,8
597,702,255,63,51,173,6,3,6
598,702,255,63,51,173,6,3,7
599,702,255,63,51,173,6,3,9
600,702,254,63,51,173,6,3,13
601,702,254,63,51,173,6,3,11
602,702,254,63,51,173,6,3,9
603,702,255,63,52,173,6,3,6
604,702,254,63,52,173,6,3,5
605,702,254,63,52,173,6,3,4
606,702,254,62,52,173,6,3,3
607,702,254,62,52,173,6,3,3
608,702,255,61,51,173,6,3,4
609,702,255,61,51,173,6,3,4
610,702,255,61,52,173,6,3,5
611,702,255,61,52,173,6,3,4
612,702,254,61,51,173,6,3,5
613,702,254,61,51,173,6,3,7
614,702,254,61,51,173,6,3,7
615,702,254,61,51,173,6,3,6
616,702,255,61,52,173,6,3,7
617,702,255,61,52,173,6,3,10
618,702,255,61,52,173,6,3,14
619,702,255,61,52,173,6,3,15
620,702,255,61,52,173,6,3,14
621,702,255,61,52,173,6,3,12
622,702,255,61,53,173,6,3,10
623,702,255,61,53,173,6,3,10
624,702,255,60,53,173,6,3,8
625,702,255,60,53,173,6,3,6
626,702,255,60,53,173,6,3,3
627,702,255,60,53,173,6,3,2
628,702,255,60,53,173,6,3,2
629,702,255,61,53,173,6,3,4
630,702,255,60,53,173,6,3,5
631,702,255,60,53,173,6,3,4
632,702,254,62,53,173,6,3,6
633,702,254,62,53,173,6,3,6
634,702,255,62,54,173,6,3,8
635,702,254,62,53,173,6,3,8
636,701,254,61,55,173,6,3,11
637,702,254,61,56,173,6,3,13
638,702,254,61,55,173,6,3,14
639,702,254,61,55,173,6,3,18
640,702,255,61,56,173,6,3,22
641,702,255,61,56,173,6,3,25
642,702,255,61,57,173,6,3,25
643,702,255,61,58,173,6,3,22
644,702,255,61,58,173,6,3,17
645,702,254,61,57,173,6,3,11
646,702,254,61,58,173,6,3,20
647,702,254,61,57,173,6,3,35
648,702,254,60,52,173,6,3,55
649,702,254,60,51,173,6,3,63
650,702,254,60,51,173,6,3,66
651,702,254,60,52,173,6,3,64
652,702,254,60,52,173,6,3,50
653,702,254,60,52,173,6,3,35
654,702,254,60,52,173,6,3,23
655,702,254,60,52,173,6,3,22
656,702,255,61,52,173,6,3,21
657,702,255,61,52,173,6,3,17
658,702,255,61,52,173,6,3,14
659,702,255,61,52,173,6,3,15
660,701,254,60,53,173,6,3,14
661,701,255,60,53,173,6,3,11
662,701,254,61,53,173,6,3,7
663,702,255,61,52,173,6,3,5
664,702,254,61,52,173,6,3,5
665,702,254,61,53,173,6,3,7
666,702,254,61,52,173,6,3,7
667,702,254,61,51,173,6,3,6
668,702,254,61,53,173,6,3,7
669,702,254,61,54,173,6,3,12
670,702,255,61,54,173,6,3,15
671,702,255,61,55,173,6,3,14
672,702,255,62,53,173,6,3,10
673,702,255,62,52,173,6,3,7
674,702,254,62,53,173,6,3,6
675,702,254,62,54,173,6,3,14
676,702,254,62,53,173,6,3,15
677,702,255,62,52,173,6,3,15
678,702,255,62,52,173,6,3,6
679,702,255,62,52,173,6,3,7
680,702,255,62,52,173,6,3,16
681,702,255,62,55,173,6,3,28
682,702,255,62,56,173,6,3,31
683,702,255,62,56,173,6,3,23
684,702,254,61,53,173,6,3,14
685,702,254,61,52,173,6,3,12
686,702,254,61,54,173,6,3,23
687,702,254,61,54,173,6,3,37
688,701,254,61,52,173,6,3,44
689,702,254,61,51,173,6,3,39
690,702,254,61,50,173,6,3,38
691,702,254,61,49,173,6,3,37
692,701,255,61,46,173,6,3,39
693,702,254,61,51,173,6,3,38
694,701,255,61,47,173,6,3,46
695,701,255,61,43,173,6,3,48
696,702,254,61,55,173,6,3,54
697,702,254,61,55,173,6,3,46
698,702,254,61,56,173,6,3,44
704,702,254,61,54,173,6,3,39
705,702,254,61,54,173,6,3,35
706,702,254,61,54,173,6,3,29
707,702,254,61,54,173,6,3,17
708,702,254,61,53,173,6,3,14
709,702,254,61,53,173,6,3,11
710,702,254,61,54,173,6,3,7
711,702,254,61,53,173,6,3,5
712,702,254,61,54,173,6,3,5
713,702,254,61,54,173,6,3,7
714,702,254,61,54,173,6,3,8
715,702,254,61,54,173,6,3,8
716,702,254,61,54,173,6,3,6
717,702,254,61,54,173,6,3,5
718,702,254,61,54,173,6,3,4
719,702,254,61,54,173,6,3,4
720,702,254,62,53,173,6,3,4
721,702,254,62,53,173,6,3,5
722,702,254,62,53,173,6,3,6
723,702,254,62,53,173,6,3,8
724,702,254,62,53,173,6,3,7
725,702,254,62,53,173,6,3,6
726,702,254,62,53,173,6,3,6
727,702,254,62,54,173,6,3,8
728,702,255,61,54,173,6,3,11
729,702,255,61,54,173,6,3,12
730,702,255,61,54,173,6,3,14
731,702,255,61,54,173,6,3,16
732,702,255,62,54,173,6,3,14
733,702,255,62,54,173,6,3,10
734,702,255,62,54,173,6,3,9
735,702,255,62,54,173,6,3,13
736,702,255,61,53,173,6,3,18
737,702,255,61,52,173,6,3,20
738,702,255,61,52,173,6,3,21
739,702,255,61,52,173,6,3,21
740,702,255,61,52,173,6,3,17
741,702,255,61,52,173,6,3,14
742,702,255,61,53,173,6,3,10
743,702,255,61,53,173,6,3,9
744,702,255,61,51,173,6,3,7
745,702,255,61,51,173,6,3,6
746,702,255,61,51,173,6,3,8
747,702,255,61,51,173,6,3,11
748,702,255,61,51,173,6,3,10
749,702,255,61,51,173,6,3,7
750,702,255,61,51,173,6,3,10
751,702,255,61,51,173,6,3,11
752,702,256,66,54,173,6,3,12
753,702,255,62,51,173,6,3,8
754,702,255,62,52,173,6,3,11
755,702,255,62,52,173,6,3,16
756,702,254,61,56,173,6,3,28
757,702,255,59,34,173,6,3,37
758,702,255,59,34,173,6,3,46
759,702,255,59,34,173,6,3,49
760,703,255,58,30,173,6,3,52
761,703,255,58,30,173,6,3,57
762,703,255,58,29,173,6,3,62
763,703,255,58,28,173,6,3,68
764,703,255,58,29,173,6,3,55
765,703,255,57,29,173,6,3,40
766,703,255,58,30,173,6,3,25
767,703,255,57,29,173,6,3,21
769,703,255,58,27,173,6,3,25
770,703,255,58,27,173,6,3,21
771,703,255,58,27,173,6,3,20
774,703,255,57,29,173,6,3,13
775,703,255,57,29,173,6,3,23
776,703,255,58,31,173,6,3,34
777,703,255,58,32,173,6,3,38
778,703,255,58,33,173,6,3,31
779,703,255,58,29,173,6,3,20
780,703,255,57,29,173,6,3,15
781,703,255,57,30,173,6,3,13
782,703,255,57,30,173,6,3,17
783,703,255,57,31,173,6,3,18
784,703,255,57,29,173,6,3,17
785,703,255,58,30,173,6,3,10
786,703,255,57,30,173,6,3,7
787,703,255,57,30,173,6,3,5
633,705,298,67,48,174,6,0,39
634,707,298,64,41,174,6,0,39
637,709,299,60,36,174,6,0,60
638,705,299,65,58,174,6,0,82
639,706,299,64,60,174,6,0,105
640,703,298,66,60,174,6,0,104
641,703,299,67,59,174,6,0,105
642,703,298,67,60,174,6,0,83
643,703,298,67,60,174,6,0,60
644,703,298,67,61,174,6,0,29
645,703,298,67,61,174,6,0,18
646,703,298,67,61,174,6,0,11
647,703,298,67,61,174,6,0,7
648,703,299,67,60,174,6,0,4
649,703,299,67,60,174,6,0,2
650,703,299,66,59,174,6,0,1
651,703,299,66,59,174,6,0,0
652,703,299,66,60,174,6,0,0
653,704,299,67,59,174,6,0,0
654,704,299,67,60,174,6,0,13
655,705,301,67,58,174,6,0,33
656,707,299,61,47,174,6,0,58
657,708,299,60,41,174,6,0,78
658,708,299,60,39,174,6,0,93
659,708,299,59,34,174,6,0,105
660,708,299,59,35,174,6,0,101
661,709,299,59,36,174,6,0,82
662,708,299,59,34,174,6,0,55
663,706,299,62,37,174,6,0,34
664,706,299,63,37,174,6,0,24
665,707,299,62,36,174,6,0,19
666,707,299,62,38,174,6,0,25
667,708,298,61,27,174,6,0,42
668,709,298,61,26,174,6,0,53
669,709,298,60,27,174,6,0,72
670,711,298,59,29,174,6,0,80
671,714,298,57,26,174,6,0,76
672,715,298,57,25,174,6,0,54
685,715,298,54,24,174,6,0,26
686,714,298,56,26,174,6,0,16
687,711,298,57,27,174,6,0,21
688,708,299,61,41,174,6,0,32
689,705,301,67,59,174,6,0,58
690,704,300,67,60,174,6,0,87
691,704,299,67,60,174,6,0,120
692,703,298,68,61,174,6,0,109
693,704,298,67,61,174,6,0,79
694,703,299,67,61,174,6,0,39
695,703,298,68,61,174,6,0,25
696,703,298,68,61,174,6,0,14
697,703,298,67,60,174,6,0,9
698,703,298,67,60,174,6,0,6
699,702,298,67,60,174,6,0,4
700,702,298,67,60,174,6,0,3
701,703,298,67,61,174,6,0,2
702,702,298,67,61,174,6,0,1
703,702,298,67,61,174,6,0,1
704,703,298,67,61,174,6,0,1
705,703,298,67,61,174,6,0,0
706,703,298,67,61,174,6,0,0
707,702,298,67,61,174,6,0,0
708,703,298,67,61,174,6,0,0
709,703,298,67,61,174,6,0,0
710,703,298,67,60,174,6,0,0
711,703,298,67,60,174,6,0,0
712,702,298,67,61,174,6,0,0
713,702,298,67,61,174,6,0,0
714,703,298,67,61,174,6,0,0
715,702,298,67,61,174,6,0,0
716,702,298,67,61,174,6,0,0
717,702,298,67,61,174,6,0,0
718,702,298,67,61,174,6,0,0
719,703,298,67,61,174,6,0,0
720,703,298,67,60,174,6,0,0
721,703,298,67,60,174,6,0,0
722,703,298,67,60,174,6,0,0
723,703,298,67,61,174,6,0,0
724,703,298,67,61,174,6,0,0
725,703,298,67,60,174,6,0,0
726,703,298,67,61,174,6,0,1
727,703,298,67,61,174,6,0,1
728,703,298,68,61,174,6,0,0
729,703,298,68,61,174,6,0,0
730,703,298,68,61,174,6,0,0
731,703,298,67,61,174,6,0,1
732,703,298,68,61,174,6,0,1
733,703,298,68,61,174,6,0,1
734,703,298,68,61,174,6,0,0
735,703,298,68,61,174,6,0,0
736,702,298,68,61,174,6,0,0
737,702,298,68,61,174,6,0,0
738,703,298,68,61,174,6,0,1
739,702,298,68,61,174,6,0,1
740,702,298,68,61,174,6,0,1
741,702,298,68,61,174,6,0,1
742,703,298,67,61,174,6,0,0
743,702,298,67,61,174,6,0,0
744,703,298,67,60,174,6,0,0
745,703,298,67,60,174,6,0,0
746,703,298,67,60,174,6,0,0
747,703,298,67,61,174,6,0,0
748,703,298,67,61,174,6,0,0
749,703,298,67,61,174,6,0,0
750,703,298,67,61,174,6,0,0
751,703,298,67,60,174,6,0,0
752,703,298,67,61,174,6,0,0
753,703,298,67,61,174,6,0,0
754,703,298,67,60,174,6,0,0
755,703,298,67,60,174,6,0,1
756,703,298,67,60,174,6,0,1
757,703,298,67,60,174,6,0,1
758,703,298,67,60,174,6,0,1
759,703,298,67,60,174,6,0,1
760,703,298,67,60,174,6,0,2
761,703,299,67,60,174,6,0,3
762,703,299,67,60,174,6,0,4
763,703,299,67,60,174,6,0,4
764,703,299,67,60,174,6,0,4
765,703,299,67,60,174,6,0,4
766,703,299,67,60,174,6,0,4
767,703,298,67,60,174,6,0,4
768,703,298,68,60,174,6,0,5
769,703,298,68,60,174,6,0,5
770,703,298,68,60,174,6,0,5
771,703,298,68,60,174,6,0,4
772,703,298,68,60,174,6,0,3
773,703,298,68,60,174,6,0,1
774,703,298,68,60,174,6,0,2
775,703,298,68,60,174,6,0,1
776,703,299,68,60,174,6,0,1
777,703,298,68,60,174,6,0,0
778,703,298,68,60,174,6,0,0
779,703,298,68,60,174,6,0,0
780,703,298,68,60,174,6,0,0
781,703,298,68,60,174,6,0,0
782,702,298,68,60,174,6,0,0
783,703,298,68,60,174,6,0,0
784,703,298,68,60,174,6,0,0
785,703,298,68,60,174,6,0,0
786,703,298,68,61,174,6,0,0
787,703,298,68,61,174,6,0,1
788,703,298,68,61,174,6,0,1
789,703,298,68,61,174,6,0,1
790,703,298,68,61,174,6,0,1
791,703,298,68,61,174,6,0,0
792,703,298,67,61,174,6,0,0
793,703,298,67,61,174,6,0,0
794,703,298,67,61,174,6,0,0
795,703,298,67,61,174,6,0,0
796,703,298,67,61,174,6,0,0
797,703,298,67,61,174,6,0,0
798,703,298,67,61,174,6,0,0
799,703,298,67,61,174,6,0,0
800,703,298,67,61,174,6,0,1
801,703,298,67,61,174,6,0,1
802,703,298,67,61,174,6,0,1
803,703,298,67,61,174,6,0,0
804,703,298,67,61,174,6,0,0
805,703,298,67,61,174,6,0,0
806,703,298,67,61,174,6,0,0
807,703,298,67,61,174,6,0,1
808,703,298,67,61,174,6,0,1
809,703,298,67,61,174,6,0,1
810,703,298,67,61,174,6,0,0
811,703,298,67,61,174,6,0,0
812,703,298,67,61,174,6,0,0
813,703,298,67,61,174,6,0,0
814,703,298,67,61,174,6,0,0
815,703,298,67,61,174,6,0,0
816,703,298,67,61,174,6,0,0
817,702,298,68,61,174,6,0,0
818,703,298,68,61,174,6,0,0
819,703,298,68,61,174,6,0,0
820,703,298,68,61,174,6,0,0
821,702,298,68,61,174,6,0,0
822,702,298,68,61,174,6,0,0
823,702,298,68,61,174,6,0,0
824,703,298,68,60,174,6,0,0
825,703,298,68,60,174,6,0,0
826,703,298,68,60,174,6,0,0
827,703,298,68,61,174,6,0,1
828,703,298,68,60,174,6,0,1
829,703,298,68,60,174,6,0,1
830,703,298,68,60,174,6,0,0
831,703,298,68,60,174,6,0,0
832,703,298,68,60,174,6,0,0
833,703,298,68,61,174,6,0,0
834,703,298,68,61,174,6,0,1
835,703,298,68,61,174,6,0,1
836,703,298,68,61,174,6,0,1
837,703,298,68,61,174,6,0,1
838,703,298,68,61,174,6,0,0
839,703,298,68,61,174,6,0,0
840,702,298,67,61,174,6,0,0
841,702,298,67,61,174,6,0,0
842,702,298,68,61,174,6,0,0
843,702,298,67,61,174,6,0,0
844,702,298,68,61,174,6,0,0
845,703,298,68,61,174,6,0,0
846,703,298,68,61,174,6,0,0
847,703,298,68,61,174,6,0,0
848,702,298,67,60,174,6,0,0
849,702,298,67,61,174,6,0,0
850,702,298,67,61,174,6,0,0
851,702,298,68,61,174,6,0,0
852,702,298,68,61,174,6,0,0
853,702,298,68,61,174,6,0,0
854,702,298,68,61,174,6,0,0
855,702,298,68,61,174,6,0,0
856,703,298,68,60,174,6,0,0
857,703,298,68,60,174,6,0,0
858,703,298,69,60,174,6,0,0
859,702,298,69,60,174,6,0,0
860,702,298,69,60,174,6,0,0
861,702,298,69,60,174,6,0,0
862,702,298,69,61,174,6,0,0
863,702,298,69,61,174,6,0,1
864,703,298,67,61,174,6,0,1
865,703,298,67,61,174,6,0,1
866,703,298,67,61,174,6,0,1
867,703,298,67,61,174,6,0,1
868,703,298,67,61,174,6,0,0
869,703,298,67,61,174,6,0,0
870,703,298,67,61,174,6,0,0
871,703,298,67,61,174,6,0,0
872,703,299,67,60,174,6,0,1
873,703,299,67,60,174,6,0,1
874,703,299,67,60,174,6,0,1
875,703,299,67,60,174,6,0,1
876,703,298,67,61,174,6,0,1
877,703,298,67,61,174,6,0,1
878,703,298,67,61,174,6,0,2
879,703,298,67,61,174,6,0,2
880,702,298,68,61,174,6,0,2
881,702,298,68,61,174,6,0,1
882,702,298,68,61,174,6,0,0
883,702,298,68,61,174,6,0,0
884,702,298,68,61,174,6,0,0
885,702,298,68,61,174,6,0,0
886,702,298,68,61,174,6,0,0
887,702,298,68,61,174,6,0,0
888,703,299,67,60,174,6,0,1
889,703,299,67,60,174,6,0,1
890,703,299,67,60,174,6,0,1
891,703,299,67,60,174,6,0,1
892,703,299,67,60,174,6,0,1
893,703,299,67,60,174,6,0,0
894,703,299,67,60,174,6,0,0
895,703,299,67,60,174,6,0,0
896,703,298,67,61,174,6,0,1
897,703,298,67,61,174,6,0,1
898,703,298,67,61,174,6,0,1
899,703,298,67,61,174,6,0,1
900,703,298,68,61,174,6,0,1
901,703,298,68,61,174,6,0,1
902,703,298,68,61,174,6,0,0
903,703,298,68,61,174,6,0,0
904,703,298,68,61,174,6,0,0
905,703,298,68,61,174,6,0,0
906,703,298,68,61,174,6,0,0
907,703,298,68,61,174,6,0,0
908,703,298,68,61,174,6,0,0
909,703,298,68,61,174,6,0,0
910,703,298,68,61,174,6,0,0
911,703,298,68,61,174,6,0,0
912,703,298,67,60,174,6,0,0
913,703,298,67,60,174,6,0,0
914,703,298,67,60,174,6,0,0
915,703,298,67,60,174,6,0,0
916,703,298,67,60,174,6,0,0
917,703,298,67,60,174,6,0,0
918,703,298,68,60,174,6,0,0
919,703,298,68,60,174,6,0,1
920,703,299,67,60,174,6,0,2
921,703,299,67,60,174,6,0,2
922,703,299,67,60,174,6,0,2
923,703,299,67,60,174,6,0,2
924,703,299,67,60,174,6,0,2
925,703,299,67,60,174,6,0,2
926,703,298,67,60,174,6,0,1
927,703,299,67,60,174,6,0,0
928,703,299,68,60,174,6,0,0
929,703,299,68,60,174,6,0,0
930,703,298,70,61,174,6,0,0
931,703,298,70,61,174,6,0,0
932,703,298,70,61,174,6,0,0
933,703,298,70,61,174,6,0,0
934,703,298,70,61,174,6,0,0
935,703,299,68,60,174,6,0,0
936,703,298,67,61,174,6,0,0
937,703,298,67,61,174,6,0,0
938,703,298,67,61,174,6,0,0
939,703,298,67,61,174,6,0,1
940,703,298,67,60,174,6,0,1
941,703,298,67,60,174,6,0,0
942,703,298,67,61,174,6,0,0
943,703,298,67,61,174,6,0,0
944,703,298,68,60,174,6,0,0
945,703,298,68,60,174,6,0,0
946,703,298,68,60,174,6,0,0
947,703,298,68,60,174,6,0,0
948,703,298,67,61,174,6,0,0
949,703,298,67,61,174,6,0,0
950,703,298,67,61,174,6,0,0
951,703,298,67,61,174,6,0,0
952,703,298,67,61,174,6,0,0
953,703,298,67,61,174,6,0,0
954,703,298,67,61,174,6,0,0
955,703,298,68,61,174,6,0,0
956,703,298,67,61,174,6,0,0
957,703,298,68,60,174,6,0,0
958,703,298,68,60,174,6,0,0
959,703,298,68,60,174,6,0,1
960,703,299,68,60,174,6,0,2
961,702,299,68,60,174,6,0,3
962,702,299,68,60,174,6,0,3
963,703,299,67,60,174,6,0,3
964,703,299,67,61,174,6,0,2
965,703,299,67,60,174,6,0,1
966,703,299,67,61,174,6,0,0
967,703,299,67,61,174,6,0,1
968,702,299,67,60,174,6,0,1
969,702,299,68,60,174,6,0,2
970,702,299,68,60,174,6,0,2
971,702,299,68,60,174,6,0,2
972,702,299,67,60,174,6,0,2
973,702,299,67,60,174,6,0,2
974,702,299,67,60,174,6,0,1
975,702,299,67,60,174,6,0,0
976,702,299,67,60,174,6,0,0
977,703,299,67,60,174,6,0,0
978,703,299,67,60,174,6,0,0
979,703,299,67,60,174,6,0,1
980,703,299,67,60,174,6,0,1
981,703,299,67,60,174,6,0,0
982,703,299,67,60,174,6,0,0
983,703,299,67,60,174,6,0,0
984,703,298,67,61,174,6,0,0
985,703,298,67,61,174,6,0,0
986,703,298,67,61,174,6,0,0
987,703,298,67,61,174,6,0,0
988,703,298,67,61,174,6,0,0
989,703,298,67,61,174,6,0,0
990,703,298,67,61,174,6,0,0
991,703,298,67,61,174,6,0,0
992,703,299,67,60,174,6,0,0
993,703,299,67,60,174,6,0,0
994,703,299,67,60,174,6,0,0
995,703,299,68,60,174,6,0,0
996,703,299,67,60,174,6,0,0
997,703,299,67,60,174,6,0,0
998,703,299,67,60,174,6,0,0
999,703,299,67,60,174,6,0,0
1000,703,299,67,60,174,6,0,0
1001,703,299,67,60,174,6,0,0
1002,703,299,67,60,174,6,0,0
1003,703,299,67,60,174,6,0,0
1004,703,299,67,60,174,6,0,0
1005,703,299,67,60,174,6,0,0
1006,703,299,67,60,174,6,0,0
1007,703,299,67,60,174,6,0,0
1008,703,298,68,61,174,6,0,0
1009,703,298,68,61,174,6,0,0
1010,703,298,68,61,174,6,0,0
1011,703,298,68,61,174,6,0,0
1012,703,298,68,61,174,6,0,0
1013,703,298,68,61,174,6,0,0
1014,703,298,68,61,174,6,0,0
1015,703,298,68,61,174,6,0,0
1016,703,299,67,60,174,6,0,1
1017,703,298,67,61,174,6,0,0
1018,703,299,67,61,174,6,0,0
1019,702,298,67,61,174,6,0,0
1020,703,298,67,60,174,6,0,0
1021,703,298,67,60,174,6,0,0
1022,703,298,67,60,174,6,0,1
1023,703,298,67,60,174,6,0,1
1024,703,298,69,61,174,6,0,1
1025,703,298,70,61,174,6,0,0
1026,703,298,69,61,174,6,0,0
1027,703,298,70,61,174,6,0,0
1028,703,298,70,61,174,6,0,0
1029,703,299,68,60,174,6,0,0
1030,703,299,68,60,174,6,0,0
1031,703,299,68,60,174,6,0,0
1032,703,299,68,60,174,6,0,0
1033,703,299,68,60,174,6,0,0
1034,703,299,68,60,174,6,0,0
1035,703,299,68,60,174,6,0,0
1036,703,299,68,60,174,6,0,0
1037,703,299,68,60,174,6,0,0
1038,703,299,68,60,174,6,0,0
1039,703,299,68,60,174,6,0,0
1040,703,298,68,60,174,6,0,1
1041,703,298,68,60,174,6,0,1
1042,703,298,68,60,174,6,0,1
1043,703,298,67,60,174,6,0,1
1044,703,298,67,61,174,6,0,1
1045,703,298,68,61,174,6,0,0
1046,703,298,68,61,174,6,0,0
1047,703,298,68,61,174,6,0,0
1048,703,298,67,60,174,6,0,1
1049,703,299,67,60,174,6,0,2
1050,703,299,67,60,174,6,0,3
1051,703,299,67,60,174,6,0,3
1052,703,299,67,60,174,6,0,3
1053,703,299,67,60,174,6,0,3
1054,703,299,67,60,174,6,0,3
1055,703,298,67,60,174,6,0,3
1056,703,298,67,61,174,6,0,3
1057,703,298,67,61,174,6,0,2
1058,703,298,67,61,174,6,0,2
1059,703,298,67,61,174,6,0,2
1060,703,298,67,61,174,6,0,1
1061,703,298,67,61,174,6,0,0
1062,703,298,67,61,174,6,0,0
1063,703,298,67,61,174,6,0,0
1064,703,298,67,61,174,6,0,0
1065,703,298,67,61,174,6,0,0
1066,703,298,67,61,174,6,0,0
1067,703,298,67,61,174,6,0,0
1068,703,298,68,61,174,6,0,0
1069,703,298,68,61,174,6,0,0
1070,703,298,68,61,174,6,0,0
1071,703,298,68,61,174,6,0,0
1072,703,299,68,60,174,6,0,1
1073,703,299,67,60,174,6,0,1
1074,703,299,67,60,174,6,0,1
1075,703,299,67,60,174,6,0,1
1076,703,299,67,60,174,6,0,1
1077,703,299,68,60,174,6,0,0
1078,703,299,68,60,174,6,0,0
1079,703,299,68,60,174,6,0,0
1080,702,299,67,60,174,6,0,0
1081,703,299,67,60,174,6,0,0
1082,703,299,67,60,174,6,0,0
1083,703,299,67,60,174,6,0,0
1084,703,299,67,60,174,6,0,0
1085,702,299,67,60,174,6,0,0
1086,702,299,67,60,174,6,0,0
1087,702,299,67,60,174,6,0,0
1088,703,299,68,60,174,6,0,0
1089,703,299,67,60,174,6,0,0
1090,703,299,68,60,174,6,0,0
1091,703,299,68,60,174,6,0,0
1092,703,299,68,60,174,6,0,0
1093,703,299,68,60,174,6,0,0
1094,703,299,68,60,174,6,0,0
1095,703,299,68,60,174,6,0,0
1096,703,299,67,60,174,6,0,1
1097,703,299,67,60,174,6,0,1
1098,703,299,67,60,174,6,0,1
1099,703,299,67,60,174,6,0,1
1100,703,299,67,60,174,6,0,1
1101,703,299,67,60,174,6,0,0
1102,703,299,67,60,174,6,0,0
1103,703,299,67,60,174,6,0,0
1104,703,298,69,61,174,6,0,1
1105,703,298,69,61,174,6,0,1
1106,703,298,69,61,174,6,0,1
1107,703,298,69,61,174,6,0,1
1108,703,298,69,61,174,6,0,1
1109,703,298,69,61,174,6,0,0
1110,703,298,70,61,174,6,0,0
1111,703,298,70,61,174,6,0,1
1112,703,298,68,61,174,6,0,1
1113,703,298,68,61,174,6,0,1
1114,702,298,68,61,174,6,0,1
1115,703,298,68,61,174,6,0,1
1116,703,298,68,61,174,6,0,1
1117,703,298,68,61,174,6,0,1
1118,703,298,68,61,174,6,0,1
1119,703,298,68,61,174,6,0,0
1120,703,298,68,61,174,6,0,0
1121,703,298,68,61,174,6,0,0
1122,703,298,68,61,174,6,0,1
1123,703,298,68,61,174,6,0,2
1124,703,298,68,61,174,6,0,2
1125,703,298,68,61,174,6,0,1
1126,703,298,68,61,174,6,0,0
1127,703,298,68,61,174,6,0,0
1128,703,298,68,61,174,6,0,0
1129,703,298,68,61,174,6,0,0
1130,703,298,68,61,174,6,0,0
1131,703,298,69,61,174,6,0,0
1132,703,298,68,61,174,6,0,0
1133,703,298,68,61,174,6,0,0
1134,703,298,68,61,174,6,0,0
1135,703,298,68,61,174,6,0,1
1136,703,298,68,60,174,6,0,1
1137,703,298,68,60,174,6,0,1
1138,703,298,68,60,174,6,0,1
1139,703,298,68,60,174,6,0,1
1140,703,298,67,60,174,6,0,1
1141,703,298,67,60,174,6,0,0
1142,703,298,67,60,174,6,0,0
1143,703,298,68,60,174,6,0,0
1144,703,298,68,60,174,6,0,0
1145,703,298,68,60,174,6,0,0
1146,703,298,68,60,174,6,0,0
1147,703,298,68,60,174,6,0,0
1148,703,298,68,60,174,6,0,0
1149,703,298,68,60,174,6,0,0
1150,703,298,68,60,174,6,0,0
1151,703,298,68,60,174,6,0,0
1152,703,298,68,60,174,6,0,0
1153,703,298,68,60,174,6,0,0
1154,703,298,68,60,174,6,0,0
1155,703,298,68,60,174,6,0,0
1156,703,298,68,60,174,6,0,0
1157,703,298,68,60,174,6,0,0
1158,703,298,68,60,174,6,0,0
1159,703,298,68,60,174,6,0,0
1160,703,298,68,61,174,6,0,0
1161,702,298,68,61,174,6,0,0
1162,702,298,68,61,174,6,0,0
1163,702,298,68,61,174,6,0,1
1164,703,298,69,61,174,6,0,1
1165,703,298,69,61,174,6,0,0
1166,703,298,69,61,174,6,0,0
1167,703,298,69,61,174,6,0,0
1168,703,298,67,60,174,6,0,1
1169,703,298,67,60,174,6,0,1
1170,703,298,67,60,174,6,0,1
1171,703,298,68,60,174,6,0,1
1172,703,298,68,60,174,6,0,1
1173,703,298,68,60,174,6,0,0
1174,703,298,68,60,174,6,0,0
1175,703,298,68,60,174,6,0,0
1176,703,298,67,61,174,6,0,1
1177,703,298,67,61,174,6,0,1
1178,703,298,67,61,174,6,0,1
1179,703,298,67,61,174,6,0,1
1180,703,298,67,61,174,6,0,1
1181,703,298,67,61,174,6,0,0
1182,703,298,67,61,174,6,0,0
1183,703,298,67,61,174,6,0,0
1184,703,298,69,61,174,6,0,0
1185,703,298,69,61,174,6,0,0
1186,703,298,69,61,174,6,0,0
1187,703,298,69,61,174,6,0,1
1188,702,298,70,61,174,6,0,1
1189,702,298,70,61,174,6,0,0
1190,702,298,70,61,174,6,0,0
1191,702,298,70,61,174,6,0,0
1192,702,298,68,61,174,6,0,0
1193,702,298,68,61,174,6,0,0
1194,702,298,68,61,174,6,0,0
1195,702,298,68,61,174,6,0,0
1196,702,298,68,61,174,6,0,0
1197,702,298,68,61,174,6,0,0
1198,702,298,68,61,174,6,0,0
1199,702,298,68,61,174,6,0,0
1200,702,298,69,61,174,6,0,0
1201,702,298,69,61,174,6,0,0
1202,702,298,69,61,174,6,0,0
1203,702,298,69,61,174,6,0,0
1204,702,298,69,61,174,6,0,0
1205,703,298,69,61,174,6,0,0
1206,703,298,69,61,174,6,0,0
1207,703,298,69,61,174,6,0,0
1208,702,298,68,61,174,6,0,1
1209,702,298,68,61,174,6,0,1
1210,702,298,69,61,174,6,0,1
1211,702,298,69,61,174,6,0,1
1212,703,298,70,61,174,6,0,1
1213,703,298,70,61,174,6,0,0
1214,703,298,70,61,174,6,0,0
1215,703,298,69,61,174,6,0,0
1216,702,298,69,61,174,6,0,1
1217,703,298,69,61,174,6,0,1
1218,703,298,69,61,174,6,0,1
1219,703,298,69,61,174,6,0,1
1220,703,298,69,61,174,6,0,1
1221,703,298,69,61,174,6,0,0
1222,703,298,69,61,174,6,0,0
1223,703,298,68,61,174,6,0,0
1224,703,299,67,60,174,6,0,0
1225,703,299,67,60,174,6,0,0
1226,703,299,67,60,174,6,0,0
1227,703,299,67,60,174,6,0,0
1228,703,299,67,60,174,6,0,0
1229,703,299,67,60,174,6,0,0
1230,703,299,67,60,174,6,0,0
1231,703,299,67,60,174,6,0,1
1232,703,298,68,60,174,6,0,2
1233,703,298,68,60,174,6,0,2
1234,703,298,68,60,174,6,0,2
1235,703,298,68,60,174,6,0,1
1236,703,298,68,60,174,6,0,1
1237,703,298,68,60,174,6,0,1
1238,703,298,68,60,174,6,0,1
1239,703,298,68,60,174,6,0,1
1240,702,298,68,60,174,6,0,0
1241,702,298,68,60,174,6,0,0
1242,702,298,68,60,174,6,0,0
1243,702,298,68,60,174,6,0,0
1244,702,298,68,60,174,6,0,0
1245,702,298,68,60,174,6,0,0
1246,703,298,68,60,174,6,0,0
1247,703,298,68,61,174,6,0,0
1248,703,298,68,60,174,6,0,0
1249,703,298,69,60,174,6,0,0
1250,703,298,68,61,174,6,0,0
1251,703,298,68,60,174,6,0,0
1252,703,298,68,61,174,6,0,0
1253,703,298,68,60,174,6,0,0
1254,703,298,68,60,174,6,0,0
1255,703,298,68,60,174,6,0,0
1256,703,298,68,61,174,6,0,0
1257,702,298,68,61,174,6,0,0
1258,702,298,68,61,174,6,0,0
1259,702,298,68,61,174,6,0,1
1260,702,299,68,60,174,6,0,1
1261,702,299,68,60,174,6,0,1
1262,702,299,68,60,174,6,0,1
1263,702,299,68,60,174,6,0,1
1264,702,299,68,60,174,6,0,1
1265,702,299,68,60,174,6,0,0
1266,702,299,68,60,174,6,0,0
1267,702,299,68,60,174,6,0,0
1268,702,299,68,60,174,6,0,0
1269,702,299,68,60,174,6,0,0
1270,702,299,68,60,174,6,0,0
1271,702,299,68,60,174,6,0,0
1272,703,299,67,60,174,6,0,0
1273,703,299,67,60,174,6,0,0
1274,703,299,67,60,174,6,0,0
1275,703,299,67,60,174,6,0,0
1276,703,299,67,60,174,6,0,0
1277,703,299,67,60,174,6,0,0
1278,703,299,67,60,174,6,0,0
1279,703,299,67,60,174,6,0,0
1280,703,299,67,60,174,6,0,0
1281,703,299,67,60,174,6,0,0
1282,703,299,67,60,174,6,0,0
1283,703,299,67,60,174,6,0,0
1284,703,299,67,60,174,6,0,0
1285,703,299,67,60,174,6,0,0
1286,703,299,67,60,174,6,0,0
1287,703,299,67,60,174,6,0,0
1288,702,299,67,60,174,6,0,0
1289,702,299,67,60,174,6,0,0
1290,702,299,67,60,174,6,0,0
1291,702,299,67,60,174,6,0,0
1292,702,299,67,60,174,6,0,0
1293,702,299,67,60,174,6,0,0
1294,702,299,68,60,174,6,0,0
1295,702,299,68,60,174,6,0,0
1296,702,299,67,60,174,6,0,0
1297,702,299,67,60,174,6,0,0
1298,702,299,67,60,174,6,0,0
1299,702,299,67,60,174,6,0,0
1300,702,299,67,60,174,6,0,0
1301,702,299,67,60,174,6,0,0
1302,702,299,67,60,174,6,0,0
1303,702,299,67,60,174,6,0,0
1304,703,299,67,60,174,6,0,0
1305,703,299,67,60,174,6,0,0
1306,703,299,67,60,174,6,0,0
1307,703,299,67,60,174,6,0,0
1308,703,299,67,60,174,6,0,0
1309,703,299,67,60,174,6,0,0
1310,703,299,67,60,174,6,0,0
1311,703,299,67,60,174,6,0,1
1312,703,299,68,60,174,6,0,1
1313,703,299,68,60,174,6,0,1
1314,702,299,68,60,174,6,0,1
1315,702,299,68,60,174,6,0,1
1316,702,299,68,60,174,6,0,1
1317,702,299,68,60,174,6,0,0
1318,702,299,68,60,174,6,0,0
1319,702,299,68,60,174,6,0,0
1320,703,299,67,60,174,6,0,1
1321,703,299,67,60,174,6,0,1
1322,703,299,67,60,174,6,0,1
1323,703,299,67,60,174,6,0,1
1324,703,299,67,60,174,6,0,1
1325,703,299,67,60,174,6,0,0
1326,703,299,67,60,174,6,0,0
1327,703,299,67,60,174,6,0,0
1328,703,299,69,60,174,6,0,0
1329,703,299,69,60,174,6,0,0
1330,703,299,69,60,174,6,0,0
1331,703,299,69,60,174,6,0,0
1332,703,299,68,60,174,6,0,0
1333,703,299,69,60,174,6,0,0
1334,702,299,69,60,174,6,0,1
1335,702,299,69,60,174,6,0,1
1336,703,299,68,59,174,6,0,1
1337,703,299,68,60,174,6,0,1
1338,703,299,68,60,174,6,0,0
1339,703,299,68,60,174,6,0,0
1340,703,299,68,60,174,6,0,0
1341,703,299,68,60,174,6,0,0
1342,703,299,68,60,174,6,0,0
1343,703,299,68,60,174,6,0,0
1344,702,299,67,60,174,6,0,0
1345,702,299,67,60,174,6,0,0
1346,702,299,67,59,174,6,0,0
1347,702,299,67,59,174,6,0,0
1348,702,299,67,60,174,6,0,0
1349,702,299,67,60,174,6,0,0
1350,702,299,67,60,174,6,0,0
1351,702,299,67,60,174,6,0,1
1352,702,299,68,60,174,6,0,2
1353,702,299,68,60,174,6,0,2
1354,702,299,68,60,174,6,0,2
1355,702,299,68,60,174,6,0,2
1356,703,299,68,60,174,6,0,2
1357,702,299,68,60,174,6,0,1
1358,703,299,68,60,174,6,0,0
1359,703,299,68,60,174,6,0,0
1360,702,299,70,60,174,6,0,0
1361,702,299,70,60,174,6,0,0
1362,702,299,70,60,174,6,0,0
1363,702,299,70,60,174,6,0,0
1364,702,299,70,60,174,6,0,0
1365,702,299,70,60,174,6,0,0
1366,702,299,70,60,174,6,0,0
1367,702,299,70,60,174,6,0,0
1368,703,299,68,59,174,6,0,1
1369,703,299,68,59,174,6,0,1
1370,703,299,68,59,174,6,0,1
1371,702,299,68,60,174,6,0,1
1372,702,299,68,60,174,6,0,1
1373,702,299,68,60,174,6,0,0
1374,703,299,68,59,174,6,0,0
1375,703,299,68,59,174,6,0,1
1376,703,299,68,59,174,6,0,2
1377,703,299,68,59,174,6,0,2
1378,703,299,68,59,174,6,0,2
1379,703,299,68,59,174,6,0,1
1380,703,299,70,59,174,6,0,1
1381,703,299,70,59,174,6,0,1
1382,703,300,68,59,174,6,0,1
1383,703,299,70,59,174,6,0,1
1384,703,299,70,60,174,6,0,2
1385,703,299,70,60,174,6,0,2
1386,703,299,70,60,174,6,0,1
1387,703,299,70,60,174,6,0,1
1388,703,299,70,60,174,6,0,1
1389,703,299,70,60,174,6,0,1
1390,703,299,70,60,174,6,0,1
1391,703,299,71,60,174,6,0,2
1392,703,299,70,61,174,6,0,3
1393,703,299,70,61,174,6,0,3
1394,703,299,70,61,174,6,0,3
1395,703,299,70,61,174,6,0,3
1396,703,299,70,61,174,6,0,2
1397,703,299,70,61,174,6,0,1
1398,703,299,70,61,174,6,0,1
1399,703,299,69,61,174,6,0,1
1400,703,299,72,60,174,6,0,1
1401,703,299,72,60,174,6,0,1
1402,703,299,72,60,174,6,0,1
1403,703,299,72,60,174,6,0,1
1404,703,299,71,60,174,6,0,1
1405,703,299,71,60,174,6,0,0
1406,703,299,71,60,174,6,0,0
1407,703,299,71,60,174,6,0,0
1408,703,299,71,60,174,6,0,0
1409,703,299,71,60,174,6,0,0
1410,703,299,71,60,174,6,0,0
1411,703,299,71,60,174,6,0,0
1412,703,299,71,60,174,6,0,0
1413,703,299,71,60,174,6,0,0
1414,703,299,71,60,174,6,0,0
1415,703,299,71,60,174,6,0,0
1416,703,298,68,61,174,6,0,0
1417,703,298,68,61,174,6,0,0
1418,703,298,68,61,174,6,0,0
1419,703,298,68,61,174,6,0,0
1420,703,298,68,61,174,6,0,0
1421,703,298,68,61,174,6,0,0
1422,703,298,68,60,174,6,0,0
1423,703,298,68,60,174,6,0,0
1424,703,299,69,60,174,6,0,0
1425,703,299,69,60,174,6,0,0
1426,703,299,69,60,174,6,0,0
1427,703,299,69,59,174,6,0,0
1428,703,299,69,60,174,6,0,0
1429,703,299,69,60,174,6,0,0
1430,703,299,69,60,174,6,0,0
1431,703,299,69,60,174,6,0,0
1432,703,298,71,61,174,6,0,1
1433,703,298,71,61,174,6,0,1
1434,703,298,71,61,174,6,0,1
1435,703,298,71,61,174,6,0,1
1436,703,298,71,61,174,6,0,1
1437,703,299,70,60,174,6,0,0
1438,702,299,70,60,174,6,0,1
1439,702,299,70,60,174,6,0,1
1440,703,298,68,60,174,6,0,2
1441,703,298,68,60,174,6,0,2
1442,703,298,68,60,174,6,0,2
1443,703,298,68,60,174,6,0,2
1444,703,298,68,60,174,6,0,2
1445,703,298,68,60,174,6,0,1
1446,703,298,69,60,174,6,0,1
1447,703,298,69,60,174,6,0,1
1448,703,299,69,60,174,6,0,1
1449,703,299,69,60,174,6,0,1
1450,703,299,69,60,174,6,0,1
1451,703,299,69,60,174,6,0,2
1452,703,299,68,60,174,6,0,1
1453,703,299,68,60,174,6,0,1
1454,703,299,68,60,174,6,0,0
1455,703,299,68,60,174,6,0,0
1456,703,299,69,60,174,6,0,0
1457,703,299,69,60,174,6,0,0
1458,703,299,69,60,174,6,0,0
1459,703,299,68,60,174,6,0,0
1460,703,299,68,60,174,6,0,0
1461,703,299,68,60,174,6,0,0
1462,703,299,68,60,174,6,0,0
1463,703,299,68,60,174,6,0,0
1464,703,298,68,61,174,6,0,1
1465,703,298,68,61,174,6,0,1
1466,703,298,68,61,174,6,0,1
1467,703,298,68,61,174,6,0,1
1468,703,298,68,61,174,6,0,0
1469,703,298,67,61,174,6,0,0
1470,703,298,67,61,174,6,0,0
1471,703,298,67,61,174,6,0,0
1472,703,298,70,61,174,6,0,0
1473,703,298,69,61,174,6,0,0
1474,703,298,70,61,174,6,0,0
1475,703,298,70,61,174,6,0,0
1476,703,298,69,61,174,6,0,0
1477,703,298,70,61,174,6,0,0
1478,703,298,70,61,174,6,0,0
1479,703,298,69,61,174,6,0,0
1480,703,298,69,61,174,6,0,0
1481,703,298,69,61,174,6,0,0
1482,703,298,69,61,174,6,0,0
1483,703,298,70,61,174,6,0,0
1484,703,298,70,61,174,6,0,0
1485,703,298,69,61,174,6,0,0
1486,703,298,69,61,174,6,0,0
1487,703,298,69,61,174,6,0,0
1488,703,298,68,61,174,6,0,0
1489,703,298,68,61,174,6,0,0
1490,703,298,68,61,174,6,0,0
1491,703,298,68,61,174,6,0,0
1492,703,298,68,61,174,6,0,0
1493,703,298,68,61,174,6,0,0
1494,703,298,68,61,174,6,0,0
1495,703,298,68,61,174,6,0,0
1496,703,298,69,61,174,6,0,0
1497,703,298,69,61,174,6,0,0
1498,703,298,69,61,174,6,0,0
1499,703,298,69,61,174,6,0,0
1500,703,298,69,60,174,6,0,1
1501,703,298,69,60,174,6,0,1
1502,703,298,69,60,174,6,0,1
1503,703,298,69,60,174,6,0,0
1504,703,298,70,61,174,6,0,0
1505,703,298,70,61,174,6,0,0
1506,703,298,70,61,174,6,0,1
1507,703,298,70,61,174,6,0,1
1508,703,298,70,61,174,6,0,1
1509,703,298,70,61,174,6,0,0
1510,703,298,70,61,174,6,0,0
1511,703,298,70,61,174,6,0,0
1512,703,298,71,60,174,6,0,0
1513,703,298,71,60,174,6,0,0
1514,703,298,71,60,174,6,0,1
1515,703,298,71,61,174,6,0,1
1516,703,298,71,60,174,6,0,1
1517,703,298,71,61,174,6,0,1
1518,703,298,71,61,174,6,0,0
1519,703,298,71,61,174,6,0,0
1520,703,298,68,61,174,6,0,0
1521,703,298,68,61,174,6,0,0
1522,703,298,68,61,174,6,0,0
1523,703,298,68,61,174,6,0,0
1524,703,298,68,60,174,6,0,0
1525,703,298,68,61,174,6,0,0
1526,703,298,68,61,174,6,0,0
1527,703,298,68,60,174,6,0,1
1528,703,298,69,60,174,6,0,1
1529,703,298,69,60,174,6,0,1
1530,703,298,69,60,174,6,0,1
1531,703,298,69,60,174,6,0,1
1532,703,298,69,60,174,6,0,1
1533,703,298,69,60,174,6,0,1
1534,703,298,69,60,174,6,0,1
1535,703,298,69,60,174,6,0,1
1536,703,298,72,61,174,6,0,1
1537,703,298,72,61,174,6,0,1
1538,703,298,72,61,174,6,0,1
1539,703,297,73,61,174,6,0,1
1540,703,297,73,62,174,6,0,1
1541,703,297,73,62,174,6,0,2
1542,703,297,73,61,174,6,0,2
1543,703,297,73,61,174,6,0,1
1544,703,298,70,61,174,6,0,0
1545,703,298,70,61,174,6,0,0
1546,703,298,70,61,174,6,0,0
1547,703,298,70,61,174,6,0,0
1548,703,298,69,61,174,6,0,0
1549,703,298,69,61,174,6,0,0
1550,703,298,69,61,174,6,0,0
1551,703,298,69,61,174,6,0,0
1552,703,299,68,60,174,6,0,0
1553,703,299,69,60,174,6,0,0
1554,703,299,69,60,174,6,0,0
1555,703,299,69,60,174,6,0,0
1556,703,299,69,60,174,6,0,0
1557,703,299,69,60,174,6,0,0
1558,703,299,69,60,174,6,0,1
1559,703,299,69,60,174,6,0,1
1560,703,298,70,60,174,6,0,2
1561,703,298,70,60,174,6,0,2
1562,703,298,70,60,174,6,0,1
1563,703,299,70,60,174,6,0,0
1564,703,299,70,60,174,6,0,1
1565,703,299,70,60,174,6,0,1
1566,703,299,70,60,174,6,0,2
1567,703,299,70,60,174,6,0,2
1568,703,299,70,60,174,6,0,2
1569,703,298,70,60,174,6,0,2
1570,703,298,70,60,174,6,0,2
1571,703,298,70,60,174,6,0,1
1572,703,299,70,60,174,6,0,0
1573,703,299,70,60,174,6,0,1
1574,702,299,70,60,174,6,0,1
1575,703,299,70,60,174,6,0,2
1576,703,298,73,61,174,6,0,1
1577,703,298,74,61,174,6,0,1
1578,703,298,74,61,174,6,0,0
1579,702,299,73,60,174,6,0,0
1580,703,298,73,61,174,6,0,0
1581,703,298,73,61,174,6,0,0
1582,703,298,73,61,174,6,0,0
1583,703,298,73,61,174,6,0,1
1584,703,298,71,61,174,6,0,1
1585,703,298,71,61,174,6,0,1
1586,703,298,70,61,174,6,0,1
1587,703,298,71,61,174,6,0,1
1588,702,298,71,61,174,6,0,1
1589,702,298,71,61,174,6,0,2
1590,702,298,68,61,174,6,0,3
1591,702,298,69,61,174,6,0,3
1592,702,298,68,60,174,6,0,4
1593,702,298,68,61,174,6,0,4
1594,702,298,68,60,174,6,0,3
1595,702,298,68,61,174,6,0,2
1596,702,298,67,61,174,6,0,1
1597,702,298,67,61,174,6,0,1
1598,702,298,68,61,174,6,0,1
1599,702,298,68,61,174,6,0,0
1600,703,298,68,61,174,6,0,0
1601,702,298,67,60,174,6,0,0
1602,702,298,68,60,174,6,0,0
1603,702,299,68,61,174,6,0,0
1604,702,299,67,60,174,6,0,1
1605,702,299,67,61,174,6,0,2
1606,702,299,67,61,174,6,0,3
1607,702,299,68,60,174,6,0,2
1608,702,298,68,61,174,6,0,1
1609,702,298,68,61,174,6,0,1
1610,702,298,68,61,174,6,0,1
1611,703,298,68,61,174,6,0,1
1612,703,297,68,61,174,6,0,1
1613,703,298,68,61,174,6,0,1
1614,703,298,68,61,174,6,0,1
1615,703,297,68,62,174,6,0,0
1616,702,298,68,61,174,6,0,0
1617,702,298,68,61,174,6,0,0
1618,702,298,68,61,174,6,0,0
1619,702,298,68,61,174,6,0,0
1620,702,298,67,61,174,6,0,0
1621,702,298,67,61,174,6,0,0
1622,702,298,67,61,174,6,0,0
1623,702,298,67,61,174,6,0,0
1624,703,299,67,60,174,6,0,1
1625,703,299,67,60,174,6,0,2
1626,703,298,67,61,174,6,0,3
1627,703,298,67,60,174,6,0,3
1628,702,298,68,60,174,6,0,2
1629,702,298,68,60,174,6,0,2
1630,702,299,68,60,174,6,0,1
1631,702,298,68,60,174,6,0,1
1632,703,298,68,60,174,6,0,1
1633,703,298,68,60,174,6,0,1
1634,702,299,67,60,174,6,0,1
1635,703,298,67,60,174,6,0,1
1636,703,298,67,60,174,6,0,1
1637,703,299,67,60,174,6,0,1
1638,703,298,67,60,174,6,0,0
1639,703,299,67,60,174,6,0,1
1640,702,299,67,60,174,6,0,2
1641,702,299,67,60,174,6,0,2
1642,702,299,67,60,174,6,0,1
1643,702,299,67,60,174,6,0,1
1644,703,299,67,60,174,6,0,1
1645,703,299,67,60,174,6,0,1
1646,703,299,67,60,174,6,0,1
1647,703,299,67,60,174,6,0,2
1648,702,299,67,60,174,6,0,1
1649,702,299,67,59,174,6,0,1
1650,702,299,67,60,174,6,0,0
1651,702,299,67,60,174,6,0,0
1652,702,299,67,60,174,6,0,0
1653,702,299,67,60,174,6,0,0
1654,702,299,67,60,174,6,0,0
1655,702,299,67,60,174,6,0,0
1656,702,299,67,59,174,6,0,0
1657,702,299,67,59,174,6,0,0
1658,702,299,67,59,174,6,0,1
1659,702,299,67,59,174,6,0,1
1660,702,299,67,59,174,6,0,1
1661,702,299,67,59,174,6,0,1
1662,702,299,67,59,174,6,0,0
1663,702,299,67,59,174,6,0,0
1664,703,299,67,59,174,6,0,0
1665,703,299,67,59,174,6,0,0
1666,702,299,67,59,174,6,0,0
1667,703,299,67,59,174,6,0,1
1668,703,299,67,60,174,6,0,1
1669,703,299,67,60,174,6,0,1
1670,703,299,67,60,174,6,0,1
1671,703,299,67,60,174,6,0,1
1672,703,299,67,60,174,6,0,1
1673,703,298,68,60,174,6,0,0
1674,702,298,68,60,174,6,0,0
1675,702,298,68,60,174,6,0,0
1676,703,298,68,60,174,6,0,0
1677,702,299,68,60,174,6,0,1
1678,702,299,68,60,174,6,0,1
1679,702,299,68,60,174,6,0,1
1680,702,299,67,59,174,6,0,0
1681,703,299,67,59,174,6,0,1
1682,703,299,67,60,174,6,0,1
1683,703,299,67,59,174,6,0,2
1684,703,299,67,59,174,6,0,2
1685,703,299,67,59,174,6,0,1
1686,703,299,67,59,174,6,0,0
1687,703,299,67,59,174,6,0,0
1688,703,299,67,60,174,6,0,0
1689,703,299,67,60,174,6,0,0
1690,703,299,67,60,174,6,0,0
1691,703,299,67,60,174,6,0,1
1692,703,299,68,60,174,6,0,1
1693,703,299,68,60,174,6,0,1
1694,703,299,68,60,174,6,0,1
1695,703,299,68,60,174,6,0,1
1696,703,298,68,60,174,6,0,1
1697,703,298,68,60,174,6,0,1
1698,703,298,68,60,174,6,0,1
1699,703,299,68,60,174,6,0,0
1700,703,299,68,60,174,6,0,0
1701,703,299,68,60,174,6,0,1
1702,703,299,68,60,174,6,0,1
1703,703,299,68,60,174,6,0,2
1704,703,298,68,60,174,6,0,2
1705,703,298,68,60,174,6,0,3
1706,703,298,68,60,174,6,0,4
1707,703,298,68,60,174,6,0,4
1708,703,298,68,60,174,6,0,3
1709,703,298,68,60,174,6,0,2
1710,703,298,68,60,174,6,0,1
1711,703,298,68,60,174,6,0,1
1712,702,298,69,61,174,6,0,2
1713,702,298,69,61,174,6,0,2
1714,703,298,69,61,174,6,0,3
1715,703,298,69,61,174,6,0,3
1716,702,298,69,61,174,6,0,3
1717,702,298,69,61,174,6,0,2
1718,702,298,69,61,174,6,0,1
1719,702,298,69,61,174,6,0,0
1720,703,298,69,61,174,6,0,0
1721,703,298,69,61,174,6,0,1
1722,703,298,69,60,174,6,0,1
1723,703,298,69,61,174,6,0,1
1724,703,298,69,61,174,6,0,0
1725,703,298,69,61,174,6,0,0
1726,702,298,69,61,174,6,0,0
1727,702,298,69,61,174,6,0,0
1728,702,298,68,60,174,6,0,0
1729,702,298,68,61,174,6,0,0
1730,702,298,68,60,174,6,0,0
1731,702,298,68,60,174,6,0,0
1732,702,298,68,60,174,6,0,0
1733,702,298,68,60,174,6,0,0
1734,702,298,68,60,174,6,0,0
1735,702,298,68,60,174,6,0,0
1736,703,299,68,60,174,6,0,1
1737,703,299,68,60,174,6,0,1
1738,703,299,68,60,174,6,0,1
1739,703,299,68,60,174,6,0,1
1740,703,299,68,60,174,6,0,1
1741,703,299,68,60,174,6,0,0
1742,703,299,68,60,174,6,0,0
1743,703,299,68,60,174,6,0,0
1744,703,298,69,60,174,6,0,0
1745,703,298,69,61,174,6,0,0
1746,703,298,69,61,174,6,0,0
1747,703,298,69,61,174,6,0,0
1748,703,298,69,61,174,6,0,0
1749,703,298,69,61,174,6,0,0
1750,703,298,69,60,174,6,0,0
1751,703,298,69,60,174,6,0,0
1752,702,298,68,61,174,6,0,0
1753,702,298,68,61,174,6,0,0
1754,703,298,68,60,174,6,0,0
1755,703,298,68,60,174,6,0,0
1756,702,298,68,61,174,6,0,0
1757,703,298,68,61,174,6,0,0
1758,703,298,68,61,174,6,0,0
1759,703,298,68,61,174,6,0,0
1760,703,298,69,61,174,6,0,0
1761,703,298,69,61,174,6,0,0
1762,703,298,69,61,174,6,0,0
1763,703,298,69,61,174,6,0,0
1764,703,298,68,60,174,6,0,1
1765,703,298,68,60,174,6,0,2
1766,703,299,68,60,174,6,0,2
1767,703,299,68,60,174,6,0,2
1768,703,299,67,60,174,6,0,1
1769,703,299,67,60,174,6,0,2
1770,703,299,67,60,174,6,0,2
1771,703,299,67,60,174,6,0,2
1772,703,299,67,60,174,6,0,0
1773,703,299,67,60,174,6,0,0
1774,703,299,67,60,174,6,0,0
1775,703,299,67,60,174,6,0,0
1776,703,299,67,60,174,6,0,0
1777,703,299,67,60,174,6,0,0
1778,703,299,67,60,174,6,0,0
1779,703,299,67,60,174,6,0,0
1780,703,299,67,60,174,6,0,0
1781,703,299,67,60,174,6,0,0
1782,703,299,67,60,174,6,0,0
1783,703,299,67,60,174,6,0,0
1784,703,299,68,60,174,6,0,0
1785,703,299,68,60,174,6,0,0
1786,702,299,68,60,174,6,0,0
1787,702,299,68,60,174,6,0,0
1788,702,299,68,60,174,6,0,0
1789,702,299,68,60,174,6,0,0
1790,702,299,68,60,174,6,0,0
1791,702,299,68,60,174,6,0,0
1792,703,299,67,60,174,6,0,0
1793,703,299,67,60,174,6,0,0
1794,703,299,67,60,174,6,0,0
1795,703,299,67,60,174,6,0,0
1796,703,299,67,60,174,6,0,0
1797,703,299,67,60,174,6,0,0
1798,703,299,67,60,174,6,0,0
1799,702,299,67,60,174,6,0,1
1800,703,298,68,60,174,6,0,2
1801,703,298,68,60,174,6,0,2
1802,703,298,68,60,174,6,0,2
1803,703,298,68,60,174,6,0,1
1804,703,299,68,60,174,6,0,1
1805,703,299,68,60,174,6,0,2
1806,703,299,68,60,174,6,0,3
1807,703,299,67,60,174,6,0,3
1808,703,299,67,60,174,6,0,3
1809,703,299,68,60,174,6,0,2
1810,703,299,68,60,174,6,0,1
1811,702,299,67,60,174,6,0,1
1812,703,298,68,61,174,6,0,1
1813,703,299,67,61,174,6,0,0
1814,703,299,67,60,174,6,0,0
1815,703,299,67,60,174,6,0,0
1816,703,299,68,60,174,6,0,0
1817,703,299,68,60,174,6,0,0
1818,703,299,68,60,174,6,0,0
1819,703,299,68,60,174,6,0,1
1820,703,299,68,60,174,6,0,1
1821,703,299,68,60,174,6,0,0
1822,703,299,68,60,174,6,0,0
1823,703,299,68,60,174,6,0,0
1824,703,299,67,60,174,6,0,1
1825,703,299,67,60,174,6,0,1
1826,703,299,67,60,174,6,0,1
1827,703,299,67,60,174,6,0,1
1828,703,299,67,60,174,6,0,0
1829,703,299,67,60,174,6,0,0
1830,703,299,67,60,174,6,0,0
1831,703,299,67,60,174,6,0,0
1832,703,299,68,60,174,6,0,0
1833,703,299,68,61,174,6,0,0
1834,703,299,68,60,174,6,0,0
1835,703,299,68,61,174,6,0,0
1836,703,299,68,60,174,6,0,0
1837,703,299,68,60,174,6,0,0
1838,703,299,68,60,174,6,0,0
1839,703,299,68,60,174,6,0,0
1840,703,299,68,60,174,6,0,0
1841,703,299,68,60,174,6,0,0
1842,702,299,68,60,174,6,0,0
1843,703,299,68,60,174,6,0,0
1844,702,299,68,60,174,6,0,0
1845,702,299,68,60,174,6,0,0
1846,703,299,68,60,174,6,0,1
1847,703,299,68,60,174,6,0,2
1848,703,298,67,60,174,6,0,2
1849,703,298,67,60,174,6,0,3
1850,703,298,67,60,174,6,0,3
1851,703,298,67,60,174,6,0,4
1852,703,298,67,60,174,6,0,3
1853,703,298,68,60,174,6,0,3
1854,703,298,68,60,174,6,0,2
1855,703,299,68,60,174,6,0,2
1856,703,299,67,60,174,6,0,1
1857,703,299,67,60,174,6,0,1
1858,703,299,67,60,174,6,0,1
1859,703,299,67,60,174,6,0,1
1860,703,299,68,60,174,6,0,1
1861,703,299,68,60,174,6,0,1
1862,703,299,68,60,174,6,0,0
1863,703,299,68,60,174,6,0,1
1864,702,299,68,60,174,6,0,1
1865,703,299,69,61,174,6,0,1
1866,702,299,68,60,174,6,0,0
1867,702,299,68,60,174,6,0,0
1868,702,299,68,60,174,6,0,0
1869,703,299,68,61,174,6,0,1
1870,702,299,68,60,174,6,0,0
1871,703,299,68,60,174,6,0,0
1872,702,298,67,61,174,6,0,0
1873,703,298,68,61,174,6,0,1
1874,703,298,68,61,174,6,0,2
1875,702,298,67,61,174,6,0,3
1876,703,298,67,61,174,6,0,2
1877,703,298,67,60,174,6,0,1
1878,703,298,67,61,174,6,0,1
1879,703,298,67,61,174,6,0,1
1880,703,298,67,61,174,6,0,1
1881,703,298,67,60,174,6,0,1
1882,703,298,67,60,174,6,0,0
1883,703,299,67,60,174,6,0,0
1884,703,299,67,60,174,6,0,0
1885,703,299,67,60,174,6,0,1
1886,703,299,67,60,174,6,0,1
1887,703,299,67,60,174,6,0,1
1888,703,299,67,60,174,6,0,0
1889,703,299,67,60,174,6,0,0
1890,703,299,67,60,174,6,0,0
1891,703,299,67,60,174,6,0,0
1892,703,299,67,60,174,6,0,0
1893,703,299,67,60,174,6,0,0
1894,703,299,67,60,174,6,0,0
1895,703,299,67,60,174,6,0,0
1896,703,299,67,60,174,6,0,1
1897,703,299,67,60,174,6,0,1
1898,703,299,67,60,174,6,0,1
1899,703,299,67,60,174,6,0,1
1900,703,299,67,60,174,6,0,1
1901,703,299,66,60,174,6,0,1
1902,703,299,66,60,174,6,0,0
1903,703,299,66,59,174,6,0,1
1904,703,299,66,59,174,6,0,1
1905,704,299,66,59,174,6,0,2
1906,704,299,66,59,174,6,0,2
1907,704,299,65,59,174,6,0,2
1908,704,299,66,59,174,6,0,1
1909,705,299,66,59,174,6,0,1
1910,704,299,67,59,174,6,0,2
1911,704,299,67,59,174,6,0,5
1912,705,299,66,57,174,6,0,8
1913,706,299,65,57,174,6,0,8
1914,704,299,67,57,174,6,0,7
1915,703,299,68,58,174,6,0,5
1916,704,299,68,57,174,6,0,6
1917,705,299,66,57,174,6,0,6
1918,701,299,70,59,174,6,0,6
1919,702,299,67,55,174,6,0,4
1920,706,299,64,58,174,6,0,4
1921,705,299,65,58,174,6,0,3
1922,703,299,68,59,174,6,0,3
1923,704,299,65,57,174,6,0,4
1924,704,299,66,58,174,6,0,4
1925,703,299,66,57,174,6,0,4
1926,704,299,65,58,174,6,0,3
1927,704,299,66,59,174,6,0,3
759,702,265,77,53,175,6,3,7
760,703,256,64,60,175,6,3,7
761,703,267,76,52,175,6,3,7
763,703,257,64,60,175,6,3,7
764,703,258,64,59,175,6,3,9
765,703,257,64,60,175,6,3,11
766,703,257,64,61,175,6,3,12
767,703,258,64,60,175,6,3,12
768,703,258,64,60,175,6,3,11
769,703,265,75,53,175,6,3,12
770,703,265,75,54,175,6,3,12
771,703,265,75,53,175,6,3,15
772,703,258,64,59,175,6,3,14
773,704,258,64,58,175,6,3,13
774,703,266,74,53,175,6,3,8
775,703,265,75,53,175,6,3,11
776,702,255,62,60,175,6,3,12
777,702,255,62,59,175,6,3,13
778,702,255,61,59,175,6,3,18
779,703,258,65,58,175,6,3,21
780,703,255,61,59,175,6,3,24
781,703,255,61,60,175,6,3,15
782,703,255,61,60,175,6,3,12
783,702,255,62,60,175,6,3,11
784,703,255,62,57,175,6,3,10
785,703,255,62,58,175,6,3,10
786,703,255,63,59,175,6,3,8
787,703,255,63,58,175,6,3,10
788,703,255,62,59,175,6,3,7
789,703,255,62,58,175,6,3,7
790,703,255,63,58,175,6,3,6
791,703,255,62,57,175,6,3,10
792,703,256,61,59,175,6,3,9
793,703,257,61,58,175,6,3,10
794,703,256,61,58,175,6,3,10
795,703,256,61,59,175,6,3,14
796,703,256,61,60,175,6,3,14
797,703,257,63,58,175,6,3,11
798,702,256,61,59,175,6,3,8
799,702,256,61,59,175,6,3,10
800,702,255,60,58,175,6,3,12
801,702,255,60,58,175,6,3,14
802,702,255,60,59,175,6,3,18
803,702,255,60,58,175,6,3,26
804,702,255,60,57,175,6,3,31
805,702,255,60,55,175,6,3,33
806,702,255,59,56,175,6,3,33
807,702,255,59,55,175,6,3,34
808,702,255,59,54,175,6,3,29
809,702,255,59,54,175,6,3,23
810,702,255,59,55,175,6,3,15
811,702,255,60,58,175,6,3,11
812,702,255,59,55,175,6,3,6
813,702,255,59,55,175,6,3,4
814,702,255,59,54,175,6,3,5
815,702,255,59,54,175,6,3,8
816,703,255,58,27,175,6,3,11
817,703,255,58,27,175,6,3,12
818,703,255,58,28,175,6,3,12
820,702,255,58,27,175,6,3,12
804,702,262,73,52,176,6,3,15
805,702,263,74,51,176,6,3,15
806,702,262,74,52,176,6,3,15
816,703,261,66,49,176,6,3,16
817,703,261,67,49,176,6,3,19
818,703,260,66,49,176,6,3,18
819,702,255,62,52,176,6,3,18
820,703,260,66,50,176,6,3,17
821,702,255,62,52,176,6,3,19
822,702,254,62,53,176,6,3,16
823,702,255,62,53,176,6,3,16
824,702,255,60,55,176,6,3,11
825,702,255,60,55,176,6,3,12
826,702,255,60,55,176,6,3,13
827,702,255,61,54,176,6,3,19
828,702,255,60,55,176,6,3,17
829,702,255,60,55,176,6,3,12
830,702,255,60,55,176,6,3,12
831,702,255,60,55,176,6,3,17
832,702,255,61,52,176,6,3,25
833,702,255,61,52,176,6,3,28
834,702,255,61,52,176,6,3,34
835,702,255,61,52,176,6,3,34
836,702,255,60,50,176,6,3,29
837,702,255,60,51,176,6,3,19
838,702,255,60,52,176,6,3,11
839,702,255,60,52,176,6,3,7
840,702,256,59,32,176,6,3,4
841,702,256,59,33,176,6,3,3
842,702,256,59,34,176,6,3,2
843,702,255,61,51,176,6,3,2
844,702,255,61,52,176,6,3,19
845,702,255,61,52,176,6,3,57
846,702,255,61,52,176,6,3,88
847,702,255,61,52,176,6,3,92
848,703,259,65,51,176,6,3,67
849,703,260,65,49,176,6,3,48
850,703,258,65,51,176,6,3,35
851,703,258,65,51,176,6,3,29
852,703,258,64,51,176,6,3,20
853,703,258,64,50,176,6,3,15
854,703,258,64,51,176,6,3,14
855,703,258,64,51,176,6,3,25
856,703,257,64,53,176,6,3,40
857,702,255,60,49,176,6,3,57
858,702,255,60,49,176,6,3,56
859,702,255,59,48,176,6,3,51
860,702,255,60,49,176,6,3,41
861,702,255,59,50,176,6,3,34
862,702,255,59,51,176,6,3,27
863,702,255,59,51,176,6,3,19
864,702,255,62,50,176,6,3,15
865,702,255,62,49,176,6,3,12
866,702,255,62,50,176,6,3,13
867,702,254,62,50,176,6,3,16
868,702,254,62,50,176,6,3,16
869,702,254,62,50,176,6,3,12
870,702,254,62,51,176,6,3,7
871,702,254,63,50,176,6,3,10
872,702,255,60,51,176,6,3,14
873,702,255,61,51,176,6,3,20
874,702,255,61,51,176,6,3,18
875,702,255,61,51,176,6,3,18
876,702,255,60,51,176,6,3,12
877,702,255,60,51,176,6,3,10
878,702,255,60,51,176,6,3,6
879,702,255,60,51,176,6,3,7
880,702,255,61,52,176,6,3,9
881,702,255,61,52,176,6,3,11
882,702,255,61,52,176,6,3,11
883,702,255,61,52,176,6,3,12
884,702,255,61,52,176,6,3,10
885,702,255,61,52,176,6,3,8
886,702,255,61,52,176,6,3,6
887,702,255,61,51,176,6,3,5
888,702,255,59,33,176,6,3,5
889,702,255,59,32,176,6,3,5
890,702,255,59,32,176,6,3,5
891,702,255,59,33,176,6,3,5
892,702,255,59,33,176,6,3,5
893,702,255,59,33,176,6,3,4
894,702,255,59,33,176,6,3,4
895,702,255,59,33,176,6,3,37
896,702,255,61,49,176,6,3,78
897,702,255,61,50,176,6,3,127
898,702,255,61,50,176,6,3,144
899,702,255,61,50,176,6,3,157
900,702,255,62,50,176,6,3,130
901,702,255,62,50,176,6,3,94
902,702,255,62,50,176,6,3,48
903,702,255,62,50,176,6,3,30
904,702,255,62,49,176,6,3,17
905,702,255,62,49,176,6,3,11
906,702,255,62,50,176,6,3,8
907,702,255,62,50,176,6,3,8
908,702,255,62,50,176,6,3,9
909,702,255,62,49,176,6,3,10
910,702,255,62,50,176,6,3,13
911,702,255,62,50,176,6,3,16
912,702,254,63,53,176,6,3,20
913,702,254,63,53,176,6,3,22
914,702,254,63,53,176,6,3,22
915,702,254,63,53,176,6,3,21
916,702,254,63,53,176,6,3,16
917,702,254,63,53,176,6,3,12
918,702,254,63,53,176,6,3,6
919,702,254,63,53,176,6,3,4
920,702,255,61,52,176,6,3,2
921,702,255,61,52,176,6,3,1
922,702,255,61,52,176,6,3,0
923,702,255,61,52,176,6,3,0
924,702,255,61,52,176,6,3,2
925,702,255,61,52,176,6,3,3
926,702,255,61,52,176,6,3,4
927,702,255,61,52,176,6,3,3
928,702,254,62,53,176,6,3,3
929,702,255,62,53,176,6,3,3
930,702,255,62,52,176,6,3,2
931,702,255,62,52,176,6,3,1
932,702,255,62,52,176,6,3,1
933,702,255,62,51,176,6,3,2
934,702,255,61,51,176,6,3,2
935,702,255,61,52,176,6,3,4
936,702,255,62,53,176,6,3,6
937,702,256,62,52,176,6,3,10
938,702,256,62,52,176,6,3,13
939,702,256,62,52,176,6,3,14
940,702,256,62,52,176,6,3,11
941,702,256,62,52,176,6,3,9
942,702,255,62,53,176,6,3,8
943,702,255,62,53,176,6,3,11
944,702,255,61,52,176,6,3,13
945,702,255,61,51,176,6,3,15
946,702,255,61,51,176,6,3,16
947,702,255,61,51,176,6,3,16
948,702,254,61,52,176,6,3,15
949,702,254,61,51,176,6,3,14
950,702,254,61,51,176,6,3,10
951,702,254,61,52,176,6,3,8
952,702,254,62,52,176,6,3,7
953,702,254,62,52,176,6,3,8
954,702,254,62,52,176,6,3,10
955,702,254,62,52,176,6,3,9
956,702,254,62,52,176,6,3,7
957,702,254,62,52,176,6,3,4
958,702,254,62,53,176,6,3,3
959,702,254,62,52,176,6,3,3
960,702,255,61,52,176,6,3,5
961,702,255,61,52,176,6,3,6
962,702,255,61,52,176,6,3,6
963,702,255,61,52,176,6,3,5
964,702,255,60,52,176,6,3,3
965,702,255,60,52,176,6,3,2
966,702,255,61,52,176,6,3,3
967,702,255,61,52,176,6,3,4
968,702,255,62,51,176,6,3,5
969,702,255,62,51,176,6,3,6
970,702,255,61,51,176,6,3,5
971,702,255,61,51,176,6,3,3
972,702,256,61,51,176,6,3,2
973,702,256,61,51,176,6,3,2
974,702,255,61,51,176,6,3,2
975,702,255,61,51,176,6,3,2
976,702,255,62,51,176,6,3,2
977,702,255,61,51,176,6,3,3
978,702,255,61,51,176,6,3,3
979,702,255,61,51,176,6,3,3
980,702,255,61,51,176,6,3,3
981,702,255,61,51,176,6,3,3
982,702,255,61,51,176,6,3,5
983,702,255,61,51,176,6,3,7
984,702,256,60,52,176,6,3,10
985,702,256,60,52,176,6,3,11
986,702,256,60,52,176,6,3,12
987,702,256,60,52,176,6,3,13
988,702,256,60,51,176,6,3,11
989,702,256,60,51,176,6,3,8
990,702,256,60,51,176,6,3,4
991,702,256,60,51,176,6,3,3
992,702,256,61,52,176,6,3,2
993,702,256,60,52,176,6,3,2
994,702,256,61,52,176,6,3,5
995,702,256,60,52,176,6,3,7
996,702,255,61,51,176,6,3,11
997,702,255,61,51,176,6,3,11
998,702,255,61,51,176,6,3,11
999,702,255,61,51,176,6,3,9
1000,702,256,61,53,176,6,3,11
1001,702,256,61,53,176,6,3,14
1002,702,256,61,53,176,6,3,18
1003,702,256,61,53,176,6,3,20
1004,702,256,61,53,176,6,3,16
1005,702,256,61,53,176,6,3,12
1006,702,256,61,53,176,6,3,8
1007,702,256,61,53,176,6,3,9
1008,702,256,62,52,176,6,3,10
1009,702,256,62,52,176,6,3,10
1010,702,256,62,52,176,6,3,10
1011,702,256,62,52,176,6,3,10
1012,702,256,62,52,176,6,3,8
1013,702,256,62,52,176,6,3,5
1014,702,256,62,52,176,6,3,4
1015,702,256,62,52,176,6,3,6
1016,702,255,62,54,176,6,3,9
1017,702,255,62,54,176,6,3,9
1018,702,255,62,54,176,6,3,11
1019,702,255,62,54,176,6,3,13
1020,702,255,60,54,176,6,3,13
1021,702,255,61,54,176,6,3,11
1022,702,255,61,55,176,6,3,13
1023,702,255,61,54,176,6,3,16
1024,702,255,62,51,176,6,3,20
1025,702,255,62,52,176,6,3,20
1026,702,255,62,52,176,6,3,24
1027,702,255,62,52,176,6,3,25
1028,702,255,62,52,176,6,3,21
1029,702,255,62,51,176,6,3,15
1030,702,255,62,52,176,6,3,11
1031,702,255,62,52,176,6,3,9
1032,702,255,61,53,176,6,3,8
1033,702,254,61,53,176,6,3,5
1034,702,254,61,53,176,6,3,4
1035,702,254,61,53,176,6,3,3
1036,702,254,61,53,176,6,3,4
1037,702,254,61,53,176,6,3,4
1038,702,254,61,53,176,6,3,4
1039,702,254,61,53,176,6,3,2
1040,702,255,62,52,176,6,3,2
1041,702,255,62,52,176,6,3,1
1042,702,255,62,52,176,6,3,5
1043,702,255,63,52,176,6,3,9
1048,702,256,61,54,176,6,3,15
1049,702,256,61,54,176,6,3,17
1050,702,256,61,54,176,6,3,18
1051,702,256,61,54,176,6,3,18
1052,702,256,61,54,176,6,3,14
1053,702,256,61,54,176,6,3,11
1054,702,256,61,54,176,6,3,9
1055,702,256,61,54,176,6,3,12
1056,702,255,63,53,176,6,3,15
1057,702,255,63,53,176,6,3,16
1058,702,255,63,53,176,6,3,17
1059,702,255,63,53,176,6,3,17
1060,702,255,63,53,176,6,3,14
1061,702,255,63,53,176,6,3,11
1062,702,255,63,53,176,6,3,9
1063,702,255,62,53,176,6,3,11
1064,702,255,62,54,176,6,3,14
1065,702,255,63,54,176,6,3,15
1066,702,255,63,54,176,6,3,14
1067,702,255,63,54,176,6,3,11
1068,702,255,62,54,176,6,3,9
1069,702,255,62,53,176,6,3,8
1070,702,255,62,53,176,6,3,9
1071,702,255,62,53,176,6,3,12
1072,702,255,62,52,176,6,3,14
1073,702,255,61,52,176,6,3,15
1074,702,255,62,52,176,6,3,15
1075,702,255,61,52,176,6,3,15
1076,702,255,62,52,176,6,3,14
1077,702,255,62,52,176,6,3,11
1078,702,255,61,51,176,6,3,7
1079,702,255,62,51,176,6,3,4
1080,702,255,60,52,176,6,3,3
1081,702,255,60,52,176,6,3,2
1082,702,255,60,52,176,6,3,3
1083,702,255,60,52,176,6,3,4
1084,702,255,60,52,176,6,3,4
1085,702,255,60,52,176,6,3,3
1086,702,255,60,52,176,6,3,2
1087,702,255,60,52,176,6,3,2
1088,702,255,61,53,176,6,3,3
1089,702,255,61,53,176,6,3,3
1090,702,255,60,53,176,6,3,2
1091,702,255,60,53,176,6,3,1
1092,702,255,61,52,176,6,3,1
1093,702,255,61,52,176,6,3,1
1094,702,256,61,52,176,6,3,4
1095,702,256,61,52,176,6,3,7
1096,702,256,61,53,176,6,3,10
1097,702,256,61,53,176,6,3,11
1098,702,256,61,53,176,6,3,10
1099,702,256,61,53,176,6,3,8
1100,702,256,61,53,176,6,3,5
1101,702,256,61,52,176,6,3,4
1102,702,256,61,52,176,6,3,6
1103,702,256,61,52,176,6,3,10
1104,702,254,60,52,176,6,3,14
1105,702,254,60,52,176,6,3,16
1106,702,254,60,52,176,6,3,17
1107,702,254,60,52,176,6,3,17
1108,702,254,60,52,176,6,3,15
1109,702,254,60,52,176,6,3,13
1110,702,254,60,53,176,6,3,11
1111,702,254,60,53,176,6,3,11
1112,702,254,61,53,176,6,3,11
1113,702,254,61,53,176,6,3,12
1114,702,254,61,53,176,6,3,12
1115,702,254,61,55,176,6,3,10
1116,702,254,61,54,176,6,3,8
1117,702,254,61,53,176,6,3,7
1118,702,254,61,52,176,6,3,8
1119,702,254,61,52,176,6,3,11
1120,702,254,60,52,176,6,3,14
1121,702,254,60,52,176,6,3,15
1122,702,254,60,52,176,6,3,12
1123,702,254,60,51,176,6,3,8
1124,702,254,61,52,176,6,3,5
1125,702,254,61,52,176,6,3,4
1126,702,254,61,52,176,6,3,5
1127,702,254,61,53,176,6,3,7
1128,702,257,61,50,176,6,3,8
1129,702,257,61,50,176,6,3,7
1130,702,257,61,50,176,6,3,6
1131,702,257,61,49,176,6,3,4
1132,702,258,61,49,176,6,3,4
1133,702,258,61,49,176,6,3,2
1134,702,258,61,49,176,6,3,1
1135,702,258,61,49,176,6,3,2
1136,702,256,59,51,176,6,3,2
1137,702,256,59,51,176,6,3,2
1138,702,256,59,51,176,6,3,1
1139,702,256,59,51,176,6,3,0
1140,702,255,59,52,176,6,3,2
1141,702,255,59,52,176,6,3,3
1142,702,255,59,51,176,6,3,5
1143,702,255,59,51,176,6,3,6
1144,702,256,59,52,176,6,3,6
1145,702,256,59,52,176,6,3,10
1146,702,256,59,52,176,6,3,13
1147,702,256,60,53,176,6,3,17
1148,702,256,60,52,176,6,3,15
1149,702,256,60,52,176,6,3,12
1150,702,256,60,52,176,6,3,7
1151,702,256,60,52,176,6,3,5
1152,702,255,61,53,176,6,3,3
1153,702,255,61,53,176,6,3,3
1154,702,255,61,54,176,6,3,4
1155,702,255,61,54,176,6,3,6
1156,702,255,61,54,176,6,3,6
1157,702,255,61,54,176,6,3,5
1158,702,255,61,54,176,6,3,7
1159,702,255,62,54,176,6,3,11
1160,702,255,60,52,176,6,3,15
1161,702,255,60,52,176,6,3,17
1162,702,255,60,52,176,6,3,15
1163,702,255,60,52,176,6,3,12
1164,702,256,59,52,176,6,3,11
1165,702,256,59,52,176,6,3,12
1166,702,256,59,52,176,6,3,14
1167,702,256,59,52,176,6,3,13
1168,702,255,62,50,176,6,3,18
1169,702,255,62,50,176,6,3,19
1170,702,255,62,50,176,6,3,22
1171,702,255,62,51,176,6,3,19
1172,702,255,62,51,176,6,3,18
1173,702,255,62,51,176,6,3,14
1174,702,255,62,51,176,6,3,13
1175,702,255,62,51,176,6,3,13
1176,702,255,60,52,176,6,3,13
1177,702,255,60,53,176,6,3,11
1178,702,254,60,51,176,6,3,9
1179,702,255,60,52,176,6,3,8
1180,702,255,60,52,176,6,3,7
1181,702,255,60,52,176,6,3,7
1182,702,255,60,51,176,6,3,10
1183,702,255,60,52,176,6,3,12
1184,702,255,61,53,176,6,3,12
1185,702,255,61,53,176,6,3,9
1186,702,254,61,53,176,6,3,7
1187,702,254,61,53,176,6,3,7
1188,702,255,61,53,176,6,3,6
1189,702,255,61,53,176,6,3,4
1190,702,255,61,53,176,6,3,3
1191,702,255,61,53,176,6,3,3
1192,702,255,61,51,176,6,3,4
1193,702,255,61,52,176,6,3,6
1194,702,255,61,52,176,6,3,8
1195,702,255,61,51,176,6,3,9
1196,702,255,61,52,176,6,3,8
1197,702,255,61,52,176,6,3,5
1198,702,255,61,52,176,6,3,6
1199,702,255,61,52,176,6,3,10
1200,702,254,61,50,176,6,3,14
1201,702,254,61,50,176,6,3,16
1202,702,254,61,50,176,6,3,17
1203,702,254,61,50,176,6,3,18
1204,702,254,61,50,176,6,3,15
1205,702,254,61,50,176,6,3,11
1206,702,254,61,50,176,6,3,8
1207,702,254,61,50,176,6,3,10
1208,702,254,61,52,176,6,3,13
1209,702,254,61,52,176,6,3,12
1210,702,254,61,52,176,6,3,10
1211,702,253,61,52,176,6,3,8
1212,702,253,61,52,176,6,3,9
1213,702,253,61,52,176,6,3,10
1214,702,253,61,52,176,6,3,14
1215,702,253,61,52,176,6,3,16
1216,702,253,61,50,176,6,3,19
1217,702,253,61,50,176,6,3,19
1218,702,253,61,50,176,6,3,19
1219,702,253,61,50,176,6,3,18
1220,702,253,61,50,176,6,3,16
1221,702,253,61,50,176,6,3,13
1222,702,253,61,50,176,6,3,14
1223,702,253,61,49,176,6,3,19
1224,702,253,62,52,176,6,3,25
1225,702,253,62,52,176,6,3,27
1226,702,253,62,52,176,6,3,28
1227,702,253,62,52,176,6,3,29
1228,702,253,62,52,176,6,3,24
1229,702,253,62,52,176,6,3,18
1230,702,253,62,52,176,6,3,10
1231,702,253,62,52,176,6,3,7
1232,702,254,60,52,176,6,3,4
1233,702,254,60,51,176,6,3,3
1234,702,254,60,51,176,6,3,2
1235,702,254,60,51,176,6,3,2
1236,702,254,60,51,176,6,3,3
1237,702,254,60,51,176,6,3,2
1238,702,254,60,51,176,6,3,5
1239,702,254,60,51,176,6,3,8
1240,702,254,60,50,176,6,3,12
1241,702,254,60,50,176,6,3,14
1242,702,254,60,49,176,6,3,15
1243,702,254,60,50,176,6,3,15
1244,702,254,60,49,176,6,3,13
1245,702,254,60,49,176,6,3,10
1246,702,254,60,49,176,6,3,9
1247,702,254,60,49,176,6,3,12
1248,702,254,61,51,176,6,3,18
1249,702,254,61,51,176,6,3,21
1250,702,254,60,52,176,6,3,24
1251,702,254,60,52,176,6,3,24
1252,702,254,60,52,176,6,3,21
1253,702,254,60,52,176,6,3,18
1254,702,254,60,52,176,6,3,15
1255,702,254,60,52,176,6,3,15
1256,702,254,60,50,176,6,3,17
1257,702,254,60,50,176,6,3,19
1258,702,254,60,51,176,6,3,24
1259,702,254,61,50,176,6,3,31
1260,702,254,60,48,176,6,3,34
1261,702,254,60,48,176,6,3,33
1262,702,254,60,48,176,6,3,31
1263,702,254,60,48,176,6,3,55
1264,702,253,58,35,176,6,3,81
1265,702,253,58,36,176,6,3,111
1266,702,253,58,36,176,6,3,117
1267,702,253,58,36,176,6,3,124
1268,702,253,58,36,176,6,3,101
1269,702,253,58,36,176,6,3,71
1270,702,253,58,36,176,6,3,66
1271,702,253,58,36,176,6,3,92
1272,702,255,59,51,176,6,3,129
1273,702,255,59,51,176,6,3,142
1274,702,255,59,50,176,6,3,153
1275,702,255,60,51,176,6,3,158
1276,702,255,59,51,176,6,3,128
1277,702,255,60,51,176,6,3,90
1278,702,255,60,51,176,6,3,44
1279,702,255,60,51,176,6,3,30
1280,702,254,61,50,176,6,3,20
1281,702,254,61,51,176,6,3,17
1282,702,254,61,51,176,6,3,14
1283,702,254,61,50,176,6,3,13
1284,702,254,61,50,176,6,3,10
1285,702,254,61,50,176,6,3,7
1286,702,254,61,50,176,6,3,3
1287,702,254,61,50,176,6,3,3
1288,702,254,60,51,176,6,3,3
1289,702,254,60,51,176,6,3,2
1290,702,254,60,51,176,6,3,2
1291,702,254,60,50,176,6,3,1
1292,702,254,60,51,176,6,3,1
1293,702,254,60,51,176,6,3,0
1294,702,254,60,51,176,6,3,0
1295,702,254,60,51,176,6,3,2
1296,702,252,61,53,176,6,3,4
1297,702,252,61,54,176,6,3,6
1298,702,252,61,54,176,6,3,6
1299,702,252,61,54,176,6,3,6
1300,702,252,61,54,176,6,3,6
1301,702,252,61,54,176,6,3,4
1302,702,252,61,54,176,6,3,5
1303,702,252,61,54,176,6,3,5
1304,702,253,60,51,176,6,3,6
1305,702,253,60,52,176,6,3,5
1306,702,253,60,52,176,6,3,10
1307,702,253,60,52,176,6,3,16
1308,702,254,60,50,176,6,3,18
1309,702,254,60,50,176,6,3,16
1310,702,254,60,50,176,6,3,12
1311,702,254,60,50,176,6,3,12
1312,702,255,60,51,176,6,3,13
1313,702,255,60,51,176,6,3,16
1314,702,255,60,51,176,6,3,20
1315,702,255,60,51,176,6,3,21
1316,702,255,60,51,176,6,3,17
1317,702,255,60,51,176,6,3,12
1318,702,255,60,51,176,6,3,8
1319,702,255,60,51,176,6,3,8
1320,702,255,60,52,176,6,3,10
1321,702,255,60,52,176,6,3,10
1322,702,255,60,52,176,6,3,10
1323,702,255,60,52,176,6,3,9
1324,702,255,60,52,176,6,3,7
1325,702,255,60,52,176,6,3,5
1326,702,255,60,52,176,6,3,4
1327,702,255,60,52,176,6,3,5
1328,702,254,60,53,176,6,3,7
1329,702,254,60,52,176,6,3,8
1330,702,254,60,52,176,6,3,11
1331,702,254,60,53,176,6,3,15
1332,702,254,60,51,176,6,3,19
1333,702,254,60,51,176,6,3,20
1334,702,254,60,50,176,6,3,20
1335,702,254,60,50,176,6,3,21
1336,702,253,60,51,176,6,3,18
1337,702,253,60,51,176,6,3,15
1338,702,253,60,51,176,6,3,11
1339,702,253,60,51,176,6,3,9
1340,702,253,60,51,176,6,3,7
1341,702,253,60,50,176,6,3,5
1342,702,253,60,51,176,6,3,9
1343,702,253,60,51,176,6,3,15
1344,702,255,60,51,176,6,3,21
1345,702,255,60,51,176,6,3,23
1346,702,255,60,51,176,6,3,23
1347,702,255,60,51,176,6,3,23
1348,702,255,60,51,176,6,3,18
1349,702,255,60,51,176,6,3,13
1350,702,255,60,51,176,6,3,8
1351,702,255,60,51,176,6,3,9
1352,702,254,61,54,176,6,3,11
1353,702,254,61,53,176,6,3,12
1354,702,254,61,54,176,6,3,11
1355,702,254,61,54,176,6,3,10
1356,702,255,61,52,176,6,3,7
1357,702,255,61,52,176,6,3,5
1358,702,255,61,52,176,6,3,5
1359,702,255,61,52,176,6,3,6
1360,702,254,62,52,176,6,3,9
1361,702,254,62,52,176,6,3,9
1362,702,254,62,52,176,6,3,9
1363,702,254,62,52,176,6,3,10
1364,702,254,62,52,176,6,3,9
1365,702,254,62,52,176,6,3,7
1366,702,254,62,52,176,6,3,5
1367,702,254,62,52,176,6,3,5
1368,702,254,61,53,176,6,3,5
1369,702,254,61,53,176,6,3,5
1370,702,254,61,53,176,6,3,5
1371,702,254,61,53,176,6,3,5
1372,702,254,61,53,176,6,3,5
1373,702,254,61,53,176,6,3,4
1374,702,254,61,53,176,6,3,8
1375,702,254,61,53,176,6,3,12
1376,702,254,60,51,176,6,3,19
1377,702,254,60,51,176,6,3,22
1378,702,254,60,51,176,6,3,22
1379,702,254,60,51,176,6,3,21
1380,703,256,64,53,176,6,3,23
1381,703,256,64,53,176,6,3,28
1382,703,256,64,53,176,6,3,26
1383,703,256,64,53,176,6,3,19
1384,702,254,60,51,176,6,3,17
1385,702,254,60,51,176,6,3,23
1386,702,254,60,51,176,6,3,32
1387,702,254,60,51,176,6,3,36
1388,702,254,60,51,176,6,3,31
1389,702,254,60,51,176,6,3,23
1390,702,253,60,51,176,6,3,12
1391,702,253,60,51,176,6,3,8
1392,702,253,61,52,176,6,3,5
1393,702,253,61,52,176,6,3,4
1394,702,253,61,52,176,6,3,3
1395,702,253,61,52,176,6,3,4
1396,702,253,61,51,176,6,3,3
1397,702,253,61,52,176,6,3,4
1398,702,253,61,51,176,6,3,3
1399,702,253,61,51,176,6,3,4
1400,702,254,61,51,176,6,3,3
1401,702,253,61,51,176,6,3,3
1402,702,254,61,51,176,6,3,3
1403,702,254,61,51,176,6,3,3
1404,702,253,61,51,176,6,3,6
1405,702,253,61,51,176,6,3,6
1406,702,253,61,50,176,6,3,6
1407,702,253,61,50,176,6,3,5
1408,702,253,61,52,176,6,3,7
1409,702,253,61,52,176,6,3,11
1410,702,253,61,52,176,6,3,14
1411,702,253,61,53,176,6,3,16
1412,702,253,61,53,176,6,3,14
1413,702,253,61,53,176,6,3,11
1414,702,253,61,53,176,6,3,6
1415,702,253,61,53,176,6,3,4
1416,702,253,60,52,176,6,3,2
1417,702,253,60,52,176,6,3,1
1418,702,253,60,52,176,6,3,1
1419,702,253,60,52,176,6,3,1
1420,702,253,60,52,176,6,3,1
1421,702,253,61,53,176,6,3,1
1422,702,253,61,53,176,6,3,0
1423,702,253,61,53,176,6,3,0
1424,702,253,61,53,176,6,3,0
1425,702,253,61,53,176,6,3,0
1426,702,253,61,53,176,6,3,1
1427,702,253,61,53,176,6,3,3
1428,702,254,61,52,176,6,3,4
1429,702,254,61,52,176,6,3,5
1430,702,254,61,52,176,6,3,4
1431,702,254,61,52,176,6,3,3
1432,702,253,63,52,176,6,3,4
1433,702,253,63,52,176,6,3,6
1434,704,255,57,27,176,6,3,8
1435,704,255,57,27,176,6,3,9
1436,704,255,57,27,176,6,3,9
848,702,255,58,30,177,6,2,149
849,703,255,58,29,177,6,2,149
850,702,255,59,32,177,6,2,129
851,702,255,59,33,177,6,2,120
852,702,256,58,30,177,6,2,100
1011,636,155,13,26,178,6,1,155
1012,636,154,13,26,178,6,1,155
1013,635,154,13,26,178,6,1,155
1014,635,154,13,26,178,6,1,155
1015,635,154,13,25,178,6,1,155
1016,635,154,12,24,178,6,1,155
1017,635,153,12,25,178,6,1,155
1018,635,153,12,25,178,6,1,155
1019,635,153,12,24,178,6,1,155
1020,634,152,12,25,178,6,1,155
1021,634,151,13,26,178,6,1,155
1022,634,150,12,26,178,6,1,155
1026,632,136,15,38,178,6,1,155
1027,632,137,15,38,178,6,1,155
1028,631,135,15,39,178,6,1,155
1029,631,135,15,37,178,6,1,155
1032,632,133,14,38,178,6,1,155
1033,632,134,14,36,178,6,1,155
1034,632,143,14,28,178,6,1,155
1035,633,143,13,26,178,6,1,155
1038,636,144,12,25,178,6,1,155
1040,639,144,13,25,178,6,1,155
1024,703,255,59,30,179,6,4,11
1025,703,255,59,30,179,6,4,10
1026,703,255,59,30,179,6,4,11
1027,703,255,59,29,179,6,4,11
1028,703,255,59,29,179,6,4,12
1029,703,255,59,29,179,6,4,11
1030,703,255,59,29,179,6,4,11
1031,703,255,59,29,179,6,4,11
1042,703,255,59,27,179,6,4,14
1043,703,255,58,26,179,6,4,17
1044,703,255,58,24,179,6,4,20
1045,703,255,58,24,179,6,4,22
1046,703,255,58,24,179,6,4,23
1047,703,255,58,24,179,6,4,24
1096,705,251,56,21,180,6,3,0
1097,705,251,56,21,180,6,3,0
1098,705,251,56,21,180,6,3,1
1099,705,251,56,21,180,6,3,1
1100,705,251,56,21,180,6,3,2
1101,705,251,56,21,180,6,3,2
1102,705,251,56,21,180,6,3,3
1103,705,251,56,21,180,6,3,3
1216,534,61,37,30,181,6,1,1
1217,534,61,37,30,181,6,1,0
1218,534,61,37,30,181,6,1,0
1219,534,61,37,30,181,6,1,0
1220,534,61,37,30,181,6,1,1
1221,534,61,37,30,181,6,1,1
1222,534,61,37,30,181,6,1,1
1223,534,61,37,30,181,6,1,1
1259,644,0,27,23,182,3,0,0
1260,644,0,27,23,182,3,0,0
1261,644,0,27,23,182,3,0,0
1262,644,0,27,23,182,3,0,0
1263,644,0,27,23,182,3,0,0
1397,580,24,34,29,183,6,1,24
1398,580,26,34,28,183,6,1,24
1399,581,27,34,28,183,6,1,25
1400,581,28,33,28,183,6,1,26
1401,582,28,33,29,183,6,1,28
1402,582,28,33,30,183,6,1,30
1403,582,30,34,29,183,6,1,32
1404,582,31,34,29,183,6,1,34
1405,582,32,35,29,183,6,1,36
1406,583,33,35,29,183,6,1,38
1407,582,34,36,30,183,6,1,38
1408,582,34,37,30,183,6,1,36
1409,583,36,37,29,183,6,1,34
1410,584,36,36,29,183,6,1,35
1411,584,37,36,29,183,6,1,36
1412,583,39,38,30,183,6,1,40
1413,584,39,39,31,183,6,1,43
1414,584,41,39,31,183,6,1,47
1415,585,41,38,31,183,6,1,50
1416,586,42,38,31,183,6,1,51
1417,586,43,38,31,183,6,1,50
1418,586,43,38,32,183,6,1,47
1419,586,45,38,31,183,6,1,48
1420,587,46,37,31,183,6,1,46
1421,587,49,38,30,183,6,1,49
1422,587,49,38,30,183,6,1,51
1423,588,50,38,31,183,6,1,56
1424,589,50,36,32,183,6,1,60
1425,589,51,37,33,183,6,1,62
1426,589,52,37,33,183,6,1,64
1427,589,53,37,33,183,6,1,65
1428,589,55,38,32,183,6,1,67
1429,589,56,37,33,183,6,1,69
1430,589,57,39,33,183,6,1,72
1431,589,58,38,34,183,6,1,77
1432,589,59,38,34,183,6,1,83
1433,589,60,39,35,183,6,1,85
1434,589,61,39,35,183,6,1,87
1435,589,61,40,35,183,6,1,84
1436,588,63,40,35,183,6,1,84
1437,588,65,40,34,183,6,1,81
1438,588,67,39,33,183,6,1,83
1439,588,68,40,34,183,6,1,87
1440,589,68,40,35,183,6,1,93
1441,589,70,40,35,183,6,1,100
1442,589,71,40,35,183,6,1,105
1443,589,73,40,34,183,6,1,107
1444,588,74,40,35,183,6,1,109
1445,588,74,39,35,183,6,1,108
1446,588,76,39,35,183,6,1,111
1447,588,76,39,36,183,6,1,113
1448,587,78,41,36,183,6,1,120
1449,587,79,41,36,183,6,1,131
1450,587,80,42,37,183,6,1,141
1451,587,81,41,38,183,6,1,150
1452,587,82,41,38,183,6,1,154
1453,586,84,41,38,183,6,1,162
1454,586,87,42,36,183,6,1,168
1455,586,88,43,36,183,6,1,172
1456,585,89,43,37,183,6,1,174
1457,586,91,43,37,183,6,1,175
1458,585,92,44,37,183,6,1,176
1459,585,96,43,36,183,6,1,176
1460,585,97,44,36,183,6,1,176
1461,585,98,46,37,183,6,1,176
1462,584,99,46,38,183,6,1,176
1463,585,100,46,39,183,6,1,176
1464,585,102,46,40,183,6,1,176
1465,584,104,47,39,183,6,1,176
1466,584,104,47,41,183,6,1,176
1467,584,106,48,41,183,6,1,176
1468,582,107,49,42,183,6,1,176
1469,581,109,51,42,183,6,1,176
1470,581,110,51,43,183,6,1,176
1471,582,113,50,42,183,6,1,176
1472,582,116,50,41,183,6,1,176
1473,581,117,51,43,183,6,1,176
1474,580,117,52,44,183,6,1,176
1475,577,121,55,43,183,6,1,176
1476,578,122,53,44,183,6,1,176
1477,576,124,55,44,183,6,1,176
1478,577,126,54,45,183,6,1,176
1479,577,128,53,45,183,6,1,176
1480,575,130,55,44,183,6,1,176
1481,575,132,55,45,183,6,1,176
1482,575,133,54,46,183,6,1,176
1483,575,136,55,46,183,6,1,176
1484,575,138,54,47,183,6,1,176
1485,574,140,55,47,183,6,1,176
1486,572,141,57,47,183,6,1,176
1487,571,144,58,48,183,6,1,176
1488,571,146,57,48,183,6,1,176
1489,571,149,57,48,183,6,1,176
1490,570,151,58,49,183,6,1,176
1491,568,153,60,50,183,6,1,176
1492,568,156,60,49,183,6,1,176
1493,567,159,59,50,183,6,1,176
1494,566,161,59,50,183,6,1,176
1495,564,164,61,51,183,6,1,176
1496,563,167,62,51,183,6,1,176
1497,563,170,62,52,183,6,1,176
1498,562,173,63,52,183,6,1,176
1499,561,175,64,53,183,6,1,176
1500,561,179,62,53,183,6,1,176
1501,559,182,64,54,183,6,1,176
1502,559,184,64,54,183,6,1,176
1503,559,187,65,55,183,6,1,176
1504,557,191,67,54,183,6,1,176
1505,559,194,65,55,183,6,1,176
1506,557,197,66,55,183,6,1,176
1507,557,200,67,56,183,6,1,176
1508,556,203,68,56,183,6,1,176
1509,556,206,68,57,183,6,1,176
1510,556,208,69,58,183,6,1,176
1511,556,212,70,58,183,6,1,176
1512,556,215,69,59,183,6,1,176
1513,556,217,70,60,183,6,1,176
1514,556,221,71,59,183,6,1,176
1515,557,225,73,60,183,6,1,176
1516,557,228,72,59,183,6,1,176
1517,557,231,74,60,183,6,1,176
1518,557,233,74,61,183,6,1,176
1519,556,236,75,62,183,6,1,176
1520,554,239,77,61,183,6,1,176
1521,555,242,77,64,183,6,1,176
1522,555,245,77,63,183,6,1,175
1523,554,247,78,63,183,6,1,173
1524,554,251,79,63,183,6,1,170
1525,554,254,79,64,183,6,1,161
1526,554,256,79,65,183,6,1,151
1527,553,259,80,64,183,6,1,140
1528,552,262,80,65,183,6,1,135
1529,551,264,81,66,183,6,1,127
1530,551,266,81,67,183,6,1,118
1531,549,269,82,67,183,6,1,111
1532,547,271,83,68,183,6,1,105
1533,550,274,82,69,183,6,1,100
1534,548,275,83,69,183,6,1,93
1535,547,278,82,70,183,6,1,89
1536,544,280,85,70,183,6,1,86
1537,542,283,87,72,183,6,1,81
1538,542,284,88,73,183,6,1,78
1539,543,286,86,73,183,6,1,74
1540,542,288,88,74,183,6,1,72
1541,541,291,88,75,183,6,1,67
1542,540,293,89,74,183,6,1,63
1543,539,295,90,75,183,6,1,60
1544,537,297,92,76,183,6,1,57
1545,531,298,98,78,183,6,1,54
1546,530,298,98,79,183,6,1,51
1547,529,300,100,80,183,6,1,49
1548,528,302,101,80,183,6,1,47
1549,528,304,102,81,183,6,1,46
1550,527,305,102,82,183,6,1,45
1551,526,307,103,83,183,6,1,45
1552,524,308,106,85,183,6,1,45
1553,523,310,107,86,183,6,1,45
1554,523,311,108,87,183,6,1,44
1555,520,313,111,89,183,6,1,44
1556,520,315,113,90,183,6,1,44
1557,519,316,114,92,183,6,1,43
1558,518,319,115,92,183,6,1,43
1559,518,320,118,94,183,6,1,43
1560,517,322,119,96,183,6,1,43
1561,516,325,121,97,183,6,1,43
1562,515,326,122,98,183,6,1,42
1563,513,328,124,100,183,6,1,43
1564,512,331,126,102,183,6,1,43
1565,512,333,128,104,183,6,1,42
1566,511,334,129,105,183,6,1,41
1567,508,337,131,107,183,6,1,41
1568,505,339,133,109,183,6,1,41
1569,504,341,135,112,183,6,1,40
1570,503,343,136,113,183,6,1,40
1571,499,346,140,117,183,6,1,41
1572,497,350,142,118,183,6,1,42
1573,494,353,145,119,183,6,1,41
1574,492,354,147,122,183,6,1,41
1575,488,354,150,128,183,6,1,40
1576,486,360,153,127,183,6,1,40
1577,482,363,156,130,183,6,1,38
1578,480,366,157,131,183,6,1,38
1579,478,369,161,134,183,6,1,37
1580,475,372,164,137,183,6,1,37
1581,472,375,167,140,183,6,1,36
1582,468,378,171,142,183,6,1,36
1583,464,382,174,145,183,6,1,36
1584,462,385,176,148,183,6,1,35
1585,465,389,174,150,183,6,1,34
1586,458,392,181,152,183,6,1,33
1587,451,396,189,154,183,6,1,32
1588,449,398,190,159,183,6,1,31
1589,446,402,193,162,183,6,1,30
1590,442,403,197,165,183,6,1,29
1591,439,409,200,165,183,6,1,28
1592,437,411,202,171,183,6,1,27
1593,435,414,206,174,183,6,1,26
1594,435,418,208,173,183,6,1,26
1595,434,421,212,180,183,6,1,26
1596,435,424,215,183,183,6,1,25
1597,438,427,218,186,183,6,1,23
1598,441,429,222,187,183,6,1,22
1599,448,432,227,189,183,6,1,21
1600,455,436,237,192,183,6,1,20
1601,460,440,252,194,183,6,1,19
1602,466,440,264,197,183,6,1,18
1603,478,445,279,199,183,6,1,18
1604,490,450,298,200,183,6,1,18
1605,507,453,317,202,183,6,1,17
1606,521,455,333,204,183,6,1,17
1607,543,457,360,208,183,6,1,18
1608,568,458,390,215,183,6,1,18
1609,601,462,419,217,183,6,1,18
1610,628,467,442,216,183,6,1,18
1611,670,472,469,219,183,6,1,19
1612,719,477,498,219,183,6,1,19
1613,773,479,523,222,183,6,1,19
1614,817,480,539,225,183,6,1,18
1615,881,483,560,221,183,6,1,17
1616,950,484,574,217,183,6,1,16
1617,1022,482,587,218,183,6,1,15
1618,1079,480,594,222,183,6,1,15
1619,1157,475,611,224,183,6,1,15
1620,1237,470,602,226,183,6,1,15
1621,1316,466,602,226,183,6,1,15
1622,1379,462,540,226,183,6,1,15
1623,1461,456,458,226,183,6,1,16
1624,1544,448,375,226,183,6,1,16
1625,1628,440,291,226,183,6,1,17
1626,1690,436,229,224,183,6,1,17
1627,1775,436,144,210,183,6,1,17
1438,702,253,63,53,184,6,3,41
1439,702,253,63,53,184,6,3,36
1440,702,254,61,52,184,6,3,30
1441,702,254,61,52,184,6,3,22
1442,702,254,61,52,184,6,3,16
1443,702,254,61,52,184,6,3,12
1444,702,254,61,52,184,6,3,8
1445,702,254,61,52,184,6,3,5
1446,702,254,61,52,184,6,3,3
1447,702,254,61,52,184,6,3,3
1448,702,253,61,53,184,6,3,4
1449,702,253,61,53,184,6,3,4
1450,702,253,61,53,184,6,3,5
1451,702,253,61,53,184,6,3,6
1452,702,253,61,53,184,6,3,7
1453,702,253,61,53,184,6,3,6
1454,702,253,61,53,184,6,3,4
1455,702,253,61,52,184,6,3,3
1456,702,253,62,53,184,6,3,2
1457,702,253,62,53,184,6,3,2
1458,702,253,62,53,184,6,3,2
1459,702,253,62,53,184,6,3,3
1460,702,253,62,53,184,6,3,3
1461,702,253,62,53,184,6,3,3
1462,702,253,62,53,184,6,3,4
1463,702,253,62,53,184,6,3,4
1464,702,254,61,53,184,6,3,5
1465,702,254,61,53,184,6,3,5
1466,702,254,61,53,184,6,3,6
1467,702,254,61,53,184,6,3,6
1468,702,254,61,53,184,6,3,4
1469,702,254,61,53,184,6,3,3
1470,702,254,61,53,184,6,3,2
1471,702,254,61,53,184,6,3,4
1472,702,253,61,53,184,6,3,6
1473,702,253,61,53,184,6,3,7
1474,702,253,61,52,184,6,3,8
1475,702,253,61,52,184,6,3,9
1476,702,252,61,54,184,6,3,8
1477,702,252,61,54,184,6,3,6
1478,702,252,61,53,184,6,3,5
1479,702,252,61,53,184,6,3,6
1480,702,253,63,54,184,6,3,8
1481,702,253,63,54,184,6,3,9
1482,702,253,63,54,184,6,3,10
1483,702,253,63,54,184,6,3,10
1484,702,253,63,54,184,6,3,10
1485,702,253,63,54,184,6,3,8
1486,702,252,63,54,184,6,3,30
1487,702,253,63,54,184,6,3,57
1488,703,251,59,43,184,6,3,93
1489,703,251,59,44,184,6,3,81
1490,703,250,60,44,184,6,3,61
1496,702,252,63,54,184,6,3,29
1497,702,252,64,54,184,6,3,31
1498,702,252,64,54,184,6,3,38
1499,702,252,63,54,184,6,3,53
1500,702,254,62,53,184,6,3,45
1501,702,253,62,53,184,6,3,33
1502,702,253,62,53,184,6,3,16
1503,702,253,62,53,184,6,3,9
1504,702,253,62,53,184,6,3,5
1505,702,253,62,53,184,6,3,4
1506,702,253,62,53,184,6,3,3
1507,702,253,62,54,184,6,3,3
1508,702,253,62,53,184,6,3,2
1509,702,254,62,53,184,6,3,3
1510,702,254,62,53,184,6,3,3
1511,702,254,62,53,184,6,3,4
1512,702,254,63,52,184,6,3,3
1513,702,254,62,52,184,6,3,3
1514,702,254,63,52,184,6,3,3
1515,702,254,63,52,184,6,3,3
1516,702,254,63,52,184,6,3,3
1517,702,254,63,52,184,6,3,3
1518,702,254,63,53,184,6,3,3
1519,702,254,63,53,184,6,3,3
1520,703,250,59,32,184,6,3,3
1521,703,250,59,32,184,6,3,3
1522,703,251,59,31,184,6,3,3
1523,703,250,60,31,184,6,3,3
1524,702,253,63,53,185,6,3,2
1525,702,253,63,53,185,6,3,2
1526,702,253,63,53,185,6,3,4
1527,702,253,63,53,185,6,3,6
1528,702,252,64,54,185,6,3,8
1529,702,252,64,54,185,6,3,8
1530,702,252,64,54,185,6,3,8
1531,704,250,59,35,185,6,3,8
1532,704,250,59,35,185,6,3,8
1533,704,250,59,35,185,6,3,8
1534,704,250,59,35,185,6,3,8
1535,702,252,63,54,186,6,3,4
1536,702,253,62,52,186,6,3,3
1537,702,253,62,52,186,6,3,3
1538,702,253,62,52,186,6,3,2
1539,702,253,62,52,186,6,3,2
1540,702,253,62,52,186,6,3,3
1541,702,253,62,52,186,6,3,4
1542,702,253,62,53,186,6,3,5
1543,702,253,62,53,186,6,3,4
1544,702,252,63,54,186,6,3,3
1545,702,252,63,54,186,6,3,3
1546,702,252,63,54,186,6,3,3
1547,702,252,63,54,186,6,3,3
1548,702,253,62,53,186,6,3,3
1549,702,253,62,54,186,6,3,4
1550,702,253,62,53,186,6,3,4
1551,702,253,62,53,186,6,3,5
1552,702,251,62,55,186,6,3,3
1553,702,251,62,55,186,6,3,3
1554,702,251,62,55,186,6,3,1
1555,702,251,62,55,186,6,3,2
1556,702,251,62,55,186,6,3,2
1557,702,251,62,55,186,6,3,2
1558,702,251,62,55,186,6,3,1
1559,702,252,62,54,186,6,3,0
1560,702,252,63,54,186,6,3,0
1561,702,252,63,54,186,6,3,1
1562,702,252,63,54,186,6,3,1
1563,702,251,62,56,186,6,3,3
1564,702,252,63,54,186,6,3,3
1565,702,252,62,55,186,6,3,3
1566,702,251,62,56,186,6,3,2
1567,702,252,63,54,186,6,3,3
1568,702,253,63,53,186,6,3,3
1569,702,253,63,53,186,6,3,5
1570,702,253,63,53,186,6,3,7
1571,702,253,63,53,186,6,3,10
1572,704,254,58,28,186,6,3,10
1573,705,252,57,21,186,6,3,10
1574,704,254,59,28,187,6,3,17
1575,704,254,59,28,187,6,3,12
1576,703,250,60,31,187,6,3,16
1577,703,250,60,32,187,6,3,20
1578,703,251,60,32,187,6,3,54
1581,703,250,60,34,187,6,3,85
1584,702,253,62,52,187,6,3,120
1585,702,253,62,53,187,6,3,130
1586,702,253,62,53,187,6,3,138
1587,702,253,62,53,187,6,3,144
1588,702,253,62,53,187,6,3,118
1589,702,253,62,53,187,6,3,86
1590,702,253,62,53,187,6,3,47
1591,702,253,62,53,187,6,3,35
1592,702,254,62,54,187,6,3,25
1593,702,253,62,54,187,6,3,19
1594,702,253,62,54,187,6,3,16
1595,702,253,62,54,187,6,3,13
1596,702,253,62,55,187,6,3,11
1597,702,253,62,54,187,6,3,8
1598,702,253,62,54,187,6,3,7
1599,702,253,62,54,187,6,3,6
1600,702,253,63,55,187,6,3,6
1601,702,253,63,55,187,6,3,4
1602,702,253,63,55,187,6,3,3
1603,702,253,63,54,187,6,3,3
1604,702,253,64,55,187,6,3,3
1605,702,253,64,55,187,6,3,3
1606,702,253,63,55,187,6,3,4
1607,702,253,63,54,187,6,3,4
1608,702,255,63,53,187,6,3,5
1609,702,255,63,53,187,6,3,4
1610,702,254,63,53,187,6,3,4
1611,702,255,63,53,187,6,3,2
1612,702,255,63,53,187,6,3,1
1613,702,255,63,53,187,6,3,1
1614,702,255,63,53,187,6,3,4
1615,702,255,63,53,187,6,3,7
1616,702,252,63,53,187,6,3,12
1617,702,253,63,53,187,6,3,15
1618,702,253,63,52,187,6,3,16
1619,702,253,63,51,187,6,3,15
1620,702,254,63,53,187,6,3,20
1621,702,254,60,42,187,6,3,20
1622,702,254,60,45,187,6,3,18
1623,702,254,62,51,187,6,3,10
1624,702,254,63,51,187,6,3,10
1625,702,253,63,53,187,6,3,27
1626,702,253,62,52,187,6,3,48
1627,702,254,62,53,187,6,3,53
1628,702,254,61,51,187,6,3,42
1629,702,254,61,51,187,6,3,24
1630,702,254,62,50,187,6,3,19
1631,702,254,62,50,187,6,3,19
1632,702,254,62,50,187,6,3,35
1633,702,254,62,50,187,6,3,63
1634,702,254,60,40,187,6,3,95
1635,702,254,60,37,187,6,3,95
1636,702,253,62,56,187,6,3,83
1637,702,254,62,55,187,6,3,59
1638,702,254,62,55,187,6,3,62
1639,702,254,62,55,187,6,3,64
1640,702,254,62,51,187,6,3,67
1641,702,254,62,51,187,6,3,56
1642,702,254,62,51,187,6,3,48
1643,702,254,62,51,187,6,3,42
1644,702,254,62,51,187,6,3,32
1645,702,254,62,51,187,6,3,24
1646,702,255,62,51,187,6,3,17
1647,702,255,62,51,187,6,3,16
1648,702,254,62,53,187,6,3,15
1649,702,254,62,53,187,6,3,16
1650,702,254,62,53,187,6,3,17
1651,702,254,62,54,187,6,3,15
1652,702,254,62,54,187,6,3,11
1653,702,253,62,53,187,6,3,6
1654,702,253,62,53,187,6,3,7
1655,702,253,62,54,187,6,3,13
1656,702,253,63,51,187,6,3,21
1657,702,253,63,52,187,6,3,25
1658,702,253,63,51,187,6,3,23
1659,702,253,63,51,187,6,3,22
1660,702,253,63,52,187,6,3,17
1661,702,253,63,52,187,6,3,14
1662,702,253,63,52,187,6,3,7
1663,702,253,63,52,187,6,3,5
1664,702,254,63,50,187,6,3,6
1665,702,254,63,50,187,6,3,5
1666,702,254,63,49,187,6,3,8
1667,702,255,63,50,187,6,3,13
1668,702,255,63,52,187,6,3,20
1669,702,255,63,52,187,6,3,25
1670,702,255,63,52,187,6,3,22
1671,702,255,63,52,187,6,3,18
1672,702,254,63,51,187,6,3,15
1673,702,254,62,50,187,6,3,17
1674,702,254,62,50,187,6,3,20
1675,702,254,62,50,187,6,3,21
1676,702,254,62,50,187,6,3,17
1677,702,254,62,50,187,6,3,12
1678,702,254,62,50,187,6,3,7
1679,702,254,62,50,187,6,3,6
1680,702,253,61,52,187,6,3,4
1681,702,253,61,52,187,6,3,3
1682,702,253,61,52,187,6,3,3
1683,702,253,61,52,187,6,3,3
1684,702,253,61,52,187,6,3,4
1685,702,253,61,52,187,6,3,4
1686,702,253,61,52,187,6,3,6
1687,702,253,61,52,187,6,3,8
1688,702,253,62,53,187,6,3,10
1689,702,253,62,53,187,6,3,11
1690,702,253,62,53,187,6,3,12
1691,702,253,62,53,187,6,3,12
1692,702,253,62,54,187,6,3,11
1693,702,253,62,54,187,6,3,8
1694,702,253,62,54,187,6,3,5
1695,702,253,63,54,187,6,3,3
1696,702,254,62,52,187,6,3,2
1697,702,254,62,53,187,6,3,1
1698,702,254,62,53,187,6,3,0
1699,702,254,63,53,187,6,3,0
1700,702,254,63,52,187,6,3,0
1701,702,254,63,52,187,6,3,0
1702,702,254,63,52,187,6,3,2
1703,702,254,63,52,187,6,3,5
1704,702,254,62,51,187,6,3,8
1705,702,254,62,51,187,6,3,9
1706,702,254,62,51,187,6,3,9
1707,702,254,62,51,187,6,3,9
1708,702,254,62,51,187,6,3,8
1709,702,254,62,51,187,6,3,6
1710,702,254,62,51,187,6,3,5
1711,702,254,62,51,187,6,3,5
1712,702,254,62,51,187,6,3,5
1713,702,254,62,51,187,6,3,5
1714,702,254,62,51,187,6,3,10
1715,702,254,62,51,187,6,3,17
1716,702,254,62,55,187,6,3,27
1717,702,254,62,55,187,6,3,31
1718,702,254,62,56,187,6,3,37
1719,702,254,62,55,187,6,3,40
1720,702,254,62,54,187,6,3,35
1721,702,254,62,54,187,6,3,26
1722,702,254,62,54,187,6,3,16
1723,702,254,62,54,187,6,3,15
1724,702,254,62,54,187,6,3,12
1725,702,254,62,53,187,6,3,10
1726,702,254,62,53,187,6,3,11
1727,702,254,62,53,187,6,3,14
1728,702,253,62,52,187,6,3,18
1729,702,253,62,52,187,6,3,17
1730,702,253,62,52,187,6,3,16
1731,702,254,62,52,187,6,3,13
1732,702,254,62,52,187,6,3,12
1733,702,254,63,52,187,6,3,10
1734,702,254,63,52,187,6,3,9
1735,702,254,63,52,187,6,3,33
1736,702,255,59,37,187,6,3,62
1737,702,255,59,37,187,6,3,96
1738,702,255,59,37,187,6,3,115
1739,702,255,59,37,187,6,3,103
1740,702,254,62,50,187,6,3,106
1741,702,254,62,50,187,6,3,97
1742,702,254,62,50,187,6,3,117
1743,702,254,62,50,187,6,3,115
1744,702,253,63,51,187,6,3,96
1745,702,253,62,51,187,6,3,70
1746,702,253,62,51,187,6,3,38
1747,702,253,62,52,187,6,3,25
1748,702,253,62,52,187,6,3,15
1749,702,253,62,52,187,6,3,11
1750,702,253,62,52,187,6,3,10
1751,702,253,63,52,187,6,3,11
1752,702,254,62,52,187,6,3,12
1753,702,254,62,52,187,6,3,12
1754,702,254,62,52,187,6,3,12
1755,702,254,62,52,187,6,3,12
1756,702,254,62,52,187,6,3,9
1757,702,254,62,52,187,6,3,6
1758,702,254,62,52,187,6,3,6
1759,702,254,62,52,187,6,3,9
1760,702,254,63,51,187,6,3,11
1761,702,254,63,50,187,6,3,9
1762,702,254,63,51,187,6,3,8
1763,702,255,63,51,187,6,3,7
1764,702,255,63,50,187,6,3,7
1765,702,255,63,50,187,6,3,6
1766,702,255,63,50,187,6,3,13
1767,702,255,63,50,187,6,3,20
1768,702,254,62,48,187,6,3,28
1769,702,254,62,48,187,6,3,28
1770,702,254,62,48,187,6,3,28
1771,702,254,61,48,187,6,3,29
1772,702,254,61,48,187,6,3,25
1773,702,254,61,47,187,6,3,41
1774,702,255,59,35,187,6,3,63
1775,702,255,59,35,187,6,3,75
1776,702,255,62,50,187,6,3,66
1777,702,255,62,50,187,6,3,48
1778,702,255,62,51,187,6,3,72
1779,702,255,62,51,187,6,3,95
1780,702,255,62,51,187,6,3,99
1781,702,255,62,51,187,6,3,71
1782,702,255,62,51,187,6,3,40
1783,702,255,62,51,187,6,3,29
1784,702,256,62,52,187,6,3,22
1785,702,256,62,52,187,6,3,19
1786,702,256,62,52,187,6,3,18
1787,702,256,62,52,187,6,3,18
1788,702,256,63,52,187,6,3,15
1789,702,256,63,52,187,6,3,11
1790,702,256,63,52,187,6,3,10
1791,702,256,63,52,187,6,3,13
1792,702,255,61,51,187,6,3,16
1793,702,255,61,51,187,6,3,16
1794,702,255,61,51,187,6,3,16
1795,702,255,61,51,187,6,3,16
1796,702,255,61,51,187,6,3,13
1797,702,255,62,51,187,6,3,9
1798,702,255,62,51,187,6,3,8
1799,702,255,62,51,187,6,3,10
1800,702,253,63,52,187,6,3,11
1801,702,253,63,52,187,6,3,10
1802,702,253,63,53,187,6,3,10
1803,702,253,63,52,187,6,3,11
1804,702,253,63,52,187,6,3,9
1805,702,253,63,52,187,6,3,7
1806,702,253,63,52,187,6,3,5
1807,702,253,63,52,187,6,3,7
1808,702,253,63,53,187,6,3,10
1809,702,253,63,53,187,6,3,13
1810,702,253,63,53,187,6,3,13
1811,702,253,63,53,187,6,3,12
1812,702,253,62,53,187,6,3,9
1813,702,253,62,53,187,6,3,6
1814,702,253,62,53,187,6,3,7
1815,702,253,62,53,187,6,3,9
1816,702,254,61,51,187,6,3,11
1817,702,254,61,51,187,6,3,9
1818,702,254,61,51,187,6,3,9
1819,702,254,61,51,187,6,3,8
1820,702,254,61,51,187,6,3,8
1821,702,254,61,51,187,6,3,7
1822,702,254,61,52,187,6,3,8
1823,702,254,61,52,187,6,3,10
1824,702,254,63,53,187,6,3,12
1825,702,254,62,53,187,6,3,12
1826,702,254,63,52,187,6,3,10
1827,702,254,63,52,187,6,3,8
1828,702,254,63,52,187,6,3,6
1829,702,254,63,52,187,6,3,4
1830,702,254,63,52,187,6,3,4
1831,702,254,63,53,187,6,3,6
1832,702,255,62,53,187,6,3,9
1833,702,255,62,53,187,6,3,9
1834,702,255,62,53,187,6,3,10
1835,702,255,62,52,187,6,3,8
1836,702,256,60,52,187,6,3,8
1837,702,256,60,51,187,6,3,5
1838,702,256,60,51,187,6,3,4
1839,702,256,60,51,187,6,3,3
1840,702,255,61,52,187,6,3,3
1841,702,255,61,52,187,6,3,4
1842,702,255,61,52,187,6,3,6
1843,702,255,61,52,187,6,3,9
1844,702,255,61,51,187,6,3,11
1845,702,255,61,50,187,6,3,11
1846,702,255,62,51,187,6,3,17
1847,702,255,61,51,187,6,3,35
1848,702,252,63,51,187,6,3,49
1849,702,254,61,43,187,6,3,51
1850,702,254,61,46,187,6,3,37
1851,702,253,63,49,187,6,3,26
1852,702,253,63,52,187,6,3,22
1853,702,254,62,53,187,6,3,36
1854,702,253,63,54,187,6,3,51
1855,702,254,62,53,187,6,3,62
1856,701,255,61,52,187,6,3,56
1857,702,255,61,52,187,6,3,43
1858,702,254,61,53,187,6,3,31
1859,702,254,61,54,187,6,3,24
1860,702,255,60,54,187,6,3,25
1861,702,254,61,55,187,6,3,26
1862,702,255,61,56,187,6,3,26
1863,702,255,61,55,187,6,3,20
1864,702,255,60,54,187,6,3,13
1865,702,255,60,54,187,6,3,17
1866,702,255,60,53,187,6,3,23
1867,702,255,61,50,187,6,3,31
1871,702,255,61,50,187,6,3,29
1872,702,255,63,50,187,6,3,26
1873,702,255,63,50,187,6,3,21
1874,702,255,63,51,187,6,3,14
1875,702,255,63,51,187,6,3,10
1876,702,255,63,51,187,6,3,7
1877,702,255,63,49,187,6,3,7
1878,702,255,63,49,187,6,3,7
1879,702,255,63,49,187,6,3,5
1880,702,255,62,51,187,6,3,3
1881,702,255,62,51,187,6,3,9
1882,702,255,62,51,187,6,3,12
1883,702,255,62,52,187,6,3,25
1884,702,253,62,53,187,6,3,22
1885,702,254,62,54,187,6,3,23
1886,702,253,62,54,187,6,3,12
1887,702,254,62,53,187,6,3,8
1888,702,254,62,53,187,6,3,6
1889,702,254,62,53,187,6,3,8
1890,702,254,62,53,187,6,3,10
1891,702,254,62,53,187,6,3,10
1892,702,254,62,52,187,6,3,12
1893,702,254,62,53,187,6,3,15
1894,702,254,62,51,187,6,3,16
1895,702,254,62,51,187,6,3,12
1907,702,254,61,52,187,6,3,6
1908,702,253,61,53,187,6,3,4
1909,702,253,61,54,187,6,3,4
1910,702,254,61,53,187,6,3,5
1911,702,254,61,53,187,6,3,7
1912,702,255,60,53,187,6,3,7
1665,670,11,56,32,188,6,5,8
1666,668,6,58,36,188,6,5,7
1667,664,7,63,35,188,6,5,6
1668,660,11,64,31,188,6,5,5
1669,655,9,68,33,188,6,5,5
1670,653,6,69,36,188,6,5,5
1671,652,7,72,34,188,6,5,4
1673,643,9,84,33,188,6,5,3
1674,641,8,86,33,188,6,5,2
1675,637,8,90,34,188,6,5,2
1676,633,8,91,35,188,6,5,3
1677,629,7,95,36,188,6,5,3
1678,625,8,100,35,188,6,5,5
1679,623,7,102,36,188,6,5,6
1680,620,3,105,40,188,6,5,7
1681,617,3,107,41,188,6,5,7
1682,615,4,109,40,188,6,5,6
1683,611,1,113,43,188,6,5,6
1684,609,1,114,43,188,6,5,5
1685,607,0,116,44,188,6,5,5
1686,605,1,113,43,188,6,5,4
1687,602,1,112,44,188,6,5,5
1688,600,0,103,45,188,6,5,6
1689,599,0,99,46,188,6,5,8
1690,597,0,98,45,188,6,5,9
1691,596,0,95,46,188,6,5,10
1692,594,0,92,46,188,6,5,8
1693,593,0,87,47,188,6,5,6
1694,630,0,44,45,188,6,5,4
1695,627,0,46,45,188,6,5,4
1696,624,0,42,45,188,6,5,5
1703,586,2,42,48,188,6,5,8
1704,586,11,41,39,188,6,5,11
1705,585,9,42,42,188,6,5,14
1706,585,9,42,43,188,6,5,15
1707,585,6,40,46,188,6,5,16
1708,585,7,43,45,188,6,5,17
1709,586,14,42,39,188,6,5,19
1710,586,15,42,39,188,6,5,20
1711,586,16,41,39,188,6,5,21
1712,586,16,41,39,188,6,5,23
1713,587,17,40,39,188,6,5,25
1714,587,18,40,39,188,6,5,25
1715,587,19,41,39,188,6,5,26
1716,587,19,42,39,188,6,5,26
1717,587,20,43,40,188,6,5,27
1718,587,20,43,40,188,6,5,26
1719,588,21,44,39,188,6,5,25
1720,589,22,43,39,188,6,5,25
1721,590,22,43,40,188,6,5,25
1722,592,23,42,39,188,6,5,26
1723,592,24,43,40,188,6,5,28
1724,593,24,43,41,188,6,5,30
1725,594,24,42,42,188,6,5,31
1726,595,24,43,42,188,6,5,32
1727,596,25,42,42,188,6,5,33
1728,598,25,42,43,188,6,5,33
1729,598,27,43,42,188,6,5,32
1730,598,28,43,41,188,6,5,31
1731,598,29,44,41,188,6,5,31
1732,598,29,45,42,188,6,5,31
1733,595,16,49,56,188,6,5,32
1734,595,16,49,56,188,6,5,33
1735,597,17,49,57,188,6,5,37
1736,600,33,45,42,188,6,5,41
1737,600,34,45,43,188,6,5,47
1738,601,34,45,44,188,6,5,50
1739,601,36,45,43,188,6,5,51
1740,601,36,45,43,188,6,5,48
1741,600,37,46,43,188,6,5,47
1742,601,38,46,43,188,6,5,46
1743,601,39,46,43,188,6,5,48
1744,601,39,46,45,188,6,5,51
1745,601,41,46,44,188,6,5,54
1746,601,42,45,44,188,6,5,60
1747,601,43,46,44,188,6,5,65
1748,602,44,45,45,188,6,5,67
1749,602,46,46,44,188,6,5,69
1750,602,46,45,44,188,6,5,69
1751,602,47,46,45,188,6,5,72
1752,601,48,47,45,188,6,5,70
1753,601,49,47,46,188,6,5,67
1754,601,49,48,46,188,6,5,62
1755,601,51,48,45,188,6,5,60
1756,600,52,48,44,188,6,5,62
1757,601,53,47,45,188,6,5,66
1758,601,54,47,45,188,6,5,78
1759,601,55,47,46,188,6,5,90
1760,600,57,48,47,188,6,5,104
1761,600,58,49,47,188,6,5,113
1762,600,59,48,47,188,6,5,118
1763,599,60,48,47,188,6,5,120
1764,599,61,49,48,188,6,5,117
1765,598,62,48,48,188,6,5,117
1766,598,63,48,48,188,6,5,116
1767,598,65,48,48,188,6,5,125
1768,597,66,49,48,188,6,5,131
1769,596,67,50,49,188,6,5,141
1770,596,69,50,49,188,6,5,150
1771,596,71,51,48,188,6,5,159
1772,595,72,51,49,188,6,5,165
1773,595,73,52,49,188,6,5,166
1774,595,73,52,50,188,6,5,167
1775,595,75,53,51,188,6,5,167
1776,594,76,52,51,188,6,5,167
1777,594,77,53,51,188,6,5,167
1778,594,79,52,51,188,6,5,167
1779,595,80,52,52,188,6,5,167
1780,595,82,52,52,188,6,5,167
1781,595,84,52,51,188,6,5,167
1782,594,84,53,52,188,6,5,167
1783,594,85,54,54,188,6,5,167
1784,594,88,54,52,188,6,5,167
1785,594,89,54,53,188,6,5,167
1786,593,90,55,53,188,6,5,167
1787,593,91,55,54,188,6,5,167
1788,593,94,56,53,188,6,5,167
1789,592,96,57,54,188,6,5,167
1790,592,96,57,55,188,6,5,167
1791,592,97,56,56,188,6,5,167
1792,592,99,56,56,188,6,5,167
1793,591,101,57,56,188,6,5,167
1794,591,102,57,56,188,6,5,167
1795,591,104,57,57,188,6,5,167
1796,590,106,58,56,188,6,5,167
1797,589,108,58,57,188,6,5,167
1798,588,108,59,58,188,6,5,167
1799,588,109,60,59,188,6,5,167
1800,587,112,60,58,188,6,5,167
1801,586,113,61,58,188,6,5,167
1802,585,114,61,59,188,6,5,167
1803,584,116,60,59,188,6,5,167
1804,583,118,62,59,188,6,5,167
1805,582,119,63,61,188,6,5,167
1806,582,120,62,61,188,6,5,167
1807,580,122,63,61,188,6,5,167
1808,578,125,63,61,188,6,5,167
1809,577,126,63,62,188,6,5,167
1810,577,128,63,62,188,6,5,167
1811,576,130,63,62,188,6,5,167
1812,574,131,65,63,188,6,5,167
1813,574,133,65,64,188,6,5,167
1814,573,136,65,63,188,6,5,167
1815,572,137,66,65,188,6,5,167
1816,572,139,66,65,188,6,5,167
1817,572,142,66,65,188,6,5,167
1818,572,143,67,66,188,6,5,167
1819,571,146,67,66,188,6,5,167
1820,571,149,67,66,188,6,5,167
1821,571,150,68,67,188,6,5,167
1822,571,152,68,67,188,6,5,167
1823,571,155,69,68,188,6,5,167
1824,572,157,69,69,188,6,5,167
1825,572,160,70,68,188,6,5,167
1826,572,161,70,70,188,6,5,167
1827,573,165,70,70,188,6,5,167
1828,573,167,70,70,188,6,5,167
1829,574,169,71,71,188,6,5,167
1830,575,170,70,72,188,6,5,167
1831,575,173,72,72,188,6,5,167
1832,575,177,72,71,188,6,5,167
1833,576,179,73,73,188,6,5,167
1834,576,181,73,73,188,6,5,167
1835,576,183,75,75,188,6,5,167
1836,576,186,75,74,188,6,5,167
1837,578,189,75,74,188,6,5,167
1838,578,191,75,75,188,6,5,167
1839,578,193,76,75,188,6,5,167
1840,579,196,76,76,188,6,5,167
1841,579,199,76,76,188,6,5,167
1842,579,201,78,77,188,6,5,167
1843,580,203,78,78,188,6,5,167
1844,581,205,79,79,188,6,5,167
1845,581,208,80,79,188,6,5,167
1846,583,211,79,78,188,6,5,167
1847,583,212,80,80,188,6,5,167
1848,582,214,81,81,188,6,5,167
1849,583,216,82,82,188,6,5,168
1850,582,218,83,82,188,6,5,168
1851,582,221,83,82,188,6,5,167
1852,583,224,84,82,188,6,5,162
1853,583,226,84,83,188,6,5,154
1854,582,226,86,86,188,6,5,145
1855,582,228,85,86,188,6,5,137
1856,582,230,86,86,188,6,5,128
1857,581,233,87,87,188,6,5,118
1858,581,235,89,86,188,6,5,110
1859,580,237,89,86,188,6,5,105
1860,579,238,90,89,188,6,5,101
1861,579,241,90,88,188,6,5,96
1862,578,242,91,89,188,6,5,92
1863,577,244,91,90,188,6,5,89
1864,576,247,94,90,188,6,5,86
1865,576,248,92,91,188,6,5,81
1866,574,249,93,91,188,6,5,76
1867,573,251,94,92,188,6,5,73
1868,572,252,95,94,188,6,5,68
1869,570,253,96,95,188,6,5,64
1870,568,252,97,97,188,6,5,60
1871,567,253,98,99,188,6,5,59
1872,563,256,101,98,188,6,5,57
1873,562,256,101,100,188,6,5,55
1874,560,258,102,100,188,6,5,55
1875,560,259,102,102,188,6,5,54
1876,559,261,103,102,188,6,5,53
1877,558,264,103,101,188,6,5,51
1878,557,264,103,103,188,6,5,49
1879,556,265,104,105,188,6,5,47
1880,556,266,106,105,188,6,5,44
1881,554,266,107,107,188,6,5,42
1882,551,230,112,145,188,6,5,40
1883,553,267,110,110,188,6,5,39
1884,552,267,111,112,188,6,5,38
1885,552,271,113,110,188,6,5,37
1886,551,273,114,110,188,6,5,37
1887,551,272,116,113,188,6,5,36
1888,550,272,118,115,188,6,5,35
1889,551,276,119,113,188,6,5,35
1890,550,274,121,117,188,6,5,35
1891,548,238,125,156,188,6,5,35
1892,548,239,129,157,188,6,5,35
1893,553,279,124,120,188,6,5,35
1894,556,277,122,123,188,6,5,35
1895,557,278,123,125,188,6,5,34
1896,556,279,126,127,188,6,5,34
1897,556,278,129,130,188,6,5,33
1898,557,282,129,128,188,6,5,33
1899,558,282,130,130,188,6,5,33
1900,556,283,132,132,188,6,5,32
1901,553,238,138,180,188,6,5,32
1902,555,239,137,181,188,6,5,32
1903,556,238,137,185,188,6,5,32
1904,556,242,139,184,188,6,5,33
1905,557,292,139,137,188,6,5,33
1906,557,295,140,136,188,6,5,33
1907,556,296,143,139,188,6,5,33
1908,556,296,146,142,188,6,5,32
1909,555,297,147,144,188,6,5,32
1910,555,298,148,145,188,6,5,31
1911,554,298,149,149,188,6,5,31
1912,553,301,151,149,188,6,5,31
1913,552,302,153,151,188,6,5,30
1914,551,303,154,153,188,6,5,31
1915,549,304,157,157,188,6,5,31
1916,545,244,161,220,188,6,5,31
1917,543,247,164,221,188,6,5,30
1918,541,247,165,223,188,6,5,29
1919,538,306,166,169,188,6,5,29
1920,534,312,169,166,188,6,5,29
1921,530,314,173,169,188,6,5,28
1922,528,316,175,170,188,6,5,28
1923,519,316,183,174,188,6,5,28
1924,516,320,183,175,188,6,5,28
1925,509,255,192,245,188,6,5,28
1926,502,260,194,242,188,6,5,27
1927,501,311,186,196,188,6,5,27
1856,578,198,92,74,189,0,2,155
1857,577,204,94,71,189,0,2,148
1858,577,202,94,75,189,0,2,135
1859,577,204,95,74,189,0,2,117
1860,577,204,95,74,189,0,2,105
1861,576,209,96,70,189,0,2,115
1862,575,208,96,73,189,0,2,123
1864,574,209,98,81,189,0,2,131
1867,569,220,101,73,189,0,2,130
1868,568,225,102,67,189,0,2,140
1869,566,226,105,69,189,0,2,146
1870,563,229,106,71,189,0,2,152
1861,633,216,39,64,190,0,1,148
1862,633,218,39,63,190,0,1,148
1863,633,220,40,63,190,0,1,148
1865,631,225,41,64,190,0,1,148
1866,630,225,41,67,190,0,1,148
1911,547,267,67,101,191,0,11,66
1912,546,269,68,101,191,0,11,59
1913,544,269,69,104,191,0,11,54
1914,543,270,70,103,191,0,11,48
1915,541,271,70,104,191,0,11,47
