1,1,1096,259,78,62,1,-1,-1,-1
2,1,1093,258,77,61,1,-1,-1,-1
3,1,1092,259,74,59,1,-1,-1,-1
4,1,1089,257,74,59,1,-1,-1,-1
5,1,1087,256,73,58,1,-1,-1,-1
6,1,1085,254,71,58,1,-1,-1,-1
7,1,1084,254,69,57,1,-1,-1,-1
8,1,1083,253,67,56,1,-1,-1,-1
9,1,1081,252,67,57,1,-1,-1,-1
10,1,1080,252,63,56,1,-1,-1,-1
11,1,1080,251,60,53,1,-1,-1,-1
12,1,1078,251,60,53,1,-1,-1,-1
13,1,1077,249,60,53,1,-1,-1,-1
14,1,1078,249,58,51,1,-1,-1,-1
15,1,1077,249,58,50,1,-1,-1,-1
16,1,1077,248,56,50,1,-1,-1,-1
17,1,1077,248,55,50,1,-1,-1,-1
18,1,1076,246,54,49,1,-1,-1,-1
19,1,1075,246,53,49,1,-1,-1,-1
20,1,1075,244,52,50,1,-1,-1,-1
21,1,1075,245,51,48,1,-1,-1,-1
22,1,1076,245,50,47,1,-1,-1,-1
23,1,1076,243,50,46,1,-1,-1,-1
24,1,1078,243,47,46,1,-1,-1,-1
25,1,1076,243,49,45,1,-1,-1,-1
26,1,1077,243,48,44,1,-1,-1,-1
27,1,1079,244,46,43,1,-1,-1,-1
28,1,1078,243,46,41,1,-1,-1,-1
29,1,1078,241,48,40,1,-1,-1,-1
30,1,1079,239,46,43,1,-1,-1,-1
31,1,1081,239,44,43,1,-1,-1,-1
32,1,1080,240,45,39,1,-1,-1,-1
33,1,1080,240,46,39,1,-1,-1,-1
34,1,1081,240,44,39,1,-1,-1,-1
35,1,1081,239,44,39,1,-1,-1,-1
36,1,1082,240,44,37,1,-1,-1,-1
37,1,1083,240,43,36,1,-1,-1,-1
38,1,1084,238,41,37,1,-1,-1,-1
39,1,1084,236,41,39,1,-1,-1,-1
40,1,1084,236,41,38,1,-1,-1,-1
41,1,1084,238,40,35,1,-1,-1,-1
42,1,1084,238,40,34,1,-1,-1,-1
43,1,1083,239,41,32,1,-1,-1,-1
44,1,1084,239,40,31,1,-1,-1,-1
45,1,1085,237,39,33,1,-1,-1,-1
46,1,1086,237,38,34,1,-1,-1,-1
47,1,1086,235,39,33,1,-1,-1,-1
48,1,1088,236,36,33,1,-1,-1,-1
49,1,1088,238,34,30,1,-1,-1,-1
50,1,1087,236,36,32,1,-1,-1,-1
51,1,1087,239,37,28,1,-1,-1,-1
52,1,1088,238,36,28,1,-1,-1,-1
53,1,1089,238,35,27,1,-1,-1,-1
54,1,1091,237,34,28,1,-1,-1,-1
55,1,1091,236,33,29,1,-1,-1,-1
56,1,1091,234,34,29,1,-1,-1,-1
57,1,1091,234,34,29,1,-1,-1,-1
58,1,1092,236,33,27,1,-1,-1,-1
59,1,1092,237,33,25,1,-1,-1,-1
60,1,1093,237,31,25,1,-1,-1,-1
61,1,1093,236,32,25,1,-1,-1,-1
62,1,1093,221,33,40,1,-1,-1,-1
63,1,1093,217,34,43,1,-1,-1,-1
64,1,1094,219,31,41,1,-1,-1,-1
65,1,1094,221,31,38,1,-1,-1,-1
66,1,1095,231,29,27,1,-1,-1,-1
67,1,1096,230,29,28,1,-1,-1,-1
70,1,1097,226,30,30,1,-1,-1,-1
71,1,1098,220,30,34,1,-1,-1,-1
72,1,1098,216,31,38,1,-1,-1,-1
73,1,1097,213,33,42,1,-1,-1,-1
74,1,1098,216,31,38,1,-1,-1,-1
75,1,1098,217,31,37,1,-1,-1,-1
76,1,1098,217,32,38,1,-1,-1,-1
77,1,1099,217,32,36,1,-1,-1,-1
78,1,1098,216,33,36,1,-1,-1,-1
79,1,1099,217,32,34,1,-1,-1,-1
80,1,1099,217,33,34,1,-1,-1,-1
81,1,1101,219,30,32,1,-1,-1,-1
82,1,1101,218,30,32,1,-1,-1,-1
83,1,1101,218,30,32,1,-1,-1,-1
84,1,1101,217,30,33,1,-1,-1,-1
85,1,1101,218,30,32,1,-1,-1,-1
86,1,1101,219,31,29,1,-1,-1,-1
87,1,1102,221,30,27,1,-1,-1,-1
88,1,1103,222,29,26,1,-1,-1,-1
89,1,1103,220,29,27,1,-1,-1,-1
90,1,1104,220,29,28,1,-1,-1,-1
91,1,1104,220,29,28,1,-1,-1,-1
92,1,1103,219,30,28,1,-1,-1,-1
93,1,1103,218,30,29,1,-1,-1,-1
94,1,1103,215,30,31,1,-1,-1,-1
95,1,1103,215,30,30,1,-1,-1,-1
96,1,1102,215,32,30,1,-1,-1,-1
97,1,1103,215,32,28,1,-1,-1,-1
1,2,1357,266,117,39,1,-1,-1,-1
2,2,1356,265,117,40,1,-1,-1,-1
3,2,1356,265,116,40,1,-1,-1,-1
4,2,1358,265,115,40,1,-1,-1,-1
5,2,1359,265,113,39,1,-1,-1,-1
6,2,1361,266,114,39,1,-1,-1,-1
7,2,1360,266,115,39,1,-1,-1,-1
8,2,1361,266,114,39,1,-1,-1,-1
9,2,1359,266,116,39,1,-1,-1,-1
10,2,1360,266,116,39,1,-1,-1,-1
11,2,1359,266,116,39,1,-1,-1,-1
12,2,1359,266,116,40,1,-1,-1,-1
13,2,1361,266,114,40,1,-1,-1,-1
14,2,1363,266,111,39,1,-1,-1,-1
15,2,1365,266,108,39,1,-1,-1,-1
16,2,1365,266,107,39,1,-1,-1,-1
17,2,1366,266,106,40,1,-1,-1,-1
18,2,1365,265,108,40,1,-1,-1,-1
19,2,1363,266,111,39,1,-1,-1,-1
20,2,1361,266,114,39,1,-1,-1,-1
21,2,1361,266,113,40,1,-1,-1,-1
22,2,1361,266,113,40,1,-1,-1,-1
23,2,1361,266,113,40,1,-1,-1,-1
24,2,1363,266,112,39,1,-1,-1,-1
25,2,1361,266,114,39,1,-1,-1,-1
26,2,1361,266,114,39,1,-1,-1,-1
27,2,1361,266,114,39,1,-1,-1,-1
28,2,1359,266,116,39,1,-1,-1,-1
29,2,1358,266,116,39,1,-1,-1,-1
30,2,1358,266,116,39,1,-1,-1,-1
31,2,1359,266,116,39,1,-1,-1,-1
32,2,1359,266,115,40,1,-1,-1,-1
33,2,1360,266,115,40,1,-1,-1,-1
34,2,1361,266,114,40,1,-1,-1,-1
35,2,1361,266,114,40,1,-1,-1,-1
36,2,1361,266,114,40,1,-1,-1,-1
37,2,1360,265,114,40,1,-1,-1,-1
38,2,1360,265,113,40,1,-1,-1,-1
39,2,1360,266,114,39,1,-1,-1,-1
40,2,1360,266,114,39,1,-1,-1,-1
41,2,1359,265,115,40,1,-1,-1,-1
42,2,1360,266,116,40,1,-1,-1,-1
43,2,1361,266,113,40,1,-1,-1,-1
44,2,1362,266,112,40,1,-1,-1,-1
45,2,1362,266,112,40,1,-1,-1,-1
46,2,1361,266,115,40,1,-1,-1,-1
47,2,1360,266,115,40,1,-1,-1,-1
48,2,1359,266,114,39,1,-1,-1,-1
49,2,1360,266,114,40,1,-1,-1,-1
50,2,1361,266,116,40,1,-1,-1,-1
51,2,1360,266,116,40,1,-1,-1,-1
52,2,1360,266,116,40,1,-1,-1,-1
53,2,1360,266,115,40,1,-1,-1,-1
54,2,1360,266,115,39,1,-1,-1,-1
55,2,1360,266,115,39,1,-1,-1,-1
56,2,1358,266,117,40,1,-1,-1,-1
57,2,1358,265,115,40,1,-1,-1,-1
58,2,1358,265,115,39,1,-1,-1,-1
59,2,1357,266,116,39,1,-1,-1,-1
60,2,1357,266,118,39,1,-1,-1,-1
61,2,1359,266,117,39,1,-1,-1,-1
62,2,1360,266,117,40,1,-1,-1,-1
63,2,1359,266,118,39,1,-1,-1,-1
64,2,1360,266,113,39,1,-1,-1,-1
65,2,1359,266,114,40,1,-1,-1,-1
66,2,1358,266,115,40,1,-1,-1,-1
67,2,1358,266,115,39,1,-1,-1,-1
68,2,1359,266,115,39,1,-1,-1,-1
69,2,1360,266,113,40,1,-1,-1,-1
70,2,1362,266,111,40,1,-1,-1,-1
71,2,1362,266,111,39,1,-1,-1,-1
72,2,1361,266,112,39,1,-1,-1,-1
73,2,1361,265,112,39,1,-1,-1,-1
74,2,1359,265,115,40,1,-1,-1,-1
75,2,1359,265,115,40,1,-1,-1,-1
76,2,1359,265,115,40,1,-1,-1,-1
77,2,1359,265,114,40,1,-1,-1,-1
78,2,1359,265,115,40,1,-1,-1,-1
79,2,1359,265,115,40,1,-1,-1,-1
80,2,1359,265,115,40,1,-1,-1,-1
81,2,1360,265,114,40,1,-1,-1,-1
82,2,1359,265,116,41,1,-1,-1,-1
83,2,1359,265,116,41,1,-1,-1,-1
84,2,1359,265,116,40,1,-1,-1,-1
85,2,1358,265,116,41,1,-1,-1,-1
86,2,1358,265,116,40,1,-1,-1,-1
87,2,1358,265,114,41,1,-1,-1,-1
88,2,1358,265,115,40,1,-1,-1,-1
89,2,1358,265,114,40,1,-1,-1,-1
90,2,1359,265,117,41,1,-1,-1,-1
91,2,1360,265,117,41,1,-1,-1,-1
92,2,1358,265,119,42,1,-1,-1,-1
108,2,1360,265,112,41,1,-1,-1,-1
109,2,1359,264,115,39,1,-1,-1,-1
110,2,1368,265,110,39,1,-1,-1,-1
128,2,1360,266,115,40,1,-1,-1,-1
130,2,1357,266,120,39,1,-1,-1,-1
131,2,1359,267,116,39,1,-1,-1,-1
132,2,1358,267,117,39,1,-1,-1,-1
133,2,1358,266,117,41,1,-1,-1,-1
134,2,1361,266,112,40,1,-1,-1,-1
135,2,1361,266,112,40,1,-1,-1,-1
136,2,1361,266,112,39,1,-1,-1,-1
137,2,1361,266,112,39,1,-1,-1,-1
138,2,1361,266,112,39,1,-1,-1,-1
139,2,1360,266,113,40,1,-1,-1,-1
140,2,1360,265,112,40,1,-1,-1,-1
141,2,1359,265,114,40,1,-1,-1,-1
142,2,1359,265,114,40,1,-1,-1,-1
143,2,1360,265,114,40,1,-1,-1,-1
144,2,1363,266,112,40,1,-1,-1,-1
145,2,1361,265,111,40,1,-1,-1,-1
146,2,1361,266,111,40,1,-1,-1,-1
147,2,1361,266,111,40,1,-1,-1,-1
148,2,1361,266,111,40,1,-1,-1,-1
149,2,1361,266,110,40,1,-1,-1,-1
150,2,1360,265,112,41,1,-1,-1,-1
151,2,1360,266,113,40,1,-1,-1,-1
152,2,1360,266,113,39,1,-1,-1,-1
153,2,1360,265,117,41,1,-1,-1,-1
154,2,1360,265,114,40,1,-1,-1,-1
155,2,1360,266,116,40,1,-1,-1,-1
156,2,1360,265,114,40,1,-1,-1,-1
157,2,1359,266,114,39,1,-1,-1,-1
158,2,1357,265,114,40,1,-1,-1,-1
159,2,1358,265,115,40,1,-1,-1,-1
160,2,1358,265,114,40,1,-1,-1,-1
161,2,1360,266,112,40,1,-1,-1,-1
162,2,1360,265,112,40,1,-1,-1,-1
163,2,1360,265,116,41,1,-1,-1,-1
164,2,1360,265,115,40,1,-1,-1,-1
165,2,1360,265,115,40,1,-1,-1,-1
166,2,1359,265,116,40,1,-1,-1,-1
167,2,1358,265,118,41,1,-1,-1,-1
168,2,1358,265,119,41,1,-1,-1,-1
169,2,1359,265,117,41,1,-1,-1,-1
170,2,1359,265,116,40,1,-1,-1,-1
171,2,1359,265,117,40,1,-1,-1,-1
172,2,1360,266,115,40,1,-1,-1,-1
173,2,1360,266,118,40,1,-1,-1,-1
174,2,1360,266,117,39,1,-1,-1,-1
175,2,1360,266,116,39,1,-1,-1,-1
176,2,1359,265,116,40,1,-1,-1,-1
177,2,1359,266,115,40,1,-1,-1,-1
178,2,1361,266,113,40,1,-1,-1,-1
179,2,1360,266,115,40,1,-1,-1,-1
180,2,1360,265,115,40,1,-1,-1,-1
181,2,1360,265,114,40,1,-1,-1,-1
182,2,1361,266,114,39,1,-1,-1,-1
183,2,1363,266,113,39,1,-1,-1,-1
184,2,1360,265,115,40,1,-1,-1,-1
185,2,1360,265,116,40,1,-1,-1,-1
186,2,1358,264,117,41,1,-1,-1,-1
187,2,1360,265,116,41,1,-1,-1,-1
188,2,1360,265,115,40,1,-1,-1,-1
189,2,1361,265,115,41,1,-1,-1,-1
190,2,1361,265,115,41,1,-1,-1,-1
191,2,1362,266,116,40,1,-1,-1,-1
192,2,1363,265,116,40,1,-1,-1,-1
193,2,1362,265,117,40,1,-1,-1,-1
194,2,1359,265,117,41,1,-1,-1,-1
195,2,1360,265,116,41,1,-1,-1,-1
196,2,1359,265,115,41,1,-1,-1,-1
197,2,1359,265,117,40,1,-1,-1,-1
198,2,1359,265,117,40,1,-1,-1,-1
199,2,1359,265,118,41,1,-1,-1,-1
200,2,1360,265,118,40,1,-1,-1,-1
201,2,1360,265,119,40,1,-1,-1,-1
202,2,1360,265,119,40,1,-1,-1,-1
203,2,1360,265,118,40,1,-1,-1,-1
204,2,1361,266,118,40,1,-1,-1,-1
205,2,1360,266,119,40,1,-1,-1,-1
206,2,1357,265,121,40,1,-1,-1,-1
207,2,1358,265,120,40,1,-1,-1,-1
208,2,1358,265,120,40,1,-1,-1,-1
209,2,1358,266,121,40,1,-1,-1,-1
210,2,1358,265,121,40,1,-1,-1,-1
211,2,1361,266,114,40,1,-1,-1,-1
212,2,1360,266,114,39,1,-1,-1,-1
213,2,1359,266,116,40,1,-1,-1,-1
214,2,1358,265,119,41,1,-1,-1,-1
215,2,1358,265,120,40,1,-1,-1,-1
216,2,1357,265,119,41,1,-1,-1,-1
217,2,1360,265,117,41,1,-1,-1,-1
218,2,1360,265,116,41,1,-1,-1,-1
219,2,1362,265,115,41,1,-1,-1,-1
220,2,1363,265,113,41,1,-1,-1,-1
221,2,1363,266,113,40,1,-1,-1,-1
222,2,1363,265,114,41,1,-1,-1,-1
223,2,1362,266,113,40,1,-1,-1,-1
224,2,1362,266,114,40,1,-1,-1,-1
225,2,1361,265,115,41,1,-1,-1,-1
226,2,1361,266,115,40,1,-1,-1,-1
227,2,1362,266,113,40,1,-1,-1,-1
228,2,1362,266,116,40,1,-1,-1,-1
229,2,1364,266,114,40,1,-1,-1,-1
230,2,1364,266,114,41,1,-1,-1,-1
231,2,1364,266,114,40,1,-1,-1,-1
232,2,1363,265,114,41,1,-1,-1,-1
233,2,1360,265,118,42,1,-1,-1,-1
234,2,1360,265,118,41,1,-1,-1,-1
235,2,1360,265,119,41,1,-1,-1,-1
236,2,1361,265,118,41,1,-1,-1,-1
237,2,1360,265,118,41,1,-1,-1,-1
238,2,1362,265,117,41,1,-1,-1,-1
239,2,1360,266,117,40,1,-1,-1,-1
240,2,1361,266,117,40,1,-1,-1,-1
241,2,1358,265,119,40,1,-1,-1,-1
242,2,1357,264,120,40,1,-1,-1,-1
243,2,1358,266,120,40,1,-1,-1,-1
244,2,1358,265,121,40,1,-1,-1,-1
245,2,1359,264,119,41,1,-1,-1,-1
246,2,1359,265,119,40,1,-1,-1,-1
247,2,1361,266,118,40,1,-1,-1,-1
248,2,1361,266,118,40,1,-1,-1,-1
249,2,1359,265,117,40,1,-1,-1,-1
250,2,1359,265,118,40,1,-1,-1,-1
251,2,1360,265,118,40,1,-1,-1,-1
252,2,1360,265,118,40,1,-1,-1,-1
253,2,1362,265,115,40,1,-1,-1,-1
254,2,1360,266,114,40,1,-1,-1,-1
255,2,1361,265,116,41,1,-1,-1,-1
256,2,1361,266,116,40,1,-1,-1,-1
257,2,1363,265,114,40,1,-1,-1,-1
258,2,1363,266,114,40,1,-1,-1,-1
259,2,1363,266,114,40,1,-1,-1,-1
260,2,1361,265,115,40,1,-1,-1,-1
261,2,1362,265,115,41,1,-1,-1,-1
262,2,1361,265,116,41,1,-1,-1,-1
263,2,1362,265,116,41,1,-1,-1,-1
264,2,1362,265,116,41,1,-1,-1,-1
265,2,1362,265,114,40,1,-1,-1,-1
266,2,1362,265,114,40,1,-1,-1,-1
267,2,1361,265,115,40,1,-1,-1,-1
268,2,1361,265,115,40,1,-1,-1,-1
269,2,1360,265,115,40,1,-1,-1,-1
270,2,1360,265,117,40,1,-1,-1,-1
271,2,1360,266,118,40,1,-1,-1,-1
272,2,1360,265,118,40,1,-1,-1,-1
273,2,1360,266,118,40,1,-1,-1,-1
274,2,1360,266,118,40,1,-1,-1,-1
275,2,1363,265,116,41,1,-1,-1,-1
276,2,1363,265,115,40,1,-1,-1,-1
277,2,1361,265,116,41,1,-1,-1,-1
278,2,1361,265,117,40,1,-1,-1,-1
279,2,1359,266,116,40,1,-1,-1,-1
280,2,1359,266,119,39,1,-1,-1,-1
281,2,1359,266,120,39,1,-1,-1,-1
282,2,1358,266,120,39,1,-1,-1,-1
283,2,1359,266,118,40,1,-1,-1,-1
284,2,1360,265,118,40,1,-1,-1,-1
285,2,1360,265,117,41,1,-1,-1,-1
286,2,1360,265,117,41,1,-1,-1,-1
287,2,1360,265,117,41,1,-1,-1,-1
288,2,1360,265,117,40,1,-1,-1,-1
289,2,1357,264,119,42,1,-1,-1,-1
290,2,1357,264,119,42,1,-1,-1,-1
291,2,1356,264,120,42,1,-1,-1,-1
292,2,1357,263,121,42,1,-1,-1,-1
293,2,1359,264,116,41,1,-1,-1,-1
294,2,1358,264,118,41,1,-1,-1,-1
295,2,1359,264,118,41,1,-1,-1,-1
296,2,1359,264,117,41,1,-1,-1,-1
297,2,1359,264,118,41,1,-1,-1,-1
298,2,1358,264,119,41,1,-1,-1,-1
299,2,1358,265,118,40,1,-1,-1,-1
300,2,1358,265,118,40,1,-1,-1,-1
301,2,1358,264,116,41,1,-1,-1,-1
302,2,1360,264,113,41,1,-1,-1,-1
303,2,1359,264,114,41,1,-1,-1,-1
304,2,1359,264,115,41,1,-1,-1,-1
305,2,1359,264,115,41,1,-1,-1,-1
306,2,1360,264,117,41,1,-1,-1,-1
307,2,1360,264,117,41,1,-1,-1,-1
308,2,1360,264,117,41,1,-1,-1,-1
309,2,1359,264,118,41,1,-1,-1,-1
310,2,1359,264,118,41,1,-1,-1,-1
311,2,1358,265,118,41,1,-1,-1,-1
312,2,1360,265,115,41,1,-1,-1,-1
313,2,1359,265,115,40,1,-1,-1,-1
314,2,1359,265,114,40,1,-1,-1,-1
315,2,1359,265,117,40,1,-1,-1,-1
316,2,1358,265,117,40,1,-1,-1,-1
317,2,1358,265,119,40,1,-1,-1,-1
318,2,1358,265,117,40,1,-1,-1,-1
319,2,1358,265,117,40,1,-1,-1,-1
320,2,1358,265,115,40,1,-1,-1,-1
321,2,1358,265,115,40,1,-1,-1,-1
322,2,1359,265,115,40,1,-1,-1,-1
323,2,1360,265,114,40,1,-1,-1,-1
324,2,1360,265,114,40,1,-1,-1,-1
325,2,1359,265,115,41,1,-1,-1,-1
326,2,1359,264,116,41,1,-1,-1,-1
327,2,1359,264,117,41,1,-1,-1,-1
328,2,1359,264,117,41,1,-1,-1,-1
329,2,1359,264,116,41,1,-1,-1,-1
330,2,1359,264,116,41,1,-1,-1,-1
331,2,1359,265,115,41,1,-1,-1,-1
332,2,1360,265,113,41,1,-1,-1,-1
333,2,1360,265,116,41,1,-1,-1,-1
334,2,1361,264,113,41,1,-1,-1,-1
335,2,1360,264,115,41,1,-1,-1,-1
336,2,1360,264,115,41,1,-1,-1,-1
337,2,1359,264,116,41,1,-1,-1,-1
338,2,1359,264,114,41,1,-1,-1,-1
339,2,1359,264,114,41,1,-1,-1,-1
340,2,1360,264,115,41,1,-1,-1,-1
341,2,1359,264,116,41,1,-1,-1,-1
342,2,1359,264,116,41,1,-1,-1,-1
343,2,1359,265,119,41,1,-1,-1,-1
344,2,1359,264,117,41,1,-1,-1,-1
345,2,1359,264,116,41,1,-1,-1,-1
346,2,1359,264,117,41,1,-1,-1,-1
347,2,1360,264,116,41,1,-1,-1,-1
348,2,1359,265,115,40,1,-1,-1,-1
349,2,1359,265,115,40,1,-1,-1,-1
350,2,1361,266,115,39,1,-1,-1,-1
351,2,1360,266,115,39,1,-1,-1,-1
352,2,1359,266,118,40,1,-1,-1,-1
353,2,1357,265,118,40,1,-1,-1,-1
354,2,1358,265,115,40,1,-1,-1,-1
355,2,1357,265,115,40,1,-1,-1,-1
356,2,1357,265,115,40,1,-1,-1,-1
357,2,1358,265,116,40,1,-1,-1,-1
358,2,1359,266,114,39,1,-1,-1,-1
359,2,1359,266,114,39,1,-1,-1,-1
360,2,1359,266,114,39,1,-1,-1,-1
361,2,1357,265,117,40,1,-1,-1,-1
362,2,1358,265,114,40,1,-1,-1,-1
363,2,1357,264,116,41,1,-1,-1,-1
364,2,1357,265,116,40,1,-1,-1,-1
365,2,1357,266,119,40,1,-1,-1,-1
366,2,1358,266,119,40,1,-1,-1,-1
367,2,1360,265,117,40,1,-1,-1,-1
368,2,1358,266,119,40,1,-1,-1,-1
369,2,1358,266,118,40,1,-1,-1,-1
370,2,1358,266,119,40,1,-1,-1,-1
371,2,1358,266,119,40,1,-1,-1,-1
372,2,1358,266,117,40,1,-1,-1,-1
373,2,1358,265,116,40,1,-1,-1,-1
374,2,1358,265,117,40,1,-1,-1,-1
375,2,1358,266,117,40,1,-1,-1,-1
376,2,1358,266,116,40,1,-1,-1,-1
377,2,1359,266,116,40,1,-1,-1,-1
378,2,1359,265,115,40,1,-1,-1,-1
379,2,1359,265,114,40,1,-1,-1,-1
380,2,1359,265,115,40,1,-1,-1,-1
381,2,1357,265,119,40,1,-1,-1,-1
382,2,1358,265,118,41,1,-1,-1,-1
383,2,1358,265,118,41,1,-1,-1,-1
384,2,1358,265,119,41,1,-1,-1,-1
385,2,1359,264,117,41,1,-1,-1,-1
386,2,1360,265,118,40,1,-1,-1,-1
387,2,1360,265,116,40,1,-1,-1,-1
388,2,1358,265,118,41,1,-1,-1,-1
389,2,1359,265,117,41,1,-1,-1,-1
390,2,1358,264,120,41,1,-1,-1,-1
391,2,1358,264,119,42,1,-1,-1,-1
392,2,1358,264,119,42,1,-1,-1,-1
393,2,1358,264,119,42,1,-1,-1,-1
394,2,1358,264,119,42,1,-1,-1,-1
395,2,1359,265,118,41,1,-1,-1,-1
396,2,1358,265,118,41,1,-1,-1,-1
397,2,1359,265,118,41,1,-1,-1,-1
398,2,1360,265,118,41,1,-1,-1,-1
399,2,1359,265,119,41,1,-1,-1,-1
400,2,1357,264,120,41,1,-1,-1,-1
401,2,1357,264,120,42,1,-1,-1,-1
402,2,1357,264,120,42,1,-1,-1,-1
403,2,1357,264,120,42,1,-1,-1,-1
404,2,1357,265,121,42,1,-1,-1,-1
405,2,1358,265,120,41,1,-1,-1,-1
406,2,1360,265,116,41,1,-1,-1,-1
407,2,1361,265,115,41,1,-1,-1,-1
408,2,1360,265,117,41,1,-1,-1,-1
409,2,1360,265,117,41,1,-1,-1,-1
410,2,1360,265,116,41,1,-1,-1,-1
411,2,1360,265,116,41,1,-1,-1,-1
412,2,1360,265,116,41,1,-1,-1,-1
413,2,1360,265,116,41,1,-1,-1,-1
414,2,1363,266,113,40,1,-1,-1,-1
415,2,1364,266,113,40,1,-1,-1,-1
416,2,1364,266,113,40,1,-1,-1,-1
417,2,1364,266,112,40,1,-1,-1,-1
418,2,1360,265,117,41,1,-1,-1,-1
419,2,1360,265,117,41,1,-1,-1,-1
420,2,1360,265,117,41,1,-1,-1,-1
421,2,1361,265,116,41,1,-1,-1,-1
422,2,1361,265,116,41,1,-1,-1,-1
423,2,1360,265,116,41,1,-1,-1,-1
424,2,1361,266,116,41,1,-1,-1,-1
425,2,1361,265,114,41,1,-1,-1,-1
426,2,1361,265,114,41,1,-1,-1,-1
427,2,1360,265,116,41,1,-1,-1,-1
428,2,1361,265,116,41,1,-1,-1,-1
429,2,1360,265,116,41,1,-1,-1,-1
430,2,1360,265,116,41,1,-1,-1,-1
431,2,1360,265,116,41,1,-1,-1,-1
432,2,1361,265,116,41,1,-1,-1,-1
433,2,1362,265,114,41,1,-1,-1,-1
434,2,1362,265,114,41,1,-1,-1,-1
435,2,1362,265,114,41,1,-1,-1,-1
436,2,1359,264,116,41,1,-1,-1,-1
437,2,1359,264,115,41,1,-1,-1,-1
438,2,1360,264,115,41,1,-1,-1,-1
439,2,1358,265,117,41,1,-1,-1,-1
440,2,1357,265,120,41,1,-1,-1,-1
441,2,1359,265,116,41,1,-1,-1,-1
442,2,1360,266,117,40,1,-1,-1,-1
443,2,1360,266,119,42,1,-1,-1,-1
444,2,1361,265,117,41,1,-1,-1,-1
445,2,1358,265,118,41,1,-1,-1,-1
446,2,1359,264,119,42,1,-1,-1,-1
447,2,1358,264,119,42,1,-1,-1,-1
448,2,1358,265,119,41,1,-1,-1,-1
449,2,1359,265,118,41,1,-1,-1,-1
450,2,1358,265,118,40,1,-1,-1,-1
451,2,1360,266,116,39,1,-1,-1,-1
452,2,1360,265,115,39,1,-1,-1,-1
453,2,1360,265,115,39,1,-1,-1,-1
454,2,1360,266,116,40,1,-1,-1,-1
455,2,1359,265,117,40,1,-1,-1,-1
456,2,1359,265,117,40,1,-1,-1,-1
457,2,1358,265,116,40,1,-1,-1,-1
458,2,1358,265,116,40,1,-1,-1,-1
459,2,1358,265,116,40,1,-1,-1,-1
460,2,1358,265,116,40,1,-1,-1,-1
461,2,1359,265,114,39,1,-1,-1,-1
462,2,1359,266,115,39,1,-1,-1,-1
463,2,1359,266,116,39,1,-1,-1,-1
464,2,1361,266,112,39,1,-1,-1,-1
465,2,1361,266,112,39,1,-1,-1,-1
466,2,1360,265,113,39,1,-1,-1,-1
467,2,1360,265,114,39,1,-1,-1,-1
468,2,1360,265,113,39,1,-1,-1,-1
469,2,1360,266,115,39,1,-1,-1,-1
470,2,1360,266,115,39,1,-1,-1,-1
471,2,1360,266,115,39,1,-1,-1,-1
472,2,1360,266,115,39,1,-1,-1,-1
473,2,1360,265,112,40,1,-1,-1,-1
474,2,1361,266,114,40,1,-1,-1,-1
475,2,1361,266,113,40,1,-1,-1,-1
476,2,1361,266,113,40,1,-1,-1,-1
477,2,1361,266,114,40,1,-1,-1,-1
478,2,1361,266,113,40,1,-1,-1,-1
479,2,1361,265,114,40,1,-1,-1,-1
480,2,1365,266,109,40,1,-1,-1,-1
481,2,1366,266,107,41,1,-1,-1,-1
482,2,1366,266,107,40,1,-1,-1,-1
483,2,1365,265,106,40,1,-1,-1,-1
484,2,1365,265,106,41,1,-1,-1,-1
485,2,1365,265,109,40,1,-1,-1,-1
486,2,1362,265,109,40,1,-1,-1,-1
487,2,1362,265,110,40,1,-1,-1,-1
488,2,1362,265,109,40,1,-1,-1,-1
489,2,1362,266,112,40,1,-1,-1,-1
490,2,1363,266,112,40,1,-1,-1,-1
491,2,1361,266,113,40,1,-1,-1,-1
492,2,1361,265,110,39,1,-1,-1,-1
493,2,1362,265,114,39,1,-1,-1,-1
494,2,1362,265,114,40,1,-1,-1,-1
495,2,1362,265,114,40,1,-1,-1,-1
496,2,1360,265,114,41,1,-1,-1,-1
497,2,1360,265,114,41,1,-1,-1,-1
498,2,1360,265,113,41,1,-1,-1,-1
499,2,1360,265,114,41,1,-1,-1,-1
500,2,1360,265,114,41,1,-1,-1,-1
501,2,1362,265,112,41,1,-1,-1,-1
502,2,1361,265,112,41,1,-1,-1,-1
503,2,1361,265,112,41,1,-1,-1,-1
504,2,1361,265,112,41,1,-1,-1,-1
505,2,1362,265,113,41,1,-1,-1,-1
506,2,1362,265,114,41,1,-1,-1,-1
507,2,1362,265,114,41,1,-1,-1,-1
508,2,1363,265,112,41,1,-1,-1,-1
509,2,1363,265,112,41,1,-1,-1,-1
510,2,1362,265,114,40,1,-1,-1,-1
511,2,1363,265,112,41,1,-1,-1,-1
512,2,1364,265,111,41,1,-1,-1,-1
513,2,1363,265,111,41,1,-1,-1,-1
514,2,1364,265,111,41,1,-1,-1,-1
515,2,1363,265,112,41,1,-1,-1,-1
516,2,1363,266,112,41,1,-1,-1,-1
517,2,1363,266,112,41,1,-1,-1,-1
518,2,1363,266,112,41,1,-1,-1,-1
519,2,1363,265,112,41,1,-1,-1,-1
520,2,1361,265,114,41,1,-1,-1,-1
521,2,1361,265,114,41,1,-1,-1,-1
522,2,1361,265,114,41,1,-1,-1,-1
523,2,1361,265,114,41,1,-1,-1,-1
524,2,1361,265,115,41,1,-1,-1,-1
525,2,1360,266,115,41,1,-1,-1,-1
526,2,1361,266,114,41,1,-1,-1,-1
527,2,1361,266,114,40,1,-1,-1,-1
528,2,1361,266,114,41,1,-1,-1,-1
529,2,1361,266,114,41,1,-1,-1,-1
530,2,1361,265,111,41,1,-1,-1,-1
531,2,1361,265,111,41,1,-1,-1,-1
532,2,1361,265,111,41,1,-1,-1,-1
533,2,1362,265,112,41,1,-1,-1,-1
534,2,1362,266,112,40,1,-1,-1,-1
535,2,1362,266,113,40,1,-1,-1,-1
536,2,1359,266,117,40,1,-1,-1,-1
537,2,1359,266,117,41,1,-1,-1,-1
538,2,1359,265,116,40,1,-1,-1,-1
539,2,1358,266,118,40,1,-1,-1,-1
540,2,1359,266,118,40,1,-1,-1,-1
541,2,1358,265,119,40,1,-1,-1,-1
542,2,1359,266,118,40,1,-1,-1,-1
543,2,1360,266,116,40,1,-1,-1,-1
544,2,1360,266,116,40,1,-1,-1,-1
545,2,1360,266,116,40,1,-1,-1,-1
546,2,1362,265,114,40,1,-1,-1,-1
547,2,1362,265,114,40,1,-1,-1,-1
548,2,1361,265,116,40,1,-1,-1,-1
549,2,1360,265,116,40,1,-1,-1,-1
550,2,1361,265,117,41,1,-1,-1,-1
551,2,1361,265,117,41,1,-1,-1,-1
552,2,1362,265,116,40,1,-1,-1,-1
553,2,1361,265,116,40,1,-1,-1,-1
554,2,1360,265,116,40,1,-1,-1,-1
555,2,1361,265,116,40,1,-1,-1,-1
556,2,1359,265,114,40,1,-1,-1,-1
557,2,1359,265,115,40,1,-1,-1,-1
558,2,1359,265,115,40,1,-1,-1,-1
559,2,1359,265,116,40,1,-1,-1,-1
560,2,1359,265,116,40,1,-1,-1,-1
561,2,1359,265,115,40,1,-1,-1,-1
562,2,1359,265,115,40,1,-1,-1,-1
563,2,1359,265,115,40,1,-1,-1,-1
564,2,1359,265,116,40,1,-1,-1,-1
565,2,1357,265,117,40,1,-1,-1,-1
566,2,1361,265,112,40,1,-1,-1,-1
567,2,1361,266,114,40,1,-1,-1,-1
568,2,1361,266,114,40,1,-1,-1,-1
569,2,1361,266,113,40,1,-1,-1,-1
570,2,1362,266,113,40,1,-1,-1,-1
571,2,1361,266,113,40,1,-1,-1,-1
572,2,1362,266,112,40,1,-1,-1,-1
573,2,1362,266,112,40,1,-1,-1,-1
574,2,1362,266,112,40,1,-1,-1,-1
575,2,1362,266,113,40,1,-1,-1,-1
576,2,1360,266,114,40,1,-1,-1,-1
577,2,1362,266,112,40,1,-1,-1,-1
578,2,1362,266,112,40,1,-1,-1,-1
579,2,1362,266,112,40,1,-1,-1,-1
580,2,1362,266,111,40,1,-1,-1,-1
581,2,1362,266,112,39,1,-1,-1,-1
582,2,1362,266,112,39,1,-1,-1,-1
583,2,1362,266,111,39,1,-1,-1,-1
584,2,1360,266,114,39,1,-1,-1,-1
585,2,1360,266,114,39,1,-1,-1,-1
586,2,1361,266,113,40,1,-1,-1,-1
587,2,1360,266,115,40,1,-1,-1,-1
588,2,1360,266,115,40,1,-1,-1,-1
589,2,1362,265,111,40,1,-1,-1,-1
590,2,1363,266,111,40,1,-1,-1,-1
591,2,1363,265,111,40,1,-1,-1,-1
592,2,1363,266,111,40,1,-1,-1,-1
593,2,1364,266,111,40,1,-1,-1,-1
594,2,1364,265,110,40,1,-1,-1,-1
595,2,1363,266,111,40,1,-1,-1,-1
596,2,1363,265,112,40,1,-1,-1,-1
597,2,1362,265,112,40,1,-1,-1,-1
598,2,1363,265,112,40,1,-1,-1,-1
599,2,1363,266,111,40,1,-1,-1,-1
600,2,1363,266,111,40,1,-1,-1,-1
601,2,1364,266,110,39,1,-1,-1,-1
602,2,1364,266,110,39,1,-1,-1,-1
603,2,1364,266,110,39,1,-1,-1,-1
604,2,1363,266,111,39,1,-1,-1,-1
605,2,1363,266,112,39,1,-1,-1,-1
606,2,1363,266,112,39,1,-1,-1,-1
607,2,1359,266,114,40,1,-1,-1,-1
608,2,1359,266,114,40,1,-1,-1,-1
609,2,1359,266,113,40,1,-1,-1,-1
610,2,1360,266,113,40,1,-1,-1,-1
611,2,1360,266,113,39,1,-1,-1,-1
612,2,1359,266,114,39,1,-1,-1,-1
613,2,1361,266,115,39,1,-1,-1,-1
614,2,1361,266,115,39,1,-1,-1,-1
615,2,1361,266,115,39,1,-1,-1,-1
616,2,1361,266,115,39,1,-1,-1,-1
617,2,1361,266,115,39,1,-1,-1,-1
618,2,1361,266,115,39,1,-1,-1,-1
619,2,1361,266,114,39,1,-1,-1,-1
620,2,1361,266,114,39,1,-1,-1,-1
621,2,1362,266,114,39,1,-1,-1,-1
622,2,1361,266,115,39,1,-1,-1,-1
623,2,1358,265,115,40,1,-1,-1,-1
624,2,1357,265,116,40,1,-1,-1,-1
625,2,1356,265,119,40,1,-1,-1,-1
626,2,1355,265,120,41,1,-1,-1,-1
627,2,1356,265,120,40,1,-1,-1,-1
628,2,1357,266,120,40,1,-1,-1,-1
629,2,1357,266,119,40,1,-1,-1,-1
630,2,1357,265,119,40,1,-1,-1,-1
631,2,1356,265,120,40,1,-1,-1,-1
632,2,1355,265,117,40,1,-1,-1,-1
633,2,1359,266,113,40,1,-1,-1,-1
634,2,1359,266,113,40,1,-1,-1,-1
635,2,1359,266,114,40,1,-1,-1,-1
636,2,1359,265,114,41,1,-1,-1,-1
637,2,1362,265,113,41,1,-1,-1,-1
638,2,1364,265,111,41,1,-1,-1,-1
639,2,1364,266,112,41,1,-1,-1,-1
640,2,1361,266,116,40,1,-1,-1,-1
641,2,1361,265,116,41,1,-1,-1,-1
642,2,1361,265,115,41,1,-1,-1,-1
643,2,1363,265,113,41,1,-1,-1,-1
644,2,1362,265,114,41,1,-1,-1,-1
645,2,1364,266,112,41,1,-1,-1,-1
646,2,1365,265,111,41,1,-1,-1,-1
647,2,1364,265,112,41,1,-1,-1,-1
648,2,1363,265,113,40,1,-1,-1,-1
649,2,1362,265,114,40,1,-1,-1,-1
650,2,1361,265,115,41,1,-1,-1,-1
651,2,1361,265,116,41,1,-1,-1,-1
652,2,1361,265,116,41,1,-1,-1,-1
653,2,1361,265,116,41,1,-1,-1,-1
654,2,1361,265,116,41,1,-1,-1,-1
655,2,1361,265,116,40,1,-1,-1,-1
656,2,1362,266,114,40,1,-1,-1,-1
657,2,1362,266,114,40,1,-1,-1,-1
658,2,1362,265,114,40,1,-1,-1,-1
659,2,1362,265,115,40,1,-1,-1,-1
660,2,1360,265,116,40,1,-1,-1,-1
661,2,1361,265,114,40,1,-1,-1,-1
662,2,1361,265,114,40,1,-1,-1,-1
663,2,1361,266,117,40,1,-1,-1,-1
664,2,1360,266,118,40,1,-1,-1,-1
665,2,1360,266,117,40,1,-1,-1,-1
666,2,1360,266,117,40,1,-1,-1,-1
667,2,1360,266,117,40,1,-1,-1,-1
668,2,1359,265,118,40,1,-1,-1,-1
669,2,1359,266,118,40,1,-1,-1,-1
670,2,1359,266,118,40,1,-1,-1,-1
671,2,1359,266,118,40,1,-1,-1,-1
672,2,1359,266,118,40,1,-1,-1,-1
673,2,1359,266,118,40,1,-1,-1,-1
674,2,1359,266,118,40,1,-1,-1,-1
675,2,1358,265,118,40,1,-1,-1,-1
676,2,1357,265,119,40,1,-1,-1,-1
677,2,1357,265,119,40,1,-1,-1,-1
678,2,1357,265,119,40,1,-1,-1,-1
679,2,1357,265,119,40,1,-1,-1,-1
680,2,1357,265,119,41,1,-1,-1,-1
681,2,1357,265,119,41,1,-1,-1,-1
682,2,1357,265,118,41,1,-1,-1,-1
683,2,1357,265,119,40,1,-1,-1,-1
684,2,1357,265,119,40,1,-1,-1,-1
685,2,1360,265,113,39,1,-1,-1,-1
686,2,1360,266,113,39,1,-1,-1,-1
687,2,1360,266,113,39,1,-1,-1,-1
688,2,1360,266,113,39,1,-1,-1,-1
689,2,1360,266,115,40,1,-1,-1,-1
690,2,1360,266,114,40,1,-1,-1,-1
691,2,1360,266,115,39,1,-1,-1,-1
692,2,1359,266,114,39,1,-1,-1,-1
693,2,1359,265,114,39,1,-1,-1,-1
694,2,1359,265,114,39,1,-1,-1,-1
695,2,1358,265,115,40,1,-1,-1,-1
696,2,1358,265,115,40,1,-1,-1,-1
697,2,1358,265,115,41,1,-1,-1,-1
698,2,1358,265,115,41,1,-1,-1,-1
699,2,1358,265,115,41,1,-1,-1,-1
700,2,1358,265,115,41,1,-1,-1,-1
701,2,1358,265,115,41,1,-1,-1,-1
702,2,1359,265,115,41,1,-1,-1,-1
703,2,1360,265,114,41,1,-1,-1,-1
704,2,1360,265,114,41,1,-1,-1,-1
705,2,1361,265,111,40,1,-1,-1,-1
706,2,1361,265,112,40,1,-1,-1,-1
707,2,1361,265,112,40,1,-1,-1,-1
708,2,1361,266,112,40,1,-1,-1,-1
709,2,1360,265,113,40,1,-1,-1,-1
710,2,1360,265,113,40,1,-1,-1,-1
711,2,1360,265,113,40,1,-1,-1,-1
712,2,1360,265,113,40,1,-1,-1,-1
713,2,1360,265,112,40,1,-1,-1,-1
714,2,1360,265,112,40,1,-1,-1,-1
715,2,1360,266,117,40,1,-1,-1,-1
716,2,1360,266,117,40,1,-1,-1,-1
717,2,1360,266,117,40,1,-1,-1,-1
718,2,1360,266,117,40,1,-1,-1,-1
719,2,1360,266,116,40,1,-1,-1,-1
720,2,1360,266,116,40,1,-1,-1,-1
721,2,1362,266,115,40,1,-1,-1,-1
722,2,1362,266,115,40,1,-1,-1,-1
723,2,1363,265,113,41,1,-1,-1,-1
724,2,1363,265,113,41,1,-1,-1,-1
725,2,1359,266,114,40,1,-1,-1,-1
726,2,1359,266,115,40,1,-1,-1,-1
727,2,1359,266,115,40,1,-1,-1,-1
728,2,1359,266,115,40,1,-1,-1,-1
729,2,1359,266,115,40,1,-1,-1,-1
730,2,1359,266,115,40,1,-1,-1,-1
731,2,1359,266,115,40,1,-1,-1,-1
732,2,1359,265,115,40,1,-1,-1,-1
733,2,1359,266,116,39,1,-1,-1,-1
734,2,1359,266,116,40,1,-1,-1,-1
735,2,1359,266,115,40,1,-1,-1,-1
736,2,1359,266,115,40,1,-1,-1,-1
737,2,1359,266,115,40,1,-1,-1,-1
738,2,1359,266,115,40,1,-1,-1,-1
739,2,1360,266,115,40,1,-1,-1,-1
740,2,1360,266,116,40,1,-1,-1,-1
741,2,1361,266,115,40,1,-1,-1,-1
742,2,1361,266,115,40,1,-1,-1,-1
743,2,1360,266,114,40,1,-1,-1,-1
744,2,1359,265,115,40,1,-1,-1,-1
745,2,1360,265,112,40,1,-1,-1,-1
746,2,1360,266,114,39,1,-1,-1,-1
747,2,1361,266,114,39,1,-1,-1,-1
748,2,1361,266,114,40,1,-1,-1,-1
749,2,1362,265,112,40,1,-1,-1,-1
750,2,1363,265,111,40,1,-1,-1,-1
751,2,1363,266,112,40,1,-1,-1,-1
752,2,1363,266,112,40,1,-1,-1,-1
753,2,1361,265,114,40,1,-1,-1,-1
754,2,1361,265,112,40,1,-1,-1,-1
755,2,1358,265,117,41,1,-1,-1,-1
756,2,1359,265,118,41,1,-1,-1,-1
757,2,1358,265,119,40,1,-1,-1,-1
758,2,1358,264,118,41,1,-1,-1,-1
759,2,1358,265,117,40,1,-1,-1,-1
760,2,1357,265,118,40,1,-1,-1,-1
761,2,1357,265,119,40,1,-1,-1,-1
762,2,1357,265,120,40,1,-1,-1,-1
763,2,1357,265,120,40,1,-1,-1,-1
764,2,1357,265,120,40,1,-1,-1,-1
765,2,1361,265,114,40,1,-1,-1,-1
766,2,1361,265,116,40,1,-1,-1,-1
767,2,1361,265,116,40,1,-1,-1,-1
768,2,1360,265,117,40,1,-1,-1,-1
769,2,1361,265,117,41,1,-1,-1,-1
770,2,1359,265,118,41,1,-1,-1,-1
771,2,1359,265,118,41,1,-1,-1,-1
772,2,1358,265,119,41,1,-1,-1,-1
773,2,1359,265,118,41,1,-1,-1,-1
774,2,1360,265,117,41,1,-1,-1,-1
775,2,1361,265,115,40,1,-1,-1,-1
776,2,1361,265,115,40,1,-1,-1,-1
777,2,1362,265,114,40,1,-1,-1,-1
778,2,1362,265,114,40,1,-1,-1,-1
779,2,1362,265,114,40,1,-1,-1,-1
780,2,1362,265,114,40,1,-1,-1,-1
781,2,1362,265,114,41,1,-1,-1,-1
782,2,1364,266,112,40,1,-1,-1,-1
783,2,1364,266,112,40,1,-1,-1,-1
784,2,1364,265,113,40,1,-1,-1,-1
785,2,1360,265,117,41,1,-1,-1,-1
786,2,1360,265,117,41,1,-1,-1,-1
787,2,1360,265,117,41,1,-1,-1,-1
788,2,1359,265,116,40,1,-1,-1,-1
789,2,1360,265,115,41,1,-1,-1,-1
790,2,1359,265,116,41,1,-1,-1,-1
791,2,1360,265,117,41,1,-1,-1,-1
792,2,1360,265,116,41,1,-1,-1,-1
793,2,1362,265,113,41,1,-1,-1,-1
794,2,1362,265,113,41,1,-1,-1,-1
795,2,1358,265,115,41,1,-1,-1,-1
796,2,1358,265,115,41,1,-1,-1,-1
797,2,1358,265,115,40,1,-1,-1,-1
798,2,1359,264,115,41,1,-1,-1,-1
799,2,1359,265,115,41,1,-1,-1,-1
800,2,1359,265,117,41,1,-1,-1,-1
801,2,1359,264,116,41,1,-1,-1,-1
802,2,1359,264,117,41,1,-1,-1,-1
803,2,1359,265,118,41,1,-1,-1,-1
804,2,1359,265,118,41,1,-1,-1,-1
805,2,1360,264,117,41,1,-1,-1,-1
806,2,1360,264,117,41,1,-1,-1,-1
807,2,1360,264,117,41,1,-1,-1,-1
808,2,1361,265,115,41,1,-1,-1,-1
809,2,1361,265,116,41,1,-1,-1,-1
810,2,1360,264,116,41,1,-1,-1,-1
811,2,1360,264,116,41,1,-1,-1,-1
812,2,1359,264,116,41,1,-1,-1,-1
813,2,1360,264,117,41,1,-1,-1,-1
814,2,1361,265,116,40,1,-1,-1,-1
815,2,1361,265,115,40,1,-1,-1,-1
816,2,1362,265,115,41,1,-1,-1,-1
817,2,1363,264,115,41,1,-1,-1,-1
818,2,1362,264,116,41,1,-1,-1,-1
819,2,1361,264,117,41,1,-1,-1,-1
820,2,1361,264,117,41,1,-1,-1,-1
821,2,1360,264,118,41,1,-1,-1,-1
822,2,1360,264,117,41,1,-1,-1,-1
823,2,1361,264,116,41,1,-1,-1,-1
824,2,1361,264,116,41,1,-1,-1,-1
825,2,1361,264,116,41,1,-1,-1,-1
826,2,1361,264,116,41,1,-1,-1,-1
827,2,1361,264,116,41,1,-1,-1,-1
828,2,1361,264,116,41,1,-1,-1,-1
829,2,1362,264,115,41,1,-1,-1,-1
830,2,1362,264,115,41,1,-1,-1,-1
831,2,1362,264,115,41,1,-1,-1,-1
832,2,1362,265,114,41,1,-1,-1,-1
833,2,1362,265,115,41,1,-1,-1,-1
834,2,1362,265,114,40,1,-1,-1,-1
835,2,1362,265,115,41,1,-1,-1,-1
836,2,1362,264,115,41,1,-1,-1,-1
837,2,1362,264,115,41,1,-1,-1,-1
838,2,1361,265,117,41,1,-1,-1,-1
839,2,1361,265,117,41,1,-1,-1,-1
840,2,1361,265,117,41,1,-1,-1,-1
841,2,1361,265,116,41,1,-1,-1,-1
842,2,1361,265,116,41,1,-1,-1,-1
843,2,1361,265,116,40,1,-1,-1,-1
844,2,1361,265,116,40,1,-1,-1,-1
845,2,1360,265,118,40,1,-1,-1,-1
846,2,1360,265,118,40,1,-1,-1,-1
847,2,1359,265,119,40,1,-1,-1,-1
848,2,1359,265,119,40,1,-1,-1,-1
849,2,1359,265,119,40,1,-1,-1,-1
850,2,1360,266,118,40,1,-1,-1,-1
851,2,1359,265,119,40,1,-1,-1,-1
852,2,1359,266,119,40,1,-1,-1,-1
853,2,1360,266,119,40,1,-1,-1,-1
854,2,1360,266,119,40,1,-1,-1,-1
855,2,1360,266,120,40,1,-1,-1,-1
856,2,1359,265,120,40,1,-1,-1,-1
857,2,1360,265,120,40,1,-1,-1,-1
858,2,1360,265,120,40,1,-1,-1,-1
859,2,1360,265,120,40,1,-1,-1,-1
860,2,1360,265,119,40,1,-1,-1,-1
861,2,1361,266,118,40,1,-1,-1,-1
862,2,1360,265,119,40,1,-1,-1,-1
863,2,1360,265,119,40,1,-1,-1,-1
864,2,1360,265,119,40,1,-1,-1,-1
865,2,1361,265,118,40,1,-1,-1,-1
866,2,1360,265,118,40,1,-1,-1,-1
867,2,1361,266,118,40,1,-1,-1,-1
868,2,1361,266,118,40,1,-1,-1,-1
869,2,1361,266,118,40,1,-1,-1,-1
870,2,1361,266,118,40,1,-1,-1,-1
871,2,1361,265,118,40,1,-1,-1,-1
872,2,1361,265,118,40,1,-1,-1,-1
873,2,1361,265,118,40,1,-1,-1,-1
874,2,1361,266,118,40,1,-1,-1,-1
875,2,1362,266,115,40,1,-1,-1,-1
876,2,1361,266,115,40,1,-1,-1,-1
877,2,1361,266,116,40,1,-1,-1,-1
878,2,1361,266,116,40,1,-1,-1,-1
879,2,1360,266,115,40,1,-1,-1,-1
880,2,1360,266,114,40,1,-1,-1,-1
881,2,1360,266,114,40,1,-1,-1,-1
882,2,1360,266,115,40,1,-1,-1,-1
883,2,1360,266,116,40,1,-1,-1,-1
884,2,1360,266,117,40,1,-1,-1,-1
885,2,1361,266,112,40,1,-1,-1,-1
886,2,1361,266,114,40,1,-1,-1,-1
887,2,1362,266,114,40,1,-1,-1,-1
888,2,1361,266,115,40,1,-1,-1,-1
889,2,1361,265,114,40,1,-1,-1,-1
890,2,1361,265,114,40,1,-1,-1,-1
891,2,1361,265,115,41,1,-1,-1,-1
892,2,1362,265,114,40,1,-1,-1,-1
893,2,1361,265,114,40,1,-1,-1,-1
894,2,1361,265,114,40,1,-1,-1,-1
895,2,1363,266,111,40,1,-1,-1,-1
896,2,1363,266,111,40,1,-1,-1,-1
897,2,1362,266,114,40,1,-1,-1,-1
898,2,1361,266,116,40,1,-1,-1,-1
899,2,1360,265,114,40,1,-1,-1,-1
900,2,1360,265,114,40,1,-1,-1,-1
901,2,1361,265,112,40,1,-1,-1,-1
902,2,1362,266,113,40,1,-1,-1,-1
903,2,1362,266,113,40,1,-1,-1,-1
904,2,1363,266,113,40,1,-1,-1,-1
905,2,1363,266,112,40,1,-1,-1,-1
906,2,1363,265,112,40,1,-1,-1,-1
907,2,1364,265,111,40,1,-1,-1,-1
908,2,1363,265,112,41,1,-1,-1,-1
909,2,1364,266,112,40,1,-1,-1,-1
910,2,1364,266,111,40,1,-1,-1,-1
911,2,1364,266,112,40,1,-1,-1,-1
912,2,1366,266,110,40,1,-1,-1,-1
913,2,1365,266,112,40,1,-1,-1,-1
914,2,1364,266,112,39,1,-1,-1,-1
915,2,1363,266,114,40,1,-1,-1,-1
916,2,1362,266,114,40,1,-1,-1,-1
917,2,1362,266,115,40,1,-1,-1,-1
918,2,1362,266,115,40,1,-1,-1,-1
919,2,1362,266,115,40,1,-1,-1,-1
920,2,1362,266,115,40,1,-1,-1,-1
921,2,1361,266,116,40,1,-1,-1,-1
922,2,1360,266,117,40,1,-1,-1,-1
923,2,1361,266,116,40,1,-1,-1,-1
924,2,1361,266,116,40,1,-1,-1,-1
925,2,1360,265,115,40,1,-1,-1,-1
926,2,1359,265,115,40,1,-1,-1,-1
927,2,1360,265,114,40,1,-1,-1,-1
928,2,1360,265,114,40,1,-1,-1,-1
929,2,1360,265,114,40,1,-1,-1,-1
930,2,1360,265,114,40,1,-1,-1,-1
931,2,1360,265,114,40,1,-1,-1,-1
932,2,1360,265,114,40,1,-1,-1,-1
933,2,1361,265,113,40,1,-1,-1,-1
934,2,1360,265,114,40,1,-1,-1,-1
935,2,1360,266,116,40,1,-1,-1,-1
936,2,1360,266,114,40,1,-1,-1,-1
937,2,1361,266,114,39,1,-1,-1,-1
938,2,1361,266,114,39,1,-1,-1,-1
939,2,1360,266,114,39,1,-1,-1,-1
940,2,1361,266,114,39,1,-1,-1,-1
941,2,1360,266,115,39,1,-1,-1,-1
942,2,1361,266,114,39,1,-1,-1,-1
943,2,1361,265,114,40,1,-1,-1,-1
944,2,1361,266,115,40,1,-1,-1,-1
945,2,1363,265,113,40,1,-1,-1,-1
946,2,1363,265,114,41,1,-1,-1,-1
947,2,1363,265,113,41,1,-1,-1,-1
948,2,1363,265,113,41,1,-1,-1,-1
949,2,1361,265,115,41,1,-1,-1,-1
950,2,1362,265,114,41,1,-1,-1,-1
951,2,1362,265,114,41,1,-1,-1,-1
952,2,1363,265,113,41,1,-1,-1,-1
953,2,1363,265,112,41,1,-1,-1,-1
954,2,1364,265,111,41,1,-1,-1,-1
955,2,1362,265,116,41,1,-1,-1,-1
956,2,1362,265,116,41,1,-1,-1,-1
957,2,1362,265,116,41,1,-1,-1,-1
958,2,1361,265,117,41,1,-1,-1,-1
959,2,1360,265,116,40,1,-1,-1,-1
960,2,1360,265,117,40,1,-1,-1,-1
961,2,1360,266,115,41,1,-1,-1,-1
962,2,1358,265,119,41,1,-1,-1,-1
963,2,1358,265,119,41,1,-1,-1,-1
964,2,1357,265,119,41,1,-1,-1,-1
965,2,1360,265,115,40,1,-1,-1,-1
966,2,1360,265,115,40,1,-1,-1,-1
967,2,1360,265,115,40,1,-1,-1,-1
968,2,1360,265,115,40,1,-1,-1,-1
969,2,1360,265,115,40,1,-1,-1,-1
970,2,1360,265,115,40,1,-1,-1,-1
971,2,1360,265,116,40,1,-1,-1,-1
972,2,1360,265,116,40,1,-1,-1,-1
973,2,1362,265,113,40,1,-1,-1,-1
974,2,1362,266,115,40,1,-1,-1,-1
975,2,1361,266,114,40,1,-1,-1,-1
976,2,1361,266,114,40,1,-1,-1,-1
977,2,1361,266,114,40,1,-1,-1,-1
978,2,1360,266,114,40,1,-1,-1,-1
979,2,1361,266,113,40,1,-1,-1,-1
980,2,1361,266,114,40,1,-1,-1,-1
981,2,1361,266,114,40,1,-1,-1,-1
982,2,1361,266,114,40,1,-1,-1,-1
983,2,1361,266,113,40,1,-1,-1,-1
984,2,1361,266,113,40,1,-1,-1,-1
985,2,1361,266,114,39,1,-1,-1,-1
986,2,1361,266,114,39,1,-1,-1,-1
987,2,1361,266,113,39,1,-1,-1,-1
988,2,1360,266,113,39,1,-1,-1,-1
989,2,1361,266,115,39,1,-1,-1,-1
990,2,1361,266,115,39,1,-1,-1,-1
991,2,1361,266,115,39,1,-1,-1,-1
992,2,1361,266,115,39,1,-1,-1,-1
993,2,1360,266,115,39,1,-1,-1,-1
994,2,1360,266,115,39,1,-1,-1,-1
995,2,1360,267,115,39,1,-1,-1,-1
996,2,1360,267,115,39,1,-1,-1,-1
997,2,1359,266,118,39,1,-1,-1,-1
998,2,1359,266,118,39,1,-1,-1,-1
999,2,1359,266,118,39,1,-1,-1,-1
1000,2,1359,266,118,39,1,-1,-1,-1
1001,2,1359,266,118,39,1,-1,-1,-1
1002,2,1358,266,118,39,1,-1,-1,-1
1003,2,1358,266,118,39,1,-1,-1,-1
1004,2,1359,266,117,39,1,-1,-1,-1
1005,2,1359,266,116,40,1,-1,-1,-1
1006,2,1360,266,117,40,1,-1,-1,-1
1007,2,1360,266,117,40,1,-1,-1,-1
1008,2,1360,266,116,40,1,-1,-1,-1
1009,2,1363,266,114,40,1,-1,-1,-1
1010,2,1363,266,114,40,1,-1,-1,-1
1011,2,1363,266,114,40,1,-1,-1,-1
1012,2,1362,266,114,40,1,-1,-1,-1
1013,2,1362,266,114,40,1,-1,-1,-1
1014,2,1362,266,114,40,1,-1,-1,-1
1015,2,1361,266,114,39,1,-1,-1,-1
1016,2,1361,266,114,39,1,-1,-1,-1
1017,2,1361,266,114,39,1,-1,-1,-1
1018,2,1361,266,114,39,1,-1,-1,-1
1019,2,1360,266,116,40,1,-1,-1,-1
1020,2,1361,266,114,39,1,-1,-1,-1
1021,2,1360,266,115,40,1,-1,-1,-1
1022,2,1360,266,115,40,1,-1,-1,-1
1023,2,1360,266,115,40,1,-1,-1,-1
1024,2,1360,266,115,40,1,-1,-1,-1
1025,2,1360,266,115,40,1,-1,-1,-1
1026,2,1360,266,115,40,1,-1,-1,-1
1027,2,1360,266,116,40,1,-1,-1,-1
1028,2,1360,266,116,40,1,-1,-1,-1
1029,2,1360,266,116,40,1,-1,-1,-1
1030,2,1360,266,116,40,1,-1,-1,-1
1031,2,1360,266,116,40,1,-1,-1,-1
1032,2,1360,266,116,40,1,-1,-1,-1
1033,2,1360,266,116,40,1,-1,-1,-1
1034,2,1360,266,114,39,1,-1,-1,-1
1035,2,1360,266,116,40,1,-1,-1,-1
1036,2,1360,266,116,40,1,-1,-1,-1
1037,2,1360,266,116,40,1,-1,-1,-1
1038,2,1360,266,116,40,1,-1,-1,-1
1039,2,1360,266,116,40,1,-1,-1,-1
1040,2,1360,266,116,40,1,-1,-1,-1
1041,2,1360,266,116,40,1,-1,-1,-1
1042,2,1360,266,116,40,1,-1,-1,-1
1043,2,1360,266,116,40,1,-1,-1,-1
1044,2,1360,266,115,40,1,-1,-1,-1
1045,2,1360,266,116,40,1,-1,-1,-1
1046,2,1360,266,116,40,1,-1,-1,-1
1047,2,1360,266,116,40,1,-1,-1,-1
1048,2,1360,266,116,40,1,-1,-1,-1
1049,2,1360,266,116,40,1,-1,-1,-1
1050,2,1360,266,116,40,1,-1,-1,-1
1051,2,1361,266,115,40,1,-1,-1,-1
1052,2,1361,266,115,40,1,-1,-1,-1
1053,2,1361,266,115,40,1,-1,-1,-1
1054,2,1361,266,115,40,1,-1,-1,-1
1055,2,1361,266,115,40,1,-1,-1,-1
1056,2,1361,266,115,40,1,-1,-1,-1
1057,2,1361,266,115,40,1,-1,-1,-1
1058,2,1361,266,115,40,1,-1,-1,-1
1059,2,1361,266,115,40,1,-1,-1,-1
1060,2,1361,266,115,40,1,-1,-1,-1
1061,2,1361,266,115,40,1,-1,-1,-1
1062,2,1361,266,115,40,1,-1,-1,-1
1063,2,1361,266,115,40,1,-1,-1,-1
1064,2,1361,266,115,40,1,-1,-1,-1
1065,2,1361,266,115,40,1,-1,-1,-1
1066,2,1361,266,115,40,1,-1,-1,-1
1067,2,1359,265,116,40,1,-1,-1,-1
1068,2,1358,265,116,40,1,-1,-1,-1
1069,2,1358,265,117,40,1,-1,-1,-1
1070,2,1358,265,117,40,1,-1,-1,-1
1071,2,1358,265,116,41,1,-1,-1,-1
1072,2,1358,265,116,41,1,-1,-1,-1
1073,2,1358,265,117,40,1,-1,-1,-1
1074,2,1358,265,118,40,1,-1,-1,-1
1075,2,1357,265,118,40,1,-1,-1,-1
1076,2,1357,265,118,40,1,-1,-1,-1
1077,2,1357,265,118,40,1,-1,-1,-1
1078,2,1357,265,118,40,1,-1,-1,-1
1079,2,1357,265,118,40,1,-1,-1,-1
1080,2,1357,265,118,40,1,-1,-1,-1
1081,2,1358,265,116,39,1,-1,-1,-1
1082,2,1358,265,116,40,1,-1,-1,-1
1083,2,1358,265,117,39,1,-1,-1,-1
1084,2,1358,266,116,39,1,-1,-1,-1
1085,2,1359,266,115,39,1,-1,-1,-1
1086,2,1360,266,114,39,1,-1,-1,-1
1087,2,1359,265,114,40,1,-1,-1,-1
1088,2,1360,265,113,40,1,-1,-1,-1
1089,2,1361,265,113,40,1,-1,-1,-1
1090,2,1361,265,113,40,1,-1,-1,-1
1091,2,1360,266,114,40,1,-1,-1,-1
1092,2,1360,266,114,40,1,-1,-1,-1
1093,2,1360,265,114,40,1,-1,-1,-1
1094,2,1360,265,114,40,1,-1,-1,-1
1095,2,1360,265,115,40,1,-1,-1,-1
1096,2,1360,266,114,40,1,-1,-1,-1
1097,2,1360,266,114,40,1,-1,-1,-1
1098,2,1359,265,116,40,1,-1,-1,-1
1099,2,1360,265,115,40,1,-1,-1,-1
1100,2,1360,266,115,40,1,-1,-1,-1
1101,2,1359,266,117,40,1,-1,-1,-1
1102,2,1360,266,116,40,1,-1,-1,-1
1103,2,1360,266,116,41,1,-1,-1,-1
1104,2,1360,266,116,41,1,-1,-1,-1
1105,2,1360,265,115,40,1,-1,-1,-1
1106,2,1359,265,115,40,1,-1,-1,-1
1107,2,1360,265,115,40,1,-1,-1,-1
1108,2,1360,265,114,40,1,-1,-1,-1
1109,2,1360,265,114,40,1,-1,-1,-1
1110,2,1360,265,115,40,1,-1,-1,-1
1111,2,1361,266,115,40,1,-1,-1,-1
1112,2,1360,266,116,40,1,-1,-1,-1
1113,2,1360,265,113,40,1,-1,-1,-1
1114,2,1360,266,113,40,1,-1,-1,-1
1115,2,1360,265,112,40,1,-1,-1,-1
1116,2,1360,265,113,40,1,-1,-1,-1
1117,2,1360,265,112,40,1,-1,-1,-1
1118,2,1361,265,110,40,1,-1,-1,-1
1119,2,1362,266,112,40,1,-1,-1,-1
1120,2,1362,266,111,40,1,-1,-1,-1
1121,2,1359,265,113,40,1,-1,-1,-1
1122,2,1359,265,113,40,1,-1,-1,-1
1123,2,1359,265,113,40,1,-1,-1,-1
1124,2,1359,265,112,40,1,-1,-1,-1
1125,2,1359,265,113,40,1,-1,-1,-1
1126,2,1359,265,112,40,1,-1,-1,-1
1127,2,1359,265,113,40,1,-1,-1,-1
1128,2,1359,265,113,40,1,-1,-1,-1
1129,2,1361,266,111,40,1,-1,-1,-1
1130,2,1360,266,112,40,1,-1,-1,-1
1131,2,1359,265,115,40,1,-1,-1,-1
1132,2,1360,265,114,40,1,-1,-1,-1
1133,2,1359,265,115,40,1,-1,-1,-1
1134,2,1359,265,115,40,1,-1,-1,-1
1135,2,1359,265,114,40,1,-1,-1,-1
1136,2,1359,265,114,41,1,-1,-1,-1
1137,2,1360,265,114,41,1,-1,-1,-1
1138,2,1359,265,114,41,1,-1,-1,-1
1139,2,1359,265,114,41,1,-1,-1,-1
1140,2,1359,265,114,41,1,-1,-1,-1
1141,2,1360,265,114,40,1,-1,-1,-1
1142,2,1360,265,113,40,1,-1,-1,-1
1143,2,1360,266,115,40,1,-1,-1,-1
1144,2,1360,265,113,40,1,-1,-1,-1
1145,2,1360,265,113,40,1,-1,-1,-1
1146,2,1360,265,113,40,1,-1,-1,-1
1147,2,1359,265,113,40,1,-1,-1,-1
1148,2,1359,265,113,40,1,-1,-1,-1
1149,2,1359,265,114,40,1,-1,-1,-1
1150,2,1359,265,113,40,1,-1,-1,-1
1151,2,1359,265,113,40,1,-1,-1,-1
1152,2,1359,266,113,39,1,-1,-1,-1
1153,2,1360,266,114,39,1,-1,-1,-1
1154,2,1360,266,114,40,1,-1,-1,-1
1155,2,1361,266,112,40,1,-1,-1,-1
1156,2,1361,266,114,39,1,-1,-1,-1
1157,2,1361,266,114,39,1,-1,-1,-1
1158,2,1361,266,114,40,1,-1,-1,-1
1159,2,1361,266,114,39,1,-1,-1,-1
1160,2,1360,266,115,39,1,-1,-1,-1
1161,2,1360,266,116,39,1,-1,-1,-1
1162,2,1359,266,116,40,1,-1,-1,-1
1163,2,1359,266,116,40,1,-1,-1,-1
1164,2,1358,265,115,40,1,-1,-1,-1
1165,2,1360,266,113,39,1,-1,-1,-1
1166,2,1359,266,113,39,1,-1,-1,-1
1167,2,1361,266,112,39,1,-1,-1,-1
1168,2,1361,266,112,39,1,-1,-1,-1
1169,2,1360,266,113,39,1,-1,-1,-1
1170,2,1360,265,114,40,1,-1,-1,-1
1171,2,1360,265,114,40,1,-1,-1,-1
1172,2,1361,266,111,38,1,-1,-1,-1
1173,2,1361,266,111,38,1,-1,-1,-1
1174,2,1360,266,112,38,1,-1,-1,-1
1175,2,1360,266,112,39,1,-1,-1,-1
1176,2,1360,266,112,39,1,-1,-1,-1
1177,2,1361,266,111,38,1,-1,-1,-1
1178,2,1361,266,111,38,1,-1,-1,-1
1179,2,1361,266,112,38,1,-1,-1,-1
1180,2,1362,266,111,39,1,-1,-1,-1
1181,2,1362,266,111,39,1,-1,-1,-1
1182,2,1362,266,111,39,1,-1,-1,-1
1183,2,1363,267,112,39,1,-1,-1,-1
1184,2,1363,267,112,39,1,-1,-1,-1
1185,2,1363,267,112,39,1,-1,-1,-1
1186,2,1363,267,113,39,1,-1,-1,-1
1187,2,1363,267,113,39,1,-1,-1,-1
1188,2,1363,267,113,39,1,-1,-1,-1
1189,2,1360,266,114,39,1,-1,-1,-1
1190,2,1360,266,113,39,1,-1,-1,-1
1191,2,1360,266,113,39,1,-1,-1,-1
1192,2,1361,266,111,39,1,-1,-1,-1
1193,2,1362,266,111,39,1,-1,-1,-1
1194,2,1360,266,112,39,1,-1,-1,-1
1195,2,1360,266,112,39,1,-1,-1,-1
1196,2,1360,266,112,39,1,-1,-1,-1
1197,2,1360,266,112,39,1,-1,-1,-1
1198,2,1361,266,112,39,1,-1,-1,-1
1199,2,1361,265,112,39,1,-1,-1,-1
1200,2,1361,265,112,39,1,-1,-1,-1
1201,2,1360,265,114,40,1,-1,-1,-1
1202,2,1360,265,115,40,1,-1,-1,-1
1203,2,1359,266,117,39,1,-1,-1,-1
1204,2,1359,266,117,39,1,-1,-1,-1
1205,2,1359,266,117,39,1,-1,-1,-1
1206,2,1359,266,117,39,1,-1,-1,-1
1207,2,1362,266,111,39,1,-1,-1,-1
1208,2,1361,266,111,39,1,-1,-1,-1
1209,2,1362,266,111,39,1,-1,-1,-1
1210,2,1361,266,112,39,1,-1,-1,-1
1211,2,1361,266,112,39,1,-1,-1,-1
1212,2,1358,265,116,40,1,-1,-1,-1
1213,2,1359,265,114,39,1,-1,-1,-1
1214,2,1360,265,114,39,1,-1,-1,-1
1215,2,1361,266,115,39,1,-1,-1,-1
1216,2,1361,265,114,39,1,-1,-1,-1
1217,2,1361,265,114,39,1,-1,-1,-1
1218,2,1363,266,108,39,1,-1,-1,-1
1219,2,1363,266,109,39,1,-1,-1,-1
1220,2,1362,266,112,39,1,-1,-1,-1
1221,2,1361,266,113,40,1,-1,-1,-1
1222,2,1361,266,113,39,1,-1,-1,-1
1223,2,1361,267,116,39,1,-1,-1,-1
1224,2,1361,267,115,39,1,-1,-1,-1
1225,2,1362,267,114,39,1,-1,-1,-1
1226,2,1363,267,114,39,1,-1,-1,-1
1227,2,1363,266,114,39,1,-1,-1,-1
1228,2,1361,266,115,40,1,-1,-1,-1
1229,2,1362,267,114,39,1,-1,-1,-1
1230,2,1359,267,118,39,1,-1,-1,-1
1231,2,1359,267,119,39,1,-1,-1,-1
1232,2,1359,267,120,39,1,-1,-1,-1
1233,2,1359,267,119,39,1,-1,-1,-1
1234,2,1360,266,117,39,1,-1,-1,-1
1235,2,1360,266,118,39,1,-1,-1,-1
1236,2,1359,266,118,40,1,-1,-1,-1
1237,2,1361,266,116,40,1,-1,-1,-1
1238,2,1362,266,114,40,1,-1,-1,-1
1239,2,1361,266,114,40,1,-1,-1,-1
1240,2,1360,266,116,40,1,-1,-1,-1
1241,2,1361,266,115,40,1,-1,-1,-1
1242,2,1361,266,115,40,1,-1,-1,-1
1243,2,1360,266,116,40,1,-1,-1,-1
1244,2,1361,266,113,40,1,-1,-1,-1
1245,2,1361,266,113,40,1,-1,-1,-1
1246,2,1361,266,113,40,1,-1,-1,-1
1247,2,1361,266,114,40,1,-1,-1,-1
1248,2,1362,266,113,40,1,-1,-1,-1
1249,2,1360,266,114,39,1,-1,-1,-1
1250,2,1359,265,113,41,1,-1,-1,-1
1251,2,1360,265,115,40,1,-1,-1,-1
1252,2,1360,265,116,40,1,-1,-1,-1
1253,2,1361,265,114,41,1,-1,-1,-1
1254,2,1359,266,116,40,1,-1,-1,-1
1255,2,1360,265,116,40,1,-1,-1,-1
1256,2,1360,266,115,40,1,-1,-1,-1
1257,2,1359,265,116,41,1,-1,-1,-1
1258,2,1359,265,117,41,1,-1,-1,-1
1259,2,1360,265,116,41,1,-1,-1,-1
1260,2,1359,265,116,41,1,-1,-1,-1
1261,2,1360,266,115,39,1,-1,-1,-1
1262,2,1360,266,114,40,1,-1,-1,-1
1263,2,1360,266,115,40,1,-1,-1,-1
1264,2,1361,266,114,40,1,-1,-1,-1
1265,2,1361,265,113,40,1,-1,-1,-1
1266,2,1358,266,114,40,1,-1,-1,-1
1267,2,1358,265,117,40,1,-1,-1,-1
1268,2,1357,265,117,40,1,-1,-1,-1
1269,2,1357,265,117,40,1,-1,-1,-1
1270,2,1358,265,116,40,1,-1,-1,-1
1271,2,1359,266,115,40,1,-1,-1,-1
1272,2,1359,266,115,39,1,-1,-1,-1
1273,2,1358,265,115,39,1,-1,-1,-1
1274,2,1358,265,116,40,1,-1,-1,-1
1275,2,1358,266,116,40,1,-1,-1,-1
1276,2,1356,265,119,40,1,-1,-1,-1
1277,2,1356,265,118,40,1,-1,-1,-1
1278,2,1357,265,118,40,1,-1,-1,-1
1279,2,1357,265,118,40,1,-1,-1,-1
1280,2,1357,265,119,40,1,-1,-1,-1
1281,2,1357,265,119,40,1,-1,-1,-1
1282,2,1357,265,119,40,1,-1,-1,-1
1283,2,1357,265,119,40,1,-1,-1,-1
1284,2,1356,265,118,40,1,-1,-1,-1
1285,2,1357,265,117,40,1,-1,-1,-1
1286,2,1357,266,116,40,1,-1,-1,-1
1287,2,1357,266,117,40,1,-1,-1,-1
1288,2,1357,265,117,40,1,-1,-1,-1
1289,2,1358,265,117,39,1,-1,-1,-1
1290,2,1357,265,115,40,1,-1,-1,-1
1291,2,1358,265,114,40,1,-1,-1,-1
1292,2,1358,265,114,40,1,-1,-1,-1
1293,2,1357,265,114,40,1,-1,-1,-1
1294,2,1357,265,116,41,1,-1,-1,-1
1295,2,1357,265,115,40,1,-1,-1,-1
1296,2,1357,265,115,40,1,-1,-1,-1
1297,2,1357,265,113,39,1,-1,-1,-1
1298,2,1358,266,113,39,1,-1,-1,-1
1299,2,1358,265,114,40,1,-1,-1,-1
1300,2,1360,266,112,39,1,-1,-1,-1
1301,2,1360,266,112,39,1,-1,-1,-1
1302,2,1361,266,110,39,1,-1,-1,-1
1303,2,1359,266,112,39,1,-1,-1,-1
1304,2,1359,266,112,39,1,-1,-1,-1
1305,2,1359,266,112,39,1,-1,-1,-1
1306,2,1359,266,111,39,1,-1,-1,-1
1307,2,1359,266,113,40,1,-1,-1,-1
1308,2,1359,266,114,39,1,-1,-1,-1
1309,2,1361,266,111,39,1,-1,-1,-1
1310,2,1361,266,111,39,1,-1,-1,-1
1311,2,1361,266,110,39,1,-1,-1,-1
1312,2,1360,266,111,39,1,-1,-1,-1
1313,2,1359,266,112,39,1,-1,-1,-1
1314,2,1359,266,113,39,1,-1,-1,-1
1315,2,1359,265,113,39,1,-1,-1,-1
1316,2,1359,265,114,40,1,-1,-1,-1
1317,2,1360,265,113,39,1,-1,-1,-1
1318,2,1359,265,113,40,1,-1,-1,-1
1319,2,1359,265,114,40,1,-1,-1,-1
1320,2,1359,265,114,40,1,-1,-1,-1
1321,2,1358,265,115,40,1,-1,-1,-1
1322,2,1358,265,115,40,1,-1,-1,-1
1323,2,1362,266,111,39,1,-1,-1,-1
1324,2,1362,266,111,39,1,-1,-1,-1
1325,2,1361,266,112,39,1,-1,-1,-1
1326,2,1362,266,112,39,1,-1,-1,-1
1327,2,1361,266,112,39,1,-1,-1,-1
1328,2,1361,266,113,39,1,-1,-1,-1
1329,2,1361,266,112,39,1,-1,-1,-1
1330,2,1362,266,112,39,1,-1,-1,-1
1331,2,1362,266,112,39,1,-1,-1,-1
1332,2,1362,266,112,39,1,-1,-1,-1
1333,2,1359,265,114,40,1,-1,-1,-1
1334,2,1359,265,114,40,1,-1,-1,-1
1335,2,1359,266,114,40,1,-1,-1,-1
1336,2,1360,265,114,40,1,-1,-1,-1
1337,2,1360,265,114,40,1,-1,-1,-1
1338,2,1360,266,113,40,1,-1,-1,-1
1339,2,1360,266,113,40,1,-1,-1,-1
1340,2,1360,266,113,39,1,-1,-1,-1
1341,2,1359,266,113,39,1,-1,-1,-1
1342,2,1359,266,113,39,1,-1,-1,-1
1343,2,1360,266,113,40,1,-1,-1,-1
1344,2,1360,265,113,40,1,-1,-1,-1
1345,2,1359,266,114,40,1,-1,-1,-1
1346,2,1359,266,114,40,1,-1,-1,-1
1347,2,1359,266,115,39,1,-1,-1,-1
1348,2,1359,266,115,40,1,-1,-1,-1
1349,2,1358,265,114,40,1,-1,-1,-1
1350,2,1358,265,114,40,1,-1,-1,-1
1351,2,1358,265,114,40,1,-1,-1,-1
1352,2,1358,265,114,40,1,-1,-1,-1
1353,2,1358,265,114,40,1,-1,-1,-1
1354,2,1358,265,114,40,1,-1,-1,-1
1355,2,1359,265,114,40,1,-1,-1,-1
1356,2,1358,266,115,39,1,-1,-1,-1
1357,2,1361,266,112,39,1,-1,-1,-1
1358,2,1361,266,112,39,1,-1,-1,-1
1359,2,1362,266,112,39,1,-1,-1,-1
1360,2,1362,266,112,39,1,-1,-1,-1
1361,2,1362,266,112,39,1,-1,-1,-1
1362,2,1363,266,111,39,1,-1,-1,-1
1363,2,1361,266,113,39,1,-1,-1,-1
1364,2,1360,266,111,39,1,-1,-1,-1
1365,2,1359,266,112,39,1,-1,-1,-1
1366,2,1361,266,113,39,1,-1,-1,-1
1367,2,1361,266,113,39,1,-1,-1,-1
1368,2,1364,266,110,39,1,-1,-1,-1
1369,2,1365,266,109,39,1,-1,-1,-1
1370,2,1365,266,109,40,1,-1,-1,-1
1371,2,1365,266,109,39,1,-1,-1,-1
1372,2,1364,266,110,39,1,-1,-1,-1
1373,2,1363,266,111,39,1,-1,-1,-1
1374,2,1363,266,110,39,1,-1,-1,-1
1375,2,1363,266,111,39,1,-1,-1,-1
1376,2,1363,266,111,39,1,-1,-1,-1
1377,2,1363,266,110,39,1,-1,-1,-1
1378,2,1364,266,109,39,1,-1,-1,-1
1379,2,1364,266,110,39,1,-1,-1,-1
1380,2,1364,266,110,39,1,-1,-1,-1
1381,2,1361,266,112,39,1,-1,-1,-1
1382,2,1361,267,112,38,1,-1,-1,-1
1383,2,1361,266,109,39,1,-1,-1,-1
1384,2,1363,266,111,39,1,-1,-1,-1
1385,2,1363,266,108,39,1,-1,-1,-1
1386,2,1363,266,108,39,1,-1,-1,-1
1387,2,1363,266,108,39,1,-1,-1,-1
1388,2,1363,266,110,39,1,-1,-1,-1
1389,2,1363,266,107,39,1,-1,-1,-1
1390,2,1362,266,110,39,1,-1,-1,-1
1391,2,1362,266,112,39,1,-1,-1,-1
1392,2,1362,266,113,40,1,-1,-1,-1
1393,2,1362,266,112,39,1,-1,-1,-1
1394,2,1363,266,111,39,1,-1,-1,-1
1395,2,1363,266,111,39,1,-1,-1,-1
1396,2,1363,267,111,39,1,-1,-1,-1
1397,2,1363,266,111,39,1,-1,-1,-1
1398,2,1363,266,109,39,1,-1,-1,-1
1399,2,1359,266,115,39,1,-1,-1,-1
1400,2,1359,266,115,39,1,-1,-1,-1
1401,2,1359,266,115,39,1,-1,-1,-1
1402,2,1360,266,116,39,1,-1,-1,-1
1403,2,1360,266,116,39,1,-1,-1,-1
1404,2,1361,266,116,39,1,-1,-1,-1
1405,2,1359,266,117,39,1,-1,-1,-1
1406,2,1359,266,117,39,1,-1,-1,-1
1407,2,1359,265,117,39,1,-1,-1,-1
1408,2,1359,265,118,39,1,-1,-1,-1
1409,2,1359,265,118,39,1,-1,-1,-1
1410,2,1359,266,118,39,1,-1,-1,-1
1411,2,1359,266,118,39,1,-1,-1,-1
1412,2,1359,266,118,39,1,-1,-1,-1
1413,2,1359,266,118,39,1,-1,-1,-1
1414,2,1359,266,118,39,1,-1,-1,-1
1415,2,1359,266,118,39,1,-1,-1,-1
1416,2,1359,266,118,39,1,-1,-1,-1
1417,2,1359,265,118,39,1,-1,-1,-1
1418,2,1360,266,117,39,1,-1,-1,-1
1419,2,1359,266,117,40,1,-1,-1,-1
1420,2,1359,266,117,40,1,-1,-1,-1
1421,2,1359,266,117,40,1,-1,-1,-1
1422,2,1359,265,117,40,1,-1,-1,-1
1423,2,1359,265,117,40,1,-1,-1,-1
1424,2,1359,265,117,40,1,-1,-1,-1
1425,2,1359,265,117,40,1,-1,-1,-1
1426,2,1359,265,117,41,1,-1,-1,-1
1427,2,1359,265,117,41,1,-1,-1,-1
1428,2,1359,265,117,40,1,-1,-1,-1
1429,2,1361,266,115,40,1,-1,-1,-1
1430,2,1361,266,115,40,1,-1,-1,-1
1431,2,1361,266,115,40,1,-1,-1,-1
1432,2,1361,266,115,40,1,-1,-1,-1
1433,2,1361,266,115,40,1,-1,-1,-1
1434,2,1362,266,114,40,1,-1,-1,-1
1435,2,1362,266,115,40,1,-1,-1,-1
1436,2,1361,265,115,40,1,-1,-1,-1
1437,2,1361,265,114,40,1,-1,-1,-1
1438,2,1361,266,115,40,1,-1,-1,-1
1439,2,1361,266,116,40,1,-1,-1,-1
1440,2,1361,266,116,40,1,-1,-1,-1
1441,2,1363,266,114,40,1,-1,-1,-1
1442,2,1363,266,114,40,1,-1,-1,-1
1443,2,1363,266,114,40,1,-1,-1,-1
1444,2,1362,266,114,40,1,-1,-1,-1
1445,2,1362,266,115,40,1,-1,-1,-1
1446,2,1364,265,113,41,1,-1,-1,-1
1447,2,1364,266,113,40,1,-1,-1,-1
1448,2,1363,266,114,40,1,-1,-1,-1
1449,2,1363,265,113,40,1,-1,-1,-1
1450,2,1363,265,113,40,1,-1,-1,-1
1451,2,1363,265,113,40,1,-1,-1,-1
1452,2,1363,265,114,41,1,-1,-1,-1
1453,2,1362,265,115,40,1,-1,-1,-1
1454,2,1363,265,114,40,1,-1,-1,-1
1455,2,1362,265,114,40,1,-1,-1,-1
1456,2,1362,265,115,40,1,-1,-1,-1
1457,2,1362,265,115,40,1,-1,-1,-1
1458,2,1362,265,114,40,1,-1,-1,-1
1459,2,1361,265,114,40,1,-1,-1,-1
1460,2,1361,265,115,40,1,-1,-1,-1
1461,2,1361,265,115,40,1,-1,-1,-1
1462,2,1361,265,115,40,1,-1,-1,-1
1463,2,1360,264,116,41,1,-1,-1,-1
1464,2,1360,265,117,40,1,-1,-1,-1
1465,2,1360,265,116,40,1,-1,-1,-1
1466,2,1360,265,115,40,1,-1,-1,-1
1467,2,1360,265,117,40,1,-1,-1,-1
1468,2,1360,266,117,40,1,-1,-1,-1
1469,2,1362,266,115,39,1,-1,-1,-1
1470,2,1362,266,115,40,1,-1,-1,-1
1471,2,1362,266,114,39,1,-1,-1,-1
1472,2,1362,266,114,39,1,-1,-1,-1
1473,2,1363,266,114,40,1,-1,-1,-1
1474,2,1362,266,114,40,1,-1,-1,-1
1475,2,1363,266,114,40,1,-1,-1,-1
1476,2,1363,266,113,40,1,-1,-1,-1
1477,2,1362,266,114,40,1,-1,-1,-1
1478,2,1362,266,114,40,1,-1,-1,-1
1479,2,1360,265,115,40,1,-1,-1,-1
1480,2,1360,265,115,40,1,-1,-1,-1
1481,2,1360,265,115,40,1,-1,-1,-1
1482,2,1360,265,115,40,1,-1,-1,-1
1483,2,1359,265,114,40,1,-1,-1,-1
1484,2,1359,265,114,40,1,-1,-1,-1
1485,2,1359,265,114,40,1,-1,-1,-1
1486,2,1360,265,115,40,1,-1,-1,-1
1487,2,1360,265,115,40,1,-1,-1,-1
1488,2,1360,265,115,40,1,-1,-1,-1
1489,2,1365,265,113,40,1,-1,-1,-1
1490,2,1365,265,113,40,1,-1,-1,-1
1491,2,1365,265,113,40,1,-1,-1,-1
1492,2,1366,265,112,40,1,-1,-1,-1
1493,2,1366,265,112,40,1,-1,-1,-1
1494,2,1366,265,112,40,1,-1,-1,-1
1495,2,1366,265,112,40,1,-1,-1,-1
1496,2,1366,265,112,40,1,-1,-1,-1
1497,2,1366,265,112,40,1,-1,-1,-1
1498,2,1366,265,112,40,1,-1,-1,-1
1499,2,1366,265,112,40,1,-1,-1,-1
1500,2,1366,265,112,40,1,-1,-1,-1
1501,2,1363,265,114,40,1,-1,-1,-1
1502,2,1363,265,114,40,1,-1,-1,-1
1503,2,1363,265,114,40,1,-1,-1,-1
1504,2,1363,265,114,40,1,-1,-1,-1
1505,2,1364,265,114,40,1,-1,-1,-1
1506,2,1364,265,113,40,1,-1,-1,-1
1507,2,1364,265,113,40,1,-1,-1,-1
1508,2,1364,265,113,40,1,-1,-1,-1
1509,2,1364,265,114,40,1,-1,-1,-1
1510,2,1364,265,113,40,1,-1,-1,-1
1511,2,1364,265,114,40,1,-1,-1,-1
1512,2,1364,265,114,40,1,-1,-1,-1
1513,2,1364,265,114,40,1,-1,-1,-1
1514,2,1364,265,114,40,1,-1,-1,-1
1515,2,1364,265,114,40,1,-1,-1,-1
1516,2,1364,265,114,40,1,-1,-1,-1
1517,2,1364,265,113,40,1,-1,-1,-1
1518,2,1364,265,113,40,1,-1,-1,-1
1519,2,1364,265,113,40,1,-1,-1,-1
1520,2,1362,265,115,41,1,-1,-1,-1
1521,2,1362,265,115,41,1,-1,-1,-1
1522,2,1362,265,115,40,1,-1,-1,-1
1523,2,1361,265,116,40,1,-1,-1,-1
1524,2,1362,265,115,40,1,-1,-1,-1
1525,2,1361,265,116,40,1,-1,-1,-1
1526,2,1361,265,116,40,1,-1,-1,-1
1527,2,1361,265,116,40,1,-1,-1,-1
1528,2,1360,265,116,40,1,-1,-1,-1
1529,2,1360,265,116,40,1,-1,-1,-1
1530,2,1361,265,116,40,1,-1,-1,-1
1531,2,1361,265,116,40,1,-1,-1,-1
1532,2,1360,266,116,40,1,-1,-1,-1
1533,2,1360,266,117,40,1,-1,-1,-1
1534,2,1360,266,117,40,1,-1,-1,-1
1535,2,1361,265,116,41,1,-1,-1,-1
1536,2,1360,265,116,41,1,-1,-1,-1
1537,2,1360,266,119,40,1,-1,-1,-1
1538,2,1359,265,119,40,1,-1,-1,-1
1539,2,1359,265,119,41,1,-1,-1,-1
1540,2,1359,265,119,41,1,-1,-1,-1
1541,2,1359,265,118,40,1,-1,-1,-1
1542,2,1359,265,119,40,1,-1,-1,-1
1543,2,1360,265,117,40,1,-1,-1,-1
1544,2,1361,266,116,40,1,-1,-1,-1
1545,2,1361,266,117,41,1,-1,-1,-1
1546,2,1360,265,117,40,1,-1,-1,-1
1547,2,1360,265,117,41,1,-1,-1,-1
1548,2,1361,265,119,42,1,-1,-1,-1
1549,2,1363,265,119,43,1,-1,-1,-1
1550,2,1360,265,121,42,1,-1,-1,-1
1551,2,1361,265,115,42,1,-1,-1,-1
1552,2,1358,265,119,41,1,-1,-1,-1
1553,2,1362,265,115,40,1,-1,-1,-1
1554,2,1361,265,117,40,1,-1,-1,-1
1555,2,1360,265,118,41,1,-1,-1,-1
1556,2,1359,265,119,41,1,-1,-1,-1
1557,2,1357,265,120,41,1,-1,-1,-1
1558,2,1359,266,118,41,1,-1,-1,-1
1559,2,1363,266,114,41,1,-1,-1,-1
1560,2,1361,266,116,41,1,-1,-1,-1
1561,2,1359,266,116,40,1,-1,-1,-1
1562,2,1359,266,116,40,1,-1,-1,-1
1563,2,1358,266,117,40,1,-1,-1,-1
1564,2,1358,266,117,40,1,-1,-1,-1
1565,2,1358,266,117,41,1,-1,-1,-1
1566,2,1358,266,117,40,1,-1,-1,-1
1567,2,1358,266,118,41,1,-1,-1,-1
1568,2,1358,266,118,41,1,-1,-1,-1
1569,2,1358,266,118,41,1,-1,-1,-1
1570,2,1359,266,118,41,1,-1,-1,-1
1571,2,1360,266,118,41,1,-1,-1,-1
1572,2,1359,265,118,41,1,-1,-1,-1
1573,2,1361,265,116,41,1,-1,-1,-1
1574,2,1361,265,116,41,1,-1,-1,-1
1575,2,1363,265,114,41,1,-1,-1,-1
1576,2,1363,265,114,40,1,-1,-1,-1
1577,2,1363,266,113,40,1,-1,-1,-1
1578,2,1363,266,113,40,1,-1,-1,-1
1579,2,1362,266,115,40,1,-1,-1,-1
1580,2,1361,266,115,40,1,-1,-1,-1
1581,2,1362,266,115,40,1,-1,-1,-1
1582,2,1361,266,115,40,1,-1,-1,-1
1583,2,1361,265,115,41,1,-1,-1,-1
1584,2,1361,266,116,41,1,-1,-1,-1
1585,2,1360,265,116,40,1,-1,-1,-1
1586,2,1361,265,116,40,1,-1,-1,-1
1587,2,1361,265,117,40,1,-1,-1,-1
1588,2,1364,266,117,41,1,-1,-1,-1
1589,2,1363,265,115,41,1,-1,-1,-1
1590,2,1370,265,105,41,1,-1,-1,-1
1591,2,1363,265,113,39,1,-1,-1,-1
1592,2,1365,266,111,39,1,-1,-1,-1
1593,2,1373,265,105,40,1,-1,-1,-1
1594,2,1370,265,106,40,1,-1,-1,-1
1595,2,1369,265,107,40,1,-1,-1,-1
1596,2,1368,265,107,40,1,-1,-1,-1
1597,2,1363,266,112,40,1,-1,-1,-1
1598,2,1365,265,111,40,1,-1,-1,-1
1599,2,1363,265,112,40,1,-1,-1,-1
1600,2,1360,265,115,40,1,-1,-1,-1
1601,2,1359,265,116,40,1,-1,-1,-1
1602,2,1360,265,116,41,1,-1,-1,-1
1603,2,1362,265,117,41,1,-1,-1,-1
1604,2,1362,265,119,42,1,-1,-1,-1
1605,2,1363,266,118,42,1,-1,-1,-1
1606,2,1364,266,116,42,1,-1,-1,-1
1607,2,1365,265,116,43,1,-1,-1,-1
1608,2,1368,266,109,39,1,-1,-1,-1
1609,2,1373,265,100,38,1,-1,-1,-1
1610,2,1374,266,102,37,1,-1,-1,-1
1611,2,1375,265,102,40,1,-1,-1,-1
1612,2,1377,265,99,40,1,-1,-1,-1
1613,2,1372,265,104,42,1,-1,-1,-1
1614,2,1367,265,109,41,1,-1,-1,-1
1615,2,1364,266,112,40,1,-1,-1,-1
1616,2,1365,266,111,40,1,-1,-1,-1
1617,2,1364,266,110,40,1,-1,-1,-1
1618,2,1364,266,112,40,1,-1,-1,-1
1619,2,1363,266,113,40,1,-1,-1,-1
1620,2,1363,266,114,41,1,-1,-1,-1
1621,2,1361,266,115,41,1,-1,-1,-1
1622,2,1361,266,114,40,1,-1,-1,-1
1623,2,1362,265,113,40,1,-1,-1,-1
1624,2,1362,265,113,40,1,-1,-1,-1
1625,2,1362,266,113,40,1,-1,-1,-1
1626,2,1362,266,113,40,1,-1,-1,-1
1627,2,1362,265,114,40,1,-1,-1,-1
1628,2,1362,265,111,40,1,-1,-1,-1
1629,2,1362,266,113,40,1,-1,-1,-1
1630,2,1362,266,113,40,1,-1,-1,-1
1631,2,1362,266,113,40,1,-1,-1,-1
1632,2,1362,265,113,40,1,-1,-1,-1
1633,2,1359,266,116,39,1,-1,-1,-1
1634,2,1358,265,117,39,1,-1,-1,-1
1635,2,1358,265,114,39,1,-1,-1,-1
1636,2,1358,265,114,39,1,-1,-1,-1
1637,2,1358,265,114,39,1,-1,-1,-1
1638,2,1358,265,114,39,1,-1,-1,-1
1639,2,1359,266,116,39,1,-1,-1,-1
1640,2,1359,266,115,39,1,-1,-1,-1
1641,2,1359,266,115,39,1,-1,-1,-1
1642,2,1359,266,115,39,1,-1,-1,-1
1643,2,1362,265,110,40,1,-1,-1,-1
1644,2,1362,265,110,40,1,-1,-1,-1
1645,2,1365,265,109,40,1,-1,-1,-1
1646,2,1365,265,109,40,1,-1,-1,-1
1647,2,1364,265,109,40,1,-1,-1,-1
1648,2,1365,265,109,40,1,-1,-1,-1
1649,2,1365,265,109,40,1,-1,-1,-1
1650,2,1364,265,109,40,1,-1,-1,-1
1651,2,1364,265,109,40,1,-1,-1,-1
1652,2,1364,265,109,40,1,-1,-1,-1
1653,2,1363,265,108,40,1,-1,-1,-1
1654,2,1363,265,108,39,1,-1,-1,-1
1655,2,1363,265,108,39,1,-1,-1,-1
1656,2,1363,265,108,39,1,-1,-1,-1
1657,2,1359,266,114,39,1,-1,-1,-1
1658,2,1359,266,113,39,1,-1,-1,-1
1659,2,1359,266,113,39,1,-1,-1,-1
1660,2,1359,266,113,39,1,-1,-1,-1
1661,2,1360,266,112,39,1,-1,-1,-1
1662,2,1360,266,112,39,1,-1,-1,-1
1663,2,1360,266,113,40,1,-1,-1,-1
1664,2,1360,266,112,40,1,-1,-1,-1
1665,2,1361,266,113,40,1,-1,-1,-1
1666,2,1362,266,113,40,1,-1,-1,-1
1667,2,1363,266,111,39,1,-1,-1,-1
1668,2,1362,266,112,39,1,-1,-1,-1
1669,2,1361,265,115,40,1,-1,-1,-1
1670,2,1362,265,114,40,1,-1,-1,-1
1671,2,1362,265,113,41,1,-1,-1,-1
1672,2,1362,265,112,40,1,-1,-1,-1
1673,2,1364,266,110,41,1,-1,-1,-1
1674,2,1365,266,109,41,1,-1,-1,-1
1675,2,1363,266,111,41,1,-1,-1,-1
1676,2,1360,265,111,41,1,-1,-1,-1
1677,2,1361,265,111,41,1,-1,-1,-1
1678,2,1360,265,112,41,1,-1,-1,-1
1679,2,1360,265,112,41,1,-1,-1,-1
1680,2,1360,265,112,41,1,-1,-1,-1
1681,2,1360,265,112,41,1,-1,-1,-1
1682,2,1360,265,112,41,1,-1,-1,-1
1683,2,1361,265,112,40,1,-1,-1,-1
1684,2,1361,265,112,40,1,-1,-1,-1
1685,2,1361,265,112,40,1,-1,-1,-1
1686,2,1361,265,112,39,1,-1,-1,-1
1687,2,1361,265,112,39,1,-1,-1,-1
1688,2,1361,265,112,39,1,-1,-1,-1
1689,2,1361,265,112,40,1,-1,-1,-1
1690,2,1361,265,112,40,1,-1,-1,-1
1691,2,1361,265,112,40,1,-1,-1,-1
1692,2,1362,265,111,39,1,-1,-1,-1
1693,2,1362,265,110,40,1,-1,-1,-1
1694,2,1362,266,111,40,1,-1,-1,-1
1695,2,1362,266,113,40,1,-1,-1,-1
1696,2,1362,266,114,40,1,-1,-1,-1
1697,2,1362,266,112,41,1,-1,-1,-1
1698,2,1362,266,113,41,1,-1,-1,-1
1699,2,1363,266,114,41,1,-1,-1,-1
1700,2,1362,265,115,40,1,-1,-1,-1
1701,2,1362,265,115,41,1,-1,-1,-1
1702,2,1362,265,115,41,1,-1,-1,-1
1703,2,1362,265,116,41,1,-1,-1,-1
1704,2,1362,265,115,41,1,-1,-1,-1
1705,2,1361,266,115,40,1,-1,-1,-1
1706,2,1362,266,115,40,1,-1,-1,-1
1707,2,1362,266,115,40,1,-1,-1,-1
1708,2,1361,266,114,40,1,-1,-1,-1
1709,2,1362,266,113,40,1,-1,-1,-1
1710,2,1361,266,114,40,1,-1,-1,-1
1711,2,1361,266,115,40,1,-1,-1,-1
1712,2,1361,266,116,40,1,-1,-1,-1
1713,2,1361,266,115,40,1,-1,-1,-1
1714,2,1361,266,115,40,1,-1,-1,-1
1715,2,1361,266,115,40,1,-1,-1,-1
1716,2,1361,266,115,40,1,-1,-1,-1
1717,2,1361,266,115,40,1,-1,-1,-1
1718,2,1361,266,115,40,1,-1,-1,-1
1719,2,1361,266,115,40,1,-1,-1,-1
1720,2,1361,266,115,40,1,-1,-1,-1
1721,2,1361,266,115,40,1,-1,-1,-1
1722,2,1361,266,115,40,1,-1,-1,-1
1723,2,1363,266,113,40,1,-1,-1,-1
1724,2,1363,266,113,40,1,-1,-1,-1
1725,2,1363,266,113,40,1,-1,-1,-1
1726,2,1363,266,111,40,1,-1,-1,-1
1727,2,1363,266,111,40,1,-1,-1,-1
1728,2,1363,266,111,40,1,-1,-1,-1
1729,2,1362,265,112,40,1,-1,-1,-1
1730,2,1362,265,112,40,1,-1,-1,-1
1731,2,1362,266,112,40,1,-1,-1,-1
1732,2,1363,266,112,40,1,-1,-1,-1
1733,2,1362,266,114,40,1,-1,-1,-1
1734,2,1362,266,115,40,1,-1,-1,-1
1735,2,1362,266,114,40,1,-1,-1,-1
1736,2,1362,266,114,40,1,-1,-1,-1
1737,2,1361,266,115,40,1,-1,-1,-1
1738,2,1361,266,113,40,1,-1,-1,-1
1739,2,1360,266,116,40,1,-1,-1,-1
1740,2,1361,266,115,40,1,-1,-1,-1
1741,2,1362,266,113,39,1,-1,-1,-1
1742,2,1362,266,114,40,1,-1,-1,-1
1743,2,1362,265,114,41,1,-1,-1,-1
1744,2,1362,265,117,42,1,-1,-1,-1
1745,2,1362,265,117,42,1,-1,-1,-1
1746,2,1365,265,111,42,1,-1,-1,-1
1747,2,1367,264,107,41,1,-1,-1,-1
1748,2,1375,265,100,40,1,-1,-1,-1
1749,2,1367,265,110,40,1,-1,-1,-1
1750,2,1376,264,101,40,1,-1,-1,-1
1751,2,1371,265,105,41,1,-1,-1,-1
1752,2,1361,266,115,41,1,-1,-1,-1
1753,2,1362,266,114,40,1,-1,-1,-1
1754,2,1363,266,113,40,1,-1,-1,-1
1755,2,1361,266,115,41,1,-1,-1,-1
1756,2,1361,266,116,40,1,-1,-1,-1
1757,2,1359,265,116,40,1,-1,-1,-1
1758,2,1360,266,117,41,1,-1,-1,-1
1759,2,1359,265,118,41,1,-1,-1,-1
1760,2,1360,266,116,41,1,-1,-1,-1
1761,2,1361,266,113,40,1,-1,-1,-1
1762,2,1360,266,114,40,1,-1,-1,-1
1763,2,1360,266,114,40,1,-1,-1,-1
1764,2,1361,266,114,40,1,-1,-1,-1
1765,2,1360,266,115,40,1,-1,-1,-1
1766,2,1359,266,114,41,1,-1,-1,-1
1767,2,1360,266,114,41,1,-1,-1,-1
1768,2,1360,266,112,40,1,-1,-1,-1
1769,2,1360,266,113,41,1,-1,-1,-1
1770,2,1361,266,113,41,1,-1,-1,-1
1771,2,1361,266,114,41,1,-1,-1,-1
1772,2,1361,266,113,41,1,-1,-1,-1
1773,2,1361,265,112,41,1,-1,-1,-1
1774,2,1361,265,112,41,1,-1,-1,-1
1775,2,1361,265,110,41,1,-1,-1,-1
1776,2,1361,266,110,41,1,-1,-1,-1
1777,2,1360,265,112,41,1,-1,-1,-1
1778,2,1359,266,116,40,1,-1,-1,-1
1779,2,1359,265,114,41,1,-1,-1,-1
1780,2,1359,265,114,41,1,-1,-1,-1
1781,2,1360,265,114,41,1,-1,-1,-1
1782,2,1359,265,114,41,1,-1,-1,-1
1783,2,1359,265,114,41,1,-1,-1,-1
1784,2,1359,265,115,41,1,-1,-1,-1
1785,2,1356,265,116,41,1,-1,-1,-1
1786,2,1356,265,116,41,1,-1,-1,-1
1787,2,1356,266,119,41,1,-1,-1,-1
1788,2,1357,265,116,41,1,-1,-1,-1
1789,2,1361,266,115,39,1,-1,-1,-1
1790,2,1360,266,114,39,1,-1,-1,-1
1791,2,1360,266,115,39,1,-1,-1,-1
1792,2,1360,266,113,39,1,-1,-1,-1
1793,2,1361,266,112,40,1,-1,-1,-1
1794,2,1359,266,114,40,1,-1,-1,-1
1795,2,1359,265,114,40,1,-1,-1,-1
1796,2,1359,265,114,40,1,-1,-1,-1
1797,2,1359,265,114,40,1,-1,-1,-1
1798,2,1361,266,113,40,1,-1,-1,-1
1799,2,1360,266,113,39,1,-1,-1,-1
1800,2,1360,266,113,39,1,-1,-1,-1
1801,2,1359,265,115,40,1,-1,-1,-1
1802,2,1358,266,117,39,1,-1,-1,-1
1803,2,1357,266,118,39,1,-1,-1,-1
1804,2,1357,266,120,39,1,-1,-1,-1
1805,2,1356,266,120,39,1,-1,-1,-1
1806,2,1356,266,120,39,1,-1,-1,-1
1807,2,1357,266,119,39,1,-1,-1,-1
1808,2,1358,266,119,39,1,-1,-1,-1
1809,2,1359,265,114,41,1,-1,-1,-1
1810,2,1359,265,114,41,1,-1,-1,-1
1811,2,1359,265,114,40,1,-1,-1,-1
1812,2,1359,265,113,40,1,-1,-1,-1
1813,2,1358,264,115,41,1,-1,-1,-1
1814,2,1358,265,115,40,1,-1,-1,-1
1815,2,1358,265,115,40,1,-1,-1,-1
1816,2,1358,265,115,40,1,-1,-1,-1
1817,2,1358,265,115,40,1,-1,-1,-1
1818,2,1358,265,117,40,1,-1,-1,-1
1819,2,1358,265,116,39,1,-1,-1,-1
1820,2,1358,265,116,40,1,-1,-1,-1
1821,2,1358,265,116,40,1,-1,-1,-1
1822,2,1359,265,115,39,1,-1,-1,-1
1823,2,1359,265,116,40,1,-1,-1,-1
1824,2,1358,264,117,41,1,-1,-1,-1
1825,2,1358,265,117,40,1,-1,-1,-1
1826,2,1359,264,116,40,1,-1,-1,-1
1827,2,1360,265,115,40,1,-1,-1,-1
1828,2,1360,265,115,40,1,-1,-1,-1
1829,2,1362,266,115,39,1,-1,-1,-1
1830,2,1362,266,115,39,1,-1,-1,-1
1831,2,1362,266,115,39,1,-1,-1,-1
1832,2,1361,266,114,39,1,-1,-1,-1
1833,2,1360,266,116,39,1,-1,-1,-1
1834,2,1360,266,117,39,1,-1,-1,-1
1835,2,1360,266,116,39,1,-1,-1,-1
1836,2,1361,266,116,39,1,-1,-1,-1
1837,2,1361,266,116,40,1,-1,-1,-1
1838,2,1360,266,117,40,1,-1,-1,-1
1839,2,1361,265,112,40,1,-1,-1,-1
1840,2,1361,265,112,41,1,-1,-1,-1
1841,2,1359,265,115,41,1,-1,-1,-1
1842,2,1359,265,116,41,1,-1,-1,-1
1843,2,1359,265,114,40,1,-1,-1,-1
1844,2,1359,265,114,41,1,-1,-1,-1
1845,2,1358,265,116,41,1,-1,-1,-1
1846,2,1360,266,117,40,1,-1,-1,-1
1847,2,1361,266,117,40,1,-1,-1,-1
1848,2,1361,265,117,40,1,-1,-1,-1
1849,2,1361,266,112,40,1,-1,-1,-1
1850,2,1361,266,112,40,1,-1,-1,-1
1851,2,1361,266,115,40,1,-1,-1,-1
1852,2,1361,266,115,40,1,-1,-1,-1
1853,2,1361,266,116,40,1,-1,-1,-1
1854,2,1361,266,116,40,1,-1,-1,-1
1855,2,1361,266,116,40,1,-1,-1,-1
1856,2,1361,266,115,40,1,-1,-1,-1
1857,2,1362,266,115,40,1,-1,-1,-1
1858,2,1362,266,114,40,1,-1,-1,-1
1859,2,1362,266,115,40,1,-1,-1,-1
1860,2,1362,266,114,40,1,-1,-1,-1
1861,2,1362,266,114,40,1,-1,-1,-1
1862,2,1363,265,114,40,1,-1,-1,-1
1863,2,1363,265,114,41,1,-1,-1,-1
1864,2,1362,266,115,40,1,-1,-1,-1
1865,2,1363,266,114,40,1,-1,-1,-1
1866,2,1362,266,114,40,1,-1,-1,-1
1867,2,1362,266,114,40,1,-1,-1,-1
1868,2,1362,266,113,40,1,-1,-1,-1
1869,2,1358,265,117,40,1,-1,-1,-1
1870,2,1358,265,118,41,1,-1,-1,-1
1871,2,1358,265,117,41,1,-1,-1,-1
1872,2,1358,265,117,41,1,-1,-1,-1
1873,2,1357,265,118,40,1,-1,-1,-1
1874,2,1358,265,117,40,1,-1,-1,-1
1875,2,1358,265,117,40,1,-1,-1,-1
1876,2,1358,265,117,40,1,-1,-1,-1
1877,2,1359,265,116,40,1,-1,-1,-1
1878,2,1359,265,116,40,1,-1,-1,-1
1879,2,1359,265,115,40,1,-1,-1,-1
1880,2,1359,265,116,40,1,-1,-1,-1
1881,2,1359,265,116,40,1,-1,-1,-1
1882,2,1359,265,115,40,1,-1,-1,-1
1883,2,1360,265,115,40,1,-1,-1,-1
1884,2,1359,265,115,40,1,-1,-1,-1
1885,2,1359,265,116,40,1,-1,-1,-1
1886,2,1359,265,116,39,1,-1,-1,-1
1887,2,1359,265,117,40,1,-1,-1,-1
1888,2,1359,265,114,40,1,-1,-1,-1
1889,2,1357,265,117,40,1,-1,-1,-1
1890,2,1357,265,117,40,1,-1,-1,-1
1891,2,1357,265,118,40,1,-1,-1,-1
1892,2,1358,265,117,40,1,-1,-1,-1
1893,2,1360,265,115,40,1,-1,-1,-1
1894,2,1360,265,115,40,1,-1,-1,-1
1895,2,1360,265,115,40,1,-1,-1,-1
1896,2,1360,265,115,40,1,-1,-1,-1
1897,2,1360,265,116,41,1,-1,-1,-1
1898,2,1360,265,117,41,1,-1,-1,-1
1899,2,1359,265,117,41,1,-1,-1,-1
1900,2,1359,265,117,41,1,-1,-1,-1
1901,2,1359,265,116,41,1,-1,-1,-1
1902,2,1359,265,116,40,1,-1,-1,-1
1903,2,1360,265,116,40,1,-1,-1,-1
1904,2,1360,265,115,40,1,-1,-1,-1
1905,2,1360,265,115,40,1,-1,-1,-1
1906,2,1360,265,115,40,1,-1,-1,-1
1907,2,1360,265,116,40,1,-1,-1,-1
1908,2,1359,265,117,41,1,-1,-1,-1
1909,2,1359,265,117,41,1,-1,-1,-1
1910,2,1359,265,118,41,1,-1,-1,-1
1911,2,1360,265,117,40,1,-1,-1,-1
1912,2,1360,266,117,40,1,-1,-1,-1
1913,2,1360,265,117,40,1,-1,-1,-1
1914,2,1360,265,117,40,1,-1,-1,-1
1915,2,1360,265,117,40,1,-1,-1,-1
1916,2,1360,265,117,40,1,-1,-1,-1
1917,2,1359,265,117,41,1,-1,-1,-1
1918,2,1359,265,117,41,1,-1,-1,-1
1919,2,1359,265,117,41,1,-1,-1,-1
1920,2,1359,265,117,41,1,-1,-1,-1
1921,2,1359,265,117,41,1,-1,-1,-1
1922,2,1360,266,115,41,1,-1,-1,-1
1923,2,1360,266,115,40,1,-1,-1,-1
1924,2,1360,266,115,41,1,-1,-1,-1
1925,2,1360,266,115,41,1,-1,-1,-1
1926,2,1360,266,114,41,1,-1,-1,-1
1927,2,1359,266,114,40,1,-1,-1,-1
1928,2,1360,265,116,42,1,-1,-1,-1
1929,2,1361,265,115,42,1,-1,-1,-1
1930,2,1362,265,114,42,1,-1,-1,-1
1931,2,1362,265,113,42,1,-1,-1,-1
1932,2,1361,265,116,41,1,-1,-1,-1
1933,2,1360,265,117,41,1,-1,-1,-1
1934,2,1360,266,117,41,1,-1,-1,-1
1935,2,1360,266,117,41,1,-1,-1,-1
1936,2,1357,265,117,41,1,-1,-1,-1
1937,2,1358,265,116,41,1,-1,-1,-1
1938,2,1358,265,116,41,1,-1,-1,-1
1939,2,1357,266,117,41,1,-1,-1,-1
1940,2,1358,266,117,42,1,-1,-1,-1
1941,2,1358,266,116,41,1,-1,-1,-1
1942,2,1358,265,115,41,1,-1,-1,-1
1943,2,1361,265,113,41,1,-1,-1,-1
1944,2,1361,265,113,41,1,-1,-1,-1
1945,2,1358,265,115,41,1,-1,-1,-1
1946,2,1359,265,114,40,1,-1,-1,-1
1947,2,1359,265,115,40,1,-1,-1,-1
1948,2,1362,266,114,40,1,-1,-1,-1
1949,2,1362,265,114,40,1,-1,-1,-1
1950,2,1360,265,116,40,1,-1,-1,-1
1951,2,1360,266,115,40,1,-1,-1,-1
1952,2,1360,266,115,40,1,-1,-1,-1
1953,2,1361,266,116,40,1,-1,-1,-1
1954,2,1360,266,116,40,1,-1,-1,-1
1955,2,1359,266,115,40,1,-1,-1,-1
1,3,1299,241,102,36,1,-1,-1,-1
2,3,1299,240,102,37,1,-1,-1,-1
3,3,1301,241,102,35,1,-1,-1,-1
4,3,1302,242,59,33,1,-1,-1,-1
5,3,1302,242,63,34,1,-1,-1,-1
6,3,1302,243,53,32,1,-1,-1,-1
7,3,1302,243,54,31,1,-1,-1,-1
8,3,1301,243,55,33,1,-1,-1,-1
9,3,1301,244,57,32,1,-1,-1,-1
10,3,1301,242,63,33,1,-1,-1,-1
11,3,1300,241,72,35,1,-1,-1,-1
12,3,1300,241,74,35,1,-1,-1,-1
13,3,1310,241,94,37,1,-1,-1,-1
14,3,1301,242,59,34,1,-1,-1,-1
15,3,1301,243,53,32,1,-1,-1,-1
16,3,1301,242,54,33,1,-1,-1,-1
17,3,1301,241,54,33,1,-1,-1,-1
18,3,1301,241,63,35,1,-1,-1,-1
19,3,1303,240,99,38,1,-1,-1,-1
20,3,1299,239,81,37,1,-1,-1,-1
21,3,1302,240,101,37,1,-1,-1,-1
22,3,1299,239,78,37,1,-1,-1,-1
23,3,1299,240,73,36,1,-1,-1,-1
24,3,1308,240,96,38,1,-1,-1,-1
25,3,1307,241,97,36,1,-1,-1,-1
26,3,1306,240,98,36,1,-1,-1,-1
27,3,1299,241,68,34,1,-1,-1,-1
28,3,1299,240,105,37,1,-1,-1,-1
29,3,1298,240,106,37,1,-1,-1,-1
30,3,1297,240,106,37,1,-1,-1,-1
31,3,1298,240,107,37,1,-1,-1,-1
32,3,1297,239,107,38,1,-1,-1,-1
33,3,1298,239,106,38,1,-1,-1,-1
37,3,1315,241,87,38,1,-1,-1,-1
38,3,1313,243,89,36,1,-1,-1,-1
39,3,1301,241,99,36,1,-1,-1,-1
40,3,1299,240,101,37,1,-1,-1,-1
41,3,1309,241,93,36,1,-1,-1,-1
42,3,1318,242,84,36,1,-1,-1,-1
43,3,1317,241,85,38,1,-1,-1,-1
47,3,1316,241,86,37,1,-1,-1,-1
48,3,1304,241,98,36,1,-1,-1,-1
50,3,1303,242,98,34,1,-1,-1,-1
51,3,1320,243,82,35,1,-1,-1,-1
52,3,1321,243,81,36,1,-1,-1,-1
53,3,1317,243,85,36,1,-1,-1,-1
54,3,1309,240,93,37,1,-1,-1,-1
55,3,1308,240,93,37,1,-1,-1,-1
56,3,1307,241,94,36,1,-1,-1,-1
57,3,1306,241,95,36,1,-1,-1,-1
59,3,1300,240,101,37,1,-1,-1,-1
60,3,1303,241,98,36,1,-1,-1,-1
61,3,1304,241,97,35,1,-1,-1,-1
62,3,1304,241,98,36,1,-1,-1,-1
63,3,1304,241,98,37,1,-1,-1,-1
64,3,1303,239,98,38,1,-1,-1,-1
65,3,1301,239,100,38,1,-1,-1,-1
66,3,1299,239,103,38,1,-1,-1,-1
67,3,1300,239,102,37,1,-1,-1,-1
68,3,1300,239,102,37,1,-1,-1,-1
69,3,1302,240,100,37,1,-1,-1,-1
70,3,1318,241,85,37,1,-1,-1,-1
72,3,1312,240,91,37,1,-1,-1,-1
74,3,1312,241,91,35,1,-1,-1,-1
75,3,1306,240,95,36,1,-1,-1,-1
77,3,1312,241,91,36,1,-1,-1,-1
78,3,1303,240,99,37,1,-1,-1,-1
79,3,1302,239,99,37,1,-1,-1,-1
80,3,1305,240,96,36,1,-1,-1,-1
82,3,1302,240,100,37,1,-1,-1,-1
84,3,1300,240,101,37,1,-1,-1,-1
85,3,1302,240,101,37,1,-1,-1,-1
86,3,1301,240,102,37,1,-1,-1,-1
87,3,1303,240,100,36,1,-1,-1,-1
88,3,1303,239,99,36,1,-1,-1,-1
90,3,1305,240,96,36,1,-1,-1,-1
91,3,1307,240,95,36,1,-1,-1,-1
92,3,1303,240,99,35,1,-1,-1,-1
93,3,1301,240,101,35,1,-1,-1,-1
109,3,1300,242,101,35,1,-1,-1,-1
131,3,1299,243,104,34,1,-1,-1,-1
132,3,1299,243,104,33,1,-1,-1,-1
133,3,1299,243,104,34,1,-1,-1,-1
134,3,1301,239,101,38,1,-1,-1,-1
135,3,1301,239,101,39,1,-1,-1,-1
136,3,1302,239,100,38,1,-1,-1,-1
137,3,1304,239,98,38,1,-1,-1,-1
138,3,1304,239,99,38,1,-1,-1,-1
139,3,1300,239,103,38,1,-1,-1,-1
140,3,1299,238,104,39,1,-1,-1,-1
141,3,1297,238,106,39,1,-1,-1,-1
142,3,1297,238,106,39,1,-1,-1,-1
143,3,1297,238,105,39,1,-1,-1,-1
144,3,1301,242,52,33,1,-1,-1,-1
145,3,1319,240,85,38,1,-1,-1,-1
146,3,1347,245,59,36,1,-1,-1,-1
147,3,1347,245,59,37,1,-1,-1,-1
148,3,1347,245,59,36,1,-1,-1,-1
149,3,1347,245,61,36,1,-1,-1,-1
150,3,1305,239,101,39,1,-1,-1,-1
151,3,1299,239,106,40,1,-1,-1,-1
152,3,1300,239,105,39,1,-1,-1,-1
153,3,1348,246,59,34,1,-1,-1,-1
154,3,1310,240,94,36,1,-1,-1,-1
155,3,1308,240,96,37,1,-1,-1,-1
156,3,1306,240,98,37,1,-1,-1,-1
157,3,1310,242,93,35,1,-1,-1,-1
158,3,1301,240,101,36,1,-1,-1,-1
160,3,1348,246,60,33,1,-1,-1,-1
161,3,1348,247,60,34,1,-1,-1,-1
162,3,1346,248,61,33,1,-1,-1,-1
165,3,1347,245,59,32,1,-1,-1,-1
171,3,1347,245,61,33,1,-1,-1,-1
172,3,1347,246,60,33,1,-1,-1,-1
173,3,1347,246,61,33,1,-1,-1,-1
174,3,1348,246,59,34,1,-1,-1,-1
175,3,1348,246,59,34,1,-1,-1,-1
176,3,1348,247,59,35,1,-1,-1,-1
177,3,1348,247,60,34,1,-1,-1,-1
178,3,1348,246,60,33,1,-1,-1,-1
179,3,1348,246,61,34,1,-1,-1,-1
181,3,1348,246,60,36,1,-1,-1,-1
182,3,1348,246,60,35,1,-1,-1,-1
183,3,1348,246,59,34,1,-1,-1,-1
184,3,1346,245,60,34,1,-1,-1,-1
187,3,1345,246,64,34,1,-1,-1,-1
188,3,1346,246,62,35,1,-1,-1,-1
189,3,1346,245,61,34,1,-1,-1,-1
190,3,1346,245,61,34,1,-1,-1,-1
195,3,1347,246,59,34,1,-1,-1,-1
197,3,1348,246,60,35,1,-1,-1,-1
198,3,1348,246,61,35,1,-1,-1,-1
199,3,1347,245,61,34,1,-1,-1,-1
200,3,1348,246,60,35,1,-1,-1,-1
201,3,1348,245,60,35,1,-1,-1,-1
202,3,1347,245,59,35,1,-1,-1,-1
203,3,1348,245,59,35,1,-1,-1,-1
204,3,1348,246,59,35,1,-1,-1,-1
205,3,1348,247,59,37,1,-1,-1,-1
206,3,1348,246,59,35,1,-1,-1,-1
207,3,1313,241,89,36,1,-1,-1,-1
208,3,1348,247,59,36,1,-1,-1,-1
209,3,1347,247,58,36,1,-1,-1,-1
213,3,1348,247,57,34,1,-1,-1,-1
239,3,1348,246,57,34,1,-1,-1,-1
246,3,1349,246,58,33,1,-1,-1,-1
247,3,1349,247,57,34,1,-1,-1,-1
253,3,1346,247,62,34,1,-1,-1,-1
275,3,1348,247,57,37,1,-1,-1,-1
276,3,1347,247,58,38,1,-1,-1,-1
277,3,1347,246,58,36,1,-1,-1,-1
278,3,1347,246,58,36,1,-1,-1,-1
279,3,1309,241,95,36,1,-1,-1,-1
280,3,1305,241,98,35,1,-1,-1,-1
281,3,1304,241,99,36,1,-1,-1,-1
282,3,1304,241,99,36,1,-1,-1,-1
283,3,1304,241,99,36,1,-1,-1,-1
284,3,1314,241,88,37,1,-1,-1,-1
285,3,1313,241,91,35,1,-1,-1,-1
286,3,1313,241,91,35,1,-1,-1,-1
287,3,1311,241,93,35,1,-1,-1,-1
288,3,1319,243,85,35,1,-1,-1,-1
289,3,1300,240,100,37,1,-1,-1,-1
290,3,1300,240,100,37,1,-1,-1,-1
291,3,1300,240,101,37,1,-1,-1,-1
292,3,1302,241,100,36,1,-1,-1,-1
293,3,1348,247,57,32,1,-1,-1,-1
294,3,1304,240,98,36,1,-1,-1,-1
295,3,1305,240,97,36,1,-1,-1,-1
296,3,1306,240,97,36,1,-1,-1,-1
297,3,1305,241,98,35,1,-1,-1,-1
298,3,1306,242,97,35,1,-1,-1,-1
299,3,1303,240,97,37,1,-1,-1,-1
300,3,1347,247,59,33,1,-1,-1,-1
301,3,1346,246,61,34,1,-1,-1,-1
302,3,1347,245,58,37,1,-1,-1,-1
303,3,1347,245,57,36,1,-1,-1,-1
304,3,1347,245,57,36,1,-1,-1,-1
305,3,1347,245,58,35,1,-1,-1,-1
306,3,1347,247,59,35,1,-1,-1,-1
307,3,1346,247,60,35,1,-1,-1,-1
308,3,1347,247,60,37,1,-1,-1,-1
309,3,1347,247,60,34,1,-1,-1,-1
310,3,1314,242,89,35,1,-1,-1,-1
311,3,1347,247,60,35,1,-1,-1,-1
312,3,1347,247,58,34,1,-1,-1,-1
313,3,1346,246,59,34,1,-1,-1,-1
314,3,1346,246,59,34,1,-1,-1,-1
315,3,1310,241,94,36,1,-1,-1,-1
316,3,1346,247,61,31,1,-1,-1,-1
317,3,1347,247,60,31,1,-1,-1,-1
318,3,1347,247,60,32,1,-1,-1,-1
319,3,1347,247,60,31,1,-1,-1,-1
348,3,1348,245,59,34,1,-1,-1,-1
349,3,1347,246,59,35,1,-1,-1,-1
351,3,1347,248,58,38,1,-1,-1,-1
353,3,1347,246,60,33,1,-1,-1,-1
357,3,1347,247,59,34,1,-1,-1,-1
358,3,1347,246,58,37,1,-1,-1,-1
359,3,1347,246,57,37,1,-1,-1,-1
360,3,1347,246,58,36,1,-1,-1,-1
362,3,1348,246,57,32,1,-1,-1,-1
363,3,1349,246,58,32,1,-1,-1,-1
364,3,1349,246,59,31,1,-1,-1,-1
365,3,1348,246,59,31,1,-1,-1,-1
366,3,1314,242,90,34,1,-1,-1,-1
367,3,1305,239,99,38,1,-1,-1,-1
368,3,1304,239,99,38,1,-1,-1,-1
369,3,1311,239,93,37,1,-1,-1,-1
370,3,1310,239,94,37,1,-1,-1,-1
371,3,1310,240,94,37,1,-1,-1,-1
372,3,1347,246,61,34,1,-1,-1,-1
373,3,1347,246,63,34,1,-1,-1,-1
374,3,1347,246,63,34,1,-1,-1,-1
375,3,1347,246,63,33,1,-1,-1,-1
376,3,1347,246,62,32,1,-1,-1,-1
377,3,1347,246,61,32,1,-1,-1,-1
378,3,1348,245,58,32,1,-1,-1,-1
379,3,1348,245,58,33,1,-1,-1,-1
380,3,1348,246,58,33,1,-1,-1,-1
382,3,1347,246,60,32,1,-1,-1,-1
408,3,1348,247,56,34,1,-1,-1,-1
413,3,1348,247,59,33,1,-1,-1,-1
414,3,1349,248,56,36,1,-1,-1,-1
415,3,1348,248,57,36,1,-1,-1,-1
416,3,1348,248,57,36,1,-1,-1,-1
417,3,1349,248,56,36,1,-1,-1,-1
418,3,1313,243,90,35,1,-1,-1,-1
419,3,1348,248,59,34,1,-1,-1,-1
420,3,1348,247,59,34,1,-1,-1,-1
421,3,1307,241,96,37,1,-1,-1,-1
422,3,1311,242,92,36,1,-1,-1,-1
423,3,1314,242,90,35,1,-1,-1,-1
424,3,1312,242,91,35,1,-1,-1,-1
425,3,1318,243,85,35,1,-1,-1,-1
426,3,1349,247,57,34,1,-1,-1,-1
427,3,1349,248,56,34,1,-1,-1,-1
428,3,1349,248,57,34,1,-1,-1,-1
429,3,1319,244,84,34,1,-1,-1,-1
430,3,1321,244,83,34,1,-1,-1,-1
431,3,1349,248,56,34,1,-1,-1,-1
432,3,1349,247,55,31,1,-1,-1,-1
433,3,1316,244,87,33,1,-1,-1,-1
434,3,1315,244,88,33,1,-1,-1,-1
435,3,1323,244,80,34,1,-1,-1,-1
436,3,1306,241,95,36,1,-1,-1,-1
437,3,1310,243,92,35,1,-1,-1,-1
438,3,1310,243,93,34,1,-1,-1,-1
439,3,1302,242,101,34,1,-1,-1,-1
440,3,1303,243,100,34,1,-1,-1,-1
441,3,1305,242,97,35,1,-1,-1,-1
442,3,1305,242,96,35,1,-1,-1,-1
443,3,1304,241,96,35,1,-1,-1,-1
444,3,1304,242,96,35,1,-1,-1,-1
445,3,1299,241,77,35,1,-1,-1,-1
446,3,1298,240,82,35,1,-1,-1,-1
447,3,1301,241,64,35,1,-1,-1,-1
448,3,1300,240,70,35,1,-1,-1,-1
449,3,1300,240,69,36,1,-1,-1,-1
450,3,1301,241,67,35,1,-1,-1,-1
451,3,1312,242,91,34,1,-1,-1,-1
452,3,1315,241,88,35,1,-1,-1,-1
453,3,1314,241,89,35,1,-1,-1,-1
454,3,1312,241,90,35,1,-1,-1,-1
455,3,1308,241,94,35,1,-1,-1,-1
456,3,1302,241,100,35,1,-1,-1,-1
457,3,1304,240,97,36,1,-1,-1,-1
458,3,1304,240,96,36,1,-1,-1,-1
459,3,1304,240,97,36,1,-1,-1,-1
460,3,1306,240,96,36,1,-1,-1,-1
461,3,1305,239,96,37,1,-1,-1,-1
462,3,1305,240,96,36,1,-1,-1,-1
463,3,1303,239,98,37,1,-1,-1,-1
468,3,1307,241,95,36,1,-1,-1,-1
470,3,1310,241,93,36,1,-1,-1,-1
471,3,1304,240,96,37,1,-1,-1,-1
472,3,1307,240,94,37,1,-1,-1,-1
473,3,1308,241,94,36,1,-1,-1,-1
474,3,1310,240,92,36,1,-1,-1,-1
475,3,1308,240,94,36,1,-1,-1,-1
476,3,1309,240,93,36,1,-1,-1,-1
477,3,1308,240,93,36,1,-1,-1,-1
478,3,1305,240,97,37,1,-1,-1,-1
479,3,1301,240,99,36,1,-1,-1,-1
480,3,1307,240,94,36,1,-1,-1,-1
481,3,1304,240,97,36,1,-1,-1,-1
482,3,1306,240,94,36,1,-1,-1,-1
483,3,1305,241,95,35,1,-1,-1,-1
484,3,1304,240,97,36,1,-1,-1,-1
485,3,1305,240,96,36,1,-1,-1,-1
486,3,1304,239,97,37,1,-1,-1,-1
487,3,1303,239,98,37,1,-1,-1,-1
488,3,1303,241,98,36,1,-1,-1,-1
489,3,1305,239,95,37,1,-1,-1,-1
490,3,1305,239,96,37,1,-1,-1,-1
491,3,1305,240,97,37,1,-1,-1,-1
492,3,1310,241,92,36,1,-1,-1,-1
493,3,1309,241,94,36,1,-1,-1,-1
494,3,1310,241,92,35,1,-1,-1,-1
496,3,1348,246,58,32,1,-1,-1,-1
497,3,1312,241,91,35,1,-1,-1,-1
503,3,1303,240,99,37,1,-1,-1,-1
504,3,1307,241,95,37,1,-1,-1,-1
506,3,1348,246,58,33,1,-1,-1,-1
507,3,1348,247,58,33,1,-1,-1,-1
508,3,1348,247,57,34,1,-1,-1,-1
509,3,1313,242,90,36,1,-1,-1,-1
510,3,1348,247,58,32,1,-1,-1,-1
511,3,1348,247,58,34,1,-1,-1,-1
512,3,1348,247,58,34,1,-1,-1,-1
513,3,1348,247,58,33,1,-1,-1,-1
514,3,1348,247,58,33,1,-1,-1,-1
517,3,1348,246,58,33,1,-1,-1,-1
518,3,1348,246,58,33,1,-1,-1,-1
519,3,1348,247,59,32,1,-1,-1,-1
521,3,1348,246,58,32,1,-1,-1,-1
522,3,1348,247,58,32,1,-1,-1,-1
1,4,864,225,45,27,1,-1,-1,-1
2,4,863,225,48,27,1,-1,-1,-1
3,4,864,225,46,27,1,-1,-1,-1
4,4,862,225,49,27,1,-1,-1,-1
5,4,865,225,45,26,1,-1,-1,-1
6,4,863,225,48,27,1,-1,-1,-1
7,4,863,225,49,27,1,-1,-1,-1
8,4,864,225,48,27,1,-1,-1,-1
9,4,861,225,49,27,1,-1,-1,-1
10,4,862,225,47,27,1,-1,-1,-1
11,4,864,225,45,27,1,-1,-1,-1
12,4,864,225,45,27,1,-1,-1,-1
13,4,862,226,48,27,1,-1,-1,-1
14,4,858,225,52,27,1,-1,-1,-1
15,4,862,225,50,26,1,-1,-1,-1
16,4,862,225,52,27,1,-1,-1,-1
17,4,862,225,51,27,1,-1,-1,-1
18,4,858,225,53,27,1,-1,-1,-1
19,4,858,225,53,27,1,-1,-1,-1
20,4,859,225,51,28,1,-1,-1,-1
21,4,861,225,49,27,1,-1,-1,-1
22,4,861,225,49,27,1,-1,-1,-1
23,4,859,224,52,27,1,-1,-1,-1
24,4,857,224,55,27,1,-1,-1,-1
25,4,855,225,55,27,1,-1,-1,-1
26,4,861,224,53,27,1,-1,-1,-1
27,4,860,224,53,27,1,-1,-1,-1
35,4,859,225,51,25,1,-1,-1,-1
36,4,858,225,51,26,1,-1,-1,-1
39,4,855,226,55,26,1,-1,-1,-1
40,4,854,226,56,27,1,-1,-1,-1
41,4,853,225,57,26,1,-1,-1,-1
42,4,854,225,56,26,1,-1,-1,-1
43,4,853,225,58,26,1,-1,-1,-1
44,4,852,225,59,26,1,-1,-1,-1
45,4,852,225,59,26,1,-1,-1,-1
46,4,852,225,58,26,1,-1,-1,-1
47,4,854,225,56,26,1,-1,-1,-1
48,4,855,225,55,26,1,-1,-1,-1
49,4,859,225,52,27,1,-1,-1,-1
50,4,858,225,52,27,1,-1,-1,-1
68,4,860,226,50,26,1,-1,-1,-1
69,4,859,226,52,26,1,-1,-1,-1
72,4,852,225,59,26,1,-1,-1,-1
74,4,858,224,52,27,1,-1,-1,-1
75,4,857,224,54,27,1,-1,-1,-1
76,4,854,224,57,27,1,-1,-1,-1
77,4,853,224,57,27,1,-1,-1,-1
78,4,855,224,56,27,1,-1,-1,-1
79,4,856,224,55,27,1,-1,-1,-1
80,4,855,224,56,27,1,-1,-1,-1
81,4,854,224,57,27,1,-1,-1,-1
82,4,854,224,58,27,1,-1,-1,-1
83,4,854,224,57,27,1,-1,-1,-1
84,4,861,225,50,27,1,-1,-1,-1
85,4,859,225,52,27,1,-1,-1,-1
86,4,859,225,52,27,1,-1,-1,-1
87,4,857,225,54,27,1,-1,-1,-1
88,4,852,226,59,26,1,-1,-1,-1
89,4,852,225,61,26,1,-1,-1,-1
90,4,852,225,61,26,1,-1,-1,-1
91,4,852,225,61,26,1,-1,-1,-1
92,4,850,225,61,26,1,-1,-1,-1
97,4,862,225,49,27,1,-1,-1,-1
98,4,862,225,49,27,1,-1,-1,-1
99,4,860,225,52,27,1,-1,-1,-1
100,4,860,225,52,27,1,-1,-1,-1
102,4,860,225,51,26,1,-1,-1,-1
104,4,861,225,50,26,1,-1,-1,-1
105,4,864,225,49,27,1,-1,-1,-1
106,4,859,224,53,27,1,-1,-1,-1
134,4,845,224,67,28,1,-1,-1,-1
135,4,846,224,67,27,1,-1,-1,-1
136,4,846,224,67,26,1,-1,-1,-1
137,4,845,224,67,27,1,-1,-1,-1
139,4,850,224,61,27,1,-1,-1,-1
140,4,854,224,57,26,1,-1,-1,-1
141,4,854,224,57,26,1,-1,-1,-1
142,4,852,224,59,26,1,-1,-1,-1
143,4,855,225,56,26,1,-1,-1,-1
144,4,856,224,53,27,1,-1,-1,-1
145,4,857,224,53,28,1,-1,-1,-1
146,4,857,224,53,28,1,-1,-1,-1
147,4,857,224,52,27,1,-1,-1,-1
148,4,857,224,52,27,1,-1,-1,-1
149,4,860,223,50,28,1,-1,-1,-1
150,4,862,223,49,28,1,-1,-1,-1
151,4,865,224,46,28,1,-1,-1,-1
152,4,860,224,49,27,1,-1,-1,-1
171,4,853,223,59,27,1,-1,-1,-1
174,4,860,223,54,27,1,-1,-1,-1
175,4,860,224,54,27,1,-1,-1,-1
176,4,860,223,53,27,1,-1,-1,-1
177,4,861,225,53,27,1,-1,-1,-1
178,4,861,225,53,27,1,-1,-1,-1
179,4,863,225,51,27,1,-1,-1,-1
192,4,854,225,56,26,1,-1,-1,-1
193,4,859,224,51,26,1,-1,-1,-1
194,4,859,225,51,26,1,-1,-1,-1
195,4,860,225,50,26,1,-1,-1,-1
196,4,859,224,50,26,1,-1,-1,-1
198,4,860,225,49,26,1,-1,-1,-1
199,4,859,225,51,26,1,-1,-1,-1
200,4,861,225,49,26,1,-1,-1,-1
201,4,860,225,50,26,1,-1,-1,-1
202,4,861,225,49,26,1,-1,-1,-1
203,4,861,225,49,26,1,-1,-1,-1
204,4,862,225,47,26,1,-1,-1,-1
205,4,860,225,50,27,1,-1,-1,-1
206,4,860,225,50,27,1,-1,-1,-1
207,4,861,225,49,27,1,-1,-1,-1
208,4,861,225,49,27,1,-1,-1,-1
209,4,862,225,48,27,1,-1,-1,-1
210,4,862,224,48,27,1,-1,-1,-1
222,4,861,225,49,26,1,-1,-1,-1
224,4,859,225,50,26,1,-1,-1,-1
225,4,859,225,50,26,1,-1,-1,-1
226,4,861,225,48,26,1,-1,-1,-1
227,4,860,225,48,26,1,-1,-1,-1
228,4,860,225,49,26,1,-1,-1,-1
241,4,853,225,57,27,1,-1,-1,-1
242,4,852,225,57,27,1,-1,-1,-1
243,4,855,225,54,26,1,-1,-1,-1
244,4,852,225,57,27,1,-1,-1,-1
265,4,859,225,51,25,1,-1,-1,-1
277,4,850,225,62,26,1,-1,-1,-1
285,4,856,225,56,26,1,-1,-1,-1
289,4,863,225,50,27,1,-1,-1,-1
290,4,863,225,50,27,1,-1,-1,-1
291,4,863,225,50,27,1,-1,-1,-1
292,4,858,225,53,27,1,-1,-1,-1
293,4,860,225,50,27,1,-1,-1,-1
294,4,862,225,51,27,1,-1,-1,-1
295,4,863,225,50,27,1,-1,-1,-1
296,4,863,225,50,27,1,-1,-1,-1
297,4,863,225,49,27,1,-1,-1,-1
298,4,858,226,51,26,1,-1,-1,-1
312,4,857,225,54,26,1,-1,-1,-1
313,4,860,225,51,26,1,-1,-1,-1
314,4,860,225,51,26,1,-1,-1,-1
315,4,860,225,51,26,1,-1,-1,-1
316,4,855,225,55,26,1,-1,-1,-1
321,4,857,225,53,26,1,-1,-1,-1
322,4,853,225,57,26,1,-1,-1,-1
323,4,853,225,59,26,1,-1,-1,-1
324,4,857,225,56,27,1,-1,-1,-1
325,4,858,226,52,25,1,-1,-1,-1
326,4,859,225,50,26,1,-1,-1,-1
327,4,860,225,50,26,1,-1,-1,-1
328,4,859,225,51,26,1,-1,-1,-1
329,4,860,225,50,26,1,-1,-1,-1
330,4,859,225,51,26,1,-1,-1,-1
331,4,857,225,53,26,1,-1,-1,-1
332,4,854,225,56,26,1,-1,-1,-1
333,4,857,225,54,25,1,-1,-1,-1
334,4,857,225,54,25,1,-1,-1,-1
335,4,860,225,51,26,1,-1,-1,-1
336,4,861,225,50,26,1,-1,-1,-1
337,4,856,225,55,26,1,-1,-1,-1
338,4,852,224,59,27,1,-1,-1,-1
339,4,852,224,60,27,1,-1,-1,-1
340,4,855,225,56,26,1,-1,-1,-1
341,4,854,225,57,26,1,-1,-1,-1
342,4,854,225,57,26,1,-1,-1,-1
343,4,861,225,51,27,1,-1,-1,-1
344,4,856,225,54,26,1,-1,-1,-1
345,4,857,225,53,26,1,-1,-1,-1
346,4,857,225,53,26,1,-1,-1,-1
347,4,857,225,53,26,1,-1,-1,-1
348,4,865,224,47,27,1,-1,-1,-1
349,4,866,223,46,27,1,-1,-1,-1
350,4,867,223,46,27,1,-1,-1,-1
351,4,868,223,45,27,1,-1,-1,-1
352,4,867,224,46,27,1,-1,-1,-1
353,4,866,223,46,27,1,-1,-1,-1
354,4,860,223,52,28,1,-1,-1,-1
355,4,861,223,50,27,1,-1,-1,-1
356,4,861,223,51,28,1,-1,-1,-1
357,4,851,223,60,27,1,-1,-1,-1
358,4,855,223,56,26,1,-1,-1,-1
359,4,855,223,56,26,1,-1,-1,-1
360,4,855,223,56,26,1,-1,-1,-1
361,4,863,223,52,28,1,-1,-1,-1
362,4,863,223,52,28,1,-1,-1,-1
363,4,862,223,53,28,1,-1,-1,-1
364,4,863,224,52,28,1,-1,-1,-1
365,4,864,224,51,27,1,-1,-1,-1
366,4,865,224,51,27,1,-1,-1,-1
367,4,857,225,54,26,1,-1,-1,-1
368,4,857,224,53,26,1,-1,-1,-1
369,4,857,224,54,26,1,-1,-1,-1
370,4,857,224,54,26,1,-1,-1,-1
372,4,859,225,51,26,1,-1,-1,-1
373,4,859,224,50,26,1,-1,-1,-1
377,4,859,225,51,25,1,-1,-1,-1
378,4,851,224,60,26,1,-1,-1,-1
379,4,854,225,57,26,1,-1,-1,-1
380,4,854,225,57,26,1,-1,-1,-1
381,4,866,225,46,27,1,-1,-1,-1
382,4,863,225,46,26,1,-1,-1,-1
383,4,863,225,46,26,1,-1,-1,-1
384,4,862,225,47,26,1,-1,-1,-1
385,4,854,225,57,26,1,-1,-1,-1
386,4,852,225,59,26,1,-1,-1,-1
387,4,850,225,62,26,1,-1,-1,-1
388,4,858,225,51,26,1,-1,-1,-1
389,4,858,225,51,26,1,-1,-1,-1
390,4,859,225,50,25,1,-1,-1,-1
391,4,860,225,49,26,1,-1,-1,-1
392,4,861,225,48,26,1,-1,-1,-1
393,4,861,225,48,26,1,-1,-1,-1
394,4,861,225,48,26,1,-1,-1,-1
395,4,860,225,50,25,1,-1,-1,-1
396,4,858,225,51,25,1,-1,-1,-1
397,4,861,225,49,26,1,-1,-1,-1
398,4,861,225,49,26,1,-1,-1,-1
399,4,862,225,47,26,1,-1,-1,-1
400,4,860,224,49,27,1,-1,-1,-1
401,4,861,224,47,27,1,-1,-1,-1
402,4,861,224,47,27,1,-1,-1,-1
403,4,861,224,47,27,1,-1,-1,-1
404,4,862,224,47,27,1,-1,-1,-1
405,4,862,225,47,26,1,-1,-1,-1
407,4,859,225,51,26,1,-1,-1,-1
414,4,857,226,56,26,1,-1,-1,-1
415,4,855,226,57,26,1,-1,-1,-1
416,4,855,226,56,26,1,-1,-1,-1
418,4,860,226,49,26,1,-1,-1,-1
427,4,861,226,49,27,1,-1,-1,-1
442,4,865,226,42,28,1,-1,-1,-1
443,4,864,226,44,28,1,-1,-1,-1
444,4,864,227,45,27,1,-1,-1,-1
459,4,866,225,44,27,1,-1,-1,-1
461,4,866,225,44,27,1,-1,-1,-1
462,4,866,225,44,26,1,-1,-1,-1
463,4,866,225,43,26,1,-1,-1,-1
465,4,865,225,44,26,1,-1,-1,-1
466,4,865,225,44,27,1,-1,-1,-1
469,4,865,225,44,27,1,-1,-1,-1
470,4,865,225,45,27,1,-1,-1,-1
471,4,865,225,46,27,1,-1,-1,-1
473,4,863,225,48,26,1,-1,-1,-1
474,4,864,225,46,26,1,-1,-1,-1
475,4,863,225,46,25,1,-1,-1,-1
476,4,863,225,47,25,1,-1,-1,-1
478,4,863,225,48,26,1,-1,-1,-1
479,4,865,225,45,26,1,-1,-1,-1
480,4,861,226,49,25,1,-1,-1,-1
481,4,866,225,43,26,1,-1,-1,-1
482,4,866,225,44,26,1,-1,-1,-1
483,4,866,225,43,26,1,-1,-1,-1
484,4,865,225,44,25,1,-1,-1,-1
485,4,865,226,44,25,1,-1,-1,-1
486,4,866,224,44,26,1,-1,-1,-1
487,4,866,224,44,26,1,-1,-1,-1
488,4,867,225,43,26,1,-1,-1,-1
489,4,866,225,44,27,1,-1,-1,-1
490,4,865,225,46,26,1,-1,-1,-1
491,4,864,225,47,25,1,-1,-1,-1
492,4,865,225,45,26,1,-1,-1,-1
493,4,865,224,45,26,1,-1,-1,-1
494,4,865,225,45,26,1,-1,-1,-1
495,4,866,225,45,26,1,-1,-1,-1
497,4,862,225,48,26,1,-1,-1,-1
498,4,862,225,48,26,1,-1,-1,-1
499,4,863,225,48,26,1,-1,-1,-1
500,4,865,225,45,26,1,-1,-1,-1
501,4,864,224,46,27,1,-1,-1,-1
502,4,864,225,46,27,1,-1,-1,-1
504,4,861,226,49,26,1,-1,-1,-1
505,4,859,225,51,26,1,-1,-1,-1
506,4,859,226,52,26,1,-1,-1,-1
507,4,860,226,50,26,1,-1,-1,-1
508,4,859,226,51,26,1,-1,-1,-1
509,4,859,226,51,26,1,-1,-1,-1
510,4,860,226,50,26,1,-1,-1,-1
511,4,859,225,51,26,1,-1,-1,-1
512,4,858,225,52,26,1,-1,-1,-1
513,4,858,225,52,26,1,-1,-1,-1
514,4,858,226,51,26,1,-1,-1,-1
515,4,860,226,49,26,1,-1,-1,-1
516,4,859,226,52,26,1,-1,-1,-1
517,4,859,226,52,26,1,-1,-1,-1
518,4,860,226,51,26,1,-1,-1,-1
519,4,862,226,48,26,1,-1,-1,-1
521,4,857,226,54,26,1,-1,-1,-1
522,4,858,227,53,26,1,-1,-1,-1
523,4,855,226,56,26,1,-1,-1,-1
524,4,855,226,56,26,1,-1,-1,-1
547,4,859,223,51,29,1,-1,-1,-1
571,4,866,225,42,27,1,-1,-1,-1
572,4,866,225,42,26,1,-1,-1,-1
573,4,866,225,42,27,1,-1,-1,-1
579,4,865,225,43,27,1,-1,-1,-1
582,4,864,224,46,26,1,-1,-1,-1
585,4,865,224,45,27,1,-1,-1,-1
594,4,865,225,42,26,1,-1,-1,-1
595,4,864,225,43,26,1,-1,-1,-1
598,4,863,225,45,26,1,-1,-1,-1
599,4,863,225,45,26,1,-1,-1,-1
601,4,864,225,46,26,1,-1,-1,-1
602,4,864,224,46,26,1,-1,-1,-1
603,4,863,225,46,26,1,-1,-1,-1
604,4,863,225,46,26,1,-1,-1,-1
605,4,863,225,46,26,1,-1,-1,-1
606,4,863,225,46,26,1,-1,-1,-1
607,4,865,225,45,26,1,-1,-1,-1
608,4,865,225,45,26,1,-1,-1,-1
609,4,865,225,46,26,1,-1,-1,-1
610,4,864,225,46,26,1,-1,-1,-1
611,4,864,225,46,26,1,-1,-1,-1
612,4,864,225,47,26,1,-1,-1,-1
613,4,865,225,47,27,1,-1,-1,-1
614,4,864,225,46,27,1,-1,-1,-1
615,4,864,225,46,26,1,-1,-1,-1
616,4,865,225,45,26,1,-1,-1,-1
617,4,864,225,45,26,1,-1,-1,-1
618,4,864,225,45,26,1,-1,-1,-1
619,4,864,225,45,27,1,-1,-1,-1
620,4,864,225,46,27,1,-1,-1,-1
621,4,864,225,46,27,1,-1,-1,-1
622,4,863,225,46,27,1,-1,-1,-1
623,4,863,225,47,26,1,-1,-1,-1
654,4,865,225,44,29,1,-1,-1,-1
655,4,865,225,43,29,1,-1,-1,-1
660,4,867,225,43,29,1,-1,-1,-1
661,4,866,225,44,28,1,-1,-1,-1
662,4,865,225,44,28,1,-1,-1,-1
664,4,867,224,42,28,1,-1,-1,-1
669,4,866,225,44,27,1,-1,-1,-1
670,4,866,225,44,28,1,-1,-1,-1
671,4,865,225,44,27,1,-1,-1,-1
672,4,866,225,44,27,1,-1,-1,-1
673,4,865,225,44,27,1,-1,-1,-1
675,4,865,224,45,28,1,-1,-1,-1
676,4,865,224,45,28,1,-1,-1,-1
677,4,865,225,46,28,1,-1,-1,-1
678,4,865,224,45,28,1,-1,-1,-1
679,4,865,224,45,28,1,-1,-1,-1
680,4,866,224,45,27,1,-1,-1,-1
681,4,865,225,45,27,1,-1,-1,-1
682,4,865,225,45,27,1,-1,-1,-1
683,4,865,225,45,27,1,-1,-1,-1
684,4,865,225,46,27,1,-1,-1,-1
685,4,864,225,47,26,1,-1,-1,-1
686,4,864,225,46,27,1,-1,-1,-1
687,4,863,225,47,26,1,-1,-1,-1
688,4,863,226,47,26,1,-1,-1,-1
689,4,863,226,47,26,1,-1,-1,-1
690,4,863,226,47,26,1,-1,-1,-1
691,4,863,226,47,26,1,-1,-1,-1
692,4,863,225,48,26,1,-1,-1,-1
693,4,862,226,48,26,1,-1,-1,-1
694,4,861,226,49,26,1,-1,-1,-1
695,4,860,225,51,26,1,-1,-1,-1
696,4,859,225,52,26,1,-1,-1,-1
697,4,857,226,53,26,1,-1,-1,-1
698,4,857,226,54,26,1,-1,-1,-1
699,4,859,226,51,26,1,-1,-1,-1
700,4,859,226,51,26,1,-1,-1,-1
701,4,859,226,50,26,1,-1,-1,-1
702,4,860,226,50,26,1,-1,-1,-1
710,4,865,224,47,29,1,-1,-1,-1
735,4,865,223,45,27,1,-1,-1,-1
736,4,866,224,44,27,1,-1,-1,-1
737,4,866,224,45,27,1,-1,-1,-1
738,4,866,223,45,28,1,-1,-1,-1
739,4,866,223,45,27,1,-1,-1,-1
740,4,866,223,44,26,1,-1,-1,-1
741,4,866,223,45,27,1,-1,-1,-1
743,4,864,224,48,26,1,-1,-1,-1
744,4,861,224,50,26,1,-1,-1,-1
748,4,865,223,45,27,1,-1,-1,-1
749,4,863,223,47,26,1,-1,-1,-1
750,4,860,223,52,27,1,-1,-1,-1
751,4,865,223,48,27,1,-1,-1,-1
752,4,866,223,47,27,1,-1,-1,-1
765,4,848,225,62,27,1,-1,-1,-1
766,4,850,225,61,27,1,-1,-1,-1
767,4,849,225,62,27,1,-1,-1,-1
768,4,851,225,60,27,1,-1,-1,-1
769,4,845,224,65,27,1,-1,-1,-1
770,4,844,224,67,27,1,-1,-1,-1
771,4,845,225,65,27,1,-1,-1,-1
772,4,845,225,66,27,1,-1,-1,-1
773,4,849,225,61,27,1,-1,-1,-1
774,4,850,225,60,27,1,-1,-1,-1
805,4,862,225,47,27,1,-1,-1,-1
829,4,858,225,51,27,1,-1,-1,-1
830,4,858,225,51,27,1,-1,-1,-1
845,4,853,225,57,27,1,-1,-1,-1
846,4,853,225,57,27,1,-1,-1,-1
847,4,852,224,58,27,1,-1,-1,-1
848,4,853,225,57,26,1,-1,-1,-1
849,4,855,225,55,26,1,-1,-1,-1
850,4,854,225,55,26,1,-1,-1,-1
852,4,854,225,56,26,1,-1,-1,-1
865,4,861,225,48,26,1,-1,-1,-1
866,4,861,225,48,26,1,-1,-1,-1
867,4,861,226,47,26,1,-1,-1,-1
868,4,862,226,47,26,1,-1,-1,-1
885,4,859,225,53,26,1,-1,-1,-1
886,4,861,225,51,26,1,-1,-1,-1
915,4,861,225,49,27,1,-1,-1,-1
916,4,862,225,49,27,1,-1,-1,-1
917,4,861,225,49,27,1,-1,-1,-1
918,4,861,225,49,27,1,-1,-1,-1
919,4,861,225,49,27,1,-1,-1,-1
920,4,861,225,49,27,1,-1,-1,-1
921,4,862,225,49,27,1,-1,-1,-1
922,4,862,225,49,27,1,-1,-1,-1
923,4,862,225,48,27,1,-1,-1,-1
2,5,0,529,38,100,1,-1,-1,-1
3,5,0,529,38,102,1,-1,-1,-1
4,5,0,528,38,103,1,-1,-1,-1
5,5,0,528,38,104,1,-1,-1,-1
6,5,0,528,38,105,1,-1,-1,-1
7,5,0,527,40,105,1,-1,-1,-1
8,5,0,527,41,104,1,-1,-1,-1
9,5,0,527,42,106,1,-1,-1,-1
10,5,0,527,43,105,1,-1,-1,-1
11,5,0,526,44,107,1,-1,-1,-1
12,5,0,526,45,106,1,-1,-1,-1
13,5,0,526,47,108,1,-1,-1,-1
14,5,0,526,50,109,1,-1,-1,-1
15,5,0,526,54,111,1,-1,-1,-1
16,5,0,525,58,113,1,-1,-1,-1
17,5,0,525,61,110,1,-1,-1,-1
18,5,0,526,65,110,1,-1,-1,-1
19,5,0,525,69,114,1,-1,-1,-1
20,5,0,525,72,115,1,-1,-1,-1
21,5,0,525,73,116,1,-1,-1,-1
22,5,0,525,73,117,1,-1,-1,-1
23,5,0,524,72,116,1,-1,-1,-1
24,5,0,524,72,117,1,-1,-1,-1
25,5,0,523,72,117,1,-1,-1,-1
26,5,0,523,73,116,1,-1,-1,-1
27,5,0,524,73,116,1,-1,-1,-1
28,5,0,524,73,116,1,-1,-1,-1
29,5,0,524,73,119,1,-1,-1,-1
30,5,0,524,72,118,1,-1,-1,-1
31,5,0,524,72,118,1,-1,-1,-1
32,5,0,523,72,117,1,-1,-1,-1
33,5,0,524,73,117,1,-1,-1,-1
34,5,0,522,73,119,1,-1,-1,-1
35,5,0,523,73,118,1,-1,-1,-1
36,5,0,522,73,118,1,-1,-1,-1
37,5,0,523,74,117,1,-1,-1,-1
38,5,0,523,73,117,1,-1,-1,-1
39,5,0,523,73,117,1,-1,-1,-1
40,5,0,523,73,116,1,-1,-1,-1
41,5,0,523,74,115,1,-1,-1,-1
42,5,0,523,73,116,1,-1,-1,-1
43,5,0,523,73,116,1,-1,-1,-1
44,5,0,523,74,115,1,-1,-1,-1
45,5,0,523,74,116,1,-1,-1,-1
46,5,0,523,74,115,1,-1,-1,-1
47,5,0,523,73,116,1,-1,-1,-1
48,5,0,523,73,116,1,-1,-1,-1
49,5,0,524,73,114,1,-1,-1,-1
50,5,0,524,73,115,1,-1,-1,-1
51,5,0,524,73,114,1,-1,-1,-1
52,5,0,524,73,114,1,-1,-1,-1
53,5,0,524,73,114,1,-1,-1,-1
54,5,0,524,73,115,1,-1,-1,-1
55,5,0,524,73,115,1,-1,-1,-1
56,5,0,524,73,117,1,-1,-1,-1
57,5,0,524,73,116,1,-1,-1,-1
58,5,0,524,73,115,1,-1,-1,-1
59,5,0,524,73,115,1,-1,-1,-1
60,5,0,524,73,115,1,-1,-1,-1
61,5,0,523,73,113,1,-1,-1,-1
62,5,0,524,73,112,1,-1,-1,-1
63,5,0,523,73,113,1,-1,-1,-1
64,5,0,523,73,117,1,-1,-1,-1
65,5,0,523,73,117,1,-1,-1,-1
66,5,0,523,73,118,1,-1,-1,-1
67,5,0,523,73,118,1,-1,-1,-1
68,5,0,523,73,117,1,-1,-1,-1
69,5,0,523,73,117,1,-1,-1,-1
70,5,0,523,73,117,1,-1,-1,-1
71,5,0,523,73,117,1,-1,-1,-1
72,5,0,523,73,117,1,-1,-1,-1
73,5,0,523,73,116,1,-1,-1,-1
74,5,0,523,72,115,1,-1,-1,-1
75,5,0,523,72,114,1,-1,-1,-1
76,5,0,525,73,113,1,-1,-1,-1
77,5,0,522,72,118,1,-1,-1,-1
78,5,0,522,73,119,1,-1,-1,-1
79,5,0,523,73,115,1,-1,-1,-1
80,5,0,524,73,115,1,-1,-1,-1
81,5,0,523,73,114,1,-1,-1,-1
82,5,0,523,73,115,1,-1,-1,-1
83,5,0,523,73,115,1,-1,-1,-1
84,5,0,523,72,115,1,-1,-1,-1
85,5,0,523,72,115,1,-1,-1,-1
86,5,0,523,72,115,1,-1,-1,-1
87,5,0,524,72,115,1,-1,-1,-1
88,5,0,523,73,114,1,-1,-1,-1
89,5,0,523,73,114,1,-1,-1,-1
90,5,0,523,73,114,1,-1,-1,-1
91,5,0,523,72,113,1,-1,-1,-1
92,5,0,523,72,113,1,-1,-1,-1
93,5,0,524,72,113,1,-1,-1,-1
94,5,0,523,72,114,1,-1,-1,-1
95,5,0,523,72,114,1,-1,-1,-1
96,5,0,523,72,114,1,-1,-1,-1
97,5,0,523,72,114,1,-1,-1,-1
98,5,0,523,73,114,1,-1,-1,-1
99,5,0,523,73,114,1,-1,-1,-1
100,5,0,523,73,114,1,-1,-1,-1
101,5,0,524,73,114,1,-1,-1,-1
102,5,0,524,72,114,1,-1,-1,-1
103,5,0,524,72,114,1,-1,-1,-1
104,5,0,524,72,116,1,-1,-1,-1
105,5,0,525,72,114,1,-1,-1,-1
106,5,0,523,72,117,1,-1,-1,-1
107,5,0,522,72,116,1,-1,-1,-1
108,5,0,523,72,115,1,-1,-1,-1
109,5,0,525,72,114,1,-1,-1,-1
110,5,0,524,72,115,1,-1,-1,-1
111,5,0,523,72,115,1,-1,-1,-1
112,5,0,523,72,115,1,-1,-1,-1
113,5,0,523,72,115,1,-1,-1,-1
114,5,0,523,72,116,1,-1,-1,-1
115,5,0,523,72,116,1,-1,-1,-1
116,5,0,524,72,119,1,-1,-1,-1
117,5,0,524,72,110,1,-1,-1,-1
118,5,0,524,72,97,1,-1,-1,-1
119,5,0,524,72,87,1,-1,-1,-1
120,5,0,525,71,74,1,-1,-1,-1
8,7,1347,248,59,34,1,-1,-1,-1
9,7,1347,247,60,34,1,-1,-1,-1
10,7,1347,248,60,35,1,-1,-1,-1
11,7,1347,247,61,35,1,-1,-1,-1
12,7,1347,247,61,35,1,-1,-1,-1
14,7,1346,246,60,35,1,-1,-1,-1
15,7,1346,246,60,35,1,-1,-1,-1
16,7,1346,246,60,36,1,-1,-1,-1
17,7,1346,246,60,36,1,-1,-1,-1
18,7,1346,247,60,35,1,-1,-1,-1
19,7,1346,247,62,36,1,-1,-1,-1
20,7,1347,247,62,34,1,-1,-1,-1
21,7,1346,247,62,34,1,-1,-1,-1
22,7,1347,247,62,34,1,-1,-1,-1
23,7,1347,247,62,35,1,-1,-1,-1
25,7,1347,247,61,34,1,-1,-1,-1
26,7,1347,246,61,34,1,-1,-1,-1
27,7,1347,247,61,34,1,-1,-1,-1
34,7,1346,247,59,34,1,-1,-1,-1
35,7,1346,247,59,35,1,-1,-1,-1
36,7,1346,247,59,35,1,-1,-1,-1
38,7,1346,250,59,35,1,-1,-1,-1
41,7,1347,248,58,34,1,-1,-1,-1
44,7,1347,247,58,36,1,-1,-1,-1
45,7,1347,247,58,37,1,-1,-1,-1
46,7,1347,247,58,36,1,-1,-1,-1
48,7,1346,248,60,34,1,-1,-1,-1
49,7,1347,249,59,32,1,-1,-1,-1
50,7,1347,248,59,32,1,-1,-1,-1
54,7,1347,246,58,36,1,-1,-1,-1
55,7,1346,246,59,36,1,-1,-1,-1
71,7,1346,246,59,35,1,-1,-1,-1
73,7,1347,246,59,36,1,-1,-1,-1
31,9,1889,555,31,200,1,-1,-1,-1
32,9,1879,575,40,199,1,-1,-1,-1
33,9,1873,587,46,208,1,-1,-1,-1
34,9,1870,603,50,219,1,-1,-1,-1
35,9,1869,602,51,253,1,-1,-1,-1
36,9,1867,613,52,274,1,-1,-1,-1
42,10,1301,241,58,34,1,-1,-1,-1
43,10,1301,239,65,37,1,-1,-1,-1
44,10,1302,241,57,34,1,-1,-1,-1
45,10,1302,241,57,35,1,-1,-1,-1
46,10,1302,241,56,35,1,-1,-1,-1
47,10,1301,240,59,35,1,-1,-1,-1
49,10,1300,242,70,34,1,-1,-1,-1
51,10,1300,242,56,34,1,-1,-1,-1
52,10,1301,241,56,35,1,-1,-1,-1
53,10,1300,241,61,35,1,-1,-1,-1
58,10,1301,241,67,35,1,-1,-1,-1
70,10,1301,240,59,36,1,-1,-1,-1
71,10,1301,240,61,35,1,-1,-1,-1
73,10,1301,239,64,36,1,-1,-1,-1
76,10,1301,240,63,36,1,-1,-1,-1
81,10,1301,240,65,35,1,-1,-1,-1
83,10,1300,239,65,36,1,-1,-1,-1
94,10,1298,240,82,35,1,-1,-1,-1
49,11,1888,391,31,86,1,-1,-1,-1
50,11,1844,390,75,95,1,-1,-1,-1
71,11,1870,327,49,118,1,-1,-1,-1
72,11,1850,326,69,130,1,-1,-1,-1
73,11,1828,324,91,133,1,-1,-1,-1
74,11,1809,305,110,152,1,-1,-1,-1
75,11,1782,303,137,154,1,-1,-1,-1
76,11,1762,233,157,225,1,-1,-1,-1
77,11,1739,226,180,231,1,-1,-1,-1
78,11,1715,213,205,250,1,-1,-1,-1
79,11,1693,209,225,263,1,-1,-1,-1
80,11,1668,206,250,252,1,-1,-1,-1
81,11,1643,200,275,257,1,-1,-1,-1
82,11,1610,198,308,260,1,-1,-1,-1
83,11,1595,198,323,257,1,-1,-1,-1
84,11,1575,199,343,286,1,-1,-1,-1
85,11,1520,347,396,148,1,-1,-1,-1
86,11,1460,344,411,150,1,-1,-1,-1
87,11,1397,345,419,149,1,-1,-1,-1
88,11,1331,343,422,151,1,-1,-1,-1
90,11,1197,345,430,149,1,-1,-1,-1
91,11,1124,344,431,150,1,-1,-1,-1
92,11,1054,346,437,149,1,-1,-1,-1
93,11,978,348,429,147,1,-1,-1,-1
94,11,904,348,431,151,1,-1,-1,-1
95,11,828,352,428,147,1,-1,-1,-1
96,11,748,352,428,147,1,-1,-1,-1
97,11,670,352,426,151,1,-1,-1,-1
98,11,591,353,424,151,1,-1,-1,-1
99,11,510,355,421,149,1,-1,-1,-1
100,11,432,357,419,150,1,-1,-1,-1
101,11,351,359,413,149,1,-1,-1,-1
102,11,269,364,411,147,1,-1,-1,-1
103,11,193,363,403,150,1,-1,-1,-1
104,11,114,365,399,148,1,-1,-1,-1
105,11,35,366,396,149,1,-1,-1,-1
106,11,0,369,346,146,1,-1,-1,-1
107,11,1,373,265,140,1,-1,-1,-1
108,11,0,377,181,140,1,-1,-1,-1
51,12,1797,364,122,125,1,-1,-1,-1
52,12,1750,357,169,132,1,-1,-1,-1
53,12,1698,357,221,133,1,-1,-1,-1
54,12,1646,357,268,130,1,-1,-1,-1
55,12,1589,354,329,138,1,-1,-1,-1
56,12,1526,354,384,138,1,-1,-1,-1
57,12,1468,351,385,139,1,-1,-1,-1
58,12,1402,352,390,139,1,-1,-1,-1
59,12,1337,350,393,142,1,-1,-1,-1
60,12,1273,350,394,141,1,-1,-1,-1
61,12,1203,351,396,141,1,-1,-1,-1
62,12,1132,350,396,143,1,-1,-1,-1
63,12,1057,347,400,146,1,-1,-1,-1
64,12,980,351,403,142,1,-1,-1,-1
65,12,905,353,402,143,1,-1,-1,-1
66,12,827,354,402,143,1,-1,-1,-1
67,12,748,354,398,144,1,-1,-1,-1
68,12,666,357,399,143,1,-1,-1,-1
69,12,584,359,410,143,1,-1,-1,-1
70,12,505,358,396,145,1,-1,-1,-1
71,12,424,360,393,145,1,-1,-1,-1
72,12,342,364,392,143,1,-1,-1,-1
73,12,263,366,389,143,1,-1,-1,-1
74,12,181,368,384,143,1,-1,-1,-1
75,12,102,371,377,141,1,-1,-1,-1
76,12,20,373,369,140,1,-1,-1,-1
77,12,0,373,310,141,1,-1,-1,-1
78,12,0,378,227,133,1,-1,-1,-1
79,12,0,381,146,133,1,-1,-1,-1
79,14,1847,391,72,97,1,-1,-1,-1
80,14,1795,355,124,137,1,-1,-1,-1
81,14,1743,354,176,138,1,-1,-1,-1
82,14,1691,353,227,138,1,-1,-1,-1
83,14,1638,349,281,145,1,-1,-1,-1
86,16,1528,196,366,236,1,-1,-1,-1
87,16,1508,194,409,261,1,-1,-1,-1
88,16,1480,192,440,270,1,-1,-1,-1
89,16,1263,190,654,302,1,-1,-1,-1
90,16,1441,189,478,272,1,-1,-1,-1
91,16,1405,191,514,270,1,-1,-1,-1
92,16,1370,190,548,271,1,-1,-1,-1
93,16,1341,188,575,273,1,-1,-1,-1
94,16,1316,190,600,271,1,-1,-1,-1
95,16,1278,189,638,272,1,-1,-1,-1
96,16,1247,189,644,271,1,-1,-1,-1
97,16,1212,187,706,276,1,-1,-1,-1
98,16,1182,187,682,273,1,-1,-1,-1
99,16,1148,187,709,273,1,-1,-1,-1
100,16,1110,186,748,274,1,-1,-1,-1
101,16,1077,187,788,274,1,-1,-1,-1
102,16,1039,187,657,275,1,-1,-1,-1
103,16,997,189,668,275,1,-1,-1,-1
104,16,957,187,672,276,1,-1,-1,-1
105,16,916,188,675,274,1,-1,-1,-1
106,16,880,188,667,274,1,-1,-1,-1
107,16,837,187,664,277,1,-1,-1,-1
108,16,804,191,620,275,1,-1,-1,-1
109,16,765,192,617,276,1,-1,-1,-1
110,16,718,191,673,275,1,-1,-1,-1
111,16,685,193,1235,277,1,-1,-1,-1
112,16,636,195,1283,275,1,-1,-1,-1
113,16,599,196,1320,269,1,-1,-1,-1
114,16,560,199,1350,268,1,-1,-1,-1
115,16,523,197,1375,269,1,-1,-1,-1
116,16,480,192,1425,272,1,-1,-1,-1
117,16,440,187,1474,277,1,-1,-1,-1
118,16,400,185,1520,281,1,-1,-1,-1
119,16,357,194,1532,274,1,-1,-1,-1
120,16,330,192,1522,277,1,-1,-1,-1
121,16,345,198,1466,270,1,-1,-1,-1
122,16,261,196,1511,274,1,-1,-1,-1
123,16,245,203,1495,267,1,-1,-1,-1
124,16,167,199,1525,275,1,-1,-1,-1
125,16,134,206,1523,268,1,-1,-1,-1
126,16,89,199,1519,279,1,-1,-1,-1
127,16,49,208,1512,270,1,-1,-1,-1
128,16,10,212,1500,272,1,-1,-1,-1
129,16,0,212,1468,268,1,-1,-1,-1
130,16,0,216,1425,261,1,-1,-1,-1
131,16,3,224,1370,256,1,-1,-1,-1
132,16,3,226,1133,254,1,-1,-1,-1
133,16,2,225,1108,258,1,-1,-1,-1
134,16,0,235,1026,252,1,-1,-1,-1
135,16,0,258,965,230,1,-1,-1,-1
136,16,5,284,912,206,1,-1,-1,-1
137,16,5,288,861,198,1,-1,-1,-1
138,16,0,283,996,199,1,-1,-1,-1
140,16,36,285,865,188,1,-1,-1,-1
141,16,4,286,841,190,1,-1,-1,-1
142,16,6,283,783,193,1,-1,-1,-1
143,16,3,295,734,182,1,-1,-1,-1
144,16,5,293,683,188,1,-1,-1,-1
145,16,2,292,636,188,1,-1,-1,-1
146,16,4,289,585,192,1,-1,-1,-1
147,16,1,287,542,196,1,-1,-1,-1
148,16,3,297,486,190,1,-1,-1,-1
149,16,2,304,436,181,1,-1,-1,-1
150,16,1,307,389,180,1,-1,-1,-1
151,16,1,307,338,182,1,-1,-1,-1
152,16,0,312,290,174,1,-1,-1,-1
153,16,0,316,246,169,1,-1,-1,-1
154,16,0,319,198,167,1,-1,-1,-1
99,18,1833,407,86,85,1,-1,-1,-1
100,18,1775,382,144,112,1,-1,-1,-1
101,18,1712,378,208,118,1,-1,-1,-1
102,18,1651,378,269,118,1,-1,-1,-1
103,18,1585,378,334,120,1,-1,-1,-1
104,18,1519,376,364,121,1,-1,-1,-1
105,18,1452,378,368,120,1,-1,-1,-1
106,18,1379,375,372,121,1,-1,-1,-1
107,18,1305,375,375,121,1,-1,-1,-1
108,18,1230,375,379,123,1,-1,-1,-1
109,18,1151,373,382,126,1,-1,-1,-1
110,18,1073,372,384,128,1,-1,-1,-1
111,18,990,374,390,126,1,-1,-1,-1
112,18,910,376,388,125,1,-1,-1,-1
113,18,826,375,387,126,1,-1,-1,-1
114,18,742,378,387,126,1,-1,-1,-1
115,18,658,380,382,126,1,-1,-1,-1
116,18,572,382,383,128,1,-1,-1,-1
117,18,485,387,378,122,1,-1,-1,-1
118,18,403,390,373,123,1,-1,-1,-1
119,18,313,390,373,123,1,-1,-1,-1
120,18,231,391,368,126,1,-1,-1,-1
121,18,147,394,363,123,1,-1,-1,-1
122,18,66,396,352,122,1,-1,-1,-1
123,18,1,399,326,119,1,-1,-1,-1
124,18,1,402,237,114,1,-1,-1,-1
125,18,0,404,157,114,1,-1,-1,-1
126,18,0,412,76,104,1,-1,-1,-1
100,19,1742,281,177,134,1,-1,-1,-1
101,19,1710,282,209,134,1,-1,-1,-1
102,19,1678,283,241,130,1,-1,-1,-1
103,19,1643,283,276,126,1,-1,-1,-1
105,19,1572,281,346,158,1,-1,-1,-1
106,19,1537,280,383,166,1,-1,-1,-1
109,19,1417,282,500,169,1,-1,-1,-1
132,19,1143,377,329,119,1,-1,-1,-1
133,19,1025,377,331,118,1,-1,-1,-1
134,19,907,378,329,121,1,-1,-1,-1
135,19,786,381,330,119,1,-1,-1,-1
136,19,665,383,330,118,1,-1,-1,-1
137,19,548,386,322,120,1,-1,-1,-1
138,19,429,389,324,119,1,-1,-1,-1
139,19,311,391,323,118,1,-1,-1,-1
140,19,199,395,319,117,1,-1,-1,-1
141,19,97,397,307,111,1,-1,-1,-1
142,19,1,403,292,90,1,-1,-1,-1
143,19,0,405,177,96,1,-1,-1,-1
144,19,0,413,70,98,1,-1,-1,-1
117,22,0,609,34,112,1,-1,-1,-1
118,22,0,597,58,134,1,-1,-1,-1
119,22,0,586,85,149,1,-1,-1,-1
120,22,0,574,121,170,1,-1,-1,-1
121,22,0,525,155,235,1,-1,-1,-1
122,22,1,533,192,228,1,-1,-1,-1
123,22,0,533,236,228,1,-1,-1,-1
124,22,1,528,278,229,1,-1,-1,-1
125,22,0,530,326,230,1,-1,-1,-1
126,22,1,524,375,236,1,-1,-1,-1
127,22,1,526,428,234,1,-1,-1,-1
128,22,1,526,484,236,1,-1,-1,-1
129,22,0,527,545,236,1,-1,-1,-1
130,22,5,523,604,239,1,-1,-1,-1
131,22,61,521,615,244,1,-1,-1,-1
132,22,125,519,613,245,1,-1,-1,-1
133,22,190,517,624,246,1,-1,-1,-1
134,22,257,516,626,246,1,-1,-1,-1
135,22,330,515,630,248,1,-1,-1,-1
136,22,405,514,627,250,1,-1,-1,-1
137,22,483,511,634,252,1,-1,-1,-1
138,22,563,512,639,251,1,-1,-1,-1
139,22,646,511,639,249,1,-1,-1,-1
140,22,732,510,639,250,1,-1,-1,-1
141,22,821,508,636,250,1,-1,-1,-1
142,22,914,508,636,249,1,-1,-1,-1
143,22,1010,506,634,250,1,-1,-1,-1
144,22,1106,505,630,250,1,-1,-1,-1
145,22,1204,503,624,250,1,-1,-1,-1
146,22,1304,503,612,248,1,-1,-1,-1
147,22,1408,502,509,247,1,-1,-1,-1
148,22,1512,504,406,243,1,-1,-1,-1
149,22,1612,504,307,241,1,-1,-1,-1
150,22,1712,505,207,236,1,-1,-1,-1
126,23,1807,390,112,102,1,-1,-1,-1
127,23,1705,377,214,115,1,-1,-1,-1
128,23,1597,380,317,114,1,-1,-1,-1
129,23,1489,379,318,115,1,-1,-1,-1
130,23,1375,375,327,118,1,-1,-1,-1
131,23,1258,376,330,118,1,-1,-1,-1
131,24,0,521,90,141,1,-1,-1,-1
132,24,0,521,108,142,1,-1,-1,-1
133,24,0,519,121,144,1,-1,-1,-1
134,24,0,505,138,157,1,-1,-1,-1
135,24,0,491,157,173,1,-1,-1,-1
136,24,0,480,182,182,1,-1,-1,-1
137,24,0,474,211,188,1,-1,-1,-1
138,24,0,476,240,188,1,-1,-1,-1
139,24,1,471,275,193,1,-1,-1,-1
140,24,0,467,314,196,1,-1,-1,-1
141,24,1,467,353,196,1,-1,-1,-1
142,24,0,470,399,195,1,-1,-1,-1
143,24,0,465,449,201,1,-1,-1,-1
144,24,18,466,483,199,1,-1,-1,-1
145,24,71,465,483,201,1,-1,-1,-1
146,24,122,463,494,203,1,-1,-1,-1
147,24,180,459,494,207,1,-1,-1,-1
148,24,243,455,497,209,1,-1,-1,-1
149,24,307,456,502,208,1,-1,-1,-1
150,24,365,455,516,206,1,-1,-1,-1
151,24,446,451,507,211,1,-1,-1,-1
152,24,523,451,507,210,1,-1,-1,-1
153,24,599,447,510,214,1,-1,-1,-1
154,24,679,445,511,215,1,-1,-1,-1
155,24,765,447,509,213,1,-1,-1,-1
156,24,851,446,511,211,1,-1,-1,-1
157,24,938,449,509,207,1,-1,-1,-1
158,24,1029,437,507,218,1,-1,-1,-1
159,24,1122,440,502,213,1,-1,-1,-1
160,24,1216,441,499,212,1,-1,-1,-1
161,24,1310,440,497,213,1,-1,-1,-1
162,24,1406,440,490,212,1,-1,-1,-1
163,24,1502,443,417,207,1,-1,-1,-1
164,24,1600,444,319,204,1,-1,-1,-1
165,24,1696,441,222,205,1,-1,-1,-1
166,24,1793,440,126,202,1,-1,-1,-1
147,29,0,618,176,253,1,-1,-1,-1
148,29,0,596,246,288,1,-1,-1,-1
149,29,1,588,318,312,1,-1,-1,-1
150,29,1,590,394,326,1,-1,-1,-1
151,29,0,595,477,338,1,-1,-1,-1
152,29,1,600,559,353,1,-1,-1,-1
153,29,25,603,625,375,1,-1,-1,-1
154,29,99,619,645,383,1,-1,-1,-1
155,29,170,630,670,401,1,-1,-1,-1
156,29,249,642,695,418,1,-1,-1,-1
157,29,334,657,717,422,1,-1,-1,-1
158,29,416,673,755,402,1,-1,-1,-1
159,29,510,693,783,384,1,-1,-1,-1
160,29,608,710,819,366,1,-1,-1,-1
161,29,710,735,855,339,1,-1,-1,-1
162,29,820,760,877,313,1,-1,-1,-1
163,29,934,788,895,289,1,-1,-1,-1
164,29,1058,820,813,252,1,-1,-1,-1
165,29,1200,857,717,217,1,-1,-1,-1
166,29,1356,904,560,171,1,-1,-1,-1
167,29,1558,953,359,123,1,-1,-1,-1
147,30,1301,241,57,35,1,-1,-1,-1
148,30,1301,241,56,35,1,-1,-1,-1
153,30,1301,240,57,35,1,-1,-1,-1
159,30,1299,240,73,35,1,-1,-1,-1
160,30,1299,240,69,35,1,-1,-1,-1
161,30,1303,240,98,36,1,-1,-1,-1
162,30,1302,240,100,37,1,-1,-1,-1
163,30,1308,240,95,36,1,-1,-1,-1
164,30,1312,241,90,35,1,-1,-1,-1
165,30,1302,240,57,35,1,-1,-1,-1
166,30,1301,242,100,35,1,-1,-1,-1
167,30,1298,240,104,38,1,-1,-1,-1
168,30,1298,240,104,38,1,-1,-1,-1
169,30,1300,238,103,38,1,-1,-1,-1
170,30,1302,239,101,37,1,-1,-1,-1
171,30,1300,240,67,35,1,-1,-1,-1
172,30,1301,240,62,36,1,-1,-1,-1
173,30,1300,238,73,37,1,-1,-1,-1
174,30,1306,239,97,37,1,-1,-1,-1
175,30,1305,239,97,37,1,-1,-1,-1
176,30,1302,240,60,35,1,-1,-1,-1
177,30,1300,240,72,36,1,-1,-1,-1
178,30,1300,241,65,35,1,-1,-1,-1
179,30,1300,240,68,36,1,-1,-1,-1
180,30,1303,240,101,37,1,-1,-1,-1
181,30,1308,240,96,38,1,-1,-1,-1
182,30,1300,238,63,37,1,-1,-1,-1
183,30,1301,239,57,36,1,-1,-1,-1
184,30,1305,238,97,38,1,-1,-1,-1
185,30,1307,239,95,37,1,-1,-1,-1
186,30,1312,240,93,37,1,-1,-1,-1
187,30,1299,240,104,38,1,-1,-1,-1
188,30,1299,240,103,38,1,-1,-1,-1
189,30,1301,239,67,37,1,-1,-1,-1
190,30,1301,239,62,37,1,-1,-1,-1
191,30,1309,239,94,38,1,-1,-1,-1
192,30,1311,239,93,38,1,-1,-1,-1
193,30,1307,239,96,38,1,-1,-1,-1
194,30,1311,240,93,37,1,-1,-1,-1
195,30,1301,239,63,37,1,-1,-1,-1
196,30,1303,238,101,38,1,-1,-1,-1
197,30,1301,242,55,35,1,-1,-1,-1
198,30,1301,241,55,35,1,-1,-1,-1
199,30,1301,240,58,35,1,-1,-1,-1
200,30,1301,239,57,36,1,-1,-1,-1
201,30,1301,238,63,37,1,-1,-1,-1
202,30,1301,238,64,37,1,-1,-1,-1
203,30,1301,237,65,38,1,-1,-1,-1
204,30,1301,239,59,37,1,-1,-1,-1
205,30,1301,238,61,38,1,-1,-1,-1
206,30,1306,239,96,37,1,-1,-1,-1
207,30,1301,239,60,36,1,-1,-1,-1
208,30,1301,238,64,37,1,-1,-1,-1
209,30,1303,238,98,39,1,-1,-1,-1
210,30,1302,238,100,39,1,-1,-1,-1
211,30,1305,238,96,40,1,-1,-1,-1
212,30,1305,238,95,40,1,-1,-1,-1
213,30,1303,239,99,38,1,-1,-1,-1
214,30,1300,238,100,39,1,-1,-1,-1
215,30,1300,238,100,40,1,-1,-1,-1
216,30,1299,238,102,40,1,-1,-1,-1
217,30,1300,238,101,39,1,-1,-1,-1
218,30,1304,239,97,38,1,-1,-1,-1
219,30,1313,240,88,38,1,-1,-1,-1
220,30,1306,238,95,39,1,-1,-1,-1
221,30,1305,238,95,39,1,-1,-1,-1
222,30,1306,239,95,38,1,-1,-1,-1
223,30,1302,239,100,37,1,-1,-1,-1
224,30,1300,239,102,37,1,-1,-1,-1
225,30,1303,240,99,36,1,-1,-1,-1
226,30,1302,240,99,36,1,-1,-1,-1
227,30,1309,241,94,35,1,-1,-1,-1
228,30,1310,241,92,36,1,-1,-1,-1
229,30,1316,242,87,35,1,-1,-1,-1
230,30,1309,241,93,37,1,-1,-1,-1
231,30,1308,240,93,37,1,-1,-1,-1
232,30,1320,242,82,36,1,-1,-1,-1
233,30,1298,239,103,39,1,-1,-1,-1
234,30,1298,238,103,39,1,-1,-1,-1
235,30,1298,239,103,38,1,-1,-1,-1
236,30,1301,240,101,37,1,-1,-1,-1
237,30,1300,239,101,38,1,-1,-1,-1
238,30,1305,240,96,37,1,-1,-1,-1
239,30,1305,238,97,38,1,-1,-1,-1
240,30,1305,238,97,39,1,-1,-1,-1
241,30,1304,239,97,39,1,-1,-1,-1
242,30,1302,239,99,37,1,-1,-1,-1
243,30,1302,240,101,36,1,-1,-1,-1
244,30,1300,240,103,36,1,-1,-1,-1
245,30,1311,240,94,36,1,-1,-1,-1
246,30,1306,239,97,37,1,-1,-1,-1
247,30,1310,240,92,37,1,-1,-1,-1
248,30,1307,240,95,36,1,-1,-1,-1
249,30,1302,239,98,38,1,-1,-1,-1
250,30,1302,239,98,38,1,-1,-1,-1
251,30,1302,240,99,36,1,-1,-1,-1
252,30,1303,241,99,35,1,-1,-1,-1
253,30,1304,242,98,36,1,-1,-1,-1
254,30,1302,241,100,37,1,-1,-1,-1
255,30,1310,242,93,36,1,-1,-1,-1
256,30,1311,241,92,37,1,-1,-1,-1
257,30,1305,240,97,37,1,-1,-1,-1
258,30,1306,239,97,38,1,-1,-1,-1
259,30,1306,239,97,38,1,-1,-1,-1
260,30,1313,242,90,36,1,-1,-1,-1
261,30,1312,243,92,35,1,-1,-1,-1
262,30,1305,242,98,36,1,-1,-1,-1
263,30,1303,241,100,36,1,-1,-1,-1
264,30,1304,241,99,36,1,-1,-1,-1
265,30,1303,240,100,37,1,-1,-1,-1
266,30,1301,239,102,38,1,-1,-1,-1
267,30,1311,238,91,39,1,-1,-1,-1
268,30,1316,239,86,38,1,-1,-1,-1
269,30,1304,238,96,39,1,-1,-1,-1
270,30,1303,239,99,39,1,-1,-1,-1
271,30,1302,239,100,39,1,-1,-1,-1
272,30,1303,239,99,39,1,-1,-1,-1
273,30,1304,239,98,39,1,-1,-1,-1
274,30,1306,240,96,38,1,-1,-1,-1
275,30,1302,240,52,36,1,-1,-1,-1
276,30,1303,239,51,37,1,-1,-1,-1
277,30,1302,238,57,38,1,-1,-1,-1
278,30,1301,239,52,37,1,-1,-1,-1
284,30,1302,240,57,36,1,-1,-1,-1
285,30,1302,240,56,35,1,-1,-1,-1
286,30,1302,241,54,35,1,-1,-1,-1
287,30,1302,243,49,31,1,-1,-1,-1
288,30,1302,242,51,34,1,-1,-1,-1
293,30,1301,242,57,33,1,-1,-1,-1
300,30,1300,241,69,35,1,-1,-1,-1
301,30,1299,240,75,36,1,-1,-1,-1
302,30,1300,241,55,34,1,-1,-1,-1
303,30,1301,240,59,36,1,-1,-1,-1
304,30,1301,240,60,36,1,-1,-1,-1
305,30,1301,240,58,35,1,-1,-1,-1
306,30,1301,240,60,35,1,-1,-1,-1
307,30,1301,240,56,36,1,-1,-1,-1
308,30,1300,241,59,34,1,-1,-1,-1
309,30,1300,241,68,34,1,-1,-1,-1
310,30,1300,242,62,34,1,-1,-1,-1
311,30,1300,242,62,34,1,-1,-1,-1
312,30,1301,243,50,32,1,-1,-1,-1
313,30,1301,241,57,35,1,-1,-1,-1
314,30,1301,241,57,35,1,-1,-1,-1
316,30,1299,241,78,35,1,-1,-1,-1
317,30,1300,242,69,34,1,-1,-1,-1
318,30,1300,241,70,34,1,-1,-1,-1
319,30,1300,241,73,34,1,-1,-1,-1
320,30,1301,240,100,35,1,-1,-1,-1
321,30,1301,241,100,36,1,-1,-1,-1
322,30,1300,239,101,38,1,-1,-1,-1
323,30,1303,239,98,37,1,-1,-1,-1
324,30,1306,239,95,36,1,-1,-1,-1
325,30,1301,238,100,38,1,-1,-1,-1
326,30,1301,238,101,38,1,-1,-1,-1
327,30,1300,238,102,38,1,-1,-1,-1
328,30,1300,238,102,38,1,-1,-1,-1
329,30,1300,238,102,38,1,-1,-1,-1
330,30,1300,238,101,38,1,-1,-1,-1
331,30,1301,239,100,37,1,-1,-1,-1
332,30,1303,239,99,37,1,-1,-1,-1
333,30,1305,239,97,36,1,-1,-1,-1
334,30,1302,239,100,38,1,-1,-1,-1
335,30,1302,239,100,37,1,-1,-1,-1
336,30,1302,239,100,37,1,-1,-1,-1
337,30,1301,239,101,37,1,-1,-1,-1
338,30,1300,239,102,39,1,-1,-1,-1
339,30,1300,238,103,39,1,-1,-1,-1
340,30,1301,238,101,40,1,-1,-1,-1
341,30,1300,238,102,39,1,-1,-1,-1
342,30,1300,238,102,39,1,-1,-1,-1
343,30,1300,238,101,40,1,-1,-1,-1
344,30,1299,239,102,38,1,-1,-1,-1
345,30,1300,239,101,38,1,-1,-1,-1
346,30,1302,239,99,37,1,-1,-1,-1
347,30,1302,239,99,37,1,-1,-1,-1
348,30,1307,238,94,39,1,-1,-1,-1
349,30,1307,239,94,38,1,-1,-1,-1
350,30,1301,238,65,38,1,-1,-1,-1
351,30,1301,238,64,37,1,-1,-1,-1
352,30,1301,239,98,38,1,-1,-1,-1
353,30,1300,239,100,37,1,-1,-1,-1
354,30,1301,240,101,37,1,-1,-1,-1
355,30,1302,240,100,36,1,-1,-1,-1
356,30,1303,240,100,36,1,-1,-1,-1
357,30,1303,240,99,37,1,-1,-1,-1
358,30,1310,239,91,38,1,-1,-1,-1
359,30,1301,237,66,39,1,-1,-1,-1
360,30,1308,239,93,39,1,-1,-1,-1
361,30,1306,239,95,37,1,-1,-1,-1
362,30,1301,242,53,33,1,-1,-1,-1
363,30,1300,241,54,34,1,-1,-1,-1
364,30,1300,241,55,34,1,-1,-1,-1
365,30,1300,241,61,35,1,-1,-1,-1
366,30,1299,242,57,34,1,-1,-1,-1
377,30,1299,240,66,36,1,-1,-1,-1
378,30,1301,240,55,34,1,-1,-1,-1
379,30,1301,241,52,34,1,-1,-1,-1
380,30,1301,242,51,33,1,-1,-1,-1
381,30,1304,240,99,36,1,-1,-1,-1
382,30,1301,241,59,35,1,-1,-1,-1
383,30,1310,241,93,35,1,-1,-1,-1
384,30,1309,241,95,35,1,-1,-1,-1
385,30,1307,241,95,37,1,-1,-1,-1
386,30,1304,240,96,37,1,-1,-1,-1
387,30,1304,240,96,37,1,-1,-1,-1
388,30,1305,240,96,37,1,-1,-1,-1
389,30,1306,240,95,37,1,-1,-1,-1
390,30,1303,241,100,37,1,-1,-1,-1
391,30,1302,240,100,38,1,-1,-1,-1
392,30,1302,240,100,36,1,-1,-1,-1
393,30,1303,241,100,36,1,-1,-1,-1
394,30,1303,241,100,36,1,-1,-1,-1
395,30,1303,239,100,38,1,-1,-1,-1
396,30,1301,238,101,38,1,-1,-1,-1
397,30,1302,240,100,38,1,-1,-1,-1
398,30,1301,239,101,38,1,-1,-1,-1
399,30,1302,241,100,37,1,-1,-1,-1
400,30,1300,242,102,36,1,-1,-1,-1
401,30,1300,242,101,35,1,-1,-1,-1
402,30,1301,242,100,35,1,-1,-1,-1
403,30,1303,243,100,34,1,-1,-1,-1
404,30,1300,242,101,35,1,-1,-1,-1
405,30,1304,241,99,35,1,-1,-1,-1
406,30,1311,240,91,37,1,-1,-1,-1
407,30,1320,241,82,36,1,-1,-1,-1
409,30,1311,241,93,37,1,-1,-1,-1
410,30,1310,241,93,37,1,-1,-1,-1
411,30,1311,242,92,37,1,-1,-1,-1
412,30,1312,242,91,37,1,-1,-1,-1
414,30,1302,242,52,34,1,-1,-1,-1
415,30,1303,240,54,37,1,-1,-1,-1
416,30,1303,239,55,37,1,-1,-1,-1
417,30,1302,241,52,36,1,-1,-1,-1
419,30,1300,242,62,35,1,-1,-1,-1
420,30,1300,242,57,34,1,-1,-1,-1
423,30,1300,242,60,34,1,-1,-1,-1
425,30,1301,242,58,34,1,-1,-1,-1
426,30,1301,242,57,34,1,-1,-1,-1
427,30,1302,244,52,33,1,-1,-1,-1
428,30,1300,244,57,32,1,-1,-1,-1
429,30,1300,243,58,33,1,-1,-1,-1
430,30,1300,243,57,33,1,-1,-1,-1
431,30,1300,244,54,32,1,-1,-1,-1
432,30,1300,244,54,31,1,-1,-1,-1
452,30,1302,241,57,35,1,-1,-1,-1
453,30,1302,240,57,35,1,-1,-1,-1
466,30,1301,241,57,35,1,-1,-1,-1
467,30,1301,241,62,35,1,-1,-1,-1
469,30,1302,241,59,35,1,-1,-1,-1
495,30,1300,240,63,36,1,-1,-1,-1
496,30,1301,240,59,35,1,-1,-1,-1
497,30,1301,241,58,35,1,-1,-1,-1
498,30,1301,241,56,35,1,-1,-1,-1
499,30,1301,241,56,35,1,-1,-1,-1
500,30,1301,241,56,34,1,-1,-1,-1
501,30,1301,240,63,36,1,-1,-1,-1
502,30,1301,240,63,36,1,-1,-1,-1
505,30,1300,240,65,36,1,-1,-1,-1
506,30,1301,241,60,36,1,-1,-1,-1
507,30,1302,241,55,34,1,-1,-1,-1
508,30,1302,240,56,36,1,-1,-1,-1
509,30,1302,240,58,36,1,-1,-1,-1
510,30,1301,241,60,35,1,-1,-1,-1
511,30,1301,242,53,34,1,-1,-1,-1
512,30,1301,242,53,34,1,-1,-1,-1
513,30,1301,241,54,35,1,-1,-1,-1
514,30,1301,240,56,36,1,-1,-1,-1
515,30,1309,241,94,35,1,-1,-1,-1
516,30,1312,241,92,36,1,-1,-1,-1
517,30,1301,240,60,36,1,-1,-1,-1
518,30,1302,240,58,36,1,-1,-1,-1
519,30,1305,240,97,37,1,-1,-1,-1
520,30,1303,241,99,37,1,-1,-1,-1
521,30,1301,241,62,35,1,-1,-1,-1
522,30,1301,241,62,35,1,-1,-1,-1
523,30,1301,241,60,35,1,-1,-1,-1
524,30,1304,241,98,36,1,-1,-1,-1
525,30,1303,240,100,36,1,-1,-1,-1
526,30,1303,240,100,37,1,-1,-1,-1
527,30,1302,240,100,37,1,-1,-1,-1
528,30,1302,239,101,37,1,-1,-1,-1
529,30,1302,240,100,37,1,-1,-1,-1
530,30,1303,240,100,37,1,-1,-1,-1
531,30,1301,240,64,36,1,-1,-1,-1
532,30,1301,240,63,36,1,-1,-1,-1
533,30,1300,241,59,36,1,-1,-1,-1
534,30,1301,240,60,36,1,-1,-1,-1
535,30,1301,238,101,38,1,-1,-1,-1
536,30,1302,239,98,38,1,-1,-1,-1
537,30,1302,239,99,39,1,-1,-1,-1
538,30,1301,239,100,40,1,-1,-1,-1
539,30,1301,240,100,38,1,-1,-1,-1
540,30,1300,241,102,37,1,-1,-1,-1
541,30,1299,240,103,38,1,-1,-1,-1
542,30,1300,239,102,40,1,-1,-1,-1
543,30,1301,239,101,40,1,-1,-1,-1
544,30,1301,239,100,40,1,-1,-1,-1
545,30,1301,240,100,39,1,-1,-1,-1
546,30,1304,240,99,38,1,-1,-1,-1
547,30,1305,240,98,38,1,-1,-1,-1
548,30,1301,238,102,39,1,-1,-1,-1
549,30,1301,237,102,40,1,-1,-1,-1
550,30,1301,238,103,40,1,-1,-1,-1
556,30,1302,240,102,36,1,-1,-1,-1
557,30,1301,240,103,36,1,-1,-1,-1
558,30,1301,240,103,36,1,-1,-1,-1
559,30,1301,241,103,36,1,-1,-1,-1
560,30,1300,239,103,37,1,-1,-1,-1
561,30,1301,240,101,36,1,-1,-1,-1
562,30,1301,240,102,37,1,-1,-1,-1
563,30,1302,240,101,37,1,-1,-1,-1
564,30,1301,239,103,37,1,-1,-1,-1
565,30,1299,239,104,38,1,-1,-1,-1
566,30,1301,238,101,39,1,-1,-1,-1
567,30,1303,238,100,39,1,-1,-1,-1
568,30,1302,239,101,39,1,-1,-1,-1
569,30,1303,239,100,39,1,-1,-1,-1
570,30,1304,239,99,38,1,-1,-1,-1
571,30,1303,239,99,38,1,-1,-1,-1
572,30,1304,239,98,39,1,-1,-1,-1
573,30,1304,239,98,39,1,-1,-1,-1
574,30,1303,239,99,39,1,-1,-1,-1
575,30,1302,239,100,39,1,-1,-1,-1
576,30,1303,240,99,38,1,-1,-1,-1
587,30,1307,241,95,37,1,-1,-1,-1
588,30,1306,241,95,37,1,-1,-1,-1
589,30,1308,242,95,36,1,-1,-1,-1
590,30,1302,240,99,39,1,-1,-1,-1
591,30,1302,241,98,38,1,-1,-1,-1
592,30,1301,239,98,39,1,-1,-1,-1
593,30,1304,241,96,38,1,-1,-1,-1
594,30,1304,240,96,38,1,-1,-1,-1
595,30,1306,241,96,38,1,-1,-1,-1
596,30,1305,241,96,38,1,-1,-1,-1
597,30,1305,241,96,38,1,-1,-1,-1
598,30,1305,241,96,38,1,-1,-1,-1
599,30,1306,241,95,38,1,-1,-1,-1
600,30,1302,241,99,38,1,-1,-1,-1
601,30,1306,241,95,37,1,-1,-1,-1
602,30,1305,241,96,38,1,-1,-1,-1
603,30,1303,240,97,39,1,-1,-1,-1
604,30,1303,240,98,39,1,-1,-1,-1
605,30,1303,240,98,39,1,-1,-1,-1
606,30,1303,240,98,39,1,-1,-1,-1
607,30,1307,241,96,36,1,-1,-1,-1
608,30,1308,241,95,36,1,-1,-1,-1
609,30,1303,240,100,37,1,-1,-1,-1
610,30,1304,241,99,36,1,-1,-1,-1
611,30,1313,242,91,35,1,-1,-1,-1
612,30,1311,242,92,35,1,-1,-1,-1
613,30,1347,247,60,33,1,-1,-1,-1
614,30,1347,247,59,33,1,-1,-1,-1
615,30,1347,246,60,33,1,-1,-1,-1
616,30,1347,246,60,33,1,-1,-1,-1
617,30,1347,247,59,33,1,-1,-1,-1
618,30,1347,246,60,33,1,-1,-1,-1
619,30,1347,247,60,33,1,-1,-1,-1
620,30,1347,247,60,33,1,-1,-1,-1
621,30,1347,247,59,34,1,-1,-1,-1
622,30,1347,247,58,34,1,-1,-1,-1
638,30,1347,246,58,31,1,-1,-1,-1
639,30,1314,242,88,35,1,-1,-1,-1
647,30,1346,245,59,40,1,-1,-1,-1
648,30,1347,246,59,38,1,-1,-1,-1
151,31,1807,382,112,98,1,-1,-1,-1
152,31,1683,370,237,111,1,-1,-1,-1
153,31,1553,370,330,113,1,-1,-1,-1
154,31,1421,370,341,115,1,-1,-1,-1
155,31,1278,370,348,115,1,-1,-1,-1
156,31,1141,373,346,113,1,-1,-1,-1
157,31,994,373,351,109,1,-1,-1,-1
158,31,852,375,348,117,1,-1,-1,-1
159,31,704,377,348,118,1,-1,-1,-1
160,31,563,382,348,116,1,-1,-1,-1
161,31,423,386,343,115,1,-1,-1,-1
162,31,285,389,339,115,1,-1,-1,-1
163,31,150,396,337,113,1,-1,-1,-1
164,31,22,400,329,114,1,-1,-1,-1
165,31,0,401,220,110,1,-1,-1,-1
167,35,1,547,158,213,1,-1,-1,-1
168,35,0,501,251,259,1,-1,-1,-1
169,35,0,495,348,267,1,-1,-1,-1
170,35,1,490,451,271,1,-1,-1,-1
171,35,0,488,557,274,1,-1,-1,-1
172,35,1,486,670,277,1,-1,-1,-1
173,35,75,484,704,278,1,-1,-1,-1
174,35,180,480,713,281,1,-1,-1,-1
175,35,292,481,726,279,1,-1,-1,-1
176,35,413,478,726,281,1,-1,-1,-1
177,35,529,476,735,282,1,-1,-1,-1
178,35,656,474,729,284,1,-1,-1,-1
179,35,781,475,731,281,1,-1,-1,-1
180,35,911,472,724,281,1,-1,-1,-1
181,35,1047,472,710,281,1,-1,-1,-1
182,35,1165,470,711,279,1,-1,-1,-1
183,35,1291,471,625,275,1,-1,-1,-1
184,35,1428,470,490,272,1,-1,-1,-1
185,35,1557,471,362,269,1,-1,-1,-1
186,35,1683,528,236,210,1,-1,-1,-1
209,38,2,472,185,198,1,-1,-1,-1
210,38,1,459,373,209,1,-1,-1,-1
211,38,0,455,576,216,1,-1,-1,-1
212,38,175,450,611,220,1,-1,-1,-1
213,38,378,445,628,223,1,-1,-1,-1
214,38,592,442,631,224,1,-1,-1,-1
215,38,809,439,636,226,1,-1,-1,-1
216,38,1045,441,618,220,1,-1,-1,-1
217,38,1260,440,612,219,1,-1,-1,-1
218,38,1478,437,441,218,1,-1,-1,-1
219,38,1689,464,230,189,1,-1,-1,-1
238,43,0,548,253,230,1,-1,-1,-1
239,43,1,542,489,237,1,-1,-1,-1
240,43,194,540,546,240,1,-1,-1,-1
241,43,441,532,563,247,1,-1,-1,-1
242,43,702,529,567,248,1,-1,-1,-1
243,43,969,528,565,248,1,-1,-1,-1
244,43,1235,527,552,243,1,-1,-1,-1
245,43,1494,523,424,242,1,-1,-1,-1
246,43,1742,524,177,234,1,-1,-1,-1
260,44,1826,396,93,91,1,-1,-1,-1
261,44,1699,375,219,112,1,-1,-1,-1
262,44,1567,374,337,113,1,-1,-1,-1
263,44,1435,370,339,117,1,-1,-1,-1
264,44,1298,370,345,118,1,-1,-1,-1
265,44,1156,371,349,117,1,-1,-1,-1
266,44,1013,369,352,120,1,-1,-1,-1
267,44,873,370,350,120,1,-1,-1,-1
268,44,731,374,350,118,1,-1,-1,-1
269,44,592,378,346,117,1,-1,-1,-1
270,44,456,381,343,116,1,-1,-1,-1
271,44,323,385,338,114,1,-1,-1,-1
272,44,193,387,332,116,1,-1,-1,-1
273,44,69,393,322,114,1,-1,-1,-1
274,44,0,398,266,111,1,-1,-1,-1
275,44,1,401,144,106,1,-1,-1,-1
288,48,0,524,377,261,1,-1,-1,-1
289,48,1,518,609,268,1,-1,-1,-1
290,48,131,514,726,275,1,-1,-1,-1
291,48,369,509,744,279,1,-1,-1,-1
292,48,626,504,745,282,1,-1,-1,-1
293,48,885,503,740,280,1,-1,-1,-1
294,48,1142,501,728,280,1,-1,-1,-1
295,48,1395,501,523,272,1,-1,-1,-1
296,48,1635,498,283,269,1,-1,-1,-1
316,51,1799,372,120,90,1,-1,-1,-1
317,51,1687,368,231,95,1,-1,-1,-1
318,51,1568,364,305,100,1,-1,-1,-1
319,51,1453,365,311,99,1,-1,-1,-1
320,51,1336,366,311,98,1,-1,-1,-1
321,51,1214,365,316,98,1,-1,-1,-1
322,51,1091,365,317,101,1,-1,-1,-1
323,51,966,367,320,100,1,-1,-1,-1
324,51,845,367,319,101,1,-1,-1,-1
325,51,719,371,320,101,1,-1,-1,-1
326,51,600,372,319,101,1,-1,-1,-1
327,51,479,376,316,99,1,-1,-1,-1
328,51,361,381,318,97,1,-1,-1,-1
329,51,247,382,309,98,1,-1,-1,-1
330,51,138,388,302,95,1,-1,-1,-1
331,51,33,392,292,96,1,-1,-1,-1
332,51,1,395,215,91,1,-1,-1,-1
333,51,0,400,111,88,1,-1,-1,-1
337,55,1,498,336,173,1,-1,-1,-1
338,55,67,494,512,177,1,-1,-1,-1
339,55,301,487,532,182,1,-1,-1,-1
340,55,549,483,544,184,1,-1,-1,-1
341,55,807,480,549,186,1,-1,-1,-1
342,55,1067,477,541,187,1,-1,-1,-1
343,55,1329,477,521,182,1,-1,-1,-1
344,55,1579,476,341,179,1,-1,-1,-1
337,56,1761,361,158,127,1,-1,-1,-1
338,56,1661,358,258,132,1,-1,-1,-1
339,56,1555,356,360,137,1,-1,-1,-1
340,56,1449,353,364,137,1,-1,-1,-1
341,56,1340,353,367,138,1,-1,-1,-1
342,56,1229,353,370,137,1,-1,-1,-1
343,56,1111,351,374,141,1,-1,-1,-1
344,56,993,354,377,141,1,-1,-1,-1
345,56,877,353,378,143,1,-1,-1,-1
346,56,758,356,375,143,1,-1,-1,-1
347,56,641,357,372,143,1,-1,-1,-1
348,56,523,360,370,143,1,-1,-1,-1
349,56,405,364,371,140,1,-1,-1,-1
350,56,292,365,368,144,1,-1,-1,-1
351,56,181,368,362,142,1,-1,-1,-1
352,56,72,375,356,138,1,-1,-1,-1
353,56,0,376,313,140,1,-1,-1,-1
354,56,0,380,203,134,1,-1,-1,-1
355,56,0,384,96,131,1,-1,-1,-1
337,57,1051,221,31,25,1,-1,-1,-1
338,57,1051,220,27,25,1,-1,-1,-1
339,57,1051,219,26,26,1,-1,-1,-1
340,57,1049,220,27,26,1,-1,-1,-1
341,57,1047,220,33,26,1,-1,-1,-1
342,57,1045,220,34,25,1,-1,-1,-1
343,57,1044,221,34,25,1,-1,-1,-1
344,57,1042,220,36,27,1,-1,-1,-1
345,57,1043,220,35,26,1,-1,-1,-1
346,57,1039,220,36,27,1,-1,-1,-1
347,57,1038,221,37,26,1,-1,-1,-1
348,57,1037,222,36,27,1,-1,-1,-1
349,57,1037,222,32,26,1,-1,-1,-1
350,57,1037,222,34,26,1,-1,-1,-1
351,57,1037,222,35,26,1,-1,-1,-1
352,57,1035,222,35,26,1,-1,-1,-1
353,57,1034,222,37,26,1,-1,-1,-1
354,57,1034,223,35,25,1,-1,-1,-1
355,57,1033,223,38,26,1,-1,-1,-1
356,57,1030,223,42,27,1,-1,-1,-1
357,57,1028,224,40,25,1,-1,-1,-1
358,57,1027,225,38,25,1,-1,-1,-1
359,57,1027,225,40,26,1,-1,-1,-1
360,57,1025,224,43,27,1,-1,-1,-1
361,57,1024,225,43,27,1,-1,-1,-1
362,57,1022,225,43,27,1,-1,-1,-1
363,57,1021,225,45,28,1,-1,-1,-1
364,57,1021,225,44,28,1,-1,-1,-1
365,57,1019,225,45,28,1,-1,-1,-1
366,57,1017,226,46,27,1,-1,-1,-1
367,57,1015,227,45,27,1,-1,-1,-1
368,57,1014,226,47,28,1,-1,-1,-1
369,57,1013,227,48,26,1,-1,-1,-1
370,57,1009,228,36,27,1,-1,-1,-1
371,57,1009,228,47,28,1,-1,-1,-1
372,57,1008,228,48,28,1,-1,-1,-1
373,57,1007,226,53,30,1,-1,-1,-1
374,57,1006,226,52,32,1,-1,-1,-1
375,57,1006,227,52,30,1,-1,-1,-1
376,57,1002,228,33,31,1,-1,-1,-1
377,57,1001,229,34,31,1,-1,-1,-1
378,57,1000,230,33,30,1,-1,-1,-1
379,57,998,230,37,30,1,-1,-1,-1
380,57,998,228,44,31,1,-1,-1,-1
381,57,996,230,38,30,1,-1,-1,-1
382,57,994,229,43,31,1,-1,-1,-1
383,57,991,233,36,28,1,-1,-1,-1
384,57,989,233,36,28,1,-1,-1,-1
385,57,988,234,37,29,1,-1,-1,-1
386,57,986,233,39,29,1,-1,-1,-1
387,57,985,235,34,27,1,-1,-1,-1
388,57,982,234,35,26,1,-1,-1,-1
389,57,980,235,36,27,1,-1,-1,-1
390,57,978,236,34,28,1,-1,-1,-1
391,57,976,235,36,29,1,-1,-1,-1
392,57,973,234,36,30,1,-1,-1,-1
393,57,972,235,35,30,1,-1,-1,-1
394,57,970,237,33,31,1,-1,-1,-1
395,57,968,238,34,30,1,-1,-1,-1
396,57,967,240,35,29,1,-1,-1,-1
397,57,964,239,37,29,1,-1,-1,-1
398,57,961,237,38,33,1,-1,-1,-1
399,57,960,238,37,32,1,-1,-1,-1
400,57,958,239,38,32,1,-1,-1,-1
401,57,954,240,40,32,1,-1,-1,-1
402,57,951,239,41,32,1,-1,-1,-1
403,57,949,237,42,34,1,-1,-1,-1
404,57,947,236,42,36,1,-1,-1,-1
405,57,945,238,41,36,1,-1,-1,-1
406,57,944,239,40,35,1,-1,-1,-1
407,57,941,239,41,37,1,-1,-1,-1
408,57,939,240,41,37,1,-1,-1,-1
409,57,936,241,42,35,1,-1,-1,-1
410,57,933,241,44,36,1,-1,-1,-1
411,57,931,243,43,36,1,-1,-1,-1
412,57,929,243,44,37,1,-1,-1,-1
413,57,928,242,44,38,1,-1,-1,-1
414,57,925,241,45,40,1,-1,-1,-1
415,57,923,241,46,40,1,-1,-1,-1
416,57,920,242,46,39,1,-1,-1,-1
417,57,918,243,46,41,1,-1,-1,-1
418,57,917,245,45,39,1,-1,-1,-1
419,57,915,245,45,40,1,-1,-1,-1
420,57,913,246,46,37,1,-1,-1,-1
421,57,911,247,46,38,1,-1,-1,-1
422,57,910,247,44,40,1,-1,-1,-1
423,57,908,248,46,38,1,-1,-1,-1
424,57,906,248,45,40,1,-1,-1,-1
425,57,905,247,45,42,1,-1,-1,-1
426,57,902,247,47,42,1,-1,-1,-1
427,57,899,248,48,44,1,-1,-1,-1
428,57,898,249,48,44,1,-1,-1,-1
429,57,896,250,49,43,1,-1,-1,-1
430,57,895,248,49,45,1,-1,-1,-1
431,57,894,249,50,46,1,-1,-1,-1
432,57,892,252,50,42,1,-1,-1,-1
433,57,892,253,49,43,1,-1,-1,-1
434,57,890,254,49,43,1,-1,-1,-1
435,57,888,255,50,43,1,-1,-1,-1
436,57,885,255,51,44,1,-1,-1,-1
437,57,885,256,48,44,1,-1,-1,-1
438,57,883,256,51,45,1,-1,-1,-1
439,57,882,257,49,47,1,-1,-1,-1
440,57,880,259,52,44,1,-1,-1,-1
441,57,880,258,52,47,1,-1,-1,-1
442,57,878,259,53,47,1,-1,-1,-1
443,57,876,260,54,47,1,-1,-1,-1
444,57,876,262,52,47,1,-1,-1,-1
445,57,874,262,55,48,1,-1,-1,-1
446,57,873,262,55,49,1,-1,-1,-1
447,57,871,264,56,49,1,-1,-1,-1
448,57,870,264,56,50,1,-1,-1,-1
449,57,870,265,56,50,1,-1,-1,-1
450,57,870,270,55,47,1,-1,-1,-1
451,57,869,271,58,48,1,-1,-1,-1
452,57,869,270,58,48,1,-1,-1,-1
453,57,868,273,59,48,1,-1,-1,-1
454,57,869,271,58,50,1,-1,-1,-1
455,57,869,267,61,53,1,-1,-1,-1
456,57,868,271,61,51,1,-1,-1,-1
457,57,868,268,62,54,1,-1,-1,-1
458,57,868,262,65,63,1,-1,-1,-1
459,57,868,259,66,68,1,-1,-1,-1
460,57,867,259,68,69,1,-1,-1,-1
461,57,868,257,66,73,1,-1,-1,-1
462,57,868,259,66,72,1,-1,-1,-1
463,57,867,257,66,76,1,-1,-1,-1
464,57,868,259,64,76,1,-1,-1,-1
465,57,867,257,65,80,1,-1,-1,-1
466,57,868,259,67,78,1,-1,-1,-1
467,57,867,260,69,79,1,-1,-1,-1
468,57,868,262,69,79,1,-1,-1,-1
469,57,867,264,72,79,1,-1,-1,-1
470,57,869,263,70,80,1,-1,-1,-1
471,57,868,264,73,80,1,-1,-1,-1
472,57,869,276,72,70,1,-1,-1,-1
473,57,867,275,77,72,1,-1,-1,-1
474,57,868,280,76,69,1,-1,-1,-1
475,57,871,280,75,69,1,-1,-1,-1
476,57,874,285,74,67,1,-1,-1,-1
477,57,870,277,79,73,1,-1,-1,-1
478,57,875,286,76,67,1,-1,-1,-1
479,57,874,284,80,69,1,-1,-1,-1
480,57,875,288,79,68,1,-1,-1,-1
481,57,878,286,78,71,1,-1,-1,-1
482,57,877,287,80,71,1,-1,-1,-1
483,57,880,288,80,73,1,-1,-1,-1
484,57,881,289,81,74,1,-1,-1,-1
485,57,882,288,81,78,1,-1,-1,-1
486,57,883,290,82,77,1,-1,-1,-1
487,57,885,291,82,76,1,-1,-1,-1
488,57,886,292,82,76,1,-1,-1,-1
489,57,887,291,84,78,1,-1,-1,-1
490,57,888,290,83,80,1,-1,-1,-1
491,57,888,293,85,78,1,-1,-1,-1
492,57,889,293,87,79,1,-1,-1,-1
493,57,891,293,86,82,1,-1,-1,-1
494,57,890,294,88,81,1,-1,-1,-1
495,57,892,294,88,82,1,-1,-1,-1
496,57,893,295,90,83,1,-1,-1,-1
497,57,892,295,92,83,1,-1,-1,-1
498,57,893,295,92,84,1,-1,-1,-1
499,57,895,295,93,85,1,-1,-1,-1
500,57,893,294,96,84,1,-1,-1,-1
501,57,894,296,95,84,1,-1,-1,-1
502,57,894,295,95,87,1,-1,-1,-1
503,57,896,297,95,85,1,-1,-1,-1
504,57,895,298,96,85,1,-1,-1,-1
505,57,896,298,98,87,1,-1,-1,-1
506,57,898,297,97,87,1,-1,-1,-1
507,57,898,296,97,88,1,-1,-1,-1
508,57,898,298,99,88,1,-1,-1,-1
509,57,901,298,98,89,1,-1,-1,-1
510,57,900,299,100,90,1,-1,-1,-1
511,57,901,299,99,90,1,-1,-1,-1
512,57,902,298,100,91,1,-1,-1,-1
513,57,902,298,100,92,1,-1,-1,-1
514,57,903,299,101,91,1,-1,-1,-1
515,57,903,300,102,92,1,-1,-1,-1
516,57,901,299,104,92,1,-1,-1,-1
517,57,902,300,103,91,1,-1,-1,-1
518,57,902,300,104,92,1,-1,-1,-1
519,57,904,300,103,92,1,-1,-1,-1
520,57,905,300,102,93,1,-1,-1,-1
521,57,905,301,103,93,1,-1,-1,-1
522,57,904,303,104,91,1,-1,-1,-1
523,57,905,303,104,91,1,-1,-1,-1
524,57,906,304,104,90,1,-1,-1,-1
525,57,907,305,104,89,1,-1,-1,-1
526,57,908,305,102,89,1,-1,-1,-1
527,57,908,306,102,89,1,-1,-1,-1
528,57,908,305,102,91,1,-1,-1,-1
529,57,907,302,104,93,1,-1,-1,-1
530,57,908,299,104,97,1,-1,-1,-1
531,57,909,299,104,98,1,-1,-1,-1
532,57,906,301,108,96,1,-1,-1,-1
533,57,908,300,107,97,1,-1,-1,-1
534,57,906,298,109,98,1,-1,-1,-1
535,57,908,300,106,97,1,-1,-1,-1
536,57,909,300,107,96,1,-1,-1,-1
537,57,909,299,104,97,1,-1,-1,-1
538,57,909,299,105,97,1,-1,-1,-1
539,57,909,301,106,96,1,-1,-1,-1
540,57,909,301,106,95,1,-1,-1,-1
541,57,909,301,106,96,1,-1,-1,-1
542,57,909,301,107,93,1,-1,-1,-1
543,57,908,301,108,71,1,-1,-1,-1
544,57,909,301,106,96,1,-1,-1,-1
545,57,909,302,107,95,1,-1,-1,-1
546,57,909,301,107,96,1,-1,-1,-1
547,57,909,301,107,96,1,-1,-1,-1
548,57,908,301,108,96,1,-1,-1,-1
549,57,908,302,108,96,1,-1,-1,-1
550,57,908,302,109,96,1,-1,-1,-1
551,57,908,303,108,95,1,-1,-1,-1
552,57,908,302,108,95,1,-1,-1,-1
553,57,908,302,108,95,1,-1,-1,-1
554,57,908,303,108,94,1,-1,-1,-1
555,57,909,303,107,94,1,-1,-1,-1
556,57,910,304,106,94,1,-1,-1,-1
557,57,910,304,105,93,1,-1,-1,-1
558,57,910,305,106,92,1,-1,-1,-1
559,57,910,306,106,92,1,-1,-1,-1
560,57,910,306,106,92,1,-1,-1,-1
561,57,909,306,106,92,1,-1,-1,-1
562,57,909,306,106,92,1,-1,-1,-1
563,57,909,306,106,92,1,-1,-1,-1
564,57,909,305,106,93,1,-1,-1,-1
565,57,909,305,107,93,1,-1,-1,-1
566,57,910,303,106,95,1,-1,-1,-1
567,57,910,303,106,95,1,-1,-1,-1
568,57,910,303,106,94,1,-1,-1,-1
569,57,909,303,106,94,1,-1,-1,-1
570,57,909,303,106,95,1,-1,-1,-1
571,57,909,303,106,95,1,-1,-1,-1
572,57,909,303,107,95,1,-1,-1,-1
573,57,909,303,107,95,1,-1,-1,-1
574,57,910,303,106,95,1,-1,-1,-1
575,57,909,304,107,94,1,-1,-1,-1
576,57,910,303,106,94,1,-1,-1,-1
577,57,910,304,106,94,1,-1,-1,-1
578,57,909,303,107,94,1,-1,-1,-1
579,57,909,304,106,93,1,-1,-1,-1
580,57,909,304,107,93,1,-1,-1,-1
581,57,909,304,106,94,1,-1,-1,-1
582,57,911,303,105,94,1,-1,-1,-1
583,57,910,303,106,94,1,-1,-1,-1
584,57,912,304,104,94,1,-1,-1,-1
585,57,910,304,106,94,1,-1,-1,-1
586,57,909,304,107,93,1,-1,-1,-1
587,57,908,306,107,92,1,-1,-1,-1
588,57,908,306,107,92,1,-1,-1,-1
589,57,908,306,108,92,1,-1,-1,-1
590,57,908,305,108,92,1,-1,-1,-1
591,57,909,304,107,93,1,-1,-1,-1
592,57,908,304,108,93,1,-1,-1,-1
593,57,909,303,107,94,1,-1,-1,-1
594,57,908,303,108,94,1,-1,-1,-1
595,57,908,303,108,94,1,-1,-1,-1
596,57,909,303,107,94,1,-1,-1,-1
597,57,909,302,106,95,1,-1,-1,-1
598,57,908,303,107,94,1,-1,-1,-1
599,57,909,303,106,93,1,-1,-1,-1
600,57,909,303,107,93,1,-1,-1,-1
601,57,909,303,107,93,1,-1,-1,-1
602,57,910,304,106,93,1,-1,-1,-1
603,57,909,304,106,93,1,-1,-1,-1
604,57,910,303,105,93,1,-1,-1,-1
605,57,910,303,105,93,1,-1,-1,-1
606,57,909,304,106,93,1,-1,-1,-1
607,57,910,304,106,93,1,-1,-1,-1
608,57,909,305,106,93,1,-1,-1,-1
609,57,910,304,106,93,1,-1,-1,-1
610,57,910,304,106,93,1,-1,-1,-1
611,57,910,304,106,93,1,-1,-1,-1
612,57,910,305,106,93,1,-1,-1,-1
613,57,910,305,106,92,1,-1,-1,-1
614,57,910,304,106,93,1,-1,-1,-1
615,57,910,304,106,92,1,-1,-1,-1
616,57,909,305,106,92,1,-1,-1,-1
617,57,909,305,107,92,1,-1,-1,-1
618,57,909,305,107,91,1,-1,-1,-1
619,57,909,305,107,91,1,-1,-1,-1
620,57,910,306,106,91,1,-1,-1,-1
621,57,910,306,107,91,1,-1,-1,-1
622,57,911,306,105,93,1,-1,-1,-1
623,57,913,307,104,92,1,-1,-1,-1
624,57,914,309,104,90,1,-1,-1,-1
625,57,914,307,105,93,1,-1,-1,-1
626,57,914,307,105,94,1,-1,-1,-1
627,57,915,308,105,94,1,-1,-1,-1
628,57,915,309,106,95,1,-1,-1,-1
629,57,914,310,107,93,1,-1,-1,-1
630,57,916,310,107,94,1,-1,-1,-1
631,57,916,311,109,93,1,-1,-1,-1
632,57,919,312,108,95,1,-1,-1,-1
633,57,916,311,112,97,1,-1,-1,-1
634,57,918,311,112,98,1,-1,-1,-1
635,57,918,314,113,95,1,-1,-1,-1
636,57,921,314,113,97,1,-1,-1,-1
637,57,921,314,114,98,1,-1,-1,-1
638,57,925,314,111,99,1,-1,-1,-1
639,57,922,316,117,100,1,-1,-1,-1
640,57,926,317,119,100,1,-1,-1,-1
641,57,928,318,118,102,1,-1,-1,-1
642,57,929,319,121,102,1,-1,-1,-1
643,57,931,318,121,104,1,-1,-1,-1
644,57,935,321,121,102,1,-1,-1,-1
645,57,936,318,124,108,1,-1,-1,-1
646,57,938,321,125,107,1,-1,-1,-1
647,57,939,319,129,112,1,-1,-1,-1
648,57,942,324,129,113,1,-1,-1,-1
649,57,945,327,131,111,1,-1,-1,-1
650,57,943,326,136,116,1,-1,-1,-1
651,57,951,325,135,120,1,-1,-1,-1
652,57,954,331,136,117,1,-1,-1,-1
653,57,956,333,140,118,1,-1,-1,-1
654,57,959,333,142,124,1,-1,-1,-1
655,57,963,337,145,125,1,-1,-1,-1
656,57,965,339,147,126,1,-1,-1,-1
657,57,972,339,148,130,1,-1,-1,-1
658,57,976,345,150,128,1,-1,-1,-1
659,57,980,350,153,129,1,-1,-1,-1
660,57,986,352,153,134,1,-1,-1,-1
661,57,990,355,158,134,1,-1,-1,-1
662,57,994,354,163,141,1,-1,-1,-1
663,57,999,354,165,145,1,-1,-1,-1
664,57,1005,364,170,142,1,-1,-1,-1
665,57,1008,361,176,152,1,-1,-1,-1
666,57,1017,361,178,159,1,-1,-1,-1
667,57,1021,363,186,165,1,-1,-1,-1
668,57,1028,368,189,168,1,-1,-1,-1
669,57,1036,370,195,175,1,-1,-1,-1
670,57,1043,373,199,182,1,-1,-1,-1
671,57,1051,385,205,180,1,-1,-1,-1
672,57,1056,389,218,187,1,-1,-1,-1
673,57,1070,391,220,196,1,-1,-1,-1
674,57,1080,399,228,201,1,-1,-1,-1
675,57,1091,405,238,209,1,-1,-1,-1
676,57,1102,412,249,216,1,-1,-1,-1
677,57,1112,419,261,229,1,-1,-1,-1
678,57,1128,429,267,230,1,-1,-1,-1
679,57,1146,436,280,244,1,-1,-1,-1
680,57,1160,448,297,254,1,-1,-1,-1
681,57,1181,460,308,262,1,-1,-1,-1
682,57,1197,471,327,274,1,-1,-1,-1
683,57,1219,481,339,288,1,-1,-1,-1
684,57,1240,496,366,301,1,-1,-1,-1
685,57,1264,515,386,307,1,-1,-1,-1
686,57,1293,529,408,325,1,-1,-1,-1
687,57,1323,545,435,343,1,-1,-1,-1
688,57,1357,564,464,359,1,-1,-1,-1
689,57,1392,582,494,380,1,-1,-1,-1
690,57,1434,607,485,399,1,-1,-1,-1
691,57,1484,628,433,424,1,-1,-1,-1
692,57,1529,653,390,424,1,-1,-1,-1
693,57,1581,681,338,394,1,-1,-1,-1
694,57,1644,711,274,362,1,-1,-1,-1
695,57,1714,752,205,325,1,-1,-1,-1
696,57,1792,807,127,263,1,-1,-1,-1
348,60,1770,360,149,99,1,-1,-1,-1
349,60,1641,358,278,101,1,-1,-1,-1
350,60,1510,357,316,102,1,-1,-1,-1
351,60,1381,358,317,102,1,-1,-1,-1
352,60,1244,356,327,104,1,-1,-1,-1
353,60,1109,356,324,105,1,-1,-1,-1
354,60,969,357,330,106,1,-1,-1,-1
355,60,829,359,328,107,1,-1,-1,-1
356,60,693,362,325,106,1,-1,-1,-1
357,60,559,365,321,105,1,-1,-1,-1
358,60,427,368,317,104,1,-1,-1,-1
359,60,296,372,314,103,1,-1,-1,-1
360,60,172,378,308,102,1,-1,-1,-1
361,60,53,384,299,100,1,-1,-1,-1
362,60,1,386,227,99,1,-1,-1,-1
363,60,0,391,109,96,1,-1,-1,-1
355,62,0,538,315,224,1,-1,-1,-1
356,62,0,536,559,225,1,-1,-1,-1
357,62,197,532,627,232,1,-1,-1,-1
358,62,445,527,650,235,1,-1,-1,-1
359,62,710,525,652,235,1,-1,-1,-1
360,62,975,524,651,233,1,-1,-1,-1
361,62,1245,525,637,228,1,-1,-1,-1
362,62,1514,522,403,228,1,-1,-1,-1
363,62,1762,559,157,180,1,-1,-1,-1
362,64,1750,341,169,116,1,-1,-1,-1
363,64,1620,340,299,118,1,-1,-1,-1
364,64,1491,339,327,120,1,-1,-1,-1
365,64,1353,337,333,121,1,-1,-1,-1
366,64,1213,336,337,124,1,-1,-1,-1
367,64,1070,338,340,122,1,-1,-1,-1
368,64,927,338,341,126,1,-1,-1,-1
369,64,783,341,339,124,1,-1,-1,-1
370,64,640,343,337,125,1,-1,-1,-1
371,64,498,344,338,129,1,-1,-1,-1
372,64,361,349,334,127,1,-1,-1,-1
373,64,226,354,327,124,1,-1,-1,-1
374,64,98,361,320,122,1,-1,-1,-1
375,64,0,361,286,126,1,-1,-1,-1
376,64,0,367,156,120,1,-1,-1,-1
372,66,1757,354,161,134,1,-1,-1,-1
373,66,1624,352,294,136,1,-1,-1,-1
374,66,1487,350,404,137,1,-1,-1,-1
375,66,1345,350,410,137,1,-1,-1,-1
376,66,1200,351,416,139,1,-1,-1,-1
377,66,1052,347,422,143,1,-1,-1,-1
378,66,900,347,424,146,1,-1,-1,-1
379,66,754,356,417,140,1,-1,-1,-1
380,66,605,355,413,144,1,-1,-1,-1
381,66,458,361,415,141,1,-1,-1,-1
382,66,315,361,413,143,1,-1,-1,-1
383,66,178,368,403,140,1,-1,-1,-1
384,66,44,367,398,143,1,-1,-1,-1
385,66,0,372,304,138,1,-1,-1,-1
386,66,0,389,171,124,1,-1,-1,-1
383,68,1019,230,31,26,1,-1,-1,-1
384,68,1020,230,28,26,1,-1,-1,-1
386,68,1018,229,31,29,1,-1,-1,-1
387,68,1018,230,31,26,1,-1,-1,-1
388,68,1013,232,33,25,1,-1,-1,-1
389,68,1012,231,33,25,1,-1,-1,-1
390,68,1009,231,34,26,1,-1,-1,-1
391,68,990,234,48,28,1,-1,-1,-1
392,68,1007,232,33,28,1,-1,-1,-1
393,68,1006,233,32,28,1,-1,-1,-1
394,68,1004,233,33,27,1,-1,-1,-1
395,68,1000,232,37,28,1,-1,-1,-1
396,68,999,231,37,29,1,-1,-1,-1
397,68,998,232,37,28,1,-1,-1,-1
398,68,997,231,38,31,1,-1,-1,-1
399,68,995,232,38,30,1,-1,-1,-1
400,68,993,233,40,30,1,-1,-1,-1
401,68,992,232,39,31,1,-1,-1,-1
402,68,990,231,39,32,1,-1,-1,-1
403,68,989,231,38,32,1,-1,-1,-1
404,68,989,232,38,31,1,-1,-1,-1
405,68,988,234,38,30,1,-1,-1,-1
406,68,987,233,37,31,1,-1,-1,-1
407,68,979,233,45,35,1,-1,-1,-1
408,68,981,233,40,31,1,-1,-1,-1
409,68,977,233,42,31,1,-1,-1,-1
410,68,976,236,40,31,1,-1,-1,-1
411,68,974,237,41,31,1,-1,-1,-1
412,68,972,236,43,33,1,-1,-1,-1
413,68,971,236,42,32,1,-1,-1,-1
414,68,968,236,43,32,1,-1,-1,-1
415,68,966,235,46,34,1,-1,-1,-1
416,68,965,236,44,33,1,-1,-1,-1
417,68,963,236,44,35,1,-1,-1,-1
418,68,960,237,46,37,1,-1,-1,-1
419,68,960,237,43,35,1,-1,-1,-1
420,68,957,240,45,34,1,-1,-1,-1
421,68,956,239,46,34,1,-1,-1,-1
422,68,954,240,46,35,1,-1,-1,-1
423,68,950,241,48,35,1,-1,-1,-1
424,68,949,239,48,36,1,-1,-1,-1
425,68,946,239,49,36,1,-1,-1,-1
426,68,945,240,48,37,1,-1,-1,-1
427,68,942,240,49,40,1,-1,-1,-1
428,68,940,242,48,38,1,-1,-1,-1
429,68,939,241,48,38,1,-1,-1,-1
430,68,939,241,44,39,1,-1,-1,-1
431,68,937,241,45,40,1,-1,-1,-1
432,68,933,240,48,39,1,-1,-1,-1
433,68,933,239,47,40,1,-1,-1,-1
434,68,926,240,52,39,1,-1,-1,-1
435,68,926,241,51,40,1,-1,-1,-1
436,68,925,242,49,43,1,-1,-1,-1
437,68,925,241,49,42,1,-1,-1,-1
438,68,924,243,47,39,1,-1,-1,-1
439,68,922,243,47,43,1,-1,-1,-1
440,68,918,244,48,42,1,-1,-1,-1
441,68,916,244,49,42,1,-1,-1,-1
442,68,916,244,48,41,1,-1,-1,-1
443,68,915,246,47,42,1,-1,-1,-1
444,68,913,246,49,41,1,-1,-1,-1
445,68,909,248,49,39,1,-1,-1,-1
446,68,907,248,50,40,1,-1,-1,-1
447,68,904,248,50,42,1,-1,-1,-1
448,68,903,251,49,38,1,-1,-1,-1
449,68,902,251,49,40,1,-1,-1,-1
450,68,900,253,49,39,1,-1,-1,-1
451,68,899,253,49,42,1,-1,-1,-1
452,68,896,253,52,42,1,-1,-1,-1
453,68,893,251,54,46,1,-1,-1,-1
454,68,892,252,54,46,1,-1,-1,-1
455,68,894,254,50,43,1,-1,-1,-1
456,68,888,253,52,43,1,-1,-1,-1
457,68,891,254,50,44,1,-1,-1,-1
472,68,866,259,57,36,1,-1,-1,-1
473,68,865,261,56,36,1,-1,-1,-1
474,68,862,264,69,59,1,-1,-1,-1
475,68,864,265,62,58,1,-1,-1,-1
476,68,864,262,62,62,1,-1,-1,-1
477,68,861,265,70,60,1,-1,-1,-1
478,68,861,266,64,61,1,-1,-1,-1
479,68,859,267,66,61,1,-1,-1,-1
480,68,858,266,69,63,1,-1,-1,-1
481,68,857,267,66,62,1,-1,-1,-1
482,68,857,268,69,63,1,-1,-1,-1
483,68,857,267,72,65,1,-1,-1,-1
484,68,857,268,68,64,1,-1,-1,-1
485,68,856,268,68,65,1,-1,-1,-1
486,68,857,269,69,64,1,-1,-1,-1
487,68,859,272,69,61,1,-1,-1,-1
488,68,857,269,72,65,1,-1,-1,-1
489,68,857,269,71,67,1,-1,-1,-1
490,68,857,270,69,66,1,-1,-1,-1
491,68,858,270,70,69,1,-1,-1,-1
492,68,857,271,72,71,1,-1,-1,-1
493,68,858,272,70,70,1,-1,-1,-1
494,68,858,273,69,69,1,-1,-1,-1
495,68,857,273,70,70,1,-1,-1,-1
496,68,857,274,71,69,1,-1,-1,-1
497,68,857,273,73,71,1,-1,-1,-1
498,68,857,274,71,71,1,-1,-1,-1
499,68,857,275,71,72,1,-1,-1,-1
500,68,857,276,71,75,1,-1,-1,-1
501,68,857,276,72,75,1,-1,-1,-1
502,68,856,276,75,76,1,-1,-1,-1
503,68,855,276,75,77,1,-1,-1,-1
504,68,855,277,73,76,1,-1,-1,-1
505,68,855,278,75,75,1,-1,-1,-1
506,68,854,278,73,77,1,-1,-1,-1
507,68,854,278,73,77,1,-1,-1,-1
508,68,852,280,75,75,1,-1,-1,-1
509,68,851,278,76,78,1,-1,-1,-1
510,68,851,281,75,76,1,-1,-1,-1
511,68,850,280,76,77,1,-1,-1,-1
512,68,849,281,79,76,1,-1,-1,-1
513,68,848,283,80,75,1,-1,-1,-1
514,68,845,281,84,80,1,-1,-1,-1
515,68,844,281,82,80,1,-1,-1,-1
516,68,842,279,85,82,1,-1,-1,-1
517,68,839,285,85,77,1,-1,-1,-1
518,68,837,284,86,80,1,-1,-1,-1
519,68,834,285,90,80,1,-1,-1,-1
520,68,832,289,89,77,1,-1,-1,-1
521,68,829,286,92,81,1,-1,-1,-1
522,68,827,288,90,80,1,-1,-1,-1
523,68,823,287,92,81,1,-1,-1,-1
524,68,821,286,100,83,1,-1,-1,-1
525,68,818,289,97,82,1,-1,-1,-1
526,68,815,290,100,82,1,-1,-1,-1
527,68,813,290,95,81,1,-1,-1,-1
528,68,809,290,103,83,1,-1,-1,-1
529,68,805,291,105,83,1,-1,-1,-1
530,68,803,290,113,85,1,-1,-1,-1
531,68,796,291,117,85,1,-1,-1,-1
532,68,790,291,122,86,1,-1,-1,-1
533,68,787,291,121,87,1,-1,-1,-1
534,68,786,290,124,88,1,-1,-1,-1
535,68,783,293,124,87,1,-1,-1,-1
536,68,778,294,124,86,1,-1,-1,-1
537,68,775,293,127,87,1,-1,-1,-1
538,68,772,294,128,87,1,-1,-1,-1
539,68,768,295,129,87,1,-1,-1,-1
540,68,765,294,131,92,1,-1,-1,-1
541,68,763,295,131,91,1,-1,-1,-1
542,68,760,297,131,90,1,-1,-1,-1
543,68,757,296,129,93,1,-1,-1,-1
544,68,754,296,130,83,1,-1,-1,-1
545,68,750,297,132,93,1,-1,-1,-1
546,68,745,298,135,94,1,-1,-1,-1
547,68,743,297,134,96,1,-1,-1,-1
548,68,739,299,135,96,1,-1,-1,-1
549,68,737,300,136,97,1,-1,-1,-1
550,68,734,300,135,97,1,-1,-1,-1
551,68,731,300,134,100,1,-1,-1,-1
552,68,728,300,136,100,1,-1,-1,-1
553,68,724,301,137,100,1,-1,-1,-1
554,68,720,301,139,101,1,-1,-1,-1
555,68,718,302,140,100,1,-1,-1,-1
556,68,715,304,139,101,1,-1,-1,-1
557,68,713,304,138,101,1,-1,-1,-1
558,68,710,304,138,102,1,-1,-1,-1
559,68,707,305,139,102,1,-1,-1,-1
560,68,704,304,141,103,1,-1,-1,-1
561,68,702,306,141,104,1,-1,-1,-1
562,68,699,306,140,105,1,-1,-1,-1
563,68,697,306,140,106,1,-1,-1,-1
564,68,693,307,142,105,1,-1,-1,-1
565,68,690,308,143,105,1,-1,-1,-1
566,68,687,309,145,106,1,-1,-1,-1
567,68,684,311,146,105,1,-1,-1,-1
568,68,682,309,147,108,1,-1,-1,-1
569,68,678,309,149,108,1,-1,-1,-1
570,68,675,309,148,110,1,-1,-1,-1
571,68,671,308,151,111,1,-1,-1,-1
572,68,666,311,155,110,1,-1,-1,-1
573,68,664,314,155,108,1,-1,-1,-1
574,68,658,313,159,110,1,-1,-1,-1
575,68,654,312,161,111,1,-1,-1,-1
576,68,648,314,166,110,1,-1,-1,-1
577,68,643,316,168,109,1,-1,-1,-1
578,68,638,315,169,110,1,-1,-1,-1
579,68,630,316,174,110,1,-1,-1,-1
580,68,624,317,176,111,1,-1,-1,-1
581,68,617,319,179,111,1,-1,-1,-1
582,68,608,319,184,111,1,-1,-1,-1
583,68,600,319,187,112,1,-1,-1,-1
584,68,591,319,194,113,1,-1,-1,-1
585,68,580,322,200,114,1,-1,-1,-1
586,68,571,321,202,116,1,-1,-1,-1
587,68,561,320,205,119,1,-1,-1,-1
588,68,547,322,213,119,1,-1,-1,-1
589,68,535,323,216,119,1,-1,-1,-1
590,68,522,323,221,121,1,-1,-1,-1
591,68,507,325,230,119,1,-1,-1,-1
592,68,491,327,236,119,1,-1,-1,-1
593,68,474,329,244,120,1,-1,-1,-1
594,68,455,329,254,120,1,-1,-1,-1
595,68,439,331,255,120,1,-1,-1,-1
596,68,416,332,266,121,1,-1,-1,-1
597,68,396,335,274,120,1,-1,-1,-1
598,68,377,336,280,121,1,-1,-1,-1
599,68,353,336,285,122,1,-1,-1,-1
600,68,331,339,288,121,1,-1,-1,-1
601,68,306,341,297,123,1,-1,-1,-1
602,68,282,341,299,124,1,-1,-1,-1
603,68,256,342,306,125,1,-1,-1,-1
604,68,230,343,308,125,1,-1,-1,-1
605,68,203,345,311,125,1,-1,-1,-1
606,68,175,346,315,125,1,-1,-1,-1
607,68,150,346,312,128,1,-1,-1,-1
608,68,122,350,311,125,1,-1,-1,-1
609,68,95,350,309,127,1,-1,-1,-1
610,68,66,352,308,126,1,-1,-1,-1
611,68,37,354,307,127,1,-1,-1,-1
612,68,9,356,305,125,1,-1,-1,-1
613,68,0,357,284,125,1,-1,-1,-1
614,68,0,359,253,124,1,-1,-1,-1
615,68,0,360,222,117,1,-1,-1,-1
616,68,0,360,192,118,1,-1,-1,-1
617,68,0,362,160,118,1,-1,-1,-1
618,68,0,367,127,114,1,-1,-1,-1
619,68,0,364,95,117,1,-1,-1,-1
620,68,0,369,60,110,1,-1,-1,-1
401,71,1709,363,211,126,1,-1,-1,-1
402,71,1566,360,314,130,1,-1,-1,-1
403,71,1416,361,323,129,1,-1,-1,-1
404,71,1266,362,329,130,1,-1,-1,-1
405,71,1106,362,340,130,1,-1,-1,-1
406,71,953,363,333,131,1,-1,-1,-1
407,71,795,366,333,129,1,-1,-1,-1
408,71,640,366,331,132,1,-1,-1,-1
409,71,487,370,329,132,1,-1,-1,-1
410,71,338,372,324,134,1,-1,-1,-1
411,71,195,380,316,130,1,-1,-1,-1
412,71,57,382,307,130,1,-1,-1,-1
413,71,0,387,222,124,1,-1,-1,-1
414,71,0,388,87,126,1,-1,-1,-1
429,72,1856,378,64,59,1,-1,-1,-1
430,72,1810,360,108,74,1,-1,-1,-1
431,72,1764,350,155,83,1,-1,-1,-1
432,72,1718,348,201,85,1,-1,-1,-1
433,72,1677,347,240,86,1,-1,-1,-1
434,72,1631,346,265,84,1,-1,-1,-1
435,72,1591,343,268,86,1,-1,-1,-1
436,72,1554,340,260,86,1,-1,-1,-1
437,72,1516,339,255,86,1,-1,-1,-1
438,72,1480,336,250,87,1,-1,-1,-1
439,72,1447,334,243,84,1,-1,-1,-1
440,72,1415,333,238,82,1,-1,-1,-1
441,72,1390,329,225,83,1,-1,-1,-1
442,72,1362,327,220,82,1,-1,-1,-1
443,72,1338,324,211,82,1,-1,-1,-1
444,72,1311,323,210,80,1,-1,-1,-1
445,72,1293,320,196,80,1,-1,-1,-1
446,72,1275,319,187,77,1,-1,-1,-1
447,72,1260,317,172,74,1,-1,-1,-1
448,72,1240,315,170,73,1,-1,-1,-1
449,72,1228,310,160,77,1,-1,-1,-1
450,72,1214,308,152,75,1,-1,-1,-1
451,72,1203,307,145,73,1,-1,-1,-1
452,72,1195,306,136,72,1,-1,-1,-1
453,72,1185,302,130,71,1,-1,-1,-1
454,72,1176,300,125,70,1,-1,-1,-1
455,72,1165,300,129,69,1,-1,-1,-1
456,72,1162,299,112,66,1,-1,-1,-1
457,72,1153,297,109,66,1,-1,-1,-1
458,72,1147,296,105,64,1,-1,-1,-1
459,72,1142,294,100,64,1,-1,-1,-1
460,72,1135,292,97,62,1,-1,-1,-1
461,72,1128,289,96,62,1,-1,-1,-1
462,72,1123,289,93,60,1,-1,-1,-1
463,72,1120,288,88,59,1,-1,-1,-1
464,72,1113,284,90,59,1,-1,-1,-1
465,72,1109,285,87,56,1,-1,-1,-1
466,72,1107,282,84,57,1,-1,-1,-1
467,72,1104,281,82,57,1,-1,-1,-1
468,72,1103,280,75,55,1,-1,-1,-1
469,72,1101,278,73,55,1,-1,-1,-1
470,72,1099,277,72,54,1,-1,-1,-1
471,72,1096,276,71,52,1,-1,-1,-1
472,72,1093,275,70,52,1,-1,-1,-1
473,72,1092,274,67,51,1,-1,-1,-1
474,72,1090,272,65,52,1,-1,-1,-1
475,72,1090,271,63,52,1,-1,-1,-1
476,72,1086,270,65,50,1,-1,-1,-1
477,72,1086,269,62,50,1,-1,-1,-1
478,72,1084,269,60,48,1,-1,-1,-1
479,72,1084,269,60,46,1,-1,-1,-1
480,72,1082,268,60,47,1,-1,-1,-1
481,72,1082,266,57,46,1,-1,-1,-1
482,72,1081,265,56,46,1,-1,-1,-1
483,72,1081,264,53,43,1,-1,-1,-1
484,72,1080,263,54,45,1,-1,-1,-1
485,72,1078,263,54,43,1,-1,-1,-1
486,72,1079,262,53,42,1,-1,-1,-1
487,72,1077,263,54,40,1,-1,-1,-1
488,72,1077,262,52,40,1,-1,-1,-1
489,72,1077,259,51,41,1,-1,-1,-1
490,72,1075,259,52,40,1,-1,-1,-1
491,72,1076,258,50,39,1,-1,-1,-1
492,72,1075,258,52,38,1,-1,-1,-1
493,72,1075,255,49,40,1,-1,-1,-1
494,72,1075,255,49,39,1,-1,-1,-1
495,72,1075,253,49,39,1,-1,-1,-1
496,72,1074,250,48,41,1,-1,-1,-1
497,72,1074,250,48,39,1,-1,-1,-1
498,72,1074,249,49,40,1,-1,-1,-1
499,72,1076,249,47,39,1,-1,-1,-1
500,72,1075,247,46,39,1,-1,-1,-1
501,72,1076,248,45,38,1,-1,-1,-1
502,72,1077,245,44,40,1,-1,-1,-1
503,72,1078,247,43,35,1,-1,-1,-1
504,72,1079,248,42,33,1,-1,-1,-1
505,72,1079,245,41,37,1,-1,-1,-1
506,72,1078,244,43,37,1,-1,-1,-1
507,72,1079,245,42,34,1,-1,-1,-1
508,72,1080,248,41,32,1,-1,-1,-1
509,72,1079,247,42,31,1,-1,-1,-1
510,72,1079,244,41,34,1,-1,-1,-1
511,72,1079,245,40,32,1,-1,-1,-1
512,72,1080,245,40,31,1,-1,-1,-1
513,72,1079,245,41,31,1,-1,-1,-1
514,72,1082,243,39,31,1,-1,-1,-1
515,72,1083,242,37,31,1,-1,-1,-1
516,72,1084,242,36,30,1,-1,-1,-1
517,72,1085,244,36,27,1,-1,-1,-1
518,72,1084,244,37,26,1,-1,-1,-1
519,72,1086,241,36,29,1,-1,-1,-1
520,72,1085,241,36,30,1,-1,-1,-1
521,72,1084,240,36,29,1,-1,-1,-1
522,72,1083,241,37,27,1,-1,-1,-1
523,72,1084,240,37,27,1,-1,-1,-1
524,72,1086,241,36,26,1,-1,-1,-1
525,72,1086,239,35,27,1,-1,-1,-1
526,72,1087,238,35,27,1,-1,-1,-1
527,72,1087,237,34,28,1,-1,-1,-1
528,72,1088,238,34,28,1,-1,-1,-1
529,72,1086,238,33,27,1,-1,-1,-1
530,72,1088,237,33,26,1,-1,-1,-1
531,72,1089,237,34,25,1,-1,-1,-1
532,72,1089,237,33,25,1,-1,-1,-1
533,72,1091,237,31,25,1,-1,-1,-1
534,72,1091,235,30,26,1,-1,-1,-1
535,72,1090,233,30,27,1,-1,-1,-1
536,72,1090,233,31,26,1,-1,-1,-1
537,72,1090,232,31,26,1,-1,-1,-1
538,72,1091,235,31,24,1,-1,-1,-1
539,72,1092,235,31,24,1,-1,-1,-1
540,72,1091,236,31,24,1,-1,-1,-1
544,72,1092,232,29,24,1,-1,-1,-1
545,72,1093,232,28,24,1,-1,-1,-1
546,72,1092,232,30,25,1,-1,-1,-1
547,72,1091,231,30,24,1,-1,-1,-1
548,72,1091,231,30,24,1,-1,-1,-1
549,72,1091,231,29,24,1,-1,-1,-1
550,72,1089,229,32,24,1,-1,-1,-1
551,72,1089,230,33,24,1,-1,-1,-1
552,72,1090,229,32,23,1,-1,-1,-1
556,72,1094,220,30,29,1,-1,-1,-1
557,72,1095,221,28,29,1,-1,-1,-1
558,72,1095,220,29,29,1,-1,-1,-1
559,72,1095,219,29,30,1,-1,-1,-1
560,72,1097,222,27,27,1,-1,-1,-1
567,72,1098,223,25,24,1,-1,-1,-1
568,72,1099,223,26,24,1,-1,-1,-1
445,73,0,541,244,243,1,-1,-1,-1
446,73,1,528,521,258,1,-1,-1,-1
447,73,179,528,637,258,1,-1,-1,-1
448,73,462,520,653,265,1,-1,-1,-1
449,73,762,515,655,268,1,-1,-1,-1
450,73,1063,513,647,266,1,-1,-1,-1
451,73,1366,511,554,262,1,-1,-1,-1
452,73,1653,504,266,261,1,-1,-1,-1
452,74,1027,222,30,22,1,-1,-1,-1
453,74,1027,222,31,23,1,-1,-1,-1
454,74,1025,222,30,23,1,-1,-1,-1
455,74,1025,221,30,23,1,-1,-1,-1
456,74,1024,222,31,23,1,-1,-1,-1
457,74,1023,222,30,23,1,-1,-1,-1
458,74,1023,222,29,23,1,-1,-1,-1
459,74,1022,223,31,23,1,-1,-1,-1
460,74,1020,224,33,23,1,-1,-1,-1
461,74,1020,223,31,23,1,-1,-1,-1
462,74,1020,223,30,24,1,-1,-1,-1
463,74,1019,223,30,25,1,-1,-1,-1
464,74,1017,224,31,24,1,-1,-1,-1
465,74,1017,224,31,24,1,-1,-1,-1
466,74,1015,225,30,24,1,-1,-1,-1
467,74,1014,225,31,24,1,-1,-1,-1
468,74,1013,225,32,24,1,-1,-1,-1
469,74,1011,225,34,25,1,-1,-1,-1
470,74,1011,225,30,26,1,-1,-1,-1
471,74,1010,225,32,25,1,-1,-1,-1
472,74,1008,225,33,26,1,-1,-1,-1
473,74,1007,226,33,25,1,-1,-1,-1
474,74,1007,227,31,26,1,-1,-1,-1
475,74,1007,228,30,26,1,-1,-1,-1
476,74,1005,227,30,27,1,-1,-1,-1
477,74,1005,227,29,28,1,-1,-1,-1
478,74,1005,227,29,27,1,-1,-1,-1
479,74,1003,227,30,27,1,-1,-1,-1
480,74,1002,226,31,29,1,-1,-1,-1
481,74,998,227,35,28,1,-1,-1,-1
482,74,995,227,36,30,1,-1,-1,-1
483,74,995,227,36,29,1,-1,-1,-1
484,74,993,227,37,30,1,-1,-1,-1
485,74,992,226,36,31,1,-1,-1,-1
486,74,992,226,34,31,1,-1,-1,-1
487,74,990,227,35,30,1,-1,-1,-1
488,74,989,227,36,30,1,-1,-1,-1
489,74,987,228,37,30,1,-1,-1,-1
490,74,986,228,36,29,1,-1,-1,-1
491,74,985,229,37,29,1,-1,-1,-1
492,74,983,228,38,31,1,-1,-1,-1
493,74,982,231,36,27,1,-1,-1,-1
494,74,981,231,36,29,1,-1,-1,-1
495,74,979,230,39,31,1,-1,-1,-1
496,74,977,229,38,32,1,-1,-1,-1
497,74,975,229,40,33,1,-1,-1,-1
498,74,972,230,41,33,1,-1,-1,-1
499,74,972,229,41,34,1,-1,-1,-1
500,74,970,231,41,33,1,-1,-1,-1
501,74,969,231,41,33,1,-1,-1,-1
502,74,966,231,42,34,1,-1,-1,-1
503,74,967,231,40,34,1,-1,-1,-1
504,74,965,232,41,35,1,-1,-1,-1
505,74,962,231,42,36,1,-1,-1,-1
506,74,961,231,43,38,1,-1,-1,-1
507,74,960,232,42,37,1,-1,-1,-1
508,74,959,232,41,37,1,-1,-1,-1
509,74,956,234,43,36,1,-1,-1,-1
510,74,952,236,46,35,1,-1,-1,-1
511,74,950,235,47,36,1,-1,-1,-1
512,74,947,234,48,38,1,-1,-1,-1
513,74,947,234,47,38,1,-1,-1,-1
514,74,945,235,48,38,1,-1,-1,-1
515,74,944,235,47,39,1,-1,-1,-1
516,74,943,236,47,39,1,-1,-1,-1
517,74,941,237,47,38,1,-1,-1,-1
518,74,939,237,46,39,1,-1,-1,-1
519,74,936,238,48,39,1,-1,-1,-1
520,74,934,238,48,39,1,-1,-1,-1
521,74,932,237,49,39,1,-1,-1,-1
522,74,931,240,49,38,1,-1,-1,-1
523,74,929,239,49,39,1,-1,-1,-1
524,74,927,238,49,42,1,-1,-1,-1
525,74,925,237,49,42,1,-1,-1,-1
526,74,923,237,50,43,1,-1,-1,-1
527,74,922,239,50,44,1,-1,-1,-1
528,74,918,239,54,45,1,-1,-1,-1
529,74,916,239,53,45,1,-1,-1,-1
530,74,916,240,51,45,1,-1,-1,-1
531,74,912,240,52,47,1,-1,-1,-1
532,74,911,241,53,46,1,-1,-1,-1
533,74,910,241,51,46,1,-1,-1,-1
534,74,908,243,55,45,1,-1,-1,-1
535,74,906,243,54,45,1,-1,-1,-1
536,74,904,244,55,45,1,-1,-1,-1
537,74,902,244,56,46,1,-1,-1,-1
538,74,901,244,55,46,1,-1,-1,-1
539,74,898,243,57,49,1,-1,-1,-1
540,74,896,243,56,50,1,-1,-1,-1
541,74,895,242,57,52,1,-1,-1,-1
542,74,894,243,57,53,1,-1,-1,-1
543,74,894,243,57,53,1,-1,-1,-1
544,74,892,244,59,52,1,-1,-1,-1
545,74,891,245,59,51,1,-1,-1,-1
546,74,889,246,59,52,1,-1,-1,-1
547,74,887,247,60,52,1,-1,-1,-1
548,74,887,247,60,52,1,-1,-1,-1
549,74,887,247,60,52,1,-1,-1,-1
550,74,885,249,58,52,1,-1,-1,-1
551,74,883,249,61,53,1,-1,-1,-1
552,74,883,248,63,55,1,-1,-1,-1
553,74,882,250,62,54,1,-1,-1,-1
554,74,881,250,58,54,1,-1,-1,-1
555,74,880,251,59,54,1,-1,-1,-1
556,74,878,250,61,56,1,-1,-1,-1
557,74,877,251,62,57,1,-1,-1,-1
558,74,875,252,62,55,1,-1,-1,-1
559,74,874,251,64,58,1,-1,-1,-1
560,74,873,251,65,58,1,-1,-1,-1
561,74,873,251,66,59,1,-1,-1,-1
562,74,871,252,67,59,1,-1,-1,-1
563,74,870,255,68,57,1,-1,-1,-1
564,74,870,255,66,58,1,-1,-1,-1
565,74,870,250,70,64,1,-1,-1,-1
566,74,869,252,72,64,1,-1,-1,-1
567,74,868,253,73,65,1,-1,-1,-1
568,74,868,255,72,63,1,-1,-1,-1
569,74,868,254,72,65,1,-1,-1,-1
570,74,865,254,75,66,1,-1,-1,-1
571,74,864,254,75,67,1,-1,-1,-1
572,74,865,254,73,68,1,-1,-1,-1
573,74,865,257,72,67,1,-1,-1,-1
574,74,863,257,73,67,1,-1,-1,-1
575,74,862,256,72,70,1,-1,-1,-1
576,74,861,259,74,69,1,-1,-1,-1
577,74,861,260,74,70,1,-1,-1,-1
578,74,861,260,73,71,1,-1,-1,-1
579,74,861,261,74,72,1,-1,-1,-1
580,74,861,262,75,72,1,-1,-1,-1
581,74,860,262,76,75,1,-1,-1,-1
582,74,860,262,77,76,1,-1,-1,-1
583,74,860,263,76,76,1,-1,-1,-1
584,74,860,263,76,78,1,-1,-1,-1
585,74,859,263,79,79,1,-1,-1,-1
586,74,860,263,77,80,1,-1,-1,-1
587,74,860,265,77,79,1,-1,-1,-1
588,74,859,264,80,81,1,-1,-1,-1
589,74,858,263,78,83,1,-1,-1,-1
590,74,858,268,80,80,1,-1,-1,-1
591,74,859,269,82,79,1,-1,-1,-1
592,74,858,267,79,84,1,-1,-1,-1
593,74,857,269,88,82,1,-1,-1,-1
594,74,860,270,85,84,1,-1,-1,-1
595,74,860,273,94,83,1,-1,-1,-1
596,74,860,272,91,83,1,-1,-1,-1
597,74,861,274,84,83,1,-1,-1,-1
598,74,861,277,86,80,1,-1,-1,-1
599,74,862,276,93,82,1,-1,-1,-1
600,74,862,274,91,81,1,-1,-1,-1
601,74,862,274,89,77,1,-1,-1,-1
602,74,862,274,88,76,1,-1,-1,-1
603,74,860,274,86,70,1,-1,-1,-1
604,74,861,275,86,66,1,-1,-1,-1
605,74,862,274,86,79,1,-1,-1,-1
606,74,862,275,89,87,1,-1,-1,-1
607,74,863,279,89,85,1,-1,-1,-1
608,74,863,280,90,85,1,-1,-1,-1
609,74,864,279,89,87,1,-1,-1,-1
610,74,864,279,90,84,1,-1,-1,-1
611,74,865,277,87,89,1,-1,-1,-1
612,74,865,280,88,85,1,-1,-1,-1
613,74,865,280,88,86,1,-1,-1,-1
614,74,864,279,89,84,1,-1,-1,-1
615,74,865,280,88,86,1,-1,-1,-1
616,74,865,280,89,86,1,-1,-1,-1
617,74,863,278,90,87,1,-1,-1,-1
618,74,863,280,90,86,1,-1,-1,-1
619,74,863,282,89,85,1,-1,-1,-1
620,74,864,284,90,84,1,-1,-1,-1
621,74,864,285,89,84,1,-1,-1,-1
622,74,863,285,90,84,1,-1,-1,-1
623,74,864,285,91,85,1,-1,-1,-1
624,74,865,285,91,85,1,-1,-1,-1
625,74,866,285,90,87,1,-1,-1,-1
626,74,865,283,91,88,1,-1,-1,-1
627,74,865,284,91,88,1,-1,-1,-1
628,74,864,284,91,86,1,-1,-1,-1
629,74,865,285,91,86,1,-1,-1,-1
630,74,869,285,91,89,1,-1,-1,-1
631,74,870,286,91,89,1,-1,-1,-1
632,74,871,286,92,91,1,-1,-1,-1
633,74,871,288,89,89,1,-1,-1,-1
634,74,871,288,91,90,1,-1,-1,-1
635,74,870,287,94,90,1,-1,-1,-1
636,74,871,287,93,90,1,-1,-1,-1
637,74,871,286,98,91,1,-1,-1,-1
638,74,871,291,92,88,1,-1,-1,-1
639,74,874,287,94,92,1,-1,-1,-1
640,74,873,287,97,93,1,-1,-1,-1
641,74,873,287,94,94,1,-1,-1,-1
642,74,869,286,101,88,1,-1,-1,-1
643,74,872,287,101,89,1,-1,-1,-1
644,74,875,288,98,95,1,-1,-1,-1
645,74,876,289,98,96,1,-1,-1,-1
646,74,877,288,98,99,1,-1,-1,-1
647,74,879,289,98,99,1,-1,-1,-1
648,74,879,291,99,99,1,-1,-1,-1
649,74,880,294,99,97,1,-1,-1,-1
650,74,880,292,107,100,1,-1,-1,-1
651,74,881,292,108,101,1,-1,-1,-1
652,74,884,296,114,100,1,-1,-1,-1
653,74,884,295,118,101,1,-1,-1,-1
654,74,885,295,114,104,1,-1,-1,-1
655,74,885,298,123,101,1,-1,-1,-1
656,74,888,298,122,104,1,-1,-1,-1
657,74,888,297,124,107,1,-1,-1,-1
658,74,888,299,131,107,1,-1,-1,-1
659,74,889,301,126,107,1,-1,-1,-1
660,74,894,301,135,111,1,-1,-1,-1
661,74,895,303,130,111,1,-1,-1,-1
662,74,898,303,133,113,1,-1,-1,-1
663,74,903,306,134,113,1,-1,-1,-1
664,74,903,306,138,116,1,-1,-1,-1
665,74,904,308,140,117,1,-1,-1,-1
666,74,911,309,140,118,1,-1,-1,-1
667,74,912,311,147,120,1,-1,-1,-1
668,74,917,312,145,123,1,-1,-1,-1
669,74,918,313,148,126,1,-1,-1,-1
670,74,921,315,158,128,1,-1,-1,-1
671,74,922,316,163,131,1,-1,-1,-1
672,74,928,317,161,133,1,-1,-1,-1
673,74,933,316,162,137,1,-1,-1,-1
674,74,936,319,167,143,1,-1,-1,-1
675,74,940,320,172,143,1,-1,-1,-1
676,74,944,322,177,148,1,-1,-1,-1
677,74,949,326,184,148,1,-1,-1,-1
678,74,955,330,186,148,1,-1,-1,-1
679,74,962,332,189,155,1,-1,-1,-1
680,74,970,333,193,160,1,-1,-1,-1
681,74,974,333,201,167,1,-1,-1,-1
682,74,982,340,208,169,1,-1,-1,-1
683,74,989,347,215,169,1,-1,-1,-1
684,74,995,353,226,171,1,-1,-1,-1
685,74,1003,355,232,180,1,-1,-1,-1
686,74,1016,358,238,184,1,-1,-1,-1
687,74,1023,362,250,192,1,-1,-1,-1
688,74,1036,366,257,198,1,-1,-1,-1
689,74,1051,371,264,207,1,-1,-1,-1
690,74,1060,381,279,209,1,-1,-1,-1
691,74,1071,387,295,218,1,-1,-1,-1
692,74,1089,392,302,229,1,-1,-1,-1
693,74,1104,400,315,237,1,-1,-1,-1
694,74,1118,409,333,246,1,-1,-1,-1
695,74,1139,420,345,253,1,-1,-1,-1
696,74,1157,428,364,263,1,-1,-1,-1
697,74,1177,441,381,272,1,-1,-1,-1
698,74,1201,449,397,287,1,-1,-1,-1
699,74,1225,466,413,296,1,-1,-1,-1
700,74,1248,477,437,310,1,-1,-1,-1
701,74,1276,493,459,320,1,-1,-1,-1
702,74,1305,505,484,337,1,-1,-1,-1
703,74,1336,522,512,351,1,-1,-1,-1
704,74,1369,540,542,368,1,-1,-1,-1
705,74,1407,560,513,385,1,-1,-1,-1
706,74,1448,580,470,406,1,-1,-1,-1
707,74,1492,597,426,432,1,-1,-1,-1
708,74,1541,618,377,459,1,-1,-1,-1
709,74,1593,649,325,420,1,-1,-1,-1
710,74,1651,686,267,361,1,-1,-1,-1
711,74,1717,722,201,325,1,-1,-1,-1
712,74,1788,767,130,310,1,-1,-1,-1
462,76,1754,382,165,104,1,-1,-1,-1
463,76,1625,383,292,103,1,-1,-1,-1
464,76,1491,382,313,103,1,-1,-1,-1
465,76,1352,380,321,106,1,-1,-1,-1
466,76,1213,380,324,106,1,-1,-1,-1
467,76,1071,380,327,108,1,-1,-1,-1
468,76,928,382,327,107,1,-1,-1,-1
469,76,785,385,328,106,1,-1,-1,-1
470,76,642,385,326,108,1,-1,-1,-1
471,76,507,389,316,108,1,-1,-1,-1
472,76,367,394,319,106,1,-1,-1,-1
473,76,235,397,311,104,1,-1,-1,-1
474,76,106,401,309,105,1,-1,-1,-1
475,76,0,406,280,103,1,-1,-1,-1
476,76,0,406,154,101,1,-1,-1,-1
484,79,1050,224,28,25,1,-1,-1,-1
485,79,1050,224,27,25,1,-1,-1,-1
486,79,1050,224,27,25,1,-1,-1,-1
487,79,1048,224,27,24,1,-1,-1,-1
488,79,1047,223,27,24,1,-1,-1,-1
492,79,1044,225,28,25,1,-1,-1,-1
493,79,1045,223,26,25,1,-1,-1,-1
494,79,1044,224,26,25,1,-1,-1,-1
495,79,1043,225,26,25,1,-1,-1,-1
496,79,1043,226,26,25,1,-1,-1,-1
497,79,1041,226,27,25,1,-1,-1,-1
498,79,1040,226,27,25,1,-1,-1,-1
499,79,1040,225,25,26,1,-1,-1,-1
500,79,1039,224,26,27,1,-1,-1,-1
501,79,1037,225,28,26,1,-1,-1,-1
502,79,1035,225,29,26,1,-1,-1,-1
503,79,1034,229,28,25,1,-1,-1,-1
504,79,1033,229,30,25,1,-1,-1,-1
505,79,1031,229,30,24,1,-1,-1,-1
506,79,1029,230,30,24,1,-1,-1,-1
507,79,1027,230,29,25,1,-1,-1,-1
508,79,1026,229,30,25,1,-1,-1,-1
509,79,1026,229,27,26,1,-1,-1,-1
510,79,1021,229,31,26,1,-1,-1,-1
511,79,1022,229,29,27,1,-1,-1,-1
512,79,1021,230,29,26,1,-1,-1,-1
513,79,1018,231,30,25,1,-1,-1,-1
514,79,1016,231,30,25,1,-1,-1,-1
515,79,1015,231,30,25,1,-1,-1,-1
516,79,1010,230,33,26,1,-1,-1,-1
517,79,1010,230,33,27,1,-1,-1,-1
518,79,1007,232,33,27,1,-1,-1,-1
519,79,1005,233,33,26,1,-1,-1,-1
520,79,1003,232,33,28,1,-1,-1,-1
521,79,1001,231,35,29,1,-1,-1,-1
522,79,998,230,35,30,1,-1,-1,-1
523,79,997,231,37,31,1,-1,-1,-1
524,79,994,231,36,31,1,-1,-1,-1
525,79,992,233,36,29,1,-1,-1,-1
526,79,990,234,36,28,1,-1,-1,-1
527,79,986,233,37,30,1,-1,-1,-1
528,79,983,235,37,28,1,-1,-1,-1
529,79,980,235,37,28,1,-1,-1,-1
530,79,978,234,39,30,1,-1,-1,-1
531,79,976,237,39,29,1,-1,-1,-1
532,79,971,238,41,30,1,-1,-1,-1
533,79,969,239,40,30,1,-1,-1,-1
534,79,967,238,40,30,1,-1,-1,-1
535,79,966,238,39,32,1,-1,-1,-1
536,79,963,239,39,31,1,-1,-1,-1
537,79,960,239,39,33,1,-1,-1,-1
538,79,957,241,40,31,1,-1,-1,-1
539,79,952,239,44,32,1,-1,-1,-1
540,79,950,239,44,33,1,-1,-1,-1
541,79,945,239,46,34,1,-1,-1,-1
542,79,943,241,44,32,1,-1,-1,-1
543,79,942,240,42,33,1,-1,-1,-1
544,79,940,239,41,37,1,-1,-1,-1
545,79,938,239,41,38,1,-1,-1,-1
546,79,938,240,41,37,1,-1,-1,-1
547,79,937,242,39,32,1,-1,-1,-1
548,79,935,241,39,33,1,-1,-1,-1
549,79,934,241,39,37,1,-1,-1,-1
550,79,932,241,38,36,1,-1,-1,-1
551,79,930,242,37,36,1,-1,-1,-1
552,79,935,244,31,36,1,-1,-1,-1
553,79,930,245,36,36,1,-1,-1,-1
554,79,926,245,36,35,1,-1,-1,-1
555,79,926,245,36,34,1,-1,-1,-1
556,79,924,246,34,35,1,-1,-1,-1
557,79,923,248,34,35,1,-1,-1,-1
558,79,923,248,33,35,1,-1,-1,-1
559,79,924,248,30,36,1,-1,-1,-1
560,79,923,248,29,37,1,-1,-1,-1
485,80,1,524,325,248,1,-1,-1,-1
486,80,12,518,569,255,1,-1,-1,-1
487,80,265,516,593,258,1,-1,-1,-1
488,80,531,509,609,262,1,-1,-1,-1
489,80,812,502,606,268,1,-1,-1,-1
490,80,1096,499,595,266,1,-1,-1,-1
491,80,1372,499,548,259,1,-1,-1,-1
492,80,1637,493,281,262,1,-1,-1,-1
538,85,0,581,169,243,1,-1,-1,-1
539,85,0,552,272,346,1,-1,-1,-1
540,85,0,553,371,368,1,-1,-1,-1
541,85,1,556,478,391,1,-1,-1,-1
542,85,2,567,592,412,1,-1,-1,-1
543,85,0,577,712,436,1,-1,-1,-1
544,85,0,589,834,463,1,-1,-1,-1
545,85,68,606,899,471,1,-1,-1,-1
546,85,158,624,946,450,1,-1,-1,-1
547,85,251,641,1000,436,1,-1,-1,-1
548,85,354,664,1053,409,1,-1,-1,-1
549,85,453,692,1128,383,1,-1,-1,-1
550,85,560,720,1188,353,1,-1,-1,-1
551,85,685,755,1229,316,1,-1,-1,-1
552,85,810,797,1107,277,1,-1,-1,-1
553,85,947,843,973,231,1,-1,-1,-1
554,85,1114,892,802,181,1,-1,-1,-1
555,85,1294,955,622,121,1,-1,-1,-1
559,99,1043,220,30,25,1,-1,-1,-1
560,99,1041,222,30,24,1,-1,-1,-1
561,99,1040,222,28,24,1,-1,-1,-1
562,99,1040,222,26,24,1,-1,-1,-1
563,99,1040,222,24,24,1,-1,-1,-1
564,99,1039,222,25,24,1,-1,-1,-1
565,99,1038,222,25,25,1,-1,-1,-1
566,99,1038,223,26,24,1,-1,-1,-1
567,99,1037,223,27,24,1,-1,-1,-1
568,99,1036,223,27,24,1,-1,-1,-1
569,99,1035,223,28,24,1,-1,-1,-1
570,99,1033,224,27,24,1,-1,-1,-1
571,99,1033,224,29,24,1,-1,-1,-1
572,99,1034,224,27,24,1,-1,-1,-1
573,99,1033,224,26,23,1,-1,-1,-1
574,99,1030,224,26,23,1,-1,-1,-1
575,99,1028,225,30,24,1,-1,-1,-1
576,99,1026,227,32,24,1,-1,-1,-1
577,99,1026,226,27,25,1,-1,-1,-1
578,99,1025,226,30,25,1,-1,-1,-1
579,99,1024,226,27,26,1,-1,-1,-1
580,99,1022,226,29,25,1,-1,-1,-1
581,99,1022,227,27,26,1,-1,-1,-1
582,99,1022,226,27,27,1,-1,-1,-1
583,99,1019,227,28,27,1,-1,-1,-1
584,99,1018,228,29,27,1,-1,-1,-1
585,99,1016,228,29,27,1,-1,-1,-1
586,99,1015,227,29,28,1,-1,-1,-1
587,99,1012,228,32,26,1,-1,-1,-1
588,99,1011,229,32,26,1,-1,-1,-1
589,99,1008,230,32,26,1,-1,-1,-1
590,99,1007,231,32,27,1,-1,-1,-1
591,99,1007,230,31,27,1,-1,-1,-1
592,99,1006,230,32,27,1,-1,-1,-1
593,99,1004,230,32,28,1,-1,-1,-1
594,99,1003,229,32,29,1,-1,-1,-1
595,99,1001,229,33,30,1,-1,-1,-1
596,99,997,229,34,30,1,-1,-1,-1
597,99,995,229,34,31,1,-1,-1,-1
598,99,994,230,36,30,1,-1,-1,-1
599,99,994,230,34,30,1,-1,-1,-1
600,99,990,232,36,30,1,-1,-1,-1
601,99,988,231,35,31,1,-1,-1,-1
602,99,987,231,36,31,1,-1,-1,-1
603,99,985,234,35,27,1,-1,-1,-1
604,99,983,234,36,27,1,-1,-1,-1
605,99,982,234,34,27,1,-1,-1,-1
606,99,979,234,38,29,1,-1,-1,-1
607,99,977,233,38,32,1,-1,-1,-1
608,99,975,234,39,32,1,-1,-1,-1
609,99,972,236,40,30,1,-1,-1,-1
610,99,970,235,38,32,1,-1,-1,-1
611,99,968,235,39,33,1,-1,-1,-1
612,99,966,236,38,33,1,-1,-1,-1
613,99,963,235,41,35,1,-1,-1,-1
614,99,962,234,40,36,1,-1,-1,-1
615,99,960,235,39,36,1,-1,-1,-1
616,99,958,237,38,34,1,-1,-1,-1
617,99,955,238,42,34,1,-1,-1,-1
618,99,951,237,43,35,1,-1,-1,-1
619,99,948,237,45,35,1,-1,-1,-1
620,99,945,239,44,35,1,-1,-1,-1
621,99,942,238,43,37,1,-1,-1,-1
622,99,941,238,44,36,1,-1,-1,-1
623,99,940,239,45,37,1,-1,-1,-1
624,99,937,239,45,38,1,-1,-1,-1
625,99,935,243,43,34,1,-1,-1,-1
626,99,932,241,45,35,1,-1,-1,-1
627,99,929,242,47,36,1,-1,-1,-1
628,99,928,241,46,38,1,-1,-1,-1
629,99,923,242,50,39,1,-1,-1,-1
630,99,921,243,49,41,1,-1,-1,-1
631,99,919,245,50,40,1,-1,-1,-1
632,99,917,243,50,42,1,-1,-1,-1
633,99,913,245,52,41,1,-1,-1,-1
634,99,913,245,47,42,1,-1,-1,-1
635,99,910,247,48,39,1,-1,-1,-1
636,99,909,245,46,42,1,-1,-1,-1
637,99,906,245,48,43,1,-1,-1,-1
638,99,903,247,50,41,1,-1,-1,-1
639,99,899,246,51,41,1,-1,-1,-1
640,99,898,244,51,43,1,-1,-1,-1
641,99,896,245,52,42,1,-1,-1,-1
642,99,894,245,52,41,1,-1,-1,-1
643,99,893,246,52,43,1,-1,-1,-1
644,99,892,246,52,45,1,-1,-1,-1
645,99,890,250,52,39,1,-1,-1,-1
646,99,887,247,53,41,1,-1,-1,-1
647,99,884,249,56,42,1,-1,-1,-1
648,99,883,251,54,41,1,-1,-1,-1
649,99,880,251,56,42,1,-1,-1,-1
650,99,878,255,56,38,1,-1,-1,-1
651,99,875,253,59,43,1,-1,-1,-1
652,99,875,255,56,38,1,-1,-1,-1
653,99,873,254,58,43,1,-1,-1,-1
654,99,873,256,59,42,1,-1,-1,-1
655,99,874,258,57,40,1,-1,-1,-1
656,99,872,259,58,39,1,-1,-1,-1
657,99,869,260,61,39,1,-1,-1,-1
658,99,870,260,60,42,1,-1,-1,-1
659,99,870,260,60,39,1,-1,-1,-1
660,99,866,262,60,36,1,-1,-1,-1
661,99,867,262,61,35,1,-1,-1,-1
662,99,869,262,58,36,1,-1,-1,-1
665,99,865,264,64,44,1,-1,-1,-1
666,99,864,265,64,44,1,-1,-1,-1
667,99,863,266,66,44,1,-1,-1,-1
668,99,862,267,64,44,1,-1,-1,-1
669,99,866,268,62,36,1,-1,-1,-1
670,99,865,266,64,56,1,-1,-1,-1
671,99,863,268,64,54,1,-1,-1,-1
672,99,862,271,67,62,1,-1,-1,-1
673,99,862,274,68,71,1,-1,-1,-1
674,99,859,271,72,61,1,-1,-1,-1
675,99,860,271,73,65,1,-1,-1,-1
676,99,862,271,71,65,1,-1,-1,-1
677,99,863,272,71,65,1,-1,-1,-1
678,99,863,272,72,67,1,-1,-1,-1
679,99,866,273,71,68,1,-1,-1,-1
680,99,863,274,75,68,1,-1,-1,-1
681,99,864,275,75,69,1,-1,-1,-1
682,99,861,275,79,74,1,-1,-1,-1
683,99,861,275,80,75,1,-1,-1,-1
684,99,862,276,81,77,1,-1,-1,-1
685,99,863,277,81,76,1,-1,-1,-1
686,99,863,278,82,78,1,-1,-1,-1
687,99,864,278,82,78,1,-1,-1,-1
688,99,863,279,87,79,1,-1,-1,-1
689,99,864,280,87,80,1,-1,-1,-1
690,99,864,279,86,83,1,-1,-1,-1
691,99,866,280,88,85,1,-1,-1,-1
692,99,867,281,89,86,1,-1,-1,-1
693,99,866,284,92,86,1,-1,-1,-1
694,99,868,285,92,87,1,-1,-1,-1
695,99,870,289,93,86,1,-1,-1,-1
696,99,871,289,95,87,1,-1,-1,-1
697,99,872,290,96,88,1,-1,-1,-1
698,99,872,292,99,88,1,-1,-1,-1
699,99,874,295,100,88,1,-1,-1,-1
700,99,878,295,100,92,1,-1,-1,-1
701,99,878,297,103,93,1,-1,-1,-1
702,99,880,297,105,97,1,-1,-1,-1
703,99,882,298,108,98,1,-1,-1,-1
704,99,884,302,109,97,1,-1,-1,-1
705,99,887,303,110,99,1,-1,-1,-1
706,99,890,305,112,101,1,-1,-1,-1
707,99,893,308,113,102,1,-1,-1,-1
708,99,895,308,116,106,1,-1,-1,-1
709,99,897,314,120,104,1,-1,-1,-1
710,99,901,316,121,107,1,-1,-1,-1
711,99,903,317,128,111,1,-1,-1,-1
712,99,906,318,133,115,1,-1,-1,-1
713,99,909,320,135,119,1,-1,-1,-1
714,99,914,323,139,120,1,-1,-1,-1
715,99,918,327,140,122,1,-1,-1,-1
716,99,923,329,144,127,1,-1,-1,-1
717,99,927,335,150,129,1,-1,-1,-1
718,99,933,334,155,134,1,-1,-1,-1
719,99,936,340,163,137,1,-1,-1,-1
720,99,944,342,169,145,1,-1,-1,-1
721,99,952,352,172,143,1,-1,-1,-1
722,99,959,356,180,146,1,-1,-1,-1
723,99,969,359,184,154,1,-1,-1,-1
724,99,976,363,196,161,1,-1,-1,-1
725,99,983,365,207,170,1,-1,-1,-1
726,99,996,371,213,177,1,-1,-1,-1
727,99,1009,381,224,181,1,-1,-1,-1
728,99,1022,389,238,189,1,-1,-1,-1
729,99,1037,400,249,197,1,-1,-1,-1
730,99,1055,406,260,210,1,-1,-1,-1
731,99,1071,414,281,224,1,-1,-1,-1
732,99,1090,426,295,233,1,-1,-1,-1
733,99,1111,439,315,246,1,-1,-1,-1
734,99,1136,454,336,258,1,-1,-1,-1
735,99,1160,473,364,270,1,-1,-1,-1
736,99,1190,490,388,287,1,-1,-1,-1
737,99,1228,510,411,302,1,-1,-1,-1
738,99,1261,531,450,319,1,-1,-1,-1
739,99,1305,554,481,338,1,-1,-1,-1
740,99,1352,579,520,361,1,-1,-1,-1
741,99,1404,608,516,387,1,-1,-1,-1
742,99,1462,636,458,415,1,-1,-1,-1
743,99,1529,668,389,408,1,-1,-1,-1
744,99,1603,709,315,356,1,-1,-1,-1
745,99,1690,754,228,316,1,-1,-1,-1
598,100,853,271,53,51,1,-1,-1,-1
599,100,854,270,56,55,1,-1,-1,-1
600,100,853,270,60,55,1,-1,-1,-1
601,100,854,271,58,55,1,-1,-1,-1
602,100,853,274,54,57,1,-1,-1,-1
604,100,853,273,56,57,1,-1,-1,-1
606,100,852,273,54,61,1,-1,-1,-1
607,100,852,275,54,61,1,-1,-1,-1
608,100,852,274,54,61,1,-1,-1,-1
609,100,852,275,49,61,1,-1,-1,-1
610,100,850,274,55,63,1,-1,-1,-1
611,100,852,276,42,60,1,-1,-1,-1
612,100,852,277,52,60,1,-1,-1,-1
613,100,851,278,54,61,1,-1,-1,-1
614,100,851,279,54,61,1,-1,-1,-1
615,100,851,279,53,60,1,-1,-1,-1
616,100,852,278,56,62,1,-1,-1,-1
617,100,852,279,56,64,1,-1,-1,-1
618,100,853,278,60,65,1,-1,-1,-1
619,100,854,279,60,64,1,-1,-1,-1
620,100,853,280,58,64,1,-1,-1,-1
621,100,852,280,57,64,1,-1,-1,-1
622,100,851,280,61,65,1,-1,-1,-1
623,100,851,280,58,65,1,-1,-1,-1
624,100,851,280,59,66,1,-1,-1,-1
625,100,851,279,57,68,1,-1,-1,-1
626,100,851,280,54,68,1,-1,-1,-1
627,100,852,280,54,68,1,-1,-1,-1
628,100,852,281,58,67,1,-1,-1,-1
629,100,852,280,61,68,1,-1,-1,-1
630,100,852,281,60,68,1,-1,-1,-1
631,100,852,280,59,68,1,-1,-1,-1
632,100,852,281,58,69,1,-1,-1,-1
633,100,852,283,57,66,1,-1,-1,-1
634,100,852,284,57,66,1,-1,-1,-1
635,100,852,284,57,68,1,-1,-1,-1
636,100,851,284,59,68,1,-1,-1,-1
637,100,851,283,61,71,1,-1,-1,-1
638,100,852,286,56,69,1,-1,-1,-1
639,100,852,286,52,69,1,-1,-1,-1
640,100,851,286,52,70,1,-1,-1,-1
641,100,852,285,55,70,1,-1,-1,-1
642,100,852,285,55,71,1,-1,-1,-1
643,100,852,286,50,70,1,-1,-1,-1
644,100,853,286,52,70,1,-1,-1,-1
645,100,853,287,48,68,1,-1,-1,-1
646,100,852,286,59,70,1,-1,-1,-1
647,100,852,286,51,70,1,-1,-1,-1
648,100,852,287,50,70,1,-1,-1,-1
649,100,852,288,52,69,1,-1,-1,-1
650,100,851,287,51,70,1,-1,-1,-1
651,100,851,288,56,69,1,-1,-1,-1
652,100,852,283,80,74,1,-1,-1,-1
653,100,852,284,79,73,1,-1,-1,-1
654,100,851,284,78,74,1,-1,-1,-1
655,100,851,287,78,72,1,-1,-1,-1
656,100,851,288,67,71,1,-1,-1,-1
657,100,851,285,74,75,1,-1,-1,-1
658,100,851,281,78,79,1,-1,-1,-1
659,100,851,282,79,81,1,-1,-1,-1
660,100,852,292,75,71,1,-1,-1,-1
661,100,852,292,71,73,1,-1,-1,-1
662,100,853,292,72,75,1,-1,-1,-1
663,100,852,294,76,74,1,-1,-1,-1
664,100,851,294,77,76,1,-1,-1,-1
665,100,850,296,76,75,1,-1,-1,-1
666,100,848,299,78,74,1,-1,-1,-1
667,100,846,296,80,80,1,-1,-1,-1
668,100,842,297,82,80,1,-1,-1,-1
669,100,838,297,87,83,1,-1,-1,-1
670,100,833,300,93,81,1,-1,-1,-1
671,100,829,299,95,84,1,-1,-1,-1
672,100,820,300,101,83,1,-1,-1,-1
673,100,814,302,100,86,1,-1,-1,-1
674,100,807,301,117,88,1,-1,-1,-1
675,100,795,303,124,91,1,-1,-1,-1
676,100,783,302,131,93,1,-1,-1,-1
677,100,771,308,136,90,1,-1,-1,-1
678,100,755,308,144,95,1,-1,-1,-1
679,100,739,309,150,96,1,-1,-1,-1
680,100,721,310,159,99,1,-1,-1,-1
681,100,701,311,167,101,1,-1,-1,-1
682,100,680,314,174,101,1,-1,-1,-1
683,100,656,316,183,102,1,-1,-1,-1
684,100,627,318,194,105,1,-1,-1,-1
685,100,599,322,202,104,1,-1,-1,-1
686,100,567,324,213,105,1,-1,-1,-1
687,100,534,328,220,106,1,-1,-1,-1
688,100,497,332,231,106,1,-1,-1,-1
689,100,459,332,239,108,1,-1,-1,-1
690,100,417,336,249,109,1,-1,-1,-1
691,100,378,337,252,112,1,-1,-1,-1
692,100,333,343,259,110,1,-1,-1,-1
693,100,287,345,266,112,1,-1,-1,-1
694,100,241,346,269,114,1,-1,-1,-1
695,100,191,349,277,115,1,-1,-1,-1
696,100,140,352,277,119,1,-1,-1,-1
697,100,89,358,279,117,1,-1,-1,-1
698,100,36,361,283,116,1,-1,-1,-1
699,100,0,364,267,117,1,-1,-1,-1
700,100,0,367,213,113,1,-1,-1,-1
701,100,0,370,158,108,1,-1,-1,-1
702,100,0,375,103,106,1,-1,-1,-1
615,103,1301,241,55,35,1,-1,-1,-1
616,103,1301,241,56,35,1,-1,-1,-1
617,103,1301,241,56,35,1,-1,-1,-1
618,103,1301,241,56,35,1,-1,-1,-1
619,103,1301,241,58,35,1,-1,-1,-1
620,103,1301,241,58,35,1,-1,-1,-1
621,103,1301,242,54,34,1,-1,-1,-1
622,103,1301,243,52,33,1,-1,-1,-1
623,103,1299,239,104,38,1,-1,-1,-1
624,103,1297,239,105,38,1,-1,-1,-1
625,103,1297,239,105,38,1,-1,-1,-1
626,103,1297,239,105,38,1,-1,-1,-1
627,103,1298,239,105,38,1,-1,-1,-1
628,103,1298,238,104,39,1,-1,-1,-1
629,103,1298,238,104,39,1,-1,-1,-1
630,103,1298,238,104,39,1,-1,-1,-1
631,103,1298,237,103,39,1,-1,-1,-1
632,103,1298,237,103,40,1,-1,-1,-1
633,103,1303,238,99,40,1,-1,-1,-1
634,103,1303,238,99,39,1,-1,-1,-1
635,103,1303,238,100,39,1,-1,-1,-1
636,103,1302,238,101,39,1,-1,-1,-1
637,103,1307,239,95,38,1,-1,-1,-1
638,103,1301,240,61,36,1,-1,-1,-1
639,103,1301,241,56,35,1,-1,-1,-1
640,103,1301,241,61,35,1,-1,-1,-1
641,103,1301,241,63,34,1,-1,-1,-1
642,103,1301,240,66,35,1,-1,-1,-1
643,103,1302,241,55,34,1,-1,-1,-1
644,103,1302,240,58,36,1,-1,-1,-1
645,103,1302,238,59,38,1,-1,-1,-1
646,103,1302,238,56,39,1,-1,-1,-1
647,103,1302,238,53,38,1,-1,-1,-1
619,104,1879,475,40,96,1,-1,-1,-1
620,104,1840,463,79,101,1,-1,-1,-1
621,104,1801,434,118,128,1,-1,-1,-1
622,104,1766,420,154,152,1,-1,-1,-1
623,104,1729,416,190,144,1,-1,-1,-1
624,104,1695,406,224,140,1,-1,-1,-1
625,104,1660,397,259,137,1,-1,-1,-1
626,104,1632,390,267,131,1,-1,-1,-1
627,104,1603,383,256,127,1,-1,-1,-1
628,104,1569,378,253,122,1,-1,-1,-1
629,104,1543,368,241,122,1,-1,-1,-1
630,104,1517,364,233,117,1,-1,-1,-1
631,104,1493,361,226,111,1,-1,-1,-1
632,104,1468,354,216,112,1,-1,-1,-1
633,104,1445,349,208,108,1,-1,-1,-1
634,104,1425,344,201,105,1,-1,-1,-1
635,104,1404,340,193,101,1,-1,-1,-1
636,104,1384,337,187,98,1,-1,-1,-1
637,104,1365,333,182,96,1,-1,-1,-1
638,104,1347,331,177,93,1,-1,-1,-1
639,104,1331,329,169,89,1,-1,-1,-1
640,104,1314,323,165,90,1,-1,-1,-1
641,104,1298,320,158,88,1,-1,-1,-1
642,104,1286,319,151,83,1,-1,-1,-1
643,104,1271,316,147,82,1,-1,-1,-1
644,104,1259,313,142,81,1,-1,-1,-1
645,104,1245,308,140,81,1,-1,-1,-1
646,104,1233,308,133,77,1,-1,-1,-1
647,104,1223,306,129,74,1,-1,-1,-1
648,104,1212,301,125,77,1,-1,-1,-1
649,104,1202,299,120,74,1,-1,-1,-1
650,104,1194,297,116,74,1,-1,-1,-1
651,104,1182,296,115,71,1,-1,-1,-1
652,104,1174,294,117,69,1,-1,-1,-1
653,104,1168,294,106,66,1,-1,-1,-1
654,104,1161,292,101,64,1,-1,-1,-1
655,104,1155,288,98,64,1,-1,-1,-1
656,104,1149,288,94,62,1,-1,-1,-1
657,104,1141,286,95,60,1,-1,-1,-1
658,104,1132,282,94,61,1,-1,-1,-1
659,104,1126,280,90,60,1,-1,-1,-1
660,104,1121,279,86,59,1,-1,-1,-1
661,104,1118,277,82,60,1,-1,-1,-1
662,104,1110,277,84,57,1,-1,-1,-1
663,104,1107,275,81,55,1,-1,-1,-1
664,104,1104,274,79,55,1,-1,-1,-1
665,104,1099,273,77,54,1,-1,-1,-1
666,104,1098,274,75,49,1,-1,-1,-1
667,104,1093,270,73,54,1,-1,-1,-1
668,104,1091,270,71,51,1,-1,-1,-1
669,104,1087,268,71,51,1,-1,-1,-1
670,104,1086,267,68,49,1,-1,-1,-1
671,104,1083,268,67,47,1,-1,-1,-1
672,104,1082,266,64,47,1,-1,-1,-1
673,104,1079,265,64,47,1,-1,-1,-1
674,104,1079,263,62,47,1,-1,-1,-1
675,104,1079,264,60,44,1,-1,-1,-1
676,104,1078,264,59,43,1,-1,-1,-1
677,104,1079,263,55,41,1,-1,-1,-1
678,104,1077,261,55,42,1,-1,-1,-1
679,104,1076,260,54,41,1,-1,-1,-1
680,104,1076,260,53,40,1,-1,-1,-1
681,104,1076,259,53,38,1,-1,-1,-1
682,104,1075,258,51,39,1,-1,-1,-1
683,104,1075,257,51,39,1,-1,-1,-1
684,104,1074,255,52,40,1,-1,-1,-1
685,104,1075,255,50,40,1,-1,-1,-1
686,104,1075,253,48,39,1,-1,-1,-1
687,104,1075,253,47,38,1,-1,-1,-1
688,104,1074,253,48,36,1,-1,-1,-1
689,104,1075,254,46,35,1,-1,-1,-1
690,104,1074,253,47,33,1,-1,-1,-1
691,104,1075,251,47,34,1,-1,-1,-1
692,104,1074,251,47,34,1,-1,-1,-1
693,104,1075,250,45,33,1,-1,-1,-1
694,104,1076,251,45,30,1,-1,-1,-1
695,104,1077,251,44,31,1,-1,-1,-1
696,104,1076,251,45,29,1,-1,-1,-1
697,104,1078,251,43,29,1,-1,-1,-1
698,104,1078,249,42,30,1,-1,-1,-1
699,104,1078,248,42,28,1,-1,-1,-1
700,104,1077,248,43,29,1,-1,-1,-1
701,104,1079,247,41,29,1,-1,-1,-1
702,104,1079,247,40,29,1,-1,-1,-1
703,104,1080,246,39,29,1,-1,-1,-1
704,104,1082,246,39,27,1,-1,-1,-1
705,104,1082,246,39,27,1,-1,-1,-1
706,104,1081,244,39,27,1,-1,-1,-1
707,104,1082,244,38,28,1,-1,-1,-1
708,104,1085,243,36,27,1,-1,-1,-1
709,104,1084,243,38,26,1,-1,-1,-1
710,104,1084,243,38,26,1,-1,-1,-1
711,104,1085,243,37,26,1,-1,-1,-1
712,104,1087,242,35,26,1,-1,-1,-1
713,104,1087,242,36,26,1,-1,-1,-1
714,104,1086,241,37,25,1,-1,-1,-1
715,104,1088,241,34,25,1,-1,-1,-1
716,104,1089,240,33,26,1,-1,-1,-1
717,104,1090,240,32,25,1,-1,-1,-1
718,104,1091,240,32,25,1,-1,-1,-1
719,104,1091,240,32,24,1,-1,-1,-1
720,104,1091,238,33,25,1,-1,-1,-1
721,104,1091,238,34,25,1,-1,-1,-1
722,104,1092,237,32,25,1,-1,-1,-1
723,104,1093,237,31,24,1,-1,-1,-1
724,104,1093,237,30,24,1,-1,-1,-1
725,104,1094,237,31,24,1,-1,-1,-1
726,104,1094,236,31,24,1,-1,-1,-1
727,104,1094,236,30,23,1,-1,-1,-1
728,104,1095,234,30,24,1,-1,-1,-1
729,104,1096,234,30,23,1,-1,-1,-1
730,104,1097,233,28,24,1,-1,-1,-1
731,104,1097,232,28,25,1,-1,-1,-1
732,104,1097,233,28,24,1,-1,-1,-1
733,104,1096,233,28,22,1,-1,-1,-1
734,104,1096,232,28,22,1,-1,-1,-1
735,104,1097,232,28,22,1,-1,-1,-1
736,104,1097,232,27,21,1,-1,-1,-1
737,104,1098,232,27,22,1,-1,-1,-1
738,104,1099,231,25,23,1,-1,-1,-1
739,104,1100,230,25,24,1,-1,-1,-1
740,104,1100,228,25,24,1,-1,-1,-1
741,104,1100,228,25,24,1,-1,-1,-1
742,104,1100,228,25,24,1,-1,-1,-1
743,104,1100,227,27,24,1,-1,-1,-1
744,104,1100,228,27,23,1,-1,-1,-1
745,104,1100,228,27,23,1,-1,-1,-1
746,104,1100,229,27,23,1,-1,-1,-1
747,104,1100,228,26,22,1,-1,-1,-1
750,104,1101,227,26,23,1,-1,-1,-1
751,104,1101,226,25,23,1,-1,-1,-1
752,104,1101,226,25,23,1,-1,-1,-1
753,104,1102,226,25,23,1,-1,-1,-1
754,104,1101,225,26,23,1,-1,-1,-1
755,104,1102,225,25,23,1,-1,-1,-1
756,104,1101,225,26,23,1,-1,-1,-1
757,104,1101,224,27,23,1,-1,-1,-1
758,104,1102,224,27,23,1,-1,-1,-1
759,104,1102,224,27,23,1,-1,-1,-1
760,104,1102,224,26,23,1,-1,-1,-1
761,104,1102,224,27,22,1,-1,-1,-1
762,104,1103,223,26,23,1,-1,-1,-1
763,104,1102,222,28,23,1,-1,-1,-1
764,104,1102,222,28,23,1,-1,-1,-1
765,104,1102,221,28,23,1,-1,-1,-1
766,104,1102,221,28,23,1,-1,-1,-1
767,104,1102,221,29,23,1,-1,-1,-1
768,104,1102,221,29,23,1,-1,-1,-1
769,104,1102,221,28,23,1,-1,-1,-1
770,104,1102,220,28,23,1,-1,-1,-1
771,104,1102,220,28,23,1,-1,-1,-1
625,106,1044,215,22,25,1,-1,-1,-1
626,106,1043,216,24,25,1,-1,-1,-1
627,106,1041,217,26,25,1,-1,-1,-1
628,106,1040,218,26,25,1,-1,-1,-1
629,106,1041,219,24,25,1,-1,-1,-1
630,106,1039,219,28,24,1,-1,-1,-1
631,106,1035,220,32,24,1,-1,-1,-1
632,106,1033,220,31,23,1,-1,-1,-1
633,106,1032,220,30,23,1,-1,-1,-1
634,106,1033,220,29,24,1,-1,-1,-1
635,106,1032,220,28,24,1,-1,-1,-1
636,106,1030,221,30,24,1,-1,-1,-1
637,106,1030,222,31,24,1,-1,-1,-1
638,106,1030,221,30,24,1,-1,-1,-1
639,106,1028,221,29,24,1,-1,-1,-1
640,106,1026,221,30,25,1,-1,-1,-1
641,106,1025,221,32,25,1,-1,-1,-1
642,106,1023,221,31,26,1,-1,-1,-1
643,106,1023,221,31,26,1,-1,-1,-1
644,106,1022,221,31,26,1,-1,-1,-1
645,106,1022,220,29,27,1,-1,-1,-1
646,106,1021,221,30,26,1,-1,-1,-1
647,106,1018,222,33,25,1,-1,-1,-1
648,106,1016,224,34,25,1,-1,-1,-1
649,106,1014,224,35,26,1,-1,-1,-1
650,106,1013,224,35,26,1,-1,-1,-1
651,106,1010,225,36,26,1,-1,-1,-1
652,106,1009,225,37,26,1,-1,-1,-1
653,106,1008,225,36,26,1,-1,-1,-1
654,106,1007,225,36,26,1,-1,-1,-1
655,106,1007,225,35,27,1,-1,-1,-1
656,106,1007,227,32,27,1,-1,-1,-1
657,106,1006,227,32,28,1,-1,-1,-1
658,106,1004,225,32,30,1,-1,-1,-1
659,106,1003,226,32,29,1,-1,-1,-1
660,106,1000,227,36,28,1,-1,-1,-1
661,106,999,228,36,29,1,-1,-1,-1
662,106,994,228,39,29,1,-1,-1,-1
663,106,995,226,36,30,1,-1,-1,-1
664,106,993,227,36,30,1,-1,-1,-1
665,106,993,226,36,31,1,-1,-1,-1
666,106,990,226,37,31,1,-1,-1,-1
667,106,990,227,37,31,1,-1,-1,-1
668,106,988,227,37,31,1,-1,-1,-1
669,106,985,228,40,30,1,-1,-1,-1
670,106,984,231,36,27,1,-1,-1,-1
671,106,982,232,38,27,1,-1,-1,-1
672,106,981,230,38,30,1,-1,-1,-1
673,106,979,230,40,31,1,-1,-1,-1
674,106,977,229,40,32,1,-1,-1,-1
675,106,975,229,41,32,1,-1,-1,-1
676,106,971,229,44,34,1,-1,-1,-1
677,106,971,230,41,35,1,-1,-1,-1
678,106,970,230,42,37,1,-1,-1,-1
679,106,967,229,43,38,1,-1,-1,-1
680,106,966,230,43,37,1,-1,-1,-1
681,106,964,230,42,37,1,-1,-1,-1
682,106,963,232,42,37,1,-1,-1,-1
683,106,960,232,44,37,1,-1,-1,-1
684,106,959,232,44,37,1,-1,-1,-1
685,106,957,230,44,39,1,-1,-1,-1
686,106,954,231,46,41,1,-1,-1,-1
687,106,950,231,48,41,1,-1,-1,-1
688,106,949,233,49,39,1,-1,-1,-1
689,106,947,234,50,39,1,-1,-1,-1
690,106,944,236,50,38,1,-1,-1,-1
691,106,942,235,50,40,1,-1,-1,-1
692,106,942,234,48,41,1,-1,-1,-1
693,106,940,236,49,41,1,-1,-1,-1
694,106,937,235,50,42,1,-1,-1,-1
695,106,935,236,50,41,1,-1,-1,-1
696,106,933,237,51,41,1,-1,-1,-1
697,106,931,237,51,43,1,-1,-1,-1
698,106,930,236,51,44,1,-1,-1,-1
699,106,927,237,53,45,1,-1,-1,-1
700,106,923,238,53,46,1,-1,-1,-1
701,106,922,237,54,46,1,-1,-1,-1
702,106,920,238,54,47,1,-1,-1,-1
703,106,919,239,53,47,1,-1,-1,-1
704,106,916,240,54,48,1,-1,-1,-1
705,106,913,240,57,49,1,-1,-1,-1
706,106,911,240,56,50,1,-1,-1,-1
707,106,910,240,56,50,1,-1,-1,-1
708,106,906,241,58,49,1,-1,-1,-1
709,106,905,242,57,51,1,-1,-1,-1
710,106,902,243,58,51,1,-1,-1,-1
711,106,900,243,59,52,1,-1,-1,-1
712,106,898,243,61,53,1,-1,-1,-1
713,106,896,243,61,55,1,-1,-1,-1
714,106,894,244,61,54,1,-1,-1,-1
715,106,891,245,63,55,1,-1,-1,-1
716,106,888,245,65,56,1,-1,-1,-1
717,106,887,244,63,58,1,-1,-1,-1
718,106,885,247,64,57,1,-1,-1,-1
719,106,883,247,66,58,1,-1,-1,-1
720,106,881,249,64,59,1,-1,-1,-1
721,106,880,249,66,61,1,-1,-1,-1
722,106,877,250,69,61,1,-1,-1,-1
723,106,875,251,69,62,1,-1,-1,-1
724,106,873,252,69,63,1,-1,-1,-1
725,106,872,254,69,62,1,-1,-1,-1
726,106,871,255,71,64,1,-1,-1,-1
727,106,870,257,69,63,1,-1,-1,-1
728,106,868,259,73,63,1,-1,-1,-1
729,106,867,260,74,65,1,-1,-1,-1
730,106,866,260,77,66,1,-1,-1,-1
731,106,865,261,76,69,1,-1,-1,-1
732,106,864,261,79,71,1,-1,-1,-1
733,106,865,262,78,74,1,-1,-1,-1
734,106,863,263,79,74,1,-1,-1,-1
735,106,862,263,84,76,1,-1,-1,-1
736,106,862,265,84,79,1,-1,-1,-1
737,106,862,266,86,80,1,-1,-1,-1
738,106,863,267,86,83,1,-1,-1,-1
739,106,861,269,92,85,1,-1,-1,-1
740,106,863,271,95,86,1,-1,-1,-1
741,106,861,272,100,87,1,-1,-1,-1
742,106,861,275,104,87,1,-1,-1,-1
743,106,863,278,103,90,1,-1,-1,-1
744,106,864,277,107,97,1,-1,-1,-1
745,106,867,280,108,96,1,-1,-1,-1
746,106,868,285,113,96,1,-1,-1,-1
747,106,869,287,118,101,1,-1,-1,-1
748,106,872,290,123,102,1,-1,-1,-1
749,106,874,292,129,105,1,-1,-1,-1
750,106,879,296,132,108,1,-1,-1,-1
751,106,883,297,136,111,1,-1,-1,-1
752,106,887,299,143,117,1,-1,-1,-1
753,106,895,302,146,120,1,-1,-1,-1
754,106,902,306,151,124,1,-1,-1,-1
755,106,909,310,157,129,1,-1,-1,-1
756,106,916,313,165,134,1,-1,-1,-1
757,106,923,317,172,141,1,-1,-1,-1
758,106,931,318,182,149,1,-1,-1,-1
759,106,940,326,193,152,1,-1,-1,-1
760,106,949,329,206,160,1,-1,-1,-1
761,106,962,337,216,167,1,-1,-1,-1
762,106,977,344,228,175,1,-1,-1,-1
763,106,991,350,243,184,1,-1,-1,-1
764,106,1008,357,257,195,1,-1,-1,-1
765,106,1023,368,277,203,1,-1,-1,-1
766,106,1044,380,297,214,1,-1,-1,-1
767,106,1066,393,321,229,1,-1,-1,-1
768,106,1090,405,347,249,1,-1,-1,-1
769,106,1120,420,374,265,1,-1,-1,-1
770,106,1152,442,408,282,1,-1,-1,-1
771,106,1188,464,444,303,1,-1,-1,-1
772,106,1232,492,486,321,1,-1,-1,-1
773,106,1277,519,537,347,1,-1,-1,-1
774,106,1333,545,583,381,1,-1,-1,-1
775,106,1394,580,525,415,1,-1,-1,-1
776,106,1467,610,451,465,1,-1,-1,-1
777,106,1549,649,368,384,1,-1,-1,-1
778,106,1647,685,271,341,1,-1,-1,-1
779,106,1761,750,158,327,1,-1,-1,-1
669,107,1302,237,97,40,1,-1,-1,-1
670,107,1302,238,97,39,1,-1,-1,-1
671,107,1302,238,98,39,1,-1,-1,-1
672,107,1302,238,98,39,1,-1,-1,-1
673,107,1302,237,98,41,1,-1,-1,-1
674,107,1302,237,98,41,1,-1,-1,-1
679,107,1303,237,96,40,1,-1,-1,-1
684,107,1303,238,97,40,1,-1,-1,-1
685,107,1301,237,98,42,1,-1,-1,-1
686,107,1301,237,98,42,1,-1,-1,-1
687,107,1301,237,99,42,1,-1,-1,-1
688,107,1301,237,99,42,1,-1,-1,-1
689,107,1300,237,99,42,1,-1,-1,-1
691,107,1301,238,100,40,1,-1,-1,-1
692,107,1300,237,100,40,1,-1,-1,-1
693,107,1300,237,101,41,1,-1,-1,-1
694,107,1301,237,101,41,1,-1,-1,-1
695,107,1300,238,103,39,1,-1,-1,-1
696,107,1300,238,103,40,1,-1,-1,-1
697,107,1302,239,102,39,1,-1,-1,-1
698,107,1302,239,102,39,1,-1,-1,-1
699,107,1302,239,102,39,1,-1,-1,-1
700,107,1302,239,103,39,1,-1,-1,-1
701,107,1303,240,102,38,1,-1,-1,-1
702,107,1303,240,102,38,1,-1,-1,-1
703,107,1303,240,103,39,1,-1,-1,-1
704,107,1304,240,102,38,1,-1,-1,-1
705,107,1348,246,58,33,1,-1,-1,-1
706,107,1348,246,59,33,1,-1,-1,-1
707,107,1348,246,59,33,1,-1,-1,-1
708,107,1348,246,59,34,1,-1,-1,-1
709,107,1301,240,101,38,1,-1,-1,-1
710,107,1304,241,99,37,1,-1,-1,-1
711,107,1304,241,98,37,1,-1,-1,-1
712,107,1306,241,96,37,1,-1,-1,-1
713,107,1308,241,95,36,1,-1,-1,-1
714,107,1309,241,94,36,1,-1,-1,-1
715,107,1300,238,102,39,1,-1,-1,-1
716,107,1300,238,102,39,1,-1,-1,-1
717,107,1300,239,102,39,1,-1,-1,-1
718,107,1300,239,102,39,1,-1,-1,-1
719,107,1300,239,102,39,1,-1,-1,-1
720,107,1300,239,102,39,1,-1,-1,-1
721,107,1299,238,103,40,1,-1,-1,-1
722,107,1300,239,102,39,1,-1,-1,-1
723,107,1301,240,102,38,1,-1,-1,-1
724,107,1301,240,102,38,1,-1,-1,-1
725,107,1304,240,98,38,1,-1,-1,-1
726,107,1303,239,99,38,1,-1,-1,-1
727,107,1303,239,99,38,1,-1,-1,-1
728,107,1303,239,99,38,1,-1,-1,-1
729,107,1303,239,99,38,1,-1,-1,-1
730,107,1305,240,98,38,1,-1,-1,-1
731,107,1304,239,98,38,1,-1,-1,-1
732,107,1304,239,98,38,1,-1,-1,-1
733,107,1303,240,98,38,1,-1,-1,-1
734,107,1303,240,99,38,1,-1,-1,-1
735,107,1305,240,98,37,1,-1,-1,-1
736,107,1305,240,99,37,1,-1,-1,-1
737,107,1304,240,99,37,1,-1,-1,-1
738,107,1302,240,101,37,1,-1,-1,-1
739,107,1304,240,97,38,1,-1,-1,-1
740,107,1306,240,93,37,1,-1,-1,-1
741,107,1306,240,94,38,1,-1,-1,-1
742,107,1303,239,97,39,1,-1,-1,-1
743,107,1305,239,95,39,1,-1,-1,-1
744,107,1307,240,93,39,1,-1,-1,-1
745,107,1302,239,100,39,1,-1,-1,-1
746,107,1302,239,100,39,1,-1,-1,-1
747,107,1303,239,99,39,1,-1,-1,-1
748,107,1301,238,99,40,1,-1,-1,-1
749,107,1303,238,97,40,1,-1,-1,-1
750,107,1303,238,97,41,1,-1,-1,-1
751,107,1305,239,95,40,1,-1,-1,-1
752,107,1306,239,94,40,1,-1,-1,-1
753,107,1310,240,91,40,1,-1,-1,-1
754,107,1301,238,63,38,1,-1,-1,-1
755,107,1306,240,95,37,1,-1,-1,-1
756,107,1309,241,93,37,1,-1,-1,-1
757,107,1315,242,86,36,1,-1,-1,-1
758,107,1314,242,87,37,1,-1,-1,-1
759,107,1313,242,88,36,1,-1,-1,-1
760,107,1309,241,92,36,1,-1,-1,-1
761,107,1308,241,92,36,1,-1,-1,-1
762,107,1305,240,95,38,1,-1,-1,-1
763,107,1304,240,96,37,1,-1,-1,-1
764,107,1303,240,97,37,1,-1,-1,-1
765,107,1301,239,99,40,1,-1,-1,-1
766,107,1301,239,99,39,1,-1,-1,-1
767,107,1302,239,98,40,1,-1,-1,-1
768,107,1301,238,100,40,1,-1,-1,-1
769,107,1301,238,100,40,1,-1,-1,-1
770,107,1301,238,101,40,1,-1,-1,-1
771,107,1301,238,100,40,1,-1,-1,-1
772,107,1300,238,102,40,1,-1,-1,-1
773,107,1301,238,101,40,1,-1,-1,-1
774,107,1302,238,99,40,1,-1,-1,-1
775,107,1309,239,96,39,1,-1,-1,-1
776,107,1308,239,96,39,1,-1,-1,-1
777,107,1306,239,98,38,1,-1,-1,-1
778,107,1308,239,97,39,1,-1,-1,-1
779,107,1310,239,95,38,1,-1,-1,-1
780,107,1309,239,96,38,1,-1,-1,-1
781,107,1300,237,103,40,1,-1,-1,-1
782,107,1299,239,104,38,1,-1,-1,-1
783,107,1300,239,102,38,1,-1,-1,-1
784,107,1304,238,98,38,1,-1,-1,-1
785,107,1304,239,99,38,1,-1,-1,-1
786,107,1306,239,98,38,1,-1,-1,-1
787,107,1305,239,99,37,1,-1,-1,-1
788,107,1304,239,100,37,1,-1,-1,-1
789,107,1305,240,99,37,1,-1,-1,-1
790,107,1303,239,100,37,1,-1,-1,-1
791,107,1305,240,99,36,1,-1,-1,-1
792,107,1301,240,102,37,1,-1,-1,-1
793,107,1301,242,57,34,1,-1,-1,-1
794,107,1301,241,58,35,1,-1,-1,-1
795,107,1303,242,55,34,1,-1,-1,-1
796,107,1303,242,55,34,1,-1,-1,-1
797,107,1303,242,54,34,1,-1,-1,-1
798,107,1303,242,54,34,1,-1,-1,-1
799,107,1302,241,55,34,1,-1,-1,-1
800,107,1301,241,57,34,1,-1,-1,-1
801,107,1302,243,53,33,1,-1,-1,-1
802,107,1301,242,54,33,1,-1,-1,-1
803,107,1301,241,54,33,1,-1,-1,-1
804,107,1302,241,53,34,1,-1,-1,-1
805,107,1301,238,100,40,1,-1,-1,-1
806,107,1301,238,100,40,1,-1,-1,-1
807,107,1302,239,100,40,1,-1,-1,-1
809,107,1307,239,95,40,1,-1,-1,-1
810,107,1304,239,99,40,1,-1,-1,-1
811,107,1304,239,99,40,1,-1,-1,-1
812,107,1302,239,101,40,1,-1,-1,-1
813,107,1301,238,102,41,1,-1,-1,-1
814,107,1306,240,97,38,1,-1,-1,-1
815,107,1304,239,98,39,1,-1,-1,-1
816,107,1305,239,97,39,1,-1,-1,-1
817,107,1302,240,53,36,1,-1,-1,-1
818,107,1302,242,52,34,1,-1,-1,-1
823,107,1302,242,52,33,1,-1,-1,-1
825,107,1302,242,52,34,1,-1,-1,-1
826,107,1302,242,53,34,1,-1,-1,-1
831,107,1302,241,52,35,1,-1,-1,-1
832,107,1303,240,51,35,1,-1,-1,-1
833,107,1302,242,51,34,1,-1,-1,-1
834,107,1302,243,51,33,1,-1,-1,-1
835,107,1302,242,51,33,1,-1,-1,-1
836,107,1302,242,52,33,1,-1,-1,-1
837,107,1302,243,51,33,1,-1,-1,-1
838,107,1301,242,57,34,1,-1,-1,-1
839,107,1301,242,57,34,1,-1,-1,-1
840,107,1302,241,55,34,1,-1,-1,-1
841,107,1302,241,57,35,1,-1,-1,-1
842,107,1302,240,56,36,1,-1,-1,-1
843,107,1302,240,56,36,1,-1,-1,-1
844,107,1302,240,56,36,1,-1,-1,-1
845,107,1306,240,97,36,1,-1,-1,-1
846,107,1306,240,97,36,1,-1,-1,-1
847,107,1307,241,97,36,1,-1,-1,-1
848,107,1305,241,98,36,1,-1,-1,-1
849,107,1310,241,94,35,1,-1,-1,-1
850,107,1310,241,94,35,1,-1,-1,-1
851,107,1301,240,101,37,1,-1,-1,-1
852,107,1302,240,100,37,1,-1,-1,-1
853,107,1300,240,102,37,1,-1,-1,-1
854,107,1301,241,101,36,1,-1,-1,-1
855,107,1301,241,102,37,1,-1,-1,-1
856,107,1301,241,101,37,1,-1,-1,-1
857,107,1301,241,101,37,1,-1,-1,-1
858,107,1301,241,101,37,1,-1,-1,-1
859,107,1301,241,101,36,1,-1,-1,-1
860,107,1301,241,101,36,1,-1,-1,-1
861,107,1303,241,100,37,1,-1,-1,-1
862,107,1303,241,99,36,1,-1,-1,-1
863,107,1304,241,99,36,1,-1,-1,-1
864,107,1303,241,100,36,1,-1,-1,-1
865,107,1300,240,102,37,1,-1,-1,-1
866,107,1299,240,103,37,1,-1,-1,-1
867,107,1300,240,102,37,1,-1,-1,-1
868,107,1300,240,102,37,1,-1,-1,-1
869,107,1300,241,102,36,1,-1,-1,-1
870,107,1300,241,102,36,1,-1,-1,-1
871,107,1300,241,102,36,1,-1,-1,-1
872,107,1300,241,102,36,1,-1,-1,-1
873,107,1300,241,102,36,1,-1,-1,-1
874,107,1300,241,102,36,1,-1,-1,-1
875,107,1308,240,95,37,1,-1,-1,-1
876,107,1307,240,96,38,1,-1,-1,-1
877,107,1309,240,94,38,1,-1,-1,-1
878,107,1309,240,93,38,1,-1,-1,-1
879,107,1306,240,97,39,1,-1,-1,-1
880,107,1302,239,101,39,1,-1,-1,-1
881,107,1301,239,102,40,1,-1,-1,-1
882,107,1301,238,103,40,1,-1,-1,-1
883,107,1301,238,101,40,1,-1,-1,-1
884,107,1300,238,101,40,1,-1,-1,-1
885,107,1302,238,100,39,1,-1,-1,-1
886,107,1303,238,99,38,1,-1,-1,-1
887,107,1303,238,99,38,1,-1,-1,-1
888,107,1303,238,99,39,1,-1,-1,-1
889,107,1307,240,96,37,1,-1,-1,-1
890,107,1308,240,96,37,1,-1,-1,-1
891,107,1307,240,96,37,1,-1,-1,-1
892,107,1302,238,62,38,1,-1,-1,-1
893,107,1309,240,94,37,1,-1,-1,-1
894,107,1309,240,94,38,1,-1,-1,-1
895,107,1303,237,98,42,1,-1,-1,-1
896,107,1303,237,98,42,1,-1,-1,-1
897,107,1301,237,100,42,1,-1,-1,-1
898,107,1300,237,102,41,1,-1,-1,-1
899,107,1299,238,103,41,1,-1,-1,-1
900,107,1299,238,103,41,1,-1,-1,-1
901,107,1298,238,103,40,1,-1,-1,-1
902,107,1298,238,101,41,1,-1,-1,-1
903,107,1300,237,99,41,1,-1,-1,-1
904,107,1300,237,99,41,1,-1,-1,-1
905,107,1301,239,58,37,1,-1,-1,-1
906,107,1301,239,60,37,1,-1,-1,-1
907,107,1301,239,57,37,1,-1,-1,-1
908,107,1301,240,55,37,1,-1,-1,-1
909,107,1301,239,59,38,1,-1,-1,-1
910,107,1301,239,60,38,1,-1,-1,-1
911,107,1302,239,60,38,1,-1,-1,-1
912,107,1301,239,57,38,1,-1,-1,-1
913,107,1301,239,63,37,1,-1,-1,-1
914,107,1310,241,90,39,1,-1,-1,-1
915,107,1303,239,97,39,1,-1,-1,-1
916,107,1306,240,94,39,1,-1,-1,-1
917,107,1307,240,94,39,1,-1,-1,-1
918,107,1307,240,94,39,1,-1,-1,-1
919,107,1305,239,96,39,1,-1,-1,-1
920,107,1304,239,97,39,1,-1,-1,-1
921,107,1304,239,98,39,1,-1,-1,-1
922,107,1303,239,98,39,1,-1,-1,-1
923,107,1303,240,98,38,1,-1,-1,-1
924,107,1303,240,99,38,1,-1,-1,-1
929,107,1303,239,54,36,1,-1,-1,-1
930,107,1303,239,55,36,1,-1,-1,-1
931,107,1303,239,55,36,1,-1,-1,-1
932,107,1302,239,58,37,1,-1,-1,-1
933,107,1303,238,56,37,1,-1,-1,-1
934,107,1303,238,57,37,1,-1,-1,-1
939,107,1301,239,64,37,1,-1,-1,-1
944,107,1302,242,57,34,1,-1,-1,-1
951,107,1302,242,54,33,1,-1,-1,-1
952,107,1301,243,54,32,1,-1,-1,-1
953,107,1302,242,54,33,1,-1,-1,-1
955,107,1301,241,64,35,1,-1,-1,-1
956,107,1301,240,63,36,1,-1,-1,-1
957,107,1301,241,59,35,1,-1,-1,-1
986,107,1313,240,90,37,1,-1,-1,-1
987,107,1312,240,91,37,1,-1,-1,-1
988,107,1310,239,93,38,1,-1,-1,-1
989,107,1312,239,91,38,1,-1,-1,-1
990,107,1308,239,95,38,1,-1,-1,-1
991,107,1305,238,97,39,1,-1,-1,-1
992,107,1305,238,97,38,1,-1,-1,-1
993,107,1303,239,99,38,1,-1,-1,-1
994,107,1303,239,99,38,1,-1,-1,-1
995,107,1299,239,104,38,1,-1,-1,-1
996,107,1300,239,103,38,1,-1,-1,-1
997,107,1299,240,104,37,1,-1,-1,-1
998,107,1299,239,104,37,1,-1,-1,-1
999,107,1298,239,104,37,1,-1,-1,-1
1000,107,1299,240,104,37,1,-1,-1,-1
1001,107,1298,240,105,37,1,-1,-1,-1
1002,107,1298,240,105,37,1,-1,-1,-1
1003,107,1299,239,104,37,1,-1,-1,-1
1004,107,1299,239,104,37,1,-1,-1,-1
1005,107,1303,241,101,36,1,-1,-1,-1
1006,107,1303,241,100,36,1,-1,-1,-1
1007,107,1304,241,100,36,1,-1,-1,-1
1008,107,1304,241,100,36,1,-1,-1,-1
1009,107,1302,242,54,34,1,-1,-1,-1
1010,107,1301,242,54,34,1,-1,-1,-1
1011,107,1302,242,54,34,1,-1,-1,-1
1012,107,1302,242,54,34,1,-1,-1,-1
1013,107,1301,241,56,35,1,-1,-1,-1
1014,107,1301,241,55,35,1,-1,-1,-1
1015,107,1303,241,54,35,1,-1,-1,-1
1016,107,1303,242,54,35,1,-1,-1,-1
1017,107,1302,242,54,35,1,-1,-1,-1
1018,107,1302,241,54,35,1,-1,-1,-1
1019,107,1303,242,53,35,1,-1,-1,-1
1020,107,1302,242,54,34,1,-1,-1,-1
1021,107,1302,241,59,35,1,-1,-1,-1
1022,107,1302,241,59,35,1,-1,-1,-1
1023,107,1302,241,59,35,1,-1,-1,-1
1024,107,1303,241,57,34,1,-1,-1,-1
1025,107,1303,241,57,34,1,-1,-1,-1
1026,107,1303,242,57,34,1,-1,-1,-1
1027,107,1303,241,59,34,1,-1,-1,-1
1028,107,1303,241,59,35,1,-1,-1,-1
1029,107,1303,241,58,35,1,-1,-1,-1
1030,107,1303,241,58,35,1,-1,-1,-1
1031,107,1302,240,60,35,1,-1,-1,-1
1032,107,1302,240,60,35,1,-1,-1,-1
1033,107,1302,239,67,37,1,-1,-1,-1
1034,107,1302,239,66,37,1,-1,-1,-1
1035,107,1302,239,65,37,1,-1,-1,-1
1036,107,1302,240,62,35,1,-1,-1,-1
1037,107,1302,240,63,36,1,-1,-1,-1
1038,107,1301,239,67,37,1,-1,-1,-1
1039,107,1301,239,66,37,1,-1,-1,-1
1040,107,1301,239,66,36,1,-1,-1,-1
1041,107,1302,239,65,36,1,-1,-1,-1
1042,107,1302,239,64,36,1,-1,-1,-1
1043,107,1302,239,65,37,1,-1,-1,-1
1044,107,1302,239,64,37,1,-1,-1,-1
1045,107,1308,239,95,38,1,-1,-1,-1
1046,107,1307,239,95,38,1,-1,-1,-1
1047,107,1301,238,64,37,1,-1,-1,-1
1048,107,1308,239,95,38,1,-1,-1,-1
1049,107,1308,239,95,38,1,-1,-1,-1
1050,107,1308,239,95,38,1,-1,-1,-1
1051,107,1302,239,63,37,1,-1,-1,-1
1052,107,1302,239,63,37,1,-1,-1,-1
1053,107,1302,239,63,37,1,-1,-1,-1
1054,107,1302,239,63,37,1,-1,-1,-1
1055,107,1302,239,63,37,1,-1,-1,-1
1056,107,1302,239,62,37,1,-1,-1,-1
1057,107,1302,239,63,37,1,-1,-1,-1
1058,107,1302,239,62,37,1,-1,-1,-1
1059,107,1302,239,63,37,1,-1,-1,-1
1060,107,1302,239,62,37,1,-1,-1,-1
1061,107,1301,238,63,37,1,-1,-1,-1
1062,107,1302,239,61,37,1,-1,-1,-1
1063,107,1302,239,61,37,1,-1,-1,-1
1064,107,1302,239,61,37,1,-1,-1,-1
1065,107,1302,239,61,37,1,-1,-1,-1
1066,107,1302,239,61,37,1,-1,-1,-1
1067,107,1301,238,99,39,1,-1,-1,-1
1068,107,1301,238,99,39,1,-1,-1,-1
1069,107,1301,239,100,38,1,-1,-1,-1
1070,107,1301,239,100,38,1,-1,-1,-1
1071,107,1301,239,100,39,1,-1,-1,-1
1072,107,1301,239,100,39,1,-1,-1,-1
1073,107,1300,239,101,39,1,-1,-1,-1
1074,107,1300,239,101,39,1,-1,-1,-1
1075,107,1301,240,101,39,1,-1,-1,-1
1076,107,1301,239,101,39,1,-1,-1,-1
1077,107,1301,239,101,39,1,-1,-1,-1
1078,107,1300,240,101,39,1,-1,-1,-1
1079,107,1300,240,101,39,1,-1,-1,-1
1080,107,1300,239,101,39,1,-1,-1,-1
1081,107,1304,238,100,39,1,-1,-1,-1
1082,107,1303,238,100,39,1,-1,-1,-1
1083,107,1302,238,101,39,1,-1,-1,-1
1085,107,1309,240,97,37,1,-1,-1,-1
1086,107,1301,240,56,37,1,-1,-1,-1
1087,107,1302,238,102,40,1,-1,-1,-1
1088,107,1303,239,101,39,1,-1,-1,-1
1090,107,1301,241,59,36,1,-1,-1,-1
1091,107,1311,242,93,36,1,-1,-1,-1
1092,107,1311,242,94,36,1,-1,-1,-1
1093,107,1302,241,57,36,1,-1,-1,-1
1096,107,1302,242,55,34,1,-1,-1,-1
1097,107,1302,242,57,35,1,-1,-1,-1
1098,107,1308,242,96,36,1,-1,-1,-1
1099,107,1311,242,93,36,1,-1,-1,-1
1101,107,1301,239,102,39,1,-1,-1,-1
1102,107,1301,239,102,38,1,-1,-1,-1
1103,107,1300,240,102,38,1,-1,-1,-1
1104,107,1300,240,103,38,1,-1,-1,-1
1105,107,1299,239,104,39,1,-1,-1,-1
1106,107,1299,239,104,39,1,-1,-1,-1
1107,107,1299,239,103,40,1,-1,-1,-1
1108,107,1300,238,103,40,1,-1,-1,-1
1109,107,1300,239,103,39,1,-1,-1,-1
1110,107,1300,239,103,38,1,-1,-1,-1
1111,107,1304,241,99,37,1,-1,-1,-1
1112,107,1305,242,99,36,1,-1,-1,-1
1113,107,1302,240,102,38,1,-1,-1,-1
1114,107,1304,240,100,38,1,-1,-1,-1
1115,107,1304,241,100,37,1,-1,-1,-1
1116,107,1302,240,102,38,1,-1,-1,-1
1117,107,1302,241,102,38,1,-1,-1,-1
1118,107,1305,241,99,38,1,-1,-1,-1
1119,107,1307,241,97,37,1,-1,-1,-1
1120,107,1310,242,94,37,1,-1,-1,-1
1121,107,1301,239,101,38,1,-1,-1,-1
1122,107,1300,239,101,38,1,-1,-1,-1
1123,107,1301,239,101,38,1,-1,-1,-1
1124,107,1301,239,101,38,1,-1,-1,-1
1125,107,1302,239,101,38,1,-1,-1,-1
1126,107,1301,239,101,38,1,-1,-1,-1
1127,107,1301,239,101,38,1,-1,-1,-1
1128,107,1300,239,102,38,1,-1,-1,-1
1129,107,1301,238,100,39,1,-1,-1,-1
1130,107,1300,237,101,40,1,-1,-1,-1
1131,107,1303,239,99,39,1,-1,-1,-1
1132,107,1304,240,98,39,1,-1,-1,-1
1133,107,1301,239,101,40,1,-1,-1,-1
1134,107,1302,238,101,40,1,-1,-1,-1
1135,107,1302,239,100,39,1,-1,-1,-1
1136,107,1300,239,102,40,1,-1,-1,-1
1137,107,1300,239,102,40,1,-1,-1,-1
1138,107,1301,240,101,39,1,-1,-1,-1
1139,107,1301,240,101,38,1,-1,-1,-1
1140,107,1302,240,101,39,1,-1,-1,-1
1141,107,1300,239,102,41,1,-1,-1,-1
1142,107,1300,239,102,41,1,-1,-1,-1
1143,107,1300,238,102,41,1,-1,-1,-1
1144,107,1300,239,102,40,1,-1,-1,-1
1145,107,1300,239,102,40,1,-1,-1,-1
1146,107,1300,239,102,40,1,-1,-1,-1
1147,107,1302,240,102,38,1,-1,-1,-1
1148,107,1301,240,102,38,1,-1,-1,-1
1149,107,1301,239,102,38,1,-1,-1,-1
1150,107,1301,239,103,38,1,-1,-1,-1
1151,107,1301,239,103,38,1,-1,-1,-1
1152,107,1301,239,104,38,1,-1,-1,-1
1153,107,1302,240,103,37,1,-1,-1,-1
1154,107,1302,240,102,36,1,-1,-1,-1
1155,107,1303,240,101,36,1,-1,-1,-1
1156,107,1304,241,100,35,1,-1,-1,-1
1157,107,1298,238,104,40,1,-1,-1,-1
1158,107,1298,238,104,40,1,-1,-1,-1
1159,107,1298,238,104,40,1,-1,-1,-1
1160,107,1298,238,105,40,1,-1,-1,-1
1161,107,1298,237,104,41,1,-1,-1,-1
1162,107,1298,237,104,41,1,-1,-1,-1
1163,107,1298,237,104,41,1,-1,-1,-1
1164,107,1298,237,105,41,1,-1,-1,-1
1165,107,1298,238,106,40,1,-1,-1,-1
1166,107,1299,238,105,40,1,-1,-1,-1
1167,107,1306,241,96,36,1,-1,-1,-1
1168,107,1307,241,95,36,1,-1,-1,-1
1169,107,1308,241,94,36,1,-1,-1,-1
1170,107,1307,240,95,38,1,-1,-1,-1
1171,107,1308,240,94,38,1,-1,-1,-1
1172,107,1308,241,94,37,1,-1,-1,-1
1177,107,1304,240,97,37,1,-1,-1,-1
1178,107,1303,239,98,38,1,-1,-1,-1
1179,107,1303,239,97,38,1,-1,-1,-1
1192,107,1348,247,59,33,1,-1,-1,-1
1193,107,1347,246,58,34,1,-1,-1,-1
1197,107,1348,247,59,34,1,-1,-1,-1
1198,107,1348,247,58,34,1,-1,-1,-1
1199,107,1308,241,94,36,1,-1,-1,-1
1200,107,1310,242,92,35,1,-1,-1,-1
1201,107,1312,242,90,35,1,-1,-1,-1
1202,107,1314,242,88,35,1,-1,-1,-1
1203,107,1300,241,101,36,1,-1,-1,-1
1204,107,1300,240,102,37,1,-1,-1,-1
1205,107,1299,241,102,37,1,-1,-1,-1
1206,107,1300,241,102,36,1,-1,-1,-1
1207,107,1301,243,52,33,1,-1,-1,-1
1208,107,1301,243,52,33,1,-1,-1,-1
1209,107,1301,243,52,33,1,-1,-1,-1
1210,107,1301,243,52,33,1,-1,-1,-1
1211,107,1300,243,54,33,1,-1,-1,-1
754,116,1347,248,59,38,1,-1,-1,-1
755,116,1347,246,60,33,1,-1,-1,-1
756,116,1347,247,60,34,1,-1,-1,-1
762,116,1346,246,60,34,1,-1,-1,-1
763,116,1346,246,60,33,1,-1,-1,-1
764,116,1346,246,60,33,1,-1,-1,-1
771,116,1346,247,62,36,1,-1,-1,-1
773,116,1346,247,62,35,1,-1,-1,-1
774,116,1346,246,62,36,1,-1,-1,-1
775,116,1348,246,61,37,1,-1,-1,-1
776,116,1348,246,61,37,1,-1,-1,-1
777,116,1348,246,61,36,1,-1,-1,-1
778,116,1348,246,61,37,1,-1,-1,-1
779,116,1348,246,61,37,1,-1,-1,-1
780,116,1348,246,61,37,1,-1,-1,-1
784,116,1347,245,61,35,1,-1,-1,-1
785,116,1348,245,60,35,1,-1,-1,-1
786,116,1348,246,60,36,1,-1,-1,-1
787,116,1348,246,60,35,1,-1,-1,-1
788,116,1348,246,60,35,1,-1,-1,-1
789,116,1348,246,60,34,1,-1,-1,-1
790,116,1348,246,60,34,1,-1,-1,-1
792,116,1348,247,61,34,1,-1,-1,-1
793,116,1348,247,59,37,1,-1,-1,-1
794,116,1348,247,59,38,1,-1,-1,-1
795,116,1348,246,58,33,1,-1,-1,-1
796,116,1348,246,58,34,1,-1,-1,-1
797,116,1348,246,58,34,1,-1,-1,-1
798,116,1348,246,58,34,1,-1,-1,-1
799,116,1348,246,58,34,1,-1,-1,-1
800,116,1348,246,57,34,1,-1,-1,-1
801,116,1348,246,57,34,1,-1,-1,-1
802,116,1348,246,57,34,1,-1,-1,-1
803,116,1348,246,57,35,1,-1,-1,-1
804,116,1348,246,57,35,1,-1,-1,-1
808,116,1348,248,60,35,1,-1,-1,-1
809,116,1347,247,61,36,1,-1,-1,-1
817,116,1348,248,59,39,1,-1,-1,-1
818,116,1347,248,59,38,1,-1,-1,-1
819,116,1347,248,60,38,1,-1,-1,-1
820,116,1348,248,60,38,1,-1,-1,-1
821,116,1347,248,60,37,1,-1,-1,-1
822,116,1347,248,60,38,1,-1,-1,-1
823,116,1348,248,59,37,1,-1,-1,-1
824,116,1348,248,58,37,1,-1,-1,-1
825,116,1348,248,58,37,1,-1,-1,-1
826,116,1348,248,58,37,1,-1,-1,-1
827,116,1348,248,59,36,1,-1,-1,-1
828,116,1348,249,59,38,1,-1,-1,-1
832,116,1348,248,58,38,1,-1,-1,-1
837,116,1348,248,59,37,1,-1,-1,-1
841,116,1348,248,60,35,1,-1,-1,-1
842,116,1348,248,60,36,1,-1,-1,-1
843,116,1348,248,60,36,1,-1,-1,-1
844,116,1348,248,60,36,1,-1,-1,-1
848,116,1348,247,59,32,1,-1,-1,-1
851,116,1347,247,60,32,1,-1,-1,-1
852,116,1347,247,59,33,1,-1,-1,-1
859,116,1347,247,60,32,1,-1,-1,-1
860,116,1347,247,60,33,1,-1,-1,-1
862,116,1348,247,59,33,1,-1,-1,-1
863,116,1348,247,59,33,1,-1,-1,-1
864,116,1347,247,59,33,1,-1,-1,-1
866,116,1346,247,61,33,1,-1,-1,-1
868,116,1347,247,60,33,1,-1,-1,-1
870,116,1347,248,59,32,1,-1,-1,-1
871,116,1347,248,59,32,1,-1,-1,-1
872,116,1347,248,59,32,1,-1,-1,-1
873,116,1347,248,59,32,1,-1,-1,-1
874,116,1347,248,60,32,1,-1,-1,-1
875,116,1346,247,60,34,1,-1,-1,-1
876,116,1346,247,60,34,1,-1,-1,-1
878,116,1346,247,61,34,1,-1,-1,-1
879,116,1347,247,61,34,1,-1,-1,-1
881,116,1344,247,65,34,1,-1,-1,-1
883,116,1346,248,63,35,1,-1,-1,-1
887,116,1347,245,60,33,1,-1,-1,-1
892,116,1347,245,59,35,1,-1,-1,-1
905,116,1347,246,58,35,1,-1,-1,-1
906,116,1347,246,58,35,1,-1,-1,-1
907,116,1347,246,57,35,1,-1,-1,-1
908,116,1347,247,57,35,1,-1,-1,-1
909,116,1347,246,57,36,1,-1,-1,-1
910,116,1347,247,57,36,1,-1,-1,-1
911,116,1318,242,83,38,1,-1,-1,-1
912,116,1347,248,56,39,1,-1,-1,-1
913,116,1317,242,83,39,1,-1,-1,-1
914,116,1347,249,57,38,1,-1,-1,-1
927,116,1346,246,60,37,1,-1,-1,-1
928,116,1346,246,60,36,1,-1,-1,-1
929,116,1346,246,60,36,1,-1,-1,-1
930,116,1346,246,60,36,1,-1,-1,-1
931,116,1346,246,60,36,1,-1,-1,-1
932,116,1346,246,60,35,1,-1,-1,-1
933,116,1346,245,60,35,1,-1,-1,-1
934,116,1317,240,86,37,1,-1,-1,-1
935,116,1302,240,97,38,1,-1,-1,-1
936,116,1304,240,95,38,1,-1,-1,-1
937,116,1310,240,91,39,1,-1,-1,-1
938,116,1308,240,93,39,1,-1,-1,-1
940,116,1312,241,89,38,1,-1,-1,-1
941,116,1310,240,92,38,1,-1,-1,-1
942,116,1320,242,81,37,1,-1,-1,-1
944,116,1320,243,82,36,1,-1,-1,-1
959,116,1321,240,83,39,1,-1,-1,-1
960,116,1319,240,85,38,1,-1,-1,-1
961,116,1315,240,89,38,1,-1,-1,-1
962,116,1312,240,92,37,1,-1,-1,-1
963,116,1308,240,96,37,1,-1,-1,-1
964,116,1307,240,98,37,1,-1,-1,-1
966,116,1310,240,93,36,1,-1,-1,-1
967,116,1311,241,92,36,1,-1,-1,-1
968,116,1313,241,89,36,1,-1,-1,-1
969,116,1316,242,87,36,1,-1,-1,-1
970,116,1313,241,89,36,1,-1,-1,-1
980,116,1314,241,89,38,1,-1,-1,-1
981,116,1314,241,88,38,1,-1,-1,-1
983,116,1347,246,59,36,1,-1,-1,-1
984,116,1347,247,59,35,1,-1,-1,-1
761,118,1842,539,77,144,1,-1,-1,-1
762,118,1800,511,119,168,1,-1,-1,-1
763,118,1759,483,160,197,1,-1,-1,-1
764,118,1721,471,197,202,1,-1,-1,-1
765,118,1678,460,241,234,1,-1,-1,-1
766,118,1637,449,282,238,1,-1,-1,-1
767,118,1595,435,323,237,1,-1,-1,-1
768,118,1556,428,362,227,1,-1,-1,-1
769,118,1514,422,406,218,1,-1,-1,-1
770,118,1476,417,441,213,1,-1,-1,-1
771,118,1449,413,427,201,1,-1,-1,-1
772,118,1390,408,439,195,1,-1,-1,-1
773,118,1347,402,435,180,1,-1,-1,-1
774,118,1303,391,431,164,1,-1,-1,-1
775,118,1260,388,429,184,1,-1,-1,-1
776,118,1214,384,426,180,1,-1,-1,-1
777,118,1170,379,424,177,1,-1,-1,-1
778,118,1124,377,426,170,1,-1,-1,-1
779,118,1078,372,424,168,1,-1,-1,-1
780,118,1035,370,416,166,1,-1,-1,-1
781,118,991,367,414,162,1,-1,-1,-1
782,118,944,365,412,158,1,-1,-1,-1
783,118,897,362,409,154,1,-1,-1,-1
784,118,852,362,404,149,1,-1,-1,-1
785,118,807,361,402,146,1,-1,-1,-1
786,118,757,358,402,143,1,-1,-1,-1
787,118,712,354,397,144,1,-1,-1,-1
788,118,666,355,394,140,1,-1,-1,-1
789,118,621,353,390,138,1,-1,-1,-1
790,118,572,353,387,136,1,-1,-1,-1
791,118,524,352,385,136,1,-1,-1,-1
792,118,474,351,384,134,1,-1,-1,-1
793,118,429,351,378,133,1,-1,-1,-1
794,118,383,352,374,132,1,-1,-1,-1
795,118,333,355,374,126,1,-1,-1,-1
796,118,284,356,371,125,1,-1,-1,-1
797,118,237,355,366,127,1,-1,-1,-1
798,118,190,357,364,124,1,-1,-1,-1
799,118,141,360,361,122,1,-1,-1,-1
800,118,93,359,355,123,1,-1,-1,-1
801,118,44,361,353,123,1,-1,-1,-1
802,118,2,363,344,123,1,-1,-1,-1
803,118,0,362,296,121,1,-1,-1,-1
804,118,0,369,244,114,1,-1,-1,-1
805,118,0,369,195,115,1,-1,-1,-1
806,118,0,372,144,114,1,-1,-1,-1
807,118,0,395,95,91,1,-1,-1,-1
795,119,0,376,36,30,1,-1,-1,-1
796,119,0,367,55,40,1,-1,-1,-1
797,119,0,355,76,52,1,-1,-1,-1
798,119,0,350,91,55,1,-1,-1,-1
799,119,0,348,111,56,1,-1,-1,-1
800,119,0,348,130,57,1,-1,-1,-1
801,119,0,347,147,55,1,-1,-1,-1
802,119,8,343,151,56,1,-1,-1,-1
803,119,20,342,162,48,1,-1,-1,-1
804,119,46,340,151,49,1,-1,-1,-1
805,119,61,337,153,58,1,-1,-1,-1
806,119,76,333,150,58,1,-1,-1,-1
807,119,94,333,147,57,1,-1,-1,-1
808,119,111,331,142,56,1,-1,-1,-1
809,119,125,329,141,56,1,-1,-1,-1
810,119,142,327,133,56,1,-1,-1,-1
811,119,152,325,132,55,1,-1,-1,-1
812,119,168,321,123,57,1,-1,-1,-1
813,119,177,320,121,54,1,-1,-1,-1
814,119,189,319,114,53,1,-1,-1,-1
815,119,200,317,106,53,1,-1,-1,-1
816,119,210,315,97,53,1,-1,-1,-1
817,119,217,314,90,53,1,-1,-1,-1
818,119,225,313,83,52,1,-1,-1,-1
819,119,232,311,75,51,1,-1,-1,-1
820,119,235,310,68,50,1,-1,-1,-1
821,119,238,309,62,49,1,-1,-1,-1
822,119,240,308,59,49,1,-1,-1,-1
823,119,236,307,61,49,1,-1,-1,-1
824,119,231,304,64,50,1,-1,-1,-1
825,119,219,303,76,50,1,-1,-1,-1
826,119,214,304,78,47,1,-1,-1,-1
827,119,204,303,84,49,1,-1,-1,-1
828,119,197,302,85,47,1,-1,-1,-1
829,119,186,301,91,47,1,-1,-1,-1
830,119,174,300,96,47,1,-1,-1,-1
831,119,170,299,92,48,1,-1,-1,-1
832,119,162,299,92,46,1,-1,-1,-1
833,119,142,298,106,48,1,-1,-1,-1
834,119,129,298,106,47,1,-1,-1,-1
835,119,115,299,110,45,1,-1,-1,-1
836,119,103,299,109,45,1,-1,-1,-1
837,119,89,302,113,43,1,-1,-1,-1
838,119,76,301,114,45,1,-1,-1,-1
839,119,64,301,110,45,1,-1,-1,-1
840,119,49,301,117,44,1,-1,-1,-1
841,119,40,297,114,48,1,-1,-1,-1
842,119,24,304,115,44,1,-1,-1,-1
843,119,15,306,113,41,1,-1,-1,-1
844,119,4,306,112,43,1,-1,-1,-1
845,119,1,303,102,46,1,-1,-1,-1
846,119,0,305,90,43,1,-1,-1,-1
847,119,0,306,78,42,1,-1,-1,-1
848,119,0,307,65,41,1,-1,-1,-1
849,119,0,304,52,44,1,-1,-1,-1
850,119,0,305,40,44,1,-1,-1,-1
851,119,0,310,29,38,1,-1,-1,-1
867,121,0,492,25,82,1,-1,-1,-1
868,121,0,479,54,104,1,-1,-1,-1
869,121,0,477,84,109,1,-1,-1,-1
870,121,0,468,116,126,1,-1,-1,-1
871,121,1,450,150,145,1,-1,-1,-1
872,121,0,438,186,156,1,-1,-1,-1
873,121,0,435,224,159,1,-1,-1,-1
874,121,0,432,265,160,1,-1,-1,-1
875,121,1,433,304,160,1,-1,-1,-1
876,121,1,432,347,163,1,-1,-1,-1
877,121,0,430,392,163,1,-1,-1,-1
878,121,38,426,400,165,1,-1,-1,-1
879,121,77,424,408,165,1,-1,-1,-1
880,121,130,423,400,166,1,-1,-1,-1
881,121,179,420,401,166,1,-1,-1,-1
882,121,224,414,410,168,1,-1,-1,-1
883,121,274,410,410,171,1,-1,-1,-1
884,121,331,409,402,164,1,-1,-1,-1
885,121,384,404,399,165,1,-1,-1,-1
886,121,435,402,398,165,1,-1,-1,-1
887,121,486,398,393,162,1,-1,-1,-1
888,121,538,400,390,157,1,-1,-1,-1
889,121,590,394,383,157,1,-1,-1,-1
890,121,642,390,375,155,1,-1,-1,-1
891,121,693,387,365,153,1,-1,-1,-1
892,121,742,380,357,152,1,-1,-1,-1
893,121,794,377,340,149,1,-1,-1,-1
894,121,839,372,330,148,1,-1,-1,-1
895,121,886,372,314,144,1,-1,-1,-1
896,121,928,369,300,140,1,-1,-1,-1
897,121,970,368,284,133,1,-1,-1,-1
898,121,1010,361,267,134,1,-1,-1,-1
899,121,1045,357,251,133,1,-1,-1,-1
900,121,1077,355,238,128,1,-1,-1,-1
901,121,1107,349,220,127,1,-1,-1,-1
902,121,1137,347,202,122,1,-1,-1,-1
903,121,1160,342,190,122,1,-1,-1,-1
904,121,1184,339,176,118,1,-1,-1,-1
905,121,1201,336,163,115,1,-1,-1,-1
906,121,1215,334,153,110,1,-1,-1,-1
907,121,1228,331,139,108,1,-1,-1,-1
908,121,1237,327,129,108,1,-1,-1,-1
909,121,1243,324,122,105,1,-1,-1,-1
910,121,1248,322,114,102,1,-1,-1,-1
911,121,1248,318,112,101,1,-1,-1,-1
912,121,1246,314,112,100,1,-1,-1,-1
913,121,1241,310,115,100,1,-1,-1,-1
914,121,1234,310,117,96,1,-1,-1,-1
915,121,1229,307,118,93,1,-1,-1,-1
916,121,1222,305,116,91,1,-1,-1,-1
917,121,1215,303,116,89,1,-1,-1,-1
918,121,1209,301,114,86,1,-1,-1,-1
919,121,1201,298,114,87,1,-1,-1,-1
920,121,1195,297,114,85,1,-1,-1,-1
921,121,1190,296,109,81,1,-1,-1,-1
922,121,1193,294,103,80,1,-1,-1,-1
923,121,1175,292,112,79,1,-1,-1,-1
924,121,1169,290,103,74,1,-1,-1,-1
925,121,1163,289,98,50,1,-1,-1,-1
926,121,1159,288,95,47,1,-1,-1,-1
927,121,1155,288,90,49,1,-1,-1,-1
928,121,1143,284,95,66,1,-1,-1,-1
929,121,1138,279,92,71,1,-1,-1,-1
930,121,1131,280,90,67,1,-1,-1,-1
931,121,1127,278,90,65,1,-1,-1,-1
932,121,1120,276,90,67,1,-1,-1,-1
933,121,1118,275,85,64,1,-1,-1,-1
934,121,1114,274,82,63,1,-1,-1,-1
935,121,1108,274,80,62,1,-1,-1,-1
936,121,1107,272,79,62,1,-1,-1,-1
937,121,1103,272,77,59,1,-1,-1,-1
938,121,1101,270,74,59,1,-1,-1,-1
939,121,1097,269,75,57,1,-1,-1,-1
940,121,1096,269,72,56,1,-1,-1,-1
941,121,1094,266,69,57,1,-1,-1,-1
942,121,1092,266,68,55,1,-1,-1,-1
943,121,1090,264,67,54,1,-1,-1,-1
944,121,1089,263,64,53,1,-1,-1,-1
945,121,1086,263,65,50,1,-1,-1,-1
946,121,1086,261,62,51,1,-1,-1,-1
947,121,1084,261,61,50,1,-1,-1,-1
948,121,1083,261,59,49,1,-1,-1,-1
949,121,1083,260,58,49,1,-1,-1,-1
950,121,1082,258,57,48,1,-1,-1,-1
951,121,1080,258,58,47,1,-1,-1,-1
952,121,1081,258,54,44,1,-1,-1,-1
953,121,1082,258,52,42,1,-1,-1,-1
954,121,1081,256,52,42,1,-1,-1,-1
955,121,1081,255,50,42,1,-1,-1,-1
956,121,1081,250,50,46,1,-1,-1,-1
957,121,1080,252,49,44,1,-1,-1,-1
958,121,1080,252,51,44,1,-1,-1,-1
959,121,1080,251,50,43,1,-1,-1,-1
960,121,1079,250,51,43,1,-1,-1,-1
961,121,1079,250,52,40,1,-1,-1,-1
962,121,1080,249,50,40,1,-1,-1,-1
963,121,1078,248,50,39,1,-1,-1,-1
964,121,1079,245,51,40,1,-1,-1,-1
965,121,1081,248,49,38,1,-1,-1,-1
966,121,1082,247,44,36,1,-1,-1,-1
967,121,1082,245,46,38,1,-1,-1,-1
968,121,1083,245,43,37,1,-1,-1,-1
969,121,1084,245,39,37,1,-1,-1,-1
970,121,1083,244,42,38,1,-1,-1,-1
971,121,1084,243,40,36,1,-1,-1,-1
972,121,1084,242,37,35,1,-1,-1,-1
891,122,0,478,45,95,1,-1,-1,-1
892,122,0,470,83,109,1,-1,-1,-1
893,122,0,446,121,141,1,-1,-1,-1
894,122,0,429,161,156,1,-1,-1,-1
895,122,0,422,205,162,1,-1,-1,-1
896,122,0,419,248,164,1,-1,-1,-1
897,122,1,418,292,162,1,-1,-1,-1
898,122,0,416,336,168,1,-1,-1,-1
899,122,1,414,389,167,1,-1,-1,-1
900,122,8,411,427,171,1,-1,-1,-1
901,122,54,409,428,171,1,-1,-1,-1
902,122,102,408,428,169,1,-1,-1,-1
903,122,153,405,427,168,1,-1,-1,-1
904,122,204,402,426,169,1,-1,-1,-1
905,122,254,391,424,175,1,-1,-1,-1
906,122,301,391,426,172,1,-1,-1,-1
907,122,350,392,425,168,1,-1,-1,-1
908,122,400,388,420,168,1,-1,-1,-1
909,122,447,386,417,165,1,-1,-1,-1
910,122,496,382,412,162,1,-1,-1,-1
911,122,545,379,405,161,1,-1,-1,-1
912,122,594,374,395,160,1,-1,-1,-1
913,122,642,369,385,161,1,-1,-1,-1
914,122,685,367,377,157,1,-1,-1,-1
915,122,732,364,362,153,1,-1,-1,-1
916,122,775,361,351,152,1,-1,-1,-1
917,122,819,360,335,149,1,-1,-1,-1
918,122,858,355,323,146,1,-1,-1,-1
919,122,897,352,306,143,1,-1,-1,-1
920,122,933,349,295,141,1,-1,-1,-1
921,122,965,342,286,142,1,-1,-1,-1
922,122,999,340,266,138,1,-1,-1,-1
923,122,1029,338,251,134,1,-1,-1,-1
924,122,1059,335,236,131,1,-1,-1,-1
925,122,1086,331,219,130,1,-1,-1,-1
926,122,1108,331,208,124,1,-1,-1,-1
927,122,1128,332,198,117,1,-1,-1,-1
928,122,1148,326,183,117,1,-1,-1,-1
929,122,1165,322,174,116,1,-1,-1,-1
930,122,1180,321,161,115,1,-1,-1,-1
931,122,1193,320,149,110,1,-1,-1,-1
932,122,1204,319,140,107,1,-1,-1,-1
933,122,1212,314,134,106,1,-1,-1,-1
934,122,1219,311,125,104,1,-1,-1,-1
935,122,1223,308,119,102,1,-1,-1,-1
936,122,1228,307,110,99,1,-1,-1,-1
937,122,1227,305,109,93,1,-1,-1,-1
938,122,1229,299,106,86,1,-1,-1,-1
939,122,1229,298,103,54,1,-1,-1,-1
940,122,1227,297,103,56,1,-1,-1,-1
941,122,1224,296,102,56,1,-1,-1,-1
942,122,1213,296,111,92,1,-1,-1,-1
943,122,1210,293,109,87,1,-1,-1,-1
944,122,1203,293,112,84,1,-1,-1,-1
945,122,1197,289,109,85,1,-1,-1,-1
946,122,1193,290,112,81,1,-1,-1,-1
947,122,1187,286,113,84,1,-1,-1,-1
948,122,1183,286,113,82,1,-1,-1,-1
949,122,1178,284,109,81,1,-1,-1,-1
950,122,1172,282,107,79,1,-1,-1,-1
951,122,1166,283,104,76,1,-1,-1,-1
952,122,1164,279,99,76,1,-1,-1,-1
953,122,1158,278,99,75,1,-1,-1,-1
954,122,1155,277,96,74,1,-1,-1,-1
955,122,1149,273,97,76,1,-1,-1,-1
956,122,1145,273,95,71,1,-1,-1,-1
957,122,1140,273,93,69,1,-1,-1,-1
958,122,1133,272,94,68,1,-1,-1,-1
959,122,1130,272,91,67,1,-1,-1,-1
960,122,1125,272,89,66,1,-1,-1,-1
961,122,1121,271,89,65,1,-1,-1,-1
962,122,1117,267,87,62,1,-1,-1,-1
963,122,1115,267,85,62,1,-1,-1,-1
964,122,1111,267,84,61,1,-1,-1,-1
965,122,1110,266,77,59,1,-1,-1,-1
966,122,1106,266,79,58,1,-1,-1,-1
967,122,1104,264,78,58,1,-1,-1,-1
968,122,1101,263,77,57,1,-1,-1,-1
969,122,1098,262,72,56,1,-1,-1,-1
970,122,1096,260,70,55,1,-1,-1,-1
971,122,1095,262,64,50,1,-1,-1,-1
972,122,1092,261,64,50,1,-1,-1,-1
973,122,1087,256,63,54,1,-1,-1,-1
974,122,1085,255,62,54,1,-1,-1,-1
975,122,1085,250,59,56,1,-1,-1,-1
976,122,1083,248,59,57,1,-1,-1,-1
977,122,1083,245,57,57,1,-1,-1,-1
978,122,1082,247,56,57,1,-1,-1,-1
979,122,1081,246,53,55,1,-1,-1,-1
980,122,1081,246,52,55,1,-1,-1,-1
981,122,1080,243,51,56,1,-1,-1,-1
982,122,1080,247,47,48,1,-1,-1,-1
983,122,1078,247,52,47,1,-1,-1,-1
984,122,1079,248,49,44,1,-1,-1,-1
985,122,1079,248,48,45,1,-1,-1,-1
986,122,1078,249,46,42,1,-1,-1,-1
987,122,1077,247,47,43,1,-1,-1,-1
988,122,1078,249,44,39,1,-1,-1,-1
989,122,1077,247,47,42,1,-1,-1,-1
990,122,1076,238,53,48,1,-1,-1,-1
991,122,1076,240,51,44,1,-1,-1,-1
992,122,1076,242,52,43,1,-1,-1,-1
993,122,1077,241,54,43,1,-1,-1,-1
994,122,1077,241,44,37,1,-1,-1,-1
910,123,0,480,42,93,1,-1,-1,-1
911,123,0,469,91,118,1,-1,-1,-1
912,123,0,446,139,141,1,-1,-1,-1
913,123,0,433,189,153,1,-1,-1,-1
914,123,1,428,244,157,1,-1,-1,-1
915,123,2,429,295,158,1,-1,-1,-1
916,123,1,431,352,155,1,-1,-1,-1
917,123,30,426,380,160,1,-1,-1,-1
918,123,85,423,383,158,1,-1,-1,-1
919,123,145,423,383,156,1,-1,-1,-1
920,123,203,418,387,156,1,-1,-1,-1
921,123,264,416,384,156,1,-1,-1,-1
922,123,323,411,385,156,1,-1,-1,-1
923,123,384,410,382,153,1,-1,-1,-1
924,123,443,407,382,151,1,-1,-1,-1
925,123,504,400,377,154,1,-1,-1,-1
926,123,563,399,371,149,1,-1,-1,-1
927,123,623,390,364,152,1,-1,-1,-1
928,123,679,385,357,152,1,-1,-1,-1
929,123,733,383,349,149,1,-1,-1,-1
930,123,787,380,340,145,1,-1,-1,-1
931,123,839,378,327,140,1,-1,-1,-1
932,123,888,373,313,140,1,-1,-1,-1
933,123,933,370,302,138,1,-1,-1,-1
934,123,977,369,287,133,1,-1,-1,-1
935,123,1019,365,271,130,1,-1,-1,-1
936,123,1055,360,261,129,1,-1,-1,-1
937,123,1090,357,249,125,1,-1,-1,-1
938,123,1125,351,229,126,1,-1,-1,-1
939,123,1152,350,218,122,1,-1,-1,-1
940,123,1178,346,205,120,1,-1,-1,-1
941,123,1203,343,189,117,1,-1,-1,-1
942,123,1222,338,177,117,1,-1,-1,-1
943,123,1240,337,157,111,1,-1,-1,-1
944,123,1258,333,150,111,1,-1,-1,-1
945,123,1268,332,137,105,1,-1,-1,-1
946,123,1277,331,131,102,1,-1,-1,-1
947,123,1285,328,124,100,1,-1,-1,-1
948,123,1290,323,113,102,1,-1,-1,-1
949,123,1293,321,108,99,1,-1,-1,-1
950,123,1291,320,110,96,1,-1,-1,-1
951,123,1283,319,114,92,1,-1,-1,-1
952,123,1279,316,114,91,1,-1,-1,-1
953,123,1271,312,116,91,1,-1,-1,-1
954,123,1263,310,118,88,1,-1,-1,-1
955,123,1258,308,115,87,1,-1,-1,-1
956,123,1250,305,116,87,1,-1,-1,-1
957,123,1243,304,114,83,1,-1,-1,-1
958,123,1238,302,111,81,1,-1,-1,-1
959,123,1230,299,110,81,1,-1,-1,-1
960,123,1223,298,108,79,1,-1,-1,-1
961,123,1215,296,106,77,1,-1,-1,-1
962,123,1217,295,97,77,1,-1,-1,-1
963,123,1218,294,88,76,1,-1,-1,-1
964,123,1209,293,87,77,1,-1,-1,-1
965,123,1196,290,100,65,1,-1,-1,-1
966,123,1193,288,90,46,1,-1,-1,-1
967,123,1183,288,84,43,1,-1,-1,-1
968,123,1166,285,94,48,1,-1,-1,-1
969,123,1163,286,88,59,1,-1,-1,-1
970,123,1155,282,89,61,1,-1,-1,-1
971,123,1151,280,83,63,1,-1,-1,-1
972,123,1145,277,84,64,1,-1,-1,-1
973,123,1141,274,82,65,1,-1,-1,-1
974,123,1136,272,79,64,1,-1,-1,-1
975,123,1130,274,79,60,1,-1,-1,-1
976,123,1127,272,77,60,1,-1,-1,-1
977,123,1124,272,74,57,1,-1,-1,-1
978,123,1120,271,73,56,1,-1,-1,-1
979,123,1117,271,70,55,1,-1,-1,-1
980,123,1111,270,70,54,1,-1,-1,-1
981,123,1108,271,68,51,1,-1,-1,-1
982,123,1106,269,68,52,1,-1,-1,-1
983,123,1105,268,66,51,1,-1,-1,-1
984,123,1103,269,63,48,1,-1,-1,-1
985,123,1100,265,62,49,1,-1,-1,-1
986,123,1100,265,58,48,1,-1,-1,-1
987,123,1099,265,57,46,1,-1,-1,-1
988,123,1095,265,57,45,1,-1,-1,-1
989,123,1095,265,55,43,1,-1,-1,-1
990,123,1092,262,55,44,1,-1,-1,-1
991,123,1090,261,55,43,1,-1,-1,-1
992,123,1086,261,57,42,1,-1,-1,-1
993,123,1084,258,57,43,1,-1,-1,-1
994,123,1086,262,55,38,1,-1,-1,-1
995,123,1085,259,54,39,1,-1,-1,-1
996,123,1084,257,56,41,1,-1,-1,-1
997,123,1084,262,51,33,1,-1,-1,-1
998,123,1083,258,54,37,1,-1,-1,-1
999,123,1083,255,49,40,1,-1,-1,-1
1000,123,1083,259,50,36,1,-1,-1,-1
1001,123,1083,257,47,37,1,-1,-1,-1
1002,123,1081,248,48,41,1,-1,-1,-1
1003,123,1081,247,47,42,1,-1,-1,-1
1004,123,1082,248,46,40,1,-1,-1,-1
1005,123,1081,242,47,45,1,-1,-1,-1
1006,123,1082,239,48,47,1,-1,-1,-1
1007,123,1083,238,49,46,1,-1,-1,-1
1008,123,1085,236,47,47,1,-1,-1,-1
1009,123,1085,234,48,48,1,-1,-1,-1
1010,123,1083,234,51,43,1,-1,-1,-1
1011,123,1085,234,53,40,1,-1,-1,-1
1018,123,1092,218,42,29,1,-1,-1,-1
1019,123,1093,220,41,30,1,-1,-1,-1
1020,123,1094,219,40,29,1,-1,-1,-1
1021,123,1093,220,41,28,1,-1,-1,-1
1022,123,1093,219,41,27,1,-1,-1,-1
1023,123,1094,218,40,30,1,-1,-1,-1
1024,123,1094,218,40,31,1,-1,-1,-1
1025,123,1094,216,40,30,1,-1,-1,-1
1035,123,1096,218,37,31,1,-1,-1,-1
1036,123,1096,219,38,28,1,-1,-1,-1
933,126,0,458,60,118,1,-1,-1,-1
934,126,1,455,107,137,1,-1,-1,-1
935,126,0,422,153,170,1,-1,-1,-1
936,126,0,408,202,184,1,-1,-1,-1
937,126,1,406,248,186,1,-1,-1,-1
938,126,1,405,298,185,1,-1,-1,-1
939,126,2,402,349,184,1,-1,-1,-1
940,126,1,399,400,185,1,-1,-1,-1
941,126,1,398,450,193,1,-1,-1,-1
942,126,2,397,503,195,1,-1,-1,-1
943,126,7,393,553,195,1,-1,-1,-1
944,126,57,390,554,196,1,-1,-1,-1
945,126,107,385,555,201,1,-1,-1,-1
946,126,162,384,550,200,1,-1,-1,-1
947,126,217,380,545,199,1,-1,-1,-1
948,126,272,377,540,199,1,-1,-1,-1
949,126,321,374,537,197,1,-1,-1,-1
950,126,368,371,538,198,1,-1,-1,-1
951,126,418,368,532,197,1,-1,-1,-1
952,126,466,364,529,194,1,-1,-1,-1
953,126,512,362,522,191,1,-1,-1,-1
954,126,558,362,514,187,1,-1,-1,-1
955,126,608,357,500,187,1,-1,-1,-1
956,126,655,354,486,184,1,-1,-1,-1
957,126,699,353,473,181,1,-1,-1,-1
958,126,738,349,464,182,1,-1,-1,-1
959,126,784,349,447,174,1,-1,-1,-1
960,126,828,342,424,175,1,-1,-1,-1
961,126,867,340,402,172,1,-1,-1,-1
962,126,904,335,383,171,1,-1,-1,-1
963,126,939,333,366,166,1,-1,-1,-1
964,126,971,331,349,163,1,-1,-1,-1
965,126,1004,331,326,159,1,-1,-1,-1
966,126,1036,326,304,158,1,-1,-1,-1
967,126,1064,322,284,155,1,-1,-1,-1
968,126,1087,319,266,153,1,-1,-1,-1
969,126,1108,315,249,153,1,-1,-1,-1
970,126,1126,315,230,148,1,-1,-1,-1
971,126,1147,314,212,143,1,-1,-1,-1
972,126,1164,311,197,140,1,-1,-1,-1
973,126,1175,309,183,137,1,-1,-1,-1
974,126,1187,306,172,136,1,-1,-1,-1
975,126,1195,305,160,135,1,-1,-1,-1
976,126,1205,304,152,129,1,-1,-1,-1
977,126,1210,301,144,127,1,-1,-1,-1
978,126,1213,301,130,125,1,-1,-1,-1
979,126,1216,300,128,119,1,-1,-1,-1
980,126,1217,298,122,118,1,-1,-1,-1
981,126,1214,295,122,119,1,-1,-1,-1
982,126,1211,293,122,117,1,-1,-1,-1
983,126,1202,292,129,112,1,-1,-1,-1
984,126,1197,290,130,112,1,-1,-1,-1
985,126,1196,289,129,109,1,-1,-1,-1
986,126,1190,288,131,106,1,-1,-1,-1
987,126,1185,286,130,104,1,-1,-1,-1
988,126,1179,283,130,104,1,-1,-1,-1
989,126,1173,281,132,103,1,-1,-1,-1
990,126,1168,280,128,100,1,-1,-1,-1
991,126,1164,279,130,98,1,-1,-1,-1
992,126,1158,278,133,97,1,-1,-1,-1
993,126,1152,277,129,96,1,-1,-1,-1
994,126,1147,274,123,96,1,-1,-1,-1
995,126,1142,273,124,94,1,-1,-1,-1
996,126,1138,271,120,94,1,-1,-1,-1
997,126,1131,270,120,92,1,-1,-1,-1
998,126,1127,269,117,90,1,-1,-1,-1
999,126,1120,269,121,89,1,-1,-1,-1
1000,126,1115,269,115,83,1,-1,-1,-1
1001,126,1111,266,113,86,1,-1,-1,-1
1002,126,1107,268,109,80,1,-1,-1,-1
1003,126,1104,266,107,80,1,-1,-1,-1
1004,126,1101,266,103,79,1,-1,-1,-1
1005,126,1102,266,94,76,1,-1,-1,-1
1006,126,1097,264,95,75,1,-1,-1,-1
1007,126,1099,261,88,76,1,-1,-1,-1
1008,126,1094,263,88,73,1,-1,-1,-1
1009,126,1088,262,89,72,1,-1,-1,-1
1010,126,1084,260,90,71,1,-1,-1,-1
1011,126,1082,259,87,70,1,-1,-1,-1
1012,126,1081,257,83,71,1,-1,-1,-1
1013,126,1077,257,83,68,1,-1,-1,-1
1014,126,1077,259,79,67,1,-1,-1,-1
1015,126,1076,260,76,63,1,-1,-1,-1
1016,126,1073,257,78,63,1,-1,-1,-1
1017,126,1072,258,75,61,1,-1,-1,-1
1018,126,1070,254,75,63,1,-1,-1,-1
1019,126,1070,257,71,57,1,-1,-1,-1
1020,126,1069,255,71,59,1,-1,-1,-1
1021,126,1069,253,65,59,1,-1,-1,-1
1022,126,1066,252,65,58,1,-1,-1,-1
1023,126,1065,252,66,57,1,-1,-1,-1
1024,126,1067,252,61,55,1,-1,-1,-1
1025,126,1065,248,62,58,1,-1,-1,-1
1026,126,1065,248,61,56,1,-1,-1,-1
1027,126,1065,251,60,53,1,-1,-1,-1
1028,126,1064,252,60,50,1,-1,-1,-1
1029,126,1063,250,58,51,1,-1,-1,-1
1030,126,1064,249,57,51,1,-1,-1,-1
1031,126,1063,249,56,48,1,-1,-1,-1
1032,126,1063,247,55,51,1,-1,-1,-1
1033,126,1063,244,55,49,1,-1,-1,-1
1034,126,1063,246,55,48,1,-1,-1,-1
1035,126,1064,247,52,46,1,-1,-1,-1
1036,126,1064,242,50,48,1,-1,-1,-1
1037,126,1064,240,51,50,1,-1,-1,-1
1038,126,1065,242,49,47,1,-1,-1,-1
1039,126,1066,242,47,45,1,-1,-1,-1
1040,126,1066,241,49,45,1,-1,-1,-1
1041,126,1067,240,49,45,1,-1,-1,-1
1042,126,1067,238,48,46,1,-1,-1,-1
1043,126,1068,238,48,45,1,-1,-1,-1
1044,126,1069,238,49,43,1,-1,-1,-1
1045,126,1069,237,49,45,1,-1,-1,-1
1046,126,1070,236,49,44,1,-1,-1,-1
1047,126,1072,236,47,43,1,-1,-1,-1
1048,126,1072,237,48,42,1,-1,-1,-1
1049,126,1072,237,47,40,1,-1,-1,-1
1050,126,1072,237,47,39,1,-1,-1,-1
1051,126,1073,237,46,39,1,-1,-1,-1
1052,126,1074,236,47,38,1,-1,-1,-1
1053,126,1075,237,45,36,1,-1,-1,-1
1054,126,1077,236,43,37,1,-1,-1,-1
1055,126,1078,236,43,37,1,-1,-1,-1
1056,126,1078,237,43,35,1,-1,-1,-1
1057,126,1077,235,44,36,1,-1,-1,-1
1058,126,1078,232,44,38,1,-1,-1,-1
1059,126,1079,234,40,35,1,-1,-1,-1
1060,126,1079,235,40,33,1,-1,-1,-1
1061,126,1080,234,41,33,1,-1,-1,-1
1062,126,1080,234,41,32,1,-1,-1,-1
1063,126,1081,235,38,30,1,-1,-1,-1
1064,126,1081,234,39,31,1,-1,-1,-1
1065,126,1081,233,38,31,1,-1,-1,-1
1066,126,1082,233,36,30,1,-1,-1,-1
1067,126,1083,233,38,29,1,-1,-1,-1
1068,126,1082,233,34,28,1,-1,-1,-1
1069,126,1083,232,33,29,1,-1,-1,-1
1070,126,1085,229,39,33,1,-1,-1,-1
1071,126,1086,228,38,33,1,-1,-1,-1
1072,126,1087,228,36,32,1,-1,-1,-1
1073,126,1086,228,36,31,1,-1,-1,-1
1074,126,1087,227,34,32,1,-1,-1,-1
1075,126,1087,227,37,32,1,-1,-1,-1
1076,126,1087,227,36,30,1,-1,-1,-1
1077,126,1088,226,36,31,1,-1,-1,-1
1078,126,1088,229,33,28,1,-1,-1,-1
1079,126,1088,229,31,27,1,-1,-1,-1
1080,126,1088,229,32,27,1,-1,-1,-1
1081,126,1088,223,33,32,1,-1,-1,-1
1082,126,1090,214,36,39,1,-1,-1,-1
1083,126,1090,216,34,38,1,-1,-1,-1
1084,126,1090,220,34,33,1,-1,-1,-1
1085,126,1090,220,34,33,1,-1,-1,-1
1086,126,1090,219,34,34,1,-1,-1,-1
1087,126,1091,219,34,33,1,-1,-1,-1
1088,126,1092,219,34,33,1,-1,-1,-1
1089,126,1092,220,33,32,1,-1,-1,-1
1090,126,1093,219,33,32,1,-1,-1,-1
1091,126,1092,219,35,30,1,-1,-1,-1
1092,126,1092,219,36,29,1,-1,-1,-1
1093,126,1092,219,36,31,1,-1,-1,-1
1094,126,1094,220,35,29,1,-1,-1,-1
1095,126,1094,220,35,29,1,-1,-1,-1
1096,126,1095,220,33,28,1,-1,-1,-1
1098,126,1094,221,36,27,1,-1,-1,-1
1099,126,1093,220,38,27,1,-1,-1,-1
1100,126,1094,220,38,27,1,-1,-1,-1
1101,126,1093,217,41,29,1,-1,-1,-1
1102,126,1094,215,41,31,1,-1,-1,-1
1103,126,1094,214,39,32,1,-1,-1,-1
1104,126,1094,214,40,32,1,-1,-1,-1
1105,126,1095,215,37,31,1,-1,-1,-1
1106,126,1094,214,37,31,1,-1,-1,-1
1107,126,1094,214,36,29,1,-1,-1,-1
1108,126,1094,215,36,29,1,-1,-1,-1
1109,126,1095,214,37,30,1,-1,-1,-1
1110,126,1094,214,39,29,1,-1,-1,-1
1111,126,1096,218,34,26,1,-1,-1,-1
1112,126,1097,219,33,26,1,-1,-1,-1
1113,126,1097,219,34,25,1,-1,-1,-1
1115,126,1097,220,32,23,1,-1,-1,-1
1116,126,1096,217,34,24,1,-1,-1,-1
1117,126,1098,216,34,25,1,-1,-1,-1
1118,126,1097,215,33,26,1,-1,-1,-1
1119,126,1095,214,36,26,1,-1,-1,-1
1120,126,1094,214,35,26,1,-1,-1,-1
1121,126,1096,214,33,26,1,-1,-1,-1
1122,126,1096,214,33,26,1,-1,-1,-1
955,129,0,623,66,125,1,-1,-1,-1
956,129,0,614,117,144,1,-1,-1,-1
957,129,0,593,166,174,1,-1,-1,-1
958,129,0,571,223,194,1,-1,-1,-1
959,129,1,569,284,196,1,-1,-1,-1
960,129,0,566,345,201,1,-1,-1,-1
961,129,1,567,413,199,1,-1,-1,-1
962,129,0,569,481,199,1,-1,-1,-1
963,129,0,567,553,201,1,-1,-1,-1
964,129,51,565,580,203,1,-1,-1,-1
965,129,125,562,585,207,1,-1,-1,-1
966,129,199,560,594,208,1,-1,-1,-1
967,129,282,559,596,208,1,-1,-1,-1
968,129,365,557,605,210,1,-1,-1,-1
969,129,454,557,608,211,1,-1,-1,-1
970,129,550,556,611,210,1,-1,-1,-1
971,129,646,554,615,212,1,-1,-1,-1
972,129,750,552,612,213,1,-1,-1,-1
973,129,857,552,608,212,1,-1,-1,-1
974,129,964,551,607,210,1,-1,-1,-1
975,129,1074,550,604,210,1,-1,-1,-1
976,129,1188,548,593,213,1,-1,-1,-1
977,129,1301,547,587,211,1,-1,-1,-1
978,129,1418,547,501,208,1,-1,-1,-1
979,129,1533,544,386,209,1,-1,-1,-1
980,129,1647,545,273,205,1,-1,-1,-1
981,129,1763,551,156,194,1,-1,-1,-1
960,131,0,486,176,107,1,-1,-1,-1
961,131,1,481,221,107,1,-1,-1,-1
962,131,0,475,264,136,1,-1,-1,-1
963,131,0,476,313,151,1,-1,-1,-1
964,131,0,473,361,193,1,-1,-1,-1
965,131,1,470,412,198,1,-1,-1,-1
966,131,30,472,442,194,1,-1,-1,-1
967,131,87,469,448,199,1,-1,-1,-1
968,131,148,466,452,202,1,-1,-1,-1
969,131,210,464,454,203,1,-1,-1,-1
970,131,275,463,462,203,1,-1,-1,-1
971,131,345,462,463,203,1,-1,-1,-1
972,131,417,463,469,202,1,-1,-1,-1
973,131,492,460,471,206,1,-1,-1,-1
974,131,574,459,472,207,1,-1,-1,-1
975,131,654,457,477,208,1,-1,-1,-1
976,131,740,456,474,207,1,-1,-1,-1
977,131,828,455,473,208,1,-1,-1,-1
978,131,915,450,475,214,1,-1,-1,-1
979,131,1002,451,479,212,1,-1,-1,-1
980,131,1098,448,471,212,1,-1,-1,-1
981,131,1193,448,468,212,1,-1,-1,-1
982,131,1288,446,468,212,1,-1,-1,-1
983,131,1387,448,455,208,1,-1,-1,-1
984,131,1482,443,436,212,1,-1,-1,-1
985,131,1579,449,340,203,1,-1,-1,-1
986,131,1674,447,244,203,1,-1,-1,-1
987,131,1766,449,154,198,1,-1,-1,-1
976,135,860,225,51,27,1,-1,-1,-1
977,135,857,224,54,27,1,-1,-1,-1
978,135,856,224,54,28,1,-1,-1,-1
979,135,860,225,51,27,1,-1,-1,-1
980,135,860,225,51,27,1,-1,-1,-1
981,135,859,224,52,27,1,-1,-1,-1
982,135,859,225,52,27,1,-1,-1,-1
983,135,858,225,53,27,1,-1,-1,-1
984,135,858,225,53,27,1,-1,-1,-1
985,135,864,224,48,27,1,-1,-1,-1
986,135,864,224,48,27,1,-1,-1,-1
987,135,864,224,48,27,1,-1,-1,-1
988,135,864,225,49,27,1,-1,-1,-1
989,135,864,225,48,27,1,-1,-1,-1
990,135,864,225,49,27,1,-1,-1,-1
991,135,864,225,49,27,1,-1,-1,-1
992,135,863,224,49,27,1,-1,-1,-1
993,135,864,224,48,27,1,-1,-1,-1
994,135,864,224,48,27,1,-1,-1,-1
995,135,863,225,49,27,1,-1,-1,-1
996,135,864,225,49,26,1,-1,-1,-1
1001,135,856,224,53,26,1,-1,-1,-1
1005,135,859,225,51,26,1,-1,-1,-1
1006,135,861,225,49,26,1,-1,-1,-1
1007,135,861,225,50,26,1,-1,-1,-1
1008,135,860,225,50,26,1,-1,-1,-1
1009,135,861,224,49,27,1,-1,-1,-1
1010,135,861,224,49,27,1,-1,-1,-1
1011,135,861,224,49,27,1,-1,-1,-1
1012,135,861,224,48,27,1,-1,-1,-1
1013,135,862,224,48,27,1,-1,-1,-1
1014,135,862,224,48,26,1,-1,-1,-1
1029,135,862,226,47,25,1,-1,-1,-1
1045,135,860,226,49,25,1,-1,-1,-1
1046,135,860,226,49,26,1,-1,-1,-1
1047,135,860,226,49,25,1,-1,-1,-1
1048,135,860,226,49,25,1,-1,-1,-1
1049,135,860,226,49,25,1,-1,-1,-1
1050,135,860,226,49,25,1,-1,-1,-1
1051,135,860,226,49,25,1,-1,-1,-1
1052,135,861,226,48,25,1,-1,-1,-1
1053,135,861,226,48,25,1,-1,-1,-1
1055,135,861,226,49,25,1,-1,-1,-1
1081,135,861,225,50,26,1,-1,-1,-1
1082,135,860,225,50,27,1,-1,-1,-1
1083,135,860,225,50,27,1,-1,-1,-1
1084,135,859,225,52,26,1,-1,-1,-1
1085,135,858,226,53,26,1,-1,-1,-1
1086,135,858,226,52,26,1,-1,-1,-1
1088,135,861,226,50,26,1,-1,-1,-1
977,136,0,475,153,191,1,-1,-1,-1
978,136,0,454,225,213,1,-1,-1,-1
979,136,0,452,303,214,1,-1,-1,-1
980,136,1,448,383,218,1,-1,-1,-1
981,136,0,447,465,220,1,-1,-1,-1
982,136,0,443,556,226,1,-1,-1,-1
983,136,20,440,624,230,1,-1,-1,-1
984,136,108,439,632,231,1,-1,-1,-1
985,136,196,438,642,228,1,-1,-1,-1
986,136,287,436,652,231,1,-1,-1,-1
987,136,385,434,654,233,1,-1,-1,-1
988,136,490,433,656,232,1,-1,-1,-1
989,136,597,431,655,234,1,-1,-1,-1
990,136,704,429,657,235,1,-1,-1,-1
991,136,814,429,657,234,1,-1,-1,-1
992,136,935,431,646,231,1,-1,-1,-1
993,136,1051,428,641,233,1,-1,-1,-1
994,136,1159,430,640,229,1,-1,-1,-1
995,136,1277,429,628,227,1,-1,-1,-1
996,136,1388,430,529,227,1,-1,-1,-1
997,136,1505,432,414,221,1,-1,-1,-1
998,136,1615,428,304,224,1,-1,-1,-1
999,136,1729,475,189,176,1,-1,-1,-1
984,140,0,599,115,165,1,-1,-1,-1
985,140,0,558,190,210,1,-1,-1,-1
986,140,0,544,268,224,1,-1,-1,-1
987,140,1,543,351,225,1,-1,-1,-1
988,140,0,537,435,235,1,-1,-1,-1
989,140,0,534,524,237,1,-1,-1,-1
990,140,54,533,562,240,1,-1,-1,-1
991,140,142,531,572,243,1,-1,-1,-1
992,140,236,531,576,242,1,-1,-1,-1
993,140,332,528,581,245,1,-1,-1,-1
994,140,433,527,587,245,1,-1,-1,-1
995,140,537,524,590,249,1,-1,-1,-1
996,140,647,524,589,246,1,-1,-1,-1
997,140,762,524,583,246,1,-1,-1,-1
998,140,875,522,582,247,1,-1,-1,-1
999,140,988,521,581,245,1,-1,-1,-1
1000,140,1102,520,577,247,1,-1,-1,-1
1001,140,1218,518,570,247,1,-1,-1,-1
1002,140,1329,518,566,244,1,-1,-1,-1
1003,140,1443,518,476,242,1,-1,-1,-1
1004,140,1558,515,360,239,1,-1,-1,-1
1005,140,1668,516,250,239,1,-1,-1,-1
1006,140,1779,518,140,229,1,-1,-1,-1
988,143,1028,229,32,24,1,-1,-1,-1
989,143,1027,229,32,23,1,-1,-1,-1
991,143,1023,229,31,23,1,-1,-1,-1
992,143,1024,229,30,23,1,-1,-1,-1
993,143,1020,232,33,24,1,-1,-1,-1
994,143,1021,233,31,23,1,-1,-1,-1
995,143,1019,232,33,22,1,-1,-1,-1
996,143,1018,232,32,24,1,-1,-1,-1
997,143,1017,233,32,24,1,-1,-1,-1
998,143,1014,232,36,24,1,-1,-1,-1
999,143,1014,233,35,24,1,-1,-1,-1
1000,143,1010,233,37,23,1,-1,-1,-1
1001,143,1010,232,36,24,1,-1,-1,-1
1002,143,1008,232,36,26,1,-1,-1,-1
1003,143,1007,233,33,25,1,-1,-1,-1
1004,143,1006,234,34,27,1,-1,-1,-1
1005,143,1004,234,35,27,1,-1,-1,-1
1006,143,1003,235,35,26,1,-1,-1,-1
1007,143,1000,235,37,26,1,-1,-1,-1
1008,143,999,235,36,27,1,-1,-1,-1
1009,143,998,235,36,30,1,-1,-1,-1
1010,143,996,235,37,29,1,-1,-1,-1
1011,143,994,235,37,30,1,-1,-1,-1
1012,143,993,235,38,29,1,-1,-1,-1
1013,143,991,236,38,29,1,-1,-1,-1
1014,143,989,238,39,29,1,-1,-1,-1
1015,143,988,238,36,28,1,-1,-1,-1
1016,143,986,239,38,28,1,-1,-1,-1
1017,143,985,239,37,27,1,-1,-1,-1
1018,143,983,241,38,27,1,-1,-1,-1
1019,143,980,241,40,28,1,-1,-1,-1
1020,143,977,241,44,28,1,-1,-1,-1
1021,143,975,242,43,28,1,-1,-1,-1
1022,143,975,242,38,26,1,-1,-1,-1
1023,143,973,243,38,27,1,-1,-1,-1
1024,143,972,243,42,28,1,-1,-1,-1
1025,143,969,244,40,28,1,-1,-1,-1
1026,143,968,244,42,28,1,-1,-1,-1
1027,143,967,246,42,27,1,-1,-1,-1
1028,143,967,245,41,29,1,-1,-1,-1
1029,143,965,246,41,29,1,-1,-1,-1
1030,143,962,246,43,30,1,-1,-1,-1
1031,143,960,246,43,30,1,-1,-1,-1
1032,143,960,247,43,30,1,-1,-1,-1
1033,143,959,249,43,29,1,-1,-1,-1
1034,143,957,249,44,30,1,-1,-1,-1
1035,143,957,248,45,31,1,-1,-1,-1
1036,143,957,248,45,32,1,-1,-1,-1
1037,143,956,249,44,33,1,-1,-1,-1
1038,143,955,250,45,33,1,-1,-1,-1
1039,143,955,250,45,32,1,-1,-1,-1
1040,143,955,250,44,35,1,-1,-1,-1
1041,143,953,251,46,35,1,-1,-1,-1
1042,143,953,251,48,36,1,-1,-1,-1
1043,143,952,251,49,36,1,-1,-1,-1
1044,143,953,251,49,39,1,-1,-1,-1
1045,143,952,251,49,38,1,-1,-1,-1
1046,143,952,252,48,38,1,-1,-1,-1
1047,143,951,252,50,41,1,-1,-1,-1
1048,143,953,253,50,39,1,-1,-1,-1
1049,143,953,255,49,40,1,-1,-1,-1
1050,143,952,254,52,42,1,-1,-1,-1
1051,143,953,255,52,42,1,-1,-1,-1
1052,143,953,258,53,40,1,-1,-1,-1
1053,143,953,259,56,40,1,-1,-1,-1
1054,143,955,260,55,41,1,-1,-1,-1
1055,143,954,261,57,41,1,-1,-1,-1
1056,143,954,262,58,40,1,-1,-1,-1
1057,143,957,265,57,39,1,-1,-1,-1
1058,143,956,267,58,38,1,-1,-1,-1
1059,143,959,266,60,42,1,-1,-1,-1
1060,143,960,267,59,43,1,-1,-1,-1
1061,143,959,268,62,44,1,-1,-1,-1
1062,143,961,268,61,45,1,-1,-1,-1
1063,143,964,271,60,44,1,-1,-1,-1
1064,143,966,272,59,43,1,-1,-1,-1
1065,143,967,272,60,45,1,-1,-1,-1
1066,143,968,273,62,45,1,-1,-1,-1
1067,143,969,272,64,48,1,-1,-1,-1
1068,143,971,272,63,47,1,-1,-1,-1
1069,143,972,274,63,48,1,-1,-1,-1
1070,143,972,275,65,48,1,-1,-1,-1
1071,143,973,271,66,53,1,-1,-1,-1
1072,143,975,274,68,50,1,-1,-1,-1
1073,143,975,275,70,52,1,-1,-1,-1
1074,143,978,276,68,52,1,-1,-1,-1
1075,143,978,277,71,54,1,-1,-1,-1
1076,143,979,277,74,54,1,-1,-1,-1
1077,143,980,278,76,56,1,-1,-1,-1
1078,143,982,278,77,56,1,-1,-1,-1
1079,143,984,278,78,59,1,-1,-1,-1
1080,143,985,279,81,60,1,-1,-1,-1
1081,143,987,281,82,59,1,-1,-1,-1
1082,143,987,283,83,59,1,-1,-1,-1
1083,143,988,283,85,60,1,-1,-1,-1
1084,143,993,285,83,59,1,-1,-1,-1
1085,143,993,289,86,59,1,-1,-1,-1
1086,143,995,288,87,61,1,-1,-1,-1
1087,143,997,289,87,62,1,-1,-1,-1
1088,143,999,289,89,64,1,-1,-1,-1
1089,143,1003,290,88,63,1,-1,-1,-1
1090,143,1009,290,86,65,1,-1,-1,-1
1091,143,1006,291,92,65,1,-1,-1,-1
1092,143,1010,292,89,65,1,-1,-1,-1
1093,143,1012,293,89,65,1,-1,-1,-1
1094,143,1012,295,93,66,1,-1,-1,-1
1095,143,1015,295,95,67,1,-1,-1,-1
1096,143,1017,295,96,67,1,-1,-1,-1
1097,143,1017,297,99,67,1,-1,-1,-1
1098,143,1019,298,98,67,1,-1,-1,-1
1099,143,1021,298,100,68,1,-1,-1,-1
1100,143,1023,299,102,69,1,-1,-1,-1
1101,143,1025,301,103,69,1,-1,-1,-1
1102,143,1028,300,103,72,1,-1,-1,-1
1103,143,1029,301,103,72,1,-1,-1,-1
1104,143,1029,303,105,71,1,-1,-1,-1
1105,143,1031,304,105,69,1,-1,-1,-1
1106,143,1035,303,106,51,1,-1,-1,-1
1107,143,1035,304,109,49,1,-1,-1,-1
1108,143,1037,304,109,76,1,-1,-1,-1
1109,143,1041,306,108,73,1,-1,-1,-1
1110,143,1042,306,108,75,1,-1,-1,-1
1111,143,1044,306,109,75,1,-1,-1,-1
1112,143,1043,304,112,76,1,-1,-1,-1
1113,143,1049,307,106,39,1,-1,-1,-1
1114,143,1055,309,107,77,1,-1,-1,-1
1115,143,1048,309,113,75,1,-1,-1,-1
1116,143,1050,309,113,78,1,-1,-1,-1
1117,143,1050,309,114,79,1,-1,-1,-1
1118,143,1052,309,113,79,1,-1,-1,-1
1119,143,1054,310,112,78,1,-1,-1,-1
1120,143,1055,311,112,78,1,-1,-1,-1
1121,143,1055,311,113,78,1,-1,-1,-1
1122,143,1055,310,115,79,1,-1,-1,-1
1123,143,1055,312,115,78,1,-1,-1,-1
1124,143,1055,312,115,78,1,-1,-1,-1
1125,143,1055,313,117,79,1,-1,-1,-1
1126,143,1055,313,117,80,1,-1,-1,-1
1127,143,1056,312,117,81,1,-1,-1,-1
1128,143,1057,312,118,81,1,-1,-1,-1
1129,143,1058,312,117,80,1,-1,-1,-1
1130,143,1058,313,118,80,1,-1,-1,-1
1131,143,1059,312,117,80,1,-1,-1,-1
1132,143,1058,312,118,80,1,-1,-1,-1
1133,143,1059,313,119,80,1,-1,-1,-1
1134,143,1059,313,119,74,1,-1,-1,-1
1135,143,1058,312,119,80,1,-1,-1,-1
1136,143,1059,313,118,80,1,-1,-1,-1
1137,143,1059,313,118,80,1,-1,-1,-1
1138,143,1059,313,118,80,1,-1,-1,-1
1139,143,1059,312,118,81,1,-1,-1,-1
1140,143,1060,313,118,80,1,-1,-1,-1
1141,143,1060,313,118,80,1,-1,-1,-1
1142,143,1060,313,118,80,1,-1,-1,-1
1143,143,1060,313,118,80,1,-1,-1,-1
1144,143,1060,313,118,80,1,-1,-1,-1
1145,143,1060,313,118,80,1,-1,-1,-1
1146,143,1060,313,117,80,1,-1,-1,-1
1147,143,1060,313,118,80,1,-1,-1,-1
1148,143,1060,313,118,81,1,-1,-1,-1
1149,143,1060,313,118,81,1,-1,-1,-1
1150,143,1060,313,118,81,1,-1,-1,-1
1151,143,1060,313,118,81,1,-1,-1,-1
1152,143,1060,313,119,82,1,-1,-1,-1
1153,143,1060,312,117,82,1,-1,-1,-1
1154,143,1060,312,117,81,1,-1,-1,-1
1155,143,1060,312,117,81,1,-1,-1,-1
1156,143,1060,312,118,81,1,-1,-1,-1
1157,143,1060,312,118,82,1,-1,-1,-1
1158,143,1060,312,118,82,1,-1,-1,-1
1159,143,1060,312,118,82,1,-1,-1,-1
1160,143,1060,312,118,82,1,-1,-1,-1
1161,143,1060,312,118,82,1,-1,-1,-1
1162,143,1060,312,118,82,1,-1,-1,-1
1163,143,1060,312,118,82,1,-1,-1,-1
1164,143,1060,312,118,82,1,-1,-1,-1
1165,143,1059,313,118,81,1,-1,-1,-1
1166,143,1059,313,119,80,1,-1,-1,-1
1167,143,1060,313,118,81,1,-1,-1,-1
1168,143,1060,313,118,81,1,-1,-1,-1
1169,143,1060,313,118,81,1,-1,-1,-1
1170,143,1060,313,118,81,1,-1,-1,-1
1171,143,1060,313,118,81,1,-1,-1,-1
1172,143,1060,313,118,81,1,-1,-1,-1
1173,143,1060,313,118,81,1,-1,-1,-1
1174,143,1060,313,118,81,1,-1,-1,-1
1175,143,1060,313,118,81,1,-1,-1,-1
1176,143,1060,313,118,81,1,-1,-1,-1
1177,143,1060,313,118,81,1,-1,-1,-1
1178,143,1060,313,118,81,1,-1,-1,-1
1179,143,1060,313,118,81,1,-1,-1,-1
1180,143,1060,313,118,81,1,-1,-1,-1
1181,143,1060,313,118,81,1,-1,-1,-1
1182,143,1060,313,118,81,1,-1,-1,-1
1183,143,1060,313,119,81,1,-1,-1,-1
1184,143,1060,313,119,81,1,-1,-1,-1
1185,143,1060,313,118,81,1,-1,-1,-1
1186,143,1060,313,118,81,1,-1,-1,-1
1187,143,1060,313,118,81,1,-1,-1,-1
1188,143,1060,313,118,81,1,-1,-1,-1
1189,143,1060,313,118,81,1,-1,-1,-1
1190,143,1060,313,118,81,1,-1,-1,-1
1191,143,1060,313,118,81,1,-1,-1,-1
1192,143,1060,313,118,81,1,-1,-1,-1
1193,143,1060,313,118,81,1,-1,-1,-1
1194,143,1060,313,118,82,1,-1,-1,-1
1195,143,1060,313,118,81,1,-1,-1,-1
1196,143,1060,313,118,81,1,-1,-1,-1
1197,143,1061,313,117,80,1,-1,-1,-1
1198,143,1060,313,118,81,1,-1,-1,-1
1199,143,1060,313,118,81,1,-1,-1,-1
1200,143,1060,313,118,81,1,-1,-1,-1
1201,143,1060,313,118,81,1,-1,-1,-1
1202,143,1060,313,118,81,1,-1,-1,-1
1203,143,1060,313,118,82,1,-1,-1,-1
1204,143,1060,312,119,82,1,-1,-1,-1
1205,143,1060,313,119,82,1,-1,-1,-1
1206,143,1060,313,119,81,1,-1,-1,-1
1207,143,1060,313,118,81,1,-1,-1,-1
1208,143,1060,313,118,81,1,-1,-1,-1
1209,143,1060,313,118,81,1,-1,-1,-1
1210,143,1060,313,118,81,1,-1,-1,-1
1211,143,1060,313,118,81,1,-1,-1,-1
1212,143,1060,313,118,81,1,-1,-1,-1
1213,143,1060,313,118,80,1,-1,-1,-1
1214,143,1060,313,118,80,1,-1,-1,-1
1215,143,1060,313,118,80,1,-1,-1,-1
1216,143,1060,313,118,80,1,-1,-1,-1
1217,143,1060,313,118,80,1,-1,-1,-1
1218,143,1059,313,119,80,1,-1,-1,-1
1219,143,1059,314,119,80,1,-1,-1,-1
1220,143,1060,314,118,80,1,-1,-1,-1
1221,143,1060,313,118,80,1,-1,-1,-1
1222,143,1060,313,118,81,1,-1,-1,-1
1223,143,1060,314,118,80,1,-1,-1,-1
1224,143,1060,314,118,80,1,-1,-1,-1
1225,143,1060,313,118,80,1,-1,-1,-1
1226,143,1060,313,119,80,1,-1,-1,-1
1227,143,1060,313,119,80,1,-1,-1,-1
1228,143,1059,313,119,80,1,-1,-1,-1
1229,143,1059,313,119,80,1,-1,-1,-1
1230,143,1060,313,117,80,1,-1,-1,-1
1231,143,1060,313,117,81,1,-1,-1,-1
1232,143,1060,313,118,80,1,-1,-1,-1
1233,143,1060,313,118,80,1,-1,-1,-1
1234,143,1060,313,118,80,1,-1,-1,-1
1235,143,1060,313,118,81,1,-1,-1,-1
1236,143,1060,313,118,81,1,-1,-1,-1
1237,143,1060,313,119,80,1,-1,-1,-1
1238,143,1060,313,118,81,1,-1,-1,-1
1239,143,1060,313,118,80,1,-1,-1,-1
1240,143,1060,313,119,81,1,-1,-1,-1
1241,143,1060,312,119,81,1,-1,-1,-1
1242,143,1060,313,119,81,1,-1,-1,-1
1243,143,1060,313,119,81,1,-1,-1,-1
1244,143,1060,313,119,80,1,-1,-1,-1
1245,143,1060,313,119,80,1,-1,-1,-1
1246,143,1060,313,118,80,1,-1,-1,-1
1247,143,1060,313,118,80,1,-1,-1,-1
1248,143,1060,313,119,81,1,-1,-1,-1
1249,143,1060,312,119,81,1,-1,-1,-1
1250,143,1060,313,119,81,1,-1,-1,-1
1251,143,1060,313,118,80,1,-1,-1,-1
1252,143,1060,313,118,80,1,-1,-1,-1
1253,143,1060,313,118,81,1,-1,-1,-1
1254,143,1060,313,118,80,1,-1,-1,-1
1255,143,1060,313,118,80,1,-1,-1,-1
1256,143,1060,313,119,81,1,-1,-1,-1
1257,143,1060,312,119,81,1,-1,-1,-1
1258,143,1060,312,118,81,1,-1,-1,-1
1259,143,1060,313,118,81,1,-1,-1,-1
1260,143,1060,313,118,81,1,-1,-1,-1
1261,143,1061,313,117,80,1,-1,-1,-1
1262,143,1061,313,118,80,1,-1,-1,-1
1263,143,1061,313,118,80,1,-1,-1,-1
1264,143,1061,313,118,80,1,-1,-1,-1
1265,143,1060,313,118,80,1,-1,-1,-1
1266,143,1061,313,117,81,1,-1,-1,-1
1267,143,1061,313,117,81,1,-1,-1,-1
1268,143,1061,314,116,79,1,-1,-1,-1
1269,143,1060,313,119,81,1,-1,-1,-1
1270,143,1059,315,117,58,1,-1,-1,-1
1271,143,1059,314,120,78,1,-1,-1,-1
1272,143,1060,313,118,80,1,-1,-1,-1
1273,143,1059,313,118,79,1,-1,-1,-1
1274,143,1059,313,119,79,1,-1,-1,-1
1275,143,1059,313,119,79,1,-1,-1,-1
1276,143,1059,313,119,80,1,-1,-1,-1
1277,143,1059,313,119,80,1,-1,-1,-1
1278,143,1059,313,119,79,1,-1,-1,-1
1279,143,1060,313,118,79,1,-1,-1,-1
1280,143,1060,313,117,79,1,-1,-1,-1
1281,143,1060,313,117,79,1,-1,-1,-1
1282,143,1060,313,117,79,1,-1,-1,-1
1283,143,1060,313,118,79,1,-1,-1,-1
1284,143,1060,313,117,79,1,-1,-1,-1
1285,143,1061,313,117,80,1,-1,-1,-1
1286,143,1060,314,117,79,1,-1,-1,-1
1287,143,1060,313,117,80,1,-1,-1,-1
1288,143,1060,313,117,79,1,-1,-1,-1
1289,143,1060,314,117,79,1,-1,-1,-1
1290,143,1060,313,119,80,1,-1,-1,-1
1291,143,1060,313,119,80,1,-1,-1,-1
1292,143,1059,314,119,79,1,-1,-1,-1
1293,143,1059,313,110,74,1,-1,-1,-1
1294,143,1059,314,117,74,1,-1,-1,-1
1295,143,1060,313,118,80,1,-1,-1,-1
1296,143,1060,313,118,80,1,-1,-1,-1
1297,143,1060,314,118,79,1,-1,-1,-1
1298,143,1060,314,118,79,1,-1,-1,-1
1299,143,1060,314,118,79,1,-1,-1,-1
1300,143,1060,313,118,80,1,-1,-1,-1
1301,143,1060,313,118,80,1,-1,-1,-1
1302,143,1061,313,117,80,1,-1,-1,-1
1303,143,1060,313,118,81,1,-1,-1,-1
1304,143,1060,313,118,82,1,-1,-1,-1
1305,143,1060,313,118,82,1,-1,-1,-1
1306,143,1060,314,118,81,1,-1,-1,-1
1307,143,1060,314,118,81,1,-1,-1,-1
1308,143,1060,313,118,80,1,-1,-1,-1
1309,143,1060,313,118,80,1,-1,-1,-1
1310,143,1060,313,119,80,1,-1,-1,-1
1311,143,1060,313,119,80,1,-1,-1,-1
1312,143,1060,313,118,80,1,-1,-1,-1
1313,143,1060,313,118,80,1,-1,-1,-1
1314,143,1060,313,118,80,1,-1,-1,-1
1315,143,1060,313,118,80,1,-1,-1,-1
1316,143,1060,313,118,80,1,-1,-1,-1
1317,143,1060,313,118,80,1,-1,-1,-1
1318,143,1060,313,119,80,1,-1,-1,-1
1319,143,1060,313,119,80,1,-1,-1,-1
1320,143,1060,313,119,81,1,-1,-1,-1
1321,143,1060,313,119,81,1,-1,-1,-1
1322,143,1060,313,119,81,1,-1,-1,-1
1323,143,1059,313,119,81,1,-1,-1,-1
1324,143,1059,313,119,81,1,-1,-1,-1
1325,143,1059,313,119,81,1,-1,-1,-1
1326,143,1059,313,119,81,1,-1,-1,-1
1327,143,1059,313,119,81,1,-1,-1,-1
1328,143,1059,313,119,81,1,-1,-1,-1
1329,143,1059,313,119,81,1,-1,-1,-1
1330,143,1059,313,119,81,1,-1,-1,-1
1331,143,1059,313,119,81,1,-1,-1,-1
1332,143,1059,313,119,81,1,-1,-1,-1
1333,143,1060,312,121,81,1,-1,-1,-1
1334,143,1058,312,104,45,1,-1,-1,-1
1335,143,1058,313,121,80,1,-1,-1,-1
1336,143,1060,313,118,81,1,-1,-1,-1
1337,143,1060,313,118,81,1,-1,-1,-1
1338,143,1060,313,118,81,1,-1,-1,-1
1339,143,1060,313,118,81,1,-1,-1,-1
1340,143,1060,313,118,81,1,-1,-1,-1
1341,143,1060,313,118,81,1,-1,-1,-1
1342,143,1060,313,118,81,1,-1,-1,-1
1343,143,1060,313,117,81,1,-1,-1,-1
1344,143,1060,313,117,81,1,-1,-1,-1
1345,143,1060,313,117,81,1,-1,-1,-1
1346,143,1060,313,117,81,1,-1,-1,-1
1347,143,1060,313,117,81,1,-1,-1,-1
1348,143,1060,313,117,80,1,-1,-1,-1
1349,143,1060,314,118,80,1,-1,-1,-1
1350,143,1060,314,118,80,1,-1,-1,-1
1351,143,1060,314,118,80,1,-1,-1,-1
1352,143,1060,314,118,80,1,-1,-1,-1
1353,143,1060,314,118,80,1,-1,-1,-1
1354,143,1060,314,118,80,1,-1,-1,-1
1355,143,1060,314,118,80,1,-1,-1,-1
1356,143,1060,314,118,80,1,-1,-1,-1
1357,143,1060,314,118,79,1,-1,-1,-1
1358,143,1060,314,118,79,1,-1,-1,-1
1359,143,1060,314,118,79,1,-1,-1,-1
1360,143,1060,314,117,80,1,-1,-1,-1
1361,143,1060,314,118,80,1,-1,-1,-1
1362,143,1060,314,117,80,1,-1,-1,-1
1363,143,1060,313,118,80,1,-1,-1,-1
1364,143,1060,313,117,80,1,-1,-1,-1
1365,143,1061,313,117,80,1,-1,-1,-1
1366,143,1061,314,117,80,1,-1,-1,-1
1367,143,1061,314,117,79,1,-1,-1,-1
1368,143,1061,314,117,79,1,-1,-1,-1
1369,143,1061,314,116,79,1,-1,-1,-1
1370,143,1061,313,116,80,1,-1,-1,-1
1371,143,1061,313,116,80,1,-1,-1,-1
1372,143,1061,314,116,80,1,-1,-1,-1
1373,143,1061,313,116,80,1,-1,-1,-1
1374,143,1061,314,116,80,1,-1,-1,-1
1375,143,1061,314,116,80,1,-1,-1,-1
1376,143,1061,314,116,80,1,-1,-1,-1
1377,143,1061,314,116,80,1,-1,-1,-1
1378,143,1061,314,116,80,1,-1,-1,-1
1379,143,1061,314,116,80,1,-1,-1,-1
1380,143,1061,314,117,80,1,-1,-1,-1
1381,143,1061,314,117,80,1,-1,-1,-1
1382,143,1061,314,116,80,1,-1,-1,-1
1383,143,1062,314,116,78,1,-1,-1,-1
1384,143,1065,315,119,81,1,-1,-1,-1
1385,143,1065,315,119,80,1,-1,-1,-1
1386,143,1067,316,119,80,1,-1,-1,-1
1387,143,1067,316,120,80,1,-1,-1,-1
1388,143,1068,316,120,81,1,-1,-1,-1
1389,143,1069,315,121,84,1,-1,-1,-1
1390,143,1070,317,123,80,1,-1,-1,-1
1391,143,1072,317,123,85,1,-1,-1,-1
1392,143,1074,317,124,85,1,-1,-1,-1
1393,143,1077,321,124,82,1,-1,-1,-1
1394,143,1080,322,124,82,1,-1,-1,-1
1395,143,1081,323,127,83,1,-1,-1,-1
1396,143,1082,326,131,82,1,-1,-1,-1
1397,143,1085,326,132,83,1,-1,-1,-1
1398,143,1089,327,132,83,1,-1,-1,-1
1399,143,1093,330,135,84,1,-1,-1,-1
1400,143,1098,330,138,86,1,-1,-1,-1
1401,143,1102,329,140,90,1,-1,-1,-1
1402,143,1104,331,143,89,1,-1,-1,-1
1403,143,1109,331,147,91,1,-1,-1,-1
1404,143,1114,334,151,90,1,-1,-1,-1
1405,143,1119,336,157,93,1,-1,-1,-1
1406,143,1126,338,160,93,1,-1,-1,-1
1407,143,1136,340,164,93,1,-1,-1,-1
1408,143,1141,340,173,97,1,-1,-1,-1
1409,143,1151,344,178,95,1,-1,-1,-1
1410,143,1160,345,185,97,1,-1,-1,-1
1411,143,1172,345,193,101,1,-1,-1,-1
1412,143,1184,348,202,102,1,-1,-1,-1
1413,143,1196,346,213,107,1,-1,-1,-1
1414,143,1213,350,223,108,1,-1,-1,-1
1415,143,1228,352,234,111,1,-1,-1,-1
1416,143,1247,355,245,112,1,-1,-1,-1
1417,143,1266,359,259,112,1,-1,-1,-1
1418,143,1287,362,271,112,1,-1,-1,-1
1419,143,1310,366,283,116,1,-1,-1,-1
1420,143,1340,368,289,118,1,-1,-1,-1
1421,143,1367,372,305,120,1,-1,-1,-1
1422,143,1399,375,315,121,1,-1,-1,-1
1423,143,1434,377,322,123,1,-1,-1,-1
1424,143,1470,381,336,126,1,-1,-1,-1
1425,143,1507,386,350,129,1,-1,-1,-1
1426,143,1551,391,351,130,1,-1,-1,-1
1427,143,1598,394,322,132,1,-1,-1,-1
1428,143,1646,400,273,131,1,-1,-1,-1
1429,143,1696,403,224,120,1,-1,-1,-1
1430,143,1750,406,169,118,1,-1,-1,-1
1431,143,1807,419,113,112,1,-1,-1,-1
1012,148,1039,223,27,24,1,-1,-1,-1
1013,148,1038,224,27,24,1,-1,-1,-1
1014,148,1037,224,28,25,1,-1,-1,-1
1015,148,1038,224,26,25,1,-1,-1,-1
1019,148,1034,226,26,22,1,-1,-1,-1
1020,148,1035,228,25,24,1,-1,-1,-1
1021,148,1035,228,25,24,1,-1,-1,-1
1022,148,1034,228,25,24,1,-1,-1,-1
1023,148,1033,228,25,24,1,-1,-1,-1
1024,148,1031,227,26,24,1,-1,-1,-1
1025,148,1030,228,27,25,1,-1,-1,-1
1026,148,1028,228,27,25,1,-1,-1,-1
1027,148,1027,230,27,24,1,-1,-1,-1
1028,148,1026,229,28,26,1,-1,-1,-1
1029,148,1024,229,29,26,1,-1,-1,-1
1030,148,1023,229,30,25,1,-1,-1,-1
1031,148,1022,229,30,26,1,-1,-1,-1
1032,148,1020,229,29,26,1,-1,-1,-1
1033,148,1021,229,30,27,1,-1,-1,-1
1034,148,1020,230,29,25,1,-1,-1,-1
1035,148,1018,231,31,25,1,-1,-1,-1
1036,148,1016,231,32,25,1,-1,-1,-1
1037,148,1015,232,31,25,1,-1,-1,-1
1038,148,1012,233,30,25,1,-1,-1,-1
1039,148,1011,233,32,25,1,-1,-1,-1
1040,148,1009,233,33,26,1,-1,-1,-1
1041,148,1009,232,33,28,1,-1,-1,-1
1042,148,1007,231,33,28,1,-1,-1,-1
1043,148,1006,232,33,28,1,-1,-1,-1
1044,148,1005,232,34,28,1,-1,-1,-1
1045,148,1004,232,34,29,1,-1,-1,-1
1046,148,1000,231,37,30,1,-1,-1,-1
1047,148,1001,232,35,31,1,-1,-1,-1
1048,148,999,232,35,31,1,-1,-1,-1
1049,148,997,234,38,29,1,-1,-1,-1
1050,148,996,233,37,31,1,-1,-1,-1
1051,148,995,233,36,31,1,-1,-1,-1
1052,148,993,233,37,32,1,-1,-1,-1
1053,148,992,233,36,33,1,-1,-1,-1
1054,148,990,234,37,34,1,-1,-1,-1
1055,148,990,235,34,34,1,-1,-1,-1
1056,148,989,237,35,33,1,-1,-1,-1
1057,148,987,237,34,31,1,-1,-1,-1
1058,148,988,240,34,31,1,-1,-1,-1
1059,148,981,238,38,34,1,-1,-1,-1
1060,148,976,238,40,33,1,-1,-1,-1
1061,148,973,239,43,32,1,-1,-1,-1
1062,148,971,241,42,30,1,-1,-1,-1
1063,148,967,241,49,29,1,-1,-1,-1
1064,148,968,242,45,35,1,-1,-1,-1
1065,148,965,242,46,35,1,-1,-1,-1
1066,148,962,242,42,35,1,-1,-1,-1
1067,148,962,243,40,34,1,-1,-1,-1
1068,148,959,244,43,35,1,-1,-1,-1
1069,148,953,244,47,38,1,-1,-1,-1
1070,148,954,245,46,36,1,-1,-1,-1
1071,148,951,244,47,39,1,-1,-1,-1
1072,148,948,244,49,40,1,-1,-1,-1
1073,148,947,243,48,41,1,-1,-1,-1
1074,148,946,243,48,41,1,-1,-1,-1
1075,148,944,244,47,41,1,-1,-1,-1
1076,148,942,244,46,42,1,-1,-1,-1
1077,148,940,245,47,41,1,-1,-1,-1
1078,148,940,246,48,41,1,-1,-1,-1
1079,148,937,247,47,41,1,-1,-1,-1
1080,148,936,247,48,42,1,-1,-1,-1
1081,148,933,247,48,44,1,-1,-1,-1
1082,148,931,248,49,43,1,-1,-1,-1
1083,148,929,248,50,44,1,-1,-1,-1
1084,148,929,250,49,46,1,-1,-1,-1
1085,148,924,249,54,46,1,-1,-1,-1
1086,148,923,251,53,46,1,-1,-1,-1
1087,148,921,251,55,47,1,-1,-1,-1
1088,148,918,251,55,48,1,-1,-1,-1
1089,148,918,251,55,49,1,-1,-1,-1
1090,148,916,253,54,48,1,-1,-1,-1
1091,148,913,254,57,49,1,-1,-1,-1
1092,148,913,255,55,48,1,-1,-1,-1
1093,148,911,254,56,50,1,-1,-1,-1
1094,148,907,254,59,52,1,-1,-1,-1
1095,148,906,257,58,50,1,-1,-1,-1
1096,148,904,258,60,51,1,-1,-1,-1
1097,148,901,259,60,52,1,-1,-1,-1
1098,148,900,260,60,53,1,-1,-1,-1
1099,148,898,263,59,50,1,-1,-1,-1
1100,148,896,261,61,54,1,-1,-1,-1
1101,148,895,263,62,55,1,-1,-1,-1
1102,148,893,265,62,54,1,-1,-1,-1
1103,148,889,265,66,55,1,-1,-1,-1
1104,148,887,265,65,56,1,-1,-1,-1
1105,148,885,264,68,59,1,-1,-1,-1
1106,148,882,265,69,58,1,-1,-1,-1
1107,148,882,266,68,60,1,-1,-1,-1
1108,148,879,268,68,59,1,-1,-1,-1
1109,148,876,268,70,62,1,-1,-1,-1
1110,148,874,270,71,61,1,-1,-1,-1
1111,148,874,269,70,64,1,-1,-1,-1
1112,148,871,272,73,64,1,-1,-1,-1
1113,148,869,272,73,65,1,-1,-1,-1
1114,148,867,272,73,66,1,-1,-1,-1
1115,148,864,272,73,65,1,-1,-1,-1
1116,148,864,273,73,69,1,-1,-1,-1
1117,148,862,277,75,66,1,-1,-1,-1
1118,148,861,277,74,66,1,-1,-1,-1
1119,148,859,277,76,68,1,-1,-1,-1
1120,148,859,278,76,69,1,-1,-1,-1
1121,148,856,278,77,71,1,-1,-1,-1
1122,148,856,280,76,71,1,-1,-1,-1
1123,148,855,282,77,70,1,-1,-1,-1
1124,148,852,283,79,70,1,-1,-1,-1
1125,148,852,284,78,70,1,-1,-1,-1
1126,148,851,284,79,72,1,-1,-1,-1
1127,148,849,285,81,72,1,-1,-1,-1
1128,148,848,284,81,74,1,-1,-1,-1
1129,148,849,287,79,74,1,-1,-1,-1
1130,148,848,289,80,74,1,-1,-1,-1
1131,148,846,288,82,76,1,-1,-1,-1
1132,148,846,289,82,76,1,-1,-1,-1
1133,148,846,290,82,76,1,-1,-1,-1
1134,148,846,291,83,76,1,-1,-1,-1
1135,148,845,291,84,77,1,-1,-1,-1
1136,148,845,292,84,77,1,-1,-1,-1
1137,148,844,291,84,79,1,-1,-1,-1
1138,148,844,294,84,79,1,-1,-1,-1
1139,148,844,295,84,79,1,-1,-1,-1
1140,148,844,294,85,81,1,-1,-1,-1
1141,148,843,296,86,80,1,-1,-1,-1
1142,148,843,297,86,80,1,-1,-1,-1
1143,148,844,298,86,80,1,-1,-1,-1
1144,148,844,297,87,82,1,-1,-1,-1
1145,148,844,298,85,82,1,-1,-1,-1
1146,148,843,300,87,81,1,-1,-1,-1
1147,148,843,300,87,81,1,-1,-1,-1
1148,148,842,301,88,82,1,-1,-1,-1
1149,148,842,300,88,82,1,-1,-1,-1
1150,148,843,303,88,80,1,-1,-1,-1
1151,148,843,304,87,79,1,-1,-1,-1
1152,148,843,304,88,80,1,-1,-1,-1
1153,148,843,305,88,80,1,-1,-1,-1
1154,148,843,304,89,80,1,-1,-1,-1
1155,148,843,304,89,80,1,-1,-1,-1
1156,148,843,303,90,82,1,-1,-1,-1
1157,148,844,306,88,80,1,-1,-1,-1
1158,148,844,306,88,81,1,-1,-1,-1
1159,148,843,305,89,82,1,-1,-1,-1
1160,148,843,305,90,82,1,-1,-1,-1
1161,148,843,305,91,83,1,-1,-1,-1
1162,148,843,306,91,83,1,-1,-1,-1
1163,148,843,305,92,84,1,-1,-1,-1
1164,148,843,304,91,84,1,-1,-1,-1
1165,148,843,304,91,85,1,-1,-1,-1
1166,148,843,305,91,85,1,-1,-1,-1
1167,148,843,303,91,87,1,-1,-1,-1
1168,148,843,303,91,86,1,-1,-1,-1
1169,148,843,303,91,87,1,-1,-1,-1
1170,148,843,302,91,87,1,-1,-1,-1
1171,148,843,303,91,86,1,-1,-1,-1
1172,148,843,304,91,86,1,-1,-1,-1
1173,148,843,302,91,88,1,-1,-1,-1
1174,148,843,303,91,88,1,-1,-1,-1
1175,148,843,303,91,88,1,-1,-1,-1
1176,148,843,303,91,88,1,-1,-1,-1
1177,148,843,303,92,88,1,-1,-1,-1
1178,148,843,303,92,88,1,-1,-1,-1
1179,148,843,303,92,88,1,-1,-1,-1
1180,148,843,303,92,88,1,-1,-1,-1
1181,148,843,303,93,88,1,-1,-1,-1
1182,148,843,304,93,88,1,-1,-1,-1
1183,148,843,304,93,86,1,-1,-1,-1
1184,148,844,305,93,85,1,-1,-1,-1
1185,148,844,304,93,86,1,-1,-1,-1
1186,148,844,303,93,88,1,-1,-1,-1
1187,148,844,304,93,86,1,-1,-1,-1
1188,148,844,304,93,85,1,-1,-1,-1
1189,148,844,304,94,85,1,-1,-1,-1
1190,148,844,304,94,85,1,-1,-1,-1
1191,148,844,304,94,85,1,-1,-1,-1
1192,148,844,304,94,85,1,-1,-1,-1
1193,148,845,306,94,83,1,-1,-1,-1
1194,148,841,306,96,87,1,-1,-1,-1
1195,148,840,307,96,89,1,-1,-1,-1
1196,148,840,306,98,90,1,-1,-1,-1
1197,148,839,307,96,90,1,-1,-1,-1
1198,148,838,306,96,91,1,-1,-1,-1
1199,148,836,307,97,91,1,-1,-1,-1
1200,148,834,309,100,91,1,-1,-1,-1
1201,148,832,309,102,93,1,-1,-1,-1
1202,148,831,308,102,95,1,-1,-1,-1
1203,148,828,311,106,91,1,-1,-1,-1
1204,148,824,310,109,92,1,-1,-1,-1
1205,148,821,309,110,94,1,-1,-1,-1
1206,148,817,310,114,96,1,-1,-1,-1
1207,148,814,312,115,95,1,-1,-1,-1
1208,148,809,313,118,97,1,-1,-1,-1
1209,148,803,314,124,96,1,-1,-1,-1
1210,148,796,314,129,98,1,-1,-1,-1
1211,148,784,315,138,98,1,-1,-1,-1
1212,148,778,316,137,98,1,-1,-1,-1
1213,148,769,315,147,103,1,-1,-1,-1
1214,148,756,318,155,102,1,-1,-1,-1
1215,148,742,318,162,105,1,-1,-1,-1
1216,148,729,318,169,107,1,-1,-1,-1
1217,148,712,321,180,105,1,-1,-1,-1
1218,148,695,322,186,107,1,-1,-1,-1
1219,148,676,323,195,108,1,-1,-1,-1
1220,148,656,323,204,111,1,-1,-1,-1
1221,148,634,325,213,112,1,-1,-1,-1
1222,148,611,328,221,111,1,-1,-1,-1
1223,148,587,330,229,114,1,-1,-1,-1
1224,148,562,331,236,114,1,-1,-1,-1
1225,148,535,334,244,113,1,-1,-1,-1
1226,148,508,335,250,113,1,-1,-1,-1
1227,148,479,337,254,113,1,-1,-1,-1
1228,148,447,338,260,118,1,-1,-1,-1
1229,148,413,341,266,118,1,-1,-1,-1
1230,148,380,343,268,120,1,-1,-1,-1
1231,148,341,344,277,122,1,-1,-1,-1
1232,148,304,347,279,121,1,-1,-1,-1
1233,148,265,348,282,124,1,-1,-1,-1
1234,148,222,351,288,124,1,-1,-1,-1
1235,148,179,355,293,126,1,-1,-1,-1
1236,148,139,358,290,124,1,-1,-1,-1
1237,148,96,360,288,126,1,-1,-1,-1
1238,148,50,363,289,127,1,-1,-1,-1
1239,148,4,367,287,128,1,-1,-1,-1
1240,148,0,370,244,127,1,-1,-1,-1
1241,148,0,372,194,120,1,-1,-1,-1
1242,148,1,377,145,117,1,-1,-1,-1
1243,148,0,379,94,116,1,-1,-1,-1
1015,149,1347,247,61,33,1,-1,-1,-1
1016,149,1347,247,61,33,1,-1,-1,-1
1017,149,1347,247,61,33,1,-1,-1,-1
1018,149,1347,247,61,33,1,-1,-1,-1
1019,149,1347,247,61,33,1,-1,-1,-1
1020,149,1347,247,61,34,1,-1,-1,-1
1021,149,1346,246,63,34,1,-1,-1,-1
1022,149,1346,246,63,34,1,-1,-1,-1
1023,149,1346,246,63,34,1,-1,-1,-1
1024,149,1346,246,63,34,1,-1,-1,-1
1025,149,1346,246,63,34,1,-1,-1,-1
1026,149,1346,247,63,34,1,-1,-1,-1
1027,149,1346,246,63,34,1,-1,-1,-1
1028,149,1346,246,63,34,1,-1,-1,-1
1029,149,1346,246,63,34,1,-1,-1,-1
1030,149,1346,246,63,34,1,-1,-1,-1
1031,149,1346,246,63,34,1,-1,-1,-1
1032,149,1346,246,63,34,1,-1,-1,-1
1033,149,1346,246,63,34,1,-1,-1,-1
1034,149,1346,246,63,34,1,-1,-1,-1
1035,149,1347,246,63,34,1,-1,-1,-1
1036,149,1347,246,63,34,1,-1,-1,-1
1037,149,1347,246,63,34,1,-1,-1,-1
1038,149,1347,246,63,34,1,-1,-1,-1
1039,149,1347,246,63,34,1,-1,-1,-1
1040,149,1347,246,63,34,1,-1,-1,-1
1041,149,1347,246,63,34,1,-1,-1,-1
1042,149,1347,246,63,34,1,-1,-1,-1
1043,149,1347,246,63,34,1,-1,-1,-1
1044,149,1347,246,63,34,1,-1,-1,-1
1045,149,1347,246,63,34,1,-1,-1,-1
1046,149,1347,246,63,34,1,-1,-1,-1
1047,149,1347,246,62,34,1,-1,-1,-1
1048,149,1347,246,62,34,1,-1,-1,-1
1049,149,1347,246,63,34,1,-1,-1,-1
1050,149,1347,246,62,34,1,-1,-1,-1
1051,149,1347,245,62,34,1,-1,-1,-1
1052,149,1347,245,62,34,1,-1,-1,-1
1053,149,1347,245,62,34,1,-1,-1,-1
1054,149,1347,245,62,34,1,-1,-1,-1
1055,149,1347,245,62,34,1,-1,-1,-1
1056,149,1347,246,62,34,1,-1,-1,-1
1057,149,1347,245,62,34,1,-1,-1,-1
1058,149,1347,245,62,34,1,-1,-1,-1
1059,149,1347,245,62,34,1,-1,-1,-1
1060,149,1347,245,62,34,1,-1,-1,-1
1061,149,1347,245,62,34,1,-1,-1,-1
1062,149,1347,245,62,34,1,-1,-1,-1
1063,149,1347,245,62,34,1,-1,-1,-1
1064,149,1347,245,62,34,1,-1,-1,-1
1065,149,1347,245,62,34,1,-1,-1,-1
1066,149,1347,245,62,34,1,-1,-1,-1
1084,149,1348,246,60,34,1,-1,-1,-1
1086,149,1348,246,60,34,1,-1,-1,-1
1093,149,1348,246,59,34,1,-1,-1,-1
1094,149,1348,246,59,34,1,-1,-1,-1
1095,149,1348,246,59,33,1,-1,-1,-1
1096,149,1348,246,59,33,1,-1,-1,-1
1097,149,1348,246,59,34,1,-1,-1,-1
1100,149,1347,246,60,33,1,-1,-1,-1
1058,151,1038,225,26,22,1,-1,-1,-1
1059,151,1036,225,27,23,1,-1,-1,-1
1060,151,1036,226,26,23,1,-1,-1,-1
1061,151,1035,227,25,23,1,-1,-1,-1
1062,151,1035,228,25,23,1,-1,-1,-1
1066,151,1028,230,28,23,1,-1,-1,-1
1067,151,1027,231,30,23,1,-1,-1,-1
1068,151,1025,231,31,22,1,-1,-1,-1
1069,151,1023,231,30,23,1,-1,-1,-1
1070,151,1022,231,32,23,1,-1,-1,-1
1071,151,1020,232,35,23,1,-1,-1,-1
1072,151,1018,235,33,22,1,-1,-1,-1
1073,151,1018,235,32,23,1,-1,-1,-1
1074,151,1018,234,32,23,1,-1,-1,-1
1075,151,1019,235,31,23,1,-1,-1,-1
1076,151,1018,235,27,23,1,-1,-1,-1
1077,151,1017,235,28,23,1,-1,-1,-1
1078,151,1013,236,32,23,1,-1,-1,-1
1079,151,1012,236,34,24,1,-1,-1,-1
1080,151,1011,235,34,24,1,-1,-1,-1
1081,151,1010,234,32,26,1,-1,-1,-1
1082,151,1008,235,33,26,1,-1,-1,-1
1083,151,1007,236,32,26,1,-1,-1,-1
1084,151,1004,235,35,27,1,-1,-1,-1
1085,151,1004,236,33,27,1,-1,-1,-1
1086,151,1001,236,36,27,1,-1,-1,-1
1087,151,998,237,37,26,1,-1,-1,-1
1088,151,997,237,37,29,1,-1,-1,-1
1089,151,995,238,36,27,1,-1,-1,-1
1090,151,993,237,38,30,1,-1,-1,-1
1091,151,991,239,37,27,1,-1,-1,-1
1092,151,990,239,38,29,1,-1,-1,-1
1093,151,987,239,37,30,1,-1,-1,-1
1094,151,986,240,36,29,1,-1,-1,-1
1095,151,984,242,36,29,1,-1,-1,-1
1096,151,981,243,37,27,1,-1,-1,-1
1097,151,980,242,38,29,1,-1,-1,-1
1098,151,977,244,38,27,1,-1,-1,-1
1099,151,974,244,39,28,1,-1,-1,-1
1100,151,972,245,41,28,1,-1,-1,-1
1101,151,968,246,41,28,1,-1,-1,-1
1102,151,967,246,39,28,1,-1,-1,-1
1103,151,966,245,39,29,1,-1,-1,-1
1104,151,960,246,41,31,1,-1,-1,-1
1105,151,957,247,42,31,1,-1,-1,-1
1106,151,956,247,42,31,1,-1,-1,-1
1107,151,954,246,43,33,1,-1,-1,-1
1108,151,948,247,46,34,1,-1,-1,-1
1109,151,948,247,43,34,1,-1,-1,-1
1110,151,946,247,44,34,1,-1,-1,-1
1111,151,943,248,44,35,1,-1,-1,-1
1112,151,940,247,46,36,1,-1,-1,-1
1113,151,938,249,45,34,1,-1,-1,-1
1114,151,934,250,46,36,1,-1,-1,-1
1115,151,930,251,48,36,1,-1,-1,-1
1116,151,929,252,48,35,1,-1,-1,-1
1117,151,924,252,51,36,1,-1,-1,-1
1118,151,921,253,51,37,1,-1,-1,-1
1119,151,919,253,51,37,1,-1,-1,-1
1120,151,918,255,50,35,1,-1,-1,-1
1121,151,916,252,50,41,1,-1,-1,-1
1122,151,914,253,51,40,1,-1,-1,-1
1123,151,913,255,50,39,1,-1,-1,-1
1124,151,913,254,49,41,1,-1,-1,-1
1125,151,911,258,47,38,1,-1,-1,-1
1126,151,910,257,46,40,1,-1,-1,-1
1127,151,909,260,46,40,1,-1,-1,-1
1128,151,906,261,47,39,1,-1,-1,-1
1129,151,903,260,50,43,1,-1,-1,-1
1130,151,902,261,48,42,1,-1,-1,-1
1131,151,899,264,51,42,1,-1,-1,-1
1132,151,894,263,56,43,1,-1,-1,-1
1133,151,892,264,56,45,1,-1,-1,-1
1134,151,890,265,58,46,1,-1,-1,-1
1135,151,887,266,61,45,1,-1,-1,-1
1136,151,887,265,58,48,1,-1,-1,-1
1137,151,884,266,61,47,1,-1,-1,-1
1138,151,884,267,60,47,1,-1,-1,-1
1139,151,882,269,59,49,1,-1,-1,-1
1140,151,878,268,62,48,1,-1,-1,-1
1141,151,877,270,61,48,1,-1,-1,-1
1142,151,879,270,58,49,1,-1,-1,-1
1143,151,879,270,58,48,1,-1,-1,-1
1144,151,878,270,59,50,1,-1,-1,-1
1145,151,872,271,62,52,1,-1,-1,-1
1146,151,873,273,61,52,1,-1,-1,-1
1147,151,872,273,61,52,1,-1,-1,-1
1148,151,872,272,62,50,1,-1,-1,-1
1149,151,872,275,62,50,1,-1,-1,-1
1150,151,872,276,62,50,1,-1,-1,-1
1151,151,870,276,65,52,1,-1,-1,-1
1152,151,868,277,68,52,1,-1,-1,-1
1153,151,871,277,65,52,1,-1,-1,-1
1154,151,871,277,67,53,1,-1,-1,-1
1155,151,870,277,67,53,1,-1,-1,-1
1156,151,872,277,65,55,1,-1,-1,-1
1157,151,870,279,68,54,1,-1,-1,-1
1158,151,868,280,72,54,1,-1,-1,-1
1159,151,870,281,70,55,1,-1,-1,-1
1160,151,871,282,71,54,1,-1,-1,-1
1161,151,873,283,72,55,1,-1,-1,-1
1162,151,872,285,72,54,1,-1,-1,-1
1163,151,872,287,73,54,1,-1,-1,-1
1164,151,874,286,75,57,1,-1,-1,-1
1165,151,875,285,74,61,1,-1,-1,-1
1166,151,882,288,68,60,1,-1,-1,-1
1167,151,881,287,70,62,1,-1,-1,-1
1168,151,881,289,72,61,1,-1,-1,-1
1169,151,889,290,65,59,1,-1,-1,-1
1170,151,899,291,56,59,1,-1,-1,-1
1171,151,894,291,63,60,1,-1,-1,-1
1172,151,892,292,66,60,1,-1,-1,-1
1173,151,897,293,60,61,1,-1,-1,-1
1174,151,898,293,62,61,1,-1,-1,-1
1175,151,901,294,61,63,1,-1,-1,-1
1176,151,902,293,59,64,1,-1,-1,-1
1177,151,905,293,58,65,1,-1,-1,-1
1178,151,906,295,58,65,1,-1,-1,-1
1179,151,906,295,59,65,1,-1,-1,-1
1180,151,907,295,59,65,1,-1,-1,-1
1181,151,907,296,60,65,1,-1,-1,-1
1182,151,907,296,60,64,1,-1,-1,-1
1183,151,907,296,60,65,1,-1,-1,-1
1184,151,906,297,61,65,1,-1,-1,-1
1185,151,907,296,61,66,1,-1,-1,-1
1186,151,907,296,62,67,1,-1,-1,-1
1187,151,908,297,61,66,1,-1,-1,-1
1188,151,906,298,63,66,1,-1,-1,-1
1189,151,906,297,64,67,1,-1,-1,-1
1190,151,906,298,64,67,1,-1,-1,-1
1191,151,906,298,64,67,1,-1,-1,-1
1192,151,906,297,64,67,1,-1,-1,-1
1193,151,907,298,64,67,1,-1,-1,-1
1194,151,907,298,63,67,1,-1,-1,-1
1195,151,905,298,65,67,1,-1,-1,-1
1196,151,904,298,66,68,1,-1,-1,-1
1197,151,902,298,69,67,1,-1,-1,-1
1198,151,900,299,72,66,1,-1,-1,-1
1199,151,898,299,73,67,1,-1,-1,-1
1200,151,896,299,76,67,1,-1,-1,-1
1201,151,892,298,79,68,1,-1,-1,-1
1202,151,897,298,74,68,1,-1,-1,-1
1203,151,898,299,73,67,1,-1,-1,-1
1204,151,899,300,72,67,1,-1,-1,-1
1205,151,897,299,74,67,1,-1,-1,-1
1206,151,896,299,76,69,1,-1,-1,-1
1207,151,897,301,75,67,1,-1,-1,-1
1208,151,895,300,78,68,1,-1,-1,-1
1209,151,892,300,82,70,1,-1,-1,-1
1210,151,891,303,84,68,1,-1,-1,-1
1211,151,889,301,86,69,1,-1,-1,-1
1212,151,891,302,86,69,1,-1,-1,-1
1213,151,892,302,85,71,1,-1,-1,-1
1214,151,890,302,88,72,1,-1,-1,-1
1215,151,891,302,89,72,1,-1,-1,-1
1216,151,888,304,93,72,1,-1,-1,-1
1217,151,888,303,94,74,1,-1,-1,-1
1218,151,889,303,94,74,1,-1,-1,-1
1219,151,889,305,96,75,1,-1,-1,-1
1220,151,890,306,96,74,1,-1,-1,-1
1221,151,890,309,96,72,1,-1,-1,-1
1222,151,892,309,95,73,1,-1,-1,-1
1223,151,892,311,96,73,1,-1,-1,-1
1224,151,891,311,98,74,1,-1,-1,-1
1225,151,892,310,99,74,1,-1,-1,-1
1226,151,892,311,99,74,1,-1,-1,-1
1227,151,894,312,98,75,1,-1,-1,-1
1228,151,896,313,98,75,1,-1,-1,-1
1229,151,896,313,98,76,1,-1,-1,-1
1230,151,897,314,98,77,1,-1,-1,-1
1231,151,897,314,101,77,1,-1,-1,-1
1232,151,896,314,103,78,1,-1,-1,-1
1233,151,898,315,102,78,1,-1,-1,-1
1234,151,899,315,103,78,1,-1,-1,-1
1235,151,898,315,104,79,1,-1,-1,-1
1236,151,899,315,104,80,1,-1,-1,-1
1237,151,899,316,105,80,1,-1,-1,-1
1238,151,899,316,105,81,1,-1,-1,-1
1239,151,900,318,104,80,1,-1,-1,-1
1240,151,900,318,104,80,1,-1,-1,-1
1241,151,900,318,105,80,1,-1,-1,-1
1242,151,899,317,106,81,1,-1,-1,-1
1243,151,899,317,105,81,1,-1,-1,-1
1244,151,900,318,105,81,1,-1,-1,-1
1245,151,900,318,104,81,1,-1,-1,-1
1246,151,900,318,104,81,1,-1,-1,-1
1247,151,900,318,104,81,1,-1,-1,-1
1248,151,900,318,104,80,1,-1,-1,-1
1249,151,900,319,104,80,1,-1,-1,-1
1250,151,900,319,104,80,1,-1,-1,-1
1251,151,900,319,104,80,1,-1,-1,-1
1252,151,900,318,104,80,1,-1,-1,-1
1253,151,900,318,104,80,1,-1,-1,-1
1254,151,900,318,104,80,1,-1,-1,-1
1255,151,900,318,104,80,1,-1,-1,-1
1256,151,900,318,104,80,1,-1,-1,-1
1257,151,900,318,104,80,1,-1,-1,-1
1258,151,900,318,104,80,1,-1,-1,-1
1259,151,900,318,104,80,1,-1,-1,-1
1260,151,900,318,104,80,1,-1,-1,-1
1261,151,900,318,104,80,1,-1,-1,-1
1262,151,900,318,104,80,1,-1,-1,-1
1263,151,900,318,105,80,1,-1,-1,-1
1264,151,900,318,105,80,1,-1,-1,-1
1265,151,900,318,105,80,1,-1,-1,-1
1266,151,900,318,105,80,1,-1,-1,-1
1267,151,900,318,105,80,1,-1,-1,-1
1268,151,900,319,105,80,1,-1,-1,-1
1269,151,900,319,105,80,1,-1,-1,-1
1270,151,900,320,104,80,1,-1,-1,-1
1271,151,900,320,104,50,1,-1,-1,-1
1272,151,900,319,105,76,1,-1,-1,-1
1273,151,901,319,104,80,1,-1,-1,-1
1274,151,901,319,104,80,1,-1,-1,-1
1275,151,901,319,103,80,1,-1,-1,-1
1276,151,901,319,103,80,1,-1,-1,-1
1277,151,901,319,103,80,1,-1,-1,-1
1278,151,901,319,103,79,1,-1,-1,-1
1279,151,901,319,103,80,1,-1,-1,-1
1280,151,901,319,103,80,1,-1,-1,-1
1281,151,901,319,103,80,1,-1,-1,-1
1282,151,901,319,103,80,1,-1,-1,-1
1283,151,901,319,103,80,1,-1,-1,-1
1284,151,901,319,103,80,1,-1,-1,-1
1285,151,901,319,104,80,1,-1,-1,-1
1286,151,901,319,104,80,1,-1,-1,-1
1287,151,901,319,104,80,1,-1,-1,-1
1288,151,901,319,104,80,1,-1,-1,-1
1289,151,901,319,103,80,1,-1,-1,-1
1290,151,900,319,104,80,1,-1,-1,-1
1291,151,900,319,104,80,1,-1,-1,-1
1292,151,901,320,103,80,1,-1,-1,-1
1293,151,901,320,104,79,1,-1,-1,-1
1294,151,898,320,101,62,1,-1,-1,-1
1295,151,901,320,103,76,1,-1,-1,-1
1296,151,900,319,105,80,1,-1,-1,-1
1297,151,900,319,105,80,1,-1,-1,-1
1298,151,900,319,105,80,1,-1,-1,-1
1299,151,900,319,105,80,1,-1,-1,-1
1300,151,900,319,105,80,1,-1,-1,-1
1301,151,901,319,104,80,1,-1,-1,-1
1302,151,901,320,104,80,1,-1,-1,-1
1303,151,901,320,104,80,1,-1,-1,-1
1304,151,901,320,103,80,1,-1,-1,-1
1305,151,901,320,103,80,1,-1,-1,-1
1306,151,901,320,103,80,1,-1,-1,-1
1307,151,901,320,103,80,1,-1,-1,-1
1308,151,901,320,103,80,1,-1,-1,-1
1309,151,901,319,104,79,1,-1,-1,-1
1310,151,901,319,104,79,1,-1,-1,-1
1311,151,901,319,103,80,1,-1,-1,-1
1312,151,901,320,103,80,1,-1,-1,-1
1313,151,901,320,103,79,1,-1,-1,-1
1314,151,901,320,103,79,1,-1,-1,-1
1315,151,901,320,103,79,1,-1,-1,-1
1316,151,901,319,103,79,1,-1,-1,-1
1317,151,901,319,104,79,1,-1,-1,-1
1318,151,901,320,103,80,1,-1,-1,-1
1319,151,901,320,103,79,1,-1,-1,-1
1320,151,901,320,103,79,1,-1,-1,-1
1321,151,901,320,104,79,1,-1,-1,-1
1322,151,901,320,103,79,1,-1,-1,-1
1323,151,900,319,105,80,1,-1,-1,-1
1324,151,900,319,105,80,1,-1,-1,-1
1325,151,900,319,105,79,1,-1,-1,-1
1326,151,900,319,105,80,1,-1,-1,-1
1327,151,900,319,105,80,1,-1,-1,-1
1328,151,900,319,105,80,1,-1,-1,-1
1329,151,900,319,105,80,1,-1,-1,-1
1330,151,900,319,105,80,1,-1,-1,-1
1331,151,900,319,104,80,1,-1,-1,-1
1332,151,900,319,104,80,1,-1,-1,-1
1333,151,900,319,105,80,1,-1,-1,-1
1334,151,901,320,105,78,1,-1,-1,-1
1335,151,901,318,100,38,1,-1,-1,-1
1336,151,903,320,102,78,1,-1,-1,-1
1337,151,900,319,105,80,1,-1,-1,-1
1338,151,900,319,105,80,1,-1,-1,-1
1339,151,900,319,105,80,1,-1,-1,-1
1340,151,900,319,105,80,1,-1,-1,-1
1341,151,900,319,105,80,1,-1,-1,-1
1342,151,900,319,105,80,1,-1,-1,-1
1343,151,900,319,105,80,1,-1,-1,-1
1344,151,900,319,105,80,1,-1,-1,-1
1345,151,900,319,104,80,1,-1,-1,-1
1346,151,900,319,104,80,1,-1,-1,-1
1347,151,900,319,105,80,1,-1,-1,-1
1348,151,900,319,104,80,1,-1,-1,-1
1349,151,900,319,105,80,1,-1,-1,-1
1350,151,900,319,105,80,1,-1,-1,-1
1351,151,900,319,105,80,1,-1,-1,-1
1352,151,900,319,105,80,1,-1,-1,-1
1353,151,900,319,105,80,1,-1,-1,-1
1354,151,901,320,104,80,1,-1,-1,-1
1355,151,901,320,104,80,1,-1,-1,-1
1356,151,901,319,104,80,1,-1,-1,-1
1357,151,901,319,104,80,1,-1,-1,-1
1358,151,901,319,104,80,1,-1,-1,-1
1359,151,901,319,104,80,1,-1,-1,-1
1360,151,901,319,104,80,1,-1,-1,-1
1361,151,901,319,104,80,1,-1,-1,-1
1362,151,901,319,104,80,1,-1,-1,-1
1363,151,901,319,104,80,1,-1,-1,-1
1364,151,900,319,104,80,1,-1,-1,-1
1365,151,900,319,105,80,1,-1,-1,-1
1366,151,900,319,105,80,1,-1,-1,-1
1367,151,901,319,104,80,1,-1,-1,-1
1368,151,901,319,104,80,1,-1,-1,-1
1369,151,901,319,103,80,1,-1,-1,-1
1370,151,901,319,103,80,1,-1,-1,-1
1371,151,901,319,103,80,1,-1,-1,-1
1372,151,901,319,103,80,1,-1,-1,-1
1373,151,901,319,103,80,1,-1,-1,-1
1374,151,901,319,104,80,1,-1,-1,-1
1375,151,901,319,104,80,1,-1,-1,-1
1376,151,901,319,104,80,1,-1,-1,-1
1377,151,901,319,104,80,1,-1,-1,-1
1378,151,901,319,104,80,1,-1,-1,-1
1379,151,901,319,104,80,1,-1,-1,-1
1380,151,901,319,104,80,1,-1,-1,-1
1381,151,901,319,104,80,1,-1,-1,-1
1382,151,901,319,104,80,1,-1,-1,-1
1383,151,901,319,104,80,1,-1,-1,-1
1384,151,902,321,108,80,1,-1,-1,-1
1385,151,904,321,106,80,1,-1,-1,-1
1386,151,904,322,107,80,1,-1,-1,-1
1387,151,905,322,108,82,1,-1,-1,-1
1388,151,907,323,107,82,1,-1,-1,-1
1389,151,907,323,108,83,1,-1,-1,-1
1390,151,908,325,109,82,1,-1,-1,-1
1391,151,908,327,111,81,1,-1,-1,-1
1392,151,909,327,113,84,1,-1,-1,-1
1393,151,910,328,113,85,1,-1,-1,-1
1394,151,911,329,116,87,1,-1,-1,-1
1395,151,910,331,119,87,1,-1,-1,-1
1396,151,913,332,120,88,1,-1,-1,-1
1397,151,917,335,121,89,1,-1,-1,-1
1398,151,919,335,122,91,1,-1,-1,-1
1399,151,921,336,125,93,1,-1,-1,-1
1400,151,924,339,127,93,1,-1,-1,-1
1401,151,927,341,129,95,1,-1,-1,-1
1402,151,928,344,132,96,1,-1,-1,-1
1403,151,929,346,137,98,1,-1,-1,-1
1404,151,932,349,141,99,1,-1,-1,-1
1405,151,941,351,140,104,1,-1,-1,-1
1406,151,941,355,145,106,1,-1,-1,-1
1407,151,948,359,147,108,1,-1,-1,-1
1408,151,952,361,152,113,1,-1,-1,-1
1409,151,959,366,157,114,1,-1,-1,-1
1410,151,964,369,164,119,1,-1,-1,-1
1411,151,971,375,167,120,1,-1,-1,-1
1412,151,977,378,176,125,1,-1,-1,-1
1413,151,985,384,181,128,1,-1,-1,-1
1414,151,993,393,188,128,1,-1,-1,-1
1415,151,1002,397,198,136,1,-1,-1,-1
1416,151,1013,403,207,142,1,-1,-1,-1
1417,151,1025,410,218,148,1,-1,-1,-1
1418,151,1039,418,227,156,1,-1,-1,-1
1419,151,1052,427,241,164,1,-1,-1,-1
1420,151,1071,434,251,174,1,-1,-1,-1
1421,151,1089,448,265,183,1,-1,-1,-1
1422,151,1107,462,283,191,1,-1,-1,-1
1423,151,1130,472,301,208,1,-1,-1,-1
1424,151,1151,492,325,217,1,-1,-1,-1
1425,151,1183,511,344,226,1,-1,-1,-1
1426,151,1212,531,373,244,1,-1,-1,-1
1427,151,1248,553,401,259,1,-1,-1,-1
1428,151,1289,582,436,273,1,-1,-1,-1
1429,151,1336,610,473,291,1,-1,-1,-1
1430,151,1388,639,515,314,1,-1,-1,-1
1431,151,1446,671,473,340,1,-1,-1,-1
1432,151,1517,709,401,367,1,-1,-1,-1
1433,151,1595,750,323,329,1,-1,-1,-1
1434,151,1686,806,233,266,1,-1,-1,-1
1080,153,1,483,349,293,1,-1,-1,-1
1081,153,1,474,592,303,1,-1,-1,-1
1082,153,2,472,846,313,1,-1,-1,-1
1083,153,163,468,942,319,1,-1,-1,-1
1084,153,418,463,949,322,1,-1,-1,-1
1085,153,686,458,941,326,1,-1,-1,-1
1086,153,946,454,927,327,1,-1,-1,-1
1087,153,1206,453,712,320,1,-1,-1,-1
1088,153,1465,451,453,320,1,-1,-1,-1
1089,153,1704,455,215,298,1,-1,-1,-1
1098,155,1761,353,158,137,1,-1,-1,-1
1099,155,1654,350,264,141,1,-1,-1,-1
1100,155,1545,349,374,143,1,-1,-1,-1
1101,155,1431,347,436,147,1,-1,-1,-1
1102,155,1314,347,444,146,1,-1,-1,-1
1103,155,1199,343,448,152,1,-1,-1,-1
1104,155,1077,343,452,151,1,-1,-1,-1
1105,155,954,345,457,152,1,-1,-1,-1
1106,155,832,347,455,151,1,-1,-1,-1
1107,155,713,340,453,163,1,-1,-1,-1
1108,155,586,352,457,153,1,-1,-1,-1
1109,155,472,356,447,150,1,-1,-1,-1
1110,155,347,357,448,152,1,-1,-1,-1
1111,155,237,359,439,154,1,-1,-1,-1
1112,155,125,365,433,148,1,-1,-1,-1
1113,155,15,367,425,150,1,-1,-1,-1
1114,155,0,367,324,147,1,-1,-1,-1
1115,155,0,370,213,147,1,-1,-1,-1
1116,155,0,375,107,142,1,-1,-1,-1
1107,157,1743,342,176,116,1,-1,-1,-1
1108,157,1613,341,307,118,1,-1,-1,-1
1109,157,1487,340,327,118,1,-1,-1,-1
1110,157,1353,339,332,119,1,-1,-1,-1
1111,157,1215,340,337,121,1,-1,-1,-1
1112,157,1072,337,347,124,1,-1,-1,-1
1113,157,934,341,345,122,1,-1,-1,-1
1114,157,792,343,347,123,1,-1,-1,-1
1115,157,653,346,348,121,1,-1,-1,-1
1116,157,516,348,337,123,1,-1,-1,-1
1117,157,382,352,332,122,1,-1,-1,-1
1118,157,247,357,328,120,1,-1,-1,-1
1119,157,121,363,318,117,1,-1,-1,-1
1120,157,1,366,306,119,1,-1,-1,-1
1121,157,0,373,181,110,1,-1,-1,-1
1122,157,0,377,58,106,1,-1,-1,-1
1122,158,860,225,52,27,1,-1,-1,-1
1123,158,861,225,51,27,1,-1,-1,-1
1126,158,859,225,52,28,1,-1,-1,-1
1134,158,862,226,49,26,1,-1,-1,-1
1135,158,861,226,50,26,1,-1,-1,-1
1136,158,862,226,49,26,1,-1,-1,-1
1137,158,861,226,49,26,1,-1,-1,-1
1138,158,862,226,49,26,1,-1,-1,-1
1139,158,862,226,48,25,1,-1,-1,-1
1141,158,863,225,46,26,1,-1,-1,-1
1142,158,865,226,45,26,1,-1,-1,-1
1143,158,865,226,44,26,1,-1,-1,-1
1144,158,865,226,44,26,1,-1,-1,-1
1145,158,863,225,46,26,1,-1,-1,-1
1146,158,863,225,46,26,1,-1,-1,-1
1151,158,861,226,49,26,1,-1,-1,-1
1153,158,866,226,44,26,1,-1,-1,-1
1154,158,866,226,45,26,1,-1,-1,-1
1155,158,866,226,45,26,1,-1,-1,-1
1156,158,866,226,45,26,1,-1,-1,-1
1157,158,860,226,50,26,1,-1,-1,-1
1158,158,859,226,51,27,1,-1,-1,-1
1159,158,859,226,51,27,1,-1,-1,-1
1160,158,858,226,52,26,1,-1,-1,-1
1161,158,857,226,53,26,1,-1,-1,-1
1162,158,858,226,53,27,1,-1,-1,-1
1163,158,858,226,53,27,1,-1,-1,-1
1164,158,859,226,52,26,1,-1,-1,-1
1166,158,856,226,55,27,1,-1,-1,-1
1198,158,863,225,47,26,1,-1,-1,-1
1128,159,1801,392,118,97,1,-1,-1,-1
1129,159,1659,381,261,108,1,-1,-1,-1
1130,159,1512,380,348,108,1,-1,-1,-1
1131,159,1359,379,354,109,1,-1,-1,-1
1132,159,1204,380,362,110,1,-1,-1,-1
1133,159,1047,380,363,112,1,-1,-1,-1
1134,159,888,379,367,114,1,-1,-1,-1
1135,159,733,382,363,114,1,-1,-1,-1
1136,159,578,383,359,115,1,-1,-1,-1
1137,159,428,389,355,112,1,-1,-1,-1
1138,159,280,395,345,110,1,-1,-1,-1
1139,159,139,398,341,110,1,-1,-1,-1
1140,159,4,401,333,111,1,-1,-1,-1
1141,159,1,404,196,107,1,-1,-1,-1
1146,163,0,493,256,273,1,-1,-1,-1
1147,163,1,484,481,283,1,-1,-1,-1
1148,163,2,482,719,289,1,-1,-1,-1
1149,163,223,477,748,294,1,-1,-1,-1
1150,163,459,474,767,298,1,-1,-1,-1
1151,163,710,470,774,300,1,-1,-1,-1
1152,163,964,473,764,292,1,-1,-1,-1
1153,163,1225,471,694,290,1,-1,-1,-1
1154,163,1463,464,456,290,1,-1,-1,-1
1155,163,1703,508,216,244,1,-1,-1,-1
1158,164,1,542,177,223,1,-1,-1,-1
1159,164,0,516,404,251,1,-1,-1,-1
1160,164,65,511,580,261,1,-1,-1,-1
1161,164,300,501,598,271,1,-1,-1,-1
1162,164,553,497,602,273,1,-1,-1,-1
1163,164,815,492,600,274,1,-1,-1,-1
1164,164,1076,493,591,269,1,-1,-1,-1
1165,164,1330,489,581,268,1,-1,-1,-1
1166,164,1579,492,339,261,1,-1,-1,-1
1167,164,1813,492,106,213,1,-1,-1,-1
1207,166,1348,246,58,34,1,-1,-1,-1
1208,166,1348,246,58,34,1,-1,-1,-1
1209,166,1348,246,58,35,1,-1,-1,-1
1210,166,1348,246,58,33,1,-1,-1,-1
1211,166,1349,246,58,32,1,-1,-1,-1
1212,166,1348,246,60,31,1,-1,-1,-1
1218,166,1347,246,59,36,1,-1,-1,-1
1219,166,1347,245,59,36,1,-1,-1,-1
1225,166,1301,240,103,37,1,-1,-1,-1
1226,166,1303,240,101,38,1,-1,-1,-1
1227,166,1315,241,89,37,1,-1,-1,-1
1228,166,1306,241,99,37,1,-1,-1,-1
1229,166,1318,243,88,36,1,-1,-1,-1
1230,166,1298,243,106,35,1,-1,-1,-1
1231,166,1299,242,105,36,1,-1,-1,-1
1232,166,1299,242,105,36,1,-1,-1,-1
1233,166,1299,241,105,37,1,-1,-1,-1
1234,166,1304,242,101,35,1,-1,-1,-1
1235,166,1301,241,103,36,1,-1,-1,-1
1236,166,1298,241,106,37,1,-1,-1,-1
1237,166,1301,241,105,36,1,-1,-1,-1
1238,166,1301,240,58,35,1,-1,-1,-1
1239,166,1304,241,102,35,1,-1,-1,-1
1240,166,1299,241,105,36,1,-1,-1,-1
1241,166,1300,241,103,36,1,-1,-1,-1
1242,166,1299,241,105,36,1,-1,-1,-1
1243,166,1300,241,105,36,1,-1,-1,-1
1244,166,1302,242,103,35,1,-1,-1,-1
1245,166,1305,242,100,35,1,-1,-1,-1
1246,166,1301,241,102,36,1,-1,-1,-1
1247,166,1305,241,99,35,1,-1,-1,-1
1248,166,1301,242,55,35,1,-1,-1,-1
1249,166,1301,242,103,34,1,-1,-1,-1
1250,166,1300,242,74,34,1,-1,-1,-1
1251,166,1300,241,65,35,1,-1,-1,-1
1252,166,1300,240,65,36,1,-1,-1,-1
1253,166,1300,241,53,34,1,-1,-1,-1
1254,166,1301,242,51,34,1,-1,-1,-1
1255,166,1301,242,51,34,1,-1,-1,-1
1256,166,1300,242,51,33,1,-1,-1,-1
1257,166,1300,243,52,33,1,-1,-1,-1
1258,166,1300,243,54,32,1,-1,-1,-1
1259,166,1300,243,55,33,1,-1,-1,-1
1219,170,273,534,556,241,1,-1,-1,-1
1220,170,541,531,569,244,1,-1,-1,-1
1221,170,822,527,570,245,1,-1,-1,-1
1222,170,1107,526,560,244,1,-1,-1,-1
1223,170,1386,526,532,236,1,-1,-1,-1
1224,170,1650,522,270,235,1,-1,-1,-1
1226,172,382,469,476,199,1,-1,-1,-1
1227,172,610,463,483,202,1,-1,-1,-1
1228,172,845,458,484,207,1,-1,-1,-1
1229,172,1080,458,481,202,1,-1,-1,-1
1230,172,1311,451,473,208,1,-1,-1,-1
1231,172,1537,457,382,200,1,-1,-1,-1
1232,172,1754,458,165,195,1,-1,-1,-1
1240,176,865,225,47,27,1,-1,-1,-1
1241,176,865,225,47,27,1,-1,-1,-1
1242,176,865,224,47,28,1,-1,-1,-1
1243,176,866,224,47,28,1,-1,-1,-1
1248,176,865,224,49,27,1,-1,-1,-1
1262,176,861,224,54,28,1,-1,-1,-1
1263,176,860,224,56,28,1,-1,-1,-1
1264,176,860,224,55,28,1,-1,-1,-1
1265,176,862,224,54,28,1,-1,-1,-1
1270,176,864,224,50,29,1,-1,-1,-1
1271,176,862,225,49,27,1,-1,-1,-1
1272,176,863,225,48,27,1,-1,-1,-1
1273,176,864,225,47,28,1,-1,-1,-1
1274,176,864,225,46,27,1,-1,-1,-1
1275,176,864,225,47,27,1,-1,-1,-1
1276,176,864,225,46,27,1,-1,-1,-1
1277,176,864,225,46,28,1,-1,-1,-1
1278,176,864,225,47,27,1,-1,-1,-1
1279,176,862,225,48,27,1,-1,-1,-1
1280,176,861,225,50,27,1,-1,-1,-1
1281,176,862,225,49,27,1,-1,-1,-1
1282,176,862,225,48,27,1,-1,-1,-1
1283,176,862,224,50,28,1,-1,-1,-1
1284,176,862,225,48,28,1,-1,-1,-1
1285,176,863,224,49,29,1,-1,-1,-1
1286,176,859,225,52,28,1,-1,-1,-1
1287,176,861,224,52,29,1,-1,-1,-1
1288,176,863,225,48,27,1,-1,-1,-1
1289,176,862,224,48,28,1,-1,-1,-1
1290,176,867,225,45,28,1,-1,-1,-1
1291,176,867,225,45,28,1,-1,-1,-1
1292,176,867,225,44,27,1,-1,-1,-1
1293,176,866,225,45,27,1,-1,-1,-1
1294,176,866,225,45,26,1,-1,-1,-1
1297,176,864,226,45,26,1,-1,-1,-1
1298,176,865,226,44,26,1,-1,-1,-1
1253,179,1348,246,59,32,1,-1,-1,-1
1254,179,1348,246,59,33,1,-1,-1,-1
1255,179,1348,246,59,32,1,-1,-1,-1
1256,179,1348,246,59,32,1,-1,-1,-1
1257,179,1348,246,60,31,1,-1,-1,-1
1258,179,1349,246,59,31,1,-1,-1,-1
1259,179,1313,243,93,33,1,-1,-1,-1
1260,179,1305,242,100,34,1,-1,-1,-1
1261,179,1306,243,99,33,1,-1,-1,-1
1262,179,1305,243,99,32,1,-1,-1,-1
1263,179,1301,242,102,34,1,-1,-1,-1
1264,179,1302,242,101,34,1,-1,-1,-1
1265,179,1308,243,96,33,1,-1,-1,-1
1266,179,1297,241,107,35,1,-1,-1,-1
1267,179,1297,240,108,35,1,-1,-1,-1
1268,179,1302,240,102,36,1,-1,-1,-1
1269,179,1300,240,104,36,1,-1,-1,-1
1270,179,1301,240,102,36,1,-1,-1,-1
1271,179,1303,239,99,37,1,-1,-1,-1
1272,179,1303,239,100,37,1,-1,-1,-1
1273,179,1307,239,96,37,1,-1,-1,-1
1274,179,1309,240,93,37,1,-1,-1,-1
1275,179,1301,239,100,37,1,-1,-1,-1
1276,179,1302,239,100,37,1,-1,-1,-1
1277,179,1304,239,98,38,1,-1,-1,-1
1278,179,1304,239,99,38,1,-1,-1,-1
1279,179,1302,238,99,38,1,-1,-1,-1
1280,179,1301,238,101,38,1,-1,-1,-1
1281,179,1303,238,100,38,1,-1,-1,-1
1282,179,1303,238,100,38,1,-1,-1,-1
1283,179,1301,239,101,38,1,-1,-1,-1
1284,179,1301,239,100,37,1,-1,-1,-1
1285,179,1303,240,99,36,1,-1,-1,-1
1286,179,1299,239,104,37,1,-1,-1,-1
1287,179,1299,238,104,37,1,-1,-1,-1
1288,179,1300,239,104,38,1,-1,-1,-1
1289,179,1301,239,102,37,1,-1,-1,-1
1290,179,1300,240,100,37,1,-1,-1,-1
1291,179,1300,240,100,36,1,-1,-1,-1
1292,179,1300,241,100,35,1,-1,-1,-1
1293,179,1300,240,101,36,1,-1,-1,-1
1294,179,1301,241,98,36,1,-1,-1,-1
1295,179,1301,241,98,36,1,-1,-1,-1
1296,179,1302,241,97,36,1,-1,-1,-1
1297,179,1298,240,102,37,1,-1,-1,-1
1298,179,1299,239,101,38,1,-1,-1,-1
1299,179,1299,240,100,37,1,-1,-1,-1
1300,179,1304,240,99,36,1,-1,-1,-1
1301,179,1304,240,98,36,1,-1,-1,-1
1302,179,1303,240,99,38,1,-1,-1,-1
1303,179,1298,239,102,38,1,-1,-1,-1
1304,179,1298,241,102,36,1,-1,-1,-1
1305,179,1298,241,103,36,1,-1,-1,-1
1306,179,1298,242,102,35,1,-1,-1,-1
1307,179,1299,242,103,36,1,-1,-1,-1
1308,179,1298,242,103,36,1,-1,-1,-1
1309,179,1299,242,104,35,1,-1,-1,-1
1310,179,1299,242,104,35,1,-1,-1,-1
1311,179,1299,242,104,35,1,-1,-1,-1
1312,179,1299,243,102,34,1,-1,-1,-1
1313,179,1299,243,103,34,1,-1,-1,-1
1314,179,1299,243,103,34,1,-1,-1,-1
1315,179,1298,242,105,34,1,-1,-1,-1
1316,179,1298,242,104,34,1,-1,-1,-1
1317,179,1299,243,104,34,1,-1,-1,-1
1318,179,1299,243,104,34,1,-1,-1,-1
1319,179,1298,242,104,34,1,-1,-1,-1
1320,179,1298,242,104,35,1,-1,-1,-1
1321,179,1297,241,105,36,1,-1,-1,-1
1322,179,1297,241,105,36,1,-1,-1,-1
1323,179,1301,240,101,38,1,-1,-1,-1
1324,179,1300,240,102,38,1,-1,-1,-1
1325,179,1300,240,103,38,1,-1,-1,-1
1326,179,1300,239,103,39,1,-1,-1,-1
1327,179,1300,239,103,39,1,-1,-1,-1
1328,179,1300,240,102,38,1,-1,-1,-1
1329,179,1301,240,101,38,1,-1,-1,-1
1330,179,1302,240,101,38,1,-1,-1,-1
1331,179,1302,240,101,38,1,-1,-1,-1
1332,179,1301,240,101,37,1,-1,-1,-1
1333,179,1303,242,100,34,1,-1,-1,-1
1334,179,1301,241,101,35,1,-1,-1,-1
1335,179,1302,241,100,35,1,-1,-1,-1
1336,179,1302,241,101,35,1,-1,-1,-1
1337,179,1301,240,101,35,1,-1,-1,-1
1338,179,1301,240,101,35,1,-1,-1,-1
1339,179,1302,241,101,35,1,-1,-1,-1
1340,179,1303,241,100,35,1,-1,-1,-1
1341,179,1303,241,100,35,1,-1,-1,-1
1342,179,1305,241,98,35,1,-1,-1,-1
1343,179,1305,241,98,35,1,-1,-1,-1
1344,179,1305,241,98,35,1,-1,-1,-1
1345,179,1305,241,98,35,1,-1,-1,-1
1346,179,1305,240,98,35,1,-1,-1,-1
1347,179,1303,240,99,35,1,-1,-1,-1
1348,179,1303,240,99,36,1,-1,-1,-1
1349,179,1302,239,98,38,1,-1,-1,-1
1350,179,1302,239,98,38,1,-1,-1,-1
1351,179,1301,238,99,39,1,-1,-1,-1
1352,179,1302,238,99,39,1,-1,-1,-1
1353,179,1301,239,99,39,1,-1,-1,-1
1354,179,1300,238,100,39,1,-1,-1,-1
1355,179,1301,239,99,39,1,-1,-1,-1
1356,179,1301,239,100,39,1,-1,-1,-1
1357,179,1309,240,93,38,1,-1,-1,-1
1358,179,1310,240,93,38,1,-1,-1,-1
1359,179,1301,240,61,36,1,-1,-1,-1
1360,179,1301,240,61,36,1,-1,-1,-1
1361,179,1301,240,59,36,1,-1,-1,-1
1363,179,1304,240,98,37,1,-1,-1,-1
1364,179,1309,240,94,37,1,-1,-1,-1
1365,179,1309,241,94,37,1,-1,-1,-1
1367,179,1307,241,96,36,1,-1,-1,-1
1371,179,1314,241,87,38,1,-1,-1,-1
1381,179,1303,240,97,37,1,-1,-1,-1
1382,179,1303,240,97,37,1,-1,-1,-1
1383,179,1301,239,60,36,1,-1,-1,-1
1384,179,1308,239,93,38,1,-1,-1,-1
1385,179,1308,240,93,38,1,-1,-1,-1
1386,179,1301,238,63,38,1,-1,-1,-1
1387,179,1301,238,64,38,1,-1,-1,-1
1388,179,1301,239,59,36,1,-1,-1,-1
1389,179,1301,239,59,36,1,-1,-1,-1
1390,179,1301,240,62,35,1,-1,-1,-1
1391,179,1301,240,58,35,1,-1,-1,-1
1392,179,1301,240,66,36,1,-1,-1,-1
1393,179,1303,240,99,38,1,-1,-1,-1
1394,179,1308,241,93,37,1,-1,-1,-1
1395,179,1308,241,93,37,1,-1,-1,-1
1396,179,1305,240,97,38,1,-1,-1,-1
1397,179,1314,241,89,37,1,-1,-1,-1
1398,179,1312,241,91,37,1,-1,-1,-1
1399,179,1300,238,102,39,1,-1,-1,-1
1400,179,1300,238,102,40,1,-1,-1,-1
1401,179,1302,238,101,39,1,-1,-1,-1
1402,179,1307,240,96,38,1,-1,-1,-1
1403,179,1308,240,95,39,1,-1,-1,-1
1404,179,1305,239,98,40,1,-1,-1,-1
1405,179,1303,240,100,38,1,-1,-1,-1
1406,179,1302,239,101,38,1,-1,-1,-1
1407,179,1302,239,100,38,1,-1,-1,-1
1408,179,1302,239,101,38,1,-1,-1,-1
1409,179,1301,239,101,38,1,-1,-1,-1
1410,179,1301,239,102,38,1,-1,-1,-1
1411,179,1300,239,102,39,1,-1,-1,-1
1412,179,1300,239,103,39,1,-1,-1,-1
1413,179,1300,239,102,39,1,-1,-1,-1
1414,179,1300,239,102,38,1,-1,-1,-1
1415,179,1300,239,101,38,1,-1,-1,-1
1416,179,1301,239,101,38,1,-1,-1,-1
1417,179,1301,239,101,39,1,-1,-1,-1
1418,179,1301,239,101,39,1,-1,-1,-1
1419,179,1306,240,97,38,1,-1,-1,-1
1420,179,1303,240,98,39,1,-1,-1,-1
1421,179,1304,240,98,39,1,-1,-1,-1
1422,179,1305,240,96,39,1,-1,-1,-1
1423,179,1304,240,97,39,1,-1,-1,-1
1424,179,1304,240,97,39,1,-1,-1,-1
1425,179,1305,240,97,39,1,-1,-1,-1
1426,179,1304,240,98,39,1,-1,-1,-1
1427,179,1306,240,96,39,1,-1,-1,-1
1428,179,1305,240,96,39,1,-1,-1,-1
1429,179,1302,238,99,41,1,-1,-1,-1
1430,179,1301,238,99,41,1,-1,-1,-1
1431,179,1301,238,99,41,1,-1,-1,-1
1432,179,1301,238,100,41,1,-1,-1,-1
1433,179,1301,238,99,41,1,-1,-1,-1
1434,179,1301,238,99,41,1,-1,-1,-1
1435,179,1301,238,99,41,1,-1,-1,-1
1436,179,1301,238,98,40,1,-1,-1,-1
1437,179,1302,238,98,40,1,-1,-1,-1
1438,179,1300,237,100,41,1,-1,-1,-1
1439,179,1306,240,96,38,1,-1,-1,-1
1440,179,1307,240,96,38,1,-1,-1,-1
1441,179,1303,241,55,35,1,-1,-1,-1
1442,179,1303,241,55,35,1,-1,-1,-1
1443,179,1302,241,55,35,1,-1,-1,-1
1444,179,1302,241,56,35,1,-1,-1,-1
1445,179,1302,242,55,34,1,-1,-1,-1
1446,179,1302,241,56,35,1,-1,-1,-1
1447,179,1302,241,58,36,1,-1,-1,-1
1448,179,1302,241,59,36,1,-1,-1,-1
1449,179,1307,238,96,42,1,-1,-1,-1
1450,179,1310,239,94,41,1,-1,-1,-1
1451,179,1307,238,97,42,1,-1,-1,-1
1452,179,1308,239,96,41,1,-1,-1,-1
1453,179,1301,238,101,41,1,-1,-1,-1
1454,179,1305,239,99,40,1,-1,-1,-1
1455,179,1303,238,101,41,1,-1,-1,-1
1456,179,1302,238,101,41,1,-1,-1,-1
1457,179,1301,238,101,41,1,-1,-1,-1
1458,179,1304,238,99,41,1,-1,-1,-1
1459,179,1306,240,97,38,1,-1,-1,-1
1460,179,1306,240,98,38,1,-1,-1,-1
1461,179,1306,240,98,38,1,-1,-1,-1
1462,179,1306,240,97,38,1,-1,-1,-1
1463,179,1304,239,99,39,1,-1,-1,-1
1464,179,1303,239,100,39,1,-1,-1,-1
1465,179,1302,240,102,38,1,-1,-1,-1
1466,179,1304,240,100,38,1,-1,-1,-1
1467,179,1304,240,100,38,1,-1,-1,-1
1468,179,1307,241,97,37,1,-1,-1,-1
1469,179,1302,240,52,36,1,-1,-1,-1
1470,179,1302,240,52,36,1,-1,-1,-1
1471,179,1302,240,52,36,1,-1,-1,-1
1472,179,1301,240,52,35,1,-1,-1,-1
1473,179,1302,239,52,36,1,-1,-1,-1
1474,179,1301,238,55,38,1,-1,-1,-1
1475,179,1301,238,56,38,1,-1,-1,-1
1476,179,1301,238,54,37,1,-1,-1,-1
1477,179,1302,236,64,40,1,-1,-1,-1
1478,179,1301,236,67,40,1,-1,-1,-1
1479,179,1303,238,100,40,1,-1,-1,-1
1480,179,1302,238,100,41,1,-1,-1,-1
1481,179,1301,237,101,42,1,-1,-1,-1
1482,179,1302,237,101,42,1,-1,-1,-1
1483,179,1302,238,100,41,1,-1,-1,-1
1484,179,1302,238,100,41,1,-1,-1,-1
1485,179,1302,238,100,41,1,-1,-1,-1
1486,179,1303,238,99,41,1,-1,-1,-1
1487,179,1303,238,99,41,1,-1,-1,-1
1488,179,1303,238,99,41,1,-1,-1,-1
1489,179,1306,241,96,38,1,-1,-1,-1
1490,179,1306,241,97,38,1,-1,-1,-1
1491,179,1306,241,97,38,1,-1,-1,-1
1492,179,1305,241,97,38,1,-1,-1,-1
1493,179,1305,241,97,38,1,-1,-1,-1
1494,179,1305,241,97,38,1,-1,-1,-1
1495,179,1305,240,97,39,1,-1,-1,-1
1496,179,1306,241,96,39,1,-1,-1,-1
1497,179,1306,241,96,39,1,-1,-1,-1
1498,179,1306,241,96,39,1,-1,-1,-1
1499,179,1306,240,97,39,1,-1,-1,-1
1500,179,1306,240,96,39,1,-1,-1,-1
1501,179,1304,239,97,39,1,-1,-1,-1
1502,179,1304,239,97,39,1,-1,-1,-1
1503,179,1304,239,97,39,1,-1,-1,-1
1504,179,1304,239,97,39,1,-1,-1,-1
1505,179,1304,240,98,38,1,-1,-1,-1
1506,179,1304,239,97,39,1,-1,-1,-1
1507,179,1304,239,96,39,1,-1,-1,-1
1508,179,1304,239,96,39,1,-1,-1,-1
1509,179,1303,239,97,39,1,-1,-1,-1
1510,179,1303,239,97,39,1,-1,-1,-1
1511,179,1303,239,97,39,1,-1,-1,-1
1512,179,1303,239,97,39,1,-1,-1,-1
1513,179,1303,239,97,39,1,-1,-1,-1
1514,179,1303,239,97,39,1,-1,-1,-1
1515,179,1303,239,97,39,1,-1,-1,-1
1516,179,1303,239,98,39,1,-1,-1,-1
1517,179,1303,239,98,39,1,-1,-1,-1
1518,179,1304,239,97,39,1,-1,-1,-1
1519,179,1303,239,97,39,1,-1,-1,-1
1520,179,1306,239,95,38,1,-1,-1,-1
1521,179,1306,239,95,38,1,-1,-1,-1
1522,179,1305,239,96,38,1,-1,-1,-1
1523,179,1304,239,97,39,1,-1,-1,-1
1524,179,1305,239,96,38,1,-1,-1,-1
1525,179,1308,239,94,39,1,-1,-1,-1
1526,179,1308,239,93,39,1,-1,-1,-1
1527,179,1308,239,93,39,1,-1,-1,-1
1528,179,1308,239,94,39,1,-1,-1,-1
1529,179,1308,239,94,39,1,-1,-1,-1
1530,179,1309,239,93,39,1,-1,-1,-1
1531,179,1306,239,95,39,1,-1,-1,-1
1532,179,1306,239,95,39,1,-1,-1,-1
1533,179,1305,239,96,39,1,-1,-1,-1
1534,179,1308,239,94,38,1,-1,-1,-1
1535,179,1307,239,94,38,1,-1,-1,-1
1536,179,1307,239,94,38,1,-1,-1,-1
1537,179,1301,240,102,37,1,-1,-1,-1
1538,179,1301,241,102,36,1,-1,-1,-1
1539,179,1300,240,102,37,1,-1,-1,-1
1540,179,1299,240,103,37,1,-1,-1,-1
1541,179,1300,240,101,37,1,-1,-1,-1
1542,179,1300,240,102,37,1,-1,-1,-1
1543,179,1300,240,101,37,1,-1,-1,-1
1544,179,1300,239,103,38,1,-1,-1,-1
1545,179,1300,239,102,38,1,-1,-1,-1
1546,179,1302,239,101,38,1,-1,-1,-1
1547,179,1304,240,98,37,1,-1,-1,-1
1548,179,1305,240,97,36,1,-1,-1,-1
1549,179,1304,240,99,36,1,-1,-1,-1
1552,179,1300,240,102,36,1,-1,-1,-1
1561,179,1309,240,98,38,1,-1,-1,-1
1562,179,1309,239,98,38,1,-1,-1,-1
1563,179,1306,239,101,38,1,-1,-1,-1
1564,179,1304,239,103,38,1,-1,-1,-1
1565,179,1303,239,103,38,1,-1,-1,-1
1566,179,1303,239,104,38,1,-1,-1,-1
1567,179,1302,239,104,39,1,-1,-1,-1
1568,179,1302,239,104,39,1,-1,-1,-1
1569,179,1302,239,105,38,1,-1,-1,-1
1570,179,1300,239,105,38,1,-1,-1,-1
1571,179,1300,239,105,38,1,-1,-1,-1
1572,179,1300,240,104,37,1,-1,-1,-1
1576,179,1300,243,58,31,1,-1,-1,-1
1577,179,1301,242,58,33,1,-1,-1,-1
1265,180,1760,362,159,95,1,-1,-1,-1
1266,180,1604,360,305,98,1,-1,-1,-1
1289,180,1662,350,255,139,1,-1,-1,-1
1290,180,1495,348,380,142,1,-1,-1,-1
1291,180,1327,346,389,146,1,-1,-1,-1
1267,181,1443,358,313,100,1,-1,-1,-1
1268,181,1281,358,318,101,1,-1,-1,-1
1269,181,1111,358,323,102,1,-1,-1,-1
1270,181,944,360,320,103,1,-1,-1,-1
1271,181,773,361,327,106,1,-1,-1,-1
1272,181,608,364,323,103,1,-1,-1,-1
1273,181,445,370,318,101,1,-1,-1,-1
1274,181,289,377,309,98,1,-1,-1,-1
1275,181,137,383,304,98,1,-1,-1,-1
1276,181,3,386,282,99,1,-1,-1,-1
1277,181,0,393,139,93,1,-1,-1,-1
1292,184,1152,347,391,145,1,-1,-1,-1
1293,184,975,346,401,147,1,-1,-1,-1
1294,184,798,351,400,146,1,-1,-1,-1
1295,184,626,353,391,145,1,-1,-1,-1
1296,184,453,359,387,143,1,-1,-1,-1
1297,184,289,363,385,143,1,-1,-1,-1
1298,184,129,366,374,143,1,-1,-1,-1
1299,184,1,371,337,141,1,-1,-1,-1
1300,184,0,378,183,133,1,-1,-1,-1
1321,186,1,547,189,217,1,-1,-1,-1
1322,186,2,530,441,236,1,-1,-1,-1
1323,186,97,525,614,242,1,-1,-1,-1
1324,186,361,519,630,247,1,-1,-1,-1
1325,186,639,515,638,250,1,-1,-1,-1
1326,186,920,513,634,252,1,-1,-1,-1
1327,186,1204,510,623,246,1,-1,-1,-1
1328,186,1481,509,438,242,1,-1,-1,-1
1329,186,1741,509,178,235,1,-1,-1,-1
1333,192,866,226,43,26,1,-1,-1,-1
1334,192,866,226,44,27,1,-1,-1,-1
1335,192,866,226,43,26,1,-1,-1,-1
1336,192,867,226,43,27,1,-1,-1,-1
1345,192,865,226,44,26,1,-1,-1,-1
1346,192,865,226,44,26,1,-1,-1,-1
1347,192,865,225,45,27,1,-1,-1,-1
1348,192,865,225,45,27,1,-1,-1,-1
1344,200,1349,247,59,30,1,-1,-1,-1
1345,200,1349,247,60,30,1,-1,-1,-1
1346,200,1349,247,60,30,1,-1,-1,-1
1347,200,1349,247,60,30,1,-1,-1,-1
1348,200,1349,247,60,30,1,-1,-1,-1
1359,200,1348,247,59,35,1,-1,-1,-1
1360,200,1348,247,59,35,1,-1,-1,-1
1361,200,1348,247,59,35,1,-1,-1,-1
1362,200,1348,247,59,35,1,-1,-1,-1
1363,200,1348,247,60,34,1,-1,-1,-1
1364,200,1347,247,60,35,1,-1,-1,-1
1365,200,1347,247,60,34,1,-1,-1,-1
1366,200,1348,247,60,35,1,-1,-1,-1
1368,200,1348,247,58,35,1,-1,-1,-1
1370,200,1348,249,58,38,1,-1,-1,-1
1371,200,1348,248,58,38,1,-1,-1,-1
1372,200,1348,249,59,39,1,-1,-1,-1
1373,200,1348,249,60,38,1,-1,-1,-1
1374,200,1348,249,60,39,1,-1,-1,-1
1377,200,1348,249,60,39,1,-1,-1,-1
1378,200,1348,250,59,39,1,-1,-1,-1
1379,200,1348,249,59,38,1,-1,-1,-1
1380,200,1348,249,59,38,1,-1,-1,-1
1383,200,1348,248,59,36,1,-1,-1,-1
1384,200,1348,247,58,36,1,-1,-1,-1
1385,200,1348,247,58,36,1,-1,-1,-1
1386,200,1348,247,58,36,1,-1,-1,-1
1387,200,1348,247,58,36,1,-1,-1,-1
1388,200,1348,248,57,37,1,-1,-1,-1
1389,200,1348,248,57,36,1,-1,-1,-1
1391,200,1348,248,58,37,1,-1,-1,-1
1392,200,1348,248,58,35,1,-1,-1,-1
1394,200,1348,249,57,36,1,-1,-1,-1
1395,200,1348,249,58,36,1,-1,-1,-1
1396,200,1348,249,58,36,1,-1,-1,-1
1397,200,1348,248,57,36,1,-1,-1,-1
1398,200,1348,248,57,35,1,-1,-1,-1
1419,200,1347,247,61,35,1,-1,-1,-1
1420,200,1347,248,61,35,1,-1,-1,-1
1421,200,1347,247,61,35,1,-1,-1,-1
1422,200,1347,247,60,36,1,-1,-1,-1
1423,200,1347,248,60,35,1,-1,-1,-1
1424,200,1346,248,60,35,1,-1,-1,-1
1425,200,1346,248,60,35,1,-1,-1,-1
1427,200,1347,248,59,36,1,-1,-1,-1
1428,200,1347,248,59,36,1,-1,-1,-1
1439,200,1346,247,61,34,1,-1,-1,-1
1441,200,1346,246,63,34,1,-1,-1,-1
1442,200,1346,246,63,34,1,-1,-1,-1
1443,200,1346,246,63,34,1,-1,-1,-1
1444,200,1346,246,63,34,1,-1,-1,-1
1445,200,1346,246,63,34,1,-1,-1,-1
1446,200,1346,246,63,34,1,-1,-1,-1
1447,200,1346,246,63,34,1,-1,-1,-1
1448,200,1346,246,63,34,1,-1,-1,-1
1449,200,1346,247,62,38,1,-1,-1,-1
1450,200,1346,247,62,39,1,-1,-1,-1
1451,200,1346,246,62,39,1,-1,-1,-1
1452,200,1346,246,62,38,1,-1,-1,-1
1453,200,1345,246,63,38,1,-1,-1,-1
1454,200,1346,246,62,38,1,-1,-1,-1
1455,200,1346,246,62,38,1,-1,-1,-1
1456,200,1345,246,63,38,1,-1,-1,-1
1457,200,1345,246,63,38,1,-1,-1,-1
1458,200,1346,247,62,38,1,-1,-1,-1
1469,200,1348,246,60,37,1,-1,-1,-1
1470,200,1348,246,60,37,1,-1,-1,-1
1471,200,1348,246,59,37,1,-1,-1,-1
1472,200,1347,246,60,39,1,-1,-1,-1
1473,200,1347,246,60,40,1,-1,-1,-1
1474,200,1347,246,61,39,1,-1,-1,-1
1475,200,1347,245,61,38,1,-1,-1,-1
1476,200,1347,245,60,38,1,-1,-1,-1
1477,200,1346,245,61,39,1,-1,-1,-1
1478,200,1346,245,61,38,1,-1,-1,-1
1479,200,1345,246,63,36,1,-1,-1,-1
1480,200,1344,246,64,37,1,-1,-1,-1
1481,200,1342,246,66,38,1,-1,-1,-1
1482,200,1342,246,66,38,1,-1,-1,-1
1483,200,1342,246,66,37,1,-1,-1,-1
1484,200,1342,246,66,37,1,-1,-1,-1
1485,200,1342,246,66,37,1,-1,-1,-1
1486,200,1343,246,65,37,1,-1,-1,-1
1487,200,1343,246,65,37,1,-1,-1,-1
1488,200,1343,246,65,37,1,-1,-1,-1
1489,200,1347,248,63,36,1,-1,-1,-1
1490,200,1347,248,63,36,1,-1,-1,-1
1491,200,1347,248,63,36,1,-1,-1,-1
1492,200,1347,248,63,36,1,-1,-1,-1
1493,200,1347,248,63,36,1,-1,-1,-1
1494,200,1347,248,63,36,1,-1,-1,-1
1495,200,1347,248,63,36,1,-1,-1,-1
1496,200,1347,248,63,36,1,-1,-1,-1
1497,200,1347,248,63,36,1,-1,-1,-1
1498,200,1347,248,63,37,1,-1,-1,-1
1499,200,1347,248,63,36,1,-1,-1,-1
1500,200,1347,248,63,36,1,-1,-1,-1
1501,200,1347,247,63,35,1,-1,-1,-1
1502,200,1347,247,63,35,1,-1,-1,-1
1503,200,1347,247,63,35,1,-1,-1,-1
1504,200,1347,247,63,36,1,-1,-1,-1
1505,200,1347,247,63,35,1,-1,-1,-1
1506,200,1347,247,63,36,1,-1,-1,-1
1507,200,1347,247,63,35,1,-1,-1,-1
1508,200,1347,247,63,35,1,-1,-1,-1
1509,200,1347,247,64,36,1,-1,-1,-1
1510,200,1347,247,64,35,1,-1,-1,-1
1511,200,1347,247,64,35,1,-1,-1,-1
1512,200,1347,247,64,35,1,-1,-1,-1
1513,200,1347,247,63,36,1,-1,-1,-1
1514,200,1347,247,63,36,1,-1,-1,-1
1515,200,1347,247,63,36,1,-1,-1,-1
1516,200,1347,247,63,35,1,-1,-1,-1
1517,200,1347,247,63,36,1,-1,-1,-1
1518,200,1347,247,63,36,1,-1,-1,-1
1519,200,1347,247,63,36,1,-1,-1,-1
1520,200,1346,247,61,36,1,-1,-1,-1
1521,200,1346,247,61,35,1,-1,-1,-1
1522,200,1346,247,61,35,1,-1,-1,-1
1524,200,1346,247,61,35,1,-1,-1,-1
1525,200,1346,246,62,36,1,-1,-1,-1
1526,200,1346,246,62,36,1,-1,-1,-1
1527,200,1346,246,62,36,1,-1,-1,-1
1528,200,1346,246,62,36,1,-1,-1,-1
1529,200,1346,246,62,36,1,-1,-1,-1
1530,200,1346,246,62,36,1,-1,-1,-1
1531,200,1345,246,63,35,1,-1,-1,-1
1532,200,1345,246,63,35,1,-1,-1,-1
1533,200,1345,246,63,35,1,-1,-1,-1
1534,200,1345,246,62,35,1,-1,-1,-1
1347,201,0,597,146,168,1,-1,-1,-1
1348,201,0,568,370,197,1,-1,-1,-1
1349,201,70,565,542,202,1,-1,-1,-1
1350,201,300,559,561,209,1,-1,-1,-1
1351,201,547,557,573,211,1,-1,-1,-1
1352,201,803,555,574,210,1,-1,-1,-1
1353,201,1062,554,565,208,1,-1,-1,-1
1354,201,1317,551,552,208,1,-1,-1,-1
1355,201,1563,549,354,208,1,-1,-1,-1
1356,201,1800,560,119,177,1,-1,-1,-1
1416,206,863,224,47,27,1,-1,-1,-1
1417,206,862,224,49,27,1,-1,-1,-1
1418,206,861,224,49,27,1,-1,-1,-1
1436,206,864,225,49,27,1,-1,-1,-1
1437,206,864,225,49,27,1,-1,-1,-1
1439,206,855,226,55,26,1,-1,-1,-1
1440,206,854,226,56,26,1,-1,-1,-1
1444,206,855,226,55,26,1,-1,-1,-1
1445,206,855,226,55,26,1,-1,-1,-1
1449,206,858,224,54,29,1,-1,-1,-1
1450,206,858,224,54,28,1,-1,-1,-1
1451,206,858,224,54,28,1,-1,-1,-1
1452,206,860,223,54,28,1,-1,-1,-1
1454,206,857,225,55,27,1,-1,-1,-1
1455,206,857,225,55,27,1,-1,-1,-1
1459,206,855,224,56,27,1,-1,-1,-1
1460,206,855,224,56,27,1,-1,-1,-1
1461,206,855,224,56,27,1,-1,-1,-1
1462,206,855,224,56,27,1,-1,-1,-1
1465,206,852,224,59,27,1,-1,-1,-1
1466,206,852,224,59,27,1,-1,-1,-1
1467,206,852,224,59,27,1,-1,-1,-1
1468,206,852,224,59,27,1,-1,-1,-1
1469,206,858,225,52,27,1,-1,-1,-1
1470,206,858,225,52,26,1,-1,-1,-1
1471,206,856,225,54,26,1,-1,-1,-1
1472,206,863,225,48,27,1,-1,-1,-1
1473,206,862,225,49,27,1,-1,-1,-1
1474,206,862,225,49,27,1,-1,-1,-1
1475,206,862,225,49,27,1,-1,-1,-1
1476,206,862,224,49,28,1,-1,-1,-1
1477,206,863,224,48,27,1,-1,-1,-1
1478,206,863,224,48,27,1,-1,-1,-1
1479,206,860,225,50,26,1,-1,-1,-1
1481,206,859,225,50,26,1,-1,-1,-1
1482,206,860,224,50,26,1,-1,-1,-1
1483,206,860,224,50,26,1,-1,-1,-1
1484,206,860,225,49,26,1,-1,-1,-1
1485,206,860,225,49,26,1,-1,-1,-1
1486,206,860,225,50,26,1,-1,-1,-1
1487,206,860,225,50,26,1,-1,-1,-1
1488,206,861,225,49,26,1,-1,-1,-1
1433,208,0,648,37,109,1,-1,-1,-1
1434,208,0,642,64,128,1,-1,-1,-1
1435,208,0,639,91,139,1,-1,-1,-1
1436,208,0,634,121,152,1,-1,-1,-1
1437,208,0,611,149,210,1,-1,-1,-1
1438,208,0,596,180,240,1,-1,-1,-1
1439,208,0,584,220,262,1,-1,-1,-1
1440,208,0,576,256,278,1,-1,-1,-1
1441,208,1,576,292,284,1,-1,-1,-1
1442,208,0,580,334,291,1,-1,-1,-1
1443,208,0,584,374,297,1,-1,-1,-1
1444,208,1,587,420,306,1,-1,-1,-1
1445,208,1,587,465,317,1,-1,-1,-1
1446,208,1,592,514,326,1,-1,-1,-1
1447,208,2,602,564,332,1,-1,-1,-1
1448,208,44,607,575,348,1,-1,-1,-1
1449,208,90,614,585,358,1,-1,-1,-1
1450,208,136,620,600,373,1,-1,-1,-1
1451,208,181,625,617,391,1,-1,-1,-1
1452,208,233,639,633,401,1,-1,-1,-1
1453,208,287,657,652,410,1,-1,-1,-1
1454,208,344,661,670,418,1,-1,-1,-1
1455,208,401,675,695,400,1,-1,-1,-1
1456,208,459,695,724,380,1,-1,-1,-1
1457,208,526,707,748,368,1,-1,-1,-1
1458,208,593,726,781,352,1,-1,-1,-1
1459,208,666,753,807,323,1,-1,-1,-1
1460,208,745,778,800,297,1,-1,-1,-1
1461,208,824,806,773,268,1,-1,-1,-1
1462,208,918,834,743,240,1,-1,-1,-1
1463,208,1030,868,712,207,1,-1,-1,-1
1464,208,1155,913,674,162,1,-1,-1,-1
1465,208,1308,969,589,107,1,-1,-1,-1
1466,208,1515,1016,396,60,1,-1,-1,-1
1477,210,0,486,31,84,1,-1,-1,-1
1478,210,0,482,40,90,1,-1,-1,-1
1479,210,0,480,49,102,1,-1,-1,-1
1480,210,0,477,55,105,1,-1,-1,-1
1481,210,0,477,64,104,1,-1,-1,-1
1482,210,0,476,70,106,1,-1,-1,-1
1483,210,0,474,77,107,1,-1,-1,-1
1484,210,0,473,80,109,1,-1,-1,-1
1485,210,0,472,87,112,1,-1,-1,-1
1486,210,0,473,89,114,1,-1,-1,-1
1487,210,0,473,91,115,1,-1,-1,-1
1488,210,0,474,94,115,1,-1,-1,-1
1489,210,0,473,97,117,1,-1,-1,-1
1490,210,0,472,97,119,1,-1,-1,-1
1491,210,0,472,98,119,1,-1,-1,-1
1492,210,0,472,98,118,1,-1,-1,-1
1493,210,0,472,98,118,1,-1,-1,-1
1494,210,0,472,98,118,1,-1,-1,-1
1495,210,0,472,98,118,1,-1,-1,-1
1496,210,0,472,98,118,1,-1,-1,-1
1497,210,0,472,98,118,1,-1,-1,-1
1498,210,0,472,98,118,1,-1,-1,-1
1499,210,0,472,98,118,1,-1,-1,-1
1500,210,0,472,98,118,1,-1,-1,-1
1501,210,0,472,99,119,1,-1,-1,-1
1502,210,0,472,99,119,1,-1,-1,-1
1503,210,0,472,99,119,1,-1,-1,-1
1504,210,0,472,99,119,1,-1,-1,-1
1505,210,0,472,99,119,1,-1,-1,-1
1506,210,0,472,99,119,1,-1,-1,-1
1507,210,0,472,99,119,1,-1,-1,-1
1508,210,0,472,99,119,1,-1,-1,-1
1509,210,0,472,99,119,1,-1,-1,-1
1510,210,0,472,98,119,1,-1,-1,-1
1511,210,0,472,98,119,1,-1,-1,-1
1512,210,0,472,98,119,1,-1,-1,-1
1513,210,0,472,99,119,1,-1,-1,-1
1514,210,0,472,98,119,1,-1,-1,-1
1515,210,0,472,98,119,1,-1,-1,-1
1516,210,0,472,98,119,1,-1,-1,-1
1517,210,0,472,98,119,1,-1,-1,-1
1518,210,0,472,98,119,1,-1,-1,-1
1519,210,0,472,98,119,1,-1,-1,-1
1520,210,0,472,98,118,1,-1,-1,-1
1521,210,0,472,98,119,1,-1,-1,-1
1522,210,0,472,98,119,1,-1,-1,-1
1523,210,0,472,98,119,1,-1,-1,-1
1524,210,0,472,98,119,1,-1,-1,-1
1525,210,0,472,98,118,1,-1,-1,-1
1526,210,0,472,98,118,1,-1,-1,-1
1527,210,0,472,98,118,1,-1,-1,-1
1528,210,0,472,98,119,1,-1,-1,-1
1529,210,0,472,98,118,1,-1,-1,-1
1530,210,0,472,98,118,1,-1,-1,-1
1531,210,0,472,98,118,1,-1,-1,-1
1532,210,0,471,98,119,1,-1,-1,-1
1533,210,0,471,98,119,1,-1,-1,-1
1534,210,0,471,98,119,1,-1,-1,-1
1535,210,0,471,98,119,1,-1,-1,-1
1536,210,0,471,98,119,1,-1,-1,-1
1537,210,0,473,98,118,1,-1,-1,-1
1538,210,0,473,98,118,1,-1,-1,-1
1539,210,0,473,98,118,1,-1,-1,-1
1540,210,0,473,98,118,1,-1,-1,-1
1541,210,0,473,98,118,1,-1,-1,-1
1542,210,0,473,98,118,1,-1,-1,-1
1543,210,0,473,98,118,1,-1,-1,-1
1544,210,0,473,98,118,1,-1,-1,-1
1545,210,0,473,98,118,1,-1,-1,-1
1546,210,0,473,98,118,1,-1,-1,-1
1547,210,0,473,98,118,1,-1,-1,-1
1548,210,0,473,98,118,1,-1,-1,-1
1549,210,0,473,98,118,1,-1,-1,-1
1550,210,0,473,98,118,1,-1,-1,-1
1551,210,0,473,98,118,1,-1,-1,-1
1552,210,0,473,98,118,1,-1,-1,-1
1553,210,0,473,98,119,1,-1,-1,-1
1554,210,0,472,98,119,1,-1,-1,-1
1555,210,0,473,98,118,1,-1,-1,-1
1556,210,0,473,98,118,1,-1,-1,-1
1557,210,0,473,98,118,1,-1,-1,-1
1558,210,0,473,98,118,1,-1,-1,-1
1559,210,0,473,98,118,1,-1,-1,-1
1560,210,0,473,98,118,1,-1,-1,-1
1561,210,0,473,98,118,1,-1,-1,-1
1562,210,0,473,98,118,1,-1,-1,-1
1563,210,0,473,98,118,1,-1,-1,-1
1564,210,0,472,98,118,1,-1,-1,-1
1565,210,0,473,98,118,1,-1,-1,-1
1566,210,0,472,98,118,1,-1,-1,-1
1567,210,0,472,98,118,1,-1,-1,-1
1568,210,0,472,98,118,1,-1,-1,-1
1569,210,0,472,98,118,1,-1,-1,-1
1570,210,0,473,98,118,1,-1,-1,-1
1571,210,0,473,98,118,1,-1,-1,-1
1572,210,0,473,98,118,1,-1,-1,-1
1573,210,0,472,97,119,1,-1,-1,-1
1574,210,0,472,97,119,1,-1,-1,-1
1575,210,0,472,97,119,1,-1,-1,-1
1576,210,0,472,97,119,1,-1,-1,-1
1577,210,0,472,97,119,1,-1,-1,-1
1578,210,0,472,97,119,1,-1,-1,-1
1579,210,0,472,97,119,1,-1,-1,-1
1580,210,0,472,97,119,1,-1,-1,-1
1581,210,0,472,97,119,1,-1,-1,-1
1582,210,0,472,97,119,1,-1,-1,-1
1583,210,0,473,98,118,1,-1,-1,-1
1584,210,0,473,98,118,1,-1,-1,-1
1585,210,0,472,98,119,1,-1,-1,-1
1586,210,0,472,98,119,1,-1,-1,-1
1587,210,0,472,98,119,1,-1,-1,-1
1588,210,0,472,98,119,1,-1,-1,-1
1589,210,0,472,98,119,1,-1,-1,-1
1590,210,0,472,98,119,1,-1,-1,-1
1591,210,0,472,98,119,1,-1,-1,-1
1592,210,0,472,98,119,1,-1,-1,-1
1593,210,0,472,98,118,1,-1,-1,-1
1594,210,0,472,98,118,1,-1,-1,-1
1595,210,0,472,98,118,1,-1,-1,-1
1596,210,0,472,98,118,1,-1,-1,-1
1597,210,0,472,98,119,1,-1,-1,-1
1598,210,0,472,98,119,1,-1,-1,-1
1599,210,0,472,98,119,1,-1,-1,-1
1600,210,0,472,98,119,1,-1,-1,-1
1601,210,0,472,98,119,1,-1,-1,-1
1602,210,0,472,98,119,1,-1,-1,-1
1603,210,0,472,98,119,1,-1,-1,-1
1604,210,0,472,98,119,1,-1,-1,-1
1605,210,0,472,98,119,1,-1,-1,-1
1606,210,0,472,98,119,1,-1,-1,-1
1607,210,0,472,98,119,1,-1,-1,-1
1608,210,0,472,98,119,1,-1,-1,-1
1609,210,0,472,98,118,1,-1,-1,-1
1610,210,0,472,98,118,1,-1,-1,-1
1611,210,0,472,98,118,1,-1,-1,-1
1612,210,0,472,98,118,1,-1,-1,-1
1613,210,0,472,98,118,1,-1,-1,-1
1614,210,0,472,98,118,1,-1,-1,-1
1615,210,0,472,99,118,1,-1,-1,-1
1616,210,0,473,100,118,1,-1,-1,-1
1617,210,0,473,101,118,1,-1,-1,-1
1618,210,0,473,100,118,1,-1,-1,-1
1619,210,0,474,100,118,1,-1,-1,-1
1620,210,0,475,102,118,1,-1,-1,-1
1621,210,0,478,104,115,1,-1,-1,-1
1622,210,0,475,103,117,1,-1,-1,-1
1623,210,0,473,104,119,1,-1,-1,-1
1624,210,0,476,107,116,1,-1,-1,-1
1625,210,0,476,107,115,1,-1,-1,-1
1626,210,0,471,107,120,1,-1,-1,-1
1627,210,0,468,108,123,1,-1,-1,-1
1628,210,0,467,109,125,1,-1,-1,-1
1629,210,0,465,111,127,1,-1,-1,-1
1630,210,0,463,112,129,1,-1,-1,-1
1631,210,0,462,112,129,1,-1,-1,-1
1632,210,0,461,114,131,1,-1,-1,-1
1633,210,0,462,115,130,1,-1,-1,-1
1634,210,0,461,118,130,1,-1,-1,-1
1635,210,0,459,121,132,1,-1,-1,-1
1636,210,0,458,122,132,1,-1,-1,-1
1637,210,0,457,124,133,1,-1,-1,-1
1638,210,0,455,126,135,1,-1,-1,-1
1639,210,0,452,127,137,1,-1,-1,-1
1640,210,0,453,130,137,1,-1,-1,-1
1641,210,0,452,133,138,1,-1,-1,-1
1642,210,0,451,136,140,1,-1,-1,-1
1643,210,0,450,137,140,1,-1,-1,-1
1644,210,0,448,139,142,1,-1,-1,-1
1645,210,0,449,143,142,1,-1,-1,-1
1646,210,0,445,146,146,1,-1,-1,-1
1647,210,0,444,148,146,1,-1,-1,-1
1648,210,0,445,151,146,1,-1,-1,-1
1649,210,0,444,154,146,1,-1,-1,-1
1650,210,0,445,158,146,1,-1,-1,-1
1651,210,0,443,160,147,1,-1,-1,-1
1652,210,0,442,163,148,1,-1,-1,-1
1653,210,0,436,167,154,1,-1,-1,-1
1654,210,0,439,171,151,1,-1,-1,-1
1655,210,0,438,175,151,1,-1,-1,-1
1656,210,0,440,178,150,1,-1,-1,-1
1657,210,0,439,183,151,1,-1,-1,-1
1658,210,0,439,186,151,1,-1,-1,-1
1659,210,0,439,190,151,1,-1,-1,-1
1660,210,0,435,194,155,1,-1,-1,-1
1661,210,0,436,198,155,1,-1,-1,-1
1662,210,0,436,201,154,1,-1,-1,-1
1663,210,0,432,206,160,1,-1,-1,-1
1664,210,0,432,209,160,1,-1,-1,-1
1665,210,0,433,214,159,1,-1,-1,-1
1666,210,0,431,218,162,1,-1,-1,-1
1667,210,0,432,221,158,1,-1,-1,-1
1668,210,1,431,224,161,1,-1,-1,-1
1669,210,0,433,230,157,1,-1,-1,-1
1670,210,0,432,232,158,1,-1,-1,-1
1671,210,0,431,236,160,1,-1,-1,-1
1672,210,0,432,239,159,1,-1,-1,-1
1673,210,0,431,243,160,1,-1,-1,-1
1674,210,0,431,245,160,1,-1,-1,-1
1675,210,0,430,248,162,1,-1,-1,-1
1676,210,2,428,245,163,1,-1,-1,-1
1677,210,2,428,250,163,1,-1,-1,-1
1678,210,2,429,250,162,1,-1,-1,-1
1679,210,2,428,254,162,1,-1,-1,-1
1680,210,2,429,254,163,1,-1,-1,-1
1681,210,2,428,255,163,1,-1,-1,-1
1682,210,2,428,257,162,1,-1,-1,-1
1683,210,2,427,257,164,1,-1,-1,-1
1684,210,2,428,257,164,1,-1,-1,-1
1685,210,2,428,257,164,1,-1,-1,-1
1686,210,2,427,257,164,1,-1,-1,-1
1687,210,2,427,257,165,1,-1,-1,-1
1688,210,2,427,258,164,1,-1,-1,-1
1689,210,2,428,257,164,1,-1,-1,-1
1690,210,2,428,257,164,1,-1,-1,-1
1691,210,2,428,257,164,1,-1,-1,-1
1692,210,2,428,257,164,1,-1,-1,-1
1693,210,2,428,257,164,1,-1,-1,-1
1694,210,2,428,257,164,1,-1,-1,-1
1695,210,2,428,257,164,1,-1,-1,-1
1696,210,2,428,257,164,1,-1,-1,-1
1697,210,2,428,257,164,1,-1,-1,-1
1698,210,2,428,257,164,1,-1,-1,-1
1699,210,2,428,258,164,1,-1,-1,-1
1700,210,2,428,258,164,1,-1,-1,-1
1701,210,2,428,258,164,1,-1,-1,-1
1702,210,2,428,257,164,1,-1,-1,-1
1703,210,1,428,258,164,1,-1,-1,-1
1704,210,1,428,258,164,1,-1,-1,-1
1705,210,1,428,259,164,1,-1,-1,-1
1706,210,1,428,259,163,1,-1,-1,-1
1707,210,1,428,259,163,1,-1,-1,-1
1708,210,1,428,259,163,1,-1,-1,-1
1709,210,2,428,258,163,1,-1,-1,-1
1710,210,2,428,258,163,1,-1,-1,-1
1711,210,2,428,258,163,1,-1,-1,-1
1712,210,2,428,258,163,1,-1,-1,-1
1713,210,2,428,258,163,1,-1,-1,-1
1714,210,2,428,258,163,1,-1,-1,-1
1715,210,2,428,258,163,1,-1,-1,-1
1716,210,2,428,258,163,1,-1,-1,-1
1717,210,1,428,258,164,1,-1,-1,-1
1718,210,1,428,258,163,1,-1,-1,-1
1719,210,1,428,258,163,1,-1,-1,-1
1720,210,1,428,258,163,1,-1,-1,-1
1721,210,1,428,258,163,1,-1,-1,-1
1722,210,1,428,258,163,1,-1,-1,-1
1723,210,1,428,259,164,1,-1,-1,-1
1724,210,1,428,259,164,1,-1,-1,-1
1725,210,1,428,258,164,1,-1,-1,-1
1726,210,1,428,258,164,1,-1,-1,-1
1727,210,1,428,258,164,1,-1,-1,-1
1728,210,1,428,258,164,1,-1,-1,-1
1729,210,0,429,259,163,1,-1,-1,-1
1730,210,0,429,259,163,1,-1,-1,-1
1731,210,0,428,259,163,1,-1,-1,-1
1732,210,0,430,258,162,1,-1,-1,-1
1733,210,0,432,258,159,1,-1,-1,-1
1734,210,0,433,257,159,1,-1,-1,-1
1735,210,0,435,257,156,1,-1,-1,-1
1736,210,0,435,258,156,1,-1,-1,-1
1737,210,0,436,258,155,1,-1,-1,-1
1738,210,0,437,258,155,1,-1,-1,-1
1739,210,0,436,258,155,1,-1,-1,-1
1740,210,0,433,258,158,1,-1,-1,-1
1741,210,1,427,258,164,1,-1,-1,-1
1742,210,1,428,258,164,1,-1,-1,-1
1743,210,0,429,258,162,1,-1,-1,-1
1744,210,0,429,258,162,1,-1,-1,-1
1745,210,0,429,258,162,1,-1,-1,-1
1746,210,0,429,258,162,1,-1,-1,-1
1747,210,2,429,257,163,1,-1,-1,-1
1748,210,0,429,258,162,1,-1,-1,-1
1749,210,1,429,257,163,1,-1,-1,-1
1750,210,2,429,257,163,1,-1,-1,-1
1751,210,0,429,258,162,1,-1,-1,-1
1752,210,0,429,258,162,1,-1,-1,-1
1753,210,0,430,258,161,1,-1,-1,-1
1754,210,0,430,258,161,1,-1,-1,-1
1755,210,0,430,258,161,1,-1,-1,-1
1756,210,0,430,258,160,1,-1,-1,-1
1757,210,0,431,258,160,1,-1,-1,-1
1758,210,0,431,258,160,1,-1,-1,-1
1759,210,0,430,258,161,1,-1,-1,-1
1760,210,0,430,258,161,1,-1,-1,-1
1761,210,0,430,258,161,1,-1,-1,-1
1762,210,0,430,258,161,1,-1,-1,-1
1763,210,0,430,258,161,1,-1,-1,-1
1764,210,0,430,258,161,1,-1,-1,-1
1765,210,0,429,258,162,1,-1,-1,-1
1766,210,0,429,258,162,1,-1,-1,-1
1767,210,0,429,260,162,1,-1,-1,-1
1768,210,2,429,259,163,1,-1,-1,-1
1769,210,2,427,259,165,1,-1,-1,-1
1770,210,0,428,263,163,1,-1,-1,-1
1771,210,0,428,263,163,1,-1,-1,-1
1772,210,0,429,267,161,1,-1,-1,-1
1773,210,1,427,265,165,1,-1,-1,-1
1774,210,1,427,269,165,1,-1,-1,-1
1775,210,1,427,271,165,1,-1,-1,-1
1776,210,0,427,274,164,1,-1,-1,-1
1777,210,1,427,279,163,1,-1,-1,-1
1778,210,0,428,285,163,1,-1,-1,-1
1779,210,1,427,291,163,1,-1,-1,-1
1780,210,1,427,305,162,1,-1,-1,-1
1781,210,0,428,314,162,1,-1,-1,-1
1782,210,1,430,324,161,1,-1,-1,-1
1783,210,1,429,337,163,1,-1,-1,-1
1784,210,1,433,353,159,1,-1,-1,-1
1785,210,0,431,369,160,1,-1,-1,-1
1786,210,0,426,388,166,1,-1,-1,-1
1787,210,2,429,406,162,1,-1,-1,-1
1788,210,22,426,407,165,1,-1,-1,-1
1789,210,45,423,409,169,1,-1,-1,-1
1790,210,69,424,410,166,1,-1,-1,-1
1791,210,96,423,411,166,1,-1,-1,-1
1792,210,118,419,421,171,1,-1,-1,-1
1793,210,153,418,413,169,1,-1,-1,-1
1794,210,181,418,419,166,1,-1,-1,-1
1795,210,216,418,419,167,1,-1,-1,-1
1796,210,251,414,418,168,1,-1,-1,-1
1797,210,288,413,415,168,1,-1,-1,-1
1798,210,324,411,412,165,1,-1,-1,-1
1799,210,361,407,408,166,1,-1,-1,-1
1800,210,400,406,406,164,1,-1,-1,-1
1801,210,438,403,405,162,1,-1,-1,-1
1802,210,475,397,403,165,1,-1,-1,-1
1803,210,515,396,394,162,1,-1,-1,-1
1804,210,556,394,387,157,1,-1,-1,-1
1805,210,595,391,378,156,1,-1,-1,-1
1806,210,635,387,369,154,1,-1,-1,-1
1807,210,674,384,358,153,1,-1,-1,-1
1808,210,716,379,349,153,1,-1,-1,-1
1809,210,754,377,333,150,1,-1,-1,-1
1810,210,790,375,323,147,1,-1,-1,-1
1811,210,826,370,310,146,1,-1,-1,-1
1812,210,864,368,294,141,1,-1,-1,-1
1813,210,896,365,283,140,1,-1,-1,-1
1814,210,929,361,266,137,1,-1,-1,-1
1815,210,960,358,254,135,1,-1,-1,-1
1816,210,990,353,241,133,1,-1,-1,-1
1817,210,1016,349,228,132,1,-1,-1,-1
1818,210,1040,346,217,128,1,-1,-1,-1
1819,210,1065,342,203,128,1,-1,-1,-1
1820,210,1088,340,189,124,1,-1,-1,-1
1821,210,1106,337,177,120,1,-1,-1,-1
1822,210,1122,334,171,117,1,-1,-1,-1
1823,210,1138,332,159,113,1,-1,-1,-1
1824,210,1152,329,152,112,1,-1,-1,-1
1825,210,1162,326,144,110,1,-1,-1,-1
1826,210,1174,328,135,104,1,-1,-1,-1
1827,210,1182,325,130,102,1,-1,-1,-1
1828,210,1193,319,120,104,1,-1,-1,-1
1829,210,1198,316,114,102,1,-1,-1,-1
1830,210,1202,312,110,102,1,-1,-1,-1
1831,210,1204,310,105,100,1,-1,-1,-1
1832,210,1208,307,102,98,1,-1,-1,-1
1833,210,1209,305,100,96,1,-1,-1,-1
1834,210,1208,304,99,93,1,-1,-1,-1
1835,210,1206,302,102,90,1,-1,-1,-1
1836,210,1202,300,102,87,1,-1,-1,-1
1837,210,1202,298,98,88,1,-1,-1,-1
1838,210,1197,298,100,83,1,-1,-1,-1
1839,210,1191,296,100,82,1,-1,-1,-1
1840,210,1181,293,103,83,1,-1,-1,-1
1841,210,1177,291,101,81,1,-1,-1,-1
1842,210,1173,290,98,79,1,-1,-1,-1
1843,210,1167,289,97,78,1,-1,-1,-1
1844,210,1165,288,93,77,1,-1,-1,-1
1845,210,1158,286,96,74,1,-1,-1,-1
1846,210,1155,285,90,71,1,-1,-1,-1
1847,210,1149,281,91,74,1,-1,-1,-1
1848,210,1147,280,86,72,1,-1,-1,-1
1849,210,1145,276,82,73,1,-1,-1,-1
1850,210,1132,275,87,69,1,-1,-1,-1
1851,210,1130,275,84,67,1,-1,-1,-1
1852,210,1125,274,82,66,1,-1,-1,-1
1853,210,1122,273,80,66,1,-1,-1,-1
1854,210,1120,272,77,64,1,-1,-1,-1
1855,210,1113,272,78,62,1,-1,-1,-1
1856,210,1109,269,78,62,1,-1,-1,-1
1857,210,1107,270,76,59,1,-1,-1,-1
1858,210,1106,268,71,60,1,-1,-1,-1
1859,210,1102,266,72,58,1,-1,-1,-1
1860,210,1099,267,70,56,1,-1,-1,-1
1861,210,1097,264,68,57,1,-1,-1,-1
1862,210,1095,265,67,54,1,-1,-1,-1
1863,210,1092,262,65,55,1,-1,-1,-1
1864,210,1091,262,63,54,1,-1,-1,-1
1865,210,1088,263,63,52,1,-1,-1,-1
1866,210,1086,261,62,50,1,-1,-1,-1
1867,210,1086,260,59,51,1,-1,-1,-1
1868,210,1084,260,59,48,1,-1,-1,-1
1869,210,1083,260,57,48,1,-1,-1,-1
1870,210,1084,257,54,49,1,-1,-1,-1
1871,210,1080,259,58,46,1,-1,-1,-1
1872,210,1082,258,53,44,1,-1,-1,-1
1873,210,1081,256,53,44,1,-1,-1,-1
1874,210,1081,256,50,44,1,-1,-1,-1
1875,210,1081,255,48,42,1,-1,-1,-1
1876,210,1082,253,47,43,1,-1,-1,-1
1877,210,1081,251,47,44,1,-1,-1,-1
1878,210,1081,250,46,46,1,-1,-1,-1
1879,210,1080,250,47,43,1,-1,-1,-1
1880,210,1081,250,45,42,1,-1,-1,-1
1881,210,1080,248,45,43,1,-1,-1,-1
1882,210,1081,247,44,42,1,-1,-1,-1
1883,210,1082,247,42,41,1,-1,-1,-1
1884,210,1082,249,42,39,1,-1,-1,-1
1885,210,1081,250,44,36,1,-1,-1,-1
1886,210,1082,249,43,35,1,-1,-1,-1
1887,210,1082,247,41,36,1,-1,-1,-1
1888,210,1082,247,41,36,1,-1,-1,-1
1889,210,1084,246,40,36,1,-1,-1,-1
1890,210,1084,246,39,35,1,-1,-1,-1
1891,210,1084,245,41,35,1,-1,-1,-1
1892,210,1086,242,39,37,1,-1,-1,-1
1893,210,1086,241,40,37,1,-1,-1,-1
1894,210,1086,242,40,36,1,-1,-1,-1
1895,210,1087,242,41,35,1,-1,-1,-1
1896,210,1088,241,40,34,1,-1,-1,-1
1897,210,1088,240,38,35,1,-1,-1,-1
1898,210,1088,239,37,35,1,-1,-1,-1
1899,210,1088,239,37,35,1,-1,-1,-1
1900,210,1088,240,36,34,1,-1,-1,-1
1901,210,1088,239,35,35,1,-1,-1,-1
1902,210,1090,239,34,34,1,-1,-1,-1
1904,210,1089,239,36,38,1,-1,-1,-1
1929,210,1089,233,40,40,1,-1,-1,-1
1930,210,1091,233,37,37,1,-1,-1,-1
1931,210,1091,229,39,40,1,-1,-1,-1
1932,210,1092,231,37,37,1,-1,-1,-1
1933,210,1094,233,33,35,1,-1,-1,-1
1934,210,1094,233,34,34,1,-1,-1,-1
1935,210,1093,232,35,33,1,-1,-1,-1
1936,210,1093,233,34,34,1,-1,-1,-1
1937,210,1094,234,34,32,1,-1,-1,-1
1938,210,1094,233,34,32,1,-1,-1,-1
1939,210,1093,231,34,32,1,-1,-1,-1
1940,210,1095,229,34,34,1,-1,-1,-1
1941,210,1096,227,34,35,1,-1,-1,-1
1942,210,1097,230,33,31,1,-1,-1,-1
1943,210,1098,229,34,29,1,-1,-1,-1
1944,210,1097,229,33,29,1,-1,-1,-1
1945,210,1097,229,33,29,1,-1,-1,-1
1946,210,1098,230,33,28,1,-1,-1,-1
1947,210,1099,229,32,28,1,-1,-1,-1
1948,210,1100,229,28,27,1,-1,-1,-1
1949,210,1100,229,29,27,1,-1,-1,-1
1950,210,1101,229,29,28,1,-1,-1,-1
1951,210,1101,228,28,28,1,-1,-1,-1
1952,210,1100,227,28,27,1,-1,-1,-1
1953,210,1099,222,33,31,1,-1,-1,-1
1954,210,1099,221,35,31,1,-1,-1,-1
1955,210,1100,225,32,28,1,-1,-1,-1
1487,211,1057,219,33,24,1,-1,-1,-1
1488,211,1056,220,33,24,1,-1,-1,-1
1489,211,1056,219,32,25,1,-1,-1,-1
1490,211,1056,219,32,25,1,-1,-1,-1
1491,211,1055,221,31,24,1,-1,-1,-1
1492,211,1056,223,30,24,1,-1,-1,-1
1493,211,1055,221,29,25,1,-1,-1,-1
1494,211,1055,219,28,26,1,-1,-1,-1
1495,211,1054,220,30,26,1,-1,-1,-1
1496,211,1052,222,31,25,1,-1,-1,-1
1497,211,1050,222,32,26,1,-1,-1,-1
1498,211,1050,223,32,25,1,-1,-1,-1
1499,211,1049,222,32,25,1,-1,-1,-1
1500,211,1048,223,34,25,1,-1,-1,-1
1501,211,1048,222,33,25,1,-1,-1,-1
1502,211,1047,223,33,25,1,-1,-1,-1
1503,211,1044,224,33,25,1,-1,-1,-1
1504,211,1043,223,35,26,1,-1,-1,-1
1505,211,1042,222,35,27,1,-1,-1,-1
1506,211,1039,223,37,26,1,-1,-1,-1
1507,211,1036,227,32,25,1,-1,-1,-1
1508,211,1031,230,30,25,1,-1,-1,-1
1509,211,1018,229,34,29,1,-1,-1,-1
1510,211,1001,231,38,31,1,-1,-1,-1
1511,211,987,234,42,31,1,-1,-1,-1
1512,211,983,235,41,31,1,-1,-1,-1
1513,211,980,236,43,30,1,-1,-1,-1
1514,211,977,237,44,30,1,-1,-1,-1
1515,211,974,234,42,33,1,-1,-1,-1
1516,211,972,236,44,33,1,-1,-1,-1
1517,211,970,238,46,32,1,-1,-1,-1
1518,211,967,236,45,33,1,-1,-1,-1
1519,211,964,235,44,36,1,-1,-1,-1
1520,211,962,237,43,36,1,-1,-1,-1
1521,211,959,237,41,34,1,-1,-1,-1
1522,211,956,239,43,34,1,-1,-1,-1
1523,211,952,240,47,34,1,-1,-1,-1
1524,211,948,239,49,36,1,-1,-1,-1
1525,211,945,238,49,37,1,-1,-1,-1
1526,211,943,239,49,36,1,-1,-1,-1
1527,211,941,239,48,38,1,-1,-1,-1
1528,211,938,241,48,37,1,-1,-1,-1
1529,211,934,241,51,36,1,-1,-1,-1
1530,211,930,240,51,40,1,-1,-1,-1
1531,211,929,240,49,40,1,-1,-1,-1
1532,211,925,240,53,39,1,-1,-1,-1
1533,211,922,241,52,41,1,-1,-1,-1
1534,211,919,241,55,42,1,-1,-1,-1
1535,211,917,241,54,44,1,-1,-1,-1
1536,211,915,241,50,43,1,-1,-1,-1
1537,211,912,243,53,44,1,-1,-1,-1
1538,211,910,243,55,43,1,-1,-1,-1
1539,211,907,244,55,43,1,-1,-1,-1
1540,211,904,244,53,44,1,-1,-1,-1
1541,211,900,245,56,45,1,-1,-1,-1
1542,211,898,246,56,44,1,-1,-1,-1
1543,211,896,245,55,48,1,-1,-1,-1
1544,211,894,245,57,49,1,-1,-1,-1
1545,211,891,245,58,49,1,-1,-1,-1
1546,211,889,246,59,50,1,-1,-1,-1
1547,211,887,247,60,50,1,-1,-1,-1
1548,211,886,248,58,49,1,-1,-1,-1
1549,211,882,248,60,51,1,-1,-1,-1
1550,211,881,247,59,53,1,-1,-1,-1
1551,211,879,249,59,51,1,-1,-1,-1
1552,211,876,251,61,51,1,-1,-1,-1
1553,211,874,252,60,52,1,-1,-1,-1
1554,211,874,255,59,50,1,-1,-1,-1
1555,211,871,254,62,52,1,-1,-1,-1
1556,211,870,254,61,54,1,-1,-1,-1
1557,211,868,254,63,56,1,-1,-1,-1
1558,211,867,254,63,56,1,-1,-1,-1
1559,211,865,258,62,55,1,-1,-1,-1
1560,211,864,259,62,55,1,-1,-1,-1
1561,211,862,258,65,57,1,-1,-1,-1
1562,211,862,260,64,56,1,-1,-1,-1
1563,211,862,262,64,55,1,-1,-1,-1
1564,211,860,262,66,57,1,-1,-1,-1
1565,211,859,265,67,56,1,-1,-1,-1
1566,211,859,267,65,56,1,-1,-1,-1
1567,211,859,267,67,57,1,-1,-1,-1
1568,211,857,267,69,60,1,-1,-1,-1
1569,211,856,268,70,59,1,-1,-1,-1
1570,211,857,269,71,62,1,-1,-1,-1
1571,211,857,269,72,63,1,-1,-1,-1
1572,211,856,268,72,65,1,-1,-1,-1
1573,211,856,271,73,65,1,-1,-1,-1
1574,211,856,272,74,66,1,-1,-1,-1
1575,211,855,272,76,68,1,-1,-1,-1
1576,211,854,274,77,68,1,-1,-1,-1
1577,211,854,274,78,69,1,-1,-1,-1
1578,211,852,276,78,70,1,-1,-1,-1
1579,211,852,276,78,73,1,-1,-1,-1
1580,211,848,276,83,75,1,-1,-1,-1
1581,211,848,278,83,75,1,-1,-1,-1
1582,211,845,280,85,74,1,-1,-1,-1
1583,211,845,282,87,75,1,-1,-1,-1
1584,211,841,281,88,77,1,-1,-1,-1
1585,211,839,285,89,78,1,-1,-1,-1
1586,211,835,285,93,80,1,-1,-1,-1
1587,211,831,285,97,82,1,-1,-1,-1
1588,211,827,286,97,83,1,-1,-1,-1
1589,211,821,287,100,84,1,-1,-1,-1
1590,211,814,290,105,84,1,-1,-1,-1
1591,211,809,290,108,87,1,-1,-1,-1
1592,211,799,290,113,89,1,-1,-1,-1
1593,211,787,294,122,88,1,-1,-1,-1
1594,211,777,290,128,94,1,-1,-1,-1
1595,211,766,291,132,99,1,-1,-1,-1
1596,211,754,296,136,96,1,-1,-1,-1
1597,211,739,294,143,103,1,-1,-1,-1
1598,211,724,299,149,101,1,-1,-1,-1
1599,211,706,299,158,104,1,-1,-1,-1
1600,211,690,303,161,103,1,-1,-1,-1
1601,211,669,302,171,107,1,-1,-1,-1
1602,211,647,307,179,106,1,-1,-1,-1
1603,211,625,307,189,111,1,-1,-1,-1
1604,211,600,310,197,109,1,-1,-1,-1
1605,211,574,313,207,109,1,-1,-1,-1
1606,211,545,316,211,110,1,-1,-1,-1
1607,211,515,319,224,110,1,-1,-1,-1
1608,211,484,320,233,113,1,-1,-1,-1
1609,211,452,322,240,115,1,-1,-1,-1
1610,211,417,326,249,114,1,-1,-1,-1
1611,211,384,330,257,115,1,-1,-1,-1
1612,211,346,331,265,117,1,-1,-1,-1
1613,211,307,333,274,117,1,-1,-1,-1
1614,211,270,336,277,117,1,-1,-1,-1
1615,211,228,340,283,118,1,-1,-1,-1
1616,211,190,341,287,119,1,-1,-1,-1
1617,211,147,343,290,122,1,-1,-1,-1
1618,211,105,343,293,124,1,-1,-1,-1
1619,211,64,346,293,126,1,-1,-1,-1
1620,211,22,349,293,125,1,-1,-1,-1
1621,211,0,354,271,123,1,-1,-1,-1
1622,211,0,357,228,120,1,-1,-1,-1
1623,211,0,360,185,113,1,-1,-1,-1
1624,211,0,363,140,113,1,-1,-1,-1
1625,211,0,366,97,115,1,-1,-1,-1
1510,212,1037,225,30,27,1,-1,-1,-1
1511,212,1025,227,34,25,1,-1,-1,-1
1512,212,1026,227,31,25,1,-1,-1,-1
1513,212,1022,227,34,25,1,-1,-1,-1
1514,212,1021,227,31,25,1,-1,-1,-1
1515,212,1021,226,30,25,1,-1,-1,-1
1516,212,1019,227,30,26,1,-1,-1,-1
1517,212,1019,227,30,25,1,-1,-1,-1
1518,212,1019,228,29,25,1,-1,-1,-1
1519,212,1017,229,29,26,1,-1,-1,-1
1520,212,1014,231,32,25,1,-1,-1,-1
1521,212,1014,231,30,25,1,-1,-1,-1
1522,212,1010,231,31,25,1,-1,-1,-1
1523,212,1006,231,35,25,1,-1,-1,-1
1524,212,1007,231,33,25,1,-1,-1,-1
1525,212,1006,231,32,26,1,-1,-1,-1
1526,212,1003,232,33,26,1,-1,-1,-1
1527,212,1002,231,32,27,1,-1,-1,-1
1528,212,1000,232,35,27,1,-1,-1,-1
1529,212,997,233,35,25,1,-1,-1,-1
1530,212,997,233,36,27,1,-1,-1,-1
1531,212,995,232,34,27,1,-1,-1,-1
1532,212,994,231,34,29,1,-1,-1,-1
1533,212,992,232,34,28,1,-1,-1,-1
1534,212,988,232,34,29,1,-1,-1,-1
1535,212,986,231,35,31,1,-1,-1,-1
1536,212,982,235,36,27,1,-1,-1,-1
1537,212,979,235,37,28,1,-1,-1,-1
1538,212,979,235,36,28,1,-1,-1,-1
1539,212,975,235,39,29,1,-1,-1,-1
1540,212,973,236,39,30,1,-1,-1,-1
1541,212,970,235,38,30,1,-1,-1,-1
1542,212,969,235,37,32,1,-1,-1,-1
1543,212,968,236,36,31,1,-1,-1,-1
1544,212,964,238,37,31,1,-1,-1,-1
1545,212,961,235,38,33,1,-1,-1,-1
1546,212,958,238,39,30,1,-1,-1,-1
1547,212,956,240,41,31,1,-1,-1,-1
1548,212,951,240,44,31,1,-1,-1,-1
1549,212,948,240,41,31,1,-1,-1,-1
1550,212,945,240,41,31,1,-1,-1,-1
1551,212,943,240,41,31,1,-1,-1,-1
1552,212,941,241,41,31,1,-1,-1,-1
1553,212,938,240,44,33,1,-1,-1,-1
1554,212,934,240,44,35,1,-1,-1,-1
1555,212,930,244,46,33,1,-1,-1,-1
1556,212,928,242,46,36,1,-1,-1,-1
1557,212,925,243,47,34,1,-1,-1,-1
1558,212,921,243,48,36,1,-1,-1,-1
1559,212,923,247,44,32,1,-1,-1,-1
1560,212,923,244,43,37,1,-1,-1,-1
1561,212,919,244,44,37,1,-1,-1,-1
1562,212,917,245,44,37,1,-1,-1,-1
1563,212,916,246,44,37,1,-1,-1,-1
1564,212,916,248,42,35,1,-1,-1,-1
1565,212,912,249,43,36,1,-1,-1,-1
1566,212,908,249,47,37,1,-1,-1,-1
1567,212,907,249,44,37,1,-1,-1,-1
1568,212,906,246,46,42,1,-1,-1,-1
1569,212,905,244,45,46,1,-1,-1,-1
1570,212,903,248,47,41,1,-1,-1,-1
1571,212,903,251,44,41,1,-1,-1,-1
1572,212,902,251,45,40,1,-1,-1,-1
1573,212,895,251,50,44,1,-1,-1,-1
1574,212,892,251,53,48,1,-1,-1,-1
1575,212,891,250,51,48,1,-1,-1,-1
1576,212,891,254,51,46,1,-1,-1,-1
1577,212,889,252,50,47,1,-1,-1,-1
1578,212,888,251,50,49,1,-1,-1,-1
1579,212,889,256,49,42,1,-1,-1,-1
1580,212,883,252,52,47,1,-1,-1,-1
1581,212,882,252,54,47,1,-1,-1,-1
1582,212,879,255,57,49,1,-1,-1,-1
1583,212,878,258,57,44,1,-1,-1,-1
1584,212,877,260,59,42,1,-1,-1,-1
1585,212,876,261,57,44,1,-1,-1,-1
1586,212,876,262,58,45,1,-1,-1,-1
1587,212,874,262,60,51,1,-1,-1,-1
1588,212,874,264,59,51,1,-1,-1,-1
1589,212,872,263,61,51,1,-1,-1,-1
1590,212,871,264,61,52,1,-1,-1,-1
1591,212,870,263,63,56,1,-1,-1,-1
1592,212,873,263,60,57,1,-1,-1,-1
1593,212,870,267,63,55,1,-1,-1,-1
1594,212,873,266,61,56,1,-1,-1,-1
1595,212,872,266,61,58,1,-1,-1,-1
1596,212,871,267,63,58,1,-1,-1,-1
1597,212,870,268,64,59,1,-1,-1,-1
1598,212,870,270,65,60,1,-1,-1,-1
1599,212,869,270,66,63,1,-1,-1,-1
1600,212,867,269,67,67,1,-1,-1,-1
1601,212,865,271,70,66,1,-1,-1,-1
1602,212,864,272,72,66,1,-1,-1,-1
1603,212,864,274,71,66,1,-1,-1,-1
1604,212,864,274,72,69,1,-1,-1,-1
1605,212,863,274,74,70,1,-1,-1,-1
1606,212,862,276,74,70,1,-1,-1,-1
1607,212,861,277,75,72,1,-1,-1,-1
1608,212,860,281,76,71,1,-1,-1,-1
1609,212,859,280,77,74,1,-1,-1,-1
1610,212,858,281,78,75,1,-1,-1,-1
1611,212,856,283,80,74,1,-1,-1,-1
1612,212,852,283,85,77,1,-1,-1,-1
1613,212,849,284,87,79,1,-1,-1,-1
1614,212,846,285,87,80,1,-1,-1,-1
1615,212,842,286,88,81,1,-1,-1,-1
1616,212,837,287,91,83,1,-1,-1,-1
1617,212,831,291,97,82,1,-1,-1,-1
1618,212,825,292,101,83,1,-1,-1,-1
1619,212,818,295,103,84,1,-1,-1,-1
1620,212,811,295,106,85,1,-1,-1,-1
1621,212,800,300,110,82,1,-1,-1,-1
1622,212,787,301,118,86,1,-1,-1,-1
1623,212,777,300,126,90,1,-1,-1,-1
1624,212,766,300,127,93,1,-1,-1,-1
1625,212,751,304,134,94,1,-1,-1,-1
1626,212,733,305,142,94,1,-1,-1,-1
1627,212,715,307,150,97,1,-1,-1,-1
1628,212,696,309,158,98,1,-1,-1,-1
1629,212,675,310,164,100,1,-1,-1,-1
1630,212,653,312,172,103,1,-1,-1,-1
1631,212,629,315,178,104,1,-1,-1,-1
1632,212,605,319,185,101,1,-1,-1,-1
1633,212,577,321,196,103,1,-1,-1,-1
1634,212,549,322,202,105,1,-1,-1,-1
1635,212,520,324,207,107,1,-1,-1,-1
1636,212,487,327,216,107,1,-1,-1,-1
1637,212,455,331,221,107,1,-1,-1,-1
1638,212,418,331,231,111,1,-1,-1,-1
1639,212,383,336,236,109,1,-1,-1,-1
1640,212,344,338,241,110,1,-1,-1,-1
1641,212,306,340,243,111,1,-1,-1,-1
1642,212,267,344,246,112,1,-1,-1,-1
1643,212,219,345,256,113,1,-1,-1,-1
1644,212,174,348,258,114,1,-1,-1,-1
1645,212,131,352,256,114,1,-1,-1,-1
1646,212,85,353,255,118,1,-1,-1,-1
1647,212,39,357,255,117,1,-1,-1,-1
1648,212,0,362,246,113,1,-1,-1,-1
1649,212,0,365,197,107,1,-1,-1,-1
1650,212,0,368,150,106,1,-1,-1,-1
1651,212,1,371,100,105,1,-1,-1,-1
1516,214,1866,513,54,97,1,-1,-1,-1
1517,214,1826,491,93,108,1,-1,-1,-1
1518,214,1789,467,129,135,1,-1,-1,-1
1519,214,1751,450,167,160,1,-1,-1,-1
1520,214,1720,437,199,156,1,-1,-1,-1
1521,214,1685,429,235,150,1,-1,-1,-1
1522,214,1656,422,263,145,1,-1,-1,-1
1523,214,1626,412,283,139,1,-1,-1,-1
1524,214,1599,404,270,135,1,-1,-1,-1
1525,214,1570,396,262,133,1,-1,-1,-1
1526,214,1542,388,254,128,1,-1,-1,-1
1527,214,1518,381,243,122,1,-1,-1,-1
1528,214,1497,376,233,120,1,-1,-1,-1
1529,214,1476,371,221,116,1,-1,-1,-1
1530,214,1453,366,215,111,1,-1,-1,-1
1531,214,1435,361,207,109,1,-1,-1,-1
1532,214,1414,354,200,107,1,-1,-1,-1
1533,214,1396,350,193,105,1,-1,-1,-1
1534,214,1380,343,184,104,1,-1,-1,-1
1535,214,1361,340,178,99,1,-1,-1,-1
1536,214,1345,339,174,94,1,-1,-1,-1
1537,214,1332,336,164,92,1,-1,-1,-1
1538,214,1316,334,161,87,1,-1,-1,-1
1539,214,1300,330,158,89,1,-1,-1,-1
1540,214,1289,327,148,84,1,-1,-1,-1
1541,214,1278,322,143,84,1,-1,-1,-1
1542,214,1266,318,139,83,1,-1,-1,-1
1543,214,1254,314,134,83,1,-1,-1,-1
1544,214,1243,314,133,80,1,-1,-1,-1
1545,214,1234,313,124,75,1,-1,-1,-1
1546,214,1225,307,123,76,1,-1,-1,-1
1547,214,1215,305,117,75,1,-1,-1,-1
1548,214,1205,303,115,72,1,-1,-1,-1
1549,214,1197,302,112,71,1,-1,-1,-1
1550,214,1188,298,110,71,1,-1,-1,-1
1551,214,1182,296,110,70,1,-1,-1,-1
1552,214,1174,296,100,65,1,-1,-1,-1
1553,214,1168,294,98,64,1,-1,-1,-1
1554,214,1160,293,96,61,1,-1,-1,-1
1555,214,1153,290,94,61,1,-1,-1,-1
1556,214,1147,289,94,58,1,-1,-1,-1
1557,214,1141,286,91,58,1,-1,-1,-1
1558,214,1135,284,91,58,1,-1,-1,-1
1559,214,1129,281,88,58,1,-1,-1,-1
1560,214,1126,279,84,56,1,-1,-1,-1
1561,214,1121,277,83,57,1,-1,-1,-1
1562,214,1116,277,82,54,1,-1,-1,-1
1563,214,1114,275,78,54,1,-1,-1,-1
1564,214,1109,274,75,52,1,-1,-1,-1
1565,214,1105,273,73,50,1,-1,-1,-1
1566,214,1102,271,70,50,1,-1,-1,-1
1567,214,1101,271,67,49,1,-1,-1,-1
1568,214,1098,270,69,50,1,-1,-1,-1
1569,214,1096,269,60,48,1,-1,-1,-1
1570,214,1094,270,55,44,1,-1,-1,-1
1571,214,1092,270,53,43,1,-1,-1,-1
1572,214,1090,267,54,43,1,-1,-1,-1
1573,214,1088,266,50,43,1,-1,-1,-1
1574,214,1086,263,54,46,1,-1,-1,-1
1575,214,1086,263,37,43,1,-1,-1,-1
1576,214,1086,264,37,43,1,-1,-1,-1
1577,214,1085,261,42,52,1,-1,-1,-1
1578,214,1084,263,34,45,1,-1,-1,-1
1525,215,860,225,50,26,1,-1,-1,-1
1526,215,860,225,50,26,1,-1,-1,-1
1527,215,860,225,50,26,1,-1,-1,-1
1528,215,861,225,49,26,1,-1,-1,-1
1529,215,861,225,50,26,1,-1,-1,-1
1530,215,861,225,49,26,1,-1,-1,-1
1531,216,1877,486,42,136,1,-1,-1,-1
1532,216,1838,470,82,139,1,-1,-1,-1
1533,216,1794,430,125,166,1,-1,-1,-1
1534,216,1752,417,167,184,1,-1,-1,-1
1535,216,1715,404,204,208,1,-1,-1,-1
1536,216,1678,397,241,194,1,-1,-1,-1
1537,216,1641,386,276,189,1,-1,-1,-1
1538,216,1607,379,312,182,1,-1,-1,-1
1539,216,1574,369,322,176,1,-1,-1,-1
1540,216,1540,360,313,174,1,-1,-1,-1
1541,216,1514,355,300,165,1,-1,-1,-1
1542,216,1487,348,286,162,1,-1,-1,-1
1543,216,1462,344,272,154,1,-1,-1,-1
1544,216,1438,338,261,151,1,-1,-1,-1
1545,216,1415,334,250,145,1,-1,-1,-1
1546,216,1395,330,240,140,1,-1,-1,-1
1547,216,1378,324,228,138,1,-1,-1,-1
1548,216,1356,320,222,134,1,-1,-1,-1
1549,216,1339,316,213,131,1,-1,-1,-1
1550,216,1322,315,204,124,1,-1,-1,-1
1551,216,1307,312,196,122,1,-1,-1,-1
1552,216,1291,308,189,118,1,-1,-1,-1
1553,216,1280,308,180,114,1,-1,-1,-1
1554,216,1265,305,178,112,1,-1,-1,-1
1555,216,1251,299,172,112,1,-1,-1,-1
1556,216,1241,299,164,105,1,-1,-1,-1
1557,216,1230,296,159,104,1,-1,-1,-1
1558,216,1220,294,155,102,1,-1,-1,-1
1559,216,1211,294,148,98,1,-1,-1,-1
1560,216,1202,290,144,96,1,-1,-1,-1
1561,216,1192,287,139,95,1,-1,-1,-1
1562,216,1182,284,136,93,1,-1,-1,-1
1563,216,1174,283,132,91,1,-1,-1,-1
1564,216,1167,282,127,90,1,-1,-1,-1
1565,216,1159,280,124,90,1,-1,-1,-1
1566,216,1153,280,118,85,1,-1,-1,-1
1567,216,1145,277,115,84,1,-1,-1,-1
1568,216,1141,276,111,81,1,-1,-1,-1
1569,216,1135,274,107,79,1,-1,-1,-1
1570,216,1130,273,103,78,1,-1,-1,-1
1571,216,1124,272,99,76,1,-1,-1,-1
1572,216,1122,271,97,74,1,-1,-1,-1
1573,216,1111,268,97,75,1,-1,-1,-1
1574,216,1113,269,90,70,1,-1,-1,-1
1575,216,1107,270,88,67,1,-1,-1,-1
1576,216,1105,269,82,66,1,-1,-1,-1
1577,216,1103,269,80,63,1,-1,-1,-1
1578,216,1094,266,82,64,1,-1,-1,-1
1579,216,1086,261,85,66,1,-1,-1,-1
1580,216,1083,259,83,66,1,-1,-1,-1
1581,216,1080,261,81,63,1,-1,-1,-1
1582,216,1079,261,77,60,1,-1,-1,-1
1583,216,1073,259,78,60,1,-1,-1,-1
1584,216,1073,259,75,57,1,-1,-1,-1
1585,216,1072,260,71,56,1,-1,-1,-1
1586,216,1070,259,68,54,1,-1,-1,-1
1587,216,1069,258,67,54,1,-1,-1,-1
1588,216,1067,255,65,56,1,-1,-1,-1
1589,216,1065,255,64,53,1,-1,-1,-1
1590,216,1063,254,64,53,1,-1,-1,-1
1591,216,1060,254,66,50,1,-1,-1,-1
1592,216,1058,252,68,51,1,-1,-1,-1
1593,216,1058,254,64,48,1,-1,-1,-1
1594,216,1056,244,65,55,1,-1,-1,-1
1595,216,1057,255,61,43,1,-1,-1,-1
1596,216,1058,252,60,45,1,-1,-1,-1
1597,216,1056,251,62,44,1,-1,-1,-1
1598,216,1055,250,62,44,1,-1,-1,-1
1599,216,1053,246,64,46,1,-1,-1,-1
1600,216,1054,249,57,41,1,-1,-1,-1
1601,216,1052,246,65,43,1,-1,-1,-1
1602,216,1054,247,56,42,1,-1,-1,-1
1603,216,1056,248,55,40,1,-1,-1,-1
1604,216,1056,247,59,39,1,-1,-1,-1
1605,216,1056,248,58,38,1,-1,-1,-1
1606,216,1057,246,47,38,1,-1,-1,-1
1607,216,1058,246,46,37,1,-1,-1,-1
1608,216,1058,243,46,39,1,-1,-1,-1
1609,216,1058,242,49,38,1,-1,-1,-1
1610,216,1058,240,49,38,1,-1,-1,-1
1611,216,1060,238,40,38,1,-1,-1,-1
1612,216,1061,239,39,36,1,-1,-1,-1
1613,216,1061,238,38,38,1,-1,-1,-1
1614,216,1062,238,42,37,1,-1,-1,-1
1617,216,1063,235,43,37,1,-1,-1,-1
1618,216,1064,235,39,34,1,-1,-1,-1
1549,217,1879,498,40,91,1,-1,-1,-1
1550,217,1840,478,79,103,1,-1,-1,-1
1551,217,1799,452,120,129,1,-1,-1,-1
1552,217,1763,434,156,153,1,-1,-1,-1
1553,217,1731,428,189,144,1,-1,-1,-1
1554,217,1697,418,221,141,1,-1,-1,-1
1555,217,1666,411,253,136,1,-1,-1,-1
1556,217,1636,400,266,135,1,-1,-1,-1
1557,217,1608,395,256,126,1,-1,-1,-1
1558,217,1583,387,243,123,1,-1,-1,-1
1559,217,1555,380,236,120,1,-1,-1,-1
1560,217,1531,372,228,120,1,-1,-1,-1
1561,217,1507,368,219,116,1,-1,-1,-1
1562,217,1485,365,211,109,1,-1,-1,-1
1563,217,1464,360,204,108,1,-1,-1,-1
1564,217,1444,354,197,104,1,-1,-1,-1
1565,217,1426,350,188,101,1,-1,-1,-1
1566,217,1408,343,183,101,1,-1,-1,-1
1567,217,1391,341,177,96,1,-1,-1,-1
1568,217,1372,338,174,94,1,-1,-1,-1
1569,217,1360,337,166,90,1,-1,-1,-1
1570,217,1345,334,161,88,1,-1,-1,-1
1571,217,1329,329,157,88,1,-1,-1,-1
1572,217,1316,326,153,87,1,-1,-1,-1
1573,217,1303,324,147,84,1,-1,-1,-1
1574,217,1291,321,143,83,1,-1,-1,-1
1575,217,1278,320,139,80,1,-1,-1,-1
1576,217,1269,315,135,81,1,-1,-1,-1
1577,217,1256,314,132,78,1,-1,-1,-1
1578,217,1246,309,128,77,1,-1,-1,-1
1579,217,1235,307,123,74,1,-1,-1,-1
1580,217,1226,307,119,72,1,-1,-1,-1
1581,217,1216,306,117,70,1,-1,-1,-1
1582,217,1207,301,114,71,1,-1,-1,-1
1583,217,1198,299,111,71,1,-1,-1,-1
1584,217,1190,298,109,69,1,-1,-1,-1
1585,217,1183,297,109,67,1,-1,-1,-1
1586,217,1174,295,104,64,1,-1,-1,-1
1587,217,1168,294,99,61,1,-1,-1,-1
1588,217,1162,293,95,60,1,-1,-1,-1
1589,217,1154,291,95,60,1,-1,-1,-1
1590,217,1147,288,95,59,1,-1,-1,-1
1591,217,1140,286,93,58,1,-1,-1,-1
1592,217,1135,284,88,58,1,-1,-1,-1
1593,217,1129,282,87,57,1,-1,-1,-1
1594,217,1126,279,82,58,1,-1,-1,-1
1595,217,1123,278,78,58,1,-1,-1,-1
1596,217,1116,278,78,56,1,-1,-1,-1
1597,217,1112,277,77,54,1,-1,-1,-1
1598,217,1108,277,76,52,1,-1,-1,-1
1599,217,1107,274,71,53,1,-1,-1,-1
1600,217,1106,276,69,49,1,-1,-1,-1
1601,217,1099,273,70,50,1,-1,-1,-1
1602,217,1098,274,67,48,1,-1,-1,-1
1603,217,1097,271,65,48,1,-1,-1,-1
1604,217,1093,270,65,47,1,-1,-1,-1
1605,217,1093,271,61,45,1,-1,-1,-1
1606,217,1091,270,60,44,1,-1,-1,-1
1607,217,1088,269,60,42,1,-1,-1,-1
1608,217,1088,267,57,44,1,-1,-1,-1
1609,217,1085,266,58,44,1,-1,-1,-1
1610,217,1085,263,57,44,1,-1,-1,-1
1611,217,1082,265,57,42,1,-1,-1,-1
1612,217,1081,264,56,41,1,-1,-1,-1
1613,217,1081,262,50,42,1,-1,-1,-1
1614,217,1082,263,51,38,1,-1,-1,-1
1615,217,1081,262,43,39,1,-1,-1,-1
1616,217,1081,260,44,40,1,-1,-1,-1
1617,217,1079,260,45,36,1,-1,-1,-1
1618,217,1078,256,43,37,1,-1,-1,-1
1619,217,1079,256,42,39,1,-1,-1,-1
1620,217,1080,255,40,39,1,-1,-1,-1
1621,217,1079,256,40,37,1,-1,-1,-1
1622,217,1073,247,45,42,1,-1,-1,-1
1623,217,1069,244,48,43,1,-1,-1,-1
1624,217,1069,240,47,46,1,-1,-1,-1
1625,217,1068,237,48,44,1,-1,-1,-1
1626,217,1067,237,47,38,1,-1,-1,-1
1627,217,1067,237,43,36,1,-1,-1,-1
1628,217,1068,237,37,33,1,-1,-1,-1
1629,217,1067,235,41,36,1,-1,-1,-1
1630,217,1066,234,46,34,1,-1,-1,-1
1631,217,1067,231,46,34,1,-1,-1,-1
1569,219,1871,485,49,110,1,-1,-1,-1
1570,219,1830,445,90,139,1,-1,-1,-1
1571,219,1789,427,130,161,1,-1,-1,-1
1572,219,1748,412,171,182,1,-1,-1,-1
1573,219,1714,402,204,174,1,-1,-1,-1
1574,219,1678,390,241,172,1,-1,-1,-1
1575,219,1648,382,271,166,1,-1,-1,-1
1576,219,1617,374,284,161,1,-1,-1,-1
1577,219,1585,367,275,156,1,-1,-1,-1
1578,219,1559,359,264,152,1,-1,-1,-1
1579,219,1533,353,253,146,1,-1,-1,-1
1580,219,1508,347,245,144,1,-1,-1,-1
1581,219,1485,342,236,140,1,-1,-1,-1
1582,219,1464,337,225,134,1,-1,-1,-1
1583,219,1442,335,218,128,1,-1,-1,-1
1584,219,1422,330,210,125,1,-1,-1,-1
1585,219,1402,324,204,124,1,-1,-1,-1
1586,219,1385,320,196,122,1,-1,-1,-1
1587,219,1369,320,189,115,1,-1,-1,-1
1588,219,1349,317,187,111,1,-1,-1,-1
1589,219,1334,313,180,110,1,-1,-1,-1
1590,219,1319,310,175,110,1,-1,-1,-1
1591,219,1308,310,167,103,1,-1,-1,-1
1592,219,1293,305,163,103,1,-1,-1,-1
1593,219,1282,302,156,102,1,-1,-1,-1
1594,219,1268,301,154,100,1,-1,-1,-1
1595,219,1257,299,149,97,1,-1,-1,-1
1596,219,1247,297,144,94,1,-1,-1,-1
1597,219,1236,296,140,90,1,-1,-1,-1
1598,219,1228,292,135,90,1,-1,-1,-1
1599,219,1218,291,132,87,1,-1,-1,-1
1600,219,1208,290,127,86,1,-1,-1,-1
1601,219,1199,286,127,87,1,-1,-1,-1
1602,219,1192,285,121,86,1,-1,-1,-1
1603,219,1184,284,120,83,1,-1,-1,-1
1604,219,1177,282,117,82,1,-1,-1,-1
1605,219,1168,282,121,78,1,-1,-1,-1
1606,219,1165,280,109,78,1,-1,-1,-1
1607,219,1159,277,105,76,1,-1,-1,-1
1608,219,1151,274,104,77,1,-1,-1,-1
1609,219,1144,274,103,74,1,-1,-1,-1
1610,219,1153,272,87,73,1,-1,-1,-1
1611,219,1136,273,96,70,1,-1,-1,-1
1612,219,1127,271,98,69,1,-1,-1,-1
1613,219,1124,271,94,68,1,-1,-1,-1
1614,219,1124,271,88,66,1,-1,-1,-1
1615,219,1117,269,90,67,1,-1,-1,-1
1616,219,1113,268,87,64,1,-1,-1,-1
1617,219,1110,267,84,62,1,-1,-1,-1
1618,219,1107,268,80,60,1,-1,-1,-1
1619,219,1106,269,77,55,1,-1,-1,-1
1620,219,1104,268,72,55,1,-1,-1,-1
1621,219,1103,265,70,56,1,-1,-1,-1
1622,219,1095,262,73,58,1,-1,-1,-1
1623,219,1093,262,71,56,1,-1,-1,-1
1624,219,1094,263,66,53,1,-1,-1,-1
1625,219,1088,259,68,54,1,-1,-1,-1
1626,219,1084,258,69,54,1,-1,-1,-1
1627,219,1083,259,67,51,1,-1,-1,-1
1628,219,1080,256,66,54,1,-1,-1,-1
1629,219,1080,253,65,54,1,-1,-1,-1
1630,219,1079,256,61,51,1,-1,-1,-1
1631,219,1079,257,54,47,1,-1,-1,-1
1632,219,1077,253,53,52,1,-1,-1,-1
1633,219,1073,252,55,49,1,-1,-1,-1
1634,219,1072,247,54,53,1,-1,-1,-1
1635,219,1072,246,51,51,1,-1,-1,-1
1636,219,1072,242,50,53,1,-1,-1,-1
1637,219,1072,250,46,46,1,-1,-1,-1
1638,219,1071,247,46,47,1,-1,-1,-1
1639,219,1071,249,47,45,1,-1,-1,-1
1640,219,1072,245,46,48,1,-1,-1,-1
1641,219,1071,255,39,37,1,-1,-1,-1
1642,219,1072,251,36,38,1,-1,-1,-1
1643,219,1070,249,36,39,1,-1,-1,-1
1644,219,1073,244,38,43,1,-1,-1,-1
1645,219,1075,236,44,48,1,-1,-1,-1
1646,219,1075,235,46,48,1,-1,-1,-1
1647,219,1073,232,49,44,1,-1,-1,-1
1648,219,1073,232,46,40,1,-1,-1,-1
1649,219,1075,237,41,38,1,-1,-1,-1
1653,219,1078,219,48,36,1,-1,-1,-1
1654,219,1078,217,47,34,1,-1,-1,-1
1580,220,1039,220,29,27,1,-1,-1,-1
1581,220,1039,219,27,27,1,-1,-1,-1
1582,220,1039,218,25,28,1,-1,-1,-1
1583,220,1039,218,25,28,1,-1,-1,-1
1584,220,1036,220,29,26,1,-1,-1,-1
1585,220,1035,220,29,25,1,-1,-1,-1
1586,220,1034,220,30,25,1,-1,-1,-1
1587,220,1033,221,30,26,1,-1,-1,-1
1588,220,1032,221,29,25,1,-1,-1,-1
1589,220,1031,222,29,25,1,-1,-1,-1
1590,220,1029,223,30,24,1,-1,-1,-1
1591,220,1027,223,30,25,1,-1,-1,-1
1592,220,1026,224,28,25,1,-1,-1,-1
1593,220,1025,224,29,24,1,-1,-1,-1
1594,220,1024,223,28,26,1,-1,-1,-1
1595,220,1023,223,28,26,1,-1,-1,-1
1596,220,1021,223,29,26,1,-1,-1,-1
1597,220,1021,223,29,27,1,-1,-1,-1
1598,220,1019,224,31,27,1,-1,-1,-1
1599,220,1017,224,32,27,1,-1,-1,-1
1600,220,1016,225,31,26,1,-1,-1,-1
1601,220,1014,224,33,27,1,-1,-1,-1
1602,220,1014,224,31,26,1,-1,-1,-1
1603,220,1012,224,32,27,1,-1,-1,-1
1604,220,1010,225,31,28,1,-1,-1,-1
1605,220,1008,226,32,28,1,-1,-1,-1
1606,220,1007,226,32,28,1,-1,-1,-1
1607,220,1006,227,31,27,1,-1,-1,-1
1608,220,1005,227,30,27,1,-1,-1,-1
1609,220,1005,227,30,28,1,-1,-1,-1
1610,220,1003,228,30,27,1,-1,-1,-1
1611,220,1001,228,31,27,1,-1,-1,-1
1612,220,998,228,34,29,1,-1,-1,-1
1613,220,995,230,35,28,1,-1,-1,-1
1614,220,994,229,35,28,1,-1,-1,-1
1615,220,993,229,35,28,1,-1,-1,-1
1616,220,993,229,34,29,1,-1,-1,-1
1617,220,989,230,36,28,1,-1,-1,-1
1618,220,988,230,36,28,1,-1,-1,-1
1619,220,987,230,37,28,1,-1,-1,-1
1620,220,983,230,39,29,1,-1,-1,-1
1621,220,982,231,37,28,1,-1,-1,-1
1622,220,980,233,37,27,1,-1,-1,-1
1623,220,979,230,38,31,1,-1,-1,-1
1624,220,977,230,39,31,1,-1,-1,-1
1625,220,973,231,41,32,1,-1,-1,-1
1626,220,972,232,40,32,1,-1,-1,-1
1627,220,971,232,40,34,1,-1,-1,-1
1628,220,967,231,40,35,1,-1,-1,-1
1629,220,967,232,40,34,1,-1,-1,-1
1630,220,964,232,41,34,1,-1,-1,-1
1631,220,962,233,42,35,1,-1,-1,-1
1632,220,959,232,44,37,1,-1,-1,-1
1633,220,959,232,40,36,1,-1,-1,-1
1634,220,954,232,45,38,1,-1,-1,-1
1635,220,951,233,46,38,1,-1,-1,-1
1636,220,948,233,48,38,1,-1,-1,-1
1637,220,947,234,49,39,1,-1,-1,-1
1638,220,945,234,46,38,1,-1,-1,-1
1639,220,943,235,46,38,1,-1,-1,-1
1640,220,941,236,45,38,1,-1,-1,-1
1641,220,939,236,45,38,1,-1,-1,-1
1642,220,936,235,49,40,1,-1,-1,-1
1643,220,933,235,49,41,1,-1,-1,-1
1644,220,931,237,48,40,1,-1,-1,-1
1645,220,930,236,50,41,1,-1,-1,-1
1646,220,927,237,48,40,1,-1,-1,-1
1647,220,924,237,50,44,1,-1,-1,-1
1648,220,919,238,53,43,1,-1,-1,-1
1649,220,916,238,54,43,1,-1,-1,-1
1650,220,915,238,53,45,1,-1,-1,-1
1651,220,911,239,53,45,1,-1,-1,-1
1652,220,909,239,53,45,1,-1,-1,-1
1653,220,906,240,54,46,1,-1,-1,-1
1654,220,903,241,56,45,1,-1,-1,-1
1655,220,901,242,56,46,1,-1,-1,-1
1656,220,899,242,55,47,1,-1,-1,-1
1657,220,896,242,55,49,1,-1,-1,-1
1658,220,894,243,55,49,1,-1,-1,-1
1659,220,891,243,58,50,1,-1,-1,-1
1660,220,889,242,59,52,1,-1,-1,-1
1661,220,888,243,60,53,1,-1,-1,-1
1662,220,884,245,61,52,1,-1,-1,-1
1663,220,883,244,62,54,1,-1,-1,-1
1664,220,881,245,61,54,1,-1,-1,-1
1665,220,880,245,61,55,1,-1,-1,-1
1666,220,879,247,60,54,1,-1,-1,-1
1667,220,877,250,60,54,1,-1,-1,-1
1668,220,876,249,61,56,1,-1,-1,-1
1669,220,875,249,61,58,1,-1,-1,-1
1670,220,875,250,61,57,1,-1,-1,-1
1671,220,873,251,62,58,1,-1,-1,-1
1672,220,873,251,63,61,1,-1,-1,-1
1673,220,872,251,62,60,1,-1,-1,-1
1674,220,870,254,66,60,1,-1,-1,-1
1675,220,870,255,67,61,1,-1,-1,-1
1676,220,870,256,68,62,1,-1,-1,-1
1677,220,869,256,70,62,1,-1,-1,-1
1678,220,868,259,72,62,1,-1,-1,-1
1679,220,867,258,76,63,1,-1,-1,-1
1680,220,867,260,76,64,1,-1,-1,-1
1681,220,867,262,73,64,1,-1,-1,-1
1682,220,867,262,74,66,1,-1,-1,-1
1683,220,868,263,75,66,1,-1,-1,-1
1684,220,868,264,75,67,1,-1,-1,-1
1685,220,867,265,75,69,1,-1,-1,-1
1686,220,866,264,79,72,1,-1,-1,-1
1687,220,866,265,81,72,1,-1,-1,-1
1688,220,866,266,81,74,1,-1,-1,-1
1689,220,866,266,82,76,1,-1,-1,-1
1690,220,867,266,83,78,1,-1,-1,-1
1691,220,865,266,86,79,1,-1,-1,-1
1692,220,866,268,85,80,1,-1,-1,-1
1693,220,865,269,87,83,1,-1,-1,-1
1694,220,864,270,87,84,1,-1,-1,-1
1695,220,863,272,88,84,1,-1,-1,-1
1696,220,862,273,88,85,1,-1,-1,-1
1697,220,861,274,89,84,1,-1,-1,-1
1698,220,857,274,91,87,1,-1,-1,-1
1699,220,855,277,95,88,1,-1,-1,-1
1700,220,851,277,97,89,1,-1,-1,-1
1701,220,846,280,103,90,1,-1,-1,-1
1702,220,841,281,106,91,1,-1,-1,-1
1703,220,835,282,109,92,1,-1,-1,-1
1704,220,830,281,111,96,1,-1,-1,-1
1705,220,820,285,118,94,1,-1,-1,-1
1706,220,814,287,122,95,1,-1,-1,-1
1707,220,805,289,127,95,1,-1,-1,-1
1708,220,790,288,139,101,1,-1,-1,-1
1709,220,782,291,141,100,1,-1,-1,-1
1710,220,768,292,150,103,1,-1,-1,-1
1711,220,752,292,157,106,1,-1,-1,-1
1712,220,736,295,167,107,1,-1,-1,-1
1713,220,719,298,176,107,1,-1,-1,-1
1714,220,701,297,184,111,1,-1,-1,-1
1715,220,677,300,198,111,1,-1,-1,-1
1716,220,654,302,209,112,1,-1,-1,-1
1717,220,630,304,218,115,1,-1,-1,-1
1718,220,604,305,229,116,1,-1,-1,-1
1719,220,576,308,239,116,1,-1,-1,-1
1720,220,545,312,254,114,1,-1,-1,-1
1721,220,515,314,267,117,1,-1,-1,-1
1722,220,485,317,271,119,1,-1,-1,-1
1723,220,452,319,283,121,1,-1,-1,-1
1724,220,414,320,297,122,1,-1,-1,-1
1725,220,381,324,302,123,1,-1,-1,-1
1726,220,343,326,312,124,1,-1,-1,-1
1727,220,304,327,317,126,1,-1,-1,-1
1728,220,265,330,323,126,1,-1,-1,-1
1729,220,223,329,331,129,1,-1,-1,-1
1730,220,182,335,333,128,1,-1,-1,-1
1731,220,140,337,337,130,1,-1,-1,-1
1732,220,95,341,338,131,1,-1,-1,-1
1733,220,52,342,339,119,1,-1,-1,-1
1734,220,8,344,340,115,1,-1,-1,-1
1735,220,1,347,297,115,1,-1,-1,-1
1736,220,1,349,249,118,1,-1,-1,-1
1737,220,0,352,206,116,1,-1,-1,-1
1738,220,0,356,159,93,1,-1,-1,-1
1739,220,0,378,110,65,1,-1,-1,-1
1740,220,0,381,69,56,1,-1,-1,-1
1588,223,1856,461,63,134,1,-1,-1,-1
1589,223,1808,420,111,160,1,-1,-1,-1
1590,223,1765,405,153,168,1,-1,-1,-1
1591,223,1726,392,193,212,1,-1,-1,-1
1592,223,1689,381,230,205,1,-1,-1,-1
1593,223,1654,372,265,197,1,-1,-1,-1
1594,223,1620,364,297,190,1,-1,-1,-1
1595,223,1588,361,318,178,1,-1,-1,-1
1596,223,1561,350,301,174,1,-1,-1,-1
1597,223,1533,345,290,168,1,-1,-1,-1
1598,223,1506,341,280,160,1,-1,-1,-1
1599,223,1481,334,266,157,1,-1,-1,-1
1600,223,1459,328,256,152,1,-1,-1,-1
1601,223,1438,323,243,146,1,-1,-1,-1
1602,223,1417,318,235,144,1,-1,-1,-1
1603,223,1398,315,225,138,1,-1,-1,-1
1604,223,1376,312,218,134,1,-1,-1,-1
1605,223,1361,308,209,132,1,-1,-1,-1
1606,223,1345,306,200,126,1,-1,-1,-1
1607,223,1330,304,193,123,1,-1,-1,-1
1608,223,1315,302,185,120,1,-1,-1,-1
1609,223,1300,299,182,117,1,-1,-1,-1
1610,223,1287,296,175,115,1,-1,-1,-1
1611,223,1276,295,169,111,1,-1,-1,-1
1612,223,1264,292,163,110,1,-1,-1,-1
1613,223,1252,290,159,108,1,-1,-1,-1
1614,223,1239,288,154,105,1,-1,-1,-1
1615,223,1232,287,148,101,1,-1,-1,-1
1616,223,1221,285,145,99,1,-1,-1,-1
1617,223,1211,281,141,98,1,-1,-1,-1
1618,223,1203,279,135,97,1,-1,-1,-1
1619,223,1194,279,134,94,1,-1,-1,-1
1620,223,1185,277,130,92,1,-1,-1,-1
1621,223,1178,275,126,91,1,-1,-1,-1
1622,223,1169,271,123,92,1,-1,-1,-1
1623,223,1162,271,128,89,1,-1,-1,-1
1624,223,1156,269,116,89,1,-1,-1,-1
1625,223,1152,269,110,83,1,-1,-1,-1
1626,223,1145,268,110,81,1,-1,-1,-1
1627,223,1137,266,109,81,1,-1,-1,-1
1628,223,1134,268,105,77,1,-1,-1,-1
1629,223,1129,268,102,75,1,-1,-1,-1
1630,223,1125,267,100,74,1,-1,-1,-1
1631,223,1120,266,98,73,1,-1,-1,-1
1632,223,1115,263,93,73,1,-1,-1,-1
1633,223,1112,263,91,72,1,-1,-1,-1
1634,223,1110,262,88,69,1,-1,-1,-1
1635,223,1106,261,87,68,1,-1,-1,-1
1636,223,1104,262,83,66,1,-1,-1,-1
1637,223,1104,261,79,64,1,-1,-1,-1
1638,223,1097,261,80,61,1,-1,-1,-1
1639,223,1097,263,77,58,1,-1,-1,-1
1640,223,1095,260,76,59,1,-1,-1,-1
1641,223,1094,260,72,57,1,-1,-1,-1
1642,223,1092,258,71,58,1,-1,-1,-1
1643,223,1091,256,69,57,1,-1,-1,-1
1644,223,1091,257,64,55,1,-1,-1,-1
1645,223,1087,254,66,56,1,-1,-1,-1
1646,223,1088,253,64,57,1,-1,-1,-1
1647,223,1084,251,67,57,1,-1,-1,-1
1648,223,1083,253,66,54,1,-1,-1,-1
1649,223,1084,253,62,53,1,-1,-1,-1
1650,223,1079,253,67,52,1,-1,-1,-1
1651,223,1078,248,63,56,1,-1,-1,-1
1652,223,1078,247,64,56,1,-1,-1,-1
1653,223,1078,250,61,51,1,-1,-1,-1
1654,223,1077,249,62,51,1,-1,-1,-1
1655,223,1077,248,59,50,1,-1,-1,-1
1656,223,1077,245,59,53,1,-1,-1,-1
1657,223,1076,245,59,51,1,-1,-1,-1
1658,223,1076,246,56,50,1,-1,-1,-1
1659,223,1076,243,57,51,1,-1,-1,-1
1660,223,1076,242,54,50,1,-1,-1,-1
1661,223,1077,244,51,47,1,-1,-1,-1
1662,223,1077,246,52,44,1,-1,-1,-1
1663,223,1077,247,52,42,1,-1,-1,-1
1664,223,1076,247,50,43,1,-1,-1,-1
1665,223,1077,246,49,42,1,-1,-1,-1
1666,223,1077,246,49,41,1,-1,-1,-1
1667,223,1077,246,49,41,1,-1,-1,-1
1668,223,1078,246,48,39,1,-1,-1,-1
1669,223,1076,245,49,38,1,-1,-1,-1
1670,223,1076,242,49,41,1,-1,-1,-1
1671,223,1078,241,47,41,1,-1,-1,-1
1672,223,1077,241,48,41,1,-1,-1,-1
1673,223,1075,240,49,41,1,-1,-1,-1
1674,223,1076,241,48,39,1,-1,-1,-1
1675,223,1077,241,46,38,1,-1,-1,-1
1676,223,1077,238,47,41,1,-1,-1,-1
1677,223,1077,238,47,40,1,-1,-1,-1
1678,223,1076,239,47,38,1,-1,-1,-1
1679,223,1077,240,46,37,1,-1,-1,-1
1680,223,1076,239,46,36,1,-1,-1,-1
1681,223,1075,238,47,36,1,-1,-1,-1
1682,223,1076,237,49,37,1,-1,-1,-1
1683,223,1076,237,48,37,1,-1,-1,-1
1684,223,1078,238,46,35,1,-1,-1,-1
1685,223,1079,237,43,35,1,-1,-1,-1
1686,223,1078,236,43,36,1,-1,-1,-1
1687,223,1078,235,44,36,1,-1,-1,-1
1688,223,1079,236,42,34,1,-1,-1,-1
1689,223,1078,237,43,33,1,-1,-1,-1
1690,223,1078,237,41,32,1,-1,-1,-1
1691,223,1079,236,41,33,1,-1,-1,-1
1692,223,1080,236,40,33,1,-1,-1,-1
1693,223,1081,234,40,34,1,-1,-1,-1
1694,223,1082,235,39,31,1,-1,-1,-1
1695,223,1082,235,38,29,1,-1,-1,-1
1696,223,1083,234,38,30,1,-1,-1,-1
1697,223,1082,233,39,31,1,-1,-1,-1
1698,223,1084,228,38,34,1,-1,-1,-1
1699,223,1084,228,40,36,1,-1,-1,-1
1700,223,1083,229,40,34,1,-1,-1,-1
1701,223,1084,229,41,34,1,-1,-1,-1
1702,223,1084,231,42,31,1,-1,-1,-1
1703,223,1086,228,40,31,1,-1,-1,-1
1705,223,1087,221,43,31,1,-1,-1,-1
1706,223,1090,218,40,29,1,-1,-1,-1
1707,223,1086,221,41,33,1,-1,-1,-1
1708,223,1086,221,40,33,1,-1,-1,-1
1709,223,1087,220,39,33,1,-1,-1,-1
1711,223,1093,222,37,30,1,-1,-1,-1
1713,223,1098,218,33,30,1,-1,-1,-1
1719,223,1095,217,32,28,1,-1,-1,-1
1720,223,1096,216,32,28,1,-1,-1,-1
1721,223,1096,218,29,27,1,-1,-1,-1
1722,223,1096,219,30,26,1,-1,-1,-1
1723,223,1096,218,34,27,1,-1,-1,-1
1724,223,1095,218,34,27,1,-1,-1,-1
1725,223,1096,218,31,27,1,-1,-1,-1
1601,225,1348,246,58,31,1,-1,-1,-1
1602,225,1348,245,58,31,1,-1,-1,-1
1619,225,1312,240,92,37,1,-1,-1,-1
1620,225,1306,239,98,37,1,-1,-1,-1
1621,225,1302,239,101,39,1,-1,-1,-1
1622,225,1302,239,101,39,1,-1,-1,-1
1623,225,1304,239,98,40,1,-1,-1,-1
1624,225,1304,239,98,39,1,-1,-1,-1
1625,225,1304,239,97,39,1,-1,-1,-1
1626,225,1302,239,99,40,1,-1,-1,-1
1627,225,1301,238,100,41,1,-1,-1,-1
1628,225,1302,239,100,41,1,-1,-1,-1
1629,225,1302,239,100,41,1,-1,-1,-1
1630,225,1306,240,97,39,1,-1,-1,-1
1631,225,1307,240,95,39,1,-1,-1,-1
1632,225,1306,240,96,39,1,-1,-1,-1
1633,225,1300,241,102,37,1,-1,-1,-1
1634,225,1300,240,103,38,1,-1,-1,-1
1635,225,1300,240,104,37,1,-1,-1,-1
1636,225,1300,241,103,37,1,-1,-1,-1
1637,225,1300,241,103,37,1,-1,-1,-1
1638,225,1300,241,103,37,1,-1,-1,-1
1639,225,1300,241,103,37,1,-1,-1,-1
1640,225,1300,240,104,38,1,-1,-1,-1
1641,225,1299,240,104,39,1,-1,-1,-1
1642,225,1300,240,104,39,1,-1,-1,-1
1643,225,1306,240,97,37,1,-1,-1,-1
1644,225,1307,240,96,37,1,-1,-1,-1
1645,225,1301,241,54,34,1,-1,-1,-1
1646,225,1301,241,54,34,1,-1,-1,-1
1647,225,1301,241,55,35,1,-1,-1,-1
1648,225,1301,241,55,35,1,-1,-1,-1
1649,225,1301,241,55,35,1,-1,-1,-1
1650,225,1301,241,55,35,1,-1,-1,-1
1651,225,1301,241,54,34,1,-1,-1,-1
1652,225,1301,241,54,34,1,-1,-1,-1
1653,225,1301,241,53,34,1,-1,-1,-1
1654,225,1301,241,52,34,1,-1,-1,-1
1655,225,1301,241,53,34,1,-1,-1,-1
1656,225,1301,240,53,35,1,-1,-1,-1
1657,225,1301,238,101,39,1,-1,-1,-1
1658,225,1302,239,100,39,1,-1,-1,-1
1659,225,1302,239,100,39,1,-1,-1,-1
1660,225,1303,239,100,39,1,-1,-1,-1
1661,225,1304,239,98,39,1,-1,-1,-1
1662,225,1305,239,98,39,1,-1,-1,-1
1663,225,1304,240,99,38,1,-1,-1,-1
1664,225,1304,240,99,38,1,-1,-1,-1
1665,225,1308,241,96,37,1,-1,-1,-1
1666,225,1306,241,97,36,1,-1,-1,-1
1667,225,1304,241,99,35,1,-1,-1,-1
1668,225,1306,241,96,36,1,-1,-1,-1
1669,225,1299,241,78,34,1,-1,-1,-1
1670,225,1300,241,72,34,1,-1,-1,-1
1671,225,1300,242,67,33,1,-1,-1,-1
1672,225,1300,241,70,34,1,-1,-1,-1
1673,225,1300,240,73,34,1,-1,-1,-1
1674,225,1300,240,62,35,1,-1,-1,-1
1676,225,1309,241,93,37,1,-1,-1,-1
1677,225,1312,241,91,37,1,-1,-1,-1
1678,225,1307,240,96,37,1,-1,-1,-1
1679,225,1305,240,98,37,1,-1,-1,-1
1680,225,1303,240,100,36,1,-1,-1,-1
1681,225,1303,241,100,36,1,-1,-1,-1
1682,225,1302,241,101,36,1,-1,-1,-1
1683,225,1311,242,93,35,1,-1,-1,-1
1684,225,1309,241,94,35,1,-1,-1,-1
1685,225,1309,241,94,35,1,-1,-1,-1
1686,225,1310,241,93,35,1,-1,-1,-1
1687,225,1310,241,93,35,1,-1,-1,-1
1688,225,1311,241,92,35,1,-1,-1,-1
1689,225,1312,241,92,36,1,-1,-1,-1
1690,225,1311,241,92,36,1,-1,-1,-1
1698,225,1301,243,54,32,1,-1,-1,-1
1699,225,1301,243,54,32,1,-1,-1,-1
1700,225,1301,244,55,31,1,-1,-1,-1
1701,225,1301,243,57,32,1,-1,-1,-1
1702,225,1300,244,56,31,1,-1,-1,-1
1703,225,1301,243,57,33,1,-1,-1,-1
1704,225,1301,242,58,33,1,-1,-1,-1
1705,225,1299,239,82,37,1,-1,-1,-1
1706,225,1299,238,82,38,1,-1,-1,-1
1707,225,1299,238,74,38,1,-1,-1,-1
1708,225,1304,240,98,38,1,-1,-1,-1
1709,225,1308,240,94,38,1,-1,-1,-1
1710,225,1309,240,93,38,1,-1,-1,-1
1711,225,1313,240,90,38,1,-1,-1,-1
1712,225,1307,240,96,38,1,-1,-1,-1
1713,225,1307,241,97,37,1,-1,-1,-1
1714,225,1307,241,96,37,1,-1,-1,-1
1715,225,1306,241,97,37,1,-1,-1,-1
1716,225,1304,241,99,37,1,-1,-1,-1
1717,225,1301,240,102,38,1,-1,-1,-1
1718,225,1300,239,103,39,1,-1,-1,-1
1719,225,1300,239,103,39,1,-1,-1,-1
1720,225,1301,240,102,38,1,-1,-1,-1
1721,225,1301,240,101,38,1,-1,-1,-1
1722,225,1302,240,101,38,1,-1,-1,-1
1723,225,1347,246,58,37,1,-1,-1,-1
1724,225,1347,246,58,37,1,-1,-1,-1
1725,225,1347,246,58,37,1,-1,-1,-1
1726,225,1348,246,57,37,1,-1,-1,-1
1727,225,1348,246,57,38,1,-1,-1,-1
1728,225,1348,247,58,38,1,-1,-1,-1
1729,225,1348,248,58,39,1,-1,-1,-1
1730,225,1348,248,58,39,1,-1,-1,-1
1731,225,1348,248,57,37,1,-1,-1,-1
1732,225,1348,247,57,38,1,-1,-1,-1
1733,225,1347,246,60,32,1,-1,-1,-1
1734,225,1348,246,60,33,1,-1,-1,-1
1735,225,1348,246,60,33,1,-1,-1,-1
1736,225,1346,246,61,33,1,-1,-1,-1
1737,225,1347,246,61,32,1,-1,-1,-1
1738,225,1347,246,61,32,1,-1,-1,-1
1739,225,1347,246,62,32,1,-1,-1,-1
1740,225,1347,246,61,32,1,-1,-1,-1
1741,225,1304,240,100,37,1,-1,-1,-1
1742,225,1304,240,99,37,1,-1,-1,-1
1743,225,1302,240,101,37,1,-1,-1,-1
1744,225,1303,241,99,36,1,-1,-1,-1
1749,225,1300,238,99,37,1,-1,-1,-1
1751,225,1300,238,73,38,1,-1,-1,-1
1631,229,1346,248,62,36,1,-1,-1,-1
1632,229,1346,248,62,35,1,-1,-1,-1
1645,229,1347,246,58,35,1,-1,-1,-1
1646,229,1347,246,58,35,1,-1,-1,-1
1647,229,1347,246,58,35,1,-1,-1,-1
1648,229,1347,246,58,35,1,-1,-1,-1
1649,229,1347,246,58,35,1,-1,-1,-1
1650,229,1347,246,58,35,1,-1,-1,-1
1651,229,1347,246,59,35,1,-1,-1,-1
1652,229,1347,246,59,35,1,-1,-1,-1
1653,229,1348,247,58,37,1,-1,-1,-1
1654,229,1348,247,58,37,1,-1,-1,-1
1655,229,1348,247,58,36,1,-1,-1,-1
1656,229,1348,247,58,36,1,-1,-1,-1
1658,229,1348,248,59,35,1,-1,-1,-1
1659,229,1348,248,59,35,1,-1,-1,-1
1660,229,1348,248,59,35,1,-1,-1,-1
1661,229,1348,248,59,35,1,-1,-1,-1
1662,229,1348,248,59,35,1,-1,-1,-1
1691,229,1348,246,59,34,1,-1,-1,-1
1692,229,1348,245,59,34,1,-1,-1,-1
1693,229,1348,245,60,33,1,-1,-1,-1
1694,229,1348,245,60,33,1,-1,-1,-1
1695,229,1348,245,60,32,1,-1,-1,-1
1696,229,1348,245,60,32,1,-1,-1,-1
1697,229,1348,245,59,32,1,-1,-1,-1
1698,229,1348,245,59,31,1,-1,-1,-1
1699,229,1348,245,59,30,1,-1,-1,-1
1700,229,1348,245,59,30,1,-1,-1,-1
1701,229,1348,245,59,30,1,-1,-1,-1
1702,229,1313,243,91,33,1,-1,-1,-1
1723,229,1301,241,54,33,1,-1,-1,-1
1724,229,1301,241,55,34,1,-1,-1,-1
1725,229,1301,241,55,34,1,-1,-1,-1
1726,229,1301,241,55,34,1,-1,-1,-1
1727,229,1301,241,54,34,1,-1,-1,-1
1728,229,1301,243,53,32,1,-1,-1,-1
1729,229,1301,242,54,33,1,-1,-1,-1
1730,229,1301,242,54,33,1,-1,-1,-1
1731,229,1301,242,56,33,1,-1,-1,-1
1732,229,1301,243,52,31,1,-1,-1,-1
1733,229,1302,244,52,32,1,-1,-1,-1
1734,229,1302,244,52,32,1,-1,-1,-1
1735,229,1302,244,52,32,1,-1,-1,-1
1736,229,1302,243,55,33,1,-1,-1,-1
1737,229,1302,243,53,32,1,-1,-1,-1
1738,229,1302,243,53,33,1,-1,-1,-1
1739,229,1302,243,53,32,1,-1,-1,-1
1740,229,1301,242,55,33,1,-1,-1,-1
1745,229,1301,242,62,34,1,-1,-1,-1
1746,229,1301,242,54,33,1,-1,-1,-1
1747,229,1300,241,58,34,1,-1,-1,-1
1748,229,1300,240,59,36,1,-1,-1,-1
1752,229,1301,240,60,36,1,-1,-1,-1
1759,229,1301,240,55,35,1,-1,-1,-1
1760,229,1301,241,51,34,1,-1,-1,-1
1761,229,1301,241,52,34,1,-1,-1,-1
1762,229,1300,241,53,34,1,-1,-1,-1
1763,229,1300,242,53,34,1,-1,-1,-1
1764,229,1300,241,54,34,1,-1,-1,-1
1765,229,1300,243,50,31,1,-1,-1,-1
1766,229,1301,241,52,34,1,-1,-1,-1
1767,229,1301,241,52,34,1,-1,-1,-1
1768,229,1300,243,50,31,1,-1,-1,-1
1769,229,1301,240,56,35,1,-1,-1,-1
1770,229,1301,239,56,36,1,-1,-1,-1
1771,229,1301,239,57,36,1,-1,-1,-1
1772,229,1301,239,57,36,1,-1,-1,-1
1773,229,1304,239,100,39,1,-1,-1,-1
1774,229,1303,239,100,39,1,-1,-1,-1
1775,229,1303,240,100,38,1,-1,-1,-1
1776,229,1302,240,102,37,1,-1,-1,-1
1777,229,1303,240,101,36,1,-1,-1,-1
1778,229,1300,241,103,35,1,-1,-1,-1
1779,229,1299,240,103,36,1,-1,-1,-1
1780,229,1300,240,103,36,1,-1,-1,-1
1781,229,1300,240,102,36,1,-1,-1,-1
1782,229,1301,240,102,36,1,-1,-1,-1
1783,229,1301,241,102,36,1,-1,-1,-1
1784,229,1298,241,105,35,1,-1,-1,-1
1785,229,1297,241,105,35,1,-1,-1,-1
1786,229,1297,241,105,35,1,-1,-1,-1
1787,229,1298,241,105,34,1,-1,-1,-1
1788,229,1297,241,105,35,1,-1,-1,-1
1789,229,1299,240,63,34,1,-1,-1,-1
1790,229,1300,241,63,34,1,-1,-1,-1
1791,229,1300,241,61,34,1,-1,-1,-1
1792,229,1300,241,65,34,1,-1,-1,-1
1793,229,1300,241,55,34,1,-1,-1,-1
1794,229,1301,240,61,35,1,-1,-1,-1
1795,229,1300,240,61,35,1,-1,-1,-1
1796,229,1300,240,60,35,1,-1,-1,-1
1797,229,1300,240,60,35,1,-1,-1,-1
1798,229,1300,240,61,35,1,-1,-1,-1
1799,229,1303,239,100,37,1,-1,-1,-1
1800,229,1303,239,99,37,1,-1,-1,-1
1801,229,1301,239,102,37,1,-1,-1,-1
1802,229,1301,239,102,37,1,-1,-1,-1
1803,229,1300,240,103,37,1,-1,-1,-1
1804,229,1300,241,71,34,1,-1,-1,-1
1805,229,1300,241,74,35,1,-1,-1,-1
1806,229,1300,241,73,35,1,-1,-1,-1
1807,229,1302,241,101,36,1,-1,-1,-1
1808,229,1300,241,60,34,1,-1,-1,-1
1809,229,1301,239,60,37,1,-1,-1,-1
1810,229,1301,239,59,37,1,-1,-1,-1
1811,229,1301,239,59,37,1,-1,-1,-1
1812,229,1301,239,59,37,1,-1,-1,-1
1813,229,1300,241,61,34,1,-1,-1,-1
1814,229,1300,241,65,35,1,-1,-1,-1
1815,229,1300,241,67,35,1,-1,-1,-1
1816,229,1299,242,69,35,1,-1,-1,-1
1817,229,1300,241,102,35,1,-1,-1,-1
1818,229,1299,241,104,35,1,-1,-1,-1
1819,229,1299,241,104,36,1,-1,-1,-1
1820,229,1300,241,104,36,1,-1,-1,-1
1821,229,1300,241,103,36,1,-1,-1,-1
1822,229,1300,242,103,35,1,-1,-1,-1
1823,229,1300,241,103,36,1,-1,-1,-1
1824,229,1300,241,103,36,1,-1,-1,-1
1825,229,1302,241,100,36,1,-1,-1,-1
1826,229,1301,242,62,34,1,-1,-1,-1
1827,229,1303,240,99,37,1,-1,-1,-1
1828,229,1302,240,99,37,1,-1,-1,-1
1829,229,1302,242,53,34,1,-1,-1,-1
1830,229,1302,241,53,35,1,-1,-1,-1
1831,229,1302,241,53,35,1,-1,-1,-1
1832,229,1307,240,97,37,1,-1,-1,-1
1833,229,1306,240,97,37,1,-1,-1,-1
1834,229,1303,240,101,37,1,-1,-1,-1
1835,229,1307,241,97,36,1,-1,-1,-1
1836,229,1317,241,87,37,1,-1,-1,-1
1837,229,1302,242,52,34,1,-1,-1,-1
1843,229,1302,240,100,36,1,-1,-1,-1
1844,229,1301,240,101,37,1,-1,-1,-1
1845,229,1302,241,100,36,1,-1,-1,-1
1847,229,1302,242,53,33,1,-1,-1,-1
1848,229,1301,242,55,33,1,-1,-1,-1
1849,229,1302,241,55,34,1,-1,-1,-1
1850,229,1302,241,55,34,1,-1,-1,-1
1851,229,1302,241,58,35,1,-1,-1,-1
1852,229,1301,239,61,36,1,-1,-1,-1
1853,229,1301,240,55,36,1,-1,-1,-1
1854,229,1301,242,55,34,1,-1,-1,-1
1855,229,1301,242,53,34,1,-1,-1,-1
1856,229,1302,243,52,33,1,-1,-1,-1
1857,229,1302,244,51,32,1,-1,-1,-1
1858,229,1302,243,53,33,1,-1,-1,-1
1859,229,1302,243,53,33,1,-1,-1,-1
1860,229,1302,244,51,32,1,-1,-1,-1
1861,229,1302,243,52,32,1,-1,-1,-1
1862,229,1302,243,54,33,1,-1,-1,-1
1863,229,1302,242,56,34,1,-1,-1,-1
1864,229,1301,241,58,35,1,-1,-1,-1
1865,229,1301,240,59,35,1,-1,-1,-1
1866,229,1301,240,63,36,1,-1,-1,-1
1867,229,1302,240,61,35,1,-1,-1,-1
1868,229,1302,241,58,35,1,-1,-1,-1
1869,229,1302,238,101,38,1,-1,-1,-1
1870,229,1302,238,100,39,1,-1,-1,-1
1871,229,1300,238,102,38,1,-1,-1,-1
1872,229,1301,239,102,37,1,-1,-1,-1
1873,229,1302,239,100,37,1,-1,-1,-1
1874,229,1303,240,100,36,1,-1,-1,-1
1875,229,1302,240,100,36,1,-1,-1,-1
1876,229,1302,240,100,36,1,-1,-1,-1
1877,229,1302,240,100,36,1,-1,-1,-1
1878,229,1301,240,101,36,1,-1,-1,-1
1879,229,1302,240,100,36,1,-1,-1,-1
1880,229,1301,239,102,38,1,-1,-1,-1
1881,229,1302,240,101,37,1,-1,-1,-1
1882,229,1301,239,102,37,1,-1,-1,-1
1883,229,1301,239,102,38,1,-1,-1,-1
1884,229,1301,239,101,37,1,-1,-1,-1
1885,229,1305,240,97,35,1,-1,-1,-1
1886,229,1305,240,97,36,1,-1,-1,-1
1887,229,1304,239,97,36,1,-1,-1,-1
1888,229,1305,240,97,36,1,-1,-1,-1
1889,229,1305,240,98,36,1,-1,-1,-1
1890,229,1306,240,97,36,1,-1,-1,-1
1891,229,1305,240,98,36,1,-1,-1,-1
1892,229,1306,241,97,35,1,-1,-1,-1
1893,229,1305,240,97,36,1,-1,-1,-1
1894,229,1305,240,98,36,1,-1,-1,-1
1895,229,1306,240,97,35,1,-1,-1,-1
1896,229,1307,241,95,35,1,-1,-1,-1
1897,229,1308,240,95,36,1,-1,-1,-1
1898,229,1306,240,97,36,1,-1,-1,-1
1899,229,1306,240,97,36,1,-1,-1,-1
1900,229,1305,240,97,36,1,-1,-1,-1
1901,229,1305,240,97,36,1,-1,-1,-1
1902,229,1304,240,98,36,1,-1,-1,-1
1903,229,1304,240,99,36,1,-1,-1,-1
1904,229,1303,240,100,36,1,-1,-1,-1
1905,229,1303,240,99,36,1,-1,-1,-1
1906,229,1303,239,100,37,1,-1,-1,-1
1907,229,1302,240,101,37,1,-1,-1,-1
1908,229,1300,239,103,38,1,-1,-1,-1
1909,229,1301,239,101,38,1,-1,-1,-1
1910,229,1301,239,101,37,1,-1,-1,-1
1911,229,1302,239,100,37,1,-1,-1,-1
1912,229,1302,238,100,38,1,-1,-1,-1
1913,229,1301,238,101,38,1,-1,-1,-1
1914,229,1301,238,101,38,1,-1,-1,-1
1915,229,1301,238,101,38,1,-1,-1,-1
1916,229,1301,238,101,38,1,-1,-1,-1
1917,229,1299,239,103,37,1,-1,-1,-1
1918,229,1299,239,103,37,1,-1,-1,-1
1919,229,1303,240,99,36,1,-1,-1,-1
1920,229,1303,240,99,36,1,-1,-1,-1
1921,229,1301,240,102,36,1,-1,-1,-1
1922,229,1303,241,100,36,1,-1,-1,-1
1923,229,1303,240,99,36,1,-1,-1,-1
1924,229,1303,240,99,36,1,-1,-1,-1
1925,229,1301,241,102,36,1,-1,-1,-1
1926,229,1300,240,103,36,1,-1,-1,-1
1927,229,1300,241,102,35,1,-1,-1,-1
1928,229,1300,242,62,34,1,-1,-1,-1
1929,229,1301,243,60,33,1,-1,-1,-1
1930,229,1300,243,60,33,1,-1,-1,-1
1931,229,1300,243,56,33,1,-1,-1,-1
1932,229,1301,243,59,34,1,-1,-1,-1
1933,229,1304,241,98,36,1,-1,-1,-1
1934,229,1301,240,100,37,1,-1,-1,-1
1935,229,1302,241,99,36,1,-1,-1,-1
1936,229,1301,240,101,37,1,-1,-1,-1
1937,229,1301,240,101,37,1,-1,-1,-1
1938,229,1300,240,102,37,1,-1,-1,-1
1939,229,1300,241,103,36,1,-1,-1,-1
1940,229,1300,241,103,36,1,-1,-1,-1
1941,229,1300,241,103,35,1,-1,-1,-1
1942,229,1300,240,102,36,1,-1,-1,-1
1943,229,1301,242,66,34,1,-1,-1,-1
1944,229,1301,242,63,34,1,-1,-1,-1
1945,229,1300,238,101,37,1,-1,-1,-1
1946,229,1299,240,87,36,1,-1,-1,-1
1947,229,1300,240,102,36,1,-1,-1,-1
1948,229,1300,240,102,37,1,-1,-1,-1
1949,229,1300,240,102,36,1,-1,-1,-1
1950,229,1298,239,104,37,1,-1,-1,-1
1951,229,1299,239,103,37,1,-1,-1,-1
1952,229,1299,239,103,37,1,-1,-1,-1
1953,229,1301,241,100,36,1,-1,-1,-1
1954,229,1298,240,83,35,1,-1,-1,-1
1955,229,1298,240,104,38,1,-1,-1,-1
1651,232,1851,479,68,104,1,-1,-1,-1
1652,232,1797,435,122,146,1,-1,-1,-1
1653,232,1750,421,170,163,1,-1,-1,-1
1654,232,1704,412,214,153,1,-1,-1,-1
1655,232,1660,399,258,149,1,-1,-1,-1
1656,232,1623,388,254,144,1,-1,-1,-1
1657,232,1588,381,241,135,1,-1,-1,-1
1658,232,1555,371,229,131,1,-1,-1,-1
1659,232,1524,364,217,129,1,-1,-1,-1
1660,232,1493,359,211,121,1,-1,-1,-1
1661,232,1466,350,201,119,1,-1,-1,-1
1662,232,1444,345,189,115,1,-1,-1,-1
1663,232,1420,339,182,111,1,-1,-1,-1
1664,232,1398,334,175,108,1,-1,-1,-1
1665,232,1376,330,169,105,1,-1,-1,-1
1666,232,1361,330,159,98,1,-1,-1,-1
1667,232,1342,326,153,95,1,-1,-1,-1
1668,232,1323,321,150,94,1,-1,-1,-1
1669,232,1308,319,143,90,1,-1,-1,-1
1670,232,1293,316,137,86,1,-1,-1,-1
1671,232,1278,314,134,85,1,-1,-1,-1
1672,232,1264,311,130,82,1,-1,-1,-1
1673,232,1253,306,125,82,1,-1,-1,-1
1674,232,1240,303,121,80,1,-1,-1,-1
1675,232,1227,300,118,79,1,-1,-1,-1
1676,232,1216,299,114,75,1,-1,-1,-1
1677,232,1223,299,92,71,1,-1,-1,-1
1678,232,1199,297,104,70,1,-1,-1,-1
1679,232,1197,295,96,69,1,-1,-1,-1
1680,232,1175,289,102,69,1,-1,-1,-1
1681,232,1168,287,98,68,1,-1,-1,-1
1682,232,1157,287,99,64,1,-1,-1,-1
1683,232,1151,284,93,63,1,-1,-1,-1
1684,232,1147,282,88,62,1,-1,-1,-1
1685,232,1136,279,88,63,1,-1,-1,-1
1686,232,1130,278,86,62,1,-1,-1,-1
1687,232,1126,277,81,59,1,-1,-1,-1
1688,232,1120,275,81,59,1,-1,-1,-1
1689,232,1115,274,77,57,1,-1,-1,-1
1690,232,1110,274,76,54,1,-1,-1,-1
1691,232,1106,272,73,54,1,-1,-1,-1
1692,232,1104,272,71,52,1,-1,-1,-1
1693,232,1098,272,70,51,1,-1,-1,-1
1694,232,1097,271,66,51,1,-1,-1,-1
1695,232,1094,270,65,47,1,-1,-1,-1
1696,232,1093,270,60,47,1,-1,-1,-1
1697,232,1088,267,61,46,1,-1,-1,-1
1698,232,1085,267,62,45,1,-1,-1,-1
1699,232,1084,267,61,44,1,-1,-1,-1
1700,232,1081,265,60,43,1,-1,-1,-1
1701,232,1079,264,60,44,1,-1,-1,-1
1702,232,1077,265,58,41,1,-1,-1,-1
1703,232,1077,263,55,42,1,-1,-1,-1
1704,232,1076,259,53,44,1,-1,-1,-1
1705,232,1076,262,51,40,1,-1,-1,-1
1706,232,1075,257,50,42,1,-1,-1,-1
1707,232,1073,260,50,39,1,-1,-1,-1
1708,232,1073,258,50,39,1,-1,-1,-1
1709,232,1073,257,47,39,1,-1,-1,-1
1710,232,1073,254,46,41,1,-1,-1,-1
1711,232,1071,256,48,39,1,-1,-1,-1
1712,232,1073,252,45,40,1,-1,-1,-1
1713,232,1072,251,45,39,1,-1,-1,-1
1714,232,1072,252,45,37,1,-1,-1,-1
1715,232,1072,249,46,38,1,-1,-1,-1
1716,232,1072,248,45,38,1,-1,-1,-1
1717,232,1070,250,46,35,1,-1,-1,-1
1718,232,1069,248,46,36,1,-1,-1,-1
1719,232,1072,246,44,36,1,-1,-1,-1
1720,232,1073,245,44,36,1,-1,-1,-1
1721,232,1071,245,44,36,1,-1,-1,-1
1722,232,1072,246,43,34,1,-1,-1,-1
1723,232,1074,244,42,34,1,-1,-1,-1
1724,232,1075,243,40,34,1,-1,-1,-1
1725,232,1074,244,42,33,1,-1,-1,-1
1726,232,1076,244,38,31,1,-1,-1,-1
1727,232,1076,242,38,32,1,-1,-1,-1
1728,232,1077,241,38,33,1,-1,-1,-1
1729,232,1078,241,38,33,1,-1,-1,-1
1730,232,1078,240,39,32,1,-1,-1,-1
1731,232,1077,240,40,31,1,-1,-1,-1
1732,232,1078,240,39,31,1,-1,-1,-1
1733,232,1080,238,38,32,1,-1,-1,-1
1734,232,1082,238,36,33,1,-1,-1,-1
1735,232,1082,237,36,32,1,-1,-1,-1
1736,232,1081,236,37,33,1,-1,-1,-1
1737,232,1081,235,37,36,1,-1,-1,-1
1738,232,1082,233,38,35,1,-1,-1,-1
1739,232,1084,231,35,31,1,-1,-1,-1
1740,232,1086,232,33,32,1,-1,-1,-1
1741,232,1088,231,31,32,1,-1,-1,-1
1742,232,1090,228,32,30,1,-1,-1,-1
1743,232,1088,227,34,31,1,-1,-1,-1
1744,232,1088,227,35,32,1,-1,-1,-1
1748,232,1089,225,35,30,1,-1,-1,-1
1749,232,1088,226,35,29,1,-1,-1,-1
1750,232,1088,225,36,27,1,-1,-1,-1
1751,232,1088,224,37,28,1,-1,-1,-1
1752,232,1088,223,36,27,1,-1,-1,-1
1753,232,1089,223,35,29,1,-1,-1,-1
1754,232,1090,222,34,29,1,-1,-1,-1
1755,232,1092,221,33,28,1,-1,-1,-1
1756,232,1093,220,32,29,1,-1,-1,-1
1757,232,1094,218,33,28,1,-1,-1,-1
1758,232,1092,219,33,28,1,-1,-1,-1
1772,232,1092,218,33,31,1,-1,-1,-1
1774,232,1093,219,31,29,1,-1,-1,-1
1775,232,1096,219,30,28,1,-1,-1,-1
1680,236,1862,478,57,89,1,-1,-1,-1
1681,236,1818,443,101,118,1,-1,-1,-1
1682,236,1775,429,144,142,1,-1,-1,-1
1683,236,1737,420,182,138,1,-1,-1,-1
1684,236,1699,407,221,136,1,-1,-1,-1
1685,236,1660,398,258,131,1,-1,-1,-1
1686,236,1632,392,253,124,1,-1,-1,-1
1687,236,1599,384,246,122,1,-1,-1,-1
1688,236,1568,377,238,119,1,-1,-1,-1
1689,236,1544,370,226,118,1,-1,-1,-1
1690,236,1517,366,218,110,1,-1,-1,-1
1691,236,1492,359,211,110,1,-1,-1,-1
1692,236,1468,353,204,108,1,-1,-1,-1
1693,236,1447,350,195,102,1,-1,-1,-1
1694,236,1426,343,190,102,1,-1,-1,-1
1695,236,1407,341,180,97,1,-1,-1,-1
1696,236,1389,338,175,96,1,-1,-1,-1
1697,236,1370,336,170,91,1,-1,-1,-1
1698,236,1353,333,165,89,1,-1,-1,-1
1699,236,1337,330,160,88,1,-1,-1,-1
1700,236,1323,326,153,86,1,-1,-1,-1
1701,236,1309,322,149,87,1,-1,-1,-1
1702,236,1296,320,144,83,1,-1,-1,-1
1703,236,1283,318,139,83,1,-1,-1,-1
1704,236,1270,315,137,81,1,-1,-1,-1
1705,236,1259,313,131,77,1,-1,-1,-1
1706,236,1249,308,126,77,1,-1,-1,-1
1707,236,1237,307,123,75,1,-1,-1,-1
1708,236,1227,306,121,71,1,-1,-1,-1
1709,236,1216,302,118,73,1,-1,-1,-1
1710,236,1209,300,112,71,1,-1,-1,-1
1711,236,1200,298,110,69,1,-1,-1,-1
1712,236,1191,298,106,67,1,-1,-1,-1
1713,236,1182,296,108,65,1,-1,-1,-1
1714,236,1174,294,107,64,1,-1,-1,-1
1715,236,1169,293,99,63,1,-1,-1,-1
1716,236,1162,290,95,61,1,-1,-1,-1
1717,236,1157,289,92,60,1,-1,-1,-1
1718,236,1150,286,92,60,1,-1,-1,-1
1719,236,1145,285,91,59,1,-1,-1,-1
1720,236,1138,281,88,60,1,-1,-1,-1
1721,236,1132,281,87,58,1,-1,-1,-1
1722,236,1130,280,83,56,1,-1,-1,-1
1723,236,1126,279,78,54,1,-1,-1,-1
1724,236,1122,277,80,56,1,-1,-1,-1
1725,236,1117,275,79,55,1,-1,-1,-1
1726,236,1115,274,75,53,1,-1,-1,-1
1727,236,1109,273,75,52,1,-1,-1,-1
1728,236,1107,272,72,52,1,-1,-1,-1
1729,236,1105,272,70,50,1,-1,-1,-1
1730,236,1104,272,68,49,1,-1,-1,-1
1731,236,1100,271,67,47,1,-1,-1,-1
1732,236,1099,269,65,48,1,-1,-1,-1
1733,236,1097,268,61,47,1,-1,-1,-1
1734,236,1094,267,61,47,1,-1,-1,-1
1735,236,1093,268,60,43,1,-1,-1,-1
1736,236,1091,266,60,44,1,-1,-1,-1
1737,236,1092,266,58,43,1,-1,-1,-1
1738,236,1088,266,60,41,1,-1,-1,-1
1739,236,1087,263,60,42,1,-1,-1,-1
1740,236,1087,263,56,41,1,-1,-1,-1
1741,236,1087,261,54,43,1,-1,-1,-1
1742,236,1085,260,54,42,1,-1,-1,-1
1743,236,1085,260,52,41,1,-1,-1,-1
1744,236,1085,259,51,40,1,-1,-1,-1
1745,236,1085,259,51,39,1,-1,-1,-1
1746,236,1084,256,50,40,1,-1,-1,-1
1747,236,1084,256,48,39,1,-1,-1,-1
1748,236,1084,256,47,39,1,-1,-1,-1
1749,236,1084,255,45,37,1,-1,-1,-1
1750,236,1082,255,45,37,1,-1,-1,-1
1751,236,1081,254,46,38,1,-1,-1,-1
1752,236,1080,254,47,36,1,-1,-1,-1
1753,236,1082,256,44,33,1,-1,-1,-1
1754,236,1079,252,45,35,1,-1,-1,-1
1755,236,1078,253,45,34,1,-1,-1,-1
1756,236,1078,253,44,34,1,-1,-1,-1
1757,236,1078,251,44,34,1,-1,-1,-1
1758,236,1078,251,44,33,1,-1,-1,-1
1759,236,1078,249,44,34,1,-1,-1,-1
1760,236,1078,249,43,34,1,-1,-1,-1
1761,236,1078,249,43,34,1,-1,-1,-1
1762,236,1080,249,42,32,1,-1,-1,-1
1763,236,1079,247,42,33,1,-1,-1,-1
1764,236,1079,247,41,33,1,-1,-1,-1
1765,236,1079,246,39,32,1,-1,-1,-1
1766,236,1080,248,39,31,1,-1,-1,-1
1767,236,1080,247,39,31,1,-1,-1,-1
1768,236,1081,244,37,32,1,-1,-1,-1
1769,236,1080,243,40,32,1,-1,-1,-1
1770,236,1079,244,40,31,1,-1,-1,-1
1771,236,1081,244,37,30,1,-1,-1,-1
1772,236,1081,243,36,30,1,-1,-1,-1
1773,236,1080,242,37,29,1,-1,-1,-1
1774,236,1082,243,36,29,1,-1,-1,-1
1719,241,1044,222,28,22,1,-1,-1,-1
1720,241,1043,222,29,22,1,-1,-1,-1
1722,241,1041,223,29,23,1,-1,-1,-1
1723,241,1039,223,29,23,1,-1,-1,-1
1724,241,1038,224,29,23,1,-1,-1,-1
1725,241,1037,222,30,25,1,-1,-1,-1
1726,241,1037,223,30,24,1,-1,-1,-1
1727,241,1036,223,28,24,1,-1,-1,-1
1728,241,1036,223,28,24,1,-1,-1,-1
1729,241,1033,223,33,23,1,-1,-1,-1
1730,241,1031,223,31,23,1,-1,-1,-1
1731,241,1030,224,31,24,1,-1,-1,-1
1732,241,1029,224,32,24,1,-1,-1,-1
1733,241,1028,225,30,23,1,-1,-1,-1
1734,241,1026,226,32,23,1,-1,-1,-1
1735,241,1025,225,31,23,1,-1,-1,-1
1736,241,1024,226,30,23,1,-1,-1,-1
1737,241,1024,225,30,24,1,-1,-1,-1
1738,241,1023,225,29,23,1,-1,-1,-1
1739,241,1022,225,29,24,1,-1,-1,-1
1740,241,1021,226,30,24,1,-1,-1,-1
1741,241,1019,226,30,25,1,-1,-1,-1
1742,241,1017,226,31,25,1,-1,-1,-1
1743,241,1015,227,33,24,1,-1,-1,-1
1744,241,1016,226,31,26,1,-1,-1,-1
1745,241,1014,227,32,25,1,-1,-1,-1
1746,241,1012,229,30,24,1,-1,-1,-1
1747,241,1009,230,32,25,1,-1,-1,-1
1748,241,1008,230,31,25,1,-1,-1,-1
1749,241,1007,230,31,25,1,-1,-1,-1
1750,241,1007,230,30,25,1,-1,-1,-1
1751,241,1005,229,31,26,1,-1,-1,-1
1752,241,1005,230,31,27,1,-1,-1,-1
1753,241,1004,229,30,27,1,-1,-1,-1
1754,241,1002,229,32,28,1,-1,-1,-1
1755,241,999,230,32,27,1,-1,-1,-1
1756,241,996,230,34,28,1,-1,-1,-1
1757,241,994,230,36,27,1,-1,-1,-1
1758,241,993,230,35,27,1,-1,-1,-1
1759,241,991,231,36,27,1,-1,-1,-1
1760,241,990,230,36,29,1,-1,-1,-1
1761,241,989,230,36,28,1,-1,-1,-1
1762,241,988,231,35,28,1,-1,-1,-1
1763,241,986,232,36,27,1,-1,-1,-1
1764,241,984,234,36,26,1,-1,-1,-1
1765,241,982,234,36,26,1,-1,-1,-1
1766,241,982,233,37,28,1,-1,-1,-1
1767,241,980,233,36,29,1,-1,-1,-1
1768,241,979,233,36,29,1,-1,-1,-1
1769,241,976,233,39,29,1,-1,-1,-1
1770,241,976,234,37,29,1,-1,-1,-1
1771,241,973,234,39,29,1,-1,-1,-1
1772,241,972,235,37,29,1,-1,-1,-1
1773,241,972,236,37,29,1,-1,-1,-1
1774,241,970,236,36,30,1,-1,-1,-1
1775,241,967,235,38,31,1,-1,-1,-1
1776,241,966,234,38,32,1,-1,-1,-1
1777,241,965,234,37,33,1,-1,-1,-1
1778,241,964,236,38,32,1,-1,-1,-1
1779,241,962,236,37,32,1,-1,-1,-1
1780,241,961,236,38,32,1,-1,-1,-1
1781,241,959,237,39,32,1,-1,-1,-1
1782,241,957,237,40,33,1,-1,-1,-1
1783,241,955,240,42,32,1,-1,-1,-1
1784,241,950,238,45,34,1,-1,-1,-1
1785,241,950,237,45,35,1,-1,-1,-1
1786,241,948,238,44,34,1,-1,-1,-1
1787,241,947,239,45,35,1,-1,-1,-1
1788,241,945,241,44,33,1,-1,-1,-1
1789,241,944,241,44,34,1,-1,-1,-1
1790,241,942,241,43,34,1,-1,-1,-1
1791,241,940,240,44,35,1,-1,-1,-1
1792,241,938,239,45,37,1,-1,-1,-1
1793,241,935,240,47,38,1,-1,-1,-1
1794,241,934,242,46,36,1,-1,-1,-1
1795,241,931,243,49,36,1,-1,-1,-1
1796,241,929,244,47,35,1,-1,-1,-1
1797,241,927,243,50,37,1,-1,-1,-1
1798,241,923,243,52,39,1,-1,-1,-1
1799,241,919,243,54,39,1,-1,-1,-1
1800,241,918,244,51,41,1,-1,-1,-1
1801,241,917,244,51,40,1,-1,-1,-1
1802,241,914,244,52,40,1,-1,-1,-1
1803,241,912,244,52,41,1,-1,-1,-1
1804,241,910,246,51,40,1,-1,-1,-1
1805,241,906,246,53,39,1,-1,-1,-1
1806,241,903,246,54,40,1,-1,-1,-1
1807,241,901,246,54,43,1,-1,-1,-1
1808,241,898,246,54,44,1,-1,-1,-1
1809,241,897,247,54,43,1,-1,-1,-1
1810,241,894,248,56,44,1,-1,-1,-1
1811,241,891,248,56,45,1,-1,-1,-1
1812,241,889,248,57,45,1,-1,-1,-1
1813,241,887,249,57,45,1,-1,-1,-1
1814,241,885,251,56,45,1,-1,-1,-1
1815,241,883,251,56,46,1,-1,-1,-1
1816,241,880,250,57,47,1,-1,-1,-1
1817,241,877,252,59,47,1,-1,-1,-1
1818,241,876,252,58,49,1,-1,-1,-1
1819,241,873,254,58,47,1,-1,-1,-1
1820,241,871,254,59,48,1,-1,-1,-1
1821,241,870,255,59,49,1,-1,-1,-1
1822,241,868,256,60,47,1,-1,-1,-1
1823,241,866,258,60,47,1,-1,-1,-1
1824,241,865,261,60,45,1,-1,-1,-1
1825,241,863,261,61,47,1,-1,-1,-1
1826,241,862,261,60,48,1,-1,-1,-1
1827,241,862,261,61,49,1,-1,-1,-1
1828,241,862,262,60,51,1,-1,-1,-1
1829,241,860,262,63,50,1,-1,-1,-1
1830,241,859,262,62,53,1,-1,-1,-1
1831,241,858,264,63,52,1,-1,-1,-1
1832,241,857,265,63,52,1,-1,-1,-1
1833,241,857,265,62,53,1,-1,-1,-1
1834,241,857,266,62,53,1,-1,-1,-1
1835,241,854,266,64,54,1,-1,-1,-1
1836,241,853,267,65,54,1,-1,-1,-1
1837,241,853,267,65,56,1,-1,-1,-1
1838,241,852,269,67,55,1,-1,-1,-1
1839,241,851,270,68,57,1,-1,-1,-1
1840,241,850,270,69,58,1,-1,-1,-1
1841,241,851,271,70,59,1,-1,-1,-1
1842,241,850,271,71,60,1,-1,-1,-1
1843,241,850,273,72,61,1,-1,-1,-1
1844,241,849,273,72,63,1,-1,-1,-1
1845,241,850,273,73,65,1,-1,-1,-1
1846,241,850,274,75,65,1,-1,-1,-1
1847,241,850,276,74,64,1,-1,-1,-1
1848,241,851,276,76,66,1,-1,-1,-1
1849,241,850,279,76,64,1,-1,-1,-1
1850,241,851,278,78,65,1,-1,-1,-1
1851,241,851,278,79,69,1,-1,-1,-1
1852,241,850,279,80,69,1,-1,-1,-1
1853,241,851,280,79,71,1,-1,-1,-1
1854,241,852,280,82,72,1,-1,-1,-1
1855,241,853,278,83,77,1,-1,-1,-1
1856,241,853,281,84,73,1,-1,-1,-1
1857,241,852,284,88,74,1,-1,-1,-1
1858,241,853,282,88,77,1,-1,-1,-1
1859,241,854,285,89,77,1,-1,-1,-1
1860,241,856,285,87,77,1,-1,-1,-1
1861,241,856,288,88,77,1,-1,-1,-1
1862,241,857,288,89,79,1,-1,-1,-1
1863,241,858,288,90,80,1,-1,-1,-1
1864,241,858,290,92,81,1,-1,-1,-1
1865,241,859,291,93,81,1,-1,-1,-1
1866,241,860,294,92,80,1,-1,-1,-1
1867,241,861,295,93,80,1,-1,-1,-1
1868,241,863,296,94,81,1,-1,-1,-1
1869,241,863,296,96,82,1,-1,-1,-1
1870,241,863,295,97,84,1,-1,-1,-1
1871,241,863,298,100,84,1,-1,-1,-1
1872,241,864,299,101,86,1,-1,-1,-1
1873,241,866,299,102,85,1,-1,-1,-1
1874,241,866,300,103,86,1,-1,-1,-1
1875,241,868,302,103,88,1,-1,-1,-1
1876,241,868,302,105,89,1,-1,-1,-1
1877,241,870,301,106,91,1,-1,-1,-1
1878,241,871,303,105,91,1,-1,-1,-1
1879,241,871,303,108,93,1,-1,-1,-1
1880,241,871,304,111,94,1,-1,-1,-1
1881,241,871,305,111,94,1,-1,-1,-1
1882,241,874,305,110,94,1,-1,-1,-1
1883,241,875,305,112,96,1,-1,-1,-1
1884,241,874,305,113,98,1,-1,-1,-1
1885,241,877,308,114,98,1,-1,-1,-1
1886,241,879,310,112,96,1,-1,-1,-1
1887,241,877,309,117,97,1,-1,-1,-1
1888,241,878,311,117,95,1,-1,-1,-1
1889,241,878,312,118,96,1,-1,-1,-1
1890,241,880,313,117,96,1,-1,-1,-1
1891,241,881,311,117,97,1,-1,-1,-1
1892,241,881,311,119,98,1,-1,-1,-1
1893,241,881,313,120,97,1,-1,-1,-1
1894,241,880,313,121,97,1,-1,-1,-1
1895,241,881,314,120,97,1,-1,-1,-1
1896,241,882,314,119,98,1,-1,-1,-1
1897,241,883,315,120,97,1,-1,-1,-1
1898,241,884,314,119,98,1,-1,-1,-1
1899,241,884,314,119,98,1,-1,-1,-1
1900,241,884,314,119,98,1,-1,-1,-1
1901,241,884,314,119,98,1,-1,-1,-1
1902,241,884,314,119,98,1,-1,-1,-1
1903,241,884,314,119,98,1,-1,-1,-1
1904,241,884,314,119,98,1,-1,-1,-1
1905,241,884,314,119,98,1,-1,-1,-1
1906,241,884,315,119,98,1,-1,-1,-1
1907,241,884,315,119,98,1,-1,-1,-1
1908,241,884,315,119,98,1,-1,-1,-1
1909,241,884,315,119,98,1,-1,-1,-1
1910,241,884,315,119,98,1,-1,-1,-1
1911,241,884,315,119,98,1,-1,-1,-1
1912,241,884,315,118,98,1,-1,-1,-1
1913,241,884,315,118,98,1,-1,-1,-1
1914,241,884,315,118,98,1,-1,-1,-1
1915,241,884,315,119,98,1,-1,-1,-1
1916,241,884,315,119,98,1,-1,-1,-1
1917,241,884,314,118,98,1,-1,-1,-1
1918,241,884,314,118,98,1,-1,-1,-1
1919,241,884,314,119,98,1,-1,-1,-1
1920,241,884,314,119,98,1,-1,-1,-1
1921,241,884,314,120,98,1,-1,-1,-1
1922,241,884,314,120,98,1,-1,-1,-1
1923,241,884,314,120,99,1,-1,-1,-1
1924,241,884,314,120,99,1,-1,-1,-1
1925,241,884,314,120,99,1,-1,-1,-1
1926,241,884,314,120,98,1,-1,-1,-1
1927,241,884,314,120,98,1,-1,-1,-1
1928,241,883,314,120,98,1,-1,-1,-1
1929,241,883,314,120,98,1,-1,-1,-1
1930,241,884,314,120,98,1,-1,-1,-1
1931,241,884,314,120,98,1,-1,-1,-1
1932,241,884,314,120,98,1,-1,-1,-1
1933,241,884,314,120,98,1,-1,-1,-1
1934,241,884,314,120,99,1,-1,-1,-1
1935,241,883,314,120,99,1,-1,-1,-1
1936,241,884,314,120,98,1,-1,-1,-1
1937,241,884,314,120,98,1,-1,-1,-1
1938,241,884,314,120,98,1,-1,-1,-1
1939,241,883,314,120,99,1,-1,-1,-1
1940,241,883,314,120,99,1,-1,-1,-1
1941,241,884,314,120,99,1,-1,-1,-1
1942,241,884,314,120,99,1,-1,-1,-1
1943,241,884,313,119,99,1,-1,-1,-1
1944,241,883,313,122,82,1,-1,-1,-1
1945,241,889,313,108,53,1,-1,-1,-1
1946,241,890,312,111,74,1,-1,-1,-1
1947,241,883,313,116,72,1,-1,-1,-1
1948,241,885,314,119,98,1,-1,-1,-1
1949,241,883,313,120,100,1,-1,-1,-1
1950,241,883,313,121,100,1,-1,-1,-1
1951,241,883,313,121,100,1,-1,-1,-1
1952,241,883,313,121,100,1,-1,-1,-1
1953,241,883,313,121,100,1,-1,-1,-1
1954,241,883,313,121,100,1,-1,-1,-1
1955,241,883,313,120,99,1,-1,-1,-1
1732,243,1831,438,89,142,1,-1,-1,-1
1733,243,1773,406,145,161,1,-1,-1,-1
1734,243,1720,392,198,196,1,-1,-1,-1
1735,243,1672,379,248,187,1,-1,-1,-1
1736,243,1630,371,286,174,1,-1,-1,-1
1737,243,1587,361,311,167,1,-1,-1,-1
1738,243,1549,347,294,164,1,-1,-1,-1
1739,243,1514,344,278,151,1,-1,-1,-1
1740,243,1481,336,264,148,1,-1,-1,-1
1741,243,1453,330,249,141,1,-1,-1,-1
1742,243,1424,323,237,138,1,-1,-1,-1
1743,243,1401,318,224,132,1,-1,-1,-1
1744,243,1377,314,211,127,1,-1,-1,-1
1745,243,1355,310,202,122,1,-1,-1,-1
1746,243,1335,305,193,119,1,-1,-1,-1
1747,243,1316,303,183,115,1,-1,-1,-1
1748,243,1299,302,174,109,1,-1,-1,-1
1749,243,1284,297,165,108,1,-1,-1,-1
1750,243,1266,296,163,103,1,-1,-1,-1
1751,243,1254,293,155,100,1,-1,-1,-1
1752,243,1240,290,148,96,1,-1,-1,-1
1753,243,1227,287,145,94,1,-1,-1,-1
1754,243,1216,285,138,92,1,-1,-1,-1
1755,243,1204,282,133,91,1,-1,-1,-1
1756,243,1193,280,130,88,1,-1,-1,-1
1757,243,1184,278,124,86,1,-1,-1,-1
1758,243,1175,276,118,83,1,-1,-1,-1
1759,243,1167,272,121,85,1,-1,-1,-1
1760,243,1160,271,108,80,1,-1,-1,-1
1761,243,1150,270,109,77,1,-1,-1,-1
1762,243,1143,270,105,74,1,-1,-1,-1
1763,243,1139,269,100,72,1,-1,-1,-1
1764,243,1132,270,97,68,1,-1,-1,-1
1765,243,1125,267,95,71,1,-1,-1,-1
1766,243,1123,266,91,68,1,-1,-1,-1
1767,243,1117,263,88,67,1,-1,-1,-1
1768,243,1113,263,85,63,1,-1,-1,-1
1769,243,1105,263,85,61,1,-1,-1,-1
1770,243,1105,262,80,59,1,-1,-1,-1
1771,243,1100,262,79,58,1,-1,-1,-1
1772,243,1097,258,76,60,1,-1,-1,-1
1773,243,1094,259,74,56,1,-1,-1,-1
1774,243,1092,258,70,56,1,-1,-1,-1
1775,243,1087,255,72,55,1,-1,-1,-1
1776,243,1085,253,70,55,1,-1,-1,-1
1777,243,1083,251,68,56,1,-1,-1,-1
1778,243,1082,253,65,52,1,-1,-1,-1
1779,243,1082,253,63,51,1,-1,-1,-1
1780,243,1078,249,63,54,1,-1,-1,-1
1781,243,1080,250,58,51,1,-1,-1,-1
1782,243,1077,249,56,50,1,-1,-1,-1
1783,243,1076,248,58,50,1,-1,-1,-1
1784,243,1075,247,56,51,1,-1,-1,-1
1785,243,1076,247,52,50,1,-1,-1,-1
1786,243,1075,247,52,47,1,-1,-1,-1
1787,243,1075,246,49,47,1,-1,-1,-1
1788,243,1074,246,49,44,1,-1,-1,-1
1789,243,1075,242,48,47,1,-1,-1,-1
1790,243,1075,242,47,46,1,-1,-1,-1
1791,243,1075,243,47,42,1,-1,-1,-1
1792,243,1075,243,47,42,1,-1,-1,-1
1793,243,1075,240,45,43,1,-1,-1,-1
1794,243,1074,239,46,43,1,-1,-1,-1
1795,243,1074,239,46,43,1,-1,-1,-1
1796,243,1074,239,46,42,1,-1,-1,-1
1797,243,1073,238,46,42,1,-1,-1,-1
1798,243,1074,238,44,41,1,-1,-1,-1
1799,243,1074,238,44,40,1,-1,-1,-1
1800,243,1074,238,45,39,1,-1,-1,-1
1801,243,1074,237,43,40,1,-1,-1,-1
1802,243,1074,236,42,40,1,-1,-1,-1
1803,243,1074,236,42,39,1,-1,-1,-1
1804,243,1075,236,42,38,1,-1,-1,-1
1805,243,1075,236,41,38,1,-1,-1,-1
1806,243,1076,235,40,37,1,-1,-1,-1
1807,243,1076,234,40,37,1,-1,-1,-1
1808,243,1076,234,40,37,1,-1,-1,-1
1809,243,1076,233,40,38,1,-1,-1,-1
1810,243,1075,232,40,37,1,-1,-1,-1
1811,243,1076,231,41,38,1,-1,-1,-1
1812,243,1077,230,40,38,1,-1,-1,-1
1813,243,1077,230,40,37,1,-1,-1,-1
1814,243,1077,230,39,36,1,-1,-1,-1
1815,243,1077,229,39,37,1,-1,-1,-1
1816,243,1077,230,39,35,1,-1,-1,-1
1817,243,1077,229,39,35,1,-1,-1,-1
1818,243,1078,228,39,35,1,-1,-1,-1
1819,243,1078,227,39,35,1,-1,-1,-1
1820,243,1078,227,39,35,1,-1,-1,-1
1821,243,1078,227,39,34,1,-1,-1,-1
1822,243,1078,225,40,36,1,-1,-1,-1
1823,243,1078,223,41,37,1,-1,-1,-1
1824,243,1078,222,40,37,1,-1,-1,-1
1825,243,1079,223,40,36,1,-1,-1,-1
1826,243,1080,224,38,34,1,-1,-1,-1
1827,243,1080,225,38,32,1,-1,-1,-1
1828,243,1080,224,40,34,1,-1,-1,-1
1829,243,1080,223,39,33,1,-1,-1,-1
1830,243,1081,223,38,32,1,-1,-1,-1
1831,243,1081,225,37,30,1,-1,-1,-1
1832,243,1083,226,35,29,1,-1,-1,-1
1833,243,1084,224,35,30,1,-1,-1,-1
1834,243,1084,222,36,31,1,-1,-1,-1
1835,243,1085,221,36,32,1,-1,-1,-1
1836,243,1086,219,35,33,1,-1,-1,-1
1837,243,1087,218,35,35,1,-1,-1,-1
1838,243,1087,217,35,36,1,-1,-1,-1
1839,243,1087,218,37,34,1,-1,-1,-1
1840,243,1087,217,39,34,1,-1,-1,-1
1841,243,1087,215,46,36,1,-1,-1,-1
1842,243,1087,216,44,34,1,-1,-1,-1
1843,243,1088,215,41,35,1,-1,-1,-1
1844,243,1088,213,41,36,1,-1,-1,-1
1845,243,1089,213,39,35,1,-1,-1,-1
1846,243,1089,215,35,34,1,-1,-1,-1
1847,243,1090,215,39,33,1,-1,-1,-1
1848,243,1089,215,42,33,1,-1,-1,-1
1849,243,1089,213,44,34,1,-1,-1,-1
1850,243,1089,213,43,34,1,-1,-1,-1
1851,243,1090,215,41,33,1,-1,-1,-1
1852,243,1091,215,38,33,1,-1,-1,-1
1853,243,1092,214,38,33,1,-1,-1,-1
1854,243,1091,213,37,33,1,-1,-1,-1
1855,243,1091,214,37,31,1,-1,-1,-1
1856,243,1090,214,37,30,1,-1,-1,-1
1741,245,856,225,53,26,1,-1,-1,-1
1742,245,857,225,53,26,1,-1,-1,-1
1755,245,860,225,52,27,1,-1,-1,-1
1757,245,860,224,52,27,1,-1,-1,-1
1758,245,861,225,52,27,1,-1,-1,-1
1759,245,861,225,51,27,1,-1,-1,-1
1761,245,861,224,52,27,1,-1,-1,-1
1767,245,860,224,53,27,1,-1,-1,-1
1768,245,860,224,52,27,1,-1,-1,-1
1769,245,860,224,52,27,1,-1,-1,-1
1770,245,859,224,54,27,1,-1,-1,-1
1771,245,859,224,55,27,1,-1,-1,-1
1772,245,859,224,54,27,1,-1,-1,-1
1789,245,866,226,44,25,1,-1,-1,-1
1790,245,866,225,43,25,1,-1,-1,-1
1794,245,866,226,44,25,1,-1,-1,-1
1795,245,866,226,44,25,1,-1,-1,-1
1808,245,861,226,50,26,1,-1,-1,-1
1833,245,859,226,51,25,1,-1,-1,-1
1834,245,858,225,51,25,1,-1,-1,-1
1835,245,859,226,51,25,1,-1,-1,-1
1836,245,857,226,54,25,1,-1,-1,-1
1837,245,857,225,53,25,1,-1,-1,-1
1838,245,855,225,56,25,1,-1,-1,-1
1839,245,860,226,51,25,1,-1,-1,-1
1840,245,861,226,49,25,1,-1,-1,-1
1841,245,860,226,50,25,1,-1,-1,-1
1842,245,861,226,48,25,1,-1,-1,-1
1843,245,864,226,45,25,1,-1,-1,-1
1844,245,864,226,46,25,1,-1,-1,-1
1845,245,863,226,46,25,1,-1,-1,-1
1863,245,864,225,46,25,1,-1,-1,-1
1892,245,858,224,54,26,1,-1,-1,-1
1899,245,860,224,52,27,1,-1,-1,-1
1900,245,860,224,52,27,1,-1,-1,-1
1901,245,860,224,52,26,1,-1,-1,-1
1902,245,860,224,52,26,1,-1,-1,-1
1903,245,860,224,52,26,1,-1,-1,-1
1904,245,856,224,54,26,1,-1,-1,-1
1905,245,856,224,54,26,1,-1,-1,-1
1906,245,856,224,54,26,1,-1,-1,-1
1907,245,856,224,54,26,1,-1,-1,-1
1908,245,856,224,54,26,1,-1,-1,-1
1909,245,861,224,51,26,1,-1,-1,-1
1910,245,861,224,51,26,1,-1,-1,-1
1911,245,862,224,51,26,1,-1,-1,-1
1912,245,861,224,51,26,1,-1,-1,-1
1913,245,861,224,52,26,1,-1,-1,-1
1914,245,861,224,52,26,1,-1,-1,-1
1915,245,861,224,51,26,1,-1,-1,-1
1916,245,862,224,51,26,1,-1,-1,-1
1917,245,861,224,51,26,1,-1,-1,-1
1918,245,858,225,52,26,1,-1,-1,-1
1919,245,862,225,50,27,1,-1,-1,-1
1920,245,862,225,50,27,1,-1,-1,-1
1921,245,862,225,50,27,1,-1,-1,-1
1922,245,863,225,50,27,1,-1,-1,-1
1923,245,857,225,55,26,1,-1,-1,-1
1924,245,858,225,55,26,1,-1,-1,-1
1925,245,862,225,51,26,1,-1,-1,-1
1926,245,855,224,57,26,1,-1,-1,-1
1927,245,856,224,56,26,1,-1,-1,-1
1928,245,855,224,57,26,1,-1,-1,-1
1929,245,855,224,56,26,1,-1,-1,-1
1930,245,854,224,58,27,1,-1,-1,-1
1931,245,854,224,58,27,1,-1,-1,-1
1932,245,855,224,57,26,1,-1,-1,-1
1933,245,863,224,50,27,1,-1,-1,-1
1934,245,861,224,52,28,1,-1,-1,-1
1935,245,862,224,52,27,1,-1,-1,-1
1936,245,861,225,52,27,1,-1,-1,-1
1937,245,861,225,52,27,1,-1,-1,-1
1938,245,861,225,53,27,1,-1,-1,-1
1943,245,860,224,55,26,1,-1,-1,-1
1944,245,859,224,56,26,1,-1,-1,-1
1946,245,866,226,47,25,1,-1,-1,-1
1947,245,866,226,47,26,1,-1,-1,-1
1948,245,859,225,52,26,1,-1,-1,-1
1949,245,860,225,51,26,1,-1,-1,-1
1755,246,1347,245,61,36,1,-1,-1,-1
1756,246,1346,246,62,36,1,-1,-1,-1
1757,246,1347,246,62,35,1,-1,-1,-1
1758,246,1347,245,62,34,1,-1,-1,-1
1759,246,1347,245,62,34,1,-1,-1,-1
1760,246,1347,246,61,37,1,-1,-1,-1
1761,246,1348,246,61,36,1,-1,-1,-1
1762,246,1348,246,60,34,1,-1,-1,-1
1763,246,1348,246,60,34,1,-1,-1,-1
1764,246,1348,246,60,34,1,-1,-1,-1
1765,246,1348,246,60,33,1,-1,-1,-1
1766,246,1347,246,61,33,1,-1,-1,-1
1767,246,1347,246,61,33,1,-1,-1,-1
1768,246,1308,241,96,35,1,-1,-1,-1
1769,246,1348,245,60,31,1,-1,-1,-1
1770,246,1348,246,59,33,1,-1,-1,-1
1771,246,1348,246,58,33,1,-1,-1,-1
1772,246,1348,246,59,33,1,-1,-1,-1
1778,246,1347,246,61,31,1,-1,-1,-1
1789,246,1348,246,61,31,1,-1,-1,-1
1790,246,1348,246,61,31,1,-1,-1,-1
1791,246,1348,246,61,31,1,-1,-1,-1
1792,246,1347,246,61,32,1,-1,-1,-1
1793,246,1347,245,62,34,1,-1,-1,-1
1794,246,1346,245,64,33,1,-1,-1,-1
1795,246,1347,245,63,34,1,-1,-1,-1
1796,246,1347,245,63,34,1,-1,-1,-1
1797,246,1346,245,64,34,1,-1,-1,-1
1798,246,1347,245,62,35,1,-1,-1,-1
1809,246,1347,245,60,32,1,-1,-1,-1
1810,246,1347,245,60,32,1,-1,-1,-1
1811,246,1348,245,60,32,1,-1,-1,-1
1812,246,1347,246,59,32,1,-1,-1,-1
1813,246,1348,247,60,30,1,-1,-1,-1
1814,246,1348,247,59,30,1,-1,-1,-1
1815,246,1348,247,59,30,1,-1,-1,-1
1816,246,1348,247,60,30,1,-1,-1,-1
1825,246,1346,247,61,32,1,-1,-1,-1
1826,246,1347,247,60,33,1,-1,-1,-1
1827,246,1347,247,60,34,1,-1,-1,-1
1828,246,1346,247,60,34,1,-1,-1,-1
1829,246,1347,246,60,35,1,-1,-1,-1
1830,246,1347,246,60,35,1,-1,-1,-1
1831,246,1347,246,60,35,1,-1,-1,-1
1839,246,1347,247,60,36,1,-1,-1,-1
1840,246,1347,247,60,34,1,-1,-1,-1
1847,246,1347,248,59,35,1,-1,-1,-1
1848,246,1347,247,59,34,1,-1,-1,-1
1853,246,1311,241,90,36,1,-1,-1,-1
1855,246,1348,247,60,33,1,-1,-1,-1
1856,246,1348,247,59,32,1,-1,-1,-1
1857,246,1348,247,58,33,1,-1,-1,-1
1859,246,1348,246,58,32,1,-1,-1,-1
1860,246,1348,246,58,33,1,-1,-1,-1
1862,246,1348,247,61,34,1,-1,-1,-1
1863,246,1348,247,62,34,1,-1,-1,-1
1864,246,1347,247,62,35,1,-1,-1,-1
1865,246,1347,247,61,35,1,-1,-1,-1
1866,246,1347,247,62,35,1,-1,-1,-1
1867,246,1346,246,62,34,1,-1,-1,-1
1868,246,1346,247,61,35,1,-1,-1,-1
1817,248,0,483,64,98,1,-1,-1,-1
1818,248,0,477,103,116,1,-1,-1,-1
1819,248,0,457,139,134,1,-1,-1,-1
1820,248,1,443,177,147,1,-1,-1,-1
1821,248,0,438,217,151,1,-1,-1,-1
1822,248,0,433,259,155,1,-1,-1,-1
1823,248,0,431,301,160,1,-1,-1,-1
1824,248,1,431,343,160,1,-1,-1,-1
1825,248,5,428,384,162,1,-1,-1,-1
1826,248,49,426,384,162,1,-1,-1,-1
1827,248,96,424,383,162,1,-1,-1,-1
1828,248,142,423,384,161,1,-1,-1,-1
1829,248,190,421,391,159,1,-1,-1,-1
1830,248,235,417,398,163,1,-1,-1,-1
1831,248,285,413,396,165,1,-1,-1,-1
1832,248,340,409,391,160,1,-1,-1,-1
1833,248,390,407,392,160,1,-1,-1,-1
1834,248,442,405,390,158,1,-1,-1,-1
1835,248,494,398,385,160,1,-1,-1,-1
1836,248,545,395,382,160,1,-1,-1,-1
1837,248,599,393,374,156,1,-1,-1,-1
1838,248,652,386,365,158,1,-1,-1,-1
1839,248,702,384,359,156,1,-1,-1,-1
1840,248,752,384,349,150,1,-1,-1,-1
1841,248,802,378,338,150,1,-1,-1,-1
1842,248,849,377,328,144,1,-1,-1,-1
1843,248,894,373,316,143,1,-1,-1,-1
1844,248,937,366,305,145,1,-1,-1,-1
1845,248,979,363,289,142,1,-1,-1,-1
1846,248,1019,364,274,135,1,-1,-1,-1
1847,248,1055,361,258,133,1,-1,-1,-1
1848,248,1088,354,245,133,1,-1,-1,-1
1849,248,1119,352,230,129,1,-1,-1,-1
1850,248,1148,349,213,125,1,-1,-1,-1
1851,248,1170,342,200,127,1,-1,-1,-1
1852,248,1192,340,187,125,1,-1,-1,-1
1853,248,1211,339,174,120,1,-1,-1,-1
1854,248,1229,339,157,112,1,-1,-1,-1
1855,248,1242,335,146,111,1,-1,-1,-1
1856,248,1251,333,136,109,1,-1,-1,-1
1857,248,1259,331,128,106,1,-1,-1,-1
1858,248,1266,330,119,104,1,-1,-1,-1
1859,248,1267,329,114,101,1,-1,-1,-1
1860,248,1267,327,112,97,1,-1,-1,-1
1861,248,1263,321,114,98,1,-1,-1,-1
1862,248,1258,319,114,96,1,-1,-1,-1
1863,248,1250,315,116,94,1,-1,-1,-1
1864,248,1245,312,117,93,1,-1,-1,-1
1865,248,1240,311,116,91,1,-1,-1,-1
1866,248,1234,308,114,91,1,-1,-1,-1
1867,248,1224,307,117,87,1,-1,-1,-1
1868,248,1218,306,115,85,1,-1,-1,-1
1869,248,1212,303,113,85,1,-1,-1,-1
1870,248,1214,301,103,83,1,-1,-1,-1
1871,248,1197,299,111,82,1,-1,-1,-1
1872,248,1192,298,107,80,1,-1,-1,-1
1873,248,1197,296,94,78,1,-1,-1,-1
1874,248,1181,293,105,79,1,-1,-1,-1
1875,248,1172,293,105,76,1,-1,-1,-1
1876,248,1168,293,99,75,1,-1,-1,-1
1877,248,1173,292,88,73,1,-1,-1,-1
1878,248,1164,290,89,73,1,-1,-1,-1
1879,248,1159,288,87,71,1,-1,-1,-1
1880,248,1155,286,86,69,1,-1,-1,-1
1881,248,1148,285,86,68,1,-1,-1,-1
1882,248,1142,281,85,69,1,-1,-1,-1
1883,248,1137,279,84,68,1,-1,-1,-1
1884,248,1133,277,82,66,1,-1,-1,-1
1885,248,1128,277,82,65,1,-1,-1,-1
1886,248,1126,277,77,62,1,-1,-1,-1
1887,248,1122,274,77,63,1,-1,-1,-1
1888,248,1119,273,74,63,1,-1,-1,-1
1889,248,1116,273,72,61,1,-1,-1,-1
1890,248,1113,272,71,58,1,-1,-1,-1
1891,248,1111,270,69,60,1,-1,-1,-1
1892,248,1107,270,70,57,1,-1,-1,-1
1893,248,1105,269,69,56,1,-1,-1,-1
1894,248,1105,268,66,55,1,-1,-1,-1
1895,248,1103,268,65,54,1,-1,-1,-1
1896,248,1102,268,62,52,1,-1,-1,-1
1897,248,1100,266,62,52,1,-1,-1,-1
1898,248,1100,266,58,50,1,-1,-1,-1
1899,248,1098,265,59,49,1,-1,-1,-1
1900,248,1096,265,58,45,1,-1,-1,-1
1901,248,1097,263,56,47,1,-1,-1,-1
1902,248,1095,260,56,48,1,-1,-1,-1
1903,248,1095,259,54,48,1,-1,-1,-1
1904,248,1093,257,53,48,1,-1,-1,-1
1905,248,1091,256,53,48,1,-1,-1,-1
1906,248,1090,255,52,47,1,-1,-1,-1
1907,248,1089,257,52,43,1,-1,-1,-1
1908,248,1088,255,50,46,1,-1,-1,-1
1909,248,1087,247,49,51,1,-1,-1,-1
1910,248,1087,244,48,52,1,-1,-1,-1
1911,248,1085,246,49,48,1,-1,-1,-1
1912,248,1086,246,46,48,1,-1,-1,-1
1914,248,1084,243,46,49,1,-1,-1,-1
1915,248,1085,246,44,45,1,-1,-1,-1
1916,248,1084,243,45,47,1,-1,-1,-1
1917,248,1084,240,44,49,1,-1,-1,-1
1918,248,1084,240,44,47,1,-1,-1,-1
1919,248,1084,243,43,43,1,-1,-1,-1
1920,248,1084,245,42,41,1,-1,-1,-1
1921,248,1083,244,42,40,1,-1,-1,-1
1922,248,1083,241,43,42,1,-1,-1,-1
1923,248,1084,239,43,44,1,-1,-1,-1
1924,248,1083,242,43,40,1,-1,-1,-1
1925,248,1083,242,43,38,1,-1,-1,-1
1926,248,1084,240,41,39,1,-1,-1,-1
1927,248,1084,239,42,40,1,-1,-1,-1
1928,248,1087,238,38,37,1,-1,-1,-1
1930,251,1853,382,66,104,1,-1,-1,-1
1931,251,1803,363,116,127,1,-1,-1,-1
1932,251,1750,349,168,139,1,-1,-1,-1
1933,251,1692,346,227,143,1,-1,-1,-1
1934,251,1629,348,289,142,1,-1,-1,-1
1935,251,1565,348,353,142,1,-1,-1,-1
1936,251,1494,345,418,147,1,-1,-1,-1
1937,251,1425,345,419,147,1,-1,-1,-1
1938,251,1350,345,427,147,1,-1,-1,-1
1939,251,1275,343,427,149,1,-1,-1,-1
1940,251,1192,345,431,147,1,-1,-1,-1
1941,251,1110,343,433,151,1,-1,-1,-1
1942,251,1025,345,436,149,1,-1,-1,-1
1943,251,940,348,437,147,1,-1,-1,-1
1944,251,847,348,440,151,1,-1,-1,-1
1945,251,763,347,434,153,1,-1,-1,-1
1946,251,670,347,433,155,1,-1,-1,-1
1947,251,577,352,431,153,1,-1,-1,-1
1948,251,483,356,429,149,1,-1,-1,-1
1949,251,387,357,427,152,1,-1,-1,-1
1950,251,294,360,423,151,1,-1,-1,-1
1951,251,198,362,418,150,1,-1,-1,-1
1952,251,104,367,413,147,1,-1,-1,-1
1953,251,10,368,407,149,1,-1,-1,-1
1954,251,0,371,315,143,1,-1,-1,-1
1955,251,0,374,213,142,1,-1,-1,-1
1941,253,1848,381,71,71,1,-1,-1,-1
1942,253,1805,362,113,93,1,-1,-1,-1
1943,253,1759,358,160,98,1,-1,-1,-1
1944,253,1710,355,208,101,1,-1,-1,-1
1945,253,1659,356,260,101,1,-1,-1,-1
1946,253,1608,356,301,102,1,-1,-1,-1
1947,253,1555,356,302,102,1,-1,-1,-1
1948,253,1494,354,311,102,1,-1,-1,-1
1949,253,1437,353,311,103,1,-1,-1,-1
1950,253,1376,353,309,103,1,-1,-1,-1
1951,253,1313,352,314,104,1,-1,-1,-1
1952,253,1245,353,321,104,1,-1,-1,-1
1953,253,1180,353,317,104,1,-1,-1,-1
1954,253,1109,353,322,104,1,-1,-1,-1
1955,253,1039,355,320,104,1,-1,-1,-1
1949,255,0,579,36,126,1,-1,-1,-1
1950,255,0,575,57,137,1,-1,-1,-1
1951,255,0,567,81,151,1,-1,-1,-1
1952,255,0,565,111,173,1,-1,-1,-1
1953,255,0,562,145,195,1,-1,-1,-1
1954,255,0,539,180,220,1,-1,-1,-1
1955,255,1,520,222,238,1,-1,-1,-1
