frame,bbox_topleft_x,bbox_topleft_y,bbox_width,bbox_height,track_id,color,type,speed
1600,1295,97,80,48,10,3,0,57
1601,1280,94,95,51,10,3,0,57
1602,1262,94,113,51,10,3,0,57
1603,1246,94,128,52,10,3,0,57
1604,1229,95,147,51,10,3,0,57
1605,1209,93,163,53,10,3,0,58
1606,1190,92,148,55,10,3,0,58
1607,1169,93,152,55,10,3,0,56
1608,1149,93,149,54,10,3,0,51
1609,1127,94,156,53,10,3,0,48
1610,1105,94,159,54,10,3,0,45
1611,1081,94,158,53,10,3,0,42
1612,1057,94,161,53,10,3,0,41
1613,1032,94,160,54,10,3,0,41
1614,1007,93,160,56,10,3,0,41
1615,981,93,159,55,10,3,0,41
1616,953,93,162,54,10,3,0,44
1617,927,94,161,54,10,3,0,49
1618,902,94,157,56,10,3,0,53
1619,871,96,160,55,10,3,0,55
1620,840,96,161,55,10,3,0,57
1621,833,96,137,55,10,3,0,59
1622,774,97,165,54,10,3,0,58
1623,753,96,154,55,10,3,0,57
1624,753,94,123,56,10,3,0,55
1904,1315,100,60,46,13,9,0,28
1905,1285,95,89,50,13,9,0,28
1906,1276,94,98,52,13,9,0,28
1907,1258,94,117,53,13,9,0,28
1908,1244,96,131,52,13,9,0,28
1909,1226,93,148,54,13,9,0,28
1910,1209,94,165,54,13,9,0,28
1911,1194,92,180,55,13,9,0,27
1912,1178,93,163,55,13,9,0,27
1913,1158,93,151,54,13,9,0,26
1914,1134,94,167,53,13,9,0,26
1915,1113,94,177,53,13,9,0,27
1916,1095,93,176,54,13,9,0,29
1917,1074,94,177,54,13,9,0,31
1918,1053,93,177,54,13,9,0,32
1919,1032,93,177,54,13,9,0,35
1920,1010,93,178,55,13,9,0,38
1921,988,93,178,55,13,9,0,40
1922,966,93,178,55,13,9,0,42
1923,943,94,178,56,13,9,0,46
1924,920,93,179,57,13,9,0,48
1925,896,95,180,56,13,9,0,50
1926,873,94,178,56,13,9,0,51
1927,847,96,179,56,13,9,0,51
1928,828,97,172,55,13,9,0,50
1929,828,96,147,55,13,9,0,46
1930,830,97,119,54,13,9,0,43
1931,754,95,168,56,13,9,0,37
1932,754,94,141,56,13,9,0,36
1933,753,92,114,57,13,9,0,33
0,928,78,69,54,15,3,0,13
1,929,78,70,54,15,3,0,17
2,930,78,70,54,15,3,0,19
3,930,79,70,54,15,3,0,22
4,930,79,71,54,15,3,0,21
5,931,79,71,54,15,3,0,21
6,932,79,71,54,15,3,0,22
7,932,80,71,54,15,3,0,22
8,933,80,70,54,15,3,0,23
9,934,81,70,54,15,3,0,25
10,934,82,70,54,15,3,0,30
11,935,82,70,54,15,3,0,33
12,935,83,70,54,15,3,0,37
13,936,83,70,54,15,3,0,38
14,936,84,71,54,15,3,0,38
15,937,85,70,54,15,3,0,37
16,937,85,71,54,15,3,0,35
17,938,86,70,54,15,3,0,34
18,939,87,69,54,15,3,0,32
19,940,87,70,54,15,3,0,31
20,940,87,70,55,15,3,0,32
21,941,88,70,55,15,3,0,34
22,942,89,69,55,15,3,0,34
23,943,89,70,55,15,3,0,32
24,944,91,70,54,15,3,0,33
25,945,91,71,54,15,3,0,33
26,945,92,72,55,15,3,0,34
27,945,93,72,54,15,3,0,31
28,945,93,72,54,15,3,0,31
29,946,94,73,54,15,3,0,30
30,947,95,72,54,15,3,0,29
31,948,95,72,54,15,3,0,27
32,948,96,73,54,15,3,0,25
33,948,97,73,54,15,3,0,25
34,948,97,74,54,15,3,0,23
35,948,97,74,54,15,3,0,21
36,949,97,74,54,15,3,0,19
37,949,97,74,54,15,3,0,17
38,950,97,74,55,15,3,0,16
39,949,98,75,55,15,3,0,16
40,949,98,76,55,15,3,0,18
41,950,98,75,56,15,3,0,19
42,949,99,76,55,15,3,0,22
43,951,99,74,55,15,3,0,23
44,951,100,74,56,15,3,0,24
45,951,100,74,56,15,3,0,24
46,951,100,75,56,15,3,0,25
47,952,101,76,57,15,3,0,27
48,952,101,76,57,15,3,0,28
49,952,102,77,57,15,3,0,30
50,952,103,77,57,15,3,0,32
51,953,103,78,58,15,3,0,33
52,954,104,78,58,15,3,0,35
53,955,104,78,59,15,3,0,35
54,956,104,78,59,15,3,0,35
55,957,105,78,60,15,3,0,35
56,956,106,80,59,15,3,0,34
57,957,107,80,59,15,3,0,35
58,957,107,81,60,15,3,0,36
59,958,108,80,61,15,3,0,38
60,960,110,79,60,15,3,0,39
61,960,111,80,60,15,3,0,39
62,960,111,81,61,15,3,0,39
63,960,112,82,61,15,3,0,38
64,959,112,84,61,15,3,0,36
65,960,113,84,62,15,3,0,35
66,960,113,85,63,15,3,0,34
67,960,114,85,62,15,3,0,33
68,960,115,86,63,15,3,0,35
69,959,116,87,63,15,3,0,35
70,959,117,87,63,15,3,0,37
71,959,117,87,64,15,3,0,38
72,960,118,86,65,15,3,0,40
73,960,119,87,65,15,3,0,41
74,961,120,86,65,15,3,0,41
75,960,121,87,66,15,3,0,42
76,960,122,87,66,15,3,0,43
77,960,123,88,66,15,3,0,44
78,959,124,88,67,15,3,0,45
79,958,125,89,68,15,3,0,47
80,956,126,90,68,15,3,0,48
81,955,127,92,70,15,3,0,48
82,954,127,93,70,15,3,0,48
83,952,126,94,72,15,3,0,47
84,952,126,94,74,15,3,0,47
85,951,130,94,72,15,3,0,45
86,951,131,94,73,15,3,0,45
87,950,129,95,76,15,3,0,46
88,950,131,95,76,15,3,0,47
89,948,134,97,75,15,3,0,47
90,947,136,99,74,15,3,0,45
91,947,138,98,74,15,3,0,45
92,946,139,100,75,15,3,0,46
93,946,141,100,75,15,3,0,47
94,945,142,101,76,15,3,0,49
95,945,144,101,77,15,3,0,50
96,944,145,102,77,15,3,0,52
97,945,147,101,78,15,3,0,53
98,944,149,102,78,15,3,0,53
99,944,151,103,78,15,3,0,53
100,943,152,103,80,15,3,0,54
101,941,152,106,83,15,3,0,54
102,939,155,107,82,15,3,0,54
103,937,157,109,82,15,3,0,54
104,936,158,109,83,15,3,0,54
105,935,161,110,84,15,3,0,53
106,934,162,111,85,15,3,0,52
107,932,163,112,85,15,3,0,51
108,930,165,112,87,15,3,0,52
109,929,166,113,88,15,3,0,51
110,927,168,113,88,15,3,0,50
111,924,170,116,89,15,3,0,50
112,923,172,116,89,15,3,0,50
113,920,174,118,90,15,3,0,50
114,918,176,118,91,15,3,0,50
115,916,178,120,92,15,3,0,50
116,914,180,121,92,15,3,0,50
117,913,182,121,93,15,3,0,50
118,912,183,122,95,15,3,0,50
119,909,184,123,97,15,3,0,51
120,907,187,125,98,15,3,0,52
121,907,190,125,99,15,3,0,53
122,903,193,128,100,15,3,0,55
123,902,195,129,101,15,3,0,55
124,901,198,130,102,15,3,0,56
125,899,200,133,104,15,3,0,57
126,898,203,133,105,15,3,0,57
127,897,207,134,105,15,3,0,57
128,897,210,135,106,15,3,0,57
129,896,213,137,108,15,3,0,58
130,895,216,138,109,15,3,0,57
131,892,219,141,110,15,3,0,57
132,890,221,143,112,15,3,0,57
133,889,223,144,115,15,3,0,57
134,889,228,145,116,15,3,0,57
135,887,231,148,117,15,3,0,57
136,885,235,150,119,15,3,0,58
137,884,239,151,120,15,3,0,59
138,882,244,152,121,15,3,0,59
139,880,247,156,124,15,3,0,59
140,879,251,157,126,15,3,0,59
141,876,256,160,127,15,3,0,59
142,874,260,162,128,15,3,0,59
143,872,265,163,130,15,3,0,59
144,871,269,166,132,15,3,0,59
145,868,273,168,135,15,3,0,59
146,867,279,171,136,15,3,0,59
147,865,284,173,139,15,3,0,60
148,864,291,174,140,15,3,0,60
149,860,296,178,143,15,3,0,61
150,857,302,181,145,15,3,0,61
151,856,307,182,148,15,3,0,61
152,850,314,187,149,15,3,0,61
153,848,320,189,153,15,3,0,60
154,845,327,191,155,15,3,0,60
155,842,333,193,158,15,3,0,60
156,837,341,197,160,15,3,0,60
157,832,349,200,162,15,3,0,60
158,826,355,205,166,15,3,0,60
159,821,362,207,170,15,3,0,60
160,815,370,210,174,15,3,0,59
161,808,378,215,176,15,3,0,59
162,799,388,219,179,15,3,0,59
163,791,397,223,182,15,3,0,59
164,783,406,225,187,15,3,0,59
165,773,416,233,189,15,3,0,58
166,763,425,236,194,15,3,0,58
167,752,435,241,198,15,3,0,57
168,743,446,244,200,15,3,0,56
169,733,455,248,206,15,3,0,55
170,719,465,256,210,15,3,0,54
171,706,477,262,214,15,3,0,54
172,693,489,267,218,15,3,0,53
173,679,502,274,222,15,3,0,53
174,664,513,279,228,15,3,0,52
175,648,525,286,234,15,3,0,52
176,630,538,294,240,15,3,0,52
177,612,551,300,248,15,3,0,53
178,591,563,310,261,15,3,0,54
179,570,579,318,271,15,3,0,55
180,544,600,330,277,15,3,0,55
181,519,618,339,283,15,3,0,55
182,488,639,352,287,15,3,0,55
183,453,655,367,298,15,3,0,54
184,417,676,382,308,15,3,0,53
185,377,693,396,321,15,3,0,52
186,333,712,414,335,15,3,0,51
187,284,739,433,336,15,3,0,50
188,228,760,453,314,15,3,0,50
189,166,787,476,289,15,3,0,49
190,103,812,497,263,15,3,0,47
191,45,845,514,231,15,3,0,46
192,0,879,502,197,15,3,0,44
193,0,912,438,165,15,3,0,43
194,0,946,374,132,15,3,0,43
195,1,983,278,94,15,3,0,43
196,0,1021,177,57,15,3,0,43
143,911,65,72,67,27,9,4,52
144,912,65,72,68,27,9,4,46
145,912,66,71,68,27,9,4,40
146,912,66,72,68,27,9,4,28
147,912,66,75,68,27,9,4,20
148,913,65,82,69,27,9,4,13
149,913,65,81,69,27,9,4,10
150,913,66,81,69,27,9,4,8
151,913,66,81,69,27,9,4,5
152,913,66,81,69,27,9,4,5
153,913,66,81,68,27,9,4,7
154,913,66,81,68,27,9,4,7
155,913,66,81,69,27,9,4,6
156,913,66,81,69,27,9,4,3
157,913,66,81,68,27,9,4,3
158,914,66,81,68,27,9,4,3
159,914,67,82,68,27,9,4,3
160,914,67,82,68,27,9,4,3
161,915,67,83,68,27,9,4,4
162,914,67,85,68,27,9,4,7
163,917,67,83,68,27,9,4,10
164,918,68,84,68,27,9,4,11
165,918,68,84,68,27,9,4,13
166,919,68,87,68,27,9,4,16
167,919,69,89,68,27,9,4,19
168,920,70,92,67,27,9,4,19
169,922,70,95,68,27,9,4,20
170,924,70,98,68,27,9,4,20
171,925,71,103,68,27,9,4,21
172,928,72,108,67,27,9,4,21
173,930,71,113,69,27,9,4,20
174,933,71,119,69,27,9,4,21
175,937,72,125,69,27,9,4,22
176,942,72,130,69,27,9,4,24
177,948,74,136,68,27,9,4,25
178,955,74,141,68,27,9,4,25
179,961,75,145,68,27,9,4,25
180,970,74,151,68,27,9,4,25
181,980,74,155,69,27,9,4,24
182,989,76,160,68,27,9,4,23
183,1000,77,164,67,27,9,4,21
184,1012,77,167,67,27,9,4,21
185,1025,78,171,67,27,9,4,20
186,1039,78,171,67,27,9,4,20
187,1054,79,173,66,27,9,4,19
188,1068,79,178,67,27,9,4,19
189,1084,79,180,68,27,9,4,20
190,1101,80,179,67,27,9,4,21
191,1119,80,178,66,27,9,4,23
192,1137,80,178,66,27,9,4,25
193,1156,81,183,65,27,9,4,26
194,1175,83,184,63,27,9,4,27
195,1197,83,178,64,27,9,4,27
196,1216,84,158,63,27,9,4,26
197,1238,84,136,63,27,9,4,25
198,1259,86,115,60,27,9,4,24
199,1280,93,94,51,27,9,4,24
200,1283,99,92,46,27,9,4,23
90,1280,84,95,61,33,3,5,50
91,1264,79,111,66,33,3,5,50
92,1247,76,127,70,33,3,5,50
93,1227,75,147,72,33,3,5,50
94,1203,73,172,73,33,3,5,50
95,1183,74,191,73,33,3,5,50
96,1160,75,210,72,33,3,5,49
97,1137,75,203,72,33,3,5,49
98,1115,75,199,73,33,3,5,48
99,1089,76,204,72,33,3,5,47
100,1064,76,204,72,33,3,5,44
101,1039,74,207,74,33,3,5,43
102,1016,75,205,73,33,3,5,43
103,990,76,205,73,33,3,5,44
104,967,76,203,74,33,3,5,46
105,938,76,206,74,33,3,5,49
106,912,76,208,75,33,3,5,54
107,885,77,206,75,33,3,5,57
108,856,78,208,74,33,3,5,57
109,832,77,205,74,33,3,5,55
110,802,77,204,74,33,3,5,53
111,768,77,205,75,33,3,5,50
112,751,77,197,74,33,3,5,45
113,750,77,166,74,33,3,5,41
114,726,74,158,76,33,3,5,38
115,699,73,155,76,33,3,5,38
862,868,3,67,54,43,6,4,104
863,869,4,67,54,43,6,4,104
864,870,5,67,54,43,6,4,103
865,871,5,67,54,43,6,4,108
866,872,6,67,54,43,6,4,116
867,872,8,69,54,43,6,4,127
868,872,9,69,54,43,6,4,128
869,873,10,70,54,43,6,4,131
870,873,10,72,54,43,6,4,138
871,874,11,72,55,43,6,4,151
872,875,12,71,56,43,6,4,157
873,876,13,71,56,43,6,4,156
874,878,13,71,58,43,6,4,156
875,881,13,68,58,43,6,4,156
876,882,15,69,59,43,6,4,157
877,884,15,67,59,43,6,4,156
878,884,17,69,59,43,6,4,152
879,882,17,72,60,43,6,4,149
880,884,18,72,60,43,6,4,143
881,884,19,73,60,43,6,4,139
882,885,20,73,61,43,6,4,135
883,888,21,70,60,43,6,4,133
884,889,23,71,61,43,6,4,128
885,890,24,71,60,43,6,4,124
886,890,24,72,61,43,6,4,115
887,890,26,73,60,43,6,4,109
888,892,27,72,60,43,6,4,99
889,892,27,73,60,43,6,4,93
890,892,28,73,61,43,6,4,90
891,893,28,74,62,43,6,4,88
892,894,30,73,61,43,6,4,87
893,895,30,73,62,43,6,4,73
894,896,32,73,60,43,6,4,67
895,898,33,72,53,43,6,4,70
896,898,33,73,48,43,6,4,83
897,899,35,73,48,43,6,4,87
898,900,36,73,59,43,6,4,87
899,900,37,73,60,43,6,4,91
900,900,38,73,61,43,6,4,98
901,900,39,74,62,43,6,4,102
902,901,39,74,63,43,6,4,106
903,902,41,75,63,43,6,4,109
904,902,43,75,62,43,6,4,109
905,903,43,75,63,43,6,4,102
906,903,43,75,64,43,6,4,98
907,904,43,76,65,43,6,4,93
908,904,44,77,66,43,6,4,90
909,904,45,77,66,43,6,4,85
910,904,46,77,66,43,6,4,81
911,905,48,77,65,43,6,4,78
912,906,49,75,65,43,6,4,73
913,907,50,75,64,43,6,4,69
914,906,50,76,65,43,6,4,64
915,907,51,76,66,43,6,4,61
916,907,51,76,66,43,6,4,56
917,908,52,76,66,43,6,4,55
918,908,53,76,65,43,6,4,55
919,909,54,76,66,43,6,4,53
920,909,55,77,66,43,6,4,52
921,909,55,78,66,43,6,4,49
922,910,56,80,66,43,6,4,50
923,910,56,78,67,43,6,4,47
924,910,57,79,67,43,6,4,44
925,910,57,80,67,43,6,4,41
926,910,56,80,68,43,6,4,39
927,911,57,80,68,43,6,4,40
928,912,58,80,68,43,6,4,38
929,912,60,80,67,43,6,4,36
930,913,61,79,66,43,6,4,34
931,914,61,79,66,43,6,4,33
932,914,62,79,66,43,6,4,31
933,914,63,80,65,43,6,4,28
934,914,63,80,65,43,6,4,24
935,915,63,79,65,43,6,4,24
936,914,63,80,65,43,6,4,24
937,914,64,81,66,43,6,4,24
938,915,64,81,66,43,6,4,23
939,915,64,81,66,43,6,4,21
940,916,64,80,66,43,6,4,21
941,916,64,80,66,43,6,4,20
942,916,65,80,66,43,6,4,19
943,917,65,80,66,43,6,4,18
944,917,65,80,66,43,6,4,19
945,917,66,80,66,43,6,4,21
946,918,66,81,66,43,6,4,23
947,918,66,81,66,43,6,4,25
948,919,67,80,66,43,6,4,28
949,919,67,80,67,43,6,4,28
950,919,67,81,67,43,6,4,29
951,919,68,81,67,43,6,4,28
952,920,69,81,66,43,6,4,29
953,921,69,81,67,43,6,4,29
954,921,70,81,67,43,6,4,28
955,922,71,81,66,43,6,4,30
956,922,71,82,66,43,6,4,31
957,922,72,82,67,43,6,4,34
958,922,72,82,67,43,6,4,35
959,924,72,81,68,43,6,4,36
960,924,72,82,69,43,6,4,35
961,925,72,82,69,43,6,4,33
962,926,73,81,69,43,6,4,30
963,927,73,81,69,43,6,4,28
964,927,74,81,68,43,6,4,26
965,928,76,81,68,43,6,4,24
966,928,76,82,68,43,6,4,22
967,928,76,82,68,43,6,4,23
968,929,76,82,68,43,6,4,25
969,930,79,83,67,43,6,4,27
970,930,78,84,68,43,6,4,28
971,931,79,83,68,43,6,4,30
972,931,80,84,68,43,6,4,34
973,931,80,85,68,43,6,4,33
974,932,81,85,68,43,6,4,33
975,933,81,85,69,43,6,4,29
976,933,83,85,67,43,6,4,26
977,934,83,84,67,43,6,4,23
978,934,84,86,67,43,6,4,20
979,935,84,86,67,43,6,4,17
980,935,85,86,66,43,6,4,15
981,936,85,86,66,43,6,4,13
982,937,85,86,67,43,6,4,12
983,937,85,85,67,43,6,4,11
984,938,85,86,67,43,6,4,11
985,938,85,87,68,43,6,4,13
986,938,85,86,68,43,6,4,14
987,938,85,86,69,43,6,4,15
988,938,85,87,68,43,6,4,16
989,938,85,87,69,43,6,4,19
990,939,85,87,69,43,6,4,21
991,939,86,88,70,43,6,4,23
992,939,86,88,70,43,6,4,24
993,939,86,89,71,43,6,4,25
994,939,86,89,71,43,6,4,26
995,938,86,91,71,43,6,4,27
996,938,86,90,73,43,6,4,27
997,937,86,90,73,43,6,4,27
998,937,87,91,73,43,6,4,28
999,936,87,91,74,43,6,4,30
1000,936,87,92,74,43,6,4,30
1001,937,88,92,74,43,6,4,29
1002,936,88,92,75,43,6,4,28
1003,936,89,93,74,43,6,4,26
1004,937,90,93,74,43,6,4,26
1005,937,89,93,75,43,6,4,24
1006,937,90,93,75,43,6,4,25
1007,937,92,94,74,43,6,4,26
1008,937,93,94,74,43,6,4,29
1009,937,93,95,75,43,6,4,31
1010,938,94,94,75,43,6,4,31
1011,939,94,95,75,43,6,4,32
1012,939,94,95,77,43,6,4,33
1013,940,95,95,77,43,6,4,32
1014,940,96,96,77,43,6,4,32
1015,941,96,96,77,43,6,4,32
1016,942,97,96,77,43,6,4,32
1017,943,98,96,77,43,6,4,33
1018,944,99,96,77,43,6,4,33
1019,945,98,97,79,43,6,4,33
1020,946,100,98,78,43,6,4,33
1021,947,100,98,79,43,6,4,33
1022,947,101,99,79,43,6,4,33
1023,948,102,99,79,43,6,4,32
1024,949,103,100,79,43,6,4,32
1025,949,103,101,80,43,6,4,33
1026,951,103,100,81,43,6,4,34
1027,951,105,101,81,43,6,4,36
1028,950,105,102,82,43,6,4,36
1029,950,105,102,82,43,6,4,37
1030,950,106,103,83,43,6,4,38
1031,950,107,104,83,43,6,4,37
1032,950,107,105,84,43,6,4,36
1033,949,108,106,84,43,6,4,35
1034,947,109,107,84,43,6,4,35
1035,947,109,107,85,43,6,4,36
1036,947,110,108,86,43,6,4,35
1037,946,111,109,86,43,6,4,35
1038,946,111,108,87,43,6,4,34
1039,945,112,109,87,43,6,4,35
1040,944,113,109,88,43,6,4,36
1041,943,113,109,89,43,6,4,37
1042,941,114,110,89,43,6,4,38
1043,939,115,111,91,43,6,4,40
1044,937,115,113,91,43,6,4,41
1045,936,117,114,91,43,6,4,41
1046,935,117,113,92,43,6,4,40
1047,934,119,114,92,43,6,4,39
1048,933,121,114,92,43,6,4,38
1049,931,121,116,92,43,6,4,37
1050,930,122,116,92,43,6,4,38
1051,929,123,115,94,43,6,4,40
1052,928,123,116,96,43,6,4,42
1053,926,124,116,97,43,6,4,44
1054,924,124,118,99,43,6,4,44
1055,922,125,119,99,43,6,4,43
1056,921,127,120,98,43,6,4,42
1057,920,128,119,99,43,6,4,41
1058,918,130,120,99,43,6,4,40
1059,917,131,121,100,43,6,4,40
1060,915,132,123,101,43,6,4,41
1061,914,133,124,102,43,6,4,41
1062,913,133,124,104,43,6,4,41
1063,911,135,125,102,43,6,4,41
1064,911,137,125,103,43,6,4,41
1065,909,138,126,104,43,6,4,41
1066,908,140,127,105,43,6,4,41
1067,906,141,128,105,43,6,4,41
1068,905,142,129,105,43,6,4,41
1069,904,143,130,107,43,6,4,41
1070,902,144,131,107,43,6,4,39
1071,900,146,132,108,43,6,4,39
1072,898,147,134,109,43,6,4,39
1073,897,149,135,109,43,6,4,40
1074,897,150,135,110,43,6,4,40
1075,896,151,136,111,43,6,4,40
1076,895,152,137,112,43,6,4,40
1077,895,152,137,115,43,6,4,40
1078,892,154,139,115,43,6,4,40
1079,891,156,140,115,43,6,4,40
1080,889,157,143,117,43,6,4,40
1081,889,159,143,117,43,6,4,40
1082,888,160,144,118,43,6,4,40
1083,887,161,145,120,43,6,4,41
1084,887,162,145,121,43,6,4,41
1085,886,165,147,122,43,6,4,42
1086,885,166,149,123,43,6,4,43
1087,884,168,149,124,43,6,4,43
1088,883,169,151,125,43,6,4,43
1089,881,171,153,127,43,6,4,43
1090,880,173,154,127,43,6,4,43
1091,880,175,154,129,43,6,4,43
1092,880,177,155,130,43,6,4,43
1093,878,179,156,131,43,6,4,43
1094,877,181,158,131,43,6,4,43
1095,875,182,159,133,43,6,4,42
1096,873,185,161,134,43,6,4,42
1097,872,187,162,135,43,6,4,41
1098,871,189,163,136,43,6,4,41
1099,870,190,165,138,43,6,4,41
1100,867,193,167,139,43,6,4,42
1101,865,194,168,141,43,6,4,42
1102,864,197,168,142,43,6,4,42
1103,864,199,168,143,43,6,4,42
1104,861,202,170,144,43,6,4,43
1105,860,205,172,145,43,6,4,44
1106,857,208,174,147,43,6,4,44
1107,856,210,176,149,43,6,4,45
1108,853,213,179,150,43,6,4,45
1109,850,216,181,152,43,6,4,45
1110,849,218,182,154,43,6,4,44
1111,847,220,183,155,43,6,4,44
1112,845,223,185,157,43,6,4,43
1113,843,226,188,159,43,6,4,43
1114,842,229,190,160,43,6,4,43
1115,839,232,192,162,43,6,4,43
1116,837,236,193,163,43,6,4,43
1117,835,238,195,165,43,6,4,43
1118,833,241,197,167,43,6,4,43
1119,832,245,199,169,43,6,4,43
1120,831,248,200,170,43,6,4,43
1121,828,252,203,173,43,6,4,43
1122,825,255,206,175,43,6,4,44
1123,824,258,207,177,43,6,4,44
1124,822,262,209,181,43,6,4,45
1125,820,265,212,183,43,6,4,45
1126,818,271,215,184,43,6,4,45
1127,816,275,217,187,43,6,4,45
1128,815,279,219,189,43,6,4,45
1129,813,283,221,192,43,6,4,45
1130,809,287,225,195,43,6,4,45
1131,807,292,227,197,43,6,4,45
1132,804,297,230,198,43,6,4,45
1133,801,302,234,202,43,6,4,44
1134,798,307,237,204,43,6,4,44
1135,795,312,241,206,43,6,4,43
1136,792,317,242,208,43,6,4,43
1137,789,323,245,211,43,6,4,43
1138,785,327,249,214,43,6,4,42
1139,782,332,253,218,43,6,4,42
1140,777,338,256,220,43,6,4,42
1141,774,344,259,224,43,6,4,43
1142,770,351,263,226,43,6,4,43
1143,765,357,266,229,43,6,4,43
1144,759,362,270,234,43,6,4,43
1145,753,368,274,237,43,6,4,43
1146,748,376,279,240,43,6,4,42
1147,742,383,282,243,43,6,4,42
1148,736,390,287,246,43,6,4,41
1149,728,397,292,250,43,6,4,41
1150,721,403,296,254,43,6,4,41
1151,713,410,300,260,43,6,4,41
1152,705,416,305,265,43,6,4,40
1153,697,424,310,268,43,6,4,40
1154,689,432,315,272,43,6,4,40
1155,679,441,321,276,43,6,4,39
1156,669,448,325,281,43,6,4,39
1157,657,456,332,286,43,6,4,39
1158,647,465,337,291,43,6,4,39
1159,636,474,342,296,43,6,4,39
1160,624,482,350,304,43,6,4,39
1161,610,491,356,312,43,6,4,40
1162,598,500,361,320,43,6,4,41
1163,583,509,370,331,43,6,4,42
1164,567,523,375,338,43,6,4,42
1165,547,535,385,345,43,6,4,42
1166,528,549,392,348,43,6,4,42
1167,509,564,399,353,43,6,4,42
1168,487,579,410,358,43,6,4,41
1169,464,591,418,367,43,6,4,40
1170,439,600,427,382,43,6,4,40
1171,412,613,440,391,43,6,4,39
1172,383,629,453,399,43,6,4,39
1173,350,644,467,407,43,6,4,37
1174,318,660,481,412,43,6,4,35
1175,282,673,496,401,43,6,4,32
1176,241,688,515,385,43,6,4,29
1177,200,702,533,372,43,6,4,26
1178,156,723,549,352,43,6,4,20
1179,108,743,567,332,43,6,4,14
1180,57,765,586,309,43,6,4,9
1181,1,786,608,288,43,6,4,7
1182,0,807,571,269,43,6,4,6
1183,0,830,530,242,43,6,4,5
1184,0,856,483,218,43,6,4,5
1185,0,880,434,194,43,6,4,5
1186,1,903,378,171,43,6,4,5
1187,0,925,316,152,43,6,4,5
1188,0,951,244,125,43,6,4,5
1189,0,985,162,92,43,6,4,5
1547,1307,100,67,44,47,3,0,27
1548,1288,95,88,50,47,3,0,27
1549,1276,93,99,51,47,3,0,27
1550,1255,95,120,50,47,3,0,27
1551,1237,94,139,52,47,3,0,27
1552,1214,93,162,52,47,3,0,27
1553,1192,93,167,53,47,3,0,29
1554,1174,92,160,54,47,3,0,33
1555,1148,92,156,54,47,3,0,37
1556,1123,93,165,54,47,3,0,39
1557,1099,93,165,54,47,3,0,40
1558,1073,93,166,53,47,3,0,42
1559,1047,93,169,53,47,3,0,44
1560,1027,93,160,54,47,3,0,44
1561,1019,92,141,55,47,3,0,42
1562,1015,93,117,54,47,3,0,40
1563,1011,94,92,53,47,3,0,40
1564,1010,96,64,52,47,3,0,39
2061,1054,1014,457,63,52,9,1,5
2062,1066,989,479,87,52,9,1,5
2063,1060,961,515,116,52,9,1,5
2064,1074,932,537,144,52,9,1,5
2065,1102,913,587,163,52,9,1,5
2066,1124,893,574,182,52,9,1,5
2067,1144,872,562,204,52,9,1,5
2068,1162,850,550,226,52,9,1,5
2069,1176,827,540,249,52,9,1,5
2070,1190,805,530,270,52,9,1,5
2071,1206,784,517,291,52,9,1,5
2072,1223,765,503,311,52,9,1,5
2073,1236,747,492,327,52,9,1,5
2074,1248,733,479,341,52,9,1,5
2075,1258,718,468,354,52,9,1,5
2076,1266,705,458,369,52,9,1,5
2077,1273,691,447,384,52,9,1,6
2078,1278,677,438,390,52,9,1,8
2079,1280,666,430,388,52,9,1,11
2080,1283,652,422,381,52,9,1,14
2081,1284,642,414,374,52,9,1,18
2082,1284,633,406,365,52,9,1,21
2083,1284,622,400,358,52,9,1,25
2084,1283,612,392,352,52,9,1,26
2085,1280,602,385,345,52,9,1,28
2086,1279,593,377,338,52,9,1,28
2087,1275,578,371,340,52,9,1,28
2088,1271,572,365,330,52,9,1,28
2089,1266,562,359,325,52,9,1,29
2090,1261,552,353,321,52,9,1,30
2091,1255,541,348,313,52,9,1,31
2092,1250,529,342,309,52,9,1,32
2093,1245,516,337,307,52,9,1,33
2094,1239,508,331,303,52,9,1,34
2095,1233,499,327,294,52,9,1,35
2096,1229,491,321,289,52,9,1,35
2097,1224,483,317,284,52,9,1,35
2098,1218,475,314,278,52,9,1,35
2099,1215,465,309,276,52,9,1,35
2100,1212,460,304,271,52,9,1,35
2101,1208,452,299,267,52,9,1,35
2102,1203,445,296,262,52,9,1,35
2103,1200,437,292,259,52,9,1,35
2104,1197,431,288,255,52,9,1,35
2105,1194,425,284,251,52,9,1,35
2106,1191,417,279,249,52,9,1,35
2107,1188,411,276,244,52,9,1,35
2108,1185,404,272,241,52,9,1,36
2109,1182,398,269,237,52,9,1,36
2110,1180,392,265,234,52,9,1,36
2111,1177,386,263,231,52,9,1,36
2112,1175,379,260,230,52,9,1,36
2113,1172,375,256,226,52,9,1,36
2114,1170,369,254,223,52,9,1,36
2115,1168,363,251,221,52,9,1,36
2116,1165,357,247,218,52,9,1,37
2117,1161,351,245,216,52,9,1,37
2118,1158,346,242,212,52,9,1,38
2119,1156,341,239,210,52,9,1,39
2120,1152,334,236,208,52,9,1,39
2121,1149,330,234,206,52,9,1,39
2122,1146,325,231,203,52,9,1,39
2123,1143,320,228,200,52,9,1,39
2124,1139,316,225,198,52,9,1,39
2125,1135,311,224,196,52,9,1,39
2126,1132,306,219,193,52,9,1,40
2127,1128,303,216,190,52,9,1,40
2128,1125,298,215,189,52,9,1,40
2129,1122,293,216,187,52,9,1,40
2130,1118,289,212,184,52,9,1,41
2131,1114,285,211,182,52,9,1,41
2132,1110,281,209,180,52,9,1,41
2133,1106,276,207,180,52,9,1,41
2134,1103,273,205,177,52,9,1,40
2135,1100,270,203,175,52,9,1,40
2136,1097,267,201,173,52,9,1,39
2137,1094,262,199,173,52,9,1,39
2138,1091,260,197,170,52,9,1,39
2139,1087,256,197,169,52,9,1,39
2140,1084,253,194,168,52,9,1,39
2141,1082,249,192,165,52,9,1,40
2142,1079,246,190,164,52,9,1,40
2143,1076,243,189,163,52,9,1,40
2144,1073,240,188,162,52,9,1,40
2145,1071,237,184,160,52,9,1,39
2146,1068,235,184,157,52,9,1,39
2147,1066,232,182,156,52,9,1,38
2148,1064,229,181,156,52,9,1,38
2149,1062,226,179,155,52,9,1,38
2150,1060,224,178,152,52,9,1,39
2151,1058,221,176,151,52,9,1,39
2152,1057,219,174,149,52,9,1,39
2153,1056,216,173,148,52,9,1,39
2154,1055,214,172,148,52,9,1,39
2155,1054,212,170,146,52,9,1,39
2156,1053,209,169,145,52,9,1,39
2157,1054,207,168,143,52,9,1,39
2158,1054,204,166,142,52,9,1,39
2159,1055,202,165,142,52,9,1,39
2160,1056,201,163,140,52,9,1,39
2161,1056,198,163,139,52,9,1,39
2162,1057,196,162,138,52,9,1,38
2163,1058,195,161,136,52,9,1,38
2164,1060,192,159,136,52,9,1,38
2165,1062,190,159,135,52,9,1,38
2166,1064,189,158,133,52,9,1,38
2167,1065,188,157,132,52,9,1,37
2168,1068,185,155,132,52,9,1,37
2169,1069,183,154,131,52,9,1,37
2170,1073,180,153,132,52,9,1,37
2171,1075,178,151,131,52,9,1,37
2172,1076,177,152,130,52,9,1,37
2173,1079,176,150,128,52,9,1,37
2174,1081,175,149,127,52,9,1,37
2175,1083,173,149,126,52,9,1,37
2176,1085,171,147,125,52,9,1,37
2177,1087,171,145,124,52,9,1,37
2178,1088,169,145,123,52,9,1,37
2179,1089,167,144,123,52,9,1,38
2180,1092,165,144,122,52,9,1,38
2181,1093,164,142,121,52,9,1,38
2182,1095,163,141,119,52,9,1,37
2183,1097,162,140,119,52,9,1,37
2184,1097,161,139,118,52,9,1,36
2185,1099,159,138,117,52,9,1,35
2186,1100,159,137,116,52,9,1,34
2187,1101,158,136,115,52,9,1,33
2188,1102,156,135,115,52,9,1,33
2189,1104,155,134,114,52,9,1,33
2190,1104,153,134,114,52,9,1,33
2191,1105,153,134,112,52,9,1,33
2192,1106,152,133,112,52,9,1,33
2193,1106,151,132,111,52,9,1,34
2194,1108,149,130,110,52,9,1,34
2195,1109,148,130,110,52,9,1,34
2196,1110,147,129,110,52,9,1,34
2197,1111,146,129,109,52,9,1,34
2198,1111,146,128,107,52,9,1,33
2199,1112,144,127,107,52,9,1,33
2200,1113,144,126,107,52,9,1,32
2201,1113,142,126,106,52,9,1,32
2202,1115,141,125,106,52,9,1,32
2203,1115,140,124,106,52,9,1,31
2204,1116,139,123,104,52,9,1,32
2205,1116,139,122,104,52,9,1,32
2206,1116,137,122,104,52,9,1,34
2207,1117,136,121,103,52,9,1,34
2208,1117,136,121,101,52,9,1,34
2209,1118,135,120,101,52,9,1,35
2210,1119,134,119,100,52,9,1,35
2211,1119,132,118,101,52,9,1,37
2212,1119,130,118,100,52,9,1,36
2213,1120,129,117,100,52,9,1,36
2214,1120,129,116,100,52,9,1,36
2215,1120,128,116,98,52,9,1,37
2216,1120,127,116,97,52,9,1,36
2217,1120,127,115,96,52,9,1,35
2218,1121,126,114,96,52,9,1,33
2219,1120,125,113,96,52,9,1,32
2220,1120,125,113,95,52,9,1,31
2221,1120,124,112,95,52,9,1,31
2222,1120,123,111,94,52,9,1,32
2223,1120,122,110,94,52,9,1,34
2224,1120,121,110,92,52,9,1,36
2225,1120,121,110,92,52,9,1,36
2226,1120,119,109,92,52,9,1,36
2227,1119,119,109,91,52,9,1,34
2228,1119,119,108,91,52,9,1,33
2229,1119,118,107,91,52,9,1,32
2230,1119,117,107,89,52,9,1,32
2231,1119,116,106,90,52,9,1,32
2232,1119,115,106,89,52,9,1,34
2233,1119,113,106,89,52,9,1,36
2234,1119,113,105,88,52,9,1,37
2235,1120,112,104,88,52,9,1,37
2236,1120,112,104,87,52,9,1,36
2237,1120,111,104,87,52,9,1,35
2238,1120,111,104,86,52,9,1,33
2239,1120,110,103,86,52,9,1,32
2240,1120,110,103,85,52,9,1,32
2241,1120,108,103,85,52,9,1,32
2242,1120,108,102,84,52,9,1,32
2243,1121,109,101,84,52,9,1,31
2244,1121,108,100,83,52,9,1,32
2245,1121,107,100,83,52,9,1,32
2246,1122,107,99,82,52,9,1,31
2247,1122,107,98,81,52,9,1,30
2248,1122,106,96,81,52,9,1,29
2249,1121,106,93,81,52,9,1,27
2250,1122,105,91,81,52,9,1,25
2251,1122,105,92,81,52,9,1,23
2252,1122,105,91,80,52,9,1,23
2253,1122,105,90,79,52,9,1,23
2254,1122,103,90,80,52,9,1,25
2255,1122,103,89,80,52,9,1,27
2256,1122,103,90,79,52,9,1,30
2257,1121,102,89,79,52,9,1,32
2258,1121,101,89,79,52,9,1,32
2259,1121,101,89,78,52,9,1,32
2260,1120,100,89,77,52,9,1,32
2261,1120,100,89,77,52,9,1,32
2262,1121,98,88,78,52,9,1,31
2263,1121,97,88,78,52,9,1,29
2264,1121,97,87,78,52,9,1,28
2265,1121,97,88,78,52,9,1,26
2266,1120,96,87,77,52,9,1,25
2267,1121,96,87,77,52,9,1,23
2268,1121,95,87,78,52,9,1,21
2269,1122,95,86,77,52,9,1,20
2270,1122,95,86,77,52,9,1,19
2271,1122,95,86,77,52,9,1,18
2272,1122,94,85,77,52,9,1,17
2273,1122,94,86,76,52,9,1,16
2274,1122,94,85,76,52,9,1,16
2275,1122,94,85,76,52,9,1,16
2276,1123,94,84,75,52,9,1,16
2277,1123,94,84,75,52,9,1,15
2278,1124,94,83,75,52,9,1,14
2279,1124,94,83,74,52,9,1,15
2280,1124,94,83,74,52,9,1,14
2281,1124,94,83,73,52,9,1,15
2282,1124,94,83,73,52,9,1,15
2283,1124,93,83,73,52,9,1,16
2284,1123,92,84,74,52,9,1,17
2285,1123,93,84,73,52,9,1,15
2286,1124,93,83,73,52,9,1,13
2287,1124,93,83,73,52,9,1,9
2288,1124,93,83,73,52,9,1,7
2289,1124,93,83,73,52,9,1,7
2290,1124,93,83,72,52,9,1,9
2291,1124,93,83,72,52,9,1,12
2292,1123,92,83,72,52,9,1,13
2293,1123,93,83,71,52,9,1,13
2294,1123,93,83,71,52,9,1,13
2295,1123,93,83,71,52,9,1,11
2296,1123,93,83,71,52,9,1,8
2297,1123,93,83,71,52,9,1,4
2298,1123,93,83,71,52,9,1,3
2299,1123,93,83,71,52,9,1,3
2300,1123,93,83,71,52,9,1,4
2301,1124,93,82,71,52,9,1,4
2302,1123,92,82,71,52,9,1,3
2303,1123,93,81,71,52,9,1,2
2304,1123,93,81,71,52,9,1,1
2305,1123,92,82,71,52,9,1,1
2306,1123,92,83,72,52,9,1,0
2307,1123,91,82,72,52,9,1,5
2308,1122,92,83,72,52,9,1,10
2309,1122,91,82,71,52,9,1,13
2310,1122,90,82,72,52,9,1,12
2311,1121,91,81,72,52,9,1,9
2312,1121,90,81,72,52,9,1,12
2313,1121,88,81,74,52,9,1,14
2314,1120,88,81,73,52,9,1,17
2315,1120,88,81,73,52,9,1,16
2316,1119,86,82,74,52,9,1,16
2317,1118,86,84,74,52,9,1,16
2318,1119,87,83,73,52,9,1,16
2319,1118,86,84,73,52,9,1,15
2320,1117,86,84,73,52,9,1,14
2321,1117,86,83,73,52,9,1,14
2322,1115,85,84,73,52,9,1,14
2323,1115,86,84,72,52,9,1,14
2324,1113,86,84,72,52,9,1,15
2325,1112,86,84,71,52,9,1,18
2326,1111,86,84,70,52,9,1,20
2327,1110,86,84,70,52,9,1,23
2328,1109,85,83,70,52,9,1,25
2329,1107,85,83,69,52,9,1,26
2330,1105,85,83,69,52,9,1,27
2331,1103,85,84,68,52,9,1,27
303,866,0,52,41,60,6,1,11
304,869,0,51,40,60,6,1,11
305,867,1,54,40,60,6,1,18
306,868,3,52,37,60,6,1,36
307,870,4,52,37,60,6,1,58
308,871,6,54,50,60,6,1,76
311,873,10,54,51,60,6,1,84
312,867,11,62,53,60,6,1,89
313,867,12,63,53,60,6,1,92
314,867,11,64,54,60,6,1,93
315,872,11,59,53,60,6,1,94
316,867,13,64,53,60,6,1,104
317,867,14,66,54,60,6,1,115
318,877,15,60,54,60,6,1,130
319,878,16,61,54,60,6,1,140
320,878,17,59,54,60,6,1,153
321,881,18,57,55,60,6,1,160
322,883,20,54,55,60,6,1,163
323,883,20,54,56,60,6,1,161
324,885,22,57,56,60,6,1,166
325,885,22,56,57,60,6,1,165
326,886,24,56,57,60,6,1,161
327,887,25,55,57,60,6,1,152
328,888,26,56,57,60,6,1,143
329,889,27,58,57,60,6,1,137
330,889,29,57,57,60,6,1,130
331,890,29,57,57,60,6,1,124
332,890,31,58,57,60,6,1,117
333,891,31,58,58,60,6,1,113
334,892,32,59,58,60,6,1,109
335,893,33,60,58,60,6,1,109
336,894,34,60,59,60,6,1,105
337,896,36,57,58,60,6,1,102
338,896,37,56,58,60,6,1,99
339,898,38,57,58,60,6,1,97
340,898,39,57,58,60,6,1,93
341,899,40,56,58,60,6,1,86
342,900,40,56,58,60,6,1,80
343,900,41,56,58,60,6,1,77
344,901,42,55,58,60,6,1,73
345,902,43,56,58,60,6,1,73
346,902,43,56,59,60,6,1,76
347,903,44,57,60,60,6,1,80
348,903,45,57,60,60,6,1,82
349,904,45,55,61,60,6,1,84
350,905,46,55,61,60,6,1,87
351,905,48,56,61,60,6,1,85
352,906,49,56,60,60,6,1,78
353,906,49,56,61,60,6,1,70
354,907,50,57,60,60,6,1,67
355,907,51,58,60,60,6,1,64
356,908,52,57,61,60,6,1,61
357,909,53,56,61,60,6,1,59
358,909,53,57,61,60,6,1,59
359,909,54,57,61,60,6,1,59
360,910,55,55,61,60,6,1,55
361,909,54,57,62,60,6,1,49
362,910,55,56,61,60,6,1,45
363,910,55,56,62,60,6,1,42
364,910,56,56,62,60,6,1,42
365,910,57,55,61,60,6,1,40
366,911,58,56,61,60,6,1,39
367,911,58,55,61,60,6,1,38
368,912,58,55,61,60,6,1,35
369,912,58,56,62,60,6,1,32
370,912,59,56,61,60,6,1,29
371,912,59,56,61,60,6,1,27
372,912,60,56,61,60,6,1,27
373,912,60,56,62,60,6,1,28
374,912,60,56,62,60,6,1,30
375,912,60,56,63,60,6,1,32
376,912,61,56,63,60,6,1,34
377,913,61,55,62,60,6,1,34
378,913,61,56,63,60,6,1,33
379,913,61,55,63,60,6,1,27
380,913,62,55,62,60,6,1,21
381,914,62,54,62,60,6,1,14
382,913,62,55,62,60,6,1,13
383,913,62,56,62,60,6,1,12
384,913,63,57,62,60,6,1,11
385,913,63,56,62,60,6,1,10
386,914,63,56,62,60,6,1,8
387,914,63,56,62,60,6,1,10
388,915,63,56,62,60,6,1,14
389,916,64,58,62,60,6,1,23
390,916,66,58,61,60,6,1,34
391,916,67,59,62,60,6,1,49
392,918,68,59,64,60,6,1,64
393,919,70,58,63,60,6,1,78
394,921,72,58,63,60,6,1,92
395,922,74,56,63,60,6,1,104
396,919,76,57,64,60,6,1,110
397,908,80,59,64,60,6,1,109
398,903,80,62,64,60,6,1,103
399,898,81,66,64,60,6,1,96
400,891,82,70,64,60,6,1,87
401,885,82,77,65,60,6,1,73
402,877,83,86,65,60,6,1,61
403,868,84,93,65,60,6,1,52
404,860,84,101,65,60,6,1,47
405,850,85,108,65,60,6,1,44
406,840,86,110,64,60,6,1,38
407,831,87,111,63,60,6,1,34
408,830,87,105,63,60,6,1,31
409,829,88,96,63,60,6,1,29
410,798,89,117,62,60,6,1,27
411,773,89,132,63,60,6,1,23
412,759,88,134,63,60,6,1,20
413,752,87,129,63,60,6,1,20
414,751,86,116,64,60,6,1,26
415,723,85,129,63,60,6,1,27
416,711,84,125,61,60,6,1,28
417,705,83,111,66,60,6,1,24
418,698,82,118,65,60,6,1,23
419,697,81,90,63,60,6,1,22
420,697,82,72,55,60,6,1,21
1249,841,0,51,12,63,6,1,55
1250,841,0,52,13,63,6,1,78
1252,844,0,51,12,63,6,1,99
1258,848,0,55,15,63,6,1,129
1259,850,0,56,16,63,6,1,142
1260,851,0,55,17,63,6,1,151
1261,852,0,56,17,63,6,1,155
1262,854,0,56,18,63,6,1,158
1263,854,0,56,20,63,6,1,159
1264,854,0,58,21,63,6,1,160
1265,854,0,59,23,63,6,1,161
1266,858,0,57,24,63,6,1,161
1267,859,0,57,25,63,6,1,161
1268,860,0,58,27,63,6,1,161
1269,860,0,58,28,63,6,1,161
1270,861,0,59,30,63,6,1,161
1271,862,0,58,31,63,6,1,161
1272,863,0,59,32,63,6,1,161
1273,864,0,59,34,63,6,1,161
1274,863,0,61,36,63,6,1,161
1275,864,0,62,37,63,6,1,161
1276,864,0,63,39,63,6,1,161
1277,866,0,62,40,63,6,1,161
1278,866,0,62,41,63,6,1,161
1279,868,0,61,43,63,6,1,161
1280,869,0,61,45,63,6,1,161
1281,869,0,62,47,63,6,1,161
1282,870,0,61,48,63,6,1,161
1283,870,0,63,49,63,6,1,161
1284,871,1,63,50,63,6,1,161
1285,872,0,63,52,63,6,1,161
1286,872,0,64,54,63,6,1,161
1287,873,0,65,55,63,6,1,161
1288,874,0,65,57,63,6,1,161
1289,876,1,65,57,63,6,1,161
1290,878,3,63,56,63,6,1,161
1291,878,4,65,57,63,6,1,161
1292,869,5,74,60,63,6,1,161
1293,866,7,79,59,63,6,1,161
1294,876,8,70,59,63,6,1,161
1295,878,9,69,59,63,6,1,161
1296,873,11,76,60,63,6,1,164
1297,879,11,71,60,63,6,1,167
1298,883,13,69,61,63,6,1,171
1299,886,14,68,61,63,6,1,172
1300,885,15,69,62,63,6,1,172
1301,885,17,71,61,63,6,1,171
1302,888,18,69,62,63,6,1,168
1303,889,20,69,62,63,6,1,166
1304,890,20,69,63,63,6,1,163
1305,891,22,68,63,63,6,1,164
1306,890,24,70,62,63,6,1,163
1307,892,25,69,63,63,6,1,158
1308,892,26,69,64,63,6,1,153
1309,893,27,70,64,63,6,1,146
1310,893,28,70,64,63,6,1,141
1311,894,30,71,63,63,6,1,132
1312,895,30,71,65,63,6,1,125
1313,896,31,70,65,63,6,1,120
1314,897,33,70,65,63,6,1,119
1315,897,34,72,66,63,6,1,118
1316,898,35,72,66,63,6,1,119
1317,898,37,73,65,63,6,1,118
1318,898,39,73,65,63,6,1,117
1319,899,40,73,65,63,6,1,112
1320,899,41,75,66,63,6,1,109
1321,900,42,75,66,63,6,1,107
1322,900,43,74,67,63,6,1,104
1323,901,44,74,67,63,6,1,101
1324,901,45,75,67,63,6,1,95
1325,901,46,75,67,63,6,1,94
1326,902,47,75,67,63,6,1,89
1327,902,49,76,67,63,6,1,84
1328,903,50,74,67,63,6,1,79
1329,903,50,74,67,63,6,1,75
1330,904,52,74,67,63,6,1,73
1331,904,52,76,68,63,6,1,68
1332,905,53,75,67,63,6,1,64
1333,905,54,76,67,63,6,1,62
1334,906,55,75,68,63,6,1,60
1335,906,55,76,67,63,6,1,53
1336,907,56,76,67,63,6,1,64
1337,907,56,76,61,63,6,1,77
1338,907,57,80,57,63,6,1,96
1339,908,57,78,47,63,6,1,85
1340,908,58,75,55,63,6,1,77
1341,908,60,73,66,63,6,1,78
1342,909,61,73,68,63,6,1,102
1343,910,61,78,69,63,6,1,116
1344,910,62,81,68,63,6,1,120
1345,910,62,82,69,63,6,1,102
1346,910,63,82,69,63,6,1,83
1347,911,63,81,69,63,6,1,60
1348,912,63,80,69,63,6,1,46
1349,913,64,80,69,63,6,1,39
1350,913,64,80,69,63,6,1,33
1351,913,65,78,69,63,6,1,30
1352,913,65,79,69,63,6,1,27
1353,914,65,78,69,63,6,1,25
1354,913,66,78,69,63,6,1,22
1355,914,66,78,69,63,6,1,16
1356,914,65,79,70,63,6,1,12
1357,914,65,79,70,63,6,1,9
1358,914,66,79,70,63,6,1,9
1359,915,66,78,69,63,6,1,7
1360,915,66,79,70,63,6,1,6
1361,915,66,79,70,63,6,1,5
1362,914,66,79,69,63,6,1,4
1363,914,66,79,69,63,6,1,3
1364,914,66,80,69,63,6,1,2
1365,914,66,79,70,63,6,1,2
1366,914,66,79,70,63,6,1,2
1367,916,66,78,70,63,6,1,2
1368,915,67,79,69,63,6,1,3
1369,915,67,79,69,63,6,1,4
1370,916,67,79,69,63,6,1,4
1371,916,67,79,69,63,6,1,5
1372,916,67,79,70,63,6,1,6
1373,916,67,79,70,63,6,1,8
1374,917,68,79,69,63,6,1,9
1375,916,68,81,69,63,6,1,9
1376,917,69,82,69,63,6,1,10
1377,918,69,83,68,63,6,1,9
1378,918,69,85,69,63,6,1,8
1379,919,69,87,69,63,6,1,6
1380,920,69,90,68,63,6,1,6
1381,920,70,94,69,63,6,1,10
1382,921,70,97,69,63,6,1,13
1383,923,71,101,68,63,6,1,18
1384,926,70,106,69,63,6,1,20
1385,928,71,112,69,63,6,1,21
1386,931,71,117,70,63,6,1,21
1387,934,71,122,70,63,6,1,20
1388,939,72,128,69,63,6,1,18
1389,945,73,134,69,63,6,1,20
1390,952,72,139,69,63,6,1,18
1391,960,73,143,70,63,6,1,18
1392,969,74,145,69,63,6,1,13
1393,979,74,142,68,63,6,1,11
1394,990,74,134,68,63,6,1,10
1395,1003,75,124,68,63,6,1,13
1396,1016,77,127,66,63,6,1,15
1397,1030,77,123,65,63,6,1,16
1398,1046,77,120,66,63,6,1,18
1399,1061,78,101,66,63,6,1,23
1400,1078,78,172,68,63,6,1,30
1401,1095,79,172,67,63,6,1,33
1402,1117,79,168,67,63,6,1,36
1403,1138,79,162,66,63,6,1,37
1404,1157,79,168,66,63,6,1,37
1405,1175,80,171,66,63,6,1,35
1406,1190,81,179,65,63,6,1,33
1407,1210,80,165,66,63,6,1,32
1408,1232,80,144,66,63,6,1,29
1409,1253,79,122,66,63,6,1,25
1410,1276,80,99,65,63,6,1,23
1411,1297,81,78,63,63,6,1,22
1851,850,0,46,20,67,9,0,84
1852,851,0,45,21,67,9,0,94
1853,850,0,46,21,67,9,0,102
1854,851,0,46,22,67,9,0,114
1855,851,0,47,23,67,9,0,118
1856,852,0,47,24,67,9,0,122
1857,852,0,47,25,67,9,0,123
1858,852,0,47,26,67,9,0,124
1859,853,0,47,27,67,9,0,125
1860,853,0,48,28,67,9,0,125
1861,853,0,48,29,67,9,0,125
1862,853,0,50,29,67,9,0,125
1863,853,0,50,31,67,9,0,125
1864,854,0,50,31,67,9,0,125
1865,855,0,50,32,67,9,0,125
1866,855,0,50,33,67,9,0,125
1867,855,0,51,34,67,9,0,125
1868,856,0,51,36,67,9,0,125
1869,856,0,52,37,67,9,0,125
1870,856,0,53,38,67,9,0,125
1871,857,0,53,39,67,9,0,125
1872,858,0,53,40,67,9,0,125
1873,858,0,54,41,67,9,0,125
1874,859,0,53,42,67,9,0,125
1875,860,0,53,43,67,9,0,125
1876,861,0,54,44,67,9,0,125
1877,860,1,56,44,67,9,0,125
1878,861,3,56,43,67,9,0,134
1879,862,5,57,43,67,9,0,143
1880,865,5,57,43,67,9,0,155
1881,865,7,57,43,67,9,0,158
1882,866,8,56,43,67,9,0,161
1883,867,9,58,43,67,9,0,162
1884,867,11,59,43,67,9,0,163
1885,869,12,58,43,67,9,0,164
1886,870,13,59,44,67,9,0,164
1887,870,14,60,44,67,9,0,164
1888,871,14,60,44,67,9,0,164
1889,874,15,59,45,67,9,0,165
1890,875,15,59,46,67,9,0,162
1891,876,16,59,46,67,9,0,162
1892,877,17,58,46,67,9,0,163
1893,877,19,60,46,67,9,0,165
1894,880,20,58,46,67,9,0,166
1895,883,21,56,46,67,9,0,167
1896,883,22,57,47,67,9,0,167
1897,885,23,59,47,67,9,0,164
1898,886,25,61,47,67,9,0,160
1899,887,25,60,47,67,9,0,159
1900,888,27,60,47,67,9,0,159
1901,890,28,59,48,67,9,0,158
1902,891,29,60,48,67,9,0,155
1903,891,30,59,48,67,9,0,156
1904,892,32,60,48,67,9,0,155
1905,893,33,61,48,67,9,0,155
1906,894,34,61,49,67,9,0,151
1907,893,36,62,48,67,9,0,147
1908,895,37,61,48,67,9,0,142
1909,897,38,62,49,67,9,0,135
1910,898,39,62,49,67,9,0,128
1911,899,39,62,50,67,9,0,125
1912,899,40,61,50,67,9,0,121
1913,899,42,63,50,67,9,0,120
1914,900,43,64,50,67,9,0,114
1915,900,45,64,49,67,9,0,111
1916,902,46,64,49,67,9,0,110
1917,902,47,64,49,67,9,0,107
1918,903,48,65,50,67,9,0,104
1919,904,49,63,50,67,9,0,102
1920,905,50,64,50,67,9,0,104
1921,906,52,65,50,67,9,0,105
1922,906,53,67,50,67,9,0,105
1923,906,54,68,51,67,9,0,104
1924,907,54,67,52,67,9,0,102
1925,907,56,67,51,67,9,0,89
1926,908,57,66,51,67,9,0,72
1927,910,58,66,41,67,9,0,58
1928,911,59,66,47,67,9,0,57
1929,911,59,65,50,67,9,0,61
1930,912,61,66,51,67,9,0,67
1931,911,61,68,52,67,9,0,75
1932,912,62,68,53,67,9,0,90
1933,913,62,67,53,67,9,0,98
1934,913,64,68,53,67,9,0,97
1935,914,65,68,53,67,9,0,88
1936,915,66,67,53,67,9,0,80
1937,914,68,68,52,67,9,0,74
1938,915,68,69,52,67,9,0,67
1939,915,69,70,52,67,9,0,63
1940,917,69,70,53,67,9,0,57
1941,916,69,73,54,67,9,0,53
1942,917,69,72,54,67,9,0,49
1943,917,70,73,54,67,9,0,48
1944,919,71,71,54,67,9,0,48
1945,919,71,71,55,67,9,0,45
1946,920,72,71,55,67,9,0,43
1947,920,72,71,55,67,9,0,39
1948,921,73,70,54,67,9,0,36
1949,921,73,70,54,67,9,0,31
1950,920,74,70,54,67,9,0,30
1951,921,74,70,55,67,9,0,28
1952,922,75,70,55,67,9,0,30
1953,922,75,70,55,67,9,0,31
1954,923,76,70,55,67,9,0,34
1955,922,76,71,55,67,9,0,35
1956,922,77,70,55,67,9,0,33
1957,922,78,71,54,67,9,0,32
1958,923,78,71,54,67,9,0,30
1959,923,79,71,53,67,9,0,29
1960,924,80,72,54,67,9,0,29
1961,923,80,72,54,67,9,0,28
1962,926,81,71,54,67,9,0,29
1963,926,81,71,54,67,9,0,30
1964,926,82,71,54,67,9,0,31
1965,927,82,71,54,67,9,0,32
1966,927,82,71,55,67,9,0,32
1967,928,83,72,55,67,9,0,33
1968,928,83,73,55,67,9,0,32
1969,928,84,72,55,67,9,0,33
1970,929,84,72,56,67,9,0,33
1971,929,85,72,55,67,9,0,33
1972,930,86,72,55,67,9,0,32
1973,930,86,72,56,67,9,0,30
1974,930,86,73,56,67,9,0,28
1975,931,86,73,56,67,9,0,26
1976,930,86,74,56,67,9,0,24
1977,931,87,75,56,67,9,0,24
1978,930,88,74,56,67,9,0,25
1979,931,89,74,55,67,9,0,27
1980,932,88,74,58,67,9,0,30
1981,931,90,74,56,67,9,0,33
1982,931,91,74,56,67,9,0,36
1983,932,92,75,56,67,9,0,37
1984,931,93,75,56,67,9,0,36
1985,933,93,74,56,67,9,0,34
1986,933,93,74,57,67,9,0,31
1987,933,93,74,57,67,9,0,29
1988,933,94,74,57,67,9,0,24
1989,933,95,74,56,67,9,0,21
1990,934,96,74,55,67,9,0,18
1991,934,96,74,55,67,9,0,14
1992,933,95,74,56,67,9,0,10
1993,933,95,75,56,67,9,0,5
1994,932,95,75,56,67,9,0,3
1995,932,95,76,56,67,9,0,2
1996,932,95,75,56,67,9,0,3
1997,931,95,76,56,67,9,0,4
1998,931,95,77,57,67,9,0,6
1999,931,95,76,57,67,9,0,9
2000,931,95,77,57,67,9,0,13
2001,930,96,77,58,67,9,0,18
2002,930,96,77,58,67,9,0,22
2003,929,97,78,58,67,9,0,26
2004,929,97,79,59,67,9,0,29
2005,928,97,79,59,67,9,0,31
2006,928,98,79,60,67,9,0,33
2007,928,99,79,59,67,9,0,32
2008,928,99,79,60,67,9,0,32
2009,928,100,79,59,67,9,0,31
2010,928,101,79,59,67,9,0,31
2011,928,102,79,59,67,9,0,28
2012,927,102,79,59,67,9,0,25
2013,926,102,80,59,67,9,0,24
2014,926,102,79,60,67,9,0,22
2015,925,103,80,59,67,9,0,22
2016,924,103,81,60,67,9,0,21
2017,923,104,81,60,67,9,0,21
2018,923,104,81,60,67,9,0,21
2019,922,104,81,61,67,9,0,20
2020,921,104,82,61,67,9,0,19
2021,921,104,81,61,67,9,0,19
2022,919,105,82,61,67,9,0,19
2023,920,105,82,62,67,9,0,20
2024,919,105,83,63,67,9,0,24
2025,920,106,82,63,67,9,0,28
2026,919,107,83,63,67,9,0,32
2027,920,107,82,64,67,9,0,34
2028,919,108,83,64,67,9,0,36
2029,917,109,86,64,67,9,0,38
2030,917,111,86,64,67,9,0,38
2031,917,112,85,63,67,9,0,36
2032,917,112,85,63,67,9,0,33
2033,917,113,86,64,67,9,0,32
2034,917,113,87,63,67,9,0,31
2035,917,113,87,65,67,9,0,31
2036,916,114,89,65,67,9,0,31
2037,915,115,89,65,67,9,0,31
2038,915,115,89,65,67,9,0,33
2039,912,115,92,66,67,9,0,34
2040,911,116,92,67,67,9,0,35
2041,912,116,92,68,67,9,0,33
2042,912,116,91,68,67,9,0,32
2043,912,117,91,68,67,9,0,32
2044,912,117,91,69,67,9,0,31
2045,912,118,91,69,67,9,0,31
2046,911,119,91,69,67,9,0,29
2047,911,120,92,69,67,9,0,29
2048,911,120,92,69,67,9,0,29
2049,912,121,92,70,67,9,0,29
2050,911,123,92,69,67,9,0,30
2051,911,123,92,70,67,9,0,30
2052,911,124,93,70,67,9,0,31
2053,910,125,93,70,67,9,0,32
2054,909,126,94,70,67,9,0,33
2055,909,126,94,71,67,9,0,33
2056,908,127,94,72,67,9,0,34
2057,907,128,96,72,67,9,0,34
2058,906,129,96,72,67,9,0,35
2059,905,129,96,74,67,9,0,35
2060,904,130,96,74,67,9,0,36
2061,903,131,96,74,67,9,0,37
2062,901,131,97,75,67,9,0,36
2063,900,132,97,76,67,9,0,36
2064,899,133,98,76,67,9,0,34
2065,898,134,99,76,67,9,0,34
2066,897,135,100,76,67,9,0,33
2067,897,136,100,77,67,9,0,33
2068,896,136,100,77,67,9,0,33
2069,895,137,101,79,67,9,0,35
2070,894,139,102,78,67,9,0,38
2071,893,140,102,80,67,9,0,41
2072,891,141,104,81,67,9,0,43
2073,890,143,105,80,67,9,0,43
2074,889,144,106,80,67,9,0,44
2075,889,146,106,81,67,9,0,43
2076,888,147,106,81,67,9,0,42
2077,888,149,107,81,67,9,0,40
2078,888,149,106,82,67,9,0,39
2079,887,150,108,83,67,9,0,39
2080,887,151,108,84,67,9,0,38
2081,886,153,109,84,67,9,0,38
2082,884,153,111,85,67,9,0,38
2083,885,154,111,86,67,9,0,39
2084,883,156,113,86,67,9,0,40
2085,882,158,114,86,67,9,0,39
2086,880,159,115,87,67,9,0,38
2087,880,159,115,88,67,9,0,37
2088,880,160,114,89,67,9,0,36
2089,879,162,114,89,67,9,0,35
2090,878,163,115,89,67,9,0,34
2091,877,164,116,91,67,9,0,34
2092,875,165,118,91,67,9,0,36
2093,875,166,118,92,67,9,0,38
2094,875,169,118,92,67,9,0,39
2095,874,170,119,93,67,9,0,40
2096,872,172,120,94,67,9,0,41
2097,872,173,121,95,67,9,0,41
2098,871,174,122,96,67,9,0,40
2099,870,175,123,97,67,9,0,40
2100,867,177,124,98,67,9,0,40
2101,865,179,127,98,67,9,0,41
2102,864,180,127,100,67,9,0,41
2103,864,182,128,101,67,9,0,43
2104,864,184,127,101,67,9,0,44
2105,863,186,128,103,67,9,0,44
2106,862,188,130,103,67,9,0,44
2107,861,190,130,104,67,9,0,44
2108,861,193,131,104,67,9,0,44
2109,860,195,133,105,67,9,0,43
2110,859,197,134,105,67,9,0,43
2111,859,200,135,106,67,9,0,43
2112,859,201,137,108,67,9,0,44
2113,858,203,138,109,67,9,0,44
2114,858,206,139,110,67,9,0,44
2115,858,208,140,111,67,9,0,44
2116,858,210,142,112,67,9,0,44
2117,858,212,143,113,67,9,0,44
2118,858,214,145,115,67,9,0,44
2119,858,217,147,116,67,9,0,45
2120,858,220,148,117,67,9,0,45
2121,857,222,149,119,67,9,0,47
2122,856,225,151,121,67,9,0,48
2123,856,229,152,121,67,9,0,49
2124,856,229,153,125,67,9,0,49
2125,854,232,156,126,67,9,0,49
2126,853,238,157,125,67,9,0,49
2127,849,241,160,127,67,9,0,49
2128,849,245,160,128,67,9,0,49
2129,848,249,161,129,67,9,0,49
2130,846,253,163,130,67,9,0,49
2131,844,257,165,131,67,9,0,49
2132,842,259,167,134,67,9,0,49
2133,840,262,168,137,67,9,0,49
2134,837,267,171,137,67,9,0,49
2135,834,271,172,139,67,9,0,49
2136,832,270,174,146,67,9,0,50
2137,829,276,177,147,67,9,0,50
2138,826,283,180,146,67,9,0,50
2139,823,287,181,148,67,9,0,51
2140,819,294,184,149,67,9,0,51
2141,816,300,186,150,67,9,0,52
2142,812,304,188,153,67,9,0,52
2143,808,310,191,155,67,9,0,52
2144,804,315,193,156,67,9,0,52
2145,799,321,196,158,67,9,0,52
2146,795,328,198,161,67,9,0,52
2147,791,333,200,163,67,9,0,51
2148,785,340,204,165,67,9,0,51
2149,780,347,208,167,67,9,0,51
2150,775,353,209,170,67,9,0,51
2151,769,359,212,173,67,9,0,51
2152,764,366,216,175,67,9,0,51
2153,758,374,219,177,67,9,0,51
2154,750,381,223,181,67,9,0,51
2155,743,386,226,186,67,9,0,51
2156,736,395,229,188,67,9,0,51
2157,728,404,234,191,67,9,0,50
2158,719,412,238,194,67,9,0,50
2159,710,421,242,196,67,9,0,49
2160,701,429,246,199,67,9,0,48
2161,691,437,251,203,67,9,0,48
2162,681,446,255,208,67,9,0,47
2163,672,455,258,212,67,9,0,47
2164,663,463,262,217,67,9,0,47
2165,649,472,268,222,67,9,0,47
2166,635,484,276,224,67,9,0,47
2167,621,492,281,232,67,9,0,47
2168,607,496,286,243,67,9,0,47
2169,592,510,293,244,67,9,0,47
2170,576,526,299,245,67,9,0,47
2171,561,539,305,251,67,9,0,47
2172,542,551,314,259,67,9,0,48
2173,525,564,319,269,67,9,0,49
2174,503,579,327,277,67,9,0,50
2175,480,594,335,286,67,9,0,50
2176,455,614,344,286,67,9,0,50
2177,431,627,353,298,67,9,0,49
2178,401,648,366,301,67,9,0,49
2179,370,664,376,312,67,9,0,48
2180,332,682,391,325,67,9,0,47
2181,289,701,408,334,67,9,0,46
2182,241,724,426,338,67,9,0,43
2183,192,737,445,337,67,9,0,40
2184,137,749,463,326,67,9,0,36
2185,78,787,484,287,67,9,0,32
2186,14,805,501,271,67,9,0,26
2187,0,830,468,247,67,9,0,20
2188,0,869,414,207,67,9,0,15
2189,0,902,350,175,67,9,0,11
2190,0,930,278,147,67,9,0,10
2191,0,966,192,111,67,9,0,9
722,1235,76,140,73,69,9,5,26
723,1223,73,153,77,69,9,5,26
724,1209,75,165,75,69,9,5,26
725,1196,76,179,74,69,9,5,26
726,1181,77,192,74,69,9,5,28
727,1158,77,178,73,69,9,5,29
728,1142,78,176,72,69,9,5,31
729,1124,78,188,73,69,9,5,32
730,1106,78,203,72,69,9,5,33
731,1088,78,204,72,69,9,5,34
732,1071,79,203,70,69,9,5,33
733,1051,78,203,72,69,9,5,33
734,1032,78,205,72,69,9,5,32
735,1012,78,205,72,69,9,5,33
736,992,78,206,71,69,9,5,34
737,970,78,207,72,69,9,5,37
738,949,79,204,72,69,9,5,39
739,928,79,204,73,69,9,5,42
740,907,79,204,72,69,9,5,46
741,887,80,203,73,69,9,5,49
742,862,81,207,73,69,9,5,50
743,838,81,208,73,69,9,5,48
744,831,80,191,74,69,9,5,49
745,801,79,197,75,69,9,5,49
746,765,80,208,75,69,9,5,51
2148,753,100,145,52,72,9,0,45
2149,753,101,161,52,72,9,0,45
2150,768,102,162,51,72,9,0,45
2151,800,101,139,51,72,9,0,41
2152,830,102,107,50,72,9,0,35
2153,829,102,113,50,72,9,0,28
2154,834,101,112,51,72,9,0,26
2155,849,102,104,50,72,9,0,25
2156,866,99,107,53,72,9,0,29
2157,883,99,109,52,72,9,0,34
2158,902,101,160,49,72,9,0,39
2159,951,100,127,49,72,9,0,42
2160,966,100,128,50,72,9,0,43
2161,983,100,129,50,72,9,0,42
2162,996,101,132,49,72,9,0,39
2163,999,99,146,51,72,9,0,34
2164,1011,99,149,51,72,9,0,29
2165,1028,100,149,50,72,9,0,26
2166,1046,100,151,50,72,9,0,27
2167,1064,100,147,49,72,9,0,27
2168,1081,100,147,49,72,9,0,27
2169,1098,100,146,49,72,9,0,27
2170,1115,99,147,50,72,9,0,28
2171,1131,100,148,49,72,9,0,29
2172,1149,99,148,50,72,9,0,31
2173,1165,100,147,50,72,9,0,33
2174,1182,100,147,49,72,9,0,35
2175,1199,101,148,48,72,9,0,36
2176,1216,101,152,48,72,9,0,36
2177,1234,98,139,51,72,9,0,36
2178,1253,99,122,49,72,9,0,33
2179,1271,98,103,47,72,9,0,32
2180,1287,97,87,49,72,9,0,30
583,1089,1007,395,71,85,5,3,42
584,1061,979,455,99,85,5,3,42
585,1091,946,499,132,85,5,3,42
586,1118,916,483,161,85,5,3,42
587,1141,883,470,194,85,5,3,42
588,1157,848,462,228,85,5,3,42
589,1182,822,445,254,85,5,3,42
590,1199,800,432,276,85,5,3,42
591,1216,781,420,293,85,5,3,42
592,1231,756,407,320,85,5,3,42
593,1241,740,395,324,85,5,3,41
594,1250,719,382,318,85,5,3,41
595,1255,703,373,309,85,5,3,40
596,1259,688,365,301,85,5,3,40
597,1262,674,354,293,85,5,3,40
598,1263,654,346,291,85,5,3,40
599,1263,647,338,277,85,5,3,40
600,1263,630,330,273,85,5,3,40
601,1261,616,322,269,85,5,3,40
602,1257,600,316,266,85,5,3,41
603,1253,584,309,257,85,5,3,43
604,1249,564,302,256,85,5,3,44
605,1245,555,295,246,85,5,3,45
606,1240,543,289,239,85,5,3,47
607,1234,531,284,233,85,5,3,48
608,1229,518,278,229,85,5,3,48
609,1224,507,272,223,85,5,3,48
610,1218,497,268,218,85,5,3,48
611,1212,487,264,214,85,5,3,48
612,1206,475,259,210,85,5,3,48
613,1200,464,253,207,85,5,3,48
614,1194,456,249,202,85,5,3,49
615,1188,445,244,198,85,5,3,49
616,1182,432,240,198,85,5,3,49
617,1176,427,236,191,85,5,3,50
618,1171,420,232,187,85,5,3,50
619,1166,410,228,184,85,5,3,50
620,1160,400,225,183,85,5,3,50
621,1156,393,221,178,85,5,3,51
622,1151,384,217,176,85,5,3,52
623,1146,375,214,174,85,5,3,53
624,1142,367,209,170,85,5,3,54
625,1137,362,207,166,85,5,3,54
626,1132,352,206,165,85,5,3,55
627,1129,348,202,160,85,5,3,56
628,1125,339,199,159,85,5,3,56
629,1121,332,198,156,85,5,3,57
630,1119,326,193,154,85,5,3,57
631,1116,319,190,151,85,5,3,57
632,1112,317,188,146,85,5,3,57
633,1109,309,185,147,85,5,3,56
634,1107,304,183,143,85,5,3,56
635,1105,300,181,141,85,5,3,55
636,1104,293,177,141,85,5,3,55
637,1101,286,175,140,85,5,3,55
638,1098,284,174,136,85,5,3,54
639,1097,280,171,134,85,5,3,54
640,1096,274,168,134,85,5,3,54
641,1094,271,167,131,85,5,3,54
642,1093,264,164,131,85,5,3,54
643,1091,262,163,128,85,5,3,54
644,1090,259,162,125,85,5,3,54
645,1089,254,160,124,85,5,3,55
646,1088,249,158,124,85,5,3,55
647,1088,247,157,120,85,5,3,55
648,1088,241,154,121,85,5,3,55
649,1088,238,152,119,85,5,3,55
650,1087,235,151,117,85,5,3,55
651,1087,230,149,118,85,5,3,55
652,1087,226,147,117,85,5,3,54
653,1087,223,145,116,85,5,3,54
654,1088,220,143,114,85,5,3,53
655,1087,216,143,114,85,5,3,54
656,1087,214,141,112,85,5,3,54
657,1087,213,140,108,85,5,3,54
658,1087,210,139,108,85,5,3,54
659,1088,207,138,107,85,5,3,54
660,1088,205,136,105,85,5,3,54
661,1088,201,136,105,85,5,3,53
662,1089,200,134,103,85,5,3,53
663,1089,195,133,104,85,5,3,53
664,1090,194,132,102,85,5,3,52
665,1090,192,131,101,85,5,3,51
666,1091,190,129,100,85,5,3,50
667,1092,188,129,99,85,5,3,50
668,1093,187,127,97,85,5,3,49
669,1094,183,126,98,85,5,3,49
670,1095,182,125,96,85,5,3,47
671,1096,180,124,96,85,5,3,47
672,1097,178,123,96,85,5,3,46
673,1098,177,122,94,85,5,3,46
674,1099,174,121,94,85,5,3,46
675,1099,174,121,92,85,5,3,45
676,1100,173,120,90,85,5,3,46
677,1101,172,119,89,85,5,3,47
678,1102,169,118,89,85,5,3,47
679,1103,164,116,91,85,5,3,46
680,1105,164,115,90,85,5,3,45
681,1105,163,115,89,85,5,3,46
682,1106,161,114,88,85,5,3,46
683,1106,160,114,87,85,5,3,46
684,1107,160,113,84,85,5,3,47
685,1108,159,113,83,85,5,3,48
686,1109,158,111,81,85,5,3,49
687,1110,158,110,80,85,5,3,49
688,1111,156,109,79,85,5,3,49
689,1111,153,108,80,85,5,3,50
690,1111,153,108,78,85,5,3,50
691,1112,149,107,79,85,5,3,50
692,1113,149,107,77,85,5,3,48
693,1113,148,106,77,85,5,3,46
694,1113,147,106,77,85,5,3,43
695,1115,147,104,76,85,5,3,42
696,1115,146,104,75,85,5,3,43
697,1116,145,103,72,85,5,3,48
698,1117,144,101,71,85,5,3,53
699,1117,142,101,69,85,5,3,57
700,1118,142,100,68,85,5,3,61
701,1118,140,99,70,85,5,3,69
702,1118,139,99,67,85,5,3,77
703,1118,139,99,59,85,5,3,80
704,1118,138,97,61,85,5,3,77
705,1118,137,96,62,85,5,3,76
706,1119,135,96,64,85,5,3,82
707,1119,134,95,62,85,5,3,83
708,1119,133,94,55,85,5,3,85
709,1118,132,94,56,85,5,3,82
710,1119,131,94,53,85,5,3,85
711,1119,130,93,54,85,5,3,83
712,1118,129,93,55,85,5,3,74
713,1119,127,91,56,85,5,3,64
714,1118,127,91,54,85,5,3,48
715,1118,126,91,54,85,5,3,48
716,1118,125,91,57,85,5,3,49
717,1118,126,90,50,85,5,3,54
718,1117,125,90,52,85,5,3,47
719,1118,125,89,52,85,5,3,35
720,1118,124,89,52,85,5,3,30
721,1118,125,88,52,85,5,3,22
722,1118,124,88,53,85,5,3,19
723,1116,123,89,53,85,5,3,20
724,1116,123,89,51,85,5,3,31
725,1116,122,88,50,85,5,3,44
726,1115,121,84,48,85,5,3,53
727,1115,120,85,47,85,5,3,59
728,1114,120,86,48,85,5,3,64
729,1115,119,86,47,85,5,3,68
730,1117,119,84,45,85,5,3,72
731,1118,117,75,44,85,5,3,75
737,1114,113,85,36,85,5,3,76
738,1113,113,80,37,85,5,3,78
739,1114,112,83,39,85,5,3,80
740,1113,112,87,41,85,5,3,81
741,1112,112,81,39,85,5,3,67
742,1110,112,81,38,85,5,3,50
743,1110,111,77,37,85,5,3,32
744,1110,112,79,37,85,5,3,37
745,1110,112,78,36,85,5,3,45
746,1110,111,76,36,85,5,3,54
747,1111,111,75,35,85,5,3,53
748,1111,111,74,35,85,5,3,51
749,1111,111,73,33,85,5,3,48
750,1112,111,74,32,85,5,3,46
751,1112,110,76,33,85,5,3,45
752,1112,110,76,31,85,5,3,37
753,1112,110,77,33,85,5,3,31
754,1110,110,88,37,85,5,3,20
755,1110,109,77,34,85,5,3,17
756,1109,109,78,34,85,5,3,10
757,1108,108,76,33,85,5,3,16
780,1105,107,85,49,85,5,3,15
781,1105,107,85,49,85,5,3,23
782,1105,106,86,48,85,5,3,23
783,1105,106,86,48,85,5,3,28
784,1105,105,86,36,85,5,3,37
785,1104,106,88,46,85,5,3,57
786,1105,105,87,43,85,5,3,81
787,1105,105,86,36,85,5,3,100
788,1105,105,86,34,85,5,3,113
789,1105,104,86,36,85,5,3,100
790,1105,104,86,38,85,5,3,84
791,1105,103,87,42,85,5,3,58
792,1105,104,86,38,85,5,3,50
793,1105,104,87,42,85,5,3,49
794,1105,104,86,38,85,5,3,45
807,1100,100,71,54,85,5,3,42
808,1099,98,67,54,85,5,3,30
809,1098,98,65,53,85,5,3,25
810,1097,97,64,53,85,5,3,27
811,1096,97,64,54,85,5,3,29
812,1094,96,65,55,85,5,3,32
813,1092,96,64,54,85,5,3,30
814,1090,96,63,53,85,5,3,27
815,1090,96,62,53,85,5,3,26
816,1088,95,63,53,85,5,3,25
817,1087,95,62,53,85,5,3,27
818,1085,95,64,52,85,5,3,29
819,1084,94,64,51,85,5,3,32
820,1082,94,65,51,85,5,3,33
821,1081,93,66,51,85,5,3,34
822,1079,93,64,51,85,5,3,35
823,1078,92,60,51,85,5,3,37
824,1076,90,61,52,85,5,3,39
825,1075,89,62,51,85,5,3,42
826,1073,89,63,50,85,5,3,49
827,1071,87,64,51,85,5,3,57
828,1070,86,65,50,85,5,3,64
829,1066,85,67,50,85,5,3,67
830,1065,84,65,49,85,5,3,68
831,1063,83,69,50,85,5,3,67
832,1062,81,68,50,85,5,3,68
833,1060,80,68,50,85,5,3,71
834,1058,79,67,49,85,5,3,75
835,1056,76,68,50,85,5,3,81
836,1055,75,66,50,85,5,3,86
837,1053,72,66,50,85,5,3,93
838,1050,71,67,51,85,5,3,94
839,1048,68,66,52,85,5,3,100
840,1046,66,66,52,85,5,3,104
841,1044,64,66,51,85,5,3,113
842,1041,63,66,50,85,5,3,123
843,1040,61,65,50,85,5,3,131
844,1038,59,64,49,85,5,3,139
845,1035,59,65,48,85,5,3,140
846,1033,56,65,49,85,5,3,142
847,1031,54,65,49,85,5,3,138
848,1030,53,64,48,85,5,3,135
849,1028,50,65,50,85,5,3,132
850,1027,48,63,50,85,5,3,132
851,1025,48,63,49,85,5,3,130
852,1024,48,62,47,85,5,3,132
853,1023,47,61,47,85,5,3,136
854,1021,43,61,49,85,5,3,142
855,1019,41,61,49,85,5,3,148
856,1018,40,60,48,85,5,3,153
857,1016,39,61,47,85,5,3,159
858,1014,38,60,47,85,5,3,162
859,1012,36,61,47,85,5,3,167
860,1009,34,61,47,85,5,3,171
861,1008,32,60,47,85,5,3,175
862,1006,31,60,46,85,5,3,177
863,1004,30,60,45,85,5,3,178
864,1002,28,59,45,85,5,3,179
865,999,26,60,45,85,5,3,179
866,997,25,60,45,85,5,3,179
867,996,23,59,44,85,5,3,179
868,993,22,59,45,85,5,3,179
869,992,20,58,44,85,5,3,179
870,991,18,57,45,85,5,3,179
871,988,18,58,44,85,5,3,179
872,987,16,58,44,85,5,3,179
873,985,15,58,44,85,5,3,179
874,984,15,56,42,85,5,3,179
875,982,13,56,42,85,5,3,179
876,981,12,55,42,85,5,3,179
877,980,9,56,43,85,5,3,179
878,979,8,55,42,85,5,3,179
879,977,5,54,43,85,5,3,179
880,976,0,54,47,85,5,3,179
881,974,4,54,41,85,5,3,179
882,972,0,55,44,85,5,3,179
883,972,0,53,42,85,5,3,179
884,971,0,53,41,85,5,3,179
885,970,0,53,40,85,5,3,179
886,969,0,53,38,85,5,3,179
887,968,0,52,36,85,5,3,179
888,966,0,52,35,85,5,3,179
889,965,0,52,33,85,5,3,179
890,964,0,51,31,85,5,3,179
891,963,0,51,30,85,5,3,179
892,962,0,51,29,85,5,3,179
893,961,0,51,28,85,5,3,179
894,961,0,50,27,85,5,3,179
895,960,0,50,25,85,5,3,179
896,959,0,49,24,85,5,3,179
897,959,0,49,24,85,5,3,179
898,957,0,49,22,85,5,3,179
899,957,0,48,21,85,5,3,179
631,1226,722,395,312,86,9,0,41
632,1226,705,383,302,86,9,0,41
633,1226,688,373,295,86,9,0,41
634,1223,673,364,287,86,9,0,41
635,1222,656,355,282,86,9,0,41
636,1219,641,346,275,86,9,0,41
637,1217,626,337,270,86,9,0,41
638,1212,610,330,266,86,9,0,42
639,1208,594,324,257,86,9,0,44
640,1204,578,316,251,86,9,0,45
641,1200,562,309,246,86,9,0,47
642,1196,549,303,240,86,9,0,48
643,1192,536,296,233,86,9,0,49
644,1186,525,292,227,86,9,0,49
645,1182,512,285,223,86,9,0,49
646,1178,503,279,216,86,9,0,49
647,1173,492,274,212,86,9,0,49
648,1169,480,269,209,86,9,0,49
649,1165,469,265,205,86,9,0,49
650,1160,459,260,200,86,9,0,49
651,1156,450,255,196,86,9,0,50
652,1152,440,251,193,86,9,0,50
653,1149,431,246,189,86,9,0,50
654,1146,423,241,185,86,9,0,51
655,1143,414,238,181,86,9,0,51
656,1141,405,233,179,86,9,0,51
657,1138,397,229,175,86,9,0,52
658,1135,388,227,174,86,9,0,53
659,1133,381,223,168,86,9,0,54
660,1131,372,218,166,86,9,0,55
661,1128,365,215,163,86,9,0,55
662,1126,358,213,160,86,9,0,55
663,1124,351,209,158,86,9,0,55
664,1121,344,207,155,86,9,0,56
665,1119,337,203,153,86,9,0,56
666,1117,330,201,151,86,9,0,56
667,1115,324,198,148,86,9,0,56
668,1114,319,196,146,86,9,0,56
669,1112,314,193,143,86,9,0,55
670,1111,307,190,142,86,9,0,55
671,1109,303,188,140,86,9,0,54
672,1106,298,188,138,86,9,0,54
673,1107,292,185,136,86,9,0,54
674,1106,287,182,135,86,9,0,54
675,1105,284,179,132,86,9,0,54
676,1105,279,177,130,86,9,0,54
677,1104,275,174,128,86,9,0,55
678,1104,271,171,126,86,9,0,55
679,1104,266,169,124,86,9,0,55
680,1103,262,167,123,86,9,0,55
681,1104,258,165,121,86,9,0,55
682,1103,253,164,121,86,9,0,56
683,1104,249,160,119,86,9,0,56
684,1104,244,159,118,86,9,0,57
685,1104,241,158,116,86,9,0,57
686,1104,236,155,116,86,9,0,58
687,1104,232,155,115,86,9,0,58
688,1103,228,152,113,86,9,0,58
689,1104,225,150,112,86,9,0,58
690,1104,223,150,110,86,9,0,57
691,1105,219,147,109,86,9,0,57
692,1106,217,143,107,86,9,0,56
693,1106,213,144,106,86,9,0,56
694,1106,211,142,105,86,9,0,56
695,1106,207,141,104,86,9,0,56
696,1105,205,141,102,86,9,0,55
697,1106,203,138,102,86,9,0,54
698,1106,200,137,101,86,9,0,54
699,1107,198,135,99,86,9,0,54
700,1107,194,134,99,86,9,0,54
701,1107,193,133,98,86,9,0,53
702,1107,191,131,96,86,9,0,53
703,1106,188,131,96,86,9,0,53
704,1106,186,131,95,86,9,0,53
705,1106,185,131,93,86,9,0,53
706,1105,182,129,92,86,9,0,53
707,1106,180,127,91,86,9,0,54
708,1105,178,125,90,86,9,0,54
709,1105,175,123,90,86,9,0,55
710,1105,173,122,89,86,9,0,54
711,1104,172,121,88,86,9,0,53
712,1103,170,120,87,86,9,0,52
713,1102,168,119,86,86,9,0,51
714,1101,166,119,86,86,9,0,50
715,1101,165,119,85,86,9,0,48
716,1101,163,116,84,86,9,0,48
717,1101,162,115,84,86,9,0,47
718,1101,160,115,83,86,9,0,46
719,1101,159,114,82,86,9,0,45
720,1101,159,113,81,86,9,0,44
721,1101,158,112,80,86,9,0,44
722,1102,156,110,79,86,9,0,44
723,1103,155,109,79,86,9,0,43
724,1103,153,108,79,86,9,0,44
725,1103,151,107,78,86,9,0,45
726,1104,150,106,78,86,9,0,46
727,1105,149,104,76,86,9,0,47
728,1106,147,104,76,86,9,0,46
729,1107,147,102,75,86,9,0,47
730,1106,145,102,75,86,9,0,48
731,1106,141,102,76,86,9,0,49
732,1107,139,100,76,86,9,0,49
733,1108,139,99,75,86,9,0,50
734,1106,137,101,75,86,9,0,52
735,1106,136,101,74,86,9,0,54
736,1108,136,99,71,86,9,0,54
737,1109,134,97,71,86,9,0,55
738,1109,134,96,70,86,9,0,54
739,1110,133,95,68,86,9,0,53
740,1110,132,94,69,86,9,0,48
741,1113,131,89,69,86,9,0,44
742,1113,131,89,68,86,9,0,42
743,1112,130,89,67,86,9,0,40
744,1112,129,89,66,86,9,0,40
745,1112,129,88,66,86,9,0,39
746,1112,128,87,65,86,9,0,41
747,1112,127,87,65,86,9,0,41
748,1112,127,87,64,86,9,0,40
749,1111,127,87,62,86,9,0,38
750,1111,127,87,62,86,9,0,36
751,1113,130,86,58,86,9,0,35
752,1110,129,87,57,86,9,0,34
753,1111,138,84,49,86,9,0,34
754,1110,138,84,47,86,9,0,36
755,1110,136,84,48,86,9,0,39
756,1110,129,86,53,86,9,0,41
757,1111,133,86,48,86,9,0,43
758,1112,136,85,44,86,9,0,44
760,1108,119,91,60,86,9,0,45
761,1108,113,91,63,86,9,0,43
762,1108,117,91,58,86,9,0,41
763,1108,114,90,62,86,9,0,40
764,1106,109,93,66,86,9,0,41
765,1106,109,87,64,86,9,0,37
766,1106,109,92,62,86,9,0,34
767,1109,110,85,63,86,9,0,38
768,1111,110,86,61,86,9,0,54
769,1107,110,92,58,86,9,0,58
770,1109,110,87,56,86,9,0,51
771,1110,112,80,56,86,9,0,53
772,1110,112,81,55,86,9,0,64
773,1107,111,83,51,86,9,0,70
774,1106,108,83,53,86,9,0,55
775,1106,108,79,54,86,9,0,49
776,1106,109,86,55,86,9,0,53
777,1107,127,81,36,86,9,0,63
778,1106,126,81,34,86,9,0,65
660,1039,1002,472,75,87,9,0,5
661,1065,968,525,109,87,9,0,5
662,1090,934,507,142,87,9,0,5
663,1110,904,490,173,87,9,0,5
664,1124,869,480,207,87,9,0,5
665,1137,840,468,236,87,9,0,5
666,1153,810,453,266,87,9,0,5
667,1166,791,439,285,87,9,0,5
668,1180,769,423,305,87,9,0,6
669,1186,748,412,323,87,9,0,10
670,1193,730,400,326,87,9,0,16
671,1200,710,388,318,87,9,0,21
672,1204,694,378,309,87,9,0,25
673,1207,678,369,301,87,9,0,29
674,1210,663,359,293,87,9,0,33
675,1212,647,350,287,87,9,0,36
676,1213,631,341,282,87,9,0,38
677,1212,616,334,277,87,9,0,40
678,1209,601,327,272,87,9,0,41
679,1206,585,321,263,87,9,0,43
680,1203,567,314,259,87,9,0,45
681,1200,552,306,253,87,9,0,47
682,1196,540,299,245,87,9,0,48
683,1193,528,293,239,87,9,0,49
684,1189,514,288,235,87,9,0,50
685,1185,504,283,228,87,9,0,50
686,1182,494,276,222,87,9,0,50
687,1179,482,270,218,87,9,0,50
688,1175,471,265,213,87,9,0,50
689,1171,460,261,210,87,9,0,50
690,1168,451,256,205,87,9,0,50
691,1164,441,252,202,87,9,0,50
692,1162,432,247,198,87,9,0,50
693,1159,424,242,194,87,9,0,50
694,1156,416,238,191,87,9,0,50
695,1152,407,235,187,87,9,0,50
696,1150,399,231,184,87,9,0,50
697,1146,391,227,180,87,9,0,51
698,1143,384,223,177,87,9,0,51
699,1140,375,221,175,87,9,0,52
700,1137,368,216,171,87,9,0,53
701,1134,361,214,168,87,9,0,53
702,1131,353,210,165,87,9,0,54
703,1128,346,207,164,87,9,0,54
704,1124,338,205,161,87,9,0,55
705,1122,333,201,157,87,9,0,56
706,1119,326,197,155,87,9,0,56
707,1116,320,196,152,87,9,0,57
708,1112,314,193,151,87,9,0,57
709,1110,308,190,148,87,9,0,57
710,1107,303,188,146,87,9,0,56
711,1104,298,186,144,87,9,0,55
712,1103,293,183,142,87,9,0,55
713,1100,287,180,141,87,9,0,55
714,1099,283,179,138,87,9,0,55
715,1098,278,175,137,87,9,0,55
716,1096,275,173,133,87,9,0,55
717,1094,271,170,131,87,9,0,55
718,1093,266,169,130,87,9,0,54
719,1092,262,166,129,87,9,0,54
720,1092,258,164,128,87,9,0,53
721,1091,255,162,125,87,9,0,53
722,1090,251,161,124,87,9,0,53
723,1089,246,160,123,87,9,0,53
724,1089,243,158,121,87,9,0,53
725,1088,240,157,120,87,9,0,54
726,1090,236,154,118,87,9,0,54
727,1090,231,152,118,87,9,0,54
728,1090,229,151,116,87,9,0,54
729,1091,225,149,115,87,9,0,55
730,1091,221,148,114,87,9,0,56
731,1092,217,145,113,87,9,0,56
732,1092,215,144,111,87,9,0,55
733,1093,213,142,109,87,9,0,55
734,1093,210,141,109,87,9,0,56
735,1093,206,140,107,87,9,0,56
736,1094,203,139,106,87,9,0,55
737,1095,200,137,106,87,9,0,55
738,1096,198,135,105,87,9,0,55
739,1097,196,133,103,87,9,0,55
740,1098,193,132,102,87,9,0,54
741,1098,191,131,101,87,9,0,53
742,1098,189,131,100,87,9,0,52
743,1100,187,129,99,87,9,0,52
744,1100,185,128,97,87,9,0,51
745,1101,184,127,97,87,9,0,49
746,1101,182,126,95,87,9,0,48
747,1101,180,126,94,87,9,0,48
748,1102,179,124,93,87,9,0,47
749,1103,177,123,92,87,9,0,46
750,1104,175,121,92,87,9,0,46
751,1104,174,121,91,87,9,0,45
752,1104,172,120,91,87,9,0,45
753,1104,170,118,90,87,9,0,44
754,1103,169,118,89,87,9,0,44
755,1103,167,117,89,87,9,0,44
756,1104,165,116,88,87,9,0,44
757,1104,164,115,87,87,9,0,44
758,1103,162,114,87,87,9,0,44
759,1104,160,113,87,87,9,0,44
760,1104,159,112,86,87,9,0,44
761,1104,158,111,85,87,9,0,44
762,1105,156,109,84,87,9,0,45
763,1106,155,109,83,87,9,0,45
764,1106,154,107,83,87,9,0,44
765,1106,153,107,82,87,9,0,43
766,1106,152,106,81,87,9,0,41
767,1106,151,106,81,87,9,0,39
768,1105,149,105,81,87,9,0,38
769,1105,148,103,81,87,9,0,38
770,1105,147,103,80,87,9,0,38
771,1105,145,102,80,87,9,0,38
772,1106,145,101,79,87,9,0,38
773,1106,143,101,79,87,9,0,39
774,1107,141,99,79,87,9,0,39
775,1107,141,99,78,87,9,0,39
776,1107,137,100,80,87,9,0,40
777,1107,136,97,79,87,9,0,41
778,1107,136,97,78,87,9,0,42
779,1107,136,96,76,87,9,0,42
780,1107,135,95,76,87,9,0,42
781,1107,132,95,77,87,9,0,43
782,1106,131,96,76,87,9,0,43
783,1106,131,95,75,87,9,0,43
784,1106,130,92,74,87,9,0,42
785,1106,129,93,73,87,9,0,41
786,1106,128,92,74,87,9,0,40
787,1106,126,93,74,87,9,0,38
788,1106,126,92,73,87,9,0,36
789,1106,126,91,73,87,9,0,35
790,1107,126,90,71,87,9,0,35
791,1107,125,89,70,87,9,0,34
792,1106,125,90,70,87,9,0,33
793,1106,125,89,69,87,9,0,32
794,1106,124,89,69,87,9,0,31
795,1106,123,90,69,87,9,0,29
796,1106,123,89,69,87,9,0,27
797,1105,121,91,71,87,9,0,27
798,1106,120,92,71,87,9,0,28
799,1108,119,88,70,87,9,0,28
800,1107,118,90,70,87,9,0,28
801,1107,118,89,70,87,9,0,27
802,1107,118,92,69,87,9,0,27
803,1107,117,91,70,87,9,0,26
804,1108,117,89,69,87,9,0,24
805,1107,116,86,70,87,9,0,24
806,1108,115,89,70,87,9,0,26
807,1107,114,90,70,87,9,0,28
808,1107,111,85,72,87,9,0,30
809,1108,109,83,73,87,9,0,32
810,1108,109,84,73,87,9,0,33
811,1108,108,84,73,87,9,0,34
812,1107,108,84,72,87,9,0,33
813,1107,108,84,71,87,9,0,31
814,1107,108,84,71,87,9,0,29
815,1107,108,84,70,87,9,0,28
816,1106,108,83,70,87,9,0,27
817,1106,108,82,69,87,9,0,26
818,1106,108,82,68,87,9,0,25
819,1106,107,82,68,87,9,0,24
820,1106,107,82,68,87,9,0,23
821,1105,107,82,68,87,9,0,21
822,1106,107,82,68,87,9,0,19
823,1106,107,82,67,87,9,0,16
824,1106,107,82,67,87,9,0,14
825,1105,106,82,67,87,9,0,13
826,1105,106,82,67,87,9,0,13
827,1105,107,82,66,87,9,0,12
828,1105,106,82,67,87,9,0,11
829,1105,107,82,66,87,9,0,7
830,1105,107,82,66,87,9,0,6
831,1105,107,82,66,87,9,0,7
832,1105,107,82,65,87,9,0,7
833,1105,107,82,65,87,9,0,8
834,1105,107,82,65,87,9,0,7
835,1105,107,83,65,87,9,0,9
836,1105,107,83,64,87,9,0,9
837,1105,107,83,64,87,9,0,10
838,1105,107,84,64,87,9,0,9
839,1105,107,84,64,87,9,0,9
840,1105,107,83,64,87,9,0,9
841,1105,107,83,64,87,9,0,9
842,1103,107,84,63,87,9,0,8
843,1102,107,86,63,87,9,0,8
844,1101,107,86,63,87,9,0,8
845,1101,106,86,63,87,9,0,8
846,1101,106,86,63,87,9,0,6
847,1101,107,86,63,87,9,0,4
848,1101,107,86,63,87,9,0,3
849,1101,107,87,63,87,9,0,3
850,1101,107,87,64,87,9,0,4
851,1100,107,87,63,87,9,0,4
852,1101,107,86,63,87,9,0,4
853,1100,107,87,64,87,9,0,3
854,1099,107,87,64,87,9,0,2
855,1099,106,87,64,87,9,0,2
856,1099,106,87,64,87,9,0,2
857,1099,106,88,65,87,9,0,1
858,1099,106,88,65,87,9,0,1
859,1100,106,87,64,87,9,0,1
860,1103,107,84,64,87,9,0,2
861,1105,107,82,63,87,9,0,3
862,1104,107,82,63,87,9,0,3
863,1104,107,83,63,87,9,0,4
864,1107,107,79,63,87,9,0,7
865,1108,107,78,62,87,9,0,7
866,1109,107,77,62,87,9,0,10
867,1109,107,77,62,87,9,0,10
868,1109,107,77,61,87,9,0,13
869,1109,107,77,61,87,9,0,13
870,1109,106,76,62,87,9,0,14
871,1109,107,77,61,87,9,0,14
872,1109,107,77,60,87,9,0,11
873,1109,107,76,61,87,9,0,8
874,1109,107,76,61,87,9,0,5
875,1110,107,76,61,87,9,0,3
876,1109,107,76,61,87,9,0,2
877,1110,107,76,61,87,9,0,3
878,1109,107,76,60,87,9,0,3
879,1109,107,76,60,87,9,0,3
880,1109,108,77,60,87,9,0,2
881,1110,108,76,60,87,9,0,2
882,1109,108,76,59,87,9,0,2
883,1110,107,76,60,87,9,0,2
884,1110,107,76,60,87,9,0,4
885,1110,106,76,60,87,9,0,5
886,1110,106,76,60,87,9,0,9
887,1110,106,76,61,87,9,0,10
888,1109,105,77,61,87,9,0,13
889,1109,105,77,61,87,9,0,13
890,1110,105,76,60,87,9,0,12
891,1110,105,76,60,87,9,0,11
892,1110,105,76,60,87,9,0,10
893,1110,105,76,60,87,9,0,9
894,1109,105,76,60,87,9,0,8
895,1110,105,76,60,87,9,0,7
896,1110,104,76,60,87,9,0,6
897,1109,104,76,61,87,9,0,4
898,1109,104,77,60,87,9,0,3
899,1109,104,76,61,87,9,0,2
900,1109,104,77,61,87,9,0,1
901,1109,104,77,61,87,9,0,1
902,1109,104,77,60,87,9,0,1
903,1109,105,77,60,87,9,0,1
904,1110,104,77,60,87,9,0,1
905,1110,105,77,60,87,9,0,1
906,1110,105,76,60,87,9,0,1
907,1110,104,76,60,87,9,0,3
908,1109,104,77,60,87,9,0,3
909,1109,104,77,60,87,9,0,5
910,1109,104,77,60,87,9,0,7
911,1109,103,77,60,87,9,0,8
912,1109,102,76,61,87,9,0,8
913,1108,103,77,60,87,9,0,7
914,1106,102,79,61,87,9,0,11
915,1105,102,79,61,87,9,0,15
916,1105,102,78,60,87,9,0,20
917,1105,101,78,60,87,9,0,21
918,1105,101,78,60,87,9,0,21
919,1105,101,78,60,87,9,0,21
920,1105,100,78,60,87,9,0,22
921,1105,101,77,59,87,9,0,23
922,1104,100,78,59,87,9,0,24
923,1103,99,78,59,87,9,0,24
924,1103,99,78,59,87,9,0,24
925,1103,98,76,60,87,9,0,24
926,1102,98,77,59,87,9,0,23
927,1101,98,77,58,87,9,0,21
928,1100,98,77,58,87,9,0,20
929,1099,98,77,58,87,9,0,20
930,1098,97,78,58,87,9,0,22
931,1097,96,78,58,87,9,0,24
932,1096,95,77,58,87,9,0,27
933,1095,96,77,58,87,9,0,30
934,1094,96,77,57,87,9,0,32
935,1092,96,77,57,87,9,0,33
936,1091,96,77,56,87,9,0,33
937,1089,96,77,55,87,9,0,32
938,1088,95,76,55,87,9,0,30
939,1087,95,76,55,87,9,0,29
940,1085,94,76,55,87,9,0,29
941,1083,93,76,55,87,9,0,30
942,1082,93,75,55,87,9,0,30
943,1080,92,76,55,87,9,0,32
944,1079,92,75,54,87,9,0,32
945,1078,91,74,55,87,9,0,32
946,1076,91,74,54,87,9,0,32
947,1074,90,74,54,87,9,0,32
948,1072,90,74,53,87,9,0,32
949,1071,89,73,54,87,9,0,34
950,1070,88,73,54,87,9,0,38
951,1067,87,73,53,87,9,0,41
952,1066,86,73,53,87,9,0,43
953,1065,85,73,54,87,9,0,46
954,1063,83,73,55,87,9,0,50
955,1062,83,72,53,87,9,0,53
956,1060,81,71,53,87,9,0,56
957,1058,80,71,54,87,9,0,58
958,1056,79,71,53,87,9,0,66
959,1055,77,71,54,87,9,0,75
960,1054,75,69,53,87,9,0,83
961,1051,73,71,53,87,9,0,90
962,1049,72,70,53,87,9,0,98
963,1047,69,69,53,87,9,0,107
964,1046,67,69,53,87,9,0,112
965,1044,66,69,53,87,9,0,114
966,1042,64,69,53,87,9,0,116
967,1040,63,69,51,87,9,0,121
968,1039,61,67,52,87,9,0,125
969,1038,59,67,51,87,9,0,130
970,1035,58,68,50,87,9,0,133
971,1033,55,68,52,87,9,0,138
972,1031,54,68,51,87,9,0,140
973,1029,52,67,50,87,9,0,142
974,1027,50,67,51,87,9,0,144
975,1025,48,67,51,87,9,0,144
976,1023,47,67,50,87,9,0,141
977,1022,46,66,50,87,9,0,139
978,1020,45,66,50,87,9,0,141
979,1018,43,67,49,87,9,0,145
980,1017,41,65,49,87,9,0,147
981,1015,39,65,49,87,9,0,150
982,1013,38,65,49,87,9,0,157
983,1011,36,65,49,87,9,0,161
984,1008,34,65,49,87,9,0,165
985,1007,33,65,49,87,9,0,165
986,1005,31,64,49,87,9,0,169
987,1004,30,63,48,87,9,0,170
988,1000,28,64,48,87,9,0,172
989,999,26,63,48,87,9,0,172
990,998,25,63,47,87,9,0,173
991,996,24,63,47,87,9,0,173
992,994,23,63,46,87,9,0,173
993,992,21,63,46,87,9,0,174
994,990,19,63,47,87,9,0,174
995,988,19,62,46,87,9,0,175
996,986,17,62,45,87,9,0,175
997,985,17,61,45,87,9,0,175
998,983,16,61,44,87,9,0,175
999,981,15,61,44,87,9,0,175
1000,980,13,61,44,87,9,0,175
1001,979,10,60,45,87,9,0,175
1002,978,8,59,46,87,9,0,175
1003,976,5,58,47,87,9,0,175
1004,975,5,59,46,87,9,0,175
1005,974,1,58,48,87,9,0,175
1006,972,1,58,47,87,9,0,175
1007,971,0,57,46,87,9,0,175
1008,969,0,57,45,87,9,0,175
1009,968,0,56,43,87,9,0,175
1010,966,0,57,42,87,9,0,175
1011,965,0,57,40,87,9,0,175
1012,963,0,56,38,87,9,0,175
1013,962,0,56,36,87,9,0,175
1014,961,0,56,36,87,9,0,175
1015,960,0,56,34,87,9,0,175
1016,959,0,55,32,87,9,0,175
1017,958,0,55,31,87,9,0,175
1018,956,0,55,30,87,9,0,175
1019,955,0,56,29,87,9,0,175
1020,954,0,54,27,87,9,0,175
1021,951,0,56,25,87,9,0,175
1022,951,0,55,24,87,9,0,175
1023,951,0,54,24,87,9,0,175
1024,951,0,53,23,87,9,0,175
1025,950,0,52,21,87,9,0,175
1026,950,0,51,20,87,9,0,175
1027,949,0,51,19,87,9,0,175
266,854,0,61,22,89,3,5,174
267,859,0,58,24,89,3,5,174
268,859,0,59,25,89,3,5,174
269,859,0,60,26,89,3,5,174
270,859,0,61,27,89,3,5,174
271,864,0,59,32,89,3,5,174
272,864,0,59,34,89,3,5,174
273,865,0,60,35,89,3,5,174
274,866,0,60,35,89,3,5,174
275,866,0,61,36,89,3,5,174
276,867,0,61,38,89,3,5,174
277,868,0,60,39,89,3,5,174
278,869,0,60,41,89,3,5,174
279,869,0,61,42,89,3,5,174
280,870,0,61,43,89,3,5,174
281,871,0,61,45,89,3,5,174
282,872,0,61,46,89,3,5,174
283,872,0,61,48,89,3,5,174
284,873,0,62,50,89,3,5,174
285,874,0,63,51,89,3,5,174
286,875,0,64,53,89,3,5,174
287,877,0,64,54,89,3,5,174
288,878,0,67,54,89,3,5,174
289,879,0,69,57,89,3,5,174
290,880,1,69,57,89,3,5,174
291,881,2,68,58,89,3,5,174
292,883,3,67,58,89,3,5,174
293,884,5,68,57,89,3,5,174
294,885,6,68,57,89,3,5,174
295,887,7,67,58,89,3,5,174
296,888,8,68,59,89,3,5,174
297,887,9,69,59,89,3,5,174
298,887,10,70,60,89,3,5,174
299,888,12,72,59,89,3,5,173
300,888,12,74,60,89,3,5,172
301,890,13,75,60,89,3,5,170
302,890,14,76,61,89,3,5,168
303,891,15,77,62,89,3,5,165
304,892,16,78,63,89,3,5,165
305,893,17,78,63,89,3,5,163
306,895,17,77,64,89,3,5,161
307,897,20,76,63,89,3,5,155
308,899,21,76,63,89,3,5,147
309,900,22,76,63,89,3,5,140
310,901,24,76,63,89,3,5,136
311,901,24,77,64,89,3,5,133
312,903,25,77,64,89,3,5,131
313,904,27,78,64,89,3,5,129
314,905,28,78,64,89,3,5,127
315,906,29,77,64,89,3,5,123
316,907,31,76,64,89,3,5,118
317,908,31,77,65,89,3,5,112
318,909,32,77,65,89,3,5,106
319,910,33,76,65,89,3,5,102
320,910,34,77,65,89,3,5,96
321,910,36,77,65,89,3,5,93
322,911,36,77,65,89,3,5,91
323,912,37,77,65,89,3,5,92
324,912,38,78,66,89,3,5,92
325,913,39,78,66,89,3,5,90
326,913,40,79,66,89,3,5,92
327,914,41,78,66,89,3,5,92
328,915,43,79,66,89,3,5,91
329,915,44,79,66,89,3,5,89
330,916,44,79,67,89,3,5,86
331,915,45,79,67,89,3,5,86
332,916,46,79,67,89,3,5,81
333,917,47,79,67,89,3,5,79
334,918,48,79,68,89,3,5,77
335,917,50,80,67,89,3,5,75
336,917,50,80,67,89,3,5,72
337,919,51,79,68,89,3,5,69
338,919,52,79,68,89,3,5,67
339,919,52,79,68,89,3,5,61
340,919,53,80,68,89,3,5,56
341,920,54,80,68,89,3,5,53
342,920,54,80,68,89,3,5,50
343,920,55,80,69,89,3,5,50
344,921,56,81,68,89,3,5,47
345,921,57,81,69,89,3,5,48
346,921,57,81,69,89,3,5,47
347,921,58,82,69,89,3,5,46
348,922,59,81,68,89,3,5,44
349,923,59,82,68,89,3,5,40
350,923,60,82,69,89,3,5,38
351,924,60,82,69,89,3,5,35
352,924,60,83,69,89,3,5,33
353,924,61,83,69,89,3,5,32
354,925,62,83,69,89,3,5,32
355,925,62,83,69,89,3,5,32
356,925,63,83,69,89,3,5,32
357,926,63,83,69,89,3,5,32
358,926,64,82,69,89,3,5,32
359,926,64,82,69,89,3,5,31
360,927,63,83,70,89,3,5,31
361,927,64,82,69,89,3,5,27
362,928,64,82,70,89,3,5,21
363,927,64,82,70,89,3,5,17
364,927,65,83,70,89,3,5,15
365,927,65,83,70,89,3,5,12
366,927,64,83,70,89,3,5,8
367,928,64,83,70,89,3,5,7
368,928,64,83,70,89,3,5,5
369,927,64,84,71,89,3,5,5
370,927,64,84,71,89,3,5,5
371,928,64,84,70,89,3,5,6
372,928,65,84,70,89,3,5,7
373,928,65,84,70,89,3,5,6
374,928,65,84,70,89,3,5,5
375,928,65,84,70,89,3,5,7
376,928,65,84,70,89,3,5,11
377,929,66,84,70,89,3,5,16
378,929,67,84,70,89,3,5,19
379,929,67,84,70,89,3,5,21
380,929,67,84,70,89,3,5,23
381,928,67,84,71,89,3,5,23
382,930,68,83,70,89,3,5,21
383,929,67,84,71,89,3,5,19
384,929,67,84,71,89,3,5,18
385,929,68,85,71,89,3,5,17
386,929,68,85,71,89,3,5,15
387,930,68,84,71,89,3,5,17
388,930,68,85,71,89,3,5,19
389,932,70,84,71,89,3,5,24
390,933,71,84,70,89,3,5,29
391,934,72,85,70,89,3,5,38
392,935,74,86,71,89,3,5,51
393,938,74,86,73,89,3,5,61
394,939,77,88,72,89,3,5,68
395,942,79,88,72,89,3,5,70
396,944,79,89,72,89,3,5,67
397,947,79,89,73,89,3,5,59
398,947,79,90,73,89,3,5,47
399,949,79,89,73,89,3,5,35
400,949,79,90,73,89,3,5,25
401,949,79,90,74,89,3,5,19
402,952,79,88,74,89,3,5,16
403,954,80,87,74,89,3,5,15
404,953,80,90,74,89,3,5,16
405,952,80,92,75,89,3,5,19
406,950,81,95,75,89,3,5,22
407,950,81,96,75,89,3,5,23
408,950,81,96,76,89,3,5,25
409,950,81,96,76,89,3,5,25
410,951,82,96,76,89,3,5,25
411,951,82,96,76,89,3,5,24
412,951,82,96,76,89,3,5,22
413,952,83,97,76,89,3,5,23
414,952,83,97,77,89,3,5,22
415,952,84,97,77,89,3,5,22
416,952,84,97,76,89,3,5,22
417,952,84,97,77,89,3,5,23
418,952,85,98,77,89,3,5,25
419,952,86,98,77,89,3,5,25
420,951,86,99,77,89,3,5,26
421,951,86,100,77,89,3,5,27
422,952,87,100,78,89,3,5,29
423,952,87,100,78,89,3,5,27
424,952,88,101,78,89,3,5,27
425,952,88,102,78,89,3,5,27
426,952,88,102,79,89,3,5,29
427,952,88,102,80,89,3,5,30
428,952,89,102,80,89,3,5,30
429,952,88,102,81,89,3,5,31
430,951,88,103,82,89,3,5,31
431,951,89,104,82,89,3,5,32
432,951,89,103,83,89,3,5,29
433,951,90,104,83,89,3,5,28
434,951,90,104,83,89,3,5,26
435,951,90,104,84,89,3,5,27
436,951,90,105,84,89,3,5,27
437,950,92,105,84,89,3,5,28
438,950,93,106,84,89,3,5,28
439,950,93,106,84,89,3,5,27
440,949,93,107,84,89,3,5,28
441,948,93,107,86,89,3,5,28
442,948,94,108,86,89,3,5,27
443,948,95,108,85,89,3,5,25
444,949,95,108,86,89,3,5,25
445,949,95,108,86,89,3,5,25
446,948,96,108,86,89,3,5,26
447,948,97,109,86,89,3,5,26
448,947,98,110,87,89,3,5,27
449,947,98,110,87,89,3,5,29
450,947,99,110,88,89,3,5,31
451,946,100,111,88,89,3,5,33
452,946,100,111,88,89,3,5,32
453,944,101,112,88,89,3,5,32
454,944,101,112,89,89,3,5,31
455,944,102,112,89,89,3,5,30
456,943,103,113,89,89,3,5,29
457,942,103,114,90,89,3,5,29
458,941,103,114,91,89,3,5,30
459,941,104,115,91,89,3,5,30
460,940,105,116,92,89,3,5,30
461,939,105,116,92,89,3,5,29
462,938,105,117,93,89,3,5,29
463,938,106,118,93,89,3,5,29
464,937,106,118,94,89,3,5,29
465,937,107,119,94,89,3,5,29
466,936,108,119,94,89,3,5,30
467,935,109,119,95,89,3,5,32
468,935,109,121,96,89,3,5,33
469,935,110,121,96,89,3,5,34
470,935,111,121,97,89,3,5,35
471,935,111,122,97,89,3,5,35
472,935,112,122,98,89,3,5,35
473,935,113,122,99,89,3,5,34
474,934,114,124,99,89,3,5,34
475,934,115,124,99,89,3,5,35
476,934,115,125,101,89,3,5,36
477,933,116,126,102,89,3,5,37
478,933,117,126,102,89,3,5,37
479,932,118,126,103,89,3,5,37
480,931,119,128,102,89,3,5,36
481,930,120,129,102,89,3,5,34
482,930,121,129,103,89,3,5,32
483,929,121,130,104,89,3,5,30
484,928,122,131,104,89,3,5,30
485,928,122,131,105,89,3,5,30
486,928,124,132,106,89,3,5,31
487,927,124,132,107,89,3,5,32
488,926,125,134,107,89,3,5,32
489,925,126,134,108,89,3,5,33
490,923,125,136,110,89,3,5,33
491,922,127,136,110,89,3,5,34
492,922,127,136,112,89,3,5,34
493,922,127,137,113,89,3,5,35
494,921,128,137,114,89,3,5,36
495,920,131,138,113,89,3,5,37
496,919,129,139,117,89,3,5,37
497,918,131,140,116,89,3,5,37
498,918,131,141,119,89,3,5,37
499,917,131,142,120,89,3,5,36
500,915,136,144,117,89,3,5,36
501,914,138,145,117,89,3,5,35
502,914,138,146,118,89,3,5,35
503,913,137,146,121,89,3,5,35
504,913,141,147,119,89,3,5,35
505,912,142,148,120,89,3,5,35
506,911,145,149,119,89,3,5,34
507,911,146,150,119,89,3,5,34
508,911,147,151,120,89,3,5,34
509,910,149,152,121,89,3,5,34
510,911,149,152,122,89,3,5,34
511,911,150,153,124,89,3,5,34
512,911,151,155,124,89,3,5,35
513,911,152,156,126,89,3,5,35
514,912,153,157,127,89,3,5,35
515,912,155,158,128,89,3,5,35
516,912,156,159,129,89,3,5,36
517,913,158,160,129,89,3,5,37
518,914,159,162,131,89,3,5,38
519,915,162,163,130,89,3,5,38
520,915,163,164,132,89,3,5,39
521,916,164,166,134,89,3,5,39
522,916,166,167,135,89,3,5,40
523,917,168,168,135,89,3,5,40
524,917,170,170,137,89,3,5,41
525,918,172,171,138,89,3,5,41
526,920,174,172,139,89,3,5,42
527,920,176,174,140,89,3,5,42
528,920,178,175,141,89,3,5,42
529,920,179,177,142,89,3,5,41
530,920,181,178,144,89,3,5,41
531,920,183,180,145,89,3,5,40
532,920,185,182,146,89,3,5,39
533,920,186,183,148,89,3,5,40
534,919,188,185,150,89,3,5,40
535,919,191,187,151,89,3,5,41
536,919,193,188,153,89,3,5,42
537,918,196,189,154,89,3,5,43
538,918,199,191,155,89,3,5,44
539,916,201,193,157,89,3,5,44
540,916,203,195,159,89,3,5,44
541,915,207,197,159,89,3,5,45
542,914,210,200,161,89,3,5,45
543,913,212,201,163,89,3,5,45
544,913,215,203,165,89,3,5,45
545,912,219,205,166,89,3,5,46
546,911,222,207,168,89,3,5,46
547,910,225,209,170,89,3,5,46
548,909,227,211,172,89,3,5,45
549,907,230,213,174,89,3,5,45
550,906,234,215,176,89,3,5,45
551,905,237,217,178,89,3,5,45
552,903,241,219,180,89,3,5,45
553,901,245,222,182,89,3,5,46
554,898,248,226,184,89,3,5,46
555,895,252,229,186,89,3,5,46
556,893,256,231,189,89,3,5,46
557,891,259,232,192,89,3,5,46
558,888,264,234,193,89,3,5,46
559,884,269,238,195,89,3,5,46
560,881,273,240,198,89,3,5,46
561,877,278,243,200,89,3,5,46
562,874,283,247,202,89,3,5,46
563,871,287,250,205,89,3,5,46
564,867,289,253,211,89,3,5,46
565,864,297,256,211,89,3,5,46
566,862,303,259,213,89,3,5,46
567,858,308,262,216,89,3,5,46
568,855,314,265,218,89,3,5,46
569,851,319,270,222,89,3,5,46
570,847,324,273,227,89,3,5,46
571,844,331,277,229,89,3,5,46
572,839,336,281,234,89,3,5,46
573,835,343,286,236,89,3,5,46
574,830,350,289,239,89,3,5,46
575,825,357,294,243,89,3,5,46
576,819,362,299,247,89,3,5,45
577,814,369,303,252,89,3,5,45
578,808,376,308,256,89,3,5,44
579,802,384,314,260,89,3,5,44
580,796,391,319,264,89,3,5,44
581,788,399,325,268,89,3,5,44
582,782,406,329,274,89,3,5,44
583,774,414,336,278,89,3,5,43
584,767,422,341,283,89,3,5,43
585,759,430,347,289,89,3,5,42
586,750,439,354,293,89,3,5,42
587,741,447,360,299,89,3,5,42
588,731,457,367,304,89,3,5,42
589,721,465,375,313,89,3,5,43
590,711,476,382,320,89,3,5,43
591,700,486,390,329,89,3,5,44
592,688,498,397,335,89,3,5,44
593,673,510,406,344,89,3,5,45
594,658,524,415,351,89,3,5,45
595,641,537,423,359,89,3,5,44
596,621,551,433,364,89,3,5,44
597,602,563,442,372,89,3,5,43
598,579,576,453,382,89,3,5,42
599,556,589,463,391,89,3,5,41
600,530,602,474,401,89,3,5,40
601,502,615,485,411,89,3,5,39
602,471,630,500,420,89,3,5,39
603,437,645,517,428,89,3,5,38
604,400,659,535,414,89,3,5,37
605,361,673,553,400,89,3,5,36
606,318,690,575,384,89,3,5,35
607,271,705,597,369,89,3,5,35
608,221,726,619,348,89,3,5,34
609,164,745,648,330,89,3,5,34
610,106,765,673,309,89,3,5,34
611,47,786,696,288,89,3,5,34
612,0,804,707,269,89,3,5,34
613,0,826,667,249,89,3,5,34
614,0,844,621,232,89,3,5,34
615,0,865,572,208,89,3,5,34
616,1,888,517,187,89,3,5,34
617,1,912,289,164,89,3,5,34
618,0,939,209,137,89,3,5,34
619,0,971,118,106,89,3,5,34
1021,993,1015,553,60,95,4,5,6
1022,999,988,579,88,95,4,5,6
1023,984,961,622,115,95,4,5,6
1024,1010,935,703,140,95,4,5,6
1025,1041,911,688,164,95,4,5,6
1026,1065,889,673,187,95,4,5,6
1027,1089,865,655,210,95,4,5,6
1028,1105,844,641,231,95,4,5,6
1029,1120,821,628,254,95,4,5,6
1030,1138,802,612,271,95,4,5,6
1031,1155,784,596,290,95,4,5,6
1032,1169,766,581,306,95,4,5,6
1033,1180,747,568,326,95,4,5,6
1034,1189,732,556,341,95,4,5,6
1035,1199,715,544,357,95,4,5,6
1036,1206,700,534,372,95,4,5,6
1037,1213,687,522,386,95,4,5,6
1038,1218,673,513,399,95,4,5,6
1039,1221,660,504,408,95,4,5,5
1040,1224,648,494,424,95,4,5,6
1041,1226,639,485,423,95,4,5,8
1042,1228,627,475,423,95,4,5,12
1043,1230,618,466,417,95,4,5,14
1044,1229,608,458,408,95,4,5,17
1045,1230,598,450,396,95,4,5,20
1046,1230,589,443,393,95,4,5,22
1047,1229,580,436,389,95,4,5,24
1048,1229,572,429,379,95,4,5,26
1049,1228,562,421,374,95,4,5,26
1050,1226,553,414,369,95,4,5,26
1051,1224,544,408,368,95,4,5,26
1052,1222,535,402,363,95,4,5,26
1053,1218,526,396,360,95,4,5,26
1054,1215,515,391,356,95,4,5,27
1055,1212,508,386,347,95,4,5,28
1056,1209,498,380,343,95,4,5,29
1057,1205,490,375,336,95,4,5,30
1058,1201,481,369,333,95,4,5,31
1059,1198,473,365,326,95,4,5,32
1060,1195,465,359,322,95,4,5,32
1061,1192,457,354,318,95,4,5,32
1062,1188,451,350,311,95,4,5,32
1063,1185,445,345,306,95,4,5,32
1064,1182,439,341,301,95,4,5,32
1065,1179,432,336,298,95,4,5,32
1066,1176,427,332,293,95,4,5,32
1067,1173,421,328,289,95,4,5,32
1068,1170,414,323,285,95,4,5,32
1069,1167,408,321,281,95,4,5,32
1070,1164,403,317,277,95,4,5,32
1071,1161,398,315,273,95,4,5,32
1072,1159,391,310,271,95,4,5,32
1073,1157,385,306,268,95,4,5,32
1074,1155,381,302,264,95,4,5,32
1075,1152,375,299,260,95,4,5,32
1076,1151,370,295,258,95,4,5,32
1077,1149,365,292,255,95,4,5,32
1078,1147,360,289,251,95,4,5,32
1079,1145,355,286,249,95,4,5,32
1080,1143,351,282,245,95,4,5,32
1081,1141,346,279,242,95,4,5,33
1082,1139,341,276,240,95,4,5,33
1083,1137,336,273,237,95,4,5,34
1084,1135,331,271,235,95,4,5,34
1085,1134,327,267,231,95,4,5,35
1086,1132,322,264,229,95,4,5,35
1087,1131,318,261,225,95,4,5,36
1088,1128,312,261,224,95,4,5,36
1089,1126,308,260,221,95,4,5,37
1090,1125,304,246,218,95,4,5,37
1091,1124,300,250,215,95,4,5,37
1092,1122,295,245,213,95,4,5,38
1093,1121,290,240,212,95,4,5,38
1094,1119,287,238,208,95,4,5,38
1095,1118,280,234,209,95,4,5,39
1096,1116,278,235,204,95,4,5,39
1097,1115,274,229,202,95,4,5,40
1098,1113,271,229,199,95,4,5,40
1099,1113,266,224,199,95,4,5,40
1100,1111,262,222,197,95,4,5,39
1101,1110,260,221,194,95,4,5,39
1102,1109,257,218,192,95,4,5,38
1103,1108,255,221,189,95,4,5,38
1104,1106,251,215,188,95,4,5,38
1105,1105,248,212,186,95,4,5,38
1106,1104,244,213,185,95,4,5,38
1107,1103,240,214,183,95,4,5,38
1108,1102,238,213,181,95,4,5,38
1109,1100,236,212,179,95,4,5,38
1110,1098,232,211,178,95,4,5,38
1111,1095,230,208,176,95,4,5,38
1112,1093,227,206,174,95,4,5,38
1113,1090,224,205,173,95,4,5,38
1114,1087,220,204,173,95,4,5,38
1115,1085,217,201,171,95,4,5,39
1116,1082,215,201,170,95,4,5,39
1117,1080,212,198,168,95,4,5,40
1118,1078,210,196,166,95,4,5,40
1119,1076,208,194,164,95,4,5,41
1120,1074,207,193,161,95,4,5,41
1121,1073,204,192,159,95,4,5,41
1122,1072,202,190,158,95,4,5,42
1123,1071,198,189,158,95,4,5,42
1124,1070,196,188,156,95,4,5,42
1125,1069,194,186,154,95,4,5,41
1126,1068,190,184,155,95,4,5,41
1127,1068,189,182,153,95,4,5,41
1128,1067,188,181,150,95,4,5,41
1129,1068,186,179,149,95,4,5,40
1130,1067,184,178,147,95,4,5,40
1131,1066,183,179,146,95,4,5,40
1132,1067,181,177,145,95,4,5,40
1133,1067,177,175,145,95,4,5,40
1134,1068,177,174,142,95,4,5,40
1135,1068,175,173,141,95,4,5,40
1136,1069,173,171,140,95,4,5,41
1137,1070,170,170,139,95,4,5,41
1138,1070,169,169,138,95,4,5,40
1139,1071,167,167,138,95,4,5,40
1140,1071,166,167,136,95,4,5,40
1141,1072,164,166,135,95,4,5,40
1142,1073,163,165,133,95,4,5,40
1143,1074,162,163,132,95,4,5,39
1144,1076,160,161,132,95,4,5,40
1145,1077,159,160,130,95,4,5,41
1146,1077,157,159,128,95,4,5,41
1147,1078,155,158,128,95,4,5,40
1148,1079,155,158,127,95,4,5,40
1149,1080,153,157,126,95,4,5,40
1150,1081,152,155,125,95,4,5,39
1151,1083,151,154,124,95,4,5,38
1152,1084,149,152,124,95,4,5,37
1153,1085,148,151,123,95,4,5,36
1154,1086,147,150,123,95,4,5,35
1155,1088,145,149,122,95,4,5,35
1156,1088,144,148,122,95,4,5,35
1157,1089,143,148,121,95,4,5,35
1158,1091,142,147,119,95,4,5,36
1159,1092,142,145,117,95,4,5,36
1160,1093,140,145,118,95,4,5,37
1161,1095,138,144,117,95,4,5,37
1162,1097,137,142,117,95,4,5,36
1163,1098,136,141,116,95,4,5,36
1164,1099,136,140,115,95,4,5,36
1165,1100,134,140,114,95,4,5,36
1166,1101,133,139,114,95,4,5,36
1167,1103,132,138,113,95,4,5,35
1168,1104,131,138,112,95,4,5,35
1169,1105,130,137,112,95,4,5,35
1170,1107,129,136,111,95,4,5,35
1171,1108,128,136,111,95,4,5,35
1172,1110,127,135,110,95,4,5,35
1173,1112,126,134,110,95,4,5,35
1174,1113,125,133,109,95,4,5,35
1175,1115,124,131,109,95,4,5,36
1176,1117,124,129,107,95,4,5,35
1177,1116,123,130,106,95,4,5,35
1178,1118,123,129,105,95,4,5,35
1179,1119,121,128,105,95,4,5,36
1180,1120,120,128,105,95,4,5,36
1181,1121,119,126,105,95,4,5,36
1182,1123,118,125,104,95,4,5,36
1183,1124,117,125,103,95,4,5,35
1184,1124,116,124,103,95,4,5,35
1185,1125,116,124,103,95,4,5,34
1186,1125,114,124,102,95,4,5,36
1187,1126,114,123,102,95,4,5,36
1188,1126,113,123,100,95,4,5,37
1189,1127,113,122,99,95,4,5,37
1190,1128,112,121,99,95,4,5,38
1191,1129,111,120,98,95,4,5,38
1192,1129,111,119,97,95,4,5,36
1193,1130,110,118,97,95,4,5,35
1194,1130,109,118,97,95,4,5,34
1195,1130,108,118,96,95,4,5,35
1196,1131,107,117,96,95,4,5,34
1197,1131,107,117,95,95,4,5,34
1198,1131,106,116,95,95,4,5,34
1199,1131,105,116,95,95,4,5,34
1200,1131,105,115,94,95,4,5,32
1201,1131,104,115,94,95,4,5,31
1202,1130,103,114,94,95,4,5,30
1203,1130,103,114,93,95,4,5,30
1204,1130,102,113,93,95,4,5,30
1205,1130,102,112,92,95,4,5,30
1206,1130,102,112,91,95,4,5,29
1207,1130,101,111,91,95,4,5,29
1208,1130,100,108,91,95,4,5,28
1209,1130,100,110,91,95,4,5,28
1210,1129,100,109,90,95,4,5,26
1211,1129,99,110,90,95,4,5,27
1212,1128,99,109,90,95,4,5,26
1213,1128,96,109,91,95,4,5,27
1214,1127,96,108,90,95,4,5,26
1215,1127,96,108,90,95,4,5,26
1216,1127,96,106,89,95,4,5,27
1217,1125,96,103,88,95,4,5,26
1218,1125,95,102,88,95,4,5,27
1219,1124,95,102,88,95,4,5,26
1220,1124,94,105,87,95,4,5,26
1221,1124,94,102,87,95,4,5,25
1222,1123,94,102,87,95,4,5,24
1223,1122,93,103,86,95,4,5,25
1224,1122,93,100,86,95,4,5,25
1225,1121,92,100,86,95,4,5,26
1226,1121,91,101,86,95,4,5,27
1227,1120,91,99,85,95,4,5,27
1228,1119,91,100,85,95,4,5,27
1229,1119,90,100,85,95,4,5,26
1230,1118,89,101,85,95,4,5,24
1231,1118,88,100,86,95,4,5,21
1232,1117,88,100,86,95,4,5,19
1233,1116,87,99,86,95,4,5,18
1234,1115,86,97,86,95,4,5,17
1235,1115,86,98,86,95,4,5,17
1236,1114,85,98,86,95,4,5,19
1237,1113,85,99,85,95,4,5,21
1238,1112,85,98,85,95,4,5,22
1239,1112,85,97,84,95,4,5,24
1240,1112,85,96,83,95,4,5,24
1241,1111,85,97,83,95,4,5,23
1242,1111,85,97,83,95,4,5,22
1243,1110,85,97,82,95,4,5,21
1244,1110,85,97,81,95,4,5,21
1245,1110,85,97,81,95,4,5,20
1246,1109,85,97,81,95,4,5,19
1247,1109,85,97,80,95,4,5,19
1248,1108,85,96,80,95,4,5,18
1249,1107,85,96,79,95,4,5,17
1250,1107,85,97,79,95,4,5,13
1251,1107,85,97,79,95,4,5,9
1252,1107,85,96,80,95,4,5,6
1253,1107,85,96,80,95,4,5,3
1254,1105,85,96,79,95,4,5,2
1255,1106,85,95,79,95,4,5,1
1256,1106,85,94,79,95,4,5,2
1257,1105,85,95,79,95,4,5,5
1258,1105,85,94,79,95,4,5,6
1259,1105,85,94,78,95,4,5,7
1260,1104,85,96,79,95,4,5,11
1261,1105,85,95,77,95,4,5,15
1262,1104,85,95,77,95,4,5,15
1263,1104,85,96,77,95,4,5,11
1264,1104,85,95,77,95,4,5,8
1265,1104,85,95,77,95,4,5,7
1266,1103,85,95,78,95,4,5,7
1267,1103,85,96,79,95,4,5,14
1268,1103,85,96,78,95,4,5,13
1269,1102,84,97,81,95,4,5,14
1270,1102,84,97,78,95,4,5,9
1271,1102,84,96,77,95,4,5,13
1272,1102,84,96,78,95,4,5,17
1273,1102,84,95,77,95,4,5,29
1274,1101,84,96,75,95,4,5,36
1275,1101,84,96,74,95,4,5,36
1276,1102,84,94,75,95,4,5,27
1277,1101,84,94,75,95,4,5,19
1278,1101,84,94,76,95,4,5,13
1279,1101,84,94,75,95,4,5,8
1280,1100,84,94,75,95,4,5,7
1281,1100,83,94,75,95,4,5,19
1282,1099,82,94,74,95,4,5,26
1283,1098,82,94,70,95,4,5,53
1284,1099,82,93,74,95,4,5,72
1285,1099,82,92,68,95,4,5,103
1286,1099,82,92,68,95,4,5,114
1287,1099,81,91,67,95,4,5,122
1288,1097,81,92,66,95,4,5,123
1289,1098,81,91,63,95,4,5,118
1290,1097,81,92,60,95,4,5,113
1291,1097,80,91,58,95,4,5,109
1292,1097,80,90,57,95,4,5,116
1293,1096,79,89,56,95,4,5,127
1294,1096,79,89,51,95,4,5,142
1295,1096,80,89,55,95,4,5,130
1296,1096,79,89,52,95,4,5,105
1297,1097,79,87,53,95,4,5,70
1298,1096,79,87,55,95,4,5,49
1299,1094,79,89,53,95,4,5,38
1300,1094,79,88,52,95,4,5,27
1301,1094,78,88,53,95,4,5,23
1302,1093,78,88,54,95,4,5,22
1303,1093,78,87,53,95,4,5,21
1304,1092,78,87,53,95,4,5,19
1305,1091,78,87,53,95,4,5,10
1306,1091,77,86,54,95,4,5,8
1307,1090,77,86,54,95,4,5,5
1308,1090,76,87,55,95,4,5,13
1309,1089,76,87,54,95,4,5,25
1310,1088,76,88,58,95,4,5,50
1311,1087,76,87,60,95,4,5,71
1312,1088,75,87,66,95,4,5,92
1313,1087,75,88,68,95,4,5,103
1314,1087,74,87,69,95,4,5,103
1315,1086,74,87,68,95,4,5,97
1316,1085,74,87,69,95,4,5,74
1317,1084,73,85,69,95,4,5,53
1318,1083,73,86,69,95,4,5,31
1319,1082,73,87,69,95,4,5,23
1320,1081,72,86,69,95,4,5,20
1321,1081,71,85,70,95,4,5,22
1322,1080,71,86,70,95,4,5,27
1323,1078,71,85,68,95,4,5,32
1324,1079,70,84,68,95,4,5,38
1325,1077,69,85,68,95,4,5,42
1326,1076,68,85,68,95,4,5,46
1327,1075,68,85,68,95,4,5,50
1328,1073,67,85,67,95,4,5,52
1329,1072,65,84,68,95,4,5,50
1330,1070,64,84,68,95,4,5,48
1331,1069,64,84,68,95,4,5,50
1332,1068,62,83,69,95,4,5,53
1333,1065,61,86,68,95,4,5,55
1334,1063,60,88,68,95,4,5,58
1335,1061,60,87,67,95,4,5,63
1336,1059,58,85,67,95,4,5,70
1337,1057,57,86,68,95,4,5,76
1338,1054,56,87,68,95,4,5,83
1339,1053,54,85,67,95,4,5,92
1340,1052,53,83,67,95,4,5,103
1341,1049,52,83,65,95,4,5,121
1342,1048,50,83,64,95,4,5,139
1343,1045,49,85,61,95,4,5,150
1344,1044,48,83,60,95,4,5,149
1345,1042,48,83,52,95,4,5,136
1346,1040,46,82,62,95,4,5,112
1347,1038,45,81,64,95,4,5,80
1348,1036,44,82,65,95,4,5,53
1349,1034,42,81,66,95,4,5,49
1350,1032,41,82,66,95,4,5,47
1351,1030,40,81,66,95,4,5,60
1352,1028,39,81,66,95,4,5,63
1353,1026,37,81,66,95,4,5,78
1354,1025,36,79,66,95,4,5,86
1355,1023,35,79,66,95,4,5,97
1356,1022,33,79,65,95,4,5,103
1357,1019,32,79,65,95,4,5,107
1358,1018,31,77,65,95,4,5,110
1359,1016,30,77,65,95,4,5,112
1360,1013,29,78,64,95,4,5,114
1361,1011,28,79,64,95,4,5,113
1362,1010,26,79,65,95,4,5,119
1363,1008,25,78,64,95,4,5,127
1364,1007,23,77,64,95,4,5,136
1365,1005,21,77,64,95,4,5,141
1366,1002,19,77,65,95,4,5,141
1367,1001,17,76,66,95,4,5,141
1368,999,17,76,65,95,4,5,141
1369,997,16,76,64,95,4,5,139
1370,995,15,76,63,95,4,5,140
1371,993,15,76,63,95,4,5,140
1372,992,14,75,62,95,4,5,147
1373,990,13,75,62,95,4,5,149
1374,989,11,75,62,95,4,5,150
1375,988,10,74,62,95,4,5,149
1376,986,8,74,63,95,4,5,147
1377,985,8,73,62,95,4,5,152
1378,985,7,71,62,95,4,5,156
1379,983,6,71,60,95,4,5,162
1380,982,4,71,61,95,4,5,166
1381,980,2,70,62,95,4,5,167
1382,981,1,69,62,95,4,5,169
1383,980,0,68,61,95,4,5,165
1384,979,0,67,60,95,4,5,163
1385,976,0,68,60,95,4,5,162
1386,975,0,68,58,95,4,5,165
1387,973,0,67,57,95,4,5,168
1388,973,0,67,56,95,4,5,170
1389,971,0,68,53,95,4,5,171
1390,970,0,68,52,95,4,5,172
1391,968,0,68,51,95,4,5,172
1392,968,0,66,49,95,4,5,172
1393,967,0,66,47,95,4,5,172
1394,967,0,64,47,95,4,5,172
1395,967,0,63,45,95,4,5,172
1396,966,0,62,44,95,4,5,172
1397,965,0,63,42,95,4,5,172
1398,964,0,62,41,95,4,5,172
1399,963,0,61,40,95,4,5,172
1400,962,0,62,38,95,4,5,172
1401,961,0,62,37,95,4,5,172
1402,960,0,61,35,95,4,5,172
1403,959,0,61,34,95,4,5,172
1404,959,0,60,33,95,4,5,172
1405,958,0,60,32,95,4,5,172
1406,958,0,60,30,95,4,5,172
1407,957,0,60,30,95,4,5,172
1408,955,0,60,28,95,4,5,172
1409,953,0,62,27,95,4,5,172
1410,952,0,62,26,95,4,5,172
1411,951,0,62,25,95,4,5,172
1412,950,0,62,24,95,4,5,172
1413,950,0,62,23,95,4,5,172
1414,949,0,61,23,95,4,5,172
1415,949,0,61,22,95,4,5,172
1416,950,0,58,21,95,4,5,172
1417,949,0,58,20,95,4,5,172
1418,948,0,58,19,95,4,5,172
1419,948,0,57,18,95,4,5,172
1420,947,0,57,17,95,4,5,172
1331,751,94,129,58,99,5,0,50
1332,752,94,144,57,99,5,0,50
1333,752,94,164,58,99,5,0,50
1334,770,96,165,56,99,5,0,47
1335,801,96,154,55,99,5,0,42
1336,828,97,148,55,99,5,0,36
1337,834,97,162,55,99,5,0,34
1338,850,98,168,54,99,5,0,33
1339,876,96,164,55,99,5,0,34
1340,899,96,163,55,99,5,0,33
1341,920,96,164,55,99,5,0,35
1342,945,96,164,55,99,5,0,38
1343,969,95,145,55,99,5,0,39
1344,994,95,121,55,99,5,0,38
1345,1019,95,102,55,99,5,0,38
1346,1044,95,160,55,99,5,0,40
1347,1070,95,160,55,99,5,0,41
1348,1101,96,156,64,99,5,0,45
1349,1172,96,111,53,99,5,0,45
1350,1174,96,129,54,99,5,0,47
1351,1192,94,146,56,99,5,0,44
1352,1207,94,156,55,99,5,0,41
1353,1233,96,141,54,99,5,0,36
1354,1263,97,112,52,99,5,0,33
1355,1293,96,81,52,99,5,0,32
1394,755,91,170,64,105,9,1,6
1395,801,94,137,62,105,9,1,6
1396,800,93,150,63,105,9,1,6
1397,804,93,158,63,105,9,1,8
1398,831,93,140,64,105,9,1,9
1399,835,93,146,64,105,9,1,10
1400,849,94,139,64,105,9,1,11
1401,863,94,132,64,105,9,1,12
1402,874,94,126,64,105,9,1,14
1403,886,95,117,64,105,9,1,15
1404,896,96,111,64,105,9,1,15
1405,904,96,105,64,105,9,1,15
1406,911,96,101,64,105,9,1,16
1407,917,96,97,65,105,9,1,17
1408,923,97,93,65,105,9,1,17
1409,927,97,92,64,105,9,1,17
1410,931,97,91,65,105,9,1,18
1411,934,98,89,65,105,9,1,21
1412,936,98,89,65,105,9,1,22
1413,938,99,88,65,105,9,1,23
1414,940,99,88,66,105,9,1,25
1415,941,99,87,66,105,9,1,27
1416,941,100,88,66,105,9,1,29
1417,942,102,88,65,105,9,1,30
1418,941,102,89,66,105,9,1,31
1419,941,102,88,67,105,9,1,34
1420,941,103,89,67,105,9,1,35
1421,940,103,90,69,105,9,1,36
1422,940,103,90,69,105,9,1,35
1423,940,105,90,68,105,9,1,34
1424,939,105,90,68,105,9,1,32
1425,938,106,91,68,105,9,1,30
1426,938,106,91,69,105,9,1,29
1427,938,107,91,69,105,9,1,28
1428,938,109,91,68,105,9,1,30
1429,937,108,91,70,105,9,1,30
1430,935,110,93,69,105,9,1,34
1431,934,110,94,70,105,9,1,36
1432,933,111,94,71,105,9,1,40
1433,932,111,95,72,105,9,1,41
1434,931,111,97,74,105,9,1,42
1435,932,111,96,74,105,9,1,43
1436,931,113,96,74,105,9,1,42
1437,931,114,97,75,105,9,1,41
1438,931,115,97,74,105,9,1,38
1439,929,117,99,74,105,9,1,39
1440,928,116,99,75,105,9,1,37
1441,928,117,100,76,105,9,1,37
1442,928,118,100,76,105,9,1,37
1443,928,120,101,76,105,9,1,38
1444,927,121,101,76,105,9,1,39
1445,927,122,101,76,105,9,1,40
1446,927,122,101,78,105,9,1,42
1447,926,124,102,78,105,9,1,43
1448,926,126,102,78,105,9,1,44
1449,925,126,103,79,105,9,1,44
1450,924,127,104,79,105,9,1,45
1451,924,129,105,79,105,9,1,45
1452,923,130,106,80,105,9,1,44
1453,923,131,107,80,105,9,1,44
1454,922,131,108,82,105,9,1,44
1455,921,132,108,83,105,9,1,46
1456,921,133,108,84,105,9,1,46
1457,920,135,108,84,105,9,1,46
1458,920,135,108,85,105,9,1,46
1459,919,138,110,84,105,9,1,46
1460,919,140,111,84,105,9,1,46
1461,917,141,113,85,105,9,1,46
1462,916,143,114,86,105,9,1,47
1463,915,144,116,87,105,9,1,47
1464,913,145,117,88,105,9,1,48
1465,914,146,117,89,105,9,1,48
1466,914,147,117,89,105,9,1,48
1467,914,150,118,89,105,9,1,48
1468,913,151,118,91,105,9,1,47
1469,912,152,120,92,105,9,1,47
1470,911,153,121,93,105,9,1,47
1471,911,155,123,93,105,9,1,47
1472,912,157,122,93,105,9,1,46
1473,911,158,123,95,105,9,1,46
1474,909,159,125,96,105,9,1,46
1475,909,161,126,97,105,9,1,46
1476,908,163,126,97,105,9,1,47
1477,907,164,129,98,105,9,1,47
1478,906,166,129,100,105,9,1,47
1479,905,168,129,100,105,9,1,47
1480,904,168,131,102,105,9,1,47
1481,903,170,131,104,105,9,1,47
1482,901,170,132,106,105,9,1,47
1483,899,172,135,106,105,9,1,47
1484,898,175,136,107,105,9,1,48
1485,897,178,137,107,105,9,1,49
1486,895,180,139,109,105,9,1,50
1487,894,183,139,109,105,9,1,51
1488,892,185,141,110,105,9,1,51
1489,891,186,142,113,105,9,1,52
1490,889,189,145,113,105,9,1,52
1491,888,191,146,115,105,9,1,52
1492,886,193,147,117,105,9,1,53
1493,886,198,148,116,105,9,1,53
1494,884,200,149,118,105,9,1,53
1495,884,204,150,118,105,9,1,52
1496,883,207,152,118,105,9,1,52
1497,882,209,153,120,105,9,1,52
1498,880,212,155,122,105,9,1,52
1499,880,214,157,124,105,9,1,53
1500,878,218,158,125,105,9,1,53
1501,877,221,161,127,105,9,1,54
1502,876,223,162,129,105,9,1,54
1503,875,228,165,130,105,9,1,55
1504,873,230,167,133,105,9,1,55
1505,872,232,169,136,105,9,1,55
1506,871,236,170,138,105,9,1,55
1507,869,241,173,138,105,9,1,55
1508,868,245,176,140,105,9,1,55
1509,867,249,178,141,105,9,1,55
1510,865,254,181,142,105,9,1,55
1511,864,258,183,145,105,9,1,55
1512,864,262,184,147,105,9,1,55
1513,862,266,187,150,105,9,1,56
1514,860,271,190,152,105,9,1,56
1515,859,276,191,154,105,9,1,56
1516,857,280,195,157,105,9,1,56
1517,856,285,197,160,105,9,1,56
1518,855,290,199,162,105,9,1,57
1519,852,296,202,165,105,9,1,57
1520,849,303,207,166,105,9,1,57
1521,847,308,209,169,105,9,1,57
1522,844,315,212,172,105,9,1,57
1523,841,320,215,175,105,9,1,57
1524,839,326,218,179,105,9,1,56
1525,835,331,221,183,105,9,1,56
1526,831,339,225,185,105,9,1,55
1527,829,345,229,189,105,9,1,55
1528,824,353,233,191,105,9,1,55
1529,820,359,238,197,105,9,1,55
1530,817,366,241,201,105,9,1,55
1531,813,376,244,202,105,9,1,55
1532,808,383,250,208,105,9,1,55
1533,802,392,255,211,105,9,1,55
1534,798,401,259,215,105,9,1,55
1535,792,410,264,218,105,9,1,54
1536,786,419,270,224,105,9,1,54
1537,782,430,274,227,105,9,1,53
1538,776,439,280,232,105,9,1,52
1539,770,449,285,236,105,9,1,52
1540,764,459,291,241,105,9,1,52
1541,757,471,297,246,105,9,1,51
1542,749,480,305,253,105,9,1,51
1543,741,492,312,258,105,9,1,51
1544,733,503,319,267,105,9,1,51
1545,723,514,326,276,105,9,1,52
1546,712,525,334,287,105,9,1,52
1547,699,540,343,294,105,9,1,53
1548,684,554,352,305,105,9,1,53
1549,664,571,361,314,105,9,1,53
1550,641,591,371,316,105,9,1,53
1551,618,609,381,323,105,9,1,52
1552,589,626,392,333,105,9,1,51
1553,557,642,407,344,105,9,1,50
1554,518,657,426,359,105,9,1,49
1555,475,676,448,369,105,9,1,48
1556,427,698,470,375,105,9,1,48
1557,372,719,493,355,105,9,1,47
1558,314,740,516,334,105,9,1,46
1559,249,760,541,314,105,9,1,45
1560,179,786,565,288,105,9,1,44
1561,113,814,578,261,105,9,1,43
1562,47,844,590,232,105,9,1,43
1563,7,877,567,198,105,9,1,43
1564,0,908,506,167,105,9,1,43
1565,1,942,419,135,105,9,1,43
1566,1,974,325,103,105,9,1,43
1567,0,1008,230,70,105,9,1,43
1404,842,0,46,13,111,9,1,82
1405,843,0,47,13,111,9,1,74
1406,843,0,47,12,111,9,1,57
1407,844,0,48,12,111,9,1,39
1408,844,0,48,13,111,9,1,23
1409,845,0,48,12,111,9,1,18
1410,846,0,48,13,111,9,1,28
1412,847,0,48,13,111,9,1,49
1415,849,0,49,14,111,9,1,81
1428,856,0,51,26,111,9,1,102
1429,857,0,52,28,111,9,1,120
1430,858,0,52,29,111,9,1,128
1431,859,0,52,30,111,9,1,133
1432,859,0,52,31,111,9,1,136
1433,859,0,53,32,111,9,1,137
1434,860,0,53,34,111,9,1,138
1435,860,0,54,36,111,9,1,139
1436,860,0,55,37,111,9,1,139
1437,861,0,55,40,111,9,1,139
1438,862,0,55,41,111,9,1,139
1439,862,0,57,42,111,9,1,139
1440,862,0,57,43,111,9,1,139
1441,863,0,57,44,111,9,1,139
1442,864,0,58,46,111,9,1,139
1443,865,0,58,48,111,9,1,139
1444,865,0,58,49,111,9,1,139
1445,865,0,59,50,111,9,1,139
1446,867,0,59,52,111,9,1,139
1447,866,0,63,53,111,9,1,139
1448,868,0,63,54,111,9,1,139
1449,869,2,63,54,111,9,1,139
1450,869,5,64,52,111,9,1,139
1451,870,5,64,53,111,9,1,139
1452,871,6,64,54,111,9,1,139
1453,871,6,64,55,111,9,1,139
1454,873,7,64,56,111,9,1,139
1455,875,8,61,56,111,9,1,139
1456,877,9,62,57,111,9,1,139
1457,878,11,63,57,111,9,1,139
1458,879,13,64,57,111,9,1,139
1459,879,13,65,58,111,9,1,139
1460,882,14,64,58,111,9,1,139
1461,885,16,63,59,111,9,1,139
1462,886,17,63,59,111,9,1,139
1463,887,18,63,60,111,9,1,147
1464,888,20,65,60,111,9,1,156
1465,889,21,64,59,111,9,1,165
1466,890,22,65,60,111,9,1,163
1467,890,24,66,60,111,9,1,158
1468,891,25,66,60,111,9,1,154
1469,892,26,66,61,111,9,1,155
1470,892,27,67,62,111,9,1,155
1471,893,28,68,63,111,9,1,153
1472,894,30,69,62,111,9,1,149
1473,896,31,69,63,111,9,1,144
1474,897,33,69,62,111,9,1,136
1475,898,34,69,62,111,9,1,126
1476,899,35,69,62,111,9,1,117
1477,900,36,70,62,111,9,1,112
1478,900,37,71,63,111,9,1,111
1479,901,38,71,63,111,9,1,111
1480,903,40,71,63,111,9,1,112
1481,903,41,72,64,111,9,1,112
1482,905,41,72,65,111,9,1,113
1483,906,42,72,66,111,9,1,112
1484,906,44,72,65,111,9,1,110
1485,907,45,73,65,111,9,1,107
1486,908,47,74,65,111,9,1,105
1487,909,48,74,66,111,9,1,102
1488,911,49,73,65,111,9,1,96
1489,911,51,73,65,111,9,1,93
1490,913,51,73,66,111,9,1,88
1491,914,53,73,65,111,9,1,83
1492,915,53,74,66,111,9,1,77
1493,916,55,74,65,111,9,1,73
1494,917,55,74,66,111,9,1,71
1495,917,57,75,66,111,9,1,67
1496,918,57,74,66,111,9,1,65
1497,918,58,76,66,111,9,1,61
1498,919,59,76,67,111,9,1,59
1499,919,60,76,66,111,9,1,54
1500,921,60,76,66,111,9,1,49
1501,922,61,75,66,111,9,1,44
1502,922,61,75,66,111,9,1,40
1503,923,62,74,66,111,9,1,37
1504,923,63,76,66,111,9,1,35
1505,924,63,76,66,111,9,1,33
1506,923,63,78,67,111,9,1,32
1507,925,63,77,67,111,9,1,32
1508,925,63,77,68,111,9,1,33
1509,924,63,78,69,111,9,1,33
1510,925,64,77,68,111,9,1,32
1511,926,65,78,68,111,9,1,31
1512,927,65,77,68,111,9,1,29
1513,927,66,78,67,111,9,1,28
1514,927,66,79,68,111,9,1,27
1515,928,67,79,68,111,9,1,27
1516,928,67,79,69,111,9,1,27
1517,929,68,78,67,111,9,1,28
1518,930,68,78,68,111,9,1,28
1519,930,69,78,67,111,9,1,28
1520,931,69,77,67,111,9,1,26
1521,931,70,79,67,111,9,1,26
1522,932,70,78,68,111,9,1,26
1523,932,71,78,67,111,9,1,26
1524,933,72,79,67,111,9,1,27
1525,934,72,78,67,111,9,1,27
1526,935,73,78,67,111,9,1,27
1527,935,73,78,67,111,9,1,28
1528,935,74,78,67,111,9,1,29
1529,936,75,78,68,111,9,1,32
1530,937,75,78,67,111,9,1,35
1531,936,76,78,68,111,9,1,38
1532,937,77,79,68,111,9,1,40
1533,937,77,79,68,111,9,1,40
1534,938,79,79,68,111,9,1,41
1535,938,79,79,68,111,9,1,38
1536,939,79,79,68,111,9,1,37
1537,939,79,79,69,111,9,1,35
1538,939,80,79,69,111,9,1,33
1539,939,80,80,70,111,9,1,31
1540,939,80,81,70,111,9,1,29
1541,940,81,81,70,111,9,1,28
1542,939,81,81,69,111,9,1,26
1543,939,81,82,70,111,9,1,23
1544,940,81,81,70,111,9,1,19
1545,940,81,82,70,111,9,1,16
1546,940,81,82,70,111,9,1,15
1547,940,82,82,69,111,9,1,13
1548,940,82,82,70,111,9,1,13
1549,940,82,83,70,111,9,1,14
1550,940,82,84,71,111,9,1,16
1551,941,82,83,72,111,9,1,20
1552,941,82,83,72,111,9,1,22
1553,941,83,83,72,111,9,1,26
1554,941,83,84,73,111,9,1,28
1555,941,85,85,72,111,9,1,29
1556,941,85,85,72,111,9,1,29
1557,941,85,85,73,111,9,1,30
1558,941,86,87,73,111,9,1,31
1559,942,87,86,73,111,9,1,32
1560,942,87,85,74,111,9,1,33
1561,943,88,80,74,111,9,1,34
1562,943,89,84,74,111,9,1,36
1563,949,89,74,74,111,9,1,35
1564,948,90,77,74,111,9,1,34
1565,949,90,94,74,111,9,1,32
1566,948,90,83,75,111,9,1,31
1567,951,92,82,75,111,9,1,30
1568,949,92,83,75,111,9,1,31
1569,943,91,89,77,111,9,1,34
1570,943,93,90,77,111,9,1,37
1571,943,93,91,78,111,9,1,38
1572,942,94,91,78,111,9,1,38
1573,942,94,92,79,111,9,1,40
1574,943,95,91,79,111,9,1,40
1575,942,96,93,80,111,9,1,40
1576,942,96,94,80,111,9,1,37
1577,942,97,93,80,111,9,1,36
1578,941,97,94,80,111,9,1,35
1579,941,99,95,80,111,9,1,35
1580,941,99,95,81,111,9,1,36
1581,941,100,96,82,111,9,1,37
1582,940,101,97,82,111,9,1,39
1583,940,102,97,82,111,9,1,41
1584,939,101,97,84,111,9,1,43
1585,938,103,98,84,111,9,1,44
1586,938,104,99,85,111,9,1,43
1587,937,104,99,85,111,9,1,41
1588,936,105,100,85,111,9,1,41
1589,936,106,101,86,111,9,1,40
1590,935,107,101,86,111,9,1,39
1591,934,106,102,88,111,9,1,37
1592,934,108,103,88,111,9,1,37
1593,933,107,103,89,111,9,1,38
1594,933,109,103,89,111,9,1,39
1595,932,111,104,89,111,9,1,41
1596,931,112,104,90,111,9,1,42
1597,930,113,105,90,111,9,1,44
1598,930,113,105,92,111,9,1,46
1599,929,115,106,92,111,9,1,47
1600,928,116,106,92,111,9,1,46
1601,928,117,107,93,111,9,1,45
1602,927,118,108,93,111,9,1,45
1603,927,119,108,94,111,9,1,44
1604,926,120,110,95,111,9,1,44
1605,925,121,111,96,111,9,1,44
1606,924,122,111,97,111,9,1,45
1607,923,123,113,97,111,9,1,45
1608,922,125,114,98,111,9,1,46
1609,922,126,115,98,111,9,1,45
1610,921,127,115,99,111,9,1,45
1611,921,128,116,100,111,9,1,44
1612,920,129,117,100,111,9,1,44
1613,920,130,118,101,111,9,1,44
1614,919,131,118,103,111,9,1,44
1615,919,131,120,105,111,9,1,44
1616,919,136,119,102,111,9,1,44
1617,918,138,120,101,111,9,1,45
1618,917,140,123,102,111,9,1,45
1619,917,140,122,104,111,9,1,45
1620,917,140,122,106,111,9,1,45
1621,917,141,124,107,111,9,1,45
1622,916,143,126,107,111,9,1,46
1623,916,144,127,109,111,9,1,46
1624,915,146,128,110,111,9,1,46
1625,914,147,131,111,111,9,1,46
1626,914,148,131,113,111,9,1,46
1627,915,149,131,114,111,9,1,45
1628,915,152,131,113,111,9,1,45
1629,915,153,133,114,111,9,1,44
1630,915,155,135,116,111,9,1,44
1631,915,155,136,117,111,9,1,44
1632,915,158,136,117,111,9,1,44
1633,915,160,138,118,111,9,1,45
1634,915,161,139,120,111,9,1,44
1635,916,162,140,121,111,9,1,45
1636,915,164,141,122,111,9,1,46
1637,915,166,142,124,111,9,1,47
1638,915,168,144,125,111,9,1,48
1639,915,170,146,127,111,9,1,49
1640,915,173,147,128,111,9,1,50
1641,916,174,148,130,111,9,1,50
1642,915,177,149,130,111,9,1,50
1643,916,179,151,132,111,9,1,50
1644,915,181,154,133,111,9,1,50
1645,915,183,155,135,111,9,1,50
1646,915,186,157,137,111,9,1,50
1647,914,188,158,138,111,9,1,50
1648,914,190,159,140,111,9,1,51
1649,913,192,161,143,111,9,1,52
1650,913,197,163,142,111,9,1,52
1651,913,200,164,143,111,9,1,53
1652,911,203,166,145,111,9,1,53
1653,910,206,168,147,111,9,1,54
1654,908,208,170,150,111,9,1,54
1655,906,212,173,152,111,9,1,55
1656,904,215,174,154,111,9,1,55
1657,903,219,175,155,111,9,1,55
1658,899,222,180,157,111,9,1,55
1659,897,226,182,159,111,9,1,55
1660,895,230,183,161,111,9,1,55
1661,892,234,186,163,111,9,1,55
1662,889,238,189,165,111,9,1,55
1663,887,238,190,171,111,9,1,55
1664,884,245,193,170,111,9,1,55
1665,881,250,195,172,111,9,1,55
1666,878,255,197,174,111,9,1,55
1667,874,259,200,177,111,9,1,55
1668,871,263,202,181,111,9,1,56
1669,866,269,205,183,111,9,1,56
1670,861,274,209,185,111,9,1,56
1671,856,279,212,189,111,9,1,56
1672,853,285,213,191,111,9,1,56
1673,848,290,216,194,111,9,1,56
1674,843,297,220,196,111,9,1,56
1675,837,303,224,200,111,9,1,56
1676,832,308,228,204,111,9,1,55
1677,826,315,233,206,111,9,1,55
1678,821,321,235,210,111,9,1,55
1679,816,328,239,215,111,9,1,55
1680,810,335,243,218,111,9,1,55
1681,803,342,247,222,111,9,1,55
1682,796,351,252,224,111,9,1,55
1683,789,357,255,230,111,9,1,55
1684,782,366,259,234,111,9,1,54
1685,773,374,265,238,111,9,1,54
1686,765,382,270,243,111,9,1,53
1687,756,389,275,247,111,9,1,53
1688,747,399,280,251,111,9,1,52
1689,738,406,285,259,111,9,1,51
1690,729,416,290,262,111,9,1,50
1691,718,425,296,267,111,9,1,50
1692,707,434,302,272,111,9,1,49
1693,694,445,309,277,111,9,1,49
1694,680,453,317,286,111,9,1,48
1695,667,464,323,290,111,9,1,48
1696,653,474,329,297,111,9,1,48
1697,637,485,337,306,111,9,1,49
1698,620,496,345,316,111,9,1,50
1699,601,506,352,329,111,9,1,51
1700,579,522,362,337,111,9,1,51
1701,556,538,370,345,111,9,1,52
1702,528,556,380,349,111,9,1,51
1703,501,575,388,355,111,9,1,51
1704,471,591,398,363,111,9,1,50
1705,437,603,411,380,111,9,1,49
1706,400,617,424,395,111,9,1,48
1707,359,638,440,402,111,9,1,46
1708,315,657,455,411,111,9,1,44
1709,265,675,474,400,111,9,1,39
1710,210,693,495,382,111,9,1,34
1711,149,711,521,362,111,9,1,28
1712,82,736,546,338,111,9,1,22
1713,18,765,564,309,111,9,1,17
1714,0,792,531,281,111,9,1,13
1715,1,818,476,256,111,9,1,10
1716,0,846,413,228,111,9,1,9
1717,1,877,344,199,111,9,1,8
1718,1,905,257,171,111,9,1,8
1719,0,942,158,134,111,9,1,8
767,866,0,57,36,117,9,1,160
768,865,0,59,38,117,9,1,160
769,866,0,59,39,117,9,1,160
770,866,0,59,40,117,9,1,160
771,868,0,59,42,117,9,1,160
772,868,0,59,43,117,9,1,160
773,867,0,61,44,117,9,1,160
774,868,0,59,45,117,9,1,160
775,868,0,61,47,117,9,1,160
776,867,0,63,49,117,9,1,160
777,867,0,64,50,117,9,1,160
778,868,0,63,51,117,9,1,160
779,867,0,65,52,117,9,1,160
780,867,0,65,54,117,9,1,160
781,868,0,65,55,117,9,1,160
782,866,0,67,56,117,9,1,160
783,867,0,68,57,117,9,1,160
784,868,0,66,58,117,9,1,160
785,869,0,66,59,117,9,1,162
786,869,0,68,60,117,9,1,165
787,871,2,68,60,117,9,1,168
788,871,4,70,60,117,9,1,168
789,872,5,69,61,117,9,1,169
790,873,6,70,60,117,9,1,169
791,874,7,69,61,117,9,1,169
792,877,9,69,61,117,9,1,169
793,878,10,71,62,117,9,1,168
794,880,12,69,61,117,9,1,167
795,883,12,67,62,117,9,1,166
796,882,13,70,63,117,9,1,166
797,883,16,70,63,117,9,1,166
798,884,16,71,64,117,9,1,165
799,885,16,70,65,117,9,1,166
800,887,17,69,65,117,9,1,163
801,888,18,70,66,117,9,1,155
802,889,19,70,66,117,9,1,146
803,889,21,72,65,117,9,1,141
804,890,23,72,65,117,9,1,139
805,890,24,73,66,117,9,1,134
806,892,24,74,67,117,9,1,128
807,893,24,74,68,117,9,1,125
808,893,26,74,67,117,9,1,122
809,894,27,74,68,117,9,1,118
810,896,28,75,68,117,9,1,113
811,896,30,76,67,117,9,1,111
812,897,31,76,68,117,9,1,110
813,899,31,76,68,117,9,1,108
814,900,32,76,69,117,9,1,108
815,901,34,77,69,117,9,1,104
816,901,34,79,70,117,9,1,103
817,903,36,78,69,117,9,1,100
818,904,37,78,70,117,9,1,98
819,904,37,79,70,117,9,1,97
820,906,38,78,71,117,9,1,95
821,907,39,78,72,117,9,1,96
822,908,41,78,71,117,9,1,94
823,908,42,79,71,117,9,1,92
824,909,43,79,71,117,9,1,88
825,909,44,80,71,117,9,1,86
826,911,45,79,71,117,9,1,84
827,911,47,79,71,117,9,1,82
828,912,48,80,72,117,9,1,81
829,912,48,80,72,117,9,1,81
830,912,49,82,73,117,9,1,81
831,912,50,83,73,117,9,1,78
832,913,50,83,74,117,9,1,72
833,913,52,83,73,117,9,1,66
834,914,52,83,73,117,9,1,58
835,915,54,83,72,117,9,1,52
836,915,54,83,73,117,9,1,48
837,916,55,83,72,117,9,1,44
838,917,56,82,73,117,9,1,42
839,917,56,82,73,117,9,1,40
840,917,56,83,73,117,9,1,41
841,917,57,83,74,117,9,1,42
842,917,56,84,75,117,9,1,41
843,917,57,84,75,117,9,1,39
844,917,58,84,75,117,9,1,37
845,919,57,82,75,117,9,1,35
846,919,59,83,74,117,9,1,32
847,920,59,83,74,117,9,1,31
848,920,60,83,74,117,9,1,32
849,921,61,83,74,117,9,1,34
850,922,62,84,74,117,9,1,36
851,922,62,84,75,117,9,1,37
852,922,63,84,75,117,9,1,38
853,922,63,84,74,117,9,1,36
854,923,64,84,74,117,9,1,35
855,923,64,84,74,117,9,1,32
856,923,64,84,75,117,9,1,30
857,923,65,85,74,117,9,1,27
858,924,65,84,74,117,9,1,25
859,924,65,85,75,117,9,1,24
860,924,65,85,74,117,9,1,20
861,924,66,85,74,117,9,1,15
862,924,65,85,75,117,9,1,9
863,924,65,86,74,117,9,1,6
864,924,65,86,75,117,9,1,4
865,924,65,86,75,117,9,1,3
866,924,65,85,75,117,9,1,2
867,926,66,85,74,117,9,1,1
868,926,66,85,74,117,9,1,2
869,926,66,85,73,117,9,1,2
870,926,66,85,74,117,9,1,2
871,926,66,85,74,117,9,1,1
872,927,67,85,73,117,9,1,2
873,926,67,86,73,117,9,1,7
874,926,68,87,73,117,9,1,13
875,927,69,86,73,117,9,1,18
876,928,70,84,72,117,9,1,20
877,928,69,84,74,117,9,1,22
878,929,69,83,74,117,9,1,23
879,929,70,83,73,117,9,1,23
880,929,70,84,73,117,9,1,22
881,928,71,84,73,117,9,1,20
882,928,70,85,74,117,9,1,19
883,928,71,85,73,117,9,1,20
884,927,72,84,73,117,9,1,22
885,926,72,85,74,117,9,1,23
886,923,72,85,74,117,9,1,23
887,923,72,84,74,117,9,1,24
888,920,73,85,74,117,9,1,24
889,916,73,88,74,117,9,1,24
890,911,72,91,75,117,9,1,24
891,906,72,94,76,117,9,1,29
892,899,72,99,77,117,9,1,35
893,892,73,104,78,117,9,1,39
894,883,72,109,79,117,9,1,43
895,873,74,115,76,117,9,1,45
896,864,77,120,75,117,9,1,47
897,853,78,125,73,117,9,1,39
898,840,79,131,73,117,9,1,33
899,832,80,132,72,117,9,1,27
900,827,79,128,73,117,9,1,24
901,828,80,117,71,117,9,1,24
902,830,84,105,68,117,9,1,24
903,770,83,153,70,117,9,1,29
904,754,83,156,70,117,9,1,33
905,753,81,143,71,117,9,1,35
906,752,80,128,71,117,9,1,36
907,701,79,162,72,117,9,1,35
1147,964,986,445,92,129,9,1,36
1148,943,957,496,119,129,9,1,36
1149,970,934,551,142,129,9,1,36
1150,998,906,535,171,129,9,1,36
1151,1020,883,524,194,129,9,1,36
1152,1038,860,515,216,129,9,1,36
1153,1051,835,511,241,129,9,1,36
1154,1069,802,499,275,129,9,1,36
1155,1088,788,484,288,129,9,1,36
1156,1107,763,470,313,129,9,1,36
1157,1123,746,456,328,129,9,1,36
1158,1137,729,444,345,129,9,1,36
1159,1148,711,433,361,129,9,1,36
1160,1158,695,421,379,129,9,1,36
1161,1169,679,409,389,129,9,1,35
1162,1175,665,399,380,129,9,1,35
1163,1180,651,389,373,129,9,1,34
1164,1185,643,381,361,129,9,1,34
1165,1188,633,373,351,129,9,1,34
1166,1190,616,366,348,129,9,1,34
1167,1193,605,358,341,129,9,1,34
1168,1193,595,351,333,129,9,1,34
1169,1193,583,344,327,129,9,1,34
1170,1192,573,338,321,129,9,1,34
1171,1190,560,332,316,129,9,1,35
1172,1186,549,325,308,129,9,1,36
1173,1183,534,321,303,129,9,1,38
1174,1180,523,314,296,129,9,1,39
1175,1177,512,309,289,129,9,1,41
1176,1174,502,303,281,129,9,1,42
1177,1170,493,298,275,129,9,1,42
1178,1166,481,294,271,129,9,1,42
1179,1162,472,289,266,129,9,1,42
1180,1157,456,284,270,129,9,1,42
1181,1154,456,279,256,129,9,1,42
1182,1151,439,274,259,129,9,1,41
1183,1148,439,270,246,129,9,1,41
1184,1146,431,265,243,129,9,1,41
1185,1142,424,261,238,129,9,1,41
1186,1139,416,257,234,129,9,1,41
1187,1136,408,253,231,129,9,1,41
1188,1133,400,249,228,129,9,1,42
1189,1130,394,247,224,129,9,1,42
1190,1128,386,242,222,129,9,1,42
1191,1124,381,239,217,129,9,1,42
1192,1122,373,236,215,129,9,1,42
1193,1119,367,233,211,129,9,1,43
1194,1116,358,230,211,129,9,1,43
1195,1112,353,227,207,129,9,1,44
1196,1110,348,224,202,129,9,1,44
1197,1107,342,222,200,129,9,1,45
1198,1104,334,218,198,129,9,1,45
1199,1101,328,216,195,129,9,1,46
1200,1098,326,214,189,129,9,1,46
1201,1095,317,211,191,129,9,1,46
1202,1091,313,210,187,129,9,1,46
1203,1089,309,206,183,129,9,1,46
1204,1087,305,204,180,129,9,1,46
1205,1084,299,201,179,129,9,1,46
1206,1084,294,196,176,129,9,1,46
1207,1083,288,195,176,129,9,1,46
1208,1082,286,193,172,129,9,1,46
1209,1083,282,190,168,129,9,1,46
1210,1082,276,189,169,129,9,1,45
1211,1081,272,186,167,129,9,1,45
1212,1081,269,185,165,129,9,1,45
1213,1080,262,183,165,129,9,1,45
1214,1080,260,180,161,129,9,1,45
1215,1080,259,178,157,129,9,1,45
1216,1079,253,177,158,129,9,1,46
1217,1079,250,174,156,129,9,1,46
1218,1079,247,173,153,129,9,1,46
1219,1078,241,172,154,129,9,1,46
1220,1078,238,169,152,129,9,1,46
1221,1078,236,167,150,129,9,1,46
1222,1077,231,166,150,129,9,1,46
1223,1077,225,165,150,129,9,1,47
1224,1078,224,163,146,129,9,1,46
1225,1078,223,161,144,129,9,1,46
1226,1078,220,159,143,129,9,1,46
1227,1079,213,158,146,129,9,1,47
1228,1081,213,156,141,129,9,1,46
1229,1081,212,155,137,129,9,1,46
1230,1082,209,154,137,129,9,1,46
1231,1083,204,153,138,129,9,1,47
1232,1084,201,151,137,129,9,1,47
1233,1086,199,149,135,129,9,1,47
1234,1087,197,148,133,129,9,1,47
1235,1087,194,147,133,129,9,1,48
1236,1088,191,146,132,129,9,1,48
1237,1088,189,145,130,129,9,1,49
1238,1089,188,142,127,129,9,1,48
1239,1089,188,142,124,129,9,1,48
1240,1090,185,141,123,129,9,1,48
1241,1091,182,139,123,129,9,1,48
1242,1091,182,139,120,129,9,1,47
1243,1092,180,137,120,129,9,1,47
1244,1092,177,136,118,129,9,1,47
1245,1093,176,135,117,129,9,1,47
1246,1093,175,133,115,129,9,1,46
1247,1094,173,132,114,129,9,1,46
1248,1092,172,134,113,129,9,1,45
1249,1093,170,132,112,129,9,1,45
1250,1093,169,130,111,129,9,1,44
1251,1093,167,128,110,129,9,1,45
1252,1092,165,129,109,129,9,1,46
1253,1091,162,129,108,129,9,1,45
1254,1092,160,127,108,129,9,1,45
1255,1090,155,127,112,129,9,1,44
1256,1090,158,125,106,129,9,1,44
1257,1090,151,124,111,129,9,1,43
1258,1090,150,123,109,129,9,1,42
1259,1090,150,122,107,129,9,1,42
1260,1089,150,122,106,129,9,1,43
1261,1089,149,121,104,129,9,1,43
1262,1089,150,119,101,129,9,1,43
1263,1089,149,118,100,129,9,1,42
1264,1088,146,117,100,129,9,1,42
1265,1088,144,117,101,129,9,1,42
1266,1088,144,115,99,129,9,1,42
1267,1088,142,114,98,129,9,1,43
1268,1088,142,112,96,129,9,1,43
1269,1088,141,110,96,129,9,1,43
1270,1088,140,109,95,129,9,1,43
1271,1089,139,108,94,129,9,1,42
1272,1089,138,107,94,129,9,1,41
1273,1088,137,106,93,129,9,1,41
1274,1088,136,106,92,129,9,1,41
1275,1088,133,106,93,129,9,1,41
1276,1088,132,105,92,129,9,1,41
1277,1088,130,104,93,129,9,1,42
1278,1089,131,103,90,129,9,1,42
1279,1089,130,102,89,129,9,1,41
1280,1090,129,101,89,129,9,1,40
1281,1090,128,100,88,129,9,1,40
1282,1090,127,100,88,129,9,1,40
1283,1089,126,100,87,129,9,1,40
1284,1089,126,100,85,129,9,1,40
1285,1090,125,99,85,129,9,1,41
1286,1090,124,98,84,129,9,1,42
1287,1090,122,97,84,129,9,1,42
1288,1091,121,96,84,129,9,1,42
1289,1091,120,96,84,129,9,1,43
1290,1092,119,95,83,129,9,1,43
1291,1093,118,94,82,129,9,1,43
1292,1092,117,95,83,129,9,1,41
1293,1093,116,93,82,129,9,1,40
1294,1093,115,94,82,129,9,1,39
1295,1093,114,93,82,129,9,1,38
1296,1096,114,90,81,129,9,1,36
1297,1096,113,90,80,129,9,1,35
1298,1096,113,89,80,129,9,1,35
1299,1096,112,89,79,129,9,1,35
1300,1095,111,90,79,129,9,1,34
1301,1096,112,88,78,129,9,1,33
1302,1096,111,87,77,129,9,1,32
1303,1096,110,87,78,129,9,1,30
1304,1096,109,86,78,129,9,1,29
1305,1097,108,85,78,129,9,1,29
1306,1097,108,84,77,129,9,1,29
1307,1097,107,84,77,129,9,1,30
1308,1097,108,84,75,129,9,1,30
1309,1097,107,84,75,129,9,1,31
1310,1097,106,84,75,129,9,1,31
1311,1098,104,83,76,129,9,1,30
1312,1098,104,83,76,129,9,1,29
1313,1098,104,82,75,129,9,1,28
1314,1099,102,82,76,129,9,1,29
1315,1100,102,81,75,129,9,1,29
1316,1101,101,81,75,129,9,1,29
1317,1102,101,81,75,129,9,1,30
1318,1102,100,81,74,129,9,1,30
1319,1103,100,81,74,129,9,1,29
1320,1103,100,81,73,129,9,1,27
1321,1104,100,79,73,129,9,1,25
1322,1104,100,79,73,129,9,1,22
1323,1104,99,79,73,129,9,1,21
1324,1105,99,79,73,129,9,1,19
1325,1105,98,79,73,129,9,1,20
1326,1105,99,79,72,129,9,1,20
1327,1106,98,78,72,129,9,1,21
1328,1106,98,78,71,129,9,1,21
1329,1106,97,77,72,129,9,1,20
1330,1107,98,77,71,129,9,1,21
1331,1107,97,77,71,129,9,1,20
1332,1107,97,77,70,129,9,1,19
1333,1107,97,76,70,129,9,1,18
1334,1107,97,76,70,129,9,1,18
1335,1108,96,77,70,129,9,1,18
1336,1108,95,77,71,129,9,1,18
1337,1108,96,77,70,129,9,1,18
1338,1108,95,78,71,129,9,1,19
1339,1109,94,79,71,129,9,1,17
1340,1109,95,79,70,129,9,1,16
1341,1108,95,78,70,129,9,1,15
1342,1109,94,77,70,129,9,1,16
1343,1109,95,76,69,129,9,1,14
1344,1108,95,77,69,129,9,1,11
1345,1108,95,77,69,129,9,1,9
1346,1108,97,76,67,129,9,1,5
1347,1107,97,77,67,129,9,1,4
1349,1105,96,81,68,129,9,1,2
1350,1106,95,78,68,129,9,1,2
1351,1105,96,78,68,129,9,1,1
1352,1105,96,80,68,129,9,1,1
1353,1105,96,78,68,129,9,1,3
1354,1104,96,78,68,129,9,1,3
1355,1104,95,78,68,129,9,1,4
1356,1104,95,79,68,129,9,1,4
1357,1104,95,79,68,129,9,1,5
1358,1104,95,79,68,129,9,1,5
1359,1104,95,80,68,129,9,1,5
1360,1104,95,79,68,129,9,1,5
1361,1104,95,80,68,129,9,1,4
1362,1104,94,80,68,129,9,1,4
1363,1103,95,80,68,129,9,1,4
1364,1104,93,80,69,129,9,1,4
1365,1103,93,80,69,129,9,1,3
1366,1104,94,80,69,129,9,1,2
1367,1103,95,80,67,129,9,1,2
1368,1104,95,79,67,129,9,1,2
1369,1104,95,80,67,129,9,1,4
1370,1104,95,79,67,129,9,1,4
1371,1104,95,79,68,129,9,1,4
1372,1104,95,79,67,129,9,1,1
1373,1104,95,79,67,129,9,1,1
1374,1104,95,79,67,129,9,1,1
1375,1104,95,79,67,129,9,1,2
1376,1104,95,79,67,129,9,1,2
1377,1104,95,79,67,129,9,1,2
1378,1104,95,79,67,129,9,1,1
1379,1104,95,79,67,129,9,1,2
1380,1104,95,79,67,129,9,1,1
1381,1104,95,79,67,129,9,1,1
1382,1104,95,79,67,129,9,1,0
1383,1104,95,79,67,129,9,1,0
1384,1104,95,79,67,129,9,1,0
1385,1104,95,79,67,129,9,1,0
1386,1104,95,79,67,129,9,1,0
1387,1104,95,79,67,129,9,1,0
1388,1104,95,79,67,129,9,1,0
1389,1104,95,79,67,129,9,1,0
1390,1104,95,79,67,129,9,1,0
1391,1106,95,77,67,129,9,1,0
1392,1106,95,77,67,129,9,1,2
1393,1106,95,77,67,129,9,1,5
1394,1107,96,76,67,129,9,1,6
1395,1107,95,76,68,129,9,1,7
1396,1105,96,77,67,129,9,1,5
1397,1106,96,76,67,129,9,1,5
1398,1106,95,76,67,129,9,1,3
1399,1106,95,76,68,129,9,1,2
1400,1107,95,75,68,129,9,1,3
1401,1106,96,76,67,129,9,1,6
1402,1104,94,79,68,129,9,1,7
1403,1104,95,79,67,129,9,1,6
1404,1104,96,78,67,129,9,1,3
1405,1104,96,78,67,129,9,1,2
1406,1104,96,79,66,129,9,1,2
1407,1104,96,80,66,129,9,1,2
1408,1104,95,79,67,129,9,1,3
1409,1104,95,80,67,129,9,1,3
1410,1103,95,79,67,129,9,1,4
1411,1104,95,79,67,129,9,1,3
1412,1103,95,79,67,129,9,1,3
1413,1103,95,80,67,129,9,1,2
1414,1103,96,80,67,129,9,1,2
1415,1104,95,79,67,129,9,1,1
1416,1104,95,78,67,129,9,1,0
1417,1104,95,79,67,129,9,1,0
1418,1104,95,78,67,129,9,1,2
1419,1104,95,78,67,129,9,1,5
1420,1104,95,78,66,129,9,1,8
1421,1103,94,79,67,129,9,1,9
1422,1103,94,78,67,129,9,1,12
1423,1103,95,78,66,129,9,1,14
1424,1103,94,78,66,129,9,1,17
1425,1103,94,78,66,129,9,1,18
1426,1102,94,78,65,129,9,1,16
1427,1101,94,78,65,129,9,1,16
1428,1102,95,77,65,129,9,1,16
1429,1101,94,77,65,129,9,1,19
1430,1100,94,78,64,129,9,1,18
1431,1100,94,77,64,129,9,1,19
1432,1100,94,77,64,129,9,1,19
1433,1100,93,77,64,129,9,1,20
1434,1099,92,76,64,129,9,1,18
1435,1099,92,77,64,129,9,1,18
1436,1098,92,77,64,129,9,1,18
1437,1097,91,77,64,129,9,1,19
1438,1097,92,77,63,129,9,1,19
1439,1096,92,77,63,129,9,1,20
1440,1096,91,77,63,129,9,1,21
1441,1095,91,77,63,129,9,1,21
1442,1094,91,77,62,129,9,1,21
1443,1093,91,77,62,129,9,1,21
1444,1092,90,77,62,129,9,1,22
1445,1092,89,76,62,129,9,1,22
1446,1092,89,76,62,129,9,1,22
1447,1090,88,77,62,129,9,1,23
1448,1089,88,76,62,129,9,1,22
1449,1089,88,75,62,129,9,1,21
1450,1088,87,75,62,129,9,1,22
1451,1087,86,76,63,129,9,1,22
1452,1084,85,78,62,129,9,1,23
1453,1084,85,77,62,129,9,1,25
1454,1084,84,76,63,129,9,1,28
1455,1082,82,75,63,129,9,1,33
1456,1081,82,75,63,129,9,1,34
1457,1080,80,75,64,129,9,1,36
1458,1079,80,75,64,129,9,1,35
1459,1079,79,74,64,129,9,1,35
1460,1078,79,74,64,129,9,1,35
1461,1077,79,74,63,129,9,1,34
1462,1076,79,74,62,129,9,1,35
1463,1074,78,74,62,129,9,1,34
1464,1071,77,75,62,129,9,1,35
1465,1071,77,74,62,129,9,1,37
1466,1070,76,73,62,129,9,1,38
1467,1068,75,73,62,129,9,1,39
1468,1067,76,73,60,129,9,1,40
1469,1065,74,73,61,129,9,1,44
1470,1064,73,72,61,129,9,1,48
1471,1062,71,73,62,129,9,1,55
1472,1060,70,72,61,129,9,1,58
1473,1057,68,73,61,129,9,1,66
1474,1057,67,71,62,129,9,1,73
1475,1055,65,72,61,129,9,1,83
1476,1054,64,70,60,129,9,1,89
1477,1052,63,71,59,129,9,1,91
1478,1048,63,72,58,129,9,1,95
1479,1047,60,71,60,129,9,1,95
1480,1046,59,70,59,129,9,1,98
1481,1043,55,71,62,129,9,1,97
1482,1042,54,70,61,129,9,1,100
1483,1040,54,70,59,129,9,1,103
1484,1038,52,69,59,129,9,1,107
1485,1036,53,69,57,129,9,1,111
1486,1035,51,69,57,129,9,1,115
1487,1032,48,69,58,129,9,1,118
1488,1031,48,69,56,129,9,1,119
1489,1028,47,69,56,129,9,1,124
1490,1026,45,69,57,129,9,1,125
1491,1025,43,67,56,129,9,1,128
1492,1023,43,67,55,129,9,1,124
1493,1022,42,67,55,129,9,1,123
1494,1021,38,66,57,129,9,1,125
1495,1018,38,67,56,129,9,1,125
1496,1017,34,67,58,129,9,1,127
1497,1016,32,66,58,129,9,1,128
1498,1015,31,65,58,129,9,1,135
1499,1013,32,65,56,129,9,1,144
1500,1011,30,66,55,129,9,1,149
1501,1009,30,66,53,129,9,1,154
1502,1008,29,66,54,129,9,1,157
1503,1007,28,65,52,129,9,1,166
1504,1005,26,64,53,129,9,1,168
1505,1004,24,63,53,129,9,1,167
1506,1004,23,63,52,129,9,1,165
1507,1002,22,63,52,129,9,1,164
1508,1001,17,63,55,129,9,1,166
1509,999,18,63,53,129,9,1,168
1510,998,17,62,53,129,9,1,168
1511,997,17,61,52,129,9,1,169
1512,995,16,62,51,129,9,1,168
1513,994,14,62,52,129,9,1,169
1514,992,14,61,50,129,9,1,169
1515,992,13,60,50,129,9,1,172
1516,991,12,60,50,129,9,1,174
1517,989,11,60,50,129,9,1,175
1518,988,10,59,49,129,9,1,176
1519,988,8,58,49,129,9,1,176
1520,985,7,59,49,129,9,1,176
1521,984,4,58,50,129,9,1,176
1522,983,3,58,50,129,9,1,176
1523,982,0,58,50,129,9,1,176
1524,980,0,58,49,129,9,1,176
1525,979,0,58,48,129,9,1,176
1526,978,0,57,46,129,9,1,176
1527,976,0,58,44,129,9,1,176
1528,973,0,59,43,129,9,1,176
1529,972,0,58,42,129,9,1,176
1530,971,0,58,39,129,9,1,176
1531,970,0,57,38,129,9,1,176
1532,969,0,56,37,129,9,1,176
1533,969,0,56,36,129,9,1,176
1534,968,0,55,33,129,9,1,176
1535,967,0,55,32,129,9,1,176
1536,966,0,55,31,129,9,1,176
1537,964,0,55,30,129,9,1,176
1538,964,0,55,28,129,9,1,176
1539,963,0,54,27,129,9,1,176
1540,961,0,54,26,129,9,1,176
1541,960,0,54,25,129,9,1,176
1542,960,0,54,24,129,9,1,176
1543,958,0,54,23,129,9,1,176
1544,957,0,53,22,129,9,1,176
1545,955,0,53,20,129,9,1,176
1076,697,78,162,74,130,9,0,12
1077,696,78,174,73,130,9,0,12
1078,700,79,180,73,130,9,0,12
1079,710,80,183,72,130,9,0,13
1080,722,80,182,73,130,9,0,14
1081,753,81,164,72,130,9,0,16
1082,752,82,178,71,130,9,0,18
1083,757,82,187,70,130,9,0,20
1084,772,83,187,69,130,9,0,21
1085,799,83,174,69,130,9,0,22
1086,806,83,183,69,130,9,0,22
1087,833,83,171,69,130,9,0,22
1088,836,83,186,70,130,9,0,23
1089,852,83,186,69,130,9,0,24
1090,869,82,186,70,130,9,0,25
1091,887,82,185,70,130,9,0,26
1092,905,81,185,71,130,9,0,28
1093,924,81,185,70,130,9,0,31
1094,942,81,185,70,130,9,0,32
1095,961,80,185,70,130,9,0,35
1096,981,81,185,70,130,9,0,36
1097,1001,80,183,70,130,9,0,38
1098,1021,80,182,70,130,9,0,39
1099,1041,80,184,69,130,9,0,38
1100,1063,81,183,69,130,9,0,38
1101,1084,80,183,70,130,9,0,37
1102,1106,81,182,69,130,9,0,37
1103,1129,81,178,68,130,9,0,36
1104,1151,81,179,69,130,9,0,35
1105,1174,82,179,68,130,9,0,33
1106,1198,81,176,69,130,9,0,32
1107,1221,82,153,68,130,9,0,31
1108,1245,83,128,66,130,9,0,31
2292,1098,1009,430,69,132,9,0,22
2293,1092,976,524,102,132,9,0,22
2294,1126,947,514,130,132,9,0,22
2295,1150,918,506,159,132,9,0,22
2296,1166,892,500,184,132,9,0,22
2297,1186,865,492,211,132,9,0,22
2298,1210,840,472,236,132,9,0,22
2299,1231,818,455,257,132,9,0,22
2300,1246,799,442,277,132,9,0,22
2301,1259,782,430,294,132,9,0,22
2302,1267,763,419,311,132,9,0,22
2303,1275,746,408,325,132,9,0,23
2304,1281,732,398,324,132,9,0,26
2305,1283,717,391,314,132,9,0,28
2306,1284,703,383,307,132,9,0,30
2307,1284,690,376,300,132,9,0,31
2308,1285,677,367,295,132,9,0,32
2309,1284,665,361,287,132,9,0,32
2310,1281,653,356,283,132,9,0,32
2311,1278,641,352,280,132,9,0,32
2312,1275,629,346,275,132,9,0,32
2313,1271,617,341,271,132,9,0,32
2314,1267,605,334,268,132,9,0,32
2315,1263,592,329,263,132,9,0,33
2316,1259,578,324,260,132,9,0,34
2317,1254,568,320,255,132,9,0,35
2318,1250,558,315,252,132,9,0,35
2319,1247,548,309,244,132,9,0,36
2320,1241,539,305,239,132,9,0,36
2321,1237,528,300,238,132,9,0,36
2322,1232,521,296,232,132,9,0,36
2323,1227,512,292,229,132,9,0,36
2324,1222,503,288,225,132,9,0,36
2325,1217,496,284,219,132,9,0,36
2326,1212,488,281,217,132,9,0,36
2327,1207,480,277,213,132,9,0,36
2328,1202,471,273,211,132,9,0,37
2329,1197,463,270,208,132,9,0,37
2330,1192,454,265,205,132,9,0,37
2331,1186,448,262,201,132,9,0,37
1978,852,0,51,19,145,9,0,176
1979,853,0,51,19,145,9,0,176
1980,853,0,52,21,145,9,0,176
1981,854,0,52,22,145,9,0,176
1982,855,0,52,23,145,9,0,176
1983,856,0,53,24,145,9,0,176
1984,856,0,53,25,145,9,0,176
1985,857,0,53,27,145,9,0,176
1986,858,0,53,28,145,9,0,176
1987,859,0,54,29,145,9,0,176
1988,860,0,53,31,145,9,0,176
1989,860,0,54,32,145,9,0,176
1990,861,0,54,33,145,9,0,176
1991,862,0,55,34,145,9,0,176
1992,863,0,55,35,145,9,0,176
1993,863,0,55,36,145,9,0,176
1994,863,0,56,38,145,9,0,176
1995,863,0,57,40,145,9,0,176
1996,864,0,58,40,145,9,0,176
1997,865,0,58,41,145,9,0,176
1998,865,0,58,43,145,9,0,176
1999,865,0,59,44,145,9,0,176
2000,865,0,60,45,145,9,0,176
2001,866,0,61,46,145,9,0,176
2002,868,0,60,48,145,9,0,176
2003,869,0,60,49,145,9,0,176
2004,869,2,62,48,145,9,0,176
2005,870,4,61,47,145,9,0,176
2006,871,6,60,47,145,9,0,176
2007,873,8,61,47,145,9,0,176
2008,873,9,62,48,145,9,0,176
2009,875,10,62,48,145,9,0,176
2010,876,11,63,49,145,9,0,176
2011,877,13,63,48,145,9,0,176
2012,879,14,62,49,145,9,0,176
2013,879,14,63,49,145,9,0,175
2014,880,13,63,51,145,9,0,174
2015,881,14,63,52,145,9,0,173
2016,881,15,63,53,145,9,0,166
2017,881,16,63,53,145,9,0,165
2018,881,16,66,54,145,9,0,164
2019,883,18,64,54,145,9,0,167
2020,885,19,63,54,145,9,0,162
2021,885,20,66,54,145,9,0,155
2022,885,21,66,54,145,9,0,151
2023,886,22,67,54,145,9,0,150
2024,887,23,67,55,145,9,0,152
2025,887,25,67,55,145,9,0,155
2026,891,26,65,55,145,9,0,160
2027,892,28,65,56,145,9,0,163
2028,894,29,65,55,145,9,0,162
2029,894,31,65,55,145,9,0,160
2030,894,32,66,55,145,9,0,156
2031,894,33,67,56,145,9,0,149
2032,896,35,67,56,145,9,0,143
2033,897,36,67,56,145,9,0,134
2034,898,37,67,56,145,9,0,128
2035,899,38,66,56,145,9,0,120
2036,899,39,67,56,145,9,0,111
2037,900,40,67,57,145,9,0,103
2038,901,40,67,57,145,9,0,96
2039,901,42,68,57,145,9,0,96
2040,901,42,68,58,145,9,0,95
2041,902,43,69,58,145,9,0,94
2042,903,43,69,59,145,9,0,93
2043,904,45,70,58,145,9,0,93
2044,904,46,71,58,145,9,0,95
2045,905,48,70,58,145,9,0,93
2046,906,48,70,59,145,9,0,90
2047,906,50,71,58,145,9,0,89
2048,907,51,71,58,145,9,0,89
2049,907,52,72,59,145,9,0,87
2050,908,53,71,59,145,9,0,84
2051,909,53,71,60,145,9,0,80
2052,911,54,71,60,145,9,0,80
2053,911,55,71,61,145,9,0,79
2054,911,56,72,61,145,9,0,77
2055,911,56,72,62,145,9,0,74
2056,912,58,72,61,145,9,0,71
2057,913,59,72,60,145,9,0,68
2058,914,60,73,60,145,9,0,61
2059,914,61,73,60,145,9,0,55
2060,915,61,72,60,145,9,0,49
2061,915,62,74,60,145,9,0,46
2062,916,63,73,60,145,9,0,41
2063,917,63,74,60,145,9,0,40
2064,917,63,74,61,145,9,0,39
2065,917,64,74,61,145,9,0,38
2066,917,64,74,61,145,9,0,36
2067,918,65,73,61,145,9,0,33
2068,918,65,74,61,145,9,0,31
2069,918,65,74,61,145,9,0,29
2070,919,66,73,61,145,9,0,28
2071,919,66,73,61,145,9,0,26
2072,919,66,73,62,145,9,0,27
2073,920,67,74,61,145,9,0,29
2074,920,67,74,61,145,9,0,31
2075,921,68,74,61,145,9,0,33
2076,921,68,75,62,145,9,0,32
2077,921,68,74,62,145,9,0,30
2078,921,68,75,62,145,9,0,28
2079,920,68,75,62,145,9,0,25
2080,920,69,75,62,145,9,0,20
2081,921,69,75,62,145,9,0,17
2082,921,69,76,62,145,9,0,16
2083,921,70,76,62,145,9,0,20
2084,922,70,76,61,145,9,0,20
2085,922,70,75,62,145,9,0,19
2086,922,70,75,62,145,9,0,18
2087,922,70,76,62,145,9,0,17
2088,922,70,76,62,145,9,0,17
2089,923,71,76,62,145,9,0,18
2090,923,71,75,62,145,9,0,19
2091,923,72,76,62,145,9,0,21
2092,923,72,76,62,145,9,0,22
2093,925,73,75,61,145,9,0,22
2094,925,73,74,61,145,9,0,23
2095,926,74,75,61,145,9,0,24
2096,926,75,75,61,145,9,0,25
2097,927,75,76,62,145,9,0,28
2098,927,75,79,62,145,9,0,32
2099,929,77,76,62,145,9,0,36
2100,929,78,76,62,145,9,0,39
2101,930,78,76,62,145,9,0,39
2102,930,79,76,62,145,9,0,41
2103,931,80,75,62,145,9,0,40
2104,932,81,77,62,145,9,0,39
2105,932,81,76,62,145,9,0,37
2106,932,82,78,62,145,9,0,36
2107,934,82,76,62,145,9,0,34
2108,935,83,76,62,145,9,0,32
2109,936,84,77,61,145,9,0,33
2110,936,85,77,62,145,9,0,33
2111,937,85,77,63,145,9,0,35
2112,938,85,77,63,145,9,0,35
2113,938,86,77,63,145,9,0,36
2114,938,87,78,63,145,9,0,34
2115,939,87,78,62,145,9,0,31
2116,939,87,78,63,145,9,0,28
2117,939,87,78,64,145,9,0,25
2118,939,88,78,63,145,9,0,22
2119,939,88,79,63,145,9,0,19
2120,939,88,80,63,145,9,0,17
2121,939,88,81,63,145,9,0,17
2122,940,88,81,64,145,9,0,16
2123,940,88,81,64,145,9,0,17
2124,940,89,81,64,145,9,0,19
2125,940,89,81,65,145,9,0,22
2126,940,90,81,65,145,9,0,25
2127,939,91,83,64,145,9,0,27
2128,939,92,83,64,145,9,0,29
2129,939,92,83,65,145,9,0,29
2130,939,92,83,65,145,9,0,29
2131,938,92,83,66,145,9,0,28
2132,938,93,84,66,145,9,0,27
2133,936,93,85,66,145,9,0,27
2134,937,93,85,67,145,9,0,27
2135,936,94,86,67,145,9,0,28
2136,937,94,86,68,145,9,0,28
2137,936,94,86,68,145,9,0,28
2138,936,94,85,68,145,9,0,29
2139,936,95,86,69,145,9,0,29
2140,936,95,86,70,145,9,0,29
2141,935,95,87,70,145,9,0,29
2142,934,98,88,68,145,9,0,31
2143,933,99,89,68,145,9,0,33
2144,934,99,89,69,145,9,0,35
2145,934,100,88,69,145,9,0,37
2146,932,101,90,70,145,9,0,39
2147,932,101,90,70,145,9,0,40
2148,931,102,91,71,145,9,0,42
2149,931,103,91,71,145,9,0,43
2150,930,104,92,71,145,9,0,42
2151,934,105,86,71,145,9,0,41
2152,934,105,89,72,145,9,0,40
2153,933,106,88,72,145,9,0,38
2154,933,106,89,73,145,9,0,35
2155,932,106,90,74,145,9,0,33
2156,933,108,95,73,145,9,0,33
2157,930,109,85,73,145,9,0,34
2158,928,112,87,71,145,9,0,34
2159,923,110,90,75,145,9,0,35
2160,924,110,90,75,145,9,0,35
2161,922,112,91,74,145,9,0,36
2162,920,112,94,75,145,9,0,36
2163,919,113,93,76,145,9,0,35
2164,917,113,94,77,145,9,0,35
2165,914,113,99,78,145,9,0,35
2166,914,114,100,78,145,9,0,37
2167,912,114,100,79,145,9,0,37
2168,912,115,100,80,145,9,0,38
2169,911,116,100,80,145,9,0,39
2170,911,117,100,81,145,9,0,39
2171,911,117,99,82,145,9,0,41
2172,909,118,101,82,145,9,0,42
2173,908,120,102,83,145,9,0,43
2174,907,121,102,83,145,9,0,43
2175,906,122,102,83,145,9,0,43
2176,906,124,101,83,145,9,0,43
2177,904,124,103,84,145,9,0,42
2178,903,125,104,84,145,9,0,40
2179,902,127,104,84,145,9,0,39
2180,900,128,106,84,145,9,0,38
2181,899,129,107,85,145,9,0,37
2182,898,129,106,86,145,9,0,38
2183,897,130,107,86,145,9,0,39
2184,896,132,109,87,145,9,0,41
2185,895,132,109,88,145,9,0,41
2186,894,134,109,88,145,9,0,43
2187,893,135,110,89,145,9,0,44
2188,892,136,111,90,145,9,0,44
2189,890,136,113,92,145,9,0,44
2190,889,138,114,92,145,9,0,42
2191,889,139,114,92,145,9,0,41
2192,889,140,113,92,145,9,0,40
2193,888,141,114,94,145,9,0,39
2194,887,143,115,94,145,9,0,39
2195,886,144,116,94,145,9,0,40
2196,885,146,117,95,145,9,0,41
2197,885,148,117,95,145,9,0,42
2198,884,149,118,96,145,9,0,42
2199,884,150,120,97,145,9,0,42
2200,884,151,121,98,145,9,0,42
2201,883,151,122,100,145,9,0,41
2202,883,152,122,101,145,9,0,40
2203,883,153,123,101,145,9,0,40
2204,883,155,124,101,145,9,0,40
2205,883,157,125,102,145,9,0,40
2206,884,158,126,103,145,9,0,39
2207,884,159,126,104,145,9,0,39
2208,884,161,127,104,145,9,0,39
2209,884,162,128,105,145,9,0,39
2210,884,164,129,106,145,9,0,39
2211,884,165,130,107,145,9,0,38
2212,884,166,131,108,145,9,0,39
2213,884,168,133,108,145,9,0,40
2214,885,170,134,110,145,9,0,40
2215,885,171,135,111,145,9,0,40
2216,885,172,136,112,145,9,0,41
2217,885,174,136,113,145,9,0,42
2218,886,176,137,114,145,9,0,43
2219,885,178,139,115,145,9,0,44
2220,886,179,140,117,145,9,0,44
2221,887,182,140,117,145,9,0,45
2222,887,183,142,119,145,9,0,45
2223,888,185,143,121,145,9,0,45
2224,889,187,144,121,145,9,0,45
2225,889,189,146,123,145,9,0,45
2226,889,193,148,123,145,9,0,45
2227,891,195,149,124,145,9,0,45
2228,891,198,150,124,145,9,0,45
2229,893,199,151,127,145,9,0,45
2230,893,201,154,128,145,9,0,45
2231,894,203,154,129,145,9,0,44
2232,895,205,156,131,145,9,0,44
2233,895,208,157,131,145,9,0,44
2234,895,208,159,137,145,9,0,45
2235,895,211,160,137,145,9,0,46
2236,895,217,162,136,145,9,0,47
2237,895,220,163,137,145,9,0,47
2238,895,222,165,139,145,9,0,47
2239,894,225,167,141,145,9,0,47
2240,894,228,168,142,145,9,0,47
2241,893,231,171,144,145,9,0,47
2242,892,234,172,146,145,9,0,47
2243,891,236,174,149,145,9,0,47
2244,890,240,176,150,145,9,0,47
2245,889,245,178,150,145,9,0,47
2246,887,249,181,151,145,9,0,48
2247,885,253,183,153,145,9,0,48
2248,884,256,184,155,145,9,0,48
2249,882,260,186,157,145,9,0,48
2250,880,263,188,160,145,9,0,48
2251,878,267,190,162,145,9,0,48
2252,874,270,193,165,145,9,0,48
2253,872,274,195,168,145,9,0,48
2254,869,279,196,168,145,9,0,48
2255,865,285,198,169,145,9,0,48
2256,861,289,201,172,145,9,0,48
2257,857,295,204,174,145,9,0,48
2258,853,299,206,176,145,9,0,48
2259,849,303,209,179,145,9,0,48
2260,844,309,211,181,145,9,0,48
2261,840,314,213,184,145,9,0,47
2262,834,319,218,186,145,9,0,47
2263,830,324,220,189,145,9,0,46
2264,825,330,223,191,145,9,0,46
2265,820,336,227,194,145,9,0,46
2266,815,343,229,195,145,9,0,46
2267,809,347,233,200,145,9,0,46
2268,803,354,235,203,145,9,0,46
2269,798,359,238,206,145,9,0,46
2270,791,367,243,209,145,9,0,46
2271,785,374,246,212,145,9,0,46
2272,778,381,249,214,145,9,0,45
2273,770,388,255,217,145,9,0,45
2274,764,395,258,222,145,9,0,44
2275,756,401,263,225,145,9,0,44
2276,750,407,266,230,145,9,0,43
2277,743,415,270,233,145,9,0,43
2278,734,423,274,236,145,9,0,43
2279,727,432,279,240,145,9,0,42
2280,719,440,282,243,145,9,0,42
2281,710,448,287,246,145,9,0,41
2282,702,453,290,253,145,9,0,41
2283,691,460,298,260,145,9,0,40
2284,681,460,303,272,145,9,0,40
2285,671,478,308,268,145,9,0,39
2286,660,487,313,273,145,9,0,40
2287,648,489,319,285,145,9,0,40
2288,636,494,326,297,145,9,0,40
2289,623,504,333,304,145,9,0,41
2290,610,514,339,313,145,9,0,42
2291,594,536,346,311,145,9,0,43
2292,577,549,354,318,145,9,0,43
2293,559,559,362,328,145,9,0,43
2294,542,571,368,334,145,9,0,42
2295,522,568,376,355,145,9,0,42
2296,500,586,386,358,145,9,0,41
2297,477,598,397,370,145,9,0,40
2298,451,616,408,373,145,9,0,39
2299,424,639,421,374,145,9,0,39
2300,393,656,433,382,145,9,0,39
2301,359,678,450,383,145,9,0,38
2302,323,679,463,396,145,9,0,35
2303,281,704,482,371,145,9,0,30
2304,237,723,498,350,145,9,0,23
2305,189,722,519,353,145,9,0,18
2306,137,736,538,339,145,9,0,13
2307,78,750,561,325,145,9,0,10
2308,20,810,579,265,145,9,0,8
2309,0,833,555,243,145,9,0,7
2310,0,851,508,223,145,9,0,7
2311,0,890,453,186,145,9,0,7
2312,0,914,388,163,145,9,0,7
2313,0,936,318,141,145,9,0,7
2314,0,964,239,113,145,9,0,7
2315,0,999,135,78,145,9,0,7
0,444,382,226,181,146,9,0,0
1,445,382,226,181,146,9,0,0
2,445,382,226,181,146,9,0,0
3,445,382,226,181,146,9,0,0
4,445,382,226,181,146,9,0,0
5,445,382,226,181,146,9,0,0
6,445,382,226,181,146,9,0,0
7,445,382,226,181,146,9,0,0
8,445,382,226,181,146,9,0,0
9,445,382,226,181,146,9,0,0
10,445,382,226,181,146,9,0,0
11,445,382,226,181,146,9,0,0
12,445,382,226,181,146,9,0,0
13,445,382,226,181,146,9,0,0
14,445,382,226,182,146,9,0,0
15,445,382,226,182,146,9,0,0
16,445,382,226,181,146,9,0,0
17,445,382,226,181,146,9,0,0
18,445,382,226,181,146,9,0,0
19,445,382,226,182,146,9,0,0
20,445,381,226,181,146,9,0,0
21,445,381,226,181,146,9,0,0
22,445,381,226,181,146,9,0,0
23,445,381,226,181,146,9,0,0
24,445,381,226,181,146,9,0,0
25,445,381,226,181,146,9,0,0
26,445,381,226,181,146,9,0,0
27,445,381,226,181,146,9,0,0
28,445,381,226,181,146,9,0,0
29,445,381,226,182,146,9,0,0
30,445,381,226,181,146,9,0,0
31,445,381,226,181,146,9,0,0
32,445,382,226,181,146,9,0,0
33,445,381,226,181,146,9,0,0
34,445,382,226,181,146,9,0,0
35,445,382,226,182,146,9,0,0
36,445,382,226,181,146,9,0,0
37,445,382,226,181,146,9,0,0
38,445,382,226,181,146,9,0,0
39,445,382,226,181,146,9,0,0
40,445,382,226,181,146,9,0,0
41,445,382,226,181,146,9,0,0
42,445,382,226,181,146,9,0,0
43,445,381,226,181,146,9,0,0
44,445,382,226,181,146,9,0,0
45,445,381,226,181,146,9,0,0
46,445,381,226,181,146,9,0,0
47,445,381,226,181,146,9,0,0
48,445,381,226,181,146,9,0,0
49,445,381,226,181,146,9,0,0
50,445,381,226,181,146,9,0,0
51,445,381,226,181,146,9,0,0
52,445,382,226,181,146,9,0,0
53,445,382,226,181,146,9,0,0
54,445,382,227,181,146,9,0,0
55,445,382,227,181,146,9,0,0
56,445,382,226,181,146,9,0,0
57,445,382,226,181,146,9,0,0
58,445,382,226,181,146,9,0,0
59,445,382,226,181,146,9,0,0
60,445,382,226,181,146,9,0,0
61,445,381,226,181,146,9,0,0
62,445,381,226,181,146,9,0,0
63,445,381,226,181,146,9,0,0
64,445,381,226,181,146,9,0,0
65,445,381,226,182,146,9,0,0
66,445,381,226,181,146,9,0,0
67,445,381,226,181,146,9,0,0
68,445,381,226,181,146,9,0,0
69,445,381,226,181,146,9,0,0
70,445,381,226,182,146,9,0,0
71,445,381,226,182,146,9,0,0
72,445,381,226,182,146,9,0,0
73,445,381,226,182,146,9,0,0
74,445,381,226,182,146,9,0,0
75,445,381,226,182,146,9,0,0
76,445,381,226,182,146,9,0,0
77,445,381,226,182,146,9,0,0
78,445,381,225,182,146,9,0,0
79,445,381,225,181,146,9,0,0
80,445,381,225,182,146,9,0,0
81,445,381,226,182,146,9,0,0
82,445,381,226,182,146,9,0,0
83,445,381,226,182,146,9,0,0
84,445,381,226,181,146,9,0,0
85,445,381,226,181,146,9,0,0
86,445,381,226,181,146,9,0,0
87,445,381,226,181,146,9,0,0
88,445,381,226,181,146,9,0,0
89,445,381,226,181,146,9,0,0
90,445,381,226,181,146,9,0,0
91,445,381,226,181,146,9,0,0
92,445,381,226,181,146,9,0,0
93,444,381,226,181,146,9,0,0
94,445,381,226,181,146,9,0,0
95,444,381,226,181,146,9,0,0
96,445,381,226,181,146,9,0,0
97,445,381,226,181,146,9,0,0
98,445,381,226,181,146,9,0,0
99,445,381,226,181,146,9,0,0
100,445,381,226,181,146,9,0,0
101,445,381,226,181,146,9,0,0
102,445,381,226,181,146,9,0,0
103,445,381,226,182,146,9,0,0
104,445,381,226,181,146,9,0,0
105,445,382,226,181,146,9,0,0
106,445,381,226,181,146,9,0,0
107,445,381,226,181,146,9,0,0
108,445,382,226,181,146,9,0,0
109,445,381,226,181,146,9,0,0
110,445,381,226,181,146,9,0,0
111,445,381,226,181,146,9,0,0
112,445,381,226,181,146,9,0,0
113,445,381,226,181,146,9,0,0
114,445,381,226,181,146,9,0,0
115,445,381,226,181,146,9,0,0
116,445,381,226,181,146,9,0,0
117,445,381,226,181,146,9,0,0
118,445,381,226,181,146,9,0,0
119,445,381,226,181,146,9,0,0
120,445,381,226,181,146,9,0,0
121,445,381,226,181,146,9,0,0
122,445,381,226,181,146,9,0,0
123,445,381,226,181,146,9,0,0
124,445,381,226,181,146,9,0,0
125,445,381,226,181,146,9,0,0
126,445,382,226,181,146,9,0,0
127,445,382,226,181,146,9,0,0
128,445,382,226,181,146,9,0,0
129,445,382,226,181,146,9,0,0
130,445,382,226,181,146,9,0,0
131,445,382,226,181,146,9,0,0
132,445,382,226,181,146,9,0,0
133,445,382,226,181,146,9,0,0
134,445,382,226,181,146,9,0,0
135,445,382,226,181,146,9,0,0
136,445,381,226,181,146,9,0,0
137,445,382,226,181,146,9,0,0
138,445,382,226,181,146,9,0,0
139,445,382,226,181,146,9,0,0
140,445,382,226,181,146,9,0,0
141,445,381,226,181,146,9,0,0
142,445,382,226,181,146,9,0,0
143,445,382,226,181,146,9,0,0
144,445,382,226,181,146,9,0,0
145,445,381,226,181,146,9,0,0
146,445,382,226,181,146,9,0,0
147,445,382,226,181,146,9,0,0
148,445,382,226,181,146,9,0,0
149,445,382,226,181,146,9,0,0
150,445,382,226,181,146,9,0,0
151,445,382,226,181,146,9,0,0
152,445,382,226,180,146,9,0,0
153,445,382,226,180,146,9,0,0
154,445,382,226,181,146,9,0,0
155,445,382,226,181,146,9,0,0
156,445,382,226,181,146,9,0,0
157,445,382,226,181,146,9,0,0
158,445,382,226,181,146,9,0,0
159,445,382,226,181,146,9,0,0
160,445,382,226,181,146,9,0,0
161,445,382,226,181,146,9,0,0
162,445,382,226,181,146,9,0,0
163,445,381,226,181,146,9,0,0
164,445,381,226,181,146,9,0,0
165,445,382,226,181,146,9,0,0
166,445,381,226,181,146,9,0,0
167,445,381,226,181,146,9,0,0
168,445,382,226,181,146,9,0,0
169,445,382,226,181,146,9,0,0
170,445,382,226,181,146,9,0,0
171,445,382,225,181,146,9,0,0
172,445,382,225,181,146,9,0,0
173,445,382,225,181,146,9,0,0
174,445,382,225,181,146,9,0,0
175,445,382,226,181,146,9,0,0
176,445,382,226,181,146,9,0,0
177,445,382,226,181,146,9,0,0
178,445,382,226,181,146,9,0,0
179,445,382,226,181,146,9,0,0
180,445,382,226,181,146,9,0,0
181,445,382,225,181,146,9,0,0
182,445,382,226,181,146,9,0,0
183,445,382,225,181,146,9,0,0
184,445,382,225,181,146,9,0,0
185,445,382,225,181,146,9,0,0
186,445,382,225,181,146,9,0,0
187,445,382,225,181,146,9,0,0
188,445,382,225,181,146,9,0,0
189,445,382,225,181,146,9,0,0
190,445,382,225,181,146,9,0,0
191,445,382,226,180,146,9,0,0
192,445,382,226,181,146,9,0,0
193,445,382,226,181,146,9,0,0
194,445,382,226,181,146,9,0,0
195,445,382,226,181,146,9,0,0
196,445,382,226,181,146,9,0,0
197,445,382,226,181,146,9,0,0
198,445,382,226,181,146,9,0,0
199,445,382,226,180,146,9,0,0
200,445,382,226,180,146,9,0,0
201,445,382,226,181,146,9,0,0
202,445,382,226,181,146,9,0,0
203,445,382,226,181,146,9,0,0
204,445,382,226,180,146,9,0,0
205,445,382,226,181,146,9,0,0
206,445,382,226,181,146,9,0,0
207,445,382,226,181,146,9,0,0
208,445,382,226,181,146,9,0,0
209,445,381,226,181,146,9,0,0
210,445,381,226,181,146,9,0,0
211,445,382,225,181,146,9,0,0
212,445,382,225,181,146,9,0,0
213,445,382,225,182,146,9,0,0
214,445,382,225,181,146,9,0,0
215,445,382,225,181,146,9,0,0
216,445,382,225,181,146,9,0,0
217,445,382,225,181,146,9,0,0
218,445,382,225,181,146,9,0,0
219,445,382,225,181,146,9,0,0
220,445,382,225,181,146,9,0,0
221,445,382,226,181,146,9,0,0
222,445,382,226,181,146,9,0,0
223,445,382,226,181,146,9,0,0
224,445,382,226,181,146,9,0,0
225,445,382,226,181,146,9,0,0
226,445,382,226,181,146,9,0,0
227,445,382,226,181,146,9,0,0
228,445,382,226,181,146,9,0,0
229,445,382,226,181,146,9,0,0
230,445,382,226,181,146,9,0,0
231,445,382,226,181,146,9,0,0
232,445,382,226,181,146,9,0,0
233,445,382,226,181,146,9,0,0
234,445,382,226,181,146,9,0,0
235,445,382,226,181,146,9,0,0
236,445,382,226,181,146,9,0,0
237,445,382,226,181,146,9,0,0
238,445,382,226,181,146,9,0,0
239,445,382,226,181,146,9,0,0
240,445,382,226,182,146,9,0,0
241,445,382,226,182,146,9,0,0
242,445,382,226,181,146,9,0,0
243,445,382,226,181,146,9,0,0
244,445,382,226,181,146,9,0,0
245,445,381,226,181,146,9,0,0
246,445,381,226,181,146,9,0,0
247,444,382,226,181,146,9,0,0
248,445,382,226,181,146,9,0,0
249,445,382,226,181,146,9,0,0
250,445,382,226,181,146,9,0,0
251,445,382,226,181,146,9,0,0
252,445,382,226,181,146,9,0,0
253,444,381,226,182,146,9,0,0
254,444,381,226,182,146,9,0,0
255,445,382,226,181,146,9,0,0
256,445,382,226,181,146,9,0,0
257,445,382,226,181,146,9,0,0
258,445,381,226,182,146,9,0,0
259,445,381,226,182,146,9,0,0
260,445,381,226,182,146,9,0,0
261,445,381,226,181,146,9,0,0
262,445,381,226,182,146,9,0,0
263,445,381,226,182,146,9,0,0
264,445,381,226,181,146,9,0,0
265,445,381,226,181,146,9,0,0
266,445,381,226,182,146,9,0,0
267,445,381,226,182,146,9,0,0
268,445,382,226,182,146,9,0,0
269,445,382,226,182,146,9,0,0
270,445,382,226,182,146,9,0,0
271,445,382,226,181,146,9,0,0
272,445,381,226,181,146,9,0,0
273,445,381,226,181,146,9,0,0
274,445,381,226,181,146,9,0,0
275,445,381,226,182,146,9,0,0
276,445,381,226,182,146,9,0,0
277,445,381,226,182,146,9,0,0
278,445,381,226,182,146,9,0,0
279,445,381,226,182,146,9,0,0
280,445,381,226,182,146,9,0,0
281,445,381,226,182,146,9,0,0
282,445,381,226,182,146,9,0,0
283,445,381,226,181,146,9,0,0
284,445,382,226,181,146,9,0,0
285,445,382,226,181,146,9,0,0
286,445,382,226,181,146,9,0,0
287,445,382,226,182,146,9,0,0
288,445,382,226,181,146,9,0,0
289,445,382,226,181,146,9,0,0
290,445,382,226,181,146,9,0,0
291,445,382,226,181,146,9,0,0
292,445,382,226,181,146,9,0,0
293,445,382,226,181,146,9,0,0
294,445,382,226,181,146,9,0,0
295,445,382,226,181,146,9,0,0
296,445,382,226,181,146,9,0,0
297,445,382,226,181,146,9,0,0
298,445,382,226,181,146,9,0,0
299,445,382,226,181,146,9,0,0
300,445,382,226,181,146,9,0,0
301,445,382,226,181,146,9,0,0
302,445,382,226,181,146,9,0,0
303,445,382,226,181,146,9,0,0
304,445,382,226,181,146,9,0,0
305,445,382,226,181,146,9,0,0
306,445,382,226,181,146,9,0,0
307,445,382,226,181,146,9,0,0
308,445,382,226,181,146,9,0,0
309,445,382,226,181,146,9,0,0
310,445,382,226,181,146,9,0,0
311,445,382,226,181,146,9,0,0
312,445,382,226,181,146,9,0,0
313,445,382,226,181,146,9,0,0
314,445,382,226,181,146,9,0,0
315,445,382,226,181,146,9,0,0
316,445,382,226,181,146,9,0,0
317,445,382,226,181,146,9,0,0
318,445,381,226,181,146,9,0,0
319,445,381,226,181,146,9,0,0
320,445,381,226,181,146,9,0,0
321,445,381,226,181,146,9,0,0
322,445,381,226,181,146,9,0,0
323,445,381,226,181,146,9,0,0
324,445,381,226,181,146,9,0,0
325,445,381,226,181,146,9,0,0
326,445,381,226,181,146,9,0,0
327,445,381,226,181,146,9,0,0
328,445,381,226,181,146,9,0,0
329,445,381,226,181,146,9,0,0
330,445,381,226,181,146,9,0,0
331,445,381,226,181,146,9,0,0
332,445,381,226,181,146,9,0,0
333,445,382,226,181,146,9,0,0
334,445,382,226,181,146,9,0,0
335,445,381,226,181,146,9,0,0
336,445,382,226,181,146,9,0,0
337,445,382,226,181,146,9,0,0
338,445,382,226,181,146,9,0,0
339,445,382,226,181,146,9,0,0
340,445,382,226,181,146,9,0,0
341,445,382,226,181,146,9,0,0
342,445,382,226,181,146,9,0,0
343,445,382,226,181,146,9,0,0
344,445,382,226,181,146,9,0,0
345,445,382,226,181,146,9,0,0
346,445,382,226,181,146,9,0,0
347,445,382,226,181,146,9,0,0
348,445,382,226,181,146,9,0,0
349,445,382,226,181,146,9,0,0
350,445,382,226,181,146,9,0,0
351,445,382,226,181,146,9,0,0
352,445,382,226,181,146,9,0,0
353,445,382,226,181,146,9,0,0
354,445,382,226,181,146,9,0,0
355,445,382,226,181,146,9,0,0
356,445,382,226,181,146,9,0,0
357,445,382,226,181,146,9,0,0
358,445,382,226,181,146,9,0,0
359,445,382,226,181,146,9,0,0
360,445,382,226,181,146,9,0,0
361,445,382,226,182,146,9,0,0
362,445,382,226,181,146,9,0,0
363,445,382,226,181,146,9,0,0
364,445,382,226,181,146,9,0,0
365,445,382,226,181,146,9,0,0
366,445,382,226,181,146,9,0,0
367,445,382,226,181,146,9,0,0
368,445,381,226,181,146,9,0,0
369,445,381,226,181,146,9,0,0
370,445,382,226,181,146,9,0,0
371,445,382,226,181,146,9,0,0
372,445,382,226,181,146,9,0,0
373,445,382,226,181,146,9,0,0
374,445,382,226,181,146,9,0,0
375,445,382,226,181,146,9,0,0
376,445,382,226,181,146,9,0,0
377,445,382,226,181,146,9,0,0
378,445,382,226,181,146,9,0,0
379,445,382,226,181,146,9,0,0
380,445,382,226,181,146,9,0,0
381,445,382,226,181,146,9,0,0
382,445,382,226,181,146,9,0,0
383,445,382,226,181,146,9,0,0
384,445,382,226,181,146,9,0,0
385,445,382,226,180,146,9,0,0
386,445,382,226,181,146,9,0,0
387,445,382,226,181,146,9,0,0
388,445,382,226,181,146,9,0,0
389,445,382,226,181,146,9,0,0
390,445,382,226,180,146,9,0,0
391,445,382,226,181,146,9,0,0
392,445,382,226,181,146,9,0,0
393,445,382,226,181,146,9,0,0
394,445,382,226,181,146,9,0,0
395,445,382,226,181,146,9,0,0
396,445,382,225,181,146,9,0,0
397,445,382,225,181,146,9,0,0
398,445,382,225,181,146,9,0,0
399,445,382,225,181,146,9,0,0
400,445,381,225,181,146,9,0,0
401,445,381,225,181,146,9,0,0
402,445,382,225,181,146,9,0,0
403,445,382,226,181,146,9,0,0
404,445,382,226,181,146,9,0,0
405,445,382,226,181,146,9,0,0
406,445,382,226,181,146,9,0,0
407,445,382,226,181,146,9,0,0
408,445,382,226,181,146,9,0,0
409,445,382,226,181,146,9,0,0
410,445,382,226,181,146,9,0,0
411,445,382,226,182,146,9,0,0
412,445,382,226,181,146,9,0,0
413,445,382,226,181,146,9,0,0
414,445,382,226,181,146,9,0,0
415,445,382,226,181,146,9,0,0
416,445,382,226,181,146,9,0,0
417,445,382,225,181,146,9,0,0
418,445,382,226,181,146,9,0,0
419,445,382,226,181,146,9,0,0
420,445,382,226,182,146,9,0,0
421,445,382,226,181,146,9,0,0
422,445,381,226,182,146,9,0,0
423,445,381,226,182,146,9,0,0
424,445,382,226,182,146,9,0,0
425,445,381,226,182,146,9,0,0
426,445,381,226,182,146,9,0,0
427,445,381,226,182,146,9,0,0
428,445,381,226,182,146,9,0,0
429,445,381,226,182,146,9,0,0
430,445,381,226,182,146,9,0,0
431,445,381,226,182,146,9,0,0
432,445,382,226,181,146,9,0,0
433,445,382,226,181,146,9,0,0
434,445,382,226,181,146,9,0,0
435,446,381,226,182,146,9,0,0
436,445,381,226,182,146,9,0,0
437,445,381,226,181,146,9,0,0
438,445,381,226,182,146,9,0,0
439,445,381,227,182,146,9,0,0
440,445,381,226,181,146,9,0,0
441,445,381,226,181,146,9,0,0
442,445,381,226,182,146,9,0,0
443,445,381,226,182,146,9,0,0
444,445,381,226,181,146,9,0,0
445,445,381,226,181,146,9,0,0
446,445,381,226,181,146,9,0,0
447,445,381,226,182,146,9,0,0
448,445,381,226,182,146,9,0,0
449,445,381,226,182,146,9,0,0
450,445,381,226,181,146,9,0,0
451,445,382,226,182,146,9,0,0
452,445,382,227,182,146,9,0,0
453,445,382,226,182,146,9,0,0
454,445,382,226,182,146,9,0,0
455,445,382,226,182,146,9,0,0
456,445,382,226,182,146,9,0,0
457,445,382,226,181,146,9,0,0
458,445,382,226,181,146,9,0,0
459,445,382,226,181,146,9,0,0
460,445,382,226,181,146,9,0,0
461,445,382,226,181,146,9,0,0
462,445,381,226,182,146,9,0,0
463,445,381,226,182,146,9,0,0
464,445,381,226,182,146,9,0,0
465,445,382,226,182,146,9,0,0
466,444,381,226,181,146,9,0,0
467,444,381,226,181,146,9,0,0
468,445,382,226,181,146,9,0,0
469,445,382,226,181,146,9,0,0
470,445,382,226,181,146,9,0,0
471,445,382,226,181,146,9,0,0
472,445,382,226,181,146,9,0,0
473,445,382,226,181,146,9,0,0
474,445,382,226,182,146,9,0,0
475,445,382,226,182,146,9,0,0
476,445,382,226,182,146,9,0,0
477,445,382,226,182,146,9,0,0
478,445,382,226,182,146,9,0,0
479,445,382,226,182,146,9,0,0
480,445,382,226,182,146,9,0,0
481,445,382,226,182,146,9,0,0
482,445,382,226,182,146,9,0,0
483,445,382,226,182,146,9,0,0
484,445,382,226,181,146,9,0,0
485,445,381,226,182,146,9,0,0
486,445,381,226,181,146,9,0,0
487,445,382,226,181,146,9,0,0
488,445,382,226,181,146,9,0,0
489,445,381,226,182,146,9,0,0
490,445,381,226,182,146,9,0,0
491,445,381,226,182,146,9,0,0
492,445,381,226,182,146,9,0,0
493,445,381,226,182,146,9,0,0
494,445,381,226,182,146,9,0,0
495,445,382,226,181,146,9,0,0
496,445,382,227,182,146,9,0,0
497,445,382,227,182,146,9,0,0
498,445,382,227,182,146,9,0,0
499,445,382,226,182,146,9,0,0
500,445,381,226,182,146,9,0,0
501,445,381,226,182,146,9,0,0
502,445,381,226,182,146,9,0,0
503,445,381,226,182,146,9,0,0
504,445,381,226,182,146,9,0,0
505,445,381,226,182,146,9,0,0
506,445,381,226,182,146,9,0,0
507,445,381,226,182,146,9,0,0
508,445,381,226,182,146,9,0,0
509,445,381,225,182,146,9,0,0
510,445,381,225,182,146,9,0,0
511,445,381,225,181,146,9,0,0
512,445,381,225,181,146,9,0,0
513,445,381,225,182,146,9,0,0
514,445,381,226,181,146,9,0,0
515,445,381,226,181,146,9,0,0
516,445,381,226,181,146,9,0,0
517,445,381,226,181,146,9,0,0
518,445,381,226,181,146,9,0,0
519,446,381,225,181,146,9,0,0
520,445,381,226,181,146,9,0,0
521,445,381,226,181,146,9,0,0
522,445,381,226,181,146,9,0,0
523,445,382,226,182,146,9,0,0
524,445,382,226,182,146,9,0,0
525,445,381,226,182,146,9,0,0
526,445,381,226,182,146,9,0,0
527,445,381,226,182,146,9,0,0
528,446,382,226,181,146,9,0,0
529,446,382,226,181,146,9,0,0
530,446,381,226,181,146,9,0,0
531,446,381,226,181,146,9,0,0
532,445,381,226,181,146,9,0,0
533,445,381,226,181,146,9,0,0
534,445,381,226,181,146,9,0,0
535,445,381,226,181,146,9,0,0
536,445,381,226,181,146,9,0,0
537,445,381,226,181,146,9,0,0
538,445,381,226,181,146,9,0,0
539,445,381,225,181,146,9,0,0
540,445,381,225,182,146,9,0,0
541,445,381,226,182,146,9,0,0
542,445,381,226,182,146,9,0,0
543,445,381,225,182,146,9,0,0
544,445,381,226,182,146,9,0,0
545,445,381,226,181,146,9,0,0
546,445,381,226,181,146,9,0,0
547,445,381,225,181,146,9,0,0
548,445,381,226,181,146,9,0,0
549,446,381,225,182,146,9,0,0
550,446,382,225,181,146,9,0,0
551,446,382,226,181,146,9,0,0
552,445,381,226,181,146,9,0,0
553,445,382,226,181,146,9,0,0
554,445,382,226,181,146,9,0,0
555,445,381,226,182,146,9,0,0
556,445,381,226,182,146,9,0,0
557,445,381,226,182,146,9,0,0
558,445,381,226,182,146,9,0,0
559,445,381,226,182,146,9,0,0
560,445,381,226,182,146,9,0,0
561,445,381,226,182,146,9,0,0
562,445,381,226,182,146,9,0,0
563,445,381,226,182,146,9,0,0
564,445,381,226,181,146,9,0,0
565,445,381,226,182,146,9,0,0
566,445,381,226,181,146,9,0,0
567,445,381,226,181,146,9,0,0
568,445,382,226,182,146,9,0,0
569,445,382,226,182,146,9,0,0
570,445,382,226,181,146,9,0,0
571,445,382,226,181,146,9,0,0
572,445,382,226,181,146,9,0,0
573,445,382,226,182,146,9,0,0
574,445,382,226,182,146,9,0,0
575,445,381,226,182,146,9,0,0
576,445,381,226,182,146,9,0,0
577,445,382,225,181,146,9,0,0
578,445,382,225,181,146,9,0,0
579,445,381,225,181,146,9,0,0
580,445,381,226,181,146,9,0,0
581,445,381,226,181,146,9,0,0
582,445,382,226,181,146,9,0,0
583,445,381,226,181,146,9,0,0
584,445,381,226,181,146,9,0,0
585,445,382,226,181,146,9,0,0
586,445,381,226,181,146,9,0,0
587,445,381,226,182,146,9,0,0
588,445,381,226,182,146,9,0,0
589,445,381,226,182,146,9,0,0
590,445,382,226,181,146,9,0,0
591,445,382,226,182,146,9,0,0
592,445,382,226,182,146,9,0,0
593,445,382,226,182,146,9,0,0
594,445,381,226,182,146,9,0,0
595,445,381,226,182,146,9,0,0
596,446,381,226,182,146,9,0,0
597,446,381,225,182,146,9,0,0
598,446,382,225,181,146,9,0,0
599,446,382,225,181,146,9,0,0
600,446,382,225,181,146,9,0,0
601,446,382,226,181,146,9,0,0
602,446,382,226,181,146,9,0,0
603,446,382,226,181,146,9,0,0
604,446,382,226,181,146,9,0,0
605,446,382,226,181,146,9,0,0
606,446,382,226,181,146,9,0,0
607,446,382,225,181,146,9,0,0
608,445,382,226,181,146,9,0,0
609,445,382,226,181,146,9,0,0
610,445,382,226,181,146,9,0,0
611,446,382,225,181,146,9,0,0
612,446,382,225,181,146,9,0,0
613,445,382,226,181,146,9,0,0
614,445,382,226,181,146,9,0,0
615,446,382,226,181,146,9,0,0
616,446,382,226,181,146,9,0,0
617,446,382,226,181,146,9,0,0
618,446,382,226,181,146,9,0,0
619,446,382,226,181,146,9,0,0
620,446,382,225,181,146,9,0,0
621,446,382,226,181,146,9,0,0
622,446,382,225,181,146,9,0,0
623,446,382,225,181,146,9,0,0
624,446,381,226,181,146,9,0,0
625,445,382,226,181,146,9,0,0
626,445,382,226,181,146,9,0,0
627,445,381,226,182,146,9,0,0
628,445,381,226,182,146,9,0,0
629,445,381,226,182,146,9,0,0
630,445,381,226,182,146,9,0,0
631,445,381,226,182,146,9,0,0
632,445,381,226,182,146,9,0,0
633,445,381,226,182,146,9,0,0
634,445,381,226,182,146,9,0,0
635,445,382,226,182,146,9,0,0
636,445,382,226,182,146,9,0,0
637,445,382,226,182,146,9,0,0
638,445,382,226,182,146,9,0,0
639,445,382,226,182,146,9,0,0
640,445,382,226,182,146,9,0,0
641,446,382,226,182,146,9,0,0
642,446,382,225,182,146,9,0,0
643,446,382,226,182,146,9,0,0
644,446,382,225,182,146,9,0,0
645,446,382,225,182,146,9,0,0
646,446,382,225,182,146,9,0,0
647,445,382,226,182,146,9,0,0
648,445,382,226,182,146,9,0,0
649,445,382,226,182,146,9,0,0
650,445,382,226,182,146,9,0,0
651,445,382,226,182,146,9,0,0
652,445,382,226,182,146,9,0,0
653,445,382,226,182,146,9,0,0
654,446,382,226,182,146,9,0,0
655,446,382,226,182,146,9,0,0
656,446,382,226,182,146,9,0,0
657,446,382,226,182,146,9,0,0
658,445,382,226,182,146,9,0,0
659,446,382,226,183,146,9,0,0
660,445,381,226,182,146,9,0,0
661,446,382,226,182,146,9,0,0
662,446,382,226,182,146,9,0,0
663,446,382,226,182,146,9,0,0
664,445,382,226,182,146,9,0,0
665,445,382,226,182,146,9,0,0
666,446,382,226,182,146,9,0,0
667,445,382,226,182,146,9,0,0
668,445,382,226,182,146,9,0,0
669,445,382,226,182,146,9,0,0
670,445,382,226,182,146,9,0,0
671,445,382,226,182,146,9,0,0
672,445,382,226,182,146,9,0,0
673,445,382,226,182,146,9,0,0
674,445,382,226,182,146,9,0,0
675,445,382,226,182,146,9,0,0
676,445,382,226,182,146,9,0,0
677,445,382,226,182,146,9,0,0
678,445,382,226,182,146,9,0,0
679,445,382,226,181,146,9,0,0
680,445,382,226,182,146,9,0,0
681,445,382,226,182,146,9,0,0
682,445,382,226,182,146,9,0,0
683,445,382,226,181,146,9,0,0
684,445,382,226,182,146,9,0,0
685,445,382,226,182,146,9,0,0
686,445,382,226,181,146,9,0,0
687,445,381,226,182,146,9,0,0
688,445,382,226,182,146,9,0,0
689,445,382,226,182,146,9,0,0
690,445,382,226,182,146,9,0,0
691,445,381,226,182,146,9,0,0
692,445,381,226,182,146,9,0,0
693,446,382,226,181,146,9,0,0
694,446,382,226,182,146,9,0,0
695,446,382,226,182,146,9,0,0
696,446,382,226,181,146,9,0,0
697,446,382,225,182,146,9,0,0
698,446,382,225,182,146,9,0,0
699,447,382,225,182,146,9,0,0
700,447,383,226,182,146,9,0,0
701,447,383,225,183,146,9,0,0
702,447,383,225,182,146,9,0,0
703,446,383,225,182,146,9,0,0
704,446,383,225,183,146,9,0,0
705,446,383,226,183,146,9,0,0
706,446,383,225,183,146,9,0,0
707,446,383,226,182,146,9,0,0
708,446,382,225,182,146,9,0,0
709,446,382,225,183,146,9,0,0
710,446,382,226,183,146,9,0,0
711,446,382,226,183,146,9,0,0
712,445,382,226,183,146,9,0,0
713,445,382,226,183,146,9,0,0
714,445,382,226,183,146,9,0,0
715,445,382,226,182,146,9,0,0
716,446,383,226,182,146,9,0,0
717,446,383,226,182,146,9,0,0
718,446,383,226,182,146,9,0,0
719,446,383,226,182,146,9,0,0
720,446,383,226,183,146,9,0,0
721,446,384,226,183,146,9,0,0
722,446,383,226,183,146,9,0,0
723,446,383,226,182,146,9,0,0
724,446,384,226,183,146,9,0,0
725,446,384,226,183,146,9,0,0
726,447,384,225,183,146,9,0,0
727,446,384,226,182,146,9,0,0
728,446,384,226,182,146,9,0,0
729,446,384,226,182,146,9,0,0
730,446,384,226,182,146,9,0,0
731,446,383,226,182,146,9,0,0
732,446,383,226,182,146,9,0,0
733,446,383,226,182,146,9,0,0
734,446,383,226,182,146,9,0,0
735,446,383,226,182,146,9,0,0
736,445,383,226,182,146,9,0,0
737,445,382,226,182,146,9,0,0
738,445,383,226,182,146,9,0,0
739,445,383,226,182,146,9,0,0
740,446,383,226,182,146,9,0,0
741,446,383,226,182,146,9,0,0
742,446,383,226,182,146,9,0,0
743,446,383,226,182,146,9,0,0
744,446,383,226,182,146,9,0,0
745,446,383,226,182,146,9,0,0
746,446,383,226,182,146,9,0,0
747,446,383,226,182,146,9,0,0
748,446,383,226,182,146,9,0,0
749,446,383,226,182,146,9,0,0
750,446,383,226,182,146,9,0,0
751,446,383,226,182,146,9,0,0
752,446,383,226,182,146,9,0,0
753,446,383,226,182,146,9,0,0
754,446,384,226,182,146,9,0,0
755,446,383,226,182,146,9,0,0
756,446,383,226,182,146,9,0,0
757,446,383,226,182,146,9,0,0
758,446,383,226,182,146,9,0,0
759,446,383,226,182,146,9,0,0
760,446,383,226,182,146,9,0,0
761,446,383,226,182,146,9,0,0
762,446,383,226,182,146,9,0,0
763,446,383,226,182,146,9,0,0
764,446,383,226,182,146,9,0,0
765,446,383,226,182,146,9,0,0
766,446,383,226,182,146,9,0,0
767,446,383,226,182,146,9,0,0
768,446,383,226,183,146,9,0,0
769,447,383,225,182,146,9,0,0
770,446,383,225,183,146,9,0,0
771,447,384,225,182,146,9,0,0
772,447,384,225,182,146,9,0,0
773,446,383,225,182,146,9,0,0
774,447,383,225,182,146,9,0,0
775,446,383,225,182,146,9,0,0
776,447,384,225,182,146,9,0,0
777,447,384,225,181,146,9,0,0
778,446,383,225,182,146,9,0,0
779,446,382,226,182,146,9,0,0
780,445,382,226,182,146,9,0,0
781,445,382,226,182,146,9,0,0
782,445,382,226,182,146,9,0,0
783,445,382,226,182,146,9,0,0
784,445,382,226,182,146,9,0,0
785,445,382,226,182,146,9,0,0
786,445,382,226,182,146,9,0,0
787,445,382,226,182,146,9,0,0
788,445,382,226,182,146,9,0,0
789,445,382,226,182,146,9,0,0
790,445,382,226,182,146,9,0,0
791,446,382,226,182,146,9,0,0
792,445,382,226,182,146,9,0,0
793,445,382,226,182,146,9,0,0
794,446,382,226,182,146,9,0,0
795,445,382,226,182,146,9,0,0
796,446,383,225,182,146,9,0,0
797,446,383,225,182,146,9,0,0
798,446,383,225,182,146,9,0,0
799,446,382,225,182,146,9,0,0
800,446,382,225,182,146,9,0,0
801,446,382,225,182,146,9,0,0
802,446,382,225,182,146,9,0,0
803,446,382,225,182,146,9,0,0
804,446,382,225,182,146,9,0,0
805,446,382,225,182,146,9,0,0
806,446,382,225,182,146,9,0,0
807,446,382,225,182,146,9,0,0
808,446,382,225,182,146,9,0,0
809,446,382,225,182,146,9,0,0
810,446,382,226,182,146,9,0,0
811,446,382,225,182,146,9,0,0
812,446,382,225,182,146,9,0,0
813,446,382,225,182,146,9,0,0
814,446,382,225,182,146,9,0,0
815,446,382,225,182,146,9,0,0
816,446,382,226,182,146,9,0,0
817,446,382,226,182,146,9,0,0
818,446,382,225,182,146,9,0,0
819,446,382,225,182,146,9,0,0
820,445,382,226,182,146,9,0,0
821,445,382,226,182,146,9,0,0
822,446,382,225,182,146,9,0,0
823,445,382,226,182,146,9,0,0
824,445,382,226,182,146,9,0,0
825,446,382,226,182,146,9,0,0
826,446,382,226,182,146,9,0,0
827,446,382,225,182,146,9,0,0
828,446,382,226,182,146,9,0,0
829,446,382,226,182,146,9,0,0
830,446,383,226,182,146,9,0,0
831,446,383,225,182,146,9,0,0
832,446,383,226,181,146,9,0,0
833,446,383,226,181,146,9,0,0
834,446,383,226,182,146,9,0,0
835,446,383,226,181,146,9,0,0
836,446,382,226,181,146,9,0,0
837,446,382,226,182,146,9,0,0
838,446,382,226,181,146,9,0,0
839,446,382,226,181,146,9,0,0
840,446,382,225,182,146,9,0,0
841,446,382,226,182,146,9,0,0
842,446,382,226,182,146,9,0,0
843,445,382,226,182,146,9,0,0
844,445,382,226,181,146,9,0,0
845,445,382,226,181,146,9,0,0
846,445,382,226,181,146,9,0,0
847,445,382,226,182,146,9,0,0
848,445,382,226,182,146,9,0,0
849,445,382,226,182,146,9,0,0
850,445,382,226,182,146,9,0,0
851,446,382,226,182,146,9,0,0
852,446,382,226,182,146,9,0,0
853,446,382,226,182,146,9,0,0
854,446,382,226,182,146,9,0,0
855,446,382,226,182,146,9,0,0
856,446,382,226,182,146,9,0,0
857,446,383,226,182,146,9,0,0
858,446,383,225,182,146,9,0,0
859,446,383,225,182,146,9,0,0
860,446,383,225,182,146,9,0,0
861,446,383,225,182,146,9,0,0
862,446,382,225,182,146,9,0,0
863,446,382,225,182,146,9,0,0
864,446,382,226,182,146,9,0,0
865,445,382,226,182,146,9,0,0
866,445,382,226,182,146,9,0,0
867,445,382,226,182,146,9,0,0
868,445,382,226,181,146,9,0,0
869,445,382,226,182,146,9,0,0
870,446,382,226,182,146,9,0,0
871,445,382,226,182,146,9,0,0
872,445,382,226,181,146,9,0,0
873,446,382,226,181,146,9,0,0
874,446,382,226,181,146,9,0,0
875,446,383,226,181,146,9,0,0
876,446,383,226,181,146,9,0,0
877,446,383,226,182,146,9,0,0
878,446,383,226,181,146,9,0,0
879,446,383,226,181,146,9,0,0
880,446,383,226,182,146,9,0,0
881,446,383,226,182,146,9,0,0
882,446,383,226,182,146,9,0,0
883,446,383,226,181,146,9,0,0
884,446,383,226,182,146,9,0,0
885,446,383,226,182,146,9,0,0
886,446,383,226,182,146,9,0,0
887,446,383,226,182,146,9,0,0
888,446,383,226,182,146,9,0,0
889,446,383,225,182,146,9,0,0
890,446,383,226,182,146,9,0,0
891,446,382,226,182,146,9,0,0
892,445,383,226,182,146,9,0,0
893,445,383,226,181,146,9,0,0
894,445,383,226,182,146,9,0,0
895,445,383,226,182,146,9,0,0
896,445,383,226,182,146,9,0,0
897,445,383,226,182,146,9,0,0
898,445,383,226,181,146,9,0,0
899,445,383,226,182,146,9,0,0
900,446,383,226,182,146,9,0,0
901,446,383,226,182,146,9,0,0
902,446,383,226,182,146,9,0,0
903,446,383,226,182,146,9,0,0
904,446,383,226,182,146,9,0,0
905,446,383,226,182,146,9,0,0
906,446,383,226,182,146,9,0,0
907,446,383,225,182,146,9,0,0
908,446,383,226,182,146,9,0,0
909,446,383,226,182,146,9,0,0
910,446,383,226,182,146,9,0,0
911,446,383,226,182,146,9,0,0
912,446,383,226,182,146,9,0,0
913,446,383,226,182,146,9,0,0
914,446,383,226,182,146,9,0,0
915,446,383,226,182,146,9,0,0
916,446,383,226,182,146,9,0,0
917,446,382,226,182,146,9,0,0
918,446,382,226,182,146,9,0,0
919,446,382,226,182,146,9,0,0
920,446,383,226,182,146,9,0,0
921,446,383,226,182,146,9,0,0
922,446,383,226,182,146,9,0,0
923,446,383,226,182,146,9,0,0
924,445,383,226,181,146,9,0,0
925,445,383,226,182,146,9,0,0
926,445,383,226,182,146,9,0,0
927,445,383,226,182,146,9,0,0
928,445,383,226,181,146,9,0,0
929,445,383,226,181,146,9,0,0
930,445,383,226,182,146,9,0,0
931,445,383,226,181,146,9,0,0
932,445,383,226,181,146,9,0,0
933,445,383,226,181,146,9,0,0
934,445,383,226,181,146,9,0,0
935,445,383,226,181,146,9,0,0
936,445,383,226,181,146,9,0,0
937,445,383,226,181,146,9,0,0
938,445,383,226,181,146,9,0,0
939,445,383,226,181,146,9,0,0
940,446,382,226,181,146,9,0,0
941,446,382,226,181,146,9,0,0
942,445,382,226,182,146,9,0,0
943,445,382,226,182,146,9,0,0
944,445,382,226,182,146,9,0,0
945,445,382,225,181,146,9,0,0
946,445,382,225,181,146,9,0,0
947,445,382,225,181,146,9,0,0
948,445,382,226,181,146,9,0,0
949,445,382,226,181,146,9,0,0
950,445,382,226,181,146,9,0,0
951,445,382,226,181,146,9,0,0
952,445,382,226,181,146,9,0,0
953,445,382,226,181,146,9,0,0
954,445,382,226,181,146,9,0,0
955,445,382,226,181,146,9,0,0
956,445,382,226,181,146,9,0,0
957,445,382,226,182,146,9,0,0
958,445,382,226,181,146,9,0,0
959,446,383,226,181,146,9,0,0
960,445,383,226,181,146,9,0,0
961,445,383,226,181,146,9,0,0
962,445,382,226,181,146,9,0,0
963,445,383,226,181,146,9,0,0
964,445,382,226,181,146,9,0,0
965,445,383,226,181,146,9,0,0
966,445,383,226,181,146,9,0,0
967,445,383,226,181,146,9,0,0
968,445,382,226,181,146,9,0,0
969,445,382,226,181,146,9,0,0
970,445,382,226,181,146,9,0,0
971,445,382,226,181,146,9,0,0
972,445,382,226,181,146,9,0,0
973,445,382,226,181,146,9,0,0
974,445,382,226,181,146,9,0,0
975,445,382,226,181,146,9,0,0
976,445,382,226,181,146,9,0,0
977,445,382,226,181,146,9,0,0
978,445,382,226,181,146,9,0,0
979,445,382,226,181,146,9,0,0
980,445,382,226,181,146,9,0,0
981,445,382,226,181,146,9,0,0
982,445,382,226,181,146,9,0,0
983,445,382,226,181,146,9,0,0
984,445,382,226,181,146,9,0,0
985,445,382,226,181,146,9,0,0
986,445,382,226,181,146,9,0,0
987,445,382,226,181,146,9,0,0
988,445,382,226,181,146,9,0,0
989,445,382,226,181,146,9,0,0
990,445,382,226,180,146,9,0,0
991,445,382,226,181,146,9,0,0
992,445,382,226,181,146,9,0,0
993,445,382,226,181,146,9,0,0
994,445,382,226,181,146,9,0,0
995,445,382,226,181,146,9,0,0
996,445,382,226,180,146,9,0,0
997,445,382,226,180,146,9,0,0
998,445,382,225,180,146,9,0,0
999,445,382,226,180,146,9,0,0
1000,445,383,226,180,146,9,0,0
1001,445,383,226,180,146,9,0,0
1002,445,382,226,181,146,9,0,0
1003,445,382,226,181,146,9,0,0
1004,445,383,226,181,146,9,0,0
1005,445,383,226,181,146,9,0,0
1006,445,383,226,181,146,9,0,0
1007,445,383,226,181,146,9,0,0
1008,445,383,226,181,146,9,0,0
1009,445,383,226,181,146,9,0,0
1010,445,383,226,181,146,9,0,0
1011,445,382,226,181,146,9,0,0
1012,445,382,226,181,146,9,0,0
1013,445,382,226,181,146,9,0,0
1014,445,382,226,181,146,9,0,0
1015,445,382,226,181,146,9,0,0
1016,445,382,226,181,146,9,0,0
1017,445,382,226,181,146,9,0,0
1018,445,383,226,181,146,9,0,0
1019,445,382,226,181,146,9,0,0
1020,445,382,226,181,146,9,0,0
1021,445,382,226,181,146,9,0,0
1022,445,382,226,181,146,9,0,0
1023,445,382,226,181,146,9,0,0
1024,445,382,226,181,146,9,0,0
1025,445,382,226,181,146,9,0,0
1026,445,382,226,181,146,9,0,0
1027,445,382,226,181,146,9,0,0
1028,445,382,226,181,146,9,0,0
1029,445,382,226,182,146,9,0,0
1030,445,382,226,182,146,9,0,0
1031,445,382,226,181,146,9,0,0
1032,446,382,225,181,146,9,0,0
1033,445,382,226,181,146,9,0,0
1034,445,382,226,181,146,9,0,0
1035,445,382,226,181,146,9,0,0
1036,445,382,226,181,146,9,0,0
1037,445,382,226,181,146,9,0,0
1038,445,382,226,181,146,9,0,0
1039,445,382,226,181,146,9,0,0
1040,445,382,226,181,146,9,0,0
1041,445,382,226,181,146,9,0,0
1042,445,382,226,182,146,9,0,0
1043,445,382,226,181,146,9,0,0
1044,445,382,226,181,146,9,0,0
1045,445,382,226,181,146,9,0,0
1046,445,382,226,181,146,9,0,0
1047,445,382,225,181,146,9,0,0
1048,445,382,225,181,146,9,0,0
1049,445,382,225,181,146,9,0,0
1050,445,382,225,181,146,9,0,0
1051,445,382,226,181,146,9,0,0
1052,445,382,226,181,146,9,0,0
1053,445,382,226,181,146,9,0,0
1054,445,382,226,181,146,9,0,0
1055,445,382,226,181,146,9,0,0
1056,445,382,226,181,146,9,0,0
1057,445,382,226,181,146,9,0,0
1058,445,382,226,181,146,9,0,0
1059,445,382,226,181,146,9,0,0
1060,445,382,226,181,146,9,0,0
1061,445,382,226,181,146,9,0,0
1062,445,382,226,181,146,9,0,0
1063,445,382,226,181,146,9,0,0
1064,445,382,226,181,146,9,0,0
1065,446,382,225,181,146,9,0,0
1066,446,382,225,181,146,9,0,0
1067,445,382,226,181,146,9,0,0
1068,445,382,226,182,146,9,0,0
1069,445,382,226,181,146,9,0,0
1070,445,382,226,181,146,9,0,0
1071,446,382,225,181,146,9,0,0
1072,446,382,225,181,146,9,0,0
1073,446,382,225,181,146,9,0,0
1074,446,382,225,181,146,9,0,0
1075,446,382,225,181,146,9,0,0
1076,446,382,225,181,146,9,0,0
1077,445,382,226,181,146,9,0,0
1078,445,382,226,181,146,9,0,0
1079,446,382,225,181,146,9,0,0
1080,445,382,226,181,146,9,0,0
1081,445,382,226,181,146,9,0,0
1082,445,382,226,181,146,9,0,0
1083,445,382,226,181,146,9,0,0
1084,445,382,226,181,146,9,0,0
1085,445,382,226,181,146,9,0,0
1086,445,382,226,181,146,9,0,0
1087,445,382,226,181,146,9,0,0
1088,445,382,226,181,146,9,0,0
1089,445,382,226,181,146,9,0,0
1090,445,382,226,181,146,9,0,0
1091,445,382,226,181,146,9,0,0
1092,445,382,226,181,146,9,0,0
1093,445,382,226,181,146,9,0,0
1094,445,382,226,181,146,9,0,0
1095,445,382,226,181,146,9,0,0
1096,445,382,226,181,146,9,0,0
1097,445,382,226,181,146,9,0,0
1098,445,382,226,181,146,9,0,0
1099,445,382,226,181,146,9,0,0
1100,445,382,226,181,146,9,0,0
1101,445,382,226,181,146,9,0,0
1102,445,382,226,181,146,9,0,0
1103,445,382,226,181,146,9,0,0
1104,445,382,226,181,146,9,0,0
1105,445,382,226,181,146,9,0,0
1106,445,382,226,181,146,9,0,0
1107,445,382,226,181,146,9,0,0
1108,445,382,226,181,146,9,0,0
1109,445,382,226,181,146,9,0,0
1110,445,382,226,181,146,9,0,0
1111,445,382,226,181,146,9,0,0
1112,445,382,226,181,146,9,0,0
1113,445,382,226,181,146,9,0,0
1114,445,382,226,181,146,9,0,0
1115,445,382,226,181,146,9,0,0
1116,445,382,226,181,146,9,0,0
1117,445,382,226,180,146,9,0,0
1118,445,382,226,181,146,9,0,0
1119,445,382,226,181,146,9,0,0
1120,445,382,226,181,146,9,0,0
1121,445,382,227,181,146,9,0,0
1122,445,382,227,181,146,9,0,0
1123,445,382,227,181,146,9,0,0
1124,445,382,227,181,146,9,0,0
1125,445,382,227,181,146,9,0,0
1126,445,382,227,181,146,9,0,0
1127,445,381,227,181,146,9,0,0
1128,445,381,227,181,146,9,0,0
1129,445,381,227,181,146,9,0,0
1130,445,381,227,181,146,9,0,0
1131,445,381,227,181,146,9,0,0
1132,445,381,227,181,146,9,0,0
1133,445,381,226,181,146,9,0,0
1134,445,381,226,181,146,9,0,0
1135,445,381,226,181,146,9,0,0
1136,445,382,226,180,146,9,0,0
1137,445,382,226,181,146,9,0,0
1138,445,382,226,181,146,9,0,0
1139,445,382,226,181,146,9,0,0
1140,445,381,225,180,146,9,0,0
1141,445,381,225,180,146,9,0,0
1142,445,381,226,181,146,9,0,0
1143,445,381,226,181,146,9,0,0
1144,445,381,225,181,146,9,0,0
1145,445,381,226,180,146,9,0,0
1146,445,381,225,181,146,9,0,0
1147,445,381,225,181,146,9,0,0
1148,445,382,225,181,146,9,0,0
1149,445,382,225,181,146,9,0,0
1150,445,381,225,181,146,9,0,0
1151,445,381,225,181,146,9,0,0
1152,445,382,225,181,146,9,0,0
1153,445,382,225,181,146,9,0,0
1154,445,381,225,181,146,9,0,0
1155,445,382,225,181,146,9,0,0
1156,445,381,225,181,146,9,0,0
1157,446,381,225,180,146,9,0,0
1158,446,381,225,180,146,9,0,0
1159,446,381,224,179,146,9,0,1
1160,446,381,224,179,146,9,0,0
1161,446,381,224,179,146,9,0,1
1162,446,381,224,179,146,9,0,0
1163,446,381,224,179,146,9,0,0
1164,446,381,224,179,146,9,0,0
1165,446,381,224,179,146,9,0,0
1166,446,381,225,181,146,9,0,0
1167,446,381,225,180,146,9,0,0
1168,445,381,225,181,146,9,0,0
1169,445,381,226,180,146,9,0,0
1170,445,381,226,180,146,9,0,0
1171,445,381,226,181,146,9,0,0
1172,445,381,226,181,146,9,0,0
1173,445,381,226,181,146,9,0,0
1174,445,381,226,181,146,9,0,0
1175,445,381,226,181,146,9,0,0
1176,445,381,226,181,146,9,0,0
1177,445,381,226,181,146,9,0,0
1178,445,381,226,181,146,9,0,0
1179,445,381,226,181,146,9,0,0
1180,445,381,226,181,146,9,0,0
1181,445,381,226,181,146,9,0,0
1182,445,381,226,181,146,9,0,0
1183,446,381,225,180,146,9,0,0
1184,446,381,225,180,146,9,0,0
1185,446,381,225,180,146,9,0,0
1186,445,381,225,181,146,9,0,0
1187,445,381,226,181,146,9,0,0
1188,445,381,225,181,146,9,0,0
1189,445,381,225,181,146,9,0,0
1190,445,381,225,181,146,9,0,0
1191,445,381,225,181,146,9,0,0
1192,445,381,225,181,146,9,0,0
1193,445,381,225,181,146,9,0,0
1194,445,381,225,181,146,9,0,0
1195,445,381,225,181,146,9,0,0
1196,445,381,226,181,146,9,0,0
1197,445,381,225,181,146,9,0,0
1198,445,381,226,181,146,9,0,0
1199,445,381,226,181,146,9,0,0
1200,445,381,226,181,146,9,0,0
1201,445,381,226,181,146,9,0,0
1202,445,381,226,181,146,9,0,0
1203,445,381,225,181,146,9,0,0
1204,445,381,225,181,146,9,0,0
1205,445,381,225,181,146,9,0,0
1206,445,381,225,181,146,9,0,0
1207,445,381,225,181,146,9,0,0
1208,445,381,225,181,146,9,0,0
1209,445,381,225,182,146,9,0,0
1210,445,381,225,182,146,9,0,0
1211,445,381,225,182,146,9,0,0
1212,445,381,225,181,146,9,0,0
1213,445,381,225,181,146,9,0,0
1214,445,381,225,181,146,9,0,0
1215,445,381,226,181,146,9,0,0
1216,445,381,225,181,146,9,0,0
1217,445,381,225,181,146,9,0,0
1218,445,381,225,181,146,9,0,0
1219,445,381,225,181,146,9,0,0
1220,445,381,225,181,146,9,0,0
1221,445,381,225,181,146,9,0,0
1222,445,381,225,181,146,9,0,0
1223,445,381,225,181,146,9,0,0
1224,445,381,226,181,146,9,0,0
1225,445,381,226,181,146,9,0,0
1226,445,381,226,181,146,9,0,0
1227,445,381,226,181,146,9,0,0
1228,445,381,226,181,146,9,0,0
1229,445,381,226,181,146,9,0,0
1230,445,381,225,181,146,9,0,0
1231,445,381,225,181,146,9,0,0
1232,445,381,226,181,146,9,0,0
1233,445,381,226,181,146,9,0,0
1234,445,381,226,181,146,9,0,0
1235,445,381,226,181,146,9,0,0
1236,445,381,226,181,146,9,0,0
1237,445,381,226,181,146,9,0,0
1238,445,381,226,181,146,9,0,0
1239,445,381,226,181,146,9,0,0
1240,445,381,226,181,146,9,0,0
1241,445,380,226,181,146,9,0,0
1242,445,380,226,181,146,9,0,0
1243,445,380,226,181,146,9,0,0
1244,445,380,226,181,146,9,0,0
1245,445,380,226,181,146,9,0,0
1246,445,380,226,181,146,9,0,0
1247,445,381,226,181,146,9,0,0
1248,445,381,226,181,146,9,0,0
1249,445,381,226,181,146,9,0,0
1250,445,380,226,181,146,9,0,0
1251,445,381,226,181,146,9,0,0
1252,445,381,226,181,146,9,0,0
1253,445,381,226,181,146,9,0,0
1254,445,381,226,181,146,9,0,0
1255,445,381,226,181,146,9,0,0
1256,445,381,226,181,146,9,0,0
1257,445,381,226,181,146,9,0,0
1258,445,381,226,181,146,9,0,0
1259,445,381,226,181,146,9,0,0
1260,445,381,226,181,146,9,0,0
1261,445,381,226,181,146,9,0,0
1262,445,381,226,181,146,9,0,0
1263,445,380,225,181,146,9,0,0
1264,445,380,225,181,146,9,0,0
1265,445,380,225,182,146,9,0,0
1266,445,380,225,182,146,9,0,0
1267,445,380,226,182,146,9,0,0
1268,445,380,225,182,146,9,0,0
1269,445,380,225,181,146,9,0,0
1270,445,381,225,181,146,9,0,0
1271,445,381,226,181,146,9,0,0
1272,445,381,226,181,146,9,0,0
1273,445,381,226,181,146,9,0,0
1274,445,381,226,181,146,9,0,0
1275,445,381,226,181,146,9,0,0
1276,445,381,226,181,146,9,0,0
1277,445,381,226,181,146,9,0,0
1278,445,381,226,181,146,9,0,0
1279,445,381,226,181,146,9,0,0
1280,445,381,226,181,146,9,0,0
1281,445,381,226,181,146,9,0,0
1282,445,381,226,181,146,9,0,0
1283,445,381,226,181,146,9,0,0
1284,445,381,226,181,146,9,0,0
1285,445,381,226,182,146,9,0,0
1286,445,381,226,182,146,9,0,0
1287,445,381,226,182,146,9,0,0
1288,445,381,226,182,146,9,0,0
1289,445,381,226,182,146,9,0,0
1290,445,381,226,181,146,9,0,0
1291,445,381,226,182,146,9,0,0
1292,445,381,226,182,146,9,0,0
1293,445,381,226,182,146,9,0,0
1294,445,381,226,181,146,9,0,0
1295,445,381,226,181,146,9,0,0
1296,445,380,226,182,146,9,0,0
1297,445,380,226,182,146,9,0,0
1298,445,380,226,182,146,9,0,0
1299,445,380,226,182,146,9,0,0
1300,445,380,226,182,146,9,0,0
1301,445,380,226,182,146,9,0,0
1302,445,380,226,182,146,9,0,0
1303,445,380,226,182,146,9,0,0
1304,445,380,226,182,146,9,0,0
1305,445,380,226,182,146,9,0,0
1306,445,380,226,182,146,9,0,0
1307,445,380,226,182,146,9,0,0
1308,445,381,226,182,146,9,0,0
1309,445,380,226,182,146,9,0,0
1310,445,380,226,182,146,9,0,0
1311,445,380,226,182,146,9,0,0
1312,445,380,226,182,146,9,0,0
1313,445,380,226,182,146,9,0,0
1314,445,380,226,182,146,9,0,0
1315,445,380,226,182,146,9,0,0
1316,445,380,226,182,146,9,0,0
1317,445,380,226,182,146,9,0,0
1318,445,380,226,182,146,9,0,0
1319,445,380,226,182,146,9,0,0
1320,445,381,226,181,146,9,0,0
1321,445,381,226,181,146,9,0,0
1322,445,381,226,181,146,9,0,0
1323,445,381,226,181,146,9,0,0
1324,445,381,226,181,146,9,0,0
1325,445,381,226,181,146,9,0,0
1326,445,381,226,181,146,9,0,0
1327,445,381,226,181,146,9,0,0
1328,445,381,226,182,146,9,0,0
1329,445,381,226,181,146,9,0,0
1330,445,380,226,182,146,9,0,0
1331,445,380,226,182,146,9,0,0
1332,445,380,226,182,146,9,0,0
1333,445,380,226,182,146,9,0,0
1334,445,380,226,181,146,9,0,0
1335,445,380,226,181,146,9,0,0
1336,445,380,226,182,146,9,0,0
1337,445,380,226,182,146,9,0,0
1338,445,380,226,182,146,9,0,0
1339,445,380,226,182,146,9,0,0
1340,445,380,226,182,146,9,0,0
1341,445,380,226,182,146,9,0,0
1342,445,380,226,182,146,9,0,0
1343,445,380,226,182,146,9,0,0
1344,445,380,226,182,146,9,0,0
1345,445,381,226,182,146,9,0,0
1346,445,381,226,182,146,9,0,0
1347,445,381,226,182,146,9,0,0
1348,445,380,226,182,146,9,0,0
1349,445,380,226,182,146,9,0,0
1350,445,380,226,182,146,9,0,0
1351,445,380,226,182,146,9,0,0
1352,445,380,226,182,146,9,0,0
1353,445,380,226,182,146,9,0,0
1354,445,380,226,182,146,9,0,0
1355,445,380,226,182,146,9,0,0
1356,445,380,226,182,146,9,0,0
1357,445,380,226,182,146,9,0,0
1358,445,380,226,182,146,9,0,0
1359,445,380,226,182,146,9,0,0
1360,445,380,226,182,146,9,0,0
1361,445,380,226,182,146,9,0,0
1362,445,380,226,182,146,9,0,0
1363,445,380,226,182,146,9,0,0
1364,445,380,226,183,146,9,0,0
1365,445,380,226,183,146,9,0,0
1366,445,380,226,183,146,9,0,0
1367,445,380,226,183,146,9,0,0
1368,445,380,226,183,146,9,0,0
1369,445,380,226,182,146,9,0,0
1370,445,380,226,183,146,9,0,0
1371,445,380,226,182,146,9,0,0
1372,445,380,226,182,146,9,0,0
1373,445,380,226,182,146,9,0,0
1374,445,380,226,182,146,9,0,0
1375,445,380,226,182,146,9,0,0
1376,445,380,226,182,146,9,0,0
1377,445,381,226,182,146,9,0,0
1378,445,380,226,182,146,9,0,0
1379,445,380,226,182,146,9,0,0
1380,445,380,226,183,146,9,0,0
1381,445,380,226,182,146,9,0,0
1382,445,380,226,182,146,9,0,0
1383,445,380,226,182,146,9,0,0
1384,445,380,226,182,146,9,0,0
1385,445,380,226,182,146,9,0,0
1386,445,380,226,182,146,9,0,0
1387,445,380,226,182,146,9,0,0
1388,445,380,226,182,146,9,0,0
1389,445,380,226,182,146,9,0,0
1390,445,380,226,182,146,9,0,0
1391,445,381,226,182,146,9,0,0
1392,445,381,226,182,146,9,0,0
1393,445,381,226,182,146,9,0,0
1394,445,380,226,182,146,9,0,0
1395,445,381,226,182,146,9,0,0
1396,445,381,226,181,146,9,0,0
1397,445,381,226,182,146,9,0,0
1398,445,381,226,182,146,9,0,0
1399,445,381,226,182,146,9,0,0
1400,445,381,225,181,146,9,0,0
1401,445,381,225,181,146,9,0,0
1402,445,381,225,181,146,9,0,0
1403,445,380,226,181,146,9,0,0
1404,445,381,226,181,146,9,0,0
1405,445,381,226,181,146,9,0,0
1406,445,381,226,181,146,9,0,0
1407,445,381,226,181,146,9,0,0
1408,445,380,225,182,146,9,0,0
1409,445,380,225,182,146,9,0,0
1410,445,380,225,182,146,9,0,0
1411,445,380,225,182,146,9,0,0
1412,445,380,225,182,146,9,0,0
1413,445,380,225,182,146,9,0,0
1414,445,380,225,182,146,9,0,0
1415,445,380,225,182,146,9,0,0
1416,445,381,226,182,146,9,0,0
1417,445,380,226,182,146,9,0,0
1418,445,381,226,182,146,9,0,0
1419,445,381,226,182,146,9,0,0
1420,445,380,226,182,146,9,0,0
1421,445,380,226,182,146,9,0,0
1422,445,380,226,182,146,9,0,0
1423,445,381,226,181,146,9,0,0
1424,445,381,226,181,146,9,0,0
1425,445,381,226,181,146,9,0,0
1426,445,381,226,181,146,9,0,0
1427,445,380,226,181,146,9,0,0
1428,445,381,226,181,146,9,0,0
1429,445,381,226,181,146,9,0,0
1430,445,381,226,181,146,9,0,0
1431,445,381,226,181,146,9,0,0
1432,445,381,226,181,146,9,0,0
1433,445,381,225,181,146,9,0,0
1434,445,381,226,181,146,9,0,0
1435,445,381,226,181,146,9,0,0
1436,445,381,226,181,146,9,0,0
1437,445,381,226,181,146,9,0,0
1438,445,381,226,181,146,9,0,0
1439,445,381,226,181,146,9,0,0
1440,445,381,226,182,146,9,0,0
1441,445,381,226,181,146,9,0,0
1442,445,381,226,181,146,9,0,0
1443,445,381,226,181,146,9,0,0
1444,445,381,226,181,146,9,0,0
1445,445,381,226,181,146,9,0,0
1446,445,381,226,181,146,9,0,0
1447,445,381,226,181,146,9,0,0
1448,445,381,226,181,146,9,0,0
1449,445,381,226,181,146,9,0,0
1450,445,381,226,181,146,9,0,0
1451,445,381,226,181,146,9,0,0
1452,445,381,226,181,146,9,0,0
1453,445,381,226,181,146,9,0,0
1454,445,381,226,181,146,9,0,0
1455,445,381,226,181,146,9,0,0
1456,445,381,226,181,146,9,0,0
1457,445,381,226,181,146,9,0,0
1458,445,381,226,181,146,9,0,0
1459,445,381,226,181,146,9,0,0
1460,445,381,226,181,146,9,0,0
1461,445,381,226,181,146,9,0,0
1462,445,381,226,181,146,9,0,0
1463,445,381,226,181,146,9,0,0
1464,445,382,226,181,146,9,0,0
1465,445,382,226,181,146,9,0,0
1466,445,382,226,181,146,9,0,0
1467,445,382,226,181,146,9,0,0
1468,445,382,226,181,146,9,0,0
1469,445,382,226,181,146,9,0,0
1470,445,382,226,181,146,9,0,0
1471,445,382,226,181,146,9,0,0
1472,445,382,226,181,146,9,0,0
1473,445,382,226,181,146,9,0,0
1474,445,382,226,181,146,9,0,0
1475,445,382,226,181,146,9,0,0
1476,445,381,226,182,146,9,0,0
1477,445,381,226,182,146,9,0,0
1478,445,381,226,182,146,9,0,0
1479,445,382,226,182,146,9,0,0
1480,445,382,226,182,146,9,0,0
1481,445,382,226,182,146,9,0,0
1482,445,382,226,182,146,9,0,0
1483,445,382,226,182,146,9,0,0
1484,445,382,226,182,146,9,0,0
1485,445,382,226,182,146,9,0,0
1486,445,382,226,182,146,9,0,0
1487,445,382,226,182,146,9,0,0
1488,445,382,226,182,146,9,0,0
1489,445,382,226,182,146,9,0,0
1490,445,382,226,181,146,9,0,0
1491,445,382,226,182,146,9,0,0
1492,446,382,226,182,146,9,0,0
1493,446,382,226,181,146,9,0,0
1494,446,382,226,181,146,9,0,0
1495,446,382,226,181,146,9,0,0
1496,446,382,226,181,146,9,0,0
1497,446,382,226,181,146,9,0,0
1498,445,382,226,181,146,9,0,0
1499,446,382,226,181,146,9,0,0
1500,445,382,226,181,146,9,0,0
1501,445,382,226,181,146,9,0,0
1502,445,382,226,181,146,9,0,0
1503,445,382,226,181,146,9,0,0
1504,445,382,226,181,146,9,0,0
1505,445,382,226,181,146,9,0,0
1506,445,382,226,181,146,9,0,0
1507,445,382,226,181,146,9,0,0
1508,445,382,226,181,146,9,0,0
1509,445,382,226,181,146,9,0,0
1510,445,382,226,181,146,9,0,0
1511,445,382,226,181,146,9,0,0
1512,445,382,226,181,146,9,0,0
1513,445,382,226,181,146,9,0,0
1514,445,382,226,181,146,9,0,0
1515,445,382,226,181,146,9,0,0
1516,445,382,226,181,146,9,0,0
1517,446,382,226,181,146,9,0,0
1518,445,382,226,181,146,9,0,0
1519,445,382,226,181,146,9,0,0
1520,446,382,226,181,146,9,0,0
1521,445,382,226,181,146,9,0,0
1522,445,382,226,181,146,9,0,0
1523,445,382,226,181,146,9,0,0
1524,445,382,226,181,146,9,0,0
1525,445,382,226,181,146,9,0,0
1526,445,382,226,181,146,9,0,0
1527,445,382,226,181,146,9,0,0
1528,445,382,226,181,146,9,0,0
1529,445,382,226,181,146,9,0,0
1530,445,381,226,181,146,9,0,0
1531,445,381,226,181,146,9,0,0
1532,445,381,226,181,146,9,0,0
1533,445,381,226,181,146,9,0,0
1534,445,381,226,181,146,9,0,0
1535,445,381,226,181,146,9,0,0
1536,445,382,226,181,146,9,0,0
1537,445,382,226,181,146,9,0,0
1538,446,382,226,181,146,9,0,0
1539,445,382,226,181,146,9,0,0
1540,446,382,226,181,146,9,0,0
1541,446,382,226,181,146,9,0,0
1542,446,382,226,181,146,9,0,0
1543,446,382,226,181,146,9,0,0
1544,445,382,226,181,146,9,0,0
1545,445,382,226,181,146,9,0,0
1546,445,382,226,181,146,9,0,0
1547,445,382,226,181,146,9,0,0
1548,445,382,226,181,146,9,0,0
1549,445,382,226,181,146,9,0,0
1550,445,382,226,181,146,9,0,0
1551,445,381,226,181,146,9,0,0
1552,445,382,226,181,146,9,0,0
1553,445,382,226,181,146,9,0,0
1554,445,381,226,181,146,9,0,0
1555,445,381,226,181,146,9,0,0
1556,445,381,226,181,146,9,0,0
1557,445,381,226,181,146,9,0,0
1558,445,381,226,181,146,9,0,0
1559,445,381,226,181,146,9,0,0
1560,445,381,226,181,146,9,0,0
1561,445,381,226,181,146,9,0,0
1562,445,382,226,181,146,9,0,0
1563,445,382,226,181,146,9,0,0
1564,445,382,226,180,146,9,0,0
1565,445,382,226,180,146,9,0,0
1566,445,382,226,181,146,9,0,0
1567,446,382,226,181,146,9,0,0
1568,446,382,226,181,146,9,0,0
1569,446,382,226,181,146,9,0,0
1570,446,382,226,181,146,9,0,0
1571,445,382,226,181,146,9,0,0
1572,445,382,226,180,146,9,0,0
1573,445,382,226,181,146,9,0,0
1574,445,381,226,181,146,9,0,0
1575,445,381,226,181,146,9,0,0
1576,445,381,226,181,146,9,0,0
1577,445,381,226,181,146,9,0,0
1578,445,381,226,182,146,9,0,0
1579,445,381,226,181,146,9,0,0
1580,445,381,226,181,146,9,0,0
1581,445,381,226,181,146,9,0,0
1582,445,381,226,181,146,9,0,0
1583,445,381,226,181,146,9,0,0
1584,445,381,226,181,146,9,0,0
1585,445,381,226,181,146,9,0,0
1586,445,381,225,181,146,9,0,0
1587,445,380,226,182,146,9,0,0
1588,445,382,226,181,146,9,0,0
1589,446,382,226,181,146,9,0,0
1590,446,382,226,181,146,9,0,0
1591,445,382,226,181,146,9,0,0
1592,445,382,226,181,146,9,0,0
1593,445,381,226,181,146,9,0,0
1594,445,381,226,181,146,9,0,0
1595,445,381,226,181,146,9,0,0
1596,445,382,225,181,146,9,0,0
1597,445,382,225,181,146,9,0,0
1598,445,382,225,181,146,9,0,0
1599,445,382,225,181,146,9,0,0
1600,446,382,225,181,146,9,0,0
1601,446,382,225,181,146,9,0,0
1602,445,382,225,181,146,9,0,0
1603,445,382,225,181,146,9,0,0
1604,446,382,225,181,146,9,0,0
1605,446,382,225,181,146,9,0,0
1606,446,382,225,181,146,9,0,0
1607,445,382,225,181,146,9,0,0
1608,446,382,225,181,146,9,0,0
1609,446,381,225,181,146,9,0,0
1610,446,382,225,181,146,9,0,0
1611,445,382,226,180,146,9,0,0
1612,445,382,226,181,146,9,0,0
1613,445,382,226,180,146,9,0,0
1614,445,382,226,181,146,9,0,0
1615,445,382,226,181,146,9,0,0
1616,445,382,226,181,146,9,0,0
1617,445,382,226,181,146,9,0,0
1618,445,382,226,181,146,9,0,0
1619,445,382,226,181,146,9,0,0
1620,445,382,226,181,146,9,0,0
1621,446,382,226,180,146,9,0,0
1622,445,382,226,181,146,9,0,0
1623,445,382,226,181,146,9,0,0
1624,446,382,226,181,146,9,0,0
1625,445,382,226,181,146,9,0,0
1626,445,382,226,181,146,9,0,0
1627,445,382,226,181,146,9,0,0
1628,445,382,226,181,146,9,0,0
1629,446,382,226,181,146,9,0,0
1630,445,382,226,181,146,9,0,0
1631,445,382,226,181,146,9,0,0
1632,445,382,226,181,146,9,0,0
1633,445,382,226,181,146,9,0,0
1634,446,382,226,181,146,9,0,0
1635,446,382,226,181,146,9,0,0
1636,445,382,226,181,146,9,0,0
1637,445,382,226,181,146,9,0,0
1638,445,382,226,181,146,9,0,0
1639,445,382,226,181,146,9,0,0
1640,445,382,226,180,146,9,0,0
1641,445,382,226,181,146,9,0,0
1642,445,382,226,181,146,9,0,0
1643,445,382,226,181,146,9,0,0
1644,445,382,226,181,146,9,0,0
1645,446,382,226,181,146,9,0,0
1646,445,382,226,181,146,9,0,0
1647,445,382,226,181,146,9,0,0
1648,445,382,226,181,146,9,0,0
1649,446,382,226,181,146,9,0,0
1650,446,382,226,181,146,9,0,0
1651,445,382,226,181,146,9,0,0
1652,446,382,226,181,146,9,0,0
1653,446,382,226,181,146,9,0,0
1654,445,382,226,181,146,9,0,0
1655,445,382,226,181,146,9,0,0
1656,446,382,226,181,146,9,0,0
1657,446,382,226,181,146,9,0,0
1658,446,382,226,181,146,9,0,0
1659,446,382,226,181,146,9,0,0
1660,446,382,226,181,146,9,0,0
1661,446,382,226,181,146,9,0,0
1662,446,382,226,181,146,9,0,0
1663,446,382,226,181,146,9,0,0
1664,446,382,226,181,146,9,0,0
1665,446,382,226,181,146,9,0,0
1666,446,382,226,181,146,9,0,0
1667,446,382,226,181,146,9,0,0
1668,446,382,226,181,146,9,0,0
1669,446,382,226,181,146,9,0,0
1670,446,382,226,181,146,9,0,0
1671,446,382,226,181,146,9,0,0
1672,446,382,226,181,146,9,0,0
1673,446,382,226,181,146,9,0,0
1674,445,382,226,181,146,9,0,0
1675,445,382,226,181,146,9,0,0
1676,446,382,226,181,146,9,0,0
1677,446,382,226,181,146,9,0,0
1678,445,382,226,181,146,9,0,0
1679,445,382,226,182,146,9,0,0
1680,446,382,226,182,146,9,0,0
1681,446,382,226,182,146,9,0,0
1682,446,382,226,182,146,9,0,0
1683,446,382,226,182,146,9,0,0
1684,446,382,226,181,146,9,0,0
1685,446,382,226,181,146,9,0,0
1686,446,382,226,181,146,9,0,0
1687,446,382,226,181,146,9,0,0
1688,446,382,226,181,146,9,0,0
1689,446,382,226,181,146,9,0,0
1690,446,382,226,181,146,9,0,0
1691,446,382,226,181,146,9,0,0
1692,446,382,226,181,146,9,0,0
1693,446,382,226,181,146,9,0,0
1694,446,382,226,181,146,9,0,0
1695,446,382,226,181,146,9,0,0
1696,446,382,226,181,146,9,0,0
1697,446,382,226,181,146,9,0,0
1698,446,382,226,181,146,9,0,0
1699,446,382,226,181,146,9,0,0
1700,446,382,226,180,146,9,0,0
1701,446,382,226,180,146,9,0,0
1702,446,382,225,180,146,9,0,0
1703,446,382,226,180,146,9,0,0
1704,446,382,226,182,146,9,0,0
1705,446,382,226,182,146,9,0,0
1706,446,382,225,181,146,9,0,0
1707,446,382,226,182,146,9,0,0
1708,446,382,226,182,146,9,0,0
1709,446,382,226,181,146,9,0,0
1710,446,382,225,181,146,9,0,0
1711,446,382,226,182,146,9,0,0
1712,446,382,226,182,146,9,0,0
1713,446,382,226,182,146,9,0,0
1714,446,382,226,182,146,9,0,0
1715,446,382,226,182,146,9,0,0
1716,446,382,226,182,146,9,0,0
1717,446,382,226,182,146,9,0,0
1718,446,382,226,181,146,9,0,0
1719,446,382,226,182,146,9,0,0
1720,446,382,226,182,146,9,0,0
1721,446,382,226,182,146,9,0,0
1722,446,382,226,182,146,9,0,0
1723,446,382,226,182,146,9,0,0
1724,446,382,226,183,146,9,0,0
1725,446,382,226,183,146,9,0,0
1726,446,382,226,183,146,9,0,0
1727,446,382,226,183,146,9,0,0
1728,446,382,225,183,146,9,0,0
1729,446,382,225,182,146,9,0,0
1730,446,382,225,181,146,9,0,0
1731,446,382,226,182,146,9,0,0
1732,446,382,226,182,146,9,0,0
1733,446,382,226,182,146,9,0,0
1734,446,382,226,182,146,9,0,0
1735,446,383,226,182,146,9,0,0
1736,446,383,226,182,146,9,0,0
1737,446,383,226,182,146,9,0,0
1738,447,383,225,182,146,9,0,0
1739,447,383,225,182,146,9,0,0
1740,447,383,225,183,146,9,0,0
1741,447,383,225,182,146,9,0,0
1742,447,383,225,183,146,9,0,0
1743,447,383,225,183,146,9,0,0
1744,447,383,225,182,146,9,0,0
1745,446,383,225,182,146,9,0,0
1746,446,383,226,181,146,9,0,0
1747,446,383,226,182,146,9,0,0
1748,446,382,226,182,146,9,0,0
1749,446,382,226,182,146,9,0,0
1750,446,382,225,182,146,9,0,0
1751,446,382,226,182,146,9,0,0
1752,446,382,225,182,146,9,0,0
1753,446,382,225,182,146,9,0,0
1754,446,382,225,182,146,9,0,0
1755,446,382,225,182,146,9,0,0
1756,446,382,225,182,146,9,0,0
1757,446,382,225,182,146,9,0,0
1758,446,382,225,182,146,9,0,0
1759,446,382,225,182,146,9,0,0
1760,446,383,225,182,146,9,0,0
1761,446,383,225,182,146,9,0,0
1762,446,383,225,182,146,9,0,0
1763,446,383,225,182,146,9,0,0
1764,446,383,225,182,146,9,0,0
1765,446,383,225,182,146,9,0,0
1766,446,383,225,182,146,9,0,0
1767,446,383,225,182,146,9,0,0
1768,446,382,225,182,146,9,0,0
1769,445,382,226,182,146,9,0,0
1770,446,382,225,181,146,9,0,0
1771,446,383,225,181,146,9,0,0
1772,446,382,225,182,146,9,0,0
1773,446,383,225,181,146,9,0,0
1774,446,383,225,182,146,9,0,0
1775,446,383,226,182,146,9,0,0
1776,446,382,226,182,146,9,0,0
1777,446,382,226,182,146,9,0,0
1778,446,382,226,182,146,9,0,0
1779,446,383,226,182,146,9,0,0
1780,446,383,226,182,146,9,0,0
1781,446,383,226,182,146,9,0,0
1782,446,383,226,182,146,9,0,0
1783,446,383,226,181,146,9,0,0
1784,446,383,226,182,146,9,0,0
1785,446,383,226,181,146,9,0,0
1786,447,383,225,181,146,9,0,0
1787,446,383,225,181,146,9,0,0
1788,447,383,225,182,146,9,0,0
1789,446,383,225,182,146,9,0,0
1790,446,383,226,182,146,9,0,0
1791,446,383,225,182,146,9,0,0
1792,446,383,225,182,146,9,0,0
1793,446,383,225,182,146,9,0,0
1794,446,382,226,182,146,9,0,0
1795,446,382,226,182,146,9,0,0
1796,445,382,226,182,146,9,0,0
1797,445,382,226,182,146,9,0,0
1798,445,382,226,182,146,9,0,0
1799,446,382,226,182,146,9,0,0
1800,446,382,226,181,146,9,0,0
1801,446,383,226,182,146,9,0,0
1802,446,383,226,181,146,9,0,0
1803,446,383,226,182,146,9,0,0
1804,446,383,226,182,146,9,0,0
1805,446,383,226,182,146,9,0,0
1806,446,383,226,182,146,9,0,0
1807,446,383,226,182,146,9,0,0
1808,446,383,226,182,146,9,0,0
1809,446,383,225,182,146,9,0,0
1810,446,383,226,183,146,9,0,0
1811,446,383,226,183,146,9,0,0
1812,447,383,226,182,146,9,0,0
1813,446,383,226,182,146,9,0,0
1814,447,383,226,182,146,9,0,0
1815,447,382,226,183,146,9,0,0
1816,446,382,225,182,146,9,0,0
1817,446,382,226,182,146,9,0,0
1818,446,382,226,182,146,9,0,0
1819,446,382,226,182,146,9,0,0
1820,446,382,226,182,146,9,0,0
1821,446,382,226,182,146,9,0,0
1822,445,382,226,182,146,9,0,0
1823,445,382,226,182,146,9,0,0
1824,445,382,226,182,146,9,0,0
1825,445,382,226,182,146,9,0,0
1826,445,382,226,182,146,9,0,0
1827,446,382,225,182,146,9,0,0
1828,446,382,225,182,146,9,0,0
1829,445,382,225,182,146,9,0,0
1830,446,382,225,182,146,9,0,0
1831,446,382,225,182,146,9,0,0
1832,446,382,225,182,146,9,0,0
1833,446,382,226,182,146,9,0,0
1834,446,382,226,183,146,9,0,0
1835,446,382,226,183,146,9,0,0
1836,446,382,226,182,146,9,0,0
1837,446,382,226,182,146,9,0,0
1838,446,382,226,182,146,9,0,0
1839,446,382,226,183,146,9,0,0
1840,446,382,226,183,146,9,0,0
1841,446,381,226,182,146,9,0,0
1842,446,381,226,182,146,9,0,0
1843,446,382,226,182,146,9,0,0
1844,446,381,226,182,146,9,0,0
1845,446,381,225,182,146,9,0,0
1846,446,381,226,182,146,9,0,0
1847,446,381,226,181,146,9,0,0
1848,445,382,226,182,146,9,0,0
1849,446,381,226,181,146,9,0,0
1850,446,381,226,182,146,9,0,0
1851,446,381,226,182,146,9,0,0
1852,446,381,226,182,146,9,0,0
1853,446,381,226,182,146,9,0,0
1854,445,381,226,182,146,9,0,0
1855,445,381,226,182,146,9,0,0
1856,446,381,226,182,146,9,0,0
1857,446,381,226,182,146,9,0,0
1858,446,381,226,182,146,9,0,0
1859,446,382,226,182,146,9,0,0
1860,446,382,225,182,146,9,0,0
1861,446,381,225,182,146,9,0,0
1862,446,382,226,182,146,9,0,0
1863,446,382,225,182,146,9,0,0
1864,446,382,225,182,146,9,0,0
1865,446,381,226,182,146,9,0,0
1866,446,381,226,182,146,9,0,0
1867,446,381,226,182,146,9,0,0
1868,446,381,226,182,146,9,0,0
1869,446,381,226,182,146,9,0,0
1870,446,381,226,181,146,9,0,0
1871,445,381,226,182,146,9,0,0
1872,445,381,226,182,146,9,0,0
1873,446,381,225,182,146,9,0,0
1874,446,381,226,182,146,9,0,0
1875,446,381,225,182,146,9,0,0
1876,446,381,226,182,146,9,0,0
1877,446,381,225,182,146,9,0,0
1878,446,381,225,182,146,9,0,0
1879,446,381,225,182,146,9,0,0
1880,445,381,226,181,146,9,0,0
1881,445,381,226,181,146,9,0,0
1882,446,382,226,182,146,9,0,0
1883,446,382,226,182,146,9,0,0
1884,446,382,226,182,146,9,0,0
1885,446,382,226,182,146,9,0,0
1886,446,382,226,181,146,9,0,0
1887,446,382,226,182,146,9,0,0
1888,446,382,226,181,146,9,0,0
1889,446,382,226,181,146,9,0,0
1890,446,382,226,181,146,9,0,0
1891,446,382,226,181,146,9,0,0
1892,446,382,226,181,146,9,0,0
1893,445,382,226,181,146,9,0,0
1894,445,382,226,181,146,9,0,0
1895,445,382,226,181,146,9,0,0
1896,445,382,226,181,146,9,0,0
1897,445,382,226,181,146,9,0,0
1898,445,382,226,181,146,9,0,0
1899,445,382,226,181,146,9,0,0
1900,445,382,226,181,146,9,0,0
1901,445,382,226,181,146,9,0,0
1902,445,382,226,181,146,9,0,0
1903,445,382,226,181,146,9,0,0
1904,446,382,226,181,146,9,0,0
1905,446,382,226,181,146,9,0,0
1906,446,382,226,181,146,9,0,0
1907,446,382,226,181,146,9,0,0
1908,446,382,226,181,146,9,0,0
1909,446,382,226,181,146,9,0,0
1910,446,382,226,181,146,9,0,0
1911,446,381,226,182,146,9,0,0
1912,446,382,226,181,146,9,0,0
1913,446,381,226,181,146,9,0,0
1914,446,382,226,181,146,9,0,0
1915,446,381,226,181,146,9,0,0
1916,446,381,226,181,146,9,0,0
1917,446,382,226,181,146,9,0,0
1918,446,382,226,181,146,9,0,0
1919,446,382,226,181,146,9,0,0
1920,446,382,226,181,146,9,0,0
1921,446,382,226,181,146,9,0,0
1922,446,382,226,181,146,9,0,0
1923,446,382,226,181,146,9,0,0
1924,446,382,226,181,146,9,0,0
1925,445,382,226,181,146,9,0,0
1926,445,382,226,182,146,9,0,0
1927,446,382,226,181,146,9,0,0
1928,446,382,226,181,146,9,0,0
1929,446,382,226,182,146,9,0,0
1930,446,382,226,181,146,9,0,0
1931,446,382,226,182,146,9,0,0
1932,445,382,226,181,146,9,0,0
1933,446,382,226,181,146,9,0,0
1934,445,382,226,181,146,9,0,0
1935,446,382,226,181,146,9,0,0
1936,446,382,226,181,146,9,0,0
1937,446,382,226,181,146,9,0,0
1938,446,382,226,181,146,9,0,0
1939,446,382,226,181,146,9,0,0
1940,446,382,226,181,146,9,0,0
1941,446,382,226,181,146,9,0,0
1942,446,382,226,181,146,9,0,0
1943,446,382,226,182,146,9,0,0
1944,446,382,226,182,146,9,0,0
1945,446,382,226,181,146,9,0,0
1946,446,382,226,182,146,9,0,0
1947,446,382,225,182,146,9,0,0
1948,446,382,225,182,146,9,0,0
1949,446,382,226,182,146,9,0,0
1950,446,382,225,181,146,9,0,0
1951,446,382,225,181,146,9,0,0
1952,446,382,225,181,146,9,0,0
1953,446,382,225,181,146,9,0,0
1954,446,382,225,181,146,9,0,0
1955,446,382,225,181,146,9,0,0
1956,446,382,225,181,146,9,0,0
1957,446,382,225,181,146,9,0,0
1958,446,382,225,182,146,9,0,0
1959,446,382,225,181,146,9,0,0
1960,446,382,226,181,146,9,0,0
1961,446,382,226,181,146,9,0,0
1962,446,382,225,181,146,9,0,0
1963,446,382,225,181,146,9,0,0
1964,446,381,225,182,146,9,0,0
1965,446,381,225,182,146,9,0,0
1966,446,381,225,182,146,9,0,0
1967,446,381,225,182,146,9,0,0
1968,446,381,226,182,146,9,0,0
1969,446,381,226,182,146,9,0,0
1970,446,381,226,182,146,9,0,0
1971,446,381,226,182,146,9,0,0
1972,445,381,226,182,146,9,0,0
1973,445,381,226,181,146,9,0,0
1974,445,381,226,181,146,9,0,0
1975,445,380,226,182,146,9,0,0
1976,445,380,226,182,146,9,0,0
1977,445,380,226,182,146,9,0,0
1978,445,380,226,182,146,9,0,0
1979,445,381,226,181,146,9,0,0
1980,445,381,226,181,146,9,0,0
1981,445,381,226,181,146,9,0,0
1982,445,381,226,181,146,9,0,0
1983,445,381,226,181,146,9,0,0
1984,446,381,226,181,146,9,0,0
1985,446,382,226,181,146,9,0,0
1986,446,382,226,181,146,9,0,0
1987,446,382,225,182,146,9,0,0
1988,446,382,225,182,146,9,0,0
1989,446,382,225,182,146,9,0,0
1990,446,382,225,181,146,9,0,0
1991,446,382,225,181,146,9,0,0
1992,446,382,226,181,146,9,0,0
1993,446,382,226,181,146,9,0,0
1994,445,382,226,181,146,9,0,0
1995,446,382,226,181,146,9,0,0
1996,445,381,227,181,146,9,0,0
1997,445,381,226,181,146,9,0,0
1998,445,381,226,181,146,9,0,0
1999,445,381,226,181,146,9,0,0
2000,445,382,226,181,146,9,0,0
2001,445,382,226,181,146,9,0,0
2002,445,381,226,181,146,9,0,0
2003,446,382,226,181,146,9,0,0
2004,446,382,225,181,146,9,0,0
2005,446,382,226,181,146,9,0,0
2006,446,382,226,181,146,9,0,0
2007,446,382,226,181,146,9,0,0
2008,446,382,226,181,146,9,0,0
2009,446,382,225,182,146,9,0,0
2010,446,382,225,182,146,9,0,0
2011,446,382,225,182,146,9,0,0
2012,446,382,225,182,146,9,0,0
2013,446,382,225,182,146,9,0,0
2014,446,382,225,182,146,9,0,0
2015,446,382,225,182,146,9,0,0
2016,446,382,226,181,146,9,0,0
2017,446,382,226,181,146,9,0,0
2018,446,382,226,182,146,9,0,0
2019,446,382,226,182,146,9,0,0
2020,446,382,226,182,146,9,0,0
2021,445,381,226,182,146,9,0,0
2022,445,381,226,182,146,9,0,0
2023,445,382,226,182,146,9,0,0
2024,445,381,226,182,146,9,0,0
2025,445,381,226,182,146,9,0,0
2026,445,382,226,181,146,9,0,0
2027,446,382,225,181,146,9,0,0
2028,446,382,226,181,146,9,0,0
2029,446,382,226,182,146,9,0,0
2030,446,382,225,181,146,9,0,0
2031,446,382,225,181,146,9,0,0
2032,446,382,225,181,146,9,0,0
2033,446,382,225,181,146,9,0,0
2034,446,382,225,181,146,9,0,0
2035,446,382,225,181,146,9,0,0
2036,446,382,225,181,146,9,0,0
2037,446,382,226,181,146,9,0,0
2038,446,382,226,180,146,9,0,0
2039,446,382,225,181,146,9,0,0
2040,446,382,226,181,146,9,0,0
2041,446,382,226,181,146,9,0,0
2042,446,382,226,181,146,9,0,0
2043,446,381,225,181,146,9,0,0
2044,446,381,226,181,146,9,0,0
2045,445,381,226,181,146,9,0,0
2046,445,381,226,181,146,9,0,0
2047,445,381,226,181,146,9,0,0
2048,445,381,226,181,146,9,0,0
2049,445,382,226,180,146,9,0,0
2050,446,382,226,181,146,9,0,0
2051,446,382,226,180,146,9,0,0
2052,446,382,226,180,146,9,0,0
2053,446,382,226,180,146,9,0,0
2054,446,382,226,180,146,9,0,0
2055,446,382,226,180,146,9,0,0
2056,446,382,226,180,146,9,0,0
2057,446,382,226,181,146,9,0,0
2058,446,382,226,181,146,9,0,0
2059,446,382,226,181,146,9,0,0
2060,446,382,226,181,146,9,0,0
2061,446,382,226,181,146,9,0,0
2062,446,382,225,180,146,9,0,0
2063,446,381,225,181,146,9,0,0
2064,445,382,226,181,146,9,0,0
2065,446,382,226,181,146,9,0,0
2066,446,381,226,181,146,9,0,0
2067,445,381,226,181,146,9,0,0
2068,445,381,226,181,146,9,0,0
2069,445,381,226,181,146,9,0,0
2070,445,381,226,181,146,9,0,0
2071,445,381,226,181,146,9,0,0
2072,445,381,226,181,146,9,0,0
2073,445,381,226,181,146,9,0,0
2074,446,382,226,181,146,9,0,0
2075,446,382,226,181,146,9,0,0
2076,446,382,226,181,146,9,0,0
2077,446,382,226,181,146,9,0,0
2078,446,382,225,181,146,9,0,0
2079,446,382,225,181,146,9,0,0
2080,446,382,225,181,146,9,0,0
2081,446,382,226,181,146,9,0,0
2082,446,383,225,181,146,9,0,0
2083,446,382,226,181,146,9,0,0
2084,446,382,226,181,146,9,0,0
2085,446,382,226,181,146,9,0,0
2086,446,382,226,181,146,9,0,0
2087,446,382,226,181,146,9,0,0
2088,446,382,226,181,146,9,0,0
2089,445,382,226,181,146,9,0,0
2090,445,381,226,181,146,9,0,0
2091,445,381,226,181,146,9,0,0
2092,445,381,226,182,146,9,0,0
2093,445,381,226,182,146,9,0,0
2094,445,381,226,182,146,9,0,0
2095,445,381,226,182,146,9,0,0
2096,445,381,226,182,146,9,0,0
2097,445,381,226,182,146,9,0,0
2098,446,381,225,182,146,9,0,0
2099,446,382,225,182,146,9,0,0
2100,446,382,225,182,146,9,0,0
2101,446,382,225,182,146,9,0,0
2102,446,382,225,181,146,9,0,0
2103,446,382,225,182,146,9,0,0
2104,446,382,225,182,146,9,0,0
2105,446,382,225,182,146,9,0,0
2106,446,382,225,182,146,9,0,0
2107,446,382,225,182,146,9,0,0
2108,446,382,225,182,146,9,0,0
2109,446,382,226,182,146,9,0,0
2110,446,382,225,182,146,9,0,0
2111,446,382,226,182,146,9,0,0
2112,446,382,225,181,146,9,0,0
2113,446,382,225,181,146,9,0,0
2114,446,382,225,181,146,9,0,0
2115,446,381,226,182,146,9,0,0
2116,446,381,226,182,146,9,0,0
2117,445,381,226,181,146,9,0,0
2118,445,381,226,181,146,9,0,0
2119,445,381,226,181,146,9,0,0
2120,445,381,226,182,146,9,0,0
2121,445,381,226,182,146,9,0,0
2122,446,381,225,182,146,9,0,0
2123,446,381,226,182,146,9,0,0
2124,446,381,226,181,146,9,0,0
2125,446,381,226,181,146,9,0,0
2126,446,381,226,181,146,9,0,0
2127,446,381,226,181,146,9,0,0
2128,446,381,226,182,146,9,0,0
2129,446,382,226,181,146,9,0,0
2130,446,382,226,181,146,9,0,0
2131,446,382,226,181,146,9,0,0
2132,446,381,225,182,146,9,0,0
2133,446,381,226,182,146,9,0,0
2134,446,381,226,181,146,9,0,0
2135,446,381,226,182,146,9,0,0
2136,445,381,226,181,146,9,0,0
2137,445,381,226,181,146,9,0,0
2138,445,381,226,181,146,9,0,0
2139,445,381,227,181,146,9,0,0
2140,445,381,227,182,146,9,0,0
2141,445,381,227,181,146,9,0,0
2142,445,381,226,182,146,9,0,0
2143,445,381,226,182,146,9,0,0
2144,445,381,226,182,146,9,0,0
2145,445,381,226,181,146,9,0,0
2146,445,381,226,182,146,9,0,0
2147,445,381,226,181,146,9,0,0
2148,446,381,226,181,146,9,0,0
2149,446,381,225,181,146,9,0,0
2150,446,382,225,181,146,9,0,0
2151,446,382,225,181,146,9,0,0
2152,446,381,226,181,146,9,0,0
2153,446,381,226,181,146,9,0,0
2154,446,381,226,181,146,9,0,0
2155,446,381,226,181,146,9,0,0
2156,446,381,226,181,146,9,0,0
2157,446,381,226,181,146,9,0,0
2158,446,381,225,181,146,9,0,0
2159,446,381,226,182,146,9,0,0
2160,446,381,225,182,146,9,0,0
2161,446,380,225,181,146,9,0,0
2162,446,381,225,181,146,9,0,0
2163,446,381,225,181,146,9,0,0
2164,446,381,224,181,146,9,0,0
2165,446,381,224,181,146,9,0,0
2166,446,381,224,182,146,9,0,0
2167,446,381,225,181,146,9,0,0
2168,446,381,225,181,146,9,0,0
2169,446,381,223,181,146,9,0,0
2170,446,381,224,181,146,9,0,0
2171,446,381,224,181,146,9,0,0
2172,446,381,225,181,146,9,0,0
2173,446,381,225,181,146,9,0,0
2174,446,381,225,181,146,9,0,0
2175,446,381,225,181,146,9,0,0
2176,446,381,225,181,146,9,0,0
2177,446,381,225,181,146,9,0,0
2178,446,381,225,182,146,9,0,0
2179,446,381,225,182,146,9,0,0
2180,446,381,225,181,146,9,0,0
2181,446,381,225,181,146,9,0,0
2182,446,381,225,181,146,9,0,0
2183,446,381,225,181,146,9,0,0
2184,446,381,226,182,146,9,0,0
2185,446,381,225,182,146,9,0,0
2186,446,381,226,182,146,9,0,0
2187,446,381,226,182,146,9,0,0
2188,446,381,226,182,146,9,0,0
2189,446,381,226,182,146,9,0,0
2190,446,381,226,182,146,9,0,0
2191,446,381,226,182,146,9,0,0
2192,446,381,225,183,146,9,0,0
2193,446,381,225,183,146,9,0,0
2194,446,381,225,183,146,9,0,0
2195,446,381,225,183,146,9,0,0
2196,446,381,225,183,146,9,0,0
2197,446,381,226,183,146,9,0,0
2198,446,381,225,183,146,9,0,0
2199,446,381,225,183,146,9,0,0
2200,446,381,225,183,146,9,0,0
2201,446,381,225,183,146,9,0,0
2202,446,381,225,182,146,9,0,0
2203,446,381,226,182,146,9,0,0
2204,446,381,226,182,146,9,0,0
2205,446,381,226,182,146,9,0,0
2206,446,381,225,182,146,9,0,0
2207,446,381,226,182,146,9,0,0
2208,446,381,226,182,146,9,0,0
2209,446,381,226,182,146,9,0,0
2210,446,381,226,182,146,9,0,0
2211,446,381,226,182,146,9,0,0
2212,446,381,226,182,146,9,0,0
2213,446,381,226,182,146,9,0,0
2214,445,381,226,182,146,9,0,0
2215,445,381,226,182,146,9,0,0
2216,445,381,226,182,146,9,0,0
2217,445,381,226,182,146,9,0,0
2218,445,381,226,182,146,9,0,0
2219,445,381,226,182,146,9,0,0
2220,446,380,226,182,146,9,0,0
2221,445,381,226,182,146,9,0,0
2222,445,381,226,182,146,9,0,0
2223,445,381,226,181,146,9,0,0
2224,445,381,226,182,146,9,0,0
2225,445,381,226,182,146,9,0,0
2226,445,381,226,182,146,9,0,0
2227,445,381,226,182,146,9,0,0
2228,445,381,226,182,146,9,0,0
2229,446,381,225,182,146,9,0,0
2230,446,381,225,182,146,9,0,0
2231,446,381,225,182,146,9,0,0
2232,446,381,226,181,146,9,0,0
2233,446,381,226,181,146,9,0,0
2234,446,381,226,181,146,9,0,0
2235,446,381,226,181,146,9,0,0
2236,445,381,226,181,146,9,0,0
2237,446,381,226,181,146,9,0,0
2238,445,381,226,181,146,9,0,0
2239,445,380,226,181,146,9,0,0
2240,445,380,226,181,146,9,0,0
2241,445,380,226,181,146,9,0,0
2242,445,380,226,182,146,9,0,0
2243,445,380,226,182,146,9,0,0
2244,445,380,226,182,146,9,0,0
2245,445,380,226,182,146,9,0,0
2246,445,380,226,182,146,9,0,0
2247,445,380,226,182,146,9,0,0
2248,445,380,226,182,146,9,0,0
2249,445,380,226,182,146,9,0,0
2250,445,380,226,182,146,9,0,0
2251,446,380,226,182,146,9,0,0
2252,446,381,226,181,146,9,0,0
2253,446,381,226,181,146,9,0,0
2254,446,381,226,181,146,9,0,0
2255,446,381,226,181,146,9,0,0
2256,446,381,225,181,146,9,0,0
2257,446,381,225,181,146,9,0,0
2258,446,381,225,181,146,9,0,0
2259,446,381,225,181,146,9,0,0
2260,446,381,225,181,146,9,0,0
2261,446,381,225,181,146,9,0,0
2262,446,380,225,181,146,9,0,0
2263,446,380,225,181,146,9,0,0
2264,446,380,226,181,146,9,0,0
2265,446,380,225,181,146,9,0,0
2266,446,380,226,181,146,9,0,0
2267,445,381,226,182,146,9,0,0
2268,445,380,226,181,146,9,0,0
2269,445,380,226,182,146,9,0,0
2270,445,380,226,181,146,9,0,0
2271,445,381,226,181,146,9,0,0
2272,446,381,225,181,146,9,0,0
2273,446,380,225,181,146,9,0,0
2274,446,380,225,181,146,9,0,0
2275,446,381,225,181,146,9,0,0
2276,446,381,225,181,146,9,0,0
2277,446,381,225,181,146,9,0,0
2278,446,381,225,181,146,9,0,0
2279,446,381,225,181,146,9,0,0
2280,446,381,225,181,146,9,0,0
2281,446,381,225,181,146,9,0,0
2282,446,381,225,182,146,9,0,0
2283,446,380,226,182,146,9,0,0
2284,446,380,225,182,146,9,0,0
2285,446,380,225,181,146,9,0,0
2286,446,380,225,182,146,9,0,0
2287,446,380,225,181,146,9,0,0
2288,446,380,225,181,146,9,0,0
2289,446,380,225,182,146,9,0,0
2290,446,381,225,181,146,9,0,0
2291,446,381,225,181,146,9,0,0
2292,446,380,225,181,146,9,0,0
2293,446,380,225,181,146,9,0,0
2294,446,380,225,181,146,9,0,0
2295,446,381,225,181,146,9,0,0
2296,446,381,225,181,146,9,0,0
2297,446,381,225,181,146,9,0,0
2298,446,381,225,181,146,9,0,0
2299,446,381,225,181,146,9,0,0
2300,446,381,225,180,146,9,0,0
2301,446,381,225,180,146,9,0,0
2302,446,381,225,181,146,9,0,0
2303,446,381,225,182,146,9,0,0
2304,446,381,225,181,146,9,0,0
2305,446,381,225,181,146,9,0,0
2306,446,381,225,181,146,9,0,0
2307,446,381,226,181,146,9,0,0
2308,445,381,226,181,146,9,0,0
2309,445,381,226,181,146,9,0,0
2310,445,381,226,181,146,9,0,0
2311,445,381,226,180,146,9,0,0
2312,446,381,226,181,146,9,0,0
2313,446,381,226,181,146,9,0,0
2314,446,381,226,181,146,9,0,0
2315,446,381,226,181,146,9,0,0
2316,446,381,226,181,146,9,0,0
2317,446,381,226,181,146,9,0,0
2318,446,381,226,181,146,9,0,0
2319,446,381,226,181,146,9,0,0
2320,446,381,226,181,146,9,0,0
2321,446,381,226,182,146,9,0,0
2322,446,381,226,182,146,9,0,0
2323,446,381,226,182,146,9,0,0
2324,446,381,226,182,146,9,0,0
2325,446,381,226,182,146,9,0,0
2326,446,381,226,182,146,9,0,0
2327,446,381,226,182,146,9,0,0
2328,446,381,226,182,146,9,0,0
2329,446,381,226,182,146,9,0,0
2330,446,381,226,181,146,9,0,0
2331,446,381,226,181,146,9,0,0
0,1334,248,153,127,147,6,0,4
1,1334,248,154,126,147,6,0,3
2,1334,248,154,126,147,6,0,3
3,1334,248,155,127,147,6,0,2
4,1334,248,155,126,147,6,0,2
5,1334,249,155,126,147,6,0,2
6,1334,249,156,126,147,6,0,1
7,1334,248,156,126,147,6,0,0
8,1334,249,156,127,147,6,0,0
9,1334,249,156,126,147,6,0,0
10,1334,249,156,126,147,6,0,0
11,1334,249,156,126,147,6,0,0
12,1334,249,155,126,147,6,0,0
13,1334,249,156,126,147,6,0,0
14,1334,249,156,126,147,6,0,0
15,1334,249,156,126,147,6,0,0
16,1334,249,156,126,147,6,0,0
17,1334,249,154,126,147,6,0,0
18,1334,249,154,126,147,6,0,0
19,1334,248,154,126,147,6,0,1
20,1334,248,155,126,147,6,0,1
21,1333,248,155,126,147,6,0,0
22,1333,248,155,126,147,6,0,0
23,1333,248,155,126,147,6,0,0
24,1334,248,155,126,147,6,0,0
25,1334,248,155,126,147,6,0,0
26,1334,248,155,126,147,6,0,0
27,1334,248,155,127,147,6,0,0
28,1334,248,155,127,147,6,0,0
29,1334,248,155,127,147,6,0,0
30,1334,248,155,126,147,6,0,0
31,1334,248,156,126,147,6,0,0
32,1334,248,156,126,147,6,0,0
33,1333,249,156,126,147,6,0,0
34,1333,249,156,126,147,6,0,0
35,1333,248,156,126,147,6,0,0
36,1333,248,155,126,147,6,0,0
37,1333,248,155,126,147,6,0,0
38,1333,248,155,126,147,6,0,0
39,1333,248,155,126,147,6,0,0
40,1333,248,155,126,147,6,0,0
41,1333,248,156,126,147,6,0,0
42,1333,248,155,126,147,6,0,0
43,1333,248,155,127,147,6,0,0
44,1333,248,155,126,147,6,0,0
45,1333,248,156,126,147,6,0,0
46,1333,248,155,126,147,6,0,0
47,1333,248,155,126,147,6,0,0
48,1333,248,155,126,147,6,0,0
49,1333,248,155,126,147,6,0,0
50,1334,248,156,126,147,6,0,0
51,1334,248,156,126,147,6,0,0
52,1334,248,156,127,147,6,0,0
53,1334,248,155,126,147,6,0,0
54,1334,248,155,126,147,6,0,1
55,1334,248,155,126,147,6,0,1
56,1334,248,155,126,147,6,0,1
57,1334,248,155,126,147,6,0,0
58,1334,248,155,126,147,6,0,0
59,1334,248,154,126,147,6,0,0
60,1333,248,155,126,147,6,0,0
61,1333,248,155,126,147,6,0,0
62,1333,248,155,125,147,6,0,0
63,1334,248,155,126,147,6,0,0
64,1333,248,155,126,147,6,0,0
65,1333,247,155,126,147,6,0,0
66,1333,247,155,126,147,6,0,0
67,1333,247,155,126,147,6,0,0
68,1333,247,155,126,147,6,0,0
69,1333,246,155,127,147,6,0,0
70,1333,246,155,126,147,6,0,0
71,1333,246,155,127,147,6,0,0
72,1333,247,156,126,147,6,0,0
73,1333,247,156,126,147,6,0,0
74,1333,247,156,126,147,6,0,0
75,1333,247,156,126,147,6,0,0
76,1333,247,156,126,147,6,0,0
77,1333,248,155,126,147,6,0,0
78,1333,248,155,125,147,6,0,0
79,1333,248,156,126,147,6,0,0
80,1333,248,155,125,147,6,0,0
81,1333,248,156,126,147,6,0,0
82,1333,248,156,125,147,6,0,0
83,1333,248,156,126,147,6,0,0
84,1333,248,156,126,147,6,0,0
85,1333,248,156,126,147,6,0,0
86,1333,248,156,126,147,6,0,0
87,1333,248,156,126,147,6,0,0
88,1333,248,155,126,147,6,0,0
89,1333,248,155,126,147,6,0,1
90,1333,248,155,125,147,6,0,1
91,1333,247,155,125,147,6,0,1
92,1333,248,155,125,147,6,0,1
93,1333,248,156,125,147,6,0,1
94,1333,248,155,125,147,6,0,1
95,1333,248,156,125,147,6,0,0
96,1333,247,156,125,147,6,0,0
97,1333,247,156,125,147,6,0,0
98,1333,248,156,125,147,6,0,0
99,1333,248,156,125,147,6,0,0
100,1332,248,156,125,147,6,0,0
101,1332,248,156,125,147,6,0,1
102,1332,248,157,125,147,6,0,1
103,1332,248,157,125,147,6,0,1
104,1333,248,156,125,147,6,0,0
105,1333,248,156,125,147,6,0,0
106,1333,249,156,125,147,6,0,0
107,1333,248,156,125,147,6,0,0
108,1333,249,156,125,147,6,0,0
109,1333,249,156,125,147,6,0,0
110,1333,249,156,125,147,6,0,0
111,1333,248,156,125,147,6,0,0
112,1333,248,156,125,147,6,0,0
113,1333,248,156,125,147,6,0,0
114,1333,248,156,125,147,6,0,0
115,1333,248,156,125,147,6,0,0
116,1333,248,156,125,147,6,0,0
117,1333,248,156,125,147,6,0,0
118,1333,248,156,125,147,6,0,0
119,1333,248,156,125,147,6,0,0
120,1333,248,156,125,147,6,0,0
121,1333,248,156,125,147,6,0,0
122,1333,248,155,125,147,6,0,0
123,1333,248,156,125,147,6,0,0
124,1333,248,156,125,147,6,0,0
125,1333,248,155,125,147,6,0,0
126,1333,248,155,125,147,6,0,0
127,1334,248,155,125,147,6,0,0
128,1334,248,155,125,147,6,0,0
129,1334,249,156,125,147,6,0,1
130,1334,249,156,125,147,6,0,0
131,1334,248,155,126,147,6,0,0
132,1334,248,155,125,147,6,0,0
133,1334,249,155,125,147,6,0,0
134,1334,249,155,125,147,6,0,0
135,1334,248,155,126,147,6,0,0
136,1334,248,155,125,147,6,0,0
137,1334,248,155,125,147,6,0,0
138,1334,248,155,125,147,6,0,0
139,1334,248,155,125,147,6,0,0
140,1333,248,155,125,147,6,0,0
141,1333,248,156,125,147,6,0,0
142,1333,248,155,125,147,6,0,0
143,1333,248,156,125,147,6,0,0
144,1333,248,155,125,147,6,0,0
145,1333,248,155,125,147,6,0,0
146,1333,248,155,125,147,6,0,0
147,1333,248,155,126,147,6,0,0
148,1333,248,155,126,147,6,0,0
149,1334,248,155,126,147,6,0,0
150,1334,248,155,126,147,6,0,0
151,1334,248,155,125,147,6,0,0
152,1334,248,155,125,147,6,0,0
153,1334,248,155,125,147,6,0,0
154,1334,248,155,125,147,6,0,0
155,1334,248,155,125,147,6,0,0
156,1333,248,155,125,147,6,0,0
157,1333,248,155,125,147,6,0,0
158,1334,248,155,125,147,6,0,0
159,1334,248,155,125,147,6,0,0
160,1333,248,155,125,147,6,0,0
161,1333,248,155,125,147,6,0,0
162,1334,248,155,125,147,6,0,0
163,1333,248,155,125,147,6,0,0
164,1333,248,155,125,147,6,0,0
165,1333,248,155,125,147,6,0,0
166,1333,247,155,125,147,6,0,0
167,1333,248,155,125,147,6,0,0
168,1334,248,155,125,147,6,0,0
169,1334,248,155,125,147,6,0,0
170,1334,248,155,125,147,6,0,0
171,1334,248,156,125,147,6,0,0
172,1334,248,156,125,147,6,0,0
173,1334,248,156,125,147,6,0,0
174,1334,248,156,125,147,6,0,0
175,1334,249,156,125,147,6,0,0
176,1334,248,156,125,147,6,0,0
177,1334,248,156,125,147,6,0,0
178,1334,248,156,125,147,6,0,0
179,1334,249,156,125,147,6,0,0
180,1334,248,156,125,147,6,0,0
181,1334,248,156,125,147,6,0,0
182,1334,248,156,125,147,6,0,0
183,1334,248,156,125,147,6,0,0
184,1334,248,156,125,147,6,0,0
185,1334,248,156,125,147,6,0,0
186,1333,248,156,125,147,6,0,0
187,1333,248,155,126,147,6,0,0
188,1333,248,155,126,147,6,0,0
189,1333,248,155,126,147,6,0,0
190,1333,248,155,126,147,6,0,0
191,1334,247,155,126,147,6,0,0
192,1334,248,155,126,147,6,0,0
193,1334,248,155,125,147,6,0,0
194,1334,248,155,125,147,6,0,0
195,1334,248,155,125,147,6,0,0
196,1333,248,156,125,147,6,0,0
197,1333,248,156,125,147,6,0,0
198,1334,248,156,126,147,6,0,0
199,1334,248,156,126,147,6,0,0
200,1334,248,156,126,147,6,0,0
201,1334,247,156,126,147,6,0,0
202,1334,247,156,126,147,6,0,0
203,1334,247,156,126,147,6,0,0
204,1334,248,155,126,147,6,0,0
205,1334,248,155,126,147,6,0,0
206,1334,248,155,126,147,6,0,0
207,1333,248,155,125,147,6,0,0
208,1333,247,155,126,147,6,0,0
209,1333,247,155,126,147,6,0,0
210,1333,247,155,126,147,6,0,0
211,1334,247,155,126,147,6,0,0
212,1334,248,155,126,147,6,0,0
213,1334,248,155,126,147,6,0,0
214,1334,247,155,126,147,6,0,0
215,1334,248,155,126,147,6,0,0
216,1334,247,155,126,147,6,0,0
217,1334,247,155,126,147,6,0,0
218,1334,247,156,126,147,6,0,0
219,1334,247,155,126,147,6,0,0
220,1334,248,155,126,147,6,0,0
221,1334,247,155,126,147,6,0,0
222,1334,248,155,126,147,6,0,1
223,1334,248,155,126,147,6,0,1
224,1334,248,155,126,147,6,0,1
225,1334,247,155,126,147,6,0,0
226,1334,247,155,126,147,6,0,0
227,1334,247,155,126,147,6,0,0
228,1334,248,155,126,147,6,0,0
229,1334,248,155,126,147,6,0,0
230,1334,248,155,126,147,6,0,0
231,1333,248,155,126,147,6,0,1
232,1333,248,156,126,147,6,0,1
233,1333,248,156,126,147,6,0,0
234,1333,248,156,126,147,6,0,0
235,1333,248,156,126,147,6,0,0
236,1333,248,156,126,147,6,0,0
237,1333,248,156,126,147,6,0,0
238,1333,248,156,126,147,6,0,0
239,1333,248,156,126,147,6,0,0
240,1334,248,155,126,147,6,0,0
241,1334,248,156,126,147,6,0,0
242,1334,248,155,126,147,6,0,0
243,1333,248,156,126,147,6,0,0
244,1334,248,155,126,147,6,0,0
245,1333,248,155,126,147,6,0,0
246,1333,247,156,126,147,6,0,0
247,1333,248,156,126,147,6,0,0
248,1333,248,155,125,147,6,0,0
249,1333,248,156,125,147,6,0,0
250,1333,248,155,126,147,6,0,0
251,1333,248,156,126,147,6,0,0
252,1334,248,155,126,147,6,0,0
253,1333,247,156,126,147,6,0,0
254,1333,247,156,126,147,6,0,0
255,1333,248,155,126,147,6,0,0
256,1334,248,155,126,147,6,0,0
257,1334,248,155,126,147,6,0,0
258,1333,248,155,126,147,6,0,0
259,1333,248,155,125,147,6,0,0
260,1333,248,155,125,147,6,0,0
261,1333,248,155,125,147,6,0,0
262,1334,248,155,126,147,6,0,0
263,1333,248,155,125,147,6,0,0
264,1333,248,155,125,147,6,0,0
265,1333,248,155,125,147,6,0,0
266,1334,248,156,125,147,6,0,0
267,1334,248,156,125,147,6,0,0
268,1334,248,156,125,147,6,0,0
269,1334,248,156,125,147,6,0,0
270,1334,248,156,125,147,6,0,0
271,1334,248,155,125,147,6,0,0
272,1334,248,155,125,147,6,0,0
273,1334,247,155,125,147,6,0,1
274,1334,248,155,125,147,6,0,0
275,1334,247,155,125,147,6,0,1
276,1334,247,155,125,147,6,0,0
277,1333,247,156,125,147,6,0,0
278,1333,247,156,125,147,6,0,0
279,1334,247,156,125,147,6,0,0
280,1334,247,155,126,147,6,0,0
281,1334,247,155,126,147,6,0,0
282,1334,248,156,125,147,6,0,0
283,1334,248,155,125,147,6,0,0
284,1334,247,155,126,147,6,0,0
285,1334,247,155,126,147,6,0,1
286,1334,248,155,126,147,6,0,1
287,1334,248,155,126,147,6,0,1
288,1334,248,155,125,147,6,0,0
289,1334,248,155,125,147,6,0,0
290,1334,248,155,125,147,6,0,0
291,1334,248,155,125,147,6,0,0
292,1334,248,155,125,147,6,0,0
293,1334,248,155,125,147,6,0,0
294,1334,248,155,125,147,6,0,0
295,1334,248,155,125,147,6,0,0
296,1334,248,155,125,147,6,0,0
297,1334,248,155,125,147,6,0,0
298,1333,248,155,125,147,6,0,0
299,1333,248,155,125,147,6,0,0
300,1334,248,154,125,147,6,0,0
301,1334,248,154,125,147,6,0,0
302,1334,248,155,125,147,6,0,0
303,1334,248,155,125,147,6,0,0
304,1333,248,155,125,147,6,0,0
305,1334,248,155,125,147,6,0,0
306,1334,248,155,125,147,6,0,0
307,1334,248,155,125,147,6,0,0
308,1334,248,155,125,147,6,0,0
309,1334,248,155,125,147,6,0,0
310,1334,248,155,125,147,6,0,0
311,1334,248,155,125,147,6,0,0
312,1334,248,155,125,147,6,0,0
313,1334,248,155,125,147,6,0,0
314,1334,248,155,126,147,6,0,0
315,1333,248,156,126,147,6,0,0
316,1333,248,155,126,147,6,0,0
317,1333,248,155,126,147,6,0,0
318,1333,248,156,125,147,6,0,0
319,1333,248,155,126,147,6,0,0
320,1333,247,155,125,147,6,0,1
321,1333,247,155,125,147,6,0,0
322,1334,248,155,125,147,6,0,0
323,1334,248,155,125,147,6,0,0
324,1334,248,155,125,147,6,0,0
325,1334,248,155,125,147,6,0,0
326,1334,248,155,125,147,6,0,0
327,1333,248,155,125,147,6,0,0
328,1334,248,155,125,147,6,0,0
329,1334,248,155,125,147,6,0,0
330,1334,248,155,125,147,6,0,0
331,1334,248,155,125,147,6,0,0
332,1334,248,155,125,147,6,0,0
333,1334,248,155,125,147,6,0,0
334,1334,248,155,125,147,6,0,0
335,1334,248,155,125,147,6,0,0
336,1334,248,155,125,147,6,0,0
337,1334,248,155,125,147,6,0,0
338,1334,248,155,125,147,6,0,0
339,1334,248,155,125,147,6,0,0
340,1334,248,155,125,147,6,0,0
341,1334,248,155,125,147,6,0,0
342,1334,248,155,125,147,6,0,0
343,1334,248,154,125,147,6,0,0
344,1334,248,154,125,147,6,0,0
345,1334,248,154,125,147,6,0,0
346,1334,248,154,125,147,6,0,0
347,1334,248,154,125,147,6,0,0
348,1334,248,155,125,147,6,0,0
349,1334,248,155,125,147,6,0,0
350,1334,248,155,125,147,6,0,0
351,1334,249,155,125,147,6,0,0
352,1334,249,155,125,147,6,0,0
353,1334,249,155,125,147,6,0,0
354,1334,249,156,125,147,6,0,1
355,1334,249,156,125,147,6,0,1
356,1334,249,156,125,147,6,0,0
357,1334,249,156,125,147,6,0,0
358,1334,249,156,125,147,6,0,0
359,1334,249,156,125,147,6,0,0
360,1334,249,155,125,147,6,0,0
361,1334,249,156,125,147,6,0,0
362,1334,249,156,125,147,6,0,0
363,1334,249,156,125,147,6,0,0
364,1334,249,156,125,147,6,0,0
365,1334,249,156,124,147,6,0,0
366,1334,249,156,124,147,6,0,0
367,1333,249,156,124,147,6,0,0
368,1333,249,155,124,147,6,0,0
369,1334,248,155,125,147,6,0,0
370,1333,249,155,125,147,6,0,0
371,1333,248,155,125,147,6,0,0
372,1334,248,155,125,147,6,0,0
373,1334,248,155,125,147,6,0,0
374,1334,248,155,125,147,6,0,0
375,1334,248,155,125,147,6,0,0
376,1334,248,155,125,147,6,0,0
377,1334,248,155,125,147,6,0,0
378,1334,248,155,125,147,6,0,0
379,1334,248,155,125,147,6,0,0
380,1334,248,156,125,147,6,0,0
381,1334,248,155,125,147,6,0,0
382,1334,248,155,125,147,6,0,0
383,1334,248,156,125,147,6,0,0
384,1334,248,155,125,147,6,0,0
385,1334,248,155,125,147,6,0,0
386,1334,248,155,125,147,6,0,0
387,1334,248,155,125,147,6,0,0
388,1334,248,155,125,147,6,0,0
389,1334,248,155,125,147,6,0,0
390,1333,248,156,125,147,6,0,0
391,1333,248,156,125,147,6,0,0
392,1333,248,156,125,147,6,0,0
393,1333,248,155,125,147,6,0,0
394,1333,248,156,126,147,6,0,0
395,1334,248,155,125,147,6,0,0
396,1333,248,155,125,147,6,0,0
397,1333,248,155,125,147,6,0,0
398,1333,248,155,126,147,6,0,0
399,1333,248,155,125,147,6,0,0
400,1333,248,155,125,147,6,0,0
401,1333,248,155,125,147,6,0,0
402,1333,248,155,125,147,6,0,0
403,1333,248,155,126,147,6,0,0
404,1333,248,155,126,147,6,0,0
405,1333,248,154,125,147,6,0,0
406,1334,249,155,125,147,6,0,1
407,1334,249,155,125,147,6,0,1
408,1334,249,154,126,147,6,0,1
409,1334,249,154,126,147,6,0,1
410,1334,249,154,125,147,6,0,1
411,1334,249,154,126,147,6,0,1
412,1334,249,155,125,147,6,0,0
413,1334,248,155,126,147,6,0,0
414,1334,249,155,125,147,6,0,0
415,1334,249,155,126,147,6,0,0
416,1334,248,155,126,147,6,0,0
417,1334,248,155,125,147,6,0,0
418,1334,248,155,125,147,6,0,0
419,1334,248,155,125,147,6,0,0
420,1333,248,156,125,147,6,0,1
421,1334,248,156,125,147,6,0,0
422,1334,248,155,125,147,6,0,0
423,1334,248,156,125,147,6,0,0
424,1334,248,156,126,147,6,0,0
425,1334,248,155,125,147,6,0,0
426,1334,248,156,126,147,6,0,0
427,1334,249,156,125,147,6,0,1
428,1334,249,156,125,147,6,0,0
429,1334,249,156,125,147,6,0,0
430,1334,249,156,125,147,6,0,0
431,1334,249,156,125,147,6,0,0
432,1334,249,156,125,147,6,0,0
433,1334,249,156,125,147,6,0,0
434,1334,249,156,125,147,6,0,0
435,1334,249,156,125,147,6,0,0
436,1334,248,156,125,147,6,0,0
437,1334,249,156,125,147,6,0,0
438,1334,249,155,125,147,6,0,0
439,1333,248,156,125,147,6,0,0
440,1333,248,156,125,147,6,0,0
441,1333,248,156,125,147,6,0,0
442,1333,248,156,125,147,6,0,0
443,1333,248,156,125,147,6,0,0
444,1333,248,155,125,147,6,0,0
445,1333,248,155,125,147,6,0,0
446,1333,248,156,125,147,6,0,0
447,1333,248,155,125,147,6,0,0
448,1333,248,155,125,147,6,0,0
449,1333,248,155,125,147,6,0,1
450,1333,249,155,125,147,6,0,2
451,1334,249,155,126,147,6,0,2
452,1334,249,155,125,147,6,0,2
453,1334,249,155,126,147,6,0,2
454,1334,249,155,125,147,6,0,2
455,1334,249,155,125,147,6,0,1
456,1334,249,155,125,147,6,0,0
457,1334,249,155,125,147,6,0,0
458,1334,249,155,126,147,6,0,0
459,1334,249,155,125,147,6,0,0
460,1334,249,155,126,147,6,0,0
461,1334,249,155,125,147,6,0,0
462,1333,248,155,125,147,6,0,0
463,1333,248,155,125,147,6,0,0
464,1333,249,156,126,147,6,0,0
465,1333,249,156,126,147,6,0,0
466,1333,248,155,125,147,6,0,1
467,1333,248,155,125,147,6,0,1
468,1334,249,155,125,147,6,0,0
469,1334,249,155,125,147,6,0,0
470,1334,249,155,125,147,6,0,0
471,1334,249,155,125,147,6,0,1
472,1334,249,156,125,147,6,0,1
473,1334,249,156,125,147,6,0,0
474,1334,249,156,125,147,6,0,0
475,1334,249,156,125,147,6,0,0
476,1334,249,155,125,147,6,0,0
477,1334,249,155,125,147,6,0,0
478,1334,249,156,125,147,6,0,0
479,1334,249,156,125,147,6,0,0
480,1334,249,155,126,147,6,0,0
481,1334,249,155,126,147,6,0,1
482,1334,249,154,126,147,6,0,1
483,1334,249,155,126,147,6,0,1
484,1334,248,155,125,147,6,0,1
485,1334,248,155,125,147,6,0,1
486,1334,249,155,125,147,6,0,1
487,1334,249,155,125,147,6,0,1
488,1334,248,155,125,147,6,0,1
489,1333,248,156,125,147,6,0,0
490,1333,248,155,125,147,6,0,0
491,1333,248,156,125,147,6,0,0
492,1333,249,156,125,147,6,0,0
493,1333,248,156,125,147,6,0,0
494,1333,248,156,125,147,6,0,0
495,1334,248,155,126,147,6,0,0
496,1334,249,156,125,147,6,0,1
497,1334,249,156,126,147,6,0,1
498,1334,249,156,126,147,6,0,1
499,1334,249,156,126,147,6,0,2
500,1334,249,155,126,147,6,0,1
501,1334,249,155,126,147,6,0,1
502,1334,249,155,126,147,6,0,0
503,1334,249,156,126,147,6,0,0
504,1334,249,155,126,147,6,0,0
505,1334,249,155,126,147,6,0,1
506,1334,249,156,125,147,6,0,1
507,1334,248,155,125,147,6,0,2
508,1334,248,156,125,147,6,0,2
509,1334,248,155,125,147,6,0,2
510,1334,248,155,125,147,6,0,2
511,1334,248,155,125,147,6,0,2
512,1333,248,155,125,147,6,0,1
513,1333,248,155,125,147,6,0,0
514,1333,248,156,125,147,6,0,0
515,1333,248,155,125,147,6,0,0
516,1333,248,156,124,147,6,0,0
517,1333,248,156,124,147,6,0,0
518,1333,248,156,125,147,6,0,0
519,1333,248,156,125,147,6,0,0
520,1333,248,156,125,147,6,0,0
521,1333,248,156,125,147,6,0,0
522,1333,248,156,125,147,6,0,1
523,1333,249,156,125,147,6,0,1
524,1333,249,156,125,147,6,0,1
525,1333,249,156,125,147,6,0,1
526,1333,249,156,125,147,6,0,1
527,1333,249,156,125,147,6,0,1
528,1334,249,156,124,147,6,0,0
529,1334,249,156,125,147,6,0,0
530,1334,249,156,125,147,6,0,0
531,1334,249,156,125,147,6,0,0
532,1334,249,156,125,147,6,0,0
533,1334,249,156,125,147,6,0,0
534,1334,248,156,125,147,6,0,0
535,1334,248,156,125,147,6,0,0
536,1333,248,156,125,147,6,0,1
537,1333,248,156,125,147,6,0,1
538,1334,248,156,125,147,6,0,1
539,1334,248,156,125,147,6,0,1
540,1334,248,155,125,147,6,0,0
541,1334,248,155,125,147,6,0,0
542,1334,248,155,125,147,6,0,0
543,1334,248,155,125,147,6,0,0
544,1334,248,155,125,147,6,0,0
545,1334,249,155,125,147,6,0,1
546,1334,249,156,125,147,6,0,1
547,1334,249,155,125,147,6,0,1
548,1334,249,155,125,147,6,0,1
549,1334,249,156,125,147,6,0,1
550,1334,249,156,125,147,6,0,0
551,1334,249,155,125,147,6,0,0
552,1334,249,156,125,147,6,0,0
553,1334,249,156,125,147,6,0,0
554,1334,249,156,125,147,6,0,0
555,1334,249,156,125,147,6,0,0
556,1334,249,156,125,147,6,0,0
557,1334,248,155,126,147,6,0,0
558,1334,248,155,126,147,6,0,0
559,1334,249,155,126,147,6,0,0
560,1334,249,155,126,147,6,0,0
561,1334,249,155,126,147,6,0,0
562,1334,248,155,126,147,6,0,0
563,1334,248,155,126,147,6,0,0
564,1334,249,155,125,147,6,0,0
565,1334,249,155,125,147,6,0,0
566,1334,249,155,125,147,6,0,0
567,1334,249,155,125,147,6,0,0
568,1334,249,155,125,147,6,0,0
569,1334,249,155,125,147,6,0,0
570,1334,249,155,125,147,6,0,0
571,1334,249,155,125,147,6,0,0
572,1334,249,155,125,147,6,0,0
573,1334,249,155,125,147,6,0,0
574,1334,249,155,125,147,6,0,0
575,1334,249,155,125,147,6,0,0
576,1334,248,155,125,147,6,0,0
577,1334,249,155,125,147,6,0,0
578,1334,249,155,125,147,6,0,0
579,1334,248,155,125,147,6,0,0
580,1334,248,155,125,147,6,0,0
581,1334,249,155,125,147,6,0,0
582,1334,249,155,125,147,6,0,0
583,1334,249,155,125,147,6,0,0
584,1334,248,155,125,147,6,0,0
585,1334,249,155,125,147,6,0,0
586,1334,249,155,125,147,6,0,0
587,1334,248,156,125,147,6,0,0
588,1334,248,155,125,147,6,0,0
589,1334,248,156,125,147,6,0,0
590,1334,249,156,125,147,6,0,0
591,1334,249,155,125,147,6,0,0
592,1334,249,156,125,147,6,0,0
593,1334,249,156,125,147,6,0,1
594,1334,249,156,125,147,6,0,0
595,1334,249,156,125,147,6,0,0
596,1334,249,156,125,147,6,0,0
597,1334,248,156,125,147,6,0,0
598,1334,249,156,125,147,6,0,0
599,1334,249,156,125,147,6,0,0
600,1334,248,155,125,147,6,0,0
601,1334,249,155,125,147,6,0,0
602,1334,249,155,125,147,6,0,0
603,1334,249,155,125,147,6,0,0
604,1334,249,155,125,147,6,0,0
605,1334,249,155,125,147,6,0,0
606,1334,248,155,125,147,6,0,0
607,1334,248,156,125,147,6,0,1
608,1334,248,156,125,147,6,0,1
609,1334,248,156,125,147,6,0,1
610,1334,248,156,125,147,6,0,1
611,1334,249,156,125,147,6,0,1
612,1334,249,156,125,147,6,0,1
613,1334,249,156,125,147,6,0,1
614,1334,249,156,125,147,6,0,2
615,1334,249,156,125,147,6,0,1
616,1334,249,156,125,147,6,0,1
617,1334,249,156,125,147,6,0,0
618,1334,249,156,125,147,6,0,0
619,1334,249,155,125,147,6,0,0
620,1334,249,156,125,147,6,0,0
621,1334,249,156,125,147,6,0,0
622,1334,249,156,125,147,6,0,0
623,1334,249,156,125,147,6,0,0
624,1334,249,155,124,147,6,0,0
625,1334,249,155,125,147,6,0,0
626,1334,249,155,125,147,6,0,0
627,1334,248,155,125,147,6,0,0
628,1334,248,155,125,147,6,0,0
629,1334,248,155,125,147,6,0,0
630,1334,248,155,125,147,6,0,0
631,1334,248,154,125,147,6,0,0
632,1334,249,154,125,147,6,0,0
633,1334,248,154,125,147,6,0,0
634,1334,249,156,125,147,6,0,0
635,1334,249,155,125,147,6,0,0
636,1334,249,155,125,147,6,0,0
637,1334,249,155,125,147,6,0,1
638,1334,249,156,125,147,6,0,1
639,1334,249,156,125,147,6,0,1
640,1334,249,156,125,147,6,0,0
641,1334,249,155,125,147,6,0,0
642,1335,249,155,125,147,6,0,0
643,1334,249,155,125,147,6,0,0
644,1334,249,155,125,147,6,0,0
645,1335,249,155,125,147,6,0,0
646,1334,249,155,125,147,6,0,0
647,1334,249,155,125,147,6,0,0
648,1334,249,155,125,147,6,0,0
649,1335,249,155,125,147,6,0,0
650,1335,249,155,125,147,6,0,0
651,1335,249,155,125,147,6,0,0
652,1334,249,155,125,147,6,0,0
653,1334,249,155,125,147,6,0,0
654,1334,249,155,125,147,6,0,0
655,1334,249,155,125,147,6,0,0
656,1334,249,155,125,147,6,0,0
657,1334,249,155,125,147,6,0,0
658,1334,249,155,125,147,6,0,0
659,1334,249,155,125,147,6,0,0
660,1334,249,156,125,147,6,0,0
661,1334,249,156,125,147,6,0,0
662,1334,249,156,125,147,6,0,0
663,1334,249,156,125,147,6,0,0
664,1334,249,155,125,147,6,0,0
665,1334,249,156,125,147,6,0,0
666,1334,249,156,125,147,6,0,0
667,1334,249,156,125,147,6,0,0
668,1334,249,156,125,147,6,0,0
669,1334,249,156,125,147,6,0,0
670,1334,249,155,125,147,6,0,0
671,1334,249,155,125,147,6,0,0
672,1334,249,156,126,147,6,0,0
673,1334,249,156,125,147,6,0,0
674,1334,249,155,125,147,6,0,0
675,1334,249,155,125,147,6,0,0
676,1334,249,155,125,147,6,0,0
677,1334,249,155,125,147,6,0,0
678,1334,249,155,125,147,6,0,0
679,1334,249,155,125,147,6,0,0
680,1334,249,155,125,147,6,0,0
681,1334,249,155,125,147,6,0,0
682,1334,249,155,125,147,6,0,0
683,1334,249,155,125,147,6,0,0
684,1334,249,156,125,147,6,0,0
685,1334,249,156,125,147,6,0,0
686,1334,249,156,125,147,6,0,0
687,1334,249,156,125,147,6,0,0
688,1333,249,156,125,147,6,0,0
689,1333,249,156,125,147,6,0,0
690,1334,249,156,125,147,6,0,0
691,1334,249,156,125,147,6,0,0
692,1334,249,156,125,147,6,0,0
693,1334,249,156,125,147,6,0,0
694,1334,249,156,125,147,6,0,1
695,1334,250,156,125,147,6,0,1
696,1335,250,156,125,147,6,0,1
697,1334,250,156,125,147,6,0,1
698,1334,250,156,125,147,6,0,2
699,1335,250,155,125,147,6,0,2
700,1335,250,156,125,147,6,0,2
701,1335,251,155,125,147,6,0,2
702,1335,251,156,125,147,6,0,1
703,1335,251,156,125,147,6,0,1
704,1334,250,156,125,147,6,0,0
705,1334,250,156,125,147,6,0,0
706,1334,250,155,125,147,6,0,0
707,1335,250,156,125,147,6,0,1
708,1335,250,156,125,147,6,0,0
709,1335,250,156,125,147,6,0,0
710,1335,250,155,125,147,6,0,0
711,1335,250,155,125,147,6,0,0
712,1334,250,155,125,147,6,0,0
713,1334,250,156,125,147,6,0,0
714,1334,249,155,125,147,6,0,0
715,1335,250,156,125,147,6,0,0
716,1335,250,156,125,147,6,0,0
717,1334,250,156,125,147,6,0,0
718,1335,250,156,125,147,6,0,0
719,1335,250,156,125,147,6,0,1
720,1335,251,155,125,147,6,0,2
721,1335,251,155,125,147,6,0,2
722,1335,251,155,125,147,6,0,2
723,1335,251,155,125,147,6,0,2
724,1335,251,154,125,147,6,0,2
725,1336,252,155,125,147,6,0,1
726,1336,251,155,125,147,6,0,0
727,1336,251,155,126,147,6,0,0
728,1336,251,155,126,147,6,0,0
729,1335,252,156,125,147,6,0,1
730,1335,251,156,126,147,6,0,2
731,1335,250,156,125,147,6,0,2
732,1335,250,156,125,147,6,0,1
733,1334,250,156,125,147,6,0,2
734,1334,251,156,125,147,6,0,2
735,1334,250,156,125,147,6,0,2
736,1334,250,156,125,147,6,0,1
737,1334,250,157,125,147,6,0,0
738,1334,250,157,125,147,6,0,0
739,1334,250,156,125,147,6,0,0
740,1334,250,156,125,147,6,0,0
741,1334,250,156,125,147,6,0,0
742,1334,250,156,125,147,6,0,0
743,1334,250,156,125,147,6,0,0
744,1335,250,155,125,147,6,0,0
745,1335,250,155,125,147,6,0,0
746,1334,250,155,125,147,6,0,0
747,1335,250,154,125,147,6,0,0
748,1335,250,155,125,147,6,0,0
749,1335,251,155,125,147,6,0,1
750,1335,251,154,125,147,6,0,1
751,1335,251,154,125,147,6,0,1
752,1335,251,154,125,147,6,0,1
753,1335,251,154,126,147,6,0,1
754,1334,250,155,126,147,6,0,1
755,1334,250,155,125,147,6,0,1
756,1334,250,155,125,147,6,0,1
757,1335,250,156,125,147,6,0,1
758,1335,250,156,125,147,6,0,1
759,1334,250,156,126,147,6,0,0
760,1334,250,156,125,147,6,0,0
761,1334,250,156,125,147,6,0,0
762,1335,250,156,125,147,6,0,0
763,1335,250,155,125,147,6,0,0
764,1335,250,156,125,147,6,0,0
765,1335,250,156,126,147,6,0,0
766,1335,250,156,126,147,6,0,1
767,1335,251,155,126,147,6,0,2
768,1335,251,154,126,147,6,0,2
769,1335,251,154,126,147,6,0,2
770,1336,251,154,126,147,6,0,2
771,1335,251,154,126,147,6,0,2
772,1335,251,154,126,147,6,0,1
773,1335,251,154,125,147,6,0,0
774,1335,251,155,125,147,6,0,0
775,1335,251,155,125,147,6,0,0
776,1335,251,155,125,147,6,0,1
777,1335,251,155,125,147,6,0,1
778,1335,250,154,125,147,6,0,1
779,1335,250,155,126,147,6,0,1
780,1335,250,156,125,147,6,0,1
781,1335,250,154,125,147,6,0,2
782,1335,249,154,125,147,6,0,2
783,1335,249,154,126,147,6,0,2
784,1334,249,154,126,147,6,0,1
785,1334,249,154,126,147,6,0,1
786,1334,249,154,126,147,6,0,1
787,1334,249,155,125,147,6,0,0
788,1334,249,155,126,147,6,0,0
789,1334,249,155,126,147,6,0,0
790,1334,249,155,126,147,6,0,0
791,1334,249,155,126,147,6,0,0
792,1335,249,155,126,147,6,0,0
793,1335,249,155,126,147,6,0,0
794,1335,249,155,126,147,6,0,0
795,1335,249,154,126,147,6,0,0
796,1335,250,155,126,147,6,0,0
797,1335,250,155,125,147,6,0,0
798,1334,250,155,125,147,6,0,0
799,1335,250,155,125,147,6,0,0
800,1335,250,155,125,147,6,0,0
801,1335,250,155,125,147,6,0,0
802,1335,249,155,126,147,6,0,0
803,1335,249,155,126,147,6,0,0
804,1334,250,155,125,147,6,0,0
805,1334,250,155,125,147,6,0,0
806,1334,250,155,125,147,6,0,0
807,1334,249,155,125,147,6,0,0
808,1334,249,156,125,147,6,0,0
809,1334,249,156,125,147,6,0,0
810,1334,249,156,125,147,6,0,0
811,1334,249,156,126,147,6,0,0
812,1334,249,156,125,147,6,0,0
813,1334,249,155,125,147,6,0,0
814,1334,249,156,125,147,6,0,0
815,1334,249,155,125,147,6,0,0
816,1334,249,155,126,147,6,0,0
817,1334,249,155,126,147,6,0,0
818,1334,249,154,126,147,6,0,0
819,1334,249,154,125,147,6,0,0
820,1334,249,155,125,147,6,0,0
821,1334,249,155,125,147,6,0,0
822,1334,249,155,125,147,6,0,0
823,1334,249,155,125,147,6,0,0
824,1334,249,155,125,147,6,0,0
825,1334,249,155,126,147,6,0,0
826,1334,249,155,126,147,6,0,0
827,1334,250,155,125,147,6,0,0
828,1335,250,155,125,147,6,0,0
829,1335,250,155,125,147,6,0,0
830,1335,250,155,125,147,6,0,0
831,1335,250,155,125,147,6,0,0
832,1335,250,155,125,147,6,0,0
833,1335,250,155,125,147,6,0,0
834,1335,250,155,125,147,6,0,0
835,1335,250,155,125,147,6,0,0
836,1335,250,155,125,147,6,0,0
837,1335,250,155,125,147,6,0,0
838,1335,250,155,125,147,6,0,0
839,1335,250,155,125,147,6,0,0
840,1335,250,155,125,147,6,0,0
841,1334,250,156,125,147,6,0,0
842,1334,249,155,125,147,6,0,1
843,1334,249,156,125,147,6,0,1
844,1334,249,156,125,147,6,0,1
845,1334,249,155,125,147,6,0,1
846,1334,249,155,125,147,6,0,1
847,1334,249,155,125,147,6,0,1
848,1334,249,155,125,147,6,0,1
849,1334,249,155,125,147,6,0,1
850,1334,250,155,125,147,6,0,1
851,1334,250,155,125,147,6,0,1
852,1335,250,155,125,147,6,0,1
853,1335,250,155,125,147,6,0,1
854,1335,250,155,125,147,6,0,1
855,1335,250,155,125,147,6,0,0
856,1335,250,155,125,147,6,0,0
857,1335,250,155,125,147,6,0,0
858,1335,250,155,125,147,6,0,0
859,1335,250,155,125,147,6,0,0
860,1335,250,155,125,147,6,0,0
861,1335,250,155,125,147,6,0,0
862,1334,250,156,125,147,6,0,0
863,1334,250,156,125,147,6,0,0
864,1334,249,155,125,147,6,0,0
865,1334,249,155,126,147,6,0,0
866,1334,249,155,125,147,6,0,0
867,1334,249,155,126,147,6,0,0
868,1334,249,155,126,147,6,0,0
869,1334,249,155,125,147,6,0,0
870,1334,249,155,125,147,6,0,0
871,1334,249,155,126,147,6,0,0
872,1334,248,155,126,147,6,0,0
873,1334,249,155,125,147,6,0,0
874,1334,249,155,125,147,6,0,0
875,1335,249,155,125,147,6,0,0
876,1334,249,155,125,147,6,0,0
877,1334,250,156,125,147,6,0,1
878,1334,250,156,125,147,6,0,1
879,1334,250,156,125,147,6,0,1
880,1334,250,156,125,147,6,0,1
881,1334,250,156,125,147,6,0,1
882,1334,250,155,125,147,6,0,1
883,1334,250,155,125,147,6,0,0
884,1335,250,155,125,147,6,0,0
885,1335,250,156,126,147,6,0,0
886,1335,250,156,125,147,6,0,0
887,1335,250,156,126,147,6,0,0
888,1334,250,155,125,147,6,0,0
889,1334,250,155,125,147,6,0,1
890,1334,249,156,125,147,6,0,2
891,1334,249,155,125,147,6,0,2
892,1334,249,155,125,147,6,0,2
893,1334,249,155,126,147,6,0,1
894,1334,249,155,126,147,6,0,1
895,1334,249,155,126,147,6,0,0
896,1334,249,155,126,147,6,0,0
897,1334,249,155,126,147,6,0,0
898,1334,249,155,126,147,6,0,0
899,1334,249,155,126,147,6,0,0
900,1334,249,155,125,147,6,0,0
901,1334,250,155,125,147,6,0,1
902,1335,250,155,125,147,6,0,1
903,1335,250,155,125,147,6,0,1
904,1335,250,154,125,147,6,0,1
905,1335,250,155,125,147,6,0,0
906,1335,250,154,125,147,6,0,0
907,1335,250,154,125,147,6,0,0
908,1334,250,155,125,147,6,0,0
909,1335,250,155,125,147,6,0,0
910,1334,250,155,125,147,6,0,0
911,1335,250,155,125,147,6,0,0
912,1335,250,155,125,147,6,0,0
913,1335,250,156,125,147,6,0,0
914,1334,250,156,126,147,6,0,0
915,1334,250,156,125,147,6,0,0
916,1334,250,156,125,147,6,0,0
917,1334,249,156,125,147,6,0,1
918,1334,249,155,125,147,6,0,1
919,1334,249,155,125,147,6,0,1
920,1334,249,155,126,147,6,0,1
921,1334,249,155,125,147,6,0,0
922,1334,249,156,125,147,6,0,0
923,1334,249,156,125,147,6,0,0
924,1335,249,155,125,147,6,0,0
925,1334,249,155,125,147,6,0,0
926,1334,249,155,125,147,6,0,0
927,1334,249,156,125,147,6,0,0
928,1334,249,156,125,147,6,0,0
929,1334,250,156,125,147,6,0,0
930,1334,249,156,125,147,6,0,0
931,1334,249,156,125,147,6,0,0
932,1334,249,156,125,147,6,0,0
933,1334,249,156,125,147,6,0,0
934,1334,249,156,125,147,6,0,0
935,1334,249,156,125,147,6,0,0
936,1334,249,156,125,147,6,0,0
937,1334,249,156,125,147,6,0,0
938,1334,249,156,125,147,6,0,0
939,1334,249,155,125,147,6,0,0
940,1334,249,156,125,147,6,0,0
941,1334,249,155,125,147,6,0,0
942,1334,249,156,125,147,6,0,0
943,1334,249,155,125,147,6,0,0
944,1334,249,155,125,147,6,0,0
945,1333,249,155,125,147,6,0,0
946,1333,248,156,126,147,6,0,0
947,1333,248,156,125,147,6,0,1
948,1334,248,155,125,147,6,0,1
949,1334,248,155,125,147,6,0,1
950,1334,248,155,125,147,6,0,1
951,1334,248,155,125,147,6,0,1
952,1334,248,155,125,147,6,0,0
953,1334,249,155,125,147,6,0,0
954,1334,249,155,125,147,6,0,0
955,1334,249,155,125,147,6,0,0
956,1334,249,155,125,147,6,0,0
957,1334,249,156,125,147,6,0,0
958,1334,249,156,125,147,6,0,0
959,1334,249,156,125,147,6,0,0
960,1334,249,155,125,147,6,0,0
961,1334,249,155,125,147,6,0,0
962,1334,249,155,125,147,6,0,0
963,1334,249,155,125,147,6,0,0
964,1334,249,155,125,147,6,0,0
965,1334,249,155,125,147,6,0,0
966,1334,249,155,125,147,6,0,0
967,1334,249,155,125,147,6,0,0
968,1334,249,155,125,147,6,0,0
969,1333,249,155,125,147,6,0,0
970,1333,248,156,125,147,6,0,0
971,1333,248,155,125,147,6,0,0
972,1334,248,155,125,147,6,0,0
973,1333,248,155,126,147,6,0,0
974,1334,248,155,125,147,6,0,0
975,1333,248,155,125,147,6,0,0
976,1333,248,155,125,147,6,0,0
977,1333,248,156,125,147,6,0,0
978,1334,249,156,125,147,6,0,0
979,1333,249,156,125,147,6,0,0
980,1334,248,155,126,147,6,0,0
981,1334,248,155,126,147,6,0,0
982,1334,249,155,125,147,6,0,0
983,1334,249,155,125,147,6,0,0
984,1334,248,155,126,147,6,0,0
985,1334,248,156,126,147,6,0,0
986,1334,248,155,126,147,6,0,0
987,1333,248,156,126,147,6,0,0
988,1333,248,155,126,147,6,0,0
989,1333,248,155,125,147,6,0,0
990,1333,248,155,125,147,6,0,0
991,1333,248,155,125,147,6,0,0
992,1333,248,155,125,147,6,0,0
993,1333,248,156,125,147,6,0,0
994,1333,248,156,125,147,6,0,0
995,1333,248,155,125,147,6,0,0
996,1333,248,155,125,147,6,0,0
997,1333,248,155,125,147,6,0,0
998,1333,248,155,125,147,6,0,0
999,1334,248,155,125,147,6,0,0
1000,1334,248,155,125,147,6,0,0
1001,1334,248,155,126,147,6,0,0
1002,1334,248,156,125,147,6,0,0
1003,1334,248,155,125,147,6,0,0
1004,1334,248,155,126,147,6,0,0
1005,1334,248,155,126,147,6,0,0
1006,1334,248,155,126,147,6,0,0
1007,1334,248,155,126,147,6,0,0
1008,1334,249,155,125,147,6,0,0
1009,1334,249,156,125,147,6,0,0
1010,1334,249,155,125,147,6,0,0
1011,1334,249,155,125,147,6,0,0
1012,1334,249,155,125,147,6,0,0
1013,1334,249,155,125,147,6,0,0
1014,1334,249,155,125,147,6,0,0
1015,1334,249,155,125,147,6,0,0
1016,1334,248,155,125,147,6,0,0
1017,1334,248,155,125,147,6,0,0
1018,1334,248,155,125,147,6,0,0
1019,1334,248,155,125,147,6,0,1
1020,1334,248,155,125,147,6,0,1
1021,1334,248,155,125,147,6,0,0
1022,1334,248,155,125,147,6,0,0
1023,1334,249,155,125,147,6,0,0
1024,1334,249,155,125,147,6,0,0
1025,1334,248,155,125,147,6,0,0
1026,1334,248,155,125,147,6,0,0
1027,1334,249,155,125,147,6,0,0
1028,1334,249,155,125,147,6,0,0
1029,1334,249,155,125,147,6,0,0
1030,1334,249,155,125,147,6,0,1
1031,1334,249,156,125,147,6,0,1
1032,1334,249,156,126,147,6,0,1
1033,1334,249,156,126,147,6,0,1
1034,1334,249,156,126,147,6,0,1
1035,1334,249,156,126,147,6,0,1
1036,1334,249,156,126,147,6,0,0
1037,1334,249,156,126,147,6,0,0
1038,1334,249,155,125,147,6,0,0
1039,1334,249,155,125,147,6,0,0
1040,1334,249,155,125,147,6,0,0
1041,1334,249,155,125,147,6,0,0
1042,1334,249,155,125,147,6,0,0
1043,1334,249,155,126,147,6,0,0
1044,1334,248,156,126,147,6,0,1
1045,1334,249,156,125,147,6,0,0
1046,1334,248,156,125,147,6,0,1
1047,1334,248,156,125,147,6,0,1
1048,1334,248,156,125,147,6,0,1
1049,1334,248,156,125,147,6,0,1
1050,1334,248,156,125,147,6,0,1
1051,1334,248,156,125,147,6,0,1
1052,1334,248,156,125,147,6,0,0
1053,1334,248,156,125,147,6,0,0
1054,1334,248,156,125,147,6,0,0
1055,1334,248,156,126,147,6,0,0
1056,1334,248,156,126,147,6,0,0
1057,1334,248,156,126,147,6,0,0
1058,1334,248,156,126,147,6,0,0
1059,1334,248,156,126,147,6,0,0
1060,1334,248,156,125,147,6,0,0
1061,1334,248,156,126,147,6,0,0
1062,1334,248,155,125,147,6,0,0
1063,1334,248,155,126,147,6,0,0
1064,1334,248,155,125,147,6,0,0
1065,1334,248,155,125,147,6,0,0
1066,1334,248,155,125,147,6,0,0
1067,1334,248,155,125,147,6,0,0
1068,1334,248,156,125,147,6,0,0
1069,1334,248,156,126,147,6,0,0
1070,1334,248,156,125,147,6,0,0
1071,1334,248,156,125,147,6,0,0
1072,1334,248,156,125,147,6,0,0
1073,1334,248,156,125,147,6,0,0
1074,1334,248,156,125,147,6,0,0
1075,1334,248,156,125,147,6,0,0
1076,1334,248,155,125,147,6,0,0
1077,1334,248,155,125,147,6,0,0
1078,1334,248,155,125,147,6,0,0
1079,1334,248,155,125,147,6,0,0
1080,1334,248,155,125,147,6,0,0
1081,1334,248,155,125,147,6,0,0
1082,1335,248,155,125,147,6,0,0
1083,1335,248,155,125,147,6,0,0
1084,1335,248,155,125,147,6,0,0
1085,1335,248,154,125,147,6,0,0
1086,1334,248,155,125,147,6,0,0
1087,1335,248,155,125,147,6,0,0
1088,1335,248,155,125,147,6,0,0
1089,1334,248,155,125,147,6,0,0
1090,1334,248,155,125,147,6,0,0
1091,1334,248,155,125,147,6,0,0
1092,1334,248,155,125,147,6,0,0
1093,1334,248,156,125,147,6,0,0
1094,1334,248,156,126,147,6,0,0
1095,1333,248,156,126,147,6,0,0
1096,1333,248,156,126,147,6,0,0
1097,1334,248,155,125,147,6,0,0
1098,1335,248,154,126,147,6,0,0
1099,1336,248,153,126,147,6,0,0
1100,1334,248,155,126,147,6,0,0
1101,1333,248,156,125,147,6,0,0
1102,1332,248,157,125,147,6,0,0
1103,1333,248,156,125,147,6,0,0
1104,1333,248,156,125,147,6,0,0
1105,1333,248,156,125,147,6,0,0
1106,1333,248,157,125,147,6,0,0
1107,1333,248,157,125,147,6,0,0
1108,1333,248,157,125,147,6,0,0
1109,1333,248,157,125,147,6,0,0
1110,1333,248,156,125,147,6,0,0
1111,1333,248,156,125,147,6,0,0
1112,1333,248,156,125,147,6,0,0
1113,1333,248,156,125,147,6,0,0
1114,1333,248,156,125,147,6,0,0
1115,1333,248,156,125,147,6,0,0
1116,1333,248,156,125,147,6,0,0
1117,1333,248,156,125,147,6,0,0
1118,1333,248,156,125,147,6,0,0
1119,1333,248,155,125,147,6,0,0
1120,1333,248,155,125,147,6,0,0
1121,1334,248,154,125,147,6,0,0
1122,1333,248,155,125,147,6,0,0
1123,1333,248,155,125,147,6,0,0
1124,1334,248,155,125,147,6,0,0
1125,1334,248,155,125,147,6,0,0
1126,1334,248,154,125,147,6,0,0
1127,1334,248,155,125,147,6,0,0
1128,1333,248,155,125,147,6,0,0
1129,1333,248,155,125,147,6,0,0
1130,1334,248,155,125,147,6,0,0
1131,1334,248,155,125,147,6,0,0
1132,1333,248,155,125,147,6,0,0
1133,1333,248,155,125,147,6,0,0
1134,1334,248,155,125,147,6,0,0
1135,1333,248,155,125,147,6,0,0
1136,1334,248,155,125,147,6,0,0
1137,1334,247,155,125,147,6,0,0
1138,1334,247,155,125,147,6,0,0
1139,1334,248,155,125,147,6,0,0
1140,1333,248,155,125,147,6,0,0
1141,1333,248,155,125,147,6,0,0
1142,1333,248,155,125,147,6,0,0
1143,1333,248,155,125,147,6,0,0
1144,1333,248,155,125,147,6,0,0
1145,1333,248,155,125,147,6,0,0
1146,1333,248,156,125,147,6,0,0
1147,1333,248,156,125,147,6,0,0
1148,1333,248,156,125,147,6,0,0
1149,1333,248,156,125,147,6,0,0
1150,1333,248,156,125,147,6,0,0
1151,1333,248,156,125,147,6,0,0
1152,1334,248,155,125,147,6,0,0
1153,1333,248,156,125,147,6,0,0
1154,1333,248,156,125,147,6,0,0
1155,1333,248,156,125,147,6,0,0
1156,1333,248,156,125,147,6,0,0
1157,1333,248,156,124,147,6,0,0
1158,1333,248,156,124,147,6,0,0
1159,1333,248,155,124,147,6,0,0
1160,1333,248,155,124,147,6,0,0
1161,1333,248,155,124,147,6,0,0
1162,1333,248,155,124,147,6,0,0
1163,1333,248,155,124,147,6,0,0
1164,1334,248,156,124,147,6,0,0
1165,1333,248,156,124,147,6,0,0
1166,1333,248,157,124,147,6,0,0
1167,1333,248,157,124,147,6,0,0
1168,1332,248,157,125,147,6,0,0
1169,1333,248,156,125,147,6,0,0
1170,1333,248,157,125,147,6,0,0
1171,1333,248,157,125,147,6,0,0
1172,1333,248,156,125,147,6,0,0
1173,1332,248,157,125,147,6,0,0
1174,1333,248,156,125,147,6,0,0
1175,1333,248,156,124,147,6,0,0
1176,1332,247,157,125,147,6,0,0
1177,1332,248,157,125,147,6,0,0
1178,1332,248,157,125,147,6,0,0
1179,1332,248,157,125,147,6,0,0
1180,1332,248,157,125,147,6,0,0
1181,1332,248,158,125,147,6,0,0
1182,1332,248,157,125,147,6,0,0
1183,1332,247,157,126,147,6,0,0
1184,1333,247,157,125,147,6,0,0
1185,1333,248,157,125,147,6,0,0
1186,1332,248,157,125,147,6,0,0
1187,1332,248,157,125,147,6,0,0
1188,1332,248,156,125,147,6,0,0
1189,1333,248,156,125,147,6,0,0
1190,1333,248,156,125,147,6,0,0
1191,1333,248,156,125,147,6,0,0
1192,1333,248,156,125,147,6,0,0
1193,1333,247,155,125,147,6,0,0
1194,1333,247,155,125,147,6,0,0
1195,1333,248,156,125,147,6,0,0
1196,1333,247,156,125,147,6,0,0
1197,1333,247,156,125,147,6,0,0
1198,1333,247,156,125,147,6,0,0
1199,1333,247,156,125,147,6,0,0
1200,1334,247,156,126,147,6,0,0
1201,1333,247,156,125,147,6,0,0
1202,1333,247,156,125,147,6,0,0
1203,1333,247,156,125,147,6,0,0
1204,1333,247,156,125,147,6,0,0
1205,1333,248,156,125,147,6,0,0
1206,1333,247,156,125,147,6,0,0
1207,1333,247,156,125,147,6,0,0
1208,1333,247,156,125,147,6,0,0
1209,1333,247,156,125,147,6,0,0
1210,1333,247,156,126,147,6,0,0
1211,1333,248,156,126,147,6,0,0
1212,1333,247,156,125,147,6,0,0
1213,1333,247,156,125,147,6,0,0
1214,1333,248,156,125,147,6,0,0
1215,1333,248,156,125,147,6,0,0
1216,1333,248,155,126,147,6,0,0
1217,1333,248,155,125,147,6,0,0
1218,1333,247,155,125,147,6,0,0
1219,1333,247,155,125,147,6,0,0
1220,1333,247,155,125,147,6,0,0
1221,1333,248,155,125,147,6,0,0
1222,1333,248,155,125,147,6,0,0
1223,1333,248,155,125,147,6,0,0
1224,1333,248,155,125,147,6,0,1
1225,1333,248,155,125,147,6,0,1
1226,1334,248,155,125,147,6,0,1
1227,1334,248,155,125,147,6,0,0
1228,1333,248,155,125,147,6,0,0
1229,1333,248,155,125,147,6,0,0
1230,1334,248,155,125,147,6,0,0
1231,1334,248,155,125,147,6,0,0
1232,1334,248,155,125,147,6,0,0
1233,1334,248,155,125,147,6,0,0
1234,1334,248,155,125,147,6,0,0
1235,1334,248,155,125,147,6,0,0
1236,1334,248,154,125,147,6,0,0
1237,1334,248,154,125,147,6,0,0
1238,1334,248,155,125,147,6,0,0
1239,1334,248,155,125,147,6,0,0
1240,1334,248,155,125,147,6,0,0
1241,1334,248,155,125,147,6,0,0
1242,1334,248,155,125,147,6,0,0
1243,1334,248,155,125,147,6,0,0
1244,1334,247,155,125,147,6,0,0
1245,1334,247,155,125,147,6,0,0
1246,1334,248,155,125,147,6,0,0
1247,1334,248,155,125,147,6,0,0
1248,1334,248,156,125,147,6,0,0
1249,1334,248,156,125,147,6,0,1
1250,1334,247,155,126,147,6,0,1
1251,1334,248,156,125,147,6,0,1
1252,1334,248,156,125,147,6,0,0
1253,1334,248,155,125,147,6,0,0
1254,1334,248,155,125,147,6,0,0
1255,1334,248,155,125,147,6,0,0
1256,1334,248,155,125,147,6,0,0
1257,1334,248,155,125,147,6,0,0
1258,1334,247,155,125,147,6,0,0
1259,1334,247,155,125,147,6,0,0
1260,1334,248,155,125,147,6,0,1
1261,1333,247,156,125,147,6,0,1
1262,1334,247,155,125,147,6,0,1
1263,1334,247,155,125,147,6,0,0
1264,1334,247,155,125,147,6,0,0
1265,1334,247,155,125,147,6,0,0
1266,1334,247,155,125,147,6,0,0
1267,1334,247,155,125,147,6,0,0
1268,1334,247,155,125,147,6,0,0
1269,1334,247,155,125,147,6,0,0
1270,1334,247,155,125,147,6,0,0
1271,1333,247,156,125,147,6,0,0
1272,1333,248,156,125,147,6,0,1
1273,1333,248,156,125,147,6,0,1
1274,1333,248,156,125,147,6,0,1
1275,1333,248,156,125,147,6,0,1
1276,1333,248,156,125,147,6,0,1
1277,1333,248,156,125,147,6,0,0
1278,1333,248,156,125,147,6,0,0
1279,1333,248,156,125,147,6,0,0
1280,1333,248,156,125,147,6,0,0
1281,1333,248,156,125,147,6,0,0
1282,1333,248,156,125,147,6,0,0
1283,1333,248,156,125,147,6,0,0
1284,1333,248,155,125,147,6,0,0
1285,1333,248,155,125,147,6,0,0
1286,1333,248,155,125,147,6,0,0
1287,1333,248,155,125,147,6,0,0
1288,1334,248,155,125,147,6,0,0
1289,1334,248,155,125,147,6,0,0
1290,1334,248,155,125,147,6,0,0
1291,1334,248,155,125,147,6,0,0
1292,1334,248,155,125,147,6,0,0
1293,1333,248,155,125,147,6,0,0
1294,1333,248,155,125,147,6,0,0
1295,1333,248,155,125,147,6,0,0
1296,1334,247,156,125,147,6,0,1
1297,1334,247,156,125,147,6,0,1
1298,1334,247,156,125,147,6,0,1
1299,1334,247,156,125,147,6,0,1
1300,1334,247,156,125,147,6,0,1
1301,1334,247,155,125,147,6,0,0
1302,1334,247,155,125,147,6,0,0
1303,1334,247,156,125,147,6,0,0
1304,1334,247,156,125,147,6,0,0
1305,1334,247,156,125,147,6,0,0
1306,1334,247,156,125,147,6,0,0
1307,1334,247,155,125,147,6,0,0
1308,1334,248,155,125,147,6,0,0
1309,1334,247,155,125,147,6,0,0
1310,1334,247,155,125,147,6,0,0
1311,1334,247,155,125,147,6,0,0
1312,1334,247,155,125,147,6,0,0
1313,1334,247,155,125,147,6,0,0
1314,1333,247,156,125,147,6,0,0
1315,1333,247,156,125,147,6,0,0
1316,1333,247,156,125,147,6,0,0
1317,1333,247,156,125,147,6,0,0
1318,1334,247,155,125,147,6,0,0
1319,1334,247,155,125,147,6,0,0
1320,1333,248,156,125,147,6,0,1
1321,1333,248,156,125,147,6,0,1
1322,1334,248,156,125,147,6,0,1
1323,1333,248,156,125,147,6,0,1
1324,1333,248,156,125,147,6,0,1
1325,1334,248,156,125,147,6,0,0
1326,1333,248,156,125,147,6,0,0
1327,1333,248,156,125,147,6,0,0
1328,1334,248,156,125,147,6,0,0
1329,1334,248,156,125,147,6,0,0
1330,1333,247,156,125,147,6,0,0
1331,1333,247,156,125,147,6,0,0
1332,1333,248,156,125,147,6,0,0
1333,1333,248,156,125,147,6,0,0
1334,1333,248,156,125,147,6,0,0
1335,1333,248,156,125,147,6,0,0
1336,1334,247,155,125,147,6,0,0
1337,1334,247,155,125,147,6,0,0
1338,1334,247,155,125,147,6,0,0
1339,1334,247,155,125,147,6,0,0
1340,1334,247,155,125,147,6,0,0
1341,1334,247,155,125,147,6,0,0
1342,1334,247,155,125,147,6,0,0
1343,1334,247,155,125,147,6,0,0
1344,1334,248,155,125,147,6,0,0
1345,1334,248,155,125,147,6,0,0
1346,1334,248,155,125,147,6,0,0
1347,1334,248,155,125,147,6,0,0
1348,1334,248,155,125,147,6,0,0
1349,1334,248,155,125,147,6,0,0
1350,1334,248,155,125,147,6,0,0
1351,1334,248,155,125,147,6,0,0
1352,1334,248,155,125,147,6,0,0
1353,1334,248,155,125,147,6,0,0
1354,1334,248,155,124,147,6,0,0
1355,1334,248,155,125,147,6,0,0
1356,1334,248,155,124,147,6,0,0
1357,1334,248,155,124,147,6,0,0
1358,1334,248,155,124,147,6,0,0
1359,1334,248,155,124,147,6,0,0
1360,1334,248,155,124,147,6,0,0
1361,1334,248,155,124,147,6,0,0
1362,1334,248,155,124,147,6,0,0
1363,1334,248,155,125,147,6,0,0
1364,1334,248,155,124,147,6,0,0
1365,1334,248,155,124,147,6,0,0
1366,1334,248,155,124,147,6,0,0
1367,1334,248,155,124,147,6,0,0
1368,1334,248,155,124,147,6,0,0
1369,1334,248,155,124,147,6,0,0
1370,1334,248,155,124,147,6,0,0
1371,1334,248,155,124,147,6,0,0
1372,1334,248,155,124,147,6,0,0
1373,1334,248,155,124,147,6,0,0
1374,1334,248,155,125,147,6,0,0
1375,1334,248,155,124,147,6,0,0
1376,1334,248,155,124,147,6,0,0
1377,1334,248,155,124,147,6,0,0
1378,1334,248,155,124,147,6,0,0
1379,1334,248,155,124,147,6,0,0
1380,1334,248,155,124,147,6,0,0
1381,1334,248,155,124,147,6,0,0
1382,1334,248,155,124,147,6,0,0
1383,1334,248,155,124,147,6,0,0
1384,1334,247,155,125,147,6,0,0
1385,1334,248,155,125,147,6,0,0
1386,1334,248,155,124,147,6,0,0
1387,1333,248,156,124,147,6,0,0
1388,1333,248,156,125,147,6,0,0
1389,1333,248,156,125,147,6,0,0
1390,1333,248,156,125,147,6,0,1
1391,1333,248,156,125,147,6,0,0
1392,1333,248,156,125,147,6,0,0
1393,1333,248,156,125,147,6,0,0
1394,1333,248,155,125,147,6,0,0
1395,1333,248,155,125,147,6,0,0
1396,1333,248,155,125,147,6,0,0
1397,1333,248,155,125,147,6,0,0
1398,1334,248,156,124,147,6,0,0
1399,1334,248,155,125,147,6,0,0
1400,1334,248,156,124,147,6,0,0
1401,1334,248,156,124,147,6,0,0
1402,1334,248,155,125,147,6,0,0
1403,1334,248,156,125,147,6,0,0
1404,1334,248,156,124,147,6,0,0
1405,1334,248,156,125,147,6,0,0
1406,1334,248,156,125,147,6,0,0
1407,1334,248,155,125,147,6,0,0
1408,1334,248,155,125,147,6,0,0
1409,1334,248,155,125,147,6,0,0
1410,1334,248,155,125,147,6,0,0
1411,1334,248,155,125,147,6,0,0
1412,1334,248,155,125,147,6,0,0
1413,1334,248,155,125,147,6,0,0
1414,1334,248,155,125,147,6,0,0
1415,1334,248,155,125,147,6,0,0
1416,1334,248,155,125,147,6,0,0
1417,1334,248,155,125,147,6,0,0
1418,1334,248,155,125,147,6,0,0
1419,1334,248,155,125,147,6,0,0
1420,1334,248,155,125,147,6,0,0
1421,1334,248,156,125,147,6,0,0
1422,1333,248,156,125,147,6,0,0
1423,1334,248,155,125,147,6,0,0
1424,1334,248,155,125,147,6,0,0
1425,1334,248,155,125,147,6,0,0
1426,1334,248,155,125,147,6,0,0
1427,1334,248,155,125,147,6,0,0
1428,1334,248,156,125,147,6,0,0
1429,1334,248,156,125,147,6,0,0
1430,1334,248,156,125,147,6,0,0
1431,1334,248,156,125,147,6,0,0
1432,1334,248,156,125,147,6,0,0
1433,1334,248,156,125,147,6,0,0
1434,1334,248,155,125,147,6,0,0
1435,1334,248,155,125,147,6,0,0
1436,1334,248,155,125,147,6,0,0
1437,1334,248,155,125,147,6,0,0
1438,1334,248,155,125,147,6,0,0
1439,1334,248,155,125,147,6,0,0
1440,1334,248,155,125,147,6,0,0
1441,1334,248,155,125,147,6,0,0
1442,1334,248,155,125,147,6,0,0
1443,1334,248,155,125,147,6,0,0
1444,1334,248,155,125,147,6,0,0
1445,1334,248,155,125,147,6,0,0
1446,1334,248,154,125,147,6,0,0
1447,1334,248,154,125,147,6,0,0
1448,1334,248,154,125,147,6,0,0
1449,1334,248,154,125,147,6,0,0
1450,1334,248,155,125,147,6,0,0
1451,1334,248,155,125,147,6,0,0
1452,1334,248,156,125,147,6,0,0
1453,1334,248,156,125,147,6,0,0
1454,1334,248,155,125,147,6,0,0
1455,1334,248,155,125,147,6,0,0
1456,1334,248,155,125,147,6,0,0
1457,1334,248,155,125,147,6,0,0
1458,1334,248,155,125,147,6,0,0
1459,1334,248,155,125,147,6,0,0
1460,1334,248,155,125,147,6,0,0
1461,1334,248,155,125,147,6,0,0
1462,1334,248,155,125,147,6,0,0
1463,1334,248,155,125,147,6,0,0
1464,1334,248,156,125,147,6,0,0
1465,1334,248,156,126,147,6,0,0
1466,1334,248,155,125,147,6,0,0
1467,1334,248,155,126,147,6,0,0
1468,1334,248,155,126,147,6,0,0
1469,1334,248,155,125,147,6,0,0
1470,1334,248,155,125,147,6,0,0
1471,1334,248,155,125,147,6,0,0
1472,1334,248,155,125,147,6,0,0
1473,1334,248,155,125,147,6,0,0
1474,1334,248,155,125,147,6,0,0
1475,1334,248,155,125,147,6,0,0
1476,1334,248,156,125,147,6,0,0
1477,1334,248,156,125,147,6,0,0
1478,1334,248,156,125,147,6,0,0
1479,1334,248,156,125,147,6,0,0
1480,1334,248,156,125,147,6,0,0
1481,1334,248,156,125,147,6,0,0
1482,1334,248,156,125,147,6,0,0
1483,1334,248,156,125,147,6,0,0
1484,1334,248,156,125,147,6,0,0
1485,1334,248,156,125,147,6,0,0
1486,1334,248,156,125,147,6,0,0
1487,1334,248,156,125,147,6,0,0
1488,1335,248,155,125,147,6,0,0
1489,1334,248,155,125,147,6,0,0
1490,1335,248,155,125,147,6,0,0
1491,1334,248,155,125,147,6,0,0
1492,1334,248,156,125,147,6,0,0
1493,1335,248,155,125,147,6,0,0
1494,1335,248,155,125,147,6,0,0
1495,1335,248,155,125,147,6,0,0
1496,1334,248,155,125,147,6,0,0
1497,1335,248,155,125,147,6,0,0
1498,1335,248,155,125,147,6,0,0
1499,1335,248,155,125,147,6,0,0
1500,1335,248,155,125,147,6,0,0
1501,1335,248,155,125,147,6,0,0
1502,1335,248,155,125,147,6,0,0
1503,1335,248,155,125,147,6,0,0
1504,1335,248,155,125,147,6,0,0
1505,1335,248,155,125,147,6,0,0
1506,1334,248,156,125,147,6,0,0
1507,1334,248,155,125,147,6,0,0
1508,1335,248,155,125,147,6,0,0
1509,1334,248,155,125,147,6,0,0
1510,1334,248,155,125,147,6,0,0
1511,1335,248,155,125,147,6,0,0
1512,1334,248,155,125,147,6,0,0
1513,1334,248,155,125,147,6,0,0
1514,1335,248,155,125,147,6,0,0
1515,1334,248,155,125,147,6,0,0
1516,1334,248,155,125,147,6,0,0
1517,1335,248,155,125,147,6,0,0
1518,1335,248,155,125,147,6,0,0
1519,1335,248,155,125,147,6,0,0
1520,1334,248,155,125,147,6,0,0
1521,1334,248,154,125,147,6,0,0
1522,1334,248,155,125,147,6,0,0
1523,1334,248,155,125,147,6,0,0
1524,1334,248,155,125,147,6,0,0
1525,1334,248,155,125,147,6,0,0
1526,1334,248,155,125,147,6,0,0
1527,1334,248,155,125,147,6,0,0
1528,1334,248,155,125,147,6,0,0
1529,1334,248,156,125,147,6,0,0
1530,1333,248,156,125,147,6,0,0
1531,1333,248,156,125,147,6,0,0
1532,1333,248,156,125,147,6,0,0
1533,1334,248,155,125,147,6,0,0
1534,1334,248,156,125,147,6,0,0
1535,1334,248,156,125,147,6,0,0
1536,1334,248,155,125,147,6,0,0
1537,1334,248,155,125,147,6,0,0
1538,1334,248,155,125,147,6,0,0
1539,1334,248,156,125,147,6,0,0
1540,1334,248,156,125,147,6,0,0
1541,1334,248,156,125,147,6,0,0
1542,1334,248,156,125,147,6,0,0
1543,1334,248,156,125,147,6,0,0
1544,1334,248,155,125,147,6,0,0
1545,1334,248,156,125,147,6,0,0
1546,1334,248,156,125,147,6,0,0
1547,1334,248,156,125,147,6,0,0
1548,1333,248,157,125,147,6,0,0
1549,1333,248,156,125,147,6,0,0
1550,1334,248,155,125,147,6,0,0
1551,1334,248,155,125,147,6,0,0
1552,1334,248,155,125,147,6,0,0
1553,1334,248,155,125,147,6,0,0
1554,1334,248,156,125,147,6,0,0
1555,1334,248,156,125,147,6,0,0
1556,1334,248,156,125,147,6,0,0
1557,1334,248,156,125,147,6,0,0
1558,1334,248,155,125,147,6,0,0
1559,1334,248,155,125,147,6,0,0
1560,1334,248,156,125,147,6,0,0
1561,1334,248,156,124,147,6,0,0
1562,1334,248,156,125,147,6,0,0
1563,1334,248,156,125,147,6,0,0
1564,1334,248,156,125,147,6,0,0
1565,1334,248,156,125,147,6,0,0
1566,1334,248,156,125,147,6,0,0
1567,1334,248,156,125,147,6,0,0
1568,1334,248,156,125,147,6,0,0
1569,1334,248,156,125,147,6,0,0
1570,1334,248,156,125,147,6,0,0
1571,1334,248,156,125,147,6,0,0
1572,1334,248,156,125,147,6,0,0
1573,1334,248,156,125,147,6,0,0
1574,1334,248,156,125,147,6,0,0
1575,1334,248,156,125,147,6,0,0
1576,1334,248,156,125,147,6,0,0
1577,1334,248,156,125,147,6,0,0
1578,1334,248,156,125,147,6,0,0
1579,1334,248,156,125,147,6,0,0
1580,1334,248,156,125,147,6,0,0
1581,1334,248,156,125,147,6,0,0
1582,1334,248,156,125,147,6,0,0
1583,1334,248,156,125,147,6,0,0
1584,1334,248,156,125,147,6,0,0
1585,1334,248,156,125,147,6,0,0
1586,1334,248,156,125,147,6,0,0
1587,1334,248,155,125,147,6,0,0
1588,1334,248,155,125,147,6,0,0
1589,1334,248,156,125,147,6,0,0
1590,1334,248,156,125,147,6,0,0
1591,1334,248,156,125,147,6,0,0
1592,1334,248,156,125,147,6,0,0
1593,1334,248,156,125,147,6,0,0
1594,1334,248,156,125,147,6,0,0
1595,1334,248,156,125,147,6,0,0
1596,1335,248,155,125,147,6,0,0
1597,1334,248,155,125,147,6,0,0
1598,1334,248,155,125,147,6,0,0
1599,1334,248,155,125,147,6,0,0
1600,1334,248,155,125,147,6,0,0
1601,1334,248,155,125,147,6,0,0
1602,1334,248,155,125,147,6,0,0
1603,1334,248,155,125,147,6,0,0
1604,1334,248,155,125,147,6,0,0
1605,1334,248,155,125,147,6,0,0
1606,1334,248,155,125,147,6,0,0
1607,1334,248,155,125,147,6,0,0
1608,1334,248,156,125,147,6,0,0
1609,1334,248,156,125,147,6,0,0
1610,1334,248,156,125,147,6,0,0
1611,1334,248,156,125,147,6,0,0
1612,1334,248,156,125,147,6,0,0
1613,1334,248,156,125,147,6,0,0
1614,1334,248,156,125,147,6,0,0
1615,1334,248,156,125,147,6,0,0
1616,1334,248,156,125,147,6,0,0
1617,1334,248,155,125,147,6,0,0
1618,1334,248,155,125,147,6,0,0
1619,1334,248,155,125,147,6,0,0
1620,1334,248,155,125,147,6,0,0
1621,1334,248,155,125,147,6,0,0
1622,1334,248,155,125,147,6,0,0
1623,1334,248,156,125,147,6,0,0
1624,1335,248,156,126,147,6,0,0
1625,1335,248,156,126,147,6,0,0
1626,1335,248,156,126,147,6,0,0
1627,1335,248,156,126,147,6,0,0
1628,1335,248,156,126,147,6,0,0
1629,1334,248,156,126,147,6,0,0
1630,1334,248,156,126,147,6,0,0
1631,1334,248,156,126,147,6,0,0
1632,1335,248,155,126,147,6,0,0
1633,1335,248,155,126,147,6,0,0
1634,1335,248,155,126,147,6,0,0
1635,1335,248,155,126,147,6,0,0
1636,1335,248,155,126,147,6,0,0
1637,1335,248,155,126,147,6,0,0
1638,1335,248,155,126,147,6,0,0
1639,1335,248,155,126,147,6,0,0
1640,1335,248,155,126,147,6,0,0
1641,1335,248,155,126,147,6,0,0
1642,1335,248,155,126,147,6,0,0
1643,1335,248,155,126,147,6,0,0
1644,1334,248,155,126,147,6,0,0
1645,1335,248,155,125,147,6,0,0
1646,1335,248,155,126,147,6,0,0
1647,1334,248,156,126,147,6,0,0
1648,1334,248,156,126,147,6,0,0
1649,1334,248,156,126,147,6,0,0
1650,1334,248,156,126,147,6,0,0
1651,1334,248,156,126,147,6,0,0
1652,1334,248,156,126,147,6,0,0
1653,1334,248,156,126,147,6,0,0
1654,1335,248,155,125,147,6,0,0
1655,1335,248,155,125,147,6,0,0
1656,1335,248,155,125,147,6,0,0
1657,1335,248,155,125,147,6,0,0
1658,1335,248,155,125,147,6,0,0
1659,1335,248,154,125,147,6,0,0
1660,1335,248,155,125,147,6,0,0
1661,1335,248,155,125,147,6,0,0
1662,1335,248,155,125,147,6,0,0
1663,1334,248,156,125,147,6,0,0
1664,1334,248,156,125,147,6,0,0
1665,1335,248,155,125,147,6,0,0
1666,1335,248,155,125,147,6,0,0
1667,1335,248,155,125,147,6,0,0
1668,1334,248,156,125,147,6,0,0
1669,1334,248,156,125,147,6,0,0
1670,1334,248,156,125,147,6,0,0
1671,1334,248,156,125,147,6,0,0
1672,1334,248,156,125,147,6,0,0
1673,1334,248,156,125,147,6,0,0
1674,1334,248,156,125,147,6,0,0
1675,1334,248,156,125,147,6,0,0
1676,1334,248,156,125,147,6,0,0
1677,1334,248,156,125,147,6,0,0
1678,1335,248,156,125,147,6,0,0
1679,1334,249,156,125,147,6,0,1
1680,1335,249,156,125,147,6,0,0
1681,1335,249,156,125,147,6,0,0
1682,1335,249,156,125,147,6,0,0
1683,1335,249,156,125,147,6,0,0
1684,1335,249,155,125,147,6,0,0
1685,1335,249,155,125,147,6,0,0
1686,1335,249,155,125,147,6,0,0
1687,1335,249,155,125,147,6,0,0
1688,1335,249,155,124,147,6,0,0
1689,1335,249,155,125,147,6,0,0
1690,1335,249,155,125,147,6,0,0
1691,1335,249,156,125,147,6,0,0
1692,1335,249,155,125,147,6,0,0
1693,1335,249,155,125,147,6,0,0
1694,1334,249,155,125,147,6,0,0
1695,1334,249,155,125,147,6,0,0
1696,1334,248,155,125,147,6,0,0
1697,1334,248,155,125,147,6,0,1
1698,1334,248,155,125,147,6,0,1
1699,1334,248,154,125,147,6,0,1
1700,1334,248,154,125,147,6,0,1
1701,1334,248,154,125,147,6,0,0
1702,1334,248,154,125,147,6,0,0
1703,1334,248,154,125,147,6,0,0
1704,1335,248,155,125,147,6,0,0
1705,1334,249,156,125,147,6,0,1
1706,1334,249,156,125,147,6,0,1
1707,1335,249,156,125,147,6,0,1
1708,1335,248,155,125,147,6,0,0
1709,1335,248,156,125,147,6,0,0
1710,1335,249,156,125,147,6,0,0
1711,1335,249,155,125,147,6,0,0
1712,1335,249,155,125,147,6,0,0
1713,1335,249,155,125,147,6,0,0
1714,1335,249,156,125,147,6,0,0
1715,1335,249,156,124,147,6,0,0
1716,1335,249,156,124,147,6,0,0
1717,1335,249,156,124,147,6,0,0
1718,1335,249,156,124,147,6,0,0
1719,1335,249,156,125,147,6,0,0
1720,1335,249,156,124,147,6,0,0
1721,1335,249,156,124,147,6,0,0
1722,1335,249,156,124,147,6,0,0
1723,1335,250,156,124,147,6,0,0
1724,1335,249,155,124,147,6,0,0
1725,1335,249,155,125,147,6,0,0
1726,1335,249,155,125,147,6,0,0
1727,1335,249,155,125,147,6,0,0
1728,1335,249,155,125,147,6,0,0
1729,1335,249,155,125,147,6,0,0
1730,1335,249,155,125,147,6,0,0
1731,1335,249,156,124,147,6,0,0
1732,1335,250,156,125,147,6,0,1
1733,1335,250,155,124,147,6,0,0
1734,1335,250,155,125,147,6,0,0
1735,1335,250,155,125,147,6,0,1
1736,1335,250,155,125,147,6,0,1
1737,1336,250,154,125,147,6,0,1
1738,1336,250,155,125,147,6,0,1
1739,1337,251,154,125,147,6,0,1
1740,1337,251,154,124,147,6,0,1
1741,1336,251,154,125,147,6,0,1
1742,1336,250,153,125,147,6,0,1
1743,1336,251,154,125,147,6,0,1
1744,1336,251,155,125,147,6,0,0
1745,1336,250,154,125,147,6,0,0
1746,1335,250,155,125,147,6,0,0
1747,1335,250,155,125,147,6,0,0
1748,1335,250,155,125,147,6,0,1
1749,1335,250,155,125,147,6,0,1
1750,1335,250,155,125,147,6,0,0
1751,1335,249,155,125,147,6,0,0
1752,1335,250,155,125,147,6,0,0
1753,1335,250,155,125,147,6,0,0
1754,1335,250,155,125,147,6,0,0
1755,1335,250,155,125,147,6,0,0
1756,1335,250,155,125,147,6,0,0
1757,1335,250,155,125,147,6,0,0
1758,1335,250,155,125,147,6,0,0
1759,1335,250,155,125,147,6,0,0
1760,1335,250,155,125,147,6,0,0
1761,1335,250,155,125,147,6,0,0
1762,1335,250,155,125,147,6,0,0
1763,1335,250,155,125,147,6,0,0
1764,1335,250,154,125,147,6,0,0
1765,1335,250,154,125,147,6,0,0
1766,1335,250,155,125,147,6,0,0
1767,1335,250,155,125,147,6,0,1
1768,1334,249,154,125,147,6,0,2
1769,1334,249,154,125,147,6,0,2
1770,1334,249,155,125,147,6,0,2
1771,1334,249,155,125,147,6,0,2
1772,1335,249,155,125,147,6,0,1
1773,1335,249,155,125,147,6,0,1
1774,1335,249,154,125,147,6,0,0
1775,1335,249,155,124,147,6,0,0
1776,1335,249,155,124,147,6,0,0
1777,1335,250,155,125,147,6,0,0
1778,1335,249,154,125,147,6,0,0
1779,1335,250,154,124,147,6,0,0
1780,1335,250,155,125,147,6,0,0
1781,1335,250,154,125,147,6,0,0
1782,1335,250,155,125,147,6,0,0
1783,1335,250,154,125,147,6,0,0
1784,1336,250,154,125,147,6,0,0
1785,1336,250,154,125,147,6,0,0
1786,1336,250,154,125,147,6,0,0
1787,1336,250,154,125,147,6,0,0
1788,1336,250,153,125,147,6,0,0
1789,1336,250,153,125,147,6,0,0
1790,1336,250,153,125,147,6,0,0
1791,1336,250,153,125,147,6,0,0
1792,1335,250,154,125,147,6,0,0
1793,1335,250,154,125,147,6,0,1
1794,1335,249,154,125,147,6,0,1
1795,1335,249,154,125,147,6,0,1
1796,1334,249,154,125,147,6,0,1
1797,1334,249,154,125,147,6,0,1
1798,1334,249,154,125,147,6,0,1
1799,1335,249,154,125,147,6,0,1
1800,1336,250,155,125,147,6,0,1
1801,1335,250,154,125,147,6,0,1
1802,1336,250,154,125,147,6,0,1
1803,1336,250,154,125,147,6,0,1
1804,1336,250,153,125,147,6,0,1
1805,1336,251,153,125,147,6,0,1
1806,1336,251,153,125,147,6,0,1
1807,1336,250,153,125,147,6,0,0
1808,1336,250,153,125,147,6,0,0
1809,1336,251,153,125,147,6,0,0
1810,1336,251,155,125,147,6,0,0
1811,1336,251,155,125,147,6,0,0
1812,1336,250,154,125,147,6,0,1
1813,1336,251,154,125,147,6,0,1
1814,1336,251,154,125,147,6,0,1
1815,1336,250,153,125,147,6,0,1
1816,1336,250,155,125,147,6,0,1
1817,1336,249,153,125,147,6,0,2
1818,1335,249,153,125,147,6,0,2
1819,1335,249,154,126,147,6,0,3
1820,1335,248,153,125,147,6,0,4
1821,1335,248,154,125,147,6,0,3
1822,1335,248,154,126,147,6,0,2
1823,1334,248,155,126,147,6,0,1
1824,1334,248,155,126,147,6,0,0
1825,1334,248,155,126,147,6,0,0
1826,1334,248,154,126,147,6,0,0
1827,1334,248,154,126,147,6,0,0
1828,1334,248,155,126,147,6,0,0
1829,1334,248,154,125,147,6,0,0
1830,1334,248,154,125,147,6,0,0
1831,1335,248,154,125,147,6,0,0
1832,1334,248,155,126,147,6,0,0
1833,1335,249,155,125,147,6,0,0
1834,1335,249,154,125,147,6,0,0
1835,1335,249,153,125,147,6,0,1
1836,1335,249,153,125,147,6,0,1
1837,1336,249,154,125,147,6,0,1
1838,1336,250,153,125,147,6,0,1
1839,1336,250,153,125,147,6,0,0
1840,1335,249,154,125,147,6,0,0
1841,1336,249,153,126,147,6,0,0
1842,1335,249,153,125,147,6,0,0
1843,1335,249,154,125,147,6,0,1
1844,1335,249,154,125,147,6,0,1
1845,1335,248,154,126,147,6,0,1
1846,1335,248,154,126,147,6,0,1
1847,1335,248,154,126,147,6,0,1
1848,1335,248,153,126,147,6,0,1
1849,1334,248,154,126,147,6,0,1
1850,1334,247,154,126,147,6,0,1
1851,1334,248,154,126,147,6,0,0
1852,1334,248,153,126,147,6,0,0
1853,1334,248,153,126,147,6,0,0
1854,1334,248,153,126,147,6,0,0
1855,1334,248,154,126,147,6,0,0
1856,1334,248,153,126,147,6,0,0
1857,1334,248,153,126,147,6,0,0
1858,1335,248,153,126,147,6,0,0
1859,1334,249,154,126,147,6,0,0
1860,1335,249,154,125,147,6,0,0
1861,1335,249,153,125,147,6,0,0
1862,1335,248,153,126,147,6,0,0
1863,1334,248,154,126,147,6,0,0
1864,1334,249,155,126,147,6,0,0
1865,1334,248,154,126,147,6,0,0
1866,1334,248,154,125,147,6,0,0
1867,1334,248,154,126,147,6,0,0
1868,1334,248,154,126,147,6,0,0
1869,1334,248,154,125,147,6,0,0
1870,1334,248,154,125,147,6,0,0
1871,1334,248,154,125,147,6,0,0
1872,1334,248,153,125,147,6,0,0
1873,1334,248,153,125,147,6,0,0
1874,1334,248,153,125,147,6,0,0
1875,1334,248,153,125,147,6,0,0
1876,1334,248,153,125,147,6,0,0
1877,1334,248,154,125,147,6,0,0
1878,1334,248,153,125,147,6,0,0
1879,1334,248,153,125,147,6,0,0
1880,1334,248,153,125,147,6,0,0
1881,1335,248,153,126,147,6,0,1
1882,1335,248,153,126,147,6,0,1
1883,1335,248,154,126,147,6,0,1
1884,1335,248,153,126,147,6,0,1
1885,1335,248,153,126,147,6,0,0
1886,1335,248,153,126,147,6,0,0
1887,1335,248,153,126,147,6,0,0
1888,1335,248,154,126,147,6,0,0
1889,1335,248,153,126,147,6,0,0
1890,1335,248,153,126,147,6,0,0
1891,1335,248,153,126,147,6,0,0
1892,1335,247,152,126,147,6,0,0
1893,1334,247,153,127,147,6,0,0
1894,1334,248,153,126,147,6,0,0
1895,1334,248,153,126,147,6,0,0
1896,1334,248,154,126,147,6,0,0
1897,1334,248,154,126,147,6,0,0
1898,1334,248,154,126,147,6,0,0
1899,1334,248,154,126,147,6,0,0
1900,1334,248,154,126,147,6,0,0
1901,1334,248,153,126,147,6,0,0
1902,1334,248,153,126,147,6,0,0
1903,1335,248,153,126,147,6,0,0
1904,1335,248,153,126,147,6,0,0
1905,1335,248,153,126,147,6,0,0
1906,1335,248,153,126,147,6,0,0
1907,1335,248,153,126,147,6,0,0
1908,1335,248,153,125,147,6,0,0
1909,1335,248,153,125,147,6,0,0
1910,1335,248,155,125,147,6,0,0
1911,1335,248,155,126,147,6,0,0
1912,1335,248,155,126,147,6,0,0
1913,1335,247,155,126,147,6,0,0
1914,1334,247,155,126,147,6,0,0
1915,1335,247,154,126,147,6,0,0
1916,1335,247,154,126,147,6,0,0
1917,1334,247,154,126,147,6,0,0
1918,1335,247,153,126,147,6,0,0
1919,1335,247,153,126,147,6,0,0
1920,1335,247,153,126,147,6,0,0
1921,1334,247,153,125,147,6,0,0
1922,1334,247,153,125,147,6,0,0
1923,1334,247,153,125,147,6,0,0
1924,1334,247,154,125,147,6,0,0
1925,1334,247,153,126,147,6,0,1
1926,1334,247,153,127,147,6,0,1
1927,1334,247,153,126,147,6,0,1
1928,1334,247,153,126,147,6,0,1
1929,1334,247,153,126,147,6,0,1
1930,1334,248,153,126,147,6,0,1
1931,1334,248,153,125,147,6,0,0
1932,1334,248,154,125,147,6,0,0
1933,1334,248,154,125,147,6,0,0
1934,1334,248,154,125,147,6,0,0
1935,1334,248,154,125,147,6,0,0
1936,1334,248,154,125,147,6,0,0
1937,1334,248,154,125,147,6,0,0
1938,1334,248,154,125,147,6,0,0
1939,1334,248,154,125,147,6,0,0
1940,1334,248,154,125,147,6,0,0
1941,1334,248,154,125,147,6,0,0
1942,1334,248,155,125,147,6,0,0
1943,1334,248,155,125,147,6,0,0
1944,1335,248,153,126,147,6,0,0
1945,1335,248,154,126,147,6,0,0
1946,1335,248,153,125,147,6,0,0
1947,1335,248,153,126,147,6,0,1
1948,1335,248,153,126,147,6,0,1
1949,1335,248,153,126,147,6,0,1
1950,1335,247,154,126,147,6,0,0
1951,1335,247,154,126,147,6,0,0
1952,1335,247,154,126,147,6,0,0
1953,1335,247,154,126,147,6,0,0
1954,1335,248,154,126,147,6,0,0
1955,1335,247,154,126,147,6,0,0
1956,1335,247,154,125,147,6,0,0
1957,1335,247,154,126,147,6,0,0
1958,1335,247,154,126,147,6,0,0
1959,1335,247,154,126,147,6,0,0
1960,1335,247,154,126,147,6,0,0
1961,1335,247,154,126,147,6,0,0
1962,1335,247,154,126,147,6,0,0
1963,1335,247,154,126,147,6,0,0
1964,1335,247,154,126,147,6,0,0
1965,1335,247,153,126,147,6,0,0
1966,1335,247,154,126,147,6,0,0
1967,1335,247,154,126,147,6,0,0
1968,1335,247,154,126,147,6,0,0
1969,1335,247,154,126,147,6,0,0
1970,1335,247,155,126,147,6,0,0
1971,1334,247,155,126,147,6,0,0
1972,1334,247,155,126,147,6,0,0
1973,1334,247,154,126,147,6,0,0
1974,1334,247,155,126,147,6,0,0
1975,1334,247,155,126,147,6,0,0
1976,1334,247,155,126,147,6,0,0
1977,1334,247,155,126,147,6,0,0
1978,1334,247,154,126,147,6,0,0
1979,1334,246,154,126,147,6,0,0
1980,1334,247,154,126,147,6,0,0
1981,1334,247,154,126,147,6,0,0
1982,1334,248,154,125,147,6,0,0
1983,1335,247,153,125,147,6,0,0
1984,1335,248,153,125,147,6,0,0
1985,1335,247,153,126,147,6,0,0
1986,1335,248,153,126,147,6,0,1
1987,1335,248,153,126,147,6,0,2
1988,1336,248,153,126,147,6,0,2
1989,1336,248,153,126,147,6,0,2
1990,1335,248,154,126,147,6,0,1
1991,1335,248,153,126,147,6,0,1
1992,1335,248,153,126,147,6,0,1
1993,1335,247,154,127,147,6,0,1
1994,1335,247,153,126,147,6,0,1
1995,1335,247,152,126,147,6,0,2
1996,1334,246,153,126,147,6,0,2
1997,1334,246,153,127,147,6,0,2
1998,1334,246,153,127,147,6,0,1
1999,1334,246,153,127,147,6,0,0
2000,1334,247,153,126,147,6,0,0
2001,1334,247,152,126,147,6,0,0
2002,1334,247,152,126,147,6,0,1
2003,1335,248,153,126,147,6,0,0
2004,1335,247,154,126,147,6,0,0
2005,1335,247,153,126,147,6,0,0
2006,1335,247,154,127,147,6,0,0
2007,1335,247,154,127,147,6,0,1
2008,1335,248,154,127,147,6,0,1
2009,1335,248,155,127,147,6,0,1
2010,1335,248,155,127,147,6,0,1
2011,1335,248,154,127,147,6,0,1
2012,1335,248,154,127,147,6,0,1
2013,1335,248,154,127,147,6,0,2
2014,1335,247,154,127,147,6,0,2
2015,1335,247,154,126,147,6,0,2
2016,1335,247,153,127,147,6,0,2
2017,1335,247,153,127,147,6,0,2
2018,1335,247,153,127,147,6,0,2
2019,1334,247,153,127,147,6,0,1
2020,1334,247,153,126,147,6,0,0
2021,1334,247,154,126,147,6,0,0
2022,1334,247,153,126,147,6,0,0
2023,1334,247,153,126,147,6,0,0
2024,1334,247,153,126,147,6,0,0
2025,1334,247,153,127,147,6,0,0
2026,1334,247,153,126,147,6,0,0
2027,1335,247,154,127,147,6,0,0
2028,1335,247,153,127,147,6,0,1
2029,1335,247,154,127,147,6,0,0
2030,1336,247,154,127,147,6,0,0
2031,1335,247,154,127,147,6,0,0
2032,1335,248,154,127,147,6,0,0
2033,1336,247,154,127,147,6,0,0
2034,1335,247,155,127,147,6,0,0
2035,1335,248,154,126,147,6,0,0
2036,1335,248,154,126,147,6,0,0
2037,1335,247,155,127,147,6,0,0
2038,1335,247,154,127,147,6,0,0
2039,1335,247,154,127,147,6,0,0
2040,1336,247,154,127,147,6,0,0
2041,1335,247,154,127,147,6,0,0
2042,1335,247,155,127,147,6,0,0
2043,1334,247,154,126,147,6,0,0
2044,1334,247,154,126,147,6,0,0
2045,1334,247,154,126,147,6,0,0
2046,1334,247,154,126,147,6,0,0
2047,1334,247,154,126,147,6,0,0
2048,1334,247,154,126,147,6,0,0
2049,1334,247,154,126,147,6,0,0
2050,1335,247,154,127,147,6,0,0
2051,1335,247,155,127,147,6,0,0
2052,1335,248,154,127,147,6,0,0
2053,1335,247,154,127,147,6,0,0
2054,1335,247,155,126,147,6,0,0
2055,1335,247,155,127,147,6,0,0
2056,1335,248,154,127,147,6,0,0
2057,1335,248,153,127,147,6,0,0
2058,1335,248,153,127,147,6,0,1
2059,1335,248,153,127,147,6,0,1
2060,1335,248,154,127,147,6,0,2
2061,1335,248,154,127,147,6,0,3
2062,1335,247,154,126,147,6,0,3
2063,1335,247,153,125,147,6,0,3
2064,1335,247,154,126,147,6,0,3
2065,1335,247,153,126,147,6,0,3
2066,1334,247,154,126,147,6,0,3
2067,1334,247,154,126,147,6,0,2
2068,1334,247,154,126,147,6,0,1
2069,1334,247,154,126,147,6,0,0
2070,1334,247,154,126,147,6,0,0
2071,1334,247,154,126,147,6,0,0
2072,1334,247,154,126,147,6,0,0
2073,1334,247,154,126,147,6,0,0
2074,1334,247,154,126,147,6,0,0
2075,1334,247,155,126,147,6,0,0
2076,1335,247,156,126,147,6,0,0
2077,1335,247,156,126,147,6,0,0
2078,1335,247,155,126,147,6,0,0
2079,1335,247,155,126,147,6,0,0
2080,1335,247,156,126,147,6,0,0
2081,1335,248,156,127,147,6,0,0
2082,1335,248,154,126,147,6,0,0
2083,1335,247,155,126,147,6,0,0
2084,1335,248,154,126,147,6,0,0
2085,1335,248,155,125,147,6,0,0
2086,1335,248,155,125,147,6,0,0
2087,1334,248,155,125,147,6,0,0
2088,1335,248,155,125,147,6,0,0
2089,1334,248,155,125,147,6,0,1
2090,1334,247,155,125,147,6,0,1
2091,1334,247,155,125,147,6,0,2
2092,1334,247,156,125,147,6,0,2
2093,1334,247,155,125,147,6,0,2
2094,1334,247,155,125,147,6,0,1
2095,1334,247,155,125,147,6,0,1
2096,1334,247,155,125,147,6,0,0
2097,1335,247,155,125,147,6,0,0
2098,1335,247,155,125,147,6,0,0
2099,1335,247,155,125,147,6,0,1
2100,1335,248,154,125,147,6,0,1
2101,1335,248,155,126,147,6,0,1
2102,1335,247,155,126,147,6,0,1
2103,1335,248,154,126,147,6,0,1
2104,1335,248,155,126,147,6,0,1
2105,1335,248,156,126,147,6,0,1
2106,1335,248,155,126,147,6,0,0
2107,1335,247,155,126,147,6,0,0
2108,1335,247,155,126,147,6,0,0
2109,1335,247,155,126,147,6,0,0
2110,1335,247,154,126,147,6,0,0
2111,1335,247,154,126,147,6,0,0
2112,1335,247,153,126,147,6,0,0
2113,1334,247,153,126,147,6,0,0
2114,1334,247,154,126,147,6,0,0
2115,1334,247,154,126,147,6,0,0
2116,1334,247,154,126,147,6,0,0
2117,1334,247,154,126,147,6,0,0
2118,1334,247,154,126,147,6,0,0
2119,1334,247,154,126,147,6,0,1
2120,1334,247,154,127,147,6,0,0
2121,1334,247,154,127,147,6,0,0
2122,1335,247,154,126,147,6,0,0
2123,1335,247,155,126,147,6,0,0
2124,1335,247,154,127,147,6,0,0
2125,1335,247,154,127,147,6,0,0
2126,1334,247,156,128,147,6,0,0
2127,1334,247,155,126,147,6,0,0
2128,1334,247,155,126,147,6,0,0
2129,1336,247,153,127,147,6,0,0
2130,1335,247,154,126,147,6,0,0
2131,1334,247,155,126,147,6,0,0
2132,1334,247,155,126,147,6,0,0
2133,1334,247,154,127,147,6,0,0
2134,1334,247,155,127,147,6,0,0
2135,1334,247,154,126,147,6,0,0
2136,1334,247,155,126,147,6,0,0
2137,1334,247,155,126,147,6,0,0
2138,1334,247,155,126,147,6,0,0
2139,1334,247,155,126,147,6,0,0
2140,1334,247,155,126,147,6,0,0
2141,1334,247,155,126,147,6,0,0
2142,1334,246,154,126,147,6,0,0
2143,1334,246,154,127,147,6,0,0
2144,1334,246,154,126,147,6,0,0
2145,1334,247,154,126,147,6,0,0
2146,1334,247,154,126,147,6,0,1
2147,1334,247,154,126,147,6,0,1
2148,1335,247,154,127,147,6,0,2
2149,1335,247,154,127,147,6,0,2
2150,1335,247,155,127,147,6,0,2
2151,1334,247,155,127,147,6,0,2
2152,1335,247,155,128,147,6,0,2
2153,1335,247,155,128,147,6,0,2
2154,1335,247,155,128,147,6,0,2
2155,1335,247,155,128,147,6,0,1
2156,1335,247,155,128,147,6,0,1
2157,1334,247,155,127,147,6,0,0
2158,1334,247,155,127,147,6,0,0
2159,1334,247,154,127,147,6,0,0
2160,1334,247,156,127,147,6,0,1
2161,1334,247,156,127,147,6,0,1
2162,1334,247,155,126,147,6,0,2
2163,1334,247,155,126,147,6,0,2
2164,1334,247,155,126,147,6,0,2
2165,1334,247,154,126,147,6,0,2
2166,1334,247,154,126,147,6,0,2
2167,1334,247,154,125,147,6,0,1
2168,1335,247,154,125,147,6,0,0
2169,1335,247,154,125,147,6,0,0
2170,1335,247,154,125,147,6,0,0
2171,1334,248,155,125,147,6,0,0
2172,1335,248,155,125,147,6,0,1
2173,1335,248,155,125,147,6,0,1
2174,1335,248,155,126,147,6,0,1
2175,1335,248,155,125,147,6,0,1
2176,1335,248,155,125,147,6,0,0
2177,1335,248,155,126,147,6,0,0
2178,1335,248,155,126,147,6,0,0
2179,1335,248,155,126,147,6,0,0
2180,1335,248,155,125,147,6,0,0
2181,1335,248,155,125,147,6,0,0
2182,1335,248,155,125,147,6,0,0
2183,1335,248,155,125,147,6,0,0
2184,1335,248,154,125,147,6,0,0
2185,1335,248,154,125,147,6,0,0
2186,1335,247,154,126,147,6,0,0
2187,1335,248,154,125,147,6,0,0
2188,1335,248,154,125,147,6,0,0
2189,1335,248,154,125,147,6,0,0
2190,1335,248,155,125,147,6,0,0
2191,1335,248,155,125,147,6,0,0
2192,1335,248,155,126,147,6,0,0
2193,1335,248,155,126,147,6,0,0
2194,1335,248,155,126,147,6,0,0
2195,1335,248,155,126,147,6,0,0
2196,1335,248,154,125,147,6,0,0
2197,1335,249,154,125,147,6,0,0
2198,1335,249,154,125,147,6,0,0
2199,1335,249,154,125,147,6,0,0
2200,1335,249,154,125,147,6,0,0
2201,1335,249,154,125,147,6,0,0
2202,1335,248,154,126,147,6,0,0
2203,1335,248,154,125,147,6,0,1
2204,1335,248,154,125,147,6,0,1
2205,1335,248,154,125,147,6,0,1
2206,1335,248,154,126,147,6,0,1
2207,1335,248,155,126,147,6,0,0
2208,1335,248,156,126,147,6,0,0
2209,1335,248,155,126,147,6,0,0
2210,1335,248,156,126,147,6,0,0
2211,1335,248,156,125,147,6,0,1
2212,1334,247,155,126,147,6,0,1
2213,1334,247,155,126,147,6,0,1
2214,1334,248,155,126,147,6,0,0
2215,1334,248,155,125,147,6,0,0
2216,1333,248,155,126,147,6,0,0
2217,1334,248,155,126,147,6,0,1
2218,1333,248,155,126,147,6,0,1
2219,1333,248,155,126,147,6,0,1
2220,1333,247,156,126,147,6,0,0
2221,1334,247,156,126,147,6,0,0
2222,1334,247,156,126,147,6,0,0
2223,1334,247,155,126,147,6,0,0
2224,1334,247,155,126,147,6,0,0
2225,1335,247,155,126,147,6,0,0
2226,1334,247,155,126,147,6,0,0
2227,1334,247,155,126,147,6,0,0
2228,1335,247,155,126,147,6,0,0
2229,1334,247,155,126,147,6,0,0
2230,1335,247,155,126,147,6,0,0
2231,1334,247,156,126,147,6,0,0
2232,1335,247,156,126,147,6,0,0
2233,1335,248,156,126,147,6,0,0
2234,1335,248,156,125,147,6,0,0
2235,1334,247,156,126,147,6,0,0
2236,1334,247,156,125,147,6,0,0
2237,1334,247,156,125,147,6,0,0
2238,1334,247,156,125,147,6,0,0
2239,1334,247,156,125,147,6,0,1
2240,1334,247,155,125,147,6,0,0
2241,1334,247,155,125,147,6,0,0
2242,1334,248,155,124,147,6,0,0
2243,1334,248,155,125,147,6,0,0
2244,1334,248,156,125,147,6,0,0
2245,1334,248,156,125,147,6,0,0
2246,1334,248,156,125,147,6,0,0
2247,1334,248,156,124,147,6,0,0
2248,1333,248,156,124,147,6,0,0
2249,1333,248,156,124,147,6,0,0
2250,1334,248,155,125,147,6,0,0
2251,1334,248,155,125,147,6,0,0
2252,1334,248,155,125,147,6,0,0
2253,1334,248,155,124,147,6,0,0
2254,1334,248,155,125,147,6,0,0
2255,1334,248,156,125,147,6,0,0
2256,1334,248,156,125,147,6,0,0
2257,1334,248,155,125,147,6,0,0
2258,1334,248,155,125,147,6,0,0
2259,1335,248,155,125,147,6,0,0
2260,1334,248,155,125,147,6,0,0
2261,1334,248,155,125,147,6,0,0
2262,1334,248,156,125,147,6,0,0
2263,1334,248,156,125,147,6,0,0
2264,1334,247,156,125,147,6,0,0
2265,1334,248,156,125,147,6,0,0
2266,1334,248,156,125,147,6,0,0
2267,1334,248,156,125,147,6,0,0
2268,1334,248,156,125,147,6,0,0
2269,1334,248,156,125,147,6,0,0
2270,1334,248,155,125,147,6,0,0
2271,1334,248,156,125,147,6,0,0
2272,1334,248,155,125,147,6,0,0
2273,1334,248,155,125,147,6,0,0
2274,1334,248,155,125,147,6,0,0
2275,1334,248,155,125,147,6,0,0
2276,1334,248,155,125,147,6,0,0
2277,1335,248,155,124,147,6,0,0
2278,1335,248,155,124,147,6,0,0
2279,1335,248,155,124,147,6,0,0
2280,1335,248,155,124,147,6,0,0
2281,1335,248,155,124,147,6,0,0
2282,1334,248,155,125,147,6,0,0
2283,1334,248,155,125,147,6,0,0
2284,1334,248,155,125,147,6,0,0
2285,1334,248,156,125,147,6,0,0
2286,1334,248,156,125,147,6,0,0
2287,1334,248,156,125,147,6,0,0
2288,1334,248,155,125,147,6,0,0
2289,1334,248,155,125,147,6,0,0
2290,1334,248,155,125,147,6,0,0
2291,1334,248,155,125,147,6,0,0
2292,1334,248,156,124,147,6,0,0
2293,1334,248,156,124,147,6,0,0
2294,1334,248,156,125,147,6,0,0
2295,1335,248,155,124,147,6,0,0
2296,1334,248,156,124,147,6,0,0
2297,1334,249,155,124,147,6,0,0
2298,1334,249,156,124,147,6,0,0
2299,1334,248,156,124,147,6,0,0
2300,1334,248,156,124,147,6,0,0
2301,1334,248,156,125,147,6,0,0
2302,1335,248,155,124,147,6,0,0
2303,1335,248,156,124,147,6,0,0
2304,1335,248,156,124,147,6,0,0
2305,1335,248,156,124,147,6,0,0
2306,1335,248,156,124,147,6,0,0
2307,1335,248,155,124,147,6,0,0
2308,1335,248,155,124,147,6,0,0
2309,1335,248,155,124,147,6,0,0
2310,1335,248,155,125,147,6,0,0
2311,1334,248,156,125,147,6,0,0
2312,1335,248,155,124,147,6,0,0
2313,1335,248,155,124,147,6,0,0
2314,1335,248,155,124,147,6,0,0
2315,1335,248,156,124,147,6,0,0
2316,1335,248,156,125,147,6,0,0
2317,1335,248,155,125,147,6,0,0
2318,1335,248,155,125,147,6,0,0
2319,1335,248,155,125,147,6,0,0
2320,1335,248,155,125,147,6,0,0
2321,1335,248,156,125,147,6,0,0
2322,1335,248,155,125,147,6,0,0
2323,1335,248,155,125,147,6,0,0
2324,1335,248,155,125,147,6,0,0
2325,1335,248,155,124,147,6,0,0
2326,1335,248,155,125,147,6,0,0
2327,1335,248,156,125,147,6,0,0
2328,1335,248,155,125,147,6,0,0
2329,1335,248,155,125,147,6,0,0
2330,1335,248,155,125,147,6,0,0
2331,1335,248,155,125,147,6,0,0
0,508,327,180,181,148,3,8,0
1,508,327,181,181,148,3,8,0
2,508,327,181,181,148,3,8,0
3,508,327,181,181,148,3,8,0
4,509,328,181,180,148,3,8,0
5,509,328,181,181,148,3,8,0
6,509,328,180,180,148,3,8,0
7,509,328,181,181,148,3,8,0
8,509,328,181,180,148,3,8,0
9,509,328,181,180,148,3,8,0
10,509,328,181,180,148,3,8,0
11,509,328,181,180,148,3,8,0
12,509,328,181,181,148,3,8,0
13,508,328,181,181,148,3,8,0
14,509,328,180,181,148,3,8,0
15,509,328,180,181,148,3,8,0
16,509,328,181,181,148,3,8,0
17,509,328,181,181,148,3,8,0
18,508,328,181,181,148,3,8,0
19,508,328,181,181,148,3,8,0
20,508,328,181,181,148,3,8,0
21,508,327,181,181,148,3,8,0
22,508,327,181,181,148,3,8,0
23,508,327,181,181,148,3,8,0
24,508,327,180,181,148,3,8,0
25,508,327,180,181,148,3,8,0
26,508,327,180,181,148,3,8,0
27,508,327,180,181,148,3,8,0
28,508,327,180,181,148,3,8,0
29,508,327,180,181,148,3,8,0
30,508,327,180,181,148,3,8,0
31,509,327,180,181,148,3,8,0
32,509,327,180,181,148,3,8,0
33,509,327,180,181,148,3,8,0
34,509,328,180,181,148,3,8,0
35,509,328,180,181,148,3,8,0
36,509,328,181,180,148,3,8,0
37,509,328,181,181,148,3,8,0
38,509,328,181,181,148,3,8,0
39,508,328,181,181,148,3,8,0
40,508,328,181,181,148,3,8,0
41,509,328,180,181,148,3,8,0
42,509,328,180,180,148,3,8,0
43,509,328,180,180,148,3,8,0
44,509,328,180,181,148,3,8,0
45,508,327,181,181,148,3,8,0
46,509,327,180,181,148,3,8,0
47,509,327,180,181,148,3,8,0
48,508,327,181,181,148,3,8,0
49,508,327,181,181,148,3,8,0
50,509,327,180,181,148,3,8,0
51,509,327,180,181,148,3,8,0
52,509,327,181,181,148,3,8,0
53,509,327,181,181,148,3,8,0
54,509,327,181,181,148,3,8,0
55,508,327,181,181,148,3,8,0
56,508,327,181,181,148,3,8,0
57,509,327,181,181,148,3,8,0
58,509,327,181,181,148,3,8,0
59,509,327,180,181,148,3,8,0
60,508,327,181,181,148,3,8,0
61,508,327,181,181,148,3,8,0
62,509,327,181,181,148,3,8,0
63,508,327,181,181,148,3,8,0
64,508,327,181,181,148,3,8,0
65,508,326,181,181,148,3,8,0
66,508,326,181,181,148,3,8,0
67,508,326,181,181,148,3,8,0
68,509,326,181,181,148,3,8,0
69,509,326,180,181,148,3,8,0
70,508,326,181,181,148,3,8,0
71,508,326,181,181,148,3,8,0
72,508,326,181,181,148,3,8,0
73,508,326,181,181,148,3,8,0
74,508,326,181,181,148,3,8,0
75,507,326,181,181,148,3,8,0
76,508,327,181,181,148,3,8,0
77,508,327,181,181,148,3,8,0
78,509,327,180,181,148,3,8,0
79,508,327,181,181,148,3,8,0
80,508,327,181,181,148,3,8,0
81,508,327,181,181,148,3,8,0
82,508,327,181,181,148,3,8,0
83,508,327,181,181,148,3,8,0
84,508,327,181,181,148,3,8,0
85,508,327,181,181,148,3,8,0
86,508,327,181,181,148,3,8,0
87,507,327,182,181,148,3,8,0
88,508,327,181,181,148,3,8,0
89,507,327,182,181,148,3,8,0
90,507,326,181,181,148,3,8,0
91,507,326,181,181,148,3,8,0
92,507,326,181,181,148,3,8,0
93,507,326,181,181,148,3,8,0
94,507,326,182,182,148,3,8,0
95,507,326,181,181,148,3,8,0
96,507,326,181,181,148,3,8,0
97,507,327,182,181,148,3,8,0
98,507,327,181,181,148,3,8,0
99,507,327,182,181,148,3,8,0
100,507,327,182,181,148,3,8,0
101,507,327,182,181,148,3,8,0
102,507,327,182,180,148,3,8,0
103,508,327,181,181,148,3,8,0
104,508,327,182,181,148,3,8,0
105,509,327,181,181,148,3,8,0
106,509,327,181,181,148,3,8,0
107,509,327,181,181,148,3,8,0
108,509,327,180,181,148,3,8,0
109,509,327,180,181,148,3,8,0
110,509,327,180,181,148,3,8,0
111,509,327,181,181,148,3,8,0
112,509,327,181,181,148,3,8,0
113,509,327,181,181,148,3,8,0
114,509,327,180,181,148,3,8,0
115,509,327,180,181,148,3,8,0
116,509,327,180,181,148,3,8,0
117,509,327,180,181,148,3,8,0
118,509,327,180,181,148,3,8,0
119,509,327,180,181,148,3,8,0
120,508,327,181,181,148,3,8,0
121,509,327,181,181,148,3,8,0
122,509,327,181,181,148,3,8,0
123,508,327,181,181,148,3,8,0
124,509,327,181,181,148,3,8,0
125,509,327,181,181,148,3,8,0
126,509,327,180,181,148,3,8,0
127,509,327,181,181,148,3,8,0
128,509,327,181,181,148,3,8,0
129,509,327,181,180,148,3,8,0
130,509,327,182,181,148,3,8,0
131,509,327,182,180,148,3,8,0
132,509,327,182,181,148,3,8,0
133,509,327,182,181,148,3,8,0
134,509,327,181,181,148,3,8,0
135,509,327,181,181,148,3,8,0
136,509,327,182,181,148,3,8,0
137,509,327,182,181,148,3,8,0
138,509,327,182,181,148,3,8,0
139,509,327,182,181,148,3,8,0
140,509,327,181,181,148,3,8,0
141,508,327,182,181,148,3,8,0
142,509,327,182,181,148,3,8,0
143,509,327,182,181,148,3,8,0
144,509,327,181,181,148,3,8,0
145,509,327,181,181,148,3,8,0
146,509,327,181,180,148,3,8,0
147,509,327,181,181,148,3,8,0
148,509,327,181,181,148,3,8,0
149,509,327,181,181,148,3,8,0
150,509,327,181,181,148,3,8,0
151,509,327,181,181,148,3,8,0
152,509,327,181,181,148,3,8,0
153,509,327,181,181,148,3,8,0
154,509,327,181,181,148,3,8,0
155,509,327,181,181,148,3,8,0
156,509,327,181,181,148,3,8,0
157,509,327,181,180,148,3,8,0
158,509,327,181,181,148,3,8,0
159,508,327,181,180,148,3,8,0
160,508,327,181,181,148,3,8,0
161,508,327,181,181,148,3,8,0
162,508,327,181,181,148,3,8,0
163,509,327,181,181,148,3,8,0
164,508,327,181,181,148,3,8,0
165,508,327,181,180,148,3,8,0
166,508,327,181,180,148,3,8,0
167,509,327,181,181,148,3,8,0
168,509,327,181,181,148,3,8,0
169,509,327,181,181,148,3,8,0
170,509,327,181,181,148,3,8,0
171,509,327,181,181,148,3,8,0
172,509,327,181,181,148,3,8,0
173,509,327,181,181,148,3,8,0
174,509,327,181,181,148,3,8,0
175,510,327,181,181,148,3,8,0
176,509,327,182,181,148,3,8,0
177,509,327,181,181,148,3,8,0
178,508,328,181,181,148,3,8,0
179,508,328,181,181,148,3,8,0
180,508,327,182,181,148,3,8,0
181,509,327,181,181,148,3,8,0
182,509,327,181,181,148,3,8,0
183,508,328,181,181,148,3,8,0
184,509,327,180,181,148,3,8,0
185,509,327,180,181,148,3,8,0
186,509,327,181,181,148,3,8,0
187,507,327,181,181,148,3,8,0
188,508,327,181,181,148,3,8,0
189,507,327,182,181,148,3,8,0
190,507,327,182,180,148,3,8,0
191,508,327,180,181,148,3,8,0
192,508,327,180,181,148,3,8,0
193,508,327,180,181,148,3,8,0
194,508,327,180,181,148,3,8,0
195,508,327,180,181,148,3,8,0
196,508,327,181,181,148,3,8,0
197,508,327,181,181,148,3,8,0
198,508,327,181,181,148,3,8,0
199,508,327,181,181,148,3,8,0
200,508,327,181,181,148,3,8,0
201,506,327,183,180,148,3,8,0
202,506,327,183,180,148,3,8,0
203,506,327,182,181,148,3,8,0
204,507,327,182,181,148,3,8,0
205,507,327,181,181,148,3,8,0
206,507,328,181,181,148,3,8,0
207,507,327,181,181,148,3,8,0
208,507,327,182,181,148,3,8,0
209,507,327,181,181,148,3,8,0
210,507,327,181,181,148,3,8,0
211,508,327,181,181,148,3,8,0
212,508,327,181,181,148,3,8,0
213,508,327,181,181,148,3,8,0
214,508,327,181,181,148,3,8,0
215,508,327,181,181,148,3,8,0
216,508,327,181,181,148,3,8,0
217,508,327,181,181,148,3,8,0
218,508,327,181,181,148,3,8,0
219,508,327,181,181,148,3,8,0
220,508,327,181,181,148,3,8,0
221,508,327,181,181,148,3,8,0
222,508,327,181,181,148,3,8,0
223,508,327,181,181,148,3,8,0
224,509,327,180,181,148,3,8,0
225,509,327,180,181,148,3,8,0
226,509,327,181,181,148,3,8,0
227,509,327,181,181,148,3,8,0
228,509,327,180,181,148,3,8,0
229,509,327,181,182,148,3,8,0
230,509,327,180,182,148,3,8,0
231,509,327,181,181,148,3,8,0
232,508,327,181,181,148,3,8,0
233,508,327,181,181,148,3,8,0
234,508,327,181,181,148,3,8,0
235,508,327,181,181,148,3,8,0
236,508,327,181,181,148,3,8,0
237,508,327,181,182,148,3,8,0
238,508,327,181,182,148,3,8,0
239,508,326,181,182,148,3,8,0
240,508,327,181,181,148,3,8,0
241,508,327,181,181,148,3,8,0
242,508,327,182,181,148,3,8,0
243,508,327,181,181,148,3,8,0
244,508,327,181,181,148,3,8,0
245,508,326,181,181,148,3,8,0
246,508,326,181,181,148,3,8,0
247,508,326,181,181,148,3,8,0
248,508,327,181,181,148,3,8,0
249,508,327,182,181,148,3,8,0
250,509,327,181,182,148,3,8,0
251,508,327,181,182,148,3,8,0
252,507,327,182,181,148,3,8,0
253,508,327,182,181,148,3,8,0
254,508,327,182,181,148,3,8,0
255,508,327,182,181,148,3,8,0
256,508,327,182,181,148,3,8,0
257,508,327,181,181,148,3,8,0
258,507,327,183,180,148,3,8,0
259,507,327,182,180,148,3,8,0
260,507,327,182,180,148,3,8,0
261,507,327,182,181,148,3,8,0
262,507,327,183,181,148,3,8,0
263,507,327,182,181,148,3,8,0
264,507,327,183,181,148,3,8,0
265,506,327,183,181,148,3,8,0
266,508,327,181,181,148,3,8,0
267,509,327,181,181,148,3,8,0
268,508,327,182,181,148,3,8,0
269,508,327,182,181,148,3,8,0
270,508,327,182,181,148,3,8,0
271,508,327,182,181,148,3,8,0
272,508,327,181,181,148,3,8,0
273,508,327,181,181,148,3,8,0
274,507,327,181,181,148,3,8,0
275,508,327,181,181,148,3,8,0
276,506,327,183,181,148,3,8,0
277,506,327,183,181,148,3,8,0
278,506,327,183,181,148,3,8,0
279,506,327,183,181,148,3,8,0
280,507,327,183,181,148,3,8,0
281,507,327,182,181,148,3,8,0
282,507,327,183,181,148,3,8,0
283,507,327,183,181,148,3,8,0
284,507,327,183,180,148,3,8,0
285,507,327,183,180,148,3,8,0
286,507,327,183,180,148,3,8,0
287,507,328,183,180,148,3,8,0
288,507,328,183,180,148,3,8,0
289,507,328,183,180,148,3,8,0
290,507,328,183,180,148,3,8,0
291,507,328,183,180,148,3,8,0
292,507,328,183,180,148,3,8,0
293,507,328,183,180,148,3,8,0
294,508,327,182,181,148,3,8,0
295,507,328,183,180,148,3,8,0
296,507,327,183,181,148,3,8,0
297,508,327,182,181,148,3,8,0
298,508,327,182,181,148,3,8,0
299,508,327,182,181,148,3,8,0
300,507,327,183,181,148,3,8,0
301,507,327,183,181,148,3,8,0
302,507,327,183,181,148,3,8,0
303,507,327,183,181,148,3,8,0
304,507,327,183,181,148,3,8,0
305,507,327,183,181,148,3,8,0
306,507,327,183,181,148,3,8,0
307,507,327,183,181,148,3,8,0
308,507,327,183,181,148,3,8,0
309,507,327,183,181,148,3,8,0
310,507,327,183,180,148,3,8,0
311,507,327,183,180,148,3,8,0
312,507,327,183,180,148,3,8,0
313,507,327,183,180,148,3,8,0
314,507,327,182,180,148,3,8,0
315,507,327,182,180,148,3,8,0
316,506,327,183,180,148,3,8,0
317,506,327,183,180,148,3,8,0
318,506,327,183,180,148,3,8,0
319,506,327,183,180,148,3,8,0
320,506,327,183,181,148,3,8,0
321,506,327,183,180,148,3,8,0
322,507,327,181,181,148,3,8,0
323,507,327,181,181,148,3,8,0
324,508,326,181,181,148,3,8,0
325,508,327,180,181,148,3,8,0
326,508,326,181,181,148,3,8,0
327,508,327,180,181,148,3,8,0
328,507,327,181,181,148,3,8,0
329,507,327,181,181,148,3,8,0
330,507,327,181,181,148,3,8,0
331,507,327,181,181,148,3,8,0
332,507,327,181,181,148,3,8,0
333,507,327,181,181,148,3,8,0
334,506,327,183,181,148,3,8,0
335,506,327,183,181,148,3,8,0
336,507,327,181,181,148,3,8,0
337,508,327,181,181,148,3,8,0
338,508,327,181,181,148,3,8,0
339,508,327,181,181,148,3,8,0
340,508,327,181,181,148,3,8,0
341,508,327,181,181,148,3,8,0
342,508,327,181,181,148,3,8,0
343,508,327,181,181,148,3,8,0
344,508,327,181,181,148,3,8,0
345,508,327,181,181,148,3,8,0
346,508,327,181,181,148,3,8,0
347,508,327,181,181,148,3,8,0
348,508,327,181,180,148,3,8,0
349,508,327,181,181,148,3,8,0
350,508,327,181,181,148,3,8,0
351,508,327,181,181,148,3,8,0
352,508,328,181,181,148,3,8,0
353,508,328,181,181,148,3,8,0
354,509,328,181,181,148,3,8,0
355,509,328,181,181,148,3,8,0
356,509,328,181,181,148,3,8,0
357,508,328,181,181,148,3,8,0
358,508,328,181,181,148,3,8,0
359,508,327,181,181,148,3,8,0
360,509,327,180,181,148,3,8,0
361,509,327,180,181,148,3,8,0
362,509,327,180,181,148,3,8,0
363,509,327,181,181,148,3,8,0
364,508,327,181,181,148,3,8,0
365,508,328,181,181,148,3,8,0
366,508,328,181,181,148,3,8,0
367,508,327,181,181,148,3,8,0
368,509,327,180,181,148,3,8,0
369,508,327,181,181,148,3,8,0
370,508,327,181,181,148,3,8,0
371,508,327,181,181,148,3,8,0
372,507,327,182,181,148,3,8,0
373,507,327,182,181,148,3,8,0
374,506,327,182,181,148,3,8,0
375,506,327,182,181,148,3,8,0
376,506,327,182,181,148,3,8,0
377,506,327,182,181,148,3,8,0
378,507,327,182,181,148,3,8,0
379,507,327,182,181,148,3,8,0
380,507,327,182,181,148,3,8,0
381,507,327,182,181,148,3,8,0
382,507,327,182,181,148,3,8,0
383,507,328,182,180,148,3,8,0
384,508,327,181,181,148,3,8,0
385,508,327,181,181,148,3,8,0
386,508,327,181,181,148,3,8,0
387,508,327,181,181,148,3,8,0
388,508,328,181,181,148,3,8,0
389,508,328,181,181,148,3,8,0
390,509,327,181,181,148,3,8,0
391,508,327,181,181,148,3,8,0
392,507,327,182,181,148,3,8,0
393,508,327,181,181,148,3,8,0
394,508,328,181,181,148,3,8,0
395,508,328,182,181,148,3,8,0
396,506,328,183,181,148,3,8,0
397,507,327,183,181,148,3,8,0
398,507,327,182,181,148,3,8,0
399,507,327,182,181,148,3,8,0
400,507,327,182,181,148,3,8,0
401,507,327,182,181,148,3,8,0
402,507,328,182,180,148,3,8,0
403,508,327,182,181,148,3,8,0
404,507,327,182,181,148,3,8,0
405,507,327,182,181,148,3,8,0
406,507,328,182,181,148,3,8,0
407,507,328,182,181,148,3,8,0
408,508,328,182,181,148,3,8,0
409,508,328,182,181,148,3,8,0
410,508,328,182,181,148,3,8,0
411,508,328,182,181,148,3,8,0
412,507,328,183,181,148,3,8,0
413,507,328,183,181,148,3,8,0
414,506,328,183,181,148,3,8,0
415,506,328,183,181,148,3,8,0
416,506,327,182,182,148,3,8,0
417,507,327,181,181,148,3,8,0
418,507,327,181,181,148,3,8,0
419,507,328,181,181,148,3,8,0
420,507,327,182,181,148,3,8,0
421,506,327,182,181,148,3,8,0
422,506,327,182,181,148,3,8,0
423,506,328,183,181,148,3,8,0
424,507,328,182,181,148,3,8,0
425,507,327,182,181,148,3,8,0
426,507,327,182,181,148,3,8,0
427,508,327,181,181,148,3,8,0
428,508,328,181,181,148,3,8,0
429,508,328,181,181,148,3,8,0
430,508,328,181,181,148,3,8,0
431,508,328,181,181,148,3,8,0
432,507,328,182,181,148,3,8,0
433,507,328,182,181,148,3,8,0
434,507,328,182,181,148,3,8,0
435,507,327,182,181,148,3,8,0
436,507,327,182,181,148,3,8,0
437,507,327,182,181,148,3,8,0
438,507,327,182,181,148,3,8,0
439,506,327,183,181,148,3,8,0
440,506,327,182,181,148,3,8,0
441,506,327,183,181,148,3,8,0
442,506,327,182,181,148,3,8,0
443,506,327,182,181,148,3,8,0
444,506,327,183,181,148,3,8,0
445,506,327,182,181,148,3,8,0
446,506,327,182,181,148,3,8,0
447,506,327,182,181,148,3,8,0
448,507,327,182,181,148,3,8,0
449,507,327,182,181,148,3,8,0
450,506,327,183,181,148,3,8,0
451,508,327,181,181,148,3,8,0
452,508,327,181,181,148,3,8,0
453,508,327,181,181,148,3,8,0
454,508,327,181,181,148,3,8,0
455,507,328,182,181,148,3,8,0
456,507,328,182,181,148,3,8,0
457,507,327,182,181,148,3,8,0
458,508,327,181,181,148,3,8,0
459,508,327,181,181,148,3,8,0
460,508,327,181,181,148,3,8,0
461,508,327,181,181,148,3,8,0
462,507,327,182,181,148,3,8,0
463,507,327,182,180,148,3,8,0
464,508,327,181,181,148,3,8,0
465,507,327,182,180,148,3,8,0
466,506,327,182,180,148,3,8,0
467,506,327,182,181,148,3,8,0
468,506,327,182,181,148,3,8,0
469,506,328,182,181,148,3,8,0
470,506,328,182,181,148,3,8,0
471,506,327,182,181,148,3,8,0
472,507,328,182,181,148,3,8,0
473,508,328,181,181,148,3,8,0
474,507,328,182,181,148,3,8,0
475,507,328,182,181,148,3,8,0
476,507,328,182,181,148,3,8,0
477,507,328,182,181,148,3,8,0
478,507,328,183,181,148,3,8,0
479,507,328,183,181,148,3,8,0
480,508,327,181,181,148,3,8,0
481,508,328,181,181,148,3,8,0
482,508,328,181,181,148,3,8,0
483,508,328,181,181,148,3,8,0
484,507,327,182,181,148,3,8,0
485,507,327,182,181,148,3,8,0
486,507,327,182,181,148,3,8,0
487,507,327,182,181,148,3,8,0
488,507,327,181,181,148,3,8,0
489,507,326,182,181,148,3,8,0
490,507,326,181,181,148,3,8,0
491,507,327,181,181,148,3,8,0
492,506,327,183,181,148,3,8,0
493,506,327,183,181,148,3,8,0
494,506,327,183,181,148,3,8,0
495,507,327,182,181,148,3,8,0
496,507,327,182,181,148,3,8,0
497,507,327,182,181,148,3,8,0
498,507,327,182,181,148,3,8,0
499,507,327,182,181,148,3,8,0
500,508,327,182,181,148,3,8,0
501,508,327,182,181,148,3,8,0
502,508,327,182,181,148,3,8,0
503,508,327,182,181,148,3,8,0
504,507,327,183,181,148,3,8,0
505,508,327,182,181,148,3,8,0
506,506,327,183,181,148,3,8,0
507,507,327,183,181,148,3,8,0
508,505,327,184,182,148,3,8,0
509,505,327,184,181,148,3,8,0
510,506,327,183,181,148,3,8,0
511,507,327,181,181,148,3,8,0
512,508,327,181,181,148,3,8,0
513,508,327,181,181,148,3,8,0
514,507,327,181,181,148,3,8,0
515,507,327,181,181,148,3,8,0
516,507,327,182,181,148,3,8,0
517,507,327,182,181,148,3,8,0
518,507,327,182,181,148,3,8,0
519,507,327,182,181,148,3,8,0
520,507,327,182,181,148,3,8,0
521,507,327,182,181,148,3,8,0
522,508,327,182,181,148,3,8,0
523,508,327,182,181,148,3,8,0
524,507,327,182,181,148,3,8,0
525,507,327,182,181,148,3,8,0
526,507,327,182,181,148,3,8,0
527,507,327,182,181,148,3,8,0
528,508,327,182,181,148,3,8,0
529,508,327,182,181,148,3,8,0
530,507,327,183,181,148,3,8,0
531,507,327,183,181,148,3,8,0
532,507,327,183,181,148,3,8,0
533,507,327,183,181,148,3,8,0
534,507,327,182,181,148,3,8,0
535,507,327,182,181,148,3,8,0
536,508,327,182,181,148,3,8,0
537,508,327,182,181,148,3,8,0
538,507,327,182,181,148,3,8,0
539,507,327,182,181,148,3,8,0
540,507,327,182,181,148,3,8,0
541,507,327,182,181,148,3,8,0
542,507,327,182,181,148,3,8,0
543,507,327,182,181,148,3,8,0
544,507,327,182,181,148,3,8,0
545,507,327,182,181,148,3,8,0
546,508,327,182,181,148,3,8,0
547,508,327,182,181,148,3,8,0
548,508,327,182,181,148,3,8,0
549,507,327,183,181,148,3,8,0
550,508,327,182,180,148,3,8,0
551,508,327,182,181,148,3,8,0
552,508,327,182,181,148,3,8,0
553,508,327,182,181,148,3,8,0
554,508,327,182,181,148,3,8,0
555,508,327,182,181,148,3,8,0
556,508,327,182,181,148,3,8,0
557,507,327,182,181,148,3,8,0
558,507,327,182,181,148,3,8,0
559,507,327,181,181,148,3,8,0
560,507,327,181,181,148,3,8,0
561,508,327,181,181,148,3,8,0
562,508,327,181,181,148,3,8,0
563,508,327,181,181,148,3,8,0
564,504,327,184,181,148,3,8,0
565,504,327,185,181,148,3,8,0
566,504,327,185,181,148,3,8,0
567,504,327,185,181,148,3,8,0
568,504,327,185,181,148,3,8,0
569,504,328,185,180,148,3,8,0
570,505,328,184,181,148,3,8,0
571,505,327,184,181,148,3,8,0
572,505,327,184,181,148,3,8,0
573,507,327,183,181,148,3,8,0
574,506,327,183,181,148,3,8,0
575,507,327,182,181,148,3,8,0
576,507,327,182,181,148,3,8,0
577,506,327,183,181,148,3,8,0
578,506,327,183,181,148,3,8,0
579,508,327,182,182,148,3,8,0
580,507,327,182,181,148,3,8,0
581,507,327,183,182,148,3,8,0
582,506,327,183,182,148,3,8,0
583,507,327,183,181,148,3,8,0
584,507,327,182,181,148,3,8,0
585,507,327,182,181,148,3,8,0
586,507,327,182,181,148,3,8,0
587,507,327,182,181,148,3,8,0
588,507,327,182,181,148,3,8,0
589,507,327,182,181,148,3,8,0
590,508,327,182,181,148,3,8,0
591,507,327,183,181,148,3,8,0
592,507,327,182,181,148,3,8,0
593,508,327,181,181,148,3,8,0
594,508,327,181,182,148,3,8,0
595,508,327,181,181,148,3,8,0
596,508,327,181,181,148,3,8,0
597,508,327,181,181,148,3,8,0
598,508,327,182,181,148,3,8,0
599,508,327,181,181,148,3,8,0
600,508,327,182,181,148,3,8,0
601,508,327,182,181,148,3,8,0
602,507,327,182,181,148,3,8,0
603,507,327,182,181,148,3,8,0
604,507,327,182,181,148,3,8,0
605,507,327,182,181,148,3,8,0
606,507,327,182,181,148,3,8,0
607,507,327,182,181,148,3,8,0
608,507,327,182,181,148,3,8,0
609,507,327,182,181,148,3,8,0
610,507,327,182,181,148,3,8,0
611,507,327,182,181,148,3,8,0
612,507,328,182,181,148,3,8,0
613,507,328,182,181,148,3,8,0
614,507,328,182,181,148,3,8,0
615,507,327,182,181,148,3,8,0
616,507,327,182,181,148,3,8,0
617,509,327,181,181,148,3,8,0
618,508,327,181,181,148,3,8,0
619,508,327,182,181,148,3,8,0
620,508,328,182,181,148,3,8,0
621,508,328,182,181,148,3,8,0
622,508,327,182,181,148,3,8,0
623,508,327,182,181,148,3,8,0
624,508,327,182,181,148,3,8,0
625,509,327,181,182,148,3,8,0
626,508,327,182,181,148,3,8,0
627,507,327,183,182,148,3,8,0
628,508,327,182,182,148,3,8,0
629,508,327,181,182,148,3,8,0
630,508,327,181,182,148,3,8,0
631,508,327,182,182,148,3,8,0
632,508,327,182,182,148,3,8,0
633,508,327,182,181,148,3,8,0
634,509,327,181,181,148,3,8,0
635,507,327,182,182,148,3,8,0
636,507,327,182,182,148,3,8,0
637,507,327,182,181,148,3,8,0
638,507,327,182,181,148,3,8,0
639,508,328,182,181,148,3,8,0
640,508,328,182,181,148,3,8,0
641,508,328,181,180,148,3,8,0
642,508,328,181,181,148,3,8,0
643,508,328,181,181,148,3,8,0
644,508,328,182,181,148,3,8,0
645,509,328,181,181,148,3,8,0
646,509,328,181,181,148,3,8,0
647,509,328,180,181,148,3,8,0
648,509,328,181,181,148,3,8,0
649,509,328,181,181,148,3,8,0
650,509,329,181,181,148,3,8,0
651,509,328,181,181,148,3,8,0
652,509,328,181,181,148,3,8,0
653,509,328,181,181,148,3,8,0
654,509,329,181,181,148,3,8,0
655,509,329,181,181,148,3,8,0
656,509,328,181,181,148,3,8,0
657,509,328,181,181,148,3,8,0
658,509,328,181,181,148,3,8,0
659,509,328,181,181,148,3,8,0
660,509,328,181,181,148,3,8,0
661,509,328,181,181,148,3,8,0
662,509,328,181,181,148,3,8,0
663,509,328,182,181,148,3,8,0
664,508,328,182,181,148,3,8,0
665,509,327,181,181,148,3,8,0
666,509,327,181,181,148,3,8,0
667,509,328,181,181,148,3,8,0
668,509,328,181,181,148,3,8,0
669,508,328,181,181,148,3,8,0
670,508,327,181,181,148,3,8,0
671,508,328,181,181,148,3,8,0
672,508,328,181,181,148,3,8,0
673,508,328,181,181,148,3,8,0
674,509,328,181,181,148,3,8,0
675,508,328,182,181,148,3,8,0
676,508,328,182,181,148,3,8,0
677,508,328,182,181,148,3,8,0
678,508,328,182,181,148,3,8,0
679,509,327,181,182,148,3,8,0
680,509,327,181,182,148,3,8,0
681,508,328,182,182,148,3,8,0
682,508,328,182,182,148,3,8,0
683,508,327,182,181,148,3,8,0
684,508,328,182,181,148,3,8,0
685,508,328,182,181,148,3,8,0
686,508,328,182,181,148,3,8,0
687,508,327,182,182,148,3,8,0
688,508,327,182,182,148,3,8,0
689,508,327,182,182,148,3,8,0
690,508,327,182,182,148,3,8,0
691,508,327,182,181,148,3,8,0
692,508,328,182,181,148,3,8,0
693,508,328,182,181,148,3,8,0
694,508,328,183,181,148,3,8,0
695,508,328,183,181,148,3,8,0
696,508,328,183,181,148,3,8,0
697,508,328,183,182,148,3,8,1
698,508,328,183,182,148,3,8,1
699,508,328,183,182,148,3,8,1
700,509,328,183,182,148,3,8,1
701,509,329,183,182,148,3,8,1
702,508,329,184,182,148,3,8,0
703,508,329,184,182,148,3,8,0
704,508,329,183,182,148,3,8,0
705,508,329,183,182,148,3,8,0
706,508,329,183,182,148,3,8,0
707,508,328,182,182,148,3,8,0
708,509,328,182,182,148,3,8,0
709,509,328,182,182,148,3,8,0
710,508,328,182,182,148,3,8,0
711,508,328,182,182,148,3,8,0
712,509,328,182,182,148,3,8,0
713,508,328,182,181,148,3,8,0
714,508,328,183,181,148,3,8,0
715,508,328,182,181,148,3,8,0
716,508,329,182,181,148,3,8,0
717,509,329,182,181,148,3,8,0
718,509,328,182,181,148,3,8,0
719,509,329,182,181,148,3,8,0
720,509,329,182,181,148,3,8,0
721,510,330,182,181,148,3,8,0
722,509,330,182,181,148,3,8,0
723,509,330,183,181,148,3,8,0
724,509,330,182,181,148,3,8,0
725,510,330,182,182,148,3,8,0
726,510,330,181,181,148,3,8,0
727,510,330,181,181,148,3,8,0
728,510,330,181,181,148,3,8,0
729,510,330,181,181,148,3,8,0
730,510,330,181,181,148,3,8,0
731,509,329,182,182,148,3,8,0
732,509,329,181,182,148,3,8,0
733,509,329,181,182,148,3,8,0
734,509,329,181,182,148,3,8,0
735,509,328,182,182,148,3,8,0
736,509,328,181,182,148,3,8,0
737,509,328,181,182,148,3,8,0
738,509,328,181,182,148,3,8,0
739,509,328,181,182,148,3,8,0
740,509,328,182,181,148,3,8,0
741,509,329,182,182,148,3,8,0
742,509,329,182,182,148,3,8,0
743,509,329,182,182,148,3,8,0
744,509,328,182,182,148,3,8,0
745,509,329,181,182,148,3,8,0
746,509,329,182,181,148,3,8,0
747,509,329,182,182,148,3,8,0
748,509,329,182,182,148,3,8,0
749,509,329,182,181,148,3,8,0
750,509,330,182,181,148,3,8,0
751,509,330,182,181,148,3,8,0
752,509,330,182,181,148,3,8,0
753,509,330,182,181,148,3,8,0
754,509,329,183,182,148,3,8,0
755,509,329,183,182,148,3,8,0
756,509,329,182,182,148,3,8,0
757,509,328,182,182,148,3,8,0
758,509,328,182,182,148,3,8,0
759,509,329,182,182,148,3,8,0
760,509,328,182,182,148,3,8,0
761,508,328,183,182,148,3,8,0
762,508,328,183,182,148,3,8,0
763,508,329,183,182,148,3,8,0
764,508,329,183,182,148,3,8,0
765,508,329,182,182,148,3,8,0
766,509,329,182,182,148,3,8,0
767,509,329,182,182,148,3,8,0
768,509,329,182,182,148,3,8,0
769,509,329,182,181,148,3,8,0
770,509,329,182,181,148,3,8,0
771,509,330,182,181,148,3,8,0
772,509,330,182,181,148,3,8,0
773,509,329,182,181,148,3,8,0
774,509,329,182,182,148,3,8,0
775,509,329,182,181,148,3,8,0
776,509,330,182,181,148,3,8,0
777,509,330,182,181,148,3,8,0
778,508,329,183,182,148,3,8,0
779,508,329,183,181,148,3,8,0
780,508,328,182,181,148,3,8,0
781,508,328,182,181,148,3,8,1
782,508,328,182,181,148,3,8,1
783,508,328,182,181,148,3,8,1
784,508,328,182,181,148,3,8,0
785,508,328,182,181,148,3,8,0
786,508,328,182,181,148,3,8,0
787,508,328,182,181,148,3,8,0
788,508,328,182,181,148,3,8,0
789,508,328,182,181,148,3,8,0
790,508,328,182,181,148,3,8,0
791,508,328,182,181,148,3,8,0
792,508,328,182,181,148,3,8,0
793,507,328,182,181,148,3,8,0
794,507,328,183,181,148,3,8,0
795,508,328,183,181,148,3,8,0
796,508,329,183,181,148,3,8,0
797,508,329,183,181,148,3,8,0
798,508,329,182,181,148,3,8,0
799,508,328,182,181,148,3,8,0
800,508,328,182,181,148,3,8,0
801,508,328,182,181,148,3,8,0
802,508,328,182,181,148,3,8,0
803,508,328,182,181,148,3,8,0
804,507,328,183,181,148,3,8,0
805,507,328,183,181,148,3,8,0
806,508,328,183,181,148,3,8,0
807,507,328,183,181,148,3,8,0
808,507,328,183,182,148,3,8,0
809,508,328,182,182,148,3,8,0
810,507,328,182,182,148,3,8,0
811,507,328,183,181,148,3,8,0
812,507,328,183,182,148,3,8,0
813,507,328,183,182,148,3,8,0
814,507,328,183,182,148,3,8,0
815,507,328,183,182,148,3,8,0
816,508,328,182,181,148,3,8,0
817,508,328,182,181,148,3,8,0
818,508,328,182,181,148,3,8,0
819,508,328,182,181,148,3,8,0
820,508,328,182,181,148,3,8,0
821,508,328,182,181,148,3,8,0
822,508,328,182,181,148,3,8,0
823,507,328,183,181,148,3,8,0
824,507,328,183,181,148,3,8,0
825,507,328,183,181,148,3,8,0
826,507,328,183,181,148,3,8,0
827,507,328,183,181,148,3,8,0
828,508,328,182,181,148,3,8,0
829,508,328,182,181,148,3,8,0
830,508,328,183,181,148,3,8,0
831,508,328,182,181,148,3,8,0
832,508,328,182,181,148,3,8,0
833,508,328,182,181,148,3,8,0
834,508,328,182,181,148,3,8,0
835,508,328,182,181,148,3,8,0
836,508,329,182,181,148,3,8,0
837,508,329,182,181,148,3,8,0
838,508,329,182,181,148,3,8,0
839,508,329,182,181,148,3,8,0
840,508,328,182,181,148,3,8,0
841,508,328,182,181,148,3,8,0
842,508,328,182,181,148,3,8,0
843,508,328,182,181,148,3,8,0
844,508,327,182,181,148,3,8,0
845,508,328,182,181,148,3,8,0
846,508,328,182,181,148,3,8,0
847,509,327,181,182,148,3,8,0
848,509,327,182,182,148,3,8,0
849,509,328,181,182,148,3,8,0
850,508,328,182,181,148,3,8,0
851,508,328,182,181,148,3,8,0
852,509,329,182,181,148,3,8,0
853,509,329,182,181,148,3,8,0
854,509,329,182,181,148,3,8,0
855,509,329,182,181,148,3,8,0
856,509,328,182,181,148,3,8,0
857,509,328,182,181,148,3,8,0
858,510,329,182,182,148,3,8,0
859,510,329,181,181,148,3,8,0
860,510,329,181,182,148,3,8,0
861,509,329,182,181,148,3,8,0
862,509,328,182,181,148,3,8,0
863,510,328,181,182,148,3,8,0
864,510,328,180,181,148,3,8,0
865,509,328,181,181,148,3,8,0
866,509,328,181,181,148,3,8,0
867,508,328,182,181,148,3,8,0
868,508,328,181,181,148,3,8,0
869,508,327,181,182,148,3,8,0
870,508,327,181,181,148,3,8,0
871,509,328,181,181,148,3,8,0
872,509,328,181,181,148,3,8,0
873,509,328,181,181,148,3,8,0
874,509,328,181,181,148,3,8,0
875,509,328,181,181,148,3,8,0
876,508,328,182,181,148,3,8,0
877,508,328,182,181,148,3,8,0
878,508,328,182,181,148,3,8,0
879,508,328,182,181,148,3,8,0
880,508,328,183,181,148,3,8,0
881,508,328,183,181,148,3,8,0
882,508,328,182,182,148,3,8,0
883,509,328,182,181,148,3,8,0
884,509,328,181,181,148,3,8,0
885,509,329,182,181,148,3,8,0
886,509,328,182,182,148,3,8,0
887,509,328,182,182,148,3,8,0
888,508,328,183,182,148,3,8,0
889,508,328,183,181,148,3,8,0
890,508,328,183,181,148,3,8,0
891,508,328,182,181,148,3,8,0
892,508,328,182,181,148,3,8,0
893,508,328,182,181,148,3,8,0
894,508,328,182,181,148,3,8,0
895,508,328,182,181,148,3,8,0
896,508,328,182,182,148,3,8,0
897,508,328,182,182,148,3,8,0
898,508,328,182,182,148,3,8,0
899,508,328,182,181,148,3,8,0
900,509,328,181,182,148,3,8,0
901,509,328,181,182,148,3,8,0
902,509,328,181,182,148,3,8,0
903,509,328,181,182,148,3,8,0
904,508,328,182,181,148,3,8,0
905,508,328,182,181,148,3,8,0
906,508,328,182,181,148,3,8,0
907,509,328,182,182,148,3,8,0
908,509,328,181,182,148,3,8,0
909,509,328,182,181,148,3,8,0
910,509,328,182,181,148,3,8,0
911,509,329,182,181,148,3,8,0
912,508,329,182,181,148,3,8,0
913,508,329,182,181,148,3,8,0
914,508,328,182,181,148,3,8,0
915,508,328,182,181,148,3,8,0
916,508,329,182,181,148,3,8,0
917,509,328,181,181,148,3,8,0
918,509,328,181,181,148,3,8,0
919,509,328,181,181,148,3,8,0
920,509,328,182,181,148,3,8,0
921,509,328,182,181,148,3,8,0
922,509,328,181,181,148,3,8,0
923,509,328,181,181,148,3,8,0
924,509,328,181,181,148,3,8,0
925,509,328,181,181,148,3,8,0
926,509,328,181,181,148,3,8,0
927,509,328,181,181,148,3,8,0
928,508,329,182,180,148,3,8,0
929,508,329,182,180,148,3,8,0
930,508,329,182,180,148,3,8,0
931,509,328,181,181,148,3,8,0
932,509,328,181,181,148,3,8,0
933,509,328,181,181,148,3,8,0
934,509,328,181,181,148,3,8,0
935,509,328,182,181,148,3,8,0
936,509,328,181,181,148,3,8,0
937,509,328,181,181,148,3,8,0
938,508,328,182,181,148,3,8,0
939,508,328,182,181,148,3,8,0
940,508,328,182,181,148,3,8,0
941,507,328,183,181,148,3,8,0
942,508,327,181,182,148,3,8,0
943,507,327,183,181,148,3,8,0
944,507,327,182,181,148,3,8,0
945,507,327,182,181,148,3,8,0
946,507,327,182,182,148,3,8,0
947,508,327,181,182,148,3,8,0
948,507,327,182,181,148,3,8,0
949,507,327,181,181,148,3,8,0
950,507,327,181,181,148,3,8,0
951,507,327,182,181,148,3,8,0
952,507,327,182,181,148,3,8,0
953,508,327,181,181,148,3,8,0
954,509,327,180,181,148,3,8,0
955,509,327,181,181,148,3,8,0
956,508,328,182,180,148,3,8,0
957,507,328,182,180,148,3,8,0
958,507,328,182,180,148,3,8,0
959,507,328,182,180,148,3,8,0
960,509,328,181,181,148,3,8,0
961,508,328,182,181,148,3,8,0
962,508,328,181,181,148,3,8,0
963,508,327,181,181,148,3,8,0
964,508,328,181,181,148,3,8,0
965,508,328,181,181,148,3,8,0
966,508,327,181,181,148,3,8,0
967,508,327,181,181,148,3,8,0
968,507,327,182,181,148,3,8,0
969,507,327,182,181,148,3,8,0
970,507,327,182,181,148,3,8,0
971,508,327,182,182,148,3,8,0
972,508,326,182,182,148,3,8,0
973,507,327,182,182,148,3,8,0
974,507,327,183,182,148,3,8,0
975,507,327,183,182,148,3,8,0
976,507,327,183,182,148,3,8,0
977,507,327,183,182,148,3,8,0
978,507,327,183,181,148,3,8,0
979,508,327,182,182,148,3,8,0
980,507,327,182,181,148,3,8,0
981,507,327,183,181,148,3,8,0
982,508,327,182,182,148,3,8,0
983,508,327,182,181,148,3,8,0
984,507,327,182,181,148,3,8,0
985,507,327,182,181,148,3,8,0
986,507,327,182,181,148,3,8,0
987,507,327,182,181,148,3,8,0
988,507,327,182,181,148,3,8,0
989,508,326,181,182,148,3,8,0
990,508,327,182,181,148,3,8,0
991,508,327,182,181,148,3,8,0
992,508,327,181,181,148,3,8,0
993,508,326,181,182,148,3,8,0
994,508,326,181,181,148,3,8,0
995,508,327,181,181,148,3,8,0
996,508,327,182,181,148,3,8,0
997,508,327,182,181,148,3,8,0
998,508,327,182,181,148,3,8,0
999,508,327,182,181,148,3,8,0
1000,508,327,182,181,148,3,8,0
1001,507,327,182,181,148,3,8,0
1002,507,327,182,181,148,3,8,0
1003,507,327,183,181,148,3,8,0
1004,507,327,183,181,148,3,8,0
1005,507,327,183,181,148,3,8,0
1006,508,327,182,181,148,3,8,0
1007,508,327,182,181,148,3,8,0
1008,508,327,182,182,148,3,8,0
1009,508,327,182,181,148,3,8,0
1010,508,327,182,181,148,3,8,0
1011,508,327,182,181,148,3,8,0
1012,508,327,181,181,148,3,8,0
1013,508,327,181,181,148,3,8,0
1014,508,327,181,181,148,3,8,0
1015,508,327,181,181,148,3,8,0
1016,508,327,181,181,148,3,8,0
1017,508,327,181,181,148,3,8,0
1018,508,327,182,181,148,3,8,0
1019,508,327,181,181,148,3,8,0
1020,508,327,181,181,148,3,8,0
1021,508,327,181,182,148,3,8,0
1022,508,327,181,182,148,3,8,0
1023,508,327,181,182,148,3,8,0
1024,508,327,181,182,148,3,8,0
1025,508,327,181,181,148,3,8,0
1026,509,327,181,182,148,3,8,0
1027,508,327,182,181,148,3,8,0
1028,508,327,182,182,148,3,8,0
1029,508,327,182,182,148,3,8,0
1030,508,327,182,182,148,3,8,0
1031,509,327,181,181,148,3,8,0
1032,509,328,181,181,148,3,8,0
1033,509,328,181,181,148,3,8,0
1034,509,327,181,181,148,3,8,0
1035,509,328,181,181,148,3,8,0
1036,509,328,181,181,148,3,8,0
1037,509,328,181,181,148,3,8,0
1038,509,327,181,181,148,3,8,0
1039,509,327,181,181,148,3,8,0
1040,509,327,181,182,148,3,8,0
1041,509,327,181,182,148,3,8,0
1042,509,327,181,182,148,3,8,0
1043,509,327,182,182,148,3,8,0
1044,509,327,181,182,148,3,8,0
1045,509,327,181,181,148,3,8,0
1046,509,327,181,182,148,3,8,0
1047,509,327,181,181,148,3,8,0
1048,509,327,182,181,148,3,8,0
1049,508,327,182,181,148,3,8,0
1050,508,327,182,182,148,3,8,0
1051,508,327,182,182,148,3,8,0
1052,507,327,182,182,148,3,8,0
1053,508,327,182,182,148,3,8,0
1054,508,327,182,182,148,3,8,0
1055,508,327,182,182,148,3,8,0
1056,508,327,182,181,148,3,8,0
1057,508,327,182,181,148,3,8,0
1058,508,327,182,181,148,3,8,0
1059,507,327,182,182,148,3,8,0
1060,507,327,183,182,148,3,8,0
1061,508,327,182,181,148,3,8,0
1062,508,327,182,181,148,3,8,0
1063,508,327,182,181,148,3,8,0
1064,508,327,182,181,148,3,8,0
1065,508,327,182,181,148,3,8,0
1066,508,327,182,181,148,3,8,0
1067,508,327,182,181,148,3,8,0
1068,509,327,181,181,148,3,8,0
1069,509,327,181,181,148,3,8,0
1070,509,327,181,181,148,3,8,0
1071,508,327,182,181,148,3,8,0
1072,508,327,182,181,148,3,8,0
1073,508,327,182,181,148,3,8,0
1074,508,327,182,181,148,3,8,0
1075,508,327,182,181,148,3,8,0
1076,508,327,182,181,148,3,8,0
1077,508,327,182,181,148,3,8,0
1078,508,327,182,181,148,3,8,0
1079,508,327,182,181,148,3,8,0
1080,508,327,182,181,148,3,8,0
1081,508,327,182,181,148,3,8,0
1082,508,327,182,181,148,3,8,0
1083,508,327,182,181,148,3,8,0
1084,509,327,182,181,148,3,8,0
1085,508,327,182,181,148,3,8,0
1086,509,327,182,181,148,3,8,0
1087,508,327,182,181,148,3,8,0
1088,509,327,182,181,148,3,8,0
1089,509,327,182,181,148,3,8,0
1090,508,327,182,181,148,3,8,0
1091,508,327,182,181,148,3,8,0
1092,508,327,182,181,148,3,8,0
1093,508,327,182,181,148,3,8,0
1094,508,327,182,182,148,3,8,0
1095,506,327,183,181,148,3,8,0
1096,507,327,182,181,148,3,8,0
1097,507,327,182,181,148,3,8,0
1098,506,327,183,181,148,3,8,0
1099,507,327,182,182,148,3,8,0
1100,507,326,183,182,148,3,8,0
1101,508,326,182,181,148,3,8,1
1102,508,326,182,181,148,3,8,1
1103,507,326,182,181,148,3,8,1
1104,508,326,182,181,148,3,8,0
1105,508,326,182,181,148,3,8,0
1106,508,326,182,181,148,3,8,0
1107,508,327,182,181,148,3,8,0
1108,508,327,182,181,148,3,8,0
1109,508,327,182,181,148,3,8,0
1110,508,327,182,181,148,3,8,0
1111,508,327,183,182,148,3,8,0
1112,508,327,183,181,148,3,8,0
1113,508,327,183,181,148,3,8,0
1114,508,327,183,181,148,3,8,0
1115,508,327,183,181,148,3,8,0
1116,508,327,182,181,148,3,8,0
1117,508,326,182,181,148,3,8,0
1118,508,327,182,181,148,3,8,0
1119,508,326,182,181,148,3,8,0
1120,508,326,182,182,148,3,8,0
1121,507,326,183,181,148,3,8,0
1122,507,326,183,181,148,3,8,0
1123,507,326,183,181,148,3,8,0
1124,507,326,183,181,148,3,8,0
1125,507,326,183,181,148,3,8,0
1126,507,326,182,181,148,3,8,0
1127,507,326,183,180,148,3,8,0
1128,507,326,183,181,148,3,8,0
1129,507,326,183,181,148,3,8,0
1130,507,326,183,181,148,3,8,0
1131,507,326,183,181,148,3,8,0
1132,507,326,183,181,148,3,8,0
1133,507,326,182,181,148,3,8,0
1134,507,326,182,181,148,3,8,0
1135,507,326,182,182,148,3,8,0
1136,507,326,182,181,148,3,8,0
1137,508,326,181,182,148,3,8,0
1138,507,326,182,181,148,3,8,0
1139,507,326,182,181,148,3,8,0
1140,508,326,181,181,148,3,8,0
1141,508,326,181,181,148,3,8,0
1142,508,326,181,181,148,3,8,0
1143,508,326,181,181,148,3,8,0
1144,508,326,181,182,148,3,8,0
1145,508,326,181,182,148,3,8,0
1146,507,326,181,182,148,3,8,0
1147,507,326,181,182,148,3,8,0
1148,507,326,181,182,148,3,8,0
1149,507,326,181,182,148,3,8,0
1150,507,326,181,182,148,3,8,0
1151,507,326,181,182,148,3,8,0
1152,507,326,183,182,148,3,8,0
1153,507,326,183,182,148,3,8,0
1154,507,326,183,182,148,3,8,0
1155,507,326,182,182,148,3,8,0
1156,507,326,183,182,148,3,8,0
1157,507,326,182,182,148,3,8,0
1158,507,326,182,181,148,3,8,0
1159,508,326,182,182,148,3,8,0
1160,508,326,182,182,148,3,8,0
1161,508,326,182,182,148,3,8,0
1162,508,326,182,182,148,3,8,0
1163,508,326,182,182,148,3,8,0
1164,507,326,182,182,148,3,8,0
1165,507,326,182,182,148,3,8,0
1166,507,326,182,182,148,3,8,0
1167,507,326,182,182,148,3,8,0
1168,508,326,181,182,148,3,8,0
1169,507,327,182,181,148,3,8,0
1170,507,327,182,181,148,3,8,0
1171,508,326,182,181,148,3,8,0
1172,508,326,182,181,148,3,8,0
1173,508,326,181,181,148,3,8,0
1174,508,326,182,181,148,3,8,0
1175,508,326,182,181,148,3,8,0
1176,507,326,182,181,148,3,8,0
1177,507,326,182,182,148,3,8,0
1178,507,326,182,182,148,3,8,0
1179,507,326,182,182,148,3,8,0
1180,508,326,182,182,148,3,8,0
1181,507,326,181,181,148,3,8,0
1182,507,326,182,181,148,3,8,0
1183,508,326,181,181,148,3,8,0
1184,507,326,181,181,148,3,8,0
1185,508,326,181,182,148,3,8,0
1186,508,326,181,181,148,3,8,0
1187,508,326,181,181,148,3,8,0
1188,507,326,181,181,148,3,8,0
1189,508,326,181,181,148,3,8,0
1190,507,326,181,181,148,3,8,0
1191,507,326,180,181,148,3,8,0
1192,507,326,181,181,148,3,8,0
1193,507,326,181,182,148,3,8,0
1194,507,326,180,181,148,3,8,0
1195,507,326,181,181,148,3,8,0
1196,507,326,182,181,148,3,8,0
1197,507,326,182,181,148,3,8,0
1198,507,326,182,181,148,3,8,0
1199,507,326,182,181,148,3,8,0
1200,507,326,182,181,148,3,8,0
1201,507,326,182,181,148,3,8,0
1202,507,326,182,181,148,3,8,0
1203,507,326,182,181,148,3,8,0
1204,507,326,182,181,148,3,8,0
1205,507,326,182,181,148,3,8,0
1206,507,326,182,182,148,3,8,0
1207,507,326,182,182,148,3,8,0
1208,507,326,182,182,148,3,8,0
1209,507,326,182,182,148,3,8,0
1210,507,326,182,182,148,3,8,0
1211,507,326,182,181,148,3,8,0
1212,507,326,182,182,148,3,8,0
1213,507,326,182,182,148,3,8,0
1214,506,326,183,182,148,3,8,0
1215,506,326,183,182,148,3,8,0
1216,507,326,182,181,148,3,8,0
1217,507,326,182,181,148,3,8,0
1218,507,326,182,181,148,3,8,0
1219,507,326,182,181,148,3,8,0
1220,507,326,182,181,148,3,8,0
1221,508,326,181,181,148,3,8,0
1222,508,326,181,182,148,3,8,0
1223,507,326,182,181,148,3,8,0
1224,508,326,181,181,148,3,8,0
1225,508,326,181,181,148,3,8,0
1226,506,326,183,182,148,3,8,0
1227,505,326,183,182,148,3,8,0
1228,505,326,183,182,148,3,8,0
1229,505,326,184,182,148,3,8,0
1230,505,326,184,181,148,3,8,0
1231,506,326,183,181,148,3,8,0
1232,505,326,183,181,148,3,8,0
1233,507,326,182,181,148,3,8,0
1234,507,326,182,182,148,3,8,0
1235,507,326,182,182,148,3,8,0
1236,507,326,182,182,148,3,8,0
1237,507,326,182,182,148,3,8,0
1238,508,326,182,182,148,3,8,0
1239,508,326,182,182,148,3,8,0
1240,508,325,181,182,148,3,8,0
1241,507,325,182,182,148,3,8,0
1242,507,325,182,182,148,3,8,0
1243,507,325,182,182,148,3,8,0
1244,507,325,182,182,148,3,8,0
1245,507,325,181,182,148,3,8,0
1246,507,326,181,182,148,3,8,0
1247,507,326,182,182,148,3,8,0
1248,507,326,182,182,148,3,8,0
1249,507,326,182,182,148,3,8,0
1250,506,326,183,181,148,3,8,0
1251,506,326,183,182,148,3,8,0
1252,506,326,183,181,148,3,8,0
1253,506,326,183,181,148,3,8,0
1254,506,326,183,181,148,3,8,0
1255,506,326,184,181,148,3,8,0
1256,507,326,183,181,148,3,8,0
1257,507,326,182,181,148,3,8,0
1258,507,326,182,181,148,3,8,0
1259,507,325,182,182,148,3,8,0
1260,508,326,182,181,148,3,8,0
1261,508,326,182,181,148,3,8,0
1262,507,326,182,181,148,3,8,0
1263,508,326,181,181,148,3,8,0
1264,508,326,182,181,148,3,8,0
1265,508,326,182,181,148,3,8,0
1266,508,326,182,181,148,3,8,0
1267,508,326,181,181,148,3,8,0
1268,508,326,181,181,148,3,8,0
1269,508,326,181,181,148,3,8,0
1270,507,326,182,181,148,3,8,0
1271,508,326,181,181,148,3,8,0
1272,508,326,182,181,148,3,8,0
1273,508,326,182,181,148,3,8,0
1274,508,326,182,181,148,3,8,0
1275,508,326,182,181,148,3,8,0
1276,508,326,182,181,148,3,8,0
1277,508,326,182,181,148,3,8,0
1278,508,326,182,181,148,3,8,0
1279,508,326,182,181,148,3,8,0
1280,508,326,182,181,148,3,8,0
1281,508,326,182,181,148,3,8,0
1282,508,326,182,181,148,3,8,0
1283,508,326,182,181,148,3,8,0
1284,508,326,182,181,148,3,8,0
1285,508,326,182,181,148,3,8,0
1286,508,326,182,181,148,3,8,0
1287,507,326,182,180,148,3,8,0
1288,508,326,182,181,148,3,8,0
1289,508,326,182,181,148,3,8,0
1290,508,326,182,181,148,3,8,0
1291,508,326,182,181,148,3,8,0
1292,508,326,182,180,148,3,8,0
1293,508,326,182,180,148,3,8,0
1294,508,326,182,180,148,3,8,0
1295,508,326,182,180,148,3,8,0
1296,507,326,182,181,148,3,8,0
1297,507,326,182,181,148,3,8,0
1298,507,326,182,181,148,3,8,0
1299,507,326,182,181,148,3,8,0
1300,507,326,182,181,148,3,8,0
1301,506,326,183,181,148,3,8,0
1302,507,326,182,181,148,3,8,0
1303,507,326,182,181,148,3,8,0
1304,507,326,182,181,148,3,8,0
1305,507,326,182,181,148,3,8,0
1306,507,326,183,181,148,3,8,0
1307,507,326,182,181,148,3,8,0
1308,506,326,182,181,148,3,8,0
1309,507,326,182,181,148,3,8,0
1310,507,326,182,181,148,3,8,0
1311,507,326,182,181,148,3,8,0
1312,507,326,182,181,148,3,8,0
1313,507,326,182,181,148,3,8,0
1314,506,326,182,181,148,3,8,0
1315,507,326,182,181,148,3,8,0
1316,506,326,182,181,148,3,8,0
1317,506,326,182,181,148,3,8,0
1318,506,326,182,181,148,3,8,0
1319,507,326,182,181,148,3,8,0
1320,507,326,182,181,148,3,8,0
1321,508,326,181,181,148,3,8,0
1322,508,326,181,181,148,3,8,0
1323,508,326,181,181,148,3,8,0
1324,507,326,182,181,148,3,8,0
1325,507,326,182,181,148,3,8,0
1326,507,326,182,181,148,3,8,0
1327,507,326,182,181,148,3,8,0
1328,507,326,182,181,148,3,8,0
1329,507,326,182,181,148,3,8,0
1330,507,326,182,181,148,3,8,0
1331,507,326,182,181,148,3,8,0
1332,508,326,181,181,148,3,8,0
1333,508,326,181,181,148,3,8,0
1334,508,326,181,181,148,3,8,0
1335,508,326,181,181,148,3,8,0
1336,506,326,182,181,148,3,8,0
1337,507,326,182,181,148,3,8,0
1338,506,326,182,181,148,3,8,0
1339,507,326,182,181,148,3,8,0
1340,506,326,182,181,148,3,8,0
1341,506,326,182,181,148,3,8,0
1342,507,326,182,181,148,3,8,0
1343,507,326,182,181,148,3,8,0
1344,507,326,182,181,148,3,8,0
1345,507,326,181,181,148,3,8,0
1346,507,326,182,181,148,3,8,0
1347,507,326,182,181,148,3,8,0
1348,507,326,181,181,148,3,8,0
1349,507,326,181,181,148,3,8,0
1350,507,326,181,181,148,3,8,0
1351,507,327,181,181,148,3,8,0
1352,507,327,181,181,148,3,8,0
1353,507,327,181,181,148,3,8,0
1354,507,327,181,181,148,3,8,0
1355,507,326,181,181,148,3,8,0
1356,508,326,181,181,148,3,8,0
1357,508,326,181,181,148,3,8,0
1358,508,326,181,181,148,3,8,0
1359,508,326,181,181,148,3,8,0
1360,508,326,181,181,148,3,8,0
1361,508,326,181,181,148,3,8,0
1362,508,326,181,181,148,3,8,0
1363,508,326,181,181,148,3,8,0
1364,507,326,181,181,148,3,8,0
1365,507,326,182,181,148,3,8,0
1366,507,326,182,181,148,3,8,0
1367,507,326,182,181,148,3,8,0
1368,507,326,182,181,148,3,8,0
1369,507,326,182,181,148,3,8,0
1370,508,326,181,181,148,3,8,0
1371,508,326,181,181,148,3,8,0
1372,508,326,181,181,148,3,8,0
1373,508,326,181,181,148,3,8,0
1374,508,326,181,181,148,3,8,0
1375,508,326,181,181,148,3,8,0
1376,508,326,181,181,148,3,8,0
1377,508,326,181,181,148,3,8,0
1378,508,326,181,181,148,3,8,0
1379,508,326,181,181,148,3,8,0
1380,508,326,181,181,148,3,8,0
1381,508,326,181,181,148,3,8,0
1382,508,326,181,181,148,3,8,0
1383,508,326,181,181,148,3,8,0
1384,508,326,181,181,148,3,8,0
1385,507,326,182,181,148,3,8,0
1386,507,326,182,181,148,3,8,0
1387,507,326,182,180,148,3,8,0
1388,507,326,182,181,148,3,8,0
1389,507,326,182,181,148,3,8,0
1390,507,326,182,181,148,3,8,0
1391,506,327,182,181,148,3,8,0
1392,506,326,183,181,148,3,8,0
1393,506,326,183,181,148,3,8,0
1394,506,326,183,181,148,3,8,0
1395,507,327,182,180,148,3,8,0
1396,507,327,182,180,148,3,8,0
1397,507,326,182,180,148,3,8,0
1398,506,326,183,181,148,3,8,0
1399,506,326,183,181,148,3,8,0
1400,506,327,183,181,148,3,8,0
1401,506,326,182,181,148,3,8,0
1402,506,326,182,181,148,3,8,0
1403,506,326,183,181,148,3,8,0
1404,506,326,183,180,148,3,8,0
1405,506,326,183,180,148,3,8,0
1406,506,326,183,180,148,3,8,0
1407,506,326,183,180,148,3,8,0
1408,507,326,182,181,148,3,8,0
1409,507,326,182,181,148,3,8,0
1410,507,326,182,181,148,3,8,0
1411,507,326,182,181,148,3,8,0
1412,507,326,182,181,148,3,8,0
1413,507,326,183,181,148,3,8,0
1414,506,326,183,181,148,3,8,0
1415,506,326,183,181,148,3,8,0
1416,507,326,182,180,148,3,8,0
1417,507,326,182,180,148,3,8,0
1418,507,326,182,180,148,3,8,0
1419,507,326,182,180,148,3,8,0
1420,507,326,182,180,148,3,8,0
1421,507,326,182,181,148,3,8,0
1422,507,326,182,181,148,3,8,0
1423,507,326,182,181,148,3,8,0
1424,507,326,182,181,148,3,8,0
1425,507,326,182,181,148,3,8,0
1426,507,326,182,181,148,3,8,0
1427,507,326,183,181,148,3,8,0
1428,507,326,183,181,148,3,8,0
1429,506,326,184,181,148,3,8,0
1430,506,326,184,181,148,3,8,0
1431,506,326,184,181,148,3,8,0
1432,505,326,184,181,148,3,8,0
1433,506,326,184,181,148,3,8,0
1434,505,326,184,181,148,3,8,0
1435,505,326,184,181,148,3,8,0
1436,505,326,185,181,148,3,8,0
1437,505,326,185,181,148,3,8,0
1438,506,326,184,181,148,3,8,0
1439,506,326,184,180,148,3,8,0
1440,506,326,183,180,148,3,8,0
1441,506,326,183,181,148,3,8,0
1442,506,327,184,181,148,3,8,0
1443,506,327,183,181,148,3,8,0
1444,506,327,183,181,148,3,8,0
1445,506,326,183,181,148,3,8,0
1446,506,326,184,181,148,3,8,0
1447,506,326,183,181,148,3,8,0
1448,506,327,183,181,148,3,8,0
1449,506,326,184,181,148,3,8,0
1450,506,326,183,181,148,3,8,0
1451,506,326,183,181,148,3,8,0
1452,506,326,183,180,148,3,8,0
1453,506,326,183,180,148,3,8,0
1454,506,326,183,180,148,3,8,0
1455,506,326,183,180,148,3,8,0
1456,507,326,183,180,148,3,8,0
1457,506,326,183,180,148,3,8,0
1458,506,326,183,180,148,3,8,0
1459,506,326,183,180,148,3,8,0
1460,506,326,183,180,148,3,8,0
1461,506,326,183,180,148,3,8,0
1462,506,326,183,180,148,3,8,0
1463,507,326,183,181,148,3,8,0
1464,506,326,183,181,148,3,8,0
1465,506,326,183,181,148,3,8,0
1466,507,327,182,181,148,3,8,0
1467,507,327,182,181,148,3,8,0
1468,506,327,183,181,148,3,8,0
1469,506,327,183,181,148,3,8,0
1470,506,327,183,181,148,3,8,0
1471,506,327,183,181,148,3,8,0
1472,506,327,183,181,148,3,8,0
1473,506,327,183,181,148,3,8,0
1474,506,326,183,181,148,3,8,0
1475,506,327,183,181,148,3,8,0
1476,507,326,182,181,148,3,8,0
1477,507,326,182,181,148,3,8,0
1478,507,326,182,181,148,3,8,0
1479,507,326,182,181,148,3,8,0
1480,507,326,182,181,148,3,8,0
1481,507,326,182,181,148,3,8,0
1482,507,326,182,181,148,3,8,0
1483,507,326,182,181,148,3,8,0
1484,507,326,182,181,148,3,8,0
1485,508,326,181,181,148,3,8,0
1486,509,326,181,182,148,3,8,0
1487,509,326,181,182,148,3,8,0
1488,509,326,181,181,148,3,8,0
1489,509,327,182,182,148,3,8,0
1490,509,327,182,182,148,3,8,0
1491,508,327,183,181,148,3,8,0
1492,508,327,182,182,148,3,8,0
1493,508,327,182,181,148,3,8,0
1494,509,327,182,181,148,3,8,0
1495,509,327,182,181,148,3,8,0
1496,509,327,181,181,148,3,8,0
1497,509,327,181,181,148,3,8,0
1498,509,327,181,181,148,3,8,0
1499,509,327,181,181,148,3,8,0
1500,508,327,182,181,148,3,8,0
1501,509,327,182,181,148,3,8,0
1502,508,327,182,181,148,3,8,0
1503,509,327,182,181,148,3,8,0
1504,508,327,182,181,148,3,8,0
1505,509,327,182,181,148,3,8,0
1506,508,327,182,181,148,3,8,0
1507,508,326,182,182,148,3,8,0
1508,508,326,182,182,148,3,8,0
1509,508,327,182,181,148,3,8,0
1510,508,327,183,181,148,3,8,0
1511,508,327,183,181,148,3,8,0
1512,508,327,182,181,148,3,8,0
1513,508,327,182,181,148,3,8,0
1514,508,327,182,181,148,3,8,0
1515,508,327,182,181,148,3,8,0
1516,508,327,182,181,148,3,8,0
1517,509,327,182,182,148,3,8,0
1518,509,327,182,182,148,3,8,0
1519,509,327,182,182,148,3,8,0
1520,508,327,182,182,148,3,8,0
1521,508,327,182,182,148,3,8,0
1522,508,327,182,182,148,3,8,0
1523,508,327,182,181,148,3,8,0
1524,508,327,182,182,148,3,8,0
1525,507,327,183,181,148,3,8,0
1526,508,326,182,182,148,3,8,0
1527,508,326,182,182,148,3,8,0
1528,507,327,183,182,148,3,8,0
1529,507,327,182,181,148,3,8,0
1530,508,326,182,182,148,3,8,0
1531,508,326,182,182,148,3,8,0
1532,508,326,182,182,148,3,8,0
1533,507,327,183,181,148,3,8,0
1534,508,326,181,182,148,3,8,0
1535,508,326,181,182,148,3,8,0
1536,509,326,181,181,148,3,8,0
1537,509,326,181,181,148,3,8,0
1538,509,326,181,181,148,3,8,0
1539,509,326,181,181,148,3,8,0
1540,509,326,181,181,148,3,8,0
1541,509,326,181,181,148,3,8,0
1542,509,326,181,182,148,3,8,0
1543,509,326,181,181,148,3,8,0
1544,508,327,182,181,148,3,8,0
1545,508,327,182,181,148,3,8,0
1546,508,327,182,181,148,3,8,0
1547,508,327,182,181,148,3,8,0
1548,508,326,182,181,148,3,8,0
1549,508,326,182,181,148,3,8,0
1550,508,326,182,181,148,3,8,0
1551,507,327,182,181,148,3,8,0
1552,508,326,182,181,148,3,8,0
1553,508,326,181,181,148,3,8,0
1554,508,326,182,181,148,3,8,0
1555,508,326,182,181,148,3,8,0
1556,508,326,182,181,148,3,8,0
1557,508,326,182,181,148,3,8,0
1558,508,326,182,181,148,3,8,0
1559,507,326,183,181,148,3,8,0
1560,509,326,182,181,148,3,8,0
1561,509,326,182,181,148,3,8,0
1562,507,327,183,181,148,3,8,0
1563,507,327,183,181,148,3,8,0
1564,508,326,183,181,148,3,8,0
1565,508,326,183,181,148,3,8,0
1566,507,326,183,181,148,3,8,0
1567,508,326,183,181,148,3,8,0
1568,508,326,183,181,148,3,8,0
1569,508,326,183,181,148,3,8,0
1570,507,326,183,181,148,3,8,0
1571,507,326,183,181,148,3,8,0
1572,508,326,183,181,148,3,8,0
1573,508,326,182,181,148,3,8,0
1574,507,326,182,181,148,3,8,0
1575,508,326,181,181,148,3,8,0
1576,508,326,181,181,148,3,8,0
1577,507,326,182,181,148,3,8,0
1578,508,326,182,181,148,3,8,0
1579,508,326,181,181,148,3,8,0
1580,508,326,182,181,148,3,8,0
1581,508,326,182,181,148,3,8,0
1582,508,326,182,181,148,3,8,0
1583,508,326,182,181,148,3,8,0
1584,507,326,182,181,148,3,8,0
1585,507,326,182,181,148,3,8,0
1586,507,326,182,181,148,3,8,0
1587,509,326,181,181,148,3,8,0
1588,509,326,181,182,148,3,8,0
1589,509,326,181,181,148,3,8,0
1590,509,326,181,181,148,3,8,0
1591,509,326,181,181,148,3,8,0
1592,509,326,181,181,148,3,8,0
1593,509,326,181,181,148,3,8,0
1594,509,326,181,181,148,3,8,0
1595,509,326,181,181,148,3,8,0
1596,508,326,182,181,148,3,8,0
1597,508,327,182,181,148,3,8,0
1598,508,326,182,181,148,3,8,0
1599,508,326,182,181,148,3,8,0
1600,508,327,182,181,148,3,8,0
1601,508,327,182,181,148,3,8,0
1602,508,326,182,181,148,3,8,0
1603,508,326,182,181,148,3,8,0
1604,508,327,181,181,148,3,8,0
1605,508,327,181,181,148,3,8,0
1606,508,327,181,181,148,3,8,0
1607,508,327,181,181,148,3,8,0
1608,507,327,182,180,148,3,8,0
1609,508,327,181,181,148,3,8,0
1610,507,327,182,181,148,3,8,0
1611,507,327,182,181,148,3,8,0
1612,507,327,182,181,148,3,8,0
1613,507,327,182,181,148,3,8,0
1614,508,326,181,181,148,3,8,0
1615,508,326,181,181,148,3,8,0
1616,508,326,181,181,148,3,8,0
1617,508,326,181,181,148,3,8,0
1618,508,326,181,181,148,3,8,0
1619,508,326,181,181,148,3,8,0
1620,508,326,182,181,148,3,8,0
1621,509,327,181,181,148,3,8,0
1622,509,327,181,181,148,3,8,0
1623,509,327,181,181,148,3,8,0
1624,509,327,181,181,148,3,8,0
1625,509,327,181,181,148,3,8,0
1626,509,327,181,181,148,3,8,0
1627,509,327,181,181,148,3,8,0
1628,509,327,181,181,148,3,8,0
1629,509,327,181,181,148,3,8,0
1630,509,327,181,181,148,3,8,0
1631,509,327,181,181,148,3,8,0
1632,508,327,182,181,148,3,8,0
1633,508,327,182,181,148,3,8,0
1634,508,327,182,181,148,3,8,0
1635,508,327,182,181,148,3,8,0
1636,509,327,181,181,148,3,8,0
1637,509,327,181,181,148,3,8,0
1638,509,327,181,181,148,3,8,0
1639,509,327,181,181,148,3,8,0
1640,509,327,181,181,148,3,8,0
1641,508,327,182,181,148,3,8,0
1642,508,327,182,181,148,3,8,0
1643,508,327,182,181,148,3,8,0
1644,508,327,182,181,148,3,8,0
1645,508,327,182,181,148,3,8,0
1646,508,327,183,181,148,3,8,0
1647,508,327,183,181,148,3,8,0
1648,508,327,183,181,148,3,8,0
1649,508,327,183,181,148,3,8,0
1650,509,327,182,181,148,3,8,0
1651,509,327,182,181,148,3,8,0
1652,509,327,182,181,148,3,8,0
1653,509,327,182,181,148,3,8,0
1654,509,327,181,181,148,3,8,0
1655,509,327,182,181,148,3,8,0
1656,509,327,182,181,148,3,8,0
1657,509,327,182,181,148,3,8,0
1658,509,327,182,181,148,3,8,0
1659,509,327,182,181,148,3,8,0
1660,509,327,182,181,148,3,8,0
1661,509,327,182,181,148,3,8,0
1662,509,327,182,181,148,3,8,0
1663,509,327,182,181,148,3,8,0
1664,509,327,182,181,148,3,8,0
1665,509,327,182,181,148,3,8,0
1666,509,327,182,181,148,3,8,0
1667,509,327,182,181,148,3,8,0
1668,509,327,182,181,148,3,8,0
1669,509,327,182,181,148,3,8,0
1670,509,327,182,182,148,3,8,0
1671,509,327,182,181,148,3,8,0
1672,508,327,182,181,148,3,8,0
1673,508,327,182,181,148,3,8,0
1674,508,327,182,181,148,3,8,0
1675,508,327,182,181,148,3,8,0
1676,508,327,182,181,148,3,8,0
1677,508,327,182,181,148,3,8,0
1678,508,327,182,181,148,3,8,0
1679,509,327,181,181,148,3,8,0
1680,509,327,182,181,148,3,8,0
1681,509,327,182,181,148,3,8,0
1682,509,327,181,181,148,3,8,0
1683,509,327,181,181,148,3,8,0
1684,509,327,182,181,148,3,8,0
1685,509,327,182,181,148,3,8,0
1686,509,327,182,181,148,3,8,0
1687,509,327,182,181,148,3,8,0
1688,509,327,182,181,148,3,8,0
1689,509,327,182,181,148,3,8,0
1690,509,327,182,181,148,3,8,0
1691,509,327,182,181,148,3,8,0
1692,509,327,181,181,148,3,8,0
1693,509,327,181,181,148,3,8,0
1694,509,327,181,181,148,3,8,0
1695,509,327,181,181,148,3,8,0
1696,509,327,181,181,148,3,8,0
1697,509,327,181,181,148,3,8,0
1698,509,327,181,181,148,3,8,0
1699,509,327,181,181,148,3,8,0
1700,509,327,181,181,148,3,8,0
1701,509,327,181,181,148,3,8,0
1702,509,327,181,181,148,3,8,0
1703,509,327,181,181,148,3,8,0
1704,509,327,181,181,148,3,8,0
1705,509,327,181,181,148,3,8,0
1706,509,327,181,181,148,3,8,0
1707,509,327,181,181,148,3,8,0
1708,509,327,182,182,148,3,8,0
1709,509,327,181,182,148,3,8,0
1710,510,327,181,181,148,3,8,0
1711,510,327,181,181,148,3,8,0
1712,510,327,181,182,148,3,8,0
1713,509,327,182,181,148,3,8,0
1714,509,328,182,181,148,3,8,0
1715,509,328,182,181,148,3,8,0
1716,509,328,182,181,148,3,8,0
1717,509,328,182,181,148,3,8,0
1718,509,328,182,181,148,3,8,0
1719,509,328,182,181,148,3,8,0
1720,509,328,182,181,148,3,8,0
1721,509,328,182,181,148,3,8,0
1722,509,328,182,181,148,3,8,0
1723,509,328,182,181,148,3,8,0
1724,508,328,182,180,148,3,8,0
1725,509,328,182,181,148,3,8,0
1726,509,328,182,181,148,3,8,0
1727,509,328,182,181,148,3,8,0
1728,508,328,183,180,148,3,8,0
1729,508,328,182,181,148,3,8,0
1730,508,328,182,181,148,3,8,0
1731,508,328,182,180,148,3,8,0
1732,509,328,182,180,148,3,8,0
1733,508,328,182,180,148,3,8,0
1734,508,329,182,180,148,3,8,0
1735,508,329,183,181,148,3,8,0
1736,508,329,183,181,148,3,8,0
1737,509,329,182,180,148,3,8,1
1738,509,329,182,180,148,3,8,1
1739,509,329,182,180,148,3,8,0
1740,509,329,182,180,148,3,8,0
1741,509,329,182,180,148,3,8,0
1742,509,329,182,180,148,3,8,0
1743,509,329,182,180,148,3,8,0
1744,509,330,182,181,148,3,8,0
1745,508,329,183,181,148,3,8,0
1746,508,329,183,180,148,3,8,0
1747,508,329,183,181,148,3,8,0
1748,508,329,183,180,148,3,8,0
1749,508,329,182,181,148,3,8,0
1750,507,329,183,180,148,3,8,0
1751,508,328,183,181,148,3,8,0
1752,508,329,183,180,148,3,8,0
1753,508,329,183,180,148,3,8,0
1754,508,329,183,180,148,3,8,0
1755,508,329,183,181,148,3,8,0
1756,508,329,183,180,148,3,8,0
1757,508,329,183,180,148,3,8,0
1758,508,329,183,180,148,3,8,0
1759,508,329,183,180,148,3,8,0
1760,508,329,183,181,148,3,8,0
1761,508,329,183,181,148,3,8,0
1762,508,329,183,181,148,3,8,0
1763,507,329,184,180,148,3,8,0
1764,507,328,184,181,148,3,8,0
1765,507,329,184,181,148,3,8,0
1766,507,328,183,181,148,3,8,0
1767,507,328,183,181,148,3,8,0
1768,507,328,183,181,148,3,8,0
1769,508,328,183,181,148,3,8,0
1770,508,327,181,182,148,3,8,0
1771,507,328,182,181,148,3,8,0
1772,507,328,182,181,148,3,8,0
1773,508,328,181,181,148,3,8,0
1774,508,328,182,181,148,3,8,0
1775,507,328,183,181,148,3,8,0
1776,509,328,182,181,148,3,8,0
1777,508,328,183,181,148,3,8,0
1778,509,328,182,181,148,3,8,0
1779,508,329,183,181,148,3,8,0
1780,509,328,183,181,148,3,8,0
1781,508,329,183,181,148,3,8,0
1782,508,329,183,181,148,3,8,0
1783,508,328,182,182,148,3,8,0
1784,509,329,183,181,148,3,8,0
1785,509,329,183,181,148,3,8,0
1786,509,329,183,181,148,3,8,0
1787,508,329,183,182,148,3,8,0
1788,508,329,183,181,148,3,8,0
1789,508,329,183,181,148,3,8,0
1790,508,329,183,181,148,3,8,0
1791,508,328,183,182,148,3,8,0
1792,508,328,183,182,148,3,8,0
1793,509,328,182,182,148,3,8,0
1794,509,327,182,182,148,3,8,0
1795,508,328,182,181,148,3,8,0
1796,509,327,182,182,148,3,8,0
1797,509,328,182,182,148,3,8,0
1798,509,328,182,182,148,3,8,0
1799,509,328,182,182,148,3,8,0
1800,509,328,182,182,148,3,8,0
1801,509,328,183,182,148,3,8,0
1802,509,328,183,182,148,3,8,0
1803,508,328,183,181,148,3,8,0
1804,509,328,183,182,148,3,8,0
1805,508,329,183,181,148,3,8,0
1806,508,329,183,181,148,3,8,0
1807,508,329,184,181,148,3,8,0
1808,508,328,184,181,148,3,8,0
1809,508,329,184,181,148,3,8,0
1810,508,329,184,181,148,3,8,0
1811,509,329,184,181,148,3,8,0
1812,509,329,183,180,148,3,8,0
1813,509,329,184,180,148,3,8,0
1814,509,329,183,181,148,3,8,0
1815,508,329,184,181,148,3,8,0
1816,509,328,184,181,148,3,8,0
1817,508,327,184,182,148,3,8,0
1818,509,327,183,182,148,3,8,0
1819,508,327,183,182,148,3,8,0
1820,508,327,182,182,148,3,8,0
1821,509,327,182,182,148,3,8,0
1822,509,327,182,181,148,3,8,0
1823,509,327,182,182,148,3,8,0
1824,509,327,181,182,148,3,8,0
1825,509,327,182,182,148,3,8,0
1826,508,327,183,181,148,3,8,0
1827,508,327,183,181,148,3,8,0
1828,508,327,183,181,148,3,8,0
1829,508,327,182,182,148,3,8,0
1830,509,327,182,181,148,3,8,0
1831,509,327,182,181,148,3,8,0
1832,509,327,182,181,148,3,8,0
1833,509,327,182,181,148,3,8,0
1834,508,328,184,180,148,3,8,0
1835,508,328,183,180,148,3,8,0
1836,509,327,182,182,148,3,8,0
1837,509,327,182,182,148,3,8,0
1838,508,328,184,180,148,3,8,0
1839,508,328,183,181,148,3,8,0
1840,509,328,183,182,148,3,8,0
1841,510,327,182,182,148,3,8,0
1842,510,327,182,182,148,3,8,0
1843,509,328,183,180,148,3,8,0
1844,509,328,182,181,148,3,8,0
1845,509,327,182,181,148,3,8,0
1846,509,327,182,181,148,3,8,0
1847,509,327,182,181,148,3,8,0
1848,508,327,183,181,148,3,8,0
1849,509,326,182,182,148,3,8,0
1850,509,326,182,181,148,3,8,0
1851,509,326,182,181,148,3,8,0
1852,509,326,181,181,148,3,8,0
1853,509,326,181,181,148,3,8,0
1854,509,326,181,181,148,3,8,0
1855,508,326,182,182,148,3,8,0
1856,509,326,182,181,148,3,8,0
1857,509,326,182,182,148,3,8,0
1858,509,326,182,182,148,3,8,0
1859,509,327,182,181,148,3,8,0
1860,509,327,182,182,148,3,8,0
1861,509,327,182,182,148,3,8,0
1862,509,327,182,182,148,3,8,0
1863,509,327,183,182,148,3,8,0
1864,509,327,182,182,148,3,8,0
1865,509,327,182,182,148,3,8,0
1866,509,327,182,181,148,3,8,0
1867,509,327,182,181,148,3,8,0
1868,509,327,182,182,148,3,8,0
1869,509,327,182,181,148,3,8,0
1870,509,326,182,182,148,3,8,0
1871,509,326,182,182,148,3,8,0
1872,509,326,182,182,148,3,8,0
1873,509,326,182,182,148,3,8,0
1874,509,326,182,182,148,3,8,0
1875,509,326,182,182,148,3,8,0
1876,509,326,182,182,148,3,8,0
1877,509,326,182,181,148,3,8,0
1878,509,326,182,181,148,3,8,0
1879,509,326,182,181,148,3,8,0
1880,509,326,182,182,148,3,8,0
1881,509,327,182,181,148,3,8,0
1882,509,327,182,181,148,3,8,0
1883,509,327,182,182,148,3,8,0
1884,509,327,182,182,148,3,8,0
1885,509,326,182,182,148,3,8,0
1886,509,326,182,182,148,3,8,0
1887,509,327,182,182,148,3,8,0
1888,509,327,182,181,148,3,8,0
1889,509,327,182,181,148,3,8,0
1890,509,326,182,182,148,3,8,0
1891,509,326,182,182,148,3,8,0
1892,509,326,182,181,148,3,8,0
1893,509,327,182,181,148,3,8,0
1894,508,326,183,181,148,3,8,0
1895,508,326,183,181,148,3,8,0
1896,508,327,183,182,148,3,8,0
1897,507,327,183,181,148,3,8,0
1898,507,327,183,181,148,3,8,0
1899,507,327,184,181,148,3,8,0
1900,508,327,183,181,148,3,8,0
1901,508,327,183,181,148,3,8,0
1902,508,327,183,181,148,3,8,0
1903,508,327,183,181,148,3,8,0
1904,508,327,183,181,148,3,8,0
1905,508,327,183,181,148,3,8,0
1906,508,327,183,181,148,3,8,0
1907,508,327,183,181,148,3,8,0
1908,508,327,183,182,148,3,8,0
1909,508,327,183,182,148,3,8,0
1910,508,327,183,182,148,3,8,0
1911,509,327,182,182,148,3,8,0
1912,509,327,182,181,148,3,8,0
1913,508,327,183,181,148,3,8,0
1914,507,327,183,181,148,3,8,0
1915,508,327,183,182,148,3,8,0
1916,508,327,183,182,148,3,8,0
1917,508,327,183,181,148,3,8,0
1918,508,327,183,181,148,3,8,0
1919,508,327,183,181,148,3,8,0
1920,508,327,183,181,148,3,8,0
1921,508,327,183,181,148,3,8,0
1922,508,327,183,181,148,3,8,0
1923,508,327,183,181,148,3,8,0
1924,508,327,183,181,148,3,8,0
1925,508,327,183,181,148,3,8,0
1926,508,327,183,181,148,3,8,0
1927,508,327,183,181,148,3,8,0
1928,508,327,183,181,148,3,8,0
1929,508,327,183,181,148,3,8,0
1930,509,327,182,181,148,3,8,0
1931,508,327,183,181,148,3,8,0
1932,508,327,183,181,148,3,8,0
1933,508,327,183,181,148,3,8,0
1934,508,327,183,182,148,3,8,0
1935,508,327,183,181,148,3,8,0
1936,508,327,183,181,148,3,8,0
1937,508,327,183,181,148,3,8,0
1938,508,327,183,181,148,3,8,0
1939,508,327,183,181,148,3,8,0
1940,508,327,182,181,148,3,8,0
1941,509,327,182,181,148,3,8,0
1942,508,327,183,181,148,3,8,0
1943,508,327,183,181,148,3,8,0
1944,509,327,183,181,148,3,8,0
1945,508,327,183,181,148,3,8,0
1946,509,327,183,181,148,3,8,0
1947,509,327,183,181,148,3,8,0
1948,509,327,183,182,148,3,8,0
1949,509,327,183,182,148,3,8,0
1950,507,327,184,181,148,3,8,0
1951,507,327,184,181,148,3,8,0
1952,507,327,184,181,148,3,8,0
1953,507,327,184,181,148,3,8,0
1954,507,327,184,181,148,3,8,0
1955,507,327,184,181,148,3,8,0
1956,508,327,183,182,148,3,8,0
1957,508,327,183,182,148,3,8,0
1958,508,327,183,182,148,3,8,0
1959,508,327,183,182,148,3,8,0
1960,508,326,183,182,148,3,8,0
1961,508,327,183,182,148,3,8,0
1962,508,327,183,182,148,3,8,0
1963,508,326,183,182,148,3,8,0
1964,508,326,183,182,148,3,8,0
1965,508,327,183,182,148,3,8,0
1966,508,327,183,182,148,3,8,0
1967,508,327,183,182,148,3,8,0
1968,508,327,183,182,148,3,8,0
1969,508,326,183,182,148,3,8,0
1970,509,326,183,182,148,3,8,0
1971,508,326,182,182,148,3,8,0
1972,508,326,183,182,148,3,8,0
1973,508,326,183,181,148,3,8,0
1974,508,326,183,181,148,3,8,0
1975,508,326,183,182,148,3,8,0
1976,508,326,183,182,148,3,8,0
1977,507,326,183,182,148,3,8,0
1978,507,326,184,182,148,3,8,0
1979,507,326,184,182,148,3,8,0
1980,507,326,184,181,148,3,8,0
1981,508,327,183,181,148,3,8,0
1982,508,327,183,181,148,3,8,0
1983,508,327,183,181,148,3,8,0
1984,508,327,183,181,148,3,8,0
1985,508,327,183,181,148,3,8,0
1986,508,327,183,181,148,3,8,0
1987,508,328,183,181,148,3,8,0
1988,508,328,183,181,148,3,8,0
1989,508,328,183,181,148,3,8,0
1990,508,327,184,182,148,3,8,0
1991,508,327,183,182,148,3,8,0
1992,508,327,183,182,148,3,8,0
1993,508,327,183,181,148,3,8,0
1994,508,327,183,181,148,3,8,0
1995,508,327,183,181,148,3,8,1
1996,507,326,183,181,148,3,8,1
1997,507,326,184,181,148,3,8,1
1998,507,326,184,181,148,3,8,1
1999,507,326,184,181,148,3,8,0
2000,506,326,183,182,148,3,8,0
2001,507,326,183,182,148,3,8,0
2002,507,326,183,181,148,3,8,0
2003,508,327,183,181,148,3,8,0
2004,508,327,183,181,148,3,8,0
2005,508,327,183,181,148,3,8,0
2006,509,327,182,181,148,3,8,0
2007,508,327,183,182,148,3,8,0
2008,508,327,183,182,148,3,8,0
2009,509,327,183,182,148,3,8,0
2010,509,327,183,182,148,3,8,0
2011,509,327,182,182,148,3,8,0
2012,509,327,183,182,148,3,8,0
2013,509,327,183,182,148,3,8,0
2014,509,327,183,182,148,3,8,0
2015,509,327,183,182,148,3,8,0
2016,509,327,182,181,148,3,8,0
2017,509,327,183,181,148,3,8,0
2018,509,327,183,181,148,3,8,0
2019,509,327,183,181,148,3,8,0
2020,509,326,183,181,148,3,8,0
2021,509,326,183,181,148,3,8,0
2022,509,326,182,181,148,3,8,0
2023,509,326,182,181,148,3,8,0
2024,509,326,183,181,148,3,8,0
2025,509,326,183,181,148,3,8,0
2026,509,327,183,181,148,3,8,0
2027,509,327,182,181,148,3,8,0
2028,509,326,183,182,148,3,8,0
2029,509,326,183,182,148,3,8,0
2030,508,327,183,181,148,3,8,1
2031,508,327,183,182,148,3,8,1
2032,508,327,183,182,148,3,8,1
2033,508,327,184,182,148,3,8,1
2034,509,327,183,182,148,3,8,1
2035,508,327,183,182,148,3,8,0
2036,509,327,183,182,148,3,8,0
2037,508,327,183,182,148,3,8,0
2038,508,327,183,182,148,3,8,0
2039,508,327,182,182,148,3,8,0
2040,508,327,182,182,148,3,8,0
2041,508,327,182,182,148,3,8,0
2042,508,327,182,182,148,3,8,0
2043,508,326,182,182,148,3,8,0
2044,508,326,182,182,148,3,8,0
2045,508,326,182,181,148,3,8,0
2046,508,326,183,181,148,3,8,0
2047,508,326,183,181,148,3,8,0
2048,508,326,183,181,148,3,8,0
2049,508,326,183,181,148,3,8,0
2050,508,327,183,181,148,3,8,0
2051,508,327,182,181,148,3,8,0
2052,509,327,182,181,148,3,8,0
2053,509,327,182,181,148,3,8,0
2054,509,327,182,181,148,3,8,0
2055,508,327,183,181,148,3,8,0
2056,509,327,183,181,148,3,8,0
2057,509,327,183,181,148,3,8,0
2058,509,327,183,181,148,3,8,0
2059,509,327,183,181,148,3,8,0
2060,509,327,183,181,148,3,8,0
2061,509,327,182,182,148,3,8,0
2062,509,327,182,181,148,3,8,0
2063,508,327,183,181,148,3,8,0
2064,509,326,182,181,148,3,8,0
2065,509,326,182,181,148,3,8,0
2066,509,326,182,181,148,3,8,0
2067,509,326,182,181,148,3,8,0
2068,509,326,182,181,148,3,8,0
2069,508,326,183,181,148,3,8,0
2070,508,326,182,181,148,3,8,0
2071,508,326,182,181,148,3,8,0
2072,509,326,182,181,148,3,8,0
2073,509,326,182,181,148,3,8,0
2074,509,327,182,181,148,3,8,0
2075,509,327,182,181,148,3,8,0
2076,510,327,181,181,148,3,8,0
2077,509,327,182,181,148,3,8,0
2078,509,327,182,181,148,3,8,0
2079,509,327,182,181,148,3,8,0
2080,509,327,182,181,148,3,8,0
2081,509,327,182,182,148,3,8,0
2082,509,327,183,182,148,3,8,0
2083,509,327,182,182,148,3,8,0
2084,509,327,182,182,148,3,8,0
2085,509,327,183,182,148,3,8,0
2086,509,327,183,182,148,3,8,0
2087,509,326,182,182,148,3,8,0
2088,509,327,182,181,148,3,8,0
2089,510,327,181,181,148,3,8,0
2090,509,327,182,181,148,3,8,0
2091,509,327,182,181,148,3,8,0
2092,509,326,182,181,148,3,8,1
2093,509,326,182,181,148,3,8,1
2094,509,326,182,181,148,3,8,1
2095,509,326,182,181,148,3,8,1
2096,509,326,182,181,148,3,8,0
2097,509,326,182,181,148,3,8,0
2098,509,326,182,181,148,3,8,0
2099,509,327,182,181,148,3,8,0
2100,509,327,182,182,148,3,8,0
2101,509,327,182,182,148,3,8,0
2102,509,327,182,182,148,3,8,0
2103,509,327,182,182,148,3,8,0
2104,509,327,182,182,148,3,8,0
2105,509,327,182,182,148,3,8,0
2106,509,327,182,182,148,3,8,0
2107,509,327,182,182,148,3,8,0
2108,509,327,182,182,148,3,8,0
2109,509,327,181,182,148,3,8,0
2110,509,327,181,182,148,3,8,0
2111,509,327,182,182,148,3,8,0
2112,509,327,182,181,148,3,8,0
2113,508,327,183,181,148,3,8,0
2114,508,327,182,182,148,3,8,0
2115,508,326,182,182,148,3,8,0
2116,508,326,182,181,148,3,8,0
2117,508,326,182,181,148,3,8,0
2118,508,326,182,182,148,3,8,0
2119,508,326,183,182,148,3,8,0
2120,508,326,182,182,148,3,8,0
2121,508,326,183,182,148,3,8,0
2122,509,327,182,181,148,3,8,0
2123,509,327,182,182,148,3,8,0
2124,509,327,182,181,148,3,8,0
2125,509,327,182,181,148,3,8,0
2126,509,327,182,181,148,3,8,0
2127,509,327,182,181,148,3,8,0
2128,508,327,185,180,148,3,8,0
2129,510,327,181,181,148,3,8,0
2130,510,327,181,181,148,3,8,0
2131,510,327,181,181,148,3,8,0
2132,509,327,182,181,148,3,8,0
2133,509,327,183,181,148,3,8,0
2134,508,327,183,181,148,3,8,0
2135,508,326,183,182,148,3,8,0
2136,509,327,182,181,148,3,8,0
2137,509,327,182,181,148,3,8,0
2138,508,327,182,181,148,3,8,0
2139,508,326,182,181,148,3,8,0
2140,508,326,183,181,148,3,8,0
2141,508,326,183,181,148,3,8,0
2142,507,326,184,181,148,3,8,0
2143,507,326,184,181,148,3,8,0
2144,507,326,184,181,148,3,8,0
2145,507,326,183,181,148,3,8,0
2146,507,326,183,181,148,3,8,0
2147,508,326,183,182,148,3,8,0
2148,509,326,182,182,148,3,8,0
2149,509,326,182,182,148,3,8,0
2150,509,326,182,182,148,3,8,0
2151,509,326,182,182,148,3,8,0
2152,509,327,182,181,148,3,8,0
2153,509,327,182,182,148,3,8,0
2154,508,327,182,181,148,3,8,0
2155,508,327,183,181,148,3,8,0
2156,508,327,183,181,148,3,8,0
2157,508,327,183,181,148,3,8,0
2158,508,327,183,181,148,3,8,0
2159,508,327,183,181,148,3,8,0
2160,509,327,182,181,148,3,8,0
2161,509,327,182,181,148,3,8,0
2162,507,326,184,181,148,3,8,0
2163,507,326,184,181,148,3,8,0
2164,507,327,183,181,148,3,8,0
2165,507,327,184,181,148,3,8,0
2166,508,327,183,181,148,3,8,0
2167,507,327,184,181,148,3,8,0
2168,508,327,183,181,148,3,8,0
2169,507,327,184,181,148,3,8,0
2170,507,327,184,182,148,3,8,0
2171,508,327,183,181,148,3,8,0
2172,508,327,183,182,148,3,8,0
2173,508,327,183,182,148,3,8,0
2174,508,327,183,181,148,3,8,0
2175,508,327,183,181,148,3,8,0
2176,508,327,183,181,148,3,8,0
2177,509,327,183,181,148,3,8,0
2178,509,327,183,181,148,3,8,0
2179,508,327,183,182,148,3,8,0
2180,507,327,184,182,148,3,8,0
2181,507,327,184,182,148,3,8,0
2182,508,327,183,181,148,3,8,0
2183,508,327,183,182,148,3,8,0
2184,507,327,184,181,148,3,8,0
2185,507,327,184,182,148,3,8,0
2186,507,327,184,181,148,3,8,0
2187,507,327,184,182,148,3,8,0
2188,507,327,184,182,148,3,8,0
2189,507,327,184,182,148,3,8,0
2190,507,327,184,182,148,3,8,0
2191,507,327,184,182,148,3,8,0
2192,508,327,183,182,148,3,8,0
2193,509,327,182,182,148,3,8,0
2194,509,327,183,182,148,3,8,0
2195,509,327,183,182,148,3,8,0
2196,509,327,183,182,148,3,8,0
2197,509,327,183,182,148,3,8,0
2198,509,327,183,182,148,3,8,0
2199,509,327,183,182,148,3,8,0
2200,509,327,183,182,148,3,8,0
2201,509,327,182,182,148,3,8,0
2202,509,327,182,182,148,3,8,0
2203,509,327,182,182,148,3,8,0
2204,509,327,182,182,148,3,8,0
2205,509,327,182,182,148,3,8,0
2206,509,327,182,182,148,3,8,0
2207,509,327,182,182,148,3,8,0
2208,510,327,182,182,148,3,8,0
2209,510,327,181,182,148,3,8,0
2210,509,326,182,182,148,3,8,0
2211,509,326,182,182,148,3,8,0
2212,508,326,183,182,148,3,8,0
2213,509,326,183,182,148,3,8,0
2214,509,326,183,183,148,3,8,0
2215,509,326,182,183,148,3,8,0
2216,509,326,182,183,148,3,8,0
2217,509,326,182,183,148,3,8,0
2218,509,326,182,183,148,3,8,0
2219,509,326,183,182,148,3,8,0
2220,509,326,182,182,148,3,8,0
2221,509,326,182,182,148,3,8,0
2222,508,326,182,182,148,3,8,0
2223,508,326,182,182,148,3,8,0
2224,508,326,182,182,148,3,8,0
2225,508,326,182,182,148,3,8,0
2226,509,326,182,182,148,3,8,0
2227,509,326,182,182,148,3,8,0
2228,509,326,182,182,148,3,8,0
2229,509,326,182,182,148,3,8,0
2230,509,326,182,182,148,3,8,0
2231,509,327,182,181,148,3,8,0
2232,510,326,181,182,148,3,8,0
2233,510,326,181,182,148,3,8,0
2234,509,326,181,182,148,3,8,0
2235,509,326,182,182,148,3,8,0
2236,509,326,182,182,148,3,8,0
2237,509,326,182,182,148,3,8,0
2238,509,326,181,182,148,3,8,0
2239,509,326,182,181,148,3,8,0
2240,509,326,182,182,148,3,8,0
2241,509,326,182,182,148,3,8,0
2242,509,326,182,181,148,3,8,0
2243,509,326,182,181,148,3,8,0
2244,509,326,182,181,148,3,8,0
2245,509,326,182,181,148,3,8,0
2246,508,326,182,181,148,3,8,0
2247,508,326,182,181,148,3,8,0
2248,508,326,182,181,148,3,8,0
2249,508,326,182,181,148,3,8,0
2250,509,326,182,181,148,3,8,0
2251,509,326,182,181,148,3,8,0
2252,508,326,183,182,148,3,8,0
2253,508,326,182,182,148,3,8,0
2254,509,326,182,182,148,3,8,0
2255,509,326,182,182,148,3,8,0
2256,509,326,181,182,148,3,8,0
2257,509,326,182,182,148,3,8,0
2258,509,326,182,182,148,3,8,0
2259,509,326,182,182,148,3,8,0
2260,509,326,181,182,148,3,8,0
2261,509,326,181,182,148,3,8,0
2262,508,325,181,181,148,3,8,0
2263,508,326,181,181,148,3,8,0
2264,508,326,181,181,148,3,8,0
2265,508,326,181,181,148,3,8,0
2266,508,326,181,181,148,3,8,0
2267,509,326,181,182,148,3,8,0
2268,509,326,181,182,148,3,8,0
2269,509,326,181,181,148,3,8,0
2270,509,326,180,181,148,3,8,0
2271,509,326,181,181,148,3,8,0
2272,508,326,182,182,148,3,8,0
2273,508,326,182,182,148,3,8,0
2274,508,326,182,182,148,3,8,0
2275,509,326,181,182,148,3,8,0
2276,509,326,181,182,148,3,8,0
2277,509,326,181,182,148,3,8,0
2278,509,326,182,182,148,3,8,0
2279,509,326,181,182,148,3,8,0
2280,509,326,181,182,148,3,8,0
2281,508,326,182,182,148,3,8,0
2282,508,326,182,182,148,3,8,0
2283,508,326,182,182,148,3,8,0
2284,508,326,182,182,148,3,8,0
2285,508,326,182,182,148,3,8,0
2286,507,326,183,182,148,3,8,0
2287,507,326,183,182,148,3,8,0
2288,507,326,183,182,148,3,8,0
2289,507,326,183,182,148,3,8,0
2290,507,326,183,182,148,3,8,0
2291,508,326,182,181,148,3,8,0
2292,508,326,182,181,148,3,8,0
2293,508,326,182,181,148,3,8,0
2294,509,326,181,181,148,3,8,0
2295,509,327,181,181,148,3,8,0
2296,509,326,181,181,148,3,8,0
2297,509,326,181,181,148,3,8,0
2298,509,327,182,181,148,3,8,0
2299,509,327,182,181,148,3,8,0
2300,509,326,182,181,148,3,8,0
2301,509,327,181,181,148,3,8,0
2302,508,326,182,182,148,3,8,0
2303,508,326,182,181,148,3,8,0
2304,508,326,182,182,148,3,8,0
2305,508,326,182,182,148,3,8,0
2306,507,326,183,181,148,3,8,0
2307,507,326,182,181,148,3,8,0
2308,509,326,182,182,148,3,8,0
2309,508,326,182,182,148,3,8,0
2310,507,327,183,181,148,3,8,0
2311,507,327,183,181,148,3,8,0
2312,508,326,181,182,148,3,8,0
2313,509,326,181,181,148,3,8,0
2314,508,326,181,181,148,3,8,0
2315,509,326,181,181,148,3,8,0
2316,508,326,182,182,148,3,8,0
2317,509,326,181,182,148,3,8,0
2318,509,326,181,182,148,3,8,0
2319,509,326,181,182,148,3,8,0
2320,510,326,181,182,148,3,8,0
2321,510,327,180,182,148,3,8,0
2322,510,326,182,182,148,3,8,0
2323,509,327,183,182,148,3,8,0
2324,510,326,182,182,148,3,8,0
2325,509,326,182,182,148,3,8,0
2326,510,326,182,182,148,3,8,0
2327,509,326,182,182,148,3,8,0
2328,509,327,182,181,148,3,8,0
2329,509,327,181,181,148,3,8,0
2330,509,327,181,181,148,3,8,0
2331,509,327,181,181,148,3,8,0
0,639,242,161,121,149,9,0,0
1,638,242,161,121,149,9,0,0
2,638,242,161,121,149,9,0,0
3,638,242,161,121,149,9,0,0
4,638,241,162,122,149,9,0,0
5,638,242,162,122,149,9,0,0
6,638,241,161,123,149,9,0,0
7,638,241,161,123,149,9,0,0
8,638,241,161,123,149,9,0,0
9,638,241,161,123,149,9,0,0
10,638,241,161,123,149,9,0,0
11,638,241,161,123,149,9,0,0
12,638,242,161,122,149,9,0,0
13,638,242,161,122,149,9,0,0
14,638,242,161,122,149,9,0,0
15,638,241,161,122,149,9,0,0
16,638,241,161,122,149,9,0,0
17,638,241,161,123,149,9,0,0
18,638,241,161,123,149,9,0,0
19,638,241,162,123,149,9,0,0
20,638,238,162,125,149,9,0,0
21,638,239,161,124,149,9,0,0
22,638,239,161,124,149,9,0,0
23,637,239,162,124,149,9,0,1
24,638,241,162,121,149,9,0,1
25,638,241,162,122,149,9,0,1
26,638,241,162,122,149,9,0,0
27,638,241,162,122,149,9,0,0
28,638,241,161,122,149,9,0,0
29,638,241,162,121,149,9,0,0
30,638,241,162,122,149,9,0,0
31,638,242,162,121,149,9,0,0
32,638,242,162,121,149,9,0,0
33,638,241,161,122,149,9,0,0
34,638,241,162,122,149,9,0,0
35,638,241,162,122,149,9,0,0
36,638,239,162,125,149,9,0,0
37,638,239,162,124,149,9,0,0
38,638,239,162,125,149,9,0,0
39,638,238,162,125,149,9,0,0
40,638,240,161,123,149,9,0,0
41,638,241,161,122,149,9,0,0
42,638,242,161,121,149,9,0,0
43,638,242,161,121,149,9,0,0
44,638,242,161,121,149,9,0,0
45,638,241,161,122,149,9,0,0
46,638,243,161,119,149,9,0,0
47,638,243,161,120,149,9,0,0
48,638,242,161,121,149,9,0,0
49,638,242,162,121,149,9,0,1
50,638,242,162,120,149,9,0,1
51,638,243,162,120,149,9,0,1
52,638,243,162,121,149,9,0,1
53,638,242,162,122,149,9,0,1
54,638,242,162,122,149,9,0,1
55,638,242,162,122,149,9,0,1
56,638,242,162,122,149,9,0,1
57,638,242,162,122,149,9,0,0
58,638,243,162,121,149,9,0,1
59,638,243,162,121,149,9,0,1
60,638,242,162,121,149,9,0,2
61,638,243,162,120,149,9,0,1
62,638,243,162,120,149,9,0,2
63,638,243,162,120,149,9,0,1
64,638,243,161,119,149,9,0,1
65,638,243,161,120,149,9,0,1
66,638,242,161,120,149,9,0,1
67,638,242,161,120,149,9,0,1
68,638,242,161,120,149,9,0,1
69,638,243,161,119,149,9,0,0
70,638,243,161,119,149,9,0,0
71,638,242,161,120,149,9,0,0
72,638,241,161,120,149,9,0,0
73,638,241,161,120,149,9,0,0
74,638,241,161,120,149,9,0,0
75,638,241,161,120,149,9,0,0
76,638,243,161,119,149,9,0,0
77,638,243,162,119,149,9,0,0
78,638,242,162,119,149,9,0,0
79,638,242,162,120,149,9,0,0
80,638,243,162,120,149,9,0,1
81,638,243,161,120,149,9,0,0
82,638,243,162,120,149,9,0,0
83,638,243,162,119,149,9,0,0
84,638,242,162,120,149,9,0,0
85,638,242,162,120,149,9,0,0
86,638,242,162,120,149,9,0,0
87,638,242,161,120,149,9,0,0
88,638,241,161,121,149,9,0,0
89,638,242,161,120,149,9,0,0
90,638,241,161,121,149,9,0,0
91,638,242,161,120,149,9,0,0
92,638,242,161,120,149,9,0,0
93,638,242,161,120,149,9,0,0
94,638,242,162,120,149,9,0,0
95,638,242,162,120,149,9,0,0
96,638,242,162,120,149,9,0,0
97,638,243,162,119,149,9,0,0
98,638,242,162,119,149,9,0,0
99,638,242,162,119,149,9,0,0
100,638,242,161,120,149,9,0,0
101,638,242,161,121,149,9,0,1
102,638,242,161,121,149,9,0,1
103,638,243,162,121,149,9,0,2
104,638,243,161,121,149,9,0,2
105,638,241,161,122,149,9,0,2
106,639,241,161,122,149,9,0,1
107,639,241,161,122,149,9,0,0
108,639,242,161,122,149,9,0,0
109,638,242,161,122,149,9,0,0
110,639,242,161,121,149,9,0,0
111,638,242,162,121,149,9,0,0
112,638,242,162,121,149,9,0,0
113,638,242,162,121,149,9,0,0
114,637,242,162,121,149,9,0,0
115,637,242,162,121,149,9,0,0
116,638,242,162,121,149,9,0,0
117,638,242,162,121,149,9,0,0
118,638,242,162,121,149,9,0,0
119,638,242,162,121,149,9,0,0
120,638,241,162,121,149,9,0,0
121,638,241,161,121,149,9,0,0
122,638,241,161,121,149,9,0,0
123,638,242,162,121,149,9,0,0
124,638,242,162,121,149,9,0,0
125,638,242,161,121,149,9,0,0
126,638,241,161,121,149,9,0,0
127,638,239,162,123,149,9,0,0
128,638,239,162,123,149,9,0,0
129,638,240,162,122,149,9,0,0
130,638,240,162,123,149,9,0,0
131,638,240,162,123,149,9,0,0
132,638,242,162,121,149,9,0,0
133,638,242,162,120,149,9,0,0
134,638,242,162,120,149,9,0,0
135,638,241,162,121,149,9,0,0
136,638,240,162,122,149,9,0,0
137,638,241,162,122,149,9,0,0
138,638,241,162,122,149,9,0,0
139,638,240,162,123,149,9,0,0
140,638,240,162,122,149,9,0,0
141,638,240,162,123,149,9,0,0
142,638,240,162,123,149,9,0,0
143,638,240,162,123,149,9,0,0
144,638,239,162,124,149,9,0,0
145,638,241,162,122,149,9,0,0
146,638,242,162,121,149,9,0,0
147,638,242,162,121,149,9,0,0
148,638,242,162,121,149,9,0,0
149,638,242,162,121,149,9,0,0
150,638,243,161,120,149,9,0,0
151,638,243,161,120,149,9,0,0
152,638,243,161,120,149,9,0,0
153,638,243,161,120,149,9,0,0
154,638,243,161,119,149,9,0,0
155,638,242,161,120,149,9,0,0
156,638,243,161,120,149,9,0,0
157,638,243,161,120,149,9,0,0
158,638,242,161,121,149,9,0,0
159,638,242,161,121,149,9,0,0
160,638,243,161,120,149,9,0,0
161,638,243,161,120,149,9,0,0
162,638,243,161,120,149,9,0,0
163,638,243,162,120,149,9,0,0
164,638,243,161,120,149,9,0,0
165,638,243,162,120,149,9,0,0
166,638,243,162,120,149,9,0,0
167,638,243,161,120,149,9,0,0
168,638,243,162,120,149,9,0,0
169,638,244,161,120,149,9,0,0
170,638,243,161,121,149,9,0,0
171,638,242,162,121,149,9,0,0
172,638,242,162,121,149,9,0,0
173,638,241,162,123,149,9,0,0
174,638,242,162,122,149,9,0,0
175,638,241,162,122,149,9,0,0
176,638,241,162,122,149,9,0,0
177,638,241,162,122,149,9,0,0
178,638,241,162,122,149,9,0,0
179,638,242,162,122,149,9,0,0
180,638,240,162,123,149,9,0,0
181,638,242,162,121,149,9,0,0
182,638,242,162,121,149,9,0,0
183,638,242,162,121,149,9,0,0
184,638,242,162,121,149,9,0,0
185,637,242,163,121,149,9,0,0
186,637,242,163,121,149,9,0,0
187,637,241,162,122,149,9,0,0
188,637,241,162,122,149,9,0,0
189,638,241,162,122,149,9,0,0
190,637,241,162,122,149,9,0,0
191,637,241,162,122,149,9,0,0
192,638,242,162,120,149,9,0,0
193,638,243,162,120,149,9,0,0
194,638,243,162,120,149,9,0,0
195,638,243,162,120,149,9,0,0
196,638,240,162,122,149,9,0,1
197,638,241,162,122,149,9,0,1
198,638,242,162,122,149,9,0,1
199,638,242,162,122,149,9,0,0
200,638,242,161,121,149,9,0,1
201,638,241,162,122,149,9,0,1
202,638,242,162,122,149,9,0,1
203,638,242,162,122,149,9,0,0
204,638,243,162,121,149,9,0,0
205,638,243,162,120,149,9,0,0
206,638,243,162,120,149,9,0,0
207,638,242,162,120,149,9,0,0
208,638,243,162,120,149,9,0,0
209,638,242,162,121,149,9,0,0
210,638,243,162,120,149,9,0,0
211,638,243,162,120,149,9,0,0
212,638,243,162,119,149,9,0,0
213,638,243,162,120,149,9,0,0
214,638,243,162,120,149,9,0,0
215,638,243,161,120,149,9,0,0
216,638,242,162,120,149,9,0,0
217,638,242,162,120,149,9,0,0
218,638,242,162,120,149,9,0,0
219,638,243,162,120,149,9,0,0
220,638,242,162,121,149,9,0,0
221,638,243,162,120,149,9,0,0
222,638,242,162,121,149,9,0,1
223,638,241,162,123,149,9,0,1
224,638,240,162,123,149,9,0,1
225,638,240,162,124,149,9,0,1
226,638,241,162,123,149,9,0,1
227,638,241,162,123,149,9,0,0
228,638,243,162,120,149,9,0,0
229,638,243,162,121,149,9,0,0
230,638,243,162,121,149,9,0,0
231,638,242,162,121,149,9,0,1
232,638,243,162,120,149,9,0,0
233,638,243,161,120,149,9,0,0
234,638,243,162,120,149,9,0,0
235,638,243,161,120,149,9,0,0
236,638,243,161,120,149,9,0,0
237,638,242,161,120,149,9,0,0
238,638,242,161,120,149,9,0,0
239,638,242,161,120,149,9,0,0
240,638,242,162,120,149,9,0,0
241,638,242,162,121,149,9,0,0
242,638,242,162,120,149,9,0,0
243,638,240,162,122,149,9,0,0
244,638,240,162,122,149,9,0,0
245,638,242,161,120,149,9,0,0
246,638,243,161,120,149,9,0,0
247,638,243,161,120,149,9,0,0
248,638,242,162,121,149,9,0,0
249,638,242,162,121,149,9,0,1
250,638,241,162,122,149,9,0,1
251,638,241,162,122,149,9,0,1
252,638,242,161,121,149,9,0,0
253,638,243,161,120,149,9,0,0
254,638,243,161,121,149,9,0,0
255,638,242,161,121,149,9,0,0
256,638,242,162,122,149,9,0,0
257,638,243,162,121,149,9,0,0
258,638,241,161,122,149,9,0,0
259,638,241,161,122,149,9,0,0
260,638,241,161,122,149,9,0,0
261,638,240,162,123,149,9,0,0
262,638,241,162,123,149,9,0,0
263,638,242,161,122,149,9,0,0
264,638,239,162,124,149,9,0,0
265,638,237,162,126,149,9,0,0
266,638,237,162,127,149,9,0,0
267,638,236,162,128,149,9,0,0
268,638,236,162,127,149,9,0,0
269,638,236,162,128,149,9,0,0
270,638,237,162,126,149,9,0,0
271,638,242,161,121,149,9,0,0
272,638,242,161,121,149,9,0,0
273,638,242,162,121,149,9,0,0
274,638,242,162,121,149,9,0,0
275,638,242,162,121,149,9,0,0
276,638,242,162,121,149,9,0,0
277,638,243,162,120,149,9,0,0
278,638,243,162,120,149,9,0,0
279,638,243,162,120,149,9,0,0
280,638,243,162,121,149,9,0,0
281,638,243,162,121,149,9,0,0
282,638,242,162,121,149,9,0,0
283,638,242,162,121,149,9,0,0
284,639,242,161,122,149,9,0,0
285,639,241,161,123,149,9,0,0
286,639,241,161,123,149,9,0,0
287,639,241,161,123,149,9,0,0
288,638,241,162,122,149,9,0,0
289,638,242,162,122,149,9,0,0
290,638,242,162,122,149,9,0,0
291,638,242,161,121,149,9,0,0
292,638,242,161,121,149,9,0,0
293,638,242,161,122,149,9,0,0
294,638,241,161,122,149,9,0,0
295,638,241,161,123,149,9,0,0
296,639,242,161,122,149,9,0,0
297,638,241,161,122,149,9,0,0
298,638,241,161,122,149,9,0,0
299,638,241,161,122,149,9,0,0
300,638,243,162,120,149,9,0,0
301,638,242,162,120,149,9,0,0
302,638,243,162,120,149,9,0,0
303,638,243,162,120,149,9,0,0
304,638,243,162,121,149,9,0,0
305,638,243,162,121,149,9,0,0
306,638,243,162,120,149,9,0,0
307,638,242,162,121,149,9,0,0
308,638,243,162,121,149,9,0,0
309,638,242,162,121,149,9,0,0
310,638,242,162,121,149,9,0,0
311,638,243,162,121,149,9,0,0
312,638,241,162,123,149,9,0,0
313,638,241,162,123,149,9,0,0
314,638,241,161,122,149,9,0,0
315,637,242,162,120,149,9,0,0
316,637,243,162,120,149,9,0,0
317,637,243,162,120,149,9,0,0
318,637,243,162,120,149,9,0,0
319,637,243,162,120,149,9,0,0
320,637,243,162,120,149,9,0,0
321,638,243,162,120,149,9,0,1
322,637,242,162,120,149,9,0,1
323,637,242,162,120,149,9,0,2
324,638,242,162,119,149,9,0,2
325,638,242,162,119,149,9,0,2
326,638,242,161,119,149,9,0,1
327,638,242,162,120,149,9,0,0
328,638,242,162,119,149,9,0,0
329,638,242,162,120,149,9,0,0
330,638,242,162,120,149,9,0,0
331,638,242,161,120,149,9,0,0
332,638,242,162,120,149,9,0,0
333,638,242,161,120,149,9,0,0
334,638,242,162,120,149,9,0,1
335,638,242,162,120,149,9,0,2
336,638,242,162,121,149,9,0,2
337,638,242,162,121,149,9,0,2
338,638,242,162,121,149,9,0,1
339,638,241,162,121,149,9,0,0
340,638,241,162,121,149,9,0,0
341,638,241,162,121,149,9,0,0
342,638,241,162,121,149,9,0,1
343,638,241,162,121,149,9,0,0
344,638,241,162,121,149,9,0,0
345,638,241,162,121,149,9,0,0
346,638,241,162,121,149,9,0,0
347,638,241,162,121,149,9,0,0
348,638,241,162,122,149,9,0,0
349,638,239,162,124,149,9,0,0
350,638,241,162,123,149,9,0,1
351,638,241,162,123,149,9,0,1
352,638,241,162,123,149,9,0,0
353,639,240,161,123,149,9,0,0
354,639,241,161,122,149,9,0,0
355,639,241,161,122,149,9,0,0
356,639,241,161,122,149,9,0,0
357,639,242,161,121,149,9,0,0
358,639,242,161,121,149,9,0,0
359,639,241,161,122,149,9,0,0
360,638,243,161,120,149,9,0,0
361,638,243,161,121,149,9,0,0
362,638,243,161,121,149,9,0,0
363,638,243,161,121,149,9,0,0
364,638,242,161,121,149,9,0,0
365,638,243,161,121,149,9,0,0
366,638,243,161,121,149,9,0,0
367,638,241,161,122,149,9,0,0
368,638,242,161,121,149,9,0,0
369,638,242,161,121,149,9,0,0
370,638,242,161,121,149,9,0,0
371,638,242,161,122,149,9,0,0
372,638,242,162,121,149,9,0,0
373,638,242,162,121,149,9,0,0
374,638,242,162,121,149,9,0,0
375,638,242,162,120,149,9,0,0
376,638,242,161,121,149,9,0,0
377,638,242,161,121,149,9,0,0
378,638,243,161,120,149,9,0,0
379,638,243,161,120,149,9,0,0
380,638,243,161,120,149,9,0,0
381,638,243,161,121,149,9,0,0
382,638,242,161,121,149,9,0,0
383,638,243,162,120,149,9,0,0
384,638,242,162,121,149,9,0,0
385,638,242,162,120,149,9,0,0
386,638,242,162,120,149,9,0,0
387,639,242,161,121,149,9,0,0
388,638,241,161,121,149,9,0,0
389,639,241,161,122,149,9,0,0
390,638,242,161,120,149,9,0,0
391,638,241,161,121,149,9,0,0
392,638,241,161,121,149,9,0,0
393,638,241,161,122,149,9,0,0
394,639,239,161,124,149,9,0,0
395,639,239,161,125,149,9,0,0
396,638,242,161,120,149,9,0,0
397,638,242,161,120,149,9,0,0
398,638,242,161,120,149,9,0,0
399,638,243,161,120,149,9,0,0
400,638,242,161,120,149,9,0,0
401,638,242,161,120,149,9,0,1
402,638,242,161,121,149,9,0,1
403,638,242,161,122,149,9,0,1
404,638,242,161,121,149,9,0,1
405,638,242,161,121,149,9,0,0
406,638,242,162,121,149,9,0,0
407,638,241,162,122,149,9,0,0
408,638,240,162,123,149,9,0,0
409,638,241,162,122,149,9,0,0
410,638,241,162,122,149,9,0,0
411,638,240,162,123,149,9,0,0
412,638,239,162,123,149,9,0,0
413,638,240,162,123,149,9,0,0
414,638,239,162,124,149,9,0,0
415,638,239,162,123,149,9,0,0
416,638,240,162,123,149,9,0,0
417,638,238,161,124,149,9,0,0
418,638,239,161,123,149,9,0,0
419,638,240,162,122,149,9,0,0
420,638,240,162,122,149,9,0,0
421,638,240,161,122,149,9,0,0
422,638,241,161,122,149,9,0,0
423,638,240,162,123,149,9,0,1
424,638,240,162,123,149,9,0,1
425,638,240,162,123,149,9,0,1
426,638,240,162,122,149,9,0,0
427,638,240,162,123,149,9,0,0
428,638,240,162,123,149,9,0,0
429,638,241,162,123,149,9,0,0
430,638,241,162,123,149,9,0,0
431,638,241,162,122,149,9,0,0
432,638,242,162,121,149,9,0,0
433,638,242,162,121,149,9,0,0
434,638,242,162,121,149,9,0,1
435,638,242,162,120,149,9,0,1
436,638,242,162,120,149,9,0,0
437,638,242,162,121,149,9,0,0
438,638,242,163,121,149,9,0,0
439,638,240,162,123,149,9,0,0
440,638,239,162,124,149,9,0,0
441,638,242,162,121,149,9,0,0
442,638,240,162,123,149,9,0,0
443,638,240,162,123,149,9,0,0
444,638,241,162,121,149,9,0,0
445,638,241,162,122,149,9,0,0
446,638,240,162,122,149,9,0,0
447,638,240,161,122,149,9,0,0
448,638,240,162,122,149,9,0,0
449,638,240,162,122,149,9,0,0
450,638,241,162,123,149,9,0,1
451,638,240,162,124,149,9,0,1
452,638,240,162,124,149,9,0,1
453,638,240,162,124,149,9,0,2
454,638,240,162,123,149,9,0,2
455,638,242,162,123,149,9,0,2
456,638,242,162,122,149,9,0,1
457,638,242,161,122,149,9,0,1
458,639,240,161,123,149,9,0,0
459,638,240,161,123,149,9,0,1
460,638,239,161,124,149,9,0,1
461,638,240,161,123,149,9,0,1
462,639,239,161,123,149,9,0,1
463,638,240,161,123,149,9,0,0
464,638,240,161,123,149,9,0,0
465,638,241,161,122,149,9,0,0
466,638,240,162,123,149,9,0,0
467,638,240,162,123,149,9,0,0
468,638,242,162,121,149,9,0,0
469,638,240,162,123,149,9,0,0
470,638,240,162,124,149,9,0,1
471,638,240,162,124,149,9,0,1
472,638,239,162,125,149,9,0,1
473,638,242,162,123,149,9,0,1
474,638,240,162,124,149,9,0,0
475,638,241,162,123,149,9,0,0
476,638,241,162,122,149,9,0,0
477,638,241,162,123,149,9,0,0
478,638,241,162,123,149,9,0,0
479,638,241,162,123,149,9,0,0
480,638,238,162,126,149,9,0,0
481,638,239,162,124,149,9,0,0
482,638,239,162,125,149,9,0,0
483,638,239,162,126,149,9,0,0
484,637,240,162,124,149,9,0,0
485,637,240,162,124,149,9,0,0
486,637,241,162,123,149,9,0,0
487,637,242,162,123,149,9,0,0
488,637,241,162,123,149,9,0,0
489,638,242,162,121,149,9,0,0
490,637,242,162,121,149,9,0,0
491,637,242,162,122,149,9,0,0
492,638,242,162,121,149,9,0,0
493,638,242,162,121,149,9,0,0
494,638,241,162,122,149,9,0,0
495,638,241,162,122,149,9,0,0
496,638,242,162,122,149,9,0,0
497,638,241,162,123,149,9,0,0
498,638,239,162,124,149,9,0,0
499,638,239,162,124,149,9,0,0
500,638,242,162,122,149,9,0,0
501,638,242,162,122,149,9,0,0
502,638,241,162,123,149,9,0,0
503,638,239,162,125,149,9,0,0
504,638,240,162,124,149,9,0,0
505,638,241,162,122,149,9,0,0
506,638,239,162,124,149,9,0,1
507,638,238,162,125,149,9,0,1
508,638,238,162,125,149,9,0,1
509,638,238,162,125,149,9,0,0
510,638,239,162,124,149,9,0,0
511,638,239,161,124,149,9,0,0
512,638,238,161,125,149,9,0,0
513,638,238,161,125,149,9,0,0
514,638,237,161,127,149,9,0,0
515,638,237,161,127,149,9,0,0
516,638,241,162,122,149,9,0,0
517,638,241,162,123,149,9,0,0
518,638,241,162,122,149,9,0,0
519,638,239,162,124,149,9,0,0
520,638,239,162,124,149,9,0,0
521,638,240,162,124,149,9,0,0
522,638,239,162,125,149,9,0,0
523,638,238,162,126,149,9,0,0
524,638,237,161,127,149,9,0,0
525,638,237,162,126,149,9,0,0
526,638,237,162,127,149,9,0,0
527,638,237,162,127,149,9,0,0
528,638,238,161,126,149,9,0,0
529,638,237,161,126,149,9,0,0
530,638,238,162,126,149,9,0,0
531,638,237,162,127,149,9,0,0
532,638,238,162,127,149,9,0,0
533,638,238,161,126,149,9,0,0
534,638,238,162,126,149,9,0,0
535,638,238,162,126,149,9,0,0
536,637,239,162,124,149,9,0,0
537,637,239,162,124,149,9,0,1
538,637,241,162,123,149,9,0,1
539,638,240,162,122,149,9,0,1
540,638,239,162,124,149,9,0,1
541,637,238,163,126,149,9,0,0
542,638,238,162,126,149,9,0,0
543,638,237,162,126,149,9,0,0
544,638,238,162,126,149,9,0,0
545,638,239,162,125,149,9,0,0
546,638,238,162,126,149,9,0,0
547,638,239,162,126,149,9,0,0
548,638,238,162,125,149,9,0,0
549,638,240,162,124,149,9,0,0
550,638,240,162,124,149,9,0,0
551,638,240,162,124,149,9,0,0
552,638,240,162,124,149,9,0,0
553,638,239,162,125,149,9,0,0
554,638,239,162,125,149,9,0,0
555,638,239,162,125,149,9,0,0
556,638,241,162,123,149,9,0,0
557,638,241,162,123,149,9,0,0
558,638,241,162,123,149,9,0,0
559,638,241,162,123,149,9,0,0
560,638,240,162,123,149,9,0,0
561,638,241,162,123,149,9,0,0
562,638,240,161,123,149,9,0,0
563,638,240,161,123,149,9,0,0
564,638,239,161,124,149,9,0,0
565,638,239,161,124,149,9,0,0
566,638,239,161,124,149,9,0,0
567,638,239,162,123,149,9,0,0
568,638,238,162,125,149,9,0,0
569,638,238,162,125,149,9,0,0
570,638,238,161,125,149,9,0,0
571,638,239,161,124,149,9,0,0
572,638,239,161,124,149,9,0,0
573,638,238,162,125,149,9,0,0
574,638,239,161,125,149,9,0,0
575,638,239,161,123,149,9,0,0
576,638,240,161,122,149,9,0,0
577,638,242,161,121,149,9,0,0
578,638,242,161,121,149,9,0,0
579,638,241,161,122,149,9,0,0
580,638,239,162,124,149,9,0,1
581,638,238,162,125,149,9,0,1
582,638,238,162,125,149,9,0,0
583,638,237,162,126,149,9,0,0
584,638,238,161,125,149,9,0,0
585,638,238,161,126,149,9,0,0
586,638,239,161,125,149,9,0,0
587,638,241,162,122,149,9,0,0
588,638,241,162,123,149,9,0,1
589,638,242,162,123,149,9,0,2
590,638,243,162,122,149,9,0,2
591,638,243,162,122,149,9,0,2
592,638,243,162,122,149,9,0,2
593,638,242,162,123,149,9,0,1
594,638,242,162,123,149,9,0,1
595,639,242,162,122,149,9,0,1
596,638,242,162,122,149,9,0,1
597,638,243,162,121,149,9,0,1
598,638,243,162,120,149,9,0,2
599,638,243,162,120,149,9,0,2
600,638,242,162,120,149,9,0,2
601,638,243,162,120,149,9,0,1
602,638,242,162,121,149,9,0,1
603,638,242,162,121,149,9,0,0
604,638,242,162,121,149,9,0,0
605,638,242,162,121,149,9,0,0
606,638,241,162,121,149,9,0,0
607,638,238,162,125,149,9,0,0
608,638,239,162,124,149,9,0,0
609,638,239,162,124,149,9,0,0
610,638,239,162,124,149,9,0,0
611,638,239,162,124,149,9,0,1
612,638,238,162,126,149,9,0,1
613,638,238,162,126,149,9,0,1
614,638,237,162,126,149,9,0,0
615,638,237,162,127,149,9,0,1
616,638,238,162,126,149,9,0,1
617,639,239,161,125,149,9,0,1
618,639,240,161,124,149,9,0,1
619,638,240,161,124,149,9,0,1
620,638,240,161,125,149,9,0,1
621,638,239,162,125,149,9,0,0
622,638,239,162,124,149,9,0,1
623,638,240,162,124,149,9,0,1
624,638,240,162,123,149,9,0,2
625,638,240,162,123,149,9,0,1
626,638,240,162,123,149,9,0,1
627,638,240,162,123,149,9,0,0
628,638,239,162,124,149,9,0,0
629,638,240,162,123,149,9,0,0
630,638,241,162,122,149,9,0,0
631,638,240,162,123,149,9,0,0
632,638,240,162,123,149,9,0,0
633,638,239,162,124,149,9,0,0
634,638,240,161,123,149,9,0,0
635,638,240,161,123,149,9,0,0
636,638,239,162,124,149,9,0,0
637,638,243,161,120,149,9,0,0
638,638,243,161,120,149,9,0,0
639,639,242,161,121,149,9,0,0
640,639,243,161,120,149,9,0,0
641,639,243,161,120,149,9,0,0
642,639,243,161,120,149,9,0,0
643,639,243,161,120,149,9,0,0
644,639,243,161,120,149,9,0,0
645,638,244,162,120,149,9,0,0
646,638,243,161,120,149,9,0,0
647,639,239,161,124,149,9,0,0
648,639,239,161,125,149,9,0,1
649,639,241,161,124,149,9,0,1
650,639,241,161,124,149,9,0,1
651,639,239,161,125,149,9,0,1
652,639,239,161,125,149,9,0,1
653,639,239,161,125,149,9,0,0
654,639,239,161,125,149,9,0,1
655,639,239,161,125,149,9,0,1
656,639,237,161,126,149,9,0,2
657,639,238,161,125,149,9,0,1
658,639,239,161,124,149,9,0,1
659,639,239,161,124,149,9,0,1
660,639,238,161,125,149,9,0,1
661,638,238,162,125,149,9,0,1
662,638,238,162,125,149,9,0,1
663,639,238,161,126,149,9,0,1
664,639,238,161,126,149,9,0,0
665,639,237,161,126,149,9,0,0
666,639,236,161,127,149,9,0,0
667,639,239,161,125,149,9,0,0
668,639,238,161,126,149,9,0,0
669,639,238,161,125,149,9,0,0
670,639,238,161,125,149,9,0,0
671,639,239,161,124,149,9,0,0
672,639,240,161,124,149,9,0,0
673,639,240,161,124,149,9,0,0
674,639,239,161,125,149,9,0,0
675,639,238,161,125,149,9,0,0
676,639,238,161,125,149,9,0,0
677,639,239,161,125,149,9,0,0
678,639,240,161,124,149,9,0,0
679,639,240,161,123,149,9,0,1
680,639,239,161,124,149,9,0,1
681,638,240,162,125,149,9,0,2
682,638,239,162,125,149,9,0,1
683,638,239,162,124,149,9,0,0
684,638,240,162,123,149,9,0,0
685,638,239,162,124,149,9,0,0
686,638,239,162,124,149,9,0,1
687,638,237,162,126,149,9,0,2
688,638,236,162,126,149,9,0,2
689,638,236,162,126,149,9,0,1
690,638,236,162,127,149,9,0,0
691,638,236,162,127,149,9,0,0
692,638,237,162,126,149,9,0,0
693,639,237,162,126,149,9,0,1
694,639,237,161,126,149,9,0,1
695,640,236,161,128,149,9,0,2
696,640,240,161,125,149,9,0,1
697,640,242,161,122,149,9,0,2
698,640,244,161,120,149,9,0,2
699,640,244,161,121,149,9,0,2
700,640,244,161,120,149,9,0,1
701,640,245,161,120,149,9,0,1
702,640,245,161,120,149,9,0,0
703,640,245,161,120,149,9,0,0
704,640,244,161,121,149,9,0,0
705,639,244,161,121,149,9,0,0
706,640,244,161,121,149,9,0,0
707,639,242,162,123,149,9,0,1
708,639,243,162,123,149,9,0,2
709,639,243,161,123,149,9,0,2
710,639,241,161,125,149,9,0,2
711,639,243,161,123,149,9,0,2
712,639,242,162,125,149,9,0,2
713,639,241,162,125,149,9,0,2
714,639,240,162,126,149,9,0,2
715,639,241,161,123,149,9,0,2
716,639,243,162,122,149,9,0,1
717,639,243,162,123,149,9,0,1
718,639,241,161,123,149,9,0,1
719,639,242,161,123,149,9,0,1
720,639,244,161,121,149,9,0,1
721,640,245,161,122,149,9,0,1
722,640,245,162,121,149,9,0,0
723,640,245,162,121,149,9,0,1
724,640,244,162,122,149,9,0,1
725,639,247,162,119,149,9,0,1
726,639,245,162,121,149,9,0,1
727,640,245,161,120,149,9,0,1
728,640,245,161,120,149,9,0,0
729,640,244,161,121,149,9,0,0
730,640,245,161,121,149,9,0,0
731,639,245,162,120,149,9,0,0
732,640,241,161,124,149,9,0,0
733,639,241,161,124,149,9,0,0
734,639,243,161,123,149,9,0,0
735,639,241,162,125,149,9,0,0
736,639,239,162,126,149,9,0,0
737,639,238,161,127,149,9,0,0
738,639,239,161,126,149,9,0,0
739,639,239,161,126,149,9,0,0
740,639,239,161,127,149,9,0,0
741,639,240,161,126,149,9,0,1
742,639,240,161,126,149,9,0,1
743,639,239,161,127,149,9,0,0
744,639,239,161,127,149,9,0,0
745,639,241,161,125,149,9,0,0
746,640,242,161,124,149,9,0,0
747,640,243,161,123,149,9,0,0
748,640,243,161,123,149,9,0,0
749,640,243,161,122,149,9,0,0
750,640,243,161,123,149,9,0,0
751,640,243,161,123,149,9,0,0
752,640,243,161,124,149,9,0,0
753,640,243,161,124,149,9,0,0
754,640,242,161,124,149,9,0,0
755,640,240,161,126,149,9,0,0
756,640,239,161,127,149,9,0,0
757,640,242,161,123,149,9,0,0
758,639,244,161,121,149,9,0,0
759,639,244,161,122,149,9,0,0
760,638,244,162,122,149,9,0,0
761,639,243,162,122,149,9,0,0
762,639,243,162,123,149,9,0,0
763,639,244,162,121,149,9,0,0
764,639,244,162,121,149,9,0,0
765,639,243,162,122,149,9,0,0
766,639,244,161,122,149,9,0,0
767,639,245,162,121,149,9,0,0
768,640,246,161,121,149,9,0,1
769,640,245,161,121,149,9,0,1
770,640,245,161,121,149,9,0,1
771,640,246,161,120,149,9,0,0
772,640,246,161,120,149,9,0,0
773,640,245,161,121,149,9,0,0
774,640,244,161,122,149,9,0,0
775,640,245,161,122,149,9,0,0
776,640,245,161,122,149,9,0,0
777,640,245,161,122,149,9,0,0
778,639,241,162,125,149,9,0,0
779,639,241,161,125,149,9,0,1
780,639,241,161,124,149,9,0,2
781,638,241,162,123,149,9,0,3
782,638,238,162,126,149,9,0,4
783,638,238,162,126,149,9,0,4
784,637,238,162,125,149,9,0,4
785,637,238,162,125,149,9,0,3
786,637,238,162,125,149,9,0,2
787,639,240,161,124,149,9,0,1
788,639,240,161,124,149,9,0,0
789,639,238,161,126,149,9,0,0
790,639,238,161,126,149,9,0,0
791,639,239,161,124,149,9,0,0
792,639,240,161,124,149,9,0,1
793,640,239,161,126,149,9,0,1
794,640,239,161,126,149,9,0,1
795,640,238,161,127,149,9,0,2
796,640,238,161,127,149,9,0,2
797,639,240,161,127,149,9,0,2
798,640,241,161,125,149,9,0,1
799,640,239,160,126,149,9,0,0
800,640,238,160,127,149,9,0,0
801,640,238,160,127,149,9,0,0
802,640,238,160,127,149,9,0,0
803,640,239,160,127,149,9,0,0
804,640,240,161,126,149,9,0,0
805,640,241,161,125,149,9,0,0
806,640,241,161,125,149,9,0,0
807,639,240,161,125,149,9,0,1
808,640,240,160,124,149,9,0,2
809,640,240,161,124,149,9,0,3
810,640,239,160,125,149,9,0,3
811,640,239,160,125,149,9,0,2
812,640,240,160,124,149,9,0,1
813,640,240,160,124,149,9,0,0
814,640,240,160,124,149,9,0,0
815,640,239,161,125,149,9,0,0
816,639,239,161,125,149,9,0,0
817,639,240,161,124,149,9,0,0
818,639,239,161,125,149,9,0,0
819,639,238,161,126,149,9,0,0
820,639,240,161,124,149,9,0,0
821,639,240,161,124,149,9,0,0
822,639,240,161,124,149,9,0,0
823,639,240,161,125,149,9,0,0
824,639,240,161,125,149,9,0,0
825,639,240,161,125,149,9,0,0
826,639,240,161,125,149,9,0,1
827,639,242,161,123,149,9,0,1
828,639,240,161,126,149,9,0,1
829,639,240,161,126,149,9,0,0
830,639,241,161,124,149,9,0,0
831,639,243,161,122,149,9,0,0
832,639,242,161,122,149,9,0,0
833,639,241,161,123,149,9,0,0
834,639,242,161,123,149,9,0,0
835,639,241,161,124,149,9,0,0
836,639,241,161,123,149,9,0,0
837,639,241,161,123,149,9,0,0
838,639,240,161,124,149,9,0,0
839,639,241,161,124,149,9,0,0
840,640,241,161,123,149,9,0,0
841,639,242,161,122,149,9,0,0
842,639,241,161,123,149,9,0,0
843,638,243,162,121,149,9,0,0
844,638,242,162,121,149,9,0,1
845,638,242,162,121,149,9,0,1
846,637,242,162,121,149,9,0,1
847,637,242,162,121,149,9,0,0
848,639,242,161,122,149,9,0,0
849,639,241,161,123,149,9,0,1
850,639,242,161,122,149,9,0,2
851,639,241,161,124,149,9,0,2
852,639,240,161,126,149,9,0,2
853,639,239,161,126,149,9,0,1
854,639,240,161,125,149,9,0,0
855,639,240,161,124,149,9,0,0
856,640,241,161,124,149,9,0,0
857,640,240,161,125,149,9,0,0
858,640,240,161,125,149,9,0,0
859,639,240,161,125,149,9,0,0
860,640,240,161,125,149,9,0,0
861,639,239,161,126,149,9,0,0
862,639,239,162,126,149,9,0,0
863,639,239,161,126,149,9,0,1
864,639,239,161,125,149,9,0,2
865,639,239,161,125,149,9,0,2
866,639,239,161,124,149,9,0,3
867,639,243,161,120,149,9,0,3
868,639,242,161,121,149,9,0,2
869,639,242,161,121,149,9,0,1
870,639,242,161,121,149,9,0,0
871,639,243,161,120,149,9,0,0
872,639,243,161,120,149,9,0,0
873,639,243,161,121,149,9,0,0
874,639,243,161,121,149,9,0,0
875,639,243,161,121,149,9,0,0
876,639,244,161,120,149,9,0,0
877,639,243,161,121,149,9,0,0
878,639,244,161,120,149,9,0,0
879,639,243,161,121,149,9,0,0
880,639,243,161,121,149,9,0,0
881,639,241,161,123,149,9,0,1
882,640,242,161,122,149,9,0,2
883,639,244,161,122,149,9,0,3
884,639,243,161,124,149,9,0,3
885,639,243,161,123,149,9,0,2
886,639,243,161,123,149,9,0,1
887,639,242,161,123,149,9,0,1
888,640,241,161,125,149,9,0,1
889,640,242,161,124,149,9,0,1
890,640,241,161,124,149,9,0,2
891,639,243,161,122,149,9,0,2
892,639,243,161,121,149,9,0,2
893,639,243,161,121,149,9,0,2
894,639,243,161,121,149,9,0,2
895,639,243,161,121,149,9,0,2
896,639,242,161,122,149,9,0,1
897,639,242,161,122,149,9,0,1
898,639,243,161,121,149,9,0,0
899,639,243,161,120,149,9,0,0
900,640,241,160,123,149,9,0,0
901,640,240,160,123,149,9,0,0
902,640,240,160,125,149,9,0,0
903,640,240,161,125,149,9,0,2
904,640,239,161,126,149,9,0,2
905,640,240,161,126,149,9,0,2
906,640,239,161,125,149,9,0,1
907,640,240,161,125,149,9,0,1
908,640,240,161,125,149,9,0,0
909,640,241,161,124,149,9,0,0
910,640,241,161,124,149,9,0,0
911,640,239,161,126,149,9,0,0
912,640,241,160,122,149,9,0,1
913,640,240,161,124,149,9,0,1
914,640,239,161,125,149,9,0,2
915,640,239,161,125,149,9,0,1
916,640,239,161,124,149,9,0,1
917,639,240,161,124,149,9,0,0
918,639,241,161,123,149,9,0,0
919,640,240,160,124,149,9,0,0
920,640,241,160,123,149,9,0,0
921,640,241,160,123,149,9,0,0
922,639,241,161,122,149,9,0,1
923,639,241,161,122,149,9,0,1
924,640,241,160,122,149,9,0,1
925,640,241,160,122,149,9,0,1
926,640,241,160,122,149,9,0,1
927,640,242,161,121,149,9,0,0
928,640,242,160,122,149,9,0,0
929,640,242,160,121,149,9,0,0
930,640,242,160,122,149,9,0,0
931,640,242,161,122,149,9,0,0
932,640,242,161,121,149,9,0,0
933,640,242,161,122,149,9,0,0
934,640,242,161,122,149,9,0,0
935,640,242,161,122,149,9,0,0
936,639,243,162,120,149,9,0,0
937,638,243,162,120,149,9,0,0
938,638,242,162,122,149,9,0,0
939,639,242,161,122,149,9,0,0
940,638,241,162,122,149,9,0,0
941,638,241,162,122,149,9,0,0
942,638,241,162,122,149,9,0,0
943,638,241,162,122,149,9,0,0
944,638,241,162,122,149,9,0,0
945,638,241,162,123,149,9,0,0
946,638,242,161,121,149,9,0,0
947,638,242,161,121,149,9,0,0
948,638,241,162,121,149,9,0,0
949,638,241,162,121,149,9,0,0
950,638,241,162,122,149,9,0,0
951,638,241,162,122,149,9,0,0
952,638,240,162,122,149,9,0,1
953,638,240,162,123,149,9,0,1
954,638,240,162,124,149,9,0,2
955,638,241,162,123,149,9,0,1
956,638,240,162,123,149,9,0,1
957,638,240,162,124,149,9,0,1
958,638,240,162,124,149,9,0,1
959,638,239,162,125,149,9,0,0
960,638,240,162,124,149,9,0,0
961,638,241,162,123,149,9,0,0
962,638,241,162,123,149,9,0,0
963,638,241,162,122,149,9,0,0
964,638,242,162,122,149,9,0,0
965,638,241,162,122,149,9,0,0
966,638,241,162,123,149,9,0,0
967,638,241,162,123,149,9,0,0
968,638,241,162,122,149,9,0,0
969,637,242,162,121,149,9,0,0
970,637,240,162,123,149,9,0,0
971,638,241,161,122,149,9,0,0
972,638,242,161,121,149,9,0,0
973,638,242,162,121,149,9,0,0
974,638,242,162,121,149,9,0,0
975,638,242,162,121,149,9,0,0
976,638,243,162,121,149,9,0,1
977,638,243,162,120,149,9,0,2
978,638,243,162,121,149,9,0,2
979,638,243,162,121,149,9,0,1
980,638,237,162,125,149,9,0,0
981,638,237,162,125,149,9,0,0
982,638,238,162,125,149,9,0,0
983,638,241,162,122,149,9,0,0
984,638,239,162,124,149,9,0,0
985,638,240,162,124,149,9,0,0
986,638,240,162,123,149,9,0,0
987,638,239,162,124,149,9,0,0
988,638,241,162,122,149,9,0,0
989,637,239,162,123,149,9,0,0
990,638,238,162,124,149,9,0,0
991,638,239,162,124,149,9,0,0
992,638,240,162,123,149,9,0,0
993,638,240,161,122,149,9,0,0
994,638,241,161,121,149,9,0,0
995,638,241,161,122,149,9,0,0
996,638,241,161,120,149,9,0,1
997,638,241,161,121,149,9,0,1
998,638,241,161,121,149,9,0,0
999,638,242,161,120,149,9,0,0
1000,639,238,161,124,149,9,0,0
1001,639,239,161,124,149,9,0,0
1002,639,240,161,123,149,9,0,1
1003,639,240,161,123,149,9,0,1
1004,639,239,161,124,149,9,0,1
1005,638,239,161,124,149,9,0,1
1006,638,238,162,125,149,9,0,0
1007,638,238,162,124,149,9,0,0
1008,638,239,162,124,149,9,0,0
1009,638,241,162,123,149,9,0,0
1010,638,241,162,123,149,9,0,0
1011,638,239,162,124,149,9,0,0
1012,638,239,161,124,149,9,0,0
1013,638,238,161,125,149,9,0,0
1014,638,238,161,125,149,9,0,0
1015,639,238,161,125,149,9,0,0
1016,639,237,161,125,149,9,0,0
1017,639,237,161,126,149,9,0,0
1018,639,237,161,126,149,9,0,0
1019,639,238,161,125,149,9,0,0
1020,638,238,161,125,149,9,0,0
1021,638,239,162,124,149,9,0,0
1022,638,239,162,124,149,9,0,0
1023,638,239,162,124,149,9,0,0
1024,638,239,162,124,149,9,0,0
1025,638,239,162,124,149,9,0,0
1026,638,239,162,124,149,9,0,0
1027,638,240,162,123,149,9,0,0
1028,638,240,162,123,149,9,0,0
1029,638,240,162,123,149,9,0,0
1030,638,241,162,122,149,9,0,0
1031,639,240,161,124,149,9,0,0
1032,639,242,161,121,149,9,0,0
1033,639,242,161,121,149,9,0,0
1034,639,240,161,122,149,9,0,0
1035,639,242,161,120,149,9,0,0
1036,639,243,161,120,149,9,0,0
1037,639,243,161,120,149,9,0,0
1038,639,242,161,121,149,9,0,0
1039,639,242,161,121,149,9,0,0
1040,639,242,161,121,149,9,0,0
1041,638,237,161,126,149,9,0,0
1042,638,238,161,125,149,9,0,0
1043,638,238,161,126,149,9,0,0
1044,638,237,162,126,149,9,0,0
1045,638,236,161,127,149,9,0,0
1046,638,237,162,126,149,9,0,0
1047,638,237,162,126,149,9,0,0
1048,638,237,162,126,149,9,0,0
1049,638,237,162,126,149,9,0,0
1050,638,238,162,125,149,9,0,0
1051,638,237,162,125,149,9,0,0
1052,638,237,162,125,149,9,0,0
1053,638,236,162,126,149,9,0,0
1054,638,236,162,126,149,9,0,0
1055,638,238,162,124,149,9,0,0
1056,638,239,162,124,149,9,0,0
1057,638,239,162,123,149,9,0,0
1058,638,239,162,123,149,9,0,0
1059,638,239,162,123,149,9,0,0
1060,638,239,162,123,149,9,0,0
1061,638,242,162,121,149,9,0,0
1062,638,241,162,121,149,9,0,0
1063,638,241,162,122,149,9,0,0
1064,638,241,162,122,149,9,0,0
1065,638,241,162,121,149,9,0,0
1066,638,241,162,121,149,9,0,0
1067,638,241,162,122,149,9,0,0
1068,638,241,162,122,149,9,0,0
1069,638,242,162,121,149,9,0,0
1070,638,242,162,121,149,9,0,0
1071,639,239,161,123,149,9,0,0
1072,639,239,161,123,149,9,0,0
1073,639,239,161,124,149,9,0,0
1074,639,240,161,123,149,9,0,0
1075,639,241,161,121,149,9,0,0
1076,638,241,161,122,149,9,0,0
1077,638,240,162,123,149,9,0,0
1078,638,240,162,123,149,9,0,0
1079,638,239,162,123,149,9,0,0
1080,638,239,162,123,149,9,0,0
1081,638,239,162,123,149,9,0,0
1082,638,239,162,123,149,9,0,0
1083,638,240,162,123,149,9,0,0
1084,638,240,162,123,149,9,0,0
1085,638,240,162,123,149,9,0,0
1086,638,239,162,124,149,9,0,0
1087,638,239,162,123,149,9,0,0
1088,638,239,162,123,149,9,0,0
1089,638,240,162,123,149,9,0,0
1090,638,240,162,123,149,9,0,0
1091,638,241,162,122,149,9,0,0
1092,638,240,162,122,149,9,0,0
1093,638,242,162,120,149,9,0,0
1094,638,241,162,121,149,9,0,0
1095,638,240,162,122,149,9,0,0
1096,638,239,162,123,149,9,0,0
1097,638,240,161,122,149,9,0,0
1098,638,239,162,123,149,9,0,0
1099,638,240,161,122,149,9,0,0
1100,638,240,161,122,149,9,0,0
1101,639,238,161,124,149,9,0,0
1102,639,239,161,123,149,9,0,0
1103,639,239,161,123,149,9,0,0
1104,638,239,161,123,149,9,0,0
1105,638,240,161,122,149,9,0,0
1106,638,238,161,124,149,9,0,0
1107,638,239,161,123,149,9,0,0
1108,638,239,161,124,149,9,0,0
1109,638,239,161,124,149,9,0,0
1110,638,241,161,122,149,9,0,0
1111,638,242,162,120,149,9,0,0
1112,638,243,162,120,149,9,0,0
1113,638,242,162,120,149,9,0,0
1114,639,242,161,119,149,9,0,0
1115,638,242,161,120,149,9,0,0
1116,638,242,161,120,149,9,0,0
1117,638,242,162,120,149,9,0,0
1118,638,242,162,120,149,9,0,0
1119,638,242,162,120,149,9,0,0
1120,638,242,161,119,149,9,0,0
1121,638,241,161,122,149,9,0,0
1122,638,240,161,122,149,9,0,1
1123,638,241,161,122,149,9,0,1
1124,638,241,161,122,149,9,0,1
1125,638,240,161,122,149,9,0,0
1126,638,241,161,122,149,9,0,0
1127,638,241,162,121,149,9,0,0
1128,638,241,162,121,149,9,0,1
1129,638,241,162,121,149,9,0,1
1130,638,242,162,121,149,9,0,0
1131,638,242,162,120,149,9,0,0
1132,638,242,161,120,149,9,0,0
1133,638,242,161,120,149,9,0,0
1134,638,243,162,119,149,9,0,0
1135,638,243,162,119,149,9,0,0
1136,638,242,162,120,149,9,0,0
1137,638,242,162,120,149,9,0,0
1138,638,242,162,120,149,9,0,0
1139,638,242,162,120,149,9,0,0
1140,638,240,162,122,149,9,0,0
1141,638,240,162,122,149,9,0,0
1142,638,240,162,122,149,9,0,0
1143,638,241,162,121,149,9,0,0
1144,638,241,162,121,149,9,0,0
1145,638,241,162,121,149,9,0,0
1146,638,241,162,121,149,9,0,0
1147,638,242,161,120,149,9,0,0
1148,638,242,161,120,149,9,0,0
1149,638,242,161,120,149,9,0,0
1150,638,242,162,120,149,9,0,0
1151,638,242,162,120,149,9,0,1
1152,638,243,162,120,149,9,0,1
1153,638,243,162,120,149,9,0,1
1154,638,242,162,121,149,9,0,0
1155,638,242,162,120,149,9,0,0
1156,638,242,162,119,149,9,0,0
1157,638,242,162,119,149,9,0,0
1158,638,242,162,120,149,9,0,1
1159,638,243,162,119,149,9,0,1
1160,638,242,162,119,149,9,0,1
1161,638,243,162,119,149,9,0,1
1162,638,243,162,119,149,9,0,0
1163,638,243,162,119,149,9,0,0
1164,638,239,162,123,149,9,0,0
1165,638,239,162,123,149,9,0,0
1166,638,241,162,121,149,9,0,0
1167,638,241,162,121,149,9,0,0
1168,638,241,162,121,149,9,0,0
1169,638,242,162,120,149,9,0,0
1170,638,242,162,120,149,9,0,0
1171,638,241,161,121,149,9,0,0
1172,638,241,162,120,149,9,0,0
1173,638,241,162,120,149,9,0,0
1174,638,242,162,119,149,9,0,0
1175,638,242,162,120,149,9,0,0
1176,638,242,162,119,149,9,0,0
1177,638,243,162,119,149,9,0,0
1178,638,243,162,119,149,9,0,0
1179,638,242,162,119,149,9,0,0
1180,638,243,162,119,149,9,0,0
1181,638,243,162,119,149,9,0,0
1182,638,243,161,118,149,9,0,0
1183,638,243,161,119,149,9,0,0
1184,638,243,161,119,149,9,0,0
1185,638,243,162,118,149,9,0,0
1186,638,243,161,118,149,9,0,0
1187,638,243,161,118,149,9,0,0
1188,638,243,162,118,149,9,0,0
1189,638,243,162,119,149,9,0,0
1190,637,242,162,119,149,9,0,0
1191,637,241,162,120,149,9,0,0
1192,638,242,162,120,149,9,0,0
1193,638,242,162,120,149,9,0,0
1194,638,242,162,120,149,9,0,1
1195,638,242,162,120,149,9,0,1
1196,638,242,162,121,149,9,0,1
1197,638,241,162,121,149,9,0,0
1198,638,241,162,121,149,9,0,0
1199,638,241,162,121,149,9,0,0
1200,638,242,162,121,149,9,0,0
1201,638,241,162,121,149,9,0,0
1202,638,241,162,122,149,9,0,0
1203,638,240,161,122,149,9,0,0
1204,638,241,162,122,149,9,0,0
1205,638,241,162,121,149,9,0,0
1206,638,239,162,123,149,9,0,0
1207,638,239,162,123,149,9,0,0
1208,638,239,162,123,149,9,0,0
1209,638,240,162,123,149,9,0,0
1210,638,240,162,122,149,9,0,0
1211,638,241,162,121,149,9,0,0
1212,638,238,162,124,149,9,0,0
1213,638,238,162,124,149,9,0,0
1214,638,238,162,124,149,9,0,0
1215,638,238,162,123,149,9,0,0
1216,638,236,162,126,149,9,0,0
1217,638,237,162,126,149,9,0,0
1218,638,237,162,124,149,9,0,0
1219,638,238,162,124,149,9,0,0
1220,638,238,162,124,149,9,0,0
1221,638,238,162,124,149,9,0,0
1222,638,237,162,124,149,9,0,0
1223,638,238,162,124,149,9,0,0
1224,638,239,162,122,149,9,0,0
1225,638,240,162,122,149,9,0,0
1226,638,243,161,119,149,9,0,0
1227,638,243,161,119,149,9,0,0
1228,638,243,161,119,149,9,0,0
1229,638,243,161,119,149,9,0,0
1230,638,242,161,119,149,9,0,0
1231,638,242,161,119,149,9,0,0
1232,638,242,161,119,149,9,0,0
1233,638,242,162,120,149,9,0,0
1234,638,243,162,119,149,9,0,0
1235,638,243,162,119,149,9,0,0
1236,638,243,161,119,149,9,0,0
1237,638,243,161,119,149,9,0,0
1238,638,243,161,119,149,9,0,0
1239,638,243,161,119,149,9,0,0
1240,638,243,161,119,149,9,0,0
1241,638,243,161,119,149,9,0,0
1242,638,243,161,119,149,9,0,0
1243,638,243,161,120,149,9,0,0
1244,638,243,161,119,149,9,0,0
1245,638,243,161,119,149,9,0,0
1246,638,242,161,120,149,9,0,0
1247,638,242,161,121,149,9,0,0
1248,638,243,161,119,149,9,0,0
1249,638,243,161,119,149,9,0,0
1250,638,242,161,120,149,9,0,0
1251,638,243,161,120,149,9,0,0
1252,638,243,161,120,149,9,0,0
1253,638,243,161,120,149,9,0,0
1254,638,243,161,120,149,9,0,0
1255,638,242,161,120,149,9,0,0
1256,638,242,161,119,149,9,0,0
1257,638,243,161,119,149,9,0,1
1258,638,243,162,119,149,9,0,2
1259,638,242,162,119,149,9,0,2
1260,638,240,161,121,149,9,0,2
1261,638,242,161,119,149,9,0,1
1262,638,243,161,118,149,9,0,1
1263,638,243,161,118,149,9,0,1
1264,638,243,161,118,149,9,0,0
1265,638,243,161,118,149,9,0,0
1266,638,243,161,118,149,9,0,0
1267,638,243,161,118,149,9,0,0
1268,638,243,161,118,149,9,0,0
1269,638,243,161,117,149,9,0,0
1270,638,243,161,118,149,9,0,0
1271,638,243,161,118,149,9,0,0
1272,638,242,162,119,149,9,0,0
1273,638,242,162,119,149,9,0,0
1274,638,242,162,119,149,9,0,0
1275,638,242,162,119,149,9,0,0
1276,638,242,162,120,149,9,0,0
1277,638,242,162,120,149,9,0,0
1278,638,242,161,120,149,9,0,1
1279,638,242,162,120,149,9,0,1
1280,638,242,161,120,149,9,0,1
1281,638,242,161,120,149,9,0,0
1282,638,242,161,120,149,9,0,0
1283,638,242,161,120,149,9,0,1
1284,638,242,161,119,149,9,0,1
1285,638,242,162,119,149,9,0,1
1286,638,243,162,119,149,9,0,0
1287,638,243,162,119,149,9,0,0
1288,638,242,162,119,149,9,0,0
1289,638,242,162,120,149,9,0,0
1290,638,242,162,119,149,9,0,0
1291,638,242,162,119,149,9,0,0
1292,638,242,162,119,149,9,0,0
1293,638,242,162,120,149,9,0,0
1294,638,242,162,120,149,9,0,0
1295,638,242,162,120,149,9,0,0
1296,638,242,161,120,149,9,0,0
1297,638,242,161,120,149,9,0,0
1298,638,242,161,120,149,9,0,0
1299,638,242,161,120,149,9,0,0
1300,638,242,161,120,149,9,0,0
1301,638,242,161,120,149,9,0,0
1302,638,242,161,120,149,9,0,0
1303,638,242,161,120,149,9,0,0
1304,638,242,161,120,149,9,0,0
1305,638,242,161,120,149,9,0,0
1306,638,242,161,120,149,9,0,0
1307,638,242,161,120,149,9,0,0
1308,638,242,161,120,149,9,0,0
1309,638,241,161,120,149,9,0,0
1310,638,241,161,121,149,9,0,0
1311,638,241,161,121,149,9,0,0
1312,638,242,161,120,149,9,0,0
1313,638,242,161,120,149,9,0,0
1314,638,242,161,120,149,9,0,0
1315,638,241,161,121,149,9,0,0
1316,638,241,161,120,149,9,0,0
1317,638,241,161,121,149,9,0,0
1318,638,241,161,121,149,9,0,0
1319,638,241,161,121,149,9,0,0
1320,638,241,161,121,149,9,0,0
1321,638,242,161,120,149,9,0,0
1322,638,242,161,120,149,9,0,0
1323,638,242,161,120,149,9,0,0
1324,638,242,161,120,149,9,0,0
1325,638,242,161,120,149,9,0,0
1326,638,242,161,120,149,9,0,0
1327,638,242,161,120,149,9,0,0
1328,638,242,161,120,149,9,0,0
1329,638,242,161,120,149,9,0,0
1330,638,242,161,120,149,9,0,0
1331,638,241,161,120,149,9,0,0
1332,638,242,161,120,149,9,0,0
1333,638,242,161,120,149,9,0,0
1334,638,242,161,120,149,9,0,0
1335,638,242,161,119,149,9,0,0
1336,638,242,162,119,149,9,0,0
1337,638,242,162,120,149,9,0,0
1338,638,242,162,120,149,9,0,0
1339,638,242,162,120,149,9,0,0
1340,638,242,162,120,149,9,0,0
1341,638,242,162,120,149,9,0,0
1342,638,242,162,120,149,9,0,0
1343,638,242,162,120,149,9,0,0
1344,638,243,162,119,149,9,0,0
1345,638,243,162,119,149,9,0,0
1346,638,242,162,119,149,9,0,0
1347,638,243,162,120,149,9,0,0
1348,638,242,162,120,149,9,0,0
1349,638,242,162,120,149,9,0,0
1350,638,242,162,120,149,9,0,0
1351,638,242,162,120,149,9,0,0
1352,638,242,161,120,149,9,0,0
1353,638,241,162,121,149,9,0,0
1354,638,241,161,121,149,9,0,0
1355,638,240,162,121,149,9,0,0
1356,638,240,161,121,149,9,0,0
1357,638,240,161,122,149,9,0,0
1358,638,240,161,122,149,9,0,0
1359,638,240,161,121,149,9,0,0
1360,638,241,161,120,149,9,0,0
1361,638,241,161,120,149,9,0,0
1362,638,242,161,119,149,9,0,0
1363,638,242,161,119,149,9,0,0
1364,638,242,161,119,149,9,0,0
1365,638,242,161,119,149,9,0,0
1366,638,242,162,119,149,9,0,0
1367,638,242,162,119,149,9,0,0
1368,638,241,162,120,149,9,0,0
1369,638,241,162,120,149,9,0,0
1370,638,239,162,122,149,9,0,0
1371,638,240,162,121,149,9,0,0
1372,638,240,162,121,149,9,0,0
1373,638,240,162,121,149,9,0,0
1374,638,240,162,121,149,9,0,0
1375,638,240,162,121,149,9,0,0
1376,638,241,162,121,149,9,0,0
1377,638,240,162,121,149,9,0,0
1378,638,242,162,120,149,9,0,0
1379,638,242,162,119,149,9,0,0
1380,638,238,162,123,149,9,0,0
1381,638,238,162,123,149,9,0,0
1382,638,238,162,124,149,9,0,0
1383,638,238,162,124,149,9,0,0
1384,638,240,162,120,149,9,0,0
1385,638,240,162,121,149,9,0,0
1386,638,240,162,121,149,9,0,0
1387,638,239,162,122,149,9,0,0
1388,638,241,162,120,149,9,0,0
1389,638,241,162,120,149,9,0,0
1390,638,241,162,121,149,9,0,0
1391,638,241,162,121,149,9,0,0
1392,638,241,162,120,149,9,0,0
1393,638,241,162,120,149,9,0,0
1394,638,242,162,119,149,9,0,0
1395,638,243,162,119,149,9,0,0
1396,638,243,162,119,149,9,0,0
1397,638,242,161,120,149,9,0,0
1398,638,242,161,121,149,9,0,1
1399,638,241,161,121,149,9,0,0
1400,638,241,161,121,149,9,0,0
1401,638,241,161,121,149,9,0,0
1402,638,241,162,122,149,9,0,0
1403,638,240,162,122,149,9,0,0
1404,638,241,161,120,149,9,0,0
1405,638,241,161,121,149,9,0,0
1406,638,241,161,121,149,9,0,1
1407,638,240,161,122,149,9,0,1
1408,638,242,162,119,149,9,0,1
1409,638,242,162,119,149,9,0,0
1410,638,242,162,120,149,9,0,0
1411,638,243,162,119,149,9,0,0
1412,638,243,162,119,149,9,0,0
1413,638,243,162,119,149,9,0,0
1414,638,243,162,119,149,9,0,0
1415,638,243,162,119,149,9,0,0
1416,638,243,162,118,149,9,0,0
1417,638,242,162,119,149,9,0,0
1418,638,243,162,119,149,9,0,0
1419,638,243,162,119,149,9,0,0
1420,638,242,162,119,149,9,0,0
1421,638,241,162,120,149,9,0,0
1422,638,242,162,120,149,9,0,0
1423,638,241,162,121,149,9,0,0
1424,638,241,162,121,149,9,0,0
1425,638,242,162,120,149,9,0,0
1426,638,241,162,121,149,9,0,0
1427,638,241,162,121,149,9,0,0
1428,638,242,161,119,149,9,0,1
1429,638,242,161,119,149,9,0,1
1430,638,241,161,120,149,9,0,1
1431,638,241,161,120,149,9,0,0
1432,638,242,161,119,149,9,0,0
1433,638,242,161,119,149,9,0,0
1434,638,241,161,120,149,9,0,0
1435,638,242,161,119,149,9,0,0
1436,638,242,161,120,149,9,0,0
1437,638,241,161,120,149,9,0,0
1438,638,242,161,119,149,9,0,0
1439,638,241,162,121,149,9,0,0
1440,638,241,162,121,149,9,0,0
1441,638,241,162,121,149,9,0,1
1442,638,242,162,121,149,9,0,1
1443,638,242,161,120,149,9,0,1
1444,638,242,161,120,149,9,0,0
1445,638,242,162,120,149,9,0,0
1446,638,242,161,120,149,9,0,0
1447,638,242,161,119,149,9,0,0
1448,638,242,162,120,149,9,0,0
1449,638,243,162,119,149,9,0,0
1450,638,243,162,119,149,9,0,0
1451,638,242,162,119,149,9,0,0
1452,638,241,161,120,149,9,0,0
1453,638,242,161,120,149,9,0,0
1454,638,241,161,120,149,9,0,1
1455,638,241,161,120,149,9,0,1
1456,638,241,162,120,149,9,0,0
1457,638,241,162,120,149,9,0,0
1458,638,241,162,120,149,9,0,0
1459,638,241,161,120,149,9,0,0
1460,638,241,161,120,149,9,0,0
1461,638,241,161,121,149,9,0,0
1462,638,240,161,121,149,9,0,0
1463,638,239,162,123,149,9,0,0
1464,638,238,162,123,149,9,0,0
1465,638,238,162,123,149,9,0,0
1466,638,239,162,123,149,9,0,0
1467,638,239,162,122,149,9,0,0
1468,638,239,161,122,149,9,0,0
1469,638,240,161,122,149,9,0,0
1470,638,240,161,122,149,9,0,0
1471,638,240,161,122,149,9,0,0
1472,638,239,162,123,149,9,0,0
1473,638,239,162,123,149,9,0,0
1474,638,239,162,123,149,9,0,0
1475,638,239,162,122,149,9,0,0
1476,638,237,162,124,149,9,0,0
1477,638,238,162,124,149,9,0,0
1478,638,238,162,124,149,9,0,0
1479,638,238,162,124,149,9,0,0
1480,638,238,162,123,149,9,0,0
1481,638,238,162,124,149,9,0,0
1482,638,238,162,124,149,9,0,0
1483,638,237,162,124,149,9,0,0
1484,639,237,161,124,149,9,0,1
1485,637,238,163,125,149,9,0,1
1486,636,238,163,125,149,9,0,1
1487,637,237,163,125,149,9,0,0
1488,637,238,162,124,149,9,0,0
1489,637,240,163,123,149,9,0,0
1490,637,239,163,123,149,9,0,0
1491,637,239,163,123,149,9,0,0
1492,637,239,163,123,149,9,0,0
1493,635,238,165,124,149,9,0,0
1494,635,238,165,124,149,9,0,0
1495,635,238,165,124,149,9,0,0
1496,635,239,165,123,149,9,0,0
1497,635,237,165,125,149,9,0,0
1498,635,238,165,124,149,9,0,0
1499,635,239,165,123,149,9,0,0
1500,633,238,168,123,149,9,0,0
1501,633,238,168,124,149,9,0,0
1502,633,239,167,123,149,9,0,0
1503,633,239,167,123,149,9,0,0
1504,633,240,167,122,149,9,0,0
1505,633,240,168,121,149,9,0,0
1506,633,239,167,123,149,9,0,0
1507,633,240,167,122,149,9,0,0
1508,633,240,167,122,149,9,0,0
1509,632,239,168,123,149,9,0,0
1510,632,239,168,123,149,9,0,0
1511,632,241,168,121,149,9,0,0
1512,633,240,167,122,149,9,0,1
1513,632,241,168,122,149,9,0,1
1514,633,243,167,120,149,9,0,1
1515,633,243,167,119,149,9,0,0
1516,633,242,167,120,149,9,0,0
1517,635,241,165,121,149,9,0,0
1518,635,242,165,120,149,9,0,0
1519,635,241,165,121,149,9,0,0
1520,635,241,164,121,149,9,0,0
1521,636,241,163,120,149,9,0,0
1522,639,241,161,120,149,9,0,0
1523,639,241,161,121,149,9,0,0
1524,639,241,161,120,149,9,0,0
1525,638,239,162,123,149,9,0,0
1526,638,238,162,124,149,9,0,0
1527,638,239,162,122,149,9,0,0
1528,638,239,162,123,149,9,0,0
1529,638,238,162,124,149,9,0,0
1530,638,239,162,123,149,9,0,0
1531,638,238,162,124,149,9,0,0
1532,638,238,162,124,149,9,0,0
1533,638,238,162,124,149,9,0,0
1534,638,239,162,123,149,9,0,0
1535,638,239,162,123,149,9,0,0
1536,638,241,162,120,149,9,0,0
1537,638,240,162,121,149,9,0,0
1538,638,240,162,122,149,9,0,0
1539,638,240,162,122,149,9,0,0
1540,638,240,162,121,149,9,0,0
1541,638,241,162,121,149,9,0,0
1542,638,241,162,121,149,9,0,0
1543,638,241,162,121,149,9,0,0
1544,638,242,162,120,149,9,0,0
1545,639,242,162,120,149,9,0,0
1546,639,242,161,120,149,9,0,0
1547,639,242,161,120,149,9,0,0
1548,639,242,161,119,149,9,0,0
1549,639,241,161,120,149,9,0,0
1550,639,241,161,120,149,9,0,0
1551,639,241,161,121,149,9,0,0
1552,639,241,161,121,149,9,0,0
1553,639,241,161,120,149,9,0,0
1554,638,242,162,120,149,9,0,0
1555,638,242,162,119,149,9,0,0
1556,638,242,162,120,149,9,0,0
1557,638,242,162,120,149,9,0,0
1558,638,241,162,120,149,9,0,0
1559,638,241,162,121,149,9,0,0
1560,638,241,162,120,149,9,0,0
1561,638,241,162,121,149,9,0,0
1562,638,242,162,120,149,9,0,0
1563,638,242,162,120,149,9,0,0
1564,638,241,162,121,149,9,0,0
1565,638,240,162,122,149,9,0,0
1566,638,241,162,121,149,9,0,0
1567,638,241,162,121,149,9,0,0
1568,638,241,162,121,149,9,0,0
1569,638,241,162,120,149,9,0,0
1570,638,241,162,120,149,9,0,0
1571,638,242,162,120,149,9,0,0
1572,638,241,162,120,149,9,0,0
1573,638,242,162,120,149,9,0,0
1574,638,243,161,119,149,9,0,0
1575,638,243,161,119,149,9,0,0
1576,638,243,161,119,149,9,0,0
1577,638,243,161,119,149,9,0,0
1578,638,242,161,119,149,9,0,0
1579,638,243,161,119,149,9,0,0
1580,638,243,161,119,149,9,0,0
1581,638,242,161,119,149,9,0,0
1582,638,243,161,119,149,9,0,0
1583,638,243,161,119,149,9,0,0
1584,638,240,161,122,149,9,0,0
1585,638,240,161,122,149,9,0,0
1586,638,241,161,120,149,9,0,0
1587,638,240,161,122,149,9,0,0
1588,638,239,161,122,149,9,0,0
1589,638,239,161,122,149,9,0,0
1590,638,239,161,122,149,9,0,0
1591,638,239,161,122,149,9,0,0
1592,638,239,161,122,149,9,0,0
1593,638,240,161,121,149,9,0,0
1594,638,238,161,123,149,9,0,0
1595,638,238,161,123,149,9,0,0
1596,639,242,161,120,149,9,0,0
1597,639,242,161,120,149,9,0,0
1598,639,241,161,120,149,9,0,0
1599,639,242,161,119,149,9,0,0
1600,639,242,161,120,149,9,0,0
1601,639,241,161,120,149,9,0,0
1602,639,240,161,122,149,9,0,0
1603,639,239,161,123,149,9,0,0
1604,638,240,161,122,149,9,0,0
1605,638,240,161,122,149,9,0,0
1606,638,240,161,122,149,9,0,0
1607,638,241,161,121,149,9,0,0
1608,638,241,162,121,149,9,0,0
1609,638,241,162,121,149,9,0,0
1610,638,241,162,120,149,9,0,0
1611,638,242,162,120,149,9,0,0
1612,638,242,162,120,149,9,0,0
1613,638,242,161,120,149,9,0,0
1614,638,240,162,122,149,9,0,0
1615,638,240,162,122,149,9,0,0
1616,638,240,162,122,149,9,0,0
1617,638,239,162,122,149,9,0,0
1618,638,242,162,119,149,9,0,0
1619,638,241,162,121,149,9,0,0
1620,638,241,161,121,149,9,0,0
1621,639,241,161,121,149,9,0,0
1622,639,241,161,122,149,9,0,1
1623,639,242,161,121,149,9,0,1
1624,639,242,161,121,149,9,0,1
1625,639,242,161,121,149,9,0,1
1626,638,242,162,121,149,9,0,0
1627,638,242,162,121,149,9,0,0
1628,638,242,162,120,149,9,0,0
1629,639,242,161,121,149,9,0,0
1630,639,242,161,120,149,9,0,0
1631,639,242,161,120,149,9,0,0
1632,638,242,162,120,149,9,0,0
1633,638,242,162,120,149,9,0,0
1634,638,241,162,121,149,9,0,0
1635,638,241,162,121,149,9,0,0
1636,638,241,162,121,149,9,0,0
1637,638,242,162,120,149,9,0,0
1638,639,241,162,121,149,9,0,0
1639,639,241,162,121,149,9,0,0
1640,639,242,162,120,149,9,0,0
1641,639,242,162,120,149,9,0,0
1642,639,242,162,120,149,9,0,0
1643,638,241,162,121,149,9,0,0
1644,638,241,162,120,149,9,0,0
1645,638,240,162,121,149,9,0,0
1646,638,240,162,122,149,9,0,0
1647,638,240,162,121,149,9,0,0
1648,638,240,162,121,149,9,0,0
1649,638,242,162,120,149,9,0,0
1650,639,243,161,119,149,9,0,0
1651,639,243,161,119,149,9,0,1
1652,639,243,161,120,149,9,0,1
1653,639,243,161,120,149,9,0,1
1654,639,240,161,122,149,9,0,1
1655,639,240,161,122,149,9,0,0
1656,639,241,161,122,149,9,0,0
1657,639,241,161,121,149,9,0,0
1658,639,241,161,121,149,9,0,0
1659,639,241,161,121,149,9,0,0
1660,639,241,161,121,149,9,0,0
1661,639,241,161,121,149,9,0,0
1662,639,241,161,121,149,9,0,0
1663,639,241,161,121,149,9,0,0
1664,639,241,161,121,149,9,0,0
1665,639,241,161,121,149,9,0,0
1666,639,242,162,121,149,9,0,0
1667,639,241,162,121,149,9,0,0
1668,639,241,161,121,149,9,0,0
1669,639,241,162,121,149,9,0,0
1670,639,242,161,120,149,9,0,0
1671,639,242,162,120,149,9,0,0
1672,639,242,162,120,149,9,0,0
1673,639,242,161,120,149,9,0,0
1674,638,242,162,120,149,9,0,0
1675,638,242,163,120,149,9,0,0
1676,638,241,163,121,149,9,0,0
1677,638,242,163,119,149,9,0,0
1678,638,244,163,119,149,9,0,0
1679,638,243,163,119,149,9,0,0
1680,638,243,162,119,149,9,0,0
1681,638,243,162,119,149,9,0,0
1682,638,243,162,119,149,9,0,0
1683,638,243,162,118,149,9,0,0
1684,639,243,162,119,149,9,0,0
1685,639,243,162,119,149,9,0,0
1686,639,243,162,119,149,9,0,0
1687,639,243,162,119,149,9,0,0
1688,639,243,162,119,149,9,0,0
1689,639,242,162,120,149,9,0,0
1690,639,242,162,120,149,9,0,0
1691,639,242,161,119,149,9,0,0
1692,639,243,161,119,149,9,0,0
1693,639,243,161,119,149,9,0,0
1694,639,242,162,120,149,9,0,0
1695,639,242,162,120,149,9,0,0
1696,639,242,162,120,149,9,0,0
1697,639,242,162,120,149,9,0,0
1698,639,241,162,121,149,9,0,0
1699,639,240,162,122,149,9,0,0
1700,639,240,162,122,149,9,0,0
1701,639,240,162,122,149,9,0,0
1702,639,240,162,122,149,9,0,0
1703,639,241,162,121,149,9,0,0
1704,639,240,161,122,149,9,0,0
1705,639,242,161,120,149,9,0,0
1706,639,242,162,120,149,9,0,0
1707,639,241,162,121,149,9,0,0
1708,639,241,162,121,149,9,0,0
1709,639,242,162,121,149,9,0,0
1710,639,244,161,119,149,9,0,0
1711,640,243,161,120,149,9,0,0
1712,640,242,161,121,149,9,0,1
1713,640,242,161,120,149,9,0,1
1714,640,244,161,120,149,9,0,1
1715,640,243,161,120,149,9,0,0
1716,640,244,161,119,149,9,0,0
1717,640,243,161,120,149,9,0,0
1718,640,244,161,119,149,9,0,0
1719,639,245,162,119,149,9,0,0
1720,639,244,161,119,149,9,0,0
1721,639,244,161,119,149,9,0,0
1722,639,244,161,119,149,9,0,0
1723,640,244,161,120,149,9,0,1
1724,640,244,161,119,149,9,0,2
1725,640,244,161,118,149,9,0,2
1726,640,244,161,118,149,9,0,2
1727,640,245,161,118,149,9,0,2
1728,640,244,161,118,149,9,0,2
1729,640,244,161,118,149,9,0,2
1730,640,244,161,118,149,9,0,1
1731,640,243,161,119,149,9,0,1
1732,640,245,161,119,149,9,0,1
1733,640,245,161,118,149,9,0,1
1734,640,246,161,117,149,9,0,2
1735,640,246,161,118,149,9,0,2
1736,640,246,161,118,149,9,0,2
1737,640,245,161,118,149,9,0,1
1738,640,246,160,117,149,9,0,1
1739,641,246,160,118,149,9,0,0
1740,640,246,161,118,149,9,0,0
1741,640,245,160,118,149,9,0,0
1742,640,245,160,119,149,9,0,0
1743,640,246,161,118,149,9,0,0
1744,640,246,161,118,149,9,0,0
1745,639,245,161,119,149,9,0,0
1746,639,243,161,121,149,9,0,0
1747,639,243,161,120,149,9,0,0
1748,639,243,161,120,149,9,0,0
1749,640,244,161,119,149,9,0,0
1750,640,243,161,121,149,9,0,0
1751,640,243,161,120,149,9,0,0
1752,640,242,161,121,149,9,0,0
1753,640,244,160,119,149,9,0,0
1754,640,244,160,120,149,9,0,0
1755,640,243,161,120,149,9,0,0
1756,640,244,160,120,149,9,0,0
1757,640,245,160,119,149,9,0,0
1758,640,245,160,118,149,9,0,0
1759,640,244,161,119,149,9,0,0
1760,640,245,160,119,149,9,0,0
1761,640,244,160,119,149,9,0,0
1762,640,244,160,120,149,9,0,0
1763,640,244,160,120,149,9,0,0
1764,639,243,161,120,149,9,0,0
1765,639,244,161,119,149,9,0,0
1766,639,244,161,119,149,9,0,0
1767,639,244,161,119,149,9,0,0
1768,639,244,161,119,149,9,0,0
1769,639,244,161,119,149,9,0,0
1770,639,244,161,119,149,9,0,0
1771,639,243,162,120,149,9,0,0
1772,639,243,162,120,149,9,0,0
1773,639,243,161,120,149,9,0,0
1774,639,243,161,120,149,9,0,0
1775,639,243,161,120,149,9,0,0
1776,639,243,161,120,149,9,0,0
1777,640,243,161,120,149,9,0,0
1778,640,243,161,120,149,9,0,0
1779,640,244,161,119,149,9,0,0
1780,640,244,161,119,149,9,0,0
1781,640,245,161,119,149,9,0,0
1782,640,244,161,119,149,9,0,0
1783,640,245,161,118,149,9,0,0
1784,640,245,161,119,149,9,0,0
1785,640,244,161,120,149,9,0,0
1786,640,245,161,119,149,9,0,0
1787,640,245,162,120,149,9,0,0
1788,640,245,161,119,149,9,0,0
1789,640,245,161,119,149,9,0,0
1790,640,245,161,120,149,9,0,0
1791,640,243,161,121,149,9,0,0
1792,639,242,161,122,149,9,0,0
1793,640,243,160,121,149,9,0,0
1794,640,242,160,122,149,9,0,0
1795,639,243,162,120,149,9,0,1
1796,639,243,162,121,149,9,0,2
1797,639,243,161,120,149,9,0,1
1798,639,243,161,120,149,9,0,1
1799,639,244,161,120,149,9,0,1
1800,640,243,160,121,149,9,0,1
1801,640,244,161,121,149,9,0,1
1802,640,244,161,121,149,9,0,1
1803,640,244,161,120,149,9,0,1
1804,640,246,161,118,149,9,0,1
1805,640,245,161,120,149,9,0,1
1806,640,245,161,120,149,9,0,1
1807,640,245,161,119,149,9,0,1
1808,640,244,161,119,149,9,0,1
1809,640,245,161,120,149,9,0,0
1810,641,246,160,119,149,9,0,0
1811,641,246,160,119,149,9,0,0
1812,641,246,160,119,149,9,0,0
1813,641,246,160,119,149,9,0,0
1814,641,246,160,119,149,9,0,0
1815,641,246,160,119,149,9,0,0
1816,640,244,160,120,149,9,0,1
1817,640,241,160,123,149,9,0,1
1818,640,241,160,122,149,9,0,2
1819,640,243,160,120,149,9,0,3
1820,639,243,160,120,149,9,0,4
1821,639,240,160,123,149,9,0,4
1822,639,241,161,121,149,9,0,3
1823,639,240,161,122,149,9,0,2
1824,639,241,161,122,149,9,0,1
1825,638,241,162,122,149,9,0,1
1826,638,239,162,124,149,9,0,0
1827,638,239,162,123,149,9,0,0
1828,638,240,162,123,149,9,0,0
1829,638,238,162,124,149,9,0,0
1830,638,238,162,124,149,9,0,0
1831,638,240,162,122,149,9,0,0
1832,638,241,162,121,149,9,0,0
1833,639,242,161,121,149,9,0,0
1834,640,241,160,122,149,9,0,0
1835,640,240,160,122,149,9,0,0
1836,640,239,160,123,149,9,0,0
1837,640,240,160,123,149,9,0,0
1838,640,242,160,121,149,9,0,0
1839,640,242,160,122,149,9,0,0
1840,640,242,160,121,149,9,0,0
1841,640,241,160,122,149,9,0,0
1842,640,243,160,120,149,9,0,0
1843,639,243,160,121,149,9,0,0
1844,639,241,160,122,149,9,0,0
1845,638,241,161,122,149,9,0,0
1846,638,242,161,121,149,9,0,0
1847,638,243,161,120,149,9,0,1
1848,639,242,161,120,149,9,0,2
1849,639,240,161,122,149,9,0,3
1850,638,235,162,126,149,9,0,3
1851,638,235,162,126,149,9,0,2
1852,638,236,162,126,149,9,0,1
1853,638,236,162,126,149,9,0,0
1854,638,236,162,126,149,9,0,0
1855,638,237,162,125,149,9,0,0
1856,638,239,162,123,149,9,0,0
1857,639,239,161,123,149,9,0,0
1858,639,238,161,124,149,9,0,0
1859,639,238,162,124,149,9,0,0
1860,639,241,161,121,149,9,0,0
1861,639,241,161,121,149,9,0,0
1862,639,240,161,122,149,9,0,0
1863,639,241,161,121,149,9,0,0
1864,639,241,161,121,149,9,0,0
1865,639,239,161,123,149,9,0,0
1866,639,240,161,122,149,9,0,0
1867,639,240,161,122,149,9,0,0
1868,639,239,161,123,149,9,0,0
1869,639,239,161,123,149,9,0,0
1870,639,237,161,124,149,9,0,0
1871,639,237,161,125,149,9,0,0
1872,639,240,161,122,149,9,0,0
1873,639,240,161,122,149,9,0,0
1874,639,240,161,122,149,9,0,0
1875,639,240,161,122,149,9,0,0
1876,639,240,161,121,149,9,0,0
1877,639,241,161,120,149,9,0,0
1878,639,241,161,121,149,9,0,0
1879,639,241,161,121,149,9,0,0
1880,639,242,161,119,149,9,0,0
1881,639,243,161,119,149,9,0,0
1882,639,244,161,118,149,9,0,0
1883,639,244,161,118,149,9,0,0
1884,639,243,161,118,149,9,0,0
1885,639,242,161,119,149,9,0,0
1886,639,242,161,119,149,9,0,0
1887,640,242,161,119,149,9,0,0
1888,639,242,161,119,149,9,0,0
1889,639,242,161,119,149,9,0,0
1890,639,241,161,120,149,9,0,0
1891,639,242,161,119,149,9,0,0
1892,639,242,161,119,149,9,0,0
1893,639,242,161,120,149,9,0,0
1894,638,243,161,119,149,9,0,0
1895,638,243,161,119,149,9,0,0
1896,639,243,161,118,149,9,0,0
1897,638,243,161,118,149,9,0,0
1898,638,243,161,118,149,9,0,0
1899,638,243,161,118,149,9,0,0
1900,638,243,161,118,149,9,0,0
1901,639,243,161,119,149,9,0,0
1902,639,244,161,118,149,9,0,0
1903,639,243,161,119,149,9,0,0
1904,639,244,161,118,149,9,0,1
1905,639,244,161,118,149,9,0,1
1906,639,244,161,118,149,9,0,0
1907,639,244,161,118,149,9,0,0
1908,640,244,160,119,149,9,0,0
1909,640,244,160,119,149,9,0,0
1910,639,243,161,119,149,9,0,0
1911,639,243,161,119,149,9,0,0
1912,639,243,161,119,149,9,0,0
1913,639,243,161,119,149,9,0,0
1914,639,241,162,120,149,9,0,0
1915,639,243,162,119,149,9,0,0
1916,639,243,162,119,149,9,0,0
1917,639,242,162,119,149,9,0,0
1918,639,242,162,119,149,9,0,0
1919,639,242,161,119,149,9,0,0
1920,638,240,161,121,149,9,0,0
1921,639,241,162,121,149,9,0,0
1922,639,241,161,120,149,9,0,0
1923,639,241,161,121,149,9,0,0
1924,639,241,161,121,149,9,0,0
1925,639,241,161,121,149,9,0,0
1926,639,241,161,121,149,9,0,0
1927,639,243,161,119,149,9,0,0
1928,639,243,161,119,149,9,0,0
1929,639,242,161,120,149,9,0,0
1930,639,242,161,120,149,9,0,0
1931,639,241,161,121,149,9,0,0
1932,639,244,161,118,149,9,0,0
1933,639,244,161,118,149,9,0,0
1934,639,244,161,118,149,9,0,0
1935,639,243,160,118,149,9,0,0
1936,639,243,160,118,149,9,0,0
1937,639,243,160,119,149,9,0,0
1938,639,243,160,119,149,9,0,0
1939,639,243,160,119,149,9,0,0
1940,639,243,160,118,149,9,0,0
1941,639,244,161,117,149,9,0,0
1942,639,245,161,117,149,9,0,0
1943,639,245,160,117,149,9,0,0
1944,640,244,161,118,149,9,0,0
1945,640,245,161,117,149,9,0,0
1946,639,245,161,117,149,9,0,0
1947,639,245,161,117,149,9,0,0
1948,640,244,161,119,149,9,0,0
1949,640,244,161,118,149,9,0,0
1950,639,244,161,118,149,9,0,0
1951,639,244,161,118,149,9,0,0
1952,639,244,161,118,149,9,0,0
1953,639,243,161,119,149,9,0,0
1954,639,243,161,119,149,9,0,0
1955,639,244,161,118,149,9,0,0
1956,639,243,161,119,149,9,0,0
1957,639,243,161,119,149,9,0,0
1958,639,243,161,119,149,9,0,0
1959,639,243,161,119,149,9,0,0
1960,639,243,161,118,149,9,0,0
1961,639,243,161,118,149,9,0,0
1962,639,242,161,120,149,9,0,0
1963,639,242,160,120,149,9,0,0
1964,639,241,160,120,149,9,0,0
1965,639,242,160,120,149,9,0,0
1966,639,242,160,119,149,9,0,0
1967,639,242,160,119,149,9,0,0
1968,639,241,161,121,149,9,0,0
1969,639,240,161,122,149,9,0,0
1970,639,240,160,122,149,9,0,0
1971,639,238,160,124,149,9,0,0
1972,639,240,161,121,149,9,0,0
1973,639,240,161,121,149,9,0,0
1974,639,239,161,122,149,9,0,0
1975,639,239,161,122,149,9,0,0
1976,639,239,161,122,149,9,0,0
1977,639,239,161,123,149,9,0,0
1978,639,239,161,122,149,9,0,0
1979,639,238,161,123,149,9,0,0
1980,639,238,161,124,149,9,0,0
1981,639,238,161,123,149,9,0,0
1982,639,238,161,123,149,9,0,0
1983,640,242,160,119,149,9,0,0
1984,640,239,160,122,149,9,0,0
1985,640,240,160,121,149,9,0,0
1986,640,240,161,122,149,9,0,0
1987,640,240,160,122,149,9,0,1
1988,640,240,160,122,149,9,0,1
1989,640,240,160,122,149,9,0,1
1990,640,240,161,122,149,9,0,0
1991,640,238,161,124,149,9,0,0
1992,640,238,160,123,149,9,0,0
1993,640,236,160,125,149,9,0,0
1994,640,236,160,125,149,9,0,0
1995,639,236,161,126,149,9,0,0
1996,639,238,160,124,149,9,0,0
1997,639,238,160,123,149,9,0,0
1998,639,238,160,124,149,9,0,0
1999,639,238,161,123,149,9,0,0
2000,639,238,161,124,149,9,0,0
2001,638,237,161,124,149,9,0,0
2002,639,239,161,122,149,9,0,0
2003,639,237,161,125,149,9,0,0
2004,639,240,161,122,149,9,0,0
2005,639,242,161,119,149,9,0,0
2006,639,241,161,121,149,9,0,1
2007,639,242,161,120,149,9,0,1
2008,640,244,160,118,149,9,0,1
2009,640,242,160,121,149,9,0,1
2010,640,242,160,121,149,9,0,1
2011,640,243,160,120,149,9,0,1
2012,640,243,160,120,149,9,0,0
2013,640,242,161,121,149,9,0,0
2014,640,241,161,121,149,9,0,0
2015,640,242,161,120,149,9,0,0
2016,640,242,161,120,149,9,0,0
2017,640,242,160,120,149,9,0,0
2018,640,242,160,121,149,9,0,0
2019,638,241,161,121,149,9,0,0
2020,639,241,161,121,149,9,0,0
2021,639,240,161,122,149,9,0,0
2022,638,240,161,122,149,9,0,0
2023,639,239,161,123,149,9,0,0
2024,638,239,161,123,149,9,0,0
2025,638,239,161,123,149,9,0,0
2026,639,239,161,123,149,9,0,0
2027,639,241,161,121,149,9,0,0
2028,639,241,161,121,149,9,0,0
2029,640,242,161,120,149,9,0,0
2030,640,243,161,119,149,9,0,0
2031,640,243,161,120,149,9,0,1
2032,640,244,161,119,149,9,0,1
2033,640,245,161,118,149,9,0,1
2034,640,243,162,120,149,9,0,0
2035,640,244,161,119,149,9,0,0
2036,640,244,161,119,149,9,0,0
2037,640,242,161,121,149,9,0,0
2038,639,240,161,122,149,9,0,1
2039,639,240,161,122,149,9,0,1
2040,639,241,161,121,149,9,0,1
2041,639,241,161,121,149,9,0,1
2042,639,242,161,120,149,9,0,1
2043,639,243,161,118,149,9,0,1
2044,638,243,162,119,149,9,0,0
2045,638,243,162,119,149,9,0,0
2046,638,243,162,119,149,9,0,0
2047,638,243,162,119,149,9,0,0
2048,638,243,162,119,149,9,0,0
2049,638,243,162,119,149,9,0,0
2050,639,242,161,120,149,9,0,0
2051,639,242,161,120,149,9,0,0
2052,639,240,161,122,149,9,0,0
2053,639,240,161,122,149,9,0,0
2054,639,241,161,121,149,9,0,0
2055,639,243,161,119,149,9,0,0
2056,640,243,161,119,149,9,0,0
2057,639,243,161,119,149,9,0,0
2058,640,243,161,119,149,9,0,0
2059,640,243,161,120,149,9,0,0
2060,640,243,161,120,149,9,0,0
2061,639,242,161,121,149,9,0,0
2062,639,241,161,121,149,9,0,0
2063,639,242,161,120,149,9,0,0
2064,639,241,161,120,149,9,0,1
2065,639,241,161,121,149,9,0,1
2066,639,239,161,122,149,9,0,1
2067,639,240,161,122,149,9,0,1
2068,639,240,161,121,149,9,0,1
2069,638,240,162,121,149,9,0,1
2070,638,240,161,122,149,9,0,0
2071,638,240,162,122,149,9,0,0
2072,638,238,162,124,149,9,0,0
2073,638,237,162,125,149,9,0,0
2074,639,238,162,123,149,9,0,0
2075,639,238,162,124,149,9,0,1
2076,639,241,162,122,149,9,0,1
2077,639,242,162,121,149,9,0,1
2078,639,241,162,121,149,9,0,1
2079,639,240,162,122,149,9,0,1
2080,639,240,162,123,149,9,0,1
2081,639,240,161,123,149,9,0,1
2082,639,242,161,120,149,9,0,0
2083,639,241,161,121,149,9,0,0
2084,639,241,161,121,149,9,0,0
2085,639,242,161,120,149,9,0,1
2086,639,242,161,120,149,9,0,1
2087,639,242,161,120,149,9,0,1
2088,639,240,161,121,149,9,0,1
2089,639,240,162,121,149,9,0,0
2090,639,239,162,122,149,9,0,0
2091,639,239,162,122,149,9,0,0
2092,639,239,161,122,149,9,0,0
2093,639,239,161,122,149,9,0,0
2094,639,239,161,122,149,9,0,0
2095,639,238,162,124,149,9,0,0
2096,639,238,162,123,149,9,0,0
2097,639,240,162,121,149,9,0,0
2098,639,240,161,121,149,9,0,1
2099,639,240,161,122,149,9,0,1
2100,639,242,161,121,149,9,0,2
2101,639,241,161,122,149,9,0,2
2102,639,239,161,123,149,9,0,2
2103,639,241,161,121,149,9,0,2
2104,639,240,161,122,149,9,0,1
2105,639,240,161,122,149,9,0,0
2106,639,240,161,123,149,9,0,0
2107,639,240,161,122,149,9,0,0
2108,639,240,161,122,149,9,0,0
2109,639,240,161,123,149,9,0,0
2110,639,240,161,123,149,9,0,0
2111,639,241,161,121,149,9,0,0
2112,639,239,161,124,149,9,0,0
2113,639,239,161,124,149,9,0,0
2114,638,239,162,123,149,9,0,1
2115,638,238,162,124,149,9,0,1
2116,639,238,161,123,149,9,0,1
2117,639,238,161,124,149,9,0,0
2118,639,237,161,125,149,9,0,0
2119,639,239,161,123,149,9,0,0
2120,639,238,161,124,149,9,0,0
2121,639,238,161,125,149,9,0,0
2122,639,240,161,122,149,9,0,0
2123,639,239,161,123,149,9,0,0
2124,639,240,161,121,149,9,0,0
2125,639,241,161,121,149,9,0,0
2126,639,241,161,121,149,9,0,0
2127,639,241,161,122,149,9,0,0
2128,639,240,161,122,149,9,0,0
2129,640,240,161,122,149,9,0,0
2130,640,241,161,121,149,9,0,0
2131,640,240,161,122,149,9,0,0
2132,640,239,160,123,149,9,0,0
2133,640,238,160,125,149,9,0,0
2134,640,237,160,125,149,9,0,0
2135,639,238,160,124,149,9,0,0
2136,638,239,161,123,149,9,0,0
2137,638,239,161,123,149,9,0,0
2138,638,239,161,124,149,9,0,0
2139,638,239,161,123,149,9,0,0
2140,638,239,161,123,149,9,0,0
2141,638,239,161,123,149,9,0,0
2142,639,239,161,122,149,9,0,0
2143,639,239,161,122,149,9,0,0
2144,639,240,161,122,149,9,0,0
2145,639,241,161,121,149,9,0,0
2146,639,241,161,121,149,9,0,0
2147,639,240,161,122,149,9,0,0
2148,639,241,161,121,149,9,0,0
2149,639,241,161,120,149,9,0,0
2150,639,241,161,121,149,9,0,0
2151,639,242,161,120,149,9,0,0
2152,639,242,160,119,149,9,0,0
2153,639,242,160,119,149,9,0,0
2154,639,242,160,119,149,9,0,0
2155,639,242,160,119,149,9,0,0
2156,639,242,160,119,149,9,0,0
2157,639,243,160,119,149,9,0,0
2158,639,242,160,119,149,9,0,0
2159,639,242,160,119,149,9,0,0
2160,639,242,161,120,149,9,0,0
2161,639,242,161,119,149,9,0,0
2162,638,242,161,118,149,9,0,0
2163,638,242,161,119,149,9,0,0
2164,638,242,161,119,149,9,0,0
2165,638,242,161,119,149,9,0,0
2166,638,243,161,119,149,9,0,0
2167,638,243,161,119,149,9,0,0
2168,639,243,161,119,149,9,0,0
2169,639,242,161,119,149,9,0,0
2170,639,242,161,119,149,9,0,0
2171,639,242,161,119,149,9,0,0
2172,639,238,161,124,149,9,0,0
2173,639,238,161,124,149,9,0,0
2174,639,238,161,124,149,9,0,0
2175,639,237,161,125,149,9,0,0
2176,639,237,161,125,149,9,0,0
2177,639,239,161,124,149,9,0,0
2178,639,239,161,123,149,9,0,0
2179,639,239,161,123,149,9,0,0
2180,638,240,162,122,149,9,0,0
2181,639,240,161,122,149,9,0,0
2182,638,237,161,126,149,9,0,0
2183,639,237,161,125,149,9,0,0
2184,639,239,161,123,149,9,0,0
2185,639,238,161,124,149,9,0,0
2186,639,236,161,126,149,9,0,0
2187,639,237,161,126,149,9,0,0
2188,639,236,161,126,149,9,0,0
2189,639,236,161,127,149,9,0,0
2190,639,235,161,127,149,9,0,0
2191,639,235,161,127,149,9,0,0
2192,639,237,161,125,149,9,0,0
2193,639,237,161,125,149,9,0,0
2194,639,237,161,125,149,9,0,0
2195,639,237,161,125,149,9,0,0
2196,639,238,161,124,149,9,0,0
2197,639,238,161,124,149,9,0,0
2198,639,238,161,124,149,9,0,0
2199,639,239,161,123,149,9,0,0
2200,639,238,161,124,149,9,0,0
2201,639,238,161,124,149,9,0,0
2202,639,241,161,121,149,9,0,0
2203,639,240,161,122,149,9,0,0
2204,639,239,161,123,149,9,0,0
2205,639,241,161,121,149,9,0,0
2206,639,241,161,121,149,9,0,0
2207,639,239,161,123,149,9,0,0
2208,639,241,161,121,149,9,0,0
2209,639,241,161,121,149,9,0,0
2210,639,241,161,121,149,9,0,0
2211,638,241,162,121,149,9,0,0
2212,639,241,161,120,149,9,0,0
2213,639,241,161,120,149,9,0,0
2214,638,240,162,121,149,9,0,0
2215,638,240,162,122,149,9,0,0
2216,639,240,161,122,149,9,0,0
2217,639,241,161,120,149,9,0,0
2218,638,239,161,122,149,9,0,0
2219,638,240,161,121,149,9,0,0
2220,639,241,161,121,149,9,0,0
2221,639,240,161,121,149,9,0,0
2222,638,241,162,120,149,9,0,0
2223,638,241,162,120,149,9,0,0
2224,638,242,162,119,149,9,0,0
2225,638,241,162,120,149,9,0,0
2226,638,242,162,119,149,9,0,0
2227,638,242,162,119,149,9,0,0
2228,638,242,162,120,149,9,0,0
2229,638,241,162,120,149,9,0,0
2230,638,242,162,119,149,9,0,0
2231,638,242,162,120,149,9,0,0
2232,639,239,161,122,149,9,0,0
2233,639,238,161,123,149,9,0,0
2234,639,238,161,123,149,9,0,0
2235,639,240,161,121,149,9,0,0
2236,639,239,161,123,149,9,0,0
2237,639,241,161,120,149,9,0,0
2238,639,241,161,120,149,9,0,0
2239,639,241,161,120,149,9,0,0
2240,639,242,161,120,149,9,0,0
2241,639,242,161,120,149,9,0,0
2242,638,243,162,118,149,9,0,0
2243,638,243,162,118,149,9,0,0
2244,638,243,162,118,149,9,0,0
2245,638,243,162,118,149,9,0,0
2246,638,243,162,118,149,9,0,0
2247,638,243,162,118,149,9,0,0
2248,638,243,162,118,149,9,0,0
2249,638,243,162,118,149,9,0,0
2250,638,242,162,119,149,9,0,0
2251,638,243,162,119,149,9,0,0
2252,638,241,161,120,149,9,0,0
2253,638,241,161,120,149,9,0,0
2254,638,242,161,120,149,9,0,0
2255,638,241,161,121,149,9,0,0
2256,638,242,162,120,149,9,0,0
2257,638,242,162,120,149,9,0,0
2258,638,242,162,120,149,9,0,0
2259,638,242,162,120,149,9,0,0
2260,638,242,162,120,149,9,0,0
2261,638,242,162,119,149,9,0,0
2262,638,241,162,120,149,9,0,0
2263,638,241,162,121,149,9,0,0
2264,638,241,162,121,149,9,0,0
2265,638,240,162,121,149,9,0,0
2266,638,240,162,122,149,9,0,0
2267,638,239,162,122,149,9,0,0
2268,638,241,162,121,149,9,0,0
2269,638,241,162,121,149,9,0,0
2270,638,241,162,121,149,9,0,0
2271,638,241,162,121,149,9,0,0
2272,638,242,162,119,149,9,0,0
2273,638,242,162,119,149,9,0,0
2274,638,242,162,120,149,9,0,0
2275,638,243,162,119,149,9,0,0
2276,638,243,162,119,149,9,0,0
2277,638,243,162,119,149,9,0,0
2278,638,243,162,118,149,9,0,0
2279,638,243,162,119,149,9,0,0
2280,638,242,162,119,149,9,0,0
2281,638,242,162,119,149,9,0,0
2282,639,240,161,122,149,9,0,0
2283,639,240,161,122,149,9,0,0
2284,639,240,161,122,149,9,0,0
2285,638,240,161,121,149,9,0,0
2286,638,240,161,121,149,9,0,0
2287,638,240,161,122,149,9,0,0
2288,638,239,161,122,149,9,0,0
2289,638,240,161,122,149,9,0,0
2290,639,240,161,122,149,9,0,0
2291,639,240,161,122,149,9,0,0
2292,638,240,162,122,149,9,0,0
2293,638,240,162,122,149,9,0,0
2294,638,239,162,123,149,9,0,0
2295,638,241,162,121,149,9,0,0
2296,638,240,162,121,149,9,0,0
2297,638,240,162,122,149,9,0,0
2298,638,241,162,121,149,9,0,0
2299,638,241,162,121,149,9,0,0
2300,638,241,162,122,149,9,0,0
2301,638,241,162,121,149,9,0,0
2302,639,239,161,122,149,9,0,0
2303,639,238,161,123,149,9,0,1
2304,639,237,161,124,149,9,0,1
2305,639,237,161,124,149,9,0,1
2306,639,237,161,124,149,9,0,1
2307,639,236,161,125,149,9,0,0
2308,639,237,161,124,149,9,0,0
2309,639,238,162,123,149,9,0,0
2310,639,238,162,124,149,9,0,0
2311,639,238,161,123,149,9,0,0
2312,639,241,161,121,149,9,0,0
2313,639,241,161,121,149,9,0,0
2314,639,241,161,121,149,9,0,0
2315,639,242,161,120,149,9,0,0
2316,638,242,162,119,149,9,0,0
2317,638,242,162,120,149,9,0,0
2318,638,241,162,120,149,9,0,0
2319,638,241,162,120,149,9,0,0
2320,639,241,161,120,149,9,0,0
2321,639,241,161,120,149,9,0,0
2322,639,243,161,119,149,9,0,0
2323,639,243,161,119,149,9,0,1
2324,639,243,161,119,149,9,0,1
2325,639,243,161,120,149,9,0,2
2326,639,243,161,120,149,9,0,1
2327,639,243,161,119,149,9,0,1
2328,639,242,161,120,149,9,0,0
2329,639,242,161,121,149,9,0,0
2330,639,242,161,121,149,9,0,0
2331,639,241,161,121,149,9,0,0
0,1313,210,145,130,150,6,0,5
1,1313,209,149,130,150,6,0,4
2,1313,209,149,130,150,6,0,3
3,1313,209,150,130,150,6,0,2
4,1313,209,151,130,150,6,0,1
5,1313,210,150,129,150,6,0,1
6,1313,210,152,129,150,6,0,1
7,1313,210,151,128,150,6,0,0
8,1313,210,150,129,150,6,0,0
9,1313,210,150,129,150,6,0,0
10,1313,210,151,129,150,6,0,0
11,1313,210,152,129,150,6,0,0
12,1313,210,151,129,150,6,0,0
13,1313,210,152,129,150,6,0,0
14,1313,210,151,129,150,6,0,0
15,1313,210,153,129,150,6,0,0
16,1313,210,152,129,150,6,0,0
17,1313,210,151,128,150,6,0,0
18,1313,210,150,128,150,6,0,0
19,1313,210,150,128,150,6,0,0
20,1313,210,148,129,150,6,0,0
21,1313,210,149,128,150,6,0,0
22,1312,210,150,128,150,6,0,0
23,1312,210,150,128,150,6,0,0
24,1312,210,149,129,150,6,0,0
25,1312,210,149,129,150,6,0,0
26,1312,210,149,129,150,6,0,0
27,1312,210,149,129,150,6,0,0
28,1312,210,149,129,150,6,0,0
29,1312,209,148,129,150,6,0,0
30,1312,210,149,129,150,6,0,0
31,1313,210,148,129,150,6,0,0
32,1313,210,148,129,150,6,0,0
33,1313,210,148,129,150,6,0,0
34,1313,210,148,129,150,6,0,0
35,1313,210,149,129,150,6,0,0
36,1312,210,150,129,150,6,0,0
37,1312,210,150,129,150,6,0,0
38,1312,210,150,129,150,6,0,0
39,1312,210,150,129,150,6,0,0
40,1312,210,151,129,150,6,0,0
41,1312,210,151,129,150,6,0,0
42,1312,210,150,129,150,6,0,0
43,1312,210,150,129,150,6,0,0
44,1312,210,150,129,150,6,0,0
45,1312,210,149,129,150,6,0,0
46,1312,210,148,129,150,6,0,0
47,1312,210,148,129,150,6,0,0
48,1312,209,149,130,150,6,0,0
49,1312,209,148,130,150,6,0,0
50,1312,209,148,131,150,6,0,0
51,1312,209,147,131,150,6,0,0
52,1312,209,149,130,150,6,0,0
53,1312,209,150,130,150,6,0,0
54,1312,209,149,130,150,6,0,0
55,1312,209,150,130,150,6,0,1
56,1312,209,150,129,150,6,0,1
57,1312,209,150,129,150,6,0,0
58,1312,209,150,130,150,6,0,0
59,1312,209,149,130,150,6,0,0
60,1313,210,148,129,150,6,0,0
61,1313,210,148,129,150,6,0,0
62,1313,209,148,129,150,6,0,0
63,1312,209,148,129,150,6,0,0
64,1312,209,148,130,150,6,0,0
65,1312,209,146,129,150,6,0,0
66,1312,209,147,129,150,6,0,0
67,1312,209,147,129,150,6,0,0
68,1312,209,146,129,150,6,0,0
69,1312,209,146,129,150,6,0,0
70,1312,209,146,129,150,6,0,0
71,1312,209,147,129,150,6,0,0
72,1312,209,148,130,150,6,0,0
73,1312,209,148,130,150,6,0,0
74,1312,209,148,130,150,6,0,0
75,1312,209,149,129,150,6,0,0
76,1312,209,148,129,150,6,0,0
77,1312,209,149,129,150,6,0,0
78,1312,209,149,129,150,6,0,0
79,1312,209,148,129,150,6,0,0
80,1312,210,149,129,150,6,0,0
81,1312,210,149,129,150,6,0,0
82,1312,210,148,129,150,6,0,1
83,1312,210,149,129,150,6,0,2
84,1312,210,147,129,150,6,0,1
85,1312,210,147,129,150,6,0,1
86,1312,210,147,129,150,6,0,0
87,1312,209,147,129,150,6,0,0
88,1312,209,148,129,150,6,0,0
89,1312,209,147,129,150,6,0,0
90,1312,209,149,130,150,6,0,0
91,1312,209,150,130,150,6,0,0
92,1312,209,150,130,150,6,0,0
93,1312,209,152,130,150,6,0,0
94,1312,209,152,130,150,6,0,0
95,1312,209,152,130,150,6,0,0
96,1312,209,151,130,150,6,0,0
97,1312,209,152,130,150,6,0,0
98,1312,209,152,130,150,6,0,0
99,1312,209,153,130,150,6,0,0
100,1312,209,154,130,150,6,0,0
101,1312,209,152,130,150,6,0,0
102,1312,209,152,129,150,6,0,1
103,1312,209,152,129,150,6,0,1
104,1312,209,152,129,150,6,0,1
105,1313,209,152,129,150,6,0,1
106,1312,209,152,129,150,6,0,0
107,1313,209,152,129,150,6,0,0
108,1313,209,152,129,150,6,0,0
109,1312,209,152,129,150,6,0,0
110,1313,209,152,129,150,6,0,0
111,1312,209,152,129,150,6,0,0
112,1313,209,152,129,150,6,0,0
113,1313,209,150,129,150,6,0,0
114,1313,209,150,129,150,6,0,0
115,1313,209,150,129,150,6,0,0
116,1313,209,151,129,150,6,0,0
117,1313,209,150,129,150,6,0,0
118,1313,209,150,129,150,6,0,0
119,1312,209,151,129,150,6,0,0
120,1312,209,151,129,150,6,0,0
121,1312,209,151,129,150,6,0,0
122,1312,209,151,129,150,6,0,0
123,1312,209,152,129,150,6,0,0
124,1312,209,152,129,150,6,0,0
125,1312,209,151,129,150,6,0,0
126,1312,209,152,129,150,6,0,0
127,1313,209,152,129,150,6,0,0
128,1313,209,151,129,150,6,0,0
129,1313,210,152,129,150,6,0,0
130,1313,210,152,129,150,6,0,0
131,1313,209,152,130,150,6,0,0
132,1312,209,153,130,150,6,0,0
133,1312,209,153,129,150,6,0,0
134,1313,209,153,129,150,6,0,0
135,1312,209,153,129,150,6,0,0
136,1312,209,153,129,150,6,0,0
137,1312,209,153,130,150,6,0,0
138,1312,209,153,130,150,6,0,0
139,1312,209,153,129,150,6,0,0
140,1312,209,153,129,150,6,0,0
141,1312,209,153,129,150,6,0,0
142,1312,209,153,129,150,6,0,0
143,1312,209,153,129,150,6,0,0
144,1312,209,153,129,150,6,0,0
145,1312,209,153,130,150,6,0,0
146,1312,209,153,129,150,6,0,0
147,1312,209,153,129,150,6,0,0
148,1312,210,153,129,150,6,0,0
149,1312,210,153,129,150,6,0,0
150,1312,210,155,129,150,6,0,1
151,1312,209,156,131,150,6,0,1
152,1312,209,156,131,150,6,0,2
153,1312,209,155,130,150,6,0,1
154,1312,209,153,131,150,6,0,1
155,1312,209,153,130,150,6,0,0
156,1313,209,149,130,150,6,0,0
157,1313,209,149,130,150,6,0,0
158,1313,209,149,130,150,6,0,0
159,1313,209,149,130,150,6,0,0
160,1313,209,149,130,150,6,0,0
161,1313,209,150,130,150,6,0,0
162,1313,209,149,130,150,6,0,0
163,1312,209,149,130,150,6,0,0
164,1313,209,149,130,150,6,0,0
165,1313,209,149,130,150,6,0,0
166,1312,209,149,129,150,6,0,0
167,1312,209,149,130,150,6,0,0
168,1312,209,148,130,150,6,0,0
169,1312,210,148,130,150,6,0,0
170,1312,210,147,129,150,6,0,0
171,1313,209,153,130,150,6,0,0
172,1313,209,153,130,150,6,0,0
173,1313,210,150,129,150,6,0,0
174,1313,210,150,129,150,6,0,0
175,1313,210,151,129,150,6,0,0
176,1313,210,151,129,150,6,0,0
177,1313,210,152,129,150,6,0,0
178,1313,210,151,129,150,6,0,0
179,1313,210,151,129,150,6,0,0
180,1313,210,151,129,150,6,0,0
181,1313,210,155,129,150,6,0,0
182,1313,210,155,129,150,6,0,1
183,1313,209,155,129,150,6,0,1
184,1313,209,154,129,150,6,0,1
185,1312,209,154,129,150,6,0,1
186,1312,209,150,129,150,6,0,0
187,1312,209,152,130,150,6,0,0
188,1312,209,152,130,150,6,0,0
189,1312,209,152,130,150,6,0,0
190,1312,209,152,130,150,6,0,0
191,1312,209,153,130,150,6,0,0
192,1312,209,155,130,150,6,0,0
193,1312,209,155,130,150,6,0,0
194,1312,209,154,130,150,6,0,1
195,1312,209,154,129,150,6,0,1
196,1312,209,155,129,150,6,0,1
197,1313,210,155,129,150,6,0,0
198,1313,210,155,129,150,6,0,0
199,1313,210,153,129,150,6,0,0
200,1313,210,153,129,150,6,0,0
201,1313,209,152,130,150,6,0,0
202,1313,210,153,130,150,6,0,0
203,1313,210,152,129,150,6,0,0
204,1313,209,153,130,150,6,0,0
205,1313,209,151,130,150,6,0,0
206,1313,209,151,130,150,6,0,0
207,1313,209,150,129,150,6,0,0
208,1312,209,151,130,150,6,0,0
209,1313,209,152,130,150,6,0,0
210,1313,209,152,130,150,6,0,0
211,1313,209,150,131,150,6,0,1
212,1313,209,150,131,150,6,0,1
213,1313,209,150,131,150,6,0,1
214,1313,209,150,131,150,6,0,0
215,1313,209,150,131,150,6,0,0
216,1313,208,153,131,150,6,0,0
217,1313,208,153,131,150,6,0,0
218,1313,208,153,131,150,6,0,0
219,1313,209,153,131,150,6,0,0
220,1313,209,153,131,150,6,0,0
221,1313,209,153,130,150,6,0,0
222,1313,209,153,130,150,6,0,0
223,1313,209,154,130,150,6,0,0
224,1313,209,154,130,150,6,0,0
225,1313,209,153,130,150,6,0,0
226,1313,209,154,130,150,6,0,0
227,1313,209,154,130,150,6,0,0
228,1313,209,155,130,150,6,0,0
229,1313,209,155,130,150,6,0,0
230,1313,209,154,131,150,6,0,0
231,1312,209,154,130,150,6,0,0
232,1312,209,154,130,150,6,0,0
233,1312,209,154,130,150,6,0,0
234,1312,209,154,130,150,6,0,0
235,1312,209,154,130,150,6,0,0
236,1312,209,154,130,150,6,0,0
237,1312,209,154,130,150,6,0,0
238,1312,209,153,130,150,6,0,0
239,1312,209,153,130,150,6,0,0
240,1312,209,154,130,150,6,0,0
241,1312,209,153,130,150,6,0,0
242,1313,209,153,130,150,6,0,0
243,1312,209,154,130,150,6,0,0
244,1312,209,154,130,150,6,0,0
245,1313,209,150,130,150,6,0,0
246,1313,209,150,130,150,6,0,0
247,1313,209,150,130,150,6,0,0
248,1313,209,152,129,150,6,0,0
249,1313,209,152,129,150,6,0,0
250,1313,210,150,129,150,6,0,0
251,1313,210,150,129,150,6,0,0
252,1313,209,151,129,150,6,0,0
253,1312,209,150,130,150,6,0,0
254,1312,209,151,130,150,6,0,0
255,1312,209,150,129,150,6,0,0
256,1312,209,150,129,150,6,0,0
257,1312,209,151,129,150,6,0,0
258,1312,209,152,129,150,6,0,0
259,1312,209,151,130,150,6,0,0
260,1312,209,150,130,150,6,0,0
261,1312,209,150,129,150,6,0,0
262,1312,210,151,128,150,6,0,0
263,1312,209,150,128,150,6,0,0
264,1312,209,151,129,150,6,0,0
265,1312,209,150,129,150,6,0,0
266,1313,209,152,129,150,6,0,0
267,1313,210,152,128,150,6,0,0
268,1313,210,152,128,150,6,0,0
269,1313,210,152,128,150,6,0,0
270,1313,210,151,129,150,6,0,0
271,1313,209,151,129,150,6,0,0
272,1312,209,151,129,150,6,0,0
273,1312,209,150,128,150,6,0,1
274,1312,209,151,129,150,6,0,0
275,1312,209,149,128,150,6,0,0
276,1312,209,149,129,150,6,0,0
277,1312,209,149,129,150,6,0,0
278,1312,209,149,129,150,6,0,0
279,1312,209,148,129,150,6,0,0
280,1312,209,148,129,150,6,0,0
281,1312,210,149,129,150,6,0,1
282,1312,209,149,129,150,6,0,0
283,1312,210,150,129,150,6,0,1
284,1313,210,150,128,150,6,0,0
285,1312,210,150,129,150,6,0,0
286,1312,210,150,129,150,6,0,0
287,1312,210,150,129,150,6,0,0
288,1312,210,149,129,150,6,0,0
289,1313,210,149,129,150,6,0,0
290,1313,210,149,129,150,6,0,0
291,1313,210,149,128,150,6,0,0
292,1313,210,149,128,150,6,0,0
293,1313,210,149,128,150,6,0,0
294,1313,210,148,128,150,6,0,0
295,1313,210,148,129,150,6,0,0
296,1313,210,148,129,150,6,0,0
297,1313,210,148,129,150,6,0,0
298,1313,210,148,129,150,6,0,0
299,1313,210,148,128,150,6,0,0
300,1313,210,151,129,150,6,0,0
301,1313,210,150,129,150,6,0,0
302,1313,209,149,129,150,6,0,0
303,1313,209,149,129,150,6,0,0
304,1313,209,150,129,150,6,0,0
305,1313,209,149,129,150,6,0,0
306,1313,209,149,129,150,6,0,0
307,1313,209,149,129,150,6,0,0
308,1313,209,150,129,150,6,0,0
309,1313,209,150,129,150,6,0,0
310,1313,209,150,129,150,6,0,0
311,1313,209,149,129,150,6,0,0
312,1312,209,150,129,150,6,0,0
313,1313,209,150,129,150,6,0,0
314,1313,209,150,129,150,6,0,0
315,1312,209,149,129,150,6,0,0
316,1312,209,148,129,150,6,0,0
317,1312,209,149,129,150,6,0,0
318,1312,209,149,129,150,6,0,0
319,1312,209,149,129,150,6,0,0
320,1312,209,149,129,150,6,0,0
321,1312,209,150,129,150,6,0,1
322,1312,209,155,130,150,6,0,1
323,1312,209,155,130,150,6,0,1
324,1312,209,154,130,150,6,0,1
325,1312,209,154,130,150,6,0,1
326,1312,209,154,130,150,6,0,0
327,1313,209,153,130,150,6,0,0
328,1313,209,154,130,150,6,0,0
329,1313,209,154,130,150,6,0,0
330,1313,209,154,130,150,6,0,0
331,1313,209,154,129,150,6,0,0
332,1313,209,154,129,150,6,0,0
333,1313,209,154,129,150,6,0,0
334,1313,209,153,129,150,6,0,0
335,1313,209,153,129,150,6,0,0
336,1313,209,154,129,150,6,0,0
337,1313,209,154,129,150,6,0,0
338,1313,209,155,129,150,6,0,0
339,1313,209,155,129,150,6,0,0
340,1313,209,155,129,150,6,0,0
341,1313,209,156,129,150,6,0,0
342,1313,209,156,129,150,6,0,0
343,1313,209,156,129,150,6,0,0
344,1313,209,155,129,150,6,0,0
345,1313,209,155,129,150,6,0,0
346,1313,210,155,129,150,6,0,0
347,1313,209,154,129,150,6,0,0
348,1313,210,152,128,150,6,0,0
349,1313,210,153,129,150,6,0,0
350,1313,210,154,128,150,6,0,0
351,1313,210,153,129,150,6,0,0
352,1313,210,153,129,150,6,0,0
353,1313,210,152,128,150,6,0,0
354,1313,210,152,128,150,6,0,0
355,1313,210,152,129,150,6,0,0
356,1313,210,151,129,150,6,0,0
357,1313,210,151,128,150,6,0,0
358,1313,210,151,128,150,6,0,0
359,1313,210,153,128,150,6,0,0
360,1313,210,152,128,150,6,0,0
361,1313,210,151,128,150,6,0,0
362,1313,210,151,128,150,6,0,0
363,1313,210,151,128,150,6,0,0
364,1313,210,152,128,150,6,0,0
365,1313,210,152,128,150,6,0,0
366,1313,210,151,128,150,6,0,0
367,1313,210,150,128,150,6,0,0
368,1313,210,149,128,150,6,0,0
369,1313,210,148,128,150,6,0,0
370,1313,210,148,128,150,6,0,0
371,1313,210,148,128,150,6,0,0
372,1313,209,150,130,150,6,0,0
373,1313,209,150,130,150,6,0,1
374,1313,209,150,130,150,6,0,1
375,1313,209,150,130,150,6,0,1
376,1313,209,150,130,150,6,0,0
377,1313,209,151,130,150,6,0,0
378,1313,209,151,130,150,6,0,0
379,1313,209,150,130,150,6,0,0
380,1313,210,150,129,150,6,0,0
381,1313,210,151,130,150,6,0,0
382,1313,210,150,130,150,6,0,0
383,1313,210,150,129,150,6,0,0
384,1313,210,150,129,150,6,0,0
385,1313,210,150,129,150,6,0,0
386,1313,210,150,129,150,6,0,0
387,1313,210,150,129,150,6,0,0
388,1313,210,150,129,150,6,0,0
389,1313,210,150,129,150,6,0,0
390,1313,210,149,129,150,6,0,1
391,1313,209,150,129,150,6,0,1
392,1313,209,149,129,150,6,0,1
393,1313,210,147,129,150,6,0,0
394,1313,210,150,128,150,6,0,0
395,1313,210,149,129,150,6,0,0
396,1312,210,149,129,150,6,0,0
397,1312,209,152,130,150,6,0,0
398,1312,209,152,129,150,6,0,0
399,1312,209,152,129,150,6,0,0
400,1312,209,150,129,150,6,0,0
401,1312,210,149,128,150,6,0,0
402,1312,210,148,129,150,6,0,0
403,1312,210,149,129,150,6,0,0
404,1312,210,149,129,150,6,0,1
405,1312,210,148,129,150,6,0,1
406,1313,210,148,129,150,6,0,1
407,1313,210,148,129,150,6,0,0
408,1313,210,150,129,150,6,0,0
409,1313,210,150,129,150,6,0,0
410,1313,210,150,129,150,6,0,0
411,1313,210,150,129,150,6,0,0
412,1313,209,153,130,150,6,0,0
413,1313,209,153,130,150,6,0,0
414,1313,209,153,129,150,6,0,0
415,1313,210,153,129,150,6,0,0
416,1313,210,153,129,150,6,0,0
417,1313,209,151,129,150,6,0,0
418,1313,209,150,130,150,6,0,0
419,1312,209,151,130,150,6,0,0
420,1312,209,150,129,150,6,0,0
421,1312,209,150,129,150,6,0,0
422,1312,209,150,130,150,6,0,0
423,1312,209,150,130,150,6,0,0
424,1312,209,150,129,150,6,0,0
425,1313,209,150,129,150,6,0,0
426,1313,210,152,129,150,6,0,0
427,1312,210,152,128,150,6,0,0
428,1313,210,152,128,150,6,0,0
429,1313,210,151,128,150,6,0,0
430,1313,210,152,129,150,6,0,0
431,1313,210,151,128,150,6,0,0
432,1313,210,151,129,150,6,0,0
433,1313,210,151,129,150,6,0,0
434,1313,210,151,128,150,6,0,0
435,1313,210,151,129,150,6,0,0
436,1313,210,150,128,150,6,0,0
437,1313,210,150,128,150,6,0,0
438,1313,210,152,129,150,6,0,0
439,1312,210,151,129,150,6,0,0
440,1312,210,151,128,150,6,0,0
441,1312,209,150,128,150,6,0,0
442,1312,210,149,128,150,6,0,0
443,1312,209,150,128,150,6,0,1
444,1312,209,148,128,150,6,0,1
445,1312,209,148,128,150,6,0,1
446,1312,209,149,128,150,6,0,0
447,1312,210,149,128,150,6,0,0
448,1312,210,149,128,150,6,0,0
449,1312,209,149,128,150,6,0,1
450,1312,210,149,128,150,6,0,1
451,1312,211,149,128,150,6,0,1
452,1312,211,149,128,150,6,0,1
453,1312,210,149,128,150,6,0,1
454,1312,211,149,128,150,6,0,1
455,1312,211,150,128,150,6,0,1
456,1312,211,151,128,150,6,0,1
457,1312,211,151,128,150,6,0,0
458,1312,210,151,128,150,6,0,1
459,1312,210,151,127,150,6,0,1
460,1312,210,152,128,150,6,0,1
461,1312,210,151,127,150,6,0,1
462,1312,210,152,128,150,6,0,1
463,1312,210,149,128,150,6,0,0
464,1312,210,151,128,150,6,0,0
465,1312,210,151,128,150,6,0,0
466,1312,209,149,129,150,6,0,0
467,1312,209,149,129,150,6,0,1
468,1313,210,149,129,150,6,0,1
469,1313,210,151,130,150,6,0,1
470,1313,210,151,129,150,6,0,1
471,1313,210,150,129,150,6,0,0
472,1313,210,150,128,150,6,0,0
473,1313,210,151,129,150,6,0,0
474,1313,210,151,129,150,6,0,0
475,1313,210,152,129,150,6,0,0
476,1313,210,151,128,150,6,0,0
477,1313,210,152,129,150,6,0,0
478,1313,210,152,129,150,6,0,0
479,1313,210,153,129,150,6,0,0
480,1313,210,152,129,150,6,0,0
481,1313,210,152,128,150,6,0,0
482,1313,210,151,129,150,6,0,0
483,1313,210,150,129,150,6,0,0
484,1313,210,149,129,150,6,0,0
485,1313,210,148,129,150,6,0,0
486,1313,210,148,129,150,6,0,0
487,1313,210,149,129,150,6,0,0
488,1313,210,148,129,150,6,0,0
489,1313,209,148,130,150,6,0,0
490,1313,209,148,130,150,6,0,0
491,1313,210,148,129,150,6,0,0
492,1313,210,150,130,150,6,0,0
493,1312,210,149,129,150,6,0,0
494,1312,209,149,130,150,6,0,0
495,1313,210,149,129,150,6,0,0
496,1313,210,150,128,150,6,0,0
497,1313,210,151,129,150,6,0,0
498,1313,210,150,129,150,6,0,0
499,1313,210,150,129,150,6,0,1
500,1313,210,149,128,150,6,0,1
501,1313,210,149,128,150,6,0,1
502,1313,210,149,128,150,6,0,0
503,1313,210,148,128,150,6,0,0
504,1313,210,150,129,150,6,0,0
505,1313,210,151,129,150,6,0,1
506,1313,210,153,130,150,6,0,1
507,1313,209,152,130,150,6,0,1
508,1313,209,152,130,150,6,0,1
509,1313,209,151,130,150,6,0,1
510,1313,209,151,130,150,6,0,0
511,1313,208,151,130,150,6,0,0
512,1313,209,151,130,150,6,0,0
513,1312,209,150,130,150,6,0,0
514,1312,209,150,129,150,6,0,0
515,1312,209,150,130,150,6,0,0
516,1312,209,152,130,150,6,0,0
517,1312,209,152,129,150,6,0,1
518,1312,209,151,129,150,6,0,1
519,1313,209,152,129,150,6,0,1
520,1313,209,151,129,150,6,0,0
521,1313,209,151,129,150,6,0,0
522,1313,209,151,129,150,6,0,0
523,1313,210,151,129,150,6,0,0
524,1313,210,151,129,150,6,0,0
525,1313,210,152,129,150,6,0,0
526,1313,210,152,129,150,6,0,0
527,1313,210,152,129,150,6,0,0
528,1313,210,153,129,150,6,0,0
529,1313,210,152,129,150,6,0,0
530,1312,210,152,129,150,6,0,0
531,1312,210,152,129,150,6,0,0
532,1312,210,152,129,150,6,0,0
533,1312,210,152,129,150,6,0,0
534,1313,210,151,129,150,6,0,0
535,1313,210,151,129,150,6,0,0
536,1312,209,152,130,150,6,0,0
537,1313,209,151,130,150,6,0,0
538,1312,209,151,130,150,6,0,0
539,1312,209,151,130,150,6,0,0
540,1312,209,152,130,150,6,0,0
541,1313,209,150,129,150,6,0,0
542,1313,209,150,129,150,6,0,0
543,1313,209,150,130,150,6,0,0
544,1313,209,150,130,150,6,0,0
545,1313,210,151,130,150,6,0,1
546,1313,210,150,130,150,6,0,1
547,1313,209,150,130,150,6,0,0
548,1313,209,150,129,150,6,0,0
549,1312,210,150,129,150,6,0,0
550,1312,210,151,130,150,6,0,0
551,1312,210,151,130,150,6,0,0
552,1312,210,151,130,150,6,0,0
553,1312,210,151,130,150,6,0,1
554,1312,210,151,130,150,6,0,1
555,1312,210,152,130,150,6,0,1
556,1312,210,152,130,150,6,0,1
557,1313,209,149,130,150,6,0,1
558,1313,209,149,130,150,6,0,1
559,1313,209,149,130,150,6,0,1
560,1313,209,149,130,150,6,0,1
561,1313,209,148,130,150,6,0,1
562,1313,210,148,130,150,6,0,0
563,1313,210,148,130,150,6,0,0
564,1313,209,150,130,150,6,0,0
565,1313,209,151,130,150,6,0,0
566,1313,209,151,130,150,6,0,1
567,1313,209,150,130,150,6,0,1
568,1313,209,152,129,150,6,0,1
569,1313,209,152,129,150,6,0,1
570,1313,209,152,130,150,6,0,0
571,1313,209,151,130,150,6,0,0
572,1313,209,152,130,150,6,0,1
573,1312,210,153,130,150,6,0,1
574,1312,210,153,130,150,6,0,1
575,1313,209,152,129,150,6,0,0
576,1313,209,152,130,150,6,0,1
577,1313,209,151,131,150,6,0,1
578,1313,209,151,131,150,6,0,0
579,1313,209,149,130,150,6,0,0
580,1313,209,150,130,150,6,0,0
581,1313,209,151,130,150,6,0,0
582,1313,209,151,130,150,6,0,1
583,1313,209,151,130,150,6,0,1
584,1313,209,151,129,150,6,0,2
585,1313,209,151,129,150,6,0,1
586,1313,209,150,130,150,6,0,1
587,1313,209,152,130,150,6,0,0
588,1313,209,150,130,150,6,0,0
589,1313,209,151,130,150,6,0,0
590,1313,209,150,130,150,6,0,0
591,1313,209,149,130,150,6,0,0
592,1313,209,150,130,150,6,0,0
593,1313,209,150,130,150,6,0,0
594,1313,209,150,130,150,6,0,0
595,1313,209,151,129,150,6,0,0
596,1313,209,151,130,150,6,0,0
597,1313,208,152,130,150,6,0,0
598,1313,209,152,130,150,6,0,0
599,1313,209,152,130,150,6,0,0
600,1313,209,151,129,150,6,0,0
601,1313,209,150,129,150,6,0,0
602,1313,209,151,129,150,6,0,0
603,1313,209,150,129,150,6,0,0
604,1313,209,149,130,150,6,0,0
605,1313,209,149,129,150,6,0,0
606,1313,209,150,130,150,6,0,0
607,1313,208,152,130,150,6,0,0
608,1313,208,152,130,150,6,0,0
609,1313,208,152,130,150,6,0,0
610,1313,208,152,130,150,6,0,0
611,1313,209,153,129,150,6,0,0
612,1313,209,151,130,150,6,0,0
613,1313,209,151,130,150,6,0,0
614,1313,209,153,130,150,6,0,0
615,1313,209,153,130,150,6,0,0
616,1313,209,153,130,150,6,0,0
617,1313,209,155,130,150,6,0,0
618,1313,209,155,130,150,6,0,0
619,1313,209,154,130,150,6,0,0
620,1313,209,154,131,150,6,0,1
621,1313,209,153,131,150,6,0,1
622,1313,209,153,131,150,6,0,1
623,1313,209,151,131,150,6,0,1
624,1313,209,150,131,150,6,0,0
625,1313,209,150,131,150,6,0,0
626,1313,209,150,132,150,6,0,0
627,1312,209,150,131,150,6,0,0
628,1313,209,150,131,150,6,0,0
629,1313,209,150,131,150,6,0,0
630,1313,209,150,131,150,6,0,0
631,1312,209,150,131,150,6,0,1
632,1312,209,150,130,150,6,0,1
633,1313,209,150,130,150,6,0,1
634,1312,209,151,130,150,6,0,1
635,1312,209,152,130,150,6,0,1
636,1312,209,150,130,150,6,0,1
637,1313,209,151,130,150,6,0,0
638,1313,209,151,130,150,6,0,0
639,1312,209,151,130,150,6,0,0
640,1312,210,150,130,150,6,0,0
641,1313,210,150,129,150,6,0,0
642,1313,210,150,130,150,6,0,0
643,1313,210,151,130,150,6,0,0
644,1313,210,150,130,150,6,0,1
645,1313,210,149,130,150,6,0,1
646,1313,210,149,129,150,6,0,1
647,1313,210,152,129,150,6,0,0
648,1313,210,154,129,150,6,0,0
649,1313,210,155,130,150,6,0,0
650,1313,209,155,130,150,6,0,0
651,1313,209,154,131,150,6,0,0
652,1313,209,153,130,150,6,0,0
653,1313,209,154,130,150,6,0,0
654,1314,210,153,130,150,6,0,0
655,1314,210,153,129,150,6,0,0
656,1313,210,153,129,150,6,0,0
657,1313,209,153,130,150,6,0,0
658,1313,210,152,130,150,6,0,0
659,1313,210,152,130,150,6,0,0
660,1313,209,152,130,150,6,0,0
661,1313,209,151,130,150,6,0,0
662,1313,209,152,130,150,6,0,0
663,1313,209,152,130,150,6,0,0
664,1313,210,152,130,150,6,0,0
665,1313,209,150,130,150,6,0,1
666,1313,209,152,131,150,6,0,1
667,1313,210,151,130,150,6,0,1
668,1313,210,151,130,150,6,0,1
669,1313,210,151,129,150,6,0,1
670,1313,209,150,129,150,6,0,1
671,1313,209,150,129,150,6,0,1
672,1313,210,153,129,150,6,0,1
673,1313,210,153,129,150,6,0,1
674,1313,210,152,129,150,6,0,1
675,1313,210,152,129,150,6,0,0
676,1313,210,152,129,150,6,0,0
677,1313,209,153,130,150,6,0,0
678,1313,209,154,130,150,6,0,0
679,1313,209,154,130,150,6,0,0
680,1313,209,154,130,150,6,0,0
681,1313,210,154,129,150,6,0,0
682,1313,209,154,130,150,6,0,0
683,1313,209,154,130,150,6,0,1
684,1312,209,151,129,150,6,0,1
685,1312,210,151,129,150,6,0,0
686,1312,209,151,130,150,6,0,0
687,1313,210,150,130,150,6,0,0
688,1312,209,151,130,150,6,0,0
689,1312,210,152,129,150,6,0,0
690,1312,210,151,129,150,6,0,0
691,1313,210,151,129,150,6,0,1
692,1313,210,152,129,150,6,0,1
693,1313,210,153,128,150,6,0,1
694,1313,210,152,129,150,6,0,0
695,1313,210,152,129,150,6,0,0
696,1313,210,154,130,150,6,0,0
697,1314,210,151,129,150,6,0,1
698,1314,211,150,129,150,6,0,1
699,1314,211,150,129,150,6,0,2
700,1314,211,152,129,150,6,0,2
701,1314,211,151,129,150,6,0,3
702,1314,211,152,129,150,6,0,2
703,1314,211,152,130,150,6,0,2
704,1314,211,152,130,150,6,0,1
705,1314,211,151,130,150,6,0,1
706,1314,211,150,130,150,6,0,0
707,1314,210,148,131,150,6,0,0
708,1313,210,148,130,150,6,0,0
709,1313,210,149,131,150,6,0,0
710,1313,210,148,130,150,6,0,0
711,1313,210,148,130,150,6,0,0
712,1313,210,148,130,150,6,0,1
713,1313,210,148,130,150,6,0,1
714,1313,210,148,129,150,6,0,0
715,1312,211,150,129,150,6,0,0
716,1312,211,149,130,150,6,0,0
717,1312,211,150,130,150,6,0,0
718,1312,211,149,129,150,6,0,1
719,1312,211,148,129,150,6,0,2
720,1313,212,149,130,150,6,0,3
721,1313,212,149,130,150,6,0,3
722,1313,212,149,130,150,6,0,3
723,1313,212,149,130,150,6,0,4
724,1313,212,149,130,150,6,0,3
725,1313,213,149,130,150,6,0,2
726,1313,213,149,129,150,6,0,1
727,1314,212,151,130,150,6,0,0
728,1314,212,151,130,150,6,0,0
729,1314,213,153,130,150,6,0,1
730,1314,213,151,130,150,6,0,2
731,1313,211,151,129,150,6,0,2
732,1313,211,153,130,150,6,0,1
733,1313,211,153,130,150,6,0,3
734,1313,211,151,130,150,6,0,5
735,1313,210,152,130,150,6,0,5
736,1313,210,152,130,150,6,0,5
737,1313,210,152,130,150,6,0,3
738,1313,210,151,130,150,6,0,3
739,1313,210,151,130,150,6,0,2
740,1313,210,152,130,150,6,0,1
741,1313,210,152,130,150,6,0,1
742,1313,210,151,130,150,6,0,1
743,1313,210,150,130,150,6,0,2
744,1313,211,150,130,150,6,0,2
745,1313,211,149,131,150,6,0,3
746,1313,211,149,130,150,6,0,3
747,1313,212,152,130,150,6,0,4
748,1313,212,152,130,150,6,0,4
749,1314,212,150,130,150,6,0,3
750,1314,212,150,130,150,6,0,2
751,1313,212,151,130,150,6,0,1
752,1314,212,150,130,150,6,0,1
753,1314,212,150,130,150,6,0,0
754,1314,212,149,130,150,6,0,1
755,1314,211,149,130,150,6,0,1
756,1314,210,149,130,150,6,0,2
757,1314,211,149,130,150,6,0,1
758,1314,211,150,130,150,6,0,1
759,1313,211,150,130,150,6,0,1
760,1313,211,150,130,150,6,0,1
761,1313,211,150,130,150,6,0,0
762,1313,211,151,130,150,6,0,0
763,1313,211,150,130,150,6,0,0
764,1313,211,150,130,150,6,0,0
765,1314,211,149,129,150,6,0,0
766,1314,211,150,130,150,6,0,0
767,1314,212,150,130,150,6,0,1
768,1314,212,149,130,150,6,0,1
769,1314,212,149,130,150,6,0,1
770,1314,211,148,130,150,6,0,1
771,1314,212,149,130,150,6,0,1
772,1314,212,148,130,150,6,0,1
773,1314,211,148,130,150,6,0,1
774,1314,211,149,130,150,6,0,1
775,1314,211,149,130,150,6,0,1
776,1313,212,149,130,150,6,0,1
777,1314,211,149,130,150,6,0,1
778,1314,211,149,130,150,6,0,1
779,1313,211,150,130,150,6,0,1
780,1313,210,153,130,150,6,0,2
781,1313,210,151,129,150,6,0,3
782,1313,211,150,129,150,6,0,4
783,1313,210,149,129,150,6,0,4
784,1313,210,150,129,150,6,0,3
785,1313,210,150,130,150,6,0,2
786,1313,210,150,130,150,6,0,1
787,1313,210,153,129,150,6,0,0
788,1313,210,153,129,150,6,0,0
789,1313,210,153,129,150,6,0,0
790,1313,210,153,129,150,6,0,0
791,1313,210,152,129,150,6,0,0
792,1313,210,154,129,150,6,0,0
793,1313,210,153,129,150,6,0,0
794,1313,210,153,129,150,6,0,0
795,1313,210,154,129,150,6,0,0
796,1313,210,154,129,150,6,0,0
797,1313,211,154,129,150,6,0,0
798,1313,211,153,129,150,6,0,0
799,1313,210,153,129,150,6,0,0
800,1313,210,153,129,150,6,0,0
801,1313,210,153,129,150,6,0,0
802,1313,210,153,130,150,6,0,0
803,1313,210,153,130,150,6,0,0
804,1313,210,156,130,150,6,0,0
805,1313,210,156,130,150,6,0,0
806,1313,210,156,129,150,6,0,0
807,1313,210,155,130,150,6,0,0
808,1313,210,155,129,150,6,0,0
809,1313,210,155,129,150,6,0,0
810,1313,210,154,129,150,6,0,0
811,1313,210,154,130,150,6,0,0
812,1313,210,155,130,150,6,0,0
813,1313,210,155,130,150,6,0,0
814,1312,210,155,129,150,6,0,1
815,1312,210,155,130,150,6,0,1
816,1313,210,154,130,150,6,0,0
817,1313,210,154,130,150,6,0,0
818,1313,210,154,130,150,6,0,0
819,1313,210,153,130,150,6,0,0
820,1313,210,152,129,150,6,0,0
821,1313,210,152,129,150,6,0,0
822,1313,210,154,129,150,6,0,1
823,1313,210,154,129,150,6,0,1
824,1313,210,155,129,150,6,0,1
825,1313,210,154,129,150,6,0,0
826,1313,210,154,129,150,6,0,0
827,1313,210,155,129,150,6,0,0
828,1313,210,153,130,150,6,0,1
829,1313,210,153,130,150,6,0,1
830,1313,211,153,129,150,6,0,1
831,1313,210,153,130,150,6,0,0
832,1313,210,153,130,150,6,0,0
833,1313,210,153,130,150,6,0,0
834,1313,210,153,130,150,6,0,0
835,1313,210,152,130,150,6,0,0
836,1313,210,152,130,150,6,0,0
837,1313,210,151,130,150,6,0,0
838,1313,210,152,130,150,6,0,0
839,1313,210,152,130,150,6,0,0
840,1313,210,151,130,150,6,0,0
841,1313,210,150,130,150,6,0,1
842,1313,210,150,129,150,6,0,2
843,1313,210,150,129,150,6,0,2
844,1313,210,150,128,150,6,0,2
845,1313,210,150,128,150,6,0,2
846,1313,210,150,128,150,6,0,1
847,1313,211,150,128,150,6,0,1
848,1313,211,150,128,150,6,0,2
849,1313,211,149,129,150,6,0,3
850,1313,211,149,129,150,6,0,4
851,1313,211,149,129,150,6,0,4
852,1313,211,149,130,150,6,0,4
853,1313,211,149,130,150,6,0,3
854,1313,211,149,130,150,6,0,2
855,1313,211,149,130,150,6,0,1
856,1313,211,149,129,150,6,0,0
857,1313,211,150,130,150,6,0,0
858,1313,211,150,129,150,6,0,0
859,1313,211,149,130,150,6,0,0
860,1313,211,149,130,150,6,0,0
861,1313,211,149,129,150,6,0,0
862,1313,211,150,129,150,6,0,0
863,1313,211,150,129,150,6,0,1
864,1313,211,151,129,150,6,0,1
865,1313,211,151,128,150,6,0,2
866,1313,211,151,128,150,6,0,2
867,1313,210,151,129,150,6,0,2
868,1313,210,151,130,150,6,0,1
869,1313,210,150,129,150,6,0,1
870,1313,210,149,129,150,6,0,0
871,1313,210,150,129,150,6,0,0
872,1313,210,150,129,150,6,0,0
873,1313,210,150,129,150,6,0,0
874,1313,210,152,129,150,6,0,0
875,1313,210,152,129,150,6,0,0
876,1313,210,151,129,150,6,0,0
877,1312,210,154,130,150,6,0,1
878,1312,210,154,130,150,6,0,1
879,1312,210,154,130,150,6,0,1
880,1312,210,153,130,150,6,0,1
881,1312,210,153,130,150,6,0,1
882,1313,210,151,129,150,6,0,1
883,1313,211,150,130,150,6,0,1
884,1313,211,150,130,150,6,0,1
885,1313,211,150,130,150,6,0,1
886,1313,211,151,130,150,6,0,1
887,1313,211,151,129,150,6,0,1
888,1313,211,150,129,150,6,0,2
889,1313,210,151,129,150,6,0,2
890,1313,210,151,129,150,6,0,1
891,1313,210,152,130,150,6,0,1
892,1313,210,152,130,150,6,0,0
893,1313,210,152,130,150,6,0,0
894,1313,210,152,130,150,6,0,0
895,1313,210,152,130,150,6,0,0
896,1313,210,151,129,150,6,0,0
897,1313,210,151,130,150,6,0,0
898,1313,210,151,130,150,6,0,0
899,1313,210,150,130,150,6,0,0
900,1313,210,152,129,150,6,0,0
901,1313,210,153,130,150,6,0,0
902,1313,210,152,130,150,6,0,0
903,1313,210,153,130,150,6,0,0
904,1313,210,149,130,150,6,0,0
905,1313,210,149,130,150,6,0,0
906,1313,210,149,130,150,6,0,0
907,1313,210,148,130,150,6,0,0
908,1313,210,149,130,150,6,0,0
909,1313,210,149,130,150,6,0,0
910,1313,210,150,130,150,6,0,0
911,1313,210,150,130,150,6,0,0
912,1313,209,151,130,150,6,0,0
913,1313,210,149,130,150,6,0,0
914,1313,210,150,130,150,6,0,0
915,1313,210,151,129,150,6,0,0
916,1313,210,151,130,150,6,0,0
917,1313,210,151,129,150,6,0,0
918,1313,210,152,128,150,6,0,0
919,1313,210,152,129,150,6,0,0
920,1313,210,150,130,150,6,0,0
921,1313,210,149,130,150,6,0,0
922,1313,210,148,129,150,6,0,0
923,1313,210,149,129,150,6,0,0
924,1313,209,153,130,150,6,0,0
925,1313,210,152,130,150,6,0,0
926,1313,210,153,130,150,6,0,0
927,1313,210,153,130,150,6,0,0
928,1313,210,153,130,150,6,0,0
929,1313,210,151,130,150,6,0,0
930,1313,210,151,130,150,6,0,0
931,1313,210,150,129,150,6,0,1
932,1313,210,150,129,150,6,0,1
933,1313,210,150,129,150,6,0,0
934,1313,210,150,129,150,6,0,0
935,1313,210,150,129,150,6,0,0
936,1313,211,150,129,150,6,0,0
937,1313,210,149,128,150,6,0,0
938,1313,210,149,129,150,6,0,0
939,1313,210,149,129,150,6,0,0
940,1313,210,151,129,150,6,0,0
941,1313,210,151,129,150,6,0,0
942,1313,210,150,129,150,6,0,0
943,1313,210,150,129,150,6,0,0
944,1313,210,151,129,150,6,0,0
945,1313,210,151,129,150,6,0,0
946,1313,210,151,128,150,6,0,0
947,1313,210,149,129,150,6,0,0
948,1312,209,149,129,150,6,0,0
949,1312,209,149,129,150,6,0,0
950,1312,209,149,129,150,6,0,0
951,1312,209,148,129,150,6,0,0
952,1312,209,148,129,150,6,0,0
953,1312,209,149,129,150,6,0,1
954,1312,210,151,129,150,6,0,2
955,1312,210,151,129,150,6,0,2
956,1313,210,152,129,150,6,0,1
957,1313,210,152,129,150,6,0,1
958,1313,210,153,129,150,6,0,1
959,1313,210,153,129,150,6,0,1
960,1312,210,152,129,150,6,0,0
961,1312,210,152,129,150,6,0,0
962,1312,210,151,128,150,6,0,0
963,1312,210,151,129,150,6,0,0
964,1312,210,152,129,150,6,0,0
965,1312,210,153,129,150,6,0,0
966,1312,210,153,129,150,6,0,0
967,1312,210,153,129,150,6,0,0
968,1312,210,151,129,150,6,0,0
969,1312,210,150,128,150,6,0,0
970,1312,210,150,129,150,6,0,1
971,1312,210,150,128,150,6,0,1
972,1312,209,151,129,150,6,0,1
973,1312,209,151,128,150,6,0,1
974,1312,210,152,129,150,6,0,0
975,1312,210,152,129,150,6,0,0
976,1312,209,151,128,150,6,0,0
977,1312,210,151,128,150,6,0,0
978,1312,210,151,129,150,6,0,1
979,1312,210,150,129,150,6,0,1
980,1313,209,152,129,150,6,0,1
981,1313,209,151,129,150,6,0,1
982,1313,210,151,129,150,6,0,1
983,1313,210,152,128,150,6,0,0
984,1313,210,152,129,150,6,0,0
985,1313,210,152,129,150,6,0,0
986,1313,210,153,129,150,6,0,0
987,1313,210,151,129,150,6,0,0
988,1313,210,150,129,150,6,0,0
989,1313,209,152,129,150,6,0,0
990,1313,209,152,129,150,6,0,0
991,1313,210,152,129,150,6,0,0
992,1313,210,152,129,150,6,0,0
993,1313,209,150,129,150,6,0,0
994,1313,209,150,129,150,6,0,1
995,1313,210,151,128,150,6,0,0
996,1313,210,151,129,150,6,0,0
997,1312,209,150,130,150,6,0,0
998,1312,209,150,130,150,6,0,1
999,1313,209,150,130,150,6,0,1
1000,1313,209,151,130,150,6,0,1
1001,1313,210,151,129,150,6,0,1
1002,1313,210,152,129,150,6,0,0
1003,1313,210,153,129,150,6,0,0
1004,1313,210,153,129,150,6,0,0
1005,1313,210,153,129,150,6,0,0
1006,1313,210,153,129,150,6,0,0
1007,1313,210,153,129,150,6,0,0
1008,1313,210,153,129,150,6,0,0
1009,1313,210,154,129,150,6,0,0
1010,1313,210,154,129,150,6,0,0
1011,1313,210,154,129,150,6,0,0
1012,1312,210,153,129,150,6,0,0
1013,1312,210,153,129,150,6,0,0
1014,1312,210,153,129,150,6,0,0
1015,1312,210,154,129,150,6,0,0
1016,1312,210,154,129,150,6,0,0
1017,1312,210,154,129,150,6,0,0
1018,1312,210,154,129,150,6,0,0
1019,1313,210,154,129,150,6,0,0
1020,1312,210,155,129,150,6,0,0
1021,1313,209,153,130,150,6,0,0
1022,1313,209,154,130,150,6,0,0
1023,1313,209,153,130,150,6,0,0
1024,1313,209,154,130,150,6,0,0
1025,1313,209,154,130,150,6,0,0
1026,1313,209,155,130,150,6,0,0
1027,1313,209,155,130,150,6,0,0
1028,1313,210,155,130,150,6,0,0
1029,1313,210,155,130,150,6,0,0
1030,1313,210,155,130,150,6,0,0
1031,1313,209,154,130,150,6,0,0
1032,1313,209,152,130,150,6,0,0
1033,1313,209,152,130,150,6,0,1
1034,1313,209,151,130,150,6,0,1
1035,1313,209,152,130,150,6,0,1
1036,1313,209,152,130,150,6,0,1
1037,1313,209,152,130,150,6,0,1
1038,1313,209,151,130,150,6,0,1
1039,1312,209,151,129,150,6,0,1
1040,1312,210,151,129,150,6,0,0
1041,1313,209,154,130,150,6,0,0
1042,1313,209,154,130,150,6,0,0
1043,1313,209,154,130,150,6,0,0
1044,1313,209,153,129,150,6,0,0
1045,1313,210,153,129,150,6,0,0
1046,1313,210,153,129,150,6,0,0
1047,1313,209,154,130,150,6,0,0
1048,1313,209,154,130,150,6,0,0
1049,1313,209,153,130,150,6,0,0
1050,1313,209,154,129,150,6,0,0
1051,1313,209,153,130,150,6,0,0
1052,1313,209,153,129,150,6,0,0
1053,1313,209,152,129,150,6,0,0
1054,1313,209,152,129,150,6,0,0
1055,1312,209,152,130,150,6,0,0
1056,1313,209,150,129,150,6,0,0
1057,1313,209,150,129,150,6,0,0
1058,1313,209,150,130,150,6,0,0
1059,1313,209,151,129,150,6,0,0
1060,1313,209,151,129,150,6,0,0
1061,1313,209,152,129,150,6,0,0
1062,1313,209,152,129,150,6,0,0
1063,1313,209,151,130,150,6,0,0
1064,1313,209,151,130,150,6,0,0
1065,1313,209,151,129,150,6,0,0
1066,1313,209,150,129,150,6,0,0
1067,1313,209,151,129,150,6,0,0
1068,1313,209,152,130,150,6,0,0
1069,1313,209,153,130,150,6,0,0
1070,1313,208,153,130,150,6,0,0
1071,1313,208,151,130,150,6,0,0
1072,1313,208,151,130,150,6,0,0
1073,1313,208,151,130,150,6,0,0
1074,1313,208,152,130,150,6,0,0
1075,1313,208,152,130,150,6,0,0
1076,1313,208,151,131,150,6,0,0
1077,1313,208,151,130,150,6,0,0
1078,1313,208,151,130,150,6,0,0
1079,1313,208,151,130,150,6,0,0
1080,1313,208,150,130,150,6,0,0
1081,1313,209,151,130,150,6,0,0
1082,1313,209,151,130,150,6,0,3
1083,1313,209,151,130,150,6,0,7
1084,1313,208,151,127,150,6,0,13
1085,1312,208,151,124,150,6,0,20
1086,1312,208,151,120,150,6,0,28
1087,1313,208,152,114,150,6,0,35
1088,1313,208,152,112,150,6,0,41
1089,1313,208,151,108,150,6,0,44
1090,1313,208,151,104,150,6,0,44
1091,1314,208,149,104,150,6,0,40
1092,1314,208,149,106,150,6,0,35
1093,1314,208,149,106,150,6,0,27
1094,1314,208,148,106,150,6,0,23
1095,1314,208,149,112,150,6,0,23
1096,1313,208,149,111,150,6,0,23
1097,1313,208,148,117,150,6,0,21
1098,1313,207,148,112,150,6,0,28
1099,1313,207,148,125,150,6,0,40
1100,1313,207,148,126,150,6,0,54
1101,1312,208,150,127,150,6,0,49
1102,1312,208,150,127,150,6,0,46
1103,1313,208,148,126,150,6,0,35
1104,1312,208,150,129,150,6,0,30
1105,1312,208,150,129,150,6,0,20
1106,1312,208,149,129,150,6,0,16
1107,1312,208,150,130,150,6,0,13
1108,1312,208,149,131,150,6,0,11
1109,1312,208,150,130,150,6,0,9
1110,1312,209,150,130,150,6,0,6
1111,1313,209,150,130,150,6,0,4
1112,1313,209,150,130,150,6,0,2
1113,1313,208,151,130,150,6,0,1
1114,1313,209,150,130,150,6,0,1
1115,1313,208,151,131,150,6,0,0
1116,1313,208,152,131,150,6,0,0
1117,1313,208,152,131,150,6,0,0
1118,1313,208,151,130,150,6,0,0
1119,1313,208,151,130,150,6,0,0
1120,1313,208,151,130,150,6,0,1
1121,1313,208,150,130,150,6,0,0
1122,1313,208,151,130,150,6,0,0
1123,1313,208,151,130,150,6,0,0
1124,1313,208,150,130,150,6,0,0
1125,1313,208,150,131,150,6,0,1
1126,1313,208,150,131,150,6,0,1
1127,1313,208,151,131,150,6,0,0
1128,1313,208,150,130,150,6,0,0
1129,1313,208,150,130,150,6,0,0
1130,1313,209,150,129,150,6,0,0
1131,1313,208,150,130,150,6,0,0
1132,1313,208,150,130,150,6,0,0
1133,1313,208,150,130,150,6,0,0
1134,1313,209,151,130,150,6,0,0
1135,1313,208,151,130,150,6,0,1
1136,1312,209,149,130,150,6,0,1
1137,1312,209,149,130,150,6,0,1
1138,1312,209,149,130,150,6,0,1
1139,1312,209,148,130,150,6,0,0
1140,1312,209,150,129,150,6,0,0
1141,1312,209,150,129,150,6,0,1
1142,1312,209,150,129,150,6,0,2
1143,1312,209,150,129,150,6,0,2
1144,1312,209,150,129,150,6,0,1
1145,1312,209,148,129,150,6,0,1
1146,1312,209,149,129,150,6,0,0
1147,1312,209,149,129,150,6,0,0
1148,1312,208,150,130,150,6,0,0
1149,1312,208,150,130,150,6,0,0
1150,1312,208,150,130,150,6,0,0
1151,1312,208,150,130,150,6,0,0
1152,1312,208,150,130,150,6,0,0
1153,1312,209,150,130,150,6,0,0
1154,1312,208,150,130,150,6,0,0
1155,1312,208,150,130,150,6,0,0
1156,1312,208,154,130,150,6,0,0
1157,1312,208,154,130,150,6,0,0
1158,1312,209,154,130,150,6,0,0
1159,1313,209,155,130,150,6,0,1
1160,1313,209,155,130,150,6,0,1
1161,1313,209,153,130,150,6,0,1
1162,1313,209,154,130,150,6,0,1
1163,1313,208,154,130,150,6,0,0
1164,1313,208,154,131,150,6,0,0
1165,1312,208,154,131,150,6,0,0
1166,1312,208,156,130,150,6,0,0
1167,1312,208,156,131,150,6,0,0
1168,1312,208,156,131,150,6,0,0
1169,1312,208,155,131,150,6,0,0
1170,1312,208,155,131,150,6,0,0
1171,1312,208,153,130,150,6,0,0
1172,1312,208,153,130,150,6,0,0
1173,1312,208,151,130,150,6,0,0
1174,1312,209,150,130,150,6,0,0
1175,1312,209,151,130,150,6,0,1
1176,1312,209,153,130,150,6,0,1
1177,1312,209,153,130,150,6,0,2
1178,1312,209,153,130,150,6,0,2
1179,1313,209,152,130,150,6,0,2
1180,1313,208,153,130,150,6,0,1
1181,1312,209,154,130,150,6,0,1
1182,1313,209,153,130,150,6,0,1
1183,1313,208,151,130,150,6,0,1
1184,1312,208,153,130,150,6,0,1
1185,1312,208,152,130,150,6,0,1
1186,1312,208,152,130,150,6,0,1
1187,1312,208,152,130,150,6,0,1
1188,1312,208,151,130,150,6,0,0
1189,1313,208,150,129,150,6,0,0
1190,1312,208,152,130,150,6,0,0
1191,1312,208,153,130,150,6,0,0
1192,1312,207,152,130,150,6,0,0
1193,1312,208,153,130,150,6,0,0
1194,1312,207,153,131,150,6,0,0
1195,1312,207,153,131,150,6,0,0
1196,1312,207,151,131,150,6,0,1
1197,1312,207,151,131,150,6,0,1
1198,1312,208,151,131,150,6,0,2
1199,1312,208,152,131,150,6,0,1
1200,1312,208,152,131,150,6,0,0
1201,1312,208,152,130,150,6,0,0
1202,1312,208,151,130,150,6,0,0
1203,1312,208,152,130,150,6,0,0
1204,1313,208,151,130,150,6,0,1
1205,1313,208,151,130,150,6,0,1
1206,1312,207,151,130,150,6,0,1
1207,1312,207,151,130,150,6,0,1
1208,1312,207,151,130,150,6,0,2
1209,1312,207,151,130,150,6,0,2
1210,1312,207,151,130,150,6,0,2
1211,1312,207,151,130,150,6,0,1
1212,1312,208,152,130,150,6,0,0
1213,1312,208,153,129,150,6,0,0
1214,1312,208,153,129,150,6,0,0
1215,1312,208,153,129,150,6,0,1
1216,1312,208,151,130,150,6,0,1
1217,1312,208,150,130,150,6,0,1
1218,1312,208,150,130,150,6,0,0
1219,1312,208,150,130,150,6,0,0
1220,1312,208,150,130,150,6,0,0
1221,1312,208,150,130,150,6,0,0
1222,1312,208,151,130,150,6,0,0
1223,1312,208,151,130,150,6,0,0
1224,1312,208,150,129,150,6,0,0
1225,1312,208,151,130,150,6,0,0
1226,1312,209,153,130,150,6,0,0
1227,1312,208,153,129,150,6,0,0
1228,1312,208,153,130,150,6,0,0
1229,1312,208,153,130,150,6,0,0
1230,1312,208,153,131,150,6,0,0
1231,1312,208,152,130,150,6,0,0
1232,1312,208,152,130,150,6,0,0
1233,1312,208,152,130,150,6,0,0
1234,1312,208,152,129,150,6,0,0
1235,1312,208,151,129,150,6,0,1
1236,1312,208,152,129,150,6,0,1
1237,1312,208,153,129,150,6,0,1
1238,1313,208,152,129,150,6,0,1
1239,1313,208,152,129,150,6,0,1
1240,1313,208,151,129,150,6,0,0
1241,1313,208,152,129,150,6,0,0
1242,1313,208,151,129,150,6,0,0
1243,1312,208,150,129,150,6,0,0
1244,1312,208,150,129,150,6,0,0
1245,1312,208,150,129,150,6,0,0
1246,1312,208,150,129,150,6,0,0
1247,1312,209,151,129,150,6,0,1
1248,1312,209,154,129,150,6,0,1
1249,1312,209,154,129,150,6,0,2
1250,1312,209,154,129,150,6,0,1
1251,1312,209,153,129,150,6,0,1
1252,1312,208,153,129,150,6,0,0
1253,1312,208,152,129,150,6,0,0
1254,1312,208,152,130,150,6,0,0
1255,1312,208,152,130,150,6,0,0
1256,1313,208,153,129,150,6,0,1
1257,1313,208,153,129,150,6,0,1
1258,1312,209,153,129,150,6,0,1
1259,1312,208,152,129,150,6,0,0
1260,1313,208,153,130,150,6,0,0
1261,1313,208,152,130,150,6,0,0
1262,1312,208,151,130,150,6,0,0
1263,1312,208,151,130,150,6,0,0
1264,1312,208,149,129,150,6,0,0
1265,1312,208,149,129,150,6,0,0
1266,1312,208,149,129,150,6,0,0
1267,1312,208,149,129,150,6,0,0
1268,1312,208,149,130,150,6,0,0
1269,1313,209,148,129,150,6,0,1
1270,1313,209,151,130,150,6,0,1
1271,1313,209,151,129,150,6,0,1
1272,1312,209,153,129,150,6,0,0
1273,1313,208,152,129,150,6,0,0
1274,1313,208,153,129,150,6,0,0
1275,1313,209,152,130,150,6,0,0
1276,1312,208,152,130,150,6,0,0
1277,1313,208,152,130,150,6,0,0
1278,1313,208,152,130,150,6,0,0
1279,1313,208,152,129,150,6,0,0
1280,1312,208,151,129,150,6,0,0
1281,1313,208,151,129,150,6,0,0
1282,1312,208,151,130,150,6,0,0
1283,1312,208,151,130,150,6,0,1
1284,1312,209,151,130,150,6,0,2
1285,1312,209,151,130,150,6,0,2
1286,1312,209,151,130,150,6,0,2
1287,1312,209,151,130,150,6,0,2
1288,1312,209,151,130,150,6,0,2
1289,1312,209,151,130,150,6,0,1
1290,1312,209,151,130,150,6,0,0
1291,1312,209,151,130,150,6,0,0
1292,1312,209,151,129,150,6,0,0
1293,1312,209,152,130,150,6,0,0
1294,1312,209,153,130,150,6,0,0
1295,1312,209,153,130,150,6,0,0
1296,1313,208,150,131,150,6,0,0
1297,1313,208,149,131,150,6,0,0
1298,1313,208,149,131,150,6,0,0
1299,1313,208,149,131,150,6,0,0
1300,1313,208,149,131,150,6,0,0
1301,1313,208,149,131,150,6,0,1
1302,1313,207,149,131,150,6,0,1
1303,1313,207,149,131,150,6,0,1
1304,1313,207,149,131,150,6,0,1
1305,1313,207,150,131,150,6,0,1
1306,1313,207,150,131,150,6,0,1
1307,1313,207,150,131,150,6,0,1
1308,1313,208,149,130,150,6,0,0
1309,1313,208,149,130,150,6,0,0
1310,1313,208,149,130,150,6,0,0
1311,1313,208,149,130,150,6,0,0
1312,1313,208,149,130,150,6,0,0
1313,1313,208,151,130,150,6,0,0
1314,1312,208,152,130,150,6,0,0
1315,1312,208,152,130,150,6,0,0
1316,1312,208,152,130,150,6,0,0
1317,1312,208,151,130,150,6,0,0
1318,1312,208,150,130,150,6,0,0
1319,1312,208,151,131,150,6,0,0
1320,1312,208,150,131,150,6,0,0
1321,1312,207,151,131,150,6,0,0
1322,1313,207,150,131,150,6,0,1
1323,1313,207,150,131,150,6,0,1
1324,1313,207,150,131,150,6,0,1
1325,1313,207,150,131,150,6,0,1
1326,1313,207,150,131,150,6,0,1
1327,1313,207,150,131,150,6,0,0
1328,1313,208,150,130,150,6,0,0
1329,1313,207,150,131,150,6,0,0
1330,1313,207,150,130,150,6,0,0
1331,1313,207,150,130,150,6,0,0
1332,1313,208,150,130,150,6,0,0
1333,1313,208,150,130,150,6,0,0
1334,1313,208,150,130,150,6,0,0
1335,1313,208,150,130,150,6,0,1
1336,1313,208,148,130,150,6,0,1
1337,1313,208,148,131,150,6,0,0
1338,1313,208,148,130,150,6,0,0
1339,1313,208,148,130,150,6,0,0
1340,1313,208,149,130,150,6,0,0
1341,1313,208,149,130,150,6,0,0
1342,1313,208,149,130,150,6,0,0
1343,1313,208,149,130,150,6,0,0
1344,1313,208,148,130,150,6,0,0
1345,1313,209,149,130,150,6,0,0
1346,1313,209,149,130,150,6,0,0
1347,1313,209,149,130,150,6,0,0
1348,1313,208,151,130,150,6,0,0
1349,1313,208,151,130,150,6,0,0
1350,1313,208,151,130,150,6,0,0
1351,1313,208,151,131,150,6,0,0
1352,1313,208,151,131,150,6,0,0
1353,1313,208,151,131,150,6,0,0
1354,1312,208,150,131,150,6,0,0
1355,1313,208,151,130,150,6,0,0
1356,1312,208,150,131,150,6,0,0
1357,1312,208,150,131,150,6,0,0
1358,1312,208,150,130,150,6,0,0
1359,1312,208,151,130,150,6,0,0
1360,1312,208,151,130,150,6,0,0
1361,1312,208,151,130,150,6,0,0
1362,1312,208,151,130,150,6,0,0
1363,1312,208,151,130,150,6,0,0
1364,1312,208,151,130,150,6,0,0
1365,1312,208,150,130,150,6,0,0
1366,1312,208,150,130,150,6,0,0
1367,1312,208,150,130,150,6,0,0
1368,1312,208,151,130,150,6,0,0
1369,1312,208,151,130,150,6,0,0
1370,1312,208,152,130,150,6,0,1
1371,1312,208,152,131,150,6,0,1
1372,1312,208,152,131,150,6,0,1
1373,1312,208,153,131,150,6,0,1
1374,1312,208,152,131,150,6,0,0
1375,1312,208,152,131,150,6,0,0
1376,1312,208,152,130,150,6,0,0
1377,1312,208,152,130,150,6,0,1
1378,1312,208,152,130,150,6,0,1
1379,1312,208,153,130,150,6,0,1
1380,1313,208,151,130,150,6,0,1
1381,1313,208,151,130,150,6,0,1
1382,1313,208,151,130,150,6,0,0
1383,1313,208,151,130,150,6,0,0
1384,1313,208,150,130,150,6,0,0
1385,1313,208,150,130,150,6,0,0
1386,1313,208,150,130,150,6,0,0
1387,1313,208,151,129,150,6,0,0
1388,1312,208,152,130,150,6,0,0
1389,1312,208,152,130,150,6,0,0
1390,1312,208,151,130,150,6,0,0
1391,1312,208,152,130,150,6,0,0
1392,1312,208,154,130,150,6,0,0
1393,1312,208,155,130,150,6,0,0
1394,1313,208,151,130,150,6,0,0
1395,1312,208,150,130,150,6,0,0
1396,1312,208,150,130,150,6,0,0
1397,1312,208,149,130,150,6,0,1
1398,1312,208,152,131,150,6,0,1
1399,1312,208,149,131,150,6,0,1
1400,1312,208,149,131,150,6,0,1
1401,1313,208,150,131,150,6,0,0
1402,1313,208,151,131,150,6,0,1
1403,1313,208,150,130,150,6,0,1
1404,1312,208,151,130,150,6,0,2
1405,1312,208,150,130,150,6,0,2
1406,1312,208,149,130,150,6,0,1
1407,1312,208,149,130,150,6,0,1
1408,1312,208,147,131,150,6,0,1
1409,1312,208,146,130,150,6,0,1
1410,1312,208,147,130,150,6,0,1
1411,1312,208,146,130,150,6,0,1
1412,1312,208,147,130,150,6,0,1
1413,1312,208,146,130,150,6,0,1
1414,1312,209,146,130,150,6,0,0
1415,1312,209,146,130,150,6,0,0
1416,1312,208,147,130,150,6,0,0
1417,1312,209,147,130,150,6,0,0
1418,1312,208,147,130,150,6,0,0
1419,1312,209,147,130,150,6,0,0
1420,1313,209,147,129,150,6,0,1
1421,1313,208,147,130,150,6,0,1
1422,1313,208,147,129,150,6,0,1
1423,1313,209,149,130,150,6,0,1
1424,1313,209,148,130,150,6,0,1
1425,1313,208,148,130,150,6,0,0
1426,1313,208,148,130,150,6,0,0
1427,1313,208,148,130,150,6,0,0
1428,1313,208,150,130,150,6,0,0
1429,1313,209,150,130,150,6,0,0
1430,1313,208,150,131,150,6,0,0
1431,1313,208,149,130,150,6,0,0
1432,1313,208,149,130,150,6,0,0
1433,1313,208,149,130,150,6,0,0
1434,1313,208,149,130,150,6,0,0
1435,1313,208,150,131,150,6,0,0
1436,1313,208,151,131,150,6,0,0
1437,1313,208,151,131,150,6,0,0
1438,1313,208,151,131,150,6,0,0
1439,1313,208,151,131,150,6,0,0
1440,1313,208,149,130,150,6,0,0
1441,1313,208,150,130,150,6,0,0
1442,1313,208,150,131,150,6,0,0
1443,1313,208,151,131,150,6,0,0
1444,1313,208,150,131,150,6,0,0
1445,1313,208,150,131,150,6,0,0
1446,1313,208,150,131,150,6,0,0
1447,1313,208,150,131,150,6,0,0
1448,1313,208,150,131,150,6,0,0
1449,1313,208,150,131,150,6,0,0
1450,1313,208,151,130,150,6,0,0
1451,1313,208,151,130,150,6,0,1
1452,1313,208,150,130,150,6,0,1
1453,1313,208,150,130,150,6,0,2
1454,1313,208,150,130,150,6,0,1
1455,1313,208,150,130,150,6,0,1
1456,1313,208,150,130,150,6,0,0
1457,1313,208,150,130,150,6,0,0
1458,1313,208,150,130,150,6,0,0
1459,1313,208,150,130,150,6,0,0
1460,1313,208,150,130,150,6,0,0
1461,1313,208,150,130,150,6,0,0
1462,1313,208,150,130,150,6,0,0
1463,1313,209,154,130,150,6,0,0
1464,1313,209,152,130,150,6,0,0
1465,1313,208,151,130,150,6,0,0
1466,1313,209,152,129,150,6,0,0
1467,1313,209,151,129,150,6,0,0
1468,1313,208,151,130,150,6,0,0
1469,1313,208,151,130,150,6,0,0
1470,1313,208,151,130,150,6,0,0
1471,1313,209,151,130,150,6,0,0
1472,1313,208,152,130,150,6,0,0
1473,1313,208,152,130,150,6,0,0
1474,1313,208,152,130,150,6,0,0
1475,1313,208,152,130,150,6,0,0
1476,1313,209,152,129,150,6,0,0
1477,1313,209,152,129,150,6,0,0
1478,1313,209,151,129,150,6,0,0
1479,1313,209,151,129,150,6,0,0
1480,1313,209,151,129,150,6,0,0
1481,1313,209,149,129,150,6,0,0
1482,1313,209,149,129,150,6,0,0
1483,1313,209,149,129,150,6,0,0
1484,1313,209,149,129,150,6,0,0
1485,1313,209,149,129,150,6,0,0
1486,1313,209,149,129,150,6,0,0
1487,1313,209,149,129,150,6,0,1
1488,1313,209,151,130,150,6,0,1
1489,1313,209,150,130,150,6,0,1
1490,1313,209,150,130,150,6,0,1
1491,1313,209,150,130,150,6,0,0
1492,1313,209,150,130,150,6,0,0
1493,1313,209,150,129,150,6,0,0
1494,1313,209,150,129,150,6,0,0
1495,1313,209,150,129,150,6,0,0
1496,1313,209,149,129,150,6,0,0
1497,1314,209,150,129,150,6,0,0
1498,1313,209,150,129,150,6,0,0
1499,1313,209,149,130,150,6,0,0
1500,1313,209,150,129,150,6,0,0
1501,1313,209,150,129,150,6,0,0
1502,1313,209,150,129,150,6,0,0
1503,1313,209,150,129,150,6,0,0
1504,1313,210,150,129,150,6,0,0
1505,1313,210,149,129,150,6,0,0
1506,1313,209,151,129,150,6,0,0
1507,1313,209,151,129,150,6,0,0
1508,1313,209,150,130,150,6,0,0
1509,1313,209,150,131,150,6,0,0
1510,1313,209,150,131,150,6,0,0
1511,1313,209,150,130,150,6,0,1
1512,1313,209,150,130,150,6,0,1
1513,1313,210,150,129,150,6,0,1
1514,1313,210,150,129,150,6,0,1
1515,1313,209,150,129,150,6,0,2
1516,1313,209,150,129,150,6,0,1
1517,1313,209,151,130,150,6,0,0
1518,1313,209,151,130,150,6,0,0
1519,1313,209,151,130,150,6,0,0
1520,1313,209,151,130,150,6,0,0
1521,1313,209,150,130,150,6,0,0
1522,1313,208,150,130,150,6,0,0
1523,1313,208,149,130,150,6,0,0
1524,1313,208,151,130,150,6,0,0
1525,1313,209,150,129,150,6,0,0
1526,1313,209,150,130,150,6,0,0
1527,1313,209,149,130,150,6,0,0
1528,1313,209,149,129,150,6,0,0
1529,1313,209,150,130,150,6,0,0
1530,1312,209,150,129,150,6,0,0
1531,1312,209,150,129,150,6,0,0
1532,1312,209,149,129,150,6,0,0
1533,1312,209,149,130,150,6,0,0
1534,1312,208,151,130,150,6,0,0
1535,1312,208,151,130,150,6,0,0
1536,1312,208,148,130,150,6,0,0
1537,1313,209,148,130,150,6,0,0
1538,1313,209,149,130,150,6,0,1
1539,1313,209,149,130,150,6,0,1
1540,1313,209,149,130,150,6,0,1
1541,1313,209,149,130,150,6,0,1
1542,1313,209,149,130,150,6,0,0
1543,1313,209,149,130,150,6,0,1
1544,1313,209,151,130,150,6,0,1
1545,1313,208,152,130,150,6,0,2
1546,1313,208,153,130,150,6,0,1
1547,1313,208,153,130,150,6,0,1
1548,1313,208,150,130,150,6,0,0
1549,1313,208,149,130,150,6,0,0
1550,1313,208,149,130,150,6,0,0
1551,1313,208,149,130,150,6,0,1
1552,1313,208,149,130,150,6,0,1
1553,1313,208,150,131,150,6,0,1
1554,1313,209,149,130,150,6,0,1
1555,1313,209,149,130,150,6,0,1
1556,1313,209,149,130,150,6,0,0
1557,1313,209,149,130,150,6,0,0
1558,1313,209,150,130,150,6,0,0
1559,1313,209,152,129,150,6,0,0
1560,1313,209,150,129,150,6,0,0
1561,1313,209,150,129,150,6,0,0
1562,1313,209,149,129,150,6,0,0
1563,1313,210,151,129,150,6,0,0
1564,1313,209,149,129,150,6,0,0
1565,1313,209,149,130,150,6,0,0
1566,1313,208,149,131,150,6,0,1
1567,1313,208,149,131,150,6,0,1
1568,1313,209,149,131,150,6,0,1
1569,1313,208,149,131,150,6,0,0
1570,1313,208,149,130,150,6,0,0
1571,1313,208,149,130,150,6,0,0
1572,1313,208,148,130,150,6,0,0
1573,1313,209,149,130,150,6,0,0
1574,1313,209,148,129,150,6,0,0
1575,1313,209,148,129,150,6,0,0
1576,1313,209,148,129,150,6,0,0
1577,1313,209,148,129,150,6,0,0
1578,1313,209,148,129,150,6,0,0
1579,1313,209,147,129,150,6,0,0
1580,1313,209,147,130,150,6,0,0
1581,1313,209,148,130,150,6,0,0
1582,1313,209,148,130,150,6,0,0
1583,1313,209,148,130,150,6,0,0
1584,1313,209,149,130,150,6,0,0
1585,1313,209,149,130,150,6,0,0
1586,1313,209,150,130,150,6,0,0
1587,1313,209,148,129,150,6,0,0
1588,1313,209,148,129,150,6,0,0
1589,1313,209,148,129,150,6,0,0
1590,1313,209,149,130,150,6,0,0
1591,1313,209,149,130,150,6,0,0
1592,1313,209,148,130,150,6,0,0
1593,1313,209,148,130,150,6,0,0
1594,1313,209,149,129,150,6,0,0
1595,1313,209,149,129,150,6,0,0
1596,1313,209,152,130,150,6,0,0
1597,1313,209,152,129,150,6,0,0
1598,1313,209,152,130,150,6,0,0
1599,1313,209,152,129,150,6,0,0
1600,1313,209,152,130,150,6,0,0
1601,1313,209,152,129,150,6,0,0
1602,1313,209,152,130,150,6,0,0
1603,1313,209,152,129,150,6,0,0
1604,1313,209,149,130,150,6,0,0
1605,1313,209,148,130,150,6,0,1
1606,1313,209,148,130,150,6,0,0
1607,1313,209,148,130,150,6,0,1
1608,1313,209,149,130,150,6,0,1
1609,1313,209,149,130,150,6,0,1
1610,1313,209,149,130,150,6,0,0
1611,1313,209,149,130,150,6,0,0
1612,1313,209,149,130,150,6,0,0
1613,1313,209,149,130,150,6,0,0
1614,1313,209,149,130,150,6,0,0
1615,1313,209,149,130,150,6,0,0
1616,1313,209,149,130,150,6,0,0
1617,1313,209,148,130,150,6,0,0
1618,1313,209,148,130,150,6,0,0
1619,1313,209,148,129,150,6,0,0
1620,1313,209,151,130,150,6,0,0
1621,1313,209,153,130,150,6,0,0
1622,1313,209,151,129,150,6,0,0
1623,1313,209,151,130,150,6,0,0
1624,1312,209,152,130,150,6,0,0
1625,1313,209,151,130,150,6,0,0
1626,1313,209,151,130,150,6,0,0
1627,1313,209,150,130,150,6,0,0
1628,1313,209,150,130,150,6,0,0
1629,1313,209,150,130,150,6,0,0
1630,1313,209,151,130,150,6,0,0
1631,1313,209,150,130,150,6,0,0
1632,1313,209,149,131,150,6,0,1
1633,1313,209,149,131,150,6,0,1
1634,1313,209,149,131,150,6,0,1
1635,1313,209,148,131,150,6,0,1
1636,1313,209,148,131,150,6,0,0
1637,1313,209,149,131,150,6,0,0
1638,1313,209,148,130,150,6,0,0
1639,1313,209,148,130,150,6,0,0
1640,1313,209,148,130,150,6,0,1
1641,1313,209,148,130,150,6,0,1
1642,1313,209,147,130,150,6,0,1
1643,1313,209,147,131,150,6,0,0
1644,1313,209,146,130,150,6,0,0
1645,1313,209,146,130,150,6,0,0
1646,1313,209,146,129,150,6,0,0
1647,1313,209,146,130,150,6,0,0
1648,1313,209,146,130,150,6,0,0
1649,1313,210,146,130,150,6,0,1
1650,1313,210,146,130,150,6,0,1
1651,1313,210,146,130,150,6,0,2
1652,1313,210,146,130,150,6,0,1
1653,1313,210,146,130,150,6,0,1
1654,1313,210,147,129,150,6,0,1
1655,1313,210,147,129,150,6,0,2
1656,1313,209,151,129,150,6,0,2
1657,1313,209,151,129,150,6,0,3
1658,1313,209,151,129,150,6,0,3
1659,1313,209,151,129,150,6,0,2
1660,1313,209,151,129,150,6,0,1
1661,1313,209,151,129,150,6,0,1
1662,1313,209,151,129,150,6,0,0
1663,1313,209,151,129,150,6,0,0
1664,1313,209,151,129,150,6,0,0
1665,1313,209,150,129,150,6,0,0
1666,1313,209,149,129,150,6,0,0
1667,1313,209,149,129,150,6,0,0
1668,1313,209,150,129,150,6,0,0
1669,1313,209,151,129,150,6,0,0
1670,1313,209,150,129,150,6,0,0
1671,1313,209,150,129,150,6,0,0
1672,1313,209,151,129,150,6,0,0
1673,1313,209,150,129,150,6,0,0
1674,1313,209,148,130,150,6,0,1
1675,1313,209,149,130,150,6,0,1
1676,1313,209,148,130,150,6,0,1
1677,1313,209,149,130,150,6,0,1
1678,1313,210,149,129,150,6,0,0
1679,1313,209,150,129,150,6,0,0
1680,1313,209,150,130,150,6,0,0
1681,1313,209,149,130,150,6,0,0
1682,1313,209,150,130,150,6,0,0
1683,1313,209,150,130,150,6,0,0
1684,1313,209,151,130,150,6,0,0
1685,1313,209,151,130,150,6,0,0
1686,1313,209,151,130,150,6,0,0
1687,1313,209,152,130,150,6,0,0
1688,1313,209,152,130,150,6,0,0
1689,1313,209,152,130,150,6,0,0
1690,1313,209,152,130,150,6,0,0
1691,1313,209,152,130,150,6,0,0
1692,1313,209,149,129,150,6,0,0
1693,1313,209,149,129,150,6,0,0
1694,1313,209,147,129,150,6,0,0
1695,1313,209,147,129,150,6,0,0
1696,1313,209,148,129,150,6,0,0
1697,1313,209,147,129,150,6,0,0
1698,1313,209,147,130,150,6,0,0
1699,1313,209,147,129,150,6,0,0
1700,1313,209,147,129,150,6,0,0
1701,1313,209,147,129,150,6,0,0
1702,1313,209,146,129,150,6,0,0
1703,1313,209,147,129,150,6,0,0
1704,1313,209,150,129,150,6,0,0
1705,1313,209,149,129,150,6,0,0
1706,1313,209,148,129,150,6,0,0
1707,1313,209,149,129,150,6,0,0
1708,1313,209,148,129,150,6,0,0
1709,1313,209,149,129,150,6,0,0
1710,1313,210,149,129,150,6,0,0
1711,1313,210,150,129,150,6,0,0
1712,1313,209,150,130,150,6,0,0
1713,1313,209,152,129,150,6,0,1
1714,1313,210,153,129,150,6,0,1
1715,1313,210,153,129,150,6,0,1
1716,1313,210,153,129,150,6,0,1
1717,1314,209,153,129,150,6,0,1
1718,1314,210,153,130,150,6,0,1
1719,1314,210,153,129,150,6,0,1
1720,1314,210,153,130,150,6,0,0
1721,1314,209,152,130,150,6,0,0
1722,1314,210,152,129,150,6,0,0
1723,1314,211,153,129,150,6,0,0
1724,1314,210,152,130,150,6,0,0
1725,1314,209,153,130,150,6,0,0
1726,1314,210,153,130,150,6,0,0
1727,1314,210,153,130,150,6,0,1
1728,1313,210,152,129,150,6,0,2
1729,1314,209,152,129,150,6,0,2
1730,1314,209,152,129,150,6,0,2
1731,1314,210,153,129,150,6,0,0
1732,1314,210,152,130,150,6,0,0
1733,1314,210,152,129,150,6,0,1
1734,1314,210,153,130,150,6,0,2
1735,1314,211,152,129,150,6,0,3
1736,1314,211,152,129,150,6,0,3
1737,1314,211,150,129,150,6,0,3
1738,1315,211,152,130,150,6,0,2
1739,1314,210,151,130,150,6,0,2
1740,1315,210,151,131,150,6,0,2
1741,1315,210,151,131,150,6,0,1
1742,1315,210,151,131,150,6,0,1
1743,1314,211,151,130,150,6,0,1
1744,1314,211,152,130,150,6,0,1
1745,1314,211,153,130,150,6,0,2
1746,1314,210,151,130,150,6,0,2
1747,1314,210,151,130,150,6,0,1
1748,1314,211,152,130,150,6,0,1
1749,1314,211,152,130,150,6,0,1
1750,1314,210,153,130,150,6,0,1
1751,1314,210,152,130,150,6,0,0
1752,1314,211,153,129,150,6,0,0
1753,1314,211,152,129,150,6,0,0
1754,1314,211,152,129,150,6,0,0
1755,1314,211,151,129,150,6,0,0
1756,1314,211,151,129,150,6,0,1
1757,1314,211,151,130,150,6,0,2
1758,1314,211,152,130,150,6,0,2
1759,1314,211,151,130,150,6,0,1
1760,1314,210,152,131,150,6,0,0
1761,1314,210,152,131,150,6,0,0
1762,1314,210,152,131,150,6,0,0
1763,1313,210,152,131,150,6,0,1
1764,1313,210,153,129,150,6,0,2
1765,1313,210,152,129,150,6,0,2
1766,1313,210,152,130,150,6,0,3
1767,1313,210,152,129,150,6,0,4
1768,1314,209,152,129,150,6,0,3
1769,1313,210,152,128,150,6,0,3
1770,1313,210,153,129,150,6,0,2
1771,1313,209,154,129,150,6,0,2
1772,1313,209,153,129,150,6,0,1
1773,1313,209,154,130,150,6,0,1
1774,1313,209,154,130,150,6,0,1
1775,1313,210,154,129,150,6,0,1
1776,1313,210,153,130,150,6,0,1
1777,1313,210,152,129,150,6,0,1
1778,1313,210,153,129,150,6,0,1
1779,1313,210,153,129,150,6,0,2
1780,1314,211,153,129,150,6,0,3
1781,1314,211,153,130,150,6,0,3
1782,1314,211,152,130,150,6,0,3
1783,1314,211,150,129,150,6,0,4
1784,1314,211,152,130,150,6,0,4
1785,1314,211,152,130,150,6,0,3
1786,1314,211,152,130,150,6,0,1
1787,1314,211,152,130,150,6,0,1
1788,1314,210,149,130,150,6,0,1
1789,1314,210,149,130,150,6,0,1
1790,1314,210,150,130,150,6,0,2
1791,1313,210,150,130,150,6,0,2
1792,1313,210,149,130,150,6,0,2
1793,1313,210,149,130,150,6,0,2
1794,1314,210,149,129,150,6,0,3
1795,1314,210,148,129,150,6,0,3
1796,1314,210,147,128,150,6,0,3
1797,1313,210,148,128,150,6,0,3
1798,1313,210,148,128,150,6,0,2
1799,1314,210,148,129,150,6,0,2
1800,1313,210,151,129,150,6,0,2
1801,1314,211,151,129,150,6,0,3
1802,1313,211,151,129,150,6,0,3
1803,1314,211,150,129,150,6,0,3
1804,1314,211,149,129,150,6,0,3
1805,1314,211,149,130,150,6,0,3
1806,1314,211,149,130,150,6,0,2
1807,1314,211,148,129,150,6,0,1
1808,1314,211,149,130,150,6,0,0
1809,1314,211,149,130,150,6,0,0
1810,1314,212,154,129,150,6,0,0
1811,1314,212,151,129,150,6,0,0
1812,1314,212,150,128,150,6,0,0
1813,1314,212,150,128,150,6,0,0
1814,1314,212,149,129,150,6,0,0
1815,1314,211,149,129,150,6,0,0
1816,1314,211,149,129,150,6,0,0
1817,1313,211,151,129,150,6,0,1
1818,1313,211,154,129,150,6,0,2
1819,1313,211,154,128,150,6,0,4
1820,1313,211,155,128,150,6,0,4
1821,1313,210,153,128,150,6,0,4
1822,1313,210,151,129,150,6,0,3
1823,1313,210,152,128,150,6,0,3
1824,1313,209,150,129,150,6,0,2
1825,1313,209,149,129,150,6,0,1
1826,1313,209,149,129,150,6,0,1
1827,1313,209,149,129,150,6,0,1
1828,1313,209,149,129,150,6,0,1
1829,1313,210,149,128,150,6,0,1
1830,1313,210,149,129,150,6,0,1
1831,1313,210,150,129,150,6,0,1
1832,1313,210,150,129,150,6,0,1
1833,1313,210,150,128,150,6,0,1
1834,1313,211,150,128,150,6,0,1
1835,1313,211,149,128,150,6,0,0
1836,1313,211,152,128,150,6,0,1
1837,1313,210,154,129,150,6,0,1
1838,1313,211,153,129,150,6,0,2
1839,1313,211,153,129,150,6,0,1
1840,1313,211,153,129,150,6,0,1
1841,1313,210,153,129,150,6,0,1
1842,1313,211,153,129,150,6,0,2
1843,1313,211,153,128,150,6,0,4
1844,1313,210,153,128,150,6,0,5
1845,1313,210,154,128,150,6,0,4
1846,1313,210,153,128,150,6,0,2
1847,1313,210,154,128,150,6,0,2
1848,1313,210,152,129,150,6,0,2
1849,1313,209,151,129,150,6,0,2
1850,1313,209,147,129,150,6,0,1
1851,1313,209,147,128,150,6,0,0
1852,1313,209,147,129,150,6,0,0
1853,1313,210,147,128,150,6,0,0
1854,1313,210,148,128,150,6,0,0
1855,1313,210,148,128,150,6,0,1
1856,1313,210,147,128,150,6,0,1
1857,1313,210,147,128,150,6,0,1
1858,1313,210,147,128,150,6,0,0
1859,1313,210,148,128,150,6,0,0
1860,1313,210,150,128,150,6,0,0
1861,1313,210,149,128,150,6,0,0
1862,1313,210,149,128,150,6,0,0
1863,1313,210,149,129,150,6,0,0
1864,1313,210,149,128,150,6,0,0
1865,1313,210,148,128,150,6,0,0
1866,1313,210,149,128,150,6,0,0
1867,1313,210,149,128,150,6,0,0
1868,1313,210,149,128,150,6,0,0
1869,1313,210,148,128,150,6,0,0
1870,1313,210,148,128,150,6,0,0
1871,1313,209,148,128,150,6,0,0
1872,1313,209,149,128,150,6,0,0
1873,1313,209,149,128,150,6,0,1
1874,1313,209,149,128,150,6,0,1
1875,1313,209,150,128,150,6,0,1
1876,1313,209,150,128,150,6,0,0
1877,1313,209,151,128,150,6,0,0
1878,1313,209,151,128,150,6,0,0
1879,1313,210,151,128,150,6,0,1
1880,1313,209,151,129,150,6,0,1
1881,1313,209,149,129,150,6,0,1
1882,1313,210,149,128,150,6,0,2
1883,1313,210,152,128,150,6,0,2
1884,1313,210,151,128,150,6,0,2
1885,1313,210,151,129,150,6,0,1
1886,1313,210,152,129,150,6,0,0
1887,1313,210,153,129,150,6,0,0
1888,1313,210,152,129,150,6,0,0
1889,1313,210,152,129,150,6,0,1
1890,1313,210,152,128,150,6,0,1
1891,1313,210,152,128,150,6,0,1
1892,1313,210,152,128,150,6,0,1
1893,1313,210,149,128,150,6,0,1
1894,1313,210,149,128,150,6,0,0
1895,1313,210,149,128,150,6,0,0
1896,1313,210,147,128,150,6,0,0
1897,1313,210,146,128,150,6,0,0
1898,1313,210,146,128,150,6,0,0
1899,1313,210,147,128,150,6,0,0
1900,1313,210,147,128,150,6,0,0
1901,1313,210,146,128,150,6,0,0
1902,1313,210,146,128,150,6,0,1
1903,1313,210,146,127,150,6,0,1
1904,1313,210,146,128,150,6,0,0
1905,1313,210,146,128,150,6,0,0
1906,1313,210,146,128,150,6,0,0
1907,1313,210,147,128,150,6,0,0
1908,1313,210,147,129,150,6,0,0
1909,1313,209,147,129,150,6,0,0
1910,1313,209,149,129,150,6,0,0
1911,1313,209,149,129,150,6,0,0
1912,1313,209,149,129,150,6,0,0
1913,1313,209,149,129,150,6,0,0
1914,1313,209,149,129,150,6,0,0
1915,1313,209,149,129,150,6,0,0
1916,1313,209,149,129,150,6,0,0
1917,1313,209,149,129,150,6,0,0
1918,1313,209,148,128,150,6,0,0
1919,1313,209,149,128,150,6,0,0
1920,1313,209,149,129,150,6,0,0
1921,1313,209,150,128,150,6,0,0
1922,1313,209,150,128,150,6,0,0
1923,1313,209,150,129,150,6,0,0
1924,1313,209,149,128,150,6,0,0
1925,1313,209,149,128,150,6,0,0
1926,1313,210,149,128,150,6,0,1
1927,1313,210,149,128,150,6,0,1
1928,1313,210,149,128,150,6,0,1
1929,1313,210,149,128,150,6,0,1
1930,1313,210,149,128,150,6,0,0
1931,1313,210,149,128,150,6,0,1
1932,1313,210,149,128,150,6,0,1
1933,1313,209,149,128,150,6,0,1
1934,1313,210,149,128,150,6,0,0
1935,1313,210,149,128,150,6,0,0
1936,1313,210,149,128,150,6,0,0
1937,1313,210,149,128,150,6,0,0
1938,1313,210,149,128,150,6,0,0
1939,1313,210,149,128,150,6,0,0
1940,1313,210,149,128,150,6,0,0
1941,1313,210,149,128,150,6,0,0
1942,1313,210,149,128,150,6,0,0
1943,1313,210,151,128,150,6,0,0
1944,1313,210,151,128,150,6,0,0
1945,1313,210,151,128,150,6,0,0
1946,1313,210,152,128,150,6,0,0
1947,1313,210,153,128,150,6,0,0
1948,1313,210,151,128,150,6,0,0
1949,1313,210,152,128,150,6,0,0
1950,1313,210,153,129,150,6,0,0
1951,1313,210,153,128,150,6,0,1
1952,1313,210,152,129,150,6,0,1
1953,1313,210,152,129,150,6,0,1
1954,1313,210,152,129,150,6,0,1
1955,1313,210,152,129,150,6,0,1
1956,1313,209,150,129,150,6,0,0
1957,1313,209,151,130,150,6,0,0
1958,1313,209,151,130,150,6,0,0
1959,1313,209,150,129,150,6,0,0
1960,1313,209,150,129,150,6,0,0
1961,1313,208,149,130,150,6,0,0
1962,1313,209,149,130,150,6,0,0
1963,1313,209,150,130,150,6,0,0
1964,1313,209,150,130,150,6,0,0
1965,1313,209,150,130,150,6,0,0
1966,1313,209,151,129,150,6,0,0
1967,1313,209,150,129,150,6,0,0
1968,1313,209,150,129,150,6,0,0
1969,1313,209,150,129,150,6,0,0
1970,1313,209,150,129,150,6,0,0
1971,1313,209,150,129,150,6,0,1
1972,1313,209,149,129,150,6,0,1
1973,1313,209,148,128,150,6,0,1
1974,1313,209,149,129,150,6,0,0
1975,1313,209,151,129,150,6,0,0
1976,1313,209,152,129,150,6,0,0
1977,1313,209,152,129,150,6,0,0
1978,1313,209,152,129,150,6,0,0
1979,1313,209,152,129,150,6,0,0
1980,1313,209,150,129,150,6,0,0
1981,1313,209,150,128,150,6,0,0
1982,1313,209,151,128,150,6,0,0
1983,1313,209,151,129,150,6,0,0
1984,1313,209,151,129,150,6,0,1
1985,1313,210,150,129,150,6,0,2
1986,1313,210,150,129,150,6,0,3
1987,1313,210,149,129,150,6,0,3
1988,1313,210,149,129,150,6,0,3
1989,1313,210,150,129,150,6,0,2
1990,1313,210,151,129,150,6,0,1
1991,1313,210,151,128,150,6,0,1
1992,1313,210,148,129,150,6,0,2
1993,1313,209,149,129,150,6,0,3
1994,1313,209,148,128,150,6,0,3
1995,1313,209,147,128,150,6,0,3
1996,1313,209,147,129,150,6,0,2
1997,1313,209,147,128,150,6,0,1
1998,1313,209,147,129,150,6,0,1
1999,1313,209,147,129,150,6,0,0
2000,1313,209,148,129,150,6,0,0
2001,1313,209,148,128,150,6,0,0
2002,1313,209,148,129,150,6,0,0
2003,1313,209,147,128,150,6,0,0
2004,1313,210,147,128,150,6,0,0
2005,1313,210,147,128,150,6,0,0
2006,1313,210,147,129,150,6,0,0
2007,1313,210,148,128,150,6,0,1
2008,1313,210,149,128,150,6,0,1
2009,1314,211,149,128,150,6,0,2
2010,1313,210,149,128,150,6,0,0
2011,1313,211,149,128,150,6,0,0
2012,1313,211,148,128,150,6,0,0
2013,1313,210,148,128,150,6,0,0
2014,1313,210,148,128,150,6,0,0
2015,1314,210,148,128,150,6,0,1
2016,1313,210,150,128,150,6,0,1
2017,1313,210,150,128,150,6,0,1
2018,1313,210,148,128,150,6,0,0
2019,1313,210,149,128,150,6,0,0
2020,1313,210,148,128,150,6,0,0
2021,1313,210,148,128,150,6,0,0
2022,1313,210,148,128,150,6,0,0
2023,1313,210,148,128,150,6,0,0
2024,1313,209,148,128,150,6,0,1
2025,1313,209,148,128,150,6,0,1
2026,1313,209,148,128,150,6,0,1
2027,1313,210,148,128,150,6,0,0
2028,1313,210,147,128,150,6,0,0
2029,1313,210,148,128,150,6,0,1
2030,1313,209,149,129,150,6,0,2
2031,1313,210,148,129,150,6,0,3
2032,1313,210,149,129,150,6,0,2
2033,1313,210,148,129,150,6,0,1
2034,1314,209,147,129,150,6,0,0
2035,1314,209,148,129,150,6,0,0
2036,1313,209,148,129,150,6,0,1
2037,1313,209,148,129,150,6,0,2
2038,1313,209,149,129,150,6,0,2
2039,1313,209,149,129,150,6,0,1
2040,1313,209,152,129,150,6,0,0
2041,1313,209,151,129,150,6,0,0
2042,1313,209,151,129,150,6,0,0
2043,1313,209,150,129,150,6,0,0
2044,1313,209,149,128,150,6,0,0
2045,1313,209,147,128,150,6,0,0
2046,1313,209,147,128,150,6,0,0
2047,1313,209,147,128,150,6,0,0
2048,1313,209,147,128,150,6,0,0
2049,1313,209,147,129,150,6,0,0
2050,1313,209,147,129,150,6,0,0
2051,1313,210,148,128,150,6,0,0
2052,1313,210,151,128,150,6,0,0
2053,1313,210,152,128,150,6,0,0
2054,1313,210,152,128,150,6,0,0
2055,1313,210,152,128,150,6,0,0
2056,1313,210,151,128,150,6,0,0
2057,1313,210,151,128,150,6,0,0
2058,1313,210,151,128,150,6,0,0
2059,1313,210,151,128,150,6,0,0
2060,1313,210,151,128,150,6,0,0
2061,1313,210,151,128,150,6,0,0
2062,1313,209,151,129,150,6,0,0
2063,1313,209,150,129,150,6,0,0
2064,1313,209,151,129,150,6,0,0
2065,1313,209,150,129,150,6,0,0
2066,1313,209,149,129,150,6,0,0
2067,1313,209,148,129,150,6,0,1
2068,1312,209,148,129,150,6,0,1
2069,1312,209,148,130,150,6,0,1
2070,1312,209,148,130,150,6,0,0
2071,1312,209,148,130,150,6,0,0
2072,1312,208,149,130,150,6,0,0
2073,1312,208,148,130,150,6,0,0
2074,1313,209,148,129,150,6,0,0
2075,1313,209,148,129,150,6,0,0
2076,1313,210,150,129,150,6,0,0
2077,1313,210,150,129,150,6,0,0
2078,1313,209,150,129,150,6,0,0
2079,1313,210,149,129,150,6,0,0
2080,1313,209,149,129,150,6,0,0
2081,1313,210,148,129,150,6,0,0
2082,1313,209,150,129,150,6,0,0
2083,1313,209,151,129,150,6,0,0
2084,1313,209,151,130,150,6,0,0
2085,1313,209,151,129,150,6,0,0
2086,1313,209,152,130,150,6,0,0
2087,1313,209,152,129,150,6,0,0
2088,1313,209,149,130,150,6,0,0
2089,1313,209,150,129,150,6,0,0
2090,1313,209,149,130,150,6,0,0
2091,1313,209,149,129,150,6,0,0
2092,1312,209,152,130,150,6,0,0
2093,1312,209,151,129,150,6,0,0
2094,1312,209,151,130,150,6,0,0
2095,1313,209,150,129,150,6,0,0
2096,1312,209,151,129,150,6,0,0
2097,1312,209,151,129,150,6,0,0
2098,1312,209,151,129,150,6,0,0
2099,1313,209,150,130,150,6,0,0
2100,1313,209,150,129,150,6,0,0
2101,1313,209,150,129,150,6,0,0
2102,1313,210,152,129,150,6,0,0
2103,1313,210,152,129,150,6,0,0
2104,1313,210,152,128,150,6,0,0
2105,1313,210,151,128,150,6,0,0
2106,1313,210,153,129,150,6,0,0
2107,1313,210,152,129,150,6,0,0
2108,1313,210,152,129,150,6,0,0
2109,1313,210,152,129,150,6,0,0
2110,1313,210,152,128,150,6,0,0
2111,1313,210,151,128,150,6,0,0
2112,1313,209,150,130,150,6,0,1
2113,1313,209,150,129,150,6,0,1
2114,1313,209,150,129,150,6,0,2
2115,1313,209,149,129,150,6,0,2
2116,1313,209,150,129,150,6,0,2
2117,1313,209,150,128,150,6,0,2
2118,1313,209,150,128,150,6,0,2
2119,1313,209,149,128,150,6,0,2
2120,1313,209,149,128,150,6,0,2
2121,1313,209,149,131,150,6,0,2
2122,1313,210,152,126,150,6,0,2
2123,1313,210,151,126,150,6,0,1
2124,1313,210,151,126,150,6,0,1
2125,1313,210,152,126,150,6,0,1
2126,1313,210,153,126,150,6,0,2
2127,1313,210,154,128,150,6,0,3
2128,1313,210,152,128,150,6,0,4
2129,1313,210,153,128,150,6,0,4
2130,1313,210,153,128,150,6,0,4
2131,1313,209,154,128,150,6,0,3
2132,1313,209,153,130,150,6,0,3
2133,1313,209,151,130,150,6,0,1
2134,1313,208,151,131,150,6,0,0
2135,1313,208,152,130,150,6,0,0
2136,1313,208,153,131,150,6,0,0
2137,1313,208,152,131,150,6,0,1
2138,1313,208,152,130,150,6,0,1
2139,1313,208,152,130,150,6,0,1
2140,1313,208,152,130,150,6,0,1
2141,1313,208,153,130,150,6,0,1
2142,1313,208,150,130,150,6,0,1
2143,1313,208,150,130,150,6,0,1
2144,1313,208,151,130,150,6,0,0
2145,1313,209,151,129,150,6,0,0
2146,1313,209,151,128,150,6,0,0
2147,1313,210,150,128,150,6,0,0
2148,1313,209,152,129,150,6,0,0
2149,1313,209,152,129,150,6,0,0
2150,1313,210,152,129,150,6,0,1
2151,1313,209,152,129,150,6,0,1
2152,1312,209,152,130,150,6,0,1
2153,1312,209,152,130,150,6,0,1
2154,1312,209,152,130,150,6,0,1
2155,1312,209,151,129,150,6,0,1
2156,1312,209,151,129,150,6,0,1
2157,1312,209,150,130,150,6,0,1
2158,1313,209,151,130,150,6,0,0
2159,1313,209,151,130,150,6,0,0
2160,1313,209,151,129,150,6,0,0
2161,1312,209,152,129,150,6,0,0
2162,1312,208,153,130,150,6,0,0
2163,1312,208,153,130,150,6,0,0
2164,1312,209,152,130,150,6,0,0
2165,1312,209,150,130,150,6,0,0
2166,1312,209,151,130,150,6,0,0
2167,1312,209,150,130,150,6,0,0
2168,1313,209,150,129,150,6,0,0
2169,1313,209,149,129,150,6,0,0
2170,1313,209,149,130,150,6,0,0
2171,1313,209,150,129,150,6,0,0
2172,1313,209,151,130,150,6,0,0
2173,1313,209,152,130,150,6,0,0
2174,1313,209,151,130,150,6,0,0
2175,1313,209,151,130,150,6,0,0
2176,1313,209,152,130,150,6,0,0
2177,1313,209,152,130,150,6,0,0
2178,1313,209,152,130,150,6,0,0
2179,1313,208,151,130,150,6,0,0
2180,1313,209,150,130,150,6,0,0
2181,1313,209,150,130,150,6,0,0
2182,1313,209,150,130,150,6,0,0
2183,1313,209,150,130,150,6,0,0
2184,1313,209,154,130,150,6,0,0
2185,1313,209,154,130,150,6,0,0
2186,1313,209,154,130,150,6,0,0
2187,1313,209,155,129,150,6,0,0
2188,1313,209,154,130,150,6,0,0
2189,1313,209,153,130,150,6,0,0
2190,1313,209,153,130,150,6,0,0
2191,1313,209,153,130,150,6,0,0
2192,1314,209,152,130,150,6,0,0
2193,1314,209,152,130,150,6,0,1
2194,1313,209,153,131,150,6,0,0
2195,1313,209,154,130,150,6,0,0
2196,1313,209,153,129,150,6,0,0
2197,1314,209,153,130,150,6,0,0
2198,1313,209,153,130,150,6,0,0
2199,1314,209,153,130,150,6,0,0
2200,1313,209,153,130,150,6,0,0
2201,1313,209,153,130,150,6,0,0
2202,1313,209,152,129,150,6,0,0
2203,1313,209,153,130,150,6,0,0
2204,1313,209,152,130,150,6,0,0
2205,1313,209,153,130,150,6,0,0
2206,1313,209,154,130,150,6,0,0
2207,1313,209,154,130,150,6,0,0
2208,1313,209,154,130,150,6,0,0
2209,1313,209,153,129,150,6,0,0
2210,1313,209,154,130,150,6,0,0
2211,1313,208,152,130,150,6,0,0
2212,1313,209,154,130,150,6,0,0
2213,1313,209,154,130,150,6,0,0
2214,1313,209,154,129,150,6,0,1
2215,1313,209,154,129,150,6,0,1
2216,1313,209,152,129,150,6,0,1
2217,1313,209,153,129,150,6,0,1
2218,1313,209,152,129,150,6,0,1
2219,1313,209,152,128,150,6,0,1
2220,1313,208,153,130,150,6,0,0
2221,1313,208,153,130,150,6,0,0
2222,1313,209,153,129,150,6,0,1
2223,1313,209,152,130,150,6,0,1
2224,1313,209,152,130,150,6,0,2
2225,1313,209,152,130,150,6,0,2
2226,1313,209,152,130,150,6,0,2
2227,1313,209,152,130,150,6,0,2
2228,1313,209,153,130,150,6,0,1
2229,1313,209,152,130,150,6,0,1
2230,1313,209,151,130,150,6,0,0
2231,1313,209,152,130,150,6,0,0
2232,1313,209,151,130,150,6,0,0
2233,1313,209,151,130,150,6,0,0
2234,1313,209,151,130,150,6,0,0
2235,1313,209,151,130,150,6,0,0
2236,1313,209,150,129,150,6,0,0
2237,1313,209,149,129,150,6,0,1
2238,1313,209,148,129,150,6,0,1
2239,1313,209,148,129,150,6,0,1
2240,1312,209,149,129,150,6,0,1
2241,1312,209,149,129,150,6,0,1
2242,1312,209,153,130,150,6,0,0
2243,1312,209,153,130,150,6,0,0
2244,1313,208,153,131,150,6,0,0
2245,1313,208,153,131,150,6,0,0
2246,1313,208,153,131,150,6,0,0
2247,1313,208,153,131,150,6,0,0
2248,1313,208,153,131,150,6,0,0
2249,1313,208,153,131,150,6,0,0
2250,1313,208,154,131,150,6,0,0
2251,1313,208,152,131,150,6,0,1
2252,1313,208,154,132,150,6,0,1
2253,1313,208,154,132,150,6,0,1
2254,1313,208,154,131,150,6,0,1
2255,1313,208,154,132,150,6,0,1
2256,1313,208,152,131,150,6,0,0
2257,1313,208,152,131,150,6,0,0
2258,1313,208,152,131,150,6,0,0
2259,1313,208,152,131,150,6,0,0
2260,1313,208,152,131,150,6,0,0
2261,1313,209,153,131,150,6,0,0
2262,1313,209,153,130,150,6,0,0
2263,1313,209,154,130,150,6,0,0
2264,1313,209,153,130,150,6,0,0
2265,1313,209,153,130,150,6,0,0
2266,1312,209,153,130,150,6,0,0
2267,1313,209,152,130,150,6,0,1
2268,1312,209,154,131,150,6,0,1
2269,1312,209,155,131,150,6,0,2
2270,1312,209,155,131,150,6,0,1
2271,1312,209,155,131,150,6,0,1
2272,1313,208,155,130,150,6,0,1
2273,1312,208,155,130,150,6,0,1
2274,1312,209,155,130,150,6,0,2
2275,1313,209,154,130,150,6,0,3
2276,1313,209,155,130,150,6,0,2
2277,1313,209,155,129,150,6,0,1
2278,1313,209,155,129,150,6,0,0
2279,1313,209,155,129,150,6,0,0
2280,1313,209,156,129,150,6,0,0
2281,1313,209,156,129,150,6,0,1
2282,1312,208,150,130,150,6,0,1
2283,1312,208,150,130,150,6,0,1
2284,1312,208,150,129,150,6,0,1
2285,1313,208,150,130,150,6,0,1
2286,1313,208,150,130,150,6,0,0
2287,1313,208,149,130,150,6,0,0
2288,1313,208,149,130,150,6,0,0
2289,1313,208,149,130,150,6,0,0
2290,1313,208,149,130,150,6,0,0
2291,1313,208,150,130,150,6,0,0
2292,1312,208,152,130,150,6,0,0
2293,1312,208,152,130,150,6,0,0
2294,1312,208,152,130,150,6,0,0
2295,1312,208,152,130,150,6,0,0
2296,1312,209,151,130,150,6,0,0
2297,1312,209,152,130,150,6,0,1
2298,1312,209,152,129,150,6,0,1
2299,1312,209,152,130,150,6,0,1
2300,1312,209,153,129,150,6,0,0
2301,1312,209,153,129,150,6,0,0
2302,1313,209,156,130,150,6,0,1
2303,1313,209,156,130,150,6,0,2
2304,1313,208,155,132,150,6,0,3
2305,1313,208,155,132,150,6,0,4
2306,1313,209,155,132,150,6,0,3
2307,1313,209,155,132,150,6,0,2
2308,1312,208,156,132,150,6,0,2
2309,1313,209,154,131,150,6,0,3
2310,1313,208,154,130,150,6,0,3
2311,1313,208,154,130,150,6,0,4
2312,1313,209,154,130,150,6,0,2
2313,1313,209,153,130,150,6,0,2
2314,1313,209,153,130,150,6,0,1
2315,1313,209,153,130,150,6,0,1
2316,1312,209,156,130,150,6,0,1
2317,1313,209,155,129,150,6,0,1
2318,1313,209,155,129,150,6,0,1
2319,1313,209,155,129,150,6,0,1
2320,1313,209,156,130,150,6,0,0
2321,1313,210,155,129,150,6,0,0
2322,1313,209,155,130,150,6,0,0
2323,1313,209,155,130,150,6,0,1
2324,1313,209,155,130,150,6,0,1
2325,1313,209,154,130,150,6,0,1
2326,1313,209,154,130,150,6,0,1
2327,1313,209,153,130,150,6,0,0
2328,1313,208,153,130,150,6,0,0
2329,1313,209,154,130,150,6,0,0
2330,1313,209,153,131,150,6,0,0
2331,1313,208,153,131,150,6,0,0
0,1013,26,61,46,151,9,0,118
1,1012,25,60,46,151,9,0,125
2,1011,24,60,46,151,9,0,131
3,1010,23,61,46,151,9,0,134
4,1009,22,61,46,151,9,0,134
5,1009,21,61,46,151,9,0,130
6,1007,19,62,47,151,9,0,132
7,1006,18,61,47,151,9,0,129
8,1005,17,61,47,151,9,0,131
9,1004,18,61,45,151,9,0,133
10,1003,17,60,44,151,9,0,139
11,1003,16,59,45,151,9,0,146
12,1002,14,59,45,151,9,0,152
13,1001,13,58,45,151,9,0,158
14,1000,11,58,45,151,9,0,160
15,999,10,58,45,151,9,0,162
16,998,9,58,44,151,9,0,162
17,996,8,58,44,151,9,0,163
18,995,7,58,43,151,9,0,163
19,994,6,58,43,151,9,0,163
20,993,5,57,42,151,9,0,163
21,991,4,57,42,151,9,0,163
22,990,0,56,44,151,9,0,163
23,989,0,57,43,151,9,0,163
24,987,0,57,42,151,9,0,163
25,986,0,57,41,151,9,0,163
26,985,0,57,39,151,9,0,163
27,984,0,56,38,151,9,0,163
28,983,0,56,37,151,9,0,163
29,981,0,56,36,151,9,0,163
30,980,0,56,35,151,9,0,163
31,979,0,56,33,151,9,0,163
32,978,0,56,32,151,9,0,163
33,977,0,55,31,151,9,0,163
34,976,0,54,30,151,9,0,163
35,975,0,54,29,151,9,0,163
36,974,0,53,28,151,9,0,163
37,973,0,53,26,151,9,0,163
38,971,0,54,26,151,9,0,163
39,970,0,53,25,151,9,0,163
40,969,0,53,24,151,9,0,163
41,969,0,53,23,151,9,0,163
42,967,0,52,22,151,9,0,163
43,966,0,52,21,151,9,0,163
44,966,0,52,20,151,9,0,163
45,965,0,52,19,151,9,0,163
27,844,0,52,17,152,9,4,177
28,845,0,53,18,152,9,4,177
29,845,0,54,19,152,9,4,177
30,846,0,53,20,152,9,4,177
31,847,0,54,21,152,9,4,177
32,848,0,54,22,152,9,4,177
33,848,0,55,24,152,9,4,177
34,849,0,55,25,152,9,4,177
35,849,0,55,26,152,9,4,177
36,851,0,55,27,152,9,4,177
37,851,0,55,28,152,9,4,177
38,852,0,56,29,152,9,4,177
39,853,0,56,30,152,9,4,177
40,853,0,57,32,152,9,4,177
41,855,0,56,33,152,9,4,177
42,855,0,57,35,152,9,4,177
43,856,0,58,36,152,9,4,177
44,856,0,59,38,152,9,4,177
45,857,0,59,40,152,9,4,177
46,858,0,59,41,152,9,4,177
47,859,0,59,42,152,9,4,177
48,860,0,60,43,152,9,4,177
49,861,0,60,44,152,9,4,177
50,860,0,63,46,152,9,4,177
51,858,0,66,47,152,9,4,177
52,862,0,65,48,152,9,4,177
53,863,0,66,50,152,9,4,177
54,864,0,67,52,152,9,4,177
55,864,0,69,54,152,9,4,177
56,866,0,69,54,152,9,4,177
57,866,0,69,56,152,9,4,177
58,868,1,69,56,152,9,4,177
59,869,2,68,56,152,9,4,177
60,871,4,68,56,152,9,4,177
61,872,5,68,56,152,9,4,177
62,874,6,68,57,152,9,4,177
63,874,6,69,58,152,9,4,177
64,876,7,68,58,152,9,4,177
65,877,8,69,58,152,9,4,175
66,879,10,68,58,152,9,4,171
67,880,12,69,57,152,9,4,166
68,882,13,67,57,152,9,4,162
69,881,14,69,59,152,9,4,162
70,884,14,68,59,152,9,4,161
71,884,16,69,59,152,9,4,162
72,883,16,72,60,152,9,4,162
73,885,17,71,61,152,9,4,163
74,886,18,71,61,152,9,4,164
75,889,20,69,61,152,9,4,167
76,890,22,69,61,152,9,4,168
77,890,24,70,61,152,9,4,163
78,891,25,70,61,152,9,4,158
79,892,26,71,61,152,9,4,152
80,892,28,73,60,152,9,4,147
81,892,29,73,61,152,9,4,137
82,893,29,74,62,152,9,4,131
83,893,30,74,62,152,9,4,128
84,895,32,74,62,152,9,4,125
85,896,33,75,63,152,9,4,121
86,897,34,75,62,152,9,4,115
87,897,35,75,63,152,9,4,113
88,897,36,76,63,152,9,4,109
89,898,37,76,63,152,9,4,105
90,899,38,76,64,152,9,4,101
91,899,39,76,64,152,9,4,97
92,900,39,76,64,152,9,4,95
93,901,40,76,65,152,9,4,91
94,902,40,75,66,152,9,4,89
95,904,41,75,66,152,9,4,87
96,903,44,75,65,152,9,4,87
97,904,45,76,65,152,9,4,86
98,904,46,76,65,152,9,4,87
99,905,48,76,64,152,9,4,89
100,906,49,76,65,152,9,4,92
101,905,50,77,66,152,9,4,90
102,906,51,77,66,152,9,4,88
103,907,51,77,66,152,9,4,84
104,908,52,77,67,152,9,4,67
105,907,54,78,65,152,9,4,48
106,908,54,73,61,152,9,4,31
107,908,55,69,47,152,9,4,27
110,915,56,73,43,152,9,4,28
111,912,56,77,67,152,9,4,31
112,911,56,78,68,152,9,4,45
113,909,58,80,67,152,9,4,54
114,911,59,79,67,152,9,4,62
115,911,60,79,67,152,9,4,56
116,911,60,79,67,152,9,4,53
117,911,60,80,67,152,9,4,45
118,911,62,80,66,152,9,4,42
119,911,62,79,67,152,9,4,36
120,911,63,80,67,152,9,4,36
121,911,62,80,67,152,9,4,37
122,911,63,81,67,152,9,4,37
123,911,63,80,68,152,9,4,36
124,912,63,80,68,152,9,4,32
125,912,64,81,68,152,9,4,30
126,912,64,81,68,152,9,4,25
127,912,64,81,68,152,9,4,22
128,912,64,80,68,152,9,4,19
129,913,65,80,68,152,9,4,16
130,913,65,81,68,152,9,4,13
131,913,65,80,68,152,9,4,8
132,914,65,80,67,152,9,4,7
133,913,65,81,67,152,9,4,6
134,916,65,77,68,152,9,4,7
135,919,65,74,67,152,9,4,7
136,919,65,75,48,152,9,4,8
137,920,65,74,46,152,9,4,9
138,919,65,75,31,152,9,4,9
139,918,65,67,25,152,9,4,9
126,697,82,167,70,153,7,1,33
127,702,83,172,69,153,7,1,28
128,706,84,180,69,153,7,1,24
129,719,84,183,69,153,7,1,19
130,753,84,160,69,153,7,1,18
131,753,85,174,68,153,7,1,19
132,756,85,184,68,153,7,1,21
133,773,86,182,68,153,7,1,23
134,801,86,168,67,153,7,1,25
135,831,86,151,66,153,7,1,27
136,831,86,165,67,153,7,1,27
137,834,86,175,67,153,7,1,27
138,849,85,175,68,153,7,1,26
139,866,85,172,68,153,7,1,25
140,880,84,170,68,153,7,1,26
141,896,85,165,67,153,7,1,27
142,911,85,162,66,153,7,1,29
143,927,84,157,67,153,7,1,30
144,942,84,153,66,153,7,1,31
145,956,83,149,67,153,7,1,31
146,969,81,143,68,153,7,1,30
147,983,81,138,69,153,7,1,28
148,994,82,133,68,153,7,1,27
149,1006,81,128,68,153,7,1,27
150,1017,81,123,67,153,7,1,27
151,1027,81,118,68,153,7,1,28
152,1036,80,112,67,153,7,1,31
153,1046,81,105,66,153,7,1,35
154,1052,80,101,65,153,7,1,38
155,1058,79,96,65,153,7,1,40
156,1064,80,92,65,153,7,1,40
157,1069,79,86,65,153,7,1,41
158,1072,79,83,64,153,7,1,40
159,1075,78,80,64,153,7,1,39
160,1076,78,77,64,153,7,1,37
161,1076,78,75,63,153,7,1,38
162,1073,77,78,63,153,7,1,40
163,1071,76,80,63,153,7,1,40
164,1070,75,80,63,153,7,1,41
165,1068,74,81,64,153,7,1,41
166,1065,72,81,64,153,7,1,44
167,1063,72,81,63,153,7,1,43
168,1059,71,81,63,153,7,1,43
169,1057,70,81,64,153,7,1,46
170,1055,69,80,63,153,7,1,53
171,1051,65,81,66,153,7,1,64
172,1049,64,81,64,153,7,1,73
173,1047,63,80,63,153,7,1,83
174,1043,64,81,61,153,7,1,93
175,1042,60,79,63,153,7,1,102
176,1039,57,79,63,153,7,1,105
177,1035,56,79,63,153,7,1,113
178,1033,55,78,63,153,7,1,123
179,1030,54,77,58,153,7,1,137
180,1029,52,76,49,153,7,1,142
181,1025,50,79,42,153,7,1,146
182,1022,49,79,33,153,7,1,148
183,1018,47,79,32,153,7,1,150
184,1016,46,76,46,153,7,1,122
185,1015,43,75,56,153,7,1,109
186,1012,42,75,58,153,7,1,90
187,1009,40,76,59,153,7,1,103
188,1007,38,75,59,153,7,1,99
189,1006,37,74,60,153,7,1,103
190,1004,36,73,60,153,7,1,105
191,1001,34,74,60,153,7,1,114
192,999,33,74,60,153,7,1,120
193,997,31,73,59,153,7,1,131
194,995,30,73,58,153,7,1,138
195,994,29,72,58,153,7,1,145
196,992,28,73,58,153,7,1,154
197,990,26,71,58,153,7,1,159
198,988,24,71,57,153,7,1,165
199,986,24,72,56,153,7,1,165
200,984,22,71,56,153,7,1,168
201,983,20,70,57,153,7,1,170
202,981,19,70,56,153,7,1,172
203,980,18,69,55,153,7,1,174
204,978,17,69,55,153,7,1,176
205,976,16,69,54,153,7,1,176
206,975,15,68,53,153,7,1,177
207,973,12,68,54,153,7,1,177
208,971,14,68,51,153,7,1,177
209,970,12,67,51,153,7,1,177
210,968,11,67,51,153,7,1,177
211,967,10,66,50,153,7,1,177
212,966,7,66,52,153,7,1,177
213,964,0,66,57,153,7,1,177
214,962,3,66,52,153,7,1,177
215,961,1,65,52,153,7,1,177
216,959,1,65,51,153,7,1,177
217,959,0,64,49,153,7,1,177
218,958,0,63,48,153,7,1,177
219,957,0,62,47,153,7,1,177
220,955,0,63,45,153,7,1,177
221,954,0,62,44,153,7,1,177
222,952,0,63,42,153,7,1,177
223,952,0,62,41,153,7,1,177
224,951,0,61,39,153,7,1,177
225,949,0,60,35,153,7,1,177
226,948,0,60,33,153,7,1,177
227,947,0,59,32,153,7,1,177
228,946,0,59,31,153,7,1,177
229,945,0,58,29,153,7,1,177
230,945,0,58,28,153,7,1,177
231,944,0,57,27,153,7,1,177
232,943,0,56,25,153,7,1,177
233,943,0,56,24,153,7,1,177
234,942,0,56,24,153,7,1,177
235,941,0,56,23,153,7,1,177
236,940,0,56,21,153,7,1,177
237,940,0,55,20,153,7,1,177
238,939,0,55,19,153,7,1,177
239,939,0,55,18,153,7,1,177
240,934,0,55,16,153,7,1,177
611,698,81,159,70,154,3,0,16
612,699,82,173,70,154,3,0,16
613,707,83,180,70,154,3,0,16
614,722,84,184,69,154,3,0,19
615,753,85,171,69,154,3,0,22
616,755,85,187,68,154,3,0,25
617,777,86,185,67,154,3,0,26
618,800,87,181,66,154,3,0,26
619,833,88,168,65,154,3,0,28
620,837,87,186,66,154,3,0,29
621,858,87,186,65,154,3,0,30
622,880,87,185,65,154,3,0,31
623,902,85,185,67,154,3,0,32
624,924,85,185,67,154,3,0,35
625,946,85,185,66,154,3,0,37
626,968,85,185,66,154,3,0,39
627,992,85,184,65,154,3,0,39
628,1016,84,183,66,154,3,0,39
629,1040,86,183,65,154,3,0,38
630,1065,87,183,64,154,3,0,37
631,1090,86,182,64,154,3,0,36
632,1115,87,181,64,154,3,0,35
633,1141,86,178,64,154,3,0,36
634,1168,86,180,64,154,3,0,37
635,1196,86,179,64,154,3,0,38
636,1221,87,153,64,154,3,0,39
637,1248,88,126,62,154,3,0,39
638,1277,90,98,59,154,3,0,40
620,1200,1024,391,55,155,9,0,-1
621,1142,989,524,89,155,9,0,-1
622,1161,954,518,123,155,9,0,-1
623,1178,921,500,157,155,9,0,-1
624,1190,889,485,188,155,9,0,-1
625,1201,859,470,216,155,9,0,-1
626,1209,831,455,245,155,9,0,-1
627,1216,802,441,274,155,9,0,-1
628,1220,784,428,292,155,9,0,-1
629,1224,761,414,313,155,9,0,-1
630,1225,742,405,320,155,9,0,-1
756,699,89,118,62,156,4,0,99
757,705,89,149,62,156,4,0,90
758,720,91,160,63,156,4,0,81
759,754,93,149,61,156,4,0,63
760,764,93,163,61,156,4,0,54
761,800,93,152,61,156,4,0,46
762,832,94,145,60,156,4,0,45
763,841,93,162,61,156,4,0,41
764,867,93,162,60,156,4,0,38
765,894,93,162,61,156,4,0,36
766,920,92,163,61,156,4,0,36
767,948,92,163,62,156,4,0,39
768,975,92,149,61,156,4,0,42
769,1003,91,126,61,156,4,0,46
770,1031,91,122,60,156,4,0,47
771,1059,92,160,60,156,4,0,49
772,1091,92,157,61,156,4,0,50
773,1124,94,152,58,156,4,0,50
774,1172,94,129,58,156,4,0,47
775,1176,93,155,59,156,4,0,44
776,1203,94,157,58,156,4,0,44
777,1231,94,145,57,156,4,0,44
778,1263,96,113,56,156,4,0,44
779,1288,94,88,56,156,4,0,43
871,1090,99,76,54,157,9,0,27
872,1089,98,74,55,157,9,0,25
873,1089,97,74,56,157,9,0,23
874,1088,98,74,54,157,9,0,19
875,1087,98,71,54,157,9,0,18
876,1085,98,68,54,157,9,0,17
877,1085,98,69,53,157,9,0,18
878,1084,98,72,53,157,9,0,17
879,1082,97,71,54,157,9,0,17
880,1081,97,70,53,157,9,0,18
881,1080,97,69,53,157,9,0,19
882,1078,96,70,53,157,9,0,20
883,1078,96,67,53,157,9,0,20
884,1077,96,67,53,157,9,0,22
885,1075,95,64,53,157,9,0,25
886,1074,95,64,52,157,9,0,28
887,1073,95,63,51,157,9,0,31
888,1072,94,63,51,157,9,0,33
889,1072,93,63,52,157,9,0,35
890,1069,93,65,51,157,9,0,35
891,1068,92,65,51,157,9,0,36
892,1067,92,63,51,157,9,0,36
893,1066,90,63,51,157,9,0,39
894,1064,90,64,51,157,9,0,42
895,1062,88,66,51,157,9,0,45
896,1061,87,71,51,157,9,0,51
897,1059,87,72,51,157,9,0,55
898,1058,85,72,50,157,9,0,60
899,1056,84,71,50,157,9,0,58
900,1056,83,71,51,157,9,0,58
901,1054,82,71,51,157,9,0,59
902,1053,80,70,51,157,9,0,59
903,1051,78,71,52,157,9,0,62
904,1050,77,70,52,157,9,0,66
905,1049,75,70,51,157,9,0,74
906,1047,74,70,51,157,9,0,80
907,1044,72,70,51,157,9,0,87
908,1044,71,68,51,157,9,0,89
909,1042,69,68,51,157,9,0,93
910,1041,69,68,51,157,9,0,98
911,1039,66,67,51,157,9,0,105
912,1037,64,67,50,157,9,0,112
913,1035,63,68,50,157,9,0,114
914,1034,61,67,50,157,9,0,121
915,1032,60,67,49,157,9,0,125
916,1030,58,66,50,157,9,0,126
917,1029,56,66,49,157,9,0,124
918,1028,55,66,49,157,9,0,121
919,1025,54,66,49,157,9,0,123
920,1024,52,66,49,157,9,0,125
921,1023,50,65,49,157,9,0,129
922,1020,48,66,49,157,9,0,129
923,1019,47,66,49,157,9,0,131
924,1017,46,65,49,157,9,0,136
925,1016,44,64,48,157,9,0,142
926,1014,42,64,48,157,9,0,143
927,1012,40,64,49,157,9,0,141
928,1011,39,63,49,157,9,0,143
929,1009,39,64,48,157,9,0,146
930,1008,37,63,48,157,9,0,151
931,1006,35,63,48,157,9,0,152
932,1004,33,63,48,157,9,0,157
933,1003,33,62,47,157,9,0,162
934,1001,31,62,47,157,9,0,168
935,1000,30,62,45,157,9,0,171
936,998,29,62,45,157,9,0,172
937,996,28,62,44,157,9,0,174
938,995,26,62,45,157,9,0,173
939,993,25,61,45,157,9,0,170
940,992,24,61,45,157,9,0,167
941,991,23,60,44,157,9,0,166
942,989,21,60,44,157,9,0,166
943,987,19,61,44,157,9,0,166
944,986,18,60,44,157,9,0,166
945,984,17,60,45,157,9,0,166
946,983,16,59,44,157,9,0,166
947,983,15,58,44,157,9,0,166
948,982,13,57,44,157,9,0,166
949,982,12,55,43,157,9,0,166
950,980,11,56,43,157,9,0,166
951,979,9,55,43,157,9,0,166
952,978,6,56,45,157,9,0,166
953,977,1,55,47,157,9,0,166
954,976,1,55,47,157,9,0,166
955,974,2,55,45,157,9,0,166
956,973,1,55,43,157,9,0,166
957,972,0,55,43,157,9,0,166
958,971,0,54,42,157,9,0,166
959,970,0,55,41,157,9,0,166
960,969,0,54,39,157,9,0,166
961,968,0,54,37,157,9,0,166
962,967,0,53,36,157,9,0,166
963,967,0,53,34,157,9,0,166
964,966,0,52,33,157,9,0,166
965,965,0,51,31,157,9,0,166
966,964,0,52,31,157,9,0,166
967,963,0,52,30,157,9,0,166
968,962,0,52,28,157,9,0,166
969,961,0,51,26,157,9,0,166
970,959,0,52,25,157,9,0,166
971,958,0,52,24,157,9,0,166
972,957,0,51,23,157,9,0,166
973,956,0,51,22,157,9,0,166
974,955,0,51,21,157,9,0,166
975,952,0,52,20,157,9,0,166
976,951,0,52,19,157,9,0,166
977,951,0,50,18,157,9,0,166
978,950,0,50,18,157,9,0,166
979,950,0,49,17,157,9,0,166
980,949,0,49,16,157,9,0,166
981,948,0,49,16,157,9,0,167
982,946,0,49,16,157,9,0,168
983,945,0,49,16,157,9,0,169
984,944,0,49,15,157,9,0,143
985,943,0,49,15,157,9,0,122
986,942,0,48,15,157,9,0,96
998,927,0,46,13,157,9,0,97
999,925,0,46,13,157,9,0,82
1000,923,0,48,13,157,9,0,68
1001,922,0,49,13,157,9,0,45
1002,921,0,46,13,157,9,0,39
1003,920,0,43,15,157,9,0,34
1004,928,0,33,13,157,9,0,38
1150,1294,93,80,51,158,5,3,3
1151,1285,89,89,55,158,5,3,3
1152,1278,89,96,55,158,5,3,7
1153,1270,90,104,54,158,5,3,9
1154,1262,86,112,59,158,5,3,16
1155,1254,89,119,55,158,5,3,21
1156,1245,84,128,62,158,5,3,29
1157,1235,86,139,60,158,5,3,32
1158,1229,83,146,63,158,5,3,34
1159,1217,85,157,62,158,5,3,32
1160,1207,85,167,61,158,5,3,26
1161,1198,83,176,63,158,5,3,21
1162,1185,83,186,63,158,5,3,18
1163,1174,84,178,63,158,5,3,20
1164,1162,83,178,63,158,5,3,21
1165,1151,83,176,63,158,5,3,25
1166,1136,83,171,63,158,5,3,24
1167,1123,84,175,63,158,5,3,22
1168,1109,83,179,62,158,5,3,18
1169,1095,83,176,62,158,5,3,16
1170,1080,83,179,62,158,5,3,16
1171,1064,84,179,61,158,5,3,16
1172,1049,83,178,63,158,5,3,20
1173,1032,82,178,64,158,5,3,24
1174,1015,82,177,65,158,5,3,32
1175,998,82,175,65,158,5,3,37
1176,980,82,177,66,158,5,3,41
1177,961,82,178,66,158,5,3,42
1178,943,82,180,67,158,5,3,43
1179,926,81,179,67,158,5,3,44
1180,906,82,179,67,158,5,3,43
1181,888,82,178,68,158,5,3,43
1182,865,83,180,67,158,5,3,41
1183,845,84,180,67,158,5,3,42
1184,828,85,176,66,158,5,3,41
1185,829,85,153,65,158,5,3,39
1186,782,86,179,65,158,5,3,36
1187,758,86,179,65,158,5,3,34
1188,752,85,164,65,158,5,3,33
1189,725,84,168,67,158,5,3,34
1190,717,83,153,66,158,5,3,36
1191,700,81,145,67,158,5,3,37
1192,697,80,118,65,158,5,3,38
1193,697,80,89,63,158,5,3,38
1565,880,95,82,55,159,3,0,24
1566,845,95,118,55,159,3,0,24
1567,832,96,122,55,159,3,0,27
1568,797,96,153,55,159,3,0,30
1569,753,97,169,54,159,3,0,36
1570,753,94,130,56,159,3,0,38
1572,704,90,111,56,159,3,0,40
2113,864,0,47,21,160,6,0,166
2114,864,0,47,22,160,6,0,166
2115,864,0,47,22,160,6,0,166
2116,865,0,48,23,160,6,0,166
2117,866,0,48,24,160,6,0,166
2118,866,0,48,25,160,6,0,166
2119,867,0,48,25,160,6,0,166
2120,868,0,49,26,160,6,0,166
2121,868,0,49,27,160,6,0,166
2122,868,0,50,28,160,6,0,166
2123,868,0,51,30,160,6,0,166
2124,869,0,52,30,160,6,0,166
2125,870,0,51,31,160,6,0,166
2126,871,0,51,32,160,6,0,166
2127,871,0,51,33,160,6,0,166
2128,872,0,51,34,160,6,0,166
2129,872,0,52,35,160,6,0,166
2130,872,0,53,36,160,6,0,166
2131,872,0,54,36,160,6,0,166
2132,874,0,53,37,160,6,0,166
2133,874,0,54,38,160,6,0,166
2134,875,0,53,38,160,6,0,167
2135,876,0,52,40,160,6,0,169
2136,877,0,51,41,160,6,0,170
2137,876,0,52,42,160,6,0,171
2138,877,0,52,43,160,6,0,171
2139,877,1,53,43,160,6,0,171
2140,877,1,55,43,160,6,0,171
2141,878,2,54,44,160,6,0,172
2142,880,4,54,43,160,6,0,172
2143,878,5,56,42,160,6,0,172
2144,880,7,56,42,160,6,0,172
2145,880,8,57,42,160,6,0,172
2146,880,9,58,41,160,6,0,172
2147,880,11,57,42,160,6,0,170
2148,881,11,59,43,160,6,0,170
2149,882,12,58,43,160,6,0,170
2150,884,12,56,44,160,6,0,170
2151,885,11,55,45,160,6,0,168
2152,886,13,56,44,160,6,0,164
2153,886,14,57,45,160,6,0,155
2154,887,15,57,45,160,6,0,147
2155,886,15,56,45,160,6,0,140
2156,887,16,57,45,160,6,0,134
2157,888,17,57,45,160,6,0,132
2158,887,17,59,45,160,6,0,128
2159,887,18,61,46,160,6,0,133
2160,888,18,62,47,160,6,0,135
2161,887,19,63,47,160,6,0,140
2162,889,20,61,47,160,6,0,143
2163,889,21,61,48,160,6,0,144
2164,891,22,60,48,160,6,0,141
2165,890,23,62,48,160,6,0,135
2166,891,23,61,48,160,6,0,130
2167,892,25,62,48,160,6,0,125
2168,893,25,62,48,160,6,0,118
2169,893,26,63,48,160,6,0,112
2170,894,26,63,49,160,6,0,113
2171,895,27,62,49,160,6,0,115
2172,897,29,62,49,160,6,0,121
2173,897,30,62,49,160,6,0,122
2174,897,31,62,50,160,6,0,123
2175,897,32,64,50,160,6,0,120
2176,899,32,62,50,160,6,0,115
2177,900,33,62,50,160,6,0,108
2178,900,35,62,49,160,6,0,101
2179,901,35,62,49,160,6,0,98
2180,902,36,63,50,160,6,0,100
2181,903,37,63,50,160,6,0,100
2182,904,38,63,50,160,6,0,100
2183,905,38,64,50,160,6,0,97
2184,906,40,62,50,160,6,0,95
2185,906,40,63,50,160,6,0,91
2186,907,41,63,50,160,6,0,86
2187,907,42,65,50,160,6,0,83
2188,909,43,64,50,160,6,0,77
2189,909,43,65,50,160,6,0,76
2190,910,44,65,50,160,6,0,73
2191,912,46,65,50,160,6,0,73
2192,912,46,66,50,160,6,0,71
2193,913,46,65,51,160,6,0,72
2194,913,48,65,50,160,6,0,78
2195,914,49,66,50,160,6,0,79
2196,913,50,68,51,160,6,0,81
2197,914,50,68,51,160,6,0,78
2198,915,51,67,51,160,6,0,77
2199,916,52,67,51,160,6,0,74
2200,917,53,67,51,160,6,0,68
2201,918,53,66,51,160,6,0,63
2202,919,53,67,52,160,6,0,60
2203,920,54,67,52,160,6,0,61
2204,920,55,67,52,160,6,0,60
2205,921,56,67,52,160,6,0,58
2206,922,56,67,52,160,6,0,56
2207,922,56,67,52,160,6,0,56
2208,922,56,68,54,160,6,0,54
2209,922,58,68,53,160,6,0,49
2210,923,59,68,52,160,6,0,46
2211,924,59,68,52,160,6,0,47
2212,925,61,67,52,160,6,0,51
2213,925,62,67,52,160,6,0,51
2214,926,62,68,52,160,6,0,51
2215,926,62,67,53,160,6,0,50
2216,927,63,67,53,160,6,0,51
2217,927,63,68,53,160,6,0,49
2218,928,64,68,53,160,6,0,46
2219,928,65,68,53,160,6,0,43
2220,928,65,68,53,160,6,0,40
2221,929,65,68,53,160,6,0,39
2222,929,66,69,53,160,6,0,38
2223,930,67,69,53,160,6,0,37
2224,930,68,69,53,160,6,0,36
2225,930,68,70,53,160,6,0,37
2226,930,68,70,54,160,6,0,37
2227,931,69,70,53,160,6,0,37
2228,929,69,73,54,160,6,0,33
2229,931,69,72,54,160,6,0,31
2230,932,70,71,53,160,6,0,29
2231,933,70,71,53,160,6,0,29
2232,933,70,72,54,160,6,0,29
2233,934,71,72,54,160,6,0,29
2234,934,71,72,55,160,6,0,29
2235,935,71,71,54,160,6,0,29
2236,935,71,70,55,160,6,0,25
2237,936,72,70,54,160,6,0,21
2238,936,72,70,54,160,6,0,15
2239,936,73,70,53,160,6,0,14
2240,936,73,71,54,160,6,0,16
2241,936,73,71,54,160,6,0,20
2242,936,74,71,54,160,6,0,24
2243,937,74,71,54,160,6,0,21
2244,937,74,71,54,160,6,0,21
2245,937,73,70,54,160,6,0,22
2246,937,74,71,54,160,6,0,21
2247,938,74,70,55,160,6,0,19
2248,938,74,70,54,160,6,0,13
2249,937,75,71,54,160,6,0,17
2250,937,75,71,54,160,6,0,20
2251,938,75,70,54,160,6,0,27
2252,938,76,70,54,160,6,0,29
2253,938,76,70,55,160,6,0,28
2254,939,76,70,55,160,6,0,26
2255,939,76,70,55,160,6,0,22
2256,939,76,70,55,160,6,0,20
2257,940,76,71,55,160,6,0,18
2258,940,77,70,55,160,6,0,16
2259,940,77,72,55,160,6,0,16
2260,940,77,71,55,160,6,0,16
2261,940,78,71,54,160,6,0,15
2262,940,78,71,55,160,6,0,15
2263,940,78,72,54,160,6,0,16
2264,940,79,71,54,160,6,0,17
2265,941,79,71,55,160,6,0,20
2266,942,79,71,54,160,6,0,23
2267,942,80,71,55,160,6,0,28
2268,942,80,70,55,160,6,0,30
2269,943,80,71,55,160,6,0,28
2270,943,81,71,55,160,6,0,27
2271,943,81,71,55,160,6,0,24
2272,943,81,72,55,160,6,0,26
2273,943,81,72,56,160,6,0,26
2274,944,82,72,55,160,6,0,27
2275,945,83,71,55,160,6,0,27
2276,944,83,71,55,160,6,0,27
2277,945,84,71,55,160,6,0,29
2278,945,84,72,56,160,6,0,29
2279,946,85,71,55,160,6,0,28
2280,945,85,72,56,160,6,0,27
2281,945,85,72,56,160,6,0,26
2282,946,86,72,56,160,6,0,27
2283,946,86,73,56,160,6,0,26
2284,947,87,72,56,160,6,0,27
2285,947,87,74,56,160,6,0,26
2286,946,88,74,56,160,6,0,28
2287,947,88,73,56,160,6,0,29
2288,947,89,74,56,160,6,0,31
2289,947,90,74,56,160,6,0,33
2290,947,91,74,56,160,6,0,33
2291,947,91,75,56,160,6,0,32
2292,946,92,77,56,160,6,0,32
2293,947,92,77,56,160,6,0,30
2294,947,93,75,56,160,6,0,29
2295,947,93,76,56,160,6,0,27
2296,947,94,76,56,160,6,0,26
2297,947,94,75,56,160,6,0,26
2298,948,94,76,56,160,6,0,24
2299,948,95,76,56,160,6,0,24
2300,948,95,76,56,160,6,0,21
2301,948,95,77,56,160,6,0,17
2302,948,95,77,56,160,6,0,15
2303,950,95,75,56,160,6,0,11
2304,950,95,75,56,160,6,0,11
2305,950,95,76,56,160,6,0,8
2306,951,95,76,57,160,6,0,9
2307,951,95,76,57,160,6,0,11
2308,951,95,76,57,160,6,0,13
2309,951,96,78,58,160,6,0,17
2310,951,96,78,58,160,6,0,19
2311,951,96,77,58,160,6,0,21
2312,951,97,77,57,160,6,0,23
2313,951,97,78,58,160,6,0,24
2314,951,97,78,58,160,6,0,25
2315,951,98,79,59,160,6,0,25
2316,951,98,79,59,160,6,0,26
2317,951,99,78,59,160,6,0,26
2318,952,99,79,59,160,6,0,27
2319,952,99,79,60,160,6,0,27
2320,951,100,79,60,160,6,0,28
2321,952,101,79,60,160,6,0,27
2322,952,101,80,60,160,6,0,27
2323,952,101,80,61,160,6,0,28
2324,952,102,80,60,160,6,0,27
2325,952,103,81,60,160,6,0,25
2326,952,103,82,60,160,6,0,22
2327,952,103,81,60,160,6,0,21
2328,952,103,81,61,160,6,0,21
2329,953,103,81,62,160,6,0,20
2330,952,104,81,62,160,6,0,20
2331,952,104,82,62,160,6,0,19
