frame,bbox_topleft_x,bbox_topleft_y,bbox_width,bbox_height,track_id,color,type,speed
2038,1822,1002,52,44,0,9,1,3
2039,1822,1003,52,43,0,9,1,3
2040,1822,1001,53,45,0,9,1,3
2041,1822,999,53,47,0,9,1,3
2042,1822,999,53,46,0,9,1,2
2043,1822,1000,53,45,0,9,1,2
2044,1822,1001,52,45,0,9,1,1
2045,1822,1000,53,45,0,9,1,1
2046,1822,1000,53,46,0,9,1,1
2047,1822,1001,52,46,0,9,1,1
2048,1822,1000,52,46,0,9,1,1
2049,1822,1000,52,46,0,9,1,1
2050,1821,1000,52,45,0,9,1,1
2051,1822,1000,53,46,0,9,1,2
2052,1821,1000,53,45,0,9,1,3
2053,1821,999,53,46,0,9,1,3
2054,1822,999,53,46,0,9,1,2
2055,1822,1000,53,46,0,9,1,1
2056,1821,1002,52,44,0,9,1,1
2057,1821,1002,52,44,0,9,1,2
2058,1821,1002,52,44,0,9,1,4
2059,1821,1001,52,45,0,9,1,4
2060,1821,1001,52,45,0,9,1,3
2061,1821,1001,53,45,0,9,1,1
2062,1821,1000,53,46,0,9,1,1
2063,1821,1001,53,45,0,9,1,0
2064,1821,1001,55,45,0,9,1,1
2065,1821,1001,55,45,0,9,1,1
2066,1822,1001,55,45,0,9,1,1
2067,1822,1002,55,45,0,9,1,0
2068,1822,1002,54,44,0,9,1,0
2069,1822,1002,55,44,0,9,1,0
2070,1822,1000,55,46,0,9,1,0
2071,1821,1000,55,47,0,9,1,0
2072,1822,999,55,47,0,9,1,1
2073,1821,1000,55,47,0,9,1,1
2074,1822,989,81,58,0,9,1,2
2078,1821,998,55,49,0,9,1,1
2079,1821,999,54,48,0,9,1,1
2080,1820,999,54,47,0,9,1,1
2081,1820,998,56,49,0,9,1,1
2087,1821,1000,53,46,0,9,1,0
2088,1821,1000,53,46,0,9,1,0
2089,1821,1000,53,46,0,9,1,0
2090,1821,1000,53,46,0,9,1,1
2091,1821,1000,53,46,0,9,1,1
2092,1821,1000,53,46,0,9,1,1
2093,1821,1000,53,46,0,9,1,0
2094,1821,1000,53,46,0,9,1,0
2095,1821,1000,53,46,0,9,1,0
2096,1821,999,53,47,0,9,1,0
2097,1821,999,53,47,0,9,1,0
2098,1822,999,53,47,0,9,1,0
2099,1821,997,54,49,0,9,1,0
2100,1821,998,54,48,0,9,1,0
2101,1821,998,54,48,0,9,1,0
2102,1821,998,54,48,0,9,1,0
2103,1821,998,54,48,0,9,1,0
2104,1821,998,54,48,0,9,1,0
2105,1821,998,54,48,0,9,1,0
2106,1821,998,54,48,0,9,1,0
2107,1821,998,54,48,0,9,1,0
2108,1821,998,55,48,0,9,1,0
2109,1821,998,55,48,0,9,1,0
2110,1821,998,55,48,0,9,1,0
2111,1821,998,55,48,0,9,1,0
2112,1821,997,56,49,0,9,1,0
2113,1821,997,56,49,0,9,1,0
2114,1821,997,56,49,0,9,1,0
2115,1821,997,56,49,0,9,1,0
2116,1821,997,56,49,0,9,1,0
2117,1821,997,56,49,0,9,1,0
2118,1821,998,55,49,0,9,1,0
2119,1821,998,55,49,0,9,1,0
2120,1822,1000,52,46,0,9,1,0
2121,1822,1000,52,46,0,9,1,0
2122,1822,1000,52,46,0,9,1,0
2123,1822,1000,52,46,0,9,1,0
2124,1821,1000,52,46,0,9,1,0
2125,1821,1000,52,46,0,9,1,0
2126,1821,1000,52,46,0,9,1,0
2127,1821,999,53,47,0,9,1,1
2128,1822,998,52,48,0,9,1,2
2129,1822,998,52,47,0,9,1,3
2130,1822,998,52,47,0,9,1,4
2131,1822,998,52,47,0,9,1,4
2132,1822,998,52,47,0,9,1,4
2133,1822,998,52,47,0,9,1,3
2134,1822,998,52,47,0,9,1,2
2135,1822,998,52,47,0,9,1,1
2136,1822,998,52,47,0,9,1,1
2137,1822,998,52,47,0,9,1,1
2138,1822,998,53,48,0,9,1,0
2139,1822,998,53,48,0,9,1,0
2140,1822,998,53,48,0,9,1,0
2141,1822,998,53,48,0,9,1,1
2142,1822,997,53,49,0,9,1,1
2143,1822,997,53,49,0,9,1,0
2144,1822,997,53,49,0,9,1,0
2145,1822,997,53,49,0,9,1,0
2146,1822,997,53,49,0,9,1,0
2147,1822,997,53,49,0,9,1,0
2148,1821,998,55,48,0,9,1,0
2149,1821,998,55,48,0,9,1,0
2150,1821,998,55,48,0,9,1,0
2151,1821,998,55,48,0,9,1,0
2152,1821,998,55,47,0,9,1,0
2153,1821,998,55,48,0,9,1,0
2154,1821,998,55,48,0,9,1,0
2155,1821,998,55,48,0,9,1,0
2156,1821,998,55,48,0,9,1,0
2157,1821,998,55,48,0,9,1,0
2158,1821,998,55,48,0,9,1,0
2159,1821,998,55,48,0,9,1,0
2160,1821,998,55,48,0,9,1,0
2161,1821,998,55,48,0,9,1,0
2162,1821,998,55,48,0,9,1,0
2163,1821,998,54,48,0,9,1,0
2164,1821,998,54,48,0,9,1,0
2165,1821,997,54,48,0,9,1,0
2166,1821,998,54,48,0,9,1,0
2167,1821,998,54,48,0,9,1,0
2168,1821,998,54,48,0,9,1,0
2169,1821,998,54,48,0,9,1,0
2170,1821,997,54,48,0,9,1,0
2171,1821,997,54,48,0,9,1,0
2172,1821,998,54,47,0,9,1,0
2173,1821,998,54,47,0,9,1,0
2174,1821,998,54,47,0,9,1,0
2175,1821,998,54,47,0,9,1,0
2176,1821,998,54,47,0,9,1,0
2177,1821,998,54,47,0,9,1,0
2178,1821,999,54,47,0,9,1,1
2179,1821,999,53,47,0,9,1,1
2180,1821,999,54,47,0,9,1,1
2181,1821,998,53,48,0,9,1,0
2182,1821,999,53,47,0,9,1,0
2183,1821,998,53,47,0,9,1,0
2184,1821,998,53,47,0,9,1,0
2185,1821,998,53,47,0,9,1,0
2186,1821,998,53,47,0,9,1,0
2187,1821,998,53,47,0,9,1,0
2188,1821,998,53,47,0,9,1,0
2189,1821,998,53,47,0,9,1,0
2190,1821,998,53,47,0,9,1,0
2191,1821,998,53,47,0,9,1,0
2192,1821,998,53,47,0,9,1,0
2193,1821,998,53,47,0,9,1,0
2194,1821,998,53,47,0,9,1,0
2195,1821,998,53,47,0,9,1,0
2196,1821,997,54,48,0,9,1,0
2197,1821,998,54,48,0,9,1,0
2198,1821,998,54,48,0,9,1,0
2199,1821,998,53,47,0,9,1,1
2200,1821,998,53,47,0,9,1,1
2201,1821,998,53,47,0,9,1,2
2202,1821,998,53,47,0,9,1,1
2203,1821,998,53,47,0,9,1,2
2204,1821,998,54,47,0,9,1,2
2205,1821,998,53,47,0,9,1,3
2206,1821,998,53,47,0,9,1,3
2207,1821,999,53,47,0,9,1,3
2208,1822,998,52,48,0,9,1,2
2209,1822,999,52,47,0,9,1,1
2210,1822,999,52,47,0,9,1,0
2211,1822,999,52,47,0,9,1,1
2212,1822,999,52,47,0,9,1,1
2213,1822,999,52,46,0,9,1,4
2214,1823,999,51,46,0,9,1,4
2215,1824,999,49,44,0,9,1,6
2216,1826,1001,47,44,0,9,1,7
2217,1829,1000,44,45,0,9,1,7
2218,1831,1000,42,45,0,9,1,8
2219,1832,1000,41,46,0,9,1,5
2220,1835,1001,39,44,0,9,1,5
2221,1835,1002,38,44,0,9,1,3
2222,1834,1000,40,45,0,9,1,2
2223,1834,1000,39,45,0,9,1,1
2224,1834,1000,40,45,0,9,1,1
2225,1833,1001,41,45,0,9,1,1
2226,1831,1001,43,44,0,9,1,2
2227,1827,1001,46,44,0,9,1,3
2228,1827,1000,47,45,0,9,1,4
2229,1826,1001,49,44,0,9,1,3
2230,1828,1001,48,44,0,9,1,2
2231,1830,1001,45,44,0,9,1,1
2232,1827,1003,48,42,0,9,1,0
2233,1825,1002,51,43,0,9,1,0
2234,1825,1002,51,43,0,9,1,0
2235,1824,1002,52,43,0,9,1,1
2236,1824,1002,51,43,0,9,1,1
2237,1823,1003,51,42,0,9,1,2
2238,1823,1003,51,42,0,9,1,3
2239,1823,1002,55,44,0,9,1,3
2240,1822,1002,55,44,0,9,1,4
2241,1822,1002,54,44,0,9,1,4
2242,1822,1002,54,44,0,9,1,3
2243,1822,1002,54,44,0,9,1,2
2244,1822,1000,54,45,0,9,1,1
2245,1822,1001,54,45,0,9,1,1
2246,1822,1001,54,45,0,9,1,1
2247,1821,1001,54,45,0,9,1,1
2248,1821,1001,54,45,0,9,1,1
2249,1821,1001,54,46,0,9,1,1
2250,1821,1001,53,45,0,9,1,0
2251,1821,1001,54,45,0,9,1,0
2252,1821,1001,54,45,0,9,1,0
2253,1821,1000,55,45,0,9,1,1
2254,1821,1000,55,46,0,9,1,1
2255,1821,1000,54,45,0,9,1,1
2256,1821,1000,55,46,0,9,1,0
2257,1821,1000,55,46,0,9,1,0
2258,1821,1000,55,46,0,9,1,5
2259,1821,990,81,56,0,9,1,10
2260,1821,990,81,56,0,9,1,15
2261,1821,990,81,56,0,9,1,16
2262,1821,990,81,56,0,9,1,17
2263,1821,990,81,57,0,9,1,14
2264,1821,990,81,56,0,9,1,10
2265,1821,990,81,57,0,9,1,5
2266,1821,990,81,56,0,9,1,3
2267,1821,990,81,56,0,9,1,5
2268,1821,999,56,47,0,9,1,8
2269,1821,999,53,47,0,9,1,13
2270,1821,999,53,47,0,9,1,14
2271,1821,999,53,47,0,9,1,15
2272,1821,999,53,47,0,9,1,12
2273,1821,999,53,47,0,9,1,8
2274,1821,999,53,47,0,9,1,4
2275,1821,999,53,47,0,9,1,2
2276,1821,999,53,47,0,9,1,1
2277,1821,999,53,47,0,9,1,0
2278,1821,999,53,47,0,9,1,0
297,1300,975,50,61,6,6,11,8
298,1292,975,52,61,6,6,11,8
299,1285,969,50,67,6,6,11,8
300,1278,966,47,69,6,6,11,8
301,1271,973,44,63,6,6,11,8
302,1263,973,47,63,6,6,11,8
303,1256,967,48,69,6,6,11,8
304,1248,969,53,69,6,6,11,8
305,1242,968,55,70,6,6,11,8
306,1236,971,49,67,6,6,11,8
307,1231,972,51,68,6,6,11,8
308,1224,973,45,70,6,6,11,8
309,1216,972,48,70,6,6,11,8
310,1206,972,55,71,6,6,11,8
311,1199,973,54,71,6,6,11,8
312,1192,971,55,73,6,6,11,8
313,1186,973,51,73,6,6,11,8
314,1178,970,62,77,6,6,11,8
315,1169,972,48,77,6,6,11,8
316,1160,975,50,74,6,6,11,8
317,1149,969,57,80,6,6,11,8
318,1136,974,63,75,6,6,11,8
319,1123,969,68,80,6,6,11,8
320,1110,967,69,82,6,6,11,8
321,1097,969,75,80,6,6,11,7
322,1086,960,72,89,6,6,11,7
323,1073,970,69,79,6,6,11,7
324,1059,961,76,88,6,6,11,7
325,1048,958,76,91,6,6,11,7
326,1038,959,74,91,6,6,11,7
327,1025,961,75,89,6,6,11,8
328,1012,956,72,96,6,6,11,8
329,996,960,75,91,6,6,11,8
330,976,953,86,98,6,6,11,8
331,957,954,93,98,6,6,11,8
332,938,951,98,100,6,6,11,8
333,921,944,100,106,6,6,11,8
334,904,945,99,104,6,6,11,8
335,887,944,101,106,6,6,11,8
336,866,945,104,104,6,6,11,8
337,843,945,111,104,6,6,11,8
338,818,942,118,106,6,6,11,8
339,796,940,120,106,6,6,11,8
340,777,939,118,106,6,6,11,8
341,755,939,117,106,6,6,11,8
342,731,935,121,110,6,6,11,8
343,706,932,126,111,6,6,11,8
344,678,928,133,114,6,6,11,8
345,651,923,138,117,6,6,11,8
346,626,923,139,117,6,6,11,8
347,602,923,138,116,6,6,11,8
348,576,920,139,117,6,6,11,8
349,547,915,144,122,6,6,11,8
350,516,914,152,122,6,6,11,8
351,485,910,157,127,6,6,11,8
352,454,908,161,126,6,6,11,8
353,423,905,162,127,6,6,11,8
354,390,903,166,130,6,6,11,8
355,356,902,171,129,6,6,11,8
356,319,896,179,134,6,6,11,8
357,278,891,189,139,6,6,11,8
358,236,889,199,140,6,6,11,8
359,194,885,208,143,6,6,11,8
360,154,874,213,152,6,6,11,8
361,111,870,216,155,6,6,11,8
362,66,868,224,155,6,6,11,8
363,17,867,236,156,6,6,11,8
364,0,857,212,163,6,6,11,8
365,0,859,169,159,6,6,11,7
366,0,885,124,131,6,6,11,7
367,0,892,78,122,6,6,11,7
188,1,1296,450,431,15,3,0,41
189,1,1185,734,590,15,3,0,41
190,0,1179,944,506,15,3,0,41
191,291,1170,817,435,15,3,0,41
192,566,1164,669,378,15,3,0,41
193,776,1155,563,335,15,3,0,41
194,941,1151,481,300,15,3,0,41
195,1073,1146,414,267,15,3,0,41
196,1182,1138,361,244,15,3,0,41
197,1271,1134,318,223,15,3,0,41
198,1344,1128,287,206,15,3,0,41
199,1407,1121,259,194,15,3,0,41
200,1459,1117,237,178,15,3,0,41
201,1503,1112,219,167,15,3,0,41
202,1540,1106,204,158,15,3,0,41
203,1572,1102,191,149,15,3,0,41
204,1600,1095,179,143,15,3,0,41
205,1624,1088,168,138,15,3,0,41
206,1645,1087,157,128,15,3,0,41
207,1663,1083,150,122,15,3,0,42
208,1679,1078,143,116,15,3,0,42
209,1693,1074,135,110,15,3,0,43
210,1705,1070,130,105,15,3,0,43
211,1715,1066,124,100,15,3,0,44
212,1725,1061,117,97,15,3,0,44
213,1733,1057,115,94,15,3,0,44
214,1740,1054,106,90,15,3,0,43
215,1747,1050,100,87,15,3,0,42
216,1751,1046,100,85,15,3,0,42
217,1757,1042,91,83,15,3,0,41
218,1761,1040,88,79,15,3,0,41
219,1764,1036,83,78,15,3,0,41
220,1767,1031,81,76,15,3,0,41
221,1769,1027,79,76,15,3,0,42
222,1771,1024,76,73,15,3,0,42
223,1773,1022,73,70,15,3,0,43
224,1773,1022,71,65,15,3,0,43
225,1774,1018,71,65,15,3,0,43
226,1775,1015,68,63,15,3,0,43
227,1775,1011,68,62,15,3,0,42
228,1775,1009,66,61,15,3,0,41
229,1774,1007,64,60,15,3,0,41
230,1772,1003,64,59,15,3,0,41
231,1771,999,63,59,15,3,0,41
232,1770,997,62,57,15,3,0,41
233,1769,995,60,55,15,3,0,41
234,1767,992,57,54,15,3,0,41
235,1765,989,58,55,15,3,0,40
236,1763,988,57,52,15,3,0,39
237,1762,987,56,51,15,3,0,39
238,1762,986,54,47,15,3,0,40
239,1761,983,51,47,15,3,0,41
240,1760,981,51,45,15,3,0,42
241,1758,979,51,45,15,3,0,42
242,1758,977,51,46,15,3,0,41
243,1757,975,49,45,15,3,0,40
244,1757,974,48,44,15,3,0,38
245,1757,972,47,44,15,3,0,38
246,1756,971,46,43,15,3,0,39
247,1756,970,45,41,15,3,0,40
248,1756,969,45,40,15,3,0,41
249,1755,968,43,41,15,3,0,41
250,1755,967,42,40,15,3,0,40
251,1755,966,41,40,15,3,0,38
252,1755,966,41,39,15,3,0,34
253,1755,966,40,38,15,3,0,30
254,1755,965,39,38,15,3,0,27
255,1755,965,40,38,15,3,0,24
256,1755,965,38,36,15,3,0,23
257,1755,964,37,36,15,3,0,22
258,1754,963,38,36,15,3,0,22
259,1755,964,36,34,15,3,0,22
260,1754,963,36,34,15,3,0,22
261,1754,963,35,34,15,3,0,22
262,1753,963,35,33,15,3,0,22
263,1753,962,35,33,15,3,0,22
264,1753,961,36,32,15,3,0,21
265,1753,961,35,32,15,3,0,21
266,1752,961,35,31,15,3,0,21
267,1752,960,33,31,15,3,0,21
268,1752,960,32,31,15,3,0,21
269,1752,959,32,31,15,3,0,21
270,1752,958,32,31,15,3,0,22
271,1751,958,32,30,15,3,0,22
272,1751,958,32,30,15,3,0,22
273,1750,958,31,28,15,3,0,21
274,1751,958,31,28,15,3,0,19
275,1751,957,30,29,15,3,0,20
276,1750,957,30,29,15,3,0,21
277,1751,957,28,26,15,3,0,24
278,1750,956,29,26,15,3,0,24
279,1750,956,29,26,15,3,0,24
280,1750,956,29,26,15,3,0,27
281,1750,956,29,25,15,3,0,27
282,1750,956,30,24,15,3,0,26
283,1750,956,30,24,15,3,0,22
284,1750,956,29,24,15,3,0,19
285,1750,956,30,24,15,3,0,16
286,1750,956,29,25,15,3,0,12
287,1750,956,29,23,15,3,0,10
288,1749,956,31,23,15,3,0,13
289,1749,956,31,22,15,3,0,18
290,1749,955,30,22,15,3,0,23
291,1749,955,32,23,15,3,0,24
292,1748,955,31,22,15,3,0,20
293,1748,955,32,23,15,3,0,15
294,1748,955,30,22,15,3,0,12
295,1748,955,31,22,15,3,0,10
296,1748,955,32,23,15,3,0,8
297,1748,955,31,22,15,3,0,6
298,1748,955,30,22,15,3,0,12
299,1747,954,31,22,15,3,0,19
302,1748,951,26,22,15,3,0,26
303,1748,951,25,21,15,3,0,28
304,1747,951,25,21,15,3,0,29
305,1747,950,25,21,15,3,0,29
306,1747,950,24,21,15,3,0,25
307,1747,950,23,20,15,3,0,25
308,1747,951,23,19,15,3,0,21
309,1747,950,23,19,15,3,0,20
310,1747,951,22,19,15,3,0,14
311,1747,950,21,19,15,3,0,10
312,1747,951,21,18,15,3,0,10
313,1747,950,21,19,15,3,0,10
314,1747,949,21,19,15,3,0,15
315,1747,949,20,19,15,3,0,16
316,1747,949,20,18,15,3,0,21
317,1746,949,21,18,15,3,0,18
318,1747,949,21,18,15,3,0,16
319,1746,949,21,18,15,3,0,11
320,1746,949,21,18,15,3,0,7
321,1746,949,21,18,15,3,0,5
322,1746,949,21,18,15,3,0,3
323,1745,948,21,18,15,3,0,6
324,1745,948,22,18,15,3,0,11
325,1745,947,22,18,15,3,0,14
326,1745,947,22,18,15,3,0,13
327,1745,948,21,17,15,3,0,12
328,1745,948,21,18,15,3,0,16
329,1745,948,21,16,15,3,0,16
330,1744,948,21,16,15,3,0,14
331,1744,947,22,17,15,3,0,9
332,1744,948,22,16,15,3,0,8
333,1743,948,22,16,15,3,0,7
334,1743,948,21,16,15,3,0,8
335,1743,948,21,16,15,3,0,7
336,1742,947,22,17,15,3,0,7
337,1742,947,21,16,15,3,0,5
338,1742,947,21,15,15,3,0,5
339,1742,946,21,17,15,3,0,2
340,1742,946,21,18,15,3,0,1
341,1742,947,22,17,15,3,0,1
1373,1471,848,71,48,17,9,1,2
1374,1471,848,71,48,17,9,1,6
1375,1471,848,71,48,17,9,1,8
1376,1471,847,71,48,17,9,1,10
1377,1471,847,71,48,17,9,1,8
1378,1471,847,71,48,17,9,1,6
1379,1471,847,71,48,17,9,1,4
1380,1471,846,71,49,17,9,1,3
1381,1471,846,71,49,17,9,1,3
1382,1471,846,71,49,17,9,1,2
1383,1471,846,71,49,17,9,1,3
1384,1471,846,71,49,17,9,1,2
1385,1471,847,71,49,17,9,1,3
1386,1471,846,71,49,17,9,1,2
1387,1471,847,71,49,17,9,1,3
1388,1471,847,71,49,17,9,1,3
1389,1471,847,71,49,17,9,1,3
1390,1471,847,71,49,17,9,1,3
1391,1471,847,71,48,17,9,1,3
1392,1470,847,72,49,17,9,1,2
1393,1470,847,72,49,17,9,1,1
1394,1470,847,72,49,17,9,1,1
1395,1470,847,72,49,17,9,1,2
1396,1470,847,72,49,17,9,1,3
1397,1470,848,72,49,17,9,1,3
1398,1470,847,72,49,17,9,1,2
1399,1469,847,72,49,17,9,1,3
1400,1469,847,72,49,17,9,1,2
1401,1471,847,70,48,17,9,1,3
1402,1471,847,71,49,17,9,1,3
1403,1471,847,71,49,17,9,1,3
1404,1471,847,71,49,17,9,1,3
1405,1471,847,71,49,17,9,1,3
1406,1471,847,71,49,17,9,1,3
1407,1471,847,71,49,17,9,1,2
1408,1471,847,71,49,17,9,1,1
1409,1471,847,71,49,17,9,1,1
1410,1471,847,71,49,17,9,1,1
1411,1471,847,71,49,17,9,1,1
1412,1471,847,71,49,17,9,1,0
1413,1471,847,71,49,17,9,1,0
1414,1471,847,71,49,17,9,1,0
1415,1471,847,71,49,17,9,1,1
1416,1471,847,71,49,17,9,1,2
1417,1471,847,71,49,17,9,1,2
1418,1471,848,71,48,17,9,1,2
1419,1471,847,71,48,17,9,1,1
1420,1471,847,71,48,17,9,1,2
1421,1471,848,71,47,17,9,1,3
1422,1471,847,71,47,17,9,1,6
1423,1471,847,71,48,17,9,1,7
1424,1471,847,71,48,17,9,1,7
1425,1471,847,71,47,17,9,1,6
1426,1471,847,71,48,17,9,1,5
1427,1471,847,71,48,17,9,1,4
1428,1471,847,71,48,17,9,1,3
1429,1471,847,71,48,17,9,1,1
1430,1470,847,72,47,17,9,1,1
1431,1469,847,74,47,17,9,1,0
1432,1469,847,74,47,17,9,1,0
1433,1469,847,74,47,17,9,1,0
1434,1469,848,73,47,17,9,1,1
1435,1469,848,73,47,17,9,1,1
1436,1470,848,73,47,17,9,1,1
1437,1470,848,73,46,17,9,1,1
1438,1469,848,73,47,17,9,1,4
1439,1469,848,73,46,17,9,1,5
1440,1470,847,70,46,17,9,1,7
1441,1471,847,72,49,17,9,1,6
1442,1471,847,72,49,17,9,1,6
1443,1471,847,72,49,17,9,1,5
1444,1471,847,72,49,17,9,1,8
1445,1471,847,72,49,17,9,1,8
1446,1471,847,72,49,17,9,1,8
1447,1471,847,72,49,17,9,1,4
1448,1471,847,72,49,17,9,1,3
1449,1471,847,72,49,17,9,1,2
1450,1471,847,72,49,17,9,1,2
1451,1471,846,71,49,17,9,1,3
1452,1470,848,73,49,17,9,1,4
1453,1470,848,73,49,17,9,1,4
1454,1470,848,73,49,17,9,1,4
1455,1470,848,73,49,17,9,1,5
1456,1470,848,73,49,17,9,1,4
1457,1470,848,73,48,17,9,1,3
1458,1470,848,73,49,17,9,1,1
1459,1470,848,73,49,17,9,1,1
1460,1470,848,73,49,17,9,1,1
1461,1471,848,72,48,17,9,1,1
1462,1471,848,72,48,17,9,1,2
1463,1471,848,72,48,17,9,1,3
1464,1471,847,72,48,17,9,1,4
1465,1471,848,72,48,17,9,1,2
1466,1471,848,72,48,17,9,1,2
1467,1471,848,72,48,17,9,1,3
1468,1471,848,72,48,17,9,1,3
1469,1471,847,72,48,17,9,1,3
1470,1471,848,72,48,17,9,1,2
1471,1471,848,72,48,17,9,1,1
1472,1471,848,72,48,17,9,1,0
1473,1471,848,72,48,17,9,1,0
1474,1471,848,72,48,17,9,1,1
1475,1471,847,72,48,17,9,1,2
1476,1470,847,72,48,17,9,1,3
1477,1470,847,72,48,17,9,1,2
1478,1470,848,72,48,17,9,1,1
1479,1470,848,72,48,17,9,1,2
1480,1470,848,72,48,17,9,1,1
1481,1470,848,72,48,17,9,1,1
1482,1470,847,72,48,17,9,1,0
1483,1470,847,72,48,17,9,1,2
1484,1470,847,72,48,17,9,1,4
1485,1470,847,72,48,17,9,1,5
1486,1471,847,71,48,17,9,1,5
1487,1471,847,71,48,17,9,1,4
1488,1471,847,71,47,17,9,1,6
1489,1471,847,71,47,17,9,1,6
1490,1471,847,71,47,17,9,1,6
1491,1471,847,71,47,17,9,1,5
1492,1471,847,71,47,17,9,1,3
1493,1471,847,71,47,17,9,1,2
1494,1471,847,71,47,17,9,1,2
1495,1471,847,71,47,17,9,1,4
1496,1471,847,71,46,17,9,1,6
1497,1470,847,71,45,17,9,1,7
1498,1470,847,71,45,17,9,1,8
1499,1470,847,71,45,17,9,1,7
1500,1470,847,71,46,17,9,1,7
1501,1471,847,72,48,17,9,1,7
1502,1471,847,72,48,17,9,1,9
1503,1471,847,72,48,17,9,1,9
1504,1471,847,72,48,17,9,1,10
1505,1471,847,72,47,17,9,1,9
1506,1471,847,72,47,17,9,1,7
1507,1471,847,72,47,17,9,1,5
1508,1471,847,72,47,17,9,1,4
1509,1471,847,72,47,17,9,1,3
1510,1471,848,71,47,17,9,1,5
1511,1471,848,72,47,17,9,1,7
1512,1471,848,71,45,17,9,1,8
1513,1471,848,71,45,17,9,1,6
1514,1471,848,71,45,17,9,1,7
1515,1471,848,71,45,17,9,1,8
1516,1471,848,71,45,17,9,1,8
1517,1471,848,71,45,17,9,1,6
1518,1471,848,71,45,17,9,1,3
1519,1471,848,72,45,17,9,1,2
1520,1471,848,72,45,17,9,1,1
1521,1471,848,72,45,17,9,1,2
1522,1471,848,72,45,17,9,1,2
1523,1471,848,71,45,17,9,1,2
1524,1471,848,71,45,17,9,1,2
1525,1471,848,72,45,17,9,1,1
1526,1471,848,72,46,17,9,1,1
1527,1471,848,72,46,17,9,1,0
1528,1471,848,71,46,17,9,1,0
1529,1471,848,71,46,17,9,1,0
1530,1471,848,71,46,17,9,1,0
1531,1471,848,71,46,17,9,1,0
1532,1471,848,71,46,17,9,1,0
1533,1471,848,71,46,17,9,1,0
1534,1471,848,71,46,17,9,1,0
1535,1471,848,71,46,17,9,1,0
1536,1471,848,71,46,17,9,1,0
1537,1471,848,71,46,17,9,1,0
1538,1471,848,72,46,17,9,1,0
1539,1471,848,72,46,17,9,1,0
1540,1470,848,72,46,17,9,1,1
1541,1470,848,72,46,17,9,1,1
1542,1470,848,72,46,17,9,1,1
1543,1470,848,72,46,17,9,1,1
1544,1470,848,72,46,17,9,1,1
1545,1471,848,72,46,17,9,1,1
1546,1471,848,72,46,17,9,1,2
1547,1471,848,71,46,17,9,1,2
1548,1471,848,71,45,17,9,1,1
1549,1471,848,71,46,17,9,1,1
1550,1471,848,72,46,17,9,1,4
1551,1470,849,71,45,17,9,1,7
1552,1470,849,72,46,17,9,1,10
1553,1470,849,72,46,17,9,1,10
1554,1470,849,72,46,17,9,1,9
1555,1470,849,72,46,17,9,1,7
1556,1470,848,72,46,17,9,1,4
1557,1470,849,72,46,17,9,1,2
1558,1470,849,72,46,17,9,1,1
1559,1470,849,72,46,17,9,1,2
1560,1472,847,70,48,17,9,1,2
1561,1472,847,70,48,17,9,1,2
1562,1472,847,70,48,17,9,1,2
1563,1472,847,70,48,17,9,1,3
1564,1472,847,70,47,17,9,1,2
1565,1472,847,70,47,17,9,1,2
1566,1470,847,72,47,17,9,1,1
1567,1470,847,72,47,17,9,1,1
1568,1472,847,70,47,17,9,1,1
1569,1472,847,70,47,17,9,1,3
1570,1471,847,70,48,17,9,1,4
1571,1471,847,70,48,17,9,1,6
1572,1471,847,71,48,17,9,1,6
1573,1471,847,71,48,17,9,1,6
1574,1471,847,71,48,17,9,1,5
1575,1471,847,71,48,17,9,1,4
1576,1471,847,71,48,17,9,1,3
1577,1471,847,71,48,17,9,1,3
1578,1471,847,71,48,17,9,1,4
1579,1472,847,70,48,17,9,1,5
1580,1472,847,70,48,17,9,1,5
1581,1472,847,70,48,17,9,1,5
1582,1472,847,70,48,17,9,1,4
1583,1472,847,70,47,17,9,1,2
1584,1471,847,70,48,17,9,1,1
1585,1472,847,70,48,17,9,1,1
1586,1471,847,70,48,17,9,1,2
1587,1472,847,70,48,17,9,1,1
1588,1471,848,70,47,17,9,1,2
1589,1470,847,71,47,17,9,1,1
1590,1470,847,71,47,17,9,1,2
1591,1470,847,71,47,17,9,1,1
1592,1471,848,70,47,17,9,1,1
1593,1470,847,71,47,17,9,1,4
1594,1470,847,71,48,17,9,1,5
1595,1471,848,70,47,17,9,1,6
1596,1470,847,70,48,17,9,1,4
1597,1470,847,70,47,17,9,1,3
1598,1470,847,70,47,17,9,1,2
1599,1470,847,70,47,17,9,1,2
1600,1470,847,70,47,17,9,1,3
1601,1470,847,69,47,17,9,1,3
1602,1470,847,70,47,17,9,1,3
1603,1470,847,70,47,17,9,1,3
1604,1470,847,70,47,17,9,1,2
1605,1470,847,70,47,17,9,1,1
1606,1470,847,69,47,17,9,1,1
1607,1470,847,69,47,17,9,1,1
1608,1470,847,69,47,17,9,1,1
1609,1470,847,69,47,17,9,1,2
1610,1470,848,69,47,17,9,1,2
1611,1470,848,69,47,17,9,1,2
1612,1470,848,69,47,17,9,1,3
1613,1470,848,69,47,17,9,1,3
1614,1470,848,69,47,17,9,1,3
1615,1470,848,69,47,17,9,1,2
1616,1470,848,69,47,17,9,1,1
1617,1470,848,69,47,17,9,1,0
1618,1470,848,69,47,17,9,1,0
1619,1470,848,69,47,17,9,1,0
1620,1470,848,69,47,17,9,1,0
1621,1470,848,69,47,17,9,1,0
1622,1470,848,69,47,17,9,1,0
1623,1470,848,69,47,17,9,1,0
1624,1470,848,69,47,17,9,1,0
1625,1470,848,69,47,17,9,1,0
1626,1470,848,69,47,17,9,1,0
1627,1470,848,69,47,17,9,1,0
1628,1471,847,71,49,17,9,1,0
1629,1471,847,71,48,17,9,1,0
1630,1471,847,71,48,17,9,1,0
1631,1471,847,72,49,17,9,1,1
1632,1471,847,72,48,17,9,1,1
1633,1471,848,72,48,17,9,1,1
1634,1471,848,72,48,17,9,1,1
1635,1471,848,72,48,17,9,1,1
1636,1471,848,72,48,17,9,1,1
1637,1471,848,72,48,17,9,1,2
1638,1470,847,74,48,17,9,1,4
1639,1470,847,74,48,17,9,1,5
1640,1470,847,73,48,17,9,1,5
1641,1470,847,73,48,17,9,1,4
1642,1470,847,73,48,17,9,1,5
1643,1470,847,73,48,17,9,1,5
1644,1471,846,72,48,17,9,1,4
1645,1471,846,72,48,17,9,1,3
1653,1471,846,71,48,17,9,1,3
1654,1471,846,71,48,17,9,1,2
1655,1471,846,71,48,17,9,1,2
1656,1470,846,73,49,17,9,1,2
1657,1470,846,73,49,17,9,1,2
1658,1470,846,73,49,17,9,1,2
1673,1471,847,72,49,17,9,1,2
1674,1471,847,72,49,17,9,1,2
1675,1471,847,72,49,17,9,1,2
1676,1471,847,72,49,17,9,1,2
1677,1471,847,72,49,17,9,1,2
1678,1469,848,74,48,17,9,1,5
1679,1469,848,74,48,17,9,1,9
1680,1471,848,72,46,17,9,1,13
1681,1471,848,72,46,17,9,1,14
1682,1471,848,72,46,17,9,1,15
1683,1471,848,72,46,17,9,1,14
1684,1471,848,72,46,17,9,1,11
1685,1471,848,72,46,17,9,1,8
1686,1471,848,72,46,17,9,1,4
1687,1471,848,72,46,17,9,1,2
1688,1471,848,72,46,17,9,1,1
1689,1471,848,72,46,17,9,1,1
1690,1471,848,72,46,17,9,1,2
1691,1470,848,72,46,17,9,1,3
1692,1470,849,72,45,17,9,1,3
1693,1470,849,72,45,17,9,1,2
1694,1470,849,71,45,17,9,1,2
1695,1470,849,71,45,17,9,1,1
1696,1470,849,71,45,17,9,1,1
1697,1470,849,72,45,17,9,1,0
1698,1470,849,72,45,17,9,1,0
1699,1470,849,72,45,17,9,1,0
1700,1470,849,71,45,17,9,1,0
1701,1470,849,71,45,17,9,1,0
1702,1470,849,71,45,17,9,1,1
1703,1470,848,71,46,17,9,1,2
1704,1470,848,71,46,17,9,1,5
1705,1470,848,71,46,17,9,1,5
1706,1470,848,72,47,17,9,1,6
1707,1470,848,73,47,17,9,1,5
1708,1470,848,73,47,17,9,1,6
1709,1470,848,72,47,17,9,1,7
1710,1470,848,72,47,17,9,1,7
1711,1470,848,72,47,17,9,1,5
1712,1470,848,72,47,17,9,1,3
1713,1470,848,72,47,17,9,1,2
1714,1470,848,72,47,17,9,1,1
1715,1470,848,73,47,17,9,1,1
1716,1470,848,72,47,17,9,1,4
1717,1470,848,72,47,17,9,1,5
1718,1470,847,71,46,17,9,1,8
79,1254,781,114,82,19,6,0,5
80,1253,781,116,82,19,6,0,6
81,1255,782,113,81,19,6,0,7
82,1258,782,111,80,19,6,0,8
83,1259,781,110,81,19,6,0,7
84,1260,781,109,82,19,6,0,5
85,1261,781,107,82,19,6,0,3
86,1261,781,108,82,19,6,0,2
87,1260,780,108,83,19,6,0,1
88,1261,780,107,83,19,6,0,1
89,1259,781,109,82,19,6,0,1
90,1259,780,110,83,19,6,0,1
91,1258,780,111,83,19,6,0,0
92,1255,780,113,83,19,6,0,0
93,1257,780,111,83,19,6,0,0
94,1259,780,110,83,19,6,0,1
95,1257,778,112,85,19,6,0,1
96,1254,778,113,85,19,6,0,2
97,1256,779,111,84,19,6,0,1
98,1257,779,110,84,19,6,0,1
99,1257,779,110,84,19,6,0,0
100,1259,782,111,81,19,6,0,2
101,1229,765,140,98,19,6,0,2
102,1256,779,112,84,19,6,0,3
103,1258,781,109,82,19,6,0,1
104,1258,781,109,82,19,6,0,2
105,1259,780,109,83,19,6,0,2
106,1258,781,109,83,19,6,0,2
107,1258,781,109,83,19,6,0,2
108,1258,780,109,83,19,6,0,1
109,1258,780,110,83,19,6,0,1
110,1258,780,110,83,19,6,0,0
111,1258,780,110,83,19,6,0,0
112,1258,780,110,83,19,6,0,0
113,1257,780,111,83,19,6,0,1
114,1257,780,110,83,19,6,0,2
115,1257,781,110,83,19,6,0,3
116,1257,781,110,83,19,6,0,3
117,1257,781,110,83,19,6,0,2
118,1257,781,111,83,19,6,0,1
119,1257,781,110,83,19,6,0,1
120,1258,781,110,82,19,6,0,2
121,1258,781,110,82,19,6,0,3
122,1257,780,112,83,19,6,0,2
123,1257,780,111,83,19,6,0,2
124,1257,781,112,83,19,6,0,1
125,1257,780,112,83,19,6,0,1
126,1257,780,112,83,19,6,0,1
127,1257,780,112,83,19,6,0,1
128,1257,781,112,83,19,6,0,1
129,1257,781,112,83,19,6,0,1
130,1257,781,112,83,19,6,0,1
131,1257,781,112,83,19,6,0,1
132,1257,780,112,83,19,6,0,0
133,1257,780,112,83,19,6,0,0
134,1257,781,112,83,19,6,0,0
135,1257,781,112,83,19,6,0,0
136,1257,781,112,82,19,6,0,0
137,1257,781,112,83,19,6,0,1
138,1257,781,112,82,19,6,0,1
139,1257,781,112,83,19,6,0,1
140,1257,781,111,83,19,6,0,0
141,1257,781,111,83,19,6,0,0
142,1257,781,111,83,19,6,0,0
143,1257,781,111,83,19,6,0,0
144,1257,781,112,82,19,6,0,0
145,1257,781,112,82,19,6,0,0
146,1257,781,112,82,19,6,0,1
147,1258,781,111,82,19,6,0,1
148,1258,781,111,82,19,6,0,1
149,1258,781,111,82,19,6,0,0
150,1258,781,111,82,19,6,0,0
151,1258,781,111,82,19,6,0,0
152,1258,781,111,82,19,6,0,0
153,1258,781,111,82,19,6,0,0
154,1258,781,111,82,19,6,0,0
155,1258,781,111,82,19,6,0,0
156,1257,781,112,83,19,6,0,0
157,1257,781,111,82,19,6,0,0
158,1258,781,111,83,19,6,0,0
159,1258,781,111,83,19,6,0,0
160,1258,781,111,82,19,6,0,0
161,1258,781,111,82,19,6,0,0
162,1258,781,111,82,19,6,0,0
163,1258,781,111,82,19,6,0,0
164,1258,781,111,82,19,6,0,0
165,1257,781,111,82,19,6,0,0
166,1257,781,111,83,19,6,0,0
167,1257,781,111,82,19,6,0,1
168,1257,781,112,83,19,6,0,1
169,1257,781,111,83,19,6,0,1
170,1257,781,112,83,19,6,0,0
171,1257,781,112,83,19,6,0,0
172,1257,781,111,82,19,6,0,0
173,1257,781,111,82,19,6,0,0
174,1257,781,111,82,19,6,0,0
175,1257,781,111,82,19,6,0,0
176,1257,781,111,82,19,6,0,0
177,1257,781,111,82,19,6,0,0
178,1257,781,111,82,19,6,0,0
179,1257,781,111,82,19,6,0,0
180,1257,781,111,83,19,6,0,0
181,1257,781,111,83,19,6,0,0
182,1257,781,111,83,19,6,0,0
183,1257,781,111,83,19,6,0,0
184,1257,781,111,83,19,6,0,0
185,1257,781,111,83,19,6,0,0
186,1257,781,111,83,19,6,0,0
187,1257,781,111,83,19,6,0,0
188,1257,781,111,83,19,6,0,0
189,1258,781,111,82,19,6,0,1
190,1258,781,111,82,19,6,0,1
191,1258,781,112,82,19,6,0,0
192,1258,781,111,83,19,6,0,0
193,1258,781,111,83,19,6,0,0
194,1258,781,111,83,19,6,0,0
195,1258,781,111,83,19,6,0,0
196,1258,781,111,83,19,6,0,0
197,1258,781,111,83,19,6,0,0
198,1258,781,111,83,19,6,0,0
199,1258,781,111,83,19,6,0,0
200,1258,781,111,83,19,6,0,0
201,1258,781,111,83,19,6,0,0
202,1258,781,111,83,19,6,0,0
203,1258,781,111,83,19,6,0,0
204,1258,782,111,82,19,6,0,0
205,1258,782,111,82,19,6,0,0
206,1258,782,111,82,19,6,0,0
207,1258,782,111,82,19,6,0,0
208,1259,782,111,82,19,6,0,0
209,1259,782,111,82,19,6,0,0
210,1259,782,111,82,19,6,0,0
211,1259,782,111,82,19,6,0,0
212,1259,782,111,82,19,6,0,1
213,1259,781,111,82,19,6,0,1
214,1259,781,111,82,19,6,0,1
215,1259,781,111,82,19,6,0,1
216,1259,782,110,82,19,6,0,0
217,1259,782,111,81,19,6,0,0
218,1259,782,111,81,19,6,0,0
219,1259,782,111,81,19,6,0,0
220,1259,782,111,81,19,6,0,0
221,1259,782,111,81,19,6,0,0
222,1259,782,110,81,19,6,0,0
223,1259,782,110,81,19,6,0,0
224,1259,782,110,82,19,6,0,0
225,1259,782,110,81,19,6,0,0
226,1259,782,110,82,19,6,0,0
227,1259,781,110,82,19,6,0,0
228,1257,781,112,82,19,6,0,1
229,1257,782,112,82,19,6,0,1
230,1258,781,113,82,19,6,0,1
231,1257,782,112,82,19,6,0,1
232,1259,781,110,82,19,6,0,1
233,1260,782,111,82,19,6,0,2
234,1263,782,108,81,19,6,0,2
235,1259,783,112,80,19,6,0,3
236,1263,785,108,79,19,6,0,3
237,1265,784,106,79,19,6,0,3
238,1265,783,107,80,19,6,0,3
239,1258,781,112,82,19,6,0,2
240,1257,780,112,83,19,6,0,2
241,1257,780,112,83,19,6,0,2
242,1258,781,113,82,19,6,0,1
243,1258,782,111,81,19,6,0,2
244,1264,785,106,78,19,6,0,1
245,1263,786,108,77,19,6,0,2
246,1257,783,112,80,19,6,0,1
247,1257,782,113,80,19,6,0,1
248,1257,782,114,81,19,6,0,0
249,1256,780,117,83,19,6,0,0
250,1260,781,111,82,19,6,0,0
251,1259,781,112,82,19,6,0,0
252,1259,781,112,82,19,6,0,1
253,1258,781,112,82,19,6,0,1
254,1258,781,112,83,19,6,0,2
255,1258,781,111,82,19,6,0,3
256,1258,781,111,83,19,6,0,3
257,1258,781,110,83,19,6,0,3
258,1257,781,111,82,19,6,0,2
259,1257,781,111,82,19,6,0,1
260,1258,781,112,82,19,6,0,1
261,1258,781,114,82,19,6,0,1
262,1258,781,114,82,19,6,0,1
585,1471,847,71,48,28,3,1,2
586,1471,847,71,48,28,3,1,6
587,1471,847,70,48,28,3,1,8
588,1470,848,71,48,28,3,1,10
589,1470,848,71,48,28,3,1,8
590,1470,848,72,48,28,3,1,6
591,1471,848,71,48,28,3,1,3
592,1470,847,72,48,28,3,1,2
593,1470,847,71,48,28,3,1,1
594,1470,847,72,49,28,3,1,2
595,1470,847,72,49,28,3,1,2
596,1471,847,72,48,28,3,1,2
597,1470,847,72,49,28,3,1,1
598,1471,847,71,48,28,3,1,2
599,1470,847,72,49,28,3,1,2
600,1470,847,72,49,28,3,1,4
601,1470,847,72,49,28,3,1,5
602,1470,847,72,49,28,3,1,6
603,1470,847,72,49,28,3,1,5
604,1470,847,72,49,28,3,1,5
605,1470,847,72,49,28,3,1,3
606,1470,847,72,49,28,3,1,1
607,1470,847,72,49,28,3,1,1
608,1470,847,72,49,28,3,1,0
609,1470,847,72,49,28,3,1,1
610,1470,847,72,49,28,3,1,4
611,1471,847,71,49,28,3,1,8
612,1469,848,73,46,28,3,1,12
613,1469,848,72,46,28,3,1,14
614,1469,848,72,46,28,3,1,15
615,1469,848,72,46,28,3,1,14
616,1469,848,72,46,28,3,1,11
617,1469,848,72,46,28,3,1,8
618,1470,848,72,47,28,3,1,4
619,1471,848,71,47,28,3,1,3
620,1471,848,71,47,28,3,1,1
621,1471,848,71,47,28,3,1,0
622,1471,848,71,47,28,3,1,3
623,1471,848,71,47,28,3,1,6
624,1470,847,72,50,28,3,1,10
625,1470,847,72,50,28,3,1,12
626,1470,847,72,49,28,3,1,14
627,1470,847,72,49,28,3,1,14
628,1470,847,72,49,28,3,1,12
629,1470,847,72,49,28,3,1,9
630,1470,847,72,49,28,3,1,5
631,1470,847,72,49,28,3,1,4
632,1470,847,72,49,28,3,1,3
633,1470,847,72,49,28,3,1,3
634,1470,848,72,48,28,3,1,4
635,1470,848,72,48,28,3,1,4
636,1470,848,73,48,28,3,1,4
637,1470,848,73,48,28,3,1,4
638,1470,848,73,48,28,3,1,3
639,1470,848,73,48,28,3,1,2
640,1470,848,73,48,28,3,1,1
641,1470,848,73,48,28,3,1,1
642,1467,847,76,48,28,3,1,1
643,1468,847,75,48,28,3,1,1
644,1468,847,75,48,28,3,1,0
645,1468,847,74,48,28,3,1,0
646,1468,847,74,48,28,3,1,0
647,1468,847,74,48,28,3,1,0
648,1469,848,73,47,28,3,1,2
649,1469,848,73,47,28,3,1,6
650,1469,848,74,46,28,3,1,9
651,1469,848,74,46,28,3,1,11
652,1469,848,74,46,28,3,1,11
653,1469,848,74,46,28,3,1,10
654,1470,848,73,49,28,3,1,12
655,1470,848,73,49,28,3,1,15
656,1471,848,72,49,28,3,1,19
657,1471,848,72,49,28,3,1,20
658,1471,848,72,49,28,3,1,19
659,1470,848,72,49,28,3,1,15
660,1470,847,73,49,28,3,1,9
661,1470,848,73,49,28,3,1,5
662,1470,848,73,49,28,3,1,3
663,1470,848,73,49,28,3,1,2
664,1471,847,72,49,28,3,1,2
665,1471,847,72,49,28,3,1,2
666,1471,847,72,49,28,3,1,3
667,1471,847,72,49,28,3,1,4
668,1471,847,72,49,28,3,1,5
669,1471,847,72,49,28,3,1,5
670,1471,847,71,49,28,3,1,4
671,1471,847,71,48,28,3,1,3
672,1470,847,72,49,28,3,1,3
673,1470,847,72,49,28,3,1,3
674,1470,847,72,48,28,3,1,4
675,1471,848,71,47,28,3,1,3
676,1471,848,71,47,28,3,1,5
677,1471,848,71,47,28,3,1,6
678,1471,848,71,47,28,3,1,7
679,1470,848,72,47,28,3,1,4
680,1470,848,72,47,28,3,1,3
681,1470,848,72,47,28,3,1,2
682,1470,848,72,47,28,3,1,3
683,1471,848,71,47,28,3,1,2
684,1471,848,72,48,28,3,1,2
685,1471,848,72,48,28,3,1,2
686,1471,848,72,48,28,3,1,2
687,1470,848,73,48,28,3,1,2
688,1470,848,73,48,28,3,1,2
689,1470,848,72,47,28,3,1,2
690,1470,848,72,47,28,3,1,3
691,1470,848,72,47,28,3,1,5
692,1471,848,71,47,28,3,1,7
693,1471,848,72,47,28,3,1,7
694,1471,848,72,47,28,3,1,9
695,1471,848,72,47,28,3,1,10
696,1471,848,70,46,28,3,1,9
697,1471,848,70,46,28,3,1,8
698,1471,848,70,46,28,3,1,6
699,1471,848,70,46,28,3,1,5
700,1471,848,70,46,28,3,1,4
701,1471,848,70,46,28,3,1,3
702,1471,848,71,46,28,3,1,2
703,1471,848,71,46,28,3,1,3
704,1471,848,71,46,28,3,1,3
705,1471,848,71,46,28,3,1,3
706,1471,848,71,46,28,3,1,5
707,1471,848,71,46,28,3,1,7
708,1470,847,72,49,28,3,1,10
709,1469,847,72,49,28,3,1,11
710,1470,847,72,49,28,3,1,12
711,1470,847,72,49,28,3,1,12
712,1470,847,72,49,28,3,1,10
713,1470,847,72,49,28,3,1,8
714,1471,848,71,48,28,3,1,5
715,1471,848,71,48,28,3,1,5
716,1471,848,71,49,28,3,1,4
717,1471,848,71,48,28,3,1,3
718,1471,848,70,48,28,3,1,4
719,1471,848,71,48,28,3,1,7
720,1471,848,70,47,28,3,1,10
721,1472,848,70,46,28,3,1,16
722,1472,848,70,47,28,3,1,21
723,1471,848,70,45,28,3,1,28
724,1472,848,70,45,28,3,1,30
725,1472,848,69,44,28,3,1,27
726,1472,848,69,44,28,3,1,23
727,1472,848,69,44,28,3,1,17
728,1472,848,69,44,28,3,1,13
729,1472,848,69,44,28,3,1,8
730,1472,848,69,44,28,3,1,9
731,1471,848,70,44,28,3,1,12
732,1470,847,69,42,28,3,1,17
733,1470,847,69,42,28,3,1,19
734,1470,847,69,42,28,3,1,19
735,1470,847,69,42,28,3,1,17
736,1470,848,72,47,28,3,1,20
737,1470,848,72,46,28,3,1,24
738,1470,848,72,47,28,3,1,30
739,1470,848,72,47,28,3,1,32
740,1470,848,72,47,28,3,1,26
741,1470,848,72,47,28,3,1,19
742,1470,848,72,47,28,3,1,10
743,1470,848,72,47,28,3,1,7
744,1469,847,73,47,28,3,1,4
745,1469,847,72,47,28,3,1,3
746,1469,847,73,48,28,3,1,2
747,1469,847,73,47,28,3,1,2
748,1469,847,73,47,28,3,1,2
749,1469,847,73,47,28,3,1,1
750,1470,846,72,49,28,3,1,1
751,1470,846,72,48,28,3,1,1
752,1469,846,73,49,28,3,1,2
753,1469,846,73,49,28,3,1,4
754,1469,846,73,49,28,3,1,3
755,1469,846,73,49,28,3,1,2
756,1471,846,71,49,28,3,1,1
757,1471,846,71,49,28,3,1,1
758,1471,846,71,49,28,3,1,1
759,1471,846,71,49,28,3,1,2
760,1471,846,71,49,28,3,1,2
761,1471,846,71,49,28,3,1,2
762,1471,846,71,49,28,3,1,1
763,1471,846,71,49,28,3,1,1
764,1471,846,71,49,28,3,1,2
765,1471,847,71,49,28,3,1,3
766,1471,847,72,49,28,3,1,6
767,1471,847,72,49,28,3,1,9
768,1469,846,74,51,28,3,1,12
769,1469,846,74,51,28,3,1,12
770,1469,846,74,51,28,3,1,12
771,1469,846,74,51,28,3,1,10
772,1469,846,74,51,28,3,1,8
773,1469,846,74,51,28,3,1,5
774,1469,846,74,51,28,3,1,3
775,1469,846,74,51,28,3,1,2
776,1469,846,74,51,28,3,1,2
777,1469,846,74,51,28,3,1,2
778,1469,846,74,50,28,3,1,2
779,1469,846,74,50,28,3,1,1
780,1469,846,75,51,28,3,1,1
781,1469,846,75,50,28,3,1,2
782,1469,846,75,50,28,3,1,2
783,1469,846,75,50,28,3,1,2
784,1469,846,75,50,28,3,1,2
785,1469,846,75,50,28,3,1,3
786,1469,846,75,50,28,3,1,3
787,1469,846,75,50,28,3,1,2
788,1469,846,75,50,28,3,1,2
789,1469,846,75,50,28,3,1,3
790,1469,846,75,51,28,3,1,4
791,1469,846,75,51,28,3,1,4
792,1469,845,73,50,28,3,1,4
793,1469,846,73,49,28,3,1,4
794,1469,846,73,49,28,3,1,7
795,1468,846,74,48,28,3,1,11
796,1468,846,74,48,28,3,1,11
797,1468,846,74,48,28,3,1,8
798,1468,846,74,49,28,3,1,4
799,1468,846,75,49,28,3,1,3
800,1467,846,75,49,28,3,1,2
801,1470,846,73,50,28,3,1,2
802,1470,846,73,49,28,3,1,1
803,1470,846,73,50,28,3,1,1
804,1470,847,73,49,28,3,1,0
805,1470,847,73,48,28,3,1,0
806,1469,848,74,48,28,3,1,0
807,1469,848,74,47,28,3,1,0
808,1469,848,74,47,28,3,1,0
809,1469,848,74,48,28,3,1,0
810,1469,848,74,47,28,3,1,0
811,1469,848,74,48,28,3,1,1
812,1469,848,74,48,28,3,1,1
813,1469,847,74,48,28,3,1,2
814,1469,847,73,48,28,3,1,1
815,1469,848,74,48,28,3,1,2
816,1469,847,73,48,28,3,1,2
817,1469,847,73,48,28,3,1,3
818,1469,847,73,49,28,3,1,2
819,1470,847,73,49,28,3,1,3
820,1469,847,73,48,28,3,1,2
821,1469,847,73,48,28,3,1,2
822,1469,847,73,48,28,3,1,3
823,1469,847,73,48,28,3,1,5
824,1469,847,73,47,28,3,1,6
825,1470,847,73,47,28,3,1,6
826,1469,848,73,46,28,3,1,5
827,1469,848,73,46,28,3,1,5
828,1469,847,73,47,28,3,1,5
829,1469,847,73,47,28,3,1,5
830,1469,847,72,46,28,3,1,4
831,1470,847,73,48,28,3,1,3
832,1469,847,73,48,28,3,1,2
833,1469,847,73,48,28,3,1,3
834,1469,847,73,48,28,3,1,4
835,1470,847,73,49,28,3,1,4
836,1469,847,73,48,28,3,1,4
837,1469,848,73,46,28,3,1,3
838,1469,848,72,46,28,3,1,3
839,1469,848,72,46,28,3,1,2
840,1469,848,73,47,28,3,1,2
841,1469,848,73,47,28,3,1,1
842,1469,848,73,47,28,3,1,1
843,1470,848,73,46,28,3,1,0
844,1470,848,73,46,28,3,1,0
845,1470,848,73,47,28,3,1,1
846,1470,847,73,49,28,3,1,1
847,1470,847,73,49,28,3,1,3
848,1470,847,73,49,28,3,1,4
849,1469,847,73,49,28,3,1,7
850,1469,847,74,49,28,3,1,6
851,1469,847,75,49,28,3,1,5
852,1468,847,75,48,28,3,1,2
853,1468,847,75,48,28,3,1,2
854,1468,847,75,48,28,3,1,3
855,1468,847,75,49,28,3,1,5
856,1469,847,75,48,28,3,1,6
857,1469,847,75,48,28,3,1,4
858,1469,848,75,48,28,3,1,3
859,1469,848,75,48,28,3,1,3
860,1469,847,75,48,28,3,1,3
861,1469,847,75,48,28,3,1,3
862,1469,848,75,48,28,3,1,3
863,1469,847,75,48,28,3,1,3
864,1469,847,74,48,28,3,1,3
865,1469,847,74,48,28,3,1,4
866,1469,847,74,48,28,3,1,3
867,1469,848,74,48,28,3,1,3
868,1469,847,74,48,28,3,1,2
869,1469,847,74,48,28,3,1,2
870,1469,847,74,48,28,3,1,2
871,1469,848,74,47,28,3,1,2
872,1469,848,74,47,28,3,1,1
873,1469,848,74,47,28,3,1,0
874,1469,847,74,48,28,3,1,0
875,1469,847,74,48,28,3,1,0
876,1469,847,74,48,28,3,1,0
877,1469,847,74,48,28,3,1,0
878,1469,847,74,48,28,3,1,2
879,1470,846,73,50,28,3,1,4
880,1469,847,75,49,28,3,1,5
881,1470,847,73,49,28,3,1,4
882,1470,845,73,51,28,3,1,2
883,1470,846,73,50,28,3,1,2
891,1469,841,78,55,28,3,1,3
892,1469,841,84,57,28,3,1,5
893,1469,841,87,60,28,3,1,5
894,1469,843,85,57,28,3,1,4
895,1470,844,84,54,28,3,1,3
896,1470,845,85,54,28,3,1,5
897,1469,846,83,52,28,3,1,6
898,1469,845,83,51,28,3,1,6
899,1469,846,84,54,28,3,1,4
900,1468,846,86,54,28,3,1,5
901,1469,845,86,52,28,3,1,6
902,1469,845,87,52,28,3,1,6
903,1469,846,87,52,28,3,1,9
904,1469,846,87,51,28,3,1,14
905,1469,846,87,52,28,3,1,14
906,1469,846,84,50,28,3,1,12
907,1469,847,77,49,28,3,1,6
908,1469,847,75,47,28,3,1,6
909,1469,847,75,48,28,3,1,4
910,1469,848,77,47,28,3,1,4
911,1469,848,77,47,28,3,1,4
912,1469,848,78,48,28,3,1,6
913,1469,848,76,48,28,3,1,6
914,1469,848,76,48,28,3,1,6
915,1469,847,75,47,28,3,1,13
916,1469,848,76,47,28,3,1,15
917,1469,847,72,43,28,3,1,18
926,1470,847,72,47,28,3,1,9
927,1469,847,73,46,28,3,1,7
928,1470,847,74,49,28,3,1,4
929,1470,848,73,48,28,3,1,7
930,1470,847,74,48,28,3,1,7
931,1469,848,74,47,28,3,1,8
932,1470,848,73,46,28,3,1,6
933,1470,847,73,47,28,3,1,7
934,1469,847,73,47,28,3,1,6
935,1469,847,73,47,28,3,1,6
936,1470,846,71,49,28,3,1,5
937,1471,846,70,48,28,3,1,6
938,1468,847,75,48,28,3,1,7
939,1468,847,75,48,28,3,1,7
940,1468,847,75,48,28,3,1,6
941,1469,847,74,49,28,3,1,5
942,1467,847,76,48,28,3,1,7
943,1470,846,72,48,28,3,1,9
944,1471,846,72,47,28,3,1,12
945,1470,846,73,47,28,3,1,13
946,1470,846,72,48,28,3,1,14
947,1470,846,72,48,28,3,1,12
948,1471,848,71,46,28,3,1,9
949,1471,847,71,47,28,3,1,8
950,1471,847,71,47,28,3,1,8
951,1471,847,71,48,28,3,1,9
952,1472,847,71,48,28,3,1,7
953,1471,847,71,48,28,3,1,7
954,1472,847,71,48,28,3,1,4
955,1471,847,71,48,28,3,1,5
956,1470,847,72,47,28,3,1,3
957,1470,847,72,47,28,3,1,3
958,1471,847,71,48,28,3,1,2
959,1471,847,71,48,28,3,1,3
960,1469,847,73,47,28,3,1,3
961,1469,847,73,46,28,3,1,3
962,1470,847,71,47,28,3,1,2
963,1470,847,71,47,28,3,1,2
964,1470,847,71,47,28,3,1,2
965,1470,847,71,47,28,3,1,2
966,1470,847,71,47,28,3,1,1
967,1470,847,71,47,28,3,1,1
968,1468,847,74,47,28,3,1,1
969,1468,847,74,47,28,3,1,2
970,1468,847,74,47,28,3,1,2
971,1468,847,74,47,28,3,1,2
972,1466,847,75,46,28,3,1,1
973,1466,847,75,46,28,3,1,1
974,1467,847,75,46,28,3,1,0
998,1469,848,74,47,28,3,1,0
999,1469,848,74,47,28,3,1,0
1000,1470,846,73,49,28,3,1,0
1001,1470,847,73,49,28,3,1,0
1002,1470,846,73,50,28,3,1,1
1003,1470,846,73,50,28,3,1,2
1004,1470,846,73,50,28,3,1,3
1005,1470,847,73,49,28,3,1,3
1006,1470,847,73,49,28,3,1,3
1007,1470,847,73,49,28,3,1,3
1008,1470,847,73,49,28,3,1,4
1009,1470,847,73,49,28,3,1,3
1010,1470,847,73,49,28,3,1,2
1011,1470,847,73,49,28,3,1,1
1012,1470,847,73,49,28,3,1,1
1013,1470,847,73,49,28,3,1,1
1014,1470,848,73,49,28,3,1,1
1015,1470,848,73,48,28,3,1,1
1016,1470,848,73,48,28,3,1,1
1017,1470,848,73,48,28,3,1,1
1018,1470,848,73,48,28,3,1,2
1019,1470,847,73,48,28,3,1,2
1020,1470,847,72,49,28,3,1,3
1021,1470,848,73,48,28,3,1,2
1022,1470,847,73,49,28,3,1,2
1023,1470,847,73,49,28,3,1,2
1024,1470,847,73,49,28,3,1,1
1025,1470,847,73,49,28,3,1,1
1026,1470,847,72,49,28,3,1,2
1027,1470,848,73,49,28,3,1,3
1028,1470,848,73,49,28,3,1,4
1029,1470,848,73,49,28,3,1,5
1030,1470,848,73,49,28,3,1,5
1031,1470,848,73,48,28,3,1,6
1032,1470,848,72,47,28,3,1,7
1033,1470,848,72,47,28,3,1,9
1034,1470,848,72,47,28,3,1,10
1035,1470,848,72,47,28,3,1,10
1036,1470,848,72,47,28,3,1,9
1037,1470,848,72,47,28,3,1,7
1038,1470,848,72,47,28,3,1,5
1039,1470,848,72,47,28,3,1,4
1040,1470,848,72,47,28,3,1,3
1041,1470,848,73,47,28,3,1,2
1042,1470,848,72,47,28,3,1,2
1043,1470,848,72,47,28,3,1,3
1044,1470,848,72,46,28,3,1,4
1045,1470,848,72,46,28,3,1,5
1046,1470,848,72,46,28,3,1,6
1047,1470,848,72,46,28,3,1,7
1048,1470,848,72,45,28,3,1,6
1049,1470,848,72,45,28,3,1,5
1050,1470,848,72,45,28,3,1,4
1051,1470,848,72,45,28,3,1,3
1052,1470,848,72,45,28,3,1,4
1053,1471,848,71,46,28,3,1,5
1054,1471,848,71,46,28,3,1,8
1055,1471,848,71,47,28,3,1,9
1056,1470,849,71,47,28,3,1,10
1057,1470,848,71,47,28,3,1,7
1069,1470,847,72,49,28,3,1,5
1070,1471,847,72,49,28,3,1,3
1071,1471,847,72,48,28,3,1,2
1072,1471,847,72,48,28,3,1,1
1073,1471,847,72,48,28,3,1,3
1074,1471,847,71,47,28,3,1,5
1075,1471,847,71,48,28,3,1,7
1076,1471,847,71,48,28,3,1,7
1077,1471,847,71,48,28,3,1,6
1078,1471,847,71,48,28,3,1,6
1079,1471,847,71,48,28,3,1,6
1033,1893,1021,70,45,34,6,0,1
1034,1893,1021,70,45,34,6,0,1
1035,1893,1021,70,45,34,6,0,1
1036,1893,1021,70,45,34,6,0,1
1037,1893,1021,70,45,34,6,0,0
1038,1893,1021,70,45,34,6,0,0
1039,1893,1021,71,45,34,6,0,0
1040,1893,1021,70,45,34,6,0,0
1041,1893,1021,70,45,34,6,0,0
1042,1893,1021,70,45,34,6,0,0
1061,801,680,192,67,37,6,1,59
1062,801,679,185,68,37,6,1,54
1063,801,680,182,72,37,6,1,47
1064,801,680,181,74,37,6,1,38
1065,801,679,181,74,37,6,1,31
1066,802,680,180,75,37,6,1,26
1067,802,679,182,77,37,6,1,21
1068,801,680,182,77,37,6,1,16
1069,801,680,184,78,37,6,1,12
1070,801,680,184,78,37,6,1,9
1071,801,679,185,79,37,6,1,7
1072,801,679,185,79,37,6,1,5
1073,801,679,185,79,37,6,1,3
1074,802,679,184,80,37,6,1,1
1075,802,679,184,80,37,6,1,1
1076,802,679,184,80,37,6,1,0
1077,801,679,184,80,37,6,1,0
1078,801,679,184,80,37,6,1,0
1079,802,679,184,79,37,6,1,0
1080,801,680,184,79,37,6,1,0
1081,801,679,184,79,37,6,1,0
1082,801,679,184,78,37,6,1,1
1083,801,679,185,78,37,6,1,2
1084,801,679,184,78,37,6,1,3
1085,801,679,183,77,37,6,1,3
1086,801,679,181,77,37,6,1,4
1087,801,679,181,76,37,6,1,6
1088,801,679,182,74,37,6,1,10
1089,801,679,181,69,37,6,1,15
1090,799,679,193,67,37,6,1,19
1091,800,679,195,66,37,6,1,25
1092,801,679,256,69,37,6,1,32
1093,801,679,255,67,37,6,1,38
1094,801,679,256,80,37,6,1,42
1095,801,679,257,96,37,6,1,54
1096,801,678,264,113,37,6,1,67
1097,800,678,260,110,37,6,1,78
1098,800,678,259,109,37,6,1,63
1099,800,678,259,110,37,6,1,44
1100,800,678,259,110,37,6,1,22
1101,802,677,257,111,37,6,1,21
1102,932,692,126,97,37,6,1,24
1103,934,692,125,96,37,6,1,31
1104,935,692,124,96,37,6,1,33
1105,935,692,124,96,37,6,1,35
1106,934,692,125,96,37,6,1,28
1107,934,692,124,96,37,6,1,20
1108,934,692,124,96,37,6,1,10
1109,935,692,124,96,37,6,1,6
1110,935,693,124,96,37,6,1,3
1111,935,692,124,96,37,6,1,2
1112,935,692,124,96,37,6,1,1
1113,935,692,124,96,37,6,1,0
1114,935,693,124,96,37,6,1,0
1115,935,693,124,96,37,6,1,0
1116,935,693,124,96,37,6,1,0
1117,935,693,124,96,37,6,1,0
1118,935,692,124,96,37,6,1,0
1119,935,692,123,96,37,6,1,0
1120,935,692,123,96,37,6,1,1
1121,935,692,124,96,37,6,1,1
1122,935,692,124,96,37,6,1,1
1123,935,692,124,96,37,6,1,0
1124,935,692,124,96,37,6,1,0
1125,935,692,124,96,37,6,1,0
1126,935,692,124,96,37,6,1,0
1127,935,692,124,96,37,6,1,0
1128,934,692,125,96,37,6,1,0
1129,935,692,124,96,37,6,1,0
1130,934,692,124,96,37,6,1,0
1131,935,692,124,96,37,6,1,0
1132,935,692,124,96,37,6,1,0
1133,935,692,124,96,37,6,1,0
1134,935,692,124,96,37,6,1,0
1135,935,692,124,96,37,6,1,0
1136,934,692,125,96,37,6,1,0
1137,934,692,125,96,37,6,1,0
1138,934,692,125,96,37,6,1,0
1139,934,692,125,96,37,6,1,0
1140,935,693,125,96,37,6,1,1
1141,935,693,124,96,37,6,1,0
1142,935,692,124,96,37,6,1,0
1143,935,692,124,96,37,6,1,0
1144,935,692,124,96,37,6,1,0
1145,935,692,124,96,37,6,1,0
1146,935,692,124,95,37,6,1,0
1147,935,693,124,96,37,6,1,0
1148,935,693,124,96,37,6,1,1
1149,935,693,124,96,37,6,1,1
1150,935,693,124,96,37,6,1,1
1151,935,693,124,96,37,6,1,1
1152,935,692,123,96,37,6,1,0
1153,935,692,123,96,37,6,1,1
1154,935,692,123,96,37,6,1,1
1155,935,692,123,95,37,6,1,1
1156,935,692,123,95,37,6,1,1
1157,935,692,123,95,37,6,1,0
1158,935,692,123,95,37,6,1,0
1159,935,692,123,95,37,6,1,0
1160,935,692,123,95,37,6,1,0
1161,935,693,123,95,37,6,1,0
1162,935,692,123,95,37,6,1,0
1163,935,692,123,95,37,6,1,0
1164,935,692,124,96,37,6,1,0
1165,935,692,124,96,37,6,1,0
1166,935,692,124,96,37,6,1,0
1167,935,692,124,96,37,6,1,0
1168,935,692,124,96,37,6,1,0
1169,935,692,124,96,37,6,1,0
1170,935,692,124,96,37,6,1,0
1171,935,693,124,96,37,6,1,0
1172,935,692,124,96,37,6,1,0
1173,935,692,124,96,37,6,1,0
1174,935,692,124,96,37,6,1,0
1175,935,693,123,96,37,6,1,0
1176,935,692,124,96,37,6,1,0
1177,935,692,124,96,37,6,1,0
1178,935,692,124,96,37,6,1,0
1179,935,692,124,96,37,6,1,0
1180,935,692,124,96,37,6,1,0
1181,935,692,123,96,37,6,1,0
1182,935,692,123,96,37,6,1,0
1183,935,692,123,96,37,6,1,0
1184,935,692,123,96,37,6,1,0
1185,935,692,123,96,37,6,1,0
1186,935,692,123,96,37,6,1,0
1187,935,692,123,96,37,6,1,0
1188,936,692,123,96,37,6,1,0
1189,936,692,123,96,37,6,1,0
1190,935,692,123,96,37,6,1,0
1191,936,693,123,96,37,6,1,0
1192,936,693,123,95,37,6,1,0
1193,936,693,123,95,37,6,1,0
1194,936,693,123,95,37,6,1,0
1195,936,693,123,95,37,6,1,0
1196,936,693,123,95,37,6,1,0
1197,936,693,123,95,37,6,1,0
1198,936,693,123,95,37,6,1,0
1199,936,693,123,95,37,6,1,0
1200,936,693,122,95,37,6,1,0
1201,936,693,122,95,37,6,1,0
1202,936,693,122,95,37,6,1,0
1203,936,693,122,95,37,6,1,0
1204,936,693,122,95,37,6,1,0
1205,936,693,122,95,37,6,1,0
1206,936,693,122,95,37,6,1,0
1207,936,693,122,95,37,6,1,0
1208,936,693,122,95,37,6,1,0
1209,936,693,122,95,37,6,1,0
1210,936,693,122,95,37,6,1,0
1211,936,693,122,95,37,6,1,0
1212,935,693,123,95,37,6,1,0
1213,935,693,123,95,37,6,1,0
1214,935,693,123,95,37,6,1,0
1215,935,693,123,95,37,6,1,0
1216,935,693,124,95,37,6,1,0
1217,935,693,124,95,37,6,1,0
1218,935,693,123,95,37,6,1,0
1219,935,693,123,95,37,6,1,0
1220,935,693,124,95,37,6,1,0
1221,935,693,124,95,37,6,1,0
1222,935,693,123,95,37,6,1,0
1223,935,693,123,95,37,6,1,0
1224,936,693,123,95,37,6,1,0
1225,936,693,123,95,37,6,1,0
1226,936,693,123,95,37,6,1,0
1227,936,693,123,95,37,6,1,0
1228,936,693,123,95,37,6,1,0
1229,936,693,123,95,37,6,1,0
1230,936,693,123,95,37,6,1,0
1231,936,693,123,95,37,6,1,0
1232,936,693,123,95,37,6,1,0
1233,936,693,123,95,37,6,1,0
1234,936,693,123,95,37,6,1,0
1235,936,693,123,95,37,6,1,0
1236,935,693,123,95,37,6,1,0
1237,935,693,123,95,37,6,1,0
1238,935,693,123,95,37,6,1,0
1239,935,693,123,95,37,6,1,0
1240,935,693,123,95,37,6,1,0
1241,935,693,123,95,37,6,1,0
1242,936,693,123,95,37,6,1,0
1243,936,693,123,95,37,6,1,0
1244,936,693,123,95,37,6,1,0
1245,936,693,123,95,37,6,1,0
1246,935,693,123,95,37,6,1,0
1247,935,693,123,95,37,6,1,0
1248,935,693,123,95,37,6,1,0
1249,935,693,123,95,37,6,1,0
1250,936,693,123,95,37,6,1,0
1251,936,693,123,95,37,6,1,0
1252,936,693,123,95,37,6,1,0
1253,936,693,123,95,37,6,1,0
1254,936,693,123,95,37,6,1,0
1255,936,693,123,95,37,6,1,0
1256,936,693,123,95,37,6,1,0
1257,936,693,123,95,37,6,1,0
1258,936,693,123,95,37,6,1,0
1259,936,693,123,95,37,6,1,0
1260,936,693,122,95,37,6,1,0
1261,935,693,123,95,37,6,1,0
1262,935,693,123,95,37,6,1,0
1263,935,693,123,95,37,6,1,0
1264,935,693,123,95,37,6,1,0
1265,935,693,123,95,37,6,1,0
1266,935,693,123,95,37,6,1,0
1267,935,693,123,95,37,6,1,0
1268,935,693,123,95,37,6,1,0
1269,935,693,123,95,37,6,1,0
1270,935,693,123,95,37,6,1,0
1271,935,693,123,95,37,6,1,0
1272,935,693,124,96,37,6,1,0
1273,935,693,124,96,37,6,1,0
1274,935,693,124,96,37,6,1,0
1275,934,693,124,96,37,6,1,0
1276,934,693,124,96,37,6,1,0
1277,934,693,124,96,37,6,1,0
1278,934,693,124,96,37,6,1,0
1279,934,693,124,96,37,6,1,0
1280,934,693,124,96,37,6,1,0
1281,935,693,123,96,37,6,1,0
1282,935,693,123,96,37,6,1,0
1283,935,693,123,96,37,6,1,0
1284,935,693,123,96,37,6,1,0
1285,935,693,123,96,37,6,1,0
1286,935,693,123,96,37,6,1,0
1287,935,693,123,96,37,6,1,0
1288,935,693,123,96,37,6,1,0
1289,935,693,123,96,37,6,1,0
1290,935,693,123,96,37,6,1,0
1291,935,693,123,96,37,6,1,0
1292,935,693,123,96,37,6,1,0
1293,935,693,123,96,37,6,1,0
1294,935,693,123,96,37,6,1,0
1295,935,693,123,96,37,6,1,0
1296,935,693,124,96,37,6,1,0
1297,935,693,123,96,37,6,1,0
1298,935,693,123,96,37,6,1,0
1299,935,693,124,96,37,6,1,0
1300,935,693,123,96,37,6,1,0
1301,935,693,123,96,37,6,1,0
1302,935,693,123,96,37,6,1,0
1303,935,693,123,96,37,6,1,0
1304,935,693,123,96,37,6,1,0
1305,935,693,123,96,37,6,1,0
1306,935,693,123,96,37,6,1,0
1307,935,693,123,96,37,6,1,0
1308,935,693,123,96,37,6,1,0
1309,935,693,123,96,37,6,1,0
1310,935,693,123,96,37,6,1,0
1311,935,693,123,96,37,6,1,0
1312,935,693,123,96,37,6,1,0
1313,935,693,123,96,37,6,1,0
1314,935,693,123,96,37,6,1,0
1315,935,693,123,96,37,6,1,0
1316,935,693,123,96,37,6,1,0
1317,935,693,123,96,37,6,1,0
1318,935,693,123,96,37,6,1,0
1319,935,693,123,96,37,6,1,0
1320,935,693,123,96,37,6,1,0
1321,935,693,123,96,37,6,1,0
1322,935,693,123,96,37,6,1,0
1323,935,693,123,96,37,6,1,0
1324,935,693,123,96,37,6,1,0
1325,935,693,123,96,37,6,1,0
1326,935,693,123,96,37,6,1,0
1327,936,693,123,96,37,6,1,0
1328,936,693,123,96,37,6,1,0
1329,936,693,123,96,37,6,1,0
1330,936,693,123,96,37,6,1,0
1331,935,693,123,96,37,6,1,0
1332,935,693,123,96,37,6,1,0
1333,935,693,123,96,37,6,1,0
1334,935,693,123,96,37,6,1,0
1335,935,693,123,96,37,6,1,0
1336,935,693,123,96,37,6,1,0
1337,935,693,123,96,37,6,1,0
1338,935,693,123,96,37,6,1,0
1339,935,693,123,96,37,6,1,0
1340,935,693,123,96,37,6,1,0
1341,935,693,123,96,37,6,1,0
1342,935,693,123,96,37,6,1,0
1343,935,693,123,96,37,6,1,0
1344,935,693,123,96,37,6,1,0
1345,935,693,123,96,37,6,1,0
1346,935,693,123,96,37,6,1,0
1347,935,693,123,96,37,6,1,0
1348,935,693,123,96,37,6,1,0
1349,935,693,123,96,37,6,1,0
1350,935,693,123,96,37,6,1,0
1351,935,693,123,96,37,6,1,0
1352,935,693,123,96,37,6,1,0
1353,935,693,123,96,37,6,1,0
1354,935,693,123,96,37,6,1,0
1355,935,693,123,96,37,6,1,0
1356,935,693,123,96,37,6,1,0
1357,935,693,123,96,37,6,1,0
1358,935,693,123,96,37,6,1,0
1359,935,693,123,96,37,6,1,0
1360,935,693,123,96,37,6,1,0
1361,935,693,123,96,37,6,1,0
1362,935,693,123,96,37,6,1,0
1363,935,693,123,96,37,6,1,0
1364,935,693,123,96,37,6,1,0
1365,935,692,124,96,37,6,1,0
1366,935,692,124,96,37,6,1,0
1367,935,692,124,96,37,6,1,0
1368,935,692,123,96,37,6,1,0
1369,935,693,123,96,37,6,1,0
1370,935,693,123,96,37,6,1,0
1371,935,693,123,96,37,6,1,0
1372,935,693,123,96,37,6,1,0
1373,935,692,124,96,37,6,1,0
1374,935,692,124,96,37,6,1,0
1375,935,692,124,96,37,6,1,0
1376,935,692,124,96,37,6,1,0
1377,935,692,124,96,37,6,1,0
1378,935,692,124,96,37,6,1,0
1379,935,692,124,96,37,6,1,0
1380,935,692,124,96,37,6,1,0
1381,935,692,123,96,37,6,1,0
1382,935,692,123,96,37,6,1,0
1383,935,692,124,97,37,6,1,0
1384,935,692,124,97,37,6,1,0
1385,935,692,124,96,37,6,1,0
1386,935,692,124,96,37,6,1,0
1387,935,692,124,96,37,6,1,0
1388,935,692,124,96,37,6,1,0
1389,935,692,124,96,37,6,1,0
1390,935,692,124,96,37,6,1,0
1391,935,693,123,96,37,6,1,0
1392,935,692,124,96,37,6,1,0
1393,935,692,124,96,37,6,1,0
1394,935,692,124,96,37,6,1,0
1395,935,692,124,96,37,6,1,0
1396,935,692,124,96,37,6,1,0
1397,935,692,124,96,37,6,1,0
1398,935,692,124,96,37,6,1,0
1399,935,692,124,96,37,6,1,0
1400,935,692,124,96,37,6,1,0
1401,935,693,124,96,37,6,1,0
1402,934,693,124,96,37,6,1,0
1403,935,693,124,96,37,6,1,0
1404,935,692,123,96,37,6,1,0
1405,935,692,123,96,37,6,1,1
1406,935,692,123,96,37,6,1,1
1407,935,692,123,96,37,6,1,1
1408,935,692,123,96,37,6,1,1
1409,935,692,123,96,37,6,1,0
1410,935,692,124,96,37,6,1,0
1411,935,692,123,96,37,6,1,0
1412,935,692,124,96,37,6,1,0
1413,935,692,124,96,37,6,1,0
1414,935,692,124,96,37,6,1,0
1415,935,692,124,96,37,6,1,0
1416,934,692,124,96,37,6,1,0
1417,934,692,124,96,37,6,1,0
1418,934,692,124,96,37,6,1,0
1419,934,692,124,96,37,6,1,0
1420,934,692,124,96,37,6,1,0
1421,934,692,124,95,37,6,1,0
1422,934,692,124,96,37,6,1,0
1423,934,692,124,96,37,6,1,0
1424,935,692,124,96,37,6,1,0
1425,934,692,124,96,37,6,1,0
1426,935,692,124,96,37,6,1,0
1427,935,693,124,95,37,6,1,0
1428,935,693,124,96,37,6,1,1
1429,935,693,124,96,37,6,1,1
1430,935,693,124,96,37,6,1,1
1431,935,693,124,96,37,6,1,1
1432,935,693,124,96,37,6,1,0
1433,935,693,124,96,37,6,1,0
1434,935,693,124,96,37,6,1,0
1435,935,693,124,96,37,6,1,0
1436,935,693,124,96,37,6,1,0
1437,935,693,124,96,37,6,1,0
1438,935,693,124,96,37,6,1,0
1439,935,693,124,96,37,6,1,0
1440,935,693,123,96,37,6,1,0
1441,934,692,124,96,37,6,1,0
1442,935,692,124,96,37,6,1,1
1443,935,692,124,96,37,6,1,1
1444,935,692,124,96,37,6,1,1
1445,935,692,124,96,37,6,1,1
1446,934,692,124,96,37,6,1,0
1447,935,692,124,96,37,6,1,0
1448,934,692,124,96,37,6,1,0
1449,934,692,124,96,37,6,1,0
1450,934,692,124,96,37,6,1,0
1451,935,693,124,96,37,6,1,0
1452,935,692,123,96,37,6,1,0
1453,935,692,123,96,37,6,1,0
1454,935,692,123,96,37,6,1,0
1455,935,692,123,96,37,6,1,0
1456,935,692,123,96,37,6,1,0
1457,935,692,123,96,37,6,1,0
1458,935,692,123,96,37,6,1,0
1459,935,692,123,96,37,6,1,0
1460,935,692,123,96,37,6,1,0
1461,935,692,124,96,37,6,1,0
1462,935,692,124,96,37,6,1,0
1463,935,692,124,96,37,6,1,0
1464,935,692,124,96,37,6,1,0
1465,935,692,124,96,37,6,1,0
1466,935,692,124,96,37,6,1,0
1467,935,692,124,96,37,6,1,0
1468,935,692,124,96,37,6,1,0
1469,935,692,124,96,37,6,1,0
1470,935,692,124,96,37,6,1,0
1471,935,692,124,96,37,6,1,0
1472,935,692,124,96,37,6,1,0
1473,935,692,124,96,37,6,1,0
1474,935,692,124,96,37,6,1,0
1475,935,692,124,96,37,6,1,0
1476,935,692,124,96,37,6,1,0
1477,935,692,124,96,37,6,1,0
1478,935,692,124,96,37,6,1,0
1479,935,692,124,96,37,6,1,0
1480,935,692,124,96,37,6,1,0
1481,935,692,124,96,37,6,1,0
1482,935,692,124,96,37,6,1,0
1483,935,692,124,96,37,6,1,0
1484,935,692,124,96,37,6,1,0
1485,935,693,124,96,37,6,1,0
1486,935,692,124,96,37,6,1,0
1487,935,692,124,96,37,6,1,0
1488,935,692,124,97,37,6,1,0
1489,935,692,124,96,37,6,1,0
1490,935,692,124,97,37,6,1,0
1491,935,692,124,96,37,6,1,0
1492,935,692,124,96,37,6,1,0
1493,935,692,124,96,37,6,1,0
1494,935,692,124,96,37,6,1,0
1495,935,692,124,96,37,6,1,0
1496,935,692,124,96,37,6,1,0
1497,935,692,124,96,37,6,1,0
1498,935,692,124,96,37,6,1,0
1499,935,692,124,96,37,6,1,0
1500,934,692,125,96,37,6,1,0
1501,935,693,124,96,37,6,1,0
1502,935,693,124,96,37,6,1,0
1503,935,693,124,96,37,6,1,0
1504,935,693,124,96,37,6,1,0
1505,935,693,124,96,37,6,1,0
1506,935,693,124,96,37,6,1,0
1507,935,693,124,96,37,6,1,0
1508,935,693,124,96,37,6,1,0
1509,935,693,124,96,37,6,1,0
1510,935,692,124,96,37,6,1,0
1511,935,692,124,97,37,6,1,0
1512,936,692,124,97,37,6,1,0
1513,936,692,124,97,37,6,1,0
1514,936,692,124,97,37,6,1,0
1515,936,692,124,97,37,6,1,0
1516,936,692,124,97,37,6,1,0
1517,936,692,124,97,37,6,1,0
1518,936,692,124,97,37,6,1,0
1519,936,692,124,97,37,6,1,0
1520,936,692,124,97,37,6,1,0
1521,936,692,124,97,37,6,1,0
1522,936,692,124,97,37,6,1,0
1523,936,692,124,97,37,6,1,0
1524,936,692,124,97,37,6,1,0
1525,936,692,124,97,37,6,1,0
1526,936,692,124,97,37,6,1,0
1527,936,692,124,97,37,6,1,0
1528,936,692,124,97,37,6,1,0
1529,936,692,124,96,37,6,1,0
1530,936,692,124,97,37,6,1,0
1531,936,692,123,96,37,6,1,0
1532,936,692,123,97,37,6,1,0
1533,936,692,123,97,37,6,1,0
1534,936,692,123,97,37,6,1,0
1535,936,692,123,97,37,6,1,0
1536,936,692,124,97,37,6,1,0
1537,936,692,123,97,37,6,1,0
1538,936,692,123,97,37,6,1,0
1539,936,692,123,97,37,6,1,0
1540,936,692,123,97,37,6,1,0
1541,936,692,123,97,37,6,1,0
1542,936,692,123,97,37,6,1,0
1543,936,692,123,97,37,6,1,0
1544,936,692,123,97,37,6,1,0
1545,936,692,123,97,37,6,1,0
1546,936,692,123,97,37,6,1,0
1547,936,692,123,96,37,6,1,0
1548,936,692,124,97,37,6,1,0
1549,935,692,124,97,37,6,1,0
1550,935,692,124,97,37,6,1,0
1551,935,692,123,96,37,6,1,0
1552,935,692,124,96,37,6,1,0
1553,936,692,123,96,37,6,1,0
1554,935,692,124,96,37,6,1,0
1555,936,692,123,96,37,6,1,0
1556,936,692,123,96,37,6,1,0
1557,936,692,123,96,37,6,1,0
1558,936,692,123,96,37,6,1,0
1559,936,692,123,96,37,6,1,0
1560,935,692,124,96,37,6,1,0
1561,935,692,123,96,37,6,1,0
1562,935,692,124,96,37,6,1,0
1563,935,692,124,96,37,6,1,0
1564,935,692,124,96,37,6,1,0
1565,935,692,124,96,37,6,1,0
1566,935,692,123,96,37,6,1,0
1567,935,692,124,96,37,6,1,0
1568,935,692,124,96,37,6,1,0
1569,935,692,124,96,37,6,1,0
1570,935,692,124,96,37,6,1,0
1571,935,692,124,96,37,6,1,0
1572,935,692,124,96,37,6,1,0
1573,935,692,124,96,37,6,1,0
1574,935,692,124,96,37,6,1,0
1575,935,692,124,96,37,6,1,0
1576,935,692,124,96,37,6,1,0
1577,935,692,124,96,37,6,1,0
1578,935,692,124,96,37,6,1,0
1579,935,692,124,96,37,6,1,0
1580,935,692,124,96,37,6,1,0
1581,935,692,124,96,37,6,1,0
1582,935,692,124,96,37,6,1,0
1583,935,692,124,96,37,6,1,0
1584,935,692,124,96,37,6,1,0
1585,935,692,124,96,37,6,1,0
1586,935,692,124,96,37,6,1,0
1587,935,692,124,96,37,6,1,0
1588,935,692,124,96,37,6,1,0
1589,935,692,124,96,37,6,1,0
1590,935,692,124,96,37,6,1,0
1591,935,692,124,96,37,6,1,0
1592,936,692,123,96,37,6,1,0
1593,936,692,123,96,37,6,1,0
1594,936,692,123,96,37,6,1,0
1595,936,692,123,96,37,6,1,0
1596,936,692,123,96,37,6,1,0
1597,936,692,123,96,37,6,1,0
1598,936,692,123,97,37,6,1,0
1599,936,692,123,97,37,6,1,0
1600,936,692,123,97,37,6,1,0
1601,936,692,123,97,37,6,1,0
1602,936,692,123,97,37,6,1,0
1603,936,692,123,97,37,6,1,0
1604,936,692,123,97,37,6,1,0
1605,936,692,123,97,37,6,1,0
1606,936,692,123,97,37,6,1,0
1607,936,692,123,97,37,6,1,0
1608,936,692,123,97,37,6,1,0
1609,936,692,123,97,37,6,1,0
1610,936,692,123,97,37,6,1,0
1611,936,692,123,97,37,6,1,0
1612,936,692,123,97,37,6,1,0
1613,936,692,123,97,37,6,1,0
1614,936,692,123,97,37,6,1,0
1615,936,692,123,97,37,6,1,0
1616,936,692,123,97,37,6,1,0
1617,936,692,123,96,37,6,1,0
1618,936,692,123,96,37,6,1,0
1619,936,692,123,96,37,6,1,0
1620,935,692,124,97,37,6,1,0
1621,935,692,124,97,37,6,1,0
1622,935,692,124,97,37,6,1,0
1623,935,692,124,97,37,6,1,0
1624,935,692,124,97,37,6,1,0
1625,935,692,124,97,37,6,1,0
1626,935,692,124,97,37,6,1,0
1627,935,692,124,97,37,6,1,0
1628,935,692,124,96,37,6,1,0
1629,936,692,123,96,37,6,1,0
1630,936,693,123,96,37,6,1,0
1631,936,692,123,96,37,6,1,0
1632,936,693,123,96,37,6,1,0
1633,936,693,123,96,37,6,1,0
1634,936,693,123,96,37,6,1,0
1635,936,693,123,96,37,6,1,0
1636,936,693,123,96,37,6,1,0
1637,936,693,123,96,37,6,1,0
1638,935,693,124,96,37,6,1,0
1639,935,692,124,96,37,6,1,0
1640,935,692,124,96,37,6,1,0
1641,935,693,124,96,37,6,1,0
1642,935,693,124,96,37,6,1,0
1643,935,693,124,96,37,6,1,0
1644,934,692,125,97,37,6,1,0
1645,934,692,125,97,37,6,1,0
1646,934,692,125,97,37,6,1,0
1647,934,692,125,97,37,6,1,0
1648,935,692,124,96,37,6,1,0
1649,935,693,124,96,37,6,1,0
1650,936,693,123,96,37,6,1,0
1651,936,693,123,96,37,6,1,0
1652,935,693,124,96,37,6,1,0
1653,935,693,124,96,37,6,1,0
1654,935,693,124,96,37,6,1,0
1655,936,693,123,96,37,6,1,0
1656,935,692,124,96,37,6,1,0
1657,935,692,124,96,37,6,1,0
1658,935,692,124,96,37,6,1,0
1659,935,692,124,96,37,6,1,0
1660,935,692,124,96,37,6,1,0
1661,935,692,124,96,37,6,1,0
1662,935,692,124,96,37,6,1,0
1663,935,692,124,96,37,6,1,0
1664,935,692,124,96,37,6,1,0
1665,935,692,124,96,37,6,1,0
1666,935,692,124,96,37,6,1,0
1667,935,692,124,96,37,6,1,0
1668,935,693,124,96,37,6,1,0
1669,935,693,124,96,37,6,1,0
1670,935,692,124,96,37,6,1,0
1671,935,692,124,96,37,6,1,0
1672,935,692,124,96,37,6,1,0
1673,935,692,124,96,37,6,1,0
1674,935,692,124,96,37,6,1,0
1675,935,692,124,96,37,6,1,0
1676,935,692,124,96,37,6,1,0
1677,935,692,124,96,37,6,1,0
1678,936,693,123,96,37,6,1,0
1679,936,693,123,96,37,6,1,0
1680,935,693,123,96,37,6,1,0
1681,935,693,123,96,37,6,1,0
1682,935,693,123,96,37,6,1,0
1683,935,693,123,96,37,6,1,0
1684,935,693,123,96,37,6,1,0
1685,935,693,123,96,37,6,1,0
1686,935,693,123,96,37,6,1,0
1687,935,693,123,96,37,6,1,0
1688,935,692,123,96,37,6,1,0
1689,935,693,123,96,37,6,1,0
1690,935,693,123,96,37,6,1,0
1691,935,693,123,96,37,6,1,0
1692,935,693,123,96,37,6,1,0
1693,935,693,123,96,37,6,1,0
1694,935,693,123,96,37,6,1,0
1695,935,693,123,96,37,6,1,0
1696,935,693,123,96,37,6,1,0
1697,935,693,123,96,37,6,1,0
1698,935,693,123,96,37,6,1,0
1699,935,693,123,96,37,6,1,0
1700,935,693,123,96,37,6,1,0
1701,935,693,123,96,37,6,1,0
1702,935,693,123,96,37,6,1,0
1703,935,693,123,96,37,6,1,0
1704,935,692,124,96,37,6,1,0
1705,935,692,123,96,37,6,1,0
1706,935,692,124,96,37,6,1,0
1707,935,692,124,96,37,6,1,0
1708,935,692,124,96,37,6,1,0
1709,935,693,124,96,37,6,1,0
1710,935,693,124,96,37,6,1,0
1711,935,693,124,96,37,6,1,0
1712,935,693,124,96,37,6,1,0
1713,935,693,124,96,37,6,1,0
1714,935,693,124,96,37,6,1,0
1715,935,692,124,96,37,6,1,1
1716,935,692,124,96,37,6,1,1
1717,935,692,124,96,37,6,1,1
1718,935,692,123,96,37,6,1,1
1719,935,692,123,96,37,6,1,0
1720,935,692,123,96,37,6,1,0
1721,935,692,123,96,37,6,1,0
1722,935,692,123,96,37,6,1,0
1723,935,692,123,96,37,6,1,0
1724,935,692,123,96,37,6,1,0
1725,935,692,123,96,37,6,1,0
1726,935,692,123,96,37,6,1,0
1727,935,692,123,96,37,6,1,0
1728,935,692,124,96,37,6,1,0
1729,935,692,124,96,37,6,1,0
1730,935,692,124,96,37,6,1,0
1731,935,692,124,96,37,6,1,0
1732,935,692,124,96,37,6,1,0
1733,935,692,124,96,37,6,1,0
1734,935,692,124,96,37,6,1,0
1735,935,692,124,96,37,6,1,0
1736,935,692,124,96,37,6,1,0
1737,935,692,124,96,37,6,1,0
1738,935,692,124,96,37,6,1,0
1739,935,692,124,96,37,6,1,0
1740,935,692,124,96,37,6,1,0
1741,935,692,124,96,37,6,1,0
1742,935,692,124,96,37,6,1,0
1743,935,692,124,96,37,6,1,0
1744,935,692,124,96,37,6,1,0
1745,935,692,124,96,37,6,1,0
1746,935,692,124,96,37,6,1,0
1747,935,692,124,96,37,6,1,0
1748,935,692,124,96,37,6,1,0
1749,935,692,124,96,37,6,1,0
1750,935,692,124,96,37,6,1,0
1751,935,692,124,96,37,6,1,0
1752,935,692,123,96,37,6,1,0
1753,935,692,123,96,37,6,1,0
1754,935,692,123,96,37,6,1,0
1755,935,692,124,96,37,6,1,0
1756,936,692,123,96,37,6,1,0
1757,935,692,124,96,37,6,1,0
1758,934,692,124,96,37,6,1,0
1759,934,692,124,96,37,6,1,0
1760,934,692,124,96,37,6,1,0
1761,934,692,124,96,37,6,1,0
1762,934,692,124,96,37,6,1,0
1763,934,692,124,96,37,6,1,0
1764,935,692,124,96,37,6,1,0
1765,935,692,124,96,37,6,1,0
1766,935,692,124,96,37,6,1,0
1767,935,692,124,96,37,6,1,0
1768,934,692,124,96,37,6,1,0
1769,934,692,124,96,37,6,1,0
1770,934,692,124,96,37,6,1,0
1771,935,692,124,96,37,6,1,0
1772,935,692,124,96,37,6,1,0
1773,935,692,124,96,37,6,1,0
1774,935,692,124,96,37,6,1,0
1775,935,692,124,96,37,6,1,0
1776,934,692,124,96,37,6,1,0
1777,935,692,124,96,37,6,1,0
1778,934,692,124,96,37,6,1,0
1779,935,692,124,96,37,6,1,0
1780,935,692,124,96,37,6,1,0
1781,935,692,124,96,37,6,1,0
1782,934,692,124,96,37,6,1,0
1783,935,692,124,96,37,6,1,0
1784,935,692,124,96,37,6,1,0
1785,935,692,124,96,37,6,1,0
1786,934,692,124,96,37,6,1,0
1787,935,692,124,96,37,6,1,0
1788,935,692,124,95,37,6,1,0
1789,935,692,124,95,37,6,1,0
1790,935,692,124,95,37,6,1,0
1791,935,692,124,96,37,6,1,0
1792,935,692,124,96,37,6,1,0
1793,935,692,124,96,37,6,1,0
1794,935,692,124,96,37,6,1,0
1795,935,692,124,96,37,6,1,0
1796,935,692,124,96,37,6,1,0
1797,935,692,124,96,37,6,1,0
1798,935,692,124,96,37,6,1,0
1799,935,692,124,96,37,6,1,0
1800,935,692,124,96,37,6,1,0
1801,935,692,124,96,37,6,1,0
1802,935,692,124,96,37,6,1,0
1803,935,692,124,96,37,6,1,0
1804,935,692,124,96,37,6,1,0
1805,935,692,124,96,37,6,1,0
1806,935,692,124,96,37,6,1,0
1807,935,692,124,96,37,6,1,0
1808,935,692,124,96,37,6,1,0
1809,935,692,124,96,37,6,1,0
1810,935,692,124,96,37,6,1,0
1811,935,692,124,96,37,6,1,0
1812,935,692,125,96,37,6,1,0
1813,934,692,125,96,37,6,1,0
1814,934,692,125,96,37,6,1,0
1815,935,692,125,96,37,6,1,0
1816,935,692,125,96,37,6,1,0
1817,935,692,125,96,37,6,1,0
1818,935,692,125,96,37,6,1,0
1819,935,692,125,96,37,6,1,0
1820,935,692,125,96,37,6,1,0
1821,935,692,125,96,37,6,1,0
1822,934,692,125,96,37,6,1,0
1823,935,692,125,96,37,6,1,0
1824,935,692,125,96,37,6,1,0
1825,934,692,125,96,37,6,1,0
1826,935,692,125,96,37,6,1,0
1827,935,692,125,97,37,6,1,0
1828,935,692,124,97,37,6,1,0
1829,934,692,125,97,37,6,1,0
1830,935,692,124,96,37,6,1,0
1831,935,692,124,96,37,6,1,0
1832,935,692,124,96,37,6,1,0
1833,935,692,124,96,37,6,1,0
1834,935,692,124,96,37,6,1,0
1835,935,692,124,96,37,6,1,0
1836,934,692,126,96,37,6,1,0
1837,934,692,126,97,37,6,1,0
1838,934,692,126,96,37,6,1,0
1839,934,692,126,97,37,6,1,0
1840,934,692,125,96,37,6,1,0
1841,934,692,125,96,37,6,1,0
1842,934,692,125,96,37,6,1,0
1843,934,692,125,96,37,6,1,0
1844,934,692,125,96,37,6,1,0
1845,934,692,125,96,37,6,1,0
1846,934,692,125,96,37,6,1,0
1847,934,692,125,96,37,6,1,0
1848,934,692,125,96,37,6,1,0
1849,934,692,125,97,37,6,1,0
1850,934,692,125,97,37,6,1,0
1851,935,692,124,97,37,6,1,0
1852,935,692,124,97,37,6,1,0
1853,935,692,124,97,37,6,1,0
1854,935,692,124,97,37,6,1,0
1855,935,692,124,97,37,6,1,0
1856,935,692,124,97,37,6,1,0
1857,935,692,124,97,37,6,1,0
1858,935,692,124,97,37,6,1,0
1859,935,692,124,97,37,6,1,0
1860,934,692,125,97,37,6,1,0
1861,934,692,125,97,37,6,1,0
1862,934,692,125,97,37,6,1,0
1863,934,692,125,97,37,6,1,0
1864,934,692,125,97,37,6,1,0
1865,934,692,125,97,37,6,1,0
1866,935,692,124,97,37,6,1,0
1867,935,692,124,97,37,6,1,0
1868,935,692,124,97,37,6,1,0
1869,935,692,124,97,37,6,1,0
1870,935,692,124,97,37,6,1,0
1871,935,692,124,97,37,6,1,0
1872,935,692,124,97,37,6,1,0
1873,935,692,124,97,37,6,1,0
1874,935,692,124,97,37,6,1,0
1875,935,692,124,96,37,6,1,0
1876,935,692,124,97,37,6,1,0
1877,935,692,124,97,37,6,1,0
1878,935,692,124,97,37,6,1,0
1879,935,692,124,97,37,6,1,0
1880,935,692,124,97,37,6,1,0
1881,935,692,124,97,37,6,1,0
1882,935,692,124,97,37,6,1,0
1883,935,692,124,97,37,6,1,0
1884,935,692,124,96,37,6,1,0
1885,935,692,124,97,37,6,1,0
1886,934,692,125,97,37,6,1,0
1887,934,692,125,97,37,6,1,0
1888,934,692,125,97,37,6,1,0
1889,934,692,124,97,37,6,1,0
1890,935,692,124,97,37,6,1,0
1891,934,692,125,97,37,6,1,0
1892,934,692,125,96,37,6,1,0
1893,934,692,125,97,37,6,1,0
1894,934,692,125,97,37,6,1,0
1895,934,692,125,97,37,6,1,0
1896,935,692,124,97,37,6,1,0
1897,935,692,124,97,37,6,1,0
1898,935,692,124,97,37,6,1,0
1899,935,692,124,97,37,6,1,0
1900,935,692,124,97,37,6,1,0
1901,935,692,124,97,37,6,1,0
1902,935,692,125,97,37,6,1,0
1903,935,692,124,97,37,6,1,0
1904,935,692,124,97,37,6,1,0
1905,935,692,124,97,37,6,1,0
1906,935,692,125,96,37,6,1,0
1907,935,692,125,96,37,6,1,0
1908,934,692,125,96,37,6,1,0
1909,934,692,125,96,37,6,1,0
1910,934,692,125,96,37,6,1,0
1911,934,692,125,96,37,6,1,0
1912,934,692,125,96,37,6,1,0
1913,934,692,125,96,37,6,1,0
1914,935,692,125,96,37,6,1,0
1915,934,692,125,96,37,6,1,0
1916,934,692,125,96,37,6,1,0
1917,934,692,125,96,37,6,1,0
1918,934,692,125,96,37,6,1,0
1919,935,692,125,96,37,6,1,0
1920,934,692,125,97,37,6,1,0
1921,934,692,125,97,37,6,1,0
1922,934,692,125,97,37,6,1,0
1923,934,692,125,97,37,6,1,0
1924,934,692,125,97,37,6,1,0
1925,934,692,125,97,37,6,1,0
1926,934,692,126,96,37,6,1,0
1927,934,692,126,96,37,6,1,0
1928,934,692,126,96,37,6,1,0
1929,934,692,126,96,37,6,1,0
1930,934,692,126,96,37,6,1,0
1931,934,692,126,96,37,6,1,0
1932,935,693,125,96,37,6,1,0
1933,935,693,125,96,37,6,1,0
1934,934,692,125,96,37,6,1,0
1935,934,693,125,96,37,6,1,0
1936,934,692,125,96,37,6,1,0
1937,934,692,125,96,37,6,1,0
1938,934,692,125,96,37,6,1,0
1939,934,692,125,96,37,6,1,0
1940,934,692,125,96,37,6,1,0
1941,934,692,125,96,37,6,1,0
1942,934,692,125,96,37,6,1,0
1943,934,693,125,96,37,6,1,0
1944,934,692,125,96,37,6,1,0
1945,934,692,125,96,37,6,1,0
1946,934,692,125,96,37,6,1,0
1947,934,691,126,98,37,6,1,0
1948,934,692,125,96,37,6,1,0
1949,934,691,126,98,37,6,1,0
1950,934,691,126,98,37,6,1,0
1951,934,691,126,98,37,6,1,0
1952,934,691,126,98,37,6,1,0
1953,934,691,126,98,37,6,1,0
1954,934,691,126,98,37,6,1,0
1955,934,691,126,98,37,6,1,0
1956,934,692,125,96,37,6,1,0
1957,934,692,125,96,37,6,1,0
1958,934,692,125,96,37,6,1,0
1959,935,692,125,96,37,6,1,0
1960,934,692,125,96,37,6,1,0
1961,934,692,126,96,37,6,1,0
1962,934,692,125,96,37,6,1,0
1963,934,692,125,96,37,6,1,0
1964,934,692,125,96,37,6,1,0
1965,934,692,125,96,37,6,1,0
1966,934,692,125,97,37,6,1,0
1967,934,692,125,97,37,6,1,0
1968,933,692,125,96,37,6,1,0
1969,934,692,125,96,37,6,1,0
1970,934,692,125,97,37,6,1,0
1971,933,692,125,96,37,6,1,0
1972,934,692,125,96,37,6,1,0
1973,933,692,125,97,37,6,1,0
1974,933,692,125,97,37,6,1,1
1975,933,692,125,97,37,6,1,1
1976,934,693,125,96,37,6,1,0
1977,934,693,125,96,37,6,1,0
1978,934,693,125,96,37,6,1,1
1979,934,692,125,96,37,6,1,1
1980,933,692,126,96,37,6,1,2
1981,934,692,126,96,37,6,1,1
1982,934,692,125,96,37,6,1,1
1983,934,693,125,96,37,6,1,0
1984,934,693,125,96,37,6,1,0
1985,934,692,125,96,37,6,1,0
1986,934,692,125,96,37,6,1,0
1987,934,692,125,97,37,6,1,0
1988,934,692,125,97,37,6,1,0
1989,934,692,125,97,37,6,1,0
1990,934,692,125,97,37,6,1,0
1991,934,692,125,96,37,6,1,0
1992,934,692,125,96,37,6,1,0
1993,934,692,125,96,37,6,1,0
1994,935,692,125,96,37,6,1,0
1995,935,692,124,96,37,6,1,0
1996,935,693,124,96,37,6,1,0
1997,935,693,124,96,37,6,1,0
1998,935,693,124,96,37,6,1,0
1999,935,693,124,96,37,6,1,0
2000,935,692,124,96,37,6,1,0
2001,935,692,124,96,37,6,1,0
2002,935,692,124,96,37,6,1,0
2003,935,692,124,96,37,6,1,0
2004,935,693,123,96,37,6,1,0
2005,935,692,123,96,37,6,1,0
2006,936,693,122,96,37,6,1,0
2007,936,693,122,96,37,6,1,0
2008,936,693,122,96,37,6,1,0
2009,936,693,122,96,37,6,1,0
2010,936,693,122,96,37,6,1,0
2011,936,693,123,96,37,6,1,0
2012,936,693,122,96,37,6,1,0
2013,936,693,122,96,37,6,1,0
2014,936,693,123,96,37,6,1,0
2015,936,693,123,96,37,6,1,0
2016,935,692,124,96,37,6,1,0
2017,935,692,124,96,37,6,1,0
2018,935,692,124,96,37,6,1,0
2019,935,692,124,96,37,6,1,0
2020,935,692,124,96,37,6,1,0
2021,935,692,124,96,37,6,1,0
2022,935,692,124,96,37,6,1,0
2023,935,692,124,96,37,6,1,0
2024,935,692,124,96,37,6,1,0
2025,935,692,124,96,37,6,1,0
2026,935,692,124,96,37,6,1,0
2027,935,692,124,97,37,6,1,0
2028,936,693,123,96,37,6,1,0
2029,936,693,123,96,37,6,1,0
2030,936,693,123,96,37,6,1,0
2031,936,693,123,96,37,6,1,0
2032,936,693,123,96,37,6,1,0
2033,936,693,123,96,37,6,1,0
2034,936,693,123,96,37,6,1,0
2035,936,693,123,96,37,6,1,0
2036,936,693,123,96,37,6,1,0
2037,936,693,123,96,37,6,1,0
2038,936,693,123,96,37,6,1,0
2039,936,693,123,96,37,6,1,0
2040,936,693,123,96,37,6,1,0
2041,936,693,123,96,37,6,1,0
2042,936,693,123,95,37,6,1,0
2043,936,693,123,95,37,6,1,0
2044,936,693,123,95,37,6,1,0
2045,936,693,123,96,37,6,1,0
2046,936,693,123,96,37,6,1,0
2047,936,693,123,96,37,6,1,0
2048,936,693,123,96,37,6,1,0
2049,936,693,123,96,37,6,1,1
2050,936,693,123,96,37,6,1,1
2051,936,693,123,97,37,6,1,1
2052,936,693,123,96,37,6,1,0
2053,935,693,123,96,37,6,1,0
2054,935,693,123,96,37,6,1,0
2055,936,693,123,96,37,6,1,0
2056,936,693,123,96,37,6,1,1
2057,936,693,123,96,37,6,1,1
2058,936,693,123,96,37,6,1,0
2059,936,693,123,96,37,6,1,0
2060,936,693,123,95,37,6,1,0
2061,936,693,123,95,37,6,1,0
2062,936,693,123,95,37,6,1,0
2063,936,693,123,96,37,6,1,0
2064,936,694,123,95,37,6,1,0
2065,936,693,123,95,37,6,1,0
2066,936,693,124,96,37,6,1,0
2067,936,693,123,96,37,6,1,0
2068,936,693,123,96,37,6,1,0
2069,936,693,123,96,37,6,1,0
2070,936,693,123,96,37,6,1,0
2071,936,693,123,96,37,6,1,0
2072,936,693,123,96,37,6,1,0
2073,936,693,123,96,37,6,1,0
2074,936,693,124,96,37,6,1,0
2075,935,693,124,96,37,6,1,0
2076,936,693,123,96,37,6,1,0
2077,936,693,123,96,37,6,1,0
2078,936,693,123,96,37,6,1,0
2079,936,693,123,96,37,6,1,0
2080,936,693,123,96,37,6,1,0
2081,936,693,123,96,37,6,1,0
2082,936,693,123,96,37,6,1,0
2083,936,693,123,96,37,6,1,0
2084,936,693,123,96,37,6,1,0
2085,936,693,123,96,37,6,1,0
2086,936,693,124,95,37,6,1,0
2087,936,693,123,95,37,6,1,0
2088,937,693,123,96,37,6,1,0
2089,937,693,123,96,37,6,1,0
2090,937,693,123,96,37,6,1,0
2091,937,693,123,96,37,6,1,0
2092,937,693,123,96,37,6,1,0
2093,937,693,123,96,37,6,1,0
2094,937,693,123,96,37,6,1,0
2095,937,693,123,96,37,6,1,0
2096,937,693,123,96,37,6,1,0
2097,937,693,123,96,37,6,1,0
2098,937,693,123,96,37,6,1,0
2099,936,693,123,96,37,6,1,0
2100,936,693,122,95,37,6,1,0
2101,936,693,122,95,37,6,1,0
2102,936,693,122,95,37,6,1,0
2103,936,693,122,95,37,6,1,0
2104,936,693,122,95,37,6,1,0
2105,936,694,122,95,37,6,1,0
2106,936,694,122,95,37,6,1,0
2107,936,694,122,95,37,6,1,0
2108,936,693,123,95,37,6,1,0
2109,936,693,123,95,37,6,1,0
2110,936,693,123,95,37,6,1,0
2111,936,693,123,95,37,6,1,0
2112,936,693,122,95,37,6,1,0
2113,936,693,122,95,37,6,1,0
2114,936,693,122,95,37,6,1,0
2115,936,693,122,95,37,6,1,0
2116,936,693,122,95,37,6,1,0
2117,936,693,122,95,37,6,1,0
2118,936,693,122,95,37,6,1,0
2119,936,693,122,96,37,6,1,0
2120,936,693,123,95,37,6,1,0
2121,936,693,123,95,37,6,1,0
2122,936,693,123,95,37,6,1,0
2123,936,693,123,95,37,6,1,0
2124,936,693,123,96,37,6,1,0
2125,936,693,123,95,37,6,1,0
2126,936,693,123,95,37,6,1,0
2127,936,693,123,96,37,6,1,0
2128,936,693,123,96,37,6,1,0
2129,936,693,123,96,37,6,1,0
2130,936,693,123,96,37,6,1,0
2131,936,693,123,96,37,6,1,0
2132,936,693,123,96,37,6,1,0
2133,936,693,123,96,37,6,1,0
2134,936,693,123,96,37,6,1,0
2135,936,693,123,96,37,6,1,0
2136,937,693,122,96,37,6,1,0
2137,937,693,122,96,37,6,1,0
2138,937,693,122,96,37,6,1,0
2139,937,693,122,96,37,6,1,0
2140,937,693,122,96,37,6,1,0
2141,937,693,122,96,37,6,1,0
2142,936,693,122,96,37,6,1,0
2143,936,693,122,96,37,6,1,0
2144,936,693,122,96,37,6,1,0
2145,937,693,122,96,37,6,1,0
2146,936,693,122,96,37,6,1,0
2147,936,693,122,96,37,6,1,0
2148,936,693,122,96,37,6,1,0
2149,936,693,122,96,37,6,1,0
2150,936,693,122,96,37,6,1,0
2151,936,693,122,95,37,6,1,0
2152,936,693,122,95,37,6,1,0
2153,936,693,122,95,37,6,1,0
2154,936,693,122,95,37,6,1,0
2155,936,693,122,95,37,6,1,0
2156,936,693,122,95,37,6,1,0
2157,936,693,122,96,37,6,1,0
2158,936,693,122,96,37,6,1,0
2159,936,693,122,96,37,6,1,0
2160,936,693,123,96,37,6,1,0
2161,936,693,123,96,37,6,1,0
2162,936,693,123,96,37,6,1,0
2163,936,693,123,96,37,6,1,0
2164,936,693,123,96,37,6,1,0
2165,936,693,123,96,37,6,1,0
2166,935,693,123,96,37,6,1,0
2167,935,693,123,96,37,6,1,0
2168,935,693,123,96,37,6,1,0
2169,935,693,123,96,37,6,1,0
2170,935,693,123,96,37,6,1,0
2171,935,693,123,96,37,6,1,0
2172,937,693,122,96,37,6,1,0
2173,937,693,122,96,37,6,1,0
2174,937,693,122,96,37,6,1,0
2175,937,693,122,96,37,6,1,0
2176,937,693,122,96,37,6,1,0
2177,937,693,122,96,37,6,1,0
2178,937,693,122,96,37,6,1,0
2179,936,693,123,96,37,6,1,0
2180,936,693,123,96,37,6,1,0
2181,936,693,123,96,37,6,1,0
2182,936,693,123,96,37,6,1,0
2183,936,693,122,95,37,6,1,0
2184,936,693,123,96,37,6,1,0
2185,936,693,123,96,37,6,1,0
2186,936,693,123,95,37,6,1,0
2187,936,693,123,95,37,6,1,0
2188,936,693,123,96,37,6,1,0
2189,936,693,123,95,37,6,1,0
2190,936,693,123,95,37,6,1,0
2191,936,693,123,95,37,6,1,0
2192,936,693,123,95,37,6,1,0
2193,936,693,122,95,37,6,1,0
2194,936,693,122,95,37,6,1,0
2195,936,693,122,95,37,6,1,0
2196,936,693,122,95,37,6,1,0
2197,936,693,122,95,37,6,1,0
2198,936,693,122,95,37,6,1,0
2199,936,693,123,95,37,6,1,0
2200,936,693,123,95,37,6,1,0
2201,936,693,123,95,37,6,1,0
2202,936,693,123,95,37,6,1,0
2203,936,693,123,95,37,6,1,0
2204,936,693,123,95,37,6,1,0
2205,936,693,123,95,37,6,1,0
2206,936,693,123,95,37,6,1,0
2207,936,693,123,95,37,6,1,0
2208,936,693,122,96,37,6,1,0
2209,936,693,122,95,37,6,1,0
2210,936,693,122,95,37,6,1,0
2211,936,693,122,95,37,6,1,0
2212,936,693,122,95,37,6,1,0
2213,936,693,122,95,37,6,1,0
2214,936,693,122,95,37,6,1,0
2215,936,693,122,95,37,6,1,0
2216,936,693,122,95,37,6,1,0
2217,936,693,122,95,37,6,1,0
2218,936,693,122,95,37,6,1,0
2219,937,693,122,95,37,6,1,0
2220,937,694,122,95,37,6,1,0
2221,937,694,122,95,37,6,1,0
2222,937,694,122,95,37,6,1,0
2223,937,694,122,95,37,6,1,0
2224,937,694,122,95,37,6,1,0
2225,937,694,122,95,37,6,1,0
2226,937,694,122,95,37,6,1,0
2227,937,694,122,95,37,6,1,0
2228,937,694,122,95,37,6,1,0
2229,937,694,122,95,37,6,1,0
2230,937,694,122,95,37,6,1,0
2231,937,694,122,95,37,6,1,0
2232,937,694,121,95,37,6,1,0
2233,937,694,121,95,37,6,1,0
2234,937,694,121,95,37,6,1,0
2235,937,694,121,95,37,6,1,0
2236,937,694,121,95,37,6,1,0
2237,937,694,121,95,37,6,1,0
2238,937,694,121,95,37,6,1,0
2239,937,693,123,95,37,6,1,0
2240,936,693,123,95,37,6,1,0
2241,936,693,123,95,37,6,1,0
2242,936,693,123,95,37,6,1,0
2243,937,693,123,96,37,6,1,0
2244,935,693,124,95,37,6,1,0
2245,935,693,124,96,37,6,1,0
2246,935,693,124,96,37,6,1,0
2247,935,693,124,96,37,6,1,0
2248,935,693,124,96,37,6,1,0
2249,935,693,124,96,37,6,1,0
2250,936,693,123,96,37,6,1,0
2251,936,693,123,96,37,6,1,0
2252,936,693,123,96,37,6,1,0
2253,936,693,123,96,37,6,1,0
2254,936,693,123,96,37,6,1,0
2255,936,693,123,96,37,6,1,0
2256,936,693,123,97,37,6,1,0
2257,936,693,123,96,37,6,1,0
2258,936,693,123,96,37,6,1,0
2259,936,693,123,96,37,6,1,0
2260,936,693,123,96,37,6,1,0
2261,936,692,123,96,37,6,1,0
2262,936,693,122,96,37,6,1,0
2263,936,693,123,96,37,6,1,0
2264,936,693,123,96,37,6,1,0
2265,936,693,123,96,37,6,1,0
2266,936,693,123,96,37,6,1,0
2267,936,693,123,96,37,6,1,0
2268,936,693,123,96,37,6,1,0
2269,936,693,123,96,37,6,1,0
2270,936,693,123,96,37,6,1,0
2271,936,693,123,96,37,6,1,0
2272,936,693,123,96,37,6,1,0
2273,936,693,123,96,37,6,1,0
2274,936,693,123,96,37,6,1,0
2275,936,693,123,96,37,6,1,0
2276,936,693,123,96,37,6,1,0
2277,936,693,123,96,37,6,1,0
2278,936,693,122,96,37,6,1,0
0,1100,746,120,83,39,6,1,2
1,1099,746,118,82,39,6,1,1
2,1099,746,118,81,39,6,1,1
3,1099,746,118,81,39,6,1,1
4,1099,746,118,81,39,6,1,1
5,1099,746,116,81,39,6,1,0
6,1100,746,114,81,39,6,1,0
7,1100,746,113,81,39,6,1,0
8,1099,746,115,81,39,6,1,0
9,1099,746,116,81,39,6,1,0
10,1099,746,116,81,39,6,1,1
11,1098,746,117,81,39,6,1,3
12,1084,745,124,81,39,6,1,4
13,1084,745,126,81,39,6,1,4
14,1088,745,130,82,39,6,1,4
15,1088,745,131,82,39,6,1,4
16,1088,745,130,82,39,6,1,4
17,1087,745,131,82,39,6,1,4
18,1087,745,131,82,39,6,1,4
19,1094,745,125,82,39,6,1,4
20,1094,745,124,82,39,6,1,4
21,1095,745,123,82,39,6,1,4
22,1096,745,123,82,39,6,1,3
23,1097,745,122,82,39,6,1,3
24,1088,745,118,80,39,6,1,2
25,1088,745,117,80,39,6,1,3
26,1088,745,117,80,39,6,1,3
27,1087,745,119,80,39,6,1,4
28,1087,745,118,80,39,6,1,3
29,1087,745,119,80,39,6,1,2
30,1087,745,119,80,39,6,1,1
31,1087,745,118,80,39,6,1,0
32,1088,745,118,80,39,6,1,2
33,1087,745,119,80,39,6,1,4
34,1099,746,115,80,39,6,1,5
35,1099,746,115,80,39,6,1,4
36,1092,745,126,82,39,6,1,2
37,1092,745,126,82,39,6,1,2
38,1092,745,126,82,39,6,1,2
39,1084,745,122,81,39,6,1,4
40,1084,745,122,81,39,6,1,6
41,1087,745,120,81,39,6,1,7
42,1086,745,120,81,39,6,1,7
43,1085,745,119,80,39,6,1,5
44,1085,745,119,81,39,6,1,3
45,1085,745,119,80,39,6,1,1
46,1085,745,119,81,39,6,1,0
47,1086,745,118,80,39,6,1,0
48,1085,745,118,80,39,6,1,0
49,1086,745,118,80,39,6,1,1
50,1085,745,120,80,39,6,1,2
51,1091,745,130,82,39,6,1,4
52,1090,745,131,82,39,6,1,5
53,1091,745,131,82,39,6,1,5
54,1098,746,112,80,39,6,1,6
55,1092,745,128,82,39,6,1,4
56,1092,745,129,82,39,6,1,3
57,1093,745,129,82,39,6,1,1
58,1093,745,129,83,39,6,1,1
59,1094,745,128,83,39,6,1,0
60,1095,745,127,83,39,6,1,0
61,1094,745,128,83,39,6,1,1
62,1091,745,112,80,39,6,1,1
63,1092,745,111,80,39,6,1,2
64,1092,745,111,80,39,6,1,2
65,1091,745,111,80,39,6,1,2
66,1091,745,112,80,39,6,1,2
67,1091,745,113,80,39,6,1,1
68,1090,745,113,80,39,6,1,0
69,1090,745,113,80,39,6,1,0
70,1090,745,113,80,39,6,1,1
71,1088,745,115,80,39,6,1,1
72,1086,745,115,80,39,6,1,2
73,1087,745,114,80,39,6,1,2
74,1085,745,114,79,39,6,1,2
75,1085,745,114,79,39,6,1,2
76,1086,745,113,79,39,6,1,1
77,1085,745,115,79,39,6,1,1
78,1087,745,113,80,39,6,1,1
79,1083,745,117,80,39,6,1,1
80,1083,745,117,80,39,6,1,1
81,1084,745,116,80,39,6,1,0
82,1084,745,116,79,39,6,1,0
83,1084,745,116,79,39,6,1,1
84,1087,745,113,79,39,6,1,1
85,1085,745,116,79,39,6,1,1
86,1085,745,116,79,39,6,1,1
87,1086,745,115,79,39,6,1,0
88,1084,745,116,79,39,6,1,0
89,1085,745,116,79,39,6,1,0
90,1085,745,116,79,39,6,1,0
91,1086,745,115,79,39,6,1,0
92,1086,745,114,79,39,6,1,0
93,1085,745,115,79,39,6,1,0
94,1087,745,113,79,39,6,1,1
95,1091,746,109,79,39,6,1,0
96,1080,745,121,79,39,6,1,1
97,1080,745,120,79,39,6,1,1
98,1080,745,120,79,39,6,1,2
99,1081,745,119,80,39,6,1,3
100,1080,745,120,80,39,6,1,3
101,1080,745,121,80,39,6,1,2
102,1080,745,121,80,39,6,1,1
103,1080,745,120,80,39,6,1,0
104,1081,745,120,79,39,6,1,0
105,1081,745,120,79,39,6,1,0
106,1080,745,120,79,39,6,1,0
107,1080,745,120,79,39,6,1,0
108,1082,745,119,79,39,6,1,0
109,1081,745,120,79,39,6,1,0
110,1081,745,120,79,39,6,1,0
111,1080,745,121,80,39,6,1,0
112,1080,745,123,80,39,6,1,0
113,1080,745,124,80,39,6,1,0
114,1080,745,123,80,39,6,1,0
115,1080,745,123,80,39,6,1,0
116,1080,745,123,80,39,6,1,0
117,1079,745,124,80,39,6,1,0
118,1079,745,123,80,39,6,1,0
119,1080,745,123,80,39,6,1,0
120,1080,745,121,79,39,6,1,0
121,1081,745,121,79,39,6,1,0
122,1082,745,118,80,39,6,1,0
123,1081,745,119,80,39,6,1,0
124,1081,745,120,80,39,6,1,0
125,1081,745,119,80,39,6,1,1
126,1081,745,119,80,39,6,1,1
127,1081,745,118,80,39,6,1,1
128,1081,745,118,80,39,6,1,0
129,1081,745,118,80,39,6,1,0
130,1081,745,118,79,39,6,1,0
131,1081,745,118,79,39,6,1,1
132,1083,745,116,79,39,6,1,1
133,1083,745,116,79,39,6,1,1
134,1083,745,116,79,39,6,1,0
135,1082,745,117,79,39,6,1,0
136,1082,745,117,79,39,6,1,0
137,1083,745,117,79,39,6,1,0
138,1083,745,117,79,39,6,1,0
139,1082,745,117,79,39,6,1,0
140,1082,745,117,79,39,6,1,0
141,1082,745,117,79,39,6,1,0
142,1082,745,117,79,39,6,1,0
143,1082,745,117,79,39,6,1,0
144,1082,745,117,79,39,6,1,0
145,1082,745,117,79,39,6,1,0
146,1082,745,117,79,39,6,1,0
147,1082,745,118,79,39,6,1,0
148,1082,745,118,79,39,6,1,0
149,1081,745,118,79,39,6,1,0
150,1084,745,115,79,39,6,1,0
151,1083,745,116,79,39,6,1,0
152,1083,745,116,79,39,6,1,0
153,1083,745,116,79,39,6,1,0
154,1083,745,117,79,39,6,1,0
155,1083,745,117,79,39,6,1,0
156,1084,745,115,79,39,6,1,0
157,1084,745,115,79,39,6,1,0
158,1084,745,115,79,39,6,1,0
159,1084,745,115,79,39,6,1,0
160,1084,745,115,79,39,6,1,0
161,1084,745,115,79,39,6,1,0
162,1084,745,115,79,39,6,1,0
163,1083,745,116,79,39,6,1,0
164,1084,745,116,79,39,6,1,0
165,1084,745,116,79,39,6,1,0
166,1083,745,117,79,39,6,1,0
167,1083,745,117,79,39,6,1,0
168,1082,745,118,79,39,6,1,0
169,1082,745,118,79,39,6,1,0
170,1083,745,118,79,39,6,1,0
171,1082,745,118,79,39,6,1,0
172,1082,745,118,79,39,6,1,0
173,1082,745,118,79,39,6,1,0
174,1082,745,118,79,39,6,1,0
175,1082,745,118,79,39,6,1,0
176,1082,745,118,79,39,6,1,0
177,1082,745,118,79,39,6,1,0
178,1082,745,118,79,39,6,1,0
179,1082,745,118,79,39,6,1,0
180,1085,745,115,79,39,6,1,0
181,1085,745,115,79,39,6,1,0
182,1085,745,115,79,39,6,1,0
183,1085,745,115,79,39,6,1,0
184,1085,745,115,79,39,6,1,0
185,1085,745,115,79,39,6,1,0
186,1085,745,115,79,39,6,1,0
187,1085,745,115,79,39,6,1,0
188,1084,745,115,79,39,6,1,0
189,1096,746,104,78,39,6,1,1
190,1090,745,110,78,39,6,1,3
191,1089,745,112,78,39,6,1,4
192,1092,745,110,78,39,6,1,5
193,1093,745,110,78,39,6,1,5
194,1092,745,110,78,39,6,1,4
195,1093,745,109,78,39,6,1,3
196,1092,745,111,78,39,6,1,1
197,1091,745,111,78,39,6,1,1
198,1091,745,111,78,39,6,1,0
199,1100,746,103,79,39,6,1,0
200,1101,746,102,79,39,6,1,0
201,1100,745,120,81,39,6,1,0
202,1101,746,101,79,39,6,1,1
203,1102,746,100,79,39,6,1,2
204,1099,745,122,81,39,6,1,2
205,1099,745,122,81,39,6,1,3
206,1100,745,121,82,39,6,1,3
207,1099,745,122,81,39,6,1,4
208,1100,745,122,82,39,6,1,3
209,1100,745,122,81,39,6,1,2
210,1100,746,102,79,39,6,1,1
211,1099,745,123,82,39,6,1,0
212,1099,745,122,82,39,6,1,0
213,1099,745,123,81,39,6,1,0
214,1099,745,123,81,39,6,1,0
215,1099,745,124,81,39,6,1,0
216,1099,745,124,82,39,6,1,0
217,1099,745,125,82,39,6,1,1
218,1099,746,101,79,39,6,1,3
219,1099,746,101,79,39,6,1,5
220,1099,746,101,79,39,6,1,6
221,1099,746,101,79,39,6,1,6
222,1099,746,101,79,39,6,1,5
223,1099,746,102,79,39,6,1,4
224,1099,746,102,79,39,6,1,2
225,1099,746,101,79,39,6,1,1
226,1100,746,101,79,39,6,1,1
227,1100,746,100,79,39,6,1,0
228,1100,746,101,79,39,6,1,0
229,1100,746,102,79,39,6,1,0
230,1100,746,102,79,39,6,1,0
231,1100,746,101,79,39,6,1,0
232,1100,746,101,79,39,6,1,0
233,1100,746,101,79,39,6,1,0
234,1100,745,101,79,39,6,1,0
235,1100,746,101,79,39,6,1,0
236,1100,746,100,79,39,6,1,0
237,1100,746,100,79,39,6,1,0
238,1100,746,101,79,39,6,1,0
239,1099,746,101,79,39,6,1,0
240,1100,746,100,79,39,6,1,0
241,1100,746,100,79,39,6,1,0
242,1100,746,100,78,39,6,1,0
243,1100,746,100,78,39,6,1,0
244,1100,746,100,79,39,6,1,0
245,1100,746,100,78,39,6,1,0
246,1100,746,100,78,39,6,1,0
247,1100,746,101,78,39,6,1,0
248,1100,746,100,78,39,6,1,1
249,1089,745,111,79,39,6,1,2
250,1085,745,114,79,39,6,1,4
251,1084,745,115,79,39,6,1,5
252,1080,745,121,80,39,6,1,6
253,1080,745,121,80,39,6,1,5
254,1080,745,121,80,39,6,1,4
255,1080,745,120,79,39,6,1,2
256,1080,745,121,79,39,6,1,1
257,1080,745,120,79,39,6,1,0
258,1080,745,120,79,39,6,1,0
259,1080,745,121,79,39,6,1,0
260,1080,745,120,79,39,6,1,0
261,1080,745,121,79,39,6,1,0
262,1080,745,120,79,39,6,1,0
263,1081,745,119,79,39,6,1,0
264,1082,745,118,79,39,6,1,0
265,1082,745,119,79,39,6,1,0
266,1082,745,119,80,39,6,1,0
267,1083,745,119,80,39,6,1,0
268,1081,745,120,80,39,6,1,0
269,1081,744,121,80,39,6,1,1
270,1081,744,121,80,39,6,1,1
271,1081,744,121,80,39,6,1,1
272,1081,744,121,79,39,6,1,1
273,1081,744,121,79,39,6,1,1
274,1081,744,121,79,39,6,1,1
275,1081,744,120,79,39,6,1,1
276,1080,745,124,79,39,6,1,1
277,1080,745,124,79,39,6,1,1
278,1080,745,125,79,39,6,1,1
279,1080,744,124,79,39,6,1,0
280,1080,745,124,79,39,6,1,0
281,1080,745,124,79,39,6,1,0
282,1080,745,123,79,39,6,1,0
283,1081,745,122,79,39,6,1,0
284,1081,745,123,79,39,6,1,0
285,1081,745,123,79,39,6,1,0
286,1080,745,123,79,39,6,1,0
287,1080,745,124,79,39,6,1,0
288,1081,745,124,80,39,6,1,0
289,1081,745,124,80,39,6,1,0
290,1081,745,124,80,39,6,1,0
291,1081,745,125,80,39,6,1,0
292,1080,745,126,80,39,6,1,0
293,1082,745,124,79,39,6,1,0
294,1083,745,123,80,39,6,1,1
295,1083,745,124,80,39,6,1,1
296,1084,745,123,80,39,6,1,1
297,1083,745,124,80,39,6,1,1
298,1083,745,124,80,39,6,1,1
299,1084,745,122,80,39,6,1,0
300,1080,745,127,79,39,6,1,0
301,1080,745,126,79,39,6,1,0
302,1081,745,125,79,39,6,1,0
303,1082,745,124,78,39,6,1,0
304,1082,745,122,79,39,6,1,0
305,1082,745,123,79,39,6,1,0
306,1082,745,123,79,39,6,1,0
307,1082,745,124,79,39,6,1,0
308,1082,745,124,79,39,6,1,0
309,1083,745,123,79,39,6,1,0
310,1083,745,124,79,39,6,1,0
311,1082,745,124,79,39,6,1,0
312,1096,745,123,83,39,6,1,1
313,1095,745,124,83,39,6,1,1
314,1097,745,122,83,39,6,1,1
315,1096,745,122,83,39,6,1,2
316,1098,745,121,84,39,6,1,2
317,1099,745,120,84,39,6,1,2
318,1101,745,118,84,39,6,1,1
319,1101,745,118,83,39,6,1,1
320,1101,745,118,84,39,6,1,1
321,1100,745,119,83,39,6,1,0
322,1100,745,119,84,39,6,1,0
323,1099,745,120,84,39,6,1,0
324,1101,745,118,83,39,6,1,0
325,1100,745,119,83,39,6,1,0
326,1100,745,118,84,39,6,1,0
327,1100,745,118,84,39,6,1,0
328,1100,745,119,84,39,6,1,1
329,1101,745,118,84,39,6,1,1
330,1101,745,118,84,39,6,1,1
331,1100,745,118,84,39,6,1,1
332,1099,745,120,83,39,6,1,1
333,1099,745,119,83,39,6,1,1
334,1089,745,119,80,39,6,1,1
335,1088,745,121,80,39,6,1,2
336,1094,745,113,79,39,6,1,2
337,1099,746,115,80,39,6,1,2
338,1100,746,116,80,39,6,1,3
339,1100,746,117,81,39,6,1,3
340,1100,746,116,81,39,6,1,3
341,1099,746,118,81,39,6,1,2
342,1101,744,119,83,39,6,1,4
343,1101,744,119,83,39,6,1,4
344,1087,745,130,82,39,6,1,5
345,1087,745,125,80,39,6,1,4
346,1086,745,120,80,39,6,1,4
347,1086,745,115,80,39,6,1,3
348,1094,745,111,80,39,6,1,3
349,1097,745,104,78,39,6,1,3
350,1097,745,103,77,39,6,1,5
351,1095,745,106,77,39,6,1,7
352,1094,745,108,77,39,6,1,9
353,1099,745,103,77,39,6,1,10
354,1094,745,114,76,39,6,1,9
355,1096,745,128,77,39,6,1,7
356,1082,744,119,75,39,6,1,5
357,1096,745,106,75,39,6,1,4
358,1098,745,103,75,39,6,1,5
359,1101,745,97,75,39,6,1,9
360,1081,745,115,75,39,6,1,11
361,1094,745,102,74,39,6,1,13
365,1103,745,116,84,39,6,1,10
366,1103,745,117,84,39,6,1,11
367,1103,745,117,85,39,6,1,9
368,1103,745,116,85,39,6,1,7
369,1104,745,116,85,39,6,1,5
370,1104,746,116,84,39,6,1,3
371,1104,746,115,85,39,6,1,2
372,1106,744,116,86,39,6,1,1
399,1103,745,97,78,39,6,1,1
400,1103,745,96,78,39,6,1,1
401,1100,745,99,78,39,6,1,1
402,1099,745,101,78,39,6,1,1
403,1099,745,101,78,39,6,1,1
404,1100,745,101,78,39,6,1,1
405,1098,746,103,78,39,6,1,1
406,1097,746,112,79,39,6,1,1
407,1099,746,111,79,39,6,1,1
408,1096,746,104,77,39,6,1,0
409,1100,746,100,77,39,6,1,0
410,1101,746,99,77,39,6,1,0
411,1101,746,101,77,39,6,1,1
412,1099,746,103,77,39,6,1,0
413,1097,746,105,78,39,6,1,2
414,1087,745,115,78,39,6,1,3
415,1084,745,117,78,39,6,1,6
416,1082,745,119,78,39,6,1,8
417,1079,745,123,77,39,6,1,8
418,1083,745,119,78,39,6,1,6
419,1084,745,117,79,39,6,1,4
420,1079,745,122,77,39,6,1,3
421,1082,745,119,77,39,6,1,2
422,1100,744,100,79,39,6,1,3
423,1100,745,99,79,39,6,1,3
424,1100,744,99,79,39,6,1,3
425,1091,745,108,79,39,6,1,1
426,1090,745,110,79,39,6,1,2
427,1092,745,107,79,39,6,1,2
428,1090,745,109,79,39,6,1,4
429,1089,745,111,79,39,6,1,4
430,1091,745,109,79,39,6,1,4
431,1094,745,105,79,39,6,1,2
432,1089,745,112,80,39,6,1,1
433,1093,745,109,80,39,6,1,0
434,1094,745,107,80,39,6,1,0
435,1093,745,109,80,39,6,1,1
436,1092,745,109,80,39,6,1,1
437,1094,745,107,80,39,6,1,2
438,1097,745,104,80,39,6,1,1
439,1098,745,103,80,39,6,1,2
440,1099,745,103,80,39,6,1,2
441,1100,745,102,80,39,6,1,3
442,1101,745,100,80,39,6,1,2
443,1101,745,101,80,39,6,1,2
444,1092,745,112,81,39,6,1,1
445,1095,745,110,81,39,6,1,1
446,1094,745,110,81,39,6,1,1
447,1092,745,113,81,39,6,1,2
448,1095,745,109,80,39,6,1,1
449,1092,745,112,81,39,6,1,1
450,1092,745,112,81,39,6,1,0
451,1091,745,113,81,39,6,1,0
452,1092,745,111,80,39,6,1,0
453,1092,745,111,80,39,6,1,0
454,1093,745,110,80,39,6,1,0
455,1091,745,113,81,39,6,1,0
456,1089,745,115,81,39,6,1,0
457,1090,745,114,81,39,6,1,0
458,1090,745,113,81,39,6,1,0
459,1089,745,115,80,39,6,1,0
460,1089,745,114,80,39,6,1,0
461,1090,745,112,80,39,6,1,0
462,1091,745,112,80,39,6,1,0
463,1091,745,112,80,39,6,1,0
464,1093,745,112,80,39,6,1,1
465,1091,745,116,81,39,6,1,1
466,1093,745,113,81,39,6,1,1
467,1093,745,114,81,39,6,1,1
468,1092,745,113,80,39,6,1,0
469,1094,745,110,80,39,6,1,1
470,1096,745,109,80,39,6,1,1
471,1097,745,107,80,39,6,1,1
472,1098,745,106,80,39,6,1,1
473,1098,745,106,80,39,6,1,1
474,1099,745,106,80,39,6,1,2
475,1099,745,105,80,39,6,1,1
476,1098,745,106,80,39,6,1,1
477,1098,745,105,80,39,6,1,0
478,1098,745,106,80,39,6,1,1
479,1096,745,106,80,39,6,1,1
480,1093,745,110,80,39,6,1,1
481,1093,745,110,80,39,6,1,1
482,1102,746,98,79,39,6,1,0
483,1102,745,99,79,39,6,1,1
484,1101,745,99,79,39,6,1,2
485,1101,745,99,79,39,6,1,3
486,1101,745,100,79,39,6,1,3
487,1101,745,99,79,39,6,1,3
488,1102,745,98,79,39,6,1,2
489,1103,745,98,79,39,6,1,1
490,1102,746,98,79,39,6,1,1
491,1102,745,98,79,39,6,1,0
492,1097,745,103,79,39,6,1,0
493,1096,745,105,79,39,6,1,0
494,1098,745,103,79,39,6,1,0
495,1097,745,104,79,39,6,1,0
496,1096,745,105,79,39,6,1,0
497,1099,745,102,78,39,6,1,0
498,1099,746,102,79,39,6,1,0
499,1099,746,101,79,39,6,1,2
500,1089,745,114,79,39,6,1,3
501,1086,745,117,79,39,6,1,4
502,1088,745,116,79,39,6,1,4
503,1088,745,116,79,39,6,1,5
504,1085,745,120,80,39,6,1,4
505,1086,745,119,80,39,6,1,3
506,1086,745,119,80,39,6,1,2
507,1086,745,119,80,39,6,1,2
508,1085,745,120,80,39,6,1,1
509,1086,745,119,80,39,6,1,0
510,1086,745,120,80,39,6,1,0
511,1086,745,120,80,39,6,1,0
512,1085,745,120,80,39,6,1,0
513,1086,745,119,80,39,6,1,0
514,1086,745,120,80,39,6,1,0
515,1088,745,118,80,39,6,1,1
516,1100,746,105,79,39,6,1,3
517,1100,746,106,79,39,6,1,4
518,1099,746,106,79,39,6,1,5
519,1099,746,107,79,39,6,1,5
520,1099,746,106,79,39,6,1,4
521,1097,745,108,80,39,6,1,2
522,1097,745,108,80,39,6,1,1
523,1097,745,107,80,39,6,1,0
524,1097,745,107,80,39,6,1,0
525,1096,745,109,80,39,6,1,0
526,1096,745,109,80,39,6,1,0
527,1095,745,110,80,39,6,1,1
528,1092,745,111,80,39,6,1,2
529,1090,745,113,80,39,6,1,2
530,1091,745,112,80,39,6,1,2
531,1091,745,112,80,39,6,1,2
532,1090,745,113,80,39,6,1,2
533,1086,745,117,80,39,6,1,2
534,1086,745,117,80,39,6,1,1
535,1087,745,117,80,39,6,1,1
536,1086,745,117,80,39,6,1,1
537,1086,745,118,80,39,6,1,1
538,1085,745,118,80,39,6,1,1
539,1085,745,118,80,39,6,1,0
540,1083,744,121,80,39,6,1,0
541,1083,744,120,80,39,6,1,0
542,1083,744,120,80,39,6,1,0
543,1083,744,121,80,39,6,1,0
544,1082,744,122,81,39,6,1,0
545,1082,744,122,81,39,6,1,0
546,1082,744,122,81,39,6,1,0
547,1082,744,121,80,39,6,1,0
548,1082,744,121,80,39,6,1,0
549,1082,744,121,80,39,6,1,0
550,1082,744,121,80,39,6,1,0
551,1082,744,121,80,39,6,1,0
552,1083,744,121,81,39,6,1,0
553,1083,744,120,81,39,6,1,0
554,1082,744,122,81,39,6,1,1
555,1091,745,112,80,39,6,1,1
556,1093,745,111,80,39,6,1,1
557,1090,745,114,81,39,6,1,1
558,1093,745,112,81,39,6,1,1
559,1092,745,113,81,39,6,1,1
560,1092,745,113,81,39,6,1,1
561,1091,745,113,80,39,6,1,0
562,1089,745,115,80,39,6,1,0
563,1088,745,116,80,39,6,1,0
564,1091,745,111,80,39,6,1,0
565,1089,745,113,80,39,6,1,0
566,1087,745,116,80,39,6,1,0
567,1085,745,117,80,39,6,1,0
568,1084,745,118,80,39,6,1,1
569,1084,745,118,80,39,6,1,1
570,1084,745,118,80,39,6,1,2
571,1084,745,119,80,39,6,1,1
572,1085,745,117,80,39,6,1,1
573,1085,745,117,80,39,6,1,1
574,1086,745,116,79,39,6,1,1
575,1085,745,116,80,39,6,1,1
576,1082,744,120,80,39,6,1,1
577,1082,744,121,80,39,6,1,1
578,1083,744,119,79,39,6,1,1
579,1083,745,119,80,39,6,1,2
580,1098,744,121,83,39,6,1,3
581,1098,744,122,84,39,6,1,3
582,1098,744,122,84,39,6,1,3
583,1097,744,123,84,39,6,1,4
584,1098,744,122,84,39,6,1,4
585,1099,744,122,84,39,6,1,4
586,1097,744,123,84,39,6,1,4
587,1095,744,125,84,39,6,1,5
588,1087,745,120,82,39,6,1,7
589,1087,745,121,82,39,6,1,7
590,1087,745,121,82,39,6,1,7
591,1086,744,119,82,39,6,1,7
592,1086,744,119,82,39,6,1,5
593,1088,744,119,82,39,6,1,3
594,1086,744,121,82,39,6,1,1
595,1087,744,122,82,39,6,1,0
596,1086,744,120,82,39,6,1,0
597,1086,744,121,82,39,6,1,0
598,1087,744,119,82,39,6,1,0
599,1088,744,119,82,39,6,1,0
600,1087,744,134,83,39,6,1,0
601,1087,744,133,83,39,6,1,1
602,1085,745,125,83,39,6,1,1
603,1085,745,125,83,39,6,1,1
604,1085,745,125,83,39,6,1,2
605,1085,745,125,82,39,6,1,3
606,1085,745,125,82,39,6,1,4
607,1085,744,128,83,39,6,1,5
608,1089,744,132,83,39,6,1,6
609,1089,744,132,83,39,6,1,7
610,1089,744,132,83,39,6,1,7
611,1090,744,132,83,39,6,1,7
612,1088,745,116,79,39,6,1,6
613,1088,745,116,79,39,6,1,4
614,1088,745,117,79,39,6,1,2
615,1087,745,118,79,39,6,1,2
616,1087,745,119,79,39,6,1,1
617,1087,745,119,79,39,6,1,2
618,1086,745,121,80,39,6,1,1
619,1086,745,119,80,39,6,1,1
620,1087,745,118,79,39,6,1,0
621,1086,745,119,80,39,6,1,0
622,1087,745,120,80,39,6,1,0
623,1085,745,122,80,39,6,1,0
624,1087,745,118,79,39,6,1,0
625,1091,745,113,79,39,6,1,1
626,1090,745,114,79,39,6,1,1
627,1093,745,112,79,39,6,1,2
628,1094,745,111,80,39,6,1,3
629,1095,745,109,79,39,6,1,3
630,1096,745,108,79,39,6,1,2
631,1096,745,107,79,39,6,1,2
632,1097,745,106,79,39,6,1,2
633,1097,745,106,79,39,6,1,2
634,1089,745,113,79,39,6,1,3
635,1089,745,113,79,39,6,1,4
636,1083,745,119,79,39,6,1,5
637,1083,745,119,79,39,6,1,5
638,1083,745,119,79,39,6,1,4
639,1083,745,119,79,39,6,1,3
640,1083,745,119,79,39,6,1,1
641,1083,745,119,79,39,6,1,1
642,1083,745,120,79,39,6,1,0
643,1083,745,120,79,39,6,1,0
644,1083,745,120,79,39,6,1,0
645,1082,745,121,79,39,6,1,0
646,1082,745,121,79,39,6,1,0
647,1082,745,121,79,39,6,1,0
648,1081,745,121,79,39,6,1,0
649,1081,745,121,79,39,6,1,0
650,1081,745,122,79,39,6,1,0
651,1081,745,122,79,39,6,1,0
652,1081,745,123,79,39,6,1,1
653,1080,745,124,79,39,6,1,1
654,1086,745,117,79,39,6,1,1
655,1085,745,117,79,39,6,1,1
656,1084,745,119,79,39,6,1,2
657,1084,745,119,79,39,6,1,2
658,1085,745,118,79,39,6,1,3
659,1084,745,120,79,39,6,1,3
660,1086,745,120,79,39,6,1,3
661,1085,745,122,79,39,6,1,3
662,1085,745,121,79,39,6,1,3
663,1085,745,121,79,39,6,1,2
664,1083,744,128,80,39,6,1,2
665,1083,744,128,80,39,6,1,1
666,1083,744,129,80,39,6,1,1
667,1083,744,126,80,39,6,1,1
668,1084,745,125,80,39,6,1,1
669,1084,745,124,80,39,6,1,2
670,1083,745,124,80,39,6,1,2
671,1083,745,125,80,39,6,1,1
672,1086,744,123,80,39,6,1,1
673,1086,744,123,80,39,6,1,0
674,1087,744,119,81,39,6,1,1
675,1085,744,121,81,39,6,1,2
676,1091,744,125,82,39,6,1,2
677,1091,744,125,82,39,6,1,2
678,1091,744,128,84,39,6,1,2
679,1091,744,128,84,39,6,1,1
680,1092,744,127,84,39,6,1,2
681,1091,744,128,84,39,6,1,2
682,1091,744,128,84,39,6,1,2
683,1092,744,127,84,39,6,1,2
684,1084,745,133,82,39,6,1,1
685,1084,745,133,82,39,6,1,1
686,1084,744,133,82,39,6,1,0
687,1084,744,134,82,39,6,1,0
688,1081,744,136,82,39,6,1,0
689,1081,744,136,82,39,6,1,0
690,1081,744,137,82,39,6,1,0
691,1081,744,137,82,39,6,1,1
692,1081,744,137,82,39,6,1,2
693,1081,744,137,82,39,6,1,3
694,1077,745,127,80,39,6,1,4
695,1077,745,127,80,39,6,1,4
696,1103,747,115,81,39,6,1,4
697,1102,747,115,81,39,6,1,4
698,1102,747,115,81,39,6,1,5
699,1102,747,115,81,39,6,1,7
700,1098,746,119,81,39,6,1,7
701,1102,746,116,82,39,6,1,5
702,1098,746,119,81,39,6,1,3
703,1102,746,115,82,39,6,1,2
704,1102,746,117,83,39,6,1,1
705,1101,745,119,83,39,6,1,0
706,1102,745,119,83,39,6,1,0
707,1101,745,119,83,39,6,1,0
708,1097,745,106,79,39,6,1,1
709,1097,745,105,79,39,6,1,1
710,1098,745,105,79,39,6,1,1
711,1097,745,105,79,39,6,1,1
712,1098,745,105,79,39,6,1,2
713,1098,745,105,79,39,6,1,3
714,1082,745,119,79,39,6,1,5
715,1082,745,119,79,39,6,1,6
716,1081,745,119,79,39,6,1,8
717,1080,744,120,79,39,6,1,8
718,1080,744,121,80,39,6,1,8
719,1080,744,121,79,39,6,1,6
720,1085,744,116,79,39,6,1,5
721,1085,745,116,79,39,6,1,3
722,1084,744,117,79,39,6,1,2
723,1083,744,118,79,39,6,1,1
724,1086,745,114,79,39,6,1,1
725,1085,745,115,79,39,6,1,1
726,1085,745,115,79,39,6,1,1
727,1091,745,109,79,39,6,1,1
728,1089,745,111,79,39,6,1,1
729,1091,745,108,78,39,6,1,2
730,1092,745,108,79,39,6,1,4
731,1096,745,104,79,39,6,1,5
732,1080,744,121,80,39,6,1,5
733,1080,744,121,80,39,6,1,6
734,1080,744,122,80,39,6,1,5
735,1080,744,120,80,39,6,1,4
736,1095,745,107,78,39,6,1,4
737,1096,745,107,79,39,6,1,4
738,1094,745,109,79,39,6,1,5
739,1091,745,114,80,39,6,1,4
740,1090,744,116,80,39,6,1,4
741,1090,745,115,80,39,6,1,3
742,1090,744,116,80,39,6,1,3
743,1088,744,117,80,39,6,1,3
744,1081,744,128,81,39,6,1,2
745,1081,744,128,81,39,6,1,1
746,1083,744,125,80,39,6,1,1
747,1085,744,123,80,39,6,1,0
748,1085,744,121,80,39,6,1,1
749,1085,744,122,80,39,6,1,2
750,1093,745,114,80,39,6,1,3
751,1094,745,114,80,39,6,1,3
752,1095,745,112,80,39,6,1,2
753,1094,745,114,80,39,6,1,2
754,1094,745,114,80,39,6,1,2
755,1094,745,114,80,39,6,1,2
756,1099,745,117,82,39,6,1,1
757,1099,745,117,81,39,6,1,1
758,1099,745,117,82,39,6,1,1
759,1099,745,116,81,39,6,1,1
760,1099,745,116,81,39,6,1,1
761,1099,745,117,81,39,6,1,0
762,1099,745,117,81,39,6,1,0
763,1099,745,116,81,39,6,1,0
764,1099,745,116,81,39,6,1,0
765,1099,745,116,81,39,6,1,1
766,1101,745,116,81,39,6,1,3
767,1101,745,114,81,39,6,1,6
768,1085,745,117,80,39,6,1,8
769,1087,745,117,80,39,6,1,9
770,1086,745,117,80,39,6,1,9
771,1086,745,117,80,39,6,1,9
772,1087,745,116,80,39,6,1,7
773,1082,745,121,80,39,6,1,5
774,1084,745,120,80,39,6,1,2
775,1090,745,113,80,39,6,1,1
776,1091,745,112,80,39,6,1,0
777,1087,745,117,80,39,6,1,0
778,1086,745,117,80,39,6,1,2
779,1096,745,107,79,39,6,1,4
780,1104,745,100,79,39,6,1,7
781,1102,745,103,79,39,6,1,8
782,1104,745,101,80,39,6,1,10
783,1104,745,100,79,39,6,1,8
784,1104,745,100,79,39,6,1,6
785,1104,745,100,79,39,6,1,3
786,1104,745,99,79,39,6,1,2
787,1104,745,99,79,39,6,1,1
788,1104,745,100,79,39,6,1,0
789,1104,745,100,79,39,6,1,0
790,1101,745,103,79,39,6,1,1
791,1103,745,103,80,39,6,1,1
792,1101,745,101,79,39,6,1,1
793,1102,745,101,79,39,6,1,1
794,1101,745,101,79,39,6,1,1
795,1102,745,101,79,39,6,1,1
796,1102,745,101,80,39,6,1,0
797,1101,745,101,80,39,6,1,0
798,1101,745,101,80,39,6,1,0
799,1101,745,102,80,39,6,1,0
800,1103,745,99,80,39,6,1,0
801,1103,745,99,79,39,6,1,0
802,1103,745,99,79,39,6,1,1
803,1103,745,100,79,39,6,1,1
804,1103,745,98,78,39,6,1,2
805,1104,745,98,78,39,6,1,2
806,1103,745,99,78,39,6,1,2
807,1104,746,98,78,39,6,1,1
808,1103,745,99,78,39,6,1,1
809,1103,745,99,78,39,6,1,0
810,1103,745,98,78,39,6,1,0
811,1103,745,99,78,39,6,1,0
812,1103,745,99,78,39,6,1,0
813,1103,745,99,78,39,6,1,0
814,1102,745,99,78,39,6,1,0
815,1102,745,99,79,39,6,1,1
816,1102,745,101,80,39,6,1,1
817,1102,745,101,80,39,6,1,1
818,1102,745,102,80,39,6,1,1
819,1103,745,100,79,39,6,1,0
820,1103,745,100,79,39,6,1,0
821,1103,745,100,79,39,6,1,0
822,1103,745,100,79,39,6,1,1
823,1103,745,100,79,39,6,1,1
824,1103,745,100,79,39,6,1,1
825,1103,745,99,79,39,6,1,1
826,1103,745,99,79,39,6,1,1
827,1103,745,98,79,39,6,1,0
828,1102,745,99,78,39,6,1,0
829,1102,745,99,78,39,6,1,0
830,1101,744,101,78,39,6,1,1
831,1102,744,101,78,39,6,1,3
832,1102,744,101,79,39,6,1,3
833,1102,744,100,79,39,6,1,2
834,1102,744,101,79,39,6,1,1
835,1102,744,100,79,39,6,1,1
836,1102,745,100,78,39,6,1,1
837,1102,745,99,78,39,6,1,1
838,1102,745,99,78,39,6,1,1
839,1102,745,99,78,39,6,1,0
840,1102,745,100,78,39,6,1,0
841,1102,745,100,78,39,6,1,0
842,1102,745,100,78,39,6,1,0
843,1102,745,100,79,39,6,1,0
844,1102,745,99,78,39,6,1,0
845,1102,745,99,78,39,6,1,0
846,1105,745,99,79,39,6,1,0
847,1105,745,98,79,39,6,1,0
848,1105,745,99,79,39,6,1,0
849,1106,745,97,79,39,6,1,1
850,1105,745,100,79,39,6,1,1
851,1106,745,100,79,39,6,1,1
852,1105,745,111,81,39,6,1,0
853,1105,745,111,81,39,6,1,0
854,1105,745,111,81,39,6,1,0
855,1105,745,111,81,39,6,1,0
856,1105,745,111,81,39,6,1,0
857,1105,745,111,81,39,6,1,0
858,1105,745,111,81,39,6,1,0
859,1105,745,111,81,39,6,1,0
860,1105,745,110,80,39,6,1,1
861,1105,745,111,81,39,6,1,2
862,1105,744,111,84,39,6,1,3
863,1104,744,112,84,39,6,1,2
864,1105,745,111,80,39,6,1,1
865,1105,745,111,80,39,6,1,1
866,1105,745,111,80,39,6,1,2
867,1105,745,111,81,39,6,1,4
868,1105,745,112,81,39,6,1,5
869,1105,745,112,81,39,6,1,4
870,1105,746,111,80,39,6,1,3
871,1105,746,111,80,39,6,1,3
872,1105,746,111,80,39,6,1,3
873,1105,746,110,80,39,6,1,2
874,1105,746,110,80,39,6,1,3
875,1105,746,110,80,39,6,1,2
876,1105,745,111,80,39,6,1,2
877,1105,745,111,80,39,6,1,2
878,1105,745,111,80,39,6,1,2
879,1105,745,110,80,39,6,1,2
880,1105,745,109,80,39,6,1,2
881,1106,745,98,79,39,6,1,1
882,1103,744,111,81,39,6,1,1
883,1108,745,108,80,39,6,1,1
884,1111,744,106,81,39,6,1,2
885,1106,744,111,83,39,6,1,2
886,1108,744,111,83,39,6,1,2
887,1107,745,112,84,39,6,1,1
911,1107,745,102,80,39,6,1,1
912,1104,744,113,84,39,6,1,1
913,1104,744,113,84,39,6,1,1
914,1104,745,113,84,39,6,1,0
915,1104,745,112,83,39,6,1,2
916,1104,745,112,83,39,6,1,2
917,1104,745,112,83,39,6,1,2
918,1104,745,112,83,39,6,1,2
919,1104,744,113,84,39,6,1,2
920,1103,744,115,83,39,6,1,2
921,1104,744,113,84,39,6,1,1
922,1103,745,115,83,39,6,1,0
923,1103,744,114,84,39,6,1,0
924,1103,745,114,84,39,6,1,1
925,1103,744,111,83,39,6,1,1
926,1103,745,114,84,39,6,1,2
927,1103,745,114,84,39,6,1,1
928,1101,745,114,81,39,6,1,2
929,1101,746,115,81,39,6,1,1
930,1101,745,115,81,39,6,1,2
931,1101,745,115,81,39,6,1,2
932,1101,745,114,81,39,6,1,2
933,1101,745,114,81,39,6,1,2
934,1101,745,114,81,39,6,1,2
935,1101,745,114,81,39,6,1,1
936,1102,745,112,81,39,6,1,1
937,1102,745,111,81,39,6,1,0
938,1099,744,105,79,39,6,1,1
939,1100,745,103,79,39,6,1,1
940,1100,744,104,79,39,6,1,1
941,1099,744,106,80,39,6,1,1
942,1088,744,118,80,39,6,1,3
943,1088,744,119,80,39,6,1,4
944,1088,744,121,81,39,6,1,3
945,1101,744,117,83,39,6,1,2
946,1101,744,117,82,39,6,1,3
947,1100,744,119,83,39,6,1,4
948,1100,745,113,81,39,6,1,5
949,1100,745,114,81,39,6,1,4
950,1101,745,108,81,39,6,1,3
951,1101,745,107,81,39,6,1,2
952,1100,745,107,80,39,6,1,2
953,1100,745,106,80,39,6,1,1
954,1100,745,106,80,39,6,1,1
955,1102,745,104,80,39,6,1,0
956,1102,745,103,80,39,6,1,1
957,1102,745,103,80,39,6,1,0
958,1101,745,104,79,39,6,1,0
959,1100,745,105,79,39,6,1,0
960,1098,745,106,79,39,6,1,1
961,1096,745,108,80,39,6,1,2
962,1096,745,109,80,39,6,1,2
963,1095,745,110,80,39,6,1,1
964,1099,745,106,80,39,6,1,0
965,1099,745,105,79,39,6,1,0
966,1099,745,106,80,39,6,1,1
967,1099,745,105,79,39,6,1,3
968,1100,745,114,79,39,6,1,3
969,1101,745,114,80,39,6,1,4
970,1101,745,114,80,39,6,1,4
971,1100,745,115,80,39,6,1,3
972,1101,745,115,80,39,6,1,3
973,1100,745,115,81,39,6,1,2
974,1100,745,116,81,39,6,1,2
975,1099,744,116,81,39,6,1,1
976,1100,745,116,80,39,6,1,1
977,1101,745,116,81,39,6,1,0
978,1100,745,116,81,39,6,1,0
979,1100,745,116,81,39,6,1,0
980,1100,745,116,81,39,6,1,0
981,1100,745,116,81,39,6,1,0
982,1099,745,117,82,39,6,1,0
983,1100,745,116,81,39,6,1,0
984,1100,745,117,80,39,6,1,0
985,1099,745,117,80,39,6,1,0
986,1099,745,117,80,39,6,1,0
987,1099,745,117,80,39,6,1,0
988,1099,745,118,80,39,6,1,0
989,1099,745,118,81,39,6,1,0
990,1100,745,118,81,39,6,1,0
991,1099,745,118,80,39,6,1,0
992,1100,745,117,80,39,6,1,0
993,1100,745,117,80,39,6,1,0
994,1099,745,117,80,39,6,1,0
995,1099,745,117,80,39,6,1,0
996,1100,745,117,80,39,6,1,1
997,1100,745,117,80,39,6,1,3
998,1093,745,111,79,39,6,1,5
999,1094,745,111,79,39,6,1,6
1000,1097,745,108,80,39,6,1,6
1001,1097,745,108,80,39,6,1,6
1002,1097,745,108,80,39,6,1,5
1003,1097,745,109,80,39,6,1,3
1004,1099,745,106,80,39,6,1,1
1005,1099,745,104,80,39,6,1,1
1006,1099,745,105,80,39,6,1,1
1007,1099,745,104,80,39,6,1,1
1008,1102,746,106,80,39,6,1,1
1009,1101,745,102,80,39,6,1,1
1010,1102,746,107,80,39,6,1,2
1011,1102,745,101,79,39,6,1,3
1012,1102,746,110,80,39,6,1,3
1013,1102,745,103,79,39,6,1,2
1014,1101,745,101,79,39,6,1,1
1015,1101,745,103,79,39,6,1,0
1016,1100,745,103,79,39,6,1,0
1017,1100,745,103,79,39,6,1,0
1018,1100,745,104,80,39,6,1,0
1019,1101,745,103,79,39,6,1,0
1020,1102,746,110,79,39,6,1,0
1021,1102,746,109,79,39,6,1,1
1022,1102,745,100,79,39,6,1,1
1023,1103,745,100,79,39,6,1,1
1024,1103,746,100,79,39,6,1,0
1025,1103,746,99,79,39,6,1,0
1026,1103,746,98,78,39,6,1,1
1027,1100,745,100,79,39,6,1,2
1028,1099,745,101,79,39,6,1,2
1029,1098,745,102,79,39,6,1,2
1030,1100,745,100,79,39,6,1,1
1031,1099,745,101,79,39,6,1,1
1032,1098,745,102,79,39,6,1,0
1033,1100,745,101,79,39,6,1,0
1034,1099,745,102,80,39,6,1,0
1035,1099,745,101,80,39,6,1,0
1036,1099,745,101,80,39,6,1,0
1037,1099,745,101,80,39,6,1,0
1038,1099,745,101,80,39,6,1,0
1039,1099,745,102,80,39,6,1,1
1040,1101,745,99,79,39,6,1,0
1041,1101,745,99,79,39,6,1,1
1042,1101,745,99,79,39,6,1,1
1043,1102,745,119,82,39,6,1,1
1044,1100,744,106,82,39,6,1,0
1045,1101,744,118,83,39,6,1,0
1046,1101,744,118,83,39,6,1,0
1047,1102,744,117,83,39,6,1,0
1048,1102,744,116,83,39,6,1,1
1049,1102,745,111,81,39,6,1,1
1050,1102,745,112,81,39,6,1,1
1051,1102,744,111,81,39,6,1,1
1052,1103,744,110,81,39,6,1,1
1053,1103,744,116,84,39,6,1,2
1054,1103,744,114,85,39,6,1,2
1055,1102,744,115,85,39,6,1,4
1056,1101,744,119,85,39,6,1,5
1057,1095,743,125,85,39,6,1,7
1058,1091,743,128,85,39,6,1,8
1059,1088,744,117,83,39,6,1,8
1060,1087,743,118,83,39,6,1,7
1061,1105,744,112,82,39,6,1,6
1062,1105,745,96,80,39,6,1,6
1063,1107,744,93,80,39,6,1,8
1064,1107,745,109,82,39,6,1,10
1065,1108,745,109,82,39,6,1,10
1066,1108,744,108,83,39,6,1,7
1067,1108,744,109,83,39,6,1,5
1068,1106,744,111,84,39,6,1,3
1069,1107,745,109,83,39,6,1,3
1070,1107,744,109,83,39,6,1,3
1071,1109,745,95,77,39,6,1,5
1072,1108,745,96,78,39,6,1,6
1073,1109,745,94,77,39,6,1,8
1074,1108,745,96,77,39,6,1,7
1075,1107,745,97,78,39,6,1,6
1076,1109,745,107,81,39,6,1,3
1077,1108,745,99,79,39,6,1,2
1078,1108,745,100,79,39,6,1,1
1079,1107,745,99,78,39,6,1,3
1080,1107,744,109,84,39,6,1,3
1081,1107,744,112,84,39,6,1,6
1082,1108,744,111,84,39,6,1,5
1083,1107,744,111,84,39,6,1,7
1084,1106,744,112,84,39,6,1,6
1085,1103,745,114,83,39,6,1,5
1086,1103,745,114,83,39,6,1,5
1087,1098,745,116,82,39,6,1,5
1088,1091,744,123,83,39,6,1,7
1089,1088,743,117,82,39,6,1,7
1090,1085,743,130,84,39,6,1,7
1091,1081,743,125,82,39,6,1,5
1092,1095,743,126,84,39,6,1,4
1093,1100,744,119,83,39,6,1,3
1094,1103,744,117,83,39,6,1,2
1095,1086,743,124,82,39,6,1,1
1096,1088,744,121,82,39,6,1,1
1097,1083,744,126,82,39,6,1,2
1098,1082,743,128,82,39,6,1,3
1099,1090,744,129,83,39,6,1,3
1100,1091,744,129,83,39,6,1,3
1101,1099,744,119,84,39,6,1,4
1102,1101,744,116,84,39,6,1,5
1103,1101,744,116,83,39,6,1,5
1104,1101,745,114,82,39,6,1,5
1105,1101,745,114,82,39,6,1,4
1106,1101,745,114,82,39,6,1,4
1107,1101,745,114,82,39,6,1,3
1108,1101,745,114,81,39,6,1,3
1109,1101,745,114,81,39,6,1,3
1110,1101,745,114,81,39,6,1,3
1111,1091,745,115,80,39,6,1,3
1112,1092,745,113,80,39,6,1,4
1113,1091,745,112,80,39,6,1,5
1114,1092,745,110,79,39,6,1,7
1115,1098,746,105,79,39,6,1,7
1116,1099,745,117,80,39,6,1,8
1117,1099,745,115,79,39,6,1,8
1118,1099,745,118,80,39,6,1,8
1119,1099,745,116,80,39,6,1,8
1120,1100,745,104,79,39,6,1,7
1121,1105,746,97,77,39,6,1,5
1122,1103,746,108,78,39,6,1,4
1123,1103,746,108,78,39,6,1,3
1124,1103,746,108,78,39,6,1,2
1125,1104,746,99,78,39,6,1,2
1126,1104,746,99,78,39,6,1,2
1127,1105,746,99,78,39,6,1,3
1128,1103,746,99,78,39,6,1,3
1129,1103,746,99,78,39,6,1,3
1130,1103,746,101,78,39,6,1,2
1131,1103,746,115,82,39,6,1,1
1132,1103,746,114,80,39,6,1,1
1133,1104,746,113,80,39,6,1,1
1134,1104,746,113,80,39,6,1,1
1135,1103,746,113,80,39,6,1,1
1136,1102,746,115,81,39,6,1,1
1137,1102,746,115,81,39,6,1,2
1138,1102,746,115,81,39,6,1,2
1139,1102,746,119,82,39,6,1,4
1140,1103,746,114,81,39,6,1,4
1141,1101,746,101,79,39,6,1,4
1142,1102,746,101,79,39,6,1,2
1143,1102,746,101,79,39,6,1,2
1144,1102,746,102,79,39,6,1,1
1145,1100,745,103,79,39,6,1,1
1146,1100,745,104,80,39,6,1,1
1147,1100,745,103,80,39,6,1,1
1148,1100,745,103,80,39,6,1,0
1149,1100,745,103,80,39,6,1,0
1150,1099,745,103,80,39,6,1,0
1151,1101,746,111,80,39,6,1,0
1152,1101,746,100,79,39,6,1,0
1153,1101,746,100,79,39,6,1,0
1154,1101,745,100,79,39,6,1,0
1155,1101,745,101,79,39,6,1,0
1156,1101,745,100,79,39,6,1,0
1157,1101,745,101,79,39,6,1,1
1158,1101,745,100,79,39,6,1,1
1159,1101,745,101,79,39,6,1,1
1160,1101,745,101,79,39,6,1,1
1161,1101,746,100,78,39,6,1,1
1162,1101,746,100,79,39,6,1,1
1163,1101,746,100,79,39,6,1,1
1164,1100,745,101,79,39,6,1,1
1165,1100,745,102,79,39,6,1,1
1166,1101,745,101,79,39,6,1,0
1167,1100,745,101,79,39,6,1,0
1168,1100,745,101,79,39,6,1,0
1169,1100,745,101,79,39,6,1,1
1170,1100,745,101,79,39,6,1,2
1171,1092,745,107,80,39,6,1,4
1172,1092,745,108,80,39,6,1,4
1173,1092,745,108,80,39,6,1,4
1174,1092,745,108,80,39,6,1,4
1175,1092,745,108,80,39,6,1,3
1176,1101,746,99,79,39,6,1,3
1177,1102,746,98,79,39,6,1,3
1178,1102,746,99,79,39,6,1,3
1179,1102,746,98,79,39,6,1,3
1180,1101,746,99,79,39,6,1,3
1181,1102,746,98,79,39,6,1,3
1182,1102,746,98,79,39,6,1,3
1183,1102,746,97,78,39,6,1,3
1184,1102,746,97,78,39,6,1,3
1185,1102,746,97,78,39,6,1,3
1186,1101,746,98,78,39,6,1,3
1187,1102,746,98,78,39,6,1,2
1188,1103,746,98,78,39,6,1,1
1189,1103,746,97,78,39,6,1,0
1190,1103,746,97,78,39,6,1,0
1191,1100,745,102,79,39,6,1,0
1192,1100,745,102,79,39,6,1,0
1193,1100,745,102,79,39,6,1,0
1194,1100,745,102,79,39,6,1,0
1195,1100,745,101,78,39,6,1,0
1196,1100,745,101,79,39,6,1,0
1197,1100,745,101,79,39,6,1,0
1198,1100,745,100,78,39,6,1,0
1199,1101,745,99,78,39,6,1,0
1200,1098,745,105,79,39,6,1,0
1201,1098,745,105,79,39,6,1,0
1202,1098,745,104,79,39,6,1,1
1203,1098,745,104,79,39,6,1,1
1204,1098,745,104,79,39,6,1,1
1205,1098,745,104,79,39,6,1,1
1206,1098,745,104,79,39,6,1,0
1207,1098,745,104,79,39,6,1,0
1208,1098,745,104,79,39,6,1,0
1209,1099,745,104,79,39,6,1,0
1210,1099,745,104,79,39,6,1,1
1211,1098,745,104,79,39,6,1,2
1212,1092,745,109,80,39,6,1,4
1213,1092,745,109,80,39,6,1,4
1214,1093,745,109,80,39,6,1,4
1215,1093,745,109,80,39,6,1,4
1216,1093,745,109,80,39,6,1,3
1217,1094,745,108,80,39,6,1,2
1218,1094,745,108,80,39,6,1,2
1219,1093,745,109,80,39,6,1,2
1220,1095,745,107,80,39,6,1,2
1221,1095,745,107,80,39,6,1,1
1222,1094,745,108,80,39,6,1,0
1223,1094,745,108,80,39,6,1,0
1224,1092,745,110,80,39,6,1,0
1225,1093,745,110,80,39,6,1,0
1226,1093,745,109,80,39,6,1,0
1227,1093,745,109,80,39,6,1,0
1228,1093,745,109,80,39,6,1,0
1229,1093,745,109,80,39,6,1,0
1230,1093,745,110,80,39,6,1,0
1231,1093,745,110,80,39,6,1,0
1232,1093,745,110,80,39,6,1,0
1233,1093,745,110,80,39,6,1,0
1234,1092,745,110,80,39,6,1,0
1235,1093,745,110,80,39,6,1,0
1236,1097,745,104,80,39,6,1,0
1237,1097,745,104,80,39,6,1,0
1238,1097,745,105,80,39,6,1,0
1239,1096,745,106,80,39,6,1,0
1240,1096,745,106,80,39,6,1,0
1241,1096,745,106,80,39,6,1,0
1242,1096,745,106,80,39,6,1,0
1243,1096,745,105,80,39,6,1,0
1244,1099,745,102,80,39,6,1,0
1245,1099,745,102,80,39,6,1,0
1246,1099,745,103,80,39,6,1,0
1247,1099,745,103,80,39,6,1,0
1248,1099,745,103,80,39,6,1,0
1249,1099,745,103,80,39,6,1,0
1250,1098,745,104,80,39,6,1,0
1251,1099,745,103,80,39,6,1,0
1252,1099,745,103,80,39,6,1,0
1253,1099,745,103,80,39,6,1,0
1254,1099,745,103,80,39,6,1,0
1255,1099,745,103,80,39,6,1,0
1256,1099,745,103,80,39,6,1,0
1257,1099,745,103,80,39,6,1,0
1258,1099,745,104,80,39,6,1,0
1259,1099,745,104,80,39,6,1,1
1260,1100,746,101,79,39,6,1,2
1261,1094,745,109,80,39,6,1,3
1262,1085,744,118,80,39,6,1,4
1263,1085,744,119,81,39,6,1,4
1264,1085,744,119,81,39,6,1,4
1265,1084,744,120,81,39,6,1,3
1266,1084,744,120,81,39,6,1,2
1267,1084,744,119,80,39,6,1,1
1268,1084,744,120,80,39,6,1,0
1269,1085,744,119,80,39,6,1,2
1270,1084,744,120,81,39,6,1,4
1271,1099,745,114,81,39,6,1,6
1272,1100,746,115,81,39,6,1,6
1273,1100,746,115,81,39,6,1,5
1274,1099,745,109,81,39,6,1,5
1275,1100,746,115,81,39,6,1,4
1276,1100,746,115,81,39,6,1,3
1277,1100,746,115,81,39,6,1,1
1278,1100,746,115,81,39,6,1,1
1279,1100,746,115,81,39,6,1,1
1280,1100,746,115,81,39,6,1,1
1281,1103,746,109,80,39,6,1,2
1282,1103,746,109,80,39,6,1,1
1283,1103,746,109,80,39,6,1,1
1284,1104,746,99,79,39,6,1,0
1285,1104,746,99,79,39,6,1,0
1286,1104,746,98,79,39,6,1,0
1287,1104,746,98,79,39,6,1,0
1288,1105,746,98,79,39,6,1,0
1289,1105,746,98,79,39,6,1,0
1290,1105,746,98,79,39,6,1,0
1291,1105,746,98,79,39,6,1,0
1292,1105,746,98,79,39,6,1,0
1293,1105,746,98,79,39,6,1,0
1294,1105,746,98,79,39,6,1,0
1295,1105,746,97,79,39,6,1,0
1296,1104,746,98,79,39,6,1,0
1297,1104,746,98,79,39,6,1,0
1298,1104,746,98,79,39,6,1,0
1299,1104,746,98,79,39,6,1,0
1300,1104,746,98,79,39,6,1,0
1301,1104,746,99,79,39,6,1,0
1302,1104,746,99,80,39,6,1,0
1303,1104,746,100,80,39,6,1,0
1304,1104,746,100,80,39,6,1,0
1305,1104,746,99,80,39,6,1,0
1306,1104,746,99,80,39,6,1,0
1307,1104,746,99,80,39,6,1,0
1308,1104,746,97,79,39,6,1,0
1309,1104,746,97,79,39,6,1,0
1310,1104,746,97,79,39,6,1,0
1311,1104,746,98,79,39,6,1,0
1312,1104,746,98,79,39,6,1,0
1313,1104,746,98,79,39,6,1,0
1314,1104,746,98,79,39,6,1,0
1315,1104,746,98,79,39,6,1,0
1316,1104,746,98,79,39,6,1,0
1317,1104,746,98,79,39,6,1,0
1318,1104,746,98,79,39,6,1,0
1319,1104,746,98,79,39,6,1,0
1320,1105,746,98,79,39,6,1,0
1321,1105,746,98,79,39,6,1,0
1322,1105,746,98,79,39,6,1,0
1323,1105,746,98,79,39,6,1,0
1324,1105,746,98,79,39,6,1,0
1325,1105,746,98,79,39,6,1,0
1326,1105,746,98,79,39,6,1,0
1327,1105,746,98,79,39,6,1,0
1328,1105,746,98,79,39,6,1,0
1329,1105,746,98,79,39,6,1,0
1330,1105,746,98,79,39,6,1,1
1331,1101,745,103,80,39,6,1,2
1332,1098,745,105,80,39,6,1,2
1333,1098,745,105,80,39,6,1,2
1334,1099,745,105,80,39,6,1,1
1335,1099,745,105,80,39,6,1,1
1336,1099,745,105,80,39,6,1,0
1337,1099,745,104,80,39,6,1,0
1338,1098,745,106,80,39,6,1,0
1339,1096,745,107,80,39,6,1,1
1340,1096,745,109,80,39,6,1,1
1341,1095,745,108,80,39,6,1,1
1342,1096,745,108,80,39,6,1,1
1343,1097,745,107,80,39,6,1,0
1344,1093,745,112,80,39,6,1,0
1345,1093,745,111,80,39,6,1,0
1346,1092,745,112,80,39,6,1,0
1347,1094,745,110,80,39,6,1,0
1348,1094,745,110,80,39,6,1,0
1349,1095,745,109,80,39,6,1,0
1350,1095,745,109,80,39,6,1,0
1351,1094,745,110,80,39,6,1,0
1352,1093,745,111,80,39,6,1,0
1353,1093,745,111,80,39,6,1,0
1354,1092,745,113,80,39,6,1,0
1355,1092,745,112,80,39,6,1,0
1356,1095,745,109,80,39,6,1,0
1357,1095,745,109,80,39,6,1,0
1358,1095,745,110,80,39,6,1,0
1359,1094,745,110,80,39,6,1,0
1360,1094,745,111,80,39,6,1,0
1361,1095,745,110,80,39,6,1,0
1362,1095,745,109,80,39,6,1,0
1363,1095,745,110,80,39,6,1,0
1364,1094,745,110,80,39,6,1,0
1365,1094,745,111,80,39,6,1,0
1366,1095,745,110,80,39,6,1,0
1367,1095,745,111,80,39,6,1,0
1368,1095,745,108,80,39,6,1,0
1369,1095,745,109,80,39,6,1,0
1370,1095,745,109,80,39,6,1,0
1371,1095,745,108,80,39,6,1,0
1372,1095,745,109,80,39,6,1,0
1373,1099,746,102,79,39,6,1,0
1374,1100,746,101,79,39,6,1,0
1375,1100,746,101,79,39,6,1,0
1376,1099,746,102,79,39,6,1,0
1377,1100,746,101,79,39,6,1,0
1378,1100,746,101,79,39,6,1,1
1379,1100,746,100,78,39,6,1,2
1380,1104,746,118,81,39,6,1,4
1381,1104,746,118,81,39,6,1,4
1382,1104,746,118,81,39,6,1,5
1383,1104,746,118,81,39,6,1,5
1384,1104,746,118,81,39,6,1,4
1385,1104,746,118,81,39,6,1,3
1386,1104,746,118,81,39,6,1,1
1387,1104,746,118,81,39,6,1,0
1388,1104,746,118,81,39,6,1,0
1389,1104,746,118,81,39,6,1,1
1390,1104,746,118,81,39,6,1,1
1391,1096,745,107,80,39,6,1,2
1392,1101,745,104,79,39,6,1,1
1393,1101,745,103,79,39,6,1,1
1394,1100,745,104,79,39,6,1,1
1395,1100,745,105,79,39,6,1,1
1396,1101,745,103,79,39,6,1,1
1397,1102,746,101,79,39,6,1,1
1398,1102,746,100,79,39,6,1,1
1399,1102,746,100,78,39,6,1,1
1400,1102,745,99,78,39,6,1,1
1401,1100,746,103,79,39,6,1,0
1402,1102,746,102,79,39,6,1,0
1403,1102,746,102,79,39,6,1,0
1404,1101,746,113,80,39,6,1,0
1405,1101,746,113,80,39,6,1,1
1406,1101,746,113,80,39,6,1,1
1407,1101,746,113,80,39,6,1,1
1408,1101,746,113,80,39,6,1,1
1409,1101,746,113,80,39,6,1,0
1410,1101,746,113,80,39,6,1,0
1411,1101,746,113,80,39,6,1,0
1412,1101,746,113,80,39,6,1,0
1413,1101,746,112,80,39,6,1,0
1414,1101,746,113,80,39,6,1,0
1415,1101,746,113,80,39,6,1,0
1416,1101,746,113,81,39,6,1,0
1417,1101,746,113,81,39,6,1,1
1418,1101,746,113,81,39,6,1,1
1419,1101,746,112,81,39,6,1,0
1420,1101,746,112,81,39,6,1,0
1421,1103,746,100,79,39,6,1,0
1422,1103,746,101,79,39,6,1,0
1423,1103,746,101,79,39,6,1,0
1424,1103,746,101,79,39,6,1,0
1425,1103,746,101,79,39,6,1,0
1426,1102,746,102,79,39,6,1,0
1427,1102,746,101,79,39,6,1,0
1428,1103,746,98,78,39,6,1,0
1429,1102,746,99,78,39,6,1,0
1430,1102,746,99,78,39,6,1,0
1431,1102,746,99,78,39,6,1,0
1432,1102,746,99,78,39,6,1,0
1433,1102,746,99,78,39,6,1,0
1434,1102,746,99,78,39,6,1,0
1435,1102,746,99,78,39,6,1,0
1436,1102,746,99,78,39,6,1,0
1437,1102,746,100,79,39,6,1,1
1438,1102,746,100,79,39,6,1,1
1439,1102,746,100,79,39,6,1,1
1440,1102,746,99,78,39,6,1,0
1441,1101,745,100,79,39,6,1,0
1442,1101,745,100,79,39,6,1,0
1443,1100,745,101,79,39,6,1,1
1444,1100,745,101,79,39,6,1,1
1445,1100,745,101,79,39,6,1,1
1446,1097,745,105,79,39,6,1,1
1447,1097,745,105,79,39,6,1,1
1448,1097,745,105,79,39,6,1,1
1449,1097,745,105,79,39,6,1,1
1450,1098,745,103,79,39,6,1,2
1451,1101,745,103,79,39,6,1,3
1452,1086,745,116,79,39,6,1,4
1453,1088,745,115,79,39,6,1,3
1454,1089,745,114,79,39,6,1,3
1455,1088,745,115,79,39,6,1,4
1456,1087,745,115,79,39,6,1,4
1457,1087,745,115,79,39,6,1,3
1458,1088,745,114,79,39,6,1,1
1459,1088,745,114,79,39,6,1,0
1460,1088,745,115,79,39,6,1,1
1461,1099,746,103,79,39,6,1,2
1462,1099,746,103,79,39,6,1,3
1463,1099,746,102,79,39,6,1,4
1464,1100,745,117,83,39,6,1,4
1465,1100,745,117,83,39,6,1,3
1466,1100,745,117,83,39,6,1,2
1467,1100,745,117,82,39,6,1,1
1468,1100,745,117,82,39,6,1,1
1469,1100,745,117,82,39,6,1,1
1470,1100,745,117,82,39,6,1,0
1471,1100,745,117,82,39,6,1,0
1472,1100,745,117,82,39,6,1,0
1473,1100,745,117,82,39,6,1,0
1474,1100,745,117,82,39,6,1,0
1475,1100,745,117,82,39,6,1,0
1476,1100,745,117,82,39,6,1,0
1477,1100,745,117,82,39,6,1,0
1478,1100,745,117,82,39,6,1,0
1479,1100,745,117,82,39,6,1,0
1480,1100,745,117,82,39,6,1,0
1481,1100,745,117,82,39,6,1,0
1482,1100,745,117,82,39,6,1,0
1483,1100,745,117,82,39,6,1,0
1484,1099,745,117,82,39,6,1,0
1485,1099,745,118,82,39,6,1,0
1486,1100,745,117,83,39,6,1,0
1487,1101,745,117,83,39,6,1,0
1488,1100,745,118,83,39,6,1,0
1489,1100,745,117,83,39,6,1,0
1490,1100,745,117,82,39,6,1,0
1491,1100,745,117,82,39,6,1,0
1492,1101,745,117,82,39,6,1,0
1493,1100,745,118,83,39,6,1,0
1494,1099,745,118,83,39,6,1,0
1495,1099,745,119,83,39,6,1,1
1496,1098,745,119,83,39,6,1,1
1497,1097,745,120,83,39,6,1,1
1498,1098,745,119,83,39,6,1,1
1499,1098,745,121,83,39,6,1,1
1500,1099,746,116,80,39,6,1,2
1501,1103,745,115,82,39,6,1,3
1502,1102,745,114,82,39,6,1,3
1503,1102,745,114,82,39,6,1,3
1504,1102,745,114,82,39,6,1,2
1505,1103,745,114,82,39,6,1,2
1506,1100,745,106,80,39,6,1,1
1507,1100,745,106,80,39,6,1,1
1508,1100,745,105,80,39,6,1,0
1509,1100,745,106,80,39,6,1,0
1510,1103,745,114,82,39,6,1,0
1511,1103,745,114,82,39,6,1,0
1512,1102,745,100,79,39,6,1,0
1513,1102,745,100,79,39,6,1,0
1514,1102,745,100,79,39,6,1,0
1515,1102,745,101,79,39,6,1,0
1516,1102,745,100,79,39,6,1,0
1517,1102,745,100,79,39,6,1,0
1518,1102,745,101,79,39,6,1,0
1519,1102,745,101,79,39,6,1,0
1520,1102,745,101,80,39,6,1,0
1521,1102,745,101,80,39,6,1,0
1522,1102,745,101,80,39,6,1,0
1523,1102,745,101,80,39,6,1,1
1524,1099,745,106,80,39,6,1,1
1525,1098,745,106,80,39,6,1,1
1526,1099,745,106,80,39,6,1,1
1527,1099,745,106,80,39,6,1,1
1528,1099,745,106,80,39,6,1,0
1529,1098,745,107,80,39,6,1,0
1530,1099,745,106,80,39,6,1,0
1531,1101,745,104,80,39,6,1,1
1532,1102,745,102,80,39,6,1,1
1533,1102,745,102,80,39,6,1,0
1534,1100,745,104,80,39,6,1,0
1535,1098,745,106,80,39,6,1,1
1536,1103,745,100,79,39,6,1,1
1537,1103,745,100,79,39,6,1,0
1538,1103,746,100,79,39,6,1,0
1539,1103,746,100,79,39,6,1,0
1540,1103,746,100,79,39,6,1,0
1541,1103,746,100,79,39,6,1,1
1542,1103,746,100,79,39,6,1,1
1543,1103,746,100,79,39,6,1,1
1544,1103,746,100,79,39,6,1,0
1545,1103,746,100,79,39,6,1,0
1546,1103,745,100,79,39,6,1,0
1547,1103,745,101,79,39,6,1,0
1548,1101,745,102,79,39,6,1,0
1549,1101,745,102,79,39,6,1,0
1550,1101,745,102,79,39,6,1,0
1551,1102,745,101,79,39,6,1,0
1552,1102,745,100,79,39,6,1,0
1553,1102,745,101,79,39,6,1,0
1554,1102,745,101,79,39,6,1,0
1555,1102,745,100,79,39,6,1,0
1556,1102,745,100,79,39,6,1,0
1557,1102,745,100,79,39,6,1,0
1558,1102,745,100,79,39,6,1,0
1559,1102,745,100,79,39,6,1,0
1560,1102,745,101,79,39,6,1,0
1561,1102,745,101,79,39,6,1,0
1562,1102,745,101,79,39,6,1,0
1563,1102,745,101,79,39,6,1,0
1564,1103,746,100,78,39,6,1,0
1565,1103,746,100,79,39,6,1,0
1566,1103,746,100,79,39,6,1,0
1567,1103,746,100,79,39,6,1,0
1568,1104,746,99,79,39,6,1,0
1569,1104,746,99,78,39,6,1,0
1570,1103,746,99,78,39,6,1,0
1571,1103,746,100,79,39,6,1,1
1572,1096,745,107,79,39,6,1,2
1573,1095,745,108,79,39,6,1,3
1574,1094,745,108,79,39,6,1,3
1575,1094,745,108,79,39,6,1,3
1576,1093,745,109,79,39,6,1,2
1577,1095,745,108,79,39,6,1,1
1578,1094,745,109,79,39,6,1,0
1579,1094,745,108,79,39,6,1,0
1580,1095,745,107,79,39,6,1,0
1581,1095,745,107,79,39,6,1,0
1582,1095,745,107,79,39,6,1,0
1583,1095,745,107,79,39,6,1,0
1584,1094,745,110,80,39,6,1,0
1585,1094,745,109,80,39,6,1,0
1586,1094,745,109,80,39,6,1,0
1587,1093,745,110,80,39,6,1,1
1588,1101,745,105,80,39,6,1,1
1589,1102,745,104,80,39,6,1,2
1590,1102,745,104,80,39,6,1,3
1591,1102,745,104,80,39,6,1,4
1592,1102,745,105,80,39,6,1,3
1593,1102,745,105,80,39,6,1,2
1594,1102,745,105,80,39,6,1,1
1595,1102,745,105,80,39,6,1,1
1596,1101,745,107,79,39,6,1,1
1597,1101,745,107,79,39,6,1,1
1598,1101,745,107,79,39,6,1,1
1599,1101,745,107,80,39,6,1,0
1600,1102,745,102,79,39,6,1,0
1601,1102,745,102,79,39,6,1,0
1602,1102,745,101,79,39,6,1,0
1603,1102,745,101,79,39,6,1,0
1604,1102,745,101,79,39,6,1,0
1605,1102,745,101,79,39,6,1,0
1606,1102,745,101,79,39,6,1,0
1607,1102,745,101,79,39,6,1,0
1608,1102,746,101,78,39,6,1,0
1609,1102,746,101,79,39,6,1,0
1610,1102,746,101,79,39,6,1,0
1611,1102,746,101,79,39,6,1,0
1612,1102,746,101,79,39,6,1,0
1613,1102,746,101,79,39,6,1,0
1614,1102,746,101,79,39,6,1,0
1615,1102,746,101,79,39,6,1,0
1616,1102,746,101,79,39,6,1,0
1617,1102,745,101,79,39,6,1,0
1618,1102,746,100,79,39,6,1,0
1619,1102,746,100,79,39,6,1,0
1620,1103,746,100,78,39,6,1,0
1621,1103,746,100,78,39,6,1,0
1622,1103,746,100,78,39,6,1,1
1623,1103,746,100,78,39,6,1,1
1624,1103,745,100,79,39,6,1,2
1625,1103,745,100,79,39,6,1,2
1626,1103,745,100,79,39,6,1,1
1627,1103,745,100,79,39,6,1,1
1628,1102,746,102,79,39,6,1,0
1629,1102,746,102,79,39,6,1,0
1630,1102,746,102,79,39,6,1,0
1631,1103,746,102,79,39,6,1,0
1632,1102,746,100,78,39,6,1,0
1633,1102,746,100,78,39,6,1,0
1634,1102,746,100,78,39,6,1,0
1635,1103,746,100,78,39,6,1,0
1636,1102,746,101,78,39,6,1,1
1637,1103,746,100,78,39,6,1,2
1638,1103,746,101,77,39,6,1,3
1639,1103,746,102,77,39,6,1,3
1640,1103,746,102,77,39,6,1,3
1641,1103,746,101,77,39,6,1,2
1642,1103,746,101,77,39,6,1,2
1643,1103,746,101,77,39,6,1,1
1644,1102,746,108,77,39,6,1,1
1645,1102,746,108,77,39,6,1,0
1646,1102,746,109,78,39,6,1,0
1647,1102,746,110,78,39,6,1,0
1648,1103,747,108,78,39,6,1,1
1649,1103,747,108,78,39,6,1,1
1650,1104,747,108,78,39,6,1,2
1651,1104,747,108,78,39,6,1,3
1652,1103,747,109,78,39,6,1,3
1653,1103,747,109,78,39,6,1,2
1654,1103,747,108,78,39,6,1,1
1655,1103,747,108,78,39,6,1,1
1656,1104,746,107,78,39,6,1,1
1657,1104,746,107,78,39,6,1,1
1658,1104,746,107,78,39,6,1,2
1659,1104,746,107,78,39,6,1,2
1660,1104,746,106,78,39,6,1,2
1661,1104,746,107,78,39,6,1,1
1662,1103,746,107,78,39,6,1,0
1663,1103,746,107,78,39,6,1,0
1664,1103,746,108,78,39,6,1,0
1665,1103,746,108,78,39,6,1,0
1666,1103,746,108,78,39,6,1,0
1667,1104,746,108,78,39,6,1,0
1668,1104,746,107,78,39,6,1,0
1669,1104,746,107,78,39,6,1,0
1670,1104,746,107,78,39,6,1,0
1671,1104,746,107,78,39,6,1,1
1672,1104,746,100,78,39,6,1,1
1673,1105,746,100,78,39,6,1,1
1674,1104,746,100,78,39,6,1,1
1675,1104,746,100,78,39,6,1,1
1676,1105,746,100,78,39,6,1,1
1677,1105,746,100,78,39,6,1,1
1678,1102,745,101,78,39,6,1,2
1679,1102,745,102,78,39,6,1,2
1680,1103,745,103,78,39,6,1,2
1681,1103,745,103,78,39,6,1,2
1682,1103,745,103,78,39,6,1,2
1683,1103,745,103,78,39,6,1,1
1684,1103,745,103,78,39,6,1,0
1685,1103,745,103,78,39,6,1,0
1686,1103,745,103,78,39,6,1,0
1687,1103,745,103,78,39,6,1,0
1688,1103,745,103,78,39,6,1,0
1689,1103,745,103,78,39,6,1,0
1690,1103,745,103,78,39,6,1,0
1691,1103,745,103,78,39,6,1,0
1692,1103,745,103,78,39,6,1,0
1693,1103,745,103,78,39,6,1,0
1694,1103,745,103,78,39,6,1,0
1695,1102,745,103,78,39,6,1,0
1696,1102,745,103,78,39,6,1,0
1697,1102,745,103,78,39,6,1,0
1698,1102,745,103,78,39,6,1,0
1699,1102,745,103,78,39,6,1,0
1700,1102,745,103,78,39,6,1,0
1701,1102,745,103,78,39,6,1,0
1702,1102,745,103,78,39,6,1,0
1703,1102,745,103,78,39,6,1,0
1704,1103,745,104,78,39,6,1,0
1705,1103,745,104,78,39,6,1,0
1706,1103,745,104,78,39,6,1,0
1707,1103,745,114,80,39,6,1,0
1708,1103,745,114,80,39,6,1,0
1709,1102,746,109,78,39,6,1,0
1710,1103,745,104,78,39,6,1,0
1711,1103,745,104,78,39,6,1,0
1712,1102,745,109,78,39,6,1,1
1713,1102,745,109,78,39,6,1,1
1714,1103,745,104,78,39,6,1,0
1715,1103,745,104,78,39,6,1,0
1716,1103,745,103,78,39,6,1,1
1717,1103,745,104,78,39,6,1,2
1718,1103,746,99,78,39,6,1,3
1719,1103,746,99,78,39,6,1,4
1720,1103,746,99,78,39,6,1,4
1721,1103,746,99,78,39,6,1,4
1722,1103,746,99,78,39,6,1,3
1723,1103,746,99,78,39,6,1,2
1724,1103,746,99,78,39,6,1,1
1725,1103,746,99,78,39,6,1,0
1726,1103,746,99,78,39,6,1,0
1727,1103,746,99,78,39,6,1,0
1728,1101,746,100,78,39,6,1,1
1729,1101,746,100,78,39,6,1,1
1730,1101,746,100,78,39,6,1,0
1731,1101,746,100,78,39,6,1,0
1732,1102,746,100,78,39,6,1,0
1733,1102,746,100,78,39,6,1,0
1734,1102,746,100,78,39,6,1,0
1735,1101,746,100,78,39,6,1,0
1736,1101,746,100,78,39,6,1,0
1737,1101,746,100,78,39,6,1,0
1738,1101,746,100,78,39,6,1,0
1739,1101,746,100,78,39,6,1,0
1740,1101,746,100,78,39,6,1,0
1741,1101,746,99,78,39,6,1,0
1742,1101,746,99,78,39,6,1,0
1743,1101,746,99,78,39,6,1,0
1744,1101,746,99,78,39,6,1,0
1745,1101,746,99,78,39,6,1,0
1746,1101,746,99,78,39,6,1,0
1747,1101,746,99,78,39,6,1,0
1748,1101,746,99,78,39,6,1,0
1749,1101,746,99,78,39,6,1,0
1750,1103,746,98,78,39,6,1,0
1751,1103,746,97,78,39,6,1,0
1752,1102,746,98,78,39,6,1,0
1753,1102,746,98,78,39,6,1,0
1754,1103,746,97,78,39,6,1,0
1755,1102,746,98,78,39,6,1,0
1756,1102,746,98,78,39,6,1,0
1757,1102,746,99,78,39,6,1,0
1758,1103,746,99,78,39,6,1,0
1759,1102,746,99,78,39,6,1,0
1760,1102,746,98,78,39,6,1,0
1761,1102,746,98,78,39,6,1,0
1762,1103,746,99,78,39,6,1,0
1763,1102,746,99,78,39,6,1,0
1764,1102,746,99,78,39,6,1,0
1765,1102,746,99,78,39,6,1,0
1766,1101,746,99,78,39,6,1,0
1767,1100,745,100,78,39,6,1,1
1768,1090,745,111,79,39,6,1,3
1769,1088,745,113,79,39,6,1,5
1770,1087,745,114,79,39,6,1,6
1771,1083,744,117,79,39,6,1,7
1772,1083,744,118,79,39,6,1,6
1773,1085,744,116,79,39,6,1,5
1774,1086,744,115,79,39,6,1,3
1775,1089,745,112,79,39,6,1,1
1776,1087,745,114,79,39,6,1,0
1777,1087,745,114,79,39,6,1,0
1778,1087,745,114,79,39,6,1,0
1779,1088,745,114,79,39,6,1,0
1780,1086,744,115,79,39,6,1,0
1781,1085,744,116,79,39,6,1,0
1782,1084,744,118,80,39,6,1,0
1783,1083,743,120,81,39,6,1,0
1784,1083,743,120,81,39,6,1,0
1785,1083,743,120,81,39,6,1,0
1786,1084,744,119,80,39,6,1,2
1787,1088,744,116,80,39,6,1,5
1788,1103,745,108,79,39,6,1,8
1789,1103,745,109,79,39,6,1,10
1790,1103,745,108,79,39,6,1,11
1791,1103,745,109,79,39,6,1,12
1792,1102,745,109,79,39,6,1,9
1793,1102,745,110,79,39,6,1,6
1794,1102,745,112,80,39,6,1,4
1795,1102,745,111,79,39,6,1,4
1796,1103,745,101,79,39,6,1,4
1797,1103,745,100,79,39,6,1,3
1798,1103,745,100,79,39,6,1,3
1799,1102,745,103,79,39,6,1,4
1800,1098,746,117,80,39,6,1,4
1801,1097,746,117,80,39,6,1,4
1802,1097,746,117,80,39,6,1,3
1803,1097,745,123,82,39,6,1,2
1804,1098,746,115,80,39,6,1,1
1805,1099,746,114,80,39,6,1,1
1806,1095,745,109,78,39,6,1,1
1807,1088,745,119,79,39,6,1,1
1808,1093,745,115,79,39,6,1,1
1809,1096,745,109,78,39,6,1,1
1810,1099,745,120,82,39,6,1,1
1811,1098,745,108,79,39,6,1,1
1812,1097,745,109,80,39,6,1,1
1813,1096,745,110,80,39,6,1,1
1814,1096,745,109,80,39,6,1,1
1815,1096,745,110,80,39,6,1,1
1816,1098,745,107,79,39,6,1,0
1817,1101,746,102,79,39,6,1,0
1818,1101,746,102,79,39,6,1,0
1819,1100,746,105,79,39,6,1,0
1820,1100,746,103,79,39,6,1,0
1821,1101,746,102,78,39,6,1,1
1822,1102,746,100,78,39,6,1,2
1823,1102,746,100,78,39,6,1,2
1824,1103,746,100,77,39,6,1,2
1825,1103,746,99,78,39,6,1,2
1826,1104,746,98,78,39,6,1,1
1827,1104,746,98,78,39,6,1,0
1828,1104,746,98,78,39,6,1,0
1829,1104,746,98,78,39,6,1,0
1830,1103,746,98,78,39,6,1,1
1831,1103,746,98,79,39,6,1,1
1832,1103,746,98,78,39,6,1,1
1833,1103,746,99,78,39,6,1,1
1834,1103,746,98,78,39,6,1,1
1835,1103,746,99,79,39,6,1,1
1836,1102,746,100,79,39,6,1,0
1837,1102,746,100,79,39,6,1,1
1838,1100,746,101,79,39,6,1,1
1839,1101,746,100,79,39,6,1,1
1840,1100,746,100,79,39,6,1,1
1841,1101,746,100,79,39,6,1,0
1842,1101,746,101,79,39,6,1,1
1843,1100,746,101,79,39,6,1,1
1844,1100,745,102,79,39,6,1,1
1845,1099,746,103,79,39,6,1,0
1846,1101,746,102,79,39,6,1,0
1847,1101,746,101,78,39,6,1,1
1848,1102,746,112,79,39,6,1,2
1849,1102,746,111,79,39,6,1,4
1850,1101,745,111,79,39,6,1,5
1851,1103,746,109,79,39,6,1,7
1852,1103,745,110,79,39,6,1,6
1853,1103,745,110,79,39,6,1,5
1854,1103,745,104,79,39,6,1,2
1855,1103,745,110,79,39,6,1,2
1856,1103,745,111,79,39,6,1,1
1857,1103,745,106,79,39,6,1,1
1858,1104,745,104,79,39,6,1,1
1859,1104,745,106,79,39,6,1,1
1860,1102,745,101,78,39,6,1,2
1861,1101,745,101,79,39,6,1,3
1862,1102,745,100,79,39,6,1,4
1863,1102,746,102,79,39,6,1,5
1864,1102,746,99,79,39,6,1,4
1865,1102,746,100,79,39,6,1,3
1866,1103,746,105,79,39,6,1,2
1867,1103,746,106,79,39,6,1,1
1868,1103,746,107,80,39,6,1,0
1869,1104,746,98,79,39,6,1,0
1870,1104,746,98,79,39,6,1,0
1871,1103,746,107,80,39,6,1,1
1872,1102,746,100,79,39,6,1,1
1873,1102,746,100,79,39,6,1,0
1874,1102,746,100,79,39,6,1,0
1875,1101,746,102,79,39,6,1,0
1876,1102,746,111,79,39,6,1,0
1877,1102,746,112,80,39,6,1,1
1878,1102,746,113,80,39,6,1,2
1879,1102,746,113,80,39,6,1,2
1880,1102,746,115,80,39,6,1,2
1881,1102,746,116,81,39,6,1,2
1882,1102,746,116,81,39,6,1,1
1883,1102,746,116,81,39,6,1,1
1884,1102,747,113,79,39,6,1,0
1885,1101,747,113,79,39,6,1,0
1886,1102,746,111,80,39,6,1,0
1887,1102,746,103,80,39,6,1,1
1888,1102,746,102,80,39,6,1,2
1889,1102,746,102,80,39,6,1,2
1890,1102,746,103,80,39,6,1,2
1891,1102,746,104,80,39,6,1,1
1892,1102,746,100,79,39,6,1,1
1893,1101,746,101,79,39,6,1,0
1894,1101,746,101,79,39,6,1,1
1895,1101,746,101,79,39,6,1,2
1896,1093,745,111,80,39,6,1,3
1897,1094,745,109,80,39,6,1,4
1898,1094,745,110,80,39,6,1,4
1899,1096,746,108,80,39,6,1,3
1900,1099,746,104,80,39,6,1,2
1901,1099,746,104,80,39,6,1,2
1902,1098,746,106,81,39,6,1,1
1903,1098,746,106,81,39,6,1,1
1904,1098,746,107,81,39,6,1,2
1905,1098,746,106,80,39,6,1,3
1906,1102,746,99,78,39,6,1,4
1907,1103,746,97,78,39,6,1,4
1908,1101,746,99,78,39,6,1,4
1909,1101,746,99,78,39,6,1,3
1910,1101,746,99,78,39,6,1,3
1911,1101,746,99,78,39,6,1,2
1912,1101,746,99,78,39,6,1,2
1913,1101,746,99,79,39,6,1,1
1914,1101,746,99,79,39,6,1,0
1915,1101,746,99,79,39,6,1,0
1916,1098,746,101,78,39,6,1,0
1917,1098,746,101,78,39,6,1,0
1918,1098,746,102,78,39,6,1,0
1919,1098,746,102,78,39,6,1,0
1920,1098,746,104,78,39,6,1,1
1921,1099,746,104,78,39,6,1,1
1922,1098,746,104,78,39,6,1,0
1923,1098,746,104,78,39,6,1,0
1924,1098,746,103,78,39,6,1,0
1925,1102,746,100,78,39,6,1,0
1926,1101,746,102,78,39,6,1,0
1927,1101,746,101,78,39,6,1,0
1928,1100,746,102,78,39,6,1,0
1929,1100,746,101,78,39,6,1,0
1930,1101,746,101,78,39,6,1,0
1931,1101,746,101,78,39,6,1,0
1932,1098,745,105,79,39,6,1,0
1933,1098,745,105,79,39,6,1,0
1934,1097,745,106,79,39,6,1,0
1935,1097,745,105,79,39,6,1,1
1936,1101,745,99,77,39,6,1,2
1937,1101,745,99,77,39,6,1,3
1938,1101,745,99,77,39,6,1,4
1939,1101,745,99,77,39,6,1,3
1940,1101,745,99,77,39,6,1,3
1941,1100,745,101,77,39,6,1,2
1942,1100,745,101,77,39,6,1,1
1943,1100,745,101,78,39,6,1,2
1944,1089,745,112,78,39,6,1,3
1945,1088,745,114,79,39,6,1,4
1946,1098,745,107,80,39,6,1,3
1947,1099,745,107,80,39,6,1,3
1948,1099,745,107,80,39,6,1,3
1949,1097,745,109,80,39,6,1,2
1950,1096,745,109,80,39,6,1,1
1951,1096,745,108,80,39,6,1,1
1952,1097,745,106,79,39,6,1,0
1953,1097,745,106,80,39,6,1,0
1954,1095,745,108,80,39,6,1,1
1955,1096,745,107,80,39,6,1,1
1956,1102,746,100,79,39,6,1,2
1957,1102,746,101,79,39,6,1,1
1958,1102,746,101,79,39,6,1,1
1959,1102,746,99,79,39,6,1,2
1960,1102,746,103,79,39,6,1,2
1961,1102,746,110,79,39,6,1,2
1962,1101,746,108,80,39,6,1,1
1963,1101,746,109,80,39,6,1,0
1964,1101,746,112,80,39,6,1,0
1965,1101,746,109,80,39,6,1,0
1966,1101,746,100,78,39,6,1,0
1967,1102,746,100,78,39,6,1,1
1968,1101,745,100,78,39,6,1,1
1969,1101,745,100,78,39,6,1,1
1970,1101,746,100,78,39,6,1,0
1971,1101,745,100,78,39,6,1,0
1972,1101,745,101,79,39,6,1,0
1973,1101,745,102,79,39,6,1,0
1974,1102,745,99,79,39,6,1,0
1975,1101,745,100,79,39,6,1,0
1976,1102,745,101,79,39,6,1,0
1977,1102,745,101,79,39,6,1,0
1978,1102,745,100,78,39,6,1,0
1979,1102,745,101,79,39,6,1,0
1980,1099,745,103,78,39,6,1,0
1981,1099,745,105,79,39,6,1,0
1982,1101,745,102,78,39,6,1,0
1983,1100,745,101,78,39,6,1,0
1984,1101,745,101,78,39,6,1,0
1985,1101,745,102,78,39,6,1,1
1986,1102,745,103,78,39,6,1,1
1987,1102,745,103,78,39,6,1,1
1988,1102,745,104,78,39,6,1,0
1989,1102,745,102,78,39,6,1,0
1990,1103,745,100,79,39,6,1,0
1991,1103,745,100,78,39,6,1,1
1992,1102,745,100,79,39,6,1,1
1993,1102,745,100,78,39,6,1,0
1994,1102,745,100,79,39,6,1,1
1995,1102,745,100,78,39,6,1,2
1996,1101,746,100,78,39,6,1,2
1997,1101,746,100,78,39,6,1,2
1998,1101,746,101,78,39,6,1,2
1999,1101,746,101,78,39,6,1,3
2000,1101,746,101,78,39,6,1,2
2001,1101,746,100,78,39,6,1,1
2002,1102,746,100,78,39,6,1,0
2003,1101,746,100,78,39,6,1,0
2004,1100,746,100,78,39,6,1,1
2005,1100,746,100,78,39,6,1,2
2006,1104,746,98,77,39,6,1,4
2007,1104,746,97,77,39,6,1,4
2008,1104,746,97,77,39,6,1,4
2009,1104,746,97,77,39,6,1,3
2010,1104,746,97,77,39,6,1,2
2011,1104,746,97,77,39,6,1,1
2012,1104,746,97,77,39,6,1,0
2013,1104,746,97,77,39,6,1,0
2014,1104,746,97,77,39,6,1,0
2015,1104,746,97,77,39,6,1,0
2016,1104,747,95,75,39,6,1,0
2017,1104,747,95,75,39,6,1,0
2018,1104,747,96,76,39,6,1,0
2019,1104,747,96,75,39,6,1,0
2020,1104,747,96,76,39,6,1,0
2021,1104,747,96,76,39,6,1,0
2022,1104,747,96,76,39,6,1,0
2023,1104,747,96,76,39,6,1,0
2024,1103,747,97,76,39,6,1,0
2025,1104,747,95,75,39,6,1,0
2026,1104,746,95,78,39,6,1,1
2027,1104,746,95,78,39,6,1,1
2028,1104,746,96,78,39,6,1,1
2029,1104,746,97,78,39,6,1,1
2030,1104,746,97,78,39,6,1,1
2031,1104,746,97,78,39,6,1,1
2032,1104,747,97,77,39,6,1,1
2033,1104,747,97,77,39,6,1,0
2034,1104,747,97,77,39,6,1,0
2035,1104,746,97,78,39,6,1,0
2036,1104,746,97,78,39,6,1,0
2037,1104,746,97,78,39,6,1,1
2038,1104,746,97,77,39,6,1,1
2039,1104,746,96,77,39,6,1,1
2040,1091,746,112,79,39,6,1,1
2041,1098,746,106,78,39,6,1,1
2042,1096,745,108,78,39,6,1,2
2043,1091,745,113,79,39,6,1,3
2044,1089,745,116,79,39,6,1,6
2045,1089,745,115,79,39,6,1,6
2046,1101,746,112,78,39,6,1,6
2047,1100,746,107,78,39,6,1,4
2048,1100,746,106,78,39,6,1,5
2049,1101,746,105,77,39,6,1,7
2050,1100,746,104,77,39,6,1,8
2051,1102,746,103,78,39,6,1,7
2052,1103,747,99,77,39,6,1,5
2053,1102,747,99,77,39,6,1,4
2054,1102,747,99,77,39,6,1,3
2055,1102,747,99,77,39,6,1,2
2056,1100,746,102,78,39,6,1,1
2057,1100,746,102,77,39,6,1,1
2058,1100,746,102,78,39,6,1,0
2059,1100,746,102,77,39,6,1,0
2060,1100,746,102,78,39,6,1,0
2061,1096,746,107,78,39,6,1,1
2062,1096,746,108,78,39,6,1,1
2063,1095,746,107,78,39,6,1,1
2064,1099,746,105,78,39,6,1,0
2065,1097,745,107,78,39,6,1,0
2066,1099,746,104,78,39,6,1,1
2067,1098,746,103,77,39,6,1,2
2068,1099,746,102,77,39,6,1,2
2069,1099,746,103,77,39,6,1,2
2070,1099,746,103,77,39,6,1,2
2071,1098,746,103,77,39,6,1,2
2072,1096,745,105,77,39,6,1,2
2073,1099,746,103,76,39,6,1,1
2074,1099,746,103,76,39,6,1,1
2075,1101,746,101,76,39,6,1,1
2076,1100,745,101,77,39,6,1,1
2077,1101,746,102,78,39,6,1,1
2078,1100,746,102,78,39,6,1,1
2079,1101,746,100,78,39,6,1,1
2080,1101,746,101,77,39,6,1,1
2081,1101,746,101,77,39,6,1,1
2082,1102,746,100,77,39,6,1,0
2083,1100,746,102,78,39,6,1,0
2084,1100,746,102,77,39,6,1,0
2085,1102,746,100,78,39,6,1,0
2086,1101,746,102,78,39,6,1,2
2087,1095,746,110,78,39,6,1,3
2088,1085,745,116,78,39,6,1,4
2089,1085,745,116,78,39,6,1,4
2090,1085,745,116,78,39,6,1,4
2091,1085,745,116,78,39,6,1,3
2092,1085,745,116,78,39,6,1,3
2093,1085,745,116,78,39,6,1,2
2094,1088,745,114,78,39,6,1,1
2095,1087,745,114,77,39,6,1,1
2096,1087,745,115,79,39,6,1,0
2097,1088,745,114,78,39,6,1,0
2098,1087,745,115,78,39,6,1,1
2099,1089,746,112,78,39,6,1,2
2100,1104,747,96,76,39,6,1,4
2101,1104,747,96,76,39,6,1,6
2102,1104,747,95,76,39,6,1,7
2103,1104,747,95,76,39,6,1,7
2104,1104,747,96,76,39,6,1,6
2105,1104,747,96,76,39,6,1,4
2106,1104,747,96,76,39,6,1,2
2107,1103,747,96,76,39,6,1,1
2108,1104,747,96,76,39,6,1,0
2109,1104,747,96,76,39,6,1,0
2110,1104,747,96,76,39,6,1,0
2111,1104,747,96,76,39,6,1,0
2112,1103,747,98,76,39,6,1,0
2113,1103,747,98,76,39,6,1,0
2114,1103,747,98,76,39,6,1,0
2115,1103,747,98,76,39,6,1,0
2116,1103,747,97,76,39,6,1,0
2117,1103,747,97,76,39,6,1,0
2118,1103,747,97,76,39,6,1,0
2119,1103,747,97,76,39,6,1,0
2120,1101,746,101,77,39,6,1,0
2121,1102,746,101,77,39,6,1,0
2122,1101,746,101,77,39,6,1,0
2123,1102,746,101,77,39,6,1,1
2124,1100,746,103,78,39,6,1,1
2125,1100,746,103,78,39,6,1,2
2126,1100,746,103,78,39,6,1,2
2127,1101,746,101,78,39,6,1,2
2128,1101,746,102,78,39,6,1,2
2129,1101,746,101,78,39,6,1,2
2130,1101,746,101,78,39,6,1,1
2131,1101,746,102,78,39,6,1,1
2132,1101,746,102,78,39,6,1,0
2133,1101,746,102,78,39,6,1,0
2134,1101,746,102,78,39,6,1,0
2135,1101,746,102,78,39,6,1,0
2136,1102,747,100,77,39,6,1,0
2137,1102,747,100,77,39,6,1,1
2138,1102,746,109,78,39,6,1,2
2139,1102,746,107,78,39,6,1,2
2140,1102,746,108,78,39,6,1,2
2141,1102,746,108,78,39,6,1,1
2142,1102,746,102,78,39,6,1,1
2143,1102,746,102,78,39,6,1,1
2144,1102,746,103,78,39,6,1,2
2145,1102,746,102,78,39,6,1,2
2146,1102,746,102,78,39,6,1,1
2147,1102,746,102,78,39,6,1,1
2148,1101,746,101,77,39,6,1,0
2149,1101,746,101,77,39,6,1,1
2150,1101,746,101,77,39,6,1,1
2151,1103,746,99,77,39,6,1,2
2152,1103,746,99,77,39,6,1,2
2153,1103,746,99,77,39,6,1,2
2154,1103,746,99,77,39,6,1,2
2155,1103,746,99,77,39,6,1,1
2156,1103,746,99,77,39,6,1,1
2157,1103,746,100,77,39,6,1,0
2158,1103,746,100,77,39,6,1,0
2159,1103,746,100,77,39,6,1,0
2160,1104,746,99,77,39,6,1,0
2161,1103,746,99,77,39,6,1,0
2162,1103,746,99,77,39,6,1,0
2163,1103,746,99,77,39,6,1,0
2164,1103,746,100,77,39,6,1,0
2165,1103,746,100,78,39,6,1,0
2166,1103,746,100,78,39,6,1,0
2167,1103,746,101,78,39,6,1,0
2168,1103,746,100,78,39,6,1,0
2169,1103,746,100,78,39,6,1,0
2170,1103,746,100,77,39,6,1,0
2171,1103,746,101,78,39,6,1,0
2172,1103,747,98,77,39,6,1,1
2173,1103,747,98,77,39,6,1,1
2174,1103,747,98,77,39,6,1,1
2175,1103,747,98,77,39,6,1,1
2176,1103,747,98,77,39,6,1,1
2177,1103,747,98,77,39,6,1,1
2178,1103,747,98,77,39,6,1,0
2179,1103,747,103,78,39,6,1,0
2180,1103,747,103,78,39,6,1,0
2181,1103,747,103,78,39,6,1,0
2182,1103,747,104,78,39,6,1,0
2183,1102,747,103,78,39,6,1,0
2184,1103,747,99,77,39,6,1,0
2185,1103,747,99,77,39,6,1,0
2186,1103,747,99,77,39,6,1,0
2187,1103,747,99,77,39,6,1,0
2188,1103,747,99,77,39,6,1,1
2189,1102,746,102,78,39,6,1,1
2190,1102,746,102,78,39,6,1,1
2191,1102,746,103,78,39,6,1,1
2192,1102,746,101,77,39,6,1,2
2193,1102,746,101,77,39,6,1,1
2194,1102,746,102,77,39,6,1,2
2195,1102,746,102,77,39,6,1,3
2196,1094,746,111,78,39,6,1,4
2197,1094,746,111,78,39,6,1,4
2198,1094,746,110,78,39,6,1,3
2199,1099,747,103,77,39,6,1,3
2200,1099,747,102,77,39,6,1,3
2201,1099,747,102,77,39,6,1,2
2202,1099,747,103,77,39,6,1,1
2203,1099,747,103,77,39,6,1,1
2204,1099,747,103,77,39,6,1,1
2205,1098,747,104,77,39,6,1,1
2206,1098,747,105,78,39,6,1,1
2207,1098,747,105,78,39,6,1,1
2208,1101,748,99,75,39,6,1,0
2209,1100,747,102,78,39,6,1,0
2210,1101,747,103,77,39,6,1,0
2211,1103,747,100,77,39,6,1,1
2212,1103,747,101,77,39,6,1,1
2213,1103,747,101,78,39,6,1,1
2214,1102,747,101,78,39,6,1,0
2215,1102,747,101,78,39,6,1,0
2216,1103,747,100,78,39,6,1,0
2217,1103,747,100,77,39,6,1,1
2218,1103,747,99,77,39,6,1,1
2219,1095,747,108,78,39,6,1,1
2220,1101,747,102,78,39,6,1,0
2221,1101,747,102,78,39,6,1,0
2222,1101,747,102,78,39,6,1,0
2223,1101,747,102,78,39,6,1,1
2224,1101,747,102,78,39,6,1,1
2225,1101,747,102,78,39,6,1,1
2226,1101,747,102,78,39,6,1,0
2227,1102,747,100,77,39,6,1,0
2228,1102,747,100,77,39,6,1,0
2229,1104,747,98,78,39,6,1,0
2230,1104,747,99,78,39,6,1,0
2231,1104,747,98,78,39,6,1,1
2232,1085,746,118,78,39,6,1,2
2233,1085,746,118,78,39,6,1,4
2234,1084,746,118,78,39,6,1,5
2235,1084,746,117,78,39,6,1,6
2236,1084,746,117,78,39,6,1,5
2237,1085,746,116,78,39,6,1,4
2238,1085,746,116,78,39,6,1,2
2239,1089,746,112,78,39,6,1,3
2240,1090,746,111,78,39,6,1,3
2241,1091,746,110,78,39,6,1,3
2242,1090,746,110,78,39,6,1,2
2243,1091,746,110,78,39,6,1,1
2244,1091,746,112,79,39,6,1,0
2245,1091,746,112,79,39,6,1,0
2246,1091,746,112,79,39,6,1,0
2247,1092,746,111,79,39,6,1,1
2248,1092,746,111,79,39,6,1,1
2249,1087,746,115,79,39,6,1,4
2250,1103,747,97,76,39,6,1,4
2251,1102,747,97,76,39,6,1,6
2252,1102,747,97,76,39,6,1,7
2253,1102,747,97,76,39,6,1,9
2254,1103,746,97,76,39,6,1,9
2255,1102,746,97,77,39,6,1,6
2256,1101,746,99,77,39,6,1,3
2257,1098,746,103,77,39,6,1,2
2258,1098,746,103,77,39,6,1,2
2259,1096,746,106,78,39,6,1,3
2260,1096,746,105,78,39,6,1,3
2261,1096,746,105,78,39,6,1,3
2262,1096,746,105,78,39,6,1,3
2263,1097,746,105,78,39,6,1,2
2264,1095,746,106,77,39,6,1,1
2265,1095,746,106,77,39,6,1,0
2266,1094,746,107,78,39,6,1,0
2267,1095,746,106,78,39,6,1,0
2268,1091,746,114,78,39,6,1,0
2269,1092,745,110,78,39,6,1,0
2270,1092,745,111,78,39,6,1,0
2271,1092,745,111,78,39,6,1,0
2272,1092,745,111,78,39,6,1,0
2273,1092,745,110,78,39,6,1,0
2274,1094,745,108,78,39,6,1,0
2275,1094,745,108,78,39,6,1,0
2276,1094,746,109,78,39,6,1,0
2277,1095,746,108,78,39,6,1,0
2278,1095,746,108,78,39,6,1,0
1260,1,1247,449,551,43,6,4,29
1261,2,1101,667,689,43,6,4,29
1262,1,1090,844,758,43,6,4,29
1263,1,1096,987,684,43,6,4,29
1264,44,1100,1061,603,43,6,4,29
1265,295,1101,909,541,43,6,4,29
1266,496,1101,791,488,43,6,4,29
1267,661,1099,696,446,43,6,4,29
1268,799,1098,619,411,43,6,4,29
1269,915,1097,555,378,43,6,4,29
1270,1014,1095,499,353,43,6,4,29
1271,1099,1095,453,327,43,6,4,29
1272,1172,1092,415,306,43,6,4,29
1273,1237,1091,383,287,43,6,4,29
1274,1293,1087,355,273,43,6,4,29
1275,1342,1085,330,258,43,6,4,29
1276,1386,1083,309,243,43,6,4,29
1277,1423,1079,291,233,43,6,4,29
1278,1458,1078,274,221,43,6,4,29
1279,1487,1075,260,212,43,6,4,29
1280,1514,1072,245,203,43,6,4,29
1281,1538,1070,233,193,43,6,4,29
1282,1560,1068,221,185,43,6,4,29
1283,1579,1065,211,179,43,6,4,29
1284,1596,1063,201,171,43,6,4,29
1285,1610,1059,193,166,43,6,4,29
1286,1625,1055,185,160,43,6,4,29
1287,1637,1054,178,155,43,6,4,29
1288,1650,1050,170,149,43,6,4,29
1289,1659,1047,164,145,43,6,4,29
1290,1666,1044,159,140,43,6,4,30
1291,1676,1041,151,136,43,6,4,30
1292,1684,1038,146,131,43,6,4,31
1293,1689,1034,140,127,43,6,4,31
1294,1695,1031,136,125,43,6,4,31
1295,1701,1030,130,120,43,6,4,31
1296,1705,1027,127,117,43,6,4,31
1297,1709,1023,122,115,43,6,4,31
1298,1712,1022,118,110,43,6,4,30
1299,1715,1020,117,107,43,6,4,30
1300,1717,1016,114,106,43,6,4,31
1301,1719,1013,111,103,43,6,4,31
1302,1723,1012,106,100,43,6,4,31
1303,1725,1008,105,99,43,6,4,31
1304,1727,1007,100,96,43,6,4,31
1305,1729,1006,98,92,43,6,4,31
1306,1730,1004,98,90,43,6,4,31
1307,1732,1002,94,89,43,6,4,31
1308,1734,1000,91,87,43,6,4,31
1309,1735,998,91,85,43,6,4,31
1310,1737,996,88,84,43,6,4,31
1311,1739,994,84,82,43,6,4,31
1312,1740,991,83,82,43,6,4,32
1313,1741,990,81,80,43,6,4,33
1314,1742,989,80,78,43,6,4,33
1315,1743,986,79,76,43,6,4,33
1316,1744,985,77,75,43,6,4,33
1317,1744,983,77,75,43,6,4,34
1318,1747,982,75,73,43,6,4,34
1319,1747,981,74,70,43,6,4,33
1320,1747,981,74,69,43,6,4,32
1321,1748,979,72,68,43,6,4,32
1322,1748,977,71,68,43,6,4,32
1323,1748,976,70,66,43,6,4,31
1324,1748,975,69,66,43,6,4,30
1325,1749,974,68,65,43,6,4,29
1326,1749,973,67,64,43,6,4,29
1327,1749,972,64,62,43,6,4,28
1328,1750,970,63,62,43,6,4,28
1329,1750,970,61,61,43,6,4,29
1330,1750,969,62,59,43,6,4,30
1331,1751,967,61,60,43,6,4,30
1332,1751,967,60,58,43,6,4,30
1333,1752,966,59,58,43,6,4,29
1334,1753,966,57,57,43,6,4,28
1335,1753,966,56,55,43,6,4,28
1336,1754,965,55,55,43,6,4,28
1337,1755,964,54,54,43,6,4,29
1338,1757,964,52,53,43,6,4,31
1339,1757,963,52,52,43,6,4,32
1340,1758,963,50,51,43,6,4,33
1341,1758,963,50,49,43,6,4,32
1342,1758,963,50,49,43,6,4,29
1343,1759,963,49,48,43,6,4,25
1344,1758,962,50,48,43,6,4,22
1345,1758,962,49,48,43,6,4,21
1346,1759,961,48,47,43,6,4,21
1347,1759,961,48,46,43,6,4,20
1348,1759,961,48,46,43,6,4,19
1349,1759,961,47,45,43,6,4,19
1350,1759,961,47,45,43,6,4,18
1351,1759,960,47,45,43,6,4,16
1352,1759,960,46,45,43,6,4,14
1353,1759,960,46,44,43,6,4,13
1354,1759,960,46,44,43,6,4,11
1355,1759,960,46,44,43,6,4,12
1356,1759,960,45,43,43,6,4,13
1357,1759,959,44,42,43,6,4,15
1358,1759,959,44,42,43,6,4,16
1359,1759,959,44,41,43,6,4,18
1360,1759,959,43,40,43,6,4,19
1361,1759,959,43,40,43,6,4,19
1362,1758,959,43,39,43,6,4,19
1363,1759,959,42,38,43,6,4,19
1364,1758,958,42,38,43,6,4,18
1365,1758,958,42,38,43,6,4,18
1366,1758,958,41,38,43,6,4,18
1367,1758,957,40,38,43,6,4,18
1368,1758,957,40,37,43,6,4,17
1369,1758,957,39,37,43,6,4,15
1370,1758,957,39,36,43,6,4,16
1371,1757,957,39,37,43,6,4,14
1372,1758,956,38,37,43,6,4,15
1373,1758,956,37,37,43,6,4,15
1374,1757,955,37,36,43,6,4,18
1375,1757,955,38,36,43,6,4,18
1376,1757,955,37,36,43,6,4,18
1377,1757,954,36,36,43,6,4,17
1378,1757,954,36,36,43,6,4,15
1379,1757,954,36,36,43,6,4,13
1380,1757,954,35,35,43,6,4,12
1381,1756,953,35,35,43,6,4,12
1382,1756,953,34,34,43,6,4,12
1383,1756,953,34,34,43,6,4,12
1384,1756,953,34,34,43,6,4,13
1385,1756,953,33,33,43,6,4,14
1386,1756,953,33,33,43,6,4,14
1387,1756,953,33,33,43,6,4,15
1388,1756,952,33,33,43,6,4,16
1389,1755,952,34,32,43,6,4,16
1390,1755,952,34,32,43,6,4,16
1391,1755,952,33,31,43,6,4,17
1392,1755,952,32,31,43,6,4,17
1393,1755,952,32,31,43,6,4,16
1394,1754,952,32,31,43,6,4,15
1395,1754,951,32,31,43,6,4,15
1396,1754,951,32,31,43,6,4,15
1397,1754,951,32,30,43,6,4,15
1398,1754,951,31,30,43,6,4,13
1399,1753,951,31,30,43,6,4,10
1400,1753,951,31,30,43,6,4,6
1401,1753,951,30,30,43,6,4,4
1402,1753,950,29,30,43,6,4,3
1403,1752,950,29,29,43,6,4,6
1404,1752,950,29,29,43,6,4,9
1405,1751,949,29,29,43,6,4,15
1406,1751,949,29,29,43,6,4,18
1407,1752,949,28,28,43,6,4,20
1408,1751,949,29,27,43,6,4,20
1409,1751,949,28,27,43,6,4,18
1410,1751,949,29,27,43,6,4,16
1411,1750,949,29,27,43,6,4,12
1412,1750,949,29,27,43,6,4,10
1413,1750,949,29,27,43,6,4,7
1414,1750,949,29,26,43,6,4,6
1415,1749,949,29,26,43,6,4,5
1416,1749,949,29,26,43,6,4,4
1417,1749,949,28,26,43,6,4,5
1418,1748,949,29,26,43,6,4,4
1419,1748,948,28,26,43,6,4,5
1420,1748,948,28,26,43,6,4,8
1421,1749,948,27,26,43,6,4,13
1422,1749,948,26,25,43,6,4,18
1423,1749,947,26,25,43,6,4,19
1424,1749,947,26,25,43,6,4,19
1425,1749,947,26,25,43,6,4,18
1426,1749,947,26,24,43,6,4,19
1427,1749,947,26,24,43,6,4,20
1428,1748,947,27,24,43,6,4,21
1429,1748,946,26,24,43,6,4,23
1430,1748,946,25,24,43,6,4,21
1431,1748,946,24,23,43,6,4,18
1432,1747,946,24,23,43,6,4,17
1433,1747,946,24,23,43,6,4,17
1434,1747,945,24,23,43,6,4,18
1435,1747,945,24,23,43,6,4,15
1436,1747,945,23,23,43,6,4,14
1437,1747,945,23,22,43,6,4,12
1438,1747,945,23,22,43,6,4,9
1439,1747,945,22,22,43,6,4,7
1440,1746,945,22,22,43,6,4,4
1441,1746,945,22,22,43,6,4,4
1442,1746,945,22,22,43,6,4,3
1443,1746,945,22,21,43,6,4,3
1444,1746,945,22,21,43,6,4,3
1445,1746,945,22,21,43,6,4,2
1446,1746,945,22,22,43,6,4,2
1447,1746,945,22,22,43,6,4,3
1448,1745,945,22,22,43,6,4,5
1449,1745,945,23,22,43,6,4,6
1450,1745,945,23,22,43,6,4,5
1451,1745,944,22,22,43,6,4,4
1452,1745,944,21,22,43,6,4,5
1453,1745,944,21,22,43,6,4,7
1454,1744,944,21,22,43,6,4,8
1455,1744,944,21,22,43,6,4,7
1456,1744,944,21,22,43,6,4,6
1457,1744,944,21,22,43,6,4,7
1458,1743,944,21,22,43,6,4,9
1459,1743,944,21,22,43,6,4,7
1460,1743,944,21,22,43,6,4,5
1461,1743,943,21,22,43,6,4,3
1462,1743,943,21,22,43,6,4,3
1463,1743,943,21,22,43,6,4,3
1464,1743,944,20,21,43,6,4,3
1465,1743,944,20,21,43,6,4,5
1466,1743,944,19,21,43,6,4,5
1467,1742,944,20,21,43,6,4,9
1468,1741,943,21,22,43,6,4,9
1469,1741,944,21,22,43,6,4,11
1470,1741,944,21,21,43,6,4,9
1471,1741,944,20,22,43,6,4,8
1472,1741,944,20,22,43,6,4,7
1473,1741,944,20,22,43,6,4,5
1474,1741,944,20,21,43,6,4,4
1475,1741,944,20,22,43,6,4,6
1476,1742,944,20,21,43,6,4,9
1477,1742,944,19,21,43,6,4,10
1478,1741,944,20,21,43,6,4,8
1479,1741,944,20,21,43,6,4,4
1480,1741,944,20,21,43,6,4,4
1481,1741,945,20,21,43,6,4,5
1482,1740,945,21,20,43,6,4,8
1483,1740,945,21,20,43,6,4,9
1484,1740,945,21,20,43,6,4,7
1485,1740,946,21,20,43,6,4,5
1486,1740,946,19,19,43,6,4,4
2026,1399,982,202,154,52,9,1,27
2027,1378,981,211,157,52,9,1,26
2028,1357,981,219,162,52,9,1,26
2029,1333,979,229,167,52,9,1,25
2030,1307,978,239,171,52,9,1,24
2031,1280,976,250,176,52,9,1,24
2032,1251,975,261,181,52,9,1,23
2033,1219,973,274,185,52,9,1,23
2034,1185,971,287,190,52,9,1,22
2035,1148,967,302,197,52,9,1,22
2036,1108,965,317,203,52,9,1,22
2037,1065,961,334,209,52,9,1,22
2038,1018,956,353,218,52,9,1,22
2039,967,952,373,225,52,9,1,22
2040,910,946,396,235,52,9,1,22
2041,849,942,420,241,52,9,1,22
2042,781,936,448,251,52,9,1,22
2043,709,928,477,262,52,9,1,22
2044,629,919,510,274,52,9,1,22
2045,540,911,545,285,52,9,1,22
2046,442,901,585,298,52,9,1,22
2047,331,891,634,312,52,9,1,22
2048,206,879,688,328,52,9,1,22
2049,71,865,745,345,52,9,1,22
2050,0,851,729,363,52,9,1,21
2051,0,834,630,383,52,9,1,21
2052,0,813,521,394,52,9,1,20
2053,1,792,398,420,52,9,1,20
2054,0,800,259,411,52,9,1,19
1885,0,590,49,102,58,6,10,4
1886,0,580,75,127,58,6,10,4
1887,0,571,99,148,58,6,10,4
1889,0,486,147,246,58,6,10,4
1890,0,486,171,252,58,6,10,4
1891,0,485,195,258,58,6,10,4
1892,0,485,219,266,58,6,10,4
1893,0,486,241,272,58,6,10,4
1894,0,485,262,278,58,6,10,4
1895,0,485,284,284,58,6,10,4
1896,0,484,305,293,58,6,10,4
1897,0,483,325,300,58,6,10,4
1898,0,483,348,307,58,6,10,4
1899,0,484,370,314,58,6,10,4
1900,0,488,386,316,58,6,10,4
1901,0,495,400,317,58,6,10,4
1902,0,502,418,317,58,6,10,4
1903,0,509,437,318,58,6,10,4
1904,0,514,456,320,58,6,10,4
1905,5,520,473,321,58,6,10,4
1906,25,525,466,321,58,6,10,4
1907,43,534,465,317,58,6,10,4
1908,58,540,466,316,58,6,10,4
1909,73,545,466,321,58,6,10,4
1910,87,550,469,320,58,6,10,4
1911,100,557,469,319,58,6,10,4
1912,114,562,489,320,58,6,10,4
1913,128,566,469,322,58,6,10,4
1914,142,572,467,323,58,6,10,4
1915,154,576,466,325,58,6,10,4
1916,166,579,467,330,58,6,10,4
1917,177,583,476,329,58,6,10,4
1918,187,586,461,328,58,6,10,4
1919,196,589,460,329,58,6,10,3
1920,205,594,458,328,58,6,10,3
1921,212,596,458,330,58,6,10,3
1922,220,599,455,331,58,6,10,3
1923,227,601,452,334,58,6,10,2
1924,233,604,452,333,58,6,10,2
1925,238,605,449,334,58,6,10,2
1926,243,606,447,336,58,6,10,2
1927,248,608,447,336,58,6,10,1
1928,252,611,445,335,58,6,10,1
1929,257,613,444,336,58,6,10,1
1930,261,616,442,336,58,6,10,1
1931,267,619,442,335,58,6,10,1
1932,273,623,440,337,58,6,10,2
1933,281,625,438,340,58,6,10,2
1934,290,627,438,344,58,6,10,3
1935,299,631,438,347,58,6,10,3
1936,310,636,436,348,58,6,10,4
1937,322,642,436,352,58,6,10,4
1938,334,649,438,357,58,6,10,5
1939,348,654,438,362,58,6,10,6
1940,362,661,444,368,58,6,10,6
1941,378,670,445,372,58,6,10,7
1942,393,681,449,369,58,6,10,7
1943,411,687,455,370,58,6,10,6
1944,428,699,465,363,58,6,10,6
1945,447,709,473,363,58,6,10,6
1946,466,726,483,359,58,6,10,6
1947,488,743,492,357,58,6,10,6
1948,513,758,501,354,58,6,10,6
1949,538,776,510,351,58,6,10,7
1950,570,790,518,351,58,6,10,7
1951,603,799,520,358,58,6,10,8
1952,639,807,518,365,58,6,10,8
1953,676,820,519,366,58,6,10,8
1954,715,831,530,373,58,6,10,8
1955,757,843,521,374,58,6,10,8
1956,801,856,510,372,58,6,10,9
1957,847,868,520,372,58,6,10,9
1958,895,880,508,374,58,6,10,9
1959,945,894,497,369,58,6,10,9
1960,992,906,491,368,58,6,10,10
1961,1031,920,495,364,58,6,10,10
1962,1071,931,491,359,58,6,10,10
1963,1110,943,488,353,58,6,10,10
1964,1149,956,484,345,58,6,10,10
1965,1187,966,475,338,58,6,10,11
1966,1225,978,466,329,58,6,10,11
1967,1262,989,454,320,58,6,10,11
1968,1297,1001,438,308,58,6,10,12
1969,1333,1008,424,301,58,6,10,12
1970,1367,1017,409,292,58,6,10,13
1971,1400,1025,395,282,58,6,10,13
1972,1430,1033,383,270,58,6,10,14
1973,1462,1039,367,264,58,6,10,14
1974,1491,1045,353,258,58,6,10,14
1975,1519,1051,340,252,58,6,10,14
1976,1545,1054,326,249,58,6,10,14
1977,1569,1057,311,244,58,6,10,14
1978,1591,1062,297,237,58,6,10,14
1979,1611,1064,285,231,58,6,10,14
1980,1629,1065,274,226,58,6,10,14
1981,1646,1067,263,220,58,6,10,14
1982,1662,1067,250,216,58,6,10,15
1983,1676,1066,242,211,58,6,10,15
1984,1689,1064,232,208,58,6,10,16
1985,1700,1063,224,205,58,6,10,16
1986,1710,1061,216,201,58,6,10,17
1987,1720,1060,207,196,58,6,10,17
1988,1728,1058,199,192,58,6,10,17
1989,1735,1057,192,187,58,6,10,18
1990,1742,1055,185,184,58,6,10,18
1991,1749,1052,179,178,58,6,10,20
1992,1755,1050,174,174,58,6,10,21
1993,1760,1046,168,172,58,6,10,22
1994,1762,1044,167,167,58,6,10,22
1995,1766,1041,163,164,58,6,10,23
1996,1771,1038,157,161,58,6,10,23
1997,1775,1038,151,155,58,6,10,24
1998,1778,1036,147,151,58,6,10,24
1999,1780,1033,146,148,58,6,10,25
2000,1782,1032,140,143,58,6,10,25
2001,1784,1029,137,141,58,6,10,25
2002,1785,1027,135,137,58,6,10,25
2003,1787,1025,132,135,58,6,10,26
2004,1787,1024,130,129,58,6,10,26
2005,1788,1020,127,128,58,6,10,26
2006,1789,1018,124,127,58,6,10,26
2007,1789,1015,121,125,58,6,10,26
2008,1789,1013,117,122,58,6,10,26
2009,1788,1006,114,124,58,6,10,26
2011,1786,1004,110,116,58,6,10,26
2012,1784,1004,108,111,58,6,10,27
2013,1783,1000,108,110,58,6,10,28
2014,1780,998,107,106,58,6,10,29
2015,1780,996,105,105,58,6,10,29
2016,1778,991,104,105,58,6,10,30
2017,1777,990,101,103,58,6,10,31
2021,1772,982,95,93,58,6,10,31
2022,1771,980,93,92,58,6,10,32
2023,1770,978,87,90,58,6,10,32
2024,1770,976,87,89,58,6,10,34
2025,1767,975,88,88,58,6,10,36
2042,1762,952,59,58,58,6,10,40
2043,1763,952,58,57,58,6,10,41
2044,1763,952,57,57,58,6,10,41
2045,1763,952,57,57,58,6,10,41
2046,1764,952,56,56,58,6,10,36
2047,1764,952,56,56,58,6,10,29
2048,1765,952,55,55,58,6,10,21
2049,1765,952,55,55,58,6,10,17
2050,1765,952,54,54,58,6,10,15
2051,1765,952,54,54,58,6,10,14
2061,1769,953,51,50,58,6,10,14
2062,1770,953,52,49,58,6,10,14
2063,1771,953,51,49,58,6,10,13
2064,1772,954,51,49,58,6,10,13
2070,1782,958,53,48,58,6,10,12
2071,1785,960,53,47,58,6,10,12
2072,1788,961,51,46,58,6,10,12
2073,1791,962,51,45,58,6,10,11
2074,1795,963,50,45,58,6,10,11
2075,1799,964,50,45,58,6,10,11
2179,753,1172,569,385,67,9,0,37
2180,913,1165,491,344,67,9,0,37
2181,1041,1158,431,311,67,9,0,37
2182,1148,1152,382,284,67,9,0,37
2183,1236,1146,344,260,67,9,0,37
2184,1311,1140,312,240,67,9,0,37
2185,1374,1134,288,225,67,9,0,37
2186,1427,1129,267,209,67,9,0,37
2187,1474,1123,247,195,67,9,0,37
2188,1514,1118,230,184,67,9,0,37
2189,1548,1113,216,174,67,9,0,37
2190,1578,1109,202,165,67,9,0,37
2191,1604,1104,191,157,67,9,0,37
2192,1626,1100,182,149,67,9,0,37
2193,1647,1095,172,143,67,9,0,37
2194,1664,1089,163,138,67,9,0,37
2195,1680,1086,155,131,67,9,0,37
2196,1695,1084,146,123,67,9,0,37
2197,1706,1079,141,119,67,9,0,37
2198,1717,1074,136,115,67,9,0,38
2199,1726,1069,130,112,67,9,0,38
2200,1734,1065,121,108,67,9,0,38
2201,1741,1061,111,104,67,9,0,38
2202,1747,1056,112,101,67,9,0,38
2203,1753,1054,107,96,67,9,0,38
2204,1758,1052,102,91,67,9,0,38
2205,1762,1047,94,90,67,9,0,38
2206,1765,1045,92,87,67,9,0,37
2207,1767,1036,91,90,67,9,0,37
2208,1771,1031,85,90,67,9,0,36
2209,1773,1034,83,83,67,9,0,36
2210,1774,1030,82,80,67,9,0,37
2211,1776,1027,81,78,67,9,0,38
2212,1777,1023,80,77,67,9,0,38
2213,1778,1023,78,73,67,9,0,39
2214,1778,1022,76,70,67,9,0,39
2215,1779,1020,74,67,67,9,0,39
2216,1779,1016,72,67,67,9,0,38
2217,1777,1012,73,67,67,9,0,38
2218,1777,1010,71,64,67,9,0,38
2219,1778,1008,67,62,67,9,0,37
2220,1776,1006,66,61,67,9,0,37
2221,1776,1004,66,60,67,9,0,36
2222,1775,1001,63,60,67,9,0,35
2223,1773,999,63,58,67,9,0,34
2224,1772,997,62,59,67,9,0,33
2225,1771,994,63,57,67,9,0,34
2226,1771,991,60,56,67,9,0,35
2227,1769,989,59,55,67,9,0,35
2228,1769,989,58,53,67,9,0,35
2229,1768,987,57,53,67,9,0,36
2230,1767,985,54,51,67,9,0,37
2231,1766,984,53,49,67,9,0,37
2232,1765,982,51,48,67,9,0,38
2233,1764,982,51,45,67,9,0,39
2234,1764,979,51,46,67,9,0,39
2235,1763,978,50,45,67,9,0,38
2236,1763,976,49,45,67,9,0,37
2237,1762,975,48,45,67,9,0,35
2238,1761,974,49,44,67,9,0,35
2239,1762,973,46,43,67,9,0,34
2240,1763,972,45,42,67,9,0,34
2241,1763,972,44,40,67,9,0,35
2242,1763,972,43,39,67,9,0,34
2243,1763,971,43,38,67,9,0,34
2244,1762,971,43,38,67,9,0,32
2245,1762,970,42,38,67,9,0,30
2246,1762,969,41,38,67,9,0,28
2247,1763,969,40,37,67,9,0,25
2248,1763,969,39,37,67,9,0,23
2249,1763,968,40,37,67,9,0,21
2250,1763,968,40,36,67,9,0,19
2251,1763,967,39,37,67,9,0,18
2252,1763,967,39,36,67,9,0,17
2253,1763,967,39,35,67,9,0,17
2254,1764,967,38,35,67,9,0,18
2255,1764,967,38,34,67,9,0,18
2256,1764,966,38,34,67,9,0,18
2257,1764,966,37,34,67,9,0,18
2258,1764,966,37,33,67,9,0,18
2259,1765,966,35,33,67,9,0,17
2260,1765,966,36,33,67,9,0,16
2261,1765,967,35,31,67,9,0,16
2262,1766,966,34,31,67,9,0,15
2263,1766,965,34,31,67,9,0,17
2264,1766,963,36,34,67,9,0,18
2265,1767,964,35,31,67,9,0,20
2266,1766,964,33,31,67,9,0,21
2267,1766,964,32,31,67,9,0,21
2268,1766,963,30,31,67,9,0,19
2269,1766,960,31,33,67,9,0,19
2270,1766,961,30,32,67,9,0,16
0,486,613,236,118,71,5,0,0
1,487,613,236,118,71,5,0,0
2,487,613,236,118,71,5,0,0
3,487,613,236,118,71,5,0,0
4,487,613,236,118,71,5,0,0
5,487,613,236,118,71,5,0,0
6,487,613,236,118,71,5,0,0
7,487,613,236,118,71,5,0,0
8,487,613,236,118,71,5,0,0
9,487,613,236,118,71,5,0,0
10,487,613,236,118,71,5,0,0
11,487,613,236,118,71,5,0,0
12,487,613,237,118,71,5,0,0
13,487,613,236,118,71,5,0,0
14,487,613,236,118,71,5,0,0
15,487,613,236,118,71,5,0,0
16,487,613,236,118,71,5,0,0
17,487,613,236,118,71,5,0,0
18,487,613,236,118,71,5,0,0
19,487,613,236,118,71,5,0,0
20,487,613,236,118,71,5,0,0
21,487,613,236,118,71,5,0,0
22,487,613,236,118,71,5,0,0
23,487,613,236,118,71,5,0,0
24,487,613,236,118,71,5,0,0
25,487,613,236,118,71,5,0,0
26,487,613,236,118,71,5,0,0
27,487,613,236,118,71,5,0,0
28,487,613,236,118,71,5,0,0
29,487,613,236,118,71,5,0,0
30,487,613,236,118,71,5,0,0
31,487,613,236,118,71,5,0,0
32,487,613,236,118,71,5,0,0
33,487,613,236,118,71,5,0,0
34,487,613,236,118,71,5,0,0
35,487,613,236,118,71,5,0,0
36,487,613,236,118,71,5,0,0
37,487,613,236,118,71,5,0,0
38,487,613,236,118,71,5,0,0
39,487,613,236,118,71,5,0,0
40,487,613,236,118,71,5,0,0
41,487,613,236,118,71,5,0,0
42,487,613,236,119,71,5,0,0
43,487,613,236,119,71,5,0,0
44,487,613,236,119,71,5,0,0
45,487,613,236,119,71,5,0,0
46,487,613,236,119,71,5,0,0
47,487,613,236,119,71,5,0,0
48,487,613,236,119,71,5,0,0
49,487,613,236,119,71,5,0,0
50,487,613,236,119,71,5,0,0
51,487,613,236,119,71,5,0,0
52,487,613,237,119,71,5,0,0
53,487,613,236,119,71,5,0,0
54,487,613,236,119,71,5,0,0
55,487,613,236,119,71,5,0,0
56,487,613,236,119,71,5,0,0
57,487,613,236,119,71,5,0,0
58,487,613,236,119,71,5,0,0
59,487,613,236,119,71,5,0,0
60,487,613,236,118,71,5,0,0
61,488,613,236,118,71,5,0,0
62,487,613,236,118,71,5,0,0
63,487,613,236,118,71,5,0,0
64,487,613,236,118,71,5,0,0
65,487,613,236,118,71,5,0,0
66,487,613,236,118,71,5,0,0
67,487,613,236,118,71,5,0,0
68,487,613,236,118,71,5,0,0
69,487,613,236,118,71,5,0,0
70,487,613,236,118,71,5,0,0
71,487,613,236,118,71,5,0,0
72,487,613,236,118,71,5,0,0
73,487,613,236,118,71,5,0,0
74,487,613,236,118,71,5,0,0
75,487,613,236,118,71,5,0,0
76,487,613,236,118,71,5,0,0
77,487,613,236,118,71,5,0,0
78,487,613,236,118,71,5,0,0
79,487,613,236,118,71,5,0,0
80,487,613,236,118,71,5,0,0
81,487,613,237,118,71,5,0,0
82,487,613,236,118,71,5,0,0
83,487,613,237,118,71,5,0,0
84,487,613,236,118,71,5,0,0
85,487,613,236,118,71,5,0,0
86,487,613,237,118,71,5,0,0
87,487,613,236,119,71,5,0,0
88,487,613,236,119,71,5,0,0
89,487,613,236,119,71,5,0,0
90,487,613,236,119,71,5,0,0
91,487,613,236,119,71,5,0,0
92,487,613,236,118,71,5,0,0
93,487,613,236,119,71,5,0,0
94,487,613,236,118,71,5,0,0
95,487,613,236,118,71,5,0,0
96,487,613,236,118,71,5,0,0
97,487,613,236,118,71,5,0,0
98,487,613,236,118,71,5,0,0
99,487,613,236,118,71,5,0,0
100,487,613,236,118,71,5,0,0
101,487,613,236,118,71,5,0,0
102,487,613,236,118,71,5,0,0
103,487,613,236,118,71,5,0,0
104,487,613,236,118,71,5,0,0
105,487,613,236,118,71,5,0,0
106,487,613,236,118,71,5,0,0
107,487,613,236,119,71,5,0,0
108,486,613,237,118,71,5,0,0
109,486,613,237,118,71,5,0,0
110,486,613,237,118,71,5,0,0
111,486,613,237,118,71,5,0,0
112,486,613,237,118,71,5,0,0
113,486,613,237,118,71,5,0,0
114,486,613,237,118,71,5,0,0
115,486,613,237,118,71,5,0,0
116,486,613,237,118,71,5,0,0
117,486,613,237,118,71,5,0,0
118,486,613,237,118,71,5,0,0
119,486,613,237,118,71,5,0,0
120,486,613,237,118,71,5,0,0
121,486,613,237,118,71,5,0,0
122,486,614,237,118,71,5,0,0
123,486,614,237,118,71,5,0,0
124,486,614,237,118,71,5,0,0
125,486,614,237,118,71,5,0,0
126,486,614,237,118,71,5,0,0
127,486,614,237,118,71,5,0,0
128,486,614,237,118,71,5,0,0
129,486,614,237,118,71,5,0,0
130,486,613,237,118,71,5,0,0
131,486,613,237,118,71,5,0,0
132,486,613,237,118,71,5,0,0
133,486,613,237,118,71,5,0,0
134,486,613,237,118,71,5,0,0
135,486,613,237,118,71,5,0,0
136,486,613,237,118,71,5,0,0
137,486,613,237,118,71,5,0,0
138,486,613,238,118,71,5,0,0
139,486,613,237,118,71,5,0,0
140,486,613,237,118,71,5,0,0
141,486,613,237,118,71,5,0,0
142,486,613,237,118,71,5,0,0
143,486,613,237,118,71,5,0,0
144,486,613,237,118,71,5,0,0
145,486,613,237,118,71,5,0,0
146,486,613,237,118,71,5,0,0
147,486,613,237,118,71,5,0,0
148,486,613,237,118,71,5,0,0
149,486,613,237,118,71,5,0,0
150,486,613,237,118,71,5,0,0
151,486,613,237,118,71,5,0,0
152,486,613,237,118,71,5,0,0
153,486,613,237,118,71,5,0,0
154,486,613,237,118,71,5,0,0
155,486,613,237,118,71,5,0,0
156,486,613,238,118,71,5,0,0
157,486,613,238,118,71,5,0,0
158,486,613,238,118,71,5,0,0
159,486,613,238,118,71,5,0,0
160,486,613,238,118,71,5,0,0
161,486,613,238,119,71,5,0,0
162,486,613,238,118,71,5,0,0
163,486,613,238,118,71,5,0,0
164,486,613,238,118,71,5,0,0
165,486,613,238,118,71,5,0,0
166,486,613,238,119,71,5,0,0
167,486,613,238,119,71,5,0,0
168,486,613,238,118,71,5,0,0
169,486,613,237,118,71,5,0,0
170,486,613,237,118,71,5,0,0
171,486,613,238,118,71,5,0,0
172,486,613,238,118,71,5,0,0
173,486,613,238,119,71,5,0,0
174,486,613,237,119,71,5,0,0
175,486,613,237,119,71,5,0,0
176,486,613,237,119,71,5,0,0
177,486,613,237,118,71,5,0,0
178,486,613,237,119,71,5,0,0
179,486,613,237,118,71,5,0,0
180,486,613,238,118,71,5,0,0
181,486,613,238,119,71,5,0,0
182,486,613,238,118,71,5,0,0
183,486,613,238,118,71,5,0,0
184,486,613,238,118,71,5,0,0
185,486,613,238,118,71,5,0,0
186,486,613,238,118,71,5,0,0
187,486,613,238,118,71,5,0,0
188,486,613,238,118,71,5,0,0
189,487,613,237,119,71,5,0,0
190,487,613,237,118,71,5,0,0
191,486,613,237,118,71,5,0,0
192,486,613,237,118,71,5,0,0
193,486,613,237,118,71,5,0,0
194,486,613,237,118,71,5,0,0
195,486,613,237,118,71,5,0,0
196,486,613,237,118,71,5,0,0
197,487,613,237,118,71,5,0,0
198,487,613,237,118,71,5,0,0
199,487,613,237,118,71,5,0,0
200,487,613,237,118,71,5,0,0
201,487,613,237,118,71,5,0,0
202,487,613,237,118,71,5,0,0
203,487,613,237,118,71,5,0,0
204,487,613,237,119,71,5,0,0
205,487,613,237,118,71,5,0,0
206,487,613,237,119,71,5,0,0
207,487,613,237,119,71,5,0,0
208,487,613,237,118,71,5,0,0
209,487,613,237,119,71,5,0,0
210,487,613,237,119,71,5,0,0
211,487,613,237,119,71,5,0,0
212,487,613,237,119,71,5,0,0
213,487,613,237,119,71,5,0,0
214,487,613,237,119,71,5,0,0
215,487,613,237,119,71,5,0,0
216,487,613,237,118,71,5,0,0
217,487,613,237,119,71,5,0,0
218,487,613,237,119,71,5,0,0
219,487,613,237,118,71,5,0,0
220,487,613,237,118,71,5,0,0
221,487,613,237,118,71,5,0,0
222,487,613,237,119,71,5,0,0
223,487,613,237,119,71,5,0,0
224,487,613,237,119,71,5,0,0
225,487,613,237,119,71,5,0,0
226,487,613,237,119,71,5,0,0
227,487,613,237,119,71,5,0,0
228,487,613,237,119,71,5,0,0
229,487,613,237,119,71,5,0,0
230,487,613,237,119,71,5,0,0
231,487,613,237,119,71,5,0,0
232,487,613,237,119,71,5,0,0
233,487,613,237,119,71,5,0,0
234,487,613,237,119,71,5,0,0
235,487,613,237,119,71,5,0,0
236,487,613,237,119,71,5,0,0
237,487,613,237,119,71,5,0,0
238,487,613,237,119,71,5,0,0
239,487,613,237,119,71,5,0,0
240,487,613,237,119,71,5,0,0
241,487,613,237,119,71,5,0,0
242,487,613,237,119,71,5,0,0
243,487,613,237,119,71,5,0,0
244,487,613,237,119,71,5,0,0
245,487,613,237,119,71,5,0,0
246,487,613,237,119,71,5,0,0
247,487,613,237,119,71,5,0,0
248,487,613,237,119,71,5,0,0
249,487,613,236,119,71,5,0,0
250,487,613,236,119,71,5,0,0
251,487,613,236,119,71,5,0,0
252,487,613,236,118,71,5,0,0
253,487,613,236,118,71,5,0,0
254,487,613,236,118,71,5,0,0
255,487,613,236,118,71,5,0,0
256,487,613,236,118,71,5,0,0
257,487,613,236,118,71,5,0,0
258,487,613,236,118,71,5,0,0
259,487,613,236,118,71,5,0,0
260,487,613,236,118,71,5,0,0
261,487,613,236,118,71,5,0,0
262,487,613,236,118,71,5,0,0
263,487,613,236,118,71,5,0,0
264,487,613,236,118,71,5,0,0
265,487,613,236,118,71,5,0,0
266,487,613,236,118,71,5,0,0
267,487,613,236,118,71,5,0,0
268,487,613,236,118,71,5,0,0
269,487,613,236,118,71,5,0,0
270,487,613,236,118,71,5,0,0
271,487,613,236,118,71,5,0,0
272,487,613,236,118,71,5,0,0
273,487,613,236,118,71,5,0,0
274,487,613,236,118,71,5,0,0
275,487,613,236,118,71,5,0,0
276,487,613,236,118,71,5,0,0
277,487,613,236,118,71,5,0,0
278,487,613,236,118,71,5,0,0
279,487,613,236,118,71,5,0,0
280,487,613,235,118,71,5,0,0
281,487,613,236,118,71,5,0,0
282,487,613,236,118,71,5,0,0
283,487,613,236,118,71,5,0,0
284,487,613,236,118,71,5,0,0
285,488,613,236,118,71,5,0,0
286,487,613,236,118,71,5,0,0
287,487,613,236,118,71,5,0,0
288,487,613,236,118,71,5,0,0
289,487,613,236,118,71,5,0,0
290,487,613,236,118,71,5,0,0
291,487,613,236,118,71,5,0,0
292,487,613,236,118,71,5,0,0
293,487,613,236,118,71,5,0,0
294,487,613,236,118,71,5,0,0
295,487,613,236,118,71,5,0,0
296,487,613,236,118,71,5,0,0
297,487,613,236,118,71,5,0,0
298,487,613,236,118,71,5,0,0
299,487,613,236,118,71,5,0,0
300,487,613,236,118,71,5,0,0
301,487,613,236,118,71,5,0,0
302,487,613,236,119,71,5,0,0
303,487,613,236,119,71,5,0,0
304,487,613,236,119,71,5,0,0
305,487,613,236,118,71,5,0,0
306,487,613,236,119,71,5,0,0
307,487,613,236,119,71,5,0,0
308,487,613,236,119,71,5,0,0
309,487,613,236,118,71,5,0,0
310,487,613,236,119,71,5,0,0
311,487,613,236,119,71,5,0,0
312,487,613,237,119,71,5,0,0
313,487,613,237,119,71,5,0,0
314,487,613,236,119,71,5,0,0
315,487,613,237,119,71,5,0,0
316,487,613,237,119,71,5,0,0
317,487,613,237,119,71,5,0,0
318,487,613,236,119,71,5,0,0
319,487,613,237,119,71,5,0,0
320,487,613,236,119,71,5,0,0
321,487,613,236,119,71,5,0,0
322,487,613,236,119,71,5,0,0
323,487,613,236,119,71,5,0,0
324,487,613,236,119,71,5,0,0
325,487,613,237,119,71,5,0,0
326,487,613,236,119,71,5,0,0
327,487,613,236,119,71,5,0,0
328,487,613,237,119,71,5,0,0
329,487,613,236,119,71,5,0,0
330,487,613,236,119,71,5,0,0
331,487,613,236,119,71,5,0,0
332,487,613,236,119,71,5,0,0
333,487,613,236,119,71,5,0,0
334,487,613,236,119,71,5,0,0
335,487,613,236,119,71,5,0,0
336,487,613,237,119,71,5,0,0
337,487,613,237,119,71,5,0,0
338,487,613,237,119,71,5,0,0
339,487,613,237,119,71,5,0,0
340,487,613,237,119,71,5,0,0
341,487,613,237,119,71,5,0,0
342,486,613,237,118,71,5,0,0
343,486,613,237,118,71,5,0,0
344,486,613,237,118,71,5,0,0
345,486,613,237,118,71,5,0,0
346,486,613,237,118,71,5,0,0
347,486,613,237,118,71,5,0,0
348,486,614,237,118,71,5,0,0
349,486,614,237,118,71,5,0,0
350,486,614,237,118,71,5,0,0
351,486,614,237,118,71,5,0,0
352,486,614,237,118,71,5,0,0
353,486,614,237,118,71,5,0,0
354,486,614,237,118,71,5,0,0
355,486,614,237,118,71,5,0,0
356,486,614,237,118,71,5,0,0
357,486,614,237,118,71,5,0,0
358,486,614,237,118,71,5,0,0
359,486,614,237,118,71,5,0,0
360,487,613,236,118,71,5,0,0
361,487,613,236,118,71,5,0,0
362,487,613,237,118,71,5,0,0
363,487,613,237,118,71,5,0,0
364,487,613,237,118,71,5,0,0
365,487,613,237,118,71,5,0,0
366,487,613,237,118,71,5,0,0
367,487,613,237,118,71,5,0,0
368,487,613,237,118,71,5,0,0
369,487,613,237,118,71,5,0,0
370,487,613,237,118,71,5,0,0
371,487,613,237,118,71,5,0,0
372,486,613,237,118,71,5,0,0
373,486,613,237,118,71,5,0,0
374,486,613,237,118,71,5,0,0
375,487,613,237,118,71,5,0,0
376,487,613,237,118,71,5,0,0
377,487,613,237,118,71,5,0,0
378,487,613,237,118,71,5,0,0
379,487,613,237,118,71,5,0,0
380,487,613,237,118,71,5,0,0
381,487,613,237,118,71,5,0,0
382,487,613,237,118,71,5,0,0
383,487,613,237,118,71,5,0,0
384,487,613,237,118,71,5,0,0
385,487,613,237,118,71,5,0,0
386,487,613,237,118,71,5,0,0
387,487,613,237,118,71,5,0,0
388,487,613,237,118,71,5,0,0
389,487,613,237,118,71,5,0,0
390,487,613,237,118,71,5,0,0
391,487,613,237,119,71,5,0,0
392,487,613,237,119,71,5,0,0
393,487,613,237,119,71,5,0,0
394,487,613,237,119,71,5,0,0
395,487,613,237,118,71,5,0,0
396,487,613,237,118,71,5,0,0
397,487,613,237,118,71,5,0,0
398,487,613,237,118,71,5,0,0
399,487,613,237,118,71,5,0,0
400,487,613,237,118,71,5,0,0
401,487,613,237,118,71,5,0,0
402,487,613,237,118,71,5,0,0
403,487,613,237,118,71,5,0,0
404,487,613,237,118,71,5,0,0
405,487,613,237,118,71,5,0,0
406,487,613,237,118,71,5,0,0
407,487,613,237,118,71,5,0,0
408,487,613,237,119,71,5,0,0
409,487,613,237,118,71,5,0,0
410,487,613,237,118,71,5,0,0
411,487,613,237,118,71,5,0,0
412,487,613,237,118,71,5,0,0
413,487,613,237,118,71,5,0,0
414,487,613,237,118,71,5,0,0
415,487,613,237,118,71,5,0,0
416,487,613,237,118,71,5,0,0
417,487,613,237,118,71,5,0,0
418,487,613,237,118,71,5,0,0
419,487,613,237,118,71,5,0,0
420,487,613,237,118,71,5,0,0
421,487,613,237,118,71,5,0,0
422,487,613,236,118,71,5,0,0
423,487,613,236,118,71,5,0,0
424,487,613,236,118,71,5,0,0
425,487,613,236,118,71,5,0,0
426,487,613,236,118,71,5,0,0
427,487,613,236,118,71,5,0,0
428,487,613,236,118,71,5,0,0
429,487,613,236,119,71,5,0,0
430,487,613,236,118,71,5,0,0
431,487,613,236,118,71,5,0,0
432,487,613,236,119,71,5,0,0
433,487,613,236,119,71,5,0,0
434,487,613,236,119,71,5,0,0
435,487,613,236,119,71,5,0,0
436,487,613,236,119,71,5,0,0
437,487,613,236,119,71,5,0,0
438,487,613,236,119,71,5,0,0
439,487,613,236,119,71,5,0,0
440,487,613,236,119,71,5,0,0
441,487,613,236,119,71,5,0,0
442,487,613,236,119,71,5,0,0
443,487,613,236,119,71,5,0,0
444,487,613,236,119,71,5,0,0
445,487,613,236,119,71,5,0,0
446,487,613,236,119,71,5,0,0
447,487,613,236,119,71,5,0,0
448,487,613,236,119,71,5,0,0
449,487,613,236,119,71,5,0,0
450,487,613,236,119,71,5,0,0
451,487,613,236,119,71,5,0,0
452,487,613,236,119,71,5,0,0
453,487,613,236,119,71,5,0,0
454,487,613,236,119,71,5,0,0
455,487,613,236,119,71,5,0,0
456,487,613,236,119,71,5,0,0
457,487,613,236,119,71,5,0,0
458,487,613,236,119,71,5,0,0
459,487,613,236,119,71,5,0,0
460,487,613,236,119,71,5,0,0
461,487,613,236,119,71,5,0,0
462,487,613,236,119,71,5,0,0
463,487,613,236,119,71,5,0,0
464,487,613,236,119,71,5,0,0
465,487,613,236,119,71,5,0,0
466,487,613,236,119,71,5,0,0
467,487,613,236,119,71,5,0,0
468,488,613,236,119,71,5,0,0
469,488,613,236,119,71,5,0,0
470,488,613,236,119,71,5,0,0
471,488,613,236,119,71,5,0,0
472,488,613,236,119,71,5,0,0
473,487,613,236,119,71,5,0,0
474,487,613,236,119,71,5,0,0
475,487,613,236,119,71,5,0,0
476,487,613,236,119,71,5,0,0
477,488,613,236,119,71,5,0,0
478,488,613,236,119,71,5,0,0
479,488,613,236,119,71,5,0,0
480,487,613,236,119,71,5,0,0
481,487,613,236,119,71,5,0,0
482,487,613,236,119,71,5,0,0
483,487,613,236,119,71,5,0,0
484,487,613,236,119,71,5,0,0
485,487,613,236,119,71,5,0,0
486,487,613,236,119,71,5,0,0
487,487,613,236,119,71,5,0,0
488,487,613,236,119,71,5,0,0
489,487,613,236,119,71,5,0,0
490,487,613,236,119,71,5,0,0
491,487,613,236,119,71,5,0,0
492,487,614,236,118,71,5,0,0
493,487,614,236,118,71,5,0,0
494,487,614,236,118,71,5,0,0
495,487,614,237,118,71,5,0,0
496,487,614,236,118,71,5,0,0
497,487,614,237,118,71,5,0,0
498,487,614,240,118,71,5,0,0
499,487,614,243,118,71,5,0,0
500,487,613,246,118,71,5,0,0
501,487,614,241,118,71,5,0,0
502,487,614,240,118,71,5,0,0
503,487,614,240,118,71,5,0,0
504,487,614,237,119,71,5,0,0
505,487,614,237,119,71,5,0,0
506,488,614,235,119,71,5,0,1
507,488,614,236,118,71,5,0,0
508,488,614,235,119,71,5,0,0
509,488,614,236,118,71,5,0,0
510,487,614,236,118,71,5,0,0
511,488,614,235,119,71,5,0,0
512,487,613,236,119,71,5,0,0
513,487,614,236,119,71,5,0,0
514,488,613,235,119,71,5,0,0
515,487,614,236,119,71,5,0,0
516,487,614,236,119,71,5,0,0
517,488,613,236,120,71,5,0,0
518,488,613,235,120,71,5,0,0
519,487,613,236,120,71,5,0,0
520,488,613,236,119,71,5,0,0
521,487,613,236,119,71,5,0,0
522,487,615,236,118,71,5,0,0
523,487,614,235,118,71,5,0,0
524,488,614,236,119,71,5,0,0
525,488,614,235,119,71,5,0,0
526,488,616,235,117,71,5,0,0
527,487,616,236,117,71,5,0,0
528,487,616,236,117,71,5,0,0
529,487,614,236,118,71,5,0,0
530,487,613,236,119,71,5,0,0
531,486,610,236,122,71,5,0,0
532,486,610,236,122,71,5,0,0
533,487,610,237,122,71,5,0,0
534,486,609,237,123,71,5,0,0
535,486,612,237,120,71,5,0,0
536,486,613,238,119,71,5,0,0
537,485,613,238,118,71,5,0,0
538,486,613,238,119,71,5,0,0
539,486,611,238,120,71,5,0,0
540,485,612,238,119,71,5,0,0
541,485,612,238,119,71,5,0,0
542,485,612,238,120,71,5,0,0
543,486,612,238,120,71,5,0,0
544,486,613,237,119,71,5,0,0
545,486,613,237,119,71,5,0,0
546,486,613,237,118,71,5,0,0
547,486,613,237,119,71,5,0,0
548,487,613,237,118,71,5,0,0
549,487,613,237,118,71,5,0,0
550,487,613,237,118,71,5,0,0
551,487,612,236,119,71,5,0,0
552,487,612,236,119,71,5,0,0
553,487,612,236,119,71,5,0,0
554,487,612,236,119,71,5,0,0
555,487,612,236,119,71,5,0,0
556,487,612,236,119,71,5,0,0
557,487,612,236,119,71,5,0,0
558,488,612,236,119,71,5,0,0
559,488,612,236,119,71,5,0,0
560,487,612,236,119,71,5,0,0
561,487,612,236,119,71,5,0,0
562,487,612,236,119,71,5,0,0
563,487,612,236,119,71,5,0,0
564,487,612,236,119,71,5,0,0
565,487,612,236,119,71,5,0,0
566,487,612,236,119,71,5,0,0
567,487,612,236,119,71,5,0,0
568,487,612,236,119,71,5,0,0
569,487,612,236,119,71,5,0,0
570,487,612,236,119,71,5,0,0
571,487,613,236,119,71,5,0,0
572,487,613,236,119,71,5,0,0
573,487,613,236,118,71,5,0,0
574,487,613,236,118,71,5,0,0
575,487,613,236,119,71,5,0,0
576,487,613,236,119,71,5,0,0
577,487,612,236,119,71,5,0,0
578,488,612,236,119,71,5,0,0
579,488,612,235,119,71,5,0,0
580,487,613,236,118,71,5,0,0
581,487,613,236,118,71,5,0,0
582,487,613,236,118,71,5,0,0
583,487,613,236,118,71,5,0,0
584,487,613,236,118,71,5,0,0
585,487,613,236,118,71,5,0,0
586,487,613,236,118,71,5,0,0
587,487,613,236,118,71,5,0,0
588,487,613,236,119,71,5,0,0
589,487,613,236,119,71,5,0,0
590,487,613,236,119,71,5,0,0
591,487,613,236,119,71,5,0,0
592,487,613,236,119,71,5,0,0
593,487,613,236,119,71,5,0,0
594,487,613,236,119,71,5,0,0
595,487,613,236,119,71,5,0,0
596,487,613,236,119,71,5,0,0
597,487,613,236,119,71,5,0,0
598,487,613,236,119,71,5,0,0
599,487,613,236,119,71,5,0,0
600,488,613,236,119,71,5,0,0
601,487,613,236,118,71,5,0,0
602,487,613,236,118,71,5,0,0
603,487,613,236,119,71,5,0,0
604,487,613,236,119,71,5,0,0
605,487,613,236,119,71,5,0,0
606,487,613,236,119,71,5,0,0
607,487,613,236,119,71,5,0,0
608,487,613,236,118,71,5,0,0
609,487,613,236,119,71,5,0,0
610,487,613,236,119,71,5,0,0
611,487,613,236,118,71,5,0,0
612,488,614,236,118,71,5,0,0
613,488,614,236,118,71,5,0,0
614,488,614,236,118,71,5,0,0
615,488,614,236,118,71,5,0,0
616,488,614,235,118,71,5,0,0
617,488,614,236,118,71,5,0,0
618,488,614,235,118,71,5,0,0
619,488,614,235,118,71,5,0,0
620,488,614,235,118,71,5,0,0
621,488,614,236,118,71,5,0,0
622,487,614,236,118,71,5,0,0
623,488,614,236,118,71,5,0,0
624,487,614,237,118,71,5,0,0
625,487,614,237,118,71,5,0,0
626,487,614,237,118,71,5,0,0
627,487,614,237,118,71,5,0,0
628,487,614,237,118,71,5,0,0
629,487,614,237,118,71,5,0,0
630,487,614,237,118,71,5,0,0
631,487,614,237,118,71,5,0,0
632,487,614,236,118,71,5,0,0
633,487,614,236,118,71,5,0,0
634,487,614,236,118,71,5,0,0
635,487,614,236,118,71,5,0,0
636,487,613,236,118,71,5,0,0
637,487,613,236,118,71,5,0,0
638,487,613,236,118,71,5,0,0
639,487,613,236,118,71,5,0,0
640,487,613,236,118,71,5,0,0
641,487,613,236,118,71,5,0,0
642,487,613,236,118,71,5,0,0
643,487,613,236,118,71,5,0,0
644,487,613,235,118,71,5,0,0
645,487,613,236,118,71,5,0,0
646,487,613,236,118,71,5,0,0
647,487,613,236,118,71,5,0,0
648,487,613,236,118,71,5,0,0
649,487,613,236,118,71,5,0,0
650,487,613,236,118,71,5,0,0
651,487,613,236,118,71,5,0,0
652,487,613,236,118,71,5,0,0
653,487,613,236,118,71,5,0,0
654,487,613,237,118,71,5,0,0
655,487,613,236,118,71,5,0,0
656,487,613,236,118,71,5,0,0
657,487,613,236,118,71,5,0,0
658,487,613,236,118,71,5,0,0
659,487,613,236,118,71,5,0,0
660,487,613,236,119,71,5,0,0
661,487,613,236,119,71,5,0,0
662,487,613,237,119,71,5,0,0
663,487,613,237,119,71,5,0,0
664,486,613,237,118,71,5,0,0
665,486,613,237,119,71,5,0,0
666,486,613,237,118,71,5,0,0
667,486,613,237,119,71,5,0,0
668,486,613,237,119,71,5,0,0
669,486,613,237,119,71,5,0,0
670,486,613,237,119,71,5,0,0
671,486,613,237,119,71,5,0,0
672,486,613,237,119,71,5,0,0
673,486,613,237,119,71,5,0,0
674,487,613,237,119,71,5,0,0
675,487,613,237,119,71,5,0,0
676,486,613,237,119,71,5,0,0
677,487,613,237,119,71,5,0,0
678,487,613,237,119,71,5,0,0
679,487,613,237,119,71,5,0,0
680,487,613,237,119,71,5,0,0
681,487,613,236,119,71,5,0,0
682,487,613,236,119,71,5,0,0
683,487,613,236,119,71,5,0,0
684,487,614,237,118,71,5,0,0
685,487,614,237,118,71,5,0,0
686,487,614,237,118,71,5,0,0
687,487,614,236,118,71,5,0,0
688,487,614,236,118,71,5,0,0
689,487,614,236,118,71,5,0,0
690,487,614,236,118,71,5,0,0
691,487,614,236,118,71,5,0,0
692,487,614,236,118,71,5,0,0
693,487,614,236,118,71,5,0,0
694,487,613,236,118,71,5,0,0
695,487,613,236,118,71,5,0,0
696,487,613,236,118,71,5,0,0
697,487,613,236,118,71,5,0,0
698,487,613,236,118,71,5,0,0
699,487,613,236,118,71,5,0,0
700,487,613,236,118,71,5,0,0
701,487,613,236,118,71,5,0,0
702,488,613,236,118,71,5,0,0
703,488,613,236,118,71,5,0,0
704,487,613,236,118,71,5,0,0
705,487,613,236,118,71,5,0,0
706,487,613,236,118,71,5,0,0
707,487,613,236,118,71,5,0,0
708,487,613,236,118,71,5,0,0
709,487,613,236,118,71,5,0,0
710,487,613,236,118,71,5,0,0
711,487,613,236,118,71,5,0,0
712,487,613,236,118,71,5,0,0
713,487,613,236,118,71,5,0,0
714,487,613,237,118,71,5,0,0
715,487,613,237,118,71,5,0,0
716,487,613,237,118,71,5,0,0
717,487,613,237,118,71,5,0,0
718,487,613,237,118,71,5,0,0
719,487,613,236,118,71,5,0,0
720,487,613,236,118,71,5,0,0
721,487,613,236,118,71,5,0,0
722,487,613,236,118,71,5,0,0
723,487,613,236,118,71,5,0,0
724,487,613,236,118,71,5,0,0
725,487,613,236,118,71,5,0,0
726,487,613,236,118,71,5,0,0
727,487,613,236,118,71,5,0,0
728,487,613,236,118,71,5,0,0
729,487,613,236,118,71,5,0,0
730,487,613,236,118,71,5,0,0
731,487,613,236,118,71,5,0,0
732,486,613,237,118,71,5,0,0
733,486,613,237,118,71,5,0,0
734,486,613,237,118,71,5,0,0
735,486,613,237,118,71,5,0,0
736,487,613,236,118,71,5,0,0
737,487,613,236,118,71,5,0,0
738,487,613,236,118,71,5,0,0
739,488,613,235,118,71,5,0,0
740,488,613,235,118,71,5,0,0
741,488,613,235,118,71,5,0,0
742,488,613,235,118,71,5,0,0
743,488,613,235,118,71,5,0,0
744,487,614,236,117,71,5,0,0
745,487,614,236,117,71,5,0,0
746,487,613,236,118,71,5,0,0
747,488,613,236,118,71,5,0,0
748,487,613,236,118,71,5,0,0
749,488,613,235,118,71,5,0,0
750,487,613,236,119,71,5,0,0
751,487,613,236,119,71,5,0,0
752,487,613,236,119,71,5,0,0
753,487,613,236,119,71,5,0,0
754,487,613,236,119,71,5,0,0
755,487,613,236,119,71,5,0,0
756,487,613,236,118,71,5,0,0
757,487,613,236,118,71,5,0,0
758,487,613,236,118,71,5,0,0
759,487,613,236,118,71,5,0,0
760,487,613,236,118,71,5,0,0
761,488,613,236,118,71,5,0,0
762,487,613,236,118,71,5,0,0
763,487,613,236,118,71,5,0,0
764,487,613,237,118,71,5,0,0
765,487,614,236,117,71,5,0,0
766,486,614,237,117,71,5,0,0
767,486,614,237,118,71,5,0,0
768,486,614,237,117,71,5,0,0
769,486,615,237,117,71,5,0,0
770,486,614,237,118,71,5,0,0
771,486,611,237,121,71,5,0,0
772,487,613,236,119,71,5,0,0
773,487,614,236,117,71,5,0,0
774,486,615,237,116,71,5,0,0
775,487,615,236,117,71,5,0,0
776,487,616,236,116,71,5,0,0
777,487,616,236,116,71,5,0,0
778,487,615,236,118,71,5,0,0
779,488,614,235,117,71,5,0,0
780,487,613,236,118,71,5,0,0
781,487,613,236,118,71,5,0,0
782,487,611,237,121,71,5,0,0
783,487,611,237,120,71,5,0,0
784,487,611,237,119,71,5,0,0
785,487,612,237,120,71,5,0,0
786,487,611,236,120,71,5,0,0
787,487,611,237,120,71,5,0,0
788,487,612,237,119,71,5,0,0
789,487,612,236,120,71,5,0,0
790,487,612,237,119,71,5,0,0
791,487,612,237,119,71,5,0,0
792,487,612,237,119,71,5,0,0
793,487,613,236,119,71,5,0,0
794,487,613,236,119,71,5,0,0
795,487,613,236,119,71,5,0,0
796,487,613,237,119,71,5,0,0
797,487,613,237,119,71,5,0,0
798,487,613,237,119,71,5,0,0
799,487,613,239,119,71,5,0,0
800,487,613,239,119,71,5,0,0
801,487,613,238,119,71,5,0,0
802,487,613,241,120,71,5,0,0
803,487,613,240,119,71,5,0,0
804,487,613,238,118,71,5,0,0
805,487,613,237,119,71,5,0,0
806,487,613,238,119,71,5,0,0
807,487,613,238,119,71,5,0,0
808,487,612,237,119,71,5,0,0
809,487,612,237,119,71,5,0,0
810,487,612,238,119,71,5,0,0
811,487,612,237,119,71,5,0,0
812,487,612,238,119,71,5,0,0
813,487,612,238,119,71,5,0,0
814,487,612,238,119,71,5,0,0
815,487,613,237,119,71,5,0,0
816,487,612,237,119,71,5,0,0
817,487,612,238,119,71,5,0,0
818,487,612,238,119,71,5,0,0
819,487,613,238,119,71,5,0,0
820,487,612,238,119,71,5,0,0
821,487,612,239,120,71,5,0,0
822,487,612,239,119,71,5,0,0
823,487,612,239,119,71,5,0,0
824,487,612,239,119,71,5,0,0
825,487,612,240,119,71,5,0,0
826,487,612,239,119,71,5,0,0
827,487,613,239,118,71,5,0,0
828,488,613,239,119,71,5,0,0
829,488,612,240,119,71,5,0,0
830,488,612,240,119,71,5,0,0
831,488,612,240,119,71,5,0,0
832,488,612,240,119,71,5,0,0
833,488,612,239,119,71,5,0,0
834,488,612,239,119,71,5,0,0
835,488,613,239,119,71,5,0,0
836,488,612,240,119,71,5,0,0
837,488,612,240,119,71,5,0,0
838,489,612,239,119,71,5,0,0
839,489,612,239,119,71,5,0,0
840,488,613,239,118,71,5,0,0
841,488,613,239,118,71,5,0,0
842,488,613,240,118,71,5,0,0
843,488,613,240,118,71,5,0,0
844,488,613,240,118,71,5,0,0
845,488,613,240,119,71,5,0,0
846,487,614,238,118,71,5,0,0
847,487,613,237,118,71,5,0,0
848,487,613,237,118,71,5,0,0
849,487,613,236,118,71,5,0,0
850,486,613,237,118,71,5,0,0
851,487,613,238,118,71,5,0,0
852,487,614,238,117,71,5,0,0
853,486,614,238,117,71,5,0,0
854,487,614,238,117,71,5,0,0
855,487,613,237,116,71,5,0,0
856,487,614,236,117,71,5,0,0
857,487,613,236,118,71,5,0,0
858,487,613,236,117,71,5,0,1
859,487,613,236,114,71,5,0,1
860,487,613,236,114,71,5,0,1
861,487,613,236,116,71,5,0,0
862,486,613,238,118,71,5,0,0
863,489,613,235,118,71,5,0,1
864,492,613,233,118,71,5,0,2
865,491,614,234,118,71,5,0,2
866,488,615,237,116,71,5,0,2
867,486,615,238,116,71,5,0,1
868,487,615,237,117,71,5,0,0
869,487,614,236,117,71,5,0,0
870,487,613,235,118,71,5,0,0
871,487,614,235,116,71,5,0,1
872,488,614,236,116,71,5,0,1
873,487,614,234,110,71,5,0,2
874,488,613,239,117,71,5,0,1
875,487,613,256,116,71,5,0,1
876,488,613,236,117,71,5,0,0
877,488,613,236,117,71,5,0,1
878,488,613,236,117,71,5,0,1
879,487,613,236,117,71,5,0,1
880,487,613,236,118,71,5,0,0
881,487,613,236,117,71,5,0,0
882,488,613,236,118,71,5,0,0
883,488,613,236,118,71,5,0,0
884,488,613,236,118,71,5,0,0
885,488,613,236,118,71,5,0,0
886,488,613,236,118,71,5,0,0
887,488,613,236,118,71,5,0,0
888,486,614,237,118,71,5,0,0
889,486,614,236,118,71,5,0,0
890,486,614,236,118,71,5,0,0
891,486,614,236,118,71,5,0,0
892,487,614,236,118,71,5,0,0
893,487,614,236,118,71,5,0,0
894,487,614,236,118,71,5,0,0
895,487,614,236,118,71,5,0,0
896,487,614,236,118,71,5,0,0
897,486,614,236,118,71,5,0,0
898,487,614,236,118,71,5,0,0
899,487,614,236,118,71,5,0,0
900,486,614,236,118,71,5,0,0
901,486,613,236,118,71,5,0,0
902,486,613,236,118,71,5,0,0
903,486,614,237,118,71,5,0,0
904,486,613,236,118,71,5,0,0
905,486,613,237,118,71,5,0,0
906,486,613,237,118,71,5,0,0
907,486,613,237,118,71,5,0,0
908,486,613,237,118,71,5,0,0
909,486,613,237,118,71,5,0,0
910,486,613,237,118,71,5,0,0
911,486,613,237,118,71,5,0,0
912,487,613,237,118,71,5,0,0
913,487,613,237,118,71,5,0,0
914,487,613,237,118,71,5,0,0
915,487,613,237,118,71,5,0,0
916,487,613,236,118,71,5,0,0
917,487,613,236,118,71,5,0,0
918,487,613,236,118,71,5,0,0
919,487,613,236,118,71,5,0,0
920,487,613,236,118,71,5,0,0
921,487,613,237,118,71,5,0,0
922,487,613,237,118,71,5,0,0
923,487,613,237,118,71,5,0,0
924,487,613,237,118,71,5,0,0
925,486,613,237,118,71,5,0,0
926,486,613,237,118,71,5,0,0
927,487,613,237,118,71,5,0,0
928,486,613,237,118,71,5,0,0
929,486,613,237,118,71,5,0,0
930,486,613,237,118,71,5,0,0
931,486,613,237,118,71,5,0,0
932,486,613,237,118,71,5,0,0
933,486,613,237,118,71,5,0,0
934,486,613,237,118,71,5,0,0
935,485,613,238,118,71,5,0,0
936,486,614,237,117,71,5,0,0
937,486,614,237,117,71,5,0,0
938,486,613,237,118,71,5,0,0
939,486,613,237,118,71,5,0,0
940,486,613,237,118,71,5,0,0
941,486,613,237,118,71,5,0,0
942,486,613,237,118,71,5,0,0
943,486,613,237,118,71,5,0,0
944,486,613,237,118,71,5,0,0
945,486,613,237,118,71,5,0,0
946,486,613,236,118,71,5,0,0
947,487,613,236,119,71,5,0,0
948,486,613,237,118,71,5,0,0
949,486,613,237,118,71,5,0,0
950,487,613,236,118,71,5,0,0
951,487,613,236,118,71,5,0,0
952,487,613,236,118,71,5,0,0
953,487,613,236,118,71,5,0,0
954,487,613,236,118,71,5,0,0
955,487,613,236,118,71,5,0,0
956,487,613,236,118,71,5,0,0
957,487,613,236,118,71,5,0,0
958,487,613,236,118,71,5,0,0
959,487,613,236,118,71,5,0,0
960,487,613,237,118,71,5,0,0
961,487,613,237,118,71,5,0,0
962,487,613,237,118,71,5,0,0
963,487,613,237,118,71,5,0,0
964,487,613,237,118,71,5,0,0
965,487,613,237,118,71,5,0,0
966,487,613,237,118,71,5,0,0
967,487,613,237,118,71,5,0,0
968,487,613,237,118,71,5,0,0
969,487,613,237,118,71,5,0,0
970,487,613,237,118,71,5,0,0
971,487,613,237,118,71,5,0,0
972,486,614,237,118,71,5,0,0
973,486,614,237,118,71,5,0,0
974,486,614,237,118,71,5,0,0
975,486,614,237,118,71,5,0,0
976,487,614,237,118,71,5,0,0
977,486,614,237,118,71,5,0,0
978,486,614,237,118,71,5,0,0
979,486,614,237,118,71,5,0,0
980,486,614,237,118,71,5,0,0
981,486,614,237,118,71,5,0,0
982,487,614,237,118,71,5,0,0
983,487,614,237,118,71,5,0,0
984,487,613,237,118,71,5,0,0
985,487,613,237,118,71,5,0,0
986,487,613,237,118,71,5,0,0
987,487,613,237,118,71,5,0,0
988,487,613,237,118,71,5,0,0
989,487,613,237,118,71,5,0,0
990,487,613,237,118,71,5,0,0
991,486,613,238,119,71,5,0,0
992,487,613,237,119,71,5,0,0
993,487,613,237,119,71,5,0,0
994,487,613,237,119,71,5,0,0
995,487,613,237,119,71,5,0,0
996,486,614,238,118,71,5,0,0
997,486,613,238,118,71,5,0,0
998,486,613,238,118,71,5,0,0
999,487,613,237,119,71,5,0,0
1000,487,614,237,119,71,5,0,0
1001,487,614,237,118,71,5,0,0
1002,487,614,237,118,71,5,0,0
1003,487,614,237,119,71,5,0,0
1004,487,614,237,119,71,5,0,0
1005,487,614,237,119,71,5,0,0
1006,487,614,237,119,71,5,0,0
1007,487,614,237,119,71,5,0,0
1008,486,614,237,119,71,5,0,0
1009,486,614,237,118,71,5,0,0
1010,486,614,237,118,71,5,0,0
1011,486,614,237,118,71,5,0,0
1012,486,614,237,118,71,5,0,0
1013,486,614,237,118,71,5,0,0
1014,486,614,237,118,71,5,0,0
1015,486,614,237,118,71,5,0,0
1016,486,614,237,118,71,5,0,0
1017,486,614,237,118,71,5,0,0
1018,486,614,238,118,71,5,0,0
1019,486,614,237,118,71,5,0,0
1020,486,614,237,118,71,5,0,0
1021,486,614,239,118,71,5,0,0
1022,486,614,239,118,71,5,0,0
1023,486,614,238,118,71,5,0,0
1024,487,614,238,118,71,5,0,0
1025,487,614,237,118,71,5,0,0
1026,487,614,237,118,71,5,0,0
1027,487,613,237,118,71,5,0,0
1028,487,613,237,118,71,5,0,0
1029,487,613,237,119,71,5,0,0
1030,487,613,240,118,71,5,0,0
1031,487,613,239,118,71,5,0,0
1032,487,613,236,118,71,5,0,0
1033,487,613,237,118,71,5,0,0
1034,487,613,237,118,71,5,0,0
1035,487,613,237,118,71,5,0,0
1036,487,613,237,118,71,5,0,0
1037,487,613,237,118,71,5,0,0
1038,487,613,237,118,71,5,0,0
1039,487,613,237,118,71,5,0,0
1040,487,613,237,118,71,5,0,0
1041,487,613,237,118,71,5,0,0
1042,487,613,237,118,71,5,0,0
1043,487,613,236,118,71,5,0,0
1044,488,613,236,118,71,5,0,0
1045,488,613,236,119,71,5,0,0
1046,488,613,236,118,71,5,0,0
1047,488,613,236,119,71,5,0,0
1048,488,613,236,119,71,5,0,0
1049,488,613,236,119,71,5,0,0
1050,488,613,236,118,71,5,0,0
1051,488,613,236,118,71,5,0,0
1052,488,613,236,118,71,5,0,0
1053,487,613,237,119,71,5,0,0
1054,487,613,237,119,71,5,0,0
1055,487,613,237,119,71,5,0,0
1056,486,613,238,119,71,5,0,0
1057,486,613,238,119,71,5,0,0
1058,486,613,238,119,71,5,0,0
1059,487,613,238,119,71,5,0,0
1060,486,613,238,119,71,5,0,0
1061,487,613,236,118,71,5,0,0
1062,488,613,236,119,71,5,0,0
1063,487,613,237,119,71,5,0,0
1064,487,613,236,118,71,5,0,0
1065,488,613,236,118,71,5,0,0
1066,487,613,236,118,71,5,0,0
1067,487,613,236,118,71,5,0,0
1068,487,613,236,119,71,5,0,0
1069,488,613,236,119,71,5,0,0
1070,488,613,236,119,71,5,0,0
1071,487,613,237,119,71,5,0,0
1072,487,613,237,119,71,5,0,0
1073,487,613,237,119,71,5,0,0
1074,487,613,237,119,71,5,0,0
1075,487,613,237,119,71,5,0,0
1076,487,613,237,119,71,5,0,0
1077,487,613,237,119,71,5,0,0
1078,487,613,237,119,71,5,0,0
1079,487,613,237,119,71,5,0,0
1080,487,613,237,119,71,5,0,0
1081,488,613,236,119,71,5,0,0
1082,488,613,236,119,71,5,0,0
1083,488,613,236,119,71,5,0,0
1084,488,613,236,119,71,5,0,0
1085,488,613,236,119,71,5,0,0
1086,488,613,236,119,71,5,0,0
1087,487,613,237,119,71,5,0,0
1088,487,613,236,119,71,5,0,0
1089,488,613,236,119,71,5,0,0
1090,488,613,236,119,71,5,0,0
1091,487,613,236,119,71,5,0,0
1092,488,613,235,119,71,5,0,0
1093,488,613,235,119,71,5,0,0
1094,488,613,236,119,71,5,0,0
1095,488,613,236,119,71,5,0,0
1096,488,613,236,119,71,5,0,0
1097,488,613,236,119,71,5,0,0
1098,488,613,236,119,71,5,0,0
1099,488,613,236,119,71,5,0,0
1100,488,613,236,119,71,5,0,0
1101,487,613,237,119,71,5,0,0
1102,487,613,237,119,71,5,0,0
1103,487,613,237,119,71,5,0,0
1104,487,613,237,119,71,5,0,0
1105,487,613,237,119,71,5,0,0
1106,487,613,237,119,71,5,0,0
1107,487,613,237,119,71,5,0,0
1108,487,613,237,120,71,5,0,0
1109,487,613,237,120,71,5,0,0
1110,487,613,236,119,71,5,0,1
1111,487,613,236,117,71,5,0,2
1112,488,613,236,116,71,5,0,3
1113,488,613,235,115,71,5,0,4
1114,487,613,236,114,71,5,0,5
1115,487,614,236,111,71,5,0,6
1116,488,614,234,109,71,5,0,6
1117,487,614,227,109,71,5,0,6
1118,488,614,222,107,71,5,0,8
1119,488,614,213,104,71,5,0,10
1120,488,614,212,98,71,5,0,13
1121,487,614,211,91,71,5,0,16
1122,488,613,207,89,71,5,0,18
1123,488,613,206,85,71,5,0,21
1124,488,613,205,82,71,5,0,22
1125,488,613,209,79,71,5,0,22
1126,488,614,214,77,71,5,0,20
1127,488,613,210,75,71,5,0,18
1128,489,613,208,75,71,5,0,17
1129,489,613,210,72,71,5,0,15
1130,488,614,208,71,71,5,0,13
1131,487,614,211,70,71,5,0,18
1133,488,613,235,116,71,5,0,25
1134,488,614,235,117,71,5,0,34
1135,487,614,236,117,71,5,0,36
1136,487,613,236,117,71,5,0,38
1137,488,613,235,118,71,5,0,30
1138,488,613,235,118,71,5,0,21
1139,488,613,235,118,71,5,0,10
1140,487,612,237,120,71,5,0,6
1141,487,613,237,119,71,5,0,3
1142,487,613,237,119,71,5,0,2
1143,487,613,237,118,71,5,0,1
1144,487,613,237,119,71,5,0,0
1145,487,613,237,118,71,5,0,0
1146,487,613,237,119,71,5,0,0
1147,487,614,237,118,71,5,0,0
1148,487,613,237,119,71,5,0,0
1149,487,613,237,119,71,5,0,0
1150,487,613,237,119,71,5,0,0
1151,487,613,237,119,71,5,0,0
1152,486,613,238,118,71,5,0,0
1153,486,613,237,118,71,5,0,0
1154,486,613,238,118,71,5,0,0
1155,486,613,238,118,71,5,0,0
1156,486,613,237,118,71,5,0,0
1157,486,613,238,118,71,5,0,0
1158,486,613,238,118,71,5,0,0
1159,486,613,237,118,71,5,0,0
1160,487,613,237,118,71,5,0,0
1161,487,613,237,119,71,5,0,0
1162,487,613,237,119,71,5,0,0
1163,487,613,237,119,71,5,0,0
1164,487,613,237,119,71,5,0,0
1165,487,613,237,119,71,5,0,0
1166,487,613,237,119,71,5,0,0
1167,487,613,237,119,71,5,0,0
1168,487,613,237,119,71,5,0,0
1169,487,613,237,119,71,5,0,0
1170,487,613,237,119,71,5,0,0
1171,487,613,236,119,71,5,0,0
1172,487,613,236,119,71,5,0,0
1173,487,613,237,119,71,5,0,0
1174,487,613,237,119,71,5,0,0
1175,487,613,236,119,71,5,0,0
1176,488,613,236,120,71,5,0,0
1177,488,613,236,120,71,5,0,0
1178,488,613,236,120,71,5,0,0
1179,488,613,236,120,71,5,0,0
1180,488,613,236,120,71,5,0,0
1181,488,613,236,119,71,5,0,0
1182,488,613,236,119,71,5,0,0
1183,488,613,236,119,71,5,0,0
1184,488,613,236,119,71,5,0,0
1185,488,613,236,119,71,5,0,0
1186,487,613,236,119,71,5,0,0
1187,488,613,236,119,71,5,0,0
1188,488,614,236,119,71,5,0,0
1189,488,613,236,119,71,5,0,0
1190,488,613,236,119,71,5,0,0
1191,487,613,237,119,71,5,0,0
1192,487,613,237,119,71,5,0,0
1193,487,613,237,119,71,5,0,0
1194,487,613,237,119,71,5,0,0
1195,487,613,237,119,71,5,0,0
1196,487,613,237,119,71,5,0,0
1197,487,613,237,119,71,5,0,0
1198,487,613,237,119,71,5,0,0
1199,487,613,237,119,71,5,0,0
1200,487,613,237,119,71,5,0,0
1201,487,613,237,119,71,5,0,0
1202,487,613,237,119,71,5,0,0
1203,487,613,237,119,71,5,0,0
1204,487,613,237,119,71,5,0,0
1205,487,613,237,118,71,5,0,0
1206,487,613,237,118,71,5,0,0
1207,487,613,237,118,71,5,0,0
1208,487,613,237,118,71,5,0,0
1209,487,613,237,119,71,5,0,0
1210,487,613,237,119,71,5,0,0
1211,487,613,237,119,71,5,0,0
1212,487,613,237,118,71,5,0,0
1213,487,613,237,118,71,5,0,0
1214,487,613,237,118,71,5,0,0
1215,487,613,237,118,71,5,0,0
1216,487,613,237,118,71,5,0,0
1217,487,613,237,118,71,5,0,0
1218,487,613,237,118,71,5,0,0
1219,487,613,237,118,71,5,0,0
1220,487,613,237,119,71,5,0,0
1221,487,613,237,118,71,5,0,0
1222,487,613,237,119,71,5,0,0
1223,487,613,237,119,71,5,0,0
1224,487,614,237,118,71,5,0,0
1225,487,614,237,118,71,5,0,0
1226,487,614,237,118,71,5,0,0
1227,487,614,237,118,71,5,0,0
1228,487,614,237,118,71,5,0,0
1229,487,614,237,118,71,5,0,0
1230,487,614,237,118,71,5,0,0
1231,487,614,237,118,71,5,0,0
1232,487,614,237,118,71,5,0,0
1233,487,614,237,118,71,5,0,0
1234,487,614,237,118,71,5,0,0
1235,487,614,237,118,71,5,0,0
1236,487,613,237,118,71,5,0,0
1237,487,613,237,118,71,5,0,0
1238,487,613,237,118,71,5,0,0
1239,487,613,237,118,71,5,0,0
1240,487,613,237,118,71,5,0,0
1241,487,613,237,118,71,5,0,0
1242,487,613,237,118,71,5,0,0
1243,487,613,237,118,71,5,0,0
1244,487,613,237,118,71,5,0,0
1245,487,613,237,118,71,5,0,0
1246,487,613,237,118,71,5,0,0
1247,487,613,237,118,71,5,0,0
1248,487,613,237,118,71,5,0,0
1249,487,613,237,118,71,5,0,0
1250,487,613,236,119,71,5,0,0
1251,487,613,236,119,71,5,0,0
1252,487,613,236,119,71,5,0,0
1253,487,613,236,119,71,5,0,0
1254,487,613,236,119,71,5,0,0
1255,487,613,236,119,71,5,0,0
1256,487,613,236,119,71,5,0,0
1257,487,613,236,119,71,5,0,0
1258,487,614,236,119,71,5,0,0
1259,487,613,236,119,71,5,0,0
1260,487,613,236,119,71,5,0,0
1261,487,613,237,119,71,5,0,0
1262,487,613,237,119,71,5,0,0
1263,487,613,237,119,71,5,0,0
1264,487,613,237,119,71,5,0,0
1265,487,613,237,119,71,5,0,0
1266,487,613,236,119,71,5,0,0
1267,487,613,236,119,71,5,0,0
1268,487,613,236,119,71,5,0,0
1269,487,613,236,119,71,5,0,0
1270,487,613,236,119,71,5,0,0
1271,488,613,236,119,71,5,0,0
1272,487,613,237,119,71,5,0,0
1273,487,613,236,119,71,5,0,0
1274,487,613,237,119,71,5,0,0
1275,487,613,236,119,71,5,0,0
1276,487,613,237,119,71,5,0,0
1277,487,613,236,119,71,5,0,0
1278,487,613,237,119,71,5,0,0
1279,487,613,236,119,71,5,0,0
1280,487,613,236,119,71,5,0,0
1281,488,614,236,119,71,5,0,0
1282,488,614,236,119,71,5,0,0
1283,488,613,236,119,71,5,0,0
1284,487,614,236,118,71,5,0,0
1285,487,614,236,118,71,5,0,0
1286,487,614,236,118,71,5,0,0
1287,487,614,236,118,71,5,0,0
1288,487,614,237,118,71,5,0,0
1289,487,614,237,118,71,5,0,0
1290,487,614,237,118,71,5,0,0
1291,487,614,237,118,71,5,0,0
1292,487,614,237,118,71,5,0,0
1293,487,614,237,118,71,5,0,0
1294,487,614,237,118,71,5,0,0
1295,487,614,237,118,71,5,0,0
1296,487,614,237,118,71,5,0,0
1297,487,614,237,118,71,5,0,0
1298,487,614,237,118,71,5,0,0
1299,487,614,237,118,71,5,0,0
1300,487,614,237,118,71,5,0,0
1301,487,614,237,118,71,5,0,0
1302,487,614,237,118,71,5,0,0
1303,487,614,237,118,71,5,0,0
1304,487,614,237,118,71,5,0,0
1305,487,614,237,118,71,5,0,0
1306,487,614,237,118,71,5,0,0
1307,487,614,237,118,71,5,0,0
1308,487,614,237,118,71,5,0,0
1309,487,614,237,118,71,5,0,0
1310,487,614,237,118,71,5,0,0
1311,487,614,237,118,71,5,0,0
1312,487,614,237,118,71,5,0,0
1313,487,614,237,118,71,5,0,0
1314,487,614,237,118,71,5,0,0
1315,487,614,237,118,71,5,0,0
1316,487,614,236,118,71,5,0,0
1317,487,614,236,118,71,5,0,0
1318,487,614,236,118,71,5,0,0
1319,488,614,236,118,71,5,0,0
1320,488,614,236,118,71,5,0,0
1321,488,614,236,118,71,5,0,0
1322,488,614,236,118,71,5,0,0
1323,488,614,236,118,71,5,0,0
1324,488,614,236,118,71,5,0,0
1325,488,614,236,118,71,5,0,0
1326,488,614,236,118,71,5,0,0
1327,487,614,236,118,71,5,0,0
1328,487,614,236,118,71,5,0,0
1329,487,614,236,118,71,5,0,0
1330,487,614,236,118,71,5,0,0
1331,488,614,236,119,71,5,0,0
1332,487,613,237,119,71,5,0,0
1333,487,613,237,119,71,5,0,0
1334,487,613,237,119,71,5,0,0
1335,487,613,237,119,71,5,0,0
1336,487,613,237,119,71,5,0,0
1337,487,613,237,119,71,5,0,0
1338,487,613,237,119,71,5,0,0
1339,487,613,237,119,71,5,0,0
1340,487,613,237,119,71,5,0,0
1341,487,613,237,119,71,5,0,0
1342,487,613,237,119,71,5,0,0
1343,487,614,237,119,71,5,0,0
1344,487,614,236,119,71,5,0,0
1345,487,614,237,119,71,5,0,0
1346,487,614,236,119,71,5,0,0
1347,487,614,236,119,71,5,0,0
1348,487,614,236,119,71,5,0,0
1349,487,614,236,119,71,5,0,0
1350,487,614,236,119,71,5,0,0
1351,487,614,236,119,71,5,0,0
1352,487,614,236,119,71,5,0,0
1353,487,614,236,119,71,5,0,0
1354,487,614,236,119,71,5,0,0
1355,487,614,236,119,71,5,0,0
1356,487,614,236,119,71,5,0,0
1357,487,614,236,119,71,5,0,0
1358,487,614,236,119,71,5,0,0
1359,487,614,236,119,71,5,0,0
1360,487,614,236,119,71,5,0,0
1361,487,614,236,119,71,5,0,0
1362,487,614,236,118,71,5,0,0
1363,487,614,236,118,71,5,0,0
1364,487,614,236,119,71,5,0,0
1365,488,614,236,119,71,5,0,0
1366,488,614,236,119,71,5,0,0
1367,487,614,236,118,71,5,0,0
1368,487,614,236,119,71,5,0,0
1369,487,614,236,119,71,5,0,0
1370,487,614,236,119,71,5,0,0
1371,487,614,236,119,71,5,0,0
1372,487,614,236,119,71,5,0,0
1373,487,614,237,119,71,5,0,0
1374,487,613,237,119,71,5,0,0
1375,487,613,237,119,71,5,0,0
1376,487,613,237,119,71,5,0,0
1377,487,613,237,119,71,5,0,0
1378,487,613,237,119,71,5,0,0
1379,487,613,237,119,71,5,0,0
1380,487,613,237,119,71,5,0,0
1381,487,613,237,119,71,5,0,0
1382,487,613,237,119,71,5,0,0
1383,487,613,237,119,71,5,0,0
1384,487,613,237,119,71,5,0,0
1385,487,613,237,119,71,5,0,0
1386,487,613,237,119,71,5,0,0
1387,487,613,237,119,71,5,0,0
1388,487,613,237,119,71,5,0,0
1389,487,613,237,119,71,5,0,0
1390,487,613,237,119,71,5,0,0
1391,487,613,237,120,71,5,0,0
1392,486,612,237,120,71,5,0,0
1393,486,612,237,120,71,5,0,0
1394,486,612,237,120,71,5,0,0
1395,486,613,237,120,71,5,0,0
1396,486,613,237,120,71,5,0,0
1397,486,613,237,120,71,5,0,0
1398,486,613,237,120,71,5,0,0
1399,487,613,237,120,71,5,0,0
1400,487,613,237,120,71,5,0,0
1401,486,613,237,119,71,5,0,0
1402,486,613,237,119,71,5,0,0
1403,486,613,237,119,71,5,0,0
1404,486,613,238,119,71,5,0,0
1405,486,613,238,119,71,5,0,0
1406,486,613,238,119,71,5,0,0
1407,486,613,238,119,71,5,0,0
1408,486,613,238,119,71,5,0,0
1409,486,613,238,119,71,5,0,0
1410,486,613,238,120,71,5,0,0
1411,486,613,238,120,71,5,0,0
1412,486,613,238,119,71,5,0,0
1413,486,613,238,119,71,5,0,0
1414,486,613,238,119,71,5,0,0
1415,486,613,238,119,71,5,0,0
1416,486,613,237,119,71,5,0,0
1417,486,613,237,119,71,5,0,0
1418,486,613,237,119,71,5,0,0
1419,486,613,237,119,71,5,0,0
1420,486,613,237,119,71,5,0,0
1421,487,613,237,119,71,5,0,0
1422,487,613,237,119,71,5,0,0
1423,487,613,237,119,71,5,0,0
1424,487,613,237,119,71,5,0,0
1425,486,613,237,119,71,5,0,0
1426,486,613,237,119,71,5,0,0
1427,487,613,237,119,71,5,0,0
1428,486,613,237,119,71,5,0,0
1429,486,613,237,119,71,5,0,0
1430,486,613,237,119,71,5,0,0
1431,487,613,237,119,71,5,0,0
1432,487,613,237,119,71,5,0,0
1433,487,613,237,119,71,5,0,0
1434,487,613,237,119,71,5,0,0
1435,487,613,237,119,71,5,0,0
1436,487,613,237,119,71,5,0,0
1437,487,613,237,119,71,5,0,0
1438,487,613,237,119,71,5,0,0
1439,487,613,237,119,71,5,0,0
1440,487,613,236,119,71,5,0,0
1441,487,613,237,119,71,5,0,0
1442,487,613,237,119,71,5,0,0
1443,487,613,237,119,71,5,0,0
1444,487,613,237,119,71,5,0,0
1445,487,613,237,119,71,5,0,0
1446,487,613,237,118,71,5,0,0
1447,487,613,237,119,71,5,0,0
1448,487,613,237,119,71,5,0,0
1449,487,613,237,118,71,5,0,0
1450,487,613,237,118,71,5,0,0
1451,487,613,237,119,71,5,0,0
1452,487,613,237,119,71,5,0,0
1453,487,613,237,119,71,5,0,0
1454,487,613,237,119,71,5,0,0
1455,487,613,237,119,71,5,0,0
1456,487,613,237,119,71,5,0,0
1457,487,613,237,119,71,5,0,0
1458,487,613,237,119,71,5,0,0
1459,487,613,237,119,71,5,0,0
1460,487,613,237,119,71,5,0,0
1461,487,613,237,119,71,5,0,0
1462,487,613,237,119,71,5,0,0
1463,487,613,237,119,71,5,0,0
1464,486,614,237,118,71,5,0,0
1465,486,614,237,118,71,5,0,0
1466,486,614,237,118,71,5,0,0
1467,486,614,237,118,71,5,0,0
1468,486,614,237,118,71,5,0,0
1469,486,614,237,118,71,5,0,0
1470,487,614,237,118,71,5,0,0
1471,487,614,237,118,71,5,0,0
1472,487,614,237,118,71,5,0,0
1473,487,614,237,118,71,5,0,0
1474,487,614,237,118,71,5,0,0
1475,487,614,237,118,71,5,0,0
1476,486,614,237,118,71,5,0,0
1477,486,614,237,118,71,5,0,0
1478,486,614,237,118,71,5,0,0
1479,486,614,237,118,71,5,0,0
1480,486,614,237,118,71,5,0,0
1481,486,614,237,118,71,5,0,0
1482,486,614,237,118,71,5,0,0
1483,486,614,237,117,71,5,0,0
1484,486,614,237,117,71,5,0,0
1485,486,614,237,118,71,5,0,0
1486,486,614,237,118,71,5,0,0
1487,487,614,237,118,71,5,0,0
1488,486,613,237,118,71,5,0,0
1489,486,613,237,118,71,5,0,0
1490,486,613,237,118,71,5,0,0
1491,486,613,237,118,71,5,0,0
1492,486,613,237,118,71,5,0,0
1493,487,613,237,118,71,5,0,0
1494,487,613,237,118,71,5,0,0
1495,487,613,237,118,71,5,0,0
1496,487,613,237,118,71,5,0,0
1497,486,613,237,118,71,5,0,0
1498,486,613,237,118,71,5,0,0
1499,486,613,237,118,71,5,0,0
1500,486,613,237,119,71,5,0,0
1501,486,614,237,118,71,5,0,0
1502,486,614,237,118,71,5,0,0
1503,486,614,237,118,71,5,0,0
1504,486,614,238,118,71,5,0,0
1505,486,614,238,118,71,5,0,0
1506,486,614,238,118,71,5,0,0
1507,486,614,238,118,71,5,0,0
1508,486,614,238,118,71,5,0,0
1509,486,614,238,118,71,5,0,0
1510,486,614,238,118,71,5,0,0
1511,486,614,238,118,71,5,0,0
1512,486,613,237,119,71,5,0,0
1513,486,613,237,119,71,5,0,0
1514,486,613,237,119,71,5,0,0
1515,486,613,237,119,71,5,0,0
1516,486,613,237,119,71,5,0,0
1517,486,613,237,119,71,5,0,0
1518,486,613,237,119,71,5,0,0
1519,486,613,237,119,71,5,0,0
1520,486,613,237,119,71,5,0,0
1521,487,613,237,119,71,5,0,0
1522,487,613,237,119,71,5,0,0
1523,487,613,237,119,71,5,0,0
1524,487,613,237,119,71,5,0,0
1525,487,613,237,119,71,5,0,0
1526,487,613,237,119,71,5,0,0
1527,487,613,237,119,71,5,0,0
1528,487,613,237,119,71,5,0,0
1529,487,613,237,119,71,5,0,0
1530,487,613,237,119,71,5,0,0
1531,487,613,237,119,71,5,0,0
1532,487,613,237,119,71,5,0,0
1533,487,613,237,119,71,5,0,0
1534,487,613,237,119,71,5,0,0
1535,487,613,237,119,71,5,0,0
1536,487,613,237,119,71,5,0,0
1537,487,613,237,119,71,5,0,0
1538,487,613,237,119,71,5,0,0
1539,487,613,237,119,71,5,0,0
1540,486,612,237,119,71,5,0,0
1541,486,613,237,119,71,5,0,0
1542,487,613,237,119,71,5,0,0
1543,486,612,237,119,71,5,0,0
1544,486,613,237,119,71,5,0,0
1545,486,613,237,119,71,5,0,0
1546,486,613,237,119,71,5,0,0
1547,486,613,237,119,71,5,0,0
1548,486,613,237,119,71,5,0,0
1549,486,613,237,119,71,5,0,0
1550,486,613,237,119,71,5,0,0
1551,486,613,237,119,71,5,0,0
1552,487,613,237,119,71,5,0,0
1553,486,613,237,119,71,5,0,0
1554,486,613,237,119,71,5,0,0
1555,487,613,237,119,71,5,0,0
1556,486,613,237,119,71,5,0,0
1557,486,613,237,119,71,5,0,0
1558,486,613,237,119,71,5,0,0
1559,487,613,237,119,71,5,0,0
1560,487,613,236,119,71,5,0,0
1561,487,613,236,119,71,5,0,0
1562,487,613,236,119,71,5,0,0
1563,487,613,236,119,71,5,0,0
1564,487,613,236,119,71,5,0,0
1565,487,613,236,119,71,5,0,0
1566,487,612,236,119,71,5,0,0
1567,487,613,236,119,71,5,0,0
1568,487,612,236,119,71,5,0,0
1569,487,613,236,119,71,5,0,0
1570,487,613,236,119,71,5,0,0
1571,487,613,237,119,71,5,0,0
1572,487,613,237,119,71,5,0,0
1573,487,613,237,119,71,5,0,0
1574,487,613,237,119,71,5,0,0
1575,487,613,237,119,71,5,0,0
1576,487,613,237,119,71,5,0,0
1577,487,613,237,119,71,5,0,0
1578,487,613,237,119,71,5,0,0
1579,487,613,237,119,71,5,0,0
1580,487,613,237,119,71,5,0,0
1581,487,613,237,119,71,5,0,0
1582,487,613,237,119,71,5,0,0
1583,487,613,237,118,71,5,0,0
1584,487,614,237,118,71,5,0,0
1585,487,614,237,118,71,5,0,0
1586,487,613,237,118,71,5,0,0
1587,487,613,237,118,71,5,0,0
1588,487,614,236,118,71,5,0,0
1589,487,614,236,118,71,5,0,0
1590,487,614,236,118,71,5,0,0
1591,487,614,236,118,71,5,0,0
1592,487,614,236,118,71,5,0,0
1593,487,614,236,118,71,5,0,0
1594,487,614,236,118,71,5,0,0
1595,487,614,236,118,71,5,0,0
1596,488,614,236,118,71,5,0,0
1597,488,614,236,118,71,5,0,0
1598,488,614,236,118,71,5,0,0
1599,488,614,236,118,71,5,0,0
1600,488,614,236,118,71,5,0,0
1601,488,614,236,118,71,5,0,0
1602,488,614,235,118,71,5,0,0
1603,488,614,235,118,71,5,0,0
1604,488,614,235,118,71,5,0,0
1605,488,614,235,118,71,5,0,0
1606,488,614,235,118,71,5,0,0
1607,488,614,235,118,71,5,0,0
1608,488,613,235,119,71,5,0,0
1609,489,613,235,119,71,5,0,0
1610,488,613,235,119,71,5,0,0
1611,488,613,235,119,71,5,0,0
1612,488,613,235,119,71,5,0,0
1613,488,613,236,119,71,5,0,0
1614,488,613,235,119,71,5,0,0
1615,488,613,235,119,71,5,0,0
1616,488,613,235,119,71,5,0,0
1617,489,613,235,119,71,5,0,0
1618,489,613,235,119,71,5,0,0
1619,489,613,235,119,71,5,0,0
1620,488,614,235,119,71,5,0,0
1621,488,614,235,119,71,5,0,0
1622,488,614,235,119,71,5,0,0
1623,488,614,235,119,71,5,0,0
1624,488,614,235,119,71,5,0,0
1625,488,614,235,119,71,5,0,0
1626,488,614,236,119,71,5,0,0
1627,488,614,236,119,71,5,0,0
1628,487,613,236,119,71,5,0,0
1629,487,613,237,119,71,5,0,0
1630,487,613,237,119,71,5,0,0
1631,487,613,237,119,71,5,0,0
1632,487,613,237,119,71,5,0,0
1633,487,613,237,119,71,5,0,0
1634,487,613,237,119,71,5,0,0
1635,487,613,237,119,71,5,0,0
1636,487,613,237,119,71,5,0,0
1637,487,613,237,119,71,5,0,0
1638,487,614,237,119,71,5,0,0
1639,487,613,237,119,71,5,0,0
1640,487,613,237,119,71,5,0,0
1641,487,613,237,119,71,5,0,0
1642,487,613,237,119,71,5,0,0
1643,487,613,237,119,71,5,0,0
1644,487,613,237,119,71,5,0,0
1645,487,614,237,119,71,5,0,0
1646,487,613,237,119,71,5,0,0
1647,487,613,237,119,71,5,0,0
1648,487,613,236,118,71,5,0,0
1649,487,613,236,118,71,5,0,0
1650,487,613,236,118,71,5,0,0
1651,487,613,236,118,71,5,0,0
1652,487,613,236,118,71,5,0,0
1653,487,613,236,118,71,5,0,0
1654,487,613,236,118,71,5,0,0
1655,487,613,236,118,71,5,0,0
1656,487,613,237,119,71,5,0,0
1657,487,613,236,119,71,5,0,0
1658,487,613,237,119,71,5,0,0
1659,487,613,237,119,71,5,0,0
1660,487,613,236,119,71,5,0,0
1661,487,613,236,119,71,5,0,0
1662,487,613,236,119,71,5,0,0
1663,487,613,236,119,71,5,0,0
1664,487,613,236,119,71,5,0,0
1665,487,613,236,119,71,5,0,0
1666,487,613,236,119,71,5,0,0
1667,487,613,236,119,71,5,0,0
1668,488,613,236,119,71,5,0,0
1669,488,613,236,119,71,5,0,0
1670,488,613,236,119,71,5,0,0
1671,488,613,236,119,71,5,0,0
1672,487,613,236,119,71,5,0,0
1673,487,613,236,119,71,5,0,0
1674,487,613,236,119,71,5,0,0
1675,487,613,236,119,71,5,0,0
1676,487,613,236,119,71,5,0,0
1677,487,613,236,119,71,5,0,0
1678,487,613,237,119,71,5,0,0
1679,487,613,237,119,71,5,0,0
1680,486,613,237,120,71,5,0,0
1681,486,613,237,120,71,5,0,0
1682,486,613,237,120,71,5,0,0
1683,486,613,237,120,71,5,0,0
1684,486,613,237,120,71,5,0,0
1685,486,613,237,120,71,5,0,0
1686,486,613,237,120,71,5,0,0
1687,486,613,237,119,71,5,0,0
1688,487,613,237,119,71,5,0,0
1689,486,613,237,119,71,5,0,0
1690,486,613,237,119,71,5,0,0
1691,486,613,237,120,71,5,0,0
1692,486,613,238,120,71,5,0,0
1693,485,613,238,120,71,5,0,0
1694,485,613,238,120,71,5,0,0
1695,485,613,238,120,71,5,0,0
1696,485,613,238,119,71,5,0,0
1697,485,613,238,119,71,5,0,0
1698,486,613,238,119,71,5,0,0
1699,486,613,238,119,71,5,0,0
1700,486,613,237,119,71,5,0,0
1701,486,613,237,119,71,5,0,0
1702,486,613,237,119,71,5,0,0
1703,486,613,237,119,71,5,0,0
1704,486,613,238,119,71,5,0,0
1705,486,613,238,119,71,5,0,0
1706,487,613,237,119,71,5,0,0
1707,487,613,237,119,71,5,0,0
1708,487,613,237,119,71,5,0,0
1709,486,613,237,120,71,5,0,0
1710,486,613,238,120,71,5,0,0
1711,486,613,238,119,71,5,0,0
1712,486,613,237,119,71,5,0,0
1713,486,613,237,119,71,5,0,0
1714,486,613,237,119,71,5,0,0
1715,486,613,237,119,71,5,0,0
1716,486,613,237,119,71,5,0,0
1717,486,613,237,119,71,5,0,0
1718,486,613,238,119,71,5,0,0
1719,486,613,238,119,71,5,0,0
1720,486,613,237,120,71,5,0,0
1721,486,613,237,119,71,5,0,0
1722,486,613,237,119,71,5,0,0
1723,486,613,237,119,71,5,0,0
1724,486,613,237,119,71,5,0,0
1725,486,613,237,119,71,5,0,0
1726,486,613,237,119,71,5,0,0
1727,486,613,237,119,71,5,0,0
1728,487,613,237,119,71,5,0,0
1729,487,613,237,119,71,5,0,0
1730,487,613,237,119,71,5,0,0
1731,487,613,237,119,71,5,0,0
1732,487,613,237,119,71,5,0,0
1733,487,613,237,119,71,5,0,0
1734,487,613,237,119,71,5,0,0
1735,487,613,237,119,71,5,0,0
1736,487,613,237,119,71,5,0,0
1737,487,613,237,119,71,5,0,0
1738,487,613,237,119,71,5,0,0
1739,487,613,237,119,71,5,0,0
1740,487,613,237,119,71,5,0,0
1741,487,613,237,119,71,5,0,0
1742,487,613,237,119,71,5,0,0
1743,487,613,237,119,71,5,0,0
1744,487,613,237,119,71,5,0,0
1745,487,613,237,119,71,5,0,0
1746,487,613,237,119,71,5,0,0
1747,487,613,237,119,71,5,0,0
1748,487,613,237,119,71,5,0,0
1749,487,613,237,119,71,5,0,0
1750,487,613,236,118,71,5,0,0
1751,487,613,236,118,71,5,0,0
1752,487,613,237,119,71,5,0,0
1753,487,613,237,119,71,5,0,0
1754,487,613,237,119,71,5,0,0
1755,487,613,237,119,71,5,0,0
1756,487,613,237,119,71,5,0,0
1757,487,613,237,119,71,5,0,0
1758,487,613,237,119,71,5,0,0
1759,487,613,237,119,71,5,0,0
1760,487,613,237,119,71,5,0,0
1761,487,613,237,119,71,5,0,0
1762,487,613,237,119,71,5,0,0
1763,487,613,237,119,71,5,0,0
1764,487,613,237,119,71,5,0,0
1765,487,613,237,119,71,5,0,0
1766,487,613,237,119,71,5,0,0
1767,487,613,237,119,71,5,0,0
1768,487,613,236,119,71,5,0,0
1769,487,613,236,119,71,5,0,0
1770,487,613,236,119,71,5,0,0
1771,487,613,236,119,71,5,0,0
1772,487,613,236,119,71,5,0,0
1773,487,613,236,119,71,5,0,0
1774,487,613,236,119,71,5,0,0
1775,487,613,236,119,71,5,0,0
1776,487,613,237,119,71,5,0,0
1777,487,613,237,119,71,5,0,0
1778,487,613,237,119,71,5,0,0
1779,487,613,237,119,71,5,0,0
1780,487,613,237,119,71,5,0,0
1781,487,613,237,119,71,5,0,0
1782,487,613,237,119,71,5,0,0
1783,487,613,237,119,71,5,0,0
1784,487,613,237,119,71,5,0,0
1785,487,613,237,119,71,5,0,0
1786,487,613,237,119,71,5,0,0
1787,487,613,237,119,71,5,0,0
1788,487,613,237,119,71,5,0,0
1789,487,613,237,118,71,5,0,0
1790,487,613,237,118,71,5,0,0
1791,487,613,237,119,71,5,0,0
1792,487,613,237,119,71,5,0,0
1793,487,613,237,118,71,5,0,0
1794,487,613,237,118,71,5,0,0
1795,487,613,237,118,71,5,0,0
1796,487,613,236,118,71,5,0,0
1797,487,613,236,118,71,5,0,0
1798,487,613,236,118,71,5,0,0
1799,487,613,236,119,71,5,0,0
1800,487,613,237,119,71,5,0,0
1801,487,613,237,119,71,5,0,0
1802,487,613,237,119,71,5,0,0
1803,487,613,237,119,71,5,0,0
1804,487,613,237,119,71,5,0,0
1805,487,613,237,119,71,5,0,0
1806,487,613,237,118,71,5,0,0
1807,487,613,237,118,71,5,0,0
1808,487,613,237,118,71,5,0,0
1809,487,613,237,118,71,5,0,0
1810,487,613,237,118,71,5,0,0
1811,487,613,237,119,71,5,0,0
1812,487,613,236,118,71,5,0,0
1813,487,613,236,119,71,5,0,0
1814,487,613,236,119,71,5,0,0
1815,487,613,236,119,71,5,0,0
1816,487,613,236,119,71,5,0,0
1817,487,613,236,119,71,5,0,0
1818,487,613,236,119,71,5,0,0
1819,487,613,236,119,71,5,0,0
1820,487,613,236,119,71,5,0,0
1821,487,613,236,119,71,5,0,0
1822,487,613,236,119,71,5,0,0
1823,487,613,236,119,71,5,0,0
1824,487,613,236,119,71,5,0,0
1825,487,613,236,119,71,5,0,0
1826,487,613,236,119,71,5,0,0
1827,487,613,236,119,71,5,0,0
1828,487,613,236,118,71,5,0,0
1829,487,613,236,118,71,5,0,0
1830,487,613,236,118,71,5,0,0
1831,487,613,236,118,71,5,0,0
1832,487,613,236,119,71,5,0,0
1833,487,613,236,119,71,5,0,0
1834,487,613,236,119,71,5,0,0
1835,487,613,236,119,71,5,0,0
1836,487,613,236,119,71,5,0,0
1837,487,613,236,119,71,5,0,0
1838,487,613,236,119,71,5,0,0
1839,487,613,236,119,71,5,0,0
1840,487,613,236,119,71,5,0,0
1841,487,613,236,119,71,5,0,0
1842,487,613,236,119,71,5,0,0
1843,487,613,236,119,71,5,0,0
1844,487,613,236,119,71,5,0,0
1845,487,613,236,119,71,5,0,0
1846,488,613,236,119,71,5,0,0
1847,488,613,236,119,71,5,0,0
1848,487,613,236,119,71,5,0,0
1849,487,613,236,119,71,5,0,0
1850,487,613,236,119,71,5,0,0
1851,487,613,236,119,71,5,0,0
1852,487,613,236,119,71,5,0,0
1853,488,613,236,119,71,5,0,0
1854,488,613,236,119,71,5,0,0
1855,488,613,236,118,71,5,0,0
1856,488,613,235,119,71,5,0,0
1857,488,613,235,119,71,5,0,0
1858,488,613,235,119,71,5,0,0
1859,488,613,235,119,71,5,0,0
1860,488,613,236,118,71,5,0,0
1861,488,613,236,118,71,5,0,0
1862,488,613,236,118,71,5,0,0
1863,488,613,236,119,71,5,0,0
1864,488,613,236,119,71,5,0,0
1865,488,613,236,119,71,5,0,0
1866,488,613,236,119,71,5,0,0
1867,488,613,236,119,71,5,0,0
1868,488,613,236,119,71,5,0,0
1869,488,613,236,119,71,5,0,0
1870,488,613,236,119,71,5,0,0
1871,488,613,236,119,71,5,0,0
1872,487,613,236,119,71,5,0,0
1873,487,613,236,119,71,5,0,0
1874,487,613,236,119,71,5,0,0
1875,487,613,236,119,71,5,0,0
1876,488,613,236,118,71,5,0,0
1877,488,613,236,118,71,5,0,0
1878,488,613,236,118,71,5,0,0
1879,488,613,236,118,71,5,0,0
1880,488,613,236,119,71,5,0,0
1881,487,613,236,119,71,5,0,0
1882,487,613,236,119,71,5,0,0
1883,488,613,236,119,71,5,0,0
1884,488,613,236,119,71,5,0,0
1885,488,613,236,119,71,5,0,0
1886,488,613,236,119,71,5,0,0
1887,488,613,236,119,71,5,0,0
1888,488,613,235,119,71,5,0,0
1889,488,613,236,119,71,5,0,0
1890,488,613,236,119,71,5,0,0
1891,488,613,236,119,71,5,0,0
1892,488,613,236,119,71,5,0,0
1893,488,613,236,119,71,5,0,0
1894,488,613,236,119,71,5,0,0
1895,487,613,236,119,71,5,0,0
1896,487,613,237,118,71,5,0,0
1897,487,613,236,118,71,5,0,0
1898,487,613,236,119,71,5,0,0
1899,487,613,236,119,71,5,0,0
1900,487,613,236,118,71,5,0,0
1901,487,613,236,118,71,5,0,0
1902,487,613,237,119,71,5,0,0
1903,487,613,237,119,71,5,0,0
1904,487,613,236,119,71,5,0,0
1905,487,613,236,119,71,5,0,0
1906,487,613,236,119,71,5,0,0
1907,488,613,236,119,71,5,0,0
1908,487,613,237,119,71,5,0,0
1909,486,613,238,119,71,5,0,0
1910,486,613,237,119,71,5,0,0
1911,488,613,236,119,71,5,0,0
1912,488,613,236,119,71,5,0,0
1913,486,613,238,119,71,5,0,0
1914,487,613,237,119,71,5,0,0
1915,487,614,237,118,71,5,0,0
1916,487,614,237,118,71,5,0,0
1917,487,613,237,118,71,5,0,0
1918,487,613,237,119,71,5,0,0
1919,487,613,237,119,71,5,0,0
1920,487,613,237,119,71,5,0,0
1921,488,613,236,119,71,5,0,0
1922,488,613,236,119,71,5,0,0
1923,488,613,236,120,71,5,0,0
1924,487,613,236,119,71,5,0,0
1925,487,613,237,120,71,5,0,0
1935,489,613,235,120,71,5,0,0
1936,488,613,237,119,71,5,0,0
1937,489,613,235,119,71,5,0,0
1938,487,613,236,119,71,5,0,0
1939,486,613,238,120,71,5,0,0
1940,487,613,238,120,71,5,0,0
1941,486,613,238,119,71,5,0,0
1942,486,613,238,119,71,5,0,0
1943,486,613,238,119,71,5,0,0
1944,487,613,236,118,71,5,0,0
1945,487,613,237,119,71,5,0,0
1946,487,613,237,118,71,5,0,0
1947,487,613,237,118,71,5,0,0
1948,487,613,237,119,71,5,0,0
1949,487,613,237,119,71,5,0,0
1950,487,613,237,119,71,5,0,0
1951,487,613,237,119,71,5,0,0
1952,487,613,237,119,71,5,0,0
1953,487,613,237,119,71,5,0,0
1954,487,613,237,119,71,5,0,0
1955,487,613,237,119,71,5,0,0
1956,486,613,238,119,71,5,0,0
1957,486,613,238,119,71,5,0,0
1958,486,613,238,119,71,5,0,0
1959,486,613,238,119,71,5,0,0
1960,486,613,237,119,71,5,0,0
1961,486,613,237,119,71,5,0,0
1962,486,613,237,119,71,5,0,0
1963,486,614,237,119,71,5,0,0
1964,486,614,237,119,71,5,0,0
1965,486,614,237,118,71,5,0,0
1966,487,613,237,119,71,5,0,0
1967,487,613,237,119,71,5,0,0
1968,487,613,237,119,71,5,0,0
1969,487,613,237,119,71,5,0,0
1970,487,613,237,119,71,5,0,0
1971,487,613,237,119,71,5,0,0
1972,487,613,237,119,71,5,0,0
1973,487,613,237,119,71,5,0,0
1974,487,613,237,119,71,5,0,0
1975,487,613,237,119,71,5,0,0
1976,486,613,237,118,71,5,0,0
1977,486,613,237,118,71,5,0,0
1978,486,614,237,118,71,5,0,0
1979,486,614,237,118,71,5,0,0
1980,487,614,237,118,71,5,0,0
1981,487,614,237,118,71,5,0,0
1982,487,614,236,118,71,5,0,0
1983,487,614,236,118,71,5,0,0
1984,487,614,236,118,71,5,0,0
1985,487,614,236,118,71,5,0,0
1986,487,614,237,118,71,5,0,0
1987,487,614,237,118,71,5,0,0
1988,487,614,237,118,71,5,0,0
1989,487,614,237,118,71,5,0,0
1990,486,614,237,118,71,5,0,0
1991,486,613,237,118,71,5,0,0
1992,487,613,237,118,71,5,0,0
1993,487,613,237,118,71,5,0,0
1994,487,613,237,118,71,5,0,0
1995,487,613,237,118,71,5,0,0
1996,487,614,236,118,71,5,0,0
1997,487,614,236,118,71,5,0,0
1998,487,614,236,118,71,5,0,0
1999,487,614,236,118,71,5,0,0
2000,488,613,236,119,71,5,0,0
2001,487,613,236,119,71,5,0,0
2002,488,613,236,119,71,5,0,0
2003,488,613,236,119,71,5,0,0
2004,488,613,236,119,71,5,0,0
2005,488,613,236,119,71,5,0,0
2006,487,613,237,119,71,5,0,0
2007,487,613,237,119,71,5,0,0
2008,487,613,237,119,71,5,0,0
2009,487,613,237,119,71,5,0,0
2010,487,613,237,119,71,5,0,0
2011,487,613,237,119,71,5,0,0
2012,487,613,237,119,71,5,0,0
2013,487,613,237,119,71,5,0,0
2014,487,613,237,119,71,5,0,0
2015,487,613,237,119,71,5,0,0
2016,486,614,238,118,71,5,0,0
2017,486,614,238,118,71,5,0,0
2018,486,614,238,118,71,5,0,0
2019,486,614,238,118,71,5,0,0
2020,486,614,238,118,71,5,0,0
2021,486,614,238,118,71,5,0,0
2022,486,614,238,118,71,5,0,0
2023,486,614,238,118,71,5,0,0
2024,486,614,238,118,71,5,0,0
2025,486,614,238,118,71,5,0,0
2026,487,614,237,118,71,5,0,0
2027,487,614,237,118,71,5,0,0
2028,487,614,237,118,71,5,0,0
2029,487,613,237,118,71,5,0,0
2030,487,614,237,118,71,5,0,0
2031,487,614,237,118,71,5,0,0
2032,487,614,237,118,71,5,0,0
2033,487,614,237,118,71,5,0,0
2034,487,614,237,118,71,5,0,0
2035,487,614,237,118,71,5,0,0
2036,486,613,238,118,71,5,0,0
2037,486,613,237,119,71,5,0,0
2038,486,613,237,119,71,5,0,0
2039,486,613,237,119,71,5,0,0
2040,486,613,237,118,71,5,0,0
2041,486,613,237,119,71,5,0,0
2042,486,613,237,119,71,5,0,0
2043,486,613,237,119,71,5,0,0
2044,486,613,237,119,71,5,0,0
2045,486,613,237,119,71,5,0,0
2046,487,613,237,119,71,5,0,0
2047,487,613,237,119,71,5,0,0
2048,487,613,237,119,71,5,0,0
2049,487,613,236,119,71,5,0,0
2050,487,613,236,118,71,5,0,0
2051,487,613,237,119,71,5,0,0
2052,487,613,237,118,71,5,0,0
2053,487,613,237,118,71,5,0,0
2054,487,613,236,118,71,5,0,0
2055,487,613,237,118,71,5,0,0
2056,487,613,237,118,71,5,0,0
2057,487,613,237,118,71,5,0,0
2058,487,613,237,118,71,5,0,0
2059,487,614,237,118,71,5,0,0
2060,487,614,237,118,71,5,0,0
2061,487,614,237,118,71,5,0,0
2062,487,613,237,118,71,5,0,0
2063,487,614,237,118,71,5,0,0
2064,486,614,237,118,71,5,0,0
2065,486,614,237,118,71,5,0,0
2066,487,614,237,118,71,5,0,0
2067,487,614,237,118,71,5,0,0
2068,487,614,237,118,71,5,0,0
2069,487,614,237,118,71,5,0,0
2070,487,614,236,118,71,5,0,0
2071,487,613,236,119,71,5,0,0
2072,487,614,237,118,71,5,0,0
2073,487,614,237,118,71,5,0,0
2074,487,613,237,118,71,5,0,0
2075,487,613,237,118,71,5,0,0
2076,487,614,237,118,71,5,0,0
2077,487,613,237,118,71,5,0,0
2078,487,613,237,118,71,5,0,0
2079,487,613,237,118,71,5,0,0
2080,487,613,237,118,71,5,0,0
2081,487,613,237,118,71,5,0,0
2082,487,613,237,118,71,5,0,0
2083,487,613,237,118,71,5,0,0
2084,487,613,237,118,71,5,0,0
2085,487,613,237,118,71,5,0,0
2086,487,613,237,118,71,5,0,0
2087,487,614,237,118,71,5,0,0
2088,487,614,237,117,71,5,0,0
2089,487,614,237,117,71,5,0,0
2090,487,614,237,118,71,5,0,0
2091,487,614,237,118,71,5,0,0
2092,487,614,237,118,71,5,0,0
2093,487,614,237,118,71,5,0,0
2094,487,614,237,117,71,5,0,0
2095,487,614,237,117,71,5,0,0
2096,487,614,237,117,71,5,0,0
2097,487,614,237,117,71,5,0,0
2098,486,613,237,118,71,5,0,0
2099,486,614,237,118,71,5,0,0
2100,487,614,236,118,71,5,0,0
2101,487,614,236,118,71,5,0,0
2102,487,614,236,118,71,5,0,0
2103,487,614,236,118,71,5,0,0
2104,487,614,236,118,71,5,0,0
2105,487,614,236,118,71,5,0,0
2106,487,614,236,118,71,5,0,0
2107,487,614,236,118,71,5,0,0
2108,487,614,236,118,71,5,0,0
2109,487,614,236,118,71,5,0,0
2110,487,614,236,118,71,5,0,0
2111,487,614,236,118,71,5,0,0
2112,486,614,237,118,71,5,0,0
2113,486,614,237,118,71,5,0,0
2114,486,614,237,118,71,5,0,0
2115,486,614,237,118,71,5,0,0
2116,486,614,237,118,71,5,0,0
2117,486,614,237,118,71,5,0,0
2118,486,614,237,118,71,5,0,0
2119,486,614,237,118,71,5,0,0
2120,487,614,237,118,71,5,0,0
2121,487,614,237,118,71,5,0,0
2122,487,614,237,118,71,5,0,0
2123,487,614,237,118,71,5,0,0
2124,487,614,236,118,71,5,0,0
2125,487,614,236,118,71,5,0,0
2126,487,614,236,118,71,5,0,0
2127,487,614,236,118,71,5,0,0
2128,487,614,236,118,71,5,0,0
2129,487,614,236,118,71,5,0,0
2130,487,614,236,118,71,5,0,0
2131,487,614,236,118,71,5,0,0
2132,487,614,236,118,71,5,0,0
2133,487,614,237,118,71,5,0,0
2134,487,614,236,118,71,5,0,0
2135,487,614,236,118,71,5,0,0
2136,487,614,236,118,71,5,0,0
2137,487,614,236,118,71,5,0,0
2138,487,614,237,118,71,5,0,0
2139,487,614,237,118,71,5,0,0
2140,487,614,237,118,71,5,0,0
2141,487,614,237,118,71,5,0,0
2142,487,614,237,118,71,5,0,0
2143,487,614,237,118,71,5,0,0
2144,487,614,237,118,71,5,0,0
2145,487,614,237,118,71,5,0,0
2146,487,614,237,118,71,5,0,0
2147,487,614,237,118,71,5,0,0
2148,486,614,237,118,71,5,0,0
2149,486,614,237,118,71,5,0,0
2150,486,614,237,118,71,5,0,0
2151,486,614,237,118,71,5,0,0
2152,486,614,237,118,71,5,0,0
2153,486,614,237,118,71,5,0,0
2154,486,614,237,118,71,5,0,0
2155,486,614,237,118,71,5,0,0
2156,486,614,237,118,71,5,0,0
2157,486,614,237,118,71,5,0,0
2158,486,614,237,118,71,5,0,0
2159,486,614,237,118,71,5,0,0
2160,486,613,237,118,71,5,0,0
2161,486,613,237,118,71,5,0,0
2162,486,613,237,118,71,5,0,0
2163,486,613,237,118,71,5,0,0
2164,486,613,237,118,71,5,0,0
2165,486,613,237,118,71,5,0,0
2166,486,613,237,118,71,5,0,0
2167,486,613,237,118,71,5,0,0
2168,486,613,237,118,71,5,0,0
2169,486,613,237,118,71,5,0,0
2170,486,614,237,118,71,5,0,0
2171,486,614,237,118,71,5,0,0
2172,486,614,237,118,71,5,0,0
2173,486,614,237,118,71,5,0,0
2174,486,614,237,118,71,5,0,0
2175,486,614,237,118,71,5,0,0
2176,486,614,237,118,71,5,0,0
2177,486,614,237,118,71,5,0,0
2178,486,614,237,118,71,5,0,0
2179,486,613,237,118,71,5,0,0
2180,486,613,237,118,71,5,0,0
2181,486,613,237,118,71,5,0,0
2182,487,613,237,118,71,5,0,0
2183,486,613,237,118,71,5,0,0
2184,487,614,237,119,71,5,0,0
2185,487,614,237,119,71,5,0,0
2186,487,614,237,119,71,5,0,0
2187,487,614,237,119,71,5,0,0
2188,487,614,237,119,71,5,0,0
2189,487,614,236,118,71,5,0,0
2190,487,614,236,118,71,5,0,0
2191,487,614,236,118,71,5,0,0
2192,487,614,236,118,71,5,0,0
2193,487,613,236,118,71,5,0,0
2194,487,613,236,118,71,5,0,0
2195,487,614,236,118,71,5,0,0
2196,487,614,236,118,71,5,0,0
2197,487,614,236,118,71,5,0,0
2198,487,614,236,118,71,5,0,0
2199,487,614,236,118,71,5,0,0
2200,487,614,236,118,71,5,0,0
2201,487,614,236,118,71,5,0,0
2202,487,614,236,118,71,5,0,0
2203,487,614,236,118,71,5,0,0
2204,487,614,236,118,71,5,0,0
2205,487,614,236,118,71,5,0,0
2206,487,614,236,118,71,5,0,0
2207,487,614,236,118,71,5,0,0
2208,487,613,237,118,71,5,0,0
2209,487,613,237,118,71,5,0,0
2210,487,613,237,118,71,5,0,0
2211,487,613,237,118,71,5,0,0
2212,487,613,237,118,71,5,0,0
2213,487,613,237,118,71,5,0,0
2214,487,613,237,118,71,5,0,0
2215,487,613,237,118,71,5,0,0
2216,487,613,237,118,71,5,0,0
2217,487,613,237,118,71,5,0,0
2218,487,613,237,118,71,5,0,0
2219,487,613,237,119,71,5,0,0
2220,487,613,237,118,71,5,0,0
2221,487,613,236,118,71,5,0,0
2222,487,613,236,118,71,5,0,0
2223,487,613,236,118,71,5,0,0
2224,487,613,236,119,71,5,0,0
2225,487,613,236,119,71,5,0,0
2226,487,613,236,119,71,5,0,0
2227,487,613,236,119,71,5,0,0
2228,487,613,236,119,71,5,0,0
2229,487,613,237,118,71,5,0,0
2230,487,613,237,118,71,5,0,0
2231,487,613,237,118,71,5,0,0
2232,487,613,237,119,71,5,0,0
2233,487,613,237,119,71,5,0,0
2234,487,613,237,119,71,5,0,0
2235,487,613,237,119,71,5,0,0
2236,487,613,237,119,71,5,0,0
2237,487,613,237,118,71,5,0,0
2238,487,614,237,118,71,5,0,0
2239,488,614,236,118,71,5,0,0
2240,487,614,236,118,71,5,0,0
2241,487,614,236,118,71,5,0,0
2242,487,614,236,118,71,5,0,0
2243,487,614,236,118,71,5,0,0
2244,487,614,236,118,71,5,0,0
2245,487,614,236,118,71,5,0,0
2246,487,614,236,118,71,5,0,0
2247,487,614,236,118,71,5,0,0
2248,487,614,236,118,71,5,0,0
2249,487,614,236,118,71,5,0,0
2250,487,614,236,117,71,5,0,0
2251,487,614,236,117,71,5,0,0
2252,487,614,236,117,71,5,0,0
2253,487,614,236,117,71,5,0,0
2254,487,614,236,117,71,5,0,0
2255,487,614,236,118,71,5,0,0
2256,488,614,236,118,71,5,0,0
2257,488,614,236,118,71,5,0,0
2258,488,614,236,118,71,5,0,0
2259,487,614,237,118,71,5,0,0
2260,487,614,237,118,71,5,0,0
2261,487,614,237,118,71,5,0,0
2262,487,614,237,118,71,5,0,0
2263,487,614,237,118,71,5,0,0
2264,487,614,237,118,71,5,0,0
2265,487,614,237,118,71,5,0,0
2266,487,614,237,118,71,5,0,0
2267,487,614,237,118,71,5,0,0
2268,487,614,237,118,71,5,0,0
2269,487,613,237,119,71,5,0,0
2270,487,613,236,119,71,5,0,0
2271,487,613,236,119,71,5,0,0
2272,487,613,236,119,71,5,0,0
2273,487,613,236,119,71,5,0,0
2274,487,613,236,119,71,5,0,0
2275,487,613,236,119,71,5,0,0
2276,487,613,236,119,71,5,0,0
2277,487,613,236,119,71,5,0,0
2278,487,613,236,119,71,5,0,0
0,835,680,147,85,72,3,0,8
1,835,679,148,85,72,3,0,7
2,835,680,148,85,72,3,0,5
3,835,680,148,85,72,3,0,3
4,835,680,148,85,72,3,0,2
5,835,680,148,85,72,3,0,1
6,835,680,148,85,72,3,0,0
7,835,680,148,85,72,3,0,0
8,835,680,148,85,72,3,0,0
9,835,680,148,85,72,3,0,0
10,835,680,147,85,72,3,0,0
11,835,680,147,85,72,3,0,0
12,835,680,148,85,72,3,0,0
13,835,680,148,85,72,3,0,0
14,835,680,148,85,72,3,0,0
15,835,680,148,85,72,3,0,0
16,835,680,148,85,72,3,0,0
17,835,680,148,85,72,3,0,0
18,835,680,148,85,72,3,0,0
19,835,680,148,85,72,3,0,0
20,835,680,148,85,72,3,0,0
21,835,680,148,85,72,3,0,0
22,835,680,148,85,72,3,0,0
23,835,680,148,85,72,3,0,0
24,835,679,148,85,72,3,0,0
25,835,679,148,85,72,3,0,0
26,835,679,148,85,72,3,0,0
27,835,679,148,85,72,3,0,0
28,835,679,148,85,72,3,0,0
29,835,679,148,85,72,3,0,0
30,835,679,148,85,72,3,0,0
31,835,680,148,85,72,3,0,0
32,835,679,148,85,72,3,0,0
33,835,679,148,85,72,3,0,0
34,835,679,148,85,72,3,0,0
35,835,679,148,85,72,3,0,0
36,835,680,148,85,72,3,0,0
37,835,680,148,85,72,3,0,0
38,835,679,148,85,72,3,0,0
39,835,679,148,85,72,3,0,0
40,835,680,148,85,72,3,0,0
41,835,679,148,86,72,3,0,0
42,835,680,148,86,72,3,0,0
43,835,680,148,86,72,3,0,0
44,835,679,148,86,72,3,0,0
45,835,679,148,86,72,3,0,0
46,835,679,148,86,72,3,0,0
47,835,679,148,86,72,3,0,0
48,835,679,148,85,72,3,0,0
49,835,679,148,85,72,3,0,0
50,835,679,148,85,72,3,0,0
51,835,679,148,85,72,3,0,0
52,835,679,148,85,72,3,0,0
53,835,679,148,85,72,3,0,0
54,835,680,148,85,72,3,0,0
55,835,680,148,85,72,3,0,0
56,835,680,148,85,72,3,0,0
57,835,680,148,85,72,3,0,0
58,835,680,148,85,72,3,0,0
59,835,680,148,85,72,3,0,0
60,835,680,148,85,72,3,0,0
61,835,680,148,85,72,3,0,0
62,835,680,148,85,72,3,0,0
63,835,680,148,85,72,3,0,0
64,835,680,148,85,72,3,0,0
65,835,680,148,85,72,3,0,0
66,835,680,148,85,72,3,0,0
67,835,680,148,85,72,3,0,0
68,835,680,148,85,72,3,0,0
69,835,680,148,85,72,3,0,0
70,835,680,148,85,72,3,0,0
71,835,680,148,85,72,3,0,0
72,835,680,147,86,72,3,0,0
73,835,680,147,86,72,3,0,0
74,835,680,148,86,72,3,0,0
75,835,680,148,86,72,3,0,0
76,835,679,148,86,72,3,0,0
77,835,680,148,86,72,3,0,0
78,835,680,148,86,72,3,0,0
79,835,680,148,86,72,3,0,0
80,835,680,148,85,72,3,0,0
81,835,680,148,85,72,3,0,0
82,835,680,148,85,72,3,0,0
83,835,680,148,85,72,3,0,0
84,835,680,147,85,72,3,0,0
85,835,680,147,85,72,3,0,0
86,835,680,147,85,72,3,0,0
87,835,680,147,85,72,3,0,0
88,835,680,147,85,72,3,0,0
89,835,680,147,85,72,3,0,0
90,835,680,147,85,72,3,0,0
91,835,680,148,85,72,3,0,0
92,835,680,147,85,72,3,0,0
93,835,680,147,85,72,3,0,0
94,835,680,148,85,72,3,0,0
95,835,680,147,85,72,3,0,0
96,835,680,147,85,72,3,0,0
97,835,680,147,85,72,3,0,0
98,835,680,147,85,72,3,0,0
99,835,680,147,85,72,3,0,0
100,835,680,147,85,72,3,0,0
101,835,680,147,85,72,3,0,0
102,835,680,147,85,72,3,0,0
103,835,680,147,85,72,3,0,0
104,835,680,147,85,72,3,0,0
105,835,680,147,85,72,3,0,0
106,835,680,147,85,72,3,0,0
107,835,680,147,85,72,3,0,0
108,835,680,147,85,72,3,0,0
109,835,680,147,85,72,3,0,0
110,835,680,147,85,72,3,0,0
111,835,680,147,85,72,3,0,0
112,835,680,147,85,72,3,0,0
113,835,680,147,85,72,3,0,0
114,835,680,147,85,72,3,0,0
115,835,680,147,85,72,3,0,0
116,835,680,147,85,72,3,0,0
117,835,680,147,85,72,3,0,0
118,835,680,147,85,72,3,0,0
119,835,680,147,85,72,3,0,0
120,835,680,147,85,72,3,0,0
121,835,680,147,85,72,3,0,0
122,835,680,147,85,72,3,0,0
123,835,680,147,85,72,3,0,0
124,835,680,147,85,72,3,0,0
125,835,680,147,85,72,3,0,0
126,835,680,147,85,72,3,0,0
127,835,680,147,85,72,3,0,0
128,835,680,147,85,72,3,0,0
129,835,680,147,85,72,3,0,0
130,835,680,147,85,72,3,0,0
131,835,680,147,85,72,3,0,0
132,835,680,147,85,72,3,0,0
133,835,680,147,85,72,3,0,0
134,835,680,147,85,72,3,0,0
135,835,680,147,85,72,3,0,0
136,835,680,147,85,72,3,0,0
137,835,680,147,85,72,3,0,0
138,835,680,147,85,72,3,0,0
139,835,680,147,85,72,3,0,0
140,835,680,147,85,72,3,0,0
141,835,680,147,85,72,3,0,0
142,835,680,147,85,72,3,0,0
143,835,680,147,85,72,3,0,0
144,834,680,148,85,72,3,0,0
145,834,680,148,85,72,3,0,0
146,834,680,148,85,72,3,0,0
147,834,680,148,85,72,3,0,0
148,834,680,147,85,72,3,0,0
149,834,680,147,85,72,3,0,0
150,834,680,147,85,72,3,0,0
151,834,680,147,85,72,3,0,0
152,834,680,147,85,72,3,0,0
153,834,680,147,85,72,3,0,0
154,834,680,147,85,72,3,0,0
155,834,680,147,85,72,3,0,0
156,834,680,147,85,72,3,0,0
157,834,680,147,85,72,3,0,0
158,834,680,147,85,72,3,0,0
159,834,680,147,85,72,3,0,0
160,834,680,147,85,72,3,0,0
161,834,680,147,85,72,3,0,0
162,834,680,147,85,72,3,0,0
163,834,680,147,85,72,3,0,0
164,834,680,147,85,72,3,0,0
165,834,680,147,85,72,3,0,0
166,834,680,147,85,72,3,0,0
167,834,680,147,85,72,3,0,0
168,834,680,147,85,72,3,0,0
169,834,680,147,85,72,3,0,0
170,834,680,147,85,72,3,0,0
171,834,680,147,85,72,3,0,0
172,834,680,147,85,72,3,0,0
173,834,680,147,85,72,3,0,0
174,834,680,147,85,72,3,0,0
175,835,680,147,85,72,3,0,0
176,835,680,147,85,72,3,0,0
177,834,680,147,85,72,3,0,0
178,834,680,147,85,72,3,0,0
179,834,680,147,85,72,3,0,0
180,834,680,147,85,72,3,0,0
181,834,680,147,85,72,3,0,0
182,835,680,147,85,72,3,0,0
183,834,680,147,85,72,3,0,0
184,834,680,147,85,72,3,0,0
185,834,680,147,85,72,3,0,0
186,834,680,147,85,72,3,0,0
187,834,680,147,85,72,3,0,0
188,834,680,147,85,72,3,0,0
189,835,680,148,85,72,3,0,0
190,834,680,148,85,72,3,0,0
191,834,680,148,85,72,3,0,0
192,835,680,148,84,72,3,0,0
193,835,680,148,84,72,3,0,0
194,835,680,148,85,72,3,0,0
195,835,680,148,85,72,3,0,0
196,835,680,148,85,72,3,0,0
197,835,680,148,85,72,3,0,0
198,835,680,148,85,72,3,0,0
199,835,680,147,85,72,3,0,0
200,835,680,147,85,72,3,0,0
201,835,680,147,85,72,3,0,0
202,835,680,147,85,72,3,0,0
203,835,680,147,85,72,3,0,0
204,836,680,146,85,72,3,0,0
205,836,680,146,85,72,3,0,0
206,836,680,146,85,72,3,0,0
207,836,680,146,85,72,3,0,0
208,836,680,146,85,72,3,0,0
209,836,680,146,85,72,3,0,0
210,836,680,146,85,72,3,0,0
211,836,680,146,85,72,3,0,0
212,836,680,146,85,72,3,0,0
213,836,680,146,85,72,3,0,0
214,836,680,146,85,72,3,0,0
215,836,680,146,85,72,3,0,0
216,836,680,146,84,72,3,0,0
217,836,680,146,84,72,3,0,0
218,836,680,146,84,72,3,0,0
219,836,680,146,84,72,3,0,0
220,835,680,147,84,72,3,0,0
221,835,680,147,84,72,3,0,0
222,836,680,146,84,72,3,0,0
223,836,680,146,84,72,3,0,0
224,836,680,146,84,72,3,0,0
225,836,680,146,84,72,3,0,0
226,836,680,146,84,72,3,0,0
227,836,680,146,84,72,3,0,0
228,836,680,146,84,72,3,0,0
229,836,680,146,84,72,3,0,0
230,836,680,146,84,72,3,0,0
231,836,680,146,84,72,3,0,0
232,836,680,146,84,72,3,0,0
233,836,680,146,84,72,3,0,0
234,836,680,146,84,72,3,0,0
235,836,680,146,84,72,3,0,0
236,836,680,146,84,72,3,0,0
237,836,680,146,84,72,3,0,0
238,836,680,146,84,72,3,0,0
239,836,680,146,84,72,3,0,0
240,836,680,146,84,72,3,0,0
241,836,680,146,84,72,3,0,0
242,836,680,146,84,72,3,0,0
243,836,680,146,84,72,3,0,0
244,836,680,146,84,72,3,0,0
245,836,680,146,84,72,3,0,0
246,836,680,146,84,72,3,0,0
247,836,680,145,84,72,3,0,0
248,836,680,145,84,72,3,0,0
249,835,680,147,84,72,3,0,0
250,836,680,146,85,72,3,0,0
251,836,680,146,85,72,3,0,0
252,836,680,147,84,72,3,0,0
253,836,680,147,84,72,3,0,0
254,836,680,147,84,72,3,0,0
255,836,680,147,84,72,3,0,0
256,836,680,147,84,72,3,0,0
257,836,680,147,84,72,3,0,0
258,836,680,147,84,72,3,0,0
259,835,680,147,84,72,3,0,0
260,835,680,147,84,72,3,0,0
261,835,680,147,84,72,3,0,0
262,835,680,147,84,72,3,0,0
263,835,680,147,85,72,3,0,0
264,836,680,146,85,72,3,0,0
265,836,680,146,85,72,3,0,0
266,836,680,146,85,72,3,0,0
267,836,680,146,85,72,3,0,0
268,836,680,146,85,72,3,0,0
269,836,680,146,85,72,3,0,0
270,836,680,146,85,72,3,0,0
271,836,680,146,85,72,3,0,0
272,836,680,146,85,72,3,0,0
273,836,680,146,85,72,3,0,0
274,836,680,146,85,72,3,0,0
275,836,680,146,85,72,3,0,0
276,835,680,147,85,72,3,0,0
277,835,680,147,85,72,3,0,0
278,835,680,147,85,72,3,0,0
279,835,680,147,85,72,3,0,0
280,835,680,147,85,72,3,0,0
281,835,680,147,85,72,3,0,0
282,835,680,147,85,72,3,0,0
283,835,680,147,85,72,3,0,0
284,835,680,147,85,72,3,0,0
285,835,680,147,85,72,3,0,0
286,835,680,147,85,72,3,0,0
287,835,680,147,85,72,3,0,0
288,836,680,146,85,72,3,0,0
289,836,680,146,85,72,3,0,0
290,836,680,146,85,72,3,0,0
291,836,680,146,85,72,3,0,0
292,836,680,146,85,72,3,0,0
293,836,680,146,85,72,3,0,0
294,836,680,146,85,72,3,0,0
295,836,680,146,85,72,3,0,0
296,835,680,147,85,72,3,0,0
297,836,680,146,85,72,3,0,0
298,835,680,147,85,72,3,0,0
299,836,680,146,85,72,3,0,0
300,836,680,146,85,72,3,0,0
301,836,680,146,85,72,3,0,0
302,836,680,146,85,72,3,0,0
303,836,680,146,85,72,3,0,0
304,836,680,146,85,72,3,0,0
305,836,680,146,85,72,3,0,0
306,836,680,146,85,72,3,0,0
307,836,680,146,85,72,3,0,0
308,836,680,146,85,72,3,0,0
309,836,680,146,85,72,3,0,0
310,836,680,146,85,72,3,0,0
311,836,680,146,85,72,3,0,0
312,836,680,146,84,72,3,0,0
313,836,680,146,84,72,3,0,0
314,835,680,147,84,72,3,0,0
315,836,680,146,84,72,3,0,0
316,836,680,146,85,72,3,0,0
317,836,680,146,85,72,3,0,0
318,836,680,146,85,72,3,0,0
319,836,680,146,84,72,3,0,0
320,836,680,146,84,72,3,0,0
321,835,680,146,84,72,3,0,0
322,835,680,146,84,72,3,0,0
323,835,680,146,85,72,3,0,0
324,836,680,146,85,72,3,0,0
325,836,680,146,85,72,3,0,0
326,836,680,146,85,72,3,0,0
327,836,680,146,85,72,3,0,0
328,836,680,146,85,72,3,0,0
329,836,680,146,85,72,3,0,0
330,836,680,146,85,72,3,0,0
331,836,680,146,85,72,3,0,0
332,836,680,146,85,72,3,0,0
333,836,680,146,85,72,3,0,0
334,836,680,146,85,72,3,0,0
335,836,680,146,85,72,3,0,0
336,835,680,146,84,72,3,0,0
337,835,680,146,84,72,3,0,0
338,835,680,146,85,72,3,0,0
339,835,680,146,85,72,3,0,0
340,835,680,146,84,72,3,0,0
341,835,680,146,84,72,3,0,0
342,835,680,147,85,72,3,0,0
343,835,680,147,85,72,3,0,0
344,835,680,147,85,72,3,0,0
345,835,680,147,85,72,3,0,0
346,835,680,147,85,72,3,0,0
347,835,680,147,85,72,3,0,0
348,835,680,148,85,72,3,0,0
349,835,680,148,85,72,3,0,0
350,835,680,148,85,72,3,0,0
351,835,680,148,85,72,3,0,0
352,835,680,148,85,72,3,0,0
353,835,680,148,85,72,3,0,0
354,835,680,148,85,72,3,0,0
355,835,680,148,85,72,3,0,0
356,835,680,148,85,72,3,0,0
357,835,680,148,85,72,3,0,0
358,835,680,148,85,72,3,0,0
359,835,680,148,85,72,3,0,0
360,835,680,148,85,72,3,0,0
361,835,680,148,85,72,3,0,0
362,835,680,147,85,72,3,0,0
363,835,680,147,85,72,3,0,0
364,835,680,147,85,72,3,0,0
365,835,680,147,85,72,3,0,0
366,835,680,147,85,72,3,0,0
367,835,680,147,85,72,3,0,0
368,835,680,147,85,72,3,0,0
369,835,680,147,85,72,3,0,0
370,835,679,147,85,72,3,0,0
371,835,680,147,85,72,3,0,0
372,835,679,146,86,72,3,0,0
373,835,679,146,86,72,3,0,0
374,836,679,146,86,72,3,0,0
375,836,679,146,86,72,3,0,0
376,836,679,146,86,72,3,0,0
377,836,679,146,86,72,3,0,0
378,836,679,146,86,72,3,0,0
379,836,679,146,86,72,3,0,0
380,836,679,146,86,72,3,0,0
381,836,679,146,86,72,3,0,0
382,836,679,146,86,72,3,0,0
383,836,679,146,86,72,3,0,0
384,836,679,146,86,72,3,0,0
385,836,679,146,86,72,3,0,0
386,835,679,147,86,72,3,0,0
387,835,679,147,86,72,3,0,0
388,835,679,147,86,72,3,0,0
389,835,679,147,86,72,3,0,0
390,835,679,147,86,72,3,0,0
391,835,679,147,86,72,3,0,0
392,835,679,147,86,72,3,0,0
393,835,679,147,86,72,3,0,0
394,835,679,147,86,72,3,0,0
395,835,679,147,86,72,3,0,0
396,836,679,146,86,72,3,0,0
397,836,679,146,86,72,3,0,0
398,836,679,146,86,72,3,0,0
399,836,679,146,86,72,3,0,0
400,836,679,146,86,72,3,0,0
401,836,679,146,86,72,3,0,0
402,836,679,146,86,72,3,0,0
403,836,679,146,86,72,3,0,0
404,836,679,146,86,72,3,0,0
405,836,679,146,86,72,3,0,0
406,836,679,146,86,72,3,0,0
407,836,679,146,86,72,3,0,0
408,836,679,146,86,72,3,0,0
409,836,679,146,86,72,3,0,0
410,836,679,146,86,72,3,0,0
411,836,679,146,86,72,3,0,0
412,836,679,146,86,72,3,0,0
413,836,679,146,86,72,3,0,0
414,836,679,146,86,72,3,0,0
415,836,679,146,86,72,3,0,0
416,836,679,146,86,72,3,0,0
417,836,679,146,86,72,3,0,0
418,836,679,146,86,72,3,0,0
419,836,679,146,86,72,3,0,0
420,836,679,146,86,72,3,0,0
421,836,679,146,86,72,3,0,0
422,835,680,146,86,72,3,0,0
423,835,680,146,86,72,3,0,0
424,835,680,146,85,72,3,0,0
425,835,680,148,85,72,3,0,0
426,835,680,148,85,72,3,0,0
427,835,680,148,85,72,3,0,0
428,835,680,148,85,72,3,0,0
429,835,680,146,86,72,3,0,0
430,835,680,146,86,72,3,0,0
431,835,680,146,86,72,3,0,0
432,835,680,148,85,72,3,0,0
433,835,680,149,85,72,3,0,0
434,835,680,149,85,72,3,0,1
435,835,680,148,85,72,3,0,1
436,835,680,148,85,72,3,0,1
437,835,680,148,85,72,3,0,1
438,835,680,148,85,72,3,0,0
439,835,680,147,85,72,3,0,0
440,835,680,148,85,72,3,0,1
441,835,680,148,85,72,3,0,2
442,835,680,151,83,72,3,0,4
443,835,680,150,83,72,3,0,5
444,835,680,152,83,72,3,0,4
445,834,680,145,82,72,3,0,4
446,835,680,141,83,72,3,0,3
447,835,680,136,82,72,3,0,3
464,835,679,149,93,72,3,0,3
465,835,679,148,88,72,3,0,2
466,835,680,146,86,72,3,0,1
467,835,680,146,85,72,3,0,0
468,835,679,147,85,72,3,0,1
469,835,681,147,83,72,3,0,1
470,834,682,147,82,72,3,0,2
471,834,680,148,85,72,3,0,1
472,834,680,147,86,72,3,0,0
473,833,680,148,85,72,3,0,0
474,835,678,147,87,72,3,0,0
475,835,678,146,87,72,3,0,1
476,836,678,146,87,72,3,0,1
477,837,678,145,86,72,3,0,1
478,832,679,150,86,72,3,0,2
479,822,679,160,86,72,3,0,4
480,815,679,167,86,72,3,0,6
481,813,679,169,86,72,3,0,7
482,811,679,170,85,72,3,0,7
483,811,679,170,85,72,3,0,5
484,808,679,173,85,72,3,0,3
485,794,679,187,85,72,3,0,3
486,833,679,149,85,72,3,0,4
487,833,679,149,85,72,3,0,6
488,834,679,148,85,72,3,0,6
489,834,679,149,85,72,3,0,5
490,834,679,148,85,72,3,0,4
491,835,680,148,85,72,3,0,2
492,834,680,149,85,72,3,0,2
493,834,680,148,85,72,3,0,1
494,835,680,148,85,72,3,0,1
495,835,680,148,85,72,3,0,0
496,835,680,148,85,72,3,0,0
497,835,680,148,85,72,3,0,0
498,835,680,148,85,72,3,0,0
499,835,680,148,85,72,3,0,0
500,835,679,148,85,72,3,0,0
501,835,679,148,85,72,3,0,0
502,835,680,148,85,72,3,0,0
503,835,680,148,85,72,3,0,0
504,835,680,148,84,72,3,0,0
505,835,680,148,84,72,3,0,0
506,835,680,148,85,72,3,0,0
507,835,680,148,85,72,3,0,0
508,835,680,148,85,72,3,0,0
509,835,680,148,84,72,3,0,0
510,835,680,148,85,72,3,0,0
511,835,680,148,85,72,3,0,0
512,835,680,148,85,72,3,0,0
513,835,680,147,85,72,3,0,0
514,835,680,147,85,72,3,0,0
515,835,680,147,85,72,3,0,0
516,836,680,147,85,72,3,0,0
517,836,680,147,85,72,3,0,0
518,835,680,147,84,72,3,0,0
519,835,680,147,84,72,3,0,0
520,835,680,147,85,72,3,0,0
521,835,680,147,85,72,3,0,0
522,835,680,147,84,72,3,0,0
523,835,680,147,85,72,3,0,0
524,835,680,147,85,72,3,0,0
525,835,680,147,85,72,3,0,0
526,835,680,147,85,72,3,0,0
527,835,680,147,85,72,3,0,0
528,835,680,147,85,72,3,0,0
529,835,680,147,85,72,3,0,0
530,835,680,147,84,72,3,0,0
531,835,680,147,84,72,3,0,0
532,835,680,147,84,72,3,0,0
533,835,679,147,85,72,3,0,0
534,836,679,147,85,72,3,0,0
535,836,679,146,85,72,3,0,0
536,836,679,146,85,72,3,0,0
537,836,679,146,85,72,3,0,0
538,836,679,146,85,72,3,0,0
539,836,679,146,85,72,3,0,0
540,835,680,147,85,72,3,0,0
541,835,680,147,85,72,3,0,0
542,835,680,147,85,72,3,0,0
543,835,680,147,85,72,3,0,0
544,835,680,147,85,72,3,0,0
545,835,680,147,85,72,3,0,0
546,835,680,147,85,72,3,0,0
547,835,680,147,85,72,3,0,0
548,835,680,147,85,72,3,0,0
549,835,680,147,85,72,3,0,0
550,835,680,147,85,72,3,0,0
551,835,680,147,85,72,3,0,0
552,835,679,147,85,72,3,0,0
553,835,679,147,85,72,3,0,0
554,835,679,147,85,72,3,0,0
555,835,679,147,85,72,3,0,1
556,835,679,147,85,72,3,0,1
557,835,679,147,85,72,3,0,0
558,835,679,147,85,72,3,0,0
559,835,679,147,85,72,3,0,0
560,835,679,147,85,72,3,0,0
561,835,679,147,85,72,3,0,0
562,835,679,147,85,72,3,0,0
563,835,679,147,85,72,3,0,0
564,835,680,147,84,72,3,0,0
565,835,679,147,85,72,3,0,0
566,835,679,147,85,72,3,0,0
567,835,679,147,85,72,3,0,0
568,835,679,147,85,72,3,0,0
569,835,679,147,85,72,3,0,0
570,835,679,147,85,72,3,0,0
571,835,679,147,85,72,3,0,0
572,835,679,147,85,72,3,0,0
573,835,679,147,85,72,3,0,0
574,835,679,147,85,72,3,0,0
575,835,679,147,85,72,3,0,0
576,835,680,147,85,72,3,0,0
577,835,680,147,85,72,3,0,0
578,835,680,147,85,72,3,0,0
579,835,680,147,85,72,3,0,1
580,835,680,148,85,72,3,0,1
581,835,680,148,85,72,3,0,0
582,835,680,147,85,72,3,0,0
583,835,680,147,85,72,3,0,0
584,835,680,147,85,72,3,0,0
585,835,680,148,85,72,3,0,0
586,835,680,148,85,72,3,0,0
587,835,680,148,85,72,3,0,0
588,835,679,147,85,72,3,0,0
589,835,679,148,85,72,3,0,0
590,835,679,147,85,72,3,0,0
591,835,679,147,85,72,3,0,0
592,835,679,148,85,72,3,0,0
593,835,680,148,85,72,3,0,0
594,835,680,147,85,72,3,0,0
595,835,680,147,85,72,3,0,0
596,835,680,147,85,72,3,0,0
597,835,680,147,85,72,3,0,0
598,835,680,147,85,72,3,0,0
599,835,680,147,85,72,3,0,0
600,835,680,147,85,72,3,0,0
601,835,680,147,85,72,3,0,0
602,835,680,147,85,72,3,0,0
603,835,679,147,85,72,3,0,0
604,835,679,147,85,72,3,0,0
605,835,679,147,85,72,3,0,0
606,835,679,147,85,72,3,0,0
607,835,679,147,85,72,3,0,0
608,835,679,147,85,72,3,0,0
609,835,679,147,85,72,3,0,0
610,835,679,147,85,72,3,0,0
611,835,679,147,85,72,3,0,0
612,835,680,148,86,72,3,0,1
613,835,680,148,86,72,3,0,1
614,835,680,148,86,72,3,0,1
615,835,680,148,86,72,3,0,1
616,835,680,148,86,72,3,0,1
617,835,680,148,86,72,3,0,1
618,835,679,148,85,72,3,0,1
619,835,679,148,85,72,3,0,1
620,835,679,148,85,72,3,0,1
621,835,679,148,85,72,3,0,1
622,835,679,148,86,72,3,0,1
623,835,679,148,86,72,3,0,1
624,835,680,146,85,72,3,0,1
625,835,680,146,85,72,3,0,1
626,835,680,146,85,72,3,0,1
627,835,680,146,85,72,3,0,1
628,835,680,146,85,72,3,0,0
629,835,680,146,85,72,3,0,0
630,835,680,147,85,72,3,0,0
631,835,680,146,85,72,3,0,0
632,835,680,146,85,72,3,0,0
633,835,680,148,85,72,3,0,0
634,835,680,147,86,72,3,0,0
635,835,680,147,86,72,3,0,0
636,835,680,148,85,72,3,0,0
637,835,680,148,85,72,3,0,0
638,835,680,148,85,72,3,0,0
639,835,680,148,85,72,3,0,0
640,835,680,148,85,72,3,0,0
641,835,680,148,85,72,3,0,0
642,835,680,148,85,72,3,0,0
643,835,680,148,85,72,3,0,0
644,835,680,148,85,72,3,0,0
645,835,680,148,85,72,3,0,0
646,835,680,148,85,72,3,0,0
647,835,680,148,85,72,3,0,0
648,835,680,147,86,72,3,0,0
649,835,680,147,86,72,3,0,0
650,834,680,148,85,72,3,0,0
651,835,680,147,86,72,3,0,0
652,835,680,147,86,72,3,0,0
653,835,680,147,85,72,3,0,0
654,834,680,148,85,72,3,0,0
655,834,680,148,85,72,3,0,0
656,834,680,148,85,72,3,0,0
657,834,680,148,85,72,3,0,0
658,834,680,148,85,72,3,0,0
659,834,680,148,85,72,3,0,0
660,835,681,147,85,72,3,0,0
661,835,681,147,85,72,3,0,0
662,835,681,147,85,72,3,0,0
663,835,681,147,85,72,3,0,0
664,834,680,148,85,72,3,0,0
665,834,680,148,85,72,3,0,0
666,834,680,148,85,72,3,0,1
667,834,680,148,85,72,3,0,1
668,834,680,148,85,72,3,0,1
669,834,680,148,85,72,3,0,0
670,834,680,148,85,72,3,0,0
671,834,680,148,85,72,3,0,0
672,834,680,148,85,72,3,0,0
673,834,680,148,85,72,3,0,0
674,835,680,148,84,72,3,0,0
675,835,680,148,84,72,3,0,0
676,835,680,148,84,72,3,0,0
677,835,680,148,84,72,3,0,0
678,835,680,148,84,72,3,0,0
679,835,680,148,84,72,3,0,0
680,835,680,148,84,72,3,0,0
681,835,680,148,84,72,3,0,0
682,835,680,148,84,72,3,0,0
683,835,680,148,84,72,3,0,0
684,835,681,147,84,72,3,0,1
685,835,681,147,84,72,3,0,1
686,835,681,147,84,72,3,0,1
687,835,681,147,84,72,3,0,1
688,835,681,147,84,72,3,0,1
689,835,681,147,84,72,3,0,0
690,835,681,147,84,72,3,0,0
691,835,681,147,84,72,3,0,0
692,835,681,147,84,72,3,0,0
693,835,681,147,84,72,3,0,0
694,835,680,147,84,72,3,0,0
695,835,680,146,84,72,3,0,0
696,836,680,146,84,72,3,0,0
697,836,680,146,84,72,3,0,0
698,836,680,146,85,72,3,0,0
699,836,680,146,85,72,3,0,0
700,836,680,146,85,72,3,0,0
701,836,680,146,85,72,3,0,0
702,836,680,146,85,72,3,0,0
703,836,680,146,84,72,3,0,0
704,836,680,146,85,72,3,0,0
705,835,680,147,84,72,3,0,0
706,835,680,147,84,72,3,0,0
707,835,680,147,84,72,3,0,0
708,835,680,148,84,72,3,0,0
709,835,680,148,84,72,3,0,0
710,835,680,148,84,72,3,0,0
711,835,680,148,84,72,3,0,0
712,835,680,148,84,72,3,0,0
713,835,680,148,84,72,3,0,0
714,835,680,148,84,72,3,0,0
715,835,680,148,84,72,3,0,0
716,835,681,148,84,72,3,0,0
717,835,681,148,84,72,3,0,0
718,835,681,148,84,72,3,0,0
719,835,681,148,84,72,3,0,0
720,835,681,148,84,72,3,0,0
721,835,681,148,84,72,3,0,0
722,835,681,148,84,72,3,0,0
723,835,681,147,84,72,3,0,0
724,835,681,147,84,72,3,0,0
725,835,681,147,84,72,3,0,0
726,835,681,147,84,72,3,0,0
727,835,681,147,84,72,3,0,0
728,835,681,147,84,72,3,0,0
729,835,681,147,84,72,3,0,0
730,835,681,147,85,72,3,0,0
731,835,681,147,85,72,3,0,0
732,835,681,147,84,72,3,0,0
733,835,681,147,84,72,3,0,0
734,835,680,148,85,72,3,0,1
735,835,680,148,85,72,3,0,1
736,835,680,148,85,72,3,0,1
737,835,680,148,85,72,3,0,0
738,835,680,148,85,72,3,0,0
739,835,680,148,85,72,3,0,0
740,835,680,148,85,72,3,0,0
741,834,680,149,85,72,3,0,0
742,835,680,148,85,72,3,0,0
743,835,680,148,85,72,3,0,0
744,835,680,148,85,72,3,0,0
745,835,680,148,85,72,3,0,0
746,835,680,147,84,72,3,0,0
747,835,680,147,84,72,3,0,0
748,835,680,147,84,72,3,0,0
749,835,680,147,84,72,3,0,0
750,835,680,147,84,72,3,0,0
751,835,680,147,85,72,3,0,0
752,835,680,147,85,72,3,0,0
753,835,680,147,85,72,3,0,0
754,835,680,147,85,72,3,0,0
755,835,680,147,84,72,3,0,0
756,835,679,148,85,72,3,0,0
757,835,679,147,85,72,3,0,0
758,835,679,147,85,72,3,0,0
759,835,679,148,85,72,3,0,0
760,835,680,148,85,72,3,0,0
761,835,680,148,85,72,3,0,0
762,835,679,148,85,72,3,0,0
763,835,679,148,85,72,3,0,0
764,835,679,148,85,72,3,0,0
765,835,679,148,85,72,3,0,0
766,835,680,147,85,72,3,0,0
767,835,680,147,85,72,3,0,0
768,836,680,147,84,72,3,0,0
769,835,680,147,84,72,3,0,0
770,836,680,147,84,72,3,0,0
771,836,680,147,84,72,3,0,0
772,835,680,147,84,72,3,0,0
773,836,680,147,84,72,3,0,0
774,836,680,147,84,72,3,0,0
775,836,680,147,84,72,3,0,0
776,835,680,147,84,72,3,0,0
777,835,680,147,84,72,3,0,0
778,835,680,147,84,72,3,0,0
779,835,680,147,84,72,3,0,0
780,836,680,146,84,72,3,0,0
781,836,680,146,85,72,3,0,0
782,836,680,146,85,72,3,0,0
783,836,680,146,85,72,3,0,1
784,836,680,146,85,72,3,0,1
785,836,680,146,85,72,3,0,1
786,836,680,146,85,72,3,0,1
787,836,680,146,85,72,3,0,1
788,836,680,146,85,72,3,0,1
789,836,680,146,85,72,3,0,1
790,836,680,146,84,72,3,0,0
791,836,680,146,84,72,3,0,0
792,836,681,146,84,72,3,0,0
793,835,681,146,84,72,3,0,0
794,835,681,146,84,72,3,0,0
795,835,680,147,84,72,3,0,0
796,835,680,147,84,72,3,0,0
797,835,680,147,84,72,3,0,1
798,835,680,148,84,72,3,0,1
799,835,680,148,84,72,3,0,1
800,835,681,148,84,72,3,0,0
801,835,680,147,84,72,3,0,0
802,835,680,147,84,72,3,0,0
803,835,680,147,84,72,3,0,0
804,836,680,146,85,72,3,0,0
805,836,680,146,85,72,3,0,0
806,835,680,148,84,72,3,0,0
807,835,680,148,84,72,3,0,0
808,835,680,148,84,72,3,0,0
809,835,680,148,84,72,3,0,0
810,835,680,148,84,72,3,0,0
811,835,680,148,84,72,3,0,0
812,835,680,148,84,72,3,0,0
813,835,680,148,84,72,3,0,0
814,835,680,148,84,72,3,0,0
815,835,680,148,84,72,3,0,0
816,834,680,148,85,72,3,0,1
817,835,680,148,85,72,3,0,1
818,835,680,148,85,72,3,0,1
819,835,680,148,85,72,3,0,1
820,835,680,148,85,72,3,0,1
821,834,680,148,85,72,3,0,1
822,835,680,148,85,72,3,0,0
823,835,680,148,85,72,3,0,0
824,835,679,148,85,72,3,0,0
825,835,680,148,85,72,3,0,0
826,835,680,148,85,72,3,0,0
827,835,680,148,85,72,3,0,0
828,835,680,148,85,72,3,0,0
829,835,680,148,85,72,3,0,0
830,835,679,148,86,72,3,0,0
831,835,679,148,86,72,3,0,0
832,835,679,148,86,72,3,0,0
833,835,679,148,86,72,3,0,0
834,835,679,148,86,72,3,0,0
835,835,679,148,86,72,3,0,0
836,835,680,148,85,72,3,0,0
837,835,680,148,85,72,3,0,0
838,835,680,148,85,72,3,0,0
839,835,680,148,85,72,3,0,0
840,835,680,148,85,72,3,0,0
841,835,680,148,85,72,3,0,0
842,835,680,148,85,72,3,0,0
843,834,680,148,85,72,3,0,0
844,834,680,148,85,72,3,0,0
845,834,680,148,85,72,3,0,0
846,834,680,148,85,72,3,0,0
847,834,680,149,85,72,3,0,0
848,834,680,148,85,72,3,0,0
849,834,680,149,85,72,3,0,0
850,835,679,148,85,72,3,0,1
851,835,679,148,86,72,3,0,1
852,835,679,147,86,72,3,0,1
853,835,679,148,86,72,3,0,1
854,835,679,148,86,72,3,0,1
855,835,679,148,86,72,3,0,0
856,835,679,147,86,72,3,0,0
857,835,679,148,86,72,3,0,0
858,835,679,148,86,72,3,0,0
859,835,679,147,86,72,3,0,0
860,835,679,148,86,72,3,0,0
861,835,679,148,86,72,3,0,0
862,835,680,148,85,72,3,0,0
863,835,680,148,85,72,3,0,0
864,835,680,148,85,72,3,0,0
865,835,680,148,85,72,3,0,0
866,835,680,148,85,72,3,0,0
867,835,680,148,85,72,3,0,0
868,835,680,147,85,72,3,0,0
869,835,680,147,85,72,3,0,0
870,835,680,147,85,72,3,0,0
871,835,680,147,85,72,3,0,1
872,835,680,147,87,72,3,0,5
873,836,680,148,83,72,3,0,5
874,835,680,150,81,72,3,0,5
875,835,680,148,85,72,3,0,2
876,835,680,148,85,72,3,0,2
877,835,680,148,86,72,3,0,3
878,835,680,148,86,72,3,0,5
879,834,680,148,85,72,3,0,5
880,834,680,148,85,72,3,0,4
881,834,680,148,85,72,3,0,2
882,834,680,147,86,72,3,0,1
883,833,680,149,85,72,3,0,1
884,836,681,146,85,72,3,0,1
885,834,681,148,86,72,3,0,2
886,836,680,147,87,72,3,0,3
887,835,679,146,88,72,3,0,3
888,835,679,146,90,72,3,0,3
889,835,680,145,86,72,3,0,3
890,835,680,152,90,72,3,0,3
891,836,680,165,92,72,3,0,3
892,835,680,149,85,72,3,0,3
893,835,680,147,86,72,3,0,2
894,835,680,147,86,72,3,0,3
895,836,680,146,86,72,3,0,2
896,835,680,147,85,72,3,0,2
897,836,680,146,86,72,3,0,0
898,835,680,147,85,72,3,0,0
899,835,680,147,85,72,3,0,0
900,835,680,146,86,72,3,0,0
901,835,680,147,85,72,3,0,0
902,835,680,146,86,72,3,0,0
903,835,680,146,86,72,3,0,0
904,835,680,146,85,72,3,0,0
905,836,680,146,85,72,3,0,0
906,836,680,146,85,72,3,0,0
907,836,680,146,85,72,3,0,0
908,835,680,146,85,72,3,0,0
909,836,680,146,85,72,3,0,0
910,835,680,146,85,72,3,0,0
911,835,680,146,85,72,3,0,0
912,835,680,146,85,72,3,0,0
913,835,680,147,85,72,3,0,0
914,835,680,146,85,72,3,0,0
915,835,680,147,85,72,3,0,0
916,835,680,147,85,72,3,0,0
917,835,680,146,85,72,3,0,0
918,835,680,146,85,72,3,0,0
919,835,680,146,85,72,3,0,0
920,835,680,146,85,72,3,0,0
921,835,680,146,85,72,3,0,0
922,835,680,146,85,72,3,0,0
923,835,680,146,85,72,3,0,0
924,835,680,146,85,72,3,0,0
925,835,680,146,85,72,3,0,0
926,835,680,146,85,72,3,0,0
927,835,680,146,85,72,3,0,0
928,835,680,147,85,72,3,0,0
929,835,680,147,85,72,3,0,0
930,835,680,147,85,72,3,0,0
931,835,680,147,85,72,3,0,0
932,835,680,147,85,72,3,0,0
933,835,680,147,85,72,3,0,0
934,835,680,147,86,72,3,0,0
935,835,680,147,85,72,3,0,0
936,835,679,148,85,72,3,0,0
937,835,679,148,85,72,3,0,0
938,835,680,148,85,72,3,0,0
939,835,680,148,85,72,3,0,0
940,835,680,148,85,72,3,0,0
941,835,680,148,85,72,3,0,0
942,835,680,148,85,72,3,0,0
943,835,680,148,85,72,3,0,0
944,835,680,148,85,72,3,0,0
945,835,680,148,85,72,3,0,0
946,835,680,148,85,72,3,0,0
947,835,680,148,85,72,3,0,0
948,835,680,147,84,72,3,0,0
949,835,680,147,84,72,3,0,0
950,835,680,147,84,72,3,0,0
951,835,680,147,84,72,3,0,0
952,835,680,147,85,72,3,0,0
953,835,680,148,85,72,3,0,0
954,835,680,147,85,72,3,0,0
955,835,680,147,85,72,3,0,0
956,835,680,147,85,72,3,0,0
957,835,680,148,85,72,3,0,0
958,835,680,147,85,72,3,0,0
959,835,680,147,85,72,3,0,0
960,835,679,147,86,72,3,0,0
961,835,679,147,86,72,3,0,0
962,835,679,147,85,72,3,0,0
963,835,679,147,85,72,3,0,0
964,835,679,147,85,72,3,0,0
965,835,679,147,85,72,3,0,0
966,835,679,147,85,72,3,0,0
967,835,679,147,85,72,3,0,0
968,835,679,148,86,72,3,0,0
969,835,679,148,86,72,3,0,0
970,835,679,148,86,72,3,0,0
971,835,679,148,86,72,3,0,0
972,835,679,147,86,72,3,0,0
973,835,679,148,86,72,3,0,0
974,835,679,147,86,72,3,0,0
975,835,679,147,86,72,3,0,0
976,835,679,148,86,72,3,0,0
977,835,679,148,86,72,3,0,0
978,835,679,147,86,72,3,0,0
979,835,679,148,86,72,3,0,0
980,835,679,147,86,72,3,0,0
981,835,679,147,86,72,3,0,0
982,836,679,147,86,72,3,0,0
983,836,679,146,86,72,3,0,0
984,837,679,145,86,72,3,0,0
985,838,679,144,86,72,3,0,0
986,839,679,143,86,72,3,0,0
987,841,679,141,87,72,3,0,0
988,843,679,139,87,72,3,0,0
989,845,679,138,87,72,3,0,0
990,846,679,137,87,72,3,0,1
991,846,679,136,86,72,3,0,1
992,848,679,134,87,72,3,0,1
993,849,679,133,86,72,3,0,1
994,851,679,131,86,72,3,0,1
995,852,679,129,86,72,3,0,1
996,853,679,128,86,72,3,0,1
997,855,680,127,86,72,3,0,1
998,857,680,125,86,72,3,0,2
999,858,680,124,86,72,3,0,3
1000,858,679,123,86,72,3,0,4
1001,860,679,122,86,72,3,0,4
1002,861,679,121,86,72,3,0,4
1003,862,680,120,85,72,3,0,4
1004,862,680,120,86,72,3,0,3
1005,864,680,118,85,72,3,0,3
1006,864,680,117,85,72,3,0,2
1007,868,679,114,86,72,3,0,3
1008,872,680,109,86,72,3,0,4
1009,874,679,107,86,72,3,0,4
1010,876,679,105,86,72,3,0,4
1011,876,679,105,86,72,3,0,2
1012,875,679,106,86,72,3,0,2
1013,878,680,103,86,72,3,0,1
1014,878,680,103,85,72,3,0,1
1015,881,680,100,85,72,3,0,0
1016,883,681,98,85,72,3,0,1
1017,885,682,96,84,72,3,0,2
1018,887,682,94,83,72,3,0,3
1019,892,684,89,82,72,3,0,4
1020,898,685,84,81,72,3,0,5
1021,896,683,85,82,72,3,0,7
1022,908,688,74,77,72,3,0,8
1023,910,689,72,76,72,3,0,9
1024,916,693,66,72,72,3,0,8
1043,933,692,125,96,72,3,0,6
1044,931,692,127,96,72,3,0,4
1045,932,692,126,95,72,3,0,4
1046,935,691,124,96,72,3,0,4
0,935,693,124,95,73,6,1,1
1,935,693,124,95,73,6,1,0
2,935,693,124,95,73,6,1,0
3,935,693,124,95,73,6,1,0
4,935,693,124,95,73,6,1,0
5,935,693,124,95,73,6,1,0
6,935,693,124,95,73,6,1,0
7,935,693,124,95,73,6,1,0
8,935,693,124,95,73,6,1,0
9,935,693,124,95,73,6,1,0
10,935,693,124,95,73,6,1,0
11,936,693,124,95,73,6,1,0
12,935,692,124,96,73,6,1,0
13,935,692,124,96,73,6,1,0
14,935,692,124,96,73,6,1,0
15,935,692,124,96,73,6,1,0
16,935,692,124,96,73,6,1,0
17,935,693,124,96,73,6,1,0
18,935,692,124,96,73,6,1,0
19,935,692,124,96,73,6,1,0
20,935,692,124,96,73,6,1,0
21,935,692,124,96,73,6,1,0
22,935,692,124,96,73,6,1,0
23,935,692,124,96,73,6,1,1
24,935,693,124,96,73,6,1,1
25,935,693,124,96,73,6,1,1
26,935,693,124,96,73,6,1,1
27,935,693,124,96,73,6,1,1
28,935,692,124,96,73,6,1,0
29,935,693,124,96,73,6,1,0
30,935,693,124,96,73,6,1,0
31,935,693,124,96,73,6,1,0
32,935,693,124,96,73,6,1,0
33,935,693,124,96,73,6,1,0
34,935,693,124,96,73,6,1,0
35,935,693,124,96,73,6,1,0
36,935,693,124,96,73,6,1,0
37,935,693,124,96,73,6,1,0
38,935,693,124,96,73,6,1,0
39,935,693,124,96,73,6,1,0
40,935,693,124,96,73,6,1,0
41,935,693,124,96,73,6,1,0
42,935,693,124,96,73,6,1,0
43,935,693,124,96,73,6,1,0
44,935,693,124,96,73,6,1,0
45,935,693,124,96,73,6,1,0
46,935,693,124,96,73,6,1,0
47,935,693,124,96,73,6,1,0
48,935,693,124,96,73,6,1,0
49,935,693,124,96,73,6,1,0
50,935,693,124,96,73,6,1,0
51,935,693,124,96,73,6,1,0
52,935,693,124,96,73,6,1,0
53,935,693,124,96,73,6,1,0
54,935,693,124,96,73,6,1,0
55,935,693,124,96,73,6,1,0
56,935,693,124,96,73,6,1,0
57,935,693,124,96,73,6,1,0
58,935,693,124,96,73,6,1,0
59,935,693,124,96,73,6,1,0
60,935,693,124,96,73,6,1,0
61,935,693,123,96,73,6,1,0
62,935,693,123,95,73,6,1,0
63,935,693,124,96,73,6,1,0
64,935,693,124,96,73,6,1,0
65,935,693,124,96,73,6,1,0
66,935,693,124,96,73,6,1,0
67,935,693,124,96,73,6,1,0
68,935,693,124,96,73,6,1,0
69,935,693,124,96,73,6,1,0
70,935,693,124,96,73,6,1,0
71,935,693,124,96,73,6,1,0
72,936,693,124,95,73,6,1,0
73,936,693,124,95,73,6,1,0
74,936,693,123,95,73,6,1,0
75,936,693,123,95,73,6,1,1
76,936,693,123,95,73,6,1,1
77,936,693,123,95,73,6,1,0
78,936,693,123,95,73,6,1,0
79,936,693,123,95,73,6,1,0
80,936,693,123,95,73,6,1,0
81,936,693,123,95,73,6,1,0
82,936,693,123,95,73,6,1,0
83,936,693,123,95,73,6,1,0
84,936,693,123,95,73,6,1,0
85,936,693,123,95,73,6,1,0
86,936,693,123,95,73,6,1,0
87,936,693,123,95,73,6,1,0
88,936,693,123,95,73,6,1,0
89,936,693,123,95,73,6,1,0
90,936,693,123,95,73,6,1,0
91,936,693,123,95,73,6,1,0
92,936,693,123,95,73,6,1,0
93,936,693,123,95,73,6,1,0
94,936,693,123,95,73,6,1,0
95,936,693,123,95,73,6,1,0
96,936,693,123,96,73,6,1,0
97,936,693,123,96,73,6,1,0
98,936,693,123,96,73,6,1,0
99,936,693,123,96,73,6,1,0
100,935,693,123,96,73,6,1,0
101,936,693,123,96,73,6,1,0
102,935,693,123,96,73,6,1,0
103,936,693,123,96,73,6,1,0
104,935,693,124,96,73,6,1,0
105,935,693,124,96,73,6,1,0
106,935,693,124,96,73,6,1,0
107,935,693,124,96,73,6,1,0
108,936,693,123,95,73,6,1,0
109,936,693,123,95,73,6,1,0
110,936,693,123,95,73,6,1,0
111,936,693,123,95,73,6,1,0
112,936,693,123,95,73,6,1,0
113,936,693,123,95,73,6,1,0
114,936,693,123,95,73,6,1,0
115,936,693,123,95,73,6,1,0
116,936,693,123,95,73,6,1,0
117,936,693,123,95,73,6,1,0
118,936,693,123,95,73,6,1,0
119,936,693,123,95,73,6,1,0
120,936,693,123,95,73,6,1,0
121,936,693,123,95,73,6,1,0
122,936,693,122,95,73,6,1,0
123,936,693,122,95,73,6,1,0
124,936,693,122,95,73,6,1,0
125,936,693,122,95,73,6,1,0
126,936,693,122,96,73,6,1,0
127,936,693,122,96,73,6,1,0
128,936,693,122,96,73,6,1,0
129,936,693,122,96,73,6,1,0
130,936,693,122,95,73,6,1,0
131,936,693,122,96,73,6,1,0
132,936,693,123,96,73,6,1,0
133,936,693,123,96,73,6,1,0
134,936,693,123,96,73,6,1,0
135,936,693,123,96,73,6,1,0
136,936,693,123,96,73,6,1,0
137,936,693,123,96,73,6,1,0
138,936,693,123,96,73,6,1,0
139,936,693,123,96,73,6,1,0
140,936,693,123,96,73,6,1,0
141,936,693,123,96,73,6,1,0
142,936,693,123,96,73,6,1,0
143,936,693,123,96,73,6,1,0
144,936,693,123,96,73,6,1,0
145,936,693,123,96,73,6,1,0
146,936,693,123,96,73,6,1,0
147,936,693,123,96,73,6,1,0
148,936,693,123,96,73,6,1,0
149,936,693,123,96,73,6,1,0
150,936,693,123,96,73,6,1,0
151,936,693,123,96,73,6,1,0
152,936,693,123,96,73,6,1,0
153,936,693,123,96,73,6,1,0
154,936,693,123,96,73,6,1,0
155,936,693,123,96,73,6,1,0
156,935,693,124,96,73,6,1,0
157,935,693,123,96,73,6,1,0
158,935,693,124,96,73,6,1,0
159,935,693,124,96,73,6,1,0
160,935,693,124,96,73,6,1,0
161,935,693,124,96,73,6,1,0
162,935,693,124,96,73,6,1,0
163,935,693,124,96,73,6,1,0
164,935,693,124,96,73,6,1,0
165,935,693,124,96,73,6,1,0
166,935,693,124,96,73,6,1,0
167,935,693,124,96,73,6,1,0
168,935,693,124,96,73,6,1,0
169,935,693,124,96,73,6,1,0
170,935,693,124,96,73,6,1,0
171,935,693,124,96,73,6,1,0
172,935,693,124,96,73,6,1,0
173,935,693,124,96,73,6,1,0
174,935,693,124,96,73,6,1,0
175,935,693,124,96,73,6,1,0
176,935,693,124,96,73,6,1,0
177,935,693,124,96,73,6,1,0
178,935,693,124,96,73,6,1,0
179,935,693,124,96,73,6,1,0
180,935,693,124,96,73,6,1,0
181,935,693,124,96,73,6,1,0
182,935,693,123,96,73,6,1,0
183,935,693,123,96,73,6,1,0
184,935,693,123,96,73,6,1,0
185,935,693,123,96,73,6,1,0
186,935,693,123,96,73,6,1,0
187,935,693,123,96,73,6,1,0
188,935,693,123,96,73,6,1,0
189,935,693,123,96,73,6,1,0
190,935,693,123,96,73,6,1,0
191,935,693,123,96,73,6,1,0
192,935,693,123,95,73,6,1,0
193,935,693,123,95,73,6,1,0
194,935,693,123,95,73,6,1,0
195,935,693,123,95,73,6,1,0
196,935,693,123,95,73,6,1,0
197,935,693,123,95,73,6,1,0
198,935,693,123,95,73,6,1,0
199,936,693,122,95,73,6,1,0
200,936,693,123,95,73,6,1,0
201,936,693,123,95,73,6,1,0
202,936,693,123,95,73,6,1,0
203,936,693,123,95,73,6,1,0
204,935,692,123,96,73,6,1,0
205,935,692,123,96,73,6,1,0
206,935,692,123,96,73,6,1,0
207,935,692,123,96,73,6,1,0
208,935,692,123,96,73,6,1,0
209,935,692,123,96,73,6,1,0
210,935,692,123,96,73,6,1,0
211,935,692,123,96,73,6,1,0
212,935,692,123,96,73,6,1,0
213,935,692,123,96,73,6,1,0
214,935,692,123,96,73,6,1,0
215,935,692,123,96,73,6,1,0
216,935,693,123,96,73,6,1,0
217,935,693,123,96,73,6,1,0
218,935,693,123,96,73,6,1,0
219,935,693,123,96,73,6,1,0
220,935,693,123,96,73,6,1,0
221,935,693,123,96,73,6,1,0
222,935,693,123,96,73,6,1,0
223,935,693,123,96,73,6,1,0
224,935,693,123,96,73,6,1,0
225,935,693,123,96,73,6,1,0
226,935,693,123,96,73,6,1,0
227,935,693,123,96,73,6,1,0
228,935,692,123,96,73,6,1,0
229,935,692,124,96,73,6,1,0
230,935,692,124,96,73,6,1,0
231,935,692,123,96,73,6,1,0
232,935,692,123,96,73,6,1,0
233,935,692,123,96,73,6,1,0
234,935,692,123,96,73,6,1,0
235,935,692,123,96,73,6,1,0
236,935,692,123,96,73,6,1,0
237,935,692,123,96,73,6,1,0
238,935,692,123,96,73,6,1,0
239,935,692,123,96,73,6,1,0
240,936,693,123,96,73,6,1,1
241,935,693,123,96,73,6,1,1
242,935,693,123,96,73,6,1,1
243,935,693,123,96,73,6,1,1
244,935,693,123,96,73,6,1,1
245,935,693,123,96,73,6,1,0
246,935,693,123,96,73,6,1,0
247,935,693,123,96,73,6,1,0
248,935,693,123,96,73,6,1,0
249,936,693,123,95,73,6,1,0
250,936,693,123,96,73,6,1,0
251,936,693,123,96,73,6,1,0
252,935,693,123,95,73,6,1,0
253,935,693,123,95,73,6,1,0
254,935,693,123,95,73,6,1,0
255,935,693,123,96,73,6,1,0
256,935,693,123,96,73,6,1,0
257,935,693,123,96,73,6,1,0
258,935,693,123,96,73,6,1,0
259,935,693,123,96,73,6,1,0
260,935,693,123,96,73,6,1,0
261,935,693,123,96,73,6,1,0
262,935,693,124,96,73,6,1,0
263,935,693,124,96,73,6,1,0
264,935,693,123,96,73,6,1,0
265,935,693,123,96,73,6,1,0
266,935,693,124,96,73,6,1,0
267,935,693,123,96,73,6,1,0
268,935,693,123,96,73,6,1,0
269,935,693,123,96,73,6,1,0
270,935,693,123,96,73,6,1,0
271,935,693,123,96,73,6,1,0
272,935,693,123,96,73,6,1,0
273,935,693,123,96,73,6,1,0
274,935,693,123,96,73,6,1,0
275,935,693,123,96,73,6,1,0
276,935,693,123,96,73,6,1,0
277,935,693,123,95,73,6,1,0
278,935,693,123,95,73,6,1,0
279,935,693,123,96,73,6,1,0
280,935,693,123,96,73,6,1,0
281,935,693,123,96,73,6,1,0
282,935,693,123,96,73,6,1,0
283,935,693,123,95,73,6,1,0
284,935,693,123,95,73,6,1,0
285,935,693,123,95,73,6,1,0
286,935,693,123,95,73,6,1,0
287,935,693,123,96,73,6,1,0
288,935,693,123,95,73,6,1,0
289,935,693,123,95,73,6,1,0
290,934,693,124,95,73,6,1,0
291,934,693,124,95,73,6,1,0
292,935,693,123,95,73,6,1,0
293,934,693,124,95,73,6,1,0
294,935,693,123,95,73,6,1,0
295,934,693,123,95,73,6,1,0
296,935,693,123,95,73,6,1,0
297,935,693,123,95,73,6,1,0
298,935,693,123,95,73,6,1,0
299,935,693,123,95,73,6,1,0
300,935,693,123,95,73,6,1,0
301,934,693,123,95,73,6,1,0
302,935,693,123,95,73,6,1,0
303,935,693,123,95,73,6,1,0
304,935,693,124,95,73,6,1,0
305,935,693,123,95,73,6,1,0
306,935,693,123,95,73,6,1,0
307,935,693,123,95,73,6,1,0
308,935,693,123,95,73,6,1,0
309,935,693,124,95,73,6,1,0
310,935,693,123,95,73,6,1,0
311,935,693,123,95,73,6,1,0
312,935,693,123,96,73,6,1,0
313,935,693,123,96,73,6,1,0
314,935,693,123,96,73,6,1,0
315,935,693,123,95,73,6,1,0
316,935,693,123,95,73,6,1,0
317,935,693,123,96,73,6,1,0
318,935,693,123,95,73,6,1,0
319,935,693,123,95,73,6,1,0
320,935,693,123,95,73,6,1,0
321,935,693,123,95,73,6,1,0
322,935,693,123,95,73,6,1,0
323,935,693,123,95,73,6,1,0
324,935,693,123,95,73,6,1,0
325,935,693,123,95,73,6,1,0
326,935,693,123,95,73,6,1,0
327,935,693,123,95,73,6,1,0
328,935,693,123,95,73,6,1,0
329,935,693,123,95,73,6,1,0
330,935,693,123,95,73,6,1,0
331,935,693,123,95,73,6,1,0
332,935,693,123,95,73,6,1,0
333,935,693,123,95,73,6,1,0
334,935,693,123,95,73,6,1,0
335,935,693,123,95,73,6,1,0
336,934,693,124,95,73,6,1,0
337,935,693,124,95,73,6,1,0
338,935,693,124,95,73,6,1,0
339,934,693,124,95,73,6,1,0
340,935,693,124,95,73,6,1,0
341,935,693,124,95,73,6,1,0
342,935,693,123,95,73,6,1,0
343,935,693,123,95,73,6,1,0
344,935,693,123,95,73,6,1,0
345,935,693,123,95,73,6,1,0
346,935,693,123,95,73,6,1,0
347,935,693,123,95,73,6,1,0
348,935,693,123,95,73,6,1,0
349,935,693,123,95,73,6,1,0
350,935,693,123,95,73,6,1,0
351,935,693,123,95,73,6,1,0
352,935,693,123,95,73,6,1,0
353,935,693,123,95,73,6,1,0
354,935,693,123,95,73,6,1,0
355,935,693,123,95,73,6,1,0
356,935,693,123,95,73,6,1,0
357,935,693,123,95,73,6,1,0
358,935,693,123,95,73,6,1,0
359,935,693,123,95,73,6,1,0
360,935,693,123,96,73,6,1,0
361,935,693,123,96,73,6,1,0
362,935,693,122,95,73,6,1,0
363,935,693,122,95,73,6,1,0
364,935,693,123,95,73,6,1,0
365,935,693,122,95,73,6,1,0
366,936,693,122,95,73,6,1,0
367,935,693,122,95,73,6,1,0
368,935,693,122,95,73,6,1,0
369,935,693,123,95,73,6,1,0
370,936,693,123,95,73,6,1,0
371,935,693,123,95,73,6,1,0
372,936,693,122,95,73,6,1,0
373,936,693,122,95,73,6,1,0
374,936,693,122,95,73,6,1,0
375,936,693,122,95,73,6,1,0
376,936,693,122,95,73,6,1,0
377,936,693,123,95,73,6,1,0
378,936,693,122,95,73,6,1,0
379,936,693,122,95,73,6,1,0
380,936,693,123,95,73,6,1,0
381,936,693,123,95,73,6,1,0
382,936,693,123,95,73,6,1,0
383,936,693,123,95,73,6,1,0
384,936,693,123,95,73,6,1,0
385,936,693,123,95,73,6,1,0
386,935,693,123,95,73,6,1,0
387,935,693,123,95,73,6,1,0
388,935,693,123,95,73,6,1,0
389,935,693,123,95,73,6,1,0
390,935,693,123,95,73,6,1,0
391,935,693,123,95,73,6,1,0
392,935,693,123,95,73,6,1,0
393,935,693,123,95,73,6,1,0
394,935,693,123,95,73,6,1,0
395,935,693,123,95,73,6,1,0
396,936,693,122,95,73,6,1,0
397,936,693,122,95,73,6,1,0
398,936,693,122,95,73,6,1,0
399,935,693,122,95,73,6,1,0
400,935,693,123,95,73,6,1,0
401,935,693,122,95,73,6,1,0
402,935,693,122,95,73,6,1,0
403,936,693,122,95,73,6,1,0
404,936,693,122,95,73,6,1,0
405,936,693,122,95,73,6,1,0
406,936,693,122,95,73,6,1,0
407,936,693,122,95,73,6,1,0
408,935,693,123,95,73,6,1,0
409,935,693,123,95,73,6,1,0
410,935,693,123,95,73,6,1,0
411,935,693,123,95,73,6,1,0
412,935,693,123,95,73,6,1,0
413,935,693,123,95,73,6,1,0
414,935,693,123,95,73,6,1,0
415,935,693,123,95,73,6,1,0
416,935,693,123,95,73,6,1,0
417,935,693,124,96,73,6,1,0
418,935,693,123,96,73,6,1,0
419,935,693,123,95,73,6,1,1
420,935,693,121,95,73,6,1,1
421,935,693,121,93,73,6,1,2
422,934,692,117,94,73,6,1,2
423,935,692,178,98,73,6,1,3
424,935,693,162,97,73,6,1,4
425,935,692,172,99,73,6,1,5
426,935,692,176,102,73,6,1,5
427,935,693,174,102,73,6,1,6
428,935,692,163,103,73,6,1,8
429,935,693,157,102,73,6,1,10
430,934,693,158,102,73,6,1,10
431,934,692,172,104,73,6,1,8
432,935,693,162,102,73,6,1,7
433,935,692,154,100,73,6,1,6
434,934,692,172,102,73,6,1,6
435,935,692,125,90,73,6,1,5
436,935,692,128,99,73,6,1,4
437,935,693,127,98,73,6,1,5
438,935,692,128,98,73,6,1,5
439,935,690,131,102,73,6,1,4
440,935,692,128,99,73,6,1,2
441,935,692,128,99,73,6,1,1
442,935,692,127,99,73,6,1,0
443,935,692,125,98,73,6,1,0
444,935,691,125,98,73,6,1,0
445,935,692,124,98,73,6,1,1
446,935,693,125,96,73,6,1,1
447,934,693,125,96,73,6,1,8
448,835,680,224,109,73,6,1,15
449,835,680,224,109,73,6,1,24
450,835,680,224,109,73,6,1,26
451,835,680,223,109,73,6,1,28
452,835,680,223,109,73,6,1,22
453,835,680,223,109,73,6,1,16
454,835,680,223,109,73,6,1,7
455,835,680,224,109,73,6,1,4
456,835,680,223,109,73,6,1,2
457,836,680,223,110,73,6,1,1
458,836,679,224,110,73,6,1,1
459,836,679,224,110,73,6,1,0
460,836,679,224,109,73,6,1,0
461,836,679,223,110,73,6,1,0
462,836,678,223,111,73,6,1,0
463,837,679,223,111,73,6,1,5
464,928,693,130,96,73,6,1,12
465,931,693,127,96,73,6,1,21
466,934,693,125,96,73,6,1,24
467,935,693,124,96,73,6,1,26
468,936,693,123,96,73,6,1,22
469,935,693,124,95,73,6,1,16
470,936,693,123,95,73,6,1,9
471,936,693,123,95,73,6,1,6
472,936,693,123,95,73,6,1,3
473,936,693,123,95,73,6,1,2
474,935,693,123,95,73,6,1,1
475,936,693,123,95,73,6,1,0
476,935,693,123,95,73,6,1,0
477,936,693,123,95,73,6,1,0
478,935,693,123,95,73,6,1,0
479,936,693,123,95,73,6,1,0
480,936,693,123,96,73,6,1,0
481,936,693,123,96,73,6,1,0
482,936,693,123,95,73,6,1,0
483,936,693,123,95,73,6,1,0
484,936,693,123,95,73,6,1,0
485,936,693,123,95,73,6,1,0
486,936,693,123,95,73,6,1,0
487,936,693,123,95,73,6,1,0
488,936,693,123,95,73,6,1,0
489,936,693,123,95,73,6,1,0
490,936,693,123,95,73,6,1,0
491,936,693,123,95,73,6,1,0
492,935,693,123,96,73,6,1,0
493,935,693,123,96,73,6,1,0
494,935,693,123,96,73,6,1,0
495,935,693,123,96,73,6,1,0
496,935,693,123,96,73,6,1,0
497,935,693,123,96,73,6,1,0
498,935,693,123,96,73,6,1,0
499,935,693,123,96,73,6,1,0
500,935,693,123,96,73,6,1,1
501,935,692,123,96,73,6,1,2
502,935,692,123,96,73,6,1,1
503,935,692,123,96,73,6,1,1
504,935,693,123,96,73,6,1,0
505,936,693,123,96,73,6,1,0
506,935,693,123,96,73,6,1,1
507,936,693,123,96,73,6,1,2
508,935,693,123,96,73,6,1,1
509,935,693,123,96,73,6,1,1
510,935,693,123,96,73,6,1,0
511,935,693,123,96,73,6,1,0
512,935,693,123,96,73,6,1,0
513,935,693,123,96,73,6,1,0
514,936,693,123,96,73,6,1,0
515,936,693,123,96,73,6,1,0
516,936,693,123,96,73,6,1,0
517,935,693,123,96,73,6,1,0
518,935,693,123,96,73,6,1,0
519,935,693,123,96,73,6,1,0
520,935,693,123,96,73,6,1,0
521,935,693,123,96,73,6,1,0
522,935,693,123,96,73,6,1,0
523,935,693,123,96,73,6,1,0
524,936,693,123,96,73,6,1,0
525,935,693,123,96,73,6,1,0
526,935,693,123,96,73,6,1,0
527,935,693,123,96,73,6,1,0
528,935,693,123,96,73,6,1,0
529,935,693,123,96,73,6,1,0
530,935,693,123,96,73,6,1,0
531,935,693,123,96,73,6,1,0
532,936,693,123,96,73,6,1,0
533,936,693,122,95,73,6,1,0
534,936,693,122,95,73,6,1,0
535,936,693,123,95,73,6,1,0
536,936,693,123,95,73,6,1,0
537,936,693,123,95,73,6,1,0
538,936,693,123,95,73,6,1,0
539,936,693,122,95,73,6,1,0
540,936,693,122,96,73,6,1,0
541,936,693,122,96,73,6,1,0
542,936,693,122,95,73,6,1,0
543,936,693,122,95,73,6,1,0
544,936,693,122,95,73,6,1,0
545,936,693,122,95,73,6,1,0
546,936,693,122,96,73,6,1,0
547,936,693,122,95,73,6,1,0
548,936,693,122,96,73,6,1,0
549,936,693,122,95,73,6,1,0
550,936,693,122,95,73,6,1,0
551,936,693,122,95,73,6,1,0
552,936,693,122,96,73,6,1,0
553,936,693,122,96,73,6,1,0
554,936,693,122,95,73,6,1,0
555,936,693,122,96,73,6,1,0
556,936,693,122,96,73,6,1,0
557,936,693,122,96,73,6,1,0
558,936,693,122,96,73,6,1,0
559,936,693,123,96,73,6,1,0
560,935,693,123,96,73,6,1,0
561,935,693,123,96,73,6,1,0
562,935,693,123,96,73,6,1,0
563,936,693,123,96,73,6,1,0
564,936,693,123,96,73,6,1,0
565,936,693,123,96,73,6,1,0
566,936,693,123,96,73,6,1,0
567,936,693,123,96,73,6,1,0
568,936,693,123,96,73,6,1,0
569,936,693,123,96,73,6,1,0
570,936,693,123,96,73,6,1,0
571,936,693,123,95,73,6,1,0
572,936,693,123,95,73,6,1,0
573,936,693,123,95,73,6,1,0
574,936,693,123,96,73,6,1,0
575,936,693,123,95,73,6,1,0
576,936,693,122,95,73,6,1,0
577,936,693,122,95,73,6,1,0
578,936,693,122,95,73,6,1,0
579,936,693,122,95,73,6,1,0
580,936,693,123,96,73,6,1,0
581,936,693,123,96,73,6,1,0
582,936,693,123,96,73,6,1,0
583,936,693,123,96,73,6,1,0
584,936,693,123,96,73,6,1,0
585,936,693,123,96,73,6,1,0
586,936,693,123,96,73,6,1,0
587,936,692,123,96,73,6,1,0
588,936,693,123,96,73,6,1,0
589,936,693,123,96,73,6,1,0
590,936,693,123,96,73,6,1,0
591,936,693,123,96,73,6,1,0
592,936,693,123,96,73,6,1,0
593,936,693,123,96,73,6,1,0
594,936,693,123,96,73,6,1,0
595,936,693,123,96,73,6,1,0
596,936,693,123,96,73,6,1,0
597,936,693,123,96,73,6,1,0
598,936,693,123,96,73,6,1,0
599,936,693,123,96,73,6,1,0
600,936,693,123,96,73,6,1,0
601,936,693,123,96,73,6,1,0
602,936,693,123,96,73,6,1,0
603,936,693,123,96,73,6,1,1
604,936,692,123,96,73,6,1,1
605,936,692,123,96,73,6,1,1
606,936,693,123,96,73,6,1,1
607,936,692,123,96,73,6,1,1
608,936,692,123,96,73,6,1,1
609,936,693,123,96,73,6,1,0
610,936,693,123,96,73,6,1,0
611,936,693,123,96,73,6,1,0
612,935,693,124,95,73,6,1,0
613,935,693,124,95,73,6,1,0
614,935,693,124,95,73,6,1,0
615,935,693,124,95,73,6,1,0
616,935,693,124,95,73,6,1,0
617,935,693,124,95,73,6,1,0
618,935,693,124,95,73,6,1,0
619,935,693,124,95,73,6,1,0
620,935,693,124,95,73,6,1,0
621,935,693,124,95,73,6,1,0
622,935,693,124,95,73,6,1,0
623,935,693,124,95,73,6,1,0
624,935,693,124,96,73,6,1,0
625,935,693,123,96,73,6,1,0
626,935,693,123,96,73,6,1,0
627,935,693,123,96,73,6,1,0
628,935,693,123,96,73,6,1,0
629,935,693,123,96,73,6,1,0
630,935,693,124,96,73,6,1,0
631,935,693,124,96,73,6,1,0
632,935,693,124,96,73,6,1,0
633,935,693,124,96,73,6,1,0
634,935,693,123,96,73,6,1,0
635,935,693,123,96,73,6,1,0
636,935,693,123,96,73,6,1,0
637,935,693,123,96,73,6,1,0
638,935,693,123,96,73,6,1,0
639,935,693,123,96,73,6,1,0
640,935,693,123,96,73,6,1,0
641,935,693,123,96,73,6,1,0
642,935,693,123,96,73,6,1,0
643,935,693,123,96,73,6,1,0
644,935,693,123,95,73,6,1,0
645,935,693,123,95,73,6,1,0
646,935,693,123,95,73,6,1,0
647,935,693,123,95,73,6,1,0
648,935,693,123,96,73,6,1,0
649,935,693,123,96,73,6,1,0
650,935,693,123,96,73,6,1,0
651,935,693,123,96,73,6,1,0
652,935,693,123,96,73,6,1,0
653,935,693,123,96,73,6,1,0
654,935,693,123,96,73,6,1,0
655,935,693,123,96,73,6,1,0
656,935,693,123,96,73,6,1,0
657,935,693,123,96,73,6,1,0
658,935,693,123,96,73,6,1,0
659,935,693,123,96,73,6,1,0
660,935,693,123,95,73,6,1,0
661,935,693,123,95,73,6,1,0
662,935,693,123,95,73,6,1,0
663,935,693,123,95,73,6,1,0
664,935,693,123,95,73,6,1,0
665,935,693,123,95,73,6,1,0
666,936,693,123,95,73,6,1,0
667,936,693,123,95,73,6,1,0
668,936,693,123,95,73,6,1,0
669,936,693,123,95,73,6,1,0
670,936,693,123,95,73,6,1,0
671,936,693,123,95,73,6,1,0
672,935,693,123,96,73,6,1,0
673,935,693,123,96,73,6,1,0
674,935,693,123,96,73,6,1,0
675,935,693,123,96,73,6,1,0
676,935,693,123,96,73,6,1,0
677,935,693,123,96,73,6,1,0
678,935,693,123,96,73,6,1,0
679,935,693,124,96,73,6,1,0
680,935,693,124,96,73,6,1,0
681,935,693,124,96,73,6,1,0
682,935,693,124,96,73,6,1,0
683,935,693,124,96,73,6,1,0
684,935,693,123,96,73,6,1,0
685,935,693,123,96,73,6,1,0
686,935,693,123,96,73,6,1,0
687,935,693,123,96,73,6,1,0
688,935,692,124,96,73,6,1,0
689,935,692,124,96,73,6,1,0
690,935,692,124,96,73,6,1,0
691,935,692,124,96,73,6,1,0
692,935,692,124,96,73,6,1,0
693,935,692,124,96,73,6,1,0
694,935,692,123,96,73,6,1,0
695,935,692,123,96,73,6,1,0
696,936,692,123,96,73,6,1,0
697,936,692,123,96,73,6,1,0
698,936,692,123,96,73,6,1,0
699,936,692,123,96,73,6,1,0
700,936,692,123,96,73,6,1,0
701,936,692,123,96,73,6,1,0
702,936,692,123,96,73,6,1,0
703,936,692,123,96,73,6,1,0
704,935,693,123,96,73,6,1,1
705,936,693,123,96,73,6,1,1
706,935,693,123,96,73,6,1,1
707,935,693,123,96,73,6,1,1
708,935,693,123,95,73,6,1,0
709,935,693,124,95,73,6,1,0
710,935,693,124,95,73,6,1,0
711,935,693,124,95,73,6,1,0
712,935,693,124,95,73,6,1,0
713,935,693,124,95,73,6,1,0
714,936,693,123,95,73,6,1,0
715,936,693,123,95,73,6,1,0
716,936,693,123,95,73,6,1,0
717,936,693,123,95,73,6,1,0
718,936,693,123,95,73,6,1,0
719,936,693,123,95,73,6,1,0
720,935,693,124,96,73,6,1,0
721,935,693,124,96,73,6,1,0
722,935,693,124,95,73,6,1,0
723,935,693,124,95,73,6,1,0
724,935,693,124,96,73,6,1,0
725,935,693,123,96,73,6,1,0
726,935,693,124,96,73,6,1,0
727,935,693,124,96,73,6,1,0
728,935,693,124,96,73,6,1,0
729,935,693,124,96,73,6,1,0
730,935,693,124,96,73,6,1,0
731,935,693,124,95,73,6,1,0
732,935,692,123,96,73,6,1,0
733,935,692,123,96,73,6,1,0
734,935,692,123,96,73,6,1,0
735,935,692,123,96,73,6,1,0
736,936,693,122,95,73,6,1,0
737,936,693,122,95,73,6,1,0
738,936,693,122,95,73,6,1,0
739,936,693,122,95,73,6,1,0
740,936,693,122,95,73,6,1,0
741,936,693,122,95,73,6,1,0
742,936,693,122,95,73,6,1,0
743,936,693,122,95,73,6,1,0
744,936,693,122,95,73,6,1,0
745,936,693,122,95,73,6,1,0
746,935,693,124,95,73,6,1,0
747,935,693,124,95,73,6,1,0
748,935,693,124,95,73,6,1,0
749,934,693,125,96,73,6,1,0
750,934,693,124,95,73,6,1,0
751,935,693,124,95,73,6,1,0
752,935,693,124,95,73,6,1,0
753,934,693,124,95,73,6,1,0
754,935,693,124,95,73,6,1,0
755,935,693,124,95,73,6,1,0
756,936,693,123,95,73,6,1,0
757,936,693,123,95,73,6,1,0
758,935,693,123,95,73,6,1,0
759,935,693,123,95,73,6,1,0
760,935,693,123,95,73,6,1,0
761,935,693,123,95,73,6,1,0
762,935,693,123,95,73,6,1,0
763,935,693,123,95,73,6,1,0
764,935,693,123,95,73,6,1,0
765,935,693,123,95,73,6,1,0
766,936,693,123,95,73,6,1,0
767,936,693,123,95,73,6,1,0
768,935,693,123,95,73,6,1,0
769,935,693,123,95,73,6,1,0
770,935,693,123,95,73,6,1,0
771,935,693,123,95,73,6,1,0
772,935,693,123,95,73,6,1,0
773,935,693,123,95,73,6,1,0
774,935,693,123,95,73,6,1,0
775,935,693,123,95,73,6,1,0
776,935,693,123,95,73,6,1,0
777,935,693,123,95,73,6,1,0
778,935,693,123,95,73,6,1,0
779,935,693,123,95,73,6,1,0
780,935,693,124,96,73,6,1,0
781,935,692,124,95,73,6,1,0
782,935,692,124,95,73,6,1,0
783,935,693,124,95,73,6,1,0
784,935,693,124,95,73,6,1,0
785,935,692,124,95,73,6,1,0
786,935,692,124,95,73,6,1,0
787,935,692,124,95,73,6,1,0
788,935,692,124,95,73,6,1,0
789,935,692,124,95,73,6,1,1
790,935,692,124,95,73,6,1,1
791,935,693,123,96,73,6,1,1
792,936,693,122,95,73,6,1,1
793,936,693,122,95,73,6,1,1
794,936,693,122,95,73,6,1,2
795,935,693,123,95,73,6,1,1
796,935,693,123,95,73,6,1,1
797,935,693,123,95,73,6,1,0
798,935,693,123,95,73,6,1,0
799,935,693,123,95,73,6,1,0
800,935,693,123,95,73,6,1,0
801,935,693,123,96,73,6,1,0
802,935,693,123,96,73,6,1,0
803,935,692,123,96,73,6,1,1
804,935,692,123,96,73,6,1,1
805,935,692,123,96,73,6,1,2
806,935,693,123,95,73,6,1,2
807,935,692,123,95,73,6,1,2
808,935,692,123,95,73,6,1,1
809,935,692,123,95,73,6,1,0
810,935,693,123,95,73,6,1,0
811,935,693,123,95,73,6,1,0
812,935,693,123,95,73,6,1,0
813,935,693,123,95,73,6,1,0
814,935,692,123,95,73,6,1,0
815,935,692,123,95,73,6,1,0
816,935,692,124,95,73,6,1,1
817,935,692,123,95,73,6,1,1
818,935,692,123,95,73,6,1,1
819,936,693,122,95,73,6,1,1
820,936,693,122,95,73,6,1,1
821,936,693,122,95,73,6,1,1
822,936,693,122,95,73,6,1,1
823,936,693,122,95,73,6,1,1
824,936,693,122,95,73,6,1,0
825,936,693,122,95,73,6,1,0
826,936,693,122,95,73,6,1,0
827,936,693,122,95,73,6,1,0
828,935,693,123,95,73,6,1,0
829,935,692,123,95,73,6,1,0
830,935,692,123,95,73,6,1,0
831,935,692,123,95,73,6,1,0
832,936,692,123,95,73,6,1,0
833,936,692,123,95,73,6,1,0
834,936,692,123,95,73,6,1,0
835,936,692,123,95,73,6,1,0
836,936,692,123,95,73,6,1,0
837,936,692,123,95,73,6,1,0
838,936,692,123,95,73,6,1,0
839,935,692,123,95,73,6,1,0
840,935,692,123,95,73,6,1,0
841,936,692,123,95,73,6,1,0
842,936,692,123,95,73,6,1,0
843,936,692,123,95,73,6,1,0
844,936,692,123,95,73,6,1,0
845,936,692,123,95,73,6,1,0
846,935,692,124,96,73,6,1,0
847,935,692,124,96,73,6,1,1
848,935,692,124,96,73,6,1,1
849,935,692,124,96,73,6,1,1
850,935,692,125,96,73,6,1,1
851,935,692,124,96,73,6,1,0
852,934,692,125,96,73,6,1,0
853,934,692,125,96,73,6,1,0
854,934,692,125,96,73,6,1,0
855,934,692,125,96,73,6,1,0
856,934,692,125,96,73,6,1,0
857,934,692,125,96,73,6,1,0
858,934,692,125,96,73,6,1,0
859,934,692,125,96,73,6,1,0
860,934,692,125,96,73,6,1,0
861,934,692,125,96,73,6,1,0
862,934,692,125,96,73,6,1,0
863,934,692,125,96,73,6,1,0
864,934,692,124,96,73,6,1,0
865,934,693,124,95,73,6,1,1
866,934,693,124,95,73,6,1,1
867,934,693,124,95,73,6,1,1
868,934,693,125,95,73,6,1,0
869,934,692,125,95,73,6,1,0
870,934,692,125,96,73,6,1,1
871,933,692,126,96,73,6,1,2
872,934,692,125,95,73,6,1,2
873,934,692,125,95,73,6,1,1
874,934,693,125,95,73,6,1,0
875,934,692,124,95,73,6,1,0
876,934,692,124,96,73,6,1,2
877,935,692,124,95,73,6,1,3
878,934,693,126,91,73,6,1,3
879,934,693,127,93,73,6,1,2
880,934,693,125,94,73,6,1,1
881,934,693,125,96,73,6,1,2
882,934,693,124,96,73,6,1,3
883,934,693,124,96,73,6,1,5
884,934,693,124,96,73,6,1,5
885,934,693,124,96,73,6,1,4
886,934,693,125,96,73,6,1,3
887,933,693,126,96,73,6,1,3
888,933,692,125,95,73,6,1,3
889,933,692,125,95,73,6,1,3
890,934,692,123,95,73,6,1,3
891,934,692,124,96,73,6,1,3
892,934,692,125,95,73,6,1,6
893,933,692,125,96,73,6,1,7
894,934,693,123,88,73,6,1,8
895,935,692,123,92,73,6,1,5
896,934,692,127,93,73,6,1,3
897,934,692,125,97,73,6,1,2
898,934,692,124,95,73,6,1,4
899,934,692,124,96,73,6,1,6
900,934,692,124,96,73,6,1,9
901,934,692,124,96,73,6,1,7
902,935,692,124,96,73,6,1,5
903,935,692,124,96,73,6,1,3
904,935,692,124,96,73,6,1,1
905,935,692,124,96,73,6,1,0
906,935,692,124,96,73,6,1,0
907,935,692,124,96,73,6,1,0
908,935,692,124,96,73,6,1,0
909,935,692,124,96,73,6,1,0
910,935,692,124,96,73,6,1,0
911,935,692,124,96,73,6,1,0
912,935,692,124,96,73,6,1,0
913,935,692,124,96,73,6,1,0
914,935,692,124,96,73,6,1,0
915,935,692,124,96,73,6,1,0
916,935,692,124,96,73,6,1,0
917,935,692,124,96,73,6,1,0
918,935,692,124,96,73,6,1,0
919,935,692,124,96,73,6,1,0
920,935,692,124,96,73,6,1,0
921,935,692,124,96,73,6,1,0
922,935,692,124,96,73,6,1,0
923,935,692,124,96,73,6,1,0
924,934,692,124,96,73,6,1,0
925,934,692,125,96,73,6,1,0
926,934,692,125,96,73,6,1,0
927,934,692,125,96,73,6,1,0
928,935,692,124,96,73,6,1,0
929,935,692,124,96,73,6,1,0
930,934,692,124,96,73,6,1,0
931,935,692,124,96,73,6,1,0
932,935,692,124,96,73,6,1,0
933,934,692,124,96,73,6,1,0
934,934,692,124,96,73,6,1,0
935,934,692,124,96,73,6,1,0
936,935,692,124,96,73,6,1,0
937,935,692,124,96,73,6,1,0
938,935,692,125,96,73,6,1,0
939,935,692,125,96,73,6,1,0
940,935,692,124,96,73,6,1,0
941,935,692,124,96,73,6,1,0
942,935,692,124,96,73,6,1,0
943,935,692,124,96,73,6,1,0
944,935,692,124,96,73,6,1,0
945,935,692,124,96,73,6,1,0
946,935,692,125,96,73,6,1,0
947,934,692,125,96,73,6,1,0
948,934,692,124,96,73,6,1,0
949,934,692,124,96,73,6,1,0
950,934,692,124,96,73,6,1,0
951,934,692,125,96,73,6,1,0
952,934,692,125,96,73,6,1,0
953,934,692,125,96,73,6,1,0
954,934,692,125,96,73,6,1,0
955,934,692,125,96,73,6,1,0
956,934,692,125,96,73,6,1,0
957,934,692,125,96,73,6,1,0
958,935,693,124,96,73,6,1,0
959,935,693,124,96,73,6,1,0
960,935,693,123,95,73,6,1,0
961,935,693,123,96,73,6,1,0
962,935,693,123,96,73,6,1,0
963,935,693,123,96,73,6,1,1
964,935,692,124,96,73,6,1,1
965,935,692,123,96,73,6,1,1
966,935,692,124,96,73,6,1,1
967,935,692,124,96,73,6,1,1
968,935,692,124,95,73,6,1,1
969,935,692,124,95,73,6,1,1
970,935,693,124,95,73,6,1,1
971,935,693,124,95,73,6,1,0
972,935,692,124,95,73,6,1,0
973,935,692,124,95,73,6,1,0
974,935,692,124,95,73,6,1,0
975,935,692,124,95,73,6,1,0
976,935,692,124,96,73,6,1,0
977,935,692,124,96,73,6,1,0
978,935,692,124,96,73,6,1,0
979,934,692,124,96,73,6,1,0
980,935,692,124,96,73,6,1,0
981,935,692,124,96,73,6,1,0
982,935,692,124,96,73,6,1,0
983,935,692,124,96,73,6,1,0
984,935,692,124,96,73,6,1,0
985,935,692,124,96,73,6,1,0
986,935,692,124,96,73,6,1,0
987,935,692,124,96,73,6,1,0
988,935,692,124,96,73,6,1,0
989,935,692,124,96,73,6,1,0
990,935,692,124,96,73,6,1,0
991,935,692,124,96,73,6,1,0
992,935,692,124,96,73,6,1,0
993,934,692,124,96,73,6,1,0
994,935,692,124,96,73,6,1,0
995,935,692,124,96,73,6,1,0
996,934,692,124,96,73,6,1,0
997,934,692,124,96,73,6,1,0
998,934,692,124,96,73,6,1,0
999,934,692,124,96,73,6,1,0
1000,934,692,124,96,73,6,1,0
1001,934,692,124,96,73,6,1,0
1002,935,692,124,96,73,6,1,0
1003,935,692,124,96,73,6,1,0
1004,934,692,124,96,73,6,1,0
1005,935,693,124,96,73,6,1,0
1006,935,693,124,96,73,6,1,0
1007,935,693,124,96,73,6,1,0
1008,935,693,123,95,73,6,1,0
1009,936,693,123,95,73,6,1,0
1010,936,693,123,95,73,6,1,0
1011,936,693,123,95,73,6,1,0
1012,936,693,123,95,73,6,1,0
1013,936,693,123,95,73,6,1,0
1014,936,693,123,95,73,6,1,0
1015,936,693,123,95,73,6,1,0
1016,935,693,123,95,73,6,1,0
1017,935,693,123,95,73,6,1,0
1018,935,693,123,95,73,6,1,0
1019,935,693,123,95,73,6,1,0
1020,934,693,124,95,73,6,1,0
1021,935,693,123,95,73,6,1,0
1022,936,693,122,95,73,6,1,0
1023,936,693,122,95,73,6,1,0
1024,936,693,123,95,73,6,1,0
1025,936,693,123,95,73,6,1,0
1026,935,693,123,95,73,6,1,0
1027,935,693,124,95,73,6,1,0
1028,934,693,124,96,73,6,1,1
1029,934,693,124,96,73,6,1,1
1030,934,693,125,96,73,6,1,1
1031,933,693,126,96,73,6,1,0
1032,932,693,126,95,73,6,1,0
1033,933,693,126,95,73,6,1,0
1034,934,693,125,95,73,6,1,1
1035,935,693,124,95,73,6,1,1
1036,935,692,124,95,73,6,1,1
1037,934,693,125,95,73,6,1,0
1038,933,693,126,95,73,6,1,0
1039,932,693,127,95,73,6,1,0
1040,933,693,125,95,73,6,1,7
1041,805,679,254,108,73,6,1,16
1042,806,679,253,108,73,6,1,27
1043,801,679,256,109,73,6,1,32
1044,800,680,257,108,73,6,1,35
1051,801,679,206,51,73,6,1,37
0,196,513,299,164,74,3,1,0
1,195,513,300,164,74,3,1,0
2,195,513,300,164,74,3,1,0
3,195,513,300,164,74,3,1,0
4,195,513,300,164,74,3,1,0
5,195,513,300,164,74,3,1,0
6,195,513,300,164,74,3,1,0
7,195,513,300,164,74,3,1,0
8,195,513,300,164,74,3,1,0
9,195,513,300,164,74,3,1,0
10,195,513,300,164,74,3,1,0
11,195,513,300,164,74,3,1,0
12,195,513,299,164,74,3,1,0
13,195,513,299,164,74,3,1,0
14,195,513,299,164,74,3,1,0
15,195,513,299,164,74,3,1,0
16,195,513,299,164,74,3,1,0
17,195,513,299,164,74,3,1,0
18,195,513,299,164,74,3,1,0
19,196,513,299,164,74,3,1,0
20,196,513,299,164,74,3,1,0
21,196,513,300,164,74,3,1,0
22,196,513,299,164,74,3,1,0
23,196,513,299,164,74,3,1,0
24,196,513,300,164,74,3,1,0
25,196,513,300,164,74,3,1,0
26,196,513,300,164,74,3,1,0
27,196,513,300,164,74,3,1,0
28,196,513,300,164,74,3,1,0
29,196,513,300,164,74,3,1,0
30,196,513,300,164,74,3,1,0
31,195,513,300,164,74,3,1,0
32,195,513,300,164,74,3,1,0
33,195,513,300,164,74,3,1,0
34,195,513,300,164,74,3,1,0
35,195,513,300,164,74,3,1,0
36,196,513,300,164,74,3,1,0
37,196,513,300,164,74,3,1,0
38,195,513,300,164,74,3,1,0
39,196,513,299,164,74,3,1,0
40,196,513,300,164,74,3,1,0
41,196,513,300,164,74,3,1,0
42,196,513,300,164,74,3,1,0
43,196,513,300,164,74,3,1,0
44,196,513,300,164,74,3,1,0
45,196,513,300,164,74,3,1,0
46,196,513,299,164,74,3,1,0
47,196,513,299,164,74,3,1,0
48,196,513,300,164,74,3,1,0
49,196,513,300,164,74,3,1,0
50,196,513,300,164,74,3,1,0
51,196,513,300,164,74,3,1,0
52,196,513,299,164,74,3,1,0
53,196,513,300,164,74,3,1,0
54,196,513,299,164,74,3,1,0
55,196,513,299,164,74,3,1,0
56,196,513,299,164,74,3,1,0
57,196,513,299,164,74,3,1,0
58,196,513,299,164,74,3,1,0
59,196,513,299,164,74,3,1,0
60,196,513,300,164,74,3,1,0
61,196,513,300,164,74,3,1,0
62,196,514,300,164,74,3,1,0
63,196,513,300,164,74,3,1,0
64,196,513,300,164,74,3,1,0
65,196,513,300,164,74,3,1,0
66,196,513,300,164,74,3,1,0
67,196,514,300,164,74,3,1,0
68,196,514,300,164,74,3,1,0
69,196,514,300,164,74,3,1,0
70,196,514,300,164,74,3,1,0
71,196,513,300,164,74,3,1,0
72,196,514,300,164,74,3,1,0
73,196,514,300,164,74,3,1,0
74,196,514,300,164,74,3,1,0
75,196,514,300,164,74,3,1,0
76,196,514,300,164,74,3,1,0
77,196,514,299,164,74,3,1,0
78,196,514,300,164,74,3,1,0
79,196,514,300,164,74,3,1,0
80,196,514,300,164,74,3,1,0
81,196,514,300,164,74,3,1,0
82,196,514,300,164,74,3,1,0
83,196,514,300,164,74,3,1,0
84,196,514,300,164,74,3,1,0
85,196,514,300,164,74,3,1,0
86,196,514,300,164,74,3,1,0
87,196,514,300,164,74,3,1,0
88,196,514,300,164,74,3,1,0
89,196,514,300,164,74,3,1,0
90,196,514,300,164,74,3,1,0
91,196,514,300,164,74,3,1,0
92,196,514,300,164,74,3,1,0
93,196,514,300,164,74,3,1,0
94,196,514,300,164,74,3,1,0
95,196,514,300,164,74,3,1,0
96,196,514,299,164,74,3,1,0
97,196,514,299,164,74,3,1,0
98,196,514,300,164,74,3,1,0
99,196,513,298,164,74,3,1,0
100,196,514,299,164,74,3,1,0
101,196,514,299,164,74,3,1,0
102,196,514,299,164,74,3,1,0
103,196,514,299,164,74,3,1,0
104,196,514,299,164,74,3,1,0
105,196,514,299,164,74,3,1,0
106,196,514,299,164,74,3,1,0
107,196,514,299,164,74,3,1,0
108,196,514,299,164,74,3,1,0
109,196,514,299,164,74,3,1,0
110,196,514,299,164,74,3,1,0
111,196,514,299,164,74,3,1,0
112,196,514,299,164,74,3,1,0
113,196,514,299,164,74,3,1,0
114,196,514,299,164,74,3,1,0
115,196,514,299,164,74,3,1,0
116,196,514,299,164,74,3,1,0
117,196,514,299,164,74,3,1,0
118,196,514,299,164,74,3,1,0
119,196,514,299,164,74,3,1,0
120,196,514,299,164,74,3,1,0
121,196,514,299,163,74,3,1,0
122,196,514,299,164,74,3,1,0
123,196,514,299,164,74,3,1,0
124,196,514,299,163,74,3,1,0
125,196,514,299,163,74,3,1,0
126,196,514,299,163,74,3,1,0
127,196,514,299,163,74,3,1,0
128,196,514,299,163,74,3,1,0
129,196,514,299,163,74,3,1,0
130,196,514,299,163,74,3,1,0
131,196,514,299,163,74,3,1,0
132,196,513,298,164,74,3,1,0
133,196,513,298,164,74,3,1,0
134,196,513,298,164,74,3,1,0
135,196,513,298,164,74,3,1,0
136,196,513,299,163,74,3,1,0
137,196,513,299,163,74,3,1,0
138,196,513,299,163,74,3,1,0
139,196,513,299,163,74,3,1,0
140,196,513,299,163,74,3,1,0
141,196,513,299,163,74,3,1,0
142,196,513,299,163,74,3,1,0
143,196,514,299,163,74,3,1,0
144,196,514,299,164,74,3,1,0
145,196,514,299,164,74,3,1,0
146,196,514,299,164,74,3,1,0
147,196,514,299,163,74,3,1,0
148,196,514,299,163,74,3,1,0
149,196,514,299,163,74,3,1,0
150,196,514,299,163,74,3,1,0
151,196,514,299,163,74,3,1,0
152,196,514,299,163,74,3,1,0
153,196,514,299,163,74,3,1,0
154,196,514,299,163,74,3,1,0
155,196,514,299,163,74,3,1,0
156,196,513,298,164,74,3,1,0
157,196,513,299,163,74,3,1,0
158,196,513,299,163,74,3,1,0
159,196,513,299,163,74,3,1,0
160,196,513,299,163,74,3,1,0
161,196,513,299,163,74,3,1,0
162,196,513,299,163,74,3,1,0
163,196,513,299,163,74,3,1,0
164,196,513,299,163,74,3,1,0
165,196,513,299,163,74,3,1,0
166,196,513,299,163,74,3,1,0
167,196,513,299,163,74,3,1,0
168,196,513,299,163,74,3,1,0
169,196,513,299,163,74,3,1,0
170,196,513,298,164,74,3,1,0
171,196,513,298,164,74,3,1,0
172,196,513,298,164,74,3,1,0
173,196,513,298,164,74,3,1,0
174,196,513,298,164,74,3,1,0
175,196,513,298,164,74,3,1,0
176,196,513,298,164,74,3,1,0
177,196,513,298,164,74,3,1,0
178,196,513,299,163,74,3,1,0
179,196,513,299,163,74,3,1,0
180,196,513,298,164,74,3,1,0
181,196,513,298,164,74,3,1,0
182,196,513,298,164,74,3,1,0
183,196,513,299,163,74,3,1,0
184,196,513,299,164,74,3,1,0
185,196,513,299,164,74,3,1,0
186,196,513,299,164,74,3,1,0
187,196,513,299,164,74,3,1,0
188,196,513,299,164,74,3,1,0
189,196,513,299,164,74,3,1,0
190,196,513,299,163,74,3,1,0
191,196,513,299,164,74,3,1,0
192,196,513,299,164,74,3,1,0
193,196,513,299,164,74,3,1,0
194,196,513,299,164,74,3,1,0
195,195,513,299,164,74,3,1,0
196,195,513,299,164,74,3,1,0
197,195,513,299,164,74,3,1,0
198,195,513,299,164,74,3,1,0
199,195,513,299,165,74,3,1,0
200,195,513,299,165,74,3,1,0
201,195,513,299,165,74,3,1,0
202,195,513,299,165,74,3,1,0
203,195,513,299,165,74,3,1,0
204,196,513,298,166,74,3,1,0
205,196,513,298,166,74,3,1,0
206,196,513,298,166,74,3,1,0
207,196,513,298,166,74,3,1,0
208,196,513,298,166,74,3,1,0
209,196,513,298,166,74,3,1,0
210,196,513,298,166,74,3,1,0
211,196,513,298,166,74,3,1,0
212,196,513,298,166,74,3,1,0
213,196,513,298,166,74,3,1,0
214,196,513,298,166,74,3,1,0
215,196,513,298,166,74,3,1,0
216,196,513,298,166,74,3,1,0
217,196,513,298,166,74,3,1,0
218,196,513,298,166,74,3,1,0
219,196,513,298,166,74,3,1,0
220,196,513,298,166,74,3,1,0
221,196,513,298,166,74,3,1,0
222,196,513,298,166,74,3,1,0
223,196,513,298,166,74,3,1,0
224,196,513,298,166,74,3,1,0
225,196,513,298,166,74,3,1,0
226,196,513,298,166,74,3,1,0
227,196,513,298,166,74,3,1,0
228,196,513,299,166,74,3,1,0
229,196,513,299,166,74,3,1,0
230,196,513,299,166,74,3,1,0
231,196,513,299,165,74,3,1,0
232,196,513,299,165,74,3,1,0
233,196,513,299,166,74,3,1,0
234,196,513,299,166,74,3,1,0
235,196,513,299,165,74,3,1,0
236,196,513,299,165,74,3,1,0
237,196,513,299,165,74,3,1,0
238,196,513,299,166,74,3,1,0
239,196,513,299,166,74,3,1,0
240,196,513,299,166,74,3,1,0
241,196,513,299,166,74,3,1,0
242,196,513,299,166,74,3,1,0
243,196,513,299,166,74,3,1,0
244,196,513,299,166,74,3,1,0
245,196,513,299,166,74,3,1,0
246,196,513,298,166,74,3,1,0
247,196,513,298,166,74,3,1,0
248,196,513,298,166,74,3,1,0
249,196,513,299,165,74,3,1,0
250,196,513,299,165,74,3,1,0
251,196,513,299,165,74,3,1,0
252,196,513,299,164,74,3,1,0
253,196,513,299,164,74,3,1,0
254,196,513,299,164,74,3,1,0
255,196,513,299,165,74,3,1,0
256,196,513,299,165,74,3,1,0
257,196,513,299,164,74,3,1,0
258,196,513,299,164,74,3,1,0
259,196,513,299,164,74,3,1,0
260,196,513,299,164,74,3,1,0
261,196,513,299,164,74,3,1,0
262,196,513,299,164,74,3,1,0
263,196,513,299,164,74,3,1,0
264,196,513,299,164,74,3,1,0
265,196,513,299,164,74,3,1,0
266,196,513,299,164,74,3,1,0
267,196,513,299,164,74,3,1,0
268,196,513,299,164,74,3,1,0
269,196,513,299,164,74,3,1,0
270,196,513,299,164,74,3,1,0
271,196,513,299,164,74,3,1,0
272,196,513,299,164,74,3,1,0
273,196,513,299,164,74,3,1,0
274,196,513,299,164,74,3,1,0
275,196,513,299,164,74,3,1,0
276,196,513,299,165,74,3,1,0
277,196,513,299,165,74,3,1,0
278,196,513,299,165,74,3,1,0
279,196,513,299,164,74,3,1,0
280,196,513,299,165,74,3,1,0
281,196,513,299,165,74,3,1,0
282,196,513,299,165,74,3,1,0
283,196,513,299,165,74,3,1,0
284,196,513,299,165,74,3,1,0
285,196,513,299,165,74,3,1,0
286,196,513,299,165,74,3,1,0
287,196,513,299,165,74,3,1,0
288,196,513,299,165,74,3,1,0
289,196,513,299,165,74,3,1,0
290,196,513,299,165,74,3,1,0
291,196,513,299,165,74,3,1,0
292,196,513,299,165,74,3,1,0
293,196,513,299,165,74,3,1,0
294,196,513,299,165,74,3,1,0
295,196,513,299,165,74,3,1,0
296,196,513,299,165,74,3,1,0
297,196,513,299,165,74,3,1,0
298,196,513,299,165,74,3,1,0
299,196,513,299,165,74,3,1,0
300,196,513,299,165,74,3,1,0
301,196,513,299,165,74,3,1,0
302,195,513,299,165,74,3,1,0
303,196,513,299,165,74,3,1,0
304,196,513,299,165,74,3,1,0
305,195,513,299,165,74,3,1,0
306,196,513,299,165,74,3,1,0
307,195,513,299,165,74,3,1,0
308,195,513,299,165,74,3,1,0
309,195,513,299,165,74,3,1,0
310,195,513,299,165,74,3,1,0
311,196,513,299,165,74,3,1,0
312,196,513,298,166,74,3,1,0
313,196,513,298,166,74,3,1,0
314,196,513,298,165,74,3,1,0
315,196,513,298,165,74,3,1,0
316,196,513,298,165,74,3,1,0
317,196,513,298,165,74,3,1,0
318,196,513,299,165,74,3,1,0
319,196,513,299,165,74,3,1,0
320,196,513,299,165,74,3,1,0
321,196,513,299,165,74,3,1,0
322,196,513,299,165,74,3,1,0
323,196,513,299,165,74,3,1,0
324,196,513,299,165,74,3,1,0
325,196,513,299,165,74,3,1,0
326,196,513,299,165,74,3,1,0
327,196,513,299,165,74,3,1,0
328,196,513,299,165,74,3,1,0
329,196,513,299,165,74,3,1,0
330,196,513,299,165,74,3,1,0
331,196,513,299,165,74,3,1,0
332,196,513,299,165,74,3,1,0
333,196,513,299,165,74,3,1,0
334,196,513,298,165,74,3,1,0
335,196,513,298,165,74,3,1,0
336,196,513,298,165,74,3,1,0
337,196,513,298,165,74,3,1,0
338,196,513,298,165,74,3,1,0
339,196,513,298,165,74,3,1,0
340,196,513,298,165,74,3,1,0
341,196,513,298,165,74,3,1,0
342,196,513,299,166,74,3,1,0
343,196,513,299,166,74,3,1,0
344,196,513,299,166,74,3,1,0
345,196,513,299,166,74,3,1,0
346,196,513,298,166,74,3,1,0
347,196,513,298,166,74,3,1,0
348,196,512,299,166,74,3,1,0
349,196,512,299,166,74,3,1,0
350,196,512,299,166,74,3,1,0
351,196,512,299,166,74,3,1,0
352,196,512,299,166,74,3,1,0
353,196,512,299,166,74,3,1,0
354,196,512,299,166,74,3,1,0
355,195,513,299,165,74,3,1,0
356,195,513,299,165,74,3,1,0
357,195,513,299,165,74,3,1,0
358,195,513,299,165,74,3,1,0
359,195,513,300,165,74,3,1,0
360,195,513,300,165,74,3,1,0
361,196,512,299,166,74,3,1,0
362,196,512,298,166,74,3,1,0
363,196,513,299,165,74,3,1,0
364,196,513,298,166,74,3,1,0
365,196,513,298,165,74,3,1,0
366,196,513,299,164,74,3,1,0
367,196,513,299,164,74,3,1,0
368,196,513,299,164,74,3,1,0
369,196,513,299,165,74,3,1,0
370,196,513,299,164,74,3,1,0
371,196,513,299,164,74,3,1,0
372,196,513,298,164,74,3,1,0
373,196,513,298,164,74,3,1,0
374,196,513,298,164,74,3,1,0
375,196,513,298,164,74,3,1,0
376,196,513,298,164,74,3,1,0
377,196,513,298,164,74,3,1,0
378,196,513,298,164,74,3,1,0
379,196,513,299,164,74,3,1,0
380,196,513,299,164,74,3,1,0
381,196,513,299,164,74,3,1,0
382,196,513,299,164,74,3,1,0
383,196,513,299,164,74,3,1,0
384,196,513,299,164,74,3,1,0
385,196,513,299,164,74,3,1,0
386,196,513,299,164,74,3,1,0
387,196,513,299,164,74,3,1,0
388,196,513,299,164,74,3,1,0
389,196,513,299,164,74,3,1,0
390,196,513,299,164,74,3,1,0
391,196,513,299,164,74,3,1,0
392,196,513,299,164,74,3,1,0
393,196,513,299,164,74,3,1,0
394,196,513,299,164,74,3,1,0
395,196,513,299,164,74,3,1,0
396,196,513,299,164,74,3,1,0
397,196,513,299,164,74,3,1,0
398,196,513,299,164,74,3,1,0
399,196,513,299,164,74,3,1,0
400,196,513,299,164,74,3,1,0
401,196,513,299,164,74,3,1,0
402,196,513,299,164,74,3,1,0
403,196,513,299,164,74,3,1,0
404,196,513,299,164,74,3,1,0
405,196,513,299,164,74,3,1,0
406,196,513,299,164,74,3,1,0
407,196,513,299,164,74,3,1,0
408,196,513,299,164,74,3,1,0
409,196,513,299,164,74,3,1,0
410,196,513,299,164,74,3,1,0
411,196,513,299,164,74,3,1,0
412,196,513,299,164,74,3,1,0
413,196,513,299,164,74,3,1,0
414,196,513,299,164,74,3,1,0
415,196,513,299,164,74,3,1,0
416,196,513,299,164,74,3,1,0
417,196,513,299,164,74,3,1,0
418,196,513,299,164,74,3,1,0
419,196,513,299,164,74,3,1,0
420,196,513,299,164,74,3,1,0
421,196,513,299,164,74,3,1,0
422,196,513,299,164,74,3,1,0
423,196,513,299,164,74,3,1,0
424,196,513,299,164,74,3,1,0
425,196,513,299,164,74,3,1,0
426,196,513,299,164,74,3,1,0
427,196,513,299,164,74,3,1,0
428,196,513,299,164,74,3,1,0
429,196,513,299,164,74,3,1,0
430,196,513,299,164,74,3,1,0
431,196,513,299,164,74,3,1,0
432,196,514,299,164,74,3,1,0
433,196,514,299,164,74,3,1,0
434,196,514,299,164,74,3,1,0
435,196,514,299,164,74,3,1,0
436,196,514,299,164,74,3,1,0
437,196,514,299,164,74,3,1,0
438,196,514,299,164,74,3,1,0
439,196,514,299,164,74,3,1,0
440,196,514,299,164,74,3,1,0
441,196,514,299,164,74,3,1,0
442,196,514,299,164,74,3,1,0
443,196,514,299,164,74,3,1,0
444,196,513,299,164,74,3,1,0
445,196,513,299,164,74,3,1,0
446,196,513,299,164,74,3,1,0
447,196,513,299,164,74,3,1,0
448,196,513,299,164,74,3,1,0
449,196,513,299,164,74,3,1,0
450,196,513,299,164,74,3,1,0
451,196,513,299,164,74,3,1,0
452,196,513,299,164,74,3,1,0
453,196,513,299,164,74,3,1,0
454,196,513,299,164,74,3,1,0
455,196,513,299,164,74,3,1,0
456,196,513,300,164,74,3,1,0
457,196,513,300,164,74,3,1,0
458,196,513,300,164,74,3,1,0
459,196,513,300,164,74,3,1,0
460,196,513,300,164,74,3,1,0
461,196,513,300,164,74,3,1,0
462,196,513,300,164,74,3,1,0
463,196,513,300,164,74,3,1,0
464,196,513,300,164,74,3,1,0
465,196,513,300,164,74,3,1,0
466,196,513,300,164,74,3,1,0
467,196,513,300,164,74,3,1,0
468,196,513,300,164,74,3,1,0
469,196,513,300,164,74,3,1,0
470,196,513,300,164,74,3,1,0
471,196,513,300,164,74,3,1,0
472,196,513,300,164,74,3,1,0
473,196,513,300,164,74,3,1,0
474,196,513,300,164,74,3,1,0
475,196,513,300,164,74,3,1,0
476,196,513,300,164,74,3,1,0
477,196,513,300,164,74,3,1,0
478,196,513,300,164,74,3,1,0
479,196,513,300,164,74,3,1,0
480,196,513,299,164,74,3,1,0
481,196,513,299,164,74,3,1,0
482,196,513,299,165,74,3,1,0
483,196,513,299,165,74,3,1,0
484,196,513,299,165,74,3,1,0
485,196,513,299,165,74,3,1,0
486,196,513,299,165,74,3,1,0
487,196,513,299,165,74,3,1,0
488,196,513,299,165,74,3,1,0
489,196,513,299,165,74,3,1,0
490,196,513,299,165,74,3,1,0
491,196,513,299,165,74,3,1,0
492,196,513,299,165,74,3,1,0
493,196,513,299,165,74,3,1,0
494,196,513,299,165,74,3,1,0
495,196,513,299,165,74,3,1,0
496,196,513,299,165,74,3,1,0
497,196,513,299,165,74,3,1,0
498,196,513,299,165,74,3,1,0
499,196,513,299,165,74,3,1,0
500,196,513,299,165,74,3,1,0
501,196,513,299,165,74,3,1,0
502,196,513,299,165,74,3,1,0
503,196,513,299,165,74,3,1,0
504,196,513,299,165,74,3,1,0
505,196,513,299,165,74,3,1,0
506,196,513,299,165,74,3,1,0
507,196,513,299,165,74,3,1,0
508,196,513,299,165,74,3,1,0
509,196,513,299,165,74,3,1,0
510,196,513,299,165,74,3,1,0
511,196,513,299,165,74,3,1,0
512,196,513,299,165,74,3,1,0
513,196,513,299,165,74,3,1,0
514,196,513,299,165,74,3,1,0
515,196,513,299,165,74,3,1,0
516,196,513,299,165,74,3,1,0
517,196,513,299,165,74,3,1,0
518,196,513,299,165,74,3,1,0
519,196,513,299,165,74,3,1,0
520,196,513,299,165,74,3,1,0
521,196,513,299,165,74,3,1,0
522,196,513,299,165,74,3,1,0
523,196,513,299,165,74,3,1,0
524,196,513,299,165,74,3,1,0
525,196,513,299,165,74,3,1,0
526,196,513,299,165,74,3,1,0
527,196,513,299,165,74,3,1,0
528,196,513,299,165,74,3,1,0
529,196,513,299,165,74,3,1,0
530,196,513,299,165,74,3,1,0
531,196,513,299,165,74,3,1,0
532,196,513,299,165,74,3,1,0
533,196,513,300,164,74,3,1,0
534,196,513,300,164,74,3,1,0
535,196,513,299,164,74,3,1,0
536,196,513,300,164,74,3,1,0
537,196,513,299,164,74,3,1,0
538,196,513,301,164,74,3,1,0
539,196,513,301,164,74,3,1,0
540,196,513,300,164,74,3,1,0
541,196,513,300,164,74,3,1,0
542,196,513,299,164,74,3,1,0
543,196,513,299,164,74,3,1,0
544,196,513,299,165,74,3,1,0
545,196,513,299,165,74,3,1,0
546,196,513,299,165,74,3,1,0
547,196,513,299,165,74,3,1,0
548,196,513,300,165,74,3,1,0
549,196,513,300,165,74,3,1,0
550,196,513,300,165,74,3,1,0
551,196,513,300,165,74,3,1,0
552,196,512,299,165,74,3,1,0
553,196,512,299,165,74,3,1,0
554,196,512,299,165,74,3,1,0
555,196,513,300,165,74,3,1,0
556,196,512,300,165,74,3,1,0
557,197,513,300,165,74,3,1,0
558,196,513,300,164,74,3,1,0
559,197,512,300,165,74,3,1,0
560,196,512,301,165,74,3,1,0
561,196,512,300,165,74,3,1,0
562,196,512,300,165,74,3,1,0
563,196,512,300,165,74,3,1,0
564,196,512,300,165,74,3,1,0
565,196,512,300,165,74,3,1,0
566,196,512,300,165,74,3,1,0
567,196,513,300,165,74,3,1,0
568,196,512,300,165,74,3,1,0
569,196,512,300,165,74,3,1,0
570,196,512,300,165,74,3,1,0
571,196,512,300,165,74,3,1,0
572,196,512,301,165,74,3,1,0
573,196,512,300,165,74,3,1,0
574,196,512,300,165,74,3,1,0
575,196,513,300,165,74,3,1,0
576,196,513,300,165,74,3,1,0
577,196,513,300,165,74,3,1,0
578,196,512,300,165,74,3,1,0
579,196,513,300,165,74,3,1,0
580,195,513,301,165,74,3,1,0
581,195,513,300,165,74,3,1,0
582,195,513,300,165,74,3,1,0
583,195,513,300,165,74,3,1,0
584,195,513,300,165,74,3,1,0
585,195,513,300,165,74,3,1,0
586,195,513,300,165,74,3,1,0
587,195,513,300,165,74,3,1,0
588,195,513,301,164,74,3,1,0
589,195,513,301,165,74,3,1,0
590,195,513,301,165,74,3,1,0
591,195,513,301,165,74,3,1,0
592,195,513,301,165,74,3,1,0
593,195,513,301,165,74,3,1,0
594,195,513,301,165,74,3,1,0
595,195,513,301,165,74,3,1,0
596,195,513,301,165,74,3,1,0
597,195,513,301,165,74,3,1,0
598,195,513,301,165,74,3,1,0
599,195,513,301,165,74,3,1,0
600,195,513,301,165,74,3,1,0
601,195,513,301,165,74,3,1,0
602,195,513,301,165,74,3,1,0
603,195,513,301,165,74,3,1,0
604,195,513,300,165,74,3,1,0
605,195,513,300,164,74,3,1,0
606,195,513,301,164,74,3,1,0
607,195,513,301,164,74,3,1,0
608,195,513,301,165,74,3,1,0
609,195,513,301,165,74,3,1,0
610,195,513,301,163,74,3,1,0
611,195,513,301,164,74,3,1,0
612,195,513,300,164,74,3,1,0
613,195,513,300,164,74,3,1,0
614,195,513,300,164,74,3,1,0
615,195,513,300,164,74,3,1,0
616,195,513,301,164,74,3,1,0
617,195,513,301,164,74,3,1,0
618,195,513,301,164,74,3,1,0
619,195,513,301,164,74,3,1,0
620,195,513,301,164,74,3,1,0
621,195,513,300,164,74,3,1,0
622,195,513,300,164,74,3,1,0
623,195,513,300,164,74,3,1,0
624,196,513,300,165,74,3,1,0
625,196,513,300,165,74,3,1,0
626,196,513,300,165,74,3,1,0
627,196,512,300,165,74,3,1,0
628,196,512,300,165,74,3,1,0
629,196,512,300,165,74,3,1,0
630,196,512,300,166,74,3,1,0
631,196,512,300,166,74,3,1,0
632,196,512,301,166,74,3,1,0
633,196,512,301,165,74,3,1,0
634,196,513,300,165,74,3,1,0
635,196,513,300,164,74,3,1,0
636,195,513,300,164,74,3,1,0
637,195,513,300,164,74,3,1,0
638,195,513,300,164,74,3,1,0
639,195,513,300,164,74,3,1,0
640,195,513,300,164,74,3,1,0
641,195,513,300,164,74,3,1,0
642,195,513,300,164,74,3,1,0
643,195,513,300,164,74,3,1,0
644,195,513,300,164,74,3,1,0
645,195,513,300,164,74,3,1,0
646,195,513,300,164,74,3,1,0
647,195,513,300,164,74,3,1,0
648,195,513,299,164,74,3,1,0
649,195,513,300,164,74,3,1,0
650,195,513,300,164,74,3,1,0
651,195,513,300,164,74,3,1,0
652,195,513,300,164,74,3,1,0
653,195,513,300,164,74,3,1,0
654,195,513,299,165,74,3,1,0
655,195,513,300,165,74,3,1,0
656,195,513,300,165,74,3,1,0
657,195,513,300,164,74,3,1,0
658,195,513,300,164,74,3,1,0
659,195,513,300,164,74,3,1,0
660,195,513,299,165,74,3,1,0
661,195,513,299,165,74,3,1,0
662,195,513,299,165,74,3,1,0
663,195,513,299,165,74,3,1,0
664,196,513,299,165,74,3,1,0
665,196,513,299,165,74,3,1,0
666,196,513,299,165,74,3,1,0
667,196,513,299,165,74,3,1,0
668,196,513,299,165,74,3,1,0
669,196,513,299,165,74,3,1,0
670,196,513,299,165,74,3,1,0
671,196,513,299,165,74,3,1,0
672,196,513,299,165,74,3,1,0
673,196,513,300,165,74,3,1,0
674,195,513,299,164,74,3,1,0
675,196,513,299,164,74,3,1,0
676,195,513,299,164,74,3,1,0
677,195,513,299,164,74,3,1,0
678,196,513,299,165,74,3,1,0
679,195,513,299,165,74,3,1,0
680,196,513,300,165,74,3,1,0
681,196,513,300,165,74,3,1,0
682,196,513,300,165,74,3,1,0
683,195,513,300,165,74,3,1,0
684,195,513,299,165,74,3,1,0
685,195,513,299,164,74,3,1,0
686,195,513,299,165,74,3,1,0
687,195,513,299,165,74,3,1,0
688,195,513,299,164,74,3,1,0
689,195,513,299,164,74,3,1,0
690,195,513,299,164,74,3,1,0
691,195,513,299,164,74,3,1,0
692,195,513,299,164,74,3,1,0
693,195,513,299,164,74,3,1,0
694,196,513,299,166,74,3,1,0
695,196,513,299,166,74,3,1,0
696,196,513,299,165,74,3,1,0
697,196,513,299,165,74,3,1,0
698,196,513,299,165,74,3,1,0
699,196,512,299,166,74,3,1,0
700,196,512,299,166,74,3,1,0
701,196,513,299,166,74,3,1,0
702,196,513,299,166,74,3,1,0
703,196,513,299,166,74,3,1,0
704,196,513,300,165,74,3,1,0
705,196,513,300,165,74,3,1,0
706,196,513,300,165,74,3,1,0
707,196,513,300,165,74,3,1,0
708,196,513,300,165,74,3,1,0
709,196,513,300,165,74,3,1,0
710,196,513,300,164,74,3,1,0
711,196,513,300,165,74,3,1,0
712,196,513,300,165,74,3,1,0
713,196,513,300,165,74,3,1,0
714,196,513,299,165,74,3,1,0
715,196,513,299,165,74,3,1,0
716,196,513,299,165,74,3,1,0
717,196,513,300,165,74,3,1,0
718,196,513,300,165,74,3,1,0
719,196,513,300,165,74,3,1,0
720,196,513,300,164,74,3,1,0
721,196,513,300,164,74,3,1,0
722,196,513,300,165,74,3,1,0
723,196,513,300,164,74,3,1,0
724,196,513,300,164,74,3,1,0
725,196,513,300,164,74,3,1,0
726,196,513,300,164,74,3,1,0
727,196,513,300,164,74,3,1,0
728,196,513,300,164,74,3,1,0
729,196,513,300,164,74,3,1,0
730,196,513,300,164,74,3,1,0
731,196,513,300,164,74,3,1,0
732,196,513,300,164,74,3,1,0
733,196,513,300,164,74,3,1,0
734,195,513,300,164,74,3,1,0
735,195,513,300,164,74,3,1,0
736,195,512,300,165,74,3,1,0
737,195,512,300,165,74,3,1,0
738,195,512,300,165,74,3,1,0
739,195,512,301,165,74,3,1,0
740,195,513,301,165,74,3,1,0
741,195,513,301,165,74,3,1,0
742,195,513,301,165,74,3,1,0
743,195,513,302,165,74,3,1,0
744,195,513,300,164,74,3,1,0
745,195,513,300,164,74,3,1,0
746,195,513,300,164,74,3,1,0
747,195,513,300,165,74,3,1,0
748,195,513,300,165,74,3,1,0
749,195,513,300,165,74,3,1,0
750,196,513,299,165,74,3,1,0
751,196,512,299,165,74,3,1,0
752,196,512,299,165,74,3,1,0
753,196,513,299,165,74,3,1,0
754,196,512,298,166,74,3,1,0
755,196,512,299,165,74,3,1,0
756,195,512,300,165,74,3,1,0
757,195,513,300,165,74,3,1,0
758,195,513,300,165,74,3,1,0
759,195,513,300,165,74,3,1,0
760,195,513,300,165,74,3,1,0
761,195,512,300,165,74,3,1,0
762,195,512,300,165,74,3,1,0
763,195,513,300,165,74,3,1,0
764,195,513,300,165,74,3,1,0
765,195,513,301,165,74,3,1,0
766,196,513,301,164,74,3,1,0
767,196,513,300,165,74,3,1,0
768,196,512,300,165,74,3,1,0
769,196,512,300,165,74,3,1,0
770,196,512,299,165,74,3,1,0
771,196,512,299,165,74,3,1,0
772,196,512,300,165,74,3,1,0
773,196,512,299,165,74,3,1,0
774,196,512,299,165,74,3,1,0
775,196,512,299,165,74,3,1,0
776,196,512,300,165,74,3,1,0
777,196,512,299,165,74,3,1,0
778,196,512,299,165,74,3,1,0
779,196,512,300,165,74,3,1,0
780,196,513,300,165,74,3,1,0
781,195,513,300,165,74,3,1,0
782,196,513,300,165,74,3,1,0
783,196,513,300,165,74,3,1,0
784,195,513,300,165,74,3,1,0
785,195,513,300,165,74,3,1,0
786,196,513,300,165,74,3,1,0
787,195,513,300,165,74,3,1,0
788,195,513,300,165,74,3,1,0
789,196,513,300,165,74,3,1,0
790,196,513,299,165,74,3,1,0
791,196,513,300,164,74,3,1,0
792,196,513,300,165,74,3,1,0
793,196,513,300,165,74,3,1,0
794,196,513,299,165,74,3,1,0
795,196,513,300,165,74,3,1,0
796,196,513,300,165,74,3,1,0
797,196,513,300,165,74,3,1,0
798,196,513,300,165,74,3,1,0
799,196,513,300,165,74,3,1,0
800,196,513,300,165,74,3,1,0
801,196,513,300,165,74,3,1,0
802,196,513,300,165,74,3,1,0
803,196,513,300,165,74,3,1,0
804,196,513,300,165,74,3,1,0
805,196,513,300,165,74,3,1,0
806,196,513,299,165,74,3,1,0
807,196,513,299,165,74,3,1,0
808,196,513,299,165,74,3,1,0
809,196,513,299,165,74,3,1,0
810,196,513,299,165,74,3,1,0
811,196,513,299,165,74,3,1,0
812,196,513,299,165,74,3,1,0
813,196,513,299,165,74,3,1,0
814,196,513,299,165,74,3,1,0
815,196,513,299,165,74,3,1,0
816,196,513,300,164,74,3,1,0
817,196,513,300,165,74,3,1,0
818,196,513,301,165,74,3,1,0
819,196,513,300,165,74,3,1,0
820,196,513,300,165,74,3,1,0
821,196,513,299,165,74,3,1,0
822,196,513,300,165,74,3,1,0
823,196,513,300,165,74,3,1,0
824,196,513,300,165,74,3,1,0
825,196,513,300,165,74,3,1,0
826,196,513,300,165,74,3,1,0
827,196,513,300,165,74,3,1,0
828,196,513,300,164,74,3,1,0
829,196,513,301,164,74,3,1,0
830,196,513,300,164,74,3,1,0
831,196,513,300,164,74,3,1,0
832,196,513,300,164,74,3,1,0
833,196,513,300,164,74,3,1,0
834,196,513,300,164,74,3,1,0
835,196,513,300,164,74,3,1,0
836,196,513,300,164,74,3,1,0
837,196,513,301,164,74,3,1,0
838,196,513,301,164,74,3,1,0
839,196,513,301,164,74,3,1,0
840,196,513,300,165,74,3,1,0
841,196,513,300,164,74,3,1,0
842,196,513,300,164,74,3,1,0
843,196,513,301,164,74,3,1,0
844,196,513,301,163,74,3,1,0
845,196,513,301,163,74,3,1,0
846,196,513,299,164,74,3,1,0
847,196,513,299,164,74,3,1,2
848,196,513,300,161,74,3,1,3
849,196,513,300,155,74,3,1,3
850,196,513,300,157,74,3,1,2
851,196,513,299,164,74,3,1,1
852,196,513,299,162,74,3,1,1
853,196,513,299,162,74,3,1,2
854,196,513,298,163,74,3,1,3
855,196,513,299,163,74,3,1,4
856,196,513,299,163,74,3,1,2
857,196,513,299,163,74,3,1,1
858,196,513,298,163,74,3,1,0
859,196,513,298,163,74,3,1,0
860,196,513,298,163,74,3,1,1
861,196,513,301,152,74,3,1,2
862,196,513,300,154,74,3,1,2
863,196,513,301,159,74,3,1,1
864,196,513,299,164,74,3,1,0
865,196,513,299,164,74,3,1,1
866,196,513,299,163,74,3,1,3
867,196,513,300,164,74,3,1,4
868,196,513,300,164,74,3,1,3
869,196,513,300,164,74,3,1,2
870,196,513,300,164,74,3,1,1
871,196,513,301,165,74,3,1,0
872,196,513,300,165,74,3,1,0
873,196,513,300,165,74,3,1,0
874,196,513,300,165,74,3,1,0
875,196,513,300,165,74,3,1,0
876,196,513,300,164,74,3,1,0
877,196,513,300,165,74,3,1,0
878,196,513,300,165,74,3,1,0
879,196,513,300,165,74,3,1,0
880,196,513,300,165,74,3,1,0
881,196,513,300,165,74,3,1,0
882,196,513,300,165,74,3,1,0
883,196,513,300,164,74,3,1,0
884,196,513,300,165,74,3,1,0
885,196,513,300,165,74,3,1,0
886,196,513,300,165,74,3,1,0
887,196,513,300,165,74,3,1,0
888,196,513,299,164,74,3,1,0
889,196,513,299,165,74,3,1,0
890,196,513,299,165,74,3,1,0
891,196,513,299,165,74,3,1,0
892,196,513,299,165,74,3,1,0
893,196,513,299,165,74,3,1,0
894,196,513,299,165,74,3,1,0
895,196,513,299,165,74,3,1,0
896,196,513,299,165,74,3,1,0
897,196,513,299,165,74,3,1,0
898,196,513,299,165,74,3,1,0
899,196,513,299,165,74,3,1,0
900,195,513,300,165,74,3,1,0
901,195,513,300,165,74,3,1,0
902,195,513,300,165,74,3,1,0
903,195,513,300,165,74,3,1,0
904,195,513,300,165,74,3,1,0
905,195,513,300,165,74,3,1,0
906,195,513,300,165,74,3,1,0
907,195,513,300,165,74,3,1,0
908,195,513,300,165,74,3,1,0
909,195,513,300,165,74,3,1,0
910,195,513,300,165,74,3,1,0
911,196,513,299,166,74,3,1,0
912,196,513,299,165,74,3,1,0
913,196,513,299,165,74,3,1,0
914,196,513,299,165,74,3,1,0
915,196,513,299,165,74,3,1,0
916,196,513,299,165,74,3,1,0
917,196,513,299,165,74,3,1,0
918,196,513,300,165,74,3,1,0
919,196,513,300,165,74,3,1,0
920,196,513,299,165,74,3,1,0
921,196,513,299,165,74,3,1,0
922,196,513,299,165,74,3,1,0
923,196,513,299,165,74,3,1,0
924,196,513,299,166,74,3,1,0
925,196,513,299,166,74,3,1,0
926,196,513,299,165,74,3,1,0
927,196,513,299,165,74,3,1,0
928,195,513,300,165,74,3,1,0
929,195,513,300,165,74,3,1,0
930,195,513,300,165,74,3,1,0
931,195,513,300,165,74,3,1,0
932,195,513,299,165,74,3,1,0
933,196,513,299,165,74,3,1,0
934,195,512,299,166,74,3,1,0
935,196,512,299,166,74,3,1,0
936,195,513,300,164,74,3,1,0
937,195,513,300,165,74,3,1,0
938,195,513,300,164,74,3,1,0
939,195,513,300,164,74,3,1,0
940,195,513,300,164,74,3,1,0
941,195,513,300,164,74,3,1,0
942,195,513,300,164,74,3,1,0
943,195,513,300,164,74,3,1,0
944,195,513,300,164,74,3,1,0
945,195,513,300,165,74,3,1,0
946,195,513,300,165,74,3,1,0
947,195,513,300,164,74,3,1,0
948,196,513,299,165,74,3,1,0
949,196,513,299,165,74,3,1,0
950,196,513,299,165,74,3,1,0
951,196,513,299,165,74,3,1,0
952,196,513,299,165,74,3,1,0
953,196,513,299,165,74,3,1,0
954,196,513,299,165,74,3,1,0
955,196,513,299,165,74,3,1,0
956,196,513,299,165,74,3,1,0
957,196,513,299,165,74,3,1,0
958,196,513,299,165,74,3,1,0
959,196,513,299,165,74,3,1,0
960,196,513,299,165,74,3,1,0
961,196,513,299,165,74,3,1,0
962,196,513,299,165,74,3,1,0
963,196,513,299,165,74,3,1,0
964,196,513,299,165,74,3,1,0
965,196,513,299,165,74,3,1,0
966,196,513,299,164,74,3,1,0
967,196,513,299,164,74,3,1,0
968,196,513,299,164,74,3,1,0
969,196,513,299,164,74,3,1,0
970,196,513,299,164,74,3,1,0
971,196,513,299,164,74,3,1,0
972,195,513,299,164,74,3,1,0
973,195,513,299,165,74,3,1,0
974,195,513,299,164,74,3,1,0
975,195,513,299,164,74,3,1,0
976,195,513,299,164,74,3,1,0
977,195,513,299,164,74,3,1,0
978,195,513,299,164,74,3,1,0
979,195,513,299,164,74,3,1,0
980,195,513,299,164,74,3,1,0
981,195,513,299,164,74,3,1,0
982,195,513,299,164,74,3,1,0
983,195,513,299,164,74,3,1,0
984,195,513,300,164,74,3,1,0
985,195,513,300,164,74,3,1,0
986,196,513,300,164,74,3,1,0
987,196,513,299,164,74,3,1,0
988,196,513,299,164,74,3,1,0
989,196,513,299,164,74,3,1,0
990,195,513,299,164,74,3,1,0
991,195,513,299,164,74,3,1,0
992,195,513,299,164,74,3,1,0
993,195,513,299,164,74,3,1,0
994,195,513,299,164,74,3,1,0
995,195,513,299,164,74,3,1,0
996,195,513,300,164,74,3,1,0
997,195,513,300,164,74,3,1,0
998,196,513,300,164,74,3,1,0
999,196,513,300,164,74,3,1,0
1000,196,513,299,164,74,3,1,0
1001,196,513,299,164,74,3,1,0
1002,196,513,299,164,74,3,1,0
1003,196,513,299,164,74,3,1,0
1004,196,513,299,164,74,3,1,0
1005,196,513,299,164,74,3,1,0
1006,196,513,299,164,74,3,1,0
1007,196,513,299,164,74,3,1,0
1008,196,513,299,164,74,3,1,0
1009,196,513,299,164,74,3,1,0
1010,196,513,299,164,74,3,1,0
1011,196,513,299,164,74,3,1,0
1012,196,513,299,164,74,3,1,0
1013,196,513,299,164,74,3,1,0
1014,196,513,299,164,74,3,1,0
1015,196,513,299,164,74,3,1,0
1016,196,513,299,164,74,3,1,0
1017,196,513,299,164,74,3,1,0
1018,196,513,299,164,74,3,1,0
1019,196,513,299,164,74,3,1,0
1020,196,513,299,164,74,3,1,0
1021,196,513,299,164,74,3,1,0
1022,196,513,299,164,74,3,1,0
1023,196,513,299,164,74,3,1,0
1024,196,513,299,164,74,3,1,0
1025,196,513,299,164,74,3,1,0
1026,196,513,299,164,74,3,1,0
1027,195,513,300,165,74,3,1,0
1028,195,513,300,164,74,3,1,0
1029,195,513,300,164,74,3,1,0
1030,195,513,300,165,74,3,1,0
1031,195,513,300,164,74,3,1,0
1032,196,513,299,164,74,3,1,0
1033,196,513,299,164,74,3,1,0
1034,196,513,299,164,74,3,1,0
1035,196,513,299,164,74,3,1,0
1036,196,513,299,164,74,3,1,0
1037,196,513,299,164,74,3,1,0
1038,196,513,299,164,74,3,1,0
1039,196,513,299,165,74,3,1,0
1040,196,513,299,165,74,3,1,0
1041,196,513,299,165,74,3,1,0
1042,196,513,299,165,74,3,1,0
1043,196,513,299,165,74,3,1,0
1044,196,513,299,165,74,3,1,0
1045,196,513,299,165,74,3,1,0
1046,196,513,299,165,74,3,1,0
1047,196,513,299,165,74,3,1,0
1048,196,513,300,165,74,3,1,0
1049,196,513,300,165,74,3,1,0
1050,196,513,299,165,74,3,1,0
1051,196,513,299,165,74,3,1,0
1052,196,513,299,165,74,3,1,0
1053,196,513,299,164,74,3,1,0
1054,196,513,299,164,74,3,1,0
1055,196,513,299,164,74,3,1,0
1056,196,513,299,164,74,3,1,0
1057,196,513,299,164,74,3,1,0
1058,196,513,299,164,74,3,1,0
1059,196,513,299,164,74,3,1,0
1060,196,513,299,164,74,3,1,0
1061,196,513,300,165,74,3,1,0
1062,196,513,300,165,74,3,1,0
1063,196,513,300,165,74,3,1,0
1064,196,512,299,165,74,3,1,0
1065,196,512,299,165,74,3,1,0
1066,196,513,299,165,74,3,1,0
1067,196,513,299,164,74,3,1,0
1068,196,513,299,164,74,3,1,0
1069,196,513,299,164,74,3,1,0
1070,196,513,299,164,74,3,1,0
1071,196,513,299,165,74,3,1,0
1072,196,513,299,165,74,3,1,0
1073,196,513,299,165,74,3,1,0
1074,196,513,299,165,74,3,1,0
1075,196,513,299,165,74,3,1,0
1076,196,513,299,165,74,3,1,0
1077,196,513,299,165,74,3,1,0
1078,196,513,299,165,74,3,1,0
1079,196,513,299,165,74,3,1,0
1080,196,513,299,165,74,3,1,0
1081,195,513,300,165,74,3,1,0
1082,196,513,300,165,74,3,1,0
1083,195,513,300,165,74,3,1,0
1084,195,513,300,165,74,3,1,0
1085,195,513,300,165,74,3,1,0
1086,195,513,300,165,74,3,1,0
1087,195,513,300,165,74,3,1,0
1088,196,513,300,164,74,3,1,0
1089,196,513,300,164,74,3,1,0
1090,196,513,300,164,74,3,1,0
1091,196,513,300,165,74,3,1,0
1092,195,513,302,165,74,3,1,0
1093,195,513,302,165,74,3,1,0
1094,195,513,302,165,74,3,1,0
1095,195,513,302,165,74,3,1,0
1096,195,513,301,165,74,3,1,0
1097,195,513,302,165,74,3,1,0
1098,195,513,302,165,74,3,1,0
1099,195,513,302,165,74,3,1,0
1100,195,513,302,165,74,3,1,0
1101,196,513,300,164,74,3,1,0
1102,196,513,300,164,74,3,1,0
1103,196,513,299,165,74,3,1,0
1104,196,513,300,165,74,3,1,0
1105,196,513,300,165,74,3,1,0
1106,196,513,300,165,74,3,1,0
1107,196,513,300,165,74,3,1,0
1108,196,513,300,165,74,3,1,0
1109,196,513,300,165,74,3,1,0
1110,196,513,300,165,74,3,1,0
1111,196,513,300,165,74,3,1,0
1112,196,513,300,165,74,3,1,0
1113,196,513,300,165,74,3,1,0
1114,196,513,299,165,74,3,1,0
1115,196,513,299,165,74,3,1,0
1116,196,513,299,165,74,3,1,0
1117,196,513,299,165,74,3,1,0
1118,196,513,299,165,74,3,1,0
1119,196,513,299,165,74,3,1,0
1120,196,513,299,165,74,3,1,0
1121,196,513,300,165,74,3,1,0
1122,196,513,300,165,74,3,1,0
1123,196,513,299,165,74,3,1,0
1124,196,513,299,165,74,3,1,0
1125,196,513,300,165,74,3,1,0
1126,196,513,300,165,74,3,1,0
1127,196,513,299,165,74,3,1,0
1128,196,513,300,165,74,3,1,0
1129,196,513,300,165,74,3,1,0
1130,196,513,300,165,74,3,1,0
1131,196,513,299,165,74,3,1,0
1132,196,513,299,165,74,3,1,0
1133,196,513,299,165,74,3,1,0
1134,196,513,299,165,74,3,1,0
1135,196,513,299,165,74,3,1,0
1136,196,513,299,165,74,3,1,0
1137,196,513,299,165,74,3,1,0
1138,196,513,299,165,74,3,1,0
1139,196,513,299,165,74,3,1,0
1140,196,513,299,165,74,3,1,0
1141,196,513,299,165,74,3,1,0
1142,196,513,299,164,74,3,1,0
1143,196,513,299,164,74,3,1,0
1144,196,513,299,164,74,3,1,0
1145,196,513,299,165,74,3,1,0
1146,196,513,299,164,74,3,1,0
1147,196,513,299,165,74,3,1,0
1148,196,513,299,164,74,3,1,0
1149,196,513,299,164,74,3,1,0
1150,196,513,299,164,74,3,1,0
1151,196,513,300,164,74,3,1,0
1152,196,513,299,164,74,3,1,0
1153,196,514,299,164,74,3,1,0
1154,196,514,299,164,74,3,1,0
1155,195,514,299,164,74,3,1,0
1156,196,514,299,164,74,3,1,0
1157,195,514,300,164,74,3,1,0
1158,195,513,300,164,74,3,1,0
1159,195,513,300,164,74,3,1,0
1160,195,513,300,164,74,3,1,0
1161,196,513,300,165,74,3,1,0
1162,196,513,300,165,74,3,1,0
1163,196,513,299,165,74,3,1,0
1164,196,513,299,165,74,3,1,0
1165,196,513,299,165,74,3,1,0
1166,196,513,299,165,74,3,1,0
1167,196,513,299,165,74,3,1,0
1168,196,513,299,165,74,3,1,0
1169,196,513,299,165,74,3,1,0
1170,196,513,299,165,74,3,1,0
1171,195,513,300,165,74,3,1,0
1172,195,513,300,165,74,3,1,0
1173,195,513,300,165,74,3,1,0
1174,195,513,300,165,74,3,1,0
1175,195,513,300,165,74,3,1,0
1176,195,513,300,164,74,3,1,0
1177,195,513,300,164,74,3,1,0
1178,195,513,300,164,74,3,1,0
1179,195,513,300,164,74,3,1,0
1180,195,513,300,164,74,3,1,0
1181,196,513,299,165,74,3,1,0
1182,196,513,299,165,74,3,1,0
1183,196,513,299,165,74,3,1,0
1184,196,513,299,165,74,3,1,0
1185,196,513,299,165,74,3,1,0
1186,196,513,299,165,74,3,1,0
1187,196,513,299,165,74,3,1,0
1188,196,513,299,165,74,3,1,0
1189,196,513,299,165,74,3,1,0
1190,196,513,299,165,74,3,1,0
1191,196,513,299,164,74,3,1,0
1192,196,513,299,164,74,3,1,0
1193,196,513,299,164,74,3,1,0
1194,196,513,299,164,74,3,1,0
1195,196,513,299,164,74,3,1,0
1196,196,513,299,164,74,3,1,0
1197,196,513,299,164,74,3,1,0
1198,196,513,299,164,74,3,1,0
1199,196,513,299,164,74,3,1,0
1200,196,513,299,163,74,3,1,0
1201,196,513,299,163,74,3,1,0
1202,196,513,299,163,74,3,1,0
1203,196,513,299,163,74,3,1,0
1204,196,513,299,163,74,3,1,0
1205,196,513,299,164,74,3,1,0
1206,196,513,299,164,74,3,1,0
1207,196,513,299,164,74,3,1,0
1208,196,513,299,164,74,3,1,0
1209,196,513,299,164,74,3,1,0
1210,196,513,299,164,74,3,1,0
1211,196,513,299,164,74,3,1,0
1212,196,513,299,164,74,3,1,0
1213,196,513,299,164,74,3,1,0
1214,196,513,299,164,74,3,1,0
1215,196,513,299,164,74,3,1,0
1216,196,513,299,164,74,3,1,0
1217,196,513,299,164,74,3,1,0
1218,196,513,299,164,74,3,1,0
1219,196,513,299,164,74,3,1,0
1220,196,513,299,164,74,3,1,0
1221,196,513,299,164,74,3,1,0
1222,196,513,299,164,74,3,1,0
1223,196,513,299,164,74,3,1,0
1224,196,513,299,164,74,3,1,0
1225,196,513,299,164,74,3,1,0
1226,196,513,299,164,74,3,1,0
1227,196,513,299,164,74,3,1,0
1228,196,513,299,164,74,3,1,0
1229,196,513,299,164,74,3,1,0
1230,196,513,299,164,74,3,1,0
1231,196,513,299,164,74,3,1,0
1232,196,513,299,164,74,3,1,0
1233,196,513,299,164,74,3,1,0
1234,196,513,299,164,74,3,1,0
1235,196,513,299,164,74,3,1,0
1236,196,513,299,164,74,3,1,0
1237,196,513,299,164,74,3,1,0
1238,196,513,299,164,74,3,1,0
1239,196,513,299,164,74,3,1,0
1240,196,513,299,164,74,3,1,0
1241,196,513,299,164,74,3,1,0
1242,196,513,299,164,74,3,1,0
1243,196,513,299,164,74,3,1,0
1244,196,513,299,164,74,3,1,0
1245,196,513,299,164,74,3,1,0
1246,196,513,299,164,74,3,1,0
1247,196,513,299,164,74,3,1,0
1248,196,513,299,164,74,3,1,0
1249,196,513,299,164,74,3,1,0
1250,196,513,299,165,74,3,1,0
1251,196,513,299,164,74,3,1,0
1252,196,513,299,164,74,3,1,0
1253,196,513,299,164,74,3,1,0
1254,196,513,299,165,74,3,1,0
1255,196,513,299,165,74,3,1,0
1256,196,513,299,165,74,3,1,0
1257,196,513,299,165,74,3,1,0
1258,196,513,299,165,74,3,1,0
1259,196,513,299,164,74,3,1,0
1260,195,513,299,165,74,3,1,0
1261,195,513,300,165,74,3,1,0
1262,195,513,300,165,74,3,1,0
1263,195,513,300,165,74,3,1,0
1264,195,513,300,165,74,3,1,0
1265,195,513,300,165,74,3,1,0
1266,195,513,300,165,74,3,1,0
1267,195,513,300,165,74,3,1,0
1268,195,513,300,165,74,3,1,0
1269,195,513,300,165,74,3,1,0
1270,195,513,300,165,74,3,1,0
1271,195,513,301,165,74,3,1,0
1272,195,513,300,165,74,3,1,0
1273,195,513,300,165,74,3,1,0
1274,195,513,300,165,74,3,1,0
1275,195,513,300,165,74,3,1,0
1276,195,513,300,165,74,3,1,0
1277,195,513,300,165,74,3,1,0
1278,195,513,300,165,74,3,1,0
1279,195,513,300,165,74,3,1,0
1280,195,513,300,165,74,3,1,0
1281,195,513,300,166,74,3,1,0
1282,195,513,300,165,74,3,1,0
1283,195,513,300,165,74,3,1,0
1284,195,513,300,165,74,3,1,0
1285,195,513,300,165,74,3,1,0
1286,195,513,300,165,74,3,1,0
1287,195,513,300,165,74,3,1,0
1288,195,513,300,165,74,3,1,0
1289,195,513,300,165,74,3,1,0
1290,195,513,300,165,74,3,1,0
1291,195,513,299,165,74,3,1,0
1292,195,513,300,165,74,3,1,0
1293,195,513,300,165,74,3,1,0
1294,195,513,300,165,74,3,1,0
1295,195,513,300,165,74,3,1,0
1296,195,513,300,165,74,3,1,0
1297,195,513,300,165,74,3,1,0
1298,195,513,300,165,74,3,1,0
1299,195,513,300,164,74,3,1,0
1300,195,513,300,165,74,3,1,0
1301,195,513,300,164,74,3,1,0
1302,195,513,300,164,74,3,1,0
1303,195,513,300,164,74,3,1,0
1304,195,513,300,164,74,3,1,0
1305,195,513,300,164,74,3,1,0
1306,195,513,300,164,74,3,1,0
1307,195,513,300,164,74,3,1,0
1308,195,513,300,165,74,3,1,0
1309,195,513,300,165,74,3,1,0
1310,195,513,300,165,74,3,1,0
1311,195,513,300,165,74,3,1,0
1312,195,513,300,165,74,3,1,0
1313,195,513,300,165,74,3,1,0
1314,195,513,300,165,74,3,1,0
1315,195,513,300,165,74,3,1,0
1316,195,513,300,165,74,3,1,0
1317,195,513,300,165,74,3,1,0
1318,195,513,300,165,74,3,1,0
1319,195,513,300,165,74,3,1,0
1320,195,513,300,165,74,3,1,0
1321,195,513,300,165,74,3,1,0
1322,195,513,300,165,74,3,1,0
1323,195,513,300,165,74,3,1,0
1324,195,513,300,165,74,3,1,0
1325,195,513,300,165,74,3,1,0
1326,195,513,300,165,74,3,1,0
1327,195,513,300,165,74,3,1,0
1328,195,513,300,165,74,3,1,0
1329,195,513,300,165,74,3,1,0
1330,195,513,300,165,74,3,1,0
1331,196,513,300,165,74,3,1,0
1332,196,513,299,165,74,3,1,0
1333,196,513,299,165,74,3,1,0
1334,196,513,299,165,74,3,1,0
1335,196,513,299,165,74,3,1,0
1336,196,513,299,165,74,3,1,0
1337,196,513,299,165,74,3,1,0
1338,196,513,299,165,74,3,1,0
1339,196,513,299,165,74,3,1,0
1340,196,513,299,165,74,3,1,0
1341,196,513,299,165,74,3,1,0
1342,196,513,299,165,74,3,1,0
1343,196,513,299,165,74,3,1,0
1344,196,513,299,165,74,3,1,0
1345,196,513,299,165,74,3,1,0
1346,196,513,299,165,74,3,1,0
1347,196,513,299,164,74,3,1,0
1348,196,513,299,164,74,3,1,0
1349,196,513,299,164,74,3,1,0
1350,196,513,299,165,74,3,1,0
1351,196,513,299,165,74,3,1,0
1352,196,513,299,164,74,3,1,0
1353,196,513,299,165,74,3,1,0
1354,196,513,299,165,74,3,1,0
1355,196,513,299,165,74,3,1,0
1356,196,513,299,164,74,3,1,0
1357,196,513,299,164,74,3,1,0
1358,196,513,299,164,74,3,1,0
1359,196,513,299,165,74,3,1,0
1360,196,513,299,165,74,3,1,0
1361,196,513,299,165,74,3,1,0
1362,196,513,299,164,74,3,1,0
1363,196,513,299,164,74,3,1,0
1364,196,513,299,165,74,3,1,0
1365,196,513,299,165,74,3,1,0
1366,196,513,299,165,74,3,1,0
1367,196,513,299,165,74,3,1,0
1368,196,513,299,164,74,3,1,0
1369,196,513,299,164,74,3,1,0
1370,196,513,300,164,74,3,1,0
1371,196,513,298,165,74,3,1,0
1372,196,513,299,165,74,3,1,0
1373,196,513,298,166,74,3,1,0
1374,196,513,298,166,74,3,1,0
1375,196,513,298,165,74,3,1,0
1376,196,513,298,165,74,3,1,0
1377,196,513,298,166,74,3,1,0
1378,196,513,298,166,74,3,1,0
1379,196,513,299,166,74,3,1,0
1380,196,513,299,166,74,3,1,0
1381,196,513,299,166,74,3,1,0
1382,196,510,298,168,74,3,1,0
1383,196,509,298,169,74,3,1,0
1384,196,510,299,168,74,3,1,0
1385,196,509,298,169,74,3,1,0
1386,196,511,299,167,74,3,1,0
1387,196,509,299,169,74,3,1,0
1388,196,510,299,169,74,3,1,0
1389,196,502,299,177,74,3,1,0
1390,196,505,299,173,74,3,1,0
1391,196,508,298,171,74,3,1,0
1392,196,511,299,167,74,3,1,0
1393,196,513,299,165,74,3,1,0
1394,195,513,299,165,74,3,1,0
1395,196,514,299,165,74,3,1,0
1396,195,513,300,165,74,3,1,0
1397,195,513,300,165,74,3,1,0
1398,195,513,300,165,74,3,1,0
1399,196,513,299,165,74,3,1,0
1400,193,513,302,165,74,3,1,0
1401,201,513,294,165,74,3,1,0
1402,196,513,299,165,74,3,1,0
1403,191,513,304,165,74,3,1,0
1404,196,513,298,165,74,3,1,0
1405,196,513,298,165,74,3,1,0
1406,196,513,299,165,74,3,1,0
1407,196,513,299,165,74,3,1,0
1408,196,513,298,165,74,3,1,0
1409,196,513,299,165,74,3,1,0
1410,196,513,299,165,74,3,1,0
1411,196,513,299,165,74,3,1,0
1412,196,513,299,165,74,3,1,0
1413,196,513,299,165,74,3,1,0
1414,196,513,299,165,74,3,1,0
1415,196,513,299,165,74,3,1,0
1416,195,513,300,165,74,3,1,0
1417,195,513,300,165,74,3,1,0
1418,195,513,300,165,74,3,1,0
1419,195,513,300,165,74,3,1,0
1420,195,513,300,165,74,3,1,0
1421,195,513,300,165,74,3,1,0
1422,195,513,300,165,74,3,1,0
1423,195,513,300,165,74,3,1,0
1424,195,513,300,165,74,3,1,0
1425,195,513,300,165,74,3,1,0
1426,195,513,300,165,74,3,1,0
1427,195,513,300,165,74,3,1,0
1428,195,513,300,165,74,3,1,0
1429,195,513,300,165,74,3,1,0
1430,195,513,300,165,74,3,1,0
1431,195,513,300,165,74,3,1,0
1432,195,513,299,165,74,3,1,0
1433,195,513,299,165,74,3,1,0
1434,195,513,299,165,74,3,1,0
1435,195,513,300,165,74,3,1,0
1436,195,513,300,165,74,3,1,0
1437,195,513,299,165,74,3,1,0
1438,195,513,299,165,74,3,1,0
1439,195,513,299,165,74,3,1,0
1440,195,513,300,165,74,3,1,0
1441,195,513,300,165,74,3,1,0
1442,195,513,300,165,74,3,1,0
1443,195,513,300,165,74,3,1,0
1444,195,513,300,165,74,3,1,0
1445,195,513,300,165,74,3,1,0
1446,195,513,300,165,74,3,1,0
1447,195,513,300,165,74,3,1,0
1448,195,513,300,165,74,3,1,0
1449,195,513,300,166,74,3,1,0
1450,195,513,300,165,74,3,1,0
1451,195,513,300,165,74,3,1,0
1452,195,513,300,165,74,3,1,0
1453,195,513,300,165,74,3,1,0
1454,195,513,300,165,74,3,1,0
1455,195,513,300,165,74,3,1,0
1456,195,513,300,165,74,3,1,0
1457,195,513,300,165,74,3,1,0
1458,195,513,300,165,74,3,1,0
1459,195,513,300,165,74,3,1,0
1460,195,513,300,165,74,3,1,0
1461,195,513,299,164,74,3,1,0
1462,195,513,299,164,74,3,1,0
1463,195,513,300,165,74,3,1,0
1464,196,513,299,165,74,3,1,0
1465,196,513,299,165,74,3,1,0
1466,196,513,299,165,74,3,1,0
1467,196,513,299,165,74,3,1,0
1468,196,513,299,165,74,3,1,0
1469,196,513,299,165,74,3,1,0
1470,196,513,299,165,74,3,1,0
1471,196,513,299,165,74,3,1,0
1472,196,513,299,164,74,3,1,0
1473,196,513,299,164,74,3,1,0
1474,196,513,299,164,74,3,1,0
1475,196,513,299,164,74,3,1,0
1476,195,513,299,164,74,3,1,0
1477,195,513,299,164,74,3,1,0
1478,195,513,299,164,74,3,1,0
1479,195,513,299,164,74,3,1,0
1480,195,513,299,164,74,3,1,0
1481,195,513,299,164,74,3,1,0
1482,195,513,299,164,74,3,1,0
1483,195,513,299,164,74,3,1,0
1484,195,513,299,164,74,3,1,0
1485,195,513,299,164,74,3,1,0
1486,196,513,299,164,74,3,1,0
1487,196,513,299,164,74,3,1,0
1488,196,513,299,165,74,3,1,0
1489,196,513,299,165,74,3,1,0
1490,196,513,299,165,74,3,1,0
1491,196,513,299,165,74,3,1,0
1492,196,513,299,165,74,3,1,0
1493,196,513,299,165,74,3,1,0
1494,196,513,299,165,74,3,1,0
1495,196,513,299,165,74,3,1,0
1496,196,513,299,165,74,3,1,0
1497,196,513,299,165,74,3,1,0
1498,196,513,299,165,74,3,1,0
1499,196,513,299,165,74,3,1,0
1500,196,513,299,164,74,3,1,0
1501,196,513,299,165,74,3,1,0
1502,196,513,299,165,74,3,1,0
1503,196,513,299,165,74,3,1,0
1504,196,513,299,165,74,3,1,0
1505,196,513,299,165,74,3,1,0
1506,196,513,299,165,74,3,1,0
1507,196,513,299,165,74,3,1,0
1508,196,513,299,165,74,3,1,0
1509,196,513,299,165,74,3,1,0
1510,196,513,299,165,74,3,1,0
1511,196,513,299,165,74,3,1,0
1512,196,513,300,165,74,3,1,0
1513,196,513,300,165,74,3,1,0
1514,196,513,300,165,74,3,1,0
1515,195,513,300,165,74,3,1,0
1516,195,513,300,165,74,3,1,0
1517,196,513,300,165,74,3,1,0
1518,196,513,300,165,74,3,1,0
1519,196,513,299,165,74,3,1,0
1520,196,513,299,165,74,3,1,0
1521,196,513,300,165,74,3,1,0
1522,196,513,300,165,74,3,1,0
1523,196,513,300,165,74,3,1,0
1524,196,513,299,165,74,3,1,0
1525,196,513,299,165,74,3,1,0
1526,196,513,299,165,74,3,1,0
1527,196,513,299,165,74,3,1,0
1528,196,513,299,165,74,3,1,0
1529,196,513,299,165,74,3,1,0
1530,196,513,299,165,74,3,1,0
1531,196,513,299,165,74,3,1,0
1532,196,513,299,165,74,3,1,0
1533,196,513,299,165,74,3,1,0
1534,196,513,299,165,74,3,1,0
1535,196,513,299,165,74,3,1,0
1536,196,513,299,165,74,3,1,0
1537,196,513,299,165,74,3,1,0
1538,196,513,299,165,74,3,1,0
1539,196,513,299,165,74,3,1,0
1540,196,513,299,165,74,3,1,0
1541,196,513,299,165,74,3,1,0
1542,196,513,299,165,74,3,1,0
1543,196,513,299,165,74,3,1,0
1544,196,513,299,165,74,3,1,0
1545,196,513,299,165,74,3,1,0
1546,196,513,299,165,74,3,1,0
1547,196,513,299,165,74,3,1,0
1548,196,513,299,164,74,3,1,0
1549,196,513,299,164,74,3,1,0
1550,196,513,299,164,74,3,1,0
1551,196,513,299,165,74,3,1,0
1552,196,513,299,165,74,3,1,0
1553,196,513,299,165,74,3,1,0
1554,196,513,299,165,74,3,1,0
1555,196,513,299,165,74,3,1,0
1556,196,513,299,165,74,3,1,0
1557,196,513,299,165,74,3,1,0
1558,196,513,299,165,74,3,1,0
1559,196,513,299,166,74,3,1,0
1560,196,513,299,166,74,3,1,0
1561,196,513,299,166,74,3,1,0
1562,196,513,299,166,74,3,1,0
1563,196,513,299,165,74,3,1,0
1564,196,513,299,165,74,3,1,0
1565,196,513,299,165,74,3,1,0
1566,196,513,299,165,74,3,1,0
1567,196,513,299,165,74,3,1,0
1568,196,513,299,166,74,3,1,0
1569,196,513,299,166,74,3,1,0
1570,196,513,299,166,74,3,1,0
1571,196,513,299,166,74,3,1,0
1572,196,513,299,166,74,3,1,0
1573,196,513,299,166,74,3,1,0
1574,196,513,299,166,74,3,1,0
1575,196,513,299,166,74,3,1,0
1576,196,513,299,166,74,3,1,0
1577,196,513,299,166,74,3,1,0
1578,196,513,299,166,74,3,1,0
1579,196,513,299,166,74,3,1,0
1580,196,513,299,165,74,3,1,0
1581,196,513,299,165,74,3,1,0
1582,196,513,299,165,74,3,1,0
1583,196,513,299,166,74,3,1,0
1584,196,513,299,165,74,3,1,0
1585,196,513,299,166,74,3,1,0
1586,196,513,299,165,74,3,1,0
1587,196,513,299,165,74,3,1,0
1588,196,513,299,165,74,3,1,0
1589,196,513,299,165,74,3,1,0
1590,196,513,299,165,74,3,1,0
1591,196,513,299,165,74,3,1,0
1592,196,513,299,165,74,3,1,0
1593,196,513,299,165,74,3,1,0
1594,196,513,299,165,74,3,1,0
1595,195,513,299,165,74,3,1,0
1596,195,513,300,165,74,3,1,0
1597,195,513,300,165,74,3,1,0
1598,195,513,301,165,74,3,1,0
1599,195,513,301,165,74,3,1,0
1600,195,513,301,165,74,3,1,0
1601,195,513,301,165,74,3,1,0
1602,195,513,301,165,74,3,1,0
1603,195,513,301,165,74,3,1,0
1604,195,513,301,165,74,3,1,0
1605,195,513,301,165,74,3,1,0
1606,195,513,301,165,74,3,1,0
1607,195,513,301,165,74,3,1,0
1608,195,513,301,165,74,3,1,0
1609,195,513,301,165,74,3,1,0
1610,195,513,301,165,74,3,1,0
1611,195,513,301,165,74,3,1,0
1612,195,513,300,165,74,3,1,0
1613,195,513,300,165,74,3,1,0
1614,195,513,301,165,74,3,1,0
1615,195,513,301,165,74,3,1,0
1616,195,513,301,165,74,3,1,0
1617,195,513,301,165,74,3,1,0
1618,195,513,301,165,74,3,1,0
1619,195,513,301,165,74,3,1,0
1620,195,513,301,165,74,3,1,0
1621,195,513,301,165,74,3,1,0
1622,195,513,301,165,74,3,1,0
1623,195,513,301,165,74,3,1,0
1624,195,513,301,165,74,3,1,0
1625,195,513,301,165,74,3,1,0
1626,195,513,301,165,74,3,1,0
1627,195,513,301,165,74,3,1,0
1628,195,513,300,164,74,3,1,0
1629,195,513,300,164,74,3,1,0
1630,195,513,300,164,74,3,1,0
1631,195,513,300,165,74,3,1,0
1632,196,513,299,165,74,3,1,0
1633,196,513,300,165,74,3,1,0
1634,196,513,300,165,74,3,1,0
1635,196,513,300,164,74,3,1,0
1636,196,513,300,164,74,3,1,0
1637,196,513,300,164,74,3,1,0
1638,195,513,300,164,74,3,1,0
1639,195,513,299,164,74,3,1,0
1640,195,513,299,164,74,3,1,0
1641,195,513,299,164,74,3,1,0
1642,195,513,299,164,74,3,1,0
1643,195,513,299,164,74,3,1,0
1644,195,513,299,165,74,3,1,0
1645,195,513,299,165,74,3,1,0
1646,195,513,299,165,74,3,1,0
1647,195,513,299,164,74,3,1,0
1648,195,513,300,164,74,3,1,0
1649,196,513,300,165,74,3,1,0
1650,196,513,299,165,74,3,1,0
1651,196,513,299,165,74,3,1,0
1652,196,513,300,165,74,3,1,0
1653,195,513,300,165,74,3,1,0
1654,195,513,300,165,74,3,1,0
1655,196,513,300,165,74,3,1,0
1656,196,513,300,165,74,3,1,0
1657,196,513,300,165,74,3,1,0
1658,196,513,300,165,74,3,1,0
1659,196,513,300,165,74,3,1,0
1660,196,513,300,165,74,3,1,0
1661,196,513,300,165,74,3,1,0
1662,196,513,300,165,74,3,1,0
1663,196,513,300,165,74,3,1,0
1664,195,513,300,165,74,3,1,0
1665,195,513,300,165,74,3,1,0
1666,195,513,300,165,74,3,1,0
1667,195,513,300,164,74,3,1,0
1668,196,513,300,165,74,3,1,0
1669,195,513,301,165,74,3,1,0
1670,195,513,300,164,74,3,1,0
1671,196,513,300,164,74,3,1,0
1672,196,513,300,164,74,3,1,0
1673,195,513,300,164,74,3,1,0
1674,196,513,300,164,74,3,1,0
1675,196,513,300,164,74,3,1,0
1676,196,513,299,164,74,3,1,0
1677,195,513,300,164,74,3,1,0
1678,196,513,299,165,74,3,1,0
1679,196,513,299,165,74,3,1,0
1680,196,513,299,164,74,3,1,0
1681,196,513,299,165,74,3,1,0
1682,196,512,299,165,74,3,1,0
1683,196,513,299,164,74,3,1,0
1684,196,513,299,164,74,3,1,1
1685,196,513,299,163,74,3,1,3
1686,196,513,299,156,74,3,1,4
1687,196,513,299,156,74,3,1,5
1688,196,512,299,157,74,3,1,5
1689,196,512,300,158,74,3,1,4
1690,196,512,300,160,74,3,1,3
1691,196,513,300,161,74,3,1,3
1692,196,513,299,164,74,3,1,4
1693,196,513,299,164,74,3,1,4
1694,196,513,299,164,74,3,1,4
1695,196,513,299,164,74,3,1,3
1696,196,513,299,164,74,3,1,2
1697,196,513,299,165,74,3,1,1
1698,196,513,300,164,74,3,1,0
1699,195,513,300,165,74,3,1,0
1700,195,513,300,164,74,3,1,0
1701,195,513,300,165,74,3,1,0
1702,195,513,300,165,74,3,1,0
1703,195,513,300,165,74,3,1,0
1704,196,513,299,165,74,3,1,0
1705,196,513,299,165,74,3,1,0
1706,196,513,299,165,74,3,1,0
1707,196,513,299,165,74,3,1,0
1708,196,513,299,165,74,3,1,0
1709,196,513,299,165,74,3,1,0
1710,196,513,299,165,74,3,1,0
1711,196,513,299,165,74,3,1,0
1712,196,513,299,165,74,3,1,0
1713,196,513,299,165,74,3,1,0
1714,196,513,299,165,74,3,1,0
1715,196,513,299,165,74,3,1,0
1716,196,513,299,165,74,3,1,0
1717,196,513,299,165,74,3,1,0
1718,196,513,299,165,74,3,1,0
1719,196,513,299,165,74,3,1,0
1720,196,513,299,165,74,3,1,0
1721,196,513,299,165,74,3,1,0
1722,196,513,299,165,74,3,1,0
1723,196,513,299,165,74,3,1,0
1724,196,513,299,165,74,3,1,0
1725,196,513,300,165,74,3,1,0
1726,196,513,300,165,74,3,1,0
1727,196,513,300,165,74,3,1,0
1728,195,513,300,164,74,3,1,0
1729,195,513,300,164,74,3,1,0
1730,195,513,300,164,74,3,1,0
1731,195,513,300,164,74,3,1,0
1732,195,513,300,164,74,3,1,0
1733,195,513,300,164,74,3,1,0
1734,195,513,300,164,74,3,1,0
1735,195,513,300,164,74,3,1,0
1736,195,513,300,164,74,3,1,0
1737,195,513,300,164,74,3,1,0
1738,195,513,300,164,74,3,1,0
1739,195,513,300,164,74,3,1,0
1740,196,513,300,164,74,3,1,0
1741,196,513,300,164,74,3,1,0
1742,195,513,300,164,74,3,1,0
1743,195,513,300,164,74,3,1,0
1744,195,513,300,164,74,3,1,0
1745,195,513,300,164,74,3,1,0
1746,195,513,300,164,74,3,1,0
1747,195,513,300,164,74,3,1,0
1748,195,513,300,164,74,3,1,0
1749,195,513,300,164,74,3,1,0
1750,195,513,300,165,74,3,1,0
1751,195,513,300,165,74,3,1,0
1752,195,513,300,164,74,3,1,0
1753,195,513,300,165,74,3,1,0
1754,195,513,300,164,74,3,1,0
1755,195,513,300,165,74,3,1,0
1756,195,513,300,165,74,3,1,0
1757,195,513,300,164,74,3,1,0
1758,195,513,300,165,74,3,1,0
1759,195,513,300,165,74,3,1,0
1760,195,513,301,165,74,3,1,0
1761,195,513,300,165,74,3,1,0
1762,195,513,300,165,74,3,1,0
1763,195,513,300,165,74,3,1,0
1764,195,513,300,165,74,3,1,0
1765,195,513,300,165,74,3,1,0
1766,195,513,300,165,74,3,1,0
1767,195,513,300,165,74,3,1,0
1768,196,513,300,165,74,3,1,0
1769,196,513,300,165,74,3,1,0
1770,196,513,300,165,74,3,1,0
1771,196,513,300,165,74,3,1,0
1772,196,513,300,165,74,3,1,0
1773,196,513,299,165,74,3,1,0
1774,196,513,299,165,74,3,1,0
1775,196,513,299,165,74,3,1,0
1776,196,513,299,166,74,3,1,0
1777,196,513,299,166,74,3,1,0
1778,196,513,299,166,74,3,1,0
1779,196,513,299,166,74,3,1,0
1780,196,513,299,166,74,3,1,0
1781,196,513,299,166,74,3,1,0
1782,196,513,299,166,74,3,1,0
1783,196,513,299,165,74,3,1,0
1784,196,513,299,166,74,3,1,0
1785,196,513,299,165,74,3,1,0
1786,195,512,300,165,74,3,1,0
1787,195,513,300,165,74,3,1,0
1788,195,513,300,165,74,3,1,0
1789,195,513,300,165,74,3,1,0
1790,195,513,300,165,74,3,1,0
1791,195,513,300,165,74,3,1,0
1792,195,513,300,165,74,3,1,0
1793,195,513,300,165,74,3,1,0
1794,195,513,300,165,74,3,1,0
1795,195,513,300,165,74,3,1,0
1796,195,513,300,164,74,3,1,0
1797,195,513,300,165,74,3,1,0
1798,195,513,300,165,74,3,1,0
1799,195,513,300,164,74,3,1,0
1800,195,513,299,165,74,3,1,0
1801,195,513,299,165,74,3,1,0
1802,195,513,299,165,74,3,1,0
1803,195,513,299,165,74,3,1,0
1804,195,513,299,165,74,3,1,0
1805,195,513,299,165,74,3,1,0
1806,195,513,299,165,74,3,1,0
1807,195,513,299,165,74,3,1,0
1808,195,513,299,165,74,3,1,0
1809,195,513,300,165,74,3,1,0
1810,195,513,300,165,74,3,1,0
1811,195,513,300,165,74,3,1,0
1812,195,513,300,165,74,3,1,0
1813,195,513,300,165,74,3,1,0
1814,195,513,300,165,74,3,1,0
1815,195,513,300,165,74,3,1,0
1816,196,513,299,165,74,3,1,0
1817,196,513,299,165,74,3,1,0
1818,196,513,299,165,74,3,1,0
1819,196,513,299,165,74,3,1,0
1820,196,513,299,165,74,3,1,0
1821,196,513,299,165,74,3,1,0
1822,196,513,299,165,74,3,1,0
1823,195,513,300,165,74,3,1,0
1824,196,513,299,166,74,3,1,0
1825,196,513,299,166,74,3,1,0
1826,195,513,300,165,74,3,1,0
1827,195,513,300,166,74,3,1,0
1828,195,513,300,166,74,3,1,0
1829,195,513,300,166,74,3,1,0
1830,195,513,300,166,74,3,1,0
1831,195,513,300,166,74,3,1,0
1832,195,513,300,166,74,3,1,0
1833,195,513,300,166,74,3,1,0
1834,195,513,300,166,74,3,1,0
1835,195,513,300,166,74,3,1,0
1836,195,513,300,166,74,3,1,0
1837,195,513,301,166,74,3,1,0
1838,195,513,301,166,74,3,1,0
1839,195,513,301,166,74,3,1,0
1840,195,513,301,165,74,3,1,0
1841,195,513,301,166,74,3,1,0
1842,195,513,300,166,74,3,1,0
1843,195,513,300,166,74,3,1,0
1844,195,513,300,166,74,3,1,0
1845,195,513,300,166,74,3,1,0
1846,196,513,300,164,74,3,1,0
1847,196,513,300,164,74,3,1,0
1848,195,513,299,165,74,3,1,0
1849,195,513,299,165,74,3,1,0
1850,195,513,299,165,74,3,1,0
1851,195,513,299,165,74,3,1,0
1852,195,513,299,165,74,3,1,0
1853,195,513,300,165,74,3,1,0
1854,195,513,300,165,74,3,1,0
1855,195,513,300,165,74,3,1,0
1856,195,513,300,165,74,3,1,0
1857,195,513,300,165,74,3,1,0
1858,195,513,300,165,74,3,1,0
1859,195,513,300,165,74,3,1,0
1860,196,513,299,165,74,3,1,0
1861,196,513,299,165,74,3,1,0
1862,196,513,299,165,74,3,1,0
1863,196,513,299,165,74,3,1,0
1864,196,513,299,165,74,3,1,0
1865,196,513,299,165,74,3,1,0
1866,196,513,299,165,74,3,1,0
1867,196,513,299,165,74,3,1,0
1868,196,513,299,165,74,3,1,0
1869,196,513,300,165,74,3,1,0
1870,196,513,299,165,74,3,1,0
1871,196,513,300,165,74,3,1,0
1872,196,513,300,165,74,3,1,0
1873,196,513,300,165,74,3,1,0
1874,196,513,300,165,74,3,1,0
1875,196,513,300,165,74,3,1,0
1876,196,513,299,165,74,3,1,0
1877,195,513,299,165,74,3,1,0
1878,196,513,300,165,74,3,1,0
1879,196,513,300,165,74,3,1,0
1880,196,513,300,165,74,3,1,0
1881,196,513,300,165,74,3,1,0
1882,196,513,300,165,74,3,1,0
1883,196,513,300,165,74,3,1,0
1884,195,513,300,165,74,3,1,0
1885,195,513,300,166,74,3,1,0
1886,196,513,300,165,74,3,1,0
1887,196,513,299,165,74,3,1,0
1888,196,513,300,165,74,3,1,0
1889,196,513,299,165,74,3,1,0
1890,196,513,299,165,74,3,1,0
1891,196,513,299,165,74,3,1,0
1892,196,513,299,165,74,3,1,0
1893,196,513,299,165,74,3,1,0
1894,196,513,299,165,74,3,1,0
1895,197,513,298,164,74,3,1,0
1896,198,513,297,164,74,3,1,0
1897,200,513,295,164,74,3,1,0
1898,198,513,297,165,74,3,1,0
1899,199,513,297,165,74,3,1,0
1900,199,513,297,165,74,3,1,0
1901,199,513,296,165,74,3,1,0
1902,200,513,295,166,74,3,1,0
1903,199,513,296,166,74,3,1,1
1908,199,513,296,155,74,3,1,3
1909,199,513,297,150,74,3,1,6
1910,197,512,298,147,74,3,1,8
1911,196,512,301,143,74,3,1,9
1912,194,513,301,137,74,3,1,11
1913,195,513,300,137,74,3,1,10
1914,195,513,300,140,74,3,1,8
1915,195,513,302,142,74,3,1,5
1916,196,513,299,141,74,3,1,4
1917,196,514,300,141,74,3,1,3
1918,196,513,300,142,74,3,1,4
1919,196,513,300,142,74,3,1,4
1920,196,513,307,145,74,3,1,4
1921,196,513,310,147,74,3,1,3
1922,196,513,312,148,74,3,1,3
1923,196,513,311,147,74,3,1,3
1924,196,513,308,146,74,3,1,2
1925,196,513,307,146,74,3,1,1
1926,195,513,304,145,74,3,1,1
1927,196,513,302,145,74,3,1,0
1928,196,513,302,144,74,3,1,0
1929,196,513,303,145,74,3,1,0
1930,196,513,303,146,74,3,1,0
1931,196,513,300,144,74,3,1,1
1932,196,513,300,146,74,3,1,2
1933,196,513,300,148,74,3,1,3
1934,196,513,302,150,74,3,1,4
1935,196,513,305,150,74,3,1,5
1936,196,513,303,153,74,3,1,5
1937,196,513,304,153,74,3,1,5
1938,196,513,302,154,74,3,1,6
1939,196,513,301,158,74,3,1,7
1940,196,513,301,161,74,3,1,7
1941,196,513,301,164,74,3,1,7
1942,196,513,300,165,74,3,1,7
1943,196,513,301,165,74,3,1,7
1944,195,513,300,165,74,3,1,6
1945,195,513,300,165,74,3,1,4
1946,195,513,300,165,74,3,1,3
1947,195,513,300,166,74,3,1,2
1948,195,513,300,166,74,3,1,1
1949,196,513,299,166,74,3,1,0
1950,196,513,299,166,74,3,1,0
1951,195,513,300,166,74,3,1,0
1952,195,513,299,166,74,3,1,0
1953,195,513,299,165,74,3,1,0
1954,196,513,299,165,74,3,1,0
1955,196,513,299,166,74,3,1,0
1956,196,513,299,166,74,3,1,0
1957,196,513,299,166,74,3,1,0
1958,196,512,299,166,74,3,1,0
1959,196,513,299,166,74,3,1,0
1960,195,513,300,165,74,3,1,0
1961,196,513,300,165,74,3,1,0
1962,196,513,299,165,74,3,1,0
1963,196,513,299,166,74,3,1,0
1964,196,512,299,166,74,3,1,0
1965,196,512,299,166,74,3,1,0
1966,196,513,299,165,74,3,1,0
1967,196,513,299,165,74,3,1,0
1968,195,513,300,165,74,3,1,0
1969,195,513,299,165,74,3,1,0
1970,195,513,299,164,74,3,1,0
1971,195,513,299,164,74,3,1,0
1972,196,514,299,165,74,3,1,0
1973,196,514,299,165,74,3,1,0
1974,196,514,299,165,74,3,1,0
1975,195,514,299,164,74,3,1,0
1976,196,514,299,164,74,3,1,0
1977,196,514,299,164,74,3,1,0
1978,196,514,299,164,74,3,1,0
1979,196,514,299,164,74,3,1,0
1980,196,514,299,165,74,3,1,0
1981,196,514,299,165,74,3,1,0
1982,196,514,299,165,74,3,1,0
1983,196,514,299,165,74,3,1,0
1984,196,514,299,165,74,3,1,0
1985,196,514,299,164,74,3,1,0
1986,196,513,299,165,74,3,1,0
1987,196,513,299,165,74,3,1,0
1988,196,513,299,165,74,3,1,0
1989,196,514,299,165,74,3,1,0
1990,196,513,299,165,74,3,1,0
1991,196,513,299,165,74,3,1,0
1992,195,513,299,165,74,3,1,0
1993,195,513,299,165,74,3,1,0
1994,195,513,299,165,74,3,1,0
1995,195,513,299,165,74,3,1,0
1996,196,513,299,165,74,3,1,0
1997,196,513,299,165,74,3,1,0
1998,196,513,299,165,74,3,1,0
1999,196,513,299,165,74,3,1,0
2000,196,513,299,165,74,3,1,0
2001,196,513,299,165,74,3,1,0
2002,196,513,299,165,74,3,1,0
2003,196,513,299,165,74,3,1,0
2004,196,513,300,165,74,3,1,0
2005,196,513,300,165,74,3,1,0
2006,196,513,299,165,74,3,1,0
2007,196,513,299,165,74,3,1,0
2008,196,513,299,165,74,3,1,0
2009,196,513,299,165,74,3,1,0
2010,196,513,299,165,74,3,1,0
2011,196,513,299,165,74,3,1,0
2012,196,513,299,165,74,3,1,0
2013,196,513,299,164,74,3,1,0
2014,196,513,299,164,74,3,1,0
2015,196,513,299,165,74,3,1,0
2016,196,513,298,165,74,3,1,0
2017,196,513,298,165,74,3,1,0
2018,196,513,298,165,74,3,1,0
2019,196,513,298,165,74,3,1,0
2020,196,513,298,165,74,3,1,0
2021,196,513,298,165,74,3,1,0
2022,196,513,299,165,74,3,1,0
2023,196,513,299,165,74,3,1,0
2024,196,513,299,165,74,3,1,0
2025,196,513,298,165,74,3,1,0
2026,196,513,298,166,74,3,1,0
2027,196,513,298,166,74,3,1,0
2028,196,513,299,166,74,3,1,0
2029,196,513,299,166,74,3,1,0
2030,196,513,299,166,74,3,1,0
2031,196,513,299,166,74,3,1,0
2032,196,513,299,166,74,3,1,0
2033,196,513,299,166,74,3,1,0
2034,196,513,299,166,74,3,1,0
2035,196,513,299,166,74,3,1,0
2036,195,513,300,166,74,3,1,0
2037,195,513,300,166,74,3,1,0
2038,195,513,300,166,74,3,1,0
2039,195,513,300,166,74,3,1,0
2040,195,513,299,165,74,3,1,0
2041,195,513,299,165,74,3,1,0
2042,195,513,299,165,74,3,1,0
2043,195,513,299,165,74,3,1,0
2044,195,513,299,165,74,3,1,0
2045,195,513,299,165,74,3,1,0
2046,195,513,300,165,74,3,1,0
2047,195,513,300,165,74,3,1,0
2048,195,513,300,165,74,3,1,0
2049,195,513,300,165,74,3,1,0
2050,195,513,300,165,74,3,1,0
2051,195,513,300,165,74,3,1,0
2052,195,513,300,165,74,3,1,0
2053,195,513,300,165,74,3,1,0
2054,196,513,300,165,74,3,1,0
2055,196,513,300,165,74,3,1,0
2056,196,514,299,165,74,3,1,0
2057,196,514,299,165,74,3,1,0
2058,196,514,299,165,74,3,1,0
2059,196,514,299,165,74,3,1,0
2060,196,514,299,165,74,3,1,0
2061,196,514,299,165,74,3,1,0
2062,196,514,299,165,74,3,1,0
2063,196,514,299,165,74,3,1,0
2064,196,514,299,164,74,3,1,0
2065,196,514,299,164,74,3,1,0
2066,196,513,300,164,74,3,1,0
2067,196,513,300,164,74,3,1,0
2068,196,513,300,164,74,3,1,0
2069,196,513,300,164,74,3,1,0
2070,196,513,300,164,74,3,1,0
2071,196,513,300,164,74,3,1,0
2072,196,513,300,164,74,3,1,0
2073,196,513,300,164,74,3,1,0
2074,196,513,300,164,74,3,1,0
2075,196,513,300,164,74,3,1,0
2076,196,513,299,165,74,3,1,0
2077,196,513,299,165,74,3,1,0
2078,196,513,299,165,74,3,1,0
2079,196,513,299,165,74,3,1,0
2080,196,513,299,165,74,3,1,0
2081,196,513,299,165,74,3,1,0
2082,196,514,299,165,74,3,1,0
2083,196,513,299,165,74,3,1,0
2084,196,513,299,165,74,3,1,0
2085,196,513,299,165,74,3,1,0
2086,196,513,299,165,74,3,1,0
2087,196,513,299,165,74,3,1,0
2088,196,513,298,165,74,3,1,0
2089,196,513,298,165,74,3,1,0
2090,196,513,298,165,74,3,1,0
2091,196,513,298,165,74,3,1,0
2092,196,513,298,165,74,3,1,0
2093,196,513,298,165,74,3,1,0
2094,196,513,298,166,74,3,1,0
2095,196,513,299,166,74,3,1,0
2096,196,513,299,166,74,3,1,0
2097,196,513,298,166,74,3,1,0
2098,196,513,299,165,74,3,1,0
2099,196,513,299,165,74,3,1,0
2100,196,513,299,164,74,3,1,0
2101,196,513,299,164,74,3,1,0
2102,196,513,299,164,74,3,1,0
2103,196,513,299,164,74,3,1,0
2104,196,513,299,164,74,3,1,0
2105,196,513,299,164,74,3,1,0
2106,196,513,299,164,74,3,1,0
2107,196,513,299,164,74,3,1,0
2108,196,513,299,164,74,3,1,0
2109,196,513,299,164,74,3,1,0
2110,196,513,299,164,74,3,1,0
2111,196,513,299,164,74,3,1,0
2112,196,514,299,165,74,3,1,0
2113,196,514,299,165,74,3,1,0
2114,196,514,299,165,74,3,1,0
2115,196,514,299,165,74,3,1,0
2116,196,514,299,165,74,3,1,0
2117,196,514,299,165,74,3,1,0
2118,196,514,299,165,74,3,1,0
2119,196,514,299,165,74,3,1,0
2120,196,513,299,165,74,3,1,0
2121,196,513,299,166,74,3,1,0
2122,196,513,299,166,74,3,1,0
2123,196,513,299,166,74,3,1,0
2124,196,513,299,166,74,3,1,0
2125,196,513,299,166,74,3,1,0
2126,196,513,299,165,74,3,1,0
2127,196,513,299,165,74,3,1,0
2128,196,513,298,165,74,3,1,0
2129,196,513,298,165,74,3,1,0
2130,196,513,298,165,74,3,1,0
2131,196,513,298,165,74,3,1,0
2132,196,513,298,165,74,3,1,0
2133,196,513,298,165,74,3,1,0
2134,196,513,298,165,74,3,1,0
2135,196,513,298,165,74,3,1,0
2136,196,513,298,165,74,3,1,0
2137,196,513,298,165,74,3,1,0
2138,197,513,298,165,74,3,1,0
2139,196,513,298,165,74,3,1,0
2140,196,513,298,165,74,3,1,0
2141,196,513,298,165,74,3,1,0
2142,196,513,298,165,74,3,1,0
2143,196,513,298,165,74,3,1,0
2144,196,513,298,165,74,3,1,0
2145,196,513,298,165,74,3,1,0
2146,196,513,298,165,74,3,1,0
2147,196,513,298,165,74,3,1,0
2148,196,513,299,165,74,3,1,0
2149,196,513,299,165,74,3,1,0
2150,196,513,299,165,74,3,1,0
2151,196,513,299,165,74,3,1,0
2152,196,513,298,165,74,3,1,0
2153,196,513,298,165,74,3,1,0
2154,196,513,298,165,74,3,1,0
2155,196,513,298,165,74,3,1,0
2156,196,513,298,165,74,3,1,0
2157,196,513,298,165,74,3,1,0
2158,196,513,298,165,74,3,1,0
2159,196,513,298,165,74,3,1,0
2160,196,513,298,165,74,3,1,0
2161,196,513,298,165,74,3,1,0
2162,196,513,299,165,74,3,1,0
2163,196,513,299,165,74,3,1,0
2164,196,513,298,165,74,3,1,0
2165,196,513,299,165,74,3,1,0
2166,196,513,299,165,74,3,1,0
2167,196,513,299,165,74,3,1,0
2168,196,513,299,165,74,3,1,0
2169,196,513,299,165,74,3,1,0
2170,196,513,299,165,74,3,1,0
2171,196,513,299,165,74,3,1,0
2172,196,513,299,165,74,3,1,0
2173,196,513,299,165,74,3,1,0
2174,196,513,299,165,74,3,1,0
2175,196,513,299,165,74,3,1,0
2176,196,513,299,165,74,3,1,0
2177,196,513,299,165,74,3,1,0
2178,196,513,299,165,74,3,1,0
2179,195,513,299,165,74,3,1,0
2180,195,513,299,165,74,3,1,0
2181,196,513,299,165,74,3,1,0
2182,196,513,300,165,74,3,1,0
2183,196,513,300,165,74,3,1,0
2184,196,513,299,165,74,3,1,0
2185,196,513,299,165,74,3,1,0
2186,196,513,299,165,74,3,1,0
2187,196,513,299,166,74,3,1,0
2188,196,513,299,166,74,3,1,0
2189,196,513,299,166,74,3,1,0
2190,196,513,300,166,74,3,1,0
2191,196,513,300,166,74,3,1,0
2192,196,513,300,166,74,3,1,0
2193,196,513,300,167,74,3,1,0
2194,196,513,299,167,74,3,1,0
2195,196,513,299,167,74,3,1,0
2196,196,513,299,166,74,3,1,0
2197,196,513,299,166,74,3,1,0
2198,196,513,299,166,74,3,1,0
2199,196,513,299,165,74,3,1,0
2200,196,513,299,165,74,3,1,0
2201,196,513,299,165,74,3,1,0
2202,196,513,299,165,74,3,1,0
2203,196,513,299,165,74,3,1,0
2204,196,513,299,165,74,3,1,0
2205,196,513,299,165,74,3,1,0
2206,196,513,299,165,74,3,1,0
2207,196,513,299,165,74,3,1,0
2208,196,513,299,165,74,3,1,0
2209,196,513,299,165,74,3,1,0
2210,196,513,299,165,74,3,1,0
2211,196,513,299,165,74,3,1,0
2212,196,513,299,165,74,3,1,0
2213,196,513,299,165,74,3,1,0
2214,196,513,299,165,74,3,1,0
2215,196,513,299,165,74,3,1,0
2216,196,513,299,165,74,3,1,0
2217,196,513,299,165,74,3,1,0
2218,196,513,299,165,74,3,1,0
2219,196,513,299,165,74,3,1,0
2220,196,513,300,164,74,3,1,0
2221,196,514,300,164,74,3,1,0
2222,196,513,300,164,74,3,1,0
2223,196,514,300,164,74,3,1,0
2224,196,514,300,164,74,3,1,0
2225,196,514,300,164,74,3,1,0
2226,196,514,300,164,74,3,1,0
2227,196,513,300,164,74,3,1,0
2228,196,513,299,165,74,3,1,0
2229,196,514,299,165,74,3,1,0
2230,196,513,299,165,74,3,1,0
2231,196,513,299,165,74,3,1,0
2232,196,514,299,165,74,3,1,0
2233,196,514,299,165,74,3,1,0
2234,196,514,299,165,74,3,1,0
2235,196,514,299,165,74,3,1,0
2236,196,514,299,165,74,3,1,0
2237,196,514,299,165,74,3,1,0
2238,196,514,299,165,74,3,1,0
2239,196,513,299,165,74,3,1,0
2240,196,513,299,166,74,3,1,0
2241,196,513,299,166,74,3,1,0
2242,196,513,299,165,74,3,1,0
2243,196,513,299,165,74,3,1,0
2244,196,513,299,165,74,3,1,0
2245,196,513,299,165,74,3,1,0
2246,196,513,299,165,74,3,1,0
2247,196,513,299,165,74,3,1,0
2248,196,513,299,165,74,3,1,0
2249,196,514,299,165,74,3,1,0
2250,196,514,299,165,74,3,1,0
2251,196,514,299,165,74,3,1,0
2252,196,514,299,165,74,3,1,0
2253,196,514,299,165,74,3,1,0
2254,196,514,299,165,74,3,1,0
2255,196,514,299,165,74,3,1,0
2256,196,514,299,165,74,3,1,0
2257,196,514,299,165,74,3,1,0
2258,196,514,299,165,74,3,1,0
2259,197,513,298,165,74,3,1,0
2260,197,513,298,165,74,3,1,0
2261,197,513,298,165,74,3,1,0
2262,197,514,298,165,74,3,1,0
2263,197,514,298,165,74,3,1,0
2264,197,514,298,165,74,3,1,0
2265,197,514,298,165,74,3,1,0
2266,197,514,298,165,74,3,1,0
2267,197,514,298,165,74,3,1,0
2268,197,514,298,164,74,3,1,0
2269,196,514,299,165,74,3,1,0
2270,196,514,299,165,74,3,1,0
2271,196,514,299,165,74,3,1,0
2272,196,514,299,165,74,3,1,0
2273,196,514,299,165,74,3,1,0
2274,196,514,299,165,74,3,1,0
2275,196,514,299,165,74,3,1,0
2276,196,514,299,165,74,3,1,0
2277,196,514,299,165,74,3,1,0
2278,197,514,299,165,74,3,1,0
0,1470,845,72,51,75,6,1,5
1,1470,845,72,52,75,6,1,4
2,1470,845,72,51,75,6,1,5
3,1470,845,72,52,75,6,1,6
4,1470,845,73,51,75,6,1,8
5,1470,845,73,51,75,6,1,7
6,1470,845,73,51,75,6,1,7
7,1470,845,73,51,75,6,1,6
8,1470,845,73,51,75,6,1,5
9,1470,845,73,51,75,6,1,4
10,1470,845,72,51,75,6,1,4
11,1470,845,72,51,75,6,1,3
12,1470,846,72,51,75,6,1,4
13,1470,845,72,51,75,6,1,4
14,1470,846,72,51,75,6,1,4
15,1470,846,72,51,75,6,1,4
16,1470,846,72,51,75,6,1,2
17,1470,846,72,51,75,6,1,3
18,1470,846,72,51,75,6,1,2
19,1470,846,72,51,75,6,1,2
20,1470,846,72,51,75,6,1,0
21,1470,846,72,51,75,6,1,0
22,1470,846,72,51,75,6,1,0
23,1470,846,72,51,75,6,1,1
24,1470,845,73,51,75,6,1,2
25,1470,845,73,51,75,6,1,3
26,1470,845,73,51,75,6,1,3
27,1470,845,73,51,75,6,1,3
28,1470,845,73,51,75,6,1,2
29,1470,845,73,51,75,6,1,1
30,1470,845,72,51,75,6,1,0
31,1470,845,72,51,75,6,1,0
32,1470,845,73,51,75,6,1,1
33,1470,845,72,51,75,6,1,2
34,1470,846,72,51,75,6,1,3
35,1470,846,72,51,75,6,1,2
36,1470,846,72,51,75,6,1,1
37,1470,846,72,51,75,6,1,1
38,1470,846,72,51,75,6,1,1
39,1470,846,72,51,75,6,1,3
40,1470,846,72,51,75,6,1,3
41,1470,845,72,51,75,6,1,3
42,1470,845,72,52,75,6,1,1
43,1470,845,72,52,75,6,1,1
44,1470,845,72,52,75,6,1,0
45,1470,845,72,52,75,6,1,0
46,1470,845,72,52,75,6,1,0
47,1471,845,72,52,75,6,1,0
48,1471,846,71,51,75,6,1,0
49,1472,846,71,52,75,6,1,1
50,1471,846,71,52,75,6,1,1
51,1471,845,71,52,75,6,1,1
52,1471,845,71,52,75,6,1,1
53,1471,845,71,52,75,6,1,1
54,1471,845,71,52,75,6,1,1
55,1471,846,71,51,75,6,1,1
56,1471,846,71,51,75,6,1,2
57,1471,846,71,51,75,6,1,2
58,1471,846,71,51,75,6,1,2
59,1471,846,71,51,75,6,1,2
60,1471,845,71,52,75,6,1,2
61,1471,845,71,52,75,6,1,3
62,1471,846,71,50,75,6,1,4
63,1471,846,71,50,75,6,1,4
64,1471,846,71,50,75,6,1,4
65,1471,846,71,50,75,6,1,3
66,1471,846,71,50,75,6,1,2
67,1472,846,71,51,75,6,1,1
68,1472,846,71,51,75,6,1,1
69,1472,846,71,51,75,6,1,0
70,1472,846,71,50,75,6,1,4
71,1471,846,71,50,75,6,1,6
72,1470,847,72,46,75,6,1,8
73,1470,847,72,48,75,6,1,8
74,1470,847,72,48,75,6,1,9
75,1470,847,72,47,75,6,1,10
76,1470,847,72,47,75,6,1,10
77,1470,847,72,46,75,6,1,8
78,1470,847,72,47,75,6,1,6
79,1470,847,72,47,75,6,1,4
80,1471,847,72,47,75,6,1,3
81,1471,847,72,48,75,6,1,2
82,1471,846,72,48,75,6,1,5
83,1471,846,72,47,75,6,1,8
84,1472,847,70,45,75,6,1,13
85,1471,847,70,45,75,6,1,13
86,1472,847,70,45,75,6,1,10
87,1471,848,70,45,75,6,1,6
88,1471,848,70,45,75,6,1,6
89,1471,848,70,45,75,6,1,7
90,1471,848,71,46,75,6,1,9
91,1471,848,71,46,75,6,1,8
92,1471,848,71,46,75,6,1,6
93,1471,848,71,46,75,6,1,4
94,1471,847,71,47,75,6,1,6
95,1471,847,71,47,75,6,1,7
96,1471,847,70,45,75,6,1,12
97,1471,847,70,45,75,6,1,11
98,1471,847,70,45,75,6,1,11
99,1471,847,70,45,75,6,1,8
100,1471,847,71,46,75,6,1,7
101,1471,847,71,46,75,6,1,8
102,1471,847,71,46,75,6,1,8
103,1471,847,71,46,75,6,1,7
104,1471,847,71,46,75,6,1,6
105,1471,847,71,46,75,6,1,6
106,1471,847,71,47,75,6,1,8
107,1471,847,72,48,75,6,1,10
108,1471,848,72,46,75,6,1,10
109,1471,848,72,46,75,6,1,10
110,1471,848,72,46,75,6,1,8
111,1471,848,72,46,75,6,1,6
112,1471,848,72,46,75,6,1,3
113,1471,848,72,46,75,6,1,2
114,1470,848,72,46,75,6,1,1
115,1471,848,72,46,75,6,1,0
116,1471,848,72,46,75,6,1,0
117,1471,848,72,46,75,6,1,0
118,1471,848,72,46,75,6,1,2
119,1471,848,72,46,75,6,1,3
120,1470,847,72,46,75,6,1,5
121,1470,847,72,46,75,6,1,6
122,1471,847,71,46,75,6,1,6
123,1470,846,71,46,75,6,1,6
124,1470,846,71,46,75,6,1,6
125,1470,846,71,46,75,6,1,6
126,1470,846,71,46,75,6,1,5
127,1470,846,71,46,75,6,1,4
128,1470,846,71,46,75,6,1,2
129,1470,846,71,46,75,6,1,1
130,1470,846,71,46,75,6,1,3
131,1470,846,71,46,75,6,1,6
132,1470,846,70,44,75,6,1,8
133,1470,846,70,44,75,6,1,7
134,1470,847,71,44,75,6,1,5
135,1470,847,71,44,75,6,1,6
136,1470,847,71,44,75,6,1,5
137,1470,846,70,44,75,6,1,4
138,1470,846,70,44,75,6,1,2
139,1470,846,71,44,75,6,1,2
140,1470,846,71,45,75,6,1,2
141,1470,846,70,45,75,6,1,4
142,1470,847,71,45,75,6,1,7
143,1470,847,71,45,75,6,1,10
144,1470,846,71,47,75,6,1,12
145,1470,846,71,47,75,6,1,13
146,1470,846,71,47,75,6,1,13
147,1470,846,71,47,75,6,1,13
148,1471,847,71,47,75,6,1,10
149,1471,847,71,47,75,6,1,9
150,1470,847,72,46,75,6,1,5
151,1470,847,71,47,75,6,1,5
152,1470,847,71,47,75,6,1,3
153,1470,847,71,46,75,6,1,2
154,1470,847,72,47,75,6,1,2
155,1470,847,72,47,75,6,1,1
156,1471,847,71,47,75,6,1,1
157,1471,847,71,47,75,6,1,2
158,1470,847,72,47,75,6,1,2
159,1471,847,71,48,75,6,1,2
160,1471,847,71,47,75,6,1,1
161,1471,847,71,47,75,6,1,1
162,1470,847,71,47,75,6,1,1
163,1470,847,71,47,75,6,1,2
164,1470,847,71,47,75,6,1,1
165,1470,847,71,47,75,6,1,1
166,1470,847,71,47,75,6,1,0
167,1470,847,71,47,75,6,1,0
168,1471,847,71,47,75,6,1,0
169,1471,847,71,46,75,6,1,0
170,1471,847,70,47,75,6,1,0
171,1471,847,70,47,75,6,1,1
172,1471,847,70,46,75,6,1,3
173,1471,847,70,45,75,6,1,6
174,1471,847,70,45,75,6,1,7
175,1471,847,70,45,75,6,1,7
176,1471,847,70,45,75,6,1,7
177,1471,847,70,45,75,6,1,6
178,1471,847,70,45,75,6,1,5
179,1471,847,70,45,75,6,1,5
180,1471,847,70,47,75,6,1,6
181,1471,847,70,46,75,6,1,6
182,1471,847,70,46,75,6,1,6
183,1471,847,70,46,75,6,1,6
184,1471,847,70,46,75,6,1,5
185,1471,847,70,46,75,6,1,3
186,1471,847,70,46,75,6,1,1
187,1471,847,70,46,75,6,1,2
188,1471,847,70,47,75,6,1,3
189,1471,846,72,47,75,6,1,6
190,1470,846,72,47,75,6,1,9
191,1470,846,73,46,75,6,1,14
192,1471,846,72,46,75,6,1,16
193,1471,846,72,46,75,6,1,14
194,1471,846,72,46,75,6,1,12
195,1471,846,72,46,75,6,1,8
196,1471,846,72,46,75,6,1,6
197,1471,846,72,46,75,6,1,5
198,1471,846,72,46,75,6,1,5
199,1470,845,72,48,75,6,1,7
200,1470,845,72,48,75,6,1,7
201,1470,845,72,48,75,6,1,8
202,1470,845,72,48,75,6,1,11
203,1470,846,72,48,75,6,1,13
204,1470,846,73,49,75,6,1,14
205,1470,846,73,49,75,6,1,13
206,1470,846,73,49,75,6,1,13
207,1470,846,73,49,75,6,1,12
208,1470,846,73,49,75,6,1,9
209,1470,846,73,49,75,6,1,6
210,1470,846,73,49,75,6,1,3
211,1470,846,73,49,75,6,1,1
212,1470,846,73,49,75,6,1,1
213,1470,846,73,49,75,6,1,0
214,1470,846,73,49,75,6,1,0
215,1470,846,73,49,75,6,1,0
216,1470,846,73,49,75,6,1,0
217,1470,846,73,49,75,6,1,0
218,1470,846,73,49,75,6,1,0
219,1470,846,73,49,75,6,1,0
220,1470,846,73,49,75,6,1,0
221,1470,846,73,49,75,6,1,0
222,1470,846,73,49,75,6,1,0
223,1470,846,73,49,75,6,1,0
224,1470,846,73,49,75,6,1,0
225,1470,846,73,49,75,6,1,0
226,1470,846,73,49,75,6,1,0
227,1470,846,72,49,75,6,1,0
228,1470,846,73,49,75,6,1,1
229,1469,846,73,48,75,6,1,2
230,1469,846,73,48,75,6,1,2
231,1470,846,72,48,75,6,1,3
232,1470,846,72,48,75,6,1,4
233,1470,846,73,48,75,6,1,3
234,1470,846,73,48,75,6,1,2
235,1470,846,73,48,75,6,1,1
236,1470,846,73,48,75,6,1,1
237,1470,846,72,48,75,6,1,0
238,1470,846,72,48,75,6,1,0
239,1470,846,72,48,75,6,1,0
240,1469,846,73,48,75,6,1,0
241,1469,846,73,48,75,6,1,1
242,1469,846,73,48,75,6,1,1
243,1469,846,73,48,75,6,1,1
244,1469,846,73,48,75,6,1,1
245,1469,847,73,48,75,6,1,1
246,1470,846,73,48,75,6,1,1
247,1470,846,73,48,75,6,1,6
248,1469,847,73,48,75,6,1,9
249,1471,847,72,49,75,6,1,10
250,1471,847,72,49,75,6,1,10
251,1471,846,72,49,75,6,1,13
252,1471,847,73,49,75,6,1,15
253,1471,847,73,49,75,6,1,11
254,1471,847,73,49,75,6,1,6
255,1471,847,73,49,75,6,1,4
256,1471,847,73,49,75,6,1,4
257,1471,847,73,49,75,6,1,4
258,1471,847,73,50,75,6,1,3
259,1471,847,73,50,75,6,1,3
260,1471,847,73,50,75,6,1,4
261,1471,847,72,50,75,6,1,4
262,1471,847,72,50,75,6,1,5
263,1471,847,72,50,75,6,1,4
264,1470,847,73,50,75,6,1,2
265,1470,847,73,50,75,6,1,1
266,1470,847,73,50,75,6,1,1
267,1470,847,73,50,75,6,1,1
268,1470,847,73,49,75,6,1,1
269,1470,847,73,50,75,6,1,1
270,1470,847,73,49,75,6,1,2
271,1470,847,73,49,75,6,1,2
272,1471,847,72,49,75,6,1,3
273,1470,847,73,49,75,6,1,2
274,1470,847,73,49,75,6,1,2
275,1470,847,73,49,75,6,1,2
276,1470,848,73,49,75,6,1,4
277,1470,848,73,49,75,6,1,4
278,1470,848,73,49,75,6,1,4
279,1470,847,73,49,75,6,1,3
280,1471,847,72,49,75,6,1,3
281,1470,847,73,49,75,6,1,6
282,1470,847,73,49,75,6,1,9
283,1470,847,73,49,75,6,1,10
284,1470,847,73,49,75,6,1,7
285,1470,848,73,49,75,6,1,4
286,1470,847,73,49,75,6,1,2
287,1470,847,73,50,75,6,1,3
288,1470,847,73,50,75,6,1,4
289,1470,847,73,50,75,6,1,4
290,1470,847,73,50,75,6,1,3
291,1470,847,73,50,75,6,1,3
292,1470,847,73,50,75,6,1,2
293,1470,847,73,50,75,6,1,2
294,1470,847,73,50,75,6,1,1
295,1470,847,73,50,75,6,1,0
296,1470,847,74,50,75,6,1,0
297,1470,847,74,50,75,6,1,0
298,1470,847,74,50,75,6,1,0
299,1470,847,74,50,75,6,1,0
300,1470,847,74,50,75,6,1,2
301,1470,847,74,50,75,6,1,2
302,1470,846,73,50,75,6,1,3
303,1470,846,73,50,75,6,1,2
304,1470,846,74,51,75,6,1,2
305,1470,846,74,51,75,6,1,1
306,1469,846,74,51,75,6,1,3
307,1470,846,74,51,75,6,1,3
308,1470,846,74,51,75,6,1,4
309,1470,845,74,51,75,6,1,2
310,1470,846,74,51,75,6,1,3
311,1470,846,74,51,75,6,1,3
312,1470,846,74,51,75,6,1,3
313,1470,846,74,51,75,6,1,3
314,1470,846,74,50,75,6,1,3
315,1470,846,73,50,75,6,1,3
316,1470,846,73,50,75,6,1,3
317,1470,846,74,50,75,6,1,2
318,1470,846,74,50,75,6,1,1
319,1470,846,73,50,75,6,1,1
320,1470,846,73,50,75,6,1,1
321,1470,846,73,51,75,6,1,2
322,1470,846,73,51,75,6,1,2
323,1470,846,73,50,75,6,1,2
324,1470,847,73,50,75,6,1,3
325,1470,847,73,50,75,6,1,3
326,1470,847,73,50,75,6,1,3
327,1470,847,73,50,75,6,1,2
328,1470,847,73,50,75,6,1,2
329,1470,847,73,50,75,6,1,1
330,1470,846,73,50,75,6,1,1
331,1470,846,73,50,75,6,1,2
332,1470,846,73,50,75,6,1,4
333,1470,846,73,50,75,6,1,4
334,1470,846,73,50,75,6,1,4
335,1470,846,73,50,75,6,1,2
336,1470,847,74,50,75,6,1,1
337,1470,847,74,50,75,6,1,0
338,1470,847,74,50,75,6,1,0
339,1470,846,73,50,75,6,1,0
340,1470,846,73,50,75,6,1,0
341,1470,847,74,50,75,6,1,0
342,1471,846,73,51,75,6,1,0
343,1470,846,73,50,75,6,1,2
344,1470,846,73,51,75,6,1,3
345,1470,846,73,51,75,6,1,4
346,1470,846,73,51,75,6,1,3
347,1470,846,73,51,75,6,1,3
348,1470,847,73,49,75,6,1,4
349,1470,847,73,49,75,6,1,5
350,1470,847,73,49,75,6,1,5
351,1470,847,73,49,75,6,1,5
352,1470,847,73,49,75,6,1,4
353,1470,847,73,49,75,6,1,3
354,1470,847,73,49,75,6,1,3
355,1470,847,73,49,75,6,1,4
356,1471,846,73,50,75,6,1,6
357,1471,846,73,50,75,6,1,5
358,1471,846,73,50,75,6,1,4
359,1471,846,73,50,75,6,1,2
360,1471,847,73,49,75,6,1,2
361,1471,847,73,49,75,6,1,2
362,1470,847,73,48,75,6,1,2
363,1471,847,73,49,75,6,1,1
364,1471,847,73,48,75,6,1,1
365,1471,847,73,48,75,6,1,2
366,1471,847,72,48,75,6,1,2
367,1471,847,72,48,75,6,1,2
368,1471,847,72,48,75,6,1,2
369,1471,847,72,48,75,6,1,2
370,1471,847,72,48,75,6,1,4
371,1471,847,72,48,75,6,1,7
372,1470,847,72,50,75,6,1,11
373,1470,847,72,50,75,6,1,13
374,1470,847,72,50,75,6,1,14
375,1470,847,72,50,75,6,1,14
376,1470,847,72,50,75,6,1,11
377,1470,847,72,50,75,6,1,8
378,1470,847,72,50,75,6,1,4
379,1470,847,72,50,75,6,1,2
380,1470,847,73,50,75,6,1,1
381,1470,847,73,50,75,6,1,0
382,1470,847,73,50,75,6,1,0
383,1470,847,72,50,75,6,1,0
384,1470,847,73,50,75,6,1,0
385,1470,847,73,50,75,6,1,0
386,1470,847,73,50,75,6,1,1
387,1470,847,73,50,75,6,1,1
388,1470,847,73,50,75,6,1,1
389,1470,847,73,50,75,6,1,1
390,1470,847,73,49,75,6,1,1
391,1470,847,73,49,75,6,1,1
392,1470,847,73,50,75,6,1,0
393,1470,847,73,50,75,6,1,0
394,1470,847,73,49,75,6,1,0
395,1470,847,73,49,75,6,1,0
396,1470,847,72,49,75,6,1,0
397,1470,847,72,50,75,6,1,0
398,1470,847,72,50,75,6,1,0
399,1470,847,72,50,75,6,1,0
400,1471,847,72,50,75,6,1,0
401,1471,847,72,50,75,6,1,0
402,1471,847,72,50,75,6,1,1
403,1471,847,72,50,75,6,1,1
404,1471,847,72,50,75,6,1,1
405,1471,847,72,50,75,6,1,1
406,1471,847,72,50,75,6,1,1
407,1471,847,72,49,75,6,1,2
408,1471,847,72,49,75,6,1,2
409,1471,847,72,49,75,6,1,2
410,1471,847,72,49,75,6,1,2
411,1471,847,72,49,75,6,1,2
412,1471,847,72,49,75,6,1,1
413,1471,847,72,49,75,6,1,0
414,1471,847,72,49,75,6,1,0
415,1471,847,72,49,75,6,1,0
416,1471,847,72,49,75,6,1,0
417,1471,847,72,49,75,6,1,0
418,1471,847,72,49,75,6,1,0
419,1471,847,72,49,75,6,1,1
420,1471,847,72,50,75,6,1,3
421,1471,847,72,49,75,6,1,5
422,1470,847,72,50,75,6,1,7
423,1470,847,72,50,75,6,1,7
424,1470,847,72,50,75,6,1,7
425,1470,847,72,50,75,6,1,7
426,1470,847,72,50,75,6,1,5
427,1470,847,72,50,75,6,1,3
428,1470,847,72,50,75,6,1,1
429,1470,847,72,50,75,6,1,1
430,1470,847,72,50,75,6,1,1
431,1470,847,73,50,75,6,1,2
432,1469,847,74,50,75,6,1,3
433,1469,847,74,50,75,6,1,4
434,1469,847,74,49,75,6,1,4
435,1469,847,74,49,75,6,1,5
436,1469,847,74,49,75,6,1,4
437,1469,847,74,49,75,6,1,3
438,1469,847,74,49,75,6,1,2
439,1469,847,74,49,75,6,1,1
440,1469,847,74,50,75,6,1,0
441,1469,847,74,49,75,6,1,0
442,1470,847,73,50,75,6,1,0
443,1469,847,74,50,75,6,1,0
444,1469,847,74,49,75,6,1,0
445,1469,847,74,49,75,6,1,0
446,1469,847,74,49,75,6,1,1
447,1469,847,74,49,75,6,1,1
448,1469,847,74,49,75,6,1,1
449,1469,847,74,49,75,6,1,1
450,1469,847,74,49,75,6,1,0
451,1469,847,74,49,75,6,1,1
452,1469,847,74,49,75,6,1,1
453,1469,847,74,49,75,6,1,1
454,1469,847,74,49,75,6,1,1
455,1469,847,74,49,75,6,1,1
456,1469,847,74,50,75,6,1,1
457,1469,847,74,50,75,6,1,1
458,1469,847,74,50,75,6,1,1
459,1469,847,74,50,75,6,1,1
460,1469,847,74,50,75,6,1,0
461,1469,847,74,50,75,6,1,0
462,1469,847,74,50,75,6,1,0
463,1469,847,74,50,75,6,1,0
464,1469,847,74,50,75,6,1,0
465,1470,847,73,50,75,6,1,0
466,1470,847,73,50,75,6,1,0
467,1470,847,74,50,75,6,1,0
468,1469,847,74,50,75,6,1,0
469,1469,847,74,50,75,6,1,1
470,1469,847,74,50,75,6,1,1
471,1469,847,73,50,75,6,1,1
472,1470,847,73,50,75,6,1,0
473,1470,847,73,50,75,6,1,1
474,1470,847,73,50,75,6,1,2
475,1470,847,73,49,75,6,1,3
476,1470,847,74,49,75,6,1,3
477,1470,847,74,49,75,6,1,3
478,1470,847,74,49,75,6,1,2
479,1470,847,73,50,75,6,1,1
480,1470,848,73,49,75,6,1,1
481,1470,848,73,49,75,6,1,2
482,1470,848,73,49,75,6,1,2
483,1470,848,73,49,75,6,1,2
484,1470,848,73,49,75,6,1,3
485,1470,848,73,49,75,6,1,3
486,1470,847,73,49,75,6,1,3
487,1470,847,73,49,75,6,1,3
488,1470,847,73,49,75,6,1,3
489,1470,847,73,49,75,6,1,3
490,1470,847,73,49,75,6,1,3
491,1470,848,73,49,75,6,1,4
492,1470,848,73,46,75,6,1,6
493,1469,848,73,47,75,6,1,6
494,1469,848,73,46,75,6,1,7
495,1469,848,73,46,75,6,1,6
496,1470,848,73,47,75,6,1,5
497,1469,848,74,48,75,6,1,5
498,1470,848,74,48,75,6,1,5
499,1470,848,74,48,75,6,1,4
500,1469,847,74,48,75,6,1,3
501,1469,847,74,48,75,6,1,3
502,1469,847,74,48,75,6,1,3
503,1469,847,74,48,75,6,1,3
2,1688,926,24,20,76,6,1,3
3,1688,926,24,20,76,6,1,2
4,1688,926,24,20,76,6,1,2
5,1688,926,24,20,76,6,1,2
6,1688,926,24,20,76,6,1,2
7,1688,926,25,20,76,6,1,2
8,1688,926,24,20,76,6,1,1
9,1688,926,25,20,76,6,1,1
10,1688,926,25,20,76,6,1,0
11,1688,926,25,20,76,6,1,0
12,1687,926,25,20,76,6,1,0
13,1687,926,25,19,76,6,1,0
14,1687,926,25,20,76,6,1,1
15,1688,926,25,19,76,6,1,1
16,1688,926,25,19,76,6,1,1
17,1688,926,25,19,76,6,1,2
18,1688,926,25,19,76,6,1,3
19,1688,926,25,19,76,6,1,2
20,1688,926,25,19,76,6,1,2
21,1688,926,25,19,76,6,1,2
22,1688,926,25,20,76,6,1,3
23,1687,926,25,20,76,6,1,4
24,1687,926,25,20,76,6,1,5
25,1687,926,25,20,76,6,1,4
26,1687,926,25,19,76,6,1,3
27,1687,926,25,19,76,6,1,2
28,1687,926,26,20,76,6,1,3
29,1687,926,25,19,76,6,1,4
30,1687,926,25,19,76,6,1,3
31,1687,926,25,19,76,6,1,2
32,1687,926,25,20,76,6,1,1
33,1687,926,25,20,76,6,1,0
34,1687,926,25,20,76,6,1,1
35,1687,926,25,20,76,6,1,1
36,1687,926,25,19,76,6,1,2
37,1687,926,25,19,76,6,1,2
38,1687,926,25,19,76,6,1,2
39,1687,926,25,20,76,6,1,2
40,1687,926,25,20,76,6,1,1
41,1687,926,25,19,76,6,1,0
42,1687,926,25,20,76,6,1,0
43,1687,926,25,20,76,6,1,0
44,1687,926,25,20,76,6,1,1
45,1687,926,26,20,76,6,1,1
46,1687,926,26,20,76,6,1,1
47,1687,926,26,20,76,6,1,1
48,1687,926,25,20,76,6,1,2
12,1313,797,82,60,77,6,1,7
13,1311,796,84,61,77,6,1,10
14,1310,796,85,61,77,6,1,11
15,1312,796,84,61,77,6,1,12
16,1312,796,83,60,77,6,1,10
17,1313,796,83,60,77,6,1,7
18,1312,796,83,61,77,6,1,5
19,1311,796,84,61,77,6,1,3
20,1312,795,84,61,77,6,1,3
21,1312,795,84,62,77,6,1,2
22,1312,795,84,62,77,6,1,1
23,1312,795,83,62,77,6,1,1
24,1312,795,83,62,77,6,1,2
25,1312,795,84,62,77,6,1,3
26,1311,796,85,61,77,6,1,3
27,1310,796,85,61,77,6,1,3
28,1310,796,85,61,77,6,1,3
29,1311,797,85,60,77,6,1,4
30,1311,797,84,61,77,6,1,3
31,1310,796,85,61,77,6,1,2
32,1311,796,85,61,77,6,1,1
33,1311,796,84,62,77,6,1,1
34,1311,796,85,62,77,6,1,1
35,1311,796,85,62,77,6,1,2
36,1310,796,85,62,77,6,1,2
37,1310,796,86,63,77,6,1,2
38,1311,796,85,62,77,6,1,1
39,1311,795,84,63,77,6,1,0
40,1312,796,84,62,77,6,1,0
41,1312,796,84,62,77,6,1,1
42,1310,797,85,62,77,6,1,1
43,1310,797,86,62,77,6,1,1
44,1310,797,86,61,77,6,1,2
45,1310,797,86,62,77,6,1,2
46,1311,797,85,62,77,6,1,3
47,1312,797,84,62,77,6,1,3
48,1312,797,84,61,77,6,1,2
49,1311,797,84,62,77,6,1,1
50,1313,797,82,62,77,6,1,1
51,1312,798,84,61,77,6,1,2
52,1313,797,83,61,77,6,1,2
53,1312,797,83,61,77,6,1,2
54,1312,797,84,61,77,6,1,2
55,1313,797,83,61,77,6,1,3
56,1313,797,83,61,77,6,1,2
57,1313,797,83,61,77,6,1,2
58,1312,797,84,61,77,6,1,1
59,1312,797,84,61,77,6,1,1
60,1312,797,84,61,77,6,1,1
61,1311,797,85,61,77,6,1,1
62,1311,797,85,61,77,6,1,1
63,1312,797,85,60,77,6,1,2
64,1311,797,85,60,77,6,1,2
65,1311,797,85,60,77,6,1,2
66,1311,797,85,60,77,6,1,2
67,1312,797,84,60,77,6,1,2
68,1311,797,84,60,77,6,1,2
69,1312,797,84,60,77,6,1,1
70,1312,796,84,61,77,6,1,1
71,1311,796,85,61,77,6,1,0
72,1312,796,84,62,77,6,1,0
73,1312,796,84,62,77,6,1,2
74,1310,795,85,62,77,6,1,2
75,1309,796,87,62,77,6,1,3
76,1312,796,83,61,77,6,1,2
77,1313,797,82,61,77,6,1,2
78,1314,796,81,61,77,6,1,2
79,1313,796,82,61,77,6,1,3
80,1313,795,82,62,77,6,1,3
81,1313,795,82,62,77,6,1,3
82,1314,796,82,62,77,6,1,2
83,1314,796,82,62,77,6,1,2
84,1314,796,82,62,77,6,1,2
85,1314,795,82,62,77,6,1,2
86,1313,796,82,62,77,6,1,2
87,1314,796,81,62,77,6,1,1
88,1313,795,82,62,77,6,1,1
89,1313,795,82,62,77,6,1,1
90,1313,795,82,62,77,6,1,1
91,1313,795,82,62,77,6,1,2
92,1313,795,82,62,77,6,1,1
93,1313,795,82,62,77,6,1,1
94,1313,795,82,62,77,6,1,2
95,1313,795,82,62,77,6,1,2
96,1313,796,82,62,77,6,1,2
97,1313,795,81,62,77,6,1,2
98,1313,796,81,62,77,6,1,2
99,1313,795,82,61,77,6,1,2
100,1313,795,82,61,77,6,1,2
101,1313,796,82,61,77,6,1,2
102,1313,795,82,61,77,6,1,2
103,1313,795,82,61,77,6,1,1
104,1313,795,82,62,77,6,1,2
105,1313,795,82,62,77,6,1,1
106,1313,795,82,62,77,6,1,3
107,1313,796,82,62,77,6,1,3
108,1313,796,82,62,77,6,1,5
109,1313,796,82,62,77,6,1,5
110,1313,796,82,62,77,6,1,5
111,1313,796,82,62,77,6,1,4
112,1313,796,82,62,77,6,1,2
113,1313,796,82,62,77,6,1,1
114,1313,796,82,62,77,6,1,1
115,1313,796,82,62,77,6,1,0
116,1313,796,82,62,77,6,1,0
117,1313,796,82,62,77,6,1,0
118,1313,796,82,62,77,6,1,0
119,1313,796,82,62,77,6,1,1
120,1313,795,82,62,77,6,1,2
121,1313,795,82,62,77,6,1,2
122,1314,796,82,62,77,6,1,2
123,1314,796,82,62,77,6,1,1
124,1314,796,82,62,77,6,1,1
125,1314,796,82,62,77,6,1,1
126,1313,796,82,62,77,6,1,2
127,1313,796,82,62,77,6,1,2
128,1313,796,82,62,77,6,1,2
129,1313,796,82,62,77,6,1,1
130,1313,796,82,62,77,6,1,1
131,1313,796,82,62,77,6,1,2
132,1315,796,80,61,77,6,1,3
133,1315,796,80,61,77,6,1,4
134,1315,796,80,61,77,6,1,4
135,1315,796,80,61,77,6,1,5
136,1315,796,80,61,77,6,1,4
137,1316,796,80,61,77,6,1,3
138,1316,796,80,61,77,6,1,1
139,1316,796,80,61,77,6,1,1
140,1315,796,80,61,77,6,1,1
141,1316,796,80,61,77,6,1,1
142,1315,796,80,61,77,6,1,1
143,1315,796,80,61,77,6,1,2
144,1315,797,81,61,77,6,1,3
145,1315,797,81,61,77,6,1,4
146,1315,797,81,61,77,6,1,3
147,1315,797,80,60,77,6,1,4
148,1315,797,80,60,77,6,1,3
149,1315,797,80,60,77,6,1,2
150,1315,797,80,60,77,6,1,1
151,1315,797,80,60,77,6,1,1
152,1315,797,80,61,77,6,1,1
153,1315,797,80,61,77,6,1,1
154,1315,797,80,61,77,6,1,1
155,1315,797,81,61,77,6,1,1
156,1315,796,81,61,77,6,1,1
157,1315,796,81,61,77,6,1,1
158,1315,796,81,61,77,6,1,1
159,1315,796,81,61,77,6,1,1
160,1315,796,81,61,77,6,1,1
161,1315,796,81,61,77,6,1,1
162,1315,796,81,61,77,6,1,1
163,1315,796,81,61,77,6,1,0
164,1315,796,81,61,77,6,1,0
165,1315,796,81,61,77,6,1,0
166,1315,796,81,61,77,6,1,0
167,1315,796,81,61,77,6,1,0
168,1315,797,81,61,77,6,1,1
169,1315,797,81,61,77,6,1,1
170,1315,797,81,61,77,6,1,1
171,1315,797,81,61,77,6,1,1
172,1315,797,81,61,77,6,1,1
173,1315,797,81,61,77,6,1,0
174,1315,797,81,61,77,6,1,0
175,1315,797,81,61,77,6,1,0
176,1315,797,81,61,77,6,1,0
177,1315,797,81,61,77,6,1,0
178,1315,797,80,61,77,6,1,0
179,1315,797,80,61,77,6,1,0
180,1315,797,81,61,77,6,1,0
181,1315,797,81,61,77,6,1,0
182,1315,797,81,61,77,6,1,0
183,1315,797,81,61,77,6,1,0
184,1315,797,81,61,77,6,1,0
185,1315,797,81,61,77,6,1,0
186,1315,797,81,61,77,6,1,1
187,1315,796,81,61,77,6,1,1
188,1315,796,81,61,77,6,1,1
189,1314,796,82,62,77,6,1,0
190,1314,796,82,62,77,6,1,0
191,1314,796,82,62,77,6,1,1
192,1314,796,81,61,77,6,1,2
193,1313,796,82,61,77,6,1,3
194,1313,796,82,61,77,6,1,2
195,1313,796,82,61,77,6,1,1
196,1313,796,82,61,77,6,1,0
197,1313,796,82,61,77,6,1,1
198,1313,796,82,61,77,6,1,1
199,1313,795,83,62,77,6,1,1
200,1312,795,83,62,77,6,1,1
201,1312,795,83,62,77,6,1,1
202,1312,795,83,62,77,6,1,1
203,1312,795,83,62,77,6,1,1
204,1312,795,83,61,77,6,1,1
205,1312,795,83,61,77,6,1,1
206,1312,795,83,61,77,6,1,2
207,1312,795,83,61,77,6,1,2
208,1312,795,83,61,77,6,1,1
209,1312,795,83,61,77,6,1,1
210,1312,795,83,62,77,6,1,0
211,1312,795,83,62,77,6,1,0
212,1312,795,83,62,77,6,1,0
213,1312,795,83,62,77,6,1,0
214,1312,795,83,62,77,6,1,0
215,1312,795,83,62,77,6,1,0
216,1312,795,83,62,77,6,1,0
217,1312,795,83,62,77,6,1,0
218,1312,795,83,62,77,6,1,0
219,1312,795,83,61,77,6,1,0
220,1312,795,83,61,77,6,1,0
221,1312,795,83,61,77,6,1,0
222,1312,795,83,62,77,6,1,0
223,1312,795,83,62,77,6,1,0
224,1312,795,83,62,77,6,1,0
225,1312,795,83,62,77,6,1,0
226,1312,795,83,62,77,6,1,0
227,1312,795,83,62,77,6,1,0
228,1312,795,83,62,77,6,1,0
229,1312,795,83,62,77,6,1,0
230,1312,795,83,62,77,6,1,0
231,1312,795,83,62,77,6,1,0
232,1312,795,83,62,77,6,1,0
233,1312,795,83,62,77,6,1,0
234,1312,795,83,61,77,6,1,0
235,1312,795,83,61,77,6,1,0
236,1312,795,83,61,77,6,1,0
237,1312,795,83,61,77,6,1,0
238,1312,795,83,61,77,6,1,0
239,1312,795,83,61,77,6,1,0
240,1312,795,83,61,77,6,1,0
241,1312,795,83,61,77,6,1,0
242,1312,796,83,61,77,6,1,0
243,1312,795,84,61,77,6,1,0
244,1312,795,84,62,77,6,1,1
245,1311,795,84,62,77,6,1,4
246,1311,795,84,62,77,6,1,5
247,1310,796,85,62,77,6,1,5
248,1307,795,89,62,77,6,1,4
249,1312,795,84,62,77,6,1,3
250,1311,796,84,61,77,6,1,3
251,1311,796,84,62,77,6,1,2
252,1311,796,84,62,77,6,1,1
253,1312,797,84,61,77,6,1,1
254,1313,797,83,61,77,6,1,1
255,1312,796,83,61,77,6,1,1
256,1313,796,83,62,77,6,1,1
257,1313,796,83,62,77,6,1,1
258,1313,796,83,62,77,6,1,0
259,1312,796,83,62,77,6,1,0
260,1312,796,84,62,77,6,1,1
261,1312,796,83,62,77,6,1,2
262,1312,796,84,62,77,6,1,4
263,1312,796,84,62,77,6,1,5
264,1312,797,83,63,77,6,1,6
265,1312,797,83,62,77,6,1,5
266,1313,797,82,61,77,6,1,3
267,1313,797,82,62,77,6,1,2
268,1313,797,82,61,77,6,1,1
269,1313,797,83,61,77,6,1,0
270,1312,797,83,62,77,6,1,1
271,1312,797,83,62,77,6,1,1
272,1312,797,83,62,77,6,1,3
273,1312,797,83,62,77,6,1,4
274,1312,797,83,62,77,6,1,4
275,1312,797,83,62,77,6,1,3
276,1312,796,83,63,77,6,1,1
277,1312,796,83,63,77,6,1,1
278,1312,796,83,63,77,6,1,1
279,1312,796,83,64,77,6,1,1
280,1312,796,84,63,77,6,1,0
281,1313,796,83,64,77,6,1,0
282,1312,796,83,63,77,6,1,0
283,1312,796,83,63,77,6,1,0
284,1312,796,83,64,77,6,1,0
285,1312,796,83,63,77,6,1,0
286,1312,796,83,63,77,6,1,0
287,1312,796,83,63,77,6,1,1
288,1313,797,82,63,77,6,1,1
289,1313,796,82,63,77,6,1,1
290,1312,797,83,63,77,6,1,1
291,1312,796,84,63,77,6,1,1
292,1312,796,83,63,77,6,1,1
293,1312,797,83,63,77,6,1,1
294,1312,797,83,63,77,6,1,1
295,1313,796,82,63,77,6,1,1
296,1313,796,82,63,77,6,1,1
297,1313,796,81,63,77,6,1,2
298,1313,796,81,63,77,6,1,3
299,1313,796,81,62,77,6,1,4
300,1314,797,81,62,77,6,1,4
301,1313,796,83,62,77,6,1,3
302,1312,795,83,63,77,6,1,3
303,1311,795,84,63,77,6,1,2
304,1312,796,83,63,77,6,1,2
305,1313,795,82,63,77,6,1,2
306,1313,795,82,63,77,6,1,2
307,1312,796,83,63,77,6,1,1
308,1312,795,83,63,77,6,1,1
309,1312,795,83,63,77,6,1,1
310,1312,796,83,63,77,6,1,1
311,1312,796,83,63,77,6,1,2
312,1312,795,83,63,77,6,1,1
313,1312,795,83,62,77,6,1,2
314,1311,796,84,62,77,6,1,2
315,1311,796,84,62,77,6,1,4
316,1311,796,84,62,77,6,1,4
317,1312,796,84,62,77,6,1,3
318,1312,796,84,62,77,6,1,1
319,1312,796,84,62,77,6,1,0
320,1312,796,84,62,77,6,1,0
321,1312,796,84,62,77,6,1,0
322,1312,796,84,62,77,6,1,0
323,1312,796,84,62,77,6,1,0
324,1313,795,83,62,77,6,1,0
325,1312,796,83,62,77,6,1,0
326,1313,795,83,63,77,6,1,0
327,1313,795,83,63,77,6,1,0
328,1313,795,83,63,77,6,1,0
329,1313,795,83,63,77,6,1,0
330,1313,795,83,63,77,6,1,0
331,1313,795,83,63,77,6,1,0
332,1313,795,83,62,77,6,1,0
333,1313,795,83,62,77,6,1,0
334,1313,795,82,62,77,6,1,0
335,1313,795,82,62,77,6,1,0
336,1312,795,83,62,77,6,1,0
337,1312,795,83,62,77,6,1,0
338,1312,795,83,62,77,6,1,0
339,1312,795,83,62,77,6,1,0
340,1312,795,83,62,77,6,1,0
341,1312,795,83,62,77,6,1,0
342,1312,795,83,62,77,6,1,0
343,1312,795,83,62,77,6,1,0
344,1312,795,83,62,77,6,1,0
345,1312,795,84,62,77,6,1,0
346,1312,795,83,62,77,6,1,0
347,1312,795,83,62,77,6,1,0
348,1312,795,83,62,77,6,1,1
349,1312,795,83,62,77,6,1,1
350,1312,795,83,62,77,6,1,1
351,1312,795,83,62,77,6,1,1
352,1312,795,83,62,77,6,1,1
353,1312,795,83,62,77,6,1,0
354,1312,795,83,62,77,6,1,0
355,1312,795,83,62,77,6,1,0
356,1312,795,83,62,77,6,1,0
357,1312,795,83,62,77,6,1,0
358,1312,795,83,62,77,6,1,0
359,1312,795,83,62,77,6,1,0
360,1312,795,83,62,77,6,1,0
361,1312,795,83,62,77,6,1,1
362,1312,795,83,62,77,6,1,1
363,1312,795,83,62,77,6,1,1
364,1312,795,83,62,77,6,1,1
365,1312,795,83,62,77,6,1,1
366,1312,795,83,62,77,6,1,1
367,1312,795,83,62,77,6,1,0
368,1312,795,83,62,77,6,1,0
369,1312,795,83,62,77,6,1,0
370,1312,795,83,62,77,6,1,0
371,1312,795,83,62,77,6,1,0
372,1313,796,82,61,77,6,1,0
373,1313,796,82,61,77,6,1,0
374,1313,796,82,61,77,6,1,0
375,1313,796,82,61,77,6,1,0
376,1313,796,82,61,77,6,1,0
377,1313,796,81,61,77,6,1,0
378,1313,796,82,61,77,6,1,0
379,1313,796,81,61,77,6,1,0
380,1313,796,82,61,77,6,1,0
381,1313,796,82,61,77,6,1,0
382,1313,796,81,61,77,6,1,1
383,1313,796,81,61,77,6,1,2
384,1312,797,83,61,77,6,1,3
385,1312,797,83,61,77,6,1,3
386,1312,797,83,61,77,6,1,3
387,1312,797,83,61,77,6,1,3
388,1312,797,83,61,77,6,1,2
389,1312,797,83,61,77,6,1,2
390,1312,797,83,61,77,6,1,2
391,1312,796,83,61,77,6,1,3
392,1312,796,83,61,77,6,1,3
393,1312,796,83,61,77,6,1,2
394,1312,796,83,61,77,6,1,2
395,1312,797,83,61,77,6,1,1
396,1312,795,82,62,77,6,1,1
397,1312,795,82,62,77,6,1,0
398,1312,795,82,62,77,6,1,0
399,1312,795,82,62,77,6,1,0
400,1312,795,82,62,77,6,1,0
401,1312,795,82,62,77,6,1,0
402,1312,795,82,62,77,6,1,0
403,1312,795,82,62,77,6,1,0
404,1312,795,82,62,77,6,1,0
405,1312,795,82,62,77,6,1,0
406,1312,795,82,62,77,6,1,0
407,1312,795,82,62,77,6,1,0
408,1313,795,82,62,77,6,1,1
409,1313,795,82,62,77,6,1,1
410,1313,795,82,62,77,6,1,1
411,1313,795,82,62,77,6,1,1
412,1312,796,83,61,77,6,1,0
413,1313,795,82,62,77,6,1,0
414,1313,795,82,62,77,6,1,0
415,1313,795,82,62,77,6,1,0
416,1312,795,82,62,77,6,1,0
417,1312,795,82,62,77,6,1,0
418,1312,795,82,62,77,6,1,1
419,1312,795,82,62,77,6,1,1
420,1312,796,83,61,77,6,1,2
421,1312,796,83,61,77,6,1,2
422,1312,795,82,63,77,6,1,2
423,1312,795,82,62,77,6,1,1
424,1312,795,82,62,77,6,1,1
425,1312,795,82,62,77,6,1,0
426,1312,795,82,62,77,6,1,1
427,1313,795,82,62,77,6,1,1
428,1313,795,83,62,77,6,1,1
429,1312,795,83,62,77,6,1,0
430,1312,795,83,62,77,6,1,0
431,1312,796,83,61,77,6,1,0
432,1313,795,82,62,77,6,1,0
433,1313,795,83,62,77,6,1,0
434,1313,795,83,62,77,6,1,0
435,1312,795,83,62,77,6,1,0
436,1312,795,83,62,77,6,1,0
437,1312,795,83,62,77,6,1,0
438,1312,795,83,62,77,6,1,0
439,1312,795,83,62,77,6,1,0
440,1312,796,83,61,77,6,1,0
441,1312,796,83,61,77,6,1,0
442,1312,796,83,61,77,6,1,0
443,1312,796,83,61,77,6,1,1
444,1312,796,83,61,77,6,1,1
445,1312,796,83,61,77,6,1,1
446,1312,796,83,61,77,6,1,0
447,1312,796,83,61,77,6,1,0
448,1312,796,83,61,77,6,1,0
449,1312,796,83,61,77,6,1,0
450,1312,796,83,61,77,6,1,0
451,1312,796,83,61,77,6,1,0
452,1312,796,83,61,77,6,1,0
453,1312,796,83,61,77,6,1,0
454,1312,796,83,61,77,6,1,0
455,1312,796,83,61,77,6,1,0
456,1313,796,83,61,77,6,1,0
457,1313,796,83,61,77,6,1,0
458,1313,796,83,61,77,6,1,0
459,1313,796,82,61,77,6,1,0
460,1313,796,82,61,77,6,1,0
461,1313,796,82,61,77,6,1,0
462,1313,796,83,61,77,6,1,0
463,1313,796,83,61,77,6,1,0
464,1313,796,82,61,77,6,1,1
465,1313,796,82,61,77,6,1,1
466,1313,797,82,61,77,6,1,2
467,1313,797,82,61,77,6,1,1
468,1312,796,83,61,77,6,1,2
469,1312,796,83,61,77,6,1,3
470,1312,796,83,61,77,6,1,3
471,1312,796,83,61,77,6,1,2
472,1312,796,83,61,77,6,1,1
473,1312,796,83,61,77,6,1,0
474,1312,796,83,61,77,6,1,0
475,1312,796,83,61,77,6,1,0
476,1312,796,83,61,77,6,1,0
477,1312,796,83,61,77,6,1,0
478,1312,796,83,61,77,6,1,0
479,1312,796,83,61,77,6,1,0
480,1312,796,83,61,77,6,1,1
481,1312,796,83,61,77,6,1,3
482,1313,795,82,61,77,6,1,3
483,1313,795,82,61,77,6,1,4
484,1313,795,82,62,77,6,1,4
485,1313,795,82,62,77,6,1,4
486,1313,795,82,62,77,6,1,4
487,1313,795,82,62,77,6,1,3
488,1312,796,83,61,77,6,1,2
489,1313,795,82,62,77,6,1,1
490,1313,795,82,62,77,6,1,1
491,1313,795,82,62,77,6,1,1
492,1312,795,83,62,77,6,1,1
493,1312,795,83,62,77,6,1,1
494,1312,795,83,62,77,6,1,2
495,1312,795,83,62,77,6,1,3
496,1312,795,83,62,77,6,1,2
497,1312,795,83,62,77,6,1,1
498,1312,795,83,62,77,6,1,1
499,1312,795,83,62,77,6,1,2
500,1312,795,83,62,77,6,1,3
501,1312,795,83,62,77,6,1,3
502,1312,795,83,61,77,6,1,3
503,1312,795,83,61,77,6,1,3
504,1312,795,83,61,77,6,1,2
505,1312,795,83,62,77,6,1,1
506,1312,795,83,62,77,6,1,0
507,1312,795,83,62,77,6,1,0
508,1312,795,83,62,77,6,1,0
509,1312,795,83,62,77,6,1,0
510,1312,795,83,62,77,6,1,0
511,1312,795,83,61,77,6,1,0
512,1312,795,83,61,77,6,1,1
513,1312,795,83,62,77,6,1,1
514,1312,795,83,62,77,6,1,1
515,1312,795,83,62,77,6,1,1
516,1312,795,83,61,77,6,1,1
517,1313,795,83,61,77,6,1,1
518,1312,795,83,61,77,6,1,0
519,1312,795,83,61,77,6,1,0
520,1312,795,83,62,77,6,1,0
521,1312,795,83,62,77,6,1,1
522,1312,795,83,62,77,6,1,1
523,1312,795,83,62,77,6,1,1
524,1312,795,83,62,77,6,1,1
525,1312,795,83,62,77,6,1,0
526,1312,795,83,62,77,6,1,0
527,1312,795,83,62,77,6,1,1
528,1312,796,82,61,77,6,1,1
529,1312,796,83,61,77,6,1,1
530,1312,796,82,61,77,6,1,1
531,1312,795,83,61,77,6,1,1
532,1312,796,83,61,77,6,1,1
533,1313,796,82,61,77,6,1,0
534,1313,796,82,61,77,6,1,0
535,1313,796,82,61,77,6,1,0
536,1313,796,82,61,77,6,1,0
537,1313,796,82,61,77,6,1,0
538,1313,796,82,61,77,6,1,0
539,1313,796,82,61,77,6,1,0
540,1313,795,82,62,77,6,1,0
541,1313,795,82,62,77,6,1,0
542,1312,795,83,62,77,6,1,0
543,1312,795,83,62,77,6,1,0
544,1312,795,83,62,77,6,1,0
545,1312,795,83,62,77,6,1,0
546,1312,795,84,62,77,6,1,0
547,1312,795,84,62,77,6,1,0
548,1312,795,84,62,77,6,1,0
549,1312,795,83,62,77,6,1,0
550,1312,795,83,62,77,6,1,1
551,1312,795,83,62,77,6,1,1
552,1312,795,82,62,77,6,1,1
553,1312,795,83,62,77,6,1,1
554,1312,795,83,62,77,6,1,1
555,1312,795,83,62,77,6,1,1
556,1313,795,82,62,77,6,1,0
557,1313,795,82,62,77,6,1,0
558,1313,795,82,63,77,6,1,0
559,1313,795,82,62,77,6,1,1
560,1313,795,82,62,77,6,1,1
561,1313,795,82,62,77,6,1,1
562,1313,795,82,62,77,6,1,1
563,1313,795,82,62,77,6,1,1
564,1313,795,82,62,77,6,1,1
565,1313,795,82,62,77,6,1,0
566,1313,795,82,62,77,6,1,0
567,1313,795,82,62,77,6,1,0
568,1313,795,82,62,77,6,1,0
569,1313,795,82,62,77,6,1,1
570,1313,795,82,62,77,6,1,2
571,1313,796,82,62,77,6,1,3
572,1313,796,82,62,77,6,1,3
573,1313,796,82,62,77,6,1,3
574,1313,796,82,62,77,6,1,3
575,1313,796,82,62,77,6,1,4
576,1313,796,82,62,77,6,1,3
577,1313,795,82,62,77,6,1,3
578,1313,795,82,62,77,6,1,2
579,1313,795,82,62,77,6,1,2
580,1312,795,83,62,77,6,1,2
581,1312,795,83,62,77,6,1,2
582,1312,795,83,62,77,6,1,2
583,1312,795,83,62,77,6,1,2
584,1312,795,83,62,77,6,1,2
585,1312,795,83,62,77,6,1,2
586,1312,795,83,63,77,6,1,1
587,1312,795,83,63,77,6,1,1
588,1311,795,84,61,77,6,1,1
589,1311,795,83,62,77,6,1,1
590,1311,795,83,61,77,6,1,2
591,1311,795,84,62,77,6,1,3
592,1311,795,83,61,77,6,1,3
593,1312,795,83,61,77,6,1,2
594,1312,795,84,62,77,6,1,1
595,1312,795,83,62,77,6,1,0
596,1312,795,84,62,77,6,1,1
597,1312,795,84,62,77,6,1,2
598,1312,795,83,62,77,6,1,3
599,1312,795,83,62,77,6,1,4
600,1312,795,83,62,77,6,1,4
601,1311,795,84,62,77,6,1,4
602,1311,795,84,62,77,6,1,3
603,1312,795,84,62,77,6,1,2
604,1311,795,84,62,77,6,1,1
605,1312,795,84,62,77,6,1,1
606,1312,795,83,62,77,6,1,0
607,1312,795,83,62,77,6,1,0
608,1311,795,84,62,77,6,1,0
609,1311,795,84,62,77,6,1,0
610,1311,795,84,62,77,6,1,1
611,1311,795,84,62,77,6,1,2
612,1313,795,83,61,77,6,1,3
613,1313,795,83,61,77,6,1,4
614,1313,795,83,61,77,6,1,5
615,1313,795,83,61,77,6,1,5
616,1313,795,83,61,77,6,1,4
617,1313,795,83,61,77,6,1,3
618,1313,795,83,61,77,6,1,1
619,1313,795,83,61,77,6,1,1
620,1313,795,83,61,77,6,1,0
621,1313,795,83,61,77,6,1,0
622,1313,795,83,61,77,6,1,1
623,1313,795,83,61,77,6,1,2
624,1312,795,83,63,77,6,1,4
625,1312,795,83,63,77,6,1,4
626,1312,795,83,63,77,6,1,5
627,1312,795,83,63,77,6,1,5
628,1312,795,83,63,77,6,1,4
629,1312,795,83,63,77,6,1,3
630,1312,795,83,63,77,6,1,1
631,1312,795,83,63,77,6,1,0
632,1312,795,83,63,77,6,1,0
633,1312,795,83,63,77,6,1,0
634,1312,795,83,63,77,6,1,0
635,1312,795,83,63,77,6,1,1
636,1312,795,83,62,77,6,1,1
637,1312,795,83,62,77,6,1,1
638,1312,795,83,62,77,6,1,1
639,1312,795,83,62,77,6,1,0
640,1312,795,83,62,77,6,1,0
641,1312,795,83,62,77,6,1,0
642,1312,795,83,62,77,6,1,0
643,1312,795,83,62,77,6,1,0
644,1312,795,83,62,77,6,1,0
645,1312,795,83,62,77,6,1,0
646,1312,795,83,62,77,6,1,0
647,1312,795,83,62,77,6,1,0
648,1312,795,83,62,77,6,1,0
649,1312,795,83,62,77,6,1,0
650,1312,795,83,62,77,6,1,1
651,1312,795,83,62,77,6,1,1
652,1312,795,83,62,77,6,1,1
653,1312,795,83,62,77,6,1,2
654,1312,795,83,62,77,6,1,3
655,1312,795,83,62,77,6,1,4
656,1312,794,83,62,77,6,1,4
657,1312,795,83,62,77,6,1,3
658,1311,795,83,62,77,6,1,3
659,1311,794,83,62,77,6,1,2
660,1311,794,84,62,77,6,1,1
661,1311,794,84,62,77,6,1,1
662,1311,794,84,62,77,6,1,1
663,1311,794,84,62,77,6,1,2
664,1312,795,83,61,77,6,1,2
665,1312,795,83,61,77,6,1,3
666,1312,795,83,62,77,6,1,3
667,1312,795,83,62,77,6,1,3
668,1312,795,83,62,77,6,1,3
669,1312,795,83,62,77,6,1,2
670,1312,795,83,62,77,6,1,1
671,1312,795,83,62,77,6,1,1
672,1312,795,83,62,77,6,1,1
673,1311,795,83,62,77,6,1,2
674,1312,795,83,63,77,6,1,3
675,1312,795,83,63,77,6,1,4
676,1312,795,83,63,77,6,1,4
677,1312,795,83,63,77,6,1,3
678,1312,795,83,63,77,6,1,2
679,1312,795,83,62,77,6,1,1
680,1312,795,82,62,77,6,1,1
681,1312,795,83,62,77,6,1,1
682,1312,795,83,62,77,6,1,0
683,1312,795,83,62,77,6,1,0
684,1312,795,83,62,77,6,1,0
685,1312,795,83,63,77,6,1,0
686,1312,795,83,63,77,6,1,0
687,1312,795,83,62,77,6,1,0
688,1312,795,83,63,77,6,1,0
689,1312,795,83,62,77,6,1,0
690,1312,795,83,63,77,6,1,0
691,1312,795,83,63,77,6,1,0
692,1312,795,83,63,77,6,1,1
693,1312,795,83,63,77,6,1,2
694,1312,795,83,63,77,6,1,2
695,1312,795,83,63,77,6,1,1
696,1313,795,83,62,77,6,1,0
697,1313,795,83,62,77,6,1,0
698,1313,795,83,62,77,6,1,2
699,1313,795,83,62,77,6,1,3
700,1313,795,83,63,77,6,1,4
701,1313,795,83,62,77,6,1,3
702,1313,795,83,62,77,6,1,1
703,1313,795,83,63,77,6,1,1
704,1312,795,83,63,77,6,1,1
705,1312,795,83,63,77,6,1,1
706,1312,795,84,63,77,6,1,1
707,1312,795,84,63,77,6,1,2
708,1311,795,83,62,77,6,1,1
709,1311,795,83,62,77,6,1,1
710,1311,795,83,62,77,6,1,0
711,1311,795,83,62,77,6,1,0
712,1311,795,83,62,77,6,1,1
713,1311,795,83,62,77,6,1,2
714,1312,794,83,63,77,6,1,3
715,1312,794,83,63,77,6,1,3
716,1312,794,83,63,77,6,1,3
717,1312,794,82,63,77,6,1,4
718,1312,794,82,63,77,6,1,3
719,1312,794,82,63,77,6,1,2
720,1312,794,82,63,77,6,1,2
721,1312,794,82,63,77,6,1,2
722,1312,795,82,63,77,6,1,3
723,1312,795,82,63,77,6,1,3
724,1312,795,82,63,77,6,1,2
725,1312,795,82,63,77,6,1,1
726,1312,794,82,63,77,6,1,1
727,1312,794,82,63,77,6,1,2
728,1312,794,82,63,77,6,1,3
729,1312,794,82,62,77,6,1,4
730,1312,794,82,62,77,6,1,4
731,1312,794,82,62,77,6,1,4
732,1313,795,81,61,77,6,1,4
733,1313,795,81,61,77,6,1,4
734,1313,795,82,61,77,6,1,3
735,1313,795,82,61,77,6,1,2
736,1312,795,82,61,77,6,1,1
737,1312,796,83,60,77,6,1,0
738,1312,795,82,61,77,6,1,0
739,1312,795,82,61,77,6,1,0
740,1312,795,82,61,77,6,1,0
741,1312,795,82,61,77,6,1,0
742,1312,796,83,60,77,6,1,1
743,1312,795,83,61,77,6,1,1
744,1312,795,83,61,77,6,1,2
745,1312,795,83,61,77,6,1,2
746,1312,795,83,61,77,6,1,3
747,1312,795,83,62,77,6,1,3
748,1312,795,83,62,77,6,1,3
749,1312,795,83,61,77,6,1,3
750,1313,796,82,61,77,6,1,3
751,1313,796,82,62,77,6,1,3
752,1313,796,82,61,77,6,1,2
753,1313,796,82,61,77,6,1,2
754,1313,796,82,61,77,6,1,2
755,1313,796,82,61,77,6,1,2
756,1312,796,83,61,77,6,1,2
757,1312,796,83,61,77,6,1,2
758,1312,796,83,61,77,6,1,2
759,1312,796,83,61,77,6,1,2
760,1312,796,83,61,77,6,1,1
761,1312,796,83,61,77,6,1,1
762,1312,796,83,61,77,6,1,0
763,1312,796,83,61,77,6,1,0
764,1312,796,83,61,77,6,1,0
765,1312,796,83,61,77,6,1,1
766,1312,795,83,61,77,6,1,2
767,1312,795,83,61,77,6,1,2
768,1312,795,83,61,77,6,1,2
769,1312,795,83,61,77,6,1,2
770,1312,795,83,61,77,6,1,2
771,1312,795,83,61,77,6,1,1
772,1312,795,83,61,77,6,1,0
773,1312,795,83,61,77,6,1,0
774,1312,795,83,61,77,6,1,0
775,1312,795,83,61,77,6,1,0
776,1312,795,83,61,77,6,1,0
777,1312,795,83,61,77,6,1,0
778,1312,795,82,61,77,6,1,0
779,1312,795,82,61,77,6,1,0
780,1313,795,83,62,77,6,1,1
781,1313,795,82,62,77,6,1,2
782,1313,795,82,62,77,6,1,3
783,1313,795,82,62,77,6,1,3
784,1313,795,82,62,77,6,1,3
785,1313,795,83,62,77,6,1,2
786,1313,795,83,62,77,6,1,1
787,1313,795,83,62,77,6,1,1
788,1313,795,83,62,77,6,1,0
789,1313,795,82,62,77,6,1,0
790,1313,795,82,62,77,6,1,0
791,1312,795,83,62,77,6,1,0
792,1313,795,82,62,77,6,1,0
793,1312,795,82,62,77,6,1,0
794,1313,795,82,62,77,6,1,0
795,1313,795,82,62,77,6,1,0
796,1313,795,82,62,77,6,1,0
797,1313,795,82,62,77,6,1,0
798,1313,795,82,62,77,6,1,0
799,1313,795,82,62,77,6,1,1
800,1313,795,82,61,77,6,1,1
801,1312,795,82,61,77,6,1,1
802,1312,795,82,61,77,6,1,2
803,1313,795,82,61,77,6,1,3
804,1313,795,82,61,77,6,1,3
805,1313,795,82,61,77,6,1,2
806,1312,794,82,62,77,6,1,1
807,1312,794,82,62,77,6,1,2
808,1312,794,82,62,77,6,1,1
809,1313,795,81,62,77,6,1,1
810,1312,794,82,62,77,6,1,0
811,1312,794,82,62,77,6,1,0
812,1312,794,82,62,77,6,1,0
813,1312,794,82,62,77,6,1,0
814,1312,794,82,62,77,6,1,1
815,1312,794,82,62,77,6,1,2
816,1312,795,82,61,77,6,1,3
817,1312,795,82,61,77,6,1,3
818,1312,795,82,62,77,6,1,3
819,1313,795,82,62,77,6,1,2
820,1313,795,82,62,77,6,1,2
821,1312,795,82,62,77,6,1,2
822,1312,795,82,62,77,6,1,2
823,1312,795,82,62,77,6,1,2
824,1313,795,81,62,77,6,1,1
825,1313,795,82,61,77,6,1,1
826,1312,795,82,62,77,6,1,0
827,1312,795,82,62,77,6,1,0
828,1313,796,80,62,77,6,1,1
829,1313,796,81,62,77,6,1,1
830,1313,796,80,62,77,6,1,1
831,1313,795,81,62,77,6,1,0
832,1313,795,81,62,77,6,1,1
833,1313,795,81,62,77,6,1,2
834,1313,795,81,62,77,6,1,3
835,1313,795,81,62,77,6,1,2
836,1312,795,81,62,77,6,1,1
837,1312,795,81,62,77,6,1,1
838,1312,795,82,62,77,6,1,1
839,1312,795,82,63,77,6,1,1
840,1313,795,82,62,77,6,1,1
841,1313,795,82,62,77,6,1,0
842,1313,795,82,62,77,6,1,0
843,1313,795,82,62,77,6,1,0
844,1313,795,82,62,77,6,1,0
845,1313,795,82,62,77,6,1,1
846,1313,796,82,61,77,6,1,1
847,1313,795,82,61,77,6,1,1
848,1313,796,81,61,77,6,1,1
849,1313,796,81,61,77,6,1,1
850,1313,795,81,62,77,6,1,1
851,1312,795,82,62,77,6,1,1
852,1312,795,82,62,77,6,1,1
853,1312,795,82,62,77,6,1,1
854,1312,795,82,62,77,6,1,0
855,1312,795,82,62,77,6,1,1
856,1312,795,82,62,77,6,1,1
857,1312,795,83,62,77,6,1,1
858,1312,795,83,62,77,6,1,1
859,1312,795,82,62,77,6,1,1
860,1312,795,82,62,77,6,1,0
861,1312,795,83,62,77,6,1,0
862,1312,795,83,62,77,6,1,0
863,1312,795,83,62,77,6,1,1
864,1312,795,83,61,77,6,1,1
865,1312,795,83,61,77,6,1,1
866,1312,795,83,61,77,6,1,1
867,1313,796,82,61,77,6,1,0
868,1313,796,82,61,77,6,1,1
869,1313,796,82,61,77,6,1,1
870,1313,796,82,61,77,6,1,1
871,1313,796,82,61,77,6,1,1
872,1313,796,82,61,77,6,1,0
873,1313,796,82,61,77,6,1,0
874,1313,796,82,61,77,6,1,0
875,1313,796,82,61,77,6,1,0
876,1312,795,83,62,77,6,1,0
877,1312,795,83,62,77,6,1,0
878,1312,795,83,62,77,6,1,0
879,1312,795,83,62,77,6,1,0
880,1312,795,83,62,77,6,1,0
881,1312,795,83,62,77,6,1,0
882,1312,795,83,62,77,6,1,0
883,1312,795,83,62,77,6,1,0
884,1312,795,83,62,77,6,1,0
885,1312,795,83,62,77,6,1,0
886,1312,795,83,62,77,6,1,0
887,1312,795,83,62,77,6,1,1
888,1312,796,83,60,77,6,1,1
889,1312,796,83,60,77,6,1,2
890,1312,796,83,60,77,6,1,2
891,1313,796,83,60,77,6,1,3
892,1313,796,83,60,77,6,1,3
893,1313,795,82,61,77,6,1,2
894,1313,795,82,61,77,6,1,1
895,1313,795,82,61,77,6,1,2
896,1313,795,82,61,77,6,1,3
897,1312,796,83,61,77,6,1,4
898,1312,796,83,61,77,6,1,3
899,1313,796,83,61,77,6,1,2
900,1313,795,82,61,77,6,1,1
901,1313,795,82,61,77,6,1,2
902,1314,795,82,61,77,6,1,1
903,1313,795,82,61,77,6,1,1
904,1312,796,83,61,77,6,1,1
905,1312,796,83,61,77,6,1,4
906,1312,796,82,61,77,6,1,8
907,1312,796,83,63,77,6,1,10
908,1312,796,83,62,77,6,1,8
909,1312,796,83,61,77,6,1,4
910,1312,796,83,60,77,6,1,3
911,1312,796,82,61,77,6,1,6
912,1312,795,83,61,77,6,1,7
913,1312,795,84,61,77,6,1,7
914,1312,795,84,61,77,6,1,4
915,1313,795,83,62,77,6,1,2
916,1313,794,83,62,77,6,1,2
917,1313,794,82,62,77,6,1,2
918,1312,795,83,62,77,6,1,2
919,1312,795,83,62,77,6,1,3
920,1313,795,81,62,77,6,1,6
921,1312,795,83,63,77,6,1,7
922,1312,795,85,64,77,6,1,6
923,1312,795,87,63,77,6,1,3
924,1312,795,83,62,77,6,1,2
925,1312,795,83,62,77,6,1,2
926,1312,795,83,62,77,6,1,4
927,1312,795,83,62,77,6,1,5
928,1312,795,84,62,77,6,1,5
929,1312,795,84,62,77,6,1,2
930,1312,795,84,62,77,6,1,1
931,1311,794,84,62,77,6,1,0
932,1312,794,84,63,77,6,1,0
933,1312,795,83,62,77,6,1,2
934,1312,795,83,61,77,6,1,4
935,1312,795,83,61,77,6,1,5
936,1314,796,81,60,77,6,1,4
937,1314,796,81,61,77,6,1,3
938,1313,795,82,61,77,6,1,2
939,1313,795,83,61,77,6,1,2
940,1313,795,82,61,77,6,1,1
941,1313,795,83,61,77,6,1,0
942,1312,795,83,61,77,6,1,1
943,1312,795,83,61,77,6,1,1
944,1312,795,83,61,77,6,1,1
945,1312,795,83,61,77,6,1,0
946,1312,796,84,60,77,6,1,0
947,1312,796,84,60,77,6,1,0
948,1313,796,81,60,77,6,1,0
949,1313,796,81,60,77,6,1,1
950,1313,796,81,60,77,6,1,1
951,1313,796,81,60,77,6,1,1
952,1313,796,81,60,77,6,1,0
953,1313,796,81,60,77,6,1,0
954,1313,796,81,60,77,6,1,0
955,1313,796,81,60,77,6,1,0
956,1313,796,81,60,77,6,1,0
957,1314,796,81,60,77,6,1,1
958,1313,795,82,61,77,6,1,0
959,1313,795,82,61,77,6,1,0
960,1313,795,83,61,77,6,1,0
961,1313,795,83,61,77,6,1,0
962,1313,795,83,61,77,6,1,0
963,1313,795,83,61,77,6,1,0
964,1313,795,83,61,77,6,1,0
965,1313,795,83,61,77,6,1,0
966,1313,795,83,61,77,6,1,0
967,1312,795,83,61,77,6,1,0
968,1312,794,83,62,77,6,1,1
969,1312,794,83,62,77,6,1,1
970,1312,795,83,62,77,6,1,3
971,1312,795,83,62,77,6,1,4
972,1311,794,84,63,77,6,1,5
973,1311,794,84,63,77,6,1,5
974,1311,794,84,63,77,6,1,6
975,1311,794,84,63,77,6,1,6
976,1311,795,84,64,77,6,1,6
977,1311,795,84,64,77,6,1,5
978,1312,795,84,63,77,6,1,4
979,1312,795,84,63,77,6,1,4
980,1312,795,84,63,77,6,1,3
981,1312,795,84,63,77,6,1,3
982,1312,795,84,63,77,6,1,2
983,1312,795,84,63,77,6,1,2
984,1311,795,83,63,77,6,1,1
985,1311,795,83,63,77,6,1,1
986,1311,795,83,63,77,6,1,1
987,1311,795,83,63,77,6,1,2
988,1311,794,84,63,77,6,1,2
989,1311,795,84,62,77,6,1,2
990,1311,795,84,62,77,6,1,3
991,1311,794,84,62,77,6,1,4
992,1311,794,84,62,77,6,1,4
993,1311,794,83,63,77,6,1,2
994,1311,794,83,63,77,6,1,1
995,1311,795,83,63,77,6,1,2
996,1311,794,84,63,77,6,1,3
997,1311,794,84,63,77,6,1,3
998,1311,794,84,64,77,6,1,3
999,1311,794,84,63,77,6,1,3
1000,1311,794,83,63,77,6,1,3
1001,1312,794,83,63,77,6,1,5
1002,1312,794,83,63,77,6,1,5
1003,1312,794,83,62,77,6,1,6
1004,1312,794,83,62,77,6,1,5
1005,1312,794,83,62,77,6,1,4
1006,1312,794,83,62,77,6,1,3
1007,1312,794,83,62,77,6,1,2
1008,1311,794,84,62,77,6,1,1
1009,1311,794,84,62,77,6,1,0
1010,1311,794,84,62,77,6,1,0
1011,1311,794,84,62,77,6,1,0
1012,1311,795,85,62,77,6,1,0
1013,1311,794,84,62,77,6,1,0
1014,1311,794,84,62,77,6,1,0
1015,1311,794,84,62,77,6,1,0
1016,1311,794,84,62,77,6,1,0
1017,1311,794,84,62,77,6,1,0
1018,1311,794,84,62,77,6,1,0
1019,1311,794,84,62,77,6,1,0
1020,1311,795,85,61,77,6,1,0
1021,1311,795,85,61,77,6,1,0
1022,1311,795,85,61,77,6,1,1
1023,1311,795,85,62,77,6,1,1
1024,1311,795,85,62,77,6,1,2
1025,1311,795,85,62,77,6,1,1
1026,1311,795,85,62,77,6,1,1
1027,1311,794,83,62,77,6,1,0
1028,1311,794,83,62,77,6,1,0
1029,1311,794,83,62,77,6,1,0
1030,1311,794,83,62,77,6,1,1
1031,1311,794,83,62,77,6,1,1
1032,1313,795,83,61,77,6,1,2
1033,1313,795,83,61,77,6,1,2
1034,1313,795,83,61,77,6,1,2
1035,1313,795,83,61,77,6,1,2
1036,1313,795,83,61,77,6,1,2
1037,1313,795,83,61,77,6,1,1
1038,1313,795,83,61,77,6,1,0
1039,1313,795,83,61,77,6,1,0
1040,1313,795,83,61,77,6,1,0
1041,1313,795,83,61,77,6,1,0
1042,1313,795,83,61,77,6,1,0
1043,1312,796,84,60,77,6,1,0
1044,1312,795,83,61,77,6,1,0
1045,1312,795,83,61,77,6,1,0
1046,1312,795,83,61,77,6,1,0
1047,1312,795,83,61,77,6,1,0
1048,1312,795,83,61,77,6,1,0
1049,1312,795,83,61,77,6,1,0
1050,1312,796,84,60,77,6,1,0
1051,1312,796,84,60,77,6,1,1
1052,1311,795,83,61,77,6,1,2
1053,1312,795,82,61,77,6,1,2
1054,1312,795,82,61,77,6,1,3
1055,1312,795,82,61,77,6,1,3
1056,1312,796,83,61,77,6,1,4
1057,1312,796,82,61,77,6,1,4
1058,1312,796,82,61,77,6,1,4
1059,1312,796,82,61,77,6,1,4
1060,1312,796,82,61,77,6,1,4
1061,1312,796,81,61,77,6,1,4
1062,1312,795,82,61,77,6,1,4
1063,1312,795,82,61,77,6,1,4
1064,1312,795,82,61,77,6,1,4
1065,1312,795,82,61,77,6,1,4
1066,1312,795,82,61,77,6,1,3
1067,1312,795,82,61,77,6,1,2
1068,1313,795,80,61,77,6,1,1
1069,1313,796,81,61,77,6,1,2
1070,1313,796,81,61,77,6,1,4
1071,1313,795,82,63,77,6,1,6
1072,1313,795,81,63,77,6,1,6
1073,1313,795,81,63,77,6,1,6
1074,1313,795,81,63,77,6,1,6
1075,1313,795,81,63,77,6,1,5
1076,1312,795,82,63,77,6,1,4
1077,1312,795,81,63,77,6,1,2
1078,1313,795,81,63,77,6,1,1
1079,1313,795,81,63,77,6,1,2
1080,1313,795,81,63,77,6,1,4
1081,1313,795,81,62,77,6,1,6
1082,1313,795,81,62,77,6,1,6
1083,1313,795,81,62,77,6,1,7
1084,1313,796,82,61,77,6,1,6
1085,1313,795,81,62,77,6,1,6
1086,1313,795,81,62,77,6,1,3
1087,1313,795,81,62,77,6,1,2
1088,1313,795,82,62,77,6,1,1
1089,1313,795,82,62,77,6,1,1
1090,1313,795,82,62,77,6,1,2
1091,1313,795,83,61,77,6,1,3
1092,1313,795,83,61,77,6,1,4
1093,1313,795,83,61,77,6,1,5
1094,1313,795,83,61,77,6,1,5
1095,1313,795,83,61,77,6,1,5
1096,1313,795,83,61,77,6,1,3
1097,1313,795,83,61,77,6,1,2
1098,1313,795,83,61,77,6,1,1
1099,1313,795,83,61,77,6,1,1
1100,1313,795,83,61,77,6,1,1
1101,1312,796,84,60,77,6,1,2
1102,1312,796,84,60,77,6,1,4
1103,1312,796,84,60,77,6,1,5
1104,1312,796,83,61,77,6,1,7
1105,1312,796,83,61,77,6,1,7
1106,1312,796,83,61,77,6,1,7
1107,1312,796,83,61,77,6,1,6
1108,1312,796,83,61,77,6,1,5
1109,1312,796,83,61,77,6,1,5
1110,1312,796,83,61,77,6,1,5
1111,1313,796,83,60,77,6,1,6
1112,1313,796,83,60,77,6,1,7
1113,1313,796,83,60,77,6,1,7
1114,1313,796,83,60,77,6,1,7
1115,1313,796,83,60,77,6,1,6
1116,1314,796,82,60,77,6,1,4
1117,1314,796,82,60,77,6,1,2
1118,1314,796,82,60,77,6,1,1
1119,1314,796,82,60,77,6,1,0
1120,1314,796,82,60,77,6,1,0
1121,1313,795,82,61,77,6,1,0
1122,1313,795,82,61,77,6,1,0
1123,1313,795,82,61,77,6,1,0
1124,1313,795,82,61,77,6,1,0
1125,1313,795,82,61,77,6,1,0
1126,1313,795,82,61,77,6,1,0
1127,1313,795,82,61,77,6,1,1
1128,1312,795,82,61,77,6,1,2
1129,1312,795,82,61,77,6,1,1
1130,1312,795,82,61,77,6,1,1
1131,1312,795,83,61,77,6,1,0
1132,1312,795,84,61,77,6,1,0
1133,1312,795,84,61,77,6,1,1
1134,1312,795,84,61,77,6,1,2
1135,1312,795,84,61,77,6,1,2
1136,1312,795,84,61,77,6,1,1
1137,1312,794,83,62,77,6,1,1
1138,1312,794,83,62,77,6,1,2
1139,1312,795,84,61,77,6,1,2
1140,1312,796,83,61,77,6,1,3
1141,1313,795,82,62,77,6,1,2
1142,1313,795,82,62,77,6,1,3
1143,1313,795,82,62,77,6,1,3
1144,1313,795,82,62,77,6,1,2
1145,1313,795,82,62,77,6,1,1
1146,1313,795,82,62,77,6,1,0
1147,1313,795,82,62,77,6,1,0
1148,1313,795,82,62,77,6,1,0
1149,1313,795,82,62,77,6,1,0
1150,1313,795,82,62,77,6,1,0
1151,1313,795,82,62,77,6,1,0
1152,1313,795,82,62,77,6,1,0
1153,1313,795,82,62,77,6,1,0
1154,1313,795,82,62,77,6,1,0
1155,1313,795,82,62,77,6,1,0
1156,1313,795,82,62,77,6,1,0
1157,1313,795,82,62,77,6,1,0
1158,1313,795,82,62,77,6,1,0
1159,1313,795,82,62,77,6,1,0
1160,1313,795,82,62,77,6,1,0
1161,1313,795,82,62,77,6,1,1
1162,1313,795,82,62,77,6,1,1
1163,1313,795,82,62,77,6,1,1
1164,1312,795,83,62,77,6,1,1
1165,1312,795,83,62,77,6,1,1
1166,1312,795,83,62,77,6,1,2
1167,1312,795,83,62,77,6,1,3
1168,1312,795,83,62,77,6,1,2
1169,1312,795,83,62,77,6,1,3
1170,1312,795,83,62,77,6,1,3
1171,1313,795,83,62,77,6,1,4
1172,1313,795,82,61,77,6,1,4
1173,1313,795,82,61,77,6,1,5
1174,1313,795,82,61,77,6,1,4
1175,1313,795,83,61,77,6,1,4
1176,1312,795,84,62,77,6,1,3
1177,1312,795,84,62,77,6,1,4
1178,1312,795,83,62,77,6,1,4
1179,1312,795,83,62,77,6,1,4
1180,1312,795,83,63,77,6,1,3
1181,1313,795,82,62,77,6,1,3
1182,1313,795,82,62,77,6,1,3
1183,1313,795,82,62,77,6,1,3
1184,1313,795,82,62,77,6,1,3
1185,1313,795,82,62,77,6,1,3
1186,1313,795,82,62,77,6,1,2
1187,1313,795,82,62,77,6,1,1
1188,1313,795,82,62,77,6,1,0
1189,1313,795,82,62,77,6,1,1
1190,1313,795,82,62,77,6,1,1
1191,1313,795,82,62,77,6,1,2
1192,1313,795,82,62,77,6,1,3
1193,1313,795,82,62,77,6,1,3
1194,1313,795,82,62,77,6,1,3
1195,1313,795,82,63,77,6,1,3
1196,1313,795,82,63,77,6,1,2
1197,1313,795,82,63,77,6,1,1
1198,1313,795,82,63,77,6,1,0
1199,1313,795,81,63,77,6,1,0
1200,1313,795,82,62,77,6,1,0
1201,1313,795,82,62,77,6,1,0
1202,1313,795,82,62,77,6,1,0
1203,1313,795,82,62,77,6,1,0
1204,1313,795,82,62,77,6,1,0
1205,1313,795,82,62,77,6,1,0
1206,1313,795,82,62,77,6,1,0
1207,1313,795,82,62,77,6,1,0
1208,1313,795,82,62,77,6,1,0
1209,1313,795,82,62,77,6,1,0
1210,1313,795,82,62,77,6,1,0
1211,1313,795,82,62,77,6,1,0
1212,1313,795,82,62,77,6,1,0
1213,1313,795,82,62,77,6,1,0
1214,1313,795,82,62,77,6,1,0
1215,1313,795,82,62,77,6,1,0
1216,1313,795,82,62,77,6,1,0
1217,1313,795,82,62,77,6,1,0
1218,1313,795,82,63,77,6,1,0
1219,1313,795,82,63,77,6,1,0
1220,1313,795,82,62,77,6,1,0
1221,1313,795,82,62,77,6,1,0
1222,1313,795,82,63,77,6,1,0
1223,1313,795,82,63,77,6,1,0
1224,1313,795,82,63,77,6,1,0
1225,1313,795,82,63,77,6,1,0
1226,1313,795,82,63,77,6,1,0
1227,1313,795,82,63,77,6,1,0
1228,1313,795,82,63,77,6,1,0
1229,1313,795,82,63,77,6,1,0
1230,1313,795,82,63,77,6,1,0
1231,1313,795,82,63,77,6,1,0
1232,1313,795,82,63,77,6,1,0
1233,1313,795,82,63,77,6,1,0
1234,1313,795,82,63,77,6,1,0
1235,1313,795,82,63,77,6,1,0
1236,1313,795,82,63,77,6,1,0
1237,1313,795,82,63,77,6,1,0
1238,1313,795,82,63,77,6,1,0
1239,1313,795,82,63,77,6,1,0
1240,1313,795,82,63,77,6,1,0
1241,1313,795,82,63,77,6,1,0
1242,1313,795,82,63,77,6,1,0
1243,1313,795,82,63,77,6,1,0
1244,1313,795,82,63,77,6,1,0
1245,1313,795,82,63,77,6,1,0
1246,1313,795,82,63,77,6,1,0
1247,1313,795,82,63,77,6,1,0
1248,1313,795,82,62,77,6,1,0
1249,1313,795,82,62,77,6,1,0
1250,1313,795,81,63,77,6,1,0
1251,1313,795,81,63,77,6,1,0
1252,1313,795,81,63,77,6,1,0
1253,1313,795,81,63,77,6,1,0
1254,1313,795,81,63,77,6,1,0
1255,1313,795,81,63,77,6,1,0
1256,1313,795,81,63,77,6,1,0
1257,1313,795,81,63,77,6,1,0
1258,1313,795,81,63,77,6,1,0
1259,1313,795,81,63,77,6,1,0
1260,1313,795,81,62,77,6,1,0
1261,1313,796,81,62,77,6,1,0
1262,1313,796,81,62,77,6,1,0
1263,1313,796,81,62,77,6,1,0
1264,1313,796,81,62,77,6,1,0
1265,1313,796,81,62,77,6,1,0
1266,1313,796,81,62,77,6,1,1
1267,1313,796,81,62,77,6,1,0
1268,1313,796,81,62,77,6,1,0
1269,1313,796,81,62,77,6,1,1
1270,1313,796,81,62,77,6,1,2
1271,1313,795,81,61,77,6,1,2
1272,1313,795,82,62,77,6,1,2
1273,1313,795,82,62,77,6,1,2
1274,1313,795,82,62,77,6,1,2
1275,1313,794,82,62,77,6,1,2
1276,1313,795,82,62,77,6,1,1
1277,1313,794,82,62,77,6,1,0
1278,1313,795,82,62,77,6,1,0
1279,1313,795,82,62,77,6,1,1
1280,1313,795,82,62,77,6,1,1
1281,1313,795,81,63,77,6,1,3
1282,1313,795,81,63,77,6,1,3
1283,1313,795,81,63,77,6,1,4
1284,1312,796,83,62,77,6,1,4
1285,1312,796,83,62,77,6,1,4
1286,1312,796,83,62,77,6,1,4
1287,1312,796,83,62,77,6,1,3
1288,1312,796,83,62,77,6,1,3
1289,1312,796,83,62,77,6,1,3
1290,1313,795,81,63,77,6,1,2
1291,1313,795,81,63,77,6,1,2
1292,1312,796,83,62,77,6,1,1
1293,1313,795,81,63,77,6,1,2
1294,1313,795,81,63,77,6,1,2
1295,1313,795,81,63,77,6,1,2
1296,1312,796,82,62,77,6,1,2
1297,1312,796,82,62,77,6,1,1
1298,1312,796,82,62,77,6,1,1
1299,1313,795,81,63,77,6,1,1
1300,1313,795,81,63,77,6,1,1
1301,1313,795,81,63,77,6,1,1
1302,1313,795,81,63,77,6,1,2
1303,1313,795,81,63,77,6,1,1
1304,1313,795,81,63,77,6,1,1
1305,1313,795,81,63,77,6,1,0
1306,1313,795,81,63,77,6,1,0
1307,1313,795,81,63,77,6,1,0
1308,1312,796,82,62,77,6,1,1
1309,1313,795,81,62,77,6,1,1
1310,1313,795,81,62,77,6,1,1
1311,1312,796,82,62,77,6,1,0
1312,1312,796,82,62,77,6,1,0
1313,1312,796,82,62,77,6,1,0
1314,1312,796,83,62,77,6,1,1
1315,1312,796,83,62,77,6,1,2
1316,1312,796,83,62,77,6,1,2
1317,1313,795,81,62,77,6,1,2
1318,1313,795,81,62,77,6,1,2
1319,1313,795,81,62,77,6,1,1
1320,1313,795,81,62,77,6,1,1
1321,1313,795,81,62,77,6,1,1
1322,1313,795,81,62,77,6,1,1
1323,1313,795,81,62,77,6,1,1
1324,1313,795,81,62,77,6,1,1
1325,1313,795,81,63,77,6,1,0
1326,1313,795,81,63,77,6,1,0
1327,1313,795,81,63,77,6,1,0
1328,1313,795,81,63,77,6,1,0
1329,1313,795,81,63,77,6,1,1
1330,1313,795,81,63,77,6,1,1
1331,1312,796,83,62,77,6,1,1
1332,1312,795,83,63,77,6,1,0
1333,1312,795,83,63,77,6,1,0
1334,1312,795,83,63,77,6,1,0
1335,1312,795,83,63,77,6,1,1
1336,1312,795,83,63,77,6,1,1
1337,1312,795,83,63,77,6,1,1
1338,1312,795,83,63,77,6,1,0
1339,1312,795,83,63,77,6,1,0
1340,1312,795,83,63,77,6,1,0
1341,1312,795,83,63,77,6,1,0
1342,1312,795,83,63,77,6,1,0
1343,1312,795,83,63,77,6,1,0
1344,1312,795,83,63,77,6,1,0
1345,1312,795,83,63,77,6,1,0
1346,1312,795,83,63,77,6,1,0
1347,1312,795,83,63,77,6,1,0
1348,1312,795,83,63,77,6,1,0
1349,1312,795,83,63,77,6,1,0
1350,1312,795,83,63,77,6,1,0
1351,1312,795,83,63,77,6,1,0
1352,1312,795,83,63,77,6,1,0
1353,1312,795,83,63,77,6,1,0
1354,1312,795,83,63,77,6,1,0
1355,1312,795,83,63,77,6,1,0
1356,1312,795,83,63,77,6,1,0
1357,1312,795,83,63,77,6,1,0
1358,1312,795,83,63,77,6,1,0
1359,1312,795,83,63,77,6,1,0
1360,1312,795,83,63,77,6,1,0
1361,1312,795,83,63,77,6,1,0
1362,1312,795,83,63,77,6,1,0
1363,1312,795,83,63,77,6,1,0
1364,1312,795,83,63,77,6,1,0
1365,1312,795,83,63,77,6,1,0
1366,1312,795,83,63,77,6,1,0
1367,1312,795,83,63,77,6,1,0
1368,1312,795,84,63,77,6,1,0
1369,1312,795,83,63,77,6,1,0
1370,1312,795,83,63,77,6,1,0
1371,1312,795,83,63,77,6,1,0
1372,1312,795,83,63,77,6,1,1
1373,1312,795,82,63,77,6,1,1
1374,1312,795,82,63,77,6,1,1
1375,1312,795,82,63,77,6,1,1
1376,1312,795,82,63,77,6,1,0
1377,1312,795,82,63,77,6,1,0
1378,1312,795,82,63,77,6,1,0
1379,1312,795,82,63,77,6,1,1
1380,1313,795,82,63,77,6,1,2
1381,1313,795,82,63,77,6,1,1
1382,1313,795,82,63,77,6,1,1
1383,1313,795,82,63,77,6,1,0
1384,1313,795,82,63,77,6,1,1
1385,1312,795,82,63,77,6,1,1
1386,1312,795,82,63,77,6,1,1
1387,1312,795,82,63,77,6,1,1
1388,1312,795,82,63,77,6,1,1
1389,1312,795,82,63,77,6,1,2
1390,1312,795,82,63,77,6,1,3
1391,1312,794,84,63,77,6,1,3
1392,1311,795,84,62,77,6,1,2
1393,1311,796,84,62,77,6,1,1
1394,1311,796,84,61,77,6,1,1
1395,1311,796,84,61,77,6,1,0
1396,1311,796,84,61,77,6,1,0
1397,1312,796,84,61,77,6,1,0
1398,1312,795,83,62,77,6,1,1
1399,1312,795,83,62,77,6,1,2
1400,1312,795,82,62,77,6,1,2
1401,1313,795,82,62,77,6,1,2
1402,1313,795,82,62,77,6,1,1
1403,1313,795,82,62,77,6,1,1
1404,1313,795,82,63,77,6,1,1
1405,1313,795,82,63,77,6,1,2
1406,1313,795,82,63,77,6,1,2
1407,1313,795,82,63,77,6,1,3
1408,1313,795,82,63,77,6,1,2
1409,1313,795,82,63,77,6,1,2
1410,1313,795,82,63,77,6,1,1
1411,1312,795,82,63,77,6,1,0
1412,1312,795,82,62,77,6,1,0
1413,1312,795,82,63,77,6,1,0
1414,1312,795,82,62,77,6,1,0
1415,1312,795,82,63,77,6,1,0
1416,1312,795,82,63,77,6,1,0
1417,1312,795,82,63,77,6,1,0
1418,1312,795,82,63,77,6,1,0
1419,1312,795,82,63,77,6,1,0
1420,1312,795,82,63,77,6,1,0
1421,1312,795,82,63,77,6,1,0
1422,1312,795,82,63,77,6,1,1
1423,1312,794,82,63,77,6,1,1
1424,1312,794,82,63,77,6,1,1
1425,1313,795,82,63,77,6,1,0
1426,1313,795,82,63,77,6,1,0
1427,1312,795,82,63,77,6,1,0
1428,1314,795,81,63,77,6,1,0
1429,1314,795,81,63,77,6,1,1
1430,1314,795,81,63,77,6,1,2
1431,1312,795,83,62,77,6,1,4
1432,1312,795,83,62,77,6,1,4
1433,1312,795,83,62,77,6,1,4
1434,1312,795,83,62,77,6,1,3
1435,1312,795,83,62,77,6,1,3
1436,1312,795,83,62,77,6,1,2
1437,1312,795,83,62,77,6,1,2
1438,1312,795,83,62,77,6,1,1
1439,1312,795,83,62,77,6,1,1
1440,1312,795,83,63,77,6,1,1
1441,1313,795,82,62,77,6,1,1
1442,1313,795,82,62,77,6,1,1
1443,1313,795,81,62,77,6,1,2
1444,1312,795,82,62,77,6,1,1
1445,1312,795,82,62,77,6,1,1
1446,1312,796,83,62,77,6,1,1
1447,1312,796,83,62,77,6,1,1
1448,1312,796,83,62,77,6,1,1
1449,1312,795,81,62,77,6,1,0
1450,1312,796,83,61,77,6,1,1
1451,1312,794,82,63,77,6,1,2
1452,1313,795,82,62,77,6,1,3
1453,1313,795,82,62,77,6,1,3
1454,1313,795,82,62,77,6,1,3
1455,1313,795,82,62,77,6,1,3
1456,1313,795,82,62,77,6,1,2
1457,1313,795,82,62,77,6,1,1
1458,1313,795,82,62,77,6,1,0
1459,1313,795,82,62,77,6,1,0
1460,1313,795,82,62,77,6,1,0
1461,1313,795,83,63,77,6,1,0
1462,1313,795,83,62,77,6,1,0
1463,1313,795,82,62,77,6,1,0
1464,1313,795,84,62,77,6,1,0
1465,1313,795,84,62,77,6,1,0
1466,1313,795,84,62,77,6,1,1
1467,1313,795,84,62,77,6,1,1
1468,1313,795,84,62,77,6,1,1
1469,1313,795,84,62,77,6,1,0
1470,1313,795,84,62,77,6,1,0
1471,1313,795,84,62,77,6,1,0
1472,1313,795,84,62,77,6,1,0
1473,1313,795,84,62,77,6,1,0
1474,1313,795,84,62,77,6,1,0
1475,1313,795,84,62,77,6,1,1
1476,1312,795,85,63,77,6,1,2
1477,1312,795,85,63,77,6,1,2
1478,1312,795,84,63,77,6,1,2
1479,1313,795,84,63,77,6,1,2
1480,1313,795,84,63,77,6,1,2
1481,1313,795,84,63,77,6,1,2
1482,1313,795,84,62,77,6,1,2
1483,1313,795,84,62,77,6,1,3
1484,1313,795,84,62,77,6,1,3
1485,1313,795,84,62,77,6,1,5
1486,1313,795,84,61,77,6,1,5
1487,1313,795,84,62,77,6,1,4
1488,1313,795,84,62,77,6,1,3
1489,1313,795,84,62,77,6,1,2
1490,1313,795,84,62,77,6,1,2
1491,1313,795,84,62,77,6,1,1
1492,1313,795,84,62,77,6,1,1
1493,1313,795,84,62,77,6,1,0
1494,1313,795,84,62,77,6,1,0
1495,1313,795,84,62,77,6,1,0
1496,1313,795,84,62,77,6,1,0
1497,1313,795,84,62,77,6,1,1
1498,1313,796,84,62,77,6,1,2
1499,1313,796,84,62,77,6,1,2
1500,1313,795,82,62,77,6,1,2
1501,1313,796,83,61,77,6,1,2
1502,1313,796,83,61,77,6,1,1
1503,1313,796,83,61,77,6,1,1
1504,1313,796,83,61,77,6,1,1
1505,1313,796,83,61,77,6,1,1
1506,1313,795,82,62,77,6,1,1
1507,1313,795,82,62,77,6,1,0
1508,1312,795,84,62,77,6,1,0
1509,1312,795,84,62,77,6,1,0
1510,1312,795,84,62,77,6,1,1
1511,1313,795,84,61,77,6,1,1
1512,1312,795,84,61,77,6,1,2
1513,1312,795,84,61,77,6,1,2
1514,1312,795,84,61,77,6,1,3
1515,1312,795,84,61,77,6,1,2
1516,1312,795,84,61,77,6,1,1
1517,1312,795,84,61,77,6,1,0
1518,1312,795,84,61,77,6,1,0
1519,1312,795,84,61,77,6,1,1
1520,1312,795,84,61,77,6,1,1
1521,1312,795,83,61,77,6,1,2
1522,1312,795,83,61,77,6,1,1
1523,1312,795,83,61,77,6,1,1
1524,1312,795,84,61,77,6,1,0
1525,1312,795,84,61,77,6,1,0
1526,1312,795,84,61,77,6,1,1
1527,1312,795,84,61,77,6,1,1
1528,1312,795,84,61,77,6,1,2
1529,1312,796,84,61,77,6,1,1
1530,1312,796,84,61,77,6,1,1
1531,1312,795,84,61,77,6,1,0
1532,1312,795,84,61,77,6,1,0
1533,1312,795,84,61,77,6,1,0
1534,1312,796,84,61,77,6,1,0
1535,1312,796,84,61,77,6,1,0
1536,1312,796,84,61,77,6,1,1
1537,1312,796,84,61,77,6,1,1
1538,1312,796,84,61,77,6,1,1
1539,1313,795,83,61,77,6,1,1
1540,1312,796,84,61,77,6,1,1
1541,1313,795,83,61,77,6,1,1
1542,1312,796,84,61,77,6,1,0
1543,1312,796,84,61,77,6,1,1
1544,1312,796,84,61,77,6,1,1
1545,1312,796,84,61,77,6,1,2
1546,1312,796,84,61,77,6,1,1
1547,1312,796,84,61,77,6,1,2
1548,1313,796,83,61,77,6,1,2
1549,1312,795,84,61,77,6,1,2
1550,1312,795,84,61,77,6,1,3
1551,1313,796,83,61,77,6,1,4
1552,1313,795,82,61,77,6,1,4
1553,1313,795,82,61,77,6,1,3
1554,1313,795,82,61,77,6,1,2
1555,1313,795,82,61,77,6,1,1
1556,1313,795,82,61,77,6,1,1
1557,1313,796,83,61,77,6,1,2
1558,1313,796,83,61,77,6,1,2
1559,1313,796,83,61,77,6,1,1
1560,1313,795,83,61,77,6,1,0
1561,1313,795,83,61,77,6,1,1
1562,1313,795,83,61,77,6,1,2
1563,1313,795,83,61,77,6,1,4
1564,1313,795,83,61,77,6,1,3
1565,1313,795,83,61,77,6,1,2
1566,1313,795,83,61,77,6,1,1
1567,1313,795,83,61,77,6,1,0
1568,1313,795,83,61,77,6,1,0
1569,1313,795,83,61,77,6,1,0
1570,1313,795,83,61,77,6,1,0
1571,1313,795,83,61,77,6,1,0
1572,1313,795,83,61,77,6,1,1
1573,1312,795,83,61,77,6,1,2
1574,1312,795,83,61,77,6,1,2
1575,1312,795,83,61,77,6,1,2
1576,1312,795,83,61,77,6,1,2
1577,1312,795,83,61,77,6,1,1
1578,1312,795,83,62,77,6,1,1
1579,1312,795,84,62,77,6,1,1
1580,1312,795,84,62,77,6,1,1
1581,1312,795,84,62,77,6,1,2
1582,1312,794,84,62,77,6,1,3
1583,1312,794,84,62,77,6,1,3
1584,1312,794,84,62,77,6,1,3
1585,1312,794,84,62,77,6,1,3
1586,1312,794,84,62,77,6,1,3
1587,1312,794,84,62,77,6,1,3
1588,1312,795,83,62,77,6,1,4
1589,1312,795,83,62,77,6,1,4
1590,1312,795,83,62,77,6,1,4
1591,1312,795,83,62,77,6,1,4
1592,1312,795,83,62,77,6,1,3
1593,1312,795,83,62,77,6,1,3
1594,1312,795,83,62,77,6,1,2
1595,1312,796,83,62,77,6,1,2
1596,1314,796,81,62,77,6,1,1
1597,1314,796,81,62,77,6,1,1
1598,1314,796,81,62,77,6,1,1
1599,1314,796,81,62,77,6,1,1
1600,1314,796,81,62,77,6,1,2
1601,1314,796,81,62,77,6,1,3
1602,1313,797,83,61,77,6,1,3
1603,1313,797,83,61,77,6,1,2
1604,1313,796,83,61,77,6,1,1
1605,1313,796,83,61,77,6,1,0
1606,1313,796,83,61,77,6,1,0
1607,1313,796,83,61,77,6,1,0
1608,1313,797,83,61,77,6,1,0
1609,1313,797,83,61,77,6,1,0
1610,1314,796,81,61,77,6,1,1
1611,1313,797,83,61,77,6,1,2
1612,1313,797,83,61,77,6,1,1
1613,1313,797,83,61,77,6,1,1
1614,1313,797,83,61,77,6,1,1
1615,1313,797,83,61,77,6,1,1
1616,1313,797,83,61,77,6,1,1
1617,1313,797,83,61,77,6,1,0
1618,1313,797,83,61,77,6,1,0
1619,1313,797,83,61,77,6,1,0
1620,1313,797,83,61,77,6,1,1
1621,1313,797,83,61,77,6,1,3
1622,1314,796,81,61,77,6,1,3
1623,1314,796,81,61,77,6,1,2
1624,1313,797,83,61,77,6,1,2
1625,1313,797,83,61,77,6,1,3
1626,1314,796,81,61,77,6,1,3
1627,1314,796,81,61,77,6,1,3
1628,1313,796,82,61,77,6,1,3
1629,1313,796,82,61,77,6,1,4
1630,1313,796,82,61,77,6,1,6
1631,1313,796,82,61,77,6,1,5
1632,1313,795,82,61,77,6,1,5
1633,1313,795,83,61,77,6,1,4
1634,1313,795,83,61,77,6,1,5
1635,1313,795,83,61,77,6,1,5
1636,1313,795,83,61,77,6,1,5
1637,1313,795,83,61,77,6,1,4
1638,1313,795,83,62,77,6,1,3
1639,1313,795,83,62,77,6,1,2
1640,1313,795,83,62,77,6,1,2
1641,1313,795,83,62,77,6,1,2
1642,1313,795,83,62,77,6,1,2
1643,1313,795,83,62,77,6,1,1
1644,1313,795,82,62,77,6,1,0
1645,1313,795,82,62,77,6,1,0
1646,1313,795,82,62,77,6,1,0
1647,1313,795,82,62,77,6,1,0
1648,1313,795,82,62,77,6,1,0
1649,1313,795,82,62,77,6,1,0
1650,1313,795,82,62,77,6,1,0
1651,1313,795,82,62,77,6,1,0
1652,1313,795,82,62,77,6,1,0
1653,1313,795,82,62,77,6,1,0
1654,1313,795,82,62,77,6,1,1
1655,1313,795,82,62,77,6,1,1
1656,1312,795,84,61,77,6,1,2
1657,1312,795,84,61,77,6,1,3
1658,1312,795,84,61,77,6,1,3
1659,1312,795,84,61,77,6,1,3
1660,1312,795,84,61,77,6,1,2
1661,1312,795,84,61,77,6,1,1
1662,1312,795,84,61,77,6,1,0
1663,1312,795,85,61,77,6,1,0
1664,1312,795,84,61,77,6,1,0
1665,1312,795,84,61,77,6,1,0
1666,1312,795,84,61,77,6,1,0
1667,1312,795,84,61,77,6,1,1
1668,1311,795,85,62,77,6,1,2
1669,1311,795,85,62,77,6,1,2
1670,1311,795,85,62,77,6,1,2
1671,1311,795,85,61,77,6,1,2
1672,1312,796,84,61,77,6,1,1
1673,1312,795,84,61,77,6,1,0
1674,1312,795,85,61,77,6,1,0
1675,1312,795,85,61,77,6,1,0
1676,1311,795,85,62,77,6,1,0
1677,1312,795,85,61,77,6,1,0
1678,1312,796,84,60,77,6,1,1
1679,1312,796,84,60,77,6,1,2
1680,1312,796,85,59,77,6,1,4
1681,1312,796,85,59,77,6,1,4
1682,1312,796,85,59,77,6,1,3
1683,1312,796,85,59,77,6,1,2
1684,1312,797,85,59,77,6,1,2
1685,1312,797,84,60,77,6,1,2
1686,1312,797,85,60,77,6,1,1
1687,1312,796,84,60,77,6,1,0
1688,1312,796,84,60,77,6,1,1
1689,1312,796,84,60,77,6,1,2
1690,1312,796,84,60,77,6,1,2
1691,1312,796,85,60,77,6,1,2
1692,1312,797,85,59,77,6,1,2
1693,1312,797,85,59,77,6,1,3
1694,1312,797,85,59,77,6,1,4
1695,1312,797,85,60,77,6,1,4
1696,1312,797,85,60,77,6,1,3
1697,1312,797,85,60,77,6,1,2
1698,1312,797,85,60,77,6,1,1
1699,1312,797,85,60,77,6,1,0
1700,1312,797,85,60,77,6,1,0
1701,1312,797,85,60,77,6,1,0
1702,1312,797,85,60,77,6,1,1
1703,1312,797,85,60,77,6,1,2
1704,1312,796,85,60,77,6,1,4
1705,1312,796,85,60,77,6,1,4
1706,1312,796,85,60,77,6,1,4
1707,1312,796,85,60,77,6,1,4
1708,1312,796,85,60,77,6,1,3
1709,1312,796,84,60,77,6,1,3
1710,1312,796,84,60,77,6,1,1
1711,1312,796,84,60,77,6,1,1
1712,1312,796,84,60,77,6,1,1
1713,1312,796,84,60,77,6,1,0
1714,1312,796,84,60,77,6,1,0
1715,1313,796,83,60,77,6,1,0
1716,1312,796,85,60,77,6,1,1
1717,1312,796,85,60,77,6,1,1
1718,1312,796,84,60,77,6,1,0
1719,1312,796,84,60,77,6,1,0
1720,1312,796,84,60,77,6,1,0
1721,1312,796,84,60,77,6,1,1
1722,1312,796,84,60,77,6,1,1
1723,1312,796,84,60,77,6,1,1
1724,1312,796,84,60,77,6,1,0
1725,1312,796,84,60,77,6,1,0
1726,1312,796,84,60,77,6,1,0
1727,1312,796,84,60,77,6,1,1
1728,1312,796,83,61,77,6,1,2
1729,1312,796,83,61,77,6,1,2
1730,1312,796,83,61,77,6,1,2
1731,1312,796,83,61,77,6,1,2
1732,1312,796,83,61,77,6,1,2
1733,1312,795,82,61,77,6,1,1
1734,1312,795,82,61,77,6,1,1
1735,1312,795,82,61,77,6,1,1
1736,1312,795,82,61,77,6,1,1
1737,1312,795,82,61,77,6,1,0
1738,1312,795,82,61,77,6,1,0
1739,1312,795,82,61,77,6,1,0
1740,1312,795,82,61,77,6,1,0
1741,1312,795,82,61,77,6,1,0
1742,1312,795,82,61,77,6,1,0
1743,1312,795,82,61,77,6,1,0
1744,1312,795,82,61,77,6,1,0
1745,1312,795,82,61,77,6,1,0
1746,1312,795,82,61,77,6,1,0
1747,1313,795,82,61,77,6,1,1
1748,1313,795,82,61,77,6,1,1
1749,1313,795,82,61,77,6,1,0
1750,1312,795,82,61,77,6,1,0
1751,1312,795,82,61,77,6,1,0
1752,1313,796,82,60,77,6,1,0
1753,1313,796,82,60,77,6,1,0
1754,1313,796,82,60,77,6,1,0
1755,1313,796,81,60,77,6,1,0
1756,1313,796,82,61,77,6,1,0
1757,1313,796,82,61,77,6,1,0
1758,1313,796,82,61,77,6,1,0
1759,1313,796,82,61,77,6,1,1
1760,1313,796,82,61,77,6,1,1
1761,1313,796,82,61,77,6,1,1
1762,1313,796,82,61,77,6,1,1
1763,1313,796,82,61,77,6,1,1
1764,1314,796,81,61,77,6,1,1
1765,1314,796,81,60,77,6,1,1
1766,1314,796,81,60,77,6,1,2
1767,1314,796,81,61,77,6,1,2
1768,1314,795,81,61,77,6,1,3
1769,1314,795,81,61,77,6,1,2
1770,1314,795,81,61,77,6,1,2
1771,1314,796,81,61,77,6,1,1
1772,1314,795,81,61,77,6,1,1
1773,1314,795,81,61,77,6,1,0
1774,1314,795,81,61,77,6,1,0
1775,1314,795,81,61,77,6,1,0
1776,1313,796,83,61,77,6,1,1
1777,1313,796,82,61,77,6,1,2
1778,1313,796,82,61,77,6,1,4
1779,1313,796,82,61,77,6,1,4
1780,1313,796,82,61,77,6,1,3
1781,1314,796,82,61,77,6,1,3
1782,1314,796,81,61,77,6,1,3
1783,1314,796,82,60,77,6,1,4
1784,1314,796,82,60,77,6,1,5
1785,1314,796,82,60,77,6,1,4
1786,1314,795,82,61,77,6,1,3
1787,1314,795,82,61,77,6,1,2
1788,1314,795,82,62,77,6,1,1
1789,1315,795,81,62,77,6,1,1
1790,1315,795,81,62,77,6,1,1
1791,1315,795,81,62,77,6,1,0
1792,1315,795,81,62,77,6,1,0
1793,1315,795,81,62,77,6,1,0
1794,1315,795,81,62,77,6,1,1
1795,1315,795,81,62,77,6,1,2
1796,1314,795,82,62,77,6,1,3
1797,1314,795,82,62,77,6,1,3
1798,1314,795,82,62,77,6,1,3
1799,1314,795,82,62,77,6,1,2
1800,1313,795,83,62,77,6,1,2
1801,1313,795,83,62,77,6,1,1
1802,1313,795,83,62,77,6,1,1
1803,1313,795,83,62,77,6,1,1
1804,1313,795,83,62,77,6,1,1
1805,1313,795,83,62,77,6,1,2
1806,1313,795,82,61,77,6,1,2
1807,1313,795,83,61,77,6,1,3
1808,1313,795,83,61,77,6,1,2
1809,1313,795,83,61,77,6,1,2
1810,1313,796,82,61,77,6,1,2
1811,1313,795,82,61,77,6,1,2
1812,1315,796,81,61,77,6,1,2
1813,1315,796,81,61,77,6,1,2
1814,1315,796,81,61,77,6,1,2
1815,1314,796,81,61,77,6,1,2
1816,1314,796,81,61,77,6,1,2
1817,1314,796,81,61,77,6,1,2
1818,1314,796,81,61,77,6,1,1
1819,1315,796,81,61,77,6,1,0
1820,1314,796,81,61,77,6,1,0
1821,1314,796,81,61,77,6,1,0
1822,1315,796,81,61,77,6,1,0
1823,1314,796,81,61,77,6,1,1
1824,1314,796,81,61,77,6,1,2
1825,1314,795,82,61,77,6,1,2
1826,1314,795,82,62,77,6,1,2
1827,1314,796,81,62,77,6,1,1
1828,1314,796,81,62,77,6,1,1
1829,1315,796,81,62,77,6,1,1
1830,1315,796,81,61,77,6,1,1
1831,1315,796,81,61,77,6,1,2
1832,1315,796,81,61,77,6,1,1
1833,1315,796,81,61,77,6,1,2
1834,1315,796,81,62,77,6,1,1
1835,1315,795,82,62,77,6,1,1
1836,1314,795,82,62,77,6,1,0
1837,1315,796,82,61,77,6,1,0
1838,1315,796,82,61,77,6,1,0
1839,1315,796,82,61,77,6,1,0
1840,1315,796,82,61,77,6,1,1
1841,1315,796,82,61,77,6,1,1
1842,1315,795,82,61,77,6,1,1
1843,1315,796,82,61,77,6,1,0
1844,1315,796,82,61,77,6,1,0
1845,1315,796,82,62,77,6,1,0
1846,1314,796,82,61,77,6,1,1
1847,1314,797,83,60,77,6,1,1
1848,1314,797,82,60,77,6,1,1
1849,1314,797,82,60,77,6,1,0
1850,1314,797,82,60,77,6,1,0
1851,1314,797,81,60,77,6,1,1
1852,1314,797,81,60,77,6,1,1
1853,1315,797,81,60,77,6,1,1
1854,1315,797,81,60,77,6,1,1
1855,1314,797,81,60,77,6,1,1
1856,1314,797,82,61,77,6,1,1
1857,1314,797,82,61,77,6,1,2
1858,1314,797,82,61,77,6,1,2
1859,1314,797,82,61,77,6,1,2
1860,1314,797,82,61,77,6,1,1
1861,1314,797,82,61,77,6,1,0
1862,1314,797,82,61,77,6,1,0
1863,1314,797,82,61,77,6,1,1
1864,1314,797,82,61,77,6,1,1
1865,1315,796,81,62,77,6,1,1
1866,1314,797,82,61,77,6,1,0
1867,1315,797,80,61,77,6,1,0
1868,1315,797,80,61,77,6,1,0
1869,1314,797,82,61,77,6,1,0
1870,1314,797,83,61,77,6,1,0
1871,1314,797,81,61,77,6,1,1
1872,1314,796,81,61,77,6,1,2
1873,1314,796,81,61,77,6,1,3
1874,1314,796,81,61,77,6,1,3
1875,1315,796,81,61,77,6,1,2
1876,1314,797,83,61,77,6,1,2
1877,1314,797,83,61,77,6,1,2
1878,1314,797,83,61,77,6,1,2
1879,1314,797,83,61,77,6,1,1
1880,1314,796,82,61,77,6,1,2
1881,1314,796,81,61,77,6,1,3
1882,1314,796,81,61,77,6,1,3
1883,1314,796,81,61,77,6,1,3
1884,1314,796,81,61,77,6,1,2
1885,1314,796,80,61,77,6,1,3
1886,1314,796,82,61,77,6,1,3
1887,1314,796,82,61,77,6,1,3
1888,1314,796,82,61,77,6,1,3
1889,1314,796,82,61,77,6,1,2
1890,1315,796,81,61,77,6,1,1
1891,1314,796,81,61,77,6,1,0
1892,1314,796,81,61,77,6,1,0
1893,1314,796,82,61,77,6,1,0
1894,1314,796,82,61,77,6,1,0
1895,1314,796,82,61,77,6,1,1
1896,1313,795,83,61,77,6,1,3
1897,1313,795,83,61,77,6,1,4
1898,1313,795,83,61,77,6,1,5
1899,1313,795,83,61,77,6,1,5
1900,1313,795,83,61,77,6,1,4
1901,1313,795,82,61,77,6,1,3
1902,1313,795,83,61,77,6,1,1
1903,1313,795,83,61,77,6,1,0
1904,1313,795,82,61,77,6,1,0
1905,1313,795,82,61,77,6,1,1
1906,1313,795,82,61,77,6,1,3
1907,1313,795,82,62,77,6,1,4
1908,1313,796,82,62,77,6,1,5
1909,1313,796,82,62,77,6,1,6
1910,1313,796,82,62,77,6,1,6
1911,1313,796,82,62,77,6,1,5
1912,1313,796,82,61,77,6,1,4
1913,1313,796,82,62,77,6,1,3
1914,1313,796,82,61,77,6,1,3
1915,1313,796,82,61,77,6,1,2
1916,1312,796,85,61,77,6,1,2
1917,1312,797,85,61,77,6,1,1
1918,1312,796,85,61,77,6,1,1
1919,1312,797,84,61,77,6,1,0
1920,1312,797,84,60,77,6,1,0
1921,1312,797,84,60,77,6,1,0
1922,1312,797,84,60,77,6,1,1
1923,1312,797,83,60,77,6,1,1
1924,1313,797,83,60,77,6,1,1
1925,1313,797,83,60,77,6,1,1
1926,1313,796,83,61,77,6,1,1
1927,1313,796,83,61,77,6,1,2
1928,1313,796,83,61,77,6,1,2
1929,1313,796,83,61,77,6,1,2
1930,1313,796,83,61,77,6,1,2
1931,1313,796,83,61,77,6,1,2
1932,1313,796,83,61,77,6,1,2
1933,1313,796,83,61,77,6,1,1
1934,1313,796,83,61,77,6,1,1
1935,1313,796,83,61,77,6,1,1
1936,1313,796,82,61,77,6,1,2
1937,1313,796,82,61,77,6,1,3
1938,1314,797,82,61,77,6,1,4
1939,1314,797,82,61,77,6,1,4
1940,1314,797,82,61,77,6,1,3
1941,1314,797,82,61,77,6,1,2
1942,1314,796,82,61,77,6,1,2
1943,1314,797,82,61,77,6,1,2
1944,1313,796,82,61,77,6,1,2
1945,1313,796,82,60,77,6,1,3
1946,1312,795,83,61,77,6,1,2
1947,1313,795,83,61,77,6,1,3
1948,1313,795,83,61,77,6,1,2
1949,1313,795,83,61,77,6,1,2
1950,1313,795,83,61,77,6,1,1
1951,1313,795,83,61,77,6,1,0
1952,1313,795,83,61,77,6,1,0
1953,1313,795,83,61,77,6,1,0
1954,1313,795,83,61,77,6,1,0
1955,1313,795,83,61,77,6,1,0
1956,1313,796,84,61,77,6,1,0
1957,1313,796,83,61,77,6,1,0
1958,1313,796,83,61,77,6,1,1
1959,1313,796,83,61,77,6,1,1
1960,1313,796,82,61,77,6,1,1
1961,1313,795,82,61,77,6,1,0
1962,1313,795,82,61,77,6,1,0
1963,1313,795,82,61,77,6,1,0
1964,1313,795,82,61,77,6,1,0
1965,1313,795,82,62,77,6,1,0
1966,1313,795,83,62,77,6,1,0
1967,1313,795,83,62,77,6,1,1
1968,1313,795,83,61,77,6,1,1
1969,1313,795,83,61,77,6,1,1
1970,1313,795,83,61,77,6,1,2
1971,1313,795,83,61,77,6,1,2
1972,1313,795,83,61,77,6,1,2
1973,1313,795,83,62,77,6,1,1
1974,1313,795,84,62,77,6,1,2
1975,1313,795,84,61,77,6,1,3
1976,1313,795,83,62,77,6,1,4
1977,1313,795,84,62,77,6,1,4
1978,1313,795,84,62,77,6,1,4
1979,1313,795,84,62,77,6,1,2
1980,1314,795,83,62,77,6,1,2
1981,1314,795,83,62,77,6,1,1
1982,1313,795,84,62,77,6,1,1
1983,1313,795,84,62,77,6,1,1
1984,1313,795,84,63,77,6,1,2
1985,1313,795,84,63,77,6,1,1
1986,1314,795,82,62,77,6,1,1
1987,1314,795,82,62,77,6,1,1
1988,1314,795,82,62,77,6,1,2
1989,1314,795,82,62,77,6,1,3
1990,1314,795,82,62,77,6,1,3
1991,1314,795,82,62,77,6,1,2
1992,1314,795,82,62,77,6,1,1
1993,1314,795,82,62,77,6,1,1
1994,1314,795,82,62,77,6,1,1
1995,1314,795,82,62,77,6,1,1
1996,1313,796,84,61,77,6,1,0
1997,1313,796,84,61,77,6,1,0
1998,1313,796,84,61,77,6,1,0
1999,1313,796,84,61,77,6,1,0
2000,1314,796,83,61,77,6,1,1
2001,1313,796,84,61,77,6,1,1
2002,1314,796,84,61,77,6,1,2
2003,1313,796,84,61,77,6,1,2
2004,1313,795,84,61,77,6,1,3
2005,1313,795,84,61,77,6,1,2
2006,1313,796,84,61,77,6,1,1
2007,1313,796,84,61,77,6,1,1
2008,1313,796,84,61,77,6,1,2
2009,1313,796,83,61,77,6,1,3
2010,1313,796,83,61,77,6,1,3
2011,1313,796,84,61,77,6,1,2
2012,1313,796,84,61,77,6,1,1
2013,1313,796,84,61,77,6,1,0
2014,1313,796,84,61,77,6,1,0
2015,1313,796,84,61,77,6,1,0
2016,1312,796,84,61,77,6,1,0
2017,1312,796,84,61,77,6,1,0
2018,1312,796,84,61,77,6,1,1
2019,1312,796,84,61,77,6,1,2
2020,1313,795,83,61,77,6,1,3
2021,1313,795,83,61,77,6,1,3
2022,1312,795,83,61,77,6,1,3
2023,1312,795,83,61,77,6,1,4
2024,1312,795,83,61,77,6,1,5
2025,1312,795,83,61,77,6,1,6
2026,1313,796,84,61,77,6,1,5
2027,1313,796,84,62,77,6,1,4
2028,1313,796,84,61,77,6,1,2
2029,1313,796,84,61,77,6,1,2
2030,1313,796,84,61,77,6,1,1
2031,1314,797,83,60,77,6,1,1
2032,1313,796,84,61,77,6,1,1
2033,1313,796,83,61,77,6,1,0
2034,1313,796,83,61,77,6,1,0
2035,1313,796,83,61,77,6,1,0
2036,1314,796,83,61,77,6,1,0
2037,1314,796,83,61,77,6,1,0
2038,1313,796,83,61,77,6,1,0
2039,1313,796,84,61,77,6,1,0
2040,1313,797,84,61,77,6,1,0
2041,1314,796,82,61,77,6,1,1
2042,1314,797,83,61,77,6,1,1
2043,1314,797,83,60,77,6,1,1
2044,1314,797,83,60,77,6,1,1
2045,1313,796,84,61,77,6,1,1
2046,1314,796,82,61,77,6,1,1
2047,1314,796,83,61,77,6,1,1
2048,1314,796,83,61,77,6,1,2
2049,1314,796,83,61,77,6,1,4
2050,1313,795,83,61,77,6,1,4
2051,1313,796,83,62,77,6,1,4
2052,1313,796,83,61,77,6,1,3
2053,1313,796,83,61,77,6,1,3
2054,1313,796,83,62,77,6,1,3
2055,1313,796,83,62,77,6,1,3
2056,1313,797,83,60,77,6,1,3
2057,1313,797,83,60,77,6,1,2
2058,1313,797,83,60,77,6,1,2
2059,1313,797,83,60,77,6,1,1
2060,1313,796,83,60,77,6,1,2
2061,1313,797,83,61,77,6,1,1
2062,1313,796,83,60,77,6,1,1
2063,1313,797,84,60,77,6,1,1
2064,1314,797,82,60,77,6,1,1
2065,1313,797,83,60,77,6,1,1
2066,1314,796,81,60,77,6,1,2
2067,1314,796,81,60,77,6,1,3
2068,1314,796,81,60,77,6,1,3
2069,1314,796,81,60,77,6,1,4
2070,1314,796,81,60,77,6,1,3
2071,1314,796,81,60,77,6,1,3
2072,1314,796,81,60,77,6,1,2
2073,1314,796,82,61,77,6,1,2
2074,1314,796,81,60,77,6,1,2
2075,1314,796,81,61,77,6,1,2
2076,1314,797,83,59,77,6,1,1
2077,1315,797,82,59,77,6,1,1
2078,1315,797,82,59,77,6,1,0
2079,1315,797,82,59,77,6,1,0
2080,1315,797,83,60,77,6,1,0
2081,1314,797,83,60,77,6,1,0
2082,1314,797,83,59,77,6,1,1
2083,1314,797,83,59,77,6,1,1
2084,1314,797,83,60,77,6,1,1
2085,1314,797,83,59,77,6,1,0
2086,1314,797,83,60,77,6,1,1
2087,1314,795,83,62,77,6,1,2
2088,1312,795,84,62,77,6,1,4
2089,1312,795,84,62,77,6,1,4
2090,1312,795,84,62,77,6,1,4
2091,1312,795,84,62,77,6,1,4
2092,1312,795,84,63,77,6,1,3
2093,1312,795,85,62,77,6,1,3
2094,1313,795,83,62,77,6,1,3
2095,1313,795,83,62,77,6,1,3
2096,1313,795,83,62,77,6,1,2
2097,1313,795,83,62,77,6,1,2
2098,1313,795,83,62,77,6,1,2
2099,1313,795,84,61,77,6,1,1
2100,1312,795,84,62,77,6,1,1
2101,1312,795,84,62,77,6,1,1
2102,1312,795,84,62,77,6,1,1
2103,1312,795,84,61,77,6,1,1
2104,1312,795,84,62,77,6,1,1
2105,1312,795,84,62,77,6,1,1
2106,1312,795,84,62,77,6,1,0
2107,1312,795,85,62,77,6,1,0
2108,1312,795,84,62,77,6,1,0
2109,1313,795,82,61,77,6,1,0
2110,1313,795,82,61,77,6,1,1
2111,1313,795,82,61,77,6,1,2
2112,1314,796,82,60,77,6,1,3
2113,1314,796,82,60,77,6,1,3
2114,1314,796,82,60,77,6,1,2
2115,1314,796,82,60,77,6,1,1
2116,1314,796,82,60,77,6,1,1
2117,1314,796,82,60,77,6,1,0
2118,1314,796,83,60,77,6,1,1
2119,1314,796,82,60,77,6,1,1
2120,1313,797,83,60,77,6,1,2
2121,1313,796,83,60,77,6,1,1
2122,1313,797,83,60,77,6,1,2
2123,1314,797,83,60,77,6,1,3
2124,1313,797,83,60,77,6,1,3
2125,1313,797,83,60,77,6,1,3
2126,1313,797,83,60,77,6,1,2
2127,1313,796,83,61,77,6,1,2
2128,1313,796,84,61,77,6,1,1
2129,1313,796,84,61,77,6,1,2
2130,1312,796,84,61,77,6,1,4
2131,1313,796,84,61,77,6,1,4
2132,1313,796,84,61,77,6,1,3
2133,1313,796,84,61,77,6,1,1
2134,1313,796,84,60,77,6,1,1
2135,1313,796,84,60,77,6,1,1
2136,1314,796,84,61,77,6,1,1
2137,1313,796,84,61,77,6,1,0
2138,1313,796,83,61,77,6,1,0
2139,1313,796,83,61,77,6,1,0
2140,1313,796,83,61,77,6,1,1
2141,1313,796,83,61,77,6,1,2
2142,1313,796,83,61,77,6,1,2
2143,1313,796,83,61,77,6,1,2
2144,1313,796,83,61,77,6,1,1
2145,1313,796,83,61,77,6,1,1
2146,1313,796,83,61,77,6,1,0
2147,1313,796,83,61,77,6,1,0
2148,1313,796,84,61,77,6,1,0
2149,1313,796,84,61,77,6,1,0
2150,1313,796,84,61,77,6,1,0
2151,1313,796,84,61,77,6,1,0
2152,1313,796,84,61,77,6,1,0
2153,1313,796,84,61,77,6,1,0
2154,1313,796,84,61,77,6,1,0
2155,1313,796,83,61,77,6,1,0
2156,1313,796,84,61,77,6,1,0
2157,1313,796,84,61,77,6,1,0
2158,1314,796,83,61,77,6,1,0
2159,1314,796,83,61,77,6,1,1
2160,1314,796,83,61,77,6,1,1
2161,1314,796,83,61,77,6,1,1
2162,1314,796,83,61,77,6,1,1
2163,1314,796,83,61,77,6,1,1
2164,1314,796,83,61,77,6,1,1
2165,1314,796,83,61,77,6,1,1
2166,1314,796,83,61,77,6,1,1
2167,1314,796,83,61,77,6,1,0
2168,1314,796,83,61,77,6,1,0
2169,1314,796,83,61,77,6,1,0
2170,1314,796,83,61,77,6,1,0
2171,1314,796,83,61,77,6,1,0
2172,1313,796,84,60,77,6,1,1
2173,1313,796,83,60,77,6,1,1
2174,1313,796,83,60,77,6,1,0
2175,1313,796,84,60,77,6,1,0
2176,1313,796,83,60,77,6,1,0
2177,1313,796,83,60,77,6,1,0
2178,1313,796,83,60,77,6,1,0
2179,1313,796,84,61,77,6,1,1
2180,1313,796,84,61,77,6,1,1
2181,1313,796,84,61,77,6,1,1
2182,1313,796,84,61,77,6,1,2
2183,1313,796,83,61,77,6,1,2
2184,1314,797,83,60,77,6,1,2
2185,1314,797,83,60,77,6,1,1
2186,1314,797,83,60,77,6,1,1
2187,1314,797,83,60,77,6,1,1
2188,1314,797,83,60,77,6,1,2
2189,1312,797,84,60,77,6,1,2
2190,1312,797,84,60,77,6,1,3
2191,1312,797,84,60,77,6,1,2
2192,1312,797,84,60,77,6,1,2
2193,1312,796,85,60,77,6,1,1
2194,1312,796,85,60,77,6,1,1
2195,1312,796,85,60,77,6,1,1
2196,1312,797,84,60,77,6,1,0
2197,1312,797,84,60,77,6,1,0
2198,1312,797,84,60,77,6,1,0
2199,1313,797,84,60,77,6,1,1
2200,1313,797,84,60,77,6,1,1
2201,1313,797,84,60,77,6,1,0
2202,1313,797,84,60,77,6,1,0
2203,1313,797,84,60,77,6,1,0
2204,1313,797,84,60,77,6,1,0
2205,1313,797,84,60,77,6,1,0
2206,1313,797,84,60,77,6,1,0
2207,1313,797,84,60,77,6,1,1
2208,1313,796,84,61,77,6,1,2
2209,1313,796,83,60,77,6,1,2
2210,1313,796,83,61,77,6,1,1
2211,1313,796,83,61,77,6,1,1
2212,1313,796,83,61,77,6,1,1
2213,1313,796,83,61,77,6,1,1
2214,1313,796,83,61,77,6,1,1
2215,1313,796,83,61,77,6,1,0
2216,1313,796,83,60,77,6,1,0
2217,1313,796,83,61,77,6,1,0
2218,1313,796,83,61,77,6,1,0
2219,1313,796,83,61,77,6,1,0
2220,1313,796,83,61,77,6,1,0
2221,1313,796,83,61,77,6,1,0
2222,1313,796,83,61,77,6,1,0
2223,1313,796,83,61,77,6,1,0
2224,1313,796,83,61,77,6,1,0
2225,1314,796,83,61,77,6,1,1
2226,1314,796,83,61,77,6,1,1
2227,1314,797,83,61,77,6,1,2
2228,1314,797,83,61,77,6,1,4
2229,1314,797,82,61,77,6,1,5
2230,1314,797,82,61,77,6,1,4
2231,1314,797,82,61,77,6,1,3
2232,1315,796,81,61,77,6,1,2
2233,1315,796,81,61,77,6,1,2
2234,1315,796,81,61,77,6,1,3
2235,1315,796,81,61,77,6,1,4
2236,1315,796,81,61,77,6,1,3
2237,1315,796,81,61,77,6,1,2
2238,1315,796,81,61,77,6,1,1
2239,1315,796,81,61,77,6,1,0
2240,1314,796,81,61,77,6,1,0
2241,1314,796,81,61,77,6,1,0
2242,1314,796,81,61,77,6,1,0
2243,1314,796,81,61,77,6,1,1
2244,1314,796,81,61,77,6,1,1
2245,1314,796,81,61,77,6,1,2
2246,1314,796,81,61,77,6,1,2
2247,1314,796,81,61,77,6,1,1
2248,1314,796,81,61,77,6,1,1
2249,1314,796,82,61,77,6,1,1
2250,1314,796,82,61,77,6,1,2
2251,1314,796,82,61,77,6,1,2
2252,1314,796,82,61,77,6,1,2
2253,1314,796,82,61,77,6,1,3
2254,1314,796,82,61,77,6,1,4
2255,1314,796,81,60,77,6,1,5
2256,1314,797,83,61,77,6,1,6
2257,1314,797,83,61,77,6,1,5
2258,1314,797,83,61,77,6,1,4
2259,1313,796,84,60,77,6,1,2
2260,1313,796,84,60,77,6,1,3
2261,1313,796,84,60,77,6,1,3
2262,1313,796,84,60,77,6,1,3
2263,1313,797,84,60,77,6,1,3
2264,1313,797,84,60,77,6,1,3
2265,1313,797,84,60,77,6,1,3
2266,1313,797,84,60,77,6,1,3
2267,1313,797,84,60,77,6,1,2
2268,1313,797,84,60,77,6,1,1
2269,1313,796,84,61,77,6,1,1
2270,1313,796,84,61,77,6,1,0
2271,1313,796,84,61,77,6,1,0
2272,1313,796,84,61,77,6,1,0
2273,1313,796,84,61,77,6,1,0
2274,1313,796,84,61,77,6,1,0
2275,1313,796,84,61,77,6,1,0
2276,1313,796,84,61,77,6,1,0
2277,1313,796,84,61,77,6,1,0
2278,1313,796,84,61,77,6,1,0
38,1821,1000,53,46,78,6,0,5
39,1821,1000,53,46,78,6,0,4
40,1821,1000,53,46,78,6,0,3
41,1821,1000,53,46,78,6,0,2
42,1821,1000,53,46,78,6,0,1
43,1821,1000,53,46,78,6,0,1
44,1821,1000,53,46,78,6,0,0
45,1821,1001,53,45,78,6,0,0
46,1821,1000,53,45,78,6,0,0
47,1821,1001,53,45,78,6,0,0
48,1821,1000,53,46,78,6,0,0
49,1821,1000,53,46,78,6,0,0
50,1821,1000,53,46,78,6,0,0
51,1821,1000,53,46,78,6,0,1
52,1821,1000,53,46,78,6,0,0
53,1821,1000,53,46,78,6,0,0
54,1821,1000,53,46,78,6,0,0
55,1821,1000,53,46,78,6,0,0
56,1821,1000,53,46,78,6,0,0
57,1821,1000,53,46,78,6,0,0
58,1821,1000,53,46,78,6,0,0
59,1821,1000,53,46,78,6,0,0
60,1821,1000,53,46,78,6,0,0
61,1821,1000,53,46,78,6,0,0
62,1822,1000,53,46,78,6,0,0
63,1822,1000,53,46,78,6,0,0
64,1822,1000,53,46,78,6,0,0
65,1822,1000,53,46,78,6,0,1
66,1822,1000,53,46,78,6,0,1
67,1822,1001,53,46,78,6,0,1
68,1822,1000,53,46,78,6,0,0
69,1822,1000,53,46,78,6,0,0
70,1822,1000,53,46,78,6,0,0
71,1822,1000,53,46,78,6,0,0
72,1822,1001,53,45,78,6,0,0
73,1822,1001,53,46,78,6,0,0
74,1822,1000,53,46,78,6,0,0
75,1822,1000,53,46,78,6,0,0
76,1822,1000,53,46,78,6,0,0
77,1822,1000,53,46,78,6,0,0
78,1822,1000,53,46,78,6,0,0
79,1822,1000,53,46,78,6,0,0
80,1822,1000,53,46,78,6,0,0
81,1822,1000,53,47,78,6,0,0
82,1822,1000,53,47,78,6,0,0
83,1822,1000,53,47,78,6,0,0
84,1822,1000,53,46,78,6,0,0
85,1822,1000,53,46,78,6,0,0
86,1822,1000,53,46,78,6,0,0
87,1822,1000,53,46,78,6,0,0
88,1822,1000,53,46,78,6,0,0
89,1822,1000,53,46,78,6,0,0
90,1822,1000,53,46,78,6,0,0
91,1822,1000,53,46,78,6,0,0
92,1822,1000,53,46,78,6,0,0
93,1822,1000,53,46,78,6,0,0
94,1822,1000,53,46,78,6,0,0
95,1822,1000,52,46,78,6,0,0
96,1822,1001,52,45,78,6,0,0
97,1822,1001,52,45,78,6,0,0
98,1822,1001,52,45,78,6,0,0
99,1822,1001,52,46,78,6,0,0
100,1822,1001,52,46,78,6,0,0
101,1822,1001,52,46,78,6,0,0
102,1822,1000,52,46,78,6,0,0
103,1822,1000,52,46,78,6,0,0
104,1822,1000,52,46,78,6,0,0
105,1822,1000,52,46,78,6,0,1
106,1822,1000,52,46,78,6,0,0
107,1822,1001,52,45,78,6,0,0
108,1822,1000,52,46,78,6,0,0
109,1822,1000,52,46,78,6,0,0
110,1822,1001,52,46,78,6,0,1
111,1822,1001,52,46,78,6,0,0
112,1822,1001,52,46,78,6,0,1
113,1822,1001,52,46,78,6,0,1
114,1822,1001,52,46,78,6,0,2
115,1822,1001,52,46,78,6,0,1
116,1822,1001,52,46,78,6,0,0
117,1822,1001,52,46,78,6,0,0
118,1822,1001,52,46,78,6,0,0
119,1822,1001,52,46,78,6,0,0
120,1822,1000,52,46,78,6,0,1
121,1822,1000,52,46,78,6,0,1
122,1822,999,52,47,78,6,0,2
123,1822,999,52,47,78,6,0,3
124,1822,999,52,47,78,6,0,3
125,1822,999,52,47,78,6,0,2
126,1822,999,52,47,78,6,0,1
127,1822,999,52,47,78,6,0,1
128,1822,999,52,47,78,6,0,1
129,1822,999,52,47,78,6,0,0
130,1822,999,52,47,78,6,0,0
131,1822,999,52,47,78,6,0,0
132,1822,999,52,47,78,6,0,0
133,1822,999,52,47,78,6,0,0
134,1822,999,52,47,78,6,0,0
135,1822,999,52,47,78,6,0,0
136,1822,999,52,47,78,6,0,0
137,1822,999,52,47,78,6,0,0
138,1822,999,52,47,78,6,0,0
139,1822,999,52,47,78,6,0,0
140,1822,999,52,47,78,6,0,0
141,1822,999,52,47,78,6,0,0
142,1822,999,52,47,78,6,0,0
143,1822,999,52,47,78,6,0,0
144,1822,999,52,47,78,6,0,0
145,1822,999,52,47,78,6,0,0
146,1822,999,52,47,78,6,0,0
147,1822,999,52,47,78,6,0,0
148,1822,999,52,47,78,6,0,0
149,1822,999,53,47,78,6,0,0
150,1822,999,53,47,78,6,0,0
151,1822,999,53,47,78,6,0,0
152,1822,999,53,47,78,6,0,0
153,1822,999,53,47,78,6,0,0
154,1822,999,52,47,78,6,0,0
155,1822,999,52,47,78,6,0,0
156,1822,999,53,47,78,6,0,0
157,1822,999,53,47,78,6,0,0
158,1822,999,52,47,78,6,0,0
159,1822,999,52,47,78,6,0,0
160,1822,999,52,47,78,6,0,0
161,1822,999,52,47,78,6,0,0
162,1822,999,52,47,78,6,0,0
163,1822,999,52,47,78,6,0,0
164,1822,999,52,47,78,6,0,0
165,1822,999,52,47,78,6,0,0
166,1822,999,52,47,78,6,0,0
167,1822,999,52,47,78,6,0,0
168,1822,999,52,47,78,6,0,0
169,1822,999,52,47,78,6,0,0
170,1822,999,52,47,78,6,0,0
171,1822,999,52,47,78,6,0,0
172,1822,999,52,47,78,6,0,0
173,1822,999,52,47,78,6,0,0
174,1822,999,52,47,78,6,0,0
175,1822,999,52,47,78,6,0,0
176,1822,999,52,47,78,6,0,0
177,1822,999,52,47,78,6,0,0
178,1822,999,52,47,78,6,0,0
179,1822,999,52,47,78,6,0,0
180,1822,999,52,47,78,6,0,0
181,1822,999,52,47,78,6,0,0
182,1822,999,52,47,78,6,0,0
183,1822,999,52,47,78,6,0,0
184,1822,999,52,47,78,6,0,0
185,1822,999,52,47,78,6,0,0
186,1822,999,52,47,78,6,0,0
187,1822,999,52,47,78,6,0,0
188,1822,999,52,47,78,6,0,0
189,1822,1000,54,46,78,6,0,1
190,1822,999,53,46,78,6,0,2
191,1822,999,53,46,78,6,0,2
192,1822,999,53,46,78,6,0,2
193,1822,999,53,46,78,6,0,1
194,1822,1000,53,46,78,6,0,1
195,1822,1000,53,46,78,6,0,1
196,1822,1000,53,45,78,6,0,1
197,1822,1000,53,46,78,6,0,2
198,1822,1000,53,46,78,6,0,2
199,1822,999,53,47,78,6,0,2
200,1822,999,53,47,78,6,0,0
201,1822,999,53,47,78,6,0,0
202,1822,999,53,47,78,6,0,1
203,1822,999,53,47,78,6,0,1
204,1822,999,53,47,78,6,0,2
205,1822,998,53,47,78,6,0,1
206,1822,999,53,47,78,6,0,1
207,1822,999,53,47,78,6,0,1
208,1822,999,53,47,78,6,0,1
209,1822,998,53,47,78,6,0,1
210,1822,999,53,47,78,6,0,1
211,1822,999,53,47,78,6,0,1
212,1822,999,53,47,78,6,0,1
213,1822,998,53,47,78,6,0,1
214,1822,998,53,47,78,6,0,1
215,1822,998,53,47,78,6,0,1
216,1822,998,53,47,78,6,0,2
217,1822,998,53,47,78,6,0,1
218,1822,998,53,47,78,6,0,1
219,1822,998,53,47,78,6,0,2
220,1822,999,53,47,78,6,0,3
221,1822,999,53,47,78,6,0,3
222,1822,999,53,47,78,6,0,3
223,1821,999,53,48,78,6,0,2
224,1822,999,53,47,78,6,0,3
225,1822,999,52,46,78,6,0,5
226,1824,999,50,46,78,6,0,7
227,1830,999,45,46,78,6,0,9
228,1830,999,44,46,78,6,0,10
229,1833,999,41,46,78,6,0,10
230,1833,999,41,46,78,6,0,8
231,1831,999,43,46,78,6,0,5
232,1830,999,44,46,78,6,0,4
233,1827,999,46,47,78,6,0,5
234,1826,999,48,46,78,6,0,6
235,1824,999,50,47,78,6,0,6
236,1824,999,50,46,78,6,0,6
237,1824,999,50,46,78,6,0,5
238,1824,999,50,47,78,6,0,5
239,1825,999,49,47,78,6,0,2
240,1823,999,51,47,78,6,0,2
241,1824,999,51,46,78,6,0,1
242,1822,999,52,47,78,6,0,1
243,1822,999,52,47,78,6,0,2
244,1822,999,52,47,78,6,0,2
245,1822,999,52,47,78,6,0,2
246,1822,999,52,47,78,6,0,1
247,1822,998,52,47,78,6,0,2
248,1822,998,52,47,78,6,0,2
249,1822,998,53,47,78,6,0,3
250,1823,999,52,47,78,6,0,2
251,1823,998,52,47,78,6,0,3
252,1822,999,52,47,78,6,0,2
253,1822,999,52,47,78,6,0,2
254,1822,999,52,47,78,6,0,1
255,1822,999,52,47,78,6,0,2
256,1822,999,52,47,78,6,0,1
257,1822,999,52,47,78,6,0,1
258,1822,999,52,47,78,6,0,0
259,1822,999,52,47,78,6,0,0
260,1822,999,52,47,78,6,0,0
261,1822,999,52,47,78,6,0,0
262,1822,999,52,47,78,6,0,0
263,1822,999,52,47,78,6,0,0
264,1822,999,52,47,78,6,0,0
265,1822,999,52,47,78,6,0,0
266,1822,999,52,47,78,6,0,0
267,1822,999,52,47,78,6,0,0
268,1822,999,52,47,78,6,0,0
269,1822,999,52,47,78,6,0,0
270,1822,999,52,47,78,6,0,0
271,1822,999,52,47,78,6,0,0
272,1822,999,52,47,78,6,0,0
273,1822,999,52,47,78,6,0,0
274,1822,999,52,47,78,6,0,0
275,1822,999,52,47,78,6,0,0
276,1822,999,52,47,78,6,0,0
277,1822,999,52,47,78,6,0,0
278,1822,999,52,47,78,6,0,0
279,1822,999,52,47,78,6,0,0
280,1822,999,52,47,78,6,0,0
281,1822,999,52,47,78,6,0,0
282,1822,999,52,47,78,6,0,0
283,1822,999,52,47,78,6,0,0
284,1822,999,52,47,78,6,0,0
285,1822,999,52,47,78,6,0,0
286,1822,999,52,47,78,6,0,0
287,1822,999,52,47,78,6,0,0
288,1822,999,52,47,78,6,0,0
289,1822,999,52,47,78,6,0,0
290,1822,999,52,47,78,6,0,0
291,1822,999,52,47,78,6,0,0
292,1822,999,52,47,78,6,0,0
293,1822,999,52,47,78,6,0,0
294,1822,999,52,47,78,6,0,0
295,1822,999,52,47,78,6,0,0
296,1822,999,52,47,78,6,0,0
297,1822,999,52,47,78,6,0,0
298,1822,999,52,47,78,6,0,0
299,1822,999,52,47,78,6,0,0
300,1822,999,52,47,78,6,0,0
301,1822,999,52,47,78,6,0,0
302,1822,999,52,46,78,6,0,0
303,1822,999,52,46,78,6,0,1
304,1822,999,52,46,78,6,0,2
305,1822,999,53,46,78,6,0,3
306,1822,999,53,46,78,6,0,2
307,1822,999,53,46,78,6,0,2
308,1822,999,53,46,78,6,0,1
309,1822,999,53,46,78,6,0,0
310,1822,999,53,46,78,6,0,0
311,1822,999,53,46,78,6,0,0
312,1822,999,52,47,78,6,0,1
313,1822,999,52,47,78,6,0,1
314,1822,999,52,47,78,6,0,1
315,1822,999,52,47,78,6,0,1
316,1822,999,52,47,78,6,0,1
317,1822,999,52,47,78,6,0,1
318,1822,999,52,47,78,6,0,0
319,1822,999,52,47,78,6,0,0
320,1822,999,52,47,78,6,0,0
321,1822,999,52,47,78,6,0,0
322,1822,999,52,47,78,6,0,0
323,1822,999,52,47,78,6,0,0
324,1822,999,52,47,78,6,0,0
325,1822,999,52,47,78,6,0,0
326,1822,999,52,47,78,6,0,0
327,1822,999,52,47,78,6,0,0
328,1822,999,52,47,78,6,0,0
329,1822,999,52,47,78,6,0,0
330,1822,999,52,47,78,6,0,0
331,1822,999,52,47,78,6,0,0
332,1822,999,52,47,78,6,0,0
333,1822,999,52,47,78,6,0,0
334,1822,999,52,47,78,6,0,0
335,1822,999,52,47,78,6,0,0
336,1822,999,52,47,78,6,0,0
337,1822,999,53,47,78,6,0,0
338,1822,999,52,47,78,6,0,0
339,1822,999,52,47,78,6,0,0
340,1822,999,52,47,78,6,0,0
341,1822,999,52,47,78,6,0,0
342,1822,999,51,47,78,6,0,0
343,1822,999,52,47,78,6,0,0
344,1822,999,52,47,78,6,0,0
345,1822,999,52,47,78,6,0,0
346,1822,999,52,47,78,6,0,0
347,1822,999,52,47,78,6,0,0
348,1822,1000,52,46,78,6,0,0
349,1822,1000,52,46,78,6,0,0
350,1822,1000,52,46,78,6,0,0
351,1822,1000,52,46,78,6,0,0
352,1822,1000,52,46,78,6,0,0
353,1822,1000,52,46,78,6,0,0
354,1822,1000,52,46,78,6,0,0
355,1822,1000,52,46,78,6,0,0
356,1822,1000,52,46,78,6,0,0
357,1822,1000,52,46,78,6,0,0
358,1822,1000,52,46,78,6,0,0
359,1822,1000,52,46,78,6,0,0
360,1822,999,52,46,78,6,0,1
361,1822,999,52,46,78,6,0,1
362,1822,1000,53,47,78,6,0,1
363,1822,999,53,47,78,6,0,1
364,1822,1000,53,47,78,6,0,1
365,1822,1000,53,47,78,6,0,2
366,1821,1000,53,47,78,6,0,2
367,1821,1000,53,47,78,6,0,2
368,1821,1000,53,47,78,6,0,2
369,1821,1000,53,47,78,6,0,2
370,1822,1000,53,47,78,6,0,2
371,1822,999,53,47,78,6,0,3
372,1822,999,53,47,78,6,0,4
373,1822,999,53,47,78,6,0,4
374,1822,999,53,47,78,6,0,4
375,1822,999,53,47,78,6,0,3
376,1822,999,53,47,78,6,0,2
377,1822,999,53,47,78,6,0,1
378,1822,999,53,47,78,6,0,1
379,1822,999,53,47,78,6,0,1
380,1822,999,53,47,78,6,0,1
381,1822,999,53,47,78,6,0,0
382,1822,999,53,47,78,6,0,0
383,1822,999,53,47,78,6,0,0
384,1822,999,53,47,78,6,0,0
385,1822,999,53,47,78,6,0,0
386,1822,999,53,47,78,6,0,0
387,1822,999,53,47,78,6,0,0
388,1822,999,53,47,78,6,0,0
389,1822,999,53,47,78,6,0,0
390,1822,999,53,47,78,6,0,0
391,1822,999,53,47,78,6,0,0
392,1822,999,53,47,78,6,0,0
393,1822,999,53,47,78,6,0,0
394,1822,999,53,47,78,6,0,0
395,1822,999,53,47,78,6,0,0
396,1822,999,53,47,78,6,0,0
397,1822,999,53,47,78,6,0,0
398,1822,999,53,47,78,6,0,0
399,1822,999,53,47,78,6,0,0
400,1822,999,53,47,78,6,0,0
401,1822,999,53,47,78,6,0,0
402,1822,999,53,47,78,6,0,0
403,1822,999,53,47,78,6,0,0
404,1822,999,53,47,78,6,0,0
405,1822,999,53,47,78,6,0,0
406,1822,999,53,47,78,6,0,0
407,1822,999,53,47,78,6,0,0
408,1822,999,53,47,78,6,0,0
409,1822,999,53,47,78,6,0,0
410,1822,999,53,47,78,6,0,0
411,1822,999,53,47,78,6,0,0
412,1822,999,53,47,78,6,0,0
413,1822,999,53,47,78,6,0,0
414,1822,1000,53,46,78,6,0,1
415,1822,1000,53,46,78,6,0,1
416,1822,1000,53,46,78,6,0,1
417,1822,1000,53,46,78,6,0,1
418,1822,1000,53,46,78,6,0,1
419,1822,1000,53,46,78,6,0,1
420,1822,999,53,47,78,6,0,1
421,1822,999,53,47,78,6,0,1
422,1822,1000,53,46,78,6,0,1
423,1822,1000,53,46,78,6,0,2
424,1822,999,53,46,78,6,0,2
425,1822,999,53,46,78,6,0,1
426,1822,1000,53,46,78,6,0,1
427,1822,999,53,46,78,6,0,1
428,1822,999,53,46,78,6,0,1
429,1822,999,53,46,78,6,0,0
430,1822,999,53,46,78,6,0,0
431,1822,999,53,46,78,6,0,0
432,1822,999,53,46,78,6,0,0
433,1822,999,53,47,78,6,0,0
434,1822,999,53,47,78,6,0,0
435,1822,999,53,47,78,6,0,1
436,1822,999,53,47,78,6,0,1
437,1822,999,53,47,78,6,0,1
438,1822,999,53,47,78,6,0,0
439,1822,999,53,46,78,6,0,0
440,1822,999,53,46,78,6,0,0
441,1822,999,53,47,78,6,0,0
442,1822,999,53,46,78,6,0,0
443,1822,999,52,46,78,6,0,0
444,1822,1000,52,45,78,6,0,0
445,1822,999,52,46,78,6,0,0
446,1822,999,51,46,78,6,0,0
447,1822,999,51,47,78,6,0,0
448,1822,999,51,47,78,6,0,0
449,1822,999,51,47,78,6,0,0
450,1822,999,52,46,78,6,0,1
451,1822,999,52,46,78,6,0,2
452,1822,998,52,47,78,6,0,6
453,1822,988,81,57,78,6,0,10
454,1822,988,81,57,78,6,0,15
455,1822,988,81,58,78,6,0,18
456,1822,988,79,57,78,6,0,20
457,1823,988,79,57,78,6,0,17
458,1822,988,80,57,78,6,0,12
459,1823,989,80,56,78,6,0,8
460,1823,989,78,56,78,6,0,6
461,1824,989,78,55,78,6,0,5
462,1823,988,79,56,78,6,0,5
468,1822,997,51,49,78,6,0,8
469,1822,997,51,49,78,6,0,12
470,1822,996,51,50,78,6,0,14
471,1822,996,51,49,78,6,0,14
472,1822,997,51,49,78,6,0,12
473,1822,997,51,49,78,6,0,9
474,1822,997,51,48,78,6,0,5
475,1822,997,51,48,78,6,0,3
476,1822,997,51,48,78,6,0,1
477,1822,997,51,49,78,6,0,1
478,1822,997,51,49,78,6,0,0
479,1822,997,51,48,78,6,0,0
480,1822,998,51,47,78,6,0,0
481,1822,998,51,47,78,6,0,2
482,1822,989,64,56,78,6,0,5
483,1822,989,64,56,78,6,0,7
484,1822,989,64,56,78,6,0,8
485,1822,989,65,56,78,6,0,9
486,1822,989,65,56,78,6,0,7
487,1822,989,65,56,78,6,0,6
488,1822,989,66,56,78,6,0,3
489,1822,989,67,56,78,6,0,2
490,1822,989,67,56,78,6,0,1
491,1821,989,67,56,78,6,0,1
492,1822,989,64,57,78,6,0,2
493,1822,989,65,56,78,6,0,3
494,1822,989,64,57,78,6,0,5
495,1822,989,65,57,78,6,0,4
496,1822,989,65,57,78,6,0,3
497,1822,989,65,57,78,6,0,1
498,1822,989,65,57,78,6,0,1
499,1822,989,65,57,78,6,0,1
500,1822,990,60,56,78,6,0,1
501,1822,990,61,56,78,6,0,1
502,1822,990,61,56,78,6,0,2
503,1822,990,65,56,78,6,0,4
504,1821,990,59,56,78,6,0,4
505,1821,990,60,56,78,6,0,3
506,1821,990,60,56,78,6,0,2
507,1822,990,60,56,78,6,0,1
508,1821,990,60,56,78,6,0,1
509,1822,990,59,56,78,6,0,1
510,1822,991,59,56,78,6,0,1
511,1822,990,64,56,78,6,0,0
512,1822,990,61,56,78,6,0,0
513,1822,990,61,56,78,6,0,0
514,1822,990,62,56,78,6,0,1
515,1822,990,65,56,78,6,0,1
516,1822,990,65,57,78,6,0,1
517,1822,990,65,57,78,6,0,1
518,1822,990,62,57,78,6,0,1
519,1822,989,65,57,78,6,0,2
520,1822,990,61,56,78,6,0,1
521,1822,990,61,57,78,6,0,1
522,1822,990,62,57,78,6,0,1
523,1822,990,62,57,78,6,0,1
524,1822,990,63,57,78,6,0,1
525,1822,990,62,57,78,6,0,1
526,1822,990,62,57,78,6,0,1
527,1822,990,62,57,78,6,0,2
528,1822,990,61,56,78,6,0,3
529,1822,989,65,57,78,6,0,3
530,1822,989,65,57,78,6,0,4
531,1822,989,64,57,78,6,0,4
532,1822,989,65,57,78,6,0,4
533,1822,989,65,57,78,6,0,4
534,1822,1003,51,42,78,6,0,5
535,1822,1003,51,42,78,6,0,6
536,1822,1004,51,42,78,6,0,6
537,1822,1003,51,42,78,6,0,5
538,1822,1002,51,43,78,6,0,7
539,1822,989,66,57,78,6,0,9
540,1822,990,65,56,78,6,0,11
541,1822,990,65,56,78,6,0,10
542,1822,990,65,56,78,6,0,9
543,1822,990,65,56,78,6,0,7
544,1822,990,65,56,78,6,0,6
545,1822,989,65,56,78,6,0,4
546,1822,989,65,55,78,6,0,3
547,1822,990,65,55,78,6,0,1
548,1822,990,65,55,78,6,0,1
549,1822,990,65,56,78,6,0,1
550,1822,990,65,55,78,6,0,2
551,1822,990,65,55,78,6,0,3
552,1822,990,58,55,78,6,0,4
553,1821,990,59,55,78,6,0,4
554,1821,990,59,55,78,6,0,5
555,1822,1000,51,45,78,6,0,7
556,1822,1001,52,45,78,6,0,8
557,1822,1001,52,44,78,6,0,7
558,1822,1001,52,44,78,6,0,7
559,1822,1002,51,43,78,6,0,5
560,1822,1001,51,44,78,6,0,5
561,1822,1002,52,44,78,6,0,3
562,1822,1001,51,44,78,6,0,2
563,1822,1001,51,44,78,6,0,1
564,1822,1001,51,45,78,6,0,0
565,1822,1000,51,45,78,6,0,0
566,1822,1001,51,44,78,6,0,0
567,1822,1001,51,44,78,6,0,0
568,1822,1002,51,44,78,6,0,0
569,1822,999,52,46,78,6,0,0
570,1822,1001,51,44,78,6,0,1
571,1822,989,65,56,78,6,0,2
572,1821,990,60,56,78,6,0,4
573,1822,989,59,56,78,6,0,5
574,1822,988,58,56,78,6,0,5
575,1822,988,57,56,78,6,0,3
576,1822,988,56,57,78,6,0,3
577,1821,987,55,58,78,6,0,1
578,1821,986,55,57,78,6,0,2
579,1821,985,54,58,78,6,0,1
580,1821,985,53,59,78,6,0,2
581,1822,986,52,59,78,6,0,3
582,1822,992,51,53,78,6,0,5
583,1822,994,50,51,78,6,0,7
584,1822,995,51,51,78,6,0,9
585,1822,996,51,50,78,6,0,9
586,1822,995,51,51,78,6,0,8
587,1822,998,51,48,78,6,0,6
588,1822,998,51,48,78,6,0,3
589,1822,999,52,47,78,6,0,3
590,1822,998,51,48,78,6,0,2
591,1822,999,52,48,78,6,0,2
592,1822,999,52,48,78,6,0,2
593,1822,998,52,48,78,6,0,2
594,1822,998,52,48,78,6,0,2
595,1822,998,52,47,78,6,0,2
596,1822,999,52,46,78,6,0,2
597,1822,999,52,47,78,6,0,2
598,1822,999,52,47,78,6,0,1
599,1822,999,52,47,78,6,0,1
600,1822,999,52,47,78,6,0,0
601,1822,999,52,47,78,6,0,0
602,1822,999,52,47,78,6,0,0
603,1822,999,52,47,78,6,0,0
604,1822,999,52,47,78,6,0,0
605,1822,999,52,47,78,6,0,0
606,1822,999,52,47,78,6,0,0
607,1822,998,52,47,78,6,0,0
608,1822,999,52,47,78,6,0,0
609,1822,999,52,47,78,6,0,0
610,1822,999,52,47,78,6,0,0
611,1822,999,52,47,78,6,0,0
612,1822,999,53,47,78,6,0,0
613,1822,999,53,47,78,6,0,0
614,1822,999,53,47,78,6,0,0
615,1822,999,53,47,78,6,0,0
616,1822,999,53,47,78,6,0,0
617,1822,999,53,47,78,6,0,0
618,1822,999,52,47,78,6,0,0
619,1822,999,52,47,78,6,0,0
620,1822,999,52,47,78,6,0,0
621,1822,999,52,47,78,6,0,0
622,1822,999,52,47,78,6,0,0
623,1822,999,52,47,78,6,0,0
624,1822,999,53,46,78,6,0,0
625,1822,999,53,46,78,6,0,0
626,1822,999,53,46,78,6,0,0
627,1822,999,53,46,78,6,0,0
628,1822,999,53,46,78,6,0,0
629,1822,999,53,46,78,6,0,0
630,1822,999,53,46,78,6,0,0
631,1822,999,53,46,78,6,0,0
632,1822,999,53,46,78,6,0,0
633,1822,999,53,46,78,6,0,1
634,1821,999,53,47,78,6,0,1
635,1821,999,53,47,78,6,0,0
636,1822,999,52,46,78,6,0,0
637,1822,999,52,46,78,6,0,0
638,1822,999,53,46,78,6,0,0
639,1821,999,53,46,78,6,0,0
640,1821,999,53,46,78,6,0,0
641,1821,999,53,46,78,6,0,0
642,1821,999,53,46,78,6,0,1
643,1821,999,53,46,78,6,0,1
644,1821,999,53,47,78,6,0,0
645,1821,999,53,47,78,6,0,0
646,1821,999,53,47,78,6,0,0
647,1821,999,52,47,78,6,0,0
648,1821,999,52,47,78,6,0,0
649,1821,999,52,47,78,6,0,0
650,1821,999,52,47,78,6,0,0
651,1821,999,52,47,78,6,0,0
652,1821,999,52,47,78,6,0,0
653,1821,999,52,47,78,6,0,1
654,1822,998,53,47,78,6,0,2
655,1822,998,52,47,78,6,0,2
656,1822,998,52,47,78,6,0,2
657,1822,998,52,47,78,6,0,2
658,1822,998,52,47,78,6,0,2
659,1822,998,52,47,78,6,0,1
660,1822,998,53,47,78,6,0,0
661,1822,998,53,47,78,6,0,0
662,1822,998,52,47,78,6,0,0
663,1822,998,53,47,78,6,0,1
664,1822,999,53,47,78,6,0,1
665,1822,999,53,47,78,6,0,2
666,1822,999,53,47,78,6,0,2
667,1822,999,53,47,78,6,0,2
668,1822,999,53,47,78,6,0,2
669,1822,999,53,47,78,6,0,1
670,1822,999,53,47,78,6,0,0
671,1822,999,53,47,78,6,0,0
672,1822,999,53,47,78,6,0,0
673,1822,999,53,47,78,6,0,0
674,1822,999,53,46,78,6,0,0
675,1822,999,52,47,78,6,0,0
676,1822,999,53,47,78,6,0,0
677,1822,999,52,47,78,6,0,0
678,1822,999,52,47,78,6,0,0
679,1822,999,52,47,78,6,0,0
680,1822,999,52,47,78,6,0,0
681,1822,999,52,47,78,6,0,0
682,1822,999,52,46,78,6,0,0
683,1822,999,53,46,78,6,0,0
684,1822,999,53,47,78,6,0,0
685,1822,999,53,47,78,6,0,0
686,1822,999,53,47,78,6,0,0
687,1822,999,53,47,78,6,0,0
688,1822,999,53,47,78,6,0,0
689,1822,999,53,47,78,6,0,0
690,1822,999,53,47,78,6,0,0
691,1822,999,53,47,78,6,0,0
692,1822,999,53,47,78,6,0,0
693,1822,999,53,47,78,6,0,0
694,1822,999,53,47,78,6,0,0
695,1822,999,53,47,78,6,0,0
696,1822,999,53,47,78,6,0,0
697,1822,999,53,47,78,6,0,0
698,1822,999,53,47,78,6,0,0
699,1822,999,53,47,78,6,0,0
700,1822,999,53,47,78,6,0,0
701,1822,999,53,47,78,6,0,0
702,1822,999,53,47,78,6,0,0
703,1822,999,53,47,78,6,0,0
704,1822,998,54,47,78,6,0,0
705,1822,998,54,47,78,6,0,0
706,1822,998,54,47,78,6,0,0
707,1822,998,54,47,78,6,0,0
708,1822,999,54,47,78,6,0,0
709,1822,999,54,47,78,6,0,0
710,1822,999,54,47,78,6,0,1
711,1822,999,54,47,78,6,0,1
712,1822,999,54,47,78,6,0,1
713,1822,999,54,47,78,6,0,0
714,1822,999,54,47,78,6,0,0
715,1822,999,54,47,78,6,0,0
716,1822,999,54,47,78,6,0,0
717,1822,999,54,47,78,6,0,0
718,1822,999,54,47,78,6,0,0
719,1822,999,54,47,78,6,0,0
720,1822,999,53,47,78,6,0,0
721,1822,999,53,47,78,6,0,0
722,1822,999,53,47,78,6,0,0
723,1822,999,53,47,78,6,0,0
724,1822,999,53,47,78,6,0,0
725,1822,999,53,47,78,6,0,0
726,1822,999,53,47,78,6,0,0
727,1822,999,53,47,78,6,0,0
728,1822,999,53,47,78,6,0,0
729,1822,999,53,47,78,6,0,0
730,1822,999,53,47,78,6,0,0
731,1822,999,53,47,78,6,0,0
732,1822,998,54,47,78,6,0,1
733,1822,998,54,47,78,6,0,1
734,1822,998,54,47,78,6,0,1
735,1822,999,54,47,78,6,0,1
736,1822,998,53,47,78,6,0,1
737,1822,999,53,47,78,6,0,1
738,1822,999,53,47,78,6,0,1
739,1822,999,53,47,78,6,0,1
740,1822,998,53,47,78,6,0,1
741,1822,998,53,47,78,6,0,1
742,1822,998,53,47,78,6,0,2
743,1822,998,54,47,78,6,0,3
744,1822,998,53,47,78,6,0,2
745,1822,998,53,47,78,6,0,2
746,1822,998,53,47,78,6,0,2
747,1822,999,53,47,78,6,0,3
748,1822,999,53,47,78,6,0,3
749,1822,999,53,47,78,6,0,2
750,1822,999,53,46,78,6,0,2
751,1822,999,53,46,78,6,0,2
752,1822,999,53,46,78,6,0,2
753,1822,999,53,46,78,6,0,1
754,1822,999,53,46,78,6,0,1
755,1822,999,53,46,78,6,0,0
756,1822,1000,53,46,78,6,0,0
757,1822,1000,53,46,78,6,0,0
758,1822,1000,53,46,78,6,0,0
759,1822,1000,53,46,78,6,0,0
760,1822,1000,53,46,78,6,0,1
761,1822,1000,53,46,78,6,0,1
762,1822,999,53,46,78,6,0,1
763,1822,999,53,46,78,6,0,1
764,1822,999,53,46,78,6,0,1
765,1822,999,53,46,78,6,0,1
766,1822,999,53,46,78,6,0,2
767,1822,999,53,46,78,6,0,2
768,1821,999,53,46,78,6,0,2
769,1821,999,53,46,78,6,0,1
770,1821,999,53,46,78,6,0,1
771,1821,999,53,46,78,6,0,1
772,1821,999,53,46,78,6,0,1
773,1821,999,53,46,78,6,0,1
774,1821,999,53,46,78,6,0,1
775,1821,999,53,46,78,6,0,1
776,1821,999,53,46,78,6,0,1
777,1821,999,53,46,78,6,0,0
778,1821,999,53,46,78,6,0,0
779,1821,999,53,46,78,6,0,0
780,1821,999,53,46,78,6,0,0
781,1822,999,53,46,78,6,0,0
782,1822,999,53,46,78,6,0,0
783,1822,999,53,46,78,6,0,0
784,1823,999,51,46,78,6,0,0
785,1823,999,51,47,78,6,0,0
786,1824,999,50,46,78,6,0,1
787,1825,999,49,46,78,6,0,1
44,0,526,20,51,79,6,0,0
45,0,526,20,51,79,6,0,0
46,0,526,20,51,79,6,0,0
47,0,526,20,51,79,6,0,0
48,0,526,20,51,79,6,0,0
49,0,526,20,51,79,6,0,0
50,0,526,20,51,79,6,0,0
51,0,526,20,51,79,6,0,0
52,0,526,20,51,79,6,0,0
53,0,526,20,51,79,6,0,0
54,0,526,20,51,79,6,0,0
55,0,526,20,51,79,6,0,0
56,0,526,20,51,79,6,0,0
57,0,526,20,51,79,6,0,0
58,0,526,20,51,79,6,0,0
59,0,526,20,51,79,6,0,0
60,0,526,20,51,79,6,0,1
61,0,526,20,51,79,6,0,2
62,0,527,20,58,79,6,0,3
63,0,527,20,57,79,6,0,4
64,0,526,20,58,79,6,0,4
65,0,526,20,60,79,6,0,5
66,0,526,20,60,79,6,0,4
67,0,526,20,60,79,6,0,3
68,0,526,20,60,79,6,0,2
69,0,526,20,60,79,6,0,1
70,0,526,20,60,79,6,0,1
71,0,526,20,60,79,6,0,2
72,0,526,20,54,79,6,0,3
73,0,526,20,54,79,6,0,3
74,0,526,20,54,79,6,0,3
75,0,525,20,55,79,6,0,3
76,0,525,20,55,79,6,0,2
77,0,525,20,55,79,6,0,1
78,0,525,20,55,79,6,0,0
79,0,525,20,55,79,6,0,0
80,0,525,20,55,79,6,0,0
81,0,525,20,55,79,6,0,0
82,0,525,20,55,79,6,0,0
83,0,525,20,55,79,6,0,0
84,0,526,20,54,79,6,0,0
85,0,526,20,54,79,6,0,0
86,0,526,20,54,79,6,0,0
87,0,526,20,54,79,6,0,0
88,0,526,20,54,79,6,0,0
89,0,526,20,54,79,6,0,0
90,0,526,20,54,79,6,0,0
91,0,526,20,54,79,6,0,0
92,0,526,20,54,79,6,0,0
93,0,526,20,54,79,6,0,0
94,0,526,20,54,79,6,0,0
95,0,526,20,54,79,6,0,0
96,0,526,20,54,79,6,0,0
97,0,526,20,54,79,6,0,0
98,0,526,20,54,79,6,0,0
99,0,526,20,54,79,6,0,0
100,0,526,20,54,79,6,0,0
101,0,526,20,54,79,6,0,0
102,0,526,20,54,79,6,0,0
103,0,526,20,54,79,6,0,0
104,0,526,20,54,79,6,0,0
105,0,526,20,54,79,6,0,0
106,0,526,20,55,79,6,0,0
107,0,526,20,55,79,6,0,0
108,0,526,20,54,79,6,0,0
109,0,526,20,54,79,6,0,0
110,0,526,20,54,79,6,0,0
111,0,526,20,54,79,6,0,0
112,0,526,20,54,79,6,0,0
113,0,526,20,54,79,6,0,0
114,0,526,20,54,79,6,0,0
115,0,526,20,54,79,6,0,0
116,0,526,20,54,79,6,0,0
117,0,526,20,54,79,6,0,0
118,0,526,20,54,79,6,0,0
119,0,526,20,54,79,6,0,0
120,0,526,20,54,79,6,0,0
121,0,526,20,54,79,6,0,0
122,0,526,20,53,79,6,0,0
123,0,526,20,53,79,6,0,0
124,0,526,20,53,79,6,0,0
125,0,526,20,53,79,6,0,0
126,0,526,20,52,79,6,0,0
127,0,526,20,52,79,6,0,0
128,0,526,20,52,79,6,0,0
129,0,526,20,52,79,6,0,0
130,0,526,20,52,79,6,0,0
131,0,526,20,52,79,6,0,0
132,0,526,20,50,79,6,0,0
133,0,526,20,50,79,6,0,0
134,0,526,20,50,79,6,0,0
135,0,526,20,50,79,6,0,0
136,0,526,20,50,79,6,0,0
137,0,526,20,50,79,6,0,0
138,0,526,20,50,79,6,0,0
139,0,526,20,50,79,6,0,0
140,0,526,20,50,79,6,0,0
141,0,526,20,50,79,6,0,0
142,0,526,20,50,79,6,0,0
143,0,526,20,50,79,6,0,0
144,0,526,20,51,79,6,0,0
145,0,526,20,51,79,6,0,0
146,0,526,20,51,79,6,0,0
147,0,526,20,51,79,6,0,0
148,0,526,20,51,79,6,0,0
149,0,526,20,51,79,6,0,0
150,0,526,20,51,79,6,0,0
151,0,526,20,51,79,6,0,0
152,0,526,20,51,79,6,0,0
153,0,526,20,51,79,6,0,0
154,0,526,20,51,79,6,0,0
155,0,526,20,51,79,6,0,0
156,0,526,20,51,79,6,0,0
157,0,526,20,51,79,6,0,0
158,0,526,20,51,79,6,0,0
159,0,526,20,51,79,6,0,0
160,0,526,20,51,79,6,0,0
161,0,526,20,51,79,6,0,0
162,0,526,20,51,79,6,0,0
163,0,526,20,51,79,6,0,0
164,0,526,20,51,79,6,0,0
165,0,526,20,51,79,6,0,0
166,0,526,20,51,79,6,0,0
167,0,526,20,51,79,6,0,0
168,0,526,20,51,79,6,0,0
169,0,526,20,51,79,6,0,0
170,0,526,20,51,79,6,0,0
171,0,526,20,51,79,6,0,0
172,0,526,20,51,79,6,0,0
173,0,526,20,51,79,6,0,0
174,0,526,20,51,79,6,0,0
175,0,526,20,51,79,6,0,0
176,0,526,20,51,79,6,0,0
177,0,526,20,51,79,6,0,0
178,0,526,20,51,79,6,0,0
179,0,526,20,51,79,6,0,0
180,0,526,20,51,79,6,0,0
181,0,526,20,51,79,6,0,0
182,0,526,20,51,79,6,0,0
183,0,526,20,51,79,6,0,0
184,0,526,20,51,79,6,0,0
185,0,526,20,51,79,6,0,0
186,0,526,20,51,79,6,0,0
187,0,526,20,51,79,6,0,0
188,0,526,20,51,79,6,0,0
189,0,526,20,54,79,6,0,1
190,0,526,20,54,79,6,0,1
191,0,526,20,54,79,6,0,1
192,0,526,20,54,79,6,0,1
193,0,526,20,54,79,6,0,1
194,0,526,20,54,79,6,0,0
195,0,526,20,54,79,6,0,0
196,0,526,20,54,79,6,0,0
197,0,526,20,54,79,6,0,0
198,0,526,20,54,79,6,0,0
199,0,527,20,51,79,6,0,0
200,0,527,20,52,79,6,0,0
201,0,527,20,52,79,6,0,0
202,0,526,20,52,79,6,0,0
203,0,527,20,52,79,6,0,0
204,0,527,20,53,79,6,0,0
205,0,527,20,53,79,6,0,0
206,0,527,20,53,79,6,0,0
207,0,527,20,53,79,6,0,0
208,0,527,20,54,79,6,0,0
209,0,527,20,54,79,6,0,0
210,0,527,20,54,79,6,0,0
211,0,527,20,54,79,6,0,0
212,0,527,20,54,79,6,0,0
213,0,527,20,54,79,6,0,0
214,0,527,20,54,79,6,0,0
215,0,527,20,51,79,6,0,0
216,0,527,20,51,79,6,0,0
217,0,527,20,51,79,6,0,0
218,0,527,20,51,79,6,0,0
219,0,527,20,51,79,6,0,0
220,0,527,20,51,79,6,0,0
221,0,527,20,51,79,6,0,0
222,0,526,20,51,79,6,0,0
223,0,526,20,51,79,6,0,0
224,0,526,20,51,79,6,0,0
225,0,526,20,51,79,6,0,0
226,0,526,20,51,79,6,0,0
227,0,526,20,51,79,6,0,0
228,0,527,20,51,79,6,0,0
229,0,527,20,51,79,6,0,0
230,0,527,20,52,79,6,0,0
231,0,527,20,52,79,6,0,0
232,0,527,20,52,79,6,0,0
233,0,527,20,52,79,6,0,0
234,0,527,20,52,79,6,0,0
235,0,527,20,52,79,6,0,0
236,0,527,20,52,79,6,0,0
237,0,527,20,52,79,6,0,0
238,0,527,20,52,79,6,0,0
239,0,527,20,52,79,6,0,0
240,0,526,20,52,79,6,0,0
241,0,526,20,52,79,6,0,0
242,0,526,20,52,79,6,0,0
243,0,526,20,52,79,6,0,0
244,0,526,20,52,79,6,0,0
245,0,526,20,52,79,6,0,0
246,0,526,20,52,79,6,0,0
247,0,526,20,52,79,6,0,0
248,0,526,20,52,79,6,0,0
249,0,526,20,51,79,6,0,0
250,0,526,20,51,79,6,0,0
251,0,526,20,51,79,6,0,0
252,0,526,20,50,79,6,0,0
253,0,526,20,50,79,6,0,0
254,0,526,20,50,79,6,0,0
255,0,526,20,51,79,6,0,0
256,0,526,20,51,79,6,0,0
257,0,526,20,51,79,6,0,0
258,0,525,20,51,79,6,0,0
259,0,525,20,51,79,6,0,0
260,0,526,20,51,79,6,0,0
261,0,526,20,51,79,6,0,0
262,0,526,20,51,79,6,0,0
263,0,526,20,51,79,6,0,0
264,0,526,20,51,79,6,0,0
265,0,526,20,51,79,6,0,0
266,0,526,20,51,79,6,0,0
267,0,526,20,51,79,6,0,0
268,0,526,20,51,79,6,0,0
269,0,526,20,51,79,6,0,0
270,0,526,20,51,79,6,0,0
271,0,526,20,51,79,6,0,0
272,0,526,20,51,79,6,0,0
273,0,526,20,51,79,6,0,0
274,0,526,20,52,79,6,0,0
275,0,526,20,52,79,6,0,0
276,0,526,20,52,79,6,0,0
277,0,526,20,52,79,6,0,0
278,0,526,20,52,79,6,0,0
279,0,526,20,52,79,6,0,0
280,0,526,20,52,79,6,0,0
281,0,526,20,52,79,6,0,0
282,0,526,20,52,79,6,0,0
283,0,526,20,52,79,6,0,0
284,0,526,20,51,79,6,0,0
285,0,526,20,51,79,6,0,0
286,0,526,20,51,79,6,0,0
287,0,526,20,51,79,6,0,0
288,0,525,20,52,79,6,0,0
289,0,525,20,52,79,6,0,0
290,0,525,20,52,79,6,0,0
291,0,525,20,52,79,6,0,0
292,0,525,20,52,79,6,0,0
293,0,525,20,52,79,6,0,0
294,0,525,20,52,79,6,0,0
295,0,525,20,52,79,6,0,0
296,0,525,20,52,79,6,0,0
297,0,525,20,52,79,6,0,0
298,0,525,20,52,79,6,0,0
299,0,525,20,52,79,6,0,0
300,0,525,20,51,79,6,0,0
301,0,525,20,51,79,6,0,0
302,0,526,20,52,79,6,0,0
303,0,526,20,53,79,6,0,1
304,0,526,20,53,79,6,0,1
305,0,526,20,53,79,6,0,1
306,0,526,20,53,79,6,0,0
307,0,526,20,53,79,6,0,0
308,0,526,20,53,79,6,0,0
309,0,526,20,53,79,6,0,0
310,0,526,20,53,79,6,0,0
311,0,526,20,53,79,6,0,0
312,0,527,20,52,79,6,0,0
313,0,527,20,52,79,6,0,0
314,0,527,20,52,79,6,0,0
315,0,527,20,53,79,6,0,0
316,0,527,20,53,79,6,0,0
317,0,526,20,53,79,6,0,0
318,0,527,20,53,79,6,0,0
319,0,527,20,52,79,6,0,0
320,0,527,20,52,79,6,0,0
321,0,527,20,52,79,6,0,0
322,0,527,20,53,79,6,0,0
323,0,526,20,53,79,6,0,0
324,0,527,20,53,79,6,0,0
325,0,526,20,53,79,6,0,0
326,0,527,20,52,79,6,0,0
327,0,527,20,52,79,6,0,0
328,0,527,20,52,79,6,0,0
329,0,527,20,52,79,6,0,0
330,0,527,20,52,79,6,0,0
331,0,527,20,52,79,6,0,0
332,0,527,20,52,79,6,0,0
333,0,527,20,52,79,6,0,0
334,0,527,20,53,79,6,0,0
335,0,527,20,52,79,6,0,0
336,0,526,20,53,79,6,0,0
337,0,526,20,53,79,6,0,0
338,0,526,20,53,79,6,0,0
339,0,526,20,53,79,6,0,0
340,0,526,20,53,79,6,0,0
341,0,526,20,52,79,6,0,0
342,0,527,19,53,79,6,0,0
343,0,527,19,54,79,6,0,0
344,0,527,19,54,79,6,0,1
345,0,526,19,55,79,6,0,1
346,0,526,19,55,79,6,0,1
347,0,527,19,54,79,6,0,1
348,0,527,19,52,79,6,0,1
349,0,527,19,52,79,6,0,1
350,0,527,19,52,79,6,0,1
351,0,527,19,52,79,6,0,0
352,0,527,19,52,79,6,0,0
353,0,528,19,52,79,6,0,0
354,0,528,19,52,79,6,0,0
355,0,528,19,52,79,6,0,0
356,0,527,19,52,79,6,0,0
357,0,527,19,52,79,6,0,0
358,0,527,19,52,79,6,0,0
359,0,527,19,52,79,6,0,0
360,0,527,19,51,79,6,0,1
361,0,527,19,51,79,6,0,1
362,0,528,20,54,79,6,0,1
363,0,528,20,52,79,6,0,0
364,0,528,20,53,79,6,0,0
365,0,528,20,53,79,6,0,0
366,0,528,20,53,79,6,0,0
367,0,527,20,53,79,6,0,0
368,0,527,20,54,79,6,0,1
369,0,527,20,58,79,6,0,2
370,0,527,20,58,79,6,0,2
371,0,527,20,58,79,6,0,1
372,0,528,20,50,79,6,0,1
373,0,528,20,49,79,6,0,2
374,0,528,20,49,79,6,0,3
375,0,528,20,49,79,6,0,4
376,0,528,20,50,79,6,0,3
377,0,528,20,50,79,6,0,2
378,0,528,20,50,79,6,0,1
379,0,528,20,50,79,6,0,0
380,0,528,20,50,79,6,0,0
381,0,528,20,50,79,6,0,0
382,0,528,20,49,79,6,0,0
383,0,528,20,49,79,6,0,0
384,0,528,20,49,79,6,0,0
385,0,528,20,49,79,6,0,0
386,0,528,20,49,79,6,0,0
387,0,528,20,49,79,6,0,0
388,0,528,20,49,79,6,0,0
389,0,528,20,49,79,6,0,0
390,0,528,20,49,79,6,0,0
391,0,528,20,49,79,6,0,0
392,0,528,20,49,79,6,0,0
393,0,528,20,49,79,6,0,0
394,0,528,20,49,79,6,0,0
395,0,528,20,49,79,6,0,0
396,0,528,20,49,79,6,0,0
397,0,528,20,49,79,6,0,0
398,0,528,20,49,79,6,0,0
399,0,528,20,49,79,6,0,0
400,0,528,20,49,79,6,0,0
401,0,528,20,49,79,6,0,0
402,0,528,20,49,79,6,0,0
403,0,528,20,49,79,6,0,0
404,0,528,20,49,79,6,0,0
405,0,528,20,49,79,6,0,0
406,0,528,20,49,79,6,0,0
407,0,528,20,49,79,6,0,0
408,0,528,20,49,79,6,0,0
409,0,528,20,49,79,6,0,0
410,0,528,20,49,79,6,0,0
411,0,528,20,49,79,6,0,0
412,0,528,20,49,79,6,0,0
413,0,528,20,49,79,6,0,0
414,0,528,20,49,79,6,0,0
415,0,528,20,49,79,6,0,0
416,0,528,20,49,79,6,0,0
417,0,528,20,49,79,6,0,0
418,0,528,20,49,79,6,0,0
419,0,528,20,49,79,6,0,0
420,0,528,20,51,79,6,0,0
421,0,528,20,51,79,6,0,0
422,0,527,20,50,79,6,0,0
423,0,527,20,51,79,6,0,0
424,0,527,20,51,79,6,0,0
425,0,527,20,51,79,6,0,0
426,0,526,20,51,79,6,0,0
427,0,527,20,51,79,6,0,0
428,0,527,20,51,79,6,0,0
429,0,527,20,51,79,6,0,0
430,0,527,20,51,79,6,0,0
431,0,527,20,50,79,6,0,0
432,0,527,20,51,79,6,0,0
433,0,527,20,51,79,6,0,0
434,0,527,20,51,79,6,0,0
435,0,527,20,51,79,6,0,0
436,0,527,20,51,79,6,0,0
437,0,527,20,51,79,6,0,0
438,0,527,20,51,79,6,0,0
439,0,527,20,51,79,6,0,0
440,0,527,20,51,79,6,0,0
441,0,527,20,51,79,6,0,0
442,0,527,20,51,79,6,0,0
443,0,527,20,52,79,6,0,0
444,0,526,20,52,79,6,0,0
445,0,526,20,52,79,6,0,0
446,0,526,20,52,79,6,0,0
447,0,526,20,52,79,6,0,0
448,0,526,20,52,79,6,0,0
449,0,526,20,52,79,6,0,0
450,0,526,20,52,79,6,0,0
451,0,526,20,52,79,6,0,0
452,0,526,20,52,79,6,0,0
453,0,527,20,52,79,6,0,0
454,0,526,20,52,79,6,0,0
455,0,526,20,52,79,6,0,0
456,0,527,20,52,79,6,0,0
457,0,527,20,52,79,6,0,0
458,0,526,20,52,79,6,0,0
459,0,526,20,52,79,6,0,0
460,0,526,20,52,79,6,0,0
461,0,526,20,52,79,6,0,0
462,0,526,20,52,79,6,0,0
463,0,527,20,52,79,6,0,0
464,0,527,20,52,79,6,0,0
465,0,527,20,52,79,6,0,0
466,0,527,20,52,79,6,0,0
467,0,527,20,52,79,6,0,0
468,0,526,20,52,79,6,0,0
469,0,526,20,52,79,6,0,0
470,0,526,20,52,79,6,0,0
471,0,526,20,52,79,6,0,0
472,0,526,20,52,79,6,0,0
473,0,526,20,52,79,6,0,0
474,0,526,20,52,79,6,0,0
475,0,526,20,52,79,6,0,0
476,0,526,20,52,79,6,0,0
477,0,526,20,52,79,6,0,0
478,0,526,20,52,79,6,0,0
479,0,526,20,52,79,6,0,0
480,0,526,20,52,79,6,0,0
481,0,526,20,52,79,6,0,0
482,0,526,20,53,79,6,0,0
483,0,525,20,54,79,6,0,0
484,0,525,20,53,79,6,0,0
485,0,525,20,55,79,6,0,0
486,0,525,20,54,79,6,0,0
487,0,525,20,56,79,6,0,0
488,0,525,20,54,79,6,0,0
489,0,525,20,54,79,6,0,0
490,0,525,20,54,79,6,0,0
491,0,525,20,54,79,6,0,0
492,0,526,20,52,79,6,0,0
493,0,526,20,52,79,6,0,0
494,0,526,20,52,79,6,0,0
495,0,526,20,52,79,6,0,0
496,0,526,20,52,79,6,0,0
497,0,526,20,52,79,6,0,0
498,0,526,20,52,79,6,0,0
499,0,526,20,52,79,6,0,0
500,0,526,20,52,79,6,0,0
501,0,526,20,52,79,6,0,0
502,0,526,20,52,79,6,0,0
503,0,526,20,52,79,6,0,0
504,0,526,20,55,79,6,0,1
505,0,526,20,55,79,6,0,1
506,0,526,20,55,79,6,0,1
507,0,526,20,55,79,6,0,1
508,0,526,20,55,79,6,0,1
509,0,526,20,55,79,6,0,0
510,0,526,20,55,79,6,0,0
511,0,526,20,55,79,6,0,0
512,0,526,20,55,79,6,0,0
513,0,526,20,55,79,6,0,0
514,0,526,20,55,79,6,0,0
515,0,526,20,55,79,6,0,0
516,0,526,20,55,79,6,0,0
517,0,526,20,55,79,6,0,0
518,0,526,20,55,79,6,0,0
519,0,526,20,55,79,6,0,0
520,0,526,20,55,79,6,0,0
521,0,526,20,55,79,6,0,0
522,0,526,20,55,79,6,0,0
523,0,526,20,55,79,6,0,0
524,0,526,20,55,79,6,0,0
525,0,526,20,55,79,6,0,0
526,0,526,20,55,79,6,0,0
527,0,526,20,55,79,6,0,0
528,0,526,20,55,79,6,0,0
529,0,526,20,55,79,6,0,0
530,0,526,20,55,79,6,0,0
531,0,526,20,55,79,6,0,0
532,0,526,20,55,79,6,0,0
533,0,526,20,52,79,6,0,1
534,0,525,20,52,79,6,0,1
535,0,525,20,52,79,6,0,1
536,0,525,20,52,79,6,0,1
537,0,526,20,52,79,6,0,1
538,0,526,20,52,79,6,0,0
539,0,525,20,52,79,6,0,0
540,0,526,20,52,79,6,0,0
541,0,526,20,52,79,6,0,0
542,0,526,20,52,79,6,0,0
543,0,526,20,52,79,6,0,0
544,0,526,20,52,79,6,0,0
545,0,526,20,52,79,6,0,0
546,0,526,20,52,79,6,0,0
547,0,526,20,52,79,6,0,0
548,0,526,20,52,79,6,0,0
549,0,526,20,52,79,6,0,0
550,0,526,20,52,79,6,0,0
551,0,526,20,52,79,6,0,0
552,0,526,20,52,79,6,0,0
553,0,526,20,52,79,6,0,0
554,0,526,20,52,79,6,0,0
555,0,526,20,52,79,6,0,0
556,0,526,20,52,79,6,0,0
557,0,526,20,52,79,6,0,0
558,0,526,20,52,79,6,0,0
559,0,526,20,51,79,6,0,0
560,0,527,20,51,79,6,0,0
561,0,526,20,51,79,6,0,0
562,0,526,20,51,79,6,0,0
563,0,526,20,51,79,6,0,0
564,0,526,20,52,79,6,0,0
565,0,526,20,52,79,6,0,0
566,0,526,20,52,79,6,0,0
567,0,526,20,52,79,6,0,0
568,0,526,20,52,79,6,0,0
569,0,526,20,52,79,6,0,0
570,0,526,20,52,79,6,0,0
571,0,526,20,52,79,6,0,0
572,0,526,20,52,79,6,0,0
573,0,526,20,52,79,6,0,0
574,0,526,20,52,79,6,0,0
575,0,526,20,52,79,6,0,0
576,0,526,20,52,79,6,0,0
577,0,526,20,52,79,6,0,0
578,0,526,20,52,79,6,0,0
579,0,526,20,52,79,6,0,0
580,0,526,20,53,79,6,0,0
581,0,526,20,53,79,6,0,0
582,0,526,20,53,79,6,0,0
583,0,526,20,53,79,6,0,0
584,0,526,20,53,79,6,0,0
585,0,526,20,53,79,6,0,0
586,0,526,20,53,79,6,0,0
587,0,526,20,53,79,6,0,0
588,0,526,20,55,79,6,0,0
589,0,526,20,55,79,6,0,0
590,0,526,20,55,79,6,0,0
591,0,525,20,56,79,6,0,0
592,0,525,20,53,79,6,0,0
593,0,525,20,53,79,6,0,0
594,0,525,20,53,79,6,0,0
595,0,525,20,53,79,6,0,0
596,0,525,20,53,79,6,0,0
597,0,525,20,53,79,6,0,0
598,0,525,20,53,79,6,0,0
599,0,525,20,53,79,6,0,0
600,0,526,20,53,79,6,0,0
601,0,526,20,53,79,6,0,0
602,0,526,20,53,79,6,0,0
603,0,526,20,53,79,6,0,0
604,0,526,20,53,79,6,0,0
605,0,526,20,53,79,6,0,0
606,0,526,20,53,79,6,0,0
607,0,526,20,53,79,6,0,0
608,0,526,20,53,79,6,0,0
609,0,526,20,53,79,6,0,0
610,0,526,20,53,79,6,0,0
611,0,526,20,53,79,6,0,0
612,0,527,19,53,79,6,0,0
613,0,527,19,53,79,6,0,0
614,0,527,19,53,79,6,0,0
615,0,527,19,53,79,6,0,0
616,0,527,19,53,79,6,0,0
617,0,527,19,53,79,6,0,0
618,0,527,19,53,79,6,0,0
619,0,527,19,53,79,6,0,0
620,0,527,19,53,79,6,0,0
621,0,527,19,53,79,6,0,0
622,0,527,19,53,79,6,0,0
623,0,527,19,53,79,6,0,0
624,0,525,20,53,79,6,0,0
625,0,525,20,53,79,6,0,0
626,0,525,20,53,79,6,0,0
627,0,525,20,53,79,6,0,0
628,0,525,20,53,79,6,0,0
629,0,525,20,53,79,6,0,0
630,0,525,20,53,79,6,0,0
631,0,525,20,53,79,6,0,0
632,0,525,20,53,79,6,0,0
633,0,525,20,53,79,6,0,0
634,0,527,20,50,79,6,0,0
635,0,527,20,50,79,6,0,0
636,0,526,20,52,79,6,0,0
637,0,526,20,52,79,6,0,0
638,0,526,20,52,79,6,0,0
639,0,526,20,52,79,6,0,0
640,0,526,20,52,79,6,0,0
641,0,526,20,52,79,6,0,0
642,0,526,20,52,79,6,0,0
643,0,526,20,52,79,6,0,0
644,0,526,20,52,79,6,0,0
645,0,526,20,52,79,6,0,0
646,0,526,20,52,79,6,0,0
647,0,526,20,52,79,6,0,0
648,0,525,20,52,79,6,0,0
649,0,525,20,52,79,6,0,0
650,0,525,20,52,79,6,0,0
651,0,525,20,52,79,6,0,0
652,0,525,20,52,79,6,0,0
653,0,525,20,52,79,6,0,0
654,0,526,20,52,79,6,0,0
655,0,526,20,52,79,6,0,0
656,0,526,20,52,79,6,0,0
657,0,526,20,52,79,6,0,0
658,0,526,20,51,79,6,0,0
659,0,526,20,51,79,6,0,0
660,0,526,20,51,79,6,0,0
661,0,526,20,51,79,6,0,0
662,0,526,20,51,79,6,0,0
663,0,526,20,51,79,6,0,0
664,0,526,20,50,79,6,0,0
665,0,526,20,50,79,6,0,0
666,0,526,20,50,79,6,0,0
667,0,526,20,50,79,6,0,0
668,0,526,20,50,79,6,0,0
669,0,526,20,50,79,6,0,0
670,0,526,20,50,79,6,0,0
671,0,526,20,50,79,6,0,0
672,0,526,20,51,79,6,0,0
673,0,526,20,51,79,6,0,0
674,0,526,20,50,79,6,0,0
675,0,526,20,50,79,6,0,0
676,0,526,20,50,79,6,0,0
677,0,526,20,50,79,6,0,0
678,0,526,20,50,79,6,0,0
679,0,526,20,50,79,6,0,0
680,0,526,20,50,79,6,0,0
681,0,526,20,50,79,6,0,0
682,0,526,20,50,79,6,0,0
683,0,526,20,50,79,6,0,0
684,0,526,20,50,79,6,0,0
685,0,526,20,50,79,6,0,0
686,0,526,20,50,79,6,0,0
687,0,526,20,51,79,6,0,0
688,0,526,20,51,79,6,0,0
689,0,526,20,51,79,6,0,0
690,0,526,20,51,79,6,0,0
691,0,526,20,51,79,6,0,0
692,0,526,20,51,79,6,0,0
693,0,526,20,51,79,6,0,0
694,0,526,20,51,79,6,0,0
695,0,526,20,51,79,6,0,0
696,0,526,20,51,79,6,0,0
697,0,526,20,51,79,6,0,0
698,0,526,20,51,79,6,0,0
699,0,526,20,51,79,6,0,0
700,0,525,20,51,79,6,0,0
701,0,525,20,51,79,6,0,0
702,0,525,20,51,79,6,0,0
703,0,525,20,51,79,6,0,0
704,0,526,20,51,79,6,0,0
705,0,526,20,51,79,6,0,0
706,0,526,20,52,79,6,0,0
707,0,526,20,52,79,6,0,0
708,0,526,19,51,79,6,0,0
709,0,526,19,50,79,6,0,0
710,0,526,19,50,79,6,0,0
711,0,526,19,50,79,6,0,0
712,0,526,19,50,79,6,0,0
713,0,526,19,50,79,6,0,0
714,0,526,20,52,79,6,0,0
715,0,526,20,52,79,6,0,0
716,0,526,20,52,79,6,0,0
717,0,526,20,52,79,6,0,0
718,0,526,20,52,79,6,0,0
719,0,526,20,52,79,6,0,0
720,0,526,20,53,79,6,0,0
721,0,525,20,53,79,6,0,0
722,0,525,20,53,79,6,0,0
723,0,525,20,53,79,6,0,0
724,0,525,20,53,79,6,0,0
725,0,525,20,53,79,6,0,0
726,0,525,20,53,79,6,0,0
727,0,525,20,53,79,6,0,0
728,0,525,20,53,79,6,0,0
729,0,525,20,53,79,6,0,0
730,0,525,20,53,79,6,0,0
731,0,525,20,53,79,6,0,0
732,0,525,20,53,79,6,0,0
733,0,525,20,53,79,6,0,0
734,0,525,20,53,79,6,0,0
735,0,525,20,53,79,6,0,0
736,0,525,20,52,79,6,0,0
737,0,525,20,52,79,6,0,0
738,0,525,20,52,79,6,0,0
739,0,525,20,52,79,6,0,0
740,0,525,20,52,79,6,0,0
741,0,525,20,52,79,6,0,0
742,0,525,20,52,79,6,0,0
743,0,525,20,52,79,6,0,0
744,0,525,20,52,79,6,0,0
745,0,525,20,52,79,6,0,0
746,0,525,20,51,79,6,0,0
747,0,525,20,51,79,6,0,0
748,0,525,20,51,79,6,0,0
749,0,525,20,51,79,6,0,0
750,0,526,20,51,79,6,0,0
751,0,526,20,51,79,6,0,0
752,0,526,20,51,79,6,0,0
753,0,526,20,51,79,6,0,0
754,0,526,20,51,79,6,0,0
755,0,526,20,51,79,6,0,0
756,0,526,19,51,79,6,0,0
757,0,526,19,51,79,6,0,0
758,0,526,19,51,79,6,0,0
759,0,526,19,51,79,6,0,0
760,0,525,19,51,79,6,0,0
761,0,526,19,51,79,6,0,0
762,0,526,19,51,79,6,0,0
763,0,526,19,51,79,6,0,0
764,0,526,19,51,79,6,0,0
765,0,526,19,51,79,6,0,0
766,0,527,19,49,79,6,0,0
767,0,527,19,50,79,6,0,0
768,0,528,20,49,79,6,0,0
769,0,528,20,49,79,6,0,0
770,0,528,20,49,79,6,0,0
771,0,527,20,49,79,6,0,0
772,0,528,20,49,79,6,0,0
773,0,528,20,49,79,6,0,0
774,0,528,20,49,79,6,0,0
775,0,528,20,49,79,6,0,0
776,0,528,20,49,79,6,0,0
777,0,528,20,49,79,6,0,0
778,0,528,20,49,79,6,0,0
779,0,528,20,49,79,6,0,0
780,0,527,20,49,79,6,0,0
781,0,527,20,49,79,6,0,0
782,0,527,20,49,79,6,0,0
783,0,527,20,49,79,6,0,0
784,0,527,20,49,79,6,0,0
785,0,527,20,49,79,6,0,0
786,0,528,20,50,79,6,0,0
787,0,528,20,50,79,6,0,0
788,0,528,20,50,79,6,0,0
789,0,527,20,50,79,6,0,0
790,0,527,20,50,79,6,0,0
791,0,528,20,50,79,6,0,0
792,0,527,20,50,79,6,0,0
793,0,527,20,50,79,6,0,0
794,0,527,20,50,79,6,0,0
795,0,527,20,50,79,6,0,0
796,0,527,20,51,79,6,0,0
797,0,527,20,51,79,6,0,0
798,0,527,20,51,79,6,0,0
799,0,527,20,51,79,6,0,0
800,0,527,20,51,79,6,0,0
801,0,527,20,51,79,6,0,0
802,0,527,20,51,79,6,0,0
803,0,527,20,51,79,6,0,0
804,0,527,20,50,79,6,0,0
805,0,527,20,50,79,6,0,0
806,0,526,20,50,79,6,0,0
807,0,526,20,50,79,6,0,0
808,0,526,20,50,79,6,0,0
809,0,526,20,50,79,6,0,0
810,0,526,20,50,79,6,0,0
811,0,526,20,50,79,6,0,0
812,0,526,20,50,79,6,0,0
813,0,526,20,50,79,6,0,0
814,0,526,20,50,79,6,0,0
815,0,526,20,50,79,6,0,0
816,0,526,20,50,79,6,0,0
817,0,526,20,50,79,6,0,0
818,0,526,20,50,79,6,0,0
819,0,527,20,50,79,6,0,0
820,0,526,20,50,79,6,0,0
821,0,527,20,50,79,6,0,0
822,0,527,20,50,79,6,0,0
823,0,527,20,49,79,6,0,0
824,0,527,20,50,79,6,0,0
825,0,527,20,50,79,6,0,0
826,0,526,20,50,79,6,0,0
827,0,526,20,50,79,6,0,0
828,0,527,20,49,79,6,0,0
829,0,527,20,49,79,6,0,0
830,0,527,20,49,79,6,0,0
831,0,527,20,49,79,6,0,0
832,0,527,20,49,79,6,0,0
833,0,527,20,49,79,6,0,0
834,0,527,20,49,79,6,0,0
835,0,527,20,49,79,6,0,0
836,0,527,20,49,79,6,0,0
837,0,527,20,49,79,6,0,0
838,0,527,20,49,79,6,0,0
839,0,527,20,49,79,6,0,0
844,0,526,19,52,79,6,0,0
845,0,526,19,53,79,6,0,0
846,0,527,20,51,79,6,0,0
847,0,527,20,51,79,6,0,1
851,0,526,21,59,79,6,0,1
852,0,526,20,58,79,6,0,1
853,0,526,20,57,79,6,0,1
854,0,526,20,57,79,6,0,1
855,0,526,20,57,79,6,0,1
856,0,526,20,57,79,6,0,1
857,0,526,20,57,79,6,0,0
858,0,526,20,57,79,6,0,0
859,0,526,20,57,79,6,0,0
860,0,526,20,58,79,6,0,0
861,0,526,20,58,79,6,0,0
862,0,526,20,58,79,6,0,0
863,0,526,20,57,79,6,0,0
864,0,527,20,54,79,6,0,0
865,0,527,20,55,79,6,0,0
866,0,527,20,55,79,6,0,0
867,0,527,20,54,79,6,0,0
868,0,527,20,54,79,6,0,0
869,0,527,20,54,79,6,0,0
870,0,527,20,54,79,6,0,0
871,0,527,20,54,79,6,0,0
872,0,528,20,54,79,6,0,0
873,0,528,20,54,79,6,0,0
874,0,528,20,54,79,6,0,0
875,0,528,20,54,79,6,0,0
876,0,527,20,54,79,6,0,0
877,0,527,20,55,79,6,0,0
878,0,527,20,55,79,6,0,0
879,0,527,20,55,79,6,0,0
880,0,527,20,55,79,6,0,0
881,0,527,20,55,79,6,0,0
882,0,527,20,55,79,6,0,0
883,0,527,20,55,79,6,0,0
884,0,527,20,55,79,6,0,0
885,0,527,20,55,79,6,0,0
886,0,527,20,55,79,6,0,0
887,0,527,20,54,79,6,0,1
888,0,527,20,51,79,6,0,1
889,0,526,20,51,79,6,0,2
890,0,526,20,51,79,6,0,2
891,0,526,20,51,79,6,0,2
892,0,526,20,51,79,6,0,1
893,0,526,20,51,79,6,0,1
894,0,526,20,51,79,6,0,0
895,0,526,20,51,79,6,0,0
896,0,527,20,51,79,6,0,0
897,0,527,20,51,79,6,0,0
898,0,526,20,51,79,6,0,0
899,0,526,20,51,79,6,0,0
900,0,526,20,51,79,6,0,0
901,0,526,20,51,79,6,0,0
902,0,526,20,51,79,6,0,0
903,0,526,20,51,79,6,0,0
904,0,526,20,51,79,6,0,0
905,0,526,20,51,79,6,0,0
906,0,526,20,51,79,6,0,0
907,0,526,20,51,79,6,0,0
908,0,526,20,51,79,6,0,0
909,0,526,20,51,79,6,0,0
910,0,526,20,51,79,6,0,0
911,0,526,20,51,79,6,0,0
912,0,526,20,51,79,6,0,0
913,0,527,20,51,79,6,0,0
914,0,526,20,51,79,6,0,0
915,0,527,20,51,79,6,0,0
916,0,526,20,51,79,6,0,0
917,0,526,20,51,79,6,0,0
918,0,526,20,51,79,6,0,0
919,0,527,20,51,79,6,0,0
920,0,527,20,51,79,6,0,0
921,0,527,20,51,79,6,0,0
922,0,527,20,51,79,6,0,0
923,0,527,20,51,79,6,0,0
924,0,526,20,51,79,6,0,0
925,0,526,20,51,79,6,0,0
926,0,526,20,51,79,6,0,0
927,0,527,20,51,79,6,0,0
928,0,526,20,52,79,6,0,0
929,0,526,20,52,79,6,0,0
930,0,526,20,52,79,6,0,0
931,0,526,20,53,79,6,0,0
932,0,526,20,53,79,6,0,0
933,0,526,20,53,79,6,0,0
934,0,526,20,53,79,6,0,0
935,0,526,20,53,79,6,0,0
936,0,527,20,51,79,6,0,0
937,0,527,20,51,79,6,0,0
938,0,527,20,51,79,6,0,0
939,0,527,20,50,79,6,0,0
940,0,527,20,50,79,6,0,0
941,0,527,20,49,79,6,0,0
942,0,527,20,49,79,6,0,0
943,0,527,20,49,79,6,0,0
944,0,527,20,49,79,6,0,0
945,0,527,20,50,79,6,0,0
946,0,527,20,49,79,6,0,0
947,0,527,20,49,79,6,0,0
948,0,526,20,50,79,6,0,0
949,0,526,20,51,79,6,0,0
950,0,526,20,51,79,6,0,0
951,0,526,20,50,79,6,0,0
952,0,526,20,50,79,6,0,0
953,0,526,20,50,79,6,0,0
954,0,526,20,50,79,6,0,0
955,0,527,20,50,79,6,0,0
956,0,527,20,50,79,6,0,0
957,0,527,20,50,79,6,0,0
958,0,526,20,52,79,6,0,0
959,0,526,20,52,79,6,0,0
960,0,526,20,52,79,6,0,0
961,0,526,20,51,79,6,0,0
962,0,526,20,51,79,6,0,0
963,0,526,20,51,79,6,0,0
964,0,527,20,52,79,6,0,0
965,0,526,20,52,79,6,0,0
966,0,527,20,52,79,6,0,0
967,0,527,20,52,79,6,0,1
968,0,527,20,52,79,6,0,0
969,0,527,20,52,79,6,0,0
970,0,527,20,52,79,6,0,0
971,0,527,20,52,79,6,0,0
972,0,527,20,50,79,6,0,1
973,0,527,20,50,79,6,0,1
974,0,527,20,50,79,6,0,0
975,0,527,20,50,79,6,0,0
976,0,527,20,50,79,6,0,0
977,0,527,20,51,79,6,0,0
978,0,527,20,51,79,6,0,0
979,0,527,20,51,79,6,0,0
980,0,527,20,50,79,6,0,0
981,0,527,20,50,79,6,0,0
982,0,527,20,50,79,6,0,0
983,0,527,20,50,79,6,0,0
984,0,527,20,51,79,6,0,0
985,0,527,20,50,79,6,0,0
986,0,527,20,50,79,6,0,0
987,0,527,20,50,79,6,0,0
988,0,527,20,50,79,6,0,0
989,0,527,20,50,79,6,0,0
990,0,527,20,49,79,6,0,0
991,0,527,20,50,79,6,0,0
992,0,527,20,50,79,6,0,0
993,0,527,20,50,79,6,0,0
994,0,527,20,50,79,6,0,0
995,0,527,20,50,79,6,0,0
996,0,527,20,50,79,6,0,0
997,0,527,20,50,79,6,0,0
998,0,527,20,49,79,6,0,0
999,0,527,20,49,79,6,0,0
1000,0,528,20,49,79,6,0,0
1001,0,528,20,48,79,6,0,0
1002,0,528,20,48,79,6,0,0
1003,0,528,20,48,79,6,0,0
1004,0,528,20,48,79,6,0,0
1005,0,528,20,48,79,6,0,0
1006,0,528,20,48,79,6,0,0
1007,0,528,20,48,79,6,0,0
1008,0,526,20,50,79,6,0,0
1009,0,526,20,50,79,6,0,0
1010,0,526,20,50,79,6,0,0
1011,0,526,20,50,79,6,0,0
1012,0,526,20,50,79,6,0,0
1013,0,526,20,50,79,6,0,0
1014,0,526,20,50,79,6,0,0
1015,0,526,20,50,79,6,0,0
1016,0,526,20,50,79,6,0,0
1017,0,526,20,50,79,6,0,0
1018,0,526,20,50,79,6,0,0
1019,0,526,20,50,79,6,0,0
1020,0,526,20,50,79,6,0,0
1021,0,526,20,50,79,6,0,0
1022,0,526,20,50,79,6,0,0
1023,0,527,20,50,79,6,0,0
1024,0,527,20,50,79,6,0,0
1025,0,527,20,50,79,6,0,0
1026,0,527,20,50,79,6,0,0
1027,0,528,20,48,79,6,0,0
1028,0,528,20,48,79,6,0,0
1029,0,528,20,48,79,6,0,0
1030,0,528,20,48,79,6,0,0
1031,0,528,20,48,79,6,0,0
1032,0,526,20,52,79,6,0,0
1033,0,526,20,52,79,6,0,0
1034,0,526,20,52,79,6,0,0
1035,0,526,20,51,79,6,0,0
1036,0,526,20,51,79,6,0,0
1037,0,526,20,51,79,6,0,0
1038,0,526,20,51,79,6,0,0
1039,0,526,20,51,79,6,0,0
1040,0,526,20,51,79,6,0,0
1041,0,526,20,51,79,6,0,0
1042,0,526,20,51,79,6,0,0
1043,0,526,20,51,79,6,0,0
1044,0,526,20,51,79,6,0,0
1045,0,526,20,51,79,6,0,0
1046,0,526,20,51,79,6,0,0
1047,0,526,20,51,79,6,0,0
1048,0,526,20,51,79,6,0,0
1049,0,526,20,51,79,6,0,0
1050,0,526,20,51,79,6,0,0
1051,0,526,20,51,79,6,0,0
1052,0,526,20,51,79,6,0,0
1053,0,527,20,51,79,6,0,0
1054,0,527,20,51,79,6,0,0
1055,0,527,20,51,79,6,0,0
1056,0,526,20,52,79,6,0,0
1057,0,526,20,52,79,6,0,0
1058,0,526,20,52,79,6,0,0
1059,0,526,20,52,79,6,0,0
1060,0,526,20,52,79,6,0,0
1061,0,525,20,51,79,6,0,0
1062,0,526,20,51,79,6,0,0
1063,0,526,20,51,79,6,0,0
1064,0,526,20,51,79,6,0,0
1065,0,525,20,51,79,6,0,0
1066,0,526,20,51,79,6,0,0
1067,0,526,20,50,79,6,0,0
1068,0,525,19,53,79,6,0,0
1069,0,525,20,53,79,6,0,0
1070,0,525,19,52,79,6,0,0
1071,0,526,20,51,79,6,0,0
1072,0,526,20,51,79,6,0,0
1073,0,526,20,51,79,6,0,0
1074,0,526,20,51,79,6,0,0
1075,0,526,20,51,79,6,0,0
1076,0,526,20,51,79,6,0,0
1077,0,525,20,51,79,6,0,0
1078,0,526,20,51,79,6,0,0
1079,0,526,20,51,79,6,0,0
1080,0,526,20,50,79,6,0,0
1081,0,528,20,50,79,6,0,0
1082,0,529,20,49,79,6,0,0
252,1221,782,95,77,80,6,5,4
253,1222,782,94,78,80,6,5,3
254,1221,782,95,78,80,6,5,4
255,1221,782,95,77,80,6,5,4
256,1221,782,95,79,80,6,5,7
257,1220,781,95,79,80,6,5,9
258,1220,781,95,83,80,6,5,11
259,1220,781,95,83,80,6,5,12
260,1221,780,95,84,80,6,5,13
261,1221,780,96,84,80,6,5,13
309,1260,781,108,83,81,6,0,10
310,1260,780,109,83,81,6,0,12
311,1265,782,101,81,81,6,0,13
312,1256,782,113,82,81,6,0,13
313,1256,782,113,81,81,6,0,13
314,1253,782,116,81,81,6,0,13
315,1244,782,126,81,81,6,0,12
316,1243,783,128,81,81,6,0,9
317,1256,781,113,82,81,6,0,5
318,1254,781,115,82,81,6,0,3
319,1256,781,113,82,81,6,0,2
320,1257,781,111,82,81,6,0,4
321,1255,782,115,81,81,6,0,4
322,1257,781,112,82,81,6,0,3
323,1258,781,111,82,81,6,0,1
324,1259,781,110,83,81,6,0,1
325,1259,782,109,82,81,6,0,0
326,1260,782,109,82,81,6,0,0
327,1258,782,111,82,81,6,0,0
328,1256,782,112,81,81,6,0,0
329,1255,782,113,81,81,6,0,0
330,1256,782,112,81,81,6,0,0
331,1256,782,112,81,81,6,0,0
332,1257,782,111,82,81,6,0,0
333,1256,782,112,82,81,6,0,1
334,1257,781,111,82,81,6,0,1
335,1257,781,111,82,81,6,0,2
336,1258,781,111,82,81,6,0,1
337,1258,781,111,82,81,6,0,1
338,1258,782,111,82,81,6,0,1
339,1258,782,112,81,81,6,0,1
340,1257,782,112,81,81,6,0,1
341,1256,781,113,82,81,6,0,1
342,1257,781,113,82,81,6,0,1
343,1257,781,113,82,81,6,0,1
344,1258,780,113,83,81,6,0,1
345,1257,781,112,82,81,6,0,1
346,1257,781,112,82,81,6,0,1
347,1257,782,112,82,81,6,0,1
348,1258,782,111,82,81,6,0,2
349,1258,782,112,82,81,6,0,2
350,1258,782,112,82,81,6,0,2
351,1258,782,112,82,81,6,0,0
352,1258,782,112,82,81,6,0,1
353,1258,782,112,82,81,6,0,0
354,1258,781,111,82,81,6,0,1
355,1258,782,111,82,81,6,0,1
356,1258,781,112,82,81,6,0,1
357,1258,781,112,82,81,6,0,1
358,1258,781,112,82,81,6,0,1
359,1258,781,112,82,81,6,0,1
360,1258,782,111,82,81,6,0,1
361,1258,782,111,82,81,6,0,1
362,1258,782,111,81,81,6,0,2
363,1258,782,111,81,81,6,0,1
364,1258,782,111,81,81,6,0,1
365,1258,782,111,81,81,6,0,0
366,1258,782,111,81,81,6,0,0
367,1258,782,111,81,81,6,0,0
368,1258,782,111,82,81,6,0,0
369,1258,782,111,81,81,6,0,0
370,1258,782,111,81,81,6,0,0
371,1258,782,111,81,81,6,0,0
372,1258,782,112,82,81,6,0,0
373,1258,782,112,82,81,6,0,0
374,1258,782,112,82,81,6,0,0
375,1258,781,112,82,81,6,0,0
376,1257,781,112,83,81,6,0,0
377,1258,781,112,82,81,6,0,0
378,1258,781,112,83,81,6,0,1
379,1258,781,112,82,81,6,0,1
380,1258,781,112,82,81,6,0,0
381,1258,781,112,82,81,6,0,0
382,1258,782,112,82,81,6,0,0
383,1258,782,112,82,81,6,0,0
384,1258,781,113,82,81,6,0,0
385,1258,781,113,82,81,6,0,0
386,1258,781,113,82,81,6,0,0
387,1258,782,113,82,81,6,0,0
388,1258,782,113,82,81,6,0,0
389,1258,782,113,82,81,6,0,1
390,1258,782,113,82,81,6,0,2
391,1258,782,113,82,81,6,0,2
392,1258,782,113,82,81,6,0,1
393,1258,782,113,82,81,6,0,0
394,1258,782,113,82,81,6,0,0
395,1258,782,113,82,81,6,0,0
396,1258,782,111,82,81,6,0,0
397,1258,782,112,82,81,6,0,0
398,1258,782,112,82,81,6,0,0
399,1258,782,112,82,81,6,0,0
400,1258,782,112,82,81,6,0,0
401,1258,782,112,82,81,6,0,0
402,1258,782,111,81,81,6,0,0
403,1258,782,111,82,81,6,0,0
404,1258,782,111,82,81,6,0,1
405,1259,782,111,81,81,6,0,1
406,1259,782,111,81,81,6,0,1
407,1259,782,111,81,81,6,0,0
408,1259,783,111,81,81,6,0,0
409,1259,783,111,81,81,6,0,0
410,1258,782,112,81,81,6,0,0
411,1259,782,112,82,81,6,0,0
412,1258,782,112,81,81,6,0,0
413,1259,782,111,81,81,6,0,0
414,1258,782,112,81,81,6,0,0
415,1258,782,112,81,81,6,0,0
416,1258,782,112,81,81,6,0,0
417,1258,782,112,81,81,6,0,0
418,1258,782,112,81,81,6,0,0
419,1259,782,111,81,81,6,0,0
420,1259,782,111,82,81,6,0,0
421,1259,782,112,82,81,6,0,0
422,1257,781,113,82,81,6,0,0
423,1257,782,113,82,81,6,0,0
424,1258,782,112,82,81,6,0,0
425,1257,782,113,81,81,6,0,0
426,1256,782,113,82,81,6,0,0
427,1257,782,113,81,81,6,0,1
428,1257,782,112,81,81,6,0,2
429,1259,783,113,80,81,6,0,3
430,1259,783,113,80,81,6,0,2
431,1257,782,112,81,81,6,0,1
432,1260,781,110,82,81,6,0,1
433,1259,782,110,81,81,6,0,1
434,1260,781,109,82,81,6,0,1
435,1260,781,108,82,81,6,0,0
436,1260,781,108,82,81,6,0,0
437,1260,782,109,81,81,6,0,0
438,1258,782,110,81,81,6,0,0
439,1259,782,110,81,81,6,0,0
440,1259,782,109,81,81,6,0,0
441,1259,782,110,81,81,6,0,0
442,1259,782,110,81,81,6,0,1
443,1259,782,110,81,81,6,0,2
444,1261,781,111,82,81,6,0,3
445,1261,781,111,82,81,6,0,3
446,1262,781,111,82,81,6,0,2
447,1262,781,111,82,81,6,0,2
448,1259,781,110,82,81,6,0,2
449,1258,781,111,82,81,6,0,3
450,1258,781,112,82,81,6,0,4
451,1257,781,112,82,81,6,0,5
452,1256,781,113,82,81,6,0,4
453,1256,781,113,82,81,6,0,3
454,1256,780,113,83,81,6,0,2
455,1256,780,113,83,81,6,0,1
456,1255,781,114,82,81,6,0,1
457,1255,781,114,81,81,6,0,1
458,1258,782,111,81,81,6,0,0
459,1257,782,112,81,81,6,0,0
460,1258,781,111,82,81,6,0,0
461,1258,781,110,82,81,6,0,0
462,1259,781,110,82,81,6,0,0
463,1258,781,111,81,81,6,0,1
464,1258,781,110,81,81,6,0,1
465,1258,781,110,82,81,6,0,1
466,1259,781,110,82,81,6,0,1
467,1258,781,111,82,81,6,0,2
468,1258,781,111,82,81,6,0,2
469,1258,781,111,82,81,6,0,2
470,1258,781,111,82,81,6,0,1
471,1258,781,112,82,81,6,0,1
472,1258,781,111,82,81,6,0,0
473,1258,781,112,82,81,6,0,0
474,1258,781,112,82,81,6,0,1
475,1257,780,112,82,81,6,0,1
476,1258,780,111,83,81,6,0,0
477,1259,781,111,82,81,6,0,0
478,1258,781,111,82,81,6,0,0
479,1257,781,113,82,81,6,0,0
480,1257,781,112,82,81,6,0,0
481,1258,781,111,82,81,6,0,0
482,1259,781,111,82,81,6,0,0
483,1259,781,111,82,81,6,0,1
484,1259,781,111,82,81,6,0,1
485,1259,781,111,82,81,6,0,1
486,1259,781,111,82,81,6,0,0
487,1259,781,111,82,81,6,0,0
488,1259,781,111,82,81,6,0,0
489,1259,781,111,82,81,6,0,0
490,1259,781,110,82,81,6,0,0
491,1258,781,111,82,81,6,0,0
492,1258,781,111,82,81,6,0,0
493,1258,781,110,82,81,6,0,0
494,1259,781,110,82,81,6,0,0
495,1259,781,110,82,81,6,0,0
496,1258,781,110,82,81,6,0,0
497,1257,781,112,82,81,6,0,0
498,1256,781,112,82,81,6,0,0
499,1256,781,113,82,81,6,0,0
500,1257,781,112,82,81,6,0,0
501,1257,781,112,82,81,6,0,0
502,1257,781,112,82,81,6,0,0
503,1258,781,111,82,81,6,0,1
504,1250,781,120,82,81,6,0,2
505,1249,781,121,82,81,6,0,3
506,1249,781,120,82,81,6,0,3
507,1250,781,120,82,81,6,0,2
508,1252,781,118,82,81,6,0,2
509,1252,781,118,82,81,6,0,1
510,1252,781,118,82,81,6,0,1
511,1250,781,120,82,81,6,0,0
512,1251,781,118,82,81,6,0,0
513,1251,781,118,82,81,6,0,0
514,1251,781,118,82,81,6,0,0
515,1251,781,118,82,81,6,0,0
516,1254,781,116,82,81,6,0,0
517,1249,781,121,82,81,6,0,0
518,1249,781,121,82,81,6,0,0
519,1249,781,121,82,81,6,0,0
520,1250,781,120,82,81,6,0,0
521,1251,781,119,82,81,6,0,0
522,1251,781,119,82,81,6,0,0
523,1251,781,119,82,81,6,0,0
524,1250,781,119,82,81,6,0,0
525,1249,781,120,82,81,6,0,1
526,1249,781,121,82,81,6,0,1
527,1248,781,122,82,81,6,0,2
528,1249,781,120,82,81,6,0,1
529,1254,781,116,82,81,6,0,1
530,1250,781,119,82,81,6,0,1
531,1252,781,117,81,81,6,0,1
532,1252,781,117,81,81,6,0,1
533,1251,781,118,82,81,6,0,1
534,1252,781,117,82,81,6,0,1
535,1252,781,117,82,81,6,0,1
536,1252,781,117,82,81,6,0,1
537,1252,781,117,82,81,6,0,1
538,1253,781,116,82,81,6,0,2
539,1250,780,119,82,81,6,0,3
540,1246,780,123,83,81,6,0,2
541,1247,779,122,84,81,6,0,1
542,1253,779,116,84,81,6,0,0
543,1252,779,117,85,81,6,0,0
544,1256,779,113,84,81,6,0,1
545,1258,779,111,84,81,6,0,2
546,1258,780,110,83,81,6,0,2
547,1258,780,110,83,81,6,0,2
548,1258,780,110,83,81,6,0,1
549,1258,781,111,83,81,6,0,1
550,1258,781,111,82,81,6,0,0
551,1257,781,112,82,81,6,0,0
552,1257,781,111,83,81,6,0,0
553,1256,781,112,82,81,6,0,0
554,1255,781,114,82,81,6,0,0
555,1255,781,114,82,81,6,0,0
556,1255,781,114,82,81,6,0,0
557,1256,781,112,82,81,6,0,1
558,1258,781,111,82,81,6,0,1
559,1258,781,110,82,81,6,0,1
560,1259,781,110,82,81,6,0,1
561,1259,781,110,82,81,6,0,1
562,1259,781,110,82,81,6,0,1
563,1256,781,113,82,81,6,0,2
564,1256,781,113,82,81,6,0,2
565,1253,781,116,83,81,6,0,2
566,1255,780,114,83,81,6,0,2
567,1255,780,114,83,81,6,0,2
568,1254,780,115,83,81,6,0,2
569,1252,778,117,85,81,6,0,2
570,1256,780,113,83,81,6,0,1
571,1256,781,113,82,81,6,0,1
572,1257,781,112,82,81,6,0,0
573,1256,781,113,82,81,6,0,0
574,1257,781,112,83,81,6,0,0
575,1257,780,112,83,81,6,0,0
576,1257,780,112,83,81,6,0,0
577,1258,780,111,83,81,6,0,0
578,1258,780,111,83,81,6,0,0
579,1258,780,111,83,81,6,0,0
580,1258,781,111,83,81,6,0,0
581,1258,781,111,82,81,6,0,0
582,1258,781,112,83,81,6,0,0
583,1258,781,111,82,81,6,0,0
584,1258,781,111,82,81,6,0,0
585,1258,781,111,82,81,6,0,0
586,1259,780,110,83,81,6,0,0
587,1258,780,111,83,81,6,0,0
588,1258,780,112,84,81,6,0,0
589,1258,780,112,83,81,6,0,0
590,1258,780,112,83,81,6,0,0
591,1258,780,112,83,81,6,0,0
592,1258,780,112,83,81,6,0,0
593,1258,780,112,83,81,6,0,0
594,1258,780,112,83,81,6,0,1
595,1258,780,112,83,81,6,0,1
596,1257,781,112,83,81,6,0,2
597,1257,780,113,83,81,6,0,1
598,1257,781,112,83,81,6,0,2
599,1257,780,113,83,81,6,0,2
600,1257,781,112,83,81,6,0,2
601,1257,781,112,83,81,6,0,1
602,1258,781,112,83,81,6,0,1
603,1258,781,111,83,81,6,0,0
604,1258,781,111,83,81,6,0,1
605,1258,781,111,82,81,6,0,1
606,1258,781,111,82,81,6,0,1
607,1258,781,111,82,81,6,0,1
608,1258,781,111,83,81,6,0,0
609,1258,781,112,82,81,6,0,0
610,1258,781,112,82,81,6,0,0
611,1258,781,112,83,81,6,0,0
612,1257,781,113,82,81,6,0,0
613,1257,781,113,82,81,6,0,0
614,1257,781,113,82,81,6,0,0
615,1257,781,113,82,81,6,0,0
616,1257,781,112,83,81,6,0,0
617,1257,781,112,83,81,6,0,1
618,1257,781,113,83,81,6,0,1
619,1257,781,113,83,81,6,0,1
620,1257,781,113,83,81,6,0,1
621,1257,781,113,83,81,6,0,0
622,1257,781,113,83,81,6,0,0
623,1257,781,113,83,81,6,0,0
624,1257,781,113,83,81,6,0,0
625,1257,781,113,83,81,6,0,0
626,1257,781,113,83,81,6,0,0
627,1257,781,113,83,81,6,0,0
628,1257,781,113,83,81,6,0,0
629,1257,781,113,83,81,6,0,0
630,1257,781,113,83,81,6,0,0
631,1257,781,113,83,81,6,0,0
632,1257,781,113,83,81,6,0,0
633,1257,781,113,83,81,6,0,0
634,1257,781,112,82,81,6,0,1
635,1257,781,112,82,81,6,0,1
636,1256,781,114,82,81,6,0,1
637,1256,781,113,82,81,6,0,1
638,1256,781,114,82,81,6,0,1
639,1256,781,114,82,81,6,0,0
640,1256,781,114,82,81,6,0,0
641,1256,781,113,82,81,6,0,0
642,1256,781,113,82,81,6,0,0
643,1256,781,113,82,81,6,0,0
644,1256,781,113,82,81,6,0,0
645,1256,781,113,82,81,6,0,0
646,1256,781,113,82,81,6,0,0
647,1256,781,113,82,81,6,0,0
648,1257,782,113,82,81,6,0,0
649,1257,782,113,81,81,6,0,0
650,1257,782,113,82,81,6,0,0
651,1257,782,113,82,81,6,0,0
652,1257,782,113,82,81,6,0,0
653,1256,782,113,82,81,6,0,0
654,1256,782,114,81,81,6,0,0
655,1256,782,114,81,81,6,0,0
656,1256,782,114,82,81,6,0,0
657,1256,781,114,82,81,6,0,1
658,1256,781,114,82,81,6,0,1
659,1256,781,114,82,81,6,0,1
660,1256,782,115,81,81,6,0,1
661,1256,782,115,81,81,6,0,1
662,1256,782,115,81,81,6,0,1
663,1256,782,115,81,81,6,0,0
664,1257,781,113,83,81,6,0,0
665,1257,781,113,83,81,6,0,0
666,1257,781,113,82,81,6,0,0
667,1257,781,113,82,81,6,0,0
668,1257,781,113,82,81,6,0,0
669,1257,781,112,82,81,6,0,0
670,1257,781,112,82,81,6,0,0
671,1257,781,112,82,81,6,0,0
672,1258,781,111,82,81,6,0,0
673,1258,781,111,82,81,6,0,0
674,1258,781,111,82,81,6,0,0
675,1258,781,111,82,81,6,0,0
676,1258,781,111,82,81,6,0,0
677,1258,781,111,82,81,6,0,0
678,1258,781,111,82,81,6,0,0
679,1258,781,111,82,81,6,0,0
680,1258,781,111,82,81,6,0,0
681,1258,781,111,82,81,6,0,0
682,1258,781,111,82,81,6,0,0
683,1257,781,112,82,81,6,0,0
684,1259,782,110,81,81,6,0,0
685,1259,782,110,81,81,6,0,0
686,1259,782,110,81,81,6,0,0
687,1259,782,109,81,81,6,0,0
688,1259,782,109,81,81,6,0,0
689,1259,782,109,81,81,6,0,0
690,1259,782,109,81,81,6,0,0
691,1259,782,109,81,81,6,0,0
692,1259,782,109,81,81,6,0,0
693,1259,782,110,81,81,6,0,0
694,1258,781,110,82,81,6,0,0
695,1258,781,110,82,81,6,0,0
696,1258,781,110,83,81,6,0,0
697,1258,781,111,83,81,6,0,0
698,1258,781,110,83,81,6,0,0
699,1258,781,110,83,81,6,0,1
700,1258,781,111,83,81,6,0,1
701,1258,781,110,83,81,6,0,0
702,1258,781,110,83,81,6,0,0
703,1258,781,110,83,81,6,0,0
704,1258,781,111,82,81,6,0,0
705,1258,781,111,82,81,6,0,0
706,1258,781,111,82,81,6,0,0
707,1258,781,111,82,81,6,0,0
708,1256,781,113,83,81,6,0,0
709,1256,781,114,83,81,6,0,0
710,1256,781,114,83,81,6,0,0
711,1256,781,114,83,81,6,0,0
712,1256,781,114,83,81,6,0,0
713,1256,781,114,83,81,6,0,0
714,1257,781,112,82,81,6,0,0
715,1257,781,112,82,81,6,0,0
716,1257,781,112,82,81,6,0,0
717,1257,781,112,82,81,6,0,1
718,1258,781,112,82,81,6,0,1
719,1258,781,112,82,81,6,0,0
720,1256,780,114,83,81,6,0,0
721,1256,780,114,84,81,6,0,0
722,1256,780,114,84,81,6,0,0
723,1256,780,114,84,81,6,0,1
724,1257,780,113,84,81,6,0,1
725,1257,780,113,84,81,6,0,1
726,1257,780,114,84,81,6,0,1
727,1257,780,113,83,81,6,0,1
728,1257,780,113,83,81,6,0,1
729,1257,780,113,83,81,6,0,0
730,1257,780,113,84,81,6,0,0
731,1257,780,113,84,81,6,0,0
732,1256,780,114,83,81,6,0,0
733,1257,780,114,83,81,6,0,0
734,1257,780,113,83,81,6,0,0
735,1257,780,113,83,81,6,0,0
736,1257,780,112,84,81,6,0,0
737,1258,780,112,83,81,6,0,0
738,1258,780,112,84,81,6,0,0
739,1258,780,112,84,81,6,0,0
740,1258,780,112,84,81,6,0,0
741,1258,780,112,84,81,6,0,0
742,1258,780,112,84,81,6,0,0
743,1258,779,112,84,81,6,0,0
744,1258,781,110,83,81,6,0,0
745,1258,781,110,83,81,6,0,0
746,1258,781,111,82,81,6,0,0
747,1258,781,111,82,81,6,0,0
748,1258,781,111,82,81,6,0,0
749,1258,781,111,82,81,6,0,0
750,1257,781,113,83,81,6,0,0
751,1257,781,113,83,81,6,0,1
752,1257,781,113,83,81,6,0,2
753,1257,781,113,83,81,6,0,1
754,1257,781,113,83,81,6,0,2
755,1257,780,113,83,81,6,0,1
756,1257,780,113,83,81,6,0,1
757,1258,781,113,83,81,6,0,1
758,1258,781,113,83,81,6,0,1
759,1258,781,113,83,81,6,0,1
760,1258,780,113,83,81,6,0,1
761,1258,780,113,83,81,6,0,1
762,1258,781,113,83,81,6,0,0
763,1258,781,113,83,81,6,0,0
764,1258,781,113,83,81,6,0,0
765,1258,781,113,83,81,6,0,0
766,1258,782,112,81,81,6,0,0
767,1259,782,112,81,81,6,0,0
768,1258,783,112,80,81,6,0,0
769,1258,783,112,80,81,6,0,0
770,1258,783,112,80,81,6,0,0
771,1258,783,112,80,81,6,0,0
772,1258,783,112,80,81,6,0,0
773,1258,783,112,80,81,6,0,0
774,1258,783,112,80,81,6,0,0
775,1258,783,112,80,81,6,0,0
776,1258,783,112,80,81,6,0,0
777,1258,782,112,81,81,6,0,0
778,1258,783,112,81,81,6,0,0
779,1258,782,112,81,81,6,0,0
780,1257,783,112,80,81,6,0,0
781,1257,783,112,80,81,6,0,0
782,1258,784,112,80,81,6,0,0
783,1257,784,112,80,81,6,0,1
784,1257,784,112,79,81,6,0,1
785,1257,784,112,79,81,6,0,1
786,1257,784,112,79,81,6,0,0
787,1258,784,112,79,81,6,0,1
788,1258,784,112,79,81,6,0,1
789,1258,783,112,80,81,6,0,2
790,1258,783,112,80,81,6,0,2
791,1258,783,112,80,81,6,0,1
792,1257,783,113,80,81,6,0,0
793,1258,783,113,80,81,6,0,0
794,1258,783,113,80,81,6,0,0
795,1258,783,113,80,81,6,0,1
796,1258,783,112,81,81,6,0,1
797,1258,783,113,81,81,6,0,1
798,1258,783,113,80,81,6,0,0
799,1258,783,113,80,81,6,0,0
800,1258,783,112,81,81,6,0,0
801,1258,782,112,81,81,6,0,0
802,1258,782,112,81,81,6,0,1
803,1258,782,112,81,81,6,0,2
804,1258,781,112,82,81,6,0,1
805,1258,781,112,82,81,6,0,1
806,1258,781,112,83,81,6,0,0
807,1258,780,112,83,81,6,0,1
808,1258,780,112,83,81,6,0,1
809,1258,781,112,83,81,6,0,2
810,1258,781,112,83,81,6,0,1
811,1258,781,112,83,81,6,0,1
812,1258,781,112,82,81,6,0,1
813,1258,781,112,82,81,6,0,1
814,1258,781,112,82,81,6,0,0
815,1258,781,112,82,81,6,0,0
816,1257,780,114,83,81,6,0,0
817,1257,780,113,83,81,6,0,1
818,1258,780,113,83,81,6,0,1
819,1258,780,113,83,81,6,0,1
820,1258,780,113,83,81,6,0,0
821,1258,780,113,83,81,6,0,0
822,1258,780,113,83,81,6,0,0
823,1258,780,113,83,81,6,0,0
824,1258,780,113,83,81,6,0,0
825,1258,780,113,83,81,6,0,0
826,1257,780,114,83,81,6,0,0
827,1258,780,113,83,81,6,0,0
828,1257,780,113,83,81,6,0,0
829,1257,780,114,83,81,6,0,0
830,1257,779,114,84,81,6,0,0
831,1257,779,114,84,81,6,0,0
832,1257,780,114,83,81,6,0,0
833,1257,780,114,83,81,6,0,0
834,1257,780,114,83,81,6,0,1
835,1256,780,114,84,81,6,0,1
836,1256,780,114,83,81,6,0,1
837,1256,780,114,83,81,6,0,0
838,1257,780,114,83,81,6,0,0
839,1256,780,114,83,81,6,0,0
840,1257,780,114,84,81,6,0,0
841,1257,780,114,84,81,6,0,0
842,1256,780,114,84,81,6,0,0
843,1257,780,114,84,81,6,0,0
844,1256,780,115,83,81,6,0,0
845,1257,780,114,83,81,6,0,0
846,1258,780,113,84,81,6,0,0
847,1258,780,113,84,81,6,0,0
848,1258,780,112,84,81,6,0,0
849,1258,780,112,84,81,6,0,0
850,1258,780,112,83,81,6,0,0
851,1258,780,112,84,81,6,0,0
852,1258,781,112,83,81,6,0,0
853,1258,781,112,83,81,6,0,0
854,1258,781,112,83,81,6,0,0
855,1258,781,112,83,81,6,0,0
856,1258,781,112,82,81,6,0,0
857,1258,781,112,82,81,6,0,1
858,1258,781,112,82,81,6,0,1
859,1258,781,112,82,81,6,0,0
860,1258,781,112,83,81,6,0,0
861,1258,781,112,83,81,6,0,0
862,1258,781,112,82,81,6,0,0
863,1258,781,112,82,81,6,0,0
864,1258,780,113,84,81,6,0,0
865,1258,780,113,84,81,6,0,0
866,1258,780,113,84,81,6,0,0
867,1258,780,113,84,81,6,0,0
868,1258,780,113,84,81,6,0,0
869,1258,780,113,84,81,6,0,0
870,1258,780,113,83,81,6,0,0
871,1258,781,113,83,81,6,0,0
872,1258,781,113,83,81,6,0,0
873,1258,781,113,83,81,6,0,0
874,1258,781,113,83,81,6,0,1
875,1258,780,113,83,81,6,0,0
876,1258,781,113,83,81,6,0,0
877,1258,781,113,83,81,6,0,0
878,1258,781,113,83,81,6,0,0
879,1258,781,113,83,81,6,0,0
880,1258,780,113,83,81,6,0,0
881,1258,780,113,83,81,6,0,0
882,1258,781,113,83,81,6,0,0
883,1257,780,113,84,81,6,0,0
884,1258,780,113,83,81,6,0,0
885,1258,780,113,83,81,6,0,0
886,1258,780,113,83,81,6,0,0
887,1258,780,113,83,81,6,0,0
888,1257,781,113,82,81,6,0,0
889,1257,780,113,83,81,6,0,0
890,1257,781,113,82,81,6,0,0
891,1257,780,113,83,81,6,0,0
892,1257,781,113,82,81,6,0,0
893,1257,781,113,82,81,6,0,0
894,1257,781,113,82,81,6,0,0
895,1257,781,113,82,81,6,0,0
896,1257,781,113,83,81,6,0,0
897,1261,782,108,81,81,6,0,0
898,1262,782,108,82,81,6,0,1
899,1261,782,111,81,81,6,0,1
900,1259,781,111,83,81,6,0,1
901,1259,781,111,83,81,6,0,1
902,1259,781,110,81,81,6,0,1
903,1261,781,108,81,81,6,0,1
904,1257,782,112,80,81,6,0,1
905,1257,781,112,81,81,6,0,1
906,1257,781,112,81,81,6,0,2
907,1257,781,112,82,81,6,0,2
908,1257,781,112,82,81,6,0,2
909,1257,782,113,82,81,6,0,2
910,1258,781,113,82,81,6,0,2
911,1258,780,112,83,81,6,0,2
912,1257,780,113,83,81,6,0,2
913,1262,782,107,81,81,6,0,2
914,1260,782,109,82,81,6,0,1
915,1256,781,116,82,81,6,0,1
916,1256,781,113,82,81,6,0,1
917,1257,782,112,81,81,6,0,1
918,1258,781,111,82,81,6,0,1
919,1257,781,113,80,81,6,0,1
920,1257,781,104,81,81,6,0,1
921,1256,780,116,83,81,6,0,1
922,1257,780,112,83,81,6,0,0
923,1257,780,112,83,81,6,0,1
924,1258,780,112,83,81,6,0,2
925,1258,780,112,83,81,6,0,3
926,1258,780,112,82,81,6,0,2
927,1258,780,112,82,81,6,0,1
928,1258,780,112,83,81,6,0,1
929,1258,781,112,83,81,6,0,2
930,1258,781,112,83,81,6,0,2
931,1258,781,112,83,81,6,0,2
932,1258,781,112,83,81,6,0,2
933,1258,781,112,83,81,6,0,1
934,1258,781,112,82,81,6,0,1
935,1258,781,112,83,81,6,0,1
936,1259,780,111,83,81,6,0,2
937,1258,780,111,83,81,6,0,3
938,1259,780,112,83,81,6,0,4
939,1259,780,112,83,81,6,0,3
940,1259,780,112,83,81,6,0,2
941,1259,781,112,83,81,6,0,1
942,1259,781,112,83,81,6,0,1
943,1259,781,112,83,81,6,0,1
944,1259,781,112,83,81,6,0,1
945,1259,781,113,83,81,6,0,1
946,1259,780,113,83,81,6,0,0
947,1258,780,113,83,81,6,0,0
948,1258,782,112,81,81,6,0,0
949,1258,782,112,81,81,6,0,0
950,1258,782,112,81,81,6,0,0
951,1258,782,112,81,81,6,0,0
952,1258,782,112,81,81,6,0,0
953,1258,782,112,81,81,6,0,0
954,1258,782,112,81,81,6,0,0
955,1258,782,112,81,81,6,0,0
956,1258,782,112,81,81,6,0,1
957,1258,782,112,81,81,6,0,1
958,1258,782,112,82,81,6,0,1
959,1258,781,112,82,81,6,0,0
960,1258,781,112,82,81,6,0,0
961,1258,781,112,82,81,6,0,0
962,1258,782,112,82,81,6,0,0
963,1258,782,112,82,81,6,0,0
964,1258,782,112,82,81,6,0,0
965,1258,782,112,82,81,6,0,0
966,1258,782,112,82,81,6,0,0
967,1258,782,112,81,81,6,0,1
968,1258,781,112,82,81,6,0,1
969,1258,781,112,82,81,6,0,1
970,1258,781,112,82,81,6,0,1
971,1258,781,112,82,81,6,0,1
972,1259,781,111,82,81,6,0,0
973,1259,781,111,82,81,6,0,0
974,1259,781,111,82,81,6,0,0
975,1259,781,111,83,81,6,0,0
976,1259,781,111,82,81,6,0,0
977,1259,781,111,82,81,6,0,0
978,1258,781,111,82,81,6,0,0
979,1258,781,112,82,81,6,0,0
980,1258,782,112,82,81,6,0,0
981,1258,781,112,82,81,6,0,0
982,1257,781,112,82,81,6,0,0
983,1257,781,112,82,81,6,0,0
984,1258,782,112,82,81,6,0,0
985,1258,782,112,82,81,6,0,0
986,1258,782,112,82,81,6,0,0
987,1259,782,111,82,81,6,0,0
988,1259,782,111,82,81,6,0,0
989,1259,782,111,82,81,6,0,1
990,1259,782,111,82,81,6,0,1
991,1259,781,111,82,81,6,0,1
992,1259,782,111,82,81,6,0,0
993,1259,782,111,82,81,6,0,0
994,1259,782,111,82,81,6,0,0
995,1259,782,111,82,81,6,0,0
996,1259,782,111,82,81,6,0,0
997,1259,782,111,81,81,6,0,0
998,1258,782,111,81,81,6,0,0
999,1258,782,111,81,81,6,0,0
1000,1257,782,111,82,81,6,0,0
1001,1257,782,111,82,81,6,0,0
1002,1257,782,111,82,81,6,0,0
1003,1257,782,112,82,81,6,0,0
1004,1257,782,112,82,81,6,0,0
1005,1257,782,112,82,81,6,0,0
1006,1257,782,112,82,81,6,0,0
1007,1257,782,112,82,81,6,0,0
1008,1257,780,112,83,81,6,0,1
1009,1256,779,116,84,81,6,0,1
1010,1256,779,116,84,81,6,0,1
1011,1256,779,116,84,81,6,0,1
1012,1258,780,114,84,81,6,0,2
1013,1256,779,116,84,81,6,0,2
1014,1257,781,112,83,81,6,0,1
1015,1256,779,116,84,81,6,0,0
1016,1258,781,112,83,81,6,0,0
1017,1258,780,112,83,81,6,0,0
1018,1258,781,112,83,81,6,0,0
1019,1258,780,112,83,81,6,0,0
1020,1258,781,112,83,81,6,0,0
1021,1258,781,112,83,81,6,0,0
1022,1258,781,112,83,81,6,0,0
1023,1258,781,112,82,81,6,0,0
1024,1258,781,112,82,81,6,0,0
1025,1258,781,112,82,81,6,0,0
1026,1257,781,113,83,81,6,0,0
1027,1257,781,113,83,81,6,0,0
1028,1257,781,113,83,81,6,0,0
1029,1257,781,113,83,81,6,0,0
1030,1257,780,113,83,81,6,0,0
1031,1258,780,112,83,81,6,0,0
1032,1257,781,114,83,81,6,0,0
1033,1257,780,114,83,81,6,0,1
1034,1257,781,114,83,81,6,0,1
1035,1257,780,114,83,81,6,0,1
1036,1256,781,115,83,81,6,0,1
1037,1256,781,115,83,81,6,0,1
1038,1258,781,115,82,81,6,0,1
1039,1257,780,116,83,81,6,0,1
1040,1256,778,115,85,81,6,0,1
1041,1256,779,115,84,81,6,0,2
1042,1259,779,112,84,81,6,0,2
1043,1259,780,113,83,81,6,0,2
1044,1257,781,114,83,81,6,0,2
1045,1258,780,113,83,81,6,0,1
1046,1258,779,113,84,81,6,0,1
1047,1258,780,113,83,81,6,0,1
1048,1258,780,113,83,81,6,0,1
1049,1257,780,114,84,81,6,0,2
1050,1259,780,112,83,81,6,0,2
1051,1260,781,111,82,81,6,0,1
1052,1260,781,111,82,81,6,0,1
1053,1260,781,110,82,81,6,0,0
1054,1260,781,110,83,81,6,0,1
1055,1259,781,111,83,81,6,0,1
1056,1256,780,115,84,81,6,0,3
1057,1256,780,114,84,81,6,0,4
1058,1255,779,115,84,81,6,0,4
1059,1254,780,117,84,81,6,0,3
1060,1254,780,117,83,81,6,0,2
1061,1254,781,116,83,81,6,0,1
1062,1254,781,116,83,81,6,0,1
1063,1254,781,116,83,81,6,0,0
1064,1254,780,116,83,81,6,0,0
1065,1255,781,116,82,81,6,0,0
1066,1255,781,115,83,81,6,0,0
1067,1255,781,116,83,81,6,0,0
1068,1251,781,118,83,81,6,0,0
1069,1251,781,119,82,81,6,0,2
1070,1252,781,118,83,81,6,0,4
1071,1245,780,124,84,81,6,0,6
1072,1245,780,125,84,81,6,0,5
1073,1246,780,124,84,81,6,0,4
1074,1246,780,123,83,81,6,0,3
1075,1247,780,123,84,81,6,0,3
1076,1249,780,121,84,81,6,0,3
1077,1248,779,122,84,81,6,0,3
1078,1247,779,124,84,81,6,0,2
1079,1247,779,124,84,81,6,0,2
1080,1245,780,125,84,81,6,0,2
1081,1252,780,118,83,81,6,0,2
1082,1254,781,116,83,81,6,0,2
1083,1254,781,117,83,81,6,0,1
1084,1254,781,116,83,81,6,0,2
1085,1254,781,116,83,81,6,0,2
1086,1255,781,114,83,81,6,0,2
1087,1253,780,116,83,81,6,0,1
1088,1250,780,120,83,81,6,0,1
1089,1249,780,121,83,81,6,0,1
1090,1250,780,120,83,81,6,0,0
1091,1251,780,120,84,81,6,0,0
1092,1254,781,115,83,81,6,0,0
1093,1253,780,116,83,81,6,0,0
1094,1252,780,117,83,81,6,0,0
1095,1251,780,119,83,81,6,0,0
1096,1250,780,119,83,81,6,0,0
1097,1251,780,118,83,81,6,0,0
1098,1259,781,110,83,81,6,0,1
1099,1259,780,110,83,81,6,0,1
1100,1259,780,110,83,81,6,0,2
1101,1259,781,111,82,81,6,0,2
1102,1259,781,111,82,81,6,0,2
1103,1259,782,111,82,81,6,0,1
1104,1258,781,112,82,81,6,0,1
1105,1257,781,113,82,81,6,0,0
1106,1257,782,113,81,81,6,0,0
1107,1256,782,114,82,81,6,0,0
1108,1257,782,113,82,81,6,0,0
1109,1257,782,113,82,81,6,0,0
1110,1257,781,113,82,81,6,0,0
1111,1256,782,115,82,81,6,0,0
1112,1256,782,114,82,81,6,0,0
1113,1256,782,114,81,81,6,0,0
1114,1256,782,114,82,81,6,0,0
1115,1257,782,114,82,81,6,0,0
1116,1257,781,113,83,81,6,0,0
1117,1257,781,113,83,81,6,0,0
1118,1257,781,112,83,81,6,0,0
1119,1257,781,113,83,81,6,0,0
1120,1257,781,113,83,81,6,0,1
1121,1257,781,113,82,81,6,0,1
1122,1256,781,113,82,81,6,0,1
1123,1256,781,113,82,81,6,0,1
1124,1256,781,113,82,81,6,0,1
1125,1256,781,113,82,81,6,0,0
1126,1256,782,113,82,81,6,0,0
1127,1256,781,113,82,81,6,0,0
1128,1256,782,114,81,81,6,0,0
1129,1255,782,115,81,81,6,0,0
1130,1255,782,115,81,81,6,0,1
1131,1257,782,113,81,81,6,0,2
1132,1257,782,113,81,81,6,0,2
1133,1257,783,114,80,81,6,0,1
1134,1257,783,113,80,81,6,0,1
1135,1257,783,113,80,81,6,0,1
1136,1257,783,113,80,81,6,0,2
1137,1257,783,113,80,81,6,0,2
1138,1257,783,113,80,81,6,0,2
1139,1257,783,113,80,81,6,0,1
1140,1257,783,114,80,81,6,0,1
1141,1258,783,112,81,81,6,0,1
1142,1258,783,112,81,81,6,0,0
1143,1258,783,112,81,81,6,0,0
1144,1258,783,112,81,81,6,0,1
1145,1258,783,112,81,81,6,0,1
1146,1258,783,112,81,81,6,0,2
1147,1258,783,112,81,81,6,0,1
1148,1258,783,112,80,81,6,0,1
1149,1258,783,112,80,81,6,0,0
1150,1258,783,112,81,81,6,0,1
1151,1258,783,112,80,81,6,0,2
1152,1256,782,113,82,81,6,0,3
1153,1256,782,112,82,81,6,0,3
1154,1256,782,113,82,81,6,0,3
1155,1256,782,113,82,81,6,0,3
1156,1256,782,112,82,81,6,0,3
1157,1256,782,112,82,81,6,0,2
1158,1257,782,112,82,81,6,0,1
1159,1257,782,112,82,81,6,0,1
1160,1257,782,112,82,81,6,0,2
1161,1257,782,113,81,81,6,0,2
1162,1257,782,113,82,81,6,0,3
1163,1257,782,113,82,81,6,0,3
1164,1257,782,113,82,81,6,0,3
1165,1257,782,113,82,81,6,0,2
1166,1257,782,113,82,81,6,0,1
1167,1257,782,113,82,81,6,0,1
1168,1257,782,113,82,81,6,0,1
1169,1257,782,113,81,81,6,0,1
1170,1256,783,114,81,81,6,0,1
1171,1256,782,114,82,81,6,0,1
1172,1256,782,114,82,81,6,0,1
1173,1256,782,114,82,81,6,0,1
1174,1256,782,114,82,81,6,0,1
1175,1256,782,115,82,81,6,0,1
1176,1256,782,113,81,81,6,0,1
1177,1256,782,113,81,81,6,0,1
1178,1255,782,113,81,81,6,0,1
1179,1255,782,113,81,81,6,0,1
1180,1255,782,113,81,81,6,0,1
1181,1257,782,112,81,81,6,0,0
1182,1257,782,112,81,81,6,0,0
1183,1257,782,112,81,81,6,0,0
1184,1257,782,112,81,81,6,0,0
1185,1257,782,112,81,81,6,0,0
1186,1257,782,112,81,81,6,0,0
1187,1257,782,113,81,81,6,0,0
1188,1257,782,112,82,81,6,0,0
1189,1257,782,112,81,81,6,0,1
1190,1257,782,112,81,81,6,0,2
1191,1255,782,113,82,81,6,0,3
1192,1256,782,113,82,81,6,0,3
1193,1256,782,113,82,81,6,0,3
1194,1256,782,113,82,81,6,0,3
1195,1255,782,113,82,81,6,0,3
1196,1255,782,113,82,81,6,0,2
1197,1255,782,113,82,81,6,0,1
1198,1255,782,113,82,81,6,0,1
1199,1256,782,113,82,81,6,0,0
1200,1255,782,114,81,81,6,0,1
1201,1255,783,114,81,81,6,0,0
1202,1255,782,114,81,81,6,0,0
1203,1255,783,114,81,81,6,0,0
1204,1255,783,114,81,81,6,0,0
1205,1255,782,114,81,81,6,0,0
1206,1255,783,114,81,81,6,0,0
1207,1255,783,114,81,81,6,0,0
1208,1255,783,114,81,81,6,0,0
1209,1255,783,114,81,81,6,0,0
1210,1255,782,114,81,81,6,0,1
1211,1255,782,114,81,81,6,0,1
1212,1256,782,113,82,81,6,0,2
1213,1256,782,113,82,81,6,0,2
1214,1256,782,114,82,81,6,0,2
1215,1256,782,114,82,81,6,0,1
1216,1256,782,113,82,81,6,0,0
1217,1256,782,113,82,81,6,0,0
1218,1256,782,113,82,81,6,0,0
1219,1256,782,113,82,81,6,0,0
1220,1256,782,113,82,81,6,0,0
1221,1256,782,113,82,81,6,0,0
1222,1256,782,113,82,81,6,0,0
1223,1256,782,113,82,81,6,0,0
1224,1256,782,113,82,81,6,0,0
1225,1256,782,113,82,81,6,0,0
1226,1256,782,114,82,81,6,0,0
1227,1255,782,114,82,81,6,0,0
1228,1255,782,114,82,81,6,0,0
1229,1255,782,114,82,81,6,0,0
1230,1255,782,114,82,81,6,0,0
1231,1255,782,114,82,81,6,0,0
1232,1255,782,114,82,81,6,0,0
1233,1255,782,114,82,81,6,0,0
1234,1255,782,114,82,81,6,0,0
1235,1255,782,114,82,81,6,0,0
1236,1255,782,114,82,81,6,0,0
1237,1255,782,114,82,81,6,0,0
1238,1255,782,114,82,81,6,0,0
1239,1255,782,114,82,81,6,0,0
1240,1255,782,114,82,81,6,0,0
1241,1255,782,114,82,81,6,0,0
1242,1255,782,114,82,81,6,0,0
1243,1255,782,114,82,81,6,0,0
1244,1255,782,114,82,81,6,0,0
1245,1255,782,114,82,81,6,0,0
1246,1255,782,114,82,81,6,0,0
1247,1255,782,114,82,81,6,0,0
1248,1255,782,114,82,81,6,0,0
1249,1255,782,114,82,81,6,0,0
1250,1256,782,113,82,81,6,0,0
1251,1256,782,113,82,81,6,0,0
1252,1256,782,113,82,81,6,0,0
1253,1256,782,113,82,81,6,0,0
1254,1256,782,113,82,81,6,0,0
1255,1256,782,113,82,81,6,0,0
1256,1256,782,113,82,81,6,0,0
1257,1256,782,113,82,81,6,0,0
1258,1256,782,113,82,81,6,0,0
1259,1256,782,112,82,81,6,0,0
1260,1256,782,113,82,81,6,0,0
1261,1257,781,113,82,81,6,0,1
1262,1256,781,113,83,81,6,0,1
1263,1257,781,113,83,81,6,0,1
1264,1257,781,113,83,81,6,0,1
1265,1256,781,113,83,81,6,0,1
1266,1256,781,113,83,81,6,0,0
1267,1256,781,113,83,81,6,0,0
1268,1256,781,113,83,81,6,0,0
1269,1256,781,113,82,81,6,0,0
1270,1256,781,113,82,81,6,0,0
1271,1257,782,113,82,81,6,0,0
1272,1258,782,112,82,81,6,0,0
1273,1258,782,112,82,81,6,0,0
1274,1258,782,112,82,81,6,0,0
1275,1258,782,112,82,81,6,0,0
1276,1258,782,112,82,81,6,0,0
1277,1258,782,112,82,81,6,0,0
1278,1258,782,112,82,81,6,0,0
1279,1258,782,112,82,81,6,0,0
1280,1258,782,112,82,81,6,0,0
1281,1258,782,111,82,81,6,0,0
1282,1258,782,111,82,81,6,0,0
1283,1258,782,111,82,81,6,0,0
1284,1258,781,111,82,81,6,0,1
1285,1258,781,111,82,81,6,0,1
1286,1258,781,111,82,81,6,0,1
1287,1258,781,111,82,81,6,0,1
1288,1258,781,111,82,81,6,0,1
1289,1258,781,111,82,81,6,0,0
1290,1258,781,111,82,81,6,0,0
1291,1258,781,111,82,81,6,0,0
1292,1258,781,111,82,81,6,0,0
1293,1258,781,111,82,81,6,0,0
1294,1258,781,111,82,81,6,0,0
1295,1258,781,111,82,81,6,0,0
1296,1258,781,111,82,81,6,0,0
1297,1258,781,111,82,81,6,0,0
1298,1258,781,111,82,81,6,0,0
1299,1258,781,111,82,81,6,0,0
1300,1258,781,111,82,81,6,0,0
1301,1258,781,111,82,81,6,0,0
1302,1258,781,111,82,81,6,0,0
1303,1258,781,111,82,81,6,0,0
1304,1258,781,111,82,81,6,0,0
1305,1258,781,111,82,81,6,0,0
1306,1258,781,111,83,81,6,0,0
1307,1258,781,111,82,81,6,0,0
1308,1259,781,111,82,81,6,0,0
1309,1259,781,111,82,81,6,0,0
1310,1259,781,111,82,81,6,0,0
1311,1259,782,111,82,81,6,0,0
1312,1259,782,111,82,81,6,0,0
1313,1259,782,111,82,81,6,0,1
1314,1259,782,111,82,81,6,0,1
1315,1259,782,111,82,81,6,0,1
1316,1259,782,111,82,81,6,0,0
1317,1259,782,111,82,81,6,0,0
1318,1259,782,111,82,81,6,0,0
1319,1259,782,111,82,81,6,0,0
1320,1258,782,111,82,81,6,0,0
1321,1258,782,111,82,81,6,0,0
1322,1258,782,111,82,81,6,0,0
1323,1258,782,111,82,81,6,0,0
1324,1258,782,111,82,81,6,0,0
1325,1258,782,111,82,81,6,0,0
1326,1258,782,111,82,81,6,0,0
1327,1258,782,111,82,81,6,0,0
1328,1258,782,111,82,81,6,0,0
1329,1258,782,111,82,81,6,0,0
1330,1258,782,111,82,81,6,0,0
1331,1257,782,112,82,81,6,0,0
1332,1256,783,114,81,81,6,0,0
1333,1256,783,114,81,81,6,0,0
1334,1256,783,114,81,81,6,0,0
1335,1256,783,114,81,81,6,0,0
1336,1256,783,114,81,81,6,0,0
1337,1256,783,114,81,81,6,0,0
1338,1256,783,114,81,81,6,0,0
1339,1256,783,114,81,81,6,0,0
1340,1256,783,114,81,81,6,0,0
1341,1256,783,114,81,81,6,0,0
1342,1256,783,114,81,81,6,0,0
1343,1256,783,114,81,81,6,0,0
1344,1256,783,114,81,81,6,0,0
1345,1256,783,114,81,81,6,0,0
1346,1256,783,114,81,81,6,0,0
1347,1256,783,114,81,81,6,0,0
1348,1256,783,114,81,81,6,0,0
1349,1256,783,114,81,81,6,0,0
1350,1256,783,114,81,81,6,0,0
1351,1256,783,114,81,81,6,0,0
1352,1256,783,114,81,81,6,0,0
1353,1256,783,114,81,81,6,0,0
1354,1256,783,114,81,81,6,0,0
1355,1256,783,114,81,81,6,0,0
1356,1256,783,114,81,81,6,0,0
1357,1256,783,114,81,81,6,0,0
1358,1256,783,114,81,81,6,0,0
1359,1256,783,114,81,81,6,0,0
1360,1256,783,114,81,81,6,0,0
1361,1256,783,114,81,81,6,0,0
1362,1256,783,114,81,81,6,0,0
1363,1256,783,114,81,81,6,0,0
1364,1256,783,114,81,81,6,0,0
1365,1256,783,114,81,81,6,0,0
1366,1256,783,114,81,81,6,0,0
1367,1256,783,114,81,81,6,0,0
1368,1256,783,114,81,81,6,0,0
1369,1256,783,114,81,81,6,0,0
1370,1256,783,114,81,81,6,0,0
1371,1256,783,114,81,81,6,0,0
1372,1256,783,114,81,81,6,0,0
1373,1257,782,112,82,81,6,0,0
1374,1257,782,112,82,81,6,0,0
1375,1257,782,112,82,81,6,0,0
1376,1257,782,112,82,81,6,0,0
1377,1257,782,113,82,81,6,0,0
1378,1257,782,112,82,81,6,0,0
1379,1257,782,112,82,81,6,0,0
1380,1257,782,111,82,81,6,0,0
1381,1257,782,111,82,81,6,0,0
1382,1257,782,111,82,81,6,0,0
1383,1257,782,111,82,81,6,0,0
1384,1257,782,111,82,81,6,0,0
1385,1257,782,111,81,81,6,0,0
1386,1257,782,111,81,81,6,0,0
1387,1257,782,111,82,81,6,0,0
1388,1257,782,111,82,81,6,0,0
1389,1257,782,111,82,81,6,0,0
1390,1257,782,111,82,81,6,0,1
1391,1257,782,113,81,81,6,0,2
1392,1259,782,111,81,81,6,0,3
1393,1259,782,111,81,81,6,0,4
1394,1259,782,111,81,81,6,0,4
1395,1259,782,111,82,81,6,0,3
1396,1259,782,111,82,81,6,0,2
1397,1258,782,112,81,81,6,0,1
1398,1258,782,112,81,81,6,0,1
1399,1258,782,112,81,81,6,0,1
1400,1258,782,112,81,81,6,0,2
1401,1257,784,111,80,81,6,0,3
1402,1257,784,111,80,81,6,0,3
1403,1257,784,111,80,81,6,0,2
1404,1257,782,112,81,81,6,0,1
1405,1257,782,112,81,81,6,0,1
1406,1257,782,112,81,81,6,0,1
1407,1257,782,112,81,81,6,0,1
1408,1257,782,112,82,81,6,0,0
1409,1257,782,112,82,81,6,0,0
1410,1257,782,112,81,81,6,0,0
1411,1257,782,112,81,81,6,0,0
1412,1257,782,112,81,81,6,0,0
1413,1257,782,112,81,81,6,0,0
1414,1257,782,112,81,81,6,0,0
1415,1257,783,112,81,81,6,0,1
1416,1257,783,112,81,81,6,0,1
1417,1257,783,112,81,81,6,0,1
1418,1257,783,112,81,81,6,0,1
1419,1257,783,112,81,81,6,0,1
1420,1257,783,112,81,81,6,0,1
1421,1257,782,112,82,81,6,0,0
1422,1257,782,112,82,81,6,0,0
1423,1257,782,112,82,81,6,0,0
1424,1257,782,112,82,81,6,0,0
1425,1257,782,112,82,81,6,0,0
1426,1257,782,112,82,81,6,0,0
1427,1257,782,112,82,81,6,0,0
1428,1258,782,111,82,81,6,0,0
1429,1258,782,111,82,81,6,0,0
1430,1258,782,111,82,81,6,0,0
1431,1257,782,112,82,81,6,0,0
1432,1258,782,112,82,81,6,0,0
1433,1258,782,112,82,81,6,0,0
1434,1258,782,112,82,81,6,0,0
1435,1258,782,112,82,81,6,0,0
1436,1258,782,112,82,81,6,0,0
1437,1258,782,112,82,81,6,0,1
1438,1257,781,112,82,81,6,0,1
1439,1257,781,112,82,81,6,0,1
1440,1257,781,112,82,81,6,0,1
1441,1258,781,112,82,81,6,0,2
1442,1258,781,112,82,81,6,0,2
1443,1258,781,112,82,81,6,0,2
1444,1258,781,112,82,81,6,0,1
1445,1258,781,112,82,81,6,0,1
1446,1258,782,112,82,81,6,0,0
1447,1258,782,112,82,81,6,0,0
1448,1258,781,112,82,81,6,0,0
1449,1258,781,112,82,81,6,0,0
1450,1258,781,112,82,81,6,0,0
1451,1257,781,112,83,81,6,0,1
1452,1257,781,113,83,81,6,0,1
1453,1257,781,112,83,81,6,0,2
1454,1257,781,112,83,81,6,0,3
1455,1257,781,112,83,81,6,0,2
1456,1257,781,112,83,81,6,0,1
1457,1257,781,113,83,81,6,0,0
1458,1257,781,112,83,81,6,0,0
1459,1258,781,112,83,81,6,0,0
1460,1257,781,112,83,81,6,0,0
1461,1257,781,112,83,81,6,0,0
1462,1257,781,113,83,81,6,0,0
1463,1257,781,113,83,81,6,0,0
1464,1258,781,112,83,81,6,0,0
1465,1258,781,112,83,81,6,0,0
1466,1258,781,112,83,81,6,0,1
1467,1258,781,112,83,81,6,0,1
1468,1258,781,112,83,81,6,0,1
1469,1258,781,112,83,81,6,0,1
1470,1257,781,112,83,81,6,0,1
1471,1257,781,112,83,81,6,0,1
1472,1257,781,112,83,81,6,0,1
1473,1257,781,112,83,81,6,0,1
1474,1257,781,112,83,81,6,0,1
1475,1257,781,112,83,81,6,0,1
1476,1257,781,112,82,81,6,0,1
1477,1257,781,112,82,81,6,0,0
1478,1257,781,112,82,81,6,0,0
1479,1257,781,113,82,81,6,0,0
1480,1257,781,113,82,81,6,0,0
1481,1257,781,113,82,81,6,0,0
1482,1257,781,112,82,81,6,0,0
1483,1257,781,112,82,81,6,0,0
1484,1257,781,113,83,81,6,0,0
1485,1257,780,112,83,81,6,0,0
1486,1257,780,112,83,81,6,0,0
1487,1257,781,113,83,81,6,0,0
1488,1256,779,114,84,81,6,0,0
1489,1256,780,114,84,81,6,0,1
1490,1255,779,113,84,81,6,0,1
1491,1255,779,114,85,81,6,0,0
1492,1255,778,114,85,81,6,0,0
1493,1255,780,114,83,81,6,0,0
1494,1255,780,114,83,81,6,0,0
1495,1256,781,113,83,81,6,0,0
1496,1257,781,113,82,81,6,0,0
1497,1257,781,113,82,81,6,0,1
1498,1257,781,113,82,81,6,0,0
1499,1257,781,113,82,81,6,0,1
1500,1256,782,113,81,81,6,0,0
1501,1257,781,112,82,81,6,0,1
1502,1257,781,113,82,81,6,0,0
1503,1258,781,113,82,81,6,0,0
1504,1257,781,113,82,81,6,0,0
1505,1257,781,113,82,81,6,0,0
1506,1258,781,112,82,81,6,0,0
1507,1258,781,112,82,81,6,0,0
1508,1258,781,113,82,81,6,0,0
1509,1258,781,112,82,81,6,0,0
1510,1258,781,113,82,81,6,0,0
1511,1258,781,112,82,81,6,0,0
1512,1258,782,114,82,81,6,0,0
1513,1258,782,114,82,81,6,0,0
1514,1258,782,114,82,81,6,0,0
1515,1258,782,114,82,81,6,0,0
1516,1258,782,114,82,81,6,0,0
1517,1258,782,114,82,81,6,0,0
1518,1258,782,114,82,81,6,0,0
1519,1258,782,114,82,81,6,0,1
1520,1258,781,114,82,81,6,0,2
1521,1258,781,114,82,81,6,0,1
1522,1258,781,114,82,81,6,0,1
1523,1258,782,114,82,81,6,0,0
1524,1257,782,114,82,81,6,0,1
1525,1257,782,114,82,81,6,0,1
1526,1257,782,114,82,81,6,0,2
1527,1257,782,114,82,81,6,0,1
1528,1257,781,114,82,81,6,0,0
1529,1257,782,114,82,81,6,0,0
1530,1257,782,114,82,81,6,0,0
1531,1258,782,114,82,81,6,0,0
1532,1258,782,114,82,81,6,0,0
1533,1258,782,114,82,81,6,0,0
1534,1258,782,114,82,81,6,0,0
1535,1257,782,114,82,81,6,0,0
1536,1258,782,113,82,81,6,0,0
1537,1257,782,114,82,81,6,0,0
1538,1257,781,114,82,81,6,0,0
1539,1257,781,114,82,81,6,0,0
1540,1257,781,114,82,81,6,0,0
1541,1257,781,114,82,81,6,0,1
1542,1257,781,114,82,81,6,0,1
1543,1257,781,114,82,81,6,0,2
1544,1257,782,114,82,81,6,0,2
1545,1257,782,114,82,81,6,0,1
1546,1258,781,114,82,81,6,0,1
1547,1258,781,114,82,81,6,0,0
1548,1257,781,114,82,81,6,0,1
1549,1258,781,114,82,81,6,0,1
1550,1258,781,114,82,81,6,0,2
1551,1258,782,113,82,81,6,0,3
1552,1258,782,113,82,81,6,0,3
1553,1258,782,113,82,81,6,0,3
1554,1258,782,113,82,81,6,0,3
1555,1258,782,113,82,81,6,0,3
1556,1258,782,113,82,81,6,0,2
1557,1258,782,113,82,81,6,0,1
1558,1258,782,113,82,81,6,0,1
1559,1258,781,113,82,81,6,0,1
1560,1257,781,113,83,81,6,0,1
1561,1257,781,113,83,81,6,0,1
1562,1257,781,113,83,81,6,0,1
1563,1257,781,113,83,81,6,0,1
1564,1257,780,113,83,81,6,0,0
1565,1257,780,113,84,81,6,0,0
1566,1257,781,113,83,81,6,0,0
1567,1257,781,113,83,81,6,0,0
1568,1257,781,113,83,81,6,0,0
1569,1257,781,113,83,81,6,0,0
1570,1257,781,113,83,81,6,0,1
1571,1258,781,113,83,81,6,0,2
1572,1257,781,113,82,81,6,0,2
1573,1257,781,113,82,81,6,0,1
1574,1257,782,113,82,81,6,0,0
1575,1257,782,113,82,81,6,0,0
1576,1257,782,113,82,81,6,0,0
1577,1257,782,113,82,81,6,0,0
1578,1257,782,113,82,81,6,0,1
1579,1257,781,113,82,81,6,0,1
1580,1257,781,113,82,81,6,0,2
1581,1257,781,113,82,81,6,0,2
1582,1257,781,113,82,81,6,0,2
1583,1257,781,113,82,81,6,0,2
1584,1257,782,113,82,81,6,0,2
1585,1257,782,113,82,81,6,0,1
1586,1257,782,113,82,81,6,0,1
1587,1257,781,113,82,81,6,0,0
1588,1256,782,113,82,81,6,0,0
1589,1256,782,113,82,81,6,0,0
1590,1256,782,113,82,81,6,0,0
1591,1256,782,113,82,81,6,0,0
1592,1256,782,113,82,81,6,0,0
1593,1256,782,113,82,81,6,0,0
1594,1256,782,113,81,81,6,0,0
1595,1256,782,113,82,81,6,0,0
1596,1257,781,114,82,81,6,0,0
1597,1257,781,114,82,81,6,0,0
1598,1257,781,114,82,81,6,0,0
1599,1257,781,114,82,81,6,0,0
1600,1257,781,114,82,81,6,0,0
1601,1257,781,114,82,81,6,0,0
1602,1257,781,114,82,81,6,0,0
1603,1257,781,114,82,81,6,0,0
1604,1257,781,114,82,81,6,0,0
1605,1257,781,114,82,81,6,0,0
1606,1257,781,114,82,81,6,0,0
1607,1257,781,114,83,81,6,0,1
1608,1256,781,114,83,81,6,0,2
1609,1256,781,114,83,81,6,0,2
1610,1256,781,114,83,81,6,0,2
1611,1256,781,114,83,81,6,0,2
1612,1256,781,114,83,81,6,0,1
1613,1257,781,114,83,81,6,0,1
1614,1257,781,114,83,81,6,0,1
1615,1257,781,114,83,81,6,0,1
1616,1257,781,114,83,81,6,0,1
1617,1257,781,114,83,81,6,0,1
1618,1257,781,114,83,81,6,0,1
1619,1257,781,114,83,81,6,0,1
1620,1256,781,115,84,81,6,0,1
1621,1256,781,115,84,81,6,0,1
1622,1256,781,115,83,81,6,0,2
1623,1256,781,115,84,81,6,0,2
1624,1256,781,115,83,81,6,0,1
1625,1256,781,115,83,81,6,0,1
1626,1256,781,115,83,81,6,0,1
1627,1256,781,115,83,81,6,0,1
1628,1257,781,114,83,81,6,0,2
1629,1257,781,114,83,81,6,0,2
1630,1257,781,114,83,81,6,0,2
1631,1257,782,114,82,81,6,0,1
1632,1257,782,114,82,81,6,0,1
1633,1257,782,114,82,81,6,0,1
1634,1257,782,114,82,81,6,0,0
1635,1257,782,114,82,81,6,0,1
1636,1257,781,114,83,81,6,0,1
1637,1257,781,114,83,81,6,0,1
1638,1257,780,114,83,81,6,0,1
1639,1257,780,114,83,81,6,0,1
1640,1256,780,114,83,81,6,0,0
1641,1257,781,114,83,81,6,0,0
1642,1257,781,114,83,81,6,0,1
1643,1257,781,114,83,81,6,0,2
1644,1258,781,110,83,81,6,0,2
1645,1258,781,110,83,81,6,0,2
1646,1258,781,110,83,81,6,0,1
1647,1258,781,110,83,81,6,0,0
1648,1258,781,112,83,81,6,0,0
1649,1258,781,112,83,81,6,0,0
1650,1257,781,112,83,81,6,0,0
1651,1257,781,112,83,81,6,0,0
1652,1257,781,112,83,81,6,0,0
1653,1257,781,112,83,81,6,0,0
1654,1257,781,112,83,81,6,0,0
1655,1257,781,112,83,81,6,0,0
1656,1257,783,114,81,81,6,0,0
1657,1257,783,114,81,81,6,0,0
1658,1257,783,114,81,81,6,0,0
1659,1257,783,114,81,81,6,0,1
1660,1257,783,115,81,81,6,0,1
1661,1257,783,115,81,81,6,0,1
1662,1257,783,114,81,81,6,0,0
1663,1257,783,114,81,81,6,0,0
1664,1257,783,114,81,81,6,0,0
1665,1257,783,114,81,81,6,0,0
1666,1257,783,114,81,81,6,0,0
1667,1257,783,115,81,81,6,0,0
1668,1257,782,114,82,81,6,0,0
1669,1257,782,114,82,81,6,0,0
1670,1257,782,114,82,81,6,0,0
1671,1257,782,114,82,81,6,0,1
1672,1257,782,114,82,81,6,0,0
1673,1257,782,114,82,81,6,0,0
1674,1257,783,114,81,81,6,0,0
1675,1257,783,114,81,81,6,0,0
1676,1257,783,114,81,81,6,0,0
1677,1257,783,114,81,81,6,0,0
1678,1256,781,116,83,81,6,0,0
1679,1256,781,116,82,81,6,0,0
1680,1257,781,115,83,81,6,0,0
1681,1256,781,115,83,81,6,0,0
1682,1256,781,115,83,81,6,0,0
1683,1256,781,115,83,81,6,0,0
1684,1256,781,115,83,81,6,0,0
1685,1256,781,115,83,81,6,0,0
1686,1256,781,115,83,81,6,0,0
1687,1256,781,115,83,81,6,0,0
1688,1256,781,115,83,81,6,0,0
1689,1256,781,115,83,81,6,0,0
1690,1256,781,115,83,81,6,0,0
1691,1256,781,115,83,81,6,0,0
1692,1256,781,115,83,81,6,0,0
1693,1256,781,115,83,81,6,0,0
1694,1256,781,115,83,81,6,0,1
1695,1256,780,115,83,81,6,0,2
1696,1256,780,115,83,81,6,0,2
1697,1257,780,115,83,81,6,0,2
1698,1257,780,115,83,81,6,0,3
1699,1256,780,115,83,81,6,0,2
1700,1256,780,115,83,81,6,0,1
1701,1256,780,115,83,81,6,0,1
1702,1256,780,115,83,81,6,0,2
1703,1256,781,115,83,81,6,0,2
1704,1256,781,115,83,81,6,0,2
1705,1256,780,115,83,81,6,0,1
1706,1256,780,115,83,81,6,0,1
1707,1256,780,115,83,81,6,0,1
1708,1256,781,115,83,81,6,0,1
1709,1257,781,114,83,81,6,0,1
1710,1257,781,114,83,81,6,0,1
1711,1257,781,114,83,81,6,0,2
1712,1256,781,115,83,81,6,0,2
1713,1256,781,115,83,81,6,0,1
1714,1256,781,114,83,81,6,0,0
1715,1256,781,115,83,81,6,0,0
1716,1256,781,115,83,81,6,0,0
1717,1256,781,115,83,81,6,0,0
1718,1257,781,114,83,81,6,0,1
1719,1257,781,114,83,81,6,0,0
1720,1257,781,113,83,81,6,0,0
1721,1257,781,113,83,81,6,0,0
1722,1257,781,113,83,81,6,0,0
1723,1257,781,113,83,81,6,0,0
1724,1257,781,113,83,81,6,0,0
1725,1257,781,113,83,81,6,0,0
1726,1257,781,113,83,81,6,0,0
1727,1257,781,113,83,81,6,0,0
1728,1258,782,112,82,81,6,0,0
1729,1258,782,112,82,81,6,0,0
1730,1258,782,112,82,81,6,0,0
1731,1258,782,112,82,81,6,0,0
1732,1258,782,112,82,81,6,0,0
1733,1258,782,112,82,81,6,0,0
1734,1258,782,112,82,81,6,0,0
1735,1258,782,112,82,81,6,0,0
1736,1258,782,112,82,81,6,0,0
1737,1258,782,112,82,81,6,0,0
1738,1258,782,112,82,81,6,0,0
1739,1258,782,112,82,81,6,0,0
1740,1257,782,112,81,81,6,0,0
1741,1257,782,112,81,81,6,0,0
1742,1257,782,112,81,81,6,0,0
1743,1257,782,112,81,81,6,0,0
1744,1257,782,112,81,81,6,0,0
1745,1257,782,112,81,81,6,0,0
1746,1257,782,112,81,81,6,0,0
1747,1257,782,112,82,81,6,0,0
1748,1258,782,112,82,81,6,0,0
1749,1258,782,112,81,81,6,0,0
1750,1258,782,110,82,81,6,0,0
1751,1258,782,111,82,81,6,0,0
1752,1258,781,111,83,81,6,0,0
1753,1258,781,111,83,81,6,0,0
1754,1258,781,111,83,81,6,0,0
1755,1258,781,111,83,81,6,0,0
1756,1258,781,111,83,81,6,0,0
1757,1258,781,111,83,81,6,0,0
1758,1258,781,111,82,81,6,0,0
1759,1258,781,111,82,81,6,0,0
1760,1258,781,111,83,81,6,0,0
1761,1258,781,110,82,81,6,0,0
1762,1258,781,110,83,81,6,0,0
1763,1258,781,110,82,81,6,0,0
1764,1258,781,111,83,81,6,0,0
1765,1258,781,111,83,81,6,0,0
1766,1258,781,111,83,81,6,0,0
1767,1258,781,110,83,81,6,0,0
1768,1258,781,109,83,81,6,0,0
1769,1258,781,109,83,81,6,0,0
1770,1258,781,109,83,81,6,0,0
1771,1258,781,110,82,81,6,0,0
1772,1258,781,110,83,81,6,0,0
1773,1258,781,110,83,81,6,0,0
1774,1258,781,110,83,81,6,0,0
1775,1258,781,110,83,81,6,0,0
1776,1258,782,108,82,81,6,0,0
1777,1258,782,108,81,81,6,0,0
1778,1258,782,109,82,81,6,0,0
1779,1258,782,109,82,81,6,0,0
1780,1258,782,109,82,81,6,0,0
1781,1258,782,109,82,81,6,0,0
1782,1258,782,109,82,81,6,0,0
1783,1257,782,110,82,81,6,0,0
1784,1258,782,110,82,81,6,0,0
1785,1258,782,109,82,81,6,0,0
1786,1258,780,110,83,81,6,0,1
1787,1259,780,111,84,81,6,0,2
1788,1259,781,111,82,81,6,0,2
1789,1259,781,111,82,81,6,0,2
1790,1259,781,111,82,81,6,0,2
1791,1259,781,111,82,81,6,0,1
1792,1259,781,111,82,81,6,0,1
1793,1259,781,111,82,81,6,0,0
1794,1259,781,110,82,81,6,0,0
1795,1259,781,111,82,81,6,0,0
1796,1259,781,111,82,81,6,0,0
1797,1259,781,111,82,81,6,0,0
1798,1259,781,111,82,81,6,0,1
1799,1259,781,110,83,81,6,0,2
1800,1258,782,109,82,81,6,0,2
1801,1259,782,109,82,81,6,0,2
1802,1259,782,109,82,81,6,0,1
1803,1259,782,109,82,81,6,0,1
1804,1259,782,109,82,81,6,0,1
1805,1259,782,109,82,81,6,0,0
1806,1258,783,111,81,81,6,0,0
1807,1258,782,111,81,81,6,0,0
1808,1258,782,111,81,81,6,0,0
1809,1258,783,111,81,81,6,0,0
1810,1258,783,111,81,81,6,0,0
1811,1258,782,111,81,81,6,0,1
1812,1259,781,112,82,81,6,0,1
1813,1259,781,112,82,81,6,0,1
1814,1258,781,112,82,81,6,0,2
1815,1259,781,112,82,81,6,0,2
1816,1259,781,112,82,81,6,0,2
1817,1259,781,112,82,81,6,0,1
1818,1259,781,112,83,81,6,0,0
1819,1259,781,112,82,81,6,0,0
1820,1259,781,112,82,81,6,0,0
1821,1259,781,112,83,81,6,0,0
1822,1258,781,112,83,81,6,0,0
1823,1259,781,111,83,81,6,0,1
1824,1259,781,112,83,81,6,0,2
1825,1259,781,112,83,81,6,0,2
1826,1259,781,111,83,81,6,0,2
1827,1259,781,111,83,81,6,0,1
1828,1259,781,111,83,81,6,0,0
1829,1259,781,112,83,81,6,0,0
1830,1259,781,112,83,81,6,0,0
1831,1259,781,112,83,81,6,0,0
1832,1259,781,112,83,81,6,0,0
1833,1259,780,112,84,81,6,0,0
1834,1259,781,112,83,81,6,0,0
1835,1259,781,112,83,81,6,0,0
1836,1259,781,112,83,81,6,0,0
1837,1259,781,112,83,81,6,0,0
1838,1259,781,112,83,81,6,0,0
1839,1259,781,112,83,81,6,0,0
1840,1259,781,111,83,81,6,0,0
1841,1259,781,111,83,81,6,0,0
1842,1259,781,111,83,81,6,0,0
1843,1259,781,111,83,81,6,0,0
1844,1259,781,112,83,81,6,0,1
1845,1259,781,111,83,81,6,0,1
1846,1259,781,111,82,81,6,0,2
1847,1259,782,111,82,81,6,0,3
1848,1260,781,110,82,81,6,0,3
1849,1260,781,110,82,81,6,0,3
1850,1260,782,110,82,81,6,0,2
1851,1259,781,111,82,81,6,0,1
1852,1259,781,110,82,81,6,0,0
1853,1259,781,111,82,81,6,0,0
1854,1259,781,110,82,81,6,0,0
1855,1260,781,109,82,81,6,0,0
1856,1260,781,109,82,81,6,0,0
1857,1260,781,110,82,81,6,0,0
1858,1258,781,111,82,81,6,0,0
1859,1258,781,111,82,81,6,0,0
1860,1259,782,111,81,81,6,0,0
1861,1259,782,111,82,81,6,0,0
1862,1259,781,110,82,81,6,0,0
1863,1258,781,111,82,81,6,0,0
1864,1259,782,111,82,81,6,0,0
1865,1258,782,111,82,81,6,0,0
1866,1259,782,109,81,81,6,0,0
1867,1259,782,109,81,81,6,0,0
1868,1259,782,109,82,81,6,0,0
1869,1259,782,109,82,81,6,0,0
1870,1258,782,114,81,81,6,0,0
1871,1257,782,115,82,81,6,0,0
1872,1257,781,115,83,81,6,0,0
1873,1258,781,114,83,81,6,0,0
1874,1260,781,113,83,81,6,0,0
1875,1260,780,112,84,81,6,0,0
1876,1261,781,109,83,81,6,0,0
1877,1261,781,110,83,81,6,0,0
1878,1261,781,110,83,81,6,0,0
1879,1261,780,111,84,81,6,0,0
1880,1261,780,110,84,81,6,0,0
1881,1261,780,110,84,81,6,0,0
1882,1260,780,111,84,81,6,0,0
1883,1261,780,110,84,81,6,0,1
1884,1258,780,112,83,81,6,0,2
1885,1251,780,120,84,81,6,0,3
1886,1253,780,118,84,81,6,0,2
1887,1253,780,119,84,81,6,0,2
1888,1252,780,119,83,81,6,0,1
1889,1252,780,119,83,81,6,0,1
1890,1252,780,119,83,81,6,0,0
1891,1250,780,121,83,81,6,0,0
1892,1251,780,120,83,81,6,0,0
1893,1248,780,122,83,81,6,0,0
1894,1249,780,122,83,81,6,0,0
1895,1250,780,121,83,81,6,0,0
1896,1253,781,118,82,81,6,0,0
1897,1253,781,118,82,81,6,0,0
1898,1253,781,118,82,81,6,0,1
1899,1254,781,118,82,81,6,0,1
1900,1254,781,117,82,81,6,0,1
1901,1254,781,117,82,81,6,0,0
1902,1254,781,118,83,81,6,0,0
1903,1253,781,118,83,81,6,0,0
1904,1252,781,119,83,81,6,0,0
1905,1252,781,120,83,81,6,0,0
1906,1253,781,118,82,81,6,0,0
1907,1252,781,120,82,81,6,0,0
1908,1250,781,121,83,81,6,0,0
1909,1250,780,120,83,81,6,0,0
1910,1251,780,119,83,81,6,0,0
1911,1258,780,112,83,81,6,0,1
1912,1260,780,110,84,81,6,0,2
1913,1260,779,109,84,81,6,0,5
1914,1260,780,110,84,81,6,0,7
1915,1261,779,109,84,81,6,0,7
1916,1261,780,110,83,81,6,0,6
1917,1262,781,110,83,81,6,0,4
1918,1262,781,110,82,81,6,0,3
1919,1261,781,111,82,81,6,0,2
1920,1260,780,109,83,81,6,0,1
1921,1261,781,109,82,81,6,0,1
1922,1261,781,108,82,81,6,0,0
1923,1260,782,110,81,81,6,0,0
1924,1260,781,110,81,81,6,0,0
1925,1259,781,111,81,81,6,0,1
1926,1258,782,113,81,81,6,0,2
1927,1257,781,112,82,81,6,0,2
1928,1257,781,112,83,81,6,0,2
1929,1256,779,113,84,81,6,0,2
1930,1256,780,113,83,81,6,0,2
1931,1256,780,113,83,81,6,0,2
1932,1254,779,116,84,81,6,0,1
1933,1255,780,116,84,81,6,0,1
1934,1256,781,115,83,81,6,0,1
1935,1254,780,116,84,81,6,0,2
1936,1255,780,115,84,81,6,0,1
1937,1256,781,115,83,81,6,0,1
1938,1255,780,115,84,81,6,0,1
1939,1256,780,114,83,81,6,0,1
1940,1256,779,114,84,81,6,0,0
1941,1257,780,113,84,81,6,0,0
1942,1257,780,113,84,81,6,0,1
1943,1256,779,114,85,81,6,0,1
1944,1257,783,116,81,81,6,0,2
1945,1257,781,113,82,81,6,0,1
1946,1258,784,113,79,81,6,0,1
1947,1257,784,115,79,81,6,0,2
1948,1250,775,120,88,81,6,0,5
1949,1242,771,129,93,81,6,0,6
1950,1245,773,125,91,81,6,0,7
1951,1251,776,119,88,81,6,0,6
1952,1251,777,119,86,81,6,0,5
1953,1247,779,122,85,81,6,0,5
1954,1246,780,123,83,81,6,0,4
1955,1249,781,120,82,81,6,0,4
1956,1252,782,118,81,81,6,0,3
1957,1253,782,118,82,81,6,0,3
1958,1253,782,118,82,81,6,0,4
1959,1253,781,118,82,81,6,0,4
1960,1253,781,117,82,81,6,0,3
1961,1253,781,117,82,81,6,0,1
1962,1253,781,117,83,81,6,0,1
1963,1253,781,117,82,81,6,0,1
1964,1253,781,116,82,81,6,0,2
1965,1253,782,116,82,81,6,0,2
1966,1253,782,117,82,81,6,0,2
1967,1253,782,118,82,81,6,0,3
1968,1252,782,118,83,81,6,0,4
1969,1252,782,118,83,81,6,0,3
1970,1251,781,118,83,81,6,0,2
1971,1251,781,118,83,81,6,0,2
1972,1251,781,118,83,81,6,0,1
1973,1251,781,118,83,81,6,0,1
1974,1251,781,119,83,81,6,0,0
1975,1251,781,118,83,81,6,0,1
1976,1254,781,116,83,81,6,0,1
1977,1254,781,116,83,81,6,0,1
1978,1254,782,116,83,81,6,0,1
1979,1253,782,117,83,81,6,0,0
1980,1253,781,117,83,81,6,0,0
1981,1253,781,117,83,81,6,0,0
1982,1253,781,117,83,81,6,0,0
1983,1253,781,117,83,81,6,0,1
1984,1253,781,117,83,81,6,0,1
1985,1253,781,117,83,81,6,0,1
1986,1252,782,119,83,81,6,0,0
1987,1252,781,119,83,81,6,0,0
1988,1252,782,119,83,81,6,0,0
1989,1252,782,119,83,81,6,0,0
1990,1252,781,118,83,81,6,0,0
1991,1252,781,119,83,81,6,0,0
1992,1253,781,117,82,81,6,0,0
1993,1253,782,117,82,81,6,0,0
1994,1253,782,118,82,81,6,0,0
1995,1253,782,117,82,81,6,0,0
1996,1253,782,119,82,81,6,0,0
1997,1253,782,119,82,81,6,0,0
1998,1253,782,119,83,81,6,0,0
1999,1253,782,119,82,81,6,0,1
2000,1253,782,120,82,81,6,0,1
2001,1253,782,120,82,81,6,0,1
2002,1253,782,120,82,81,6,0,1
2003,1253,782,120,82,81,6,0,1
2004,1254,782,117,82,81,6,0,0
2005,1254,782,117,82,81,6,0,0
2006,1254,782,116,82,81,6,0,0
2007,1254,782,116,82,81,6,0,0
2008,1254,782,116,82,81,6,0,0
2009,1254,782,116,82,81,6,0,0
2010,1254,782,116,82,81,6,0,0
2011,1254,782,116,82,81,6,0,0
2012,1254,782,117,82,81,6,0,0
2013,1254,782,117,82,81,6,0,0
2014,1254,782,117,82,81,6,0,0
2015,1254,782,116,82,81,6,0,1
2016,1254,781,117,82,81,6,0,1
2017,1254,781,117,82,81,6,0,2
2018,1254,781,117,83,81,6,0,2
2019,1254,781,117,82,81,6,0,2
2020,1254,781,117,82,81,6,0,2
2021,1254,781,117,82,81,6,0,3
2022,1254,782,117,82,81,6,0,3
2023,1254,782,117,82,81,6,0,3
2024,1254,782,117,82,81,6,0,3
2025,1254,782,117,82,81,6,0,2
2026,1253,781,118,83,81,6,0,1
2027,1252,781,118,83,81,6,0,1
2028,1251,781,122,83,81,6,0,0
2029,1251,781,122,83,81,6,0,0
2030,1252,781,121,83,81,6,0,0
2031,1252,781,121,83,81,6,0,0
2032,1252,781,121,83,81,6,0,0
2033,1252,781,121,83,81,6,0,0
2034,1252,781,121,83,81,6,0,0
2035,1251,781,121,83,81,6,0,0
2036,1252,781,120,83,81,6,0,0
2037,1252,781,120,83,81,6,0,0
2038,1252,781,120,83,81,6,0,0
2039,1252,781,120,83,81,6,0,0
2040,1252,781,120,84,81,6,0,0
2041,1253,781,119,83,81,6,0,0
2042,1252,781,119,83,81,6,0,0
2043,1252,781,119,83,81,6,0,0
2044,1252,781,119,83,81,6,0,0
2045,1252,781,119,83,81,6,0,0
2046,1253,781,119,83,81,6,0,0
2047,1253,781,119,83,81,6,0,0
2048,1253,781,118,83,81,6,0,0
2049,1253,781,118,83,81,6,0,0
2050,1253,781,118,83,81,6,0,0
2051,1252,781,118,83,81,6,0,1
2052,1251,782,120,82,81,6,0,1
2053,1251,782,120,82,81,6,0,1
2054,1251,781,120,83,81,6,0,0
2055,1251,781,120,83,81,6,0,1
2056,1252,781,120,83,81,6,0,1
2057,1252,781,119,83,81,6,0,2
2058,1252,781,119,83,81,6,0,1
2059,1252,781,119,83,81,6,0,1
2060,1252,781,119,83,81,6,0,0
2061,1252,781,119,83,81,6,0,0
2062,1252,781,119,83,81,6,0,0
2063,1252,781,120,83,81,6,0,0
2064,1253,781,118,83,81,6,0,0
2065,1253,781,118,83,81,6,0,0
2066,1253,781,118,83,81,6,0,0
2067,1253,781,119,83,81,6,0,0
2068,1253,781,118,83,81,6,0,0
2069,1253,781,119,83,81,6,0,1
2070,1253,781,119,84,81,6,0,1
2071,1253,781,119,84,81,6,0,1
2072,1253,781,118,83,81,6,0,0
2073,1253,781,118,84,81,6,0,0
2074,1253,781,118,83,81,6,0,0
2075,1252,781,118,83,81,6,0,0
2076,1252,781,119,83,81,6,0,0
2077,1253,781,118,83,81,6,0,0
2078,1253,781,118,83,81,6,0,0
2079,1253,781,118,83,81,6,0,0
2080,1253,781,118,83,81,6,0,0
2081,1253,781,118,83,81,6,0,0
2082,1253,781,118,83,81,6,0,0
2083,1253,781,117,83,81,6,0,0
2084,1253,781,117,83,81,6,0,0
2085,1254,781,117,83,81,6,0,0
2086,1253,781,117,83,81,6,0,0
2087,1253,781,118,83,81,6,0,0
2088,1253,781,118,83,81,6,0,0
2089,1253,781,118,83,81,6,0,0
2090,1253,781,118,83,81,6,0,0
2091,1253,781,118,83,81,6,0,0
2092,1253,781,118,83,81,6,0,0
2093,1253,781,118,83,81,6,0,0
2094,1253,781,118,83,81,6,0,0
2095,1253,781,118,83,81,6,0,0
2096,1252,781,118,82,81,6,0,0
2097,1253,781,118,83,81,6,0,0
2098,1253,781,118,83,81,6,0,0
2099,1252,781,119,83,81,6,0,1
2100,1252,781,120,83,81,6,0,1
2101,1252,781,120,84,81,6,0,1
2102,1252,781,120,84,81,6,0,1
2103,1252,781,121,84,81,6,0,1
2104,1251,781,121,83,81,6,0,1
2105,1251,781,121,83,81,6,0,0
2106,1252,781,121,83,81,6,0,0
2107,1252,781,120,84,81,6,0,0
2108,1252,781,120,83,81,6,0,0
2109,1253,781,118,84,81,6,0,0
2110,1253,781,118,84,81,6,0,0
2111,1253,781,118,84,81,6,0,0
2112,1254,781,116,83,81,6,0,0
2113,1254,781,116,83,81,6,0,0
2114,1254,781,116,83,81,6,0,0
2115,1254,781,116,83,81,6,0,0
2116,1254,781,116,83,81,6,0,0
2117,1254,781,116,83,81,6,0,0
2118,1254,781,116,83,81,6,0,0
2119,1254,781,116,83,81,6,0,0
2120,1255,781,116,83,81,6,0,0
2121,1255,781,116,83,81,6,0,0
2122,1255,781,116,83,81,6,0,0
2123,1255,781,116,83,81,6,0,0
2124,1255,782,117,83,81,6,0,0
2125,1255,781,117,83,81,6,0,0
2126,1255,781,117,83,81,6,0,0
2127,1254,782,117,83,81,6,0,1
2128,1254,782,118,83,81,6,0,0
2129,1254,782,118,83,81,6,0,0
2130,1253,782,119,83,81,6,0,0
2131,1253,781,119,83,81,6,0,1
2132,1253,781,119,83,81,6,0,1
2133,1253,781,119,83,81,6,0,1
2134,1253,781,119,83,81,6,0,1
2135,1253,781,119,83,81,6,0,1
2136,1255,781,117,83,81,6,0,2
2137,1255,781,117,83,81,6,0,2
2138,1255,781,118,83,81,6,0,2
2139,1255,781,118,83,81,6,0,2
2140,1255,781,118,83,81,6,0,2
2141,1255,781,118,83,81,6,0,2
2142,1255,781,118,82,81,6,0,1
2143,1255,781,118,82,81,6,0,1
2144,1255,781,118,82,81,6,0,0
2145,1255,781,117,82,81,6,0,0
2146,1255,781,118,82,81,6,0,1
2147,1255,781,118,82,81,6,0,2
2148,1254,781,117,84,81,6,0,4
2149,1254,781,117,84,81,6,0,4
2150,1254,781,117,83,81,6,0,5
2151,1254,781,117,83,81,6,0,5
2152,1254,781,117,83,81,6,0,5
2153,1254,781,117,84,81,6,0,4
2154,1254,780,117,84,81,6,0,3
2155,1254,780,117,84,81,6,0,3
2156,1254,780,117,84,81,6,0,2
2157,1254,780,117,84,81,6,0,2
2158,1254,780,117,84,81,6,0,2
2159,1254,780,117,84,81,6,0,2
2160,1254,781,117,84,81,6,0,3
2161,1254,781,117,84,81,6,0,3
2162,1254,781,117,84,81,6,0,3
2163,1254,781,117,84,81,6,0,3
2164,1254,781,117,84,81,6,0,2
2165,1254,781,117,84,81,6,0,1
2166,1254,781,117,84,81,6,0,0
2167,1254,781,117,84,81,6,0,0
2168,1254,781,117,84,81,6,0,0
2169,1254,781,117,84,81,6,0,0
2170,1254,781,117,84,81,6,0,0
2171,1254,781,117,84,81,6,0,0
2172,1254,782,116,82,81,6,0,1
2173,1254,782,116,82,81,6,0,1
2174,1254,782,116,82,81,6,0,1
2175,1254,782,116,82,81,6,0,1
2176,1254,782,116,82,81,6,0,1
2177,1254,782,116,82,81,6,0,1
2178,1254,782,116,82,81,6,0,0
2179,1251,781,119,83,81,6,0,0
2180,1251,781,119,83,81,6,0,0
2181,1251,781,119,83,81,6,0,0
2182,1251,781,119,83,81,6,0,0
2183,1251,781,119,83,81,6,0,0
2184,1251,781,120,83,81,6,0,0
2185,1251,781,120,83,81,6,0,0
2186,1251,781,120,83,81,6,0,0
2187,1251,781,120,83,81,6,0,0
2188,1251,781,120,83,81,6,0,0
2189,1251,781,121,83,81,6,0,0
2190,1251,781,121,83,81,6,0,0
2191,1251,781,121,83,81,6,0,0
2192,1251,781,121,83,81,6,0,0
2193,1251,781,121,83,81,6,0,0
2194,1251,781,121,83,81,6,0,0
2195,1251,781,121,83,81,6,0,0
2196,1252,781,119,84,81,6,0,0
2197,1252,781,120,84,81,6,0,0
2198,1252,781,119,84,81,6,0,0
2199,1253,781,119,84,81,6,0,0
2200,1253,781,119,84,81,6,0,0
2201,1253,781,119,84,81,6,0,0
2202,1253,781,119,84,81,6,0,0
2203,1253,781,119,84,81,6,0,0
2204,1253,781,119,84,81,6,0,0
2205,1253,781,119,83,81,6,0,0
2206,1253,781,119,83,81,6,0,0
2207,1253,781,119,83,81,6,0,0
2208,1254,781,117,83,81,6,0,0
2209,1254,781,117,84,81,6,0,0
2210,1254,781,118,84,81,6,0,0
2211,1254,781,117,84,81,6,0,0
2212,1254,781,117,84,81,6,0,0
2213,1254,781,117,84,81,6,0,0
2214,1254,781,117,84,81,6,0,0
2215,1254,781,117,84,81,6,0,0
2216,1254,781,117,84,81,6,0,0
2217,1254,781,117,84,81,6,0,0
2218,1254,781,117,84,81,6,0,0
2219,1254,781,117,83,81,6,0,1
2220,1254,781,118,83,81,6,0,1
2221,1254,781,118,83,81,6,0,1
2222,1254,781,118,83,81,6,0,2
2223,1254,781,118,83,81,6,0,2
2224,1254,781,118,83,81,6,0,1
2225,1254,781,118,83,81,6,0,0
2226,1254,781,118,83,81,6,0,0
2227,1254,781,118,83,81,6,0,0
2228,1254,781,118,83,81,6,0,0
2229,1254,781,117,83,81,6,0,0
2230,1254,781,117,83,81,6,0,0
2231,1255,781,116,83,81,6,0,0
2232,1253,781,117,83,81,6,0,0
2233,1253,781,117,83,81,6,0,0
2234,1253,781,117,83,81,6,0,0
2235,1253,781,117,83,81,6,0,0
2236,1253,781,117,83,81,6,0,0
2237,1253,781,117,83,81,6,0,0
2238,1253,781,117,83,81,6,0,0
2239,1254,781,117,83,81,6,0,1
2240,1254,781,117,83,81,6,0,1
2241,1253,781,118,83,81,6,0,1
2242,1253,781,118,83,81,6,0,1
2243,1253,781,118,83,81,6,0,1
2244,1253,781,118,82,81,6,0,0
2245,1253,781,118,82,81,6,0,0
2246,1253,781,118,82,81,6,0,0
2247,1253,781,118,82,81,6,0,0
2248,1253,781,118,82,81,6,0,0
2249,1252,781,119,83,81,6,0,1
2250,1252,781,118,83,81,6,0,1
2251,1252,781,118,83,81,6,0,2
2252,1252,781,118,83,81,6,0,2
2253,1252,781,118,83,81,6,0,2
2254,1252,781,118,83,81,6,0,1
2255,1252,781,118,83,81,6,0,1
2256,1253,781,118,83,81,6,0,1
2257,1253,781,118,83,81,6,0,1
2258,1253,781,118,83,81,6,0,1
2259,1253,781,118,83,81,6,0,1
2260,1253,781,119,83,81,6,0,1
2261,1253,781,119,83,81,6,0,1
2262,1253,781,119,83,81,6,0,1
2263,1253,781,119,83,81,6,0,1
2264,1253,781,119,83,81,6,0,1
2265,1253,782,119,82,81,6,0,1
2266,1253,782,118,82,81,6,0,1
2267,1253,782,119,83,81,6,0,1
2268,1253,781,119,83,81,6,0,0
2269,1253,781,118,83,81,6,0,0
2270,1253,781,118,83,81,6,0,1
2271,1253,781,118,83,81,6,0,1
2272,1253,781,118,83,81,6,0,1
2273,1253,781,118,83,81,6,0,0
2274,1253,781,118,83,81,6,0,0
2275,1253,781,118,83,81,6,0,1
2276,1253,782,118,83,81,6,0,2
2277,1253,782,118,83,81,6,0,2
2278,1253,782,118,83,81,6,0,2
312,1688,926,24,20,82,6,1,1
313,1688,926,24,20,82,6,1,1
314,1688,926,24,20,82,6,1,0
315,1688,926,24,20,82,6,1,1
316,1688,926,24,20,82,6,1,1
317,1688,926,25,20,82,6,1,1
318,1688,926,25,20,82,6,1,0
319,1688,926,25,20,82,6,1,0
320,1688,926,25,20,82,6,1,0
321,1688,926,25,20,82,6,1,0
322,1688,926,25,20,82,6,1,0
323,1688,926,25,20,82,6,1,0
324,1688,926,25,20,82,6,1,0
325,1688,926,25,20,82,6,1,0
326,1688,926,25,20,82,6,1,0
327,1688,926,25,20,82,6,1,1
328,1688,926,25,20,82,6,1,1
329,1688,926,25,20,82,6,1,1
330,1688,926,25,20,82,6,1,1
331,1688,926,25,20,82,6,1,0
332,1688,926,25,20,82,6,1,0
333,1688,926,25,19,82,6,1,0
334,1688,926,25,19,82,6,1,0
335,1688,926,25,19,82,6,1,0
336,1688,926,25,19,82,6,1,0
337,1688,926,25,19,82,6,1,0
338,1688,926,25,19,82,6,1,0
339,1688,926,25,19,82,6,1,0
340,1688,926,25,19,82,6,1,0
341,1688,926,25,19,82,6,1,0
342,1688,926,24,19,82,6,1,1
343,1688,926,24,19,82,6,1,1
344,1688,926,24,19,82,6,1,1
345,1688,926,24,19,82,6,1,2
346,1688,926,24,19,82,6,1,1
347,1688,926,24,19,82,6,1,1
348,1688,926,24,19,82,6,1,0
349,1688,926,24,19,82,6,1,0
350,1688,926,24,19,82,6,1,0
351,1688,926,24,19,82,6,1,0
352,1688,926,24,19,82,6,1,0
353,1688,926,24,19,82,6,1,0
354,1688,926,24,19,82,6,1,0
355,1688,926,24,19,82,6,1,0
356,1688,926,24,19,82,6,1,0
357,1688,926,24,19,82,6,1,0
358,1688,926,24,19,82,6,1,0
359,1688,926,24,19,82,6,1,0
360,1688,926,24,19,82,6,1,0
361,1688,926,24,19,82,6,1,0
331,1243,795,75,65,83,6,5,0
332,1242,794,76,66,83,6,5,0
333,1242,795,76,65,83,6,5,0
334,1242,794,76,66,83,6,5,2
335,1229,789,90,72,83,6,5,4
336,1229,789,89,72,83,6,5,6
337,1229,789,89,72,83,6,5,5
338,1241,793,77,67,83,6,5,4
339,1241,794,77,66,83,6,5,4
340,1242,794,76,67,83,6,5,5
341,1217,782,101,78,83,6,5,6
342,1217,782,100,78,83,6,5,7
343,1216,782,101,78,83,6,5,9
344,1216,781,101,79,83,6,5,11
345,1217,782,100,78,83,6,5,11
346,1216,782,101,79,83,6,5,12
347,1230,788,89,72,83,6,5,10
348,1235,790,84,71,83,6,5,8
349,1231,788,88,73,83,6,5,6
350,1229,787,90,74,83,6,5,5
351,1228,786,91,75,83,6,5,4
352,1227,785,92,76,83,6,5,3
353,1227,784,92,76,83,6,5,2
354,1227,785,92,76,83,6,5,2
355,1229,786,91,75,83,6,5,1
356,1227,784,92,76,83,6,5,1
357,1227,785,92,76,83,6,5,1
358,1226,784,93,77,83,6,5,1
359,1227,785,92,76,83,6,5,1
360,1232,789,88,72,83,6,5,1
361,1231,788,89,72,83,6,5,2
362,1231,787,88,74,83,6,5,4
363,1241,794,76,66,83,6,5,5
364,1241,793,77,67,83,6,5,4
365,1232,788,87,72,83,6,5,2
366,1230,787,89,73,83,6,5,1
367,1229,787,90,74,83,6,5,2
368,1228,785,91,75,83,6,5,3
369,1228,786,91,75,83,6,5,4
370,1229,786,90,74,83,6,5,5
371,1229,786,90,74,83,6,5,5
372,1217,780,99,81,83,6,5,8
373,1218,780,99,81,83,6,5,8
374,1218,780,98,81,83,6,5,10
375,1218,780,98,81,83,6,5,8
376,1219,780,98,81,83,6,5,7
377,1219,780,97,80,83,6,5,5
378,1219,780,98,80,83,6,5,4
379,1219,780,97,80,83,6,5,3
380,1219,780,97,80,83,6,5,2
381,1219,780,98,80,83,6,5,2
382,1219,781,97,80,83,6,5,1
383,1219,781,97,80,83,6,5,1
384,1219,781,98,80,83,6,5,1
385,1219,781,98,80,83,6,5,1
386,1219,781,98,80,83,6,5,1
387,1218,781,98,80,83,6,5,1
388,1219,781,98,80,83,6,5,0
389,1219,780,98,80,83,6,5,0
390,1218,781,98,80,83,6,5,0
391,1218,781,98,80,83,6,5,0
392,1218,780,98,80,83,6,5,0
393,1218,780,98,80,83,6,5,0
394,1218,780,98,80,83,6,5,1
395,1219,780,98,80,83,6,5,2
396,1228,785,90,76,83,6,5,2
397,1218,780,99,80,83,6,5,2
398,1217,780,99,80,83,6,5,1
399,1218,781,99,80,83,6,5,1
400,1217,780,99,81,83,6,5,1
401,1218,781,98,80,83,6,5,2
402,1229,786,89,75,83,6,5,2
403,1229,786,89,75,83,6,5,4
404,1228,785,90,76,83,6,5,5
405,1229,785,89,76,83,6,5,6
406,1229,785,89,76,83,6,5,4
407,1228,785,90,76,83,6,5,2
408,1227,784,90,77,83,6,5,1
409,1228,784,90,77,83,6,5,1
410,1221,780,96,80,83,6,5,2
411,1221,780,95,80,83,6,5,2
412,1220,780,97,81,83,6,5,2
413,1220,779,97,81,83,6,5,1
414,1219,779,98,81,83,6,5,1
415,1219,778,98,82,83,6,5,1
416,1216,778,100,82,83,6,5,1
417,1216,778,101,83,83,6,5,0
418,1218,778,98,82,83,6,5,0
419,1220,777,96,83,83,6,5,0
420,1228,782,89,79,83,6,5,0
421,1228,782,89,80,83,6,5,0
422,1219,772,98,88,83,6,5,1
423,1219,772,98,88,83,6,5,1
424,1217,773,100,88,83,6,5,2
425,1214,771,103,89,83,6,5,2
426,1213,771,104,89,83,6,5,2
427,1218,778,100,82,83,6,5,1
428,1228,785,90,76,83,6,5,1
445,1225,782,94,78,83,6,5,1
446,1225,782,94,77,83,6,5,1
447,1224,782,94,77,83,6,5,1
448,1226,782,93,77,83,6,5,1
449,1226,783,92,77,83,6,5,0
450,1225,782,94,77,83,6,5,0
451,1224,782,95,77,83,6,5,0
452,1224,782,95,77,83,6,5,0
453,1224,782,95,77,83,6,5,0
454,1223,782,95,77,83,6,5,1
455,1223,782,95,77,83,6,5,0
456,1226,783,92,77,83,6,5,0
457,1228,784,91,76,83,6,5,0
458,1230,785,88,76,83,6,5,0
459,1229,784,89,76,83,6,5,1
460,1233,785,85,76,83,6,5,2
461,1233,784,85,76,83,6,5,3
462,1234,784,84,76,83,6,5,4
463,1235,784,84,75,83,6,5,6
464,1238,785,79,75,83,6,5,6
465,1239,785,78,75,83,6,5,5
466,1239,785,79,75,83,6,5,3
467,1239,784,79,75,83,6,5,5
468,1230,783,89,77,83,6,5,4
469,1221,780,96,80,83,6,5,6
470,1230,783,89,76,83,6,5,4
471,1222,780,96,80,83,6,5,6
472,1222,780,96,80,83,6,5,5
473,1221,780,96,80,83,6,5,4
474,1222,780,96,80,83,6,5,3
475,1221,780,96,80,83,6,5,2
476,1228,782,91,78,83,6,5,2
477,1228,782,90,78,83,6,5,2
478,1228,782,91,77,83,6,5,2
479,1228,783,91,77,83,6,5,2
480,1226,782,92,78,83,6,5,2
481,1226,782,93,78,83,6,5,3
482,1238,783,80,76,83,6,5,3
483,1238,784,80,76,83,6,5,3
484,1238,784,80,76,83,6,5,3
485,1238,784,79,76,83,6,5,5
486,1238,784,80,76,83,6,5,5
487,1239,784,79,75,83,6,5,4
488,1239,784,79,75,83,6,5,2
489,1239,784,79,75,83,6,5,2
490,1240,785,78,75,83,6,5,2
491,1241,784,78,75,83,6,5,3
492,1241,786,78,74,83,6,5,3
493,1241,786,78,73,83,6,5,2
494,1240,786,79,73,83,6,5,2
495,1240,786,78,73,83,6,5,2
496,1240,786,78,73,83,6,5,1
497,1240,786,78,73,83,6,5,0
498,1240,786,78,73,83,6,5,0
499,1240,786,79,73,83,6,5,0
500,1240,786,79,73,83,6,5,0
501,1240,786,79,73,83,6,5,0
502,1240,786,79,73,83,6,5,0
503,1241,785,79,74,83,6,5,0
446,1688,926,24,20,84,6,1,2
447,1688,926,24,20,84,6,1,2
448,1688,926,24,20,84,6,1,2
449,1688,926,24,19,84,6,1,2
450,1688,926,24,19,84,6,1,1
451,1688,926,24,19,84,6,1,1
452,1688,926,24,19,84,6,1,0
453,1688,926,24,19,84,6,1,0
454,1688,926,24,19,84,6,1,0
455,1688,926,24,20,84,6,1,1
456,1688,926,24,20,84,6,1,1
457,1688,926,24,20,84,6,1,1
458,1688,926,24,20,84,6,1,0
459,1688,926,24,20,84,6,1,0
460,1688,926,24,20,84,6,1,0
461,1688,926,24,20,84,6,1,0
462,1688,926,24,19,84,6,1,0
463,1688,926,24,20,84,6,1,0
464,1688,926,24,20,84,6,1,1
465,1688,926,24,19,84,6,1,2
466,1688,926,24,19,84,6,1,3
467,1688,926,24,19,84,6,1,3
468,1688,926,24,19,84,6,1,2
469,1688,926,24,19,84,6,1,2
470,1688,926,24,19,84,6,1,2
471,1688,926,24,19,84,6,1,2
472,1688,926,24,19,84,6,1,1
473,1688,926,24,19,84,6,1,1
474,1688,926,24,19,84,6,1,0
475,1688,926,24,19,84,6,1,0
476,1688,926,24,19,84,6,1,1
477,1688,926,24,19,84,6,1,1
478,1688,926,24,19,84,6,1,1
479,1688,926,24,19,84,6,1,1
480,1688,926,24,19,84,6,1,3
481,1688,926,24,19,84,6,1,5
482,1688,927,24,19,84,6,1,8
483,1688,927,25,19,84,6,1,10
484,1688,927,25,19,84,6,1,11
485,1687,927,25,19,84,6,1,12
486,1687,927,25,19,84,6,1,10
487,1687,927,25,19,84,6,1,7
488,1687,927,25,19,84,6,1,5
489,1687,927,25,19,84,6,1,3
490,1688,927,25,19,84,6,1,3
491,1688,927,25,19,84,6,1,2
492,1687,926,25,20,84,6,1,2
493,1687,926,25,20,84,6,1,3
494,1687,926,25,20,84,6,1,2
495,1687,927,26,20,84,6,1,2
496,1687,927,26,19,84,6,1,1
497,1688,927,25,19,84,6,1,3
498,1688,927,24,19,84,6,1,5
499,1688,926,23,19,84,6,1,9
500,1689,926,23,19,84,6,1,12
501,1688,926,23,19,84,6,1,15
502,1688,926,23,19,84,6,1,13
503,1688,926,23,19,84,6,1,12
504,1688,927,24,18,84,6,1,9
505,1688,927,23,18,84,6,1,9
506,1688,927,23,18,84,6,1,9
507,1688,927,23,18,84,6,1,8
508,1688,927,23,18,84,6,1,7
509,1688,927,24,18,84,6,1,5
510,1688,927,24,18,84,6,1,3
511,1687,927,24,18,84,6,1,1
512,1687,927,24,18,84,6,1,1
513,1687,927,24,18,84,6,1,1
514,1687,926,25,18,84,6,1,2
515,1687,927,25,18,84,6,1,2
516,1687,926,25,18,84,6,1,3
517,1687,926,25,18,84,6,1,4
518,1687,926,25,18,84,6,1,4
519,1687,926,24,18,84,6,1,4
520,1687,926,24,18,84,6,1,3
521,1687,926,24,18,84,6,1,3
522,1687,926,24,18,84,6,1,1
523,1687,926,24,18,84,6,1,1
524,1687,926,24,18,84,6,1,1
525,1687,926,24,18,84,6,1,1
526,1687,926,24,18,84,6,1,1
527,1687,926,24,18,84,6,1,2
528,1687,926,24,19,84,6,1,4
529,1687,926,24,19,84,6,1,6
530,1687,926,24,19,84,6,1,8
531,1687,926,24,19,84,6,1,9
532,1687,926,24,19,84,6,1,9
533,1686,925,24,20,84,6,1,7
534,1686,925,24,20,84,6,1,4
535,1687,925,24,20,84,6,1,3
536,1687,925,24,20,84,6,1,2
537,1687,925,24,19,84,6,1,3
538,1687,925,24,20,84,6,1,3
539,1687,925,24,20,84,6,1,3
540,1687,924,24,21,84,6,1,3
541,1687,924,24,21,84,6,1,3
542,1687,923,24,21,84,6,1,4
543,1687,923,24,22,84,6,1,4
544,1687,923,23,22,84,6,1,4
545,1688,922,23,22,84,6,1,3
546,1688,923,23,22,84,6,1,3
547,1688,923,23,22,84,6,1,3
548,1688,923,23,22,84,6,1,5
549,1688,923,23,21,84,6,1,5
550,1688,923,22,22,84,6,1,8
551,1688,923,23,21,84,6,1,11
552,1689,923,22,21,84,6,1,14
553,1689,923,22,21,84,6,1,13
554,1690,924,22,20,84,6,1,11
555,1690,924,22,20,84,6,1,11
482,1714,935,28,22,85,5,0,2
483,1713,935,28,22,85,5,0,3
484,1713,935,28,22,85,5,0,4
485,1713,935,29,22,85,5,0,6
486,1712,935,28,22,85,5,0,7
487,1712,936,29,21,85,5,0,9
488,1712,936,28,21,85,5,0,10
489,1712,936,29,22,85,5,0,13
490,1712,937,29,21,85,5,0,13
491,1712,937,28,21,85,5,0,11
492,1711,935,27,23,85,5,0,8
493,1711,935,27,23,85,5,0,7
494,1711,934,28,24,85,5,0,5
495,1711,933,28,25,85,5,0,6
496,1711,935,27,23,85,5,0,7
497,1711,935,27,24,85,5,0,11
498,1711,934,28,25,85,5,0,13
499,1711,935,28,24,85,5,0,14
500,1711,935,26,24,85,5,0,15
501,1710,935,27,24,85,5,0,14
502,1710,935,28,24,85,5,0,14
503,1710,934,31,26,85,5,0,15
504,1709,936,28,23,85,5,0,16
505,1709,937,27,23,85,5,0,14
506,1709,936,28,24,85,5,0,11
507,1709,936,27,24,85,5,0,10
508,1708,936,29,24,85,5,0,13
509,1708,938,31,23,85,5,0,13
510,1708,938,29,23,85,5,0,12
511,1707,937,30,23,85,5,0,12
512,1707,937,29,24,85,5,0,18
513,1708,937,29,24,85,5,0,23
514,1708,938,29,25,85,5,0,25
515,1708,937,28,26,85,5,0,25
516,1707,937,28,26,85,5,0,23
517,1707,937,29,26,85,5,0,22
518,1707,937,28,26,85,5,0,20
519,1707,937,29,27,85,5,0,18
520,1707,937,29,27,85,5,0,15
521,1707,937,29,27,85,5,0,13
522,1706,937,30,27,85,5,0,12
523,1706,937,30,28,85,5,0,12
524,1706,937,30,27,85,5,0,14
525,1706,937,30,28,85,5,0,16
526,1704,938,32,28,85,5,0,19
527,1704,938,31,28,85,5,0,20
528,1704,938,32,29,85,5,0,20
529,1704,938,31,29,85,5,0,19
530,1704,938,32,29,85,5,0,17
531,1704,937,31,31,85,5,0,15
532,1704,936,32,32,85,5,0,14
533,1704,937,32,31,85,5,0,15
534,1703,937,33,32,85,5,0,15
535,1703,937,33,32,85,5,0,16
536,1703,936,33,34,85,5,0,17
537,1702,937,33,33,85,5,0,19
538,1702,937,34,34,85,5,0,20
539,1701,936,35,36,85,5,0,21
540,1701,935,35,36,85,5,0,22
541,1701,936,36,36,85,5,0,23
542,1700,935,36,37,85,5,0,22
543,1700,935,36,38,85,5,0,22
544,1700,935,37,38,85,5,0,22
545,1699,935,37,39,85,5,0,22
546,1699,936,38,38,85,5,0,20
547,1699,937,37,38,85,5,0,20
548,1699,936,38,38,85,5,0,21
549,1698,938,39,38,85,5,0,23
550,1698,938,39,38,85,5,0,23
551,1697,936,40,41,85,5,0,21
552,1698,936,40,41,85,5,0,20
553,1697,935,40,42,85,5,0,18
554,1696,939,41,39,85,5,0,17
555,1695,937,42,41,85,5,0,16
556,1695,935,43,44,85,5,0,17
557,1694,937,44,43,85,5,0,18
558,1694,936,44,45,85,5,0,19
559,1694,935,44,47,85,5,0,20
560,1695,935,42,47,85,5,0,20
561,1695,941,43,42,85,5,0,21
562,1693,941,45,43,85,5,0,21
563,1692,939,46,45,85,5,0,22
564,1691,942,47,44,85,5,0,24
565,1690,944,46,43,85,5,0,26
566,1689,943,49,45,85,5,0,28
567,1689,942,48,48,85,5,0,30
568,1688,939,49,52,85,5,0,32
569,1687,939,49,53,85,5,0,33
570,1685,941,50,52,85,5,0,33
571,1685,942,50,53,85,5,0,32
572,1684,943,51,52,85,5,0,32
573,1683,946,53,52,85,5,0,32
574,1681,947,54,52,85,5,0,32
575,1680,948,55,53,85,5,0,32
576,1677,947,58,55,85,5,0,33
577,1675,950,58,53,85,5,0,34
578,1674,950,59,56,85,5,0,34
579,1672,948,61,60,85,5,0,34
580,1670,956,61,52,85,5,0,34
581,1668,957,63,53,85,5,0,35
582,1667,959,63,54,85,5,0,34
583,1665,959,64,56,85,5,0,34
584,1662,959,64,57,85,5,0,34
585,1659,959,65,58,85,5,0,35
586,1655,959,66,61,85,5,0,36
587,1653,960,68,63,85,5,0,36
588,1648,963,71,62,85,5,0,37
589,1644,963,73,64,85,5,0,37
590,1640,964,75,66,85,5,0,38
591,1635,966,78,66,85,5,0,38
592,1631,968,79,67,85,5,0,38
593,1627,968,80,70,85,5,0,38
594,1620,968,84,72,85,5,0,37
595,1616,970,85,72,85,5,0,37
596,1609,972,87,74,85,5,0,36
597,1602,973,90,75,85,5,0,36
598,1596,974,91,76,85,5,0,35
599,1587,976,95,77,85,5,0,35
600,1579,976,98,80,85,5,0,35
601,1570,975,101,84,85,5,0,35
602,1560,977,104,86,85,5,0,36
603,1549,978,108,88,85,5,0,36
604,1537,979,112,89,85,5,0,36
605,1524,980,117,92,85,5,0,36
606,1510,980,122,94,85,5,0,35
607,1497,979,127,99,85,5,0,35
608,1482,979,131,103,85,5,0,35
609,1464,980,136,105,85,5,0,34
610,1444,980,144,108,85,5,0,34
611,1425,981,149,111,85,5,0,34
612,1402,982,157,114,85,5,0,34
613,1376,981,166,118,85,5,0,34
614,1351,981,173,124,85,5,0,34
615,1323,979,182,128,85,5,0,34
616,1291,979,192,134,85,5,0,34
617,1255,977,204,141,85,5,0,34
618,1217,974,216,147,85,5,0,34
619,1174,973,231,153,85,5,0,34
620,1127,972,247,158,85,5,0,33
621,1073,969,265,165,85,5,0,33
622,1013,965,284,174,85,5,0,33
623,946,960,307,185,85,5,0,33
624,870,955,333,194,85,5,0,33
625,784,949,361,204,85,5,0,33
626,686,941,395,216,85,5,0,33
627,574,933,435,231,85,5,0,33
628,443,922,484,246,85,5,0,33
629,293,910,538,263,85,5,0,32
630,114,895,606,283,85,5,0,32
631,0,877,591,306,85,5,0,31
632,0,855,439,321,85,5,0,31
633,0,858,258,325,85,5,0,31
586,1703,944,32,30,86,9,0,19
587,1704,946,33,29,86,9,0,19
588,1703,945,34,31,86,9,0,19
589,1702,947,34,29,86,9,0,18
590,1702,945,35,32,86,9,0,17
591,1701,943,36,34,86,9,0,16
592,1700,942,37,35,86,9,0,15
593,1700,941,38,37,86,9,0,14
594,1699,940,40,38,86,9,0,15
595,1700,939,38,39,86,9,0,15
596,1699,940,40,40,86,9,0,17
597,1699,941,41,40,86,9,0,17
598,1699,942,41,39,86,9,0,17
599,1698,942,42,40,86,9,0,18
600,1698,942,44,40,86,9,0,17
601,1697,944,44,39,86,9,0,17
602,1698,944,43,38,86,9,0,18
603,1697,944,43,39,86,9,0,20
604,1695,945,44,40,86,9,0,25
605,1694,945,45,41,86,9,0,30
606,1693,946,46,43,86,9,0,35
607,1693,947,47,44,86,9,0,37
608,1691,947,48,45,86,9,0,38
609,1691,947,48,45,86,9,0,38
610,1690,947,49,46,86,9,0,37
611,1688,947,51,48,86,9,0,35
612,1687,949,52,48,86,9,0,33
613,1685,950,54,48,86,9,0,33
614,1684,952,54,48,86,9,0,35
615,1683,952,54,49,86,9,0,36
616,1680,953,55,50,86,9,0,37
617,1678,952,57,53,86,9,0,37
618,1674,954,59,53,86,9,0,38
619,1672,956,60,52,86,9,0,38
620,1670,958,61,52,86,9,0,38
621,1668,957,64,55,86,9,0,38
622,1666,959,65,55,86,9,0,38
623,1663,960,66,57,86,9,0,38
624,1659,959,68,59,86,9,0,38
625,1654,961,69,59,86,9,0,38
626,1651,961,73,62,86,9,0,39
627,1648,962,75,63,86,9,0,40
628,1643,963,78,65,86,9,0,40
629,1637,965,82,66,86,9,0,40
630,1634,966,82,66,86,9,0,40
631,1628,968,83,68,86,9,0,40
632,1622,969,86,69,86,9,0,40
633,1616,969,89,72,86,9,0,40
634,1609,971,91,73,86,9,0,40
635,1601,972,94,75,86,9,0,39
636,1595,974,96,74,86,9,0,39
637,1586,976,99,75,86,9,0,38
638,1577,976,102,79,86,9,0,38
639,1567,977,105,80,86,9,0,37
640,1557,978,108,84,86,9,0,38
641,1546,980,112,85,86,9,0,38
642,1534,980,116,88,86,9,0,38
643,1521,979,121,92,86,9,0,38
644,1505,981,128,93,86,9,0,37
645,1491,979,132,99,86,9,0,37
646,1474,978,139,104,86,9,0,36
647,1456,979,144,106,86,9,0,36
648,1436,980,151,109,86,9,0,36
649,1415,981,159,111,86,9,0,36
650,1390,983,168,114,86,9,0,36
651,1364,982,177,118,86,9,0,36
652,1335,980,190,125,86,9,0,36
653,1303,979,199,130,86,9,0,36
654,1267,977,213,137,86,9,0,36
655,1226,975,229,143,86,9,0,36
656,1182,974,245,149,86,9,0,36
657,1131,973,264,154,86,9,0,36
658,1075,970,286,162,86,9,0,36
659,1011,964,310,172,86,9,0,35
660,939,959,339,182,86,9,0,35
661,858,956,369,189,86,9,0,35
662,766,947,405,203,86,9,0,35
663,660,939,448,215,86,9,0,35
664,540,927,496,230,86,9,0,34
665,398,917,555,244,86,9,0,34
666,236,901,623,263,86,9,0,34
667,42,885,707,282,86,9,0,34
668,0,867,621,302,86,9,0,34
669,0,843,471,321,86,9,0,34
670,0,860,294,308,86,9,0,34
587,1804,979,48,24,87,9,0,42
588,1802,977,48,25,87,9,0,38
589,1804,977,44,26,87,9,0,40
590,1796,976,51,26,87,9,0,41
591,1792,975,53,29,87,9,0,46
592,1789,974,52,27,87,9,0,40
593,1785,974,51,27,87,9,0,32
594,1782,971,50,26,87,9,0,23
595,1779,970,49,27,87,9,0,20
596,1775,968,51,30,87,9,0,19
597,1772,967,53,31,87,9,0,14
598,1769,966,48,30,87,9,0,11
599,1766,966,46,28,87,9,0,8
600,1763,964,45,25,87,9,0,7
601,1760,963,45,27,87,9,0,9
602,1757,961,46,30,87,9,0,8
603,1754,960,44,28,87,9,0,9
604,1752,960,42,28,87,9,0,12
605,1748,959,44,30,87,9,0,15
606,1744,957,43,29,87,9,0,15
607,1741,956,42,30,87,9,0,18
608,1742,955,38,30,87,9,0,17
609,1739,953,37,32,87,9,0,17
610,1737,951,38,33,87,9,0,10
611,1736,950,35,33,87,9,0,8
612,1734,948,33,33,87,9,0,7
613,1731,949,35,32,87,9,0,6
614,1731,948,34,31,87,9,0,7
615,1727,949,31,31,87,9,0,7
616,1726,949,30,31,87,9,0,9
617,1725,949,28,31,87,9,0,10
618,1722,948,30,31,87,9,0,14
619,1714,947,37,31,87,9,0,16
620,1711,946,38,31,87,9,0,18
621,1708,946,38,30,87,9,0,16
622,1705,946,39,30,87,9,0,13
623,1704,946,39,31,87,9,0,11
624,1705,928,38,46,87,9,0,7
625,1704,929,38,46,87,9,0,7
626,1701,927,40,48,87,9,0,7
627,1698,928,42,47,87,9,0,7
628,1697,930,43,45,87,9,0,11
629,1696,942,42,33,87,9,0,14
630,1694,943,44,34,87,9,0,20
631,1693,942,45,35,87,9,0,20
632,1693,929,45,48,87,9,0,22
633,1691,937,45,40,87,9,0,22
634,1691,941,44,37,87,9,0,21
635,1690,941,45,38,87,9,0,20
636,1690,940,45,39,87,9,0,19
637,1689,940,45,39,87,9,0,20
638,1689,938,46,42,87,9,0,22
639,1688,932,46,50,87,9,0,24
640,1687,932,47,51,87,9,0,25
641,1685,932,49,52,87,9,0,27
642,1684,930,51,54,87,9,0,29
643,1683,931,51,55,87,9,0,31
644,1681,943,52,44,87,9,0,31
645,1680,945,52,43,87,9,0,31
646,1679,944,54,45,87,9,0,32
647,1678,945,54,46,87,9,0,33
648,1675,945,55,47,87,9,0,34
649,1674,946,56,47,87,9,0,33
650,1673,948,57,47,87,9,0,33
651,1672,948,57,48,87,9,0,33
652,1670,948,59,49,87,9,0,32
653,1669,951,59,48,87,9,0,32
654,1667,951,61,49,87,9,0,32
655,1665,951,61,51,87,9,0,33
656,1663,951,63,52,87,9,0,34
657,1661,952,64,54,87,9,0,35
658,1658,952,65,55,87,9,0,35
659,1655,952,68,57,87,9,0,35
660,1652,951,70,59,87,9,0,35
661,1650,952,71,61,87,9,0,35
662,1647,952,73,63,87,9,0,35
663,1644,955,75,62,87,9,0,35
664,1640,958,76,61,87,9,0,37
665,1636,959,77,62,87,9,0,38
666,1633,960,79,64,87,9,0,39
667,1629,961,79,65,87,9,0,39
668,1625,961,82,68,87,9,0,39
669,1620,962,84,70,87,9,0,39
670,1615,962,86,72,87,9,0,39
671,1610,965,88,73,87,9,0,39
672,1603,964,91,76,87,9,0,38
673,1597,966,93,78,87,9,0,38
674,1589,966,97,79,87,9,0,38
675,1581,967,100,81,87,9,0,37
676,1573,970,103,81,87,9,0,37
677,1564,972,106,81,87,9,0,36
678,1554,972,109,85,87,9,0,36
679,1542,973,114,86,87,9,0,36
680,1532,971,117,92,87,9,0,36
681,1518,971,123,94,87,9,0,36
682,1505,974,128,94,87,9,0,36
683,1490,974,133,98,87,9,0,36
684,1474,975,138,100,87,9,0,36
685,1457,975,144,104,87,9,0,36
686,1437,975,151,107,87,9,0,35
687,1417,975,158,110,87,9,0,35
688,1394,974,167,114,87,9,0,35
689,1370,974,175,118,87,9,0,35
690,1342,973,185,123,87,9,0,35
691,1313,974,196,127,87,9,0,35
692,1281,970,207,134,87,9,0,35
693,1246,968,219,140,87,9,0,35
694,1208,967,232,145,87,9,0,35
695,1163,965,251,153,87,9,0,34
696,1116,961,268,160,87,9,0,34
697,1062,958,287,168,87,9,0,34
698,1002,955,310,175,87,9,0,34
699,934,949,337,185,87,9,0,34
700,859,945,364,195,87,9,0,34
701,771,941,400,203,87,9,0,33
702,677,931,436,218,87,9,0,33
703,568,921,480,232,87,9,0,33
704,440,911,533,247,87,9,0,33
705,293,900,596,263,87,9,0,32
706,124,884,667,284,87,9,0,32
707,0,867,680,305,87,9,0,31
708,0,849,547,318,87,9,0,31
709,1,873,392,297,87,9,0,30
710,0,873,211,302,87,9,0,30
660,1688,926,24,19,88,6,1,3
661,1688,926,24,19,88,6,1,6
662,1688,926,24,20,88,6,1,6
663,1688,926,24,20,88,6,1,6
664,1689,927,23,19,88,6,1,5
665,1688,926,23,19,88,6,1,5
666,1689,926,23,19,88,6,1,5
667,1689,926,23,19,88,6,1,6
668,1689,926,24,19,88,6,1,7
669,1689,926,24,19,88,6,1,7
670,1689,926,23,19,88,6,1,5
671,1689,926,23,19,88,6,1,4
672,1689,926,23,20,88,6,1,6
673,1689,926,23,20,88,6,1,6
674,1688,926,25,20,88,6,1,7
675,1688,926,24,20,88,6,1,5
676,1688,926,24,20,88,6,1,4
677,1688,926,24,20,88,6,1,3
678,1688,926,24,20,88,6,1,3
679,1688,926,24,20,88,6,1,3
680,1688,926,24,19,88,6,1,4
681,1688,926,24,19,88,6,1,4
682,1688,926,24,19,88,6,1,3
683,1689,926,24,19,88,6,1,3
684,1690,927,23,19,88,6,1,2
685,1690,927,22,19,88,6,1,2
686,1690,927,22,19,88,6,1,2
687,1690,927,23,19,88,6,1,3
688,1690,927,23,19,88,6,1,3
689,1690,927,23,19,88,6,1,3
690,1690,927,23,19,88,6,1,1
691,1690,927,23,19,88,6,1,1
692,1690,927,23,19,88,6,1,1
693,1690,927,23,19,88,6,1,2
694,1688,926,24,19,88,6,1,2
695,1689,926,24,19,88,6,1,2
696,1689,927,23,19,88,6,1,1
697,1689,927,23,19,88,6,1,0
698,1689,927,23,19,88,6,1,0
699,1689,927,23,19,88,6,1,2
700,1689,927,23,19,88,6,1,2
701,1689,927,23,19,88,6,1,4
702,1689,927,23,19,88,6,1,3
703,1689,926,23,19,88,6,1,3
704,1688,926,24,19,88,6,1,1
705,1688,926,24,20,88,6,1,0
706,1688,926,24,20,88,6,1,0
707,1688,926,24,20,88,6,1,2
708,1689,926,24,20,88,6,1,3
709,1689,926,24,20,88,6,1,3
710,1689,926,24,20,88,6,1,2
711,1689,926,24,20,88,6,1,2
712,1689,926,24,20,88,6,1,2
713,1689,926,24,20,88,6,1,2
714,1688,926,24,19,88,6,1,2
715,1688,926,24,20,88,6,1,2
716,1688,926,24,20,88,6,1,2
717,1688,926,24,20,88,6,1,3
718,1688,926,24,20,88,6,1,4
719,1688,926,25,20,88,6,1,5
720,1688,926,24,20,88,6,1,6
721,1688,926,24,20,88,6,1,6
722,1688,926,24,20,88,6,1,6
723,1688,926,24,20,88,6,1,5
724,1688,926,24,20,88,6,1,4
725,1688,926,24,20,88,6,1,2
726,1688,926,24,20,88,6,1,1
727,1688,926,24,20,88,6,1,0
728,1688,926,24,20,88,6,1,0
729,1688,926,24,20,88,6,1,0
730,1688,926,24,20,88,6,1,0
731,1688,926,24,20,88,6,1,0
732,1688,926,24,20,88,6,1,0
733,1688,926,24,20,88,6,1,1
734,1688,926,24,20,88,6,1,4
735,1689,926,23,20,88,6,1,6
736,1689,926,23,19,88,6,1,6
737,1688,926,24,19,88,6,1,5
738,1688,926,24,19,88,6,1,5
739,1688,926,24,19,88,6,1,4
740,1688,926,24,19,88,6,1,3
741,1688,926,24,19,88,6,1,4
742,1688,926,23,19,88,6,1,7
743,1689,926,23,18,88,6,1,7
744,1688,926,23,18,88,6,1,5
766,1688,926,24,19,88,6,1,2
767,1688,926,24,19,88,6,1,1
768,1689,926,24,19,88,6,1,1
769,1689,926,24,19,88,6,1,1
770,1689,926,24,19,88,6,1,1
771,1689,926,24,19,88,6,1,1
772,1689,926,24,19,88,6,1,1
773,1689,926,24,19,88,6,1,0
774,1689,926,24,19,88,6,1,0
775,1689,926,24,19,88,6,1,0
776,1689,926,24,19,88,6,1,1
777,1689,926,24,20,88,6,1,3
778,1689,926,23,20,88,6,1,3
779,1689,925,23,20,88,6,1,3
780,1689,926,23,20,88,6,1,1
781,1689,926,23,20,88,6,1,1
782,1689,926,23,19,88,6,1,0
783,1689,926,23,20,88,6,1,2
784,1689,926,23,19,88,6,1,2
785,1689,926,23,19,88,6,1,2
786,1689,926,23,20,88,6,1,1
787,1689,926,23,20,88,6,1,0
788,1689,926,23,20,88,6,1,0
789,1689,926,23,20,88,6,1,0
790,1689,926,23,20,88,6,1,0
791,1689,926,23,20,88,6,1,0
792,1689,926,23,20,88,6,1,0
793,1689,926,23,20,88,6,1,0
794,1689,926,23,20,88,6,1,0
795,1689,926,23,20,88,6,1,0
796,1689,926,23,20,88,6,1,1
797,1689,926,23,20,88,6,1,2
798,1688,926,24,20,88,6,1,3
799,1688,926,24,20,88,6,1,3
800,1688,926,24,20,88,6,1,3
801,1688,926,24,20,88,6,1,3
802,1689,926,23,20,88,6,1,3
803,1689,926,23,19,88,6,1,3
804,1689,926,24,20,88,6,1,5
805,1689,926,24,20,88,6,1,6
806,1689,927,23,18,88,6,1,7
807,1689,927,23,18,88,6,1,6
808,1689,927,23,18,88,6,1,6
809,1689,927,23,18,88,6,1,4
735,1,1139,289,541,89,7,5,24
736,1,1062,480,558,89,7,5,24
737,1,982,638,619,89,7,5,24
738,1,974,770,581,89,7,5,24
739,0,986,891,694,89,7,5,24
740,0,993,990,628,89,7,5,24
741,0,1002,1079,574,89,7,5,24
742,165,1010,991,526,89,7,5,24
743,337,1016,891,485,89,7,5,24
744,485,1022,815,449,89,7,5,24
745,614,1024,726,419,89,7,5,24
746,725,1028,664,393,89,7,5,24
747,825,1032,607,369,89,7,5,24
748,911,1025,561,359,89,7,5,24
749,989,1036,520,330,89,7,5,24
750,1059,1038,483,315,89,7,5,24
751,1122,1040,448,299,89,7,5,24
752,1179,1042,419,285,89,7,5,24
753,1231,1044,391,270,89,7,5,24
754,1277,1045,371,258,89,7,5,24
755,1321,1046,348,247,89,7,5,24
756,1358,1044,330,240,89,7,5,25
757,1394,1045,312,229,89,7,5,25
758,1424,1045,297,220,89,7,5,25
759,1454,1044,281,214,89,7,5,25
760,1480,1045,268,206,89,7,5,25
761,1505,1041,255,201,89,7,5,25
762,1527,1043,244,193,89,7,5,25
763,1546,1039,234,188,89,7,5,25
764,1564,1039,225,183,89,7,5,25
765,1579,1040,216,175,89,7,5,25
766,1594,1038,208,171,89,7,5,25
767,1607,1038,201,165,89,7,5,25
768,1620,1037,194,160,89,7,5,25
769,1631,1035,187,155,89,7,5,25
770,1641,1032,181,152,89,7,5,25
771,1650,1031,177,147,89,7,5,25
772,1660,1028,170,146,89,7,5,25
773,1667,1027,164,141,89,7,5,25
774,1671,1024,163,138,89,7,5,26
775,1682,1022,155,135,89,7,5,26
776,1688,1022,150,130,89,7,5,26
777,1695,1020,147,128,89,7,5,26
778,1700,1018,143,125,89,7,5,27
779,1705,1018,139,121,89,7,5,27
780,1711,1016,134,118,89,7,5,26
781,1715,1015,131,115,89,7,5,26
782,1719,1013,118,113,89,7,5,25
783,1723,1012,114,111,89,7,5,24
784,1726,1009,112,110,89,7,5,24
785,1729,1009,108,107,89,7,5,24
786,1732,1008,107,104,89,7,5,24
787,1735,1006,105,102,89,7,5,25
788,1738,1006,103,100,89,7,5,25
789,1740,1004,101,99,89,7,5,26
790,1743,1002,98,97,89,7,5,26
791,1744,1002,98,94,89,7,5,26
792,1746,1000,95,93,89,7,5,26
793,1747,1000,95,90,89,7,5,26
794,1748,997,93,90,89,7,5,27
795,1750,996,91,88,89,7,5,27
796,1751,995,90,86,89,7,5,27
797,1752,993,88,85,89,7,5,27
798,1753,992,86,83,89,7,5,27
799,1755,991,84,81,89,7,5,27
800,1755,989,82,81,89,7,5,27
801,1755,988,81,79,89,7,5,26
802,1756,987,79,78,89,7,5,26
803,1756,986,79,77,89,7,5,26
804,1756,984,78,77,89,7,5,26
805,1756,982,78,76,89,7,5,26
806,1755,980,77,76,89,7,5,25
807,1755,979,74,74,89,7,5,25
808,1754,976,73,75,89,7,5,25
809,1754,975,71,74,89,7,5,25
810,1754,974,72,73,89,7,5,26
811,1754,973,73,71,89,7,5,26
812,1753,972,72,70,89,7,5,27
813,1752,970,71,70,89,7,5,27
814,1752,969,69,69,89,7,5,27
815,1752,968,69,69,89,7,5,27
816,1751,967,68,67,89,7,5,26
817,1750,966,68,66,89,7,5,25
818,1750,965,68,66,89,7,5,24
819,1749,964,66,65,89,7,5,24
820,1749,964,65,63,89,7,5,24
821,1748,963,64,62,89,7,5,24
822,1748,963,63,61,89,7,5,23
823,1748,962,62,60,89,7,5,24
824,1748,960,61,61,89,7,5,24
825,1747,960,60,59,89,7,5,25
826,1747,959,59,58,89,7,5,26
827,1747,959,59,57,89,7,5,28
828,1748,958,58,56,89,7,5,29
829,1747,957,58,55,89,7,5,29
830,1747,957,58,54,89,7,5,29
831,1747,957,56,53,89,7,5,29
832,1747,956,57,53,89,7,5,27
833,1746,956,56,52,89,7,5,24
834,1746,955,56,52,89,7,5,21
835,1745,955,56,52,89,7,5,18
836,1745,955,55,51,89,7,5,16
837,1745,954,54,51,89,7,5,15
838,1746,954,53,50,89,7,5,14
839,1746,953,52,50,89,7,5,15
840,1745,951,50,51,89,7,5,16
841,1745,951,49,51,89,7,5,16
842,1745,951,49,50,89,7,5,16
843,1744,951,49,49,89,7,5,15
844,1744,951,49,48,89,7,5,15
845,1743,951,49,48,89,7,5,14
846,1743,949,48,49,89,7,5,15
847,1743,949,48,48,89,7,5,15
848,1742,950,48,46,89,7,5,17
849,1742,950,48,45,89,7,5,18
850,1742,949,48,45,89,7,5,20
851,1742,949,48,44,89,7,5,19
852,1742,949,45,44,89,7,5,19
853,1742,950,44,43,89,7,5,19
854,1742,950,44,42,89,7,5,18
855,1742,950,43,41,89,7,5,18
856,1742,949,43,42,89,7,5,17
857,1742,949,42,41,89,7,5,18
858,1742,949,41,40,89,7,5,19
859,1742,948,41,40,89,7,5,19
860,1742,948,40,40,89,7,5,19
861,1742,948,41,39,89,7,5,18
862,1743,948,39,39,89,7,5,16
863,1744,948,39,39,89,7,5,14
864,1743,948,39,39,89,7,5,13
865,1743,948,39,38,89,7,5,13
866,1744,948,38,38,89,7,5,13
867,1744,948,38,38,89,7,5,14
868,1744,948,37,37,89,7,5,13
869,1745,947,36,37,89,7,5,12
870,1744,948,36,37,89,7,5,10
871,1744,948,36,36,89,7,5,10
872,1744,947,36,37,89,7,5,10
873,1744,947,36,36,89,7,5,9
874,1745,947,35,36,89,7,5,10
875,1745,947,35,36,89,7,5,12
876,1745,947,36,35,89,7,5,15
877,1745,947,36,34,89,7,5,17
878,1745,947,36,34,89,7,5,17
879,1745,947,35,34,89,7,5,18
880,1745,947,36,33,89,7,5,16
881,1745,947,35,33,89,7,5,13
882,1745,947,35,34,89,7,5,8
883,1745,947,35,33,89,7,5,5
884,1745,947,35,33,89,7,5,4
885,1745,947,35,33,89,7,5,6
886,1745,946,34,33,89,7,5,7
887,1746,946,34,33,89,7,5,7
888,1746,947,33,33,89,7,5,5
889,1746,947,33,33,89,7,5,6
890,1747,947,32,32,89,7,5,8
891,1747,946,32,32,89,7,5,8
892,1747,946,32,32,89,7,5,10
893,1747,946,32,32,89,7,5,12
894,1747,946,31,32,89,7,5,14
895,1747,946,31,31,89,7,5,14
896,1747,946,31,31,89,7,5,12
897,1747,946,31,31,89,7,5,11
898,1747,946,31,31,89,7,5,10
899,1747,946,31,31,89,7,5,9
900,1747,946,31,31,89,7,5,9
901,1747,946,31,30,89,7,5,9
902,1747,946,31,30,89,7,5,10
903,1747,946,32,30,89,7,5,12
904,1747,946,31,29,89,7,5,15
905,1747,946,31,28,89,7,5,17
906,1747,946,31,28,89,7,5,18
907,1747,946,31,27,89,7,5,20
908,1746,946,32,27,89,7,5,21
909,1747,946,30,26,89,7,5,24
910,1747,946,30,26,89,7,5,28
911,1748,945,28,25,89,7,5,34
912,1746,945,28,23,89,7,5,38
913,1746,945,28,23,89,7,5,40
914,1746,945,27,23,89,7,5,42
915,1746,945,26,22,89,7,5,41
916,1746,944,25,22,89,7,5,40
917,1746,945,25,21,89,7,5,33
918,1746,944,25,21,89,7,5,26
919,1746,944,25,21,89,7,5,17
920,1745,944,26,22,89,7,5,12
921,1745,944,25,23,89,7,5,9
922,1745,943,25,24,89,7,5,12
923,1745,943,25,24,89,7,5,12
924,1745,943,24,24,89,7,5,13
925,1745,943,24,23,89,7,5,8
926,1745,942,24,23,89,7,5,6
927,1745,943,23,23,89,7,5,6
928,1744,943,24,24,89,7,5,7
929,1744,943,24,24,89,7,5,6
930,1744,943,24,24,89,7,5,6
931,1744,942,24,24,89,7,5,5
932,1744,942,24,24,89,7,5,4
933,1744,942,24,24,89,7,5,5
934,1744,942,23,24,89,7,5,8
935,1745,942,22,24,89,7,5,9
936,1744,942,23,24,89,7,5,7
937,1744,942,23,24,89,7,5,5
938,1743,942,23,24,89,7,5,9
939,1743,942,23,22,89,7,5,12
940,1743,942,23,23,89,7,5,15
806,1219,780,99,79,90,6,5,2
807,1219,779,99,79,90,6,5,2
808,1219,779,99,80,90,6,5,1
809,1219,779,99,79,90,6,5,1
810,1218,779,100,79,90,6,5,0
811,1218,779,100,79,90,6,5,0
812,1218,779,100,79,90,6,5,0
813,1218,780,100,79,90,6,5,0
814,1218,779,100,79,90,6,5,0
815,1218,779,100,79,90,6,5,0
816,1215,778,102,81,90,6,5,1
817,1215,778,102,80,90,6,5,1
818,1217,779,101,81,90,6,5,1
819,1217,779,101,80,90,6,5,1
820,1217,779,101,80,90,6,5,1
821,1217,779,101,80,90,6,5,1
822,1217,779,101,80,90,6,5,0
823,1217,779,101,80,90,6,5,0
824,1217,779,101,80,90,6,5,0
825,1218,780,102,80,90,6,5,0
826,1217,779,102,80,90,6,5,0
827,1217,779,101,80,90,6,5,0
828,1218,779,100,80,90,6,5,0
829,1217,779,101,80,90,6,5,1
830,1217,779,101,81,90,6,5,1
831,1218,779,100,81,90,6,5,1
832,1218,779,100,81,90,6,5,1
833,1218,779,100,81,90,6,5,1
834,1218,779,100,81,90,6,5,1
835,1217,779,100,82,90,6,5,1
836,1217,779,100,81,90,6,5,0
837,1218,780,100,80,90,6,5,0
838,1218,779,99,80,90,6,5,0
839,1218,779,99,80,90,6,5,1
840,1218,778,100,82,90,6,5,1
841,1222,781,97,79,90,6,5,2
842,1221,782,97,79,90,6,5,2
843,1218,778,100,82,90,6,5,1
844,1218,779,100,82,90,6,5,2
845,1222,782,97,78,90,6,5,2
846,1223,782,95,77,90,6,5,2
847,1218,780,99,80,90,6,5,1
848,1218,780,99,80,90,6,5,1
849,1218,780,99,80,90,6,5,1
850,1220,780,97,79,90,6,5,1
851,1219,780,98,80,90,6,5,1
852,1221,782,98,77,90,6,5,1
853,1220,782,98,77,90,6,5,2
854,1221,782,98,77,90,6,5,3
855,1227,783,92,76,90,6,5,3
856,1227,783,92,76,90,6,5,2
857,1227,784,91,76,90,6,5,1
858,1220,782,97,77,90,6,5,1
859,1220,782,97,77,90,6,5,1
860,1219,782,98,77,90,6,5,1
861,1220,781,98,78,90,6,5,1
862,1224,783,95,76,90,6,5,1
863,1220,782,98,77,90,6,5,1
864,1223,782,96,77,90,6,5,1
865,1223,782,96,77,90,6,5,0
866,1223,782,96,78,90,6,5,0
867,1223,782,95,78,90,6,5,0
868,1223,782,95,78,90,6,5,0
869,1223,782,96,78,90,6,5,0
870,1223,782,95,77,90,6,5,0
871,1224,783,95,77,90,6,5,0
872,1223,782,95,77,90,6,5,0
873,1223,782,96,77,90,6,5,0
874,1220,781,99,79,90,6,5,0
875,1223,782,95,77,90,6,5,0
876,1224,783,95,77,90,6,5,1
877,1220,782,98,78,90,6,5,2
878,1220,782,98,78,90,6,5,2
879,1220,781,99,79,90,6,5,1
880,1223,782,95,78,90,6,5,1
881,1223,782,96,78,90,6,5,1
882,1224,783,95,77,90,6,5,2
883,1223,781,96,79,90,6,5,2
884,1223,781,96,78,90,6,5,2
885,1220,781,99,79,90,6,5,1
886,1223,782,96,78,90,6,5,1
887,1222,781,96,78,90,6,5,0
888,1219,781,100,79,90,6,5,0
889,1221,781,98,78,90,6,5,0
890,1219,781,99,78,90,6,5,0
891,1219,781,100,79,90,6,5,0
892,1220,782,98,78,90,6,5,0
893,1215,781,102,78,90,6,5,0
894,1219,782,98,77,90,6,5,0
895,1219,781,98,78,90,6,5,0
896,1219,780,99,79,90,6,5,0
910,1228,785,92,74,90,6,5,0
911,1223,782,96,77,90,6,5,0
920,1228,786,91,75,90,6,5,0
921,1228,786,91,75,90,6,5,0
922,1228,785,91,75,90,6,5,0
923,1227,785,91,76,90,6,5,1
924,1226,784,93,77,90,6,5,1
925,1221,783,97,77,90,6,5,0
926,1222,783,97,77,90,6,5,0
927,1222,784,96,76,90,6,5,0
928,1225,783,94,77,90,6,5,0
929,1226,784,93,77,90,6,5,0
930,1226,784,93,77,90,6,5,0
931,1226,784,93,77,90,6,5,0
932,1225,784,93,77,90,6,5,0
933,1225,784,94,77,90,6,5,0
934,1219,780,99,80,90,6,5,1
935,1220,780,98,80,90,6,5,0
936,1219,781,99,80,90,6,5,0
937,1220,780,99,80,90,6,5,0
938,1225,782,93,78,90,6,5,1
939,1226,782,93,78,90,6,5,1
940,1226,782,93,78,90,6,5,1
941,1226,783,93,77,90,6,5,1
942,1226,783,93,77,90,6,5,1
943,1227,783,92,77,90,6,5,1
944,1227,783,93,77,90,6,5,0
945,1227,784,93,76,90,6,5,0
946,1226,783,93,78,90,6,5,0
947,1225,782,94,79,90,6,5,0
948,1227,785,91,76,90,6,5,0
949,1228,785,91,76,90,6,5,0
950,1227,784,91,76,90,6,5,0
951,1227,784,91,77,90,6,5,0
952,1227,784,91,77,90,6,5,0
953,1226,784,92,77,90,6,5,0
954,1226,784,92,77,90,6,5,0
955,1226,784,92,77,90,6,5,0
956,1226,783,92,78,90,6,5,0
957,1224,783,94,77,90,6,5,1
958,1222,781,96,77,90,6,5,3
959,1221,781,96,78,90,6,5,5
960,1226,784,94,75,90,6,5,7
961,1225,783,95,76,90,6,5,7
962,1225,783,94,75,90,6,5,6
963,1225,784,94,75,90,6,5,4
964,1226,784,94,74,90,6,5,2
965,1225,784,94,75,90,6,5,2
966,1225,784,94,75,90,6,5,1
967,1226,784,94,74,90,6,5,1
968,1221,780,98,79,90,6,5,2
969,1221,780,99,79,90,6,5,2
970,1221,781,98,78,90,6,5,2
971,1221,781,98,78,90,6,5,3
972,1220,780,99,79,90,6,5,3
973,1220,780,99,79,90,6,5,2
974,1220,780,99,79,90,6,5,1
975,1222,780,97,79,90,6,5,0
976,1220,780,99,80,90,6,5,0
977,1220,780,98,79,90,6,5,0
978,1220,780,98,80,90,6,5,1
979,1221,780,97,80,90,6,5,1
980,1221,780,97,80,90,6,5,1
981,1221,780,97,80,90,6,5,0
982,1220,780,97,80,90,6,5,0
983,1220,780,97,80,90,6,5,0
984,1219,780,98,80,90,6,5,0
985,1220,780,98,80,90,6,5,0
986,1220,780,97,79,90,6,5,0
987,1220,780,97,79,90,6,5,0
988,1220,780,97,79,90,6,5,0
989,1221,781,97,78,90,6,5,0
990,1221,781,97,78,90,6,5,0
991,1221,781,97,78,90,6,5,0
992,1221,781,96,78,90,6,5,0
993,1221,781,97,78,90,6,5,0
994,1221,781,97,79,90,6,5,0
995,1221,781,97,79,90,6,5,1
996,1222,781,96,78,90,6,5,1
997,1222,781,96,78,90,6,5,1
998,1227,785,91,75,90,6,5,2
999,1227,785,91,75,90,6,5,3
1000,1228,785,90,74,90,6,5,4
1001,1228,785,90,74,90,6,5,3
1002,1228,785,90,74,90,6,5,3
1003,1228,785,90,74,90,6,5,2
1004,1228,785,90,74,90,6,5,1
1005,1228,786,90,74,90,6,5,1
1006,1228,786,90,74,90,6,5,1
1007,1228,786,90,74,90,6,5,1
1008,1222,779,95,79,90,6,5,1
1009,1222,779,95,79,90,6,5,0
1010,1222,779,95,79,90,6,5,0
1011,1222,779,95,79,90,6,5,0
1012,1222,779,96,80,90,6,5,0
1013,1222,780,95,79,90,6,5,0
1014,1222,779,95,79,90,6,5,0
1015,1223,778,94,80,90,6,5,0
1016,1224,778,93,80,90,6,5,1
1017,1224,778,94,81,90,6,5,0
1018,1223,778,95,81,90,6,5,1
1019,1223,778,96,82,90,6,5,1
1020,1224,779,93,79,90,6,5,1
1021,1223,780,94,79,90,6,5,1
1022,1223,779,94,80,90,6,5,2
1023,1223,780,94,79,90,6,5,2
1024,1224,778,93,80,90,6,5,2
1025,1223,778,94,80,90,6,5,1
1026,1221,777,96,81,90,6,5,1
1027,1220,778,98,80,90,6,5,0
1028,1221,779,97,80,90,6,5,1
1029,1221,780,97,79,90,6,5,1
1030,1221,779,98,80,90,6,5,2
1031,1224,783,95,76,90,6,5,2
1032,1219,777,98,83,90,6,5,3
1033,1219,777,98,82,90,6,5,3
1034,1218,780,99,79,90,6,5,2
1035,1229,783,90,77,90,6,5,2
1036,1229,784,89,76,90,6,5,1
1037,1226,784,93,76,90,6,5,1
1038,1223,782,95,78,90,6,5,2
1039,1227,783,92,76,90,6,5,2
1040,1230,784,88,76,90,6,5,1
1041,1229,783,90,77,90,6,5,1
1042,1229,784,90,76,90,6,5,2
1043,1227,783,92,76,90,6,5,2
1044,1231,786,88,74,90,6,5,2
1045,1228,783,91,77,90,6,5,1
1046,1227,782,92,78,90,6,5,1
1047,1228,782,91,78,90,6,5,1
1048,1231,782,88,77,90,6,5,2
1049,1234,781,86,78,90,6,5,3
1050,1236,781,83,78,90,6,5,4
1051,1234,782,85,77,90,6,5,5
1052,1237,784,82,76,90,6,5,3
1053,1234,783,85,77,90,6,5,3
1054,1234,783,86,77,90,6,5,2
1055,1233,783,86,77,90,6,5,2
1056,1230,782,89,77,90,6,5,1
1057,1232,782,88,77,90,6,5,1
1058,1233,782,87,77,90,6,5,1
1059,1237,783,81,77,90,6,5,2
1060,1237,784,81,76,90,6,5,1
1061,1238,785,79,74,90,6,5,1
1062,1238,785,79,75,90,6,5,0
1063,1238,785,80,75,90,6,5,0
1064,1238,785,80,75,90,6,5,0
1065,1237,786,80,73,90,6,5,0
1066,1238,786,79,74,90,6,5,0
1067,1238,785,80,74,90,6,5,0
1068,1234,786,84,73,90,6,5,0
1069,1234,786,83,73,90,6,5,0
1070,1235,786,82,73,90,6,5,4
1071,1202,780,116,81,90,6,5,9
1072,1203,780,114,81,90,6,5,14
1073,1205,780,113,81,90,6,5,16
1074,1204,780,114,81,90,6,5,17
1075,1204,780,114,81,90,6,5,14
1076,1205,780,113,81,90,6,5,13
1077,1233,783,85,77,90,6,5,11
1078,1233,783,86,77,90,6,5,14
1079,1233,783,86,77,90,6,5,16
1080,1215,781,103,79,90,6,5,17
1081,1234,784,85,76,90,6,5,14
1082,1233,784,86,76,90,6,5,9
1083,1233,784,86,76,90,6,5,5
1084,1232,784,86,76,90,6,5,3
1085,1233,784,86,76,90,6,5,1
1086,1233,784,85,76,90,6,5,1
1087,1234,784,85,76,90,6,5,0
1088,1234,784,85,76,90,6,5,0
1089,1234,783,85,76,90,6,5,0
1090,1236,786,82,75,90,6,5,0
1091,1232,782,87,77,90,6,5,1
1092,1231,782,89,77,90,6,5,2
1093,1232,782,88,77,90,6,5,2
1094,1234,782,86,77,90,6,5,3
1095,1233,782,87,77,90,6,5,2
1096,1233,782,87,76,90,6,5,2
1097,1231,781,88,77,90,6,5,1
1098,1234,782,85,77,90,6,5,2
1099,1230,781,89,78,90,6,5,3
1100,1229,781,91,78,90,6,5,3
1101,1230,784,89,75,90,6,5,3
1102,1229,784,90,74,90,6,5,2
1103,1229,786,90,73,90,6,5,2
1104,1228,784,91,75,90,6,5,1
1105,1226,784,91,75,90,6,5,1
1106,1229,786,89,73,90,6,5,1
1107,1224,782,94,77,90,6,5,2
1108,1223,783,95,76,90,6,5,3
1109,1222,782,95,77,90,6,5,4
1110,1221,782,96,77,90,6,5,5
1111,1219,781,98,78,90,6,5,5
1112,1220,780,96,79,90,6,5,5
1113,1218,780,98,80,90,6,5,4
1114,1219,779,98,81,90,6,5,3
1115,1221,779,96,80,90,6,5,1
1116,1222,776,96,83,90,6,5,1
1117,1222,775,95,84,90,6,5,1
1118,1242,791,75,69,90,6,5,1
1119,1222,775,95,85,90,6,5,2
1120,1221,776,96,83,90,6,5,2
1121,1221,780,96,80,90,6,5,4
1122,1241,792,76,69,90,6,5,7
1123,1241,791,76,69,90,6,5,9
1124,1241,791,76,69,90,6,5,10
1125,1241,791,76,69,90,6,5,9
1126,1242,791,76,69,90,6,5,9
1127,1241,791,76,69,90,6,5,7
1128,1242,792,75,69,90,6,5,4
1129,1242,792,74,69,90,6,5,2
1130,1242,792,74,68,90,6,5,1
1131,1242,792,75,68,90,6,5,1
1132,1243,792,75,68,90,6,5,1
1133,1243,792,75,68,90,6,5,2
1134,1243,792,75,68,90,6,5,3
1135,1243,792,75,68,90,6,5,3
1136,1242,792,75,67,90,6,5,2
1137,1242,792,76,67,90,6,5,1
1138,1241,792,76,67,90,6,5,0
1139,1242,791,77,68,90,6,5,0
1140,1242,792,77,67,90,6,5,2
1141,1231,789,87,71,90,6,5,3
1142,1231,789,88,71,90,6,5,4
1143,1231,788,88,71,90,6,5,4
1144,1231,789,88,71,90,6,5,5
1145,1230,788,89,71,90,6,5,5
1146,1230,788,89,71,90,6,5,3
1147,1231,788,88,71,90,6,5,2
1148,1232,789,87,71,90,6,5,1
1149,1231,789,88,71,90,6,5,1
1150,1231,788,88,71,90,6,5,1
1151,1231,788,88,71,90,6,5,2
1152,1219,780,98,79,90,6,5,3
1153,1220,780,98,79,90,6,5,3
1154,1219,780,99,79,90,6,5,3
1155,1220,780,98,79,90,6,5,4
1156,1220,780,98,79,90,6,5,4
1157,1220,780,98,79,90,6,5,3
1158,1220,780,98,79,90,6,5,1
1159,1220,779,98,79,90,6,5,1
1160,1220,780,98,79,90,6,5,1
1161,1229,787,90,73,90,6,5,2
1162,1228,786,91,73,90,6,5,2
1163,1221,782,97,76,90,6,5,1
1164,1221,783,98,76,90,6,5,0
1165,1221,783,97,76,90,6,5,0
1166,1221,783,97,76,90,6,5,0
1167,1221,782,97,76,90,6,5,0
1168,1221,783,97,76,90,6,5,1
1169,1221,783,97,76,90,6,5,0
1170,1221,783,96,75,90,6,5,0
1171,1220,780,97,79,90,6,5,0
1172,1221,780,97,79,90,6,5,0
1173,1221,780,97,79,90,6,5,0
1174,1228,785,91,75,90,6,5,0
1175,1227,785,91,76,90,6,5,1
1176,1231,788,87,73,90,6,5,1
1177,1231,788,88,73,90,6,5,1
1178,1231,788,88,73,90,6,5,3
1179,1242,794,77,66,90,6,5,5
1180,1242,794,77,66,90,6,5,6
1181,1230,787,89,74,90,6,5,4
1182,1230,787,89,74,90,6,5,2
1183,1230,788,89,73,90,6,5,3
1184,1231,788,88,73,90,6,5,5
1185,1230,788,89,73,90,6,5,6
1186,1230,788,89,74,90,6,5,4
1187,1230,787,89,74,90,6,5,2
1188,1229,787,90,74,90,6,5,1
1189,1229,787,90,74,90,6,5,0
1190,1229,787,90,74,90,6,5,1
1191,1228,786,90,75,90,6,5,1
1192,1228,786,90,74,90,6,5,2
1193,1228,787,90,74,90,6,5,1
1194,1228,787,90,74,90,6,5,1
1195,1228,786,90,75,90,6,5,0
1196,1228,786,90,75,90,6,5,1
1197,1228,786,90,75,90,6,5,1
1198,1228,786,90,76,90,6,5,1
1199,1228,786,90,75,90,6,5,0
1200,1221,781,96,79,90,6,5,0
1201,1221,781,96,79,90,6,5,0
1202,1221,781,96,79,90,6,5,0
1203,1221,781,96,79,90,6,5,0
1204,1221,781,96,78,90,6,5,0
1205,1221,781,96,79,90,6,5,1
1206,1242,793,75,68,90,6,5,3
1207,1242,793,75,68,90,6,5,5
1208,1242,793,75,68,90,6,5,6
1209,1242,793,75,68,90,6,5,6
1210,1241,793,76,68,90,6,5,6
1211,1241,793,75,68,90,6,5,5
1212,1232,789,86,71,90,6,5,3
1213,1240,792,77,68,90,6,5,3
1214,1233,789,86,71,90,6,5,3
1215,1231,789,87,72,90,6,5,3
1216,1232,789,86,72,90,6,5,2
1217,1232,789,86,71,90,6,5,2
1218,1232,789,87,72,90,6,5,1
1219,1231,788,87,72,90,6,5,1
1220,1231,788,88,72,90,6,5,1
1221,1231,788,88,72,90,6,5,1
1222,1230,788,88,73,90,6,5,1
1223,1230,788,88,73,90,6,5,2
1224,1241,793,76,68,90,6,5,4
1225,1241,792,76,68,90,6,5,4
1226,1241,792,76,68,90,6,5,5
1227,1241,792,76,68,90,6,5,5
1228,1241,792,76,68,90,6,5,5
1229,1241,792,76,68,90,6,5,4
1230,1241,792,76,68,90,6,5,3
1231,1241,793,76,68,90,6,5,3
1232,1241,793,76,68,90,6,5,2
1233,1241,793,76,68,90,6,5,2
1234,1241,793,76,68,90,6,5,2
1235,1241,793,76,68,90,6,5,2
1236,1239,792,77,69,90,6,5,1
1237,1239,792,77,69,90,6,5,0
1238,1239,792,78,69,90,6,5,0
1239,1239,792,78,69,90,6,5,0
1240,1239,792,78,69,90,6,5,0
1241,1239,792,78,69,90,6,5,0
1242,1239,792,78,69,90,6,5,0
1243,1239,792,78,69,90,6,5,0
1244,1239,792,78,69,90,6,5,0
1245,1239,792,77,69,90,6,5,0
1246,1239,792,78,69,90,6,5,0
1247,1239,792,78,69,90,6,5,0
1248,1239,792,78,69,90,6,5,1
1249,1239,792,78,69,90,6,5,2
1250,1230,788,88,73,90,6,5,3
1251,1230,788,88,73,90,6,5,2
1252,1231,788,88,73,90,6,5,2
1253,1231,788,88,73,90,6,5,1
1254,1231,788,87,72,90,6,5,1
1255,1231,788,88,72,90,6,5,1
1256,1231,788,88,73,90,6,5,1
1257,1231,788,88,73,90,6,5,0
1258,1232,789,87,72,90,6,5,0
1259,1231,788,88,73,90,6,5,0
1260,1230,786,88,74,90,6,5,1
1261,1223,781,95,79,90,6,5,2
1262,1223,781,95,79,90,6,5,2
1263,1223,781,94,79,90,6,5,2
1264,1223,780,94,80,90,6,5,1
1265,1223,780,95,80,90,6,5,1
1266,1223,780,95,79,90,6,5,1
1267,1223,780,95,79,90,6,5,0
1268,1223,781,94,79,90,6,5,0
1269,1223,781,95,79,90,6,5,0
1270,1223,781,94,79,90,6,5,0
1271,1223,780,94,80,90,6,5,0
1272,1230,788,88,73,90,6,5,0
1273,1230,788,88,73,90,6,5,0
1274,1230,788,88,73,90,6,5,0
1275,1222,784,95,77,90,6,5,0
1276,1230,788,87,73,90,6,5,0
1277,1231,788,88,73,90,6,5,0
1278,1231,788,87,73,90,6,5,0
1279,1230,788,88,73,90,6,5,1
1280,1231,788,88,73,90,6,5,1
1281,1229,786,89,75,90,6,5,2
1282,1229,787,89,74,90,6,5,0
1283,1229,787,89,74,90,6,5,0
1284,1223,782,94,77,90,6,5,0
1285,1223,782,94,77,90,6,5,0
1286,1223,782,94,77,90,6,5,0
1287,1223,782,94,77,90,6,5,1
1288,1223,782,94,77,90,6,5,1
1289,1224,782,94,77,90,6,5,1
1290,1224,783,94,77,90,6,5,0
1291,1223,782,94,77,90,6,5,0
1292,1223,782,94,77,90,6,5,0
1293,1223,783,94,77,90,6,5,0
1294,1224,783,94,76,90,6,5,0
1295,1224,782,94,77,90,6,5,0
1296,1224,783,94,76,90,6,5,0
1297,1224,783,94,76,90,6,5,1
1298,1224,783,94,76,90,6,5,1
1299,1224,783,94,76,90,6,5,1
1300,1224,783,94,76,90,6,5,0
1301,1224,783,94,76,90,6,5,1
1302,1227,784,92,76,90,6,5,1
1303,1224,783,94,77,90,6,5,1
1304,1224,783,94,76,90,6,5,1
1305,1227,784,92,76,90,6,5,1
1306,1227,784,92,76,90,6,5,1
1307,1227,784,92,76,90,6,5,1
1308,1228,784,91,76,90,6,5,1
1309,1228,784,91,75,90,6,5,2
1310,1228,784,91,76,90,6,5,2
1311,1228,784,91,75,90,6,5,2
1312,1228,784,91,75,90,6,5,2
1313,1228,784,91,75,90,6,5,1
1314,1228,784,91,76,90,6,5,0
1315,1228,784,91,75,90,6,5,0
1316,1228,784,91,75,90,6,5,0
1317,1228,784,91,75,90,6,5,0
1318,1228,784,91,76,90,6,5,0
1319,1228,784,91,75,90,6,5,0
1320,1228,785,91,75,90,6,5,1
1321,1228,785,91,75,90,6,5,1
1322,1228,785,91,75,90,6,5,1
1323,1228,785,91,75,90,6,5,1
1324,1224,784,94,75,90,6,5,1
1325,1224,784,93,75,90,6,5,0
1326,1224,784,94,75,90,6,5,0
1327,1224,784,94,75,90,6,5,0
1328,1224,784,94,75,90,6,5,0
1329,1224,784,94,75,90,6,5,0
1330,1224,784,94,75,90,6,5,1
1331,1223,783,95,77,90,6,5,3
1332,1221,782,96,79,90,6,5,4
1333,1221,782,96,79,90,6,5,5
1334,1221,782,96,79,90,6,5,4
1335,1221,781,96,79,90,6,5,3
1336,1222,781,96,79,90,6,5,2
1337,1222,781,96,79,90,6,5,2
1338,1222,781,96,79,90,6,5,1
1339,1221,781,96,79,90,6,5,1
1340,1222,781,96,79,90,6,5,0
1341,1222,781,96,79,90,6,5,0
1342,1222,781,96,79,90,6,5,0
1343,1222,781,96,79,90,6,5,0
1344,1221,782,96,78,90,6,5,0
1345,1221,782,96,78,90,6,5,0
1346,1221,782,96,78,90,6,5,0
1347,1221,782,96,77,90,6,5,0
1348,1221,782,96,77,90,6,5,0
1349,1221,783,96,77,90,6,5,0
1350,1221,783,96,77,90,6,5,0
1351,1221,782,96,77,90,6,5,0
1352,1221,782,96,77,90,6,5,0
1353,1221,782,96,77,90,6,5,0
1354,1221,782,96,77,90,6,5,0
1355,1221,782,96,77,90,6,5,0
1356,1220,783,98,77,90,6,5,0
1357,1220,783,98,77,90,6,5,0
1358,1220,783,97,77,90,6,5,0
1359,1220,783,97,77,90,6,5,0
1360,1220,783,97,77,90,6,5,0
1361,1220,783,97,77,90,6,5,0
1362,1220,783,97,77,90,6,5,0
1363,1220,783,97,77,90,6,5,0
1364,1220,783,97,77,90,6,5,0
1365,1220,783,98,77,90,6,5,0
1366,1220,783,98,77,90,6,5,1
1367,1220,783,98,77,90,6,5,2
1368,1229,786,91,74,90,6,5,3
1369,1229,786,91,74,90,6,5,4
1370,1229,786,91,74,90,6,5,3
1371,1229,786,91,74,90,6,5,2
1372,1220,783,98,77,90,6,5,1
1373,1231,787,88,73,90,6,5,1
1374,1231,787,88,73,90,6,5,1
1375,1231,787,88,73,90,6,5,1
1376,1233,788,86,72,90,6,5,2
1377,1233,788,86,72,90,6,5,2
1378,1233,788,86,72,90,6,5,2
1379,1234,788,85,72,90,6,5,2
1380,1222,781,96,79,90,6,5,3
1381,1222,781,96,79,90,6,5,4
1382,1222,781,96,79,90,6,5,4
1383,1226,785,93,75,90,6,5,4
1384,1222,781,96,79,90,6,5,4
1385,1222,781,96,79,90,6,5,3
1386,1222,781,96,79,90,6,5,2
1387,1221,781,96,79,90,6,5,1
1388,1225,784,94,75,90,6,5,1
1389,1225,784,94,76,90,6,5,2
1390,1225,784,94,76,90,6,5,5
1391,1233,788,86,72,90,6,5,9
1392,1241,789,77,70,90,6,5,10
1393,1241,789,77,70,90,6,5,10
1394,1241,789,77,70,90,6,5,10
1395,1240,789,78,71,90,6,5,9
1396,1240,789,78,70,90,6,5,7
1397,1242,790,76,69,90,6,5,4
1398,1242,790,76,69,90,6,5,2
1399,1242,790,76,69,90,6,5,1
1400,1242,790,76,69,90,6,5,1
1401,1243,791,74,69,90,6,5,1
1402,1243,791,74,69,90,6,5,2
1403,1242,791,75,69,90,6,5,3
1404,1238,789,81,72,90,6,5,5
1405,1236,789,83,72,90,6,5,5
1406,1236,789,83,72,90,6,5,4
1407,1234,788,85,72,90,6,5,3
1408,1235,788,84,72,90,6,5,2
1409,1234,788,84,72,90,6,5,1
1410,1234,788,85,72,90,6,5,1
1411,1233,788,86,73,90,6,5,0
1412,1232,788,86,73,90,6,5,1
1413,1232,788,87,73,90,6,5,1
1414,1232,788,87,73,90,6,5,3
1415,1232,788,88,72,90,6,5,3
1416,1217,782,101,77,90,6,5,4
1417,1217,782,101,77,90,6,5,3
1418,1229,786,90,74,90,6,5,2
1419,1229,786,90,74,90,6,5,1
1420,1230,787,89,74,90,6,5,2
1421,1229,786,90,74,90,6,5,3
1422,1230,786,90,74,90,6,5,3
1423,1228,785,91,75,90,6,5,2
1424,1228,785,91,75,90,6,5,1
1425,1229,785,91,75,90,6,5,1
1426,1229,785,91,75,90,6,5,0
1427,1229,785,91,75,90,6,5,1
1428,1230,787,89,73,90,6,5,1
1429,1230,787,90,73,90,6,5,1
1430,1230,787,90,73,90,6,5,1
1431,1229,785,90,75,90,6,5,0
1432,1229,786,90,75,90,6,5,1
1433,1229,786,90,74,90,6,5,1
1434,1229,786,90,74,90,6,5,1
1435,1229,786,89,74,90,6,5,0
1436,1229,786,89,74,90,6,5,0
1437,1229,786,89,74,90,6,5,0
1438,1230,786,89,74,90,6,5,0
1439,1230,786,89,74,90,6,5,0
1440,1232,787,87,73,90,6,5,0
1441,1229,785,89,75,90,6,5,0
1442,1230,786,88,74,90,6,5,0
1443,1231,786,88,74,90,6,5,0
1444,1232,787,87,73,90,6,5,0
1445,1232,787,86,73,90,6,5,0
1446,1233,787,85,72,90,6,5,1
1447,1234,788,84,72,90,6,5,1
1448,1233,787,85,72,90,6,5,1
1449,1233,787,85,72,90,6,5,1
1450,1234,788,85,72,90,6,5,1
1451,1229,785,89,76,90,6,5,2
1452,1221,779,96,79,90,6,5,4
1453,1221,780,96,79,90,6,5,6
1454,1221,780,96,79,90,6,5,8
1455,1220,780,97,79,90,6,5,6
1456,1220,780,97,79,90,6,5,4
1457,1221,780,97,79,90,6,5,2
1458,1221,780,96,79,90,6,5,1
1459,1221,780,96,79,90,6,5,0
1460,1221,780,96,79,90,6,5,0
1461,1222,778,95,81,90,6,5,1
1462,1222,779,95,82,90,6,5,1
1463,1222,779,95,81,90,6,5,1
1464,1228,784,91,75,90,6,5,1
1465,1228,784,91,75,90,6,5,1
1466,1228,784,91,75,90,6,5,2
1467,1228,784,91,76,90,6,5,3
1468,1228,784,91,76,90,6,5,3
1469,1228,784,91,76,90,6,5,3
1470,1228,784,91,76,90,6,5,2
1471,1228,784,91,76,90,6,5,2
1472,1228,784,91,76,90,6,5,1
1473,1228,784,91,76,90,6,5,1
1474,1228,784,91,76,90,6,5,0
1475,1228,784,91,76,90,6,5,0
1476,1228,784,91,76,90,6,5,0
1477,1228,784,91,76,90,6,5,0
1478,1228,784,91,76,90,6,5,1
1479,1228,783,91,77,90,6,5,1
1480,1228,783,91,77,90,6,5,1
1481,1227,783,91,77,90,6,5,1
1482,1227,783,91,77,90,6,5,1
1483,1227,783,91,76,90,6,5,1
1484,1222,780,96,80,90,6,5,1
1485,1225,783,94,77,90,6,5,1
1486,1225,783,94,77,90,6,5,1
1487,1222,779,96,80,90,6,5,2
1488,1226,784,93,76,90,6,5,2
1489,1226,783,92,78,90,6,5,2
1490,1227,783,91,78,90,6,5,1
1491,1225,783,94,77,90,6,5,1
1492,1225,783,93,78,90,6,5,1
1493,1225,784,93,77,90,6,5,0
1494,1225,783,93,77,90,6,5,0
1495,1225,784,93,77,90,6,5,0
1496,1227,783,91,78,90,6,5,0
1497,1227,783,91,78,90,6,5,0
1498,1227,783,91,78,90,6,5,0
1499,1227,783,91,78,90,6,5,1
1500,1231,788,88,72,90,6,5,2
1501,1228,784,92,76,90,6,5,3
1502,1228,784,92,76,90,6,5,3
1503,1228,784,92,75,90,6,5,4
1504,1228,784,92,75,90,6,5,3
1505,1227,783,92,76,90,6,5,3
1506,1227,783,92,76,90,6,5,2
1507,1227,784,92,76,90,6,5,1
1508,1227,783,92,76,90,6,5,1
1509,1227,783,92,76,90,6,5,0
1510,1227,784,91,76,90,6,5,0
1511,1228,784,91,76,90,6,5,0
1512,1227,784,92,75,90,6,5,0
1513,1227,784,92,75,90,6,5,0
1514,1227,784,92,75,90,6,5,0
1515,1227,784,92,75,90,6,5,0
1516,1227,784,92,75,90,6,5,0
1517,1227,784,92,75,90,6,5,0
1518,1227,784,92,75,90,6,5,0
1519,1227,784,92,75,90,6,5,0
1520,1227,783,92,75,90,6,5,0
1521,1227,783,92,76,90,6,5,0
1522,1227,784,92,75,90,6,5,0
1523,1227,784,92,75,90,6,5,0
1524,1227,784,92,75,90,6,5,0
1525,1227,784,92,75,90,6,5,1
1526,1228,785,91,74,90,6,5,1
1527,1228,785,91,75,90,6,5,1
1528,1227,784,92,75,90,6,5,0
1529,1227,784,92,75,90,6,5,0
1530,1228,785,91,74,90,6,5,0
1531,1227,784,91,75,90,6,5,0
1532,1228,784,91,75,90,6,5,0
1533,1228,785,91,75,90,6,5,0
1534,1227,784,91,75,90,6,5,0
1535,1228,784,91,75,90,6,5,0
1536,1228,786,90,74,90,6,5,1
1537,1228,785,90,74,90,6,5,0
1538,1228,785,91,75,90,6,5,0
1539,1228,785,91,75,90,6,5,0
1540,1228,785,91,75,90,6,5,0
1541,1228,785,91,75,90,6,5,0
1542,1228,785,91,75,90,6,5,0
1543,1228,785,91,75,90,6,5,0
1544,1228,785,90,74,90,6,5,0
1545,1228,785,91,75,90,6,5,0
1546,1228,785,91,75,90,6,5,0
1547,1228,785,91,75,90,6,5,0
1548,1228,785,91,75,90,6,5,0
1549,1228,785,91,75,90,6,5,1
1550,1228,785,91,75,90,6,5,3
1551,1229,784,90,74,90,6,5,4
1552,1230,785,89,74,90,6,5,4
1553,1229,784,91,75,90,6,5,3
1554,1229,785,90,74,90,6,5,2
1555,1229,785,90,75,90,6,5,1
1556,1229,784,90,75,90,6,5,1
1557,1229,784,90,75,90,6,5,1
1558,1229,785,90,75,90,6,5,1
1559,1228,784,90,76,90,6,5,1
1560,1231,787,87,72,90,6,5,0
1561,1231,787,87,72,90,6,5,0
1562,1231,787,87,72,90,6,5,1
1563,1231,787,87,72,90,6,5,2
1564,1231,786,87,72,90,6,5,3
1565,1231,786,87,73,90,6,5,2
1566,1232,787,87,72,90,6,5,1
1567,1231,787,88,72,90,6,5,0
1568,1230,786,88,73,90,6,5,0
1569,1230,787,88,72,90,6,5,0
1570,1231,787,88,72,90,6,5,0
1571,1232,788,87,71,90,6,5,0
1572,1235,789,84,70,90,6,5,1
1573,1232,788,86,71,90,6,5,2
1574,1242,791,77,67,90,6,5,4
1575,1240,789,77,69,90,6,5,6
1576,1240,789,77,69,90,6,5,5
1577,1242,791,77,67,90,6,5,5
1578,1240,789,77,69,90,6,5,3
1579,1241,789,77,69,90,6,5,2
1580,1240,789,77,69,90,6,5,1
1581,1240,789,77,69,90,6,5,0
1582,1241,789,77,69,90,6,5,0
1583,1241,789,77,70,90,6,5,1
1584,1241,790,76,69,90,6,5,2
1585,1241,790,76,69,90,6,5,4
1586,1230,786,89,73,90,6,5,6
1587,1229,785,89,74,90,6,5,5
1588,1241,790,76,69,90,6,5,4
1589,1241,790,76,69,90,6,5,2
1590,1241,790,76,69,90,6,5,2
1591,1241,790,76,69,90,6,5,3
1592,1241,790,76,69,90,6,5,3
1593,1241,790,76,69,90,6,5,2
1594,1241,790,77,69,90,6,5,1
1595,1241,790,77,69,90,6,5,2
1596,1233,788,86,71,90,6,5,2
1597,1233,788,86,71,90,6,5,3
1598,1233,788,86,71,90,6,5,3
1599,1233,788,85,71,90,6,5,3
1600,1233,788,86,71,90,6,5,2
1601,1232,787,86,71,90,6,5,1
1602,1231,787,87,72,90,6,5,0
1603,1231,787,87,71,90,6,5,0
1604,1231,787,88,72,90,6,5,0
1605,1230,787,88,72,90,6,5,0
1606,1231,787,87,71,90,6,5,0
1607,1230,786,88,72,90,6,5,0
1608,1230,787,88,72,90,6,5,0
1609,1231,787,87,71,90,6,5,0
1610,1231,787,88,72,90,6,5,0
1611,1230,787,88,72,90,6,5,0
1612,1232,787,86,71,90,6,5,0
1613,1232,787,86,71,90,6,5,0
1614,1231,787,87,71,90,6,5,0
1615,1231,787,87,72,90,6,5,0
1616,1231,787,87,72,90,6,5,0
1617,1231,787,87,72,90,6,5,1
1618,1231,787,88,72,90,6,5,2
1619,1230,787,88,72,90,6,5,2
1620,1228,785,91,74,90,6,5,3
1621,1228,785,91,74,90,6,5,3
1622,1228,785,91,74,90,6,5,3
1623,1228,785,90,74,90,6,5,2
1624,1228,785,90,74,90,6,5,1
1625,1228,785,90,74,90,6,5,1
1626,1228,785,90,74,90,6,5,1
1627,1228,786,90,73,90,6,5,1
1628,1220,780,97,78,90,6,5,2
1629,1220,780,97,78,90,6,5,2
1630,1220,781,97,78,90,6,5,2
1631,1228,786,91,73,90,6,5,2
1632,1228,786,91,74,90,6,5,2
1633,1218,780,99,79,90,6,5,2
1634,1218,780,99,79,90,6,5,1
1635,1218,779,99,80,90,6,5,1
1636,1218,779,99,80,90,6,5,1
1637,1218,779,99,80,90,6,5,1
1638,1218,780,99,79,90,6,5,1
1639,1218,780,99,79,90,6,5,1
1640,1218,780,99,78,90,6,5,1
1641,1218,780,99,78,90,6,5,0
1642,1218,780,99,78,90,6,5,0
1643,1218,780,99,78,90,6,5,0
1644,1219,778,98,80,90,6,5,1
1645,1219,778,98,80,90,6,5,1
1646,1219,778,99,80,90,6,5,1
1647,1219,778,99,80,90,6,5,0
1648,1219,780,98,79,90,6,5,0
1649,1220,780,97,79,90,6,5,0
1650,1220,780,97,78,90,6,5,0
1651,1220,780,97,78,90,6,5,0
1652,1220,780,97,78,90,6,5,0
1653,1220,780,97,78,90,6,5,0
1654,1220,781,97,78,90,6,5,0
1655,1220,781,97,78,90,6,5,0
835,1822,999,52,47,91,9,0,6
836,1822,999,53,47,91,9,0,4
837,1822,999,52,46,91,9,0,3
838,1822,999,52,47,91,9,0,1
839,1823,999,52,47,91,9,0,1
840,1822,998,52,47,91,9,0,0
841,1822,998,52,47,91,9,0,0
842,1822,998,52,47,91,9,0,0
843,1822,998,52,47,91,9,0,0
844,1822,998,52,47,91,9,0,1
845,1822,999,52,47,91,9,0,1
846,1822,999,52,47,91,9,0,1
847,1822,999,53,47,91,9,0,1
848,1822,999,52,47,91,9,0,1
849,1822,998,52,47,91,9,0,1
850,1822,999,53,47,91,9,0,1
851,1822,998,53,47,91,9,0,1
852,1822,998,53,47,91,9,0,1
853,1822,999,53,47,91,9,0,0
854,1822,998,53,47,91,9,0,1
855,1822,998,53,47,91,9,0,0
856,1822,998,53,47,91,9,0,1
857,1822,998,53,47,91,9,0,0
858,1822,999,53,47,91,9,0,1
859,1822,999,53,47,91,9,0,2
860,1822,999,52,47,91,9,0,3
861,1822,999,53,47,91,9,0,4
862,1821,999,54,47,91,9,0,4
863,1821,999,54,47,91,9,0,4
864,1822,999,53,47,91,9,0,3
865,1822,999,53,47,91,9,0,2
866,1822,999,53,47,91,9,0,1
867,1822,999,53,47,91,9,0,0
868,1822,999,53,47,91,9,0,0
869,1822,999,53,47,91,9,0,0
870,1822,999,53,47,91,9,0,1
871,1822,999,53,47,91,9,0,1
872,1822,999,53,47,91,9,0,1
873,1822,999,53,47,91,9,0,0
874,1822,999,53,47,91,9,0,0
875,1822,999,53,47,91,9,0,0
876,1822,999,53,47,91,9,0,0
877,1822,999,53,47,91,9,0,0
878,1822,999,53,47,91,9,0,0
879,1822,999,53,47,91,9,0,0
880,1822,999,53,47,91,9,0,0
881,1822,999,53,47,91,9,0,0
882,1822,999,53,47,91,9,0,0
883,1822,999,53,47,91,9,0,0
884,1822,999,53,47,91,9,0,0
885,1822,999,53,47,91,9,0,0
886,1822,999,53,47,91,9,0,0
887,1822,999,53,47,91,9,0,1
888,1822,999,54,46,91,9,0,2
889,1822,999,54,46,91,9,0,3
890,1822,999,54,46,91,9,0,3
891,1822,999,53,46,91,9,0,3
892,1822,999,53,46,91,9,0,2
893,1822,999,53,46,91,9,0,1
894,1822,999,53,46,91,9,0,0
895,1822,999,53,46,91,9,0,0
896,1822,999,53,46,91,9,0,0
897,1822,999,53,46,91,9,0,0
898,1822,999,53,46,91,9,0,0
899,1822,999,53,47,91,9,0,1
900,1821,999,54,47,91,9,0,1
901,1821,999,54,47,91,9,0,2
902,1821,999,54,47,91,9,0,2
903,1821,999,54,47,91,9,0,2
904,1821,999,54,47,91,9,0,2
905,1821,999,54,47,91,9,0,1
906,1821,999,54,47,91,9,0,1
907,1821,999,54,47,91,9,0,0
908,1821,999,54,47,91,9,0,0
909,1821,999,54,47,91,9,0,0
910,1822,999,54,46,91,9,0,1
911,1822,999,54,47,91,9,0,1
912,1821,999,54,46,91,9,0,1
913,1821,999,54,46,91,9,0,1
914,1821,999,54,46,91,9,0,0
915,1821,999,54,46,91,9,0,0
916,1821,999,54,46,91,9,0,0
917,1821,999,54,46,91,9,0,0
918,1821,999,54,46,91,9,0,0
919,1821,999,54,46,91,9,0,0
920,1821,999,54,46,91,9,0,0
921,1821,999,54,46,91,9,0,0
922,1821,999,54,47,91,9,0,0
923,1821,999,54,47,91,9,0,0
924,1821,999,54,46,91,9,0,0
925,1821,999,54,47,91,9,0,0
926,1821,999,54,47,91,9,0,0
927,1821,999,54,47,91,9,0,0
928,1821,999,53,47,91,9,0,0
929,1821,999,53,47,91,9,0,0
930,1821,999,53,47,91,9,0,0
931,1821,999,53,47,91,9,0,0
932,1821,998,53,47,91,9,0,0
933,1821,998,52,48,91,9,0,0
934,1822,998,52,47,91,9,0,1
935,1822,998,52,47,91,9,0,1
936,1822,998,52,47,91,9,0,1
937,1822,998,52,47,91,9,0,1
938,1822,998,52,47,91,9,0,1
939,1822,998,52,47,91,9,0,1
940,1822,998,52,47,91,9,0,0
941,1822,998,52,47,91,9,0,0
942,1822,998,52,47,91,9,0,0
943,1822,998,52,47,91,9,0,0
944,1822,998,52,47,91,9,0,0
945,1822,999,52,47,91,9,0,1
946,1822,998,52,47,91,9,0,0
947,1822,999,52,47,91,9,0,0
948,1822,998,53,47,91,9,0,0
949,1822,998,53,47,91,9,0,0
950,1822,998,53,47,91,9,0,1
951,1822,998,53,47,91,9,0,1
952,1822,998,53,47,91,9,0,1
953,1822,998,53,47,91,9,0,1
954,1822,998,54,47,91,9,0,0
955,1822,998,54,47,91,9,0,0
956,1822,998,54,47,91,9,0,0
957,1822,998,54,47,91,9,0,1
958,1822,999,53,46,91,9,0,1
959,1822,999,53,46,91,9,0,1
960,1821,999,54,46,91,9,0,1
961,1821,999,54,46,91,9,0,2
962,1821,999,54,47,91,9,0,2
963,1821,999,54,47,91,9,0,2
964,1821,999,54,47,91,9,0,2
965,1821,999,54,47,91,9,0,2
966,1821,999,53,47,91,9,0,1
967,1821,999,53,47,91,9,0,1
968,1822,999,53,47,91,9,0,1
969,1822,999,53,46,91,9,0,1
970,1822,999,53,46,91,9,0,1
971,1822,999,53,46,91,9,0,2
972,1822,999,53,46,91,9,0,1
973,1822,999,53,46,91,9,0,1
974,1822,999,53,46,91,9,0,1
975,1822,999,53,46,91,9,0,1
976,1822,999,53,46,91,9,0,0
977,1822,1000,53,46,91,9,0,0
978,1822,1000,54,46,91,9,0,0
979,1822,1000,53,46,91,9,0,0
980,1822,1000,53,46,91,9,0,0
981,1822,1000,53,46,91,9,0,0
982,1822,1000,53,46,91,9,0,0
983,1822,1000,53,46,91,9,0,0
984,1822,1000,53,46,91,9,0,0
985,1822,1000,53,46,91,9,0,1
986,1822,999,53,46,91,9,0,1
987,1822,1000,53,46,91,9,0,1
988,1822,1000,53,46,91,9,0,1
989,1822,1000,53,46,91,9,0,1
990,1822,1000,53,46,91,9,0,2
991,1822,999,53,46,91,9,0,2
992,1822,1000,53,46,91,9,0,1
993,1822,1000,53,46,91,9,0,0
994,1822,1000,53,46,91,9,0,0
995,1822,1000,53,46,91,9,0,1
996,1822,1000,52,46,91,9,0,1
997,1822,1000,52,46,91,9,0,2
998,1822,999,52,46,91,9,0,1
999,1822,999,52,46,91,9,0,1
1000,1822,999,52,47,91,9,0,0
1001,1822,999,53,47,91,9,0,0
1002,1822,999,53,47,91,9,0,0
1003,1822,999,53,47,91,9,0,0
1004,1822,999,53,47,91,9,0,0
1005,1822,999,53,47,91,9,0,0
1006,1822,999,53,47,91,9,0,0
1007,1822,999,53,47,91,9,0,0
1008,1822,1000,53,46,91,9,0,0
1009,1822,1000,53,46,91,9,0,0
1010,1822,1000,53,46,91,9,0,0
1011,1822,1000,53,46,91,9,0,0
1012,1822,1000,53,46,91,9,0,0
1013,1822,1000,53,46,91,9,0,0
1014,1822,1000,53,46,91,9,0,0
1015,1822,1000,53,46,91,9,0,0
1016,1822,1000,53,46,91,9,0,0
1017,1822,1000,53,46,91,9,0,0
1018,1822,1000,54,46,91,9,0,0
1019,1822,1000,53,46,91,9,0,0
1020,1822,1000,53,46,91,9,0,0
1021,1822,1000,53,46,91,9,0,0
1022,1822,1000,53,46,91,9,0,0
1023,1822,1000,53,46,91,9,0,0
1024,1822,1000,53,46,91,9,0,0
1025,1822,1000,53,46,91,9,0,0
1026,1822,1000,53,46,91,9,0,0
1027,1822,1000,52,46,91,9,0,0
1028,1822,1000,52,46,91,9,0,0
1029,1822,999,52,46,91,9,0,0
1030,1822,999,52,46,91,9,0,0
1031,1822,999,52,47,91,9,0,0
1032,1822,999,52,47,91,9,0,0
1033,1822,999,53,47,91,9,0,0
1034,1822,999,52,47,91,9,0,1
1035,1822,999,52,47,91,9,0,1
1036,1822,999,52,47,91,9,0,1
1037,1822,998,52,47,91,9,0,1
1038,1822,998,52,47,91,9,0,1
1039,1822,997,53,48,91,9,0,1
1040,1822,998,52,47,91,9,0,0
1041,1822,999,52,47,91,9,0,1
1042,1822,999,52,47,91,9,0,1
1043,1822,1000,52,46,91,9,0,1
1044,1822,999,53,47,91,9,0,1
1045,1822,1000,52,46,91,9,0,1
1046,1822,1000,52,46,91,9,0,1
1047,1822,999,52,46,91,9,0,1
1048,1822,999,52,47,91,9,0,0
1049,1822,999,51,47,91,9,0,0
1050,1822,999,51,47,91,9,0,0
1051,1822,998,51,47,91,9,0,0
1052,1822,998,52,48,91,9,0,0
1053,1822,997,53,48,91,9,0,0
1054,1822,998,52,47,91,9,0,0
1055,1822,999,51,47,91,9,0,1
1056,1822,999,52,46,91,9,0,2
1057,1822,998,55,47,91,9,0,1
1058,1822,998,56,47,91,9,0,1
1059,1822,999,55,47,91,9,0,0
1060,1822,999,54,47,91,9,0,0
1061,1822,999,53,47,91,9,0,1
1062,1822,999,53,47,91,9,0,2
1063,1823,999,53,47,91,9,0,2
1064,1823,999,53,47,91,9,0,2
1065,1823,999,53,47,91,9,0,1
1066,1822,999,53,47,91,9,0,1
1067,1822,998,54,48,91,9,0,0
1068,1822,998,54,48,91,9,0,0
1069,1822,997,54,49,91,9,0,1
1070,1822,997,54,48,91,9,0,1
1071,1821,998,55,48,91,9,0,1
1072,1822,997,54,48,91,9,0,1
1073,1822,998,54,48,91,9,0,1
1074,1822,998,54,48,91,9,0,1
1075,1822,999,54,47,91,9,0,1
1076,1822,999,54,47,91,9,0,1
1077,1822,999,54,47,91,9,0,1
1078,1822,999,54,47,91,9,0,0
1079,1822,999,54,47,91,9,0,1
1080,1822,998,54,47,91,9,0,1
1081,1822,998,53,47,91,9,0,1
1082,1822,998,52,48,91,9,0,0
1083,1822,998,52,48,91,9,0,0
1084,1822,998,52,47,91,9,0,0
1085,1822,998,52,47,91,9,0,0
1086,1822,998,51,47,91,9,0,0
1087,1822,998,51,47,91,9,0,0
1088,1822,998,51,47,91,9,0,0
1089,1822,998,51,47,91,9,0,0
1090,1822,998,51,47,91,9,0,0
1091,1822,998,52,47,91,9,0,0
1092,1822,999,51,46,91,9,0,0
1093,1821,998,53,46,91,9,0,1
1094,1822,998,53,47,91,9,0,1
1095,1822,998,53,47,91,9,0,1
1096,1822,998,54,47,91,9,0,0
1111,1822,998,53,47,91,9,0,0
1112,1822,998,53,47,91,9,0,0
1113,1822,998,53,47,91,9,0,0
1114,1822,998,52,47,91,9,0,0
1115,1822,998,52,47,91,9,0,0
1116,1822,999,53,47,91,9,0,0
1117,1822,999,53,47,91,9,0,1
1118,1822,999,53,47,91,9,0,1
1119,1822,999,53,47,91,9,0,1
1120,1822,999,53,47,91,9,0,1
1121,1822,999,52,46,91,9,0,1
1122,1822,999,52,46,91,9,0,2
1123,1823,999,52,46,91,9,0,2
1124,1823,999,52,46,91,9,0,2
1125,1822,999,52,46,91,9,0,1
1126,1822,999,52,46,91,9,0,1
1127,1822,999,52,46,91,9,0,1
1128,1822,999,52,47,91,9,0,1
1129,1822,999,52,47,91,9,0,1
1130,1823,999,52,47,91,9,0,0
1131,1822,998,52,47,91,9,0,0
1132,1822,998,52,47,91,9,0,0
1133,1822,998,52,47,91,9,0,0
1134,1822,998,52,47,91,9,0,1
1135,1822,998,52,47,91,9,0,0
1136,1822,998,53,47,91,9,0,0
1137,1822,998,53,47,91,9,0,0
1138,1822,998,53,47,91,9,0,0
1139,1822,998,53,47,91,9,0,0
1140,1822,998,53,47,91,9,0,1
1141,1822,999,53,47,91,9,0,2
1142,1822,999,53,47,91,9,0,3
1143,1822,999,53,47,91,9,0,2
1144,1822,999,53,47,91,9,0,2
1145,1822,999,53,47,91,9,0,1
1146,1822,999,53,47,91,9,0,1
1147,1822,999,53,47,91,9,0,0
1148,1821,999,53,47,91,9,0,0
1149,1821,999,53,47,91,9,0,0
1150,1822,999,53,47,91,9,0,0
1151,1822,999,53,47,91,9,0,0
1152,1822,999,53,47,91,9,0,0
1153,1822,999,53,47,91,9,0,0
1154,1822,999,53,47,91,9,0,0
1155,1822,999,53,47,91,9,0,0
1156,1822,999,53,47,91,9,0,0
1157,1822,999,53,47,91,9,0,0
1158,1822,999,53,47,91,9,0,1
1159,1822,998,54,47,91,9,0,2
1160,1822,998,54,47,91,9,0,2
1161,1822,999,53,46,91,9,0,1
1162,1822,999,53,46,91,9,0,2
1163,1822,999,53,46,91,9,0,2
1164,1822,999,52,46,91,9,0,1
1165,1822,999,52,46,91,9,0,1
1166,1822,999,52,46,91,9,0,1
1167,1822,999,52,46,91,9,0,1
1168,1822,999,52,46,91,9,0,0
1169,1822,999,52,46,91,9,0,1
1170,1822,999,52,46,91,9,0,1
1171,1822,999,52,47,91,9,0,2
1172,1822,999,52,47,91,9,0,2
1173,1822,999,52,47,91,9,0,3
1174,1822,999,52,47,91,9,0,3
1175,1822,999,52,47,91,9,0,2
1176,1822,999,52,47,91,9,0,1
1177,1822,999,52,47,91,9,0,0
1178,1822,999,52,47,91,9,0,0
1179,1822,999,52,47,91,9,0,0
1180,1822,999,52,47,91,9,0,0
1181,1822,999,52,47,91,9,0,0
1182,1822,999,52,47,91,9,0,0
1183,1822,999,52,47,91,9,0,0
1184,1822,999,52,47,91,9,0,0
1185,1822,999,52,47,91,9,0,0
1186,1822,999,52,47,91,9,0,0
1187,1822,999,52,47,91,9,0,0
1188,1821,999,53,47,91,9,0,0
1189,1821,999,53,47,91,9,0,0
1190,1821,999,53,47,91,9,0,1
1191,1822,999,53,47,91,9,0,1
1192,1822,999,53,47,91,9,0,1
1193,1822,999,53,47,91,9,0,1
1194,1822,999,53,47,91,9,0,1
1195,1822,999,53,47,91,9,0,1
1196,1822,999,53,47,91,9,0,1
1197,1822,999,53,47,91,9,0,0
1198,1822,999,53,47,91,9,0,1
1199,1822,999,53,47,91,9,0,2
1200,1822,999,52,47,91,9,0,3
1201,1822,999,52,47,91,9,0,3
1202,1821,999,52,47,91,9,0,2
1203,1822,999,52,47,91,9,0,2
1204,1822,999,52,47,91,9,0,2
1205,1822,999,52,47,91,9,0,2
1206,1821,999,53,47,91,9,0,1
1207,1821,999,53,47,91,9,0,1
1208,1821,999,53,47,91,9,0,0
1209,1821,999,53,47,91,9,0,0
1210,1821,999,53,47,91,9,0,0
1211,1821,999,53,47,91,9,0,0
1212,1821,999,52,47,91,9,0,0
1213,1821,999,52,47,91,9,0,0
1214,1821,999,52,47,91,9,0,0
1215,1821,999,52,47,91,9,0,0
1216,1821,999,52,47,91,9,0,0
1217,1821,999,52,47,91,9,0,0
1218,1821,999,52,47,91,9,0,0
1219,1821,999,52,47,91,9,0,0
1220,1821,999,52,47,91,9,0,0
1221,1821,999,52,47,91,9,0,0
1222,1821,999,52,47,91,9,0,0
1223,1821,999,52,47,91,9,0,0
1224,1822,999,52,47,91,9,0,0
1225,1822,999,52,47,91,9,0,0
1226,1822,999,52,47,91,9,0,0
1227,1822,999,52,47,91,9,0,0
1228,1822,999,52,48,91,9,0,0
1229,1822,999,52,48,91,9,0,0
1230,1822,999,52,48,91,9,0,0
1231,1822,999,52,48,91,9,0,0
1232,1822,999,52,48,91,9,0,0
1233,1822,999,52,48,91,9,0,0
1234,1822,999,52,48,91,9,0,0
1235,1822,999,52,48,91,9,0,0
1236,1821,999,52,47,91,9,0,0
1237,1821,999,52,47,91,9,0,0
1238,1821,999,52,47,91,9,0,0
1239,1821,999,52,47,91,9,0,0
1240,1821,999,52,47,91,9,0,0
1241,1821,999,52,47,91,9,0,0
1242,1821,999,52,47,91,9,0,0
1243,1821,999,52,47,91,9,0,0
1244,1821,999,52,47,91,9,0,0
1245,1821,999,52,47,91,9,0,0
1246,1821,999,52,47,91,9,0,0
1247,1821,999,52,47,91,9,0,0
1248,1821,999,52,47,91,9,0,0
1249,1821,999,52,47,91,9,0,0
1250,1821,999,53,47,91,9,0,0
1251,1821,999,53,47,91,9,0,0
1252,1821,999,53,47,91,9,0,0
1253,1821,999,53,47,91,9,0,0
1254,1821,999,53,47,91,9,0,0
1255,1821,999,53,47,91,9,0,0
1256,1821,999,53,47,91,9,0,0
1257,1821,999,53,47,91,9,0,0
1258,1821,999,53,48,91,9,0,0
1259,1821,999,53,48,91,9,0,1
1260,1822,999,52,47,91,9,0,2
1261,1822,999,52,46,91,9,0,4
1262,1822,999,53,47,91,9,0,4
1263,1822,999,53,47,91,9,0,5
1264,1822,999,53,47,91,9,0,4
1265,1822,999,53,47,91,9,0,3
1266,1822,999,53,47,91,9,0,1
1267,1822,999,53,47,91,9,0,1
1268,1822,999,53,47,91,9,0,0
1269,1822,999,53,47,91,9,0,0
1270,1821,999,53,47,91,9,0,0
1271,1822,999,53,47,91,9,0,0
1272,1822,999,53,46,91,9,0,0
1273,1822,999,53,47,91,9,0,0
1274,1822,999,53,47,91,9,0,1
1275,1822,999,53,47,91,9,0,1
1276,1822,999,53,47,91,9,0,1
1277,1822,999,53,47,91,9,0,0
1278,1822,999,53,47,91,9,0,1
1279,1822,999,53,47,91,9,0,1
1280,1822,998,53,47,91,9,0,1
1281,1822,999,53,47,91,9,0,1
1282,1822,999,53,47,91,9,0,1
1283,1822,999,53,47,91,9,0,1
1284,1822,999,53,47,91,9,0,1
1285,1822,999,52,47,91,9,0,1
1286,1822,999,52,47,91,9,0,1
1287,1822,999,52,47,91,9,0,1
1288,1822,999,52,46,91,9,0,0
1289,1822,999,52,46,91,9,0,0
1290,1822,999,52,47,91,9,0,0
1291,1822,999,52,47,91,9,0,0
1292,1822,999,52,47,91,9,0,0
1293,1822,999,53,47,91,9,0,0
1294,1822,999,53,47,91,9,0,0
1295,1822,999,53,47,91,9,0,0
1296,1821,999,53,47,91,9,0,0
1297,1821,999,53,47,91,9,0,0
1298,1822,999,53,47,91,9,0,0
1299,1822,999,52,47,91,9,0,0
1300,1823,999,52,46,91,9,0,1
1301,1823,999,52,46,91,9,0,2
1302,1823,999,52,46,91,9,0,2
1303,1823,999,51,46,91,9,0,2
1304,1823,1000,51,45,91,9,0,1
1305,1824,999,51,46,91,9,0,1
1306,1824,999,50,46,91,9,0,1
1307,1824,999,50,46,91,9,0,0
1308,1824,999,50,46,91,9,0,1
1309,1825,999,49,45,91,9,0,1
1310,1826,999,48,46,91,9,0,2
1311,1826,999,48,46,91,9,0,1
1312,1825,1000,48,45,91,9,0,0
1313,1826,1000,48,45,91,9,0,0
1314,1826,1000,47,45,91,9,0,0
1315,1828,1000,46,45,91,9,0,0
1316,1825,1000,49,45,91,9,0,0
1317,1825,1000,48,45,91,9,0,1
1318,1826,1000,48,45,91,9,0,1
1319,1824,1000,50,45,91,9,0,1
1320,1824,1000,50,45,91,9,0,1
1321,1825,1000,49,45,91,9,0,1
1322,1825,999,49,46,91,9,0,0
1323,1825,999,50,46,91,9,0,1
1324,1826,999,49,46,91,9,0,1
1325,1826,999,49,46,91,9,0,1
1326,1825,999,49,46,91,9,0,1
1327,1824,999,50,46,91,9,0,1
1328,1824,1000,50,46,91,9,0,2
1329,1825,1000,50,46,91,9,0,3
1330,1824,1000,50,46,91,9,0,3
1331,1823,1000,51,46,91,9,0,3
1332,1823,999,51,46,91,9,0,2
1333,1823,998,51,46,91,9,0,3
1334,1823,998,51,46,91,9,0,3
1335,1823,998,51,46,91,9,0,2
1336,1822,998,52,47,91,9,0,2
1337,1822,998,52,46,91,9,0,1
1338,1822,998,52,47,91,9,0,0
1339,1823,998,52,47,91,9,0,0
1340,1823,998,52,47,91,9,0,0
1341,1823,998,52,47,91,9,0,0
1342,1822,998,52,47,91,9,0,0
1343,1822,998,52,47,91,9,0,1
1344,1822,999,51,46,91,9,0,2
1345,1822,999,51,46,91,9,0,3
1346,1822,999,51,46,91,9,0,2
1347,1822,999,51,46,91,9,0,2
1348,1822,999,51,46,91,9,0,1
1349,1822,999,52,46,91,9,0,0
1350,1822,999,52,46,91,9,0,0
1351,1822,999,52,46,91,9,0,0
1352,1822,999,52,46,91,9,0,0
1353,1822,999,52,46,91,9,0,0
1354,1822,999,52,46,91,9,0,0
1355,1822,999,52,46,91,9,0,0
1356,1822,998,51,47,91,9,0,1
1357,1822,998,51,47,91,9,0,1
1358,1822,998,51,47,91,9,0,1
1359,1822,998,51,47,91,9,0,1
1360,1822,998,51,47,91,9,0,1
1361,1822,998,51,47,91,9,0,1
1362,1822,998,51,47,91,9,0,0
1363,1822,998,51,47,91,9,0,0
1364,1822,998,51,47,91,9,0,0
1365,1822,998,52,47,91,9,0,0
1366,1822,998,52,47,91,9,0,0
1367,1822,998,52,47,91,9,0,0
1368,1822,998,52,47,91,9,0,0
1369,1822,998,52,47,91,9,0,0
1370,1822,998,52,47,91,9,0,0
1371,1822,998,52,47,91,9,0,0
1372,1822,998,52,47,91,9,0,1
1373,1822,999,52,47,91,9,0,1
1374,1822,999,52,47,91,9,0,1
1375,1822,998,53,47,91,9,0,1
1376,1822,999,52,47,91,9,0,1
1377,1822,999,52,47,91,9,0,0
1378,1822,999,52,47,91,9,0,1
1379,1822,999,52,47,91,9,0,1
1380,1822,998,52,46,91,9,0,1
1381,1823,999,52,46,91,9,0,0
1382,1822,999,52,46,91,9,0,0
1383,1822,999,52,46,91,9,0,0
1384,1822,999,52,46,91,9,0,1
1385,1822,999,52,46,91,9,0,1
1386,1822,999,52,46,91,9,0,1
1387,1823,999,52,46,91,9,0,0
1388,1823,999,52,46,91,9,0,0
1389,1822,999,52,46,91,9,0,0
1390,1822,999,52,46,91,9,0,0
1391,1822,999,53,47,91,9,0,0
1392,1822,999,54,47,91,9,0,0
1393,1822,999,54,47,91,9,0,0
1394,1822,999,54,47,91,9,0,0
1395,1822,999,53,47,91,9,0,0
1396,1822,999,53,47,91,9,0,0
1397,1822,999,53,47,91,9,0,0
1398,1822,999,53,47,91,9,0,0
1399,1822,999,53,47,91,9,0,0
1400,1822,999,53,47,91,9,0,0
1401,1822,999,53,46,91,9,0,0
1402,1822,999,53,46,91,9,0,0
1403,1822,1000,53,46,91,9,0,0
1404,1822,999,53,47,91,9,0,0
1405,1822,999,53,47,91,9,0,0
1406,1822,999,53,47,91,9,0,0
1407,1822,999,53,47,91,9,0,0
1408,1822,999,53,46,91,9,0,0
1409,1822,999,53,47,91,9,0,0
1410,1822,999,53,46,91,9,0,0
1411,1822,999,52,46,91,9,0,0
1412,1822,999,52,47,91,9,0,0
1413,1822,999,52,47,91,9,0,0
1414,1822,999,52,46,91,9,0,0
1415,1822,999,52,47,91,9,0,0
1416,1822,999,52,47,91,9,0,1
1417,1822,999,52,47,91,9,0,1
1418,1822,999,52,47,91,9,0,1
1419,1822,999,52,47,91,9,0,2
1420,1822,999,52,47,91,9,0,2
1421,1822,1000,53,47,91,9,0,2
1422,1822,1000,53,47,91,9,0,2
1423,1822,1000,53,47,91,9,0,2
1424,1822,1000,53,47,91,9,0,1
1425,1822,1000,53,47,91,9,0,1
1426,1822,999,53,47,91,9,0,1
1427,1822,999,53,47,91,9,0,2
1428,1822,999,53,47,91,9,0,2
1429,1822,999,53,47,91,9,0,1
1430,1822,999,53,48,91,9,0,1
1431,1822,999,53,47,91,9,0,1
1432,1822,999,53,48,91,9,0,1
1433,1822,999,53,48,91,9,0,1
1434,1822,999,53,48,91,9,0,1
1435,1822,999,53,48,91,9,0,0
1436,1822,999,53,48,91,9,0,0
1437,1822,999,53,48,91,9,0,0
1438,1822,999,53,48,91,9,0,0
1439,1822,999,53,48,91,9,0,1
1440,1822,999,53,48,91,9,0,1
1441,1822,999,53,47,91,9,0,2
1442,1822,999,53,47,91,9,0,2
1443,1822,999,53,47,91,9,0,2
1444,1822,999,53,47,91,9,0,3
1445,1822,999,53,47,91,9,0,2
1446,1822,999,53,47,91,9,0,1
1447,1822,999,53,47,91,9,0,0
1448,1822,999,53,47,91,9,0,0
1449,1822,999,53,47,91,9,0,0
1450,1822,999,53,47,91,9,0,0
1451,1822,999,52,47,91,9,0,0
1452,1822,999,52,47,91,9,0,0
1453,1822,999,52,47,91,9,0,0
1454,1822,999,52,47,91,9,0,0
1455,1822,999,52,47,91,9,0,0
1456,1822,999,52,47,91,9,0,0
1457,1822,999,52,47,91,9,0,0
1458,1822,999,52,47,91,9,0,0
1459,1822,999,52,47,91,9,0,0
1460,1822,999,52,47,91,9,0,0
1461,1822,1000,53,47,91,9,0,0
1462,1822,1000,53,46,91,9,0,0
1463,1822,1000,53,46,91,9,0,1
1464,1822,999,53,46,91,9,0,2
1465,1822,999,53,46,91,9,0,2
1466,1822,999,53,46,91,9,0,2
1467,1822,999,53,46,91,9,0,2
1468,1822,999,53,46,91,9,0,1
1469,1822,999,53,46,91,9,0,1
1470,1822,999,53,46,91,9,0,2
1471,1822,1000,53,46,91,9,0,3
1472,1822,1000,53,46,91,9,0,3
1473,1822,1000,53,46,91,9,0,3
1474,1822,1000,53,46,91,9,0,2
1475,1822,1000,53,46,91,9,0,2
1476,1822,999,53,46,91,9,0,2
1477,1822,999,53,46,91,9,0,2
1478,1822,999,53,46,91,9,0,2
1479,1822,999,53,46,91,9,0,1
1480,1822,999,53,47,91,9,0,1
1481,1822,999,53,47,91,9,0,1
1482,1822,999,53,47,91,9,0,1
1483,1822,999,53,47,91,9,0,1
1484,1822,999,53,47,91,9,0,1
1485,1822,998,53,47,91,9,0,2
1486,1822,998,53,47,91,9,0,2
1487,1822,998,53,47,91,9,0,2
1488,1822,999,53,47,91,9,0,1
1489,1822,999,53,47,91,9,0,1
1490,1822,999,53,47,91,9,0,0
1491,1822,999,53,47,91,9,0,0
1492,1822,999,53,47,91,9,0,0
1493,1822,999,53,47,91,9,0,1
1494,1822,999,53,47,91,9,0,0
1495,1822,999,53,47,91,9,0,0
1496,1822,999,53,47,91,9,0,0
1497,1822,999,53,47,91,9,0,0
1498,1822,999,53,47,91,9,0,0
1499,1821,999,53,47,91,9,0,0
1500,1822,999,54,47,91,9,0,0
1501,1821,1000,53,46,91,9,0,0
1502,1822,1000,53,46,91,9,0,0
1503,1822,1000,53,46,91,9,0,1
1504,1822,1000,53,46,91,9,0,2
1505,1822,1000,53,47,91,9,0,2
1506,1822,1000,53,47,91,9,0,2
1507,1822,1000,53,47,91,9,0,1
1508,1822,1000,53,47,91,9,0,1
1509,1822,1000,53,47,91,9,0,1
1510,1822,1000,53,47,91,9,0,1
1511,1822,1000,53,47,91,9,0,1
1512,1822,999,53,47,91,9,0,2
1513,1822,999,53,47,91,9,0,1
1514,1822,999,53,47,91,9,0,1
1515,1821,999,53,48,91,9,0,0
1516,1821,999,53,48,91,9,0,0
1517,1821,999,53,48,91,9,0,0
1518,1821,999,53,47,91,9,0,1
1519,1821,999,53,48,91,9,0,1
1520,1821,999,53,48,91,9,0,1
1521,1822,999,53,47,91,9,0,1
1522,1822,999,53,47,91,9,0,0
1523,1822,999,53,48,91,9,0,0
1524,1822,999,53,47,91,9,0,0
1525,1822,999,53,47,91,9,0,0
1526,1822,999,53,47,91,9,0,0
1527,1822,999,53,47,91,9,0,0
1528,1822,999,53,47,91,9,0,0
1529,1822,999,53,47,91,9,0,0
1530,1822,999,53,47,91,9,0,0
1531,1822,999,53,47,91,9,0,0
1532,1821,999,53,48,91,9,0,0
1533,1821,999,53,48,91,9,0,0
1534,1821,999,53,48,91,9,0,0
1535,1822,999,53,48,91,9,0,0
1536,1821,999,53,47,91,9,0,0
1537,1821,999,53,47,91,9,0,0
1538,1821,999,53,47,91,9,0,0
1539,1821,999,53,47,91,9,0,0
1540,1822,999,53,47,91,9,0,0
1541,1821,999,53,47,91,9,0,0
1542,1822,999,53,47,91,9,0,0
1543,1822,999,53,47,91,9,0,0
1544,1822,999,53,47,91,9,0,0
1545,1822,999,53,47,91,9,0,0
1546,1822,999,53,47,91,9,0,0
1547,1822,999,53,47,91,9,0,0
1548,1821,999,53,47,91,9,0,1
1549,1821,999,53,47,91,9,0,0
1550,1821,999,53,47,91,9,0,1
1551,1822,1000,53,47,91,9,0,1
1552,1822,999,53,47,91,9,0,2
1553,1822,999,53,47,91,9,0,2
1554,1822,999,53,47,91,9,0,3
1555,1822,999,53,47,91,9,0,3
1556,1822,999,53,47,91,9,0,3
1557,1822,999,53,47,91,9,0,2
1558,1822,999,53,46,91,9,0,1
1559,1822,999,53,46,91,9,0,1
1560,1822,999,53,47,91,9,0,0
1561,1822,999,53,47,91,9,0,0
1562,1822,999,53,47,91,9,0,0
1563,1822,999,53,47,91,9,0,0
1564,1822,999,53,47,91,9,0,0
1565,1822,999,53,47,91,9,0,0
1566,1822,999,53,47,91,9,0,0
1567,1822,999,53,46,91,9,0,0
1568,1822,999,53,46,91,9,0,0
1569,1822,999,53,46,91,9,0,0
1570,1822,999,53,47,91,9,0,1
1571,1822,999,53,47,91,9,0,2
1572,1821,1000,54,46,91,9,0,3
1573,1821,1000,54,46,91,9,0,3
1574,1821,1000,54,46,91,9,0,3
1575,1821,1000,54,46,91,9,0,3
1576,1821,1000,54,46,91,9,0,2
1577,1821,1000,54,46,91,9,0,2
1578,1821,1000,53,46,91,9,0,1
1579,1821,999,53,46,91,9,0,1
1580,1821,1000,53,46,91,9,0,0
1581,1821,999,53,47,91,9,0,0
1582,1821,1000,54,46,91,9,0,0
1583,1821,1000,54,46,91,9,0,0
1584,1822,999,53,47,91,9,0,0
1585,1822,999,53,47,91,9,0,0
1586,1822,999,53,47,91,9,0,1
1587,1822,999,53,47,91,9,0,1
1588,1822,999,53,46,91,9,0,2
1589,1822,999,53,46,91,9,0,1
1590,1822,999,53,46,91,9,0,1
1591,1822,1000,53,46,91,9,0,0
1592,1822,1000,53,46,91,9,0,0
1593,1822,1000,53,46,91,9,0,0
1594,1822,999,53,46,91,9,0,0
1595,1821,999,53,46,91,9,0,0
1596,1821,1001,53,44,91,9,0,0
1597,1821,1001,53,44,91,9,0,0
1598,1821,1001,53,44,91,9,0,0
1599,1821,1001,53,44,91,9,0,1
1600,1821,1002,53,44,91,9,0,2
1601,1821,1002,53,44,91,9,0,2
1602,1821,1002,53,44,91,9,0,2
1603,1821,1002,53,44,91,9,0,2
1604,1821,1002,53,44,91,9,0,2
1605,1821,1002,52,44,91,9,0,1
1606,1821,1002,52,44,91,9,0,1
1607,1821,1002,52,44,91,9,0,1
1608,1821,1001,52,44,91,9,0,1
1609,1821,1002,52,44,91,9,0,0
1610,1821,1002,52,44,91,9,0,0
1611,1821,1002,52,44,91,9,0,0
1612,1821,1002,52,44,91,9,0,0
1613,1821,1002,52,44,91,9,0,0
1614,1821,1002,52,44,91,9,0,0
1615,1821,1002,52,44,91,9,0,0
1616,1821,1002,52,44,91,9,0,0
1617,1821,1002,52,44,91,9,0,0
1618,1821,1002,52,44,91,9,0,0
1619,1821,1002,52,44,91,9,0,0
1620,1821,1002,53,44,91,9,0,0
1621,1821,1002,53,44,91,9,0,0
1622,1821,1002,52,44,91,9,0,0
1623,1821,1002,52,44,91,9,0,0
1624,1821,1002,52,44,91,9,0,0
1625,1821,1002,52,44,91,9,0,0
1626,1821,1002,52,44,91,9,0,0
1627,1821,1002,52,44,91,9,0,1
1628,1822,1000,52,45,91,9,0,2
1629,1822,1000,52,45,91,9,0,2
1630,1822,1000,52,45,91,9,0,2
1631,1822,1000,52,45,91,9,0,1
1632,1822,1000,52,46,91,9,0,1
1633,1822,1000,52,46,91,9,0,1
1634,1822,1000,52,46,91,9,0,1
1635,1822,1000,52,46,91,9,0,1
1636,1822,999,52,46,91,9,0,0
1637,1822,1000,52,46,91,9,0,0
1638,1822,1000,52,46,91,9,0,0
1639,1822,1000,52,46,91,9,0,0
1640,1822,1000,53,46,91,9,0,1
1641,1822,1000,53,46,91,9,0,1
1642,1822,1000,53,46,91,9,0,1
1643,1822,1000,53,46,91,9,0,0
1644,1822,1000,52,46,91,9,0,0
1645,1822,1000,52,46,91,9,0,0
1646,1822,1000,52,46,91,9,0,0
1647,1822,1000,52,46,91,9,0,0
1648,1822,1000,52,46,91,9,0,0
1649,1822,1000,52,46,91,9,0,0
1650,1822,1000,52,46,91,9,0,0
1651,1822,1000,52,46,91,9,0,0
1652,1822,1000,52,46,91,9,0,0
1653,1822,1000,52,46,91,9,0,0
1654,1822,1000,52,46,91,9,0,0
1655,1822,1000,51,46,91,9,0,0
1656,1822,1000,52,46,91,9,0,0
1657,1822,1000,52,46,91,9,0,0
1658,1822,1000,52,46,91,9,0,0
1659,1822,1000,52,46,91,9,0,0
1660,1822,1000,52,46,91,9,0,0
1661,1822,1000,52,46,91,9,0,0
1662,1822,1000,53,46,91,9,0,0
1663,1822,1000,53,46,91,9,0,0
1664,1822,1000,53,45,91,9,0,0
1665,1822,1001,52,45,91,9,0,1
1666,1822,1001,52,45,91,9,0,1
1667,1823,1001,52,44,91,9,0,1
1680,1825,1000,49,45,91,9,0,1
1681,1826,1000,49,45,91,9,0,1
1682,1825,1000,49,46,91,9,0,0
1683,1824,1000,50,45,91,9,0,0
1684,1824,1000,51,46,91,9,0,0
1685,1824,1000,51,46,91,9,0,0
1686,1825,1000,50,46,91,9,0,0
1687,1824,999,50,46,91,9,0,0
1688,1823,1000,51,46,91,9,0,0
1689,1823,1000,51,46,91,9,0,0
1690,1823,1000,52,46,91,9,0,0
1691,1823,1000,52,46,91,9,0,0
1692,1823,999,52,47,91,9,0,0
1693,1823,999,51,47,91,9,0,0
1694,1823,999,51,47,91,9,0,0
1695,1823,999,51,47,91,9,0,0
1696,1823,1000,51,47,91,9,0,1
1697,1824,999,51,47,91,9,0,1
1698,1823,1000,51,47,91,9,0,1
1699,1823,1000,51,47,91,9,0,1
1700,1823,1000,51,47,91,9,0,0
1701,1823,1000,51,46,91,9,0,1
1702,1823,1000,52,46,91,9,0,1
1703,1823,1000,52,46,91,9,0,1
1704,1823,999,51,47,91,9,0,1
1705,1823,1000,51,47,91,9,0,1
1706,1823,999,51,47,91,9,0,1
1707,1823,999,52,47,91,9,0,1
1708,1823,999,52,47,91,9,0,0
1709,1823,999,52,47,91,9,0,1
1710,1823,999,52,47,91,9,0,1
1711,1823,999,52,47,91,9,0,1
1712,1823,999,52,47,91,9,0,1
1713,1823,999,52,47,91,9,0,1
1714,1822,999,52,47,91,9,0,2
1715,1822,999,52,47,91,9,0,2
1716,1822,999,52,47,91,9,0,1
1717,1822,999,52,47,91,9,0,1
1718,1822,999,53,47,91,9,0,0
1719,1822,999,53,47,91,9,0,0
1720,1822,999,53,47,91,9,0,0
1721,1822,999,53,47,91,9,0,0
1722,1822,999,53,47,91,9,0,0
1723,1822,999,53,47,91,9,0,0
1724,1822,999,53,47,91,9,0,0
1725,1822,999,53,47,91,9,0,0
1726,1822,999,53,47,91,9,0,0
1727,1822,999,53,47,91,9,0,1
1728,1822,1000,53,47,91,9,0,2
1729,1822,1000,53,47,91,9,0,2
1730,1822,1000,53,47,91,9,0,2
1731,1822,1000,53,47,91,9,0,3
1732,1821,1000,53,47,91,9,0,2
1733,1821,1000,53,47,91,9,0,2
1734,1821,1000,53,47,91,9,0,2
1735,1821,1000,53,47,91,9,0,1
1736,1821,1000,53,47,91,9,0,1
1737,1821,1000,53,47,91,9,0,0
1738,1821,1000,53,47,91,9,0,0
1739,1821,1000,53,47,91,9,0,0
1740,1821,1000,53,47,91,9,0,0
1741,1821,1000,53,47,91,9,0,0
1742,1821,1000,53,47,91,9,0,0
1743,1821,1000,53,47,91,9,0,0
1744,1821,1000,53,47,91,9,0,0
1745,1821,1000,53,47,91,9,0,0
1746,1821,1000,53,47,91,9,0,0
1747,1821,1000,53,47,91,9,0,1
1748,1821,1000,53,46,91,9,0,1
1749,1821,1000,53,46,91,9,0,2
1750,1822,999,52,47,91,9,0,2
1751,1822,999,52,47,91,9,0,2
1752,1822,999,52,47,91,9,0,2
1753,1822,999,52,47,91,9,0,2
1754,1822,999,52,47,91,9,0,1
1755,1822,999,52,47,91,9,0,1
1756,1822,999,52,47,91,9,0,0
1757,1822,999,52,47,91,9,0,0
1758,1822,999,52,47,91,9,0,0
1759,1822,999,52,47,91,9,0,0
1760,1822,1000,52,47,91,9,0,0
1761,1822,999,52,47,91,9,0,0
1762,1822,999,52,47,91,9,0,0
1763,1822,999,52,47,91,9,0,0
1764,1822,999,52,47,91,9,0,0
1765,1822,999,52,47,91,9,0,0
1766,1822,999,52,47,91,9,0,1
1767,1822,999,52,47,91,9,0,1
1768,1822,999,52,46,91,9,0,2
1769,1822,999,52,47,91,9,0,1
1770,1822,999,52,47,91,9,0,1
1771,1822,999,52,47,91,9,0,1
1772,1822,999,52,47,91,9,0,1
1773,1822,999,52,47,91,9,0,1
1774,1822,999,52,47,91,9,0,1
1775,1822,999,52,47,91,9,0,0
1776,1822,1001,52,45,91,9,0,0
1777,1822,1001,52,45,91,9,0,1
1778,1822,1000,52,45,91,9,0,1
1779,1822,1000,52,45,91,9,0,1
1780,1822,1000,52,45,91,9,0,1
1781,1822,1000,52,46,91,9,0,0
1782,1822,1000,52,46,91,9,0,0
1783,1822,1000,52,46,91,9,0,0
1784,1822,1000,52,46,91,9,0,1
1785,1822,1000,52,46,91,9,0,1
1786,1822,1000,52,46,91,9,0,2
1787,1822,999,52,46,91,9,0,1
1788,1822,999,52,47,91,9,0,2
1789,1822,999,52,48,91,9,0,1
1790,1822,999,52,47,91,9,0,1
1791,1822,999,52,47,91,9,0,2
1792,1822,999,52,47,91,9,0,1
1793,1822,999,52,47,91,9,0,1
1794,1822,999,52,47,91,9,0,1
1795,1822,999,52,47,91,9,0,1
1796,1822,998,53,47,91,9,0,1
1797,1822,999,52,47,91,9,0,1
1798,1822,998,52,47,91,9,0,2
1799,1822,998,52,47,91,9,0,2
1800,1822,998,53,48,91,9,0,1
1801,1822,998,53,48,91,9,0,2
1802,1822,998,53,48,91,9,0,1
1803,1822,998,53,47,91,9,0,1
1804,1822,998,53,47,91,9,0,0
1805,1822,998,53,47,91,9,0,0
1806,1822,998,53,48,91,9,0,0
1807,1822,998,53,48,91,9,0,0
1808,1822,998,53,48,91,9,0,0
1809,1822,998,53,48,91,9,0,0
1810,1822,998,53,48,91,9,0,0
1811,1822,998,53,48,91,9,0,0
1812,1821,999,54,47,91,9,0,0
1813,1821,999,53,47,91,9,0,0
1814,1822,999,53,47,91,9,0,0
1815,1822,999,52,46,91,9,0,0
1816,1822,999,52,46,91,9,0,0
1817,1823,1000,52,46,91,9,0,0
1818,1822,1000,52,46,91,9,0,0
1819,1822,1000,52,46,91,9,0,1
1820,1824,1000,50,46,91,9,0,4
1821,1827,1000,47,45,91,9,0,6
1822,1830,999,44,45,91,9,0,9
1823,1830,1000,44,45,91,9,0,12
1824,1830,999,44,44,91,9,0,16
1825,1831,999,42,45,91,9,0,15
1826,1831,999,43,44,91,9,0,11
1827,1830,999,44,44,91,9,0,7
1828,1830,1000,44,44,91,9,0,4
1829,1830,1000,43,44,91,9,0,3
1830,1835,1000,39,44,91,9,0,2
1831,1836,1000,38,44,91,9,0,3
1832,1832,1000,42,44,91,9,0,4
1833,1828,1000,45,45,91,9,0,4
1834,1827,1000,46,46,91,9,0,4
1835,1832,1000,42,45,91,9,0,5
1836,1830,1000,45,45,91,9,0,6
1837,1826,999,48,46,91,9,0,5
1838,1825,999,51,46,91,9,0,3
1839,1824,999,51,46,91,9,0,2
1840,1824,999,52,46,91,9,0,3
1841,1823,999,52,46,91,9,0,3
1842,1823,999,52,46,91,9,0,3
1843,1823,999,52,46,91,9,0,2
1844,1823,999,51,46,91,9,0,2
1845,1823,999,51,46,91,9,0,1
1846,1824,999,51,46,91,9,0,0
1847,1824,999,51,46,91,9,0,0
1848,1824,999,51,46,91,9,0,0
1849,1824,999,51,46,91,9,0,0
1850,1823,999,52,46,91,9,0,0
1851,1823,999,51,46,91,9,0,0
1852,1823,998,51,47,91,9,0,0
1853,1823,998,51,47,91,9,0,0
1854,1823,998,51,47,91,9,0,0
1855,1823,998,51,47,91,9,0,0
1856,1823,998,52,47,91,9,0,0
1857,1823,998,52,47,91,9,0,0
1858,1823,998,52,47,91,9,0,0
1859,1823,998,52,47,91,9,0,0
1860,1823,999,52,47,91,9,0,0
1861,1823,999,52,47,91,9,0,0
1862,1823,998,52,47,91,9,0,0
1863,1823,998,52,47,91,9,0,0
1864,1823,999,52,47,91,9,0,0
1865,1823,999,52,47,91,9,0,0
1866,1822,999,52,46,91,9,0,0
1867,1822,999,52,46,91,9,0,1
1868,1822,999,53,47,91,9,0,2
1869,1822,999,53,47,91,9,0,2
1870,1822,999,53,47,91,9,0,2
1871,1822,999,53,47,91,9,0,2
1872,1822,999,54,47,91,9,0,1
1873,1822,999,54,47,91,9,0,1
1874,1822,999,54,47,91,9,0,0
1875,1822,999,54,47,91,9,0,1
1876,1822,998,53,48,91,9,0,1
1877,1822,998,53,48,91,9,0,1
1878,1822,998,53,48,91,9,0,0
1879,1822,998,53,48,91,9,0,0
1880,1822,998,54,48,91,9,0,0
1881,1822,998,54,48,91,9,0,0
1882,1822,999,54,47,91,9,0,0
1883,1822,999,53,47,91,9,0,0
1884,1822,998,54,48,91,9,0,0
1885,1822,998,54,47,91,9,0,1
1886,1822,999,52,47,91,9,0,1
1887,1822,999,52,47,91,9,0,1
1888,1822,999,52,47,91,9,0,1
1889,1822,999,52,47,91,9,0,1
1890,1822,999,52,47,91,9,0,1
1891,1822,999,52,47,91,9,0,0
1892,1822,999,52,47,91,9,0,0
1893,1822,999,52,47,91,9,0,0
1894,1822,999,52,47,91,9,0,0
1895,1822,999,52,47,91,9,0,0
1896,1822,999,53,46,91,9,0,0
1897,1822,999,53,46,91,9,0,0
1898,1822,999,53,46,91,9,0,1
1899,1822,999,54,47,91,9,0,2
1900,1822,999,53,47,91,9,0,1
1901,1822,999,53,47,91,9,0,1
1902,1822,999,53,47,91,9,0,0
1903,1822,999,53,47,91,9,0,0
1904,1822,999,53,47,91,9,0,0
1905,1822,999,53,47,91,9,0,0
1906,1821,999,54,47,91,9,0,0
1907,1821,999,54,47,91,9,0,0
1908,1821,999,54,47,91,9,0,0
1909,1821,999,54,47,91,9,0,0
1910,1821,999,54,47,91,9,0,0
1911,1821,999,54,47,91,9,0,0
1912,1821,999,54,47,91,9,0,0
1913,1821,999,54,47,91,9,0,1
1914,1821,999,54,47,91,9,0,1
1915,1821,999,54,47,91,9,0,1
1916,1822,999,53,47,91,9,0,1
1917,1822,999,53,47,91,9,0,1
1918,1822,999,53,47,91,9,0,1
1919,1822,999,54,47,91,9,0,2
1920,1821,999,54,47,91,9,0,2
1921,1822,999,54,47,91,9,0,2
1922,1822,999,53,46,91,9,0,1
1923,1822,999,53,46,91,9,0,1
1924,1822,1000,53,46,91,9,0,1
1925,1822,999,54,46,91,9,0,1
1926,1821,1000,54,46,91,9,0,2
1927,1821,1000,54,47,91,9,0,3
1928,1821,1000,54,47,91,9,0,2
1929,1821,1000,54,46,91,9,0,3
1930,1821,1000,54,46,91,9,0,2
1931,1821,1000,54,46,91,9,0,2
1932,1821,1001,54,45,91,9,0,1
1933,1821,1001,54,45,91,9,0,1
1934,1821,1002,54,44,91,9,0,0
1935,1821,1001,54,45,91,9,0,1
1936,1821,1001,53,45,91,9,0,0
1937,1821,1002,53,45,91,9,0,1
1938,1821,1001,53,45,91,9,0,1
1939,1821,1002,53,45,91,9,0,1
1940,1821,1001,53,45,91,9,0,0
1941,1821,1001,53,45,91,9,0,1
1942,1821,1001,53,45,91,9,0,0
1943,1821,1001,53,45,91,9,0,1
1956,1822,1004,51,42,91,9,0,0
1957,1822,1004,51,42,91,9,0,0
1958,1821,1004,51,42,91,9,0,0
1959,1821,1004,51,42,91,9,0,0
1960,1822,1005,51,41,91,9,0,0
1961,1822,1005,51,41,91,9,0,1
1962,1822,1006,51,40,91,9,0,1
1963,1822,1006,51,40,91,9,0,1
1964,1822,1006,51,40,91,9,0,1
1965,1822,1006,51,40,91,9,0,0
1966,1821,1004,52,42,91,9,0,0
1967,1821,1004,52,43,91,9,0,0
1968,1821,1003,53,44,91,9,0,0
1969,1821,1003,53,44,91,9,0,0
1970,1821,1002,53,44,91,9,0,0
1971,1821,1003,53,44,91,9,0,0
1972,1821,1003,52,43,91,9,0,0
1973,1821,1003,52,44,91,9,0,0
1974,1821,1003,53,44,91,9,0,0
1975,1821,1003,53,44,91,9,0,0
1984,1821,1002,52,44,91,9,0,0
1985,1821,1001,52,44,91,9,0,0
1986,1821,1001,52,45,91,9,0,0
1987,1821,1000,52,46,91,9,0,0
1988,1821,1000,53,46,91,9,0,0
1989,1821,1000,53,46,91,9,0,0
1990,1821,999,53,47,91,9,0,0
1991,1821,999,53,46,91,9,0,0
1992,1821,1000,53,45,91,9,0,1
1993,1821,1000,52,45,91,9,0,1
1994,1821,1000,52,45,91,9,0,1
1995,1821,1000,53,45,91,9,0,1
1996,1821,1001,53,45,91,9,0,1
1997,1821,1001,53,45,91,9,0,1
1998,1821,1001,52,45,91,9,0,3
1999,1821,1001,53,44,91,9,0,4
2000,1821,1003,52,40,91,9,0,6
846,1688,926,24,20,92,6,1,5
847,1688,925,24,20,92,6,1,4
848,1688,925,24,20,92,6,1,5
849,1688,925,24,20,92,6,1,7
850,1688,925,24,20,92,6,1,7
851,1688,925,24,19,92,6,1,6
852,1688,925,24,20,92,6,1,4
853,1688,925,24,20,92,6,1,5
854,1688,926,24,20,92,6,1,6
855,1688,926,24,20,92,6,1,9
856,1688,926,24,19,92,6,1,9
857,1688,926,24,20,92,6,1,9
858,1688,925,25,20,92,6,1,6
859,1688,925,25,20,92,6,1,6
860,1688,926,24,19,92,6,1,5
861,1688,926,24,19,92,6,1,4
862,1687,926,24,19,92,6,1,3
863,1688,926,24,19,92,6,1,2
864,1687,925,25,20,92,6,1,1
865,1688,925,25,20,92,6,1,1
866,1688,925,25,20,92,6,1,1
867,1688,925,25,20,92,6,1,1
868,1688,925,25,20,92,6,1,0
869,1688,925,25,20,92,6,1,0
870,1688,925,25,20,92,6,1,0
871,1688,925,25,20,92,6,1,0
872,1688,925,25,20,92,6,1,0
873,1688,925,25,20,92,6,1,0
874,1688,925,25,20,92,6,1,0
875,1688,925,25,20,92,6,1,1
876,1688,925,25,20,92,6,1,1
877,1688,925,25,20,92,6,1,1
878,1688,925,25,20,92,6,1,0
879,1688,925,25,20,92,6,1,0
880,1688,925,25,20,92,6,1,0
881,1688,925,25,20,92,6,1,0
882,1688,925,25,20,92,6,1,0
883,1688,925,25,20,92,6,1,0
884,1688,925,25,20,92,6,1,0
885,1688,925,25,20,92,6,1,0
886,1688,925,25,20,92,6,1,0
887,1688,925,25,20,92,6,1,1
888,1688,926,24,19,92,6,1,1
889,1688,926,24,19,92,6,1,2
890,1688,926,24,19,92,6,1,2
891,1688,926,24,19,92,6,1,3
892,1688,926,24,19,92,6,1,2
893,1688,926,24,19,92,6,1,1
894,1688,926,24,19,92,6,1,0
895,1688,926,24,19,92,6,1,0
896,1688,926,24,19,92,6,1,0
897,1688,926,24,19,92,6,1,0
898,1688,926,24,19,92,6,1,0
899,1688,926,24,19,92,6,1,0
900,1688,926,24,19,92,6,1,0
901,1688,926,24,19,92,6,1,0
902,1688,926,24,19,92,6,1,0
903,1688,926,24,19,92,6,1,0
904,1688,926,24,19,92,6,1,0
905,1688,926,24,19,92,6,1,0
906,1688,926,24,19,92,6,1,0
907,1688,926,24,19,92,6,1,0
908,1688,926,24,19,92,6,1,0
909,1688,926,24,19,92,6,1,0
910,1688,926,24,19,92,6,1,1
911,1688,926,24,19,92,6,1,1
912,1688,926,24,19,92,6,1,2
913,1688,926,25,19,92,6,1,2
914,1687,926,25,19,92,6,1,3
915,1687,926,25,19,92,6,1,2
916,1687,926,25,19,92,6,1,1
917,1688,926,25,19,92,6,1,0
918,1688,926,25,19,92,6,1,0
919,1688,926,25,19,92,6,1,0
920,1687,926,25,19,92,6,1,0
921,1687,926,25,19,92,6,1,1
922,1687,926,25,20,92,6,1,2
923,1687,926,25,20,92,6,1,2
924,1688,926,24,19,92,6,1,3
925,1688,926,24,19,92,6,1,4
926,1689,926,24,19,92,6,1,5
927,1688,926,24,19,92,6,1,5
928,1689,926,23,20,92,6,1,5
929,1689,926,23,20,92,6,1,5
930,1690,926,22,19,92,6,1,5
849,0,609,51,70,93,6,11,13
850,0,611,90,76,93,6,11,13
851,1,614,127,80,93,6,11,13
852,42,620,121,81,93,6,11,13
853,80,628,116,79,93,6,11,13
854,117,635,111,76,93,6,11,13
855,152,642,106,76,93,6,11,13
856,185,652,102,70,93,6,11,13
857,218,657,100,70,93,6,11,13
858,248,664,99,66,93,6,11,13
859,279,670,95,66,93,6,11,13
860,308,676,93,63,93,6,11,13
861,336,677,90,65,93,6,11,13
862,361,689,87,57,93,6,11,13
863,388,691,84,59,93,6,11,13
864,414,688,83,66,93,6,11,14
865,439,692,80,64,93,6,11,14
866,465,699,77,60,93,6,11,14
867,491,708,77,55,93,6,11,15
868,518,713,74,54,93,6,11,15
869,542,721,72,50,93,6,11,15
870,565,720,72,55,93,6,11,15
871,589,721,66,56,93,6,11,15
872,611,735,63,44,93,6,11,15
873,632,732,59,49,93,6,11,16
874,652,735,57,49,93,6,11,16
875,671,730,57,54,93,6,11,17
876,688,737,56,49,93,6,11,18
877,705,739,57,48,93,6,11,18
878,722,742,55,47,93,6,11,18
879,738,745,55,46,93,6,11,18
880,755,747,56,46,93,6,11,18
881,772,747,56,49,93,6,11,18
882,789,751,55,47,93,6,11,18
883,803,752,56,47,93,6,11,17
884,819,755,54,47,93,6,11,17
885,833,754,53,49,93,6,11,17
886,848,764,52,42,93,6,11,16
887,863,762,54,47,93,6,11,16
888,879,767,53,45,93,6,11,16
889,896,778,53,37,93,6,11,16
890,913,779,52,38,93,6,11,17
891,930,784,51,37,93,6,11,17
892,946,786,49,37,93,6,11,18
893,962,785,48,40,93,6,11,19
894,979,778,47,50,93,6,11,20
895,995,781,47,50,93,6,11,21
896,1011,773,45,59,93,6,11,21
897,1024,782,47,53,93,6,11,20
900,1066,810,42,35,93,6,11,19
901,1079,812,43,36,93,6,11,19
902,1093,812,42,36,93,6,11,19
903,1106,807,42,44,93,6,11,18
904,1119,821,39,35,93,6,11,17
905,1133,809,40,51,93,6,11,18
906,1144,820,44,43,93,6,11,17
907,1156,828,42,37,93,6,11,17
908,1168,829,36,39,93,6,11,16
850,1891,1020,70,46,94,6,0,7
851,1891,1020,70,46,94,6,0,6
852,1892,1021,69,46,94,6,0,5
853,1892,1021,68,46,94,6,0,3
854,1892,1021,68,46,94,6,0,2
855,1892,1020,68,46,94,6,0,2
856,1892,1021,68,46,94,6,0,2
857,1892,1020,68,46,94,6,0,2
858,1892,1020,68,46,94,6,0,2
859,1892,1021,69,45,94,6,0,1
860,1892,1021,68,45,94,6,0,1
861,1892,1021,67,45,94,6,0,1
862,1892,1021,69,46,94,6,0,2
863,1892,1021,68,45,94,6,0,2
864,1891,1021,69,45,94,6,0,2
865,1891,1021,69,45,94,6,0,1
866,1892,1021,69,45,94,6,0,1
867,1892,1021,68,45,94,6,0,0
868,1892,1021,68,45,94,6,0,1
869,1892,1021,68,45,94,6,0,1
870,1892,1021,68,45,94,6,0,2
871,1892,1022,68,45,94,6,0,2
872,1892,1022,68,45,94,6,0,3
873,1892,1022,68,45,94,6,0,2
874,1892,1022,68,45,94,6,0,1
875,1892,1021,68,45,94,6,0,1
876,1892,1021,69,45,94,6,0,2
877,1892,1020,69,46,94,6,0,3
878,1892,1020,69,46,94,6,0,3
879,1892,1020,69,46,94,6,0,2
880,1891,1020,69,46,94,6,0,1
881,1891,1020,69,46,94,6,0,0
882,1891,1020,69,46,94,6,0,0
883,1891,1020,69,46,94,6,0,0
884,1892,1020,69,46,94,6,0,0
885,1892,1020,69,46,94,6,0,0
886,1892,1020,69,46,94,6,0,0
887,1892,1020,69,46,94,6,0,0
909,1563,880,50,47,95,4,5,21
910,1563,880,52,49,95,4,5,20
911,1565,883,54,48,95,4,5,21
912,1566,879,57,53,95,4,5,22
913,1564,878,63,55,95,4,5,24
914,1563,878,66,57,95,4,5,25
915,1563,879,69,58,95,4,5,26
916,1564,878,70,59,95,4,5,27
917,1565,879,73,61,95,4,5,28
918,1565,879,75,62,95,4,5,28
919,1562,881,82,61,95,4,5,27
920,1563,881,84,62,95,4,5,25
921,1564,882,88,63,95,4,5,25
922,1567,884,88,63,95,4,5,25
923,1564,885,94,64,95,4,5,26
924,1566,886,95,66,95,4,5,26
925,1570,887,95,66,95,4,5,26
926,1572,890,97,64,95,4,5,25
927,1576,892,96,64,95,4,5,23
928,1580,894,95,64,95,4,5,19
929,1584,895,96,64,95,4,5,16
930,1589,896,95,65,95,4,5,14
931,1593,900,95,63,95,4,5,14
932,1596,901,94,63,95,4,5,13
933,1601,902,93,64,95,4,5,12
934,1605,905,92,63,95,4,5,12
935,1609,904,91,65,95,4,5,11
936,1613,908,92,63,95,4,5,11
937,1618,909,89,63,95,4,5,9
938,1620,911,90,63,95,4,5,8
939,1625,912,89,63,95,4,5,6
940,1629,913,88,64,95,4,5,6
941,1631,914,88,64,95,4,5,9
942,1634,915,88,65,95,4,5,9
943,1639,917,86,64,95,4,5,10
944,1643,918,84,65,95,4,5,8
945,1645,918,85,66,95,4,5,9
946,1650,921,83,64,95,4,5,8
947,1654,923,80,64,95,4,5,8
948,1658,925,78,63,95,4,5,7
949,1659,924,79,64,95,4,5,8
950,1662,926,77,63,95,4,5,9
951,1665,927,75,65,95,4,5,10
952,1668,927,74,66,95,4,5,10
953,1670,927,72,66,95,4,5,10
954,1671,929,73,65,95,4,5,11
955,1694,952,51,43,95,4,5,10
956,1675,932,72,64,95,4,5,9
957,1677,932,70,65,95,4,5,8
958,1680,935,68,63,95,4,5,8
959,1681,938,68,61,95,4,5,8
960,1683,940,66,59,95,4,5,9
961,1684,940,65,60,95,4,5,9
962,1685,940,64,61,95,4,5,9
963,1686,939,65,62,95,4,5,9
964,1687,941,64,61,95,4,5,9
965,1687,942,67,62,95,4,5,10
966,1688,945,66,59,95,4,5,10
967,1689,944,64,61,95,4,5,11
968,1690,941,65,66,95,4,5,12
969,1690,942,65,65,95,4,5,13
970,1691,943,64,66,95,4,5,13
971,1691,941,64,69,95,4,5,13
972,1691,942,64,68,95,4,5,13
973,1692,943,63,68,95,4,5,13
974,1690,943,66,69,95,4,5,13
975,1691,943,64,70,95,4,5,13
976,1691,943,65,71,95,4,5,13
977,1689,943,67,72,95,4,5,14
978,1689,943,68,73,95,4,5,15
979,1689,946,69,72,95,4,5,15
980,1689,948,69,70,95,4,5,15
981,1688,947,70,72,95,4,5,16
982,1687,948,71,73,95,4,5,16
983,1686,948,72,73,95,4,5,16
984,1684,948,75,73,95,4,5,16
985,1683,949,78,74,95,4,5,16
986,1682,951,75,73,95,4,5,15
987,1680,950,79,74,95,4,5,14
988,1679,949,81,75,95,4,5,13
989,1677,950,82,76,95,4,5,14
990,1675,951,88,76,95,4,5,14
991,1672,951,88,77,95,4,5,15
992,1670,951,89,79,95,4,5,16
993,1668,951,91,80,95,4,5,17
994,1666,951,96,80,95,4,5,18
995,1664,953,91,80,95,4,5,20
996,1662,952,90,81,95,4,5,21
997,1658,953,90,82,95,4,5,22
998,1655,955,91,82,95,4,5,23
999,1653,954,91,84,95,4,5,23
1000,1651,954,94,85,95,4,5,23
1001,1647,955,98,86,95,4,5,23
1002,1644,956,100,86,95,4,5,22
1003,1640,955,101,88,95,4,5,20
1004,1637,956,103,88,95,4,5,20
1005,1633,957,106,89,95,4,5,21
1006,1630,958,107,89,95,4,5,21
1007,1626,958,109,92,95,4,5,21
1008,1621,958,111,93,95,4,5,21
1009,1618,958,112,94,95,4,5,21
1010,1614,958,113,95,95,4,5,21
1011,1609,958,114,96,95,4,5,21
1012,1603,958,118,98,95,4,5,21
1013,1599,958,118,99,95,4,5,21
1014,1593,957,120,103,95,4,5,21
1015,1587,956,122,105,95,4,5,21
1016,1583,957,123,106,95,4,5,21
1017,1576,954,128,110,95,4,5,21
1018,1570,954,130,112,95,4,5,21
1019,1563,956,133,112,95,4,5,21
1020,1556,955,135,114,95,4,5,21
1021,1549,958,139,114,95,4,5,21
1022,1541,958,142,116,95,4,5,22
1023,1533,958,145,118,95,4,5,22
1024,1524,958,150,121,95,4,5,22
1025,1516,958,154,123,95,4,5,22
1026,1507,958,157,125,95,4,5,22
1027,1497,958,161,127,95,4,5,22
1028,1487,957,165,130,95,4,5,22
1029,1475,957,171,132,95,4,5,22
1030,1464,957,175,136,95,4,5,22
1031,1453,956,180,139,95,4,5,22
1032,1440,957,185,141,95,4,5,22
1033,1426,957,192,143,95,4,5,22
1034,1412,956,197,148,95,4,5,22
1035,1397,951,203,155,95,4,5,22
1036,1382,949,209,161,95,4,5,22
1037,1363,950,220,164,95,4,5,22
1038,1346,950,226,167,95,4,5,22
1039,1327,952,234,168,95,4,5,22
1040,1306,949,244,175,95,4,5,22
1041,1284,949,253,178,95,4,5,22
1042,1260,947,263,184,95,4,5,22
1043,1234,944,276,190,95,4,5,22
1044,1207,944,287,195,95,4,5,22
1045,1178,941,299,202,95,4,5,22
1046,1147,939,313,208,95,4,5,22
1047,1111,937,330,213,95,4,5,22
1048,1073,934,349,221,95,4,5,22
1049,1032,928,368,231,95,4,5,22
1050,987,925,389,239,95,4,5,22
1051,936,922,412,247,95,4,5,22
1052,882,916,438,256,95,4,5,22
1053,823,910,466,267,95,4,5,22
1054,756,904,498,278,95,4,5,22
1055,685,897,532,291,95,4,5,22
1056,604,888,572,305,95,4,5,22
1057,514,877,616,320,95,4,5,22
1058,417,870,663,332,95,4,5,22
1059,308,852,717,357,95,4,5,23
1060,180,844,785,371,95,4,5,24
1061,0,793,736,440,95,4,5,26
1062,1,770,639,441,95,4,5,27
1063,1,758,528,459,95,4,5,28
1064,1,784,404,439,95,4,5,28
928,1893,1021,68,45,96,6,0,0
929,1893,1021,68,45,96,6,0,0
930,1893,1021,68,45,96,6,0,0
931,1893,1021,68,45,96,6,0,1
932,1892,1021,69,45,96,6,0,2
933,1892,1020,68,45,96,6,0,3
934,1893,1020,68,45,96,6,0,3
935,1893,1020,68,45,96,6,0,4
936,1894,1020,63,45,96,6,0,4
937,1894,1020,63,45,96,6,0,3
938,1894,1020,67,45,96,6,0,3
939,1894,1020,67,45,96,6,0,2
961,1893,1021,68,46,96,6,0,2
962,1893,1021,67,45,96,6,0,1
963,1893,1021,67,45,96,6,0,1
964,1893,1021,68,45,96,6,0,0
965,1893,1021,68,45,96,6,0,0
966,1893,1021,67,45,96,6,0,1
967,1893,1021,67,45,96,6,0,2
968,1893,1021,68,44,96,6,0,3
969,1893,1021,68,44,96,6,0,3
935,1,1397,304,522,97,3,0,16
936,1,1363,474,555,97,3,0,16
937,1,1298,626,619,97,3,0,16
938,2,1270,773,647,97,3,0,16
939,1,1275,908,642,97,3,0,16
940,1,1281,1033,637,97,3,0,16
941,1,1291,1149,627,97,3,0,16
942,4,1300,1259,618,97,3,0,16
943,200,1309,1164,590,97,3,0,16
944,372,1320,1090,555,97,3,0,16
945,527,1333,1028,526,97,3,0,16
946,670,1345,979,500,97,3,0,16
947,804,1357,930,479,97,3,0,16
948,929,1370,894,458,97,3,0,16
949,1043,1385,864,442,97,3,0,16
950,1152,1400,836,428,97,3,0,16
951,1254,1417,819,421,97,3,0,16
952,1353,1434,804,417,97,3,0,15
953,1448,1449,790,417,97,3,0,15
954,1539,1468,780,414,97,3,0,15
955,1626,1485,779,416,97,3,0,15
956,1711,1505,779,412,97,3,0,15
957,1797,1523,761,394,97,3,0,15
958,1878,1542,680,376,97,3,0,15
959,1961,1562,597,356,97,3,0,15
960,2040,1581,519,338,97,3,0,15
961,2120,1603,438,316,97,3,0,15
962,2198,1624,360,295,97,3,0,15
963,2277,1647,281,272,97,3,0,15
964,2358,1671,201,247,97,3,0,15
965,2439,1695,120,202,97,3,0,15
1082,1688,926,25,20,98,6,1,39
1083,1687,925,26,20,98,6,1,34
1084,1687,926,25,20,98,6,1,30
1085,1687,926,25,20,98,6,1,23
1086,1687,926,25,20,98,6,1,19
1087,1687,926,25,20,98,6,1,14
1088,1687,926,24,20,98,6,1,9
1089,1688,926,24,19,98,6,1,5
1090,1687,926,24,20,98,6,1,4
1091,1688,926,24,20,98,6,1,2
1116,1688,926,24,20,98,6,1,1
1117,1688,926,24,20,98,6,1,0
1118,1688,926,24,20,98,6,1,0
1119,1688,926,24,20,98,6,1,0
1120,1688,926,24,20,98,6,1,1
1121,1687,926,24,20,98,6,1,3
1122,1687,926,25,20,98,6,1,4
1123,1687,926,25,20,98,6,1,5
1124,1687,926,25,20,98,6,1,5
1125,1687,926,25,20,98,6,1,4
1126,1687,926,25,20,98,6,1,3
1127,1687,926,25,20,98,6,1,1
1128,1687,926,25,20,98,6,1,1
1129,1687,926,25,20,98,6,1,1
1130,1687,926,25,20,98,6,1,4
1131,1688,926,24,20,98,6,1,6
1132,1688,926,24,19,98,6,1,8
1133,1688,926,24,19,98,6,1,8
1134,1688,926,24,19,98,6,1,9
1135,1688,926,24,19,98,6,1,7
1136,1688,926,24,19,98,6,1,5
1137,1688,926,24,19,98,6,1,2
1138,1688,926,24,19,98,6,1,2
1139,1688,926,24,19,98,6,1,2
1140,1689,926,24,20,98,6,1,2
1141,1688,926,24,19,98,6,1,3
1142,1688,926,24,19,98,6,1,3
1143,1688,926,24,19,98,6,1,3
1144,1688,927,24,19,98,6,1,3
1145,1688,926,24,19,98,6,1,2
1146,1688,926,24,19,98,6,1,1
1147,1688,926,24,19,98,6,1,0
1148,1688,926,24,19,98,6,1,2
1149,1688,926,24,19,98,6,1,2
1150,1688,926,24,19,98,6,1,3
1151,1688,926,24,19,98,6,1,2
1152,1689,927,23,19,98,6,1,3
1153,1689,927,23,19,98,6,1,3
1154,1689,927,23,19,98,6,1,4
1155,1689,927,23,19,98,6,1,4
1156,1689,927,23,19,98,6,1,5
1157,1689,926,24,19,98,6,1,6
1158,1689,926,24,19,98,6,1,8
1159,1689,926,24,19,98,6,1,6
1160,1689,926,24,19,98,6,1,5
1161,1689,927,23,18,98,6,1,4
1162,1689,927,23,18,98,6,1,4
1163,1689,927,23,18,98,6,1,4
1164,1689,925,23,20,98,6,1,2
1165,1689,925,23,20,98,6,1,1
1166,1689,925,23,20,98,6,1,1
1167,1689,926,23,19,98,6,1,1
1168,1689,926,23,19,98,6,1,2
1169,1689,926,22,19,98,6,1,3
1170,1690,926,23,19,98,6,1,4
1171,1688,926,24,20,98,6,1,5
1172,1688,926,24,20,98,6,1,4
1173,1688,926,24,20,98,6,1,4
1174,1688,926,24,20,98,6,1,7
1175,1688,926,24,20,98,6,1,7
1176,1688,926,25,20,98,6,1,6
1177,1688,926,25,20,98,6,1,4
1178,1688,926,25,20,98,6,1,5
1179,1688,926,25,20,98,6,1,4
1180,1688,925,25,20,98,6,1,4
1181,1688,926,24,20,98,6,1,1
1182,1688,926,24,20,98,6,1,1
1183,1688,926,24,20,98,6,1,0
1184,1688,926,24,20,98,6,1,2
1185,1688,926,24,20,98,6,1,2
1186,1688,926,24,20,98,6,1,4
1187,1688,926,24,20,98,6,1,4
1188,1689,925,24,20,98,6,1,7
1189,1689,925,24,20,98,6,1,7
1190,1689,925,24,20,98,6,1,8
1191,1689,926,23,20,98,6,1,8
1192,1689,926,24,20,98,6,1,7
1193,1689,926,24,20,98,6,1,5
1194,1689,926,24,20,98,6,1,3
1195,1689,926,23,19,98,6,1,2
1196,1689,926,23,20,98,6,1,1
1197,1689,926,24,20,98,6,1,0
1198,1689,926,24,20,98,6,1,1
1199,1689,926,24,20,98,6,1,1
1200,1689,926,23,19,98,6,1,1
1201,1688,926,24,19,98,6,1,1
1202,1688,926,24,19,98,6,1,1
1203,1689,926,23,19,98,6,1,1
1204,1689,926,23,19,98,6,1,1
1205,1689,926,23,19,98,6,1,1
1206,1689,926,23,19,98,6,1,2
1207,1689,926,23,19,98,6,1,2
1208,1689,926,24,19,98,6,1,1
1209,1689,926,24,19,98,6,1,1
1210,1689,926,23,19,98,6,1,2
1211,1688,926,24,19,98,6,1,3
1105,801,679,182,91,99,9,0,11
1106,802,679,181,95,99,9,0,12
1107,801,680,183,92,99,9,0,13
1108,800,680,183,89,99,9,0,15
1109,800,680,182,87,99,9,0,15
1110,800,680,183,86,99,9,0,15
1111,800,680,182,85,99,9,0,14
1112,801,680,183,86,99,9,0,12
1113,798,680,184,85,99,9,0,10
1114,800,680,182,85,99,9,0,7
1115,802,680,180,85,99,9,0,5
1116,803,680,179,85,99,9,0,3
1117,802,680,180,85,99,9,0,2
1118,801,680,182,85,99,9,0,1
1119,801,679,182,86,99,9,0,1
1120,801,679,182,86,99,9,0,0
1121,801,679,182,86,99,9,0,0
1122,801,679,182,86,99,9,0,0
1123,801,679,182,85,99,9,0,0
1124,801,679,181,86,99,9,0,0
1125,801,679,181,86,99,9,0,0
1126,802,679,181,85,99,9,0,0
1127,801,680,181,85,99,9,0,0
1128,802,679,181,85,99,9,0,0
1129,802,679,181,85,99,9,0,0
1130,802,679,181,85,99,9,0,0
1131,801,680,182,85,99,9,0,0
1132,801,680,182,85,99,9,0,0
1133,801,680,182,85,99,9,0,0
1134,801,680,182,85,99,9,0,1
1135,801,680,182,85,99,9,0,1
1136,801,680,182,85,99,9,0,0
1137,801,680,182,85,99,9,0,0
1138,801,680,182,85,99,9,0,0
1139,801,680,182,85,99,9,0,0
1140,801,680,182,85,99,9,0,0
1141,801,680,182,86,99,9,0,0
1142,801,680,182,86,99,9,0,0
1143,801,680,182,86,99,9,0,0
1144,801,679,182,86,99,9,0,0
1145,801,679,182,86,99,9,0,0
1146,801,679,182,86,99,9,0,0
1147,801,679,182,86,99,9,0,0
1148,801,679,182,86,99,9,0,0
1149,801,679,182,86,99,9,0,0
1150,801,679,182,86,99,9,0,0
1151,801,679,182,86,99,9,0,0
1152,801,680,182,86,99,9,0,0
1153,801,680,182,85,99,9,0,0
1154,801,680,182,85,99,9,0,0
1155,801,680,182,85,99,9,0,0
1156,801,680,182,85,99,9,0,0
1157,801,680,182,85,99,9,0,0
1158,801,680,182,86,99,9,0,0
1159,801,680,182,85,99,9,0,0
1160,801,680,182,86,99,9,0,0
1161,801,680,182,86,99,9,0,0
1162,801,680,182,86,99,9,0,0
1163,801,680,182,86,99,9,0,0
1164,801,679,182,85,99,9,0,1
1165,801,679,182,85,99,9,0,1
1166,801,679,182,85,99,9,0,1
1167,801,679,182,85,99,9,0,1
1168,801,679,182,85,99,9,0,1
1169,801,679,182,85,99,9,0,0
1170,801,679,182,86,99,9,0,0
1171,801,679,182,86,99,9,0,0
1172,801,679,182,86,99,9,0,0
1173,801,679,182,86,99,9,0,0
1174,801,679,182,86,99,9,0,0
1175,801,679,182,86,99,9,0,0
1176,801,680,182,85,99,9,0,0
1177,801,680,182,85,99,9,0,0
1178,801,680,182,85,99,9,0,0
1179,801,680,182,85,99,9,0,0
1180,801,680,182,85,99,9,0,0
1181,801,679,182,86,99,9,0,0
1182,801,679,182,86,99,9,0,0
1183,801,679,182,86,99,9,0,0
1184,801,679,182,86,99,9,0,0
1185,801,679,182,86,99,9,0,0
1186,801,679,182,86,99,9,0,0
1187,801,679,182,86,99,9,0,0
1188,801,679,182,86,99,9,0,0
1189,801,679,182,85,99,9,0,0
1190,801,679,182,85,99,9,0,0
1191,801,680,181,85,99,9,0,1
1192,801,680,181,85,99,9,0,1
1193,801,680,181,85,99,9,0,1
1194,801,680,181,86,99,9,0,1
1195,801,680,182,85,99,9,0,1
1196,801,680,182,86,99,9,0,1
1197,801,680,181,86,99,9,0,0
1198,801,679,181,86,99,9,0,0
1199,801,679,182,86,99,9,0,0
1200,801,680,182,85,99,9,0,0
1201,801,680,182,85,99,9,0,0
1202,801,680,182,85,99,9,0,0
1203,801,680,182,85,99,9,0,0
1204,801,680,182,85,99,9,0,0
1205,801,680,182,85,99,9,0,0
1206,801,680,182,85,99,9,0,0
1207,801,680,182,85,99,9,0,0
1208,801,680,182,85,99,9,0,0
1209,801,680,182,85,99,9,0,0
1210,801,680,182,85,99,9,0,0
1211,801,680,182,85,99,9,0,0
1212,801,680,182,85,99,9,0,0
1213,801,680,182,85,99,9,0,0
1214,801,680,182,85,99,9,0,0
1215,801,680,182,85,99,9,0,0
1216,801,680,182,85,99,9,0,0
1217,801,680,182,85,99,9,0,0
1218,801,680,182,85,99,9,0,0
1219,801,680,182,85,99,9,0,0
1220,801,680,182,85,99,9,0,0
1221,801,680,182,85,99,9,0,0
1222,801,680,182,85,99,9,0,0
1223,801,680,182,85,99,9,0,0
1224,801,680,182,85,99,9,0,0
1225,801,680,182,85,99,9,0,0
1226,801,680,182,85,99,9,0,0
1227,801,680,182,85,99,9,0,0
1228,801,680,182,85,99,9,0,0
1229,801,680,182,85,99,9,0,0
1230,801,680,182,85,99,9,0,0
1231,801,680,182,85,99,9,0,0
1232,801,680,182,85,99,9,0,0
1233,801,680,182,85,99,9,0,0
1234,801,680,182,85,99,9,0,0
1235,801,680,182,85,99,9,0,0
1236,801,680,182,85,99,9,0,0
1237,801,680,182,85,99,9,0,0
1238,801,680,182,85,99,9,0,0
1239,801,680,182,85,99,9,0,0
1240,801,680,182,85,99,9,0,0
1241,801,680,182,85,99,9,0,0
1242,801,680,182,85,99,9,0,0
1243,801,680,182,85,99,9,0,0
1244,801,680,182,85,99,9,0,0
1245,801,680,182,85,99,9,0,0
1246,801,680,182,85,99,9,0,0
1247,801,680,182,85,99,9,0,0
1248,801,680,182,85,99,9,0,0
1249,801,680,182,85,99,9,0,0
1250,801,680,182,85,99,9,0,0
1251,801,680,182,85,99,9,0,0
1252,801,680,182,85,99,9,0,0
1253,801,680,182,85,99,9,0,0
1254,801,680,182,85,99,9,0,0
1255,801,680,182,85,99,9,0,0
1256,801,680,182,85,99,9,0,0
1257,801,680,182,85,99,9,0,0
1258,801,680,182,85,99,9,0,0
1259,801,680,182,85,99,9,0,0
1260,801,680,182,86,99,9,0,0
1261,801,680,182,86,99,9,0,0
1262,801,680,182,86,99,9,0,0
1263,801,680,182,86,99,9,0,0
1264,801,680,182,86,99,9,0,0
1265,801,680,182,86,99,9,0,0
1266,801,680,182,86,99,9,0,0
1267,801,680,182,86,99,9,0,0
1268,801,680,182,86,99,9,0,0
1269,801,680,182,86,99,9,0,0
1270,801,680,182,86,99,9,0,0
1271,801,680,182,86,99,9,0,0
1272,801,679,182,86,99,9,0,0
1273,801,679,182,86,99,9,0,0
1274,801,679,182,86,99,9,0,0
1275,801,679,182,86,99,9,0,0
1276,801,679,182,86,99,9,0,0
1277,801,679,182,86,99,9,0,0
1278,801,679,182,86,99,9,0,0
1279,801,679,182,86,99,9,0,0
1280,801,679,182,86,99,9,0,0
1281,801,680,182,85,99,9,0,0
1282,801,680,182,85,99,9,0,0
1283,801,680,182,85,99,9,0,0
1284,801,680,182,85,99,9,0,0
1285,801,680,182,85,99,9,0,0
1286,801,680,182,85,99,9,0,0
1287,801,680,182,85,99,9,0,0
1288,801,680,182,85,99,9,0,0
1289,801,680,182,85,99,9,0,0
1290,801,680,182,85,99,9,0,0
1291,801,680,182,85,99,9,0,0
1292,801,680,182,85,99,9,0,0
1293,801,680,182,85,99,9,0,0
1294,801,680,182,85,99,9,0,0
1295,801,680,182,85,99,9,0,0
1296,801,680,182,85,99,9,0,0
1297,801,680,182,85,99,9,0,0
1298,801,680,182,85,99,9,0,0
1299,801,680,182,85,99,9,0,0
1300,801,680,182,85,99,9,0,0
1301,801,680,182,85,99,9,0,0
1302,801,680,182,85,99,9,0,0
1303,801,680,182,85,99,9,0,0
1304,801,680,182,85,99,9,0,0
1305,801,680,182,85,99,9,0,0
1306,801,680,182,85,99,9,0,0
1307,801,680,182,85,99,9,0,0
1308,801,680,182,85,99,9,0,0
1309,801,680,182,85,99,9,0,0
1310,801,680,182,85,99,9,0,0
1311,801,680,182,85,99,9,0,0
1312,801,680,182,85,99,9,0,0
1313,801,680,182,85,99,9,0,0
1314,801,680,182,85,99,9,0,0
1315,801,680,182,85,99,9,0,0
1316,801,680,182,85,99,9,0,0
1317,801,680,182,85,99,9,0,0
1318,801,680,182,85,99,9,0,0
1319,801,680,182,85,99,9,0,0
1320,801,680,182,85,99,9,0,0
1321,801,680,182,85,99,9,0,0
1322,801,680,182,85,99,9,0,0
1323,801,680,182,85,99,9,0,0
1324,801,680,182,85,99,9,0,0
1325,801,680,182,85,99,9,0,0
1326,801,680,182,85,99,9,0,0
1327,801,680,182,85,99,9,0,0
1328,801,680,182,85,99,9,0,0
1329,801,680,182,85,99,9,0,0
1330,801,680,182,85,99,9,0,0
1331,801,680,181,85,99,9,0,0
1332,801,680,181,85,99,9,0,0
1333,801,680,181,85,99,9,0,0
1334,801,680,181,85,99,9,0,0
1335,801,680,181,85,99,9,0,0
1336,801,680,182,85,99,9,0,0
1337,801,680,181,85,99,9,0,0
1338,801,680,181,85,99,9,0,0
1339,801,680,181,85,99,9,0,0
1340,801,680,181,85,99,9,0,0
1341,801,680,181,85,99,9,0,0
1342,801,680,182,85,99,9,0,0
1343,801,680,182,85,99,9,0,0
1344,801,680,182,85,99,9,0,0
1345,801,680,182,85,99,9,0,0
1346,801,680,182,85,99,9,0,0
1347,801,680,182,85,99,9,0,0
1348,801,680,182,85,99,9,0,0
1349,801,680,182,85,99,9,0,0
1350,801,680,182,85,99,9,0,0
1351,801,680,182,85,99,9,0,0
1352,801,680,182,85,99,9,0,0
1353,801,680,182,85,99,9,0,0
1354,801,680,182,85,99,9,0,0
1355,801,680,182,85,99,9,0,0
1356,801,680,182,85,99,9,0,0
1357,801,680,182,85,99,9,0,0
1358,801,680,182,85,99,9,0,0
1359,801,680,181,85,99,9,0,0
1360,801,680,181,85,99,9,0,0
1361,801,680,181,85,99,9,0,0
1362,801,680,181,85,99,9,0,0
1363,801,680,181,85,99,9,0,0
1364,801,680,181,85,99,9,0,0
1365,801,680,181,85,99,9,0,0
1366,801,680,181,85,99,9,0,0
1367,801,680,181,85,99,9,0,0
1368,801,680,181,85,99,9,0,0
1369,801,680,181,85,99,9,0,0
1370,801,680,181,85,99,9,0,0
1371,801,680,181,85,99,9,0,0
1372,801,680,181,85,99,9,0,0
1373,801,679,181,85,99,9,0,0
1374,801,679,181,85,99,9,0,0
1375,801,679,181,85,99,9,0,0
1376,801,679,181,85,99,9,0,0
1377,801,679,181,85,99,9,0,0
1378,801,680,182,85,99,9,0,0
1379,801,680,182,85,99,9,0,0
1380,801,680,182,85,99,9,0,0
1381,801,680,182,85,99,9,0,0
1382,801,680,182,85,99,9,0,0
1383,801,680,182,86,99,9,0,0
1384,801,679,182,86,99,9,0,0
1385,801,679,182,86,99,9,0,0
1386,801,679,182,86,99,9,0,0
1387,801,679,182,86,99,9,0,0
1388,801,679,182,86,99,9,0,0
1389,801,679,182,86,99,9,0,0
1390,801,679,182,86,99,9,0,0
1391,801,680,182,85,99,9,0,0
1392,801,679,182,85,99,9,0,0
1393,801,679,182,85,99,9,0,0
1394,801,679,182,85,99,9,0,0
1395,801,679,182,85,99,9,0,0
1396,801,680,182,85,99,9,0,0
1397,801,679,182,85,99,9,0,0
1398,801,679,182,85,99,9,0,0
1399,801,679,182,85,99,9,0,0
1400,801,679,182,85,99,9,0,0
1401,801,679,182,86,99,9,0,0
1402,801,680,182,86,99,9,0,0
1403,801,679,182,86,99,9,0,0
1404,801,679,181,85,99,9,0,0
1405,801,679,181,85,99,9,0,0
1406,801,679,181,85,99,9,0,0
1407,801,679,181,85,99,9,0,0
1408,801,679,181,85,99,9,0,0
1409,801,679,181,85,99,9,0,0
1410,801,679,181,85,99,9,0,0
1411,801,679,181,85,99,9,0,0
1412,801,679,181,85,99,9,0,0
1413,801,679,181,85,99,9,0,0
1414,801,679,181,85,99,9,0,0
1415,801,679,181,85,99,9,0,0
1416,801,679,181,85,99,9,0,0
1417,801,679,181,85,99,9,0,0
1418,801,679,181,85,99,9,0,0
1419,801,679,181,85,99,9,0,0
1420,801,679,181,85,99,9,0,0
1421,801,679,182,85,99,9,0,0
1422,801,679,182,85,99,9,0,0
1423,801,680,182,85,99,9,0,0
1424,801,680,182,85,99,9,0,0
1425,801,680,182,85,99,9,0,0
1426,801,680,182,85,99,9,0,0
1427,801,680,182,85,99,9,0,0
1428,801,679,181,86,99,9,0,0
1429,801,679,181,86,99,9,0,0
1430,801,679,181,86,99,9,0,0
1431,801,678,182,87,99,9,0,0
1432,801,678,182,87,99,9,0,0
1433,801,678,182,87,99,9,0,0
1434,801,678,182,87,99,9,0,0
1435,801,678,182,87,99,9,0,0
1436,801,678,182,87,99,9,0,0
1437,801,678,182,87,99,9,0,0
1438,801,678,182,87,99,9,0,0
1439,801,678,182,87,99,9,0,0
1440,801,679,182,87,99,9,0,0
1441,801,679,182,86,99,9,0,0
1442,801,679,182,86,99,9,0,0
1443,801,679,182,86,99,9,0,0
1444,801,679,182,86,99,9,0,0
1445,801,679,182,86,99,9,0,0
1446,801,679,182,86,99,9,0,0
1447,801,679,182,86,99,9,0,0
1448,801,679,182,86,99,9,0,0
1449,801,679,182,86,99,9,0,0
1450,801,679,182,86,99,9,0,0
1451,802,679,182,86,99,9,0,0
1452,801,679,182,86,99,9,0,0
1453,801,679,182,86,99,9,0,0
1454,801,679,182,86,99,9,0,0
1455,801,679,181,86,99,9,0,0
1456,801,679,181,86,99,9,0,0
1457,801,679,181,86,99,9,0,0
1458,801,679,181,86,99,9,0,0
1459,801,679,181,86,99,9,0,0
1460,801,679,181,86,99,9,0,0
1461,801,678,182,87,99,9,0,0
1462,801,678,182,87,99,9,0,0
1463,802,678,182,87,99,9,0,0
1464,801,679,182,86,99,9,0,0
1465,801,679,182,87,99,9,0,1
1466,801,679,182,86,99,9,0,1
1467,801,679,182,86,99,9,0,1
1468,801,679,182,86,99,9,0,1
1469,801,679,182,87,99,9,0,0
1470,802,679,182,87,99,9,0,0
1471,802,679,182,87,99,9,0,0
1472,802,679,182,87,99,9,0,0
1473,802,679,182,87,99,9,0,0
1474,802,679,182,87,99,9,0,0
1475,802,679,182,87,99,9,0,0
1476,802,679,182,87,99,9,0,0
1477,802,679,182,87,99,9,0,0
1478,802,679,182,87,99,9,0,0
1479,802,679,182,87,99,9,0,0
1480,802,679,182,87,99,9,0,0
1481,802,679,182,87,99,9,0,0
1482,802,679,182,87,99,9,0,0
1483,802,679,182,87,99,9,0,0
1484,802,679,182,87,99,9,0,0
1485,802,679,182,87,99,9,0,0
1486,802,679,182,87,99,9,0,0
1487,802,679,182,86,99,9,0,0
1488,802,679,182,86,99,9,0,0
1489,802,679,182,86,99,9,0,0
1490,802,679,182,86,99,9,0,0
1491,802,679,182,86,99,9,0,0
1492,802,679,182,86,99,9,0,0
1493,802,679,182,86,99,9,0,0
1494,801,679,182,86,99,9,0,0
1495,801,679,182,86,99,9,0,0
1496,801,679,182,86,99,9,0,0
1497,801,679,182,86,99,9,0,0
1498,801,679,182,86,99,9,0,0
1499,801,679,182,86,99,9,0,0
1500,802,679,181,86,99,9,0,0
1501,801,679,182,86,99,9,0,0
1502,801,679,182,86,99,9,0,0
1503,801,679,182,86,99,9,0,0
1504,801,679,182,86,99,9,0,0
1505,801,679,182,86,99,9,0,0
1506,801,679,182,86,99,9,0,0
1507,801,679,182,86,99,9,0,0
1508,801,679,182,86,99,9,0,0
1509,801,679,182,86,99,9,0,0
1510,801,679,182,86,99,9,0,0
1511,801,679,182,86,99,9,0,0
1512,801,679,182,86,99,9,0,0
1513,801,679,182,86,99,9,0,0
1514,801,679,182,86,99,9,0,0
1515,801,679,182,86,99,9,0,0
1516,801,679,182,86,99,9,0,0
1517,801,679,182,86,99,9,0,0
1518,801,679,182,86,99,9,0,0
1519,801,679,182,86,99,9,0,0
1520,801,679,182,86,99,9,0,0
1521,801,679,182,86,99,9,0,0
1522,801,679,182,86,99,9,0,0
1523,801,679,182,86,99,9,0,0
1524,801,679,182,86,99,9,0,0
1525,801,679,182,86,99,9,0,0
1526,801,679,182,86,99,9,0,0
1527,801,679,182,86,99,9,0,0
1528,801,679,182,86,99,9,0,0
1529,801,679,182,86,99,9,0,0
1530,801,679,182,86,99,9,0,0
1531,801,679,182,86,99,9,0,0
1532,801,679,182,86,99,9,0,0
1533,801,679,182,86,99,9,0,0
1534,801,679,182,86,99,9,0,0
1535,801,679,182,87,99,9,0,0
1536,801,679,182,86,99,9,0,0
1537,801,679,182,86,99,9,0,0
1538,801,679,182,86,99,9,0,0
1539,801,679,182,86,99,9,0,0
1540,801,679,182,86,99,9,0,0
1541,801,679,182,86,99,9,0,0
1542,801,679,182,86,99,9,0,0
1543,801,679,182,86,99,9,0,0
1544,801,679,182,86,99,9,0,0
1545,801,679,182,86,99,9,0,0
1546,801,679,182,86,99,9,0,0
1547,801,679,182,86,99,9,0,0
1548,801,679,182,86,99,9,0,0
1549,801,679,182,86,99,9,0,0
1550,801,679,182,86,99,9,0,0
1551,802,679,181,86,99,9,0,0
1552,802,679,181,86,99,9,0,0
1553,801,679,181,86,99,9,0,0
1554,801,679,181,86,99,9,0,0
1555,801,679,181,86,99,9,0,0
1556,801,679,181,86,99,9,0,0
1557,801,679,181,86,99,9,0,0
1558,801,679,181,86,99,9,0,0
1559,801,679,181,86,99,9,0,0
1560,802,679,181,86,99,9,0,0
1561,802,679,181,86,99,9,0,0
1562,802,679,181,86,99,9,0,0
1563,802,679,181,86,99,9,0,0
1564,802,679,181,86,99,9,0,0
1565,802,679,181,86,99,9,0,0
1566,802,679,181,86,99,9,0,0
1567,802,679,181,86,99,9,0,0
1568,802,679,181,86,99,9,0,0
1569,802,679,181,86,99,9,0,0
1570,802,679,181,86,99,9,0,0
1571,802,679,181,86,99,9,0,0
1572,802,678,181,87,99,9,0,0
1573,802,678,181,87,99,9,0,0
1574,802,678,181,87,99,9,0,0
1575,802,678,181,87,99,9,0,0
1576,802,678,181,87,99,9,0,0
1577,802,679,180,87,99,9,0,0
1578,802,679,181,86,99,9,0,0
1579,802,679,181,86,99,9,0,0
1580,802,679,180,87,99,9,0,0
1581,802,679,180,87,99,9,0,0
1582,802,679,180,87,99,9,0,0
1583,802,679,180,87,99,9,0,0
1584,801,679,180,86,99,9,0,0
1585,802,679,181,86,99,9,0,0
1586,802,679,181,86,99,9,0,0
1587,802,680,181,86,99,9,0,0
1588,801,680,181,85,99,9,0,0
1589,801,680,181,85,99,9,0,0
1590,801,680,181,85,99,9,0,0
1591,801,680,181,85,99,9,0,0
1592,801,680,181,85,99,9,0,0
1593,801,680,181,85,99,9,0,0
1594,801,680,181,85,99,9,0,0
1595,801,680,181,85,99,9,0,0
1596,801,679,181,85,99,9,0,0
1597,801,679,181,85,99,9,0,0
1598,801,679,181,85,99,9,0,0
1599,801,679,181,85,99,9,0,0
1600,801,679,181,85,99,9,0,0
1601,801,679,181,85,99,9,0,0
1602,801,679,181,85,99,9,0,0
1603,801,679,181,86,99,9,0,0
1604,801,679,181,86,99,9,0,0
1605,801,679,181,86,99,9,0,0
1606,801,679,181,86,99,9,0,0
1607,801,679,181,85,99,9,0,0
1608,801,679,181,85,99,9,0,0
1609,801,679,181,85,99,9,0,0
1610,801,679,181,85,99,9,0,0
1611,801,679,181,85,99,9,0,0
1612,801,679,181,85,99,9,0,0
1613,801,679,181,85,99,9,0,0
1614,801,679,181,85,99,9,0,0
1615,801,679,181,85,99,9,0,0
1616,801,679,181,85,99,9,0,0
1617,801,679,181,85,99,9,0,0
1618,801,679,181,85,99,9,0,0
1619,801,679,181,85,99,9,0,0
1620,801,679,181,85,99,9,0,0
1621,801,679,181,85,99,9,0,0
1622,801,679,181,85,99,9,0,0
1623,801,679,181,85,99,9,0,0
1624,801,679,181,85,99,9,0,0
1625,801,679,181,85,99,9,0,0
1626,801,679,181,85,99,9,0,0
1627,801,679,181,85,99,9,0,0
1628,802,679,182,86,99,9,0,0
1629,802,679,182,86,99,9,0,0
1630,802,679,182,86,99,9,0,0
1631,802,679,182,86,99,9,0,0
1632,801,679,182,86,99,9,0,1
1633,801,679,182,86,99,9,0,1
1634,801,680,182,86,99,9,0,1
1635,801,679,182,86,99,9,0,1
1636,801,679,182,86,99,9,0,0
1637,801,679,182,86,99,9,0,0
1638,801,680,182,85,99,9,0,0
1639,801,680,182,85,99,9,0,0
1640,801,680,182,85,99,9,0,0
1641,801,680,182,85,99,9,0,0
1642,801,680,182,85,99,9,0,0
1643,801,680,182,85,99,9,0,0
1644,801,680,182,86,99,9,0,0
1645,801,680,182,86,99,9,0,0
1646,801,680,182,86,99,9,0,0
1647,801,680,182,86,99,9,0,0
1648,801,680,182,86,99,9,0,0
1649,801,680,182,85,99,9,0,0
1650,801,680,182,85,99,9,0,0
1651,802,680,182,85,99,9,0,0
1652,802,680,182,85,99,9,0,0
1653,802,680,182,85,99,9,0,0
1654,802,680,182,85,99,9,0,0
1655,802,680,182,85,99,9,0,0
1656,802,680,182,85,99,9,0,0
1657,802,680,182,85,99,9,0,0
1658,802,680,182,85,99,9,0,0
1659,802,680,182,85,99,9,0,0
1660,802,680,182,85,99,9,0,0
1661,802,680,182,85,99,9,0,0
1662,802,680,182,85,99,9,0,0
1663,802,680,182,85,99,9,0,0
1664,802,680,182,86,99,9,0,0
1665,802,680,182,86,99,9,0,0
1666,802,680,182,85,99,9,0,0
1667,802,680,182,85,99,9,0,0
1668,802,680,182,85,99,9,0,0
1669,802,680,182,85,99,9,0,0
1670,802,680,182,85,99,9,0,0
1671,802,680,182,85,99,9,0,0
1672,802,680,182,85,99,9,0,0
1673,802,680,182,85,99,9,0,0
1674,802,680,182,85,99,9,0,0
1675,802,680,181,85,99,9,0,0
1676,802,680,182,85,99,9,0,0
1677,802,680,182,85,99,9,0,0
1678,801,680,181,85,99,9,0,0
1679,801,679,181,85,99,9,0,0
1680,801,679,182,85,99,9,0,0
1681,801,679,182,85,99,9,0,0
1682,801,679,182,85,99,9,0,0
1683,801,679,182,85,99,9,0,0
1684,801,679,182,85,99,9,0,0
1685,801,679,182,85,99,9,0,0
1686,801,679,182,85,99,9,0,0
1687,801,679,182,85,99,9,0,0
1688,801,679,182,85,99,9,0,0
1689,801,679,182,85,99,9,0,0
1690,801,679,182,85,99,9,0,0
1691,801,679,182,85,99,9,0,0
1692,801,679,182,85,99,9,0,0
1693,801,680,182,85,99,9,0,0
1694,801,680,182,85,99,9,0,0
1695,801,680,182,85,99,9,0,0
1696,801,680,182,85,99,9,0,0
1697,801,680,182,85,99,9,0,0
1698,801,680,182,85,99,9,0,0
1699,801,680,182,85,99,9,0,0
1700,801,680,182,85,99,9,0,0
1701,801,680,182,85,99,9,0,0
1702,801,680,182,85,99,9,0,0
1703,801,680,182,85,99,9,0,0
1704,801,680,182,85,99,9,0,0
1705,801,680,182,85,99,9,0,0
1706,801,680,182,85,99,9,0,0
1707,801,680,182,85,99,9,0,0
1708,801,680,182,85,99,9,0,0
1709,801,680,182,85,99,9,0,0
1710,801,680,182,85,99,9,0,0
1711,801,680,182,85,99,9,0,0
1712,801,680,182,85,99,9,0,0
1713,801,680,182,85,99,9,0,0
1714,801,680,182,85,99,9,0,0
1715,801,680,182,85,99,9,0,0
1716,801,680,182,85,99,9,0,0
1717,801,680,182,85,99,9,0,0
1718,802,679,182,85,99,9,0,1
1719,801,679,182,85,99,9,0,1
1720,801,679,182,85,99,9,0,1
1721,801,679,182,85,99,9,0,1
1722,801,679,182,85,99,9,0,1
1723,801,679,182,85,99,9,0,0
1724,802,679,182,86,99,9,0,0
1725,801,679,182,86,99,9,0,0
1726,801,679,182,86,99,9,0,0
1727,801,679,182,86,99,9,0,0
1728,801,680,182,85,99,9,0,1
1729,801,680,182,85,99,9,0,1
1730,801,680,182,85,99,9,0,1
1731,801,680,182,85,99,9,0,0
1732,801,679,182,85,99,9,0,0
1733,801,679,182,86,99,9,0,0
1734,801,679,182,86,99,9,0,0
1735,801,679,182,86,99,9,0,0
1736,801,679,181,86,99,9,0,0
1737,801,679,181,86,99,9,0,0
1738,801,679,181,86,99,9,0,0
1739,801,679,181,86,99,9,0,0
1740,801,679,181,86,99,9,0,0
1741,801,679,181,86,99,9,0,0
1742,801,679,182,86,99,9,0,0
1743,801,680,181,86,99,9,0,0
1744,801,679,182,85,99,9,0,0
1745,801,680,182,85,99,9,0,0
1746,801,680,182,85,99,9,0,0
1747,801,680,182,85,99,9,0,0
1748,801,680,182,85,99,9,0,0
1749,801,680,182,85,99,9,0,0
1750,801,679,182,86,99,9,0,0
1751,801,679,182,86,99,9,0,0
1752,801,679,182,86,99,9,0,0
1753,801,679,182,86,99,9,0,0
1754,801,679,182,86,99,9,0,0
1755,801,679,182,86,99,9,0,0
1756,801,678,182,87,99,9,0,0
1757,801,678,182,87,99,9,0,0
1758,801,678,182,87,99,9,0,0
1759,801,678,181,88,99,9,0,0
1760,801,678,182,87,99,9,0,0
1761,801,678,182,87,99,9,0,0
1762,801,678,182,87,99,9,0,0
1763,801,678,181,87,99,9,0,0
1764,801,679,182,86,99,9,0,0
1765,801,679,182,86,99,9,0,0
1766,801,679,182,87,99,9,0,0
1767,801,679,181,87,99,9,0,0
1768,801,679,181,87,99,9,0,0
1769,801,679,182,87,99,9,0,0
1770,801,679,182,87,99,9,0,0
1771,801,679,181,86,99,9,0,0
1772,801,679,181,86,99,9,0,0
1773,801,679,181,87,99,9,0,0
1774,801,679,181,86,99,9,0,0
1775,801,679,181,86,99,9,0,0
1776,801,678,182,87,99,9,0,0
1777,801,678,182,87,99,9,0,0
1778,801,678,182,87,99,9,0,0
1779,801,678,182,87,99,9,0,0
1780,801,678,182,87,99,9,0,0
1781,801,678,182,87,99,9,0,0
1782,801,678,182,87,99,9,0,0
1783,801,678,182,87,99,9,0,0
1784,801,678,182,87,99,9,0,0
1785,802,678,182,87,99,9,0,0
1786,802,678,182,87,99,9,0,0
1787,801,678,182,87,99,9,0,0
1788,801,678,182,87,99,9,0,0
1789,801,678,182,87,99,9,0,0
1790,801,678,182,87,99,9,0,0
1791,801,678,182,87,99,9,0,0
1792,801,678,182,87,99,9,0,0
1793,801,679,182,87,99,9,0,0
1794,801,679,182,86,99,9,0,0
1795,801,678,182,87,99,9,0,0
1796,801,679,182,87,99,9,0,0
1797,801,679,182,87,99,9,0,0
1798,801,679,182,87,99,9,0,0
1799,801,679,182,86,99,9,0,0
1800,801,679,182,86,99,9,0,0
1801,801,679,182,86,99,9,0,0
1802,801,679,182,86,99,9,0,0
1803,801,679,182,86,99,9,0,0
1804,801,679,182,86,99,9,0,0
1805,801,679,182,86,99,9,0,0
1806,801,679,182,86,99,9,0,0
1807,801,679,182,86,99,9,0,0
1808,801,679,182,86,99,9,0,0
1809,801,679,182,86,99,9,0,0
1810,801,679,182,86,99,9,0,0
1811,802,679,182,86,99,9,0,0
1812,802,679,181,86,99,9,0,0
1813,802,679,181,86,99,9,0,0
1814,802,679,181,86,99,9,0,0
1815,802,679,181,86,99,9,0,0
1816,802,679,181,86,99,9,0,0
1817,802,679,181,86,99,9,0,0
1818,802,679,181,86,99,9,0,0
1819,802,679,181,86,99,9,0,0
1820,802,679,181,86,99,9,0,0
1821,802,679,181,86,99,9,0,0
1822,802,679,181,86,99,9,0,0
1823,802,679,181,86,99,9,0,0
1824,801,679,182,86,99,9,0,0
1825,801,679,182,86,99,9,0,0
1826,801,679,182,86,99,9,0,0
1827,801,679,182,86,99,9,0,0
1828,801,679,182,86,99,9,0,0
1829,801,678,182,86,99,9,0,0
1830,801,679,182,86,99,9,0,0
1831,801,679,182,86,99,9,0,0
1832,801,679,182,86,99,9,0,0
1833,801,679,182,86,99,9,0,0
1834,801,679,182,86,99,9,0,0
1835,801,679,182,86,99,9,0,0
1836,801,679,182,86,99,9,0,0
1837,801,679,182,86,99,9,0,0
1838,801,679,182,86,99,9,0,0
1839,801,679,182,86,99,9,0,0
1840,801,679,182,86,99,9,0,0
1841,801,679,182,85,99,9,0,0
1842,801,679,182,86,99,9,0,0
1843,801,679,182,86,99,9,0,0
1844,801,679,182,86,99,9,0,0
1845,801,679,182,86,99,9,0,0
1846,802,679,182,86,99,9,0,0
1847,802,679,182,86,99,9,0,0
1848,802,679,182,86,99,9,0,0
1849,802,679,182,86,99,9,0,0
1850,802,679,182,86,99,9,0,0
1851,802,679,182,86,99,9,0,0
1852,802,679,182,86,99,9,0,0
1853,802,679,182,86,99,9,0,0
1854,802,679,182,86,99,9,0,0
1855,802,679,182,86,99,9,0,0
1856,802,679,182,86,99,9,0,0
1857,802,679,182,86,99,9,0,0
1858,802,679,182,86,99,9,0,0
1859,802,679,182,86,99,9,0,0
1860,802,679,182,86,99,9,0,0
1861,802,679,182,86,99,9,0,0
1862,802,679,182,86,99,9,0,0
1863,802,679,182,86,99,9,0,0
1864,802,680,182,85,99,9,0,0
1865,802,680,182,85,99,9,0,0
1866,801,679,182,86,99,9,0,0
1867,801,679,182,86,99,9,0,0
1868,801,679,182,86,99,9,0,0
1869,801,679,182,86,99,9,0,0
1870,801,679,182,86,99,9,0,0
1871,801,680,182,86,99,9,0,0
1872,801,679,182,86,99,9,0,0
1873,801,679,182,86,99,9,0,0
1874,801,679,182,86,99,9,0,0
1875,801,679,182,86,99,9,0,0
1876,802,679,182,86,99,9,0,0
1877,802,679,182,86,99,9,0,0
1878,802,679,182,86,99,9,0,0
1879,802,679,182,86,99,9,0,0
1880,802,679,182,86,99,9,0,0
1881,802,679,182,86,99,9,0,0
1882,802,679,182,86,99,9,0,0
1883,802,679,182,86,99,9,0,0
1884,801,679,181,86,99,9,0,0
1885,801,679,182,86,99,9,0,0
1886,801,679,182,86,99,9,0,0
1887,801,679,182,86,99,9,0,0
1888,801,679,181,86,99,9,0,0
1889,801,679,182,86,99,9,0,0
1890,801,679,182,86,99,9,0,0
1891,801,679,182,86,99,9,0,0
1892,801,679,182,86,99,9,0,0
1893,801,679,182,86,99,9,0,0
1894,801,679,181,86,99,9,0,0
1895,801,679,181,86,99,9,0,0
1896,801,679,182,86,99,9,0,0
1897,801,679,182,86,99,9,0,0
1898,801,679,182,86,99,9,0,0
1899,801,679,182,86,99,9,0,0
1900,801,679,182,86,99,9,0,0
1901,801,679,182,86,99,9,0,0
1902,801,679,182,86,99,9,0,0
1903,801,679,182,86,99,9,0,0
1904,801,679,182,86,99,9,0,0
1905,801,679,182,86,99,9,0,0
1906,801,679,182,86,99,9,0,0
1907,801,679,182,86,99,9,0,0
1908,801,679,182,86,99,9,0,0
1909,801,679,182,86,99,9,0,0
1910,801,679,182,86,99,9,0,0
1911,801,679,182,86,99,9,0,0
1912,801,679,182,86,99,9,0,0
1913,801,679,182,86,99,9,0,0
1914,801,679,182,86,99,9,0,0
1915,801,679,182,86,99,9,0,0
1916,801,679,182,86,99,9,0,0
1917,801,679,182,86,99,9,0,0
1918,801,679,182,86,99,9,0,0
1919,801,679,182,86,99,9,0,0
1920,801,679,182,86,99,9,0,0
1921,801,679,182,86,99,9,0,0
1922,801,679,182,86,99,9,0,0
1923,801,679,182,86,99,9,0,0
1924,801,679,182,86,99,9,0,0
1925,801,679,182,86,99,9,0,0
1926,801,679,182,86,99,9,0,0
1927,801,679,182,86,99,9,0,0
1928,801,679,182,86,99,9,0,0
1929,801,679,182,86,99,9,0,0
1930,801,679,182,86,99,9,0,0
1931,801,679,182,86,99,9,0,0
1932,801,679,182,86,99,9,0,0
1933,801,679,182,86,99,9,0,0
1934,801,679,181,86,99,9,0,0
1935,801,679,182,86,99,9,0,0
1936,801,679,182,86,99,9,0,0
1937,801,679,182,86,99,9,0,0
1938,801,679,182,86,99,9,0,0
1939,801,679,182,86,99,9,0,0
1940,801,679,182,86,99,9,0,0
1941,801,679,182,86,99,9,0,0
1942,801,679,182,86,99,9,0,0
1943,801,679,181,86,99,9,0,0
1944,801,679,181,86,99,9,0,0
1945,801,679,181,86,99,9,0,0
1946,801,679,181,86,99,9,0,0
1947,801,679,181,86,99,9,0,0
1948,801,679,181,86,99,9,0,0
1949,801,679,181,86,99,9,0,0
1950,801,679,181,86,99,9,0,0
1951,801,679,181,87,99,9,0,0
1952,801,679,181,86,99,9,0,0
1953,801,679,181,86,99,9,0,0
1954,801,679,181,86,99,9,0,0
1955,801,679,181,86,99,9,0,0
1956,801,680,182,85,99,9,0,0
1957,801,680,182,85,99,9,0,0
1958,801,680,182,86,99,9,0,0
1959,801,680,182,86,99,9,0,0
1960,801,679,182,86,99,9,0,0
1961,801,679,182,86,99,9,0,0
1962,801,679,182,85,99,9,0,0
1963,801,680,182,85,99,9,0,0
1964,801,680,182,85,99,9,0,0
1965,801,680,182,85,99,9,0,0
1966,801,680,182,86,99,9,0,1
1967,801,680,182,86,99,9,0,1
1968,801,679,182,87,99,9,0,0
1969,801,679,182,87,99,9,0,0
1970,801,679,182,87,99,9,0,0
1971,801,679,182,86,99,9,0,0
1972,801,679,182,87,99,9,0,0
1973,801,679,182,86,99,9,0,0
1974,801,679,182,86,99,9,0,0
1975,801,680,182,86,99,9,0,0
1976,801,680,182,86,99,9,0,0
1977,801,680,182,86,99,9,0,0
1978,801,680,182,86,99,9,0,0
1979,801,680,182,86,99,9,0,0
1980,801,680,182,85,99,9,0,0
1981,801,680,182,85,99,9,0,0
1982,801,680,182,85,99,9,0,0
1983,801,680,182,85,99,9,0,0
1984,801,680,182,85,99,9,0,0
1985,801,680,182,85,99,9,0,0
1986,801,680,182,85,99,9,0,0
1987,801,680,182,85,99,9,0,0
1988,801,680,182,85,99,9,0,0
1989,801,680,182,85,99,9,0,0
1990,801,680,182,85,99,9,0,0
1991,801,680,182,85,99,9,0,0
1992,801,680,182,85,99,9,0,0
1993,801,680,182,85,99,9,0,0
1994,801,680,182,85,99,9,0,0
1995,801,680,182,85,99,9,0,0
1996,801,680,182,86,99,9,0,0
1997,801,680,182,86,99,9,0,0
1998,801,680,182,86,99,9,0,0
1999,801,680,182,86,99,9,0,0
2000,801,680,182,85,99,9,0,0
2001,801,680,182,86,99,9,0,0
2002,801,680,182,85,99,9,0,0
2003,801,680,182,85,99,9,0,0
2004,801,679,182,86,99,9,0,0
2005,801,679,182,86,99,9,0,0
2006,801,680,181,86,99,9,0,0
2007,801,680,181,86,99,9,0,0
2008,801,680,181,86,99,9,0,0
2009,801,680,181,86,99,9,0,0
2010,801,680,181,86,99,9,0,0
2011,801,680,181,86,99,9,0,0
2012,801,680,181,86,99,9,0,0
2013,801,680,181,86,99,9,0,0
2014,801,680,181,86,99,9,0,0
2015,801,680,181,86,99,9,0,0
2016,800,680,182,86,99,9,0,0
2017,800,680,182,86,99,9,0,0
2018,800,680,182,86,99,9,0,0
2019,801,680,182,86,99,9,0,0
2020,801,680,182,86,99,9,0,0
2021,801,680,182,86,99,9,0,0
2022,801,679,182,86,99,9,0,1
2023,801,679,182,86,99,9,0,1
2024,801,679,182,86,99,9,0,1
2025,801,679,182,86,99,9,0,1
2026,801,679,181,86,99,9,0,0
2027,801,679,181,86,99,9,0,0
2028,801,679,181,86,99,9,0,0
2029,801,679,181,86,99,9,0,0
2030,801,679,181,86,99,9,0,0
2031,801,679,181,86,99,9,0,0
2032,801,679,181,86,99,9,0,0
2033,801,679,181,86,99,9,0,0
2034,801,679,181,86,99,9,0,0
2035,801,679,181,86,99,9,0,0
2036,801,680,181,86,99,9,0,0
2037,801,680,181,86,99,9,0,0
2038,801,680,181,86,99,9,0,0
2039,801,679,181,86,99,9,0,0
2040,801,680,182,85,99,9,0,0
2041,801,679,182,86,99,9,0,0
2042,801,679,182,86,99,9,0,0
2043,801,679,182,86,99,9,0,0
2044,801,679,182,86,99,9,0,0
2045,801,679,182,86,99,9,0,0
2046,801,679,182,86,99,9,0,0
2047,801,679,182,86,99,9,0,0
2048,801,679,182,86,99,9,0,0
2049,801,679,182,86,99,9,0,0
2050,801,679,182,86,99,9,0,0
2051,801,679,182,86,99,9,0,0
2052,801,679,182,86,99,9,0,0
2053,801,680,182,86,99,9,0,0
2054,801,680,182,86,99,9,0,0
2055,801,680,182,86,99,9,0,0
2056,801,680,182,86,99,9,0,0
2057,801,680,182,86,99,9,0,0
2058,801,680,182,86,99,9,0,0
2059,801,680,182,86,99,9,0,0
2060,801,680,182,86,99,9,0,0
2061,801,680,182,86,99,9,0,0
2062,801,679,182,86,99,9,0,0
2063,801,680,182,86,99,9,0,0
2064,801,680,182,86,99,9,0,0
2065,801,680,182,86,99,9,0,0
2066,801,679,182,86,99,9,0,0
2067,801,679,182,86,99,9,0,0
2068,801,679,182,86,99,9,0,0
2069,801,679,182,86,99,9,0,0
2070,801,679,182,86,99,9,0,0
2071,801,679,182,86,99,9,0,0
2072,801,679,182,86,99,9,0,0
2073,801,680,182,86,99,9,0,0
2074,801,680,182,86,99,9,0,0
2075,801,680,182,86,99,9,0,0
2076,801,680,182,85,99,9,0,0
2077,801,680,182,85,99,9,0,0
2078,801,680,182,85,99,9,0,0
2079,801,680,182,85,99,9,0,0
2080,801,680,181,85,99,9,0,0
2081,801,680,181,85,99,9,0,0
2082,801,680,181,85,99,9,0,0
2083,801,680,181,85,99,9,0,0
2084,801,680,181,85,99,9,0,0
2085,801,680,182,85,99,9,0,0
2086,801,680,182,85,99,9,0,0
2087,801,679,182,86,99,9,0,0
2088,801,679,182,87,99,9,0,0
2089,801,679,182,87,99,9,0,0
2090,801,679,182,87,99,9,0,0
2091,801,679,182,87,99,9,0,0
2092,801,679,182,87,99,9,0,0
2093,801,679,182,87,99,9,0,0
2094,801,679,182,87,99,9,0,0
2095,801,679,182,86,99,9,0,0
2096,801,679,182,86,99,9,0,0
2097,801,679,182,86,99,9,0,0
2098,801,679,182,87,99,9,0,0
2099,801,679,182,87,99,9,0,0
2100,801,679,182,86,99,9,0,0
2101,801,679,182,86,99,9,0,0
2102,801,679,182,86,99,9,0,0
2103,801,679,182,86,99,9,0,0
2104,801,679,182,86,99,9,0,0
2105,801,679,182,86,99,9,0,0
2106,801,679,182,86,99,9,0,0
2107,801,679,182,86,99,9,0,0
2108,801,679,182,86,99,9,0,0
2109,801,679,182,86,99,9,0,0
2110,801,679,182,86,99,9,0,0
2111,801,679,182,86,99,9,0,0
2112,801,679,182,86,99,9,0,0
2113,801,679,182,86,99,9,0,0
2114,801,679,182,86,99,9,0,0
2115,801,679,182,86,99,9,0,0
2116,801,679,182,86,99,9,0,0
2117,801,679,182,86,99,9,0,0
2118,801,679,182,86,99,9,0,0
2119,801,679,182,86,99,9,0,0
2120,801,679,182,86,99,9,0,0
2121,801,679,182,86,99,9,0,0
2122,801,679,182,86,99,9,0,0
2123,801,679,182,86,99,9,0,0
2124,801,679,182,87,99,9,0,0
2125,801,679,182,87,99,9,0,0
2126,801,679,182,87,99,9,0,0
2127,801,679,182,87,99,9,0,0
2128,801,679,182,86,99,9,0,0
2129,801,679,182,86,99,9,0,0
2130,801,679,182,86,99,9,0,0
2131,801,679,182,86,99,9,0,0
2132,801,679,182,86,99,9,0,0
2133,801,679,182,87,99,9,0,0
2134,801,679,182,87,99,9,0,0
2135,801,679,182,87,99,9,0,0
2136,801,679,182,87,99,9,0,0
2137,801,679,182,87,99,9,0,0
2138,801,679,182,87,99,9,0,0
2139,801,679,182,87,99,9,0,0
2140,801,679,182,87,99,9,0,0
2141,801,679,182,87,99,9,0,0
2142,801,679,182,87,99,9,0,0
2143,801,679,182,87,99,9,0,0
2144,801,679,182,87,99,9,0,0
2145,801,679,182,87,99,9,0,0
2146,801,679,182,87,99,9,0,0
2147,801,679,182,87,99,9,0,0
2148,801,679,181,86,99,9,0,0
2149,801,679,181,86,99,9,0,0
2150,801,679,181,86,99,9,0,0
2151,801,679,181,87,99,9,0,0
2152,801,679,181,87,99,9,0,0
2153,801,679,181,87,99,9,0,0
2154,801,678,181,87,99,9,0,0
2155,801,678,181,87,99,9,0,0
2156,801,678,181,87,99,9,0,0
2157,801,678,181,87,99,9,0,0
2158,801,678,181,87,99,9,0,0
2159,801,678,181,87,99,9,0,0
2160,801,679,181,87,99,9,0,0
2161,801,679,181,87,99,9,0,0
2162,801,679,181,87,99,9,0,0
2163,801,679,181,87,99,9,0,0
2164,801,679,181,87,99,9,0,0
2165,801,679,181,87,99,9,0,0
2166,801,679,181,87,99,9,0,0
2167,801,679,181,87,99,9,0,0
2168,801,679,181,87,99,9,0,0
2169,801,679,181,87,99,9,0,0
2170,801,679,181,87,99,9,0,0
2171,801,679,181,87,99,9,0,0
2172,801,679,182,86,99,9,0,0
2173,801,679,182,86,99,9,0,0
2174,801,679,182,86,99,9,0,0
2175,801,679,182,86,99,9,0,0
2176,801,679,182,86,99,9,0,0
2177,801,679,182,86,99,9,0,0
2178,801,679,182,86,99,9,0,0
2179,801,679,182,87,99,9,0,0
2180,801,679,182,87,99,9,0,0
2181,801,679,182,87,99,9,0,0
2182,801,679,182,87,99,9,0,0
2183,801,679,182,87,99,9,0,0
2184,801,679,182,87,99,9,0,0
2185,801,679,182,87,99,9,0,0
2186,801,679,182,87,99,9,0,0
2187,801,679,182,87,99,9,0,0
2188,801,679,182,87,99,9,0,0
2189,801,680,182,86,99,9,0,0
2190,801,680,182,86,99,9,0,0
2191,801,680,182,86,99,9,0,0
2192,801,680,182,86,99,9,0,0
2193,801,680,182,86,99,9,0,0
2194,801,680,182,86,99,9,0,0
2195,801,680,182,86,99,9,0,0
2196,801,679,181,86,99,9,0,0
2197,801,679,181,86,99,9,0,0
2198,801,679,181,86,99,9,0,0
2199,801,679,181,86,99,9,0,0
2200,801,679,181,86,99,9,0,0
2201,801,679,181,86,99,9,0,0
2202,801,679,180,86,99,9,0,0
2203,801,679,180,86,99,9,0,0
2204,801,679,180,87,99,9,0,0
2205,801,679,180,87,99,9,0,0
2206,801,679,180,87,99,9,0,0
2207,801,679,180,87,99,9,0,0
2208,801,679,181,86,99,9,0,0
2209,801,680,181,86,99,9,0,0
2210,801,680,181,86,99,9,0,0
2211,801,680,181,86,99,9,0,0
2212,801,680,181,86,99,9,0,0
2213,801,680,181,86,99,9,0,0
2214,801,680,181,86,99,9,0,0
2215,801,680,181,86,99,9,0,0
2216,801,680,181,86,99,9,0,0
2217,801,680,181,86,99,9,0,0
2218,801,680,181,86,99,9,0,0
2219,801,680,181,86,99,9,0,1
2220,801,679,181,86,99,9,0,1
2221,801,679,181,86,99,9,0,1
2222,801,679,181,86,99,9,0,1
2223,801,679,181,86,99,9,0,1
2224,801,679,181,86,99,9,0,1
2225,801,679,181,86,99,9,0,0
2226,801,680,181,86,99,9,0,0
2227,801,679,181,86,99,9,0,0
2228,801,679,182,86,99,9,0,0
2229,801,679,180,86,99,9,0,0
2230,801,679,180,86,99,9,0,0
2231,801,679,180,86,99,9,0,0
2232,802,680,180,86,99,9,0,0
2233,802,680,180,85,99,9,0,0
2234,802,680,180,86,99,9,0,0
2235,802,680,180,85,99,9,0,0
2236,802,680,180,85,99,9,0,0
2237,802,680,180,85,99,9,0,0
2238,802,680,180,86,99,9,0,0
2239,801,679,181,86,99,9,0,0
2240,801,679,181,86,99,9,0,0
2241,801,679,181,86,99,9,0,0
2242,801,679,181,86,99,9,0,0
2243,801,679,181,86,99,9,0,0
2244,801,679,181,86,99,9,0,0
2245,801,679,181,86,99,9,0,0
2246,801,679,181,86,99,9,0,0
2247,801,679,181,86,99,9,0,0
2248,801,679,181,86,99,9,0,0
2249,801,679,181,86,99,9,0,1
2250,801,679,181,87,99,9,0,1
2251,801,679,181,87,99,9,0,1
2252,801,679,181,87,99,9,0,1
2253,801,679,181,87,99,9,0,0
2254,801,679,181,86,99,9,0,1
2255,801,679,181,87,99,9,0,1
2256,801,679,182,86,99,9,0,1
2257,801,679,182,86,99,9,0,1
2258,801,679,182,86,99,9,0,0
2259,801,680,181,86,99,9,0,0
2260,801,680,181,86,99,9,0,0
2261,801,680,181,86,99,9,0,0
2262,801,680,181,85,99,9,0,0
2263,801,680,181,86,99,9,0,0
2264,801,680,181,86,99,9,0,0
2265,801,680,181,86,99,9,0,0
2266,801,680,181,85,99,9,0,0
2267,801,680,181,85,99,9,0,0
2268,801,680,181,86,99,9,0,0
2269,801,680,181,86,99,9,0,0
2270,801,680,181,86,99,9,0,0
2271,801,680,181,86,99,9,0,0
2272,801,680,181,86,99,9,0,0
2273,801,680,181,86,99,9,0,0
2274,801,680,181,86,99,9,0,0
2275,801,680,181,86,99,9,0,0
2276,801,680,181,86,99,9,0,0
2277,801,680,181,86,99,9,0,0
2278,801,680,181,86,99,9,0,0
1131,0,526,20,51,100,6,0,0
1132,0,526,20,51,100,6,0,0
1133,0,526,20,51,100,6,0,0
1134,0,526,20,51,100,6,0,0
1135,0,526,20,51,100,6,0,0
1136,0,526,20,51,100,6,0,0
1137,0,526,20,51,100,6,0,0
1138,0,526,20,51,100,6,0,0
1139,0,526,20,51,100,6,0,0
1140,0,527,20,50,100,6,0,0
1141,0,526,20,50,100,6,0,0
1142,0,526,20,50,100,6,0,0
1143,0,526,20,50,100,6,0,0
1144,0,527,20,49,100,6,0,0
1145,0,527,20,49,100,6,0,0
1146,0,527,20,49,100,6,0,0
1147,0,527,20,49,100,6,0,0
1148,0,527,20,49,100,6,0,0
1149,0,527,20,49,100,6,0,0
1150,0,527,20,49,100,6,0,0
1151,0,527,20,50,100,6,0,0
1152,0,526,20,52,100,6,0,0
1153,0,526,20,52,100,6,0,0
1154,0,526,20,52,100,6,0,0
1155,0,526,20,53,100,6,0,0
1156,0,526,20,52,100,6,0,0
1157,0,526,20,52,100,6,0,0
1158,0,526,20,52,100,6,0,0
1159,0,526,20,53,100,6,0,0
1160,0,526,20,53,100,6,0,0
1161,0,527,20,50,100,6,0,0
1162,0,527,20,50,100,6,0,0
1163,0,527,20,50,100,6,0,0
1164,0,527,20,50,100,6,0,0
1165,0,527,20,50,100,6,0,0
1166,0,527,20,50,100,6,0,0
1167,0,527,20,50,100,6,0,0
1168,0,527,20,50,100,6,0,0
1169,0,527,20,50,100,6,0,0
1170,0,527,20,50,100,6,0,0
1171,0,526,20,53,100,6,0,0
1172,0,526,20,53,100,6,0,0
1173,0,526,20,53,100,6,0,0
1174,0,526,20,53,100,6,0,0
1175,0,526,20,53,100,6,0,0
1176,0,527,19,53,100,6,0,0
1177,0,526,19,53,100,6,0,0
1178,0,526,19,53,100,6,0,0
1179,0,526,19,53,100,6,0,0
1180,0,526,19,53,100,6,0,0
1181,0,527,20,52,100,6,0,0
1182,0,527,20,52,100,6,0,0
1183,0,527,20,53,100,6,0,0
1184,0,527,20,53,100,6,0,0
1185,0,527,20,53,100,6,0,0
1186,0,527,20,53,100,6,0,0
1187,0,527,20,52,100,6,0,0
1188,0,526,20,52,100,6,0,1
1189,0,526,20,52,100,6,0,1
1190,0,526,20,52,100,6,0,1
1191,0,526,20,51,100,6,0,1
1192,0,526,20,51,100,6,0,1
1193,0,526,20,51,100,6,0,0
1194,0,526,20,51,100,6,0,0
1195,0,526,20,51,100,6,0,0
1196,0,526,20,51,100,6,0,0
1197,0,526,20,51,100,6,0,0
1198,0,526,20,51,100,6,0,0
1199,0,526,20,51,100,6,0,0
1200,0,526,20,52,100,6,0,0
1201,0,526,20,52,100,6,0,0
1202,0,526,20,52,100,6,0,0
1203,0,526,20,52,100,6,0,0
1204,0,526,20,52,100,6,0,0
1205,0,526,20,52,100,6,0,0
1206,0,526,20,52,100,6,0,0
1207,0,526,20,52,100,6,0,0
1208,0,526,20,52,100,6,0,0
1209,0,526,20,52,100,6,0,0
1210,0,526,20,52,100,6,0,0
1211,0,526,20,52,100,6,0,0
1212,0,526,20,52,100,6,0,0
1213,0,526,20,52,100,6,0,0
1214,0,526,20,52,100,6,0,0
1215,0,526,20,52,100,6,0,0
1216,0,526,20,52,100,6,0,0
1217,0,526,20,52,100,6,0,0
1218,0,526,20,52,100,6,0,0
1219,0,526,20,52,100,6,0,0
1220,0,526,20,52,100,6,0,0
1221,0,526,20,52,100,6,0,0
1222,0,526,20,52,100,6,0,0
1223,0,526,20,52,100,6,0,0
1224,0,526,20,52,100,6,0,0
1225,0,526,20,52,100,6,0,0
1226,0,526,20,52,100,6,0,0
1227,0,526,20,52,100,6,0,0
1228,0,526,20,52,100,6,0,0
1229,0,526,20,52,100,6,0,0
1230,0,526,20,52,100,6,0,0
1231,0,526,20,52,100,6,0,0
1232,0,526,20,51,100,6,0,0
1233,0,526,20,51,100,6,0,0
1234,0,526,20,52,100,6,0,0
1235,0,526,20,52,100,6,0,0
1236,0,526,20,52,100,6,0,0
1237,0,526,20,52,100,6,0,0
1238,0,526,20,52,100,6,0,0
1239,0,526,20,52,100,6,0,0
1240,0,526,20,52,100,6,0,0
1241,0,526,20,52,100,6,0,0
1242,0,526,20,52,100,6,0,0
1243,0,526,20,52,100,6,0,0
1244,0,526,20,52,100,6,0,0
1245,0,526,20,52,100,6,0,0
1246,0,526,20,52,100,6,0,0
1247,0,526,20,52,100,6,0,0
1248,0,526,20,51,100,6,0,0
1249,0,526,20,51,100,6,0,0
1250,0,526,19,51,100,6,0,0
1251,0,526,19,51,100,6,0,0
1252,0,526,19,51,100,6,0,0
1253,0,526,19,51,100,6,0,0
1254,0,526,19,51,100,6,0,0
1255,0,526,19,51,100,6,0,0
1256,0,526,19,51,100,6,0,0
1257,0,526,19,51,100,6,0,0
1258,0,526,19,51,100,6,0,0
1259,0,526,19,51,100,6,0,0
1260,0,526,19,52,100,6,0,0
1261,0,526,20,52,100,6,0,0
1262,0,526,20,51,100,6,0,0
1263,0,526,20,51,100,6,0,0
1264,0,526,20,51,100,6,0,0
1265,0,526,20,51,100,6,0,0
1266,0,526,20,51,100,6,0,0
1267,0,526,20,51,100,6,0,0
1268,0,526,20,51,100,6,0,0
1269,0,526,20,51,100,6,0,0
1270,0,526,20,51,100,6,0,0
1271,0,527,20,51,100,6,0,0
1272,0,528,20,51,100,6,0,0
1273,0,528,20,51,100,6,0,1
1274,0,528,20,53,100,6,0,1
1275,0,528,20,53,100,6,0,1
1276,0,528,20,53,100,6,0,1
1277,0,528,20,53,100,6,0,1
1278,0,528,20,53,100,6,0,0
1279,0,528,20,53,100,6,0,1
1280,0,528,20,53,100,6,0,1
1281,0,526,20,50,100,6,0,2
1282,0,526,20,50,100,6,0,2
1283,0,526,20,50,100,6,0,2
1284,0,526,20,50,100,6,0,2
1285,0,526,20,50,100,6,0,2
1286,0,526,20,50,100,6,0,1
1287,0,526,20,50,100,6,0,0
1288,0,526,20,50,100,6,0,0
1289,0,526,20,50,100,6,0,0
1290,0,526,20,50,100,6,0,0
1291,0,526,20,50,100,6,0,0
1292,0,526,20,50,100,6,0,0
1293,0,526,20,50,100,6,0,0
1294,0,526,20,50,100,6,0,0
1295,0,526,20,50,100,6,0,0
1296,0,525,20,50,100,6,0,0
1297,0,525,20,50,100,6,0,0
1298,0,525,20,50,100,6,0,0
1299,0,525,20,50,100,6,0,0
1300,0,525,20,50,100,6,0,0
1301,0,525,20,50,100,6,0,0
1302,0,525,20,50,100,6,0,0
1303,0,525,20,50,100,6,0,0
1304,0,525,20,50,100,6,0,0
1305,0,525,20,50,100,6,0,0
1306,0,525,20,50,100,6,0,0
1307,0,525,20,50,100,6,0,0
1308,0,526,20,50,100,6,0,0
1309,0,526,20,50,100,6,0,0
1310,0,526,20,50,100,6,0,0
1311,0,526,20,50,100,6,0,0
1312,0,526,20,50,100,6,0,0
1313,0,526,20,50,100,6,0,0
1314,0,526,20,50,100,6,0,0
1315,0,526,20,50,100,6,0,0
1316,0,526,20,50,100,6,0,0
1317,0,526,20,50,100,6,0,0
1318,0,526,20,50,100,6,0,0
1319,0,526,20,50,100,6,0,0
1320,0,526,20,50,100,6,0,0
1321,0,525,20,50,100,6,0,0
1322,0,525,20,50,100,6,0,0
1323,0,525,20,50,100,6,0,0
1324,0,526,20,50,100,6,0,0
1325,0,525,20,50,100,6,0,0
1326,0,526,20,50,100,6,0,0
1327,0,526,20,50,100,6,0,0
1328,0,525,20,50,100,6,0,0
1329,0,525,20,50,100,6,0,0
1330,0,525,20,50,100,6,0,1
1331,0,526,20,51,100,6,0,1
1332,0,526,20,54,100,6,0,2
1333,0,526,20,54,100,6,0,2
1334,0,526,20,54,100,6,0,2
1335,0,526,20,54,100,6,0,2
1336,0,526,20,54,100,6,0,1
1337,0,526,20,54,100,6,0,1
1338,0,526,20,54,100,6,0,0
1339,0,526,20,54,100,6,0,0
1340,0,526,20,54,100,6,0,0
1341,0,526,20,54,100,6,0,0
1342,0,526,20,54,100,6,0,0
1343,0,526,20,52,100,6,0,0
1344,0,526,20,53,100,6,0,0
1345,0,526,20,53,100,6,0,0
1346,0,526,20,53,100,6,0,0
1347,0,526,20,53,100,6,0,0
1348,0,526,20,53,100,6,0,0
1349,0,526,20,53,100,6,0,0
1350,0,526,20,53,100,6,0,0
1351,0,526,20,52,100,6,0,0
1352,0,526,20,52,100,6,0,0
1353,0,526,20,52,100,6,0,0
1354,0,526,20,52,100,6,0,0
1355,0,526,20,52,100,6,0,0
1356,0,526,20,52,100,6,0,0
1357,0,526,20,52,100,6,0,0
1358,0,526,20,52,100,6,0,0
1359,0,526,20,52,100,6,0,0
1360,0,526,20,52,100,6,0,0
1361,0,526,20,52,100,6,0,0
1362,0,526,20,52,100,6,0,0
1363,0,526,20,52,100,6,0,0
1364,0,526,20,52,100,6,0,0
1365,0,526,20,52,100,6,0,0
1366,0,526,20,52,100,6,0,0
1367,0,526,20,52,100,6,0,0
1368,0,526,20,52,100,6,0,0
1369,0,526,20,52,100,6,0,0
1370,0,526,20,52,100,6,0,0
1371,0,526,20,52,100,6,0,0
1372,0,526,20,52,100,6,0,0
1373,0,526,20,50,100,6,0,0
1374,0,526,20,50,100,6,0,0
1375,0,526,20,50,100,6,0,0
1376,0,526,20,50,100,6,0,0
1377,0,526,20,50,100,6,0,0
1378,0,526,20,50,100,6,0,0
1379,0,526,20,50,100,6,0,0
1380,0,527,20,51,100,6,0,0
1381,0,527,20,51,100,6,0,0
1382,0,527,20,51,100,6,0,0
1383,0,527,20,51,100,6,0,0
1384,0,527,20,51,100,6,0,0
1385,0,527,20,51,100,6,0,0
1386,0,527,20,51,100,6,0,0
1387,0,527,20,51,100,6,0,0
1388,0,527,20,51,100,6,0,0
1389,0,527,20,51,100,6,0,0
1390,0,527,20,51,100,6,0,0
1391,0,526,20,51,100,6,0,0
1392,0,526,19,52,100,6,0,0
1393,0,526,19,52,100,6,0,0
1394,0,526,19,52,100,6,0,0
1395,0,526,20,52,100,6,0,0
1396,0,526,20,52,100,6,0,0
1397,0,526,20,52,100,6,0,0
1398,0,526,20,52,100,6,0,0
1399,0,526,20,52,100,6,0,0
1400,0,526,19,52,100,6,0,0
1401,0,526,19,51,100,6,0,0
1402,0,525,19,51,100,6,0,0
1403,0,525,21,52,100,6,0,0
1404,0,526,20,50,100,6,0,0
1405,0,526,21,50,100,6,0,0
1406,0,526,20,50,100,6,0,0
1407,0,526,20,50,100,6,0,0
1408,0,526,20,50,100,6,0,0
1409,0,526,20,50,100,6,0,0
1410,0,526,20,50,100,6,0,0
1411,0,526,20,50,100,6,0,0
1412,0,526,21,50,100,6,0,0
1413,0,526,21,50,100,6,0,0
1414,0,526,20,50,100,6,0,0
1415,0,526,19,50,100,6,0,0
1416,0,527,19,49,100,6,0,0
1440,0,527,20,50,100,6,0,0
1441,0,526,20,50,100,6,0,0
1442,0,526,20,50,100,6,0,0
1443,0,526,20,50,100,6,0,0
1444,0,526,20,50,100,6,0,0
1445,0,526,20,50,100,6,0,0
1446,0,526,20,50,100,6,0,0
1447,0,526,20,50,100,6,0,0
1448,0,526,20,50,100,6,0,0
1449,0,526,20,51,100,6,0,0
1450,0,526,20,51,100,6,0,0
1451,0,527,20,50,100,6,0,0
1452,0,527,20,50,100,6,0,0
1453,0,527,20,50,100,6,0,0
1454,0,527,20,50,100,6,0,0
1455,0,527,20,50,100,6,0,0
1456,0,527,20,50,100,6,0,0
1457,0,527,20,50,100,6,0,0
1458,0,527,20,51,100,6,0,0
1459,0,527,20,51,100,6,0,0
1460,0,527,20,50,100,6,0,0
1461,0,525,20,54,100,6,0,0
1462,0,525,20,54,100,6,0,0
1463,0,525,20,54,100,6,0,0
1464,0,526,20,52,100,6,0,0
1465,0,525,20,52,100,6,0,0
1466,0,525,20,52,100,6,0,0
1467,0,525,20,52,100,6,0,0
1468,0,525,20,52,100,6,0,0
1469,0,525,20,52,100,6,0,0
1470,0,525,20,52,100,6,0,0
1471,0,525,20,53,100,6,0,0
1472,0,525,20,52,100,6,0,0
1473,0,525,20,52,100,6,0,0
1474,0,525,20,52,100,6,0,0
1475,0,525,20,52,100,6,0,0
1476,0,525,20,52,100,6,0,0
1477,0,525,20,52,100,6,0,0
1478,0,525,20,52,100,6,0,0
1479,0,525,20,53,100,6,0,0
1480,0,525,20,53,100,6,0,0
1481,0,525,20,53,100,6,0,0
1482,0,525,20,53,100,6,0,0
1483,0,525,20,53,100,6,0,0
1484,0,526,20,53,100,6,0,0
1485,0,526,20,53,100,6,0,0
1486,0,526,20,52,100,6,0,0
1487,0,526,20,52,100,6,0,0
1488,0,526,20,51,100,6,0,0
1489,0,526,20,51,100,6,0,0
1490,0,525,20,52,100,6,0,0
1491,0,525,20,52,100,6,0,0
1492,0,526,20,51,100,6,0,0
1493,0,526,20,51,100,6,0,0
1494,0,526,20,51,100,6,0,0
1495,0,526,20,51,100,6,0,0
1496,0,526,20,51,100,6,0,0
1497,0,526,20,51,100,6,0,0
1498,0,526,20,51,100,6,0,0
1499,0,526,20,51,100,6,0,0
1500,0,525,20,54,100,6,0,0
1501,0,525,20,52,100,6,0,0
1502,0,525,20,52,100,6,0,0
1503,0,525,20,52,100,6,0,0
1504,0,525,20,52,100,6,0,0
1505,0,525,20,52,100,6,0,0
1506,0,525,20,52,100,6,0,0
1507,0,525,20,52,100,6,0,0
1508,0,525,20,52,100,6,0,0
1509,0,525,20,52,100,6,0,0
1510,0,525,20,52,100,6,0,0
1511,0,525,20,51,100,6,0,0
1512,0,526,20,51,100,6,0,0
1513,0,526,20,51,100,6,0,0
1514,0,526,20,51,100,6,0,0
1515,0,526,20,51,100,6,0,0
1516,0,526,20,51,100,6,0,0
1517,0,526,20,51,100,6,0,0
1518,0,526,20,51,100,6,0,0
1519,0,526,20,51,100,6,0,0
1520,0,526,20,51,100,6,0,0
1521,0,526,20,51,100,6,0,0
1522,0,526,20,51,100,6,0,0
1523,0,526,20,51,100,6,0,0
1524,0,526,20,51,100,6,0,0
1525,0,526,20,51,100,6,0,0
1526,0,526,20,51,100,6,0,0
1527,0,526,20,51,100,6,0,0
1528,0,526,20,51,100,6,0,0
1529,0,526,20,51,100,6,0,0
1530,0,526,20,52,100,6,0,0
1531,0,526,20,52,100,6,0,0
1532,0,525,20,52,100,6,0,0
1533,0,525,20,52,100,6,0,0
1534,0,525,20,52,100,6,0,0
1535,0,525,20,52,100,6,0,0
1536,0,525,19,52,100,6,0,0
1537,0,525,20,52,100,6,0,0
1538,0,525,20,52,100,6,0,0
1539,0,526,19,52,100,6,0,0
1540,0,526,20,52,100,6,0,0
1541,0,526,20,52,100,6,0,0
1542,0,526,20,52,100,6,0,0
1543,0,525,20,52,100,6,0,0
1544,0,525,19,52,100,6,0,0
1545,0,525,19,52,100,6,0,0
1546,0,525,19,52,100,6,0,0
1547,0,525,19,52,100,6,0,0
1548,0,525,20,52,100,6,0,0
1549,0,525,20,52,100,6,0,0
1550,0,525,20,52,100,6,0,0
1551,0,525,20,51,100,6,0,0
1552,0,526,20,51,100,6,0,0
1553,0,526,20,51,100,6,0,0
1554,0,526,20,51,100,6,0,0
1555,0,526,20,51,100,6,0,0
1556,0,526,20,51,100,6,0,0
1557,0,526,20,51,100,6,0,0
1558,0,526,20,51,100,6,0,0
1559,0,526,20,51,100,6,0,0
1560,0,526,20,52,100,6,0,0
1561,0,526,20,52,100,6,0,0
1562,0,526,20,52,100,6,0,0
1563,0,526,20,52,100,6,0,0
1564,0,526,20,52,100,6,0,0
1565,0,526,20,52,100,6,0,0
1566,0,526,20,52,100,6,0,0
1567,0,526,20,52,100,6,0,0
1568,0,526,20,52,100,6,0,0
1569,0,526,20,52,100,6,0,0
1570,0,526,20,52,100,6,0,0
1571,0,526,20,52,100,6,0,0
1572,0,526,20,52,100,6,0,0
1573,0,526,20,53,100,6,0,0
1574,0,526,20,53,100,6,0,0
1575,0,526,20,53,100,6,0,0
1576,0,526,20,53,100,6,0,0
1577,0,526,20,53,100,6,0,0
1578,0,526,20,53,100,6,0,0
1579,0,526,20,53,100,6,0,0
1580,0,526,20,53,100,6,0,0
1581,0,526,20,53,100,6,0,0
1582,0,526,20,53,100,6,0,0
1583,0,526,20,53,100,6,0,0
1584,0,526,20,51,100,6,0,0
1585,0,526,20,51,100,6,0,0
1586,0,526,20,51,100,6,0,0
1587,0,526,20,51,100,6,0,0
1588,0,527,20,50,100,6,0,0
1589,0,527,20,50,100,6,0,0
1590,0,527,20,50,100,6,0,0
1591,0,527,20,50,100,6,0,0
1592,0,527,20,50,100,6,0,0
1593,0,527,20,50,100,6,0,0
1594,0,527,20,50,100,6,0,0
1595,0,527,20,50,100,6,0,0
1596,0,527,20,50,100,6,0,0
1597,0,527,20,50,100,6,0,0
1598,0,527,20,50,100,6,0,0
1599,0,527,20,50,100,6,0,0
1600,0,527,20,50,100,6,0,0
1601,0,527,20,50,100,6,0,0
1602,0,527,20,50,100,6,0,0
1603,0,527,20,50,100,6,0,0
1604,0,527,20,50,100,6,0,0
1605,0,527,20,50,100,6,0,0
1606,0,527,19,50,100,6,0,0
1607,0,527,19,50,100,6,0,0
1608,0,527,19,50,100,6,0,0
1609,0,527,19,50,100,6,0,0
1610,0,527,19,50,100,6,0,0
1611,0,527,19,50,100,6,0,0
1612,0,527,19,50,100,6,0,0
1613,0,527,19,50,100,6,0,0
1614,0,527,19,50,100,6,0,0
1615,0,527,19,50,100,6,0,0
1616,0,527,19,50,100,6,0,0
1617,0,527,19,50,100,6,0,0
1618,0,527,19,50,100,6,0,0
1619,0,527,19,50,100,6,0,0
1620,0,527,20,50,100,6,0,0
1621,0,527,20,50,100,6,0,0
1622,0,527,20,50,100,6,0,0
1623,0,527,20,50,100,6,0,0
1624,0,527,20,50,100,6,0,0
1625,0,527,20,50,100,6,0,0
1626,0,527,20,50,100,6,0,0
1627,0,527,20,50,100,6,0,0
1628,0,526,20,51,100,6,0,0
1629,0,526,20,51,100,6,0,0
1630,0,526,20,51,100,6,0,0
1631,0,526,20,50,100,6,0,0
1632,0,526,20,50,100,6,0,0
1633,0,526,20,50,100,6,0,0
1634,0,526,20,50,100,6,0,0
1635,0,526,20,50,100,6,0,0
1636,0,526,20,50,100,6,0,0
1637,0,526,20,50,100,6,0,0
1638,0,527,20,50,100,6,0,0
1639,0,527,20,50,100,6,0,0
1640,0,527,20,50,100,6,0,0
1641,0,527,20,50,100,6,0,0
1642,0,526,20,51,100,6,0,0
1643,0,526,20,51,100,6,0,0
1644,0,527,20,50,100,6,0,0
1645,0,527,20,50,100,6,0,0
1646,0,527,20,50,100,6,0,0
1647,0,527,20,52,100,6,0,0
1652,0,527,20,50,100,6,0,0
1653,0,527,21,50,100,6,0,0
1654,0,527,20,49,100,6,0,0
1655,0,527,21,51,100,6,0,0
1656,0,527,19,51,100,6,0,0
1657,0,526,19,51,100,6,0,0
1658,0,526,19,51,100,6,0,0
1659,0,526,19,51,100,6,0,0
1660,0,526,19,52,100,6,0,0
1661,0,526,19,52,100,6,0,0
1662,0,526,19,52,100,6,0,0
1663,0,526,19,52,100,6,0,0
1664,0,526,19,52,100,6,0,0
1665,0,526,19,52,100,6,0,0
1666,0,526,19,52,100,6,0,0
1667,0,526,19,53,100,6,0,0
1668,0,526,19,50,100,6,0,0
1669,0,526,19,50,100,6,0,0
1670,0,526,19,50,100,6,0,0
1671,0,526,19,50,100,6,0,1
1672,0,526,19,50,100,6,0,1
1673,0,526,19,50,100,6,0,0
1674,0,526,19,50,100,6,0,0
1675,0,526,19,51,100,6,0,0
1676,0,526,19,50,100,6,0,0
1677,0,526,20,50,100,6,0,0
1678,0,526,19,49,100,6,0,0
1679,0,526,19,49,100,6,0,0
1680,0,527,19,49,100,6,0,0
1681,0,527,19,49,100,6,0,0
1682,0,526,19,49,100,6,0,0
1683,0,526,19,50,100,6,0,0
1684,0,526,19,49,100,6,0,0
1685,0,526,20,49,100,6,0,0
1686,0,526,20,49,100,6,0,0
1687,0,526,20,49,100,6,0,0
1688,0,526,20,50,100,6,0,0
1689,0,526,20,49,100,6,0,0
1690,0,526,20,49,100,6,0,0
1691,0,526,20,49,100,6,0,0
1692,0,527,19,49,100,6,0,0
1693,0,527,19,49,100,6,0,0
1694,0,527,19,49,100,6,0,0
1695,0,527,19,49,100,6,0,0
1696,0,527,19,49,100,6,0,0
1697,0,527,19,49,100,6,0,0
1698,0,527,19,49,100,6,0,0
1699,0,527,19,49,100,6,0,0
1700,0,527,20,49,100,6,0,0
1701,0,527,20,49,100,6,0,0
1702,0,527,20,49,100,6,0,0
1703,0,527,20,49,100,6,0,0
1704,0,527,20,49,100,6,0,0
1705,0,527,20,49,100,6,0,0
1706,0,527,20,49,100,6,0,0
1707,0,527,20,49,100,6,0,0
1708,0,527,20,49,100,6,0,0
1709,0,527,20,49,100,6,0,0
1710,0,527,20,49,100,6,0,0
1711,0,527,20,49,100,6,0,0
1712,0,527,20,50,100,6,0,0
1713,0,527,20,49,100,6,0,0
1714,0,527,20,49,100,6,0,0
1715,0,527,20,49,100,6,0,0
1716,0,527,20,49,100,6,0,0
1717,0,527,20,49,100,6,0,0
1718,0,527,19,50,100,6,0,0
1719,0,527,19,50,100,6,0,0
1720,0,527,19,50,100,6,0,0
1721,0,527,19,50,100,6,0,0
1722,0,527,19,50,100,6,0,0
1723,0,527,19,50,100,6,0,0
1724,0,527,19,50,100,6,0,0
1725,0,527,19,50,100,6,0,0
1726,0,527,19,50,100,6,0,0
1727,0,527,19,50,100,6,0,0
1728,0,526,19,50,100,6,0,0
1729,0,526,19,50,100,6,0,0
1730,0,526,19,50,100,6,0,0
1731,0,526,19,50,100,6,0,0
1732,0,526,19,50,100,6,0,0
1733,0,526,19,50,100,6,0,0
1734,0,526,19,50,100,6,0,0
1735,0,527,19,50,100,6,0,0
1736,0,526,19,50,100,6,0,0
1737,0,526,19,50,100,6,0,0
1738,0,526,19,50,100,6,0,0
1739,0,526,19,50,100,6,0,0
1740,0,526,20,50,100,6,0,0
1741,0,526,20,50,100,6,0,0
1742,0,526,20,50,100,6,0,0
1743,0,526,20,50,100,6,0,0
1744,0,526,20,50,100,6,0,0
1745,0,526,20,50,100,6,0,0
1746,0,526,20,50,100,6,0,0
1747,0,526,20,50,100,6,0,0
1748,0,526,20,50,100,6,0,0
1749,0,526,20,50,100,6,0,0
1750,0,526,20,50,100,6,0,0
1751,0,526,20,50,100,6,0,0
1752,0,526,20,50,100,6,0,0
1753,0,526,20,50,100,6,0,0
1754,0,526,20,50,100,6,0,0
1755,0,527,20,50,100,6,0,0
1756,0,527,20,50,100,6,0,0
1757,0,527,20,50,100,6,0,0
1758,0,527,20,50,100,6,0,0
1759,0,527,20,50,100,6,0,0
1760,0,527,20,50,100,6,0,0
1761,0,527,20,50,100,6,0,0
1762,0,527,20,50,100,6,0,0
1763,0,527,20,50,100,6,0,0
1764,0,527,20,50,100,6,0,0
1765,0,527,20,50,100,6,0,0
1766,0,527,20,50,100,6,0,0
1767,0,526,20,50,100,6,0,0
1768,0,525,20,53,100,6,0,0
1769,0,525,20,53,100,6,0,0
1770,0,525,20,53,100,6,0,0
1771,0,525,20,54,100,6,0,0
1772,0,525,20,54,100,6,0,0
1773,0,526,20,53,100,6,0,0
1774,0,526,20,53,100,6,0,0
1775,0,526,20,53,100,6,0,0
1776,0,526,20,53,100,6,0,0
1777,0,526,20,53,100,6,0,0
1778,0,526,20,53,100,6,0,0
1779,0,526,20,53,100,6,0,0
1780,0,526,20,53,100,6,0,0
1781,0,526,20,53,100,6,0,0
1782,0,526,20,53,100,6,0,0
1783,0,526,20,53,100,6,0,0
1784,0,526,20,53,100,6,0,0
1785,0,526,20,53,100,6,0,0
1786,0,527,20,50,100,6,0,0
1787,0,527,20,50,100,6,0,1
1788,0,526,20,50,100,6,0,1
1789,0,526,20,50,100,6,0,1
1790,0,526,20,50,100,6,0,1
1791,0,526,20,50,100,6,0,0
1792,0,526,20,51,100,6,0,0
1793,0,526,20,51,100,6,0,0
1794,0,526,20,51,100,6,0,0
1795,0,526,20,51,100,6,0,0
1796,0,526,20,50,100,6,0,0
1797,0,526,20,50,100,6,0,0
1798,0,526,20,49,100,6,0,0
1799,0,526,20,50,100,6,0,0
1800,0,528,20,47,100,6,0,0
1801,0,528,20,47,100,6,0,0
1802,0,528,20,47,100,6,0,0
1803,0,528,20,47,100,6,0,0
1804,0,528,20,47,100,6,0,0
1805,0,528,20,47,100,6,0,0
1806,0,526,20,50,100,6,0,0
1807,0,526,20,50,100,6,0,0
1808,0,526,20,50,100,6,0,0
1809,0,526,20,50,100,6,0,0
1810,0,526,20,50,100,6,0,0
1811,0,526,20,50,100,6,0,0
1812,0,526,19,50,100,6,0,0
1813,0,526,19,50,100,6,0,0
1814,0,526,19,50,100,6,0,0
1815,0,526,19,50,100,6,0,0
1816,0,526,19,50,100,6,0,0
1817,0,526,19,50,100,6,0,0
1818,0,526,19,50,100,6,0,0
1819,0,526,20,51,100,6,0,0
1820,0,526,20,51,100,6,0,0
1821,0,526,19,50,100,6,0,0
1822,0,526,19,50,100,6,0,0
1823,0,526,19,50,100,6,0,0
1824,0,526,19,50,100,6,0,0
1825,0,526,19,50,100,6,0,0
1826,0,526,19,50,100,6,0,0
1827,0,526,19,50,100,6,0,0
1828,0,526,19,49,100,6,0,0
1829,0,526,19,49,100,6,0,0
1830,0,526,19,49,100,6,0,0
1831,0,526,19,50,100,6,0,0
1832,0,526,19,50,100,6,0,0
1833,0,526,19,50,100,6,0,0
1834,0,526,19,50,100,6,0,0
1835,0,526,19,50,100,6,0,0
1836,0,526,19,50,100,6,0,0
1837,0,526,19,50,100,6,0,0
1838,0,526,19,50,100,6,0,0
1839,0,526,19,50,100,6,0,0
1840,0,526,19,50,100,6,0,0
1841,0,526,19,50,100,6,0,0
1842,0,526,19,50,100,6,0,0
1843,0,526,19,50,100,6,0,0
1844,0,526,19,50,100,6,0,0
1845,0,526,19,50,100,6,0,0
1846,0,526,19,51,100,6,0,0
1847,0,527,19,51,100,6,0,0
1848,0,526,20,51,100,6,0,0
1849,0,526,20,51,100,6,0,0
1850,0,526,20,51,100,6,0,0
1851,0,526,20,51,100,6,0,0
1852,0,526,20,51,100,6,0,0
1853,0,526,20,51,100,6,0,0
1854,0,526,20,51,100,6,0,0
1855,0,526,20,51,100,6,0,0
1856,0,526,20,51,100,6,0,0
1857,0,526,20,51,100,6,0,0
1858,0,526,20,51,100,6,0,0
1859,0,526,20,50,100,6,0,0
1860,0,526,20,52,100,6,0,0
1861,0,526,20,52,100,6,0,0
1862,0,526,20,52,100,6,0,0
1863,0,526,20,51,100,6,0,0
1864,0,526,20,51,100,6,0,0
1865,0,526,20,51,100,6,0,0
1866,0,526,19,50,100,6,0,0
1867,0,526,19,50,100,6,0,0
1868,0,526,19,50,100,6,0,0
1869,0,526,19,51,100,6,0,0
1870,0,526,19,50,100,6,0,0
1871,0,526,20,50,100,6,0,0
1872,0,527,20,51,100,6,0,0
1873,0,527,20,51,100,6,0,0
1874,0,527,20,51,100,6,0,0
1875,0,526,20,51,100,6,0,1
1876,0,527,19,52,100,6,0,1
1877,0,527,19,52,100,6,0,1
1878,0,527,19,52,100,6,0,0
1879,0,527,19,52,100,6,0,0
1880,0,527,19,52,100,6,0,0
1881,0,527,19,52,100,6,0,0
1882,0,527,19,52,100,6,0,0
1883,0,527,19,52,100,6,0,0
1884,0,528,20,63,100,6,0,0
1906,0,526,19,50,100,6,0,0
1907,0,526,20,50,100,6,0,0
1908,0,528,20,49,100,6,0,0
1909,0,528,20,49,100,6,0,0
1910,0,528,20,49,100,6,0,0
1911,0,528,20,49,100,6,0,0
1912,0,527,20,49,100,6,0,0
1913,0,527,20,50,100,6,0,0
1914,0,527,20,50,100,6,0,0
1915,0,527,20,50,100,6,0,0
1916,0,527,20,50,100,6,0,0
1917,0,527,20,50,100,6,0,0
1918,0,527,20,50,100,6,0,0
1919,0,527,20,50,100,6,0,0
1920,0,526,20,53,100,6,0,1
1921,0,526,20,53,100,6,0,1
1922,0,526,20,53,100,6,0,1
1923,0,526,20,53,100,6,0,1
1924,0,526,20,53,100,6,0,0
1925,0,526,20,54,100,6,0,0
1926,0,525,20,54,100,6,0,0
1927,0,525,20,54,100,6,0,0
1928,0,525,20,54,100,6,0,0
1929,0,525,20,54,100,6,0,0
1930,0,525,20,52,100,6,0,0
1931,0,525,20,52,100,6,0,0
1932,0,527,20,51,100,6,0,0
1933,0,527,20,51,100,6,0,0
1934,0,526,20,51,100,6,0,0
1935,0,527,20,51,100,6,0,0
1936,0,524,20,54,100,6,0,0
1937,0,524,20,54,100,6,0,0
1938,0,524,20,54,100,6,0,0
1939,0,524,20,56,100,6,0,0
1940,0,524,20,56,100,6,0,0
1941,0,524,20,56,100,6,0,0
1942,0,524,20,56,100,6,0,0
1943,0,524,20,56,100,6,0,0
1944,0,525,20,52,100,6,0,0
1945,0,525,20,52,100,6,0,0
1946,0,525,20,53,100,6,0,0
1947,0,526,20,53,100,6,0,0
1948,0,526,20,53,100,6,0,0
1949,0,526,20,53,100,6,0,0
1950,0,526,20,53,100,6,0,0
1951,0,526,20,53,100,6,0,0
1952,0,526,20,53,100,6,0,0
1953,0,526,20,53,100,6,0,0
1954,0,526,20,53,100,6,0,0
1955,0,526,20,53,100,6,0,0
1956,0,525,19,53,100,6,0,0
1957,0,524,19,53,100,6,0,0
1958,0,522,19,55,100,6,0,0
1959,0,522,19,55,100,6,0,0
1960,0,522,20,55,100,6,0,0
1961,0,522,20,55,100,6,0,0
1962,0,518,20,59,100,6,0,0
1963,0,518,20,59,100,6,0,0
1964,0,525,20,52,100,6,0,0
1965,0,525,20,52,100,6,0,0
1966,0,524,19,52,100,6,0,0
1967,0,522,19,55,100,6,0,0
1968,0,524,19,53,100,6,0,0
1969,0,524,19,53,100,6,0,0
1970,0,524,19,53,100,6,0,0
1971,0,524,19,53,100,6,0,0
1972,0,524,19,53,100,6,0,0
1973,0,524,19,53,100,6,0,0
1974,0,523,19,54,100,6,0,0
1975,0,524,19,53,100,6,0,0
1976,0,526,20,51,100,6,0,0
1977,0,526,20,51,100,6,0,0
1978,0,526,20,51,100,6,0,0
1979,0,526,20,51,100,6,0,0
1980,0,526,20,51,100,6,0,0
1981,0,526,20,51,100,6,0,0
1982,0,527,19,51,100,6,0,0
1983,0,527,19,50,100,6,0,0
1984,0,527,19,50,100,6,0,0
1985,0,527,19,50,100,6,0,0
1986,0,527,19,49,100,6,0,0
1987,0,527,19,50,100,6,0,0
1988,0,527,19,50,100,6,0,0
1989,0,527,19,50,100,6,0,0
1990,0,527,19,50,100,6,0,0
1991,0,527,19,49,100,6,0,0
1992,0,527,19,49,100,6,0,0
1993,0,527,19,49,100,6,0,0
1994,0,527,19,49,100,6,0,0
1995,0,527,19,49,100,6,0,0
1996,0,528,19,49,100,6,0,0
1997,0,528,19,49,100,6,0,0
1998,0,527,19,49,100,6,0,0
1999,0,527,19,49,100,6,0,0
1284,1689,926,23,20,101,6,1,15
1285,1689,926,23,20,101,6,1,13
1286,1689,926,23,20,101,6,1,11
1287,1689,926,23,20,101,6,1,7
1288,1689,926,23,20,101,6,1,5
1289,1688,926,23,20,101,6,1,3
1290,1688,926,23,20,101,6,1,2
1291,1689,926,23,20,101,6,1,1
1292,1689,926,23,20,101,6,1,1
1293,1689,926,23,20,101,6,1,1
1294,1689,926,23,20,101,6,1,1
1295,1689,926,23,20,101,6,1,1
1296,1688,926,23,20,101,6,1,1
1297,1688,926,23,20,101,6,1,1
1298,1688,926,23,19,101,6,1,0
1299,1688,926,23,20,101,6,1,0
1300,1688,926,23,20,101,6,1,1
1301,1688,926,23,20,101,6,1,1
1302,1688,926,23,20,101,6,1,2
1303,1688,926,23,20,101,6,1,1
1304,1688,926,23,20,101,6,1,0
1305,1688,926,23,20,101,6,1,0
1306,1688,926,23,20,101,6,1,1
1307,1688,926,23,20,101,6,1,2
1308,1689,926,23,19,101,6,1,2
1309,1688,926,23,19,101,6,1,1
1310,1689,927,23,19,101,6,1,1
1311,1689,927,23,19,101,6,1,1
1312,1689,927,24,19,101,6,1,2
1313,1689,926,24,19,101,6,1,2
1314,1688,926,24,19,101,6,1,2
1315,1689,926,24,19,101,6,1,3
1316,1689,926,24,20,101,6,1,2
1317,1689,926,24,20,101,6,1,4
1318,1688,926,24,20,101,6,1,4
1319,1688,926,24,20,101,6,1,5
1320,1688,926,24,20,101,6,1,3
1321,1688,926,24,20,101,6,1,3
1322,1689,926,23,19,101,6,1,4
1323,1689,926,23,19,101,6,1,6
1324,1689,926,23,19,101,6,1,9
1325,1689,926,23,19,101,6,1,8
1326,1689,926,24,19,101,6,1,7
1327,1688,925,24,20,101,6,1,4
1328,1688,925,24,20,101,6,1,2
1329,1689,925,23,21,101,6,1,1
1330,1689,925,23,20,101,6,1,3
1331,1690,925,22,20,101,6,1,4
1332,1690,925,22,21,101,6,1,5
1333,1691,925,22,20,101,6,1,7
1334,1691,925,22,20,101,6,1,10
1335,1691,925,21,20,101,6,1,11
1336,1690,925,22,19,101,6,1,9
1337,1690,925,22,20,101,6,1,5
1360,1689,926,23,19,101,6,1,3
1361,1689,926,23,19,101,6,1,2
1362,1689,926,23,19,101,6,1,1
1363,1689,926,23,19,101,6,1,1
1364,1689,926,23,19,101,6,1,4
1365,1689,926,23,19,101,6,1,5
1366,1688,926,24,19,101,6,1,6
1367,1688,926,24,19,101,6,1,4
1368,1688,926,24,19,101,6,1,3
1369,1689,926,24,19,101,6,1,2
1370,1688,926,24,19,101,6,1,2
1371,1688,926,24,19,101,6,1,2
1372,1688,926,24,19,101,6,1,3
1373,1689,925,24,20,101,6,1,3
1374,1689,925,24,20,101,6,1,3
1375,1689,925,24,20,101,6,1,3
1376,1689,925,24,20,101,6,1,4
1377,1689,925,24,20,101,6,1,3
1378,1689,925,24,20,101,6,1,3
1379,1689,925,24,20,101,6,1,3
1380,1689,926,24,20,101,6,1,4
1381,1689,926,23,20,101,6,1,5
1382,1689,926,23,19,101,6,1,6
1383,1689,926,23,20,101,6,1,6
1384,1689,926,23,20,101,6,1,5
1385,1689,926,24,20,101,6,1,3
1386,1689,926,23,20,101,6,1,1
1387,1689,926,23,20,101,6,1,0
1388,1689,926,23,20,101,6,1,0
1389,1689,926,23,20,101,6,1,0
1390,1689,926,23,20,101,6,1,2
1391,1689,926,23,19,101,6,1,5
1392,1688,926,24,20,101,6,1,7
1393,1688,926,24,20,101,6,1,6
1394,1688,926,24,20,101,6,1,5
1395,1688,925,24,20,101,6,1,2
1396,1688,925,24,20,101,6,1,2
1397,1688,925,24,20,101,6,1,1
1398,1688,926,24,20,101,6,1,0
1399,1688,926,24,20,101,6,1,0
1400,1688,926,24,20,101,6,1,1
1401,1688,926,24,19,101,6,1,2
1402,1688,926,24,19,101,6,1,4
1403,1688,926,24,19,101,6,1,6
1404,1689,926,23,19,101,6,1,9
1405,1689,926,23,19,101,6,1,8
1406,1689,926,23,19,101,6,1,7
1407,1689,926,23,19,101,6,1,5
1408,1689,926,23,19,101,6,1,4
1409,1689,926,23,19,101,6,1,2
1410,1689,926,23,19,101,6,1,1
1411,1689,926,23,19,101,6,1,0
1412,1689,926,23,19,101,6,1,0
1413,1689,926,23,19,101,6,1,0
1414,1689,926,23,19,101,6,1,1
1415,1689,926,23,19,101,6,1,3
1416,1689,926,23,19,101,6,1,3
1417,1689,926,23,19,101,6,1,4
1418,1689,926,23,19,101,6,1,4
1419,1689,926,23,19,101,6,1,5
1420,1689,926,23,19,101,6,1,6
1421,1688,926,24,19,101,6,1,7
1422,1688,926,24,19,101,6,1,7
1423,1688,926,24,19,101,6,1,7
1424,1688,926,24,19,101,6,1,7
1425,1688,926,24,19,101,6,1,6
1426,1688,926,24,19,101,6,1,4
1427,1688,926,24,19,101,6,1,2
1428,1687,925,25,20,101,6,1,1
1429,1687,925,25,20,101,6,1,2
1430,1687,925,25,20,101,6,1,3
1431,1688,926,24,20,101,6,1,4
1432,1688,926,24,20,101,6,1,5
1433,1688,926,24,20,101,6,1,5
1434,1688,926,24,20,101,6,1,5
1435,1688,926,24,20,101,6,1,3
1436,1688,926,24,19,101,6,1,2
1437,1688,926,24,19,101,6,1,3
1438,1689,926,23,19,101,6,1,3
1439,1689,926,23,19,101,6,1,3
1440,1689,926,23,19,101,6,1,2
1441,1689,927,23,19,101,6,1,2
1442,1689,926,23,19,101,6,1,3
1443,1689,926,23,19,101,6,1,3
1444,1689,927,22,19,101,6,1,3
1445,1689,927,22,19,101,6,1,3
1446,1689,927,22,19,101,6,1,3
1447,1689,927,22,19,101,6,1,4
1448,1689,927,22,19,101,6,1,4
1449,1689,927,22,19,101,6,1,3
1450,1689,927,23,19,101,6,1,2
1451,1690,927,23,19,101,6,1,1
1452,1689,927,23,19,101,6,1,1
1453,1689,927,23,19,101,6,1,1
1454,1689,927,23,19,101,6,1,2
1455,1689,927,23,19,101,6,1,4
1456,1689,927,23,19,101,6,1,5
1457,1689,926,23,19,101,6,1,5
1458,1689,926,24,19,101,6,1,4
1459,1689,926,24,19,101,6,1,6
1460,1689,926,24,19,101,6,1,6
1461,1690,926,22,19,101,6,1,6
1462,1690,927,22,19,101,6,1,3
1463,1690,926,22,19,101,6,1,3
1464,1689,926,23,19,101,6,1,3
1465,1689,926,23,19,101,6,1,3
1466,1689,926,23,19,101,6,1,3
1467,1689,926,23,19,101,6,1,4
1468,1689,926,23,19,101,6,1,3
1469,1689,926,23,19,101,6,1,3
1470,1689,926,23,19,101,6,1,1
1471,1689,926,23,19,101,6,1,0
1472,1689,926,23,19,101,6,1,0
1473,1689,926,23,19,101,6,1,0
1474,1689,926,23,19,101,6,1,0
1475,1689,926,23,19,101,6,1,0
1476,1689,926,23,19,101,6,1,0
1477,1689,926,23,19,101,6,1,0
1478,1689,926,23,19,101,6,1,0
1479,1689,926,23,19,101,6,1,0
1480,1689,926,23,19,101,6,1,0
1481,1689,926,23,19,101,6,1,0
1482,1689,926,23,19,101,6,1,0
1483,1689,926,23,19,101,6,1,0
1484,1689,926,23,19,101,6,1,1
1485,1689,926,23,20,101,6,1,1
1486,1689,926,23,20,101,6,1,3
1487,1689,926,23,20,101,6,1,5
1488,1689,925,23,20,101,6,1,7
1489,1689,925,23,20,101,6,1,7
1490,1689,925,23,20,101,6,1,7
1491,1689,925,23,20,101,6,1,7
1492,1689,925,23,20,101,6,1,5
1493,1689,925,23,20,101,6,1,4
1494,1689,925,23,20,101,6,1,2
1495,1689,925,23,20,101,6,1,1
1496,1689,925,23,20,101,6,1,1
1497,1689,925,23,20,101,6,1,0
1498,1689,925,23,20,101,6,1,2
1499,1689,925,23,20,101,6,1,2
1500,1689,926,23,19,101,6,1,4
1296,1718,939,24,22,102,6,0,0
1297,1717,939,25,23,102,6,0,3
1298,1717,939,25,23,102,6,0,6
1299,1716,939,25,23,102,6,0,11
1300,1716,939,25,23,102,6,0,13
1301,1716,939,25,24,102,6,0,14
1302,1715,939,26,24,102,6,0,14
1303,1715,939,26,24,102,6,0,17
1304,1715,940,26,23,102,6,0,19
1305,1714,940,27,24,102,6,0,21
1306,1714,940,27,25,102,6,0,21
1307,1713,940,28,25,102,6,0,21
1308,1713,940,28,25,102,6,0,23
1309,1712,940,28,26,102,6,0,23
1310,1712,940,28,26,102,6,0,22
1311,1712,940,28,27,102,6,0,19
1312,1710,940,29,27,102,6,0,18
1313,1710,940,29,27,102,6,0,17
1314,1710,940,30,26,102,6,0,14
1315,1709,940,30,27,102,6,0,14
1316,1709,939,30,28,102,6,0,15
1317,1708,940,30,28,102,6,0,19
1318,1707,939,32,30,102,6,0,22
1319,1706,938,33,31,102,6,0,24
1320,1706,938,32,31,102,6,0,27
1321,1706,938,32,32,102,6,0,27
1322,1705,940,33,31,102,6,0,27
1323,1704,940,35,32,102,6,0,26
1324,1703,942,35,30,102,6,0,26
1325,1702,941,36,32,102,6,0,27
1326,1701,944,37,30,102,6,0,27
1327,1700,943,37,31,102,6,0,25
1328,1699,943,37,31,102,6,0,23
1329,1699,942,38,33,102,6,0,21
1330,1698,942,38,33,102,6,0,19
1331,1698,941,38,34,102,6,0,17
1332,1697,941,39,34,102,6,0,17
1333,1696,941,39,35,102,6,0,18
1334,1696,942,40,35,102,6,0,19
1335,1695,941,41,36,102,6,0,20
1336,1694,941,42,36,102,6,0,22
1337,1692,941,43,37,102,6,0,24
1338,1691,940,43,39,102,6,0,24
1339,1690,941,45,39,102,6,0,25
1340,1689,941,46,40,102,6,0,26
1341,1689,940,46,42,102,6,0,28
1342,1688,941,47,42,102,6,0,30
1343,1687,942,48,43,102,6,0,31
1344,1685,943,50,43,102,6,0,33
1345,1688,944,46,44,102,6,0,35
1346,1683,945,51,45,102,6,0,37
1347,1682,947,51,43,102,6,0,38
1348,1681,946,51,47,102,6,0,40
1349,1680,948,51,46,102,6,0,42
1350,1679,947,52,50,102,6,0,43
1351,1676,949,55,50,102,6,0,45
1352,1674,950,56,51,102,6,0,45
1353,1672,951,58,52,102,6,0,45
1354,1670,951,59,55,102,6,0,45
1355,1670,953,60,55,102,6,0,45
1356,1667,955,62,55,102,6,0,44
1357,1664,956,64,57,102,6,0,45
1358,1661,957,67,59,102,6,0,45
1359,1657,959,70,60,102,6,0,46
1360,1654,961,71,61,102,6,0,47
1361,1651,962,72,63,102,6,0,48
1362,1647,963,75,65,102,6,0,49
1363,1641,965,78,67,102,6,0,49
1364,1635,967,81,68,102,6,0,49
1365,1630,969,83,70,102,6,0,49
1366,1622,970,86,71,102,6,0,48
1367,1616,972,89,73,102,6,0,47
1368,1610,972,91,76,102,6,0,45
1369,1602,974,93,78,102,6,0,44
1370,1592,976,98,78,102,6,0,44
1371,1583,977,101,82,102,6,0,44
1372,1570,977,106,86,102,6,0,45
1373,1557,978,111,89,102,6,0,45
1374,1544,980,116,92,102,6,0,46
1375,1530,982,121,94,102,6,0,46
1376,1513,985,128,97,102,6,0,46
1377,1493,984,136,102,102,6,0,45
1378,1474,983,142,107,102,6,0,44
1379,1450,983,151,110,102,6,0,43
1380,1427,984,160,115,102,6,0,42
1381,1400,984,169,120,102,6,0,42
1382,1369,983,180,126,102,6,0,41
1383,1336,984,193,130,102,6,0,41
1384,1302,982,204,137,102,6,0,40
1385,1262,981,218,144,102,6,0,40
1386,1219,979,233,151,102,6,0,39
1387,1168,976,252,159,102,6,0,38
1388,1114,975,272,167,102,6,0,38
1389,1053,972,295,175,102,6,0,37
1390,984,969,321,183,102,6,0,36
1391,908,962,351,195,102,6,0,36
1392,822,956,384,209,102,6,0,35
1393,725,953,424,218,102,6,0,35
1394,615,944,468,233,102,6,0,34
1395,493,936,518,248,102,6,0,34
1396,348,926,581,267,102,6,0,33
1397,186,913,650,287,102,6,0,33
1398,0,899,731,310,102,6,0,32
1399,0,886,611,332,102,6,0,32
1400,0,866,474,335,102,6,0,32
1401,1,877,319,333,102,6,0,32
1501,1045,750,69,51,103,3,1,0
1502,1045,750,69,51,103,3,1,0
1503,1045,750,69,51,103,3,1,0
1504,1045,750,69,51,103,3,1,0
1505,1045,750,69,51,103,3,1,0
1506,1045,750,69,51,103,3,1,0
1507,1045,750,69,51,103,3,1,0
1508,1045,750,69,51,103,3,1,0
1509,1045,750,69,51,103,3,1,0
1510,1045,750,69,50,103,3,1,0
1511,1045,750,69,50,103,3,1,1
1512,1046,750,68,50,103,3,1,2
1513,1046,750,68,49,103,3,1,2
1514,1046,750,68,49,103,3,1,2
1515,1046,750,68,49,103,3,1,1
1516,1045,749,69,52,103,3,1,1
1517,1046,750,68,49,103,3,1,0
1518,1046,750,68,50,103,3,1,0
1519,1046,750,68,49,103,3,1,0
1520,1046,750,68,49,103,3,1,0
1521,1046,750,68,49,103,3,1,0
1522,1045,749,69,52,103,3,1,1
1523,1046,750,68,49,103,3,1,3
1524,1045,750,69,47,103,3,1,6
1525,1045,750,69,47,103,3,1,7
1526,1045,750,69,47,103,3,1,7
1527,1045,750,69,47,103,3,1,6
1528,1045,750,69,47,103,3,1,5
1529,1045,750,69,47,103,3,1,3
1530,1045,750,61,46,103,3,1,1
1531,1045,750,69,47,103,3,1,0
1532,1045,750,68,47,103,3,1,0
1533,1045,750,68,47,103,3,1,0
1534,1045,750,64,46,103,3,1,0
1535,1045,750,51,46,103,3,1,1
1536,1045,748,69,52,103,3,1,3
1537,1045,748,69,53,103,3,1,6
1538,1045,748,69,52,103,3,1,8
1539,1045,749,69,52,103,3,1,7
1540,1045,748,69,52,103,3,1,5
1541,1045,748,69,52,103,3,1,3
1542,1045,748,69,52,103,3,1,2
1543,1045,748,69,52,103,3,1,1
1544,1045,748,69,52,103,3,1,1
1545,1046,750,68,50,103,3,1,1
1546,1046,750,68,50,103,3,1,0
1547,1046,750,68,50,103,3,1,0
1548,1047,750,67,50,103,3,1,0
1549,1047,750,67,50,103,3,1,0
1550,1047,750,67,50,103,3,1,0
1551,1046,749,67,51,103,3,1,1
1552,1046,750,67,51,103,3,1,2
1553,1046,750,67,51,103,3,1,2
1554,1046,750,67,51,103,3,1,2
1555,1046,750,67,51,103,3,1,1
1556,1047,750,67,50,103,3,1,1
1557,1047,750,67,50,103,3,1,0
1558,1047,750,67,50,103,3,1,0
1559,1047,750,67,50,103,3,1,0
1560,1665,1088,31,16,104,3,0,2
1561,1665,1088,31,16,104,3,0,1
1562,1664,1088,31,16,104,3,0,1
1563,1664,1088,31,16,104,3,0,0
1564,1664,1088,31,16,104,3,0,0
1565,1664,1088,31,16,104,3,0,0
1566,1664,1088,31,16,104,3,0,0
1567,1664,1088,31,16,104,3,0,0
1568,1664,1088,31,16,104,3,0,0
1569,1664,1088,31,16,104,3,0,0
1570,1664,1088,31,16,104,3,0,0
1571,1664,1088,31,16,104,3,0,0
1633,0,1164,498,462,105,7,8,39
1634,2,1078,737,606,105,7,8,39
1635,0,1080,923,536,105,7,8,39
1636,218,1086,854,466,105,7,8,39
1637,473,1089,717,411,105,7,8,39
1638,676,1091,611,366,105,7,8,39
1639,838,1091,529,331,105,7,8,39
1640,971,1090,461,303,105,7,8,39
1641,1081,1089,406,274,105,7,8,39
1642,1172,1088,363,254,105,7,8,39
1643,1249,1087,327,235,105,7,8,39
1644,1315,1084,296,218,105,7,8,39
1645,1371,1082,271,203,105,7,8,39
1646,1419,1078,251,192,105,7,8,39
1647,1458,1074,235,183,105,7,8,39
1648,1494,1073,220,172,105,7,8,39
1649,1526,1070,206,162,105,7,8,39
1650,1552,1068,195,153,105,7,8,38
1651,1576,1065,185,145,105,7,8,38
1652,1596,1062,174,139,105,7,8,38
1653,1615,1058,167,134,105,7,8,38
1654,1631,1056,160,126,105,7,8,38
1655,1646,1052,151,122,105,7,8,38
1656,1659,1048,145,119,105,7,8,39
1657,1669,1045,139,113,105,7,8,39
1658,1681,1041,130,109,105,7,8,40
1659,1690,1039,125,105,105,7,8,40
1660,1697,1034,121,102,105,7,8,40
1661,1706,1032,116,98,105,7,8,40
1662,1711,1030,114,95,105,7,8,40
1663,1717,1027,109,92,105,7,8,40
1664,1722,1024,105,89,105,7,8,39
1665,1726,1022,100,86,105,7,8,39
1666,1730,1019,94,84,105,7,8,38
1667,1735,1017,89,82,105,7,8,38
1668,1739,1015,89,79,105,7,8,38
1669,1741,1012,86,78,105,7,8,38
1670,1743,1011,84,75,105,7,8,38
1671,1745,1009,81,72,105,7,8,38
1672,1747,1006,80,72,105,7,8,38
1673,1749,1003,78,70,105,7,8,38
1674,1751,1000,75,70,105,7,8,38
1675,1753,999,72,68,105,7,8,38
1676,1753,996,72,67,105,7,8,38
1677,1755,995,70,65,105,7,8,38
1678,1756,994,67,63,105,7,8,37
1679,1757,992,66,63,105,7,8,37
1680,1757,991,67,60,105,7,8,37
1681,1758,989,65,59,105,7,8,38
1682,1758,988,64,58,105,7,8,38
1683,1759,987,64,55,105,7,8,38
1684,1759,985,61,55,105,7,8,37
1685,1759,984,60,55,105,7,8,36
1686,1760,982,59,54,105,7,8,36
1687,1760,982,58,52,105,7,8,36
1688,1760,981,58,50,105,7,8,37
1689,1760,979,55,49,105,7,8,38
1690,1760,976,57,49,105,7,8,39
1691,1760,976,54,48,105,7,8,39
1692,1760,975,53,47,105,7,8,38
1693,1760,974,53,47,105,7,8,37
1694,1760,973,51,45,105,7,8,35
1695,1759,971,50,46,105,7,8,33
1696,1760,971,49,44,105,7,8,32
1697,1760,970,48,44,105,7,8,32
1698,1760,968,47,44,105,7,8,33
1699,1759,968,47,42,105,7,8,32
1700,1759,967,46,41,105,7,8,30
1701,1759,966,45,42,105,7,8,28
1702,1759,966,44,42,105,7,8,25
1703,1759,966,44,41,105,7,8,23
1704,1758,966,43,40,105,7,8,19
1705,1758,965,43,39,105,7,8,18
1706,1758,965,43,39,105,7,8,19
1707,1758,964,42,39,105,7,8,20
1708,1758,964,42,37,105,7,8,23
1709,1757,964,42,37,105,7,8,24
1710,1757,963,42,36,105,7,8,26
1711,1757,963,40,36,105,7,8,26
1712,1756,963,40,36,105,7,8,25
1713,1756,963,39,35,105,7,8,25
1714,1756,963,37,34,105,7,8,21
1715,1756,961,37,35,105,7,8,21
1716,1755,961,37,35,105,7,8,19
1717,1755,960,37,35,105,7,8,23
1718,1754,960,37,34,105,7,8,24
1719,1755,959,36,34,105,7,8,24
1720,1755,958,35,34,105,7,8,24
1721,1755,958,35,34,105,7,8,23
1722,1755,957,34,34,105,7,8,22
1723,1755,957,33,33,105,7,8,23
1724,1755,958,32,32,105,7,8,24
1725,1755,957,32,31,105,7,8,26
1726,1754,957,32,31,105,7,8,28
1727,1754,957,33,30,105,7,8,30
1728,1754,957,33,29,105,7,8,31
1729,1754,957,33,29,105,7,8,30
1730,1754,957,33,28,105,7,8,29
1731,1754,957,33,28,105,7,8,27
1732,1753,956,33,27,105,7,8,25
1733,1752,956,34,27,105,7,8,22
1734,1752,956,33,27,105,7,8,22
1735,1753,955,30,28,105,7,8,23
1736,1754,955,28,26,105,7,8,23
1737,1752,955,30,25,105,7,8,19
1738,1752,955,29,25,105,7,8,15
1739,1751,955,29,26,105,7,8,11
1740,1750,955,29,26,105,7,8,9
1741,1750,954,29,26,105,7,8,7
1742,1750,954,29,25,105,7,8,5
1743,1750,953,28,26,105,7,8,9
1744,1749,953,29,26,105,7,8,14
1745,1749,953,30,25,105,7,8,19
1746,1749,953,30,24,105,7,8,19
1650,1688,926,24,20,106,6,1,1
1651,1688,926,24,20,106,6,1,0
1652,1688,926,24,20,106,6,1,0
1653,1688,926,24,20,106,6,1,0
1654,1688,926,24,20,106,6,1,0
1655,1688,926,24,20,106,6,1,0
1656,1688,926,24,20,106,6,1,0
1657,1688,926,24,19,106,6,1,0
1658,1688,926,24,20,106,6,1,1
1659,1688,926,24,19,106,6,1,1
1660,1688,926,24,19,106,6,1,1
1661,1688,926,24,19,106,6,1,0
1662,1688,926,24,19,106,6,1,0
1663,1688,926,24,19,106,6,1,0
1664,1688,926,24,19,106,6,1,0
1665,1688,926,24,19,106,6,1,0
1666,1688,926,24,19,106,6,1,0
1667,1688,926,24,20,106,6,1,0
1668,1688,926,24,20,106,6,1,1
1669,1688,926,24,20,106,6,1,1
1670,1688,926,24,20,106,6,1,1
1671,1688,926,24,20,106,6,1,1
1672,1688,926,24,20,106,6,1,1
1673,1688,926,24,20,106,6,1,0
1674,1688,926,24,20,106,6,1,0
1675,1688,926,24,20,106,6,1,0
1676,1688,926,24,20,106,6,1,1
1677,1688,926,24,20,106,6,1,2
1678,1688,926,23,19,106,6,1,3
1679,1688,926,24,19,106,6,1,4
1680,1689,927,23,18,106,6,1,5
1681,1689,927,23,18,106,6,1,5
1682,1689,927,23,18,106,6,1,5
1683,1689,927,23,18,106,6,1,4
1684,1689,927,23,18,106,6,1,3
1685,1689,927,23,18,106,6,1,2
1686,1689,927,23,18,106,6,1,1
1687,1689,927,23,18,106,6,1,0
1688,1689,927,23,18,106,6,1,0
1689,1689,927,23,18,106,6,1,0
1690,1689,927,23,18,106,6,1,0
1691,1689,927,23,18,106,6,1,0
1680,1665,1088,22,15,107,7,0,0
1681,1665,1088,22,15,107,7,0,0
1682,1665,1088,22,15,107,7,0,0
1683,1665,1088,22,15,107,7,0,0
1684,1665,1088,22,15,107,7,0,0
1685,1665,1088,22,15,107,7,0,0
1686,1665,1088,22,15,107,7,0,0
1687,1665,1088,22,15,107,7,0,0
1688,1665,1088,22,15,107,7,0,0
1689,1665,1088,22,15,107,7,0,0
1690,1665,1088,22,15,107,7,0,0
1691,1665,1088,22,15,107,7,0,0
1704,1664,1088,22,15,107,7,0,0
1705,1664,1088,22,15,107,7,0,0
1706,1664,1088,22,15,107,7,0,0
1707,1664,1088,22,15,107,7,0,0
1708,1664,1088,22,15,107,7,0,0
1709,1664,1088,22,15,107,7,0,0
1710,1664,1088,22,15,107,7,0,0
1711,1664,1088,22,15,107,7,0,0
1712,1664,1088,22,15,107,7,0,0
1713,1664,1088,22,15,107,7,0,0
1714,1664,1088,22,15,107,7,0,0
1715,1664,1088,22,15,107,7,0,0
1716,1664,1088,22,15,107,7,0,0
1717,1664,1088,22,15,107,7,0,0
1723,1230,787,89,73,108,6,1,2
1724,1230,786,89,73,108,6,1,2
1725,1230,786,89,73,108,6,1,2
1726,1230,786,89,74,108,6,1,3
1727,1230,787,89,73,108,6,1,3
1728,1237,788,82,71,108,6,1,3
1729,1237,788,82,71,108,6,1,3
1730,1236,788,83,71,108,6,1,3
1731,1237,788,82,71,108,6,1,4
1732,1235,788,84,71,108,6,1,4
1733,1236,788,83,71,108,6,1,4
1734,1237,788,82,71,108,6,1,3
1735,1238,788,81,70,108,6,1,3
1736,1238,788,81,70,108,6,1,2
1737,1237,788,82,70,108,6,1,1
1738,1238,789,81,70,108,6,1,0
1739,1237,788,82,71,108,6,1,0
1740,1241,789,78,70,108,6,1,0
1741,1241,789,78,70,108,6,1,0
1742,1240,789,79,70,108,6,1,0
1743,1240,789,79,70,108,6,1,0
1744,1240,789,78,70,108,6,1,0
1745,1240,789,79,70,108,6,1,0
1746,1241,789,78,70,108,6,1,0
1747,1239,789,80,70,108,6,1,0
1748,1237,788,81,70,108,6,1,2
1749,1239,789,80,70,108,6,1,2
1750,1230,787,89,73,108,6,1,4
1751,1232,787,88,72,108,6,1,4
1752,1223,781,95,77,108,6,1,5
1753,1223,781,95,77,108,6,1,5
1754,1223,781,95,78,108,6,1,5
1755,1223,781,95,78,108,6,1,4
1756,1223,781,95,78,108,6,1,3
1757,1223,781,95,77,108,6,1,2
1758,1224,782,95,77,108,6,1,1
1759,1224,782,94,77,108,6,1,0
1760,1223,781,95,77,108,6,1,0
1761,1224,782,94,77,108,6,1,0
1762,1223,781,95,77,108,6,1,0
1763,1223,781,95,77,108,6,1,1
1764,1223,781,95,77,108,6,1,1
1765,1224,781,95,77,108,6,1,1
1766,1223,781,95,77,108,6,1,1
1767,1223,781,95,77,108,6,1,1
1768,1227,784,92,75,108,6,1,1
1769,1227,784,92,75,108,6,1,1
1770,1228,784,91,75,108,6,1,1
1771,1229,785,91,74,108,6,1,1
1772,1228,784,92,74,108,6,1,1
1773,1227,784,93,75,108,6,1,0
1774,1227,784,93,75,108,6,1,0
1775,1227,784,93,75,108,6,1,0
1776,1235,787,84,73,108,6,1,1
1777,1239,788,81,72,108,6,1,2
1778,1218,779,99,79,108,6,1,2
1779,1218,779,100,79,108,6,1,1
1780,1218,779,100,79,108,6,1,1
1781,1220,779,98,79,108,6,1,1
1782,1220,779,97,79,108,6,1,2
1783,1220,779,97,79,108,6,1,2
1784,1220,779,97,79,108,6,1,1
1785,1220,779,98,79,108,6,1,1
1786,1222,780,96,79,108,6,1,1
1787,1222,780,96,79,108,6,1,1
1788,1231,787,88,72,108,6,1,1
1789,1231,787,87,72,108,6,1,2
1790,1231,787,88,72,108,6,1,2
1791,1232,787,87,72,108,6,1,3
1792,1231,788,87,72,108,6,1,3
1793,1234,788,85,71,108,6,1,2
1794,1238,789,81,70,108,6,1,1
1795,1234,788,85,71,108,6,1,2
1796,1227,783,92,76,108,6,1,3
1797,1219,779,98,80,108,6,1,5
1798,1219,779,98,80,108,6,1,6
1799,1221,779,97,80,108,6,1,8
1800,1224,783,95,77,108,6,1,6
1801,1224,783,95,77,108,6,1,4
1802,1226,783,93,77,108,6,1,3
1803,1226,783,93,77,108,6,1,2
1804,1227,783,93,77,108,6,1,2
1805,1227,784,93,77,108,6,1,2
1806,1232,787,87,72,108,6,1,3
1807,1230,786,89,73,108,6,1,3
1808,1231,787,88,73,108,6,1,2
1809,1232,787,87,73,108,6,1,3
1810,1230,786,89,73,108,6,1,3
1811,1230,786,89,73,108,6,1,2
1812,1229,786,90,74,108,6,1,1
1813,1229,785,90,74,108,6,1,0
1814,1229,785,91,75,108,6,1,0
1815,1229,785,90,74,108,6,1,0
1816,1229,786,90,74,108,6,1,0
1817,1230,786,90,73,108,6,1,0
1818,1229,786,90,74,108,6,1,0
1819,1229,786,90,74,108,6,1,0
1820,1229,786,90,73,108,6,1,0
1821,1228,785,91,75,108,6,1,0
1822,1228,785,91,75,108,6,1,0
1823,1228,785,92,74,108,6,1,0
1824,1222,782,96,78,108,6,1,1
1825,1227,783,92,77,108,6,1,1
1826,1223,782,96,78,108,6,1,1
1827,1222,782,95,77,108,6,1,1
1828,1227,783,92,76,108,6,1,1
1829,1226,783,93,77,108,6,1,1
1830,1222,781,96,78,108,6,1,1
1831,1225,782,94,78,108,6,1,1
1832,1226,782,93,78,108,6,1,1
1833,1226,782,94,78,108,6,1,0
1834,1226,783,93,77,108,6,1,0
1835,1226,784,93,76,108,6,1,0
1836,1227,785,93,75,108,6,1,0
1837,1226,784,93,76,108,6,1,0
1838,1227,785,92,75,108,6,1,0
1839,1228,786,92,74,108,6,1,0
1840,1227,785,92,75,108,6,1,0
1841,1227,785,92,75,108,6,1,0
1842,1227,785,92,75,108,6,1,0
1843,1227,784,93,76,108,6,1,0
1844,1227,784,93,76,108,6,1,1
1845,1227,786,92,74,108,6,1,3
1846,1238,789,82,71,108,6,1,6
1847,1239,789,81,71,108,6,1,6
1848,1226,783,93,77,108,6,1,4
1849,1226,784,93,76,108,6,1,2
1850,1227,784,92,76,108,6,1,3
1851,1225,783,94,76,108,6,1,5
1852,1225,784,94,75,108,6,1,6
1853,1225,784,94,75,108,6,1,4
1854,1226,784,93,74,108,6,1,2
1855,1227,785,93,74,108,6,1,1
1856,1228,785,90,75,108,6,1,1
1857,1227,783,92,76,108,6,1,1
1858,1215,777,102,81,108,6,1,1
1859,1217,777,101,80,108,6,1,1
1860,1214,776,103,82,108,6,1,2
1861,1232,786,87,73,108,6,1,3
1862,1229,785,90,74,108,6,1,6
1863,1240,789,77,69,108,6,1,8
1864,1242,790,76,69,108,6,1,10
1865,1241,790,76,69,108,6,1,10
1866,1243,790,75,69,108,6,1,11
1867,1243,790,76,69,108,6,1,10
1868,1240,789,78,70,108,6,1,8
1869,1238,788,79,71,108,6,1,6
1870,1226,782,92,77,108,6,1,6
1871,1227,781,91,78,108,6,1,7
1872,1229,783,89,76,108,6,1,7
1873,1231,785,87,75,108,6,1,7
1874,1229,782,89,78,108,6,1,5
1875,1227,779,91,79,108,6,1,3
1876,1227,779,92,80,108,6,1,1
1877,1228,780,91,79,108,6,1,1
1878,1230,782,89,78,108,6,1,0
1879,1229,781,91,78,108,6,1,0
1880,1231,781,88,79,108,6,1,0
1881,1232,780,88,80,108,6,1,0
1882,1231,780,88,80,108,6,1,1
1883,1233,780,86,79,108,6,1,2
1884,1239,782,81,78,108,6,1,4
1885,1235,782,83,77,108,6,1,5
1886,1238,782,81,76,108,6,1,7
1887,1238,782,81,76,108,6,1,6
1888,1239,783,81,76,108,6,1,5
1889,1239,784,80,76,108,6,1,4
1890,1239,783,81,75,108,6,1,3
1891,1206,780,112,79,108,6,1,2
1898,1238,785,80,75,108,6,1,1
1899,1239,783,80,75,108,6,1,0
1900,1239,783,81,75,108,6,1,0
1901,1239,784,80,75,108,6,1,0
1902,1237,784,82,75,108,6,1,0
1903,1237,783,83,75,108,6,1,0
1904,1237,783,83,75,108,6,1,2
1905,1236,783,83,75,108,6,1,3
1906,1239,785,80,76,108,6,1,3
1907,1239,784,80,76,108,6,1,2
1910,1239,783,80,77,108,6,1,1
1911,1240,783,79,77,108,6,1,1
1912,1240,783,79,77,108,6,1,1
1913,1238,782,80,77,108,6,1,0
1914,1239,783,79,77,108,6,1,0
1915,1239,783,79,77,108,6,1,0
1916,1239,784,79,75,108,6,1,0
1917,1240,784,79,76,108,6,1,0
1918,1240,785,79,75,108,6,1,0
1919,1238,785,80,74,108,6,1,1
1920,1234,782,85,77,108,6,1,2
1921,1231,782,88,77,108,6,1,3
1922,1229,782,89,78,108,6,1,4
1923,1229,783,89,77,108,6,1,5
1924,1236,787,81,73,108,6,1,5
1925,1228,783,90,77,108,6,1,4
1926,1227,784,91,75,108,6,1,3
1927,1226,783,92,76,108,6,1,2
1928,1226,782,93,77,108,6,1,1
1929,1226,781,93,78,108,6,1,1
1930,1226,782,93,77,108,6,1,1
1931,1226,784,92,76,108,6,1,0
1932,1227,785,92,75,108,6,1,0
1933,1226,784,92,76,108,6,1,0
1934,1227,785,91,75,108,6,1,0
1935,1226,784,92,76,108,6,1,0
1944,1230,786,88,74,108,6,1,0
1945,1238,789,80,71,108,6,1,0
1946,1229,785,89,75,108,6,1,0
1947,1234,787,84,73,108,6,1,0
1948,1234,787,84,73,108,6,1,5
1949,1200,775,118,85,108,6,1,11
1950,1199,776,119,84,108,6,1,13
1951,1224,784,94,76,108,6,1,10
1952,1228,785,90,75,108,6,1,6
1953,1224,785,94,75,108,6,1,6
1954,1204,785,113,74,108,6,1,6
1955,1209,783,108,77,108,6,1,7
1956,1213,781,103,78,108,6,1,9
1957,1212,781,104,78,108,6,1,9
1958,1210,780,106,79,108,6,1,9
1959,1221,778,95,81,108,6,1,8
1960,1222,779,94,80,108,6,1,9
1961,1222,781,95,78,108,6,1,7
1962,1221,781,95,78,108,6,1,7
1963,1221,782,95,77,108,6,1,5
1964,1220,781,96,77,108,6,1,4
1965,1218,780,98,78,108,6,1,4
1966,1198,777,118,82,108,6,1,8
1967,1195,775,121,84,108,6,1,11
1968,1207,783,109,78,108,6,1,13
1969,1206,783,111,77,108,6,1,14
1970,1231,786,87,74,108,6,1,12
1971,1213,780,104,82,108,6,1,9
1972,1212,779,104,82,108,6,1,7
1973,1230,785,88,76,108,6,1,8
1974,1228,784,90,77,108,6,1,10
1975,1229,786,89,75,108,6,1,12
1976,1226,785,92,76,108,6,1,13
1977,1227,785,91,75,108,6,1,11
1978,1226,785,92,75,108,6,1,8
1979,1227,785,91,75,108,6,1,4
1980,1222,784,95,76,108,6,1,3
1981,1222,779,94,81,108,6,1,3
1982,1224,784,93,77,108,6,1,4
1983,1223,783,94,77,108,6,1,5
1984,1220,780,95,80,108,6,1,4
1985,1223,784,94,76,108,6,1,2
1986,1219,781,99,78,108,6,1,1
1987,1218,782,100,78,108,6,1,1
1988,1218,782,100,77,108,6,1,1
1989,1218,782,100,77,108,6,1,2
1990,1209,783,107,77,108,6,1,2
1991,1213,784,103,76,108,6,1,2
1992,1216,784,101,76,108,6,1,3
1993,1211,783,107,76,108,6,1,3
1994,1209,784,108,76,108,6,1,3
1995,1211,784,106,76,108,6,1,2
1996,1208,783,109,77,108,6,1,1
1997,1206,783,110,77,108,6,1,1
1998,1208,783,109,77,108,6,1,1
1999,1208,783,109,76,108,6,1,1
2000,1207,785,110,75,108,6,1,0
2001,1208,784,110,75,108,6,1,1
2002,1208,784,110,76,108,6,1,3
2003,1208,784,110,75,108,6,1,6
2004,1229,790,92,70,108,6,1,8
2005,1229,790,92,70,108,6,1,9
2006,1230,790,88,70,108,6,1,9
2007,1230,790,89,70,108,6,1,9
2008,1229,789,89,71,108,6,1,7
2009,1229,789,90,71,108,6,1,5
2010,1229,789,90,71,108,6,1,2
2011,1228,789,90,71,108,6,1,1
2012,1229,789,90,71,108,6,1,1
2013,1230,789,89,71,108,6,1,1
2014,1229,789,89,71,108,6,1,0
2015,1229,788,90,71,108,6,1,0
2016,1228,786,92,73,108,6,1,0
2017,1228,786,92,73,108,6,1,0
2018,1227,786,92,74,108,6,1,0
2019,1229,787,90,72,108,6,1,0
2020,1230,787,90,72,108,6,1,0
2021,1230,787,90,72,108,6,1,0
2022,1229,787,90,72,108,6,1,0
2023,1229,787,90,72,108,6,1,0
2024,1229,787,90,72,108,6,1,0
2025,1230,787,90,72,108,6,1,0
2026,1228,786,92,73,108,6,1,0
2027,1228,786,92,73,108,6,1,0
2050,1217,781,103,78,108,6,1,0
2051,1218,781,102,77,108,6,1,0
2052,1216,782,103,76,108,6,1,0
2053,1216,782,103,76,108,6,1,0
2054,1216,781,104,76,108,6,1,1
2055,1215,781,104,76,108,6,1,2
2056,1216,781,101,78,108,6,1,3
2057,1216,781,101,78,108,6,1,2
2058,1216,781,101,78,108,6,1,3
2059,1216,781,102,78,108,6,1,4
2060,1216,781,101,78,108,6,1,4
2061,1216,781,102,78,108,6,1,3
2062,1215,781,102,78,108,6,1,2
2063,1215,781,102,77,108,6,1,2
2064,1209,782,107,77,108,6,1,2
2065,1220,782,98,76,108,6,1,3
2066,1226,784,91,75,108,6,1,3
2067,1225,783,92,75,108,6,1,3
2068,1226,783,91,76,108,6,1,5
2069,1225,783,92,76,108,6,1,4
2070,1224,783,93,76,108,6,1,4
2071,1225,783,92,76,108,6,1,1
2072,1225,783,92,76,108,6,1,1
2073,1225,783,92,76,108,6,1,1
2074,1223,782,95,76,108,6,1,1
2075,1221,782,97,77,108,6,1,2
2076,1203,782,113,78,108,6,1,3
2077,1220,783,98,77,108,6,1,4
2078,1221,783,97,77,108,6,1,4
2079,1221,783,97,77,108,6,1,3
2080,1221,783,97,77,108,6,1,2
2081,1221,783,97,76,108,6,1,1
2082,1220,783,98,76,108,6,1,1
2083,1222,784,96,76,108,6,1,0
2084,1223,784,96,75,108,6,1,0
2085,1222,784,96,75,108,6,1,2
2086,1222,783,97,76,108,6,1,2
2087,1212,781,103,78,108,6,1,2
2110,1217,781,100,77,108,6,1,0
2111,1217,781,101,77,108,6,1,0
2112,1217,784,101,74,108,6,1,0
2113,1217,784,101,74,108,6,1,0
2114,1217,784,101,74,108,6,1,0
2115,1219,784,99,74,108,6,1,0
2116,1219,784,99,74,108,6,1,0
2117,1219,784,99,74,108,6,1,0
2118,1219,784,99,74,108,6,1,0
2119,1219,784,99,74,108,6,1,0
2120,1219,783,99,76,108,6,1,1
2121,1219,783,99,76,108,6,1,1
2122,1219,783,99,76,108,6,1,1
2123,1219,783,100,75,108,6,1,1
2124,1214,783,106,75,108,6,1,1
2125,1214,783,106,75,108,6,1,2
2126,1214,783,106,75,108,6,1,4
2127,1207,782,110,76,108,6,1,6
2128,1202,783,114,75,108,6,1,7
2129,1203,783,113,75,108,6,1,8
2130,1203,783,113,75,108,6,1,8
2131,1237,791,81,67,108,6,1,11
2132,1237,791,80,67,108,6,1,14
2133,1240,792,78,66,108,6,1,18
2134,1239,791,79,67,108,6,1,21
2135,1214,783,104,76,108,6,1,18
2136,1236,791,82,68,108,6,1,14
2137,1236,791,82,67,108,6,1,8
2138,1239,793,79,66,108,6,1,6
2139,1239,793,80,66,108,6,1,4
2140,1239,793,79,66,108,6,1,2
2141,1239,793,79,66,108,6,1,1
2142,1240,792,79,67,108,6,1,1
2143,1240,793,78,66,108,6,1,0
2144,1240,793,79,66,108,6,1,0
2145,1240,793,78,66,108,6,1,0
2146,1240,793,78,66,108,6,1,0
2147,1240,793,78,66,108,6,1,2
2148,1219,783,99,77,108,6,1,5
2149,1220,783,99,77,108,6,1,8
2150,1219,783,99,77,108,6,1,11
2151,1219,782,100,77,108,6,1,11
2152,1219,783,100,77,108,6,1,9
2153,1219,782,100,77,108,6,1,6
2154,1225,785,94,74,108,6,1,4
2155,1219,782,99,77,108,6,1,2
2156,1219,782,100,77,108,6,1,1
2157,1219,782,100,77,108,6,1,0
2158,1219,782,99,77,108,6,1,0
2159,1219,782,99,77,108,6,1,0
2160,1226,785,93,74,108,6,1,1
2161,1225,785,93,74,108,6,1,1
2162,1226,785,93,74,108,6,1,1
2163,1218,782,101,77,108,6,1,1
2164,1218,782,100,77,108,6,1,1
2165,1218,781,101,78,108,6,1,1
2166,1218,782,100,78,108,6,1,1
2167,1218,781,101,78,108,6,1,1
2168,1221,783,97,76,108,6,1,1
2169,1221,784,97,76,108,6,1,1
2170,1218,781,101,78,108,6,1,1
2171,1218,782,100,77,108,6,1,1
2172,1231,787,87,72,108,6,1,1
2173,1231,787,87,72,108,6,1,2
2174,1231,787,86,72,108,6,1,2
2175,1231,787,87,73,108,6,1,3
2176,1231,787,87,73,108,6,1,3
2177,1231,787,87,73,108,6,1,2
2178,1231,787,86,73,108,6,1,1
2209,1229,786,90,74,108,6,1,0
2210,1229,786,90,74,108,6,1,0
2211,1229,786,90,74,108,6,1,0
2212,1229,786,90,75,108,6,1,0
2213,1229,786,90,75,108,6,1,0
2214,1228,785,90,75,108,6,1,0
2215,1229,786,90,75,108,6,1,0
2216,1229,786,90,75,108,6,1,0
2217,1229,786,90,75,108,6,1,0
2218,1229,786,90,75,108,6,1,0
2219,1229,787,90,74,108,6,1,0
2220,1230,788,89,72,108,6,1,1
2221,1230,788,89,72,108,6,1,1
2222,1230,788,89,72,108,6,1,1
2223,1230,788,89,72,108,6,1,1
2224,1230,788,89,72,108,6,1,1
2225,1231,789,88,71,108,6,1,1
2226,1231,789,88,71,108,6,1,1
2227,1231,789,89,72,108,6,1,1
2228,1231,789,89,72,108,6,1,1
2229,1229,787,90,73,108,6,1,0
2230,1229,787,90,73,108,6,1,0
2231,1229,787,91,73,108,6,1,0
2232,1225,784,93,75,108,6,1,0
2233,1225,784,93,75,108,6,1,0
2234,1225,784,93,75,108,6,1,0
2235,1225,784,93,75,108,6,1,0
2236,1225,784,93,75,108,6,1,0
2237,1225,784,93,75,108,6,1,0
2238,1225,784,93,75,108,6,1,0
2239,1229,787,91,73,108,6,1,0
2240,1229,788,91,72,108,6,1,0
2241,1230,788,90,72,108,6,1,0
2242,1230,788,90,72,108,6,1,0
2243,1229,787,92,72,108,6,1,2
2244,1241,793,79,66,108,6,1,4
2245,1241,793,79,66,108,6,1,6
2246,1241,793,79,66,108,6,1,7
2247,1241,793,79,66,108,6,1,6
2248,1241,793,79,66,108,6,1,6
2249,1239,793,80,67,108,6,1,5
1732,1688,926,24,19,109,6,1,0
1733,1688,926,24,19,109,6,1,0
1734,1688,926,24,19,109,6,1,0
1735,1688,926,24,19,109,6,1,0
1736,1688,926,24,19,109,6,1,0
1737,1688,926,24,19,109,6,1,0
1738,1688,926,24,19,109,6,1,0
1739,1688,926,24,19,109,6,1,1
1740,1688,926,24,20,109,6,1,2
1741,1688,926,24,20,109,6,1,2
1742,1688,926,24,20,109,6,1,2
1743,1688,926,24,20,109,6,1,2
1744,1688,926,24,20,109,6,1,2
1745,1689,926,24,19,109,6,1,1
1746,1688,926,24,20,109,6,1,1
1747,1688,926,24,20,109,6,1,1
1748,1688,926,24,20,109,6,1,1
1749,1688,926,24,20,109,6,1,2
1750,1688,926,24,20,109,6,1,3
1751,1688,926,24,20,109,6,1,5
1752,1688,926,24,19,109,6,1,6
1753,1688,926,24,19,109,6,1,8
1754,1688,926,24,19,109,6,1,9
1755,1688,926,24,19,109,6,1,10
1756,1688,926,23,19,109,6,1,9
1757,1688,926,23,19,109,6,1,7
1758,1688,926,24,19,109,6,1,5
1759,1688,926,23,19,109,6,1,4
1760,1688,926,24,19,109,6,1,3
1761,1688,926,24,19,109,6,1,3
1762,1688,926,24,19,109,6,1,3
1763,1688,926,24,19,109,6,1,3
1764,1688,926,24,20,109,6,1,3
1765,1688,926,24,20,109,6,1,3
1766,1688,926,24,20,109,6,1,3
1767,1688,926,24,20,109,6,1,3
1768,1471,848,72,48,110,9,1,1
1769,1471,848,72,48,110,9,1,1
1770,1471,848,72,48,110,9,1,1
1771,1471,848,72,48,110,9,1,2
1772,1471,848,72,48,110,9,1,2
1773,1471,848,72,48,110,9,1,1
1774,1471,848,72,48,110,9,1,1
1775,1471,848,72,48,110,9,1,1
1776,1470,847,72,49,110,9,1,2
1777,1470,847,72,49,110,9,1,2
1778,1471,847,71,49,110,9,1,1
1779,1471,847,72,49,110,9,1,1
1780,1471,847,72,49,110,9,1,1
1781,1471,847,71,48,110,9,1,1
1782,1472,847,71,49,110,9,1,2
1783,1470,847,72,49,110,9,1,3
1784,1470,847,72,48,110,9,1,4
1785,1470,847,72,48,110,9,1,3
1786,1471,846,71,50,110,9,1,2
1787,1471,846,71,50,110,9,1,1
1788,1471,847,71,50,110,9,1,3
1789,1471,847,71,50,110,9,1,5
1790,1471,847,71,50,110,9,1,7
1791,1471,847,72,50,110,9,1,7
1792,1471,847,71,50,110,9,1,6
1793,1471,847,72,49,110,9,1,5
1794,1471,847,72,49,110,9,1,4
1795,1471,847,72,50,110,9,1,4
1796,1471,846,72,50,110,9,1,5
1797,1471,846,71,50,110,9,1,5
1798,1471,846,71,50,110,9,1,4
1799,1471,846,71,50,110,9,1,3
1800,1470,847,73,49,110,9,1,2
1801,1470,847,72,49,110,9,1,2
1802,1470,847,72,49,110,9,1,2
1803,1470,847,72,49,110,9,1,3
1804,1470,847,72,49,110,9,1,4
1805,1470,847,72,49,110,9,1,5
1785,1,1200,514,535,111,9,1,38
1786,1,1098,775,724,111,9,1,38
1787,0,1098,977,626,111,9,1,38
1788,240,1100,885,539,111,9,1,38
1789,513,1101,734,472,111,9,1,38
1790,722,1100,620,419,111,9,1,38
1791,891,1098,529,376,111,9,1,38
1792,1024,1097,461,339,111,9,1,38
1793,1135,1095,403,310,111,9,1,38
1794,1226,1092,358,285,111,9,1,38
1795,1300,1089,323,264,111,9,1,38
1796,1363,1086,296,245,111,9,1,38
1797,1414,1083,275,228,111,9,1,38
1798,1459,1079,255,215,111,9,1,38
1799,1498,1076,237,202,111,9,1,38
1800,1530,1073,221,191,111,9,1,38
1801,1559,1069,208,181,111,9,1,38
1802,1582,1066,197,172,111,9,1,38
1803,1604,1062,186,163,111,9,1,38
1804,1623,1058,175,156,111,9,1,38
1805,1639,1054,166,149,111,9,1,38
1806,1652,1050,159,143,111,9,1,38
1807,1664,1047,153,137,111,9,1,39
1808,1676,1042,145,132,111,9,1,39
1809,1686,1038,139,128,111,9,1,40
1810,1695,1033,134,123,111,9,1,40
1811,1701,1031,130,118,111,9,1,40
1812,1710,1029,124,114,111,9,1,40
1813,1715,1025,116,110,111,9,1,40
1814,1722,1023,109,106,111,9,1,40
1815,1727,1021,109,103,111,9,1,40
1816,1731,1018,104,100,111,9,1,39
1817,1735,1016,100,96,111,9,1,39
1818,1738,1013,93,94,111,9,1,38
1819,1742,1011,89,91,111,9,1,38
1820,1744,1008,88,90,111,9,1,38
1821,1746,1006,86,87,111,9,1,38
1822,1749,1003,82,85,111,9,1,38
1823,1750,1002,81,82,111,9,1,39
1824,1751,998,82,81,111,9,1,40
1825,1753,994,79,81,111,9,1,40
1826,1754,993,76,78,111,9,1,40
1827,1755,991,74,77,111,9,1,40
1828,1756,990,73,74,111,9,1,40
1829,1757,989,71,72,111,9,1,39
1830,1756,987,71,70,111,9,1,39
1831,1756,986,69,68,111,9,1,39
1832,1756,985,68,65,111,9,1,39
1833,1756,984,68,63,111,9,1,39
1834,1755,981,66,63,111,9,1,39
1835,1756,979,63,62,111,9,1,39
1836,1755,977,63,61,111,9,1,38
1837,1755,976,63,60,111,9,1,38
1838,1754,974,62,59,111,9,1,37
1839,1754,973,59,58,111,9,1,36
1840,1754,972,58,57,111,9,1,36
1841,1754,971,57,55,111,9,1,35
1842,1753,969,57,55,111,9,1,35
1843,1753,968,56,54,111,9,1,34
1844,1753,968,54,52,111,9,1,35
1845,1753,967,54,51,111,9,1,36
1846,1754,965,53,50,111,9,1,37
1847,1754,965,52,49,111,9,1,37
1848,1755,965,50,48,111,9,1,38
1849,1755,964,49,47,111,9,1,38
1850,1756,963,48,46,111,9,1,36
1851,1757,963,47,45,111,9,1,34
1852,1757,963,46,45,111,9,1,32
1853,1757,963,45,43,111,9,1,31
1854,1757,962,46,43,111,9,1,28
1855,1757,962,46,43,111,9,1,25
1856,1757,961,46,43,111,9,1,23
1857,1757,961,46,43,111,9,1,21
1860,1758,961,44,41,111,9,1,20
1861,1759,960,44,41,111,9,1,19
1862,1759,960,42,40,111,9,1,19
1863,1759,960,41,39,111,9,1,19
1864,1759,960,41,39,111,9,1,20
1865,1758,959,41,38,111,9,1,22
1866,1758,960,38,37,111,9,1,23
1867,1759,959,37,37,111,9,1,24
1868,1759,960,36,36,111,9,1,25
1869,1759,960,36,35,111,9,1,26
1870,1759,959,36,35,111,9,1,26
1871,1759,959,35,34,111,9,1,24
1872,1758,959,35,34,111,9,1,24
1873,1759,958,34,34,111,9,1,23
1874,1759,958,33,34,111,9,1,21
1875,1759,958,33,33,111,9,1,19
1876,1759,958,32,33,111,9,1,19
1877,1759,958,31,32,111,9,1,18
1878,1759,957,31,32,111,9,1,19
1879,1759,958,31,31,111,9,1,19
1880,1758,957,31,30,111,9,1,21
1881,1758,957,31,30,111,9,1,23
1882,1758,956,31,30,111,9,1,23
1883,1758,956,31,29,111,9,1,21
1884,1757,956,31,29,111,9,1,18
1885,1757,956,32,29,111,9,1,16
1886,1756,956,32,29,111,9,1,14
1887,1756,956,32,28,111,9,1,13
1888,1756,956,32,28,111,9,1,12
1889,1755,956,32,28,111,9,1,12
1890,1755,956,31,27,111,9,1,13
1891,1755,956,31,27,111,9,1,12
1892,1755,956,31,27,111,9,1,12
1893,1754,955,30,27,111,9,1,12
1894,1754,955,29,26,111,9,1,15
1895,1754,955,29,26,111,9,1,17
1896,1754,954,26,25,111,9,1,19
1897,1754,954,27,25,111,9,1,20
1898,1753,954,26,25,111,9,1,21
1899,1753,954,25,25,111,9,1,20
1900,1752,953,25,25,111,9,1,19
1901,1752,954,26,24,111,9,1,16
1902,1751,953,26,24,111,9,1,14
1903,1751,952,27,25,111,9,1,13
1904,1750,952,27,24,111,9,1,14
1905,1750,952,27,24,111,9,1,16
1906,1750,952,25,23,111,9,1,17
1907,1750,952,24,22,111,9,1,19
1908,1751,953,23,21,111,9,1,20
1909,1750,952,23,21,111,9,1,22
1910,1749,952,23,22,111,9,1,23
1911,1749,951,23,21,111,9,1,24
1912,1749,952,23,21,111,9,1,25
1913,1749,951,23,21,111,9,1,25
1914,1749,951,23,21,111,9,1,22
1915,1749,951,23,20,111,9,1,17
1916,1749,950,24,22,111,9,1,10
1917,1748,950,24,22,111,9,1,7
1918,1749,951,22,21,111,9,1,6
1787,1744,945,21,19,112,3,1,18
1788,1743,945,22,20,112,3,1,21
1789,1744,946,22,19,112,3,1,22
1790,1743,946,21,20,112,3,1,21
1791,1743,946,21,20,112,3,1,16
1792,1743,946,21,19,112,3,1,11
1793,1744,946,21,18,112,3,1,9
1794,1743,946,20,18,112,3,1,7
1788,1344,797,84,62,113,6,1,1
1789,1344,797,84,62,113,6,1,0
1790,1344,797,84,62,113,6,1,1
1791,1344,797,84,62,113,6,1,1
1792,1346,798,83,62,113,6,1,2
1793,1346,798,83,62,113,6,1,1
1794,1346,798,83,62,113,6,1,1
1795,1345,797,83,62,113,6,1,0
1796,1343,797,85,62,113,6,1,0
1797,1343,797,85,62,113,6,1,0
1798,1343,797,85,62,113,6,1,0
1799,1342,797,86,62,113,6,1,0
1800,1342,797,86,63,113,6,1,0
1801,1343,797,86,63,113,6,1,0
1802,1343,797,86,63,113,6,1,0
1803,1343,797,86,63,113,6,1,0
1804,1342,797,86,62,113,6,1,2
1805,1343,797,86,62,113,6,1,3
1806,1343,797,85,61,113,6,1,4
1807,1342,797,86,62,113,6,1,3
1808,1342,797,86,61,113,6,1,4
1809,1342,797,86,61,113,6,1,4
1810,1342,797,86,61,113,6,1,4
1811,1342,797,86,61,113,6,1,2
1812,1344,797,85,62,113,6,1,1
1813,1344,797,85,62,113,6,1,0
1814,1344,797,85,62,113,6,1,0
1815,1344,797,85,62,113,6,1,0
1816,1343,797,85,62,113,6,1,0
1817,1344,797,85,62,113,6,1,0
1818,1344,797,85,62,113,6,1,0
1819,1343,797,85,62,113,6,1,0
1820,1344,797,84,61,113,6,1,0
1821,1344,797,85,61,113,6,1,0
1822,1344,797,85,62,113,6,1,0
1823,1344,797,84,62,113,6,1,0
1824,1344,797,85,61,113,6,1,1
1825,1344,797,84,61,113,6,1,2
1826,1344,797,84,61,113,6,1,2
1827,1344,798,84,61,113,6,1,2
1828,1344,797,84,61,113,6,1,2
1829,1344,798,84,61,113,6,1,2
1830,1344,798,84,61,113,6,1,3
1831,1345,798,84,61,113,6,1,3
1832,1344,798,84,61,113,6,1,5
1833,1344,798,84,61,113,6,1,4
1834,1344,797,85,62,113,6,1,4
1835,1344,797,85,62,113,6,1,2
1836,1344,797,85,62,113,6,1,1
1837,1343,797,85,62,113,6,1,1
1838,1344,797,85,62,113,6,1,1
1839,1344,797,85,62,113,6,1,1
1840,1344,797,84,62,113,6,1,1
1841,1344,797,85,62,113,6,1,1
1842,1344,797,85,62,113,6,1,0
1843,1344,797,85,62,113,6,1,0
1844,1344,797,85,62,113,6,1,0
1845,1344,797,85,62,113,6,1,1
1846,1347,798,81,60,113,6,1,3
1847,1346,798,81,60,113,6,1,4
1848,1346,798,82,60,113,6,1,4
1849,1346,798,82,60,113,6,1,4
1850,1345,798,82,60,113,6,1,3
1851,1346,798,82,60,113,6,1,2
1852,1345,798,82,60,113,6,1,1
1853,1345,798,82,60,113,6,1,1
1854,1345,798,82,60,113,6,1,1
1855,1346,798,81,60,113,6,1,1
1856,1346,798,82,61,113,6,1,1
1857,1346,798,81,61,113,6,1,1
1858,1346,798,81,60,113,6,1,3
1859,1346,798,81,60,113,6,1,4
1860,1347,799,81,60,113,6,1,4
1861,1347,799,81,60,113,6,1,2
1862,1346,798,81,61,113,6,1,2
1863,1346,798,82,61,113,6,1,5
1864,1346,798,82,62,113,6,1,7
1865,1345,798,83,62,113,6,1,9
1866,1344,798,84,62,113,6,1,8
1867,1344,798,84,62,113,6,1,10
1868,1344,798,84,62,113,6,1,9
1869,1345,798,83,62,113,6,1,8
1870,1344,798,84,63,113,6,1,6
1871,1344,798,84,62,113,6,1,4
1872,1343,797,84,62,113,6,1,4
1873,1343,797,84,62,113,6,1,3
1874,1343,797,84,62,113,6,1,4
1875,1343,797,84,62,113,6,1,5
1876,1343,797,86,62,113,6,1,5
1877,1343,797,86,62,113,6,1,4
1878,1342,797,86,62,113,6,1,3
1879,1342,797,86,62,113,6,1,3
1880,1342,797,86,62,113,6,1,2
1881,1341,797,87,62,113,6,1,2
1882,1341,797,87,62,113,6,1,1
1883,1341,797,87,62,113,6,1,1
1884,1342,797,86,62,113,6,1,0
1885,1341,797,87,62,113,6,1,0
1886,1341,797,87,62,113,6,1,0
1887,1341,797,87,62,113,6,1,0
1888,1340,797,88,63,113,6,1,0
1889,1341,797,87,62,113,6,1,0
1890,1341,797,87,62,113,6,1,0
1891,1341,797,87,62,113,6,1,1
1892,1341,797,88,62,113,6,1,1
1893,1341,797,87,63,113,6,1,2
1894,1341,797,87,63,113,6,1,3
1895,1341,797,87,63,113,6,1,4
1896,1347,798,81,61,113,6,1,5
1897,1347,798,81,61,113,6,1,6
1898,1348,798,80,61,113,6,1,8
1899,1348,798,80,61,113,6,1,10
1900,1348,798,80,61,113,6,1,9
1901,1348,798,80,61,113,6,1,6
1902,1348,798,81,61,113,6,1,4
1903,1348,798,81,61,113,6,1,4
1904,1347,798,81,61,113,6,1,4
1905,1347,798,81,61,113,6,1,5
1906,1345,797,85,62,113,6,1,5
1907,1344,797,85,62,113,6,1,5
1908,1344,798,84,62,113,6,1,4
1909,1343,798,85,62,113,6,1,3
1910,1343,797,85,62,113,6,1,2
1911,1344,798,85,62,113,6,1,2
1912,1344,798,85,62,113,6,1,2
1913,1343,797,85,62,113,6,1,2
1914,1343,797,85,62,113,6,1,3
1915,1344,797,84,62,113,6,1,3
1916,1341,797,88,63,113,6,1,3
1917,1341,797,88,63,113,6,1,5
1918,1340,797,88,63,113,6,1,7
1919,1340,798,88,63,113,6,1,8
1920,1339,797,88,62,113,6,1,5
1921,1340,797,88,62,113,6,1,4
1922,1340,797,88,62,113,6,1,2
1923,1340,797,88,62,113,6,1,2
1924,1339,797,88,63,113,6,1,2
1925,1339,797,88,63,113,6,1,5
1926,1343,797,82,62,113,6,1,7
1927,1344,797,84,61,113,6,1,11
1928,1344,797,84,61,113,6,1,12
1929,1344,797,84,62,113,6,1,13
1930,1343,797,85,62,113,6,1,11
1931,1343,797,85,61,113,6,1,8
1956,1345,797,84,62,113,6,1,4
1957,1345,798,84,62,113,6,1,2
1958,1345,798,84,62,113,6,1,1
1959,1346,798,83,62,113,6,1,0
1960,1345,798,83,62,113,6,1,0
1961,1345,798,83,62,113,6,1,1
1962,1344,797,85,62,113,6,1,1
1963,1345,797,84,62,113,6,1,1
1964,1345,798,83,62,113,6,1,1
1965,1345,798,83,62,113,6,1,0
1966,1345,797,83,63,113,6,1,1
1967,1345,797,83,63,113,6,1,2
1968,1349,798,79,61,113,6,1,3
1969,1349,798,79,61,113,6,1,3
1970,1350,798,79,61,113,6,1,3
1971,1350,798,79,62,113,6,1,3
1972,1349,798,79,61,113,6,1,2
1973,1349,798,79,62,113,6,1,2
1974,1349,797,80,62,113,6,1,3
1975,1348,797,81,63,113,6,1,4
1976,1344,797,84,63,113,6,1,4
1977,1345,797,83,63,113,6,1,3
1978,1344,796,84,63,113,6,1,4
1979,1344,796,85,63,113,6,1,3
1980,1346,797,82,63,113,6,1,3
1981,1346,797,82,63,113,6,1,2
1982,1346,797,82,63,113,6,1,1
1983,1346,797,82,63,113,6,1,1
1984,1347,797,81,63,113,6,1,0
1985,1347,797,81,63,113,6,1,0
1986,1345,797,83,62,113,6,1,0
1987,1344,797,83,62,113,6,1,0
1988,1345,797,82,62,113,6,1,0
1989,1345,797,83,62,113,6,1,0
1990,1344,797,83,63,113,6,1,1
1991,1345,797,83,63,113,6,1,2
1992,1349,797,80,62,113,6,1,3
1993,1349,797,80,62,113,6,1,3
1994,1349,797,80,62,113,6,1,3
1995,1348,797,80,62,113,6,1,2
1996,1346,797,83,63,113,6,1,2
1997,1346,797,83,63,113,6,1,4
1998,1346,797,83,63,113,6,1,6
1999,1346,797,83,63,113,6,1,10
2000,1333,797,96,63,113,6,1,12
2001,1333,797,96,63,113,6,1,14
2002,1333,797,96,63,113,6,1,13
2003,1333,797,96,63,113,6,1,14
2004,1335,797,94,63,113,6,1,11
2005,1333,797,96,63,113,6,1,11
2006,1347,797,82,63,113,6,1,9
2007,1347,797,82,63,113,6,1,9
2008,1347,797,82,64,113,6,1,10
2009,1346,797,82,64,113,6,1,10
2010,1347,797,82,63,113,6,1,10
2011,1346,797,83,63,113,6,1,6
2012,1347,797,82,63,113,6,1,3
2013,1346,797,83,63,113,6,1,2
2014,1346,797,83,63,113,6,1,1
2015,1344,797,85,63,113,6,1,1
2016,1346,797,81,63,113,6,1,0
2017,1346,797,81,63,113,6,1,1
2018,1346,797,81,63,113,6,1,1
2019,1346,797,81,63,113,6,1,2
2020,1347,797,80,63,113,6,1,2
2021,1347,797,80,63,113,6,1,2
2022,1348,797,80,63,113,6,1,1
2023,1347,797,80,63,113,6,1,0
2024,1347,797,80,63,113,6,1,0
2025,1347,797,80,63,113,6,1,1
2026,1348,797,80,63,113,6,1,1
2027,1348,797,80,63,113,6,1,1
2028,1347,797,82,63,113,6,1,1
2029,1347,797,82,63,113,6,1,1
2030,1348,797,82,63,113,6,1,2
2031,1347,797,82,63,113,6,1,2
2032,1347,797,82,63,113,6,1,1
2033,1348,797,82,63,113,6,1,2
2034,1348,797,82,63,113,6,1,2
2035,1348,797,81,62,113,6,1,3
2036,1346,797,84,63,113,6,1,2
2037,1346,797,83,63,113,6,1,2
2038,1346,797,84,63,113,6,1,1
2039,1347,797,82,63,113,6,1,1
2040,1349,798,80,62,113,6,1,1
2041,1346,797,82,62,113,6,1,1
2042,1348,798,80,62,113,6,1,1
2043,1347,798,81,62,113,6,1,1
2044,1347,798,81,62,113,6,1,1
2045,1348,798,81,62,113,6,1,1
2046,1345,797,83,62,113,6,1,1
2047,1344,797,84,62,113,6,1,1
2048,1344,797,84,62,113,6,1,1
2049,1344,797,83,62,113,6,1,1
2050,1344,797,82,61,113,6,1,2
2051,1342,797,84,62,113,6,1,2
2052,1343,797,83,62,113,6,1,2
2053,1344,797,83,62,113,6,1,2
2054,1344,797,83,62,113,6,1,2
2055,1343,797,83,62,113,6,1,2
1800,1044,750,70,50,114,9,1,0
1801,1044,750,70,50,114,9,1,0
1802,1044,750,70,50,114,9,1,0
1803,1044,750,70,50,114,9,1,0
1804,1044,750,70,50,114,9,1,1
1805,1044,750,70,50,114,9,1,1
1806,1045,750,69,49,114,9,1,1
1846,1665,1087,31,16,115,9,0,2
1847,1664,1087,33,16,115,9,0,2
1848,1665,1087,31,16,115,9,0,1
1849,1664,1087,31,16,115,9,0,1
1850,1664,1087,32,16,115,9,0,0
1851,1664,1087,32,16,115,9,0,0
1852,1664,1087,31,16,115,9,0,0
1853,1664,1087,31,16,115,9,0,0
1854,1664,1087,31,16,115,9,0,0
1855,1664,1087,32,16,115,9,0,0
1856,1664,1087,32,16,115,9,0,0
1857,1664,1087,32,16,115,9,0,0
1858,1664,1087,32,16,115,9,0,0
1859,1664,1087,32,16,115,9,0,0
1860,1664,1087,30,16,115,9,0,0
1861,1664,1087,31,16,115,9,0,0
1862,1664,1087,31,16,115,9,0,0
1863,1664,1087,31,16,115,9,0,0
1864,1664,1087,31,16,115,9,0,0
1865,1664,1087,31,16,115,9,0,0
1866,1664,1086,24,17,115,9,0,0
1867,1664,1086,24,17,115,9,0,0
1872,1665,1088,24,15,115,9,0,0
1873,1665,1088,24,15,115,9,0,0
1874,1665,1088,24,15,115,9,0,0
1875,1665,1088,23,15,115,9,0,0
1876,1470,846,73,51,116,3,1,0
1877,1470,846,73,51,116,3,1,1
1878,1470,846,73,51,116,3,1,2
1879,1470,847,73,50,116,3,1,4
1880,1470,847,72,50,116,3,1,3
1881,1470,848,72,49,116,3,1,2
1882,1471,847,72,50,116,3,1,1
1883,1471,847,72,50,116,3,1,0
1884,1470,847,73,50,116,3,1,3
1885,1470,847,73,50,116,3,1,6
1886,1470,847,72,49,116,3,1,7
1887,1470,847,72,49,116,3,1,6
1888,1470,847,72,49,116,3,1,5
1889,1470,847,72,49,116,3,1,4
1890,1471,847,72,49,116,3,1,4
1891,1470,847,72,50,116,3,1,2
1892,1471,847,72,50,116,3,1,2
1893,1471,847,72,50,116,3,1,2
1894,1471,847,71,50,116,3,1,4
1895,1471,847,72,50,116,3,1,6
1896,1471,847,72,47,116,3,1,11
1897,1471,848,72,47,116,3,1,12
1898,1471,847,72,47,116,3,1,13
1899,1470,848,72,47,116,3,1,10
1900,1470,847,72,47,116,3,1,9
1901,1470,848,72,47,116,3,1,6
1902,1470,848,72,47,116,3,1,5
1903,1470,848,72,47,116,3,1,3
1904,1470,848,72,47,116,3,1,5
1905,1470,848,72,47,116,3,1,6
1906,1471,848,73,49,116,3,1,7
1907,1471,848,73,49,116,3,1,6
1908,1471,848,74,48,116,3,1,4
1909,1471,848,74,48,116,3,1,4
1910,1471,848,74,48,116,3,1,3
1911,1471,848,74,48,116,3,1,2
1912,1471,848,74,48,116,3,1,1
1913,1471,848,74,49,116,3,1,0
1914,1471,847,73,49,116,3,1,1
1915,1471,847,73,49,116,3,1,2
1916,1470,848,74,49,116,3,1,3
1917,1470,848,74,49,116,3,1,3
1918,1470,848,74,49,116,3,1,3
1919,1470,848,72,49,116,3,1,2
1920,1470,847,73,49,116,3,1,3
1921,1470,847,73,49,116,3,1,4
1922,1470,847,73,49,116,3,1,6
1923,1470,847,73,49,116,3,1,7
1924,1470,847,73,49,116,3,1,7
1925,1470,847,73,49,116,3,1,6
1926,1470,848,74,49,116,3,1,4
1927,1470,848,74,49,116,3,1,4
1928,1470,848,74,49,116,3,1,5
1929,1470,848,74,49,116,3,1,6
1930,1470,848,74,49,116,3,1,6
1931,1470,848,74,49,116,3,1,4
1932,1470,848,74,49,116,3,1,2
1933,1470,848,74,49,116,3,1,1
1934,1470,848,74,49,116,3,1,1
1935,1470,848,74,49,116,3,1,1
1936,1469,847,75,49,116,3,1,2
1937,1469,847,74,49,116,3,1,2
1938,1469,847,75,49,116,3,1,3
1939,1469,847,74,49,116,3,1,4
1940,1469,847,74,49,116,3,1,4
1941,1469,847,74,49,116,3,1,4
1942,1469,847,74,49,116,3,1,4
1943,1470,847,74,49,116,3,1,3
1944,1469,847,75,49,116,3,1,2
1945,1469,847,74,49,116,3,1,2
1896,1706,932,26,26,117,9,1,14
1897,1706,933,26,26,117,9,1,14
1898,1706,933,26,26,117,9,1,13
1899,1706,933,26,27,117,9,1,12
1900,1705,933,27,26,117,9,1,11
1901,1705,933,27,26,117,9,1,12
1902,1704,933,27,27,117,9,1,15
1903,1705,934,27,26,117,9,1,17
1904,1706,938,25,24,117,9,1,21
1905,1706,939,26,23,117,9,1,24
1906,1704,940,27,23,117,9,1,28
1907,1705,941,26,23,117,9,1,29
1908,1704,945,26,19,117,9,1,27
1909,1704,944,27,20,117,9,1,26
1910,1703,939,28,25,117,9,1,24
1911,1703,935,28,29,117,9,1,22
1912,1703,934,28,31,117,9,1,20
1913,1703,934,28,31,117,9,1,18
1914,1703,936,28,29,117,9,1,18
1915,1703,937,28,29,117,9,1,15
1916,1703,938,29,27,117,9,1,12
1917,1703,939,29,26,117,9,1,8
1918,1702,940,29,26,117,9,1,6
1919,1702,940,29,26,117,9,1,5
1920,1703,938,29,28,117,9,1,7
1921,1702,936,30,31,117,9,1,10
1922,1701,936,31,30,117,9,1,13
1923,1701,935,31,32,117,9,1,15
1924,1700,936,32,31,117,9,1,16
1925,1700,936,32,32,117,9,1,15
1926,1700,933,32,34,117,9,1,15
1927,1700,933,32,35,117,9,1,15
1928,1700,934,32,35,117,9,1,17
1929,1700,934,32,35,117,9,1,17
1930,1700,934,33,36,117,9,1,18
1931,1699,936,33,34,117,9,1,18
1932,1699,942,32,28,117,9,1,19
1933,1699,938,32,32,117,9,1,20
1934,1698,936,33,35,117,9,1,21
1935,1698,935,33,36,117,9,1,20
1936,1699,936,33,36,117,9,1,20
1937,1698,935,33,37,117,9,1,19
1938,1698,934,34,39,117,9,1,17
1939,1699,934,33,40,117,9,1,15
1940,1699,934,34,40,117,9,1,13
1941,1699,933,34,40,117,9,1,13
1942,1698,936,35,38,117,9,1,13
1943,1697,935,36,39,117,9,1,12
1944,1698,945,36,30,117,9,1,12
1945,1698,944,37,31,117,9,1,12
1946,1697,945,38,31,117,9,1,13
1947,1697,945,38,31,117,9,1,11
1948,1697,945,40,32,117,9,1,14
1949,1697,940,41,36,117,9,1,17
1950,1696,935,45,43,117,9,1,21
1951,1696,935,46,44,117,9,1,22
1952,1695,944,45,35,117,9,1,23
1953,1696,942,45,38,117,9,1,23
1954,1696,945,45,35,117,9,1,22
1955,1696,945,45,36,117,9,1,20
1956,1697,946,43,35,117,9,1,19
1957,1696,945,45,37,117,9,1,19
1958,1697,947,44,35,117,9,1,19
1959,1698,944,45,39,117,9,1,20
1960,1697,941,47,43,117,9,1,22
1961,1695,939,49,46,117,9,1,22
1962,1696,936,48,50,117,9,1,23
1963,1696,939,48,48,117,9,1,24
1964,1695,936,50,52,117,9,1,24
1965,1694,937,51,52,117,9,1,23
1966,1694,939,51,50,117,9,1,22
1967,1693,938,53,52,117,9,1,21
1968,1694,939,52,52,117,9,1,21
1969,1693,940,53,52,117,9,1,20
1970,1691,940,53,52,117,9,1,20
1971,1691,941,53,53,117,9,1,22
1972,1691,943,54,52,117,9,1,23
1973,1690,944,55,52,117,9,1,24
1974,1690,944,54,53,117,9,1,25
1975,1690,945,54,54,117,9,1,26
1976,1688,943,57,57,117,9,1,27
1977,1687,944,57,57,117,9,1,25
1978,1686,944,58,58,117,9,1,25
1979,1685,943,59,59,117,9,1,24
1980,1684,944,61,61,117,9,1,25
1981,1684,945,61,61,117,9,1,24
1982,1683,946,61,61,117,9,1,24
1983,1682,947,62,61,117,9,1,24
1984,1681,947,63,62,117,9,1,23
1985,1681,946,64,64,117,9,1,23
1986,1680,947,63,65,117,9,1,23
1987,1678,946,65,68,117,9,1,24
1988,1677,946,66,69,117,9,1,24
1989,1676,947,68,71,117,9,1,25
1990,1675,946,70,73,117,9,1,26
1991,1674,947,72,74,117,9,1,27
1992,1672,948,73,75,117,9,1,27
1993,1670,948,73,77,117,9,1,27
1994,1668,951,73,75,117,9,1,27
1995,1667,955,73,74,117,9,1,27
1996,1666,955,73,74,117,9,1,27
1997,1664,956,75,75,117,9,1,27
1998,1662,956,77,77,117,9,1,26
1999,1659,958,80,78,117,9,1,26
2000,1658,958,80,80,117,9,1,26
2001,1656,960,80,80,117,9,1,26
2002,1653,960,84,82,117,9,1,26
2003,1650,962,86,82,117,9,1,26
2004,1648,963,89,84,117,9,1,26
2005,1645,963,90,86,117,9,1,25
2006,1642,964,92,86,117,9,1,25
2007,1640,964,94,89,117,9,1,25
2008,1636,965,95,91,117,9,1,25
2009,1634,964,97,94,117,9,1,25
2010,1629,967,96,95,117,9,1,25
2011,1627,967,98,95,117,9,1,24
2012,1623,969,102,95,117,9,1,24
2013,1619,971,103,97,117,9,1,24
2014,1615,972,105,99,117,9,1,23
2015,1611,972,108,101,117,9,1,23
2016,1606,974,110,103,117,9,1,23
2017,1601,975,112,103,117,9,1,24
2018,1597,976,113,106,117,9,1,24
2019,1591,976,115,108,117,9,1,24
2020,1585,977,121,111,117,9,1,23
2021,1578,978,124,112,117,9,1,23
2022,1571,979,127,114,117,9,1,23
2023,1563,979,131,117,117,9,1,23
2024,1556,980,133,118,117,9,1,23
2025,1547,980,137,122,117,9,1,23
2012,1689,927,24,19,118,6,1,1
2013,1689,927,24,19,118,6,1,4
2014,1689,927,24,19,118,6,1,4
2015,1688,927,24,19,118,6,1,5
2016,1687,926,25,20,118,6,1,3
2017,1688,926,25,20,118,6,1,2
2018,1688,926,25,20,118,6,1,1
2019,1689,926,24,20,118,6,1,2
2020,1689,926,24,20,118,6,1,3
2021,1689,926,24,20,118,6,1,3
2022,1689,926,24,20,118,6,1,2
2023,1689,926,24,20,118,6,1,1
2024,1689,926,24,20,118,6,1,1
2025,1689,926,24,20,118,6,1,2
2026,1688,926,23,20,118,6,1,2
2027,1688,926,24,20,118,6,1,4
2028,1688,926,24,19,118,6,1,3
2029,1688,926,24,19,118,6,1,3
2036,1687,925,25,20,118,6,1,1
2037,1688,926,25,20,118,6,1,1
2038,1688,925,25,20,118,6,1,1
2039,1688,925,25,20,118,6,1,2
2040,1688,925,25,21,118,6,1,3
2041,1688,925,25,21,118,6,1,2
2042,1688,925,25,21,118,6,1,4
2043,1687,924,26,22,118,6,1,5
2044,1687,924,26,22,118,6,1,7
2045,1687,924,26,22,118,6,1,6
2046,1688,925,24,20,118,6,1,4
2047,1688,926,24,20,118,6,1,4
2048,1688,926,24,20,118,6,1,4
2049,1688,925,24,20,118,6,1,6
2050,1688,925,24,20,118,6,1,5
2051,1688,925,24,20,118,6,1,5
2052,1688,925,24,20,118,6,1,3
2053,1688,925,24,20,118,6,1,5
2054,1688,926,24,20,118,6,1,6
2055,1688,926,24,20,118,6,1,9
2056,1688,925,24,21,118,6,1,8
2057,1688,925,24,21,118,6,1,7
2058,1688,925,24,21,118,6,1,5
2059,1688,925,24,21,118,6,1,4
2060,1688,925,24,21,118,6,1,3
2061,1688,925,24,21,118,6,1,3
2046,0,524,19,55,119,6,1,0
2047,0,524,19,54,119,6,1,0
2048,0,524,19,54,119,6,1,0
2049,0,524,19,54,119,6,1,0
2050,0,524,19,54,119,6,1,0
2051,0,524,19,55,119,6,1,0
2052,0,525,19,54,119,6,1,0
2053,0,525,19,54,119,6,1,0
2054,0,526,19,54,119,6,1,0
2055,0,526,19,54,119,6,1,0
2056,0,526,19,54,119,6,1,0
2057,0,526,19,52,119,6,1,0
2058,0,526,19,52,119,6,1,0
2059,0,526,19,52,119,6,1,0
2060,0,526,19,53,119,6,1,0
2061,0,526,19,53,119,6,1,0
2062,0,525,19,54,119,6,1,0
2063,0,525,19,54,119,6,1,0
2064,0,525,19,52,119,6,1,0
2065,0,525,19,52,119,6,1,0
2066,0,527,19,51,119,6,1,0
2067,0,526,19,53,119,6,1,0
2068,0,526,19,53,119,6,1,0
2069,0,527,19,52,119,6,1,0
2070,0,527,19,52,119,6,1,0
2071,0,527,19,52,119,6,1,0
2072,0,526,19,53,119,6,1,0
2073,0,524,19,54,119,6,1,0
2074,0,524,19,54,119,6,1,0
2075,0,524,19,54,119,6,1,0
2076,0,527,19,52,119,6,1,0
2087,0,525,19,58,119,6,1,0
2088,0,528,20,54,119,6,1,0
2089,0,528,20,54,119,6,1,0
2090,0,528,20,54,119,6,1,0
2091,0,528,20,54,119,6,1,0
2092,0,528,20,54,119,6,1,0
2093,0,528,20,54,119,6,1,0
2094,0,527,20,55,119,6,1,0
2095,0,526,20,57,119,6,1,0
2096,0,526,20,57,119,6,1,0
2097,0,527,20,57,119,6,1,0
2098,0,526,20,57,119,6,1,0
2099,0,523,20,57,119,6,1,1
2100,0,515,19,63,119,6,1,2
2101,0,515,19,63,119,6,1,2
2102,0,515,19,63,119,6,1,2
2103,0,515,19,64,119,6,1,2
2104,0,515,19,64,119,6,1,1
2105,0,515,19,64,119,6,1,0
2106,0,515,19,63,119,6,1,0
2107,0,515,19,64,119,6,1,0
2108,0,515,19,64,119,6,1,0
2109,0,524,20,54,119,6,1,0
2110,0,524,20,55,119,6,1,0
2111,0,524,20,55,119,6,1,0
2112,0,524,19,56,119,6,1,0
2113,0,524,19,56,119,6,1,0
2114,0,525,19,56,119,6,1,0
2115,0,525,19,56,119,6,1,0
2116,0,525,20,56,119,6,1,0
2117,0,525,20,56,119,6,1,0
2118,0,525,20,56,119,6,1,0
2119,0,525,20,55,119,6,1,0
2120,0,528,19,52,119,6,1,0
2121,0,528,19,52,119,6,1,0
2122,0,528,19,52,119,6,1,0
2123,0,528,19,54,119,6,1,0
2088,1346,798,81,62,120,6,1,0
2089,1346,798,81,61,120,6,1,0
2090,1346,798,81,61,120,6,1,1
2091,1346,798,81,61,120,6,1,1
2092,1345,798,82,62,120,6,1,2
2093,1346,798,81,61,120,6,1,1
2094,1346,797,81,62,120,6,1,1
2095,1345,797,82,62,120,6,1,1
2096,1346,798,82,61,120,6,1,1
2097,1346,797,81,62,120,6,1,2
2098,1346,797,81,62,120,6,1,3
2099,1345,797,82,61,120,6,1,3
2100,1348,798,81,62,120,6,1,3
2101,1348,798,80,62,120,6,1,3
2102,1348,798,80,62,120,6,1,2
2103,1348,798,80,62,120,6,1,3
2104,1348,798,81,62,120,6,1,3
2105,1348,798,80,62,120,6,1,3
2106,1348,798,81,62,120,6,1,2
2107,1349,798,80,62,120,6,1,4
2108,1348,798,80,62,120,6,1,3
2109,1348,797,80,62,120,6,1,4
2110,1348,798,80,62,120,6,1,2
2111,1348,798,80,62,120,6,1,2
2124,1049,751,65,49,121,9,1,0
2125,1049,751,65,49,121,9,1,1
2126,1049,751,65,49,121,9,1,2
2127,1047,751,66,49,121,9,1,3
2128,1048,751,66,50,121,9,1,2
2129,1048,751,66,50,121,9,1,2
2130,1048,751,66,50,121,9,1,2
2131,1048,751,66,50,121,9,1,1
2132,1048,751,66,50,121,9,1,1
2133,1047,750,66,50,121,9,1,1
2134,1047,751,66,50,121,9,1,1
2135,1047,751,66,50,121,9,1,1
2136,1046,750,66,51,121,9,1,1
2137,1046,750,66,51,121,9,1,1
2138,1046,749,67,52,121,9,1,0
2139,1046,749,67,52,121,9,1,0
2140,1046,749,67,52,121,9,1,0
2141,1046,749,67,52,121,9,1,0
2142,1046,749,67,52,121,9,1,0
2143,1046,749,67,52,121,9,1,0
2144,1046,749,67,52,121,9,1,0
2145,1046,749,67,52,121,9,1,0
2146,1046,749,67,52,121,9,1,0
2147,1046,749,67,52,121,9,1,0
2148,1046,749,67,51,121,9,1,1
2149,1046,749,67,51,121,9,1,1
2150,1046,749,67,51,121,9,1,0
2151,1046,749,66,51,121,9,1,0
2152,1046,749,67,52,121,9,1,0
2153,1046,749,66,51,121,9,1,0
2154,1046,749,66,51,121,9,1,0
2155,1046,749,66,51,121,9,1,0
2156,1046,749,66,51,121,9,1,0
2157,1046,749,66,51,121,9,1,0
2158,1046,749,66,51,121,9,1,0
2159,1046,749,66,51,121,9,1,0
2160,1046,749,67,52,121,9,1,0
2161,1046,749,67,52,121,9,1,0
2162,1046,749,67,52,121,9,1,0
2163,1046,749,67,52,121,9,1,0
2164,1046,749,66,52,121,9,1,0
2165,1046,749,66,51,121,9,1,0
2166,1046,749,66,51,121,9,1,0
2167,1046,749,66,51,121,9,1,0
2168,1046,749,66,51,121,9,1,0
2169,1046,749,66,51,121,9,1,0
2170,1046,749,66,51,121,9,1,0
2171,1046,749,66,51,121,9,1,0
2172,1046,750,67,51,121,9,1,0
2173,1046,750,67,51,121,9,1,0
2174,1046,751,67,50,121,9,1,0
2175,1046,751,67,50,121,9,1,0
2176,1046,751,67,50,121,9,1,0
2177,1046,751,67,50,121,9,1,0
2178,1046,751,67,50,121,9,1,0
2196,1045,750,69,50,121,9,1,0
2197,1045,750,69,50,121,9,1,0
2198,1045,750,69,50,121,9,1,0
2199,1046,751,69,49,121,9,1,0
2200,1045,752,70,49,121,9,1,0
2201,1045,752,70,49,121,9,1,1
2202,1046,752,69,48,121,9,1,1
2203,1046,752,69,48,121,9,1,1
2204,1046,752,68,48,121,9,1,0
2205,1046,752,68,48,121,9,1,1
2206,1046,752,68,48,121,9,1,1
2207,1046,752,68,48,121,9,1,1
2182,0,518,19,60,122,6,1,6
2183,0,517,19,61,122,6,1,5
2184,0,525,19,54,122,6,1,4
2185,0,523,19,57,122,6,1,3
2186,0,522,19,57,122,6,1,2
2187,0,522,19,57,122,6,1,2
2188,0,522,19,57,122,6,1,1
2189,0,525,19,55,122,6,1,1
2190,0,525,19,55,122,6,1,0
2191,0,525,19,56,122,6,1,0
2192,0,525,19,56,122,6,1,0
2193,0,525,19,56,122,6,1,0
2194,0,525,19,55,122,6,1,0
2195,0,526,19,55,122,6,1,0
2218,0,527,20,53,122,6,1,0
2219,0,524,19,55,122,6,1,0
2220,0,526,19,50,122,6,1,0
2221,0,527,19,49,122,6,1,0
2222,0,527,19,49,122,6,1,0
2223,0,527,19,49,122,6,1,1
2224,0,526,19,49,122,6,1,1
2225,0,526,19,50,122,6,1,1
2226,0,526,19,50,122,6,1,0
2227,0,526,19,50,122,6,1,0
2228,0,526,19,50,122,6,1,0
2229,0,527,19,50,122,6,1,0
2230,0,527,19,51,122,6,1,0
2231,0,526,19,51,122,6,1,1
2232,0,528,19,50,122,6,1,1
2233,0,528,19,50,122,6,1,1
2234,0,528,19,50,122,6,1,1
2235,0,528,19,50,122,6,1,0
2236,0,528,19,50,122,6,1,0
2237,0,528,19,49,122,6,1,0
2238,0,528,19,49,122,6,1,0
2239,0,528,20,50,122,6,1,0
2240,0,528,20,50,122,6,1,0
2241,0,527,20,50,122,6,1,0
2242,0,527,20,50,122,6,1,0
2243,0,527,20,50,122,6,1,0
2244,0,525,20,52,122,6,1,0
2245,0,527,20,51,122,6,1,0
2246,0,526,20,51,122,6,1,0
2247,0,526,20,51,122,6,1,0
2248,0,526,20,51,122,6,1,0
2249,0,525,20,53,122,6,1,0
2244,1688,926,24,19,123,6,1,0
2245,1688,926,24,19,123,6,1,0
2246,1688,926,24,19,123,6,1,0
2247,1688,926,24,19,123,6,1,0
2248,1688,926,24,19,123,6,1,0
2249,1688,926,24,19,123,6,1,1
2250,1688,926,25,20,123,6,1,3
2251,1688,926,25,20,123,6,1,4
2252,1687,926,25,20,123,6,1,5
2253,1688,926,25,20,123,6,1,5
2254,1687,926,25,20,123,6,1,6
2255,1687,926,25,20,123,6,1,6
840,0,627,54,80,127,6,11,18
841,0,635,106,79,127,6,11,18
842,32,643,125,78,127,6,11,18
843,84,654,122,75,127,6,11,18
844,134,661,115,75,127,6,11,18
845,183,670,109,71,127,6,11,18
846,227,676,108,72,127,6,11,18
847,271,683,105,72,127,6,11,18
848,314,690,99,71,127,6,11,18
849,354,697,94,69,127,6,11,18
850,392,701,89,69,127,6,11,18
851,430,705,83,68,127,6,11,19
852,462,712,78,63,127,6,11,19
853,492,717,71,61,127,6,11,20
854,519,718,72,61,127,6,11,20
855,546,722,65,58,127,6,11,20
856,571,719,61,64,127,6,11,20
857,594,719,68,65,127,6,11,21
858,614,723,59,61,127,6,11,21
859,635,723,67,61,127,6,11,22
860,654,741,53,43,127,6,11,22
861,673,739,54,46,127,6,11,22
862,690,742,55,44,127,6,11,22
863,708,739,58,48,127,6,11,22
864,726,746,57,41,127,6,11,22
865,745,746,59,44,127,6,11,22
866,765,751,56,42,127,6,11,22
867,783,750,62,46,127,6,11,22
868,803,757,58,42,127,6,11,22
869,824,760,56,42,127,6,11,21
870,843,761,58,43,127,6,11,21
871,863,765,55,43,127,6,11,21
872,882,769,55,42,127,6,11,21
873,901,772,52,42,127,6,11,21
874,919,770,55,47,127,6,11,22
875,937,776,50,43,127,6,11,23
876,954,780,50,39,127,6,11,23
877,972,785,48,38,127,6,11,24
878,987,787,43,38,127,6,11,24
879,1003,788,44,39,127,6,11,23
880,1018,790,42,41,127,6,11,21
885,1088,808,44,38,127,6,11,20
886,1101,810,43,39,127,6,11,19
887,1114,813,42,38,127,6,11,18
888,1128,818,40,38,127,6,11,17
889,1141,821,40,39,127,6,11,16
890,1153,820,40,43,127,6,11,16
891,1164,830,38,34,127,6,11,16
1051,2496,1631,62,121,128,9,0,4
1052,2467,1624,92,134,128,9,0,4
1053,2440,1614,119,143,128,9,0,4
1054,2415,1603,144,172,128,9,0,4
1055,2393,1594,166,181,128,9,0,4
1056,2374,1586,185,178,128,9,0,4
1057,2358,1579,200,181,128,9,0,4
1058,2347,1574,212,183,128,9,0,4
1059,2336,1570,223,182,128,9,0,4
1060,2328,1565,230,180,128,9,0,4
1061,2313,1557,246,194,128,9,0,3
1062,2310,1557,248,194,128,9,0,3
1063,2310,1557,248,194,128,9,0,2
1064,2311,1557,247,194,128,9,0,1
1065,2311,1556,248,195,128,9,0,1
1066,2311,1555,247,195,128,9,0,0
1067,2309,1555,249,192,128,9,0,0
1068,2305,1554,254,190,128,9,0,0
1069,2302,1551,257,193,128,9,0,0
1070,2297,1549,261,197,128,9,0,0
1071,2291,1547,267,197,128,9,0,0
1072,2283,1544,276,202,128,9,0,0
1073,2275,1542,283,204,128,9,0,0
1074,2268,1537,290,210,128,9,0,0
1075,2257,1532,301,214,128,9,0,1
1076,2243,1525,316,220,128,9,0,1
1077,2226,1518,332,232,128,9,0,1
1078,2207,1509,352,242,128,9,0,2
1079,2181,1496,377,257,128,9,0,3
1080,2154,1484,405,268,128,9,0,4
1081,2120,1472,439,287,128,9,0,5
1082,2084,1456,475,313,128,9,0,5
1083,2042,1441,517,313,128,9,0,5
1084,2002,1424,556,308,128,9,0,5
1085,1955,1407,604,306,128,9,0,6
1086,1907,1389,606,303,128,9,0,7
1087,1856,1372,599,298,128,9,0,9
1088,1806,1353,591,292,128,9,0,9
1089,1753,1334,586,285,128,9,0,10
1090,1698,1314,580,282,128,9,0,10
1091,1639,1295,579,278,128,9,0,11
1092,1582,1273,576,280,128,9,0,11
1093,1520,1256,575,275,128,9,0,12
1094,1463,1237,571,273,128,9,0,12
1095,1399,1222,572,268,128,9,0,12
1096,1331,1204,578,266,128,9,0,13
1097,1266,1188,581,260,128,9,0,13
1098,1198,1170,585,261,128,9,0,13
1099,1128,1153,589,261,128,9,0,14
1100,1055,1135,595,262,128,9,0,14
1101,979,1117,605,266,128,9,0,15
1102,901,1102,615,268,128,9,0,15
1103,816,1087,631,269,128,9,0,15
1104,732,1070,643,275,128,9,0,16
1105,640,1054,665,282,128,9,0,16
1106,541,1038,687,288,128,9,0,17
1107,432,1024,717,295,128,9,0,17
1108,318,1007,749,305,128,9,0,17
1109,188,991,794,314,128,9,0,17
1110,40,974,849,326,128,9,0,17
1111,0,958,787,337,128,9,0,17
1112,1,940,678,354,128,9,0,17
1113,0,915,558,376,128,9,0,16
1114,1,909,425,378,128,9,0,16
1115,0,929,278,356,128,9,0,15
0,640,623,200,111,129,5,0,0
1,641,623,199,111,129,5,0,0
2,641,623,199,111,129,5,0,0
3,641,623,199,111,129,5,0,0
4,641,623,199,111,129,5,0,0
5,641,623,199,111,129,5,0,0
6,641,623,199,111,129,5,0,0
7,641,623,199,111,129,5,0,0
8,641,623,199,111,129,5,0,0
9,641,623,199,111,129,5,0,0
10,641,623,199,111,129,5,0,0
11,641,623,199,111,129,5,0,0
12,640,624,200,111,129,5,0,0
13,640,624,200,111,129,5,0,0
14,640,624,200,111,129,5,0,0
15,640,623,200,111,129,5,0,0
16,640,624,200,111,129,5,0,0
17,640,624,200,111,129,5,0,0
18,640,624,200,111,129,5,0,0
19,640,624,200,111,129,5,0,0
20,640,624,200,111,129,5,0,0
21,640,624,200,111,129,5,0,0
22,640,624,200,111,129,5,0,0
23,640,624,200,111,129,5,0,0
24,641,624,199,111,129,5,0,0
25,641,624,199,111,129,5,0,0
26,641,624,199,111,129,5,0,0
27,641,624,199,111,129,5,0,0
28,641,624,199,111,129,5,0,0
29,641,624,199,111,129,5,0,0
30,641,624,199,111,129,5,0,0
31,641,624,200,111,129,5,0,0
32,641,624,200,111,129,5,0,0
33,641,624,200,111,129,5,0,0
34,641,624,200,111,129,5,0,0
35,641,624,200,111,129,5,0,0
36,641,624,200,111,129,5,0,0
37,641,623,200,111,129,5,0,0
38,641,623,200,111,129,5,0,0
39,641,623,200,111,129,5,0,0
40,640,623,200,111,129,5,0,0
41,640,623,200,111,129,5,0,0
42,640,623,200,111,129,5,0,0
43,640,623,200,111,129,5,0,0
44,640,623,200,111,129,5,0,0
45,640,624,200,111,129,5,0,0
46,640,624,200,111,129,5,0,0
47,640,624,200,111,129,5,0,0
48,640,623,200,111,129,5,0,0
49,640,623,200,111,129,5,0,0
50,640,623,200,111,129,5,0,0
51,640,623,200,111,129,5,0,0
52,640,623,200,111,129,5,0,0
53,640,623,200,111,129,5,0,0
54,640,623,200,111,129,5,0,0
55,640,623,200,111,129,5,0,0
56,640,623,200,111,129,5,0,0
57,640,623,200,111,129,5,0,0
58,640,623,200,111,129,5,0,0
59,640,623,200,111,129,5,0,0
60,641,624,200,111,129,5,0,0
61,641,624,200,111,129,5,0,0
62,640,623,200,112,129,5,0,0
63,640,623,200,112,129,5,0,0
64,640,623,200,112,129,5,0,0
65,640,623,200,112,129,5,0,0
66,640,623,200,112,129,5,0,0
67,640,623,200,112,129,5,0,0
68,640,623,200,112,129,5,0,0
69,640,623,200,111,129,5,0,0
70,640,623,200,111,129,5,0,0
71,640,623,200,111,129,5,0,0
72,640,623,200,111,129,5,0,0
73,640,623,200,111,129,5,0,0
74,640,623,201,112,129,5,0,0
75,640,623,201,112,129,5,0,0
76,640,623,201,111,129,5,0,0
77,640,623,201,112,129,5,0,0
78,640,623,201,112,129,5,0,0
79,640,623,201,112,129,5,0,0
80,639,623,201,112,129,5,0,0
81,639,623,201,112,129,5,0,0
82,639,623,201,112,129,5,0,0
83,640,623,201,112,129,5,0,0
84,640,623,200,111,129,5,0,0
85,640,623,200,111,129,5,0,0
86,640,623,200,111,129,5,0,0
87,640,623,200,111,129,5,0,0
88,640,623,200,111,129,5,0,0
89,640,623,200,111,129,5,0,0
90,640,623,200,111,129,5,0,0
91,640,623,200,111,129,5,0,0
92,640,623,200,111,129,5,0,0
93,640,623,200,111,129,5,0,0
94,640,623,200,111,129,5,0,0
95,640,623,200,111,129,5,0,0
96,640,623,200,112,129,5,0,0
97,640,623,200,112,129,5,0,0
98,640,623,200,112,129,5,0,0
99,640,623,200,112,129,5,0,0
100,640,623,200,111,129,5,0,0
101,640,623,200,111,129,5,0,0
102,640,623,200,111,129,5,0,0
103,640,623,200,111,129,5,0,0
104,640,623,200,111,129,5,0,0
105,640,623,200,111,129,5,0,0
106,640,623,200,111,129,5,0,0
107,640,623,200,111,129,5,0,0
108,640,623,200,111,129,5,0,0
109,640,624,200,111,129,5,0,0
110,640,624,200,111,129,5,0,0
111,640,624,200,111,129,5,0,0
112,640,623,200,111,129,5,0,0
113,640,624,200,111,129,5,0,0
114,640,624,200,111,129,5,0,0
115,640,624,200,111,129,5,0,0
116,640,624,200,111,129,5,0,0
117,640,624,200,111,129,5,0,0
118,640,624,200,111,129,5,0,0
119,640,624,200,111,129,5,0,0
120,640,624,200,111,129,5,0,0
121,640,623,200,111,129,5,0,0
122,641,623,199,111,129,5,0,0
123,641,623,199,111,129,5,0,0
124,641,623,199,111,129,5,0,0
125,641,623,199,111,129,5,0,0
126,641,623,199,111,129,5,0,0
127,641,623,199,111,129,5,0,0
128,641,623,199,111,129,5,0,0
129,641,623,199,111,129,5,0,0
130,641,623,199,111,129,5,0,0
131,641,623,199,111,129,5,0,0
132,641,623,199,112,129,5,0,0
133,641,623,199,112,129,5,0,0
134,641,623,199,112,129,5,0,0
135,641,623,199,112,129,5,0,0
136,641,623,199,112,129,5,0,0
137,641,623,199,112,129,5,0,0
138,641,623,199,112,129,5,0,0
139,641,623,199,112,129,5,0,0
140,641,623,199,112,129,5,0,0
141,641,623,199,112,129,5,0,0
142,641,623,199,112,129,5,0,0
143,641,623,199,111,129,5,0,0
144,641,624,199,111,129,5,0,0
145,641,624,199,111,129,5,0,0
146,641,624,199,111,129,5,0,0
147,641,624,199,111,129,5,0,0
148,641,623,199,111,129,5,0,0
149,641,623,199,111,129,5,0,0
150,641,623,199,111,129,5,0,0
151,641,623,199,111,129,5,0,0
152,641,623,199,111,129,5,0,0
153,641,623,199,111,129,5,0,0
154,641,623,199,111,129,5,0,0
155,641,623,199,111,129,5,0,0
156,641,623,199,112,129,5,0,0
157,641,623,199,112,129,5,0,0
158,641,623,198,112,129,5,0,0
159,641,623,199,112,129,5,0,0
160,641,623,198,112,129,5,0,0
161,641,623,199,112,129,5,0,0
162,641,623,199,112,129,5,0,0
163,641,623,199,112,129,5,0,0
164,641,623,199,112,129,5,0,0
165,641,623,199,112,129,5,0,0
166,641,623,199,112,129,5,0,0
167,641,623,199,112,129,5,0,0
168,641,624,199,111,129,5,0,0
169,641,624,199,111,129,5,0,0
170,641,624,199,111,129,5,0,0
171,641,624,199,111,129,5,0,0
172,641,624,199,111,129,5,0,0
173,641,624,199,111,129,5,0,0
174,641,623,199,111,129,5,0,0
175,641,623,199,111,129,5,0,0
176,641,623,199,111,129,5,0,0
177,641,623,199,111,129,5,0,0
178,641,623,199,111,129,5,0,0
179,641,623,199,111,129,5,0,0
180,641,623,199,111,129,5,0,0
181,641,623,199,111,129,5,0,0
182,641,623,198,111,129,5,0,0
183,641,623,198,111,129,5,0,0
184,641,623,198,111,129,5,0,0
185,641,623,198,111,129,5,0,0
186,641,623,198,111,129,5,0,0
187,641,623,198,111,129,5,0,0
188,641,623,199,111,129,5,0,0
189,641,624,199,111,129,5,0,0
190,641,624,199,111,129,5,0,0
191,641,624,199,111,129,5,0,0
192,641,624,200,111,129,5,0,0
193,641,624,200,111,129,5,0,0
194,641,624,200,111,129,5,0,0
195,641,624,200,111,129,5,0,0
196,641,624,200,111,129,5,0,0
197,641,624,200,111,129,5,0,0
198,641,624,200,111,129,5,0,0
199,641,624,199,111,129,5,0,0
200,641,624,199,111,129,5,0,0
201,641,624,199,111,129,5,0,0
202,641,624,199,111,129,5,0,0
203,641,624,199,111,129,5,0,0
204,640,623,200,111,129,5,0,0
205,640,623,200,111,129,5,0,0
206,640,623,200,111,129,5,0,0
207,640,623,200,111,129,5,0,0
208,640,623,200,111,129,5,0,0
209,640,623,200,111,129,5,0,0
210,640,623,200,111,129,5,0,0
211,640,623,200,111,129,5,0,0
212,640,623,200,111,129,5,0,0
213,640,623,200,111,129,5,0,0
214,640,623,200,111,129,5,0,0
215,640,623,200,111,129,5,0,0
216,640,623,200,111,129,5,0,0
217,640,623,200,111,129,5,0,0
218,640,623,200,111,129,5,0,0
219,640,623,200,111,129,5,0,0
220,640,623,200,111,129,5,0,0
221,640,623,200,111,129,5,0,0
222,640,623,200,111,129,5,0,0
223,640,623,200,111,129,5,0,0
224,640,623,200,111,129,5,0,0
225,640,623,200,111,129,5,0,0
226,640,623,200,111,129,5,0,0
227,640,623,200,111,129,5,0,0
228,640,623,200,111,129,5,0,0
229,640,623,200,111,129,5,0,0
230,640,623,200,111,129,5,0,0
231,640,623,200,111,129,5,0,0
232,640,623,200,111,129,5,0,0
233,640,623,200,111,129,5,0,0
234,640,623,200,111,129,5,0,0
235,640,623,200,111,129,5,0,0
236,640,623,200,111,129,5,0,0
237,640,623,200,111,129,5,0,0
238,640,623,200,111,129,5,0,0
239,640,623,200,111,129,5,0,0
240,641,623,200,111,129,5,0,0
241,641,623,200,111,129,5,0,0
242,641,623,200,111,129,5,0,0
243,641,623,200,111,129,5,0,0
244,641,623,200,111,129,5,0,0
245,641,623,200,111,129,5,0,0
246,640,623,200,111,129,5,0,0
247,640,623,200,111,129,5,0,0
248,640,623,200,111,129,5,0,0
249,641,623,199,111,129,5,0,0
250,641,623,199,111,129,5,0,0
251,641,624,199,111,129,5,0,0
252,641,624,199,111,129,5,0,0
253,641,624,199,111,129,5,0,0
254,641,624,199,111,129,5,0,0
255,641,623,199,111,129,5,0,0
256,641,623,199,111,129,5,0,0
257,641,624,199,111,129,5,0,0
258,641,624,200,111,129,5,0,0
259,641,623,200,111,129,5,0,0
260,640,623,200,111,129,5,0,0
261,641,624,200,111,129,5,0,0
262,641,624,199,111,129,5,0,0
263,641,624,199,111,129,5,0,0
264,640,623,200,111,129,5,0,0
265,640,623,200,111,129,5,0,0
266,640,623,200,111,129,5,0,0
267,640,623,200,111,129,5,0,0
268,640,623,200,111,129,5,0,0
269,641,624,200,111,129,5,0,0
270,641,624,200,111,129,5,0,0
271,641,624,199,111,129,5,0,0
272,641,624,199,111,129,5,0,0
273,641,624,199,111,129,5,0,0
274,641,624,199,111,129,5,0,0
275,641,624,199,111,129,5,0,0
276,641,624,199,111,129,5,0,0
277,641,624,199,111,129,5,0,0
278,641,624,199,111,129,5,0,0
279,641,624,200,111,129,5,0,0
280,641,624,200,111,129,5,0,0
281,641,624,200,111,129,5,0,0
282,641,624,199,111,129,5,0,0
283,641,624,199,111,129,5,0,0
284,641,624,199,111,129,5,0,0
285,641,624,200,111,129,5,0,0
286,641,624,200,111,129,5,0,0
287,641,624,200,111,129,5,0,0
288,641,624,199,111,129,5,0,0
289,641,624,199,111,129,5,0,0
290,641,624,199,111,129,5,0,0
291,641,624,199,111,129,5,0,0
292,641,624,199,111,129,5,0,0
293,641,624,199,111,129,5,0,0
294,641,624,199,111,129,5,0,0
295,641,624,199,111,129,5,0,0
296,641,624,199,111,129,5,0,0
297,641,624,199,111,129,5,0,0
298,641,624,199,111,129,5,0,0
299,641,624,199,111,129,5,0,0
300,641,624,199,111,129,5,0,0
301,641,624,199,111,129,5,0,0
302,640,623,200,111,129,5,0,0
303,640,624,200,111,129,5,0,0
304,640,624,200,111,129,5,0,0
305,640,624,200,111,129,5,0,0
306,640,624,200,111,129,5,0,0
307,640,624,200,111,129,5,0,0
308,640,624,200,111,129,5,0,0
309,640,624,200,111,129,5,0,0
310,640,624,200,111,129,5,0,0
311,640,624,200,111,129,5,0,0
312,641,624,199,112,129,5,0,0
313,641,624,199,112,129,5,0,0
314,640,623,200,112,129,5,0,0
315,641,624,199,112,129,5,0,0
316,641,624,199,112,129,5,0,0
317,641,624,199,112,129,5,0,0
318,640,624,199,111,129,5,0,0
319,641,623,199,111,129,5,0,0
320,641,623,199,111,129,5,0,0
321,640,623,199,111,129,5,0,1
322,640,623,199,111,129,5,0,0
323,640,623,199,111,129,5,0,0
324,641,624,199,111,129,5,0,0
325,641,624,199,111,129,5,0,0
326,641,624,199,111,129,5,0,0
327,641,624,199,111,129,5,0,0
328,641,624,199,111,129,5,0,0
329,641,624,199,111,129,5,0,0
330,641,624,199,111,129,5,0,0
331,641,624,199,111,129,5,0,0
332,641,624,199,111,129,5,0,0
333,641,624,199,111,129,5,0,0
334,641,624,199,111,129,5,0,0
335,641,624,199,111,129,5,0,0
336,641,624,199,111,129,5,0,0
337,641,624,199,111,129,5,0,0
338,641,624,199,111,129,5,0,0
339,641,624,199,111,129,5,0,0
340,641,624,199,111,129,5,0,0
341,641,624,199,111,129,5,0,0
342,641,624,199,111,129,5,0,0
343,641,623,199,111,129,5,0,0
344,641,623,199,111,129,5,0,0
345,641,623,199,111,129,5,0,0
346,641,623,199,111,129,5,0,0
347,641,623,199,111,129,5,0,0
348,641,623,198,111,129,5,0,0
349,641,623,198,111,129,5,0,0
350,641,623,198,111,129,5,0,0
351,641,623,199,111,129,5,0,0
352,641,623,199,111,129,5,0,0
353,641,624,199,111,129,5,0,0
354,641,623,199,111,129,5,0,0
355,641,624,198,111,129,5,0,0
356,641,624,198,111,129,5,0,0
357,641,624,198,111,129,5,0,0
358,641,624,199,111,129,5,0,0
359,641,624,199,111,129,5,0,0
360,641,623,199,111,129,5,0,0
361,641,623,199,111,129,5,0,0
362,640,623,200,111,129,5,0,0
363,640,623,200,111,129,5,0,0
364,640,623,200,111,129,5,0,0
365,640,623,200,111,129,5,0,0
366,640,623,200,112,129,5,0,0
367,640,623,199,112,129,5,0,0
368,640,623,200,112,129,5,0,0
369,640,623,200,112,129,5,0,0
370,640,623,200,112,129,5,0,0
371,640,623,200,112,129,5,0,0
372,640,624,200,112,129,5,0,0
373,640,624,200,112,129,5,0,0
374,640,624,200,112,129,5,0,0
375,640,624,200,112,129,5,0,0
376,640,624,200,112,129,5,0,0
377,640,624,200,112,129,5,0,0
378,640,624,200,112,129,5,0,0
379,640,624,200,112,129,5,0,0
380,640,624,200,112,129,5,0,0
381,640,624,200,112,129,5,0,0
382,640,624,200,112,129,5,0,0
383,640,624,200,112,129,5,0,0
384,640,624,200,112,129,5,0,0
385,640,624,200,112,129,5,0,0
386,640,624,200,112,129,5,0,0
387,640,624,200,112,129,5,0,0
388,640,624,200,112,129,5,0,0
389,640,624,200,112,129,5,0,0
390,640,624,200,112,129,5,0,0
391,640,624,200,112,129,5,0,0
392,640,624,200,112,129,5,0,0
393,640,624,200,112,129,5,0,0
394,640,624,200,112,129,5,0,0
395,640,624,200,112,129,5,0,0
396,640,623,200,112,129,5,0,0
397,640,623,200,112,129,5,0,0
398,641,623,200,112,129,5,0,0
399,640,623,200,112,129,5,0,0
400,641,623,200,112,129,5,0,0
401,641,623,200,112,129,5,0,0
402,641,623,200,112,129,5,0,0
403,641,623,200,112,129,5,0,0
404,641,623,200,112,129,5,0,0
405,641,623,200,112,129,5,0,0
406,640,623,200,112,129,5,0,0
407,640,623,200,112,129,5,0,0
408,640,624,200,112,129,5,0,0
409,640,624,200,112,129,5,0,0
410,640,624,200,112,129,5,0,0
411,640,624,200,112,129,5,0,0
412,640,624,200,112,129,5,0,0
413,640,624,200,112,129,5,0,0
414,640,624,200,112,129,5,0,0
415,640,624,200,112,129,5,0,0
416,640,624,200,112,129,5,0,0
417,640,624,200,112,129,5,0,0
418,640,624,200,112,129,5,0,0
419,640,624,200,112,129,5,0,0
420,641,624,199,112,129,5,0,0
421,640,624,200,112,129,5,0,1
422,640,623,200,111,129,5,0,2
423,640,623,200,111,129,5,0,2
424,640,623,200,111,129,5,0,2
425,640,623,200,111,129,5,0,2
426,640,623,200,111,129,5,0,1
427,640,623,200,111,129,5,0,1
428,640,623,200,111,129,5,0,0
429,640,623,200,111,129,5,0,0
430,640,623,200,111,129,5,0,0
431,640,623,200,111,129,5,0,0
432,640,623,200,112,129,5,0,0
433,640,623,200,112,129,5,0,0
434,640,623,200,112,129,5,0,0
435,640,623,200,112,129,5,0,0
436,640,623,200,112,129,5,0,0
437,640,623,200,112,129,5,0,0
438,640,623,200,112,129,5,0,0
439,640,623,200,112,129,5,0,0
440,640,623,200,112,129,5,0,0
441,640,623,200,112,129,5,0,0
442,640,623,200,112,129,5,0,0
443,640,623,200,112,129,5,0,0
444,640,623,200,112,129,5,0,0
445,640,623,200,112,129,5,0,0
446,640,623,200,112,129,5,0,0
447,640,623,200,112,129,5,0,0
448,640,623,200,112,129,5,0,0
449,640,623,200,112,129,5,0,0
450,640,623,200,112,129,5,0,0
451,640,623,200,112,129,5,0,0
452,640,623,200,112,129,5,0,0
453,640,623,200,112,129,5,0,0
454,640,623,200,112,129,5,0,0
455,640,623,200,112,129,5,0,0
456,640,623,200,112,129,5,0,0
457,640,623,200,112,129,5,0,0
458,640,623,200,112,129,5,0,0
459,640,623,200,112,129,5,0,0
460,640,623,200,112,129,5,0,0
461,640,623,200,112,129,5,0,0
462,640,623,200,112,129,5,0,0
463,640,623,200,112,129,5,0,0
464,640,623,200,112,129,5,0,0
465,640,623,200,112,129,5,0,0
466,640,623,200,112,129,5,0,0
467,640,623,200,112,129,5,0,0
468,640,623,200,112,129,5,0,0
469,640,623,200,111,129,5,0,0
470,640,623,200,111,129,5,0,0
471,640,623,200,111,129,5,0,0
472,640,623,200,111,129,5,0,0
473,640,623,200,111,129,5,0,0
474,640,623,200,111,129,5,0,0
475,640,623,200,111,129,5,0,0
476,640,623,200,111,129,5,0,0
477,640,623,200,111,129,5,0,0
478,640,623,200,111,129,5,0,0
479,640,624,199,109,129,5,0,0
480,640,624,201,109,129,5,0,0
481,640,624,200,109,129,5,0,0
482,640,624,197,110,129,5,0,0
483,640,624,194,110,129,5,0,0
484,640,623,198,110,129,5,0,0
485,640,624,193,109,129,5,0,0
486,640,624,182,106,129,5,0,1
487,640,624,187,106,129,5,0,3
488,641,624,199,105,129,5,0,4
489,641,624,199,105,129,5,0,6
490,640,624,198,106,129,5,0,5
491,641,624,198,104,129,5,0,4
492,641,623,198,108,129,5,0,3
493,641,623,199,109,129,5,0,5
494,640,623,199,110,129,5,0,6
495,641,623,199,111,129,5,0,7
496,641,623,199,112,129,5,0,6
497,640,623,199,111,129,5,0,6
498,641,623,199,111,129,5,0,4
499,664,624,176,111,129,5,0,3
500,641,624,199,111,129,5,0,1
501,641,624,199,111,129,5,0,1
502,641,624,199,111,129,5,0,0
503,640,624,200,111,129,5,0,0
504,643,624,197,111,129,5,0,0
505,640,623,200,111,129,5,0,0
506,685,624,155,111,129,5,0,0
507,649,624,191,111,129,5,0,0
508,680,624,159,111,129,5,0,0
509,642,623,198,111,129,5,0,1
510,644,623,196,111,129,5,0,0
511,664,623,175,111,129,5,0,0
512,653,621,186,113,129,5,0,0
513,650,622,189,113,129,5,0,1
514,652,623,187,111,129,5,0,1
515,654,623,186,111,129,5,0,1
516,649,623,191,112,129,5,0,1
517,643,623,197,112,129,5,0,2
518,637,623,202,112,129,5,0,3
519,637,623,203,111,129,5,0,3
520,638,623,202,111,129,5,0,3
521,639,623,201,111,129,5,0,2
522,640,623,200,111,129,5,0,1
523,640,623,200,111,129,5,0,1
524,640,623,200,111,129,5,0,0
525,640,623,200,111,129,5,0,0
526,640,623,200,111,129,5,0,0
527,640,623,200,111,129,5,0,0
528,640,623,200,112,129,5,0,0
529,640,623,200,112,129,5,0,0
530,640,623,200,111,129,5,0,0
531,640,623,200,112,129,5,0,0
532,640,623,200,112,129,5,0,0
533,641,624,200,111,129,5,0,0
534,641,624,200,111,129,5,0,0
535,640,623,200,112,129,5,0,0
536,641,624,200,111,129,5,0,0
537,640,624,200,111,129,5,0,0
538,640,623,200,111,129,5,0,0
539,640,624,200,111,129,5,0,0
540,640,623,200,111,129,5,0,0
541,640,623,200,111,129,5,0,0
542,640,623,200,111,129,5,0,0
543,640,623,200,111,129,5,0,0
544,640,623,200,111,129,5,0,0
545,640,623,200,111,129,5,0,0
546,640,623,200,111,129,5,0,0
547,640,623,200,111,129,5,0,0
548,640,623,200,111,129,5,0,0
549,640,623,200,111,129,5,0,0
550,641,623,200,111,129,5,0,0
551,641,623,200,111,129,5,0,0
552,640,623,200,111,129,5,0,0
553,640,623,200,111,129,5,0,0
554,640,623,200,111,129,5,0,0
555,640,623,200,111,129,5,0,0
556,640,623,200,111,129,5,0,0
557,640,623,200,111,129,5,0,0
558,640,623,200,111,129,5,0,0
559,640,623,200,111,129,5,0,0
560,640,623,200,111,129,5,0,0
561,640,623,200,111,129,5,0,0
562,640,623,200,111,129,5,0,0
563,640,623,200,111,129,5,0,0
564,640,623,200,111,129,5,0,0
565,640,623,200,111,129,5,0,0
566,640,623,200,111,129,5,0,0
567,640,623,200,111,129,5,0,0
568,640,623,200,111,129,5,0,0
569,640,623,200,111,129,5,0,0
570,640,623,200,111,129,5,0,0
571,640,623,200,111,129,5,0,0
572,640,623,200,111,129,5,0,0
573,640,623,200,111,129,5,0,0
574,640,623,200,111,129,5,0,0
575,640,623,200,111,129,5,0,0
576,640,623,200,111,129,5,0,0
577,640,623,200,111,129,5,0,0
578,640,623,200,111,129,5,0,0
579,640,623,200,111,129,5,0,0
580,640,623,200,111,129,5,0,0
581,640,623,200,111,129,5,0,0
582,640,623,200,111,129,5,0,0
583,640,623,200,111,129,5,0,0
584,640,623,200,111,129,5,0,0
585,640,623,201,111,129,5,0,0
586,640,623,200,111,129,5,0,0
587,640,623,200,111,129,5,0,0
588,640,623,201,111,129,5,0,0
589,640,623,201,111,129,5,0,0
590,640,623,201,111,129,5,0,0
591,640,623,201,111,129,5,0,0
592,640,623,200,111,129,5,0,0
593,640,623,200,111,129,5,0,0
594,640,623,201,111,129,5,0,0
595,640,623,201,111,129,5,0,0
596,640,623,201,111,129,5,0,0
597,640,623,200,111,129,5,0,0
598,640,623,201,111,129,5,0,0
599,640,623,200,111,129,5,0,0
600,640,623,200,111,129,5,0,0
601,640,623,200,111,129,5,0,0
602,640,623,200,111,129,5,0,0
603,641,623,200,111,129,5,0,0
604,640,623,200,111,129,5,0,0
605,640,623,200,111,129,5,0,0
606,641,623,200,111,129,5,0,0
607,641,623,200,111,129,5,0,0
608,641,623,200,111,129,5,0,0
609,641,623,200,111,129,5,0,0
610,641,623,200,111,129,5,0,0
611,641,623,200,111,129,5,0,0
612,641,624,199,111,129,5,0,0
613,641,624,199,111,129,5,0,0
614,641,624,199,111,129,5,0,0
615,641,624,199,111,129,5,0,0
616,641,624,199,111,129,5,0,0
617,641,624,199,111,129,5,0,0
618,641,624,199,111,129,5,0,0
619,641,624,199,111,129,5,0,0
620,641,624,199,111,129,5,0,0
621,641,624,199,111,129,5,0,0
622,641,624,199,111,129,5,0,0
623,641,624,199,111,129,5,0,0
624,640,623,199,111,129,5,0,0
625,640,623,200,111,129,5,0,0
626,640,623,200,111,129,5,0,0
627,640,623,200,111,129,5,0,0
628,640,623,200,112,129,5,0,0
629,640,623,200,112,129,5,0,0
630,640,623,200,112,129,5,0,0
631,640,623,200,112,129,5,0,0
632,641,624,199,112,129,5,0,0
633,641,624,199,111,129,5,0,0
634,640,623,200,112,129,5,0,0
635,640,623,200,112,129,5,0,0
636,640,623,199,112,129,5,0,0
637,641,623,199,112,129,5,0,0
638,640,623,199,112,129,5,0,0
639,640,623,199,112,129,5,0,0
640,640,623,200,112,129,5,0,0
641,641,623,199,112,129,5,0,0
642,641,623,199,112,129,5,0,0
643,641,623,199,112,129,5,0,0
644,641,623,199,112,129,5,0,0
645,641,623,199,112,129,5,0,0
646,641,623,199,112,129,5,0,0
647,640,623,200,112,129,5,0,0
648,640,623,200,112,129,5,0,0
649,640,623,200,112,129,5,0,0
650,640,623,200,112,129,5,0,0
651,640,623,200,112,129,5,0,0
652,640,623,200,112,129,5,0,0
653,640,623,200,112,129,5,0,0
654,640,623,200,112,129,5,0,0
655,640,623,200,112,129,5,0,0
656,640,623,200,112,129,5,0,0
657,640,623,200,112,129,5,0,0
658,640,623,200,112,129,5,0,0
659,640,623,200,112,129,5,0,0
660,640,623,200,111,129,5,0,0
661,640,623,200,111,129,5,0,0
662,640,623,200,111,129,5,0,0
663,640,623,200,111,129,5,0,0
664,640,623,200,112,129,5,0,0
665,640,623,200,112,129,5,0,0
666,640,623,200,112,129,5,0,0
667,640,623,200,112,129,5,0,0
668,640,623,200,112,129,5,0,0
669,640,623,200,112,129,5,0,0
670,640,623,199,112,129,5,0,0
671,640,623,199,112,129,5,0,0
672,641,623,199,112,129,5,0,0
673,641,623,199,112,129,5,0,0
674,641,623,199,111,129,5,0,0
675,641,623,199,111,129,5,0,0
676,641,623,199,111,129,5,0,0
677,641,623,199,111,129,5,0,0
678,641,623,199,111,129,5,0,0
679,641,623,200,111,129,5,0,0
680,641,623,199,111,129,5,0,0
681,641,623,199,111,129,5,0,0
682,641,623,199,111,129,5,0,0
683,641,623,199,111,129,5,0,0
684,641,623,199,112,129,5,0,0
685,641,623,199,112,129,5,0,0
686,641,623,199,112,129,5,0,0
687,641,623,199,112,129,5,0,0
688,641,623,199,112,129,5,0,0
689,641,623,199,112,129,5,0,0
690,641,623,199,112,129,5,0,0
691,641,623,199,112,129,5,0,0
692,641,623,199,112,129,5,0,0
693,641,623,199,112,129,5,0,0
694,641,623,200,112,129,5,0,0
695,641,623,200,112,129,5,0,0
696,641,623,199,112,129,5,0,0
697,641,623,199,112,129,5,0,0
698,641,623,199,111,129,5,0,0
699,641,623,199,112,129,5,0,0
700,641,623,199,111,129,5,0,0
701,641,623,199,111,129,5,0,0
702,641,623,199,111,129,5,0,0
703,641,623,199,111,129,5,0,0
704,640,623,199,112,129,5,0,0
705,640,623,199,112,129,5,0,0
706,641,623,199,112,129,5,0,0
707,641,623,199,112,129,5,0,0
708,641,623,199,112,129,5,0,0
709,641,623,199,112,129,5,0,0
710,641,623,199,112,129,5,0,0
711,641,623,199,112,129,5,0,0
712,641,623,199,112,129,5,0,0
713,641,623,199,112,129,5,0,0
714,641,623,199,112,129,5,0,0
715,641,623,199,112,129,5,0,0
716,641,623,199,112,129,5,0,0
717,641,623,199,112,129,5,0,0
718,641,623,199,112,129,5,0,0
719,641,623,199,112,129,5,0,0
720,640,623,199,112,129,5,0,0
721,640,623,199,112,129,5,0,0
722,640,623,199,112,129,5,0,0
723,640,623,199,112,129,5,0,0
724,640,623,199,112,129,5,0,0
725,640,623,199,112,129,5,0,0
726,640,623,199,112,129,5,0,0
727,640,623,199,112,129,5,0,0
728,640,623,199,112,129,5,0,0
729,640,623,199,112,129,5,0,0
730,640,623,199,112,129,5,0,0
731,640,623,199,112,129,5,0,0
732,641,623,199,112,129,5,0,0
733,641,623,199,112,129,5,0,0
734,641,623,199,112,129,5,0,0
735,641,623,199,112,129,5,0,0
736,641,623,199,111,129,5,0,0
737,641,623,199,111,129,5,0,0
738,641,623,198,111,129,5,0,0
739,641,623,198,111,129,5,0,0
740,641,623,198,111,129,5,0,0
741,641,623,198,111,129,5,0,0
742,641,623,198,111,129,5,0,0
743,641,623,198,111,129,5,0,0
744,640,623,200,111,129,5,0,0
745,640,623,200,111,129,5,0,0
746,641,623,199,112,129,5,0,0
747,641,623,199,112,129,5,0,0
748,641,623,199,112,129,5,0,0
749,641,623,199,112,129,5,0,0
750,641,623,199,112,129,5,0,0
751,641,623,199,112,129,5,0,0
752,641,623,199,112,129,5,0,0
753,640,623,200,112,129,5,0,0
754,640,623,200,112,129,5,0,0
755,641,623,199,112,129,5,0,0
756,640,623,200,112,129,5,0,0
757,640,623,200,112,129,5,0,0
758,640,623,200,112,129,5,0,0
759,640,623,200,112,129,5,0,0
760,640,623,200,112,129,5,0,0
761,640,623,200,112,129,5,0,0
762,640,623,200,112,129,5,0,0
763,640,623,200,112,129,5,0,0
764,640,623,200,112,129,5,0,0
765,640,623,200,112,129,5,0,0
766,640,623,200,112,129,5,0,0
767,640,623,200,112,129,5,0,0
768,641,623,199,111,129,5,0,0
769,641,623,199,111,129,5,0,0
770,641,623,199,111,129,5,0,0
771,641,623,199,111,129,5,0,0
772,641,623,199,111,129,5,0,0
773,641,623,199,111,129,5,0,0
774,641,624,199,111,129,5,0,0
775,641,623,199,111,129,5,0,0
776,641,623,199,111,129,5,0,0
777,641,623,199,111,129,5,0,0
778,641,624,199,111,129,5,0,0
779,640,624,199,111,129,5,0,0
780,640,623,200,111,129,5,0,0
781,640,623,199,111,129,5,0,0
782,639,623,201,111,129,5,0,0
783,638,623,202,112,129,5,0,0
784,645,623,194,112,129,5,0,1
785,650,623,190,111,129,5,0,3
786,662,624,178,111,129,5,0,4
787,668,624,172,111,129,5,0,5
788,670,624,170,111,129,5,0,6
789,674,624,165,110,129,5,0,5
790,668,623,172,112,129,5,0,4
791,661,623,178,112,129,5,0,3
792,656,622,183,112,129,5,0,4
793,649,623,191,112,129,5,0,5
794,644,623,196,112,129,5,0,5
795,642,624,198,111,129,5,0,5
796,641,624,199,111,129,5,0,5
797,640,624,199,112,129,5,0,4
798,640,624,200,112,129,5,0,3
799,640,624,200,111,129,5,0,2
800,640,624,199,111,129,5,0,1
801,640,624,200,110,129,5,0,0
802,639,624,200,111,129,5,0,1
803,640,624,200,111,129,5,0,1
804,642,624,198,110,129,5,0,1
805,640,624,200,111,129,5,0,0
806,640,624,200,111,129,5,0,0
807,640,624,200,111,129,5,0,0
808,639,623,200,111,129,5,0,0
809,640,624,199,111,129,5,0,0
810,639,624,200,111,129,5,0,0
811,640,624,200,111,129,5,0,0
812,639,623,200,111,129,5,0,0
813,639,623,201,111,129,5,0,0
814,639,623,200,111,129,5,0,0
815,639,623,200,111,129,5,0,0
816,640,623,200,111,129,5,0,0
817,640,623,200,111,129,5,0,0
818,640,624,200,111,129,5,0,0
819,640,624,200,111,129,5,0,0
820,640,624,199,111,129,5,0,0
821,639,623,200,111,129,5,0,0
822,640,624,200,111,129,5,0,0
823,640,624,200,111,129,5,0,0
824,640,624,200,111,129,5,0,0
825,640,624,200,111,129,5,0,0
826,640,624,200,111,129,5,0,0
827,640,624,200,111,129,5,0,0
828,640,624,200,111,129,5,0,0
829,640,624,200,111,129,5,0,0
830,640,624,200,111,129,5,0,0
831,640,624,200,111,129,5,0,0
832,640,624,200,111,129,5,0,0
833,640,624,200,111,129,5,0,0
834,640,624,200,111,129,5,0,0
835,640,624,200,111,129,5,0,0
836,641,624,200,111,129,5,0,0
837,640,624,200,111,129,5,0,0
838,640,624,200,111,129,5,0,0
839,640,624,200,111,129,5,0,0
840,640,624,200,111,129,5,0,0
841,640,624,200,111,129,5,0,0
842,640,623,201,111,129,5,0,0
843,640,624,200,111,129,5,0,0
844,639,623,201,111,129,5,0,0
845,639,623,200,111,129,5,0,0
846,639,623,201,111,129,5,0,0
847,639,623,201,112,129,5,0,0
848,639,623,201,111,129,5,0,0
849,639,623,201,111,129,5,0,0
850,638,622,201,112,129,5,0,0
851,638,623,201,111,129,5,0,0
852,638,622,201,112,129,5,0,0
853,638,622,201,111,129,5,0,0
854,639,622,201,111,129,5,0,0
855,639,623,201,111,129,5,0,0
856,639,623,201,111,129,5,0,0
857,639,623,200,111,129,5,0,0
858,639,623,200,111,129,5,0,0
859,639,623,200,111,129,5,0,0
860,639,623,200,110,129,5,0,0
861,639,624,200,110,129,5,0,0
862,639,623,201,110,129,5,0,0
863,639,624,200,110,129,5,0,1
864,640,624,200,110,129,5,0,2
865,641,624,199,107,129,5,0,2
866,642,623,197,108,129,5,0,2
867,645,623,195,110,129,5,0,1
868,643,622,197,112,129,5,0,0
869,653,620,187,114,129,5,0,2
870,667,620,173,115,129,5,0,2
871,657,620,182,115,129,5,0,3
872,663,621,176,114,129,5,0,3
873,672,621,168,114,129,5,0,3
874,670,621,169,114,129,5,0,3
875,659,622,180,113,129,5,0,4
876,645,622,194,113,129,5,0,4
877,644,623,196,113,129,5,0,4
878,647,622,193,112,129,5,0,2
879,641,622,198,107,129,5,0,5
880,641,623,199,106,129,5,0,7
881,671,623,169,109,129,5,0,10
882,679,623,160,110,129,5,0,11
883,675,623,165,111,129,5,0,12
884,647,623,193,112,129,5,0,12
885,643,624,197,111,129,5,0,12
886,641,624,199,111,129,5,0,11
887,639,623,200,111,129,5,0,10
888,640,624,199,110,129,5,0,7
889,639,624,200,111,129,5,0,5
890,640,624,200,111,129,5,0,2
891,640,624,199,111,129,5,0,1
892,640,624,200,111,129,5,0,0
893,640,624,200,111,129,5,0,0
894,640,624,200,111,129,5,0,0
895,640,624,200,111,129,5,0,0
896,640,624,200,111,129,5,0,0
897,640,624,200,111,129,5,0,0
898,640,624,200,111,129,5,0,0
899,640,624,200,111,129,5,0,0
900,640,624,200,111,129,5,0,0
901,640,624,199,111,129,5,0,0
902,640,624,199,111,129,5,0,0
903,640,624,199,111,129,5,0,0
904,640,624,199,111,129,5,0,0
905,640,624,199,111,129,5,0,0
906,640,624,199,111,129,5,0,0
907,640,624,199,111,129,5,0,0
908,640,624,199,111,129,5,0,0
909,640,624,199,111,129,5,0,0
910,640,624,199,111,129,5,0,0
911,641,624,199,111,129,5,0,0
912,641,624,199,110,129,5,0,0
913,640,624,199,111,129,5,0,0
914,641,624,199,110,129,5,0,0
915,640,624,199,111,129,5,0,0
916,641,624,199,111,129,5,0,0
917,641,624,199,111,129,5,0,0
918,641,624,199,111,129,5,0,0
919,641,624,199,111,129,5,0,0
920,641,624,199,111,129,5,0,0
921,641,624,199,111,129,5,0,0
922,641,624,199,111,129,5,0,0
923,641,624,199,110,129,5,0,0
924,641,624,199,111,129,5,0,0
925,641,624,199,111,129,5,0,0
926,641,624,199,111,129,5,0,0
927,640,624,199,110,129,5,0,0
928,641,624,199,111,129,5,0,0
929,641,624,199,111,129,5,0,0
930,641,624,199,111,129,5,0,0
931,641,624,199,111,129,5,0,0
932,641,624,199,111,129,5,0,0
933,641,624,199,111,129,5,0,0
934,641,624,199,111,129,5,0,0
935,641,624,199,111,129,5,0,0
936,641,624,199,111,129,5,0,0
937,641,624,199,111,129,5,0,0
938,640,623,199,112,129,5,0,0
939,640,623,199,112,129,5,0,0
940,640,623,199,112,129,5,0,0
941,640,623,199,112,129,5,0,0
942,640,623,199,112,129,5,0,0
943,641,623,199,112,129,5,0,0
944,640,623,199,112,129,5,0,0
945,640,623,199,112,129,5,0,0
946,641,624,198,112,129,5,0,0
947,641,623,198,112,129,5,0,0
948,641,624,199,111,129,5,0,0
949,641,624,199,111,129,5,0,0
950,641,624,199,111,129,5,0,0
951,641,624,199,111,129,5,0,0
952,641,624,199,111,129,5,0,0
953,641,624,199,111,129,5,0,0
954,641,624,199,111,129,5,0,0
955,641,624,199,111,129,5,0,0
956,641,624,199,111,129,5,0,0
957,641,624,199,111,129,5,0,0
958,640,623,201,111,129,5,0,0
959,640,623,200,112,129,5,0,0
960,640,623,200,112,129,5,0,0
961,640,623,200,112,129,5,0,0
962,640,623,201,112,129,5,0,0
963,640,623,201,112,129,5,0,0
964,639,623,201,112,129,5,0,0
965,640,623,201,112,129,5,0,0
966,640,623,200,112,129,5,0,0
967,640,623,200,112,129,5,0,0
968,641,624,199,111,129,5,0,0
969,641,624,199,111,129,5,0,0
970,641,624,199,111,129,5,0,0
971,641,624,199,111,129,5,0,0
972,641,623,199,111,129,5,0,0
973,641,623,199,111,129,5,0,0
974,641,623,199,111,129,5,0,0
975,641,623,199,111,129,5,0,0
976,640,623,199,111,129,5,0,0
977,640,623,199,112,129,5,0,0
978,641,623,199,112,129,5,0,0
979,641,623,199,111,129,5,0,0
980,641,624,199,111,129,5,0,0
981,642,624,199,111,129,5,0,0
982,643,624,199,111,129,5,0,0
983,643,624,200,111,129,5,0,0
984,645,625,198,110,129,5,0,0
985,647,625,198,110,129,5,0,0
986,648,626,198,111,129,5,0,0
987,647,626,199,111,129,5,0,0
988,648,626,200,110,129,5,0,0
989,651,627,199,109,129,5,0,0
990,652,628,199,109,129,5,0,0
991,652,628,199,110,129,5,0,0
992,655,629,198,110,129,5,0,0
993,658,629,196,110,129,5,0,1
994,658,630,197,110,129,5,0,1
995,659,631,198,110,129,5,0,2
996,662,632,198,110,129,5,0,2
997,661,632,201,110,129,5,0,2
998,664,633,199,110,129,5,0,2
999,665,633,200,110,129,5,0,2
1000,666,634,200,110,129,5,0,3
1001,666,635,202,111,129,5,0,3
1002,666,636,203,111,129,5,0,4
1003,668,636,202,111,129,5,0,4
1004,670,638,204,111,129,5,0,4
1005,670,639,206,110,129,5,0,4
1006,670,640,207,110,129,5,0,3
1007,671,641,209,110,129,5,0,3
1008,673,641,209,110,129,5,0,2
1009,674,642,211,110,129,5,0,2
1010,678,643,209,111,129,5,0,2
1011,678,643,211,112,129,5,0,2
1012,680,644,213,112,129,5,0,2
1013,682,645,214,113,129,5,0,3
1014,683,647,216,112,129,5,0,4
1015,684,647,217,113,129,5,0,4
1016,685,649,218,114,129,5,0,5
1017,688,651,218,113,129,5,0,5
1018,691,653,220,112,129,5,0,4
1019,692,655,224,111,129,5,0,4
1020,694,657,228,111,129,5,0,4
1021,697,659,228,111,129,5,0,4
1022,699,660,228,110,129,5,0,3
1023,703,661,226,112,129,5,0,4
1024,707,662,225,112,129,5,0,4
1025,710,664,226,113,129,5,0,5
1026,714,666,227,113,129,5,0,4
1027,717,667,236,114,129,5,0,6
1028,719,668,251,114,129,5,0,7
1029,721,670,236,115,129,5,0,9
1030,724,671,234,116,129,5,0,9
1031,726,673,236,117,129,5,0,9
1032,729,675,240,117,129,5,0,9
1033,733,677,235,116,129,5,0,9
1034,738,677,238,117,129,5,0,8
1035,744,680,236,117,129,5,0,7
1036,748,681,233,117,129,5,0,6
1037,753,681,235,120,129,5,0,6
1038,757,680,235,122,129,5,0,5
1039,762,681,238,124,129,5,0,5
1040,768,685,238,122,129,5,0,5
1041,774,690,235,120,129,5,0,5
1042,779,691,234,120,129,5,0,5
1043,785,694,234,120,129,5,0,5
1044,790,699,235,117,129,5,0,5
1045,796,682,234,137,129,5,0,4
1046,802,683,233,137,129,5,0,4
1047,809,702,232,121,129,5,0,4
1048,814,705,232,121,129,5,0,5
1049,811,707,240,120,129,5,0,5
1050,827,711,228,117,129,5,0,6
1051,834,712,226,117,129,5,0,5
1052,839,714,225,117,129,5,0,5
1053,842,715,227,118,129,5,0,5
1054,848,717,226,118,129,5,0,5
1055,852,718,227,117,129,5,0,4
1056,857,720,225,117,129,5,0,3
1057,861,722,225,117,129,5,0,3
1058,868,723,222,117,129,5,0,3
1059,872,725,221,117,129,5,0,3
1060,877,726,219,117,129,5,0,4
1061,890,727,219,119,129,5,0,4
1062,893,728,217,120,129,5,0,4
1063,896,729,216,119,129,5,0,4
1064,899,732,215,116,129,5,0,4
1065,902,734,215,116,129,5,0,3
1066,905,736,214,114,129,5,0,2
1067,908,736,214,115,129,5,0,2
1068,911,736,212,116,129,5,0,2
1069,915,737,212,115,129,5,0,2
1070,917,738,211,116,129,5,0,1
1071,919,738,212,117,129,5,0,1
1072,922,737,211,118,129,5,0,1
1073,923,738,212,118,129,5,0,1
1074,925,737,210,119,129,5,0,1
1075,926,738,211,118,129,5,0,1
1076,926,738,211,119,129,5,0,0
1077,926,738,211,118,129,5,0,0
1078,926,738,211,118,129,5,0,0
1079,925,738,212,118,129,5,0,0
1080,923,738,212,118,129,5,0,0
1081,921,738,211,118,129,5,0,0
1082,919,737,211,117,129,5,0,0
1083,915,735,211,118,129,5,0,0
1084,912,736,211,116,129,5,0,1
1085,908,736,209,114,129,5,0,1
1086,904,736,210,113,129,5,0,2
1087,900,733,209,116,129,5,0,2
1088,894,731,205,115,129,5,0,3
1089,889,729,206,115,129,5,0,3
1090,885,727,205,115,129,5,0,3
1091,879,726,205,116,129,5,0,4
1092,872,724,206,116,129,5,0,4
1093,866,724,205,115,129,5,0,4
1094,861,723,201,115,129,5,0,5
1095,854,722,202,115,129,5,0,5
1096,849,720,197,114,129,5,0,6
1097,844,720,195,115,129,5,0,7
1098,836,718,195,116,129,5,0,7
1099,830,717,195,115,129,5,0,7
1100,823,716,193,115,129,5,0,8
1101,815,715,194,116,129,5,0,8
1102,806,714,196,117,129,5,0,9
1103,796,712,197,118,129,5,0,9
1104,787,710,196,119,129,5,0,10
1105,776,708,202,121,129,5,0,11
1106,766,707,200,120,129,5,0,11
1107,753,704,204,123,129,5,0,11
1108,742,702,206,124,129,5,0,11
1109,730,701,211,124,129,5,0,11
1110,717,700,212,124,129,5,0,11
1111,704,697,216,125,129,5,0,11
1112,690,695,219,127,129,5,0,12
1113,677,693,223,128,129,5,0,12
1114,664,691,223,129,129,5,0,12
1115,651,689,228,130,129,5,0,12
1116,637,687,231,131,129,5,0,12
1117,624,685,233,132,129,5,0,12
1118,610,682,237,134,129,5,0,12
1119,597,679,238,137,129,5,0,12
1120,584,678,242,138,129,5,0,11
1121,570,678,245,136,129,5,0,11
1122,558,674,246,139,129,5,0,11
1123,545,672,249,140,129,5,0,10
1124,535,671,248,141,129,5,0,10
1125,524,670,248,142,129,5,0,10
1126,513,667,248,144,129,5,0,10
1127,505,666,245,145,129,5,0,10
1128,496,666,246,146,129,5,0,10
1129,488,665,246,148,129,5,0,10
1130,481,663,244,155,129,5,0,11
1131,476,664,243,158,129,5,0,12
1132,470,662,245,163,129,5,0,12
1133,466,662,237,166,129,5,0,13
1134,461,660,233,172,129,5,0,13
1135,458,660,229,175,129,5,0,12
1136,455,660,227,178,129,5,0,12
1137,452,659,224,183,129,5,0,12
1138,449,660,221,187,129,5,0,11
1139,446,662,220,191,129,5,0,11
1140,445,664,218,193,129,5,0,11
1141,444,666,216,196,129,5,0,11
1142,443,667,213,200,129,5,0,11
1143,442,667,212,205,129,5,0,10
1144,442,671,211,207,129,5,0,10
1145,442,673,212,209,129,5,0,9
1146,444,676,211,211,129,5,0,9
1147,444,677,214,215,129,5,0,8
1148,445,679,214,220,129,5,0,8
1149,446,682,216,222,129,5,0,8
1150,449,686,216,225,129,5,0,8
1151,453,689,216,228,129,5,0,8
1152,454,691,221,233,129,5,0,7
1153,459,694,218,235,129,5,0,7
1154,459,695,219,239,129,5,0,7
1155,461,700,222,240,129,5,0,7
1156,461,704,224,244,129,5,0,7
1157,462,707,227,250,129,5,0,7
1158,462,710,232,256,129,5,0,8
1159,462,713,234,261,129,5,0,9
1160,460,719,237,267,129,5,0,9
1161,456,724,244,270,129,5,0,10
1162,452,730,250,275,129,5,0,10
1163,444,735,259,281,129,5,0,10
1164,436,740,262,285,129,5,0,10
1165,423,746,272,287,129,5,0,10
1166,408,751,281,292,129,5,0,10
1167,389,757,293,295,129,5,0,10
1168,369,763,303,297,129,5,0,10
1169,346,771,316,301,129,5,0,10
1170,318,777,339,306,129,5,0,10
1171,288,783,364,311,129,5,0,10
1172,252,787,388,318,129,5,0,11
1173,208,790,420,326,129,5,0,11
1174,156,793,458,334,129,5,0,11
1175,96,796,500,342,129,5,0,11
1176,26,798,548,350,129,5,0,11
1177,0,797,550,362,129,5,0,11
1178,0,795,519,376,129,5,0,12
1179,0,790,481,389,129,5,0,12
1180,0,777,433,401,129,5,0,12
1181,1,758,375,379,129,5,0,12
1182,1,778,305,370,129,5,0,12
1183,0,783,225,377,129,5,0,12
1184,0,813,129,347,129,5,0,12
2169,1687,929,44,50,132,9,0,23
2170,1685,928,45,52,132,9,0,26
2171,1684,927,46,54,132,9,0,28
2172,1683,929,46,53,132,9,0,30
2173,1682,928,46,55,132,9,0,30
2174,1682,939,46,46,132,9,0,31
2175,1680,942,47,43,132,9,0,33
2176,1678,942,48,45,132,9,0,35
2177,1676,942,50,47,132,9,0,55
2178,1674,942,52,48,132,9,0,77
2179,1649,960,71,61,132,9,0,106
2180,1646,961,71,63,132,9,0,117
2181,1643,962,74,66,132,9,0,125
2182,1638,964,78,67,132,9,0,127
2183,1635,966,78,68,132,9,0,111
2184,1642,966,69,70,132,9,0,90
2185,1625,967,83,72,132,9,0,65
2186,1619,970,87,72,132,9,0,55
2187,1612,972,91,75,132,9,0,48
2188,1603,973,94,76,132,9,0,45
2189,1596,973,96,78,132,9,0,44
2190,1586,975,100,81,132,9,0,44
2191,1575,975,103,84,132,9,0,43
2192,1565,977,105,85,132,9,0,42
2193,1551,977,112,89,132,9,0,42
2194,1537,979,118,90,132,9,0,42
2195,1523,978,122,94,132,9,0,42
2196,1507,980,128,97,132,9,0,41
2197,1492,979,131,102,132,9,0,41
2198,1469,979,141,106,132,9,0,41
2199,1447,979,150,111,132,9,0,41
2200,1424,980,158,114,132,9,0,41
2201,1397,982,168,117,132,9,0,41
2202,1368,980,179,123,132,9,0,41
2203,1334,978,191,130,132,9,0,40
2204,1298,976,203,135,132,9,0,40
2205,1256,975,220,142,132,9,0,39
2206,1210,973,236,148,132,9,0,39
2207,1158,972,256,154,132,9,0,39
2208,1099,966,278,164,132,9,0,39
2209,1033,962,304,174,132,9,0,38
2210,958,957,331,182,132,9,0,38
2211,871,951,363,193,132,9,0,38
2212,772,942,401,205,132,9,0,38
2213,658,932,445,220,132,9,0,38
2214,527,920,495,235,132,9,0,38
2215,368,907,559,252,132,9,0,37
2216,185,889,633,274,132,9,0,37
2217,0,869,689,297,132,9,0,37
2218,0,847,537,319,132,9,0,37
2219,1,833,354,332,132,9,0,37
