2039,0,1822,1002,52,44,1,-1,-1,-1
2040,0,1822,1003,52,43,1,-1,-1,-1
2041,0,1822,1001,53,45,1,-1,-1,-1
2042,0,1822,999,53,47,1,-1,-1,-1
2043,0,1822,999,53,46,1,-1,-1,-1
2044,0,1822,1000,53,45,1,-1,-1,-1
2045,0,1822,1001,52,45,1,-1,-1,-1
2046,0,1822,1000,53,45,1,-1,-1,-1
2047,0,1822,1000,53,46,1,-1,-1,-1
2048,0,1822,1001,52,46,1,-1,-1,-1
2049,0,1822,1000,52,46,1,-1,-1,-1
2050,0,1822,1000,52,46,1,-1,-1,-1
2051,0,1821,1000,52,45,1,-1,-1,-1
2052,0,1822,1000,53,46,1,-1,-1,-1
2053,0,1821,1000,53,45,1,-1,-1,-1
2054,0,1821,999,53,46,1,-1,-1,-1
2055,0,1822,999,53,46,1,-1,-1,-1
2056,0,1822,1000,53,46,1,-1,-1,-1
2057,0,1821,1002,52,44,1,-1,-1,-1
2058,0,1821,1002,52,44,1,-1,-1,-1
2059,0,1821,1002,52,44,1,-1,-1,-1
2060,0,1821,1001,52,45,1,-1,-1,-1
2061,0,1821,1001,52,45,1,-1,-1,-1
2062,0,1821,1001,53,45,1,-1,-1,-1
2063,0,1821,1000,53,46,1,-1,-1,-1
2064,0,1821,1001,53,45,1,-1,-1,-1
2065,0,1821,1001,55,45,1,-1,-1,-1
2066,0,1821,1001,55,45,1,-1,-1,-1
2067,0,1822,1001,55,45,1,-1,-1,-1
2068,0,1822,1002,55,45,1,-1,-1,-1
2069,0,1822,1002,54,44,1,-1,-1,-1
2070,0,1822,1002,55,44,1,-1,-1,-1
2071,0,1822,1000,55,46,1,-1,-1,-1
2072,0,1821,1000,55,47,1,-1,-1,-1
2073,0,1822,999,55,47,1,-1,-1,-1
2074,0,1821,1000,55,47,1,-1,-1,-1
2075,0,1822,989,81,58,1,-1,-1,-1
2079,0,1821,998,55,49,1,-1,-1,-1
2080,0,1821,999,54,48,1,-1,-1,-1
2081,0,1820,999,54,47,1,-1,-1,-1
2082,0,1820,998,56,49,1,-1,-1,-1
2088,0,1821,1000,53,46,1,-1,-1,-1
2089,0,1821,1000,53,46,1,-1,-1,-1
2090,0,1821,1000,53,46,1,-1,-1,-1
2091,0,1821,1000,53,46,1,-1,-1,-1
2092,0,1821,1000,53,46,1,-1,-1,-1
2093,0,1821,1000,53,46,1,-1,-1,-1
2094,0,1821,1000,53,46,1,-1,-1,-1
2095,0,1821,1000,53,46,1,-1,-1,-1
2096,0,1821,1000,53,46,1,-1,-1,-1
2097,0,1821,999,53,47,1,-1,-1,-1
2098,0,1821,999,53,47,1,-1,-1,-1
2099,0,1822,999,53,47,1,-1,-1,-1
2100,0,1821,997,54,49,1,-1,-1,-1
2101,0,1821,998,54,48,1,-1,-1,-1
2102,0,1821,998,54,48,1,-1,-1,-1
2103,0,1821,998,54,48,1,-1,-1,-1
2104,0,1821,998,54,48,1,-1,-1,-1
2105,0,1821,998,54,48,1,-1,-1,-1
2106,0,1821,998,54,48,1,-1,-1,-1
2107,0,1821,998,54,48,1,-1,-1,-1
2108,0,1821,998,54,48,1,-1,-1,-1
2109,0,1821,998,55,48,1,-1,-1,-1
2110,0,1821,998,55,48,1,-1,-1,-1
2111,0,1821,998,55,48,1,-1,-1,-1
2112,0,1821,998,55,48,1,-1,-1,-1
2113,0,1821,997,56,49,1,-1,-1,-1
2114,0,1821,997,56,49,1,-1,-1,-1
2115,0,1821,997,56,49,1,-1,-1,-1
2116,0,1821,997,56,49,1,-1,-1,-1
2117,0,1821,997,56,49,1,-1,-1,-1
2118,0,1821,997,56,49,1,-1,-1,-1
2119,0,1821,998,55,49,1,-1,-1,-1
2120,0,1821,998,55,49,1,-1,-1,-1
2121,0,1822,1000,52,46,1,-1,-1,-1
2122,0,1822,1000,52,46,1,-1,-1,-1
2123,0,1822,1000,52,46,1,-1,-1,-1
2124,0,1822,1000,52,46,1,-1,-1,-1
2125,0,1821,1000,52,46,1,-1,-1,-1
2126,0,1821,1000,52,46,1,-1,-1,-1
2127,0,1821,1000,52,46,1,-1,-1,-1
2128,0,1821,999,53,47,1,-1,-1,-1
2129,0,1822,998,52,48,1,-1,-1,-1
2130,0,1822,998,52,47,1,-1,-1,-1
2131,0,1822,998,52,47,1,-1,-1,-1
2132,0,1822,998,52,47,1,-1,-1,-1
2133,0,1822,998,52,47,1,-1,-1,-1
2134,0,1822,998,52,47,1,-1,-1,-1
2135,0,1822,998,52,47,1,-1,-1,-1
2136,0,1822,998,52,47,1,-1,-1,-1
2137,0,1822,998,52,47,1,-1,-1,-1
2138,0,1822,998,52,47,1,-1,-1,-1
2139,0,1822,998,53,48,1,-1,-1,-1
2140,0,1822,998,53,48,1,-1,-1,-1
2141,0,1822,998,53,48,1,-1,-1,-1
2142,0,1822,998,53,48,1,-1,-1,-1
2143,0,1822,997,53,49,1,-1,-1,-1
2144,0,1822,997,53,49,1,-1,-1,-1
2145,0,1822,997,53,49,1,-1,-1,-1
2146,0,1822,997,53,49,1,-1,-1,-1
2147,0,1822,997,53,49,1,-1,-1,-1
2148,0,1822,997,53,49,1,-1,-1,-1
2149,0,1821,998,55,48,1,-1,-1,-1
2150,0,1821,998,55,48,1,-1,-1,-1
2151,0,1821,998,55,48,1,-1,-1,-1
2152,0,1821,998,55,48,1,-1,-1,-1
2153,0,1821,998,55,47,1,-1,-1,-1
2154,0,1821,998,55,48,1,-1,-1,-1
2155,0,1821,998,55,48,1,-1,-1,-1
2156,0,1821,998,55,48,1,-1,-1,-1
2157,0,1821,998,55,48,1,-1,-1,-1
2158,0,1821,998,55,48,1,-1,-1,-1
2159,0,1821,998,55,48,1,-1,-1,-1
2160,0,1821,998,55,48,1,-1,-1,-1
2161,0,1821,998,55,48,1,-1,-1,-1
2162,0,1821,998,55,48,1,-1,-1,-1
2163,0,1821,998,55,48,1,-1,-1,-1
2164,0,1821,998,54,48,1,-1,-1,-1
2165,0,1821,998,54,48,1,-1,-1,-1
2166,0,1821,997,54,48,1,-1,-1,-1
2167,0,1821,998,54,48,1,-1,-1,-1
2168,0,1821,998,54,48,1,-1,-1,-1
2169,0,1821,998,54,48,1,-1,-1,-1
2170,0,1821,998,54,48,1,-1,-1,-1
2171,0,1821,997,54,48,1,-1,-1,-1
2172,0,1821,997,54,48,1,-1,-1,-1
2173,0,1821,998,54,47,1,-1,-1,-1
2174,0,1821,998,54,47,1,-1,-1,-1
2175,0,1821,998,54,47,1,-1,-1,-1
2176,0,1821,998,54,47,1,-1,-1,-1
2177,0,1821,998,54,47,1,-1,-1,-1
2178,0,1821,998,54,47,1,-1,-1,-1
2179,0,1821,999,54,47,1,-1,-1,-1
2180,0,1821,999,53,47,1,-1,-1,-1
2181,0,1821,999,54,47,1,-1,-1,-1
2182,0,1821,998,53,48,1,-1,-1,-1
2183,0,1821,999,53,47,1,-1,-1,-1
2184,0,1821,998,53,47,1,-1,-1,-1
2185,0,1821,998,53,47,1,-1,-1,-1
2186,0,1821,998,53,47,1,-1,-1,-1
2187,0,1821,998,53,47,1,-1,-1,-1
2188,0,1821,998,53,47,1,-1,-1,-1
2189,0,1821,998,53,47,1,-1,-1,-1
2190,0,1821,998,53,47,1,-1,-1,-1
2191,0,1821,998,53,47,1,-1,-1,-1
2192,0,1821,998,53,47,1,-1,-1,-1
2193,0,1821,998,53,47,1,-1,-1,-1
2194,0,1821,998,53,47,1,-1,-1,-1
2195,0,1821,998,53,47,1,-1,-1,-1
2196,0,1821,998,53,47,1,-1,-1,-1
2197,0,1821,997,54,48,1,-1,-1,-1
2198,0,1821,998,54,48,1,-1,-1,-1
2199,0,1821,998,54,48,1,-1,-1,-1
2200,0,1821,998,53,47,1,-1,-1,-1
2201,0,1821,998,53,47,1,-1,-1,-1
2202,0,1821,998,53,47,1,-1,-1,-1
2203,0,1821,998,53,47,1,-1,-1,-1
2204,0,1821,998,53,47,1,-1,-1,-1
2205,0,1821,998,54,47,1,-1,-1,-1
2206,0,1821,998,53,47,1,-1,-1,-1
2207,0,1821,998,53,47,1,-1,-1,-1
2208,0,1821,999,53,47,1,-1,-1,-1
2209,0,1822,998,52,48,1,-1,-1,-1
2210,0,1822,999,52,47,1,-1,-1,-1
2211,0,1822,999,52,47,1,-1,-1,-1
2212,0,1822,999,52,47,1,-1,-1,-1
2213,0,1822,999,52,47,1,-1,-1,-1
2214,0,1822,999,52,46,1,-1,-1,-1
2215,0,1823,999,51,46,1,-1,-1,-1
2216,0,1824,999,49,44,1,-1,-1,-1
2217,0,1826,1001,47,44,1,-1,-1,-1
2218,0,1829,1000,44,45,1,-1,-1,-1
2219,0,1831,1000,42,45,1,-1,-1,-1
2220,0,1832,1000,41,46,1,-1,-1,-1
2221,0,1835,1001,39,44,1,-1,-1,-1
2222,0,1835,1002,38,44,1,-1,-1,-1
2223,0,1834,1000,40,45,1,-1,-1,-1
2224,0,1834,1000,39,45,1,-1,-1,-1
2225,0,1834,1000,40,45,1,-1,-1,-1
2226,0,1833,1001,41,45,1,-1,-1,-1
2227,0,1831,1001,43,44,1,-1,-1,-1
2228,0,1827,1001,46,44,1,-1,-1,-1
2229,0,1827,1000,47,45,1,-1,-1,-1
2230,0,1826,1001,49,44,1,-1,-1,-1
2231,0,1828,1001,48,44,1,-1,-1,-1
2232,0,1830,1001,45,44,1,-1,-1,-1
2233,0,1827,1003,48,42,1,-1,-1,-1
2234,0,1825,1002,51,43,1,-1,-1,-1
2235,0,1825,1002,51,43,1,-1,-1,-1
2236,0,1824,1002,52,43,1,-1,-1,-1
2237,0,1824,1002,51,43,1,-1,-1,-1
2238,0,1823,1003,51,42,1,-1,-1,-1
2239,0,1823,1003,51,42,1,-1,-1,-1
2240,0,1823,1002,55,44,1,-1,-1,-1
2241,0,1822,1002,55,44,1,-1,-1,-1
2242,0,1822,1002,54,44,1,-1,-1,-1
2243,0,1822,1002,54,44,1,-1,-1,-1
2244,0,1822,1002,54,44,1,-1,-1,-1
2245,0,1822,1000,54,45,1,-1,-1,-1
2246,0,1822,1001,54,45,1,-1,-1,-1
2247,0,1822,1001,54,45,1,-1,-1,-1
2248,0,1821,1001,54,45,1,-1,-1,-1
2249,0,1821,1001,54,45,1,-1,-1,-1
2250,0,1821,1001,54,46,1,-1,-1,-1
2251,0,1821,1001,53,45,1,-1,-1,-1
2252,0,1821,1001,54,45,1,-1,-1,-1
2253,0,1821,1001,54,45,1,-1,-1,-1
2254,0,1821,1000,55,45,1,-1,-1,-1
2255,0,1821,1000,55,46,1,-1,-1,-1
2256,0,1821,1000,54,45,1,-1,-1,-1
2257,0,1821,1000,55,46,1,-1,-1,-1
2258,0,1821,1000,55,46,1,-1,-1,-1
2259,0,1821,1000,55,46,1,-1,-1,-1
2260,0,1821,990,81,56,1,-1,-1,-1
2261,0,1821,990,81,56,1,-1,-1,-1
2262,0,1821,990,81,56,1,-1,-1,-1
2263,0,1821,990,81,56,1,-1,-1,-1
2264,0,1821,990,81,57,1,-1,-1,-1
2265,0,1821,990,81,56,1,-1,-1,-1
2266,0,1821,990,81,57,1,-1,-1,-1
2267,0,1821,990,81,56,1,-1,-1,-1
2268,0,1821,990,81,56,1,-1,-1,-1
2269,0,1821,999,56,47,1,-1,-1,-1
2270,0,1821,999,53,47,1,-1,-1,-1
2271,0,1821,999,53,47,1,-1,-1,-1
2272,0,1821,999,53,47,1,-1,-1,-1
2273,0,1821,999,53,47,1,-1,-1,-1
2274,0,1821,999,53,47,1,-1,-1,-1
2275,0,1821,999,53,47,1,-1,-1,-1
2276,0,1821,999,53,47,1,-1,-1,-1
2277,0,1821,999,53,47,1,-1,-1,-1
2278,0,1821,999,53,47,1,-1,-1,-1
2279,0,1821,999,53,47,1,-1,-1,-1
298,6,1300,975,50,61,1,-1,-1,-1
299,6,1292,975,52,61,1,-1,-1,-1
300,6,1285,969,50,67,1,-1,-1,-1
301,6,1278,966,47,69,1,-1,-1,-1
302,6,1271,973,44,63,1,-1,-1,-1
303,6,1263,973,47,63,1,-1,-1,-1
304,6,1256,967,48,69,1,-1,-1,-1
305,6,1248,969,53,69,1,-1,-1,-1
306,6,1242,968,55,70,1,-1,-1,-1
307,6,1236,971,49,67,1,-1,-1,-1
308,6,1231,972,51,68,1,-1,-1,-1
309,6,1224,973,45,70,1,-1,-1,-1
310,6,1216,972,48,70,1,-1,-1,-1
311,6,1206,972,55,71,1,-1,-1,-1
312,6,1199,973,54,71,1,-1,-1,-1
313,6,1192,971,55,73,1,-1,-1,-1
314,6,1186,973,51,73,1,-1,-1,-1
315,6,1178,970,62,77,1,-1,-1,-1
316,6,1169,972,48,77,1,-1,-1,-1
317,6,1160,975,50,74,1,-1,-1,-1
318,6,1149,969,57,80,1,-1,-1,-1
319,6,1136,974,63,75,1,-1,-1,-1
320,6,1123,969,68,80,1,-1,-1,-1
321,6,1110,967,69,82,1,-1,-1,-1
322,6,1097,969,75,80,1,-1,-1,-1
323,6,1086,960,72,89,1,-1,-1,-1
324,6,1073,970,69,79,1,-1,-1,-1
325,6,1059,961,76,88,1,-1,-1,-1
326,6,1048,958,76,91,1,-1,-1,-1
327,6,1038,959,74,91,1,-1,-1,-1
328,6,1025,961,75,89,1,-1,-1,-1
329,6,1012,956,72,96,1,-1,-1,-1
330,6,996,960,75,91,1,-1,-1,-1
331,6,976,953,86,98,1,-1,-1,-1
332,6,957,954,93,98,1,-1,-1,-1
333,6,938,951,98,100,1,-1,-1,-1
334,6,921,944,100,106,1,-1,-1,-1
335,6,904,945,99,104,1,-1,-1,-1
336,6,887,944,101,106,1,-1,-1,-1
337,6,866,945,104,104,1,-1,-1,-1
338,6,843,945,111,104,1,-1,-1,-1
339,6,818,942,118,106,1,-1,-1,-1
340,6,796,940,120,106,1,-1,-1,-1
341,6,777,939,118,106,1,-1,-1,-1
342,6,755,939,117,106,1,-1,-1,-1
343,6,731,935,121,110,1,-1,-1,-1
344,6,706,932,126,111,1,-1,-1,-1
345,6,678,928,133,114,1,-1,-1,-1
346,6,651,923,138,117,1,-1,-1,-1
347,6,626,923,139,117,1,-1,-1,-1
348,6,602,923,138,116,1,-1,-1,-1
349,6,576,920,139,117,1,-1,-1,-1
350,6,547,915,144,122,1,-1,-1,-1
351,6,516,914,152,122,1,-1,-1,-1
352,6,485,910,157,127,1,-1,-1,-1
353,6,454,908,161,126,1,-1,-1,-1
354,6,423,905,162,127,1,-1,-1,-1
355,6,390,903,166,130,1,-1,-1,-1
356,6,356,902,171,129,1,-1,-1,-1
357,6,319,896,179,134,1,-1,-1,-1
358,6,278,891,189,139,1,-1,-1,-1
359,6,236,889,199,140,1,-1,-1,-1
360,6,194,885,208,143,1,-1,-1,-1
361,6,154,874,213,152,1,-1,-1,-1
362,6,111,870,216,155,1,-1,-1,-1
363,6,66,868,224,155,1,-1,-1,-1
364,6,17,867,236,156,1,-1,-1,-1
365,6,0,857,212,163,1,-1,-1,-1
366,6,0,859,169,159,1,-1,-1,-1
367,6,0,885,124,131,1,-1,-1,-1
368,6,0,892,78,122,1,-1,-1,-1
189,15,1,1296,450,431,1,-1,-1,-1
190,15,1,1185,734,590,1,-1,-1,-1
191,15,0,1179,944,506,1,-1,-1,-1
192,15,291,1170,817,435,1,-1,-1,-1
193,15,566,1164,669,378,1,-1,-1,-1
194,15,776,1155,563,335,1,-1,-1,-1
195,15,941,1151,481,300,1,-1,-1,-1
196,15,1073,1146,414,267,1,-1,-1,-1
197,15,1182,1138,361,244,1,-1,-1,-1
198,15,1271,1134,318,223,1,-1,-1,-1
199,15,1344,1128,287,206,1,-1,-1,-1
200,15,1407,1121,259,194,1,-1,-1,-1
201,15,1459,1117,237,178,1,-1,-1,-1
202,15,1503,1112,219,167,1,-1,-1,-1
203,15,1540,1106,204,158,1,-1,-1,-1
204,15,1572,1102,191,149,1,-1,-1,-1
205,15,1600,1095,179,143,1,-1,-1,-1
206,15,1624,1088,168,138,1,-1,-1,-1
207,15,1645,1087,157,128,1,-1,-1,-1
208,15,1663,1083,150,122,1,-1,-1,-1
209,15,1679,1078,143,116,1,-1,-1,-1
210,15,1693,1074,135,110,1,-1,-1,-1
211,15,1705,1070,130,105,1,-1,-1,-1
212,15,1715,1066,124,100,1,-1,-1,-1
213,15,1725,1061,117,97,1,-1,-1,-1
214,15,1733,1057,115,94,1,-1,-1,-1
215,15,1740,1054,106,90,1,-1,-1,-1
216,15,1747,1050,100,87,1,-1,-1,-1
217,15,1751,1046,100,85,1,-1,-1,-1
218,15,1757,1042,91,83,1,-1,-1,-1
219,15,1761,1040,88,79,1,-1,-1,-1
220,15,1764,1036,83,78,1,-1,-1,-1
221,15,1767,1031,81,76,1,-1,-1,-1
222,15,1769,1027,79,76,1,-1,-1,-1
223,15,1771,1024,76,73,1,-1,-1,-1
224,15,1773,1022,73,70,1,-1,-1,-1
225,15,1773,1022,71,65,1,-1,-1,-1
226,15,1774,1018,71,65,1,-1,-1,-1
227,15,1775,1015,68,63,1,-1,-1,-1
228,15,1775,1011,68,62,1,-1,-1,-1
229,15,1775,1009,66,61,1,-1,-1,-1
230,15,1774,1007,64,60,1,-1,-1,-1
231,15,1772,1003,64,59,1,-1,-1,-1
232,15,1771,999,63,59,1,-1,-1,-1
233,15,1770,997,62,57,1,-1,-1,-1
234,15,1769,995,60,55,1,-1,-1,-1
235,15,1767,992,57,54,1,-1,-1,-1
236,15,1765,989,58,55,1,-1,-1,-1
237,15,1763,988,57,52,1,-1,-1,-1
238,15,1762,987,56,51,1,-1,-1,-1
239,15,1762,986,54,47,1,-1,-1,-1
240,15,1761,983,51,47,1,-1,-1,-1
241,15,1760,981,51,45,1,-1,-1,-1
242,15,1758,979,51,45,1,-1,-1,-1
243,15,1758,977,51,46,1,-1,-1,-1
244,15,1757,975,49,45,1,-1,-1,-1
245,15,1757,974,48,44,1,-1,-1,-1
246,15,1757,972,47,44,1,-1,-1,-1
247,15,1756,971,46,43,1,-1,-1,-1
248,15,1756,970,45,41,1,-1,-1,-1
249,15,1756,969,45,40,1,-1,-1,-1
250,15,1755,968,43,41,1,-1,-1,-1
251,15,1755,967,42,40,1,-1,-1,-1
252,15,1755,966,41,40,1,-1,-1,-1
253,15,1755,966,41,39,1,-1,-1,-1
254,15,1755,966,40,38,1,-1,-1,-1
255,15,1755,965,39,38,1,-1,-1,-1
256,15,1755,965,40,38,1,-1,-1,-1
257,15,1755,965,38,36,1,-1,-1,-1
258,15,1755,964,37,36,1,-1,-1,-1
259,15,1754,963,38,36,1,-1,-1,-1
260,15,1755,964,36,34,1,-1,-1,-1
261,15,1754,963,36,34,1,-1,-1,-1
262,15,1754,963,35,34,1,-1,-1,-1
263,15,1753,963,35,33,1,-1,-1,-1
264,15,1753,962,35,33,1,-1,-1,-1
265,15,1753,961,36,32,1,-1,-1,-1
266,15,1753,961,35,32,1,-1,-1,-1
267,15,1752,961,35,31,1,-1,-1,-1
268,15,1752,960,33,31,1,-1,-1,-1
269,15,1752,960,32,31,1,-1,-1,-1
270,15,1752,959,32,31,1,-1,-1,-1
271,15,1752,958,32,31,1,-1,-1,-1
272,15,1751,958,32,30,1,-1,-1,-1
273,15,1751,958,32,30,1,-1,-1,-1
274,15,1750,958,31,28,1,-1,-1,-1
275,15,1751,958,31,28,1,-1,-1,-1
276,15,1751,957,30,29,1,-1,-1,-1
277,15,1750,957,30,29,1,-1,-1,-1
278,15,1751,957,28,26,1,-1,-1,-1
279,15,1750,956,29,26,1,-1,-1,-1
280,15,1750,956,29,26,1,-1,-1,-1
281,15,1750,956,29,26,1,-1,-1,-1
282,15,1750,956,29,25,1,-1,-1,-1
283,15,1750,956,30,24,1,-1,-1,-1
284,15,1750,956,30,24,1,-1,-1,-1
285,15,1750,956,29,24,1,-1,-1,-1
286,15,1750,956,30,24,1,-1,-1,-1
287,15,1750,956,29,25,1,-1,-1,-1
288,15,1750,956,29,23,1,-1,-1,-1
289,15,1749,956,31,23,1,-1,-1,-1
290,15,1749,956,31,22,1,-1,-1,-1
291,15,1749,955,30,22,1,-1,-1,-1
292,15,1749,955,32,23,1,-1,-1,-1
293,15,1748,955,31,22,1,-1,-1,-1
294,15,1748,955,32,23,1,-1,-1,-1
295,15,1748,955,30,22,1,-1,-1,-1
296,15,1748,955,31,22,1,-1,-1,-1
297,15,1748,955,32,23,1,-1,-1,-1
298,15,1748,955,31,22,1,-1,-1,-1
299,15,1748,955,30,22,1,-1,-1,-1
300,15,1747,954,31,22,1,-1,-1,-1
303,15,1748,951,26,22,1,-1,-1,-1
304,15,1748,951,25,21,1,-1,-1,-1
305,15,1747,951,25,21,1,-1,-1,-1
306,15,1747,950,25,21,1,-1,-1,-1
307,15,1747,950,24,21,1,-1,-1,-1
308,15,1747,950,23,20,1,-1,-1,-1
309,15,1747,951,23,19,1,-1,-1,-1
310,15,1747,950,23,19,1,-1,-1,-1
311,15,1747,951,22,19,1,-1,-1,-1
312,15,1747,950,21,19,1,-1,-1,-1
313,15,1747,951,21,18,1,-1,-1,-1
314,15,1747,950,21,19,1,-1,-1,-1
315,15,1747,949,21,19,1,-1,-1,-1
316,15,1747,949,20,19,1,-1,-1,-1
317,15,1747,949,20,18,1,-1,-1,-1
318,15,1746,949,21,18,1,-1,-1,-1
319,15,1747,949,21,18,1,-1,-1,-1
320,15,1746,949,21,18,1,-1,-1,-1
321,15,1746,949,21,18,1,-1,-1,-1
322,15,1746,949,21,18,1,-1,-1,-1
323,15,1746,949,21,18,1,-1,-1,-1
324,15,1745,948,21,18,1,-1,-1,-1
325,15,1745,948,22,18,1,-1,-1,-1
326,15,1745,947,22,18,1,-1,-1,-1
327,15,1745,947,22,18,1,-1,-1,-1
328,15,1745,948,21,17,1,-1,-1,-1
329,15,1745,948,21,18,1,-1,-1,-1
330,15,1745,948,21,16,1,-1,-1,-1
331,15,1744,948,21,16,1,-1,-1,-1
332,15,1744,947,22,17,1,-1,-1,-1
333,15,1744,948,22,16,1,-1,-1,-1
334,15,1743,948,22,16,1,-1,-1,-1
335,15,1743,948,21,16,1,-1,-1,-1
336,15,1743,948,21,16,1,-1,-1,-1
337,15,1742,947,22,17,1,-1,-1,-1
338,15,1742,947,21,16,1,-1,-1,-1
339,15,1742,947,21,15,1,-1,-1,-1
340,15,1742,946,21,17,1,-1,-1,-1
341,15,1742,946,21,18,1,-1,-1,-1
342,15,1742,947,22,17,1,-1,-1,-1
1374,17,1471,848,71,48,1,-1,-1,-1
1375,17,1471,848,71,48,1,-1,-1,-1
1376,17,1471,848,71,48,1,-1,-1,-1
1377,17,1471,847,71,48,1,-1,-1,-1
1378,17,1471,847,71,48,1,-1,-1,-1
1379,17,1471,847,71,48,1,-1,-1,-1
1380,17,1471,847,71,48,1,-1,-1,-1
1381,17,1471,846,71,49,1,-1,-1,-1
1382,17,1471,846,71,49,1,-1,-1,-1
1383,17,1471,846,71,49,1,-1,-1,-1
1384,17,1471,846,71,49,1,-1,-1,-1
1385,17,1471,846,71,49,1,-1,-1,-1
1386,17,1471,847,71,49,1,-1,-1,-1
1387,17,1471,846,71,49,1,-1,-1,-1
1388,17,1471,847,71,49,1,-1,-1,-1
1389,17,1471,847,71,49,1,-1,-1,-1
1390,17,1471,847,71,49,1,-1,-1,-1
1391,17,1471,847,71,49,1,-1,-1,-1
1392,17,1471,847,71,48,1,-1,-1,-1
1393,17,1470,847,72,49,1,-1,-1,-1
1394,17,1470,847,72,49,1,-1,-1,-1
1395,17,1470,847,72,49,1,-1,-1,-1
1396,17,1470,847,72,49,1,-1,-1,-1
1397,17,1470,847,72,49,1,-1,-1,-1
1398,17,1470,848,72,49,1,-1,-1,-1
1399,17,1470,847,72,49,1,-1,-1,-1
1400,17,1469,847,72,49,1,-1,-1,-1
1401,17,1469,847,72,49,1,-1,-1,-1
1402,17,1471,847,70,48,1,-1,-1,-1
1403,17,1471,847,71,49,1,-1,-1,-1
1404,17,1471,847,71,49,1,-1,-1,-1
1405,17,1471,847,71,49,1,-1,-1,-1
1406,17,1471,847,71,49,1,-1,-1,-1
1407,17,1471,847,71,49,1,-1,-1,-1
1408,17,1471,847,71,49,1,-1,-1,-1
1409,17,1471,847,71,49,1,-1,-1,-1
1410,17,1471,847,71,49,1,-1,-1,-1
1411,17,1471,847,71,49,1,-1,-1,-1
1412,17,1471,847,71,49,1,-1,-1,-1
1413,17,1471,847,71,49,1,-1,-1,-1
1414,17,1471,847,71,49,1,-1,-1,-1
1415,17,1471,847,71,49,1,-1,-1,-1
1416,17,1471,847,71,49,1,-1,-1,-1
1417,17,1471,847,71,49,1,-1,-1,-1
1418,17,1471,847,71,49,1,-1,-1,-1
1419,17,1471,848,71,48,1,-1,-1,-1
1420,17,1471,847,71,48,1,-1,-1,-1
1421,17,1471,847,71,48,1,-1,-1,-1
1422,17,1471,848,71,47,1,-1,-1,-1
1423,17,1471,847,71,47,1,-1,-1,-1
1424,17,1471,847,71,48,1,-1,-1,-1
1425,17,1471,847,71,48,1,-1,-1,-1
1426,17,1471,847,71,47,1,-1,-1,-1
1427,17,1471,847,71,48,1,-1,-1,-1
1428,17,1471,847,71,48,1,-1,-1,-1
1429,17,1471,847,71,48,1,-1,-1,-1
1430,17,1471,847,71,48,1,-1,-1,-1
1431,17,1470,847,72,47,1,-1,-1,-1
1432,17,1469,847,74,47,1,-1,-1,-1
1433,17,1469,847,74,47,1,-1,-1,-1
1434,17,1469,847,74,47,1,-1,-1,-1
1435,17,1469,848,73,47,1,-1,-1,-1
1436,17,1469,848,73,47,1,-1,-1,-1
1437,17,1470,848,73,47,1,-1,-1,-1
1438,17,1470,848,73,46,1,-1,-1,-1
1439,17,1469,848,73,47,1,-1,-1,-1
1440,17,1469,848,73,46,1,-1,-1,-1
1441,17,1470,847,70,46,1,-1,-1,-1
1442,17,1471,847,72,49,1,-1,-1,-1
1443,17,1471,847,72,49,1,-1,-1,-1
1444,17,1471,847,72,49,1,-1,-1,-1
1445,17,1471,847,72,49,1,-1,-1,-1
1446,17,1471,847,72,49,1,-1,-1,-1
1447,17,1471,847,72,49,1,-1,-1,-1
1448,17,1471,847,72,49,1,-1,-1,-1
1449,17,1471,847,72,49,1,-1,-1,-1
1450,17,1471,847,72,49,1,-1,-1,-1
1451,17,1471,847,72,49,1,-1,-1,-1
1452,17,1471,846,71,49,1,-1,-1,-1
1453,17,1470,848,73,49,1,-1,-1,-1
1454,17,1470,848,73,49,1,-1,-1,-1
1455,17,1470,848,73,49,1,-1,-1,-1
1456,17,1470,848,73,49,1,-1,-1,-1
1457,17,1470,848,73,49,1,-1,-1,-1
1458,17,1470,848,73,48,1,-1,-1,-1
1459,17,1470,848,73,49,1,-1,-1,-1
1460,17,1470,848,73,49,1,-1,-1,-1
1461,17,1470,848,73,49,1,-1,-1,-1
1462,17,1471,848,72,48,1,-1,-1,-1
1463,17,1471,848,72,48,1,-1,-1,-1
1464,17,1471,848,72,48,1,-1,-1,-1
1465,17,1471,847,72,48,1,-1,-1,-1
1466,17,1471,848,72,48,1,-1,-1,-1
1467,17,1471,848,72,48,1,-1,-1,-1
1468,17,1471,848,72,48,1,-1,-1,-1
1469,17,1471,848,72,48,1,-1,-1,-1
1470,17,1471,847,72,48,1,-1,-1,-1
1471,17,1471,848,72,48,1,-1,-1,-1
1472,17,1471,848,72,48,1,-1,-1,-1
1473,17,1471,848,72,48,1,-1,-1,-1
1474,17,1471,848,72,48,1,-1,-1,-1
1475,17,1471,848,72,48,1,-1,-1,-1
1476,17,1471,847,72,48,1,-1,-1,-1
1477,17,1470,847,72,48,1,-1,-1,-1
1478,17,1470,847,72,48,1,-1,-1,-1
1479,17,1470,848,72,48,1,-1,-1,-1
1480,17,1470,848,72,48,1,-1,-1,-1
1481,17,1470,848,72,48,1,-1,-1,-1
1482,17,1470,848,72,48,1,-1,-1,-1
1483,17,1470,847,72,48,1,-1,-1,-1
1484,17,1470,847,72,48,1,-1,-1,-1
1485,17,1470,847,72,48,1,-1,-1,-1
1486,17,1470,847,72,48,1,-1,-1,-1
1487,17,1471,847,71,48,1,-1,-1,-1
1488,17,1471,847,71,48,1,-1,-1,-1
1489,17,1471,847,71,47,1,-1,-1,-1
1490,17,1471,847,71,47,1,-1,-1,-1
1491,17,1471,847,71,47,1,-1,-1,-1
1492,17,1471,847,71,47,1,-1,-1,-1
1493,17,1471,847,71,47,1,-1,-1,-1
1494,17,1471,847,71,47,1,-1,-1,-1
1495,17,1471,847,71,47,1,-1,-1,-1
1496,17,1471,847,71,47,1,-1,-1,-1
1497,17,1471,847,71,46,1,-1,-1,-1
1498,17,1470,847,71,45,1,-1,-1,-1
1499,17,1470,847,71,45,1,-1,-1,-1
1500,17,1470,847,71,45,1,-1,-1,-1
1501,17,1470,847,71,46,1,-1,-1,-1
1502,17,1471,847,72,48,1,-1,-1,-1
1503,17,1471,847,72,48,1,-1,-1,-1
1504,17,1471,847,72,48,1,-1,-1,-1
1505,17,1471,847,72,48,1,-1,-1,-1
1506,17,1471,847,72,47,1,-1,-1,-1
1507,17,1471,847,72,47,1,-1,-1,-1
1508,17,1471,847,72,47,1,-1,-1,-1
1509,17,1471,847,72,47,1,-1,-1,-1
1510,17,1471,847,72,47,1,-1,-1,-1
1511,17,1471,848,71,47,1,-1,-1,-1
1512,17,1471,848,72,47,1,-1,-1,-1
1513,17,1471,848,71,45,1,-1,-1,-1
1514,17,1471,848,71,45,1,-1,-1,-1
1515,17,1471,848,71,45,1,-1,-1,-1
1516,17,1471,848,71,45,1,-1,-1,-1
1517,17,1471,848,71,45,1,-1,-1,-1
1518,17,1471,848,71,45,1,-1,-1,-1
1519,17,1471,848,71,45,1,-1,-1,-1
1520,17,1471,848,72,45,1,-1,-1,-1
1521,17,1471,848,72,45,1,-1,-1,-1
1522,17,1471,848,72,45,1,-1,-1,-1
1523,17,1471,848,72,45,1,-1,-1,-1
1524,17,1471,848,71,45,1,-1,-1,-1
1525,17,1471,848,71,45,1,-1,-1,-1
1526,17,1471,848,72,45,1,-1,-1,-1
1527,17,1471,848,72,46,1,-1,-1,-1
1528,17,1471,848,72,46,1,-1,-1,-1
1529,17,1471,848,71,46,1,-1,-1,-1
1530,17,1471,848,71,46,1,-1,-1,-1
1531,17,1471,848,71,46,1,-1,-1,-1
1532,17,1471,848,71,46,1,-1,-1,-1
1533,17,1471,848,71,46,1,-1,-1,-1
1534,17,1471,848,71,46,1,-1,-1,-1
1535,17,1471,848,71,46,1,-1,-1,-1
1536,17,1471,848,71,46,1,-1,-1,-1
1537,17,1471,848,71,46,1,-1,-1,-1
1538,17,1471,848,71,46,1,-1,-1,-1
1539,17,1471,848,72,46,1,-1,-1,-1
1540,17,1471,848,72,46,1,-1,-1,-1
1541,17,1470,848,72,46,1,-1,-1,-1
1542,17,1470,848,72,46,1,-1,-1,-1
1543,17,1470,848,72,46,1,-1,-1,-1
1544,17,1470,848,72,46,1,-1,-1,-1
1545,17,1470,848,72,46,1,-1,-1,-1
1546,17,1471,848,72,46,1,-1,-1,-1
1547,17,1471,848,72,46,1,-1,-1,-1
1548,17,1471,848,71,46,1,-1,-1,-1
1549,17,1471,848,71,45,1,-1,-1,-1
1550,17,1471,848,71,46,1,-1,-1,-1
1551,17,1471,848,72,46,1,-1,-1,-1
1552,17,1470,849,71,45,1,-1,-1,-1
1553,17,1470,849,72,46,1,-1,-1,-1
1554,17,1470,849,72,46,1,-1,-1,-1
1555,17,1470,849,72,46,1,-1,-1,-1
1556,17,1470,849,72,46,1,-1,-1,-1
1557,17,1470,848,72,46,1,-1,-1,-1
1558,17,1470,849,72,46,1,-1,-1,-1
1559,17,1470,849,72,46,1,-1,-1,-1
1560,17,1470,849,72,46,1,-1,-1,-1
1561,17,1472,847,70,48,1,-1,-1,-1
1562,17,1472,847,70,48,1,-1,-1,-1
1563,17,1472,847,70,48,1,-1,-1,-1
1564,17,1472,847,70,48,1,-1,-1,-1
1565,17,1472,847,70,47,1,-1,-1,-1
1566,17,1472,847,70,47,1,-1,-1,-1
1567,17,1470,847,72,47,1,-1,-1,-1
1568,17,1470,847,72,47,1,-1,-1,-1
1569,17,1472,847,70,47,1,-1,-1,-1
1570,17,1472,847,70,47,1,-1,-1,-1
1571,17,1471,847,70,48,1,-1,-1,-1
1572,17,1471,847,70,48,1,-1,-1,-1
1573,17,1471,847,71,48,1,-1,-1,-1
1574,17,1471,847,71,48,1,-1,-1,-1
1575,17,1471,847,71,48,1,-1,-1,-1
1576,17,1471,847,71,48,1,-1,-1,-1
1577,17,1471,847,71,48,1,-1,-1,-1
1578,17,1471,847,71,48,1,-1,-1,-1
1579,17,1471,847,71,48,1,-1,-1,-1
1580,17,1472,847,70,48,1,-1,-1,-1
1581,17,1472,847,70,48,1,-1,-1,-1
1582,17,1472,847,70,48,1,-1,-1,-1
1583,17,1472,847,70,48,1,-1,-1,-1
1584,17,1472,847,70,47,1,-1,-1,-1
1585,17,1471,847,70,48,1,-1,-1,-1
1586,17,1472,847,70,48,1,-1,-1,-1
1587,17,1471,847,70,48,1,-1,-1,-1
1588,17,1472,847,70,48,1,-1,-1,-1
1589,17,1471,848,70,47,1,-1,-1,-1
1590,17,1470,847,71,47,1,-1,-1,-1
1591,17,1470,847,71,47,1,-1,-1,-1
1592,17,1470,847,71,47,1,-1,-1,-1
1593,17,1471,848,70,47,1,-1,-1,-1
1594,17,1470,847,71,47,1,-1,-1,-1
1595,17,1470,847,71,48,1,-1,-1,-1
1596,17,1471,848,70,47,1,-1,-1,-1
1597,17,1470,847,70,48,1,-1,-1,-1
1598,17,1470,847,70,47,1,-1,-1,-1
1599,17,1470,847,70,47,1,-1,-1,-1
1600,17,1470,847,70,47,1,-1,-1,-1
1601,17,1470,847,70,47,1,-1,-1,-1
1602,17,1470,847,69,47,1,-1,-1,-1
1603,17,1470,847,70,47,1,-1,-1,-1
1604,17,1470,847,70,47,1,-1,-1,-1
1605,17,1470,847,70,47,1,-1,-1,-1
1606,17,1470,847,70,47,1,-1,-1,-1
1607,17,1470,847,69,47,1,-1,-1,-1
1608,17,1470,847,69,47,1,-1,-1,-1
1609,17,1470,847,69,47,1,-1,-1,-1
1610,17,1470,847,69,47,1,-1,-1,-1
1611,17,1470,848,69,47,1,-1,-1,-1
1612,17,1470,848,69,47,1,-1,-1,-1
1613,17,1470,848,69,47,1,-1,-1,-1
1614,17,1470,848,69,47,1,-1,-1,-1
1615,17,1470,848,69,47,1,-1,-1,-1
1616,17,1470,848,69,47,1,-1,-1,-1
1617,17,1470,848,69,47,1,-1,-1,-1
1618,17,1470,848,69,47,1,-1,-1,-1
1619,17,1470,848,69,47,1,-1,-1,-1
1620,17,1470,848,69,47,1,-1,-1,-1
1621,17,1470,848,69,47,1,-1,-1,-1
1622,17,1470,848,69,47,1,-1,-1,-1
1623,17,1470,848,69,47,1,-1,-1,-1
1624,17,1470,848,69,47,1,-1,-1,-1
1625,17,1470,848,69,47,1,-1,-1,-1
1626,17,1470,848,69,47,1,-1,-1,-1
1627,17,1470,848,69,47,1,-1,-1,-1
1628,17,1470,848,69,47,1,-1,-1,-1
1629,17,1471,847,71,49,1,-1,-1,-1
1630,17,1471,847,71,48,1,-1,-1,-1
1631,17,1471,847,71,48,1,-1,-1,-1
1632,17,1471,847,72,49,1,-1,-1,-1
1633,17,1471,847,72,48,1,-1,-1,-1
1634,17,1471,848,72,48,1,-1,-1,-1
1635,17,1471,848,72,48,1,-1,-1,-1
1636,17,1471,848,72,48,1,-1,-1,-1
1637,17,1471,848,72,48,1,-1,-1,-1
1638,17,1471,848,72,48,1,-1,-1,-1
1639,17,1470,847,74,48,1,-1,-1,-1
1640,17,1470,847,74,48,1,-1,-1,-1
1641,17,1470,847,73,48,1,-1,-1,-1
1642,17,1470,847,73,48,1,-1,-1,-1
1643,17,1470,847,73,48,1,-1,-1,-1
1644,17,1470,847,73,48,1,-1,-1,-1
1645,17,1471,846,72,48,1,-1,-1,-1
1646,17,1471,846,72,48,1,-1,-1,-1
1654,17,1471,846,71,48,1,-1,-1,-1
1655,17,1471,846,71,48,1,-1,-1,-1
1656,17,1471,846,71,48,1,-1,-1,-1
1657,17,1470,846,73,49,1,-1,-1,-1
1658,17,1470,846,73,49,1,-1,-1,-1
1659,17,1470,846,73,49,1,-1,-1,-1
1674,17,1471,847,72,49,1,-1,-1,-1
1675,17,1471,847,72,49,1,-1,-1,-1
1676,17,1471,847,72,49,1,-1,-1,-1
1677,17,1471,847,72,49,1,-1,-1,-1
1678,17,1471,847,72,49,1,-1,-1,-1
1679,17,1469,848,74,48,1,-1,-1,-1
1680,17,1469,848,74,48,1,-1,-1,-1
1681,17,1471,848,72,46,1,-1,-1,-1
1682,17,1471,848,72,46,1,-1,-1,-1
1683,17,1471,848,72,46,1,-1,-1,-1
1684,17,1471,848,72,46,1,-1,-1,-1
1685,17,1471,848,72,46,1,-1,-1,-1
1686,17,1471,848,72,46,1,-1,-1,-1
1687,17,1471,848,72,46,1,-1,-1,-1
1688,17,1471,848,72,46,1,-1,-1,-1
1689,17,1471,848,72,46,1,-1,-1,-1
1690,17,1471,848,72,46,1,-1,-1,-1
1691,17,1471,848,72,46,1,-1,-1,-1
1692,17,1470,848,72,46,1,-1,-1,-1
1693,17,1470,849,72,45,1,-1,-1,-1
1694,17,1470,849,72,45,1,-1,-1,-1
1695,17,1470,849,71,45,1,-1,-1,-1
1696,17,1470,849,71,45,1,-1,-1,-1
1697,17,1470,849,71,45,1,-1,-1,-1
1698,17,1470,849,72,45,1,-1,-1,-1
1699,17,1470,849,72,45,1,-1,-1,-1
1700,17,1470,849,72,45,1,-1,-1,-1
1701,17,1470,849,71,45,1,-1,-1,-1
1702,17,1470,849,71,45,1,-1,-1,-1
1703,17,1470,849,71,45,1,-1,-1,-1
1704,17,1470,848,71,46,1,-1,-1,-1
1705,17,1470,848,71,46,1,-1,-1,-1
1706,17,1470,848,71,46,1,-1,-1,-1
1707,17,1470,848,72,47,1,-1,-1,-1
1708,17,1470,848,73,47,1,-1,-1,-1
1709,17,1470,848,73,47,1,-1,-1,-1
1710,17,1470,848,72,47,1,-1,-1,-1
1711,17,1470,848,72,47,1,-1,-1,-1
1712,17,1470,848,72,47,1,-1,-1,-1
1713,17,1470,848,72,47,1,-1,-1,-1
1714,17,1470,848,72,47,1,-1,-1,-1
1715,17,1470,848,72,47,1,-1,-1,-1
1716,17,1470,848,73,47,1,-1,-1,-1
1717,17,1470,848,72,47,1,-1,-1,-1
1718,17,1470,848,72,47,1,-1,-1,-1
1719,17,1470,847,71,46,1,-1,-1,-1
80,19,1254,781,114,82,1,-1,-1,-1
81,19,1253,781,116,82,1,-1,-1,-1
82,19,1255,782,113,81,1,-1,-1,-1
83,19,1258,782,111,80,1,-1,-1,-1
84,19,1259,781,110,81,1,-1,-1,-1
85,19,1260,781,109,82,1,-1,-1,-1
86,19,1261,781,107,82,1,-1,-1,-1
87,19,1261,781,108,82,1,-1,-1,-1
88,19,1260,780,108,83,1,-1,-1,-1
89,19,1261,780,107,83,1,-1,-1,-1
90,19,1259,781,109,82,1,-1,-1,-1
91,19,1259,780,110,83,1,-1,-1,-1
92,19,1258,780,111,83,1,-1,-1,-1
93,19,1255,780,113,83,1,-1,-1,-1
94,19,1257,780,111,83,1,-1,-1,-1
95,19,1259,780,110,83,1,-1,-1,-1
96,19,1257,778,112,85,1,-1,-1,-1
97,19,1254,778,113,85,1,-1,-1,-1
98,19,1256,779,111,84,1,-1,-1,-1
99,19,1257,779,110,84,1,-1,-1,-1
100,19,1257,779,110,84,1,-1,-1,-1
101,19,1259,782,111,81,1,-1,-1,-1
102,19,1229,765,140,98,1,-1,-1,-1
103,19,1256,779,112,84,1,-1,-1,-1
104,19,1258,781,109,82,1,-1,-1,-1
105,19,1258,781,109,82,1,-1,-1,-1
106,19,1259,780,109,83,1,-1,-1,-1
107,19,1258,781,109,83,1,-1,-1,-1
108,19,1258,781,109,83,1,-1,-1,-1
109,19,1258,780,109,83,1,-1,-1,-1
110,19,1258,780,110,83,1,-1,-1,-1
111,19,1258,780,110,83,1,-1,-1,-1
112,19,1258,780,110,83,1,-1,-1,-1
113,19,1258,780,110,83,1,-1,-1,-1
114,19,1257,780,111,83,1,-1,-1,-1
115,19,1257,780,110,83,1,-1,-1,-1
116,19,1257,781,110,83,1,-1,-1,-1
117,19,1257,781,110,83,1,-1,-1,-1
118,19,1257,781,110,83,1,-1,-1,-1
119,19,1257,781,111,83,1,-1,-1,-1
120,19,1257,781,110,83,1,-1,-1,-1
121,19,1258,781,110,82,1,-1,-1,-1
122,19,1258,781,110,82,1,-1,-1,-1
123,19,1257,780,112,83,1,-1,-1,-1
124,19,1257,780,111,83,1,-1,-1,-1
125,19,1257,781,112,83,1,-1,-1,-1
126,19,1257,780,112,83,1,-1,-1,-1
127,19,1257,780,112,83,1,-1,-1,-1
128,19,1257,780,112,83,1,-1,-1,-1
129,19,1257,781,112,83,1,-1,-1,-1
130,19,1257,781,112,83,1,-1,-1,-1
131,19,1257,781,112,83,1,-1,-1,-1
132,19,1257,781,112,83,1,-1,-1,-1
133,19,1257,780,112,83,1,-1,-1,-1
134,19,1257,780,112,83,1,-1,-1,-1
135,19,1257,781,112,83,1,-1,-1,-1
136,19,1257,781,112,83,1,-1,-1,-1
137,19,1257,781,112,82,1,-1,-1,-1
138,19,1257,781,112,83,1,-1,-1,-1
139,19,1257,781,112,82,1,-1,-1,-1
140,19,1257,781,112,83,1,-1,-1,-1
141,19,1257,781,111,83,1,-1,-1,-1
142,19,1257,781,111,83,1,-1,-1,-1
143,19,1257,781,111,83,1,-1,-1,-1
144,19,1257,781,111,83,1,-1,-1,-1
145,19,1257,781,112,82,1,-1,-1,-1
146,19,1257,781,112,82,1,-1,-1,-1
147,19,1257,781,112,82,1,-1,-1,-1
148,19,1258,781,111,82,1,-1,-1,-1
149,19,1258,781,111,82,1,-1,-1,-1
150,19,1258,781,111,82,1,-1,-1,-1
151,19,1258,781,111,82,1,-1,-1,-1
152,19,1258,781,111,82,1,-1,-1,-1
153,19,1258,781,111,82,1,-1,-1,-1
154,19,1258,781,111,82,1,-1,-1,-1
155,19,1258,781,111,82,1,-1,-1,-1
156,19,1258,781,111,82,1,-1,-1,-1
157,19,1257,781,112,83,1,-1,-1,-1
158,19,1257,781,111,82,1,-1,-1,-1
159,19,1258,781,111,83,1,-1,-1,-1
160,19,1258,781,111,83,1,-1,-1,-1
161,19,1258,781,111,82,1,-1,-1,-1
162,19,1258,781,111,82,1,-1,-1,-1
163,19,1258,781,111,82,1,-1,-1,-1
164,19,1258,781,111,82,1,-1,-1,-1
165,19,1258,781,111,82,1,-1,-1,-1
166,19,1257,781,111,82,1,-1,-1,-1
167,19,1257,781,111,83,1,-1,-1,-1
168,19,1257,781,111,82,1,-1,-1,-1
169,19,1257,781,112,83,1,-1,-1,-1
170,19,1257,781,111,83,1,-1,-1,-1
171,19,1257,781,112,83,1,-1,-1,-1
172,19,1257,781,112,83,1,-1,-1,-1
173,19,1257,781,111,82,1,-1,-1,-1
174,19,1257,781,111,82,1,-1,-1,-1
175,19,1257,781,111,82,1,-1,-1,-1
176,19,1257,781,111,82,1,-1,-1,-1
177,19,1257,781,111,82,1,-1,-1,-1
178,19,1257,781,111,82,1,-1,-1,-1
179,19,1257,781,111,82,1,-1,-1,-1
180,19,1257,781,111,82,1,-1,-1,-1
181,19,1257,781,111,83,1,-1,-1,-1
182,19,1257,781,111,83,1,-1,-1,-1
183,19,1257,781,111,83,1,-1,-1,-1
184,19,1257,781,111,83,1,-1,-1,-1
185,19,1257,781,111,83,1,-1,-1,-1
186,19,1257,781,111,83,1,-1,-1,-1
187,19,1257,781,111,83,1,-1,-1,-1
188,19,1257,781,111,83,1,-1,-1,-1
189,19,1257,781,111,83,1,-1,-1,-1
190,19,1258,781,111,82,1,-1,-1,-1
191,19,1258,781,111,82,1,-1,-1,-1
192,19,1258,781,112,82,1,-1,-1,-1
193,19,1258,781,111,83,1,-1,-1,-1
194,19,1258,781,111,83,1,-1,-1,-1
195,19,1258,781,111,83,1,-1,-1,-1
196,19,1258,781,111,83,1,-1,-1,-1
197,19,1258,781,111,83,1,-1,-1,-1
198,19,1258,781,111,83,1,-1,-1,-1
199,19,1258,781,111,83,1,-1,-1,-1
200,19,1258,781,111,83,1,-1,-1,-1
201,19,1258,781,111,83,1,-1,-1,-1
202,19,1258,781,111,83,1,-1,-1,-1
203,19,1258,781,111,83,1,-1,-1,-1
204,19,1258,781,111,83,1,-1,-1,-1
205,19,1258,782,111,82,1,-1,-1,-1
206,19,1258,782,111,82,1,-1,-1,-1
207,19,1258,782,111,82,1,-1,-1,-1
208,19,1258,782,111,82,1,-1,-1,-1
209,19,1259,782,111,82,1,-1,-1,-1
210,19,1259,782,111,82,1,-1,-1,-1
211,19,1259,782,111,82,1,-1,-1,-1
212,19,1259,782,111,82,1,-1,-1,-1
213,19,1259,782,111,82,1,-1,-1,-1
214,19,1259,781,111,82,1,-1,-1,-1
215,19,1259,781,111,82,1,-1,-1,-1
216,19,1259,781,111,82,1,-1,-1,-1
217,19,1259,782,110,82,1,-1,-1,-1
218,19,1259,782,111,81,1,-1,-1,-1
219,19,1259,782,111,81,1,-1,-1,-1
220,19,1259,782,111,81,1,-1,-1,-1
221,19,1259,782,111,81,1,-1,-1,-1
222,19,1259,782,111,81,1,-1,-1,-1
223,19,1259,782,110,81,1,-1,-1,-1
224,19,1259,782,110,81,1,-1,-1,-1
225,19,1259,782,110,82,1,-1,-1,-1
226,19,1259,782,110,81,1,-1,-1,-1
227,19,1259,782,110,82,1,-1,-1,-1
228,19,1259,781,110,82,1,-1,-1,-1
229,19,1257,781,112,82,1,-1,-1,-1
230,19,1257,782,112,82,1,-1,-1,-1
231,19,1258,781,113,82,1,-1,-1,-1
232,19,1257,782,112,82,1,-1,-1,-1
233,19,1259,781,110,82,1,-1,-1,-1
234,19,1260,782,111,82,1,-1,-1,-1
235,19,1263,782,108,81,1,-1,-1,-1
236,19,1259,783,112,80,1,-1,-1,-1
237,19,1263,785,108,79,1,-1,-1,-1
238,19,1265,784,106,79,1,-1,-1,-1
239,19,1265,783,107,80,1,-1,-1,-1
240,19,1258,781,112,82,1,-1,-1,-1
241,19,1257,780,112,83,1,-1,-1,-1
242,19,1257,780,112,83,1,-1,-1,-1
243,19,1258,781,113,82,1,-1,-1,-1
244,19,1258,782,111,81,1,-1,-1,-1
245,19,1264,785,106,78,1,-1,-1,-1
246,19,1263,786,108,77,1,-1,-1,-1
247,19,1257,783,112,80,1,-1,-1,-1
248,19,1257,782,113,80,1,-1,-1,-1
249,19,1257,782,114,81,1,-1,-1,-1
250,19,1256,780,117,83,1,-1,-1,-1
251,19,1260,781,111,82,1,-1,-1,-1
252,19,1259,781,112,82,1,-1,-1,-1
253,19,1259,781,112,82,1,-1,-1,-1
254,19,1258,781,112,82,1,-1,-1,-1
255,19,1258,781,112,83,1,-1,-1,-1
256,19,1258,781,111,82,1,-1,-1,-1
257,19,1258,781,111,83,1,-1,-1,-1
258,19,1258,781,110,83,1,-1,-1,-1
259,19,1257,781,111,82,1,-1,-1,-1
260,19,1257,781,111,82,1,-1,-1,-1
261,19,1258,781,112,82,1,-1,-1,-1
262,19,1258,781,114,82,1,-1,-1,-1
263,19,1258,781,114,82,1,-1,-1,-1
586,28,1471,847,71,48,1,-1,-1,-1
587,28,1471,847,71,48,1,-1,-1,-1
588,28,1471,847,70,48,1,-1,-1,-1
589,28,1470,848,71,48,1,-1,-1,-1
590,28,1470,848,71,48,1,-1,-1,-1
591,28,1470,848,72,48,1,-1,-1,-1
592,28,1471,848,71,48,1,-1,-1,-1
593,28,1470,847,72,48,1,-1,-1,-1
594,28,1470,847,71,48,1,-1,-1,-1
595,28,1470,847,72,49,1,-1,-1,-1
596,28,1470,847,72,49,1,-1,-1,-1
597,28,1471,847,72,48,1,-1,-1,-1
598,28,1470,847,72,49,1,-1,-1,-1
599,28,1471,847,71,48,1,-1,-1,-1
600,28,1470,847,72,49,1,-1,-1,-1
601,28,1470,847,72,49,1,-1,-1,-1
602,28,1470,847,72,49,1,-1,-1,-1
603,28,1470,847,72,49,1,-1,-1,-1
604,28,1470,847,72,49,1,-1,-1,-1
605,28,1470,847,72,49,1,-1,-1,-1
606,28,1470,847,72,49,1,-1,-1,-1
607,28,1470,847,72,49,1,-1,-1,-1
608,28,1470,847,72,49,1,-1,-1,-1
609,28,1470,847,72,49,1,-1,-1,-1
610,28,1470,847,72,49,1,-1,-1,-1
611,28,1470,847,72,49,1,-1,-1,-1
612,28,1471,847,71,49,1,-1,-1,-1
613,28,1469,848,73,46,1,-1,-1,-1
614,28,1469,848,72,46,1,-1,-1,-1
615,28,1469,848,72,46,1,-1,-1,-1
616,28,1469,848,72,46,1,-1,-1,-1
617,28,1469,848,72,46,1,-1,-1,-1
618,28,1469,848,72,46,1,-1,-1,-1
619,28,1470,848,72,47,1,-1,-1,-1
620,28,1471,848,71,47,1,-1,-1,-1
621,28,1471,848,71,47,1,-1,-1,-1
622,28,1471,848,71,47,1,-1,-1,-1
623,28,1471,848,71,47,1,-1,-1,-1
624,28,1471,848,71,47,1,-1,-1,-1
625,28,1470,847,72,50,1,-1,-1,-1
626,28,1470,847,72,50,1,-1,-1,-1
627,28,1470,847,72,49,1,-1,-1,-1
628,28,1470,847,72,49,1,-1,-1,-1
629,28,1470,847,72,49,1,-1,-1,-1
630,28,1470,847,72,49,1,-1,-1,-1
631,28,1470,847,72,49,1,-1,-1,-1
632,28,1470,847,72,49,1,-1,-1,-1
633,28,1470,847,72,49,1,-1,-1,-1
634,28,1470,847,72,49,1,-1,-1,-1
635,28,1470,848,72,48,1,-1,-1,-1
636,28,1470,848,72,48,1,-1,-1,-1
637,28,1470,848,73,48,1,-1,-1,-1
638,28,1470,848,73,48,1,-1,-1,-1
639,28,1470,848,73,48,1,-1,-1,-1
640,28,1470,848,73,48,1,-1,-1,-1
641,28,1470,848,73,48,1,-1,-1,-1
642,28,1470,848,73,48,1,-1,-1,-1
643,28,1467,847,76,48,1,-1,-1,-1
644,28,1468,847,75,48,1,-1,-1,-1
645,28,1468,847,75,48,1,-1,-1,-1
646,28,1468,847,74,48,1,-1,-1,-1
647,28,1468,847,74,48,1,-1,-1,-1
648,28,1468,847,74,48,1,-1,-1,-1
649,28,1469,848,73,47,1,-1,-1,-1
650,28,1469,848,73,47,1,-1,-1,-1
651,28,1469,848,74,46,1,-1,-1,-1
652,28,1469,848,74,46,1,-1,-1,-1
653,28,1469,848,74,46,1,-1,-1,-1
654,28,1469,848,74,46,1,-1,-1,-1
655,28,1470,848,73,49,1,-1,-1,-1
656,28,1470,848,73,49,1,-1,-1,-1
657,28,1471,848,72,49,1,-1,-1,-1
658,28,1471,848,72,49,1,-1,-1,-1
659,28,1471,848,72,49,1,-1,-1,-1
660,28,1470,848,72,49,1,-1,-1,-1
661,28,1470,847,73,49,1,-1,-1,-1
662,28,1470,848,73,49,1,-1,-1,-1
663,28,1470,848,73,49,1,-1,-1,-1
664,28,1470,848,73,49,1,-1,-1,-1
665,28,1471,847,72,49,1,-1,-1,-1
666,28,1471,847,72,49,1,-1,-1,-1
667,28,1471,847,72,49,1,-1,-1,-1
668,28,1471,847,72,49,1,-1,-1,-1
669,28,1471,847,72,49,1,-1,-1,-1
670,28,1471,847,72,49,1,-1,-1,-1
671,28,1471,847,71,49,1,-1,-1,-1
672,28,1471,847,71,48,1,-1,-1,-1
673,28,1470,847,72,49,1,-1,-1,-1
674,28,1470,847,72,49,1,-1,-1,-1
675,28,1470,847,72,48,1,-1,-1,-1
676,28,1471,848,71,47,1,-1,-1,-1
677,28,1471,848,71,47,1,-1,-1,-1
678,28,1471,848,71,47,1,-1,-1,-1
679,28,1471,848,71,47,1,-1,-1,-1
680,28,1470,848,72,47,1,-1,-1,-1
681,28,1470,848,72,47,1,-1,-1,-1
682,28,1470,848,72,47,1,-1,-1,-1
683,28,1470,848,72,47,1,-1,-1,-1
684,28,1471,848,71,47,1,-1,-1,-1
685,28,1471,848,72,48,1,-1,-1,-1
686,28,1471,848,72,48,1,-1,-1,-1
687,28,1471,848,72,48,1,-1,-1,-1
688,28,1470,848,73,48,1,-1,-1,-1
689,28,1470,848,73,48,1,-1,-1,-1
690,28,1470,848,72,47,1,-1,-1,-1
691,28,1470,848,72,47,1,-1,-1,-1
692,28,1470,848,72,47,1,-1,-1,-1
693,28,1471,848,71,47,1,-1,-1,-1
694,28,1471,848,72,47,1,-1,-1,-1
695,28,1471,848,72,47,1,-1,-1,-1
696,28,1471,848,72,47,1,-1,-1,-1
697,28,1471,848,70,46,1,-1,-1,-1
698,28,1471,848,70,46,1,-1,-1,-1
699,28,1471,848,70,46,1,-1,-1,-1
700,28,1471,848,70,46,1,-1,-1,-1
701,28,1471,848,70,46,1,-1,-1,-1
702,28,1471,848,70,46,1,-1,-1,-1
703,28,1471,848,71,46,1,-1,-1,-1
704,28,1471,848,71,46,1,-1,-1,-1
705,28,1471,848,71,46,1,-1,-1,-1
706,28,1471,848,71,46,1,-1,-1,-1
707,28,1471,848,71,46,1,-1,-1,-1
708,28,1471,848,71,46,1,-1,-1,-1
709,28,1470,847,72,49,1,-1,-1,-1
710,28,1469,847,72,49,1,-1,-1,-1
711,28,1470,847,72,49,1,-1,-1,-1
712,28,1470,847,72,49,1,-1,-1,-1
713,28,1470,847,72,49,1,-1,-1,-1
714,28,1470,847,72,49,1,-1,-1,-1
715,28,1471,848,71,48,1,-1,-1,-1
716,28,1471,848,71,48,1,-1,-1,-1
717,28,1471,848,71,49,1,-1,-1,-1
718,28,1471,848,71,48,1,-1,-1,-1
719,28,1471,848,70,48,1,-1,-1,-1
720,28,1471,848,71,48,1,-1,-1,-1
721,28,1471,848,70,47,1,-1,-1,-1
722,28,1472,848,70,46,1,-1,-1,-1
723,28,1472,848,70,47,1,-1,-1,-1
724,28,1471,848,70,45,1,-1,-1,-1
725,28,1472,848,70,45,1,-1,-1,-1
726,28,1472,848,69,44,1,-1,-1,-1
727,28,1472,848,69,44,1,-1,-1,-1
728,28,1472,848,69,44,1,-1,-1,-1
729,28,1472,848,69,44,1,-1,-1,-1
730,28,1472,848,69,44,1,-1,-1,-1
731,28,1472,848,69,44,1,-1,-1,-1
732,28,1471,848,70,44,1,-1,-1,-1
733,28,1470,847,69,42,1,-1,-1,-1
734,28,1470,847,69,42,1,-1,-1,-1
735,28,1470,847,69,42,1,-1,-1,-1
736,28,1470,847,69,42,1,-1,-1,-1
737,28,1470,848,72,47,1,-1,-1,-1
738,28,1470,848,72,46,1,-1,-1,-1
739,28,1470,848,72,47,1,-1,-1,-1
740,28,1470,848,72,47,1,-1,-1,-1
741,28,1470,848,72,47,1,-1,-1,-1
742,28,1470,848,72,47,1,-1,-1,-1
743,28,1470,848,72,47,1,-1,-1,-1
744,28,1470,848,72,47,1,-1,-1,-1
745,28,1469,847,73,47,1,-1,-1,-1
746,28,1469,847,72,47,1,-1,-1,-1
747,28,1469,847,73,48,1,-1,-1,-1
748,28,1469,847,73,47,1,-1,-1,-1
749,28,1469,847,73,47,1,-1,-1,-1
750,28,1469,847,73,47,1,-1,-1,-1
751,28,1470,846,72,49,1,-1,-1,-1
752,28,1470,846,72,48,1,-1,-1,-1
753,28,1469,846,73,49,1,-1,-1,-1
754,28,1469,846,73,49,1,-1,-1,-1
755,28,1469,846,73,49,1,-1,-1,-1
756,28,1469,846,73,49,1,-1,-1,-1
757,28,1471,846,71,49,1,-1,-1,-1
758,28,1471,846,71,49,1,-1,-1,-1
759,28,1471,846,71,49,1,-1,-1,-1
760,28,1471,846,71,49,1,-1,-1,-1
761,28,1471,846,71,49,1,-1,-1,-1
762,28,1471,846,71,49,1,-1,-1,-1
763,28,1471,846,71,49,1,-1,-1,-1
764,28,1471,846,71,49,1,-1,-1,-1
765,28,1471,846,71,49,1,-1,-1,-1
766,28,1471,847,71,49,1,-1,-1,-1
767,28,1471,847,72,49,1,-1,-1,-1
768,28,1471,847,72,49,1,-1,-1,-1
769,28,1469,846,74,51,1,-1,-1,-1
770,28,1469,846,74,51,1,-1,-1,-1
771,28,1469,846,74,51,1,-1,-1,-1
772,28,1469,846,74,51,1,-1,-1,-1
773,28,1469,846,74,51,1,-1,-1,-1
774,28,1469,846,74,51,1,-1,-1,-1
775,28,1469,846,74,51,1,-1,-1,-1
776,28,1469,846,74,51,1,-1,-1,-1
777,28,1469,846,74,51,1,-1,-1,-1
778,28,1469,846,74,51,1,-1,-1,-1
779,28,1469,846,74,50,1,-1,-1,-1
780,28,1469,846,74,50,1,-1,-1,-1
781,28,1469,846,75,51,1,-1,-1,-1
782,28,1469,846,75,50,1,-1,-1,-1
783,28,1469,846,75,50,1,-1,-1,-1
784,28,1469,846,75,50,1,-1,-1,-1
785,28,1469,846,75,50,1,-1,-1,-1
786,28,1469,846,75,50,1,-1,-1,-1
787,28,1469,846,75,50,1,-1,-1,-1
788,28,1469,846,75,50,1,-1,-1,-1
789,28,1469,846,75,50,1,-1,-1,-1
790,28,1469,846,75,50,1,-1,-1,-1
791,28,1469,846,75,51,1,-1,-1,-1
792,28,1469,846,75,51,1,-1,-1,-1
793,28,1469,845,73,50,1,-1,-1,-1
794,28,1469,846,73,49,1,-1,-1,-1
795,28,1469,846,73,49,1,-1,-1,-1
796,28,1468,846,74,48,1,-1,-1,-1
797,28,1468,846,74,48,1,-1,-1,-1
798,28,1468,846,74,48,1,-1,-1,-1
799,28,1468,846,74,49,1,-1,-1,-1
800,28,1468,846,75,49,1,-1,-1,-1
801,28,1467,846,75,49,1,-1,-1,-1
802,28,1470,846,73,50,1,-1,-1,-1
803,28,1470,846,73,49,1,-1,-1,-1
804,28,1470,846,73,50,1,-1,-1,-1
805,28,1470,847,73,49,1,-1,-1,-1
806,28,1470,847,73,48,1,-1,-1,-1
807,28,1469,848,74,48,1,-1,-1,-1
808,28,1469,848,74,47,1,-1,-1,-1
809,28,1469,848,74,47,1,-1,-1,-1
810,28,1469,848,74,48,1,-1,-1,-1
811,28,1469,848,74,47,1,-1,-1,-1
812,28,1469,848,74,48,1,-1,-1,-1
813,28,1469,848,74,48,1,-1,-1,-1
814,28,1469,847,74,48,1,-1,-1,-1
815,28,1469,847,73,48,1,-1,-1,-1
816,28,1469,848,74,48,1,-1,-1,-1
817,28,1469,847,73,48,1,-1,-1,-1
818,28,1469,847,73,48,1,-1,-1,-1
819,28,1469,847,73,49,1,-1,-1,-1
820,28,1470,847,73,49,1,-1,-1,-1
821,28,1469,847,73,48,1,-1,-1,-1
822,28,1469,847,73,48,1,-1,-1,-1
823,28,1469,847,73,48,1,-1,-1,-1
824,28,1469,847,73,48,1,-1,-1,-1
825,28,1469,847,73,47,1,-1,-1,-1
826,28,1470,847,73,47,1,-1,-1,-1
827,28,1469,848,73,46,1,-1,-1,-1
828,28,1469,848,73,46,1,-1,-1,-1
829,28,1469,847,73,47,1,-1,-1,-1
830,28,1469,847,73,47,1,-1,-1,-1
831,28,1469,847,72,46,1,-1,-1,-1
832,28,1470,847,73,48,1,-1,-1,-1
833,28,1469,847,73,48,1,-1,-1,-1
834,28,1469,847,73,48,1,-1,-1,-1
835,28,1469,847,73,48,1,-1,-1,-1
836,28,1470,847,73,49,1,-1,-1,-1
837,28,1469,847,73,48,1,-1,-1,-1
838,28,1469,848,73,46,1,-1,-1,-1
839,28,1469,848,72,46,1,-1,-1,-1
840,28,1469,848,72,46,1,-1,-1,-1
841,28,1469,848,73,47,1,-1,-1,-1
842,28,1469,848,73,47,1,-1,-1,-1
843,28,1469,848,73,47,1,-1,-1,-1
844,28,1470,848,73,46,1,-1,-1,-1
845,28,1470,848,73,46,1,-1,-1,-1
846,28,1470,848,73,47,1,-1,-1,-1
847,28,1470,847,73,49,1,-1,-1,-1
848,28,1470,847,73,49,1,-1,-1,-1
849,28,1470,847,73,49,1,-1,-1,-1
850,28,1469,847,73,49,1,-1,-1,-1
851,28,1469,847,74,49,1,-1,-1,-1
852,28,1469,847,75,49,1,-1,-1,-1
853,28,1468,847,75,48,1,-1,-1,-1
854,28,1468,847,75,48,1,-1,-1,-1
855,28,1468,847,75,48,1,-1,-1,-1
856,28,1468,847,75,49,1,-1,-1,-1
857,28,1469,847,75,48,1,-1,-1,-1
858,28,1469,847,75,48,1,-1,-1,-1
859,28,1469,848,75,48,1,-1,-1,-1
860,28,1469,848,75,48,1,-1,-1,-1
861,28,1469,847,75,48,1,-1,-1,-1
862,28,1469,847,75,48,1,-1,-1,-1
863,28,1469,848,75,48,1,-1,-1,-1
864,28,1469,847,75,48,1,-1,-1,-1
865,28,1469,847,74,48,1,-1,-1,-1
866,28,1469,847,74,48,1,-1,-1,-1
867,28,1469,847,74,48,1,-1,-1,-1
868,28,1469,848,74,48,1,-1,-1,-1
869,28,1469,847,74,48,1,-1,-1,-1
870,28,1469,847,74,48,1,-1,-1,-1
871,28,1469,847,74,48,1,-1,-1,-1
872,28,1469,848,74,47,1,-1,-1,-1
873,28,1469,848,74,47,1,-1,-1,-1
874,28,1469,848,74,47,1,-1,-1,-1
875,28,1469,847,74,48,1,-1,-1,-1
876,28,1469,847,74,48,1,-1,-1,-1
877,28,1469,847,74,48,1,-1,-1,-1
878,28,1469,847,74,48,1,-1,-1,-1
879,28,1469,847,74,48,1,-1,-1,-1
880,28,1470,846,73,50,1,-1,-1,-1
881,28,1469,847,75,49,1,-1,-1,-1
882,28,1470,847,73,49,1,-1,-1,-1
883,28,1470,845,73,51,1,-1,-1,-1
884,28,1470,846,73,50,1,-1,-1,-1
892,28,1469,841,78,55,1,-1,-1,-1
893,28,1469,841,84,57,1,-1,-1,-1
894,28,1469,841,87,60,1,-1,-1,-1
895,28,1469,843,85,57,1,-1,-1,-1
896,28,1470,844,84,54,1,-1,-1,-1
897,28,1470,845,85,54,1,-1,-1,-1
898,28,1469,846,83,52,1,-1,-1,-1
899,28,1469,845,83,51,1,-1,-1,-1
900,28,1469,846,84,54,1,-1,-1,-1
901,28,1468,846,86,54,1,-1,-1,-1
902,28,1469,845,86,52,1,-1,-1,-1
903,28,1469,845,87,52,1,-1,-1,-1
904,28,1469,846,87,52,1,-1,-1,-1
905,28,1469,846,87,51,1,-1,-1,-1
906,28,1469,846,87,52,1,-1,-1,-1
907,28,1469,846,84,50,1,-1,-1,-1
908,28,1469,847,77,49,1,-1,-1,-1
909,28,1469,847,75,47,1,-1,-1,-1
910,28,1469,847,75,48,1,-1,-1,-1
911,28,1469,848,77,47,1,-1,-1,-1
912,28,1469,848,77,47,1,-1,-1,-1
913,28,1469,848,78,48,1,-1,-1,-1
914,28,1469,848,76,48,1,-1,-1,-1
915,28,1469,848,76,48,1,-1,-1,-1
916,28,1469,847,75,47,1,-1,-1,-1
917,28,1469,848,76,47,1,-1,-1,-1
918,28,1469,847,72,43,1,-1,-1,-1
927,28,1470,847,72,47,1,-1,-1,-1
928,28,1469,847,73,46,1,-1,-1,-1
929,28,1470,847,74,49,1,-1,-1,-1
930,28,1470,848,73,48,1,-1,-1,-1
931,28,1470,847,74,48,1,-1,-1,-1
932,28,1469,848,74,47,1,-1,-1,-1
933,28,1470,848,73,46,1,-1,-1,-1
934,28,1470,847,73,47,1,-1,-1,-1
935,28,1469,847,73,47,1,-1,-1,-1
936,28,1469,847,73,47,1,-1,-1,-1
937,28,1470,846,71,49,1,-1,-1,-1
938,28,1471,846,70,48,1,-1,-1,-1
939,28,1468,847,75,48,1,-1,-1,-1
940,28,1468,847,75,48,1,-1,-1,-1
941,28,1468,847,75,48,1,-1,-1,-1
942,28,1469,847,74,49,1,-1,-1,-1
943,28,1467,847,76,48,1,-1,-1,-1
944,28,1470,846,72,48,1,-1,-1,-1
945,28,1471,846,72,47,1,-1,-1,-1
946,28,1470,846,73,47,1,-1,-1,-1
947,28,1470,846,72,48,1,-1,-1,-1
948,28,1470,846,72,48,1,-1,-1,-1
949,28,1471,848,71,46,1,-1,-1,-1
950,28,1471,847,71,47,1,-1,-1,-1
951,28,1471,847,71,47,1,-1,-1,-1
952,28,1471,847,71,48,1,-1,-1,-1
953,28,1472,847,71,48,1,-1,-1,-1
954,28,1471,847,71,48,1,-1,-1,-1
955,28,1472,847,71,48,1,-1,-1,-1
956,28,1471,847,71,48,1,-1,-1,-1
957,28,1470,847,72,47,1,-1,-1,-1
958,28,1470,847,72,47,1,-1,-1,-1
959,28,1471,847,71,48,1,-1,-1,-1
960,28,1471,847,71,48,1,-1,-1,-1
961,28,1469,847,73,47,1,-1,-1,-1
962,28,1469,847,73,46,1,-1,-1,-1
963,28,1470,847,71,47,1,-1,-1,-1
964,28,1470,847,71,47,1,-1,-1,-1
965,28,1470,847,71,47,1,-1,-1,-1
966,28,1470,847,71,47,1,-1,-1,-1
967,28,1470,847,71,47,1,-1,-1,-1
968,28,1470,847,71,47,1,-1,-1,-1
969,28,1468,847,74,47,1,-1,-1,-1
970,28,1468,847,74,47,1,-1,-1,-1
971,28,1468,847,74,47,1,-1,-1,-1
972,28,1468,847,74,47,1,-1,-1,-1
973,28,1466,847,75,46,1,-1,-1,-1
974,28,1466,847,75,46,1,-1,-1,-1
975,28,1467,847,75,46,1,-1,-1,-1
999,28,1469,848,74,47,1,-1,-1,-1
1000,28,1469,848,74,47,1,-1,-1,-1
1001,28,1470,846,73,49,1,-1,-1,-1
1002,28,1470,847,73,49,1,-1,-1,-1
1003,28,1470,846,73,50,1,-1,-1,-1
1004,28,1470,846,73,50,1,-1,-1,-1
1005,28,1470,846,73,50,1,-1,-1,-1
1006,28,1470,847,73,49,1,-1,-1,-1
1007,28,1470,847,73,49,1,-1,-1,-1
1008,28,1470,847,73,49,1,-1,-1,-1
1009,28,1470,847,73,49,1,-1,-1,-1
1010,28,1470,847,73,49,1,-1,-1,-1
1011,28,1470,847,73,49,1,-1,-1,-1
1012,28,1470,847,73,49,1,-1,-1,-1
1013,28,1470,847,73,49,1,-1,-1,-1
1014,28,1470,847,73,49,1,-1,-1,-1
1015,28,1470,848,73,49,1,-1,-1,-1
1016,28,1470,848,73,48,1,-1,-1,-1
1017,28,1470,848,73,48,1,-1,-1,-1
1018,28,1470,848,73,48,1,-1,-1,-1
1019,28,1470,848,73,48,1,-1,-1,-1
1020,28,1470,847,73,48,1,-1,-1,-1
1021,28,1470,847,72,49,1,-1,-1,-1
1022,28,1470,848,73,48,1,-1,-1,-1
1023,28,1470,847,73,49,1,-1,-1,-1
1024,28,1470,847,73,49,1,-1,-1,-1
1025,28,1470,847,73,49,1,-1,-1,-1
1026,28,1470,847,73,49,1,-1,-1,-1
1027,28,1470,847,72,49,1,-1,-1,-1
1028,28,1470,848,73,49,1,-1,-1,-1
1029,28,1470,848,73,49,1,-1,-1,-1
1030,28,1470,848,73,49,1,-1,-1,-1
1031,28,1470,848,73,49,1,-1,-1,-1
1032,28,1470,848,73,48,1,-1,-1,-1
1033,28,1470,848,72,47,1,-1,-1,-1
1034,28,1470,848,72,47,1,-1,-1,-1
1035,28,1470,848,72,47,1,-1,-1,-1
1036,28,1470,848,72,47,1,-1,-1,-1
1037,28,1470,848,72,47,1,-1,-1,-1
1038,28,1470,848,72,47,1,-1,-1,-1
1039,28,1470,848,72,47,1,-1,-1,-1
1040,28,1470,848,72,47,1,-1,-1,-1
1041,28,1470,848,72,47,1,-1,-1,-1
1042,28,1470,848,73,47,1,-1,-1,-1
1043,28,1470,848,72,47,1,-1,-1,-1
1044,28,1470,848,72,47,1,-1,-1,-1
1045,28,1470,848,72,46,1,-1,-1,-1
1046,28,1470,848,72,46,1,-1,-1,-1
1047,28,1470,848,72,46,1,-1,-1,-1
1048,28,1470,848,72,46,1,-1,-1,-1
1049,28,1470,848,72,45,1,-1,-1,-1
1050,28,1470,848,72,45,1,-1,-1,-1
1051,28,1470,848,72,45,1,-1,-1,-1
1052,28,1470,848,72,45,1,-1,-1,-1
1053,28,1470,848,72,45,1,-1,-1,-1
1054,28,1471,848,71,46,1,-1,-1,-1
1055,28,1471,848,71,46,1,-1,-1,-1
1056,28,1471,848,71,47,1,-1,-1,-1
1057,28,1470,849,71,47,1,-1,-1,-1
1058,28,1470,848,71,47,1,-1,-1,-1
1070,28,1470,847,72,49,1,-1,-1,-1
1071,28,1471,847,72,49,1,-1,-1,-1
1072,28,1471,847,72,48,1,-1,-1,-1
1073,28,1471,847,72,48,1,-1,-1,-1
1074,28,1471,847,72,48,1,-1,-1,-1
1075,28,1471,847,71,47,1,-1,-1,-1
1076,28,1471,847,71,48,1,-1,-1,-1
1077,28,1471,847,71,48,1,-1,-1,-1
1078,28,1471,847,71,48,1,-1,-1,-1
1079,28,1471,847,71,48,1,-1,-1,-1
1080,28,1471,847,71,48,1,-1,-1,-1
1034,34,1893,1021,70,45,1,-1,-1,-1
1035,34,1893,1021,70,45,1,-1,-1,-1
1036,34,1893,1021,70,45,1,-1,-1,-1
1037,34,1893,1021,70,45,1,-1,-1,-1
1038,34,1893,1021,70,45,1,-1,-1,-1
1039,34,1893,1021,70,45,1,-1,-1,-1
1040,34,1893,1021,71,45,1,-1,-1,-1
1041,34,1893,1021,70,45,1,-1,-1,-1
1042,34,1893,1021,70,45,1,-1,-1,-1
1043,34,1893,1021,70,45,1,-1,-1,-1
1062,37,801,680,192,67,1,-1,-1,-1
1063,37,801,679,185,68,1,-1,-1,-1
1064,37,801,680,182,72,1,-1,-1,-1
1065,37,801,680,181,74,1,-1,-1,-1
1066,37,801,679,181,74,1,-1,-1,-1
1067,37,802,680,180,75,1,-1,-1,-1
1068,37,802,679,182,77,1,-1,-1,-1
1069,37,801,680,182,77,1,-1,-1,-1
1070,37,801,680,184,78,1,-1,-1,-1
1071,37,801,680,184,78,1,-1,-1,-1
1072,37,801,679,185,79,1,-1,-1,-1
1073,37,801,679,185,79,1,-1,-1,-1
1074,37,801,679,185,79,1,-1,-1,-1
1075,37,802,679,184,80,1,-1,-1,-1
1076,37,802,679,184,80,1,-1,-1,-1
1077,37,802,679,184,80,1,-1,-1,-1
1078,37,801,679,184,80,1,-1,-1,-1
1079,37,801,679,184,80,1,-1,-1,-1
1080,37,802,679,184,79,1,-1,-1,-1
1081,37,801,680,184,79,1,-1,-1,-1
1082,37,801,679,184,79,1,-1,-1,-1
1083,37,801,679,184,78,1,-1,-1,-1
1084,37,801,679,185,78,1,-1,-1,-1
1085,37,801,679,184,78,1,-1,-1,-1
1086,37,801,679,183,77,1,-1,-1,-1
1087,37,801,679,181,77,1,-1,-1,-1
1088,37,801,679,181,76,1,-1,-1,-1
1089,37,801,679,182,74,1,-1,-1,-1
1090,37,801,679,181,69,1,-1,-1,-1
1091,37,799,679,193,67,1,-1,-1,-1
1092,37,800,679,195,66,1,-1,-1,-1
1093,37,801,679,256,69,1,-1,-1,-1
1094,37,801,679,255,67,1,-1,-1,-1
1095,37,801,679,256,80,1,-1,-1,-1
1096,37,801,679,257,96,1,-1,-1,-1
1097,37,801,678,264,113,1,-1,-1,-1
1098,37,800,678,260,110,1,-1,-1,-1
1099,37,800,678,259,109,1,-1,-1,-1
1100,37,800,678,259,110,1,-1,-1,-1
1101,37,800,678,259,110,1,-1,-1,-1
1102,37,802,677,257,111,1,-1,-1,-1
1103,37,932,692,126,97,1,-1,-1,-1
1104,37,934,692,125,96,1,-1,-1,-1
1105,37,935,692,124,96,1,-1,-1,-1
1106,37,935,692,124,96,1,-1,-1,-1
1107,37,934,692,125,96,1,-1,-1,-1
1108,37,934,692,124,96,1,-1,-1,-1
1109,37,934,692,124,96,1,-1,-1,-1
1110,37,935,692,124,96,1,-1,-1,-1
1111,37,935,693,124,96,1,-1,-1,-1
1112,37,935,692,124,96,1,-1,-1,-1
1113,37,935,692,124,96,1,-1,-1,-1
1114,37,935,692,124,96,1,-1,-1,-1
1115,37,935,693,124,96,1,-1,-1,-1
1116,37,935,693,124,96,1,-1,-1,-1
1117,37,935,693,124,96,1,-1,-1,-1
1118,37,935,693,124,96,1,-1,-1,-1
1119,37,935,692,124,96,1,-1,-1,-1
1120,37,935,692,123,96,1,-1,-1,-1
1121,37,935,692,123,96,1,-1,-1,-1
1122,37,935,692,124,96,1,-1,-1,-1
1123,37,935,692,124,96,1,-1,-1,-1
1124,37,935,692,124,96,1,-1,-1,-1
1125,37,935,692,124,96,1,-1,-1,-1
1126,37,935,692,124,96,1,-1,-1,-1
1127,37,935,692,124,96,1,-1,-1,-1
1128,37,935,692,124,96,1,-1,-1,-1
1129,37,934,692,125,96,1,-1,-1,-1
1130,37,935,692,124,96,1,-1,-1,-1
1131,37,934,692,124,96,1,-1,-1,-1
1132,37,935,692,124,96,1,-1,-1,-1
1133,37,935,692,124,96,1,-1,-1,-1
1134,37,935,692,124,96,1,-1,-1,-1
1135,37,935,692,124,96,1,-1,-1,-1
1136,37,935,692,124,96,1,-1,-1,-1
1137,37,934,692,125,96,1,-1,-1,-1
1138,37,934,692,125,96,1,-1,-1,-1
1139,37,934,692,125,96,1,-1,-1,-1
1140,37,934,692,125,96,1,-1,-1,-1
1141,37,935,693,125,96,1,-1,-1,-1
1142,37,935,693,124,96,1,-1,-1,-1
1143,37,935,692,124,96,1,-1,-1,-1
1144,37,935,692,124,96,1,-1,-1,-1
1145,37,935,692,124,96,1,-1,-1,-1
1146,37,935,692,124,96,1,-1,-1,-1
1147,37,935,692,124,95,1,-1,-1,-1
1148,37,935,693,124,96,1,-1,-1,-1
1149,37,935,693,124,96,1,-1,-1,-1
1150,37,935,693,124,96,1,-1,-1,-1
1151,37,935,693,124,96,1,-1,-1,-1
1152,37,935,693,124,96,1,-1,-1,-1
1153,37,935,692,123,96,1,-1,-1,-1
1154,37,935,692,123,96,1,-1,-1,-1
1155,37,935,692,123,96,1,-1,-1,-1
1156,37,935,692,123,95,1,-1,-1,-1
1157,37,935,692,123,95,1,-1,-1,-1
1158,37,935,692,123,95,1,-1,-1,-1
1159,37,935,692,123,95,1,-1,-1,-1
1160,37,935,692,123,95,1,-1,-1,-1
1161,37,935,692,123,95,1,-1,-1,-1
1162,37,935,693,123,95,1,-1,-1,-1
1163,37,935,692,123,95,1,-1,-1,-1
1164,37,935,692,123,95,1,-1,-1,-1
1165,37,935,692,124,96,1,-1,-1,-1
1166,37,935,692,124,96,1,-1,-1,-1
1167,37,935,692,124,96,1,-1,-1,-1
1168,37,935,692,124,96,1,-1,-1,-1
1169,37,935,692,124,96,1,-1,-1,-1
1170,37,935,692,124,96,1,-1,-1,-1
1171,37,935,692,124,96,1,-1,-1,-1
1172,37,935,693,124,96,1,-1,-1,-1
1173,37,935,692,124,96,1,-1,-1,-1
1174,37,935,692,124,96,1,-1,-1,-1
1175,37,935,692,124,96,1,-1,-1,-1
1176,37,935,693,123,96,1,-1,-1,-1
1177,37,935,692,124,96,1,-1,-1,-1
1178,37,935,692,124,96,1,-1,-1,-1
1179,37,935,692,124,96,1,-1,-1,-1
1180,37,935,692,124,96,1,-1,-1,-1
1181,37,935,692,124,96,1,-1,-1,-1
1182,37,935,692,123,96,1,-1,-1,-1
1183,37,935,692,123,96,1,-1,-1,-1
1184,37,935,692,123,96,1,-1,-1,-1
1185,37,935,692,123,96,1,-1,-1,-1
1186,37,935,692,123,96,1,-1,-1,-1
1187,37,935,692,123,96,1,-1,-1,-1
1188,37,935,692,123,96,1,-1,-1,-1
1189,37,936,692,123,96,1,-1,-1,-1
1190,37,936,692,123,96,1,-1,-1,-1
1191,37,935,692,123,96,1,-1,-1,-1
1192,37,936,693,123,96,1,-1,-1,-1
1193,37,936,693,123,95,1,-1,-1,-1
1194,37,936,693,123,95,1,-1,-1,-1
1195,37,936,693,123,95,1,-1,-1,-1
1196,37,936,693,123,95,1,-1,-1,-1
1197,37,936,693,123,95,1,-1,-1,-1
1198,37,936,693,123,95,1,-1,-1,-1
1199,37,936,693,123,95,1,-1,-1,-1
1200,37,936,693,123,95,1,-1,-1,-1
1201,37,936,693,122,95,1,-1,-1,-1
1202,37,936,693,122,95,1,-1,-1,-1
1203,37,936,693,122,95,1,-1,-1,-1
1204,37,936,693,122,95,1,-1,-1,-1
1205,37,936,693,122,95,1,-1,-1,-1
1206,37,936,693,122,95,1,-1,-1,-1
1207,37,936,693,122,95,1,-1,-1,-1
1208,37,936,693,122,95,1,-1,-1,-1
1209,37,936,693,122,95,1,-1,-1,-1
1210,37,936,693,122,95,1,-1,-1,-1
1211,37,936,693,122,95,1,-1,-1,-1
1212,37,936,693,122,95,1,-1,-1,-1
1213,37,935,693,123,95,1,-1,-1,-1
1214,37,935,693,123,95,1,-1,-1,-1
1215,37,935,693,123,95,1,-1,-1,-1
1216,37,935,693,123,95,1,-1,-1,-1
1217,37,935,693,124,95,1,-1,-1,-1
1218,37,935,693,124,95,1,-1,-1,-1
1219,37,935,693,123,95,1,-1,-1,-1
1220,37,935,693,123,95,1,-1,-1,-1
1221,37,935,693,124,95,1,-1,-1,-1
1222,37,935,693,124,95,1,-1,-1,-1
1223,37,935,693,123,95,1,-1,-1,-1
1224,37,935,693,123,95,1,-1,-1,-1
1225,37,936,693,123,95,1,-1,-1,-1
1226,37,936,693,123,95,1,-1,-1,-1
1227,37,936,693,123,95,1,-1,-1,-1
1228,37,936,693,123,95,1,-1,-1,-1
1229,37,936,693,123,95,1,-1,-1,-1
1230,37,936,693,123,95,1,-1,-1,-1
1231,37,936,693,123,95,1,-1,-1,-1
1232,37,936,693,123,95,1,-1,-1,-1
1233,37,936,693,123,95,1,-1,-1,-1
1234,37,936,693,123,95,1,-1,-1,-1
1235,37,936,693,123,95,1,-1,-1,-1
1236,37,936,693,123,95,1,-1,-1,-1
1237,37,935,693,123,95,1,-1,-1,-1
1238,37,935,693,123,95,1,-1,-1,-1
1239,37,935,693,123,95,1,-1,-1,-1
1240,37,935,693,123,95,1,-1,-1,-1
1241,37,935,693,123,95,1,-1,-1,-1
1242,37,935,693,123,95,1,-1,-1,-1
1243,37,936,693,123,95,1,-1,-1,-1
1244,37,936,693,123,95,1,-1,-1,-1
1245,37,936,693,123,95,1,-1,-1,-1
1246,37,936,693,123,95,1,-1,-1,-1
1247,37,935,693,123,95,1,-1,-1,-1
1248,37,935,693,123,95,1,-1,-1,-1
1249,37,935,693,123,95,1,-1,-1,-1
1250,37,935,693,123,95,1,-1,-1,-1
1251,37,936,693,123,95,1,-1,-1,-1
1252,37,936,693,123,95,1,-1,-1,-1
1253,37,936,693,123,95,1,-1,-1,-1
1254,37,936,693,123,95,1,-1,-1,-1
1255,37,936,693,123,95,1,-1,-1,-1
1256,37,936,693,123,95,1,-1,-1,-1
1257,37,936,693,123,95,1,-1,-1,-1
1258,37,936,693,123,95,1,-1,-1,-1
1259,37,936,693,123,95,1,-1,-1,-1
1260,37,936,693,123,95,1,-1,-1,-1
1261,37,936,693,122,95,1,-1,-1,-1
1262,37,935,693,123,95,1,-1,-1,-1
1263,37,935,693,123,95,1,-1,-1,-1
1264,37,935,693,123,95,1,-1,-1,-1
1265,37,935,693,123,95,1,-1,-1,-1
1266,37,935,693,123,95,1,-1,-1,-1
1267,37,935,693,123,95,1,-1,-1,-1
1268,37,935,693,123,95,1,-1,-1,-1
1269,37,935,693,123,95,1,-1,-1,-1
1270,37,935,693,123,95,1,-1,-1,-1
1271,37,935,693,123,95,1,-1,-1,-1
1272,37,935,693,123,95,1,-1,-1,-1
1273,37,935,693,124,96,1,-1,-1,-1
1274,37,935,693,124,96,1,-1,-1,-1
1275,37,935,693,124,96,1,-1,-1,-1
1276,37,934,693,124,96,1,-1,-1,-1
1277,37,934,693,124,96,1,-1,-1,-1
1278,37,934,693,124,96,1,-1,-1,-1
1279,37,934,693,124,96,1,-1,-1,-1
1280,37,934,693,124,96,1,-1,-1,-1
1281,37,934,693,124,96,1,-1,-1,-1
1282,37,935,693,123,96,1,-1,-1,-1
1283,37,935,693,123,96,1,-1,-1,-1
1284,37,935,693,123,96,1,-1,-1,-1
1285,37,935,693,123,96,1,-1,-1,-1
1286,37,935,693,123,96,1,-1,-1,-1
1287,37,935,693,123,96,1,-1,-1,-1
1288,37,935,693,123,96,1,-1,-1,-1
1289,37,935,693,123,96,1,-1,-1,-1
1290,37,935,693,123,96,1,-1,-1,-1
1291,37,935,693,123,96,1,-1,-1,-1
1292,37,935,693,123,96,1,-1,-1,-1
1293,37,935,693,123,96,1,-1,-1,-1
1294,37,935,693,123,96,1,-1,-1,-1
1295,37,935,693,123,96,1,-1,-1,-1
1296,37,935,693,123,96,1,-1,-1,-1
1297,37,935,693,124,96,1,-1,-1,-1
1298,37,935,693,123,96,1,-1,-1,-1
1299,37,935,693,123,96,1,-1,-1,-1
1300,37,935,693,124,96,1,-1,-1,-1
1301,37,935,693,123,96,1,-1,-1,-1
1302,37,935,693,123,96,1,-1,-1,-1
1303,37,935,693,123,96,1,-1,-1,-1
1304,37,935,693,123,96,1,-1,-1,-1
1305,37,935,693,123,96,1,-1,-1,-1
1306,37,935,693,123,96,1,-1,-1,-1
1307,37,935,693,123,96,1,-1,-1,-1
1308,37,935,693,123,96,1,-1,-1,-1
1309,37,935,693,123,96,1,-1,-1,-1
1310,37,935,693,123,96,1,-1,-1,-1
1311,37,935,693,123,96,1,-1,-1,-1
1312,37,935,693,123,96,1,-1,-1,-1
1313,37,935,693,123,96,1,-1,-1,-1
1314,37,935,693,123,96,1,-1,-1,-1
1315,37,935,693,123,96,1,-1,-1,-1
1316,37,935,693,123,96,1,-1,-1,-1
1317,37,935,693,123,96,1,-1,-1,-1
1318,37,935,693,123,96,1,-1,-1,-1
1319,37,935,693,123,96,1,-1,-1,-1
1320,37,935,693,123,96,1,-1,-1,-1
1321,37,935,693,123,96,1,-1,-1,-1
1322,37,935,693,123,96,1,-1,-1,-1
1323,37,935,693,123,96,1,-1,-1,-1
1324,37,935,693,123,96,1,-1,-1,-1
1325,37,935,693,123,96,1,-1,-1,-1
1326,37,935,693,123,96,1,-1,-1,-1
1327,37,935,693,123,96,1,-1,-1,-1
1328,37,936,693,123,96,1,-1,-1,-1
1329,37,936,693,123,96,1,-1,-1,-1
1330,37,936,693,123,96,1,-1,-1,-1
1331,37,936,693,123,96,1,-1,-1,-1
1332,37,935,693,123,96,1,-1,-1,-1
1333,37,935,693,123,96,1,-1,-1,-1
1334,37,935,693,123,96,1,-1,-1,-1
1335,37,935,693,123,96,1,-1,-1,-1
1336,37,935,693,123,96,1,-1,-1,-1
1337,37,935,693,123,96,1,-1,-1,-1
1338,37,935,693,123,96,1,-1,-1,-1
1339,37,935,693,123,96,1,-1,-1,-1
1340,37,935,693,123,96,1,-1,-1,-1
1341,37,935,693,123,96,1,-1,-1,-1
1342,37,935,693,123,96,1,-1,-1,-1
1343,37,935,693,123,96,1,-1,-1,-1
1344,37,935,693,123,96,1,-1,-1,-1
1345,37,935,693,123,96,1,-1,-1,-1
1346,37,935,693,123,96,1,-1,-1,-1
1347,37,935,693,123,96,1,-1,-1,-1
1348,37,935,693,123,96,1,-1,-1,-1
1349,37,935,693,123,96,1,-1,-1,-1
1350,37,935,693,123,96,1,-1,-1,-1
1351,37,935,693,123,96,1,-1,-1,-1
1352,37,935,693,123,96,1,-1,-1,-1
1353,37,935,693,123,96,1,-1,-1,-1
1354,37,935,693,123,96,1,-1,-1,-1
1355,37,935,693,123,96,1,-1,-1,-1
1356,37,935,693,123,96,1,-1,-1,-1
1357,37,935,693,123,96,1,-1,-1,-1
1358,37,935,693,123,96,1,-1,-1,-1
1359,37,935,693,123,96,1,-1,-1,-1
1360,37,935,693,123,96,1,-1,-1,-1
1361,37,935,693,123,96,1,-1,-1,-1
1362,37,935,693,123,96,1,-1,-1,-1
1363,37,935,693,123,96,1,-1,-1,-1
1364,37,935,693,123,96,1,-1,-1,-1
1365,37,935,693,123,96,1,-1,-1,-1
1366,37,935,692,124,96,1,-1,-1,-1
1367,37,935,692,124,96,1,-1,-1,-1
1368,37,935,692,124,96,1,-1,-1,-1
1369,37,935,692,123,96,1,-1,-1,-1
1370,37,935,693,123,96,1,-1,-1,-1
1371,37,935,693,123,96,1,-1,-1,-1
1372,37,935,693,123,96,1,-1,-1,-1
1373,37,935,693,123,96,1,-1,-1,-1
1374,37,935,692,124,96,1,-1,-1,-1
1375,37,935,692,124,96,1,-1,-1,-1
1376,37,935,692,124,96,1,-1,-1,-1
1377,37,935,692,124,96,1,-1,-1,-1
1378,37,935,692,124,96,1,-1,-1,-1
1379,37,935,692,124,96,1,-1,-1,-1
1380,37,935,692,124,96,1,-1,-1,-1
1381,37,935,692,124,96,1,-1,-1,-1
1382,37,935,692,123,96,1,-1,-1,-1
1383,37,935,692,123,96,1,-1,-1,-1
1384,37,935,692,124,97,1,-1,-1,-1
1385,37,935,692,124,97,1,-1,-1,-1
1386,37,935,692,124,96,1,-1,-1,-1
1387,37,935,692,124,96,1,-1,-1,-1
1388,37,935,692,124,96,1,-1,-1,-1
1389,37,935,692,124,96,1,-1,-1,-1
1390,37,935,692,124,96,1,-1,-1,-1
1391,37,935,692,124,96,1,-1,-1,-1
1392,37,935,693,123,96,1,-1,-1,-1
1393,37,935,692,124,96,1,-1,-1,-1
1394,37,935,692,124,96,1,-1,-1,-1
1395,37,935,692,124,96,1,-1,-1,-1
1396,37,935,692,124,96,1,-1,-1,-1
1397,37,935,692,124,96,1,-1,-1,-1
1398,37,935,692,124,96,1,-1,-1,-1
1399,37,935,692,124,96,1,-1,-1,-1
1400,37,935,692,124,96,1,-1,-1,-1
1401,37,935,692,124,96,1,-1,-1,-1
1402,37,935,693,124,96,1,-1,-1,-1
1403,37,934,693,124,96,1,-1,-1,-1
1404,37,935,693,124,96,1,-1,-1,-1
1405,37,935,692,123,96,1,-1,-1,-1
1406,37,935,692,123,96,1,-1,-1,-1
1407,37,935,692,123,96,1,-1,-1,-1
1408,37,935,692,123,96,1,-1,-1,-1
1409,37,935,692,123,96,1,-1,-1,-1
1410,37,935,692,123,96,1,-1,-1,-1
1411,37,935,692,124,96,1,-1,-1,-1
1412,37,935,692,123,96,1,-1,-1,-1
1413,37,935,692,124,96,1,-1,-1,-1
1414,37,935,692,124,96,1,-1,-1,-1
1415,37,935,692,124,96,1,-1,-1,-1
1416,37,935,692,124,96,1,-1,-1,-1
1417,37,934,692,124,96,1,-1,-1,-1
1418,37,934,692,124,96,1,-1,-1,-1
1419,37,934,692,124,96,1,-1,-1,-1
1420,37,934,692,124,96,1,-1,-1,-1
1421,37,934,692,124,96,1,-1,-1,-1
1422,37,934,692,124,95,1,-1,-1,-1
1423,37,934,692,124,96,1,-1,-1,-1
1424,37,934,692,124,96,1,-1,-1,-1
1425,37,935,692,124,96,1,-1,-1,-1
1426,37,934,692,124,96,1,-1,-1,-1
1427,37,935,692,124,96,1,-1,-1,-1
1428,37,935,693,124,95,1,-1,-1,-1
1429,37,935,693,124,96,1,-1,-1,-1
1430,37,935,693,124,96,1,-1,-1,-1
1431,37,935,693,124,96,1,-1,-1,-1
1432,37,935,693,124,96,1,-1,-1,-1
1433,37,935,693,124,96,1,-1,-1,-1
1434,37,935,693,124,96,1,-1,-1,-1
1435,37,935,693,124,96,1,-1,-1,-1
1436,37,935,693,124,96,1,-1,-1,-1
1437,37,935,693,124,96,1,-1,-1,-1
1438,37,935,693,124,96,1,-1,-1,-1
1439,37,935,693,124,96,1,-1,-1,-1
1440,37,935,693,124,96,1,-1,-1,-1
1441,37,935,693,123,96,1,-1,-1,-1
1442,37,934,692,124,96,1,-1,-1,-1
1443,37,935,692,124,96,1,-1,-1,-1
1444,37,935,692,124,96,1,-1,-1,-1
1445,37,935,692,124,96,1,-1,-1,-1
1446,37,935,692,124,96,1,-1,-1,-1
1447,37,934,692,124,96,1,-1,-1,-1
1448,37,935,692,124,96,1,-1,-1,-1
1449,37,934,692,124,96,1,-1,-1,-1
1450,37,934,692,124,96,1,-1,-1,-1
1451,37,934,692,124,96,1,-1,-1,-1
1452,37,935,693,124,96,1,-1,-1,-1
1453,37,935,692,123,96,1,-1,-1,-1
1454,37,935,692,123,96,1,-1,-1,-1
1455,37,935,692,123,96,1,-1,-1,-1
1456,37,935,692,123,96,1,-1,-1,-1
1457,37,935,692,123,96,1,-1,-1,-1
1458,37,935,692,123,96,1,-1,-1,-1
1459,37,935,692,123,96,1,-1,-1,-1
1460,37,935,692,123,96,1,-1,-1,-1
1461,37,935,692,123,96,1,-1,-1,-1
1462,37,935,692,124,96,1,-1,-1,-1
1463,37,935,692,124,96,1,-1,-1,-1
1464,37,935,692,124,96,1,-1,-1,-1
1465,37,935,692,124,96,1,-1,-1,-1
1466,37,935,692,124,96,1,-1,-1,-1
1467,37,935,692,124,96,1,-1,-1,-1
1468,37,935,692,124,96,1,-1,-1,-1
1469,37,935,692,124,96,1,-1,-1,-1
1470,37,935,692,124,96,1,-1,-1,-1
1471,37,935,692,124,96,1,-1,-1,-1
1472,37,935,692,124,96,1,-1,-1,-1
1473,37,935,692,124,96,1,-1,-1,-1
1474,37,935,692,124,96,1,-1,-1,-1
1475,37,935,692,124,96,1,-1,-1,-1
1476,37,935,692,124,96,1,-1,-1,-1
1477,37,935,692,124,96,1,-1,-1,-1
1478,37,935,692,124,96,1,-1,-1,-1
1479,37,935,692,124,96,1,-1,-1,-1
1480,37,935,692,124,96,1,-1,-1,-1
1481,37,935,692,124,96,1,-1,-1,-1
1482,37,935,692,124,96,1,-1,-1,-1
1483,37,935,692,124,96,1,-1,-1,-1
1484,37,935,692,124,96,1,-1,-1,-1
1485,37,935,692,124,96,1,-1,-1,-1
1486,37,935,693,124,96,1,-1,-1,-1
1487,37,935,692,124,96,1,-1,-1,-1
1488,37,935,692,124,96,1,-1,-1,-1
1489,37,935,692,124,97,1,-1,-1,-1
1490,37,935,692,124,96,1,-1,-1,-1
1491,37,935,692,124,97,1,-1,-1,-1
1492,37,935,692,124,96,1,-1,-1,-1
1493,37,935,692,124,96,1,-1,-1,-1
1494,37,935,692,124,96,1,-1,-1,-1
1495,37,935,692,124,96,1,-1,-1,-1
1496,37,935,692,124,96,1,-1,-1,-1
1497,37,935,692,124,96,1,-1,-1,-1
1498,37,935,692,124,96,1,-1,-1,-1
1499,37,935,692,124,96,1,-1,-1,-1
1500,37,935,692,124,96,1,-1,-1,-1
1501,37,934,692,125,96,1,-1,-1,-1
1502,37,935,693,124,96,1,-1,-1,-1
1503,37,935,693,124,96,1,-1,-1,-1
1504,37,935,693,124,96,1,-1,-1,-1
1505,37,935,693,124,96,1,-1,-1,-1
1506,37,935,693,124,96,1,-1,-1,-1
1507,37,935,693,124,96,1,-1,-1,-1
1508,37,935,693,124,96,1,-1,-1,-1
1509,37,935,693,124,96,1,-1,-1,-1
1510,37,935,693,124,96,1,-1,-1,-1
1511,37,935,692,124,96,1,-1,-1,-1
1512,37,935,692,124,97,1,-1,-1,-1
1513,37,936,692,124,97,1,-1,-1,-1
1514,37,936,692,124,97,1,-1,-1,-1
1515,37,936,692,124,97,1,-1,-1,-1
1516,37,936,692,124,97,1,-1,-1,-1
1517,37,936,692,124,97,1,-1,-1,-1
1518,37,936,692,124,97,1,-1,-1,-1
1519,37,936,692,124,97,1,-1,-1,-1
1520,37,936,692,124,97,1,-1,-1,-1
1521,37,936,692,124,97,1,-1,-1,-1
1522,37,936,692,124,97,1,-1,-1,-1
1523,37,936,692,124,97,1,-1,-1,-1
1524,37,936,692,124,97,1,-1,-1,-1
1525,37,936,692,124,97,1,-1,-1,-1
1526,37,936,692,124,97,1,-1,-1,-1
1527,37,936,692,124,97,1,-1,-1,-1
1528,37,936,692,124,97,1,-1,-1,-1
1529,37,936,692,124,97,1,-1,-1,-1
1530,37,936,692,124,96,1,-1,-1,-1
1531,37,936,692,124,97,1,-1,-1,-1
1532,37,936,692,123,96,1,-1,-1,-1
1533,37,936,692,123,97,1,-1,-1,-1
1534,37,936,692,123,97,1,-1,-1,-1
1535,37,936,692,123,97,1,-1,-1,-1
1536,37,936,692,123,97,1,-1,-1,-1
1537,37,936,692,124,97,1,-1,-1,-1
1538,37,936,692,123,97,1,-1,-1,-1
1539,37,936,692,123,97,1,-1,-1,-1
1540,37,936,692,123,97,1,-1,-1,-1
1541,37,936,692,123,97,1,-1,-1,-1
1542,37,936,692,123,97,1,-1,-1,-1
1543,37,936,692,123,97,1,-1,-1,-1
1544,37,936,692,123,97,1,-1,-1,-1
1545,37,936,692,123,97,1,-1,-1,-1
1546,37,936,692,123,97,1,-1,-1,-1
1547,37,936,692,123,97,1,-1,-1,-1
1548,37,936,692,123,96,1,-1,-1,-1
1549,37,936,692,124,97,1,-1,-1,-1
1550,37,935,692,124,97,1,-1,-1,-1
1551,37,935,692,124,97,1,-1,-1,-1
1552,37,935,692,123,96,1,-1,-1,-1
1553,37,935,692,124,96,1,-1,-1,-1
1554,37,936,692,123,96,1,-1,-1,-1
1555,37,935,692,124,96,1,-1,-1,-1
1556,37,936,692,123,96,1,-1,-1,-1
1557,37,936,692,123,96,1,-1,-1,-1
1558,37,936,692,123,96,1,-1,-1,-1
1559,37,936,692,123,96,1,-1,-1,-1
1560,37,936,692,123,96,1,-1,-1,-1
1561,37,935,692,124,96,1,-1,-1,-1
1562,37,935,692,123,96,1,-1,-1,-1
1563,37,935,692,124,96,1,-1,-1,-1
1564,37,935,692,124,96,1,-1,-1,-1
1565,37,935,692,124,96,1,-1,-1,-1
1566,37,935,692,124,96,1,-1,-1,-1
1567,37,935,692,123,96,1,-1,-1,-1
1568,37,935,692,124,96,1,-1,-1,-1
1569,37,935,692,124,96,1,-1,-1,-1
1570,37,935,692,124,96,1,-1,-1,-1
1571,37,935,692,124,96,1,-1,-1,-1
1572,37,935,692,124,96,1,-1,-1,-1
1573,37,935,692,124,96,1,-1,-1,-1
1574,37,935,692,124,96,1,-1,-1,-1
1575,37,935,692,124,96,1,-1,-1,-1
1576,37,935,692,124,96,1,-1,-1,-1
1577,37,935,692,124,96,1,-1,-1,-1
1578,37,935,692,124,96,1,-1,-1,-1
1579,37,935,692,124,96,1,-1,-1,-1
1580,37,935,692,124,96,1,-1,-1,-1
1581,37,935,692,124,96,1,-1,-1,-1
1582,37,935,692,124,96,1,-1,-1,-1
1583,37,935,692,124,96,1,-1,-1,-1
1584,37,935,692,124,96,1,-1,-1,-1
1585,37,935,692,124,96,1,-1,-1,-1
1586,37,935,692,124,96,1,-1,-1,-1
1587,37,935,692,124,96,1,-1,-1,-1
1588,37,935,692,124,96,1,-1,-1,-1
1589,37,935,692,124,96,1,-1,-1,-1
1590,37,935,692,124,96,1,-1,-1,-1
1591,37,935,692,124,96,1,-1,-1,-1
1592,37,935,692,124,96,1,-1,-1,-1
1593,37,936,692,123,96,1,-1,-1,-1
1594,37,936,692,123,96,1,-1,-1,-1
1595,37,936,692,123,96,1,-1,-1,-1
1596,37,936,692,123,96,1,-1,-1,-1
1597,37,936,692,123,96,1,-1,-1,-1
1598,37,936,692,123,96,1,-1,-1,-1
1599,37,936,692,123,97,1,-1,-1,-1
1600,37,936,692,123,97,1,-1,-1,-1
1601,37,936,692,123,97,1,-1,-1,-1
1602,37,936,692,123,97,1,-1,-1,-1
1603,37,936,692,123,97,1,-1,-1,-1
1604,37,936,692,123,97,1,-1,-1,-1
1605,37,936,692,123,97,1,-1,-1,-1
1606,37,936,692,123,97,1,-1,-1,-1
1607,37,936,692,123,97,1,-1,-1,-1
1608,37,936,692,123,97,1,-1,-1,-1
1609,37,936,692,123,97,1,-1,-1,-1
1610,37,936,692,123,97,1,-1,-1,-1
1611,37,936,692,123,97,1,-1,-1,-1
1612,37,936,692,123,97,1,-1,-1,-1
1613,37,936,692,123,97,1,-1,-1,-1
1614,37,936,692,123,97,1,-1,-1,-1
1615,37,936,692,123,97,1,-1,-1,-1
1616,37,936,692,123,97,1,-1,-1,-1
1617,37,936,692,123,97,1,-1,-1,-1
1618,37,936,692,123,96,1,-1,-1,-1
1619,37,936,692,123,96,1,-1,-1,-1
1620,37,936,692,123,96,1,-1,-1,-1
1621,37,935,692,124,97,1,-1,-1,-1
1622,37,935,692,124,97,1,-1,-1,-1
1623,37,935,692,124,97,1,-1,-1,-1
1624,37,935,692,124,97,1,-1,-1,-1
1625,37,935,692,124,97,1,-1,-1,-1
1626,37,935,692,124,97,1,-1,-1,-1
1627,37,935,692,124,97,1,-1,-1,-1
1628,37,935,692,124,97,1,-1,-1,-1
1629,37,935,692,124,96,1,-1,-1,-1
1630,37,936,692,123,96,1,-1,-1,-1
1631,37,936,693,123,96,1,-1,-1,-1
1632,37,936,692,123,96,1,-1,-1,-1
1633,37,936,693,123,96,1,-1,-1,-1
1634,37,936,693,123,96,1,-1,-1,-1
1635,37,936,693,123,96,1,-1,-1,-1
1636,37,936,693,123,96,1,-1,-1,-1
1637,37,936,693,123,96,1,-1,-1,-1
1638,37,936,693,123,96,1,-1,-1,-1
1639,37,935,693,124,96,1,-1,-1,-1
1640,37,935,692,124,96,1,-1,-1,-1
1641,37,935,692,124,96,1,-1,-1,-1
1642,37,935,693,124,96,1,-1,-1,-1
1643,37,935,693,124,96,1,-1,-1,-1
1644,37,935,693,124,96,1,-1,-1,-1
1645,37,934,692,125,97,1,-1,-1,-1
1646,37,934,692,125,97,1,-1,-1,-1
1647,37,934,692,125,97,1,-1,-1,-1
1648,37,934,692,125,97,1,-1,-1,-1
1649,37,935,692,124,96,1,-1,-1,-1
1650,37,935,693,124,96,1,-1,-1,-1
1651,37,936,693,123,96,1,-1,-1,-1
1652,37,936,693,123,96,1,-1,-1,-1
1653,37,935,693,124,96,1,-1,-1,-1
1654,37,935,693,124,96,1,-1,-1,-1
1655,37,935,693,124,96,1,-1,-1,-1
1656,37,936,693,123,96,1,-1,-1,-1
1657,37,935,692,124,96,1,-1,-1,-1
1658,37,935,692,124,96,1,-1,-1,-1
1659,37,935,692,124,96,1,-1,-1,-1
1660,37,935,692,124,96,1,-1,-1,-1
1661,37,935,692,124,96,1,-1,-1,-1
1662,37,935,692,124,96,1,-1,-1,-1
1663,37,935,692,124,96,1,-1,-1,-1
1664,37,935,692,124,96,1,-1,-1,-1
1665,37,935,692,124,96,1,-1,-1,-1
1666,37,935,692,124,96,1,-1,-1,-1
1667,37,935,692,124,96,1,-1,-1,-1
1668,37,935,692,124,96,1,-1,-1,-1
1669,37,935,693,124,96,1,-1,-1,-1
1670,37,935,693,124,96,1,-1,-1,-1
1671,37,935,692,124,96,1,-1,-1,-1
1672,37,935,692,124,96,1,-1,-1,-1
1673,37,935,692,124,96,1,-1,-1,-1
1674,37,935,692,124,96,1,-1,-1,-1
1675,37,935,692,124,96,1,-1,-1,-1
1676,37,935,692,124,96,1,-1,-1,-1
1677,37,935,692,124,96,1,-1,-1,-1
1678,37,935,692,124,96,1,-1,-1,-1
1679,37,936,693,123,96,1,-1,-1,-1
1680,37,936,693,123,96,1,-1,-1,-1
1681,37,935,693,123,96,1,-1,-1,-1
1682,37,935,693,123,96,1,-1,-1,-1
1683,37,935,693,123,96,1,-1,-1,-1
1684,37,935,693,123,96,1,-1,-1,-1
1685,37,935,693,123,96,1,-1,-1,-1
1686,37,935,693,123,96,1,-1,-1,-1
1687,37,935,693,123,96,1,-1,-1,-1
1688,37,935,693,123,96,1,-1,-1,-1
1689,37,935,692,123,96,1,-1,-1,-1
1690,37,935,693,123,96,1,-1,-1,-1
1691,37,935,693,123,96,1,-1,-1,-1
1692,37,935,693,123,96,1,-1,-1,-1
1693,37,935,693,123,96,1,-1,-1,-1
1694,37,935,693,123,96,1,-1,-1,-1
1695,37,935,693,123,96,1,-1,-1,-1
1696,37,935,693,123,96,1,-1,-1,-1
1697,37,935,693,123,96,1,-1,-1,-1
1698,37,935,693,123,96,1,-1,-1,-1
1699,37,935,693,123,96,1,-1,-1,-1
1700,37,935,693,123,96,1,-1,-1,-1
1701,37,935,693,123,96,1,-1,-1,-1
1702,37,935,693,123,96,1,-1,-1,-1
1703,37,935,693,123,96,1,-1,-1,-1
1704,37,935,693,123,96,1,-1,-1,-1
1705,37,935,692,124,96,1,-1,-1,-1
1706,37,935,692,123,96,1,-1,-1,-1
1707,37,935,692,124,96,1,-1,-1,-1
1708,37,935,692,124,96,1,-1,-1,-1
1709,37,935,692,124,96,1,-1,-1,-1
1710,37,935,693,124,96,1,-1,-1,-1
1711,37,935,693,124,96,1,-1,-1,-1
1712,37,935,693,124,96,1,-1,-1,-1
1713,37,935,693,124,96,1,-1,-1,-1
1714,37,935,693,124,96,1,-1,-1,-1
1715,37,935,693,124,96,1,-1,-1,-1
1716,37,935,692,124,96,1,-1,-1,-1
1717,37,935,692,124,96,1,-1,-1,-1
1718,37,935,692,124,96,1,-1,-1,-1
1719,37,935,692,123,96,1,-1,-1,-1
1720,37,935,692,123,96,1,-1,-1,-1
1721,37,935,692,123,96,1,-1,-1,-1
1722,37,935,692,123,96,1,-1,-1,-1
1723,37,935,692,123,96,1,-1,-1,-1
1724,37,935,692,123,96,1,-1,-1,-1
1725,37,935,692,123,96,1,-1,-1,-1
1726,37,935,692,123,96,1,-1,-1,-1
1727,37,935,692,123,96,1,-1,-1,-1
1728,37,935,692,123,96,1,-1,-1,-1
1729,37,935,692,124,96,1,-1,-1,-1
1730,37,935,692,124,96,1,-1,-1,-1
1731,37,935,692,124,96,1,-1,-1,-1
1732,37,935,692,124,96,1,-1,-1,-1
1733,37,935,692,124,96,1,-1,-1,-1
1734,37,935,692,124,96,1,-1,-1,-1
1735,37,935,692,124,96,1,-1,-1,-1
1736,37,935,692,124,96,1,-1,-1,-1
1737,37,935,692,124,96,1,-1,-1,-1
1738,37,935,692,124,96,1,-1,-1,-1
1739,37,935,692,124,96,1,-1,-1,-1
1740,37,935,692,124,96,1,-1,-1,-1
1741,37,935,692,124,96,1,-1,-1,-1
1742,37,935,692,124,96,1,-1,-1,-1
1743,37,935,692,124,96,1,-1,-1,-1
1744,37,935,692,124,96,1,-1,-1,-1
1745,37,935,692,124,96,1,-1,-1,-1
1746,37,935,692,124,96,1,-1,-1,-1
1747,37,935,692,124,96,1,-1,-1,-1
1748,37,935,692,124,96,1,-1,-1,-1
1749,37,935,692,124,96,1,-1,-1,-1
1750,37,935,692,124,96,1,-1,-1,-1
1751,37,935,692,124,96,1,-1,-1,-1
1752,37,935,692,124,96,1,-1,-1,-1
1753,37,935,692,123,96,1,-1,-1,-1
1754,37,935,692,123,96,1,-1,-1,-1
1755,37,935,692,123,96,1,-1,-1,-1
1756,37,935,692,124,96,1,-1,-1,-1
1757,37,936,692,123,96,1,-1,-1,-1
1758,37,935,692,124,96,1,-1,-1,-1
1759,37,934,692,124,96,1,-1,-1,-1
1760,37,934,692,124,96,1,-1,-1,-1
1761,37,934,692,124,96,1,-1,-1,-1
1762,37,934,692,124,96,1,-1,-1,-1
1763,37,934,692,124,96,1,-1,-1,-1
1764,37,934,692,124,96,1,-1,-1,-1
1765,37,935,692,124,96,1,-1,-1,-1
1766,37,935,692,124,96,1,-1,-1,-1
1767,37,935,692,124,96,1,-1,-1,-1
1768,37,935,692,124,96,1,-1,-1,-1
1769,37,934,692,124,96,1,-1,-1,-1
1770,37,934,692,124,96,1,-1,-1,-1
1771,37,934,692,124,96,1,-1,-1,-1
1772,37,935,692,124,96,1,-1,-1,-1
1773,37,935,692,124,96,1,-1,-1,-1
1774,37,935,692,124,96,1,-1,-1,-1
1775,37,935,692,124,96,1,-1,-1,-1
1776,37,935,692,124,96,1,-1,-1,-1
1777,37,934,692,124,96,1,-1,-1,-1
1778,37,935,692,124,96,1,-1,-1,-1
1779,37,934,692,124,96,1,-1,-1,-1
1780,37,935,692,124,96,1,-1,-1,-1
1781,37,935,692,124,96,1,-1,-1,-1
1782,37,935,692,124,96,1,-1,-1,-1
1783,37,934,692,124,96,1,-1,-1,-1
1784,37,935,692,124,96,1,-1,-1,-1
1785,37,935,692,124,96,1,-1,-1,-1
1786,37,935,692,124,96,1,-1,-1,-1
1787,37,934,692,124,96,1,-1,-1,-1
1788,37,935,692,124,96,1,-1,-1,-1
1789,37,935,692,124,95,1,-1,-1,-1
1790,37,935,692,124,95,1,-1,-1,-1
1791,37,935,692,124,95,1,-1,-1,-1
1792,37,935,692,124,96,1,-1,-1,-1
1793,37,935,692,124,96,1,-1,-1,-1
1794,37,935,692,124,96,1,-1,-1,-1
1795,37,935,692,124,96,1,-1,-1,-1
1796,37,935,692,124,96,1,-1,-1,-1
1797,37,935,692,124,96,1,-1,-1,-1
1798,37,935,692,124,96,1,-1,-1,-1
1799,37,935,692,124,96,1,-1,-1,-1
1800,37,935,692,124,96,1,-1,-1,-1
1801,37,935,692,124,96,1,-1,-1,-1
1802,37,935,692,124,96,1,-1,-1,-1
1803,37,935,692,124,96,1,-1,-1,-1
1804,37,935,692,124,96,1,-1,-1,-1
1805,37,935,692,124,96,1,-1,-1,-1
1806,37,935,692,124,96,1,-1,-1,-1
1807,37,935,692,124,96,1,-1,-1,-1
1808,37,935,692,124,96,1,-1,-1,-1
1809,37,935,692,124,96,1,-1,-1,-1
1810,37,935,692,124,96,1,-1,-1,-1
1811,37,935,692,124,96,1,-1,-1,-1
1812,37,935,692,124,96,1,-1,-1,-1
1813,37,935,692,125,96,1,-1,-1,-1
1814,37,934,692,125,96,1,-1,-1,-1
1815,37,934,692,125,96,1,-1,-1,-1
1816,37,935,692,125,96,1,-1,-1,-1
1817,37,935,692,125,96,1,-1,-1,-1
1818,37,935,692,125,96,1,-1,-1,-1
1819,37,935,692,125,96,1,-1,-1,-1
1820,37,935,692,125,96,1,-1,-1,-1
1821,37,935,692,125,96,1,-1,-1,-1
1822,37,935,692,125,96,1,-1,-1,-1
1823,37,934,692,125,96,1,-1,-1,-1
1824,37,935,692,125,96,1,-1,-1,-1
1825,37,935,692,125,96,1,-1,-1,-1
1826,37,934,692,125,96,1,-1,-1,-1
1827,37,935,692,125,96,1,-1,-1,-1
1828,37,935,692,125,97,1,-1,-1,-1
1829,37,935,692,124,97,1,-1,-1,-1
1830,37,934,692,125,97,1,-1,-1,-1
1831,37,935,692,124,96,1,-1,-1,-1
1832,37,935,692,124,96,1,-1,-1,-1
1833,37,935,692,124,96,1,-1,-1,-1
1834,37,935,692,124,96,1,-1,-1,-1
1835,37,935,692,124,96,1,-1,-1,-1
1836,37,935,692,124,96,1,-1,-1,-1
1837,37,934,692,126,96,1,-1,-1,-1
1838,37,934,692,126,97,1,-1,-1,-1
1839,37,934,692,126,96,1,-1,-1,-1
1840,37,934,692,126,97,1,-1,-1,-1
1841,37,934,692,125,96,1,-1,-1,-1
1842,37,934,692,125,96,1,-1,-1,-1
1843,37,934,692,125,96,1,-1,-1,-1
1844,37,934,692,125,96,1,-1,-1,-1
1845,37,934,692,125,96,1,-1,-1,-1
1846,37,934,692,125,96,1,-1,-1,-1
1847,37,934,692,125,96,1,-1,-1,-1
1848,37,934,692,125,96,1,-1,-1,-1
1849,37,934,692,125,96,1,-1,-1,-1
1850,37,934,692,125,97,1,-1,-1,-1
1851,37,934,692,125,97,1,-1,-1,-1
1852,37,935,692,124,97,1,-1,-1,-1
1853,37,935,692,124,97,1,-1,-1,-1
1854,37,935,692,124,97,1,-1,-1,-1
1855,37,935,692,124,97,1,-1,-1,-1
1856,37,935,692,124,97,1,-1,-1,-1
1857,37,935,692,124,97,1,-1,-1,-1
1858,37,935,692,124,97,1,-1,-1,-1
1859,37,935,692,124,97,1,-1,-1,-1
1860,37,935,692,124,97,1,-1,-1,-1
1861,37,934,692,125,97,1,-1,-1,-1
1862,37,934,692,125,97,1,-1,-1,-1
1863,37,934,692,125,97,1,-1,-1,-1
1864,37,934,692,125,97,1,-1,-1,-1
1865,37,934,692,125,97,1,-1,-1,-1
1866,37,934,692,125,97,1,-1,-1,-1
1867,37,935,692,124,97,1,-1,-1,-1
1868,37,935,692,124,97,1,-1,-1,-1
1869,37,935,692,124,97,1,-1,-1,-1
1870,37,935,692,124,97,1,-1,-1,-1
1871,37,935,692,124,97,1,-1,-1,-1
1872,37,935,692,124,97,1,-1,-1,-1
1873,37,935,692,124,97,1,-1,-1,-1
1874,37,935,692,124,97,1,-1,-1,-1
1875,37,935,692,124,97,1,-1,-1,-1
1876,37,935,692,124,96,1,-1,-1,-1
1877,37,935,692,124,97,1,-1,-1,-1
1878,37,935,692,124,97,1,-1,-1,-1
1879,37,935,692,124,97,1,-1,-1,-1
1880,37,935,692,124,97,1,-1,-1,-1
1881,37,935,692,124,97,1,-1,-1,-1
1882,37,935,692,124,97,1,-1,-1,-1
1883,37,935,692,124,97,1,-1,-1,-1
1884,37,935,692,124,97,1,-1,-1,-1
1885,37,935,692,124,96,1,-1,-1,-1
1886,37,935,692,124,97,1,-1,-1,-1
1887,37,934,692,125,97,1,-1,-1,-1
1888,37,934,692,125,97,1,-1,-1,-1
1889,37,934,692,125,97,1,-1,-1,-1
1890,37,934,692,124,97,1,-1,-1,-1
1891,37,935,692,124,97,1,-1,-1,-1
1892,37,934,692,125,97,1,-1,-1,-1
1893,37,934,692,125,96,1,-1,-1,-1
1894,37,934,692,125,97,1,-1,-1,-1
1895,37,934,692,125,97,1,-1,-1,-1
1896,37,934,692,125,97,1,-1,-1,-1
1897,37,935,692,124,97,1,-1,-1,-1
1898,37,935,692,124,97,1,-1,-1,-1
1899,37,935,692,124,97,1,-1,-1,-1
1900,37,935,692,124,97,1,-1,-1,-1
1901,37,935,692,124,97,1,-1,-1,-1
1902,37,935,692,124,97,1,-1,-1,-1
1903,37,935,692,125,97,1,-1,-1,-1
1904,37,935,692,124,97,1,-1,-1,-1
1905,37,935,692,124,97,1,-1,-1,-1
1906,37,935,692,124,97,1,-1,-1,-1
1907,37,935,692,125,96,1,-1,-1,-1
1908,37,935,692,125,96,1,-1,-1,-1
1909,37,934,692,125,96,1,-1,-1,-1
1910,37,934,692,125,96,1,-1,-1,-1
1911,37,934,692,125,96,1,-1,-1,-1
1912,37,934,692,125,96,1,-1,-1,-1
1913,37,934,692,125,96,1,-1,-1,-1
1914,37,934,692,125,96,1,-1,-1,-1
1915,37,935,692,125,96,1,-1,-1,-1
1916,37,934,692,125,96,1,-1,-1,-1
1917,37,934,692,125,96,1,-1,-1,-1
1918,37,934,692,125,96,1,-1,-1,-1
1919,37,934,692,125,96,1,-1,-1,-1
1920,37,935,692,125,96,1,-1,-1,-1
1921,37,934,692,125,97,1,-1,-1,-1
1922,37,934,692,125,97,1,-1,-1,-1
1923,37,934,692,125,97,1,-1,-1,-1
1924,37,934,692,125,97,1,-1,-1,-1
1925,37,934,692,125,97,1,-1,-1,-1
1926,37,934,692,125,97,1,-1,-1,-1
1927,37,934,692,126,96,1,-1,-1,-1
1928,37,934,692,126,96,1,-1,-1,-1
1929,37,934,692,126,96,1,-1,-1,-1
1930,37,934,692,126,96,1,-1,-1,-1
1931,37,934,692,126,96,1,-1,-1,-1
1932,37,934,692,126,96,1,-1,-1,-1
1933,37,935,693,125,96,1,-1,-1,-1
1934,37,935,693,125,96,1,-1,-1,-1
1935,37,934,692,125,96,1,-1,-1,-1
1936,37,934,693,125,96,1,-1,-1,-1
1937,37,934,692,125,96,1,-1,-1,-1
1938,37,934,692,125,96,1,-1,-1,-1
1939,37,934,692,125,96,1,-1,-1,-1
1940,37,934,692,125,96,1,-1,-1,-1
1941,37,934,692,125,96,1,-1,-1,-1
1942,37,934,692,125,96,1,-1,-1,-1
1943,37,934,692,125,96,1,-1,-1,-1
1944,37,934,693,125,96,1,-1,-1,-1
1945,37,934,692,125,96,1,-1,-1,-1
1946,37,934,692,125,96,1,-1,-1,-1
1947,37,934,692,125,96,1,-1,-1,-1
1948,37,934,691,126,98,1,-1,-1,-1
1949,37,934,692,125,96,1,-1,-1,-1
1950,37,934,691,126,98,1,-1,-1,-1
1951,37,934,691,126,98,1,-1,-1,-1
1952,37,934,691,126,98,1,-1,-1,-1
1953,37,934,691,126,98,1,-1,-1,-1
1954,37,934,691,126,98,1,-1,-1,-1
1955,37,934,691,126,98,1,-1,-1,-1
1956,37,934,691,126,98,1,-1,-1,-1
1957,37,934,692,125,96,1,-1,-1,-1
1958,37,934,692,125,96,1,-1,-1,-1
1959,37,934,692,125,96,1,-1,-1,-1
1960,37,935,692,125,96,1,-1,-1,-1
1961,37,934,692,125,96,1,-1,-1,-1
1962,37,934,692,126,96,1,-1,-1,-1
1963,37,934,692,125,96,1,-1,-1,-1
1964,37,934,692,125,96,1,-1,-1,-1
1965,37,934,692,125,96,1,-1,-1,-1
1966,37,934,692,125,96,1,-1,-1,-1
1967,37,934,692,125,97,1,-1,-1,-1
1968,37,934,692,125,97,1,-1,-1,-1
1969,37,933,692,125,96,1,-1,-1,-1
1970,37,934,692,125,96,1,-1,-1,-1
1971,37,934,692,125,97,1,-1,-1,-1
1972,37,933,692,125,96,1,-1,-1,-1
1973,37,934,692,125,96,1,-1,-1,-1
1974,37,933,692,125,97,1,-1,-1,-1
1975,37,933,692,125,97,1,-1,-1,-1
1976,37,933,692,125,97,1,-1,-1,-1
1977,37,934,693,125,96,1,-1,-1,-1
1978,37,934,693,125,96,1,-1,-1,-1
1979,37,934,693,125,96,1,-1,-1,-1
1980,37,934,692,125,96,1,-1,-1,-1
1981,37,933,692,126,96,1,-1,-1,-1
1982,37,934,692,126,96,1,-1,-1,-1
1983,37,934,692,125,96,1,-1,-1,-1
1984,37,934,693,125,96,1,-1,-1,-1
1985,37,934,693,125,96,1,-1,-1,-1
1986,37,934,692,125,96,1,-1,-1,-1
1987,37,934,692,125,96,1,-1,-1,-1
1988,37,934,692,125,97,1,-1,-1,-1
1989,37,934,692,125,97,1,-1,-1,-1
1990,37,934,692,125,97,1,-1,-1,-1
1991,37,934,692,125,97,1,-1,-1,-1
1992,37,934,692,125,96,1,-1,-1,-1
1993,37,934,692,125,96,1,-1,-1,-1
1994,37,934,692,125,96,1,-1,-1,-1
1995,37,935,692,125,96,1,-1,-1,-1
1996,37,935,692,124,96,1,-1,-1,-1
1997,37,935,693,124,96,1,-1,-1,-1
1998,37,935,693,124,96,1,-1,-1,-1
1999,37,935,693,124,96,1,-1,-1,-1
2000,37,935,693,124,96,1,-1,-1,-1
2001,37,935,692,124,96,1,-1,-1,-1
2002,37,935,692,124,96,1,-1,-1,-1
2003,37,935,692,124,96,1,-1,-1,-1
2004,37,935,692,124,96,1,-1,-1,-1
2005,37,935,693,123,96,1,-1,-1,-1
2006,37,935,692,123,96,1,-1,-1,-1
2007,37,936,693,122,96,1,-1,-1,-1
2008,37,936,693,122,96,1,-1,-1,-1
2009,37,936,693,122,96,1,-1,-1,-1
2010,37,936,693,122,96,1,-1,-1,-1
2011,37,936,693,122,96,1,-1,-1,-1
2012,37,936,693,123,96,1,-1,-1,-1
2013,37,936,693,122,96,1,-1,-1,-1
2014,37,936,693,122,96,1,-1,-1,-1
2015,37,936,693,123,96,1,-1,-1,-1
2016,37,936,693,123,96,1,-1,-1,-1
2017,37,935,692,124,96,1,-1,-1,-1
2018,37,935,692,124,96,1,-1,-1,-1
2019,37,935,692,124,96,1,-1,-1,-1
2020,37,935,692,124,96,1,-1,-1,-1
2021,37,935,692,124,96,1,-1,-1,-1
2022,37,935,692,124,96,1,-1,-1,-1
2023,37,935,692,124,96,1,-1,-1,-1
2024,37,935,692,124,96,1,-1,-1,-1
2025,37,935,692,124,96,1,-1,-1,-1
2026,37,935,692,124,96,1,-1,-1,-1
2027,37,935,692,124,96,1,-1,-1,-1
2028,37,935,692,124,97,1,-1,-1,-1
2029,37,936,693,123,96,1,-1,-1,-1
2030,37,936,693,123,96,1,-1,-1,-1
2031,37,936,693,123,96,1,-1,-1,-1
2032,37,936,693,123,96,1,-1,-1,-1
2033,37,936,693,123,96,1,-1,-1,-1
2034,37,936,693,123,96,1,-1,-1,-1
2035,37,936,693,123,96,1,-1,-1,-1
2036,37,936,693,123,96,1,-1,-1,-1
2037,37,936,693,123,96,1,-1,-1,-1
2038,37,936,693,123,96,1,-1,-1,-1
2039,37,936,693,123,96,1,-1,-1,-1
2040,37,936,693,123,96,1,-1,-1,-1
2041,37,936,693,123,96,1,-1,-1,-1
2042,37,936,693,123,96,1,-1,-1,-1
2043,37,936,693,123,95,1,-1,-1,-1
2044,37,936,693,123,95,1,-1,-1,-1
2045,37,936,693,123,95,1,-1,-1,-1
2046,37,936,693,123,96,1,-1,-1,-1
2047,37,936,693,123,96,1,-1,-1,-1
2048,37,936,693,123,96,1,-1,-1,-1
2049,37,936,693,123,96,1,-1,-1,-1
2050,37,936,693,123,96,1,-1,-1,-1
2051,37,936,693,123,96,1,-1,-1,-1
2052,37,936,693,123,97,1,-1,-1,-1
2053,37,936,693,123,96,1,-1,-1,-1
2054,37,935,693,123,96,1,-1,-1,-1
2055,37,935,693,123,96,1,-1,-1,-1
2056,37,936,693,123,96,1,-1,-1,-1
2057,37,936,693,123,96,1,-1,-1,-1
2058,37,936,693,123,96,1,-1,-1,-1
2059,37,936,693,123,96,1,-1,-1,-1
2060,37,936,693,123,96,1,-1,-1,-1
2061,37,936,693,123,95,1,-1,-1,-1
2062,37,936,693,123,95,1,-1,-1,-1
2063,37,936,693,123,95,1,-1,-1,-1
2064,37,936,693,123,96,1,-1,-1,-1
2065,37,936,694,123,95,1,-1,-1,-1
2066,37,936,693,123,95,1,-1,-1,-1
2067,37,936,693,124,96,1,-1,-1,-1
2068,37,936,693,123,96,1,-1,-1,-1
2069,37,936,693,123,96,1,-1,-1,-1
2070,37,936,693,123,96,1,-1,-1,-1
2071,37,936,693,123,96,1,-1,-1,-1
2072,37,936,693,123,96,1,-1,-1,-1
2073,37,936,693,123,96,1,-1,-1,-1
2074,37,936,693,123,96,1,-1,-1,-1
2075,37,936,693,124,96,1,-1,-1,-1
2076,37,935,693,124,96,1,-1,-1,-1
2077,37,936,693,123,96,1,-1,-1,-1
2078,37,936,693,123,96,1,-1,-1,-1
2079,37,936,693,123,96,1,-1,-1,-1
2080,37,936,693,123,96,1,-1,-1,-1
2081,37,936,693,123,96,1,-1,-1,-1
2082,37,936,693,123,96,1,-1,-1,-1
2083,37,936,693,123,96,1,-1,-1,-1
2084,37,936,693,123,96,1,-1,-1,-1
2085,37,936,693,123,96,1,-1,-1,-1
2086,37,936,693,123,96,1,-1,-1,-1
2087,37,936,693,124,95,1,-1,-1,-1
2088,37,936,693,123,95,1,-1,-1,-1
2089,37,937,693,123,96,1,-1,-1,-1
2090,37,937,693,123,96,1,-1,-1,-1
2091,37,937,693,123,96,1,-1,-1,-1
2092,37,937,693,123,96,1,-1,-1,-1
2093,37,937,693,123,96,1,-1,-1,-1
2094,37,937,693,123,96,1,-1,-1,-1
2095,37,937,693,123,96,1,-1,-1,-1
2096,37,937,693,123,96,1,-1,-1,-1
2097,37,937,693,123,96,1,-1,-1,-1
2098,37,937,693,123,96,1,-1,-1,-1
2099,37,937,693,123,96,1,-1,-1,-1
2100,37,936,693,123,96,1,-1,-1,-1
2101,37,936,693,122,95,1,-1,-1,-1
2102,37,936,693,122,95,1,-1,-1,-1
2103,37,936,693,122,95,1,-1,-1,-1
2104,37,936,693,122,95,1,-1,-1,-1
2105,37,936,693,122,95,1,-1,-1,-1
2106,37,936,694,122,95,1,-1,-1,-1
2107,37,936,694,122,95,1,-1,-1,-1
2108,37,936,694,122,95,1,-1,-1,-1
2109,37,936,693,123,95,1,-1,-1,-1
2110,37,936,693,123,95,1,-1,-1,-1
2111,37,936,693,123,95,1,-1,-1,-1
2112,37,936,693,123,95,1,-1,-1,-1
2113,37,936,693,122,95,1,-1,-1,-1
2114,37,936,693,122,95,1,-1,-1,-1
2115,37,936,693,122,95,1,-1,-1,-1
2116,37,936,693,122,95,1,-1,-1,-1
2117,37,936,693,122,95,1,-1,-1,-1
2118,37,936,693,122,95,1,-1,-1,-1
2119,37,936,693,122,95,1,-1,-1,-1
2120,37,936,693,122,96,1,-1,-1,-1
2121,37,936,693,123,95,1,-1,-1,-1
2122,37,936,693,123,95,1,-1,-1,-1
2123,37,936,693,123,95,1,-1,-1,-1
2124,37,936,693,123,95,1,-1,-1,-1
2125,37,936,693,123,96,1,-1,-1,-1
2126,37,936,693,123,95,1,-1,-1,-1
2127,37,936,693,123,95,1,-1,-1,-1
2128,37,936,693,123,96,1,-1,-1,-1
2129,37,936,693,123,96,1,-1,-1,-1
2130,37,936,693,123,96,1,-1,-1,-1
2131,37,936,693,123,96,1,-1,-1,-1
2132,37,936,693,123,96,1,-1,-1,-1
2133,37,936,693,123,96,1,-1,-1,-1
2134,37,936,693,123,96,1,-1,-1,-1
2135,37,936,693,123,96,1,-1,-1,-1
2136,37,936,693,123,96,1,-1,-1,-1
2137,37,937,693,122,96,1,-1,-1,-1
2138,37,937,693,122,96,1,-1,-1,-1
2139,37,937,693,122,96,1,-1,-1,-1
2140,37,937,693,122,96,1,-1,-1,-1
2141,37,937,693,122,96,1,-1,-1,-1
2142,37,937,693,122,96,1,-1,-1,-1
2143,37,936,693,122,96,1,-1,-1,-1
2144,37,936,693,122,96,1,-1,-1,-1
2145,37,936,693,122,96,1,-1,-1,-1
2146,37,937,693,122,96,1,-1,-1,-1
2147,37,936,693,122,96,1,-1,-1,-1
2148,37,936,693,122,96,1,-1,-1,-1
2149,37,936,693,122,96,1,-1,-1,-1
2150,37,936,693,122,96,1,-1,-1,-1
2151,37,936,693,122,96,1,-1,-1,-1
2152,37,936,693,122,95,1,-1,-1,-1
2153,37,936,693,122,95,1,-1,-1,-1
2154,37,936,693,122,95,1,-1,-1,-1
2155,37,936,693,122,95,1,-1,-1,-1
2156,37,936,693,122,95,1,-1,-1,-1
2157,37,936,693,122,95,1,-1,-1,-1
2158,37,936,693,122,96,1,-1,-1,-1
2159,37,936,693,122,96,1,-1,-1,-1
2160,37,936,693,122,96,1,-1,-1,-1
2161,37,936,693,123,96,1,-1,-1,-1
2162,37,936,693,123,96,1,-1,-1,-1
2163,37,936,693,123,96,1,-1,-1,-1
2164,37,936,693,123,96,1,-1,-1,-1
2165,37,936,693,123,96,1,-1,-1,-1
2166,37,936,693,123,96,1,-1,-1,-1
2167,37,935,693,123,96,1,-1,-1,-1
2168,37,935,693,123,96,1,-1,-1,-1
2169,37,935,693,123,96,1,-1,-1,-1
2170,37,935,693,123,96,1,-1,-1,-1
2171,37,935,693,123,96,1,-1,-1,-1
2172,37,935,693,123,96,1,-1,-1,-1
2173,37,937,693,122,96,1,-1,-1,-1
2174,37,937,693,122,96,1,-1,-1,-1
2175,37,937,693,122,96,1,-1,-1,-1
2176,37,937,693,122,96,1,-1,-1,-1
2177,37,937,693,122,96,1,-1,-1,-1
2178,37,937,693,122,96,1,-1,-1,-1
2179,37,937,693,122,96,1,-1,-1,-1
2180,37,936,693,123,96,1,-1,-1,-1
2181,37,936,693,123,96,1,-1,-1,-1
2182,37,936,693,123,96,1,-1,-1,-1
2183,37,936,693,123,96,1,-1,-1,-1
2184,37,936,693,122,95,1,-1,-1,-1
2185,37,936,693,123,96,1,-1,-1,-1
2186,37,936,693,123,96,1,-1,-1,-1
2187,37,936,693,123,95,1,-1,-1,-1
2188,37,936,693,123,95,1,-1,-1,-1
2189,37,936,693,123,96,1,-1,-1,-1
2190,37,936,693,123,95,1,-1,-1,-1
2191,37,936,693,123,95,1,-1,-1,-1
2192,37,936,693,123,95,1,-1,-1,-1
2193,37,936,693,123,95,1,-1,-1,-1
2194,37,936,693,122,95,1,-1,-1,-1
2195,37,936,693,122,95,1,-1,-1,-1
2196,37,936,693,122,95,1,-1,-1,-1
2197,37,936,693,122,95,1,-1,-1,-1
2198,37,936,693,122,95,1,-1,-1,-1
2199,37,936,693,122,95,1,-1,-1,-1
2200,37,936,693,123,95,1,-1,-1,-1
2201,37,936,693,123,95,1,-1,-1,-1
2202,37,936,693,123,95,1,-1,-1,-1
2203,37,936,693,123,95,1,-1,-1,-1
2204,37,936,693,123,95,1,-1,-1,-1
2205,37,936,693,123,95,1,-1,-1,-1
2206,37,936,693,123,95,1,-1,-1,-1
2207,37,936,693,123,95,1,-1,-1,-1
2208,37,936,693,123,95,1,-1,-1,-1
2209,37,936,693,122,96,1,-1,-1,-1
2210,37,936,693,122,95,1,-1,-1,-1
2211,37,936,693,122,95,1,-1,-1,-1
2212,37,936,693,122,95,1,-1,-1,-1
2213,37,936,693,122,95,1,-1,-1,-1
2214,37,936,693,122,95,1,-1,-1,-1
2215,37,936,693,122,95,1,-1,-1,-1
2216,37,936,693,122,95,1,-1,-1,-1
2217,37,936,693,122,95,1,-1,-1,-1
2218,37,936,693,122,95,1,-1,-1,-1
2219,37,936,693,122,95,1,-1,-1,-1
2220,37,937,693,122,95,1,-1,-1,-1
2221,37,937,694,122,95,1,-1,-1,-1
2222,37,937,694,122,95,1,-1,-1,-1
2223,37,937,694,122,95,1,-1,-1,-1
2224,37,937,694,122,95,1,-1,-1,-1
2225,37,937,694,122,95,1,-1,-1,-1
2226,37,937,694,122,95,1,-1,-1,-1
2227,37,937,694,122,95,1,-1,-1,-1
2228,37,937,694,122,95,1,-1,-1,-1
2229,37,937,694,122,95,1,-1,-1,-1
2230,37,937,694,122,95,1,-1,-1,-1
2231,37,937,694,122,95,1,-1,-1,-1
2232,37,937,694,122,95,1,-1,-1,-1
2233,37,937,694,121,95,1,-1,-1,-1
2234,37,937,694,121,95,1,-1,-1,-1
2235,37,937,694,121,95,1,-1,-1,-1
2236,37,937,694,121,95,1,-1,-1,-1
2237,37,937,694,121,95,1,-1,-1,-1
2238,37,937,694,121,95,1,-1,-1,-1
2239,37,937,694,121,95,1,-1,-1,-1
2240,37,937,693,123,95,1,-1,-1,-1
2241,37,936,693,123,95,1,-1,-1,-1
2242,37,936,693,123,95,1,-1,-1,-1
2243,37,936,693,123,95,1,-1,-1,-1
2244,37,937,693,123,96,1,-1,-1,-1
2245,37,935,693,124,95,1,-1,-1,-1
2246,37,935,693,124,96,1,-1,-1,-1
2247,37,935,693,124,96,1,-1,-1,-1
2248,37,935,693,124,96,1,-1,-1,-1
2249,37,935,693,124,96,1,-1,-1,-1
2250,37,935,693,124,96,1,-1,-1,-1
2251,37,936,693,123,96,1,-1,-1,-1
2252,37,936,693,123,96,1,-1,-1,-1
2253,37,936,693,123,96,1,-1,-1,-1
2254,37,936,693,123,96,1,-1,-1,-1
2255,37,936,693,123,96,1,-1,-1,-1
2256,37,936,693,123,96,1,-1,-1,-1
2257,37,936,693,123,97,1,-1,-1,-1
2258,37,936,693,123,96,1,-1,-1,-1
2259,37,936,693,123,96,1,-1,-1,-1
2260,37,936,693,123,96,1,-1,-1,-1
2261,37,936,693,123,96,1,-1,-1,-1
2262,37,936,692,123,96,1,-1,-1,-1
2263,37,936,693,122,96,1,-1,-1,-1
2264,37,936,693,123,96,1,-1,-1,-1
2265,37,936,693,123,96,1,-1,-1,-1
2266,37,936,693,123,96,1,-1,-1,-1
2267,37,936,693,123,96,1,-1,-1,-1
2268,37,936,693,123,96,1,-1,-1,-1
2269,37,936,693,123,96,1,-1,-1,-1
2270,37,936,693,123,96,1,-1,-1,-1
2271,37,936,693,123,96,1,-1,-1,-1
2272,37,936,693,123,96,1,-1,-1,-1
2273,37,936,693,123,96,1,-1,-1,-1
2274,37,936,693,123,96,1,-1,-1,-1
2275,37,936,693,123,96,1,-1,-1,-1
2276,37,936,693,123,96,1,-1,-1,-1
2277,37,936,693,123,96,1,-1,-1,-1
2278,37,936,693,123,96,1,-1,-1,-1
2279,37,936,693,122,96,1,-1,-1,-1
1,39,1100,746,120,83,1,-1,-1,-1
2,39,1099,746,118,82,1,-1,-1,-1
3,39,1099,746,118,81,1,-1,-1,-1
4,39,1099,746,118,81,1,-1,-1,-1
5,39,1099,746,118,81,1,-1,-1,-1
6,39,1099,746,116,81,1,-1,-1,-1
7,39,1100,746,114,81,1,-1,-1,-1
8,39,1100,746,113,81,1,-1,-1,-1
9,39,1099,746,115,81,1,-1,-1,-1
10,39,1099,746,116,81,1,-1,-1,-1
11,39,1099,746,116,81,1,-1,-1,-1
12,39,1098,746,117,81,1,-1,-1,-1
13,39,1084,745,124,81,1,-1,-1,-1
14,39,1084,745,126,81,1,-1,-1,-1
15,39,1088,745,130,82,1,-1,-1,-1
16,39,1088,745,131,82,1,-1,-1,-1
17,39,1088,745,130,82,1,-1,-1,-1
18,39,1087,745,131,82,1,-1,-1,-1
19,39,1087,745,131,82,1,-1,-1,-1
20,39,1094,745,125,82,1,-1,-1,-1
21,39,1094,745,124,82,1,-1,-1,-1
22,39,1095,745,123,82,1,-1,-1,-1
23,39,1096,745,123,82,1,-1,-1,-1
24,39,1097,745,122,82,1,-1,-1,-1
25,39,1088,745,118,80,1,-1,-1,-1
26,39,1088,745,117,80,1,-1,-1,-1
27,39,1088,745,117,80,1,-1,-1,-1
28,39,1087,745,119,80,1,-1,-1,-1
29,39,1087,745,118,80,1,-1,-1,-1
30,39,1087,745,119,80,1,-1,-1,-1
31,39,1087,745,119,80,1,-1,-1,-1
32,39,1087,745,118,80,1,-1,-1,-1
33,39,1088,745,118,80,1,-1,-1,-1
34,39,1087,745,119,80,1,-1,-1,-1
35,39,1099,746,115,80,1,-1,-1,-1
36,39,1099,746,115,80,1,-1,-1,-1
37,39,1092,745,126,82,1,-1,-1,-1
38,39,1092,745,126,82,1,-1,-1,-1
39,39,1092,745,126,82,1,-1,-1,-1
40,39,1084,745,122,81,1,-1,-1,-1
41,39,1084,745,122,81,1,-1,-1,-1
42,39,1087,745,120,81,1,-1,-1,-1
43,39,1086,745,120,81,1,-1,-1,-1
44,39,1085,745,119,80,1,-1,-1,-1
45,39,1085,745,119,81,1,-1,-1,-1
46,39,1085,745,119,80,1,-1,-1,-1
47,39,1085,745,119,81,1,-1,-1,-1
48,39,1086,745,118,80,1,-1,-1,-1
49,39,1085,745,118,80,1,-1,-1,-1
50,39,1086,745,118,80,1,-1,-1,-1
51,39,1085,745,120,80,1,-1,-1,-1
52,39,1091,745,130,82,1,-1,-1,-1
53,39,1090,745,131,82,1,-1,-1,-1
54,39,1091,745,131,82,1,-1,-1,-1
55,39,1098,746,112,80,1,-1,-1,-1
56,39,1092,745,128,82,1,-1,-1,-1
57,39,1092,745,129,82,1,-1,-1,-1
58,39,1093,745,129,82,1,-1,-1,-1
59,39,1093,745,129,83,1,-1,-1,-1
60,39,1094,745,128,83,1,-1,-1,-1
61,39,1095,745,127,83,1,-1,-1,-1
62,39,1094,745,128,83,1,-1,-1,-1
63,39,1091,745,112,80,1,-1,-1,-1
64,39,1092,745,111,80,1,-1,-1,-1
65,39,1092,745,111,80,1,-1,-1,-1
66,39,1091,745,111,80,1,-1,-1,-1
67,39,1091,745,112,80,1,-1,-1,-1
68,39,1091,745,113,80,1,-1,-1,-1
69,39,1090,745,113,80,1,-1,-1,-1
70,39,1090,745,113,80,1,-1,-1,-1
71,39,1090,745,113,80,1,-1,-1,-1
72,39,1088,745,115,80,1,-1,-1,-1
73,39,1086,745,115,80,1,-1,-1,-1
74,39,1087,745,114,80,1,-1,-1,-1
75,39,1085,745,114,79,1,-1,-1,-1
76,39,1085,745,114,79,1,-1,-1,-1
77,39,1086,745,113,79,1,-1,-1,-1
78,39,1085,745,115,79,1,-1,-1,-1
79,39,1087,745,113,80,1,-1,-1,-1
80,39,1083,745,117,80,1,-1,-1,-1
81,39,1083,745,117,80,1,-1,-1,-1
82,39,1084,745,116,80,1,-1,-1,-1
83,39,1084,745,116,79,1,-1,-1,-1
84,39,1084,745,116,79,1,-1,-1,-1
85,39,1087,745,113,79,1,-1,-1,-1
86,39,1085,745,116,79,1,-1,-1,-1
87,39,1085,745,116,79,1,-1,-1,-1
88,39,1086,745,115,79,1,-1,-1,-1
89,39,1084,745,116,79,1,-1,-1,-1
90,39,1085,745,116,79,1,-1,-1,-1
91,39,1085,745,116,79,1,-1,-1,-1
92,39,1086,745,115,79,1,-1,-1,-1
93,39,1086,745,114,79,1,-1,-1,-1
94,39,1085,745,115,79,1,-1,-1,-1
95,39,1087,745,113,79,1,-1,-1,-1
96,39,1091,746,109,79,1,-1,-1,-1
97,39,1080,745,121,79,1,-1,-1,-1
98,39,1080,745,120,79,1,-1,-1,-1
99,39,1080,745,120,79,1,-1,-1,-1
100,39,1081,745,119,80,1,-1,-1,-1
101,39,1080,745,120,80,1,-1,-1,-1
102,39,1080,745,121,80,1,-1,-1,-1
103,39,1080,745,121,80,1,-1,-1,-1
104,39,1080,745,120,80,1,-1,-1,-1
105,39,1081,745,120,79,1,-1,-1,-1
106,39,1081,745,120,79,1,-1,-1,-1
107,39,1080,745,120,79,1,-1,-1,-1
108,39,1080,745,120,79,1,-1,-1,-1
109,39,1082,745,119,79,1,-1,-1,-1
110,39,1081,745,120,79,1,-1,-1,-1
111,39,1081,745,120,79,1,-1,-1,-1
112,39,1080,745,121,80,1,-1,-1,-1
113,39,1080,745,123,80,1,-1,-1,-1
114,39,1080,745,124,80,1,-1,-1,-1
115,39,1080,745,123,80,1,-1,-1,-1
116,39,1080,745,123,80,1,-1,-1,-1
117,39,1080,745,123,80,1,-1,-1,-1
118,39,1079,745,124,80,1,-1,-1,-1
119,39,1079,745,123,80,1,-1,-1,-1
120,39,1080,745,123,80,1,-1,-1,-1
121,39,1080,745,121,79,1,-1,-1,-1
122,39,1081,745,121,79,1,-1,-1,-1
123,39,1082,745,118,80,1,-1,-1,-1
124,39,1081,745,119,80,1,-1,-1,-1
125,39,1081,745,120,80,1,-1,-1,-1
126,39,1081,745,119,80,1,-1,-1,-1
127,39,1081,745,119,80,1,-1,-1,-1
128,39,1081,745,118,80,1,-1,-1,-1
129,39,1081,745,118,80,1,-1,-1,-1
130,39,1081,745,118,80,1,-1,-1,-1
131,39,1081,745,118,79,1,-1,-1,-1
132,39,1081,745,118,79,1,-1,-1,-1
133,39,1083,745,116,79,1,-1,-1,-1
134,39,1083,745,116,79,1,-1,-1,-1
135,39,1083,745,116,79,1,-1,-1,-1
136,39,1082,745,117,79,1,-1,-1,-1
137,39,1082,745,117,79,1,-1,-1,-1
138,39,1083,745,117,79,1,-1,-1,-1
139,39,1083,745,117,79,1,-1,-1,-1
140,39,1082,745,117,79,1,-1,-1,-1
141,39,1082,745,117,79,1,-1,-1,-1
142,39,1082,745,117,79,1,-1,-1,-1
143,39,1082,745,117,79,1,-1,-1,-1
144,39,1082,745,117,79,1,-1,-1,-1
145,39,1082,745,117,79,1,-1,-1,-1
146,39,1082,745,117,79,1,-1,-1,-1
147,39,1082,745,117,79,1,-1,-1,-1
148,39,1082,745,118,79,1,-1,-1,-1
149,39,1082,745,118,79,1,-1,-1,-1
150,39,1081,745,118,79,1,-1,-1,-1
151,39,1084,745,115,79,1,-1,-1,-1
152,39,1083,745,116,79,1,-1,-1,-1
153,39,1083,745,116,79,1,-1,-1,-1
154,39,1083,745,116,79,1,-1,-1,-1
155,39,1083,745,117,79,1,-1,-1,-1
156,39,1083,745,117,79,1,-1,-1,-1
157,39,1084,745,115,79,1,-1,-1,-1
158,39,1084,745,115,79,1,-1,-1,-1
159,39,1084,745,115,79,1,-1,-1,-1
160,39,1084,745,115,79,1,-1,-1,-1
161,39,1084,745,115,79,1,-1,-1,-1
162,39,1084,745,115,79,1,-1,-1,-1
163,39,1084,745,115,79,1,-1,-1,-1
164,39,1083,745,116,79,1,-1,-1,-1
165,39,1084,745,116,79,1,-1,-1,-1
166,39,1084,745,116,79,1,-1,-1,-1
167,39,1083,745,117,79,1,-1,-1,-1
168,39,1083,745,117,79,1,-1,-1,-1
169,39,1082,745,118,79,1,-1,-1,-1
170,39,1082,745,118,79,1,-1,-1,-1
171,39,1083,745,118,79,1,-1,-1,-1
172,39,1082,745,118,79,1,-1,-1,-1
173,39,1082,745,118,79,1,-1,-1,-1
174,39,1082,745,118,79,1,-1,-1,-1
175,39,1082,745,118,79,1,-1,-1,-1
176,39,1082,745,118,79,1,-1,-1,-1
177,39,1082,745,118,79,1,-1,-1,-1
178,39,1082,745,118,79,1,-1,-1,-1
179,39,1082,745,118,79,1,-1,-1,-1
180,39,1082,745,118,79,1,-1,-1,-1
181,39,1085,745,115,79,1,-1,-1,-1
182,39,1085,745,115,79,1,-1,-1,-1
183,39,1085,745,115,79,1,-1,-1,-1
184,39,1085,745,115,79,1,-1,-1,-1
185,39,1085,745,115,79,1,-1,-1,-1
186,39,1085,745,115,79,1,-1,-1,-1
187,39,1085,745,115,79,1,-1,-1,-1
188,39,1085,745,115,79,1,-1,-1,-1
189,39,1084,745,115,79,1,-1,-1,-1
190,39,1096,746,104,78,1,-1,-1,-1
191,39,1090,745,110,78,1,-1,-1,-1
192,39,1089,745,112,78,1,-1,-1,-1
193,39,1092,745,110,78,1,-1,-1,-1
194,39,1093,745,110,78,1,-1,-1,-1
195,39,1092,745,110,78,1,-1,-1,-1
196,39,1093,745,109,78,1,-1,-1,-1
197,39,1092,745,111,78,1,-1,-1,-1
198,39,1091,745,111,78,1,-1,-1,-1
199,39,1091,745,111,78,1,-1,-1,-1
200,39,1100,746,103,79,1,-1,-1,-1
201,39,1101,746,102,79,1,-1,-1,-1
202,39,1100,745,120,81,1,-1,-1,-1
203,39,1101,746,101,79,1,-1,-1,-1
204,39,1102,746,100,79,1,-1,-1,-1
205,39,1099,745,122,81,1,-1,-1,-1
206,39,1099,745,122,81,1,-1,-1,-1
207,39,1100,745,121,82,1,-1,-1,-1
208,39,1099,745,122,81,1,-1,-1,-1
209,39,1100,745,122,82,1,-1,-1,-1
210,39,1100,745,122,81,1,-1,-1,-1
211,39,1100,746,102,79,1,-1,-1,-1
212,39,1099,745,123,82,1,-1,-1,-1
213,39,1099,745,122,82,1,-1,-1,-1
214,39,1099,745,123,81,1,-1,-1,-1
215,39,1099,745,123,81,1,-1,-1,-1
216,39,1099,745,124,81,1,-1,-1,-1
217,39,1099,745,124,82,1,-1,-1,-1
218,39,1099,745,125,82,1,-1,-1,-1
219,39,1099,746,101,79,1,-1,-1,-1
220,39,1099,746,101,79,1,-1,-1,-1
221,39,1099,746,101,79,1,-1,-1,-1
222,39,1099,746,101,79,1,-1,-1,-1
223,39,1099,746,101,79,1,-1,-1,-1
224,39,1099,746,102,79,1,-1,-1,-1
225,39,1099,746,102,79,1,-1,-1,-1
226,39,1099,746,101,79,1,-1,-1,-1
227,39,1100,746,101,79,1,-1,-1,-1
228,39,1100,746,100,79,1,-1,-1,-1
229,39,1100,746,101,79,1,-1,-1,-1
230,39,1100,746,102,79,1,-1,-1,-1
231,39,1100,746,102,79,1,-1,-1,-1
232,39,1100,746,101,79,1,-1,-1,-1
233,39,1100,746,101,79,1,-1,-1,-1
234,39,1100,746,101,79,1,-1,-1,-1
235,39,1100,745,101,79,1,-1,-1,-1
236,39,1100,746,101,79,1,-1,-1,-1
237,39,1100,746,100,79,1,-1,-1,-1
238,39,1100,746,100,79,1,-1,-1,-1
239,39,1100,746,101,79,1,-1,-1,-1
240,39,1099,746,101,79,1,-1,-1,-1
241,39,1100,746,100,79,1,-1,-1,-1
242,39,1100,746,100,79,1,-1,-1,-1
243,39,1100,746,100,78,1,-1,-1,-1
244,39,1100,746,100,78,1,-1,-1,-1
245,39,1100,746,100,79,1,-1,-1,-1
246,39,1100,746,100,78,1,-1,-1,-1
247,39,1100,746,100,78,1,-1,-1,-1
248,39,1100,746,101,78,1,-1,-1,-1
249,39,1100,746,100,78,1,-1,-1,-1
250,39,1089,745,111,79,1,-1,-1,-1
251,39,1085,745,114,79,1,-1,-1,-1
252,39,1084,745,115,79,1,-1,-1,-1
253,39,1080,745,121,80,1,-1,-1,-1
254,39,1080,745,121,80,1,-1,-1,-1
255,39,1080,745,121,80,1,-1,-1,-1
256,39,1080,745,120,79,1,-1,-1,-1
257,39,1080,745,121,79,1,-1,-1,-1
258,39,1080,745,120,79,1,-1,-1,-1
259,39,1080,745,120,79,1,-1,-1,-1
260,39,1080,745,121,79,1,-1,-1,-1
261,39,1080,745,120,79,1,-1,-1,-1
262,39,1080,745,121,79,1,-1,-1,-1
263,39,1080,745,120,79,1,-1,-1,-1
264,39,1081,745,119,79,1,-1,-1,-1
265,39,1082,745,118,79,1,-1,-1,-1
266,39,1082,745,119,79,1,-1,-1,-1
267,39,1082,745,119,80,1,-1,-1,-1
268,39,1083,745,119,80,1,-1,-1,-1
269,39,1081,745,120,80,1,-1,-1,-1
270,39,1081,744,121,80,1,-1,-1,-1
271,39,1081,744,121,80,1,-1,-1,-1
272,39,1081,744,121,80,1,-1,-1,-1
273,39,1081,744,121,79,1,-1,-1,-1
274,39,1081,744,121,79,1,-1,-1,-1
275,39,1081,744,121,79,1,-1,-1,-1
276,39,1081,744,120,79,1,-1,-1,-1
277,39,1080,745,124,79,1,-1,-1,-1
278,39,1080,745,124,79,1,-1,-1,-1
279,39,1080,745,125,79,1,-1,-1,-1
280,39,1080,744,124,79,1,-1,-1,-1
281,39,1080,745,124,79,1,-1,-1,-1
282,39,1080,745,124,79,1,-1,-1,-1
283,39,1080,745,123,79,1,-1,-1,-1
284,39,1081,745,122,79,1,-1,-1,-1
285,39,1081,745,123,79,1,-1,-1,-1
286,39,1081,745,123,79,1,-1,-1,-1
287,39,1080,745,123,79,1,-1,-1,-1
288,39,1080,745,124,79,1,-1,-1,-1
289,39,1081,745,124,80,1,-1,-1,-1
290,39,1081,745,124,80,1,-1,-1,-1
291,39,1081,745,124,80,1,-1,-1,-1
292,39,1081,745,125,80,1,-1,-1,-1
293,39,1080,745,126,80,1,-1,-1,-1
294,39,1082,745,124,79,1,-1,-1,-1
295,39,1083,745,123,80,1,-1,-1,-1
296,39,1083,745,124,80,1,-1,-1,-1
297,39,1084,745,123,80,1,-1,-1,-1
298,39,1083,745,124,80,1,-1,-1,-1
299,39,1083,745,124,80,1,-1,-1,-1
300,39,1084,745,122,80,1,-1,-1,-1
301,39,1080,745,127,79,1,-1,-1,-1
302,39,1080,745,126,79,1,-1,-1,-1
303,39,1081,745,125,79,1,-1,-1,-1
304,39,1082,745,124,78,1,-1,-1,-1
305,39,1082,745,122,79,1,-1,-1,-1
306,39,1082,745,123,79,1,-1,-1,-1
307,39,1082,745,123,79,1,-1,-1,-1
308,39,1082,745,124,79,1,-1,-1,-1
309,39,1082,745,124,79,1,-1,-1,-1
310,39,1083,745,123,79,1,-1,-1,-1
311,39,1083,745,124,79,1,-1,-1,-1
312,39,1082,745,124,79,1,-1,-1,-1
313,39,1096,745,123,83,1,-1,-1,-1
314,39,1095,745,124,83,1,-1,-1,-1
315,39,1097,745,122,83,1,-1,-1,-1
316,39,1096,745,122,83,1,-1,-1,-1
317,39,1098,745,121,84,1,-1,-1,-1
318,39,1099,745,120,84,1,-1,-1,-1
319,39,1101,745,118,84,1,-1,-1,-1
320,39,1101,745,118,83,1,-1,-1,-1
321,39,1101,745,118,84,1,-1,-1,-1
322,39,1100,745,119,83,1,-1,-1,-1
323,39,1100,745,119,84,1,-1,-1,-1
324,39,1099,745,120,84,1,-1,-1,-1
325,39,1101,745,118,83,1,-1,-1,-1
326,39,1100,745,119,83,1,-1,-1,-1
327,39,1100,745,118,84,1,-1,-1,-1
328,39,1100,745,118,84,1,-1,-1,-1
329,39,1100,745,119,84,1,-1,-1,-1
330,39,1101,745,118,84,1,-1,-1,-1
331,39,1101,745,118,84,1,-1,-1,-1
332,39,1100,745,118,84,1,-1,-1,-1
333,39,1099,745,120,83,1,-1,-1,-1
334,39,1099,745,119,83,1,-1,-1,-1
335,39,1089,745,119,80,1,-1,-1,-1
336,39,1088,745,121,80,1,-1,-1,-1
337,39,1094,745,113,79,1,-1,-1,-1
338,39,1099,746,115,80,1,-1,-1,-1
339,39,1100,746,116,80,1,-1,-1,-1
340,39,1100,746,117,81,1,-1,-1,-1
341,39,1100,746,116,81,1,-1,-1,-1
342,39,1099,746,118,81,1,-1,-1,-1
343,39,1101,744,119,83,1,-1,-1,-1
344,39,1101,744,119,83,1,-1,-1,-1
345,39,1087,745,130,82,1,-1,-1,-1
346,39,1087,745,125,80,1,-1,-1,-1
347,39,1086,745,120,80,1,-1,-1,-1
348,39,1086,745,115,80,1,-1,-1,-1
349,39,1094,745,111,80,1,-1,-1,-1
350,39,1097,745,104,78,1,-1,-1,-1
351,39,1097,745,103,77,1,-1,-1,-1
352,39,1095,745,106,77,1,-1,-1,-1
353,39,1094,745,108,77,1,-1,-1,-1
354,39,1099,745,103,77,1,-1,-1,-1
355,39,1094,745,114,76,1,-1,-1,-1
356,39,1096,745,128,77,1,-1,-1,-1
357,39,1082,744,119,75,1,-1,-1,-1
358,39,1096,745,106,75,1,-1,-1,-1
359,39,1098,745,103,75,1,-1,-1,-1
360,39,1101,745,97,75,1,-1,-1,-1
361,39,1081,745,115,75,1,-1,-1,-1
362,39,1094,745,102,74,1,-1,-1,-1
366,39,1103,745,116,84,1,-1,-1,-1
367,39,1103,745,117,84,1,-1,-1,-1
368,39,1103,745,117,85,1,-1,-1,-1
369,39,1103,745,116,85,1,-1,-1,-1
370,39,1104,745,116,85,1,-1,-1,-1
371,39,1104,746,116,84,1,-1,-1,-1
372,39,1104,746,115,85,1,-1,-1,-1
373,39,1106,744,116,86,1,-1,-1,-1
400,39,1103,745,97,78,1,-1,-1,-1
401,39,1103,745,96,78,1,-1,-1,-1
402,39,1100,745,99,78,1,-1,-1,-1
403,39,1099,745,101,78,1,-1,-1,-1
404,39,1099,745,101,78,1,-1,-1,-1
405,39,1100,745,101,78,1,-1,-1,-1
406,39,1098,746,103,78,1,-1,-1,-1
407,39,1097,746,112,79,1,-1,-1,-1
408,39,1099,746,111,79,1,-1,-1,-1
409,39,1096,746,104,77,1,-1,-1,-1
410,39,1100,746,100,77,1,-1,-1,-1
411,39,1101,746,99,77,1,-1,-1,-1
412,39,1101,746,101,77,1,-1,-1,-1
413,39,1099,746,103,77,1,-1,-1,-1
414,39,1097,746,105,78,1,-1,-1,-1
415,39,1087,745,115,78,1,-1,-1,-1
416,39,1084,745,117,78,1,-1,-1,-1
417,39,1082,745,119,78,1,-1,-1,-1
418,39,1079,745,123,77,1,-1,-1,-1
419,39,1083,745,119,78,1,-1,-1,-1
420,39,1084,745,117,79,1,-1,-1,-1
421,39,1079,745,122,77,1,-1,-1,-1
422,39,1082,745,119,77,1,-1,-1,-1
423,39,1100,744,100,79,1,-1,-1,-1
424,39,1100,745,99,79,1,-1,-1,-1
425,39,1100,744,99,79,1,-1,-1,-1
426,39,1091,745,108,79,1,-1,-1,-1
427,39,1090,745,110,79,1,-1,-1,-1
428,39,1092,745,107,79,1,-1,-1,-1
429,39,1090,745,109,79,1,-1,-1,-1
430,39,1089,745,111,79,1,-1,-1,-1
431,39,1091,745,109,79,1,-1,-1,-1
432,39,1094,745,105,79,1,-1,-1,-1
433,39,1089,745,112,80,1,-1,-1,-1
434,39,1093,745,109,80,1,-1,-1,-1
435,39,1094,745,107,80,1,-1,-1,-1
436,39,1093,745,109,80,1,-1,-1,-1
437,39,1092,745,109,80,1,-1,-1,-1
438,39,1094,745,107,80,1,-1,-1,-1
439,39,1097,745,104,80,1,-1,-1,-1
440,39,1098,745,103,80,1,-1,-1,-1
441,39,1099,745,103,80,1,-1,-1,-1
442,39,1100,745,102,80,1,-1,-1,-1
443,39,1101,745,100,80,1,-1,-1,-1
444,39,1101,745,101,80,1,-1,-1,-1
445,39,1092,745,112,81,1,-1,-1,-1
446,39,1095,745,110,81,1,-1,-1,-1
447,39,1094,745,110,81,1,-1,-1,-1
448,39,1092,745,113,81,1,-1,-1,-1
449,39,1095,745,109,80,1,-1,-1,-1
450,39,1092,745,112,81,1,-1,-1,-1
451,39,1092,745,112,81,1,-1,-1,-1
452,39,1091,745,113,81,1,-1,-1,-1
453,39,1092,745,111,80,1,-1,-1,-1
454,39,1092,745,111,80,1,-1,-1,-1
455,39,1093,745,110,80,1,-1,-1,-1
456,39,1091,745,113,81,1,-1,-1,-1
457,39,1089,745,115,81,1,-1,-1,-1
458,39,1090,745,114,81,1,-1,-1,-1
459,39,1090,745,113,81,1,-1,-1,-1
460,39,1089,745,115,80,1,-1,-1,-1
461,39,1089,745,114,80,1,-1,-1,-1
462,39,1090,745,112,80,1,-1,-1,-1
463,39,1091,745,112,80,1,-1,-1,-1
464,39,1091,745,112,80,1,-1,-1,-1
465,39,1093,745,112,80,1,-1,-1,-1
466,39,1091,745,116,81,1,-1,-1,-1
467,39,1093,745,113,81,1,-1,-1,-1
468,39,1093,745,114,81,1,-1,-1,-1
469,39,1092,745,113,80,1,-1,-1,-1
470,39,1094,745,110,80,1,-1,-1,-1
471,39,1096,745,109,80,1,-1,-1,-1
472,39,1097,745,107,80,1,-1,-1,-1
473,39,1098,745,106,80,1,-1,-1,-1
474,39,1098,745,106,80,1,-1,-1,-1
475,39,1099,745,106,80,1,-1,-1,-1
476,39,1099,745,105,80,1,-1,-1,-1
477,39,1098,745,106,80,1,-1,-1,-1
478,39,1098,745,105,80,1,-1,-1,-1
479,39,1098,745,106,80,1,-1,-1,-1
480,39,1096,745,106,80,1,-1,-1,-1
481,39,1093,745,110,80,1,-1,-1,-1
482,39,1093,745,110,80,1,-1,-1,-1
483,39,1102,746,98,79,1,-1,-1,-1
484,39,1102,745,99,79,1,-1,-1,-1
485,39,1101,745,99,79,1,-1,-1,-1
486,39,1101,745,99,79,1,-1,-1,-1
487,39,1101,745,100,79,1,-1,-1,-1
488,39,1101,745,99,79,1,-1,-1,-1
489,39,1102,745,98,79,1,-1,-1,-1
490,39,1103,745,98,79,1,-1,-1,-1
491,39,1102,746,98,79,1,-1,-1,-1
492,39,1102,745,98,79,1,-1,-1,-1
493,39,1097,745,103,79,1,-1,-1,-1
494,39,1096,745,105,79,1,-1,-1,-1
495,39,1098,745,103,79,1,-1,-1,-1
496,39,1097,745,104,79,1,-1,-1,-1
497,39,1096,745,105,79,1,-1,-1,-1
498,39,1099,745,102,78,1,-1,-1,-1
499,39,1099,746,102,79,1,-1,-1,-1
500,39,1099,746,101,79,1,-1,-1,-1
501,39,1089,745,114,79,1,-1,-1,-1
502,39,1086,745,117,79,1,-1,-1,-1
503,39,1088,745,116,79,1,-1,-1,-1
504,39,1088,745,116,79,1,-1,-1,-1
505,39,1085,745,120,80,1,-1,-1,-1
506,39,1086,745,119,80,1,-1,-1,-1
507,39,1086,745,119,80,1,-1,-1,-1
508,39,1086,745,119,80,1,-1,-1,-1
509,39,1085,745,120,80,1,-1,-1,-1
510,39,1086,745,119,80,1,-1,-1,-1
511,39,1086,745,120,80,1,-1,-1,-1
512,39,1086,745,120,80,1,-1,-1,-1
513,39,1085,745,120,80,1,-1,-1,-1
514,39,1086,745,119,80,1,-1,-1,-1
515,39,1086,745,120,80,1,-1,-1,-1
516,39,1088,745,118,80,1,-1,-1,-1
517,39,1100,746,105,79,1,-1,-1,-1
518,39,1100,746,106,79,1,-1,-1,-1
519,39,1099,746,106,79,1,-1,-1,-1
520,39,1099,746,107,79,1,-1,-1,-1
521,39,1099,746,106,79,1,-1,-1,-1
522,39,1097,745,108,80,1,-1,-1,-1
523,39,1097,745,108,80,1,-1,-1,-1
524,39,1097,745,107,80,1,-1,-1,-1
525,39,1097,745,107,80,1,-1,-1,-1
526,39,1096,745,109,80,1,-1,-1,-1
527,39,1096,745,109,80,1,-1,-1,-1
528,39,1095,745,110,80,1,-1,-1,-1
529,39,1092,745,111,80,1,-1,-1,-1
530,39,1090,745,113,80,1,-1,-1,-1
531,39,1091,745,112,80,1,-1,-1,-1
532,39,1091,745,112,80,1,-1,-1,-1
533,39,1090,745,113,80,1,-1,-1,-1
534,39,1086,745,117,80,1,-1,-1,-1
535,39,1086,745,117,80,1,-1,-1,-1
536,39,1087,745,117,80,1,-1,-1,-1
537,39,1086,745,117,80,1,-1,-1,-1
538,39,1086,745,118,80,1,-1,-1,-1
539,39,1085,745,118,80,1,-1,-1,-1
540,39,1085,745,118,80,1,-1,-1,-1
541,39,1083,744,121,80,1,-1,-1,-1
542,39,1083,744,120,80,1,-1,-1,-1
543,39,1083,744,120,80,1,-1,-1,-1
544,39,1083,744,121,80,1,-1,-1,-1
545,39,1082,744,122,81,1,-1,-1,-1
546,39,1082,744,122,81,1,-1,-1,-1
547,39,1082,744,122,81,1,-1,-1,-1
548,39,1082,744,121,80,1,-1,-1,-1
549,39,1082,744,121,80,1,-1,-1,-1
550,39,1082,744,121,80,1,-1,-1,-1
551,39,1082,744,121,80,1,-1,-1,-1
552,39,1082,744,121,80,1,-1,-1,-1
553,39,1083,744,121,81,1,-1,-1,-1
554,39,1083,744,120,81,1,-1,-1,-1
555,39,1082,744,122,81,1,-1,-1,-1
556,39,1091,745,112,80,1,-1,-1,-1
557,39,1093,745,111,80,1,-1,-1,-1
558,39,1090,745,114,81,1,-1,-1,-1
559,39,1093,745,112,81,1,-1,-1,-1
560,39,1092,745,113,81,1,-1,-1,-1
561,39,1092,745,113,81,1,-1,-1,-1
562,39,1091,745,113,80,1,-1,-1,-1
563,39,1089,745,115,80,1,-1,-1,-1
564,39,1088,745,116,80,1,-1,-1,-1
565,39,1091,745,111,80,1,-1,-1,-1
566,39,1089,745,113,80,1,-1,-1,-1
567,39,1087,745,116,80,1,-1,-1,-1
568,39,1085,745,117,80,1,-1,-1,-1
569,39,1084,745,118,80,1,-1,-1,-1
570,39,1084,745,118,80,1,-1,-1,-1
571,39,1084,745,118,80,1,-1,-1,-1
572,39,1084,745,119,80,1,-1,-1,-1
573,39,1085,745,117,80,1,-1,-1,-1
574,39,1085,745,117,80,1,-1,-1,-1
575,39,1086,745,116,79,1,-1,-1,-1
576,39,1085,745,116,80,1,-1,-1,-1
577,39,1082,744,120,80,1,-1,-1,-1
578,39,1082,744,121,80,1,-1,-1,-1
579,39,1083,744,119,79,1,-1,-1,-1
580,39,1083,745,119,80,1,-1,-1,-1
581,39,1098,744,121,83,1,-1,-1,-1
582,39,1098,744,122,84,1,-1,-1,-1
583,39,1098,744,122,84,1,-1,-1,-1
584,39,1097,744,123,84,1,-1,-1,-1
585,39,1098,744,122,84,1,-1,-1,-1
586,39,1099,744,122,84,1,-1,-1,-1
587,39,1097,744,123,84,1,-1,-1,-1
588,39,1095,744,125,84,1,-1,-1,-1
589,39,1087,745,120,82,1,-1,-1,-1
590,39,1087,745,121,82,1,-1,-1,-1
591,39,1087,745,121,82,1,-1,-1,-1
592,39,1086,744,119,82,1,-1,-1,-1
593,39,1086,744,119,82,1,-1,-1,-1
594,39,1088,744,119,82,1,-1,-1,-1
595,39,1086,744,121,82,1,-1,-1,-1
596,39,1087,744,122,82,1,-1,-1,-1
597,39,1086,744,120,82,1,-1,-1,-1
598,39,1086,744,121,82,1,-1,-1,-1
599,39,1087,744,119,82,1,-1,-1,-1
600,39,1088,744,119,82,1,-1,-1,-1
601,39,1087,744,134,83,1,-1,-1,-1
602,39,1087,744,133,83,1,-1,-1,-1
603,39,1085,745,125,83,1,-1,-1,-1
604,39,1085,745,125,83,1,-1,-1,-1
605,39,1085,745,125,83,1,-1,-1,-1
606,39,1085,745,125,82,1,-1,-1,-1
607,39,1085,745,125,82,1,-1,-1,-1
608,39,1085,744,128,83,1,-1,-1,-1
609,39,1089,744,132,83,1,-1,-1,-1
610,39,1089,744,132,83,1,-1,-1,-1
611,39,1089,744,132,83,1,-1,-1,-1
612,39,1090,744,132,83,1,-1,-1,-1
613,39,1088,745,116,79,1,-1,-1,-1
614,39,1088,745,116,79,1,-1,-1,-1
615,39,1088,745,117,79,1,-1,-1,-1
616,39,1087,745,118,79,1,-1,-1,-1
617,39,1087,745,119,79,1,-1,-1,-1
618,39,1087,745,119,79,1,-1,-1,-1
619,39,1086,745,121,80,1,-1,-1,-1
620,39,1086,745,119,80,1,-1,-1,-1
621,39,1087,745,118,79,1,-1,-1,-1
622,39,1086,745,119,80,1,-1,-1,-1
623,39,1087,745,120,80,1,-1,-1,-1
624,39,1085,745,122,80,1,-1,-1,-1
625,39,1087,745,118,79,1,-1,-1,-1
626,39,1091,745,113,79,1,-1,-1,-1
627,39,1090,745,114,79,1,-1,-1,-1
628,39,1093,745,112,79,1,-1,-1,-1
629,39,1094,745,111,80,1,-1,-1,-1
630,39,1095,745,109,79,1,-1,-1,-1
631,39,1096,745,108,79,1,-1,-1,-1
632,39,1096,745,107,79,1,-1,-1,-1
633,39,1097,745,106,79,1,-1,-1,-1
634,39,1097,745,106,79,1,-1,-1,-1
635,39,1089,745,113,79,1,-1,-1,-1
636,39,1089,745,113,79,1,-1,-1,-1
637,39,1083,745,119,79,1,-1,-1,-1
638,39,1083,745,119,79,1,-1,-1,-1
639,39,1083,745,119,79,1,-1,-1,-1
640,39,1083,745,119,79,1,-1,-1,-1
641,39,1083,745,119,79,1,-1,-1,-1
642,39,1083,745,119,79,1,-1,-1,-1
643,39,1083,745,120,79,1,-1,-1,-1
644,39,1083,745,120,79,1,-1,-1,-1
645,39,1083,745,120,79,1,-1,-1,-1
646,39,1082,745,121,79,1,-1,-1,-1
647,39,1082,745,121,79,1,-1,-1,-1
648,39,1082,745,121,79,1,-1,-1,-1
649,39,1081,745,121,79,1,-1,-1,-1
650,39,1081,745,121,79,1,-1,-1,-1
651,39,1081,745,122,79,1,-1,-1,-1
652,39,1081,745,122,79,1,-1,-1,-1
653,39,1081,745,123,79,1,-1,-1,-1
654,39,1080,745,124,79,1,-1,-1,-1
655,39,1086,745,117,79,1,-1,-1,-1
656,39,1085,745,117,79,1,-1,-1,-1
657,39,1084,745,119,79,1,-1,-1,-1
658,39,1084,745,119,79,1,-1,-1,-1
659,39,1085,745,118,79,1,-1,-1,-1
660,39,1084,745,120,79,1,-1,-1,-1
661,39,1086,745,120,79,1,-1,-1,-1
662,39,1085,745,122,79,1,-1,-1,-1
663,39,1085,745,121,79,1,-1,-1,-1
664,39,1085,745,121,79,1,-1,-1,-1
665,39,1083,744,128,80,1,-1,-1,-1
666,39,1083,744,128,80,1,-1,-1,-1
667,39,1083,744,129,80,1,-1,-1,-1
668,39,1083,744,126,80,1,-1,-1,-1
669,39,1084,745,125,80,1,-1,-1,-1
670,39,1084,745,124,80,1,-1,-1,-1
671,39,1083,745,124,80,1,-1,-1,-1
672,39,1083,745,125,80,1,-1,-1,-1
673,39,1086,744,123,80,1,-1,-1,-1
674,39,1086,744,123,80,1,-1,-1,-1
675,39,1087,744,119,81,1,-1,-1,-1
676,39,1085,744,121,81,1,-1,-1,-1
677,39,1091,744,125,82,1,-1,-1,-1
678,39,1091,744,125,82,1,-1,-1,-1
679,39,1091,744,128,84,1,-1,-1,-1
680,39,1091,744,128,84,1,-1,-1,-1
681,39,1092,744,127,84,1,-1,-1,-1
682,39,1091,744,128,84,1,-1,-1,-1
683,39,1091,744,128,84,1,-1,-1,-1
684,39,1092,744,127,84,1,-1,-1,-1
685,39,1084,745,133,82,1,-1,-1,-1
686,39,1084,745,133,82,1,-1,-1,-1
687,39,1084,744,133,82,1,-1,-1,-1
688,39,1084,744,134,82,1,-1,-1,-1
689,39,1081,744,136,82,1,-1,-1,-1
690,39,1081,744,136,82,1,-1,-1,-1
691,39,1081,744,137,82,1,-1,-1,-1
692,39,1081,744,137,82,1,-1,-1,-1
693,39,1081,744,137,82,1,-1,-1,-1
694,39,1081,744,137,82,1,-1,-1,-1
695,39,1077,745,127,80,1,-1,-1,-1
696,39,1077,745,127,80,1,-1,-1,-1
697,39,1103,747,115,81,1,-1,-1,-1
698,39,1102,747,115,81,1,-1,-1,-1
699,39,1102,747,115,81,1,-1,-1,-1
700,39,1102,747,115,81,1,-1,-1,-1
701,39,1098,746,119,81,1,-1,-1,-1
702,39,1102,746,116,82,1,-1,-1,-1
703,39,1098,746,119,81,1,-1,-1,-1
704,39,1102,746,115,82,1,-1,-1,-1
705,39,1102,746,117,83,1,-1,-1,-1
706,39,1101,745,119,83,1,-1,-1,-1
707,39,1102,745,119,83,1,-1,-1,-1
708,39,1101,745,119,83,1,-1,-1,-1
709,39,1097,745,106,79,1,-1,-1,-1
710,39,1097,745,105,79,1,-1,-1,-1
711,39,1098,745,105,79,1,-1,-1,-1
712,39,1097,745,105,79,1,-1,-1,-1
713,39,1098,745,105,79,1,-1,-1,-1
714,39,1098,745,105,79,1,-1,-1,-1
715,39,1082,745,119,79,1,-1,-1,-1
716,39,1082,745,119,79,1,-1,-1,-1
717,39,1081,745,119,79,1,-1,-1,-1
718,39,1080,744,120,79,1,-1,-1,-1
719,39,1080,744,121,80,1,-1,-1,-1
720,39,1080,744,121,79,1,-1,-1,-1
721,39,1085,744,116,79,1,-1,-1,-1
722,39,1085,745,116,79,1,-1,-1,-1
723,39,1084,744,117,79,1,-1,-1,-1
724,39,1083,744,118,79,1,-1,-1,-1
725,39,1086,745,114,79,1,-1,-1,-1
726,39,1085,745,115,79,1,-1,-1,-1
727,39,1085,745,115,79,1,-1,-1,-1
728,39,1091,745,109,79,1,-1,-1,-1
729,39,1089,745,111,79,1,-1,-1,-1
730,39,1091,745,108,78,1,-1,-1,-1
731,39,1092,745,108,79,1,-1,-1,-1
732,39,1096,745,104,79,1,-1,-1,-1
733,39,1080,744,121,80,1,-1,-1,-1
734,39,1080,744,121,80,1,-1,-1,-1
735,39,1080,744,122,80,1,-1,-1,-1
736,39,1080,744,120,80,1,-1,-1,-1
737,39,1095,745,107,78,1,-1,-1,-1
738,39,1096,745,107,79,1,-1,-1,-1
739,39,1094,745,109,79,1,-1,-1,-1
740,39,1091,745,114,80,1,-1,-1,-1
741,39,1090,744,116,80,1,-1,-1,-1
742,39,1090,745,115,80,1,-1,-1,-1
743,39,1090,744,116,80,1,-1,-1,-1
744,39,1088,744,117,80,1,-1,-1,-1
745,39,1081,744,128,81,1,-1,-1,-1
746,39,1081,744,128,81,1,-1,-1,-1
747,39,1083,744,125,80,1,-1,-1,-1
748,39,1085,744,123,80,1,-1,-1,-1
749,39,1085,744,121,80,1,-1,-1,-1
750,39,1085,744,122,80,1,-1,-1,-1
751,39,1093,745,114,80,1,-1,-1,-1
752,39,1094,745,114,80,1,-1,-1,-1
753,39,1095,745,112,80,1,-1,-1,-1
754,39,1094,745,114,80,1,-1,-1,-1
755,39,1094,745,114,80,1,-1,-1,-1
756,39,1094,745,114,80,1,-1,-1,-1
757,39,1099,745,117,82,1,-1,-1,-1
758,39,1099,745,117,81,1,-1,-1,-1
759,39,1099,745,117,82,1,-1,-1,-1
760,39,1099,745,116,81,1,-1,-1,-1
761,39,1099,745,116,81,1,-1,-1,-1
762,39,1099,745,117,81,1,-1,-1,-1
763,39,1099,745,117,81,1,-1,-1,-1
764,39,1099,745,116,81,1,-1,-1,-1
765,39,1099,745,116,81,1,-1,-1,-1
766,39,1099,745,116,81,1,-1,-1,-1
767,39,1101,745,116,81,1,-1,-1,-1
768,39,1101,745,114,81,1,-1,-1,-1
769,39,1085,745,117,80,1,-1,-1,-1
770,39,1087,745,117,80,1,-1,-1,-1
771,39,1086,745,117,80,1,-1,-1,-1
772,39,1086,745,117,80,1,-1,-1,-1
773,39,1087,745,116,80,1,-1,-1,-1
774,39,1082,745,121,80,1,-1,-1,-1
775,39,1084,745,120,80,1,-1,-1,-1
776,39,1090,745,113,80,1,-1,-1,-1
777,39,1091,745,112,80,1,-1,-1,-1
778,39,1087,745,117,80,1,-1,-1,-1
779,39,1086,745,117,80,1,-1,-1,-1
780,39,1096,745,107,79,1,-1,-1,-1
781,39,1104,745,100,79,1,-1,-1,-1
782,39,1102,745,103,79,1,-1,-1,-1
783,39,1104,745,101,80,1,-1,-1,-1
784,39,1104,745,100,79,1,-1,-1,-1
785,39,1104,745,100,79,1,-1,-1,-1
786,39,1104,745,100,79,1,-1,-1,-1
787,39,1104,745,99,79,1,-1,-1,-1
788,39,1104,745,99,79,1,-1,-1,-1
789,39,1104,745,100,79,1,-1,-1,-1
790,39,1104,745,100,79,1,-1,-1,-1
791,39,1101,745,103,79,1,-1,-1,-1
792,39,1103,745,103,80,1,-1,-1,-1
793,39,1101,745,101,79,1,-1,-1,-1
794,39,1102,745,101,79,1,-1,-1,-1
795,39,1101,745,101,79,1,-1,-1,-1
796,39,1102,745,101,79,1,-1,-1,-1
797,39,1102,745,101,80,1,-1,-1,-1
798,39,1101,745,101,80,1,-1,-1,-1
799,39,1101,745,101,80,1,-1,-1,-1
800,39,1101,745,102,80,1,-1,-1,-1
801,39,1103,745,99,80,1,-1,-1,-1
802,39,1103,745,99,79,1,-1,-1,-1
803,39,1103,745,99,79,1,-1,-1,-1
804,39,1103,745,100,79,1,-1,-1,-1
805,39,1103,745,98,78,1,-1,-1,-1
806,39,1104,745,98,78,1,-1,-1,-1
807,39,1103,745,99,78,1,-1,-1,-1
808,39,1104,746,98,78,1,-1,-1,-1
809,39,1103,745,99,78,1,-1,-1,-1
810,39,1103,745,99,78,1,-1,-1,-1
811,39,1103,745,98,78,1,-1,-1,-1
812,39,1103,745,99,78,1,-1,-1,-1
813,39,1103,745,99,78,1,-1,-1,-1
814,39,1103,745,99,78,1,-1,-1,-1
815,39,1102,745,99,78,1,-1,-1,-1
816,39,1102,745,99,79,1,-1,-1,-1
817,39,1102,745,101,80,1,-1,-1,-1
818,39,1102,745,101,80,1,-1,-1,-1
819,39,1102,745,102,80,1,-1,-1,-1
820,39,1103,745,100,79,1,-1,-1,-1
821,39,1103,745,100,79,1,-1,-1,-1
822,39,1103,745,100,79,1,-1,-1,-1
823,39,1103,745,100,79,1,-1,-1,-1
824,39,1103,745,100,79,1,-1,-1,-1
825,39,1103,745,100,79,1,-1,-1,-1
826,39,1103,745,99,79,1,-1,-1,-1
827,39,1103,745,99,79,1,-1,-1,-1
828,39,1103,745,98,79,1,-1,-1,-1
829,39,1102,745,99,78,1,-1,-1,-1
830,39,1102,745,99,78,1,-1,-1,-1
831,39,1101,744,101,78,1,-1,-1,-1
832,39,1102,744,101,78,1,-1,-1,-1
833,39,1102,744,101,79,1,-1,-1,-1
834,39,1102,744,100,79,1,-1,-1,-1
835,39,1102,744,101,79,1,-1,-1,-1
836,39,1102,744,100,79,1,-1,-1,-1
837,39,1102,745,100,78,1,-1,-1,-1
838,39,1102,745,99,78,1,-1,-1,-1
839,39,1102,745,99,78,1,-1,-1,-1
840,39,1102,745,99,78,1,-1,-1,-1
841,39,1102,745,100,78,1,-1,-1,-1
842,39,1102,745,100,78,1,-1,-1,-1
843,39,1102,745,100,78,1,-1,-1,-1
844,39,1102,745,100,79,1,-1,-1,-1
845,39,1102,745,99,78,1,-1,-1,-1
846,39,1102,745,99,78,1,-1,-1,-1
847,39,1105,745,99,79,1,-1,-1,-1
848,39,1105,745,98,79,1,-1,-1,-1
849,39,1105,745,99,79,1,-1,-1,-1
850,39,1106,745,97,79,1,-1,-1,-1
851,39,1105,745,100,79,1,-1,-1,-1
852,39,1106,745,100,79,1,-1,-1,-1
853,39,1105,745,111,81,1,-1,-1,-1
854,39,1105,745,111,81,1,-1,-1,-1
855,39,1105,745,111,81,1,-1,-1,-1
856,39,1105,745,111,81,1,-1,-1,-1
857,39,1105,745,111,81,1,-1,-1,-1
858,39,1105,745,111,81,1,-1,-1,-1
859,39,1105,745,111,81,1,-1,-1,-1
860,39,1105,745,111,81,1,-1,-1,-1
861,39,1105,745,110,80,1,-1,-1,-1
862,39,1105,745,111,81,1,-1,-1,-1
863,39,1105,744,111,84,1,-1,-1,-1
864,39,1104,744,112,84,1,-1,-1,-1
865,39,1105,745,111,80,1,-1,-1,-1
866,39,1105,745,111,80,1,-1,-1,-1
867,39,1105,745,111,80,1,-1,-1,-1
868,39,1105,745,111,81,1,-1,-1,-1
869,39,1105,745,112,81,1,-1,-1,-1
870,39,1105,745,112,81,1,-1,-1,-1
871,39,1105,746,111,80,1,-1,-1,-1
872,39,1105,746,111,80,1,-1,-1,-1
873,39,1105,746,111,80,1,-1,-1,-1
874,39,1105,746,110,80,1,-1,-1,-1
875,39,1105,746,110,80,1,-1,-1,-1
876,39,1105,746,110,80,1,-1,-1,-1
877,39,1105,745,111,80,1,-1,-1,-1
878,39,1105,745,111,80,1,-1,-1,-1
879,39,1105,745,111,80,1,-1,-1,-1
880,39,1105,745,110,80,1,-1,-1,-1
881,39,1105,745,109,80,1,-1,-1,-1
882,39,1106,745,98,79,1,-1,-1,-1
883,39,1103,744,111,81,1,-1,-1,-1
884,39,1108,745,108,80,1,-1,-1,-1
885,39,1111,744,106,81,1,-1,-1,-1
886,39,1106,744,111,83,1,-1,-1,-1
887,39,1108,744,111,83,1,-1,-1,-1
888,39,1107,745,112,84,1,-1,-1,-1
912,39,1107,745,102,80,1,-1,-1,-1
913,39,1104,744,113,84,1,-1,-1,-1
914,39,1104,744,113,84,1,-1,-1,-1
915,39,1104,745,113,84,1,-1,-1,-1
916,39,1104,745,112,83,1,-1,-1,-1
917,39,1104,745,112,83,1,-1,-1,-1
918,39,1104,745,112,83,1,-1,-1,-1
919,39,1104,745,112,83,1,-1,-1,-1
920,39,1104,744,113,84,1,-1,-1,-1
921,39,1103,744,115,83,1,-1,-1,-1
922,39,1104,744,113,84,1,-1,-1,-1
923,39,1103,745,115,83,1,-1,-1,-1
924,39,1103,744,114,84,1,-1,-1,-1
925,39,1103,745,114,84,1,-1,-1,-1
926,39,1103,744,111,83,1,-1,-1,-1
927,39,1103,745,114,84,1,-1,-1,-1
928,39,1103,745,114,84,1,-1,-1,-1
929,39,1101,745,114,81,1,-1,-1,-1
930,39,1101,746,115,81,1,-1,-1,-1
931,39,1101,745,115,81,1,-1,-1,-1
932,39,1101,745,115,81,1,-1,-1,-1
933,39,1101,745,114,81,1,-1,-1,-1
934,39,1101,745,114,81,1,-1,-1,-1
935,39,1101,745,114,81,1,-1,-1,-1
936,39,1101,745,114,81,1,-1,-1,-1
937,39,1102,745,112,81,1,-1,-1,-1
938,39,1102,745,111,81,1,-1,-1,-1
939,39,1099,744,105,79,1,-1,-1,-1
940,39,1100,745,103,79,1,-1,-1,-1
941,39,1100,744,104,79,1,-1,-1,-1
942,39,1099,744,106,80,1,-1,-1,-1
943,39,1088,744,118,80,1,-1,-1,-1
944,39,1088,744,119,80,1,-1,-1,-1
945,39,1088,744,121,81,1,-1,-1,-1
946,39,1101,744,117,83,1,-1,-1,-1
947,39,1101,744,117,82,1,-1,-1,-1
948,39,1100,744,119,83,1,-1,-1,-1
949,39,1100,745,113,81,1,-1,-1,-1
950,39,1100,745,114,81,1,-1,-1,-1
951,39,1101,745,108,81,1,-1,-1,-1
952,39,1101,745,107,81,1,-1,-1,-1
953,39,1100,745,107,80,1,-1,-1,-1
954,39,1100,745,106,80,1,-1,-1,-1
955,39,1100,745,106,80,1,-1,-1,-1
956,39,1102,745,104,80,1,-1,-1,-1
957,39,1102,745,103,80,1,-1,-1,-1
958,39,1102,745,103,80,1,-1,-1,-1
959,39,1101,745,104,79,1,-1,-1,-1
960,39,1100,745,105,79,1,-1,-1,-1
961,39,1098,745,106,79,1,-1,-1,-1
962,39,1096,745,108,80,1,-1,-1,-1
963,39,1096,745,109,80,1,-1,-1,-1
964,39,1095,745,110,80,1,-1,-1,-1
965,39,1099,745,106,80,1,-1,-1,-1
966,39,1099,745,105,79,1,-1,-1,-1
967,39,1099,745,106,80,1,-1,-1,-1
968,39,1099,745,105,79,1,-1,-1,-1
969,39,1100,745,114,79,1,-1,-1,-1
970,39,1101,745,114,80,1,-1,-1,-1
971,39,1101,745,114,80,1,-1,-1,-1
972,39,1100,745,115,80,1,-1,-1,-1
973,39,1101,745,115,80,1,-1,-1,-1
974,39,1100,745,115,81,1,-1,-1,-1
975,39,1100,745,116,81,1,-1,-1,-1
976,39,1099,744,116,81,1,-1,-1,-1
977,39,1100,745,116,80,1,-1,-1,-1
978,39,1101,745,116,81,1,-1,-1,-1
979,39,1100,745,116,81,1,-1,-1,-1
980,39,1100,745,116,81,1,-1,-1,-1
981,39,1100,745,116,81,1,-1,-1,-1
982,39,1100,745,116,81,1,-1,-1,-1
983,39,1099,745,117,82,1,-1,-1,-1
984,39,1100,745,116,81,1,-1,-1,-1
985,39,1100,745,117,80,1,-1,-1,-1
986,39,1099,745,117,80,1,-1,-1,-1
987,39,1099,745,117,80,1,-1,-1,-1
988,39,1099,745,117,80,1,-1,-1,-1
989,39,1099,745,118,80,1,-1,-1,-1
990,39,1099,745,118,81,1,-1,-1,-1
991,39,1100,745,118,81,1,-1,-1,-1
992,39,1099,745,118,80,1,-1,-1,-1
993,39,1100,745,117,80,1,-1,-1,-1
994,39,1100,745,117,80,1,-1,-1,-1
995,39,1099,745,117,80,1,-1,-1,-1
996,39,1099,745,117,80,1,-1,-1,-1
997,39,1100,745,117,80,1,-1,-1,-1
998,39,1100,745,117,80,1,-1,-1,-1
999,39,1093,745,111,79,1,-1,-1,-1
1000,39,1094,745,111,79,1,-1,-1,-1
1001,39,1097,745,108,80,1,-1,-1,-1
1002,39,1097,745,108,80,1,-1,-1,-1
1003,39,1097,745,108,80,1,-1,-1,-1
1004,39,1097,745,109,80,1,-1,-1,-1
1005,39,1099,745,106,80,1,-1,-1,-1
1006,39,1099,745,104,80,1,-1,-1,-1
1007,39,1099,745,105,80,1,-1,-1,-1
1008,39,1099,745,104,80,1,-1,-1,-1
1009,39,1102,746,106,80,1,-1,-1,-1
1010,39,1101,745,102,80,1,-1,-1,-1
1011,39,1102,746,107,80,1,-1,-1,-1
1012,39,1102,745,101,79,1,-1,-1,-1
1013,39,1102,746,110,80,1,-1,-1,-1
1014,39,1102,745,103,79,1,-1,-1,-1
1015,39,1101,745,101,79,1,-1,-1,-1
1016,39,1101,745,103,79,1,-1,-1,-1
1017,39,1100,745,103,79,1,-1,-1,-1
1018,39,1100,745,103,79,1,-1,-1,-1
1019,39,1100,745,104,80,1,-1,-1,-1
1020,39,1101,745,103,79,1,-1,-1,-1
1021,39,1102,746,110,79,1,-1,-1,-1
1022,39,1102,746,109,79,1,-1,-1,-1
1023,39,1102,745,100,79,1,-1,-1,-1
1024,39,1103,745,100,79,1,-1,-1,-1
1025,39,1103,746,100,79,1,-1,-1,-1
1026,39,1103,746,99,79,1,-1,-1,-1
1027,39,1103,746,98,78,1,-1,-1,-1
1028,39,1100,745,100,79,1,-1,-1,-1
1029,39,1099,745,101,79,1,-1,-1,-1
1030,39,1098,745,102,79,1,-1,-1,-1
1031,39,1100,745,100,79,1,-1,-1,-1
1032,39,1099,745,101,79,1,-1,-1,-1
1033,39,1098,745,102,79,1,-1,-1,-1
1034,39,1100,745,101,79,1,-1,-1,-1
1035,39,1099,745,102,80,1,-1,-1,-1
1036,39,1099,745,101,80,1,-1,-1,-1
1037,39,1099,745,101,80,1,-1,-1,-1
1038,39,1099,745,101,80,1,-1,-1,-1
1039,39,1099,745,101,80,1,-1,-1,-1
1040,39,1099,745,102,80,1,-1,-1,-1
1041,39,1101,745,99,79,1,-1,-1,-1
1042,39,1101,745,99,79,1,-1,-1,-1
1043,39,1101,745,99,79,1,-1,-1,-1
1044,39,1102,745,119,82,1,-1,-1,-1
1045,39,1100,744,106,82,1,-1,-1,-1
1046,39,1101,744,118,83,1,-1,-1,-1
1047,39,1101,744,118,83,1,-1,-1,-1
1048,39,1102,744,117,83,1,-1,-1,-1
1049,39,1102,744,116,83,1,-1,-1,-1
1050,39,1102,745,111,81,1,-1,-1,-1
1051,39,1102,745,112,81,1,-1,-1,-1
1052,39,1102,744,111,81,1,-1,-1,-1
1053,39,1103,744,110,81,1,-1,-1,-1
1054,39,1103,744,116,84,1,-1,-1,-1
1055,39,1103,744,114,85,1,-1,-1,-1
1056,39,1102,744,115,85,1,-1,-1,-1
1057,39,1101,744,119,85,1,-1,-1,-1
1058,39,1095,743,125,85,1,-1,-1,-1
1059,39,1091,743,128,85,1,-1,-1,-1
1060,39,1088,744,117,83,1,-1,-1,-1
1061,39,1087,743,118,83,1,-1,-1,-1
1062,39,1105,744,112,82,1,-1,-1,-1
1063,39,1105,745,96,80,1,-1,-1,-1
1064,39,1107,744,93,80,1,-1,-1,-1
1065,39,1107,745,109,82,1,-1,-1,-1
1066,39,1108,745,109,82,1,-1,-1,-1
1067,39,1108,744,108,83,1,-1,-1,-1
1068,39,1108,744,109,83,1,-1,-1,-1
1069,39,1106,744,111,84,1,-1,-1,-1
1070,39,1107,745,109,83,1,-1,-1,-1
1071,39,1107,744,109,83,1,-1,-1,-1
1072,39,1109,745,95,77,1,-1,-1,-1
1073,39,1108,745,96,78,1,-1,-1,-1
1074,39,1109,745,94,77,1,-1,-1,-1
1075,39,1108,745,96,77,1,-1,-1,-1
1076,39,1107,745,97,78,1,-1,-1,-1
1077,39,1109,745,107,81,1,-1,-1,-1
1078,39,1108,745,99,79,1,-1,-1,-1
1079,39,1108,745,100,79,1,-1,-1,-1
1080,39,1107,745,99,78,1,-1,-1,-1
1081,39,1107,744,109,84,1,-1,-1,-1
1082,39,1107,744,112,84,1,-1,-1,-1
1083,39,1108,744,111,84,1,-1,-1,-1
1084,39,1107,744,111,84,1,-1,-1,-1
1085,39,1106,744,112,84,1,-1,-1,-1
1086,39,1103,745,114,83,1,-1,-1,-1
1087,39,1103,745,114,83,1,-1,-1,-1
1088,39,1098,745,116,82,1,-1,-1,-1
1089,39,1091,744,123,83,1,-1,-1,-1
1090,39,1088,743,117,82,1,-1,-1,-1
1091,39,1085,743,130,84,1,-1,-1,-1
1092,39,1081,743,125,82,1,-1,-1,-1
1093,39,1095,743,126,84,1,-1,-1,-1
1094,39,1100,744,119,83,1,-1,-1,-1
1095,39,1103,744,117,83,1,-1,-1,-1
1096,39,1086,743,124,82,1,-1,-1,-1
1097,39,1088,744,121,82,1,-1,-1,-1
1098,39,1083,744,126,82,1,-1,-1,-1
1099,39,1082,743,128,82,1,-1,-1,-1
1100,39,1090,744,129,83,1,-1,-1,-1
1101,39,1091,744,129,83,1,-1,-1,-1
1102,39,1099,744,119,84,1,-1,-1,-1
1103,39,1101,744,116,84,1,-1,-1,-1
1104,39,1101,744,116,83,1,-1,-1,-1
1105,39,1101,745,114,82,1,-1,-1,-1
1106,39,1101,745,114,82,1,-1,-1,-1
1107,39,1101,745,114,82,1,-1,-1,-1
1108,39,1101,745,114,82,1,-1,-1,-1
1109,39,1101,745,114,81,1,-1,-1,-1
1110,39,1101,745,114,81,1,-1,-1,-1
1111,39,1101,745,114,81,1,-1,-1,-1
1112,39,1091,745,115,80,1,-1,-1,-1
1113,39,1092,745,113,80,1,-1,-1,-1
1114,39,1091,745,112,80,1,-1,-1,-1
1115,39,1092,745,110,79,1,-1,-1,-1
1116,39,1098,746,105,79,1,-1,-1,-1
1117,39,1099,745,117,80,1,-1,-1,-1
1118,39,1099,745,115,79,1,-1,-1,-1
1119,39,1099,745,118,80,1,-1,-1,-1
1120,39,1099,745,116,80,1,-1,-1,-1
1121,39,1100,745,104,79,1,-1,-1,-1
1122,39,1105,746,97,77,1,-1,-1,-1
1123,39,1103,746,108,78,1,-1,-1,-1
1124,39,1103,746,108,78,1,-1,-1,-1
1125,39,1103,746,108,78,1,-1,-1,-1
1126,39,1104,746,99,78,1,-1,-1,-1
1127,39,1104,746,99,78,1,-1,-1,-1
1128,39,1105,746,99,78,1,-1,-1,-1
1129,39,1103,746,99,78,1,-1,-1,-1
1130,39,1103,746,99,78,1,-1,-1,-1
1131,39,1103,746,101,78,1,-1,-1,-1
1132,39,1103,746,115,82,1,-1,-1,-1
1133,39,1103,746,114,80,1,-1,-1,-1
1134,39,1104,746,113,80,1,-1,-1,-1
1135,39,1104,746,113,80,1,-1,-1,-1
1136,39,1103,746,113,80,1,-1,-1,-1
1137,39,1102,746,115,81,1,-1,-1,-1
1138,39,1102,746,115,81,1,-1,-1,-1
1139,39,1102,746,115,81,1,-1,-1,-1
1140,39,1102,746,119,82,1,-1,-1,-1
1141,39,1103,746,114,81,1,-1,-1,-1
1142,39,1101,746,101,79,1,-1,-1,-1
1143,39,1102,746,101,79,1,-1,-1,-1
1144,39,1102,746,101,79,1,-1,-1,-1
1145,39,1102,746,102,79,1,-1,-1,-1
1146,39,1100,745,103,79,1,-1,-1,-1
1147,39,1100,745,104,80,1,-1,-1,-1
1148,39,1100,745,103,80,1,-1,-1,-1
1149,39,1100,745,103,80,1,-1,-1,-1
1150,39,1100,745,103,80,1,-1,-1,-1
1151,39,1099,745,103,80,1,-1,-1,-1
1152,39,1101,746,111,80,1,-1,-1,-1
1153,39,1101,746,100,79,1,-1,-1,-1
1154,39,1101,746,100,79,1,-1,-1,-1
1155,39,1101,745,100,79,1,-1,-1,-1
1156,39,1101,745,101,79,1,-1,-1,-1
1157,39,1101,745,100,79,1,-1,-1,-1
1158,39,1101,745,101,79,1,-1,-1,-1
1159,39,1101,745,100,79,1,-1,-1,-1
1160,39,1101,745,101,79,1,-1,-1,-1
1161,39,1101,745,101,79,1,-1,-1,-1
1162,39,1101,746,100,78,1,-1,-1,-1
1163,39,1101,746,100,79,1,-1,-1,-1
1164,39,1101,746,100,79,1,-1,-1,-1
1165,39,1100,745,101,79,1,-1,-1,-1
1166,39,1100,745,102,79,1,-1,-1,-1
1167,39,1101,745,101,79,1,-1,-1,-1
1168,39,1100,745,101,79,1,-1,-1,-1
1169,39,1100,745,101,79,1,-1,-1,-1
1170,39,1100,745,101,79,1,-1,-1,-1
1171,39,1100,745,101,79,1,-1,-1,-1
1172,39,1092,745,107,80,1,-1,-1,-1
1173,39,1092,745,108,80,1,-1,-1,-1
1174,39,1092,745,108,80,1,-1,-1,-1
1175,39,1092,745,108,80,1,-1,-1,-1
1176,39,1092,745,108,80,1,-1,-1,-1
1177,39,1101,746,99,79,1,-1,-1,-1
1178,39,1102,746,98,79,1,-1,-1,-1
1179,39,1102,746,99,79,1,-1,-1,-1
1180,39,1102,746,98,79,1,-1,-1,-1
1181,39,1101,746,99,79,1,-1,-1,-1
1182,39,1102,746,98,79,1,-1,-1,-1
1183,39,1102,746,98,79,1,-1,-1,-1
1184,39,1102,746,97,78,1,-1,-1,-1
1185,39,1102,746,97,78,1,-1,-1,-1
1186,39,1102,746,97,78,1,-1,-1,-1
1187,39,1101,746,98,78,1,-1,-1,-1
1188,39,1102,746,98,78,1,-1,-1,-1
1189,39,1103,746,98,78,1,-1,-1,-1
1190,39,1103,746,97,78,1,-1,-1,-1
1191,39,1103,746,97,78,1,-1,-1,-1
1192,39,1100,745,102,79,1,-1,-1,-1
1193,39,1100,745,102,79,1,-1,-1,-1
1194,39,1100,745,102,79,1,-1,-1,-1
1195,39,1100,745,102,79,1,-1,-1,-1
1196,39,1100,745,101,78,1,-1,-1,-1
1197,39,1100,745,101,79,1,-1,-1,-1
1198,39,1100,745,101,79,1,-1,-1,-1
1199,39,1100,745,100,78,1,-1,-1,-1
1200,39,1101,745,99,78,1,-1,-1,-1
1201,39,1098,745,105,79,1,-1,-1,-1
1202,39,1098,745,105,79,1,-1,-1,-1
1203,39,1098,745,104,79,1,-1,-1,-1
1204,39,1098,745,104,79,1,-1,-1,-1
1205,39,1098,745,104,79,1,-1,-1,-1
1206,39,1098,745,104,79,1,-1,-1,-1
1207,39,1098,745,104,79,1,-1,-1,-1
1208,39,1098,745,104,79,1,-1,-1,-1
1209,39,1098,745,104,79,1,-1,-1,-1
1210,39,1099,745,104,79,1,-1,-1,-1
1211,39,1099,745,104,79,1,-1,-1,-1
1212,39,1098,745,104,79,1,-1,-1,-1
1213,39,1092,745,109,80,1,-1,-1,-1
1214,39,1092,745,109,80,1,-1,-1,-1
1215,39,1093,745,109,80,1,-1,-1,-1
1216,39,1093,745,109,80,1,-1,-1,-1
1217,39,1093,745,109,80,1,-1,-1,-1
1218,39,1094,745,108,80,1,-1,-1,-1
1219,39,1094,745,108,80,1,-1,-1,-1
1220,39,1093,745,109,80,1,-1,-1,-1
1221,39,1095,745,107,80,1,-1,-1,-1
1222,39,1095,745,107,80,1,-1,-1,-1
1223,39,1094,745,108,80,1,-1,-1,-1
1224,39,1094,745,108,80,1,-1,-1,-1
1225,39,1092,745,110,80,1,-1,-1,-1
1226,39,1093,745,110,80,1,-1,-1,-1
1227,39,1093,745,109,80,1,-1,-1,-1
1228,39,1093,745,109,80,1,-1,-1,-1
1229,39,1093,745,109,80,1,-1,-1,-1
1230,39,1093,745,109,80,1,-1,-1,-1
1231,39,1093,745,110,80,1,-1,-1,-1
1232,39,1093,745,110,80,1,-1,-1,-1
1233,39,1093,745,110,80,1,-1,-1,-1
1234,39,1093,745,110,80,1,-1,-1,-1
1235,39,1092,745,110,80,1,-1,-1,-1
1236,39,1093,745,110,80,1,-1,-1,-1
1237,39,1097,745,104,80,1,-1,-1,-1
1238,39,1097,745,104,80,1,-1,-1,-1
1239,39,1097,745,105,80,1,-1,-1,-1
1240,39,1096,745,106,80,1,-1,-1,-1
1241,39,1096,745,106,80,1,-1,-1,-1
1242,39,1096,745,106,80,1,-1,-1,-1
1243,39,1096,745,106,80,1,-1,-1,-1
1244,39,1096,745,105,80,1,-1,-1,-1
1245,39,1099,745,102,80,1,-1,-1,-1
1246,39,1099,745,102,80,1,-1,-1,-1
1247,39,1099,745,103,80,1,-1,-1,-1
1248,39,1099,745,103,80,1,-1,-1,-1
1249,39,1099,745,103,80,1,-1,-1,-1
1250,39,1099,745,103,80,1,-1,-1,-1
1251,39,1098,745,104,80,1,-1,-1,-1
1252,39,1099,745,103,80,1,-1,-1,-1
1253,39,1099,745,103,80,1,-1,-1,-1
1254,39,1099,745,103,80,1,-1,-1,-1
1255,39,1099,745,103,80,1,-1,-1,-1
1256,39,1099,745,103,80,1,-1,-1,-1
1257,39,1099,745,103,80,1,-1,-1,-1
1258,39,1099,745,103,80,1,-1,-1,-1
1259,39,1099,745,104,80,1,-1,-1,-1
1260,39,1099,745,104,80,1,-1,-1,-1
1261,39,1100,746,101,79,1,-1,-1,-1
1262,39,1094,745,109,80,1,-1,-1,-1
1263,39,1085,744,118,80,1,-1,-1,-1
1264,39,1085,744,119,81,1,-1,-1,-1
1265,39,1085,744,119,81,1,-1,-1,-1
1266,39,1084,744,120,81,1,-1,-1,-1
1267,39,1084,744,120,81,1,-1,-1,-1
1268,39,1084,744,119,80,1,-1,-1,-1
1269,39,1084,744,120,80,1,-1,-1,-1
1270,39,1085,744,119,80,1,-1,-1,-1
1271,39,1084,744,120,81,1,-1,-1,-1
1272,39,1099,745,114,81,1,-1,-1,-1
1273,39,1100,746,115,81,1,-1,-1,-1
1274,39,1100,746,115,81,1,-1,-1,-1
1275,39,1099,745,109,81,1,-1,-1,-1
1276,39,1100,746,115,81,1,-1,-1,-1
1277,39,1100,746,115,81,1,-1,-1,-1
1278,39,1100,746,115,81,1,-1,-1,-1
1279,39,1100,746,115,81,1,-1,-1,-1
1280,39,1100,746,115,81,1,-1,-1,-1
1281,39,1100,746,115,81,1,-1,-1,-1
1282,39,1103,746,109,80,1,-1,-1,-1
1283,39,1103,746,109,80,1,-1,-1,-1
1284,39,1103,746,109,80,1,-1,-1,-1
1285,39,1104,746,99,79,1,-1,-1,-1
1286,39,1104,746,99,79,1,-1,-1,-1
1287,39,1104,746,98,79,1,-1,-1,-1
1288,39,1104,746,98,79,1,-1,-1,-1
1289,39,1105,746,98,79,1,-1,-1,-1
1290,39,1105,746,98,79,1,-1,-1,-1
1291,39,1105,746,98,79,1,-1,-1,-1
1292,39,1105,746,98,79,1,-1,-1,-1
1293,39,1105,746,98,79,1,-1,-1,-1
1294,39,1105,746,98,79,1,-1,-1,-1
1295,39,1105,746,98,79,1,-1,-1,-1
1296,39,1105,746,97,79,1,-1,-1,-1
1297,39,1104,746,98,79,1,-1,-1,-1
1298,39,1104,746,98,79,1,-1,-1,-1
1299,39,1104,746,98,79,1,-1,-1,-1
1300,39,1104,746,98,79,1,-1,-1,-1
1301,39,1104,746,98,79,1,-1,-1,-1
1302,39,1104,746,99,79,1,-1,-1,-1
1303,39,1104,746,99,80,1,-1,-1,-1
1304,39,1104,746,100,80,1,-1,-1,-1
1305,39,1104,746,100,80,1,-1,-1,-1
1306,39,1104,746,99,80,1,-1,-1,-1
1307,39,1104,746,99,80,1,-1,-1,-1
1308,39,1104,746,99,80,1,-1,-1,-1
1309,39,1104,746,97,79,1,-1,-1,-1
1310,39,1104,746,97,79,1,-1,-1,-1
1311,39,1104,746,97,79,1,-1,-1,-1
1312,39,1104,746,98,79,1,-1,-1,-1
1313,39,1104,746,98,79,1,-1,-1,-1
1314,39,1104,746,98,79,1,-1,-1,-1
1315,39,1104,746,98,79,1,-1,-1,-1
1316,39,1104,746,98,79,1,-1,-1,-1
1317,39,1104,746,98,79,1,-1,-1,-1
1318,39,1104,746,98,79,1,-1,-1,-1
1319,39,1104,746,98,79,1,-1,-1,-1
1320,39,1104,746,98,79,1,-1,-1,-1
1321,39,1105,746,98,79,1,-1,-1,-1
1322,39,1105,746,98,79,1,-1,-1,-1
1323,39,1105,746,98,79,1,-1,-1,-1
1324,39,1105,746,98,79,1,-1,-1,-1
1325,39,1105,746,98,79,1,-1,-1,-1
1326,39,1105,746,98,79,1,-1,-1,-1
1327,39,1105,746,98,79,1,-1,-1,-1
1328,39,1105,746,98,79,1,-1,-1,-1
1329,39,1105,746,98,79,1,-1,-1,-1
1330,39,1105,746,98,79,1,-1,-1,-1
1331,39,1105,746,98,79,1,-1,-1,-1
1332,39,1101,745,103,80,1,-1,-1,-1
1333,39,1098,745,105,80,1,-1,-1,-1
1334,39,1098,745,105,80,1,-1,-1,-1
1335,39,1099,745,105,80,1,-1,-1,-1
1336,39,1099,745,105,80,1,-1,-1,-1
1337,39,1099,745,105,80,1,-1,-1,-1
1338,39,1099,745,104,80,1,-1,-1,-1
1339,39,1098,745,106,80,1,-1,-1,-1
1340,39,1096,745,107,80,1,-1,-1,-1
1341,39,1096,745,109,80,1,-1,-1,-1
1342,39,1095,745,108,80,1,-1,-1,-1
1343,39,1096,745,108,80,1,-1,-1,-1
1344,39,1097,745,107,80,1,-1,-1,-1
1345,39,1093,745,112,80,1,-1,-1,-1
1346,39,1093,745,111,80,1,-1,-1,-1
1347,39,1092,745,112,80,1,-1,-1,-1
1348,39,1094,745,110,80,1,-1,-1,-1
1349,39,1094,745,110,80,1,-1,-1,-1
1350,39,1095,745,109,80,1,-1,-1,-1
1351,39,1095,745,109,80,1,-1,-1,-1
1352,39,1094,745,110,80,1,-1,-1,-1
1353,39,1093,745,111,80,1,-1,-1,-1
1354,39,1093,745,111,80,1,-1,-1,-1
1355,39,1092,745,113,80,1,-1,-1,-1
1356,39,1092,745,112,80,1,-1,-1,-1
1357,39,1095,745,109,80,1,-1,-1,-1
1358,39,1095,745,109,80,1,-1,-1,-1
1359,39,1095,745,110,80,1,-1,-1,-1
1360,39,1094,745,110,80,1,-1,-1,-1
1361,39,1094,745,111,80,1,-1,-1,-1
1362,39,1095,745,110,80,1,-1,-1,-1
1363,39,1095,745,109,80,1,-1,-1,-1
1364,39,1095,745,110,80,1,-1,-1,-1
1365,39,1094,745,110,80,1,-1,-1,-1
1366,39,1094,745,111,80,1,-1,-1,-1
1367,39,1095,745,110,80,1,-1,-1,-1
1368,39,1095,745,111,80,1,-1,-1,-1
1369,39,1095,745,108,80,1,-1,-1,-1
1370,39,1095,745,109,80,1,-1,-1,-1
1371,39,1095,745,109,80,1,-1,-1,-1
1372,39,1095,745,108,80,1,-1,-1,-1
1373,39,1095,745,109,80,1,-1,-1,-1
1374,39,1099,746,102,79,1,-1,-1,-1
1375,39,1100,746,101,79,1,-1,-1,-1
1376,39,1100,746,101,79,1,-1,-1,-1
1377,39,1099,746,102,79,1,-1,-1,-1
1378,39,1100,746,101,79,1,-1,-1,-1
1379,39,1100,746,101,79,1,-1,-1,-1
1380,39,1100,746,100,78,1,-1,-1,-1
1381,39,1104,746,118,81,1,-1,-1,-1
1382,39,1104,746,118,81,1,-1,-1,-1
1383,39,1104,746,118,81,1,-1,-1,-1
1384,39,1104,746,118,81,1,-1,-1,-1
1385,39,1104,746,118,81,1,-1,-1,-1
1386,39,1104,746,118,81,1,-1,-1,-1
1387,39,1104,746,118,81,1,-1,-1,-1
1388,39,1104,746,118,81,1,-1,-1,-1
1389,39,1104,746,118,81,1,-1,-1,-1
1390,39,1104,746,118,81,1,-1,-1,-1
1391,39,1104,746,118,81,1,-1,-1,-1
1392,39,1096,745,107,80,1,-1,-1,-1
1393,39,1101,745,104,79,1,-1,-1,-1
1394,39,1101,745,103,79,1,-1,-1,-1
1395,39,1100,745,104,79,1,-1,-1,-1
1396,39,1100,745,105,79,1,-1,-1,-1
1397,39,1101,745,103,79,1,-1,-1,-1
1398,39,1102,746,101,79,1,-1,-1,-1
1399,39,1102,746,100,79,1,-1,-1,-1
1400,39,1102,746,100,78,1,-1,-1,-1
1401,39,1102,745,99,78,1,-1,-1,-1
1402,39,1100,746,103,79,1,-1,-1,-1
1403,39,1102,746,102,79,1,-1,-1,-1
1404,39,1102,746,102,79,1,-1,-1,-1
1405,39,1101,746,113,80,1,-1,-1,-1
1406,39,1101,746,113,80,1,-1,-1,-1
1407,39,1101,746,113,80,1,-1,-1,-1
1408,39,1101,746,113,80,1,-1,-1,-1
1409,39,1101,746,113,80,1,-1,-1,-1
1410,39,1101,746,113,80,1,-1,-1,-1
1411,39,1101,746,113,80,1,-1,-1,-1
1412,39,1101,746,113,80,1,-1,-1,-1
1413,39,1101,746,113,80,1,-1,-1,-1
1414,39,1101,746,112,80,1,-1,-1,-1
1415,39,1101,746,113,80,1,-1,-1,-1
1416,39,1101,746,113,80,1,-1,-1,-1
1417,39,1101,746,113,81,1,-1,-1,-1
1418,39,1101,746,113,81,1,-1,-1,-1
1419,39,1101,746,113,81,1,-1,-1,-1
1420,39,1101,746,112,81,1,-1,-1,-1
1421,39,1101,746,112,81,1,-1,-1,-1
1422,39,1103,746,100,79,1,-1,-1,-1
1423,39,1103,746,101,79,1,-1,-1,-1
1424,39,1103,746,101,79,1,-1,-1,-1
1425,39,1103,746,101,79,1,-1,-1,-1
1426,39,1103,746,101,79,1,-1,-1,-1
1427,39,1102,746,102,79,1,-1,-1,-1
1428,39,1102,746,101,79,1,-1,-1,-1
1429,39,1103,746,98,78,1,-1,-1,-1
1430,39,1102,746,99,78,1,-1,-1,-1
1431,39,1102,746,99,78,1,-1,-1,-1
1432,39,1102,746,99,78,1,-1,-1,-1
1433,39,1102,746,99,78,1,-1,-1,-1
1434,39,1102,746,99,78,1,-1,-1,-1
1435,39,1102,746,99,78,1,-1,-1,-1
1436,39,1102,746,99,78,1,-1,-1,-1
1437,39,1102,746,99,78,1,-1,-1,-1
1438,39,1102,746,100,79,1,-1,-1,-1
1439,39,1102,746,100,79,1,-1,-1,-1
1440,39,1102,746,100,79,1,-1,-1,-1
1441,39,1102,746,99,78,1,-1,-1,-1
1442,39,1101,745,100,79,1,-1,-1,-1
1443,39,1101,745,100,79,1,-1,-1,-1
1444,39,1100,745,101,79,1,-1,-1,-1
1445,39,1100,745,101,79,1,-1,-1,-1
1446,39,1100,745,101,79,1,-1,-1,-1
1447,39,1097,745,105,79,1,-1,-1,-1
1448,39,1097,745,105,79,1,-1,-1,-1
1449,39,1097,745,105,79,1,-1,-1,-1
1450,39,1097,745,105,79,1,-1,-1,-1
1451,39,1098,745,103,79,1,-1,-1,-1
1452,39,1101,745,103,79,1,-1,-1,-1
1453,39,1086,745,116,79,1,-1,-1,-1
1454,39,1088,745,115,79,1,-1,-1,-1
1455,39,1089,745,114,79,1,-1,-1,-1
1456,39,1088,745,115,79,1,-1,-1,-1
1457,39,1087,745,115,79,1,-1,-1,-1
1458,39,1087,745,115,79,1,-1,-1,-1
1459,39,1088,745,114,79,1,-1,-1,-1
1460,39,1088,745,114,79,1,-1,-1,-1
1461,39,1088,745,115,79,1,-1,-1,-1
1462,39,1099,746,103,79,1,-1,-1,-1
1463,39,1099,746,103,79,1,-1,-1,-1
1464,39,1099,746,102,79,1,-1,-1,-1
1465,39,1100,745,117,83,1,-1,-1,-1
1466,39,1100,745,117,83,1,-1,-1,-1
1467,39,1100,745,117,83,1,-1,-1,-1
1468,39,1100,745,117,82,1,-1,-1,-1
1469,39,1100,745,117,82,1,-1,-1,-1
1470,39,1100,745,117,82,1,-1,-1,-1
1471,39,1100,745,117,82,1,-1,-1,-1
1472,39,1100,745,117,82,1,-1,-1,-1
1473,39,1100,745,117,82,1,-1,-1,-1
1474,39,1100,745,117,82,1,-1,-1,-1
1475,39,1100,745,117,82,1,-1,-1,-1
1476,39,1100,745,117,82,1,-1,-1,-1
1477,39,1100,745,117,82,1,-1,-1,-1
1478,39,1100,745,117,82,1,-1,-1,-1
1479,39,1100,745,117,82,1,-1,-1,-1
1480,39,1100,745,117,82,1,-1,-1,-1
1481,39,1100,745,117,82,1,-1,-1,-1
1482,39,1100,745,117,82,1,-1,-1,-1
1483,39,1100,745,117,82,1,-1,-1,-1
1484,39,1100,745,117,82,1,-1,-1,-1
1485,39,1099,745,117,82,1,-1,-1,-1
1486,39,1099,745,118,82,1,-1,-1,-1
1487,39,1100,745,117,83,1,-1,-1,-1
1488,39,1101,745,117,83,1,-1,-1,-1
1489,39,1100,745,118,83,1,-1,-1,-1
1490,39,1100,745,117,83,1,-1,-1,-1
1491,39,1100,745,117,82,1,-1,-1,-1
1492,39,1100,745,117,82,1,-1,-1,-1
1493,39,1101,745,117,82,1,-1,-1,-1
1494,39,1100,745,118,83,1,-1,-1,-1
1495,39,1099,745,118,83,1,-1,-1,-1
1496,39,1099,745,119,83,1,-1,-1,-1
1497,39,1098,745,119,83,1,-1,-1,-1
1498,39,1097,745,120,83,1,-1,-1,-1
1499,39,1098,745,119,83,1,-1,-1,-1
1500,39,1098,745,121,83,1,-1,-1,-1
1501,39,1099,746,116,80,1,-1,-1,-1
1502,39,1103,745,115,82,1,-1,-1,-1
1503,39,1102,745,114,82,1,-1,-1,-1
1504,39,1102,745,114,82,1,-1,-1,-1
1505,39,1102,745,114,82,1,-1,-1,-1
1506,39,1103,745,114,82,1,-1,-1,-1
1507,39,1100,745,106,80,1,-1,-1,-1
1508,39,1100,745,106,80,1,-1,-1,-1
1509,39,1100,745,105,80,1,-1,-1,-1
1510,39,1100,745,106,80,1,-1,-1,-1
1511,39,1103,745,114,82,1,-1,-1,-1
1512,39,1103,745,114,82,1,-1,-1,-1
1513,39,1102,745,100,79,1,-1,-1,-1
1514,39,1102,745,100,79,1,-1,-1,-1
1515,39,1102,745,100,79,1,-1,-1,-1
1516,39,1102,745,101,79,1,-1,-1,-1
1517,39,1102,745,100,79,1,-1,-1,-1
1518,39,1102,745,100,79,1,-1,-1,-1
1519,39,1102,745,101,79,1,-1,-1,-1
1520,39,1102,745,101,79,1,-1,-1,-1
1521,39,1102,745,101,80,1,-1,-1,-1
1522,39,1102,745,101,80,1,-1,-1,-1
1523,39,1102,745,101,80,1,-1,-1,-1
1524,39,1102,745,101,80,1,-1,-1,-1
1525,39,1099,745,106,80,1,-1,-1,-1
1526,39,1098,745,106,80,1,-1,-1,-1
1527,39,1099,745,106,80,1,-1,-1,-1
1528,39,1099,745,106,80,1,-1,-1,-1
1529,39,1099,745,106,80,1,-1,-1,-1
1530,39,1098,745,107,80,1,-1,-1,-1
1531,39,1099,745,106,80,1,-1,-1,-1
1532,39,1101,745,104,80,1,-1,-1,-1
1533,39,1102,745,102,80,1,-1,-1,-1
1534,39,1102,745,102,80,1,-1,-1,-1
1535,39,1100,745,104,80,1,-1,-1,-1
1536,39,1098,745,106,80,1,-1,-1,-1
1537,39,1103,745,100,79,1,-1,-1,-1
1538,39,1103,745,100,79,1,-1,-1,-1
1539,39,1103,746,100,79,1,-1,-1,-1
1540,39,1103,746,100,79,1,-1,-1,-1
1541,39,1103,746,100,79,1,-1,-1,-1
1542,39,1103,746,100,79,1,-1,-1,-1
1543,39,1103,746,100,79,1,-1,-1,-1
1544,39,1103,746,100,79,1,-1,-1,-1
1545,39,1103,746,100,79,1,-1,-1,-1
1546,39,1103,746,100,79,1,-1,-1,-1
1547,39,1103,745,100,79,1,-1,-1,-1
1548,39,1103,745,101,79,1,-1,-1,-1
1549,39,1101,745,102,79,1,-1,-1,-1
1550,39,1101,745,102,79,1,-1,-1,-1
1551,39,1101,745,102,79,1,-1,-1,-1
1552,39,1102,745,101,79,1,-1,-1,-1
1553,39,1102,745,100,79,1,-1,-1,-1
1554,39,1102,745,101,79,1,-1,-1,-1
1555,39,1102,745,101,79,1,-1,-1,-1
1556,39,1102,745,100,79,1,-1,-1,-1
1557,39,1102,745,100,79,1,-1,-1,-1
1558,39,1102,745,100,79,1,-1,-1,-1
1559,39,1102,745,100,79,1,-1,-1,-1
1560,39,1102,745,100,79,1,-1,-1,-1
1561,39,1102,745,101,79,1,-1,-1,-1
1562,39,1102,745,101,79,1,-1,-1,-1
1563,39,1102,745,101,79,1,-1,-1,-1
1564,39,1102,745,101,79,1,-1,-1,-1
1565,39,1103,746,100,78,1,-1,-1,-1
1566,39,1103,746,100,79,1,-1,-1,-1
1567,39,1103,746,100,79,1,-1,-1,-1
1568,39,1103,746,100,79,1,-1,-1,-1
1569,39,1104,746,99,79,1,-1,-1,-1
1570,39,1104,746,99,78,1,-1,-1,-1
1571,39,1103,746,99,78,1,-1,-1,-1
1572,39,1103,746,100,79,1,-1,-1,-1
1573,39,1096,745,107,79,1,-1,-1,-1
1574,39,1095,745,108,79,1,-1,-1,-1
1575,39,1094,745,108,79,1,-1,-1,-1
1576,39,1094,745,108,79,1,-1,-1,-1
1577,39,1093,745,109,79,1,-1,-1,-1
1578,39,1095,745,108,79,1,-1,-1,-1
1579,39,1094,745,109,79,1,-1,-1,-1
1580,39,1094,745,108,79,1,-1,-1,-1
1581,39,1095,745,107,79,1,-1,-1,-1
1582,39,1095,745,107,79,1,-1,-1,-1
1583,39,1095,745,107,79,1,-1,-1,-1
1584,39,1095,745,107,79,1,-1,-1,-1
1585,39,1094,745,110,80,1,-1,-1,-1
1586,39,1094,745,109,80,1,-1,-1,-1
1587,39,1094,745,109,80,1,-1,-1,-1
1588,39,1093,745,110,80,1,-1,-1,-1
1589,39,1101,745,105,80,1,-1,-1,-1
1590,39,1102,745,104,80,1,-1,-1,-1
1591,39,1102,745,104,80,1,-1,-1,-1
1592,39,1102,745,104,80,1,-1,-1,-1
1593,39,1102,745,105,80,1,-1,-1,-1
1594,39,1102,745,105,80,1,-1,-1,-1
1595,39,1102,745,105,80,1,-1,-1,-1
1596,39,1102,745,105,80,1,-1,-1,-1
1597,39,1101,745,107,79,1,-1,-1,-1
1598,39,1101,745,107,79,1,-1,-1,-1
1599,39,1101,745,107,79,1,-1,-1,-1
1600,39,1101,745,107,80,1,-1,-1,-1
1601,39,1102,745,102,79,1,-1,-1,-1
1602,39,1102,745,102,79,1,-1,-1,-1
1603,39,1102,745,101,79,1,-1,-1,-1
1604,39,1102,745,101,79,1,-1,-1,-1
1605,39,1102,745,101,79,1,-1,-1,-1
1606,39,1102,745,101,79,1,-1,-1,-1
1607,39,1102,745,101,79,1,-1,-1,-1
1608,39,1102,745,101,79,1,-1,-1,-1
1609,39,1102,746,101,78,1,-1,-1,-1
1610,39,1102,746,101,79,1,-1,-1,-1
1611,39,1102,746,101,79,1,-1,-1,-1
1612,39,1102,746,101,79,1,-1,-1,-1
1613,39,1102,746,101,79,1,-1,-1,-1
1614,39,1102,746,101,79,1,-1,-1,-1
1615,39,1102,746,101,79,1,-1,-1,-1
1616,39,1102,746,101,79,1,-1,-1,-1
1617,39,1102,746,101,79,1,-1,-1,-1
1618,39,1102,745,101,79,1,-1,-1,-1
1619,39,1102,746,100,79,1,-1,-1,-1
1620,39,1102,746,100,79,1,-1,-1,-1
1621,39,1103,746,100,78,1,-1,-1,-1
1622,39,1103,746,100,78,1,-1,-1,-1
1623,39,1103,746,100,78,1,-1,-1,-1
1624,39,1103,746,100,78,1,-1,-1,-1
1625,39,1103,745,100,79,1,-1,-1,-1
1626,39,1103,745,100,79,1,-1,-1,-1
1627,39,1103,745,100,79,1,-1,-1,-1
1628,39,1103,745,100,79,1,-1,-1,-1
1629,39,1102,746,102,79,1,-1,-1,-1
1630,39,1102,746,102,79,1,-1,-1,-1
1631,39,1102,746,102,79,1,-1,-1,-1
1632,39,1103,746,102,79,1,-1,-1,-1
1633,39,1102,746,100,78,1,-1,-1,-1
1634,39,1102,746,100,78,1,-1,-1,-1
1635,39,1102,746,100,78,1,-1,-1,-1
1636,39,1103,746,100,78,1,-1,-1,-1
1637,39,1102,746,101,78,1,-1,-1,-1
1638,39,1103,746,100,78,1,-1,-1,-1
1639,39,1103,746,101,77,1,-1,-1,-1
1640,39,1103,746,102,77,1,-1,-1,-1
1641,39,1103,746,102,77,1,-1,-1,-1
1642,39,1103,746,101,77,1,-1,-1,-1
1643,39,1103,746,101,77,1,-1,-1,-1
1644,39,1103,746,101,77,1,-1,-1,-1
1645,39,1102,746,108,77,1,-1,-1,-1
1646,39,1102,746,108,77,1,-1,-1,-1
1647,39,1102,746,109,78,1,-1,-1,-1
1648,39,1102,746,110,78,1,-1,-1,-1
1649,39,1103,747,108,78,1,-1,-1,-1
1650,39,1103,747,108,78,1,-1,-1,-1
1651,39,1104,747,108,78,1,-1,-1,-1
1652,39,1104,747,108,78,1,-1,-1,-1
1653,39,1103,747,109,78,1,-1,-1,-1
1654,39,1103,747,109,78,1,-1,-1,-1
1655,39,1103,747,108,78,1,-1,-1,-1
1656,39,1103,747,108,78,1,-1,-1,-1
1657,39,1104,746,107,78,1,-1,-1,-1
1658,39,1104,746,107,78,1,-1,-1,-1
1659,39,1104,746,107,78,1,-1,-1,-1
1660,39,1104,746,107,78,1,-1,-1,-1
1661,39,1104,746,106,78,1,-1,-1,-1
1662,39,1104,746,107,78,1,-1,-1,-1
1663,39,1103,746,107,78,1,-1,-1,-1
1664,39,1103,746,107,78,1,-1,-1,-1
1665,39,1103,746,108,78,1,-1,-1,-1
1666,39,1103,746,108,78,1,-1,-1,-1
1667,39,1103,746,108,78,1,-1,-1,-1
1668,39,1104,746,108,78,1,-1,-1,-1
1669,39,1104,746,107,78,1,-1,-1,-1
1670,39,1104,746,107,78,1,-1,-1,-1
1671,39,1104,746,107,78,1,-1,-1,-1
1672,39,1104,746,107,78,1,-1,-1,-1
1673,39,1104,746,100,78,1,-1,-1,-1
1674,39,1105,746,100,78,1,-1,-1,-1
1675,39,1104,746,100,78,1,-1,-1,-1
1676,39,1104,746,100,78,1,-1,-1,-1
1677,39,1105,746,100,78,1,-1,-1,-1
1678,39,1105,746,100,78,1,-1,-1,-1
1679,39,1102,745,101,78,1,-1,-1,-1
1680,39,1102,745,102,78,1,-1,-1,-1
1681,39,1103,745,103,78,1,-1,-1,-1
1682,39,1103,745,103,78,1,-1,-1,-1
1683,39,1103,745,103,78,1,-1,-1,-1
1684,39,1103,745,103,78,1,-1,-1,-1
1685,39,1103,745,103,78,1,-1,-1,-1
1686,39,1103,745,103,78,1,-1,-1,-1
1687,39,1103,745,103,78,1,-1,-1,-1
1688,39,1103,745,103,78,1,-1,-1,-1
1689,39,1103,745,103,78,1,-1,-1,-1
1690,39,1103,745,103,78,1,-1,-1,-1
1691,39,1103,745,103,78,1,-1,-1,-1
1692,39,1103,745,103,78,1,-1,-1,-1
1693,39,1103,745,103,78,1,-1,-1,-1
1694,39,1103,745,103,78,1,-1,-1,-1
1695,39,1103,745,103,78,1,-1,-1,-1
1696,39,1102,745,103,78,1,-1,-1,-1
1697,39,1102,745,103,78,1,-1,-1,-1
1698,39,1102,745,103,78,1,-1,-1,-1
1699,39,1102,745,103,78,1,-1,-1,-1
1700,39,1102,745,103,78,1,-1,-1,-1
1701,39,1102,745,103,78,1,-1,-1,-1
1702,39,1102,745,103,78,1,-1,-1,-1
1703,39,1102,745,103,78,1,-1,-1,-1
1704,39,1102,745,103,78,1,-1,-1,-1
1705,39,1103,745,104,78,1,-1,-1,-1
1706,39,1103,745,104,78,1,-1,-1,-1
1707,39,1103,745,104,78,1,-1,-1,-1
1708,39,1103,745,114,80,1,-1,-1,-1
1709,39,1103,745,114,80,1,-1,-1,-1
1710,39,1102,746,109,78,1,-1,-1,-1
1711,39,1103,745,104,78,1,-1,-1,-1
1712,39,1103,745,104,78,1,-1,-1,-1
1713,39,1102,745,109,78,1,-1,-1,-1
1714,39,1102,745,109,78,1,-1,-1,-1
1715,39,1103,745,104,78,1,-1,-1,-1
1716,39,1103,745,104,78,1,-1,-1,-1
1717,39,1103,745,103,78,1,-1,-1,-1
1718,39,1103,745,104,78,1,-1,-1,-1
1719,39,1103,746,99,78,1,-1,-1,-1
1720,39,1103,746,99,78,1,-1,-1,-1
1721,39,1103,746,99,78,1,-1,-1,-1
1722,39,1103,746,99,78,1,-1,-1,-1
1723,39,1103,746,99,78,1,-1,-1,-1
1724,39,1103,746,99,78,1,-1,-1,-1
1725,39,1103,746,99,78,1,-1,-1,-1
1726,39,1103,746,99,78,1,-1,-1,-1
1727,39,1103,746,99,78,1,-1,-1,-1
1728,39,1103,746,99,78,1,-1,-1,-1
1729,39,1101,746,100,78,1,-1,-1,-1
1730,39,1101,746,100,78,1,-1,-1,-1
1731,39,1101,746,100,78,1,-1,-1,-1
1732,39,1101,746,100,78,1,-1,-1,-1
1733,39,1102,746,100,78,1,-1,-1,-1
1734,39,1102,746,100,78,1,-1,-1,-1
1735,39,1102,746,100,78,1,-1,-1,-1
1736,39,1101,746,100,78,1,-1,-1,-1
1737,39,1101,746,100,78,1,-1,-1,-1
1738,39,1101,746,100,78,1,-1,-1,-1
1739,39,1101,746,100,78,1,-1,-1,-1
1740,39,1101,746,100,78,1,-1,-1,-1
1741,39,1101,746,100,78,1,-1,-1,-1
1742,39,1101,746,99,78,1,-1,-1,-1
1743,39,1101,746,99,78,1,-1,-1,-1
1744,39,1101,746,99,78,1,-1,-1,-1
1745,39,1101,746,99,78,1,-1,-1,-1
1746,39,1101,746,99,78,1,-1,-1,-1
1747,39,1101,746,99,78,1,-1,-1,-1
1748,39,1101,746,99,78,1,-1,-1,-1
1749,39,1101,746,99,78,1,-1,-1,-1
1750,39,1101,746,99,78,1,-1,-1,-1
1751,39,1103,746,98,78,1,-1,-1,-1
1752,39,1103,746,97,78,1,-1,-1,-1
1753,39,1102,746,98,78,1,-1,-1,-1
1754,39,1102,746,98,78,1,-1,-1,-1
1755,39,1103,746,97,78,1,-1,-1,-1
1756,39,1102,746,98,78,1,-1,-1,-1
1757,39,1102,746,98,78,1,-1,-1,-1
1758,39,1102,746,99,78,1,-1,-1,-1
1759,39,1103,746,99,78,1,-1,-1,-1
1760,39,1102,746,99,78,1,-1,-1,-1
1761,39,1102,746,98,78,1,-1,-1,-1
1762,39,1102,746,98,78,1,-1,-1,-1
1763,39,1103,746,99,78,1,-1,-1,-1
1764,39,1102,746,99,78,1,-1,-1,-1
1765,39,1102,746,99,78,1,-1,-1,-1
1766,39,1102,746,99,78,1,-1,-1,-1
1767,39,1101,746,99,78,1,-1,-1,-1
1768,39,1100,745,100,78,1,-1,-1,-1
1769,39,1090,745,111,79,1,-1,-1,-1
1770,39,1088,745,113,79,1,-1,-1,-1
1771,39,1087,745,114,79,1,-1,-1,-1
1772,39,1083,744,117,79,1,-1,-1,-1
1773,39,1083,744,118,79,1,-1,-1,-1
1774,39,1085,744,116,79,1,-1,-1,-1
1775,39,1086,744,115,79,1,-1,-1,-1
1776,39,1089,745,112,79,1,-1,-1,-1
1777,39,1087,745,114,79,1,-1,-1,-1
1778,39,1087,745,114,79,1,-1,-1,-1
1779,39,1087,745,114,79,1,-1,-1,-1
1780,39,1088,745,114,79,1,-1,-1,-1
1781,39,1086,744,115,79,1,-1,-1,-1
1782,39,1085,744,116,79,1,-1,-1,-1
1783,39,1084,744,118,80,1,-1,-1,-1
1784,39,1083,743,120,81,1,-1,-1,-1
1785,39,1083,743,120,81,1,-1,-1,-1
1786,39,1083,743,120,81,1,-1,-1,-1
1787,39,1084,744,119,80,1,-1,-1,-1
1788,39,1088,744,116,80,1,-1,-1,-1
1789,39,1103,745,108,79,1,-1,-1,-1
1790,39,1103,745,109,79,1,-1,-1,-1
1791,39,1103,745,108,79,1,-1,-1,-1
1792,39,1103,745,109,79,1,-1,-1,-1
1793,39,1102,745,109,79,1,-1,-1,-1
1794,39,1102,745,110,79,1,-1,-1,-1
1795,39,1102,745,112,80,1,-1,-1,-1
1796,39,1102,745,111,79,1,-1,-1,-1
1797,39,1103,745,101,79,1,-1,-1,-1
1798,39,1103,745,100,79,1,-1,-1,-1
1799,39,1103,745,100,79,1,-1,-1,-1
1800,39,1102,745,103,79,1,-1,-1,-1
1801,39,1098,746,117,80,1,-1,-1,-1
1802,39,1097,746,117,80,1,-1,-1,-1
1803,39,1097,746,117,80,1,-1,-1,-1
1804,39,1097,745,123,82,1,-1,-1,-1
1805,39,1098,746,115,80,1,-1,-1,-1
1806,39,1099,746,114,80,1,-1,-1,-1
1807,39,1095,745,109,78,1,-1,-1,-1
1808,39,1088,745,119,79,1,-1,-1,-1
1809,39,1093,745,115,79,1,-1,-1,-1
1810,39,1096,745,109,78,1,-1,-1,-1
1811,39,1099,745,120,82,1,-1,-1,-1
1812,39,1098,745,108,79,1,-1,-1,-1
1813,39,1097,745,109,80,1,-1,-1,-1
1814,39,1096,745,110,80,1,-1,-1,-1
1815,39,1096,745,109,80,1,-1,-1,-1
1816,39,1096,745,110,80,1,-1,-1,-1
1817,39,1098,745,107,79,1,-1,-1,-1
1818,39,1101,746,102,79,1,-1,-1,-1
1819,39,1101,746,102,79,1,-1,-1,-1
1820,39,1100,746,105,79,1,-1,-1,-1
1821,39,1100,746,103,79,1,-1,-1,-1
1822,39,1101,746,102,78,1,-1,-1,-1
1823,39,1102,746,100,78,1,-1,-1,-1
1824,39,1102,746,100,78,1,-1,-1,-1
1825,39,1103,746,100,77,1,-1,-1,-1
1826,39,1103,746,99,78,1,-1,-1,-1
1827,39,1104,746,98,78,1,-1,-1,-1
1828,39,1104,746,98,78,1,-1,-1,-1
1829,39,1104,746,98,78,1,-1,-1,-1
1830,39,1104,746,98,78,1,-1,-1,-1
1831,39,1103,746,98,78,1,-1,-1,-1
1832,39,1103,746,98,79,1,-1,-1,-1
1833,39,1103,746,98,78,1,-1,-1,-1
1834,39,1103,746,99,78,1,-1,-1,-1
1835,39,1103,746,98,78,1,-1,-1,-1
1836,39,1103,746,99,79,1,-1,-1,-1
1837,39,1102,746,100,79,1,-1,-1,-1
1838,39,1102,746,100,79,1,-1,-1,-1
1839,39,1100,746,101,79,1,-1,-1,-1
1840,39,1101,746,100,79,1,-1,-1,-1
1841,39,1100,746,100,79,1,-1,-1,-1
1842,39,1101,746,100,79,1,-1,-1,-1
1843,39,1101,746,101,79,1,-1,-1,-1
1844,39,1100,746,101,79,1,-1,-1,-1
1845,39,1100,745,102,79,1,-1,-1,-1
1846,39,1099,746,103,79,1,-1,-1,-1
1847,39,1101,746,102,79,1,-1,-1,-1
1848,39,1101,746,101,78,1,-1,-1,-1
1849,39,1102,746,112,79,1,-1,-1,-1
1850,39,1102,746,111,79,1,-1,-1,-1
1851,39,1101,745,111,79,1,-1,-1,-1
1852,39,1103,746,109,79,1,-1,-1,-1
1853,39,1103,745,110,79,1,-1,-1,-1
1854,39,1103,745,110,79,1,-1,-1,-1
1855,39,1103,745,104,79,1,-1,-1,-1
1856,39,1103,745,110,79,1,-1,-1,-1
1857,39,1103,745,111,79,1,-1,-1,-1
1858,39,1103,745,106,79,1,-1,-1,-1
1859,39,1104,745,104,79,1,-1,-1,-1
1860,39,1104,745,106,79,1,-1,-1,-1
1861,39,1102,745,101,78,1,-1,-1,-1
1862,39,1101,745,101,79,1,-1,-1,-1
1863,39,1102,745,100,79,1,-1,-1,-1
1864,39,1102,746,102,79,1,-1,-1,-1
1865,39,1102,746,99,79,1,-1,-1,-1
1866,39,1102,746,100,79,1,-1,-1,-1
1867,39,1103,746,105,79,1,-1,-1,-1
1868,39,1103,746,106,79,1,-1,-1,-1
1869,39,1103,746,107,80,1,-1,-1,-1
1870,39,1104,746,98,79,1,-1,-1,-1
1871,39,1104,746,98,79,1,-1,-1,-1
1872,39,1103,746,107,80,1,-1,-1,-1
1873,39,1102,746,100,79,1,-1,-1,-1
1874,39,1102,746,100,79,1,-1,-1,-1
1875,39,1102,746,100,79,1,-1,-1,-1
1876,39,1101,746,102,79,1,-1,-1,-1
1877,39,1102,746,111,79,1,-1,-1,-1
1878,39,1102,746,112,80,1,-1,-1,-1
1879,39,1102,746,113,80,1,-1,-1,-1
1880,39,1102,746,113,80,1,-1,-1,-1
1881,39,1102,746,115,80,1,-1,-1,-1
1882,39,1102,746,116,81,1,-1,-1,-1
1883,39,1102,746,116,81,1,-1,-1,-1
1884,39,1102,746,116,81,1,-1,-1,-1
1885,39,1102,747,113,79,1,-1,-1,-1
1886,39,1101,747,113,79,1,-1,-1,-1
1887,39,1102,746,111,80,1,-1,-1,-1
1888,39,1102,746,103,80,1,-1,-1,-1
1889,39,1102,746,102,80,1,-1,-1,-1
1890,39,1102,746,102,80,1,-1,-1,-1
1891,39,1102,746,103,80,1,-1,-1,-1
1892,39,1102,746,104,80,1,-1,-1,-1
1893,39,1102,746,100,79,1,-1,-1,-1
1894,39,1101,746,101,79,1,-1,-1,-1
1895,39,1101,746,101,79,1,-1,-1,-1
1896,39,1101,746,101,79,1,-1,-1,-1
1897,39,1093,745,111,80,1,-1,-1,-1
1898,39,1094,745,109,80,1,-1,-1,-1
1899,39,1094,745,110,80,1,-1,-1,-1
1900,39,1096,746,108,80,1,-1,-1,-1
1901,39,1099,746,104,80,1,-1,-1,-1
1902,39,1099,746,104,80,1,-1,-1,-1
1903,39,1098,746,106,81,1,-1,-1,-1
1904,39,1098,746,106,81,1,-1,-1,-1
1905,39,1098,746,107,81,1,-1,-1,-1
1906,39,1098,746,106,80,1,-1,-1,-1
1907,39,1102,746,99,78,1,-1,-1,-1
1908,39,1103,746,97,78,1,-1,-1,-1
1909,39,1101,746,99,78,1,-1,-1,-1
1910,39,1101,746,99,78,1,-1,-1,-1
1911,39,1101,746,99,78,1,-1,-1,-1
1912,39,1101,746,99,78,1,-1,-1,-1
1913,39,1101,746,99,78,1,-1,-1,-1
1914,39,1101,746,99,79,1,-1,-1,-1
1915,39,1101,746,99,79,1,-1,-1,-1
1916,39,1101,746,99,79,1,-1,-1,-1
1917,39,1098,746,101,78,1,-1,-1,-1
1918,39,1098,746,101,78,1,-1,-1,-1
1919,39,1098,746,102,78,1,-1,-1,-1
1920,39,1098,746,102,78,1,-1,-1,-1
1921,39,1098,746,104,78,1,-1,-1,-1
1922,39,1099,746,104,78,1,-1,-1,-1
1923,39,1098,746,104,78,1,-1,-1,-1
1924,39,1098,746,104,78,1,-1,-1,-1
1925,39,1098,746,103,78,1,-1,-1,-1
1926,39,1102,746,100,78,1,-1,-1,-1
1927,39,1101,746,102,78,1,-1,-1,-1
1928,39,1101,746,101,78,1,-1,-1,-1
1929,39,1100,746,102,78,1,-1,-1,-1
1930,39,1100,746,101,78,1,-1,-1,-1
1931,39,1101,746,101,78,1,-1,-1,-1
1932,39,1101,746,101,78,1,-1,-1,-1
1933,39,1098,745,105,79,1,-1,-1,-1
1934,39,1098,745,105,79,1,-1,-1,-1
1935,39,1097,745,106,79,1,-1,-1,-1
1936,39,1097,745,105,79,1,-1,-1,-1
1937,39,1101,745,99,77,1,-1,-1,-1
1938,39,1101,745,99,77,1,-1,-1,-1
1939,39,1101,745,99,77,1,-1,-1,-1
1940,39,1101,745,99,77,1,-1,-1,-1
1941,39,1101,745,99,77,1,-1,-1,-1
1942,39,1100,745,101,77,1,-1,-1,-1
1943,39,1100,745,101,77,1,-1,-1,-1
1944,39,1100,745,101,78,1,-1,-1,-1
1945,39,1089,745,112,78,1,-1,-1,-1
1946,39,1088,745,114,79,1,-1,-1,-1
1947,39,1098,745,107,80,1,-1,-1,-1
1948,39,1099,745,107,80,1,-1,-1,-1
1949,39,1099,745,107,80,1,-1,-1,-1
1950,39,1097,745,109,80,1,-1,-1,-1
1951,39,1096,745,109,80,1,-1,-1,-1
1952,39,1096,745,108,80,1,-1,-1,-1
1953,39,1097,745,106,79,1,-1,-1,-1
1954,39,1097,745,106,80,1,-1,-1,-1
1955,39,1095,745,108,80,1,-1,-1,-1
1956,39,1096,745,107,80,1,-1,-1,-1
1957,39,1102,746,100,79,1,-1,-1,-1
1958,39,1102,746,101,79,1,-1,-1,-1
1959,39,1102,746,101,79,1,-1,-1,-1
1960,39,1102,746,99,79,1,-1,-1,-1
1961,39,1102,746,103,79,1,-1,-1,-1
1962,39,1102,746,110,79,1,-1,-1,-1
1963,39,1101,746,108,80,1,-1,-1,-1
1964,39,1101,746,109,80,1,-1,-1,-1
1965,39,1101,746,112,80,1,-1,-1,-1
1966,39,1101,746,109,80,1,-1,-1,-1
1967,39,1101,746,100,78,1,-1,-1,-1
1968,39,1102,746,100,78,1,-1,-1,-1
1969,39,1101,745,100,78,1,-1,-1,-1
1970,39,1101,745,100,78,1,-1,-1,-1
1971,39,1101,746,100,78,1,-1,-1,-1
1972,39,1101,745,100,78,1,-1,-1,-1
1973,39,1101,745,101,79,1,-1,-1,-1
1974,39,1101,745,102,79,1,-1,-1,-1
1975,39,1102,745,99,79,1,-1,-1,-1
1976,39,1101,745,100,79,1,-1,-1,-1
1977,39,1102,745,101,79,1,-1,-1,-1
1978,39,1102,745,101,79,1,-1,-1,-1
1979,39,1102,745,100,78,1,-1,-1,-1
1980,39,1102,745,101,79,1,-1,-1,-1
1981,39,1099,745,103,78,1,-1,-1,-1
1982,39,1099,745,105,79,1,-1,-1,-1
1983,39,1101,745,102,78,1,-1,-1,-1
1984,39,1100,745,101,78,1,-1,-1,-1
1985,39,1101,745,101,78,1,-1,-1,-1
1986,39,1101,745,102,78,1,-1,-1,-1
1987,39,1102,745,103,78,1,-1,-1,-1
1988,39,1102,745,103,78,1,-1,-1,-1
1989,39,1102,745,104,78,1,-1,-1,-1
1990,39,1102,745,102,78,1,-1,-1,-1
1991,39,1103,745,100,79,1,-1,-1,-1
1992,39,1103,745,100,78,1,-1,-1,-1
1993,39,1102,745,100,79,1,-1,-1,-1
1994,39,1102,745,100,78,1,-1,-1,-1
1995,39,1102,745,100,79,1,-1,-1,-1
1996,39,1102,745,100,78,1,-1,-1,-1
1997,39,1101,746,100,78,1,-1,-1,-1
1998,39,1101,746,100,78,1,-1,-1,-1
1999,39,1101,746,101,78,1,-1,-1,-1
2000,39,1101,746,101,78,1,-1,-1,-1
2001,39,1101,746,101,78,1,-1,-1,-1
2002,39,1101,746,100,78,1,-1,-1,-1
2003,39,1102,746,100,78,1,-1,-1,-1
2004,39,1101,746,100,78,1,-1,-1,-1
2005,39,1100,746,100,78,1,-1,-1,-1
2006,39,1100,746,100,78,1,-1,-1,-1
2007,39,1104,746,98,77,1,-1,-1,-1
2008,39,1104,746,97,77,1,-1,-1,-1
2009,39,1104,746,97,77,1,-1,-1,-1
2010,39,1104,746,97,77,1,-1,-1,-1
2011,39,1104,746,97,77,1,-1,-1,-1
2012,39,1104,746,97,77,1,-1,-1,-1
2013,39,1104,746,97,77,1,-1,-1,-1
2014,39,1104,746,97,77,1,-1,-1,-1
2015,39,1104,746,97,77,1,-1,-1,-1
2016,39,1104,746,97,77,1,-1,-1,-1
2017,39,1104,747,95,75,1,-1,-1,-1
2018,39,1104,747,95,75,1,-1,-1,-1
2019,39,1104,747,96,76,1,-1,-1,-1
2020,39,1104,747,96,75,1,-1,-1,-1
2021,39,1104,747,96,76,1,-1,-1,-1
2022,39,1104,747,96,76,1,-1,-1,-1
2023,39,1104,747,96,76,1,-1,-1,-1
2024,39,1104,747,96,76,1,-1,-1,-1
2025,39,1103,747,97,76,1,-1,-1,-1
2026,39,1104,747,95,75,1,-1,-1,-1
2027,39,1104,746,95,78,1,-1,-1,-1
2028,39,1104,746,95,78,1,-1,-1,-1
2029,39,1104,746,96,78,1,-1,-1,-1
2030,39,1104,746,97,78,1,-1,-1,-1
2031,39,1104,746,97,78,1,-1,-1,-1
2032,39,1104,746,97,78,1,-1,-1,-1
2033,39,1104,747,97,77,1,-1,-1,-1
2034,39,1104,747,97,77,1,-1,-1,-1
2035,39,1104,747,97,77,1,-1,-1,-1
2036,39,1104,746,97,78,1,-1,-1,-1
2037,39,1104,746,97,78,1,-1,-1,-1
2038,39,1104,746,97,78,1,-1,-1,-1
2039,39,1104,746,97,77,1,-1,-1,-1
2040,39,1104,746,96,77,1,-1,-1,-1
2041,39,1091,746,112,79,1,-1,-1,-1
2042,39,1098,746,106,78,1,-1,-1,-1
2043,39,1096,745,108,78,1,-1,-1,-1
2044,39,1091,745,113,79,1,-1,-1,-1
2045,39,1089,745,116,79,1,-1,-1,-1
2046,39,1089,745,115,79,1,-1,-1,-1
2047,39,1101,746,112,78,1,-1,-1,-1
2048,39,1100,746,107,78,1,-1,-1,-1
2049,39,1100,746,106,78,1,-1,-1,-1
2050,39,1101,746,105,77,1,-1,-1,-1
2051,39,1100,746,104,77,1,-1,-1,-1
2052,39,1102,746,103,78,1,-1,-1,-1
2053,39,1103,747,99,77,1,-1,-1,-1
2054,39,1102,747,99,77,1,-1,-1,-1
2055,39,1102,747,99,77,1,-1,-1,-1
2056,39,1102,747,99,77,1,-1,-1,-1
2057,39,1100,746,102,78,1,-1,-1,-1
2058,39,1100,746,102,77,1,-1,-1,-1
2059,39,1100,746,102,78,1,-1,-1,-1
2060,39,1100,746,102,77,1,-1,-1,-1
2061,39,1100,746,102,78,1,-1,-1,-1
2062,39,1096,746,107,78,1,-1,-1,-1
2063,39,1096,746,108,78,1,-1,-1,-1
2064,39,1095,746,107,78,1,-1,-1,-1
2065,39,1099,746,105,78,1,-1,-1,-1
2066,39,1097,745,107,78,1,-1,-1,-1
2067,39,1099,746,104,78,1,-1,-1,-1
2068,39,1098,746,103,77,1,-1,-1,-1
2069,39,1099,746,102,77,1,-1,-1,-1
2070,39,1099,746,103,77,1,-1,-1,-1
2071,39,1099,746,103,77,1,-1,-1,-1
2072,39,1098,746,103,77,1,-1,-1,-1
2073,39,1096,745,105,77,1,-1,-1,-1
2074,39,1099,746,103,76,1,-1,-1,-1
2075,39,1099,746,103,76,1,-1,-1,-1
2076,39,1101,746,101,76,1,-1,-1,-1
2077,39,1100,745,101,77,1,-1,-1,-1
2078,39,1101,746,102,78,1,-1,-1,-1
2079,39,1100,746,102,78,1,-1,-1,-1
2080,39,1101,746,100,78,1,-1,-1,-1
2081,39,1101,746,101,77,1,-1,-1,-1
2082,39,1101,746,101,77,1,-1,-1,-1
2083,39,1102,746,100,77,1,-1,-1,-1
2084,39,1100,746,102,78,1,-1,-1,-1
2085,39,1100,746,102,77,1,-1,-1,-1
2086,39,1102,746,100,78,1,-1,-1,-1
2087,39,1101,746,102,78,1,-1,-1,-1
2088,39,1095,746,110,78,1,-1,-1,-1
2089,39,1085,745,116,78,1,-1,-1,-1
2090,39,1085,745,116,78,1,-1,-1,-1
2091,39,1085,745,116,78,1,-1,-1,-1
2092,39,1085,745,116,78,1,-1,-1,-1
2093,39,1085,745,116,78,1,-1,-1,-1
2094,39,1085,745,116,78,1,-1,-1,-1
2095,39,1088,745,114,78,1,-1,-1,-1
2096,39,1087,745,114,77,1,-1,-1,-1
2097,39,1087,745,115,79,1,-1,-1,-1
2098,39,1088,745,114,78,1,-1,-1,-1
2099,39,1087,745,115,78,1,-1,-1,-1
2100,39,1089,746,112,78,1,-1,-1,-1
2101,39,1104,747,96,76,1,-1,-1,-1
2102,39,1104,747,96,76,1,-1,-1,-1
2103,39,1104,747,95,76,1,-1,-1,-1
2104,39,1104,747,95,76,1,-1,-1,-1
2105,39,1104,747,96,76,1,-1,-1,-1
2106,39,1104,747,96,76,1,-1,-1,-1
2107,39,1104,747,96,76,1,-1,-1,-1
2108,39,1103,747,96,76,1,-1,-1,-1
2109,39,1104,747,96,76,1,-1,-1,-1
2110,39,1104,747,96,76,1,-1,-1,-1
2111,39,1104,747,96,76,1,-1,-1,-1
2112,39,1104,747,96,76,1,-1,-1,-1
2113,39,1103,747,98,76,1,-1,-1,-1
2114,39,1103,747,98,76,1,-1,-1,-1
2115,39,1103,747,98,76,1,-1,-1,-1
2116,39,1103,747,98,76,1,-1,-1,-1
2117,39,1103,747,97,76,1,-1,-1,-1
2118,39,1103,747,97,76,1,-1,-1,-1
2119,39,1103,747,97,76,1,-1,-1,-1
2120,39,1103,747,97,76,1,-1,-1,-1
2121,39,1101,746,101,77,1,-1,-1,-1
2122,39,1102,746,101,77,1,-1,-1,-1
2123,39,1101,746,101,77,1,-1,-1,-1
2124,39,1102,746,101,77,1,-1,-1,-1
2125,39,1100,746,103,78,1,-1,-1,-1
2126,39,1100,746,103,78,1,-1,-1,-1
2127,39,1100,746,103,78,1,-1,-1,-1
2128,39,1101,746,101,78,1,-1,-1,-1
2129,39,1101,746,102,78,1,-1,-1,-1
2130,39,1101,746,101,78,1,-1,-1,-1
2131,39,1101,746,101,78,1,-1,-1,-1
2132,39,1101,746,102,78,1,-1,-1,-1
2133,39,1101,746,102,78,1,-1,-1,-1
2134,39,1101,746,102,78,1,-1,-1,-1
2135,39,1101,746,102,78,1,-1,-1,-1
2136,39,1101,746,102,78,1,-1,-1,-1
2137,39,1102,747,100,77,1,-1,-1,-1
2138,39,1102,747,100,77,1,-1,-1,-1
2139,39,1102,746,109,78,1,-1,-1,-1
2140,39,1102,746,107,78,1,-1,-1,-1
2141,39,1102,746,108,78,1,-1,-1,-1
2142,39,1102,746,108,78,1,-1,-1,-1
2143,39,1102,746,102,78,1,-1,-1,-1
2144,39,1102,746,102,78,1,-1,-1,-1
2145,39,1102,746,103,78,1,-1,-1,-1
2146,39,1102,746,102,78,1,-1,-1,-1
2147,39,1102,746,102,78,1,-1,-1,-1
2148,39,1102,746,102,78,1,-1,-1,-1
2149,39,1101,746,101,77,1,-1,-1,-1
2150,39,1101,746,101,77,1,-1,-1,-1
2151,39,1101,746,101,77,1,-1,-1,-1
2152,39,1103,746,99,77,1,-1,-1,-1
2153,39,1103,746,99,77,1,-1,-1,-1
2154,39,1103,746,99,77,1,-1,-1,-1
2155,39,1103,746,99,77,1,-1,-1,-1
2156,39,1103,746,99,77,1,-1,-1,-1
2157,39,1103,746,99,77,1,-1,-1,-1
2158,39,1103,746,100,77,1,-1,-1,-1
2159,39,1103,746,100,77,1,-1,-1,-1
2160,39,1103,746,100,77,1,-1,-1,-1
2161,39,1104,746,99,77,1,-1,-1,-1
2162,39,1103,746,99,77,1,-1,-1,-1
2163,39,1103,746,99,77,1,-1,-1,-1
2164,39,1103,746,99,77,1,-1,-1,-1
2165,39,1103,746,100,77,1,-1,-1,-1
2166,39,1103,746,100,78,1,-1,-1,-1
2167,39,1103,746,100,78,1,-1,-1,-1
2168,39,1103,746,101,78,1,-1,-1,-1
2169,39,1103,746,100,78,1,-1,-1,-1
2170,39,1103,746,100,78,1,-1,-1,-1
2171,39,1103,746,100,77,1,-1,-1,-1
2172,39,1103,746,101,78,1,-1,-1,-1
2173,39,1103,747,98,77,1,-1,-1,-1
2174,39,1103,747,98,77,1,-1,-1,-1
2175,39,1103,747,98,77,1,-1,-1,-1
2176,39,1103,747,98,77,1,-1,-1,-1
2177,39,1103,747,98,77,1,-1,-1,-1
2178,39,1103,747,98,77,1,-1,-1,-1
2179,39,1103,747,98,77,1,-1,-1,-1
2180,39,1103,747,103,78,1,-1,-1,-1
2181,39,1103,747,103,78,1,-1,-1,-1
2182,39,1103,747,103,78,1,-1,-1,-1
2183,39,1103,747,104,78,1,-1,-1,-1
2184,39,1102,747,103,78,1,-1,-1,-1
2185,39,1103,747,99,77,1,-1,-1,-1
2186,39,1103,747,99,77,1,-1,-1,-1
2187,39,1103,747,99,77,1,-1,-1,-1
2188,39,1103,747,99,77,1,-1,-1,-1
2189,39,1103,747,99,77,1,-1,-1,-1
2190,39,1102,746,102,78,1,-1,-1,-1
2191,39,1102,746,102,78,1,-1,-1,-1
2192,39,1102,746,103,78,1,-1,-1,-1
2193,39,1102,746,101,77,1,-1,-1,-1
2194,39,1102,746,101,77,1,-1,-1,-1
2195,39,1102,746,102,77,1,-1,-1,-1
2196,39,1102,746,102,77,1,-1,-1,-1
2197,39,1094,746,111,78,1,-1,-1,-1
2198,39,1094,746,111,78,1,-1,-1,-1
2199,39,1094,746,110,78,1,-1,-1,-1
2200,39,1099,747,103,77,1,-1,-1,-1
2201,39,1099,747,102,77,1,-1,-1,-1
2202,39,1099,747,102,77,1,-1,-1,-1
2203,39,1099,747,103,77,1,-1,-1,-1
2204,39,1099,747,103,77,1,-1,-1,-1
2205,39,1099,747,103,77,1,-1,-1,-1
2206,39,1098,747,104,77,1,-1,-1,-1
2207,39,1098,747,105,78,1,-1,-1,-1
2208,39,1098,747,105,78,1,-1,-1,-1
2209,39,1101,748,99,75,1,-1,-1,-1
2210,39,1100,747,102,78,1,-1,-1,-1
2211,39,1101,747,103,77,1,-1,-1,-1
2212,39,1103,747,100,77,1,-1,-1,-1
2213,39,1103,747,101,77,1,-1,-1,-1
2214,39,1103,747,101,78,1,-1,-1,-1
2215,39,1102,747,101,78,1,-1,-1,-1
2216,39,1102,747,101,78,1,-1,-1,-1
2217,39,1103,747,100,78,1,-1,-1,-1
2218,39,1103,747,100,77,1,-1,-1,-1
2219,39,1103,747,99,77,1,-1,-1,-1
2220,39,1095,747,108,78,1,-1,-1,-1
2221,39,1101,747,102,78,1,-1,-1,-1
2222,39,1101,747,102,78,1,-1,-1,-1
2223,39,1101,747,102,78,1,-1,-1,-1
2224,39,1101,747,102,78,1,-1,-1,-1
2225,39,1101,747,102,78,1,-1,-1,-1
2226,39,1101,747,102,78,1,-1,-1,-1
2227,39,1101,747,102,78,1,-1,-1,-1
2228,39,1102,747,100,77,1,-1,-1,-1
2229,39,1102,747,100,77,1,-1,-1,-1
2230,39,1104,747,98,78,1,-1,-1,-1
2231,39,1104,747,99,78,1,-1,-1,-1
2232,39,1104,747,98,78,1,-1,-1,-1
2233,39,1085,746,118,78,1,-1,-1,-1
2234,39,1085,746,118,78,1,-1,-1,-1
2235,39,1084,746,118,78,1,-1,-1,-1
2236,39,1084,746,117,78,1,-1,-1,-1
2237,39,1084,746,117,78,1,-1,-1,-1
2238,39,1085,746,116,78,1,-1,-1,-1
2239,39,1085,746,116,78,1,-1,-1,-1
2240,39,1089,746,112,78,1,-1,-1,-1
2241,39,1090,746,111,78,1,-1,-1,-1
2242,39,1091,746,110,78,1,-1,-1,-1
2243,39,1090,746,110,78,1,-1,-1,-1
2244,39,1091,746,110,78,1,-1,-1,-1
2245,39,1091,746,112,79,1,-1,-1,-1
2246,39,1091,746,112,79,1,-1,-1,-1
2247,39,1091,746,112,79,1,-1,-1,-1
2248,39,1092,746,111,79,1,-1,-1,-1
2249,39,1092,746,111,79,1,-1,-1,-1
2250,39,1087,746,115,79,1,-1,-1,-1
2251,39,1103,747,97,76,1,-1,-1,-1
2252,39,1102,747,97,76,1,-1,-1,-1
2253,39,1102,747,97,76,1,-1,-1,-1
2254,39,1102,747,97,76,1,-1,-1,-1
2255,39,1103,746,97,76,1,-1,-1,-1
2256,39,1102,746,97,77,1,-1,-1,-1
2257,39,1101,746,99,77,1,-1,-1,-1
2258,39,1098,746,103,77,1,-1,-1,-1
2259,39,1098,746,103,77,1,-1,-1,-1
2260,39,1096,746,106,78,1,-1,-1,-1
2261,39,1096,746,105,78,1,-1,-1,-1
2262,39,1096,746,105,78,1,-1,-1,-1
2263,39,1096,746,105,78,1,-1,-1,-1
2264,39,1097,746,105,78,1,-1,-1,-1
2265,39,1095,746,106,77,1,-1,-1,-1
2266,39,1095,746,106,77,1,-1,-1,-1
2267,39,1094,746,107,78,1,-1,-1,-1
2268,39,1095,746,106,78,1,-1,-1,-1
2269,39,1091,746,114,78,1,-1,-1,-1
2270,39,1092,745,110,78,1,-1,-1,-1
2271,39,1092,745,111,78,1,-1,-1,-1
2272,39,1092,745,111,78,1,-1,-1,-1
2273,39,1092,745,111,78,1,-1,-1,-1
2274,39,1092,745,110,78,1,-1,-1,-1
2275,39,1094,745,108,78,1,-1,-1,-1
2276,39,1094,745,108,78,1,-1,-1,-1
2277,39,1094,746,109,78,1,-1,-1,-1
2278,39,1095,746,108,78,1,-1,-1,-1
2279,39,1095,746,108,78,1,-1,-1,-1
1261,43,1,1247,449,551,1,-1,-1,-1
1262,43,2,1101,667,689,1,-1,-1,-1
1263,43,1,1090,844,758,1,-1,-1,-1
1264,43,1,1096,987,684,1,-1,-1,-1
1265,43,44,1100,1061,603,1,-1,-1,-1
1266,43,295,1101,909,541,1,-1,-1,-1
1267,43,496,1101,791,488,1,-1,-1,-1
1268,43,661,1099,696,446,1,-1,-1,-1
1269,43,799,1098,619,411,1,-1,-1,-1
1270,43,915,1097,555,378,1,-1,-1,-1
1271,43,1014,1095,499,353,1,-1,-1,-1
1272,43,1099,1095,453,327,1,-1,-1,-1
1273,43,1172,1092,415,306,1,-1,-1,-1
1274,43,1237,1091,383,287,1,-1,-1,-1
1275,43,1293,1087,355,273,1,-1,-1,-1
1276,43,1342,1085,330,258,1,-1,-1,-1
1277,43,1386,1083,309,243,1,-1,-1,-1
1278,43,1423,1079,291,233,1,-1,-1,-1
1279,43,1458,1078,274,221,1,-1,-1,-1
1280,43,1487,1075,260,212,1,-1,-1,-1
1281,43,1514,1072,245,203,1,-1,-1,-1
1282,43,1538,1070,233,193,1,-1,-1,-1
1283,43,1560,1068,221,185,1,-1,-1,-1
1284,43,1579,1065,211,179,1,-1,-1,-1
1285,43,1596,1063,201,171,1,-1,-1,-1
1286,43,1610,1059,193,166,1,-1,-1,-1
1287,43,1625,1055,185,160,1,-1,-1,-1
1288,43,1637,1054,178,155,1,-1,-1,-1
1289,43,1650,1050,170,149,1,-1,-1,-1
1290,43,1659,1047,164,145,1,-1,-1,-1
1291,43,1666,1044,159,140,1,-1,-1,-1
1292,43,1676,1041,151,136,1,-1,-1,-1
1293,43,1684,1038,146,131,1,-1,-1,-1
1294,43,1689,1034,140,127,1,-1,-1,-1
1295,43,1695,1031,136,125,1,-1,-1,-1
1296,43,1701,1030,130,120,1,-1,-1,-1
1297,43,1705,1027,127,117,1,-1,-1,-1
1298,43,1709,1023,122,115,1,-1,-1,-1
1299,43,1712,1022,118,110,1,-1,-1,-1
1300,43,1715,1020,117,107,1,-1,-1,-1
1301,43,1717,1016,114,106,1,-1,-1,-1
1302,43,1719,1013,111,103,1,-1,-1,-1
1303,43,1723,1012,106,100,1,-1,-1,-1
1304,43,1725,1008,105,99,1,-1,-1,-1
1305,43,1727,1007,100,96,1,-1,-1,-1
1306,43,1729,1006,98,92,1,-1,-1,-1
1307,43,1730,1004,98,90,1,-1,-1,-1
1308,43,1732,1002,94,89,1,-1,-1,-1
1309,43,1734,1000,91,87,1,-1,-1,-1
1310,43,1735,998,91,85,1,-1,-1,-1
1311,43,1737,996,88,84,1,-1,-1,-1
1312,43,1739,994,84,82,1,-1,-1,-1
1313,43,1740,991,83,82,1,-1,-1,-1
1314,43,1741,990,81,80,1,-1,-1,-1
1315,43,1742,989,80,78,1,-1,-1,-1
1316,43,1743,986,79,76,1,-1,-1,-1
1317,43,1744,985,77,75,1,-1,-1,-1
1318,43,1744,983,77,75,1,-1,-1,-1
1319,43,1747,982,75,73,1,-1,-1,-1
1320,43,1747,981,74,70,1,-1,-1,-1
1321,43,1747,981,74,69,1,-1,-1,-1
1322,43,1748,979,72,68,1,-1,-1,-1
1323,43,1748,977,71,68,1,-1,-1,-1
1324,43,1748,976,70,66,1,-1,-1,-1
1325,43,1748,975,69,66,1,-1,-1,-1
1326,43,1749,974,68,65,1,-1,-1,-1
1327,43,1749,973,67,64,1,-1,-1,-1
1328,43,1749,972,64,62,1,-1,-1,-1
1329,43,1750,970,63,62,1,-1,-1,-1
1330,43,1750,970,61,61,1,-1,-1,-1
1331,43,1750,969,62,59,1,-1,-1,-1
1332,43,1751,967,61,60,1,-1,-1,-1
1333,43,1751,967,60,58,1,-1,-1,-1
1334,43,1752,966,59,58,1,-1,-1,-1
1335,43,1753,966,57,57,1,-1,-1,-1
1336,43,1753,966,56,55,1,-1,-1,-1
1337,43,1754,965,55,55,1,-1,-1,-1
1338,43,1755,964,54,54,1,-1,-1,-1
1339,43,1757,964,52,53,1,-1,-1,-1
1340,43,1757,963,52,52,1,-1,-1,-1
1341,43,1758,963,50,51,1,-1,-1,-1
1342,43,1758,963,50,49,1,-1,-1,-1
1343,43,1758,963,50,49,1,-1,-1,-1
1344,43,1759,963,49,48,1,-1,-1,-1
1345,43,1758,962,50,48,1,-1,-1,-1
1346,43,1758,962,49,48,1,-1,-1,-1
1347,43,1759,961,48,47,1,-1,-1,-1
1348,43,1759,961,48,46,1,-1,-1,-1
1349,43,1759,961,48,46,1,-1,-1,-1
1350,43,1759,961,47,45,1,-1,-1,-1
1351,43,1759,961,47,45,1,-1,-1,-1
1352,43,1759,960,47,45,1,-1,-1,-1
1353,43,1759,960,46,45,1,-1,-1,-1
1354,43,1759,960,46,44,1,-1,-1,-1
1355,43,1759,960,46,44,1,-1,-1,-1
1356,43,1759,960,46,44,1,-1,-1,-1
1357,43,1759,960,45,43,1,-1,-1,-1
1358,43,1759,959,44,42,1,-1,-1,-1
1359,43,1759,959,44,42,1,-1,-1,-1
1360,43,1759,959,44,41,1,-1,-1,-1
1361,43,1759,959,43,40,1,-1,-1,-1
1362,43,1759,959,43,40,1,-1,-1,-1
1363,43,1758,959,43,39,1,-1,-1,-1
1364,43,1759,959,42,38,1,-1,-1,-1
1365,43,1758,958,42,38,1,-1,-1,-1
1366,43,1758,958,42,38,1,-1,-1,-1
1367,43,1758,958,41,38,1,-1,-1,-1
1368,43,1758,957,40,38,1,-1,-1,-1
1369,43,1758,957,40,37,1,-1,-1,-1
1370,43,1758,957,39,37,1,-1,-1,-1
1371,43,1758,957,39,36,1,-1,-1,-1
1372,43,1757,957,39,37,1,-1,-1,-1
1373,43,1758,956,38,37,1,-1,-1,-1
1374,43,1758,956,37,37,1,-1,-1,-1
1375,43,1757,955,37,36,1,-1,-1,-1
1376,43,1757,955,38,36,1,-1,-1,-1
1377,43,1757,955,37,36,1,-1,-1,-1
1378,43,1757,954,36,36,1,-1,-1,-1
1379,43,1757,954,36,36,1,-1,-1,-1
1380,43,1757,954,36,36,1,-1,-1,-1
1381,43,1757,954,35,35,1,-1,-1,-1
1382,43,1756,953,35,35,1,-1,-1,-1
1383,43,1756,953,34,34,1,-1,-1,-1
1384,43,1756,953,34,34,1,-1,-1,-1
1385,43,1756,953,34,34,1,-1,-1,-1
1386,43,1756,953,33,33,1,-1,-1,-1
1387,43,1756,953,33,33,1,-1,-1,-1
1388,43,1756,953,33,33,1,-1,-1,-1
1389,43,1756,952,33,33,1,-1,-1,-1
1390,43,1755,952,34,32,1,-1,-1,-1
1391,43,1755,952,34,32,1,-1,-1,-1
1392,43,1755,952,33,31,1,-1,-1,-1
1393,43,1755,952,32,31,1,-1,-1,-1
1394,43,1755,952,32,31,1,-1,-1,-1
1395,43,1754,952,32,31,1,-1,-1,-1
1396,43,1754,951,32,31,1,-1,-1,-1
1397,43,1754,951,32,31,1,-1,-1,-1
1398,43,1754,951,32,30,1,-1,-1,-1
1399,43,1754,951,31,30,1,-1,-1,-1
1400,43,1753,951,31,30,1,-1,-1,-1
1401,43,1753,951,31,30,1,-1,-1,-1
1402,43,1753,951,30,30,1,-1,-1,-1
1403,43,1753,950,29,30,1,-1,-1,-1
1404,43,1752,950,29,29,1,-1,-1,-1
1405,43,1752,950,29,29,1,-1,-1,-1
1406,43,1751,949,29,29,1,-1,-1,-1
1407,43,1751,949,29,29,1,-1,-1,-1
1408,43,1752,949,28,28,1,-1,-1,-1
1409,43,1751,949,29,27,1,-1,-1,-1
1410,43,1751,949,28,27,1,-1,-1,-1
1411,43,1751,949,29,27,1,-1,-1,-1
1412,43,1750,949,29,27,1,-1,-1,-1
1413,43,1750,949,29,27,1,-1,-1,-1
1414,43,1750,949,29,27,1,-1,-1,-1
1415,43,1750,949,29,26,1,-1,-1,-1
1416,43,1749,949,29,26,1,-1,-1,-1
1417,43,1749,949,29,26,1,-1,-1,-1
1418,43,1749,949,28,26,1,-1,-1,-1
1419,43,1748,949,29,26,1,-1,-1,-1
1420,43,1748,948,28,26,1,-1,-1,-1
1421,43,1748,948,28,26,1,-1,-1,-1
1422,43,1749,948,27,26,1,-1,-1,-1
1423,43,1749,948,26,25,1,-1,-1,-1
1424,43,1749,947,26,25,1,-1,-1,-1
1425,43,1749,947,26,25,1,-1,-1,-1
1426,43,1749,947,26,25,1,-1,-1,-1
1427,43,1749,947,26,24,1,-1,-1,-1
1428,43,1749,947,26,24,1,-1,-1,-1
1429,43,1748,947,27,24,1,-1,-1,-1
1430,43,1748,946,26,24,1,-1,-1,-1
1431,43,1748,946,25,24,1,-1,-1,-1
1432,43,1748,946,24,23,1,-1,-1,-1
1433,43,1747,946,24,23,1,-1,-1,-1
1434,43,1747,946,24,23,1,-1,-1,-1
1435,43,1747,945,24,23,1,-1,-1,-1
1436,43,1747,945,24,23,1,-1,-1,-1
1437,43,1747,945,23,23,1,-1,-1,-1
1438,43,1747,945,23,22,1,-1,-1,-1
1439,43,1747,945,23,22,1,-1,-1,-1
1440,43,1747,945,22,22,1,-1,-1,-1
1441,43,1746,945,22,22,1,-1,-1,-1
1442,43,1746,945,22,22,1,-1,-1,-1
1443,43,1746,945,22,22,1,-1,-1,-1
1444,43,1746,945,22,21,1,-1,-1,-1
1445,43,1746,945,22,21,1,-1,-1,-1
1446,43,1746,945,22,21,1,-1,-1,-1
1447,43,1746,945,22,22,1,-1,-1,-1
1448,43,1746,945,22,22,1,-1,-1,-1
1449,43,1745,945,22,22,1,-1,-1,-1
1450,43,1745,945,23,22,1,-1,-1,-1
1451,43,1745,945,23,22,1,-1,-1,-1
1452,43,1745,944,22,22,1,-1,-1,-1
1453,43,1745,944,21,22,1,-1,-1,-1
1454,43,1745,944,21,22,1,-1,-1,-1
1455,43,1744,944,21,22,1,-1,-1,-1
1456,43,1744,944,21,22,1,-1,-1,-1
1457,43,1744,944,21,22,1,-1,-1,-1
1458,43,1744,944,21,22,1,-1,-1,-1
1459,43,1743,944,21,22,1,-1,-1,-1
1460,43,1743,944,21,22,1,-1,-1,-1
1461,43,1743,944,21,22,1,-1,-1,-1
1462,43,1743,943,21,22,1,-1,-1,-1
1463,43,1743,943,21,22,1,-1,-1,-1
1464,43,1743,943,21,22,1,-1,-1,-1
1465,43,1743,944,20,21,1,-1,-1,-1
1466,43,1743,944,20,21,1,-1,-1,-1
1467,43,1743,944,19,21,1,-1,-1,-1
1468,43,1742,944,20,21,1,-1,-1,-1
1469,43,1741,943,21,22,1,-1,-1,-1
1470,43,1741,944,21,22,1,-1,-1,-1
1471,43,1741,944,21,21,1,-1,-1,-1
1472,43,1741,944,20,22,1,-1,-1,-1
1473,43,1741,944,20,22,1,-1,-1,-1
1474,43,1741,944,20,22,1,-1,-1,-1
1475,43,1741,944,20,21,1,-1,-1,-1
1476,43,1741,944,20,22,1,-1,-1,-1
1477,43,1742,944,20,21,1,-1,-1,-1
1478,43,1742,944,19,21,1,-1,-1,-1
1479,43,1741,944,20,21,1,-1,-1,-1
1480,43,1741,944,20,21,1,-1,-1,-1
1481,43,1741,944,20,21,1,-1,-1,-1
1482,43,1741,945,20,21,1,-1,-1,-1
1483,43,1740,945,21,20,1,-1,-1,-1
1484,43,1740,945,21,20,1,-1,-1,-1
1485,43,1740,945,21,20,1,-1,-1,-1
1486,43,1740,946,21,20,1,-1,-1,-1
1487,43,1740,946,19,19,1,-1,-1,-1
2027,52,1399,982,202,154,1,-1,-1,-1
2028,52,1378,981,211,157,1,-1,-1,-1
2029,52,1357,981,219,162,1,-1,-1,-1
2030,52,1333,979,229,167,1,-1,-1,-1
2031,52,1307,978,239,171,1,-1,-1,-1
2032,52,1280,976,250,176,1,-1,-1,-1
2033,52,1251,975,261,181,1,-1,-1,-1
2034,52,1219,973,274,185,1,-1,-1,-1
2035,52,1185,971,287,190,1,-1,-1,-1
2036,52,1148,967,302,197,1,-1,-1,-1
2037,52,1108,965,317,203,1,-1,-1,-1
2038,52,1065,961,334,209,1,-1,-1,-1
2039,52,1018,956,353,218,1,-1,-1,-1
2040,52,967,952,373,225,1,-1,-1,-1
2041,52,910,946,396,235,1,-1,-1,-1
2042,52,849,942,420,241,1,-1,-1,-1
2043,52,781,936,448,251,1,-1,-1,-1
2044,52,709,928,477,262,1,-1,-1,-1
2045,52,629,919,510,274,1,-1,-1,-1
2046,52,540,911,545,285,1,-1,-1,-1
2047,52,442,901,585,298,1,-1,-1,-1
2048,52,331,891,634,312,1,-1,-1,-1
2049,52,206,879,688,328,1,-1,-1,-1
2050,52,71,865,745,345,1,-1,-1,-1
2051,52,0,851,729,363,1,-1,-1,-1
2052,52,0,834,630,383,1,-1,-1,-1
2053,52,0,813,521,394,1,-1,-1,-1
2054,52,1,792,398,420,1,-1,-1,-1
2055,52,0,800,259,411,1,-1,-1,-1
1886,58,0,590,49,102,1,-1,-1,-1
1887,58,0,580,75,127,1,-1,-1,-1
1888,58,0,571,99,148,1,-1,-1,-1
1890,58,0,486,147,246,1,-1,-1,-1
1891,58,0,486,171,252,1,-1,-1,-1
1892,58,0,485,195,258,1,-1,-1,-1
1893,58,0,485,219,266,1,-1,-1,-1
1894,58,0,486,241,272,1,-1,-1,-1
1895,58,0,485,262,278,1,-1,-1,-1
1896,58,0,485,284,284,1,-1,-1,-1
1897,58,0,484,305,293,1,-1,-1,-1
1898,58,0,483,325,300,1,-1,-1,-1
1899,58,0,483,348,307,1,-1,-1,-1
1900,58,0,484,370,314,1,-1,-1,-1
1901,58,0,488,386,316,1,-1,-1,-1
1902,58,0,495,400,317,1,-1,-1,-1
1903,58,0,502,418,317,1,-1,-1,-1
1904,58,0,509,437,318,1,-1,-1,-1
1905,58,0,514,456,320,1,-1,-1,-1
1906,58,5,520,473,321,1,-1,-1,-1
1907,58,25,525,466,321,1,-1,-1,-1
1908,58,43,534,465,317,1,-1,-1,-1
1909,58,58,540,466,316,1,-1,-1,-1
1910,58,73,545,466,321,1,-1,-1,-1
1911,58,87,550,469,320,1,-1,-1,-1
1912,58,100,557,469,319,1,-1,-1,-1
1913,58,114,562,489,320,1,-1,-1,-1
1914,58,128,566,469,322,1,-1,-1,-1
1915,58,142,572,467,323,1,-1,-1,-1
1916,58,154,576,466,325,1,-1,-1,-1
1917,58,166,579,467,330,1,-1,-1,-1
1918,58,177,583,476,329,1,-1,-1,-1
1919,58,187,586,461,328,1,-1,-1,-1
1920,58,196,589,460,329,1,-1,-1,-1
1921,58,205,594,458,328,1,-1,-1,-1
1922,58,212,596,458,330,1,-1,-1,-1
1923,58,220,599,455,331,1,-1,-1,-1
1924,58,227,601,452,334,1,-1,-1,-1
1925,58,233,604,452,333,1,-1,-1,-1
1926,58,238,605,449,334,1,-1,-1,-1
1927,58,243,606,447,336,1,-1,-1,-1
1928,58,248,608,447,336,1,-1,-1,-1
1929,58,252,611,445,335,1,-1,-1,-1
1930,58,257,613,444,336,1,-1,-1,-1
1931,58,261,616,442,336,1,-1,-1,-1
1932,58,267,619,442,335,1,-1,-1,-1
1933,58,273,623,440,337,1,-1,-1,-1
1934,58,281,625,438,340,1,-1,-1,-1
1935,58,290,627,438,344,1,-1,-1,-1
1936,58,299,631,438,347,1,-1,-1,-1
1937,58,310,636,436,348,1,-1,-1,-1
1938,58,322,642,436,352,1,-1,-1,-1
1939,58,334,649,438,357,1,-1,-1,-1
1940,58,348,654,438,362,1,-1,-1,-1
1941,58,362,661,444,368,1,-1,-1,-1
1942,58,378,670,445,372,1,-1,-1,-1
1943,58,393,681,449,369,1,-1,-1,-1
1944,58,411,687,455,370,1,-1,-1,-1
1945,58,428,699,465,363,1,-1,-1,-1
1946,58,447,709,473,363,1,-1,-1,-1
1947,58,466,726,483,359,1,-1,-1,-1
1948,58,488,743,492,357,1,-1,-1,-1
1949,58,513,758,501,354,1,-1,-1,-1
1950,58,538,776,510,351,1,-1,-1,-1
1951,58,570,790,518,351,1,-1,-1,-1
1952,58,603,799,520,358,1,-1,-1,-1
1953,58,639,807,518,365,1,-1,-1,-1
1954,58,676,820,519,366,1,-1,-1,-1
1955,58,715,831,530,373,1,-1,-1,-1
1956,58,757,843,521,374,1,-1,-1,-1
1957,58,801,856,510,372,1,-1,-1,-1
1958,58,847,868,520,372,1,-1,-1,-1
1959,58,895,880,508,374,1,-1,-1,-1
1960,58,945,894,497,369,1,-1,-1,-1
1961,58,992,906,491,368,1,-1,-1,-1
1962,58,1031,920,495,364,1,-1,-1,-1
1963,58,1071,931,491,359,1,-1,-1,-1
1964,58,1110,943,488,353,1,-1,-1,-1
1965,58,1149,956,484,345,1,-1,-1,-1
1966,58,1187,966,475,338,1,-1,-1,-1
1967,58,1225,978,466,329,1,-1,-1,-1
1968,58,1262,989,454,320,1,-1,-1,-1
1969,58,1297,1001,438,308,1,-1,-1,-1
1970,58,1333,1008,424,301,1,-1,-1,-1
1971,58,1367,1017,409,292,1,-1,-1,-1
1972,58,1400,1025,395,282,1,-1,-1,-1
1973,58,1430,1033,383,270,1,-1,-1,-1
1974,58,1462,1039,367,264,1,-1,-1,-1
1975,58,1491,1045,353,258,1,-1,-1,-1
1976,58,1519,1051,340,252,1,-1,-1,-1
1977,58,1545,1054,326,249,1,-1,-1,-1
1978,58,1569,1057,311,244,1,-1,-1,-1
1979,58,1591,1062,297,237,1,-1,-1,-1
1980,58,1611,1064,285,231,1,-1,-1,-1
1981,58,1629,1065,274,226,1,-1,-1,-1
1982,58,1646,1067,263,220,1,-1,-1,-1
1983,58,1662,1067,250,216,1,-1,-1,-1
1984,58,1676,1066,242,211,1,-1,-1,-1
1985,58,1689,1064,232,208,1,-1,-1,-1
1986,58,1700,1063,224,205,1,-1,-1,-1
1987,58,1710,1061,216,201,1,-1,-1,-1
1988,58,1720,1060,207,196,1,-1,-1,-1
1989,58,1728,1058,199,192,1,-1,-1,-1
1990,58,1735,1057,192,187,1,-1,-1,-1
1991,58,1742,1055,185,184,1,-1,-1,-1
1992,58,1749,1052,179,178,1,-1,-1,-1
1993,58,1755,1050,174,174,1,-1,-1,-1
1994,58,1760,1046,168,172,1,-1,-1,-1
1995,58,1762,1044,167,167,1,-1,-1,-1
1996,58,1766,1041,163,164,1,-1,-1,-1
1997,58,1771,1038,157,161,1,-1,-1,-1
1998,58,1775,1038,151,155,1,-1,-1,-1
1999,58,1778,1036,147,151,1,-1,-1,-1
2000,58,1780,1033,146,148,1,-1,-1,-1
2001,58,1782,1032,140,143,1,-1,-1,-1
2002,58,1784,1029,137,141,1,-1,-1,-1
2003,58,1785,1027,135,137,1,-1,-1,-1
2004,58,1787,1025,132,135,1,-1,-1,-1
2005,58,1787,1024,130,129,1,-1,-1,-1
2006,58,1788,1020,127,128,1,-1,-1,-1
2007,58,1789,1018,124,127,1,-1,-1,-1
2008,58,1789,1015,121,125,1,-1,-1,-1
2009,58,1789,1013,117,122,1,-1,-1,-1
2010,58,1788,1006,114,124,1,-1,-1,-1
2012,58,1786,1004,110,116,1,-1,-1,-1
2013,58,1784,1004,108,111,1,-1,-1,-1
2014,58,1783,1000,108,110,1,-1,-1,-1
2015,58,1780,998,107,106,1,-1,-1,-1
2016,58,1780,996,105,105,1,-1,-1,-1
2017,58,1778,991,104,105,1,-1,-1,-1
2018,58,1777,990,101,103,1,-1,-1,-1
2022,58,1772,982,95,93,1,-1,-1,-1
2023,58,1771,980,93,92,1,-1,-1,-1
2024,58,1770,978,87,90,1,-1,-1,-1
2025,58,1770,976,87,89,1,-1,-1,-1
2026,58,1767,975,88,88,1,-1,-1,-1
2043,58,1762,952,59,58,1,-1,-1,-1
2044,58,1763,952,58,57,1,-1,-1,-1
2045,58,1763,952,57,57,1,-1,-1,-1
2046,58,1763,952,57,57,1,-1,-1,-1
2047,58,1764,952,56,56,1,-1,-1,-1
2048,58,1764,952,56,56,1,-1,-1,-1
2049,58,1765,952,55,55,1,-1,-1,-1
2050,58,1765,952,55,55,1,-1,-1,-1
2051,58,1765,952,54,54,1,-1,-1,-1
2052,58,1765,952,54,54,1,-1,-1,-1
2062,58,1769,953,51,50,1,-1,-1,-1
2063,58,1770,953,52,49,1,-1,-1,-1
2064,58,1771,953,51,49,1,-1,-1,-1
2065,58,1772,954,51,49,1,-1,-1,-1
2071,58,1782,958,53,48,1,-1,-1,-1
2072,58,1785,960,53,47,1,-1,-1,-1
2073,58,1788,961,51,46,1,-1,-1,-1
2074,58,1791,962,51,45,1,-1,-1,-1
2075,58,1795,963,50,45,1,-1,-1,-1
2076,58,1799,964,50,45,1,-1,-1,-1
2180,67,753,1172,569,385,1,-1,-1,-1
2181,67,913,1165,491,344,1,-1,-1,-1
2182,67,1041,1158,431,311,1,-1,-1,-1
2183,67,1148,1152,382,284,1,-1,-1,-1
2184,67,1236,1146,344,260,1,-1,-1,-1
2185,67,1311,1140,312,240,1,-1,-1,-1
2186,67,1374,1134,288,225,1,-1,-1,-1
2187,67,1427,1129,267,209,1,-1,-1,-1
2188,67,1474,1123,247,195,1,-1,-1,-1
2189,67,1514,1118,230,184,1,-1,-1,-1
2190,67,1548,1113,216,174,1,-1,-1,-1
2191,67,1578,1109,202,165,1,-1,-1,-1
2192,67,1604,1104,191,157,1,-1,-1,-1
2193,67,1626,1100,182,149,1,-1,-1,-1
2194,67,1647,1095,172,143,1,-1,-1,-1
2195,67,1664,1089,163,138,1,-1,-1,-1
2196,67,1680,1086,155,131,1,-1,-1,-1
2197,67,1695,1084,146,123,1,-1,-1,-1
2198,67,1706,1079,141,119,1,-1,-1,-1
2199,67,1717,1074,136,115,1,-1,-1,-1
2200,67,1726,1069,130,112,1,-1,-1,-1
2201,67,1734,1065,121,108,1,-1,-1,-1
2202,67,1741,1061,111,104,1,-1,-1,-1
2203,67,1747,1056,112,101,1,-1,-1,-1
2204,67,1753,1054,107,96,1,-1,-1,-1
2205,67,1758,1052,102,91,1,-1,-1,-1
2206,67,1762,1047,94,90,1,-1,-1,-1
2207,67,1765,1045,92,87,1,-1,-1,-1
2208,67,1767,1036,91,90,1,-1,-1,-1
2209,67,1771,1031,85,90,1,-1,-1,-1
2210,67,1773,1034,83,83,1,-1,-1,-1
2211,67,1774,1030,82,80,1,-1,-1,-1
2212,67,1776,1027,81,78,1,-1,-1,-1
2213,67,1777,1023,80,77,1,-1,-1,-1
2214,67,1778,1023,78,73,1,-1,-1,-1
2215,67,1778,1022,76,70,1,-1,-1,-1
2216,67,1779,1020,74,67,1,-1,-1,-1
2217,67,1779,1016,72,67,1,-1,-1,-1
2218,67,1777,1012,73,67,1,-1,-1,-1
2219,67,1777,1010,71,64,1,-1,-1,-1
2220,67,1778,1008,67,62,1,-1,-1,-1
2221,67,1776,1006,66,61,1,-1,-1,-1
2222,67,1776,1004,66,60,1,-1,-1,-1
2223,67,1775,1001,63,60,1,-1,-1,-1
2224,67,1773,999,63,58,1,-1,-1,-1
2225,67,1772,997,62,59,1,-1,-1,-1
2226,67,1771,994,63,57,1,-1,-1,-1
2227,67,1771,991,60,56,1,-1,-1,-1
2228,67,1769,989,59,55,1,-1,-1,-1
2229,67,1769,989,58,53,1,-1,-1,-1
2230,67,1768,987,57,53,1,-1,-1,-1
2231,67,1767,985,54,51,1,-1,-1,-1
2232,67,1766,984,53,49,1,-1,-1,-1
2233,67,1765,982,51,48,1,-1,-1,-1
2234,67,1764,982,51,45,1,-1,-1,-1
2235,67,1764,979,51,46,1,-1,-1,-1
2236,67,1763,978,50,45,1,-1,-1,-1
2237,67,1763,976,49,45,1,-1,-1,-1
2238,67,1762,975,48,45,1,-1,-1,-1
2239,67,1761,974,49,44,1,-1,-1,-1
2240,67,1762,973,46,43,1,-1,-1,-1
2241,67,1763,972,45,42,1,-1,-1,-1
2242,67,1763,972,44,40,1,-1,-1,-1
2243,67,1763,972,43,39,1,-1,-1,-1
2244,67,1763,971,43,38,1,-1,-1,-1
2245,67,1762,971,43,38,1,-1,-1,-1
2246,67,1762,970,42,38,1,-1,-1,-1
2247,67,1762,969,41,38,1,-1,-1,-1
2248,67,1763,969,40,37,1,-1,-1,-1
2249,67,1763,969,39,37,1,-1,-1,-1
2250,67,1763,968,40,37,1,-1,-1,-1
2251,67,1763,968,40,36,1,-1,-1,-1
2252,67,1763,967,39,37,1,-1,-1,-1
2253,67,1763,967,39,36,1,-1,-1,-1
2254,67,1763,967,39,35,1,-1,-1,-1
2255,67,1764,967,38,35,1,-1,-1,-1
2256,67,1764,967,38,34,1,-1,-1,-1
2257,67,1764,966,38,34,1,-1,-1,-1
2258,67,1764,966,37,34,1,-1,-1,-1
2259,67,1764,966,37,33,1,-1,-1,-1
2260,67,1765,966,35,33,1,-1,-1,-1
2261,67,1765,966,36,33,1,-1,-1,-1
2262,67,1765,967,35,31,1,-1,-1,-1
2263,67,1766,966,34,31,1,-1,-1,-1
2264,67,1766,965,34,31,1,-1,-1,-1
2265,67,1766,963,36,34,1,-1,-1,-1
2266,67,1767,964,35,31,1,-1,-1,-1
2267,67,1766,964,33,31,1,-1,-1,-1
2268,67,1766,964,32,31,1,-1,-1,-1
2269,67,1766,963,30,31,1,-1,-1,-1
2270,67,1766,960,31,33,1,-1,-1,-1
2271,67,1766,961,30,32,1,-1,-1,-1
1,71,486,613,236,118,1,-1,-1,-1
2,71,487,613,236,118,1,-1,-1,-1
3,71,487,613,236,118,1,-1,-1,-1
4,71,487,613,236,118,1,-1,-1,-1
5,71,487,613,236,118,1,-1,-1,-1
6,71,487,613,236,118,1,-1,-1,-1
7,71,487,613,236,118,1,-1,-1,-1
8,71,487,613,236,118,1,-1,-1,-1
9,71,487,613,236,118,1,-1,-1,-1
10,71,487,613,236,118,1,-1,-1,-1
11,71,487,613,236,118,1,-1,-1,-1
12,71,487,613,236,118,1,-1,-1,-1
13,71,487,613,237,118,1,-1,-1,-1
14,71,487,613,236,118,1,-1,-1,-1
15,71,487,613,236,118,1,-1,-1,-1
16,71,487,613,236,118,1,-1,-1,-1
17,71,487,613,236,118,1,-1,-1,-1
18,71,487,613,236,118,1,-1,-1,-1
19,71,487,613,236,118,1,-1,-1,-1
20,71,487,613,236,118,1,-1,-1,-1
21,71,487,613,236,118,1,-1,-1,-1
22,71,487,613,236,118,1,-1,-1,-1
23,71,487,613,236,118,1,-1,-1,-1
24,71,487,613,236,118,1,-1,-1,-1
25,71,487,613,236,118,1,-1,-1,-1
26,71,487,613,236,118,1,-1,-1,-1
27,71,487,613,236,118,1,-1,-1,-1
28,71,487,613,236,118,1,-1,-1,-1
29,71,487,613,236,118,1,-1,-1,-1
30,71,487,613,236,118,1,-1,-1,-1
31,71,487,613,236,118,1,-1,-1,-1
32,71,487,613,236,118,1,-1,-1,-1
33,71,487,613,236,118,1,-1,-1,-1
34,71,487,613,236,118,1,-1,-1,-1
35,71,487,613,236,118,1,-1,-1,-1
36,71,487,613,236,118,1,-1,-1,-1
37,71,487,613,236,118,1,-1,-1,-1
38,71,487,613,236,118,1,-1,-1,-1
39,71,487,613,236,118,1,-1,-1,-1
40,71,487,613,236,118,1,-1,-1,-1
41,71,487,613,236,118,1,-1,-1,-1
42,71,487,613,236,118,1,-1,-1,-1
43,71,487,613,236,119,1,-1,-1,-1
44,71,487,613,236,119,1,-1,-1,-1
45,71,487,613,236,119,1,-1,-1,-1
46,71,487,613,236,119,1,-1,-1,-1
47,71,487,613,236,119,1,-1,-1,-1
48,71,487,613,236,119,1,-1,-1,-1
49,71,487,613,236,119,1,-1,-1,-1
50,71,487,613,236,119,1,-1,-1,-1
51,71,487,613,236,119,1,-1,-1,-1
52,71,487,613,236,119,1,-1,-1,-1
53,71,487,613,237,119,1,-1,-1,-1
54,71,487,613,236,119,1,-1,-1,-1
55,71,487,613,236,119,1,-1,-1,-1
56,71,487,613,236,119,1,-1,-1,-1
57,71,487,613,236,119,1,-1,-1,-1
58,71,487,613,236,119,1,-1,-1,-1
59,71,487,613,236,119,1,-1,-1,-1
60,71,487,613,236,119,1,-1,-1,-1
61,71,487,613,236,118,1,-1,-1,-1
62,71,488,613,236,118,1,-1,-1,-1
63,71,487,613,236,118,1,-1,-1,-1
64,71,487,613,236,118,1,-1,-1,-1
65,71,487,613,236,118,1,-1,-1,-1
66,71,487,613,236,118,1,-1,-1,-1
67,71,487,613,236,118,1,-1,-1,-1
68,71,487,613,236,118,1,-1,-1,-1
69,71,487,613,236,118,1,-1,-1,-1
70,71,487,613,236,118,1,-1,-1,-1
71,71,487,613,236,118,1,-1,-1,-1
72,71,487,613,236,118,1,-1,-1,-1
73,71,487,613,236,118,1,-1,-1,-1
74,71,487,613,236,118,1,-1,-1,-1
75,71,487,613,236,118,1,-1,-1,-1
76,71,487,613,236,118,1,-1,-1,-1
77,71,487,613,236,118,1,-1,-1,-1
78,71,487,613,236,118,1,-1,-1,-1
79,71,487,613,236,118,1,-1,-1,-1
80,71,487,613,236,118,1,-1,-1,-1
81,71,487,613,236,118,1,-1,-1,-1
82,71,487,613,237,118,1,-1,-1,-1
83,71,487,613,236,118,1,-1,-1,-1
84,71,487,613,237,118,1,-1,-1,-1
85,71,487,613,236,118,1,-1,-1,-1
86,71,487,613,236,118,1,-1,-1,-1
87,71,487,613,237,118,1,-1,-1,-1
88,71,487,613,236,119,1,-1,-1,-1
89,71,487,613,236,119,1,-1,-1,-1
90,71,487,613,236,119,1,-1,-1,-1
91,71,487,613,236,119,1,-1,-1,-1
92,71,487,613,236,119,1,-1,-1,-1
93,71,487,613,236,118,1,-1,-1,-1
94,71,487,613,236,119,1,-1,-1,-1
95,71,487,613,236,118,1,-1,-1,-1
96,71,487,613,236,118,1,-1,-1,-1
97,71,487,613,236,118,1,-1,-1,-1
98,71,487,613,236,118,1,-1,-1,-1
99,71,487,613,236,118,1,-1,-1,-1
100,71,487,613,236,118,1,-1,-1,-1
101,71,487,613,236,118,1,-1,-1,-1
102,71,487,613,236,118,1,-1,-1,-1
103,71,487,613,236,118,1,-1,-1,-1
104,71,487,613,236,118,1,-1,-1,-1
105,71,487,613,236,118,1,-1,-1,-1
106,71,487,613,236,118,1,-1,-1,-1
107,71,487,613,236,118,1,-1,-1,-1
108,71,487,613,236,119,1,-1,-1,-1
109,71,486,613,237,118,1,-1,-1,-1
110,71,486,613,237,118,1,-1,-1,-1
111,71,486,613,237,118,1,-1,-1,-1
112,71,486,613,237,118,1,-1,-1,-1
113,71,486,613,237,118,1,-1,-1,-1
114,71,486,613,237,118,1,-1,-1,-1
115,71,486,613,237,118,1,-1,-1,-1
116,71,486,613,237,118,1,-1,-1,-1
117,71,486,613,237,118,1,-1,-1,-1
118,71,486,613,237,118,1,-1,-1,-1
119,71,486,613,237,118,1,-1,-1,-1
120,71,486,613,237,118,1,-1,-1,-1
121,71,486,613,237,118,1,-1,-1,-1
122,71,486,613,237,118,1,-1,-1,-1
123,71,486,614,237,118,1,-1,-1,-1
124,71,486,614,237,118,1,-1,-1,-1
125,71,486,614,237,118,1,-1,-1,-1
126,71,486,614,237,118,1,-1,-1,-1
127,71,486,614,237,118,1,-1,-1,-1
128,71,486,614,237,118,1,-1,-1,-1
129,71,486,614,237,118,1,-1,-1,-1
130,71,486,614,237,118,1,-1,-1,-1
131,71,486,613,237,118,1,-1,-1,-1
132,71,486,613,237,118,1,-1,-1,-1
133,71,486,613,237,118,1,-1,-1,-1
134,71,486,613,237,118,1,-1,-1,-1
135,71,486,613,237,118,1,-1,-1,-1
136,71,486,613,237,118,1,-1,-1,-1
137,71,486,613,237,118,1,-1,-1,-1
138,71,486,613,237,118,1,-1,-1,-1
139,71,486,613,238,118,1,-1,-1,-1
140,71,486,613,237,118,1,-1,-1,-1
141,71,486,613,237,118,1,-1,-1,-1
142,71,486,613,237,118,1,-1,-1,-1
143,71,486,613,237,118,1,-1,-1,-1
144,71,486,613,237,118,1,-1,-1,-1
145,71,486,613,237,118,1,-1,-1,-1
146,71,486,613,237,118,1,-1,-1,-1
147,71,486,613,237,118,1,-1,-1,-1
148,71,486,613,237,118,1,-1,-1,-1
149,71,486,613,237,118,1,-1,-1,-1
150,71,486,613,237,118,1,-1,-1,-1
151,71,486,613,237,118,1,-1,-1,-1
152,71,486,613,237,118,1,-1,-1,-1
153,71,486,613,237,118,1,-1,-1,-1
154,71,486,613,237,118,1,-1,-1,-1
155,71,486,613,237,118,1,-1,-1,-1
156,71,486,613,237,118,1,-1,-1,-1
157,71,486,613,238,118,1,-1,-1,-1
158,71,486,613,238,118,1,-1,-1,-1
159,71,486,613,238,118,1,-1,-1,-1
160,71,486,613,238,118,1,-1,-1,-1
161,71,486,613,238,118,1,-1,-1,-1
162,71,486,613,238,119,1,-1,-1,-1
163,71,486,613,238,118,1,-1,-1,-1
164,71,486,613,238,118,1,-1,-1,-1
165,71,486,613,238,118,1,-1,-1,-1
166,71,486,613,238,118,1,-1,-1,-1
167,71,486,613,238,119,1,-1,-1,-1
168,71,486,613,238,119,1,-1,-1,-1
169,71,486,613,238,118,1,-1,-1,-1
170,71,486,613,237,118,1,-1,-1,-1
171,71,486,613,237,118,1,-1,-1,-1
172,71,486,613,238,118,1,-1,-1,-1
173,71,486,613,238,118,1,-1,-1,-1
174,71,486,613,238,119,1,-1,-1,-1
175,71,486,613,237,119,1,-1,-1,-1
176,71,486,613,237,119,1,-1,-1,-1
177,71,486,613,237,119,1,-1,-1,-1
178,71,486,613,237,118,1,-1,-1,-1
179,71,486,613,237,119,1,-1,-1,-1
180,71,486,613,237,118,1,-1,-1,-1
181,71,486,613,238,118,1,-1,-1,-1
182,71,486,613,238,119,1,-1,-1,-1
183,71,486,613,238,118,1,-1,-1,-1
184,71,486,613,238,118,1,-1,-1,-1
185,71,486,613,238,118,1,-1,-1,-1
186,71,486,613,238,118,1,-1,-1,-1
187,71,486,613,238,118,1,-1,-1,-1
188,71,486,613,238,118,1,-1,-1,-1
189,71,486,613,238,118,1,-1,-1,-1
190,71,487,613,237,119,1,-1,-1,-1
191,71,487,613,237,118,1,-1,-1,-1
192,71,486,613,237,118,1,-1,-1,-1
193,71,486,613,237,118,1,-1,-1,-1
194,71,486,613,237,118,1,-1,-1,-1
195,71,486,613,237,118,1,-1,-1,-1
196,71,486,613,237,118,1,-1,-1,-1
197,71,486,613,237,118,1,-1,-1,-1
198,71,487,613,237,118,1,-1,-1,-1
199,71,487,613,237,118,1,-1,-1,-1
200,71,487,613,237,118,1,-1,-1,-1
201,71,487,613,237,118,1,-1,-1,-1
202,71,487,613,237,118,1,-1,-1,-1
203,71,487,613,237,118,1,-1,-1,-1
204,71,487,613,237,118,1,-1,-1,-1
205,71,487,613,237,119,1,-1,-1,-1
206,71,487,613,237,118,1,-1,-1,-1
207,71,487,613,237,119,1,-1,-1,-1
208,71,487,613,237,119,1,-1,-1,-1
209,71,487,613,237,118,1,-1,-1,-1
210,71,487,613,237,119,1,-1,-1,-1
211,71,487,613,237,119,1,-1,-1,-1
212,71,487,613,237,119,1,-1,-1,-1
213,71,487,613,237,119,1,-1,-1,-1
214,71,487,613,237,119,1,-1,-1,-1
215,71,487,613,237,119,1,-1,-1,-1
216,71,487,613,237,119,1,-1,-1,-1
217,71,487,613,237,118,1,-1,-1,-1
218,71,487,613,237,119,1,-1,-1,-1
219,71,487,613,237,119,1,-1,-1,-1
220,71,487,613,237,118,1,-1,-1,-1
221,71,487,613,237,118,1,-1,-1,-1
222,71,487,613,237,118,1,-1,-1,-1
223,71,487,613,237,119,1,-1,-1,-1
224,71,487,613,237,119,1,-1,-1,-1
225,71,487,613,237,119,1,-1,-1,-1
226,71,487,613,237,119,1,-1,-1,-1
227,71,487,613,237,119,1,-1,-1,-1
228,71,487,613,237,119,1,-1,-1,-1
229,71,487,613,237,119,1,-1,-1,-1
230,71,487,613,237,119,1,-1,-1,-1
231,71,487,613,237,119,1,-1,-1,-1
232,71,487,613,237,119,1,-1,-1,-1
233,71,487,613,237,119,1,-1,-1,-1
234,71,487,613,237,119,1,-1,-1,-1
235,71,487,613,237,119,1,-1,-1,-1
236,71,487,613,237,119,1,-1,-1,-1
237,71,487,613,237,119,1,-1,-1,-1
238,71,487,613,237,119,1,-1,-1,-1
239,71,487,613,237,119,1,-1,-1,-1
240,71,487,613,237,119,1,-1,-1,-1
241,71,487,613,237,119,1,-1,-1,-1
242,71,487,613,237,119,1,-1,-1,-1
243,71,487,613,237,119,1,-1,-1,-1
244,71,487,613,237,119,1,-1,-1,-1
245,71,487,613,237,119,1,-1,-1,-1
246,71,487,613,237,119,1,-1,-1,-1
247,71,487,613,237,119,1,-1,-1,-1
248,71,487,613,237,119,1,-1,-1,-1
249,71,487,613,237,119,1,-1,-1,-1
250,71,487,613,236,119,1,-1,-1,-1
251,71,487,613,236,119,1,-1,-1,-1
252,71,487,613,236,119,1,-1,-1,-1
253,71,487,613,236,118,1,-1,-1,-1
254,71,487,613,236,118,1,-1,-1,-1
255,71,487,613,236,118,1,-1,-1,-1
256,71,487,613,236,118,1,-1,-1,-1
257,71,487,613,236,118,1,-1,-1,-1
258,71,487,613,236,118,1,-1,-1,-1
259,71,487,613,236,118,1,-1,-1,-1
260,71,487,613,236,118,1,-1,-1,-1
261,71,487,613,236,118,1,-1,-1,-1
262,71,487,613,236,118,1,-1,-1,-1
263,71,487,613,236,118,1,-1,-1,-1
264,71,487,613,236,118,1,-1,-1,-1
265,71,487,613,236,118,1,-1,-1,-1
266,71,487,613,236,118,1,-1,-1,-1
267,71,487,613,236,118,1,-1,-1,-1
268,71,487,613,236,118,1,-1,-1,-1
269,71,487,613,236,118,1,-1,-1,-1
270,71,487,613,236,118,1,-1,-1,-1
271,71,487,613,236,118,1,-1,-1,-1
272,71,487,613,236,118,1,-1,-1,-1
273,71,487,613,236,118,1,-1,-1,-1
274,71,487,613,236,118,1,-1,-1,-1
275,71,487,613,236,118,1,-1,-1,-1
276,71,487,613,236,118,1,-1,-1,-1
277,71,487,613,236,118,1,-1,-1,-1
278,71,487,613,236,118,1,-1,-1,-1
279,71,487,613,236,118,1,-1,-1,-1
280,71,487,613,236,118,1,-1,-1,-1
281,71,487,613,235,118,1,-1,-1,-1
282,71,487,613,236,118,1,-1,-1,-1
283,71,487,613,236,118,1,-1,-1,-1
284,71,487,613,236,118,1,-1,-1,-1
285,71,487,613,236,118,1,-1,-1,-1
286,71,488,613,236,118,1,-1,-1,-1
287,71,487,613,236,118,1,-1,-1,-1
288,71,487,613,236,118,1,-1,-1,-1
289,71,487,613,236,118,1,-1,-1,-1
290,71,487,613,236,118,1,-1,-1,-1
291,71,487,613,236,118,1,-1,-1,-1
292,71,487,613,236,118,1,-1,-1,-1
293,71,487,613,236,118,1,-1,-1,-1
294,71,487,613,236,118,1,-1,-1,-1
295,71,487,613,236,118,1,-1,-1,-1
296,71,487,613,236,118,1,-1,-1,-1
297,71,487,613,236,118,1,-1,-1,-1
298,71,487,613,236,118,1,-1,-1,-1
299,71,487,613,236,118,1,-1,-1,-1
300,71,487,613,236,118,1,-1,-1,-1
301,71,487,613,236,118,1,-1,-1,-1
302,71,487,613,236,118,1,-1,-1,-1
303,71,487,613,236,119,1,-1,-1,-1
304,71,487,613,236,119,1,-1,-1,-1
305,71,487,613,236,119,1,-1,-1,-1
306,71,487,613,236,118,1,-1,-1,-1
307,71,487,613,236,119,1,-1,-1,-1
308,71,487,613,236,119,1,-1,-1,-1
309,71,487,613,236,119,1,-1,-1,-1
310,71,487,613,236,118,1,-1,-1,-1
311,71,487,613,236,119,1,-1,-1,-1
312,71,487,613,236,119,1,-1,-1,-1
313,71,487,613,237,119,1,-1,-1,-1
314,71,487,613,237,119,1,-1,-1,-1
315,71,487,613,236,119,1,-1,-1,-1
316,71,487,613,237,119,1,-1,-1,-1
317,71,487,613,237,119,1,-1,-1,-1
318,71,487,613,237,119,1,-1,-1,-1
319,71,487,613,236,119,1,-1,-1,-1
320,71,487,613,237,119,1,-1,-1,-1
321,71,487,613,236,119,1,-1,-1,-1
322,71,487,613,236,119,1,-1,-1,-1
323,71,487,613,236,119,1,-1,-1,-1
324,71,487,613,236,119,1,-1,-1,-1
325,71,487,613,236,119,1,-1,-1,-1
326,71,487,613,237,119,1,-1,-1,-1
327,71,487,613,236,119,1,-1,-1,-1
328,71,487,613,236,119,1,-1,-1,-1
329,71,487,613,237,119,1,-1,-1,-1
330,71,487,613,236,119,1,-1,-1,-1
331,71,487,613,236,119,1,-1,-1,-1
332,71,487,613,236,119,1,-1,-1,-1
333,71,487,613,236,119,1,-1,-1,-1
334,71,487,613,236,119,1,-1,-1,-1
335,71,487,613,236,119,1,-1,-1,-1
336,71,487,613,236,119,1,-1,-1,-1
337,71,487,613,237,119,1,-1,-1,-1
338,71,487,613,237,119,1,-1,-1,-1
339,71,487,613,237,119,1,-1,-1,-1
340,71,487,613,237,119,1,-1,-1,-1
341,71,487,613,237,119,1,-1,-1,-1
342,71,487,613,237,119,1,-1,-1,-1
343,71,486,613,237,118,1,-1,-1,-1
344,71,486,613,237,118,1,-1,-1,-1
345,71,486,613,237,118,1,-1,-1,-1
346,71,486,613,237,118,1,-1,-1,-1
347,71,486,613,237,118,1,-1,-1,-1
348,71,486,613,237,118,1,-1,-1,-1
349,71,486,614,237,118,1,-1,-1,-1
350,71,486,614,237,118,1,-1,-1,-1
351,71,486,614,237,118,1,-1,-1,-1
352,71,486,614,237,118,1,-1,-1,-1
353,71,486,614,237,118,1,-1,-1,-1
354,71,486,614,237,118,1,-1,-1,-1
355,71,486,614,237,118,1,-1,-1,-1
356,71,486,614,237,118,1,-1,-1,-1
357,71,486,614,237,118,1,-1,-1,-1
358,71,486,614,237,118,1,-1,-1,-1
359,71,486,614,237,118,1,-1,-1,-1
360,71,486,614,237,118,1,-1,-1,-1
361,71,487,613,236,118,1,-1,-1,-1
362,71,487,613,236,118,1,-1,-1,-1
363,71,487,613,237,118,1,-1,-1,-1
364,71,487,613,237,118,1,-1,-1,-1
365,71,487,613,237,118,1,-1,-1,-1
366,71,487,613,237,118,1,-1,-1,-1
367,71,487,613,237,118,1,-1,-1,-1
368,71,487,613,237,118,1,-1,-1,-1
369,71,487,613,237,118,1,-1,-1,-1
370,71,487,613,237,118,1,-1,-1,-1
371,71,487,613,237,118,1,-1,-1,-1
372,71,487,613,237,118,1,-1,-1,-1
373,71,486,613,237,118,1,-1,-1,-1
374,71,486,613,237,118,1,-1,-1,-1
375,71,486,613,237,118,1,-1,-1,-1
376,71,487,613,237,118,1,-1,-1,-1
377,71,487,613,237,118,1,-1,-1,-1
378,71,487,613,237,118,1,-1,-1,-1
379,71,487,613,237,118,1,-1,-1,-1
380,71,487,613,237,118,1,-1,-1,-1
381,71,487,613,237,118,1,-1,-1,-1
382,71,487,613,237,118,1,-1,-1,-1
383,71,487,613,237,118,1,-1,-1,-1
384,71,487,613,237,118,1,-1,-1,-1
385,71,487,613,237,118,1,-1,-1,-1
386,71,487,613,237,118,1,-1,-1,-1
387,71,487,613,237,118,1,-1,-1,-1
388,71,487,613,237,118,1,-1,-1,-1
389,71,487,613,237,118,1,-1,-1,-1
390,71,487,613,237,118,1,-1,-1,-1
391,71,487,613,237,118,1,-1,-1,-1
392,71,487,613,237,119,1,-1,-1,-1
393,71,487,613,237,119,1,-1,-1,-1
394,71,487,613,237,119,1,-1,-1,-1
395,71,487,613,237,119,1,-1,-1,-1
396,71,487,613,237,118,1,-1,-1,-1
397,71,487,613,237,118,1,-1,-1,-1
398,71,487,613,237,118,1,-1,-1,-1
399,71,487,613,237,118,1,-1,-1,-1
400,71,487,613,237,118,1,-1,-1,-1
401,71,487,613,237,118,1,-1,-1,-1
402,71,487,613,237,118,1,-1,-1,-1
403,71,487,613,237,118,1,-1,-1,-1
404,71,487,613,237,118,1,-1,-1,-1
405,71,487,613,237,118,1,-1,-1,-1
406,71,487,613,237,118,1,-1,-1,-1
407,71,487,613,237,118,1,-1,-1,-1
408,71,487,613,237,118,1,-1,-1,-1
409,71,487,613,237,119,1,-1,-1,-1
410,71,487,613,237,118,1,-1,-1,-1
411,71,487,613,237,118,1,-1,-1,-1
412,71,487,613,237,118,1,-1,-1,-1
413,71,487,613,237,118,1,-1,-1,-1
414,71,487,613,237,118,1,-1,-1,-1
415,71,487,613,237,118,1,-1,-1,-1
416,71,487,613,237,118,1,-1,-1,-1
417,71,487,613,237,118,1,-1,-1,-1
418,71,487,613,237,118,1,-1,-1,-1
419,71,487,613,237,118,1,-1,-1,-1
420,71,487,613,237,118,1,-1,-1,-1
421,71,487,613,237,118,1,-1,-1,-1
422,71,487,613,237,118,1,-1,-1,-1
423,71,487,613,236,118,1,-1,-1,-1
424,71,487,613,236,118,1,-1,-1,-1
425,71,487,613,236,118,1,-1,-1,-1
426,71,487,613,236,118,1,-1,-1,-1
427,71,487,613,236,118,1,-1,-1,-1
428,71,487,613,236,118,1,-1,-1,-1
429,71,487,613,236,118,1,-1,-1,-1
430,71,487,613,236,119,1,-1,-1,-1
431,71,487,613,236,118,1,-1,-1,-1
432,71,487,613,236,118,1,-1,-1,-1
433,71,487,613,236,119,1,-1,-1,-1
434,71,487,613,236,119,1,-1,-1,-1
435,71,487,613,236,119,1,-1,-1,-1
436,71,487,613,236,119,1,-1,-1,-1
437,71,487,613,236,119,1,-1,-1,-1
438,71,487,613,236,119,1,-1,-1,-1
439,71,487,613,236,119,1,-1,-1,-1
440,71,487,613,236,119,1,-1,-1,-1
441,71,487,613,236,119,1,-1,-1,-1
442,71,487,613,236,119,1,-1,-1,-1
443,71,487,613,236,119,1,-1,-1,-1
444,71,487,613,236,119,1,-1,-1,-1
445,71,487,613,236,119,1,-1,-1,-1
446,71,487,613,236,119,1,-1,-1,-1
447,71,487,613,236,119,1,-1,-1,-1
448,71,487,613,236,119,1,-1,-1,-1
449,71,487,613,236,119,1,-1,-1,-1
450,71,487,613,236,119,1,-1,-1,-1
451,71,487,613,236,119,1,-1,-1,-1
452,71,487,613,236,119,1,-1,-1,-1
453,71,487,613,236,119,1,-1,-1,-1
454,71,487,613,236,119,1,-1,-1,-1
455,71,487,613,236,119,1,-1,-1,-1
456,71,487,613,236,119,1,-1,-1,-1
457,71,487,613,236,119,1,-1,-1,-1
458,71,487,613,236,119,1,-1,-1,-1
459,71,487,613,236,119,1,-1,-1,-1
460,71,487,613,236,119,1,-1,-1,-1
461,71,487,613,236,119,1,-1,-1,-1
462,71,487,613,236,119,1,-1,-1,-1
463,71,487,613,236,119,1,-1,-1,-1
464,71,487,613,236,119,1,-1,-1,-1
465,71,487,613,236,119,1,-1,-1,-1
466,71,487,613,236,119,1,-1,-1,-1
467,71,487,613,236,119,1,-1,-1,-1
468,71,487,613,236,119,1,-1,-1,-1
469,71,488,613,236,119,1,-1,-1,-1
470,71,488,613,236,119,1,-1,-1,-1
471,71,488,613,236,119,1,-1,-1,-1
472,71,488,613,236,119,1,-1,-1,-1
473,71,488,613,236,119,1,-1,-1,-1
474,71,487,613,236,119,1,-1,-1,-1
475,71,487,613,236,119,1,-1,-1,-1
476,71,487,613,236,119,1,-1,-1,-1
477,71,487,613,236,119,1,-1,-1,-1
478,71,488,613,236,119,1,-1,-1,-1
479,71,488,613,236,119,1,-1,-1,-1
480,71,488,613,236,119,1,-1,-1,-1
481,71,487,613,236,119,1,-1,-1,-1
482,71,487,613,236,119,1,-1,-1,-1
483,71,487,613,236,119,1,-1,-1,-1
484,71,487,613,236,119,1,-1,-1,-1
485,71,487,613,236,119,1,-1,-1,-1
486,71,487,613,236,119,1,-1,-1,-1
487,71,487,613,236,119,1,-1,-1,-1
488,71,487,613,236,119,1,-1,-1,-1
489,71,487,613,236,119,1,-1,-1,-1
490,71,487,613,236,119,1,-1,-1,-1
491,71,487,613,236,119,1,-1,-1,-1
492,71,487,613,236,119,1,-1,-1,-1
493,71,487,614,236,118,1,-1,-1,-1
494,71,487,614,236,118,1,-1,-1,-1
495,71,487,614,236,118,1,-1,-1,-1
496,71,487,614,237,118,1,-1,-1,-1
497,71,487,614,236,118,1,-1,-1,-1
498,71,487,614,237,118,1,-1,-1,-1
499,71,487,614,240,118,1,-1,-1,-1
500,71,487,614,243,118,1,-1,-1,-1
501,71,487,613,246,118,1,-1,-1,-1
502,71,487,614,241,118,1,-1,-1,-1
503,71,487,614,240,118,1,-1,-1,-1
504,71,487,614,240,118,1,-1,-1,-1
505,71,487,614,237,119,1,-1,-1,-1
506,71,487,614,237,119,1,-1,-1,-1
507,71,488,614,235,119,1,-1,-1,-1
508,71,488,614,236,118,1,-1,-1,-1
509,71,488,614,235,119,1,-1,-1,-1
510,71,488,614,236,118,1,-1,-1,-1
511,71,487,614,236,118,1,-1,-1,-1
512,71,488,614,235,119,1,-1,-1,-1
513,71,487,613,236,119,1,-1,-1,-1
514,71,487,614,236,119,1,-1,-1,-1
515,71,488,613,235,119,1,-1,-1,-1
516,71,487,614,236,119,1,-1,-1,-1
517,71,487,614,236,119,1,-1,-1,-1
518,71,488,613,236,120,1,-1,-1,-1
519,71,488,613,235,120,1,-1,-1,-1
520,71,487,613,236,120,1,-1,-1,-1
521,71,488,613,236,119,1,-1,-1,-1
522,71,487,613,236,119,1,-1,-1,-1
523,71,487,615,236,118,1,-1,-1,-1
524,71,487,614,235,118,1,-1,-1,-1
525,71,488,614,236,119,1,-1,-1,-1
526,71,488,614,235,119,1,-1,-1,-1
527,71,488,616,235,117,1,-1,-1,-1
528,71,487,616,236,117,1,-1,-1,-1
529,71,487,616,236,117,1,-1,-1,-1
530,71,487,614,236,118,1,-1,-1,-1
531,71,487,613,236,119,1,-1,-1,-1
532,71,486,610,236,122,1,-1,-1,-1
533,71,486,610,236,122,1,-1,-1,-1
534,71,487,610,237,122,1,-1,-1,-1
535,71,486,609,237,123,1,-1,-1,-1
536,71,486,612,237,120,1,-1,-1,-1
537,71,486,613,238,119,1,-1,-1,-1
538,71,485,613,238,118,1,-1,-1,-1
539,71,486,613,238,119,1,-1,-1,-1
540,71,486,611,238,120,1,-1,-1,-1
541,71,485,612,238,119,1,-1,-1,-1
542,71,485,612,238,119,1,-1,-1,-1
543,71,485,612,238,120,1,-1,-1,-1
544,71,486,612,238,120,1,-1,-1,-1
545,71,486,613,237,119,1,-1,-1,-1
546,71,486,613,237,119,1,-1,-1,-1
547,71,486,613,237,118,1,-1,-1,-1
548,71,486,613,237,119,1,-1,-1,-1
549,71,487,613,237,118,1,-1,-1,-1
550,71,487,613,237,118,1,-1,-1,-1
551,71,487,613,237,118,1,-1,-1,-1
552,71,487,612,236,119,1,-1,-1,-1
553,71,487,612,236,119,1,-1,-1,-1
554,71,487,612,236,119,1,-1,-1,-1
555,71,487,612,236,119,1,-1,-1,-1
556,71,487,612,236,119,1,-1,-1,-1
557,71,487,612,236,119,1,-1,-1,-1
558,71,487,612,236,119,1,-1,-1,-1
559,71,488,612,236,119,1,-1,-1,-1
560,71,488,612,236,119,1,-1,-1,-1
561,71,487,612,236,119,1,-1,-1,-1
562,71,487,612,236,119,1,-1,-1,-1
563,71,487,612,236,119,1,-1,-1,-1
564,71,487,612,236,119,1,-1,-1,-1
565,71,487,612,236,119,1,-1,-1,-1
566,71,487,612,236,119,1,-1,-1,-1
567,71,487,612,236,119,1,-1,-1,-1
568,71,487,612,236,119,1,-1,-1,-1
569,71,487,612,236,119,1,-1,-1,-1
570,71,487,612,236,119,1,-1,-1,-1
571,71,487,612,236,119,1,-1,-1,-1
572,71,487,613,236,119,1,-1,-1,-1
573,71,487,613,236,119,1,-1,-1,-1
574,71,487,613,236,118,1,-1,-1,-1
575,71,487,613,236,118,1,-1,-1,-1
576,71,487,613,236,119,1,-1,-1,-1
577,71,487,613,236,119,1,-1,-1,-1
578,71,487,612,236,119,1,-1,-1,-1
579,71,488,612,236,119,1,-1,-1,-1
580,71,488,612,235,119,1,-1,-1,-1
581,71,487,613,236,118,1,-1,-1,-1
582,71,487,613,236,118,1,-1,-1,-1
583,71,487,613,236,118,1,-1,-1,-1
584,71,487,613,236,118,1,-1,-1,-1
585,71,487,613,236,118,1,-1,-1,-1
586,71,487,613,236,118,1,-1,-1,-1
587,71,487,613,236,118,1,-1,-1,-1
588,71,487,613,236,118,1,-1,-1,-1
589,71,487,613,236,119,1,-1,-1,-1
590,71,487,613,236,119,1,-1,-1,-1
591,71,487,613,236,119,1,-1,-1,-1
592,71,487,613,236,119,1,-1,-1,-1
593,71,487,613,236,119,1,-1,-1,-1
594,71,487,613,236,119,1,-1,-1,-1
595,71,487,613,236,119,1,-1,-1,-1
596,71,487,613,236,119,1,-1,-1,-1
597,71,487,613,236,119,1,-1,-1,-1
598,71,487,613,236,119,1,-1,-1,-1
599,71,487,613,236,119,1,-1,-1,-1
600,71,487,613,236,119,1,-1,-1,-1
601,71,488,613,236,119,1,-1,-1,-1
602,71,487,613,236,118,1,-1,-1,-1
603,71,487,613,236,118,1,-1,-1,-1
604,71,487,613,236,119,1,-1,-1,-1
605,71,487,613,236,119,1,-1,-1,-1
606,71,487,613,236,119,1,-1,-1,-1
607,71,487,613,236,119,1,-1,-1,-1
608,71,487,613,236,119,1,-1,-1,-1
609,71,487,613,236,118,1,-1,-1,-1
610,71,487,613,236,119,1,-1,-1,-1
611,71,487,613,236,119,1,-1,-1,-1
612,71,487,613,236,118,1,-1,-1,-1
613,71,488,614,236,118,1,-1,-1,-1
614,71,488,614,236,118,1,-1,-1,-1
615,71,488,614,236,118,1,-1,-1,-1
616,71,488,614,236,118,1,-1,-1,-1
617,71,488,614,235,118,1,-1,-1,-1
618,71,488,614,236,118,1,-1,-1,-1
619,71,488,614,235,118,1,-1,-1,-1
620,71,488,614,235,118,1,-1,-1,-1
621,71,488,614,235,118,1,-1,-1,-1
622,71,488,614,236,118,1,-1,-1,-1
623,71,487,614,236,118,1,-1,-1,-1
624,71,488,614,236,118,1,-1,-1,-1
625,71,487,614,237,118,1,-1,-1,-1
626,71,487,614,237,118,1,-1,-1,-1
627,71,487,614,237,118,1,-1,-1,-1
628,71,487,614,237,118,1,-1,-1,-1
629,71,487,614,237,118,1,-1,-1,-1
630,71,487,614,237,118,1,-1,-1,-1
631,71,487,614,237,118,1,-1,-1,-1
632,71,487,614,237,118,1,-1,-1,-1
633,71,487,614,236,118,1,-1,-1,-1
634,71,487,614,236,118,1,-1,-1,-1
635,71,487,614,236,118,1,-1,-1,-1
636,71,487,614,236,118,1,-1,-1,-1
637,71,487,613,236,118,1,-1,-1,-1
638,71,487,613,236,118,1,-1,-1,-1
639,71,487,613,236,118,1,-1,-1,-1
640,71,487,613,236,118,1,-1,-1,-1
641,71,487,613,236,118,1,-1,-1,-1
642,71,487,613,236,118,1,-1,-1,-1
643,71,487,613,236,118,1,-1,-1,-1
644,71,487,613,236,118,1,-1,-1,-1
645,71,487,613,235,118,1,-1,-1,-1
646,71,487,613,236,118,1,-1,-1,-1
647,71,487,613,236,118,1,-1,-1,-1
648,71,487,613,236,118,1,-1,-1,-1
649,71,487,613,236,118,1,-1,-1,-1
650,71,487,613,236,118,1,-1,-1,-1
651,71,487,613,236,118,1,-1,-1,-1
652,71,487,613,236,118,1,-1,-1,-1
653,71,487,613,236,118,1,-1,-1,-1
654,71,487,613,236,118,1,-1,-1,-1
655,71,487,613,237,118,1,-1,-1,-1
656,71,487,613,236,118,1,-1,-1,-1
657,71,487,613,236,118,1,-1,-1,-1
658,71,487,613,236,118,1,-1,-1,-1
659,71,487,613,236,118,1,-1,-1,-1
660,71,487,613,236,118,1,-1,-1,-1
661,71,487,613,236,119,1,-1,-1,-1
662,71,487,613,236,119,1,-1,-1,-1
663,71,487,613,237,119,1,-1,-1,-1
664,71,487,613,237,119,1,-1,-1,-1
665,71,486,613,237,118,1,-1,-1,-1
666,71,486,613,237,119,1,-1,-1,-1
667,71,486,613,237,118,1,-1,-1,-1
668,71,486,613,237,119,1,-1,-1,-1
669,71,486,613,237,119,1,-1,-1,-1
670,71,486,613,237,119,1,-1,-1,-1
671,71,486,613,237,119,1,-1,-1,-1
672,71,486,613,237,119,1,-1,-1,-1
673,71,486,613,237,119,1,-1,-1,-1
674,71,486,613,237,119,1,-1,-1,-1
675,71,487,613,237,119,1,-1,-1,-1
676,71,487,613,237,119,1,-1,-1,-1
677,71,486,613,237,119,1,-1,-1,-1
678,71,487,613,237,119,1,-1,-1,-1
679,71,487,613,237,119,1,-1,-1,-1
680,71,487,613,237,119,1,-1,-1,-1
681,71,487,613,237,119,1,-1,-1,-1
682,71,487,613,236,119,1,-1,-1,-1
683,71,487,613,236,119,1,-1,-1,-1
684,71,487,613,236,119,1,-1,-1,-1
685,71,487,614,237,118,1,-1,-1,-1
686,71,487,614,237,118,1,-1,-1,-1
687,71,487,614,237,118,1,-1,-1,-1
688,71,487,614,236,118,1,-1,-1,-1
689,71,487,614,236,118,1,-1,-1,-1
690,71,487,614,236,118,1,-1,-1,-1
691,71,487,614,236,118,1,-1,-1,-1
692,71,487,614,236,118,1,-1,-1,-1
693,71,487,614,236,118,1,-1,-1,-1
694,71,487,614,236,118,1,-1,-1,-1
695,71,487,613,236,118,1,-1,-1,-1
696,71,487,613,236,118,1,-1,-1,-1
697,71,487,613,236,118,1,-1,-1,-1
698,71,487,613,236,118,1,-1,-1,-1
699,71,487,613,236,118,1,-1,-1,-1
700,71,487,613,236,118,1,-1,-1,-1
701,71,487,613,236,118,1,-1,-1,-1
702,71,487,613,236,118,1,-1,-1,-1
703,71,488,613,236,118,1,-1,-1,-1
704,71,488,613,236,118,1,-1,-1,-1
705,71,487,613,236,118,1,-1,-1,-1
706,71,487,613,236,118,1,-1,-1,-1
707,71,487,613,236,118,1,-1,-1,-1
708,71,487,613,236,118,1,-1,-1,-1
709,71,487,613,236,118,1,-1,-1,-1
710,71,487,613,236,118,1,-1,-1,-1
711,71,487,613,236,118,1,-1,-1,-1
712,71,487,613,236,118,1,-1,-1,-1
713,71,487,613,236,118,1,-1,-1,-1
714,71,487,613,236,118,1,-1,-1,-1
715,71,487,613,237,118,1,-1,-1,-1
716,71,487,613,237,118,1,-1,-1,-1
717,71,487,613,237,118,1,-1,-1,-1
718,71,487,613,237,118,1,-1,-1,-1
719,71,487,613,237,118,1,-1,-1,-1
720,71,487,613,236,118,1,-1,-1,-1
721,71,487,613,236,118,1,-1,-1,-1
722,71,487,613,236,118,1,-1,-1,-1
723,71,487,613,236,118,1,-1,-1,-1
724,71,487,613,236,118,1,-1,-1,-1
725,71,487,613,236,118,1,-1,-1,-1
726,71,487,613,236,118,1,-1,-1,-1
727,71,487,613,236,118,1,-1,-1,-1
728,71,487,613,236,118,1,-1,-1,-1
729,71,487,613,236,118,1,-1,-1,-1
730,71,487,613,236,118,1,-1,-1,-1
731,71,487,613,236,118,1,-1,-1,-1
732,71,487,613,236,118,1,-1,-1,-1
733,71,486,613,237,118,1,-1,-1,-1
734,71,486,613,237,118,1,-1,-1,-1
735,71,486,613,237,118,1,-1,-1,-1
736,71,486,613,237,118,1,-1,-1,-1
737,71,487,613,236,118,1,-1,-1,-1
738,71,487,613,236,118,1,-1,-1,-1
739,71,487,613,236,118,1,-1,-1,-1
740,71,488,613,235,118,1,-1,-1,-1
741,71,488,613,235,118,1,-1,-1,-1
742,71,488,613,235,118,1,-1,-1,-1
743,71,488,613,235,118,1,-1,-1,-1
744,71,488,613,235,118,1,-1,-1,-1
745,71,487,614,236,117,1,-1,-1,-1
746,71,487,614,236,117,1,-1,-1,-1
747,71,487,613,236,118,1,-1,-1,-1
748,71,488,613,236,118,1,-1,-1,-1
749,71,487,613,236,118,1,-1,-1,-1
750,71,488,613,235,118,1,-1,-1,-1
751,71,487,613,236,119,1,-1,-1,-1
752,71,487,613,236,119,1,-1,-1,-1
753,71,487,613,236,119,1,-1,-1,-1
754,71,487,613,236,119,1,-1,-1,-1
755,71,487,613,236,119,1,-1,-1,-1
756,71,487,613,236,119,1,-1,-1,-1
757,71,487,613,236,118,1,-1,-1,-1
758,71,487,613,236,118,1,-1,-1,-1
759,71,487,613,236,118,1,-1,-1,-1
760,71,487,613,236,118,1,-1,-1,-1
761,71,487,613,236,118,1,-1,-1,-1
762,71,488,613,236,118,1,-1,-1,-1
763,71,487,613,236,118,1,-1,-1,-1
764,71,487,613,236,118,1,-1,-1,-1
765,71,487,613,237,118,1,-1,-1,-1
766,71,487,614,236,117,1,-1,-1,-1
767,71,486,614,237,117,1,-1,-1,-1
768,71,486,614,237,118,1,-1,-1,-1
769,71,486,614,237,117,1,-1,-1,-1
770,71,486,615,237,117,1,-1,-1,-1
771,71,486,614,237,118,1,-1,-1,-1
772,71,486,611,237,121,1,-1,-1,-1
773,71,487,613,236,119,1,-1,-1,-1
774,71,487,614,236,117,1,-1,-1,-1
775,71,486,615,237,116,1,-1,-1,-1
776,71,487,615,236,117,1,-1,-1,-1
777,71,487,616,236,116,1,-1,-1,-1
778,71,487,616,236,116,1,-1,-1,-1
779,71,487,615,236,118,1,-1,-1,-1
780,71,488,614,235,117,1,-1,-1,-1
781,71,487,613,236,118,1,-1,-1,-1
782,71,487,613,236,118,1,-1,-1,-1
783,71,487,611,237,121,1,-1,-1,-1
784,71,487,611,237,120,1,-1,-1,-1
785,71,487,611,237,119,1,-1,-1,-1
786,71,487,612,237,120,1,-1,-1,-1
787,71,487,611,236,120,1,-1,-1,-1
788,71,487,611,237,120,1,-1,-1,-1
789,71,487,612,237,119,1,-1,-1,-1
790,71,487,612,236,120,1,-1,-1,-1
791,71,487,612,237,119,1,-1,-1,-1
792,71,487,612,237,119,1,-1,-1,-1
793,71,487,612,237,119,1,-1,-1,-1
794,71,487,613,236,119,1,-1,-1,-1
795,71,487,613,236,119,1,-1,-1,-1
796,71,487,613,236,119,1,-1,-1,-1
797,71,487,613,237,119,1,-1,-1,-1
798,71,487,613,237,119,1,-1,-1,-1
799,71,487,613,237,119,1,-1,-1,-1
800,71,487,613,239,119,1,-1,-1,-1
801,71,487,613,239,119,1,-1,-1,-1
802,71,487,613,238,119,1,-1,-1,-1
803,71,487,613,241,120,1,-1,-1,-1
804,71,487,613,240,119,1,-1,-1,-1
805,71,487,613,238,118,1,-1,-1,-1
806,71,487,613,237,119,1,-1,-1,-1
807,71,487,613,238,119,1,-1,-1,-1
808,71,487,613,238,119,1,-1,-1,-1
809,71,487,612,237,119,1,-1,-1,-1
810,71,487,612,237,119,1,-1,-1,-1
811,71,487,612,238,119,1,-1,-1,-1
812,71,487,612,237,119,1,-1,-1,-1
813,71,487,612,238,119,1,-1,-1,-1
814,71,487,612,238,119,1,-1,-1,-1
815,71,487,612,238,119,1,-1,-1,-1
816,71,487,613,237,119,1,-1,-1,-1
817,71,487,612,237,119,1,-1,-1,-1
818,71,487,612,238,119,1,-1,-1,-1
819,71,487,612,238,119,1,-1,-1,-1
820,71,487,613,238,119,1,-1,-1,-1
821,71,487,612,238,119,1,-1,-1,-1
822,71,487,612,239,120,1,-1,-1,-1
823,71,487,612,239,119,1,-1,-1,-1
824,71,487,612,239,119,1,-1,-1,-1
825,71,487,612,239,119,1,-1,-1,-1
826,71,487,612,240,119,1,-1,-1,-1
827,71,487,612,239,119,1,-1,-1,-1
828,71,487,613,239,118,1,-1,-1,-1
829,71,488,613,239,119,1,-1,-1,-1
830,71,488,612,240,119,1,-1,-1,-1
831,71,488,612,240,119,1,-1,-1,-1
832,71,488,612,240,119,1,-1,-1,-1
833,71,488,612,240,119,1,-1,-1,-1
834,71,488,612,239,119,1,-1,-1,-1
835,71,488,612,239,119,1,-1,-1,-1
836,71,488,613,239,119,1,-1,-1,-1
837,71,488,612,240,119,1,-1,-1,-1
838,71,488,612,240,119,1,-1,-1,-1
839,71,489,612,239,119,1,-1,-1,-1
840,71,489,612,239,119,1,-1,-1,-1
841,71,488,613,239,118,1,-1,-1,-1
842,71,488,613,239,118,1,-1,-1,-1
843,71,488,613,240,118,1,-1,-1,-1
844,71,488,613,240,118,1,-1,-1,-1
845,71,488,613,240,118,1,-1,-1,-1
846,71,488,613,240,119,1,-1,-1,-1
847,71,487,614,238,118,1,-1,-1,-1
848,71,487,613,237,118,1,-1,-1,-1
849,71,487,613,237,118,1,-1,-1,-1
850,71,487,613,236,118,1,-1,-1,-1
851,71,486,613,237,118,1,-1,-1,-1
852,71,487,613,238,118,1,-1,-1,-1
853,71,487,614,238,117,1,-1,-1,-1
854,71,486,614,238,117,1,-1,-1,-1
855,71,487,614,238,117,1,-1,-1,-1
856,71,487,613,237,116,1,-1,-1,-1
857,71,487,614,236,117,1,-1,-1,-1
858,71,487,613,236,118,1,-1,-1,-1
859,71,487,613,236,117,1,-1,-1,-1
860,71,487,613,236,114,1,-1,-1,-1
861,71,487,613,236,114,1,-1,-1,-1
862,71,487,613,236,116,1,-1,-1,-1
863,71,486,613,238,118,1,-1,-1,-1
864,71,489,613,235,118,1,-1,-1,-1
865,71,492,613,233,118,1,-1,-1,-1
866,71,491,614,234,118,1,-1,-1,-1
867,71,488,615,237,116,1,-1,-1,-1
868,71,486,615,238,116,1,-1,-1,-1
869,71,487,615,237,117,1,-1,-1,-1
870,71,487,614,236,117,1,-1,-1,-1
871,71,487,613,235,118,1,-1,-1,-1
872,71,487,614,235,116,1,-1,-1,-1
873,71,488,614,236,116,1,-1,-1,-1
874,71,487,614,234,110,1,-1,-1,-1
875,71,488,613,239,117,1,-1,-1,-1
876,71,487,613,256,116,1,-1,-1,-1
877,71,488,613,236,117,1,-1,-1,-1
878,71,488,613,236,117,1,-1,-1,-1
879,71,488,613,236,117,1,-1,-1,-1
880,71,487,613,236,117,1,-1,-1,-1
881,71,487,613,236,118,1,-1,-1,-1
882,71,487,613,236,117,1,-1,-1,-1
883,71,488,613,236,118,1,-1,-1,-1
884,71,488,613,236,118,1,-1,-1,-1
885,71,488,613,236,118,1,-1,-1,-1
886,71,488,613,236,118,1,-1,-1,-1
887,71,488,613,236,118,1,-1,-1,-1
888,71,488,613,236,118,1,-1,-1,-1
889,71,486,614,237,118,1,-1,-1,-1
890,71,486,614,236,118,1,-1,-1,-1
891,71,486,614,236,118,1,-1,-1,-1
892,71,486,614,236,118,1,-1,-1,-1
893,71,487,614,236,118,1,-1,-1,-1
894,71,487,614,236,118,1,-1,-1,-1
895,71,487,614,236,118,1,-1,-1,-1
896,71,487,614,236,118,1,-1,-1,-1
897,71,487,614,236,118,1,-1,-1,-1
898,71,486,614,236,118,1,-1,-1,-1
899,71,487,614,236,118,1,-1,-1,-1
900,71,487,614,236,118,1,-1,-1,-1
901,71,486,614,236,118,1,-1,-1,-1
902,71,486,613,236,118,1,-1,-1,-1
903,71,486,613,236,118,1,-1,-1,-1
904,71,486,614,237,118,1,-1,-1,-1
905,71,486,613,236,118,1,-1,-1,-1
906,71,486,613,237,118,1,-1,-1,-1
907,71,486,613,237,118,1,-1,-1,-1
908,71,486,613,237,118,1,-1,-1,-1
909,71,486,613,237,118,1,-1,-1,-1
910,71,486,613,237,118,1,-1,-1,-1
911,71,486,613,237,118,1,-1,-1,-1
912,71,486,613,237,118,1,-1,-1,-1
913,71,487,613,237,118,1,-1,-1,-1
914,71,487,613,237,118,1,-1,-1,-1
915,71,487,613,237,118,1,-1,-1,-1
916,71,487,613,237,118,1,-1,-1,-1
917,71,487,613,236,118,1,-1,-1,-1
918,71,487,613,236,118,1,-1,-1,-1
919,71,487,613,236,118,1,-1,-1,-1
920,71,487,613,236,118,1,-1,-1,-1
921,71,487,613,236,118,1,-1,-1,-1
922,71,487,613,237,118,1,-1,-1,-1
923,71,487,613,237,118,1,-1,-1,-1
924,71,487,613,237,118,1,-1,-1,-1
925,71,487,613,237,118,1,-1,-1,-1
926,71,486,613,237,118,1,-1,-1,-1
927,71,486,613,237,118,1,-1,-1,-1
928,71,487,613,237,118,1,-1,-1,-1
929,71,486,613,237,118,1,-1,-1,-1
930,71,486,613,237,118,1,-1,-1,-1
931,71,486,613,237,118,1,-1,-1,-1
932,71,486,613,237,118,1,-1,-1,-1
933,71,486,613,237,118,1,-1,-1,-1
934,71,486,613,237,118,1,-1,-1,-1
935,71,486,613,237,118,1,-1,-1,-1
936,71,485,613,238,118,1,-1,-1,-1
937,71,486,614,237,117,1,-1,-1,-1
938,71,486,614,237,117,1,-1,-1,-1
939,71,486,613,237,118,1,-1,-1,-1
940,71,486,613,237,118,1,-1,-1,-1
941,71,486,613,237,118,1,-1,-1,-1
942,71,486,613,237,118,1,-1,-1,-1
943,71,486,613,237,118,1,-1,-1,-1
944,71,486,613,237,118,1,-1,-1,-1
945,71,486,613,237,118,1,-1,-1,-1
946,71,486,613,237,118,1,-1,-1,-1
947,71,486,613,236,118,1,-1,-1,-1
948,71,487,613,236,119,1,-1,-1,-1
949,71,486,613,237,118,1,-1,-1,-1
950,71,486,613,237,118,1,-1,-1,-1
951,71,487,613,236,118,1,-1,-1,-1
952,71,487,613,236,118,1,-1,-1,-1
953,71,487,613,236,118,1,-1,-1,-1
954,71,487,613,236,118,1,-1,-1,-1
955,71,487,613,236,118,1,-1,-1,-1
956,71,487,613,236,118,1,-1,-1,-1
957,71,487,613,236,118,1,-1,-1,-1
958,71,487,613,236,118,1,-1,-1,-1
959,71,487,613,236,118,1,-1,-1,-1
960,71,487,613,236,118,1,-1,-1,-1
961,71,487,613,237,118,1,-1,-1,-1
962,71,487,613,237,118,1,-1,-1,-1
963,71,487,613,237,118,1,-1,-1,-1
964,71,487,613,237,118,1,-1,-1,-1
965,71,487,613,237,118,1,-1,-1,-1
966,71,487,613,237,118,1,-1,-1,-1
967,71,487,613,237,118,1,-1,-1,-1
968,71,487,613,237,118,1,-1,-1,-1
969,71,487,613,237,118,1,-1,-1,-1
970,71,487,613,237,118,1,-1,-1,-1
971,71,487,613,237,118,1,-1,-1,-1
972,71,487,613,237,118,1,-1,-1,-1
973,71,486,614,237,118,1,-1,-1,-1
974,71,486,614,237,118,1,-1,-1,-1
975,71,486,614,237,118,1,-1,-1,-1
976,71,486,614,237,118,1,-1,-1,-1
977,71,487,614,237,118,1,-1,-1,-1
978,71,486,614,237,118,1,-1,-1,-1
979,71,486,614,237,118,1,-1,-1,-1
980,71,486,614,237,118,1,-1,-1,-1
981,71,486,614,237,118,1,-1,-1,-1
982,71,486,614,237,118,1,-1,-1,-1
983,71,487,614,237,118,1,-1,-1,-1
984,71,487,614,237,118,1,-1,-1,-1
985,71,487,613,237,118,1,-1,-1,-1
986,71,487,613,237,118,1,-1,-1,-1
987,71,487,613,237,118,1,-1,-1,-1
988,71,487,613,237,118,1,-1,-1,-1
989,71,487,613,237,118,1,-1,-1,-1
990,71,487,613,237,118,1,-1,-1,-1
991,71,487,613,237,118,1,-1,-1,-1
992,71,486,613,238,119,1,-1,-1,-1
993,71,487,613,237,119,1,-1,-1,-1
994,71,487,613,237,119,1,-1,-1,-1
995,71,487,613,237,119,1,-1,-1,-1
996,71,487,613,237,119,1,-1,-1,-1
997,71,486,614,238,118,1,-1,-1,-1
998,71,486,613,238,118,1,-1,-1,-1
999,71,486,613,238,118,1,-1,-1,-1
1000,71,487,613,237,119,1,-1,-1,-1
1001,71,487,614,237,119,1,-1,-1,-1
1002,71,487,614,237,118,1,-1,-1,-1
1003,71,487,614,237,118,1,-1,-1,-1
1004,71,487,614,237,119,1,-1,-1,-1
1005,71,487,614,237,119,1,-1,-1,-1
1006,71,487,614,237,119,1,-1,-1,-1
1007,71,487,614,237,119,1,-1,-1,-1
1008,71,487,614,237,119,1,-1,-1,-1
1009,71,486,614,237,119,1,-1,-1,-1
1010,71,486,614,237,118,1,-1,-1,-1
1011,71,486,614,237,118,1,-1,-1,-1
1012,71,486,614,237,118,1,-1,-1,-1
1013,71,486,614,237,118,1,-1,-1,-1
1014,71,486,614,237,118,1,-1,-1,-1
1015,71,486,614,237,118,1,-1,-1,-1
1016,71,486,614,237,118,1,-1,-1,-1
1017,71,486,614,237,118,1,-1,-1,-1
1018,71,486,614,237,118,1,-1,-1,-1
1019,71,486,614,238,118,1,-1,-1,-1
1020,71,486,614,237,118,1,-1,-1,-1
1021,71,486,614,237,118,1,-1,-1,-1
1022,71,486,614,239,118,1,-1,-1,-1
1023,71,486,614,239,118,1,-1,-1,-1
1024,71,486,614,238,118,1,-1,-1,-1
1025,71,487,614,238,118,1,-1,-1,-1
1026,71,487,614,237,118,1,-1,-1,-1
1027,71,487,614,237,118,1,-1,-1,-1
1028,71,487,613,237,118,1,-1,-1,-1
1029,71,487,613,237,118,1,-1,-1,-1
1030,71,487,613,237,119,1,-1,-1,-1
1031,71,487,613,240,118,1,-1,-1,-1
1032,71,487,613,239,118,1,-1,-1,-1
1033,71,487,613,236,118,1,-1,-1,-1
1034,71,487,613,237,118,1,-1,-1,-1
1035,71,487,613,237,118,1,-1,-1,-1
1036,71,487,613,237,118,1,-1,-1,-1
1037,71,487,613,237,118,1,-1,-1,-1
1038,71,487,613,237,118,1,-1,-1,-1
1039,71,487,613,237,118,1,-1,-1,-1
1040,71,487,613,237,118,1,-1,-1,-1
1041,71,487,613,237,118,1,-1,-1,-1
1042,71,487,613,237,118,1,-1,-1,-1
1043,71,487,613,237,118,1,-1,-1,-1
1044,71,487,613,236,118,1,-1,-1,-1
1045,71,488,613,236,118,1,-1,-1,-1
1046,71,488,613,236,119,1,-1,-1,-1
1047,71,488,613,236,118,1,-1,-1,-1
1048,71,488,613,236,119,1,-1,-1,-1
1049,71,488,613,236,119,1,-1,-1,-1
1050,71,488,613,236,119,1,-1,-1,-1
1051,71,488,613,236,118,1,-1,-1,-1
1052,71,488,613,236,118,1,-1,-1,-1
1053,71,488,613,236,118,1,-1,-1,-1
1054,71,487,613,237,119,1,-1,-1,-1
1055,71,487,613,237,119,1,-1,-1,-1
1056,71,487,613,237,119,1,-1,-1,-1
1057,71,486,613,238,119,1,-1,-1,-1
1058,71,486,613,238,119,1,-1,-1,-1
1059,71,486,613,238,119,1,-1,-1,-1
1060,71,487,613,238,119,1,-1,-1,-1
1061,71,486,613,238,119,1,-1,-1,-1
1062,71,487,613,236,118,1,-1,-1,-1
1063,71,488,613,236,119,1,-1,-1,-1
1064,71,487,613,237,119,1,-1,-1,-1
1065,71,487,613,236,118,1,-1,-1,-1
1066,71,488,613,236,118,1,-1,-1,-1
1067,71,487,613,236,118,1,-1,-1,-1
1068,71,487,613,236,118,1,-1,-1,-1
1069,71,487,613,236,119,1,-1,-1,-1
1070,71,488,613,236,119,1,-1,-1,-1
1071,71,488,613,236,119,1,-1,-1,-1
1072,71,487,613,237,119,1,-1,-1,-1
1073,71,487,613,237,119,1,-1,-1,-1
1074,71,487,613,237,119,1,-1,-1,-1
1075,71,487,613,237,119,1,-1,-1,-1
1076,71,487,613,237,119,1,-1,-1,-1
1077,71,487,613,237,119,1,-1,-1,-1
1078,71,487,613,237,119,1,-1,-1,-1
1079,71,487,613,237,119,1,-1,-1,-1
1080,71,487,613,237,119,1,-1,-1,-1
1081,71,487,613,237,119,1,-1,-1,-1
1082,71,488,613,236,119,1,-1,-1,-1
1083,71,488,613,236,119,1,-1,-1,-1
1084,71,488,613,236,119,1,-1,-1,-1
1085,71,488,613,236,119,1,-1,-1,-1
1086,71,488,613,236,119,1,-1,-1,-1
1087,71,488,613,236,119,1,-1,-1,-1
1088,71,487,613,237,119,1,-1,-1,-1
1089,71,487,613,236,119,1,-1,-1,-1
1090,71,488,613,236,119,1,-1,-1,-1
1091,71,488,613,236,119,1,-1,-1,-1
1092,71,487,613,236,119,1,-1,-1,-1
1093,71,488,613,235,119,1,-1,-1,-1
1094,71,488,613,235,119,1,-1,-1,-1
1095,71,488,613,236,119,1,-1,-1,-1
1096,71,488,613,236,119,1,-1,-1,-1
1097,71,488,613,236,119,1,-1,-1,-1
1098,71,488,613,236,119,1,-1,-1,-1
1099,71,488,613,236,119,1,-1,-1,-1
1100,71,488,613,236,119,1,-1,-1,-1
1101,71,488,613,236,119,1,-1,-1,-1
1102,71,487,613,237,119,1,-1,-1,-1
1103,71,487,613,237,119,1,-1,-1,-1
1104,71,487,613,237,119,1,-1,-1,-1
1105,71,487,613,237,119,1,-1,-1,-1
1106,71,487,613,237,119,1,-1,-1,-1
1107,71,487,613,237,119,1,-1,-1,-1
1108,71,487,613,237,119,1,-1,-1,-1
1109,71,487,613,237,120,1,-1,-1,-1
1110,71,487,613,237,120,1,-1,-1,-1
1111,71,487,613,236,119,1,-1,-1,-1
1112,71,487,613,236,117,1,-1,-1,-1
1113,71,488,613,236,116,1,-1,-1,-1
1114,71,488,613,235,115,1,-1,-1,-1
1115,71,487,613,236,114,1,-1,-1,-1
1116,71,487,614,236,111,1,-1,-1,-1
1117,71,488,614,234,109,1,-1,-1,-1
1118,71,487,614,227,109,1,-1,-1,-1
1119,71,488,614,222,107,1,-1,-1,-1
1120,71,488,614,213,104,1,-1,-1,-1
1121,71,488,614,212,98,1,-1,-1,-1
1122,71,487,614,211,91,1,-1,-1,-1
1123,71,488,613,207,89,1,-1,-1,-1
1124,71,488,613,206,85,1,-1,-1,-1
1125,71,488,613,205,82,1,-1,-1,-1
1126,71,488,613,209,79,1,-1,-1,-1
1127,71,488,614,214,77,1,-1,-1,-1
1128,71,488,613,210,75,1,-1,-1,-1
1129,71,489,613,208,75,1,-1,-1,-1
1130,71,489,613,210,72,1,-1,-1,-1
1131,71,488,614,208,71,1,-1,-1,-1
1132,71,487,614,211,70,1,-1,-1,-1
1134,71,488,613,235,116,1,-1,-1,-1
1135,71,488,614,235,117,1,-1,-1,-1
1136,71,487,614,236,117,1,-1,-1,-1
1137,71,487,613,236,117,1,-1,-1,-1
1138,71,488,613,235,118,1,-1,-1,-1
1139,71,488,613,235,118,1,-1,-1,-1
1140,71,488,613,235,118,1,-1,-1,-1
1141,71,487,612,237,120,1,-1,-1,-1
1142,71,487,613,237,119,1,-1,-1,-1
1143,71,487,613,237,119,1,-1,-1,-1
1144,71,487,613,237,118,1,-1,-1,-1
1145,71,487,613,237,119,1,-1,-1,-1
1146,71,487,613,237,118,1,-1,-1,-1
1147,71,487,613,237,119,1,-1,-1,-1
1148,71,487,614,237,118,1,-1,-1,-1
1149,71,487,613,237,119,1,-1,-1,-1
1150,71,487,613,237,119,1,-1,-1,-1
1151,71,487,613,237,119,1,-1,-1,-1
1152,71,487,613,237,119,1,-1,-1,-1
1153,71,486,613,238,118,1,-1,-1,-1
1154,71,486,613,237,118,1,-1,-1,-1
1155,71,486,613,238,118,1,-1,-1,-1
1156,71,486,613,238,118,1,-1,-1,-1
1157,71,486,613,237,118,1,-1,-1,-1
1158,71,486,613,238,118,1,-1,-1,-1
1159,71,486,613,238,118,1,-1,-1,-1
1160,71,486,613,237,118,1,-1,-1,-1
1161,71,487,613,237,118,1,-1,-1,-1
1162,71,487,613,237,119,1,-1,-1,-1
1163,71,487,613,237,119,1,-1,-1,-1
1164,71,487,613,237,119,1,-1,-1,-1
1165,71,487,613,237,119,1,-1,-1,-1
1166,71,487,613,237,119,1,-1,-1,-1
1167,71,487,613,237,119,1,-1,-1,-1
1168,71,487,613,237,119,1,-1,-1,-1
1169,71,487,613,237,119,1,-1,-1,-1
1170,71,487,613,237,119,1,-1,-1,-1
1171,71,487,613,237,119,1,-1,-1,-1
1172,71,487,613,236,119,1,-1,-1,-1
1173,71,487,613,236,119,1,-1,-1,-1
1174,71,487,613,237,119,1,-1,-1,-1
1175,71,487,613,237,119,1,-1,-1,-1
1176,71,487,613,236,119,1,-1,-1,-1
1177,71,488,613,236,120,1,-1,-1,-1
1178,71,488,613,236,120,1,-1,-1,-1
1179,71,488,613,236,120,1,-1,-1,-1
1180,71,488,613,236,120,1,-1,-1,-1
1181,71,488,613,236,120,1,-1,-1,-1
1182,71,488,613,236,119,1,-1,-1,-1
1183,71,488,613,236,119,1,-1,-1,-1
1184,71,488,613,236,119,1,-1,-1,-1
1185,71,488,613,236,119,1,-1,-1,-1
1186,71,488,613,236,119,1,-1,-1,-1
1187,71,487,613,236,119,1,-1,-1,-1
1188,71,488,613,236,119,1,-1,-1,-1
1189,71,488,614,236,119,1,-1,-1,-1
1190,71,488,613,236,119,1,-1,-1,-1
1191,71,488,613,236,119,1,-1,-1,-1
1192,71,487,613,237,119,1,-1,-1,-1
1193,71,487,613,237,119,1,-1,-1,-1
1194,71,487,613,237,119,1,-1,-1,-1
1195,71,487,613,237,119,1,-1,-1,-1
1196,71,487,613,237,119,1,-1,-1,-1
1197,71,487,613,237,119,1,-1,-1,-1
1198,71,487,613,237,119,1,-1,-1,-1
1199,71,487,613,237,119,1,-1,-1,-1
1200,71,487,613,237,119,1,-1,-1,-1
1201,71,487,613,237,119,1,-1,-1,-1
1202,71,487,613,237,119,1,-1,-1,-1
1203,71,487,613,237,119,1,-1,-1,-1
1204,71,487,613,237,119,1,-1,-1,-1
1205,71,487,613,237,119,1,-1,-1,-1
1206,71,487,613,237,118,1,-1,-1,-1
1207,71,487,613,237,118,1,-1,-1,-1
1208,71,487,613,237,118,1,-1,-1,-1
1209,71,487,613,237,118,1,-1,-1,-1
1210,71,487,613,237,119,1,-1,-1,-1
1211,71,487,613,237,119,1,-1,-1,-1
1212,71,487,613,237,119,1,-1,-1,-1
1213,71,487,613,237,118,1,-1,-1,-1
1214,71,487,613,237,118,1,-1,-1,-1
1215,71,487,613,237,118,1,-1,-1,-1
1216,71,487,613,237,118,1,-1,-1,-1
1217,71,487,613,237,118,1,-1,-1,-1
1218,71,487,613,237,118,1,-1,-1,-1
1219,71,487,613,237,118,1,-1,-1,-1
1220,71,487,613,237,118,1,-1,-1,-1
1221,71,487,613,237,119,1,-1,-1,-1
1222,71,487,613,237,118,1,-1,-1,-1
1223,71,487,613,237,119,1,-1,-1,-1
1224,71,487,613,237,119,1,-1,-1,-1
1225,71,487,614,237,118,1,-1,-1,-1
1226,71,487,614,237,118,1,-1,-1,-1
1227,71,487,614,237,118,1,-1,-1,-1
1228,71,487,614,237,118,1,-1,-1,-1
1229,71,487,614,237,118,1,-1,-1,-1
1230,71,487,614,237,118,1,-1,-1,-1
1231,71,487,614,237,118,1,-1,-1,-1
1232,71,487,614,237,118,1,-1,-1,-1
1233,71,487,614,237,118,1,-1,-1,-1
1234,71,487,614,237,118,1,-1,-1,-1
1235,71,487,614,237,118,1,-1,-1,-1
1236,71,487,614,237,118,1,-1,-1,-1
1237,71,487,613,237,118,1,-1,-1,-1
1238,71,487,613,237,118,1,-1,-1,-1
1239,71,487,613,237,118,1,-1,-1,-1
1240,71,487,613,237,118,1,-1,-1,-1
1241,71,487,613,237,118,1,-1,-1,-1
1242,71,487,613,237,118,1,-1,-1,-1
1243,71,487,613,237,118,1,-1,-1,-1
1244,71,487,613,237,118,1,-1,-1,-1
1245,71,487,613,237,118,1,-1,-1,-1
1246,71,487,613,237,118,1,-1,-1,-1
1247,71,487,613,237,118,1,-1,-1,-1
1248,71,487,613,237,118,1,-1,-1,-1
1249,71,487,613,237,118,1,-1,-1,-1
1250,71,487,613,237,118,1,-1,-1,-1
1251,71,487,613,236,119,1,-1,-1,-1
1252,71,487,613,236,119,1,-1,-1,-1
1253,71,487,613,236,119,1,-1,-1,-1
1254,71,487,613,236,119,1,-1,-1,-1
1255,71,487,613,236,119,1,-1,-1,-1
1256,71,487,613,236,119,1,-1,-1,-1
1257,71,487,613,236,119,1,-1,-1,-1
1258,71,487,613,236,119,1,-1,-1,-1
1259,71,487,614,236,119,1,-1,-1,-1
1260,71,487,613,236,119,1,-1,-1,-1
1261,71,487,613,236,119,1,-1,-1,-1
1262,71,487,613,237,119,1,-1,-1,-1
1263,71,487,613,237,119,1,-1,-1,-1
1264,71,487,613,237,119,1,-1,-1,-1
1265,71,487,613,237,119,1,-1,-1,-1
1266,71,487,613,237,119,1,-1,-1,-1
1267,71,487,613,236,119,1,-1,-1,-1
1268,71,487,613,236,119,1,-1,-1,-1
1269,71,487,613,236,119,1,-1,-1,-1
1270,71,487,613,236,119,1,-1,-1,-1
1271,71,487,613,236,119,1,-1,-1,-1
1272,71,488,613,236,119,1,-1,-1,-1
1273,71,487,613,237,119,1,-1,-1,-1
1274,71,487,613,236,119,1,-1,-1,-1
1275,71,487,613,237,119,1,-1,-1,-1
1276,71,487,613,236,119,1,-1,-1,-1
1277,71,487,613,237,119,1,-1,-1,-1
1278,71,487,613,236,119,1,-1,-1,-1
1279,71,487,613,237,119,1,-1,-1,-1
1280,71,487,613,236,119,1,-1,-1,-1
1281,71,487,613,236,119,1,-1,-1,-1
1282,71,488,614,236,119,1,-1,-1,-1
1283,71,488,614,236,119,1,-1,-1,-1
1284,71,488,613,236,119,1,-1,-1,-1
1285,71,487,614,236,118,1,-1,-1,-1
1286,71,487,614,236,118,1,-1,-1,-1
1287,71,487,614,236,118,1,-1,-1,-1
1288,71,487,614,236,118,1,-1,-1,-1
1289,71,487,614,237,118,1,-1,-1,-1
1290,71,487,614,237,118,1,-1,-1,-1
1291,71,487,614,237,118,1,-1,-1,-1
1292,71,487,614,237,118,1,-1,-1,-1
1293,71,487,614,237,118,1,-1,-1,-1
1294,71,487,614,237,118,1,-1,-1,-1
1295,71,487,614,237,118,1,-1,-1,-1
1296,71,487,614,237,118,1,-1,-1,-1
1297,71,487,614,237,118,1,-1,-1,-1
1298,71,487,614,237,118,1,-1,-1,-1
1299,71,487,614,237,118,1,-1,-1,-1
1300,71,487,614,237,118,1,-1,-1,-1
1301,71,487,614,237,118,1,-1,-1,-1
1302,71,487,614,237,118,1,-1,-1,-1
1303,71,487,614,237,118,1,-1,-1,-1
1304,71,487,614,237,118,1,-1,-1,-1
1305,71,487,614,237,118,1,-1,-1,-1
1306,71,487,614,237,118,1,-1,-1,-1
1307,71,487,614,237,118,1,-1,-1,-1
1308,71,487,614,237,118,1,-1,-1,-1
1309,71,487,614,237,118,1,-1,-1,-1
1310,71,487,614,237,118,1,-1,-1,-1
1311,71,487,614,237,118,1,-1,-1,-1
1312,71,487,614,237,118,1,-1,-1,-1
1313,71,487,614,237,118,1,-1,-1,-1
1314,71,487,614,237,118,1,-1,-1,-1
1315,71,487,614,237,118,1,-1,-1,-1
1316,71,487,614,237,118,1,-1,-1,-1
1317,71,487,614,236,118,1,-1,-1,-1
1318,71,487,614,236,118,1,-1,-1,-1
1319,71,487,614,236,118,1,-1,-1,-1
1320,71,488,614,236,118,1,-1,-1,-1
1321,71,488,614,236,118,1,-1,-1,-1
1322,71,488,614,236,118,1,-1,-1,-1
1323,71,488,614,236,118,1,-1,-1,-1
1324,71,488,614,236,118,1,-1,-1,-1
1325,71,488,614,236,118,1,-1,-1,-1
1326,71,488,614,236,118,1,-1,-1,-1
1327,71,488,614,236,118,1,-1,-1,-1
1328,71,487,614,236,118,1,-1,-1,-1
1329,71,487,614,236,118,1,-1,-1,-1
1330,71,487,614,236,118,1,-1,-1,-1
1331,71,487,614,236,118,1,-1,-1,-1
1332,71,488,614,236,119,1,-1,-1,-1
1333,71,487,613,237,119,1,-1,-1,-1
1334,71,487,613,237,119,1,-1,-1,-1
1335,71,487,613,237,119,1,-1,-1,-1
1336,71,487,613,237,119,1,-1,-1,-1
1337,71,487,613,237,119,1,-1,-1,-1
1338,71,487,613,237,119,1,-1,-1,-1
1339,71,487,613,237,119,1,-1,-1,-1
1340,71,487,613,237,119,1,-1,-1,-1
1341,71,487,613,237,119,1,-1,-1,-1
1342,71,487,613,237,119,1,-1,-1,-1
1343,71,487,613,237,119,1,-1,-1,-1
1344,71,487,614,237,119,1,-1,-1,-1
1345,71,487,614,236,119,1,-1,-1,-1
1346,71,487,614,237,119,1,-1,-1,-1
1347,71,487,614,236,119,1,-1,-1,-1
1348,71,487,614,236,119,1,-1,-1,-1
1349,71,487,614,236,119,1,-1,-1,-1
1350,71,487,614,236,119,1,-1,-1,-1
1351,71,487,614,236,119,1,-1,-1,-1
1352,71,487,614,236,119,1,-1,-1,-1
1353,71,487,614,236,119,1,-1,-1,-1
1354,71,487,614,236,119,1,-1,-1,-1
1355,71,487,614,236,119,1,-1,-1,-1
1356,71,487,614,236,119,1,-1,-1,-1
1357,71,487,614,236,119,1,-1,-1,-1
1358,71,487,614,236,119,1,-1,-1,-1
1359,71,487,614,236,119,1,-1,-1,-1
1360,71,487,614,236,119,1,-1,-1,-1
1361,71,487,614,236,119,1,-1,-1,-1
1362,71,487,614,236,119,1,-1,-1,-1
1363,71,487,614,236,118,1,-1,-1,-1
1364,71,487,614,236,118,1,-1,-1,-1
1365,71,487,614,236,119,1,-1,-1,-1
1366,71,488,614,236,119,1,-1,-1,-1
1367,71,488,614,236,119,1,-1,-1,-1
1368,71,487,614,236,118,1,-1,-1,-1
1369,71,487,614,236,119,1,-1,-1,-1
1370,71,487,614,236,119,1,-1,-1,-1
1371,71,487,614,236,119,1,-1,-1,-1
1372,71,487,614,236,119,1,-1,-1,-1
1373,71,487,614,236,119,1,-1,-1,-1
1374,71,487,614,237,119,1,-1,-1,-1
1375,71,487,613,237,119,1,-1,-1,-1
1376,71,487,613,237,119,1,-1,-1,-1
1377,71,487,613,237,119,1,-1,-1,-1
1378,71,487,613,237,119,1,-1,-1,-1
1379,71,487,613,237,119,1,-1,-1,-1
1380,71,487,613,237,119,1,-1,-1,-1
1381,71,487,613,237,119,1,-1,-1,-1
1382,71,487,613,237,119,1,-1,-1,-1
1383,71,487,613,237,119,1,-1,-1,-1
1384,71,487,613,237,119,1,-1,-1,-1
1385,71,487,613,237,119,1,-1,-1,-1
1386,71,487,613,237,119,1,-1,-1,-1
1387,71,487,613,237,119,1,-1,-1,-1
1388,71,487,613,237,119,1,-1,-1,-1
1389,71,487,613,237,119,1,-1,-1,-1
1390,71,487,613,237,119,1,-1,-1,-1
1391,71,487,613,237,119,1,-1,-1,-1
1392,71,487,613,237,120,1,-1,-1,-1
1393,71,486,612,237,120,1,-1,-1,-1
1394,71,486,612,237,120,1,-1,-1,-1
1395,71,486,612,237,120,1,-1,-1,-1
1396,71,486,613,237,120,1,-1,-1,-1
1397,71,486,613,237,120,1,-1,-1,-1
1398,71,486,613,237,120,1,-1,-1,-1
1399,71,486,613,237,120,1,-1,-1,-1
1400,71,487,613,237,120,1,-1,-1,-1
1401,71,487,613,237,120,1,-1,-1,-1
1402,71,486,613,237,119,1,-1,-1,-1
1403,71,486,613,237,119,1,-1,-1,-1
1404,71,486,613,237,119,1,-1,-1,-1
1405,71,486,613,238,119,1,-1,-1,-1
1406,71,486,613,238,119,1,-1,-1,-1
1407,71,486,613,238,119,1,-1,-1,-1
1408,71,486,613,238,119,1,-1,-1,-1
1409,71,486,613,238,119,1,-1,-1,-1
1410,71,486,613,238,119,1,-1,-1,-1
1411,71,486,613,238,120,1,-1,-1,-1
1412,71,486,613,238,120,1,-1,-1,-1
1413,71,486,613,238,119,1,-1,-1,-1
1414,71,486,613,238,119,1,-1,-1,-1
1415,71,486,613,238,119,1,-1,-1,-1
1416,71,486,613,238,119,1,-1,-1,-1
1417,71,486,613,237,119,1,-1,-1,-1
1418,71,486,613,237,119,1,-1,-1,-1
1419,71,486,613,237,119,1,-1,-1,-1
1420,71,486,613,237,119,1,-1,-1,-1
1421,71,486,613,237,119,1,-1,-1,-1
1422,71,487,613,237,119,1,-1,-1,-1
1423,71,487,613,237,119,1,-1,-1,-1
1424,71,487,613,237,119,1,-1,-1,-1
1425,71,487,613,237,119,1,-1,-1,-1
1426,71,486,613,237,119,1,-1,-1,-1
1427,71,486,613,237,119,1,-1,-1,-1
1428,71,487,613,237,119,1,-1,-1,-1
1429,71,486,613,237,119,1,-1,-1,-1
1430,71,486,613,237,119,1,-1,-1,-1
1431,71,486,613,237,119,1,-1,-1,-1
1432,71,487,613,237,119,1,-1,-1,-1
1433,71,487,613,237,119,1,-1,-1,-1
1434,71,487,613,237,119,1,-1,-1,-1
1435,71,487,613,237,119,1,-1,-1,-1
1436,71,487,613,237,119,1,-1,-1,-1
1437,71,487,613,237,119,1,-1,-1,-1
1438,71,487,613,237,119,1,-1,-1,-1
1439,71,487,613,237,119,1,-1,-1,-1
1440,71,487,613,237,119,1,-1,-1,-1
1441,71,487,613,236,119,1,-1,-1,-1
1442,71,487,613,237,119,1,-1,-1,-1
1443,71,487,613,237,119,1,-1,-1,-1
1444,71,487,613,237,119,1,-1,-1,-1
1445,71,487,613,237,119,1,-1,-1,-1
1446,71,487,613,237,119,1,-1,-1,-1
1447,71,487,613,237,118,1,-1,-1,-1
1448,71,487,613,237,119,1,-1,-1,-1
1449,71,487,613,237,119,1,-1,-1,-1
1450,71,487,613,237,118,1,-1,-1,-1
1451,71,487,613,237,118,1,-1,-1,-1
1452,71,487,613,237,119,1,-1,-1,-1
1453,71,487,613,237,119,1,-1,-1,-1
1454,71,487,613,237,119,1,-1,-1,-1
1455,71,487,613,237,119,1,-1,-1,-1
1456,71,487,613,237,119,1,-1,-1,-1
1457,71,487,613,237,119,1,-1,-1,-1
1458,71,487,613,237,119,1,-1,-1,-1
1459,71,487,613,237,119,1,-1,-1,-1
1460,71,487,613,237,119,1,-1,-1,-1
1461,71,487,613,237,119,1,-1,-1,-1
1462,71,487,613,237,119,1,-1,-1,-1
1463,71,487,613,237,119,1,-1,-1,-1
1464,71,487,613,237,119,1,-1,-1,-1
1465,71,486,614,237,118,1,-1,-1,-1
1466,71,486,614,237,118,1,-1,-1,-1
1467,71,486,614,237,118,1,-1,-1,-1
1468,71,486,614,237,118,1,-1,-1,-1
1469,71,486,614,237,118,1,-1,-1,-1
1470,71,486,614,237,118,1,-1,-1,-1
1471,71,487,614,237,118,1,-1,-1,-1
1472,71,487,614,237,118,1,-1,-1,-1
1473,71,487,614,237,118,1,-1,-1,-1
1474,71,487,614,237,118,1,-1,-1,-1
1475,71,487,614,237,118,1,-1,-1,-1
1476,71,487,614,237,118,1,-1,-1,-1
1477,71,486,614,237,118,1,-1,-1,-1
1478,71,486,614,237,118,1,-1,-1,-1
1479,71,486,614,237,118,1,-1,-1,-1
1480,71,486,614,237,118,1,-1,-1,-1
1481,71,486,614,237,118,1,-1,-1,-1
1482,71,486,614,237,118,1,-1,-1,-1
1483,71,486,614,237,118,1,-1,-1,-1
1484,71,486,614,237,117,1,-1,-1,-1
1485,71,486,614,237,117,1,-1,-1,-1
1486,71,486,614,237,118,1,-1,-1,-1
1487,71,486,614,237,118,1,-1,-1,-1
1488,71,487,614,237,118,1,-1,-1,-1
1489,71,486,613,237,118,1,-1,-1,-1
1490,71,486,613,237,118,1,-1,-1,-1
1491,71,486,613,237,118,1,-1,-1,-1
1492,71,486,613,237,118,1,-1,-1,-1
1493,71,486,613,237,118,1,-1,-1,-1
1494,71,487,613,237,118,1,-1,-1,-1
1495,71,487,613,237,118,1,-1,-1,-1
1496,71,487,613,237,118,1,-1,-1,-1
1497,71,487,613,237,118,1,-1,-1,-1
1498,71,486,613,237,118,1,-1,-1,-1
1499,71,486,613,237,118,1,-1,-1,-1
1500,71,486,613,237,118,1,-1,-1,-1
1501,71,486,613,237,119,1,-1,-1,-1
1502,71,486,614,237,118,1,-1,-1,-1
1503,71,486,614,237,118,1,-1,-1,-1
1504,71,486,614,237,118,1,-1,-1,-1
1505,71,486,614,238,118,1,-1,-1,-1
1506,71,486,614,238,118,1,-1,-1,-1
1507,71,486,614,238,118,1,-1,-1,-1
1508,71,486,614,238,118,1,-1,-1,-1
1509,71,486,614,238,118,1,-1,-1,-1
1510,71,486,614,238,118,1,-1,-1,-1
1511,71,486,614,238,118,1,-1,-1,-1
1512,71,486,614,238,118,1,-1,-1,-1
1513,71,486,613,237,119,1,-1,-1,-1
1514,71,486,613,237,119,1,-1,-1,-1
1515,71,486,613,237,119,1,-1,-1,-1
1516,71,486,613,237,119,1,-1,-1,-1
1517,71,486,613,237,119,1,-1,-1,-1
1518,71,486,613,237,119,1,-1,-1,-1
1519,71,486,613,237,119,1,-1,-1,-1
1520,71,486,613,237,119,1,-1,-1,-1
1521,71,486,613,237,119,1,-1,-1,-1
1522,71,487,613,237,119,1,-1,-1,-1
1523,71,487,613,237,119,1,-1,-1,-1
1524,71,487,613,237,119,1,-1,-1,-1
1525,71,487,613,237,119,1,-1,-1,-1
1526,71,487,613,237,119,1,-1,-1,-1
1527,71,487,613,237,119,1,-1,-1,-1
1528,71,487,613,237,119,1,-1,-1,-1
1529,71,487,613,237,119,1,-1,-1,-1
1530,71,487,613,237,119,1,-1,-1,-1
1531,71,487,613,237,119,1,-1,-1,-1
1532,71,487,613,237,119,1,-1,-1,-1
1533,71,487,613,237,119,1,-1,-1,-1
1534,71,487,613,237,119,1,-1,-1,-1
1535,71,487,613,237,119,1,-1,-1,-1
1536,71,487,613,237,119,1,-1,-1,-1
1537,71,487,613,237,119,1,-1,-1,-1
1538,71,487,613,237,119,1,-1,-1,-1
1539,71,487,613,237,119,1,-1,-1,-1
1540,71,487,613,237,119,1,-1,-1,-1
1541,71,486,612,237,119,1,-1,-1,-1
1542,71,486,613,237,119,1,-1,-1,-1
1543,71,487,613,237,119,1,-1,-1,-1
1544,71,486,612,237,119,1,-1,-1,-1
1545,71,486,613,237,119,1,-1,-1,-1
1546,71,486,613,237,119,1,-1,-1,-1
1547,71,486,613,237,119,1,-1,-1,-1
1548,71,486,613,237,119,1,-1,-1,-1
1549,71,486,613,237,119,1,-1,-1,-1
1550,71,486,613,237,119,1,-1,-1,-1
1551,71,486,613,237,119,1,-1,-1,-1
1552,71,486,613,237,119,1,-1,-1,-1
1553,71,487,613,237,119,1,-1,-1,-1
1554,71,486,613,237,119,1,-1,-1,-1
1555,71,486,613,237,119,1,-1,-1,-1
1556,71,487,613,237,119,1,-1,-1,-1
1557,71,486,613,237,119,1,-1,-1,-1
1558,71,486,613,237,119,1,-1,-1,-1
1559,71,486,613,237,119,1,-1,-1,-1
1560,71,487,613,237,119,1,-1,-1,-1
1561,71,487,613,236,119,1,-1,-1,-1
1562,71,487,613,236,119,1,-1,-1,-1
1563,71,487,613,236,119,1,-1,-1,-1
1564,71,487,613,236,119,1,-1,-1,-1
1565,71,487,613,236,119,1,-1,-1,-1
1566,71,487,613,236,119,1,-1,-1,-1
1567,71,487,612,236,119,1,-1,-1,-1
1568,71,487,613,236,119,1,-1,-1,-1
1569,71,487,612,236,119,1,-1,-1,-1
1570,71,487,613,236,119,1,-1,-1,-1
1571,71,487,613,236,119,1,-1,-1,-1
1572,71,487,613,237,119,1,-1,-1,-1
1573,71,487,613,237,119,1,-1,-1,-1
1574,71,487,613,237,119,1,-1,-1,-1
1575,71,487,613,237,119,1,-1,-1,-1
1576,71,487,613,237,119,1,-1,-1,-1
1577,71,487,613,237,119,1,-1,-1,-1
1578,71,487,613,237,119,1,-1,-1,-1
1579,71,487,613,237,119,1,-1,-1,-1
1580,71,487,613,237,119,1,-1,-1,-1
1581,71,487,613,237,119,1,-1,-1,-1
1582,71,487,613,237,119,1,-1,-1,-1
1583,71,487,613,237,119,1,-1,-1,-1
1584,71,487,613,237,118,1,-1,-1,-1
1585,71,487,614,237,118,1,-1,-1,-1
1586,71,487,614,237,118,1,-1,-1,-1
1587,71,487,613,237,118,1,-1,-1,-1
1588,71,487,613,237,118,1,-1,-1,-1
1589,71,487,614,236,118,1,-1,-1,-1
1590,71,487,614,236,118,1,-1,-1,-1
1591,71,487,614,236,118,1,-1,-1,-1
1592,71,487,614,236,118,1,-1,-1,-1
1593,71,487,614,236,118,1,-1,-1,-1
1594,71,487,614,236,118,1,-1,-1,-1
1595,71,487,614,236,118,1,-1,-1,-1
1596,71,487,614,236,118,1,-1,-1,-1
1597,71,488,614,236,118,1,-1,-1,-1
1598,71,488,614,236,118,1,-1,-1,-1
1599,71,488,614,236,118,1,-1,-1,-1
1600,71,488,614,236,118,1,-1,-1,-1
1601,71,488,614,236,118,1,-1,-1,-1
1602,71,488,614,236,118,1,-1,-1,-1
1603,71,488,614,235,118,1,-1,-1,-1
1604,71,488,614,235,118,1,-1,-1,-1
1605,71,488,614,235,118,1,-1,-1,-1
1606,71,488,614,235,118,1,-1,-1,-1
1607,71,488,614,235,118,1,-1,-1,-1
1608,71,488,614,235,118,1,-1,-1,-1
1609,71,488,613,235,119,1,-1,-1,-1
1610,71,489,613,235,119,1,-1,-1,-1
1611,71,488,613,235,119,1,-1,-1,-1
1612,71,488,613,235,119,1,-1,-1,-1
1613,71,488,613,235,119,1,-1,-1,-1
1614,71,488,613,236,119,1,-1,-1,-1
1615,71,488,613,235,119,1,-1,-1,-1
1616,71,488,613,235,119,1,-1,-1,-1
1617,71,488,613,235,119,1,-1,-1,-1
1618,71,489,613,235,119,1,-1,-1,-1
1619,71,489,613,235,119,1,-1,-1,-1
1620,71,489,613,235,119,1,-1,-1,-1
1621,71,488,614,235,119,1,-1,-1,-1
1622,71,488,614,235,119,1,-1,-1,-1
1623,71,488,614,235,119,1,-1,-1,-1
1624,71,488,614,235,119,1,-1,-1,-1
1625,71,488,614,235,119,1,-1,-1,-1
1626,71,488,614,235,119,1,-1,-1,-1
1627,71,488,614,236,119,1,-1,-1,-1
1628,71,488,614,236,119,1,-1,-1,-1
1629,71,487,613,236,119,1,-1,-1,-1
1630,71,487,613,237,119,1,-1,-1,-1
1631,71,487,613,237,119,1,-1,-1,-1
1632,71,487,613,237,119,1,-1,-1,-1
1633,71,487,613,237,119,1,-1,-1,-1
1634,71,487,613,237,119,1,-1,-1,-1
1635,71,487,613,237,119,1,-1,-1,-1
1636,71,487,613,237,119,1,-1,-1,-1
1637,71,487,613,237,119,1,-1,-1,-1
1638,71,487,613,237,119,1,-1,-1,-1
1639,71,487,614,237,119,1,-1,-1,-1
1640,71,487,613,237,119,1,-1,-1,-1
1641,71,487,613,237,119,1,-1,-1,-1
1642,71,487,613,237,119,1,-1,-1,-1
1643,71,487,613,237,119,1,-1,-1,-1
1644,71,487,613,237,119,1,-1,-1,-1
1645,71,487,613,237,119,1,-1,-1,-1
1646,71,487,614,237,119,1,-1,-1,-1
1647,71,487,613,237,119,1,-1,-1,-1
1648,71,487,613,237,119,1,-1,-1,-1
1649,71,487,613,236,118,1,-1,-1,-1
1650,71,487,613,236,118,1,-1,-1,-1
1651,71,487,613,236,118,1,-1,-1,-1
1652,71,487,613,236,118,1,-1,-1,-1
1653,71,487,613,236,118,1,-1,-1,-1
1654,71,487,613,236,118,1,-1,-1,-1
1655,71,487,613,236,118,1,-1,-1,-1
1656,71,487,613,236,118,1,-1,-1,-1
1657,71,487,613,237,119,1,-1,-1,-1
1658,71,487,613,236,119,1,-1,-1,-1
1659,71,487,613,237,119,1,-1,-1,-1
1660,71,487,613,237,119,1,-1,-1,-1
1661,71,487,613,236,119,1,-1,-1,-1
1662,71,487,613,236,119,1,-1,-1,-1
1663,71,487,613,236,119,1,-1,-1,-1
1664,71,487,613,236,119,1,-1,-1,-1
1665,71,487,613,236,119,1,-1,-1,-1
1666,71,487,613,236,119,1,-1,-1,-1
1667,71,487,613,236,119,1,-1,-1,-1
1668,71,487,613,236,119,1,-1,-1,-1
1669,71,488,613,236,119,1,-1,-1,-1
1670,71,488,613,236,119,1,-1,-1,-1
1671,71,488,613,236,119,1,-1,-1,-1
1672,71,488,613,236,119,1,-1,-1,-1
1673,71,487,613,236,119,1,-1,-1,-1
1674,71,487,613,236,119,1,-1,-1,-1
1675,71,487,613,236,119,1,-1,-1,-1
1676,71,487,613,236,119,1,-1,-1,-1
1677,71,487,613,236,119,1,-1,-1,-1
1678,71,487,613,236,119,1,-1,-1,-1
1679,71,487,613,237,119,1,-1,-1,-1
1680,71,487,613,237,119,1,-1,-1,-1
1681,71,486,613,237,120,1,-1,-1,-1
1682,71,486,613,237,120,1,-1,-1,-1
1683,71,486,613,237,120,1,-1,-1,-1
1684,71,486,613,237,120,1,-1,-1,-1
1685,71,486,613,237,120,1,-1,-1,-1
1686,71,486,613,237,120,1,-1,-1,-1
1687,71,486,613,237,120,1,-1,-1,-1
1688,71,486,613,237,119,1,-1,-1,-1
1689,71,487,613,237,119,1,-1,-1,-1
1690,71,486,613,237,119,1,-1,-1,-1
1691,71,486,613,237,119,1,-1,-1,-1
1692,71,486,613,237,120,1,-1,-1,-1
1693,71,486,613,238,120,1,-1,-1,-1
1694,71,485,613,238,120,1,-1,-1,-1
1695,71,485,613,238,120,1,-1,-1,-1
1696,71,485,613,238,120,1,-1,-1,-1
1697,71,485,613,238,119,1,-1,-1,-1
1698,71,485,613,238,119,1,-1,-1,-1
1699,71,486,613,238,119,1,-1,-1,-1
1700,71,486,613,238,119,1,-1,-1,-1
1701,71,486,613,237,119,1,-1,-1,-1
1702,71,486,613,237,119,1,-1,-1,-1
1703,71,486,613,237,119,1,-1,-1,-1
1704,71,486,613,237,119,1,-1,-1,-1
1705,71,486,613,238,119,1,-1,-1,-1
1706,71,486,613,238,119,1,-1,-1,-1
1707,71,487,613,237,119,1,-1,-1,-1
1708,71,487,613,237,119,1,-1,-1,-1
1709,71,487,613,237,119,1,-1,-1,-1
1710,71,486,613,237,120,1,-1,-1,-1
1711,71,486,613,238,120,1,-1,-1,-1
1712,71,486,613,238,119,1,-1,-1,-1
1713,71,486,613,237,119,1,-1,-1,-1
1714,71,486,613,237,119,1,-1,-1,-1
1715,71,486,613,237,119,1,-1,-1,-1
1716,71,486,613,237,119,1,-1,-1,-1
1717,71,486,613,237,119,1,-1,-1,-1
1718,71,486,613,237,119,1,-1,-1,-1
1719,71,486,613,238,119,1,-1,-1,-1
1720,71,486,613,238,119,1,-1,-1,-1
1721,71,486,613,237,120,1,-1,-1,-1
1722,71,486,613,237,119,1,-1,-1,-1
1723,71,486,613,237,119,1,-1,-1,-1
1724,71,486,613,237,119,1,-1,-1,-1
1725,71,486,613,237,119,1,-1,-1,-1
1726,71,486,613,237,119,1,-1,-1,-1
1727,71,486,613,237,119,1,-1,-1,-1
1728,71,486,613,237,119,1,-1,-1,-1
1729,71,487,613,237,119,1,-1,-1,-1
1730,71,487,613,237,119,1,-1,-1,-1
1731,71,487,613,237,119,1,-1,-1,-1
1732,71,487,613,237,119,1,-1,-1,-1
1733,71,487,613,237,119,1,-1,-1,-1
1734,71,487,613,237,119,1,-1,-1,-1
1735,71,487,613,237,119,1,-1,-1,-1
1736,71,487,613,237,119,1,-1,-1,-1
1737,71,487,613,237,119,1,-1,-1,-1
1738,71,487,613,237,119,1,-1,-1,-1
1739,71,487,613,237,119,1,-1,-1,-1
1740,71,487,613,237,119,1,-1,-1,-1
1741,71,487,613,237,119,1,-1,-1,-1
1742,71,487,613,237,119,1,-1,-1,-1
1743,71,487,613,237,119,1,-1,-1,-1
1744,71,487,613,237,119,1,-1,-1,-1
1745,71,487,613,237,119,1,-1,-1,-1
1746,71,487,613,237,119,1,-1,-1,-1
1747,71,487,613,237,119,1,-1,-1,-1
1748,71,487,613,237,119,1,-1,-1,-1
1749,71,487,613,237,119,1,-1,-1,-1
1750,71,487,613,237,119,1,-1,-1,-1
1751,71,487,613,236,118,1,-1,-1,-1
1752,71,487,613,236,118,1,-1,-1,-1
1753,71,487,613,237,119,1,-1,-1,-1
1754,71,487,613,237,119,1,-1,-1,-1
1755,71,487,613,237,119,1,-1,-1,-1
1756,71,487,613,237,119,1,-1,-1,-1
1757,71,487,613,237,119,1,-1,-1,-1
1758,71,487,613,237,119,1,-1,-1,-1
1759,71,487,613,237,119,1,-1,-1,-1
1760,71,487,613,237,119,1,-1,-1,-1
1761,71,487,613,237,119,1,-1,-1,-1
1762,71,487,613,237,119,1,-1,-1,-1
1763,71,487,613,237,119,1,-1,-1,-1
1764,71,487,613,237,119,1,-1,-1,-1
1765,71,487,613,237,119,1,-1,-1,-1
1766,71,487,613,237,119,1,-1,-1,-1
1767,71,487,613,237,119,1,-1,-1,-1
1768,71,487,613,237,119,1,-1,-1,-1
1769,71,487,613,236,119,1,-1,-1,-1
1770,71,487,613,236,119,1,-1,-1,-1
1771,71,487,613,236,119,1,-1,-1,-1
1772,71,487,613,236,119,1,-1,-1,-1
1773,71,487,613,236,119,1,-1,-1,-1
1774,71,487,613,236,119,1,-1,-1,-1
1775,71,487,613,236,119,1,-1,-1,-1
1776,71,487,613,236,119,1,-1,-1,-1
1777,71,487,613,237,119,1,-1,-1,-1
1778,71,487,613,237,119,1,-1,-1,-1
1779,71,487,613,237,119,1,-1,-1,-1
1780,71,487,613,237,119,1,-1,-1,-1
1781,71,487,613,237,119,1,-1,-1,-1
1782,71,487,613,237,119,1,-1,-1,-1
1783,71,487,613,237,119,1,-1,-1,-1
1784,71,487,613,237,119,1,-1,-1,-1
1785,71,487,613,237,119,1,-1,-1,-1
1786,71,487,613,237,119,1,-1,-1,-1
1787,71,487,613,237,119,1,-1,-1,-1
1788,71,487,613,237,119,1,-1,-1,-1
1789,71,487,613,237,119,1,-1,-1,-1
1790,71,487,613,237,118,1,-1,-1,-1
1791,71,487,613,237,118,1,-1,-1,-1
1792,71,487,613,237,119,1,-1,-1,-1
1793,71,487,613,237,119,1,-1,-1,-1
1794,71,487,613,237,118,1,-1,-1,-1
1795,71,487,613,237,118,1,-1,-1,-1
1796,71,487,613,237,118,1,-1,-1,-1
1797,71,487,613,236,118,1,-1,-1,-1
1798,71,487,613,236,118,1,-1,-1,-1
1799,71,487,613,236,118,1,-1,-1,-1
1800,71,487,613,236,119,1,-1,-1,-1
1801,71,487,613,237,119,1,-1,-1,-1
1802,71,487,613,237,119,1,-1,-1,-1
1803,71,487,613,237,119,1,-1,-1,-1
1804,71,487,613,237,119,1,-1,-1,-1
1805,71,487,613,237,119,1,-1,-1,-1
1806,71,487,613,237,119,1,-1,-1,-1
1807,71,487,613,237,118,1,-1,-1,-1
1808,71,487,613,237,118,1,-1,-1,-1
1809,71,487,613,237,118,1,-1,-1,-1
1810,71,487,613,237,118,1,-1,-1,-1
1811,71,487,613,237,118,1,-1,-1,-1
1812,71,487,613,237,119,1,-1,-1,-1
1813,71,487,613,236,118,1,-1,-1,-1
1814,71,487,613,236,119,1,-1,-1,-1
1815,71,487,613,236,119,1,-1,-1,-1
1816,71,487,613,236,119,1,-1,-1,-1
1817,71,487,613,236,119,1,-1,-1,-1
1818,71,487,613,236,119,1,-1,-1,-1
1819,71,487,613,236,119,1,-1,-1,-1
1820,71,487,613,236,119,1,-1,-1,-1
1821,71,487,613,236,119,1,-1,-1,-1
1822,71,487,613,236,119,1,-1,-1,-1
1823,71,487,613,236,119,1,-1,-1,-1
1824,71,487,613,236,119,1,-1,-1,-1
1825,71,487,613,236,119,1,-1,-1,-1
1826,71,487,613,236,119,1,-1,-1,-1
1827,71,487,613,236,119,1,-1,-1,-1
1828,71,487,613,236,119,1,-1,-1,-1
1829,71,487,613,236,118,1,-1,-1,-1
1830,71,487,613,236,118,1,-1,-1,-1
1831,71,487,613,236,118,1,-1,-1,-1
1832,71,487,613,236,118,1,-1,-1,-1
1833,71,487,613,236,119,1,-1,-1,-1
1834,71,487,613,236,119,1,-1,-1,-1
1835,71,487,613,236,119,1,-1,-1,-1
1836,71,487,613,236,119,1,-1,-1,-1
1837,71,487,613,236,119,1,-1,-1,-1
1838,71,487,613,236,119,1,-1,-1,-1
1839,71,487,613,236,119,1,-1,-1,-1
1840,71,487,613,236,119,1,-1,-1,-1
1841,71,487,613,236,119,1,-1,-1,-1
1842,71,487,613,236,119,1,-1,-1,-1
1843,71,487,613,236,119,1,-1,-1,-1
1844,71,487,613,236,119,1,-1,-1,-1
1845,71,487,613,236,119,1,-1,-1,-1
1846,71,487,613,236,119,1,-1,-1,-1
1847,71,488,613,236,119,1,-1,-1,-1
1848,71,488,613,236,119,1,-1,-1,-1
1849,71,487,613,236,119,1,-1,-1,-1
1850,71,487,613,236,119,1,-1,-1,-1
1851,71,487,613,236,119,1,-1,-1,-1
1852,71,487,613,236,119,1,-1,-1,-1
1853,71,487,613,236,119,1,-1,-1,-1
1854,71,488,613,236,119,1,-1,-1,-1
1855,71,488,613,236,119,1,-1,-1,-1
1856,71,488,613,236,118,1,-1,-1,-1
1857,71,488,613,235,119,1,-1,-1,-1
1858,71,488,613,235,119,1,-1,-1,-1
1859,71,488,613,235,119,1,-1,-1,-1
1860,71,488,613,235,119,1,-1,-1,-1
1861,71,488,613,236,118,1,-1,-1,-1
1862,71,488,613,236,118,1,-1,-1,-1
1863,71,488,613,236,118,1,-1,-1,-1
1864,71,488,613,236,119,1,-1,-1,-1
1865,71,488,613,236,119,1,-1,-1,-1
1866,71,488,613,236,119,1,-1,-1,-1
1867,71,488,613,236,119,1,-1,-1,-1
1868,71,488,613,236,119,1,-1,-1,-1
1869,71,488,613,236,119,1,-1,-1,-1
1870,71,488,613,236,119,1,-1,-1,-1
1871,71,488,613,236,119,1,-1,-1,-1
1872,71,488,613,236,119,1,-1,-1,-1
1873,71,487,613,236,119,1,-1,-1,-1
1874,71,487,613,236,119,1,-1,-1,-1
1875,71,487,613,236,119,1,-1,-1,-1
1876,71,487,613,236,119,1,-1,-1,-1
1877,71,488,613,236,118,1,-1,-1,-1
1878,71,488,613,236,118,1,-1,-1,-1
1879,71,488,613,236,118,1,-1,-1,-1
1880,71,488,613,236,118,1,-1,-1,-1
1881,71,488,613,236,119,1,-1,-1,-1
1882,71,487,613,236,119,1,-1,-1,-1
1883,71,487,613,236,119,1,-1,-1,-1
1884,71,488,613,236,119,1,-1,-1,-1
1885,71,488,613,236,119,1,-1,-1,-1
1886,71,488,613,236,119,1,-1,-1,-1
1887,71,488,613,236,119,1,-1,-1,-1
1888,71,488,613,236,119,1,-1,-1,-1
1889,71,488,613,235,119,1,-1,-1,-1
1890,71,488,613,236,119,1,-1,-1,-1
1891,71,488,613,236,119,1,-1,-1,-1
1892,71,488,613,236,119,1,-1,-1,-1
1893,71,488,613,236,119,1,-1,-1,-1
1894,71,488,613,236,119,1,-1,-1,-1
1895,71,488,613,236,119,1,-1,-1,-1
1896,71,487,613,236,119,1,-1,-1,-1
1897,71,487,613,237,118,1,-1,-1,-1
1898,71,487,613,236,118,1,-1,-1,-1
1899,71,487,613,236,119,1,-1,-1,-1
1900,71,487,613,236,119,1,-1,-1,-1
1901,71,487,613,236,118,1,-1,-1,-1
1902,71,487,613,236,118,1,-1,-1,-1
1903,71,487,613,237,119,1,-1,-1,-1
1904,71,487,613,237,119,1,-1,-1,-1
1905,71,487,613,236,119,1,-1,-1,-1
1906,71,487,613,236,119,1,-1,-1,-1
1907,71,487,613,236,119,1,-1,-1,-1
1908,71,488,613,236,119,1,-1,-1,-1
1909,71,487,613,237,119,1,-1,-1,-1
1910,71,486,613,238,119,1,-1,-1,-1
1911,71,486,613,237,119,1,-1,-1,-1
1912,71,488,613,236,119,1,-1,-1,-1
1913,71,488,613,236,119,1,-1,-1,-1
1914,71,486,613,238,119,1,-1,-1,-1
1915,71,487,613,237,119,1,-1,-1,-1
1916,71,487,614,237,118,1,-1,-1,-1
1917,71,487,614,237,118,1,-1,-1,-1
1918,71,487,613,237,118,1,-1,-1,-1
1919,71,487,613,237,119,1,-1,-1,-1
1920,71,487,613,237,119,1,-1,-1,-1
1921,71,487,613,237,119,1,-1,-1,-1
1922,71,488,613,236,119,1,-1,-1,-1
1923,71,488,613,236,119,1,-1,-1,-1
1924,71,488,613,236,120,1,-1,-1,-1
1925,71,487,613,236,119,1,-1,-1,-1
1926,71,487,613,237,120,1,-1,-1,-1
1936,71,489,613,235,120,1,-1,-1,-1
1937,71,488,613,237,119,1,-1,-1,-1
1938,71,489,613,235,119,1,-1,-1,-1
1939,71,487,613,236,119,1,-1,-1,-1
1940,71,486,613,238,120,1,-1,-1,-1
1941,71,487,613,238,120,1,-1,-1,-1
1942,71,486,613,238,119,1,-1,-1,-1
1943,71,486,613,238,119,1,-1,-1,-1
1944,71,486,613,238,119,1,-1,-1,-1
1945,71,487,613,236,118,1,-1,-1,-1
1946,71,487,613,237,119,1,-1,-1,-1
1947,71,487,613,237,118,1,-1,-1,-1
1948,71,487,613,237,118,1,-1,-1,-1
1949,71,487,613,237,119,1,-1,-1,-1
1950,71,487,613,237,119,1,-1,-1,-1
1951,71,487,613,237,119,1,-1,-1,-1
1952,71,487,613,237,119,1,-1,-1,-1
1953,71,487,613,237,119,1,-1,-1,-1
1954,71,487,613,237,119,1,-1,-1,-1
1955,71,487,613,237,119,1,-1,-1,-1
1956,71,487,613,237,119,1,-1,-1,-1
1957,71,486,613,238,119,1,-1,-1,-1
1958,71,486,613,238,119,1,-1,-1,-1
1959,71,486,613,238,119,1,-1,-1,-1
1960,71,486,613,238,119,1,-1,-1,-1
1961,71,486,613,237,119,1,-1,-1,-1
1962,71,486,613,237,119,1,-1,-1,-1
1963,71,486,613,237,119,1,-1,-1,-1
1964,71,486,614,237,119,1,-1,-1,-1
1965,71,486,614,237,119,1,-1,-1,-1
1966,71,486,614,237,118,1,-1,-1,-1
1967,71,487,613,237,119,1,-1,-1,-1
1968,71,487,613,237,119,1,-1,-1,-1
1969,71,487,613,237,119,1,-1,-1,-1
1970,71,487,613,237,119,1,-1,-1,-1
1971,71,487,613,237,119,1,-1,-1,-1
1972,71,487,613,237,119,1,-1,-1,-1
1973,71,487,613,237,119,1,-1,-1,-1
1974,71,487,613,237,119,1,-1,-1,-1
1975,71,487,613,237,119,1,-1,-1,-1
1976,71,487,613,237,119,1,-1,-1,-1
1977,71,486,613,237,118,1,-1,-1,-1
1978,71,486,613,237,118,1,-1,-1,-1
1979,71,486,614,237,118,1,-1,-1,-1
1980,71,486,614,237,118,1,-1,-1,-1
1981,71,487,614,237,118,1,-1,-1,-1
1982,71,487,614,237,118,1,-1,-1,-1
1983,71,487,614,236,118,1,-1,-1,-1
1984,71,487,614,236,118,1,-1,-1,-1
1985,71,487,614,236,118,1,-1,-1,-1
1986,71,487,614,236,118,1,-1,-1,-1
1987,71,487,614,237,118,1,-1,-1,-1
1988,71,487,614,237,118,1,-1,-1,-1
1989,71,487,614,237,118,1,-1,-1,-1
1990,71,487,614,237,118,1,-1,-1,-1
1991,71,486,614,237,118,1,-1,-1,-1
1992,71,486,613,237,118,1,-1,-1,-1
1993,71,487,613,237,118,1,-1,-1,-1
1994,71,487,613,237,118,1,-1,-1,-1
1995,71,487,613,237,118,1,-1,-1,-1
1996,71,487,613,237,118,1,-1,-1,-1
1997,71,487,614,236,118,1,-1,-1,-1
1998,71,487,614,236,118,1,-1,-1,-1
1999,71,487,614,236,118,1,-1,-1,-1
2000,71,487,614,236,118,1,-1,-1,-1
2001,71,488,613,236,119,1,-1,-1,-1
2002,71,487,613,236,119,1,-1,-1,-1
2003,71,488,613,236,119,1,-1,-1,-1
2004,71,488,613,236,119,1,-1,-1,-1
2005,71,488,613,236,119,1,-1,-1,-1
2006,71,488,613,236,119,1,-1,-1,-1
2007,71,487,613,237,119,1,-1,-1,-1
2008,71,487,613,237,119,1,-1,-1,-1
2009,71,487,613,237,119,1,-1,-1,-1
2010,71,487,613,237,119,1,-1,-1,-1
2011,71,487,613,237,119,1,-1,-1,-1
2012,71,487,613,237,119,1,-1,-1,-1
2013,71,487,613,237,119,1,-1,-1,-1
2014,71,487,613,237,119,1,-1,-1,-1
2015,71,487,613,237,119,1,-1,-1,-1
2016,71,487,613,237,119,1,-1,-1,-1
2017,71,486,614,238,118,1,-1,-1,-1
2018,71,486,614,238,118,1,-1,-1,-1
2019,71,486,614,238,118,1,-1,-1,-1
2020,71,486,614,238,118,1,-1,-1,-1
2021,71,486,614,238,118,1,-1,-1,-1
2022,71,486,614,238,118,1,-1,-1,-1
2023,71,486,614,238,118,1,-1,-1,-1
2024,71,486,614,238,118,1,-1,-1,-1
2025,71,486,614,238,118,1,-1,-1,-1
2026,71,486,614,238,118,1,-1,-1,-1
2027,71,487,614,237,118,1,-1,-1,-1
2028,71,487,614,237,118,1,-1,-1,-1
2029,71,487,614,237,118,1,-1,-1,-1
2030,71,487,613,237,118,1,-1,-1,-1
2031,71,487,614,237,118,1,-1,-1,-1
2032,71,487,614,237,118,1,-1,-1,-1
2033,71,487,614,237,118,1,-1,-1,-1
2034,71,487,614,237,118,1,-1,-1,-1
2035,71,487,614,237,118,1,-1,-1,-1
2036,71,487,614,237,118,1,-1,-1,-1
2037,71,486,613,238,118,1,-1,-1,-1
2038,71,486,613,237,119,1,-1,-1,-1
2039,71,486,613,237,119,1,-1,-1,-1
2040,71,486,613,237,119,1,-1,-1,-1
2041,71,486,613,237,118,1,-1,-1,-1
2042,71,486,613,237,119,1,-1,-1,-1
2043,71,486,613,237,119,1,-1,-1,-1
2044,71,486,613,237,119,1,-1,-1,-1
2045,71,486,613,237,119,1,-1,-1,-1
2046,71,486,613,237,119,1,-1,-1,-1
2047,71,487,613,237,119,1,-1,-1,-1
2048,71,487,613,237,119,1,-1,-1,-1
2049,71,487,613,237,119,1,-1,-1,-1
2050,71,487,613,236,119,1,-1,-1,-1
2051,71,487,613,236,118,1,-1,-1,-1
2052,71,487,613,237,119,1,-1,-1,-1
2053,71,487,613,237,118,1,-1,-1,-1
2054,71,487,613,237,118,1,-1,-1,-1
2055,71,487,613,236,118,1,-1,-1,-1
2056,71,487,613,237,118,1,-1,-1,-1
2057,71,487,613,237,118,1,-1,-1,-1
2058,71,487,613,237,118,1,-1,-1,-1
2059,71,487,613,237,118,1,-1,-1,-1
2060,71,487,614,237,118,1,-1,-1,-1
2061,71,487,614,237,118,1,-1,-1,-1
2062,71,487,614,237,118,1,-1,-1,-1
2063,71,487,613,237,118,1,-1,-1,-1
2064,71,487,614,237,118,1,-1,-1,-1
2065,71,486,614,237,118,1,-1,-1,-1
2066,71,486,614,237,118,1,-1,-1,-1
2067,71,487,614,237,118,1,-1,-1,-1
2068,71,487,614,237,118,1,-1,-1,-1
2069,71,487,614,237,118,1,-1,-1,-1
2070,71,487,614,237,118,1,-1,-1,-1
2071,71,487,614,236,118,1,-1,-1,-1
2072,71,487,613,236,119,1,-1,-1,-1
2073,71,487,614,237,118,1,-1,-1,-1
2074,71,487,614,237,118,1,-1,-1,-1
2075,71,487,613,237,118,1,-1,-1,-1
2076,71,487,613,237,118,1,-1,-1,-1
2077,71,487,614,237,118,1,-1,-1,-1
2078,71,487,613,237,118,1,-1,-1,-1
2079,71,487,613,237,118,1,-1,-1,-1
2080,71,487,613,237,118,1,-1,-1,-1
2081,71,487,613,237,118,1,-1,-1,-1
2082,71,487,613,237,118,1,-1,-1,-1
2083,71,487,613,237,118,1,-1,-1,-1
2084,71,487,613,237,118,1,-1,-1,-1
2085,71,487,613,237,118,1,-1,-1,-1
2086,71,487,613,237,118,1,-1,-1,-1
2087,71,487,613,237,118,1,-1,-1,-1
2088,71,487,614,237,118,1,-1,-1,-1
2089,71,487,614,237,117,1,-1,-1,-1
2090,71,487,614,237,117,1,-1,-1,-1
2091,71,487,614,237,118,1,-1,-1,-1
2092,71,487,614,237,118,1,-1,-1,-1
2093,71,487,614,237,118,1,-1,-1,-1
2094,71,487,614,237,118,1,-1,-1,-1
2095,71,487,614,237,117,1,-1,-1,-1
2096,71,487,614,237,117,1,-1,-1,-1
2097,71,487,614,237,117,1,-1,-1,-1
2098,71,487,614,237,117,1,-1,-1,-1
2099,71,486,613,237,118,1,-1,-1,-1
2100,71,486,614,237,118,1,-1,-1,-1
2101,71,487,614,236,118,1,-1,-1,-1
2102,71,487,614,236,118,1,-1,-1,-1
2103,71,487,614,236,118,1,-1,-1,-1
2104,71,487,614,236,118,1,-1,-1,-1
2105,71,487,614,236,118,1,-1,-1,-1
2106,71,487,614,236,118,1,-1,-1,-1
2107,71,487,614,236,118,1,-1,-1,-1
2108,71,487,614,236,118,1,-1,-1,-1
2109,71,487,614,236,118,1,-1,-1,-1
2110,71,487,614,236,118,1,-1,-1,-1
2111,71,487,614,236,118,1,-1,-1,-1
2112,71,487,614,236,118,1,-1,-1,-1
2113,71,486,614,237,118,1,-1,-1,-1
2114,71,486,614,237,118,1,-1,-1,-1
2115,71,486,614,237,118,1,-1,-1,-1
2116,71,486,614,237,118,1,-1,-1,-1
2117,71,486,614,237,118,1,-1,-1,-1
2118,71,486,614,237,118,1,-1,-1,-1
2119,71,486,614,237,118,1,-1,-1,-1
2120,71,486,614,237,118,1,-1,-1,-1
2121,71,487,614,237,118,1,-1,-1,-1
2122,71,487,614,237,118,1,-1,-1,-1
2123,71,487,614,237,118,1,-1,-1,-1
2124,71,487,614,237,118,1,-1,-1,-1
2125,71,487,614,236,118,1,-1,-1,-1
2126,71,487,614,236,118,1,-1,-1,-1
2127,71,487,614,236,118,1,-1,-1,-1
2128,71,487,614,236,118,1,-1,-1,-1
2129,71,487,614,236,118,1,-1,-1,-1
2130,71,487,614,236,118,1,-1,-1,-1
2131,71,487,614,236,118,1,-1,-1,-1
2132,71,487,614,236,118,1,-1,-1,-1
2133,71,487,614,236,118,1,-1,-1,-1
2134,71,487,614,237,118,1,-1,-1,-1
2135,71,487,614,236,118,1,-1,-1,-1
2136,71,487,614,236,118,1,-1,-1,-1
2137,71,487,614,236,118,1,-1,-1,-1
2138,71,487,614,236,118,1,-1,-1,-1
2139,71,487,614,237,118,1,-1,-1,-1
2140,71,487,614,237,118,1,-1,-1,-1
2141,71,487,614,237,118,1,-1,-1,-1
2142,71,487,614,237,118,1,-1,-1,-1
2143,71,487,614,237,118,1,-1,-1,-1
2144,71,487,614,237,118,1,-1,-1,-1
2145,71,487,614,237,118,1,-1,-1,-1
2146,71,487,614,237,118,1,-1,-1,-1
2147,71,487,614,237,118,1,-1,-1,-1
2148,71,487,614,237,118,1,-1,-1,-1
2149,71,486,614,237,118,1,-1,-1,-1
2150,71,486,614,237,118,1,-1,-1,-1
2151,71,486,614,237,118,1,-1,-1,-1
2152,71,486,614,237,118,1,-1,-1,-1
2153,71,486,614,237,118,1,-1,-1,-1
2154,71,486,614,237,118,1,-1,-1,-1
2155,71,486,614,237,118,1,-1,-1,-1
2156,71,486,614,237,118,1,-1,-1,-1
2157,71,486,614,237,118,1,-1,-1,-1
2158,71,486,614,237,118,1,-1,-1,-1
2159,71,486,614,237,118,1,-1,-1,-1
2160,71,486,614,237,118,1,-1,-1,-1
2161,71,486,613,237,118,1,-1,-1,-1
2162,71,486,613,237,118,1,-1,-1,-1
2163,71,486,613,237,118,1,-1,-1,-1
2164,71,486,613,237,118,1,-1,-1,-1
2165,71,486,613,237,118,1,-1,-1,-1
2166,71,486,613,237,118,1,-1,-1,-1
2167,71,486,613,237,118,1,-1,-1,-1
2168,71,486,613,237,118,1,-1,-1,-1
2169,71,486,613,237,118,1,-1,-1,-1
2170,71,486,613,237,118,1,-1,-1,-1
2171,71,486,614,237,118,1,-1,-1,-1
2172,71,486,614,237,118,1,-1,-1,-1
2173,71,486,614,237,118,1,-1,-1,-1
2174,71,486,614,237,118,1,-1,-1,-1
2175,71,486,614,237,118,1,-1,-1,-1
2176,71,486,614,237,118,1,-1,-1,-1
2177,71,486,614,237,118,1,-1,-1,-1
2178,71,486,614,237,118,1,-1,-1,-1
2179,71,486,614,237,118,1,-1,-1,-1
2180,71,486,613,237,118,1,-1,-1,-1
2181,71,486,613,237,118,1,-1,-1,-1
2182,71,486,613,237,118,1,-1,-1,-1
2183,71,487,613,237,118,1,-1,-1,-1
2184,71,486,613,237,118,1,-1,-1,-1
2185,71,487,614,237,119,1,-1,-1,-1
2186,71,487,614,237,119,1,-1,-1,-1
2187,71,487,614,237,119,1,-1,-1,-1
2188,71,487,614,237,119,1,-1,-1,-1
2189,71,487,614,237,119,1,-1,-1,-1
2190,71,487,614,236,118,1,-1,-1,-1
2191,71,487,614,236,118,1,-1,-1,-1
2192,71,487,614,236,118,1,-1,-1,-1
2193,71,487,614,236,118,1,-1,-1,-1
2194,71,487,613,236,118,1,-1,-1,-1
2195,71,487,613,236,118,1,-1,-1,-1
2196,71,487,614,236,118,1,-1,-1,-1
2197,71,487,614,236,118,1,-1,-1,-1
2198,71,487,614,236,118,1,-1,-1,-1
2199,71,487,614,236,118,1,-1,-1,-1
2200,71,487,614,236,118,1,-1,-1,-1
2201,71,487,614,236,118,1,-1,-1,-1
2202,71,487,614,236,118,1,-1,-1,-1
2203,71,487,614,236,118,1,-1,-1,-1
2204,71,487,614,236,118,1,-1,-1,-1
2205,71,487,614,236,118,1,-1,-1,-1
2206,71,487,614,236,118,1,-1,-1,-1
2207,71,487,614,236,118,1,-1,-1,-1
2208,71,487,614,236,118,1,-1,-1,-1
2209,71,487,613,237,118,1,-1,-1,-1
2210,71,487,613,237,118,1,-1,-1,-1
2211,71,487,613,237,118,1,-1,-1,-1
2212,71,487,613,237,118,1,-1,-1,-1
2213,71,487,613,237,118,1,-1,-1,-1
2214,71,487,613,237,118,1,-1,-1,-1
2215,71,487,613,237,118,1,-1,-1,-1
2216,71,487,613,237,118,1,-1,-1,-1
2217,71,487,613,237,118,1,-1,-1,-1
2218,71,487,613,237,118,1,-1,-1,-1
2219,71,487,613,237,118,1,-1,-1,-1
2220,71,487,613,237,119,1,-1,-1,-1
2221,71,487,613,237,118,1,-1,-1,-1
2222,71,487,613,236,118,1,-1,-1,-1
2223,71,487,613,236,118,1,-1,-1,-1
2224,71,487,613,236,118,1,-1,-1,-1
2225,71,487,613,236,119,1,-1,-1,-1
2226,71,487,613,236,119,1,-1,-1,-1
2227,71,487,613,236,119,1,-1,-1,-1
2228,71,487,613,236,119,1,-1,-1,-1
2229,71,487,613,236,119,1,-1,-1,-1
2230,71,487,613,237,118,1,-1,-1,-1
2231,71,487,613,237,118,1,-1,-1,-1
2232,71,487,613,237,118,1,-1,-1,-1
2233,71,487,613,237,119,1,-1,-1,-1
2234,71,487,613,237,119,1,-1,-1,-1
2235,71,487,613,237,119,1,-1,-1,-1
2236,71,487,613,237,119,1,-1,-1,-1
2237,71,487,613,237,119,1,-1,-1,-1
2238,71,487,613,237,118,1,-1,-1,-1
2239,71,487,614,237,118,1,-1,-1,-1
2240,71,488,614,236,118,1,-1,-1,-1
2241,71,487,614,236,118,1,-1,-1,-1
2242,71,487,614,236,118,1,-1,-1,-1
2243,71,487,614,236,118,1,-1,-1,-1
2244,71,487,614,236,118,1,-1,-1,-1
2245,71,487,614,236,118,1,-1,-1,-1
2246,71,487,614,236,118,1,-1,-1,-1
2247,71,487,614,236,118,1,-1,-1,-1
2248,71,487,614,236,118,1,-1,-1,-1
2249,71,487,614,236,118,1,-1,-1,-1
2250,71,487,614,236,118,1,-1,-1,-1
2251,71,487,614,236,117,1,-1,-1,-1
2252,71,487,614,236,117,1,-1,-1,-1
2253,71,487,614,236,117,1,-1,-1,-1
2254,71,487,614,236,117,1,-1,-1,-1
2255,71,487,614,236,117,1,-1,-1,-1
2256,71,487,614,236,118,1,-1,-1,-1
2257,71,488,614,236,118,1,-1,-1,-1
2258,71,488,614,236,118,1,-1,-1,-1
2259,71,488,614,236,118,1,-1,-1,-1
2260,71,487,614,237,118,1,-1,-1,-1
2261,71,487,614,237,118,1,-1,-1,-1
2262,71,487,614,237,118,1,-1,-1,-1
2263,71,487,614,237,118,1,-1,-1,-1
2264,71,487,614,237,118,1,-1,-1,-1
2265,71,487,614,237,118,1,-1,-1,-1
2266,71,487,614,237,118,1,-1,-1,-1
2267,71,487,614,237,118,1,-1,-1,-1
2268,71,487,614,237,118,1,-1,-1,-1
2269,71,487,614,237,118,1,-1,-1,-1
2270,71,487,613,237,119,1,-1,-1,-1
2271,71,487,613,236,119,1,-1,-1,-1
2272,71,487,613,236,119,1,-1,-1,-1
2273,71,487,613,236,119,1,-1,-1,-1
2274,71,487,613,236,119,1,-1,-1,-1
2275,71,487,613,236,119,1,-1,-1,-1
2276,71,487,613,236,119,1,-1,-1,-1
2277,71,487,613,236,119,1,-1,-1,-1
2278,71,487,613,236,119,1,-1,-1,-1
2279,71,487,613,236,119,1,-1,-1,-1
1,72,835,680,147,85,1,-1,-1,-1
2,72,835,679,148,85,1,-1,-1,-1
3,72,835,680,148,85,1,-1,-1,-1
4,72,835,680,148,85,1,-1,-1,-1
5,72,835,680,148,85,1,-1,-1,-1
6,72,835,680,148,85,1,-1,-1,-1
7,72,835,680,148,85,1,-1,-1,-1
8,72,835,680,148,85,1,-1,-1,-1
9,72,835,680,148,85,1,-1,-1,-1
10,72,835,680,148,85,1,-1,-1,-1
11,72,835,680,147,85,1,-1,-1,-1
12,72,835,680,147,85,1,-1,-1,-1
13,72,835,680,148,85,1,-1,-1,-1
14,72,835,680,148,85,1,-1,-1,-1
15,72,835,680,148,85,1,-1,-1,-1
16,72,835,680,148,85,1,-1,-1,-1
17,72,835,680,148,85,1,-1,-1,-1
18,72,835,680,148,85,1,-1,-1,-1
19,72,835,680,148,85,1,-1,-1,-1
20,72,835,680,148,85,1,-1,-1,-1
21,72,835,680,148,85,1,-1,-1,-1
22,72,835,680,148,85,1,-1,-1,-1
23,72,835,680,148,85,1,-1,-1,-1
24,72,835,680,148,85,1,-1,-1,-1
25,72,835,679,148,85,1,-1,-1,-1
26,72,835,679,148,85,1,-1,-1,-1
27,72,835,679,148,85,1,-1,-1,-1
28,72,835,679,148,85,1,-1,-1,-1
29,72,835,679,148,85,1,-1,-1,-1
30,72,835,679,148,85,1,-1,-1,-1
31,72,835,679,148,85,1,-1,-1,-1
32,72,835,680,148,85,1,-1,-1,-1
33,72,835,679,148,85,1,-1,-1,-1
34,72,835,679,148,85,1,-1,-1,-1
35,72,835,679,148,85,1,-1,-1,-1
36,72,835,679,148,85,1,-1,-1,-1
37,72,835,680,148,85,1,-1,-1,-1
38,72,835,680,148,85,1,-1,-1,-1
39,72,835,679,148,85,1,-1,-1,-1
40,72,835,679,148,85,1,-1,-1,-1
41,72,835,680,148,85,1,-1,-1,-1
42,72,835,679,148,86,1,-1,-1,-1
43,72,835,680,148,86,1,-1,-1,-1
44,72,835,680,148,86,1,-1,-1,-1
45,72,835,679,148,86,1,-1,-1,-1
46,72,835,679,148,86,1,-1,-1,-1
47,72,835,679,148,86,1,-1,-1,-1
48,72,835,679,148,86,1,-1,-1,-1
49,72,835,679,148,85,1,-1,-1,-1
50,72,835,679,148,85,1,-1,-1,-1
51,72,835,679,148,85,1,-1,-1,-1
52,72,835,679,148,85,1,-1,-1,-1
53,72,835,679,148,85,1,-1,-1,-1
54,72,835,679,148,85,1,-1,-1,-1
55,72,835,680,148,85,1,-1,-1,-1
56,72,835,680,148,85,1,-1,-1,-1
57,72,835,680,148,85,1,-1,-1,-1
58,72,835,680,148,85,1,-1,-1,-1
59,72,835,680,148,85,1,-1,-1,-1
60,72,835,680,148,85,1,-1,-1,-1
61,72,835,680,148,85,1,-1,-1,-1
62,72,835,680,148,85,1,-1,-1,-1
63,72,835,680,148,85,1,-1,-1,-1
64,72,835,680,148,85,1,-1,-1,-1
65,72,835,680,148,85,1,-1,-1,-1
66,72,835,680,148,85,1,-1,-1,-1
67,72,835,680,148,85,1,-1,-1,-1
68,72,835,680,148,85,1,-1,-1,-1
69,72,835,680,148,85,1,-1,-1,-1
70,72,835,680,148,85,1,-1,-1,-1
71,72,835,680,148,85,1,-1,-1,-1
72,72,835,680,148,85,1,-1,-1,-1
73,72,835,680,147,86,1,-1,-1,-1
74,72,835,680,147,86,1,-1,-1,-1
75,72,835,680,148,86,1,-1,-1,-1
76,72,835,680,148,86,1,-1,-1,-1
77,72,835,679,148,86,1,-1,-1,-1
78,72,835,680,148,86,1,-1,-1,-1
79,72,835,680,148,86,1,-1,-1,-1
80,72,835,680,148,86,1,-1,-1,-1
81,72,835,680,148,85,1,-1,-1,-1
82,72,835,680,148,85,1,-1,-1,-1
83,72,835,680,148,85,1,-1,-1,-1
84,72,835,680,148,85,1,-1,-1,-1
85,72,835,680,147,85,1,-1,-1,-1
86,72,835,680,147,85,1,-1,-1,-1
87,72,835,680,147,85,1,-1,-1,-1
88,72,835,680,147,85,1,-1,-1,-1
89,72,835,680,147,85,1,-1,-1,-1
90,72,835,680,147,85,1,-1,-1,-1
91,72,835,680,147,85,1,-1,-1,-1
92,72,835,680,148,85,1,-1,-1,-1
93,72,835,680,147,85,1,-1,-1,-1
94,72,835,680,147,85,1,-1,-1,-1
95,72,835,680,148,85,1,-1,-1,-1
96,72,835,680,147,85,1,-1,-1,-1
97,72,835,680,147,85,1,-1,-1,-1
98,72,835,680,147,85,1,-1,-1,-1
99,72,835,680,147,85,1,-1,-1,-1
100,72,835,680,147,85,1,-1,-1,-1
101,72,835,680,147,85,1,-1,-1,-1
102,72,835,680,147,85,1,-1,-1,-1
103,72,835,680,147,85,1,-1,-1,-1
104,72,835,680,147,85,1,-1,-1,-1
105,72,835,680,147,85,1,-1,-1,-1
106,72,835,680,147,85,1,-1,-1,-1
107,72,835,680,147,85,1,-1,-1,-1
108,72,835,680,147,85,1,-1,-1,-1
109,72,835,680,147,85,1,-1,-1,-1
110,72,835,680,147,85,1,-1,-1,-1
111,72,835,680,147,85,1,-1,-1,-1
112,72,835,680,147,85,1,-1,-1,-1
113,72,835,680,147,85,1,-1,-1,-1
114,72,835,680,147,85,1,-1,-1,-1
115,72,835,680,147,85,1,-1,-1,-1
116,72,835,680,147,85,1,-1,-1,-1
117,72,835,680,147,85,1,-1,-1,-1
118,72,835,680,147,85,1,-1,-1,-1
119,72,835,680,147,85,1,-1,-1,-1
120,72,835,680,147,85,1,-1,-1,-1
121,72,835,680,147,85,1,-1,-1,-1
122,72,835,680,147,85,1,-1,-1,-1
123,72,835,680,147,85,1,-1,-1,-1
124,72,835,680,147,85,1,-1,-1,-1
125,72,835,680,147,85,1,-1,-1,-1
126,72,835,680,147,85,1,-1,-1,-1
127,72,835,680,147,85,1,-1,-1,-1
128,72,835,680,147,85,1,-1,-1,-1
129,72,835,680,147,85,1,-1,-1,-1
130,72,835,680,147,85,1,-1,-1,-1
131,72,835,680,147,85,1,-1,-1,-1
132,72,835,680,147,85,1,-1,-1,-1
133,72,835,680,147,85,1,-1,-1,-1
134,72,835,680,147,85,1,-1,-1,-1
135,72,835,680,147,85,1,-1,-1,-1
136,72,835,680,147,85,1,-1,-1,-1
137,72,835,680,147,85,1,-1,-1,-1
138,72,835,680,147,85,1,-1,-1,-1
139,72,835,680,147,85,1,-1,-1,-1
140,72,835,680,147,85,1,-1,-1,-1
141,72,835,680,147,85,1,-1,-1,-1
142,72,835,680,147,85,1,-1,-1,-1
143,72,835,680,147,85,1,-1,-1,-1
144,72,835,680,147,85,1,-1,-1,-1
145,72,834,680,148,85,1,-1,-1,-1
146,72,834,680,148,85,1,-1,-1,-1
147,72,834,680,148,85,1,-1,-1,-1
148,72,834,680,148,85,1,-1,-1,-1
149,72,834,680,147,85,1,-1,-1,-1
150,72,834,680,147,85,1,-1,-1,-1
151,72,834,680,147,85,1,-1,-1,-1
152,72,834,680,147,85,1,-1,-1,-1
153,72,834,680,147,85,1,-1,-1,-1
154,72,834,680,147,85,1,-1,-1,-1
155,72,834,680,147,85,1,-1,-1,-1
156,72,834,680,147,85,1,-1,-1,-1
157,72,834,680,147,85,1,-1,-1,-1
158,72,834,680,147,85,1,-1,-1,-1
159,72,834,680,147,85,1,-1,-1,-1
160,72,834,680,147,85,1,-1,-1,-1
161,72,834,680,147,85,1,-1,-1,-1
162,72,834,680,147,85,1,-1,-1,-1
163,72,834,680,147,85,1,-1,-1,-1
164,72,834,680,147,85,1,-1,-1,-1
165,72,834,680,147,85,1,-1,-1,-1
166,72,834,680,147,85,1,-1,-1,-1
167,72,834,680,147,85,1,-1,-1,-1
168,72,834,680,147,85,1,-1,-1,-1
169,72,834,680,147,85,1,-1,-1,-1
170,72,834,680,147,85,1,-1,-1,-1
171,72,834,680,147,85,1,-1,-1,-1
172,72,834,680,147,85,1,-1,-1,-1
173,72,834,680,147,85,1,-1,-1,-1
174,72,834,680,147,85,1,-1,-1,-1
175,72,834,680,147,85,1,-1,-1,-1
176,72,835,680,147,85,1,-1,-1,-1
177,72,835,680,147,85,1,-1,-1,-1
178,72,834,680,147,85,1,-1,-1,-1
179,72,834,680,147,85,1,-1,-1,-1
180,72,834,680,147,85,1,-1,-1,-1
181,72,834,680,147,85,1,-1,-1,-1
182,72,834,680,147,85,1,-1,-1,-1
183,72,835,680,147,85,1,-1,-1,-1
184,72,834,680,147,85,1,-1,-1,-1
185,72,834,680,147,85,1,-1,-1,-1
186,72,834,680,147,85,1,-1,-1,-1
187,72,834,680,147,85,1,-1,-1,-1
188,72,834,680,147,85,1,-1,-1,-1
189,72,834,680,147,85,1,-1,-1,-1
190,72,835,680,148,85,1,-1,-1,-1
191,72,834,680,148,85,1,-1,-1,-1
192,72,834,680,148,85,1,-1,-1,-1
193,72,835,680,148,84,1,-1,-1,-1
194,72,835,680,148,84,1,-1,-1,-1
195,72,835,680,148,85,1,-1,-1,-1
196,72,835,680,148,85,1,-1,-1,-1
197,72,835,680,148,85,1,-1,-1,-1
198,72,835,680,148,85,1,-1,-1,-1
199,72,835,680,148,85,1,-1,-1,-1
200,72,835,680,147,85,1,-1,-1,-1
201,72,835,680,147,85,1,-1,-1,-1
202,72,835,680,147,85,1,-1,-1,-1
203,72,835,680,147,85,1,-1,-1,-1
204,72,835,680,147,85,1,-1,-1,-1
205,72,836,680,146,85,1,-1,-1,-1
206,72,836,680,146,85,1,-1,-1,-1
207,72,836,680,146,85,1,-1,-1,-1
208,72,836,680,146,85,1,-1,-1,-1
209,72,836,680,146,85,1,-1,-1,-1
210,72,836,680,146,85,1,-1,-1,-1
211,72,836,680,146,85,1,-1,-1,-1
212,72,836,680,146,85,1,-1,-1,-1
213,72,836,680,146,85,1,-1,-1,-1
214,72,836,680,146,85,1,-1,-1,-1
215,72,836,680,146,85,1,-1,-1,-1
216,72,836,680,146,85,1,-1,-1,-1
217,72,836,680,146,84,1,-1,-1,-1
218,72,836,680,146,84,1,-1,-1,-1
219,72,836,680,146,84,1,-1,-1,-1
220,72,836,680,146,84,1,-1,-1,-1
221,72,835,680,147,84,1,-1,-1,-1
222,72,835,680,147,84,1,-1,-1,-1
223,72,836,680,146,84,1,-1,-1,-1
224,72,836,680,146,84,1,-1,-1,-1
225,72,836,680,146,84,1,-1,-1,-1
226,72,836,680,146,84,1,-1,-1,-1
227,72,836,680,146,84,1,-1,-1,-1
228,72,836,680,146,84,1,-1,-1,-1
229,72,836,680,146,84,1,-1,-1,-1
230,72,836,680,146,84,1,-1,-1,-1
231,72,836,680,146,84,1,-1,-1,-1
232,72,836,680,146,84,1,-1,-1,-1
233,72,836,680,146,84,1,-1,-1,-1
234,72,836,680,146,84,1,-1,-1,-1
235,72,836,680,146,84,1,-1,-1,-1
236,72,836,680,146,84,1,-1,-1,-1
237,72,836,680,146,84,1,-1,-1,-1
238,72,836,680,146,84,1,-1,-1,-1
239,72,836,680,146,84,1,-1,-1,-1
240,72,836,680,146,84,1,-1,-1,-1
241,72,836,680,146,84,1,-1,-1,-1
242,72,836,680,146,84,1,-1,-1,-1
243,72,836,680,146,84,1,-1,-1,-1
244,72,836,680,146,84,1,-1,-1,-1
245,72,836,680,146,84,1,-1,-1,-1
246,72,836,680,146,84,1,-1,-1,-1
247,72,836,680,146,84,1,-1,-1,-1
248,72,836,680,145,84,1,-1,-1,-1
249,72,836,680,145,84,1,-1,-1,-1
250,72,835,680,147,84,1,-1,-1,-1
251,72,836,680,146,85,1,-1,-1,-1
252,72,836,680,146,85,1,-1,-1,-1
253,72,836,680,147,84,1,-1,-1,-1
254,72,836,680,147,84,1,-1,-1,-1
255,72,836,680,147,84,1,-1,-1,-1
256,72,836,680,147,84,1,-1,-1,-1
257,72,836,680,147,84,1,-1,-1,-1
258,72,836,680,147,84,1,-1,-1,-1
259,72,836,680,147,84,1,-1,-1,-1
260,72,835,680,147,84,1,-1,-1,-1
261,72,835,680,147,84,1,-1,-1,-1
262,72,835,680,147,84,1,-1,-1,-1
263,72,835,680,147,84,1,-1,-1,-1
264,72,835,680,147,85,1,-1,-1,-1
265,72,836,680,146,85,1,-1,-1,-1
266,72,836,680,146,85,1,-1,-1,-1
267,72,836,680,146,85,1,-1,-1,-1
268,72,836,680,146,85,1,-1,-1,-1
269,72,836,680,146,85,1,-1,-1,-1
270,72,836,680,146,85,1,-1,-1,-1
271,72,836,680,146,85,1,-1,-1,-1
272,72,836,680,146,85,1,-1,-1,-1
273,72,836,680,146,85,1,-1,-1,-1
274,72,836,680,146,85,1,-1,-1,-1
275,72,836,680,146,85,1,-1,-1,-1
276,72,836,680,146,85,1,-1,-1,-1
277,72,835,680,147,85,1,-1,-1,-1
278,72,835,680,147,85,1,-1,-1,-1
279,72,835,680,147,85,1,-1,-1,-1
280,72,835,680,147,85,1,-1,-1,-1
281,72,835,680,147,85,1,-1,-1,-1
282,72,835,680,147,85,1,-1,-1,-1
283,72,835,680,147,85,1,-1,-1,-1
284,72,835,680,147,85,1,-1,-1,-1
285,72,835,680,147,85,1,-1,-1,-1
286,72,835,680,147,85,1,-1,-1,-1
287,72,835,680,147,85,1,-1,-1,-1
288,72,835,680,147,85,1,-1,-1,-1
289,72,836,680,146,85,1,-1,-1,-1
290,72,836,680,146,85,1,-1,-1,-1
291,72,836,680,146,85,1,-1,-1,-1
292,72,836,680,146,85,1,-1,-1,-1
293,72,836,680,146,85,1,-1,-1,-1
294,72,836,680,146,85,1,-1,-1,-1
295,72,836,680,146,85,1,-1,-1,-1
296,72,836,680,146,85,1,-1,-1,-1
297,72,835,680,147,85,1,-1,-1,-1
298,72,836,680,146,85,1,-1,-1,-1
299,72,835,680,147,85,1,-1,-1,-1
300,72,836,680,146,85,1,-1,-1,-1
301,72,836,680,146,85,1,-1,-1,-1
302,72,836,680,146,85,1,-1,-1,-1
303,72,836,680,146,85,1,-1,-1,-1
304,72,836,680,146,85,1,-1,-1,-1
305,72,836,680,146,85,1,-1,-1,-1
306,72,836,680,146,85,1,-1,-1,-1
307,72,836,680,146,85,1,-1,-1,-1
308,72,836,680,146,85,1,-1,-1,-1
309,72,836,680,146,85,1,-1,-1,-1
310,72,836,680,146,85,1,-1,-1,-1
311,72,836,680,146,85,1,-1,-1,-1
312,72,836,680,146,85,1,-1,-1,-1
313,72,836,680,146,84,1,-1,-1,-1
314,72,836,680,146,84,1,-1,-1,-1
315,72,835,680,147,84,1,-1,-1,-1
316,72,836,680,146,84,1,-1,-1,-1
317,72,836,680,146,85,1,-1,-1,-1
318,72,836,680,146,85,1,-1,-1,-1
319,72,836,680,146,85,1,-1,-1,-1
320,72,836,680,146,84,1,-1,-1,-1
321,72,836,680,146,84,1,-1,-1,-1
322,72,835,680,146,84,1,-1,-1,-1
323,72,835,680,146,84,1,-1,-1,-1
324,72,835,680,146,85,1,-1,-1,-1
325,72,836,680,146,85,1,-1,-1,-1
326,72,836,680,146,85,1,-1,-1,-1
327,72,836,680,146,85,1,-1,-1,-1
328,72,836,680,146,85,1,-1,-1,-1
329,72,836,680,146,85,1,-1,-1,-1
330,72,836,680,146,85,1,-1,-1,-1
331,72,836,680,146,85,1,-1,-1,-1
332,72,836,680,146,85,1,-1,-1,-1
333,72,836,680,146,85,1,-1,-1,-1
334,72,836,680,146,85,1,-1,-1,-1
335,72,836,680,146,85,1,-1,-1,-1
336,72,836,680,146,85,1,-1,-1,-1
337,72,835,680,146,84,1,-1,-1,-1
338,72,835,680,146,84,1,-1,-1,-1
339,72,835,680,146,85,1,-1,-1,-1
340,72,835,680,146,85,1,-1,-1,-1
341,72,835,680,146,84,1,-1,-1,-1
342,72,835,680,146,84,1,-1,-1,-1
343,72,835,680,147,85,1,-1,-1,-1
344,72,835,680,147,85,1,-1,-1,-1
345,72,835,680,147,85,1,-1,-1,-1
346,72,835,680,147,85,1,-1,-1,-1
347,72,835,680,147,85,1,-1,-1,-1
348,72,835,680,147,85,1,-1,-1,-1
349,72,835,680,148,85,1,-1,-1,-1
350,72,835,680,148,85,1,-1,-1,-1
351,72,835,680,148,85,1,-1,-1,-1
352,72,835,680,148,85,1,-1,-1,-1
353,72,835,680,148,85,1,-1,-1,-1
354,72,835,680,148,85,1,-1,-1,-1
355,72,835,680,148,85,1,-1,-1,-1
356,72,835,680,148,85,1,-1,-1,-1
357,72,835,680,148,85,1,-1,-1,-1
358,72,835,680,148,85,1,-1,-1,-1
359,72,835,680,148,85,1,-1,-1,-1
360,72,835,680,148,85,1,-1,-1,-1
361,72,835,680,148,85,1,-1,-1,-1
362,72,835,680,148,85,1,-1,-1,-1
363,72,835,680,147,85,1,-1,-1,-1
364,72,835,680,147,85,1,-1,-1,-1
365,72,835,680,147,85,1,-1,-1,-1
366,72,835,680,147,85,1,-1,-1,-1
367,72,835,680,147,85,1,-1,-1,-1
368,72,835,680,147,85,1,-1,-1,-1
369,72,835,680,147,85,1,-1,-1,-1
370,72,835,680,147,85,1,-1,-1,-1
371,72,835,679,147,85,1,-1,-1,-1
372,72,835,680,147,85,1,-1,-1,-1
373,72,835,679,146,86,1,-1,-1,-1
374,72,835,679,146,86,1,-1,-1,-1
375,72,836,679,146,86,1,-1,-1,-1
376,72,836,679,146,86,1,-1,-1,-1
377,72,836,679,146,86,1,-1,-1,-1
378,72,836,679,146,86,1,-1,-1,-1
379,72,836,679,146,86,1,-1,-1,-1
380,72,836,679,146,86,1,-1,-1,-1
381,72,836,679,146,86,1,-1,-1,-1
382,72,836,679,146,86,1,-1,-1,-1
383,72,836,679,146,86,1,-1,-1,-1
384,72,836,679,146,86,1,-1,-1,-1
385,72,836,679,146,86,1,-1,-1,-1
386,72,836,679,146,86,1,-1,-1,-1
387,72,835,679,147,86,1,-1,-1,-1
388,72,835,679,147,86,1,-1,-1,-1
389,72,835,679,147,86,1,-1,-1,-1
390,72,835,679,147,86,1,-1,-1,-1
391,72,835,679,147,86,1,-1,-1,-1
392,72,835,679,147,86,1,-1,-1,-1
393,72,835,679,147,86,1,-1,-1,-1
394,72,835,679,147,86,1,-1,-1,-1
395,72,835,679,147,86,1,-1,-1,-1
396,72,835,679,147,86,1,-1,-1,-1
397,72,836,679,146,86,1,-1,-1,-1
398,72,836,679,146,86,1,-1,-1,-1
399,72,836,679,146,86,1,-1,-1,-1
400,72,836,679,146,86,1,-1,-1,-1
401,72,836,679,146,86,1,-1,-1,-1
402,72,836,679,146,86,1,-1,-1,-1
403,72,836,679,146,86,1,-1,-1,-1
404,72,836,679,146,86,1,-1,-1,-1
405,72,836,679,146,86,1,-1,-1,-1
406,72,836,679,146,86,1,-1,-1,-1
407,72,836,679,146,86,1,-1,-1,-1
408,72,836,679,146,86,1,-1,-1,-1
409,72,836,679,146,86,1,-1,-1,-1
410,72,836,679,146,86,1,-1,-1,-1
411,72,836,679,146,86,1,-1,-1,-1
412,72,836,679,146,86,1,-1,-1,-1
413,72,836,679,146,86,1,-1,-1,-1
414,72,836,679,146,86,1,-1,-1,-1
415,72,836,679,146,86,1,-1,-1,-1
416,72,836,679,146,86,1,-1,-1,-1
417,72,836,679,146,86,1,-1,-1,-1
418,72,836,679,146,86,1,-1,-1,-1
419,72,836,679,146,86,1,-1,-1,-1
420,72,836,679,146,86,1,-1,-1,-1
421,72,836,679,146,86,1,-1,-1,-1
422,72,836,679,146,86,1,-1,-1,-1
423,72,835,680,146,86,1,-1,-1,-1
424,72,835,680,146,86,1,-1,-1,-1
425,72,835,680,146,85,1,-1,-1,-1
426,72,835,680,148,85,1,-1,-1,-1
427,72,835,680,148,85,1,-1,-1,-1
428,72,835,680,148,85,1,-1,-1,-1
429,72,835,680,148,85,1,-1,-1,-1
430,72,835,680,146,86,1,-1,-1,-1
431,72,835,680,146,86,1,-1,-1,-1
432,72,835,680,146,86,1,-1,-1,-1
433,72,835,680,148,85,1,-1,-1,-1
434,72,835,680,149,85,1,-1,-1,-1
435,72,835,680,149,85,1,-1,-1,-1
436,72,835,680,148,85,1,-1,-1,-1
437,72,835,680,148,85,1,-1,-1,-1
438,72,835,680,148,85,1,-1,-1,-1
439,72,835,680,148,85,1,-1,-1,-1
440,72,835,680,147,85,1,-1,-1,-1
441,72,835,680,148,85,1,-1,-1,-1
442,72,835,680,148,85,1,-1,-1,-1
443,72,835,680,151,83,1,-1,-1,-1
444,72,835,680,150,83,1,-1,-1,-1
445,72,835,680,152,83,1,-1,-1,-1
446,72,834,680,145,82,1,-1,-1,-1
447,72,835,680,141,83,1,-1,-1,-1
448,72,835,680,136,82,1,-1,-1,-1
465,72,835,679,149,93,1,-1,-1,-1
466,72,835,679,148,88,1,-1,-1,-1
467,72,835,680,146,86,1,-1,-1,-1
468,72,835,680,146,85,1,-1,-1,-1
469,72,835,679,147,85,1,-1,-1,-1
470,72,835,681,147,83,1,-1,-1,-1
471,72,834,682,147,82,1,-1,-1,-1
472,72,834,680,148,85,1,-1,-1,-1
473,72,834,680,147,86,1,-1,-1,-1
474,72,833,680,148,85,1,-1,-1,-1
475,72,835,678,147,87,1,-1,-1,-1
476,72,835,678,146,87,1,-1,-1,-1
477,72,836,678,146,87,1,-1,-1,-1
478,72,837,678,145,86,1,-1,-1,-1
479,72,832,679,150,86,1,-1,-1,-1
480,72,822,679,160,86,1,-1,-1,-1
481,72,815,679,167,86,1,-1,-1,-1
482,72,813,679,169,86,1,-1,-1,-1
483,72,811,679,170,85,1,-1,-1,-1
484,72,811,679,170,85,1,-1,-1,-1
485,72,808,679,173,85,1,-1,-1,-1
486,72,794,679,187,85,1,-1,-1,-1
487,72,833,679,149,85,1,-1,-1,-1
488,72,833,679,149,85,1,-1,-1,-1
489,72,834,679,148,85,1,-1,-1,-1
490,72,834,679,149,85,1,-1,-1,-1
491,72,834,679,148,85,1,-1,-1,-1
492,72,835,680,148,85,1,-1,-1,-1
493,72,834,680,149,85,1,-1,-1,-1
494,72,834,680,148,85,1,-1,-1,-1
495,72,835,680,148,85,1,-1,-1,-1
496,72,835,680,148,85,1,-1,-1,-1
497,72,835,680,148,85,1,-1,-1,-1
498,72,835,680,148,85,1,-1,-1,-1
499,72,835,680,148,85,1,-1,-1,-1
500,72,835,680,148,85,1,-1,-1,-1
501,72,835,679,148,85,1,-1,-1,-1
502,72,835,679,148,85,1,-1,-1,-1
503,72,835,680,148,85,1,-1,-1,-1
504,72,835,680,148,85,1,-1,-1,-1
505,72,835,680,148,84,1,-1,-1,-1
506,72,835,680,148,84,1,-1,-1,-1
507,72,835,680,148,85,1,-1,-1,-1
508,72,835,680,148,85,1,-1,-1,-1
509,72,835,680,148,85,1,-1,-1,-1
510,72,835,680,148,84,1,-1,-1,-1
511,72,835,680,148,85,1,-1,-1,-1
512,72,835,680,148,85,1,-1,-1,-1
513,72,835,680,148,85,1,-1,-1,-1
514,72,835,680,147,85,1,-1,-1,-1
515,72,835,680,147,85,1,-1,-1,-1
516,72,835,680,147,85,1,-1,-1,-1
517,72,836,680,147,85,1,-1,-1,-1
518,72,836,680,147,85,1,-1,-1,-1
519,72,835,680,147,84,1,-1,-1,-1
520,72,835,680,147,84,1,-1,-1,-1
521,72,835,680,147,85,1,-1,-1,-1
522,72,835,680,147,85,1,-1,-1,-1
523,72,835,680,147,84,1,-1,-1,-1
524,72,835,680,147,85,1,-1,-1,-1
525,72,835,680,147,85,1,-1,-1,-1
526,72,835,680,147,85,1,-1,-1,-1
527,72,835,680,147,85,1,-1,-1,-1
528,72,835,680,147,85,1,-1,-1,-1
529,72,835,680,147,85,1,-1,-1,-1
530,72,835,680,147,85,1,-1,-1,-1
531,72,835,680,147,84,1,-1,-1,-1
532,72,835,680,147,84,1,-1,-1,-1
533,72,835,680,147,84,1,-1,-1,-1
534,72,835,679,147,85,1,-1,-1,-1
535,72,836,679,147,85,1,-1,-1,-1
536,72,836,679,146,85,1,-1,-1,-1
537,72,836,679,146,85,1,-1,-1,-1
538,72,836,679,146,85,1,-1,-1,-1
539,72,836,679,146,85,1,-1,-1,-1
540,72,836,679,146,85,1,-1,-1,-1
541,72,835,680,147,85,1,-1,-1,-1
542,72,835,680,147,85,1,-1,-1,-1
543,72,835,680,147,85,1,-1,-1,-1
544,72,835,680,147,85,1,-1,-1,-1
545,72,835,680,147,85,1,-1,-1,-1
546,72,835,680,147,85,1,-1,-1,-1
547,72,835,680,147,85,1,-1,-1,-1
548,72,835,680,147,85,1,-1,-1,-1
549,72,835,680,147,85,1,-1,-1,-1
550,72,835,680,147,85,1,-1,-1,-1
551,72,835,680,147,85,1,-1,-1,-1
552,72,835,680,147,85,1,-1,-1,-1
553,72,835,679,147,85,1,-1,-1,-1
554,72,835,679,147,85,1,-1,-1,-1
555,72,835,679,147,85,1,-1,-1,-1
556,72,835,679,147,85,1,-1,-1,-1
557,72,835,679,147,85,1,-1,-1,-1
558,72,835,679,147,85,1,-1,-1,-1
559,72,835,679,147,85,1,-1,-1,-1
560,72,835,679,147,85,1,-1,-1,-1
561,72,835,679,147,85,1,-1,-1,-1
562,72,835,679,147,85,1,-1,-1,-1
563,72,835,679,147,85,1,-1,-1,-1
564,72,835,679,147,85,1,-1,-1,-1
565,72,835,680,147,84,1,-1,-1,-1
566,72,835,679,147,85,1,-1,-1,-1
567,72,835,679,147,85,1,-1,-1,-1
568,72,835,679,147,85,1,-1,-1,-1
569,72,835,679,147,85,1,-1,-1,-1
570,72,835,679,147,85,1,-1,-1,-1
571,72,835,679,147,85,1,-1,-1,-1
572,72,835,679,147,85,1,-1,-1,-1
573,72,835,679,147,85,1,-1,-1,-1
574,72,835,679,147,85,1,-1,-1,-1
575,72,835,679,147,85,1,-1,-1,-1
576,72,835,679,147,85,1,-1,-1,-1
577,72,835,680,147,85,1,-1,-1,-1
578,72,835,680,147,85,1,-1,-1,-1
579,72,835,680,147,85,1,-1,-1,-1
580,72,835,680,147,85,1,-1,-1,-1
581,72,835,680,148,85,1,-1,-1,-1
582,72,835,680,148,85,1,-1,-1,-1
583,72,835,680,147,85,1,-1,-1,-1
584,72,835,680,147,85,1,-1,-1,-1
585,72,835,680,147,85,1,-1,-1,-1
586,72,835,680,148,85,1,-1,-1,-1
587,72,835,680,148,85,1,-1,-1,-1
588,72,835,680,148,85,1,-1,-1,-1
589,72,835,679,147,85,1,-1,-1,-1
590,72,835,679,148,85,1,-1,-1,-1
591,72,835,679,147,85,1,-1,-1,-1
592,72,835,679,147,85,1,-1,-1,-1
593,72,835,679,148,85,1,-1,-1,-1
594,72,835,680,148,85,1,-1,-1,-1
595,72,835,680,147,85,1,-1,-1,-1
596,72,835,680,147,85,1,-1,-1,-1
597,72,835,680,147,85,1,-1,-1,-1
598,72,835,680,147,85,1,-1,-1,-1
599,72,835,680,147,85,1,-1,-1,-1
600,72,835,680,147,85,1,-1,-1,-1
601,72,835,680,147,85,1,-1,-1,-1
602,72,835,680,147,85,1,-1,-1,-1
603,72,835,680,147,85,1,-1,-1,-1
604,72,835,679,147,85,1,-1,-1,-1
605,72,835,679,147,85,1,-1,-1,-1
606,72,835,679,147,85,1,-1,-1,-1
607,72,835,679,147,85,1,-1,-1,-1
608,72,835,679,147,85,1,-1,-1,-1
609,72,835,679,147,85,1,-1,-1,-1
610,72,835,679,147,85,1,-1,-1,-1
611,72,835,679,147,85,1,-1,-1,-1
612,72,835,679,147,85,1,-1,-1,-1
613,72,835,680,148,86,1,-1,-1,-1
614,72,835,680,148,86,1,-1,-1,-1
615,72,835,680,148,86,1,-1,-1,-1
616,72,835,680,148,86,1,-1,-1,-1
617,72,835,680,148,86,1,-1,-1,-1
618,72,835,680,148,86,1,-1,-1,-1
619,72,835,679,148,85,1,-1,-1,-1
620,72,835,679,148,85,1,-1,-1,-1
621,72,835,679,148,85,1,-1,-1,-1
622,72,835,679,148,85,1,-1,-1,-1
623,72,835,679,148,86,1,-1,-1,-1
624,72,835,679,148,86,1,-1,-1,-1
625,72,835,680,146,85,1,-1,-1,-1
626,72,835,680,146,85,1,-1,-1,-1
627,72,835,680,146,85,1,-1,-1,-1
628,72,835,680,146,85,1,-1,-1,-1
629,72,835,680,146,85,1,-1,-1,-1
630,72,835,680,146,85,1,-1,-1,-1
631,72,835,680,147,85,1,-1,-1,-1
632,72,835,680,146,85,1,-1,-1,-1
633,72,835,680,146,85,1,-1,-1,-1
634,72,835,680,148,85,1,-1,-1,-1
635,72,835,680,147,86,1,-1,-1,-1
636,72,835,680,147,86,1,-1,-1,-1
637,72,835,680,148,85,1,-1,-1,-1
638,72,835,680,148,85,1,-1,-1,-1
639,72,835,680,148,85,1,-1,-1,-1
640,72,835,680,148,85,1,-1,-1,-1
641,72,835,680,148,85,1,-1,-1,-1
642,72,835,680,148,85,1,-1,-1,-1
643,72,835,680,148,85,1,-1,-1,-1
644,72,835,680,148,85,1,-1,-1,-1
645,72,835,680,148,85,1,-1,-1,-1
646,72,835,680,148,85,1,-1,-1,-1
647,72,835,680,148,85,1,-1,-1,-1
648,72,835,680,148,85,1,-1,-1,-1
649,72,835,680,147,86,1,-1,-1,-1
650,72,835,680,147,86,1,-1,-1,-1
651,72,834,680,148,85,1,-1,-1,-1
652,72,835,680,147,86,1,-1,-1,-1
653,72,835,680,147,86,1,-1,-1,-1
654,72,835,680,147,85,1,-1,-1,-1
655,72,834,680,148,85,1,-1,-1,-1
656,72,834,680,148,85,1,-1,-1,-1
657,72,834,680,148,85,1,-1,-1,-1
658,72,834,680,148,85,1,-1,-1,-1
659,72,834,680,148,85,1,-1,-1,-1
660,72,834,680,148,85,1,-1,-1,-1
661,72,835,681,147,85,1,-1,-1,-1
662,72,835,681,147,85,1,-1,-1,-1
663,72,835,681,147,85,1,-1,-1,-1
664,72,835,681,147,85,1,-1,-1,-1
665,72,834,680,148,85,1,-1,-1,-1
666,72,834,680,148,85,1,-1,-1,-1
667,72,834,680,148,85,1,-1,-1,-1
668,72,834,680,148,85,1,-1,-1,-1
669,72,834,680,148,85,1,-1,-1,-1
670,72,834,680,148,85,1,-1,-1,-1
671,72,834,680,148,85,1,-1,-1,-1
672,72,834,680,148,85,1,-1,-1,-1
673,72,834,680,148,85,1,-1,-1,-1
674,72,834,680,148,85,1,-1,-1,-1
675,72,835,680,148,84,1,-1,-1,-1
676,72,835,680,148,84,1,-1,-1,-1
677,72,835,680,148,84,1,-1,-1,-1
678,72,835,680,148,84,1,-1,-1,-1
679,72,835,680,148,84,1,-1,-1,-1
680,72,835,680,148,84,1,-1,-1,-1
681,72,835,680,148,84,1,-1,-1,-1
682,72,835,680,148,84,1,-1,-1,-1
683,72,835,680,148,84,1,-1,-1,-1
684,72,835,680,148,84,1,-1,-1,-1
685,72,835,681,147,84,1,-1,-1,-1
686,72,835,681,147,84,1,-1,-1,-1
687,72,835,681,147,84,1,-1,-1,-1
688,72,835,681,147,84,1,-1,-1,-1
689,72,835,681,147,84,1,-1,-1,-1
690,72,835,681,147,84,1,-1,-1,-1
691,72,835,681,147,84,1,-1,-1,-1
692,72,835,681,147,84,1,-1,-1,-1
693,72,835,681,147,84,1,-1,-1,-1
694,72,835,681,147,84,1,-1,-1,-1
695,72,835,680,147,84,1,-1,-1,-1
696,72,835,680,146,84,1,-1,-1,-1
697,72,836,680,146,84,1,-1,-1,-1
698,72,836,680,146,84,1,-1,-1,-1
699,72,836,680,146,85,1,-1,-1,-1
700,72,836,680,146,85,1,-1,-1,-1
701,72,836,680,146,85,1,-1,-1,-1
702,72,836,680,146,85,1,-1,-1,-1
703,72,836,680,146,85,1,-1,-1,-1
704,72,836,680,146,84,1,-1,-1,-1
705,72,836,680,146,85,1,-1,-1,-1
706,72,835,680,147,84,1,-1,-1,-1
707,72,835,680,147,84,1,-1,-1,-1
708,72,835,680,147,84,1,-1,-1,-1
709,72,835,680,148,84,1,-1,-1,-1
710,72,835,680,148,84,1,-1,-1,-1
711,72,835,680,148,84,1,-1,-1,-1
712,72,835,680,148,84,1,-1,-1,-1
713,72,835,680,148,84,1,-1,-1,-1
714,72,835,680,148,84,1,-1,-1,-1
715,72,835,680,148,84,1,-1,-1,-1
716,72,835,680,148,84,1,-1,-1,-1
717,72,835,681,148,84,1,-1,-1,-1
718,72,835,681,148,84,1,-1,-1,-1
719,72,835,681,148,84,1,-1,-1,-1
720,72,835,681,148,84,1,-1,-1,-1
721,72,835,681,148,84,1,-1,-1,-1
722,72,835,681,148,84,1,-1,-1,-1
723,72,835,681,148,84,1,-1,-1,-1
724,72,835,681,147,84,1,-1,-1,-1
725,72,835,681,147,84,1,-1,-1,-1
726,72,835,681,147,84,1,-1,-1,-1
727,72,835,681,147,84,1,-1,-1,-1
728,72,835,681,147,84,1,-1,-1,-1
729,72,835,681,147,84,1,-1,-1,-1
730,72,835,681,147,84,1,-1,-1,-1
731,72,835,681,147,85,1,-1,-1,-1
732,72,835,681,147,85,1,-1,-1,-1
733,72,835,681,147,84,1,-1,-1,-1
734,72,835,681,147,84,1,-1,-1,-1
735,72,835,680,148,85,1,-1,-1,-1
736,72,835,680,148,85,1,-1,-1,-1
737,72,835,680,148,85,1,-1,-1,-1
738,72,835,680,148,85,1,-1,-1,-1
739,72,835,680,148,85,1,-1,-1,-1
740,72,835,680,148,85,1,-1,-1,-1
741,72,835,680,148,85,1,-1,-1,-1
742,72,834,680,149,85,1,-1,-1,-1
743,72,835,680,148,85,1,-1,-1,-1
744,72,835,680,148,85,1,-1,-1,-1
745,72,835,680,148,85,1,-1,-1,-1
746,72,835,680,148,85,1,-1,-1,-1
747,72,835,680,147,84,1,-1,-1,-1
748,72,835,680,147,84,1,-1,-1,-1
749,72,835,680,147,84,1,-1,-1,-1
750,72,835,680,147,84,1,-1,-1,-1
751,72,835,680,147,84,1,-1,-1,-1
752,72,835,680,147,85,1,-1,-1,-1
753,72,835,680,147,85,1,-1,-1,-1
754,72,835,680,147,85,1,-1,-1,-1
755,72,835,680,147,85,1,-1,-1,-1
756,72,835,680,147,84,1,-1,-1,-1
757,72,835,679,148,85,1,-1,-1,-1
758,72,835,679,147,85,1,-1,-1,-1
759,72,835,679,147,85,1,-1,-1,-1
760,72,835,679,148,85,1,-1,-1,-1
761,72,835,680,148,85,1,-1,-1,-1
762,72,835,680,148,85,1,-1,-1,-1
763,72,835,679,148,85,1,-1,-1,-1
764,72,835,679,148,85,1,-1,-1,-1
765,72,835,679,148,85,1,-1,-1,-1
766,72,835,679,148,85,1,-1,-1,-1
767,72,835,680,147,85,1,-1,-1,-1
768,72,835,680,147,85,1,-1,-1,-1
769,72,836,680,147,84,1,-1,-1,-1
770,72,835,680,147,84,1,-1,-1,-1
771,72,836,680,147,84,1,-1,-1,-1
772,72,836,680,147,84,1,-1,-1,-1
773,72,835,680,147,84,1,-1,-1,-1
774,72,836,680,147,84,1,-1,-1,-1
775,72,836,680,147,84,1,-1,-1,-1
776,72,836,680,147,84,1,-1,-1,-1
777,72,835,680,147,84,1,-1,-1,-1
778,72,835,680,147,84,1,-1,-1,-1
779,72,835,680,147,84,1,-1,-1,-1
780,72,835,680,147,84,1,-1,-1,-1
781,72,836,680,146,84,1,-1,-1,-1
782,72,836,680,146,85,1,-1,-1,-1
783,72,836,680,146,85,1,-1,-1,-1
784,72,836,680,146,85,1,-1,-1,-1
785,72,836,680,146,85,1,-1,-1,-1
786,72,836,680,146,85,1,-1,-1,-1
787,72,836,680,146,85,1,-1,-1,-1
788,72,836,680,146,85,1,-1,-1,-1
789,72,836,680,146,85,1,-1,-1,-1
790,72,836,680,146,85,1,-1,-1,-1
791,72,836,680,146,84,1,-1,-1,-1
792,72,836,680,146,84,1,-1,-1,-1
793,72,836,681,146,84,1,-1,-1,-1
794,72,835,681,146,84,1,-1,-1,-1
795,72,835,681,146,84,1,-1,-1,-1
796,72,835,680,147,84,1,-1,-1,-1
797,72,835,680,147,84,1,-1,-1,-1
798,72,835,680,147,84,1,-1,-1,-1
799,72,835,680,148,84,1,-1,-1,-1
800,72,835,680,148,84,1,-1,-1,-1
801,72,835,681,148,84,1,-1,-1,-1
802,72,835,680,147,84,1,-1,-1,-1
803,72,835,680,147,84,1,-1,-1,-1
804,72,835,680,147,84,1,-1,-1,-1
805,72,836,680,146,85,1,-1,-1,-1
806,72,836,680,146,85,1,-1,-1,-1
807,72,835,680,148,84,1,-1,-1,-1
808,72,835,680,148,84,1,-1,-1,-1
809,72,835,680,148,84,1,-1,-1,-1
810,72,835,680,148,84,1,-1,-1,-1
811,72,835,680,148,84,1,-1,-1,-1
812,72,835,680,148,84,1,-1,-1,-1
813,72,835,680,148,84,1,-1,-1,-1
814,72,835,680,148,84,1,-1,-1,-1
815,72,835,680,148,84,1,-1,-1,-1
816,72,835,680,148,84,1,-1,-1,-1
817,72,834,680,148,85,1,-1,-1,-1
818,72,835,680,148,85,1,-1,-1,-1
819,72,835,680,148,85,1,-1,-1,-1
820,72,835,680,148,85,1,-1,-1,-1
821,72,835,680,148,85,1,-1,-1,-1
822,72,834,680,148,85,1,-1,-1,-1
823,72,835,680,148,85,1,-1,-1,-1
824,72,835,680,148,85,1,-1,-1,-1
825,72,835,679,148,85,1,-1,-1,-1
826,72,835,680,148,85,1,-1,-1,-1
827,72,835,680,148,85,1,-1,-1,-1
828,72,835,680,148,85,1,-1,-1,-1
829,72,835,680,148,85,1,-1,-1,-1
830,72,835,680,148,85,1,-1,-1,-1
831,72,835,679,148,86,1,-1,-1,-1
832,72,835,679,148,86,1,-1,-1,-1
833,72,835,679,148,86,1,-1,-1,-1
834,72,835,679,148,86,1,-1,-1,-1
835,72,835,679,148,86,1,-1,-1,-1
836,72,835,679,148,86,1,-1,-1,-1
837,72,835,680,148,85,1,-1,-1,-1
838,72,835,680,148,85,1,-1,-1,-1
839,72,835,680,148,85,1,-1,-1,-1
840,72,835,680,148,85,1,-1,-1,-1
841,72,835,680,148,85,1,-1,-1,-1
842,72,835,680,148,85,1,-1,-1,-1
843,72,835,680,148,85,1,-1,-1,-1
844,72,834,680,148,85,1,-1,-1,-1
845,72,834,680,148,85,1,-1,-1,-1
846,72,834,680,148,85,1,-1,-1,-1
847,72,834,680,148,85,1,-1,-1,-1
848,72,834,680,149,85,1,-1,-1,-1
849,72,834,680,148,85,1,-1,-1,-1
850,72,834,680,149,85,1,-1,-1,-1
851,72,835,679,148,85,1,-1,-1,-1
852,72,835,679,148,86,1,-1,-1,-1
853,72,835,679,147,86,1,-1,-1,-1
854,72,835,679,148,86,1,-1,-1,-1
855,72,835,679,148,86,1,-1,-1,-1
856,72,835,679,148,86,1,-1,-1,-1
857,72,835,679,147,86,1,-1,-1,-1
858,72,835,679,148,86,1,-1,-1,-1
859,72,835,679,148,86,1,-1,-1,-1
860,72,835,679,147,86,1,-1,-1,-1
861,72,835,679,148,86,1,-1,-1,-1
862,72,835,679,148,86,1,-1,-1,-1
863,72,835,680,148,85,1,-1,-1,-1
864,72,835,680,148,85,1,-1,-1,-1
865,72,835,680,148,85,1,-1,-1,-1
866,72,835,680,148,85,1,-1,-1,-1
867,72,835,680,148,85,1,-1,-1,-1
868,72,835,680,148,85,1,-1,-1,-1
869,72,835,680,147,85,1,-1,-1,-1
870,72,835,680,147,85,1,-1,-1,-1
871,72,835,680,147,85,1,-1,-1,-1
872,72,835,680,147,85,1,-1,-1,-1
873,72,835,680,147,87,1,-1,-1,-1
874,72,836,680,148,83,1,-1,-1,-1
875,72,835,680,150,81,1,-1,-1,-1
876,72,835,680,148,85,1,-1,-1,-1
877,72,835,680,148,85,1,-1,-1,-1
878,72,835,680,148,86,1,-1,-1,-1
879,72,835,680,148,86,1,-1,-1,-1
880,72,834,680,148,85,1,-1,-1,-1
881,72,834,680,148,85,1,-1,-1,-1
882,72,834,680,148,85,1,-1,-1,-1
883,72,834,680,147,86,1,-1,-1,-1
884,72,833,680,149,85,1,-1,-1,-1
885,72,836,681,146,85,1,-1,-1,-1
886,72,834,681,148,86,1,-1,-1,-1
887,72,836,680,147,87,1,-1,-1,-1
888,72,835,679,146,88,1,-1,-1,-1
889,72,835,679,146,90,1,-1,-1,-1
890,72,835,680,145,86,1,-1,-1,-1
891,72,835,680,152,90,1,-1,-1,-1
892,72,836,680,165,92,1,-1,-1,-1
893,72,835,680,149,85,1,-1,-1,-1
894,72,835,680,147,86,1,-1,-1,-1
895,72,835,680,147,86,1,-1,-1,-1
896,72,836,680,146,86,1,-1,-1,-1
897,72,835,680,147,85,1,-1,-1,-1
898,72,836,680,146,86,1,-1,-1,-1
899,72,835,680,147,85,1,-1,-1,-1
900,72,835,680,147,85,1,-1,-1,-1
901,72,835,680,146,86,1,-1,-1,-1
902,72,835,680,147,85,1,-1,-1,-1
903,72,835,680,146,86,1,-1,-1,-1
904,72,835,680,146,86,1,-1,-1,-1
905,72,835,680,146,85,1,-1,-1,-1
906,72,836,680,146,85,1,-1,-1,-1
907,72,836,680,146,85,1,-1,-1,-1
908,72,836,680,146,85,1,-1,-1,-1
909,72,835,680,146,85,1,-1,-1,-1
910,72,836,680,146,85,1,-1,-1,-1
911,72,835,680,146,85,1,-1,-1,-1
912,72,835,680,146,85,1,-1,-1,-1
913,72,835,680,146,85,1,-1,-1,-1
914,72,835,680,147,85,1,-1,-1,-1
915,72,835,680,146,85,1,-1,-1,-1
916,72,835,680,147,85,1,-1,-1,-1
917,72,835,680,147,85,1,-1,-1,-1
918,72,835,680,146,85,1,-1,-1,-1
919,72,835,680,146,85,1,-1,-1,-1
920,72,835,680,146,85,1,-1,-1,-1
921,72,835,680,146,85,1,-1,-1,-1
922,72,835,680,146,85,1,-1,-1,-1
923,72,835,680,146,85,1,-1,-1,-1
924,72,835,680,146,85,1,-1,-1,-1
925,72,835,680,146,85,1,-1,-1,-1
926,72,835,680,146,85,1,-1,-1,-1
927,72,835,680,146,85,1,-1,-1,-1
928,72,835,680,146,85,1,-1,-1,-1
929,72,835,680,147,85,1,-1,-1,-1
930,72,835,680,147,85,1,-1,-1,-1
931,72,835,680,147,85,1,-1,-1,-1
932,72,835,680,147,85,1,-1,-1,-1
933,72,835,680,147,85,1,-1,-1,-1
934,72,835,680,147,85,1,-1,-1,-1
935,72,835,680,147,86,1,-1,-1,-1
936,72,835,680,147,85,1,-1,-1,-1
937,72,835,679,148,85,1,-1,-1,-1
938,72,835,679,148,85,1,-1,-1,-1
939,72,835,680,148,85,1,-1,-1,-1
940,72,835,680,148,85,1,-1,-1,-1
941,72,835,680,148,85,1,-1,-1,-1
942,72,835,680,148,85,1,-1,-1,-1
943,72,835,680,148,85,1,-1,-1,-1
944,72,835,680,148,85,1,-1,-1,-1
945,72,835,680,148,85,1,-1,-1,-1
946,72,835,680,148,85,1,-1,-1,-1
947,72,835,680,148,85,1,-1,-1,-1
948,72,835,680,148,85,1,-1,-1,-1
949,72,835,680,147,84,1,-1,-1,-1
950,72,835,680,147,84,1,-1,-1,-1
951,72,835,680,147,84,1,-1,-1,-1
952,72,835,680,147,84,1,-1,-1,-1
953,72,835,680,147,85,1,-1,-1,-1
954,72,835,680,148,85,1,-1,-1,-1
955,72,835,680,147,85,1,-1,-1,-1
956,72,835,680,147,85,1,-1,-1,-1
957,72,835,680,147,85,1,-1,-1,-1
958,72,835,680,148,85,1,-1,-1,-1
959,72,835,680,147,85,1,-1,-1,-1
960,72,835,680,147,85,1,-1,-1,-1
961,72,835,679,147,86,1,-1,-1,-1
962,72,835,679,147,86,1,-1,-1,-1
963,72,835,679,147,85,1,-1,-1,-1
964,72,835,679,147,85,1,-1,-1,-1
965,72,835,679,147,85,1,-1,-1,-1
966,72,835,679,147,85,1,-1,-1,-1
967,72,835,679,147,85,1,-1,-1,-1
968,72,835,679,147,85,1,-1,-1,-1
969,72,835,679,148,86,1,-1,-1,-1
970,72,835,679,148,86,1,-1,-1,-1
971,72,835,679,148,86,1,-1,-1,-1
972,72,835,679,148,86,1,-1,-1,-1
973,72,835,679,147,86,1,-1,-1,-1
974,72,835,679,148,86,1,-1,-1,-1
975,72,835,679,147,86,1,-1,-1,-1
976,72,835,679,147,86,1,-1,-1,-1
977,72,835,679,148,86,1,-1,-1,-1
978,72,835,679,148,86,1,-1,-1,-1
979,72,835,679,147,86,1,-1,-1,-1
980,72,835,679,148,86,1,-1,-1,-1
981,72,835,679,147,86,1,-1,-1,-1
982,72,835,679,147,86,1,-1,-1,-1
983,72,836,679,147,86,1,-1,-1,-1
984,72,836,679,146,86,1,-1,-1,-1
985,72,837,679,145,86,1,-1,-1,-1
986,72,838,679,144,86,1,-1,-1,-1
987,72,839,679,143,86,1,-1,-1,-1
988,72,841,679,141,87,1,-1,-1,-1
989,72,843,679,139,87,1,-1,-1,-1
990,72,845,679,138,87,1,-1,-1,-1
991,72,846,679,137,87,1,-1,-1,-1
992,72,846,679,136,86,1,-1,-1,-1
993,72,848,679,134,87,1,-1,-1,-1
994,72,849,679,133,86,1,-1,-1,-1
995,72,851,679,131,86,1,-1,-1,-1
996,72,852,679,129,86,1,-1,-1,-1
997,72,853,679,128,86,1,-1,-1,-1
998,72,855,680,127,86,1,-1,-1,-1
999,72,857,680,125,86,1,-1,-1,-1
1000,72,858,680,124,86,1,-1,-1,-1
1001,72,858,679,123,86,1,-1,-1,-1
1002,72,860,679,122,86,1,-1,-1,-1
1003,72,861,679,121,86,1,-1,-1,-1
1004,72,862,680,120,85,1,-1,-1,-1
1005,72,862,680,120,86,1,-1,-1,-1
1006,72,864,680,118,85,1,-1,-1,-1
1007,72,864,680,117,85,1,-1,-1,-1
1008,72,868,679,114,86,1,-1,-1,-1
1009,72,872,680,109,86,1,-1,-1,-1
1010,72,874,679,107,86,1,-1,-1,-1
1011,72,876,679,105,86,1,-1,-1,-1
1012,72,876,679,105,86,1,-1,-1,-1
1013,72,875,679,106,86,1,-1,-1,-1
1014,72,878,680,103,86,1,-1,-1,-1
1015,72,878,680,103,85,1,-1,-1,-1
1016,72,881,680,100,85,1,-1,-1,-1
1017,72,883,681,98,85,1,-1,-1,-1
1018,72,885,682,96,84,1,-1,-1,-1
1019,72,887,682,94,83,1,-1,-1,-1
1020,72,892,684,89,82,1,-1,-1,-1
1021,72,898,685,84,81,1,-1,-1,-1
1022,72,896,683,85,82,1,-1,-1,-1
1023,72,908,688,74,77,1,-1,-1,-1
1024,72,910,689,72,76,1,-1,-1,-1
1025,72,916,693,66,72,1,-1,-1,-1
1044,72,933,692,125,96,1,-1,-1,-1
1045,72,931,692,127,96,1,-1,-1,-1
1046,72,932,692,126,95,1,-1,-1,-1
1047,72,935,691,124,96,1,-1,-1,-1
1,73,935,693,124,95,1,-1,-1,-1
2,73,935,693,124,95,1,-1,-1,-1
3,73,935,693,124,95,1,-1,-1,-1
4,73,935,693,124,95,1,-1,-1,-1
5,73,935,693,124,95,1,-1,-1,-1
6,73,935,693,124,95,1,-1,-1,-1
7,73,935,693,124,95,1,-1,-1,-1
8,73,935,693,124,95,1,-1,-1,-1
9,73,935,693,124,95,1,-1,-1,-1
10,73,935,693,124,95,1,-1,-1,-1
11,73,935,693,124,95,1,-1,-1,-1
12,73,936,693,124,95,1,-1,-1,-1
13,73,935,692,124,96,1,-1,-1,-1
14,73,935,692,124,96,1,-1,-1,-1
15,73,935,692,124,96,1,-1,-1,-1
16,73,935,692,124,96,1,-1,-1,-1
17,73,935,692,124,96,1,-1,-1,-1
18,73,935,693,124,96,1,-1,-1,-1
19,73,935,692,124,96,1,-1,-1,-1
20,73,935,692,124,96,1,-1,-1,-1
21,73,935,692,124,96,1,-1,-1,-1
22,73,935,692,124,96,1,-1,-1,-1
23,73,935,692,124,96,1,-1,-1,-1
24,73,935,692,124,96,1,-1,-1,-1
25,73,935,693,124,96,1,-1,-1,-1
26,73,935,693,124,96,1,-1,-1,-1
27,73,935,693,124,96,1,-1,-1,-1
28,73,935,693,124,96,1,-1,-1,-1
29,73,935,692,124,96,1,-1,-1,-1
30,73,935,693,124,96,1,-1,-1,-1
31,73,935,693,124,96,1,-1,-1,-1
32,73,935,693,124,96,1,-1,-1,-1
33,73,935,693,124,96,1,-1,-1,-1
34,73,935,693,124,96,1,-1,-1,-1
35,73,935,693,124,96,1,-1,-1,-1
36,73,935,693,124,96,1,-1,-1,-1
37,73,935,693,124,96,1,-1,-1,-1
38,73,935,693,124,96,1,-1,-1,-1
39,73,935,693,124,96,1,-1,-1,-1
40,73,935,693,124,96,1,-1,-1,-1
41,73,935,693,124,96,1,-1,-1,-1
42,73,935,693,124,96,1,-1,-1,-1
43,73,935,693,124,96,1,-1,-1,-1
44,73,935,693,124,96,1,-1,-1,-1
45,73,935,693,124,96,1,-1,-1,-1
46,73,935,693,124,96,1,-1,-1,-1
47,73,935,693,124,96,1,-1,-1,-1
48,73,935,693,124,96,1,-1,-1,-1
49,73,935,693,124,96,1,-1,-1,-1
50,73,935,693,124,96,1,-1,-1,-1
51,73,935,693,124,96,1,-1,-1,-1
52,73,935,693,124,96,1,-1,-1,-1
53,73,935,693,124,96,1,-1,-1,-1
54,73,935,693,124,96,1,-1,-1,-1
55,73,935,693,124,96,1,-1,-1,-1
56,73,935,693,124,96,1,-1,-1,-1
57,73,935,693,124,96,1,-1,-1,-1
58,73,935,693,124,96,1,-1,-1,-1
59,73,935,693,124,96,1,-1,-1,-1
60,73,935,693,124,96,1,-1,-1,-1
61,73,935,693,124,96,1,-1,-1,-1
62,73,935,693,123,96,1,-1,-1,-1
63,73,935,693,123,95,1,-1,-1,-1
64,73,935,693,124,96,1,-1,-1,-1
65,73,935,693,124,96,1,-1,-1,-1
66,73,935,693,124,96,1,-1,-1,-1
67,73,935,693,124,96,1,-1,-1,-1
68,73,935,693,124,96,1,-1,-1,-1
69,73,935,693,124,96,1,-1,-1,-1
70,73,935,693,124,96,1,-1,-1,-1
71,73,935,693,124,96,1,-1,-1,-1
72,73,935,693,124,96,1,-1,-1,-1
73,73,936,693,124,95,1,-1,-1,-1
74,73,936,693,124,95,1,-1,-1,-1
75,73,936,693,123,95,1,-1,-1,-1
76,73,936,693,123,95,1,-1,-1,-1
77,73,936,693,123,95,1,-1,-1,-1
78,73,936,693,123,95,1,-1,-1,-1
79,73,936,693,123,95,1,-1,-1,-1
80,73,936,693,123,95,1,-1,-1,-1
81,73,936,693,123,95,1,-1,-1,-1
82,73,936,693,123,95,1,-1,-1,-1
83,73,936,693,123,95,1,-1,-1,-1
84,73,936,693,123,95,1,-1,-1,-1
85,73,936,693,123,95,1,-1,-1,-1
86,73,936,693,123,95,1,-1,-1,-1
87,73,936,693,123,95,1,-1,-1,-1
88,73,936,693,123,95,1,-1,-1,-1
89,73,936,693,123,95,1,-1,-1,-1
90,73,936,693,123,95,1,-1,-1,-1
91,73,936,693,123,95,1,-1,-1,-1
92,73,936,693,123,95,1,-1,-1,-1
93,73,936,693,123,95,1,-1,-1,-1
94,73,936,693,123,95,1,-1,-1,-1
95,73,936,693,123,95,1,-1,-1,-1
96,73,936,693,123,95,1,-1,-1,-1
97,73,936,693,123,96,1,-1,-1,-1
98,73,936,693,123,96,1,-1,-1,-1
99,73,936,693,123,96,1,-1,-1,-1
100,73,936,693,123,96,1,-1,-1,-1
101,73,935,693,123,96,1,-1,-1,-1
102,73,936,693,123,96,1,-1,-1,-1
103,73,935,693,123,96,1,-1,-1,-1
104,73,936,693,123,96,1,-1,-1,-1
105,73,935,693,124,96,1,-1,-1,-1
106,73,935,693,124,96,1,-1,-1,-1
107,73,935,693,124,96,1,-1,-1,-1
108,73,935,693,124,96,1,-1,-1,-1
109,73,936,693,123,95,1,-1,-1,-1
110,73,936,693,123,95,1,-1,-1,-1
111,73,936,693,123,95,1,-1,-1,-1
112,73,936,693,123,95,1,-1,-1,-1
113,73,936,693,123,95,1,-1,-1,-1
114,73,936,693,123,95,1,-1,-1,-1
115,73,936,693,123,95,1,-1,-1,-1
116,73,936,693,123,95,1,-1,-1,-1
117,73,936,693,123,95,1,-1,-1,-1
118,73,936,693,123,95,1,-1,-1,-1
119,73,936,693,123,95,1,-1,-1,-1
120,73,936,693,123,95,1,-1,-1,-1
121,73,936,693,123,95,1,-1,-1,-1
122,73,936,693,123,95,1,-1,-1,-1
123,73,936,693,122,95,1,-1,-1,-1
124,73,936,693,122,95,1,-1,-1,-1
125,73,936,693,122,95,1,-1,-1,-1
126,73,936,693,122,95,1,-1,-1,-1
127,73,936,693,122,96,1,-1,-1,-1
128,73,936,693,122,96,1,-1,-1,-1
129,73,936,693,122,96,1,-1,-1,-1
130,73,936,693,122,96,1,-1,-1,-1
131,73,936,693,122,95,1,-1,-1,-1
132,73,936,693,122,96,1,-1,-1,-1
133,73,936,693,123,96,1,-1,-1,-1
134,73,936,693,123,96,1,-1,-1,-1
135,73,936,693,123,96,1,-1,-1,-1
136,73,936,693,123,96,1,-1,-1,-1
137,73,936,693,123,96,1,-1,-1,-1
138,73,936,693,123,96,1,-1,-1,-1
139,73,936,693,123,96,1,-1,-1,-1
140,73,936,693,123,96,1,-1,-1,-1
141,73,936,693,123,96,1,-1,-1,-1
142,73,936,693,123,96,1,-1,-1,-1
143,73,936,693,123,96,1,-1,-1,-1
144,73,936,693,123,96,1,-1,-1,-1
145,73,936,693,123,96,1,-1,-1,-1
146,73,936,693,123,96,1,-1,-1,-1
147,73,936,693,123,96,1,-1,-1,-1
148,73,936,693,123,96,1,-1,-1,-1
149,73,936,693,123,96,1,-1,-1,-1
150,73,936,693,123,96,1,-1,-1,-1
151,73,936,693,123,96,1,-1,-1,-1
152,73,936,693,123,96,1,-1,-1,-1
153,73,936,693,123,96,1,-1,-1,-1
154,73,936,693,123,96,1,-1,-1,-1
155,73,936,693,123,96,1,-1,-1,-1
156,73,936,693,123,96,1,-1,-1,-1
157,73,935,693,124,96,1,-1,-1,-1
158,73,935,693,123,96,1,-1,-1,-1
159,73,935,693,124,96,1,-1,-1,-1
160,73,935,693,124,96,1,-1,-1,-1
161,73,935,693,124,96,1,-1,-1,-1
162,73,935,693,124,96,1,-1,-1,-1
163,73,935,693,124,96,1,-1,-1,-1
164,73,935,693,124,96,1,-1,-1,-1
165,73,935,693,124,96,1,-1,-1,-1
166,73,935,693,124,96,1,-1,-1,-1
167,73,935,693,124,96,1,-1,-1,-1
168,73,935,693,124,96,1,-1,-1,-1
169,73,935,693,124,96,1,-1,-1,-1
170,73,935,693,124,96,1,-1,-1,-1
171,73,935,693,124,96,1,-1,-1,-1
172,73,935,693,124,96,1,-1,-1,-1
173,73,935,693,124,96,1,-1,-1,-1
174,73,935,693,124,96,1,-1,-1,-1
175,73,935,693,124,96,1,-1,-1,-1
176,73,935,693,124,96,1,-1,-1,-1
177,73,935,693,124,96,1,-1,-1,-1
178,73,935,693,124,96,1,-1,-1,-1
179,73,935,693,124,96,1,-1,-1,-1
180,73,935,693,124,96,1,-1,-1,-1
181,73,935,693,124,96,1,-1,-1,-1
182,73,935,693,124,96,1,-1,-1,-1
183,73,935,693,123,96,1,-1,-1,-1
184,73,935,693,123,96,1,-1,-1,-1
185,73,935,693,123,96,1,-1,-1,-1
186,73,935,693,123,96,1,-1,-1,-1
187,73,935,693,123,96,1,-1,-1,-1
188,73,935,693,123,96,1,-1,-1,-1
189,73,935,693,123,96,1,-1,-1,-1
190,73,935,693,123,96,1,-1,-1,-1
191,73,935,693,123,96,1,-1,-1,-1
192,73,935,693,123,96,1,-1,-1,-1
193,73,935,693,123,95,1,-1,-1,-1
194,73,935,693,123,95,1,-1,-1,-1
195,73,935,693,123,95,1,-1,-1,-1
196,73,935,693,123,95,1,-1,-1,-1
197,73,935,693,123,95,1,-1,-1,-1
198,73,935,693,123,95,1,-1,-1,-1
199,73,935,693,123,95,1,-1,-1,-1
200,73,936,693,122,95,1,-1,-1,-1
201,73,936,693,123,95,1,-1,-1,-1
202,73,936,693,123,95,1,-1,-1,-1
203,73,936,693,123,95,1,-1,-1,-1
204,73,936,693,123,95,1,-1,-1,-1
205,73,935,692,123,96,1,-1,-1,-1
206,73,935,692,123,96,1,-1,-1,-1
207,73,935,692,123,96,1,-1,-1,-1
208,73,935,692,123,96,1,-1,-1,-1
209,73,935,692,123,96,1,-1,-1,-1
210,73,935,692,123,96,1,-1,-1,-1
211,73,935,692,123,96,1,-1,-1,-1
212,73,935,692,123,96,1,-1,-1,-1
213,73,935,692,123,96,1,-1,-1,-1
214,73,935,692,123,96,1,-1,-1,-1
215,73,935,692,123,96,1,-1,-1,-1
216,73,935,692,123,96,1,-1,-1,-1
217,73,935,693,123,96,1,-1,-1,-1
218,73,935,693,123,96,1,-1,-1,-1
219,73,935,693,123,96,1,-1,-1,-1
220,73,935,693,123,96,1,-1,-1,-1
221,73,935,693,123,96,1,-1,-1,-1
222,73,935,693,123,96,1,-1,-1,-1
223,73,935,693,123,96,1,-1,-1,-1
224,73,935,693,123,96,1,-1,-1,-1
225,73,935,693,123,96,1,-1,-1,-1
226,73,935,693,123,96,1,-1,-1,-1
227,73,935,693,123,96,1,-1,-1,-1
228,73,935,693,123,96,1,-1,-1,-1
229,73,935,692,123,96,1,-1,-1,-1
230,73,935,692,124,96,1,-1,-1,-1
231,73,935,692,124,96,1,-1,-1,-1
232,73,935,692,123,96,1,-1,-1,-1
233,73,935,692,123,96,1,-1,-1,-1
234,73,935,692,123,96,1,-1,-1,-1
235,73,935,692,123,96,1,-1,-1,-1
236,73,935,692,123,96,1,-1,-1,-1
237,73,935,692,123,96,1,-1,-1,-1
238,73,935,692,123,96,1,-1,-1,-1
239,73,935,692,123,96,1,-1,-1,-1
240,73,935,692,123,96,1,-1,-1,-1
241,73,936,693,123,96,1,-1,-1,-1
242,73,935,693,123,96,1,-1,-1,-1
243,73,935,693,123,96,1,-1,-1,-1
244,73,935,693,123,96,1,-1,-1,-1
245,73,935,693,123,96,1,-1,-1,-1
246,73,935,693,123,96,1,-1,-1,-1
247,73,935,693,123,96,1,-1,-1,-1
248,73,935,693,123,96,1,-1,-1,-1
249,73,935,693,123,96,1,-1,-1,-1
250,73,936,693,123,95,1,-1,-1,-1
251,73,936,693,123,96,1,-1,-1,-1
252,73,936,693,123,96,1,-1,-1,-1
253,73,935,693,123,95,1,-1,-1,-1
254,73,935,693,123,95,1,-1,-1,-1
255,73,935,693,123,95,1,-1,-1,-1
256,73,935,693,123,96,1,-1,-1,-1
257,73,935,693,123,96,1,-1,-1,-1
258,73,935,693,123,96,1,-1,-1,-1
259,73,935,693,123,96,1,-1,-1,-1
260,73,935,693,123,96,1,-1,-1,-1
261,73,935,693,123,96,1,-1,-1,-1
262,73,935,693,123,96,1,-1,-1,-1
263,73,935,693,124,96,1,-1,-1,-1
264,73,935,693,124,96,1,-1,-1,-1
265,73,935,693,123,96,1,-1,-1,-1
266,73,935,693,123,96,1,-1,-1,-1
267,73,935,693,124,96,1,-1,-1,-1
268,73,935,693,123,96,1,-1,-1,-1
269,73,935,693,123,96,1,-1,-1,-1
270,73,935,693,123,96,1,-1,-1,-1
271,73,935,693,123,96,1,-1,-1,-1
272,73,935,693,123,96,1,-1,-1,-1
273,73,935,693,123,96,1,-1,-1,-1
274,73,935,693,123,96,1,-1,-1,-1
275,73,935,693,123,96,1,-1,-1,-1
276,73,935,693,123,96,1,-1,-1,-1
277,73,935,693,123,96,1,-1,-1,-1
278,73,935,693,123,95,1,-1,-1,-1
279,73,935,693,123,95,1,-1,-1,-1
280,73,935,693,123,96,1,-1,-1,-1
281,73,935,693,123,96,1,-1,-1,-1
282,73,935,693,123,96,1,-1,-1,-1
283,73,935,693,123,96,1,-1,-1,-1
284,73,935,693,123,95,1,-1,-1,-1
285,73,935,693,123,95,1,-1,-1,-1
286,73,935,693,123,95,1,-1,-1,-1
287,73,935,693,123,95,1,-1,-1,-1
288,73,935,693,123,96,1,-1,-1,-1
289,73,935,693,123,95,1,-1,-1,-1
290,73,935,693,123,95,1,-1,-1,-1
291,73,934,693,124,95,1,-1,-1,-1
292,73,934,693,124,95,1,-1,-1,-1
293,73,935,693,123,95,1,-1,-1,-1
294,73,934,693,124,95,1,-1,-1,-1
295,73,935,693,123,95,1,-1,-1,-1
296,73,934,693,123,95,1,-1,-1,-1
297,73,935,693,123,95,1,-1,-1,-1
298,73,935,693,123,95,1,-1,-1,-1
299,73,935,693,123,95,1,-1,-1,-1
300,73,935,693,123,95,1,-1,-1,-1
301,73,935,693,123,95,1,-1,-1,-1
302,73,934,693,123,95,1,-1,-1,-1
303,73,935,693,123,95,1,-1,-1,-1
304,73,935,693,123,95,1,-1,-1,-1
305,73,935,693,124,95,1,-1,-1,-1
306,73,935,693,123,95,1,-1,-1,-1
307,73,935,693,123,95,1,-1,-1,-1
308,73,935,693,123,95,1,-1,-1,-1
309,73,935,693,123,95,1,-1,-1,-1
310,73,935,693,124,95,1,-1,-1,-1
311,73,935,693,123,95,1,-1,-1,-1
312,73,935,693,123,95,1,-1,-1,-1
313,73,935,693,123,96,1,-1,-1,-1
314,73,935,693,123,96,1,-1,-1,-1
315,73,935,693,123,96,1,-1,-1,-1
316,73,935,693,123,95,1,-1,-1,-1
317,73,935,693,123,95,1,-1,-1,-1
318,73,935,693,123,96,1,-1,-1,-1
319,73,935,693,123,95,1,-1,-1,-1
320,73,935,693,123,95,1,-1,-1,-1
321,73,935,693,123,95,1,-1,-1,-1
322,73,935,693,123,95,1,-1,-1,-1
323,73,935,693,123,95,1,-1,-1,-1
324,73,935,693,123,95,1,-1,-1,-1
325,73,935,693,123,95,1,-1,-1,-1
326,73,935,693,123,95,1,-1,-1,-1
327,73,935,693,123,95,1,-1,-1,-1
328,73,935,693,123,95,1,-1,-1,-1
329,73,935,693,123,95,1,-1,-1,-1
330,73,935,693,123,95,1,-1,-1,-1
331,73,935,693,123,95,1,-1,-1,-1
332,73,935,693,123,95,1,-1,-1,-1
333,73,935,693,123,95,1,-1,-1,-1
334,73,935,693,123,95,1,-1,-1,-1
335,73,935,693,123,95,1,-1,-1,-1
336,73,935,693,123,95,1,-1,-1,-1
337,73,934,693,124,95,1,-1,-1,-1
338,73,935,693,124,95,1,-1,-1,-1
339,73,935,693,124,95,1,-1,-1,-1
340,73,934,693,124,95,1,-1,-1,-1
341,73,935,693,124,95,1,-1,-1,-1
342,73,935,693,124,95,1,-1,-1,-1
343,73,935,693,123,95,1,-1,-1,-1
344,73,935,693,123,95,1,-1,-1,-1
345,73,935,693,123,95,1,-1,-1,-1
346,73,935,693,123,95,1,-1,-1,-1
347,73,935,693,123,95,1,-1,-1,-1
348,73,935,693,123,95,1,-1,-1,-1
349,73,935,693,123,95,1,-1,-1,-1
350,73,935,693,123,95,1,-1,-1,-1
351,73,935,693,123,95,1,-1,-1,-1
352,73,935,693,123,95,1,-1,-1,-1
353,73,935,693,123,95,1,-1,-1,-1
354,73,935,693,123,95,1,-1,-1,-1
355,73,935,693,123,95,1,-1,-1,-1
356,73,935,693,123,95,1,-1,-1,-1
357,73,935,693,123,95,1,-1,-1,-1
358,73,935,693,123,95,1,-1,-1,-1
359,73,935,693,123,95,1,-1,-1,-1
360,73,935,693,123,95,1,-1,-1,-1
361,73,935,693,123,96,1,-1,-1,-1
362,73,935,693,123,96,1,-1,-1,-1
363,73,935,693,122,95,1,-1,-1,-1
364,73,935,693,122,95,1,-1,-1,-1
365,73,935,693,123,95,1,-1,-1,-1
366,73,935,693,122,95,1,-1,-1,-1
367,73,936,693,122,95,1,-1,-1,-1
368,73,935,693,122,95,1,-1,-1,-1
369,73,935,693,122,95,1,-1,-1,-1
370,73,935,693,123,95,1,-1,-1,-1
371,73,936,693,123,95,1,-1,-1,-1
372,73,935,693,123,95,1,-1,-1,-1
373,73,936,693,122,95,1,-1,-1,-1
374,73,936,693,122,95,1,-1,-1,-1
375,73,936,693,122,95,1,-1,-1,-1
376,73,936,693,122,95,1,-1,-1,-1
377,73,936,693,122,95,1,-1,-1,-1
378,73,936,693,123,95,1,-1,-1,-1
379,73,936,693,122,95,1,-1,-1,-1
380,73,936,693,122,95,1,-1,-1,-1
381,73,936,693,123,95,1,-1,-1,-1
382,73,936,693,123,95,1,-1,-1,-1
383,73,936,693,123,95,1,-1,-1,-1
384,73,936,693,123,95,1,-1,-1,-1
385,73,936,693,123,95,1,-1,-1,-1
386,73,936,693,123,95,1,-1,-1,-1
387,73,935,693,123,95,1,-1,-1,-1
388,73,935,693,123,95,1,-1,-1,-1
389,73,935,693,123,95,1,-1,-1,-1
390,73,935,693,123,95,1,-1,-1,-1
391,73,935,693,123,95,1,-1,-1,-1
392,73,935,693,123,95,1,-1,-1,-1
393,73,935,693,123,95,1,-1,-1,-1
394,73,935,693,123,95,1,-1,-1,-1
395,73,935,693,123,95,1,-1,-1,-1
396,73,935,693,123,95,1,-1,-1,-1
397,73,936,693,122,95,1,-1,-1,-1
398,73,936,693,122,95,1,-1,-1,-1
399,73,936,693,122,95,1,-1,-1,-1
400,73,935,693,122,95,1,-1,-1,-1
401,73,935,693,123,95,1,-1,-1,-1
402,73,935,693,122,95,1,-1,-1,-1
403,73,935,693,122,95,1,-1,-1,-1
404,73,936,693,122,95,1,-1,-1,-1
405,73,936,693,122,95,1,-1,-1,-1
406,73,936,693,122,95,1,-1,-1,-1
407,73,936,693,122,95,1,-1,-1,-1
408,73,936,693,122,95,1,-1,-1,-1
409,73,935,693,123,95,1,-1,-1,-1
410,73,935,693,123,95,1,-1,-1,-1
411,73,935,693,123,95,1,-1,-1,-1
412,73,935,693,123,95,1,-1,-1,-1
413,73,935,693,123,95,1,-1,-1,-1
414,73,935,693,123,95,1,-1,-1,-1
415,73,935,693,123,95,1,-1,-1,-1
416,73,935,693,123,95,1,-1,-1,-1
417,73,935,693,123,95,1,-1,-1,-1
418,73,935,693,124,96,1,-1,-1,-1
419,73,935,693,123,96,1,-1,-1,-1
420,73,935,693,123,95,1,-1,-1,-1
421,73,935,693,121,95,1,-1,-1,-1
422,73,935,693,121,93,1,-1,-1,-1
423,73,934,692,117,94,1,-1,-1,-1
424,73,935,692,178,98,1,-1,-1,-1
425,73,935,693,162,97,1,-1,-1,-1
426,73,935,692,172,99,1,-1,-1,-1
427,73,935,692,176,102,1,-1,-1,-1
428,73,935,693,174,102,1,-1,-1,-1
429,73,935,692,163,103,1,-1,-1,-1
430,73,935,693,157,102,1,-1,-1,-1
431,73,934,693,158,102,1,-1,-1,-1
432,73,934,692,172,104,1,-1,-1,-1
433,73,935,693,162,102,1,-1,-1,-1
434,73,935,692,154,100,1,-1,-1,-1
435,73,934,692,172,102,1,-1,-1,-1
436,73,935,692,125,90,1,-1,-1,-1
437,73,935,692,128,99,1,-1,-1,-1
438,73,935,693,127,98,1,-1,-1,-1
439,73,935,692,128,98,1,-1,-1,-1
440,73,935,690,131,102,1,-1,-1,-1
441,73,935,692,128,99,1,-1,-1,-1
442,73,935,692,128,99,1,-1,-1,-1
443,73,935,692,127,99,1,-1,-1,-1
444,73,935,692,125,98,1,-1,-1,-1
445,73,935,691,125,98,1,-1,-1,-1
446,73,935,692,124,98,1,-1,-1,-1
447,73,935,693,125,96,1,-1,-1,-1
448,73,934,693,125,96,1,-1,-1,-1
449,73,835,680,224,109,1,-1,-1,-1
450,73,835,680,224,109,1,-1,-1,-1
451,73,835,680,224,109,1,-1,-1,-1
452,73,835,680,223,109,1,-1,-1,-1
453,73,835,680,223,109,1,-1,-1,-1
454,73,835,680,223,109,1,-1,-1,-1
455,73,835,680,223,109,1,-1,-1,-1
456,73,835,680,224,109,1,-1,-1,-1
457,73,835,680,223,109,1,-1,-1,-1
458,73,836,680,223,110,1,-1,-1,-1
459,73,836,679,224,110,1,-1,-1,-1
460,73,836,679,224,110,1,-1,-1,-1
461,73,836,679,224,109,1,-1,-1,-1
462,73,836,679,223,110,1,-1,-1,-1
463,73,836,678,223,111,1,-1,-1,-1
464,73,837,679,223,111,1,-1,-1,-1
465,73,928,693,130,96,1,-1,-1,-1
466,73,931,693,127,96,1,-1,-1,-1
467,73,934,693,125,96,1,-1,-1,-1
468,73,935,693,124,96,1,-1,-1,-1
469,73,936,693,123,96,1,-1,-1,-1
470,73,935,693,124,95,1,-1,-1,-1
471,73,936,693,123,95,1,-1,-1,-1
472,73,936,693,123,95,1,-1,-1,-1
473,73,936,693,123,95,1,-1,-1,-1
474,73,936,693,123,95,1,-1,-1,-1
475,73,935,693,123,95,1,-1,-1,-1
476,73,936,693,123,95,1,-1,-1,-1
477,73,935,693,123,95,1,-1,-1,-1
478,73,936,693,123,95,1,-1,-1,-1
479,73,935,693,123,95,1,-1,-1,-1
480,73,936,693,123,95,1,-1,-1,-1
481,73,936,693,123,96,1,-1,-1,-1
482,73,936,693,123,96,1,-1,-1,-1
483,73,936,693,123,95,1,-1,-1,-1
484,73,936,693,123,95,1,-1,-1,-1
485,73,936,693,123,95,1,-1,-1,-1
486,73,936,693,123,95,1,-1,-1,-1
487,73,936,693,123,95,1,-1,-1,-1
488,73,936,693,123,95,1,-1,-1,-1
489,73,936,693,123,95,1,-1,-1,-1
490,73,936,693,123,95,1,-1,-1,-1
491,73,936,693,123,95,1,-1,-1,-1
492,73,936,693,123,95,1,-1,-1,-1
493,73,935,693,123,96,1,-1,-1,-1
494,73,935,693,123,96,1,-1,-1,-1
495,73,935,693,123,96,1,-1,-1,-1
496,73,935,693,123,96,1,-1,-1,-1
497,73,935,693,123,96,1,-1,-1,-1
498,73,935,693,123,96,1,-1,-1,-1
499,73,935,693,123,96,1,-1,-1,-1
500,73,935,693,123,96,1,-1,-1,-1
501,73,935,693,123,96,1,-1,-1,-1
502,73,935,692,123,96,1,-1,-1,-1
503,73,935,692,123,96,1,-1,-1,-1
504,73,935,692,123,96,1,-1,-1,-1
505,73,935,693,123,96,1,-1,-1,-1
506,73,936,693,123,96,1,-1,-1,-1
507,73,935,693,123,96,1,-1,-1,-1
508,73,936,693,123,96,1,-1,-1,-1
509,73,935,693,123,96,1,-1,-1,-1
510,73,935,693,123,96,1,-1,-1,-1
511,73,935,693,123,96,1,-1,-1,-1
512,73,935,693,123,96,1,-1,-1,-1
513,73,935,693,123,96,1,-1,-1,-1
514,73,935,693,123,96,1,-1,-1,-1
515,73,936,693,123,96,1,-1,-1,-1
516,73,936,693,123,96,1,-1,-1,-1
517,73,936,693,123,96,1,-1,-1,-1
518,73,935,693,123,96,1,-1,-1,-1
519,73,935,693,123,96,1,-1,-1,-1
520,73,935,693,123,96,1,-1,-1,-1
521,73,935,693,123,96,1,-1,-1,-1
522,73,935,693,123,96,1,-1,-1,-1
523,73,935,693,123,96,1,-1,-1,-1
524,73,935,693,123,96,1,-1,-1,-1
525,73,936,693,123,96,1,-1,-1,-1
526,73,935,693,123,96,1,-1,-1,-1
527,73,935,693,123,96,1,-1,-1,-1
528,73,935,693,123,96,1,-1,-1,-1
529,73,935,693,123,96,1,-1,-1,-1
530,73,935,693,123,96,1,-1,-1,-1
531,73,935,693,123,96,1,-1,-1,-1
532,73,935,693,123,96,1,-1,-1,-1
533,73,936,693,123,96,1,-1,-1,-1
534,73,936,693,122,95,1,-1,-1,-1
535,73,936,693,122,95,1,-1,-1,-1
536,73,936,693,123,95,1,-1,-1,-1
537,73,936,693,123,95,1,-1,-1,-1
538,73,936,693,123,95,1,-1,-1,-1
539,73,936,693,123,95,1,-1,-1,-1
540,73,936,693,122,95,1,-1,-1,-1
541,73,936,693,122,96,1,-1,-1,-1
542,73,936,693,122,96,1,-1,-1,-1
543,73,936,693,122,95,1,-1,-1,-1
544,73,936,693,122,95,1,-1,-1,-1
545,73,936,693,122,95,1,-1,-1,-1
546,73,936,693,122,95,1,-1,-1,-1
547,73,936,693,122,96,1,-1,-1,-1
548,73,936,693,122,95,1,-1,-1,-1
549,73,936,693,122,96,1,-1,-1,-1
550,73,936,693,122,95,1,-1,-1,-1
551,73,936,693,122,95,1,-1,-1,-1
552,73,936,693,122,95,1,-1,-1,-1
553,73,936,693,122,96,1,-1,-1,-1
554,73,936,693,122,96,1,-1,-1,-1
555,73,936,693,122,95,1,-1,-1,-1
556,73,936,693,122,96,1,-1,-1,-1
557,73,936,693,122,96,1,-1,-1,-1
558,73,936,693,122,96,1,-1,-1,-1
559,73,936,693,122,96,1,-1,-1,-1
560,73,936,693,123,96,1,-1,-1,-1
561,73,935,693,123,96,1,-1,-1,-1
562,73,935,693,123,96,1,-1,-1,-1
563,73,935,693,123,96,1,-1,-1,-1
564,73,936,693,123,96,1,-1,-1,-1
565,73,936,693,123,96,1,-1,-1,-1
566,73,936,693,123,96,1,-1,-1,-1
567,73,936,693,123,96,1,-1,-1,-1
568,73,936,693,123,96,1,-1,-1,-1
569,73,936,693,123,96,1,-1,-1,-1
570,73,936,693,123,96,1,-1,-1,-1
571,73,936,693,123,96,1,-1,-1,-1
572,73,936,693,123,95,1,-1,-1,-1
573,73,936,693,123,95,1,-1,-1,-1
574,73,936,693,123,95,1,-1,-1,-1
575,73,936,693,123,96,1,-1,-1,-1
576,73,936,693,123,95,1,-1,-1,-1
577,73,936,693,122,95,1,-1,-1,-1
578,73,936,693,122,95,1,-1,-1,-1
579,73,936,693,122,95,1,-1,-1,-1
580,73,936,693,122,95,1,-1,-1,-1
581,73,936,693,123,96,1,-1,-1,-1
582,73,936,693,123,96,1,-1,-1,-1
583,73,936,693,123,96,1,-1,-1,-1
584,73,936,693,123,96,1,-1,-1,-1
585,73,936,693,123,96,1,-1,-1,-1
586,73,936,693,123,96,1,-1,-1,-1
587,73,936,693,123,96,1,-1,-1,-1
588,73,936,692,123,96,1,-1,-1,-1
589,73,936,693,123,96,1,-1,-1,-1
590,73,936,693,123,96,1,-1,-1,-1
591,73,936,693,123,96,1,-1,-1,-1
592,73,936,693,123,96,1,-1,-1,-1
593,73,936,693,123,96,1,-1,-1,-1
594,73,936,693,123,96,1,-1,-1,-1
595,73,936,693,123,96,1,-1,-1,-1
596,73,936,693,123,96,1,-1,-1,-1
597,73,936,693,123,96,1,-1,-1,-1
598,73,936,693,123,96,1,-1,-1,-1
599,73,936,693,123,96,1,-1,-1,-1
600,73,936,693,123,96,1,-1,-1,-1
601,73,936,693,123,96,1,-1,-1,-1
602,73,936,693,123,96,1,-1,-1,-1
603,73,936,693,123,96,1,-1,-1,-1
604,73,936,693,123,96,1,-1,-1,-1
605,73,936,692,123,96,1,-1,-1,-1
606,73,936,692,123,96,1,-1,-1,-1
607,73,936,693,123,96,1,-1,-1,-1
608,73,936,692,123,96,1,-1,-1,-1
609,73,936,692,123,96,1,-1,-1,-1
610,73,936,693,123,96,1,-1,-1,-1
611,73,936,693,123,96,1,-1,-1,-1
612,73,936,693,123,96,1,-1,-1,-1
613,73,935,693,124,95,1,-1,-1,-1
614,73,935,693,124,95,1,-1,-1,-1
615,73,935,693,124,95,1,-1,-1,-1
616,73,935,693,124,95,1,-1,-1,-1
617,73,935,693,124,95,1,-1,-1,-1
618,73,935,693,124,95,1,-1,-1,-1
619,73,935,693,124,95,1,-1,-1,-1
620,73,935,693,124,95,1,-1,-1,-1
621,73,935,693,124,95,1,-1,-1,-1
622,73,935,693,124,95,1,-1,-1,-1
623,73,935,693,124,95,1,-1,-1,-1
624,73,935,693,124,95,1,-1,-1,-1
625,73,935,693,124,96,1,-1,-1,-1
626,73,935,693,123,96,1,-1,-1,-1
627,73,935,693,123,96,1,-1,-1,-1
628,73,935,693,123,96,1,-1,-1,-1
629,73,935,693,123,96,1,-1,-1,-1
630,73,935,693,123,96,1,-1,-1,-1
631,73,935,693,124,96,1,-1,-1,-1
632,73,935,693,124,96,1,-1,-1,-1
633,73,935,693,124,96,1,-1,-1,-1
634,73,935,693,124,96,1,-1,-1,-1
635,73,935,693,123,96,1,-1,-1,-1
636,73,935,693,123,96,1,-1,-1,-1
637,73,935,693,123,96,1,-1,-1,-1
638,73,935,693,123,96,1,-1,-1,-1
639,73,935,693,123,96,1,-1,-1,-1
640,73,935,693,123,96,1,-1,-1,-1
641,73,935,693,123,96,1,-1,-1,-1
642,73,935,693,123,96,1,-1,-1,-1
643,73,935,693,123,96,1,-1,-1,-1
644,73,935,693,123,96,1,-1,-1,-1
645,73,935,693,123,95,1,-1,-1,-1
646,73,935,693,123,95,1,-1,-1,-1
647,73,935,693,123,95,1,-1,-1,-1
648,73,935,693,123,95,1,-1,-1,-1
649,73,935,693,123,96,1,-1,-1,-1
650,73,935,693,123,96,1,-1,-1,-1
651,73,935,693,123,96,1,-1,-1,-1
652,73,935,693,123,96,1,-1,-1,-1
653,73,935,693,123,96,1,-1,-1,-1
654,73,935,693,123,96,1,-1,-1,-1
655,73,935,693,123,96,1,-1,-1,-1
656,73,935,693,123,96,1,-1,-1,-1
657,73,935,693,123,96,1,-1,-1,-1
658,73,935,693,123,96,1,-1,-1,-1
659,73,935,693,123,96,1,-1,-1,-1
660,73,935,693,123,96,1,-1,-1,-1
661,73,935,693,123,95,1,-1,-1,-1
662,73,935,693,123,95,1,-1,-1,-1
663,73,935,693,123,95,1,-1,-1,-1
664,73,935,693,123,95,1,-1,-1,-1
665,73,935,693,123,95,1,-1,-1,-1
666,73,935,693,123,95,1,-1,-1,-1
667,73,936,693,123,95,1,-1,-1,-1
668,73,936,693,123,95,1,-1,-1,-1
669,73,936,693,123,95,1,-1,-1,-1
670,73,936,693,123,95,1,-1,-1,-1
671,73,936,693,123,95,1,-1,-1,-1
672,73,936,693,123,95,1,-1,-1,-1
673,73,935,693,123,96,1,-1,-1,-1
674,73,935,693,123,96,1,-1,-1,-1
675,73,935,693,123,96,1,-1,-1,-1
676,73,935,693,123,96,1,-1,-1,-1
677,73,935,693,123,96,1,-1,-1,-1
678,73,935,693,123,96,1,-1,-1,-1
679,73,935,693,123,96,1,-1,-1,-1
680,73,935,693,124,96,1,-1,-1,-1
681,73,935,693,124,96,1,-1,-1,-1
682,73,935,693,124,96,1,-1,-1,-1
683,73,935,693,124,96,1,-1,-1,-1
684,73,935,693,124,96,1,-1,-1,-1
685,73,935,693,123,96,1,-1,-1,-1
686,73,935,693,123,96,1,-1,-1,-1
687,73,935,693,123,96,1,-1,-1,-1
688,73,935,693,123,96,1,-1,-1,-1
689,73,935,692,124,96,1,-1,-1,-1
690,73,935,692,124,96,1,-1,-1,-1
691,73,935,692,124,96,1,-1,-1,-1
692,73,935,692,124,96,1,-1,-1,-1
693,73,935,692,124,96,1,-1,-1,-1
694,73,935,692,124,96,1,-1,-1,-1
695,73,935,692,123,96,1,-1,-1,-1
696,73,935,692,123,96,1,-1,-1,-1
697,73,936,692,123,96,1,-1,-1,-1
698,73,936,692,123,96,1,-1,-1,-1
699,73,936,692,123,96,1,-1,-1,-1
700,73,936,692,123,96,1,-1,-1,-1
701,73,936,692,123,96,1,-1,-1,-1
702,73,936,692,123,96,1,-1,-1,-1
703,73,936,692,123,96,1,-1,-1,-1
704,73,936,692,123,96,1,-1,-1,-1
705,73,935,693,123,96,1,-1,-1,-1
706,73,936,693,123,96,1,-1,-1,-1
707,73,935,693,123,96,1,-1,-1,-1
708,73,935,693,123,96,1,-1,-1,-1
709,73,935,693,123,95,1,-1,-1,-1
710,73,935,693,124,95,1,-1,-1,-1
711,73,935,693,124,95,1,-1,-1,-1
712,73,935,693,124,95,1,-1,-1,-1
713,73,935,693,124,95,1,-1,-1,-1
714,73,935,693,124,95,1,-1,-1,-1
715,73,936,693,123,95,1,-1,-1,-1
716,73,936,693,123,95,1,-1,-1,-1
717,73,936,693,123,95,1,-1,-1,-1
718,73,936,693,123,95,1,-1,-1,-1
719,73,936,693,123,95,1,-1,-1,-1
720,73,936,693,123,95,1,-1,-1,-1
721,73,935,693,124,96,1,-1,-1,-1
722,73,935,693,124,96,1,-1,-1,-1
723,73,935,693,124,95,1,-1,-1,-1
724,73,935,693,124,95,1,-1,-1,-1
725,73,935,693,124,96,1,-1,-1,-1
726,73,935,693,123,96,1,-1,-1,-1
727,73,935,693,124,96,1,-1,-1,-1
728,73,935,693,124,96,1,-1,-1,-1
729,73,935,693,124,96,1,-1,-1,-1
730,73,935,693,124,96,1,-1,-1,-1
731,73,935,693,124,96,1,-1,-1,-1
732,73,935,693,124,95,1,-1,-1,-1
733,73,935,692,123,96,1,-1,-1,-1
734,73,935,692,123,96,1,-1,-1,-1
735,73,935,692,123,96,1,-1,-1,-1
736,73,935,692,123,96,1,-1,-1,-1
737,73,936,693,122,95,1,-1,-1,-1
738,73,936,693,122,95,1,-1,-1,-1
739,73,936,693,122,95,1,-1,-1,-1
740,73,936,693,122,95,1,-1,-1,-1
741,73,936,693,122,95,1,-1,-1,-1
742,73,936,693,122,95,1,-1,-1,-1
743,73,936,693,122,95,1,-1,-1,-1
744,73,936,693,122,95,1,-1,-1,-1
745,73,936,693,122,95,1,-1,-1,-1
746,73,936,693,122,95,1,-1,-1,-1
747,73,935,693,124,95,1,-1,-1,-1
748,73,935,693,124,95,1,-1,-1,-1
749,73,935,693,124,95,1,-1,-1,-1
750,73,934,693,125,96,1,-1,-1,-1
751,73,934,693,124,95,1,-1,-1,-1
752,73,935,693,124,95,1,-1,-1,-1
753,73,935,693,124,95,1,-1,-1,-1
754,73,934,693,124,95,1,-1,-1,-1
755,73,935,693,124,95,1,-1,-1,-1
756,73,935,693,124,95,1,-1,-1,-1
757,73,936,693,123,95,1,-1,-1,-1
758,73,936,693,123,95,1,-1,-1,-1
759,73,935,693,123,95,1,-1,-1,-1
760,73,935,693,123,95,1,-1,-1,-1
761,73,935,693,123,95,1,-1,-1,-1
762,73,935,693,123,95,1,-1,-1,-1
763,73,935,693,123,95,1,-1,-1,-1
764,73,935,693,123,95,1,-1,-1,-1
765,73,935,693,123,95,1,-1,-1,-1
766,73,935,693,123,95,1,-1,-1,-1
767,73,936,693,123,95,1,-1,-1,-1
768,73,936,693,123,95,1,-1,-1,-1
769,73,935,693,123,95,1,-1,-1,-1
770,73,935,693,123,95,1,-1,-1,-1
771,73,935,693,123,95,1,-1,-1,-1
772,73,935,693,123,95,1,-1,-1,-1
773,73,935,693,123,95,1,-1,-1,-1
774,73,935,693,123,95,1,-1,-1,-1
775,73,935,693,123,95,1,-1,-1,-1
776,73,935,693,123,95,1,-1,-1,-1
777,73,935,693,123,95,1,-1,-1,-1
778,73,935,693,123,95,1,-1,-1,-1
779,73,935,693,123,95,1,-1,-1,-1
780,73,935,693,123,95,1,-1,-1,-1
781,73,935,693,124,96,1,-1,-1,-1
782,73,935,692,124,95,1,-1,-1,-1
783,73,935,692,124,95,1,-1,-1,-1
784,73,935,693,124,95,1,-1,-1,-1
785,73,935,693,124,95,1,-1,-1,-1
786,73,935,692,124,95,1,-1,-1,-1
787,73,935,692,124,95,1,-1,-1,-1
788,73,935,692,124,95,1,-1,-1,-1
789,73,935,692,124,95,1,-1,-1,-1
790,73,935,692,124,95,1,-1,-1,-1
791,73,935,692,124,95,1,-1,-1,-1
792,73,935,693,123,96,1,-1,-1,-1
793,73,936,693,122,95,1,-1,-1,-1
794,73,936,693,122,95,1,-1,-1,-1
795,73,936,693,122,95,1,-1,-1,-1
796,73,935,693,123,95,1,-1,-1,-1
797,73,935,693,123,95,1,-1,-1,-1
798,73,935,693,123,95,1,-1,-1,-1
799,73,935,693,123,95,1,-1,-1,-1
800,73,935,693,123,95,1,-1,-1,-1
801,73,935,693,123,95,1,-1,-1,-1
802,73,935,693,123,96,1,-1,-1,-1
803,73,935,693,123,96,1,-1,-1,-1
804,73,935,692,123,96,1,-1,-1,-1
805,73,935,692,123,96,1,-1,-1,-1
806,73,935,692,123,96,1,-1,-1,-1
807,73,935,693,123,95,1,-1,-1,-1
808,73,935,692,123,95,1,-1,-1,-1
809,73,935,692,123,95,1,-1,-1,-1
810,73,935,692,123,95,1,-1,-1,-1
811,73,935,693,123,95,1,-1,-1,-1
812,73,935,693,123,95,1,-1,-1,-1
813,73,935,693,123,95,1,-1,-1,-1
814,73,935,693,123,95,1,-1,-1,-1
815,73,935,692,123,95,1,-1,-1,-1
816,73,935,692,123,95,1,-1,-1,-1
817,73,935,692,124,95,1,-1,-1,-1
818,73,935,692,123,95,1,-1,-1,-1
819,73,935,692,123,95,1,-1,-1,-1
820,73,936,693,122,95,1,-1,-1,-1
821,73,936,693,122,95,1,-1,-1,-1
822,73,936,693,122,95,1,-1,-1,-1
823,73,936,693,122,95,1,-1,-1,-1
824,73,936,693,122,95,1,-1,-1,-1
825,73,936,693,122,95,1,-1,-1,-1
826,73,936,693,122,95,1,-1,-1,-1
827,73,936,693,122,95,1,-1,-1,-1
828,73,936,693,122,95,1,-1,-1,-1
829,73,935,693,123,95,1,-1,-1,-1
830,73,935,692,123,95,1,-1,-1,-1
831,73,935,692,123,95,1,-1,-1,-1
832,73,935,692,123,95,1,-1,-1,-1
833,73,936,692,123,95,1,-1,-1,-1
834,73,936,692,123,95,1,-1,-1,-1
835,73,936,692,123,95,1,-1,-1,-1
836,73,936,692,123,95,1,-1,-1,-1
837,73,936,692,123,95,1,-1,-1,-1
838,73,936,692,123,95,1,-1,-1,-1
839,73,936,692,123,95,1,-1,-1,-1
840,73,935,692,123,95,1,-1,-1,-1
841,73,935,692,123,95,1,-1,-1,-1
842,73,936,692,123,95,1,-1,-1,-1
843,73,936,692,123,95,1,-1,-1,-1
844,73,936,692,123,95,1,-1,-1,-1
845,73,936,692,123,95,1,-1,-1,-1
846,73,936,692,123,95,1,-1,-1,-1
847,73,935,692,124,96,1,-1,-1,-1
848,73,935,692,124,96,1,-1,-1,-1
849,73,935,692,124,96,1,-1,-1,-1
850,73,935,692,124,96,1,-1,-1,-1
851,73,935,692,125,96,1,-1,-1,-1
852,73,935,692,124,96,1,-1,-1,-1
853,73,934,692,125,96,1,-1,-1,-1
854,73,934,692,125,96,1,-1,-1,-1
855,73,934,692,125,96,1,-1,-1,-1
856,73,934,692,125,96,1,-1,-1,-1
857,73,934,692,125,96,1,-1,-1,-1
858,73,934,692,125,96,1,-1,-1,-1
859,73,934,692,125,96,1,-1,-1,-1
860,73,934,692,125,96,1,-1,-1,-1
861,73,934,692,125,96,1,-1,-1,-1
862,73,934,692,125,96,1,-1,-1,-1
863,73,934,692,125,96,1,-1,-1,-1
864,73,934,692,125,96,1,-1,-1,-1
865,73,934,692,124,96,1,-1,-1,-1
866,73,934,693,124,95,1,-1,-1,-1
867,73,934,693,124,95,1,-1,-1,-1
868,73,934,693,124,95,1,-1,-1,-1
869,73,934,693,125,95,1,-1,-1,-1
870,73,934,692,125,95,1,-1,-1,-1
871,73,934,692,125,96,1,-1,-1,-1
872,73,933,692,126,96,1,-1,-1,-1
873,73,934,692,125,95,1,-1,-1,-1
874,73,934,692,125,95,1,-1,-1,-1
875,73,934,693,125,95,1,-1,-1,-1
876,73,934,692,124,95,1,-1,-1,-1
877,73,934,692,124,96,1,-1,-1,-1
878,73,935,692,124,95,1,-1,-1,-1
879,73,934,693,126,91,1,-1,-1,-1
880,73,934,693,127,93,1,-1,-1,-1
881,73,934,693,125,94,1,-1,-1,-1
882,73,934,693,125,96,1,-1,-1,-1
883,73,934,693,124,96,1,-1,-1,-1
884,73,934,693,124,96,1,-1,-1,-1
885,73,934,693,124,96,1,-1,-1,-1
886,73,934,693,124,96,1,-1,-1,-1
887,73,934,693,125,96,1,-1,-1,-1
888,73,933,693,126,96,1,-1,-1,-1
889,73,933,692,125,95,1,-1,-1,-1
890,73,933,692,125,95,1,-1,-1,-1
891,73,934,692,123,95,1,-1,-1,-1
892,73,934,692,124,96,1,-1,-1,-1
893,73,934,692,125,95,1,-1,-1,-1
894,73,933,692,125,96,1,-1,-1,-1
895,73,934,693,123,88,1,-1,-1,-1
896,73,935,692,123,92,1,-1,-1,-1
897,73,934,692,127,93,1,-1,-1,-1
898,73,934,692,125,97,1,-1,-1,-1
899,73,934,692,124,95,1,-1,-1,-1
900,73,934,692,124,96,1,-1,-1,-1
901,73,934,692,124,96,1,-1,-1,-1
902,73,934,692,124,96,1,-1,-1,-1
903,73,935,692,124,96,1,-1,-1,-1
904,73,935,692,124,96,1,-1,-1,-1
905,73,935,692,124,96,1,-1,-1,-1
906,73,935,692,124,96,1,-1,-1,-1
907,73,935,692,124,96,1,-1,-1,-1
908,73,935,692,124,96,1,-1,-1,-1
909,73,935,692,124,96,1,-1,-1,-1
910,73,935,692,124,96,1,-1,-1,-1
911,73,935,692,124,96,1,-1,-1,-1
912,73,935,692,124,96,1,-1,-1,-1
913,73,935,692,124,96,1,-1,-1,-1
914,73,935,692,124,96,1,-1,-1,-1
915,73,935,692,124,96,1,-1,-1,-1
916,73,935,692,124,96,1,-1,-1,-1
917,73,935,692,124,96,1,-1,-1,-1
918,73,935,692,124,96,1,-1,-1,-1
919,73,935,692,124,96,1,-1,-1,-1
920,73,935,692,124,96,1,-1,-1,-1
921,73,935,692,124,96,1,-1,-1,-1
922,73,935,692,124,96,1,-1,-1,-1
923,73,935,692,124,96,1,-1,-1,-1
924,73,935,692,124,96,1,-1,-1,-1
925,73,934,692,124,96,1,-1,-1,-1
926,73,934,692,125,96,1,-1,-1,-1
927,73,934,692,125,96,1,-1,-1,-1
928,73,934,692,125,96,1,-1,-1,-1
929,73,935,692,124,96,1,-1,-1,-1
930,73,935,692,124,96,1,-1,-1,-1
931,73,934,692,124,96,1,-1,-1,-1
932,73,935,692,124,96,1,-1,-1,-1
933,73,935,692,124,96,1,-1,-1,-1
934,73,934,692,124,96,1,-1,-1,-1
935,73,934,692,124,96,1,-1,-1,-1
936,73,934,692,124,96,1,-1,-1,-1
937,73,935,692,124,96,1,-1,-1,-1
938,73,935,692,124,96,1,-1,-1,-1
939,73,935,692,125,96,1,-1,-1,-1
940,73,935,692,125,96,1,-1,-1,-1
941,73,935,692,124,96,1,-1,-1,-1
942,73,935,692,124,96,1,-1,-1,-1
943,73,935,692,124,96,1,-1,-1,-1
944,73,935,692,124,96,1,-1,-1,-1
945,73,935,692,124,96,1,-1,-1,-1
946,73,935,692,124,96,1,-1,-1,-1
947,73,935,692,125,96,1,-1,-1,-1
948,73,934,692,125,96,1,-1,-1,-1
949,73,934,692,124,96,1,-1,-1,-1
950,73,934,692,124,96,1,-1,-1,-1
951,73,934,692,124,96,1,-1,-1,-1
952,73,934,692,125,96,1,-1,-1,-1
953,73,934,692,125,96,1,-1,-1,-1
954,73,934,692,125,96,1,-1,-1,-1
955,73,934,692,125,96,1,-1,-1,-1
956,73,934,692,125,96,1,-1,-1,-1
957,73,934,692,125,96,1,-1,-1,-1
958,73,934,692,125,96,1,-1,-1,-1
959,73,935,693,124,96,1,-1,-1,-1
960,73,935,693,124,96,1,-1,-1,-1
961,73,935,693,123,95,1,-1,-1,-1
962,73,935,693,123,96,1,-1,-1,-1
963,73,935,693,123,96,1,-1,-1,-1
964,73,935,693,123,96,1,-1,-1,-1
965,73,935,692,124,96,1,-1,-1,-1
966,73,935,692,123,96,1,-1,-1,-1
967,73,935,692,124,96,1,-1,-1,-1
968,73,935,692,124,96,1,-1,-1,-1
969,73,935,692,124,95,1,-1,-1,-1
970,73,935,692,124,95,1,-1,-1,-1
971,73,935,693,124,95,1,-1,-1,-1
972,73,935,693,124,95,1,-1,-1,-1
973,73,935,692,124,95,1,-1,-1,-1
974,73,935,692,124,95,1,-1,-1,-1
975,73,935,692,124,95,1,-1,-1,-1
976,73,935,692,124,95,1,-1,-1,-1
977,73,935,692,124,96,1,-1,-1,-1
978,73,935,692,124,96,1,-1,-1,-1
979,73,935,692,124,96,1,-1,-1,-1
980,73,934,692,124,96,1,-1,-1,-1
981,73,935,692,124,96,1,-1,-1,-1
982,73,935,692,124,96,1,-1,-1,-1
983,73,935,692,124,96,1,-1,-1,-1
984,73,935,692,124,96,1,-1,-1,-1
985,73,935,692,124,96,1,-1,-1,-1
986,73,935,692,124,96,1,-1,-1,-1
987,73,935,692,124,96,1,-1,-1,-1
988,73,935,692,124,96,1,-1,-1,-1
989,73,935,692,124,96,1,-1,-1,-1
990,73,935,692,124,96,1,-1,-1,-1
991,73,935,692,124,96,1,-1,-1,-1
992,73,935,692,124,96,1,-1,-1,-1
993,73,935,692,124,96,1,-1,-1,-1
994,73,934,692,124,96,1,-1,-1,-1
995,73,935,692,124,96,1,-1,-1,-1
996,73,935,692,124,96,1,-1,-1,-1
997,73,934,692,124,96,1,-1,-1,-1
998,73,934,692,124,96,1,-1,-1,-1
999,73,934,692,124,96,1,-1,-1,-1
1000,73,934,692,124,96,1,-1,-1,-1
1001,73,934,692,124,96,1,-1,-1,-1
1002,73,934,692,124,96,1,-1,-1,-1
1003,73,935,692,124,96,1,-1,-1,-1
1004,73,935,692,124,96,1,-1,-1,-1
1005,73,934,692,124,96,1,-1,-1,-1
1006,73,935,693,124,96,1,-1,-1,-1
1007,73,935,693,124,96,1,-1,-1,-1
1008,73,935,693,124,96,1,-1,-1,-1
1009,73,935,693,123,95,1,-1,-1,-1
1010,73,936,693,123,95,1,-1,-1,-1
1011,73,936,693,123,95,1,-1,-1,-1
1012,73,936,693,123,95,1,-1,-1,-1
1013,73,936,693,123,95,1,-1,-1,-1
1014,73,936,693,123,95,1,-1,-1,-1
1015,73,936,693,123,95,1,-1,-1,-1
1016,73,936,693,123,95,1,-1,-1,-1
1017,73,935,693,123,95,1,-1,-1,-1
1018,73,935,693,123,95,1,-1,-1,-1
1019,73,935,693,123,95,1,-1,-1,-1
1020,73,935,693,123,95,1,-1,-1,-1
1021,73,934,693,124,95,1,-1,-1,-1
1022,73,935,693,123,95,1,-1,-1,-1
1023,73,936,693,122,95,1,-1,-1,-1
1024,73,936,693,122,95,1,-1,-1,-1
1025,73,936,693,123,95,1,-1,-1,-1
1026,73,936,693,123,95,1,-1,-1,-1
1027,73,935,693,123,95,1,-1,-1,-1
1028,73,935,693,124,95,1,-1,-1,-1
1029,73,934,693,124,96,1,-1,-1,-1
1030,73,934,693,124,96,1,-1,-1,-1
1031,73,934,693,125,96,1,-1,-1,-1
1032,73,933,693,126,96,1,-1,-1,-1
1033,73,932,693,126,95,1,-1,-1,-1
1034,73,933,693,126,95,1,-1,-1,-1
1035,73,934,693,125,95,1,-1,-1,-1
1036,73,935,693,124,95,1,-1,-1,-1
1037,73,935,692,124,95,1,-1,-1,-1
1038,73,934,693,125,95,1,-1,-1,-1
1039,73,933,693,126,95,1,-1,-1,-1
1040,73,932,693,127,95,1,-1,-1,-1
1041,73,933,693,125,95,1,-1,-1,-1
1042,73,805,679,254,108,1,-1,-1,-1
1043,73,806,679,253,108,1,-1,-1,-1
1044,73,801,679,256,109,1,-1,-1,-1
1045,73,800,680,257,108,1,-1,-1,-1
1052,73,801,679,206,51,1,-1,-1,-1
1,74,196,513,299,164,1,-1,-1,-1
2,74,195,513,300,164,1,-1,-1,-1
3,74,195,513,300,164,1,-1,-1,-1
4,74,195,513,300,164,1,-1,-1,-1
5,74,195,513,300,164,1,-1,-1,-1
6,74,195,513,300,164,1,-1,-1,-1
7,74,195,513,300,164,1,-1,-1,-1
8,74,195,513,300,164,1,-1,-1,-1
9,74,195,513,300,164,1,-1,-1,-1
10,74,195,513,300,164,1,-1,-1,-1
11,74,195,513,300,164,1,-1,-1,-1
12,74,195,513,300,164,1,-1,-1,-1
13,74,195,513,299,164,1,-1,-1,-1
14,74,195,513,299,164,1,-1,-1,-1
15,74,195,513,299,164,1,-1,-1,-1
16,74,195,513,299,164,1,-1,-1,-1
17,74,195,513,299,164,1,-1,-1,-1
18,74,195,513,299,164,1,-1,-1,-1
19,74,195,513,299,164,1,-1,-1,-1
20,74,196,513,299,164,1,-1,-1,-1
21,74,196,513,299,164,1,-1,-1,-1
22,74,196,513,300,164,1,-1,-1,-1
23,74,196,513,299,164,1,-1,-1,-1
24,74,196,513,299,164,1,-1,-1,-1
25,74,196,513,300,164,1,-1,-1,-1
26,74,196,513,300,164,1,-1,-1,-1
27,74,196,513,300,164,1,-1,-1,-1
28,74,196,513,300,164,1,-1,-1,-1
29,74,196,513,300,164,1,-1,-1,-1
30,74,196,513,300,164,1,-1,-1,-1
31,74,196,513,300,164,1,-1,-1,-1
32,74,195,513,300,164,1,-1,-1,-1
33,74,195,513,300,164,1,-1,-1,-1
34,74,195,513,300,164,1,-1,-1,-1
35,74,195,513,300,164,1,-1,-1,-1
36,74,195,513,300,164,1,-1,-1,-1
37,74,196,513,300,164,1,-1,-1,-1
38,74,196,513,300,164,1,-1,-1,-1
39,74,195,513,300,164,1,-1,-1,-1
40,74,196,513,299,164,1,-1,-1,-1
41,74,196,513,300,164,1,-1,-1,-1
42,74,196,513,300,164,1,-1,-1,-1
43,74,196,513,300,164,1,-1,-1,-1
44,74,196,513,300,164,1,-1,-1,-1
45,74,196,513,300,164,1,-1,-1,-1
46,74,196,513,300,164,1,-1,-1,-1
47,74,196,513,299,164,1,-1,-1,-1
48,74,196,513,299,164,1,-1,-1,-1
49,74,196,513,300,164,1,-1,-1,-1
50,74,196,513,300,164,1,-1,-1,-1
51,74,196,513,300,164,1,-1,-1,-1
52,74,196,513,300,164,1,-1,-1,-1
53,74,196,513,299,164,1,-1,-1,-1
54,74,196,513,300,164,1,-1,-1,-1
55,74,196,513,299,164,1,-1,-1,-1
56,74,196,513,299,164,1,-1,-1,-1
57,74,196,513,299,164,1,-1,-1,-1
58,74,196,513,299,164,1,-1,-1,-1
59,74,196,513,299,164,1,-1,-1,-1
60,74,196,513,299,164,1,-1,-1,-1
61,74,196,513,300,164,1,-1,-1,-1
62,74,196,513,300,164,1,-1,-1,-1
63,74,196,514,300,164,1,-1,-1,-1
64,74,196,513,300,164,1,-1,-1,-1
65,74,196,513,300,164,1,-1,-1,-1
66,74,196,513,300,164,1,-1,-1,-1
67,74,196,513,300,164,1,-1,-1,-1
68,74,196,514,300,164,1,-1,-1,-1
69,74,196,514,300,164,1,-1,-1,-1
70,74,196,514,300,164,1,-1,-1,-1
71,74,196,514,300,164,1,-1,-1,-1
72,74,196,513,300,164,1,-1,-1,-1
73,74,196,514,300,164,1,-1,-1,-1
74,74,196,514,300,164,1,-1,-1,-1
75,74,196,514,300,164,1,-1,-1,-1
76,74,196,514,300,164,1,-1,-1,-1
77,74,196,514,300,164,1,-1,-1,-1
78,74,196,514,299,164,1,-1,-1,-1
79,74,196,514,300,164,1,-1,-1,-1
80,74,196,514,300,164,1,-1,-1,-1
81,74,196,514,300,164,1,-1,-1,-1
82,74,196,514,300,164,1,-1,-1,-1
83,74,196,514,300,164,1,-1,-1,-1
84,74,196,514,300,164,1,-1,-1,-1
85,74,196,514,300,164,1,-1,-1,-1
86,74,196,514,300,164,1,-1,-1,-1
87,74,196,514,300,164,1,-1,-1,-1
88,74,196,514,300,164,1,-1,-1,-1
89,74,196,514,300,164,1,-1,-1,-1
90,74,196,514,300,164,1,-1,-1,-1
91,74,196,514,300,164,1,-1,-1,-1
92,74,196,514,300,164,1,-1,-1,-1
93,74,196,514,300,164,1,-1,-1,-1
94,74,196,514,300,164,1,-1,-1,-1
95,74,196,514,300,164,1,-1,-1,-1
96,74,196,514,300,164,1,-1,-1,-1
97,74,196,514,299,164,1,-1,-1,-1
98,74,196,514,299,164,1,-1,-1,-1
99,74,196,514,300,164,1,-1,-1,-1
100,74,196,513,298,164,1,-1,-1,-1
101,74,196,514,299,164,1,-1,-1,-1
102,74,196,514,299,164,1,-1,-1,-1
103,74,196,514,299,164,1,-1,-1,-1
104,74,196,514,299,164,1,-1,-1,-1
105,74,196,514,299,164,1,-1,-1,-1
106,74,196,514,299,164,1,-1,-1,-1
107,74,196,514,299,164,1,-1,-1,-1
108,74,196,514,299,164,1,-1,-1,-1
109,74,196,514,299,164,1,-1,-1,-1
110,74,196,514,299,164,1,-1,-1,-1
111,74,196,514,299,164,1,-1,-1,-1
112,74,196,514,299,164,1,-1,-1,-1
113,74,196,514,299,164,1,-1,-1,-1
114,74,196,514,299,164,1,-1,-1,-1
115,74,196,514,299,164,1,-1,-1,-1
116,74,196,514,299,164,1,-1,-1,-1
117,74,196,514,299,164,1,-1,-1,-1
118,74,196,514,299,164,1,-1,-1,-1
119,74,196,514,299,164,1,-1,-1,-1
120,74,196,514,299,164,1,-1,-1,-1
121,74,196,514,299,164,1,-1,-1,-1
122,74,196,514,299,163,1,-1,-1,-1
123,74,196,514,299,164,1,-1,-1,-1
124,74,196,514,299,164,1,-1,-1,-1
125,74,196,514,299,163,1,-1,-1,-1
126,74,196,514,299,163,1,-1,-1,-1
127,74,196,514,299,163,1,-1,-1,-1
128,74,196,514,299,163,1,-1,-1,-1
129,74,196,514,299,163,1,-1,-1,-1
130,74,196,514,299,163,1,-1,-1,-1
131,74,196,514,299,163,1,-1,-1,-1
132,74,196,514,299,163,1,-1,-1,-1
133,74,196,513,298,164,1,-1,-1,-1
134,74,196,513,298,164,1,-1,-1,-1
135,74,196,513,298,164,1,-1,-1,-1
136,74,196,513,298,164,1,-1,-1,-1
137,74,196,513,299,163,1,-1,-1,-1
138,74,196,513,299,163,1,-1,-1,-1
139,74,196,513,299,163,1,-1,-1,-1
140,74,196,513,299,163,1,-1,-1,-1
141,74,196,513,299,163,1,-1,-1,-1
142,74,196,513,299,163,1,-1,-1,-1
143,74,196,513,299,163,1,-1,-1,-1
144,74,196,514,299,163,1,-1,-1,-1
145,74,196,514,299,164,1,-1,-1,-1
146,74,196,514,299,164,1,-1,-1,-1
147,74,196,514,299,164,1,-1,-1,-1
148,74,196,514,299,163,1,-1,-1,-1
149,74,196,514,299,163,1,-1,-1,-1
150,74,196,514,299,163,1,-1,-1,-1
151,74,196,514,299,163,1,-1,-1,-1
152,74,196,514,299,163,1,-1,-1,-1
153,74,196,514,299,163,1,-1,-1,-1
154,74,196,514,299,163,1,-1,-1,-1
155,74,196,514,299,163,1,-1,-1,-1
156,74,196,514,299,163,1,-1,-1,-1
157,74,196,513,298,164,1,-1,-1,-1
158,74,196,513,299,163,1,-1,-1,-1
159,74,196,513,299,163,1,-1,-1,-1
160,74,196,513,299,163,1,-1,-1,-1
161,74,196,513,299,163,1,-1,-1,-1
162,74,196,513,299,163,1,-1,-1,-1
163,74,196,513,299,163,1,-1,-1,-1
164,74,196,513,299,163,1,-1,-1,-1
165,74,196,513,299,163,1,-1,-1,-1
166,74,196,513,299,163,1,-1,-1,-1
167,74,196,513,299,163,1,-1,-1,-1
168,74,196,513,299,163,1,-1,-1,-1
169,74,196,513,299,163,1,-1,-1,-1
170,74,196,513,299,163,1,-1,-1,-1
171,74,196,513,298,164,1,-1,-1,-1
172,74,196,513,298,164,1,-1,-1,-1
173,74,196,513,298,164,1,-1,-1,-1
174,74,196,513,298,164,1,-1,-1,-1
175,74,196,513,298,164,1,-1,-1,-1
176,74,196,513,298,164,1,-1,-1,-1
177,74,196,513,298,164,1,-1,-1,-1
178,74,196,513,298,164,1,-1,-1,-1
179,74,196,513,299,163,1,-1,-1,-1
180,74,196,513,299,163,1,-1,-1,-1
181,74,196,513,298,164,1,-1,-1,-1
182,74,196,513,298,164,1,-1,-1,-1
183,74,196,513,298,164,1,-1,-1,-1
184,74,196,513,299,163,1,-1,-1,-1
185,74,196,513,299,164,1,-1,-1,-1
186,74,196,513,299,164,1,-1,-1,-1
187,74,196,513,299,164,1,-1,-1,-1
188,74,196,513,299,164,1,-1,-1,-1
189,74,196,513,299,164,1,-1,-1,-1
190,74,196,513,299,164,1,-1,-1,-1
191,74,196,513,299,163,1,-1,-1,-1
192,74,196,513,299,164,1,-1,-1,-1
193,74,196,513,299,164,1,-1,-1,-1
194,74,196,513,299,164,1,-1,-1,-1
195,74,196,513,299,164,1,-1,-1,-1
196,74,195,513,299,164,1,-1,-1,-1
197,74,195,513,299,164,1,-1,-1,-1
198,74,195,513,299,164,1,-1,-1,-1
199,74,195,513,299,164,1,-1,-1,-1
200,74,195,513,299,165,1,-1,-1,-1
201,74,195,513,299,165,1,-1,-1,-1
202,74,195,513,299,165,1,-1,-1,-1
203,74,195,513,299,165,1,-1,-1,-1
204,74,195,513,299,165,1,-1,-1,-1
205,74,196,513,298,166,1,-1,-1,-1
206,74,196,513,298,166,1,-1,-1,-1
207,74,196,513,298,166,1,-1,-1,-1
208,74,196,513,298,166,1,-1,-1,-1
209,74,196,513,298,166,1,-1,-1,-1
210,74,196,513,298,166,1,-1,-1,-1
211,74,196,513,298,166,1,-1,-1,-1
212,74,196,513,298,166,1,-1,-1,-1
213,74,196,513,298,166,1,-1,-1,-1
214,74,196,513,298,166,1,-1,-1,-1
215,74,196,513,298,166,1,-1,-1,-1
216,74,196,513,298,166,1,-1,-1,-1
217,74,196,513,298,166,1,-1,-1,-1
218,74,196,513,298,166,1,-1,-1,-1
219,74,196,513,298,166,1,-1,-1,-1
220,74,196,513,298,166,1,-1,-1,-1
221,74,196,513,298,166,1,-1,-1,-1
222,74,196,513,298,166,1,-1,-1,-1
223,74,196,513,298,166,1,-1,-1,-1
224,74,196,513,298,166,1,-1,-1,-1
225,74,196,513,298,166,1,-1,-1,-1
226,74,196,513,298,166,1,-1,-1,-1
227,74,196,513,298,166,1,-1,-1,-1
228,74,196,513,298,166,1,-1,-1,-1
229,74,196,513,299,166,1,-1,-1,-1
230,74,196,513,299,166,1,-1,-1,-1
231,74,196,513,299,166,1,-1,-1,-1
232,74,196,513,299,165,1,-1,-1,-1
233,74,196,513,299,165,1,-1,-1,-1
234,74,196,513,299,166,1,-1,-1,-1
235,74,196,513,299,166,1,-1,-1,-1
236,74,196,513,299,165,1,-1,-1,-1
237,74,196,513,299,165,1,-1,-1,-1
238,74,196,513,299,165,1,-1,-1,-1
239,74,196,513,299,166,1,-1,-1,-1
240,74,196,513,299,166,1,-1,-1,-1
241,74,196,513,299,166,1,-1,-1,-1
242,74,196,513,299,166,1,-1,-1,-1
243,74,196,513,299,166,1,-1,-1,-1
244,74,196,513,299,166,1,-1,-1,-1
245,74,196,513,299,166,1,-1,-1,-1
246,74,196,513,299,166,1,-1,-1,-1
247,74,196,513,298,166,1,-1,-1,-1
248,74,196,513,298,166,1,-1,-1,-1
249,74,196,513,298,166,1,-1,-1,-1
250,74,196,513,299,165,1,-1,-1,-1
251,74,196,513,299,165,1,-1,-1,-1
252,74,196,513,299,165,1,-1,-1,-1
253,74,196,513,299,164,1,-1,-1,-1
254,74,196,513,299,164,1,-1,-1,-1
255,74,196,513,299,164,1,-1,-1,-1
256,74,196,513,299,165,1,-1,-1,-1
257,74,196,513,299,165,1,-1,-1,-1
258,74,196,513,299,164,1,-1,-1,-1
259,74,196,513,299,164,1,-1,-1,-1
260,74,196,513,299,164,1,-1,-1,-1
261,74,196,513,299,164,1,-1,-1,-1
262,74,196,513,299,164,1,-1,-1,-1
263,74,196,513,299,164,1,-1,-1,-1
264,74,196,513,299,164,1,-1,-1,-1
265,74,196,513,299,164,1,-1,-1,-1
266,74,196,513,299,164,1,-1,-1,-1
267,74,196,513,299,164,1,-1,-1,-1
268,74,196,513,299,164,1,-1,-1,-1
269,74,196,513,299,164,1,-1,-1,-1
270,74,196,513,299,164,1,-1,-1,-1
271,74,196,513,299,164,1,-1,-1,-1
272,74,196,513,299,164,1,-1,-1,-1
273,74,196,513,299,164,1,-1,-1,-1
274,74,196,513,299,164,1,-1,-1,-1
275,74,196,513,299,164,1,-1,-1,-1
276,74,196,513,299,164,1,-1,-1,-1
277,74,196,513,299,165,1,-1,-1,-1
278,74,196,513,299,165,1,-1,-1,-1
279,74,196,513,299,165,1,-1,-1,-1
280,74,196,513,299,164,1,-1,-1,-1
281,74,196,513,299,165,1,-1,-1,-1
282,74,196,513,299,165,1,-1,-1,-1
283,74,196,513,299,165,1,-1,-1,-1
284,74,196,513,299,165,1,-1,-1,-1
285,74,196,513,299,165,1,-1,-1,-1
286,74,196,513,299,165,1,-1,-1,-1
287,74,196,513,299,165,1,-1,-1,-1
288,74,196,513,299,165,1,-1,-1,-1
289,74,196,513,299,165,1,-1,-1,-1
290,74,196,513,299,165,1,-1,-1,-1
291,74,196,513,299,165,1,-1,-1,-1
292,74,196,513,299,165,1,-1,-1,-1
293,74,196,513,299,165,1,-1,-1,-1
294,74,196,513,299,165,1,-1,-1,-1
295,74,196,513,299,165,1,-1,-1,-1
296,74,196,513,299,165,1,-1,-1,-1
297,74,196,513,299,165,1,-1,-1,-1
298,74,196,513,299,165,1,-1,-1,-1
299,74,196,513,299,165,1,-1,-1,-1
300,74,196,513,299,165,1,-1,-1,-1
301,74,196,513,299,165,1,-1,-1,-1
302,74,196,513,299,165,1,-1,-1,-1
303,74,195,513,299,165,1,-1,-1,-1
304,74,196,513,299,165,1,-1,-1,-1
305,74,196,513,299,165,1,-1,-1,-1
306,74,195,513,299,165,1,-1,-1,-1
307,74,196,513,299,165,1,-1,-1,-1
308,74,195,513,299,165,1,-1,-1,-1
309,74,195,513,299,165,1,-1,-1,-1
310,74,195,513,299,165,1,-1,-1,-1
311,74,195,513,299,165,1,-1,-1,-1
312,74,196,513,299,165,1,-1,-1,-1
313,74,196,513,298,166,1,-1,-1,-1
314,74,196,513,298,166,1,-1,-1,-1
315,74,196,513,298,165,1,-1,-1,-1
316,74,196,513,298,165,1,-1,-1,-1
317,74,196,513,298,165,1,-1,-1,-1
318,74,196,513,298,165,1,-1,-1,-1
319,74,196,513,299,165,1,-1,-1,-1
320,74,196,513,299,165,1,-1,-1,-1
321,74,196,513,299,165,1,-1,-1,-1
322,74,196,513,299,165,1,-1,-1,-1
323,74,196,513,299,165,1,-1,-1,-1
324,74,196,513,299,165,1,-1,-1,-1
325,74,196,513,299,165,1,-1,-1,-1
326,74,196,513,299,165,1,-1,-1,-1
327,74,196,513,299,165,1,-1,-1,-1
328,74,196,513,299,165,1,-1,-1,-1
329,74,196,513,299,165,1,-1,-1,-1
330,74,196,513,299,165,1,-1,-1,-1
331,74,196,513,299,165,1,-1,-1,-1
332,74,196,513,299,165,1,-1,-1,-1
333,74,196,513,299,165,1,-1,-1,-1
334,74,196,513,299,165,1,-1,-1,-1
335,74,196,513,298,165,1,-1,-1,-1
336,74,196,513,298,165,1,-1,-1,-1
337,74,196,513,298,165,1,-1,-1,-1
338,74,196,513,298,165,1,-1,-1,-1
339,74,196,513,298,165,1,-1,-1,-1
340,74,196,513,298,165,1,-1,-1,-1
341,74,196,513,298,165,1,-1,-1,-1
342,74,196,513,298,165,1,-1,-1,-1
343,74,196,513,299,166,1,-1,-1,-1
344,74,196,513,299,166,1,-1,-1,-1
345,74,196,513,299,166,1,-1,-1,-1
346,74,196,513,299,166,1,-1,-1,-1
347,74,196,513,298,166,1,-1,-1,-1
348,74,196,513,298,166,1,-1,-1,-1
349,74,196,512,299,166,1,-1,-1,-1
350,74,196,512,299,166,1,-1,-1,-1
351,74,196,512,299,166,1,-1,-1,-1
352,74,196,512,299,166,1,-1,-1,-1
353,74,196,512,299,166,1,-1,-1,-1
354,74,196,512,299,166,1,-1,-1,-1
355,74,196,512,299,166,1,-1,-1,-1
356,74,195,513,299,165,1,-1,-1,-1
357,74,195,513,299,165,1,-1,-1,-1
358,74,195,513,299,165,1,-1,-1,-1
359,74,195,513,299,165,1,-1,-1,-1
360,74,195,513,300,165,1,-1,-1,-1
361,74,195,513,300,165,1,-1,-1,-1
362,74,196,512,299,166,1,-1,-1,-1
363,74,196,512,298,166,1,-1,-1,-1
364,74,196,513,299,165,1,-1,-1,-1
365,74,196,513,298,166,1,-1,-1,-1
366,74,196,513,298,165,1,-1,-1,-1
367,74,196,513,299,164,1,-1,-1,-1
368,74,196,513,299,164,1,-1,-1,-1
369,74,196,513,299,164,1,-1,-1,-1
370,74,196,513,299,165,1,-1,-1,-1
371,74,196,513,299,164,1,-1,-1,-1
372,74,196,513,299,164,1,-1,-1,-1
373,74,196,513,298,164,1,-1,-1,-1
374,74,196,513,298,164,1,-1,-1,-1
375,74,196,513,298,164,1,-1,-1,-1
376,74,196,513,298,164,1,-1,-1,-1
377,74,196,513,298,164,1,-1,-1,-1
378,74,196,513,298,164,1,-1,-1,-1
379,74,196,513,298,164,1,-1,-1,-1
380,74,196,513,299,164,1,-1,-1,-1
381,74,196,513,299,164,1,-1,-1,-1
382,74,196,513,299,164,1,-1,-1,-1
383,74,196,513,299,164,1,-1,-1,-1
384,74,196,513,299,164,1,-1,-1,-1
385,74,196,513,299,164,1,-1,-1,-1
386,74,196,513,299,164,1,-1,-1,-1
387,74,196,513,299,164,1,-1,-1,-1
388,74,196,513,299,164,1,-1,-1,-1
389,74,196,513,299,164,1,-1,-1,-1
390,74,196,513,299,164,1,-1,-1,-1
391,74,196,513,299,164,1,-1,-1,-1
392,74,196,513,299,164,1,-1,-1,-1
393,74,196,513,299,164,1,-1,-1,-1
394,74,196,513,299,164,1,-1,-1,-1
395,74,196,513,299,164,1,-1,-1,-1
396,74,196,513,299,164,1,-1,-1,-1
397,74,196,513,299,164,1,-1,-1,-1
398,74,196,513,299,164,1,-1,-1,-1
399,74,196,513,299,164,1,-1,-1,-1
400,74,196,513,299,164,1,-1,-1,-1
401,74,196,513,299,164,1,-1,-1,-1
402,74,196,513,299,164,1,-1,-1,-1
403,74,196,513,299,164,1,-1,-1,-1
404,74,196,513,299,164,1,-1,-1,-1
405,74,196,513,299,164,1,-1,-1,-1
406,74,196,513,299,164,1,-1,-1,-1
407,74,196,513,299,164,1,-1,-1,-1
408,74,196,513,299,164,1,-1,-1,-1
409,74,196,513,299,164,1,-1,-1,-1
410,74,196,513,299,164,1,-1,-1,-1
411,74,196,513,299,164,1,-1,-1,-1
412,74,196,513,299,164,1,-1,-1,-1
413,74,196,513,299,164,1,-1,-1,-1
414,74,196,513,299,164,1,-1,-1,-1
415,74,196,513,299,164,1,-1,-1,-1
416,74,196,513,299,164,1,-1,-1,-1
417,74,196,513,299,164,1,-1,-1,-1
418,74,196,513,299,164,1,-1,-1,-1
419,74,196,513,299,164,1,-1,-1,-1
420,74,196,513,299,164,1,-1,-1,-1
421,74,196,513,299,164,1,-1,-1,-1
422,74,196,513,299,164,1,-1,-1,-1
423,74,196,513,299,164,1,-1,-1,-1
424,74,196,513,299,164,1,-1,-1,-1
425,74,196,513,299,164,1,-1,-1,-1
426,74,196,513,299,164,1,-1,-1,-1
427,74,196,513,299,164,1,-1,-1,-1
428,74,196,513,299,164,1,-1,-1,-1
429,74,196,513,299,164,1,-1,-1,-1
430,74,196,513,299,164,1,-1,-1,-1
431,74,196,513,299,164,1,-1,-1,-1
432,74,196,513,299,164,1,-1,-1,-1
433,74,196,514,299,164,1,-1,-1,-1
434,74,196,514,299,164,1,-1,-1,-1
435,74,196,514,299,164,1,-1,-1,-1
436,74,196,514,299,164,1,-1,-1,-1
437,74,196,514,299,164,1,-1,-1,-1
438,74,196,514,299,164,1,-1,-1,-1
439,74,196,514,299,164,1,-1,-1,-1
440,74,196,514,299,164,1,-1,-1,-1
441,74,196,514,299,164,1,-1,-1,-1
442,74,196,514,299,164,1,-1,-1,-1
443,74,196,514,299,164,1,-1,-1,-1
444,74,196,514,299,164,1,-1,-1,-1
445,74,196,513,299,164,1,-1,-1,-1
446,74,196,513,299,164,1,-1,-1,-1
447,74,196,513,299,164,1,-1,-1,-1
448,74,196,513,299,164,1,-1,-1,-1
449,74,196,513,299,164,1,-1,-1,-1
450,74,196,513,299,164,1,-1,-1,-1
451,74,196,513,299,164,1,-1,-1,-1
452,74,196,513,299,164,1,-1,-1,-1
453,74,196,513,299,164,1,-1,-1,-1
454,74,196,513,299,164,1,-1,-1,-1
455,74,196,513,299,164,1,-1,-1,-1
456,74,196,513,299,164,1,-1,-1,-1
457,74,196,513,300,164,1,-1,-1,-1
458,74,196,513,300,164,1,-1,-1,-1
459,74,196,513,300,164,1,-1,-1,-1
460,74,196,513,300,164,1,-1,-1,-1
461,74,196,513,300,164,1,-1,-1,-1
462,74,196,513,300,164,1,-1,-1,-1
463,74,196,513,300,164,1,-1,-1,-1
464,74,196,513,300,164,1,-1,-1,-1
465,74,196,513,300,164,1,-1,-1,-1
466,74,196,513,300,164,1,-1,-1,-1
467,74,196,513,300,164,1,-1,-1,-1
468,74,196,513,300,164,1,-1,-1,-1
469,74,196,513,300,164,1,-1,-1,-1
470,74,196,513,300,164,1,-1,-1,-1
471,74,196,513,300,164,1,-1,-1,-1
472,74,196,513,300,164,1,-1,-1,-1
473,74,196,513,300,164,1,-1,-1,-1
474,74,196,513,300,164,1,-1,-1,-1
475,74,196,513,300,164,1,-1,-1,-1
476,74,196,513,300,164,1,-1,-1,-1
477,74,196,513,300,164,1,-1,-1,-1
478,74,196,513,300,164,1,-1,-1,-1
479,74,196,513,300,164,1,-1,-1,-1
480,74,196,513,300,164,1,-1,-1,-1
481,74,196,513,299,164,1,-1,-1,-1
482,74,196,513,299,164,1,-1,-1,-1
483,74,196,513,299,165,1,-1,-1,-1
484,74,196,513,299,165,1,-1,-1,-1
485,74,196,513,299,165,1,-1,-1,-1
486,74,196,513,299,165,1,-1,-1,-1
487,74,196,513,299,165,1,-1,-1,-1
488,74,196,513,299,165,1,-1,-1,-1
489,74,196,513,299,165,1,-1,-1,-1
490,74,196,513,299,165,1,-1,-1,-1
491,74,196,513,299,165,1,-1,-1,-1
492,74,196,513,299,165,1,-1,-1,-1
493,74,196,513,299,165,1,-1,-1,-1
494,74,196,513,299,165,1,-1,-1,-1
495,74,196,513,299,165,1,-1,-1,-1
496,74,196,513,299,165,1,-1,-1,-1
497,74,196,513,299,165,1,-1,-1,-1
498,74,196,513,299,165,1,-1,-1,-1
499,74,196,513,299,165,1,-1,-1,-1
500,74,196,513,299,165,1,-1,-1,-1
501,74,196,513,299,165,1,-1,-1,-1
502,74,196,513,299,165,1,-1,-1,-1
503,74,196,513,299,165,1,-1,-1,-1
504,74,196,513,299,165,1,-1,-1,-1
505,74,196,513,299,165,1,-1,-1,-1
506,74,196,513,299,165,1,-1,-1,-1
507,74,196,513,299,165,1,-1,-1,-1
508,74,196,513,299,165,1,-1,-1,-1
509,74,196,513,299,165,1,-1,-1,-1
510,74,196,513,299,165,1,-1,-1,-1
511,74,196,513,299,165,1,-1,-1,-1
512,74,196,513,299,165,1,-1,-1,-1
513,74,196,513,299,165,1,-1,-1,-1
514,74,196,513,299,165,1,-1,-1,-1
515,74,196,513,299,165,1,-1,-1,-1
516,74,196,513,299,165,1,-1,-1,-1
517,74,196,513,299,165,1,-1,-1,-1
518,74,196,513,299,165,1,-1,-1,-1
519,74,196,513,299,165,1,-1,-1,-1
520,74,196,513,299,165,1,-1,-1,-1
521,74,196,513,299,165,1,-1,-1,-1
522,74,196,513,299,165,1,-1,-1,-1
523,74,196,513,299,165,1,-1,-1,-1
524,74,196,513,299,165,1,-1,-1,-1
525,74,196,513,299,165,1,-1,-1,-1
526,74,196,513,299,165,1,-1,-1,-1
527,74,196,513,299,165,1,-1,-1,-1
528,74,196,513,299,165,1,-1,-1,-1
529,74,196,513,299,165,1,-1,-1,-1
530,74,196,513,299,165,1,-1,-1,-1
531,74,196,513,299,165,1,-1,-1,-1
532,74,196,513,299,165,1,-1,-1,-1
533,74,196,513,299,165,1,-1,-1,-1
534,74,196,513,300,164,1,-1,-1,-1
535,74,196,513,300,164,1,-1,-1,-1
536,74,196,513,299,164,1,-1,-1,-1
537,74,196,513,300,164,1,-1,-1,-1
538,74,196,513,299,164,1,-1,-1,-1
539,74,196,513,301,164,1,-1,-1,-1
540,74,196,513,301,164,1,-1,-1,-1
541,74,196,513,300,164,1,-1,-1,-1
542,74,196,513,300,164,1,-1,-1,-1
543,74,196,513,299,164,1,-1,-1,-1
544,74,196,513,299,164,1,-1,-1,-1
545,74,196,513,299,165,1,-1,-1,-1
546,74,196,513,299,165,1,-1,-1,-1
547,74,196,513,299,165,1,-1,-1,-1
548,74,196,513,299,165,1,-1,-1,-1
549,74,196,513,300,165,1,-1,-1,-1
550,74,196,513,300,165,1,-1,-1,-1
551,74,196,513,300,165,1,-1,-1,-1
552,74,196,513,300,165,1,-1,-1,-1
553,74,196,512,299,165,1,-1,-1,-1
554,74,196,512,299,165,1,-1,-1,-1
555,74,196,512,299,165,1,-1,-1,-1
556,74,196,513,300,165,1,-1,-1,-1
557,74,196,512,300,165,1,-1,-1,-1
558,74,197,513,300,165,1,-1,-1,-1
559,74,196,513,300,164,1,-1,-1,-1
560,74,197,512,300,165,1,-1,-1,-1
561,74,196,512,301,165,1,-1,-1,-1
562,74,196,512,300,165,1,-1,-1,-1
563,74,196,512,300,165,1,-1,-1,-1
564,74,196,512,300,165,1,-1,-1,-1
565,74,196,512,300,165,1,-1,-1,-1
566,74,196,512,300,165,1,-1,-1,-1
567,74,196,512,300,165,1,-1,-1,-1
568,74,196,513,300,165,1,-1,-1,-1
569,74,196,512,300,165,1,-1,-1,-1
570,74,196,512,300,165,1,-1,-1,-1
571,74,196,512,300,165,1,-1,-1,-1
572,74,196,512,300,165,1,-1,-1,-1
573,74,196,512,301,165,1,-1,-1,-1
574,74,196,512,300,165,1,-1,-1,-1
575,74,196,512,300,165,1,-1,-1,-1
576,74,196,513,300,165,1,-1,-1,-1
577,74,196,513,300,165,1,-1,-1,-1
578,74,196,513,300,165,1,-1,-1,-1
579,74,196,512,300,165,1,-1,-1,-1
580,74,196,513,300,165,1,-1,-1,-1
581,74,195,513,301,165,1,-1,-1,-1
582,74,195,513,300,165,1,-1,-1,-1
583,74,195,513,300,165,1,-1,-1,-1
584,74,195,513,300,165,1,-1,-1,-1
585,74,195,513,300,165,1,-1,-1,-1
586,74,195,513,300,165,1,-1,-1,-1
587,74,195,513,300,165,1,-1,-1,-1
588,74,195,513,300,165,1,-1,-1,-1
589,74,195,513,301,164,1,-1,-1,-1
590,74,195,513,301,165,1,-1,-1,-1
591,74,195,513,301,165,1,-1,-1,-1
592,74,195,513,301,165,1,-1,-1,-1
593,74,195,513,301,165,1,-1,-1,-1
594,74,195,513,301,165,1,-1,-1,-1
595,74,195,513,301,165,1,-1,-1,-1
596,74,195,513,301,165,1,-1,-1,-1
597,74,195,513,301,165,1,-1,-1,-1
598,74,195,513,301,165,1,-1,-1,-1
599,74,195,513,301,165,1,-1,-1,-1
600,74,195,513,301,165,1,-1,-1,-1
601,74,195,513,301,165,1,-1,-1,-1
602,74,195,513,301,165,1,-1,-1,-1
603,74,195,513,301,165,1,-1,-1,-1
604,74,195,513,301,165,1,-1,-1,-1
605,74,195,513,300,165,1,-1,-1,-1
606,74,195,513,300,164,1,-1,-1,-1
607,74,195,513,301,164,1,-1,-1,-1
608,74,195,513,301,164,1,-1,-1,-1
609,74,195,513,301,165,1,-1,-1,-1
610,74,195,513,301,165,1,-1,-1,-1
611,74,195,513,301,163,1,-1,-1,-1
612,74,195,513,301,164,1,-1,-1,-1
613,74,195,513,300,164,1,-1,-1,-1
614,74,195,513,300,164,1,-1,-1,-1
615,74,195,513,300,164,1,-1,-1,-1
616,74,195,513,300,164,1,-1,-1,-1
617,74,195,513,301,164,1,-1,-1,-1
618,74,195,513,301,164,1,-1,-1,-1
619,74,195,513,301,164,1,-1,-1,-1
620,74,195,513,301,164,1,-1,-1,-1
621,74,195,513,301,164,1,-1,-1,-1
622,74,195,513,300,164,1,-1,-1,-1
623,74,195,513,300,164,1,-1,-1,-1
624,74,195,513,300,164,1,-1,-1,-1
625,74,196,513,300,165,1,-1,-1,-1
626,74,196,513,300,165,1,-1,-1,-1
627,74,196,513,300,165,1,-1,-1,-1
628,74,196,512,300,165,1,-1,-1,-1
629,74,196,512,300,165,1,-1,-1,-1
630,74,196,512,300,165,1,-1,-1,-1
631,74,196,512,300,166,1,-1,-1,-1
632,74,196,512,300,166,1,-1,-1,-1
633,74,196,512,301,166,1,-1,-1,-1
634,74,196,512,301,165,1,-1,-1,-1
635,74,196,513,300,165,1,-1,-1,-1
636,74,196,513,300,164,1,-1,-1,-1
637,74,195,513,300,164,1,-1,-1,-1
638,74,195,513,300,164,1,-1,-1,-1
639,74,195,513,300,164,1,-1,-1,-1
640,74,195,513,300,164,1,-1,-1,-1
641,74,195,513,300,164,1,-1,-1,-1
642,74,195,513,300,164,1,-1,-1,-1
643,74,195,513,300,164,1,-1,-1,-1
644,74,195,513,300,164,1,-1,-1,-1
645,74,195,513,300,164,1,-1,-1,-1
646,74,195,513,300,164,1,-1,-1,-1
647,74,195,513,300,164,1,-1,-1,-1
648,74,195,513,300,164,1,-1,-1,-1
649,74,195,513,299,164,1,-1,-1,-1
650,74,195,513,300,164,1,-1,-1,-1
651,74,195,513,300,164,1,-1,-1,-1
652,74,195,513,300,164,1,-1,-1,-1
653,74,195,513,300,164,1,-1,-1,-1
654,74,195,513,300,164,1,-1,-1,-1
655,74,195,513,299,165,1,-1,-1,-1
656,74,195,513,300,165,1,-1,-1,-1
657,74,195,513,300,165,1,-1,-1,-1
658,74,195,513,300,164,1,-1,-1,-1
659,74,195,513,300,164,1,-1,-1,-1
660,74,195,513,300,164,1,-1,-1,-1
661,74,195,513,299,165,1,-1,-1,-1
662,74,195,513,299,165,1,-1,-1,-1
663,74,195,513,299,165,1,-1,-1,-1
664,74,195,513,299,165,1,-1,-1,-1
665,74,196,513,299,165,1,-1,-1,-1
666,74,196,513,299,165,1,-1,-1,-1
667,74,196,513,299,165,1,-1,-1,-1
668,74,196,513,299,165,1,-1,-1,-1
669,74,196,513,299,165,1,-1,-1,-1
670,74,196,513,299,165,1,-1,-1,-1
671,74,196,513,299,165,1,-1,-1,-1
672,74,196,513,299,165,1,-1,-1,-1
673,74,196,513,299,165,1,-1,-1,-1
674,74,196,513,300,165,1,-1,-1,-1
675,74,195,513,299,164,1,-1,-1,-1
676,74,196,513,299,164,1,-1,-1,-1
677,74,195,513,299,164,1,-1,-1,-1
678,74,195,513,299,164,1,-1,-1,-1
679,74,196,513,299,165,1,-1,-1,-1
680,74,195,513,299,165,1,-1,-1,-1
681,74,196,513,300,165,1,-1,-1,-1
682,74,196,513,300,165,1,-1,-1,-1
683,74,196,513,300,165,1,-1,-1,-1
684,74,195,513,300,165,1,-1,-1,-1
685,74,195,513,299,165,1,-1,-1,-1
686,74,195,513,299,164,1,-1,-1,-1
687,74,195,513,299,165,1,-1,-1,-1
688,74,195,513,299,165,1,-1,-1,-1
689,74,195,513,299,164,1,-1,-1,-1
690,74,195,513,299,164,1,-1,-1,-1
691,74,195,513,299,164,1,-1,-1,-1
692,74,195,513,299,164,1,-1,-1,-1
693,74,195,513,299,164,1,-1,-1,-1
694,74,195,513,299,164,1,-1,-1,-1
695,74,196,513,299,166,1,-1,-1,-1
696,74,196,513,299,166,1,-1,-1,-1
697,74,196,513,299,165,1,-1,-1,-1
698,74,196,513,299,165,1,-1,-1,-1
699,74,196,513,299,165,1,-1,-1,-1
700,74,196,512,299,166,1,-1,-1,-1
701,74,196,512,299,166,1,-1,-1,-1
702,74,196,513,299,166,1,-1,-1,-1
703,74,196,513,299,166,1,-1,-1,-1
704,74,196,513,299,166,1,-1,-1,-1
705,74,196,513,300,165,1,-1,-1,-1
706,74,196,513,300,165,1,-1,-1,-1
707,74,196,513,300,165,1,-1,-1,-1
708,74,196,513,300,165,1,-1,-1,-1
709,74,196,513,300,165,1,-1,-1,-1
710,74,196,513,300,165,1,-1,-1,-1
711,74,196,513,300,164,1,-1,-1,-1
712,74,196,513,300,165,1,-1,-1,-1
713,74,196,513,300,165,1,-1,-1,-1
714,74,196,513,300,165,1,-1,-1,-1
715,74,196,513,299,165,1,-1,-1,-1
716,74,196,513,299,165,1,-1,-1,-1
717,74,196,513,299,165,1,-1,-1,-1
718,74,196,513,300,165,1,-1,-1,-1
719,74,196,513,300,165,1,-1,-1,-1
720,74,196,513,300,165,1,-1,-1,-1
721,74,196,513,300,164,1,-1,-1,-1
722,74,196,513,300,164,1,-1,-1,-1
723,74,196,513,300,165,1,-1,-1,-1
724,74,196,513,300,164,1,-1,-1,-1
725,74,196,513,300,164,1,-1,-1,-1
726,74,196,513,300,164,1,-1,-1,-1
727,74,196,513,300,164,1,-1,-1,-1
728,74,196,513,300,164,1,-1,-1,-1
729,74,196,513,300,164,1,-1,-1,-1
730,74,196,513,300,164,1,-1,-1,-1
731,74,196,513,300,164,1,-1,-1,-1
732,74,196,513,300,164,1,-1,-1,-1
733,74,196,513,300,164,1,-1,-1,-1
734,74,196,513,300,164,1,-1,-1,-1
735,74,195,513,300,164,1,-1,-1,-1
736,74,195,513,300,164,1,-1,-1,-1
737,74,195,512,300,165,1,-1,-1,-1
738,74,195,512,300,165,1,-1,-1,-1
739,74,195,512,300,165,1,-1,-1,-1
740,74,195,512,301,165,1,-1,-1,-1
741,74,195,513,301,165,1,-1,-1,-1
742,74,195,513,301,165,1,-1,-1,-1
743,74,195,513,301,165,1,-1,-1,-1
744,74,195,513,302,165,1,-1,-1,-1
745,74,195,513,300,164,1,-1,-1,-1
746,74,195,513,300,164,1,-1,-1,-1
747,74,195,513,300,164,1,-1,-1,-1
748,74,195,513,300,165,1,-1,-1,-1
749,74,195,513,300,165,1,-1,-1,-1
750,74,195,513,300,165,1,-1,-1,-1
751,74,196,513,299,165,1,-1,-1,-1
752,74,196,512,299,165,1,-1,-1,-1
753,74,196,512,299,165,1,-1,-1,-1
754,74,196,513,299,165,1,-1,-1,-1
755,74,196,512,298,166,1,-1,-1,-1
756,74,196,512,299,165,1,-1,-1,-1
757,74,195,512,300,165,1,-1,-1,-1
758,74,195,513,300,165,1,-1,-1,-1
759,74,195,513,300,165,1,-1,-1,-1
760,74,195,513,300,165,1,-1,-1,-1
761,74,195,513,300,165,1,-1,-1,-1
762,74,195,512,300,165,1,-1,-1,-1
763,74,195,512,300,165,1,-1,-1,-1
764,74,195,513,300,165,1,-1,-1,-1
765,74,195,513,300,165,1,-1,-1,-1
766,74,195,513,301,165,1,-1,-1,-1
767,74,196,513,301,164,1,-1,-1,-1
768,74,196,513,300,165,1,-1,-1,-1
769,74,196,512,300,165,1,-1,-1,-1
770,74,196,512,300,165,1,-1,-1,-1
771,74,196,512,299,165,1,-1,-1,-1
772,74,196,512,299,165,1,-1,-1,-1
773,74,196,512,300,165,1,-1,-1,-1
774,74,196,512,299,165,1,-1,-1,-1
775,74,196,512,299,165,1,-1,-1,-1
776,74,196,512,299,165,1,-1,-1,-1
777,74,196,512,300,165,1,-1,-1,-1
778,74,196,512,299,165,1,-1,-1,-1
779,74,196,512,299,165,1,-1,-1,-1
780,74,196,512,300,165,1,-1,-1,-1
781,74,196,513,300,165,1,-1,-1,-1
782,74,195,513,300,165,1,-1,-1,-1
783,74,196,513,300,165,1,-1,-1,-1
784,74,196,513,300,165,1,-1,-1,-1
785,74,195,513,300,165,1,-1,-1,-1
786,74,195,513,300,165,1,-1,-1,-1
787,74,196,513,300,165,1,-1,-1,-1
788,74,195,513,300,165,1,-1,-1,-1
789,74,195,513,300,165,1,-1,-1,-1
790,74,196,513,300,165,1,-1,-1,-1
791,74,196,513,299,165,1,-1,-1,-1
792,74,196,513,300,164,1,-1,-1,-1
793,74,196,513,300,165,1,-1,-1,-1
794,74,196,513,300,165,1,-1,-1,-1
795,74,196,513,299,165,1,-1,-1,-1
796,74,196,513,300,165,1,-1,-1,-1
797,74,196,513,300,165,1,-1,-1,-1
798,74,196,513,300,165,1,-1,-1,-1
799,74,196,513,300,165,1,-1,-1,-1
800,74,196,513,300,165,1,-1,-1,-1
801,74,196,513,300,165,1,-1,-1,-1
802,74,196,513,300,165,1,-1,-1,-1
803,74,196,513,300,165,1,-1,-1,-1
804,74,196,513,300,165,1,-1,-1,-1
805,74,196,513,300,165,1,-1,-1,-1
806,74,196,513,300,165,1,-1,-1,-1
807,74,196,513,299,165,1,-1,-1,-1
808,74,196,513,299,165,1,-1,-1,-1
809,74,196,513,299,165,1,-1,-1,-1
810,74,196,513,299,165,1,-1,-1,-1
811,74,196,513,299,165,1,-1,-1,-1
812,74,196,513,299,165,1,-1,-1,-1
813,74,196,513,299,165,1,-1,-1,-1
814,74,196,513,299,165,1,-1,-1,-1
815,74,196,513,299,165,1,-1,-1,-1
816,74,196,513,299,165,1,-1,-1,-1
817,74,196,513,300,164,1,-1,-1,-1
818,74,196,513,300,165,1,-1,-1,-1
819,74,196,513,301,165,1,-1,-1,-1
820,74,196,513,300,165,1,-1,-1,-1
821,74,196,513,300,165,1,-1,-1,-1
822,74,196,513,299,165,1,-1,-1,-1
823,74,196,513,300,165,1,-1,-1,-1
824,74,196,513,300,165,1,-1,-1,-1
825,74,196,513,300,165,1,-1,-1,-1
826,74,196,513,300,165,1,-1,-1,-1
827,74,196,513,300,165,1,-1,-1,-1
828,74,196,513,300,165,1,-1,-1,-1
829,74,196,513,300,164,1,-1,-1,-1
830,74,196,513,301,164,1,-1,-1,-1
831,74,196,513,300,164,1,-1,-1,-1
832,74,196,513,300,164,1,-1,-1,-1
833,74,196,513,300,164,1,-1,-1,-1
834,74,196,513,300,164,1,-1,-1,-1
835,74,196,513,300,164,1,-1,-1,-1
836,74,196,513,300,164,1,-1,-1,-1
837,74,196,513,300,164,1,-1,-1,-1
838,74,196,513,301,164,1,-1,-1,-1
839,74,196,513,301,164,1,-1,-1,-1
840,74,196,513,301,164,1,-1,-1,-1
841,74,196,513,300,165,1,-1,-1,-1
842,74,196,513,300,164,1,-1,-1,-1
843,74,196,513,300,164,1,-1,-1,-1
844,74,196,513,301,164,1,-1,-1,-1
845,74,196,513,301,163,1,-1,-1,-1
846,74,196,513,301,163,1,-1,-1,-1
847,74,196,513,299,164,1,-1,-1,-1
848,74,196,513,299,164,1,-1,-1,-1
849,74,196,513,300,161,1,-1,-1,-1
850,74,196,513,300,155,1,-1,-1,-1
851,74,196,513,300,157,1,-1,-1,-1
852,74,196,513,299,164,1,-1,-1,-1
853,74,196,513,299,162,1,-1,-1,-1
854,74,196,513,299,162,1,-1,-1,-1
855,74,196,513,298,163,1,-1,-1,-1
856,74,196,513,299,163,1,-1,-1,-1
857,74,196,513,299,163,1,-1,-1,-1
858,74,196,513,299,163,1,-1,-1,-1
859,74,196,513,298,163,1,-1,-1,-1
860,74,196,513,298,163,1,-1,-1,-1
861,74,196,513,298,163,1,-1,-1,-1
862,74,196,513,301,152,1,-1,-1,-1
863,74,196,513,300,154,1,-1,-1,-1
864,74,196,513,301,159,1,-1,-1,-1
865,74,196,513,299,164,1,-1,-1,-1
866,74,196,513,299,164,1,-1,-1,-1
867,74,196,513,299,163,1,-1,-1,-1
868,74,196,513,300,164,1,-1,-1,-1
869,74,196,513,300,164,1,-1,-1,-1
870,74,196,513,300,164,1,-1,-1,-1
871,74,196,513,300,164,1,-1,-1,-1
872,74,196,513,301,165,1,-1,-1,-1
873,74,196,513,300,165,1,-1,-1,-1
874,74,196,513,300,165,1,-1,-1,-1
875,74,196,513,300,165,1,-1,-1,-1
876,74,196,513,300,165,1,-1,-1,-1
877,74,196,513,300,164,1,-1,-1,-1
878,74,196,513,300,165,1,-1,-1,-1
879,74,196,513,300,165,1,-1,-1,-1
880,74,196,513,300,165,1,-1,-1,-1
881,74,196,513,300,165,1,-1,-1,-1
882,74,196,513,300,165,1,-1,-1,-1
883,74,196,513,300,165,1,-1,-1,-1
884,74,196,513,300,164,1,-1,-1,-1
885,74,196,513,300,165,1,-1,-1,-1
886,74,196,513,300,165,1,-1,-1,-1
887,74,196,513,300,165,1,-1,-1,-1
888,74,196,513,300,165,1,-1,-1,-1
889,74,196,513,299,164,1,-1,-1,-1
890,74,196,513,299,165,1,-1,-1,-1
891,74,196,513,299,165,1,-1,-1,-1
892,74,196,513,299,165,1,-1,-1,-1
893,74,196,513,299,165,1,-1,-1,-1
894,74,196,513,299,165,1,-1,-1,-1
895,74,196,513,299,165,1,-1,-1,-1
896,74,196,513,299,165,1,-1,-1,-1
897,74,196,513,299,165,1,-1,-1,-1
898,74,196,513,299,165,1,-1,-1,-1
899,74,196,513,299,165,1,-1,-1,-1
900,74,196,513,299,165,1,-1,-1,-1
901,74,195,513,300,165,1,-1,-1,-1
902,74,195,513,300,165,1,-1,-1,-1
903,74,195,513,300,165,1,-1,-1,-1
904,74,195,513,300,165,1,-1,-1,-1
905,74,195,513,300,165,1,-1,-1,-1
906,74,195,513,300,165,1,-1,-1,-1
907,74,195,513,300,165,1,-1,-1,-1
908,74,195,513,300,165,1,-1,-1,-1
909,74,195,513,300,165,1,-1,-1,-1
910,74,195,513,300,165,1,-1,-1,-1
911,74,195,513,300,165,1,-1,-1,-1
912,74,196,513,299,166,1,-1,-1,-1
913,74,196,513,299,165,1,-1,-1,-1
914,74,196,513,299,165,1,-1,-1,-1
915,74,196,513,299,165,1,-1,-1,-1
916,74,196,513,299,165,1,-1,-1,-1
917,74,196,513,299,165,1,-1,-1,-1
918,74,196,513,299,165,1,-1,-1,-1
919,74,196,513,300,165,1,-1,-1,-1
920,74,196,513,300,165,1,-1,-1,-1
921,74,196,513,299,165,1,-1,-1,-1
922,74,196,513,299,165,1,-1,-1,-1
923,74,196,513,299,165,1,-1,-1,-1
924,74,196,513,299,165,1,-1,-1,-1
925,74,196,513,299,166,1,-1,-1,-1
926,74,196,513,299,166,1,-1,-1,-1
927,74,196,513,299,165,1,-1,-1,-1
928,74,196,513,299,165,1,-1,-1,-1
929,74,195,513,300,165,1,-1,-1,-1
930,74,195,513,300,165,1,-1,-1,-1
931,74,195,513,300,165,1,-1,-1,-1
932,74,195,513,300,165,1,-1,-1,-1
933,74,195,513,299,165,1,-1,-1,-1
934,74,196,513,299,165,1,-1,-1,-1
935,74,195,512,299,166,1,-1,-1,-1
936,74,196,512,299,166,1,-1,-1,-1
937,74,195,513,300,164,1,-1,-1,-1
938,74,195,513,300,165,1,-1,-1,-1
939,74,195,513,300,164,1,-1,-1,-1
940,74,195,513,300,164,1,-1,-1,-1
941,74,195,513,300,164,1,-1,-1,-1
942,74,195,513,300,164,1,-1,-1,-1
943,74,195,513,300,164,1,-1,-1,-1
944,74,195,513,300,164,1,-1,-1,-1
945,74,195,513,300,164,1,-1,-1,-1
946,74,195,513,300,165,1,-1,-1,-1
947,74,195,513,300,165,1,-1,-1,-1
948,74,195,513,300,164,1,-1,-1,-1
949,74,196,513,299,165,1,-1,-1,-1
950,74,196,513,299,165,1,-1,-1,-1
951,74,196,513,299,165,1,-1,-1,-1
952,74,196,513,299,165,1,-1,-1,-1
953,74,196,513,299,165,1,-1,-1,-1
954,74,196,513,299,165,1,-1,-1,-1
955,74,196,513,299,165,1,-1,-1,-1
956,74,196,513,299,165,1,-1,-1,-1
957,74,196,513,299,165,1,-1,-1,-1
958,74,196,513,299,165,1,-1,-1,-1
959,74,196,513,299,165,1,-1,-1,-1
960,74,196,513,299,165,1,-1,-1,-1
961,74,196,513,299,165,1,-1,-1,-1
962,74,196,513,299,165,1,-1,-1,-1
963,74,196,513,299,165,1,-1,-1,-1
964,74,196,513,299,165,1,-1,-1,-1
965,74,196,513,299,165,1,-1,-1,-1
966,74,196,513,299,165,1,-1,-1,-1
967,74,196,513,299,164,1,-1,-1,-1
968,74,196,513,299,164,1,-1,-1,-1
969,74,196,513,299,164,1,-1,-1,-1
970,74,196,513,299,164,1,-1,-1,-1
971,74,196,513,299,164,1,-1,-1,-1
972,74,196,513,299,164,1,-1,-1,-1
973,74,195,513,299,164,1,-1,-1,-1
974,74,195,513,299,165,1,-1,-1,-1
975,74,195,513,299,164,1,-1,-1,-1
976,74,195,513,299,164,1,-1,-1,-1
977,74,195,513,299,164,1,-1,-1,-1
978,74,195,513,299,164,1,-1,-1,-1
979,74,195,513,299,164,1,-1,-1,-1
980,74,195,513,299,164,1,-1,-1,-1
981,74,195,513,299,164,1,-1,-1,-1
982,74,195,513,299,164,1,-1,-1,-1
983,74,195,513,299,164,1,-1,-1,-1
984,74,195,513,299,164,1,-1,-1,-1
985,74,195,513,300,164,1,-1,-1,-1
986,74,195,513,300,164,1,-1,-1,-1
987,74,196,513,300,164,1,-1,-1,-1
988,74,196,513,299,164,1,-1,-1,-1
989,74,196,513,299,164,1,-1,-1,-1
990,74,196,513,299,164,1,-1,-1,-1
991,74,195,513,299,164,1,-1,-1,-1
992,74,195,513,299,164,1,-1,-1,-1
993,74,195,513,299,164,1,-1,-1,-1
994,74,195,513,299,164,1,-1,-1,-1
995,74,195,513,299,164,1,-1,-1,-1
996,74,195,513,299,164,1,-1,-1,-1
997,74,195,513,300,164,1,-1,-1,-1
998,74,195,513,300,164,1,-1,-1,-1
999,74,196,513,300,164,1,-1,-1,-1
1000,74,196,513,300,164,1,-1,-1,-1
1001,74,196,513,299,164,1,-1,-1,-1
1002,74,196,513,299,164,1,-1,-1,-1
1003,74,196,513,299,164,1,-1,-1,-1
1004,74,196,513,299,164,1,-1,-1,-1
1005,74,196,513,299,164,1,-1,-1,-1
1006,74,196,513,299,164,1,-1,-1,-1
1007,74,196,513,299,164,1,-1,-1,-1
1008,74,196,513,299,164,1,-1,-1,-1
1009,74,196,513,299,164,1,-1,-1,-1
1010,74,196,513,299,164,1,-1,-1,-1
1011,74,196,513,299,164,1,-1,-1,-1
1012,74,196,513,299,164,1,-1,-1,-1
1013,74,196,513,299,164,1,-1,-1,-1
1014,74,196,513,299,164,1,-1,-1,-1
1015,74,196,513,299,164,1,-1,-1,-1
1016,74,196,513,299,164,1,-1,-1,-1
1017,74,196,513,299,164,1,-1,-1,-1
1018,74,196,513,299,164,1,-1,-1,-1
1019,74,196,513,299,164,1,-1,-1,-1
1020,74,196,513,299,164,1,-1,-1,-1
1021,74,196,513,299,164,1,-1,-1,-1
1022,74,196,513,299,164,1,-1,-1,-1
1023,74,196,513,299,164,1,-1,-1,-1
1024,74,196,513,299,164,1,-1,-1,-1
1025,74,196,513,299,164,1,-1,-1,-1
1026,74,196,513,299,164,1,-1,-1,-1
1027,74,196,513,299,164,1,-1,-1,-1
1028,74,195,513,300,165,1,-1,-1,-1
1029,74,195,513,300,164,1,-1,-1,-1
1030,74,195,513,300,164,1,-1,-1,-1
1031,74,195,513,300,165,1,-1,-1,-1
1032,74,195,513,300,164,1,-1,-1,-1
1033,74,196,513,299,164,1,-1,-1,-1
1034,74,196,513,299,164,1,-1,-1,-1
1035,74,196,513,299,164,1,-1,-1,-1
1036,74,196,513,299,164,1,-1,-1,-1
1037,74,196,513,299,164,1,-1,-1,-1
1038,74,196,513,299,164,1,-1,-1,-1
1039,74,196,513,299,164,1,-1,-1,-1
1040,74,196,513,299,165,1,-1,-1,-1
1041,74,196,513,299,165,1,-1,-1,-1
1042,74,196,513,299,165,1,-1,-1,-1
1043,74,196,513,299,165,1,-1,-1,-1
1044,74,196,513,299,165,1,-1,-1,-1
1045,74,196,513,299,165,1,-1,-1,-1
1046,74,196,513,299,165,1,-1,-1,-1
1047,74,196,513,299,165,1,-1,-1,-1
1048,74,196,513,299,165,1,-1,-1,-1
1049,74,196,513,300,165,1,-1,-1,-1
1050,74,196,513,300,165,1,-1,-1,-1
1051,74,196,513,299,165,1,-1,-1,-1
1052,74,196,513,299,165,1,-1,-1,-1
1053,74,196,513,299,165,1,-1,-1,-1
1054,74,196,513,299,164,1,-1,-1,-1
1055,74,196,513,299,164,1,-1,-1,-1
1056,74,196,513,299,164,1,-1,-1,-1
1057,74,196,513,299,164,1,-1,-1,-1
1058,74,196,513,299,164,1,-1,-1,-1
1059,74,196,513,299,164,1,-1,-1,-1
1060,74,196,513,299,164,1,-1,-1,-1
1061,74,196,513,299,164,1,-1,-1,-1
1062,74,196,513,300,165,1,-1,-1,-1
1063,74,196,513,300,165,1,-1,-1,-1
1064,74,196,513,300,165,1,-1,-1,-1
1065,74,196,512,299,165,1,-1,-1,-1
1066,74,196,512,299,165,1,-1,-1,-1
1067,74,196,513,299,165,1,-1,-1,-1
1068,74,196,513,299,164,1,-1,-1,-1
1069,74,196,513,299,164,1,-1,-1,-1
1070,74,196,513,299,164,1,-1,-1,-1
1071,74,196,513,299,164,1,-1,-1,-1
1072,74,196,513,299,165,1,-1,-1,-1
1073,74,196,513,299,165,1,-1,-1,-1
1074,74,196,513,299,165,1,-1,-1,-1
1075,74,196,513,299,165,1,-1,-1,-1
1076,74,196,513,299,165,1,-1,-1,-1
1077,74,196,513,299,165,1,-1,-1,-1
1078,74,196,513,299,165,1,-1,-1,-1
1079,74,196,513,299,165,1,-1,-1,-1
1080,74,196,513,299,165,1,-1,-1,-1
1081,74,196,513,299,165,1,-1,-1,-1
1082,74,195,513,300,165,1,-1,-1,-1
1083,74,196,513,300,165,1,-1,-1,-1
1084,74,195,513,300,165,1,-1,-1,-1
1085,74,195,513,300,165,1,-1,-1,-1
1086,74,195,513,300,165,1,-1,-1,-1
1087,74,195,513,300,165,1,-1,-1,-1
1088,74,195,513,300,165,1,-1,-1,-1
1089,74,196,513,300,164,1,-1,-1,-1
1090,74,196,513,300,164,1,-1,-1,-1
1091,74,196,513,300,164,1,-1,-1,-1
1092,74,196,513,300,165,1,-1,-1,-1
1093,74,195,513,302,165,1,-1,-1,-1
1094,74,195,513,302,165,1,-1,-1,-1
1095,74,195,513,302,165,1,-1,-1,-1
1096,74,195,513,302,165,1,-1,-1,-1
1097,74,195,513,301,165,1,-1,-1,-1
1098,74,195,513,302,165,1,-1,-1,-1
1099,74,195,513,302,165,1,-1,-1,-1
1100,74,195,513,302,165,1,-1,-1,-1
1101,74,195,513,302,165,1,-1,-1,-1
1102,74,196,513,300,164,1,-1,-1,-1
1103,74,196,513,300,164,1,-1,-1,-1
1104,74,196,513,299,165,1,-1,-1,-1
1105,74,196,513,300,165,1,-1,-1,-1
1106,74,196,513,300,165,1,-1,-1,-1
1107,74,196,513,300,165,1,-1,-1,-1
1108,74,196,513,300,165,1,-1,-1,-1
1109,74,196,513,300,165,1,-1,-1,-1
1110,74,196,513,300,165,1,-1,-1,-1
1111,74,196,513,300,165,1,-1,-1,-1
1112,74,196,513,300,165,1,-1,-1,-1
1113,74,196,513,300,165,1,-1,-1,-1
1114,74,196,513,300,165,1,-1,-1,-1
1115,74,196,513,299,165,1,-1,-1,-1
1116,74,196,513,299,165,1,-1,-1,-1
1117,74,196,513,299,165,1,-1,-1,-1
1118,74,196,513,299,165,1,-1,-1,-1
1119,74,196,513,299,165,1,-1,-1,-1
1120,74,196,513,299,165,1,-1,-1,-1
1121,74,196,513,299,165,1,-1,-1,-1
1122,74,196,513,300,165,1,-1,-1,-1
1123,74,196,513,300,165,1,-1,-1,-1
1124,74,196,513,299,165,1,-1,-1,-1
1125,74,196,513,299,165,1,-1,-1,-1
1126,74,196,513,300,165,1,-1,-1,-1
1127,74,196,513,300,165,1,-1,-1,-1
1128,74,196,513,299,165,1,-1,-1,-1
1129,74,196,513,300,165,1,-1,-1,-1
1130,74,196,513,300,165,1,-1,-1,-1
1131,74,196,513,300,165,1,-1,-1,-1
1132,74,196,513,299,165,1,-1,-1,-1
1133,74,196,513,299,165,1,-1,-1,-1
1134,74,196,513,299,165,1,-1,-1,-1
1135,74,196,513,299,165,1,-1,-1,-1
1136,74,196,513,299,165,1,-1,-1,-1
1137,74,196,513,299,165,1,-1,-1,-1
1138,74,196,513,299,165,1,-1,-1,-1
1139,74,196,513,299,165,1,-1,-1,-1
1140,74,196,513,299,165,1,-1,-1,-1
1141,74,196,513,299,165,1,-1,-1,-1
1142,74,196,513,299,165,1,-1,-1,-1
1143,74,196,513,299,164,1,-1,-1,-1
1144,74,196,513,299,164,1,-1,-1,-1
1145,74,196,513,299,164,1,-1,-1,-1
1146,74,196,513,299,165,1,-1,-1,-1
1147,74,196,513,299,164,1,-1,-1,-1
1148,74,196,513,299,165,1,-1,-1,-1
1149,74,196,513,299,164,1,-1,-1,-1
1150,74,196,513,299,164,1,-1,-1,-1
1151,74,196,513,299,164,1,-1,-1,-1
1152,74,196,513,300,164,1,-1,-1,-1
1153,74,196,513,299,164,1,-1,-1,-1
1154,74,196,514,299,164,1,-1,-1,-1
1155,74,196,514,299,164,1,-1,-1,-1
1156,74,195,514,299,164,1,-1,-1,-1
1157,74,196,514,299,164,1,-1,-1,-1
1158,74,195,514,300,164,1,-1,-1,-1
1159,74,195,513,300,164,1,-1,-1,-1
1160,74,195,513,300,164,1,-1,-1,-1
1161,74,195,513,300,164,1,-1,-1,-1
1162,74,196,513,300,165,1,-1,-1,-1
1163,74,196,513,300,165,1,-1,-1,-1
1164,74,196,513,299,165,1,-1,-1,-1
1165,74,196,513,299,165,1,-1,-1,-1
1166,74,196,513,299,165,1,-1,-1,-1
1167,74,196,513,299,165,1,-1,-1,-1
1168,74,196,513,299,165,1,-1,-1,-1
1169,74,196,513,299,165,1,-1,-1,-1
1170,74,196,513,299,165,1,-1,-1,-1
1171,74,196,513,299,165,1,-1,-1,-1
1172,74,195,513,300,165,1,-1,-1,-1
1173,74,195,513,300,165,1,-1,-1,-1
1174,74,195,513,300,165,1,-1,-1,-1
1175,74,195,513,300,165,1,-1,-1,-1
1176,74,195,513,300,165,1,-1,-1,-1
1177,74,195,513,300,164,1,-1,-1,-1
1178,74,195,513,300,164,1,-1,-1,-1
1179,74,195,513,300,164,1,-1,-1,-1
1180,74,195,513,300,164,1,-1,-1,-1
1181,74,195,513,300,164,1,-1,-1,-1
1182,74,196,513,299,165,1,-1,-1,-1
1183,74,196,513,299,165,1,-1,-1,-1
1184,74,196,513,299,165,1,-1,-1,-1
1185,74,196,513,299,165,1,-1,-1,-1
1186,74,196,513,299,165,1,-1,-1,-1
1187,74,196,513,299,165,1,-1,-1,-1
1188,74,196,513,299,165,1,-1,-1,-1
1189,74,196,513,299,165,1,-1,-1,-1
1190,74,196,513,299,165,1,-1,-1,-1
1191,74,196,513,299,165,1,-1,-1,-1
1192,74,196,513,299,164,1,-1,-1,-1
1193,74,196,513,299,164,1,-1,-1,-1
1194,74,196,513,299,164,1,-1,-1,-1
1195,74,196,513,299,164,1,-1,-1,-1
1196,74,196,513,299,164,1,-1,-1,-1
1197,74,196,513,299,164,1,-1,-1,-1
1198,74,196,513,299,164,1,-1,-1,-1
1199,74,196,513,299,164,1,-1,-1,-1
1200,74,196,513,299,164,1,-1,-1,-1
1201,74,196,513,299,163,1,-1,-1,-1
1202,74,196,513,299,163,1,-1,-1,-1
1203,74,196,513,299,163,1,-1,-1,-1
1204,74,196,513,299,163,1,-1,-1,-1
1205,74,196,513,299,163,1,-1,-1,-1
1206,74,196,513,299,164,1,-1,-1,-1
1207,74,196,513,299,164,1,-1,-1,-1
1208,74,196,513,299,164,1,-1,-1,-1
1209,74,196,513,299,164,1,-1,-1,-1
1210,74,196,513,299,164,1,-1,-1,-1
1211,74,196,513,299,164,1,-1,-1,-1
1212,74,196,513,299,164,1,-1,-1,-1
1213,74,196,513,299,164,1,-1,-1,-1
1214,74,196,513,299,164,1,-1,-1,-1
1215,74,196,513,299,164,1,-1,-1,-1
1216,74,196,513,299,164,1,-1,-1,-1
1217,74,196,513,299,164,1,-1,-1,-1
1218,74,196,513,299,164,1,-1,-1,-1
1219,74,196,513,299,164,1,-1,-1,-1
1220,74,196,513,299,164,1,-1,-1,-1
1221,74,196,513,299,164,1,-1,-1,-1
1222,74,196,513,299,164,1,-1,-1,-1
1223,74,196,513,299,164,1,-1,-1,-1
1224,74,196,513,299,164,1,-1,-1,-1
1225,74,196,513,299,164,1,-1,-1,-1
1226,74,196,513,299,164,1,-1,-1,-1
1227,74,196,513,299,164,1,-1,-1,-1
1228,74,196,513,299,164,1,-1,-1,-1
1229,74,196,513,299,164,1,-1,-1,-1
1230,74,196,513,299,164,1,-1,-1,-1
1231,74,196,513,299,164,1,-1,-1,-1
1232,74,196,513,299,164,1,-1,-1,-1
1233,74,196,513,299,164,1,-1,-1,-1
1234,74,196,513,299,164,1,-1,-1,-1
1235,74,196,513,299,164,1,-1,-1,-1
1236,74,196,513,299,164,1,-1,-1,-1
1237,74,196,513,299,164,1,-1,-1,-1
1238,74,196,513,299,164,1,-1,-1,-1
1239,74,196,513,299,164,1,-1,-1,-1
1240,74,196,513,299,164,1,-1,-1,-1
1241,74,196,513,299,164,1,-1,-1,-1
1242,74,196,513,299,164,1,-1,-1,-1
1243,74,196,513,299,164,1,-1,-1,-1
1244,74,196,513,299,164,1,-1,-1,-1
1245,74,196,513,299,164,1,-1,-1,-1
1246,74,196,513,299,164,1,-1,-1,-1
1247,74,196,513,299,164,1,-1,-1,-1
1248,74,196,513,299,164,1,-1,-1,-1
1249,74,196,513,299,164,1,-1,-1,-1
1250,74,196,513,299,164,1,-1,-1,-1
1251,74,196,513,299,165,1,-1,-1,-1
1252,74,196,513,299,164,1,-1,-1,-1
1253,74,196,513,299,164,1,-1,-1,-1
1254,74,196,513,299,164,1,-1,-1,-1
1255,74,196,513,299,165,1,-1,-1,-1
1256,74,196,513,299,165,1,-1,-1,-1
1257,74,196,513,299,165,1,-1,-1,-1
1258,74,196,513,299,165,1,-1,-1,-1
1259,74,196,513,299,165,1,-1,-1,-1
1260,74,196,513,299,164,1,-1,-1,-1
1261,74,195,513,299,165,1,-1,-1,-1
1262,74,195,513,300,165,1,-1,-1,-1
1263,74,195,513,300,165,1,-1,-1,-1
1264,74,195,513,300,165,1,-1,-1,-1
1265,74,195,513,300,165,1,-1,-1,-1
1266,74,195,513,300,165,1,-1,-1,-1
1267,74,195,513,300,165,1,-1,-1,-1
1268,74,195,513,300,165,1,-1,-1,-1
1269,74,195,513,300,165,1,-1,-1,-1
1270,74,195,513,300,165,1,-1,-1,-1
1271,74,195,513,300,165,1,-1,-1,-1
1272,74,195,513,301,165,1,-1,-1,-1
1273,74,195,513,300,165,1,-1,-1,-1
1274,74,195,513,300,165,1,-1,-1,-1
1275,74,195,513,300,165,1,-1,-1,-1
1276,74,195,513,300,165,1,-1,-1,-1
1277,74,195,513,300,165,1,-1,-1,-1
1278,74,195,513,300,165,1,-1,-1,-1
1279,74,195,513,300,165,1,-1,-1,-1
1280,74,195,513,300,165,1,-1,-1,-1
1281,74,195,513,300,165,1,-1,-1,-1
1282,74,195,513,300,166,1,-1,-1,-1
1283,74,195,513,300,165,1,-1,-1,-1
1284,74,195,513,300,165,1,-1,-1,-1
1285,74,195,513,300,165,1,-1,-1,-1
1286,74,195,513,300,165,1,-1,-1,-1
1287,74,195,513,300,165,1,-1,-1,-1
1288,74,195,513,300,165,1,-1,-1,-1
1289,74,195,513,300,165,1,-1,-1,-1
1290,74,195,513,300,165,1,-1,-1,-1
1291,74,195,513,300,165,1,-1,-1,-1
1292,74,195,513,299,165,1,-1,-1,-1
1293,74,195,513,300,165,1,-1,-1,-1
1294,74,195,513,300,165,1,-1,-1,-1
1295,74,195,513,300,165,1,-1,-1,-1
1296,74,195,513,300,165,1,-1,-1,-1
1297,74,195,513,300,165,1,-1,-1,-1
1298,74,195,513,300,165,1,-1,-1,-1
1299,74,195,513,300,165,1,-1,-1,-1
1300,74,195,513,300,164,1,-1,-1,-1
1301,74,195,513,300,165,1,-1,-1,-1
1302,74,195,513,300,164,1,-1,-1,-1
1303,74,195,513,300,164,1,-1,-1,-1
1304,74,195,513,300,164,1,-1,-1,-1
1305,74,195,513,300,164,1,-1,-1,-1
1306,74,195,513,300,164,1,-1,-1,-1
1307,74,195,513,300,164,1,-1,-1,-1
1308,74,195,513,300,164,1,-1,-1,-1
1309,74,195,513,300,165,1,-1,-1,-1
1310,74,195,513,300,165,1,-1,-1,-1
1311,74,195,513,300,165,1,-1,-1,-1
1312,74,195,513,300,165,1,-1,-1,-1
1313,74,195,513,300,165,1,-1,-1,-1
1314,74,195,513,300,165,1,-1,-1,-1
1315,74,195,513,300,165,1,-1,-1,-1
1316,74,195,513,300,165,1,-1,-1,-1
1317,74,195,513,300,165,1,-1,-1,-1
1318,74,195,513,300,165,1,-1,-1,-1
1319,74,195,513,300,165,1,-1,-1,-1
1320,74,195,513,300,165,1,-1,-1,-1
1321,74,195,513,300,165,1,-1,-1,-1
1322,74,195,513,300,165,1,-1,-1,-1
1323,74,195,513,300,165,1,-1,-1,-1
1324,74,195,513,300,165,1,-1,-1,-1
1325,74,195,513,300,165,1,-1,-1,-1
1326,74,195,513,300,165,1,-1,-1,-1
1327,74,195,513,300,165,1,-1,-1,-1
1328,74,195,513,300,165,1,-1,-1,-1
1329,74,195,513,300,165,1,-1,-1,-1
1330,74,195,513,300,165,1,-1,-1,-1
1331,74,195,513,300,165,1,-1,-1,-1
1332,74,196,513,300,165,1,-1,-1,-1
1333,74,196,513,299,165,1,-1,-1,-1
1334,74,196,513,299,165,1,-1,-1,-1
1335,74,196,513,299,165,1,-1,-1,-1
1336,74,196,513,299,165,1,-1,-1,-1
1337,74,196,513,299,165,1,-1,-1,-1
1338,74,196,513,299,165,1,-1,-1,-1
1339,74,196,513,299,165,1,-1,-1,-1
1340,74,196,513,299,165,1,-1,-1,-1
1341,74,196,513,299,165,1,-1,-1,-1
1342,74,196,513,299,165,1,-1,-1,-1
1343,74,196,513,299,165,1,-1,-1,-1
1344,74,196,513,299,165,1,-1,-1,-1
1345,74,196,513,299,165,1,-1,-1,-1
1346,74,196,513,299,165,1,-1,-1,-1
1347,74,196,513,299,165,1,-1,-1,-1
1348,74,196,513,299,164,1,-1,-1,-1
1349,74,196,513,299,164,1,-1,-1,-1
1350,74,196,513,299,164,1,-1,-1,-1
1351,74,196,513,299,165,1,-1,-1,-1
1352,74,196,513,299,165,1,-1,-1,-1
1353,74,196,513,299,164,1,-1,-1,-1
1354,74,196,513,299,165,1,-1,-1,-1
1355,74,196,513,299,165,1,-1,-1,-1
1356,74,196,513,299,165,1,-1,-1,-1
1357,74,196,513,299,164,1,-1,-1,-1
1358,74,196,513,299,164,1,-1,-1,-1
1359,74,196,513,299,164,1,-1,-1,-1
1360,74,196,513,299,165,1,-1,-1,-1
1361,74,196,513,299,165,1,-1,-1,-1
1362,74,196,513,299,165,1,-1,-1,-1
1363,74,196,513,299,164,1,-1,-1,-1
1364,74,196,513,299,164,1,-1,-1,-1
1365,74,196,513,299,165,1,-1,-1,-1
1366,74,196,513,299,165,1,-1,-1,-1
1367,74,196,513,299,165,1,-1,-1,-1
1368,74,196,513,299,165,1,-1,-1,-1
1369,74,196,513,299,164,1,-1,-1,-1
1370,74,196,513,299,164,1,-1,-1,-1
1371,74,196,513,300,164,1,-1,-1,-1
1372,74,196,513,298,165,1,-1,-1,-1
1373,74,196,513,299,165,1,-1,-1,-1
1374,74,196,513,298,166,1,-1,-1,-1
1375,74,196,513,298,166,1,-1,-1,-1
1376,74,196,513,298,165,1,-1,-1,-1
1377,74,196,513,298,165,1,-1,-1,-1
1378,74,196,513,298,166,1,-1,-1,-1
1379,74,196,513,298,166,1,-1,-1,-1
1380,74,196,513,299,166,1,-1,-1,-1
1381,74,196,513,299,166,1,-1,-1,-1
1382,74,196,513,299,166,1,-1,-1,-1
1383,74,196,510,298,168,1,-1,-1,-1
1384,74,196,509,298,169,1,-1,-1,-1
1385,74,196,510,299,168,1,-1,-1,-1
1386,74,196,509,298,169,1,-1,-1,-1
1387,74,196,511,299,167,1,-1,-1,-1
1388,74,196,509,299,169,1,-1,-1,-1
1389,74,196,510,299,169,1,-1,-1,-1
1390,74,196,502,299,177,1,-1,-1,-1
1391,74,196,505,299,173,1,-1,-1,-1
1392,74,196,508,298,171,1,-1,-1,-1
1393,74,196,511,299,167,1,-1,-1,-1
1394,74,196,513,299,165,1,-1,-1,-1
1395,74,195,513,299,165,1,-1,-1,-1
1396,74,196,514,299,165,1,-1,-1,-1
1397,74,195,513,300,165,1,-1,-1,-1
1398,74,195,513,300,165,1,-1,-1,-1
1399,74,195,513,300,165,1,-1,-1,-1
1400,74,196,513,299,165,1,-1,-1,-1
1401,74,193,513,302,165,1,-1,-1,-1
1402,74,201,513,294,165,1,-1,-1,-1
1403,74,196,513,299,165,1,-1,-1,-1
1404,74,191,513,304,165,1,-1,-1,-1
1405,74,196,513,298,165,1,-1,-1,-1
1406,74,196,513,298,165,1,-1,-1,-1
1407,74,196,513,299,165,1,-1,-1,-1
1408,74,196,513,299,165,1,-1,-1,-1
1409,74,196,513,298,165,1,-1,-1,-1
1410,74,196,513,299,165,1,-1,-1,-1
1411,74,196,513,299,165,1,-1,-1,-1
1412,74,196,513,299,165,1,-1,-1,-1
1413,74,196,513,299,165,1,-1,-1,-1
1414,74,196,513,299,165,1,-1,-1,-1
1415,74,196,513,299,165,1,-1,-1,-1
1416,74,196,513,299,165,1,-1,-1,-1
1417,74,195,513,300,165,1,-1,-1,-1
1418,74,195,513,300,165,1,-1,-1,-1
1419,74,195,513,300,165,1,-1,-1,-1
1420,74,195,513,300,165,1,-1,-1,-1
1421,74,195,513,300,165,1,-1,-1,-1
1422,74,195,513,300,165,1,-1,-1,-1
1423,74,195,513,300,165,1,-1,-1,-1
1424,74,195,513,300,165,1,-1,-1,-1
1425,74,195,513,300,165,1,-1,-1,-1
1426,74,195,513,300,165,1,-1,-1,-1
1427,74,195,513,300,165,1,-1,-1,-1
1428,74,195,513,300,165,1,-1,-1,-1
1429,74,195,513,300,165,1,-1,-1,-1
1430,74,195,513,300,165,1,-1,-1,-1
1431,74,195,513,300,165,1,-1,-1,-1
1432,74,195,513,300,165,1,-1,-1,-1
1433,74,195,513,299,165,1,-1,-1,-1
1434,74,195,513,299,165,1,-1,-1,-1
1435,74,195,513,299,165,1,-1,-1,-1
1436,74,195,513,300,165,1,-1,-1,-1
1437,74,195,513,300,165,1,-1,-1,-1
1438,74,195,513,299,165,1,-1,-1,-1
1439,74,195,513,299,165,1,-1,-1,-1
1440,74,195,513,299,165,1,-1,-1,-1
1441,74,195,513,300,165,1,-1,-1,-1
1442,74,195,513,300,165,1,-1,-1,-1
1443,74,195,513,300,165,1,-1,-1,-1
1444,74,195,513,300,165,1,-1,-1,-1
1445,74,195,513,300,165,1,-1,-1,-1
1446,74,195,513,300,165,1,-1,-1,-1
1447,74,195,513,300,165,1,-1,-1,-1
1448,74,195,513,300,165,1,-1,-1,-1
1449,74,195,513,300,165,1,-1,-1,-1
1450,74,195,513,300,166,1,-1,-1,-1
1451,74,195,513,300,165,1,-1,-1,-1
1452,74,195,513,300,165,1,-1,-1,-1
1453,74,195,513,300,165,1,-1,-1,-1
1454,74,195,513,300,165,1,-1,-1,-1
1455,74,195,513,300,165,1,-1,-1,-1
1456,74,195,513,300,165,1,-1,-1,-1
1457,74,195,513,300,165,1,-1,-1,-1
1458,74,195,513,300,165,1,-1,-1,-1
1459,74,195,513,300,165,1,-1,-1,-1
1460,74,195,513,300,165,1,-1,-1,-1
1461,74,195,513,300,165,1,-1,-1,-1
1462,74,195,513,299,164,1,-1,-1,-1
1463,74,195,513,299,164,1,-1,-1,-1
1464,74,195,513,300,165,1,-1,-1,-1
1465,74,196,513,299,165,1,-1,-1,-1
1466,74,196,513,299,165,1,-1,-1,-1
1467,74,196,513,299,165,1,-1,-1,-1
1468,74,196,513,299,165,1,-1,-1,-1
1469,74,196,513,299,165,1,-1,-1,-1
1470,74,196,513,299,165,1,-1,-1,-1
1471,74,196,513,299,165,1,-1,-1,-1
1472,74,196,513,299,165,1,-1,-1,-1
1473,74,196,513,299,164,1,-1,-1,-1
1474,74,196,513,299,164,1,-1,-1,-1
1475,74,196,513,299,164,1,-1,-1,-1
1476,74,196,513,299,164,1,-1,-1,-1
1477,74,195,513,299,164,1,-1,-1,-1
1478,74,195,513,299,164,1,-1,-1,-1
1479,74,195,513,299,164,1,-1,-1,-1
1480,74,195,513,299,164,1,-1,-1,-1
1481,74,195,513,299,164,1,-1,-1,-1
1482,74,195,513,299,164,1,-1,-1,-1
1483,74,195,513,299,164,1,-1,-1,-1
1484,74,195,513,299,164,1,-1,-1,-1
1485,74,195,513,299,164,1,-1,-1,-1
1486,74,195,513,299,164,1,-1,-1,-1
1487,74,196,513,299,164,1,-1,-1,-1
1488,74,196,513,299,164,1,-1,-1,-1
1489,74,196,513,299,165,1,-1,-1,-1
1490,74,196,513,299,165,1,-1,-1,-1
1491,74,196,513,299,165,1,-1,-1,-1
1492,74,196,513,299,165,1,-1,-1,-1
1493,74,196,513,299,165,1,-1,-1,-1
1494,74,196,513,299,165,1,-1,-1,-1
1495,74,196,513,299,165,1,-1,-1,-1
1496,74,196,513,299,165,1,-1,-1,-1
1497,74,196,513,299,165,1,-1,-1,-1
1498,74,196,513,299,165,1,-1,-1,-1
1499,74,196,513,299,165,1,-1,-1,-1
1500,74,196,513,299,165,1,-1,-1,-1
1501,74,196,513,299,164,1,-1,-1,-1
1502,74,196,513,299,165,1,-1,-1,-1
1503,74,196,513,299,165,1,-1,-1,-1
1504,74,196,513,299,165,1,-1,-1,-1
1505,74,196,513,299,165,1,-1,-1,-1
1506,74,196,513,299,165,1,-1,-1,-1
1507,74,196,513,299,165,1,-1,-1,-1
1508,74,196,513,299,165,1,-1,-1,-1
1509,74,196,513,299,165,1,-1,-1,-1
1510,74,196,513,299,165,1,-1,-1,-1
1511,74,196,513,299,165,1,-1,-1,-1
1512,74,196,513,299,165,1,-1,-1,-1
1513,74,196,513,300,165,1,-1,-1,-1
1514,74,196,513,300,165,1,-1,-1,-1
1515,74,196,513,300,165,1,-1,-1,-1
1516,74,195,513,300,165,1,-1,-1,-1
1517,74,195,513,300,165,1,-1,-1,-1
1518,74,196,513,300,165,1,-1,-1,-1
1519,74,196,513,300,165,1,-1,-1,-1
1520,74,196,513,299,165,1,-1,-1,-1
1521,74,196,513,299,165,1,-1,-1,-1
1522,74,196,513,300,165,1,-1,-1,-1
1523,74,196,513,300,165,1,-1,-1,-1
1524,74,196,513,300,165,1,-1,-1,-1
1525,74,196,513,299,165,1,-1,-1,-1
1526,74,196,513,299,165,1,-1,-1,-1
1527,74,196,513,299,165,1,-1,-1,-1
1528,74,196,513,299,165,1,-1,-1,-1
1529,74,196,513,299,165,1,-1,-1,-1
1530,74,196,513,299,165,1,-1,-1,-1
1531,74,196,513,299,165,1,-1,-1,-1
1532,74,196,513,299,165,1,-1,-1,-1
1533,74,196,513,299,165,1,-1,-1,-1
1534,74,196,513,299,165,1,-1,-1,-1
1535,74,196,513,299,165,1,-1,-1,-1
1536,74,196,513,299,165,1,-1,-1,-1
1537,74,196,513,299,165,1,-1,-1,-1
1538,74,196,513,299,165,1,-1,-1,-1
1539,74,196,513,299,165,1,-1,-1,-1
1540,74,196,513,299,165,1,-1,-1,-1
1541,74,196,513,299,165,1,-1,-1,-1
1542,74,196,513,299,165,1,-1,-1,-1
1543,74,196,513,299,165,1,-1,-1,-1
1544,74,196,513,299,165,1,-1,-1,-1
1545,74,196,513,299,165,1,-1,-1,-1
1546,74,196,513,299,165,1,-1,-1,-1
1547,74,196,513,299,165,1,-1,-1,-1
1548,74,196,513,299,165,1,-1,-1,-1
1549,74,196,513,299,164,1,-1,-1,-1
1550,74,196,513,299,164,1,-1,-1,-1
1551,74,196,513,299,164,1,-1,-1,-1
1552,74,196,513,299,165,1,-1,-1,-1
1553,74,196,513,299,165,1,-1,-1,-1
1554,74,196,513,299,165,1,-1,-1,-1
1555,74,196,513,299,165,1,-1,-1,-1
1556,74,196,513,299,165,1,-1,-1,-1
1557,74,196,513,299,165,1,-1,-1,-1
1558,74,196,513,299,165,1,-1,-1,-1
1559,74,196,513,299,165,1,-1,-1,-1
1560,74,196,513,299,166,1,-1,-1,-1
1561,74,196,513,299,166,1,-1,-1,-1
1562,74,196,513,299,166,1,-1,-1,-1
1563,74,196,513,299,166,1,-1,-1,-1
1564,74,196,513,299,165,1,-1,-1,-1
1565,74,196,513,299,165,1,-1,-1,-1
1566,74,196,513,299,165,1,-1,-1,-1
1567,74,196,513,299,165,1,-1,-1,-1
1568,74,196,513,299,165,1,-1,-1,-1
1569,74,196,513,299,166,1,-1,-1,-1
1570,74,196,513,299,166,1,-1,-1,-1
1571,74,196,513,299,166,1,-1,-1,-1
1572,74,196,513,299,166,1,-1,-1,-1
1573,74,196,513,299,166,1,-1,-1,-1
1574,74,196,513,299,166,1,-1,-1,-1
1575,74,196,513,299,166,1,-1,-1,-1
1576,74,196,513,299,166,1,-1,-1,-1
1577,74,196,513,299,166,1,-1,-1,-1
1578,74,196,513,299,166,1,-1,-1,-1
1579,74,196,513,299,166,1,-1,-1,-1
1580,74,196,513,299,166,1,-1,-1,-1
1581,74,196,513,299,165,1,-1,-1,-1
1582,74,196,513,299,165,1,-1,-1,-1
1583,74,196,513,299,165,1,-1,-1,-1
1584,74,196,513,299,166,1,-1,-1,-1
1585,74,196,513,299,165,1,-1,-1,-1
1586,74,196,513,299,166,1,-1,-1,-1
1587,74,196,513,299,165,1,-1,-1,-1
1588,74,196,513,299,165,1,-1,-1,-1
1589,74,196,513,299,165,1,-1,-1,-1
1590,74,196,513,299,165,1,-1,-1,-1
1591,74,196,513,299,165,1,-1,-1,-1
1592,74,196,513,299,165,1,-1,-1,-1
1593,74,196,513,299,165,1,-1,-1,-1
1594,74,196,513,299,165,1,-1,-1,-1
1595,74,196,513,299,165,1,-1,-1,-1
1596,74,195,513,299,165,1,-1,-1,-1
1597,74,195,513,300,165,1,-1,-1,-1
1598,74,195,513,300,165,1,-1,-1,-1
1599,74,195,513,301,165,1,-1,-1,-1
1600,74,195,513,301,165,1,-1,-1,-1
1601,74,195,513,301,165,1,-1,-1,-1
1602,74,195,513,301,165,1,-1,-1,-1
1603,74,195,513,301,165,1,-1,-1,-1
1604,74,195,513,301,165,1,-1,-1,-1
1605,74,195,513,301,165,1,-1,-1,-1
1606,74,195,513,301,165,1,-1,-1,-1
1607,74,195,513,301,165,1,-1,-1,-1
1608,74,195,513,301,165,1,-1,-1,-1
1609,74,195,513,301,165,1,-1,-1,-1
1610,74,195,513,301,165,1,-1,-1,-1
1611,74,195,513,301,165,1,-1,-1,-1
1612,74,195,513,301,165,1,-1,-1,-1
1613,74,195,513,300,165,1,-1,-1,-1
1614,74,195,513,300,165,1,-1,-1,-1
1615,74,195,513,301,165,1,-1,-1,-1
1616,74,195,513,301,165,1,-1,-1,-1
1617,74,195,513,301,165,1,-1,-1,-1
1618,74,195,513,301,165,1,-1,-1,-1
1619,74,195,513,301,165,1,-1,-1,-1
1620,74,195,513,301,165,1,-1,-1,-1
1621,74,195,513,301,165,1,-1,-1,-1
1622,74,195,513,301,165,1,-1,-1,-1
1623,74,195,513,301,165,1,-1,-1,-1
1624,74,195,513,301,165,1,-1,-1,-1
1625,74,195,513,301,165,1,-1,-1,-1
1626,74,195,513,301,165,1,-1,-1,-1
1627,74,195,513,301,165,1,-1,-1,-1
1628,74,195,513,301,165,1,-1,-1,-1
1629,74,195,513,300,164,1,-1,-1,-1
1630,74,195,513,300,164,1,-1,-1,-1
1631,74,195,513,300,164,1,-1,-1,-1
1632,74,195,513,300,165,1,-1,-1,-1
1633,74,196,513,299,165,1,-1,-1,-1
1634,74,196,513,300,165,1,-1,-1,-1
1635,74,196,513,300,165,1,-1,-1,-1
1636,74,196,513,300,164,1,-1,-1,-1
1637,74,196,513,300,164,1,-1,-1,-1
1638,74,196,513,300,164,1,-1,-1,-1
1639,74,195,513,300,164,1,-1,-1,-1
1640,74,195,513,299,164,1,-1,-1,-1
1641,74,195,513,299,164,1,-1,-1,-1
1642,74,195,513,299,164,1,-1,-1,-1
1643,74,195,513,299,164,1,-1,-1,-1
1644,74,195,513,299,164,1,-1,-1,-1
1645,74,195,513,299,165,1,-1,-1,-1
1646,74,195,513,299,165,1,-1,-1,-1
1647,74,195,513,299,165,1,-1,-1,-1
1648,74,195,513,299,164,1,-1,-1,-1
1649,74,195,513,300,164,1,-1,-1,-1
1650,74,196,513,300,165,1,-1,-1,-1
1651,74,196,513,299,165,1,-1,-1,-1
1652,74,196,513,299,165,1,-1,-1,-1
1653,74,196,513,300,165,1,-1,-1,-1
1654,74,195,513,300,165,1,-1,-1,-1
1655,74,195,513,300,165,1,-1,-1,-1
1656,74,196,513,300,165,1,-1,-1,-1
1657,74,196,513,300,165,1,-1,-1,-1
1658,74,196,513,300,165,1,-1,-1,-1
1659,74,196,513,300,165,1,-1,-1,-1
1660,74,196,513,300,165,1,-1,-1,-1
1661,74,196,513,300,165,1,-1,-1,-1
1662,74,196,513,300,165,1,-1,-1,-1
1663,74,196,513,300,165,1,-1,-1,-1
1664,74,196,513,300,165,1,-1,-1,-1
1665,74,195,513,300,165,1,-1,-1,-1
1666,74,195,513,300,165,1,-1,-1,-1
1667,74,195,513,300,165,1,-1,-1,-1
1668,74,195,513,300,164,1,-1,-1,-1
1669,74,196,513,300,165,1,-1,-1,-1
1670,74,195,513,301,165,1,-1,-1,-1
1671,74,195,513,300,164,1,-1,-1,-1
1672,74,196,513,300,164,1,-1,-1,-1
1673,74,196,513,300,164,1,-1,-1,-1
1674,74,195,513,300,164,1,-1,-1,-1
1675,74,196,513,300,164,1,-1,-1,-1
1676,74,196,513,300,164,1,-1,-1,-1
1677,74,196,513,299,164,1,-1,-1,-1
1678,74,195,513,300,164,1,-1,-1,-1
1679,74,196,513,299,165,1,-1,-1,-1
1680,74,196,513,299,165,1,-1,-1,-1
1681,74,196,513,299,164,1,-1,-1,-1
1682,74,196,513,299,165,1,-1,-1,-1
1683,74,196,512,299,165,1,-1,-1,-1
1684,74,196,513,299,164,1,-1,-1,-1
1685,74,196,513,299,164,1,-1,-1,-1
1686,74,196,513,299,163,1,-1,-1,-1
1687,74,196,513,299,156,1,-1,-1,-1
1688,74,196,513,299,156,1,-1,-1,-1
1689,74,196,512,299,157,1,-1,-1,-1
1690,74,196,512,300,158,1,-1,-1,-1
1691,74,196,512,300,160,1,-1,-1,-1
1692,74,196,513,300,161,1,-1,-1,-1
1693,74,196,513,299,164,1,-1,-1,-1
1694,74,196,513,299,164,1,-1,-1,-1
1695,74,196,513,299,164,1,-1,-1,-1
1696,74,196,513,299,164,1,-1,-1,-1
1697,74,196,513,299,164,1,-1,-1,-1
1698,74,196,513,299,165,1,-1,-1,-1
1699,74,196,513,300,164,1,-1,-1,-1
1700,74,195,513,300,165,1,-1,-1,-1
1701,74,195,513,300,164,1,-1,-1,-1
1702,74,195,513,300,165,1,-1,-1,-1
1703,74,195,513,300,165,1,-1,-1,-1
1704,74,195,513,300,165,1,-1,-1,-1
1705,74,196,513,299,165,1,-1,-1,-1
1706,74,196,513,299,165,1,-1,-1,-1
1707,74,196,513,299,165,1,-1,-1,-1
1708,74,196,513,299,165,1,-1,-1,-1
1709,74,196,513,299,165,1,-1,-1,-1
1710,74,196,513,299,165,1,-1,-1,-1
1711,74,196,513,299,165,1,-1,-1,-1
1712,74,196,513,299,165,1,-1,-1,-1
1713,74,196,513,299,165,1,-1,-1,-1
1714,74,196,513,299,165,1,-1,-1,-1
1715,74,196,513,299,165,1,-1,-1,-1
1716,74,196,513,299,165,1,-1,-1,-1
1717,74,196,513,299,165,1,-1,-1,-1
1718,74,196,513,299,165,1,-1,-1,-1
1719,74,196,513,299,165,1,-1,-1,-1
1720,74,196,513,299,165,1,-1,-1,-1
1721,74,196,513,299,165,1,-1,-1,-1
1722,74,196,513,299,165,1,-1,-1,-1
1723,74,196,513,299,165,1,-1,-1,-1
1724,74,196,513,299,165,1,-1,-1,-1
1725,74,196,513,299,165,1,-1,-1,-1
1726,74,196,513,300,165,1,-1,-1,-1
1727,74,196,513,300,165,1,-1,-1,-1
1728,74,196,513,300,165,1,-1,-1,-1
1729,74,195,513,300,164,1,-1,-1,-1
1730,74,195,513,300,164,1,-1,-1,-1
1731,74,195,513,300,164,1,-1,-1,-1
1732,74,195,513,300,164,1,-1,-1,-1
1733,74,195,513,300,164,1,-1,-1,-1
1734,74,195,513,300,164,1,-1,-1,-1
1735,74,195,513,300,164,1,-1,-1,-1
1736,74,195,513,300,164,1,-1,-1,-1
1737,74,195,513,300,164,1,-1,-1,-1
1738,74,195,513,300,164,1,-1,-1,-1
1739,74,195,513,300,164,1,-1,-1,-1
1740,74,195,513,300,164,1,-1,-1,-1
1741,74,196,513,300,164,1,-1,-1,-1
1742,74,196,513,300,164,1,-1,-1,-1
1743,74,195,513,300,164,1,-1,-1,-1
1744,74,195,513,300,164,1,-1,-1,-1
1745,74,195,513,300,164,1,-1,-1,-1
1746,74,195,513,300,164,1,-1,-1,-1
1747,74,195,513,300,164,1,-1,-1,-1
1748,74,195,513,300,164,1,-1,-1,-1
1749,74,195,513,300,164,1,-1,-1,-1
1750,74,195,513,300,164,1,-1,-1,-1
1751,74,195,513,300,165,1,-1,-1,-1
1752,74,195,513,300,165,1,-1,-1,-1
1753,74,195,513,300,164,1,-1,-1,-1
1754,74,195,513,300,165,1,-1,-1,-1
1755,74,195,513,300,164,1,-1,-1,-1
1756,74,195,513,300,165,1,-1,-1,-1
1757,74,195,513,300,165,1,-1,-1,-1
1758,74,195,513,300,164,1,-1,-1,-1
1759,74,195,513,300,165,1,-1,-1,-1
1760,74,195,513,300,165,1,-1,-1,-1
1761,74,195,513,301,165,1,-1,-1,-1
1762,74,195,513,300,165,1,-1,-1,-1
1763,74,195,513,300,165,1,-1,-1,-1
1764,74,195,513,300,165,1,-1,-1,-1
1765,74,195,513,300,165,1,-1,-1,-1
1766,74,195,513,300,165,1,-1,-1,-1
1767,74,195,513,300,165,1,-1,-1,-1
1768,74,195,513,300,165,1,-1,-1,-1
1769,74,196,513,300,165,1,-1,-1,-1
1770,74,196,513,300,165,1,-1,-1,-1
1771,74,196,513,300,165,1,-1,-1,-1
1772,74,196,513,300,165,1,-1,-1,-1
1773,74,196,513,300,165,1,-1,-1,-1
1774,74,196,513,299,165,1,-1,-1,-1
1775,74,196,513,299,165,1,-1,-1,-1
1776,74,196,513,299,165,1,-1,-1,-1
1777,74,196,513,299,166,1,-1,-1,-1
1778,74,196,513,299,166,1,-1,-1,-1
1779,74,196,513,299,166,1,-1,-1,-1
1780,74,196,513,299,166,1,-1,-1,-1
1781,74,196,513,299,166,1,-1,-1,-1
1782,74,196,513,299,166,1,-1,-1,-1
1783,74,196,513,299,166,1,-1,-1,-1
1784,74,196,513,299,165,1,-1,-1,-1
1785,74,196,513,299,166,1,-1,-1,-1
1786,74,196,513,299,165,1,-1,-1,-1
1787,74,195,512,300,165,1,-1,-1,-1
1788,74,195,513,300,165,1,-1,-1,-1
1789,74,195,513,300,165,1,-1,-1,-1
1790,74,195,513,300,165,1,-1,-1,-1
1791,74,195,513,300,165,1,-1,-1,-1
1792,74,195,513,300,165,1,-1,-1,-1
1793,74,195,513,300,165,1,-1,-1,-1
1794,74,195,513,300,165,1,-1,-1,-1
1795,74,195,513,300,165,1,-1,-1,-1
1796,74,195,513,300,165,1,-1,-1,-1
1797,74,195,513,300,164,1,-1,-1,-1
1798,74,195,513,300,165,1,-1,-1,-1
1799,74,195,513,300,165,1,-1,-1,-1
1800,74,195,513,300,164,1,-1,-1,-1
1801,74,195,513,299,165,1,-1,-1,-1
1802,74,195,513,299,165,1,-1,-1,-1
1803,74,195,513,299,165,1,-1,-1,-1
1804,74,195,513,299,165,1,-1,-1,-1
1805,74,195,513,299,165,1,-1,-1,-1
1806,74,195,513,299,165,1,-1,-1,-1
1807,74,195,513,299,165,1,-1,-1,-1
1808,74,195,513,299,165,1,-1,-1,-1
1809,74,195,513,299,165,1,-1,-1,-1
1810,74,195,513,300,165,1,-1,-1,-1
1811,74,195,513,300,165,1,-1,-1,-1
1812,74,195,513,300,165,1,-1,-1,-1
1813,74,195,513,300,165,1,-1,-1,-1
1814,74,195,513,300,165,1,-1,-1,-1
1815,74,195,513,300,165,1,-1,-1,-1
1816,74,195,513,300,165,1,-1,-1,-1
1817,74,196,513,299,165,1,-1,-1,-1
1818,74,196,513,299,165,1,-1,-1,-1
1819,74,196,513,299,165,1,-1,-1,-1
1820,74,196,513,299,165,1,-1,-1,-1
1821,74,196,513,299,165,1,-1,-1,-1
1822,74,196,513,299,165,1,-1,-1,-1
1823,74,196,513,299,165,1,-1,-1,-1
1824,74,195,513,300,165,1,-1,-1,-1
1825,74,196,513,299,166,1,-1,-1,-1
1826,74,196,513,299,166,1,-1,-1,-1
1827,74,195,513,300,165,1,-1,-1,-1
1828,74,195,513,300,166,1,-1,-1,-1
1829,74,195,513,300,166,1,-1,-1,-1
1830,74,195,513,300,166,1,-1,-1,-1
1831,74,195,513,300,166,1,-1,-1,-1
1832,74,195,513,300,166,1,-1,-1,-1
1833,74,195,513,300,166,1,-1,-1,-1
1834,74,195,513,300,166,1,-1,-1,-1
1835,74,195,513,300,166,1,-1,-1,-1
1836,74,195,513,300,166,1,-1,-1,-1
1837,74,195,513,300,166,1,-1,-1,-1
1838,74,195,513,301,166,1,-1,-1,-1
1839,74,195,513,301,166,1,-1,-1,-1
1840,74,195,513,301,166,1,-1,-1,-1
1841,74,195,513,301,165,1,-1,-1,-1
1842,74,195,513,301,166,1,-1,-1,-1
1843,74,195,513,300,166,1,-1,-1,-1
1844,74,195,513,300,166,1,-1,-1,-1
1845,74,195,513,300,166,1,-1,-1,-1
1846,74,195,513,300,166,1,-1,-1,-1
1847,74,196,513,300,164,1,-1,-1,-1
1848,74,196,513,300,164,1,-1,-1,-1
1849,74,195,513,299,165,1,-1,-1,-1
1850,74,195,513,299,165,1,-1,-1,-1
1851,74,195,513,299,165,1,-1,-1,-1
1852,74,195,513,299,165,1,-1,-1,-1
1853,74,195,513,299,165,1,-1,-1,-1
1854,74,195,513,300,165,1,-1,-1,-1
1855,74,195,513,300,165,1,-1,-1,-1
1856,74,195,513,300,165,1,-1,-1,-1
1857,74,195,513,300,165,1,-1,-1,-1
1858,74,195,513,300,165,1,-1,-1,-1
1859,74,195,513,300,165,1,-1,-1,-1
1860,74,195,513,300,165,1,-1,-1,-1
1861,74,196,513,299,165,1,-1,-1,-1
1862,74,196,513,299,165,1,-1,-1,-1
1863,74,196,513,299,165,1,-1,-1,-1
1864,74,196,513,299,165,1,-1,-1,-1
1865,74,196,513,299,165,1,-1,-1,-1
1866,74,196,513,299,165,1,-1,-1,-1
1867,74,196,513,299,165,1,-1,-1,-1
1868,74,196,513,299,165,1,-1,-1,-1
1869,74,196,513,299,165,1,-1,-1,-1
1870,74,196,513,300,165,1,-1,-1,-1
1871,74,196,513,299,165,1,-1,-1,-1
1872,74,196,513,300,165,1,-1,-1,-1
1873,74,196,513,300,165,1,-1,-1,-1
1874,74,196,513,300,165,1,-1,-1,-1
1875,74,196,513,300,165,1,-1,-1,-1
1876,74,196,513,300,165,1,-1,-1,-1
1877,74,196,513,299,165,1,-1,-1,-1
1878,74,195,513,299,165,1,-1,-1,-1
1879,74,196,513,300,165,1,-1,-1,-1
1880,74,196,513,300,165,1,-1,-1,-1
1881,74,196,513,300,165,1,-1,-1,-1
1882,74,196,513,300,165,1,-1,-1,-1
1883,74,196,513,300,165,1,-1,-1,-1
1884,74,196,513,300,165,1,-1,-1,-1
1885,74,195,513,300,165,1,-1,-1,-1
1886,74,195,513,300,166,1,-1,-1,-1
1887,74,196,513,300,165,1,-1,-1,-1
1888,74,196,513,299,165,1,-1,-1,-1
1889,74,196,513,300,165,1,-1,-1,-1
1890,74,196,513,299,165,1,-1,-1,-1
1891,74,196,513,299,165,1,-1,-1,-1
1892,74,196,513,299,165,1,-1,-1,-1
1893,74,196,513,299,165,1,-1,-1,-1
1894,74,196,513,299,165,1,-1,-1,-1
1895,74,196,513,299,165,1,-1,-1,-1
1896,74,197,513,298,164,1,-1,-1,-1
1897,74,198,513,297,164,1,-1,-1,-1
1898,74,200,513,295,164,1,-1,-1,-1
1899,74,198,513,297,165,1,-1,-1,-1
1900,74,199,513,297,165,1,-1,-1,-1
1901,74,199,513,297,165,1,-1,-1,-1
1902,74,199,513,296,165,1,-1,-1,-1
1903,74,200,513,295,166,1,-1,-1,-1
1904,74,199,513,296,166,1,-1,-1,-1
1909,74,199,513,296,155,1,-1,-1,-1
1910,74,199,513,297,150,1,-1,-1,-1
1911,74,197,512,298,147,1,-1,-1,-1
1912,74,196,512,301,143,1,-1,-1,-1
1913,74,194,513,301,137,1,-1,-1,-1
1914,74,195,513,300,137,1,-1,-1,-1
1915,74,195,513,300,140,1,-1,-1,-1
1916,74,195,513,302,142,1,-1,-1,-1
1917,74,196,513,299,141,1,-1,-1,-1
1918,74,196,514,300,141,1,-1,-1,-1
1919,74,196,513,300,142,1,-1,-1,-1
1920,74,196,513,300,142,1,-1,-1,-1
1921,74,196,513,307,145,1,-1,-1,-1
1922,74,196,513,310,147,1,-1,-1,-1
1923,74,196,513,312,148,1,-1,-1,-1
1924,74,196,513,311,147,1,-1,-1,-1
1925,74,196,513,308,146,1,-1,-1,-1
1926,74,196,513,307,146,1,-1,-1,-1
1927,74,195,513,304,145,1,-1,-1,-1
1928,74,196,513,302,145,1,-1,-1,-1
1929,74,196,513,302,144,1,-1,-1,-1
1930,74,196,513,303,145,1,-1,-1,-1
1931,74,196,513,303,146,1,-1,-1,-1
1932,74,196,513,300,144,1,-1,-1,-1
1933,74,196,513,300,146,1,-1,-1,-1
1934,74,196,513,300,148,1,-1,-1,-1
1935,74,196,513,302,150,1,-1,-1,-1
1936,74,196,513,305,150,1,-1,-1,-1
1937,74,196,513,303,153,1,-1,-1,-1
1938,74,196,513,304,153,1,-1,-1,-1
1939,74,196,513,302,154,1,-1,-1,-1
1940,74,196,513,301,158,1,-1,-1,-1
1941,74,196,513,301,161,1,-1,-1,-1
1942,74,196,513,301,164,1,-1,-1,-1
1943,74,196,513,300,165,1,-1,-1,-1
1944,74,196,513,301,165,1,-1,-1,-1
1945,74,195,513,300,165,1,-1,-1,-1
1946,74,195,513,300,165,1,-1,-1,-1
1947,74,195,513,300,165,1,-1,-1,-1
1948,74,195,513,300,166,1,-1,-1,-1
1949,74,195,513,300,166,1,-1,-1,-1
1950,74,196,513,299,166,1,-1,-1,-1
1951,74,196,513,299,166,1,-1,-1,-1
1952,74,195,513,300,166,1,-1,-1,-1
1953,74,195,513,299,166,1,-1,-1,-1
1954,74,195,513,299,165,1,-1,-1,-1
1955,74,196,513,299,165,1,-1,-1,-1
1956,74,196,513,299,166,1,-1,-1,-1
1957,74,196,513,299,166,1,-1,-1,-1
1958,74,196,513,299,166,1,-1,-1,-1
1959,74,196,512,299,166,1,-1,-1,-1
1960,74,196,513,299,166,1,-1,-1,-1
1961,74,195,513,300,165,1,-1,-1,-1
1962,74,196,513,300,165,1,-1,-1,-1
1963,74,196,513,299,165,1,-1,-1,-1
1964,74,196,513,299,166,1,-1,-1,-1
1965,74,196,512,299,166,1,-1,-1,-1
1966,74,196,512,299,166,1,-1,-1,-1
1967,74,196,513,299,165,1,-1,-1,-1
1968,74,196,513,299,165,1,-1,-1,-1
1969,74,195,513,300,165,1,-1,-1,-1
1970,74,195,513,299,165,1,-1,-1,-1
1971,74,195,513,299,164,1,-1,-1,-1
1972,74,195,513,299,164,1,-1,-1,-1
1973,74,196,514,299,165,1,-1,-1,-1
1974,74,196,514,299,165,1,-1,-1,-1
1975,74,196,514,299,165,1,-1,-1,-1
1976,74,195,514,299,164,1,-1,-1,-1
1977,74,196,514,299,164,1,-1,-1,-1
1978,74,196,514,299,164,1,-1,-1,-1
1979,74,196,514,299,164,1,-1,-1,-1
1980,74,196,514,299,164,1,-1,-1,-1
1981,74,196,514,299,165,1,-1,-1,-1
1982,74,196,514,299,165,1,-1,-1,-1
1983,74,196,514,299,165,1,-1,-1,-1
1984,74,196,514,299,165,1,-1,-1,-1
1985,74,196,514,299,165,1,-1,-1,-1
1986,74,196,514,299,164,1,-1,-1,-1
1987,74,196,513,299,165,1,-1,-1,-1
1988,74,196,513,299,165,1,-1,-1,-1
1989,74,196,513,299,165,1,-1,-1,-1
1990,74,196,514,299,165,1,-1,-1,-1
1991,74,196,513,299,165,1,-1,-1,-1
1992,74,196,513,299,165,1,-1,-1,-1
1993,74,195,513,299,165,1,-1,-1,-1
1994,74,195,513,299,165,1,-1,-1,-1
1995,74,195,513,299,165,1,-1,-1,-1
1996,74,195,513,299,165,1,-1,-1,-1
1997,74,196,513,299,165,1,-1,-1,-1
1998,74,196,513,299,165,1,-1,-1,-1
1999,74,196,513,299,165,1,-1,-1,-1
2000,74,196,513,299,165,1,-1,-1,-1
2001,74,196,513,299,165,1,-1,-1,-1
2002,74,196,513,299,165,1,-1,-1,-1
2003,74,196,513,299,165,1,-1,-1,-1
2004,74,196,513,299,165,1,-1,-1,-1
2005,74,196,513,300,165,1,-1,-1,-1
2006,74,196,513,300,165,1,-1,-1,-1
2007,74,196,513,299,165,1,-1,-1,-1
2008,74,196,513,299,165,1,-1,-1,-1
2009,74,196,513,299,165,1,-1,-1,-1
2010,74,196,513,299,165,1,-1,-1,-1
2011,74,196,513,299,165,1,-1,-1,-1
2012,74,196,513,299,165,1,-1,-1,-1
2013,74,196,513,299,165,1,-1,-1,-1
2014,74,196,513,299,164,1,-1,-1,-1
2015,74,196,513,299,164,1,-1,-1,-1
2016,74,196,513,299,165,1,-1,-1,-1
2017,74,196,513,298,165,1,-1,-1,-1
2018,74,196,513,298,165,1,-1,-1,-1
2019,74,196,513,298,165,1,-1,-1,-1
2020,74,196,513,298,165,1,-1,-1,-1
2021,74,196,513,298,165,1,-1,-1,-1
2022,74,196,513,298,165,1,-1,-1,-1
2023,74,196,513,299,165,1,-1,-1,-1
2024,74,196,513,299,165,1,-1,-1,-1
2025,74,196,513,299,165,1,-1,-1,-1
2026,74,196,513,298,165,1,-1,-1,-1
2027,74,196,513,298,166,1,-1,-1,-1
2028,74,196,513,298,166,1,-1,-1,-1
2029,74,196,513,299,166,1,-1,-1,-1
2030,74,196,513,299,166,1,-1,-1,-1
2031,74,196,513,299,166,1,-1,-1,-1
2032,74,196,513,299,166,1,-1,-1,-1
2033,74,196,513,299,166,1,-1,-1,-1
2034,74,196,513,299,166,1,-1,-1,-1
2035,74,196,513,299,166,1,-1,-1,-1
2036,74,196,513,299,166,1,-1,-1,-1
2037,74,195,513,300,166,1,-1,-1,-1
2038,74,195,513,300,166,1,-1,-1,-1
2039,74,195,513,300,166,1,-1,-1,-1
2040,74,195,513,300,166,1,-1,-1,-1
2041,74,195,513,299,165,1,-1,-1,-1
2042,74,195,513,299,165,1,-1,-1,-1
2043,74,195,513,299,165,1,-1,-1,-1
2044,74,195,513,299,165,1,-1,-1,-1
2045,74,195,513,299,165,1,-1,-1,-1
2046,74,195,513,299,165,1,-1,-1,-1
2047,74,195,513,300,165,1,-1,-1,-1
2048,74,195,513,300,165,1,-1,-1,-1
2049,74,195,513,300,165,1,-1,-1,-1
2050,74,195,513,300,165,1,-1,-1,-1
2051,74,195,513,300,165,1,-1,-1,-1
2052,74,195,513,300,165,1,-1,-1,-1
2053,74,195,513,300,165,1,-1,-1,-1
2054,74,195,513,300,165,1,-1,-1,-1
2055,74,196,513,300,165,1,-1,-1,-1
2056,74,196,513,300,165,1,-1,-1,-1
2057,74,196,514,299,165,1,-1,-1,-1
2058,74,196,514,299,165,1,-1,-1,-1
2059,74,196,514,299,165,1,-1,-1,-1
2060,74,196,514,299,165,1,-1,-1,-1
2061,74,196,514,299,165,1,-1,-1,-1
2062,74,196,514,299,165,1,-1,-1,-1
2063,74,196,514,299,165,1,-1,-1,-1
2064,74,196,514,299,165,1,-1,-1,-1
2065,74,196,514,299,164,1,-1,-1,-1
2066,74,196,514,299,164,1,-1,-1,-1
2067,74,196,513,300,164,1,-1,-1,-1
2068,74,196,513,300,164,1,-1,-1,-1
2069,74,196,513,300,164,1,-1,-1,-1
2070,74,196,513,300,164,1,-1,-1,-1
2071,74,196,513,300,164,1,-1,-1,-1
2072,74,196,513,300,164,1,-1,-1,-1
2073,74,196,513,300,164,1,-1,-1,-1
2074,74,196,513,300,164,1,-1,-1,-1
2075,74,196,513,300,164,1,-1,-1,-1
2076,74,196,513,300,164,1,-1,-1,-1
2077,74,196,513,299,165,1,-1,-1,-1
2078,74,196,513,299,165,1,-1,-1,-1
2079,74,196,513,299,165,1,-1,-1,-1
2080,74,196,513,299,165,1,-1,-1,-1
2081,74,196,513,299,165,1,-1,-1,-1
2082,74,196,513,299,165,1,-1,-1,-1
2083,74,196,514,299,165,1,-1,-1,-1
2084,74,196,513,299,165,1,-1,-1,-1
2085,74,196,513,299,165,1,-1,-1,-1
2086,74,196,513,299,165,1,-1,-1,-1
2087,74,196,513,299,165,1,-1,-1,-1
2088,74,196,513,299,165,1,-1,-1,-1
2089,74,196,513,298,165,1,-1,-1,-1
2090,74,196,513,298,165,1,-1,-1,-1
2091,74,196,513,298,165,1,-1,-1,-1
2092,74,196,513,298,165,1,-1,-1,-1
2093,74,196,513,298,165,1,-1,-1,-1
2094,74,196,513,298,165,1,-1,-1,-1
2095,74,196,513,298,166,1,-1,-1,-1
2096,74,196,513,299,166,1,-1,-1,-1
2097,74,196,513,299,166,1,-1,-1,-1
2098,74,196,513,298,166,1,-1,-1,-1
2099,74,196,513,299,165,1,-1,-1,-1
2100,74,196,513,299,165,1,-1,-1,-1
2101,74,196,513,299,164,1,-1,-1,-1
2102,74,196,513,299,164,1,-1,-1,-1
2103,74,196,513,299,164,1,-1,-1,-1
2104,74,196,513,299,164,1,-1,-1,-1
2105,74,196,513,299,164,1,-1,-1,-1
2106,74,196,513,299,164,1,-1,-1,-1
2107,74,196,513,299,164,1,-1,-1,-1
2108,74,196,513,299,164,1,-1,-1,-1
2109,74,196,513,299,164,1,-1,-1,-1
2110,74,196,513,299,164,1,-1,-1,-1
2111,74,196,513,299,164,1,-1,-1,-1
2112,74,196,513,299,164,1,-1,-1,-1
2113,74,196,514,299,165,1,-1,-1,-1
2114,74,196,514,299,165,1,-1,-1,-1
2115,74,196,514,299,165,1,-1,-1,-1
2116,74,196,514,299,165,1,-1,-1,-1
2117,74,196,514,299,165,1,-1,-1,-1
2118,74,196,514,299,165,1,-1,-1,-1
2119,74,196,514,299,165,1,-1,-1,-1
2120,74,196,514,299,165,1,-1,-1,-1
2121,74,196,513,299,165,1,-1,-1,-1
2122,74,196,513,299,166,1,-1,-1,-1
2123,74,196,513,299,166,1,-1,-1,-1
2124,74,196,513,299,166,1,-1,-1,-1
2125,74,196,513,299,166,1,-1,-1,-1
2126,74,196,513,299,166,1,-1,-1,-1
2127,74,196,513,299,165,1,-1,-1,-1
2128,74,196,513,299,165,1,-1,-1,-1
2129,74,196,513,298,165,1,-1,-1,-1
2130,74,196,513,298,165,1,-1,-1,-1
2131,74,196,513,298,165,1,-1,-1,-1
2132,74,196,513,298,165,1,-1,-1,-1
2133,74,196,513,298,165,1,-1,-1,-1
2134,74,196,513,298,165,1,-1,-1,-1
2135,74,196,513,298,165,1,-1,-1,-1
2136,74,196,513,298,165,1,-1,-1,-1
2137,74,196,513,298,165,1,-1,-1,-1
2138,74,196,513,298,165,1,-1,-1,-1
2139,74,197,513,298,165,1,-1,-1,-1
2140,74,196,513,298,165,1,-1,-1,-1
2141,74,196,513,298,165,1,-1,-1,-1
2142,74,196,513,298,165,1,-1,-1,-1
2143,74,196,513,298,165,1,-1,-1,-1
2144,74,196,513,298,165,1,-1,-1,-1
2145,74,196,513,298,165,1,-1,-1,-1
2146,74,196,513,298,165,1,-1,-1,-1
2147,74,196,513,298,165,1,-1,-1,-1
2148,74,196,513,298,165,1,-1,-1,-1
2149,74,196,513,299,165,1,-1,-1,-1
2150,74,196,513,299,165,1,-1,-1,-1
2151,74,196,513,299,165,1,-1,-1,-1
2152,74,196,513,299,165,1,-1,-1,-1
2153,74,196,513,298,165,1,-1,-1,-1
2154,74,196,513,298,165,1,-1,-1,-1
2155,74,196,513,298,165,1,-1,-1,-1
2156,74,196,513,298,165,1,-1,-1,-1
2157,74,196,513,298,165,1,-1,-1,-1
2158,74,196,513,298,165,1,-1,-1,-1
2159,74,196,513,298,165,1,-1,-1,-1
2160,74,196,513,298,165,1,-1,-1,-1
2161,74,196,513,298,165,1,-1,-1,-1
2162,74,196,513,298,165,1,-1,-1,-1
2163,74,196,513,299,165,1,-1,-1,-1
2164,74,196,513,299,165,1,-1,-1,-1
2165,74,196,513,298,165,1,-1,-1,-1
2166,74,196,513,299,165,1,-1,-1,-1
2167,74,196,513,299,165,1,-1,-1,-1
2168,74,196,513,299,165,1,-1,-1,-1
2169,74,196,513,299,165,1,-1,-1,-1
2170,74,196,513,299,165,1,-1,-1,-1
2171,74,196,513,299,165,1,-1,-1,-1
2172,74,196,513,299,165,1,-1,-1,-1
2173,74,196,513,299,165,1,-1,-1,-1
2174,74,196,513,299,165,1,-1,-1,-1
2175,74,196,513,299,165,1,-1,-1,-1
2176,74,196,513,299,165,1,-1,-1,-1
2177,74,196,513,299,165,1,-1,-1,-1
2178,74,196,513,299,165,1,-1,-1,-1
2179,74,196,513,299,165,1,-1,-1,-1
2180,74,195,513,299,165,1,-1,-1,-1
2181,74,195,513,299,165,1,-1,-1,-1
2182,74,196,513,299,165,1,-1,-1,-1
2183,74,196,513,300,165,1,-1,-1,-1
2184,74,196,513,300,165,1,-1,-1,-1
2185,74,196,513,299,165,1,-1,-1,-1
2186,74,196,513,299,165,1,-1,-1,-1
2187,74,196,513,299,165,1,-1,-1,-1
2188,74,196,513,299,166,1,-1,-1,-1
2189,74,196,513,299,166,1,-1,-1,-1
2190,74,196,513,299,166,1,-1,-1,-1
2191,74,196,513,300,166,1,-1,-1,-1
2192,74,196,513,300,166,1,-1,-1,-1
2193,74,196,513,300,166,1,-1,-1,-1
2194,74,196,513,300,167,1,-1,-1,-1
2195,74,196,513,299,167,1,-1,-1,-1
2196,74,196,513,299,167,1,-1,-1,-1
2197,74,196,513,299,166,1,-1,-1,-1
2198,74,196,513,299,166,1,-1,-1,-1
2199,74,196,513,299,166,1,-1,-1,-1
2200,74,196,513,299,165,1,-1,-1,-1
2201,74,196,513,299,165,1,-1,-1,-1
2202,74,196,513,299,165,1,-1,-1,-1
2203,74,196,513,299,165,1,-1,-1,-1
2204,74,196,513,299,165,1,-1,-1,-1
2205,74,196,513,299,165,1,-1,-1,-1
2206,74,196,513,299,165,1,-1,-1,-1
2207,74,196,513,299,165,1,-1,-1,-1
2208,74,196,513,299,165,1,-1,-1,-1
2209,74,196,513,299,165,1,-1,-1,-1
2210,74,196,513,299,165,1,-1,-1,-1
2211,74,196,513,299,165,1,-1,-1,-1
2212,74,196,513,299,165,1,-1,-1,-1
2213,74,196,513,299,165,1,-1,-1,-1
2214,74,196,513,299,165,1,-1,-1,-1
2215,74,196,513,299,165,1,-1,-1,-1
2216,74,196,513,299,165,1,-1,-1,-1
2217,74,196,513,299,165,1,-1,-1,-1
2218,74,196,513,299,165,1,-1,-1,-1
2219,74,196,513,299,165,1,-1,-1,-1
2220,74,196,513,299,165,1,-1,-1,-1
2221,74,196,513,300,164,1,-1,-1,-1
2222,74,196,514,300,164,1,-1,-1,-1
2223,74,196,513,300,164,1,-1,-1,-1
2224,74,196,514,300,164,1,-1,-1,-1
2225,74,196,514,300,164,1,-1,-1,-1
2226,74,196,514,300,164,1,-1,-1,-1
2227,74,196,514,300,164,1,-1,-1,-1
2228,74,196,513,300,164,1,-1,-1,-1
2229,74,196,513,299,165,1,-1,-1,-1
2230,74,196,514,299,165,1,-1,-1,-1
2231,74,196,513,299,165,1,-1,-1,-1
2232,74,196,513,299,165,1,-1,-1,-1
2233,74,196,514,299,165,1,-1,-1,-1
2234,74,196,514,299,165,1,-1,-1,-1
2235,74,196,514,299,165,1,-1,-1,-1
2236,74,196,514,299,165,1,-1,-1,-1
2237,74,196,514,299,165,1,-1,-1,-1
2238,74,196,514,299,165,1,-1,-1,-1
2239,74,196,514,299,165,1,-1,-1,-1
2240,74,196,513,299,165,1,-1,-1,-1
2241,74,196,513,299,166,1,-1,-1,-1
2242,74,196,513,299,166,1,-1,-1,-1
2243,74,196,513,299,165,1,-1,-1,-1
2244,74,196,513,299,165,1,-1,-1,-1
2245,74,196,513,299,165,1,-1,-1,-1
2246,74,196,513,299,165,1,-1,-1,-1
2247,74,196,513,299,165,1,-1,-1,-1
2248,74,196,513,299,165,1,-1,-1,-1
2249,74,196,513,299,165,1,-1,-1,-1
2250,74,196,514,299,165,1,-1,-1,-1
2251,74,196,514,299,165,1,-1,-1,-1
2252,74,196,514,299,165,1,-1,-1,-1
2253,74,196,514,299,165,1,-1,-1,-1
2254,74,196,514,299,165,1,-1,-1,-1
2255,74,196,514,299,165,1,-1,-1,-1
2256,74,196,514,299,165,1,-1,-1,-1
2257,74,196,514,299,165,1,-1,-1,-1
2258,74,196,514,299,165,1,-1,-1,-1
2259,74,196,514,299,165,1,-1,-1,-1
2260,74,197,513,298,165,1,-1,-1,-1
2261,74,197,513,298,165,1,-1,-1,-1
2262,74,197,513,298,165,1,-1,-1,-1
2263,74,197,514,298,165,1,-1,-1,-1
2264,74,197,514,298,165,1,-1,-1,-1
2265,74,197,514,298,165,1,-1,-1,-1
2266,74,197,514,298,165,1,-1,-1,-1
2267,74,197,514,298,165,1,-1,-1,-1
2268,74,197,514,298,165,1,-1,-1,-1
2269,74,197,514,298,164,1,-1,-1,-1
2270,74,196,514,299,165,1,-1,-1,-1
2271,74,196,514,299,165,1,-1,-1,-1
2272,74,196,514,299,165,1,-1,-1,-1
2273,74,196,514,299,165,1,-1,-1,-1
2274,74,196,514,299,165,1,-1,-1,-1
2275,74,196,514,299,165,1,-1,-1,-1
2276,74,196,514,299,165,1,-1,-1,-1
2277,74,196,514,299,165,1,-1,-1,-1
2278,74,196,514,299,165,1,-1,-1,-1
2279,74,197,514,299,165,1,-1,-1,-1
1,75,1470,845,72,51,1,-1,-1,-1
2,75,1470,845,72,52,1,-1,-1,-1
3,75,1470,845,72,51,1,-1,-1,-1
4,75,1470,845,72,52,1,-1,-1,-1
5,75,1470,845,73,51,1,-1,-1,-1
6,75,1470,845,73,51,1,-1,-1,-1
7,75,1470,845,73,51,1,-1,-1,-1
8,75,1470,845,73,51,1,-1,-1,-1
9,75,1470,845,73,51,1,-1,-1,-1
10,75,1470,845,73,51,1,-1,-1,-1
11,75,1470,845,72,51,1,-1,-1,-1
12,75,1470,845,72,51,1,-1,-1,-1
13,75,1470,846,72,51,1,-1,-1,-1
14,75,1470,845,72,51,1,-1,-1,-1
15,75,1470,846,72,51,1,-1,-1,-1
16,75,1470,846,72,51,1,-1,-1,-1
17,75,1470,846,72,51,1,-1,-1,-1
18,75,1470,846,72,51,1,-1,-1,-1
19,75,1470,846,72,51,1,-1,-1,-1
20,75,1470,846,72,51,1,-1,-1,-1
21,75,1470,846,72,51,1,-1,-1,-1
22,75,1470,846,72,51,1,-1,-1,-1
23,75,1470,846,72,51,1,-1,-1,-1
24,75,1470,846,72,51,1,-1,-1,-1
25,75,1470,845,73,51,1,-1,-1,-1
26,75,1470,845,73,51,1,-1,-1,-1
27,75,1470,845,73,51,1,-1,-1,-1
28,75,1470,845,73,51,1,-1,-1,-1
29,75,1470,845,73,51,1,-1,-1,-1
30,75,1470,845,73,51,1,-1,-1,-1
31,75,1470,845,72,51,1,-1,-1,-1
32,75,1470,845,72,51,1,-1,-1,-1
33,75,1470,845,73,51,1,-1,-1,-1
34,75,1470,845,72,51,1,-1,-1,-1
35,75,1470,846,72,51,1,-1,-1,-1
36,75,1470,846,72,51,1,-1,-1,-1
37,75,1470,846,72,51,1,-1,-1,-1
38,75,1470,846,72,51,1,-1,-1,-1
39,75,1470,846,72,51,1,-1,-1,-1
40,75,1470,846,72,51,1,-1,-1,-1
41,75,1470,846,72,51,1,-1,-1,-1
42,75,1470,845,72,51,1,-1,-1,-1
43,75,1470,845,72,52,1,-1,-1,-1
44,75,1470,845,72,52,1,-1,-1,-1
45,75,1470,845,72,52,1,-1,-1,-1
46,75,1470,845,72,52,1,-1,-1,-1
47,75,1470,845,72,52,1,-1,-1,-1
48,75,1471,845,72,52,1,-1,-1,-1
49,75,1471,846,71,51,1,-1,-1,-1
50,75,1472,846,71,52,1,-1,-1,-1
51,75,1471,846,71,52,1,-1,-1,-1
52,75,1471,845,71,52,1,-1,-1,-1
53,75,1471,845,71,52,1,-1,-1,-1
54,75,1471,845,71,52,1,-1,-1,-1
55,75,1471,845,71,52,1,-1,-1,-1
56,75,1471,846,71,51,1,-1,-1,-1
57,75,1471,846,71,51,1,-1,-1,-1
58,75,1471,846,71,51,1,-1,-1,-1
59,75,1471,846,71,51,1,-1,-1,-1
60,75,1471,846,71,51,1,-1,-1,-1
61,75,1471,845,71,52,1,-1,-1,-1
62,75,1471,845,71,52,1,-1,-1,-1
63,75,1471,846,71,50,1,-1,-1,-1
64,75,1471,846,71,50,1,-1,-1,-1
65,75,1471,846,71,50,1,-1,-1,-1
66,75,1471,846,71,50,1,-1,-1,-1
67,75,1471,846,71,50,1,-1,-1,-1
68,75,1472,846,71,51,1,-1,-1,-1
69,75,1472,846,71,51,1,-1,-1,-1
70,75,1472,846,71,51,1,-1,-1,-1
71,75,1472,846,71,50,1,-1,-1,-1
72,75,1471,846,71,50,1,-1,-1,-1
73,75,1470,847,72,46,1,-1,-1,-1
74,75,1470,847,72,48,1,-1,-1,-1
75,75,1470,847,72,48,1,-1,-1,-1
76,75,1470,847,72,47,1,-1,-1,-1
77,75,1470,847,72,47,1,-1,-1,-1
78,75,1470,847,72,46,1,-1,-1,-1
79,75,1470,847,72,47,1,-1,-1,-1
80,75,1470,847,72,47,1,-1,-1,-1
81,75,1471,847,72,47,1,-1,-1,-1
82,75,1471,847,72,48,1,-1,-1,-1
83,75,1471,846,72,48,1,-1,-1,-1
84,75,1471,846,72,47,1,-1,-1,-1
85,75,1472,847,70,45,1,-1,-1,-1
86,75,1471,847,70,45,1,-1,-1,-1
87,75,1472,847,70,45,1,-1,-1,-1
88,75,1471,848,70,45,1,-1,-1,-1
89,75,1471,848,70,45,1,-1,-1,-1
90,75,1471,848,70,45,1,-1,-1,-1
91,75,1471,848,71,46,1,-1,-1,-1
92,75,1471,848,71,46,1,-1,-1,-1
93,75,1471,848,71,46,1,-1,-1,-1
94,75,1471,848,71,46,1,-1,-1,-1
95,75,1471,847,71,47,1,-1,-1,-1
96,75,1471,847,71,47,1,-1,-1,-1
97,75,1471,847,70,45,1,-1,-1,-1
98,75,1471,847,70,45,1,-1,-1,-1
99,75,1471,847,70,45,1,-1,-1,-1
100,75,1471,847,70,45,1,-1,-1,-1
101,75,1471,847,71,46,1,-1,-1,-1
102,75,1471,847,71,46,1,-1,-1,-1
103,75,1471,847,71,46,1,-1,-1,-1
104,75,1471,847,71,46,1,-1,-1,-1
105,75,1471,847,71,46,1,-1,-1,-1
106,75,1471,847,71,46,1,-1,-1,-1
107,75,1471,847,71,47,1,-1,-1,-1
108,75,1471,847,72,48,1,-1,-1,-1
109,75,1471,848,72,46,1,-1,-1,-1
110,75,1471,848,72,46,1,-1,-1,-1
111,75,1471,848,72,46,1,-1,-1,-1
112,75,1471,848,72,46,1,-1,-1,-1
113,75,1471,848,72,46,1,-1,-1,-1
114,75,1471,848,72,46,1,-1,-1,-1
115,75,1470,848,72,46,1,-1,-1,-1
116,75,1471,848,72,46,1,-1,-1,-1
117,75,1471,848,72,46,1,-1,-1,-1
118,75,1471,848,72,46,1,-1,-1,-1
119,75,1471,848,72,46,1,-1,-1,-1
120,75,1471,848,72,46,1,-1,-1,-1
121,75,1470,847,72,46,1,-1,-1,-1
122,75,1470,847,72,46,1,-1,-1,-1
123,75,1471,847,71,46,1,-1,-1,-1
124,75,1470,846,71,46,1,-1,-1,-1
125,75,1470,846,71,46,1,-1,-1,-1
126,75,1470,846,71,46,1,-1,-1,-1
127,75,1470,846,71,46,1,-1,-1,-1
128,75,1470,846,71,46,1,-1,-1,-1
129,75,1470,846,71,46,1,-1,-1,-1
130,75,1470,846,71,46,1,-1,-1,-1
131,75,1470,846,71,46,1,-1,-1,-1
132,75,1470,846,71,46,1,-1,-1,-1
133,75,1470,846,70,44,1,-1,-1,-1
134,75,1470,846,70,44,1,-1,-1,-1
135,75,1470,847,71,44,1,-1,-1,-1
136,75,1470,847,71,44,1,-1,-1,-1
137,75,1470,847,71,44,1,-1,-1,-1
138,75,1470,846,70,44,1,-1,-1,-1
139,75,1470,846,70,44,1,-1,-1,-1
140,75,1470,846,71,44,1,-1,-1,-1
141,75,1470,846,71,45,1,-1,-1,-1
142,75,1470,846,70,45,1,-1,-1,-1
143,75,1470,847,71,45,1,-1,-1,-1
144,75,1470,847,71,45,1,-1,-1,-1
145,75,1470,846,71,47,1,-1,-1,-1
146,75,1470,846,71,47,1,-1,-1,-1
147,75,1470,846,71,47,1,-1,-1,-1
148,75,1470,846,71,47,1,-1,-1,-1
149,75,1471,847,71,47,1,-1,-1,-1
150,75,1471,847,71,47,1,-1,-1,-1
151,75,1470,847,72,46,1,-1,-1,-1
152,75,1470,847,71,47,1,-1,-1,-1
153,75,1470,847,71,47,1,-1,-1,-1
154,75,1470,847,71,46,1,-1,-1,-1
155,75,1470,847,72,47,1,-1,-1,-1
156,75,1470,847,72,47,1,-1,-1,-1
157,75,1471,847,71,47,1,-1,-1,-1
158,75,1471,847,71,47,1,-1,-1,-1
159,75,1470,847,72,47,1,-1,-1,-1
160,75,1471,847,71,48,1,-1,-1,-1
161,75,1471,847,71,47,1,-1,-1,-1
162,75,1471,847,71,47,1,-1,-1,-1
163,75,1470,847,71,47,1,-1,-1,-1
164,75,1470,847,71,47,1,-1,-1,-1
165,75,1470,847,71,47,1,-1,-1,-1
166,75,1470,847,71,47,1,-1,-1,-1
167,75,1470,847,71,47,1,-1,-1,-1
168,75,1470,847,71,47,1,-1,-1,-1
169,75,1471,847,71,47,1,-1,-1,-1
170,75,1471,847,71,46,1,-1,-1,-1
171,75,1471,847,70,47,1,-1,-1,-1
172,75,1471,847,70,47,1,-1,-1,-1
173,75,1471,847,70,46,1,-1,-1,-1
174,75,1471,847,70,45,1,-1,-1,-1
175,75,1471,847,70,45,1,-1,-1,-1
176,75,1471,847,70,45,1,-1,-1,-1
177,75,1471,847,70,45,1,-1,-1,-1
178,75,1471,847,70,45,1,-1,-1,-1
179,75,1471,847,70,45,1,-1,-1,-1
180,75,1471,847,70,45,1,-1,-1,-1
181,75,1471,847,70,47,1,-1,-1,-1
182,75,1471,847,70,46,1,-1,-1,-1
183,75,1471,847,70,46,1,-1,-1,-1
184,75,1471,847,70,46,1,-1,-1,-1
185,75,1471,847,70,46,1,-1,-1,-1
186,75,1471,847,70,46,1,-1,-1,-1
187,75,1471,847,70,46,1,-1,-1,-1
188,75,1471,847,70,46,1,-1,-1,-1
189,75,1471,847,70,47,1,-1,-1,-1
190,75,1471,846,72,47,1,-1,-1,-1
191,75,1470,846,72,47,1,-1,-1,-1
192,75,1470,846,73,46,1,-1,-1,-1
193,75,1471,846,72,46,1,-1,-1,-1
194,75,1471,846,72,46,1,-1,-1,-1
195,75,1471,846,72,46,1,-1,-1,-1
196,75,1471,846,72,46,1,-1,-1,-1
197,75,1471,846,72,46,1,-1,-1,-1
198,75,1471,846,72,46,1,-1,-1,-1
199,75,1471,846,72,46,1,-1,-1,-1
200,75,1470,845,72,48,1,-1,-1,-1
201,75,1470,845,72,48,1,-1,-1,-1
202,75,1470,845,72,48,1,-1,-1,-1
203,75,1470,845,72,48,1,-1,-1,-1
204,75,1470,846,72,48,1,-1,-1,-1
205,75,1470,846,73,49,1,-1,-1,-1
206,75,1470,846,73,49,1,-1,-1,-1
207,75,1470,846,73,49,1,-1,-1,-1
208,75,1470,846,73,49,1,-1,-1,-1
209,75,1470,846,73,49,1,-1,-1,-1
210,75,1470,846,73,49,1,-1,-1,-1
211,75,1470,846,73,49,1,-1,-1,-1
212,75,1470,846,73,49,1,-1,-1,-1
213,75,1470,846,73,49,1,-1,-1,-1
214,75,1470,846,73,49,1,-1,-1,-1
215,75,1470,846,73,49,1,-1,-1,-1
216,75,1470,846,73,49,1,-1,-1,-1
217,75,1470,846,73,49,1,-1,-1,-1
218,75,1470,846,73,49,1,-1,-1,-1
219,75,1470,846,73,49,1,-1,-1,-1
220,75,1470,846,73,49,1,-1,-1,-1
221,75,1470,846,73,49,1,-1,-1,-1
222,75,1470,846,73,49,1,-1,-1,-1
223,75,1470,846,73,49,1,-1,-1,-1
224,75,1470,846,73,49,1,-1,-1,-1
225,75,1470,846,73,49,1,-1,-1,-1
226,75,1470,846,73,49,1,-1,-1,-1
227,75,1470,846,73,49,1,-1,-1,-1
228,75,1470,846,72,49,1,-1,-1,-1
229,75,1470,846,73,49,1,-1,-1,-1
230,75,1469,846,73,48,1,-1,-1,-1
231,75,1469,846,73,48,1,-1,-1,-1
232,75,1470,846,72,48,1,-1,-1,-1
233,75,1470,846,72,48,1,-1,-1,-1
234,75,1470,846,73,48,1,-1,-1,-1
235,75,1470,846,73,48,1,-1,-1,-1
236,75,1470,846,73,48,1,-1,-1,-1
237,75,1470,846,73,48,1,-1,-1,-1
238,75,1470,846,72,48,1,-1,-1,-1
239,75,1470,846,72,48,1,-1,-1,-1
240,75,1470,846,72,48,1,-1,-1,-1
241,75,1469,846,73,48,1,-1,-1,-1
242,75,1469,846,73,48,1,-1,-1,-1
243,75,1469,846,73,48,1,-1,-1,-1
244,75,1469,846,73,48,1,-1,-1,-1
245,75,1469,846,73,48,1,-1,-1,-1
246,75,1469,847,73,48,1,-1,-1,-1
247,75,1470,846,73,48,1,-1,-1,-1
248,75,1470,846,73,48,1,-1,-1,-1
249,75,1469,847,73,48,1,-1,-1,-1
250,75,1471,847,72,49,1,-1,-1,-1
251,75,1471,847,72,49,1,-1,-1,-1
252,75,1471,846,72,49,1,-1,-1,-1
253,75,1471,847,73,49,1,-1,-1,-1
254,75,1471,847,73,49,1,-1,-1,-1
255,75,1471,847,73,49,1,-1,-1,-1
256,75,1471,847,73,49,1,-1,-1,-1
257,75,1471,847,73,49,1,-1,-1,-1
258,75,1471,847,73,49,1,-1,-1,-1
259,75,1471,847,73,50,1,-1,-1,-1
260,75,1471,847,73,50,1,-1,-1,-1
261,75,1471,847,73,50,1,-1,-1,-1
262,75,1471,847,72,50,1,-1,-1,-1
263,75,1471,847,72,50,1,-1,-1,-1
264,75,1471,847,72,50,1,-1,-1,-1
265,75,1470,847,73,50,1,-1,-1,-1
266,75,1470,847,73,50,1,-1,-1,-1
267,75,1470,847,73,50,1,-1,-1,-1
268,75,1470,847,73,50,1,-1,-1,-1
269,75,1470,847,73,49,1,-1,-1,-1
270,75,1470,847,73,50,1,-1,-1,-1
271,75,1470,847,73,49,1,-1,-1,-1
272,75,1470,847,73,49,1,-1,-1,-1
273,75,1471,847,72,49,1,-1,-1,-1
274,75,1470,847,73,49,1,-1,-1,-1
275,75,1470,847,73,49,1,-1,-1,-1
276,75,1470,847,73,49,1,-1,-1,-1
277,75,1470,848,73,49,1,-1,-1,-1
278,75,1470,848,73,49,1,-1,-1,-1
279,75,1470,848,73,49,1,-1,-1,-1
280,75,1470,847,73,49,1,-1,-1,-1
281,75,1471,847,72,49,1,-1,-1,-1
282,75,1470,847,73,49,1,-1,-1,-1
283,75,1470,847,73,49,1,-1,-1,-1
284,75,1470,847,73,49,1,-1,-1,-1
285,75,1470,847,73,49,1,-1,-1,-1
286,75,1470,848,73,49,1,-1,-1,-1
287,75,1470,847,73,49,1,-1,-1,-1
288,75,1470,847,73,50,1,-1,-1,-1
289,75,1470,847,73,50,1,-1,-1,-1
290,75,1470,847,73,50,1,-1,-1,-1
291,75,1470,847,73,50,1,-1,-1,-1
292,75,1470,847,73,50,1,-1,-1,-1
293,75,1470,847,73,50,1,-1,-1,-1
294,75,1470,847,73,50,1,-1,-1,-1
295,75,1470,847,73,50,1,-1,-1,-1
296,75,1470,847,73,50,1,-1,-1,-1
297,75,1470,847,74,50,1,-1,-1,-1
298,75,1470,847,74,50,1,-1,-1,-1
299,75,1470,847,74,50,1,-1,-1,-1
300,75,1470,847,74,50,1,-1,-1,-1
301,75,1470,847,74,50,1,-1,-1,-1
302,75,1470,847,74,50,1,-1,-1,-1
303,75,1470,846,73,50,1,-1,-1,-1
304,75,1470,846,73,50,1,-1,-1,-1
305,75,1470,846,74,51,1,-1,-1,-1
306,75,1470,846,74,51,1,-1,-1,-1
307,75,1469,846,74,51,1,-1,-1,-1
308,75,1470,846,74,51,1,-1,-1,-1
309,75,1470,846,74,51,1,-1,-1,-1
310,75,1470,845,74,51,1,-1,-1,-1
311,75,1470,846,74,51,1,-1,-1,-1
312,75,1470,846,74,51,1,-1,-1,-1
313,75,1470,846,74,51,1,-1,-1,-1
314,75,1470,846,74,51,1,-1,-1,-1
315,75,1470,846,74,50,1,-1,-1,-1
316,75,1470,846,73,50,1,-1,-1,-1
317,75,1470,846,73,50,1,-1,-1,-1
318,75,1470,846,74,50,1,-1,-1,-1
319,75,1470,846,74,50,1,-1,-1,-1
320,75,1470,846,73,50,1,-1,-1,-1
321,75,1470,846,73,50,1,-1,-1,-1
322,75,1470,846,73,51,1,-1,-1,-1
323,75,1470,846,73,51,1,-1,-1,-1
324,75,1470,846,73,50,1,-1,-1,-1
325,75,1470,847,73,50,1,-1,-1,-1
326,75,1470,847,73,50,1,-1,-1,-1
327,75,1470,847,73,50,1,-1,-1,-1
328,75,1470,847,73,50,1,-1,-1,-1
329,75,1470,847,73,50,1,-1,-1,-1
330,75,1470,847,73,50,1,-1,-1,-1
331,75,1470,846,73,50,1,-1,-1,-1
332,75,1470,846,73,50,1,-1,-1,-1
333,75,1470,846,73,50,1,-1,-1,-1
334,75,1470,846,73,50,1,-1,-1,-1
335,75,1470,846,73,50,1,-1,-1,-1
336,75,1470,846,73,50,1,-1,-1,-1
337,75,1470,847,74,50,1,-1,-1,-1
338,75,1470,847,74,50,1,-1,-1,-1
339,75,1470,847,74,50,1,-1,-1,-1
340,75,1470,846,73,50,1,-1,-1,-1
341,75,1470,846,73,50,1,-1,-1,-1
342,75,1470,847,74,50,1,-1,-1,-1
343,75,1471,846,73,51,1,-1,-1,-1
344,75,1470,846,73,50,1,-1,-1,-1
345,75,1470,846,73,51,1,-1,-1,-1
346,75,1470,846,73,51,1,-1,-1,-1
347,75,1470,846,73,51,1,-1,-1,-1
348,75,1470,846,73,51,1,-1,-1,-1
349,75,1470,847,73,49,1,-1,-1,-1
350,75,1470,847,73,49,1,-1,-1,-1
351,75,1470,847,73,49,1,-1,-1,-1
352,75,1470,847,73,49,1,-1,-1,-1
353,75,1470,847,73,49,1,-1,-1,-1
354,75,1470,847,73,49,1,-1,-1,-1
355,75,1470,847,73,49,1,-1,-1,-1
356,75,1470,847,73,49,1,-1,-1,-1
357,75,1471,846,73,50,1,-1,-1,-1
358,75,1471,846,73,50,1,-1,-1,-1
359,75,1471,846,73,50,1,-1,-1,-1
360,75,1471,846,73,50,1,-1,-1,-1
361,75,1471,847,73,49,1,-1,-1,-1
362,75,1471,847,73,49,1,-1,-1,-1
363,75,1470,847,73,48,1,-1,-1,-1
364,75,1471,847,73,49,1,-1,-1,-1
365,75,1471,847,73,48,1,-1,-1,-1
366,75,1471,847,73,48,1,-1,-1,-1
367,75,1471,847,72,48,1,-1,-1,-1
368,75,1471,847,72,48,1,-1,-1,-1
369,75,1471,847,72,48,1,-1,-1,-1
370,75,1471,847,72,48,1,-1,-1,-1
371,75,1471,847,72,48,1,-1,-1,-1
372,75,1471,847,72,48,1,-1,-1,-1
373,75,1470,847,72,50,1,-1,-1,-1
374,75,1470,847,72,50,1,-1,-1,-1
375,75,1470,847,72,50,1,-1,-1,-1
376,75,1470,847,72,50,1,-1,-1,-1
377,75,1470,847,72,50,1,-1,-1,-1
378,75,1470,847,72,50,1,-1,-1,-1
379,75,1470,847,72,50,1,-1,-1,-1
380,75,1470,847,72,50,1,-1,-1,-1
381,75,1470,847,73,50,1,-1,-1,-1
382,75,1470,847,73,50,1,-1,-1,-1
383,75,1470,847,73,50,1,-1,-1,-1
384,75,1470,847,72,50,1,-1,-1,-1
385,75,1470,847,73,50,1,-1,-1,-1
386,75,1470,847,73,50,1,-1,-1,-1
387,75,1470,847,73,50,1,-1,-1,-1
388,75,1470,847,73,50,1,-1,-1,-1
389,75,1470,847,73,50,1,-1,-1,-1
390,75,1470,847,73,50,1,-1,-1,-1
391,75,1470,847,73,49,1,-1,-1,-1
392,75,1470,847,73,49,1,-1,-1,-1
393,75,1470,847,73,50,1,-1,-1,-1
394,75,1470,847,73,50,1,-1,-1,-1
395,75,1470,847,73,49,1,-1,-1,-1
396,75,1470,847,73,49,1,-1,-1,-1
397,75,1470,847,72,49,1,-1,-1,-1
398,75,1470,847,72,50,1,-1,-1,-1
399,75,1470,847,72,50,1,-1,-1,-1
400,75,1470,847,72,50,1,-1,-1,-1
401,75,1471,847,72,50,1,-1,-1,-1
402,75,1471,847,72,50,1,-1,-1,-1
403,75,1471,847,72,50,1,-1,-1,-1
404,75,1471,847,72,50,1,-1,-1,-1
405,75,1471,847,72,50,1,-1,-1,-1
406,75,1471,847,72,50,1,-1,-1,-1
407,75,1471,847,72,50,1,-1,-1,-1
408,75,1471,847,72,49,1,-1,-1,-1
409,75,1471,847,72,49,1,-1,-1,-1
410,75,1471,847,72,49,1,-1,-1,-1
411,75,1471,847,72,49,1,-1,-1,-1
412,75,1471,847,72,49,1,-1,-1,-1
413,75,1471,847,72,49,1,-1,-1,-1
414,75,1471,847,72,49,1,-1,-1,-1
415,75,1471,847,72,49,1,-1,-1,-1
416,75,1471,847,72,49,1,-1,-1,-1
417,75,1471,847,72,49,1,-1,-1,-1
418,75,1471,847,72,49,1,-1,-1,-1
419,75,1471,847,72,49,1,-1,-1,-1
420,75,1471,847,72,49,1,-1,-1,-1
421,75,1471,847,72,50,1,-1,-1,-1
422,75,1471,847,72,49,1,-1,-1,-1
423,75,1470,847,72,50,1,-1,-1,-1
424,75,1470,847,72,50,1,-1,-1,-1
425,75,1470,847,72,50,1,-1,-1,-1
426,75,1470,847,72,50,1,-1,-1,-1
427,75,1470,847,72,50,1,-1,-1,-1
428,75,1470,847,72,50,1,-1,-1,-1
429,75,1470,847,72,50,1,-1,-1,-1
430,75,1470,847,72,50,1,-1,-1,-1
431,75,1470,847,72,50,1,-1,-1,-1
432,75,1470,847,73,50,1,-1,-1,-1
433,75,1469,847,74,50,1,-1,-1,-1
434,75,1469,847,74,50,1,-1,-1,-1
435,75,1469,847,74,49,1,-1,-1,-1
436,75,1469,847,74,49,1,-1,-1,-1
437,75,1469,847,74,49,1,-1,-1,-1
438,75,1469,847,74,49,1,-1,-1,-1
439,75,1469,847,74,49,1,-1,-1,-1
440,75,1469,847,74,49,1,-1,-1,-1
441,75,1469,847,74,50,1,-1,-1,-1
442,75,1469,847,74,49,1,-1,-1,-1
443,75,1470,847,73,50,1,-1,-1,-1
444,75,1469,847,74,50,1,-1,-1,-1
445,75,1469,847,74,49,1,-1,-1,-1
446,75,1469,847,74,49,1,-1,-1,-1
447,75,1469,847,74,49,1,-1,-1,-1
448,75,1469,847,74,49,1,-1,-1,-1
449,75,1469,847,74,49,1,-1,-1,-1
450,75,1469,847,74,49,1,-1,-1,-1
451,75,1469,847,74,49,1,-1,-1,-1
452,75,1469,847,74,49,1,-1,-1,-1
453,75,1469,847,74,49,1,-1,-1,-1
454,75,1469,847,74,49,1,-1,-1,-1
455,75,1469,847,74,49,1,-1,-1,-1
456,75,1469,847,74,49,1,-1,-1,-1
457,75,1469,847,74,50,1,-1,-1,-1
458,75,1469,847,74,50,1,-1,-1,-1
459,75,1469,847,74,50,1,-1,-1,-1
460,75,1469,847,74,50,1,-1,-1,-1
461,75,1469,847,74,50,1,-1,-1,-1
462,75,1469,847,74,50,1,-1,-1,-1
463,75,1469,847,74,50,1,-1,-1,-1
464,75,1469,847,74,50,1,-1,-1,-1
465,75,1469,847,74,50,1,-1,-1,-1
466,75,1470,847,73,50,1,-1,-1,-1
467,75,1470,847,73,50,1,-1,-1,-1
468,75,1470,847,74,50,1,-1,-1,-1
469,75,1469,847,74,50,1,-1,-1,-1
470,75,1469,847,74,50,1,-1,-1,-1
471,75,1469,847,74,50,1,-1,-1,-1
472,75,1469,847,73,50,1,-1,-1,-1
473,75,1470,847,73,50,1,-1,-1,-1
474,75,1470,847,73,50,1,-1,-1,-1
475,75,1470,847,73,50,1,-1,-1,-1
476,75,1470,847,73,49,1,-1,-1,-1
477,75,1470,847,74,49,1,-1,-1,-1
478,75,1470,847,74,49,1,-1,-1,-1
479,75,1470,847,74,49,1,-1,-1,-1
480,75,1470,847,73,50,1,-1,-1,-1
481,75,1470,848,73,49,1,-1,-1,-1
482,75,1470,848,73,49,1,-1,-1,-1
483,75,1470,848,73,49,1,-1,-1,-1
484,75,1470,848,73,49,1,-1,-1,-1
485,75,1470,848,73,49,1,-1,-1,-1
486,75,1470,848,73,49,1,-1,-1,-1
487,75,1470,847,73,49,1,-1,-1,-1
488,75,1470,847,73,49,1,-1,-1,-1
489,75,1470,847,73,49,1,-1,-1,-1
490,75,1470,847,73,49,1,-1,-1,-1
491,75,1470,847,73,49,1,-1,-1,-1
492,75,1470,848,73,49,1,-1,-1,-1
493,75,1470,848,73,46,1,-1,-1,-1
494,75,1469,848,73,47,1,-1,-1,-1
495,75,1469,848,73,46,1,-1,-1,-1
496,75,1469,848,73,46,1,-1,-1,-1
497,75,1470,848,73,47,1,-1,-1,-1
498,75,1469,848,74,48,1,-1,-1,-1
499,75,1470,848,74,48,1,-1,-1,-1
500,75,1470,848,74,48,1,-1,-1,-1
501,75,1469,847,74,48,1,-1,-1,-1
502,75,1469,847,74,48,1,-1,-1,-1
503,75,1469,847,74,48,1,-1,-1,-1
504,75,1469,847,74,48,1,-1,-1,-1
3,76,1688,926,24,20,1,-1,-1,-1
4,76,1688,926,24,20,1,-1,-1,-1
5,76,1688,926,24,20,1,-1,-1,-1
6,76,1688,926,24,20,1,-1,-1,-1
7,76,1688,926,24,20,1,-1,-1,-1
8,76,1688,926,25,20,1,-1,-1,-1
9,76,1688,926,24,20,1,-1,-1,-1
10,76,1688,926,25,20,1,-1,-1,-1
11,76,1688,926,25,20,1,-1,-1,-1
12,76,1688,926,25,20,1,-1,-1,-1
13,76,1687,926,25,20,1,-1,-1,-1
14,76,1687,926,25,19,1,-1,-1,-1
15,76,1687,926,25,20,1,-1,-1,-1
16,76,1688,926,25,19,1,-1,-1,-1
17,76,1688,926,25,19,1,-1,-1,-1
18,76,1688,926,25,19,1,-1,-1,-1
19,76,1688,926,25,19,1,-1,-1,-1
20,76,1688,926,25,19,1,-1,-1,-1
21,76,1688,926,25,19,1,-1,-1,-1
22,76,1688,926,25,19,1,-1,-1,-1
23,76,1688,926,25,20,1,-1,-1,-1
24,76,1687,926,25,20,1,-1,-1,-1
25,76,1687,926,25,20,1,-1,-1,-1
26,76,1687,926,25,20,1,-1,-1,-1
27,76,1687,926,25,19,1,-1,-1,-1
28,76,1687,926,25,19,1,-1,-1,-1
29,76,1687,926,26,20,1,-1,-1,-1
30,76,1687,926,25,19,1,-1,-1,-1
31,76,1687,926,25,19,1,-1,-1,-1
32,76,1687,926,25,19,1,-1,-1,-1
33,76,1687,926,25,20,1,-1,-1,-1
34,76,1687,926,25,20,1,-1,-1,-1
35,76,1687,926,25,20,1,-1,-1,-1
36,76,1687,926,25,20,1,-1,-1,-1
37,76,1687,926,25,19,1,-1,-1,-1
38,76,1687,926,25,19,1,-1,-1,-1
39,76,1687,926,25,19,1,-1,-1,-1
40,76,1687,926,25,20,1,-1,-1,-1
41,76,1687,926,25,20,1,-1,-1,-1
42,76,1687,926,25,19,1,-1,-1,-1
43,76,1687,926,25,20,1,-1,-1,-1
44,76,1687,926,25,20,1,-1,-1,-1
45,76,1687,926,25,20,1,-1,-1,-1
46,76,1687,926,26,20,1,-1,-1,-1
47,76,1687,926,26,20,1,-1,-1,-1
48,76,1687,926,26,20,1,-1,-1,-1
49,76,1687,926,25,20,1,-1,-1,-1
13,77,1313,797,82,60,1,-1,-1,-1
14,77,1311,796,84,61,1,-1,-1,-1
15,77,1310,796,85,61,1,-1,-1,-1
16,77,1312,796,84,61,1,-1,-1,-1
17,77,1312,796,83,60,1,-1,-1,-1
18,77,1313,796,83,60,1,-1,-1,-1
19,77,1312,796,83,61,1,-1,-1,-1
20,77,1311,796,84,61,1,-1,-1,-1
21,77,1312,795,84,61,1,-1,-1,-1
22,77,1312,795,84,62,1,-1,-1,-1
23,77,1312,795,84,62,1,-1,-1,-1
24,77,1312,795,83,62,1,-1,-1,-1
25,77,1312,795,83,62,1,-1,-1,-1
26,77,1312,795,84,62,1,-1,-1,-1
27,77,1311,796,85,61,1,-1,-1,-1
28,77,1310,796,85,61,1,-1,-1,-1
29,77,1310,796,85,61,1,-1,-1,-1
30,77,1311,797,85,60,1,-1,-1,-1
31,77,1311,797,84,61,1,-1,-1,-1
32,77,1310,796,85,61,1,-1,-1,-1
33,77,1311,796,85,61,1,-1,-1,-1
34,77,1311,796,84,62,1,-1,-1,-1
35,77,1311,796,85,62,1,-1,-1,-1
36,77,1311,796,85,62,1,-1,-1,-1
37,77,1310,796,85,62,1,-1,-1,-1
38,77,1310,796,86,63,1,-1,-1,-1
39,77,1311,796,85,62,1,-1,-1,-1
40,77,1311,795,84,63,1,-1,-1,-1
41,77,1312,796,84,62,1,-1,-1,-1
42,77,1312,796,84,62,1,-1,-1,-1
43,77,1310,797,85,62,1,-1,-1,-1
44,77,1310,797,86,62,1,-1,-1,-1
45,77,1310,797,86,61,1,-1,-1,-1
46,77,1310,797,86,62,1,-1,-1,-1
47,77,1311,797,85,62,1,-1,-1,-1
48,77,1312,797,84,62,1,-1,-1,-1
49,77,1312,797,84,61,1,-1,-1,-1
50,77,1311,797,84,62,1,-1,-1,-1
51,77,1313,797,82,62,1,-1,-1,-1
52,77,1312,798,84,61,1,-1,-1,-1
53,77,1313,797,83,61,1,-1,-1,-1
54,77,1312,797,83,61,1,-1,-1,-1
55,77,1312,797,84,61,1,-1,-1,-1
56,77,1313,797,83,61,1,-1,-1,-1
57,77,1313,797,83,61,1,-1,-1,-1
58,77,1313,797,83,61,1,-1,-1,-1
59,77,1312,797,84,61,1,-1,-1,-1
60,77,1312,797,84,61,1,-1,-1,-1
61,77,1312,797,84,61,1,-1,-1,-1
62,77,1311,797,85,61,1,-1,-1,-1
63,77,1311,797,85,61,1,-1,-1,-1
64,77,1312,797,85,60,1,-1,-1,-1
65,77,1311,797,85,60,1,-1,-1,-1
66,77,1311,797,85,60,1,-1,-1,-1
67,77,1311,797,85,60,1,-1,-1,-1
68,77,1312,797,84,60,1,-1,-1,-1
69,77,1311,797,84,60,1,-1,-1,-1
70,77,1312,797,84,60,1,-1,-1,-1
71,77,1312,796,84,61,1,-1,-1,-1
72,77,1311,796,85,61,1,-1,-1,-1
73,77,1312,796,84,62,1,-1,-1,-1
74,77,1312,796,84,62,1,-1,-1,-1
75,77,1310,795,85,62,1,-1,-1,-1
76,77,1309,796,87,62,1,-1,-1,-1
77,77,1312,796,83,61,1,-1,-1,-1
78,77,1313,797,82,61,1,-1,-1,-1
79,77,1314,796,81,61,1,-1,-1,-1
80,77,1313,796,82,61,1,-1,-1,-1
81,77,1313,795,82,62,1,-1,-1,-1
82,77,1313,795,82,62,1,-1,-1,-1
83,77,1314,796,82,62,1,-1,-1,-1
84,77,1314,796,82,62,1,-1,-1,-1
85,77,1314,796,82,62,1,-1,-1,-1
86,77,1314,795,82,62,1,-1,-1,-1
87,77,1313,796,82,62,1,-1,-1,-1
88,77,1314,796,81,62,1,-1,-1,-1
89,77,1313,795,82,62,1,-1,-1,-1
90,77,1313,795,82,62,1,-1,-1,-1
91,77,1313,795,82,62,1,-1,-1,-1
92,77,1313,795,82,62,1,-1,-1,-1
93,77,1313,795,82,62,1,-1,-1,-1
94,77,1313,795,82,62,1,-1,-1,-1
95,77,1313,795,82,62,1,-1,-1,-1
96,77,1313,795,82,62,1,-1,-1,-1
97,77,1313,796,82,62,1,-1,-1,-1
98,77,1313,795,81,62,1,-1,-1,-1
99,77,1313,796,81,62,1,-1,-1,-1
100,77,1313,795,82,61,1,-1,-1,-1
101,77,1313,795,82,61,1,-1,-1,-1
102,77,1313,796,82,61,1,-1,-1,-1
103,77,1313,795,82,61,1,-1,-1,-1
104,77,1313,795,82,61,1,-1,-1,-1
105,77,1313,795,82,62,1,-1,-1,-1
106,77,1313,795,82,62,1,-1,-1,-1
107,77,1313,795,82,62,1,-1,-1,-1
108,77,1313,796,82,62,1,-1,-1,-1
109,77,1313,796,82,62,1,-1,-1,-1
110,77,1313,796,82,62,1,-1,-1,-1
111,77,1313,796,82,62,1,-1,-1,-1
112,77,1313,796,82,62,1,-1,-1,-1
113,77,1313,796,82,62,1,-1,-1,-1
114,77,1313,796,82,62,1,-1,-1,-1
115,77,1313,796,82,62,1,-1,-1,-1
116,77,1313,796,82,62,1,-1,-1,-1
117,77,1313,796,82,62,1,-1,-1,-1
118,77,1313,796,82,62,1,-1,-1,-1
119,77,1313,796,82,62,1,-1,-1,-1
120,77,1313,796,82,62,1,-1,-1,-1
121,77,1313,795,82,62,1,-1,-1,-1
122,77,1313,795,82,62,1,-1,-1,-1
123,77,1314,796,82,62,1,-1,-1,-1
124,77,1314,796,82,62,1,-1,-1,-1
125,77,1314,796,82,62,1,-1,-1,-1
126,77,1314,796,82,62,1,-1,-1,-1
127,77,1313,796,82,62,1,-1,-1,-1
128,77,1313,796,82,62,1,-1,-1,-1
129,77,1313,796,82,62,1,-1,-1,-1
130,77,1313,796,82,62,1,-1,-1,-1
131,77,1313,796,82,62,1,-1,-1,-1
132,77,1313,796,82,62,1,-1,-1,-1
133,77,1315,796,80,61,1,-1,-1,-1
134,77,1315,796,80,61,1,-1,-1,-1
135,77,1315,796,80,61,1,-1,-1,-1
136,77,1315,796,80,61,1,-1,-1,-1
137,77,1315,796,80,61,1,-1,-1,-1
138,77,1316,796,80,61,1,-1,-1,-1
139,77,1316,796,80,61,1,-1,-1,-1
140,77,1316,796,80,61,1,-1,-1,-1
141,77,1315,796,80,61,1,-1,-1,-1
142,77,1316,796,80,61,1,-1,-1,-1
143,77,1315,796,80,61,1,-1,-1,-1
144,77,1315,796,80,61,1,-1,-1,-1
145,77,1315,797,81,61,1,-1,-1,-1
146,77,1315,797,81,61,1,-1,-1,-1
147,77,1315,797,81,61,1,-1,-1,-1
148,77,1315,797,80,60,1,-1,-1,-1
149,77,1315,797,80,60,1,-1,-1,-1
150,77,1315,797,80,60,1,-1,-1,-1
151,77,1315,797,80,60,1,-1,-1,-1
152,77,1315,797,80,60,1,-1,-1,-1
153,77,1315,797,80,61,1,-1,-1,-1
154,77,1315,797,80,61,1,-1,-1,-1
155,77,1315,797,80,61,1,-1,-1,-1
156,77,1315,797,81,61,1,-1,-1,-1
157,77,1315,796,81,61,1,-1,-1,-1
158,77,1315,796,81,61,1,-1,-1,-1
159,77,1315,796,81,61,1,-1,-1,-1
160,77,1315,796,81,61,1,-1,-1,-1
161,77,1315,796,81,61,1,-1,-1,-1
162,77,1315,796,81,61,1,-1,-1,-1
163,77,1315,796,81,61,1,-1,-1,-1
164,77,1315,796,81,61,1,-1,-1,-1
165,77,1315,796,81,61,1,-1,-1,-1
166,77,1315,796,81,61,1,-1,-1,-1
167,77,1315,796,81,61,1,-1,-1,-1
168,77,1315,796,81,61,1,-1,-1,-1
169,77,1315,797,81,61,1,-1,-1,-1
170,77,1315,797,81,61,1,-1,-1,-1
171,77,1315,797,81,61,1,-1,-1,-1
172,77,1315,797,81,61,1,-1,-1,-1
173,77,1315,797,81,61,1,-1,-1,-1
174,77,1315,797,81,61,1,-1,-1,-1
175,77,1315,797,81,61,1,-1,-1,-1
176,77,1315,797,81,61,1,-1,-1,-1
177,77,1315,797,81,61,1,-1,-1,-1
178,77,1315,797,81,61,1,-1,-1,-1
179,77,1315,797,80,61,1,-1,-1,-1
180,77,1315,797,80,61,1,-1,-1,-1
181,77,1315,797,81,61,1,-1,-1,-1
182,77,1315,797,81,61,1,-1,-1,-1
183,77,1315,797,81,61,1,-1,-1,-1
184,77,1315,797,81,61,1,-1,-1,-1
185,77,1315,797,81,61,1,-1,-1,-1
186,77,1315,797,81,61,1,-1,-1,-1
187,77,1315,797,81,61,1,-1,-1,-1
188,77,1315,796,81,61,1,-1,-1,-1
189,77,1315,796,81,61,1,-1,-1,-1
190,77,1314,796,82,62,1,-1,-1,-1
191,77,1314,796,82,62,1,-1,-1,-1
192,77,1314,796,82,62,1,-1,-1,-1
193,77,1314,796,81,61,1,-1,-1,-1
194,77,1313,796,82,61,1,-1,-1,-1
195,77,1313,796,82,61,1,-1,-1,-1
196,77,1313,796,82,61,1,-1,-1,-1
197,77,1313,796,82,61,1,-1,-1,-1
198,77,1313,796,82,61,1,-1,-1,-1
199,77,1313,796,82,61,1,-1,-1,-1
200,77,1313,795,83,62,1,-1,-1,-1
201,77,1312,795,83,62,1,-1,-1,-1
202,77,1312,795,83,62,1,-1,-1,-1
203,77,1312,795,83,62,1,-1,-1,-1
204,77,1312,795,83,62,1,-1,-1,-1
205,77,1312,795,83,61,1,-1,-1,-1
206,77,1312,795,83,61,1,-1,-1,-1
207,77,1312,795,83,61,1,-1,-1,-1
208,77,1312,795,83,61,1,-1,-1,-1
209,77,1312,795,83,61,1,-1,-1,-1
210,77,1312,795,83,61,1,-1,-1,-1
211,77,1312,795,83,62,1,-1,-1,-1
212,77,1312,795,83,62,1,-1,-1,-1
213,77,1312,795,83,62,1,-1,-1,-1
214,77,1312,795,83,62,1,-1,-1,-1
215,77,1312,795,83,62,1,-1,-1,-1
216,77,1312,795,83,62,1,-1,-1,-1
217,77,1312,795,83,62,1,-1,-1,-1
218,77,1312,795,83,62,1,-1,-1,-1
219,77,1312,795,83,62,1,-1,-1,-1
220,77,1312,795,83,61,1,-1,-1,-1
221,77,1312,795,83,61,1,-1,-1,-1
222,77,1312,795,83,61,1,-1,-1,-1
223,77,1312,795,83,62,1,-1,-1,-1
224,77,1312,795,83,62,1,-1,-1,-1
225,77,1312,795,83,62,1,-1,-1,-1
226,77,1312,795,83,62,1,-1,-1,-1
227,77,1312,795,83,62,1,-1,-1,-1
228,77,1312,795,83,62,1,-1,-1,-1
229,77,1312,795,83,62,1,-1,-1,-1
230,77,1312,795,83,62,1,-1,-1,-1
231,77,1312,795,83,62,1,-1,-1,-1
232,77,1312,795,83,62,1,-1,-1,-1
233,77,1312,795,83,62,1,-1,-1,-1
234,77,1312,795,83,62,1,-1,-1,-1
235,77,1312,795,83,61,1,-1,-1,-1
236,77,1312,795,83,61,1,-1,-1,-1
237,77,1312,795,83,61,1,-1,-1,-1
238,77,1312,795,83,61,1,-1,-1,-1
239,77,1312,795,83,61,1,-1,-1,-1
240,77,1312,795,83,61,1,-1,-1,-1
241,77,1312,795,83,61,1,-1,-1,-1
242,77,1312,795,83,61,1,-1,-1,-1
243,77,1312,796,83,61,1,-1,-1,-1
244,77,1312,795,84,61,1,-1,-1,-1
245,77,1312,795,84,62,1,-1,-1,-1
246,77,1311,795,84,62,1,-1,-1,-1
247,77,1311,795,84,62,1,-1,-1,-1
248,77,1310,796,85,62,1,-1,-1,-1
249,77,1307,795,89,62,1,-1,-1,-1
250,77,1312,795,84,62,1,-1,-1,-1
251,77,1311,796,84,61,1,-1,-1,-1
252,77,1311,796,84,62,1,-1,-1,-1
253,77,1311,796,84,62,1,-1,-1,-1
254,77,1312,797,84,61,1,-1,-1,-1
255,77,1313,797,83,61,1,-1,-1,-1
256,77,1312,796,83,61,1,-1,-1,-1
257,77,1313,796,83,62,1,-1,-1,-1
258,77,1313,796,83,62,1,-1,-1,-1
259,77,1313,796,83,62,1,-1,-1,-1
260,77,1312,796,83,62,1,-1,-1,-1
261,77,1312,796,84,62,1,-1,-1,-1
262,77,1312,796,83,62,1,-1,-1,-1
263,77,1312,796,84,62,1,-1,-1,-1
264,77,1312,796,84,62,1,-1,-1,-1
265,77,1312,797,83,63,1,-1,-1,-1
266,77,1312,797,83,62,1,-1,-1,-1
267,77,1313,797,82,61,1,-1,-1,-1
268,77,1313,797,82,62,1,-1,-1,-1
269,77,1313,797,82,61,1,-1,-1,-1
270,77,1313,797,83,61,1,-1,-1,-1
271,77,1312,797,83,62,1,-1,-1,-1
272,77,1312,797,83,62,1,-1,-1,-1
273,77,1312,797,83,62,1,-1,-1,-1
274,77,1312,797,83,62,1,-1,-1,-1
275,77,1312,797,83,62,1,-1,-1,-1
276,77,1312,797,83,62,1,-1,-1,-1
277,77,1312,796,83,63,1,-1,-1,-1
278,77,1312,796,83,63,1,-1,-1,-1
279,77,1312,796,83,63,1,-1,-1,-1
280,77,1312,796,83,64,1,-1,-1,-1
281,77,1312,796,84,63,1,-1,-1,-1
282,77,1313,796,83,64,1,-1,-1,-1
283,77,1312,796,83,63,1,-1,-1,-1
284,77,1312,796,83,63,1,-1,-1,-1
285,77,1312,796,83,64,1,-1,-1,-1
286,77,1312,796,83,63,1,-1,-1,-1
287,77,1312,796,83,63,1,-1,-1,-1
288,77,1312,796,83,63,1,-1,-1,-1
289,77,1313,797,82,63,1,-1,-1,-1
290,77,1313,796,82,63,1,-1,-1,-1
291,77,1312,797,83,63,1,-1,-1,-1
292,77,1312,796,84,63,1,-1,-1,-1
293,77,1312,796,83,63,1,-1,-1,-1
294,77,1312,797,83,63,1,-1,-1,-1
295,77,1312,797,83,63,1,-1,-1,-1
296,77,1313,796,82,63,1,-1,-1,-1
297,77,1313,796,82,63,1,-1,-1,-1
298,77,1313,796,81,63,1,-1,-1,-1
299,77,1313,796,81,63,1,-1,-1,-1
300,77,1313,796,81,62,1,-1,-1,-1
301,77,1314,797,81,62,1,-1,-1,-1
302,77,1313,796,83,62,1,-1,-1,-1
303,77,1312,795,83,63,1,-1,-1,-1
304,77,1311,795,84,63,1,-1,-1,-1
305,77,1312,796,83,63,1,-1,-1,-1
306,77,1313,795,82,63,1,-1,-1,-1
307,77,1313,795,82,63,1,-1,-1,-1
308,77,1312,796,83,63,1,-1,-1,-1
309,77,1312,795,83,63,1,-1,-1,-1
310,77,1312,795,83,63,1,-1,-1,-1
311,77,1312,796,83,63,1,-1,-1,-1
312,77,1312,796,83,63,1,-1,-1,-1
313,77,1312,795,83,63,1,-1,-1,-1
314,77,1312,795,83,62,1,-1,-1,-1
315,77,1311,796,84,62,1,-1,-1,-1
316,77,1311,796,84,62,1,-1,-1,-1
317,77,1311,796,84,62,1,-1,-1,-1
318,77,1312,796,84,62,1,-1,-1,-1
319,77,1312,796,84,62,1,-1,-1,-1
320,77,1312,796,84,62,1,-1,-1,-1
321,77,1312,796,84,62,1,-1,-1,-1
322,77,1312,796,84,62,1,-1,-1,-1
323,77,1312,796,84,62,1,-1,-1,-1
324,77,1312,796,84,62,1,-1,-1,-1
325,77,1313,795,83,62,1,-1,-1,-1
326,77,1312,796,83,62,1,-1,-1,-1
327,77,1313,795,83,63,1,-1,-1,-1
328,77,1313,795,83,63,1,-1,-1,-1
329,77,1313,795,83,63,1,-1,-1,-1
330,77,1313,795,83,63,1,-1,-1,-1
331,77,1313,795,83,63,1,-1,-1,-1
332,77,1313,795,83,63,1,-1,-1,-1
333,77,1313,795,83,62,1,-1,-1,-1
334,77,1313,795,83,62,1,-1,-1,-1
335,77,1313,795,82,62,1,-1,-1,-1
336,77,1313,795,82,62,1,-1,-1,-1
337,77,1312,795,83,62,1,-1,-1,-1
338,77,1312,795,83,62,1,-1,-1,-1
339,77,1312,795,83,62,1,-1,-1,-1
340,77,1312,795,83,62,1,-1,-1,-1
341,77,1312,795,83,62,1,-1,-1,-1
342,77,1312,795,83,62,1,-1,-1,-1
343,77,1312,795,83,62,1,-1,-1,-1
344,77,1312,795,83,62,1,-1,-1,-1
345,77,1312,795,83,62,1,-1,-1,-1
346,77,1312,795,84,62,1,-1,-1,-1
347,77,1312,795,83,62,1,-1,-1,-1
348,77,1312,795,83,62,1,-1,-1,-1
349,77,1312,795,83,62,1,-1,-1,-1
350,77,1312,795,83,62,1,-1,-1,-1
351,77,1312,795,83,62,1,-1,-1,-1
352,77,1312,795,83,62,1,-1,-1,-1
353,77,1312,795,83,62,1,-1,-1,-1
354,77,1312,795,83,62,1,-1,-1,-1
355,77,1312,795,83,62,1,-1,-1,-1
356,77,1312,795,83,62,1,-1,-1,-1
357,77,1312,795,83,62,1,-1,-1,-1
358,77,1312,795,83,62,1,-1,-1,-1
359,77,1312,795,83,62,1,-1,-1,-1
360,77,1312,795,83,62,1,-1,-1,-1
361,77,1312,795,83,62,1,-1,-1,-1
362,77,1312,795,83,62,1,-1,-1,-1
363,77,1312,795,83,62,1,-1,-1,-1
364,77,1312,795,83,62,1,-1,-1,-1
365,77,1312,795,83,62,1,-1,-1,-1
366,77,1312,795,83,62,1,-1,-1,-1
367,77,1312,795,83,62,1,-1,-1,-1
368,77,1312,795,83,62,1,-1,-1,-1
369,77,1312,795,83,62,1,-1,-1,-1
370,77,1312,795,83,62,1,-1,-1,-1
371,77,1312,795,83,62,1,-1,-1,-1
372,77,1312,795,83,62,1,-1,-1,-1
373,77,1313,796,82,61,1,-1,-1,-1
374,77,1313,796,82,61,1,-1,-1,-1
375,77,1313,796,82,61,1,-1,-1,-1
376,77,1313,796,82,61,1,-1,-1,-1
377,77,1313,796,82,61,1,-1,-1,-1
378,77,1313,796,81,61,1,-1,-1,-1
379,77,1313,796,82,61,1,-1,-1,-1
380,77,1313,796,81,61,1,-1,-1,-1
381,77,1313,796,82,61,1,-1,-1,-1
382,77,1313,796,82,61,1,-1,-1,-1
383,77,1313,796,81,61,1,-1,-1,-1
384,77,1313,796,81,61,1,-1,-1,-1
385,77,1312,797,83,61,1,-1,-1,-1
386,77,1312,797,83,61,1,-1,-1,-1
387,77,1312,797,83,61,1,-1,-1,-1
388,77,1312,797,83,61,1,-1,-1,-1
389,77,1312,797,83,61,1,-1,-1,-1
390,77,1312,797,83,61,1,-1,-1,-1
391,77,1312,797,83,61,1,-1,-1,-1
392,77,1312,796,83,61,1,-1,-1,-1
393,77,1312,796,83,61,1,-1,-1,-1
394,77,1312,796,83,61,1,-1,-1,-1
395,77,1312,796,83,61,1,-1,-1,-1
396,77,1312,797,83,61,1,-1,-1,-1
397,77,1312,795,82,62,1,-1,-1,-1
398,77,1312,795,82,62,1,-1,-1,-1
399,77,1312,795,82,62,1,-1,-1,-1
400,77,1312,795,82,62,1,-1,-1,-1
401,77,1312,795,82,62,1,-1,-1,-1
402,77,1312,795,82,62,1,-1,-1,-1
403,77,1312,795,82,62,1,-1,-1,-1
404,77,1312,795,82,62,1,-1,-1,-1
405,77,1312,795,82,62,1,-1,-1,-1
406,77,1312,795,82,62,1,-1,-1,-1
407,77,1312,795,82,62,1,-1,-1,-1
408,77,1312,795,82,62,1,-1,-1,-1
409,77,1313,795,82,62,1,-1,-1,-1
410,77,1313,795,82,62,1,-1,-1,-1
411,77,1313,795,82,62,1,-1,-1,-1
412,77,1313,795,82,62,1,-1,-1,-1
413,77,1312,796,83,61,1,-1,-1,-1
414,77,1313,795,82,62,1,-1,-1,-1
415,77,1313,795,82,62,1,-1,-1,-1
416,77,1313,795,82,62,1,-1,-1,-1
417,77,1312,795,82,62,1,-1,-1,-1
418,77,1312,795,82,62,1,-1,-1,-1
419,77,1312,795,82,62,1,-1,-1,-1
420,77,1312,795,82,62,1,-1,-1,-1
421,77,1312,796,83,61,1,-1,-1,-1
422,77,1312,796,83,61,1,-1,-1,-1
423,77,1312,795,82,63,1,-1,-1,-1
424,77,1312,795,82,62,1,-1,-1,-1
425,77,1312,795,82,62,1,-1,-1,-1
426,77,1312,795,82,62,1,-1,-1,-1
427,77,1312,795,82,62,1,-1,-1,-1
428,77,1313,795,82,62,1,-1,-1,-1
429,77,1313,795,83,62,1,-1,-1,-1
430,77,1312,795,83,62,1,-1,-1,-1
431,77,1312,795,83,62,1,-1,-1,-1
432,77,1312,796,83,61,1,-1,-1,-1
433,77,1313,795,82,62,1,-1,-1,-1
434,77,1313,795,83,62,1,-1,-1,-1
435,77,1313,795,83,62,1,-1,-1,-1
436,77,1312,795,83,62,1,-1,-1,-1
437,77,1312,795,83,62,1,-1,-1,-1
438,77,1312,795,83,62,1,-1,-1,-1
439,77,1312,795,83,62,1,-1,-1,-1
440,77,1312,795,83,62,1,-1,-1,-1
441,77,1312,796,83,61,1,-1,-1,-1
442,77,1312,796,83,61,1,-1,-1,-1
443,77,1312,796,83,61,1,-1,-1,-1
444,77,1312,796,83,61,1,-1,-1,-1
445,77,1312,796,83,61,1,-1,-1,-1
446,77,1312,796,83,61,1,-1,-1,-1
447,77,1312,796,83,61,1,-1,-1,-1
448,77,1312,796,83,61,1,-1,-1,-1
449,77,1312,796,83,61,1,-1,-1,-1
450,77,1312,796,83,61,1,-1,-1,-1
451,77,1312,796,83,61,1,-1,-1,-1
452,77,1312,796,83,61,1,-1,-1,-1
453,77,1312,796,83,61,1,-1,-1,-1
454,77,1312,796,83,61,1,-1,-1,-1
455,77,1312,796,83,61,1,-1,-1,-1
456,77,1312,796,83,61,1,-1,-1,-1
457,77,1313,796,83,61,1,-1,-1,-1
458,77,1313,796,83,61,1,-1,-1,-1
459,77,1313,796,83,61,1,-1,-1,-1
460,77,1313,796,82,61,1,-1,-1,-1
461,77,1313,796,82,61,1,-1,-1,-1
462,77,1313,796,82,61,1,-1,-1,-1
463,77,1313,796,83,61,1,-1,-1,-1
464,77,1313,796,83,61,1,-1,-1,-1
465,77,1313,796,82,61,1,-1,-1,-1
466,77,1313,796,82,61,1,-1,-1,-1
467,77,1313,797,82,61,1,-1,-1,-1
468,77,1313,797,82,61,1,-1,-1,-1
469,77,1312,796,83,61,1,-1,-1,-1
470,77,1312,796,83,61,1,-1,-1,-1
471,77,1312,796,83,61,1,-1,-1,-1
472,77,1312,796,83,61,1,-1,-1,-1
473,77,1312,796,83,61,1,-1,-1,-1
474,77,1312,796,83,61,1,-1,-1,-1
475,77,1312,796,83,61,1,-1,-1,-1
476,77,1312,796,83,61,1,-1,-1,-1
477,77,1312,796,83,61,1,-1,-1,-1
478,77,1312,796,83,61,1,-1,-1,-1
479,77,1312,796,83,61,1,-1,-1,-1
480,77,1312,796,83,61,1,-1,-1,-1
481,77,1312,796,83,61,1,-1,-1,-1
482,77,1312,796,83,61,1,-1,-1,-1
483,77,1313,795,82,61,1,-1,-1,-1
484,77,1313,795,82,61,1,-1,-1,-1
485,77,1313,795,82,62,1,-1,-1,-1
486,77,1313,795,82,62,1,-1,-1,-1
487,77,1313,795,82,62,1,-1,-1,-1
488,77,1313,795,82,62,1,-1,-1,-1
489,77,1312,796,83,61,1,-1,-1,-1
490,77,1313,795,82,62,1,-1,-1,-1
491,77,1313,795,82,62,1,-1,-1,-1
492,77,1313,795,82,62,1,-1,-1,-1
493,77,1312,795,83,62,1,-1,-1,-1
494,77,1312,795,83,62,1,-1,-1,-1
495,77,1312,795,83,62,1,-1,-1,-1
496,77,1312,795,83,62,1,-1,-1,-1
497,77,1312,795,83,62,1,-1,-1,-1
498,77,1312,795,83,62,1,-1,-1,-1
499,77,1312,795,83,62,1,-1,-1,-1
500,77,1312,795,83,62,1,-1,-1,-1
501,77,1312,795,83,62,1,-1,-1,-1
502,77,1312,795,83,62,1,-1,-1,-1
503,77,1312,795,83,61,1,-1,-1,-1
504,77,1312,795,83,61,1,-1,-1,-1
505,77,1312,795,83,61,1,-1,-1,-1
506,77,1312,795,83,62,1,-1,-1,-1
507,77,1312,795,83,62,1,-1,-1,-1
508,77,1312,795,83,62,1,-1,-1,-1
509,77,1312,795,83,62,1,-1,-1,-1
510,77,1312,795,83,62,1,-1,-1,-1
511,77,1312,795,83,62,1,-1,-1,-1
512,77,1312,795,83,61,1,-1,-1,-1
513,77,1312,795,83,61,1,-1,-1,-1
514,77,1312,795,83,62,1,-1,-1,-1
515,77,1312,795,83,62,1,-1,-1,-1
516,77,1312,795,83,62,1,-1,-1,-1
517,77,1312,795,83,61,1,-1,-1,-1
518,77,1313,795,83,61,1,-1,-1,-1
519,77,1312,795,83,61,1,-1,-1,-1
520,77,1312,795,83,61,1,-1,-1,-1
521,77,1312,795,83,62,1,-1,-1,-1
522,77,1312,795,83,62,1,-1,-1,-1
523,77,1312,795,83,62,1,-1,-1,-1
524,77,1312,795,83,62,1,-1,-1,-1
525,77,1312,795,83,62,1,-1,-1,-1
526,77,1312,795,83,62,1,-1,-1,-1
527,77,1312,795,83,62,1,-1,-1,-1
528,77,1312,795,83,62,1,-1,-1,-1
529,77,1312,796,82,61,1,-1,-1,-1
530,77,1312,796,83,61,1,-1,-1,-1
531,77,1312,796,82,61,1,-1,-1,-1
532,77,1312,795,83,61,1,-1,-1,-1
533,77,1312,796,83,61,1,-1,-1,-1
534,77,1313,796,82,61,1,-1,-1,-1
535,77,1313,796,82,61,1,-1,-1,-1
536,77,1313,796,82,61,1,-1,-1,-1
537,77,1313,796,82,61,1,-1,-1,-1
538,77,1313,796,82,61,1,-1,-1,-1
539,77,1313,796,82,61,1,-1,-1,-1
540,77,1313,796,82,61,1,-1,-1,-1
541,77,1313,795,82,62,1,-1,-1,-1
542,77,1313,795,82,62,1,-1,-1,-1
543,77,1312,795,83,62,1,-1,-1,-1
544,77,1312,795,83,62,1,-1,-1,-1
545,77,1312,795,83,62,1,-1,-1,-1
546,77,1312,795,83,62,1,-1,-1,-1
547,77,1312,795,84,62,1,-1,-1,-1
548,77,1312,795,84,62,1,-1,-1,-1
549,77,1312,795,84,62,1,-1,-1,-1
550,77,1312,795,83,62,1,-1,-1,-1
551,77,1312,795,83,62,1,-1,-1,-1
552,77,1312,795,83,62,1,-1,-1,-1
553,77,1312,795,82,62,1,-1,-1,-1
554,77,1312,795,83,62,1,-1,-1,-1
555,77,1312,795,83,62,1,-1,-1,-1
556,77,1312,795,83,62,1,-1,-1,-1
557,77,1313,795,82,62,1,-1,-1,-1
558,77,1313,795,82,62,1,-1,-1,-1
559,77,1313,795,82,63,1,-1,-1,-1
560,77,1313,795,82,62,1,-1,-1,-1
561,77,1313,795,82,62,1,-1,-1,-1
562,77,1313,795,82,62,1,-1,-1,-1
563,77,1313,795,82,62,1,-1,-1,-1
564,77,1313,795,82,62,1,-1,-1,-1
565,77,1313,795,82,62,1,-1,-1,-1
566,77,1313,795,82,62,1,-1,-1,-1
567,77,1313,795,82,62,1,-1,-1,-1
568,77,1313,795,82,62,1,-1,-1,-1
569,77,1313,795,82,62,1,-1,-1,-1
570,77,1313,795,82,62,1,-1,-1,-1
571,77,1313,795,82,62,1,-1,-1,-1
572,77,1313,796,82,62,1,-1,-1,-1
573,77,1313,796,82,62,1,-1,-1,-1
574,77,1313,796,82,62,1,-1,-1,-1
575,77,1313,796,82,62,1,-1,-1,-1
576,77,1313,796,82,62,1,-1,-1,-1
577,77,1313,796,82,62,1,-1,-1,-1
578,77,1313,795,82,62,1,-1,-1,-1
579,77,1313,795,82,62,1,-1,-1,-1
580,77,1313,795,82,62,1,-1,-1,-1
581,77,1312,795,83,62,1,-1,-1,-1
582,77,1312,795,83,62,1,-1,-1,-1
583,77,1312,795,83,62,1,-1,-1,-1
584,77,1312,795,83,62,1,-1,-1,-1
585,77,1312,795,83,62,1,-1,-1,-1
586,77,1312,795,83,62,1,-1,-1,-1
587,77,1312,795,83,63,1,-1,-1,-1
588,77,1312,795,83,63,1,-1,-1,-1
589,77,1311,795,84,61,1,-1,-1,-1
590,77,1311,795,83,62,1,-1,-1,-1
591,77,1311,795,83,61,1,-1,-1,-1
592,77,1311,795,84,62,1,-1,-1,-1
593,77,1311,795,83,61,1,-1,-1,-1
594,77,1312,795,83,61,1,-1,-1,-1
595,77,1312,795,84,62,1,-1,-1,-1
596,77,1312,795,83,62,1,-1,-1,-1
597,77,1312,795,84,62,1,-1,-1,-1
598,77,1312,795,84,62,1,-1,-1,-1
599,77,1312,795,83,62,1,-1,-1,-1
600,77,1312,795,83,62,1,-1,-1,-1
601,77,1312,795,83,62,1,-1,-1,-1
602,77,1311,795,84,62,1,-1,-1,-1
603,77,1311,795,84,62,1,-1,-1,-1
604,77,1312,795,84,62,1,-1,-1,-1
605,77,1311,795,84,62,1,-1,-1,-1
606,77,1312,795,84,62,1,-1,-1,-1
607,77,1312,795,83,62,1,-1,-1,-1
608,77,1312,795,83,62,1,-1,-1,-1
609,77,1311,795,84,62,1,-1,-1,-1
610,77,1311,795,84,62,1,-1,-1,-1
611,77,1311,795,84,62,1,-1,-1,-1
612,77,1311,795,84,62,1,-1,-1,-1
613,77,1313,795,83,61,1,-1,-1,-1
614,77,1313,795,83,61,1,-1,-1,-1
615,77,1313,795,83,61,1,-1,-1,-1
616,77,1313,795,83,61,1,-1,-1,-1
617,77,1313,795,83,61,1,-1,-1,-1
618,77,1313,795,83,61,1,-1,-1,-1
619,77,1313,795,83,61,1,-1,-1,-1
620,77,1313,795,83,61,1,-1,-1,-1
621,77,1313,795,83,61,1,-1,-1,-1
622,77,1313,795,83,61,1,-1,-1,-1
623,77,1313,795,83,61,1,-1,-1,-1
624,77,1313,795,83,61,1,-1,-1,-1
625,77,1312,795,83,63,1,-1,-1,-1
626,77,1312,795,83,63,1,-1,-1,-1
627,77,1312,795,83,63,1,-1,-1,-1
628,77,1312,795,83,63,1,-1,-1,-1
629,77,1312,795,83,63,1,-1,-1,-1
630,77,1312,795,83,63,1,-1,-1,-1
631,77,1312,795,83,63,1,-1,-1,-1
632,77,1312,795,83,63,1,-1,-1,-1
633,77,1312,795,83,63,1,-1,-1,-1
634,77,1312,795,83,63,1,-1,-1,-1
635,77,1312,795,83,63,1,-1,-1,-1
636,77,1312,795,83,63,1,-1,-1,-1
637,77,1312,795,83,62,1,-1,-1,-1
638,77,1312,795,83,62,1,-1,-1,-1
639,77,1312,795,83,62,1,-1,-1,-1
640,77,1312,795,83,62,1,-1,-1,-1
641,77,1312,795,83,62,1,-1,-1,-1
642,77,1312,795,83,62,1,-1,-1,-1
643,77,1312,795,83,62,1,-1,-1,-1
644,77,1312,795,83,62,1,-1,-1,-1
645,77,1312,795,83,62,1,-1,-1,-1
646,77,1312,795,83,62,1,-1,-1,-1
647,77,1312,795,83,62,1,-1,-1,-1
648,77,1312,795,83,62,1,-1,-1,-1
649,77,1312,795,83,62,1,-1,-1,-1
650,77,1312,795,83,62,1,-1,-1,-1
651,77,1312,795,83,62,1,-1,-1,-1
652,77,1312,795,83,62,1,-1,-1,-1
653,77,1312,795,83,62,1,-1,-1,-1
654,77,1312,795,83,62,1,-1,-1,-1
655,77,1312,795,83,62,1,-1,-1,-1
656,77,1312,795,83,62,1,-1,-1,-1
657,77,1312,794,83,62,1,-1,-1,-1
658,77,1312,795,83,62,1,-1,-1,-1
659,77,1311,795,83,62,1,-1,-1,-1
660,77,1311,794,83,62,1,-1,-1,-1
661,77,1311,794,84,62,1,-1,-1,-1
662,77,1311,794,84,62,1,-1,-1,-1
663,77,1311,794,84,62,1,-1,-1,-1
664,77,1311,794,84,62,1,-1,-1,-1
665,77,1312,795,83,61,1,-1,-1,-1
666,77,1312,795,83,61,1,-1,-1,-1
667,77,1312,795,83,62,1,-1,-1,-1
668,77,1312,795,83,62,1,-1,-1,-1
669,77,1312,795,83,62,1,-1,-1,-1
670,77,1312,795,83,62,1,-1,-1,-1
671,77,1312,795,83,62,1,-1,-1,-1
672,77,1312,795,83,62,1,-1,-1,-1
673,77,1312,795,83,62,1,-1,-1,-1
674,77,1311,795,83,62,1,-1,-1,-1
675,77,1312,795,83,63,1,-1,-1,-1
676,77,1312,795,83,63,1,-1,-1,-1
677,77,1312,795,83,63,1,-1,-1,-1
678,77,1312,795,83,63,1,-1,-1,-1
679,77,1312,795,83,63,1,-1,-1,-1
680,77,1312,795,83,62,1,-1,-1,-1
681,77,1312,795,82,62,1,-1,-1,-1
682,77,1312,795,83,62,1,-1,-1,-1
683,77,1312,795,83,62,1,-1,-1,-1
684,77,1312,795,83,62,1,-1,-1,-1
685,77,1312,795,83,62,1,-1,-1,-1
686,77,1312,795,83,63,1,-1,-1,-1
687,77,1312,795,83,63,1,-1,-1,-1
688,77,1312,795,83,62,1,-1,-1,-1
689,77,1312,795,83,63,1,-1,-1,-1
690,77,1312,795,83,62,1,-1,-1,-1
691,77,1312,795,83,63,1,-1,-1,-1
692,77,1312,795,83,63,1,-1,-1,-1
693,77,1312,795,83,63,1,-1,-1,-1
694,77,1312,795,83,63,1,-1,-1,-1
695,77,1312,795,83,63,1,-1,-1,-1
696,77,1312,795,83,63,1,-1,-1,-1
697,77,1313,795,83,62,1,-1,-1,-1
698,77,1313,795,83,62,1,-1,-1,-1
699,77,1313,795,83,62,1,-1,-1,-1
700,77,1313,795,83,62,1,-1,-1,-1
701,77,1313,795,83,63,1,-1,-1,-1
702,77,1313,795,83,62,1,-1,-1,-1
703,77,1313,795,83,62,1,-1,-1,-1
704,77,1313,795,83,63,1,-1,-1,-1
705,77,1312,795,83,63,1,-1,-1,-1
706,77,1312,795,83,63,1,-1,-1,-1
707,77,1312,795,84,63,1,-1,-1,-1
708,77,1312,795,84,63,1,-1,-1,-1
709,77,1311,795,83,62,1,-1,-1,-1
710,77,1311,795,83,62,1,-1,-1,-1
711,77,1311,795,83,62,1,-1,-1,-1
712,77,1311,795,83,62,1,-1,-1,-1
713,77,1311,795,83,62,1,-1,-1,-1
714,77,1311,795,83,62,1,-1,-1,-1
715,77,1312,794,83,63,1,-1,-1,-1
716,77,1312,794,83,63,1,-1,-1,-1
717,77,1312,794,83,63,1,-1,-1,-1
718,77,1312,794,82,63,1,-1,-1,-1
719,77,1312,794,82,63,1,-1,-1,-1
720,77,1312,794,82,63,1,-1,-1,-1
721,77,1312,794,82,63,1,-1,-1,-1
722,77,1312,794,82,63,1,-1,-1,-1
723,77,1312,795,82,63,1,-1,-1,-1
724,77,1312,795,82,63,1,-1,-1,-1
725,77,1312,795,82,63,1,-1,-1,-1
726,77,1312,795,82,63,1,-1,-1,-1
727,77,1312,794,82,63,1,-1,-1,-1
728,77,1312,794,82,63,1,-1,-1,-1
729,77,1312,794,82,63,1,-1,-1,-1
730,77,1312,794,82,62,1,-1,-1,-1
731,77,1312,794,82,62,1,-1,-1,-1
732,77,1312,794,82,62,1,-1,-1,-1
733,77,1313,795,81,61,1,-1,-1,-1
734,77,1313,795,81,61,1,-1,-1,-1
735,77,1313,795,82,61,1,-1,-1,-1
736,77,1313,795,82,61,1,-1,-1,-1
737,77,1312,795,82,61,1,-1,-1,-1
738,77,1312,796,83,60,1,-1,-1,-1
739,77,1312,795,82,61,1,-1,-1,-1
740,77,1312,795,82,61,1,-1,-1,-1
741,77,1312,795,82,61,1,-1,-1,-1
742,77,1312,795,82,61,1,-1,-1,-1
743,77,1312,796,83,60,1,-1,-1,-1
744,77,1312,795,83,61,1,-1,-1,-1
745,77,1312,795,83,61,1,-1,-1,-1
746,77,1312,795,83,61,1,-1,-1,-1
747,77,1312,795,83,61,1,-1,-1,-1
748,77,1312,795,83,62,1,-1,-1,-1
749,77,1312,795,83,62,1,-1,-1,-1
750,77,1312,795,83,61,1,-1,-1,-1
751,77,1313,796,82,61,1,-1,-1,-1
752,77,1313,796,82,62,1,-1,-1,-1
753,77,1313,796,82,61,1,-1,-1,-1
754,77,1313,796,82,61,1,-1,-1,-1
755,77,1313,796,82,61,1,-1,-1,-1
756,77,1313,796,82,61,1,-1,-1,-1
757,77,1312,796,83,61,1,-1,-1,-1
758,77,1312,796,83,61,1,-1,-1,-1
759,77,1312,796,83,61,1,-1,-1,-1
760,77,1312,796,83,61,1,-1,-1,-1
761,77,1312,796,83,61,1,-1,-1,-1
762,77,1312,796,83,61,1,-1,-1,-1
763,77,1312,796,83,61,1,-1,-1,-1
764,77,1312,796,83,61,1,-1,-1,-1
765,77,1312,796,83,61,1,-1,-1,-1
766,77,1312,796,83,61,1,-1,-1,-1
767,77,1312,795,83,61,1,-1,-1,-1
768,77,1312,795,83,61,1,-1,-1,-1
769,77,1312,795,83,61,1,-1,-1,-1
770,77,1312,795,83,61,1,-1,-1,-1
771,77,1312,795,83,61,1,-1,-1,-1
772,77,1312,795,83,61,1,-1,-1,-1
773,77,1312,795,83,61,1,-1,-1,-1
774,77,1312,795,83,61,1,-1,-1,-1
775,77,1312,795,83,61,1,-1,-1,-1
776,77,1312,795,83,61,1,-1,-1,-1
777,77,1312,795,83,61,1,-1,-1,-1
778,77,1312,795,83,61,1,-1,-1,-1
779,77,1312,795,82,61,1,-1,-1,-1
780,77,1312,795,82,61,1,-1,-1,-1
781,77,1313,795,83,62,1,-1,-1,-1
782,77,1313,795,82,62,1,-1,-1,-1
783,77,1313,795,82,62,1,-1,-1,-1
784,77,1313,795,82,62,1,-1,-1,-1
785,77,1313,795,82,62,1,-1,-1,-1
786,77,1313,795,83,62,1,-1,-1,-1
787,77,1313,795,83,62,1,-1,-1,-1
788,77,1313,795,83,62,1,-1,-1,-1
789,77,1313,795,83,62,1,-1,-1,-1
790,77,1313,795,82,62,1,-1,-1,-1
791,77,1313,795,82,62,1,-1,-1,-1
792,77,1312,795,83,62,1,-1,-1,-1
793,77,1313,795,82,62,1,-1,-1,-1
794,77,1312,795,82,62,1,-1,-1,-1
795,77,1313,795,82,62,1,-1,-1,-1
796,77,1313,795,82,62,1,-1,-1,-1
797,77,1313,795,82,62,1,-1,-1,-1
798,77,1313,795,82,62,1,-1,-1,-1
799,77,1313,795,82,62,1,-1,-1,-1
800,77,1313,795,82,62,1,-1,-1,-1
801,77,1313,795,82,61,1,-1,-1,-1
802,77,1312,795,82,61,1,-1,-1,-1
803,77,1312,795,82,61,1,-1,-1,-1
804,77,1313,795,82,61,1,-1,-1,-1
805,77,1313,795,82,61,1,-1,-1,-1
806,77,1313,795,82,61,1,-1,-1,-1
807,77,1312,794,82,62,1,-1,-1,-1
808,77,1312,794,82,62,1,-1,-1,-1
809,77,1312,794,82,62,1,-1,-1,-1
810,77,1313,795,81,62,1,-1,-1,-1
811,77,1312,794,82,62,1,-1,-1,-1
812,77,1312,794,82,62,1,-1,-1,-1
813,77,1312,794,82,62,1,-1,-1,-1
814,77,1312,794,82,62,1,-1,-1,-1
815,77,1312,794,82,62,1,-1,-1,-1
816,77,1312,794,82,62,1,-1,-1,-1
817,77,1312,795,82,61,1,-1,-1,-1
818,77,1312,795,82,61,1,-1,-1,-1
819,77,1312,795,82,62,1,-1,-1,-1
820,77,1313,795,82,62,1,-1,-1,-1
821,77,1313,795,82,62,1,-1,-1,-1
822,77,1312,795,82,62,1,-1,-1,-1
823,77,1312,795,82,62,1,-1,-1,-1
824,77,1312,795,82,62,1,-1,-1,-1
825,77,1313,795,81,62,1,-1,-1,-1
826,77,1313,795,82,61,1,-1,-1,-1
827,77,1312,795,82,62,1,-1,-1,-1
828,77,1312,795,82,62,1,-1,-1,-1
829,77,1313,796,80,62,1,-1,-1,-1
830,77,1313,796,81,62,1,-1,-1,-1
831,77,1313,796,80,62,1,-1,-1,-1
832,77,1313,795,81,62,1,-1,-1,-1
833,77,1313,795,81,62,1,-1,-1,-1
834,77,1313,795,81,62,1,-1,-1,-1
835,77,1313,795,81,62,1,-1,-1,-1
836,77,1313,795,81,62,1,-1,-1,-1
837,77,1312,795,81,62,1,-1,-1,-1
838,77,1312,795,81,62,1,-1,-1,-1
839,77,1312,795,82,62,1,-1,-1,-1
840,77,1312,795,82,63,1,-1,-1,-1
841,77,1313,795,82,62,1,-1,-1,-1
842,77,1313,795,82,62,1,-1,-1,-1
843,77,1313,795,82,62,1,-1,-1,-1
844,77,1313,795,82,62,1,-1,-1,-1
845,77,1313,795,82,62,1,-1,-1,-1
846,77,1313,795,82,62,1,-1,-1,-1
847,77,1313,796,82,61,1,-1,-1,-1
848,77,1313,795,82,61,1,-1,-1,-1
849,77,1313,796,81,61,1,-1,-1,-1
850,77,1313,796,81,61,1,-1,-1,-1
851,77,1313,795,81,62,1,-1,-1,-1
852,77,1312,795,82,62,1,-1,-1,-1
853,77,1312,795,82,62,1,-1,-1,-1
854,77,1312,795,82,62,1,-1,-1,-1
855,77,1312,795,82,62,1,-1,-1,-1
856,77,1312,795,82,62,1,-1,-1,-1
857,77,1312,795,82,62,1,-1,-1,-1
858,77,1312,795,83,62,1,-1,-1,-1
859,77,1312,795,83,62,1,-1,-1,-1
860,77,1312,795,82,62,1,-1,-1,-1
861,77,1312,795,82,62,1,-1,-1,-1
862,77,1312,795,83,62,1,-1,-1,-1
863,77,1312,795,83,62,1,-1,-1,-1
864,77,1312,795,83,62,1,-1,-1,-1
865,77,1312,795,83,61,1,-1,-1,-1
866,77,1312,795,83,61,1,-1,-1,-1
867,77,1312,795,83,61,1,-1,-1,-1
868,77,1313,796,82,61,1,-1,-1,-1
869,77,1313,796,82,61,1,-1,-1,-1
870,77,1313,796,82,61,1,-1,-1,-1
871,77,1313,796,82,61,1,-1,-1,-1
872,77,1313,796,82,61,1,-1,-1,-1
873,77,1313,796,82,61,1,-1,-1,-1
874,77,1313,796,82,61,1,-1,-1,-1
875,77,1313,796,82,61,1,-1,-1,-1
876,77,1313,796,82,61,1,-1,-1,-1
877,77,1312,795,83,62,1,-1,-1,-1
878,77,1312,795,83,62,1,-1,-1,-1
879,77,1312,795,83,62,1,-1,-1,-1
880,77,1312,795,83,62,1,-1,-1,-1
881,77,1312,795,83,62,1,-1,-1,-1
882,77,1312,795,83,62,1,-1,-1,-1
883,77,1312,795,83,62,1,-1,-1,-1
884,77,1312,795,83,62,1,-1,-1,-1
885,77,1312,795,83,62,1,-1,-1,-1
886,77,1312,795,83,62,1,-1,-1,-1
887,77,1312,795,83,62,1,-1,-1,-1
888,77,1312,795,83,62,1,-1,-1,-1
889,77,1312,796,83,60,1,-1,-1,-1
890,77,1312,796,83,60,1,-1,-1,-1
891,77,1312,796,83,60,1,-1,-1,-1
892,77,1313,796,83,60,1,-1,-1,-1
893,77,1313,796,83,60,1,-1,-1,-1
894,77,1313,795,82,61,1,-1,-1,-1
895,77,1313,795,82,61,1,-1,-1,-1
896,77,1313,795,82,61,1,-1,-1,-1
897,77,1313,795,82,61,1,-1,-1,-1
898,77,1312,796,83,61,1,-1,-1,-1
899,77,1312,796,83,61,1,-1,-1,-1
900,77,1313,796,83,61,1,-1,-1,-1
901,77,1313,795,82,61,1,-1,-1,-1
902,77,1313,795,82,61,1,-1,-1,-1
903,77,1314,795,82,61,1,-1,-1,-1
904,77,1313,795,82,61,1,-1,-1,-1
905,77,1312,796,83,61,1,-1,-1,-1
906,77,1312,796,83,61,1,-1,-1,-1
907,77,1312,796,82,61,1,-1,-1,-1
908,77,1312,796,83,63,1,-1,-1,-1
909,77,1312,796,83,62,1,-1,-1,-1
910,77,1312,796,83,61,1,-1,-1,-1
911,77,1312,796,83,60,1,-1,-1,-1
912,77,1312,796,82,61,1,-1,-1,-1
913,77,1312,795,83,61,1,-1,-1,-1
914,77,1312,795,84,61,1,-1,-1,-1
915,77,1312,795,84,61,1,-1,-1,-1
916,77,1313,795,83,62,1,-1,-1,-1
917,77,1313,794,83,62,1,-1,-1,-1
918,77,1313,794,82,62,1,-1,-1,-1
919,77,1312,795,83,62,1,-1,-1,-1
920,77,1312,795,83,62,1,-1,-1,-1
921,77,1313,795,81,62,1,-1,-1,-1
922,77,1312,795,83,63,1,-1,-1,-1
923,77,1312,795,85,64,1,-1,-1,-1
924,77,1312,795,87,63,1,-1,-1,-1
925,77,1312,795,83,62,1,-1,-1,-1
926,77,1312,795,83,62,1,-1,-1,-1
927,77,1312,795,83,62,1,-1,-1,-1
928,77,1312,795,83,62,1,-1,-1,-1
929,77,1312,795,84,62,1,-1,-1,-1
930,77,1312,795,84,62,1,-1,-1,-1
931,77,1312,795,84,62,1,-1,-1,-1
932,77,1311,794,84,62,1,-1,-1,-1
933,77,1312,794,84,63,1,-1,-1,-1
934,77,1312,795,83,62,1,-1,-1,-1
935,77,1312,795,83,61,1,-1,-1,-1
936,77,1312,795,83,61,1,-1,-1,-1
937,77,1314,796,81,60,1,-1,-1,-1
938,77,1314,796,81,61,1,-1,-1,-1
939,77,1313,795,82,61,1,-1,-1,-1
940,77,1313,795,83,61,1,-1,-1,-1
941,77,1313,795,82,61,1,-1,-1,-1
942,77,1313,795,83,61,1,-1,-1,-1
943,77,1312,795,83,61,1,-1,-1,-1
944,77,1312,795,83,61,1,-1,-1,-1
945,77,1312,795,83,61,1,-1,-1,-1
946,77,1312,795,83,61,1,-1,-1,-1
947,77,1312,796,84,60,1,-1,-1,-1
948,77,1312,796,84,60,1,-1,-1,-1
949,77,1313,796,81,60,1,-1,-1,-1
950,77,1313,796,81,60,1,-1,-1,-1
951,77,1313,796,81,60,1,-1,-1,-1
952,77,1313,796,81,60,1,-1,-1,-1
953,77,1313,796,81,60,1,-1,-1,-1
954,77,1313,796,81,60,1,-1,-1,-1
955,77,1313,796,81,60,1,-1,-1,-1
956,77,1313,796,81,60,1,-1,-1,-1
957,77,1313,796,81,60,1,-1,-1,-1
958,77,1314,796,81,60,1,-1,-1,-1
959,77,1313,795,82,61,1,-1,-1,-1
960,77,1313,795,82,61,1,-1,-1,-1
961,77,1313,795,83,61,1,-1,-1,-1
962,77,1313,795,83,61,1,-1,-1,-1
963,77,1313,795,83,61,1,-1,-1,-1
964,77,1313,795,83,61,1,-1,-1,-1
965,77,1313,795,83,61,1,-1,-1,-1
966,77,1313,795,83,61,1,-1,-1,-1
967,77,1313,795,83,61,1,-1,-1,-1
968,77,1312,795,83,61,1,-1,-1,-1
969,77,1312,794,83,62,1,-1,-1,-1
970,77,1312,794,83,62,1,-1,-1,-1
971,77,1312,795,83,62,1,-1,-1,-1
972,77,1312,795,83,62,1,-1,-1,-1
973,77,1311,794,84,63,1,-1,-1,-1
974,77,1311,794,84,63,1,-1,-1,-1
975,77,1311,794,84,63,1,-1,-1,-1
976,77,1311,794,84,63,1,-1,-1,-1
977,77,1311,795,84,64,1,-1,-1,-1
978,77,1311,795,84,64,1,-1,-1,-1
979,77,1312,795,84,63,1,-1,-1,-1
980,77,1312,795,84,63,1,-1,-1,-1
981,77,1312,795,84,63,1,-1,-1,-1
982,77,1312,795,84,63,1,-1,-1,-1
983,77,1312,795,84,63,1,-1,-1,-1
984,77,1312,795,84,63,1,-1,-1,-1
985,77,1311,795,83,63,1,-1,-1,-1
986,77,1311,795,83,63,1,-1,-1,-1
987,77,1311,795,83,63,1,-1,-1,-1
988,77,1311,795,83,63,1,-1,-1,-1
989,77,1311,794,84,63,1,-1,-1,-1
990,77,1311,795,84,62,1,-1,-1,-1
991,77,1311,795,84,62,1,-1,-1,-1
992,77,1311,794,84,62,1,-1,-1,-1
993,77,1311,794,84,62,1,-1,-1,-1
994,77,1311,794,83,63,1,-1,-1,-1
995,77,1311,794,83,63,1,-1,-1,-1
996,77,1311,795,83,63,1,-1,-1,-1
997,77,1311,794,84,63,1,-1,-1,-1
998,77,1311,794,84,63,1,-1,-1,-1
999,77,1311,794,84,64,1,-1,-1,-1
1000,77,1311,794,84,63,1,-1,-1,-1
1001,77,1311,794,83,63,1,-1,-1,-1
1002,77,1312,794,83,63,1,-1,-1,-1
1003,77,1312,794,83,63,1,-1,-1,-1
1004,77,1312,794,83,62,1,-1,-1,-1
1005,77,1312,794,83,62,1,-1,-1,-1
1006,77,1312,794,83,62,1,-1,-1,-1
1007,77,1312,794,83,62,1,-1,-1,-1
1008,77,1312,794,83,62,1,-1,-1,-1
1009,77,1311,794,84,62,1,-1,-1,-1
1010,77,1311,794,84,62,1,-1,-1,-1
1011,77,1311,794,84,62,1,-1,-1,-1
1012,77,1311,794,84,62,1,-1,-1,-1
1013,77,1311,795,85,62,1,-1,-1,-1
1014,77,1311,794,84,62,1,-1,-1,-1
1015,77,1311,794,84,62,1,-1,-1,-1
1016,77,1311,794,84,62,1,-1,-1,-1
1017,77,1311,794,84,62,1,-1,-1,-1
1018,77,1311,794,84,62,1,-1,-1,-1
1019,77,1311,794,84,62,1,-1,-1,-1
1020,77,1311,794,84,62,1,-1,-1,-1
1021,77,1311,795,85,61,1,-1,-1,-1
1022,77,1311,795,85,61,1,-1,-1,-1
1023,77,1311,795,85,61,1,-1,-1,-1
1024,77,1311,795,85,62,1,-1,-1,-1
1025,77,1311,795,85,62,1,-1,-1,-1
1026,77,1311,795,85,62,1,-1,-1,-1
1027,77,1311,795,85,62,1,-1,-1,-1
1028,77,1311,794,83,62,1,-1,-1,-1
1029,77,1311,794,83,62,1,-1,-1,-1
1030,77,1311,794,83,62,1,-1,-1,-1
1031,77,1311,794,83,62,1,-1,-1,-1
1032,77,1311,794,83,62,1,-1,-1,-1
1033,77,1313,795,83,61,1,-1,-1,-1
1034,77,1313,795,83,61,1,-1,-1,-1
1035,77,1313,795,83,61,1,-1,-1,-1
1036,77,1313,795,83,61,1,-1,-1,-1
1037,77,1313,795,83,61,1,-1,-1,-1
1038,77,1313,795,83,61,1,-1,-1,-1
1039,77,1313,795,83,61,1,-1,-1,-1
1040,77,1313,795,83,61,1,-1,-1,-1
1041,77,1313,795,83,61,1,-1,-1,-1
1042,77,1313,795,83,61,1,-1,-1,-1
1043,77,1313,795,83,61,1,-1,-1,-1
1044,77,1312,796,84,60,1,-1,-1,-1
1045,77,1312,795,83,61,1,-1,-1,-1
1046,77,1312,795,83,61,1,-1,-1,-1
1047,77,1312,795,83,61,1,-1,-1,-1
1048,77,1312,795,83,61,1,-1,-1,-1
1049,77,1312,795,83,61,1,-1,-1,-1
1050,77,1312,795,83,61,1,-1,-1,-1
1051,77,1312,796,84,60,1,-1,-1,-1
1052,77,1312,796,84,60,1,-1,-1,-1
1053,77,1311,795,83,61,1,-1,-1,-1
1054,77,1312,795,82,61,1,-1,-1,-1
1055,77,1312,795,82,61,1,-1,-1,-1
1056,77,1312,795,82,61,1,-1,-1,-1
1057,77,1312,796,83,61,1,-1,-1,-1
1058,77,1312,796,82,61,1,-1,-1,-1
1059,77,1312,796,82,61,1,-1,-1,-1
1060,77,1312,796,82,61,1,-1,-1,-1
1061,77,1312,796,82,61,1,-1,-1,-1
1062,77,1312,796,81,61,1,-1,-1,-1
1063,77,1312,795,82,61,1,-1,-1,-1
1064,77,1312,795,82,61,1,-1,-1,-1
1065,77,1312,795,82,61,1,-1,-1,-1
1066,77,1312,795,82,61,1,-1,-1,-1
1067,77,1312,795,82,61,1,-1,-1,-1
1068,77,1312,795,82,61,1,-1,-1,-1
1069,77,1313,795,80,61,1,-1,-1,-1
1070,77,1313,796,81,61,1,-1,-1,-1
1071,77,1313,796,81,61,1,-1,-1,-1
1072,77,1313,795,82,63,1,-1,-1,-1
1073,77,1313,795,81,63,1,-1,-1,-1
1074,77,1313,795,81,63,1,-1,-1,-1
1075,77,1313,795,81,63,1,-1,-1,-1
1076,77,1313,795,81,63,1,-1,-1,-1
1077,77,1312,795,82,63,1,-1,-1,-1
1078,77,1312,795,81,63,1,-1,-1,-1
1079,77,1313,795,81,63,1,-1,-1,-1
1080,77,1313,795,81,63,1,-1,-1,-1
1081,77,1313,795,81,63,1,-1,-1,-1
1082,77,1313,795,81,62,1,-1,-1,-1
1083,77,1313,795,81,62,1,-1,-1,-1
1084,77,1313,795,81,62,1,-1,-1,-1
1085,77,1313,796,82,61,1,-1,-1,-1
1086,77,1313,795,81,62,1,-1,-1,-1
1087,77,1313,795,81,62,1,-1,-1,-1
1088,77,1313,795,81,62,1,-1,-1,-1
1089,77,1313,795,82,62,1,-1,-1,-1
1090,77,1313,795,82,62,1,-1,-1,-1
1091,77,1313,795,82,62,1,-1,-1,-1
1092,77,1313,795,83,61,1,-1,-1,-1
1093,77,1313,795,83,61,1,-1,-1,-1
1094,77,1313,795,83,61,1,-1,-1,-1
1095,77,1313,795,83,61,1,-1,-1,-1
1096,77,1313,795,83,61,1,-1,-1,-1
1097,77,1313,795,83,61,1,-1,-1,-1
1098,77,1313,795,83,61,1,-1,-1,-1
1099,77,1313,795,83,61,1,-1,-1,-1
1100,77,1313,795,83,61,1,-1,-1,-1
1101,77,1313,795,83,61,1,-1,-1,-1
1102,77,1312,796,84,60,1,-1,-1,-1
1103,77,1312,796,84,60,1,-1,-1,-1
1104,77,1312,796,84,60,1,-1,-1,-1
1105,77,1312,796,83,61,1,-1,-1,-1
1106,77,1312,796,83,61,1,-1,-1,-1
1107,77,1312,796,83,61,1,-1,-1,-1
1108,77,1312,796,83,61,1,-1,-1,-1
1109,77,1312,796,83,61,1,-1,-1,-1
1110,77,1312,796,83,61,1,-1,-1,-1
1111,77,1312,796,83,61,1,-1,-1,-1
1112,77,1313,796,83,60,1,-1,-1,-1
1113,77,1313,796,83,60,1,-1,-1,-1
1114,77,1313,796,83,60,1,-1,-1,-1
1115,77,1313,796,83,60,1,-1,-1,-1
1116,77,1313,796,83,60,1,-1,-1,-1
1117,77,1314,796,82,60,1,-1,-1,-1
1118,77,1314,796,82,60,1,-1,-1,-1
1119,77,1314,796,82,60,1,-1,-1,-1
1120,77,1314,796,82,60,1,-1,-1,-1
1121,77,1314,796,82,60,1,-1,-1,-1
1122,77,1313,795,82,61,1,-1,-1,-1
1123,77,1313,795,82,61,1,-1,-1,-1
1124,77,1313,795,82,61,1,-1,-1,-1
1125,77,1313,795,82,61,1,-1,-1,-1
1126,77,1313,795,82,61,1,-1,-1,-1
1127,77,1313,795,82,61,1,-1,-1,-1
1128,77,1313,795,82,61,1,-1,-1,-1
1129,77,1312,795,82,61,1,-1,-1,-1
1130,77,1312,795,82,61,1,-1,-1,-1
1131,77,1312,795,82,61,1,-1,-1,-1
1132,77,1312,795,83,61,1,-1,-1,-1
1133,77,1312,795,84,61,1,-1,-1,-1
1134,77,1312,795,84,61,1,-1,-1,-1
1135,77,1312,795,84,61,1,-1,-1,-1
1136,77,1312,795,84,61,1,-1,-1,-1
1137,77,1312,795,84,61,1,-1,-1,-1
1138,77,1312,794,83,62,1,-1,-1,-1
1139,77,1312,794,83,62,1,-1,-1,-1
1140,77,1312,795,84,61,1,-1,-1,-1
1141,77,1312,796,83,61,1,-1,-1,-1
1142,77,1313,795,82,62,1,-1,-1,-1
1143,77,1313,795,82,62,1,-1,-1,-1
1144,77,1313,795,82,62,1,-1,-1,-1
1145,77,1313,795,82,62,1,-1,-1,-1
1146,77,1313,795,82,62,1,-1,-1,-1
1147,77,1313,795,82,62,1,-1,-1,-1
1148,77,1313,795,82,62,1,-1,-1,-1
1149,77,1313,795,82,62,1,-1,-1,-1
1150,77,1313,795,82,62,1,-1,-1,-1
1151,77,1313,795,82,62,1,-1,-1,-1
1152,77,1313,795,82,62,1,-1,-1,-1
1153,77,1313,795,82,62,1,-1,-1,-1
1154,77,1313,795,82,62,1,-1,-1,-1
1155,77,1313,795,82,62,1,-1,-1,-1
1156,77,1313,795,82,62,1,-1,-1,-1
1157,77,1313,795,82,62,1,-1,-1,-1
1158,77,1313,795,82,62,1,-1,-1,-1
1159,77,1313,795,82,62,1,-1,-1,-1
1160,77,1313,795,82,62,1,-1,-1,-1
1161,77,1313,795,82,62,1,-1,-1,-1
1162,77,1313,795,82,62,1,-1,-1,-1
1163,77,1313,795,82,62,1,-1,-1,-1
1164,77,1313,795,82,62,1,-1,-1,-1
1165,77,1312,795,83,62,1,-1,-1,-1
1166,77,1312,795,83,62,1,-1,-1,-1
1167,77,1312,795,83,62,1,-1,-1,-1
1168,77,1312,795,83,62,1,-1,-1,-1
1169,77,1312,795,83,62,1,-1,-1,-1
1170,77,1312,795,83,62,1,-1,-1,-1
1171,77,1312,795,83,62,1,-1,-1,-1
1172,77,1313,795,83,62,1,-1,-1,-1
1173,77,1313,795,82,61,1,-1,-1,-1
1174,77,1313,795,82,61,1,-1,-1,-1
1175,77,1313,795,82,61,1,-1,-1,-1
1176,77,1313,795,83,61,1,-1,-1,-1
1177,77,1312,795,84,62,1,-1,-1,-1
1178,77,1312,795,84,62,1,-1,-1,-1
1179,77,1312,795,83,62,1,-1,-1,-1
1180,77,1312,795,83,62,1,-1,-1,-1
1181,77,1312,795,83,63,1,-1,-1,-1
1182,77,1313,795,82,62,1,-1,-1,-1
1183,77,1313,795,82,62,1,-1,-1,-1
1184,77,1313,795,82,62,1,-1,-1,-1
1185,77,1313,795,82,62,1,-1,-1,-1
1186,77,1313,795,82,62,1,-1,-1,-1
1187,77,1313,795,82,62,1,-1,-1,-1
1188,77,1313,795,82,62,1,-1,-1,-1
1189,77,1313,795,82,62,1,-1,-1,-1
1190,77,1313,795,82,62,1,-1,-1,-1
1191,77,1313,795,82,62,1,-1,-1,-1
1192,77,1313,795,82,62,1,-1,-1,-1
1193,77,1313,795,82,62,1,-1,-1,-1
1194,77,1313,795,82,62,1,-1,-1,-1
1195,77,1313,795,82,62,1,-1,-1,-1
1196,77,1313,795,82,63,1,-1,-1,-1
1197,77,1313,795,82,63,1,-1,-1,-1
1198,77,1313,795,82,63,1,-1,-1,-1
1199,77,1313,795,82,63,1,-1,-1,-1
1200,77,1313,795,81,63,1,-1,-1,-1
1201,77,1313,795,82,62,1,-1,-1,-1
1202,77,1313,795,82,62,1,-1,-1,-1
1203,77,1313,795,82,62,1,-1,-1,-1
1204,77,1313,795,82,62,1,-1,-1,-1
1205,77,1313,795,82,62,1,-1,-1,-1
1206,77,1313,795,82,62,1,-1,-1,-1
1207,77,1313,795,82,62,1,-1,-1,-1
1208,77,1313,795,82,62,1,-1,-1,-1
1209,77,1313,795,82,62,1,-1,-1,-1
1210,77,1313,795,82,62,1,-1,-1,-1
1211,77,1313,795,82,62,1,-1,-1,-1
1212,77,1313,795,82,62,1,-1,-1,-1
1213,77,1313,795,82,62,1,-1,-1,-1
1214,77,1313,795,82,62,1,-1,-1,-1
1215,77,1313,795,82,62,1,-1,-1,-1
1216,77,1313,795,82,62,1,-1,-1,-1
1217,77,1313,795,82,62,1,-1,-1,-1
1218,77,1313,795,82,62,1,-1,-1,-1
1219,77,1313,795,82,63,1,-1,-1,-1
1220,77,1313,795,82,63,1,-1,-1,-1
1221,77,1313,795,82,62,1,-1,-1,-1
1222,77,1313,795,82,62,1,-1,-1,-1
1223,77,1313,795,82,63,1,-1,-1,-1
1224,77,1313,795,82,63,1,-1,-1,-1
1225,77,1313,795,82,63,1,-1,-1,-1
1226,77,1313,795,82,63,1,-1,-1,-1
1227,77,1313,795,82,63,1,-1,-1,-1
1228,77,1313,795,82,63,1,-1,-1,-1
1229,77,1313,795,82,63,1,-1,-1,-1
1230,77,1313,795,82,63,1,-1,-1,-1
1231,77,1313,795,82,63,1,-1,-1,-1
1232,77,1313,795,82,63,1,-1,-1,-1
1233,77,1313,795,82,63,1,-1,-1,-1
1234,77,1313,795,82,63,1,-1,-1,-1
1235,77,1313,795,82,63,1,-1,-1,-1
1236,77,1313,795,82,63,1,-1,-1,-1
1237,77,1313,795,82,63,1,-1,-1,-1
1238,77,1313,795,82,63,1,-1,-1,-1
1239,77,1313,795,82,63,1,-1,-1,-1
1240,77,1313,795,82,63,1,-1,-1,-1
1241,77,1313,795,82,63,1,-1,-1,-1
1242,77,1313,795,82,63,1,-1,-1,-1
1243,77,1313,795,82,63,1,-1,-1,-1
1244,77,1313,795,82,63,1,-1,-1,-1
1245,77,1313,795,82,63,1,-1,-1,-1
1246,77,1313,795,82,63,1,-1,-1,-1
1247,77,1313,795,82,63,1,-1,-1,-1
1248,77,1313,795,82,63,1,-1,-1,-1
1249,77,1313,795,82,62,1,-1,-1,-1
1250,77,1313,795,82,62,1,-1,-1,-1
1251,77,1313,795,81,63,1,-1,-1,-1
1252,77,1313,795,81,63,1,-1,-1,-1
1253,77,1313,795,81,63,1,-1,-1,-1
1254,77,1313,795,81,63,1,-1,-1,-1
1255,77,1313,795,81,63,1,-1,-1,-1
1256,77,1313,795,81,63,1,-1,-1,-1
1257,77,1313,795,81,63,1,-1,-1,-1
1258,77,1313,795,81,63,1,-1,-1,-1
1259,77,1313,795,81,63,1,-1,-1,-1
1260,77,1313,795,81,63,1,-1,-1,-1
1261,77,1313,795,81,62,1,-1,-1,-1
1262,77,1313,796,81,62,1,-1,-1,-1
1263,77,1313,796,81,62,1,-1,-1,-1
1264,77,1313,796,81,62,1,-1,-1,-1
1265,77,1313,796,81,62,1,-1,-1,-1
1266,77,1313,796,81,62,1,-1,-1,-1
1267,77,1313,796,81,62,1,-1,-1,-1
1268,77,1313,796,81,62,1,-1,-1,-1
1269,77,1313,796,81,62,1,-1,-1,-1
1270,77,1313,796,81,62,1,-1,-1,-1
1271,77,1313,796,81,62,1,-1,-1,-1
1272,77,1313,795,81,61,1,-1,-1,-1
1273,77,1313,795,82,62,1,-1,-1,-1
1274,77,1313,795,82,62,1,-1,-1,-1
1275,77,1313,795,82,62,1,-1,-1,-1
1276,77,1313,794,82,62,1,-1,-1,-1
1277,77,1313,795,82,62,1,-1,-1,-1
1278,77,1313,794,82,62,1,-1,-1,-1
1279,77,1313,795,82,62,1,-1,-1,-1
1280,77,1313,795,82,62,1,-1,-1,-1
1281,77,1313,795,82,62,1,-1,-1,-1
1282,77,1313,795,81,63,1,-1,-1,-1
1283,77,1313,795,81,63,1,-1,-1,-1
1284,77,1313,795,81,63,1,-1,-1,-1
1285,77,1312,796,83,62,1,-1,-1,-1
1286,77,1312,796,83,62,1,-1,-1,-1
1287,77,1312,796,83,62,1,-1,-1,-1
1288,77,1312,796,83,62,1,-1,-1,-1
1289,77,1312,796,83,62,1,-1,-1,-1
1290,77,1312,796,83,62,1,-1,-1,-1
1291,77,1313,795,81,63,1,-1,-1,-1
1292,77,1313,795,81,63,1,-1,-1,-1
1293,77,1312,796,83,62,1,-1,-1,-1
1294,77,1313,795,81,63,1,-1,-1,-1
1295,77,1313,795,81,63,1,-1,-1,-1
1296,77,1313,795,81,63,1,-1,-1,-1
1297,77,1312,796,82,62,1,-1,-1,-1
1298,77,1312,796,82,62,1,-1,-1,-1
1299,77,1312,796,82,62,1,-1,-1,-1
1300,77,1313,795,81,63,1,-1,-1,-1
1301,77,1313,795,81,63,1,-1,-1,-1
1302,77,1313,795,81,63,1,-1,-1,-1
1303,77,1313,795,81,63,1,-1,-1,-1
1304,77,1313,795,81,63,1,-1,-1,-1
1305,77,1313,795,81,63,1,-1,-1,-1
1306,77,1313,795,81,63,1,-1,-1,-1
1307,77,1313,795,81,63,1,-1,-1,-1
1308,77,1313,795,81,63,1,-1,-1,-1
1309,77,1312,796,82,62,1,-1,-1,-1
1310,77,1313,795,81,62,1,-1,-1,-1
1311,77,1313,795,81,62,1,-1,-1,-1
1312,77,1312,796,82,62,1,-1,-1,-1
1313,77,1312,796,82,62,1,-1,-1,-1
1314,77,1312,796,82,62,1,-1,-1,-1
1315,77,1312,796,83,62,1,-1,-1,-1
1316,77,1312,796,83,62,1,-1,-1,-1
1317,77,1312,796,83,62,1,-1,-1,-1
1318,77,1313,795,81,62,1,-1,-1,-1
1319,77,1313,795,81,62,1,-1,-1,-1
1320,77,1313,795,81,62,1,-1,-1,-1
1321,77,1313,795,81,62,1,-1,-1,-1
1322,77,1313,795,81,62,1,-1,-1,-1
1323,77,1313,795,81,62,1,-1,-1,-1
1324,77,1313,795,81,62,1,-1,-1,-1
1325,77,1313,795,81,62,1,-1,-1,-1
1326,77,1313,795,81,63,1,-1,-1,-1
1327,77,1313,795,81,63,1,-1,-1,-1
1328,77,1313,795,81,63,1,-1,-1,-1
1329,77,1313,795,81,63,1,-1,-1,-1
1330,77,1313,795,81,63,1,-1,-1,-1
1331,77,1313,795,81,63,1,-1,-1,-1
1332,77,1312,796,83,62,1,-1,-1,-1
1333,77,1312,795,83,63,1,-1,-1,-1
1334,77,1312,795,83,63,1,-1,-1,-1
1335,77,1312,795,83,63,1,-1,-1,-1
1336,77,1312,795,83,63,1,-1,-1,-1
1337,77,1312,795,83,63,1,-1,-1,-1
1338,77,1312,795,83,63,1,-1,-1,-1
1339,77,1312,795,83,63,1,-1,-1,-1
1340,77,1312,795,83,63,1,-1,-1,-1
1341,77,1312,795,83,63,1,-1,-1,-1
1342,77,1312,795,83,63,1,-1,-1,-1
1343,77,1312,795,83,63,1,-1,-1,-1
1344,77,1312,795,83,63,1,-1,-1,-1
1345,77,1312,795,83,63,1,-1,-1,-1
1346,77,1312,795,83,63,1,-1,-1,-1
1347,77,1312,795,83,63,1,-1,-1,-1
1348,77,1312,795,83,63,1,-1,-1,-1
1349,77,1312,795,83,63,1,-1,-1,-1
1350,77,1312,795,83,63,1,-1,-1,-1
1351,77,1312,795,83,63,1,-1,-1,-1
1352,77,1312,795,83,63,1,-1,-1,-1
1353,77,1312,795,83,63,1,-1,-1,-1
1354,77,1312,795,83,63,1,-1,-1,-1
1355,77,1312,795,83,63,1,-1,-1,-1
1356,77,1312,795,83,63,1,-1,-1,-1
1357,77,1312,795,83,63,1,-1,-1,-1
1358,77,1312,795,83,63,1,-1,-1,-1
1359,77,1312,795,83,63,1,-1,-1,-1
1360,77,1312,795,83,63,1,-1,-1,-1
1361,77,1312,795,83,63,1,-1,-1,-1
1362,77,1312,795,83,63,1,-1,-1,-1
1363,77,1312,795,83,63,1,-1,-1,-1
1364,77,1312,795,83,63,1,-1,-1,-1
1365,77,1312,795,83,63,1,-1,-1,-1
1366,77,1312,795,83,63,1,-1,-1,-1
1367,77,1312,795,83,63,1,-1,-1,-1
1368,77,1312,795,83,63,1,-1,-1,-1
1369,77,1312,795,84,63,1,-1,-1,-1
1370,77,1312,795,83,63,1,-1,-1,-1
1371,77,1312,795,83,63,1,-1,-1,-1
1372,77,1312,795,83,63,1,-1,-1,-1
1373,77,1312,795,83,63,1,-1,-1,-1
1374,77,1312,795,82,63,1,-1,-1,-1
1375,77,1312,795,82,63,1,-1,-1,-1
1376,77,1312,795,82,63,1,-1,-1,-1
1377,77,1312,795,82,63,1,-1,-1,-1
1378,77,1312,795,82,63,1,-1,-1,-1
1379,77,1312,795,82,63,1,-1,-1,-1
1380,77,1312,795,82,63,1,-1,-1,-1
1381,77,1313,795,82,63,1,-1,-1,-1
1382,77,1313,795,82,63,1,-1,-1,-1
1383,77,1313,795,82,63,1,-1,-1,-1
1384,77,1313,795,82,63,1,-1,-1,-1
1385,77,1313,795,82,63,1,-1,-1,-1
1386,77,1312,795,82,63,1,-1,-1,-1
1387,77,1312,795,82,63,1,-1,-1,-1
1388,77,1312,795,82,63,1,-1,-1,-1
1389,77,1312,795,82,63,1,-1,-1,-1
1390,77,1312,795,82,63,1,-1,-1,-1
1391,77,1312,795,82,63,1,-1,-1,-1
1392,77,1312,794,84,63,1,-1,-1,-1
1393,77,1311,795,84,62,1,-1,-1,-1
1394,77,1311,796,84,62,1,-1,-1,-1
1395,77,1311,796,84,61,1,-1,-1,-1
1396,77,1311,796,84,61,1,-1,-1,-1
1397,77,1311,796,84,61,1,-1,-1,-1
1398,77,1312,796,84,61,1,-1,-1,-1
1399,77,1312,795,83,62,1,-1,-1,-1
1400,77,1312,795,83,62,1,-1,-1,-1
1401,77,1312,795,82,62,1,-1,-1,-1
1402,77,1313,795,82,62,1,-1,-1,-1
1403,77,1313,795,82,62,1,-1,-1,-1
1404,77,1313,795,82,62,1,-1,-1,-1
1405,77,1313,795,82,63,1,-1,-1,-1
1406,77,1313,795,82,63,1,-1,-1,-1
1407,77,1313,795,82,63,1,-1,-1,-1
1408,77,1313,795,82,63,1,-1,-1,-1
1409,77,1313,795,82,63,1,-1,-1,-1
1410,77,1313,795,82,63,1,-1,-1,-1
1411,77,1313,795,82,63,1,-1,-1,-1
1412,77,1312,795,82,63,1,-1,-1,-1
1413,77,1312,795,82,62,1,-1,-1,-1
1414,77,1312,795,82,63,1,-1,-1,-1
1415,77,1312,795,82,62,1,-1,-1,-1
1416,77,1312,795,82,63,1,-1,-1,-1
1417,77,1312,795,82,63,1,-1,-1,-1
1418,77,1312,795,82,63,1,-1,-1,-1
1419,77,1312,795,82,63,1,-1,-1,-1
1420,77,1312,795,82,63,1,-1,-1,-1
1421,77,1312,795,82,63,1,-1,-1,-1
1422,77,1312,795,82,63,1,-1,-1,-1
1423,77,1312,795,82,63,1,-1,-1,-1
1424,77,1312,794,82,63,1,-1,-1,-1
1425,77,1312,794,82,63,1,-1,-1,-1
1426,77,1313,795,82,63,1,-1,-1,-1
1427,77,1313,795,82,63,1,-1,-1,-1
1428,77,1312,795,82,63,1,-1,-1,-1
1429,77,1314,795,81,63,1,-1,-1,-1
1430,77,1314,795,81,63,1,-1,-1,-1
1431,77,1314,795,81,63,1,-1,-1,-1
1432,77,1312,795,83,62,1,-1,-1,-1
1433,77,1312,795,83,62,1,-1,-1,-1
1434,77,1312,795,83,62,1,-1,-1,-1
1435,77,1312,795,83,62,1,-1,-1,-1
1436,77,1312,795,83,62,1,-1,-1,-1
1437,77,1312,795,83,62,1,-1,-1,-1
1438,77,1312,795,83,62,1,-1,-1,-1
1439,77,1312,795,83,62,1,-1,-1,-1
1440,77,1312,795,83,62,1,-1,-1,-1
1441,77,1312,795,83,63,1,-1,-1,-1
1442,77,1313,795,82,62,1,-1,-1,-1
1443,77,1313,795,82,62,1,-1,-1,-1
1444,77,1313,795,81,62,1,-1,-1,-1
1445,77,1312,795,82,62,1,-1,-1,-1
1446,77,1312,795,82,62,1,-1,-1,-1
1447,77,1312,796,83,62,1,-1,-1,-1
1448,77,1312,796,83,62,1,-1,-1,-1
1449,77,1312,796,83,62,1,-1,-1,-1
1450,77,1312,795,81,62,1,-1,-1,-1
1451,77,1312,796,83,61,1,-1,-1,-1
1452,77,1312,794,82,63,1,-1,-1,-1
1453,77,1313,795,82,62,1,-1,-1,-1
1454,77,1313,795,82,62,1,-1,-1,-1
1455,77,1313,795,82,62,1,-1,-1,-1
1456,77,1313,795,82,62,1,-1,-1,-1
1457,77,1313,795,82,62,1,-1,-1,-1
1458,77,1313,795,82,62,1,-1,-1,-1
1459,77,1313,795,82,62,1,-1,-1,-1
1460,77,1313,795,82,62,1,-1,-1,-1
1461,77,1313,795,82,62,1,-1,-1,-1
1462,77,1313,795,83,63,1,-1,-1,-1
1463,77,1313,795,83,62,1,-1,-1,-1
1464,77,1313,795,82,62,1,-1,-1,-1
1465,77,1313,795,84,62,1,-1,-1,-1
1466,77,1313,795,84,62,1,-1,-1,-1
1467,77,1313,795,84,62,1,-1,-1,-1
1468,77,1313,795,84,62,1,-1,-1,-1
1469,77,1313,795,84,62,1,-1,-1,-1
1470,77,1313,795,84,62,1,-1,-1,-1
1471,77,1313,795,84,62,1,-1,-1,-1
1472,77,1313,795,84,62,1,-1,-1,-1
1473,77,1313,795,84,62,1,-1,-1,-1
1474,77,1313,795,84,62,1,-1,-1,-1
1475,77,1313,795,84,62,1,-1,-1,-1
1476,77,1313,795,84,62,1,-1,-1,-1
1477,77,1312,795,85,63,1,-1,-1,-1
1478,77,1312,795,85,63,1,-1,-1,-1
1479,77,1312,795,84,63,1,-1,-1,-1
1480,77,1313,795,84,63,1,-1,-1,-1
1481,77,1313,795,84,63,1,-1,-1,-1
1482,77,1313,795,84,63,1,-1,-1,-1
1483,77,1313,795,84,62,1,-1,-1,-1
1484,77,1313,795,84,62,1,-1,-1,-1
1485,77,1313,795,84,62,1,-1,-1,-1
1486,77,1313,795,84,62,1,-1,-1,-1
1487,77,1313,795,84,61,1,-1,-1,-1
1488,77,1313,795,84,62,1,-1,-1,-1
1489,77,1313,795,84,62,1,-1,-1,-1
1490,77,1313,795,84,62,1,-1,-1,-1
1491,77,1313,795,84,62,1,-1,-1,-1
1492,77,1313,795,84,62,1,-1,-1,-1
1493,77,1313,795,84,62,1,-1,-1,-1
1494,77,1313,795,84,62,1,-1,-1,-1
1495,77,1313,795,84,62,1,-1,-1,-1
1496,77,1313,795,84,62,1,-1,-1,-1
1497,77,1313,795,84,62,1,-1,-1,-1
1498,77,1313,795,84,62,1,-1,-1,-1
1499,77,1313,796,84,62,1,-1,-1,-1
1500,77,1313,796,84,62,1,-1,-1,-1
1501,77,1313,795,82,62,1,-1,-1,-1
1502,77,1313,796,83,61,1,-1,-1,-1
1503,77,1313,796,83,61,1,-1,-1,-1
1504,77,1313,796,83,61,1,-1,-1,-1
1505,77,1313,796,83,61,1,-1,-1,-1
1506,77,1313,796,83,61,1,-1,-1,-1
1507,77,1313,795,82,62,1,-1,-1,-1
1508,77,1313,795,82,62,1,-1,-1,-1
1509,77,1312,795,84,62,1,-1,-1,-1
1510,77,1312,795,84,62,1,-1,-1,-1
1511,77,1312,795,84,62,1,-1,-1,-1
1512,77,1313,795,84,61,1,-1,-1,-1
1513,77,1312,795,84,61,1,-1,-1,-1
1514,77,1312,795,84,61,1,-1,-1,-1
1515,77,1312,795,84,61,1,-1,-1,-1
1516,77,1312,795,84,61,1,-1,-1,-1
1517,77,1312,795,84,61,1,-1,-1,-1
1518,77,1312,795,84,61,1,-1,-1,-1
1519,77,1312,795,84,61,1,-1,-1,-1
1520,77,1312,795,84,61,1,-1,-1,-1
1521,77,1312,795,84,61,1,-1,-1,-1
1522,77,1312,795,83,61,1,-1,-1,-1
1523,77,1312,795,83,61,1,-1,-1,-1
1524,77,1312,795,83,61,1,-1,-1,-1
1525,77,1312,795,84,61,1,-1,-1,-1
1526,77,1312,795,84,61,1,-1,-1,-1
1527,77,1312,795,84,61,1,-1,-1,-1
1528,77,1312,795,84,61,1,-1,-1,-1
1529,77,1312,795,84,61,1,-1,-1,-1
1530,77,1312,796,84,61,1,-1,-1,-1
1531,77,1312,796,84,61,1,-1,-1,-1
1532,77,1312,795,84,61,1,-1,-1,-1
1533,77,1312,795,84,61,1,-1,-1,-1
1534,77,1312,795,84,61,1,-1,-1,-1
1535,77,1312,796,84,61,1,-1,-1,-1
1536,77,1312,796,84,61,1,-1,-1,-1
1537,77,1312,796,84,61,1,-1,-1,-1
1538,77,1312,796,84,61,1,-1,-1,-1
1539,77,1312,796,84,61,1,-1,-1,-1
1540,77,1313,795,83,61,1,-1,-1,-1
1541,77,1312,796,84,61,1,-1,-1,-1
1542,77,1313,795,83,61,1,-1,-1,-1
1543,77,1312,796,84,61,1,-1,-1,-1
1544,77,1312,796,84,61,1,-1,-1,-1
1545,77,1312,796,84,61,1,-1,-1,-1
1546,77,1312,796,84,61,1,-1,-1,-1
1547,77,1312,796,84,61,1,-1,-1,-1
1548,77,1312,796,84,61,1,-1,-1,-1
1549,77,1313,796,83,61,1,-1,-1,-1
1550,77,1312,795,84,61,1,-1,-1,-1
1551,77,1312,795,84,61,1,-1,-1,-1
1552,77,1313,796,83,61,1,-1,-1,-1
1553,77,1313,795,82,61,1,-1,-1,-1
1554,77,1313,795,82,61,1,-1,-1,-1
1555,77,1313,795,82,61,1,-1,-1,-1
1556,77,1313,795,82,61,1,-1,-1,-1
1557,77,1313,795,82,61,1,-1,-1,-1
1558,77,1313,796,83,61,1,-1,-1,-1
1559,77,1313,796,83,61,1,-1,-1,-1
1560,77,1313,796,83,61,1,-1,-1,-1
1561,77,1313,795,83,61,1,-1,-1,-1
1562,77,1313,795,83,61,1,-1,-1,-1
1563,77,1313,795,83,61,1,-1,-1,-1
1564,77,1313,795,83,61,1,-1,-1,-1
1565,77,1313,795,83,61,1,-1,-1,-1
1566,77,1313,795,83,61,1,-1,-1,-1
1567,77,1313,795,83,61,1,-1,-1,-1
1568,77,1313,795,83,61,1,-1,-1,-1
1569,77,1313,795,83,61,1,-1,-1,-1
1570,77,1313,795,83,61,1,-1,-1,-1
1571,77,1313,795,83,61,1,-1,-1,-1
1572,77,1313,795,83,61,1,-1,-1,-1
1573,77,1313,795,83,61,1,-1,-1,-1
1574,77,1312,795,83,61,1,-1,-1,-1
1575,77,1312,795,83,61,1,-1,-1,-1
1576,77,1312,795,83,61,1,-1,-1,-1
1577,77,1312,795,83,61,1,-1,-1,-1
1578,77,1312,795,83,61,1,-1,-1,-1
1579,77,1312,795,83,62,1,-1,-1,-1
1580,77,1312,795,84,62,1,-1,-1,-1
1581,77,1312,795,84,62,1,-1,-1,-1
1582,77,1312,795,84,62,1,-1,-1,-1
1583,77,1312,794,84,62,1,-1,-1,-1
1584,77,1312,794,84,62,1,-1,-1,-1
1585,77,1312,794,84,62,1,-1,-1,-1
1586,77,1312,794,84,62,1,-1,-1,-1
1587,77,1312,794,84,62,1,-1,-1,-1
1588,77,1312,794,84,62,1,-1,-1,-1
1589,77,1312,795,83,62,1,-1,-1,-1
1590,77,1312,795,83,62,1,-1,-1,-1
1591,77,1312,795,83,62,1,-1,-1,-1
1592,77,1312,795,83,62,1,-1,-1,-1
1593,77,1312,795,83,62,1,-1,-1,-1
1594,77,1312,795,83,62,1,-1,-1,-1
1595,77,1312,795,83,62,1,-1,-1,-1
1596,77,1312,796,83,62,1,-1,-1,-1
1597,77,1314,796,81,62,1,-1,-1,-1
1598,77,1314,796,81,62,1,-1,-1,-1
1599,77,1314,796,81,62,1,-1,-1,-1
1600,77,1314,796,81,62,1,-1,-1,-1
1601,77,1314,796,81,62,1,-1,-1,-1
1602,77,1314,796,81,62,1,-1,-1,-1
1603,77,1313,797,83,61,1,-1,-1,-1
1604,77,1313,797,83,61,1,-1,-1,-1
1605,77,1313,796,83,61,1,-1,-1,-1
1606,77,1313,796,83,61,1,-1,-1,-1
1607,77,1313,796,83,61,1,-1,-1,-1
1608,77,1313,796,83,61,1,-1,-1,-1
1609,77,1313,797,83,61,1,-1,-1,-1
1610,77,1313,797,83,61,1,-1,-1,-1
1611,77,1314,796,81,61,1,-1,-1,-1
1612,77,1313,797,83,61,1,-1,-1,-1
1613,77,1313,797,83,61,1,-1,-1,-1
1614,77,1313,797,83,61,1,-1,-1,-1
1615,77,1313,797,83,61,1,-1,-1,-1
1616,77,1313,797,83,61,1,-1,-1,-1
1617,77,1313,797,83,61,1,-1,-1,-1
1618,77,1313,797,83,61,1,-1,-1,-1
1619,77,1313,797,83,61,1,-1,-1,-1
1620,77,1313,797,83,61,1,-1,-1,-1
1621,77,1313,797,83,61,1,-1,-1,-1
1622,77,1313,797,83,61,1,-1,-1,-1
1623,77,1314,796,81,61,1,-1,-1,-1
1624,77,1314,796,81,61,1,-1,-1,-1
1625,77,1313,797,83,61,1,-1,-1,-1
1626,77,1313,797,83,61,1,-1,-1,-1
1627,77,1314,796,81,61,1,-1,-1,-1
1628,77,1314,796,81,61,1,-1,-1,-1
1629,77,1313,796,82,61,1,-1,-1,-1
1630,77,1313,796,82,61,1,-1,-1,-1
1631,77,1313,796,82,61,1,-1,-1,-1
1632,77,1313,796,82,61,1,-1,-1,-1
1633,77,1313,795,82,61,1,-1,-1,-1
1634,77,1313,795,83,61,1,-1,-1,-1
1635,77,1313,795,83,61,1,-1,-1,-1
1636,77,1313,795,83,61,1,-1,-1,-1
1637,77,1313,795,83,61,1,-1,-1,-1
1638,77,1313,795,83,61,1,-1,-1,-1
1639,77,1313,795,83,62,1,-1,-1,-1
1640,77,1313,795,83,62,1,-1,-1,-1
1641,77,1313,795,83,62,1,-1,-1,-1
1642,77,1313,795,83,62,1,-1,-1,-1
1643,77,1313,795,83,62,1,-1,-1,-1
1644,77,1313,795,83,62,1,-1,-1,-1
1645,77,1313,795,82,62,1,-1,-1,-1
1646,77,1313,795,82,62,1,-1,-1,-1
1647,77,1313,795,82,62,1,-1,-1,-1
1648,77,1313,795,82,62,1,-1,-1,-1
1649,77,1313,795,82,62,1,-1,-1,-1
1650,77,1313,795,82,62,1,-1,-1,-1
1651,77,1313,795,82,62,1,-1,-1,-1
1652,77,1313,795,82,62,1,-1,-1,-1
1653,77,1313,795,82,62,1,-1,-1,-1
1654,77,1313,795,82,62,1,-1,-1,-1
1655,77,1313,795,82,62,1,-1,-1,-1
1656,77,1313,795,82,62,1,-1,-1,-1
1657,77,1312,795,84,61,1,-1,-1,-1
1658,77,1312,795,84,61,1,-1,-1,-1
1659,77,1312,795,84,61,1,-1,-1,-1
1660,77,1312,795,84,61,1,-1,-1,-1
1661,77,1312,795,84,61,1,-1,-1,-1
1662,77,1312,795,84,61,1,-1,-1,-1
1663,77,1312,795,84,61,1,-1,-1,-1
1664,77,1312,795,85,61,1,-1,-1,-1
1665,77,1312,795,84,61,1,-1,-1,-1
1666,77,1312,795,84,61,1,-1,-1,-1
1667,77,1312,795,84,61,1,-1,-1,-1
1668,77,1312,795,84,61,1,-1,-1,-1
1669,77,1311,795,85,62,1,-1,-1,-1
1670,77,1311,795,85,62,1,-1,-1,-1
1671,77,1311,795,85,62,1,-1,-1,-1
1672,77,1311,795,85,61,1,-1,-1,-1
1673,77,1312,796,84,61,1,-1,-1,-1
1674,77,1312,795,84,61,1,-1,-1,-1
1675,77,1312,795,85,61,1,-1,-1,-1
1676,77,1312,795,85,61,1,-1,-1,-1
1677,77,1311,795,85,62,1,-1,-1,-1
1678,77,1312,795,85,61,1,-1,-1,-1
1679,77,1312,796,84,60,1,-1,-1,-1
1680,77,1312,796,84,60,1,-1,-1,-1
1681,77,1312,796,85,59,1,-1,-1,-1
1682,77,1312,796,85,59,1,-1,-1,-1
1683,77,1312,796,85,59,1,-1,-1,-1
1684,77,1312,796,85,59,1,-1,-1,-1
1685,77,1312,797,85,59,1,-1,-1,-1
1686,77,1312,797,84,60,1,-1,-1,-1
1687,77,1312,797,85,60,1,-1,-1,-1
1688,77,1312,796,84,60,1,-1,-1,-1
1689,77,1312,796,84,60,1,-1,-1,-1
1690,77,1312,796,84,60,1,-1,-1,-1
1691,77,1312,796,84,60,1,-1,-1,-1
1692,77,1312,796,85,60,1,-1,-1,-1
1693,77,1312,797,85,59,1,-1,-1,-1
1694,77,1312,797,85,59,1,-1,-1,-1
1695,77,1312,797,85,59,1,-1,-1,-1
1696,77,1312,797,85,60,1,-1,-1,-1
1697,77,1312,797,85,60,1,-1,-1,-1
1698,77,1312,797,85,60,1,-1,-1,-1
1699,77,1312,797,85,60,1,-1,-1,-1
1700,77,1312,797,85,60,1,-1,-1,-1
1701,77,1312,797,85,60,1,-1,-1,-1
1702,77,1312,797,85,60,1,-1,-1,-1
1703,77,1312,797,85,60,1,-1,-1,-1
1704,77,1312,797,85,60,1,-1,-1,-1
1705,77,1312,796,85,60,1,-1,-1,-1
1706,77,1312,796,85,60,1,-1,-1,-1
1707,77,1312,796,85,60,1,-1,-1,-1
1708,77,1312,796,85,60,1,-1,-1,-1
1709,77,1312,796,85,60,1,-1,-1,-1
1710,77,1312,796,84,60,1,-1,-1,-1
1711,77,1312,796,84,60,1,-1,-1,-1
1712,77,1312,796,84,60,1,-1,-1,-1
1713,77,1312,796,84,60,1,-1,-1,-1
1714,77,1312,796,84,60,1,-1,-1,-1
1715,77,1312,796,84,60,1,-1,-1,-1
1716,77,1313,796,83,60,1,-1,-1,-1
1717,77,1312,796,85,60,1,-1,-1,-1
1718,77,1312,796,85,60,1,-1,-1,-1
1719,77,1312,796,84,60,1,-1,-1,-1
1720,77,1312,796,84,60,1,-1,-1,-1
1721,77,1312,796,84,60,1,-1,-1,-1
1722,77,1312,796,84,60,1,-1,-1,-1
1723,77,1312,796,84,60,1,-1,-1,-1
1724,77,1312,796,84,60,1,-1,-1,-1
1725,77,1312,796,84,60,1,-1,-1,-1
1726,77,1312,796,84,60,1,-1,-1,-1
1727,77,1312,796,84,60,1,-1,-1,-1
1728,77,1312,796,84,60,1,-1,-1,-1
1729,77,1312,796,83,61,1,-1,-1,-1
1730,77,1312,796,83,61,1,-1,-1,-1
1731,77,1312,796,83,61,1,-1,-1,-1
1732,77,1312,796,83,61,1,-1,-1,-1
1733,77,1312,796,83,61,1,-1,-1,-1
1734,77,1312,795,82,61,1,-1,-1,-1
1735,77,1312,795,82,61,1,-1,-1,-1
1736,77,1312,795,82,61,1,-1,-1,-1
1737,77,1312,795,82,61,1,-1,-1,-1
1738,77,1312,795,82,61,1,-1,-1,-1
1739,77,1312,795,82,61,1,-1,-1,-1
1740,77,1312,795,82,61,1,-1,-1,-1
1741,77,1312,795,82,61,1,-1,-1,-1
1742,77,1312,795,82,61,1,-1,-1,-1
1743,77,1312,795,82,61,1,-1,-1,-1
1744,77,1312,795,82,61,1,-1,-1,-1
1745,77,1312,795,82,61,1,-1,-1,-1
1746,77,1312,795,82,61,1,-1,-1,-1
1747,77,1312,795,82,61,1,-1,-1,-1
1748,77,1313,795,82,61,1,-1,-1,-1
1749,77,1313,795,82,61,1,-1,-1,-1
1750,77,1313,795,82,61,1,-1,-1,-1
1751,77,1312,795,82,61,1,-1,-1,-1
1752,77,1312,795,82,61,1,-1,-1,-1
1753,77,1313,796,82,60,1,-1,-1,-1
1754,77,1313,796,82,60,1,-1,-1,-1
1755,77,1313,796,82,60,1,-1,-1,-1
1756,77,1313,796,81,60,1,-1,-1,-1
1757,77,1313,796,82,61,1,-1,-1,-1
1758,77,1313,796,82,61,1,-1,-1,-1
1759,77,1313,796,82,61,1,-1,-1,-1
1760,77,1313,796,82,61,1,-1,-1,-1
1761,77,1313,796,82,61,1,-1,-1,-1
1762,77,1313,796,82,61,1,-1,-1,-1
1763,77,1313,796,82,61,1,-1,-1,-1
1764,77,1313,796,82,61,1,-1,-1,-1
1765,77,1314,796,81,61,1,-1,-1,-1
1766,77,1314,796,81,60,1,-1,-1,-1
1767,77,1314,796,81,60,1,-1,-1,-1
1768,77,1314,796,81,61,1,-1,-1,-1
1769,77,1314,795,81,61,1,-1,-1,-1
1770,77,1314,795,81,61,1,-1,-1,-1
1771,77,1314,795,81,61,1,-1,-1,-1
1772,77,1314,796,81,61,1,-1,-1,-1
1773,77,1314,795,81,61,1,-1,-1,-1
1774,77,1314,795,81,61,1,-1,-1,-1
1775,77,1314,795,81,61,1,-1,-1,-1
1776,77,1314,795,81,61,1,-1,-1,-1
1777,77,1313,796,83,61,1,-1,-1,-1
1778,77,1313,796,82,61,1,-1,-1,-1
1779,77,1313,796,82,61,1,-1,-1,-1
1780,77,1313,796,82,61,1,-1,-1,-1
1781,77,1313,796,82,61,1,-1,-1,-1
1782,77,1314,796,82,61,1,-1,-1,-1
1783,77,1314,796,81,61,1,-1,-1,-1
1784,77,1314,796,82,60,1,-1,-1,-1
1785,77,1314,796,82,60,1,-1,-1,-1
1786,77,1314,796,82,60,1,-1,-1,-1
1787,77,1314,795,82,61,1,-1,-1,-1
1788,77,1314,795,82,61,1,-1,-1,-1
1789,77,1314,795,82,62,1,-1,-1,-1
1790,77,1315,795,81,62,1,-1,-1,-1
1791,77,1315,795,81,62,1,-1,-1,-1
1792,77,1315,795,81,62,1,-1,-1,-1
1793,77,1315,795,81,62,1,-1,-1,-1
1794,77,1315,795,81,62,1,-1,-1,-1
1795,77,1315,795,81,62,1,-1,-1,-1
1796,77,1315,795,81,62,1,-1,-1,-1
1797,77,1314,795,82,62,1,-1,-1,-1
1798,77,1314,795,82,62,1,-1,-1,-1
1799,77,1314,795,82,62,1,-1,-1,-1
1800,77,1314,795,82,62,1,-1,-1,-1
1801,77,1313,795,83,62,1,-1,-1,-1
1802,77,1313,795,83,62,1,-1,-1,-1
1803,77,1313,795,83,62,1,-1,-1,-1
1804,77,1313,795,83,62,1,-1,-1,-1
1805,77,1313,795,83,62,1,-1,-1,-1
1806,77,1313,795,83,62,1,-1,-1,-1
1807,77,1313,795,82,61,1,-1,-1,-1
1808,77,1313,795,83,61,1,-1,-1,-1
1809,77,1313,795,83,61,1,-1,-1,-1
1810,77,1313,795,83,61,1,-1,-1,-1
1811,77,1313,796,82,61,1,-1,-1,-1
1812,77,1313,795,82,61,1,-1,-1,-1
1813,77,1315,796,81,61,1,-1,-1,-1
1814,77,1315,796,81,61,1,-1,-1,-1
1815,77,1315,796,81,61,1,-1,-1,-1
1816,77,1314,796,81,61,1,-1,-1,-1
1817,77,1314,796,81,61,1,-1,-1,-1
1818,77,1314,796,81,61,1,-1,-1,-1
1819,77,1314,796,81,61,1,-1,-1,-1
1820,77,1315,796,81,61,1,-1,-1,-1
1821,77,1314,796,81,61,1,-1,-1,-1
1822,77,1314,796,81,61,1,-1,-1,-1
1823,77,1315,796,81,61,1,-1,-1,-1
1824,77,1314,796,81,61,1,-1,-1,-1
1825,77,1314,796,81,61,1,-1,-1,-1
1826,77,1314,795,82,61,1,-1,-1,-1
1827,77,1314,795,82,62,1,-1,-1,-1
1828,77,1314,796,81,62,1,-1,-1,-1
1829,77,1314,796,81,62,1,-1,-1,-1
1830,77,1315,796,81,62,1,-1,-1,-1
1831,77,1315,796,81,61,1,-1,-1,-1
1832,77,1315,796,81,61,1,-1,-1,-1
1833,77,1315,796,81,61,1,-1,-1,-1
1834,77,1315,796,81,61,1,-1,-1,-1
1835,77,1315,796,81,62,1,-1,-1,-1
1836,77,1315,795,82,62,1,-1,-1,-1
1837,77,1314,795,82,62,1,-1,-1,-1
1838,77,1315,796,82,61,1,-1,-1,-1
1839,77,1315,796,82,61,1,-1,-1,-1
1840,77,1315,796,82,61,1,-1,-1,-1
1841,77,1315,796,82,61,1,-1,-1,-1
1842,77,1315,796,82,61,1,-1,-1,-1
1843,77,1315,795,82,61,1,-1,-1,-1
1844,77,1315,796,82,61,1,-1,-1,-1
1845,77,1315,796,82,61,1,-1,-1,-1
1846,77,1315,796,82,62,1,-1,-1,-1
1847,77,1314,796,82,61,1,-1,-1,-1
1848,77,1314,797,83,60,1,-1,-1,-1
1849,77,1314,797,82,60,1,-1,-1,-1
1850,77,1314,797,82,60,1,-1,-1,-1
1851,77,1314,797,82,60,1,-1,-1,-1
1852,77,1314,797,81,60,1,-1,-1,-1
1853,77,1314,797,81,60,1,-1,-1,-1
1854,77,1315,797,81,60,1,-1,-1,-1
1855,77,1315,797,81,60,1,-1,-1,-1
1856,77,1314,797,81,60,1,-1,-1,-1
1857,77,1314,797,82,61,1,-1,-1,-1
1858,77,1314,797,82,61,1,-1,-1,-1
1859,77,1314,797,82,61,1,-1,-1,-1
1860,77,1314,797,82,61,1,-1,-1,-1
1861,77,1314,797,82,61,1,-1,-1,-1
1862,77,1314,797,82,61,1,-1,-1,-1
1863,77,1314,797,82,61,1,-1,-1,-1
1864,77,1314,797,82,61,1,-1,-1,-1
1865,77,1314,797,82,61,1,-1,-1,-1
1866,77,1315,796,81,62,1,-1,-1,-1
1867,77,1314,797,82,61,1,-1,-1,-1
1868,77,1315,797,80,61,1,-1,-1,-1
1869,77,1315,797,80,61,1,-1,-1,-1
1870,77,1314,797,82,61,1,-1,-1,-1
1871,77,1314,797,83,61,1,-1,-1,-1
1872,77,1314,797,81,61,1,-1,-1,-1
1873,77,1314,796,81,61,1,-1,-1,-1
1874,77,1314,796,81,61,1,-1,-1,-1
1875,77,1314,796,81,61,1,-1,-1,-1
1876,77,1315,796,81,61,1,-1,-1,-1
1877,77,1314,797,83,61,1,-1,-1,-1
1878,77,1314,797,83,61,1,-1,-1,-1
1879,77,1314,797,83,61,1,-1,-1,-1
1880,77,1314,797,83,61,1,-1,-1,-1
1881,77,1314,796,82,61,1,-1,-1,-1
1882,77,1314,796,81,61,1,-1,-1,-1
1883,77,1314,796,81,61,1,-1,-1,-1
1884,77,1314,796,81,61,1,-1,-1,-1
1885,77,1314,796,81,61,1,-1,-1,-1
1886,77,1314,796,80,61,1,-1,-1,-1
1887,77,1314,796,82,61,1,-1,-1,-1
1888,77,1314,796,82,61,1,-1,-1,-1
1889,77,1314,796,82,61,1,-1,-1,-1
1890,77,1314,796,82,61,1,-1,-1,-1
1891,77,1315,796,81,61,1,-1,-1,-1
1892,77,1314,796,81,61,1,-1,-1,-1
1893,77,1314,796,81,61,1,-1,-1,-1
1894,77,1314,796,82,61,1,-1,-1,-1
1895,77,1314,796,82,61,1,-1,-1,-1
1896,77,1314,796,82,61,1,-1,-1,-1
1897,77,1313,795,83,61,1,-1,-1,-1
1898,77,1313,795,83,61,1,-1,-1,-1
1899,77,1313,795,83,61,1,-1,-1,-1
1900,77,1313,795,83,61,1,-1,-1,-1
1901,77,1313,795,83,61,1,-1,-1,-1
1902,77,1313,795,82,61,1,-1,-1,-1
1903,77,1313,795,83,61,1,-1,-1,-1
1904,77,1313,795,83,61,1,-1,-1,-1
1905,77,1313,795,82,61,1,-1,-1,-1
1906,77,1313,795,82,61,1,-1,-1,-1
1907,77,1313,795,82,61,1,-1,-1,-1
1908,77,1313,795,82,62,1,-1,-1,-1
1909,77,1313,796,82,62,1,-1,-1,-1
1910,77,1313,796,82,62,1,-1,-1,-1
1911,77,1313,796,82,62,1,-1,-1,-1
1912,77,1313,796,82,62,1,-1,-1,-1
1913,77,1313,796,82,61,1,-1,-1,-1
1914,77,1313,796,82,62,1,-1,-1,-1
1915,77,1313,796,82,61,1,-1,-1,-1
1916,77,1313,796,82,61,1,-1,-1,-1
1917,77,1312,796,85,61,1,-1,-1,-1
1918,77,1312,797,85,61,1,-1,-1,-1
1919,77,1312,796,85,61,1,-1,-1,-1
1920,77,1312,797,84,61,1,-1,-1,-1
1921,77,1312,797,84,60,1,-1,-1,-1
1922,77,1312,797,84,60,1,-1,-1,-1
1923,77,1312,797,84,60,1,-1,-1,-1
1924,77,1312,797,83,60,1,-1,-1,-1
1925,77,1313,797,83,60,1,-1,-1,-1
1926,77,1313,797,83,60,1,-1,-1,-1
1927,77,1313,796,83,61,1,-1,-1,-1
1928,77,1313,796,83,61,1,-1,-1,-1
1929,77,1313,796,83,61,1,-1,-1,-1
1930,77,1313,796,83,61,1,-1,-1,-1
1931,77,1313,796,83,61,1,-1,-1,-1
1932,77,1313,796,83,61,1,-1,-1,-1
1933,77,1313,796,83,61,1,-1,-1,-1
1934,77,1313,796,83,61,1,-1,-1,-1
1935,77,1313,796,83,61,1,-1,-1,-1
1936,77,1313,796,83,61,1,-1,-1,-1
1937,77,1313,796,82,61,1,-1,-1,-1
1938,77,1313,796,82,61,1,-1,-1,-1
1939,77,1314,797,82,61,1,-1,-1,-1
1940,77,1314,797,82,61,1,-1,-1,-1
1941,77,1314,797,82,61,1,-1,-1,-1
1942,77,1314,797,82,61,1,-1,-1,-1
1943,77,1314,796,82,61,1,-1,-1,-1
1944,77,1314,797,82,61,1,-1,-1,-1
1945,77,1313,796,82,61,1,-1,-1,-1
1946,77,1313,796,82,60,1,-1,-1,-1
1947,77,1312,795,83,61,1,-1,-1,-1
1948,77,1313,795,83,61,1,-1,-1,-1
1949,77,1313,795,83,61,1,-1,-1,-1
1950,77,1313,795,83,61,1,-1,-1,-1
1951,77,1313,795,83,61,1,-1,-1,-1
1952,77,1313,795,83,61,1,-1,-1,-1
1953,77,1313,795,83,61,1,-1,-1,-1
1954,77,1313,795,83,61,1,-1,-1,-1
1955,77,1313,795,83,61,1,-1,-1,-1
1956,77,1313,795,83,61,1,-1,-1,-1
1957,77,1313,796,84,61,1,-1,-1,-1
1958,77,1313,796,83,61,1,-1,-1,-1
1959,77,1313,796,83,61,1,-1,-1,-1
1960,77,1313,796,83,61,1,-1,-1,-1
1961,77,1313,796,82,61,1,-1,-1,-1
1962,77,1313,795,82,61,1,-1,-1,-1
1963,77,1313,795,82,61,1,-1,-1,-1
1964,77,1313,795,82,61,1,-1,-1,-1
1965,77,1313,795,82,61,1,-1,-1,-1
1966,77,1313,795,82,62,1,-1,-1,-1
1967,77,1313,795,83,62,1,-1,-1,-1
1968,77,1313,795,83,62,1,-1,-1,-1
1969,77,1313,795,83,61,1,-1,-1,-1
1970,77,1313,795,83,61,1,-1,-1,-1
1971,77,1313,795,83,61,1,-1,-1,-1
1972,77,1313,795,83,61,1,-1,-1,-1
1973,77,1313,795,83,61,1,-1,-1,-1
1974,77,1313,795,83,62,1,-1,-1,-1
1975,77,1313,795,84,62,1,-1,-1,-1
1976,77,1313,795,84,61,1,-1,-1,-1
1977,77,1313,795,83,62,1,-1,-1,-1
1978,77,1313,795,84,62,1,-1,-1,-1
1979,77,1313,795,84,62,1,-1,-1,-1
1980,77,1313,795,84,62,1,-1,-1,-1
1981,77,1314,795,83,62,1,-1,-1,-1
1982,77,1314,795,83,62,1,-1,-1,-1
1983,77,1313,795,84,62,1,-1,-1,-1
1984,77,1313,795,84,62,1,-1,-1,-1
1985,77,1313,795,84,63,1,-1,-1,-1
1986,77,1313,795,84,63,1,-1,-1,-1
1987,77,1314,795,82,62,1,-1,-1,-1
1988,77,1314,795,82,62,1,-1,-1,-1
1989,77,1314,795,82,62,1,-1,-1,-1
1990,77,1314,795,82,62,1,-1,-1,-1
1991,77,1314,795,82,62,1,-1,-1,-1
1992,77,1314,795,82,62,1,-1,-1,-1
1993,77,1314,795,82,62,1,-1,-1,-1
1994,77,1314,795,82,62,1,-1,-1,-1
1995,77,1314,795,82,62,1,-1,-1,-1
1996,77,1314,795,82,62,1,-1,-1,-1
1997,77,1313,796,84,61,1,-1,-1,-1
1998,77,1313,796,84,61,1,-1,-1,-1
1999,77,1313,796,84,61,1,-1,-1,-1
2000,77,1313,796,84,61,1,-1,-1,-1
2001,77,1314,796,83,61,1,-1,-1,-1
2002,77,1313,796,84,61,1,-1,-1,-1
2003,77,1314,796,84,61,1,-1,-1,-1
2004,77,1313,796,84,61,1,-1,-1,-1
2005,77,1313,795,84,61,1,-1,-1,-1
2006,77,1313,795,84,61,1,-1,-1,-1
2007,77,1313,796,84,61,1,-1,-1,-1
2008,77,1313,796,84,61,1,-1,-1,-1
2009,77,1313,796,84,61,1,-1,-1,-1
2010,77,1313,796,83,61,1,-1,-1,-1
2011,77,1313,796,83,61,1,-1,-1,-1
2012,77,1313,796,84,61,1,-1,-1,-1
2013,77,1313,796,84,61,1,-1,-1,-1
2014,77,1313,796,84,61,1,-1,-1,-1
2015,77,1313,796,84,61,1,-1,-1,-1
2016,77,1313,796,84,61,1,-1,-1,-1
2017,77,1312,796,84,61,1,-1,-1,-1
2018,77,1312,796,84,61,1,-1,-1,-1
2019,77,1312,796,84,61,1,-1,-1,-1
2020,77,1312,796,84,61,1,-1,-1,-1
2021,77,1313,795,83,61,1,-1,-1,-1
2022,77,1313,795,83,61,1,-1,-1,-1
2023,77,1312,795,83,61,1,-1,-1,-1
2024,77,1312,795,83,61,1,-1,-1,-1
2025,77,1312,795,83,61,1,-1,-1,-1
2026,77,1312,795,83,61,1,-1,-1,-1
2027,77,1313,796,84,61,1,-1,-1,-1
2028,77,1313,796,84,62,1,-1,-1,-1
2029,77,1313,796,84,61,1,-1,-1,-1
2030,77,1313,796,84,61,1,-1,-1,-1
2031,77,1313,796,84,61,1,-1,-1,-1
2032,77,1314,797,83,60,1,-1,-1,-1
2033,77,1313,796,84,61,1,-1,-1,-1
2034,77,1313,796,83,61,1,-1,-1,-1
2035,77,1313,796,83,61,1,-1,-1,-1
2036,77,1313,796,83,61,1,-1,-1,-1
2037,77,1314,796,83,61,1,-1,-1,-1
2038,77,1314,796,83,61,1,-1,-1,-1
2039,77,1313,796,83,61,1,-1,-1,-1
2040,77,1313,796,84,61,1,-1,-1,-1
2041,77,1313,797,84,61,1,-1,-1,-1
2042,77,1314,796,82,61,1,-1,-1,-1
2043,77,1314,797,83,61,1,-1,-1,-1
2044,77,1314,797,83,60,1,-1,-1,-1
2045,77,1314,797,83,60,1,-1,-1,-1
2046,77,1313,796,84,61,1,-1,-1,-1
2047,77,1314,796,82,61,1,-1,-1,-1
2048,77,1314,796,83,61,1,-1,-1,-1
2049,77,1314,796,83,61,1,-1,-1,-1
2050,77,1314,796,83,61,1,-1,-1,-1
2051,77,1313,795,83,61,1,-1,-1,-1
2052,77,1313,796,83,62,1,-1,-1,-1
2053,77,1313,796,83,61,1,-1,-1,-1
2054,77,1313,796,83,61,1,-1,-1,-1
2055,77,1313,796,83,62,1,-1,-1,-1
2056,77,1313,796,83,62,1,-1,-1,-1
2057,77,1313,797,83,60,1,-1,-1,-1
2058,77,1313,797,83,60,1,-1,-1,-1
2059,77,1313,797,83,60,1,-1,-1,-1
2060,77,1313,797,83,60,1,-1,-1,-1
2061,77,1313,796,83,60,1,-1,-1,-1
2062,77,1313,797,83,61,1,-1,-1,-1
2063,77,1313,796,83,60,1,-1,-1,-1
2064,77,1313,797,84,60,1,-1,-1,-1
2065,77,1314,797,82,60,1,-1,-1,-1
2066,77,1313,797,83,60,1,-1,-1,-1
2067,77,1314,796,81,60,1,-1,-1,-1
2068,77,1314,796,81,60,1,-1,-1,-1
2069,77,1314,796,81,60,1,-1,-1,-1
2070,77,1314,796,81,60,1,-1,-1,-1
2071,77,1314,796,81,60,1,-1,-1,-1
2072,77,1314,796,81,60,1,-1,-1,-1
2073,77,1314,796,81,60,1,-1,-1,-1
2074,77,1314,796,82,61,1,-1,-1,-1
2075,77,1314,796,81,60,1,-1,-1,-1
2076,77,1314,796,81,61,1,-1,-1,-1
2077,77,1314,797,83,59,1,-1,-1,-1
2078,77,1315,797,82,59,1,-1,-1,-1
2079,77,1315,797,82,59,1,-1,-1,-1
2080,77,1315,797,82,59,1,-1,-1,-1
2081,77,1315,797,83,60,1,-1,-1,-1
2082,77,1314,797,83,60,1,-1,-1,-1
2083,77,1314,797,83,59,1,-1,-1,-1
2084,77,1314,797,83,59,1,-1,-1,-1
2085,77,1314,797,83,60,1,-1,-1,-1
2086,77,1314,797,83,59,1,-1,-1,-1
2087,77,1314,797,83,60,1,-1,-1,-1
2088,77,1314,795,83,62,1,-1,-1,-1
2089,77,1312,795,84,62,1,-1,-1,-1
2090,77,1312,795,84,62,1,-1,-1,-1
2091,77,1312,795,84,62,1,-1,-1,-1
2092,77,1312,795,84,62,1,-1,-1,-1
2093,77,1312,795,84,63,1,-1,-1,-1
2094,77,1312,795,85,62,1,-1,-1,-1
2095,77,1313,795,83,62,1,-1,-1,-1
2096,77,1313,795,83,62,1,-1,-1,-1
2097,77,1313,795,83,62,1,-1,-1,-1
2098,77,1313,795,83,62,1,-1,-1,-1
2099,77,1313,795,83,62,1,-1,-1,-1
2100,77,1313,795,84,61,1,-1,-1,-1
2101,77,1312,795,84,62,1,-1,-1,-1
2102,77,1312,795,84,62,1,-1,-1,-1
2103,77,1312,795,84,62,1,-1,-1,-1
2104,77,1312,795,84,61,1,-1,-1,-1
2105,77,1312,795,84,62,1,-1,-1,-1
2106,77,1312,795,84,62,1,-1,-1,-1
2107,77,1312,795,84,62,1,-1,-1,-1
2108,77,1312,795,85,62,1,-1,-1,-1
2109,77,1312,795,84,62,1,-1,-1,-1
2110,77,1313,795,82,61,1,-1,-1,-1
2111,77,1313,795,82,61,1,-1,-1,-1
2112,77,1313,795,82,61,1,-1,-1,-1
2113,77,1314,796,82,60,1,-1,-1,-1
2114,77,1314,796,82,60,1,-1,-1,-1
2115,77,1314,796,82,60,1,-1,-1,-1
2116,77,1314,796,82,60,1,-1,-1,-1
2117,77,1314,796,82,60,1,-1,-1,-1
2118,77,1314,796,82,60,1,-1,-1,-1
2119,77,1314,796,83,60,1,-1,-1,-1
2120,77,1314,796,82,60,1,-1,-1,-1
2121,77,1313,797,83,60,1,-1,-1,-1
2122,77,1313,796,83,60,1,-1,-1,-1
2123,77,1313,797,83,60,1,-1,-1,-1
2124,77,1314,797,83,60,1,-1,-1,-1
2125,77,1313,797,83,60,1,-1,-1,-1
2126,77,1313,797,83,60,1,-1,-1,-1
2127,77,1313,797,83,60,1,-1,-1,-1
2128,77,1313,796,83,61,1,-1,-1,-1
2129,77,1313,796,84,61,1,-1,-1,-1
2130,77,1313,796,84,61,1,-1,-1,-1
2131,77,1312,796,84,61,1,-1,-1,-1
2132,77,1313,796,84,61,1,-1,-1,-1
2133,77,1313,796,84,61,1,-1,-1,-1
2134,77,1313,796,84,61,1,-1,-1,-1
2135,77,1313,796,84,60,1,-1,-1,-1
2136,77,1313,796,84,60,1,-1,-1,-1
2137,77,1314,796,84,61,1,-1,-1,-1
2138,77,1313,796,84,61,1,-1,-1,-1
2139,77,1313,796,83,61,1,-1,-1,-1
2140,77,1313,796,83,61,1,-1,-1,-1
2141,77,1313,796,83,61,1,-1,-1,-1
2142,77,1313,796,83,61,1,-1,-1,-1
2143,77,1313,796,83,61,1,-1,-1,-1
2144,77,1313,796,83,61,1,-1,-1,-1
2145,77,1313,796,83,61,1,-1,-1,-1
2146,77,1313,796,83,61,1,-1,-1,-1
2147,77,1313,796,83,61,1,-1,-1,-1
2148,77,1313,796,83,61,1,-1,-1,-1
2149,77,1313,796,84,61,1,-1,-1,-1
2150,77,1313,796,84,61,1,-1,-1,-1
2151,77,1313,796,84,61,1,-1,-1,-1
2152,77,1313,796,84,61,1,-1,-1,-1
2153,77,1313,796,84,61,1,-1,-1,-1
2154,77,1313,796,84,61,1,-1,-1,-1
2155,77,1313,796,84,61,1,-1,-1,-1
2156,77,1313,796,83,61,1,-1,-1,-1
2157,77,1313,796,84,61,1,-1,-1,-1
2158,77,1313,796,84,61,1,-1,-1,-1
2159,77,1314,796,83,61,1,-1,-1,-1
2160,77,1314,796,83,61,1,-1,-1,-1
2161,77,1314,796,83,61,1,-1,-1,-1
2162,77,1314,796,83,61,1,-1,-1,-1
2163,77,1314,796,83,61,1,-1,-1,-1
2164,77,1314,796,83,61,1,-1,-1,-1
2165,77,1314,796,83,61,1,-1,-1,-1
2166,77,1314,796,83,61,1,-1,-1,-1
2167,77,1314,796,83,61,1,-1,-1,-1
2168,77,1314,796,83,61,1,-1,-1,-1
2169,77,1314,796,83,61,1,-1,-1,-1
2170,77,1314,796,83,61,1,-1,-1,-1
2171,77,1314,796,83,61,1,-1,-1,-1
2172,77,1314,796,83,61,1,-1,-1,-1
2173,77,1313,796,84,60,1,-1,-1,-1
2174,77,1313,796,83,60,1,-1,-1,-1
2175,77,1313,796,83,60,1,-1,-1,-1
2176,77,1313,796,84,60,1,-1,-1,-1
2177,77,1313,796,83,60,1,-1,-1,-1
2178,77,1313,796,83,60,1,-1,-1,-1
2179,77,1313,796,83,60,1,-1,-1,-1
2180,77,1313,796,84,61,1,-1,-1,-1
2181,77,1313,796,84,61,1,-1,-1,-1
2182,77,1313,796,84,61,1,-1,-1,-1
2183,77,1313,796,84,61,1,-1,-1,-1
2184,77,1313,796,83,61,1,-1,-1,-1
2185,77,1314,797,83,60,1,-1,-1,-1
2186,77,1314,797,83,60,1,-1,-1,-1
2187,77,1314,797,83,60,1,-1,-1,-1
2188,77,1314,797,83,60,1,-1,-1,-1
2189,77,1314,797,83,60,1,-1,-1,-1
2190,77,1312,797,84,60,1,-1,-1,-1
2191,77,1312,797,84,60,1,-1,-1,-1
2192,77,1312,797,84,60,1,-1,-1,-1
2193,77,1312,797,84,60,1,-1,-1,-1
2194,77,1312,796,85,60,1,-1,-1,-1
2195,77,1312,796,85,60,1,-1,-1,-1
2196,77,1312,796,85,60,1,-1,-1,-1
2197,77,1312,797,84,60,1,-1,-1,-1
2198,77,1312,797,84,60,1,-1,-1,-1
2199,77,1312,797,84,60,1,-1,-1,-1
2200,77,1313,797,84,60,1,-1,-1,-1
2201,77,1313,797,84,60,1,-1,-1,-1
2202,77,1313,797,84,60,1,-1,-1,-1
2203,77,1313,797,84,60,1,-1,-1,-1
2204,77,1313,797,84,60,1,-1,-1,-1
2205,77,1313,797,84,60,1,-1,-1,-1
2206,77,1313,797,84,60,1,-1,-1,-1
2207,77,1313,797,84,60,1,-1,-1,-1
2208,77,1313,797,84,60,1,-1,-1,-1
2209,77,1313,796,84,61,1,-1,-1,-1
2210,77,1313,796,83,60,1,-1,-1,-1
2211,77,1313,796,83,61,1,-1,-1,-1
2212,77,1313,796,83,61,1,-1,-1,-1
2213,77,1313,796,83,61,1,-1,-1,-1
2214,77,1313,796,83,61,1,-1,-1,-1
2215,77,1313,796,83,61,1,-1,-1,-1
2216,77,1313,796,83,61,1,-1,-1,-1
2217,77,1313,796,83,60,1,-1,-1,-1
2218,77,1313,796,83,61,1,-1,-1,-1
2219,77,1313,796,83,61,1,-1,-1,-1
2220,77,1313,796,83,61,1,-1,-1,-1
2221,77,1313,796,83,61,1,-1,-1,-1
2222,77,1313,796,83,61,1,-1,-1,-1
2223,77,1313,796,83,61,1,-1,-1,-1
2224,77,1313,796,83,61,1,-1,-1,-1
2225,77,1313,796,83,61,1,-1,-1,-1
2226,77,1314,796,83,61,1,-1,-1,-1
2227,77,1314,796,83,61,1,-1,-1,-1
2228,77,1314,797,83,61,1,-1,-1,-1
2229,77,1314,797,83,61,1,-1,-1,-1
2230,77,1314,797,82,61,1,-1,-1,-1
2231,77,1314,797,82,61,1,-1,-1,-1
2232,77,1314,797,82,61,1,-1,-1,-1
2233,77,1315,796,81,61,1,-1,-1,-1
2234,77,1315,796,81,61,1,-1,-1,-1
2235,77,1315,796,81,61,1,-1,-1,-1
2236,77,1315,796,81,61,1,-1,-1,-1
2237,77,1315,796,81,61,1,-1,-1,-1
2238,77,1315,796,81,61,1,-1,-1,-1
2239,77,1315,796,81,61,1,-1,-1,-1
2240,77,1315,796,81,61,1,-1,-1,-1
2241,77,1314,796,81,61,1,-1,-1,-1
2242,77,1314,796,81,61,1,-1,-1,-1
2243,77,1314,796,81,61,1,-1,-1,-1
2244,77,1314,796,81,61,1,-1,-1,-1
2245,77,1314,796,81,61,1,-1,-1,-1
2246,77,1314,796,81,61,1,-1,-1,-1
2247,77,1314,796,81,61,1,-1,-1,-1
2248,77,1314,796,81,61,1,-1,-1,-1
2249,77,1314,796,81,61,1,-1,-1,-1
2250,77,1314,796,82,61,1,-1,-1,-1
2251,77,1314,796,82,61,1,-1,-1,-1
2252,77,1314,796,82,61,1,-1,-1,-1
2253,77,1314,796,82,61,1,-1,-1,-1
2254,77,1314,796,82,61,1,-1,-1,-1
2255,77,1314,796,82,61,1,-1,-1,-1
2256,77,1314,796,81,60,1,-1,-1,-1
2257,77,1314,797,83,61,1,-1,-1,-1
2258,77,1314,797,83,61,1,-1,-1,-1
2259,77,1314,797,83,61,1,-1,-1,-1
2260,77,1313,796,84,60,1,-1,-1,-1
2261,77,1313,796,84,60,1,-1,-1,-1
2262,77,1313,796,84,60,1,-1,-1,-1
2263,77,1313,796,84,60,1,-1,-1,-1
2264,77,1313,797,84,60,1,-1,-1,-1
2265,77,1313,797,84,60,1,-1,-1,-1
2266,77,1313,797,84,60,1,-1,-1,-1
2267,77,1313,797,84,60,1,-1,-1,-1
2268,77,1313,797,84,60,1,-1,-1,-1
2269,77,1313,797,84,60,1,-1,-1,-1
2270,77,1313,796,84,61,1,-1,-1,-1
2271,77,1313,796,84,61,1,-1,-1,-1
2272,77,1313,796,84,61,1,-1,-1,-1
2273,77,1313,796,84,61,1,-1,-1,-1
2274,77,1313,796,84,61,1,-1,-1,-1
2275,77,1313,796,84,61,1,-1,-1,-1
2276,77,1313,796,84,61,1,-1,-1,-1
2277,77,1313,796,84,61,1,-1,-1,-1
2278,77,1313,796,84,61,1,-1,-1,-1
2279,77,1313,796,84,61,1,-1,-1,-1
39,78,1821,1000,53,46,1,-1,-1,-1
40,78,1821,1000,53,46,1,-1,-1,-1
41,78,1821,1000,53,46,1,-1,-1,-1
42,78,1821,1000,53,46,1,-1,-1,-1
43,78,1821,1000,53,46,1,-1,-1,-1
44,78,1821,1000,53,46,1,-1,-1,-1
45,78,1821,1000,53,46,1,-1,-1,-1
46,78,1821,1001,53,45,1,-1,-1,-1
47,78,1821,1000,53,45,1,-1,-1,-1
48,78,1821,1001,53,45,1,-1,-1,-1
49,78,1821,1000,53,46,1,-1,-1,-1
50,78,1821,1000,53,46,1,-1,-1,-1
51,78,1821,1000,53,46,1,-1,-1,-1
52,78,1821,1000,53,46,1,-1,-1,-1
53,78,1821,1000,53,46,1,-1,-1,-1
54,78,1821,1000,53,46,1,-1,-1,-1
55,78,1821,1000,53,46,1,-1,-1,-1
56,78,1821,1000,53,46,1,-1,-1,-1
57,78,1821,1000,53,46,1,-1,-1,-1
58,78,1821,1000,53,46,1,-1,-1,-1
59,78,1821,1000,53,46,1,-1,-1,-1
60,78,1821,1000,53,46,1,-1,-1,-1
61,78,1821,1000,53,46,1,-1,-1,-1
62,78,1821,1000,53,46,1,-1,-1,-1
63,78,1822,1000,53,46,1,-1,-1,-1
64,78,1822,1000,53,46,1,-1,-1,-1
65,78,1822,1000,53,46,1,-1,-1,-1
66,78,1822,1000,53,46,1,-1,-1,-1
67,78,1822,1000,53,46,1,-1,-1,-1
68,78,1822,1001,53,46,1,-1,-1,-1
69,78,1822,1000,53,46,1,-1,-1,-1
70,78,1822,1000,53,46,1,-1,-1,-1
71,78,1822,1000,53,46,1,-1,-1,-1
72,78,1822,1000,53,46,1,-1,-1,-1
73,78,1822,1001,53,45,1,-1,-1,-1
74,78,1822,1001,53,46,1,-1,-1,-1
75,78,1822,1000,53,46,1,-1,-1,-1
76,78,1822,1000,53,46,1,-1,-1,-1
77,78,1822,1000,53,46,1,-1,-1,-1
78,78,1822,1000,53,46,1,-1,-1,-1
79,78,1822,1000,53,46,1,-1,-1,-1
80,78,1822,1000,53,46,1,-1,-1,-1
81,78,1822,1000,53,46,1,-1,-1,-1
82,78,1822,1000,53,47,1,-1,-1,-1
83,78,1822,1000,53,47,1,-1,-1,-1
84,78,1822,1000,53,47,1,-1,-1,-1
85,78,1822,1000,53,46,1,-1,-1,-1
86,78,1822,1000,53,46,1,-1,-1,-1
87,78,1822,1000,53,46,1,-1,-1,-1
88,78,1822,1000,53,46,1,-1,-1,-1
89,78,1822,1000,53,46,1,-1,-1,-1
90,78,1822,1000,53,46,1,-1,-1,-1
91,78,1822,1000,53,46,1,-1,-1,-1
92,78,1822,1000,53,46,1,-1,-1,-1
93,78,1822,1000,53,46,1,-1,-1,-1
94,78,1822,1000,53,46,1,-1,-1,-1
95,78,1822,1000,53,46,1,-1,-1,-1
96,78,1822,1000,52,46,1,-1,-1,-1
97,78,1822,1001,52,45,1,-1,-1,-1
98,78,1822,1001,52,45,1,-1,-1,-1
99,78,1822,1001,52,45,1,-1,-1,-1
100,78,1822,1001,52,46,1,-1,-1,-1
101,78,1822,1001,52,46,1,-1,-1,-1
102,78,1822,1001,52,46,1,-1,-1,-1
103,78,1822,1000,52,46,1,-1,-1,-1
104,78,1822,1000,52,46,1,-1,-1,-1
105,78,1822,1000,52,46,1,-1,-1,-1
106,78,1822,1000,52,46,1,-1,-1,-1
107,78,1822,1000,52,46,1,-1,-1,-1
108,78,1822,1001,52,45,1,-1,-1,-1
109,78,1822,1000,52,46,1,-1,-1,-1
110,78,1822,1000,52,46,1,-1,-1,-1
111,78,1822,1001,52,46,1,-1,-1,-1
112,78,1822,1001,52,46,1,-1,-1,-1
113,78,1822,1001,52,46,1,-1,-1,-1
114,78,1822,1001,52,46,1,-1,-1,-1
115,78,1822,1001,52,46,1,-1,-1,-1
116,78,1822,1001,52,46,1,-1,-1,-1
117,78,1822,1001,52,46,1,-1,-1,-1
118,78,1822,1001,52,46,1,-1,-1,-1
119,78,1822,1001,52,46,1,-1,-1,-1
120,78,1822,1001,52,46,1,-1,-1,-1
121,78,1822,1000,52,46,1,-1,-1,-1
122,78,1822,1000,52,46,1,-1,-1,-1
123,78,1822,999,52,47,1,-1,-1,-1
124,78,1822,999,52,47,1,-1,-1,-1
125,78,1822,999,52,47,1,-1,-1,-1
126,78,1822,999,52,47,1,-1,-1,-1
127,78,1822,999,52,47,1,-1,-1,-1
128,78,1822,999,52,47,1,-1,-1,-1
129,78,1822,999,52,47,1,-1,-1,-1
130,78,1822,999,52,47,1,-1,-1,-1
131,78,1822,999,52,47,1,-1,-1,-1
132,78,1822,999,52,47,1,-1,-1,-1
133,78,1822,999,52,47,1,-1,-1,-1
134,78,1822,999,52,47,1,-1,-1,-1
135,78,1822,999,52,47,1,-1,-1,-1
136,78,1822,999,52,47,1,-1,-1,-1
137,78,1822,999,52,47,1,-1,-1,-1
138,78,1822,999,52,47,1,-1,-1,-1
139,78,1822,999,52,47,1,-1,-1,-1
140,78,1822,999,52,47,1,-1,-1,-1
141,78,1822,999,52,47,1,-1,-1,-1
142,78,1822,999,52,47,1,-1,-1,-1
143,78,1822,999,52,47,1,-1,-1,-1
144,78,1822,999,52,47,1,-1,-1,-1
145,78,1822,999,52,47,1,-1,-1,-1
146,78,1822,999,52,47,1,-1,-1,-1
147,78,1822,999,52,47,1,-1,-1,-1
148,78,1822,999,52,47,1,-1,-1,-1
149,78,1822,999,52,47,1,-1,-1,-1
150,78,1822,999,53,47,1,-1,-1,-1
151,78,1822,999,53,47,1,-1,-1,-1
152,78,1822,999,53,47,1,-1,-1,-1
153,78,1822,999,53,47,1,-1,-1,-1
154,78,1822,999,53,47,1,-1,-1,-1
155,78,1822,999,52,47,1,-1,-1,-1
156,78,1822,999,52,47,1,-1,-1,-1
157,78,1822,999,53,47,1,-1,-1,-1
158,78,1822,999,53,47,1,-1,-1,-1
159,78,1822,999,52,47,1,-1,-1,-1
160,78,1822,999,52,47,1,-1,-1,-1
161,78,1822,999,52,47,1,-1,-1,-1
162,78,1822,999,52,47,1,-1,-1,-1
163,78,1822,999,52,47,1,-1,-1,-1
164,78,1822,999,52,47,1,-1,-1,-1
165,78,1822,999,52,47,1,-1,-1,-1
166,78,1822,999,52,47,1,-1,-1,-1
167,78,1822,999,52,47,1,-1,-1,-1
168,78,1822,999,52,47,1,-1,-1,-1
169,78,1822,999,52,47,1,-1,-1,-1
170,78,1822,999,52,47,1,-1,-1,-1
171,78,1822,999,52,47,1,-1,-1,-1
172,78,1822,999,52,47,1,-1,-1,-1
173,78,1822,999,52,47,1,-1,-1,-1
174,78,1822,999,52,47,1,-1,-1,-1
175,78,1822,999,52,47,1,-1,-1,-1
176,78,1822,999,52,47,1,-1,-1,-1
177,78,1822,999,52,47,1,-1,-1,-1
178,78,1822,999,52,47,1,-1,-1,-1
179,78,1822,999,52,47,1,-1,-1,-1
180,78,1822,999,52,47,1,-1,-1,-1
181,78,1822,999,52,47,1,-1,-1,-1
182,78,1822,999,52,47,1,-1,-1,-1
183,78,1822,999,52,47,1,-1,-1,-1
184,78,1822,999,52,47,1,-1,-1,-1
185,78,1822,999,52,47,1,-1,-1,-1
186,78,1822,999,52,47,1,-1,-1,-1
187,78,1822,999,52,47,1,-1,-1,-1
188,78,1822,999,52,47,1,-1,-1,-1
189,78,1822,999,52,47,1,-1,-1,-1
190,78,1822,1000,54,46,1,-1,-1,-1
191,78,1822,999,53,46,1,-1,-1,-1
192,78,1822,999,53,46,1,-1,-1,-1
193,78,1822,999,53,46,1,-1,-1,-1
194,78,1822,999,53,46,1,-1,-1,-1
195,78,1822,1000,53,46,1,-1,-1,-1
196,78,1822,1000,53,46,1,-1,-1,-1
197,78,1822,1000,53,45,1,-1,-1,-1
198,78,1822,1000,53,46,1,-1,-1,-1
199,78,1822,1000,53,46,1,-1,-1,-1
200,78,1822,999,53,47,1,-1,-1,-1
201,78,1822,999,53,47,1,-1,-1,-1
202,78,1822,999,53,47,1,-1,-1,-1
203,78,1822,999,53,47,1,-1,-1,-1
204,78,1822,999,53,47,1,-1,-1,-1
205,78,1822,999,53,47,1,-1,-1,-1
206,78,1822,998,53,47,1,-1,-1,-1
207,78,1822,999,53,47,1,-1,-1,-1
208,78,1822,999,53,47,1,-1,-1,-1
209,78,1822,999,53,47,1,-1,-1,-1
210,78,1822,998,53,47,1,-1,-1,-1
211,78,1822,999,53,47,1,-1,-1,-1
212,78,1822,999,53,47,1,-1,-1,-1
213,78,1822,999,53,47,1,-1,-1,-1
214,78,1822,998,53,47,1,-1,-1,-1
215,78,1822,998,53,47,1,-1,-1,-1
216,78,1822,998,53,47,1,-1,-1,-1
217,78,1822,998,53,47,1,-1,-1,-1
218,78,1822,998,53,47,1,-1,-1,-1
219,78,1822,998,53,47,1,-1,-1,-1
220,78,1822,998,53,47,1,-1,-1,-1
221,78,1822,999,53,47,1,-1,-1,-1
222,78,1822,999,53,47,1,-1,-1,-1
223,78,1822,999,53,47,1,-1,-1,-1
224,78,1821,999,53,48,1,-1,-1,-1
225,78,1822,999,53,47,1,-1,-1,-1
226,78,1822,999,52,46,1,-1,-1,-1
227,78,1824,999,50,46,1,-1,-1,-1
228,78,1830,999,45,46,1,-1,-1,-1
229,78,1830,999,44,46,1,-1,-1,-1
230,78,1833,999,41,46,1,-1,-1,-1
231,78,1833,999,41,46,1,-1,-1,-1
232,78,1831,999,43,46,1,-1,-1,-1
233,78,1830,999,44,46,1,-1,-1,-1
234,78,1827,999,46,47,1,-1,-1,-1
235,78,1826,999,48,46,1,-1,-1,-1
236,78,1824,999,50,47,1,-1,-1,-1
237,78,1824,999,50,46,1,-1,-1,-1
238,78,1824,999,50,46,1,-1,-1,-1
239,78,1824,999,50,47,1,-1,-1,-1
240,78,1825,999,49,47,1,-1,-1,-1
241,78,1823,999,51,47,1,-1,-1,-1
242,78,1824,999,51,46,1,-1,-1,-1
243,78,1822,999,52,47,1,-1,-1,-1
244,78,1822,999,52,47,1,-1,-1,-1
245,78,1822,999,52,47,1,-1,-1,-1
246,78,1822,999,52,47,1,-1,-1,-1
247,78,1822,999,52,47,1,-1,-1,-1
248,78,1822,998,52,47,1,-1,-1,-1
249,78,1822,998,52,47,1,-1,-1,-1
250,78,1822,998,53,47,1,-1,-1,-1
251,78,1823,999,52,47,1,-1,-1,-1
252,78,1823,998,52,47,1,-1,-1,-1
253,78,1822,999,52,47,1,-1,-1,-1
254,78,1822,999,52,47,1,-1,-1,-1
255,78,1822,999,52,47,1,-1,-1,-1
256,78,1822,999,52,47,1,-1,-1,-1
257,78,1822,999,52,47,1,-1,-1,-1
258,78,1822,999,52,47,1,-1,-1,-1
259,78,1822,999,52,47,1,-1,-1,-1
260,78,1822,999,52,47,1,-1,-1,-1
261,78,1822,999,52,47,1,-1,-1,-1
262,78,1822,999,52,47,1,-1,-1,-1
263,78,1822,999,52,47,1,-1,-1,-1
264,78,1822,999,52,47,1,-1,-1,-1
265,78,1822,999,52,47,1,-1,-1,-1
266,78,1822,999,52,47,1,-1,-1,-1
267,78,1822,999,52,47,1,-1,-1,-1
268,78,1822,999,52,47,1,-1,-1,-1
269,78,1822,999,52,47,1,-1,-1,-1
270,78,1822,999,52,47,1,-1,-1,-1
271,78,1822,999,52,47,1,-1,-1,-1
272,78,1822,999,52,47,1,-1,-1,-1
273,78,1822,999,52,47,1,-1,-1,-1
274,78,1822,999,52,47,1,-1,-1,-1
275,78,1822,999,52,47,1,-1,-1,-1
276,78,1822,999,52,47,1,-1,-1,-1
277,78,1822,999,52,47,1,-1,-1,-1
278,78,1822,999,52,47,1,-1,-1,-1
279,78,1822,999,52,47,1,-1,-1,-1
280,78,1822,999,52,47,1,-1,-1,-1
281,78,1822,999,52,47,1,-1,-1,-1
282,78,1822,999,52,47,1,-1,-1,-1
283,78,1822,999,52,47,1,-1,-1,-1
284,78,1822,999,52,47,1,-1,-1,-1
285,78,1822,999,52,47,1,-1,-1,-1
286,78,1822,999,52,47,1,-1,-1,-1
287,78,1822,999,52,47,1,-1,-1,-1
288,78,1822,999,52,47,1,-1,-1,-1
289,78,1822,999,52,47,1,-1,-1,-1
290,78,1822,999,52,47,1,-1,-1,-1
291,78,1822,999,52,47,1,-1,-1,-1
292,78,1822,999,52,47,1,-1,-1,-1
293,78,1822,999,52,47,1,-1,-1,-1
294,78,1822,999,52,47,1,-1,-1,-1
295,78,1822,999,52,47,1,-1,-1,-1
296,78,1822,999,52,47,1,-1,-1,-1
297,78,1822,999,52,47,1,-1,-1,-1
298,78,1822,999,52,47,1,-1,-1,-1
299,78,1822,999,52,47,1,-1,-1,-1
300,78,1822,999,52,47,1,-1,-1,-1
301,78,1822,999,52,47,1,-1,-1,-1
302,78,1822,999,52,47,1,-1,-1,-1
303,78,1822,999,52,46,1,-1,-1,-1
304,78,1822,999,52,46,1,-1,-1,-1
305,78,1822,999,52,46,1,-1,-1,-1
306,78,1822,999,53,46,1,-1,-1,-1
307,78,1822,999,53,46,1,-1,-1,-1
308,78,1822,999,53,46,1,-1,-1,-1
309,78,1822,999,53,46,1,-1,-1,-1
310,78,1822,999,53,46,1,-1,-1,-1
311,78,1822,999,53,46,1,-1,-1,-1
312,78,1822,999,53,46,1,-1,-1,-1
313,78,1822,999,52,47,1,-1,-1,-1
314,78,1822,999,52,47,1,-1,-1,-1
315,78,1822,999,52,47,1,-1,-1,-1
316,78,1822,999,52,47,1,-1,-1,-1
317,78,1822,999,52,47,1,-1,-1,-1
318,78,1822,999,52,47,1,-1,-1,-1
319,78,1822,999,52,47,1,-1,-1,-1
320,78,1822,999,52,47,1,-1,-1,-1
321,78,1822,999,52,47,1,-1,-1,-1
322,78,1822,999,52,47,1,-1,-1,-1
323,78,1822,999,52,47,1,-1,-1,-1
324,78,1822,999,52,47,1,-1,-1,-1
325,78,1822,999,52,47,1,-1,-1,-1
326,78,1822,999,52,47,1,-1,-1,-1
327,78,1822,999,52,47,1,-1,-1,-1
328,78,1822,999,52,47,1,-1,-1,-1
329,78,1822,999,52,47,1,-1,-1,-1
330,78,1822,999,52,47,1,-1,-1,-1
331,78,1822,999,52,47,1,-1,-1,-1
332,78,1822,999,52,47,1,-1,-1,-1
333,78,1822,999,52,47,1,-1,-1,-1
334,78,1822,999,52,47,1,-1,-1,-1
335,78,1822,999,52,47,1,-1,-1,-1
336,78,1822,999,52,47,1,-1,-1,-1
337,78,1822,999,52,47,1,-1,-1,-1
338,78,1822,999,53,47,1,-1,-1,-1
339,78,1822,999,52,47,1,-1,-1,-1
340,78,1822,999,52,47,1,-1,-1,-1
341,78,1822,999,52,47,1,-1,-1,-1
342,78,1822,999,52,47,1,-1,-1,-1
343,78,1822,999,51,47,1,-1,-1,-1
344,78,1822,999,52,47,1,-1,-1,-1
345,78,1822,999,52,47,1,-1,-1,-1
346,78,1822,999,52,47,1,-1,-1,-1
347,78,1822,999,52,47,1,-1,-1,-1
348,78,1822,999,52,47,1,-1,-1,-1
349,78,1822,1000,52,46,1,-1,-1,-1
350,78,1822,1000,52,46,1,-1,-1,-1
351,78,1822,1000,52,46,1,-1,-1,-1
352,78,1822,1000,52,46,1,-1,-1,-1
353,78,1822,1000,52,46,1,-1,-1,-1
354,78,1822,1000,52,46,1,-1,-1,-1
355,78,1822,1000,52,46,1,-1,-1,-1
356,78,1822,1000,52,46,1,-1,-1,-1
357,78,1822,1000,52,46,1,-1,-1,-1
358,78,1822,1000,52,46,1,-1,-1,-1
359,78,1822,1000,52,46,1,-1,-1,-1
360,78,1822,1000,52,46,1,-1,-1,-1
361,78,1822,999,52,46,1,-1,-1,-1
362,78,1822,999,52,46,1,-1,-1,-1
363,78,1822,1000,53,47,1,-1,-1,-1
364,78,1822,999,53,47,1,-1,-1,-1
365,78,1822,1000,53,47,1,-1,-1,-1
366,78,1822,1000,53,47,1,-1,-1,-1
367,78,1821,1000,53,47,1,-1,-1,-1
368,78,1821,1000,53,47,1,-1,-1,-1
369,78,1821,1000,53,47,1,-1,-1,-1
370,78,1821,1000,53,47,1,-1,-1,-1
371,78,1822,1000,53,47,1,-1,-1,-1
372,78,1822,999,53,47,1,-1,-1,-1
373,78,1822,999,53,47,1,-1,-1,-1
374,78,1822,999,53,47,1,-1,-1,-1
375,78,1822,999,53,47,1,-1,-1,-1
376,78,1822,999,53,47,1,-1,-1,-1
377,78,1822,999,53,47,1,-1,-1,-1
378,78,1822,999,53,47,1,-1,-1,-1
379,78,1822,999,53,47,1,-1,-1,-1
380,78,1822,999,53,47,1,-1,-1,-1
381,78,1822,999,53,47,1,-1,-1,-1
382,78,1822,999,53,47,1,-1,-1,-1
383,78,1822,999,53,47,1,-1,-1,-1
384,78,1822,999,53,47,1,-1,-1,-1
385,78,1822,999,53,47,1,-1,-1,-1
386,78,1822,999,53,47,1,-1,-1,-1
387,78,1822,999,53,47,1,-1,-1,-1
388,78,1822,999,53,47,1,-1,-1,-1
389,78,1822,999,53,47,1,-1,-1,-1
390,78,1822,999,53,47,1,-1,-1,-1
391,78,1822,999,53,47,1,-1,-1,-1
392,78,1822,999,53,47,1,-1,-1,-1
393,78,1822,999,53,47,1,-1,-1,-1
394,78,1822,999,53,47,1,-1,-1,-1
395,78,1822,999,53,47,1,-1,-1,-1
396,78,1822,999,53,47,1,-1,-1,-1
397,78,1822,999,53,47,1,-1,-1,-1
398,78,1822,999,53,47,1,-1,-1,-1
399,78,1822,999,53,47,1,-1,-1,-1
400,78,1822,999,53,47,1,-1,-1,-1
401,78,1822,999,53,47,1,-1,-1,-1
402,78,1822,999,53,47,1,-1,-1,-1
403,78,1822,999,53,47,1,-1,-1,-1
404,78,1822,999,53,47,1,-1,-1,-1
405,78,1822,999,53,47,1,-1,-1,-1
406,78,1822,999,53,47,1,-1,-1,-1
407,78,1822,999,53,47,1,-1,-1,-1
408,78,1822,999,53,47,1,-1,-1,-1
409,78,1822,999,53,47,1,-1,-1,-1
410,78,1822,999,53,47,1,-1,-1,-1
411,78,1822,999,53,47,1,-1,-1,-1
412,78,1822,999,53,47,1,-1,-1,-1
413,78,1822,999,53,47,1,-1,-1,-1
414,78,1822,999,53,47,1,-1,-1,-1
415,78,1822,1000,53,46,1,-1,-1,-1
416,78,1822,1000,53,46,1,-1,-1,-1
417,78,1822,1000,53,46,1,-1,-1,-1
418,78,1822,1000,53,46,1,-1,-1,-1
419,78,1822,1000,53,46,1,-1,-1,-1
420,78,1822,1000,53,46,1,-1,-1,-1
421,78,1822,999,53,47,1,-1,-1,-1
422,78,1822,999,53,47,1,-1,-1,-1
423,78,1822,1000,53,46,1,-1,-1,-1
424,78,1822,1000,53,46,1,-1,-1,-1
425,78,1822,999,53,46,1,-1,-1,-1
426,78,1822,999,53,46,1,-1,-1,-1
427,78,1822,1000,53,46,1,-1,-1,-1
428,78,1822,999,53,46,1,-1,-1,-1
429,78,1822,999,53,46,1,-1,-1,-1
430,78,1822,999,53,46,1,-1,-1,-1
431,78,1822,999,53,46,1,-1,-1,-1
432,78,1822,999,53,46,1,-1,-1,-1
433,78,1822,999,53,46,1,-1,-1,-1
434,78,1822,999,53,47,1,-1,-1,-1
435,78,1822,999,53,47,1,-1,-1,-1
436,78,1822,999,53,47,1,-1,-1,-1
437,78,1822,999,53,47,1,-1,-1,-1
438,78,1822,999,53,47,1,-1,-1,-1
439,78,1822,999,53,47,1,-1,-1,-1
440,78,1822,999,53,46,1,-1,-1,-1
441,78,1822,999,53,46,1,-1,-1,-1
442,78,1822,999,53,47,1,-1,-1,-1
443,78,1822,999,53,46,1,-1,-1,-1
444,78,1822,999,52,46,1,-1,-1,-1
445,78,1822,1000,52,45,1,-1,-1,-1
446,78,1822,999,52,46,1,-1,-1,-1
447,78,1822,999,51,46,1,-1,-1,-1
448,78,1822,999,51,47,1,-1,-1,-1
449,78,1822,999,51,47,1,-1,-1,-1
450,78,1822,999,51,47,1,-1,-1,-1
451,78,1822,999,52,46,1,-1,-1,-1
452,78,1822,999,52,46,1,-1,-1,-1
453,78,1822,998,52,47,1,-1,-1,-1
454,78,1822,988,81,57,1,-1,-1,-1
455,78,1822,988,81,57,1,-1,-1,-1
456,78,1822,988,81,58,1,-1,-1,-1
457,78,1822,988,79,57,1,-1,-1,-1
458,78,1823,988,79,57,1,-1,-1,-1
459,78,1822,988,80,57,1,-1,-1,-1
460,78,1823,989,80,56,1,-1,-1,-1
461,78,1823,989,78,56,1,-1,-1,-1
462,78,1824,989,78,55,1,-1,-1,-1
463,78,1823,988,79,56,1,-1,-1,-1
469,78,1822,997,51,49,1,-1,-1,-1
470,78,1822,997,51,49,1,-1,-1,-1
471,78,1822,996,51,50,1,-1,-1,-1
472,78,1822,996,51,49,1,-1,-1,-1
473,78,1822,997,51,49,1,-1,-1,-1
474,78,1822,997,51,49,1,-1,-1,-1
475,78,1822,997,51,48,1,-1,-1,-1
476,78,1822,997,51,48,1,-1,-1,-1
477,78,1822,997,51,48,1,-1,-1,-1
478,78,1822,997,51,49,1,-1,-1,-1
479,78,1822,997,51,49,1,-1,-1,-1
480,78,1822,997,51,48,1,-1,-1,-1
481,78,1822,998,51,47,1,-1,-1,-1
482,78,1822,998,51,47,1,-1,-1,-1
483,78,1822,989,64,56,1,-1,-1,-1
484,78,1822,989,64,56,1,-1,-1,-1
485,78,1822,989,64,56,1,-1,-1,-1
486,78,1822,989,65,56,1,-1,-1,-1
487,78,1822,989,65,56,1,-1,-1,-1
488,78,1822,989,65,56,1,-1,-1,-1
489,78,1822,989,66,56,1,-1,-1,-1
490,78,1822,989,67,56,1,-1,-1,-1
491,78,1822,989,67,56,1,-1,-1,-1
492,78,1821,989,67,56,1,-1,-1,-1
493,78,1822,989,64,57,1,-1,-1,-1
494,78,1822,989,65,56,1,-1,-1,-1
495,78,1822,989,64,57,1,-1,-1,-1
496,78,1822,989,65,57,1,-1,-1,-1
497,78,1822,989,65,57,1,-1,-1,-1
498,78,1822,989,65,57,1,-1,-1,-1
499,78,1822,989,65,57,1,-1,-1,-1
500,78,1822,989,65,57,1,-1,-1,-1
501,78,1822,990,60,56,1,-1,-1,-1
502,78,1822,990,61,56,1,-1,-1,-1
503,78,1822,990,61,56,1,-1,-1,-1
504,78,1822,990,65,56,1,-1,-1,-1
505,78,1821,990,59,56,1,-1,-1,-1
506,78,1821,990,60,56,1,-1,-1,-1
507,78,1821,990,60,56,1,-1,-1,-1
508,78,1822,990,60,56,1,-1,-1,-1
509,78,1821,990,60,56,1,-1,-1,-1
510,78,1822,990,59,56,1,-1,-1,-1
511,78,1822,991,59,56,1,-1,-1,-1
512,78,1822,990,64,56,1,-1,-1,-1
513,78,1822,990,61,56,1,-1,-1,-1
514,78,1822,990,61,56,1,-1,-1,-1
515,78,1822,990,62,56,1,-1,-1,-1
516,78,1822,990,65,56,1,-1,-1,-1
517,78,1822,990,65,57,1,-1,-1,-1
518,78,1822,990,65,57,1,-1,-1,-1
519,78,1822,990,62,57,1,-1,-1,-1
520,78,1822,989,65,57,1,-1,-1,-1
521,78,1822,990,61,56,1,-1,-1,-1
522,78,1822,990,61,57,1,-1,-1,-1
523,78,1822,990,62,57,1,-1,-1,-1
524,78,1822,990,62,57,1,-1,-1,-1
525,78,1822,990,63,57,1,-1,-1,-1
526,78,1822,990,62,57,1,-1,-1,-1
527,78,1822,990,62,57,1,-1,-1,-1
528,78,1822,990,62,57,1,-1,-1,-1
529,78,1822,990,61,56,1,-1,-1,-1
530,78,1822,989,65,57,1,-1,-1,-1
531,78,1822,989,65,57,1,-1,-1,-1
532,78,1822,989,64,57,1,-1,-1,-1
533,78,1822,989,65,57,1,-1,-1,-1
534,78,1822,989,65,57,1,-1,-1,-1
535,78,1822,1003,51,42,1,-1,-1,-1
536,78,1822,1003,51,42,1,-1,-1,-1
537,78,1822,1004,51,42,1,-1,-1,-1
538,78,1822,1003,51,42,1,-1,-1,-1
539,78,1822,1002,51,43,1,-1,-1,-1
540,78,1822,989,66,57,1,-1,-1,-1
541,78,1822,990,65,56,1,-1,-1,-1
542,78,1822,990,65,56,1,-1,-1,-1
543,78,1822,990,65,56,1,-1,-1,-1
544,78,1822,990,65,56,1,-1,-1,-1
545,78,1822,990,65,56,1,-1,-1,-1
546,78,1822,989,65,56,1,-1,-1,-1
547,78,1822,989,65,55,1,-1,-1,-1
548,78,1822,990,65,55,1,-1,-1,-1
549,78,1822,990,65,55,1,-1,-1,-1
550,78,1822,990,65,56,1,-1,-1,-1
551,78,1822,990,65,55,1,-1,-1,-1
552,78,1822,990,65,55,1,-1,-1,-1
553,78,1822,990,58,55,1,-1,-1,-1
554,78,1821,990,59,55,1,-1,-1,-1
555,78,1821,990,59,55,1,-1,-1,-1
556,78,1822,1000,51,45,1,-1,-1,-1
557,78,1822,1001,52,45,1,-1,-1,-1
558,78,1822,1001,52,44,1,-1,-1,-1
559,78,1822,1001,52,44,1,-1,-1,-1
560,78,1822,1002,51,43,1,-1,-1,-1
561,78,1822,1001,51,44,1,-1,-1,-1
562,78,1822,1002,52,44,1,-1,-1,-1
563,78,1822,1001,51,44,1,-1,-1,-1
564,78,1822,1001,51,44,1,-1,-1,-1
565,78,1822,1001,51,45,1,-1,-1,-1
566,78,1822,1000,51,45,1,-1,-1,-1
567,78,1822,1001,51,44,1,-1,-1,-1
568,78,1822,1001,51,44,1,-1,-1,-1
569,78,1822,1002,51,44,1,-1,-1,-1
570,78,1822,999,52,46,1,-1,-1,-1
571,78,1822,1001,51,44,1,-1,-1,-1
572,78,1822,989,65,56,1,-1,-1,-1
573,78,1821,990,60,56,1,-1,-1,-1
574,78,1822,989,59,56,1,-1,-1,-1
575,78,1822,988,58,56,1,-1,-1,-1
576,78,1822,988,57,56,1,-1,-1,-1
577,78,1822,988,56,57,1,-1,-1,-1
578,78,1821,987,55,58,1,-1,-1,-1
579,78,1821,986,55,57,1,-1,-1,-1
580,78,1821,985,54,58,1,-1,-1,-1
581,78,1821,985,53,59,1,-1,-1,-1
582,78,1822,986,52,59,1,-1,-1,-1
583,78,1822,992,51,53,1,-1,-1,-1
584,78,1822,994,50,51,1,-1,-1,-1
585,78,1822,995,51,51,1,-1,-1,-1
586,78,1822,996,51,50,1,-1,-1,-1
587,78,1822,995,51,51,1,-1,-1,-1
588,78,1822,998,51,48,1,-1,-1,-1
589,78,1822,998,51,48,1,-1,-1,-1
590,78,1822,999,52,47,1,-1,-1,-1
591,78,1822,998,51,48,1,-1,-1,-1
592,78,1822,999,52,48,1,-1,-1,-1
593,78,1822,999,52,48,1,-1,-1,-1
594,78,1822,998,52,48,1,-1,-1,-1
595,78,1822,998,52,48,1,-1,-1,-1
596,78,1822,998,52,47,1,-1,-1,-1
597,78,1822,999,52,46,1,-1,-1,-1
598,78,1822,999,52,47,1,-1,-1,-1
599,78,1822,999,52,47,1,-1,-1,-1
600,78,1822,999,52,47,1,-1,-1,-1
601,78,1822,999,52,47,1,-1,-1,-1
602,78,1822,999,52,47,1,-1,-1,-1
603,78,1822,999,52,47,1,-1,-1,-1
604,78,1822,999,52,47,1,-1,-1,-1
605,78,1822,999,52,47,1,-1,-1,-1
606,78,1822,999,52,47,1,-1,-1,-1
607,78,1822,999,52,47,1,-1,-1,-1
608,78,1822,998,52,47,1,-1,-1,-1
609,78,1822,999,52,47,1,-1,-1,-1
610,78,1822,999,52,47,1,-1,-1,-1
611,78,1822,999,52,47,1,-1,-1,-1
612,78,1822,999,52,47,1,-1,-1,-1
613,78,1822,999,53,47,1,-1,-1,-1
614,78,1822,999,53,47,1,-1,-1,-1
615,78,1822,999,53,47,1,-1,-1,-1
616,78,1822,999,53,47,1,-1,-1,-1
617,78,1822,999,53,47,1,-1,-1,-1
618,78,1822,999,53,47,1,-1,-1,-1
619,78,1822,999,52,47,1,-1,-1,-1
620,78,1822,999,52,47,1,-1,-1,-1
621,78,1822,999,52,47,1,-1,-1,-1
622,78,1822,999,52,47,1,-1,-1,-1
623,78,1822,999,52,47,1,-1,-1,-1
624,78,1822,999,52,47,1,-1,-1,-1
625,78,1822,999,53,46,1,-1,-1,-1
626,78,1822,999,53,46,1,-1,-1,-1
627,78,1822,999,53,46,1,-1,-1,-1
628,78,1822,999,53,46,1,-1,-1,-1
629,78,1822,999,53,46,1,-1,-1,-1
630,78,1822,999,53,46,1,-1,-1,-1
631,78,1822,999,53,46,1,-1,-1,-1
632,78,1822,999,53,46,1,-1,-1,-1
633,78,1822,999,53,46,1,-1,-1,-1
634,78,1822,999,53,46,1,-1,-1,-1
635,78,1821,999,53,47,1,-1,-1,-1
636,78,1821,999,53,47,1,-1,-1,-1
637,78,1822,999,52,46,1,-1,-1,-1
638,78,1822,999,52,46,1,-1,-1,-1
639,78,1822,999,53,46,1,-1,-1,-1
640,78,1821,999,53,46,1,-1,-1,-1
641,78,1821,999,53,46,1,-1,-1,-1
642,78,1821,999,53,46,1,-1,-1,-1
643,78,1821,999,53,46,1,-1,-1,-1
644,78,1821,999,53,46,1,-1,-1,-1
645,78,1821,999,53,47,1,-1,-1,-1
646,78,1821,999,53,47,1,-1,-1,-1
647,78,1821,999,53,47,1,-1,-1,-1
648,78,1821,999,52,47,1,-1,-1,-1
649,78,1821,999,52,47,1,-1,-1,-1
650,78,1821,999,52,47,1,-1,-1,-1
651,78,1821,999,52,47,1,-1,-1,-1
652,78,1821,999,52,47,1,-1,-1,-1
653,78,1821,999,52,47,1,-1,-1,-1
654,78,1821,999,52,47,1,-1,-1,-1
655,78,1822,998,53,47,1,-1,-1,-1
656,78,1822,998,52,47,1,-1,-1,-1
657,78,1822,998,52,47,1,-1,-1,-1
658,78,1822,998,52,47,1,-1,-1,-1
659,78,1822,998,52,47,1,-1,-1,-1
660,78,1822,998,52,47,1,-1,-1,-1
661,78,1822,998,53,47,1,-1,-1,-1
662,78,1822,998,53,47,1,-1,-1,-1
663,78,1822,998,52,47,1,-1,-1,-1
664,78,1822,998,53,47,1,-1,-1,-1
665,78,1822,999,53,47,1,-1,-1,-1
666,78,1822,999,53,47,1,-1,-1,-1
667,78,1822,999,53,47,1,-1,-1,-1
668,78,1822,999,53,47,1,-1,-1,-1
669,78,1822,999,53,47,1,-1,-1,-1
670,78,1822,999,53,47,1,-1,-1,-1
671,78,1822,999,53,47,1,-1,-1,-1
672,78,1822,999,53,47,1,-1,-1,-1
673,78,1822,999,53,47,1,-1,-1,-1
674,78,1822,999,53,47,1,-1,-1,-1
675,78,1822,999,53,46,1,-1,-1,-1
676,78,1822,999,52,47,1,-1,-1,-1
677,78,1822,999,53,47,1,-1,-1,-1
678,78,1822,999,52,47,1,-1,-1,-1
679,78,1822,999,52,47,1,-1,-1,-1
680,78,1822,999,52,47,1,-1,-1,-1
681,78,1822,999,52,47,1,-1,-1,-1
682,78,1822,999,52,47,1,-1,-1,-1
683,78,1822,999,52,46,1,-1,-1,-1
684,78,1822,999,53,46,1,-1,-1,-1
685,78,1822,999,53,47,1,-1,-1,-1
686,78,1822,999,53,47,1,-1,-1,-1
687,78,1822,999,53,47,1,-1,-1,-1
688,78,1822,999,53,47,1,-1,-1,-1
689,78,1822,999,53,47,1,-1,-1,-1
690,78,1822,999,53,47,1,-1,-1,-1
691,78,1822,999,53,47,1,-1,-1,-1
692,78,1822,999,53,47,1,-1,-1,-1
693,78,1822,999,53,47,1,-1,-1,-1
694,78,1822,999,53,47,1,-1,-1,-1
695,78,1822,999,53,47,1,-1,-1,-1
696,78,1822,999,53,47,1,-1,-1,-1
697,78,1822,999,53,47,1,-1,-1,-1
698,78,1822,999,53,47,1,-1,-1,-1
699,78,1822,999,53,47,1,-1,-1,-1
700,78,1822,999,53,47,1,-1,-1,-1
701,78,1822,999,53,47,1,-1,-1,-1
702,78,1822,999,53,47,1,-1,-1,-1
703,78,1822,999,53,47,1,-1,-1,-1
704,78,1822,999,53,47,1,-1,-1,-1
705,78,1822,998,54,47,1,-1,-1,-1
706,78,1822,998,54,47,1,-1,-1,-1
707,78,1822,998,54,47,1,-1,-1,-1
708,78,1822,998,54,47,1,-1,-1,-1
709,78,1822,999,54,47,1,-1,-1,-1
710,78,1822,999,54,47,1,-1,-1,-1
711,78,1822,999,54,47,1,-1,-1,-1
712,78,1822,999,54,47,1,-1,-1,-1
713,78,1822,999,54,47,1,-1,-1,-1
714,78,1822,999,54,47,1,-1,-1,-1
715,78,1822,999,54,47,1,-1,-1,-1
716,78,1822,999,54,47,1,-1,-1,-1
717,78,1822,999,54,47,1,-1,-1,-1
718,78,1822,999,54,47,1,-1,-1,-1
719,78,1822,999,54,47,1,-1,-1,-1
720,78,1822,999,54,47,1,-1,-1,-1
721,78,1822,999,53,47,1,-1,-1,-1
722,78,1822,999,53,47,1,-1,-1,-1
723,78,1822,999,53,47,1,-1,-1,-1
724,78,1822,999,53,47,1,-1,-1,-1
725,78,1822,999,53,47,1,-1,-1,-1
726,78,1822,999,53,47,1,-1,-1,-1
727,78,1822,999,53,47,1,-1,-1,-1
728,78,1822,999,53,47,1,-1,-1,-1
729,78,1822,999,53,47,1,-1,-1,-1
730,78,1822,999,53,47,1,-1,-1,-1
731,78,1822,999,53,47,1,-1,-1,-1
732,78,1822,999,53,47,1,-1,-1,-1
733,78,1822,998,54,47,1,-1,-1,-1
734,78,1822,998,54,47,1,-1,-1,-1
735,78,1822,998,54,47,1,-1,-1,-1
736,78,1822,999,54,47,1,-1,-1,-1
737,78,1822,998,53,47,1,-1,-1,-1
738,78,1822,999,53,47,1,-1,-1,-1
739,78,1822,999,53,47,1,-1,-1,-1
740,78,1822,999,53,47,1,-1,-1,-1
741,78,1822,998,53,47,1,-1,-1,-1
742,78,1822,998,53,47,1,-1,-1,-1
743,78,1822,998,53,47,1,-1,-1,-1
744,78,1822,998,54,47,1,-1,-1,-1
745,78,1822,998,53,47,1,-1,-1,-1
746,78,1822,998,53,47,1,-1,-1,-1
747,78,1822,998,53,47,1,-1,-1,-1
748,78,1822,999,53,47,1,-1,-1,-1
749,78,1822,999,53,47,1,-1,-1,-1
750,78,1822,999,53,47,1,-1,-1,-1
751,78,1822,999,53,46,1,-1,-1,-1
752,78,1822,999,53,46,1,-1,-1,-1
753,78,1822,999,53,46,1,-1,-1,-1
754,78,1822,999,53,46,1,-1,-1,-1
755,78,1822,999,53,46,1,-1,-1,-1
756,78,1822,999,53,46,1,-1,-1,-1
757,78,1822,1000,53,46,1,-1,-1,-1
758,78,1822,1000,53,46,1,-1,-1,-1
759,78,1822,1000,53,46,1,-1,-1,-1
760,78,1822,1000,53,46,1,-1,-1,-1
761,78,1822,1000,53,46,1,-1,-1,-1
762,78,1822,1000,53,46,1,-1,-1,-1
763,78,1822,999,53,46,1,-1,-1,-1
764,78,1822,999,53,46,1,-1,-1,-1
765,78,1822,999,53,46,1,-1,-1,-1
766,78,1822,999,53,46,1,-1,-1,-1
767,78,1822,999,53,46,1,-1,-1,-1
768,78,1822,999,53,46,1,-1,-1,-1
769,78,1821,999,53,46,1,-1,-1,-1
770,78,1821,999,53,46,1,-1,-1,-1
771,78,1821,999,53,46,1,-1,-1,-1
772,78,1821,999,53,46,1,-1,-1,-1
773,78,1821,999,53,46,1,-1,-1,-1
774,78,1821,999,53,46,1,-1,-1,-1
775,78,1821,999,53,46,1,-1,-1,-1
776,78,1821,999,53,46,1,-1,-1,-1
777,78,1821,999,53,46,1,-1,-1,-1
778,78,1821,999,53,46,1,-1,-1,-1
779,78,1821,999,53,46,1,-1,-1,-1
780,78,1821,999,53,46,1,-1,-1,-1
781,78,1821,999,53,46,1,-1,-1,-1
782,78,1822,999,53,46,1,-1,-1,-1
783,78,1822,999,53,46,1,-1,-1,-1
784,78,1822,999,53,46,1,-1,-1,-1
785,78,1823,999,51,46,1,-1,-1,-1
786,78,1823,999,51,47,1,-1,-1,-1
787,78,1824,999,50,46,1,-1,-1,-1
788,78,1825,999,49,46,1,-1,-1,-1
45,79,0,526,20,51,1,-1,-1,-1
46,79,0,526,20,51,1,-1,-1,-1
47,79,0,526,20,51,1,-1,-1,-1
48,79,0,526,20,51,1,-1,-1,-1
49,79,0,526,20,51,1,-1,-1,-1
50,79,0,526,20,51,1,-1,-1,-1
51,79,0,526,20,51,1,-1,-1,-1
52,79,0,526,20,51,1,-1,-1,-1
53,79,0,526,20,51,1,-1,-1,-1
54,79,0,526,20,51,1,-1,-1,-1
55,79,0,526,20,51,1,-1,-1,-1
56,79,0,526,20,51,1,-1,-1,-1
57,79,0,526,20,51,1,-1,-1,-1
58,79,0,526,20,51,1,-1,-1,-1
59,79,0,526,20,51,1,-1,-1,-1
60,79,0,526,20,51,1,-1,-1,-1
61,79,0,526,20,51,1,-1,-1,-1
62,79,0,526,20,51,1,-1,-1,-1
63,79,0,527,20,58,1,-1,-1,-1
64,79,0,527,20,57,1,-1,-1,-1
65,79,0,526,20,58,1,-1,-1,-1
66,79,0,526,20,60,1,-1,-1,-1
67,79,0,526,20,60,1,-1,-1,-1
68,79,0,526,20,60,1,-1,-1,-1
69,79,0,526,20,60,1,-1,-1,-1
70,79,0,526,20,60,1,-1,-1,-1
71,79,0,526,20,60,1,-1,-1,-1
72,79,0,526,20,60,1,-1,-1,-1
73,79,0,526,20,54,1,-1,-1,-1
74,79,0,526,20,54,1,-1,-1,-1
75,79,0,526,20,54,1,-1,-1,-1
76,79,0,525,20,55,1,-1,-1,-1
77,79,0,525,20,55,1,-1,-1,-1
78,79,0,525,20,55,1,-1,-1,-1
79,79,0,525,20,55,1,-1,-1,-1
80,79,0,525,20,55,1,-1,-1,-1
81,79,0,525,20,55,1,-1,-1,-1
82,79,0,525,20,55,1,-1,-1,-1
83,79,0,525,20,55,1,-1,-1,-1
84,79,0,525,20,55,1,-1,-1,-1
85,79,0,526,20,54,1,-1,-1,-1
86,79,0,526,20,54,1,-1,-1,-1
87,79,0,526,20,54,1,-1,-1,-1
88,79,0,526,20,54,1,-1,-1,-1
89,79,0,526,20,54,1,-1,-1,-1
90,79,0,526,20,54,1,-1,-1,-1
91,79,0,526,20,54,1,-1,-1,-1
92,79,0,526,20,54,1,-1,-1,-1
93,79,0,526,20,54,1,-1,-1,-1
94,79,0,526,20,54,1,-1,-1,-1
95,79,0,526,20,54,1,-1,-1,-1
96,79,0,526,20,54,1,-1,-1,-1
97,79,0,526,20,54,1,-1,-1,-1
98,79,0,526,20,54,1,-1,-1,-1
99,79,0,526,20,54,1,-1,-1,-1
100,79,0,526,20,54,1,-1,-1,-1
101,79,0,526,20,54,1,-1,-1,-1
102,79,0,526,20,54,1,-1,-1,-1
103,79,0,526,20,54,1,-1,-1,-1
104,79,0,526,20,54,1,-1,-1,-1
105,79,0,526,20,54,1,-1,-1,-1
106,79,0,526,20,54,1,-1,-1,-1
107,79,0,526,20,55,1,-1,-1,-1
108,79,0,526,20,55,1,-1,-1,-1
109,79,0,526,20,54,1,-1,-1,-1
110,79,0,526,20,54,1,-1,-1,-1
111,79,0,526,20,54,1,-1,-1,-1
112,79,0,526,20,54,1,-1,-1,-1
113,79,0,526,20,54,1,-1,-1,-1
114,79,0,526,20,54,1,-1,-1,-1
115,79,0,526,20,54,1,-1,-1,-1
116,79,0,526,20,54,1,-1,-1,-1
117,79,0,526,20,54,1,-1,-1,-1
118,79,0,526,20,54,1,-1,-1,-1
119,79,0,526,20,54,1,-1,-1,-1
120,79,0,526,20,54,1,-1,-1,-1
121,79,0,526,20,54,1,-1,-1,-1
122,79,0,526,20,54,1,-1,-1,-1
123,79,0,526,20,53,1,-1,-1,-1
124,79,0,526,20,53,1,-1,-1,-1
125,79,0,526,20,53,1,-1,-1,-1
126,79,0,526,20,53,1,-1,-1,-1
127,79,0,526,20,52,1,-1,-1,-1
128,79,0,526,20,52,1,-1,-1,-1
129,79,0,526,20,52,1,-1,-1,-1
130,79,0,526,20,52,1,-1,-1,-1
131,79,0,526,20,52,1,-1,-1,-1
132,79,0,526,20,52,1,-1,-1,-1
133,79,0,526,20,50,1,-1,-1,-1
134,79,0,526,20,50,1,-1,-1,-1
135,79,0,526,20,50,1,-1,-1,-1
136,79,0,526,20,50,1,-1,-1,-1
137,79,0,526,20,50,1,-1,-1,-1
138,79,0,526,20,50,1,-1,-1,-1
139,79,0,526,20,50,1,-1,-1,-1
140,79,0,526,20,50,1,-1,-1,-1
141,79,0,526,20,50,1,-1,-1,-1
142,79,0,526,20,50,1,-1,-1,-1
143,79,0,526,20,50,1,-1,-1,-1
144,79,0,526,20,50,1,-1,-1,-1
145,79,0,526,20,51,1,-1,-1,-1
146,79,0,526,20,51,1,-1,-1,-1
147,79,0,526,20,51,1,-1,-1,-1
148,79,0,526,20,51,1,-1,-1,-1
149,79,0,526,20,51,1,-1,-1,-1
150,79,0,526,20,51,1,-1,-1,-1
151,79,0,526,20,51,1,-1,-1,-1
152,79,0,526,20,51,1,-1,-1,-1
153,79,0,526,20,51,1,-1,-1,-1
154,79,0,526,20,51,1,-1,-1,-1
155,79,0,526,20,51,1,-1,-1,-1
156,79,0,526,20,51,1,-1,-1,-1
157,79,0,526,20,51,1,-1,-1,-1
158,79,0,526,20,51,1,-1,-1,-1
159,79,0,526,20,51,1,-1,-1,-1
160,79,0,526,20,51,1,-1,-1,-1
161,79,0,526,20,51,1,-1,-1,-1
162,79,0,526,20,51,1,-1,-1,-1
163,79,0,526,20,51,1,-1,-1,-1
164,79,0,526,20,51,1,-1,-1,-1
165,79,0,526,20,51,1,-1,-1,-1
166,79,0,526,20,51,1,-1,-1,-1
167,79,0,526,20,51,1,-1,-1,-1
168,79,0,526,20,51,1,-1,-1,-1
169,79,0,526,20,51,1,-1,-1,-1
170,79,0,526,20,51,1,-1,-1,-1
171,79,0,526,20,51,1,-1,-1,-1
172,79,0,526,20,51,1,-1,-1,-1
173,79,0,526,20,51,1,-1,-1,-1
174,79,0,526,20,51,1,-1,-1,-1
175,79,0,526,20,51,1,-1,-1,-1
176,79,0,526,20,51,1,-1,-1,-1
177,79,0,526,20,51,1,-1,-1,-1
178,79,0,526,20,51,1,-1,-1,-1
179,79,0,526,20,51,1,-1,-1,-1
180,79,0,526,20,51,1,-1,-1,-1
181,79,0,526,20,51,1,-1,-1,-1
182,79,0,526,20,51,1,-1,-1,-1
183,79,0,526,20,51,1,-1,-1,-1
184,79,0,526,20,51,1,-1,-1,-1
185,79,0,526,20,51,1,-1,-1,-1
186,79,0,526,20,51,1,-1,-1,-1
187,79,0,526,20,51,1,-1,-1,-1
188,79,0,526,20,51,1,-1,-1,-1
189,79,0,526,20,51,1,-1,-1,-1
190,79,0,526,20,54,1,-1,-1,-1
191,79,0,526,20,54,1,-1,-1,-1
192,79,0,526,20,54,1,-1,-1,-1
193,79,0,526,20,54,1,-1,-1,-1
194,79,0,526,20,54,1,-1,-1,-1
195,79,0,526,20,54,1,-1,-1,-1
196,79,0,526,20,54,1,-1,-1,-1
197,79,0,526,20,54,1,-1,-1,-1
198,79,0,526,20,54,1,-1,-1,-1
199,79,0,526,20,54,1,-1,-1,-1
200,79,0,527,20,51,1,-1,-1,-1
201,79,0,527,20,52,1,-1,-1,-1
202,79,0,527,20,52,1,-1,-1,-1
203,79,0,526,20,52,1,-1,-1,-1
204,79,0,527,20,52,1,-1,-1,-1
205,79,0,527,20,53,1,-1,-1,-1
206,79,0,527,20,53,1,-1,-1,-1
207,79,0,527,20,53,1,-1,-1,-1
208,79,0,527,20,53,1,-1,-1,-1
209,79,0,527,20,54,1,-1,-1,-1
210,79,0,527,20,54,1,-1,-1,-1
211,79,0,527,20,54,1,-1,-1,-1
212,79,0,527,20,54,1,-1,-1,-1
213,79,0,527,20,54,1,-1,-1,-1
214,79,0,527,20,54,1,-1,-1,-1
215,79,0,527,20,54,1,-1,-1,-1
216,79,0,527,20,51,1,-1,-1,-1
217,79,0,527,20,51,1,-1,-1,-1
218,79,0,527,20,51,1,-1,-1,-1
219,79,0,527,20,51,1,-1,-1,-1
220,79,0,527,20,51,1,-1,-1,-1
221,79,0,527,20,51,1,-1,-1,-1
222,79,0,527,20,51,1,-1,-1,-1
223,79,0,526,20,51,1,-1,-1,-1
224,79,0,526,20,51,1,-1,-1,-1
225,79,0,526,20,51,1,-1,-1,-1
226,79,0,526,20,51,1,-1,-1,-1
227,79,0,526,20,51,1,-1,-1,-1
228,79,0,526,20,51,1,-1,-1,-1
229,79,0,527,20,51,1,-1,-1,-1
230,79,0,527,20,51,1,-1,-1,-1
231,79,0,527,20,52,1,-1,-1,-1
232,79,0,527,20,52,1,-1,-1,-1
233,79,0,527,20,52,1,-1,-1,-1
234,79,0,527,20,52,1,-1,-1,-1
235,79,0,527,20,52,1,-1,-1,-1
236,79,0,527,20,52,1,-1,-1,-1
237,79,0,527,20,52,1,-1,-1,-1
238,79,0,527,20,52,1,-1,-1,-1
239,79,0,527,20,52,1,-1,-1,-1
240,79,0,527,20,52,1,-1,-1,-1
241,79,0,526,20,52,1,-1,-1,-1
242,79,0,526,20,52,1,-1,-1,-1
243,79,0,526,20,52,1,-1,-1,-1
244,79,0,526,20,52,1,-1,-1,-1
245,79,0,526,20,52,1,-1,-1,-1
246,79,0,526,20,52,1,-1,-1,-1
247,79,0,526,20,52,1,-1,-1,-1
248,79,0,526,20,52,1,-1,-1,-1
249,79,0,526,20,52,1,-1,-1,-1
250,79,0,526,20,51,1,-1,-1,-1
251,79,0,526,20,51,1,-1,-1,-1
252,79,0,526,20,51,1,-1,-1,-1
253,79,0,526,20,50,1,-1,-1,-1
254,79,0,526,20,50,1,-1,-1,-1
255,79,0,526,20,50,1,-1,-1,-1
256,79,0,526,20,51,1,-1,-1,-1
257,79,0,526,20,51,1,-1,-1,-1
258,79,0,526,20,51,1,-1,-1,-1
259,79,0,525,20,51,1,-1,-1,-1
260,79,0,525,20,51,1,-1,-1,-1
261,79,0,526,20,51,1,-1,-1,-1
262,79,0,526,20,51,1,-1,-1,-1
263,79,0,526,20,51,1,-1,-1,-1
264,79,0,526,20,51,1,-1,-1,-1
265,79,0,526,20,51,1,-1,-1,-1
266,79,0,526,20,51,1,-1,-1,-1
267,79,0,526,20,51,1,-1,-1,-1
268,79,0,526,20,51,1,-1,-1,-1
269,79,0,526,20,51,1,-1,-1,-1
270,79,0,526,20,51,1,-1,-1,-1
271,79,0,526,20,51,1,-1,-1,-1
272,79,0,526,20,51,1,-1,-1,-1
273,79,0,526,20,51,1,-1,-1,-1
274,79,0,526,20,51,1,-1,-1,-1
275,79,0,526,20,52,1,-1,-1,-1
276,79,0,526,20,52,1,-1,-1,-1
277,79,0,526,20,52,1,-1,-1,-1
278,79,0,526,20,52,1,-1,-1,-1
279,79,0,526,20,52,1,-1,-1,-1
280,79,0,526,20,52,1,-1,-1,-1
281,79,0,526,20,52,1,-1,-1,-1
282,79,0,526,20,52,1,-1,-1,-1
283,79,0,526,20,52,1,-1,-1,-1
284,79,0,526,20,52,1,-1,-1,-1
285,79,0,526,20,51,1,-1,-1,-1
286,79,0,526,20,51,1,-1,-1,-1
287,79,0,526,20,51,1,-1,-1,-1
288,79,0,526,20,51,1,-1,-1,-1
289,79,0,525,20,52,1,-1,-1,-1
290,79,0,525,20,52,1,-1,-1,-1
291,79,0,525,20,52,1,-1,-1,-1
292,79,0,525,20,52,1,-1,-1,-1
293,79,0,525,20,52,1,-1,-1,-1
294,79,0,525,20,52,1,-1,-1,-1
295,79,0,525,20,52,1,-1,-1,-1
296,79,0,525,20,52,1,-1,-1,-1
297,79,0,525,20,52,1,-1,-1,-1
298,79,0,525,20,52,1,-1,-1,-1
299,79,0,525,20,52,1,-1,-1,-1
300,79,0,525,20,52,1,-1,-1,-1
301,79,0,525,20,51,1,-1,-1,-1
302,79,0,525,20,51,1,-1,-1,-1
303,79,0,526,20,52,1,-1,-1,-1
304,79,0,526,20,53,1,-1,-1,-1
305,79,0,526,20,53,1,-1,-1,-1
306,79,0,526,20,53,1,-1,-1,-1
307,79,0,526,20,53,1,-1,-1,-1
308,79,0,526,20,53,1,-1,-1,-1
309,79,0,526,20,53,1,-1,-1,-1
310,79,0,526,20,53,1,-1,-1,-1
311,79,0,526,20,53,1,-1,-1,-1
312,79,0,526,20,53,1,-1,-1,-1
313,79,0,527,20,52,1,-1,-1,-1
314,79,0,527,20,52,1,-1,-1,-1
315,79,0,527,20,52,1,-1,-1,-1
316,79,0,527,20,53,1,-1,-1,-1
317,79,0,527,20,53,1,-1,-1,-1
318,79,0,526,20,53,1,-1,-1,-1
319,79,0,527,20,53,1,-1,-1,-1
320,79,0,527,20,52,1,-1,-1,-1
321,79,0,527,20,52,1,-1,-1,-1
322,79,0,527,20,52,1,-1,-1,-1
323,79,0,527,20,53,1,-1,-1,-1
324,79,0,526,20,53,1,-1,-1,-1
325,79,0,527,20,53,1,-1,-1,-1
326,79,0,526,20,53,1,-1,-1,-1
327,79,0,527,20,52,1,-1,-1,-1
328,79,0,527,20,52,1,-1,-1,-1
329,79,0,527,20,52,1,-1,-1,-1
330,79,0,527,20,52,1,-1,-1,-1
331,79,0,527,20,52,1,-1,-1,-1
332,79,0,527,20,52,1,-1,-1,-1
333,79,0,527,20,52,1,-1,-1,-1
334,79,0,527,20,52,1,-1,-1,-1
335,79,0,527,20,53,1,-1,-1,-1
336,79,0,527,20,52,1,-1,-1,-1
337,79,0,526,20,53,1,-1,-1,-1
338,79,0,526,20,53,1,-1,-1,-1
339,79,0,526,20,53,1,-1,-1,-1
340,79,0,526,20,53,1,-1,-1,-1
341,79,0,526,20,53,1,-1,-1,-1
342,79,0,526,20,52,1,-1,-1,-1
343,79,0,527,19,53,1,-1,-1,-1
344,79,0,527,19,54,1,-1,-1,-1
345,79,0,527,19,54,1,-1,-1,-1
346,79,0,526,19,55,1,-1,-1,-1
347,79,0,526,19,55,1,-1,-1,-1
348,79,0,527,19,54,1,-1,-1,-1
349,79,0,527,19,52,1,-1,-1,-1
350,79,0,527,19,52,1,-1,-1,-1
351,79,0,527,19,52,1,-1,-1,-1
352,79,0,527,19,52,1,-1,-1,-1
353,79,0,527,19,52,1,-1,-1,-1
354,79,0,528,19,52,1,-1,-1,-1
355,79,0,528,19,52,1,-1,-1,-1
356,79,0,528,19,52,1,-1,-1,-1
357,79,0,527,19,52,1,-1,-1,-1
358,79,0,527,19,52,1,-1,-1,-1
359,79,0,527,19,52,1,-1,-1,-1
360,79,0,527,19,52,1,-1,-1,-1
361,79,0,527,19,51,1,-1,-1,-1
362,79,0,527,19,51,1,-1,-1,-1
363,79,0,528,20,54,1,-1,-1,-1
364,79,0,528,20,52,1,-1,-1,-1
365,79,0,528,20,53,1,-1,-1,-1
366,79,0,528,20,53,1,-1,-1,-1
367,79,0,528,20,53,1,-1,-1,-1
368,79,0,527,20,53,1,-1,-1,-1
369,79,0,527,20,54,1,-1,-1,-1
370,79,0,527,20,58,1,-1,-1,-1
371,79,0,527,20,58,1,-1,-1,-1
372,79,0,527,20,58,1,-1,-1,-1
373,79,0,528,20,50,1,-1,-1,-1
374,79,0,528,20,49,1,-1,-1,-1
375,79,0,528,20,49,1,-1,-1,-1
376,79,0,528,20,49,1,-1,-1,-1
377,79,0,528,20,50,1,-1,-1,-1
378,79,0,528,20,50,1,-1,-1,-1
379,79,0,528,20,50,1,-1,-1,-1
380,79,0,528,20,50,1,-1,-1,-1
381,79,0,528,20,50,1,-1,-1,-1
382,79,0,528,20,50,1,-1,-1,-1
383,79,0,528,20,49,1,-1,-1,-1
384,79,0,528,20,49,1,-1,-1,-1
385,79,0,528,20,49,1,-1,-1,-1
386,79,0,528,20,49,1,-1,-1,-1
387,79,0,528,20,49,1,-1,-1,-1
388,79,0,528,20,49,1,-1,-1,-1
389,79,0,528,20,49,1,-1,-1,-1
390,79,0,528,20,49,1,-1,-1,-1
391,79,0,528,20,49,1,-1,-1,-1
392,79,0,528,20,49,1,-1,-1,-1
393,79,0,528,20,49,1,-1,-1,-1
394,79,0,528,20,49,1,-1,-1,-1
395,79,0,528,20,49,1,-1,-1,-1
396,79,0,528,20,49,1,-1,-1,-1
397,79,0,528,20,49,1,-1,-1,-1
398,79,0,528,20,49,1,-1,-1,-1
399,79,0,528,20,49,1,-1,-1,-1
400,79,0,528,20,49,1,-1,-1,-1
401,79,0,528,20,49,1,-1,-1,-1
402,79,0,528,20,49,1,-1,-1,-1
403,79,0,528,20,49,1,-1,-1,-1
404,79,0,528,20,49,1,-1,-1,-1
405,79,0,528,20,49,1,-1,-1,-1
406,79,0,528,20,49,1,-1,-1,-1
407,79,0,528,20,49,1,-1,-1,-1
408,79,0,528,20,49,1,-1,-1,-1
409,79,0,528,20,49,1,-1,-1,-1
410,79,0,528,20,49,1,-1,-1,-1
411,79,0,528,20,49,1,-1,-1,-1
412,79,0,528,20,49,1,-1,-1,-1
413,79,0,528,20,49,1,-1,-1,-1
414,79,0,528,20,49,1,-1,-1,-1
415,79,0,528,20,49,1,-1,-1,-1
416,79,0,528,20,49,1,-1,-1,-1
417,79,0,528,20,49,1,-1,-1,-1
418,79,0,528,20,49,1,-1,-1,-1
419,79,0,528,20,49,1,-1,-1,-1
420,79,0,528,20,49,1,-1,-1,-1
421,79,0,528,20,51,1,-1,-1,-1
422,79,0,528,20,51,1,-1,-1,-1
423,79,0,527,20,50,1,-1,-1,-1
424,79,0,527,20,51,1,-1,-1,-1
425,79,0,527,20,51,1,-1,-1,-1
426,79,0,527,20,51,1,-1,-1,-1
427,79,0,526,20,51,1,-1,-1,-1
428,79,0,527,20,51,1,-1,-1,-1
429,79,0,527,20,51,1,-1,-1,-1
430,79,0,527,20,51,1,-1,-1,-1
431,79,0,527,20,51,1,-1,-1,-1
432,79,0,527,20,50,1,-1,-1,-1
433,79,0,527,20,51,1,-1,-1,-1
434,79,0,527,20,51,1,-1,-1,-1
435,79,0,527,20,51,1,-1,-1,-1
436,79,0,527,20,51,1,-1,-1,-1
437,79,0,527,20,51,1,-1,-1,-1
438,79,0,527,20,51,1,-1,-1,-1
439,79,0,527,20,51,1,-1,-1,-1
440,79,0,527,20,51,1,-1,-1,-1
441,79,0,527,20,51,1,-1,-1,-1
442,79,0,527,20,51,1,-1,-1,-1
443,79,0,527,20,51,1,-1,-1,-1
444,79,0,527,20,52,1,-1,-1,-1
445,79,0,526,20,52,1,-1,-1,-1
446,79,0,526,20,52,1,-1,-1,-1
447,79,0,526,20,52,1,-1,-1,-1
448,79,0,526,20,52,1,-1,-1,-1
449,79,0,526,20,52,1,-1,-1,-1
450,79,0,526,20,52,1,-1,-1,-1
451,79,0,526,20,52,1,-1,-1,-1
452,79,0,526,20,52,1,-1,-1,-1
453,79,0,526,20,52,1,-1,-1,-1
454,79,0,527,20,52,1,-1,-1,-1
455,79,0,526,20,52,1,-1,-1,-1
456,79,0,526,20,52,1,-1,-1,-1
457,79,0,527,20,52,1,-1,-1,-1
458,79,0,527,20,52,1,-1,-1,-1
459,79,0,526,20,52,1,-1,-1,-1
460,79,0,526,20,52,1,-1,-1,-1
461,79,0,526,20,52,1,-1,-1,-1
462,79,0,526,20,52,1,-1,-1,-1
463,79,0,526,20,52,1,-1,-1,-1
464,79,0,527,20,52,1,-1,-1,-1
465,79,0,527,20,52,1,-1,-1,-1
466,79,0,527,20,52,1,-1,-1,-1
467,79,0,527,20,52,1,-1,-1,-1
468,79,0,527,20,52,1,-1,-1,-1
469,79,0,526,20,52,1,-1,-1,-1
470,79,0,526,20,52,1,-1,-1,-1
471,79,0,526,20,52,1,-1,-1,-1
472,79,0,526,20,52,1,-1,-1,-1
473,79,0,526,20,52,1,-1,-1,-1
474,79,0,526,20,52,1,-1,-1,-1
475,79,0,526,20,52,1,-1,-1,-1
476,79,0,526,20,52,1,-1,-1,-1
477,79,0,526,20,52,1,-1,-1,-1
478,79,0,526,20,52,1,-1,-1,-1
479,79,0,526,20,52,1,-1,-1,-1
480,79,0,526,20,52,1,-1,-1,-1
481,79,0,526,20,52,1,-1,-1,-1
482,79,0,526,20,52,1,-1,-1,-1
483,79,0,526,20,53,1,-1,-1,-1
484,79,0,525,20,54,1,-1,-1,-1
485,79,0,525,20,53,1,-1,-1,-1
486,79,0,525,20,55,1,-1,-1,-1
487,79,0,525,20,54,1,-1,-1,-1
488,79,0,525,20,56,1,-1,-1,-1
489,79,0,525,20,54,1,-1,-1,-1
490,79,0,525,20,54,1,-1,-1,-1
491,79,0,525,20,54,1,-1,-1,-1
492,79,0,525,20,54,1,-1,-1,-1
493,79,0,526,20,52,1,-1,-1,-1
494,79,0,526,20,52,1,-1,-1,-1
495,79,0,526,20,52,1,-1,-1,-1
496,79,0,526,20,52,1,-1,-1,-1
497,79,0,526,20,52,1,-1,-1,-1
498,79,0,526,20,52,1,-1,-1,-1
499,79,0,526,20,52,1,-1,-1,-1
500,79,0,526,20,52,1,-1,-1,-1
501,79,0,526,20,52,1,-1,-1,-1
502,79,0,526,20,52,1,-1,-1,-1
503,79,0,526,20,52,1,-1,-1,-1
504,79,0,526,20,52,1,-1,-1,-1
505,79,0,526,20,55,1,-1,-1,-1
506,79,0,526,20,55,1,-1,-1,-1
507,79,0,526,20,55,1,-1,-1,-1
508,79,0,526,20,55,1,-1,-1,-1
509,79,0,526,20,55,1,-1,-1,-1
510,79,0,526,20,55,1,-1,-1,-1
511,79,0,526,20,55,1,-1,-1,-1
512,79,0,526,20,55,1,-1,-1,-1
513,79,0,526,20,55,1,-1,-1,-1
514,79,0,526,20,55,1,-1,-1,-1
515,79,0,526,20,55,1,-1,-1,-1
516,79,0,526,20,55,1,-1,-1,-1
517,79,0,526,20,55,1,-1,-1,-1
518,79,0,526,20,55,1,-1,-1,-1
519,79,0,526,20,55,1,-1,-1,-1
520,79,0,526,20,55,1,-1,-1,-1
521,79,0,526,20,55,1,-1,-1,-1
522,79,0,526,20,55,1,-1,-1,-1
523,79,0,526,20,55,1,-1,-1,-1
524,79,0,526,20,55,1,-1,-1,-1
525,79,0,526,20,55,1,-1,-1,-1
526,79,0,526,20,55,1,-1,-1,-1
527,79,0,526,20,55,1,-1,-1,-1
528,79,0,526,20,55,1,-1,-1,-1
529,79,0,526,20,55,1,-1,-1,-1
530,79,0,526,20,55,1,-1,-1,-1
531,79,0,526,20,55,1,-1,-1,-1
532,79,0,526,20,55,1,-1,-1,-1
533,79,0,526,20,55,1,-1,-1,-1
534,79,0,526,20,52,1,-1,-1,-1
535,79,0,525,20,52,1,-1,-1,-1
536,79,0,525,20,52,1,-1,-1,-1
537,79,0,525,20,52,1,-1,-1,-1
538,79,0,526,20,52,1,-1,-1,-1
539,79,0,526,20,52,1,-1,-1,-1
540,79,0,525,20,52,1,-1,-1,-1
541,79,0,526,20,52,1,-1,-1,-1
542,79,0,526,20,52,1,-1,-1,-1
543,79,0,526,20,52,1,-1,-1,-1
544,79,0,526,20,52,1,-1,-1,-1
545,79,0,526,20,52,1,-1,-1,-1
546,79,0,526,20,52,1,-1,-1,-1
547,79,0,526,20,52,1,-1,-1,-1
548,79,0,526,20,52,1,-1,-1,-1
549,79,0,526,20,52,1,-1,-1,-1
550,79,0,526,20,52,1,-1,-1,-1
551,79,0,526,20,52,1,-1,-1,-1
552,79,0,526,20,52,1,-1,-1,-1
553,79,0,526,20,52,1,-1,-1,-1
554,79,0,526,20,52,1,-1,-1,-1
555,79,0,526,20,52,1,-1,-1,-1
556,79,0,526,20,52,1,-1,-1,-1
557,79,0,526,20,52,1,-1,-1,-1
558,79,0,526,20,52,1,-1,-1,-1
559,79,0,526,20,52,1,-1,-1,-1
560,79,0,526,20,51,1,-1,-1,-1
561,79,0,527,20,51,1,-1,-1,-1
562,79,0,526,20,51,1,-1,-1,-1
563,79,0,526,20,51,1,-1,-1,-1
564,79,0,526,20,51,1,-1,-1,-1
565,79,0,526,20,52,1,-1,-1,-1
566,79,0,526,20,52,1,-1,-1,-1
567,79,0,526,20,52,1,-1,-1,-1
568,79,0,526,20,52,1,-1,-1,-1
569,79,0,526,20,52,1,-1,-1,-1
570,79,0,526,20,52,1,-1,-1,-1
571,79,0,526,20,52,1,-1,-1,-1
572,79,0,526,20,52,1,-1,-1,-1
573,79,0,526,20,52,1,-1,-1,-1
574,79,0,526,20,52,1,-1,-1,-1
575,79,0,526,20,52,1,-1,-1,-1
576,79,0,526,20,52,1,-1,-1,-1
577,79,0,526,20,52,1,-1,-1,-1
578,79,0,526,20,52,1,-1,-1,-1
579,79,0,526,20,52,1,-1,-1,-1
580,79,0,526,20,52,1,-1,-1,-1
581,79,0,526,20,53,1,-1,-1,-1
582,79,0,526,20,53,1,-1,-1,-1
583,79,0,526,20,53,1,-1,-1,-1
584,79,0,526,20,53,1,-1,-1,-1
585,79,0,526,20,53,1,-1,-1,-1
586,79,0,526,20,53,1,-1,-1,-1
587,79,0,526,20,53,1,-1,-1,-1
588,79,0,526,20,53,1,-1,-1,-1
589,79,0,526,20,55,1,-1,-1,-1
590,79,0,526,20,55,1,-1,-1,-1
591,79,0,526,20,55,1,-1,-1,-1
592,79,0,525,20,56,1,-1,-1,-1
593,79,0,525,20,53,1,-1,-1,-1
594,79,0,525,20,53,1,-1,-1,-1
595,79,0,525,20,53,1,-1,-1,-1
596,79,0,525,20,53,1,-1,-1,-1
597,79,0,525,20,53,1,-1,-1,-1
598,79,0,525,20,53,1,-1,-1,-1
599,79,0,525,20,53,1,-1,-1,-1
600,79,0,525,20,53,1,-1,-1,-1
601,79,0,526,20,53,1,-1,-1,-1
602,79,0,526,20,53,1,-1,-1,-1
603,79,0,526,20,53,1,-1,-1,-1
604,79,0,526,20,53,1,-1,-1,-1
605,79,0,526,20,53,1,-1,-1,-1
606,79,0,526,20,53,1,-1,-1,-1
607,79,0,526,20,53,1,-1,-1,-1
608,79,0,526,20,53,1,-1,-1,-1
609,79,0,526,20,53,1,-1,-1,-1
610,79,0,526,20,53,1,-1,-1,-1
611,79,0,526,20,53,1,-1,-1,-1
612,79,0,526,20,53,1,-1,-1,-1
613,79,0,527,19,53,1,-1,-1,-1
614,79,0,527,19,53,1,-1,-1,-1
615,79,0,527,19,53,1,-1,-1,-1
616,79,0,527,19,53,1,-1,-1,-1
617,79,0,527,19,53,1,-1,-1,-1
618,79,0,527,19,53,1,-1,-1,-1
619,79,0,527,19,53,1,-1,-1,-1
620,79,0,527,19,53,1,-1,-1,-1
621,79,0,527,19,53,1,-1,-1,-1
622,79,0,527,19,53,1,-1,-1,-1
623,79,0,527,19,53,1,-1,-1,-1
624,79,0,527,19,53,1,-1,-1,-1
625,79,0,525,20,53,1,-1,-1,-1
626,79,0,525,20,53,1,-1,-1,-1
627,79,0,525,20,53,1,-1,-1,-1
628,79,0,525,20,53,1,-1,-1,-1
629,79,0,525,20,53,1,-1,-1,-1
630,79,0,525,20,53,1,-1,-1,-1
631,79,0,525,20,53,1,-1,-1,-1
632,79,0,525,20,53,1,-1,-1,-1
633,79,0,525,20,53,1,-1,-1,-1
634,79,0,525,20,53,1,-1,-1,-1
635,79,0,527,20,50,1,-1,-1,-1
636,79,0,527,20,50,1,-1,-1,-1
637,79,0,526,20,52,1,-1,-1,-1
638,79,0,526,20,52,1,-1,-1,-1
639,79,0,526,20,52,1,-1,-1,-1
640,79,0,526,20,52,1,-1,-1,-1
641,79,0,526,20,52,1,-1,-1,-1
642,79,0,526,20,52,1,-1,-1,-1
643,79,0,526,20,52,1,-1,-1,-1
644,79,0,526,20,52,1,-1,-1,-1
645,79,0,526,20,52,1,-1,-1,-1
646,79,0,526,20,52,1,-1,-1,-1
647,79,0,526,20,52,1,-1,-1,-1
648,79,0,526,20,52,1,-1,-1,-1
649,79,0,525,20,52,1,-1,-1,-1
650,79,0,525,20,52,1,-1,-1,-1
651,79,0,525,20,52,1,-1,-1,-1
652,79,0,525,20,52,1,-1,-1,-1
653,79,0,525,20,52,1,-1,-1,-1
654,79,0,525,20,52,1,-1,-1,-1
655,79,0,526,20,52,1,-1,-1,-1
656,79,0,526,20,52,1,-1,-1,-1
657,79,0,526,20,52,1,-1,-1,-1
658,79,0,526,20,52,1,-1,-1,-1
659,79,0,526,20,51,1,-1,-1,-1
660,79,0,526,20,51,1,-1,-1,-1
661,79,0,526,20,51,1,-1,-1,-1
662,79,0,526,20,51,1,-1,-1,-1
663,79,0,526,20,51,1,-1,-1,-1
664,79,0,526,20,51,1,-1,-1,-1
665,79,0,526,20,50,1,-1,-1,-1
666,79,0,526,20,50,1,-1,-1,-1
667,79,0,526,20,50,1,-1,-1,-1
668,79,0,526,20,50,1,-1,-1,-1
669,79,0,526,20,50,1,-1,-1,-1
670,79,0,526,20,50,1,-1,-1,-1
671,79,0,526,20,50,1,-1,-1,-1
672,79,0,526,20,50,1,-1,-1,-1
673,79,0,526,20,51,1,-1,-1,-1
674,79,0,526,20,51,1,-1,-1,-1
675,79,0,526,20,50,1,-1,-1,-1
676,79,0,526,20,50,1,-1,-1,-1
677,79,0,526,20,50,1,-1,-1,-1
678,79,0,526,20,50,1,-1,-1,-1
679,79,0,526,20,50,1,-1,-1,-1
680,79,0,526,20,50,1,-1,-1,-1
681,79,0,526,20,50,1,-1,-1,-1
682,79,0,526,20,50,1,-1,-1,-1
683,79,0,526,20,50,1,-1,-1,-1
684,79,0,526,20,50,1,-1,-1,-1
685,79,0,526,20,50,1,-1,-1,-1
686,79,0,526,20,50,1,-1,-1,-1
687,79,0,526,20,50,1,-1,-1,-1
688,79,0,526,20,51,1,-1,-1,-1
689,79,0,526,20,51,1,-1,-1,-1
690,79,0,526,20,51,1,-1,-1,-1
691,79,0,526,20,51,1,-1,-1,-1
692,79,0,526,20,51,1,-1,-1,-1
693,79,0,526,20,51,1,-1,-1,-1
694,79,0,526,20,51,1,-1,-1,-1
695,79,0,526,20,51,1,-1,-1,-1
696,79,0,526,20,51,1,-1,-1,-1
697,79,0,526,20,51,1,-1,-1,-1
698,79,0,526,20,51,1,-1,-1,-1
699,79,0,526,20,51,1,-1,-1,-1
700,79,0,526,20,51,1,-1,-1,-1
701,79,0,525,20,51,1,-1,-1,-1
702,79,0,525,20,51,1,-1,-1,-1
703,79,0,525,20,51,1,-1,-1,-1
704,79,0,525,20,51,1,-1,-1,-1
705,79,0,526,20,51,1,-1,-1,-1
706,79,0,526,20,51,1,-1,-1,-1
707,79,0,526,20,52,1,-1,-1,-1
708,79,0,526,20,52,1,-1,-1,-1
709,79,0,526,19,51,1,-1,-1,-1
710,79,0,526,19,50,1,-1,-1,-1
711,79,0,526,19,50,1,-1,-1,-1
712,79,0,526,19,50,1,-1,-1,-1
713,79,0,526,19,50,1,-1,-1,-1
714,79,0,526,19,50,1,-1,-1,-1
715,79,0,526,20,52,1,-1,-1,-1
716,79,0,526,20,52,1,-1,-1,-1
717,79,0,526,20,52,1,-1,-1,-1
718,79,0,526,20,52,1,-1,-1,-1
719,79,0,526,20,52,1,-1,-1,-1
720,79,0,526,20,52,1,-1,-1,-1
721,79,0,526,20,53,1,-1,-1,-1
722,79,0,525,20,53,1,-1,-1,-1
723,79,0,525,20,53,1,-1,-1,-1
724,79,0,525,20,53,1,-1,-1,-1
725,79,0,525,20,53,1,-1,-1,-1
726,79,0,525,20,53,1,-1,-1,-1
727,79,0,525,20,53,1,-1,-1,-1
728,79,0,525,20,53,1,-1,-1,-1
729,79,0,525,20,53,1,-1,-1,-1
730,79,0,525,20,53,1,-1,-1,-1
731,79,0,525,20,53,1,-1,-1,-1
732,79,0,525,20,53,1,-1,-1,-1
733,79,0,525,20,53,1,-1,-1,-1
734,79,0,525,20,53,1,-1,-1,-1
735,79,0,525,20,53,1,-1,-1,-1
736,79,0,525,20,53,1,-1,-1,-1
737,79,0,525,20,52,1,-1,-1,-1
738,79,0,525,20,52,1,-1,-1,-1
739,79,0,525,20,52,1,-1,-1,-1
740,79,0,525,20,52,1,-1,-1,-1
741,79,0,525,20,52,1,-1,-1,-1
742,79,0,525,20,52,1,-1,-1,-1
743,79,0,525,20,52,1,-1,-1,-1
744,79,0,525,20,52,1,-1,-1,-1
745,79,0,525,20,52,1,-1,-1,-1
746,79,0,525,20,52,1,-1,-1,-1
747,79,0,525,20,51,1,-1,-1,-1
748,79,0,525,20,51,1,-1,-1,-1
749,79,0,525,20,51,1,-1,-1,-1
750,79,0,525,20,51,1,-1,-1,-1
751,79,0,526,20,51,1,-1,-1,-1
752,79,0,526,20,51,1,-1,-1,-1
753,79,0,526,20,51,1,-1,-1,-1
754,79,0,526,20,51,1,-1,-1,-1
755,79,0,526,20,51,1,-1,-1,-1
756,79,0,526,20,51,1,-1,-1,-1
757,79,0,526,19,51,1,-1,-1,-1
758,79,0,526,19,51,1,-1,-1,-1
759,79,0,526,19,51,1,-1,-1,-1
760,79,0,526,19,51,1,-1,-1,-1
761,79,0,525,19,51,1,-1,-1,-1
762,79,0,526,19,51,1,-1,-1,-1
763,79,0,526,19,51,1,-1,-1,-1
764,79,0,526,19,51,1,-1,-1,-1
765,79,0,526,19,51,1,-1,-1,-1
766,79,0,526,19,51,1,-1,-1,-1
767,79,0,527,19,49,1,-1,-1,-1
768,79,0,527,19,50,1,-1,-1,-1
769,79,0,528,20,49,1,-1,-1,-1
770,79,0,528,20,49,1,-1,-1,-1
771,79,0,528,20,49,1,-1,-1,-1
772,79,0,527,20,49,1,-1,-1,-1
773,79,0,528,20,49,1,-1,-1,-1
774,79,0,528,20,49,1,-1,-1,-1
775,79,0,528,20,49,1,-1,-1,-1
776,79,0,528,20,49,1,-1,-1,-1
777,79,0,528,20,49,1,-1,-1,-1
778,79,0,528,20,49,1,-1,-1,-1
779,79,0,528,20,49,1,-1,-1,-1
780,79,0,528,20,49,1,-1,-1,-1
781,79,0,527,20,49,1,-1,-1,-1
782,79,0,527,20,49,1,-1,-1,-1
783,79,0,527,20,49,1,-1,-1,-1
784,79,0,527,20,49,1,-1,-1,-1
785,79,0,527,20,49,1,-1,-1,-1
786,79,0,527,20,49,1,-1,-1,-1
787,79,0,528,20,50,1,-1,-1,-1
788,79,0,528,20,50,1,-1,-1,-1
789,79,0,528,20,50,1,-1,-1,-1
790,79,0,527,20,50,1,-1,-1,-1
791,79,0,527,20,50,1,-1,-1,-1
792,79,0,528,20,50,1,-1,-1,-1
793,79,0,527,20,50,1,-1,-1,-1
794,79,0,527,20,50,1,-1,-1,-1
795,79,0,527,20,50,1,-1,-1,-1
796,79,0,527,20,50,1,-1,-1,-1
797,79,0,527,20,51,1,-1,-1,-1
798,79,0,527,20,51,1,-1,-1,-1
799,79,0,527,20,51,1,-1,-1,-1
800,79,0,527,20,51,1,-1,-1,-1
801,79,0,527,20,51,1,-1,-1,-1
802,79,0,527,20,51,1,-1,-1,-1
803,79,0,527,20,51,1,-1,-1,-1
804,79,0,527,20,51,1,-1,-1,-1
805,79,0,527,20,50,1,-1,-1,-1
806,79,0,527,20,50,1,-1,-1,-1
807,79,0,526,20,50,1,-1,-1,-1
808,79,0,526,20,50,1,-1,-1,-1
809,79,0,526,20,50,1,-1,-1,-1
810,79,0,526,20,50,1,-1,-1,-1
811,79,0,526,20,50,1,-1,-1,-1
812,79,0,526,20,50,1,-1,-1,-1
813,79,0,526,20,50,1,-1,-1,-1
814,79,0,526,20,50,1,-1,-1,-1
815,79,0,526,20,50,1,-1,-1,-1
816,79,0,526,20,50,1,-1,-1,-1
817,79,0,526,20,50,1,-1,-1,-1
818,79,0,526,20,50,1,-1,-1,-1
819,79,0,526,20,50,1,-1,-1,-1
820,79,0,527,20,50,1,-1,-1,-1
821,79,0,526,20,50,1,-1,-1,-1
822,79,0,527,20,50,1,-1,-1,-1
823,79,0,527,20,50,1,-1,-1,-1
824,79,0,527,20,49,1,-1,-1,-1
825,79,0,527,20,50,1,-1,-1,-1
826,79,0,527,20,50,1,-1,-1,-1
827,79,0,526,20,50,1,-1,-1,-1
828,79,0,526,20,50,1,-1,-1,-1
829,79,0,527,20,49,1,-1,-1,-1
830,79,0,527,20,49,1,-1,-1,-1
831,79,0,527,20,49,1,-1,-1,-1
832,79,0,527,20,49,1,-1,-1,-1
833,79,0,527,20,49,1,-1,-1,-1
834,79,0,527,20,49,1,-1,-1,-1
835,79,0,527,20,49,1,-1,-1,-1
836,79,0,527,20,49,1,-1,-1,-1
837,79,0,527,20,49,1,-1,-1,-1
838,79,0,527,20,49,1,-1,-1,-1
839,79,0,527,20,49,1,-1,-1,-1
840,79,0,527,20,49,1,-1,-1,-1
845,79,0,526,19,52,1,-1,-1,-1
846,79,0,526,19,53,1,-1,-1,-1
847,79,0,527,20,51,1,-1,-1,-1
848,79,0,527,20,51,1,-1,-1,-1
852,79,0,526,21,59,1,-1,-1,-1
853,79,0,526,20,58,1,-1,-1,-1
854,79,0,526,20,57,1,-1,-1,-1
855,79,0,526,20,57,1,-1,-1,-1
856,79,0,526,20,57,1,-1,-1,-1
857,79,0,526,20,57,1,-1,-1,-1
858,79,0,526,20,57,1,-1,-1,-1
859,79,0,526,20,57,1,-1,-1,-1
860,79,0,526,20,57,1,-1,-1,-1
861,79,0,526,20,58,1,-1,-1,-1
862,79,0,526,20,58,1,-1,-1,-1
863,79,0,526,20,58,1,-1,-1,-1
864,79,0,526,20,57,1,-1,-1,-1
865,79,0,527,20,54,1,-1,-1,-1
866,79,0,527,20,55,1,-1,-1,-1
867,79,0,527,20,55,1,-1,-1,-1
868,79,0,527,20,54,1,-1,-1,-1
869,79,0,527,20,54,1,-1,-1,-1
870,79,0,527,20,54,1,-1,-1,-1
871,79,0,527,20,54,1,-1,-1,-1
872,79,0,527,20,54,1,-1,-1,-1
873,79,0,528,20,54,1,-1,-1,-1
874,79,0,528,20,54,1,-1,-1,-1
875,79,0,528,20,54,1,-1,-1,-1
876,79,0,528,20,54,1,-1,-1,-1
877,79,0,527,20,54,1,-1,-1,-1
878,79,0,527,20,55,1,-1,-1,-1
879,79,0,527,20,55,1,-1,-1,-1
880,79,0,527,20,55,1,-1,-1,-1
881,79,0,527,20,55,1,-1,-1,-1
882,79,0,527,20,55,1,-1,-1,-1
883,79,0,527,20,55,1,-1,-1,-1
884,79,0,527,20,55,1,-1,-1,-1
885,79,0,527,20,55,1,-1,-1,-1
886,79,0,527,20,55,1,-1,-1,-1
887,79,0,527,20,55,1,-1,-1,-1
888,79,0,527,20,54,1,-1,-1,-1
889,79,0,527,20,51,1,-1,-1,-1
890,79,0,526,20,51,1,-1,-1,-1
891,79,0,526,20,51,1,-1,-1,-1
892,79,0,526,20,51,1,-1,-1,-1
893,79,0,526,20,51,1,-1,-1,-1
894,79,0,526,20,51,1,-1,-1,-1
895,79,0,526,20,51,1,-1,-1,-1
896,79,0,526,20,51,1,-1,-1,-1
897,79,0,527,20,51,1,-1,-1,-1
898,79,0,527,20,51,1,-1,-1,-1
899,79,0,526,20,51,1,-1,-1,-1
900,79,0,526,20,51,1,-1,-1,-1
901,79,0,526,20,51,1,-1,-1,-1
902,79,0,526,20,51,1,-1,-1,-1
903,79,0,526,20,51,1,-1,-1,-1
904,79,0,526,20,51,1,-1,-1,-1
905,79,0,526,20,51,1,-1,-1,-1
906,79,0,526,20,51,1,-1,-1,-1
907,79,0,526,20,51,1,-1,-1,-1
908,79,0,526,20,51,1,-1,-1,-1
909,79,0,526,20,51,1,-1,-1,-1
910,79,0,526,20,51,1,-1,-1,-1
911,79,0,526,20,51,1,-1,-1,-1
912,79,0,526,20,51,1,-1,-1,-1
913,79,0,526,20,51,1,-1,-1,-1
914,79,0,527,20,51,1,-1,-1,-1
915,79,0,526,20,51,1,-1,-1,-1
916,79,0,527,20,51,1,-1,-1,-1
917,79,0,526,20,51,1,-1,-1,-1
918,79,0,526,20,51,1,-1,-1,-1
919,79,0,526,20,51,1,-1,-1,-1
920,79,0,527,20,51,1,-1,-1,-1
921,79,0,527,20,51,1,-1,-1,-1
922,79,0,527,20,51,1,-1,-1,-1
923,79,0,527,20,51,1,-1,-1,-1
924,79,0,527,20,51,1,-1,-1,-1
925,79,0,526,20,51,1,-1,-1,-1
926,79,0,526,20,51,1,-1,-1,-1
927,79,0,526,20,51,1,-1,-1,-1
928,79,0,527,20,51,1,-1,-1,-1
929,79,0,526,20,52,1,-1,-1,-1
930,79,0,526,20,52,1,-1,-1,-1
931,79,0,526,20,52,1,-1,-1,-1
932,79,0,526,20,53,1,-1,-1,-1
933,79,0,526,20,53,1,-1,-1,-1
934,79,0,526,20,53,1,-1,-1,-1
935,79,0,526,20,53,1,-1,-1,-1
936,79,0,526,20,53,1,-1,-1,-1
937,79,0,527,20,51,1,-1,-1,-1
938,79,0,527,20,51,1,-1,-1,-1
939,79,0,527,20,51,1,-1,-1,-1
940,79,0,527,20,50,1,-1,-1,-1
941,79,0,527,20,50,1,-1,-1,-1
942,79,0,527,20,49,1,-1,-1,-1
943,79,0,527,20,49,1,-1,-1,-1
944,79,0,527,20,49,1,-1,-1,-1
945,79,0,527,20,49,1,-1,-1,-1
946,79,0,527,20,50,1,-1,-1,-1
947,79,0,527,20,49,1,-1,-1,-1
948,79,0,527,20,49,1,-1,-1,-1
949,79,0,526,20,50,1,-1,-1,-1
950,79,0,526,20,51,1,-1,-1,-1
951,79,0,526,20,51,1,-1,-1,-1
952,79,0,526,20,50,1,-1,-1,-1
953,79,0,526,20,50,1,-1,-1,-1
954,79,0,526,20,50,1,-1,-1,-1
955,79,0,526,20,50,1,-1,-1,-1
956,79,0,527,20,50,1,-1,-1,-1
957,79,0,527,20,50,1,-1,-1,-1
958,79,0,527,20,50,1,-1,-1,-1
959,79,0,526,20,52,1,-1,-1,-1
960,79,0,526,20,52,1,-1,-1,-1
961,79,0,526,20,52,1,-1,-1,-1
962,79,0,526,20,51,1,-1,-1,-1
963,79,0,526,20,51,1,-1,-1,-1
964,79,0,526,20,51,1,-1,-1,-1
965,79,0,527,20,52,1,-1,-1,-1
966,79,0,526,20,52,1,-1,-1,-1
967,79,0,527,20,52,1,-1,-1,-1
968,79,0,527,20,52,1,-1,-1,-1
969,79,0,527,20,52,1,-1,-1,-1
970,79,0,527,20,52,1,-1,-1,-1
971,79,0,527,20,52,1,-1,-1,-1
972,79,0,527,20,52,1,-1,-1,-1
973,79,0,527,20,50,1,-1,-1,-1
974,79,0,527,20,50,1,-1,-1,-1
975,79,0,527,20,50,1,-1,-1,-1
976,79,0,527,20,50,1,-1,-1,-1
977,79,0,527,20,50,1,-1,-1,-1
978,79,0,527,20,51,1,-1,-1,-1
979,79,0,527,20,51,1,-1,-1,-1
980,79,0,527,20,51,1,-1,-1,-1
981,79,0,527,20,50,1,-1,-1,-1
982,79,0,527,20,50,1,-1,-1,-1
983,79,0,527,20,50,1,-1,-1,-1
984,79,0,527,20,50,1,-1,-1,-1
985,79,0,527,20,51,1,-1,-1,-1
986,79,0,527,20,50,1,-1,-1,-1
987,79,0,527,20,50,1,-1,-1,-1
988,79,0,527,20,50,1,-1,-1,-1
989,79,0,527,20,50,1,-1,-1,-1
990,79,0,527,20,50,1,-1,-1,-1
991,79,0,527,20,49,1,-1,-1,-1
992,79,0,527,20,50,1,-1,-1,-1
993,79,0,527,20,50,1,-1,-1,-1
994,79,0,527,20,50,1,-1,-1,-1
995,79,0,527,20,50,1,-1,-1,-1
996,79,0,527,20,50,1,-1,-1,-1
997,79,0,527,20,50,1,-1,-1,-1
998,79,0,527,20,50,1,-1,-1,-1
999,79,0,527,20,49,1,-1,-1,-1
1000,79,0,527,20,49,1,-1,-1,-1
1001,79,0,528,20,49,1,-1,-1,-1
1002,79,0,528,20,48,1,-1,-1,-1
1003,79,0,528,20,48,1,-1,-1,-1
1004,79,0,528,20,48,1,-1,-1,-1
1005,79,0,528,20,48,1,-1,-1,-1
1006,79,0,528,20,48,1,-1,-1,-1
1007,79,0,528,20,48,1,-1,-1,-1
1008,79,0,528,20,48,1,-1,-1,-1
1009,79,0,526,20,50,1,-1,-1,-1
1010,79,0,526,20,50,1,-1,-1,-1
1011,79,0,526,20,50,1,-1,-1,-1
1012,79,0,526,20,50,1,-1,-1,-1
1013,79,0,526,20,50,1,-1,-1,-1
1014,79,0,526,20,50,1,-1,-1,-1
1015,79,0,526,20,50,1,-1,-1,-1
1016,79,0,526,20,50,1,-1,-1,-1
1017,79,0,526,20,50,1,-1,-1,-1
1018,79,0,526,20,50,1,-1,-1,-1
1019,79,0,526,20,50,1,-1,-1,-1
1020,79,0,526,20,50,1,-1,-1,-1
1021,79,0,526,20,50,1,-1,-1,-1
1022,79,0,526,20,50,1,-1,-1,-1
1023,79,0,526,20,50,1,-1,-1,-1
1024,79,0,527,20,50,1,-1,-1,-1
1025,79,0,527,20,50,1,-1,-1,-1
1026,79,0,527,20,50,1,-1,-1,-1
1027,79,0,527,20,50,1,-1,-1,-1
1028,79,0,528,20,48,1,-1,-1,-1
1029,79,0,528,20,48,1,-1,-1,-1
1030,79,0,528,20,48,1,-1,-1,-1
1031,79,0,528,20,48,1,-1,-1,-1
1032,79,0,528,20,48,1,-1,-1,-1
1033,79,0,526,20,52,1,-1,-1,-1
1034,79,0,526,20,52,1,-1,-1,-1
1035,79,0,526,20,52,1,-1,-1,-1
1036,79,0,526,20,51,1,-1,-1,-1
1037,79,0,526,20,51,1,-1,-1,-1
1038,79,0,526,20,51,1,-1,-1,-1
1039,79,0,526,20,51,1,-1,-1,-1
1040,79,0,526,20,51,1,-1,-1,-1
1041,79,0,526,20,51,1,-1,-1,-1
1042,79,0,526,20,51,1,-1,-1,-1
1043,79,0,526,20,51,1,-1,-1,-1
1044,79,0,526,20,51,1,-1,-1,-1
1045,79,0,526,20,51,1,-1,-1,-1
1046,79,0,526,20,51,1,-1,-1,-1
1047,79,0,526,20,51,1,-1,-1,-1
1048,79,0,526,20,51,1,-1,-1,-1
1049,79,0,526,20,51,1,-1,-1,-1
1050,79,0,526,20,51,1,-1,-1,-1
1051,79,0,526,20,51,1,-1,-1,-1
1052,79,0,526,20,51,1,-1,-1,-1
1053,79,0,526,20,51,1,-1,-1,-1
1054,79,0,527,20,51,1,-1,-1,-1
1055,79,0,527,20,51,1,-1,-1,-1
1056,79,0,527,20,51,1,-1,-1,-1
1057,79,0,526,20,52,1,-1,-1,-1
1058,79,0,526,20,52,1,-1,-1,-1
1059,79,0,526,20,52,1,-1,-1,-1
1060,79,0,526,20,52,1,-1,-1,-1
1061,79,0,526,20,52,1,-1,-1,-1
1062,79,0,525,20,51,1,-1,-1,-1
1063,79,0,526,20,51,1,-1,-1,-1
1064,79,0,526,20,51,1,-1,-1,-1
1065,79,0,526,20,51,1,-1,-1,-1
1066,79,0,525,20,51,1,-1,-1,-1
1067,79,0,526,20,51,1,-1,-1,-1
1068,79,0,526,20,50,1,-1,-1,-1
1069,79,0,525,19,53,1,-1,-1,-1
1070,79,0,525,20,53,1,-1,-1,-1
1071,79,0,525,19,52,1,-1,-1,-1
1072,79,0,526,20,51,1,-1,-1,-1
1073,79,0,526,20,51,1,-1,-1,-1
1074,79,0,526,20,51,1,-1,-1,-1
1075,79,0,526,20,51,1,-1,-1,-1
1076,79,0,526,20,51,1,-1,-1,-1
1077,79,0,526,20,51,1,-1,-1,-1
1078,79,0,525,20,51,1,-1,-1,-1
1079,79,0,526,20,51,1,-1,-1,-1
1080,79,0,526,20,51,1,-1,-1,-1
1081,79,0,526,20,50,1,-1,-1,-1
1082,79,0,528,20,50,1,-1,-1,-1
1083,79,0,529,20,49,1,-1,-1,-1
253,80,1221,782,95,77,1,-1,-1,-1
254,80,1222,782,94,78,1,-1,-1,-1
255,80,1221,782,95,78,1,-1,-1,-1
256,80,1221,782,95,77,1,-1,-1,-1
257,80,1221,782,95,79,1,-1,-1,-1
258,80,1220,781,95,79,1,-1,-1,-1
259,80,1220,781,95,83,1,-1,-1,-1
260,80,1220,781,95,83,1,-1,-1,-1
261,80,1221,780,95,84,1,-1,-1,-1
262,80,1221,780,96,84,1,-1,-1,-1
310,81,1260,781,108,83,1,-1,-1,-1
311,81,1260,780,109,83,1,-1,-1,-1
312,81,1265,782,101,81,1,-1,-1,-1
313,81,1256,782,113,82,1,-1,-1,-1
314,81,1256,782,113,81,1,-1,-1,-1
315,81,1253,782,116,81,1,-1,-1,-1
316,81,1244,782,126,81,1,-1,-1,-1
317,81,1243,783,128,81,1,-1,-1,-1
318,81,1256,781,113,82,1,-1,-1,-1
319,81,1254,781,115,82,1,-1,-1,-1
320,81,1256,781,113,82,1,-1,-1,-1
321,81,1257,781,111,82,1,-1,-1,-1
322,81,1255,782,115,81,1,-1,-1,-1
323,81,1257,781,112,82,1,-1,-1,-1
324,81,1258,781,111,82,1,-1,-1,-1
325,81,1259,781,110,83,1,-1,-1,-1
326,81,1259,782,109,82,1,-1,-1,-1
327,81,1260,782,109,82,1,-1,-1,-1
328,81,1258,782,111,82,1,-1,-1,-1
329,81,1256,782,112,81,1,-1,-1,-1
330,81,1255,782,113,81,1,-1,-1,-1
331,81,1256,782,112,81,1,-1,-1,-1
332,81,1256,782,112,81,1,-1,-1,-1
333,81,1257,782,111,82,1,-1,-1,-1
334,81,1256,782,112,82,1,-1,-1,-1
335,81,1257,781,111,82,1,-1,-1,-1
336,81,1257,781,111,82,1,-1,-1,-1
337,81,1258,781,111,82,1,-1,-1,-1
338,81,1258,781,111,82,1,-1,-1,-1
339,81,1258,782,111,82,1,-1,-1,-1
340,81,1258,782,112,81,1,-1,-1,-1
341,81,1257,782,112,81,1,-1,-1,-1
342,81,1256,781,113,82,1,-1,-1,-1
343,81,1257,781,113,82,1,-1,-1,-1
344,81,1257,781,113,82,1,-1,-1,-1
345,81,1258,780,113,83,1,-1,-1,-1
346,81,1257,781,112,82,1,-1,-1,-1
347,81,1257,781,112,82,1,-1,-1,-1
348,81,1257,782,112,82,1,-1,-1,-1
349,81,1258,782,111,82,1,-1,-1,-1
350,81,1258,782,112,82,1,-1,-1,-1
351,81,1258,782,112,82,1,-1,-1,-1
352,81,1258,782,112,82,1,-1,-1,-1
353,81,1258,782,112,82,1,-1,-1,-1
354,81,1258,782,112,82,1,-1,-1,-1
355,81,1258,781,111,82,1,-1,-1,-1
356,81,1258,782,111,82,1,-1,-1,-1
357,81,1258,781,112,82,1,-1,-1,-1
358,81,1258,781,112,82,1,-1,-1,-1
359,81,1258,781,112,82,1,-1,-1,-1
360,81,1258,781,112,82,1,-1,-1,-1
361,81,1258,782,111,82,1,-1,-1,-1
362,81,1258,782,111,82,1,-1,-1,-1
363,81,1258,782,111,81,1,-1,-1,-1
364,81,1258,782,111,81,1,-1,-1,-1
365,81,1258,782,111,81,1,-1,-1,-1
366,81,1258,782,111,81,1,-1,-1,-1
367,81,1258,782,111,81,1,-1,-1,-1
368,81,1258,782,111,81,1,-1,-1,-1
369,81,1258,782,111,82,1,-1,-1,-1
370,81,1258,782,111,81,1,-1,-1,-1
371,81,1258,782,111,81,1,-1,-1,-1
372,81,1258,782,111,81,1,-1,-1,-1
373,81,1258,782,112,82,1,-1,-1,-1
374,81,1258,782,112,82,1,-1,-1,-1
375,81,1258,782,112,82,1,-1,-1,-1
376,81,1258,781,112,82,1,-1,-1,-1
377,81,1257,781,112,83,1,-1,-1,-1
378,81,1258,781,112,82,1,-1,-1,-1
379,81,1258,781,112,83,1,-1,-1,-1
380,81,1258,781,112,82,1,-1,-1,-1
381,81,1258,781,112,82,1,-1,-1,-1
382,81,1258,781,112,82,1,-1,-1,-1
383,81,1258,782,112,82,1,-1,-1,-1
384,81,1258,782,112,82,1,-1,-1,-1
385,81,1258,781,113,82,1,-1,-1,-1
386,81,1258,781,113,82,1,-1,-1,-1
387,81,1258,781,113,82,1,-1,-1,-1
388,81,1258,782,113,82,1,-1,-1,-1
389,81,1258,782,113,82,1,-1,-1,-1
390,81,1258,782,113,82,1,-1,-1,-1
391,81,1258,782,113,82,1,-1,-1,-1
392,81,1258,782,113,82,1,-1,-1,-1
393,81,1258,782,113,82,1,-1,-1,-1
394,81,1258,782,113,82,1,-1,-1,-1
395,81,1258,782,113,82,1,-1,-1,-1
396,81,1258,782,113,82,1,-1,-1,-1
397,81,1258,782,111,82,1,-1,-1,-1
398,81,1258,782,112,82,1,-1,-1,-1
399,81,1258,782,112,82,1,-1,-1,-1
400,81,1258,782,112,82,1,-1,-1,-1
401,81,1258,782,112,82,1,-1,-1,-1
402,81,1258,782,112,82,1,-1,-1,-1
403,81,1258,782,111,81,1,-1,-1,-1
404,81,1258,782,111,82,1,-1,-1,-1
405,81,1258,782,111,82,1,-1,-1,-1
406,81,1259,782,111,81,1,-1,-1,-1
407,81,1259,782,111,81,1,-1,-1,-1
408,81,1259,782,111,81,1,-1,-1,-1
409,81,1259,783,111,81,1,-1,-1,-1
410,81,1259,783,111,81,1,-1,-1,-1
411,81,1258,782,112,81,1,-1,-1,-1
412,81,1259,782,112,82,1,-1,-1,-1
413,81,1258,782,112,81,1,-1,-1,-1
414,81,1259,782,111,81,1,-1,-1,-1
415,81,1258,782,112,81,1,-1,-1,-1
416,81,1258,782,112,81,1,-1,-1,-1
417,81,1258,782,112,81,1,-1,-1,-1
418,81,1258,782,112,81,1,-1,-1,-1
419,81,1258,782,112,81,1,-1,-1,-1
420,81,1259,782,111,81,1,-1,-1,-1
421,81,1259,782,111,82,1,-1,-1,-1
422,81,1259,782,112,82,1,-1,-1,-1
423,81,1257,781,113,82,1,-1,-1,-1
424,81,1257,782,113,82,1,-1,-1,-1
425,81,1258,782,112,82,1,-1,-1,-1
426,81,1257,782,113,81,1,-1,-1,-1
427,81,1256,782,113,82,1,-1,-1,-1
428,81,1257,782,113,81,1,-1,-1,-1
429,81,1257,782,112,81,1,-1,-1,-1
430,81,1259,783,113,80,1,-1,-1,-1
431,81,1259,783,113,80,1,-1,-1,-1
432,81,1257,782,112,81,1,-1,-1,-1
433,81,1260,781,110,82,1,-1,-1,-1
434,81,1259,782,110,81,1,-1,-1,-1
435,81,1260,781,109,82,1,-1,-1,-1
436,81,1260,781,108,82,1,-1,-1,-1
437,81,1260,781,108,82,1,-1,-1,-1
438,81,1260,782,109,81,1,-1,-1,-1
439,81,1258,782,110,81,1,-1,-1,-1
440,81,1259,782,110,81,1,-1,-1,-1
441,81,1259,782,109,81,1,-1,-1,-1
442,81,1259,782,110,81,1,-1,-1,-1
443,81,1259,782,110,81,1,-1,-1,-1
444,81,1259,782,110,81,1,-1,-1,-1
445,81,1261,781,111,82,1,-1,-1,-1
446,81,1261,781,111,82,1,-1,-1,-1
447,81,1262,781,111,82,1,-1,-1,-1
448,81,1262,781,111,82,1,-1,-1,-1
449,81,1259,781,110,82,1,-1,-1,-1
450,81,1258,781,111,82,1,-1,-1,-1
451,81,1258,781,112,82,1,-1,-1,-1
452,81,1257,781,112,82,1,-1,-1,-1
453,81,1256,781,113,82,1,-1,-1,-1
454,81,1256,781,113,82,1,-1,-1,-1
455,81,1256,780,113,83,1,-1,-1,-1
456,81,1256,780,113,83,1,-1,-1,-1
457,81,1255,781,114,82,1,-1,-1,-1
458,81,1255,781,114,81,1,-1,-1,-1
459,81,1258,782,111,81,1,-1,-1,-1
460,81,1257,782,112,81,1,-1,-1,-1
461,81,1258,781,111,82,1,-1,-1,-1
462,81,1258,781,110,82,1,-1,-1,-1
463,81,1259,781,110,82,1,-1,-1,-1
464,81,1258,781,111,81,1,-1,-1,-1
465,81,1258,781,110,81,1,-1,-1,-1
466,81,1258,781,110,82,1,-1,-1,-1
467,81,1259,781,110,82,1,-1,-1,-1
468,81,1258,781,111,82,1,-1,-1,-1
469,81,1258,781,111,82,1,-1,-1,-1
470,81,1258,781,111,82,1,-1,-1,-1
471,81,1258,781,111,82,1,-1,-1,-1
472,81,1258,781,112,82,1,-1,-1,-1
473,81,1258,781,111,82,1,-1,-1,-1
474,81,1258,781,112,82,1,-1,-1,-1
475,81,1258,781,112,82,1,-1,-1,-1
476,81,1257,780,112,82,1,-1,-1,-1
477,81,1258,780,111,83,1,-1,-1,-1
478,81,1259,781,111,82,1,-1,-1,-1
479,81,1258,781,111,82,1,-1,-1,-1
480,81,1257,781,113,82,1,-1,-1,-1
481,81,1257,781,112,82,1,-1,-1,-1
482,81,1258,781,111,82,1,-1,-1,-1
483,81,1259,781,111,82,1,-1,-1,-1
484,81,1259,781,111,82,1,-1,-1,-1
485,81,1259,781,111,82,1,-1,-1,-1
486,81,1259,781,111,82,1,-1,-1,-1
487,81,1259,781,111,82,1,-1,-1,-1
488,81,1259,781,111,82,1,-1,-1,-1
489,81,1259,781,111,82,1,-1,-1,-1
490,81,1259,781,111,82,1,-1,-1,-1
491,81,1259,781,110,82,1,-1,-1,-1
492,81,1258,781,111,82,1,-1,-1,-1
493,81,1258,781,111,82,1,-1,-1,-1
494,81,1258,781,110,82,1,-1,-1,-1
495,81,1259,781,110,82,1,-1,-1,-1
496,81,1259,781,110,82,1,-1,-1,-1
497,81,1258,781,110,82,1,-1,-1,-1
498,81,1257,781,112,82,1,-1,-1,-1
499,81,1256,781,112,82,1,-1,-1,-1
500,81,1256,781,113,82,1,-1,-1,-1
501,81,1257,781,112,82,1,-1,-1,-1
502,81,1257,781,112,82,1,-1,-1,-1
503,81,1257,781,112,82,1,-1,-1,-1
504,81,1258,781,111,82,1,-1,-1,-1
505,81,1250,781,120,82,1,-1,-1,-1
506,81,1249,781,121,82,1,-1,-1,-1
507,81,1249,781,120,82,1,-1,-1,-1
508,81,1250,781,120,82,1,-1,-1,-1
509,81,1252,781,118,82,1,-1,-1,-1
510,81,1252,781,118,82,1,-1,-1,-1
511,81,1252,781,118,82,1,-1,-1,-1
512,81,1250,781,120,82,1,-1,-1,-1
513,81,1251,781,118,82,1,-1,-1,-1
514,81,1251,781,118,82,1,-1,-1,-1
515,81,1251,781,118,82,1,-1,-1,-1
516,81,1251,781,118,82,1,-1,-1,-1
517,81,1254,781,116,82,1,-1,-1,-1
518,81,1249,781,121,82,1,-1,-1,-1
519,81,1249,781,121,82,1,-1,-1,-1
520,81,1249,781,121,82,1,-1,-1,-1
521,81,1250,781,120,82,1,-1,-1,-1
522,81,1251,781,119,82,1,-1,-1,-1
523,81,1251,781,119,82,1,-1,-1,-1
524,81,1251,781,119,82,1,-1,-1,-1
525,81,1250,781,119,82,1,-1,-1,-1
526,81,1249,781,120,82,1,-1,-1,-1
527,81,1249,781,121,82,1,-1,-1,-1
528,81,1248,781,122,82,1,-1,-1,-1
529,81,1249,781,120,82,1,-1,-1,-1
530,81,1254,781,116,82,1,-1,-1,-1
531,81,1250,781,119,82,1,-1,-1,-1
532,81,1252,781,117,81,1,-1,-1,-1
533,81,1252,781,117,81,1,-1,-1,-1
534,81,1251,781,118,82,1,-1,-1,-1
535,81,1252,781,117,82,1,-1,-1,-1
536,81,1252,781,117,82,1,-1,-1,-1
537,81,1252,781,117,82,1,-1,-1,-1
538,81,1252,781,117,82,1,-1,-1,-1
539,81,1253,781,116,82,1,-1,-1,-1
540,81,1250,780,119,82,1,-1,-1,-1
541,81,1246,780,123,83,1,-1,-1,-1
542,81,1247,779,122,84,1,-1,-1,-1
543,81,1253,779,116,84,1,-1,-1,-1
544,81,1252,779,117,85,1,-1,-1,-1
545,81,1256,779,113,84,1,-1,-1,-1
546,81,1258,779,111,84,1,-1,-1,-1
547,81,1258,780,110,83,1,-1,-1,-1
548,81,1258,780,110,83,1,-1,-1,-1
549,81,1258,780,110,83,1,-1,-1,-1
550,81,1258,781,111,83,1,-1,-1,-1
551,81,1258,781,111,82,1,-1,-1,-1
552,81,1257,781,112,82,1,-1,-1,-1
553,81,1257,781,111,83,1,-1,-1,-1
554,81,1256,781,112,82,1,-1,-1,-1
555,81,1255,781,114,82,1,-1,-1,-1
556,81,1255,781,114,82,1,-1,-1,-1
557,81,1255,781,114,82,1,-1,-1,-1
558,81,1256,781,112,82,1,-1,-1,-1
559,81,1258,781,111,82,1,-1,-1,-1
560,81,1258,781,110,82,1,-1,-1,-1
561,81,1259,781,110,82,1,-1,-1,-1
562,81,1259,781,110,82,1,-1,-1,-1
563,81,1259,781,110,82,1,-1,-1,-1
564,81,1256,781,113,82,1,-1,-1,-1
565,81,1256,781,113,82,1,-1,-1,-1
566,81,1253,781,116,83,1,-1,-1,-1
567,81,1255,780,114,83,1,-1,-1,-1
568,81,1255,780,114,83,1,-1,-1,-1
569,81,1254,780,115,83,1,-1,-1,-1
570,81,1252,778,117,85,1,-1,-1,-1
571,81,1256,780,113,83,1,-1,-1,-1
572,81,1256,781,113,82,1,-1,-1,-1
573,81,1257,781,112,82,1,-1,-1,-1
574,81,1256,781,113,82,1,-1,-1,-1
575,81,1257,781,112,83,1,-1,-1,-1
576,81,1257,780,112,83,1,-1,-1,-1
577,81,1257,780,112,83,1,-1,-1,-1
578,81,1258,780,111,83,1,-1,-1,-1
579,81,1258,780,111,83,1,-1,-1,-1
580,81,1258,780,111,83,1,-1,-1,-1
581,81,1258,781,111,83,1,-1,-1,-1
582,81,1258,781,111,82,1,-1,-1,-1
583,81,1258,781,112,83,1,-1,-1,-1
584,81,1258,781,111,82,1,-1,-1,-1
585,81,1258,781,111,82,1,-1,-1,-1
586,81,1258,781,111,82,1,-1,-1,-1
587,81,1259,780,110,83,1,-1,-1,-1
588,81,1258,780,111,83,1,-1,-1,-1
589,81,1258,780,112,84,1,-1,-1,-1
590,81,1258,780,112,83,1,-1,-1,-1
591,81,1258,780,112,83,1,-1,-1,-1
592,81,1258,780,112,83,1,-1,-1,-1
593,81,1258,780,112,83,1,-1,-1,-1
594,81,1258,780,112,83,1,-1,-1,-1
595,81,1258,780,112,83,1,-1,-1,-1
596,81,1258,780,112,83,1,-1,-1,-1
597,81,1257,781,112,83,1,-1,-1,-1
598,81,1257,780,113,83,1,-1,-1,-1
599,81,1257,781,112,83,1,-1,-1,-1
600,81,1257,780,113,83,1,-1,-1,-1
601,81,1257,781,112,83,1,-1,-1,-1
602,81,1257,781,112,83,1,-1,-1,-1
603,81,1258,781,112,83,1,-1,-1,-1
604,81,1258,781,111,83,1,-1,-1,-1
605,81,1258,781,111,83,1,-1,-1,-1
606,81,1258,781,111,82,1,-1,-1,-1
607,81,1258,781,111,82,1,-1,-1,-1
608,81,1258,781,111,82,1,-1,-1,-1
609,81,1258,781,111,83,1,-1,-1,-1
610,81,1258,781,112,82,1,-1,-1,-1
611,81,1258,781,112,82,1,-1,-1,-1
612,81,1258,781,112,83,1,-1,-1,-1
613,81,1257,781,113,82,1,-1,-1,-1
614,81,1257,781,113,82,1,-1,-1,-1
615,81,1257,781,113,82,1,-1,-1,-1
616,81,1257,781,113,82,1,-1,-1,-1
617,81,1257,781,112,83,1,-1,-1,-1
618,81,1257,781,112,83,1,-1,-1,-1
619,81,1257,781,113,83,1,-1,-1,-1
620,81,1257,781,113,83,1,-1,-1,-1
621,81,1257,781,113,83,1,-1,-1,-1
622,81,1257,781,113,83,1,-1,-1,-1
623,81,1257,781,113,83,1,-1,-1,-1
624,81,1257,781,113,83,1,-1,-1,-1
625,81,1257,781,113,83,1,-1,-1,-1
626,81,1257,781,113,83,1,-1,-1,-1
627,81,1257,781,113,83,1,-1,-1,-1
628,81,1257,781,113,83,1,-1,-1,-1
629,81,1257,781,113,83,1,-1,-1,-1
630,81,1257,781,113,83,1,-1,-1,-1
631,81,1257,781,113,83,1,-1,-1,-1
632,81,1257,781,113,83,1,-1,-1,-1
633,81,1257,781,113,83,1,-1,-1,-1
634,81,1257,781,113,83,1,-1,-1,-1
635,81,1257,781,112,82,1,-1,-1,-1
636,81,1257,781,112,82,1,-1,-1,-1
637,81,1256,781,114,82,1,-1,-1,-1
638,81,1256,781,113,82,1,-1,-1,-1
639,81,1256,781,114,82,1,-1,-1,-1
640,81,1256,781,114,82,1,-1,-1,-1
641,81,1256,781,114,82,1,-1,-1,-1
642,81,1256,781,113,82,1,-1,-1,-1
643,81,1256,781,113,82,1,-1,-1,-1
644,81,1256,781,113,82,1,-1,-1,-1
645,81,1256,781,113,82,1,-1,-1,-1
646,81,1256,781,113,82,1,-1,-1,-1
647,81,1256,781,113,82,1,-1,-1,-1
648,81,1256,781,113,82,1,-1,-1,-1
649,81,1257,782,113,82,1,-1,-1,-1
650,81,1257,782,113,81,1,-1,-1,-1
651,81,1257,782,113,82,1,-1,-1,-1
652,81,1257,782,113,82,1,-1,-1,-1
653,81,1257,782,113,82,1,-1,-1,-1
654,81,1256,782,113,82,1,-1,-1,-1
655,81,1256,782,114,81,1,-1,-1,-1
656,81,1256,782,114,81,1,-1,-1,-1
657,81,1256,782,114,82,1,-1,-1,-1
658,81,1256,781,114,82,1,-1,-1,-1
659,81,1256,781,114,82,1,-1,-1,-1
660,81,1256,781,114,82,1,-1,-1,-1
661,81,1256,782,115,81,1,-1,-1,-1
662,81,1256,782,115,81,1,-1,-1,-1
663,81,1256,782,115,81,1,-1,-1,-1
664,81,1256,782,115,81,1,-1,-1,-1
665,81,1257,781,113,83,1,-1,-1,-1
666,81,1257,781,113,83,1,-1,-1,-1
667,81,1257,781,113,82,1,-1,-1,-1
668,81,1257,781,113,82,1,-1,-1,-1
669,81,1257,781,113,82,1,-1,-1,-1
670,81,1257,781,112,82,1,-1,-1,-1
671,81,1257,781,112,82,1,-1,-1,-1
672,81,1257,781,112,82,1,-1,-1,-1
673,81,1258,781,111,82,1,-1,-1,-1
674,81,1258,781,111,82,1,-1,-1,-1
675,81,1258,781,111,82,1,-1,-1,-1
676,81,1258,781,111,82,1,-1,-1,-1
677,81,1258,781,111,82,1,-1,-1,-1
678,81,1258,781,111,82,1,-1,-1,-1
679,81,1258,781,111,82,1,-1,-1,-1
680,81,1258,781,111,82,1,-1,-1,-1
681,81,1258,781,111,82,1,-1,-1,-1
682,81,1258,781,111,82,1,-1,-1,-1
683,81,1258,781,111,82,1,-1,-1,-1
684,81,1257,781,112,82,1,-1,-1,-1
685,81,1259,782,110,81,1,-1,-1,-1
686,81,1259,782,110,81,1,-1,-1,-1
687,81,1259,782,110,81,1,-1,-1,-1
688,81,1259,782,109,81,1,-1,-1,-1
689,81,1259,782,109,81,1,-1,-1,-1
690,81,1259,782,109,81,1,-1,-1,-1
691,81,1259,782,109,81,1,-1,-1,-1
692,81,1259,782,109,81,1,-1,-1,-1
693,81,1259,782,109,81,1,-1,-1,-1
694,81,1259,782,110,81,1,-1,-1,-1
695,81,1258,781,110,82,1,-1,-1,-1
696,81,1258,781,110,82,1,-1,-1,-1
697,81,1258,781,110,83,1,-1,-1,-1
698,81,1258,781,111,83,1,-1,-1,-1
699,81,1258,781,110,83,1,-1,-1,-1
700,81,1258,781,110,83,1,-1,-1,-1
701,81,1258,781,111,83,1,-1,-1,-1
702,81,1258,781,110,83,1,-1,-1,-1
703,81,1258,781,110,83,1,-1,-1,-1
704,81,1258,781,110,83,1,-1,-1,-1
705,81,1258,781,111,82,1,-1,-1,-1
706,81,1258,781,111,82,1,-1,-1,-1
707,81,1258,781,111,82,1,-1,-1,-1
708,81,1258,781,111,82,1,-1,-1,-1
709,81,1256,781,113,83,1,-1,-1,-1
710,81,1256,781,114,83,1,-1,-1,-1
711,81,1256,781,114,83,1,-1,-1,-1
712,81,1256,781,114,83,1,-1,-1,-1
713,81,1256,781,114,83,1,-1,-1,-1
714,81,1256,781,114,83,1,-1,-1,-1
715,81,1257,781,112,82,1,-1,-1,-1
716,81,1257,781,112,82,1,-1,-1,-1
717,81,1257,781,112,82,1,-1,-1,-1
718,81,1257,781,112,82,1,-1,-1,-1
719,81,1258,781,112,82,1,-1,-1,-1
720,81,1258,781,112,82,1,-1,-1,-1
721,81,1256,780,114,83,1,-1,-1,-1
722,81,1256,780,114,84,1,-1,-1,-1
723,81,1256,780,114,84,1,-1,-1,-1
724,81,1256,780,114,84,1,-1,-1,-1
725,81,1257,780,113,84,1,-1,-1,-1
726,81,1257,780,113,84,1,-1,-1,-1
727,81,1257,780,114,84,1,-1,-1,-1
728,81,1257,780,113,83,1,-1,-1,-1
729,81,1257,780,113,83,1,-1,-1,-1
730,81,1257,780,113,83,1,-1,-1,-1
731,81,1257,780,113,84,1,-1,-1,-1
732,81,1257,780,113,84,1,-1,-1,-1
733,81,1256,780,114,83,1,-1,-1,-1
734,81,1257,780,114,83,1,-1,-1,-1
735,81,1257,780,113,83,1,-1,-1,-1
736,81,1257,780,113,83,1,-1,-1,-1
737,81,1257,780,112,84,1,-1,-1,-1
738,81,1258,780,112,83,1,-1,-1,-1
739,81,1258,780,112,84,1,-1,-1,-1
740,81,1258,780,112,84,1,-1,-1,-1
741,81,1258,780,112,84,1,-1,-1,-1
742,81,1258,780,112,84,1,-1,-1,-1
743,81,1258,780,112,84,1,-1,-1,-1
744,81,1258,779,112,84,1,-1,-1,-1
745,81,1258,781,110,83,1,-1,-1,-1
746,81,1258,781,110,83,1,-1,-1,-1
747,81,1258,781,111,82,1,-1,-1,-1
748,81,1258,781,111,82,1,-1,-1,-1
749,81,1258,781,111,82,1,-1,-1,-1
750,81,1258,781,111,82,1,-1,-1,-1
751,81,1257,781,113,83,1,-1,-1,-1
752,81,1257,781,113,83,1,-1,-1,-1
753,81,1257,781,113,83,1,-1,-1,-1
754,81,1257,781,113,83,1,-1,-1,-1
755,81,1257,781,113,83,1,-1,-1,-1
756,81,1257,780,113,83,1,-1,-1,-1
757,81,1257,780,113,83,1,-1,-1,-1
758,81,1258,781,113,83,1,-1,-1,-1
759,81,1258,781,113,83,1,-1,-1,-1
760,81,1258,781,113,83,1,-1,-1,-1
761,81,1258,780,113,83,1,-1,-1,-1
762,81,1258,780,113,83,1,-1,-1,-1
763,81,1258,781,113,83,1,-1,-1,-1
764,81,1258,781,113,83,1,-1,-1,-1
765,81,1258,781,113,83,1,-1,-1,-1
766,81,1258,781,113,83,1,-1,-1,-1
767,81,1258,782,112,81,1,-1,-1,-1
768,81,1259,782,112,81,1,-1,-1,-1
769,81,1258,783,112,80,1,-1,-1,-1
770,81,1258,783,112,80,1,-1,-1,-1
771,81,1258,783,112,80,1,-1,-1,-1
772,81,1258,783,112,80,1,-1,-1,-1
773,81,1258,783,112,80,1,-1,-1,-1
774,81,1258,783,112,80,1,-1,-1,-1
775,81,1258,783,112,80,1,-1,-1,-1
776,81,1258,783,112,80,1,-1,-1,-1
777,81,1258,783,112,80,1,-1,-1,-1
778,81,1258,782,112,81,1,-1,-1,-1
779,81,1258,783,112,81,1,-1,-1,-1
780,81,1258,782,112,81,1,-1,-1,-1
781,81,1257,783,112,80,1,-1,-1,-1
782,81,1257,783,112,80,1,-1,-1,-1
783,81,1258,784,112,80,1,-1,-1,-1
784,81,1257,784,112,80,1,-1,-1,-1
785,81,1257,784,112,79,1,-1,-1,-1
786,81,1257,784,112,79,1,-1,-1,-1
787,81,1257,784,112,79,1,-1,-1,-1
788,81,1258,784,112,79,1,-1,-1,-1
789,81,1258,784,112,79,1,-1,-1,-1
790,81,1258,783,112,80,1,-1,-1,-1
791,81,1258,783,112,80,1,-1,-1,-1
792,81,1258,783,112,80,1,-1,-1,-1
793,81,1257,783,113,80,1,-1,-1,-1
794,81,1258,783,113,80,1,-1,-1,-1
795,81,1258,783,113,80,1,-1,-1,-1
796,81,1258,783,113,80,1,-1,-1,-1
797,81,1258,783,112,81,1,-1,-1,-1
798,81,1258,783,113,81,1,-1,-1,-1
799,81,1258,783,113,80,1,-1,-1,-1
800,81,1258,783,113,80,1,-1,-1,-1
801,81,1258,783,112,81,1,-1,-1,-1
802,81,1258,782,112,81,1,-1,-1,-1
803,81,1258,782,112,81,1,-1,-1,-1
804,81,1258,782,112,81,1,-1,-1,-1
805,81,1258,781,112,82,1,-1,-1,-1
806,81,1258,781,112,82,1,-1,-1,-1
807,81,1258,781,112,83,1,-1,-1,-1
808,81,1258,780,112,83,1,-1,-1,-1
809,81,1258,780,112,83,1,-1,-1,-1
810,81,1258,781,112,83,1,-1,-1,-1
811,81,1258,781,112,83,1,-1,-1,-1
812,81,1258,781,112,83,1,-1,-1,-1
813,81,1258,781,112,82,1,-1,-1,-1
814,81,1258,781,112,82,1,-1,-1,-1
815,81,1258,781,112,82,1,-1,-1,-1
816,81,1258,781,112,82,1,-1,-1,-1
817,81,1257,780,114,83,1,-1,-1,-1
818,81,1257,780,113,83,1,-1,-1,-1
819,81,1258,780,113,83,1,-1,-1,-1
820,81,1258,780,113,83,1,-1,-1,-1
821,81,1258,780,113,83,1,-1,-1,-1
822,81,1258,780,113,83,1,-1,-1,-1
823,81,1258,780,113,83,1,-1,-1,-1
824,81,1258,780,113,83,1,-1,-1,-1
825,81,1258,780,113,83,1,-1,-1,-1
826,81,1258,780,113,83,1,-1,-1,-1
827,81,1257,780,114,83,1,-1,-1,-1
828,81,1258,780,113,83,1,-1,-1,-1
829,81,1257,780,113,83,1,-1,-1,-1
830,81,1257,780,114,83,1,-1,-1,-1
831,81,1257,779,114,84,1,-1,-1,-1
832,81,1257,779,114,84,1,-1,-1,-1
833,81,1257,780,114,83,1,-1,-1,-1
834,81,1257,780,114,83,1,-1,-1,-1
835,81,1257,780,114,83,1,-1,-1,-1
836,81,1256,780,114,84,1,-1,-1,-1
837,81,1256,780,114,83,1,-1,-1,-1
838,81,1256,780,114,83,1,-1,-1,-1
839,81,1257,780,114,83,1,-1,-1,-1
840,81,1256,780,114,83,1,-1,-1,-1
841,81,1257,780,114,84,1,-1,-1,-1
842,81,1257,780,114,84,1,-1,-1,-1
843,81,1256,780,114,84,1,-1,-1,-1
844,81,1257,780,114,84,1,-1,-1,-1
845,81,1256,780,115,83,1,-1,-1,-1
846,81,1257,780,114,83,1,-1,-1,-1
847,81,1258,780,113,84,1,-1,-1,-1
848,81,1258,780,113,84,1,-1,-1,-1
849,81,1258,780,112,84,1,-1,-1,-1
850,81,1258,780,112,84,1,-1,-1,-1
851,81,1258,780,112,83,1,-1,-1,-1
852,81,1258,780,112,84,1,-1,-1,-1
853,81,1258,781,112,83,1,-1,-1,-1
854,81,1258,781,112,83,1,-1,-1,-1
855,81,1258,781,112,83,1,-1,-1,-1
856,81,1258,781,112,83,1,-1,-1,-1
857,81,1258,781,112,82,1,-1,-1,-1
858,81,1258,781,112,82,1,-1,-1,-1
859,81,1258,781,112,82,1,-1,-1,-1
860,81,1258,781,112,82,1,-1,-1,-1
861,81,1258,781,112,83,1,-1,-1,-1
862,81,1258,781,112,83,1,-1,-1,-1
863,81,1258,781,112,82,1,-1,-1,-1
864,81,1258,781,112,82,1,-1,-1,-1
865,81,1258,780,113,84,1,-1,-1,-1
866,81,1258,780,113,84,1,-1,-1,-1
867,81,1258,780,113,84,1,-1,-1,-1
868,81,1258,780,113,84,1,-1,-1,-1
869,81,1258,780,113,84,1,-1,-1,-1
870,81,1258,780,113,84,1,-1,-1,-1
871,81,1258,780,113,83,1,-1,-1,-1
872,81,1258,781,113,83,1,-1,-1,-1
873,81,1258,781,113,83,1,-1,-1,-1
874,81,1258,781,113,83,1,-1,-1,-1
875,81,1258,781,113,83,1,-1,-1,-1
876,81,1258,780,113,83,1,-1,-1,-1
877,81,1258,781,113,83,1,-1,-1,-1
878,81,1258,781,113,83,1,-1,-1,-1
879,81,1258,781,113,83,1,-1,-1,-1
880,81,1258,781,113,83,1,-1,-1,-1
881,81,1258,780,113,83,1,-1,-1,-1
882,81,1258,780,113,83,1,-1,-1,-1
883,81,1258,781,113,83,1,-1,-1,-1
884,81,1257,780,113,84,1,-1,-1,-1
885,81,1258,780,113,83,1,-1,-1,-1
886,81,1258,780,113,83,1,-1,-1,-1
887,81,1258,780,113,83,1,-1,-1,-1
888,81,1258,780,113,83,1,-1,-1,-1
889,81,1257,781,113,82,1,-1,-1,-1
890,81,1257,780,113,83,1,-1,-1,-1
891,81,1257,781,113,82,1,-1,-1,-1
892,81,1257,780,113,83,1,-1,-1,-1
893,81,1257,781,113,82,1,-1,-1,-1
894,81,1257,781,113,82,1,-1,-1,-1
895,81,1257,781,113,82,1,-1,-1,-1
896,81,1257,781,113,82,1,-1,-1,-1
897,81,1257,781,113,83,1,-1,-1,-1
898,81,1261,782,108,81,1,-1,-1,-1
899,81,1262,782,108,82,1,-1,-1,-1
900,81,1261,782,111,81,1,-1,-1,-1
901,81,1259,781,111,83,1,-1,-1,-1
902,81,1259,781,111,83,1,-1,-1,-1
903,81,1259,781,110,81,1,-1,-1,-1
904,81,1261,781,108,81,1,-1,-1,-1
905,81,1257,782,112,80,1,-1,-1,-1
906,81,1257,781,112,81,1,-1,-1,-1
907,81,1257,781,112,81,1,-1,-1,-1
908,81,1257,781,112,82,1,-1,-1,-1
909,81,1257,781,112,82,1,-1,-1,-1
910,81,1257,782,113,82,1,-1,-1,-1
911,81,1258,781,113,82,1,-1,-1,-1
912,81,1258,780,112,83,1,-1,-1,-1
913,81,1257,780,113,83,1,-1,-1,-1
914,81,1262,782,107,81,1,-1,-1,-1
915,81,1260,782,109,82,1,-1,-1,-1
916,81,1256,781,116,82,1,-1,-1,-1
917,81,1256,781,113,82,1,-1,-1,-1
918,81,1257,782,112,81,1,-1,-1,-1
919,81,1258,781,111,82,1,-1,-1,-1
920,81,1257,781,113,80,1,-1,-1,-1
921,81,1257,781,104,81,1,-1,-1,-1
922,81,1256,780,116,83,1,-1,-1,-1
923,81,1257,780,112,83,1,-1,-1,-1
924,81,1257,780,112,83,1,-1,-1,-1
925,81,1258,780,112,83,1,-1,-1,-1
926,81,1258,780,112,83,1,-1,-1,-1
927,81,1258,780,112,82,1,-1,-1,-1
928,81,1258,780,112,82,1,-1,-1,-1
929,81,1258,780,112,83,1,-1,-1,-1
930,81,1258,781,112,83,1,-1,-1,-1
931,81,1258,781,112,83,1,-1,-1,-1
932,81,1258,781,112,83,1,-1,-1,-1
933,81,1258,781,112,83,1,-1,-1,-1
934,81,1258,781,112,83,1,-1,-1,-1
935,81,1258,781,112,82,1,-1,-1,-1
936,81,1258,781,112,83,1,-1,-1,-1
937,81,1259,780,111,83,1,-1,-1,-1
938,81,1258,780,111,83,1,-1,-1,-1
939,81,1259,780,112,83,1,-1,-1,-1
940,81,1259,780,112,83,1,-1,-1,-1
941,81,1259,780,112,83,1,-1,-1,-1
942,81,1259,781,112,83,1,-1,-1,-1
943,81,1259,781,112,83,1,-1,-1,-1
944,81,1259,781,112,83,1,-1,-1,-1
945,81,1259,781,112,83,1,-1,-1,-1
946,81,1259,781,113,83,1,-1,-1,-1
947,81,1259,780,113,83,1,-1,-1,-1
948,81,1258,780,113,83,1,-1,-1,-1
949,81,1258,782,112,81,1,-1,-1,-1
950,81,1258,782,112,81,1,-1,-1,-1
951,81,1258,782,112,81,1,-1,-1,-1
952,81,1258,782,112,81,1,-1,-1,-1
953,81,1258,782,112,81,1,-1,-1,-1
954,81,1258,782,112,81,1,-1,-1,-1
955,81,1258,782,112,81,1,-1,-1,-1
956,81,1258,782,112,81,1,-1,-1,-1
957,81,1258,782,112,81,1,-1,-1,-1
958,81,1258,782,112,81,1,-1,-1,-1
959,81,1258,782,112,82,1,-1,-1,-1
960,81,1258,781,112,82,1,-1,-1,-1
961,81,1258,781,112,82,1,-1,-1,-1
962,81,1258,781,112,82,1,-1,-1,-1
963,81,1258,782,112,82,1,-1,-1,-1
964,81,1258,782,112,82,1,-1,-1,-1
965,81,1258,782,112,82,1,-1,-1,-1
966,81,1258,782,112,82,1,-1,-1,-1
967,81,1258,782,112,82,1,-1,-1,-1
968,81,1258,782,112,81,1,-1,-1,-1
969,81,1258,781,112,82,1,-1,-1,-1
970,81,1258,781,112,82,1,-1,-1,-1
971,81,1258,781,112,82,1,-1,-1,-1
972,81,1258,781,112,82,1,-1,-1,-1
973,81,1259,781,111,82,1,-1,-1,-1
974,81,1259,781,111,82,1,-1,-1,-1
975,81,1259,781,111,82,1,-1,-1,-1
976,81,1259,781,111,83,1,-1,-1,-1
977,81,1259,781,111,82,1,-1,-1,-1
978,81,1259,781,111,82,1,-1,-1,-1
979,81,1258,781,111,82,1,-1,-1,-1
980,81,1258,781,112,82,1,-1,-1,-1
981,81,1258,782,112,82,1,-1,-1,-1
982,81,1258,781,112,82,1,-1,-1,-1
983,81,1257,781,112,82,1,-1,-1,-1
984,81,1257,781,112,82,1,-1,-1,-1
985,81,1258,782,112,82,1,-1,-1,-1
986,81,1258,782,112,82,1,-1,-1,-1
987,81,1258,782,112,82,1,-1,-1,-1
988,81,1259,782,111,82,1,-1,-1,-1
989,81,1259,782,111,82,1,-1,-1,-1
990,81,1259,782,111,82,1,-1,-1,-1
991,81,1259,782,111,82,1,-1,-1,-1
992,81,1259,781,111,82,1,-1,-1,-1
993,81,1259,782,111,82,1,-1,-1,-1
994,81,1259,782,111,82,1,-1,-1,-1
995,81,1259,782,111,82,1,-1,-1,-1
996,81,1259,782,111,82,1,-1,-1,-1
997,81,1259,782,111,82,1,-1,-1,-1
998,81,1259,782,111,81,1,-1,-1,-1
999,81,1258,782,111,81,1,-1,-1,-1
1000,81,1258,782,111,81,1,-1,-1,-1
1001,81,1257,782,111,82,1,-1,-1,-1
1002,81,1257,782,111,82,1,-1,-1,-1
1003,81,1257,782,111,82,1,-1,-1,-1
1004,81,1257,782,112,82,1,-1,-1,-1
1005,81,1257,782,112,82,1,-1,-1,-1
1006,81,1257,782,112,82,1,-1,-1,-1
1007,81,1257,782,112,82,1,-1,-1,-1
1008,81,1257,782,112,82,1,-1,-1,-1
1009,81,1257,780,112,83,1,-1,-1,-1
1010,81,1256,779,116,84,1,-1,-1,-1
1011,81,1256,779,116,84,1,-1,-1,-1
1012,81,1256,779,116,84,1,-1,-1,-1
1013,81,1258,780,114,84,1,-1,-1,-1
1014,81,1256,779,116,84,1,-1,-1,-1
1015,81,1257,781,112,83,1,-1,-1,-1
1016,81,1256,779,116,84,1,-1,-1,-1
1017,81,1258,781,112,83,1,-1,-1,-1
1018,81,1258,780,112,83,1,-1,-1,-1
1019,81,1258,781,112,83,1,-1,-1,-1
1020,81,1258,780,112,83,1,-1,-1,-1
1021,81,1258,781,112,83,1,-1,-1,-1
1022,81,1258,781,112,83,1,-1,-1,-1
1023,81,1258,781,112,83,1,-1,-1,-1
1024,81,1258,781,112,82,1,-1,-1,-1
1025,81,1258,781,112,82,1,-1,-1,-1
1026,81,1258,781,112,82,1,-1,-1,-1
1027,81,1257,781,113,83,1,-1,-1,-1
1028,81,1257,781,113,83,1,-1,-1,-1
1029,81,1257,781,113,83,1,-1,-1,-1
1030,81,1257,781,113,83,1,-1,-1,-1
1031,81,1257,780,113,83,1,-1,-1,-1
1032,81,1258,780,112,83,1,-1,-1,-1
1033,81,1257,781,114,83,1,-1,-1,-1
1034,81,1257,780,114,83,1,-1,-1,-1
1035,81,1257,781,114,83,1,-1,-1,-1
1036,81,1257,780,114,83,1,-1,-1,-1
1037,81,1256,781,115,83,1,-1,-1,-1
1038,81,1256,781,115,83,1,-1,-1,-1
1039,81,1258,781,115,82,1,-1,-1,-1
1040,81,1257,780,116,83,1,-1,-1,-1
1041,81,1256,778,115,85,1,-1,-1,-1
1042,81,1256,779,115,84,1,-1,-1,-1
1043,81,1259,779,112,84,1,-1,-1,-1
1044,81,1259,780,113,83,1,-1,-1,-1
1045,81,1257,781,114,83,1,-1,-1,-1
1046,81,1258,780,113,83,1,-1,-1,-1
1047,81,1258,779,113,84,1,-1,-1,-1
1048,81,1258,780,113,83,1,-1,-1,-1
1049,81,1258,780,113,83,1,-1,-1,-1
1050,81,1257,780,114,84,1,-1,-1,-1
1051,81,1259,780,112,83,1,-1,-1,-1
1052,81,1260,781,111,82,1,-1,-1,-1
1053,81,1260,781,111,82,1,-1,-1,-1
1054,81,1260,781,110,82,1,-1,-1,-1
1055,81,1260,781,110,83,1,-1,-1,-1
1056,81,1259,781,111,83,1,-1,-1,-1
1057,81,1256,780,115,84,1,-1,-1,-1
1058,81,1256,780,114,84,1,-1,-1,-1
1059,81,1255,779,115,84,1,-1,-1,-1
1060,81,1254,780,117,84,1,-1,-1,-1
1061,81,1254,780,117,83,1,-1,-1,-1
1062,81,1254,781,116,83,1,-1,-1,-1
1063,81,1254,781,116,83,1,-1,-1,-1
1064,81,1254,781,116,83,1,-1,-1,-1
1065,81,1254,780,116,83,1,-1,-1,-1
1066,81,1255,781,116,82,1,-1,-1,-1
1067,81,1255,781,115,83,1,-1,-1,-1
1068,81,1255,781,116,83,1,-1,-1,-1
1069,81,1251,781,118,83,1,-1,-1,-1
1070,81,1251,781,119,82,1,-1,-1,-1
1071,81,1252,781,118,83,1,-1,-1,-1
1072,81,1245,780,124,84,1,-1,-1,-1
1073,81,1245,780,125,84,1,-1,-1,-1
1074,81,1246,780,124,84,1,-1,-1,-1
1075,81,1246,780,123,83,1,-1,-1,-1
1076,81,1247,780,123,84,1,-1,-1,-1
1077,81,1249,780,121,84,1,-1,-1,-1
1078,81,1248,779,122,84,1,-1,-1,-1
1079,81,1247,779,124,84,1,-1,-1,-1
1080,81,1247,779,124,84,1,-1,-1,-1
1081,81,1245,780,125,84,1,-1,-1,-1
1082,81,1252,780,118,83,1,-1,-1,-1
1083,81,1254,781,116,83,1,-1,-1,-1
1084,81,1254,781,117,83,1,-1,-1,-1
1085,81,1254,781,116,83,1,-1,-1,-1
1086,81,1254,781,116,83,1,-1,-1,-1
1087,81,1255,781,114,83,1,-1,-1,-1
1088,81,1253,780,116,83,1,-1,-1,-1
1089,81,1250,780,120,83,1,-1,-1,-1
1090,81,1249,780,121,83,1,-1,-1,-1
1091,81,1250,780,120,83,1,-1,-1,-1
1092,81,1251,780,120,84,1,-1,-1,-1
1093,81,1254,781,115,83,1,-1,-1,-1
1094,81,1253,780,116,83,1,-1,-1,-1
1095,81,1252,780,117,83,1,-1,-1,-1
1096,81,1251,780,119,83,1,-1,-1,-1
1097,81,1250,780,119,83,1,-1,-1,-1
1098,81,1251,780,118,83,1,-1,-1,-1
1099,81,1259,781,110,83,1,-1,-1,-1
1100,81,1259,780,110,83,1,-1,-1,-1
1101,81,1259,780,110,83,1,-1,-1,-1
1102,81,1259,781,111,82,1,-1,-1,-1
1103,81,1259,781,111,82,1,-1,-1,-1
1104,81,1259,782,111,82,1,-1,-1,-1
1105,81,1258,781,112,82,1,-1,-1,-1
1106,81,1257,781,113,82,1,-1,-1,-1
1107,81,1257,782,113,81,1,-1,-1,-1
1108,81,1256,782,114,82,1,-1,-1,-1
1109,81,1257,782,113,82,1,-1,-1,-1
1110,81,1257,782,113,82,1,-1,-1,-1
1111,81,1257,781,113,82,1,-1,-1,-1
1112,81,1256,782,115,82,1,-1,-1,-1
1113,81,1256,782,114,82,1,-1,-1,-1
1114,81,1256,782,114,81,1,-1,-1,-1
1115,81,1256,782,114,82,1,-1,-1,-1
1116,81,1257,782,114,82,1,-1,-1,-1
1117,81,1257,781,113,83,1,-1,-1,-1
1118,81,1257,781,113,83,1,-1,-1,-1
1119,81,1257,781,112,83,1,-1,-1,-1
1120,81,1257,781,113,83,1,-1,-1,-1
1121,81,1257,781,113,83,1,-1,-1,-1
1122,81,1257,781,113,82,1,-1,-1,-1
1123,81,1256,781,113,82,1,-1,-1,-1
1124,81,1256,781,113,82,1,-1,-1,-1
1125,81,1256,781,113,82,1,-1,-1,-1
1126,81,1256,781,113,82,1,-1,-1,-1
1127,81,1256,782,113,82,1,-1,-1,-1
1128,81,1256,781,113,82,1,-1,-1,-1
1129,81,1256,782,114,81,1,-1,-1,-1
1130,81,1255,782,115,81,1,-1,-1,-1
1131,81,1255,782,115,81,1,-1,-1,-1
1132,81,1257,782,113,81,1,-1,-1,-1
1133,81,1257,782,113,81,1,-1,-1,-1
1134,81,1257,783,114,80,1,-1,-1,-1
1135,81,1257,783,113,80,1,-1,-1,-1
1136,81,1257,783,113,80,1,-1,-1,-1
1137,81,1257,783,113,80,1,-1,-1,-1
1138,81,1257,783,113,80,1,-1,-1,-1
1139,81,1257,783,113,80,1,-1,-1,-1
1140,81,1257,783,113,80,1,-1,-1,-1
1141,81,1257,783,114,80,1,-1,-1,-1
1142,81,1258,783,112,81,1,-1,-1,-1
1143,81,1258,783,112,81,1,-1,-1,-1
1144,81,1258,783,112,81,1,-1,-1,-1
1145,81,1258,783,112,81,1,-1,-1,-1
1146,81,1258,783,112,81,1,-1,-1,-1
1147,81,1258,783,112,81,1,-1,-1,-1
1148,81,1258,783,112,81,1,-1,-1,-1
1149,81,1258,783,112,80,1,-1,-1,-1
1150,81,1258,783,112,80,1,-1,-1,-1
1151,81,1258,783,112,81,1,-1,-1,-1
1152,81,1258,783,112,80,1,-1,-1,-1
1153,81,1256,782,113,82,1,-1,-1,-1
1154,81,1256,782,112,82,1,-1,-1,-1
1155,81,1256,782,113,82,1,-1,-1,-1
1156,81,1256,782,113,82,1,-1,-1,-1
1157,81,1256,782,112,82,1,-1,-1,-1
1158,81,1256,782,112,82,1,-1,-1,-1
1159,81,1257,782,112,82,1,-1,-1,-1
1160,81,1257,782,112,82,1,-1,-1,-1
1161,81,1257,782,112,82,1,-1,-1,-1
1162,81,1257,782,113,81,1,-1,-1,-1
1163,81,1257,782,113,82,1,-1,-1,-1
1164,81,1257,782,113,82,1,-1,-1,-1
1165,81,1257,782,113,82,1,-1,-1,-1
1166,81,1257,782,113,82,1,-1,-1,-1
1167,81,1257,782,113,82,1,-1,-1,-1
1168,81,1257,782,113,82,1,-1,-1,-1
1169,81,1257,782,113,82,1,-1,-1,-1
1170,81,1257,782,113,81,1,-1,-1,-1
1171,81,1256,783,114,81,1,-1,-1,-1
1172,81,1256,782,114,82,1,-1,-1,-1
1173,81,1256,782,114,82,1,-1,-1,-1
1174,81,1256,782,114,82,1,-1,-1,-1
1175,81,1256,782,114,82,1,-1,-1,-1
1176,81,1256,782,115,82,1,-1,-1,-1
1177,81,1256,782,113,81,1,-1,-1,-1
1178,81,1256,782,113,81,1,-1,-1,-1
1179,81,1255,782,113,81,1,-1,-1,-1
1180,81,1255,782,113,81,1,-1,-1,-1
1181,81,1255,782,113,81,1,-1,-1,-1
1182,81,1257,782,112,81,1,-1,-1,-1
1183,81,1257,782,112,81,1,-1,-1,-1
1184,81,1257,782,112,81,1,-1,-1,-1
1185,81,1257,782,112,81,1,-1,-1,-1
1186,81,1257,782,112,81,1,-1,-1,-1
1187,81,1257,782,112,81,1,-1,-1,-1
1188,81,1257,782,113,81,1,-1,-1,-1
1189,81,1257,782,112,82,1,-1,-1,-1
1190,81,1257,782,112,81,1,-1,-1,-1
1191,81,1257,782,112,81,1,-1,-1,-1
1192,81,1255,782,113,82,1,-1,-1,-1
1193,81,1256,782,113,82,1,-1,-1,-1
1194,81,1256,782,113,82,1,-1,-1,-1
1195,81,1256,782,113,82,1,-1,-1,-1
1196,81,1255,782,113,82,1,-1,-1,-1
1197,81,1255,782,113,82,1,-1,-1,-1
1198,81,1255,782,113,82,1,-1,-1,-1
1199,81,1255,782,113,82,1,-1,-1,-1
1200,81,1256,782,113,82,1,-1,-1,-1
1201,81,1255,782,114,81,1,-1,-1,-1
1202,81,1255,783,114,81,1,-1,-1,-1
1203,81,1255,782,114,81,1,-1,-1,-1
1204,81,1255,783,114,81,1,-1,-1,-1
1205,81,1255,783,114,81,1,-1,-1,-1
1206,81,1255,782,114,81,1,-1,-1,-1
1207,81,1255,783,114,81,1,-1,-1,-1
1208,81,1255,783,114,81,1,-1,-1,-1
1209,81,1255,783,114,81,1,-1,-1,-1
1210,81,1255,783,114,81,1,-1,-1,-1
1211,81,1255,782,114,81,1,-1,-1,-1
1212,81,1255,782,114,81,1,-1,-1,-1
1213,81,1256,782,113,82,1,-1,-1,-1
1214,81,1256,782,113,82,1,-1,-1,-1
1215,81,1256,782,114,82,1,-1,-1,-1
1216,81,1256,782,114,82,1,-1,-1,-1
1217,81,1256,782,113,82,1,-1,-1,-1
1218,81,1256,782,113,82,1,-1,-1,-1
1219,81,1256,782,113,82,1,-1,-1,-1
1220,81,1256,782,113,82,1,-1,-1,-1
1221,81,1256,782,113,82,1,-1,-1,-1
1222,81,1256,782,113,82,1,-1,-1,-1
1223,81,1256,782,113,82,1,-1,-1,-1
1224,81,1256,782,113,82,1,-1,-1,-1
1225,81,1256,782,113,82,1,-1,-1,-1
1226,81,1256,782,113,82,1,-1,-1,-1
1227,81,1256,782,114,82,1,-1,-1,-1
1228,81,1255,782,114,82,1,-1,-1,-1
1229,81,1255,782,114,82,1,-1,-1,-1
1230,81,1255,782,114,82,1,-1,-1,-1
1231,81,1255,782,114,82,1,-1,-1,-1
1232,81,1255,782,114,82,1,-1,-1,-1
1233,81,1255,782,114,82,1,-1,-1,-1
1234,81,1255,782,114,82,1,-1,-1,-1
1235,81,1255,782,114,82,1,-1,-1,-1
1236,81,1255,782,114,82,1,-1,-1,-1
1237,81,1255,782,114,82,1,-1,-1,-1
1238,81,1255,782,114,82,1,-1,-1,-1
1239,81,1255,782,114,82,1,-1,-1,-1
1240,81,1255,782,114,82,1,-1,-1,-1
1241,81,1255,782,114,82,1,-1,-1,-1
1242,81,1255,782,114,82,1,-1,-1,-1
1243,81,1255,782,114,82,1,-1,-1,-1
1244,81,1255,782,114,82,1,-1,-1,-1
1245,81,1255,782,114,82,1,-1,-1,-1
1246,81,1255,782,114,82,1,-1,-1,-1
1247,81,1255,782,114,82,1,-1,-1,-1
1248,81,1255,782,114,82,1,-1,-1,-1
1249,81,1255,782,114,82,1,-1,-1,-1
1250,81,1255,782,114,82,1,-1,-1,-1
1251,81,1256,782,113,82,1,-1,-1,-1
1252,81,1256,782,113,82,1,-1,-1,-1
1253,81,1256,782,113,82,1,-1,-1,-1
1254,81,1256,782,113,82,1,-1,-1,-1
1255,81,1256,782,113,82,1,-1,-1,-1
1256,81,1256,782,113,82,1,-1,-1,-1
1257,81,1256,782,113,82,1,-1,-1,-1
1258,81,1256,782,113,82,1,-1,-1,-1
1259,81,1256,782,113,82,1,-1,-1,-1
1260,81,1256,782,112,82,1,-1,-1,-1
1261,81,1256,782,113,82,1,-1,-1,-1
1262,81,1257,781,113,82,1,-1,-1,-1
1263,81,1256,781,113,83,1,-1,-1,-1
1264,81,1257,781,113,83,1,-1,-1,-1
1265,81,1257,781,113,83,1,-1,-1,-1
1266,81,1256,781,113,83,1,-1,-1,-1
1267,81,1256,781,113,83,1,-1,-1,-1
1268,81,1256,781,113,83,1,-1,-1,-1
1269,81,1256,781,113,83,1,-1,-1,-1
1270,81,1256,781,113,82,1,-1,-1,-1
1271,81,1256,781,113,82,1,-1,-1,-1
1272,81,1257,782,113,82,1,-1,-1,-1
1273,81,1258,782,112,82,1,-1,-1,-1
1274,81,1258,782,112,82,1,-1,-1,-1
1275,81,1258,782,112,82,1,-1,-1,-1
1276,81,1258,782,112,82,1,-1,-1,-1
1277,81,1258,782,112,82,1,-1,-1,-1
1278,81,1258,782,112,82,1,-1,-1,-1
1279,81,1258,782,112,82,1,-1,-1,-1
1280,81,1258,782,112,82,1,-1,-1,-1
1281,81,1258,782,112,82,1,-1,-1,-1
1282,81,1258,782,111,82,1,-1,-1,-1
1283,81,1258,782,111,82,1,-1,-1,-1
1284,81,1258,782,111,82,1,-1,-1,-1
1285,81,1258,781,111,82,1,-1,-1,-1
1286,81,1258,781,111,82,1,-1,-1,-1
1287,81,1258,781,111,82,1,-1,-1,-1
1288,81,1258,781,111,82,1,-1,-1,-1
1289,81,1258,781,111,82,1,-1,-1,-1
1290,81,1258,781,111,82,1,-1,-1,-1
1291,81,1258,781,111,82,1,-1,-1,-1
1292,81,1258,781,111,82,1,-1,-1,-1
1293,81,1258,781,111,82,1,-1,-1,-1
1294,81,1258,781,111,82,1,-1,-1,-1
1295,81,1258,781,111,82,1,-1,-1,-1
1296,81,1258,781,111,82,1,-1,-1,-1
1297,81,1258,781,111,82,1,-1,-1,-1
1298,81,1258,781,111,82,1,-1,-1,-1
1299,81,1258,781,111,82,1,-1,-1,-1
1300,81,1258,781,111,82,1,-1,-1,-1
1301,81,1258,781,111,82,1,-1,-1,-1
1302,81,1258,781,111,82,1,-1,-1,-1
1303,81,1258,781,111,82,1,-1,-1,-1
1304,81,1258,781,111,82,1,-1,-1,-1
1305,81,1258,781,111,82,1,-1,-1,-1
1306,81,1258,781,111,82,1,-1,-1,-1
1307,81,1258,781,111,83,1,-1,-1,-1
1308,81,1258,781,111,82,1,-1,-1,-1
1309,81,1259,781,111,82,1,-1,-1,-1
1310,81,1259,781,111,82,1,-1,-1,-1
1311,81,1259,781,111,82,1,-1,-1,-1
1312,81,1259,782,111,82,1,-1,-1,-1
1313,81,1259,782,111,82,1,-1,-1,-1
1314,81,1259,782,111,82,1,-1,-1,-1
1315,81,1259,782,111,82,1,-1,-1,-1
1316,81,1259,782,111,82,1,-1,-1,-1
1317,81,1259,782,111,82,1,-1,-1,-1
1318,81,1259,782,111,82,1,-1,-1,-1
1319,81,1259,782,111,82,1,-1,-1,-1
1320,81,1259,782,111,82,1,-1,-1,-1
1321,81,1258,782,111,82,1,-1,-1,-1
1322,81,1258,782,111,82,1,-1,-1,-1
1323,81,1258,782,111,82,1,-1,-1,-1
1324,81,1258,782,111,82,1,-1,-1,-1
1325,81,1258,782,111,82,1,-1,-1,-1
1326,81,1258,782,111,82,1,-1,-1,-1
1327,81,1258,782,111,82,1,-1,-1,-1
1328,81,1258,782,111,82,1,-1,-1,-1
1329,81,1258,782,111,82,1,-1,-1,-1
1330,81,1258,782,111,82,1,-1,-1,-1
1331,81,1258,782,111,82,1,-1,-1,-1
1332,81,1257,782,112,82,1,-1,-1,-1
1333,81,1256,783,114,81,1,-1,-1,-1
1334,81,1256,783,114,81,1,-1,-1,-1
1335,81,1256,783,114,81,1,-1,-1,-1
1336,81,1256,783,114,81,1,-1,-1,-1
1337,81,1256,783,114,81,1,-1,-1,-1
1338,81,1256,783,114,81,1,-1,-1,-1
1339,81,1256,783,114,81,1,-1,-1,-1
1340,81,1256,783,114,81,1,-1,-1,-1
1341,81,1256,783,114,81,1,-1,-1,-1
1342,81,1256,783,114,81,1,-1,-1,-1
1343,81,1256,783,114,81,1,-1,-1,-1
1344,81,1256,783,114,81,1,-1,-1,-1
1345,81,1256,783,114,81,1,-1,-1,-1
1346,81,1256,783,114,81,1,-1,-1,-1
1347,81,1256,783,114,81,1,-1,-1,-1
1348,81,1256,783,114,81,1,-1,-1,-1
1349,81,1256,783,114,81,1,-1,-1,-1
1350,81,1256,783,114,81,1,-1,-1,-1
1351,81,1256,783,114,81,1,-1,-1,-1
1352,81,1256,783,114,81,1,-1,-1,-1
1353,81,1256,783,114,81,1,-1,-1,-1
1354,81,1256,783,114,81,1,-1,-1,-1
1355,81,1256,783,114,81,1,-1,-1,-1
1356,81,1256,783,114,81,1,-1,-1,-1
1357,81,1256,783,114,81,1,-1,-1,-1
1358,81,1256,783,114,81,1,-1,-1,-1
1359,81,1256,783,114,81,1,-1,-1,-1
1360,81,1256,783,114,81,1,-1,-1,-1
1361,81,1256,783,114,81,1,-1,-1,-1
1362,81,1256,783,114,81,1,-1,-1,-1
1363,81,1256,783,114,81,1,-1,-1,-1
1364,81,1256,783,114,81,1,-1,-1,-1
1365,81,1256,783,114,81,1,-1,-1,-1
1366,81,1256,783,114,81,1,-1,-1,-1
1367,81,1256,783,114,81,1,-1,-1,-1
1368,81,1256,783,114,81,1,-1,-1,-1
1369,81,1256,783,114,81,1,-1,-1,-1
1370,81,1256,783,114,81,1,-1,-1,-1
1371,81,1256,783,114,81,1,-1,-1,-1
1372,81,1256,783,114,81,1,-1,-1,-1
1373,81,1256,783,114,81,1,-1,-1,-1
1374,81,1257,782,112,82,1,-1,-1,-1
1375,81,1257,782,112,82,1,-1,-1,-1
1376,81,1257,782,112,82,1,-1,-1,-1
1377,81,1257,782,112,82,1,-1,-1,-1
1378,81,1257,782,113,82,1,-1,-1,-1
1379,81,1257,782,112,82,1,-1,-1,-1
1380,81,1257,782,112,82,1,-1,-1,-1
1381,81,1257,782,111,82,1,-1,-1,-1
1382,81,1257,782,111,82,1,-1,-1,-1
1383,81,1257,782,111,82,1,-1,-1,-1
1384,81,1257,782,111,82,1,-1,-1,-1
1385,81,1257,782,111,82,1,-1,-1,-1
1386,81,1257,782,111,81,1,-1,-1,-1
1387,81,1257,782,111,81,1,-1,-1,-1
1388,81,1257,782,111,82,1,-1,-1,-1
1389,81,1257,782,111,82,1,-1,-1,-1
1390,81,1257,782,111,82,1,-1,-1,-1
1391,81,1257,782,111,82,1,-1,-1,-1
1392,81,1257,782,113,81,1,-1,-1,-1
1393,81,1259,782,111,81,1,-1,-1,-1
1394,81,1259,782,111,81,1,-1,-1,-1
1395,81,1259,782,111,81,1,-1,-1,-1
1396,81,1259,782,111,82,1,-1,-1,-1
1397,81,1259,782,111,82,1,-1,-1,-1
1398,81,1258,782,112,81,1,-1,-1,-1
1399,81,1258,782,112,81,1,-1,-1,-1
1400,81,1258,782,112,81,1,-1,-1,-1
1401,81,1258,782,112,81,1,-1,-1,-1
1402,81,1257,784,111,80,1,-1,-1,-1
1403,81,1257,784,111,80,1,-1,-1,-1
1404,81,1257,784,111,80,1,-1,-1,-1
1405,81,1257,782,112,81,1,-1,-1,-1
1406,81,1257,782,112,81,1,-1,-1,-1
1407,81,1257,782,112,81,1,-1,-1,-1
1408,81,1257,782,112,81,1,-1,-1,-1
1409,81,1257,782,112,82,1,-1,-1,-1
1410,81,1257,782,112,82,1,-1,-1,-1
1411,81,1257,782,112,81,1,-1,-1,-1
1412,81,1257,782,112,81,1,-1,-1,-1
1413,81,1257,782,112,81,1,-1,-1,-1
1414,81,1257,782,112,81,1,-1,-1,-1
1415,81,1257,782,112,81,1,-1,-1,-1
1416,81,1257,783,112,81,1,-1,-1,-1
1417,81,1257,783,112,81,1,-1,-1,-1
1418,81,1257,783,112,81,1,-1,-1,-1
1419,81,1257,783,112,81,1,-1,-1,-1
1420,81,1257,783,112,81,1,-1,-1,-1
1421,81,1257,783,112,81,1,-1,-1,-1
1422,81,1257,782,112,82,1,-1,-1,-1
1423,81,1257,782,112,82,1,-1,-1,-1
1424,81,1257,782,112,82,1,-1,-1,-1
1425,81,1257,782,112,82,1,-1,-1,-1
1426,81,1257,782,112,82,1,-1,-1,-1
1427,81,1257,782,112,82,1,-1,-1,-1
1428,81,1257,782,112,82,1,-1,-1,-1
1429,81,1258,782,111,82,1,-1,-1,-1
1430,81,1258,782,111,82,1,-1,-1,-1
1431,81,1258,782,111,82,1,-1,-1,-1
1432,81,1257,782,112,82,1,-1,-1,-1
1433,81,1258,782,112,82,1,-1,-1,-1
1434,81,1258,782,112,82,1,-1,-1,-1
1435,81,1258,782,112,82,1,-1,-1,-1
1436,81,1258,782,112,82,1,-1,-1,-1
1437,81,1258,782,112,82,1,-1,-1,-1
1438,81,1258,782,112,82,1,-1,-1,-1
1439,81,1257,781,112,82,1,-1,-1,-1
1440,81,1257,781,112,82,1,-1,-1,-1
1441,81,1257,781,112,82,1,-1,-1,-1
1442,81,1258,781,112,82,1,-1,-1,-1
1443,81,1258,781,112,82,1,-1,-1,-1
1444,81,1258,781,112,82,1,-1,-1,-1
1445,81,1258,781,112,82,1,-1,-1,-1
1446,81,1258,781,112,82,1,-1,-1,-1
1447,81,1258,782,112,82,1,-1,-1,-1
1448,81,1258,782,112,82,1,-1,-1,-1
1449,81,1258,781,112,82,1,-1,-1,-1
1450,81,1258,781,112,82,1,-1,-1,-1
1451,81,1258,781,112,82,1,-1,-1,-1
1452,81,1257,781,112,83,1,-1,-1,-1
1453,81,1257,781,113,83,1,-1,-1,-1
1454,81,1257,781,112,83,1,-1,-1,-1
1455,81,1257,781,112,83,1,-1,-1,-1
1456,81,1257,781,112,83,1,-1,-1,-1
1457,81,1257,781,112,83,1,-1,-1,-1
1458,81,1257,781,113,83,1,-1,-1,-1
1459,81,1257,781,112,83,1,-1,-1,-1
1460,81,1258,781,112,83,1,-1,-1,-1
1461,81,1257,781,112,83,1,-1,-1,-1
1462,81,1257,781,112,83,1,-1,-1,-1
1463,81,1257,781,113,83,1,-1,-1,-1
1464,81,1257,781,113,83,1,-1,-1,-1
1465,81,1258,781,112,83,1,-1,-1,-1
1466,81,1258,781,112,83,1,-1,-1,-1
1467,81,1258,781,112,83,1,-1,-1,-1
1468,81,1258,781,112,83,1,-1,-1,-1
1469,81,1258,781,112,83,1,-1,-1,-1
1470,81,1258,781,112,83,1,-1,-1,-1
1471,81,1257,781,112,83,1,-1,-1,-1
1472,81,1257,781,112,83,1,-1,-1,-1
1473,81,1257,781,112,83,1,-1,-1,-1
1474,81,1257,781,112,83,1,-1,-1,-1
1475,81,1257,781,112,83,1,-1,-1,-1
1476,81,1257,781,112,83,1,-1,-1,-1
1477,81,1257,781,112,82,1,-1,-1,-1
1478,81,1257,781,112,82,1,-1,-1,-1
1479,81,1257,781,112,82,1,-1,-1,-1
1480,81,1257,781,113,82,1,-1,-1,-1
1481,81,1257,781,113,82,1,-1,-1,-1
1482,81,1257,781,113,82,1,-1,-1,-1
1483,81,1257,781,112,82,1,-1,-1,-1
1484,81,1257,781,112,82,1,-1,-1,-1
1485,81,1257,781,113,83,1,-1,-1,-1
1486,81,1257,780,112,83,1,-1,-1,-1
1487,81,1257,780,112,83,1,-1,-1,-1
1488,81,1257,781,113,83,1,-1,-1,-1
1489,81,1256,779,114,84,1,-1,-1,-1
1490,81,1256,780,114,84,1,-1,-1,-1
1491,81,1255,779,113,84,1,-1,-1,-1
1492,81,1255,779,114,85,1,-1,-1,-1
1493,81,1255,778,114,85,1,-1,-1,-1
1494,81,1255,780,114,83,1,-1,-1,-1
1495,81,1255,780,114,83,1,-1,-1,-1
1496,81,1256,781,113,83,1,-1,-1,-1
1497,81,1257,781,113,82,1,-1,-1,-1
1498,81,1257,781,113,82,1,-1,-1,-1
1499,81,1257,781,113,82,1,-1,-1,-1
1500,81,1257,781,113,82,1,-1,-1,-1
1501,81,1256,782,113,81,1,-1,-1,-1
1502,81,1257,781,112,82,1,-1,-1,-1
1503,81,1257,781,113,82,1,-1,-1,-1
1504,81,1258,781,113,82,1,-1,-1,-1
1505,81,1257,781,113,82,1,-1,-1,-1
1506,81,1257,781,113,82,1,-1,-1,-1
1507,81,1258,781,112,82,1,-1,-1,-1
1508,81,1258,781,112,82,1,-1,-1,-1
1509,81,1258,781,113,82,1,-1,-1,-1
1510,81,1258,781,112,82,1,-1,-1,-1
1511,81,1258,781,113,82,1,-1,-1,-1
1512,81,1258,781,112,82,1,-1,-1,-1
1513,81,1258,782,114,82,1,-1,-1,-1
1514,81,1258,782,114,82,1,-1,-1,-1
1515,81,1258,782,114,82,1,-1,-1,-1
1516,81,1258,782,114,82,1,-1,-1,-1
1517,81,1258,782,114,82,1,-1,-1,-1
1518,81,1258,782,114,82,1,-1,-1,-1
1519,81,1258,782,114,82,1,-1,-1,-1
1520,81,1258,782,114,82,1,-1,-1,-1
1521,81,1258,781,114,82,1,-1,-1,-1
1522,81,1258,781,114,82,1,-1,-1,-1
1523,81,1258,781,114,82,1,-1,-1,-1
1524,81,1258,782,114,82,1,-1,-1,-1
1525,81,1257,782,114,82,1,-1,-1,-1
1526,81,1257,782,114,82,1,-1,-1,-1
1527,81,1257,782,114,82,1,-1,-1,-1
1528,81,1257,782,114,82,1,-1,-1,-1
1529,81,1257,781,114,82,1,-1,-1,-1
1530,81,1257,782,114,82,1,-1,-1,-1
1531,81,1257,782,114,82,1,-1,-1,-1
1532,81,1258,782,114,82,1,-1,-1,-1
1533,81,1258,782,114,82,1,-1,-1,-1
1534,81,1258,782,114,82,1,-1,-1,-1
1535,81,1258,782,114,82,1,-1,-1,-1
1536,81,1257,782,114,82,1,-1,-1,-1
1537,81,1258,782,113,82,1,-1,-1,-1
1538,81,1257,782,114,82,1,-1,-1,-1
1539,81,1257,781,114,82,1,-1,-1,-1
1540,81,1257,781,114,82,1,-1,-1,-1
1541,81,1257,781,114,82,1,-1,-1,-1
1542,81,1257,781,114,82,1,-1,-1,-1
1543,81,1257,781,114,82,1,-1,-1,-1
1544,81,1257,781,114,82,1,-1,-1,-1
1545,81,1257,782,114,82,1,-1,-1,-1
1546,81,1257,782,114,82,1,-1,-1,-1
1547,81,1258,781,114,82,1,-1,-1,-1
1548,81,1258,781,114,82,1,-1,-1,-1
1549,81,1257,781,114,82,1,-1,-1,-1
1550,81,1258,781,114,82,1,-1,-1,-1
1551,81,1258,781,114,82,1,-1,-1,-1
1552,81,1258,782,113,82,1,-1,-1,-1
1553,81,1258,782,113,82,1,-1,-1,-1
1554,81,1258,782,113,82,1,-1,-1,-1
1555,81,1258,782,113,82,1,-1,-1,-1
1556,81,1258,782,113,82,1,-1,-1,-1
1557,81,1258,782,113,82,1,-1,-1,-1
1558,81,1258,782,113,82,1,-1,-1,-1
1559,81,1258,782,113,82,1,-1,-1,-1
1560,81,1258,781,113,82,1,-1,-1,-1
1561,81,1257,781,113,83,1,-1,-1,-1
1562,81,1257,781,113,83,1,-1,-1,-1
1563,81,1257,781,113,83,1,-1,-1,-1
1564,81,1257,781,113,83,1,-1,-1,-1
1565,81,1257,780,113,83,1,-1,-1,-1
1566,81,1257,780,113,84,1,-1,-1,-1
1567,81,1257,781,113,83,1,-1,-1,-1
1568,81,1257,781,113,83,1,-1,-1,-1
1569,81,1257,781,113,83,1,-1,-1,-1
1570,81,1257,781,113,83,1,-1,-1,-1
1571,81,1257,781,113,83,1,-1,-1,-1
1572,81,1258,781,113,83,1,-1,-1,-1
1573,81,1257,781,113,82,1,-1,-1,-1
1574,81,1257,781,113,82,1,-1,-1,-1
1575,81,1257,782,113,82,1,-1,-1,-1
1576,81,1257,782,113,82,1,-1,-1,-1
1577,81,1257,782,113,82,1,-1,-1,-1
1578,81,1257,782,113,82,1,-1,-1,-1
1579,81,1257,782,113,82,1,-1,-1,-1
1580,81,1257,781,113,82,1,-1,-1,-1
1581,81,1257,781,113,82,1,-1,-1,-1
1582,81,1257,781,113,82,1,-1,-1,-1
1583,81,1257,781,113,82,1,-1,-1,-1
1584,81,1257,781,113,82,1,-1,-1,-1
1585,81,1257,782,113,82,1,-1,-1,-1
1586,81,1257,782,113,82,1,-1,-1,-1
1587,81,1257,782,113,82,1,-1,-1,-1
1588,81,1257,781,113,82,1,-1,-1,-1
1589,81,1256,782,113,82,1,-1,-1,-1
1590,81,1256,782,113,82,1,-1,-1,-1
1591,81,1256,782,113,82,1,-1,-1,-1
1592,81,1256,782,113,82,1,-1,-1,-1
1593,81,1256,782,113,82,1,-1,-1,-1
1594,81,1256,782,113,82,1,-1,-1,-1
1595,81,1256,782,113,81,1,-1,-1,-1
1596,81,1256,782,113,82,1,-1,-1,-1
1597,81,1257,781,114,82,1,-1,-1,-1
1598,81,1257,781,114,82,1,-1,-1,-1
1599,81,1257,781,114,82,1,-1,-1,-1
1600,81,1257,781,114,82,1,-1,-1,-1
1601,81,1257,781,114,82,1,-1,-1,-1
1602,81,1257,781,114,82,1,-1,-1,-1
1603,81,1257,781,114,82,1,-1,-1,-1
1604,81,1257,781,114,82,1,-1,-1,-1
1605,81,1257,781,114,82,1,-1,-1,-1
1606,81,1257,781,114,82,1,-1,-1,-1
1607,81,1257,781,114,82,1,-1,-1,-1
1608,81,1257,781,114,83,1,-1,-1,-1
1609,81,1256,781,114,83,1,-1,-1,-1
1610,81,1256,781,114,83,1,-1,-1,-1
1611,81,1256,781,114,83,1,-1,-1,-1
1612,81,1256,781,114,83,1,-1,-1,-1
1613,81,1256,781,114,83,1,-1,-1,-1
1614,81,1257,781,114,83,1,-1,-1,-1
1615,81,1257,781,114,83,1,-1,-1,-1
1616,81,1257,781,114,83,1,-1,-1,-1
1617,81,1257,781,114,83,1,-1,-1,-1
1618,81,1257,781,114,83,1,-1,-1,-1
1619,81,1257,781,114,83,1,-1,-1,-1
1620,81,1257,781,114,83,1,-1,-1,-1
1621,81,1256,781,115,84,1,-1,-1,-1
1622,81,1256,781,115,84,1,-1,-1,-1
1623,81,1256,781,115,83,1,-1,-1,-1
1624,81,1256,781,115,84,1,-1,-1,-1
1625,81,1256,781,115,83,1,-1,-1,-1
1626,81,1256,781,115,83,1,-1,-1,-1
1627,81,1256,781,115,83,1,-1,-1,-1
1628,81,1256,781,115,83,1,-1,-1,-1
1629,81,1257,781,114,83,1,-1,-1,-1
1630,81,1257,781,114,83,1,-1,-1,-1
1631,81,1257,781,114,83,1,-1,-1,-1
1632,81,1257,782,114,82,1,-1,-1,-1
1633,81,1257,782,114,82,1,-1,-1,-1
1634,81,1257,782,114,82,1,-1,-1,-1
1635,81,1257,782,114,82,1,-1,-1,-1
1636,81,1257,782,114,82,1,-1,-1,-1
1637,81,1257,781,114,83,1,-1,-1,-1
1638,81,1257,781,114,83,1,-1,-1,-1
1639,81,1257,780,114,83,1,-1,-1,-1
1640,81,1257,780,114,83,1,-1,-1,-1
1641,81,1256,780,114,83,1,-1,-1,-1
1642,81,1257,781,114,83,1,-1,-1,-1
1643,81,1257,781,114,83,1,-1,-1,-1
1644,81,1257,781,114,83,1,-1,-1,-1
1645,81,1258,781,110,83,1,-1,-1,-1
1646,81,1258,781,110,83,1,-1,-1,-1
1647,81,1258,781,110,83,1,-1,-1,-1
1648,81,1258,781,110,83,1,-1,-1,-1
1649,81,1258,781,112,83,1,-1,-1,-1
1650,81,1258,781,112,83,1,-1,-1,-1
1651,81,1257,781,112,83,1,-1,-1,-1
1652,81,1257,781,112,83,1,-1,-1,-1
1653,81,1257,781,112,83,1,-1,-1,-1
1654,81,1257,781,112,83,1,-1,-1,-1
1655,81,1257,781,112,83,1,-1,-1,-1
1656,81,1257,781,112,83,1,-1,-1,-1
1657,81,1257,783,114,81,1,-1,-1,-1
1658,81,1257,783,114,81,1,-1,-1,-1
1659,81,1257,783,114,81,1,-1,-1,-1
1660,81,1257,783,114,81,1,-1,-1,-1
1661,81,1257,783,115,81,1,-1,-1,-1
1662,81,1257,783,115,81,1,-1,-1,-1
1663,81,1257,783,114,81,1,-1,-1,-1
1664,81,1257,783,114,81,1,-1,-1,-1
1665,81,1257,783,114,81,1,-1,-1,-1
1666,81,1257,783,114,81,1,-1,-1,-1
1667,81,1257,783,114,81,1,-1,-1,-1
1668,81,1257,783,115,81,1,-1,-1,-1
1669,81,1257,782,114,82,1,-1,-1,-1
1670,81,1257,782,114,82,1,-1,-1,-1
1671,81,1257,782,114,82,1,-1,-1,-1
1672,81,1257,782,114,82,1,-1,-1,-1
1673,81,1257,782,114,82,1,-1,-1,-1
1674,81,1257,782,114,82,1,-1,-1,-1
1675,81,1257,783,114,81,1,-1,-1,-1
1676,81,1257,783,114,81,1,-1,-1,-1
1677,81,1257,783,114,81,1,-1,-1,-1
1678,81,1257,783,114,81,1,-1,-1,-1
1679,81,1256,781,116,83,1,-1,-1,-1
1680,81,1256,781,116,82,1,-1,-1,-1
1681,81,1257,781,115,83,1,-1,-1,-1
1682,81,1256,781,115,83,1,-1,-1,-1
1683,81,1256,781,115,83,1,-1,-1,-1
1684,81,1256,781,115,83,1,-1,-1,-1
1685,81,1256,781,115,83,1,-1,-1,-1
1686,81,1256,781,115,83,1,-1,-1,-1
1687,81,1256,781,115,83,1,-1,-1,-1
1688,81,1256,781,115,83,1,-1,-1,-1
1689,81,1256,781,115,83,1,-1,-1,-1
1690,81,1256,781,115,83,1,-1,-1,-1
1691,81,1256,781,115,83,1,-1,-1,-1
1692,81,1256,781,115,83,1,-1,-1,-1
1693,81,1256,781,115,83,1,-1,-1,-1
1694,81,1256,781,115,83,1,-1,-1,-1
1695,81,1256,781,115,83,1,-1,-1,-1
1696,81,1256,780,115,83,1,-1,-1,-1
1697,81,1256,780,115,83,1,-1,-1,-1
1698,81,1257,780,115,83,1,-1,-1,-1
1699,81,1257,780,115,83,1,-1,-1,-1
1700,81,1256,780,115,83,1,-1,-1,-1
1701,81,1256,780,115,83,1,-1,-1,-1
1702,81,1256,780,115,83,1,-1,-1,-1
1703,81,1256,780,115,83,1,-1,-1,-1
1704,81,1256,781,115,83,1,-1,-1,-1
1705,81,1256,781,115,83,1,-1,-1,-1
1706,81,1256,780,115,83,1,-1,-1,-1
1707,81,1256,780,115,83,1,-1,-1,-1
1708,81,1256,780,115,83,1,-1,-1,-1
1709,81,1256,781,115,83,1,-1,-1,-1
1710,81,1257,781,114,83,1,-1,-1,-1
1711,81,1257,781,114,83,1,-1,-1,-1
1712,81,1257,781,114,83,1,-1,-1,-1
1713,81,1256,781,115,83,1,-1,-1,-1
1714,81,1256,781,115,83,1,-1,-1,-1
1715,81,1256,781,114,83,1,-1,-1,-1
1716,81,1256,781,115,83,1,-1,-1,-1
1717,81,1256,781,115,83,1,-1,-1,-1
1718,81,1256,781,115,83,1,-1,-1,-1
1719,81,1257,781,114,83,1,-1,-1,-1
1720,81,1257,781,114,83,1,-1,-1,-1
1721,81,1257,781,113,83,1,-1,-1,-1
1722,81,1257,781,113,83,1,-1,-1,-1
1723,81,1257,781,113,83,1,-1,-1,-1
1724,81,1257,781,113,83,1,-1,-1,-1
1725,81,1257,781,113,83,1,-1,-1,-1
1726,81,1257,781,113,83,1,-1,-1,-1
1727,81,1257,781,113,83,1,-1,-1,-1
1728,81,1257,781,113,83,1,-1,-1,-1
1729,81,1258,782,112,82,1,-1,-1,-1
1730,81,1258,782,112,82,1,-1,-1,-1
1731,81,1258,782,112,82,1,-1,-1,-1
1732,81,1258,782,112,82,1,-1,-1,-1
1733,81,1258,782,112,82,1,-1,-1,-1
1734,81,1258,782,112,82,1,-1,-1,-1
1735,81,1258,782,112,82,1,-1,-1,-1
1736,81,1258,782,112,82,1,-1,-1,-1
1737,81,1258,782,112,82,1,-1,-1,-1
1738,81,1258,782,112,82,1,-1,-1,-1
1739,81,1258,782,112,82,1,-1,-1,-1
1740,81,1258,782,112,82,1,-1,-1,-1
1741,81,1257,782,112,81,1,-1,-1,-1
1742,81,1257,782,112,81,1,-1,-1,-1
1743,81,1257,782,112,81,1,-1,-1,-1
1744,81,1257,782,112,81,1,-1,-1,-1
1745,81,1257,782,112,81,1,-1,-1,-1
1746,81,1257,782,112,81,1,-1,-1,-1
1747,81,1257,782,112,81,1,-1,-1,-1
1748,81,1257,782,112,82,1,-1,-1,-1
1749,81,1258,782,112,82,1,-1,-1,-1
1750,81,1258,782,112,81,1,-1,-1,-1
1751,81,1258,782,110,82,1,-1,-1,-1
1752,81,1258,782,111,82,1,-1,-1,-1
1753,81,1258,781,111,83,1,-1,-1,-1
1754,81,1258,781,111,83,1,-1,-1,-1
1755,81,1258,781,111,83,1,-1,-1,-1
1756,81,1258,781,111,83,1,-1,-1,-1
1757,81,1258,781,111,83,1,-1,-1,-1
1758,81,1258,781,111,83,1,-1,-1,-1
1759,81,1258,781,111,82,1,-1,-1,-1
1760,81,1258,781,111,82,1,-1,-1,-1
1761,81,1258,781,111,83,1,-1,-1,-1
1762,81,1258,781,110,82,1,-1,-1,-1
1763,81,1258,781,110,83,1,-1,-1,-1
1764,81,1258,781,110,82,1,-1,-1,-1
1765,81,1258,781,111,83,1,-1,-1,-1
1766,81,1258,781,111,83,1,-1,-1,-1
1767,81,1258,781,111,83,1,-1,-1,-1
1768,81,1258,781,110,83,1,-1,-1,-1
1769,81,1258,781,109,83,1,-1,-1,-1
1770,81,1258,781,109,83,1,-1,-1,-1
1771,81,1258,781,109,83,1,-1,-1,-1
1772,81,1258,781,110,82,1,-1,-1,-1
1773,81,1258,781,110,83,1,-1,-1,-1
1774,81,1258,781,110,83,1,-1,-1,-1
1775,81,1258,781,110,83,1,-1,-1,-1
1776,81,1258,781,110,83,1,-1,-1,-1
1777,81,1258,782,108,82,1,-1,-1,-1
1778,81,1258,782,108,81,1,-1,-1,-1
1779,81,1258,782,109,82,1,-1,-1,-1
1780,81,1258,782,109,82,1,-1,-1,-1
1781,81,1258,782,109,82,1,-1,-1,-1
1782,81,1258,782,109,82,1,-1,-1,-1
1783,81,1258,782,109,82,1,-1,-1,-1
1784,81,1257,782,110,82,1,-1,-1,-1
1785,81,1258,782,110,82,1,-1,-1,-1
1786,81,1258,782,109,82,1,-1,-1,-1
1787,81,1258,780,110,83,1,-1,-1,-1
1788,81,1259,780,111,84,1,-1,-1,-1
1789,81,1259,781,111,82,1,-1,-1,-1
1790,81,1259,781,111,82,1,-1,-1,-1
1791,81,1259,781,111,82,1,-1,-1,-1
1792,81,1259,781,111,82,1,-1,-1,-1
1793,81,1259,781,111,82,1,-1,-1,-1
1794,81,1259,781,111,82,1,-1,-1,-1
1795,81,1259,781,110,82,1,-1,-1,-1
1796,81,1259,781,111,82,1,-1,-1,-1
1797,81,1259,781,111,82,1,-1,-1,-1
1798,81,1259,781,111,82,1,-1,-1,-1
1799,81,1259,781,111,82,1,-1,-1,-1
1800,81,1259,781,110,83,1,-1,-1,-1
1801,81,1258,782,109,82,1,-1,-1,-1
1802,81,1259,782,109,82,1,-1,-1,-1
1803,81,1259,782,109,82,1,-1,-1,-1
1804,81,1259,782,109,82,1,-1,-1,-1
1805,81,1259,782,109,82,1,-1,-1,-1
1806,81,1259,782,109,82,1,-1,-1,-1
1807,81,1258,783,111,81,1,-1,-1,-1
1808,81,1258,782,111,81,1,-1,-1,-1
1809,81,1258,782,111,81,1,-1,-1,-1
1810,81,1258,783,111,81,1,-1,-1,-1
1811,81,1258,783,111,81,1,-1,-1,-1
1812,81,1258,782,111,81,1,-1,-1,-1
1813,81,1259,781,112,82,1,-1,-1,-1
1814,81,1259,781,112,82,1,-1,-1,-1
1815,81,1258,781,112,82,1,-1,-1,-1
1816,81,1259,781,112,82,1,-1,-1,-1
1817,81,1259,781,112,82,1,-1,-1,-1
1818,81,1259,781,112,82,1,-1,-1,-1
1819,81,1259,781,112,83,1,-1,-1,-1
1820,81,1259,781,112,82,1,-1,-1,-1
1821,81,1259,781,112,82,1,-1,-1,-1
1822,81,1259,781,112,83,1,-1,-1,-1
1823,81,1258,781,112,83,1,-1,-1,-1
1824,81,1259,781,111,83,1,-1,-1,-1
1825,81,1259,781,112,83,1,-1,-1,-1
1826,81,1259,781,112,83,1,-1,-1,-1
1827,81,1259,781,111,83,1,-1,-1,-1
1828,81,1259,781,111,83,1,-1,-1,-1
1829,81,1259,781,111,83,1,-1,-1,-1
1830,81,1259,781,112,83,1,-1,-1,-1
1831,81,1259,781,112,83,1,-1,-1,-1
1832,81,1259,781,112,83,1,-1,-1,-1
1833,81,1259,781,112,83,1,-1,-1,-1
1834,81,1259,780,112,84,1,-1,-1,-1
1835,81,1259,781,112,83,1,-1,-1,-1
1836,81,1259,781,112,83,1,-1,-1,-1
1837,81,1259,781,112,83,1,-1,-1,-1
1838,81,1259,781,112,83,1,-1,-1,-1
1839,81,1259,781,112,83,1,-1,-1,-1
1840,81,1259,781,112,83,1,-1,-1,-1
1841,81,1259,781,111,83,1,-1,-1,-1
1842,81,1259,781,111,83,1,-1,-1,-1
1843,81,1259,781,111,83,1,-1,-1,-1
1844,81,1259,781,111,83,1,-1,-1,-1
1845,81,1259,781,112,83,1,-1,-1,-1
1846,81,1259,781,111,83,1,-1,-1,-1
1847,81,1259,781,111,82,1,-1,-1,-1
1848,81,1259,782,111,82,1,-1,-1,-1
1849,81,1260,781,110,82,1,-1,-1,-1
1850,81,1260,781,110,82,1,-1,-1,-1
1851,81,1260,782,110,82,1,-1,-1,-1
1852,81,1259,781,111,82,1,-1,-1,-1
1853,81,1259,781,110,82,1,-1,-1,-1
1854,81,1259,781,111,82,1,-1,-1,-1
1855,81,1259,781,110,82,1,-1,-1,-1
1856,81,1260,781,109,82,1,-1,-1,-1
1857,81,1260,781,109,82,1,-1,-1,-1
1858,81,1260,781,110,82,1,-1,-1,-1
1859,81,1258,781,111,82,1,-1,-1,-1
1860,81,1258,781,111,82,1,-1,-1,-1
1861,81,1259,782,111,81,1,-1,-1,-1
1862,81,1259,782,111,82,1,-1,-1,-1
1863,81,1259,781,110,82,1,-1,-1,-1
1864,81,1258,781,111,82,1,-1,-1,-1
1865,81,1259,782,111,82,1,-1,-1,-1
1866,81,1258,782,111,82,1,-1,-1,-1
1867,81,1259,782,109,81,1,-1,-1,-1
1868,81,1259,782,109,81,1,-1,-1,-1
1869,81,1259,782,109,82,1,-1,-1,-1
1870,81,1259,782,109,82,1,-1,-1,-1
1871,81,1258,782,114,81,1,-1,-1,-1
1872,81,1257,782,115,82,1,-1,-1,-1
1873,81,1257,781,115,83,1,-1,-1,-1
1874,81,1258,781,114,83,1,-1,-1,-1
1875,81,1260,781,113,83,1,-1,-1,-1
1876,81,1260,780,112,84,1,-1,-1,-1
1877,81,1261,781,109,83,1,-1,-1,-1
1878,81,1261,781,110,83,1,-1,-1,-1
1879,81,1261,781,110,83,1,-1,-1,-1
1880,81,1261,780,111,84,1,-1,-1,-1
1881,81,1261,780,110,84,1,-1,-1,-1
1882,81,1261,780,110,84,1,-1,-1,-1
1883,81,1260,780,111,84,1,-1,-1,-1
1884,81,1261,780,110,84,1,-1,-1,-1
1885,81,1258,780,112,83,1,-1,-1,-1
1886,81,1251,780,120,84,1,-1,-1,-1
1887,81,1253,780,118,84,1,-1,-1,-1
1888,81,1253,780,119,84,1,-1,-1,-1
1889,81,1252,780,119,83,1,-1,-1,-1
1890,81,1252,780,119,83,1,-1,-1,-1
1891,81,1252,780,119,83,1,-1,-1,-1
1892,81,1250,780,121,83,1,-1,-1,-1
1893,81,1251,780,120,83,1,-1,-1,-1
1894,81,1248,780,122,83,1,-1,-1,-1
1895,81,1249,780,122,83,1,-1,-1,-1
1896,81,1250,780,121,83,1,-1,-1,-1
1897,81,1253,781,118,82,1,-1,-1,-1
1898,81,1253,781,118,82,1,-1,-1,-1
1899,81,1253,781,118,82,1,-1,-1,-1
1900,81,1254,781,118,82,1,-1,-1,-1
1901,81,1254,781,117,82,1,-1,-1,-1
1902,81,1254,781,117,82,1,-1,-1,-1
1903,81,1254,781,118,83,1,-1,-1,-1
1904,81,1253,781,118,83,1,-1,-1,-1
1905,81,1252,781,119,83,1,-1,-1,-1
1906,81,1252,781,120,83,1,-1,-1,-1
1907,81,1253,781,118,82,1,-1,-1,-1
1908,81,1252,781,120,82,1,-1,-1,-1
1909,81,1250,781,121,83,1,-1,-1,-1
1910,81,1250,780,120,83,1,-1,-1,-1
1911,81,1251,780,119,83,1,-1,-1,-1
1912,81,1258,780,112,83,1,-1,-1,-1
1913,81,1260,780,110,84,1,-1,-1,-1
1914,81,1260,779,109,84,1,-1,-1,-1
1915,81,1260,780,110,84,1,-1,-1,-1
1916,81,1261,779,109,84,1,-1,-1,-1
1917,81,1261,780,110,83,1,-1,-1,-1
1918,81,1262,781,110,83,1,-1,-1,-1
1919,81,1262,781,110,82,1,-1,-1,-1
1920,81,1261,781,111,82,1,-1,-1,-1
1921,81,1260,780,109,83,1,-1,-1,-1
1922,81,1261,781,109,82,1,-1,-1,-1
1923,81,1261,781,108,82,1,-1,-1,-1
1924,81,1260,782,110,81,1,-1,-1,-1
1925,81,1260,781,110,81,1,-1,-1,-1
1926,81,1259,781,111,81,1,-1,-1,-1
1927,81,1258,782,113,81,1,-1,-1,-1
1928,81,1257,781,112,82,1,-1,-1,-1
1929,81,1257,781,112,83,1,-1,-1,-1
1930,81,1256,779,113,84,1,-1,-1,-1
1931,81,1256,780,113,83,1,-1,-1,-1
1932,81,1256,780,113,83,1,-1,-1,-1
1933,81,1254,779,116,84,1,-1,-1,-1
1934,81,1255,780,116,84,1,-1,-1,-1
1935,81,1256,781,115,83,1,-1,-1,-1
1936,81,1254,780,116,84,1,-1,-1,-1
1937,81,1255,780,115,84,1,-1,-1,-1
1938,81,1256,781,115,83,1,-1,-1,-1
1939,81,1255,780,115,84,1,-1,-1,-1
1940,81,1256,780,114,83,1,-1,-1,-1
1941,81,1256,779,114,84,1,-1,-1,-1
1942,81,1257,780,113,84,1,-1,-1,-1
1943,81,1257,780,113,84,1,-1,-1,-1
1944,81,1256,779,114,85,1,-1,-1,-1
1945,81,1257,783,116,81,1,-1,-1,-1
1946,81,1257,781,113,82,1,-1,-1,-1
1947,81,1258,784,113,79,1,-1,-1,-1
1948,81,1257,784,115,79,1,-1,-1,-1
1949,81,1250,775,120,88,1,-1,-1,-1
1950,81,1242,771,129,93,1,-1,-1,-1
1951,81,1245,773,125,91,1,-1,-1,-1
1952,81,1251,776,119,88,1,-1,-1,-1
1953,81,1251,777,119,86,1,-1,-1,-1
1954,81,1247,779,122,85,1,-1,-1,-1
1955,81,1246,780,123,83,1,-1,-1,-1
1956,81,1249,781,120,82,1,-1,-1,-1
1957,81,1252,782,118,81,1,-1,-1,-1
1958,81,1253,782,118,82,1,-1,-1,-1
1959,81,1253,782,118,82,1,-1,-1,-1
1960,81,1253,781,118,82,1,-1,-1,-1
1961,81,1253,781,117,82,1,-1,-1,-1
1962,81,1253,781,117,82,1,-1,-1,-1
1963,81,1253,781,117,83,1,-1,-1,-1
1964,81,1253,781,117,82,1,-1,-1,-1
1965,81,1253,781,116,82,1,-1,-1,-1
1966,81,1253,782,116,82,1,-1,-1,-1
1967,81,1253,782,117,82,1,-1,-1,-1
1968,81,1253,782,118,82,1,-1,-1,-1
1969,81,1252,782,118,83,1,-1,-1,-1
1970,81,1252,782,118,83,1,-1,-1,-1
1971,81,1251,781,118,83,1,-1,-1,-1
1972,81,1251,781,118,83,1,-1,-1,-1
1973,81,1251,781,118,83,1,-1,-1,-1
1974,81,1251,781,118,83,1,-1,-1,-1
1975,81,1251,781,119,83,1,-1,-1,-1
1976,81,1251,781,118,83,1,-1,-1,-1
1977,81,1254,781,116,83,1,-1,-1,-1
1978,81,1254,781,116,83,1,-1,-1,-1
1979,81,1254,782,116,83,1,-1,-1,-1
1980,81,1253,782,117,83,1,-1,-1,-1
1981,81,1253,781,117,83,1,-1,-1,-1
1982,81,1253,781,117,83,1,-1,-1,-1
1983,81,1253,781,117,83,1,-1,-1,-1
1984,81,1253,781,117,83,1,-1,-1,-1
1985,81,1253,781,117,83,1,-1,-1,-1
1986,81,1253,781,117,83,1,-1,-1,-1
1987,81,1252,782,119,83,1,-1,-1,-1
1988,81,1252,781,119,83,1,-1,-1,-1
1989,81,1252,782,119,83,1,-1,-1,-1
1990,81,1252,782,119,83,1,-1,-1,-1
1991,81,1252,781,118,83,1,-1,-1,-1
1992,81,1252,781,119,83,1,-1,-1,-1
1993,81,1253,781,117,82,1,-1,-1,-1
1994,81,1253,782,117,82,1,-1,-1,-1
1995,81,1253,782,118,82,1,-1,-1,-1
1996,81,1253,782,117,82,1,-1,-1,-1
1997,81,1253,782,119,82,1,-1,-1,-1
1998,81,1253,782,119,82,1,-1,-1,-1
1999,81,1253,782,119,83,1,-1,-1,-1
2000,81,1253,782,119,82,1,-1,-1,-1
2001,81,1253,782,120,82,1,-1,-1,-1
2002,81,1253,782,120,82,1,-1,-1,-1
2003,81,1253,782,120,82,1,-1,-1,-1
2004,81,1253,782,120,82,1,-1,-1,-1
2005,81,1254,782,117,82,1,-1,-1,-1
2006,81,1254,782,117,82,1,-1,-1,-1
2007,81,1254,782,116,82,1,-1,-1,-1
2008,81,1254,782,116,82,1,-1,-1,-1
2009,81,1254,782,116,82,1,-1,-1,-1
2010,81,1254,782,116,82,1,-1,-1,-1
2011,81,1254,782,116,82,1,-1,-1,-1
2012,81,1254,782,116,82,1,-1,-1,-1
2013,81,1254,782,117,82,1,-1,-1,-1
2014,81,1254,782,117,82,1,-1,-1,-1
2015,81,1254,782,117,82,1,-1,-1,-1
2016,81,1254,782,116,82,1,-1,-1,-1
2017,81,1254,781,117,82,1,-1,-1,-1
2018,81,1254,781,117,82,1,-1,-1,-1
2019,81,1254,781,117,83,1,-1,-1,-1
2020,81,1254,781,117,82,1,-1,-1,-1
2021,81,1254,781,117,82,1,-1,-1,-1
2022,81,1254,781,117,82,1,-1,-1,-1
2023,81,1254,782,117,82,1,-1,-1,-1
2024,81,1254,782,117,82,1,-1,-1,-1
2025,81,1254,782,117,82,1,-1,-1,-1
2026,81,1254,782,117,82,1,-1,-1,-1
2027,81,1253,781,118,83,1,-1,-1,-1
2028,81,1252,781,118,83,1,-1,-1,-1
2029,81,1251,781,122,83,1,-1,-1,-1
2030,81,1251,781,122,83,1,-1,-1,-1
2031,81,1252,781,121,83,1,-1,-1,-1
2032,81,1252,781,121,83,1,-1,-1,-1
2033,81,1252,781,121,83,1,-1,-1,-1
2034,81,1252,781,121,83,1,-1,-1,-1
2035,81,1252,781,121,83,1,-1,-1,-1
2036,81,1251,781,121,83,1,-1,-1,-1
2037,81,1252,781,120,83,1,-1,-1,-1
2038,81,1252,781,120,83,1,-1,-1,-1
2039,81,1252,781,120,83,1,-1,-1,-1
2040,81,1252,781,120,83,1,-1,-1,-1
2041,81,1252,781,120,84,1,-1,-1,-1
2042,81,1253,781,119,83,1,-1,-1,-1
2043,81,1252,781,119,83,1,-1,-1,-1
2044,81,1252,781,119,83,1,-1,-1,-1
2045,81,1252,781,119,83,1,-1,-1,-1
2046,81,1252,781,119,83,1,-1,-1,-1
2047,81,1253,781,119,83,1,-1,-1,-1
2048,81,1253,781,119,83,1,-1,-1,-1
2049,81,1253,781,118,83,1,-1,-1,-1
2050,81,1253,781,118,83,1,-1,-1,-1
2051,81,1253,781,118,83,1,-1,-1,-1
2052,81,1252,781,118,83,1,-1,-1,-1
2053,81,1251,782,120,82,1,-1,-1,-1
2054,81,1251,782,120,82,1,-1,-1,-1
2055,81,1251,781,120,83,1,-1,-1,-1
2056,81,1251,781,120,83,1,-1,-1,-1
2057,81,1252,781,120,83,1,-1,-1,-1
2058,81,1252,781,119,83,1,-1,-1,-1
2059,81,1252,781,119,83,1,-1,-1,-1
2060,81,1252,781,119,83,1,-1,-1,-1
2061,81,1252,781,119,83,1,-1,-1,-1
2062,81,1252,781,119,83,1,-1,-1,-1
2063,81,1252,781,119,83,1,-1,-1,-1
2064,81,1252,781,120,83,1,-1,-1,-1
2065,81,1253,781,118,83,1,-1,-1,-1
2066,81,1253,781,118,83,1,-1,-1,-1
2067,81,1253,781,118,83,1,-1,-1,-1
2068,81,1253,781,119,83,1,-1,-1,-1
2069,81,1253,781,118,83,1,-1,-1,-1
2070,81,1253,781,119,83,1,-1,-1,-1
2071,81,1253,781,119,84,1,-1,-1,-1
2072,81,1253,781,119,84,1,-1,-1,-1
2073,81,1253,781,118,83,1,-1,-1,-1
2074,81,1253,781,118,84,1,-1,-1,-1
2075,81,1253,781,118,83,1,-1,-1,-1
2076,81,1252,781,118,83,1,-1,-1,-1
2077,81,1252,781,119,83,1,-1,-1,-1
2078,81,1253,781,118,83,1,-1,-1,-1
2079,81,1253,781,118,83,1,-1,-1,-1
2080,81,1253,781,118,83,1,-1,-1,-1
2081,81,1253,781,118,83,1,-1,-1,-1
2082,81,1253,781,118,83,1,-1,-1,-1
2083,81,1253,781,118,83,1,-1,-1,-1
2084,81,1253,781,117,83,1,-1,-1,-1
2085,81,1253,781,117,83,1,-1,-1,-1
2086,81,1254,781,117,83,1,-1,-1,-1
2087,81,1253,781,117,83,1,-1,-1,-1
2088,81,1253,781,118,83,1,-1,-1,-1
2089,81,1253,781,118,83,1,-1,-1,-1
2090,81,1253,781,118,83,1,-1,-1,-1
2091,81,1253,781,118,83,1,-1,-1,-1
2092,81,1253,781,118,83,1,-1,-1,-1
2093,81,1253,781,118,83,1,-1,-1,-1
2094,81,1253,781,118,83,1,-1,-1,-1
2095,81,1253,781,118,83,1,-1,-1,-1
2096,81,1253,781,118,83,1,-1,-1,-1
2097,81,1252,781,118,82,1,-1,-1,-1
2098,81,1253,781,118,83,1,-1,-1,-1
2099,81,1253,781,118,83,1,-1,-1,-1
2100,81,1252,781,119,83,1,-1,-1,-1
2101,81,1252,781,120,83,1,-1,-1,-1
2102,81,1252,781,120,84,1,-1,-1,-1
2103,81,1252,781,120,84,1,-1,-1,-1
2104,81,1252,781,121,84,1,-1,-1,-1
2105,81,1251,781,121,83,1,-1,-1,-1
2106,81,1251,781,121,83,1,-1,-1,-1
2107,81,1252,781,121,83,1,-1,-1,-1
2108,81,1252,781,120,84,1,-1,-1,-1
2109,81,1252,781,120,83,1,-1,-1,-1
2110,81,1253,781,118,84,1,-1,-1,-1
2111,81,1253,781,118,84,1,-1,-1,-1
2112,81,1253,781,118,84,1,-1,-1,-1
2113,81,1254,781,116,83,1,-1,-1,-1
2114,81,1254,781,116,83,1,-1,-1,-1
2115,81,1254,781,116,83,1,-1,-1,-1
2116,81,1254,781,116,83,1,-1,-1,-1
2117,81,1254,781,116,83,1,-1,-1,-1
2118,81,1254,781,116,83,1,-1,-1,-1
2119,81,1254,781,116,83,1,-1,-1,-1
2120,81,1254,781,116,83,1,-1,-1,-1
2121,81,1255,781,116,83,1,-1,-1,-1
2122,81,1255,781,116,83,1,-1,-1,-1
2123,81,1255,781,116,83,1,-1,-1,-1
2124,81,1255,781,116,83,1,-1,-1,-1
2125,81,1255,782,117,83,1,-1,-1,-1
2126,81,1255,781,117,83,1,-1,-1,-1
2127,81,1255,781,117,83,1,-1,-1,-1
2128,81,1254,782,117,83,1,-1,-1,-1
2129,81,1254,782,118,83,1,-1,-1,-1
2130,81,1254,782,118,83,1,-1,-1,-1
2131,81,1253,782,119,83,1,-1,-1,-1
2132,81,1253,781,119,83,1,-1,-1,-1
2133,81,1253,781,119,83,1,-1,-1,-1
2134,81,1253,781,119,83,1,-1,-1,-1
2135,81,1253,781,119,83,1,-1,-1,-1
2136,81,1253,781,119,83,1,-1,-1,-1
2137,81,1255,781,117,83,1,-1,-1,-1
2138,81,1255,781,117,83,1,-1,-1,-1
2139,81,1255,781,118,83,1,-1,-1,-1
2140,81,1255,781,118,83,1,-1,-1,-1
2141,81,1255,781,118,83,1,-1,-1,-1
2142,81,1255,781,118,83,1,-1,-1,-1
2143,81,1255,781,118,82,1,-1,-1,-1
2144,81,1255,781,118,82,1,-1,-1,-1
2145,81,1255,781,118,82,1,-1,-1,-1
2146,81,1255,781,117,82,1,-1,-1,-1
2147,81,1255,781,118,82,1,-1,-1,-1
2148,81,1255,781,118,82,1,-1,-1,-1
2149,81,1254,781,117,84,1,-1,-1,-1
2150,81,1254,781,117,84,1,-1,-1,-1
2151,81,1254,781,117,83,1,-1,-1,-1
2152,81,1254,781,117,83,1,-1,-1,-1
2153,81,1254,781,117,83,1,-1,-1,-1
2154,81,1254,781,117,84,1,-1,-1,-1
2155,81,1254,780,117,84,1,-1,-1,-1
2156,81,1254,780,117,84,1,-1,-1,-1
2157,81,1254,780,117,84,1,-1,-1,-1
2158,81,1254,780,117,84,1,-1,-1,-1
2159,81,1254,780,117,84,1,-1,-1,-1
2160,81,1254,780,117,84,1,-1,-1,-1
2161,81,1254,781,117,84,1,-1,-1,-1
2162,81,1254,781,117,84,1,-1,-1,-1
2163,81,1254,781,117,84,1,-1,-1,-1
2164,81,1254,781,117,84,1,-1,-1,-1
2165,81,1254,781,117,84,1,-1,-1,-1
2166,81,1254,781,117,84,1,-1,-1,-1
2167,81,1254,781,117,84,1,-1,-1,-1
2168,81,1254,781,117,84,1,-1,-1,-1
2169,81,1254,781,117,84,1,-1,-1,-1
2170,81,1254,781,117,84,1,-1,-1,-1
2171,81,1254,781,117,84,1,-1,-1,-1
2172,81,1254,781,117,84,1,-1,-1,-1
2173,81,1254,782,116,82,1,-1,-1,-1
2174,81,1254,782,116,82,1,-1,-1,-1
2175,81,1254,782,116,82,1,-1,-1,-1
2176,81,1254,782,116,82,1,-1,-1,-1
2177,81,1254,782,116,82,1,-1,-1,-1
2178,81,1254,782,116,82,1,-1,-1,-1
2179,81,1254,782,116,82,1,-1,-1,-1
2180,81,1251,781,119,83,1,-1,-1,-1
2181,81,1251,781,119,83,1,-1,-1,-1
2182,81,1251,781,119,83,1,-1,-1,-1
2183,81,1251,781,119,83,1,-1,-1,-1
2184,81,1251,781,119,83,1,-1,-1,-1
2185,81,1251,781,120,83,1,-1,-1,-1
2186,81,1251,781,120,83,1,-1,-1,-1
2187,81,1251,781,120,83,1,-1,-1,-1
2188,81,1251,781,120,83,1,-1,-1,-1
2189,81,1251,781,120,83,1,-1,-1,-1
2190,81,1251,781,121,83,1,-1,-1,-1
2191,81,1251,781,121,83,1,-1,-1,-1
2192,81,1251,781,121,83,1,-1,-1,-1
2193,81,1251,781,121,83,1,-1,-1,-1
2194,81,1251,781,121,83,1,-1,-1,-1
2195,81,1251,781,121,83,1,-1,-1,-1
2196,81,1251,781,121,83,1,-1,-1,-1
2197,81,1252,781,119,84,1,-1,-1,-1
2198,81,1252,781,120,84,1,-1,-1,-1
2199,81,1252,781,119,84,1,-1,-1,-1
2200,81,1253,781,119,84,1,-1,-1,-1
2201,81,1253,781,119,84,1,-1,-1,-1
2202,81,1253,781,119,84,1,-1,-1,-1
2203,81,1253,781,119,84,1,-1,-1,-1
2204,81,1253,781,119,84,1,-1,-1,-1
2205,81,1253,781,119,84,1,-1,-1,-1
2206,81,1253,781,119,83,1,-1,-1,-1
2207,81,1253,781,119,83,1,-1,-1,-1
2208,81,1253,781,119,83,1,-1,-1,-1
2209,81,1254,781,117,83,1,-1,-1,-1
2210,81,1254,781,117,84,1,-1,-1,-1
2211,81,1254,781,118,84,1,-1,-1,-1
2212,81,1254,781,117,84,1,-1,-1,-1
2213,81,1254,781,117,84,1,-1,-1,-1
2214,81,1254,781,117,84,1,-1,-1,-1
2215,81,1254,781,117,84,1,-1,-1,-1
2216,81,1254,781,117,84,1,-1,-1,-1
2217,81,1254,781,117,84,1,-1,-1,-1
2218,81,1254,781,117,84,1,-1,-1,-1
2219,81,1254,781,117,84,1,-1,-1,-1
2220,81,1254,781,117,83,1,-1,-1,-1
2221,81,1254,781,118,83,1,-1,-1,-1
2222,81,1254,781,118,83,1,-1,-1,-1
2223,81,1254,781,118,83,1,-1,-1,-1
2224,81,1254,781,118,83,1,-1,-1,-1
2225,81,1254,781,118,83,1,-1,-1,-1
2226,81,1254,781,118,83,1,-1,-1,-1
2227,81,1254,781,118,83,1,-1,-1,-1
2228,81,1254,781,118,83,1,-1,-1,-1
2229,81,1254,781,118,83,1,-1,-1,-1
2230,81,1254,781,117,83,1,-1,-1,-1
2231,81,1254,781,117,83,1,-1,-1,-1
2232,81,1255,781,116,83,1,-1,-1,-1
2233,81,1253,781,117,83,1,-1,-1,-1
2234,81,1253,781,117,83,1,-1,-1,-1
2235,81,1253,781,117,83,1,-1,-1,-1
2236,81,1253,781,117,83,1,-1,-1,-1
2237,81,1253,781,117,83,1,-1,-1,-1
2238,81,1253,781,117,83,1,-1,-1,-1
2239,81,1253,781,117,83,1,-1,-1,-1
2240,81,1254,781,117,83,1,-1,-1,-1
2241,81,1254,781,117,83,1,-1,-1,-1
2242,81,1253,781,118,83,1,-1,-1,-1
2243,81,1253,781,118,83,1,-1,-1,-1
2244,81,1253,781,118,83,1,-1,-1,-1
2245,81,1253,781,118,82,1,-1,-1,-1
2246,81,1253,781,118,82,1,-1,-1,-1
2247,81,1253,781,118,82,1,-1,-1,-1
2248,81,1253,781,118,82,1,-1,-1,-1
2249,81,1253,781,118,82,1,-1,-1,-1
2250,81,1252,781,119,83,1,-1,-1,-1
2251,81,1252,781,118,83,1,-1,-1,-1
2252,81,1252,781,118,83,1,-1,-1,-1
2253,81,1252,781,118,83,1,-1,-1,-1
2254,81,1252,781,118,83,1,-1,-1,-1
2255,81,1252,781,118,83,1,-1,-1,-1
2256,81,1252,781,118,83,1,-1,-1,-1
2257,81,1253,781,118,83,1,-1,-1,-1
2258,81,1253,781,118,83,1,-1,-1,-1
2259,81,1253,781,118,83,1,-1,-1,-1
2260,81,1253,781,118,83,1,-1,-1,-1
2261,81,1253,781,119,83,1,-1,-1,-1
2262,81,1253,781,119,83,1,-1,-1,-1
2263,81,1253,781,119,83,1,-1,-1,-1
2264,81,1253,781,119,83,1,-1,-1,-1
2265,81,1253,781,119,83,1,-1,-1,-1
2266,81,1253,782,119,82,1,-1,-1,-1
2267,81,1253,782,118,82,1,-1,-1,-1
2268,81,1253,782,119,83,1,-1,-1,-1
2269,81,1253,781,119,83,1,-1,-1,-1
2270,81,1253,781,118,83,1,-1,-1,-1
2271,81,1253,781,118,83,1,-1,-1,-1
2272,81,1253,781,118,83,1,-1,-1,-1
2273,81,1253,781,118,83,1,-1,-1,-1
2274,81,1253,781,118,83,1,-1,-1,-1
2275,81,1253,781,118,83,1,-1,-1,-1
2276,81,1253,781,118,83,1,-1,-1,-1
2277,81,1253,782,118,83,1,-1,-1,-1
2278,81,1253,782,118,83,1,-1,-1,-1
2279,81,1253,782,118,83,1,-1,-1,-1
313,82,1688,926,24,20,1,-1,-1,-1
314,82,1688,926,24,20,1,-1,-1,-1
315,82,1688,926,24,20,1,-1,-1,-1
316,82,1688,926,24,20,1,-1,-1,-1
317,82,1688,926,24,20,1,-1,-1,-1
318,82,1688,926,25,20,1,-1,-1,-1
319,82,1688,926,25,20,1,-1,-1,-1
320,82,1688,926,25,20,1,-1,-1,-1
321,82,1688,926,25,20,1,-1,-1,-1
322,82,1688,926,25,20,1,-1,-1,-1
323,82,1688,926,25,20,1,-1,-1,-1
324,82,1688,926,25,20,1,-1,-1,-1
325,82,1688,926,25,20,1,-1,-1,-1
326,82,1688,926,25,20,1,-1,-1,-1
327,82,1688,926,25,20,1,-1,-1,-1
328,82,1688,926,25,20,1,-1,-1,-1
329,82,1688,926,25,20,1,-1,-1,-1
330,82,1688,926,25,20,1,-1,-1,-1
331,82,1688,926,25,20,1,-1,-1,-1
332,82,1688,926,25,20,1,-1,-1,-1
333,82,1688,926,25,20,1,-1,-1,-1
334,82,1688,926,25,19,1,-1,-1,-1
335,82,1688,926,25,19,1,-1,-1,-1
336,82,1688,926,25,19,1,-1,-1,-1
337,82,1688,926,25,19,1,-1,-1,-1
338,82,1688,926,25,19,1,-1,-1,-1
339,82,1688,926,25,19,1,-1,-1,-1
340,82,1688,926,25,19,1,-1,-1,-1
341,82,1688,926,25,19,1,-1,-1,-1
342,82,1688,926,25,19,1,-1,-1,-1
343,82,1688,926,24,19,1,-1,-1,-1
344,82,1688,926,24,19,1,-1,-1,-1
345,82,1688,926,24,19,1,-1,-1,-1
346,82,1688,926,24,19,1,-1,-1,-1
347,82,1688,926,24,19,1,-1,-1,-1
348,82,1688,926,24,19,1,-1,-1,-1
349,82,1688,926,24,19,1,-1,-1,-1
350,82,1688,926,24,19,1,-1,-1,-1
351,82,1688,926,24,19,1,-1,-1,-1
352,82,1688,926,24,19,1,-1,-1,-1
353,82,1688,926,24,19,1,-1,-1,-1
354,82,1688,926,24,19,1,-1,-1,-1
355,82,1688,926,24,19,1,-1,-1,-1
356,82,1688,926,24,19,1,-1,-1,-1
357,82,1688,926,24,19,1,-1,-1,-1
358,82,1688,926,24,19,1,-1,-1,-1
359,82,1688,926,24,19,1,-1,-1,-1
360,82,1688,926,24,19,1,-1,-1,-1
361,82,1688,926,24,19,1,-1,-1,-1
362,82,1688,926,24,19,1,-1,-1,-1
332,83,1243,795,75,65,1,-1,-1,-1
333,83,1242,794,76,66,1,-1,-1,-1
334,83,1242,795,76,65,1,-1,-1,-1
335,83,1242,794,76,66,1,-1,-1,-1
336,83,1229,789,90,72,1,-1,-1,-1
337,83,1229,789,89,72,1,-1,-1,-1
338,83,1229,789,89,72,1,-1,-1,-1
339,83,1241,793,77,67,1,-1,-1,-1
340,83,1241,794,77,66,1,-1,-1,-1
341,83,1242,794,76,67,1,-1,-1,-1
342,83,1217,782,101,78,1,-1,-1,-1
343,83,1217,782,100,78,1,-1,-1,-1
344,83,1216,782,101,78,1,-1,-1,-1
345,83,1216,781,101,79,1,-1,-1,-1
346,83,1217,782,100,78,1,-1,-1,-1
347,83,1216,782,101,79,1,-1,-1,-1
348,83,1230,788,89,72,1,-1,-1,-1
349,83,1235,790,84,71,1,-1,-1,-1
350,83,1231,788,88,73,1,-1,-1,-1
351,83,1229,787,90,74,1,-1,-1,-1
352,83,1228,786,91,75,1,-1,-1,-1
353,83,1227,785,92,76,1,-1,-1,-1
354,83,1227,784,92,76,1,-1,-1,-1
355,83,1227,785,92,76,1,-1,-1,-1
356,83,1229,786,91,75,1,-1,-1,-1
357,83,1227,784,92,76,1,-1,-1,-1
358,83,1227,785,92,76,1,-1,-1,-1
359,83,1226,784,93,77,1,-1,-1,-1
360,83,1227,785,92,76,1,-1,-1,-1
361,83,1232,789,88,72,1,-1,-1,-1
362,83,1231,788,89,72,1,-1,-1,-1
363,83,1231,787,88,74,1,-1,-1,-1
364,83,1241,794,76,66,1,-1,-1,-1
365,83,1241,793,77,67,1,-1,-1,-1
366,83,1232,788,87,72,1,-1,-1,-1
367,83,1230,787,89,73,1,-1,-1,-1
368,83,1229,787,90,74,1,-1,-1,-1
369,83,1228,785,91,75,1,-1,-1,-1
370,83,1228,786,91,75,1,-1,-1,-1
371,83,1229,786,90,74,1,-1,-1,-1
372,83,1229,786,90,74,1,-1,-1,-1
373,83,1217,780,99,81,1,-1,-1,-1
374,83,1218,780,99,81,1,-1,-1,-1
375,83,1218,780,98,81,1,-1,-1,-1
376,83,1218,780,98,81,1,-1,-1,-1
377,83,1219,780,98,81,1,-1,-1,-1
378,83,1219,780,97,80,1,-1,-1,-1
379,83,1219,780,98,80,1,-1,-1,-1
380,83,1219,780,97,80,1,-1,-1,-1
381,83,1219,780,97,80,1,-1,-1,-1
382,83,1219,780,98,80,1,-1,-1,-1
383,83,1219,781,97,80,1,-1,-1,-1
384,83,1219,781,97,80,1,-1,-1,-1
385,83,1219,781,98,80,1,-1,-1,-1
386,83,1219,781,98,80,1,-1,-1,-1
387,83,1219,781,98,80,1,-1,-1,-1
388,83,1218,781,98,80,1,-1,-1,-1
389,83,1219,781,98,80,1,-1,-1,-1
390,83,1219,780,98,80,1,-1,-1,-1
391,83,1218,781,98,80,1,-1,-1,-1
392,83,1218,781,98,80,1,-1,-1,-1
393,83,1218,780,98,80,1,-1,-1,-1
394,83,1218,780,98,80,1,-1,-1,-1
395,83,1218,780,98,80,1,-1,-1,-1
396,83,1219,780,98,80,1,-1,-1,-1
397,83,1228,785,90,76,1,-1,-1,-1
398,83,1218,780,99,80,1,-1,-1,-1
399,83,1217,780,99,80,1,-1,-1,-1
400,83,1218,781,99,80,1,-1,-1,-1
401,83,1217,780,99,81,1,-1,-1,-1
402,83,1218,781,98,80,1,-1,-1,-1
403,83,1229,786,89,75,1,-1,-1,-1
404,83,1229,786,89,75,1,-1,-1,-1
405,83,1228,785,90,76,1,-1,-1,-1
406,83,1229,785,89,76,1,-1,-1,-1
407,83,1229,785,89,76,1,-1,-1,-1
408,83,1228,785,90,76,1,-1,-1,-1
409,83,1227,784,90,77,1,-1,-1,-1
410,83,1228,784,90,77,1,-1,-1,-1
411,83,1221,780,96,80,1,-1,-1,-1
412,83,1221,780,95,80,1,-1,-1,-1
413,83,1220,780,97,81,1,-1,-1,-1
414,83,1220,779,97,81,1,-1,-1,-1
415,83,1219,779,98,81,1,-1,-1,-1
416,83,1219,778,98,82,1,-1,-1,-1
417,83,1216,778,100,82,1,-1,-1,-1
418,83,1216,778,101,83,1,-1,-1,-1
419,83,1218,778,98,82,1,-1,-1,-1
420,83,1220,777,96,83,1,-1,-1,-1
421,83,1228,782,89,79,1,-1,-1,-1
422,83,1228,782,89,80,1,-1,-1,-1
423,83,1219,772,98,88,1,-1,-1,-1
424,83,1219,772,98,88,1,-1,-1,-1
425,83,1217,773,100,88,1,-1,-1,-1
426,83,1214,771,103,89,1,-1,-1,-1
427,83,1213,771,104,89,1,-1,-1,-1
428,83,1218,778,100,82,1,-1,-1,-1
429,83,1228,785,90,76,1,-1,-1,-1
446,83,1225,782,94,78,1,-1,-1,-1
447,83,1225,782,94,77,1,-1,-1,-1
448,83,1224,782,94,77,1,-1,-1,-1
449,83,1226,782,93,77,1,-1,-1,-1
450,83,1226,783,92,77,1,-1,-1,-1
451,83,1225,782,94,77,1,-1,-1,-1
452,83,1224,782,95,77,1,-1,-1,-1
453,83,1224,782,95,77,1,-1,-1,-1
454,83,1224,782,95,77,1,-1,-1,-1
455,83,1223,782,95,77,1,-1,-1,-1
456,83,1223,782,95,77,1,-1,-1,-1
457,83,1226,783,92,77,1,-1,-1,-1
458,83,1228,784,91,76,1,-1,-1,-1
459,83,1230,785,88,76,1,-1,-1,-1
460,83,1229,784,89,76,1,-1,-1,-1
461,83,1233,785,85,76,1,-1,-1,-1
462,83,1233,784,85,76,1,-1,-1,-1
463,83,1234,784,84,76,1,-1,-1,-1
464,83,1235,784,84,75,1,-1,-1,-1
465,83,1238,785,79,75,1,-1,-1,-1
466,83,1239,785,78,75,1,-1,-1,-1
467,83,1239,785,79,75,1,-1,-1,-1
468,83,1239,784,79,75,1,-1,-1,-1
469,83,1230,783,89,77,1,-1,-1,-1
470,83,1221,780,96,80,1,-1,-1,-1
471,83,1230,783,89,76,1,-1,-1,-1
472,83,1222,780,96,80,1,-1,-1,-1
473,83,1222,780,96,80,1,-1,-1,-1
474,83,1221,780,96,80,1,-1,-1,-1
475,83,1222,780,96,80,1,-1,-1,-1
476,83,1221,780,96,80,1,-1,-1,-1
477,83,1228,782,91,78,1,-1,-1,-1
478,83,1228,782,90,78,1,-1,-1,-1
479,83,1228,782,91,77,1,-1,-1,-1
480,83,1228,783,91,77,1,-1,-1,-1
481,83,1226,782,92,78,1,-1,-1,-1
482,83,1226,782,93,78,1,-1,-1,-1
483,83,1238,783,80,76,1,-1,-1,-1
484,83,1238,784,80,76,1,-1,-1,-1
485,83,1238,784,80,76,1,-1,-1,-1
486,83,1238,784,79,76,1,-1,-1,-1
487,83,1238,784,80,76,1,-1,-1,-1
488,83,1239,784,79,75,1,-1,-1,-1
489,83,1239,784,79,75,1,-1,-1,-1
490,83,1239,784,79,75,1,-1,-1,-1
491,83,1240,785,78,75,1,-1,-1,-1
492,83,1241,784,78,75,1,-1,-1,-1
493,83,1241,786,78,74,1,-1,-1,-1
494,83,1241,786,78,73,1,-1,-1,-1
495,83,1240,786,79,73,1,-1,-1,-1
496,83,1240,786,78,73,1,-1,-1,-1
497,83,1240,786,78,73,1,-1,-1,-1
498,83,1240,786,78,73,1,-1,-1,-1
499,83,1240,786,78,73,1,-1,-1,-1
500,83,1240,786,79,73,1,-1,-1,-1
501,83,1240,786,79,73,1,-1,-1,-1
502,83,1240,786,79,73,1,-1,-1,-1
503,83,1240,786,79,73,1,-1,-1,-1
504,83,1241,785,79,74,1,-1,-1,-1
447,84,1688,926,24,20,1,-1,-1,-1
448,84,1688,926,24,20,1,-1,-1,-1
449,84,1688,926,24,20,1,-1,-1,-1
450,84,1688,926,24,19,1,-1,-1,-1
451,84,1688,926,24,19,1,-1,-1,-1
452,84,1688,926,24,19,1,-1,-1,-1
453,84,1688,926,24,19,1,-1,-1,-1
454,84,1688,926,24,19,1,-1,-1,-1
455,84,1688,926,24,19,1,-1,-1,-1
456,84,1688,926,24,20,1,-1,-1,-1
457,84,1688,926,24,20,1,-1,-1,-1
458,84,1688,926,24,20,1,-1,-1,-1
459,84,1688,926,24,20,1,-1,-1,-1
460,84,1688,926,24,20,1,-1,-1,-1
461,84,1688,926,24,20,1,-1,-1,-1
462,84,1688,926,24,20,1,-1,-1,-1
463,84,1688,926,24,19,1,-1,-1,-1
464,84,1688,926,24,20,1,-1,-1,-1
465,84,1688,926,24,20,1,-1,-1,-1
466,84,1688,926,24,19,1,-1,-1,-1
467,84,1688,926,24,19,1,-1,-1,-1
468,84,1688,926,24,19,1,-1,-1,-1
469,84,1688,926,24,19,1,-1,-1,-1
470,84,1688,926,24,19,1,-1,-1,-1
471,84,1688,926,24,19,1,-1,-1,-1
472,84,1688,926,24,19,1,-1,-1,-1
473,84,1688,926,24,19,1,-1,-1,-1
474,84,1688,926,24,19,1,-1,-1,-1
475,84,1688,926,24,19,1,-1,-1,-1
476,84,1688,926,24,19,1,-1,-1,-1
477,84,1688,926,24,19,1,-1,-1,-1
478,84,1688,926,24,19,1,-1,-1,-1
479,84,1688,926,24,19,1,-1,-1,-1
480,84,1688,926,24,19,1,-1,-1,-1
481,84,1688,926,24,19,1,-1,-1,-1
482,84,1688,926,24,19,1,-1,-1,-1
483,84,1688,927,24,19,1,-1,-1,-1
484,84,1688,927,25,19,1,-1,-1,-1
485,84,1688,927,25,19,1,-1,-1,-1
486,84,1687,927,25,19,1,-1,-1,-1
487,84,1687,927,25,19,1,-1,-1,-1
488,84,1687,927,25,19,1,-1,-1,-1
489,84,1687,927,25,19,1,-1,-1,-1
490,84,1687,927,25,19,1,-1,-1,-1
491,84,1688,927,25,19,1,-1,-1,-1
492,84,1688,927,25,19,1,-1,-1,-1
493,84,1687,926,25,20,1,-1,-1,-1
494,84,1687,926,25,20,1,-1,-1,-1
495,84,1687,926,25,20,1,-1,-1,-1
496,84,1687,927,26,20,1,-1,-1,-1
497,84,1687,927,26,19,1,-1,-1,-1
498,84,1688,927,25,19,1,-1,-1,-1
499,84,1688,927,24,19,1,-1,-1,-1
500,84,1688,926,23,19,1,-1,-1,-1
501,84,1689,926,23,19,1,-1,-1,-1
502,84,1688,926,23,19,1,-1,-1,-1
503,84,1688,926,23,19,1,-1,-1,-1
504,84,1688,926,23,19,1,-1,-1,-1
505,84,1688,927,24,18,1,-1,-1,-1
506,84,1688,927,23,18,1,-1,-1,-1
507,84,1688,927,23,18,1,-1,-1,-1
508,84,1688,927,23,18,1,-1,-1,-1
509,84,1688,927,23,18,1,-1,-1,-1
510,84,1688,927,24,18,1,-1,-1,-1
511,84,1688,927,24,18,1,-1,-1,-1
512,84,1687,927,24,18,1,-1,-1,-1
513,84,1687,927,24,18,1,-1,-1,-1
514,84,1687,927,24,18,1,-1,-1,-1
515,84,1687,926,25,18,1,-1,-1,-1
516,84,1687,927,25,18,1,-1,-1,-1
517,84,1687,926,25,18,1,-1,-1,-1
518,84,1687,926,25,18,1,-1,-1,-1
519,84,1687,926,25,18,1,-1,-1,-1
520,84,1687,926,24,18,1,-1,-1,-1
521,84,1687,926,24,18,1,-1,-1,-1
522,84,1687,926,24,18,1,-1,-1,-1
523,84,1687,926,24,18,1,-1,-1,-1
524,84,1687,926,24,18,1,-1,-1,-1
525,84,1687,926,24,18,1,-1,-1,-1
526,84,1687,926,24,18,1,-1,-1,-1
527,84,1687,926,24,18,1,-1,-1,-1
528,84,1687,926,24,18,1,-1,-1,-1
529,84,1687,926,24,19,1,-1,-1,-1
530,84,1687,926,24,19,1,-1,-1,-1
531,84,1687,926,24,19,1,-1,-1,-1
532,84,1687,926,24,19,1,-1,-1,-1
533,84,1687,926,24,19,1,-1,-1,-1
534,84,1686,925,24,20,1,-1,-1,-1
535,84,1686,925,24,20,1,-1,-1,-1
536,84,1687,925,24,20,1,-1,-1,-1
537,84,1687,925,24,20,1,-1,-1,-1
538,84,1687,925,24,19,1,-1,-1,-1
539,84,1687,925,24,20,1,-1,-1,-1
540,84,1687,925,24,20,1,-1,-1,-1
541,84,1687,924,24,21,1,-1,-1,-1
542,84,1687,924,24,21,1,-1,-1,-1
543,84,1687,923,24,21,1,-1,-1,-1
544,84,1687,923,24,22,1,-1,-1,-1
545,84,1687,923,23,22,1,-1,-1,-1
546,84,1688,922,23,22,1,-1,-1,-1
547,84,1688,923,23,22,1,-1,-1,-1
548,84,1688,923,23,22,1,-1,-1,-1
549,84,1688,923,23,22,1,-1,-1,-1
550,84,1688,923,23,21,1,-1,-1,-1
551,84,1688,923,22,22,1,-1,-1,-1
552,84,1688,923,23,21,1,-1,-1,-1
553,84,1689,923,22,21,1,-1,-1,-1
554,84,1689,923,22,21,1,-1,-1,-1
555,84,1690,924,22,20,1,-1,-1,-1
556,84,1690,924,22,20,1,-1,-1,-1
483,85,1714,935,28,22,1,-1,-1,-1
484,85,1713,935,28,22,1,-1,-1,-1
485,85,1713,935,28,22,1,-1,-1,-1
486,85,1713,935,29,22,1,-1,-1,-1
487,85,1712,935,28,22,1,-1,-1,-1
488,85,1712,936,29,21,1,-1,-1,-1
489,85,1712,936,28,21,1,-1,-1,-1
490,85,1712,936,29,22,1,-1,-1,-1
491,85,1712,937,29,21,1,-1,-1,-1
492,85,1712,937,28,21,1,-1,-1,-1
493,85,1711,935,27,23,1,-1,-1,-1
494,85,1711,935,27,23,1,-1,-1,-1
495,85,1711,934,28,24,1,-1,-1,-1
496,85,1711,933,28,25,1,-1,-1,-1
497,85,1711,935,27,23,1,-1,-1,-1
498,85,1711,935,27,24,1,-1,-1,-1
499,85,1711,934,28,25,1,-1,-1,-1
500,85,1711,935,28,24,1,-1,-1,-1
501,85,1711,935,26,24,1,-1,-1,-1
502,85,1710,935,27,24,1,-1,-1,-1
503,85,1710,935,28,24,1,-1,-1,-1
504,85,1710,934,31,26,1,-1,-1,-1
505,85,1709,936,28,23,1,-1,-1,-1
506,85,1709,937,27,23,1,-1,-1,-1
507,85,1709,936,28,24,1,-1,-1,-1
508,85,1709,936,27,24,1,-1,-1,-1
509,85,1708,936,29,24,1,-1,-1,-1
510,85,1708,938,31,23,1,-1,-1,-1
511,85,1708,938,29,23,1,-1,-1,-1
512,85,1707,937,30,23,1,-1,-1,-1
513,85,1707,937,29,24,1,-1,-1,-1
514,85,1708,937,29,24,1,-1,-1,-1
515,85,1708,938,29,25,1,-1,-1,-1
516,85,1708,937,28,26,1,-1,-1,-1
517,85,1707,937,28,26,1,-1,-1,-1
518,85,1707,937,29,26,1,-1,-1,-1
519,85,1707,937,28,26,1,-1,-1,-1
520,85,1707,937,29,27,1,-1,-1,-1
521,85,1707,937,29,27,1,-1,-1,-1
522,85,1707,937,29,27,1,-1,-1,-1
523,85,1706,937,30,27,1,-1,-1,-1
524,85,1706,937,30,28,1,-1,-1,-1
525,85,1706,937,30,27,1,-1,-1,-1
526,85,1706,937,30,28,1,-1,-1,-1
527,85,1704,938,32,28,1,-1,-1,-1
528,85,1704,938,31,28,1,-1,-1,-1
529,85,1704,938,32,29,1,-1,-1,-1
530,85,1704,938,31,29,1,-1,-1,-1
531,85,1704,938,32,29,1,-1,-1,-1
532,85,1704,937,31,31,1,-1,-1,-1
533,85,1704,936,32,32,1,-1,-1,-1
534,85,1704,937,32,31,1,-1,-1,-1
535,85,1703,937,33,32,1,-1,-1,-1
536,85,1703,937,33,32,1,-1,-1,-1
537,85,1703,936,33,34,1,-1,-1,-1
538,85,1702,937,33,33,1,-1,-1,-1
539,85,1702,937,34,34,1,-1,-1,-1
540,85,1701,936,35,36,1,-1,-1,-1
541,85,1701,935,35,36,1,-1,-1,-1
542,85,1701,936,36,36,1,-1,-1,-1
543,85,1700,935,36,37,1,-1,-1,-1
544,85,1700,935,36,38,1,-1,-1,-1
545,85,1700,935,37,38,1,-1,-1,-1
546,85,1699,935,37,39,1,-1,-1,-1
547,85,1699,936,38,38,1,-1,-1,-1
548,85,1699,937,37,38,1,-1,-1,-1
549,85,1699,936,38,38,1,-1,-1,-1
550,85,1698,938,39,38,1,-1,-1,-1
551,85,1698,938,39,38,1,-1,-1,-1
552,85,1697,936,40,41,1,-1,-1,-1
553,85,1698,936,40,41,1,-1,-1,-1
554,85,1697,935,40,42,1,-1,-1,-1
555,85,1696,939,41,39,1,-1,-1,-1
556,85,1695,937,42,41,1,-1,-1,-1
557,85,1695,935,43,44,1,-1,-1,-1
558,85,1694,937,44,43,1,-1,-1,-1
559,85,1694,936,44,45,1,-1,-1,-1
560,85,1694,935,44,47,1,-1,-1,-1
561,85,1695,935,42,47,1,-1,-1,-1
562,85,1695,941,43,42,1,-1,-1,-1
563,85,1693,941,45,43,1,-1,-1,-1
564,85,1692,939,46,45,1,-1,-1,-1
565,85,1691,942,47,44,1,-1,-1,-1
566,85,1690,944,46,43,1,-1,-1,-1
567,85,1689,943,49,45,1,-1,-1,-1
568,85,1689,942,48,48,1,-1,-1,-1
569,85,1688,939,49,52,1,-1,-1,-1
570,85,1687,939,49,53,1,-1,-1,-1
571,85,1685,941,50,52,1,-1,-1,-1
572,85,1685,942,50,53,1,-1,-1,-1
573,85,1684,943,51,52,1,-1,-1,-1
574,85,1683,946,53,52,1,-1,-1,-1
575,85,1681,947,54,52,1,-1,-1,-1
576,85,1680,948,55,53,1,-1,-1,-1
577,85,1677,947,58,55,1,-1,-1,-1
578,85,1675,950,58,53,1,-1,-1,-1
579,85,1674,950,59,56,1,-1,-1,-1
580,85,1672,948,61,60,1,-1,-1,-1
581,85,1670,956,61,52,1,-1,-1,-1
582,85,1668,957,63,53,1,-1,-1,-1
583,85,1667,959,63,54,1,-1,-1,-1
584,85,1665,959,64,56,1,-1,-1,-1
585,85,1662,959,64,57,1,-1,-1,-1
586,85,1659,959,65,58,1,-1,-1,-1
587,85,1655,959,66,61,1,-1,-1,-1
588,85,1653,960,68,63,1,-1,-1,-1
589,85,1648,963,71,62,1,-1,-1,-1
590,85,1644,963,73,64,1,-1,-1,-1
591,85,1640,964,75,66,1,-1,-1,-1
592,85,1635,966,78,66,1,-1,-1,-1
593,85,1631,968,79,67,1,-1,-1,-1
594,85,1627,968,80,70,1,-1,-1,-1
595,85,1620,968,84,72,1,-1,-1,-1
596,85,1616,970,85,72,1,-1,-1,-1
597,85,1609,972,87,74,1,-1,-1,-1
598,85,1602,973,90,75,1,-1,-1,-1
599,85,1596,974,91,76,1,-1,-1,-1
600,85,1587,976,95,77,1,-1,-1,-1
601,85,1579,976,98,80,1,-1,-1,-1
602,85,1570,975,101,84,1,-1,-1,-1
603,85,1560,977,104,86,1,-1,-1,-1
604,85,1549,978,108,88,1,-1,-1,-1
605,85,1537,979,112,89,1,-1,-1,-1
606,85,1524,980,117,92,1,-1,-1,-1
607,85,1510,980,122,94,1,-1,-1,-1
608,85,1497,979,127,99,1,-1,-1,-1
609,85,1482,979,131,103,1,-1,-1,-1
610,85,1464,980,136,105,1,-1,-1,-1
611,85,1444,980,144,108,1,-1,-1,-1
612,85,1425,981,149,111,1,-1,-1,-1
613,85,1402,982,157,114,1,-1,-1,-1
614,85,1376,981,166,118,1,-1,-1,-1
615,85,1351,981,173,124,1,-1,-1,-1
616,85,1323,979,182,128,1,-1,-1,-1
617,85,1291,979,192,134,1,-1,-1,-1
618,85,1255,977,204,141,1,-1,-1,-1
619,85,1217,974,216,147,1,-1,-1,-1
620,85,1174,973,231,153,1,-1,-1,-1
621,85,1127,972,247,158,1,-1,-1,-1
622,85,1073,969,265,165,1,-1,-1,-1
623,85,1013,965,284,174,1,-1,-1,-1
624,85,946,960,307,185,1,-1,-1,-1
625,85,870,955,333,194,1,-1,-1,-1
626,85,784,949,361,204,1,-1,-1,-1
627,85,686,941,395,216,1,-1,-1,-1
628,85,574,933,435,231,1,-1,-1,-1
629,85,443,922,484,246,1,-1,-1,-1
630,85,293,910,538,263,1,-1,-1,-1
631,85,114,895,606,283,1,-1,-1,-1
632,85,0,877,591,306,1,-1,-1,-1
633,85,0,855,439,321,1,-1,-1,-1
634,85,0,858,258,325,1,-1,-1,-1
587,86,1703,944,32,30,1,-1,-1,-1
588,86,1704,946,33,29,1,-1,-1,-1
589,86,1703,945,34,31,1,-1,-1,-1
590,86,1702,947,34,29,1,-1,-1,-1
591,86,1702,945,35,32,1,-1,-1,-1
592,86,1701,943,36,34,1,-1,-1,-1
593,86,1700,942,37,35,1,-1,-1,-1
594,86,1700,941,38,37,1,-1,-1,-1
595,86,1699,940,40,38,1,-1,-1,-1
596,86,1700,939,38,39,1,-1,-1,-1
597,86,1699,940,40,40,1,-1,-1,-1
598,86,1699,941,41,40,1,-1,-1,-1
599,86,1699,942,41,39,1,-1,-1,-1
600,86,1698,942,42,40,1,-1,-1,-1
601,86,1698,942,44,40,1,-1,-1,-1
602,86,1697,944,44,39,1,-1,-1,-1
603,86,1698,944,43,38,1,-1,-1,-1
604,86,1697,944,43,39,1,-1,-1,-1
605,86,1695,945,44,40,1,-1,-1,-1
606,86,1694,945,45,41,1,-1,-1,-1
607,86,1693,946,46,43,1,-1,-1,-1
608,86,1693,947,47,44,1,-1,-1,-1
609,86,1691,947,48,45,1,-1,-1,-1
610,86,1691,947,48,45,1,-1,-1,-1
611,86,1690,947,49,46,1,-1,-1,-1
612,86,1688,947,51,48,1,-1,-1,-1
613,86,1687,949,52,48,1,-1,-1,-1
614,86,1685,950,54,48,1,-1,-1,-1
615,86,1684,952,54,48,1,-1,-1,-1
616,86,1683,952,54,49,1,-1,-1,-1
617,86,1680,953,55,50,1,-1,-1,-1
618,86,1678,952,57,53,1,-1,-1,-1
619,86,1674,954,59,53,1,-1,-1,-1
620,86,1672,956,60,52,1,-1,-1,-1
621,86,1670,958,61,52,1,-1,-1,-1
622,86,1668,957,64,55,1,-1,-1,-1
623,86,1666,959,65,55,1,-1,-1,-1
624,86,1663,960,66,57,1,-1,-1,-1
625,86,1659,959,68,59,1,-1,-1,-1
626,86,1654,961,69,59,1,-1,-1,-1
627,86,1651,961,73,62,1,-1,-1,-1
628,86,1648,962,75,63,1,-1,-1,-1
629,86,1643,963,78,65,1,-1,-1,-1
630,86,1637,965,82,66,1,-1,-1,-1
631,86,1634,966,82,66,1,-1,-1,-1
632,86,1628,968,83,68,1,-1,-1,-1
633,86,1622,969,86,69,1,-1,-1,-1
634,86,1616,969,89,72,1,-1,-1,-1
635,86,1609,971,91,73,1,-1,-1,-1
636,86,1601,972,94,75,1,-1,-1,-1
637,86,1595,974,96,74,1,-1,-1,-1
638,86,1586,976,99,75,1,-1,-1,-1
639,86,1577,976,102,79,1,-1,-1,-1
640,86,1567,977,105,80,1,-1,-1,-1
641,86,1557,978,108,84,1,-1,-1,-1
642,86,1546,980,112,85,1,-1,-1,-1
643,86,1534,980,116,88,1,-1,-1,-1
644,86,1521,979,121,92,1,-1,-1,-1
645,86,1505,981,128,93,1,-1,-1,-1
646,86,1491,979,132,99,1,-1,-1,-1
647,86,1474,978,139,104,1,-1,-1,-1
648,86,1456,979,144,106,1,-1,-1,-1
649,86,1436,980,151,109,1,-1,-1,-1
650,86,1415,981,159,111,1,-1,-1,-1
651,86,1390,983,168,114,1,-1,-1,-1
652,86,1364,982,177,118,1,-1,-1,-1
653,86,1335,980,190,125,1,-1,-1,-1
654,86,1303,979,199,130,1,-1,-1,-1
655,86,1267,977,213,137,1,-1,-1,-1
656,86,1226,975,229,143,1,-1,-1,-1
657,86,1182,974,245,149,1,-1,-1,-1
658,86,1131,973,264,154,1,-1,-1,-1
659,86,1075,970,286,162,1,-1,-1,-1
660,86,1011,964,310,172,1,-1,-1,-1
661,86,939,959,339,182,1,-1,-1,-1
662,86,858,956,369,189,1,-1,-1,-1
663,86,766,947,405,203,1,-1,-1,-1
664,86,660,939,448,215,1,-1,-1,-1
665,86,540,927,496,230,1,-1,-1,-1
666,86,398,917,555,244,1,-1,-1,-1
667,86,236,901,623,263,1,-1,-1,-1
668,86,42,885,707,282,1,-1,-1,-1
669,86,0,867,621,302,1,-1,-1,-1
670,86,0,843,471,321,1,-1,-1,-1
671,86,0,860,294,308,1,-1,-1,-1
588,87,1804,979,48,24,1,-1,-1,-1
589,87,1802,977,48,25,1,-1,-1,-1
590,87,1804,977,44,26,1,-1,-1,-1
591,87,1796,976,51,26,1,-1,-1,-1
592,87,1792,975,53,29,1,-1,-1,-1
593,87,1789,974,52,27,1,-1,-1,-1
594,87,1785,974,51,27,1,-1,-1,-1
595,87,1782,971,50,26,1,-1,-1,-1
596,87,1779,970,49,27,1,-1,-1,-1
597,87,1775,968,51,30,1,-1,-1,-1
598,87,1772,967,53,31,1,-1,-1,-1
599,87,1769,966,48,30,1,-1,-1,-1
600,87,1766,966,46,28,1,-1,-1,-1
601,87,1763,964,45,25,1,-1,-1,-1
602,87,1760,963,45,27,1,-1,-1,-1
603,87,1757,961,46,30,1,-1,-1,-1
604,87,1754,960,44,28,1,-1,-1,-1
605,87,1752,960,42,28,1,-1,-1,-1
606,87,1748,959,44,30,1,-1,-1,-1
607,87,1744,957,43,29,1,-1,-1,-1
608,87,1741,956,42,30,1,-1,-1,-1
609,87,1742,955,38,30,1,-1,-1,-1
610,87,1739,953,37,32,1,-1,-1,-1
611,87,1737,951,38,33,1,-1,-1,-1
612,87,1736,950,35,33,1,-1,-1,-1
613,87,1734,948,33,33,1,-1,-1,-1
614,87,1731,949,35,32,1,-1,-1,-1
615,87,1731,948,34,31,1,-1,-1,-1
616,87,1727,949,31,31,1,-1,-1,-1
617,87,1726,949,30,31,1,-1,-1,-1
618,87,1725,949,28,31,1,-1,-1,-1
619,87,1722,948,30,31,1,-1,-1,-1
620,87,1714,947,37,31,1,-1,-1,-1
621,87,1711,946,38,31,1,-1,-1,-1
622,87,1708,946,38,30,1,-1,-1,-1
623,87,1705,946,39,30,1,-1,-1,-1
624,87,1704,946,39,31,1,-1,-1,-1
625,87,1705,928,38,46,1,-1,-1,-1
626,87,1704,929,38,46,1,-1,-1,-1
627,87,1701,927,40,48,1,-1,-1,-1
628,87,1698,928,42,47,1,-1,-1,-1
629,87,1697,930,43,45,1,-1,-1,-1
630,87,1696,942,42,33,1,-1,-1,-1
631,87,1694,943,44,34,1,-1,-1,-1
632,87,1693,942,45,35,1,-1,-1,-1
633,87,1693,929,45,48,1,-1,-1,-1
634,87,1691,937,45,40,1,-1,-1,-1
635,87,1691,941,44,37,1,-1,-1,-1
636,87,1690,941,45,38,1,-1,-1,-1
637,87,1690,940,45,39,1,-1,-1,-1
638,87,1689,940,45,39,1,-1,-1,-1
639,87,1689,938,46,42,1,-1,-1,-1
640,87,1688,932,46,50,1,-1,-1,-1
641,87,1687,932,47,51,1,-1,-1,-1
642,87,1685,932,49,52,1,-1,-1,-1
643,87,1684,930,51,54,1,-1,-1,-1
644,87,1683,931,51,55,1,-1,-1,-1
645,87,1681,943,52,44,1,-1,-1,-1
646,87,1680,945,52,43,1,-1,-1,-1
647,87,1679,944,54,45,1,-1,-1,-1
648,87,1678,945,54,46,1,-1,-1,-1
649,87,1675,945,55,47,1,-1,-1,-1
650,87,1674,946,56,47,1,-1,-1,-1
651,87,1673,948,57,47,1,-1,-1,-1
652,87,1672,948,57,48,1,-1,-1,-1
653,87,1670,948,59,49,1,-1,-1,-1
654,87,1669,951,59,48,1,-1,-1,-1
655,87,1667,951,61,49,1,-1,-1,-1
656,87,1665,951,61,51,1,-1,-1,-1
657,87,1663,951,63,52,1,-1,-1,-1
658,87,1661,952,64,54,1,-1,-1,-1
659,87,1658,952,65,55,1,-1,-1,-1
660,87,1655,952,68,57,1,-1,-1,-1
661,87,1652,951,70,59,1,-1,-1,-1
662,87,1650,952,71,61,1,-1,-1,-1
663,87,1647,952,73,63,1,-1,-1,-1
664,87,1644,955,75,62,1,-1,-1,-1
665,87,1640,958,76,61,1,-1,-1,-1
666,87,1636,959,77,62,1,-1,-1,-1
667,87,1633,960,79,64,1,-1,-1,-1
668,87,1629,961,79,65,1,-1,-1,-1
669,87,1625,961,82,68,1,-1,-1,-1
670,87,1620,962,84,70,1,-1,-1,-1
671,87,1615,962,86,72,1,-1,-1,-1
672,87,1610,965,88,73,1,-1,-1,-1
673,87,1603,964,91,76,1,-1,-1,-1
674,87,1597,966,93,78,1,-1,-1,-1
675,87,1589,966,97,79,1,-1,-1,-1
676,87,1581,967,100,81,1,-1,-1,-1
677,87,1573,970,103,81,1,-1,-1,-1
678,87,1564,972,106,81,1,-1,-1,-1
679,87,1554,972,109,85,1,-1,-1,-1
680,87,1542,973,114,86,1,-1,-1,-1
681,87,1532,971,117,92,1,-1,-1,-1
682,87,1518,971,123,94,1,-1,-1,-1
683,87,1505,974,128,94,1,-1,-1,-1
684,87,1490,974,133,98,1,-1,-1,-1
685,87,1474,975,138,100,1,-1,-1,-1
686,87,1457,975,144,104,1,-1,-1,-1
687,87,1437,975,151,107,1,-1,-1,-1
688,87,1417,975,158,110,1,-1,-1,-1
689,87,1394,974,167,114,1,-1,-1,-1
690,87,1370,974,175,118,1,-1,-1,-1
691,87,1342,973,185,123,1,-1,-1,-1
692,87,1313,974,196,127,1,-1,-1,-1
693,87,1281,970,207,134,1,-1,-1,-1
694,87,1246,968,219,140,1,-1,-1,-1
695,87,1208,967,232,145,1,-1,-1,-1
696,87,1163,965,251,153,1,-1,-1,-1
697,87,1116,961,268,160,1,-1,-1,-1
698,87,1062,958,287,168,1,-1,-1,-1
699,87,1002,955,310,175,1,-1,-1,-1
700,87,934,949,337,185,1,-1,-1,-1
701,87,859,945,364,195,1,-1,-1,-1
702,87,771,941,400,203,1,-1,-1,-1
703,87,677,931,436,218,1,-1,-1,-1
704,87,568,921,480,232,1,-1,-1,-1
705,87,440,911,533,247,1,-1,-1,-1
706,87,293,900,596,263,1,-1,-1,-1
707,87,124,884,667,284,1,-1,-1,-1
708,87,0,867,680,305,1,-1,-1,-1
709,87,0,849,547,318,1,-1,-1,-1
710,87,1,873,392,297,1,-1,-1,-1
711,87,0,873,211,302,1,-1,-1,-1
661,88,1688,926,24,19,1,-1,-1,-1
662,88,1688,926,24,19,1,-1,-1,-1
663,88,1688,926,24,20,1,-1,-1,-1
664,88,1688,926,24,20,1,-1,-1,-1
665,88,1689,927,23,19,1,-1,-1,-1
666,88,1688,926,23,19,1,-1,-1,-1
667,88,1689,926,23,19,1,-1,-1,-1
668,88,1689,926,23,19,1,-1,-1,-1
669,88,1689,926,24,19,1,-1,-1,-1
670,88,1689,926,24,19,1,-1,-1,-1
671,88,1689,926,23,19,1,-1,-1,-1
672,88,1689,926,23,19,1,-1,-1,-1
673,88,1689,926,23,20,1,-1,-1,-1
674,88,1689,926,23,20,1,-1,-1,-1
675,88,1688,926,25,20,1,-1,-1,-1
676,88,1688,926,24,20,1,-1,-1,-1
677,88,1688,926,24,20,1,-1,-1,-1
678,88,1688,926,24,20,1,-1,-1,-1
679,88,1688,926,24,20,1,-1,-1,-1
680,88,1688,926,24,20,1,-1,-1,-1
681,88,1688,926,24,19,1,-1,-1,-1
682,88,1688,926,24,19,1,-1,-1,-1
683,88,1688,926,24,19,1,-1,-1,-1
684,88,1689,926,24,19,1,-1,-1,-1
685,88,1690,927,23,19,1,-1,-1,-1
686,88,1690,927,22,19,1,-1,-1,-1
687,88,1690,927,22,19,1,-1,-1,-1
688,88,1690,927,23,19,1,-1,-1,-1
689,88,1690,927,23,19,1,-1,-1,-1
690,88,1690,927,23,19,1,-1,-1,-1
691,88,1690,927,23,19,1,-1,-1,-1
692,88,1690,927,23,19,1,-1,-1,-1
693,88,1690,927,23,19,1,-1,-1,-1
694,88,1690,927,23,19,1,-1,-1,-1
695,88,1688,926,24,19,1,-1,-1,-1
696,88,1689,926,24,19,1,-1,-1,-1
697,88,1689,927,23,19,1,-1,-1,-1
698,88,1689,927,23,19,1,-1,-1,-1
699,88,1689,927,23,19,1,-1,-1,-1
700,88,1689,927,23,19,1,-1,-1,-1
701,88,1689,927,23,19,1,-1,-1,-1
702,88,1689,927,23,19,1,-1,-1,-1
703,88,1689,927,23,19,1,-1,-1,-1
704,88,1689,926,23,19,1,-1,-1,-1
705,88,1688,926,24,19,1,-1,-1,-1
706,88,1688,926,24,20,1,-1,-1,-1
707,88,1688,926,24,20,1,-1,-1,-1
708,88,1688,926,24,20,1,-1,-1,-1
709,88,1689,926,24,20,1,-1,-1,-1
710,88,1689,926,24,20,1,-1,-1,-1
711,88,1689,926,24,20,1,-1,-1,-1
712,88,1689,926,24,20,1,-1,-1,-1
713,88,1689,926,24,20,1,-1,-1,-1
714,88,1689,926,24,20,1,-1,-1,-1
715,88,1688,926,24,19,1,-1,-1,-1
716,88,1688,926,24,20,1,-1,-1,-1
717,88,1688,926,24,20,1,-1,-1,-1
718,88,1688,926,24,20,1,-1,-1,-1
719,88,1688,926,24,20,1,-1,-1,-1
720,88,1688,926,25,20,1,-1,-1,-1
721,88,1688,926,24,20,1,-1,-1,-1
722,88,1688,926,24,20,1,-1,-1,-1
723,88,1688,926,24,20,1,-1,-1,-1
724,88,1688,926,24,20,1,-1,-1,-1
725,88,1688,926,24,20,1,-1,-1,-1
726,88,1688,926,24,20,1,-1,-1,-1
727,88,1688,926,24,20,1,-1,-1,-1
728,88,1688,926,24,20,1,-1,-1,-1
729,88,1688,926,24,20,1,-1,-1,-1
730,88,1688,926,24,20,1,-1,-1,-1
731,88,1688,926,24,20,1,-1,-1,-1
732,88,1688,926,24,20,1,-1,-1,-1
733,88,1688,926,24,20,1,-1,-1,-1
734,88,1688,926,24,20,1,-1,-1,-1
735,88,1688,926,24,20,1,-1,-1,-1
736,88,1689,926,23,20,1,-1,-1,-1
737,88,1689,926,23,19,1,-1,-1,-1
738,88,1688,926,24,19,1,-1,-1,-1
739,88,1688,926,24,19,1,-1,-1,-1
740,88,1688,926,24,19,1,-1,-1,-1
741,88,1688,926,24,19,1,-1,-1,-1
742,88,1688,926,24,19,1,-1,-1,-1
743,88,1688,926,23,19,1,-1,-1,-1
744,88,1689,926,23,18,1,-1,-1,-1
745,88,1688,926,23,18,1,-1,-1,-1
767,88,1688,926,24,19,1,-1,-1,-1
768,88,1688,926,24,19,1,-1,-1,-1
769,88,1689,926,24,19,1,-1,-1,-1
770,88,1689,926,24,19,1,-1,-1,-1
771,88,1689,926,24,19,1,-1,-1,-1
772,88,1689,926,24,19,1,-1,-1,-1
773,88,1689,926,24,19,1,-1,-1,-1
774,88,1689,926,24,19,1,-1,-1,-1
775,88,1689,926,24,19,1,-1,-1,-1
776,88,1689,926,24,19,1,-1,-1,-1
777,88,1689,926,24,19,1,-1,-1,-1
778,88,1689,926,24,20,1,-1,-1,-1
779,88,1689,926,23,20,1,-1,-1,-1
780,88,1689,925,23,20,1,-1,-1,-1
781,88,1689,926,23,20,1,-1,-1,-1
782,88,1689,926,23,20,1,-1,-1,-1
783,88,1689,926,23,19,1,-1,-1,-1
784,88,1689,926,23,20,1,-1,-1,-1
785,88,1689,926,23,19,1,-1,-1,-1
786,88,1689,926,23,19,1,-1,-1,-1
787,88,1689,926,23,20,1,-1,-1,-1
788,88,1689,926,23,20,1,-1,-1,-1
789,88,1689,926,23,20,1,-1,-1,-1
790,88,1689,926,23,20,1,-1,-1,-1
791,88,1689,926,23,20,1,-1,-1,-1
792,88,1689,926,23,20,1,-1,-1,-1
793,88,1689,926,23,20,1,-1,-1,-1
794,88,1689,926,23,20,1,-1,-1,-1
795,88,1689,926,23,20,1,-1,-1,-1
796,88,1689,926,23,20,1,-1,-1,-1
797,88,1689,926,23,20,1,-1,-1,-1
798,88,1689,926,23,20,1,-1,-1,-1
799,88,1688,926,24,20,1,-1,-1,-1
800,88,1688,926,24,20,1,-1,-1,-1
801,88,1688,926,24,20,1,-1,-1,-1
802,88,1688,926,24,20,1,-1,-1,-1
803,88,1689,926,23,20,1,-1,-1,-1
804,88,1689,926,23,19,1,-1,-1,-1
805,88,1689,926,24,20,1,-1,-1,-1
806,88,1689,926,24,20,1,-1,-1,-1
807,88,1689,927,23,18,1,-1,-1,-1
808,88,1689,927,23,18,1,-1,-1,-1
809,88,1689,927,23,18,1,-1,-1,-1
810,88,1689,927,23,18,1,-1,-1,-1
736,89,1,1139,289,541,1,-1,-1,-1
737,89,1,1062,480,558,1,-1,-1,-1
738,89,1,982,638,619,1,-1,-1,-1
739,89,1,974,770,581,1,-1,-1,-1
740,89,0,986,891,694,1,-1,-1,-1
741,89,0,993,990,628,1,-1,-1,-1
742,89,0,1002,1079,574,1,-1,-1,-1
743,89,165,1010,991,526,1,-1,-1,-1
744,89,337,1016,891,485,1,-1,-1,-1
745,89,485,1022,815,449,1,-1,-1,-1
746,89,614,1024,726,419,1,-1,-1,-1
747,89,725,1028,664,393,1,-1,-1,-1
748,89,825,1032,607,369,1,-1,-1,-1
749,89,911,1025,561,359,1,-1,-1,-1
750,89,989,1036,520,330,1,-1,-1,-1
751,89,1059,1038,483,315,1,-1,-1,-1
752,89,1122,1040,448,299,1,-1,-1,-1
753,89,1179,1042,419,285,1,-1,-1,-1
754,89,1231,1044,391,270,1,-1,-1,-1
755,89,1277,1045,371,258,1,-1,-1,-1
756,89,1321,1046,348,247,1,-1,-1,-1
757,89,1358,1044,330,240,1,-1,-1,-1
758,89,1394,1045,312,229,1,-1,-1,-1
759,89,1424,1045,297,220,1,-1,-1,-1
760,89,1454,1044,281,214,1,-1,-1,-1
761,89,1480,1045,268,206,1,-1,-1,-1
762,89,1505,1041,255,201,1,-1,-1,-1
763,89,1527,1043,244,193,1,-1,-1,-1
764,89,1546,1039,234,188,1,-1,-1,-1
765,89,1564,1039,225,183,1,-1,-1,-1
766,89,1579,1040,216,175,1,-1,-1,-1
767,89,1594,1038,208,171,1,-1,-1,-1
768,89,1607,1038,201,165,1,-1,-1,-1
769,89,1620,1037,194,160,1,-1,-1,-1
770,89,1631,1035,187,155,1,-1,-1,-1
771,89,1641,1032,181,152,1,-1,-1,-1
772,89,1650,1031,177,147,1,-1,-1,-1
773,89,1660,1028,170,146,1,-1,-1,-1
774,89,1667,1027,164,141,1,-1,-1,-1
775,89,1671,1024,163,138,1,-1,-1,-1
776,89,1682,1022,155,135,1,-1,-1,-1
777,89,1688,1022,150,130,1,-1,-1,-1
778,89,1695,1020,147,128,1,-1,-1,-1
779,89,1700,1018,143,125,1,-1,-1,-1
780,89,1705,1018,139,121,1,-1,-1,-1
781,89,1711,1016,134,118,1,-1,-1,-1
782,89,1715,1015,131,115,1,-1,-1,-1
783,89,1719,1013,118,113,1,-1,-1,-1
784,89,1723,1012,114,111,1,-1,-1,-1
785,89,1726,1009,112,110,1,-1,-1,-1
786,89,1729,1009,108,107,1,-1,-1,-1
787,89,1732,1008,107,104,1,-1,-1,-1
788,89,1735,1006,105,102,1,-1,-1,-1
789,89,1738,1006,103,100,1,-1,-1,-1
790,89,1740,1004,101,99,1,-1,-1,-1
791,89,1743,1002,98,97,1,-1,-1,-1
792,89,1744,1002,98,94,1,-1,-1,-1
793,89,1746,1000,95,93,1,-1,-1,-1
794,89,1747,1000,95,90,1,-1,-1,-1
795,89,1748,997,93,90,1,-1,-1,-1
796,89,1750,996,91,88,1,-1,-1,-1
797,89,1751,995,90,86,1,-1,-1,-1
798,89,1752,993,88,85,1,-1,-1,-1
799,89,1753,992,86,83,1,-1,-1,-1
800,89,1755,991,84,81,1,-1,-1,-1
801,89,1755,989,82,81,1,-1,-1,-1
802,89,1755,988,81,79,1,-1,-1,-1
803,89,1756,987,79,78,1,-1,-1,-1
804,89,1756,986,79,77,1,-1,-1,-1
805,89,1756,984,78,77,1,-1,-1,-1
806,89,1756,982,78,76,1,-1,-1,-1
807,89,1755,980,77,76,1,-1,-1,-1
808,89,1755,979,74,74,1,-1,-1,-1
809,89,1754,976,73,75,1,-1,-1,-1
810,89,1754,975,71,74,1,-1,-1,-1
811,89,1754,974,72,73,1,-1,-1,-1
812,89,1754,973,73,71,1,-1,-1,-1
813,89,1753,972,72,70,1,-1,-1,-1
814,89,1752,970,71,70,1,-1,-1,-1
815,89,1752,969,69,69,1,-1,-1,-1
816,89,1752,968,69,69,1,-1,-1,-1
817,89,1751,967,68,67,1,-1,-1,-1
818,89,1750,966,68,66,1,-1,-1,-1
819,89,1750,965,68,66,1,-1,-1,-1
820,89,1749,964,66,65,1,-1,-1,-1
821,89,1749,964,65,63,1,-1,-1,-1
822,89,1748,963,64,62,1,-1,-1,-1
823,89,1748,963,63,61,1,-1,-1,-1
824,89,1748,962,62,60,1,-1,-1,-1
825,89,1748,960,61,61,1,-1,-1,-1
826,89,1747,960,60,59,1,-1,-1,-1
827,89,1747,959,59,58,1,-1,-1,-1
828,89,1747,959,59,57,1,-1,-1,-1
829,89,1748,958,58,56,1,-1,-1,-1
830,89,1747,957,58,55,1,-1,-1,-1
831,89,1747,957,58,54,1,-1,-1,-1
832,89,1747,957,56,53,1,-1,-1,-1
833,89,1747,956,57,53,1,-1,-1,-1
834,89,1746,956,56,52,1,-1,-1,-1
835,89,1746,955,56,52,1,-1,-1,-1
836,89,1745,955,56,52,1,-1,-1,-1
837,89,1745,955,55,51,1,-1,-1,-1
838,89,1745,954,54,51,1,-1,-1,-1
839,89,1746,954,53,50,1,-1,-1,-1
840,89,1746,953,52,50,1,-1,-1,-1
841,89,1745,951,50,51,1,-1,-1,-1
842,89,1745,951,49,51,1,-1,-1,-1
843,89,1745,951,49,50,1,-1,-1,-1
844,89,1744,951,49,49,1,-1,-1,-1
845,89,1744,951,49,48,1,-1,-1,-1
846,89,1743,951,49,48,1,-1,-1,-1
847,89,1743,949,48,49,1,-1,-1,-1
848,89,1743,949,48,48,1,-1,-1,-1
849,89,1742,950,48,46,1,-1,-1,-1
850,89,1742,950,48,45,1,-1,-1,-1
851,89,1742,949,48,45,1,-1,-1,-1
852,89,1742,949,48,44,1,-1,-1,-1
853,89,1742,949,45,44,1,-1,-1,-1
854,89,1742,950,44,43,1,-1,-1,-1
855,89,1742,950,44,42,1,-1,-1,-1
856,89,1742,950,43,41,1,-1,-1,-1
857,89,1742,949,43,42,1,-1,-1,-1
858,89,1742,949,42,41,1,-1,-1,-1
859,89,1742,949,41,40,1,-1,-1,-1
860,89,1742,948,41,40,1,-1,-1,-1
861,89,1742,948,40,40,1,-1,-1,-1
862,89,1742,948,41,39,1,-1,-1,-1
863,89,1743,948,39,39,1,-1,-1,-1
864,89,1744,948,39,39,1,-1,-1,-1
865,89,1743,948,39,39,1,-1,-1,-1
866,89,1743,948,39,38,1,-1,-1,-1
867,89,1744,948,38,38,1,-1,-1,-1
868,89,1744,948,38,38,1,-1,-1,-1
869,89,1744,948,37,37,1,-1,-1,-1
870,89,1745,947,36,37,1,-1,-1,-1
871,89,1744,948,36,37,1,-1,-1,-1
872,89,1744,948,36,36,1,-1,-1,-1
873,89,1744,947,36,37,1,-1,-1,-1
874,89,1744,947,36,36,1,-1,-1,-1
875,89,1745,947,35,36,1,-1,-1,-1
876,89,1745,947,35,36,1,-1,-1,-1
877,89,1745,947,36,35,1,-1,-1,-1
878,89,1745,947,36,34,1,-1,-1,-1
879,89,1745,947,36,34,1,-1,-1,-1
880,89,1745,947,35,34,1,-1,-1,-1
881,89,1745,947,36,33,1,-1,-1,-1
882,89,1745,947,35,33,1,-1,-1,-1
883,89,1745,947,35,34,1,-1,-1,-1
884,89,1745,947,35,33,1,-1,-1,-1
885,89,1745,947,35,33,1,-1,-1,-1
886,89,1745,947,35,33,1,-1,-1,-1
887,89,1745,946,34,33,1,-1,-1,-1
888,89,1746,946,34,33,1,-1,-1,-1
889,89,1746,947,33,33,1,-1,-1,-1
890,89,1746,947,33,33,1,-1,-1,-1
891,89,1747,947,32,32,1,-1,-1,-1
892,89,1747,946,32,32,1,-1,-1,-1
893,89,1747,946,32,32,1,-1,-1,-1
894,89,1747,946,32,32,1,-1,-1,-1
895,89,1747,946,31,32,1,-1,-1,-1
896,89,1747,946,31,31,1,-1,-1,-1
897,89,1747,946,31,31,1,-1,-1,-1
898,89,1747,946,31,31,1,-1,-1,-1
899,89,1747,946,31,31,1,-1,-1,-1
900,89,1747,946,31,31,1,-1,-1,-1
901,89,1747,946,31,31,1,-1,-1,-1
902,89,1747,946,31,30,1,-1,-1,-1
903,89,1747,946,31,30,1,-1,-1,-1
904,89,1747,946,32,30,1,-1,-1,-1
905,89,1747,946,31,29,1,-1,-1,-1
906,89,1747,946,31,28,1,-1,-1,-1
907,89,1747,946,31,28,1,-1,-1,-1
908,89,1747,946,31,27,1,-1,-1,-1
909,89,1746,946,32,27,1,-1,-1,-1
910,89,1747,946,30,26,1,-1,-1,-1
911,89,1747,946,30,26,1,-1,-1,-1
912,89,1748,945,28,25,1,-1,-1,-1
913,89,1746,945,28,23,1,-1,-1,-1
914,89,1746,945,28,23,1,-1,-1,-1
915,89,1746,945,27,23,1,-1,-1,-1
916,89,1746,945,26,22,1,-1,-1,-1
917,89,1746,944,25,22,1,-1,-1,-1
918,89,1746,945,25,21,1,-1,-1,-1
919,89,1746,944,25,21,1,-1,-1,-1
920,89,1746,944,25,21,1,-1,-1,-1
921,89,1745,944,26,22,1,-1,-1,-1
922,89,1745,944,25,23,1,-1,-1,-1
923,89,1745,943,25,24,1,-1,-1,-1
924,89,1745,943,25,24,1,-1,-1,-1
925,89,1745,943,24,24,1,-1,-1,-1
926,89,1745,943,24,23,1,-1,-1,-1
927,89,1745,942,24,23,1,-1,-1,-1
928,89,1745,943,23,23,1,-1,-1,-1
929,89,1744,943,24,24,1,-1,-1,-1
930,89,1744,943,24,24,1,-1,-1,-1
931,89,1744,943,24,24,1,-1,-1,-1
932,89,1744,942,24,24,1,-1,-1,-1
933,89,1744,942,24,24,1,-1,-1,-1
934,89,1744,942,24,24,1,-1,-1,-1
935,89,1744,942,23,24,1,-1,-1,-1
936,89,1745,942,22,24,1,-1,-1,-1
937,89,1744,942,23,24,1,-1,-1,-1
938,89,1744,942,23,24,1,-1,-1,-1
939,89,1743,942,23,24,1,-1,-1,-1
940,89,1743,942,23,22,1,-1,-1,-1
941,89,1743,942,23,23,1,-1,-1,-1
807,90,1219,780,99,79,1,-1,-1,-1
808,90,1219,779,99,79,1,-1,-1,-1
809,90,1219,779,99,80,1,-1,-1,-1
810,90,1219,779,99,79,1,-1,-1,-1
811,90,1218,779,100,79,1,-1,-1,-1
812,90,1218,779,100,79,1,-1,-1,-1
813,90,1218,779,100,79,1,-1,-1,-1
814,90,1218,780,100,79,1,-1,-1,-1
815,90,1218,779,100,79,1,-1,-1,-1
816,90,1218,779,100,79,1,-1,-1,-1
817,90,1215,778,102,81,1,-1,-1,-1
818,90,1215,778,102,80,1,-1,-1,-1
819,90,1217,779,101,81,1,-1,-1,-1
820,90,1217,779,101,80,1,-1,-1,-1
821,90,1217,779,101,80,1,-1,-1,-1
822,90,1217,779,101,80,1,-1,-1,-1
823,90,1217,779,101,80,1,-1,-1,-1
824,90,1217,779,101,80,1,-1,-1,-1
825,90,1217,779,101,80,1,-1,-1,-1
826,90,1218,780,102,80,1,-1,-1,-1
827,90,1217,779,102,80,1,-1,-1,-1
828,90,1217,779,101,80,1,-1,-1,-1
829,90,1218,779,100,80,1,-1,-1,-1
830,90,1217,779,101,80,1,-1,-1,-1
831,90,1217,779,101,81,1,-1,-1,-1
832,90,1218,779,100,81,1,-1,-1,-1
833,90,1218,779,100,81,1,-1,-1,-1
834,90,1218,779,100,81,1,-1,-1,-1
835,90,1218,779,100,81,1,-1,-1,-1
836,90,1217,779,100,82,1,-1,-1,-1
837,90,1217,779,100,81,1,-1,-1,-1
838,90,1218,780,100,80,1,-1,-1,-1
839,90,1218,779,99,80,1,-1,-1,-1
840,90,1218,779,99,80,1,-1,-1,-1
841,90,1218,778,100,82,1,-1,-1,-1
842,90,1222,781,97,79,1,-1,-1,-1
843,90,1221,782,97,79,1,-1,-1,-1
844,90,1218,778,100,82,1,-1,-1,-1
845,90,1218,779,100,82,1,-1,-1,-1
846,90,1222,782,97,78,1,-1,-1,-1
847,90,1223,782,95,77,1,-1,-1,-1
848,90,1218,780,99,80,1,-1,-1,-1
849,90,1218,780,99,80,1,-1,-1,-1
850,90,1218,780,99,80,1,-1,-1,-1
851,90,1220,780,97,79,1,-1,-1,-1
852,90,1219,780,98,80,1,-1,-1,-1
853,90,1221,782,98,77,1,-1,-1,-1
854,90,1220,782,98,77,1,-1,-1,-1
855,90,1221,782,98,77,1,-1,-1,-1
856,90,1227,783,92,76,1,-1,-1,-1
857,90,1227,783,92,76,1,-1,-1,-1
858,90,1227,784,91,76,1,-1,-1,-1
859,90,1220,782,97,77,1,-1,-1,-1
860,90,1220,782,97,77,1,-1,-1,-1
861,90,1219,782,98,77,1,-1,-1,-1
862,90,1220,781,98,78,1,-1,-1,-1
863,90,1224,783,95,76,1,-1,-1,-1
864,90,1220,782,98,77,1,-1,-1,-1
865,90,1223,782,96,77,1,-1,-1,-1
866,90,1223,782,96,77,1,-1,-1,-1
867,90,1223,782,96,78,1,-1,-1,-1
868,90,1223,782,95,78,1,-1,-1,-1
869,90,1223,782,95,78,1,-1,-1,-1
870,90,1223,782,96,78,1,-1,-1,-1
871,90,1223,782,95,77,1,-1,-1,-1
872,90,1224,783,95,77,1,-1,-1,-1
873,90,1223,782,95,77,1,-1,-1,-1
874,90,1223,782,96,77,1,-1,-1,-1
875,90,1220,781,99,79,1,-1,-1,-1
876,90,1223,782,95,77,1,-1,-1,-1
877,90,1224,783,95,77,1,-1,-1,-1
878,90,1220,782,98,78,1,-1,-1,-1
879,90,1220,782,98,78,1,-1,-1,-1
880,90,1220,781,99,79,1,-1,-1,-1
881,90,1223,782,95,78,1,-1,-1,-1
882,90,1223,782,96,78,1,-1,-1,-1
883,90,1224,783,95,77,1,-1,-1,-1
884,90,1223,781,96,79,1,-1,-1,-1
885,90,1223,781,96,78,1,-1,-1,-1
886,90,1220,781,99,79,1,-1,-1,-1
887,90,1223,782,96,78,1,-1,-1,-1
888,90,1222,781,96,78,1,-1,-1,-1
889,90,1219,781,100,79,1,-1,-1,-1
890,90,1221,781,98,78,1,-1,-1,-1
891,90,1219,781,99,78,1,-1,-1,-1
892,90,1219,781,100,79,1,-1,-1,-1
893,90,1220,782,98,78,1,-1,-1,-1
894,90,1215,781,102,78,1,-1,-1,-1
895,90,1219,782,98,77,1,-1,-1,-1
896,90,1219,781,98,78,1,-1,-1,-1
897,90,1219,780,99,79,1,-1,-1,-1
911,90,1228,785,92,74,1,-1,-1,-1
912,90,1223,782,96,77,1,-1,-1,-1
921,90,1228,786,91,75,1,-1,-1,-1
922,90,1228,786,91,75,1,-1,-1,-1
923,90,1228,785,91,75,1,-1,-1,-1
924,90,1227,785,91,76,1,-1,-1,-1
925,90,1226,784,93,77,1,-1,-1,-1
926,90,1221,783,97,77,1,-1,-1,-1
927,90,1222,783,97,77,1,-1,-1,-1
928,90,1222,784,96,76,1,-1,-1,-1
929,90,1225,783,94,77,1,-1,-1,-1
930,90,1226,784,93,77,1,-1,-1,-1
931,90,1226,784,93,77,1,-1,-1,-1
932,90,1226,784,93,77,1,-1,-1,-1
933,90,1225,784,93,77,1,-1,-1,-1
934,90,1225,784,94,77,1,-1,-1,-1
935,90,1219,780,99,80,1,-1,-1,-1
936,90,1220,780,98,80,1,-1,-1,-1
937,90,1219,781,99,80,1,-1,-1,-1
938,90,1220,780,99,80,1,-1,-1,-1
939,90,1225,782,93,78,1,-1,-1,-1
940,90,1226,782,93,78,1,-1,-1,-1
941,90,1226,782,93,78,1,-1,-1,-1
942,90,1226,783,93,77,1,-1,-1,-1
943,90,1226,783,93,77,1,-1,-1,-1
944,90,1227,783,92,77,1,-1,-1,-1
945,90,1227,783,93,77,1,-1,-1,-1
946,90,1227,784,93,76,1,-1,-1,-1
947,90,1226,783,93,78,1,-1,-1,-1
948,90,1225,782,94,79,1,-1,-1,-1
949,90,1227,785,91,76,1,-1,-1,-1
950,90,1228,785,91,76,1,-1,-1,-1
951,90,1227,784,91,76,1,-1,-1,-1
952,90,1227,784,91,77,1,-1,-1,-1
953,90,1227,784,91,77,1,-1,-1,-1
954,90,1226,784,92,77,1,-1,-1,-1
955,90,1226,784,92,77,1,-1,-1,-1
956,90,1226,784,92,77,1,-1,-1,-1
957,90,1226,783,92,78,1,-1,-1,-1
958,90,1224,783,94,77,1,-1,-1,-1
959,90,1222,781,96,77,1,-1,-1,-1
960,90,1221,781,96,78,1,-1,-1,-1
961,90,1226,784,94,75,1,-1,-1,-1
962,90,1225,783,95,76,1,-1,-1,-1
963,90,1225,783,94,75,1,-1,-1,-1
964,90,1225,784,94,75,1,-1,-1,-1
965,90,1226,784,94,74,1,-1,-1,-1
966,90,1225,784,94,75,1,-1,-1,-1
967,90,1225,784,94,75,1,-1,-1,-1
968,90,1226,784,94,74,1,-1,-1,-1
969,90,1221,780,98,79,1,-1,-1,-1
970,90,1221,780,99,79,1,-1,-1,-1
971,90,1221,781,98,78,1,-1,-1,-1
972,90,1221,781,98,78,1,-1,-1,-1
973,90,1220,780,99,79,1,-1,-1,-1
974,90,1220,780,99,79,1,-1,-1,-1
975,90,1220,780,99,79,1,-1,-1,-1
976,90,1222,780,97,79,1,-1,-1,-1
977,90,1220,780,99,80,1,-1,-1,-1
978,90,1220,780,98,79,1,-1,-1,-1
979,90,1220,780,98,80,1,-1,-1,-1
980,90,1221,780,97,80,1,-1,-1,-1
981,90,1221,780,97,80,1,-1,-1,-1
982,90,1221,780,97,80,1,-1,-1,-1
983,90,1220,780,97,80,1,-1,-1,-1
984,90,1220,780,97,80,1,-1,-1,-1
985,90,1219,780,98,80,1,-1,-1,-1
986,90,1220,780,98,80,1,-1,-1,-1
987,90,1220,780,97,79,1,-1,-1,-1
988,90,1220,780,97,79,1,-1,-1,-1
989,90,1220,780,97,79,1,-1,-1,-1
990,90,1221,781,97,78,1,-1,-1,-1
991,90,1221,781,97,78,1,-1,-1,-1
992,90,1221,781,97,78,1,-1,-1,-1
993,90,1221,781,96,78,1,-1,-1,-1
994,90,1221,781,97,78,1,-1,-1,-1
995,90,1221,781,97,79,1,-1,-1,-1
996,90,1221,781,97,79,1,-1,-1,-1
997,90,1222,781,96,78,1,-1,-1,-1
998,90,1222,781,96,78,1,-1,-1,-1
999,90,1227,785,91,75,1,-1,-1,-1
1000,90,1227,785,91,75,1,-1,-1,-1
1001,90,1228,785,90,74,1,-1,-1,-1
1002,90,1228,785,90,74,1,-1,-1,-1
1003,90,1228,785,90,74,1,-1,-1,-1
1004,90,1228,785,90,74,1,-1,-1,-1
1005,90,1228,785,90,74,1,-1,-1,-1
1006,90,1228,786,90,74,1,-1,-1,-1
1007,90,1228,786,90,74,1,-1,-1,-1
1008,90,1228,786,90,74,1,-1,-1,-1
1009,90,1222,779,95,79,1,-1,-1,-1
1010,90,1222,779,95,79,1,-1,-1,-1
1011,90,1222,779,95,79,1,-1,-1,-1
1012,90,1222,779,95,79,1,-1,-1,-1
1013,90,1222,779,96,80,1,-1,-1,-1
1014,90,1222,780,95,79,1,-1,-1,-1
1015,90,1222,779,95,79,1,-1,-1,-1
1016,90,1223,778,94,80,1,-1,-1,-1
1017,90,1224,778,93,80,1,-1,-1,-1
1018,90,1224,778,94,81,1,-1,-1,-1
1019,90,1223,778,95,81,1,-1,-1,-1
1020,90,1223,778,96,82,1,-1,-1,-1
1021,90,1224,779,93,79,1,-1,-1,-1
1022,90,1223,780,94,79,1,-1,-1,-1
1023,90,1223,779,94,80,1,-1,-1,-1
1024,90,1223,780,94,79,1,-1,-1,-1
1025,90,1224,778,93,80,1,-1,-1,-1
1026,90,1223,778,94,80,1,-1,-1,-1
1027,90,1221,777,96,81,1,-1,-1,-1
1028,90,1220,778,98,80,1,-1,-1,-1
1029,90,1221,779,97,80,1,-1,-1,-1
1030,90,1221,780,97,79,1,-1,-1,-1
1031,90,1221,779,98,80,1,-1,-1,-1
1032,90,1224,783,95,76,1,-1,-1,-1
1033,90,1219,777,98,83,1,-1,-1,-1
1034,90,1219,777,98,82,1,-1,-1,-1
1035,90,1218,780,99,79,1,-1,-1,-1
1036,90,1229,783,90,77,1,-1,-1,-1
1037,90,1229,784,89,76,1,-1,-1,-1
1038,90,1226,784,93,76,1,-1,-1,-1
1039,90,1223,782,95,78,1,-1,-1,-1
1040,90,1227,783,92,76,1,-1,-1,-1
1041,90,1230,784,88,76,1,-1,-1,-1
1042,90,1229,783,90,77,1,-1,-1,-1
1043,90,1229,784,90,76,1,-1,-1,-1
1044,90,1227,783,92,76,1,-1,-1,-1
1045,90,1231,786,88,74,1,-1,-1,-1
1046,90,1228,783,91,77,1,-1,-1,-1
1047,90,1227,782,92,78,1,-1,-1,-1
1048,90,1228,782,91,78,1,-1,-1,-1
1049,90,1231,782,88,77,1,-1,-1,-1
1050,90,1234,781,86,78,1,-1,-1,-1
1051,90,1236,781,83,78,1,-1,-1,-1
1052,90,1234,782,85,77,1,-1,-1,-1
1053,90,1237,784,82,76,1,-1,-1,-1
1054,90,1234,783,85,77,1,-1,-1,-1
1055,90,1234,783,86,77,1,-1,-1,-1
1056,90,1233,783,86,77,1,-1,-1,-1
1057,90,1230,782,89,77,1,-1,-1,-1
1058,90,1232,782,88,77,1,-1,-1,-1
1059,90,1233,782,87,77,1,-1,-1,-1
1060,90,1237,783,81,77,1,-1,-1,-1
1061,90,1237,784,81,76,1,-1,-1,-1
1062,90,1238,785,79,74,1,-1,-1,-1
1063,90,1238,785,79,75,1,-1,-1,-1
1064,90,1238,785,80,75,1,-1,-1,-1
1065,90,1238,785,80,75,1,-1,-1,-1
1066,90,1237,786,80,73,1,-1,-1,-1
1067,90,1238,786,79,74,1,-1,-1,-1
1068,90,1238,785,80,74,1,-1,-1,-1
1069,90,1234,786,84,73,1,-1,-1,-1
1070,90,1234,786,83,73,1,-1,-1,-1
1071,90,1235,786,82,73,1,-1,-1,-1
1072,90,1202,780,116,81,1,-1,-1,-1
1073,90,1203,780,114,81,1,-1,-1,-1
1074,90,1205,780,113,81,1,-1,-1,-1
1075,90,1204,780,114,81,1,-1,-1,-1
1076,90,1204,780,114,81,1,-1,-1,-1
1077,90,1205,780,113,81,1,-1,-1,-1
1078,90,1233,783,85,77,1,-1,-1,-1
1079,90,1233,783,86,77,1,-1,-1,-1
1080,90,1233,783,86,77,1,-1,-1,-1
1081,90,1215,781,103,79,1,-1,-1,-1
1082,90,1234,784,85,76,1,-1,-1,-1
1083,90,1233,784,86,76,1,-1,-1,-1
1084,90,1233,784,86,76,1,-1,-1,-1
1085,90,1232,784,86,76,1,-1,-1,-1
1086,90,1233,784,86,76,1,-1,-1,-1
1087,90,1233,784,85,76,1,-1,-1,-1
1088,90,1234,784,85,76,1,-1,-1,-1
1089,90,1234,784,85,76,1,-1,-1,-1
1090,90,1234,783,85,76,1,-1,-1,-1
1091,90,1236,786,82,75,1,-1,-1,-1
1092,90,1232,782,87,77,1,-1,-1,-1
1093,90,1231,782,89,77,1,-1,-1,-1
1094,90,1232,782,88,77,1,-1,-1,-1
1095,90,1234,782,86,77,1,-1,-1,-1
1096,90,1233,782,87,77,1,-1,-1,-1
1097,90,1233,782,87,76,1,-1,-1,-1
1098,90,1231,781,88,77,1,-1,-1,-1
1099,90,1234,782,85,77,1,-1,-1,-1
1100,90,1230,781,89,78,1,-1,-1,-1
1101,90,1229,781,91,78,1,-1,-1,-1
1102,90,1230,784,89,75,1,-1,-1,-1
1103,90,1229,784,90,74,1,-1,-1,-1
1104,90,1229,786,90,73,1,-1,-1,-1
1105,90,1228,784,91,75,1,-1,-1,-1
1106,90,1226,784,91,75,1,-1,-1,-1
1107,90,1229,786,89,73,1,-1,-1,-1
1108,90,1224,782,94,77,1,-1,-1,-1
1109,90,1223,783,95,76,1,-1,-1,-1
1110,90,1222,782,95,77,1,-1,-1,-1
1111,90,1221,782,96,77,1,-1,-1,-1
1112,90,1219,781,98,78,1,-1,-1,-1
1113,90,1220,780,96,79,1,-1,-1,-1
1114,90,1218,780,98,80,1,-1,-1,-1
1115,90,1219,779,98,81,1,-1,-1,-1
1116,90,1221,779,96,80,1,-1,-1,-1
1117,90,1222,776,96,83,1,-1,-1,-1
1118,90,1222,775,95,84,1,-1,-1,-1
1119,90,1242,791,75,69,1,-1,-1,-1
1120,90,1222,775,95,85,1,-1,-1,-1
1121,90,1221,776,96,83,1,-1,-1,-1
1122,90,1221,780,96,80,1,-1,-1,-1
1123,90,1241,792,76,69,1,-1,-1,-1
1124,90,1241,791,76,69,1,-1,-1,-1
1125,90,1241,791,76,69,1,-1,-1,-1
1126,90,1241,791,76,69,1,-1,-1,-1
1127,90,1242,791,76,69,1,-1,-1,-1
1128,90,1241,791,76,69,1,-1,-1,-1
1129,90,1242,792,75,69,1,-1,-1,-1
1130,90,1242,792,74,69,1,-1,-1,-1
1131,90,1242,792,74,68,1,-1,-1,-1
1132,90,1242,792,75,68,1,-1,-1,-1
1133,90,1243,792,75,68,1,-1,-1,-1
1134,90,1243,792,75,68,1,-1,-1,-1
1135,90,1243,792,75,68,1,-1,-1,-1
1136,90,1243,792,75,68,1,-1,-1,-1
1137,90,1242,792,75,67,1,-1,-1,-1
1138,90,1242,792,76,67,1,-1,-1,-1
1139,90,1241,792,76,67,1,-1,-1,-1
1140,90,1242,791,77,68,1,-1,-1,-1
1141,90,1242,792,77,67,1,-1,-1,-1
1142,90,1231,789,87,71,1,-1,-1,-1
1143,90,1231,789,88,71,1,-1,-1,-1
1144,90,1231,788,88,71,1,-1,-1,-1
1145,90,1231,789,88,71,1,-1,-1,-1
1146,90,1230,788,89,71,1,-1,-1,-1
1147,90,1230,788,89,71,1,-1,-1,-1
1148,90,1231,788,88,71,1,-1,-1,-1
1149,90,1232,789,87,71,1,-1,-1,-1
1150,90,1231,789,88,71,1,-1,-1,-1
1151,90,1231,788,88,71,1,-1,-1,-1
1152,90,1231,788,88,71,1,-1,-1,-1
1153,90,1219,780,98,79,1,-1,-1,-1
1154,90,1220,780,98,79,1,-1,-1,-1
1155,90,1219,780,99,79,1,-1,-1,-1
1156,90,1220,780,98,79,1,-1,-1,-1
1157,90,1220,780,98,79,1,-1,-1,-1
1158,90,1220,780,98,79,1,-1,-1,-1
1159,90,1220,780,98,79,1,-1,-1,-1
1160,90,1220,779,98,79,1,-1,-1,-1
1161,90,1220,780,98,79,1,-1,-1,-1
1162,90,1229,787,90,73,1,-1,-1,-1
1163,90,1228,786,91,73,1,-1,-1,-1
1164,90,1221,782,97,76,1,-1,-1,-1
1165,90,1221,783,98,76,1,-1,-1,-1
1166,90,1221,783,97,76,1,-1,-1,-1
1167,90,1221,783,97,76,1,-1,-1,-1
1168,90,1221,782,97,76,1,-1,-1,-1
1169,90,1221,783,97,76,1,-1,-1,-1
1170,90,1221,783,97,76,1,-1,-1,-1
1171,90,1221,783,96,75,1,-1,-1,-1
1172,90,1220,780,97,79,1,-1,-1,-1
1173,90,1221,780,97,79,1,-1,-1,-1
1174,90,1221,780,97,79,1,-1,-1,-1
1175,90,1228,785,91,75,1,-1,-1,-1
1176,90,1227,785,91,76,1,-1,-1,-1
1177,90,1231,788,87,73,1,-1,-1,-1
1178,90,1231,788,88,73,1,-1,-1,-1
1179,90,1231,788,88,73,1,-1,-1,-1
1180,90,1242,794,77,66,1,-1,-1,-1
1181,90,1242,794,77,66,1,-1,-1,-1
1182,90,1230,787,89,74,1,-1,-1,-1
1183,90,1230,787,89,74,1,-1,-1,-1
1184,90,1230,788,89,73,1,-1,-1,-1
1185,90,1231,788,88,73,1,-1,-1,-1
1186,90,1230,788,89,73,1,-1,-1,-1
1187,90,1230,788,89,74,1,-1,-1,-1
1188,90,1230,787,89,74,1,-1,-1,-1
1189,90,1229,787,90,74,1,-1,-1,-1
1190,90,1229,787,90,74,1,-1,-1,-1
1191,90,1229,787,90,74,1,-1,-1,-1
1192,90,1228,786,90,75,1,-1,-1,-1
1193,90,1228,786,90,74,1,-1,-1,-1
1194,90,1228,787,90,74,1,-1,-1,-1
1195,90,1228,787,90,74,1,-1,-1,-1
1196,90,1228,786,90,75,1,-1,-1,-1
1197,90,1228,786,90,75,1,-1,-1,-1
1198,90,1228,786,90,75,1,-1,-1,-1
1199,90,1228,786,90,76,1,-1,-1,-1
1200,90,1228,786,90,75,1,-1,-1,-1
1201,90,1221,781,96,79,1,-1,-1,-1
1202,90,1221,781,96,79,1,-1,-1,-1
1203,90,1221,781,96,79,1,-1,-1,-1
1204,90,1221,781,96,79,1,-1,-1,-1
1205,90,1221,781,96,78,1,-1,-1,-1
1206,90,1221,781,96,79,1,-1,-1,-1
1207,90,1242,793,75,68,1,-1,-1,-1
1208,90,1242,793,75,68,1,-1,-1,-1
1209,90,1242,793,75,68,1,-1,-1,-1
1210,90,1242,793,75,68,1,-1,-1,-1
1211,90,1241,793,76,68,1,-1,-1,-1
1212,90,1241,793,75,68,1,-1,-1,-1
1213,90,1232,789,86,71,1,-1,-1,-1
1214,90,1240,792,77,68,1,-1,-1,-1
1215,90,1233,789,86,71,1,-1,-1,-1
1216,90,1231,789,87,72,1,-1,-1,-1
1217,90,1232,789,86,72,1,-1,-1,-1
1218,90,1232,789,86,71,1,-1,-1,-1
1219,90,1232,789,87,72,1,-1,-1,-1
1220,90,1231,788,87,72,1,-1,-1,-1
1221,90,1231,788,88,72,1,-1,-1,-1
1222,90,1231,788,88,72,1,-1,-1,-1
1223,90,1230,788,88,73,1,-1,-1,-1
1224,90,1230,788,88,73,1,-1,-1,-1
1225,90,1241,793,76,68,1,-1,-1,-1
1226,90,1241,792,76,68,1,-1,-1,-1
1227,90,1241,792,76,68,1,-1,-1,-1
1228,90,1241,792,76,68,1,-1,-1,-1
1229,90,1241,792,76,68,1,-1,-1,-1
1230,90,1241,792,76,68,1,-1,-1,-1
1231,90,1241,792,76,68,1,-1,-1,-1
1232,90,1241,793,76,68,1,-1,-1,-1
1233,90,1241,793,76,68,1,-1,-1,-1
1234,90,1241,793,76,68,1,-1,-1,-1
1235,90,1241,793,76,68,1,-1,-1,-1
1236,90,1241,793,76,68,1,-1,-1,-1
1237,90,1239,792,77,69,1,-1,-1,-1
1238,90,1239,792,77,69,1,-1,-1,-1
1239,90,1239,792,78,69,1,-1,-1,-1
1240,90,1239,792,78,69,1,-1,-1,-1
1241,90,1239,792,78,69,1,-1,-1,-1
1242,90,1239,792,78,69,1,-1,-1,-1
1243,90,1239,792,78,69,1,-1,-1,-1
1244,90,1239,792,78,69,1,-1,-1,-1
1245,90,1239,792,78,69,1,-1,-1,-1
1246,90,1239,792,77,69,1,-1,-1,-1
1247,90,1239,792,78,69,1,-1,-1,-1
1248,90,1239,792,78,69,1,-1,-1,-1
1249,90,1239,792,78,69,1,-1,-1,-1
1250,90,1239,792,78,69,1,-1,-1,-1
1251,90,1230,788,88,73,1,-1,-1,-1
1252,90,1230,788,88,73,1,-1,-1,-1
1253,90,1231,788,88,73,1,-1,-1,-1
1254,90,1231,788,88,73,1,-1,-1,-1
1255,90,1231,788,87,72,1,-1,-1,-1
1256,90,1231,788,88,72,1,-1,-1,-1
1257,90,1231,788,88,73,1,-1,-1,-1
1258,90,1231,788,88,73,1,-1,-1,-1
1259,90,1232,789,87,72,1,-1,-1,-1
1260,90,1231,788,88,73,1,-1,-1,-1
1261,90,1230,786,88,74,1,-1,-1,-1
1262,90,1223,781,95,79,1,-1,-1,-1
1263,90,1223,781,95,79,1,-1,-1,-1
1264,90,1223,781,94,79,1,-1,-1,-1
1265,90,1223,780,94,80,1,-1,-1,-1
1266,90,1223,780,95,80,1,-1,-1,-1
1267,90,1223,780,95,79,1,-1,-1,-1
1268,90,1223,780,95,79,1,-1,-1,-1
1269,90,1223,781,94,79,1,-1,-1,-1
1270,90,1223,781,95,79,1,-1,-1,-1
1271,90,1223,781,94,79,1,-1,-1,-1
1272,90,1223,780,94,80,1,-1,-1,-1
1273,90,1230,788,88,73,1,-1,-1,-1
1274,90,1230,788,88,73,1,-1,-1,-1
1275,90,1230,788,88,73,1,-1,-1,-1
1276,90,1222,784,95,77,1,-1,-1,-1
1277,90,1230,788,87,73,1,-1,-1,-1
1278,90,1231,788,88,73,1,-1,-1,-1
1279,90,1231,788,87,73,1,-1,-1,-1
1280,90,1230,788,88,73,1,-1,-1,-1
1281,90,1231,788,88,73,1,-1,-1,-1
1282,90,1229,786,89,75,1,-1,-1,-1
1283,90,1229,787,89,74,1,-1,-1,-1
1284,90,1229,787,89,74,1,-1,-1,-1
1285,90,1223,782,94,77,1,-1,-1,-1
1286,90,1223,782,94,77,1,-1,-1,-1
1287,90,1223,782,94,77,1,-1,-1,-1
1288,90,1223,782,94,77,1,-1,-1,-1
1289,90,1223,782,94,77,1,-1,-1,-1
1290,90,1224,782,94,77,1,-1,-1,-1
1291,90,1224,783,94,77,1,-1,-1,-1
1292,90,1223,782,94,77,1,-1,-1,-1
1293,90,1223,782,94,77,1,-1,-1,-1
1294,90,1223,783,94,77,1,-1,-1,-1
1295,90,1224,783,94,76,1,-1,-1,-1
1296,90,1224,782,94,77,1,-1,-1,-1
1297,90,1224,783,94,76,1,-1,-1,-1
1298,90,1224,783,94,76,1,-1,-1,-1
1299,90,1224,783,94,76,1,-1,-1,-1
1300,90,1224,783,94,76,1,-1,-1,-1
1301,90,1224,783,94,76,1,-1,-1,-1
1302,90,1224,783,94,76,1,-1,-1,-1
1303,90,1227,784,92,76,1,-1,-1,-1
1304,90,1224,783,94,77,1,-1,-1,-1
1305,90,1224,783,94,76,1,-1,-1,-1
1306,90,1227,784,92,76,1,-1,-1,-1
1307,90,1227,784,92,76,1,-1,-1,-1
1308,90,1227,784,92,76,1,-1,-1,-1
1309,90,1228,784,91,76,1,-1,-1,-1
1310,90,1228,784,91,75,1,-1,-1,-1
1311,90,1228,784,91,76,1,-1,-1,-1
1312,90,1228,784,91,75,1,-1,-1,-1
1313,90,1228,784,91,75,1,-1,-1,-1
1314,90,1228,784,91,75,1,-1,-1,-1
1315,90,1228,784,91,76,1,-1,-1,-1
1316,90,1228,784,91,75,1,-1,-1,-1
1317,90,1228,784,91,75,1,-1,-1,-1
1318,90,1228,784,91,75,1,-1,-1,-1
1319,90,1228,784,91,76,1,-1,-1,-1
1320,90,1228,784,91,75,1,-1,-1,-1
1321,90,1228,785,91,75,1,-1,-1,-1
1322,90,1228,785,91,75,1,-1,-1,-1
1323,90,1228,785,91,75,1,-1,-1,-1
1324,90,1228,785,91,75,1,-1,-1,-1
1325,90,1224,784,94,75,1,-1,-1,-1
1326,90,1224,784,93,75,1,-1,-1,-1
1327,90,1224,784,94,75,1,-1,-1,-1
1328,90,1224,784,94,75,1,-1,-1,-1
1329,90,1224,784,94,75,1,-1,-1,-1
1330,90,1224,784,94,75,1,-1,-1,-1
1331,90,1224,784,94,75,1,-1,-1,-1
1332,90,1223,783,95,77,1,-1,-1,-1
1333,90,1221,782,96,79,1,-1,-1,-1
1334,90,1221,782,96,79,1,-1,-1,-1
1335,90,1221,782,96,79,1,-1,-1,-1
1336,90,1221,781,96,79,1,-1,-1,-1
1337,90,1222,781,96,79,1,-1,-1,-1
1338,90,1222,781,96,79,1,-1,-1,-1
1339,90,1222,781,96,79,1,-1,-1,-1
1340,90,1221,781,96,79,1,-1,-1,-1
1341,90,1222,781,96,79,1,-1,-1,-1
1342,90,1222,781,96,79,1,-1,-1,-1
1343,90,1222,781,96,79,1,-1,-1,-1
1344,90,1222,781,96,79,1,-1,-1,-1
1345,90,1221,782,96,78,1,-1,-1,-1
1346,90,1221,782,96,78,1,-1,-1,-1
1347,90,1221,782,96,78,1,-1,-1,-1
1348,90,1221,782,96,77,1,-1,-1,-1
1349,90,1221,782,96,77,1,-1,-1,-1
1350,90,1221,783,96,77,1,-1,-1,-1
1351,90,1221,783,96,77,1,-1,-1,-1
1352,90,1221,782,96,77,1,-1,-1,-1
1353,90,1221,782,96,77,1,-1,-1,-1
1354,90,1221,782,96,77,1,-1,-1,-1
1355,90,1221,782,96,77,1,-1,-1,-1
1356,90,1221,782,96,77,1,-1,-1,-1
1357,90,1220,783,98,77,1,-1,-1,-1
1358,90,1220,783,98,77,1,-1,-1,-1
1359,90,1220,783,97,77,1,-1,-1,-1
1360,90,1220,783,97,77,1,-1,-1,-1
1361,90,1220,783,97,77,1,-1,-1,-1
1362,90,1220,783,97,77,1,-1,-1,-1
1363,90,1220,783,97,77,1,-1,-1,-1
1364,90,1220,783,97,77,1,-1,-1,-1
1365,90,1220,783,97,77,1,-1,-1,-1
1366,90,1220,783,98,77,1,-1,-1,-1
1367,90,1220,783,98,77,1,-1,-1,-1
1368,90,1220,783,98,77,1,-1,-1,-1
1369,90,1229,786,91,74,1,-1,-1,-1
1370,90,1229,786,91,74,1,-1,-1,-1
1371,90,1229,786,91,74,1,-1,-1,-1
1372,90,1229,786,91,74,1,-1,-1,-1
1373,90,1220,783,98,77,1,-1,-1,-1
1374,90,1231,787,88,73,1,-1,-1,-1
1375,90,1231,787,88,73,1,-1,-1,-1
1376,90,1231,787,88,73,1,-1,-1,-1
1377,90,1233,788,86,72,1,-1,-1,-1
1378,90,1233,788,86,72,1,-1,-1,-1
1379,90,1233,788,86,72,1,-1,-1,-1
1380,90,1234,788,85,72,1,-1,-1,-1
1381,90,1222,781,96,79,1,-1,-1,-1
1382,90,1222,781,96,79,1,-1,-1,-1
1383,90,1222,781,96,79,1,-1,-1,-1
1384,90,1226,785,93,75,1,-1,-1,-1
1385,90,1222,781,96,79,1,-1,-1,-1
1386,90,1222,781,96,79,1,-1,-1,-1
1387,90,1222,781,96,79,1,-1,-1,-1
1388,90,1221,781,96,79,1,-1,-1,-1
1389,90,1225,784,94,75,1,-1,-1,-1
1390,90,1225,784,94,76,1,-1,-1,-1
1391,90,1225,784,94,76,1,-1,-1,-1
1392,90,1233,788,86,72,1,-1,-1,-1
1393,90,1241,789,77,70,1,-1,-1,-1
1394,90,1241,789,77,70,1,-1,-1,-1
1395,90,1241,789,77,70,1,-1,-1,-1
1396,90,1240,789,78,71,1,-1,-1,-1
1397,90,1240,789,78,70,1,-1,-1,-1
1398,90,1242,790,76,69,1,-1,-1,-1
1399,90,1242,790,76,69,1,-1,-1,-1
1400,90,1242,790,76,69,1,-1,-1,-1
1401,90,1242,790,76,69,1,-1,-1,-1
1402,90,1243,791,74,69,1,-1,-1,-1
1403,90,1243,791,74,69,1,-1,-1,-1
1404,90,1242,791,75,69,1,-1,-1,-1
1405,90,1238,789,81,72,1,-1,-1,-1
1406,90,1236,789,83,72,1,-1,-1,-1
1407,90,1236,789,83,72,1,-1,-1,-1
1408,90,1234,788,85,72,1,-1,-1,-1
1409,90,1235,788,84,72,1,-1,-1,-1
1410,90,1234,788,84,72,1,-1,-1,-1
1411,90,1234,788,85,72,1,-1,-1,-1
1412,90,1233,788,86,73,1,-1,-1,-1
1413,90,1232,788,86,73,1,-1,-1,-1
1414,90,1232,788,87,73,1,-1,-1,-1
1415,90,1232,788,87,73,1,-1,-1,-1
1416,90,1232,788,88,72,1,-1,-1,-1
1417,90,1217,782,101,77,1,-1,-1,-1
1418,90,1217,782,101,77,1,-1,-1,-1
1419,90,1229,786,90,74,1,-1,-1,-1
1420,90,1229,786,90,74,1,-1,-1,-1
1421,90,1230,787,89,74,1,-1,-1,-1
1422,90,1229,786,90,74,1,-1,-1,-1
1423,90,1230,786,90,74,1,-1,-1,-1
1424,90,1228,785,91,75,1,-1,-1,-1
1425,90,1228,785,91,75,1,-1,-1,-1
1426,90,1229,785,91,75,1,-1,-1,-1
1427,90,1229,785,91,75,1,-1,-1,-1
1428,90,1229,785,91,75,1,-1,-1,-1
1429,90,1230,787,89,73,1,-1,-1,-1
1430,90,1230,787,90,73,1,-1,-1,-1
1431,90,1230,787,90,73,1,-1,-1,-1
1432,90,1229,785,90,75,1,-1,-1,-1
1433,90,1229,786,90,75,1,-1,-1,-1
1434,90,1229,786,90,74,1,-1,-1,-1
1435,90,1229,786,90,74,1,-1,-1,-1
1436,90,1229,786,89,74,1,-1,-1,-1
1437,90,1229,786,89,74,1,-1,-1,-1
1438,90,1229,786,89,74,1,-1,-1,-1
1439,90,1230,786,89,74,1,-1,-1,-1
1440,90,1230,786,89,74,1,-1,-1,-1
1441,90,1232,787,87,73,1,-1,-1,-1
1442,90,1229,785,89,75,1,-1,-1,-1
1443,90,1230,786,88,74,1,-1,-1,-1
1444,90,1231,786,88,74,1,-1,-1,-1
1445,90,1232,787,87,73,1,-1,-1,-1
1446,90,1232,787,86,73,1,-1,-1,-1
1447,90,1233,787,85,72,1,-1,-1,-1
1448,90,1234,788,84,72,1,-1,-1,-1
1449,90,1233,787,85,72,1,-1,-1,-1
1450,90,1233,787,85,72,1,-1,-1,-1
1451,90,1234,788,85,72,1,-1,-1,-1
1452,90,1229,785,89,76,1,-1,-1,-1
1453,90,1221,779,96,79,1,-1,-1,-1
1454,90,1221,780,96,79,1,-1,-1,-1
1455,90,1221,780,96,79,1,-1,-1,-1
1456,90,1220,780,97,79,1,-1,-1,-1
1457,90,1220,780,97,79,1,-1,-1,-1
1458,90,1221,780,97,79,1,-1,-1,-1
1459,90,1221,780,96,79,1,-1,-1,-1
1460,90,1221,780,96,79,1,-1,-1,-1
1461,90,1221,780,96,79,1,-1,-1,-1
1462,90,1222,778,95,81,1,-1,-1,-1
1463,90,1222,779,95,82,1,-1,-1,-1
1464,90,1222,779,95,81,1,-1,-1,-1
1465,90,1228,784,91,75,1,-1,-1,-1
1466,90,1228,784,91,75,1,-1,-1,-1
1467,90,1228,784,91,75,1,-1,-1,-1
1468,90,1228,784,91,76,1,-1,-1,-1
1469,90,1228,784,91,76,1,-1,-1,-1
1470,90,1228,784,91,76,1,-1,-1,-1
1471,90,1228,784,91,76,1,-1,-1,-1
1472,90,1228,784,91,76,1,-1,-1,-1
1473,90,1228,784,91,76,1,-1,-1,-1
1474,90,1228,784,91,76,1,-1,-1,-1
1475,90,1228,784,91,76,1,-1,-1,-1
1476,90,1228,784,91,76,1,-1,-1,-1
1477,90,1228,784,91,76,1,-1,-1,-1
1478,90,1228,784,91,76,1,-1,-1,-1
1479,90,1228,784,91,76,1,-1,-1,-1
1480,90,1228,783,91,77,1,-1,-1,-1
1481,90,1228,783,91,77,1,-1,-1,-1
1482,90,1227,783,91,77,1,-1,-1,-1
1483,90,1227,783,91,77,1,-1,-1,-1
1484,90,1227,783,91,76,1,-1,-1,-1
1485,90,1222,780,96,80,1,-1,-1,-1
1486,90,1225,783,94,77,1,-1,-1,-1
1487,90,1225,783,94,77,1,-1,-1,-1
1488,90,1222,779,96,80,1,-1,-1,-1
1489,90,1226,784,93,76,1,-1,-1,-1
1490,90,1226,783,92,78,1,-1,-1,-1
1491,90,1227,783,91,78,1,-1,-1,-1
1492,90,1225,783,94,77,1,-1,-1,-1
1493,90,1225,783,93,78,1,-1,-1,-1
1494,90,1225,784,93,77,1,-1,-1,-1
1495,90,1225,783,93,77,1,-1,-1,-1
1496,90,1225,784,93,77,1,-1,-1,-1
1497,90,1227,783,91,78,1,-1,-1,-1
1498,90,1227,783,91,78,1,-1,-1,-1
1499,90,1227,783,91,78,1,-1,-1,-1
1500,90,1227,783,91,78,1,-1,-1,-1
1501,90,1231,788,88,72,1,-1,-1,-1
1502,90,1228,784,92,76,1,-1,-1,-1
1503,90,1228,784,92,76,1,-1,-1,-1
1504,90,1228,784,92,75,1,-1,-1,-1
1505,90,1228,784,92,75,1,-1,-1,-1
1506,90,1227,783,92,76,1,-1,-1,-1
1507,90,1227,783,92,76,1,-1,-1,-1
1508,90,1227,784,92,76,1,-1,-1,-1
1509,90,1227,783,92,76,1,-1,-1,-1
1510,90,1227,783,92,76,1,-1,-1,-1
1511,90,1227,784,91,76,1,-1,-1,-1
1512,90,1228,784,91,76,1,-1,-1,-1
1513,90,1227,784,92,75,1,-1,-1,-1
1514,90,1227,784,92,75,1,-1,-1,-1
1515,90,1227,784,92,75,1,-1,-1,-1
1516,90,1227,784,92,75,1,-1,-1,-1
1517,90,1227,784,92,75,1,-1,-1,-1
1518,90,1227,784,92,75,1,-1,-1,-1
1519,90,1227,784,92,75,1,-1,-1,-1
1520,90,1227,784,92,75,1,-1,-1,-1
1521,90,1227,783,92,75,1,-1,-1,-1
1522,90,1227,783,92,76,1,-1,-1,-1
1523,90,1227,784,92,75,1,-1,-1,-1
1524,90,1227,784,92,75,1,-1,-1,-1
1525,90,1227,784,92,75,1,-1,-1,-1
1526,90,1227,784,92,75,1,-1,-1,-1
1527,90,1228,785,91,74,1,-1,-1,-1
1528,90,1228,785,91,75,1,-1,-1,-1
1529,90,1227,784,92,75,1,-1,-1,-1
1530,90,1227,784,92,75,1,-1,-1,-1
1531,90,1228,785,91,74,1,-1,-1,-1
1532,90,1227,784,91,75,1,-1,-1,-1
1533,90,1228,784,91,75,1,-1,-1,-1
1534,90,1228,785,91,75,1,-1,-1,-1
1535,90,1227,784,91,75,1,-1,-1,-1
1536,90,1228,784,91,75,1,-1,-1,-1
1537,90,1228,786,90,74,1,-1,-1,-1
1538,90,1228,785,90,74,1,-1,-1,-1
1539,90,1228,785,91,75,1,-1,-1,-1
1540,90,1228,785,91,75,1,-1,-1,-1
1541,90,1228,785,91,75,1,-1,-1,-1
1542,90,1228,785,91,75,1,-1,-1,-1
1543,90,1228,785,91,75,1,-1,-1,-1
1544,90,1228,785,91,75,1,-1,-1,-1
1545,90,1228,785,90,74,1,-1,-1,-1
1546,90,1228,785,91,75,1,-1,-1,-1
1547,90,1228,785,91,75,1,-1,-1,-1
1548,90,1228,785,91,75,1,-1,-1,-1
1549,90,1228,785,91,75,1,-1,-1,-1
1550,90,1228,785,91,75,1,-1,-1,-1
1551,90,1228,785,91,75,1,-1,-1,-1
1552,90,1229,784,90,74,1,-1,-1,-1
1553,90,1230,785,89,74,1,-1,-1,-1
1554,90,1229,784,91,75,1,-1,-1,-1
1555,90,1229,785,90,74,1,-1,-1,-1
1556,90,1229,785,90,75,1,-1,-1,-1
1557,90,1229,784,90,75,1,-1,-1,-1
1558,90,1229,784,90,75,1,-1,-1,-1
1559,90,1229,785,90,75,1,-1,-1,-1
1560,90,1228,784,90,76,1,-1,-1,-1
1561,90,1231,787,87,72,1,-1,-1,-1
1562,90,1231,787,87,72,1,-1,-1,-1
1563,90,1231,787,87,72,1,-1,-1,-1
1564,90,1231,787,87,72,1,-1,-1,-1
1565,90,1231,786,87,72,1,-1,-1,-1
1566,90,1231,786,87,73,1,-1,-1,-1
1567,90,1232,787,87,72,1,-1,-1,-1
1568,90,1231,787,88,72,1,-1,-1,-1
1569,90,1230,786,88,73,1,-1,-1,-1
1570,90,1230,787,88,72,1,-1,-1,-1
1571,90,1231,787,88,72,1,-1,-1,-1
1572,90,1232,788,87,71,1,-1,-1,-1
1573,90,1235,789,84,70,1,-1,-1,-1
1574,90,1232,788,86,71,1,-1,-1,-1
1575,90,1242,791,77,67,1,-1,-1,-1
1576,90,1240,789,77,69,1,-1,-1,-1
1577,90,1240,789,77,69,1,-1,-1,-1
1578,90,1242,791,77,67,1,-1,-1,-1
1579,90,1240,789,77,69,1,-1,-1,-1
1580,90,1241,789,77,69,1,-1,-1,-1
1581,90,1240,789,77,69,1,-1,-1,-1
1582,90,1240,789,77,69,1,-1,-1,-1
1583,90,1241,789,77,69,1,-1,-1,-1
1584,90,1241,789,77,70,1,-1,-1,-1
1585,90,1241,790,76,69,1,-1,-1,-1
1586,90,1241,790,76,69,1,-1,-1,-1
1587,90,1230,786,89,73,1,-1,-1,-1
1588,90,1229,785,89,74,1,-1,-1,-1
1589,90,1241,790,76,69,1,-1,-1,-1
1590,90,1241,790,76,69,1,-1,-1,-1
1591,90,1241,790,76,69,1,-1,-1,-1
1592,90,1241,790,76,69,1,-1,-1,-1
1593,90,1241,790,76,69,1,-1,-1,-1
1594,90,1241,790,76,69,1,-1,-1,-1
1595,90,1241,790,77,69,1,-1,-1,-1
1596,90,1241,790,77,69,1,-1,-1,-1
1597,90,1233,788,86,71,1,-1,-1,-1
1598,90,1233,788,86,71,1,-1,-1,-1
1599,90,1233,788,86,71,1,-1,-1,-1
1600,90,1233,788,85,71,1,-1,-1,-1
1601,90,1233,788,86,71,1,-1,-1,-1
1602,90,1232,787,86,71,1,-1,-1,-1
1603,90,1231,787,87,72,1,-1,-1,-1
1604,90,1231,787,87,71,1,-1,-1,-1
1605,90,1231,787,88,72,1,-1,-1,-1
1606,90,1230,787,88,72,1,-1,-1,-1
1607,90,1231,787,87,71,1,-1,-1,-1
1608,90,1230,786,88,72,1,-1,-1,-1
1609,90,1230,787,88,72,1,-1,-1,-1
1610,90,1231,787,87,71,1,-1,-1,-1
1611,90,1231,787,88,72,1,-1,-1,-1
1612,90,1230,787,88,72,1,-1,-1,-1
1613,90,1232,787,86,71,1,-1,-1,-1
1614,90,1232,787,86,71,1,-1,-1,-1
1615,90,1231,787,87,71,1,-1,-1,-1
1616,90,1231,787,87,72,1,-1,-1,-1
1617,90,1231,787,87,72,1,-1,-1,-1
1618,90,1231,787,87,72,1,-1,-1,-1
1619,90,1231,787,88,72,1,-1,-1,-1
1620,90,1230,787,88,72,1,-1,-1,-1
1621,90,1228,785,91,74,1,-1,-1,-1
1622,90,1228,785,91,74,1,-1,-1,-1
1623,90,1228,785,91,74,1,-1,-1,-1
1624,90,1228,785,90,74,1,-1,-1,-1
1625,90,1228,785,90,74,1,-1,-1,-1
1626,90,1228,785,90,74,1,-1,-1,-1
1627,90,1228,785,90,74,1,-1,-1,-1
1628,90,1228,786,90,73,1,-1,-1,-1
1629,90,1220,780,97,78,1,-1,-1,-1
1630,90,1220,780,97,78,1,-1,-1,-1
1631,90,1220,781,97,78,1,-1,-1,-1
1632,90,1228,786,91,73,1,-1,-1,-1
1633,90,1228,786,91,74,1,-1,-1,-1
1634,90,1218,780,99,79,1,-1,-1,-1
1635,90,1218,780,99,79,1,-1,-1,-1
1636,90,1218,779,99,80,1,-1,-1,-1
1637,90,1218,779,99,80,1,-1,-1,-1
1638,90,1218,779,99,80,1,-1,-1,-1
1639,90,1218,780,99,79,1,-1,-1,-1
1640,90,1218,780,99,79,1,-1,-1,-1
1641,90,1218,780,99,78,1,-1,-1,-1
1642,90,1218,780,99,78,1,-1,-1,-1
1643,90,1218,780,99,78,1,-1,-1,-1
1644,90,1218,780,99,78,1,-1,-1,-1
1645,90,1219,778,98,80,1,-1,-1,-1
1646,90,1219,778,98,80,1,-1,-1,-1
1647,90,1219,778,99,80,1,-1,-1,-1
1648,90,1219,778,99,80,1,-1,-1,-1
1649,90,1219,780,98,79,1,-1,-1,-1
1650,90,1220,780,97,79,1,-1,-1,-1
1651,90,1220,780,97,78,1,-1,-1,-1
1652,90,1220,780,97,78,1,-1,-1,-1
1653,90,1220,780,97,78,1,-1,-1,-1
1654,90,1220,780,97,78,1,-1,-1,-1
1655,90,1220,781,97,78,1,-1,-1,-1
1656,90,1220,781,97,78,1,-1,-1,-1
836,91,1822,999,52,47,1,-1,-1,-1
837,91,1822,999,53,47,1,-1,-1,-1
838,91,1822,999,52,46,1,-1,-1,-1
839,91,1822,999,52,47,1,-1,-1,-1
840,91,1823,999,52,47,1,-1,-1,-1
841,91,1822,998,52,47,1,-1,-1,-1
842,91,1822,998,52,47,1,-1,-1,-1
843,91,1822,998,52,47,1,-1,-1,-1
844,91,1822,998,52,47,1,-1,-1,-1
845,91,1822,998,52,47,1,-1,-1,-1
846,91,1822,999,52,47,1,-1,-1,-1
847,91,1822,999,52,47,1,-1,-1,-1
848,91,1822,999,53,47,1,-1,-1,-1
849,91,1822,999,52,47,1,-1,-1,-1
850,91,1822,998,52,47,1,-1,-1,-1
851,91,1822,999,53,47,1,-1,-1,-1
852,91,1822,998,53,47,1,-1,-1,-1
853,91,1822,998,53,47,1,-1,-1,-1
854,91,1822,999,53,47,1,-1,-1,-1
855,91,1822,998,53,47,1,-1,-1,-1
856,91,1822,998,53,47,1,-1,-1,-1
857,91,1822,998,53,47,1,-1,-1,-1
858,91,1822,998,53,47,1,-1,-1,-1
859,91,1822,999,53,47,1,-1,-1,-1
860,91,1822,999,53,47,1,-1,-1,-1
861,91,1822,999,52,47,1,-1,-1,-1
862,91,1822,999,53,47,1,-1,-1,-1
863,91,1821,999,54,47,1,-1,-1,-1
864,91,1821,999,54,47,1,-1,-1,-1
865,91,1822,999,53,47,1,-1,-1,-1
866,91,1822,999,53,47,1,-1,-1,-1
867,91,1822,999,53,47,1,-1,-1,-1
868,91,1822,999,53,47,1,-1,-1,-1
869,91,1822,999,53,47,1,-1,-1,-1
870,91,1822,999,53,47,1,-1,-1,-1
871,91,1822,999,53,47,1,-1,-1,-1
872,91,1822,999,53,47,1,-1,-1,-1
873,91,1822,999,53,47,1,-1,-1,-1
874,91,1822,999,53,47,1,-1,-1,-1
875,91,1822,999,53,47,1,-1,-1,-1
876,91,1822,999,53,47,1,-1,-1,-1
877,91,1822,999,53,47,1,-1,-1,-1
878,91,1822,999,53,47,1,-1,-1,-1
879,91,1822,999,53,47,1,-1,-1,-1
880,91,1822,999,53,47,1,-1,-1,-1
881,91,1822,999,53,47,1,-1,-1,-1
882,91,1822,999,53,47,1,-1,-1,-1
883,91,1822,999,53,47,1,-1,-1,-1
884,91,1822,999,53,47,1,-1,-1,-1
885,91,1822,999,53,47,1,-1,-1,-1
886,91,1822,999,53,47,1,-1,-1,-1
887,91,1822,999,53,47,1,-1,-1,-1
888,91,1822,999,53,47,1,-1,-1,-1
889,91,1822,999,54,46,1,-1,-1,-1
890,91,1822,999,54,46,1,-1,-1,-1
891,91,1822,999,54,46,1,-1,-1,-1
892,91,1822,999,53,46,1,-1,-1,-1
893,91,1822,999,53,46,1,-1,-1,-1
894,91,1822,999,53,46,1,-1,-1,-1
895,91,1822,999,53,46,1,-1,-1,-1
896,91,1822,999,53,46,1,-1,-1,-1
897,91,1822,999,53,46,1,-1,-1,-1
898,91,1822,999,53,46,1,-1,-1,-1
899,91,1822,999,53,46,1,-1,-1,-1
900,91,1822,999,53,47,1,-1,-1,-1
901,91,1821,999,54,47,1,-1,-1,-1
902,91,1821,999,54,47,1,-1,-1,-1
903,91,1821,999,54,47,1,-1,-1,-1
904,91,1821,999,54,47,1,-1,-1,-1
905,91,1821,999,54,47,1,-1,-1,-1
906,91,1821,999,54,47,1,-1,-1,-1
907,91,1821,999,54,47,1,-1,-1,-1
908,91,1821,999,54,47,1,-1,-1,-1
909,91,1821,999,54,47,1,-1,-1,-1
910,91,1821,999,54,47,1,-1,-1,-1
911,91,1822,999,54,46,1,-1,-1,-1
912,91,1822,999,54,47,1,-1,-1,-1
913,91,1821,999,54,46,1,-1,-1,-1
914,91,1821,999,54,46,1,-1,-1,-1
915,91,1821,999,54,46,1,-1,-1,-1
916,91,1821,999,54,46,1,-1,-1,-1
917,91,1821,999,54,46,1,-1,-1,-1
918,91,1821,999,54,46,1,-1,-1,-1
919,91,1821,999,54,46,1,-1,-1,-1
920,91,1821,999,54,46,1,-1,-1,-1
921,91,1821,999,54,46,1,-1,-1,-1
922,91,1821,999,54,46,1,-1,-1,-1
923,91,1821,999,54,47,1,-1,-1,-1
924,91,1821,999,54,47,1,-1,-1,-1
925,91,1821,999,54,46,1,-1,-1,-1
926,91,1821,999,54,47,1,-1,-1,-1
927,91,1821,999,54,47,1,-1,-1,-1
928,91,1821,999,54,47,1,-1,-1,-1
929,91,1821,999,53,47,1,-1,-1,-1
930,91,1821,999,53,47,1,-1,-1,-1
931,91,1821,999,53,47,1,-1,-1,-1
932,91,1821,999,53,47,1,-1,-1,-1
933,91,1821,998,53,47,1,-1,-1,-1
934,91,1821,998,52,48,1,-1,-1,-1
935,91,1822,998,52,47,1,-1,-1,-1
936,91,1822,998,52,47,1,-1,-1,-1
937,91,1822,998,52,47,1,-1,-1,-1
938,91,1822,998,52,47,1,-1,-1,-1
939,91,1822,998,52,47,1,-1,-1,-1
940,91,1822,998,52,47,1,-1,-1,-1
941,91,1822,998,52,47,1,-1,-1,-1
942,91,1822,998,52,47,1,-1,-1,-1
943,91,1822,998,52,47,1,-1,-1,-1
944,91,1822,998,52,47,1,-1,-1,-1
945,91,1822,998,52,47,1,-1,-1,-1
946,91,1822,999,52,47,1,-1,-1,-1
947,91,1822,998,52,47,1,-1,-1,-1
948,91,1822,999,52,47,1,-1,-1,-1
949,91,1822,998,53,47,1,-1,-1,-1
950,91,1822,998,53,47,1,-1,-1,-1
951,91,1822,998,53,47,1,-1,-1,-1
952,91,1822,998,53,47,1,-1,-1,-1
953,91,1822,998,53,47,1,-1,-1,-1
954,91,1822,998,53,47,1,-1,-1,-1
955,91,1822,998,54,47,1,-1,-1,-1
956,91,1822,998,54,47,1,-1,-1,-1
957,91,1822,998,54,47,1,-1,-1,-1
958,91,1822,998,54,47,1,-1,-1,-1
959,91,1822,999,53,46,1,-1,-1,-1
960,91,1822,999,53,46,1,-1,-1,-1
961,91,1821,999,54,46,1,-1,-1,-1
962,91,1821,999,54,46,1,-1,-1,-1
963,91,1821,999,54,47,1,-1,-1,-1
964,91,1821,999,54,47,1,-1,-1,-1
965,91,1821,999,54,47,1,-1,-1,-1
966,91,1821,999,54,47,1,-1,-1,-1
967,91,1821,999,53,47,1,-1,-1,-1
968,91,1821,999,53,47,1,-1,-1,-1
969,91,1822,999,53,47,1,-1,-1,-1
970,91,1822,999,53,46,1,-1,-1,-1
971,91,1822,999,53,46,1,-1,-1,-1
972,91,1822,999,53,46,1,-1,-1,-1
973,91,1822,999,53,46,1,-1,-1,-1
974,91,1822,999,53,46,1,-1,-1,-1
975,91,1822,999,53,46,1,-1,-1,-1
976,91,1822,999,53,46,1,-1,-1,-1
977,91,1822,999,53,46,1,-1,-1,-1
978,91,1822,1000,53,46,1,-1,-1,-1
979,91,1822,1000,54,46,1,-1,-1,-1
980,91,1822,1000,53,46,1,-1,-1,-1
981,91,1822,1000,53,46,1,-1,-1,-1
982,91,1822,1000,53,46,1,-1,-1,-1
983,91,1822,1000,53,46,1,-1,-1,-1
984,91,1822,1000,53,46,1,-1,-1,-1
985,91,1822,1000,53,46,1,-1,-1,-1
986,91,1822,1000,53,46,1,-1,-1,-1
987,91,1822,999,53,46,1,-1,-1,-1
988,91,1822,1000,53,46,1,-1,-1,-1
989,91,1822,1000,53,46,1,-1,-1,-1
990,91,1822,1000,53,46,1,-1,-1,-1
991,91,1822,1000,53,46,1,-1,-1,-1
992,91,1822,999,53,46,1,-1,-1,-1
993,91,1822,1000,53,46,1,-1,-1,-1
994,91,1822,1000,53,46,1,-1,-1,-1
995,91,1822,1000,53,46,1,-1,-1,-1
996,91,1822,1000,53,46,1,-1,-1,-1
997,91,1822,1000,52,46,1,-1,-1,-1
998,91,1822,1000,52,46,1,-1,-1,-1
999,91,1822,999,52,46,1,-1,-1,-1
1000,91,1822,999,52,46,1,-1,-1,-1
1001,91,1822,999,52,47,1,-1,-1,-1
1002,91,1822,999,53,47,1,-1,-1,-1
1003,91,1822,999,53,47,1,-1,-1,-1
1004,91,1822,999,53,47,1,-1,-1,-1
1005,91,1822,999,53,47,1,-1,-1,-1
1006,91,1822,999,53,47,1,-1,-1,-1
1007,91,1822,999,53,47,1,-1,-1,-1
1008,91,1822,999,53,47,1,-1,-1,-1
1009,91,1822,1000,53,46,1,-1,-1,-1
1010,91,1822,1000,53,46,1,-1,-1,-1
1011,91,1822,1000,53,46,1,-1,-1,-1
1012,91,1822,1000,53,46,1,-1,-1,-1
1013,91,1822,1000,53,46,1,-1,-1,-1
1014,91,1822,1000,53,46,1,-1,-1,-1
1015,91,1822,1000,53,46,1,-1,-1,-1
1016,91,1822,1000,53,46,1,-1,-1,-1
1017,91,1822,1000,53,46,1,-1,-1,-1
1018,91,1822,1000,53,46,1,-1,-1,-1
1019,91,1822,1000,54,46,1,-1,-1,-1
1020,91,1822,1000,53,46,1,-1,-1,-1
1021,91,1822,1000,53,46,1,-1,-1,-1
1022,91,1822,1000,53,46,1,-1,-1,-1
1023,91,1822,1000,53,46,1,-1,-1,-1
1024,91,1822,1000,53,46,1,-1,-1,-1
1025,91,1822,1000,53,46,1,-1,-1,-1
1026,91,1822,1000,53,46,1,-1,-1,-1
1027,91,1822,1000,53,46,1,-1,-1,-1
1028,91,1822,1000,52,46,1,-1,-1,-1
1029,91,1822,1000,52,46,1,-1,-1,-1
1030,91,1822,999,52,46,1,-1,-1,-1
1031,91,1822,999,52,46,1,-1,-1,-1
1032,91,1822,999,52,47,1,-1,-1,-1
1033,91,1822,999,52,47,1,-1,-1,-1
1034,91,1822,999,53,47,1,-1,-1,-1
1035,91,1822,999,52,47,1,-1,-1,-1
1036,91,1822,999,52,47,1,-1,-1,-1
1037,91,1822,999,52,47,1,-1,-1,-1
1038,91,1822,998,52,47,1,-1,-1,-1
1039,91,1822,998,52,47,1,-1,-1,-1
1040,91,1822,997,53,48,1,-1,-1,-1
1041,91,1822,998,52,47,1,-1,-1,-1
1042,91,1822,999,52,47,1,-1,-1,-1
1043,91,1822,999,52,47,1,-1,-1,-1
1044,91,1822,1000,52,46,1,-1,-1,-1
1045,91,1822,999,53,47,1,-1,-1,-1
1046,91,1822,1000,52,46,1,-1,-1,-1
1047,91,1822,1000,52,46,1,-1,-1,-1
1048,91,1822,999,52,46,1,-1,-1,-1
1049,91,1822,999,52,47,1,-1,-1,-1
1050,91,1822,999,51,47,1,-1,-1,-1
1051,91,1822,999,51,47,1,-1,-1,-1
1052,91,1822,998,51,47,1,-1,-1,-1
1053,91,1822,998,52,48,1,-1,-1,-1
1054,91,1822,997,53,48,1,-1,-1,-1
1055,91,1822,998,52,47,1,-1,-1,-1
1056,91,1822,999,51,47,1,-1,-1,-1
1057,91,1822,999,52,46,1,-1,-1,-1
1058,91,1822,998,55,47,1,-1,-1,-1
1059,91,1822,998,56,47,1,-1,-1,-1
1060,91,1822,999,55,47,1,-1,-1,-1
1061,91,1822,999,54,47,1,-1,-1,-1
1062,91,1822,999,53,47,1,-1,-1,-1
1063,91,1822,999,53,47,1,-1,-1,-1
1064,91,1823,999,53,47,1,-1,-1,-1
1065,91,1823,999,53,47,1,-1,-1,-1
1066,91,1823,999,53,47,1,-1,-1,-1
1067,91,1822,999,53,47,1,-1,-1,-1
1068,91,1822,998,54,48,1,-1,-1,-1
1069,91,1822,998,54,48,1,-1,-1,-1
1070,91,1822,997,54,49,1,-1,-1,-1
1071,91,1822,997,54,48,1,-1,-1,-1
1072,91,1821,998,55,48,1,-1,-1,-1
1073,91,1822,997,54,48,1,-1,-1,-1
1074,91,1822,998,54,48,1,-1,-1,-1
1075,91,1822,998,54,48,1,-1,-1,-1
1076,91,1822,999,54,47,1,-1,-1,-1
1077,91,1822,999,54,47,1,-1,-1,-1
1078,91,1822,999,54,47,1,-1,-1,-1
1079,91,1822,999,54,47,1,-1,-1,-1
1080,91,1822,999,54,47,1,-1,-1,-1
1081,91,1822,998,54,47,1,-1,-1,-1
1082,91,1822,998,53,47,1,-1,-1,-1
1083,91,1822,998,52,48,1,-1,-1,-1
1084,91,1822,998,52,48,1,-1,-1,-1
1085,91,1822,998,52,47,1,-1,-1,-1
1086,91,1822,998,52,47,1,-1,-1,-1
1087,91,1822,998,51,47,1,-1,-1,-1
1088,91,1822,998,51,47,1,-1,-1,-1
1089,91,1822,998,51,47,1,-1,-1,-1
1090,91,1822,998,51,47,1,-1,-1,-1
1091,91,1822,998,51,47,1,-1,-1,-1
1092,91,1822,998,52,47,1,-1,-1,-1
1093,91,1822,999,51,46,1,-1,-1,-1
1094,91,1821,998,53,46,1,-1,-1,-1
1095,91,1822,998,53,47,1,-1,-1,-1
1096,91,1822,998,53,47,1,-1,-1,-1
1097,91,1822,998,54,47,1,-1,-1,-1
1112,91,1822,998,53,47,1,-1,-1,-1
1113,91,1822,998,53,47,1,-1,-1,-1
1114,91,1822,998,53,47,1,-1,-1,-1
1115,91,1822,998,52,47,1,-1,-1,-1
1116,91,1822,998,52,47,1,-1,-1,-1
1117,91,1822,999,53,47,1,-1,-1,-1
1118,91,1822,999,53,47,1,-1,-1,-1
1119,91,1822,999,53,47,1,-1,-1,-1
1120,91,1822,999,53,47,1,-1,-1,-1
1121,91,1822,999,53,47,1,-1,-1,-1
1122,91,1822,999,52,46,1,-1,-1,-1
1123,91,1822,999,52,46,1,-1,-1,-1
1124,91,1823,999,52,46,1,-1,-1,-1
1125,91,1823,999,52,46,1,-1,-1,-1
1126,91,1822,999,52,46,1,-1,-1,-1
1127,91,1822,999,52,46,1,-1,-1,-1
1128,91,1822,999,52,46,1,-1,-1,-1
1129,91,1822,999,52,47,1,-1,-1,-1
1130,91,1822,999,52,47,1,-1,-1,-1
1131,91,1823,999,52,47,1,-1,-1,-1
1132,91,1822,998,52,47,1,-1,-1,-1
1133,91,1822,998,52,47,1,-1,-1,-1
1134,91,1822,998,52,47,1,-1,-1,-1
1135,91,1822,998,52,47,1,-1,-1,-1
1136,91,1822,998,52,47,1,-1,-1,-1
1137,91,1822,998,53,47,1,-1,-1,-1
1138,91,1822,998,53,47,1,-1,-1,-1
1139,91,1822,998,53,47,1,-1,-1,-1
1140,91,1822,998,53,47,1,-1,-1,-1
1141,91,1822,998,53,47,1,-1,-1,-1
1142,91,1822,999,53,47,1,-1,-1,-1
1143,91,1822,999,53,47,1,-1,-1,-1
1144,91,1822,999,53,47,1,-1,-1,-1
1145,91,1822,999,53,47,1,-1,-1,-1
1146,91,1822,999,53,47,1,-1,-1,-1
1147,91,1822,999,53,47,1,-1,-1,-1
1148,91,1822,999,53,47,1,-1,-1,-1
1149,91,1821,999,53,47,1,-1,-1,-1
1150,91,1821,999,53,47,1,-1,-1,-1
1151,91,1822,999,53,47,1,-1,-1,-1
1152,91,1822,999,53,47,1,-1,-1,-1
1153,91,1822,999,53,47,1,-1,-1,-1
1154,91,1822,999,53,47,1,-1,-1,-1
1155,91,1822,999,53,47,1,-1,-1,-1
1156,91,1822,999,53,47,1,-1,-1,-1
1157,91,1822,999,53,47,1,-1,-1,-1
1158,91,1822,999,53,47,1,-1,-1,-1
1159,91,1822,999,53,47,1,-1,-1,-1
1160,91,1822,998,54,47,1,-1,-1,-1
1161,91,1822,998,54,47,1,-1,-1,-1
1162,91,1822,999,53,46,1,-1,-1,-1
1163,91,1822,999,53,46,1,-1,-1,-1
1164,91,1822,999,53,46,1,-1,-1,-1
1165,91,1822,999,52,46,1,-1,-1,-1
1166,91,1822,999,52,46,1,-1,-1,-1
1167,91,1822,999,52,46,1,-1,-1,-1
1168,91,1822,999,52,46,1,-1,-1,-1
1169,91,1822,999,52,46,1,-1,-1,-1
1170,91,1822,999,52,46,1,-1,-1,-1
1171,91,1822,999,52,46,1,-1,-1,-1
1172,91,1822,999,52,47,1,-1,-1,-1
1173,91,1822,999,52,47,1,-1,-1,-1
1174,91,1822,999,52,47,1,-1,-1,-1
1175,91,1822,999,52,47,1,-1,-1,-1
1176,91,1822,999,52,47,1,-1,-1,-1
1177,91,1822,999,52,47,1,-1,-1,-1
1178,91,1822,999,52,47,1,-1,-1,-1
1179,91,1822,999,52,47,1,-1,-1,-1
1180,91,1822,999,52,47,1,-1,-1,-1
1181,91,1822,999,52,47,1,-1,-1,-1
1182,91,1822,999,52,47,1,-1,-1,-1
1183,91,1822,999,52,47,1,-1,-1,-1
1184,91,1822,999,52,47,1,-1,-1,-1
1185,91,1822,999,52,47,1,-1,-1,-1
1186,91,1822,999,52,47,1,-1,-1,-1
1187,91,1822,999,52,47,1,-1,-1,-1
1188,91,1822,999,52,47,1,-1,-1,-1
1189,91,1821,999,53,47,1,-1,-1,-1
1190,91,1821,999,53,47,1,-1,-1,-1
1191,91,1821,999,53,47,1,-1,-1,-1
1192,91,1822,999,53,47,1,-1,-1,-1
1193,91,1822,999,53,47,1,-1,-1,-1
1194,91,1822,999,53,47,1,-1,-1,-1
1195,91,1822,999,53,47,1,-1,-1,-1
1196,91,1822,999,53,47,1,-1,-1,-1
1197,91,1822,999,53,47,1,-1,-1,-1
1198,91,1822,999,53,47,1,-1,-1,-1
1199,91,1822,999,53,47,1,-1,-1,-1
1200,91,1822,999,53,47,1,-1,-1,-1
1201,91,1822,999,52,47,1,-1,-1,-1
1202,91,1822,999,52,47,1,-1,-1,-1
1203,91,1821,999,52,47,1,-1,-1,-1
1204,91,1822,999,52,47,1,-1,-1,-1
1205,91,1822,999,52,47,1,-1,-1,-1
1206,91,1822,999,52,47,1,-1,-1,-1
1207,91,1821,999,53,47,1,-1,-1,-1
1208,91,1821,999,53,47,1,-1,-1,-1
1209,91,1821,999,53,47,1,-1,-1,-1
1210,91,1821,999,53,47,1,-1,-1,-1
1211,91,1821,999,53,47,1,-1,-1,-1
1212,91,1821,999,53,47,1,-1,-1,-1
1213,91,1821,999,52,47,1,-1,-1,-1
1214,91,1821,999,52,47,1,-1,-1,-1
1215,91,1821,999,52,47,1,-1,-1,-1
1216,91,1821,999,52,47,1,-1,-1,-1
1217,91,1821,999,52,47,1,-1,-1,-1
1218,91,1821,999,52,47,1,-1,-1,-1
1219,91,1821,999,52,47,1,-1,-1,-1
1220,91,1821,999,52,47,1,-1,-1,-1
1221,91,1821,999,52,47,1,-1,-1,-1
1222,91,1821,999,52,47,1,-1,-1,-1
1223,91,1821,999,52,47,1,-1,-1,-1
1224,91,1821,999,52,47,1,-1,-1,-1
1225,91,1822,999,52,47,1,-1,-1,-1
1226,91,1822,999,52,47,1,-1,-1,-1
1227,91,1822,999,52,47,1,-1,-1,-1
1228,91,1822,999,52,47,1,-1,-1,-1
1229,91,1822,999,52,48,1,-1,-1,-1
1230,91,1822,999,52,48,1,-1,-1,-1
1231,91,1822,999,52,48,1,-1,-1,-1
1232,91,1822,999,52,48,1,-1,-1,-1
1233,91,1822,999,52,48,1,-1,-1,-1
1234,91,1822,999,52,48,1,-1,-1,-1
1235,91,1822,999,52,48,1,-1,-1,-1
1236,91,1822,999,52,48,1,-1,-1,-1
1237,91,1821,999,52,47,1,-1,-1,-1
1238,91,1821,999,52,47,1,-1,-1,-1
1239,91,1821,999,52,47,1,-1,-1,-1
1240,91,1821,999,52,47,1,-1,-1,-1
1241,91,1821,999,52,47,1,-1,-1,-1
1242,91,1821,999,52,47,1,-1,-1,-1
1243,91,1821,999,52,47,1,-1,-1,-1
1244,91,1821,999,52,47,1,-1,-1,-1
1245,91,1821,999,52,47,1,-1,-1,-1
1246,91,1821,999,52,47,1,-1,-1,-1
1247,91,1821,999,52,47,1,-1,-1,-1
1248,91,1821,999,52,47,1,-1,-1,-1
1249,91,1821,999,52,47,1,-1,-1,-1
1250,91,1821,999,52,47,1,-1,-1,-1
1251,91,1821,999,53,47,1,-1,-1,-1
1252,91,1821,999,53,47,1,-1,-1,-1
1253,91,1821,999,53,47,1,-1,-1,-1
1254,91,1821,999,53,47,1,-1,-1,-1
1255,91,1821,999,53,47,1,-1,-1,-1
1256,91,1821,999,53,47,1,-1,-1,-1
1257,91,1821,999,53,47,1,-1,-1,-1
1258,91,1821,999,53,47,1,-1,-1,-1
1259,91,1821,999,53,48,1,-1,-1,-1
1260,91,1821,999,53,48,1,-1,-1,-1
1261,91,1822,999,52,47,1,-1,-1,-1
1262,91,1822,999,52,46,1,-1,-1,-1
1263,91,1822,999,53,47,1,-1,-1,-1
1264,91,1822,999,53,47,1,-1,-1,-1
1265,91,1822,999,53,47,1,-1,-1,-1
1266,91,1822,999,53,47,1,-1,-1,-1
1267,91,1822,999,53,47,1,-1,-1,-1
1268,91,1822,999,53,47,1,-1,-1,-1
1269,91,1822,999,53,47,1,-1,-1,-1
1270,91,1822,999,53,47,1,-1,-1,-1
1271,91,1821,999,53,47,1,-1,-1,-1
1272,91,1822,999,53,47,1,-1,-1,-1
1273,91,1822,999,53,46,1,-1,-1,-1
1274,91,1822,999,53,47,1,-1,-1,-1
1275,91,1822,999,53,47,1,-1,-1,-1
1276,91,1822,999,53,47,1,-1,-1,-1
1277,91,1822,999,53,47,1,-1,-1,-1
1278,91,1822,999,53,47,1,-1,-1,-1
1279,91,1822,999,53,47,1,-1,-1,-1
1280,91,1822,999,53,47,1,-1,-1,-1
1281,91,1822,998,53,47,1,-1,-1,-1
1282,91,1822,999,53,47,1,-1,-1,-1
1283,91,1822,999,53,47,1,-1,-1,-1
1284,91,1822,999,53,47,1,-1,-1,-1
1285,91,1822,999,53,47,1,-1,-1,-1
1286,91,1822,999,52,47,1,-1,-1,-1
1287,91,1822,999,52,47,1,-1,-1,-1
1288,91,1822,999,52,47,1,-1,-1,-1
1289,91,1822,999,52,46,1,-1,-1,-1
1290,91,1822,999,52,46,1,-1,-1,-1
1291,91,1822,999,52,47,1,-1,-1,-1
1292,91,1822,999,52,47,1,-1,-1,-1
1293,91,1822,999,52,47,1,-1,-1,-1
1294,91,1822,999,53,47,1,-1,-1,-1
1295,91,1822,999,53,47,1,-1,-1,-1
1296,91,1822,999,53,47,1,-1,-1,-1
1297,91,1821,999,53,47,1,-1,-1,-1
1298,91,1821,999,53,47,1,-1,-1,-1
1299,91,1822,999,53,47,1,-1,-1,-1
1300,91,1822,999,52,47,1,-1,-1,-1
1301,91,1823,999,52,46,1,-1,-1,-1
1302,91,1823,999,52,46,1,-1,-1,-1
1303,91,1823,999,52,46,1,-1,-1,-1
1304,91,1823,999,51,46,1,-1,-1,-1
1305,91,1823,1000,51,45,1,-1,-1,-1
1306,91,1824,999,51,46,1,-1,-1,-1
1307,91,1824,999,50,46,1,-1,-1,-1
1308,91,1824,999,50,46,1,-1,-1,-1
1309,91,1824,999,50,46,1,-1,-1,-1
1310,91,1825,999,49,45,1,-1,-1,-1
1311,91,1826,999,48,46,1,-1,-1,-1
1312,91,1826,999,48,46,1,-1,-1,-1
1313,91,1825,1000,48,45,1,-1,-1,-1
1314,91,1826,1000,48,45,1,-1,-1,-1
1315,91,1826,1000,47,45,1,-1,-1,-1
1316,91,1828,1000,46,45,1,-1,-1,-1
1317,91,1825,1000,49,45,1,-1,-1,-1
1318,91,1825,1000,48,45,1,-1,-1,-1
1319,91,1826,1000,48,45,1,-1,-1,-1
1320,91,1824,1000,50,45,1,-1,-1,-1
1321,91,1824,1000,50,45,1,-1,-1,-1
1322,91,1825,1000,49,45,1,-1,-1,-1
1323,91,1825,999,49,46,1,-1,-1,-1
1324,91,1825,999,50,46,1,-1,-1,-1
1325,91,1826,999,49,46,1,-1,-1,-1
1326,91,1826,999,49,46,1,-1,-1,-1
1327,91,1825,999,49,46,1,-1,-1,-1
1328,91,1824,999,50,46,1,-1,-1,-1
1329,91,1824,1000,50,46,1,-1,-1,-1
1330,91,1825,1000,50,46,1,-1,-1,-1
1331,91,1824,1000,50,46,1,-1,-1,-1
1332,91,1823,1000,51,46,1,-1,-1,-1
1333,91,1823,999,51,46,1,-1,-1,-1
1334,91,1823,998,51,46,1,-1,-1,-1
1335,91,1823,998,51,46,1,-1,-1,-1
1336,91,1823,998,51,46,1,-1,-1,-1
1337,91,1822,998,52,47,1,-1,-1,-1
1338,91,1822,998,52,46,1,-1,-1,-1
1339,91,1822,998,52,47,1,-1,-1,-1
1340,91,1823,998,52,47,1,-1,-1,-1
1341,91,1823,998,52,47,1,-1,-1,-1
1342,91,1823,998,52,47,1,-1,-1,-1
1343,91,1822,998,52,47,1,-1,-1,-1
1344,91,1822,998,52,47,1,-1,-1,-1
1345,91,1822,999,51,46,1,-1,-1,-1
1346,91,1822,999,51,46,1,-1,-1,-1
1347,91,1822,999,51,46,1,-1,-1,-1
1348,91,1822,999,51,46,1,-1,-1,-1
1349,91,1822,999,51,46,1,-1,-1,-1
1350,91,1822,999,52,46,1,-1,-1,-1
1351,91,1822,999,52,46,1,-1,-1,-1
1352,91,1822,999,52,46,1,-1,-1,-1
1353,91,1822,999,52,46,1,-1,-1,-1
1354,91,1822,999,52,46,1,-1,-1,-1
1355,91,1822,999,52,46,1,-1,-1,-1
1356,91,1822,999,52,46,1,-1,-1,-1
1357,91,1822,998,51,47,1,-1,-1,-1
1358,91,1822,998,51,47,1,-1,-1,-1
1359,91,1822,998,51,47,1,-1,-1,-1
1360,91,1822,998,51,47,1,-1,-1,-1
1361,91,1822,998,51,47,1,-1,-1,-1
1362,91,1822,998,51,47,1,-1,-1,-1
1363,91,1822,998,51,47,1,-1,-1,-1
1364,91,1822,998,51,47,1,-1,-1,-1
1365,91,1822,998,51,47,1,-1,-1,-1
1366,91,1822,998,52,47,1,-1,-1,-1
1367,91,1822,998,52,47,1,-1,-1,-1
1368,91,1822,998,52,47,1,-1,-1,-1
1369,91,1822,998,52,47,1,-1,-1,-1
1370,91,1822,998,52,47,1,-1,-1,-1
1371,91,1822,998,52,47,1,-1,-1,-1
1372,91,1822,998,52,47,1,-1,-1,-1
1373,91,1822,998,52,47,1,-1,-1,-1
1374,91,1822,999,52,47,1,-1,-1,-1
1375,91,1822,999,52,47,1,-1,-1,-1
1376,91,1822,998,53,47,1,-1,-1,-1
1377,91,1822,999,52,47,1,-1,-1,-1
1378,91,1822,999,52,47,1,-1,-1,-1
1379,91,1822,999,52,47,1,-1,-1,-1
1380,91,1822,999,52,47,1,-1,-1,-1
1381,91,1822,998,52,46,1,-1,-1,-1
1382,91,1823,999,52,46,1,-1,-1,-1
1383,91,1822,999,52,46,1,-1,-1,-1
1384,91,1822,999,52,46,1,-1,-1,-1
1385,91,1822,999,52,46,1,-1,-1,-1
1386,91,1822,999,52,46,1,-1,-1,-1
1387,91,1822,999,52,46,1,-1,-1,-1
1388,91,1823,999,52,46,1,-1,-1,-1
1389,91,1823,999,52,46,1,-1,-1,-1
1390,91,1822,999,52,46,1,-1,-1,-1
1391,91,1822,999,52,46,1,-1,-1,-1
1392,91,1822,999,53,47,1,-1,-1,-1
1393,91,1822,999,54,47,1,-1,-1,-1
1394,91,1822,999,54,47,1,-1,-1,-1
1395,91,1822,999,54,47,1,-1,-1,-1
1396,91,1822,999,53,47,1,-1,-1,-1
1397,91,1822,999,53,47,1,-1,-1,-1
1398,91,1822,999,53,47,1,-1,-1,-1
1399,91,1822,999,53,47,1,-1,-1,-1
1400,91,1822,999,53,47,1,-1,-1,-1
1401,91,1822,999,53,47,1,-1,-1,-1
1402,91,1822,999,53,46,1,-1,-1,-1
1403,91,1822,999,53,46,1,-1,-1,-1
1404,91,1822,1000,53,46,1,-1,-1,-1
1405,91,1822,999,53,47,1,-1,-1,-1
1406,91,1822,999,53,47,1,-1,-1,-1
1407,91,1822,999,53,47,1,-1,-1,-1
1408,91,1822,999,53,47,1,-1,-1,-1
1409,91,1822,999,53,46,1,-1,-1,-1
1410,91,1822,999,53,47,1,-1,-1,-1
1411,91,1822,999,53,46,1,-1,-1,-1
1412,91,1822,999,52,46,1,-1,-1,-1
1413,91,1822,999,52,47,1,-1,-1,-1
1414,91,1822,999,52,47,1,-1,-1,-1
1415,91,1822,999,52,46,1,-1,-1,-1
1416,91,1822,999,52,47,1,-1,-1,-1
1417,91,1822,999,52,47,1,-1,-1,-1
1418,91,1822,999,52,47,1,-1,-1,-1
1419,91,1822,999,52,47,1,-1,-1,-1
1420,91,1822,999,52,47,1,-1,-1,-1
1421,91,1822,999,52,47,1,-1,-1,-1
1422,91,1822,1000,53,47,1,-1,-1,-1
1423,91,1822,1000,53,47,1,-1,-1,-1
1424,91,1822,1000,53,47,1,-1,-1,-1
1425,91,1822,1000,53,47,1,-1,-1,-1
1426,91,1822,1000,53,47,1,-1,-1,-1
1427,91,1822,999,53,47,1,-1,-1,-1
1428,91,1822,999,53,47,1,-1,-1,-1
1429,91,1822,999,53,47,1,-1,-1,-1
1430,91,1822,999,53,47,1,-1,-1,-1
1431,91,1822,999,53,48,1,-1,-1,-1
1432,91,1822,999,53,47,1,-1,-1,-1
1433,91,1822,999,53,48,1,-1,-1,-1
1434,91,1822,999,53,48,1,-1,-1,-1
1435,91,1822,999,53,48,1,-1,-1,-1
1436,91,1822,999,53,48,1,-1,-1,-1
1437,91,1822,999,53,48,1,-1,-1,-1
1438,91,1822,999,53,48,1,-1,-1,-1
1439,91,1822,999,53,48,1,-1,-1,-1
1440,91,1822,999,53,48,1,-1,-1,-1
1441,91,1822,999,53,48,1,-1,-1,-1
1442,91,1822,999,53,47,1,-1,-1,-1
1443,91,1822,999,53,47,1,-1,-1,-1
1444,91,1822,999,53,47,1,-1,-1,-1
1445,91,1822,999,53,47,1,-1,-1,-1
1446,91,1822,999,53,47,1,-1,-1,-1
1447,91,1822,999,53,47,1,-1,-1,-1
1448,91,1822,999,53,47,1,-1,-1,-1
1449,91,1822,999,53,47,1,-1,-1,-1
1450,91,1822,999,53,47,1,-1,-1,-1
1451,91,1822,999,53,47,1,-1,-1,-1
1452,91,1822,999,52,47,1,-1,-1,-1
1453,91,1822,999,52,47,1,-1,-1,-1
1454,91,1822,999,52,47,1,-1,-1,-1
1455,91,1822,999,52,47,1,-1,-1,-1
1456,91,1822,999,52,47,1,-1,-1,-1
1457,91,1822,999,52,47,1,-1,-1,-1
1458,91,1822,999,52,47,1,-1,-1,-1
1459,91,1822,999,52,47,1,-1,-1,-1
1460,91,1822,999,52,47,1,-1,-1,-1
1461,91,1822,999,52,47,1,-1,-1,-1
1462,91,1822,1000,53,47,1,-1,-1,-1
1463,91,1822,1000,53,46,1,-1,-1,-1
1464,91,1822,1000,53,46,1,-1,-1,-1
1465,91,1822,999,53,46,1,-1,-1,-1
1466,91,1822,999,53,46,1,-1,-1,-1
1467,91,1822,999,53,46,1,-1,-1,-1
1468,91,1822,999,53,46,1,-1,-1,-1
1469,91,1822,999,53,46,1,-1,-1,-1
1470,91,1822,999,53,46,1,-1,-1,-1
1471,91,1822,999,53,46,1,-1,-1,-1
1472,91,1822,1000,53,46,1,-1,-1,-1
1473,91,1822,1000,53,46,1,-1,-1,-1
1474,91,1822,1000,53,46,1,-1,-1,-1
1475,91,1822,1000,53,46,1,-1,-1,-1
1476,91,1822,1000,53,46,1,-1,-1,-1
1477,91,1822,999,53,46,1,-1,-1,-1
1478,91,1822,999,53,46,1,-1,-1,-1
1479,91,1822,999,53,46,1,-1,-1,-1
1480,91,1822,999,53,46,1,-1,-1,-1
1481,91,1822,999,53,47,1,-1,-1,-1
1482,91,1822,999,53,47,1,-1,-1,-1
1483,91,1822,999,53,47,1,-1,-1,-1
1484,91,1822,999,53,47,1,-1,-1,-1
1485,91,1822,999,53,47,1,-1,-1,-1
1486,91,1822,998,53,47,1,-1,-1,-1
1487,91,1822,998,53,47,1,-1,-1,-1
1488,91,1822,998,53,47,1,-1,-1,-1
1489,91,1822,999,53,47,1,-1,-1,-1
1490,91,1822,999,53,47,1,-1,-1,-1
1491,91,1822,999,53,47,1,-1,-1,-1
1492,91,1822,999,53,47,1,-1,-1,-1
1493,91,1822,999,53,47,1,-1,-1,-1
1494,91,1822,999,53,47,1,-1,-1,-1
1495,91,1822,999,53,47,1,-1,-1,-1
1496,91,1822,999,53,47,1,-1,-1,-1
1497,91,1822,999,53,47,1,-1,-1,-1
1498,91,1822,999,53,47,1,-1,-1,-1
1499,91,1822,999,53,47,1,-1,-1,-1
1500,91,1821,999,53,47,1,-1,-1,-1
1501,91,1822,999,54,47,1,-1,-1,-1
1502,91,1821,1000,53,46,1,-1,-1,-1
1503,91,1822,1000,53,46,1,-1,-1,-1
1504,91,1822,1000,53,46,1,-1,-1,-1
1505,91,1822,1000,53,46,1,-1,-1,-1
1506,91,1822,1000,53,47,1,-1,-1,-1
1507,91,1822,1000,53,47,1,-1,-1,-1
1508,91,1822,1000,53,47,1,-1,-1,-1
1509,91,1822,1000,53,47,1,-1,-1,-1
1510,91,1822,1000,53,47,1,-1,-1,-1
1511,91,1822,1000,53,47,1,-1,-1,-1
1512,91,1822,1000,53,47,1,-1,-1,-1
1513,91,1822,999,53,47,1,-1,-1,-1
1514,91,1822,999,53,47,1,-1,-1,-1
1515,91,1822,999,53,47,1,-1,-1,-1
1516,91,1821,999,53,48,1,-1,-1,-1
1517,91,1821,999,53,48,1,-1,-1,-1
1518,91,1821,999,53,48,1,-1,-1,-1
1519,91,1821,999,53,47,1,-1,-1,-1
1520,91,1821,999,53,48,1,-1,-1,-1
1521,91,1821,999,53,48,1,-1,-1,-1
1522,91,1822,999,53,47,1,-1,-1,-1
1523,91,1822,999,53,47,1,-1,-1,-1
1524,91,1822,999,53,48,1,-1,-1,-1
1525,91,1822,999,53,47,1,-1,-1,-1
1526,91,1822,999,53,47,1,-1,-1,-1
1527,91,1822,999,53,47,1,-1,-1,-1
1528,91,1822,999,53,47,1,-1,-1,-1
1529,91,1822,999,53,47,1,-1,-1,-1
1530,91,1822,999,53,47,1,-1,-1,-1
1531,91,1822,999,53,47,1,-1,-1,-1
1532,91,1822,999,53,47,1,-1,-1,-1
1533,91,1821,999,53,48,1,-1,-1,-1
1534,91,1821,999,53,48,1,-1,-1,-1
1535,91,1821,999,53,48,1,-1,-1,-1
1536,91,1822,999,53,48,1,-1,-1,-1
1537,91,1821,999,53,47,1,-1,-1,-1
1538,91,1821,999,53,47,1,-1,-1,-1
1539,91,1821,999,53,47,1,-1,-1,-1
1540,91,1821,999,53,47,1,-1,-1,-1
1541,91,1822,999,53,47,1,-1,-1,-1
1542,91,1821,999,53,47,1,-1,-1,-1
1543,91,1822,999,53,47,1,-1,-1,-1
1544,91,1822,999,53,47,1,-1,-1,-1
1545,91,1822,999,53,47,1,-1,-1,-1
1546,91,1822,999,53,47,1,-1,-1,-1
1547,91,1822,999,53,47,1,-1,-1,-1
1548,91,1822,999,53,47,1,-1,-1,-1
1549,91,1821,999,53,47,1,-1,-1,-1
1550,91,1821,999,53,47,1,-1,-1,-1
1551,91,1821,999,53,47,1,-1,-1,-1
1552,91,1822,1000,53,47,1,-1,-1,-1
1553,91,1822,999,53,47,1,-1,-1,-1
1554,91,1822,999,53,47,1,-1,-1,-1
1555,91,1822,999,53,47,1,-1,-1,-1
1556,91,1822,999,53,47,1,-1,-1,-1
1557,91,1822,999,53,47,1,-1,-1,-1
1558,91,1822,999,53,47,1,-1,-1,-1
1559,91,1822,999,53,46,1,-1,-1,-1
1560,91,1822,999,53,46,1,-1,-1,-1
1561,91,1822,999,53,47,1,-1,-1,-1
1562,91,1822,999,53,47,1,-1,-1,-1
1563,91,1822,999,53,47,1,-1,-1,-1
1564,91,1822,999,53,47,1,-1,-1,-1
1565,91,1822,999,53,47,1,-1,-1,-1
1566,91,1822,999,53,47,1,-1,-1,-1
1567,91,1822,999,53,47,1,-1,-1,-1
1568,91,1822,999,53,46,1,-1,-1,-1
1569,91,1822,999,53,46,1,-1,-1,-1
1570,91,1822,999,53,46,1,-1,-1,-1
1571,91,1822,999,53,47,1,-1,-1,-1
1572,91,1822,999,53,47,1,-1,-1,-1
1573,91,1821,1000,54,46,1,-1,-1,-1
1574,91,1821,1000,54,46,1,-1,-1,-1
1575,91,1821,1000,54,46,1,-1,-1,-1
1576,91,1821,1000,54,46,1,-1,-1,-1
1577,91,1821,1000,54,46,1,-1,-1,-1
1578,91,1821,1000,54,46,1,-1,-1,-1
1579,91,1821,1000,53,46,1,-1,-1,-1
1580,91,1821,999,53,46,1,-1,-1,-1
1581,91,1821,1000,53,46,1,-1,-1,-1
1582,91,1821,999,53,47,1,-1,-1,-1
1583,91,1821,1000,54,46,1,-1,-1,-1
1584,91,1821,1000,54,46,1,-1,-1,-1
1585,91,1822,999,53,47,1,-1,-1,-1
1586,91,1822,999,53,47,1,-1,-1,-1
1587,91,1822,999,53,47,1,-1,-1,-1
1588,91,1822,999,53,47,1,-1,-1,-1
1589,91,1822,999,53,46,1,-1,-1,-1
1590,91,1822,999,53,46,1,-1,-1,-1
1591,91,1822,999,53,46,1,-1,-1,-1
1592,91,1822,1000,53,46,1,-1,-1,-1
1593,91,1822,1000,53,46,1,-1,-1,-1
1594,91,1822,1000,53,46,1,-1,-1,-1
1595,91,1822,999,53,46,1,-1,-1,-1
1596,91,1821,999,53,46,1,-1,-1,-1
1597,91,1821,1001,53,44,1,-1,-1,-1
1598,91,1821,1001,53,44,1,-1,-1,-1
1599,91,1821,1001,53,44,1,-1,-1,-1
1600,91,1821,1001,53,44,1,-1,-1,-1
1601,91,1821,1002,53,44,1,-1,-1,-1
1602,91,1821,1002,53,44,1,-1,-1,-1
1603,91,1821,1002,53,44,1,-1,-1,-1
1604,91,1821,1002,53,44,1,-1,-1,-1
1605,91,1821,1002,53,44,1,-1,-1,-1
1606,91,1821,1002,52,44,1,-1,-1,-1
1607,91,1821,1002,52,44,1,-1,-1,-1
1608,91,1821,1002,52,44,1,-1,-1,-1
1609,91,1821,1001,52,44,1,-1,-1,-1
1610,91,1821,1002,52,44,1,-1,-1,-1
1611,91,1821,1002,52,44,1,-1,-1,-1
1612,91,1821,1002,52,44,1,-1,-1,-1
1613,91,1821,1002,52,44,1,-1,-1,-1
1614,91,1821,1002,52,44,1,-1,-1,-1
1615,91,1821,1002,52,44,1,-1,-1,-1
1616,91,1821,1002,52,44,1,-1,-1,-1
1617,91,1821,1002,52,44,1,-1,-1,-1
1618,91,1821,1002,52,44,1,-1,-1,-1
1619,91,1821,1002,52,44,1,-1,-1,-1
1620,91,1821,1002,52,44,1,-1,-1,-1
1621,91,1821,1002,53,44,1,-1,-1,-1
1622,91,1821,1002,53,44,1,-1,-1,-1
1623,91,1821,1002,52,44,1,-1,-1,-1
1624,91,1821,1002,52,44,1,-1,-1,-1
1625,91,1821,1002,52,44,1,-1,-1,-1
1626,91,1821,1002,52,44,1,-1,-1,-1
1627,91,1821,1002,52,44,1,-1,-1,-1
1628,91,1821,1002,52,44,1,-1,-1,-1
1629,91,1822,1000,52,45,1,-1,-1,-1
1630,91,1822,1000,52,45,1,-1,-1,-1
1631,91,1822,1000,52,45,1,-1,-1,-1
1632,91,1822,1000,52,45,1,-1,-1,-1
1633,91,1822,1000,52,46,1,-1,-1,-1
1634,91,1822,1000,52,46,1,-1,-1,-1
1635,91,1822,1000,52,46,1,-1,-1,-1
1636,91,1822,1000,52,46,1,-1,-1,-1
1637,91,1822,999,52,46,1,-1,-1,-1
1638,91,1822,1000,52,46,1,-1,-1,-1
1639,91,1822,1000,52,46,1,-1,-1,-1
1640,91,1822,1000,52,46,1,-1,-1,-1
1641,91,1822,1000,53,46,1,-1,-1,-1
1642,91,1822,1000,53,46,1,-1,-1,-1
1643,91,1822,1000,53,46,1,-1,-1,-1
1644,91,1822,1000,53,46,1,-1,-1,-1
1645,91,1822,1000,52,46,1,-1,-1,-1
1646,91,1822,1000,52,46,1,-1,-1,-1
1647,91,1822,1000,52,46,1,-1,-1,-1
1648,91,1822,1000,52,46,1,-1,-1,-1
1649,91,1822,1000,52,46,1,-1,-1,-1
1650,91,1822,1000,52,46,1,-1,-1,-1
1651,91,1822,1000,52,46,1,-1,-1,-1
1652,91,1822,1000,52,46,1,-1,-1,-1
1653,91,1822,1000,52,46,1,-1,-1,-1
1654,91,1822,1000,52,46,1,-1,-1,-1
1655,91,1822,1000,52,46,1,-1,-1,-1
1656,91,1822,1000,51,46,1,-1,-1,-1
1657,91,1822,1000,52,46,1,-1,-1,-1
1658,91,1822,1000,52,46,1,-1,-1,-1
1659,91,1822,1000,52,46,1,-1,-1,-1
1660,91,1822,1000,52,46,1,-1,-1,-1
1661,91,1822,1000,52,46,1,-1,-1,-1
1662,91,1822,1000,52,46,1,-1,-1,-1
1663,91,1822,1000,53,46,1,-1,-1,-1
1664,91,1822,1000,53,46,1,-1,-1,-1
1665,91,1822,1000,53,45,1,-1,-1,-1
1666,91,1822,1001,52,45,1,-1,-1,-1
1667,91,1822,1001,52,45,1,-1,-1,-1
1668,91,1823,1001,52,44,1,-1,-1,-1
1681,91,1825,1000,49,45,1,-1,-1,-1
1682,91,1826,1000,49,45,1,-1,-1,-1
1683,91,1825,1000,49,46,1,-1,-1,-1
1684,91,1824,1000,50,45,1,-1,-1,-1
1685,91,1824,1000,51,46,1,-1,-1,-1
1686,91,1824,1000,51,46,1,-1,-1,-1
1687,91,1825,1000,50,46,1,-1,-1,-1
1688,91,1824,999,50,46,1,-1,-1,-1
1689,91,1823,1000,51,46,1,-1,-1,-1
1690,91,1823,1000,51,46,1,-1,-1,-1
1691,91,1823,1000,52,46,1,-1,-1,-1
1692,91,1823,1000,52,46,1,-1,-1,-1
1693,91,1823,999,52,47,1,-1,-1,-1
1694,91,1823,999,51,47,1,-1,-1,-1
1695,91,1823,999,51,47,1,-1,-1,-1
1696,91,1823,999,51,47,1,-1,-1,-1
1697,91,1823,1000,51,47,1,-1,-1,-1
1698,91,1824,999,51,47,1,-1,-1,-1
1699,91,1823,1000,51,47,1,-1,-1,-1
1700,91,1823,1000,51,47,1,-1,-1,-1
1701,91,1823,1000,51,47,1,-1,-1,-1
1702,91,1823,1000,51,46,1,-1,-1,-1
1703,91,1823,1000,52,46,1,-1,-1,-1
1704,91,1823,1000,52,46,1,-1,-1,-1
1705,91,1823,999,51,47,1,-1,-1,-1
1706,91,1823,1000,51,47,1,-1,-1,-1
1707,91,1823,999,51,47,1,-1,-1,-1
1708,91,1823,999,52,47,1,-1,-1,-1
1709,91,1823,999,52,47,1,-1,-1,-1
1710,91,1823,999,52,47,1,-1,-1,-1
1711,91,1823,999,52,47,1,-1,-1,-1
1712,91,1823,999,52,47,1,-1,-1,-1
1713,91,1823,999,52,47,1,-1,-1,-1
1714,91,1823,999,52,47,1,-1,-1,-1
1715,91,1822,999,52,47,1,-1,-1,-1
1716,91,1822,999,52,47,1,-1,-1,-1
1717,91,1822,999,52,47,1,-1,-1,-1
1718,91,1822,999,52,47,1,-1,-1,-1
1719,91,1822,999,53,47,1,-1,-1,-1
1720,91,1822,999,53,47,1,-1,-1,-1
1721,91,1822,999,53,47,1,-1,-1,-1
1722,91,1822,999,53,47,1,-1,-1,-1
1723,91,1822,999,53,47,1,-1,-1,-1
1724,91,1822,999,53,47,1,-1,-1,-1
1725,91,1822,999,53,47,1,-1,-1,-1
1726,91,1822,999,53,47,1,-1,-1,-1
1727,91,1822,999,53,47,1,-1,-1,-1
1728,91,1822,999,53,47,1,-1,-1,-1
1729,91,1822,1000,53,47,1,-1,-1,-1
1730,91,1822,1000,53,47,1,-1,-1,-1
1731,91,1822,1000,53,47,1,-1,-1,-1
1732,91,1822,1000,53,47,1,-1,-1,-1
1733,91,1821,1000,53,47,1,-1,-1,-1
1734,91,1821,1000,53,47,1,-1,-1,-1
1735,91,1821,1000,53,47,1,-1,-1,-1
1736,91,1821,1000,53,47,1,-1,-1,-1
1737,91,1821,1000,53,47,1,-1,-1,-1
1738,91,1821,1000,53,47,1,-1,-1,-1
1739,91,1821,1000,53,47,1,-1,-1,-1
1740,91,1821,1000,53,47,1,-1,-1,-1
1741,91,1821,1000,53,47,1,-1,-1,-1
1742,91,1821,1000,53,47,1,-1,-1,-1
1743,91,1821,1000,53,47,1,-1,-1,-1
1744,91,1821,1000,53,47,1,-1,-1,-1
1745,91,1821,1000,53,47,1,-1,-1,-1
1746,91,1821,1000,53,47,1,-1,-1,-1
1747,91,1821,1000,53,47,1,-1,-1,-1
1748,91,1821,1000,53,47,1,-1,-1,-1
1749,91,1821,1000,53,46,1,-1,-1,-1
1750,91,1821,1000,53,46,1,-1,-1,-1
1751,91,1822,999,52,47,1,-1,-1,-1
1752,91,1822,999,52,47,1,-1,-1,-1
1753,91,1822,999,52,47,1,-1,-1,-1
1754,91,1822,999,52,47,1,-1,-1,-1
1755,91,1822,999,52,47,1,-1,-1,-1
1756,91,1822,999,52,47,1,-1,-1,-1
1757,91,1822,999,52,47,1,-1,-1,-1
1758,91,1822,999,52,47,1,-1,-1,-1
1759,91,1822,999,52,47,1,-1,-1,-1
1760,91,1822,999,52,47,1,-1,-1,-1
1761,91,1822,1000,52,47,1,-1,-1,-1
1762,91,1822,999,52,47,1,-1,-1,-1
1763,91,1822,999,52,47,1,-1,-1,-1
1764,91,1822,999,52,47,1,-1,-1,-1
1765,91,1822,999,52,47,1,-1,-1,-1
1766,91,1822,999,52,47,1,-1,-1,-1
1767,91,1822,999,52,47,1,-1,-1,-1
1768,91,1822,999,52,47,1,-1,-1,-1
1769,91,1822,999,52,46,1,-1,-1,-1
1770,91,1822,999,52,47,1,-1,-1,-1
1771,91,1822,999,52,47,1,-1,-1,-1
1772,91,1822,999,52,47,1,-1,-1,-1
1773,91,1822,999,52,47,1,-1,-1,-1
1774,91,1822,999,52,47,1,-1,-1,-1
1775,91,1822,999,52,47,1,-1,-1,-1
1776,91,1822,999,52,47,1,-1,-1,-1
1777,91,1822,1001,52,45,1,-1,-1,-1
1778,91,1822,1001,52,45,1,-1,-1,-1
1779,91,1822,1000,52,45,1,-1,-1,-1
1780,91,1822,1000,52,45,1,-1,-1,-1
1781,91,1822,1000,52,45,1,-1,-1,-1
1782,91,1822,1000,52,46,1,-1,-1,-1
1783,91,1822,1000,52,46,1,-1,-1,-1
1784,91,1822,1000,52,46,1,-1,-1,-1
1785,91,1822,1000,52,46,1,-1,-1,-1
1786,91,1822,1000,52,46,1,-1,-1,-1
1787,91,1822,1000,52,46,1,-1,-1,-1
1788,91,1822,999,52,46,1,-1,-1,-1
1789,91,1822,999,52,47,1,-1,-1,-1
1790,91,1822,999,52,48,1,-1,-1,-1
1791,91,1822,999,52,47,1,-1,-1,-1
1792,91,1822,999,52,47,1,-1,-1,-1
1793,91,1822,999,52,47,1,-1,-1,-1
1794,91,1822,999,52,47,1,-1,-1,-1
1795,91,1822,999,52,47,1,-1,-1,-1
1796,91,1822,999,52,47,1,-1,-1,-1
1797,91,1822,998,53,47,1,-1,-1,-1
1798,91,1822,999,52,47,1,-1,-1,-1
1799,91,1822,998,52,47,1,-1,-1,-1
1800,91,1822,998,52,47,1,-1,-1,-1
1801,91,1822,998,53,48,1,-1,-1,-1
1802,91,1822,998,53,48,1,-1,-1,-1
1803,91,1822,998,53,48,1,-1,-1,-1
1804,91,1822,998,53,47,1,-1,-1,-1
1805,91,1822,998,53,47,1,-1,-1,-1
1806,91,1822,998,53,47,1,-1,-1,-1
1807,91,1822,998,53,48,1,-1,-1,-1
1808,91,1822,998,53,48,1,-1,-1,-1
1809,91,1822,998,53,48,1,-1,-1,-1
1810,91,1822,998,53,48,1,-1,-1,-1
1811,91,1822,998,53,48,1,-1,-1,-1
1812,91,1822,998,53,48,1,-1,-1,-1
1813,91,1821,999,54,47,1,-1,-1,-1
1814,91,1821,999,53,47,1,-1,-1,-1
1815,91,1822,999,53,47,1,-1,-1,-1
1816,91,1822,999,52,46,1,-1,-1,-1
1817,91,1822,999,52,46,1,-1,-1,-1
1818,91,1823,1000,52,46,1,-1,-1,-1
1819,91,1822,1000,52,46,1,-1,-1,-1
1820,91,1822,1000,52,46,1,-1,-1,-1
1821,91,1824,1000,50,46,1,-1,-1,-1
1822,91,1827,1000,47,45,1,-1,-1,-1
1823,91,1830,999,44,45,1,-1,-1,-1
1824,91,1830,1000,44,45,1,-1,-1,-1
1825,91,1830,999,44,44,1,-1,-1,-1
1826,91,1831,999,42,45,1,-1,-1,-1
1827,91,1831,999,43,44,1,-1,-1,-1
1828,91,1830,999,44,44,1,-1,-1,-1
1829,91,1830,1000,44,44,1,-1,-1,-1
1830,91,1830,1000,43,44,1,-1,-1,-1
1831,91,1835,1000,39,44,1,-1,-1,-1
1832,91,1836,1000,38,44,1,-1,-1,-1
1833,91,1832,1000,42,44,1,-1,-1,-1
1834,91,1828,1000,45,45,1,-1,-1,-1
1835,91,1827,1000,46,46,1,-1,-1,-1
1836,91,1832,1000,42,45,1,-1,-1,-1
1837,91,1830,1000,45,45,1,-1,-1,-1
1838,91,1826,999,48,46,1,-1,-1,-1
1839,91,1825,999,51,46,1,-1,-1,-1
1840,91,1824,999,51,46,1,-1,-1,-1
1841,91,1824,999,52,46,1,-1,-1,-1
1842,91,1823,999,52,46,1,-1,-1,-1
1843,91,1823,999,52,46,1,-1,-1,-1
1844,91,1823,999,52,46,1,-1,-1,-1
1845,91,1823,999,51,46,1,-1,-1,-1
1846,91,1823,999,51,46,1,-1,-1,-1
1847,91,1824,999,51,46,1,-1,-1,-1
1848,91,1824,999,51,46,1,-1,-1,-1
1849,91,1824,999,51,46,1,-1,-1,-1
1850,91,1824,999,51,46,1,-1,-1,-1
1851,91,1823,999,52,46,1,-1,-1,-1
1852,91,1823,999,51,46,1,-1,-1,-1
1853,91,1823,998,51,47,1,-1,-1,-1
1854,91,1823,998,51,47,1,-1,-1,-1
1855,91,1823,998,51,47,1,-1,-1,-1
1856,91,1823,998,51,47,1,-1,-1,-1
1857,91,1823,998,52,47,1,-1,-1,-1
1858,91,1823,998,52,47,1,-1,-1,-1
1859,91,1823,998,52,47,1,-1,-1,-1
1860,91,1823,998,52,47,1,-1,-1,-1
1861,91,1823,999,52,47,1,-1,-1,-1
1862,91,1823,999,52,47,1,-1,-1,-1
1863,91,1823,998,52,47,1,-1,-1,-1
1864,91,1823,998,52,47,1,-1,-1,-1
1865,91,1823,999,52,47,1,-1,-1,-1
1866,91,1823,999,52,47,1,-1,-1,-1
1867,91,1822,999,52,46,1,-1,-1,-1
1868,91,1822,999,52,46,1,-1,-1,-1
1869,91,1822,999,53,47,1,-1,-1,-1
1870,91,1822,999,53,47,1,-1,-1,-1
1871,91,1822,999,53,47,1,-1,-1,-1
1872,91,1822,999,53,47,1,-1,-1,-1
1873,91,1822,999,54,47,1,-1,-1,-1
1874,91,1822,999,54,47,1,-1,-1,-1
1875,91,1822,999,54,47,1,-1,-1,-1
1876,91,1822,999,54,47,1,-1,-1,-1
1877,91,1822,998,53,48,1,-1,-1,-1
1878,91,1822,998,53,48,1,-1,-1,-1
1879,91,1822,998,53,48,1,-1,-1,-1
1880,91,1822,998,53,48,1,-1,-1,-1
1881,91,1822,998,54,48,1,-1,-1,-1
1882,91,1822,998,54,48,1,-1,-1,-1
1883,91,1822,999,54,47,1,-1,-1,-1
1884,91,1822,999,53,47,1,-1,-1,-1
1885,91,1822,998,54,48,1,-1,-1,-1
1886,91,1822,998,54,47,1,-1,-1,-1
1887,91,1822,999,52,47,1,-1,-1,-1
1888,91,1822,999,52,47,1,-1,-1,-1
1889,91,1822,999,52,47,1,-1,-1,-1
1890,91,1822,999,52,47,1,-1,-1,-1
1891,91,1822,999,52,47,1,-1,-1,-1
1892,91,1822,999,52,47,1,-1,-1,-1
1893,91,1822,999,52,47,1,-1,-1,-1
1894,91,1822,999,52,47,1,-1,-1,-1
1895,91,1822,999,52,47,1,-1,-1,-1
1896,91,1822,999,52,47,1,-1,-1,-1
1897,91,1822,999,53,46,1,-1,-1,-1
1898,91,1822,999,53,46,1,-1,-1,-1
1899,91,1822,999,53,46,1,-1,-1,-1
1900,91,1822,999,54,47,1,-1,-1,-1
1901,91,1822,999,53,47,1,-1,-1,-1
1902,91,1822,999,53,47,1,-1,-1,-1
1903,91,1822,999,53,47,1,-1,-1,-1
1904,91,1822,999,53,47,1,-1,-1,-1
1905,91,1822,999,53,47,1,-1,-1,-1
1906,91,1822,999,53,47,1,-1,-1,-1
1907,91,1821,999,54,47,1,-1,-1,-1
1908,91,1821,999,54,47,1,-1,-1,-1
1909,91,1821,999,54,47,1,-1,-1,-1
1910,91,1821,999,54,47,1,-1,-1,-1
1911,91,1821,999,54,47,1,-1,-1,-1
1912,91,1821,999,54,47,1,-1,-1,-1
1913,91,1821,999,54,47,1,-1,-1,-1
1914,91,1821,999,54,47,1,-1,-1,-1
1915,91,1821,999,54,47,1,-1,-1,-1
1916,91,1821,999,54,47,1,-1,-1,-1
1917,91,1822,999,53,47,1,-1,-1,-1
1918,91,1822,999,53,47,1,-1,-1,-1
1919,91,1822,999,53,47,1,-1,-1,-1
1920,91,1822,999,54,47,1,-1,-1,-1
1921,91,1821,999,54,47,1,-1,-1,-1
1922,91,1822,999,54,47,1,-1,-1,-1
1923,91,1822,999,53,46,1,-1,-1,-1
1924,91,1822,999,53,46,1,-1,-1,-1
1925,91,1822,1000,53,46,1,-1,-1,-1
1926,91,1822,999,54,46,1,-1,-1,-1
1927,91,1821,1000,54,46,1,-1,-1,-1
1928,91,1821,1000,54,47,1,-1,-1,-1
1929,91,1821,1000,54,47,1,-1,-1,-1
1930,91,1821,1000,54,46,1,-1,-1,-1
1931,91,1821,1000,54,46,1,-1,-1,-1
1932,91,1821,1000,54,46,1,-1,-1,-1
1933,91,1821,1001,54,45,1,-1,-1,-1
1934,91,1821,1001,54,45,1,-1,-1,-1
1935,91,1821,1002,54,44,1,-1,-1,-1
1936,91,1821,1001,54,45,1,-1,-1,-1
1937,91,1821,1001,53,45,1,-1,-1,-1
1938,91,1821,1002,53,45,1,-1,-1,-1
1939,91,1821,1001,53,45,1,-1,-1,-1
1940,91,1821,1002,53,45,1,-1,-1,-1
1941,91,1821,1001,53,45,1,-1,-1,-1
1942,91,1821,1001,53,45,1,-1,-1,-1
1943,91,1821,1001,53,45,1,-1,-1,-1
1944,91,1821,1001,53,45,1,-1,-1,-1
1957,91,1822,1004,51,42,1,-1,-1,-1
1958,91,1822,1004,51,42,1,-1,-1,-1
1959,91,1821,1004,51,42,1,-1,-1,-1
1960,91,1821,1004,51,42,1,-1,-1,-1
1961,91,1822,1005,51,41,1,-1,-1,-1
1962,91,1822,1005,51,41,1,-1,-1,-1
1963,91,1822,1006,51,40,1,-1,-1,-1
1964,91,1822,1006,51,40,1,-1,-1,-1
1965,91,1822,1006,51,40,1,-1,-1,-1
1966,91,1822,1006,51,40,1,-1,-1,-1
1967,91,1821,1004,52,42,1,-1,-1,-1
1968,91,1821,1004,52,43,1,-1,-1,-1
1969,91,1821,1003,53,44,1,-1,-1,-1
1970,91,1821,1003,53,44,1,-1,-1,-1
1971,91,1821,1002,53,44,1,-1,-1,-1
1972,91,1821,1003,53,44,1,-1,-1,-1
1973,91,1821,1003,52,43,1,-1,-1,-1
1974,91,1821,1003,52,44,1,-1,-1,-1
1975,91,1821,1003,53,44,1,-1,-1,-1
1976,91,1821,1003,53,44,1,-1,-1,-1
1985,91,1821,1002,52,44,1,-1,-1,-1
1986,91,1821,1001,52,44,1,-1,-1,-1
1987,91,1821,1001,52,45,1,-1,-1,-1
1988,91,1821,1000,52,46,1,-1,-1,-1
1989,91,1821,1000,53,46,1,-1,-1,-1
1990,91,1821,1000,53,46,1,-1,-1,-1
1991,91,1821,999,53,47,1,-1,-1,-1
1992,91,1821,999,53,46,1,-1,-1,-1
1993,91,1821,1000,53,45,1,-1,-1,-1
1994,91,1821,1000,52,45,1,-1,-1,-1
1995,91,1821,1000,52,45,1,-1,-1,-1
1996,91,1821,1000,53,45,1,-1,-1,-1
1997,91,1821,1001,53,45,1,-1,-1,-1
1998,91,1821,1001,53,45,1,-1,-1,-1
1999,91,1821,1001,52,45,1,-1,-1,-1
2000,91,1821,1001,53,44,1,-1,-1,-1
2001,91,1821,1003,52,40,1,-1,-1,-1
847,92,1688,926,24,20,1,-1,-1,-1
848,92,1688,925,24,20,1,-1,-1,-1
849,92,1688,925,24,20,1,-1,-1,-1
850,92,1688,925,24,20,1,-1,-1,-1
851,92,1688,925,24,20,1,-1,-1,-1
852,92,1688,925,24,19,1,-1,-1,-1
853,92,1688,925,24,20,1,-1,-1,-1
854,92,1688,925,24,20,1,-1,-1,-1
855,92,1688,926,24,20,1,-1,-1,-1
856,92,1688,926,24,20,1,-1,-1,-1
857,92,1688,926,24,19,1,-1,-1,-1
858,92,1688,926,24,20,1,-1,-1,-1
859,92,1688,925,25,20,1,-1,-1,-1
860,92,1688,925,25,20,1,-1,-1,-1
861,92,1688,926,24,19,1,-1,-1,-1
862,92,1688,926,24,19,1,-1,-1,-1
863,92,1687,926,24,19,1,-1,-1,-1
864,92,1688,926,24,19,1,-1,-1,-1
865,92,1687,925,25,20,1,-1,-1,-1
866,92,1688,925,25,20,1,-1,-1,-1
867,92,1688,925,25,20,1,-1,-1,-1
868,92,1688,925,25,20,1,-1,-1,-1
869,92,1688,925,25,20,1,-1,-1,-1
870,92,1688,925,25,20,1,-1,-1,-1
871,92,1688,925,25,20,1,-1,-1,-1
872,92,1688,925,25,20,1,-1,-1,-1
873,92,1688,925,25,20,1,-1,-1,-1
874,92,1688,925,25,20,1,-1,-1,-1
875,92,1688,925,25,20,1,-1,-1,-1
876,92,1688,925,25,20,1,-1,-1,-1
877,92,1688,925,25,20,1,-1,-1,-1
878,92,1688,925,25,20,1,-1,-1,-1
879,92,1688,925,25,20,1,-1,-1,-1
880,92,1688,925,25,20,1,-1,-1,-1
881,92,1688,925,25,20,1,-1,-1,-1
882,92,1688,925,25,20,1,-1,-1,-1
883,92,1688,925,25,20,1,-1,-1,-1
884,92,1688,925,25,20,1,-1,-1,-1
885,92,1688,925,25,20,1,-1,-1,-1
886,92,1688,925,25,20,1,-1,-1,-1
887,92,1688,925,25,20,1,-1,-1,-1
888,92,1688,925,25,20,1,-1,-1,-1
889,92,1688,926,24,19,1,-1,-1,-1
890,92,1688,926,24,19,1,-1,-1,-1
891,92,1688,926,24,19,1,-1,-1,-1
892,92,1688,926,24,19,1,-1,-1,-1
893,92,1688,926,24,19,1,-1,-1,-1
894,92,1688,926,24,19,1,-1,-1,-1
895,92,1688,926,24,19,1,-1,-1,-1
896,92,1688,926,24,19,1,-1,-1,-1
897,92,1688,926,24,19,1,-1,-1,-1
898,92,1688,926,24,19,1,-1,-1,-1
899,92,1688,926,24,19,1,-1,-1,-1
900,92,1688,926,24,19,1,-1,-1,-1
901,92,1688,926,24,19,1,-1,-1,-1
902,92,1688,926,24,19,1,-1,-1,-1
903,92,1688,926,24,19,1,-1,-1,-1
904,92,1688,926,24,19,1,-1,-1,-1
905,92,1688,926,24,19,1,-1,-1,-1
906,92,1688,926,24,19,1,-1,-1,-1
907,92,1688,926,24,19,1,-1,-1,-1
908,92,1688,926,24,19,1,-1,-1,-1
909,92,1688,926,24,19,1,-1,-1,-1
910,92,1688,926,24,19,1,-1,-1,-1
911,92,1688,926,24,19,1,-1,-1,-1
912,92,1688,926,24,19,1,-1,-1,-1
913,92,1688,926,24,19,1,-1,-1,-1
914,92,1688,926,25,19,1,-1,-1,-1
915,92,1687,926,25,19,1,-1,-1,-1
916,92,1687,926,25,19,1,-1,-1,-1
917,92,1687,926,25,19,1,-1,-1,-1
918,92,1688,926,25,19,1,-1,-1,-1
919,92,1688,926,25,19,1,-1,-1,-1
920,92,1688,926,25,19,1,-1,-1,-1
921,92,1687,926,25,19,1,-1,-1,-1
922,92,1687,926,25,19,1,-1,-1,-1
923,92,1687,926,25,20,1,-1,-1,-1
924,92,1687,926,25,20,1,-1,-1,-1
925,92,1688,926,24,19,1,-1,-1,-1
926,92,1688,926,24,19,1,-1,-1,-1
927,92,1689,926,24,19,1,-1,-1,-1
928,92,1688,926,24,19,1,-1,-1,-1
929,92,1689,926,23,20,1,-1,-1,-1
930,92,1689,926,23,20,1,-1,-1,-1
931,92,1690,926,22,19,1,-1,-1,-1
850,93,0,609,51,70,1,-1,-1,-1
851,93,0,611,90,76,1,-1,-1,-1
852,93,1,614,127,80,1,-1,-1,-1
853,93,42,620,121,81,1,-1,-1,-1
854,93,80,628,116,79,1,-1,-1,-1
855,93,117,635,111,76,1,-1,-1,-1
856,93,152,642,106,76,1,-1,-1,-1
857,93,185,652,102,70,1,-1,-1,-1
858,93,218,657,100,70,1,-1,-1,-1
859,93,248,664,99,66,1,-1,-1,-1
860,93,279,670,95,66,1,-1,-1,-1
861,93,308,676,93,63,1,-1,-1,-1
862,93,336,677,90,65,1,-1,-1,-1
863,93,361,689,87,57,1,-1,-1,-1
864,93,388,691,84,59,1,-1,-1,-1
865,93,414,688,83,66,1,-1,-1,-1
866,93,439,692,80,64,1,-1,-1,-1
867,93,465,699,77,60,1,-1,-1,-1
868,93,491,708,77,55,1,-1,-1,-1
869,93,518,713,74,54,1,-1,-1,-1
870,93,542,721,72,50,1,-1,-1,-1
871,93,565,720,72,55,1,-1,-1,-1
872,93,589,721,66,56,1,-1,-1,-1
873,93,611,735,63,44,1,-1,-1,-1
874,93,632,732,59,49,1,-1,-1,-1
875,93,652,735,57,49,1,-1,-1,-1
876,93,671,730,57,54,1,-1,-1,-1
877,93,688,737,56,49,1,-1,-1,-1
878,93,705,739,57,48,1,-1,-1,-1
879,93,722,742,55,47,1,-1,-1,-1
880,93,738,745,55,46,1,-1,-1,-1
881,93,755,747,56,46,1,-1,-1,-1
882,93,772,747,56,49,1,-1,-1,-1
883,93,789,751,55,47,1,-1,-1,-1
884,93,803,752,56,47,1,-1,-1,-1
885,93,819,755,54,47,1,-1,-1,-1
886,93,833,754,53,49,1,-1,-1,-1
887,93,848,764,52,42,1,-1,-1,-1
888,93,863,762,54,47,1,-1,-1,-1
889,93,879,767,53,45,1,-1,-1,-1
890,93,896,778,53,37,1,-1,-1,-1
891,93,913,779,52,38,1,-1,-1,-1
892,93,930,784,51,37,1,-1,-1,-1
893,93,946,786,49,37,1,-1,-1,-1
894,93,962,785,48,40,1,-1,-1,-1
895,93,979,778,47,50,1,-1,-1,-1
896,93,995,781,47,50,1,-1,-1,-1
897,93,1011,773,45,59,1,-1,-1,-1
898,93,1024,782,47,53,1,-1,-1,-1
901,93,1066,810,42,35,1,-1,-1,-1
902,93,1079,812,43,36,1,-1,-1,-1
903,93,1093,812,42,36,1,-1,-1,-1
904,93,1106,807,42,44,1,-1,-1,-1
905,93,1119,821,39,35,1,-1,-1,-1
906,93,1133,809,40,51,1,-1,-1,-1
907,93,1144,820,44,43,1,-1,-1,-1
908,93,1156,828,42,37,1,-1,-1,-1
909,93,1168,829,36,39,1,-1,-1,-1
851,94,1891,1020,70,46,1,-1,-1,-1
852,94,1891,1020,70,46,1,-1,-1,-1
853,94,1892,1021,69,46,1,-1,-1,-1
854,94,1892,1021,68,46,1,-1,-1,-1
855,94,1892,1021,68,46,1,-1,-1,-1
856,94,1892,1020,68,46,1,-1,-1,-1
857,94,1892,1021,68,46,1,-1,-1,-1
858,94,1892,1020,68,46,1,-1,-1,-1
859,94,1892,1020,68,46,1,-1,-1,-1
860,94,1892,1021,69,45,1,-1,-1,-1
861,94,1892,1021,68,45,1,-1,-1,-1
862,94,1892,1021,67,45,1,-1,-1,-1
863,94,1892,1021,69,46,1,-1,-1,-1
864,94,1892,1021,68,45,1,-1,-1,-1
865,94,1891,1021,69,45,1,-1,-1,-1
866,94,1891,1021,69,45,1,-1,-1,-1
867,94,1892,1021,69,45,1,-1,-1,-1
868,94,1892,1021,68,45,1,-1,-1,-1
869,94,1892,1021,68,45,1,-1,-1,-1
870,94,1892,1021,68,45,1,-1,-1,-1
871,94,1892,1021,68,45,1,-1,-1,-1
872,94,1892,1022,68,45,1,-1,-1,-1
873,94,1892,1022,68,45,1,-1,-1,-1
874,94,1892,1022,68,45,1,-1,-1,-1
875,94,1892,1022,68,45,1,-1,-1,-1
876,94,1892,1021,68,45,1,-1,-1,-1
877,94,1892,1021,69,45,1,-1,-1,-1
878,94,1892,1020,69,46,1,-1,-1,-1
879,94,1892,1020,69,46,1,-1,-1,-1
880,94,1892,1020,69,46,1,-1,-1,-1
881,94,1891,1020,69,46,1,-1,-1,-1
882,94,1891,1020,69,46,1,-1,-1,-1
883,94,1891,1020,69,46,1,-1,-1,-1
884,94,1891,1020,69,46,1,-1,-1,-1
885,94,1892,1020,69,46,1,-1,-1,-1
886,94,1892,1020,69,46,1,-1,-1,-1
887,94,1892,1020,69,46,1,-1,-1,-1
888,94,1892,1020,69,46,1,-1,-1,-1
910,95,1563,880,50,47,1,-1,-1,-1
911,95,1563,880,52,49,1,-1,-1,-1
912,95,1565,883,54,48,1,-1,-1,-1
913,95,1566,879,57,53,1,-1,-1,-1
914,95,1564,878,63,55,1,-1,-1,-1
915,95,1563,878,66,57,1,-1,-1,-1
916,95,1563,879,69,58,1,-1,-1,-1
917,95,1564,878,70,59,1,-1,-1,-1
918,95,1565,879,73,61,1,-1,-1,-1
919,95,1565,879,75,62,1,-1,-1,-1
920,95,1562,881,82,61,1,-1,-1,-1
921,95,1563,881,84,62,1,-1,-1,-1
922,95,1564,882,88,63,1,-1,-1,-1
923,95,1567,884,88,63,1,-1,-1,-1
924,95,1564,885,94,64,1,-1,-1,-1
925,95,1566,886,95,66,1,-1,-1,-1
926,95,1570,887,95,66,1,-1,-1,-1
927,95,1572,890,97,64,1,-1,-1,-1
928,95,1576,892,96,64,1,-1,-1,-1
929,95,1580,894,95,64,1,-1,-1,-1
930,95,1584,895,96,64,1,-1,-1,-1
931,95,1589,896,95,65,1,-1,-1,-1
932,95,1593,900,95,63,1,-1,-1,-1
933,95,1596,901,94,63,1,-1,-1,-1
934,95,1601,902,93,64,1,-1,-1,-1
935,95,1605,905,92,63,1,-1,-1,-1
936,95,1609,904,91,65,1,-1,-1,-1
937,95,1613,908,92,63,1,-1,-1,-1
938,95,1618,909,89,63,1,-1,-1,-1
939,95,1620,911,90,63,1,-1,-1,-1
940,95,1625,912,89,63,1,-1,-1,-1
941,95,1629,913,88,64,1,-1,-1,-1
942,95,1631,914,88,64,1,-1,-1,-1
943,95,1634,915,88,65,1,-1,-1,-1
944,95,1639,917,86,64,1,-1,-1,-1
945,95,1643,918,84,65,1,-1,-1,-1
946,95,1645,918,85,66,1,-1,-1,-1
947,95,1650,921,83,64,1,-1,-1,-1
948,95,1654,923,80,64,1,-1,-1,-1
949,95,1658,925,78,63,1,-1,-1,-1
950,95,1659,924,79,64,1,-1,-1,-1
951,95,1662,926,77,63,1,-1,-1,-1
952,95,1665,927,75,65,1,-1,-1,-1
953,95,1668,927,74,66,1,-1,-1,-1
954,95,1670,927,72,66,1,-1,-1,-1
955,95,1671,929,73,65,1,-1,-1,-1
956,95,1694,952,51,43,1,-1,-1,-1
957,95,1675,932,72,64,1,-1,-1,-1
958,95,1677,932,70,65,1,-1,-1,-1
959,95,1680,935,68,63,1,-1,-1,-1
960,95,1681,938,68,61,1,-1,-1,-1
961,95,1683,940,66,59,1,-1,-1,-1
962,95,1684,940,65,60,1,-1,-1,-1
963,95,1685,940,64,61,1,-1,-1,-1
964,95,1686,939,65,62,1,-1,-1,-1
965,95,1687,941,64,61,1,-1,-1,-1
966,95,1687,942,67,62,1,-1,-1,-1
967,95,1688,945,66,59,1,-1,-1,-1
968,95,1689,944,64,61,1,-1,-1,-1
969,95,1690,941,65,66,1,-1,-1,-1
970,95,1690,942,65,65,1,-1,-1,-1
971,95,1691,943,64,66,1,-1,-1,-1
972,95,1691,941,64,69,1,-1,-1,-1
973,95,1691,942,64,68,1,-1,-1,-1
974,95,1692,943,63,68,1,-1,-1,-1
975,95,1690,943,66,69,1,-1,-1,-1
976,95,1691,943,64,70,1,-1,-1,-1
977,95,1691,943,65,71,1,-1,-1,-1
978,95,1689,943,67,72,1,-1,-1,-1
979,95,1689,943,68,73,1,-1,-1,-1
980,95,1689,946,69,72,1,-1,-1,-1
981,95,1689,948,69,70,1,-1,-1,-1
982,95,1688,947,70,72,1,-1,-1,-1
983,95,1687,948,71,73,1,-1,-1,-1
984,95,1686,948,72,73,1,-1,-1,-1
985,95,1684,948,75,73,1,-1,-1,-1
986,95,1683,949,78,74,1,-1,-1,-1
987,95,1682,951,75,73,1,-1,-1,-1
988,95,1680,950,79,74,1,-1,-1,-1
989,95,1679,949,81,75,1,-1,-1,-1
990,95,1677,950,82,76,1,-1,-1,-1
991,95,1675,951,88,76,1,-1,-1,-1
992,95,1672,951,88,77,1,-1,-1,-1
993,95,1670,951,89,79,1,-1,-1,-1
994,95,1668,951,91,80,1,-1,-1,-1
995,95,1666,951,96,80,1,-1,-1,-1
996,95,1664,953,91,80,1,-1,-1,-1
997,95,1662,952,90,81,1,-1,-1,-1
998,95,1658,953,90,82,1,-1,-1,-1
999,95,1655,955,91,82,1,-1,-1,-1
1000,95,1653,954,91,84,1,-1,-1,-1
1001,95,1651,954,94,85,1,-1,-1,-1
1002,95,1647,955,98,86,1,-1,-1,-1
1003,95,1644,956,100,86,1,-1,-1,-1
1004,95,1640,955,101,88,1,-1,-1,-1
1005,95,1637,956,103,88,1,-1,-1,-1
1006,95,1633,957,106,89,1,-1,-1,-1
1007,95,1630,958,107,89,1,-1,-1,-1
1008,95,1626,958,109,92,1,-1,-1,-1
1009,95,1621,958,111,93,1,-1,-1,-1
1010,95,1618,958,112,94,1,-1,-1,-1
1011,95,1614,958,113,95,1,-1,-1,-1
1012,95,1609,958,114,96,1,-1,-1,-1
1013,95,1603,958,118,98,1,-1,-1,-1
1014,95,1599,958,118,99,1,-1,-1,-1
1015,95,1593,957,120,103,1,-1,-1,-1
1016,95,1587,956,122,105,1,-1,-1,-1
1017,95,1583,957,123,106,1,-1,-1,-1
1018,95,1576,954,128,110,1,-1,-1,-1
1019,95,1570,954,130,112,1,-1,-1,-1
1020,95,1563,956,133,112,1,-1,-1,-1
1021,95,1556,955,135,114,1,-1,-1,-1
1022,95,1549,958,139,114,1,-1,-1,-1
1023,95,1541,958,142,116,1,-1,-1,-1
1024,95,1533,958,145,118,1,-1,-1,-1
1025,95,1524,958,150,121,1,-1,-1,-1
1026,95,1516,958,154,123,1,-1,-1,-1
1027,95,1507,958,157,125,1,-1,-1,-1
1028,95,1497,958,161,127,1,-1,-1,-1
1029,95,1487,957,165,130,1,-1,-1,-1
1030,95,1475,957,171,132,1,-1,-1,-1
1031,95,1464,957,175,136,1,-1,-1,-1
1032,95,1453,956,180,139,1,-1,-1,-1
1033,95,1440,957,185,141,1,-1,-1,-1
1034,95,1426,957,192,143,1,-1,-1,-1
1035,95,1412,956,197,148,1,-1,-1,-1
1036,95,1397,951,203,155,1,-1,-1,-1
1037,95,1382,949,209,161,1,-1,-1,-1
1038,95,1363,950,220,164,1,-1,-1,-1
1039,95,1346,950,226,167,1,-1,-1,-1
1040,95,1327,952,234,168,1,-1,-1,-1
1041,95,1306,949,244,175,1,-1,-1,-1
1042,95,1284,949,253,178,1,-1,-1,-1
1043,95,1260,947,263,184,1,-1,-1,-1
1044,95,1234,944,276,190,1,-1,-1,-1
1045,95,1207,944,287,195,1,-1,-1,-1
1046,95,1178,941,299,202,1,-1,-1,-1
1047,95,1147,939,313,208,1,-1,-1,-1
1048,95,1111,937,330,213,1,-1,-1,-1
1049,95,1073,934,349,221,1,-1,-1,-1
1050,95,1032,928,368,231,1,-1,-1,-1
1051,95,987,925,389,239,1,-1,-1,-1
1052,95,936,922,412,247,1,-1,-1,-1
1053,95,882,916,438,256,1,-1,-1,-1
1054,95,823,910,466,267,1,-1,-1,-1
1055,95,756,904,498,278,1,-1,-1,-1
1056,95,685,897,532,291,1,-1,-1,-1
1057,95,604,888,572,305,1,-1,-1,-1
1058,95,514,877,616,320,1,-1,-1,-1
1059,95,417,870,663,332,1,-1,-1,-1
1060,95,308,852,717,357,1,-1,-1,-1
1061,95,180,844,785,371,1,-1,-1,-1
1062,95,0,793,736,440,1,-1,-1,-1
1063,95,1,770,639,441,1,-1,-1,-1
1064,95,1,758,528,459,1,-1,-1,-1
1065,95,1,784,404,439,1,-1,-1,-1
929,96,1893,1021,68,45,1,-1,-1,-1
930,96,1893,1021,68,45,1,-1,-1,-1
931,96,1893,1021,68,45,1,-1,-1,-1
932,96,1893,1021,68,45,1,-1,-1,-1
933,96,1892,1021,69,45,1,-1,-1,-1
934,96,1892,1020,68,45,1,-1,-1,-1
935,96,1893,1020,68,45,1,-1,-1,-1
936,96,1893,1020,68,45,1,-1,-1,-1
937,96,1894,1020,63,45,1,-1,-1,-1
938,96,1894,1020,63,45,1,-1,-1,-1
939,96,1894,1020,67,45,1,-1,-1,-1
940,96,1894,1020,67,45,1,-1,-1,-1
962,96,1893,1021,68,46,1,-1,-1,-1
963,96,1893,1021,67,45,1,-1,-1,-1
964,96,1893,1021,67,45,1,-1,-1,-1
965,96,1893,1021,68,45,1,-1,-1,-1
966,96,1893,1021,68,45,1,-1,-1,-1
967,96,1893,1021,67,45,1,-1,-1,-1
968,96,1893,1021,67,45,1,-1,-1,-1
969,96,1893,1021,68,44,1,-1,-1,-1
970,96,1893,1021,68,44,1,-1,-1,-1
936,97,1,1397,304,522,1,-1,-1,-1
937,97,1,1363,474,555,1,-1,-1,-1
938,97,1,1298,626,619,1,-1,-1,-1
939,97,2,1270,773,647,1,-1,-1,-1
940,97,1,1275,908,642,1,-1,-1,-1
941,97,1,1281,1033,637,1,-1,-1,-1
942,97,1,1291,1149,627,1,-1,-1,-1
943,97,4,1300,1259,618,1,-1,-1,-1
944,97,200,1309,1164,590,1,-1,-1,-1
945,97,372,1320,1090,555,1,-1,-1,-1
946,97,527,1333,1028,526,1,-1,-1,-1
947,97,670,1345,979,500,1,-1,-1,-1
948,97,804,1357,930,479,1,-1,-1,-1
949,97,929,1370,894,458,1,-1,-1,-1
950,97,1043,1385,864,442,1,-1,-1,-1
951,97,1152,1400,836,428,1,-1,-1,-1
952,97,1254,1417,819,421,1,-1,-1,-1
953,97,1353,1434,804,417,1,-1,-1,-1
954,97,1448,1449,790,417,1,-1,-1,-1
955,97,1539,1468,780,414,1,-1,-1,-1
956,97,1626,1485,779,416,1,-1,-1,-1
957,97,1711,1505,779,412,1,-1,-1,-1
958,97,1797,1523,761,394,1,-1,-1,-1
959,97,1878,1542,680,376,1,-1,-1,-1
960,97,1961,1562,597,356,1,-1,-1,-1
961,97,2040,1581,519,338,1,-1,-1,-1
962,97,2120,1603,438,316,1,-1,-1,-1
963,97,2198,1624,360,295,1,-1,-1,-1
964,97,2277,1647,281,272,1,-1,-1,-1
965,97,2358,1671,201,247,1,-1,-1,-1
966,97,2439,1695,120,202,1,-1,-1,-1
1083,98,1688,926,25,20,1,-1,-1,-1
1084,98,1687,925,26,20,1,-1,-1,-1
1085,98,1687,926,25,20,1,-1,-1,-1
1086,98,1687,926,25,20,1,-1,-1,-1
1087,98,1687,926,25,20,1,-1,-1,-1
1088,98,1687,926,25,20,1,-1,-1,-1
1089,98,1687,926,24,20,1,-1,-1,-1
1090,98,1688,926,24,19,1,-1,-1,-1
1091,98,1687,926,24,20,1,-1,-1,-1
1092,98,1688,926,24,20,1,-1,-1,-1
1117,98,1688,926,24,20,1,-1,-1,-1
1118,98,1688,926,24,20,1,-1,-1,-1
1119,98,1688,926,24,20,1,-1,-1,-1
1120,98,1688,926,24,20,1,-1,-1,-1
1121,98,1688,926,24,20,1,-1,-1,-1
1122,98,1687,926,24,20,1,-1,-1,-1
1123,98,1687,926,25,20,1,-1,-1,-1
1124,98,1687,926,25,20,1,-1,-1,-1
1125,98,1687,926,25,20,1,-1,-1,-1
1126,98,1687,926,25,20,1,-1,-1,-1
1127,98,1687,926,25,20,1,-1,-1,-1
1128,98,1687,926,25,20,1,-1,-1,-1
1129,98,1687,926,25,20,1,-1,-1,-1
1130,98,1687,926,25,20,1,-1,-1,-1
1131,98,1687,926,25,20,1,-1,-1,-1
1132,98,1688,926,24,20,1,-1,-1,-1
1133,98,1688,926,24,19,1,-1,-1,-1
1134,98,1688,926,24,19,1,-1,-1,-1
1135,98,1688,926,24,19,1,-1,-1,-1
1136,98,1688,926,24,19,1,-1,-1,-1
1137,98,1688,926,24,19,1,-1,-1,-1
1138,98,1688,926,24,19,1,-1,-1,-1
1139,98,1688,926,24,19,1,-1,-1,-1
1140,98,1688,926,24,19,1,-1,-1,-1
1141,98,1689,926,24,20,1,-1,-1,-1
1142,98,1688,926,24,19,1,-1,-1,-1
1143,98,1688,926,24,19,1,-1,-1,-1
1144,98,1688,926,24,19,1,-1,-1,-1
1145,98,1688,927,24,19,1,-1,-1,-1
1146,98,1688,926,24,19,1,-1,-1,-1
1147,98,1688,926,24,19,1,-1,-1,-1
1148,98,1688,926,24,19,1,-1,-1,-1
1149,98,1688,926,24,19,1,-1,-1,-1
1150,98,1688,926,24,19,1,-1,-1,-1
1151,98,1688,926,24,19,1,-1,-1,-1
1152,98,1688,926,24,19,1,-1,-1,-1
1153,98,1689,927,23,19,1,-1,-1,-1
1154,98,1689,927,23,19,1,-1,-1,-1
1155,98,1689,927,23,19,1,-1,-1,-1
1156,98,1689,927,23,19,1,-1,-1,-1
1157,98,1689,927,23,19,1,-1,-1,-1
1158,98,1689,926,24,19,1,-1,-1,-1
1159,98,1689,926,24,19,1,-1,-1,-1
1160,98,1689,926,24,19,1,-1,-1,-1
1161,98,1689,926,24,19,1,-1,-1,-1
1162,98,1689,927,23,18,1,-1,-1,-1
1163,98,1689,927,23,18,1,-1,-1,-1
1164,98,1689,927,23,18,1,-1,-1,-1
1165,98,1689,925,23,20,1,-1,-1,-1
1166,98,1689,925,23,20,1,-1,-1,-1
1167,98,1689,925,23,20,1,-1,-1,-1
1168,98,1689,926,23,19,1,-1,-1,-1
1169,98,1689,926,23,19,1,-1,-1,-1
1170,98,1689,926,22,19,1,-1,-1,-1
1171,98,1690,926,23,19,1,-1,-1,-1
1172,98,1688,926,24,20,1,-1,-1,-1
1173,98,1688,926,24,20,1,-1,-1,-1
1174,98,1688,926,24,20,1,-1,-1,-1
1175,98,1688,926,24,20,1,-1,-1,-1
1176,98,1688,926,24,20,1,-1,-1,-1
1177,98,1688,926,25,20,1,-1,-1,-1
1178,98,1688,926,25,20,1,-1,-1,-1
1179,98,1688,926,25,20,1,-1,-1,-1
1180,98,1688,926,25,20,1,-1,-1,-1
1181,98,1688,925,25,20,1,-1,-1,-1
1182,98,1688,926,24,20,1,-1,-1,-1
1183,98,1688,926,24,20,1,-1,-1,-1
1184,98,1688,926,24,20,1,-1,-1,-1
1185,98,1688,926,24,20,1,-1,-1,-1
1186,98,1688,926,24,20,1,-1,-1,-1
1187,98,1688,926,24,20,1,-1,-1,-1
1188,98,1688,926,24,20,1,-1,-1,-1
1189,98,1689,925,24,20,1,-1,-1,-1
1190,98,1689,925,24,20,1,-1,-1,-1
1191,98,1689,925,24,20,1,-1,-1,-1
1192,98,1689,926,23,20,1,-1,-1,-1
1193,98,1689,926,24,20,1,-1,-1,-1
1194,98,1689,926,24,20,1,-1,-1,-1
1195,98,1689,926,24,20,1,-1,-1,-1
1196,98,1689,926,23,19,1,-1,-1,-1
1197,98,1689,926,23,20,1,-1,-1,-1
1198,98,1689,926,24,20,1,-1,-1,-1
1199,98,1689,926,24,20,1,-1,-1,-1
1200,98,1689,926,24,20,1,-1,-1,-1
1201,98,1689,926,23,19,1,-1,-1,-1
1202,98,1688,926,24,19,1,-1,-1,-1
1203,98,1688,926,24,19,1,-1,-1,-1
1204,98,1689,926,23,19,1,-1,-1,-1
1205,98,1689,926,23,19,1,-1,-1,-1
1206,98,1689,926,23,19,1,-1,-1,-1
1207,98,1689,926,23,19,1,-1,-1,-1
1208,98,1689,926,23,19,1,-1,-1,-1
1209,98,1689,926,24,19,1,-1,-1,-1
1210,98,1689,926,24,19,1,-1,-1,-1
1211,98,1689,926,23,19,1,-1,-1,-1
1212,98,1688,926,24,19,1,-1,-1,-1
1106,99,801,679,182,91,1,-1,-1,-1
1107,99,802,679,181,95,1,-1,-1,-1
1108,99,801,680,183,92,1,-1,-1,-1
1109,99,800,680,183,89,1,-1,-1,-1
1110,99,800,680,182,87,1,-1,-1,-1
1111,99,800,680,183,86,1,-1,-1,-1
1112,99,800,680,182,85,1,-1,-1,-1
1113,99,801,680,183,86,1,-1,-1,-1
1114,99,798,680,184,85,1,-1,-1,-1
1115,99,800,680,182,85,1,-1,-1,-1
1116,99,802,680,180,85,1,-1,-1,-1
1117,99,803,680,179,85,1,-1,-1,-1
1118,99,802,680,180,85,1,-1,-1,-1
1119,99,801,680,182,85,1,-1,-1,-1
1120,99,801,679,182,86,1,-1,-1,-1
1121,99,801,679,182,86,1,-1,-1,-1
1122,99,801,679,182,86,1,-1,-1,-1
1123,99,801,679,182,86,1,-1,-1,-1
1124,99,801,679,182,85,1,-1,-1,-1
1125,99,801,679,181,86,1,-1,-1,-1
1126,99,801,679,181,86,1,-1,-1,-1
1127,99,802,679,181,85,1,-1,-1,-1
1128,99,801,680,181,85,1,-1,-1,-1
1129,99,802,679,181,85,1,-1,-1,-1
1130,99,802,679,181,85,1,-1,-1,-1
1131,99,802,679,181,85,1,-1,-1,-1
1132,99,801,680,182,85,1,-1,-1,-1
1133,99,801,680,182,85,1,-1,-1,-1
1134,99,801,680,182,85,1,-1,-1,-1
1135,99,801,680,182,85,1,-1,-1,-1
1136,99,801,680,182,85,1,-1,-1,-1
1137,99,801,680,182,85,1,-1,-1,-1
1138,99,801,680,182,85,1,-1,-1,-1
1139,99,801,680,182,85,1,-1,-1,-1
1140,99,801,680,182,85,1,-1,-1,-1
1141,99,801,680,182,85,1,-1,-1,-1
1142,99,801,680,182,86,1,-1,-1,-1
1143,99,801,680,182,86,1,-1,-1,-1
1144,99,801,680,182,86,1,-1,-1,-1
1145,99,801,679,182,86,1,-1,-1,-1
1146,99,801,679,182,86,1,-1,-1,-1
1147,99,801,679,182,86,1,-1,-1,-1
1148,99,801,679,182,86,1,-1,-1,-1
1149,99,801,679,182,86,1,-1,-1,-1
1150,99,801,679,182,86,1,-1,-1,-1
1151,99,801,679,182,86,1,-1,-1,-1
1152,99,801,679,182,86,1,-1,-1,-1
1153,99,801,680,182,86,1,-1,-1,-1
1154,99,801,680,182,85,1,-1,-1,-1
1155,99,801,680,182,85,1,-1,-1,-1
1156,99,801,680,182,85,1,-1,-1,-1
1157,99,801,680,182,85,1,-1,-1,-1
1158,99,801,680,182,85,1,-1,-1,-1
1159,99,801,680,182,86,1,-1,-1,-1
1160,99,801,680,182,85,1,-1,-1,-1
1161,99,801,680,182,86,1,-1,-1,-1
1162,99,801,680,182,86,1,-1,-1,-1
1163,99,801,680,182,86,1,-1,-1,-1
1164,99,801,680,182,86,1,-1,-1,-1
1165,99,801,679,182,85,1,-1,-1,-1
1166,99,801,679,182,85,1,-1,-1,-1
1167,99,801,679,182,85,1,-1,-1,-1
1168,99,801,679,182,85,1,-1,-1,-1
1169,99,801,679,182,85,1,-1,-1,-1
1170,99,801,679,182,85,1,-1,-1,-1
1171,99,801,679,182,86,1,-1,-1,-1
1172,99,801,679,182,86,1,-1,-1,-1
1173,99,801,679,182,86,1,-1,-1,-1
1174,99,801,679,182,86,1,-1,-1,-1
1175,99,801,679,182,86,1,-1,-1,-1
1176,99,801,679,182,86,1,-1,-1,-1
1177,99,801,680,182,85,1,-1,-1,-1
1178,99,801,680,182,85,1,-1,-1,-1
1179,99,801,680,182,85,1,-1,-1,-1
1180,99,801,680,182,85,1,-1,-1,-1
1181,99,801,680,182,85,1,-1,-1,-1
1182,99,801,679,182,86,1,-1,-1,-1
1183,99,801,679,182,86,1,-1,-1,-1
1184,99,801,679,182,86,1,-1,-1,-1
1185,99,801,679,182,86,1,-1,-1,-1
1186,99,801,679,182,86,1,-1,-1,-1
1187,99,801,679,182,86,1,-1,-1,-1
1188,99,801,679,182,86,1,-1,-1,-1
1189,99,801,679,182,86,1,-1,-1,-1
1190,99,801,679,182,85,1,-1,-1,-1
1191,99,801,679,182,85,1,-1,-1,-1
1192,99,801,680,181,85,1,-1,-1,-1
1193,99,801,680,181,85,1,-1,-1,-1
1194,99,801,680,181,85,1,-1,-1,-1
1195,99,801,680,181,86,1,-1,-1,-1
1196,99,801,680,182,85,1,-1,-1,-1
1197,99,801,680,182,86,1,-1,-1,-1
1198,99,801,680,181,86,1,-1,-1,-1
1199,99,801,679,181,86,1,-1,-1,-1
1200,99,801,679,182,86,1,-1,-1,-1
1201,99,801,680,182,85,1,-1,-1,-1
1202,99,801,680,182,85,1,-1,-1,-1
1203,99,801,680,182,85,1,-1,-1,-1
1204,99,801,680,182,85,1,-1,-1,-1
1205,99,801,680,182,85,1,-1,-1,-1
1206,99,801,680,182,85,1,-1,-1,-1
1207,99,801,680,182,85,1,-1,-1,-1
1208,99,801,680,182,85,1,-1,-1,-1
1209,99,801,680,182,85,1,-1,-1,-1
1210,99,801,680,182,85,1,-1,-1,-1
1211,99,801,680,182,85,1,-1,-1,-1
1212,99,801,680,182,85,1,-1,-1,-1
1213,99,801,680,182,85,1,-1,-1,-1
1214,99,801,680,182,85,1,-1,-1,-1
1215,99,801,680,182,85,1,-1,-1,-1
1216,99,801,680,182,85,1,-1,-1,-1
1217,99,801,680,182,85,1,-1,-1,-1
1218,99,801,680,182,85,1,-1,-1,-1
1219,99,801,680,182,85,1,-1,-1,-1
1220,99,801,680,182,85,1,-1,-1,-1
1221,99,801,680,182,85,1,-1,-1,-1
1222,99,801,680,182,85,1,-1,-1,-1
1223,99,801,680,182,85,1,-1,-1,-1
1224,99,801,680,182,85,1,-1,-1,-1
1225,99,801,680,182,85,1,-1,-1,-1
1226,99,801,680,182,85,1,-1,-1,-1
1227,99,801,680,182,85,1,-1,-1,-1
1228,99,801,680,182,85,1,-1,-1,-1
1229,99,801,680,182,85,1,-1,-1,-1
1230,99,801,680,182,85,1,-1,-1,-1
1231,99,801,680,182,85,1,-1,-1,-1
1232,99,801,680,182,85,1,-1,-1,-1
1233,99,801,680,182,85,1,-1,-1,-1
1234,99,801,680,182,85,1,-1,-1,-1
1235,99,801,680,182,85,1,-1,-1,-1
1236,99,801,680,182,85,1,-1,-1,-1
1237,99,801,680,182,85,1,-1,-1,-1
1238,99,801,680,182,85,1,-1,-1,-1
1239,99,801,680,182,85,1,-1,-1,-1
1240,99,801,680,182,85,1,-1,-1,-1
1241,99,801,680,182,85,1,-1,-1,-1
1242,99,801,680,182,85,1,-1,-1,-1
1243,99,801,680,182,85,1,-1,-1,-1
1244,99,801,680,182,85,1,-1,-1,-1
1245,99,801,680,182,85,1,-1,-1,-1
1246,99,801,680,182,85,1,-1,-1,-1
1247,99,801,680,182,85,1,-1,-1,-1
1248,99,801,680,182,85,1,-1,-1,-1
1249,99,801,680,182,85,1,-1,-1,-1
1250,99,801,680,182,85,1,-1,-1,-1
1251,99,801,680,182,85,1,-1,-1,-1
1252,99,801,680,182,85,1,-1,-1,-1
1253,99,801,680,182,85,1,-1,-1,-1
1254,99,801,680,182,85,1,-1,-1,-1
1255,99,801,680,182,85,1,-1,-1,-1
1256,99,801,680,182,85,1,-1,-1,-1
1257,99,801,680,182,85,1,-1,-1,-1
1258,99,801,680,182,85,1,-1,-1,-1
1259,99,801,680,182,85,1,-1,-1,-1
1260,99,801,680,182,85,1,-1,-1,-1
1261,99,801,680,182,86,1,-1,-1,-1
1262,99,801,680,182,86,1,-1,-1,-1
1263,99,801,680,182,86,1,-1,-1,-1
1264,99,801,680,182,86,1,-1,-1,-1
1265,99,801,680,182,86,1,-1,-1,-1
1266,99,801,680,182,86,1,-1,-1,-1
1267,99,801,680,182,86,1,-1,-1,-1
1268,99,801,680,182,86,1,-1,-1,-1
1269,99,801,680,182,86,1,-1,-1,-1
1270,99,801,680,182,86,1,-1,-1,-1
1271,99,801,680,182,86,1,-1,-1,-1
1272,99,801,680,182,86,1,-1,-1,-1
1273,99,801,679,182,86,1,-1,-1,-1
1274,99,801,679,182,86,1,-1,-1,-1
1275,99,801,679,182,86,1,-1,-1,-1
1276,99,801,679,182,86,1,-1,-1,-1
1277,99,801,679,182,86,1,-1,-1,-1
1278,99,801,679,182,86,1,-1,-1,-1
1279,99,801,679,182,86,1,-1,-1,-1
1280,99,801,679,182,86,1,-1,-1,-1
1281,99,801,679,182,86,1,-1,-1,-1
1282,99,801,680,182,85,1,-1,-1,-1
1283,99,801,680,182,85,1,-1,-1,-1
1284,99,801,680,182,85,1,-1,-1,-1
1285,99,801,680,182,85,1,-1,-1,-1
1286,99,801,680,182,85,1,-1,-1,-1
1287,99,801,680,182,85,1,-1,-1,-1
1288,99,801,680,182,85,1,-1,-1,-1
1289,99,801,680,182,85,1,-1,-1,-1
1290,99,801,680,182,85,1,-1,-1,-1
1291,99,801,680,182,85,1,-1,-1,-1
1292,99,801,680,182,85,1,-1,-1,-1
1293,99,801,680,182,85,1,-1,-1,-1
1294,99,801,680,182,85,1,-1,-1,-1
1295,99,801,680,182,85,1,-1,-1,-1
1296,99,801,680,182,85,1,-1,-1,-1
1297,99,801,680,182,85,1,-1,-1,-1
1298,99,801,680,182,85,1,-1,-1,-1
1299,99,801,680,182,85,1,-1,-1,-1
1300,99,801,680,182,85,1,-1,-1,-1
1301,99,801,680,182,85,1,-1,-1,-1
1302,99,801,680,182,85,1,-1,-1,-1
1303,99,801,680,182,85,1,-1,-1,-1
1304,99,801,680,182,85,1,-1,-1,-1
1305,99,801,680,182,85,1,-1,-1,-1
1306,99,801,680,182,85,1,-1,-1,-1
1307,99,801,680,182,85,1,-1,-1,-1
1308,99,801,680,182,85,1,-1,-1,-1
1309,99,801,680,182,85,1,-1,-1,-1
1310,99,801,680,182,85,1,-1,-1,-1
1311,99,801,680,182,85,1,-1,-1,-1
1312,99,801,680,182,85,1,-1,-1,-1
1313,99,801,680,182,85,1,-1,-1,-1
1314,99,801,680,182,85,1,-1,-1,-1
1315,99,801,680,182,85,1,-1,-1,-1
1316,99,801,680,182,85,1,-1,-1,-1
1317,99,801,680,182,85,1,-1,-1,-1
1318,99,801,680,182,85,1,-1,-1,-1
1319,99,801,680,182,85,1,-1,-1,-1
1320,99,801,680,182,85,1,-1,-1,-1
1321,99,801,680,182,85,1,-1,-1,-1
1322,99,801,680,182,85,1,-1,-1,-1
1323,99,801,680,182,85,1,-1,-1,-1
1324,99,801,680,182,85,1,-1,-1,-1
1325,99,801,680,182,85,1,-1,-1,-1
1326,99,801,680,182,85,1,-1,-1,-1
1327,99,801,680,182,85,1,-1,-1,-1
1328,99,801,680,182,85,1,-1,-1,-1
1329,99,801,680,182,85,1,-1,-1,-1
1330,99,801,680,182,85,1,-1,-1,-1
1331,99,801,680,182,85,1,-1,-1,-1
1332,99,801,680,181,85,1,-1,-1,-1
1333,99,801,680,181,85,1,-1,-1,-1
1334,99,801,680,181,85,1,-1,-1,-1
1335,99,801,680,181,85,1,-1,-1,-1
1336,99,801,680,181,85,1,-1,-1,-1
1337,99,801,680,182,85,1,-1,-1,-1
1338,99,801,680,181,85,1,-1,-1,-1
1339,99,801,680,181,85,1,-1,-1,-1
1340,99,801,680,181,85,1,-1,-1,-1
1341,99,801,680,181,85,1,-1,-1,-1
1342,99,801,680,181,85,1,-1,-1,-1
1343,99,801,680,182,85,1,-1,-1,-1
1344,99,801,680,182,85,1,-1,-1,-1
1345,99,801,680,182,85,1,-1,-1,-1
1346,99,801,680,182,85,1,-1,-1,-1
1347,99,801,680,182,85,1,-1,-1,-1
1348,99,801,680,182,85,1,-1,-1,-1
1349,99,801,680,182,85,1,-1,-1,-1
1350,99,801,680,182,85,1,-1,-1,-1
1351,99,801,680,182,85,1,-1,-1,-1
1352,99,801,680,182,85,1,-1,-1,-1
1353,99,801,680,182,85,1,-1,-1,-1
1354,99,801,680,182,85,1,-1,-1,-1
1355,99,801,680,182,85,1,-1,-1,-1
1356,99,801,680,182,85,1,-1,-1,-1
1357,99,801,680,182,85,1,-1,-1,-1
1358,99,801,680,182,85,1,-1,-1,-1
1359,99,801,680,182,85,1,-1,-1,-1
1360,99,801,680,181,85,1,-1,-1,-1
1361,99,801,680,181,85,1,-1,-1,-1
1362,99,801,680,181,85,1,-1,-1,-1
1363,99,801,680,181,85,1,-1,-1,-1
1364,99,801,680,181,85,1,-1,-1,-1
1365,99,801,680,181,85,1,-1,-1,-1
1366,99,801,680,181,85,1,-1,-1,-1
1367,99,801,680,181,85,1,-1,-1,-1
1368,99,801,680,181,85,1,-1,-1,-1
1369,99,801,680,181,85,1,-1,-1,-1
1370,99,801,680,181,85,1,-1,-1,-1
1371,99,801,680,181,85,1,-1,-1,-1
1372,99,801,680,181,85,1,-1,-1,-1
1373,99,801,680,181,85,1,-1,-1,-1
1374,99,801,679,181,85,1,-1,-1,-1
1375,99,801,679,181,85,1,-1,-1,-1
1376,99,801,679,181,85,1,-1,-1,-1
1377,99,801,679,181,85,1,-1,-1,-1
1378,99,801,679,181,85,1,-1,-1,-1
1379,99,801,680,182,85,1,-1,-1,-1
1380,99,801,680,182,85,1,-1,-1,-1
1381,99,801,680,182,85,1,-1,-1,-1
1382,99,801,680,182,85,1,-1,-1,-1
1383,99,801,680,182,85,1,-1,-1,-1
1384,99,801,680,182,86,1,-1,-1,-1
1385,99,801,679,182,86,1,-1,-1,-1
1386,99,801,679,182,86,1,-1,-1,-1
1387,99,801,679,182,86,1,-1,-1,-1
1388,99,801,679,182,86,1,-1,-1,-1
1389,99,801,679,182,86,1,-1,-1,-1
1390,99,801,679,182,86,1,-1,-1,-1
1391,99,801,679,182,86,1,-1,-1,-1
1392,99,801,680,182,85,1,-1,-1,-1
1393,99,801,679,182,85,1,-1,-1,-1
1394,99,801,679,182,85,1,-1,-1,-1
1395,99,801,679,182,85,1,-1,-1,-1
1396,99,801,679,182,85,1,-1,-1,-1
1397,99,801,680,182,85,1,-1,-1,-1
1398,99,801,679,182,85,1,-1,-1,-1
1399,99,801,679,182,85,1,-1,-1,-1
1400,99,801,679,182,85,1,-1,-1,-1
1401,99,801,679,182,85,1,-1,-1,-1
1402,99,801,679,182,86,1,-1,-1,-1
1403,99,801,680,182,86,1,-1,-1,-1
1404,99,801,679,182,86,1,-1,-1,-1
1405,99,801,679,181,85,1,-1,-1,-1
1406,99,801,679,181,85,1,-1,-1,-1
1407,99,801,679,181,85,1,-1,-1,-1
1408,99,801,679,181,85,1,-1,-1,-1
1409,99,801,679,181,85,1,-1,-1,-1
1410,99,801,679,181,85,1,-1,-1,-1
1411,99,801,679,181,85,1,-1,-1,-1
1412,99,801,679,181,85,1,-1,-1,-1
1413,99,801,679,181,85,1,-1,-1,-1
1414,99,801,679,181,85,1,-1,-1,-1
1415,99,801,679,181,85,1,-1,-1,-1
1416,99,801,679,181,85,1,-1,-1,-1
1417,99,801,679,181,85,1,-1,-1,-1
1418,99,801,679,181,85,1,-1,-1,-1
1419,99,801,679,181,85,1,-1,-1,-1
1420,99,801,679,181,85,1,-1,-1,-1
1421,99,801,679,181,85,1,-1,-1,-1
1422,99,801,679,182,85,1,-1,-1,-1
1423,99,801,679,182,85,1,-1,-1,-1
1424,99,801,680,182,85,1,-1,-1,-1
1425,99,801,680,182,85,1,-1,-1,-1
1426,99,801,680,182,85,1,-1,-1,-1
1427,99,801,680,182,85,1,-1,-1,-1
1428,99,801,680,182,85,1,-1,-1,-1
1429,99,801,679,181,86,1,-1,-1,-1
1430,99,801,679,181,86,1,-1,-1,-1
1431,99,801,679,181,86,1,-1,-1,-1
1432,99,801,678,182,87,1,-1,-1,-1
1433,99,801,678,182,87,1,-1,-1,-1
1434,99,801,678,182,87,1,-1,-1,-1
1435,99,801,678,182,87,1,-1,-1,-1
1436,99,801,678,182,87,1,-1,-1,-1
1437,99,801,678,182,87,1,-1,-1,-1
1438,99,801,678,182,87,1,-1,-1,-1
1439,99,801,678,182,87,1,-1,-1,-1
1440,99,801,678,182,87,1,-1,-1,-1
1441,99,801,679,182,87,1,-1,-1,-1
1442,99,801,679,182,86,1,-1,-1,-1
1443,99,801,679,182,86,1,-1,-1,-1
1444,99,801,679,182,86,1,-1,-1,-1
1445,99,801,679,182,86,1,-1,-1,-1
1446,99,801,679,182,86,1,-1,-1,-1
1447,99,801,679,182,86,1,-1,-1,-1
1448,99,801,679,182,86,1,-1,-1,-1
1449,99,801,679,182,86,1,-1,-1,-1
1450,99,801,679,182,86,1,-1,-1,-1
1451,99,801,679,182,86,1,-1,-1,-1
1452,99,802,679,182,86,1,-1,-1,-1
1453,99,801,679,182,86,1,-1,-1,-1
1454,99,801,679,182,86,1,-1,-1,-1
1455,99,801,679,182,86,1,-1,-1,-1
1456,99,801,679,181,86,1,-1,-1,-1
1457,99,801,679,181,86,1,-1,-1,-1
1458,99,801,679,181,86,1,-1,-1,-1
1459,99,801,679,181,86,1,-1,-1,-1
1460,99,801,679,181,86,1,-1,-1,-1
1461,99,801,679,181,86,1,-1,-1,-1
1462,99,801,678,182,87,1,-1,-1,-1
1463,99,801,678,182,87,1,-1,-1,-1
1464,99,802,678,182,87,1,-1,-1,-1
1465,99,801,679,182,86,1,-1,-1,-1
1466,99,801,679,182,87,1,-1,-1,-1
1467,99,801,679,182,86,1,-1,-1,-1
1468,99,801,679,182,86,1,-1,-1,-1
1469,99,801,679,182,86,1,-1,-1,-1
1470,99,801,679,182,87,1,-1,-1,-1
1471,99,802,679,182,87,1,-1,-1,-1
1472,99,802,679,182,87,1,-1,-1,-1
1473,99,802,679,182,87,1,-1,-1,-1
1474,99,802,679,182,87,1,-1,-1,-1
1475,99,802,679,182,87,1,-1,-1,-1
1476,99,802,679,182,87,1,-1,-1,-1
1477,99,802,679,182,87,1,-1,-1,-1
1478,99,802,679,182,87,1,-1,-1,-1
1479,99,802,679,182,87,1,-1,-1,-1
1480,99,802,679,182,87,1,-1,-1,-1
1481,99,802,679,182,87,1,-1,-1,-1
1482,99,802,679,182,87,1,-1,-1,-1
1483,99,802,679,182,87,1,-1,-1,-1
1484,99,802,679,182,87,1,-1,-1,-1
1485,99,802,679,182,87,1,-1,-1,-1
1486,99,802,679,182,87,1,-1,-1,-1
1487,99,802,679,182,87,1,-1,-1,-1
1488,99,802,679,182,86,1,-1,-1,-1
1489,99,802,679,182,86,1,-1,-1,-1
1490,99,802,679,182,86,1,-1,-1,-1
1491,99,802,679,182,86,1,-1,-1,-1
1492,99,802,679,182,86,1,-1,-1,-1
1493,99,802,679,182,86,1,-1,-1,-1
1494,99,802,679,182,86,1,-1,-1,-1
1495,99,801,679,182,86,1,-1,-1,-1
1496,99,801,679,182,86,1,-1,-1,-1
1497,99,801,679,182,86,1,-1,-1,-1
1498,99,801,679,182,86,1,-1,-1,-1
1499,99,801,679,182,86,1,-1,-1,-1
1500,99,801,679,182,86,1,-1,-1,-1
1501,99,802,679,181,86,1,-1,-1,-1
1502,99,801,679,182,86,1,-1,-1,-1
1503,99,801,679,182,86,1,-1,-1,-1
1504,99,801,679,182,86,1,-1,-1,-1
1505,99,801,679,182,86,1,-1,-1,-1
1506,99,801,679,182,86,1,-1,-1,-1
1507,99,801,679,182,86,1,-1,-1,-1
1508,99,801,679,182,86,1,-1,-1,-1
1509,99,801,679,182,86,1,-1,-1,-1
1510,99,801,679,182,86,1,-1,-1,-1
1511,99,801,679,182,86,1,-1,-1,-1
1512,99,801,679,182,86,1,-1,-1,-1
1513,99,801,679,182,86,1,-1,-1,-1
1514,99,801,679,182,86,1,-1,-1,-1
1515,99,801,679,182,86,1,-1,-1,-1
1516,99,801,679,182,86,1,-1,-1,-1
1517,99,801,679,182,86,1,-1,-1,-1
1518,99,801,679,182,86,1,-1,-1,-1
1519,99,801,679,182,86,1,-1,-1,-1
1520,99,801,679,182,86,1,-1,-1,-1
1521,99,801,679,182,86,1,-1,-1,-1
1522,99,801,679,182,86,1,-1,-1,-1
1523,99,801,679,182,86,1,-1,-1,-1
1524,99,801,679,182,86,1,-1,-1,-1
1525,99,801,679,182,86,1,-1,-1,-1
1526,99,801,679,182,86,1,-1,-1,-1
1527,99,801,679,182,86,1,-1,-1,-1
1528,99,801,679,182,86,1,-1,-1,-1
1529,99,801,679,182,86,1,-1,-1,-1
1530,99,801,679,182,86,1,-1,-1,-1
1531,99,801,679,182,86,1,-1,-1,-1
1532,99,801,679,182,86,1,-1,-1,-1
1533,99,801,679,182,86,1,-1,-1,-1
1534,99,801,679,182,86,1,-1,-1,-1
1535,99,801,679,182,86,1,-1,-1,-1
1536,99,801,679,182,87,1,-1,-1,-1
1537,99,801,679,182,86,1,-1,-1,-1
1538,99,801,679,182,86,1,-1,-1,-1
1539,99,801,679,182,86,1,-1,-1,-1
1540,99,801,679,182,86,1,-1,-1,-1
1541,99,801,679,182,86,1,-1,-1,-1
1542,99,801,679,182,86,1,-1,-1,-1
1543,99,801,679,182,86,1,-1,-1,-1
1544,99,801,679,182,86,1,-1,-1,-1
1545,99,801,679,182,86,1,-1,-1,-1
1546,99,801,679,182,86,1,-1,-1,-1
1547,99,801,679,182,86,1,-1,-1,-1
1548,99,801,679,182,86,1,-1,-1,-1
1549,99,801,679,182,86,1,-1,-1,-1
1550,99,801,679,182,86,1,-1,-1,-1
1551,99,801,679,182,86,1,-1,-1,-1
1552,99,802,679,181,86,1,-1,-1,-1
1553,99,802,679,181,86,1,-1,-1,-1
1554,99,801,679,181,86,1,-1,-1,-1
1555,99,801,679,181,86,1,-1,-1,-1
1556,99,801,679,181,86,1,-1,-1,-1
1557,99,801,679,181,86,1,-1,-1,-1
1558,99,801,679,181,86,1,-1,-1,-1
1559,99,801,679,181,86,1,-1,-1,-1
1560,99,801,679,181,86,1,-1,-1,-1
1561,99,802,679,181,86,1,-1,-1,-1
1562,99,802,679,181,86,1,-1,-1,-1
1563,99,802,679,181,86,1,-1,-1,-1
1564,99,802,679,181,86,1,-1,-1,-1
1565,99,802,679,181,86,1,-1,-1,-1
1566,99,802,679,181,86,1,-1,-1,-1
1567,99,802,679,181,86,1,-1,-1,-1
1568,99,802,679,181,86,1,-1,-1,-1
1569,99,802,679,181,86,1,-1,-1,-1
1570,99,802,679,181,86,1,-1,-1,-1
1571,99,802,679,181,86,1,-1,-1,-1
1572,99,802,679,181,86,1,-1,-1,-1
1573,99,802,678,181,87,1,-1,-1,-1
1574,99,802,678,181,87,1,-1,-1,-1
1575,99,802,678,181,87,1,-1,-1,-1
1576,99,802,678,181,87,1,-1,-1,-1
1577,99,802,678,181,87,1,-1,-1,-1
1578,99,802,679,180,87,1,-1,-1,-1
1579,99,802,679,181,86,1,-1,-1,-1
1580,99,802,679,181,86,1,-1,-1,-1
1581,99,802,679,180,87,1,-1,-1,-1
1582,99,802,679,180,87,1,-1,-1,-1
1583,99,802,679,180,87,1,-1,-1,-1
1584,99,802,679,180,87,1,-1,-1,-1
1585,99,801,679,180,86,1,-1,-1,-1
1586,99,802,679,181,86,1,-1,-1,-1
1587,99,802,679,181,86,1,-1,-1,-1
1588,99,802,680,181,86,1,-1,-1,-1
1589,99,801,680,181,85,1,-1,-1,-1
1590,99,801,680,181,85,1,-1,-1,-1
1591,99,801,680,181,85,1,-1,-1,-1
1592,99,801,680,181,85,1,-1,-1,-1
1593,99,801,680,181,85,1,-1,-1,-1
1594,99,801,680,181,85,1,-1,-1,-1
1595,99,801,680,181,85,1,-1,-1,-1
1596,99,801,680,181,85,1,-1,-1,-1
1597,99,801,679,181,85,1,-1,-1,-1
1598,99,801,679,181,85,1,-1,-1,-1
1599,99,801,679,181,85,1,-1,-1,-1
1600,99,801,679,181,85,1,-1,-1,-1
1601,99,801,679,181,85,1,-1,-1,-1
1602,99,801,679,181,85,1,-1,-1,-1
1603,99,801,679,181,85,1,-1,-1,-1
1604,99,801,679,181,86,1,-1,-1,-1
1605,99,801,679,181,86,1,-1,-1,-1
1606,99,801,679,181,86,1,-1,-1,-1
1607,99,801,679,181,86,1,-1,-1,-1
1608,99,801,679,181,85,1,-1,-1,-1
1609,99,801,679,181,85,1,-1,-1,-1
1610,99,801,679,181,85,1,-1,-1,-1
1611,99,801,679,181,85,1,-1,-1,-1
1612,99,801,679,181,85,1,-1,-1,-1
1613,99,801,679,181,85,1,-1,-1,-1
1614,99,801,679,181,85,1,-1,-1,-1
1615,99,801,679,181,85,1,-1,-1,-1
1616,99,801,679,181,85,1,-1,-1,-1
1617,99,801,679,181,85,1,-1,-1,-1
1618,99,801,679,181,85,1,-1,-1,-1
1619,99,801,679,181,85,1,-1,-1,-1
1620,99,801,679,181,85,1,-1,-1,-1
1621,99,801,679,181,85,1,-1,-1,-1
1622,99,801,679,181,85,1,-1,-1,-1
1623,99,801,679,181,85,1,-1,-1,-1
1624,99,801,679,181,85,1,-1,-1,-1
1625,99,801,679,181,85,1,-1,-1,-1
1626,99,801,679,181,85,1,-1,-1,-1
1627,99,801,679,181,85,1,-1,-1,-1
1628,99,801,679,181,85,1,-1,-1,-1
1629,99,802,679,182,86,1,-1,-1,-1
1630,99,802,679,182,86,1,-1,-1,-1
1631,99,802,679,182,86,1,-1,-1,-1
1632,99,802,679,182,86,1,-1,-1,-1
1633,99,801,679,182,86,1,-1,-1,-1
1634,99,801,679,182,86,1,-1,-1,-1
1635,99,801,680,182,86,1,-1,-1,-1
1636,99,801,679,182,86,1,-1,-1,-1
1637,99,801,679,182,86,1,-1,-1,-1
1638,99,801,679,182,86,1,-1,-1,-1
1639,99,801,680,182,85,1,-1,-1,-1
1640,99,801,680,182,85,1,-1,-1,-1
1641,99,801,680,182,85,1,-1,-1,-1
1642,99,801,680,182,85,1,-1,-1,-1
1643,99,801,680,182,85,1,-1,-1,-1
1644,99,801,680,182,85,1,-1,-1,-1
1645,99,801,680,182,86,1,-1,-1,-1
1646,99,801,680,182,86,1,-1,-1,-1
1647,99,801,680,182,86,1,-1,-1,-1
1648,99,801,680,182,86,1,-1,-1,-1
1649,99,801,680,182,86,1,-1,-1,-1
1650,99,801,680,182,85,1,-1,-1,-1
1651,99,801,680,182,85,1,-1,-1,-1
1652,99,802,680,182,85,1,-1,-1,-1
1653,99,802,680,182,85,1,-1,-1,-1
1654,99,802,680,182,85,1,-1,-1,-1
1655,99,802,680,182,85,1,-1,-1,-1
1656,99,802,680,182,85,1,-1,-1,-1
1657,99,802,680,182,85,1,-1,-1,-1
1658,99,802,680,182,85,1,-1,-1,-1
1659,99,802,680,182,85,1,-1,-1,-1
1660,99,802,680,182,85,1,-1,-1,-1
1661,99,802,680,182,85,1,-1,-1,-1
1662,99,802,680,182,85,1,-1,-1,-1
1663,99,802,680,182,85,1,-1,-1,-1
1664,99,802,680,182,85,1,-1,-1,-1
1665,99,802,680,182,86,1,-1,-1,-1
1666,99,802,680,182,86,1,-1,-1,-1
1667,99,802,680,182,85,1,-1,-1,-1
1668,99,802,680,182,85,1,-1,-1,-1
1669,99,802,680,182,85,1,-1,-1,-1
1670,99,802,680,182,85,1,-1,-1,-1
1671,99,802,680,182,85,1,-1,-1,-1
1672,99,802,680,182,85,1,-1,-1,-1
1673,99,802,680,182,85,1,-1,-1,-1
1674,99,802,680,182,85,1,-1,-1,-1
1675,99,802,680,182,85,1,-1,-1,-1
1676,99,802,680,181,85,1,-1,-1,-1
1677,99,802,680,182,85,1,-1,-1,-1
1678,99,802,680,182,85,1,-1,-1,-1
1679,99,801,680,181,85,1,-1,-1,-1
1680,99,801,679,181,85,1,-1,-1,-1
1681,99,801,679,182,85,1,-1,-1,-1
1682,99,801,679,182,85,1,-1,-1,-1
1683,99,801,679,182,85,1,-1,-1,-1
1684,99,801,679,182,85,1,-1,-1,-1
1685,99,801,679,182,85,1,-1,-1,-1
1686,99,801,679,182,85,1,-1,-1,-1
1687,99,801,679,182,85,1,-1,-1,-1
1688,99,801,679,182,85,1,-1,-1,-1
1689,99,801,679,182,85,1,-1,-1,-1
1690,99,801,679,182,85,1,-1,-1,-1
1691,99,801,679,182,85,1,-1,-1,-1
1692,99,801,679,182,85,1,-1,-1,-1
1693,99,801,679,182,85,1,-1,-1,-1
1694,99,801,680,182,85,1,-1,-1,-1
1695,99,801,680,182,85,1,-1,-1,-1
1696,99,801,680,182,85,1,-1,-1,-1
1697,99,801,680,182,85,1,-1,-1,-1
1698,99,801,680,182,85,1,-1,-1,-1
1699,99,801,680,182,85,1,-1,-1,-1
1700,99,801,680,182,85,1,-1,-1,-1
1701,99,801,680,182,85,1,-1,-1,-1
1702,99,801,680,182,85,1,-1,-1,-1
1703,99,801,680,182,85,1,-1,-1,-1
1704,99,801,680,182,85,1,-1,-1,-1
1705,99,801,680,182,85,1,-1,-1,-1
1706,99,801,680,182,85,1,-1,-1,-1
1707,99,801,680,182,85,1,-1,-1,-1
1708,99,801,680,182,85,1,-1,-1,-1
1709,99,801,680,182,85,1,-1,-1,-1
1710,99,801,680,182,85,1,-1,-1,-1
1711,99,801,680,182,85,1,-1,-1,-1
1712,99,801,680,182,85,1,-1,-1,-1
1713,99,801,680,182,85,1,-1,-1,-1
1714,99,801,680,182,85,1,-1,-1,-1
1715,99,801,680,182,85,1,-1,-1,-1
1716,99,801,680,182,85,1,-1,-1,-1
1717,99,801,680,182,85,1,-1,-1,-1
1718,99,801,680,182,85,1,-1,-1,-1
1719,99,802,679,182,85,1,-1,-1,-1
1720,99,801,679,182,85,1,-1,-1,-1
1721,99,801,679,182,85,1,-1,-1,-1
1722,99,801,679,182,85,1,-1,-1,-1
1723,99,801,679,182,85,1,-1,-1,-1
1724,99,801,679,182,85,1,-1,-1,-1
1725,99,802,679,182,86,1,-1,-1,-1
1726,99,801,679,182,86,1,-1,-1,-1
1727,99,801,679,182,86,1,-1,-1,-1
1728,99,801,679,182,86,1,-1,-1,-1
1729,99,801,680,182,85,1,-1,-1,-1
1730,99,801,680,182,85,1,-1,-1,-1
1731,99,801,680,182,85,1,-1,-1,-1
1732,99,801,680,182,85,1,-1,-1,-1
1733,99,801,679,182,85,1,-1,-1,-1
1734,99,801,679,182,86,1,-1,-1,-1
1735,99,801,679,182,86,1,-1,-1,-1
1736,99,801,679,182,86,1,-1,-1,-1
1737,99,801,679,181,86,1,-1,-1,-1
1738,99,801,679,181,86,1,-1,-1,-1
1739,99,801,679,181,86,1,-1,-1,-1
1740,99,801,679,181,86,1,-1,-1,-1
1741,99,801,679,181,86,1,-1,-1,-1
1742,99,801,679,181,86,1,-1,-1,-1
1743,99,801,679,182,86,1,-1,-1,-1
1744,99,801,680,181,86,1,-1,-1,-1
1745,99,801,679,182,85,1,-1,-1,-1
1746,99,801,680,182,85,1,-1,-1,-1
1747,99,801,680,182,85,1,-1,-1,-1
1748,99,801,680,182,85,1,-1,-1,-1
1749,99,801,680,182,85,1,-1,-1,-1
1750,99,801,680,182,85,1,-1,-1,-1
1751,99,801,679,182,86,1,-1,-1,-1
1752,99,801,679,182,86,1,-1,-1,-1
1753,99,801,679,182,86,1,-1,-1,-1
1754,99,801,679,182,86,1,-1,-1,-1
1755,99,801,679,182,86,1,-1,-1,-1
1756,99,801,679,182,86,1,-1,-1,-1
1757,99,801,678,182,87,1,-1,-1,-1
1758,99,801,678,182,87,1,-1,-1,-1
1759,99,801,678,182,87,1,-1,-1,-1
1760,99,801,678,181,88,1,-1,-1,-1
1761,99,801,678,182,87,1,-1,-1,-1
1762,99,801,678,182,87,1,-1,-1,-1
1763,99,801,678,182,87,1,-1,-1,-1
1764,99,801,678,181,87,1,-1,-1,-1
1765,99,801,679,182,86,1,-1,-1,-1
1766,99,801,679,182,86,1,-1,-1,-1
1767,99,801,679,182,87,1,-1,-1,-1
1768,99,801,679,181,87,1,-1,-1,-1
1769,99,801,679,181,87,1,-1,-1,-1
1770,99,801,679,182,87,1,-1,-1,-1
1771,99,801,679,182,87,1,-1,-1,-1
1772,99,801,679,181,86,1,-1,-1,-1
1773,99,801,679,181,86,1,-1,-1,-1
1774,99,801,679,181,87,1,-1,-1,-1
1775,99,801,679,181,86,1,-1,-1,-1
1776,99,801,679,181,86,1,-1,-1,-1
1777,99,801,678,182,87,1,-1,-1,-1
1778,99,801,678,182,87,1,-1,-1,-1
1779,99,801,678,182,87,1,-1,-1,-1
1780,99,801,678,182,87,1,-1,-1,-1
1781,99,801,678,182,87,1,-1,-1,-1
1782,99,801,678,182,87,1,-1,-1,-1
1783,99,801,678,182,87,1,-1,-1,-1
1784,99,801,678,182,87,1,-1,-1,-1
1785,99,801,678,182,87,1,-1,-1,-1
1786,99,802,678,182,87,1,-1,-1,-1
1787,99,802,678,182,87,1,-1,-1,-1
1788,99,801,678,182,87,1,-1,-1,-1
1789,99,801,678,182,87,1,-1,-1,-1
1790,99,801,678,182,87,1,-1,-1,-1
1791,99,801,678,182,87,1,-1,-1,-1
1792,99,801,678,182,87,1,-1,-1,-1
1793,99,801,678,182,87,1,-1,-1,-1
1794,99,801,679,182,87,1,-1,-1,-1
1795,99,801,679,182,86,1,-1,-1,-1
1796,99,801,678,182,87,1,-1,-1,-1
1797,99,801,679,182,87,1,-1,-1,-1
1798,99,801,679,182,87,1,-1,-1,-1
1799,99,801,679,182,87,1,-1,-1,-1
1800,99,801,679,182,86,1,-1,-1,-1
1801,99,801,679,182,86,1,-1,-1,-1
1802,99,801,679,182,86,1,-1,-1,-1
1803,99,801,679,182,86,1,-1,-1,-1
1804,99,801,679,182,86,1,-1,-1,-1
1805,99,801,679,182,86,1,-1,-1,-1
1806,99,801,679,182,86,1,-1,-1,-1
1807,99,801,679,182,86,1,-1,-1,-1
1808,99,801,679,182,86,1,-1,-1,-1
1809,99,801,679,182,86,1,-1,-1,-1
1810,99,801,679,182,86,1,-1,-1,-1
1811,99,801,679,182,86,1,-1,-1,-1
1812,99,802,679,182,86,1,-1,-1,-1
1813,99,802,679,181,86,1,-1,-1,-1
1814,99,802,679,181,86,1,-1,-1,-1
1815,99,802,679,181,86,1,-1,-1,-1
1816,99,802,679,181,86,1,-1,-1,-1
1817,99,802,679,181,86,1,-1,-1,-1
1818,99,802,679,181,86,1,-1,-1,-1
1819,99,802,679,181,86,1,-1,-1,-1
1820,99,802,679,181,86,1,-1,-1,-1
1821,99,802,679,181,86,1,-1,-1,-1
1822,99,802,679,181,86,1,-1,-1,-1
1823,99,802,679,181,86,1,-1,-1,-1
1824,99,802,679,181,86,1,-1,-1,-1
1825,99,801,679,182,86,1,-1,-1,-1
1826,99,801,679,182,86,1,-1,-1,-1
1827,99,801,679,182,86,1,-1,-1,-1
1828,99,801,679,182,86,1,-1,-1,-1
1829,99,801,679,182,86,1,-1,-1,-1
1830,99,801,678,182,86,1,-1,-1,-1
1831,99,801,679,182,86,1,-1,-1,-1
1832,99,801,679,182,86,1,-1,-1,-1
1833,99,801,679,182,86,1,-1,-1,-1
1834,99,801,679,182,86,1,-1,-1,-1
1835,99,801,679,182,86,1,-1,-1,-1
1836,99,801,679,182,86,1,-1,-1,-1
1837,99,801,679,182,86,1,-1,-1,-1
1838,99,801,679,182,86,1,-1,-1,-1
1839,99,801,679,182,86,1,-1,-1,-1
1840,99,801,679,182,86,1,-1,-1,-1
1841,99,801,679,182,86,1,-1,-1,-1
1842,99,801,679,182,85,1,-1,-1,-1
1843,99,801,679,182,86,1,-1,-1,-1
1844,99,801,679,182,86,1,-1,-1,-1
1845,99,801,679,182,86,1,-1,-1,-1
1846,99,801,679,182,86,1,-1,-1,-1
1847,99,802,679,182,86,1,-1,-1,-1
1848,99,802,679,182,86,1,-1,-1,-1
1849,99,802,679,182,86,1,-1,-1,-1
1850,99,802,679,182,86,1,-1,-1,-1
1851,99,802,679,182,86,1,-1,-1,-1
1852,99,802,679,182,86,1,-1,-1,-1
1853,99,802,679,182,86,1,-1,-1,-1
1854,99,802,679,182,86,1,-1,-1,-1
1855,99,802,679,182,86,1,-1,-1,-1
1856,99,802,679,182,86,1,-1,-1,-1
1857,99,802,679,182,86,1,-1,-1,-1
1858,99,802,679,182,86,1,-1,-1,-1
1859,99,802,679,182,86,1,-1,-1,-1
1860,99,802,679,182,86,1,-1,-1,-1
1861,99,802,679,182,86,1,-1,-1,-1
1862,99,802,679,182,86,1,-1,-1,-1
1863,99,802,679,182,86,1,-1,-1,-1
1864,99,802,679,182,86,1,-1,-1,-1
1865,99,802,680,182,85,1,-1,-1,-1
1866,99,802,680,182,85,1,-1,-1,-1
1867,99,801,679,182,86,1,-1,-1,-1
1868,99,801,679,182,86,1,-1,-1,-1
1869,99,801,679,182,86,1,-1,-1,-1
1870,99,801,679,182,86,1,-1,-1,-1
1871,99,801,679,182,86,1,-1,-1,-1
1872,99,801,680,182,86,1,-1,-1,-1
1873,99,801,679,182,86,1,-1,-1,-1
1874,99,801,679,182,86,1,-1,-1,-1
1875,99,801,679,182,86,1,-1,-1,-1
1876,99,801,679,182,86,1,-1,-1,-1
1877,99,802,679,182,86,1,-1,-1,-1
1878,99,802,679,182,86,1,-1,-1,-1
1879,99,802,679,182,86,1,-1,-1,-1
1880,99,802,679,182,86,1,-1,-1,-1
1881,99,802,679,182,86,1,-1,-1,-1
1882,99,802,679,182,86,1,-1,-1,-1
1883,99,802,679,182,86,1,-1,-1,-1
1884,99,802,679,182,86,1,-1,-1,-1
1885,99,801,679,181,86,1,-1,-1,-1
1886,99,801,679,182,86,1,-1,-1,-1
1887,99,801,679,182,86,1,-1,-1,-1
1888,99,801,679,182,86,1,-1,-1,-1
1889,99,801,679,181,86,1,-1,-1,-1
1890,99,801,679,182,86,1,-1,-1,-1
1891,99,801,679,182,86,1,-1,-1,-1
1892,99,801,679,182,86,1,-1,-1,-1
1893,99,801,679,182,86,1,-1,-1,-1
1894,99,801,679,182,86,1,-1,-1,-1
1895,99,801,679,181,86,1,-1,-1,-1
1896,99,801,679,181,86,1,-1,-1,-1
1897,99,801,679,182,86,1,-1,-1,-1
1898,99,801,679,182,86,1,-1,-1,-1
1899,99,801,679,182,86,1,-1,-1,-1
1900,99,801,679,182,86,1,-1,-1,-1
1901,99,801,679,182,86,1,-1,-1,-1
1902,99,801,679,182,86,1,-1,-1,-1
1903,99,801,679,182,86,1,-1,-1,-1
1904,99,801,679,182,86,1,-1,-1,-1
1905,99,801,679,182,86,1,-1,-1,-1
1906,99,801,679,182,86,1,-1,-1,-1
1907,99,801,679,182,86,1,-1,-1,-1
1908,99,801,679,182,86,1,-1,-1,-1
1909,99,801,679,182,86,1,-1,-1,-1
1910,99,801,679,182,86,1,-1,-1,-1
1911,99,801,679,182,86,1,-1,-1,-1
1912,99,801,679,182,86,1,-1,-1,-1
1913,99,801,679,182,86,1,-1,-1,-1
1914,99,801,679,182,86,1,-1,-1,-1
1915,99,801,679,182,86,1,-1,-1,-1
1916,99,801,679,182,86,1,-1,-1,-1
1917,99,801,679,182,86,1,-1,-1,-1
1918,99,801,679,182,86,1,-1,-1,-1
1919,99,801,679,182,86,1,-1,-1,-1
1920,99,801,679,182,86,1,-1,-1,-1
1921,99,801,679,182,86,1,-1,-1,-1
1922,99,801,679,182,86,1,-1,-1,-1
1923,99,801,679,182,86,1,-1,-1,-1
1924,99,801,679,182,86,1,-1,-1,-1
1925,99,801,679,182,86,1,-1,-1,-1
1926,99,801,679,182,86,1,-1,-1,-1
1927,99,801,679,182,86,1,-1,-1,-1
1928,99,801,679,182,86,1,-1,-1,-1
1929,99,801,679,182,86,1,-1,-1,-1
1930,99,801,679,182,86,1,-1,-1,-1
1931,99,801,679,182,86,1,-1,-1,-1
1932,99,801,679,182,86,1,-1,-1,-1
1933,99,801,679,182,86,1,-1,-1,-1
1934,99,801,679,182,86,1,-1,-1,-1
1935,99,801,679,181,86,1,-1,-1,-1
1936,99,801,679,182,86,1,-1,-1,-1
1937,99,801,679,182,86,1,-1,-1,-1
1938,99,801,679,182,86,1,-1,-1,-1
1939,99,801,679,182,86,1,-1,-1,-1
1940,99,801,679,182,86,1,-1,-1,-1
1941,99,801,679,182,86,1,-1,-1,-1
1942,99,801,679,182,86,1,-1,-1,-1
1943,99,801,679,182,86,1,-1,-1,-1
1944,99,801,679,181,86,1,-1,-1,-1
1945,99,801,679,181,86,1,-1,-1,-1
1946,99,801,679,181,86,1,-1,-1,-1
1947,99,801,679,181,86,1,-1,-1,-1
1948,99,801,679,181,86,1,-1,-1,-1
1949,99,801,679,181,86,1,-1,-1,-1
1950,99,801,679,181,86,1,-1,-1,-1
1951,99,801,679,181,86,1,-1,-1,-1
1952,99,801,679,181,87,1,-1,-1,-1
1953,99,801,679,181,86,1,-1,-1,-1
1954,99,801,679,181,86,1,-1,-1,-1
1955,99,801,679,181,86,1,-1,-1,-1
1956,99,801,679,181,86,1,-1,-1,-1
1957,99,801,680,182,85,1,-1,-1,-1
1958,99,801,680,182,85,1,-1,-1,-1
1959,99,801,680,182,86,1,-1,-1,-1
1960,99,801,680,182,86,1,-1,-1,-1
1961,99,801,679,182,86,1,-1,-1,-1
1962,99,801,679,182,86,1,-1,-1,-1
1963,99,801,679,182,85,1,-1,-1,-1
1964,99,801,680,182,85,1,-1,-1,-1
1965,99,801,680,182,85,1,-1,-1,-1
1966,99,801,680,182,85,1,-1,-1,-1
1967,99,801,680,182,86,1,-1,-1,-1
1968,99,801,680,182,86,1,-1,-1,-1
1969,99,801,679,182,87,1,-1,-1,-1
1970,99,801,679,182,87,1,-1,-1,-1
1971,99,801,679,182,87,1,-1,-1,-1
1972,99,801,679,182,86,1,-1,-1,-1
1973,99,801,679,182,87,1,-1,-1,-1
1974,99,801,679,182,86,1,-1,-1,-1
1975,99,801,679,182,86,1,-1,-1,-1
1976,99,801,680,182,86,1,-1,-1,-1
1977,99,801,680,182,86,1,-1,-1,-1
1978,99,801,680,182,86,1,-1,-1,-1
1979,99,801,680,182,86,1,-1,-1,-1
1980,99,801,680,182,86,1,-1,-1,-1
1981,99,801,680,182,85,1,-1,-1,-1
1982,99,801,680,182,85,1,-1,-1,-1
1983,99,801,680,182,85,1,-1,-1,-1
1984,99,801,680,182,85,1,-1,-1,-1
1985,99,801,680,182,85,1,-1,-1,-1
1986,99,801,680,182,85,1,-1,-1,-1
1987,99,801,680,182,85,1,-1,-1,-1
1988,99,801,680,182,85,1,-1,-1,-1
1989,99,801,680,182,85,1,-1,-1,-1
1990,99,801,680,182,85,1,-1,-1,-1
1991,99,801,680,182,85,1,-1,-1,-1
1992,99,801,680,182,85,1,-1,-1,-1
1993,99,801,680,182,85,1,-1,-1,-1
1994,99,801,680,182,85,1,-1,-1,-1
1995,99,801,680,182,85,1,-1,-1,-1
1996,99,801,680,182,85,1,-1,-1,-1
1997,99,801,680,182,86,1,-1,-1,-1
1998,99,801,680,182,86,1,-1,-1,-1
1999,99,801,680,182,86,1,-1,-1,-1
2000,99,801,680,182,86,1,-1,-1,-1
2001,99,801,680,182,85,1,-1,-1,-1
2002,99,801,680,182,86,1,-1,-1,-1
2003,99,801,680,182,85,1,-1,-1,-1
2004,99,801,680,182,85,1,-1,-1,-1
2005,99,801,679,182,86,1,-1,-1,-1
2006,99,801,679,182,86,1,-1,-1,-1
2007,99,801,680,181,86,1,-1,-1,-1
2008,99,801,680,181,86,1,-1,-1,-1
2009,99,801,680,181,86,1,-1,-1,-1
2010,99,801,680,181,86,1,-1,-1,-1
2011,99,801,680,181,86,1,-1,-1,-1
2012,99,801,680,181,86,1,-1,-1,-1
2013,99,801,680,181,86,1,-1,-1,-1
2014,99,801,680,181,86,1,-1,-1,-1
2015,99,801,680,181,86,1,-1,-1,-1
2016,99,801,680,181,86,1,-1,-1,-1
2017,99,800,680,182,86,1,-1,-1,-1
2018,99,800,680,182,86,1,-1,-1,-1
2019,99,800,680,182,86,1,-1,-1,-1
2020,99,801,680,182,86,1,-1,-1,-1
2021,99,801,680,182,86,1,-1,-1,-1
2022,99,801,680,182,86,1,-1,-1,-1
2023,99,801,679,182,86,1,-1,-1,-1
2024,99,801,679,182,86,1,-1,-1,-1
2025,99,801,679,182,86,1,-1,-1,-1
2026,99,801,679,182,86,1,-1,-1,-1
2027,99,801,679,181,86,1,-1,-1,-1
2028,99,801,679,181,86,1,-1,-1,-1
2029,99,801,679,181,86,1,-1,-1,-1
2030,99,801,679,181,86,1,-1,-1,-1
2031,99,801,679,181,86,1,-1,-1,-1
2032,99,801,679,181,86,1,-1,-1,-1
2033,99,801,679,181,86,1,-1,-1,-1
2034,99,801,679,181,86,1,-1,-1,-1
2035,99,801,679,181,86,1,-1,-1,-1
2036,99,801,679,181,86,1,-1,-1,-1
2037,99,801,680,181,86,1,-1,-1,-1
2038,99,801,680,181,86,1,-1,-1,-1
2039,99,801,680,181,86,1,-1,-1,-1
2040,99,801,679,181,86,1,-1,-1,-1
2041,99,801,680,182,85,1,-1,-1,-1
2042,99,801,679,182,86,1,-1,-1,-1
2043,99,801,679,182,86,1,-1,-1,-1
2044,99,801,679,182,86,1,-1,-1,-1
2045,99,801,679,182,86,1,-1,-1,-1
2046,99,801,679,182,86,1,-1,-1,-1
2047,99,801,679,182,86,1,-1,-1,-1
2048,99,801,679,182,86,1,-1,-1,-1
2049,99,801,679,182,86,1,-1,-1,-1
2050,99,801,679,182,86,1,-1,-1,-1
2051,99,801,679,182,86,1,-1,-1,-1
2052,99,801,679,182,86,1,-1,-1,-1
2053,99,801,679,182,86,1,-1,-1,-1
2054,99,801,680,182,86,1,-1,-1,-1
2055,99,801,680,182,86,1,-1,-1,-1
2056,99,801,680,182,86,1,-1,-1,-1
2057,99,801,680,182,86,1,-1,-1,-1
2058,99,801,680,182,86,1,-1,-1,-1
2059,99,801,680,182,86,1,-1,-1,-1
2060,99,801,680,182,86,1,-1,-1,-1
2061,99,801,680,182,86,1,-1,-1,-1
2062,99,801,680,182,86,1,-1,-1,-1
2063,99,801,679,182,86,1,-1,-1,-1
2064,99,801,680,182,86,1,-1,-1,-1
2065,99,801,680,182,86,1,-1,-1,-1
2066,99,801,680,182,86,1,-1,-1,-1
2067,99,801,679,182,86,1,-1,-1,-1
2068,99,801,679,182,86,1,-1,-1,-1
2069,99,801,679,182,86,1,-1,-1,-1
2070,99,801,679,182,86,1,-1,-1,-1
2071,99,801,679,182,86,1,-1,-1,-1
2072,99,801,679,182,86,1,-1,-1,-1
2073,99,801,679,182,86,1,-1,-1,-1
2074,99,801,680,182,86,1,-1,-1,-1
2075,99,801,680,182,86,1,-1,-1,-1
2076,99,801,680,182,86,1,-1,-1,-1
2077,99,801,680,182,85,1,-1,-1,-1
2078,99,801,680,182,85,1,-1,-1,-1
2079,99,801,680,182,85,1,-1,-1,-1
2080,99,801,680,182,85,1,-1,-1,-1
2081,99,801,680,181,85,1,-1,-1,-1
2082,99,801,680,181,85,1,-1,-1,-1
2083,99,801,680,181,85,1,-1,-1,-1
2084,99,801,680,181,85,1,-1,-1,-1
2085,99,801,680,181,85,1,-1,-1,-1
2086,99,801,680,182,85,1,-1,-1,-1
2087,99,801,680,182,85,1,-1,-1,-1
2088,99,801,679,182,86,1,-1,-1,-1
2089,99,801,679,182,87,1,-1,-1,-1
2090,99,801,679,182,87,1,-1,-1,-1
2091,99,801,679,182,87,1,-1,-1,-1
2092,99,801,679,182,87,1,-1,-1,-1
2093,99,801,679,182,87,1,-1,-1,-1
2094,99,801,679,182,87,1,-1,-1,-1
2095,99,801,679,182,87,1,-1,-1,-1
2096,99,801,679,182,86,1,-1,-1,-1
2097,99,801,679,182,86,1,-1,-1,-1
2098,99,801,679,182,86,1,-1,-1,-1
2099,99,801,679,182,87,1,-1,-1,-1
2100,99,801,679,182,87,1,-1,-1,-1
2101,99,801,679,182,86,1,-1,-1,-1
2102,99,801,679,182,86,1,-1,-1,-1
2103,99,801,679,182,86,1,-1,-1,-1
2104,99,801,679,182,86,1,-1,-1,-1
2105,99,801,679,182,86,1,-1,-1,-1
2106,99,801,679,182,86,1,-1,-1,-1
2107,99,801,679,182,86,1,-1,-1,-1
2108,99,801,679,182,86,1,-1,-1,-1
2109,99,801,679,182,86,1,-1,-1,-1
2110,99,801,679,182,86,1,-1,-1,-1
2111,99,801,679,182,86,1,-1,-1,-1
2112,99,801,679,182,86,1,-1,-1,-1
2113,99,801,679,182,86,1,-1,-1,-1
2114,99,801,679,182,86,1,-1,-1,-1
2115,99,801,679,182,86,1,-1,-1,-1
2116,99,801,679,182,86,1,-1,-1,-1
2117,99,801,679,182,86,1,-1,-1,-1
2118,99,801,679,182,86,1,-1,-1,-1
2119,99,801,679,182,86,1,-1,-1,-1
2120,99,801,679,182,86,1,-1,-1,-1
2121,99,801,679,182,86,1,-1,-1,-1
2122,99,801,679,182,86,1,-1,-1,-1
2123,99,801,679,182,86,1,-1,-1,-1
2124,99,801,679,182,86,1,-1,-1,-1
2125,99,801,679,182,87,1,-1,-1,-1
2126,99,801,679,182,87,1,-1,-1,-1
2127,99,801,679,182,87,1,-1,-1,-1
2128,99,801,679,182,87,1,-1,-1,-1
2129,99,801,679,182,86,1,-1,-1,-1
2130,99,801,679,182,86,1,-1,-1,-1
2131,99,801,679,182,86,1,-1,-1,-1
2132,99,801,679,182,86,1,-1,-1,-1
2133,99,801,679,182,86,1,-1,-1,-1
2134,99,801,679,182,87,1,-1,-1,-1
2135,99,801,679,182,87,1,-1,-1,-1
2136,99,801,679,182,87,1,-1,-1,-1
2137,99,801,679,182,87,1,-1,-1,-1
2138,99,801,679,182,87,1,-1,-1,-1
2139,99,801,679,182,87,1,-1,-1,-1
2140,99,801,679,182,87,1,-1,-1,-1
2141,99,801,679,182,87,1,-1,-1,-1
2142,99,801,679,182,87,1,-1,-1,-1
2143,99,801,679,182,87,1,-1,-1,-1
2144,99,801,679,182,87,1,-1,-1,-1
2145,99,801,679,182,87,1,-1,-1,-1
2146,99,801,679,182,87,1,-1,-1,-1
2147,99,801,679,182,87,1,-1,-1,-1
2148,99,801,679,182,87,1,-1,-1,-1
2149,99,801,679,181,86,1,-1,-1,-1
2150,99,801,679,181,86,1,-1,-1,-1
2151,99,801,679,181,86,1,-1,-1,-1
2152,99,801,679,181,87,1,-1,-1,-1
2153,99,801,679,181,87,1,-1,-1,-1
2154,99,801,679,181,87,1,-1,-1,-1
2155,99,801,678,181,87,1,-1,-1,-1
2156,99,801,678,181,87,1,-1,-1,-1
2157,99,801,678,181,87,1,-1,-1,-1
2158,99,801,678,181,87,1,-1,-1,-1
2159,99,801,678,181,87,1,-1,-1,-1
2160,99,801,678,181,87,1,-1,-1,-1
2161,99,801,679,181,87,1,-1,-1,-1
2162,99,801,679,181,87,1,-1,-1,-1
2163,99,801,679,181,87,1,-1,-1,-1
2164,99,801,679,181,87,1,-1,-1,-1
2165,99,801,679,181,87,1,-1,-1,-1
2166,99,801,679,181,87,1,-1,-1,-1
2167,99,801,679,181,87,1,-1,-1,-1
2168,99,801,679,181,87,1,-1,-1,-1
2169,99,801,679,181,87,1,-1,-1,-1
2170,99,801,679,181,87,1,-1,-1,-1
2171,99,801,679,181,87,1,-1,-1,-1
2172,99,801,679,181,87,1,-1,-1,-1
2173,99,801,679,182,86,1,-1,-1,-1
2174,99,801,679,182,86,1,-1,-1,-1
2175,99,801,679,182,86,1,-1,-1,-1
2176,99,801,679,182,86,1,-1,-1,-1
2177,99,801,679,182,86,1,-1,-1,-1
2178,99,801,679,182,86,1,-1,-1,-1
2179,99,801,679,182,86,1,-1,-1,-1
2180,99,801,679,182,87,1,-1,-1,-1
2181,99,801,679,182,87,1,-1,-1,-1
2182,99,801,679,182,87,1,-1,-1,-1
2183,99,801,679,182,87,1,-1,-1,-1
2184,99,801,679,182,87,1,-1,-1,-1
2185,99,801,679,182,87,1,-1,-1,-1
2186,99,801,679,182,87,1,-1,-1,-1
2187,99,801,679,182,87,1,-1,-1,-1
2188,99,801,679,182,87,1,-1,-1,-1
2189,99,801,679,182,87,1,-1,-1,-1
2190,99,801,680,182,86,1,-1,-1,-1
2191,99,801,680,182,86,1,-1,-1,-1
2192,99,801,680,182,86,1,-1,-1,-1
2193,99,801,680,182,86,1,-1,-1,-1
2194,99,801,680,182,86,1,-1,-1,-1
2195,99,801,680,182,86,1,-1,-1,-1
2196,99,801,680,182,86,1,-1,-1,-1
2197,99,801,679,181,86,1,-1,-1,-1
2198,99,801,679,181,86,1,-1,-1,-1
2199,99,801,679,181,86,1,-1,-1,-1
2200,99,801,679,181,86,1,-1,-1,-1
2201,99,801,679,181,86,1,-1,-1,-1
2202,99,801,679,181,86,1,-1,-1,-1
2203,99,801,679,180,86,1,-1,-1,-1
2204,99,801,679,180,86,1,-1,-1,-1
2205,99,801,679,180,87,1,-1,-1,-1
2206,99,801,679,180,87,1,-1,-1,-1
2207,99,801,679,180,87,1,-1,-1,-1
2208,99,801,679,180,87,1,-1,-1,-1
2209,99,801,679,181,86,1,-1,-1,-1
2210,99,801,680,181,86,1,-1,-1,-1
2211,99,801,680,181,86,1,-1,-1,-1
2212,99,801,680,181,86,1,-1,-1,-1
2213,99,801,680,181,86,1,-1,-1,-1
2214,99,801,680,181,86,1,-1,-1,-1
2215,99,801,680,181,86,1,-1,-1,-1
2216,99,801,680,181,86,1,-1,-1,-1
2217,99,801,680,181,86,1,-1,-1,-1
2218,99,801,680,181,86,1,-1,-1,-1
2219,99,801,680,181,86,1,-1,-1,-1
2220,99,801,680,181,86,1,-1,-1,-1
2221,99,801,679,181,86,1,-1,-1,-1
2222,99,801,679,181,86,1,-1,-1,-1
2223,99,801,679,181,86,1,-1,-1,-1
2224,99,801,679,181,86,1,-1,-1,-1
2225,99,801,679,181,86,1,-1,-1,-1
2226,99,801,679,181,86,1,-1,-1,-1
2227,99,801,680,181,86,1,-1,-1,-1
2228,99,801,679,181,86,1,-1,-1,-1
2229,99,801,679,182,86,1,-1,-1,-1
2230,99,801,679,180,86,1,-1,-1,-1
2231,99,801,679,180,86,1,-1,-1,-1
2232,99,801,679,180,86,1,-1,-1,-1
2233,99,802,680,180,86,1,-1,-1,-1
2234,99,802,680,180,85,1,-1,-1,-1
2235,99,802,680,180,86,1,-1,-1,-1
2236,99,802,680,180,85,1,-1,-1,-1
2237,99,802,680,180,85,1,-1,-1,-1
2238,99,802,680,180,85,1,-1,-1,-1
2239,99,802,680,180,86,1,-1,-1,-1
2240,99,801,679,181,86,1,-1,-1,-1
2241,99,801,679,181,86,1,-1,-1,-1
2242,99,801,679,181,86,1,-1,-1,-1
2243,99,801,679,181,86,1,-1,-1,-1
2244,99,801,679,181,86,1,-1,-1,-1
2245,99,801,679,181,86,1,-1,-1,-1
2246,99,801,679,181,86,1,-1,-1,-1
2247,99,801,679,181,86,1,-1,-1,-1
2248,99,801,679,181,86,1,-1,-1,-1
2249,99,801,679,181,86,1,-1,-1,-1
2250,99,801,679,181,86,1,-1,-1,-1
2251,99,801,679,181,87,1,-1,-1,-1
2252,99,801,679,181,87,1,-1,-1,-1
2253,99,801,679,181,87,1,-1,-1,-1
2254,99,801,679,181,87,1,-1,-1,-1
2255,99,801,679,181,86,1,-1,-1,-1
2256,99,801,679,181,87,1,-1,-1,-1
2257,99,801,679,182,86,1,-1,-1,-1
2258,99,801,679,182,86,1,-1,-1,-1
2259,99,801,679,182,86,1,-1,-1,-1
2260,99,801,680,181,86,1,-1,-1,-1
2261,99,801,680,181,86,1,-1,-1,-1
2262,99,801,680,181,86,1,-1,-1,-1
2263,99,801,680,181,85,1,-1,-1,-1
2264,99,801,680,181,86,1,-1,-1,-1
2265,99,801,680,181,86,1,-1,-1,-1
2266,99,801,680,181,86,1,-1,-1,-1
2267,99,801,680,181,85,1,-1,-1,-1
2268,99,801,680,181,85,1,-1,-1,-1
2269,99,801,680,181,86,1,-1,-1,-1
2270,99,801,680,181,86,1,-1,-1,-1
2271,99,801,680,181,86,1,-1,-1,-1
2272,99,801,680,181,86,1,-1,-1,-1
2273,99,801,680,181,86,1,-1,-1,-1
2274,99,801,680,181,86,1,-1,-1,-1
2275,99,801,680,181,86,1,-1,-1,-1
2276,99,801,680,181,86,1,-1,-1,-1
2277,99,801,680,181,86,1,-1,-1,-1
2278,99,801,680,181,86,1,-1,-1,-1
2279,99,801,680,181,86,1,-1,-1,-1
1132,100,0,526,20,51,1,-1,-1,-1
1133,100,0,526,20,51,1,-1,-1,-1
1134,100,0,526,20,51,1,-1,-1,-1
1135,100,0,526,20,51,1,-1,-1,-1
1136,100,0,526,20,51,1,-1,-1,-1
1137,100,0,526,20,51,1,-1,-1,-1
1138,100,0,526,20,51,1,-1,-1,-1
1139,100,0,526,20,51,1,-1,-1,-1
1140,100,0,526,20,51,1,-1,-1,-1
1141,100,0,527,20,50,1,-1,-1,-1
1142,100,0,526,20,50,1,-1,-1,-1
1143,100,0,526,20,50,1,-1,-1,-1
1144,100,0,526,20,50,1,-1,-1,-1
1145,100,0,527,20,49,1,-1,-1,-1
1146,100,0,527,20,49,1,-1,-1,-1
1147,100,0,527,20,49,1,-1,-1,-1
1148,100,0,527,20,49,1,-1,-1,-1
1149,100,0,527,20,49,1,-1,-1,-1
1150,100,0,527,20,49,1,-1,-1,-1
1151,100,0,527,20,49,1,-1,-1,-1
1152,100,0,527,20,50,1,-1,-1,-1
1153,100,0,526,20,52,1,-1,-1,-1
1154,100,0,526,20,52,1,-1,-1,-1
1155,100,0,526,20,52,1,-1,-1,-1
1156,100,0,526,20,53,1,-1,-1,-1
1157,100,0,526,20,52,1,-1,-1,-1
1158,100,0,526,20,52,1,-1,-1,-1
1159,100,0,526,20,52,1,-1,-1,-1
1160,100,0,526,20,53,1,-1,-1,-1
1161,100,0,526,20,53,1,-1,-1,-1
1162,100,0,527,20,50,1,-1,-1,-1
1163,100,0,527,20,50,1,-1,-1,-1
1164,100,0,527,20,50,1,-1,-1,-1
1165,100,0,527,20,50,1,-1,-1,-1
1166,100,0,527,20,50,1,-1,-1,-1
1167,100,0,527,20,50,1,-1,-1,-1
1168,100,0,527,20,50,1,-1,-1,-1
1169,100,0,527,20,50,1,-1,-1,-1
1170,100,0,527,20,50,1,-1,-1,-1
1171,100,0,527,20,50,1,-1,-1,-1
1172,100,0,526,20,53,1,-1,-1,-1
1173,100,0,526,20,53,1,-1,-1,-1
1174,100,0,526,20,53,1,-1,-1,-1
1175,100,0,526,20,53,1,-1,-1,-1
1176,100,0,526,20,53,1,-1,-1,-1
1177,100,0,527,19,53,1,-1,-1,-1
1178,100,0,526,19,53,1,-1,-1,-1
1179,100,0,526,19,53,1,-1,-1,-1
1180,100,0,526,19,53,1,-1,-1,-1
1181,100,0,526,19,53,1,-1,-1,-1
1182,100,0,527,20,52,1,-1,-1,-1
1183,100,0,527,20,52,1,-1,-1,-1
1184,100,0,527,20,53,1,-1,-1,-1
1185,100,0,527,20,53,1,-1,-1,-1
1186,100,0,527,20,53,1,-1,-1,-1
1187,100,0,527,20,53,1,-1,-1,-1
1188,100,0,527,20,52,1,-1,-1,-1
1189,100,0,526,20,52,1,-1,-1,-1
1190,100,0,526,20,52,1,-1,-1,-1
1191,100,0,526,20,52,1,-1,-1,-1
1192,100,0,526,20,51,1,-1,-1,-1
1193,100,0,526,20,51,1,-1,-1,-1
1194,100,0,526,20,51,1,-1,-1,-1
1195,100,0,526,20,51,1,-1,-1,-1
1196,100,0,526,20,51,1,-1,-1,-1
1197,100,0,526,20,51,1,-1,-1,-1
1198,100,0,526,20,51,1,-1,-1,-1
1199,100,0,526,20,51,1,-1,-1,-1
1200,100,0,526,20,51,1,-1,-1,-1
1201,100,0,526,20,52,1,-1,-1,-1
1202,100,0,526,20,52,1,-1,-1,-1
1203,100,0,526,20,52,1,-1,-1,-1
1204,100,0,526,20,52,1,-1,-1,-1
1205,100,0,526,20,52,1,-1,-1,-1
1206,100,0,526,20,52,1,-1,-1,-1
1207,100,0,526,20,52,1,-1,-1,-1
1208,100,0,526,20,52,1,-1,-1,-1
1209,100,0,526,20,52,1,-1,-1,-1
1210,100,0,526,20,52,1,-1,-1,-1
1211,100,0,526,20,52,1,-1,-1,-1
1212,100,0,526,20,52,1,-1,-1,-1
1213,100,0,526,20,52,1,-1,-1,-1
1214,100,0,526,20,52,1,-1,-1,-1
1215,100,0,526,20,52,1,-1,-1,-1
1216,100,0,526,20,52,1,-1,-1,-1
1217,100,0,526,20,52,1,-1,-1,-1
1218,100,0,526,20,52,1,-1,-1,-1
1219,100,0,526,20,52,1,-1,-1,-1
1220,100,0,526,20,52,1,-1,-1,-1
1221,100,0,526,20,52,1,-1,-1,-1
1222,100,0,526,20,52,1,-1,-1,-1
1223,100,0,526,20,52,1,-1,-1,-1
1224,100,0,526,20,52,1,-1,-1,-1
1225,100,0,526,20,52,1,-1,-1,-1
1226,100,0,526,20,52,1,-1,-1,-1
1227,100,0,526,20,52,1,-1,-1,-1
1228,100,0,526,20,52,1,-1,-1,-1
1229,100,0,526,20,52,1,-1,-1,-1
1230,100,0,526,20,52,1,-1,-1,-1
1231,100,0,526,20,52,1,-1,-1,-1
1232,100,0,526,20,52,1,-1,-1,-1
1233,100,0,526,20,51,1,-1,-1,-1
1234,100,0,526,20,51,1,-1,-1,-1
1235,100,0,526,20,52,1,-1,-1,-1
1236,100,0,526,20,52,1,-1,-1,-1
1237,100,0,526,20,52,1,-1,-1,-1
1238,100,0,526,20,52,1,-1,-1,-1
1239,100,0,526,20,52,1,-1,-1,-1
1240,100,0,526,20,52,1,-1,-1,-1
1241,100,0,526,20,52,1,-1,-1,-1
1242,100,0,526,20,52,1,-1,-1,-1
1243,100,0,526,20,52,1,-1,-1,-1
1244,100,0,526,20,52,1,-1,-1,-1
1245,100,0,526,20,52,1,-1,-1,-1
1246,100,0,526,20,52,1,-1,-1,-1
1247,100,0,526,20,52,1,-1,-1,-1
1248,100,0,526,20,52,1,-1,-1,-1
1249,100,0,526,20,51,1,-1,-1,-1
1250,100,0,526,20,51,1,-1,-1,-1
1251,100,0,526,19,51,1,-1,-1,-1
1252,100,0,526,19,51,1,-1,-1,-1
1253,100,0,526,19,51,1,-1,-1,-1
1254,100,0,526,19,51,1,-1,-1,-1
1255,100,0,526,19,51,1,-1,-1,-1
1256,100,0,526,19,51,1,-1,-1,-1
1257,100,0,526,19,51,1,-1,-1,-1
1258,100,0,526,19,51,1,-1,-1,-1
1259,100,0,526,19,51,1,-1,-1,-1
1260,100,0,526,19,51,1,-1,-1,-1
1261,100,0,526,19,52,1,-1,-1,-1
1262,100,0,526,20,52,1,-1,-1,-1
1263,100,0,526,20,51,1,-1,-1,-1
1264,100,0,526,20,51,1,-1,-1,-1
1265,100,0,526,20,51,1,-1,-1,-1
1266,100,0,526,20,51,1,-1,-1,-1
1267,100,0,526,20,51,1,-1,-1,-1
1268,100,0,526,20,51,1,-1,-1,-1
1269,100,0,526,20,51,1,-1,-1,-1
1270,100,0,526,20,51,1,-1,-1,-1
1271,100,0,526,20,51,1,-1,-1,-1
1272,100,0,527,20,51,1,-1,-1,-1
1273,100,0,528,20,51,1,-1,-1,-1
1274,100,0,528,20,51,1,-1,-1,-1
1275,100,0,528,20,53,1,-1,-1,-1
1276,100,0,528,20,53,1,-1,-1,-1
1277,100,0,528,20,53,1,-1,-1,-1
1278,100,0,528,20,53,1,-1,-1,-1
1279,100,0,528,20,53,1,-1,-1,-1
1280,100,0,528,20,53,1,-1,-1,-1
1281,100,0,528,20,53,1,-1,-1,-1
1282,100,0,526,20,50,1,-1,-1,-1
1283,100,0,526,20,50,1,-1,-1,-1
1284,100,0,526,20,50,1,-1,-1,-1
1285,100,0,526,20,50,1,-1,-1,-1
1286,100,0,526,20,50,1,-1,-1,-1
1287,100,0,526,20,50,1,-1,-1,-1
1288,100,0,526,20,50,1,-1,-1,-1
1289,100,0,526,20,50,1,-1,-1,-1
1290,100,0,526,20,50,1,-1,-1,-1
1291,100,0,526,20,50,1,-1,-1,-1
1292,100,0,526,20,50,1,-1,-1,-1
1293,100,0,526,20,50,1,-1,-1,-1
1294,100,0,526,20,50,1,-1,-1,-1
1295,100,0,526,20,50,1,-1,-1,-1
1296,100,0,526,20,50,1,-1,-1,-1
1297,100,0,525,20,50,1,-1,-1,-1
1298,100,0,525,20,50,1,-1,-1,-1
1299,100,0,525,20,50,1,-1,-1,-1
1300,100,0,525,20,50,1,-1,-1,-1
1301,100,0,525,20,50,1,-1,-1,-1
1302,100,0,525,20,50,1,-1,-1,-1
1303,100,0,525,20,50,1,-1,-1,-1
1304,100,0,525,20,50,1,-1,-1,-1
1305,100,0,525,20,50,1,-1,-1,-1
1306,100,0,525,20,50,1,-1,-1,-1
1307,100,0,525,20,50,1,-1,-1,-1
1308,100,0,525,20,50,1,-1,-1,-1
1309,100,0,526,20,50,1,-1,-1,-1
1310,100,0,526,20,50,1,-1,-1,-1
1311,100,0,526,20,50,1,-1,-1,-1
1312,100,0,526,20,50,1,-1,-1,-1
1313,100,0,526,20,50,1,-1,-1,-1
1314,100,0,526,20,50,1,-1,-1,-1
1315,100,0,526,20,50,1,-1,-1,-1
1316,100,0,526,20,50,1,-1,-1,-1
1317,100,0,526,20,50,1,-1,-1,-1
1318,100,0,526,20,50,1,-1,-1,-1
1319,100,0,526,20,50,1,-1,-1,-1
1320,100,0,526,20,50,1,-1,-1,-1
1321,100,0,526,20,50,1,-1,-1,-1
1322,100,0,525,20,50,1,-1,-1,-1
1323,100,0,525,20,50,1,-1,-1,-1
1324,100,0,525,20,50,1,-1,-1,-1
1325,100,0,526,20,50,1,-1,-1,-1
1326,100,0,525,20,50,1,-1,-1,-1
1327,100,0,526,20,50,1,-1,-1,-1
1328,100,0,526,20,50,1,-1,-1,-1
1329,100,0,525,20,50,1,-1,-1,-1
1330,100,0,525,20,50,1,-1,-1,-1
1331,100,0,525,20,50,1,-1,-1,-1
1332,100,0,526,20,51,1,-1,-1,-1
1333,100,0,526,20,54,1,-1,-1,-1
1334,100,0,526,20,54,1,-1,-1,-1
1335,100,0,526,20,54,1,-1,-1,-1
1336,100,0,526,20,54,1,-1,-1,-1
1337,100,0,526,20,54,1,-1,-1,-1
1338,100,0,526,20,54,1,-1,-1,-1
1339,100,0,526,20,54,1,-1,-1,-1
1340,100,0,526,20,54,1,-1,-1,-1
1341,100,0,526,20,54,1,-1,-1,-1
1342,100,0,526,20,54,1,-1,-1,-1
1343,100,0,526,20,54,1,-1,-1,-1
1344,100,0,526,20,52,1,-1,-1,-1
1345,100,0,526,20,53,1,-1,-1,-1
1346,100,0,526,20,53,1,-1,-1,-1
1347,100,0,526,20,53,1,-1,-1,-1
1348,100,0,526,20,53,1,-1,-1,-1
1349,100,0,526,20,53,1,-1,-1,-1
1350,100,0,526,20,53,1,-1,-1,-1
1351,100,0,526,20,53,1,-1,-1,-1
1352,100,0,526,20,52,1,-1,-1,-1
1353,100,0,526,20,52,1,-1,-1,-1
1354,100,0,526,20,52,1,-1,-1,-1
1355,100,0,526,20,52,1,-1,-1,-1
1356,100,0,526,20,52,1,-1,-1,-1
1357,100,0,526,20,52,1,-1,-1,-1
1358,100,0,526,20,52,1,-1,-1,-1
1359,100,0,526,20,52,1,-1,-1,-1
1360,100,0,526,20,52,1,-1,-1,-1
1361,100,0,526,20,52,1,-1,-1,-1
1362,100,0,526,20,52,1,-1,-1,-1
1363,100,0,526,20,52,1,-1,-1,-1
1364,100,0,526,20,52,1,-1,-1,-1
1365,100,0,526,20,52,1,-1,-1,-1
1366,100,0,526,20,52,1,-1,-1,-1
1367,100,0,526,20,52,1,-1,-1,-1
1368,100,0,526,20,52,1,-1,-1,-1
1369,100,0,526,20,52,1,-1,-1,-1
1370,100,0,526,20,52,1,-1,-1,-1
1371,100,0,526,20,52,1,-1,-1,-1
1372,100,0,526,20,52,1,-1,-1,-1
1373,100,0,526,20,52,1,-1,-1,-1
1374,100,0,526,20,50,1,-1,-1,-1
1375,100,0,526,20,50,1,-1,-1,-1
1376,100,0,526,20,50,1,-1,-1,-1
1377,100,0,526,20,50,1,-1,-1,-1
1378,100,0,526,20,50,1,-1,-1,-1
1379,100,0,526,20,50,1,-1,-1,-1
1380,100,0,526,20,50,1,-1,-1,-1
1381,100,0,527,20,51,1,-1,-1,-1
1382,100,0,527,20,51,1,-1,-1,-1
1383,100,0,527,20,51,1,-1,-1,-1
1384,100,0,527,20,51,1,-1,-1,-1
1385,100,0,527,20,51,1,-1,-1,-1
1386,100,0,527,20,51,1,-1,-1,-1
1387,100,0,527,20,51,1,-1,-1,-1
1388,100,0,527,20,51,1,-1,-1,-1
1389,100,0,527,20,51,1,-1,-1,-1
1390,100,0,527,20,51,1,-1,-1,-1
1391,100,0,527,20,51,1,-1,-1,-1
1392,100,0,526,20,51,1,-1,-1,-1
1393,100,0,526,19,52,1,-1,-1,-1
1394,100,0,526,19,52,1,-1,-1,-1
1395,100,0,526,19,52,1,-1,-1,-1
1396,100,0,526,20,52,1,-1,-1,-1
1397,100,0,526,20,52,1,-1,-1,-1
1398,100,0,526,20,52,1,-1,-1,-1
1399,100,0,526,20,52,1,-1,-1,-1
1400,100,0,526,20,52,1,-1,-1,-1
1401,100,0,526,19,52,1,-1,-1,-1
1402,100,0,526,19,51,1,-1,-1,-1
1403,100,0,525,19,51,1,-1,-1,-1
1404,100,0,525,21,52,1,-1,-1,-1
1405,100,0,526,20,50,1,-1,-1,-1
1406,100,0,526,21,50,1,-1,-1,-1
1407,100,0,526,20,50,1,-1,-1,-1
1408,100,0,526,20,50,1,-1,-1,-1
1409,100,0,526,20,50,1,-1,-1,-1
1410,100,0,526,20,50,1,-1,-1,-1
1411,100,0,526,20,50,1,-1,-1,-1
1412,100,0,526,20,50,1,-1,-1,-1
1413,100,0,526,21,50,1,-1,-1,-1
1414,100,0,526,21,50,1,-1,-1,-1
1415,100,0,526,20,50,1,-1,-1,-1
1416,100,0,526,19,50,1,-1,-1,-1
1417,100,0,527,19,49,1,-1,-1,-1
1441,100,0,527,20,50,1,-1,-1,-1
1442,100,0,526,20,50,1,-1,-1,-1
1443,100,0,526,20,50,1,-1,-1,-1
1444,100,0,526,20,50,1,-1,-1,-1
1445,100,0,526,20,50,1,-1,-1,-1
1446,100,0,526,20,50,1,-1,-1,-1
1447,100,0,526,20,50,1,-1,-1,-1
1448,100,0,526,20,50,1,-1,-1,-1
1449,100,0,526,20,50,1,-1,-1,-1
1450,100,0,526,20,51,1,-1,-1,-1
1451,100,0,526,20,51,1,-1,-1,-1
1452,100,0,527,20,50,1,-1,-1,-1
1453,100,0,527,20,50,1,-1,-1,-1
1454,100,0,527,20,50,1,-1,-1,-1
1455,100,0,527,20,50,1,-1,-1,-1
1456,100,0,527,20,50,1,-1,-1,-1
1457,100,0,527,20,50,1,-1,-1,-1
1458,100,0,527,20,50,1,-1,-1,-1
1459,100,0,527,20,51,1,-1,-1,-1
1460,100,0,527,20,51,1,-1,-1,-1
1461,100,0,527,20,50,1,-1,-1,-1
1462,100,0,525,20,54,1,-1,-1,-1
1463,100,0,525,20,54,1,-1,-1,-1
1464,100,0,525,20,54,1,-1,-1,-1
1465,100,0,526,20,52,1,-1,-1,-1
1466,100,0,525,20,52,1,-1,-1,-1
1467,100,0,525,20,52,1,-1,-1,-1
1468,100,0,525,20,52,1,-1,-1,-1
1469,100,0,525,20,52,1,-1,-1,-1
1470,100,0,525,20,52,1,-1,-1,-1
1471,100,0,525,20,52,1,-1,-1,-1
1472,100,0,525,20,53,1,-1,-1,-1
1473,100,0,525,20,52,1,-1,-1,-1
1474,100,0,525,20,52,1,-1,-1,-1
1475,100,0,525,20,52,1,-1,-1,-1
1476,100,0,525,20,52,1,-1,-1,-1
1477,100,0,525,20,52,1,-1,-1,-1
1478,100,0,525,20,52,1,-1,-1,-1
1479,100,0,525,20,52,1,-1,-1,-1
1480,100,0,525,20,53,1,-1,-1,-1
1481,100,0,525,20,53,1,-1,-1,-1
1482,100,0,525,20,53,1,-1,-1,-1
1483,100,0,525,20,53,1,-1,-1,-1
1484,100,0,525,20,53,1,-1,-1,-1
1485,100,0,526,20,53,1,-1,-1,-1
1486,100,0,526,20,53,1,-1,-1,-1
1487,100,0,526,20,52,1,-1,-1,-1
1488,100,0,526,20,52,1,-1,-1,-1
1489,100,0,526,20,51,1,-1,-1,-1
1490,100,0,526,20,51,1,-1,-1,-1
1491,100,0,525,20,52,1,-1,-1,-1
1492,100,0,525,20,52,1,-1,-1,-1
1493,100,0,526,20,51,1,-1,-1,-1
1494,100,0,526,20,51,1,-1,-1,-1
1495,100,0,526,20,51,1,-1,-1,-1
1496,100,0,526,20,51,1,-1,-1,-1
1497,100,0,526,20,51,1,-1,-1,-1
1498,100,0,526,20,51,1,-1,-1,-1
1499,100,0,526,20,51,1,-1,-1,-1
1500,100,0,526,20,51,1,-1,-1,-1
1501,100,0,525,20,54,1,-1,-1,-1
1502,100,0,525,20,52,1,-1,-1,-1
1503,100,0,525,20,52,1,-1,-1,-1
1504,100,0,525,20,52,1,-1,-1,-1
1505,100,0,525,20,52,1,-1,-1,-1
1506,100,0,525,20,52,1,-1,-1,-1
1507,100,0,525,20,52,1,-1,-1,-1
1508,100,0,525,20,52,1,-1,-1,-1
1509,100,0,525,20,52,1,-1,-1,-1
1510,100,0,525,20,52,1,-1,-1,-1
1511,100,0,525,20,52,1,-1,-1,-1
1512,100,0,525,20,51,1,-1,-1,-1
1513,100,0,526,20,51,1,-1,-1,-1
1514,100,0,526,20,51,1,-1,-1,-1
1515,100,0,526,20,51,1,-1,-1,-1
1516,100,0,526,20,51,1,-1,-1,-1
1517,100,0,526,20,51,1,-1,-1,-1
1518,100,0,526,20,51,1,-1,-1,-1
1519,100,0,526,20,51,1,-1,-1,-1
1520,100,0,526,20,51,1,-1,-1,-1
1521,100,0,526,20,51,1,-1,-1,-1
1522,100,0,526,20,51,1,-1,-1,-1
1523,100,0,526,20,51,1,-1,-1,-1
1524,100,0,526,20,51,1,-1,-1,-1
1525,100,0,526,20,51,1,-1,-1,-1
1526,100,0,526,20,51,1,-1,-1,-1
1527,100,0,526,20,51,1,-1,-1,-1
1528,100,0,526,20,51,1,-1,-1,-1
1529,100,0,526,20,51,1,-1,-1,-1
1530,100,0,526,20,51,1,-1,-1,-1
1531,100,0,526,20,52,1,-1,-1,-1
1532,100,0,526,20,52,1,-1,-1,-1
1533,100,0,525,20,52,1,-1,-1,-1
1534,100,0,525,20,52,1,-1,-1,-1
1535,100,0,525,20,52,1,-1,-1,-1
1536,100,0,525,20,52,1,-1,-1,-1
1537,100,0,525,19,52,1,-1,-1,-1
1538,100,0,525,20,52,1,-1,-1,-1
1539,100,0,525,20,52,1,-1,-1,-1
1540,100,0,526,19,52,1,-1,-1,-1
1541,100,0,526,20,52,1,-1,-1,-1
1542,100,0,526,20,52,1,-1,-1,-1
1543,100,0,526,20,52,1,-1,-1,-1
1544,100,0,525,20,52,1,-1,-1,-1
1545,100,0,525,19,52,1,-1,-1,-1
1546,100,0,525,19,52,1,-1,-1,-1
1547,100,0,525,19,52,1,-1,-1,-1
1548,100,0,525,19,52,1,-1,-1,-1
1549,100,0,525,20,52,1,-1,-1,-1
1550,100,0,525,20,52,1,-1,-1,-1
1551,100,0,525,20,52,1,-1,-1,-1
1552,100,0,525,20,51,1,-1,-1,-1
1553,100,0,526,20,51,1,-1,-1,-1
1554,100,0,526,20,51,1,-1,-1,-1
1555,100,0,526,20,51,1,-1,-1,-1
1556,100,0,526,20,51,1,-1,-1,-1
1557,100,0,526,20,51,1,-1,-1,-1
1558,100,0,526,20,51,1,-1,-1,-1
1559,100,0,526,20,51,1,-1,-1,-1
1560,100,0,526,20,51,1,-1,-1,-1
1561,100,0,526,20,52,1,-1,-1,-1
1562,100,0,526,20,52,1,-1,-1,-1
1563,100,0,526,20,52,1,-1,-1,-1
1564,100,0,526,20,52,1,-1,-1,-1
1565,100,0,526,20,52,1,-1,-1,-1
1566,100,0,526,20,52,1,-1,-1,-1
1567,100,0,526,20,52,1,-1,-1,-1
1568,100,0,526,20,52,1,-1,-1,-1
1569,100,0,526,20,52,1,-1,-1,-1
1570,100,0,526,20,52,1,-1,-1,-1
1571,100,0,526,20,52,1,-1,-1,-1
1572,100,0,526,20,52,1,-1,-1,-1
1573,100,0,526,20,52,1,-1,-1,-1
1574,100,0,526,20,53,1,-1,-1,-1
1575,100,0,526,20,53,1,-1,-1,-1
1576,100,0,526,20,53,1,-1,-1,-1
1577,100,0,526,20,53,1,-1,-1,-1
1578,100,0,526,20,53,1,-1,-1,-1
1579,100,0,526,20,53,1,-1,-1,-1
1580,100,0,526,20,53,1,-1,-1,-1
1581,100,0,526,20,53,1,-1,-1,-1
1582,100,0,526,20,53,1,-1,-1,-1
1583,100,0,526,20,53,1,-1,-1,-1
1584,100,0,526,20,53,1,-1,-1,-1
1585,100,0,526,20,51,1,-1,-1,-1
1586,100,0,526,20,51,1,-1,-1,-1
1587,100,0,526,20,51,1,-1,-1,-1
1588,100,0,526,20,51,1,-1,-1,-1
1589,100,0,527,20,50,1,-1,-1,-1
1590,100,0,527,20,50,1,-1,-1,-1
1591,100,0,527,20,50,1,-1,-1,-1
1592,100,0,527,20,50,1,-1,-1,-1
1593,100,0,527,20,50,1,-1,-1,-1
1594,100,0,527,20,50,1,-1,-1,-1
1595,100,0,527,20,50,1,-1,-1,-1
1596,100,0,527,20,50,1,-1,-1,-1
1597,100,0,527,20,50,1,-1,-1,-1
1598,100,0,527,20,50,1,-1,-1,-1
1599,100,0,527,20,50,1,-1,-1,-1
1600,100,0,527,20,50,1,-1,-1,-1
1601,100,0,527,20,50,1,-1,-1,-1
1602,100,0,527,20,50,1,-1,-1,-1
1603,100,0,527,20,50,1,-1,-1,-1
1604,100,0,527,20,50,1,-1,-1,-1
1605,100,0,527,20,50,1,-1,-1,-1
1606,100,0,527,20,50,1,-1,-1,-1
1607,100,0,527,19,50,1,-1,-1,-1
1608,100,0,527,19,50,1,-1,-1,-1
1609,100,0,527,19,50,1,-1,-1,-1
1610,100,0,527,19,50,1,-1,-1,-1
1611,100,0,527,19,50,1,-1,-1,-1
1612,100,0,527,19,50,1,-1,-1,-1
1613,100,0,527,19,50,1,-1,-1,-1
1614,100,0,527,19,50,1,-1,-1,-1
1615,100,0,527,19,50,1,-1,-1,-1
1616,100,0,527,19,50,1,-1,-1,-1
1617,100,0,527,19,50,1,-1,-1,-1
1618,100,0,527,19,50,1,-1,-1,-1
1619,100,0,527,19,50,1,-1,-1,-1
1620,100,0,527,19,50,1,-1,-1,-1
1621,100,0,527,20,50,1,-1,-1,-1
1622,100,0,527,20,50,1,-1,-1,-1
1623,100,0,527,20,50,1,-1,-1,-1
1624,100,0,527,20,50,1,-1,-1,-1
1625,100,0,527,20,50,1,-1,-1,-1
1626,100,0,527,20,50,1,-1,-1,-1
1627,100,0,527,20,50,1,-1,-1,-1
1628,100,0,527,20,50,1,-1,-1,-1
1629,100,0,526,20,51,1,-1,-1,-1
1630,100,0,526,20,51,1,-1,-1,-1
1631,100,0,526,20,51,1,-1,-1,-1
1632,100,0,526,20,50,1,-1,-1,-1
1633,100,0,526,20,50,1,-1,-1,-1
1634,100,0,526,20,50,1,-1,-1,-1
1635,100,0,526,20,50,1,-1,-1,-1
1636,100,0,526,20,50,1,-1,-1,-1
1637,100,0,526,20,50,1,-1,-1,-1
1638,100,0,526,20,50,1,-1,-1,-1
1639,100,0,527,20,50,1,-1,-1,-1
1640,100,0,527,20,50,1,-1,-1,-1
1641,100,0,527,20,50,1,-1,-1,-1
1642,100,0,527,20,50,1,-1,-1,-1
1643,100,0,526,20,51,1,-1,-1,-1
1644,100,0,526,20,51,1,-1,-1,-1
1645,100,0,527,20,50,1,-1,-1,-1
1646,100,0,527,20,50,1,-1,-1,-1
1647,100,0,527,20,50,1,-1,-1,-1
1648,100,0,527,20,52,1,-1,-1,-1
1653,100,0,527,20,50,1,-1,-1,-1
1654,100,0,527,21,50,1,-1,-1,-1
1655,100,0,527,20,49,1,-1,-1,-1
1656,100,0,527,21,51,1,-1,-1,-1
1657,100,0,527,19,51,1,-1,-1,-1
1658,100,0,526,19,51,1,-1,-1,-1
1659,100,0,526,19,51,1,-1,-1,-1
1660,100,0,526,19,51,1,-1,-1,-1
1661,100,0,526,19,52,1,-1,-1,-1
1662,100,0,526,19,52,1,-1,-1,-1
1663,100,0,526,19,52,1,-1,-1,-1
1664,100,0,526,19,52,1,-1,-1,-1
1665,100,0,526,19,52,1,-1,-1,-1
1666,100,0,526,19,52,1,-1,-1,-1
1667,100,0,526,19,52,1,-1,-1,-1
1668,100,0,526,19,53,1,-1,-1,-1
1669,100,0,526,19,50,1,-1,-1,-1
1670,100,0,526,19,50,1,-1,-1,-1
1671,100,0,526,19,50,1,-1,-1,-1
1672,100,0,526,19,50,1,-1,-1,-1
1673,100,0,526,19,50,1,-1,-1,-1
1674,100,0,526,19,50,1,-1,-1,-1
1675,100,0,526,19,50,1,-1,-1,-1
1676,100,0,526,19,51,1,-1,-1,-1
1677,100,0,526,19,50,1,-1,-1,-1
1678,100,0,526,20,50,1,-1,-1,-1
1679,100,0,526,19,49,1,-1,-1,-1
1680,100,0,526,19,49,1,-1,-1,-1
1681,100,0,527,19,49,1,-1,-1,-1
1682,100,0,527,19,49,1,-1,-1,-1
1683,100,0,526,19,49,1,-1,-1,-1
1684,100,0,526,19,50,1,-1,-1,-1
1685,100,0,526,19,49,1,-1,-1,-1
1686,100,0,526,20,49,1,-1,-1,-1
1687,100,0,526,20,49,1,-1,-1,-1
1688,100,0,526,20,49,1,-1,-1,-1
1689,100,0,526,20,50,1,-1,-1,-1
1690,100,0,526,20,49,1,-1,-1,-1
1691,100,0,526,20,49,1,-1,-1,-1
1692,100,0,526,20,49,1,-1,-1,-1
1693,100,0,527,19,49,1,-1,-1,-1
1694,100,0,527,19,49,1,-1,-1,-1
1695,100,0,527,19,49,1,-1,-1,-1
1696,100,0,527,19,49,1,-1,-1,-1
1697,100,0,527,19,49,1,-1,-1,-1
1698,100,0,527,19,49,1,-1,-1,-1
1699,100,0,527,19,49,1,-1,-1,-1
1700,100,0,527,19,49,1,-1,-1,-1
1701,100,0,527,20,49,1,-1,-1,-1
1702,100,0,527,20,49,1,-1,-1,-1
1703,100,0,527,20,49,1,-1,-1,-1
1704,100,0,527,20,49,1,-1,-1,-1
1705,100,0,527,20,49,1,-1,-1,-1
1706,100,0,527,20,49,1,-1,-1,-1
1707,100,0,527,20,49,1,-1,-1,-1
1708,100,0,527,20,49,1,-1,-1,-1
1709,100,0,527,20,49,1,-1,-1,-1
1710,100,0,527,20,49,1,-1,-1,-1
1711,100,0,527,20,49,1,-1,-1,-1
1712,100,0,527,20,49,1,-1,-1,-1
1713,100,0,527,20,50,1,-1,-1,-1
1714,100,0,527,20,49,1,-1,-1,-1
1715,100,0,527,20,49,1,-1,-1,-1
1716,100,0,527,20,49,1,-1,-1,-1
1717,100,0,527,20,49,1,-1,-1,-1
1718,100,0,527,20,49,1,-1,-1,-1
1719,100,0,527,19,50,1,-1,-1,-1
1720,100,0,527,19,50,1,-1,-1,-1
1721,100,0,527,19,50,1,-1,-1,-1
1722,100,0,527,19,50,1,-1,-1,-1
1723,100,0,527,19,50,1,-1,-1,-1
1724,100,0,527,19,50,1,-1,-1,-1
1725,100,0,527,19,50,1,-1,-1,-1
1726,100,0,527,19,50,1,-1,-1,-1
1727,100,0,527,19,50,1,-1,-1,-1
1728,100,0,527,19,50,1,-1,-1,-1
1729,100,0,526,19,50,1,-1,-1,-1
1730,100,0,526,19,50,1,-1,-1,-1
1731,100,0,526,19,50,1,-1,-1,-1
1732,100,0,526,19,50,1,-1,-1,-1
1733,100,0,526,19,50,1,-1,-1,-1
1734,100,0,526,19,50,1,-1,-1,-1
1735,100,0,526,19,50,1,-1,-1,-1
1736,100,0,527,19,50,1,-1,-1,-1
1737,100,0,526,19,50,1,-1,-1,-1
1738,100,0,526,19,50,1,-1,-1,-1
1739,100,0,526,19,50,1,-1,-1,-1
1740,100,0,526,19,50,1,-1,-1,-1
1741,100,0,526,20,50,1,-1,-1,-1
1742,100,0,526,20,50,1,-1,-1,-1
1743,100,0,526,20,50,1,-1,-1,-1
1744,100,0,526,20,50,1,-1,-1,-1
1745,100,0,526,20,50,1,-1,-1,-1
1746,100,0,526,20,50,1,-1,-1,-1
1747,100,0,526,20,50,1,-1,-1,-1
1748,100,0,526,20,50,1,-1,-1,-1
1749,100,0,526,20,50,1,-1,-1,-1
1750,100,0,526,20,50,1,-1,-1,-1
1751,100,0,526,20,50,1,-1,-1,-1
1752,100,0,526,20,50,1,-1,-1,-1
1753,100,0,526,20,50,1,-1,-1,-1
1754,100,0,526,20,50,1,-1,-1,-1
1755,100,0,526,20,50,1,-1,-1,-1
1756,100,0,527,20,50,1,-1,-1,-1
1757,100,0,527,20,50,1,-1,-1,-1
1758,100,0,527,20,50,1,-1,-1,-1
1759,100,0,527,20,50,1,-1,-1,-1
1760,100,0,527,20,50,1,-1,-1,-1
1761,100,0,527,20,50,1,-1,-1,-1
1762,100,0,527,20,50,1,-1,-1,-1
1763,100,0,527,20,50,1,-1,-1,-1
1764,100,0,527,20,50,1,-1,-1,-1
1765,100,0,527,20,50,1,-1,-1,-1
1766,100,0,527,20,50,1,-1,-1,-1
1767,100,0,527,20,50,1,-1,-1,-1
1768,100,0,526,20,50,1,-1,-1,-1
1769,100,0,525,20,53,1,-1,-1,-1
1770,100,0,525,20,53,1,-1,-1,-1
1771,100,0,525,20,53,1,-1,-1,-1
1772,100,0,525,20,54,1,-1,-1,-1
1773,100,0,525,20,54,1,-1,-1,-1
1774,100,0,526,20,53,1,-1,-1,-1
1775,100,0,526,20,53,1,-1,-1,-1
1776,100,0,526,20,53,1,-1,-1,-1
1777,100,0,526,20,53,1,-1,-1,-1
1778,100,0,526,20,53,1,-1,-1,-1
1779,100,0,526,20,53,1,-1,-1,-1
1780,100,0,526,20,53,1,-1,-1,-1
1781,100,0,526,20,53,1,-1,-1,-1
1782,100,0,526,20,53,1,-1,-1,-1
1783,100,0,526,20,53,1,-1,-1,-1
1784,100,0,526,20,53,1,-1,-1,-1
1785,100,0,526,20,53,1,-1,-1,-1
1786,100,0,526,20,53,1,-1,-1,-1
1787,100,0,527,20,50,1,-1,-1,-1
1788,100,0,527,20,50,1,-1,-1,-1
1789,100,0,526,20,50,1,-1,-1,-1
1790,100,0,526,20,50,1,-1,-1,-1
1791,100,0,526,20,50,1,-1,-1,-1
1792,100,0,526,20,50,1,-1,-1,-1
1793,100,0,526,20,51,1,-1,-1,-1
1794,100,0,526,20,51,1,-1,-1,-1
1795,100,0,526,20,51,1,-1,-1,-1
1796,100,0,526,20,51,1,-1,-1,-1
1797,100,0,526,20,50,1,-1,-1,-1
1798,100,0,526,20,50,1,-1,-1,-1
1799,100,0,526,20,49,1,-1,-1,-1
1800,100,0,526,20,50,1,-1,-1,-1
1801,100,0,528,20,47,1,-1,-1,-1
1802,100,0,528,20,47,1,-1,-1,-1
1803,100,0,528,20,47,1,-1,-1,-1
1804,100,0,528,20,47,1,-1,-1,-1
1805,100,0,528,20,47,1,-1,-1,-1
1806,100,0,528,20,47,1,-1,-1,-1
1807,100,0,526,20,50,1,-1,-1,-1
1808,100,0,526,20,50,1,-1,-1,-1
1809,100,0,526,20,50,1,-1,-1,-1
1810,100,0,526,20,50,1,-1,-1,-1
1811,100,0,526,20,50,1,-1,-1,-1
1812,100,0,526,20,50,1,-1,-1,-1
1813,100,0,526,19,50,1,-1,-1,-1
1814,100,0,526,19,50,1,-1,-1,-1
1815,100,0,526,19,50,1,-1,-1,-1
1816,100,0,526,19,50,1,-1,-1,-1
1817,100,0,526,19,50,1,-1,-1,-1
1818,100,0,526,19,50,1,-1,-1,-1
1819,100,0,526,19,50,1,-1,-1,-1
1820,100,0,526,20,51,1,-1,-1,-1
1821,100,0,526,20,51,1,-1,-1,-1
1822,100,0,526,19,50,1,-1,-1,-1
1823,100,0,526,19,50,1,-1,-1,-1
1824,100,0,526,19,50,1,-1,-1,-1
1825,100,0,526,19,50,1,-1,-1,-1
1826,100,0,526,19,50,1,-1,-1,-1
1827,100,0,526,19,50,1,-1,-1,-1
1828,100,0,526,19,50,1,-1,-1,-1
1829,100,0,526,19,49,1,-1,-1,-1
1830,100,0,526,19,49,1,-1,-1,-1
1831,100,0,526,19,49,1,-1,-1,-1
1832,100,0,526,19,50,1,-1,-1,-1
1833,100,0,526,19,50,1,-1,-1,-1
1834,100,0,526,19,50,1,-1,-1,-1
1835,100,0,526,19,50,1,-1,-1,-1
1836,100,0,526,19,50,1,-1,-1,-1
1837,100,0,526,19,50,1,-1,-1,-1
1838,100,0,526,19,50,1,-1,-1,-1
1839,100,0,526,19,50,1,-1,-1,-1
1840,100,0,526,19,50,1,-1,-1,-1
1841,100,0,526,19,50,1,-1,-1,-1
1842,100,0,526,19,50,1,-1,-1,-1
1843,100,0,526,19,50,1,-1,-1,-1
1844,100,0,526,19,50,1,-1,-1,-1
1845,100,0,526,19,50,1,-1,-1,-1
1846,100,0,526,19,50,1,-1,-1,-1
1847,100,0,526,19,51,1,-1,-1,-1
1848,100,0,527,19,51,1,-1,-1,-1
1849,100,0,526,20,51,1,-1,-1,-1
1850,100,0,526,20,51,1,-1,-1,-1
1851,100,0,526,20,51,1,-1,-1,-1
1852,100,0,526,20,51,1,-1,-1,-1
1853,100,0,526,20,51,1,-1,-1,-1
1854,100,0,526,20,51,1,-1,-1,-1
1855,100,0,526,20,51,1,-1,-1,-1
1856,100,0,526,20,51,1,-1,-1,-1
1857,100,0,526,20,51,1,-1,-1,-1
1858,100,0,526,20,51,1,-1,-1,-1
1859,100,0,526,20,51,1,-1,-1,-1
1860,100,0,526,20,50,1,-1,-1,-1
1861,100,0,526,20,52,1,-1,-1,-1
1862,100,0,526,20,52,1,-1,-1,-1
1863,100,0,526,20,52,1,-1,-1,-1
1864,100,0,526,20,51,1,-1,-1,-1
1865,100,0,526,20,51,1,-1,-1,-1
1866,100,0,526,20,51,1,-1,-1,-1
1867,100,0,526,19,50,1,-1,-1,-1
1868,100,0,526,19,50,1,-1,-1,-1
1869,100,0,526,19,50,1,-1,-1,-1
1870,100,0,526,19,51,1,-1,-1,-1
1871,100,0,526,19,50,1,-1,-1,-1
1872,100,0,526,20,50,1,-1,-1,-1
1873,100,0,527,20,51,1,-1,-1,-1
1874,100,0,527,20,51,1,-1,-1,-1
1875,100,0,527,20,51,1,-1,-1,-1
1876,100,0,526,20,51,1,-1,-1,-1
1877,100,0,527,19,52,1,-1,-1,-1
1878,100,0,527,19,52,1,-1,-1,-1
1879,100,0,527,19,52,1,-1,-1,-1
1880,100,0,527,19,52,1,-1,-1,-1
1881,100,0,527,19,52,1,-1,-1,-1
1882,100,0,527,19,52,1,-1,-1,-1
1883,100,0,527,19,52,1,-1,-1,-1
1884,100,0,527,19,52,1,-1,-1,-1
1885,100,0,528,20,63,1,-1,-1,-1
1907,100,0,526,19,50,1,-1,-1,-1
1908,100,0,526,20,50,1,-1,-1,-1
1909,100,0,528,20,49,1,-1,-1,-1
1910,100,0,528,20,49,1,-1,-1,-1
1911,100,0,528,20,49,1,-1,-1,-1
1912,100,0,528,20,49,1,-1,-1,-1
1913,100,0,527,20,49,1,-1,-1,-1
1914,100,0,527,20,50,1,-1,-1,-1
1915,100,0,527,20,50,1,-1,-1,-1
1916,100,0,527,20,50,1,-1,-1,-1
1917,100,0,527,20,50,1,-1,-1,-1
1918,100,0,527,20,50,1,-1,-1,-1
1919,100,0,527,20,50,1,-1,-1,-1
1920,100,0,527,20,50,1,-1,-1,-1
1921,100,0,526,20,53,1,-1,-1,-1
1922,100,0,526,20,53,1,-1,-1,-1
1923,100,0,526,20,53,1,-1,-1,-1
1924,100,0,526,20,53,1,-1,-1,-1
1925,100,0,526,20,53,1,-1,-1,-1
1926,100,0,526,20,54,1,-1,-1,-1
1927,100,0,525,20,54,1,-1,-1,-1
1928,100,0,525,20,54,1,-1,-1,-1
1929,100,0,525,20,54,1,-1,-1,-1
1930,100,0,525,20,54,1,-1,-1,-1
1931,100,0,525,20,52,1,-1,-1,-1
1932,100,0,525,20,52,1,-1,-1,-1
1933,100,0,527,20,51,1,-1,-1,-1
1934,100,0,527,20,51,1,-1,-1,-1
1935,100,0,526,20,51,1,-1,-1,-1
1936,100,0,527,20,51,1,-1,-1,-1
1937,100,0,524,20,54,1,-1,-1,-1
1938,100,0,524,20,54,1,-1,-1,-1
1939,100,0,524,20,54,1,-1,-1,-1
1940,100,0,524,20,56,1,-1,-1,-1
1941,100,0,524,20,56,1,-1,-1,-1
1942,100,0,524,20,56,1,-1,-1,-1
1943,100,0,524,20,56,1,-1,-1,-1
1944,100,0,524,20,56,1,-1,-1,-1
1945,100,0,525,20,52,1,-1,-1,-1
1946,100,0,525,20,52,1,-1,-1,-1
1947,100,0,525,20,53,1,-1,-1,-1
1948,100,0,526,20,53,1,-1,-1,-1
1949,100,0,526,20,53,1,-1,-1,-1
1950,100,0,526,20,53,1,-1,-1,-1
1951,100,0,526,20,53,1,-1,-1,-1
1952,100,0,526,20,53,1,-1,-1,-1
1953,100,0,526,20,53,1,-1,-1,-1
1954,100,0,526,20,53,1,-1,-1,-1
1955,100,0,526,20,53,1,-1,-1,-1
1956,100,0,526,20,53,1,-1,-1,-1
1957,100,0,525,19,53,1,-1,-1,-1
1958,100,0,524,19,53,1,-1,-1,-1
1959,100,0,522,19,55,1,-1,-1,-1
1960,100,0,522,19,55,1,-1,-1,-1
1961,100,0,522,20,55,1,-1,-1,-1
1962,100,0,522,20,55,1,-1,-1,-1
1963,100,0,518,20,59,1,-1,-1,-1
1964,100,0,518,20,59,1,-1,-1,-1
1965,100,0,525,20,52,1,-1,-1,-1
1966,100,0,525,20,52,1,-1,-1,-1
1967,100,0,524,19,52,1,-1,-1,-1
1968,100,0,522,19,55,1,-1,-1,-1
1969,100,0,524,19,53,1,-1,-1,-1
1970,100,0,524,19,53,1,-1,-1,-1
1971,100,0,524,19,53,1,-1,-1,-1
1972,100,0,524,19,53,1,-1,-1,-1
1973,100,0,524,19,53,1,-1,-1,-1
1974,100,0,524,19,53,1,-1,-1,-1
1975,100,0,523,19,54,1,-1,-1,-1
1976,100,0,524,19,53,1,-1,-1,-1
1977,100,0,526,20,51,1,-1,-1,-1
1978,100,0,526,20,51,1,-1,-1,-1
1979,100,0,526,20,51,1,-1,-1,-1
1980,100,0,526,20,51,1,-1,-1,-1
1981,100,0,526,20,51,1,-1,-1,-1
1982,100,0,526,20,51,1,-1,-1,-1
1983,100,0,527,19,51,1,-1,-1,-1
1984,100,0,527,19,50,1,-1,-1,-1
1985,100,0,527,19,50,1,-1,-1,-1
1986,100,0,527,19,50,1,-1,-1,-1
1987,100,0,527,19,49,1,-1,-1,-1
1988,100,0,527,19,50,1,-1,-1,-1
1989,100,0,527,19,50,1,-1,-1,-1
1990,100,0,527,19,50,1,-1,-1,-1
1991,100,0,527,19,50,1,-1,-1,-1
1992,100,0,527,19,49,1,-1,-1,-1
1993,100,0,527,19,49,1,-1,-1,-1
1994,100,0,527,19,49,1,-1,-1,-1
1995,100,0,527,19,49,1,-1,-1,-1
1996,100,0,527,19,49,1,-1,-1,-1
1997,100,0,528,19,49,1,-1,-1,-1
1998,100,0,528,19,49,1,-1,-1,-1
1999,100,0,527,19,49,1,-1,-1,-1
2000,100,0,527,19,49,1,-1,-1,-1
1285,101,1689,926,23,20,1,-1,-1,-1
1286,101,1689,926,23,20,1,-1,-1,-1
1287,101,1689,926,23,20,1,-1,-1,-1
1288,101,1689,926,23,20,1,-1,-1,-1
1289,101,1689,926,23,20,1,-1,-1,-1
1290,101,1688,926,23,20,1,-1,-1,-1
1291,101,1688,926,23,20,1,-1,-1,-1
1292,101,1689,926,23,20,1,-1,-1,-1
1293,101,1689,926,23,20,1,-1,-1,-1
1294,101,1689,926,23,20,1,-1,-1,-1
1295,101,1689,926,23,20,1,-1,-1,-1
1296,101,1689,926,23,20,1,-1,-1,-1
1297,101,1688,926,23,20,1,-1,-1,-1
1298,101,1688,926,23,20,1,-1,-1,-1
1299,101,1688,926,23,19,1,-1,-1,-1
1300,101,1688,926,23,20,1,-1,-1,-1
1301,101,1688,926,23,20,1,-1,-1,-1
1302,101,1688,926,23,20,1,-1,-1,-1
1303,101,1688,926,23,20,1,-1,-1,-1
1304,101,1688,926,23,20,1,-1,-1,-1
1305,101,1688,926,23,20,1,-1,-1,-1
1306,101,1688,926,23,20,1,-1,-1,-1
1307,101,1688,926,23,20,1,-1,-1,-1
1308,101,1688,926,23,20,1,-1,-1,-1
1309,101,1689,926,23,19,1,-1,-1,-1
1310,101,1688,926,23,19,1,-1,-1,-1
1311,101,1689,927,23,19,1,-1,-1,-1
1312,101,1689,927,23,19,1,-1,-1,-1
1313,101,1689,927,24,19,1,-1,-1,-1
1314,101,1689,926,24,19,1,-1,-1,-1
1315,101,1688,926,24,19,1,-1,-1,-1
1316,101,1689,926,24,19,1,-1,-1,-1
1317,101,1689,926,24,20,1,-1,-1,-1
1318,101,1689,926,24,20,1,-1,-1,-1
1319,101,1688,926,24,20,1,-1,-1,-1
1320,101,1688,926,24,20,1,-1,-1,-1
1321,101,1688,926,24,20,1,-1,-1,-1
1322,101,1688,926,24,20,1,-1,-1,-1
1323,101,1689,926,23,19,1,-1,-1,-1
1324,101,1689,926,23,19,1,-1,-1,-1
1325,101,1689,926,23,19,1,-1,-1,-1
1326,101,1689,926,23,19,1,-1,-1,-1
1327,101,1689,926,24,19,1,-1,-1,-1
1328,101,1688,925,24,20,1,-1,-1,-1
1329,101,1688,925,24,20,1,-1,-1,-1
1330,101,1689,925,23,21,1,-1,-1,-1
1331,101,1689,925,23,20,1,-1,-1,-1
1332,101,1690,925,22,20,1,-1,-1,-1
1333,101,1690,925,22,21,1,-1,-1,-1
1334,101,1691,925,22,20,1,-1,-1,-1
1335,101,1691,925,22,20,1,-1,-1,-1
1336,101,1691,925,21,20,1,-1,-1,-1
1337,101,1690,925,22,19,1,-1,-1,-1
1338,101,1690,925,22,20,1,-1,-1,-1
1361,101,1689,926,23,19,1,-1,-1,-1
1362,101,1689,926,23,19,1,-1,-1,-1
1363,101,1689,926,23,19,1,-1,-1,-1
1364,101,1689,926,23,19,1,-1,-1,-1
1365,101,1689,926,23,19,1,-1,-1,-1
1366,101,1689,926,23,19,1,-1,-1,-1
1367,101,1688,926,24,19,1,-1,-1,-1
1368,101,1688,926,24,19,1,-1,-1,-1
1369,101,1688,926,24,19,1,-1,-1,-1
1370,101,1689,926,24,19,1,-1,-1,-1
1371,101,1688,926,24,19,1,-1,-1,-1
1372,101,1688,926,24,19,1,-1,-1,-1
1373,101,1688,926,24,19,1,-1,-1,-1
1374,101,1689,925,24,20,1,-1,-1,-1
1375,101,1689,925,24,20,1,-1,-1,-1
1376,101,1689,925,24,20,1,-1,-1,-1
1377,101,1689,925,24,20,1,-1,-1,-1
1378,101,1689,925,24,20,1,-1,-1,-1
1379,101,1689,925,24,20,1,-1,-1,-1
1380,101,1689,925,24,20,1,-1,-1,-1
1381,101,1689,926,24,20,1,-1,-1,-1
1382,101,1689,926,23,20,1,-1,-1,-1
1383,101,1689,926,23,19,1,-1,-1,-1
1384,101,1689,926,23,20,1,-1,-1,-1
1385,101,1689,926,23,20,1,-1,-1,-1
1386,101,1689,926,24,20,1,-1,-1,-1
1387,101,1689,926,23,20,1,-1,-1,-1
1388,101,1689,926,23,20,1,-1,-1,-1
1389,101,1689,926,23,20,1,-1,-1,-1
1390,101,1689,926,23,20,1,-1,-1,-1
1391,101,1689,926,23,20,1,-1,-1,-1
1392,101,1689,926,23,19,1,-1,-1,-1
1393,101,1688,926,24,20,1,-1,-1,-1
1394,101,1688,926,24,20,1,-1,-1,-1
1395,101,1688,926,24,20,1,-1,-1,-1
1396,101,1688,925,24,20,1,-1,-1,-1
1397,101,1688,925,24,20,1,-1,-1,-1
1398,101,1688,925,24,20,1,-1,-1,-1
1399,101,1688,926,24,20,1,-1,-1,-1
1400,101,1688,926,24,20,1,-1,-1,-1
1401,101,1688,926,24,20,1,-1,-1,-1
1402,101,1688,926,24,19,1,-1,-1,-1
1403,101,1688,926,24,19,1,-1,-1,-1
1404,101,1688,926,24,19,1,-1,-1,-1
1405,101,1689,926,23,19,1,-1,-1,-1
1406,101,1689,926,23,19,1,-1,-1,-1
1407,101,1689,926,23,19,1,-1,-1,-1
1408,101,1689,926,23,19,1,-1,-1,-1
1409,101,1689,926,23,19,1,-1,-1,-1
1410,101,1689,926,23,19,1,-1,-1,-1
1411,101,1689,926,23,19,1,-1,-1,-1
1412,101,1689,926,23,19,1,-1,-1,-1
1413,101,1689,926,23,19,1,-1,-1,-1
1414,101,1689,926,23,19,1,-1,-1,-1
1415,101,1689,926,23,19,1,-1,-1,-1
1416,101,1689,926,23,19,1,-1,-1,-1
1417,101,1689,926,23,19,1,-1,-1,-1
1418,101,1689,926,23,19,1,-1,-1,-1
1419,101,1689,926,23,19,1,-1,-1,-1
1420,101,1689,926,23,19,1,-1,-1,-1
1421,101,1689,926,23,19,1,-1,-1,-1
1422,101,1688,926,24,19,1,-1,-1,-1
1423,101,1688,926,24,19,1,-1,-1,-1
1424,101,1688,926,24,19,1,-1,-1,-1
1425,101,1688,926,24,19,1,-1,-1,-1
1426,101,1688,926,24,19,1,-1,-1,-1
1427,101,1688,926,24,19,1,-1,-1,-1
1428,101,1688,926,24,19,1,-1,-1,-1
1429,101,1687,925,25,20,1,-1,-1,-1
1430,101,1687,925,25,20,1,-1,-1,-1
1431,101,1687,925,25,20,1,-1,-1,-1
1432,101,1688,926,24,20,1,-1,-1,-1
1433,101,1688,926,24,20,1,-1,-1,-1
1434,101,1688,926,24,20,1,-1,-1,-1
1435,101,1688,926,24,20,1,-1,-1,-1
1436,101,1688,926,24,20,1,-1,-1,-1
1437,101,1688,926,24,19,1,-1,-1,-1
1438,101,1688,926,24,19,1,-1,-1,-1
1439,101,1689,926,23,19,1,-1,-1,-1
1440,101,1689,926,23,19,1,-1,-1,-1
1441,101,1689,926,23,19,1,-1,-1,-1
1442,101,1689,927,23,19,1,-1,-1,-1
1443,101,1689,926,23,19,1,-1,-1,-1
1444,101,1689,926,23,19,1,-1,-1,-1
1445,101,1689,927,22,19,1,-1,-1,-1
1446,101,1689,927,22,19,1,-1,-1,-1
1447,101,1689,927,22,19,1,-1,-1,-1
1448,101,1689,927,22,19,1,-1,-1,-1
1449,101,1689,927,22,19,1,-1,-1,-1
1450,101,1689,927,22,19,1,-1,-1,-1
1451,101,1689,927,23,19,1,-1,-1,-1
1452,101,1690,927,23,19,1,-1,-1,-1
1453,101,1689,927,23,19,1,-1,-1,-1
1454,101,1689,927,23,19,1,-1,-1,-1
1455,101,1689,927,23,19,1,-1,-1,-1
1456,101,1689,927,23,19,1,-1,-1,-1
1457,101,1689,927,23,19,1,-1,-1,-1
1458,101,1689,926,23,19,1,-1,-1,-1
1459,101,1689,926,24,19,1,-1,-1,-1
1460,101,1689,926,24,19,1,-1,-1,-1
1461,101,1689,926,24,19,1,-1,-1,-1
1462,101,1690,926,22,19,1,-1,-1,-1
1463,101,1690,927,22,19,1,-1,-1,-1
1464,101,1690,926,22,19,1,-1,-1,-1
1465,101,1689,926,23,19,1,-1,-1,-1
1466,101,1689,926,23,19,1,-1,-1,-1
1467,101,1689,926,23,19,1,-1,-1,-1
1468,101,1689,926,23,19,1,-1,-1,-1
1469,101,1689,926,23,19,1,-1,-1,-1
1470,101,1689,926,23,19,1,-1,-1,-1
1471,101,1689,926,23,19,1,-1,-1,-1
1472,101,1689,926,23,19,1,-1,-1,-1
1473,101,1689,926,23,19,1,-1,-1,-1
1474,101,1689,926,23,19,1,-1,-1,-1
1475,101,1689,926,23,19,1,-1,-1,-1
1476,101,1689,926,23,19,1,-1,-1,-1
1477,101,1689,926,23,19,1,-1,-1,-1
1478,101,1689,926,23,19,1,-1,-1,-1
1479,101,1689,926,23,19,1,-1,-1,-1
1480,101,1689,926,23,19,1,-1,-1,-1
1481,101,1689,926,23,19,1,-1,-1,-1
1482,101,1689,926,23,19,1,-1,-1,-1
1483,101,1689,926,23,19,1,-1,-1,-1
1484,101,1689,926,23,19,1,-1,-1,-1
1485,101,1689,926,23,19,1,-1,-1,-1
1486,101,1689,926,23,20,1,-1,-1,-1
1487,101,1689,926,23,20,1,-1,-1,-1
1488,101,1689,926,23,20,1,-1,-1,-1
1489,101,1689,925,23,20,1,-1,-1,-1
1490,101,1689,925,23,20,1,-1,-1,-1
1491,101,1689,925,23,20,1,-1,-1,-1
1492,101,1689,925,23,20,1,-1,-1,-1
1493,101,1689,925,23,20,1,-1,-1,-1
1494,101,1689,925,23,20,1,-1,-1,-1
1495,101,1689,925,23,20,1,-1,-1,-1
1496,101,1689,925,23,20,1,-1,-1,-1
1497,101,1689,925,23,20,1,-1,-1,-1
1498,101,1689,925,23,20,1,-1,-1,-1
1499,101,1689,925,23,20,1,-1,-1,-1
1500,101,1689,925,23,20,1,-1,-1,-1
1501,101,1689,926,23,19,1,-1,-1,-1
1297,102,1718,939,24,22,1,-1,-1,-1
1298,102,1717,939,25,23,1,-1,-1,-1
1299,102,1717,939,25,23,1,-1,-1,-1
1300,102,1716,939,25,23,1,-1,-1,-1
1301,102,1716,939,25,23,1,-1,-1,-1
1302,102,1716,939,25,24,1,-1,-1,-1
1303,102,1715,939,26,24,1,-1,-1,-1
1304,102,1715,939,26,24,1,-1,-1,-1
1305,102,1715,940,26,23,1,-1,-1,-1
1306,102,1714,940,27,24,1,-1,-1,-1
1307,102,1714,940,27,25,1,-1,-1,-1
1308,102,1713,940,28,25,1,-1,-1,-1
1309,102,1713,940,28,25,1,-1,-1,-1
1310,102,1712,940,28,26,1,-1,-1,-1
1311,102,1712,940,28,26,1,-1,-1,-1
1312,102,1712,940,28,27,1,-1,-1,-1
1313,102,1710,940,29,27,1,-1,-1,-1
1314,102,1710,940,29,27,1,-1,-1,-1
1315,102,1710,940,30,26,1,-1,-1,-1
1316,102,1709,940,30,27,1,-1,-1,-1
1317,102,1709,939,30,28,1,-1,-1,-1
1318,102,1708,940,30,28,1,-1,-1,-1
1319,102,1707,939,32,30,1,-1,-1,-1
1320,102,1706,938,33,31,1,-1,-1,-1
1321,102,1706,938,32,31,1,-1,-1,-1
1322,102,1706,938,32,32,1,-1,-1,-1
1323,102,1705,940,33,31,1,-1,-1,-1
1324,102,1704,940,35,32,1,-1,-1,-1
1325,102,1703,942,35,30,1,-1,-1,-1
1326,102,1702,941,36,32,1,-1,-1,-1
1327,102,1701,944,37,30,1,-1,-1,-1
1328,102,1700,943,37,31,1,-1,-1,-1
1329,102,1699,943,37,31,1,-1,-1,-1
1330,102,1699,942,38,33,1,-1,-1,-1
1331,102,1698,942,38,33,1,-1,-1,-1
1332,102,1698,941,38,34,1,-1,-1,-1
1333,102,1697,941,39,34,1,-1,-1,-1
1334,102,1696,941,39,35,1,-1,-1,-1
1335,102,1696,942,40,35,1,-1,-1,-1
1336,102,1695,941,41,36,1,-1,-1,-1
1337,102,1694,941,42,36,1,-1,-1,-1
1338,102,1692,941,43,37,1,-1,-1,-1
1339,102,1691,940,43,39,1,-1,-1,-1
1340,102,1690,941,45,39,1,-1,-1,-1
1341,102,1689,941,46,40,1,-1,-1,-1
1342,102,1689,940,46,42,1,-1,-1,-1
1343,102,1688,941,47,42,1,-1,-1,-1
1344,102,1687,942,48,43,1,-1,-1,-1
1345,102,1685,943,50,43,1,-1,-1,-1
1346,102,1688,944,46,44,1,-1,-1,-1
1347,102,1683,945,51,45,1,-1,-1,-1
1348,102,1682,947,51,43,1,-1,-1,-1
1349,102,1681,946,51,47,1,-1,-1,-1
1350,102,1680,948,51,46,1,-1,-1,-1
1351,102,1679,947,52,50,1,-1,-1,-1
1352,102,1676,949,55,50,1,-1,-1,-1
1353,102,1674,950,56,51,1,-1,-1,-1
1354,102,1672,951,58,52,1,-1,-1,-1
1355,102,1670,951,59,55,1,-1,-1,-1
1356,102,1670,953,60,55,1,-1,-1,-1
1357,102,1667,955,62,55,1,-1,-1,-1
1358,102,1664,956,64,57,1,-1,-1,-1
1359,102,1661,957,67,59,1,-1,-1,-1
1360,102,1657,959,70,60,1,-1,-1,-1
1361,102,1654,961,71,61,1,-1,-1,-1
1362,102,1651,962,72,63,1,-1,-1,-1
1363,102,1647,963,75,65,1,-1,-1,-1
1364,102,1641,965,78,67,1,-1,-1,-1
1365,102,1635,967,81,68,1,-1,-1,-1
1366,102,1630,969,83,70,1,-1,-1,-1
1367,102,1622,970,86,71,1,-1,-1,-1
1368,102,1616,972,89,73,1,-1,-1,-1
1369,102,1610,972,91,76,1,-1,-1,-1
1370,102,1602,974,93,78,1,-1,-1,-1
1371,102,1592,976,98,78,1,-1,-1,-1
1372,102,1583,977,101,82,1,-1,-1,-1
1373,102,1570,977,106,86,1,-1,-1,-1
1374,102,1557,978,111,89,1,-1,-1,-1
1375,102,1544,980,116,92,1,-1,-1,-1
1376,102,1530,982,121,94,1,-1,-1,-1
1377,102,1513,985,128,97,1,-1,-1,-1
1378,102,1493,984,136,102,1,-1,-1,-1
1379,102,1474,983,142,107,1,-1,-1,-1
1380,102,1450,983,151,110,1,-1,-1,-1
1381,102,1427,984,160,115,1,-1,-1,-1
1382,102,1400,984,169,120,1,-1,-1,-1
1383,102,1369,983,180,126,1,-1,-1,-1
1384,102,1336,984,193,130,1,-1,-1,-1
1385,102,1302,982,204,137,1,-1,-1,-1
1386,102,1262,981,218,144,1,-1,-1,-1
1387,102,1219,979,233,151,1,-1,-1,-1
1388,102,1168,976,252,159,1,-1,-1,-1
1389,102,1114,975,272,167,1,-1,-1,-1
1390,102,1053,972,295,175,1,-1,-1,-1
1391,102,984,969,321,183,1,-1,-1,-1
1392,102,908,962,351,195,1,-1,-1,-1
1393,102,822,956,384,209,1,-1,-1,-1
1394,102,725,953,424,218,1,-1,-1,-1
1395,102,615,944,468,233,1,-1,-1,-1
1396,102,493,936,518,248,1,-1,-1,-1
1397,102,348,926,581,267,1,-1,-1,-1
1398,102,186,913,650,287,1,-1,-1,-1
1399,102,0,899,731,310,1,-1,-1,-1
1400,102,0,886,611,332,1,-1,-1,-1
1401,102,0,866,474,335,1,-1,-1,-1
1402,102,1,877,319,333,1,-1,-1,-1
1502,103,1045,750,69,51,1,-1,-1,-1
1503,103,1045,750,69,51,1,-1,-1,-1
1504,103,1045,750,69,51,1,-1,-1,-1
1505,103,1045,750,69,51,1,-1,-1,-1
1506,103,1045,750,69,51,1,-1,-1,-1
1507,103,1045,750,69,51,1,-1,-1,-1
1508,103,1045,750,69,51,1,-1,-1,-1
1509,103,1045,750,69,51,1,-1,-1,-1
1510,103,1045,750,69,51,1,-1,-1,-1
1511,103,1045,750,69,50,1,-1,-1,-1
1512,103,1045,750,69,50,1,-1,-1,-1
1513,103,1046,750,68,50,1,-1,-1,-1
1514,103,1046,750,68,49,1,-1,-1,-1
1515,103,1046,750,68,49,1,-1,-1,-1
1516,103,1046,750,68,49,1,-1,-1,-1
1517,103,1045,749,69,52,1,-1,-1,-1
1518,103,1046,750,68,49,1,-1,-1,-1
1519,103,1046,750,68,50,1,-1,-1,-1
1520,103,1046,750,68,49,1,-1,-1,-1
1521,103,1046,750,68,49,1,-1,-1,-1
1522,103,1046,750,68,49,1,-1,-1,-1
1523,103,1045,749,69,52,1,-1,-1,-1
1524,103,1046,750,68,49,1,-1,-1,-1
1525,103,1045,750,69,47,1,-1,-1,-1
1526,103,1045,750,69,47,1,-1,-1,-1
1527,103,1045,750,69,47,1,-1,-1,-1
1528,103,1045,750,69,47,1,-1,-1,-1
1529,103,1045,750,69,47,1,-1,-1,-1
1530,103,1045,750,69,47,1,-1,-1,-1
1531,103,1045,750,61,46,1,-1,-1,-1
1532,103,1045,750,69,47,1,-1,-1,-1
1533,103,1045,750,68,47,1,-1,-1,-1
1534,103,1045,750,68,47,1,-1,-1,-1
1535,103,1045,750,64,46,1,-1,-1,-1
1536,103,1045,750,51,46,1,-1,-1,-1
1537,103,1045,748,69,52,1,-1,-1,-1
1538,103,1045,748,69,53,1,-1,-1,-1
1539,103,1045,748,69,52,1,-1,-1,-1
1540,103,1045,749,69,52,1,-1,-1,-1
1541,103,1045,748,69,52,1,-1,-1,-1
1542,103,1045,748,69,52,1,-1,-1,-1
1543,103,1045,748,69,52,1,-1,-1,-1
1544,103,1045,748,69,52,1,-1,-1,-1
1545,103,1045,748,69,52,1,-1,-1,-1
1546,103,1046,750,68,50,1,-1,-1,-1
1547,103,1046,750,68,50,1,-1,-1,-1
1548,103,1046,750,68,50,1,-1,-1,-1
1549,103,1047,750,67,50,1,-1,-1,-1
1550,103,1047,750,67,50,1,-1,-1,-1
1551,103,1047,750,67,50,1,-1,-1,-1
1552,103,1046,749,67,51,1,-1,-1,-1
1553,103,1046,750,67,51,1,-1,-1,-1
1554,103,1046,750,67,51,1,-1,-1,-1
1555,103,1046,750,67,51,1,-1,-1,-1
1556,103,1046,750,67,51,1,-1,-1,-1
1557,103,1047,750,67,50,1,-1,-1,-1
1558,103,1047,750,67,50,1,-1,-1,-1
1559,103,1047,750,67,50,1,-1,-1,-1
1560,103,1047,750,67,50,1,-1,-1,-1
1561,104,1665,1088,31,16,1,-1,-1,-1
1562,104,1665,1088,31,16,1,-1,-1,-1
1563,104,1664,1088,31,16,1,-1,-1,-1
1564,104,1664,1088,31,16,1,-1,-1,-1
1565,104,1664,1088,31,16,1,-1,-1,-1
1566,104,1664,1088,31,16,1,-1,-1,-1
1567,104,1664,1088,31,16,1,-1,-1,-1
1568,104,1664,1088,31,16,1,-1,-1,-1
1569,104,1664,1088,31,16,1,-1,-1,-1
1570,104,1664,1088,31,16,1,-1,-1,-1
1571,104,1664,1088,31,16,1,-1,-1,-1
1572,104,1664,1088,31,16,1,-1,-1,-1
1634,105,0,1164,498,462,1,-1,-1,-1
1635,105,2,1078,737,606,1,-1,-1,-1
1636,105,0,1080,923,536,1,-1,-1,-1
1637,105,218,1086,854,466,1,-1,-1,-1
1638,105,473,1089,717,411,1,-1,-1,-1
1639,105,676,1091,611,366,1,-1,-1,-1
1640,105,838,1091,529,331,1,-1,-1,-1
1641,105,971,1090,461,303,1,-1,-1,-1
1642,105,1081,1089,406,274,1,-1,-1,-1
1643,105,1172,1088,363,254,1,-1,-1,-1
1644,105,1249,1087,327,235,1,-1,-1,-1
1645,105,1315,1084,296,218,1,-1,-1,-1
1646,105,1371,1082,271,203,1,-1,-1,-1
1647,105,1419,1078,251,192,1,-1,-1,-1
1648,105,1458,1074,235,183,1,-1,-1,-1
1649,105,1494,1073,220,172,1,-1,-1,-1
1650,105,1526,1070,206,162,1,-1,-1,-1
1651,105,1552,1068,195,153,1,-1,-1,-1
1652,105,1576,1065,185,145,1,-1,-1,-1
1653,105,1596,1062,174,139,1,-1,-1,-1
1654,105,1615,1058,167,134,1,-1,-1,-1
1655,105,1631,1056,160,126,1,-1,-1,-1
1656,105,1646,1052,151,122,1,-1,-1,-1
1657,105,1659,1048,145,119,1,-1,-1,-1
1658,105,1669,1045,139,113,1,-1,-1,-1
1659,105,1681,1041,130,109,1,-1,-1,-1
1660,105,1690,1039,125,105,1,-1,-1,-1
1661,105,1697,1034,121,102,1,-1,-1,-1
1662,105,1706,1032,116,98,1,-1,-1,-1
1663,105,1711,1030,114,95,1,-1,-1,-1
1664,105,1717,1027,109,92,1,-1,-1,-1
1665,105,1722,1024,105,89,1,-1,-1,-1
1666,105,1726,1022,100,86,1,-1,-1,-1
1667,105,1730,1019,94,84,1,-1,-1,-1
1668,105,1735,1017,89,82,1,-1,-1,-1
1669,105,1739,1015,89,79,1,-1,-1,-1
1670,105,1741,1012,86,78,1,-1,-1,-1
1671,105,1743,1011,84,75,1,-1,-1,-1
1672,105,1745,1009,81,72,1,-1,-1,-1
1673,105,1747,1006,80,72,1,-1,-1,-1
1674,105,1749,1003,78,70,1,-1,-1,-1
1675,105,1751,1000,75,70,1,-1,-1,-1
1676,105,1753,999,72,68,1,-1,-1,-1
1677,105,1753,996,72,67,1,-1,-1,-1
1678,105,1755,995,70,65,1,-1,-1,-1
1679,105,1756,994,67,63,1,-1,-1,-1
1680,105,1757,992,66,63,1,-1,-1,-1
1681,105,1757,991,67,60,1,-1,-1,-1
1682,105,1758,989,65,59,1,-1,-1,-1
1683,105,1758,988,64,58,1,-1,-1,-1
1684,105,1759,987,64,55,1,-1,-1,-1
1685,105,1759,985,61,55,1,-1,-1,-1
1686,105,1759,984,60,55,1,-1,-1,-1
1687,105,1760,982,59,54,1,-1,-1,-1
1688,105,1760,982,58,52,1,-1,-1,-1
1689,105,1760,981,58,50,1,-1,-1,-1
1690,105,1760,979,55,49,1,-1,-1,-1
1691,105,1760,976,57,49,1,-1,-1,-1
1692,105,1760,976,54,48,1,-1,-1,-1
1693,105,1760,975,53,47,1,-1,-1,-1
1694,105,1760,974,53,47,1,-1,-1,-1
1695,105,1760,973,51,45,1,-1,-1,-1
1696,105,1759,971,50,46,1,-1,-1,-1
1697,105,1760,971,49,44,1,-1,-1,-1
1698,105,1760,970,48,44,1,-1,-1,-1
1699,105,1760,968,47,44,1,-1,-1,-1
1700,105,1759,968,47,42,1,-1,-1,-1
1701,105,1759,967,46,41,1,-1,-1,-1
1702,105,1759,966,45,42,1,-1,-1,-1
1703,105,1759,966,44,42,1,-1,-1,-1
1704,105,1759,966,44,41,1,-1,-1,-1
1705,105,1758,966,43,40,1,-1,-1,-1
1706,105,1758,965,43,39,1,-1,-1,-1
1707,105,1758,965,43,39,1,-1,-1,-1
1708,105,1758,964,42,39,1,-1,-1,-1
1709,105,1758,964,42,37,1,-1,-1,-1
1710,105,1757,964,42,37,1,-1,-1,-1
1711,105,1757,963,42,36,1,-1,-1,-1
1712,105,1757,963,40,36,1,-1,-1,-1
1713,105,1756,963,40,36,1,-1,-1,-1
1714,105,1756,963,39,35,1,-1,-1,-1
1715,105,1756,963,37,34,1,-1,-1,-1
1716,105,1756,961,37,35,1,-1,-1,-1
1717,105,1755,961,37,35,1,-1,-1,-1
1718,105,1755,960,37,35,1,-1,-1,-1
1719,105,1754,960,37,34,1,-1,-1,-1
1720,105,1755,959,36,34,1,-1,-1,-1
1721,105,1755,958,35,34,1,-1,-1,-1
1722,105,1755,958,35,34,1,-1,-1,-1
1723,105,1755,957,34,34,1,-1,-1,-1
1724,105,1755,957,33,33,1,-1,-1,-1
1725,105,1755,958,32,32,1,-1,-1,-1
1726,105,1755,957,32,31,1,-1,-1,-1
1727,105,1754,957,32,31,1,-1,-1,-1
1728,105,1754,957,33,30,1,-1,-1,-1
1729,105,1754,957,33,29,1,-1,-1,-1
1730,105,1754,957,33,29,1,-1,-1,-1
1731,105,1754,957,33,28,1,-1,-1,-1
1732,105,1754,957,33,28,1,-1,-1,-1
1733,105,1753,956,33,27,1,-1,-1,-1
1734,105,1752,956,34,27,1,-1,-1,-1
1735,105,1752,956,33,27,1,-1,-1,-1
1736,105,1753,955,30,28,1,-1,-1,-1
1737,105,1754,955,28,26,1,-1,-1,-1
1738,105,1752,955,30,25,1,-1,-1,-1
1739,105,1752,955,29,25,1,-1,-1,-1
1740,105,1751,955,29,26,1,-1,-1,-1
1741,105,1750,955,29,26,1,-1,-1,-1
1742,105,1750,954,29,26,1,-1,-1,-1
1743,105,1750,954,29,25,1,-1,-1,-1
1744,105,1750,953,28,26,1,-1,-1,-1
1745,105,1749,953,29,26,1,-1,-1,-1
1746,105,1749,953,30,25,1,-1,-1,-1
1747,105,1749,953,30,24,1,-1,-1,-1
1651,106,1688,926,24,20,1,-1,-1,-1
1652,106,1688,926,24,20,1,-1,-1,-1
1653,106,1688,926,24,20,1,-1,-1,-1
1654,106,1688,926,24,20,1,-1,-1,-1
1655,106,1688,926,24,20,1,-1,-1,-1
1656,106,1688,926,24,20,1,-1,-1,-1
1657,106,1688,926,24,20,1,-1,-1,-1
1658,106,1688,926,24,19,1,-1,-1,-1
1659,106,1688,926,24,20,1,-1,-1,-1
1660,106,1688,926,24,19,1,-1,-1,-1
1661,106,1688,926,24,19,1,-1,-1,-1
1662,106,1688,926,24,19,1,-1,-1,-1
1663,106,1688,926,24,19,1,-1,-1,-1
1664,106,1688,926,24,19,1,-1,-1,-1
1665,106,1688,926,24,19,1,-1,-1,-1
1666,106,1688,926,24,19,1,-1,-1,-1
1667,106,1688,926,24,19,1,-1,-1,-1
1668,106,1688,926,24,20,1,-1,-1,-1
1669,106,1688,926,24,20,1,-1,-1,-1
1670,106,1688,926,24,20,1,-1,-1,-1
1671,106,1688,926,24,20,1,-1,-1,-1
1672,106,1688,926,24,20,1,-1,-1,-1
1673,106,1688,926,24,20,1,-1,-1,-1
1674,106,1688,926,24,20,1,-1,-1,-1
1675,106,1688,926,24,20,1,-1,-1,-1
1676,106,1688,926,24,20,1,-1,-1,-1
1677,106,1688,926,24,20,1,-1,-1,-1
1678,106,1688,926,24,20,1,-1,-1,-1
1679,106,1688,926,23,19,1,-1,-1,-1
1680,106,1688,926,24,19,1,-1,-1,-1
1681,106,1689,927,23,18,1,-1,-1,-1
1682,106,1689,927,23,18,1,-1,-1,-1
1683,106,1689,927,23,18,1,-1,-1,-1
1684,106,1689,927,23,18,1,-1,-1,-1
1685,106,1689,927,23,18,1,-1,-1,-1
1686,106,1689,927,23,18,1,-1,-1,-1
1687,106,1689,927,23,18,1,-1,-1,-1
1688,106,1689,927,23,18,1,-1,-1,-1
1689,106,1689,927,23,18,1,-1,-1,-1
1690,106,1689,927,23,18,1,-1,-1,-1
1691,106,1689,927,23,18,1,-1,-1,-1
1692,106,1689,927,23,18,1,-1,-1,-1
1681,107,1665,1088,22,15,1,-1,-1,-1
1682,107,1665,1088,22,15,1,-1,-1,-1
1683,107,1665,1088,22,15,1,-1,-1,-1
1684,107,1665,1088,22,15,1,-1,-1,-1
1685,107,1665,1088,22,15,1,-1,-1,-1
1686,107,1665,1088,22,15,1,-1,-1,-1
1687,107,1665,1088,22,15,1,-1,-1,-1
1688,107,1665,1088,22,15,1,-1,-1,-1
1689,107,1665,1088,22,15,1,-1,-1,-1
1690,107,1665,1088,22,15,1,-1,-1,-1
1691,107,1665,1088,22,15,1,-1,-1,-1
1692,107,1665,1088,22,15,1,-1,-1,-1
1705,107,1664,1088,22,15,1,-1,-1,-1
1706,107,1664,1088,22,15,1,-1,-1,-1
1707,107,1664,1088,22,15,1,-1,-1,-1
1708,107,1664,1088,22,15,1,-1,-1,-1
1709,107,1664,1088,22,15,1,-1,-1,-1
1710,107,1664,1088,22,15,1,-1,-1,-1
1711,107,1664,1088,22,15,1,-1,-1,-1
1712,107,1664,1088,22,15,1,-1,-1,-1
1713,107,1664,1088,22,15,1,-1,-1,-1
1714,107,1664,1088,22,15,1,-1,-1,-1
1715,107,1664,1088,22,15,1,-1,-1,-1
1716,107,1664,1088,22,15,1,-1,-1,-1
1717,107,1664,1088,22,15,1,-1,-1,-1
1718,107,1664,1088,22,15,1,-1,-1,-1
1724,108,1230,787,89,73,1,-1,-1,-1
1725,108,1230,786,89,73,1,-1,-1,-1
1726,108,1230,786,89,73,1,-1,-1,-1
1727,108,1230,786,89,74,1,-1,-1,-1
1728,108,1230,787,89,73,1,-1,-1,-1
1729,108,1237,788,82,71,1,-1,-1,-1
1730,108,1237,788,82,71,1,-1,-1,-1
1731,108,1236,788,83,71,1,-1,-1,-1
1732,108,1237,788,82,71,1,-1,-1,-1
1733,108,1235,788,84,71,1,-1,-1,-1
1734,108,1236,788,83,71,1,-1,-1,-1
1735,108,1237,788,82,71,1,-1,-1,-1
1736,108,1238,788,81,70,1,-1,-1,-1
1737,108,1238,788,81,70,1,-1,-1,-1
1738,108,1237,788,82,70,1,-1,-1,-1
1739,108,1238,789,81,70,1,-1,-1,-1
1740,108,1237,788,82,71,1,-1,-1,-1
1741,108,1241,789,78,70,1,-1,-1,-1
1742,108,1241,789,78,70,1,-1,-1,-1
1743,108,1240,789,79,70,1,-1,-1,-1
1744,108,1240,789,79,70,1,-1,-1,-1
1745,108,1240,789,78,70,1,-1,-1,-1
1746,108,1240,789,79,70,1,-1,-1,-1
1747,108,1241,789,78,70,1,-1,-1,-1
1748,108,1239,789,80,70,1,-1,-1,-1
1749,108,1237,788,81,70,1,-1,-1,-1
1750,108,1239,789,80,70,1,-1,-1,-1
1751,108,1230,787,89,73,1,-1,-1,-1
1752,108,1232,787,88,72,1,-1,-1,-1
1753,108,1223,781,95,77,1,-1,-1,-1
1754,108,1223,781,95,77,1,-1,-1,-1
1755,108,1223,781,95,78,1,-1,-1,-1
1756,108,1223,781,95,78,1,-1,-1,-1
1757,108,1223,781,95,78,1,-1,-1,-1
1758,108,1223,781,95,77,1,-1,-1,-1
1759,108,1224,782,95,77,1,-1,-1,-1
1760,108,1224,782,94,77,1,-1,-1,-1
1761,108,1223,781,95,77,1,-1,-1,-1
1762,108,1224,782,94,77,1,-1,-1,-1
1763,108,1223,781,95,77,1,-1,-1,-1
1764,108,1223,781,95,77,1,-1,-1,-1
1765,108,1223,781,95,77,1,-1,-1,-1
1766,108,1224,781,95,77,1,-1,-1,-1
1767,108,1223,781,95,77,1,-1,-1,-1
1768,108,1223,781,95,77,1,-1,-1,-1
1769,108,1227,784,92,75,1,-1,-1,-1
1770,108,1227,784,92,75,1,-1,-1,-1
1771,108,1228,784,91,75,1,-1,-1,-1
1772,108,1229,785,91,74,1,-1,-1,-1
1773,108,1228,784,92,74,1,-1,-1,-1
1774,108,1227,784,93,75,1,-1,-1,-1
1775,108,1227,784,93,75,1,-1,-1,-1
1776,108,1227,784,93,75,1,-1,-1,-1
1777,108,1235,787,84,73,1,-1,-1,-1
1778,108,1239,788,81,72,1,-1,-1,-1
1779,108,1218,779,99,79,1,-1,-1,-1
1780,108,1218,779,100,79,1,-1,-1,-1
1781,108,1218,779,100,79,1,-1,-1,-1
1782,108,1220,779,98,79,1,-1,-1,-1
1783,108,1220,779,97,79,1,-1,-1,-1
1784,108,1220,779,97,79,1,-1,-1,-1
1785,108,1220,779,97,79,1,-1,-1,-1
1786,108,1220,779,98,79,1,-1,-1,-1
1787,108,1222,780,96,79,1,-1,-1,-1
1788,108,1222,780,96,79,1,-1,-1,-1
1789,108,1231,787,88,72,1,-1,-1,-1
1790,108,1231,787,87,72,1,-1,-1,-1
1791,108,1231,787,88,72,1,-1,-1,-1
1792,108,1232,787,87,72,1,-1,-1,-1
1793,108,1231,788,87,72,1,-1,-1,-1
1794,108,1234,788,85,71,1,-1,-1,-1
1795,108,1238,789,81,70,1,-1,-1,-1
1796,108,1234,788,85,71,1,-1,-1,-1
1797,108,1227,783,92,76,1,-1,-1,-1
1798,108,1219,779,98,80,1,-1,-1,-1
1799,108,1219,779,98,80,1,-1,-1,-1
1800,108,1221,779,97,80,1,-1,-1,-1
1801,108,1224,783,95,77,1,-1,-1,-1
1802,108,1224,783,95,77,1,-1,-1,-1
1803,108,1226,783,93,77,1,-1,-1,-1
1804,108,1226,783,93,77,1,-1,-1,-1
1805,108,1227,783,93,77,1,-1,-1,-1
1806,108,1227,784,93,77,1,-1,-1,-1
1807,108,1232,787,87,72,1,-1,-1,-1
1808,108,1230,786,89,73,1,-1,-1,-1
1809,108,1231,787,88,73,1,-1,-1,-1
1810,108,1232,787,87,73,1,-1,-1,-1
1811,108,1230,786,89,73,1,-1,-1,-1
1812,108,1230,786,89,73,1,-1,-1,-1
1813,108,1229,786,90,74,1,-1,-1,-1
1814,108,1229,785,90,74,1,-1,-1,-1
1815,108,1229,785,91,75,1,-1,-1,-1
1816,108,1229,785,90,74,1,-1,-1,-1
1817,108,1229,786,90,74,1,-1,-1,-1
1818,108,1230,786,90,73,1,-1,-1,-1
1819,108,1229,786,90,74,1,-1,-1,-1
1820,108,1229,786,90,74,1,-1,-1,-1
1821,108,1229,786,90,73,1,-1,-1,-1
1822,108,1228,785,91,75,1,-1,-1,-1
1823,108,1228,785,91,75,1,-1,-1,-1
1824,108,1228,785,92,74,1,-1,-1,-1
1825,108,1222,782,96,78,1,-1,-1,-1
1826,108,1227,783,92,77,1,-1,-1,-1
1827,108,1223,782,96,78,1,-1,-1,-1
1828,108,1222,782,95,77,1,-1,-1,-1
1829,108,1227,783,92,76,1,-1,-1,-1
1830,108,1226,783,93,77,1,-1,-1,-1
1831,108,1222,781,96,78,1,-1,-1,-1
1832,108,1225,782,94,78,1,-1,-1,-1
1833,108,1226,782,93,78,1,-1,-1,-1
1834,108,1226,782,94,78,1,-1,-1,-1
1835,108,1226,783,93,77,1,-1,-1,-1
1836,108,1226,784,93,76,1,-1,-1,-1
1837,108,1227,785,93,75,1,-1,-1,-1
1838,108,1226,784,93,76,1,-1,-1,-1
1839,108,1227,785,92,75,1,-1,-1,-1
1840,108,1228,786,92,74,1,-1,-1,-1
1841,108,1227,785,92,75,1,-1,-1,-1
1842,108,1227,785,92,75,1,-1,-1,-1
1843,108,1227,785,92,75,1,-1,-1,-1
1844,108,1227,784,93,76,1,-1,-1,-1
1845,108,1227,784,93,76,1,-1,-1,-1
1846,108,1227,786,92,74,1,-1,-1,-1
1847,108,1238,789,82,71,1,-1,-1,-1
1848,108,1239,789,81,71,1,-1,-1,-1
1849,108,1226,783,93,77,1,-1,-1,-1
1850,108,1226,784,93,76,1,-1,-1,-1
1851,108,1227,784,92,76,1,-1,-1,-1
1852,108,1225,783,94,76,1,-1,-1,-1
1853,108,1225,784,94,75,1,-1,-1,-1
1854,108,1225,784,94,75,1,-1,-1,-1
1855,108,1226,784,93,74,1,-1,-1,-1
1856,108,1227,785,93,74,1,-1,-1,-1
1857,108,1228,785,90,75,1,-1,-1,-1
1858,108,1227,783,92,76,1,-1,-1,-1
1859,108,1215,777,102,81,1,-1,-1,-1
1860,108,1217,777,101,80,1,-1,-1,-1
1861,108,1214,776,103,82,1,-1,-1,-1
1862,108,1232,786,87,73,1,-1,-1,-1
1863,108,1229,785,90,74,1,-1,-1,-1
1864,108,1240,789,77,69,1,-1,-1,-1
1865,108,1242,790,76,69,1,-1,-1,-1
1866,108,1241,790,76,69,1,-1,-1,-1
1867,108,1243,790,75,69,1,-1,-1,-1
1868,108,1243,790,76,69,1,-1,-1,-1
1869,108,1240,789,78,70,1,-1,-1,-1
1870,108,1238,788,79,71,1,-1,-1,-1
1871,108,1226,782,92,77,1,-1,-1,-1
1872,108,1227,781,91,78,1,-1,-1,-1
1873,108,1229,783,89,76,1,-1,-1,-1
1874,108,1231,785,87,75,1,-1,-1,-1
1875,108,1229,782,89,78,1,-1,-1,-1
1876,108,1227,779,91,79,1,-1,-1,-1
1877,108,1227,779,92,80,1,-1,-1,-1
1878,108,1228,780,91,79,1,-1,-1,-1
1879,108,1230,782,89,78,1,-1,-1,-1
1880,108,1229,781,91,78,1,-1,-1,-1
1881,108,1231,781,88,79,1,-1,-1,-1
1882,108,1232,780,88,80,1,-1,-1,-1
1883,108,1231,780,88,80,1,-1,-1,-1
1884,108,1233,780,86,79,1,-1,-1,-1
1885,108,1239,782,81,78,1,-1,-1,-1
1886,108,1235,782,83,77,1,-1,-1,-1
1887,108,1238,782,81,76,1,-1,-1,-1
1888,108,1238,782,81,76,1,-1,-1,-1
1889,108,1239,783,81,76,1,-1,-1,-1
1890,108,1239,784,80,76,1,-1,-1,-1
1891,108,1239,783,81,75,1,-1,-1,-1
1892,108,1206,780,112,79,1,-1,-1,-1
1899,108,1238,785,80,75,1,-1,-1,-1
1900,108,1239,783,80,75,1,-1,-1,-1
1901,108,1239,783,81,75,1,-1,-1,-1
1902,108,1239,784,80,75,1,-1,-1,-1
1903,108,1237,784,82,75,1,-1,-1,-1
1904,108,1237,783,83,75,1,-1,-1,-1
1905,108,1237,783,83,75,1,-1,-1,-1
1906,108,1236,783,83,75,1,-1,-1,-1
1907,108,1239,785,80,76,1,-1,-1,-1
1908,108,1239,784,80,76,1,-1,-1,-1
1911,108,1239,783,80,77,1,-1,-1,-1
1912,108,1240,783,79,77,1,-1,-1,-1
1913,108,1240,783,79,77,1,-1,-1,-1
1914,108,1238,782,80,77,1,-1,-1,-1
1915,108,1239,783,79,77,1,-1,-1,-1
1916,108,1239,783,79,77,1,-1,-1,-1
1917,108,1239,784,79,75,1,-1,-1,-1
1918,108,1240,784,79,76,1,-1,-1,-1
1919,108,1240,785,79,75,1,-1,-1,-1
1920,108,1238,785,80,74,1,-1,-1,-1
1921,108,1234,782,85,77,1,-1,-1,-1
1922,108,1231,782,88,77,1,-1,-1,-1
1923,108,1229,782,89,78,1,-1,-1,-1
1924,108,1229,783,89,77,1,-1,-1,-1
1925,108,1236,787,81,73,1,-1,-1,-1
1926,108,1228,783,90,77,1,-1,-1,-1
1927,108,1227,784,91,75,1,-1,-1,-1
1928,108,1226,783,92,76,1,-1,-1,-1
1929,108,1226,782,93,77,1,-1,-1,-1
1930,108,1226,781,93,78,1,-1,-1,-1
1931,108,1226,782,93,77,1,-1,-1,-1
1932,108,1226,784,92,76,1,-1,-1,-1
1933,108,1227,785,92,75,1,-1,-1,-1
1934,108,1226,784,92,76,1,-1,-1,-1
1935,108,1227,785,91,75,1,-1,-1,-1
1936,108,1226,784,92,76,1,-1,-1,-1
1945,108,1230,786,88,74,1,-1,-1,-1
1946,108,1238,789,80,71,1,-1,-1,-1
1947,108,1229,785,89,75,1,-1,-1,-1
1948,108,1234,787,84,73,1,-1,-1,-1
1949,108,1234,787,84,73,1,-1,-1,-1
1950,108,1200,775,118,85,1,-1,-1,-1
1951,108,1199,776,119,84,1,-1,-1,-1
1952,108,1224,784,94,76,1,-1,-1,-1
1953,108,1228,785,90,75,1,-1,-1,-1
1954,108,1224,785,94,75,1,-1,-1,-1
1955,108,1204,785,113,74,1,-1,-1,-1
1956,108,1209,783,108,77,1,-1,-1,-1
1957,108,1213,781,103,78,1,-1,-1,-1
1958,108,1212,781,104,78,1,-1,-1,-1
1959,108,1210,780,106,79,1,-1,-1,-1
1960,108,1221,778,95,81,1,-1,-1,-1
1961,108,1222,779,94,80,1,-1,-1,-1
1962,108,1222,781,95,78,1,-1,-1,-1
1963,108,1221,781,95,78,1,-1,-1,-1
1964,108,1221,782,95,77,1,-1,-1,-1
1965,108,1220,781,96,77,1,-1,-1,-1
1966,108,1218,780,98,78,1,-1,-1,-1
1967,108,1198,777,118,82,1,-1,-1,-1
1968,108,1195,775,121,84,1,-1,-1,-1
1969,108,1207,783,109,78,1,-1,-1,-1
1970,108,1206,783,111,77,1,-1,-1,-1
1971,108,1231,786,87,74,1,-1,-1,-1
1972,108,1213,780,104,82,1,-1,-1,-1
1973,108,1212,779,104,82,1,-1,-1,-1
1974,108,1230,785,88,76,1,-1,-1,-1
1975,108,1228,784,90,77,1,-1,-1,-1
1976,108,1229,786,89,75,1,-1,-1,-1
1977,108,1226,785,92,76,1,-1,-1,-1
1978,108,1227,785,91,75,1,-1,-1,-1
1979,108,1226,785,92,75,1,-1,-1,-1
1980,108,1227,785,91,75,1,-1,-1,-1
1981,108,1222,784,95,76,1,-1,-1,-1
1982,108,1222,779,94,81,1,-1,-1,-1
1983,108,1224,784,93,77,1,-1,-1,-1
1984,108,1223,783,94,77,1,-1,-1,-1
1985,108,1220,780,95,80,1,-1,-1,-1
1986,108,1223,784,94,76,1,-1,-1,-1
1987,108,1219,781,99,78,1,-1,-1,-1
1988,108,1218,782,100,78,1,-1,-1,-1
1989,108,1218,782,100,77,1,-1,-1,-1
1990,108,1218,782,100,77,1,-1,-1,-1
1991,108,1209,783,107,77,1,-1,-1,-1
1992,108,1213,784,103,76,1,-1,-1,-1
1993,108,1216,784,101,76,1,-1,-1,-1
1994,108,1211,783,107,76,1,-1,-1,-1
1995,108,1209,784,108,76,1,-1,-1,-1
1996,108,1211,784,106,76,1,-1,-1,-1
1997,108,1208,783,109,77,1,-1,-1,-1
1998,108,1206,783,110,77,1,-1,-1,-1
1999,108,1208,783,109,77,1,-1,-1,-1
2000,108,1208,783,109,76,1,-1,-1,-1
2001,108,1207,785,110,75,1,-1,-1,-1
2002,108,1208,784,110,75,1,-1,-1,-1
2003,108,1208,784,110,76,1,-1,-1,-1
2004,108,1208,784,110,75,1,-1,-1,-1
2005,108,1229,790,92,70,1,-1,-1,-1
2006,108,1229,790,92,70,1,-1,-1,-1
2007,108,1230,790,88,70,1,-1,-1,-1
2008,108,1230,790,89,70,1,-1,-1,-1
2009,108,1229,789,89,71,1,-1,-1,-1
2010,108,1229,789,90,71,1,-1,-1,-1
2011,108,1229,789,90,71,1,-1,-1,-1
2012,108,1228,789,90,71,1,-1,-1,-1
2013,108,1229,789,90,71,1,-1,-1,-1
2014,108,1230,789,89,71,1,-1,-1,-1
2015,108,1229,789,89,71,1,-1,-1,-1
2016,108,1229,788,90,71,1,-1,-1,-1
2017,108,1228,786,92,73,1,-1,-1,-1
2018,108,1228,786,92,73,1,-1,-1,-1
2019,108,1227,786,92,74,1,-1,-1,-1
2020,108,1229,787,90,72,1,-1,-1,-1
2021,108,1230,787,90,72,1,-1,-1,-1
2022,108,1230,787,90,72,1,-1,-1,-1
2023,108,1229,787,90,72,1,-1,-1,-1
2024,108,1229,787,90,72,1,-1,-1,-1
2025,108,1229,787,90,72,1,-1,-1,-1
2026,108,1230,787,90,72,1,-1,-1,-1
2027,108,1228,786,92,73,1,-1,-1,-1
2028,108,1228,786,92,73,1,-1,-1,-1
2051,108,1217,781,103,78,1,-1,-1,-1
2052,108,1218,781,102,77,1,-1,-1,-1
2053,108,1216,782,103,76,1,-1,-1,-1
2054,108,1216,782,103,76,1,-1,-1,-1
2055,108,1216,781,104,76,1,-1,-1,-1
2056,108,1215,781,104,76,1,-1,-1,-1
2057,108,1216,781,101,78,1,-1,-1,-1
2058,108,1216,781,101,78,1,-1,-1,-1
2059,108,1216,781,101,78,1,-1,-1,-1
2060,108,1216,781,102,78,1,-1,-1,-1
2061,108,1216,781,101,78,1,-1,-1,-1
2062,108,1216,781,102,78,1,-1,-1,-1
2063,108,1215,781,102,78,1,-1,-1,-1
2064,108,1215,781,102,77,1,-1,-1,-1
2065,108,1209,782,107,77,1,-1,-1,-1
2066,108,1220,782,98,76,1,-1,-1,-1
2067,108,1226,784,91,75,1,-1,-1,-1
2068,108,1225,783,92,75,1,-1,-1,-1
2069,108,1226,783,91,76,1,-1,-1,-1
2070,108,1225,783,92,76,1,-1,-1,-1
2071,108,1224,783,93,76,1,-1,-1,-1
2072,108,1225,783,92,76,1,-1,-1,-1
2073,108,1225,783,92,76,1,-1,-1,-1
2074,108,1225,783,92,76,1,-1,-1,-1
2075,108,1223,782,95,76,1,-1,-1,-1
2076,108,1221,782,97,77,1,-1,-1,-1
2077,108,1203,782,113,78,1,-1,-1,-1
2078,108,1220,783,98,77,1,-1,-1,-1
2079,108,1221,783,97,77,1,-1,-1,-1
2080,108,1221,783,97,77,1,-1,-1,-1
2081,108,1221,783,97,77,1,-1,-1,-1
2082,108,1221,783,97,76,1,-1,-1,-1
2083,108,1220,783,98,76,1,-1,-1,-1
2084,108,1222,784,96,76,1,-1,-1,-1
2085,108,1223,784,96,75,1,-1,-1,-1
2086,108,1222,784,96,75,1,-1,-1,-1
2087,108,1222,783,97,76,1,-1,-1,-1
2088,108,1212,781,103,78,1,-1,-1,-1
2111,108,1217,781,100,77,1,-1,-1,-1
2112,108,1217,781,101,77,1,-1,-1,-1
2113,108,1217,784,101,74,1,-1,-1,-1
2114,108,1217,784,101,74,1,-1,-1,-1
2115,108,1217,784,101,74,1,-1,-1,-1
2116,108,1219,784,99,74,1,-1,-1,-1
2117,108,1219,784,99,74,1,-1,-1,-1
2118,108,1219,784,99,74,1,-1,-1,-1
2119,108,1219,784,99,74,1,-1,-1,-1
2120,108,1219,784,99,74,1,-1,-1,-1
2121,108,1219,783,99,76,1,-1,-1,-1
2122,108,1219,783,99,76,1,-1,-1,-1
2123,108,1219,783,99,76,1,-1,-1,-1
2124,108,1219,783,100,75,1,-1,-1,-1
2125,108,1214,783,106,75,1,-1,-1,-1
2126,108,1214,783,106,75,1,-1,-1,-1
2127,108,1214,783,106,75,1,-1,-1,-1
2128,108,1207,782,110,76,1,-1,-1,-1
2129,108,1202,783,114,75,1,-1,-1,-1
2130,108,1203,783,113,75,1,-1,-1,-1
2131,108,1203,783,113,75,1,-1,-1,-1
2132,108,1237,791,81,67,1,-1,-1,-1
2133,108,1237,791,80,67,1,-1,-1,-1
2134,108,1240,792,78,66,1,-1,-1,-1
2135,108,1239,791,79,67,1,-1,-1,-1
2136,108,1214,783,104,76,1,-1,-1,-1
2137,108,1236,791,82,68,1,-1,-1,-1
2138,108,1236,791,82,67,1,-1,-1,-1
2139,108,1239,793,79,66,1,-1,-1,-1
2140,108,1239,793,80,66,1,-1,-1,-1
2141,108,1239,793,79,66,1,-1,-1,-1
2142,108,1239,793,79,66,1,-1,-1,-1
2143,108,1240,792,79,67,1,-1,-1,-1
2144,108,1240,793,78,66,1,-1,-1,-1
2145,108,1240,793,79,66,1,-1,-1,-1
2146,108,1240,793,78,66,1,-1,-1,-1
2147,108,1240,793,78,66,1,-1,-1,-1
2148,108,1240,793,78,66,1,-1,-1,-1
2149,108,1219,783,99,77,1,-1,-1,-1
2150,108,1220,783,99,77,1,-1,-1,-1
2151,108,1219,783,99,77,1,-1,-1,-1
2152,108,1219,782,100,77,1,-1,-1,-1
2153,108,1219,783,100,77,1,-1,-1,-1
2154,108,1219,782,100,77,1,-1,-1,-1
2155,108,1225,785,94,74,1,-1,-1,-1
2156,108,1219,782,99,77,1,-1,-1,-1
2157,108,1219,782,100,77,1,-1,-1,-1
2158,108,1219,782,100,77,1,-1,-1,-1
2159,108,1219,782,99,77,1,-1,-1,-1
2160,108,1219,782,99,77,1,-1,-1,-1
2161,108,1226,785,93,74,1,-1,-1,-1
2162,108,1225,785,93,74,1,-1,-1,-1
2163,108,1226,785,93,74,1,-1,-1,-1
2164,108,1218,782,101,77,1,-1,-1,-1
2165,108,1218,782,100,77,1,-1,-1,-1
2166,108,1218,781,101,78,1,-1,-1,-1
2167,108,1218,782,100,78,1,-1,-1,-1
2168,108,1218,781,101,78,1,-1,-1,-1
2169,108,1221,783,97,76,1,-1,-1,-1
2170,108,1221,784,97,76,1,-1,-1,-1
2171,108,1218,781,101,78,1,-1,-1,-1
2172,108,1218,782,100,77,1,-1,-1,-1
2173,108,1231,787,87,72,1,-1,-1,-1
2174,108,1231,787,87,72,1,-1,-1,-1
2175,108,1231,787,86,72,1,-1,-1,-1
2176,108,1231,787,87,73,1,-1,-1,-1
2177,108,1231,787,87,73,1,-1,-1,-1
2178,108,1231,787,87,73,1,-1,-1,-1
2179,108,1231,787,86,73,1,-1,-1,-1
2210,108,1229,786,90,74,1,-1,-1,-1
2211,108,1229,786,90,74,1,-1,-1,-1
2212,108,1229,786,90,74,1,-1,-1,-1
2213,108,1229,786,90,75,1,-1,-1,-1
2214,108,1229,786,90,75,1,-1,-1,-1
2215,108,1228,785,90,75,1,-1,-1,-1
2216,108,1229,786,90,75,1,-1,-1,-1
2217,108,1229,786,90,75,1,-1,-1,-1
2218,108,1229,786,90,75,1,-1,-1,-1
2219,108,1229,786,90,75,1,-1,-1,-1
2220,108,1229,787,90,74,1,-1,-1,-1
2221,108,1230,788,89,72,1,-1,-1,-1
2222,108,1230,788,89,72,1,-1,-1,-1
2223,108,1230,788,89,72,1,-1,-1,-1
2224,108,1230,788,89,72,1,-1,-1,-1
2225,108,1230,788,89,72,1,-1,-1,-1
2226,108,1231,789,88,71,1,-1,-1,-1
2227,108,1231,789,88,71,1,-1,-1,-1
2228,108,1231,789,89,72,1,-1,-1,-1
2229,108,1231,789,89,72,1,-1,-1,-1
2230,108,1229,787,90,73,1,-1,-1,-1
2231,108,1229,787,90,73,1,-1,-1,-1
2232,108,1229,787,91,73,1,-1,-1,-1
2233,108,1225,784,93,75,1,-1,-1,-1
2234,108,1225,784,93,75,1,-1,-1,-1
2235,108,1225,784,93,75,1,-1,-1,-1
2236,108,1225,784,93,75,1,-1,-1,-1
2237,108,1225,784,93,75,1,-1,-1,-1
2238,108,1225,784,93,75,1,-1,-1,-1
2239,108,1225,784,93,75,1,-1,-1,-1
2240,108,1229,787,91,73,1,-1,-1,-1
2241,108,1229,788,91,72,1,-1,-1,-1
2242,108,1230,788,90,72,1,-1,-1,-1
2243,108,1230,788,90,72,1,-1,-1,-1
2244,108,1229,787,92,72,1,-1,-1,-1
2245,108,1241,793,79,66,1,-1,-1,-1
2246,108,1241,793,79,66,1,-1,-1,-1
2247,108,1241,793,79,66,1,-1,-1,-1
2248,108,1241,793,79,66,1,-1,-1,-1
2249,108,1241,793,79,66,1,-1,-1,-1
2250,108,1239,793,80,67,1,-1,-1,-1
1733,109,1688,926,24,19,1,-1,-1,-1
1734,109,1688,926,24,19,1,-1,-1,-1
1735,109,1688,926,24,19,1,-1,-1,-1
1736,109,1688,926,24,19,1,-1,-1,-1
1737,109,1688,926,24,19,1,-1,-1,-1
1738,109,1688,926,24,19,1,-1,-1,-1
1739,109,1688,926,24,19,1,-1,-1,-1
1740,109,1688,926,24,19,1,-1,-1,-1
1741,109,1688,926,24,20,1,-1,-1,-1
1742,109,1688,926,24,20,1,-1,-1,-1
1743,109,1688,926,24,20,1,-1,-1,-1
1744,109,1688,926,24,20,1,-1,-1,-1
1745,109,1688,926,24,20,1,-1,-1,-1
1746,109,1689,926,24,19,1,-1,-1,-1
1747,109,1688,926,24,20,1,-1,-1,-1
1748,109,1688,926,24,20,1,-1,-1,-1
1749,109,1688,926,24,20,1,-1,-1,-1
1750,109,1688,926,24,20,1,-1,-1,-1
1751,109,1688,926,24,20,1,-1,-1,-1
1752,109,1688,926,24,20,1,-1,-1,-1
1753,109,1688,926,24,19,1,-1,-1,-1
1754,109,1688,926,24,19,1,-1,-1,-1
1755,109,1688,926,24,19,1,-1,-1,-1
1756,109,1688,926,24,19,1,-1,-1,-1
1757,109,1688,926,23,19,1,-1,-1,-1
1758,109,1688,926,23,19,1,-1,-1,-1
1759,109,1688,926,24,19,1,-1,-1,-1
1760,109,1688,926,23,19,1,-1,-1,-1
1761,109,1688,926,24,19,1,-1,-1,-1
1762,109,1688,926,24,19,1,-1,-1,-1
1763,109,1688,926,24,19,1,-1,-1,-1
1764,109,1688,926,24,19,1,-1,-1,-1
1765,109,1688,926,24,20,1,-1,-1,-1
1766,109,1688,926,24,20,1,-1,-1,-1
1767,109,1688,926,24,20,1,-1,-1,-1
1768,109,1688,926,24,20,1,-1,-1,-1
1769,110,1471,848,72,48,1,-1,-1,-1
1770,110,1471,848,72,48,1,-1,-1,-1
1771,110,1471,848,72,48,1,-1,-1,-1
1772,110,1471,848,72,48,1,-1,-1,-1
1773,110,1471,848,72,48,1,-1,-1,-1
1774,110,1471,848,72,48,1,-1,-1,-1
1775,110,1471,848,72,48,1,-1,-1,-1
1776,110,1471,848,72,48,1,-1,-1,-1
1777,110,1470,847,72,49,1,-1,-1,-1
1778,110,1470,847,72,49,1,-1,-1,-1
1779,110,1471,847,71,49,1,-1,-1,-1
1780,110,1471,847,72,49,1,-1,-1,-1
1781,110,1471,847,72,49,1,-1,-1,-1
1782,110,1471,847,71,48,1,-1,-1,-1
1783,110,1472,847,71,49,1,-1,-1,-1
1784,110,1470,847,72,49,1,-1,-1,-1
1785,110,1470,847,72,48,1,-1,-1,-1
1786,110,1470,847,72,48,1,-1,-1,-1
1787,110,1471,846,71,50,1,-1,-1,-1
1788,110,1471,846,71,50,1,-1,-1,-1
1789,110,1471,847,71,50,1,-1,-1,-1
1790,110,1471,847,71,50,1,-1,-1,-1
1791,110,1471,847,71,50,1,-1,-1,-1
1792,110,1471,847,72,50,1,-1,-1,-1
1793,110,1471,847,71,50,1,-1,-1,-1
1794,110,1471,847,72,49,1,-1,-1,-1
1795,110,1471,847,72,49,1,-1,-1,-1
1796,110,1471,847,72,50,1,-1,-1,-1
1797,110,1471,846,72,50,1,-1,-1,-1
1798,110,1471,846,71,50,1,-1,-1,-1
1799,110,1471,846,71,50,1,-1,-1,-1
1800,110,1471,846,71,50,1,-1,-1,-1
1801,110,1470,847,73,49,1,-1,-1,-1
1802,110,1470,847,72,49,1,-1,-1,-1
1803,110,1470,847,72,49,1,-1,-1,-1
1804,110,1470,847,72,49,1,-1,-1,-1
1805,110,1470,847,72,49,1,-1,-1,-1
1806,110,1470,847,72,49,1,-1,-1,-1
1786,111,1,1200,514,535,1,-1,-1,-1
1787,111,1,1098,775,724,1,-1,-1,-1
1788,111,0,1098,977,626,1,-1,-1,-1
1789,111,240,1100,885,539,1,-1,-1,-1
1790,111,513,1101,734,472,1,-1,-1,-1
1791,111,722,1100,620,419,1,-1,-1,-1
1792,111,891,1098,529,376,1,-1,-1,-1
1793,111,1024,1097,461,339,1,-1,-1,-1
1794,111,1135,1095,403,310,1,-1,-1,-1
1795,111,1226,1092,358,285,1,-1,-1,-1
1796,111,1300,1089,323,264,1,-1,-1,-1
1797,111,1363,1086,296,245,1,-1,-1,-1
1798,111,1414,1083,275,228,1,-1,-1,-1
1799,111,1459,1079,255,215,1,-1,-1,-1
1800,111,1498,1076,237,202,1,-1,-1,-1
1801,111,1530,1073,221,191,1,-1,-1,-1
1802,111,1559,1069,208,181,1,-1,-1,-1
1803,111,1582,1066,197,172,1,-1,-1,-1
1804,111,1604,1062,186,163,1,-1,-1,-1
1805,111,1623,1058,175,156,1,-1,-1,-1
1806,111,1639,1054,166,149,1,-1,-1,-1
1807,111,1652,1050,159,143,1,-1,-1,-1
1808,111,1664,1047,153,137,1,-1,-1,-1
1809,111,1676,1042,145,132,1,-1,-1,-1
1810,111,1686,1038,139,128,1,-1,-1,-1
1811,111,1695,1033,134,123,1,-1,-1,-1
1812,111,1701,1031,130,118,1,-1,-1,-1
1813,111,1710,1029,124,114,1,-1,-1,-1
1814,111,1715,1025,116,110,1,-1,-1,-1
1815,111,1722,1023,109,106,1,-1,-1,-1
1816,111,1727,1021,109,103,1,-1,-1,-1
1817,111,1731,1018,104,100,1,-1,-1,-1
1818,111,1735,1016,100,96,1,-1,-1,-1
1819,111,1738,1013,93,94,1,-1,-1,-1
1820,111,1742,1011,89,91,1,-1,-1,-1
1821,111,1744,1008,88,90,1,-1,-1,-1
1822,111,1746,1006,86,87,1,-1,-1,-1
1823,111,1749,1003,82,85,1,-1,-1,-1
1824,111,1750,1002,81,82,1,-1,-1,-1
1825,111,1751,998,82,81,1,-1,-1,-1
1826,111,1753,994,79,81,1,-1,-1,-1
1827,111,1754,993,76,78,1,-1,-1,-1
1828,111,1755,991,74,77,1,-1,-1,-1
1829,111,1756,990,73,74,1,-1,-1,-1
1830,111,1757,989,71,72,1,-1,-1,-1
1831,111,1756,987,71,70,1,-1,-1,-1
1832,111,1756,986,69,68,1,-1,-1,-1
1833,111,1756,985,68,65,1,-1,-1,-1
1834,111,1756,984,68,63,1,-1,-1,-1
1835,111,1755,981,66,63,1,-1,-1,-1
1836,111,1756,979,63,62,1,-1,-1,-1
1837,111,1755,977,63,61,1,-1,-1,-1
1838,111,1755,976,63,60,1,-1,-1,-1
1839,111,1754,974,62,59,1,-1,-1,-1
1840,111,1754,973,59,58,1,-1,-1,-1
1841,111,1754,972,58,57,1,-1,-1,-1
1842,111,1754,971,57,55,1,-1,-1,-1
1843,111,1753,969,57,55,1,-1,-1,-1
1844,111,1753,968,56,54,1,-1,-1,-1
1845,111,1753,968,54,52,1,-1,-1,-1
1846,111,1753,967,54,51,1,-1,-1,-1
1847,111,1754,965,53,50,1,-1,-1,-1
1848,111,1754,965,52,49,1,-1,-1,-1
1849,111,1755,965,50,48,1,-1,-1,-1
1850,111,1755,964,49,47,1,-1,-1,-1
1851,111,1756,963,48,46,1,-1,-1,-1
1852,111,1757,963,47,45,1,-1,-1,-1
1853,111,1757,963,46,45,1,-1,-1,-1
1854,111,1757,963,45,43,1,-1,-1,-1
1855,111,1757,962,46,43,1,-1,-1,-1
1856,111,1757,962,46,43,1,-1,-1,-1
1857,111,1757,961,46,43,1,-1,-1,-1
1858,111,1757,961,46,43,1,-1,-1,-1
1861,111,1758,961,44,41,1,-1,-1,-1
1862,111,1759,960,44,41,1,-1,-1,-1
1863,111,1759,960,42,40,1,-1,-1,-1
1864,111,1759,960,41,39,1,-1,-1,-1
1865,111,1759,960,41,39,1,-1,-1,-1
1866,111,1758,959,41,38,1,-1,-1,-1
1867,111,1758,960,38,37,1,-1,-1,-1
1868,111,1759,959,37,37,1,-1,-1,-1
1869,111,1759,960,36,36,1,-1,-1,-1
1870,111,1759,960,36,35,1,-1,-1,-1
1871,111,1759,959,36,35,1,-1,-1,-1
1872,111,1759,959,35,34,1,-1,-1,-1
1873,111,1758,959,35,34,1,-1,-1,-1
1874,111,1759,958,34,34,1,-1,-1,-1
1875,111,1759,958,33,34,1,-1,-1,-1
1876,111,1759,958,33,33,1,-1,-1,-1
1877,111,1759,958,32,33,1,-1,-1,-1
1878,111,1759,958,31,32,1,-1,-1,-1
1879,111,1759,957,31,32,1,-1,-1,-1
1880,111,1759,958,31,31,1,-1,-1,-1
1881,111,1758,957,31,30,1,-1,-1,-1
1882,111,1758,957,31,30,1,-1,-1,-1
1883,111,1758,956,31,30,1,-1,-1,-1
1884,111,1758,956,31,29,1,-1,-1,-1
1885,111,1757,956,31,29,1,-1,-1,-1
1886,111,1757,956,32,29,1,-1,-1,-1
1887,111,1756,956,32,29,1,-1,-1,-1
1888,111,1756,956,32,28,1,-1,-1,-1
1889,111,1756,956,32,28,1,-1,-1,-1
1890,111,1755,956,32,28,1,-1,-1,-1
1891,111,1755,956,31,27,1,-1,-1,-1
1892,111,1755,956,31,27,1,-1,-1,-1
1893,111,1755,956,31,27,1,-1,-1,-1
1894,111,1754,955,30,27,1,-1,-1,-1
1895,111,1754,955,29,26,1,-1,-1,-1
1896,111,1754,955,29,26,1,-1,-1,-1
1897,111,1754,954,26,25,1,-1,-1,-1
1898,111,1754,954,27,25,1,-1,-1,-1
1899,111,1753,954,26,25,1,-1,-1,-1
1900,111,1753,954,25,25,1,-1,-1,-1
1901,111,1752,953,25,25,1,-1,-1,-1
1902,111,1752,954,26,24,1,-1,-1,-1
1903,111,1751,953,26,24,1,-1,-1,-1
1904,111,1751,952,27,25,1,-1,-1,-1
1905,111,1750,952,27,24,1,-1,-1,-1
1906,111,1750,952,27,24,1,-1,-1,-1
1907,111,1750,952,25,23,1,-1,-1,-1
1908,111,1750,952,24,22,1,-1,-1,-1
1909,111,1751,953,23,21,1,-1,-1,-1
1910,111,1750,952,23,21,1,-1,-1,-1
1911,111,1749,952,23,22,1,-1,-1,-1
1912,111,1749,951,23,21,1,-1,-1,-1
1913,111,1749,952,23,21,1,-1,-1,-1
1914,111,1749,951,23,21,1,-1,-1,-1
1915,111,1749,951,23,21,1,-1,-1,-1
1916,111,1749,951,23,20,1,-1,-1,-1
1917,111,1749,950,24,22,1,-1,-1,-1
1918,111,1748,950,24,22,1,-1,-1,-1
1919,111,1749,951,22,21,1,-1,-1,-1
1788,112,1744,945,21,19,1,-1,-1,-1
1789,112,1743,945,22,20,1,-1,-1,-1
1790,112,1744,946,22,19,1,-1,-1,-1
1791,112,1743,946,21,20,1,-1,-1,-1
1792,112,1743,946,21,20,1,-1,-1,-1
1793,112,1743,946,21,19,1,-1,-1,-1
1794,112,1744,946,21,18,1,-1,-1,-1
1795,112,1743,946,20,18,1,-1,-1,-1
1789,113,1344,797,84,62,1,-1,-1,-1
1790,113,1344,797,84,62,1,-1,-1,-1
1791,113,1344,797,84,62,1,-1,-1,-1
1792,113,1344,797,84,62,1,-1,-1,-1
1793,113,1346,798,83,62,1,-1,-1,-1
1794,113,1346,798,83,62,1,-1,-1,-1
1795,113,1346,798,83,62,1,-1,-1,-1
1796,113,1345,797,83,62,1,-1,-1,-1
1797,113,1343,797,85,62,1,-1,-1,-1
1798,113,1343,797,85,62,1,-1,-1,-1
1799,113,1343,797,85,62,1,-1,-1,-1
1800,113,1342,797,86,62,1,-1,-1,-1
1801,113,1342,797,86,63,1,-1,-1,-1
1802,113,1343,797,86,63,1,-1,-1,-1
1803,113,1343,797,86,63,1,-1,-1,-1
1804,113,1343,797,86,63,1,-1,-1,-1
1805,113,1342,797,86,62,1,-1,-1,-1
1806,113,1343,797,86,62,1,-1,-1,-1
1807,113,1343,797,85,61,1,-1,-1,-1
1808,113,1342,797,86,62,1,-1,-1,-1
1809,113,1342,797,86,61,1,-1,-1,-1
1810,113,1342,797,86,61,1,-1,-1,-1
1811,113,1342,797,86,61,1,-1,-1,-1
1812,113,1342,797,86,61,1,-1,-1,-1
1813,113,1344,797,85,62,1,-1,-1,-1
1814,113,1344,797,85,62,1,-1,-1,-1
1815,113,1344,797,85,62,1,-1,-1,-1
1816,113,1344,797,85,62,1,-1,-1,-1
1817,113,1343,797,85,62,1,-1,-1,-1
1818,113,1344,797,85,62,1,-1,-1,-1
1819,113,1344,797,85,62,1,-1,-1,-1
1820,113,1343,797,85,62,1,-1,-1,-1
1821,113,1344,797,84,61,1,-1,-1,-1
1822,113,1344,797,85,61,1,-1,-1,-1
1823,113,1344,797,85,62,1,-1,-1,-1
1824,113,1344,797,84,62,1,-1,-1,-1
1825,113,1344,797,85,61,1,-1,-1,-1
1826,113,1344,797,84,61,1,-1,-1,-1
1827,113,1344,797,84,61,1,-1,-1,-1
1828,113,1344,798,84,61,1,-1,-1,-1
1829,113,1344,797,84,61,1,-1,-1,-1
1830,113,1344,798,84,61,1,-1,-1,-1
1831,113,1344,798,84,61,1,-1,-1,-1
1832,113,1345,798,84,61,1,-1,-1,-1
1833,113,1344,798,84,61,1,-1,-1,-1
1834,113,1344,798,84,61,1,-1,-1,-1
1835,113,1344,797,85,62,1,-1,-1,-1
1836,113,1344,797,85,62,1,-1,-1,-1
1837,113,1344,797,85,62,1,-1,-1,-1
1838,113,1343,797,85,62,1,-1,-1,-1
1839,113,1344,797,85,62,1,-1,-1,-1
1840,113,1344,797,85,62,1,-1,-1,-1
1841,113,1344,797,84,62,1,-1,-1,-1
1842,113,1344,797,85,62,1,-1,-1,-1
1843,113,1344,797,85,62,1,-1,-1,-1
1844,113,1344,797,85,62,1,-1,-1,-1
1845,113,1344,797,85,62,1,-1,-1,-1
1846,113,1344,797,85,62,1,-1,-1,-1
1847,113,1347,798,81,60,1,-1,-1,-1
1848,113,1346,798,81,60,1,-1,-1,-1
1849,113,1346,798,82,60,1,-1,-1,-1
1850,113,1346,798,82,60,1,-1,-1,-1
1851,113,1345,798,82,60,1,-1,-1,-1
1852,113,1346,798,82,60,1,-1,-1,-1
1853,113,1345,798,82,60,1,-1,-1,-1
1854,113,1345,798,82,60,1,-1,-1,-1
1855,113,1345,798,82,60,1,-1,-1,-1
1856,113,1346,798,81,60,1,-1,-1,-1
1857,113,1346,798,82,61,1,-1,-1,-1
1858,113,1346,798,81,61,1,-1,-1,-1
1859,113,1346,798,81,60,1,-1,-1,-1
1860,113,1346,798,81,60,1,-1,-1,-1
1861,113,1347,799,81,60,1,-1,-1,-1
1862,113,1347,799,81,60,1,-1,-1,-1
1863,113,1346,798,81,61,1,-1,-1,-1
1864,113,1346,798,82,61,1,-1,-1,-1
1865,113,1346,798,82,62,1,-1,-1,-1
1866,113,1345,798,83,62,1,-1,-1,-1
1867,113,1344,798,84,62,1,-1,-1,-1
1868,113,1344,798,84,62,1,-1,-1,-1
1869,113,1344,798,84,62,1,-1,-1,-1
1870,113,1345,798,83,62,1,-1,-1,-1
1871,113,1344,798,84,63,1,-1,-1,-1
1872,113,1344,798,84,62,1,-1,-1,-1
1873,113,1343,797,84,62,1,-1,-1,-1
1874,113,1343,797,84,62,1,-1,-1,-1
1875,113,1343,797,84,62,1,-1,-1,-1
1876,113,1343,797,84,62,1,-1,-1,-1
1877,113,1343,797,86,62,1,-1,-1,-1
1878,113,1343,797,86,62,1,-1,-1,-1
1879,113,1342,797,86,62,1,-1,-1,-1
1880,113,1342,797,86,62,1,-1,-1,-1
1881,113,1342,797,86,62,1,-1,-1,-1
1882,113,1341,797,87,62,1,-1,-1,-1
1883,113,1341,797,87,62,1,-1,-1,-1
1884,113,1341,797,87,62,1,-1,-1,-1
1885,113,1342,797,86,62,1,-1,-1,-1
1886,113,1341,797,87,62,1,-1,-1,-1
1887,113,1341,797,87,62,1,-1,-1,-1
1888,113,1341,797,87,62,1,-1,-1,-1
1889,113,1340,797,88,63,1,-1,-1,-1
1890,113,1341,797,87,62,1,-1,-1,-1
1891,113,1341,797,87,62,1,-1,-1,-1
1892,113,1341,797,87,62,1,-1,-1,-1
1893,113,1341,797,88,62,1,-1,-1,-1
1894,113,1341,797,87,63,1,-1,-1,-1
1895,113,1341,797,87,63,1,-1,-1,-1
1896,113,1341,797,87,63,1,-1,-1,-1
1897,113,1347,798,81,61,1,-1,-1,-1
1898,113,1347,798,81,61,1,-1,-1,-1
1899,113,1348,798,80,61,1,-1,-1,-1
1900,113,1348,798,80,61,1,-1,-1,-1
1901,113,1348,798,80,61,1,-1,-1,-1
1902,113,1348,798,80,61,1,-1,-1,-1
1903,113,1348,798,81,61,1,-1,-1,-1
1904,113,1348,798,81,61,1,-1,-1,-1
1905,113,1347,798,81,61,1,-1,-1,-1
1906,113,1347,798,81,61,1,-1,-1,-1
1907,113,1345,797,85,62,1,-1,-1,-1
1908,113,1344,797,85,62,1,-1,-1,-1
1909,113,1344,798,84,62,1,-1,-1,-1
1910,113,1343,798,85,62,1,-1,-1,-1
1911,113,1343,797,85,62,1,-1,-1,-1
1912,113,1344,798,85,62,1,-1,-1,-1
1913,113,1344,798,85,62,1,-1,-1,-1
1914,113,1343,797,85,62,1,-1,-1,-1
1915,113,1343,797,85,62,1,-1,-1,-1
1916,113,1344,797,84,62,1,-1,-1,-1
1917,113,1341,797,88,63,1,-1,-1,-1
1918,113,1341,797,88,63,1,-1,-1,-1
1919,113,1340,797,88,63,1,-1,-1,-1
1920,113,1340,798,88,63,1,-1,-1,-1
1921,113,1339,797,88,62,1,-1,-1,-1
1922,113,1340,797,88,62,1,-1,-1,-1
1923,113,1340,797,88,62,1,-1,-1,-1
1924,113,1340,797,88,62,1,-1,-1,-1
1925,113,1339,797,88,63,1,-1,-1,-1
1926,113,1339,797,88,63,1,-1,-1,-1
1927,113,1343,797,82,62,1,-1,-1,-1
1928,113,1344,797,84,61,1,-1,-1,-1
1929,113,1344,797,84,61,1,-1,-1,-1
1930,113,1344,797,84,62,1,-1,-1,-1
1931,113,1343,797,85,62,1,-1,-1,-1
1932,113,1343,797,85,61,1,-1,-1,-1
1957,113,1345,797,84,62,1,-1,-1,-1
1958,113,1345,798,84,62,1,-1,-1,-1
1959,113,1345,798,84,62,1,-1,-1,-1
1960,113,1346,798,83,62,1,-1,-1,-1
1961,113,1345,798,83,62,1,-1,-1,-1
1962,113,1345,798,83,62,1,-1,-1,-1
1963,113,1344,797,85,62,1,-1,-1,-1
1964,113,1345,797,84,62,1,-1,-1,-1
1965,113,1345,798,83,62,1,-1,-1,-1
1966,113,1345,798,83,62,1,-1,-1,-1
1967,113,1345,797,83,63,1,-1,-1,-1
1968,113,1345,797,83,63,1,-1,-1,-1
1969,113,1349,798,79,61,1,-1,-1,-1
1970,113,1349,798,79,61,1,-1,-1,-1
1971,113,1350,798,79,61,1,-1,-1,-1
1972,113,1350,798,79,62,1,-1,-1,-1
1973,113,1349,798,79,61,1,-1,-1,-1
1974,113,1349,798,79,62,1,-1,-1,-1
1975,113,1349,797,80,62,1,-1,-1,-1
1976,113,1348,797,81,63,1,-1,-1,-1
1977,113,1344,797,84,63,1,-1,-1,-1
1978,113,1345,797,83,63,1,-1,-1,-1
1979,113,1344,796,84,63,1,-1,-1,-1
1980,113,1344,796,85,63,1,-1,-1,-1
1981,113,1346,797,82,63,1,-1,-1,-1
1982,113,1346,797,82,63,1,-1,-1,-1
1983,113,1346,797,82,63,1,-1,-1,-1
1984,113,1346,797,82,63,1,-1,-1,-1
1985,113,1347,797,81,63,1,-1,-1,-1
1986,113,1347,797,81,63,1,-1,-1,-1
1987,113,1345,797,83,62,1,-1,-1,-1
1988,113,1344,797,83,62,1,-1,-1,-1
1989,113,1345,797,82,62,1,-1,-1,-1
1990,113,1345,797,83,62,1,-1,-1,-1
1991,113,1344,797,83,63,1,-1,-1,-1
1992,113,1345,797,83,63,1,-1,-1,-1
1993,113,1349,797,80,62,1,-1,-1,-1
1994,113,1349,797,80,62,1,-1,-1,-1
1995,113,1349,797,80,62,1,-1,-1,-1
1996,113,1348,797,80,62,1,-1,-1,-1
1997,113,1346,797,83,63,1,-1,-1,-1
1998,113,1346,797,83,63,1,-1,-1,-1
1999,113,1346,797,83,63,1,-1,-1,-1
2000,113,1346,797,83,63,1,-1,-1,-1
2001,113,1333,797,96,63,1,-1,-1,-1
2002,113,1333,797,96,63,1,-1,-1,-1
2003,113,1333,797,96,63,1,-1,-1,-1
2004,113,1333,797,96,63,1,-1,-1,-1
2005,113,1335,797,94,63,1,-1,-1,-1
2006,113,1333,797,96,63,1,-1,-1,-1
2007,113,1347,797,82,63,1,-1,-1,-1
2008,113,1347,797,82,63,1,-1,-1,-1
2009,113,1347,797,82,64,1,-1,-1,-1
2010,113,1346,797,82,64,1,-1,-1,-1
2011,113,1347,797,82,63,1,-1,-1,-1
2012,113,1346,797,83,63,1,-1,-1,-1
2013,113,1347,797,82,63,1,-1,-1,-1
2014,113,1346,797,83,63,1,-1,-1,-1
2015,113,1346,797,83,63,1,-1,-1,-1
2016,113,1344,797,85,63,1,-1,-1,-1
2017,113,1346,797,81,63,1,-1,-1,-1
2018,113,1346,797,81,63,1,-1,-1,-1
2019,113,1346,797,81,63,1,-1,-1,-1
2020,113,1346,797,81,63,1,-1,-1,-1
2021,113,1347,797,80,63,1,-1,-1,-1
2022,113,1347,797,80,63,1,-1,-1,-1
2023,113,1348,797,80,63,1,-1,-1,-1
2024,113,1347,797,80,63,1,-1,-1,-1
2025,113,1347,797,80,63,1,-1,-1,-1
2026,113,1347,797,80,63,1,-1,-1,-1
2027,113,1348,797,80,63,1,-1,-1,-1
2028,113,1348,797,80,63,1,-1,-1,-1
2029,113,1347,797,82,63,1,-1,-1,-1
2030,113,1347,797,82,63,1,-1,-1,-1
2031,113,1348,797,82,63,1,-1,-1,-1
2032,113,1347,797,82,63,1,-1,-1,-1
2033,113,1347,797,82,63,1,-1,-1,-1
2034,113,1348,797,82,63,1,-1,-1,-1
2035,113,1348,797,82,63,1,-1,-1,-1
2036,113,1348,797,81,62,1,-1,-1,-1
2037,113,1346,797,84,63,1,-1,-1,-1
2038,113,1346,797,83,63,1,-1,-1,-1
2039,113,1346,797,84,63,1,-1,-1,-1
2040,113,1347,797,82,63,1,-1,-1,-1
2041,113,1349,798,80,62,1,-1,-1,-1
2042,113,1346,797,82,62,1,-1,-1,-1
2043,113,1348,798,80,62,1,-1,-1,-1
2044,113,1347,798,81,62,1,-1,-1,-1
2045,113,1347,798,81,62,1,-1,-1,-1
2046,113,1348,798,81,62,1,-1,-1,-1
2047,113,1345,797,83,62,1,-1,-1,-1
2048,113,1344,797,84,62,1,-1,-1,-1
2049,113,1344,797,84,62,1,-1,-1,-1
2050,113,1344,797,83,62,1,-1,-1,-1
2051,113,1344,797,82,61,1,-1,-1,-1
2052,113,1342,797,84,62,1,-1,-1,-1
2053,113,1343,797,83,62,1,-1,-1,-1
2054,113,1344,797,83,62,1,-1,-1,-1
2055,113,1344,797,83,62,1,-1,-1,-1
2056,113,1343,797,83,62,1,-1,-1,-1
1801,114,1044,750,70,50,1,-1,-1,-1
1802,114,1044,750,70,50,1,-1,-1,-1
1803,114,1044,750,70,50,1,-1,-1,-1
1804,114,1044,750,70,50,1,-1,-1,-1
1805,114,1044,750,70,50,1,-1,-1,-1
1806,114,1044,750,70,50,1,-1,-1,-1
1807,114,1045,750,69,49,1,-1,-1,-1
1847,115,1665,1087,31,16,1,-1,-1,-1
1848,115,1664,1087,33,16,1,-1,-1,-1
1849,115,1665,1087,31,16,1,-1,-1,-1
1850,115,1664,1087,31,16,1,-1,-1,-1
1851,115,1664,1087,32,16,1,-1,-1,-1
1852,115,1664,1087,32,16,1,-1,-1,-1
1853,115,1664,1087,31,16,1,-1,-1,-1
1854,115,1664,1087,31,16,1,-1,-1,-1
1855,115,1664,1087,31,16,1,-1,-1,-1
1856,115,1664,1087,32,16,1,-1,-1,-1
1857,115,1664,1087,32,16,1,-1,-1,-1
1858,115,1664,1087,32,16,1,-1,-1,-1
1859,115,1664,1087,32,16,1,-1,-1,-1
1860,115,1664,1087,32,16,1,-1,-1,-1
1861,115,1664,1087,30,16,1,-1,-1,-1
1862,115,1664,1087,31,16,1,-1,-1,-1
1863,115,1664,1087,31,16,1,-1,-1,-1
1864,115,1664,1087,31,16,1,-1,-1,-1
1865,115,1664,1087,31,16,1,-1,-1,-1
1866,115,1664,1087,31,16,1,-1,-1,-1
1867,115,1664,1086,24,17,1,-1,-1,-1
1868,115,1664,1086,24,17,1,-1,-1,-1
1873,115,1665,1088,24,15,1,-1,-1,-1
1874,115,1665,1088,24,15,1,-1,-1,-1
1875,115,1665,1088,24,15,1,-1,-1,-1
1876,115,1665,1088,23,15,1,-1,-1,-1
1877,116,1470,846,73,51,1,-1,-1,-1
1878,116,1470,846,73,51,1,-1,-1,-1
1879,116,1470,846,73,51,1,-1,-1,-1
1880,116,1470,847,73,50,1,-1,-1,-1
1881,116,1470,847,72,50,1,-1,-1,-1
1882,116,1470,848,72,49,1,-1,-1,-1
1883,116,1471,847,72,50,1,-1,-1,-1
1884,116,1471,847,72,50,1,-1,-1,-1
1885,116,1470,847,73,50,1,-1,-1,-1
1886,116,1470,847,73,50,1,-1,-1,-1
1887,116,1470,847,72,49,1,-1,-1,-1
1888,116,1470,847,72,49,1,-1,-1,-1
1889,116,1470,847,72,49,1,-1,-1,-1
1890,116,1470,847,72,49,1,-1,-1,-1
1891,116,1471,847,72,49,1,-1,-1,-1
1892,116,1470,847,72,50,1,-1,-1,-1
1893,116,1471,847,72,50,1,-1,-1,-1
1894,116,1471,847,72,50,1,-1,-1,-1
1895,116,1471,847,71,50,1,-1,-1,-1
1896,116,1471,847,72,50,1,-1,-1,-1
1897,116,1471,847,72,47,1,-1,-1,-1
1898,116,1471,848,72,47,1,-1,-1,-1
1899,116,1471,847,72,47,1,-1,-1,-1
1900,116,1470,848,72,47,1,-1,-1,-1
1901,116,1470,847,72,47,1,-1,-1,-1
1902,116,1470,848,72,47,1,-1,-1,-1
1903,116,1470,848,72,47,1,-1,-1,-1
1904,116,1470,848,72,47,1,-1,-1,-1
1905,116,1470,848,72,47,1,-1,-1,-1
1906,116,1470,848,72,47,1,-1,-1,-1
1907,116,1471,848,73,49,1,-1,-1,-1
1908,116,1471,848,73,49,1,-1,-1,-1
1909,116,1471,848,74,48,1,-1,-1,-1
1910,116,1471,848,74,48,1,-1,-1,-1
1911,116,1471,848,74,48,1,-1,-1,-1
1912,116,1471,848,74,48,1,-1,-1,-1
1913,116,1471,848,74,48,1,-1,-1,-1
1914,116,1471,848,74,49,1,-1,-1,-1
1915,116,1471,847,73,49,1,-1,-1,-1
1916,116,1471,847,73,49,1,-1,-1,-1
1917,116,1470,848,74,49,1,-1,-1,-1
1918,116,1470,848,74,49,1,-1,-1,-1
1919,116,1470,848,74,49,1,-1,-1,-1
1920,116,1470,848,72,49,1,-1,-1,-1
1921,116,1470,847,73,49,1,-1,-1,-1
1922,116,1470,847,73,49,1,-1,-1,-1
1923,116,1470,847,73,49,1,-1,-1,-1
1924,116,1470,847,73,49,1,-1,-1,-1
1925,116,1470,847,73,49,1,-1,-1,-1
1926,116,1470,847,73,49,1,-1,-1,-1
1927,116,1470,848,74,49,1,-1,-1,-1
1928,116,1470,848,74,49,1,-1,-1,-1
1929,116,1470,848,74,49,1,-1,-1,-1
1930,116,1470,848,74,49,1,-1,-1,-1
1931,116,1470,848,74,49,1,-1,-1,-1
1932,116,1470,848,74,49,1,-1,-1,-1
1933,116,1470,848,74,49,1,-1,-1,-1
1934,116,1470,848,74,49,1,-1,-1,-1
1935,116,1470,848,74,49,1,-1,-1,-1
1936,116,1470,848,74,49,1,-1,-1,-1
1937,116,1469,847,75,49,1,-1,-1,-1
1938,116,1469,847,74,49,1,-1,-1,-1
1939,116,1469,847,75,49,1,-1,-1,-1
1940,116,1469,847,74,49,1,-1,-1,-1
1941,116,1469,847,74,49,1,-1,-1,-1
1942,116,1469,847,74,49,1,-1,-1,-1
1943,116,1469,847,74,49,1,-1,-1,-1
1944,116,1470,847,74,49,1,-1,-1,-1
1945,116,1469,847,75,49,1,-1,-1,-1
1946,116,1469,847,74,49,1,-1,-1,-1
1897,117,1706,932,26,26,1,-1,-1,-1
1898,117,1706,933,26,26,1,-1,-1,-1
1899,117,1706,933,26,26,1,-1,-1,-1
1900,117,1706,933,26,27,1,-1,-1,-1
1901,117,1705,933,27,26,1,-1,-1,-1
1902,117,1705,933,27,26,1,-1,-1,-1
1903,117,1704,933,27,27,1,-1,-1,-1
1904,117,1705,934,27,26,1,-1,-1,-1
1905,117,1706,938,25,24,1,-1,-1,-1
1906,117,1706,939,26,23,1,-1,-1,-1
1907,117,1704,940,27,23,1,-1,-1,-1
1908,117,1705,941,26,23,1,-1,-1,-1
1909,117,1704,945,26,19,1,-1,-1,-1
1910,117,1704,944,27,20,1,-1,-1,-1
1911,117,1703,939,28,25,1,-1,-1,-1
1912,117,1703,935,28,29,1,-1,-1,-1
1913,117,1703,934,28,31,1,-1,-1,-1
1914,117,1703,934,28,31,1,-1,-1,-1
1915,117,1703,936,28,29,1,-1,-1,-1
1916,117,1703,937,28,29,1,-1,-1,-1
1917,117,1703,938,29,27,1,-1,-1,-1
1918,117,1703,939,29,26,1,-1,-1,-1
1919,117,1702,940,29,26,1,-1,-1,-1
1920,117,1702,940,29,26,1,-1,-1,-1
1921,117,1703,938,29,28,1,-1,-1,-1
1922,117,1702,936,30,31,1,-1,-1,-1
1923,117,1701,936,31,30,1,-1,-1,-1
1924,117,1701,935,31,32,1,-1,-1,-1
1925,117,1700,936,32,31,1,-1,-1,-1
1926,117,1700,936,32,32,1,-1,-1,-1
1927,117,1700,933,32,34,1,-1,-1,-1
1928,117,1700,933,32,35,1,-1,-1,-1
1929,117,1700,934,32,35,1,-1,-1,-1
1930,117,1700,934,32,35,1,-1,-1,-1
1931,117,1700,934,33,36,1,-1,-1,-1
1932,117,1699,936,33,34,1,-1,-1,-1
1933,117,1699,942,32,28,1,-1,-1,-1
1934,117,1699,938,32,32,1,-1,-1,-1
1935,117,1698,936,33,35,1,-1,-1,-1
1936,117,1698,935,33,36,1,-1,-1,-1
1937,117,1699,936,33,36,1,-1,-1,-1
1938,117,1698,935,33,37,1,-1,-1,-1
1939,117,1698,934,34,39,1,-1,-1,-1
1940,117,1699,934,33,40,1,-1,-1,-1
1941,117,1699,934,34,40,1,-1,-1,-1
1942,117,1699,933,34,40,1,-1,-1,-1
1943,117,1698,936,35,38,1,-1,-1,-1
1944,117,1697,935,36,39,1,-1,-1,-1
1945,117,1698,945,36,30,1,-1,-1,-1
1946,117,1698,944,37,31,1,-1,-1,-1
1947,117,1697,945,38,31,1,-1,-1,-1
1948,117,1697,945,38,31,1,-1,-1,-1
1949,117,1697,945,40,32,1,-1,-1,-1
1950,117,1697,940,41,36,1,-1,-1,-1
1951,117,1696,935,45,43,1,-1,-1,-1
1952,117,1696,935,46,44,1,-1,-1,-1
1953,117,1695,944,45,35,1,-1,-1,-1
1954,117,1696,942,45,38,1,-1,-1,-1
1955,117,1696,945,45,35,1,-1,-1,-1
1956,117,1696,945,45,36,1,-1,-1,-1
1957,117,1697,946,43,35,1,-1,-1,-1
1958,117,1696,945,45,37,1,-1,-1,-1
1959,117,1697,947,44,35,1,-1,-1,-1
1960,117,1698,944,45,39,1,-1,-1,-1
1961,117,1697,941,47,43,1,-1,-1,-1
1962,117,1695,939,49,46,1,-1,-1,-1
1963,117,1696,936,48,50,1,-1,-1,-1
1964,117,1696,939,48,48,1,-1,-1,-1
1965,117,1695,936,50,52,1,-1,-1,-1
1966,117,1694,937,51,52,1,-1,-1,-1
1967,117,1694,939,51,50,1,-1,-1,-1
1968,117,1693,938,53,52,1,-1,-1,-1
1969,117,1694,939,52,52,1,-1,-1,-1
1970,117,1693,940,53,52,1,-1,-1,-1
1971,117,1691,940,53,52,1,-1,-1,-1
1972,117,1691,941,53,53,1,-1,-1,-1
1973,117,1691,943,54,52,1,-1,-1,-1
1974,117,1690,944,55,52,1,-1,-1,-1
1975,117,1690,944,54,53,1,-1,-1,-1
1976,117,1690,945,54,54,1,-1,-1,-1
1977,117,1688,943,57,57,1,-1,-1,-1
1978,117,1687,944,57,57,1,-1,-1,-1
1979,117,1686,944,58,58,1,-1,-1,-1
1980,117,1685,943,59,59,1,-1,-1,-1
1981,117,1684,944,61,61,1,-1,-1,-1
1982,117,1684,945,61,61,1,-1,-1,-1
1983,117,1683,946,61,61,1,-1,-1,-1
1984,117,1682,947,62,61,1,-1,-1,-1
1985,117,1681,947,63,62,1,-1,-1,-1
1986,117,1681,946,64,64,1,-1,-1,-1
1987,117,1680,947,63,65,1,-1,-1,-1
1988,117,1678,946,65,68,1,-1,-1,-1
1989,117,1677,946,66,69,1,-1,-1,-1
1990,117,1676,947,68,71,1,-1,-1,-1
1991,117,1675,946,70,73,1,-1,-1,-1
1992,117,1674,947,72,74,1,-1,-1,-1
1993,117,1672,948,73,75,1,-1,-1,-1
1994,117,1670,948,73,77,1,-1,-1,-1
1995,117,1668,951,73,75,1,-1,-1,-1
1996,117,1667,955,73,74,1,-1,-1,-1
1997,117,1666,955,73,74,1,-1,-1,-1
1998,117,1664,956,75,75,1,-1,-1,-1
1999,117,1662,956,77,77,1,-1,-1,-1
2000,117,1659,958,80,78,1,-1,-1,-1
2001,117,1658,958,80,80,1,-1,-1,-1
2002,117,1656,960,80,80,1,-1,-1,-1
2003,117,1653,960,84,82,1,-1,-1,-1
2004,117,1650,962,86,82,1,-1,-1,-1
2005,117,1648,963,89,84,1,-1,-1,-1
2006,117,1645,963,90,86,1,-1,-1,-1
2007,117,1642,964,92,86,1,-1,-1,-1
2008,117,1640,964,94,89,1,-1,-1,-1
2009,117,1636,965,95,91,1,-1,-1,-1
2010,117,1634,964,97,94,1,-1,-1,-1
2011,117,1629,967,96,95,1,-1,-1,-1
2012,117,1627,967,98,95,1,-1,-1,-1
2013,117,1623,969,102,95,1,-1,-1,-1
2014,117,1619,971,103,97,1,-1,-1,-1
2015,117,1615,972,105,99,1,-1,-1,-1
2016,117,1611,972,108,101,1,-1,-1,-1
2017,117,1606,974,110,103,1,-1,-1,-1
2018,117,1601,975,112,103,1,-1,-1,-1
2019,117,1597,976,113,106,1,-1,-1,-1
2020,117,1591,976,115,108,1,-1,-1,-1
2021,117,1585,977,121,111,1,-1,-1,-1
2022,117,1578,978,124,112,1,-1,-1,-1
2023,117,1571,979,127,114,1,-1,-1,-1
2024,117,1563,979,131,117,1,-1,-1,-1
2025,117,1556,980,133,118,1,-1,-1,-1
2026,117,1547,980,137,122,1,-1,-1,-1
2013,118,1689,927,24,19,1,-1,-1,-1
2014,118,1689,927,24,19,1,-1,-1,-1
2015,118,1689,927,24,19,1,-1,-1,-1
2016,118,1688,927,24,19,1,-1,-1,-1
2017,118,1687,926,25,20,1,-1,-1,-1
2018,118,1688,926,25,20,1,-1,-1,-1
2019,118,1688,926,25,20,1,-1,-1,-1
2020,118,1689,926,24,20,1,-1,-1,-1
2021,118,1689,926,24,20,1,-1,-1,-1
2022,118,1689,926,24,20,1,-1,-1,-1
2023,118,1689,926,24,20,1,-1,-1,-1
2024,118,1689,926,24,20,1,-1,-1,-1
2025,118,1689,926,24,20,1,-1,-1,-1
2026,118,1689,926,24,20,1,-1,-1,-1
2027,118,1688,926,23,20,1,-1,-1,-1
2028,118,1688,926,24,20,1,-1,-1,-1
2029,118,1688,926,24,19,1,-1,-1,-1
2030,118,1688,926,24,19,1,-1,-1,-1
2037,118,1687,925,25,20,1,-1,-1,-1
2038,118,1688,926,25,20,1,-1,-1,-1
2039,118,1688,925,25,20,1,-1,-1,-1
2040,118,1688,925,25,20,1,-1,-1,-1
2041,118,1688,925,25,21,1,-1,-1,-1
2042,118,1688,925,25,21,1,-1,-1,-1
2043,118,1688,925,25,21,1,-1,-1,-1
2044,118,1687,924,26,22,1,-1,-1,-1
2045,118,1687,924,26,22,1,-1,-1,-1
2046,118,1687,924,26,22,1,-1,-1,-1
2047,118,1688,925,24,20,1,-1,-1,-1
2048,118,1688,926,24,20,1,-1,-1,-1
2049,118,1688,926,24,20,1,-1,-1,-1
2050,118,1688,925,24,20,1,-1,-1,-1
2051,118,1688,925,24,20,1,-1,-1,-1
2052,118,1688,925,24,20,1,-1,-1,-1
2053,118,1688,925,24,20,1,-1,-1,-1
2054,118,1688,925,24,20,1,-1,-1,-1
2055,118,1688,926,24,20,1,-1,-1,-1
2056,118,1688,926,24,20,1,-1,-1,-1
2057,118,1688,925,24,21,1,-1,-1,-1
2058,118,1688,925,24,21,1,-1,-1,-1
2059,118,1688,925,24,21,1,-1,-1,-1
2060,118,1688,925,24,21,1,-1,-1,-1
2061,118,1688,925,24,21,1,-1,-1,-1
2062,118,1688,925,24,21,1,-1,-1,-1
2047,119,0,524,19,55,1,-1,-1,-1
2048,119,0,524,19,54,1,-1,-1,-1
2049,119,0,524,19,54,1,-1,-1,-1
2050,119,0,524,19,54,1,-1,-1,-1
2051,119,0,524,19,54,1,-1,-1,-1
2052,119,0,524,19,55,1,-1,-1,-1
2053,119,0,525,19,54,1,-1,-1,-1
2054,119,0,525,19,54,1,-1,-1,-1
2055,119,0,526,19,54,1,-1,-1,-1
2056,119,0,526,19,54,1,-1,-1,-1
2057,119,0,526,19,54,1,-1,-1,-1
2058,119,0,526,19,52,1,-1,-1,-1
2059,119,0,526,19,52,1,-1,-1,-1
2060,119,0,526,19,52,1,-1,-1,-1
2061,119,0,526,19,53,1,-1,-1,-1
2062,119,0,526,19,53,1,-1,-1,-1
2063,119,0,525,19,54,1,-1,-1,-1
2064,119,0,525,19,54,1,-1,-1,-1
2065,119,0,525,19,52,1,-1,-1,-1
2066,119,0,525,19,52,1,-1,-1,-1
2067,119,0,527,19,51,1,-1,-1,-1
2068,119,0,526,19,53,1,-1,-1,-1
2069,119,0,526,19,53,1,-1,-1,-1
2070,119,0,527,19,52,1,-1,-1,-1
2071,119,0,527,19,52,1,-1,-1,-1
2072,119,0,527,19,52,1,-1,-1,-1
2073,119,0,526,19,53,1,-1,-1,-1
2074,119,0,524,19,54,1,-1,-1,-1
2075,119,0,524,19,54,1,-1,-1,-1
2076,119,0,524,19,54,1,-1,-1,-1
2077,119,0,527,19,52,1,-1,-1,-1
2088,119,0,525,19,58,1,-1,-1,-1
2089,119,0,528,20,54,1,-1,-1,-1
2090,119,0,528,20,54,1,-1,-1,-1
2091,119,0,528,20,54,1,-1,-1,-1
2092,119,0,528,20,54,1,-1,-1,-1
2093,119,0,528,20,54,1,-1,-1,-1
2094,119,0,528,20,54,1,-1,-1,-1
2095,119,0,527,20,55,1,-1,-1,-1
2096,119,0,526,20,57,1,-1,-1,-1
2097,119,0,526,20,57,1,-1,-1,-1
2098,119,0,527,20,57,1,-1,-1,-1
2099,119,0,526,20,57,1,-1,-1,-1
2100,119,0,523,20,57,1,-1,-1,-1
2101,119,0,515,19,63,1,-1,-1,-1
2102,119,0,515,19,63,1,-1,-1,-1
2103,119,0,515,19,63,1,-1,-1,-1
2104,119,0,515,19,64,1,-1,-1,-1
2105,119,0,515,19,64,1,-1,-1,-1
2106,119,0,515,19,64,1,-1,-1,-1
2107,119,0,515,19,63,1,-1,-1,-1
2108,119,0,515,19,64,1,-1,-1,-1
2109,119,0,515,19,64,1,-1,-1,-1
2110,119,0,524,20,54,1,-1,-1,-1
2111,119,0,524,20,55,1,-1,-1,-1
2112,119,0,524,20,55,1,-1,-1,-1
2113,119,0,524,19,56,1,-1,-1,-1
2114,119,0,524,19,56,1,-1,-1,-1
2115,119,0,525,19,56,1,-1,-1,-1
2116,119,0,525,19,56,1,-1,-1,-1
2117,119,0,525,20,56,1,-1,-1,-1
2118,119,0,525,20,56,1,-1,-1,-1
2119,119,0,525,20,56,1,-1,-1,-1
2120,119,0,525,20,55,1,-1,-1,-1
2121,119,0,528,19,52,1,-1,-1,-1
2122,119,0,528,19,52,1,-1,-1,-1
2123,119,0,528,19,52,1,-1,-1,-1
2124,119,0,528,19,54,1,-1,-1,-1
2089,120,1346,798,81,62,1,-1,-1,-1
2090,120,1346,798,81,61,1,-1,-1,-1
2091,120,1346,798,81,61,1,-1,-1,-1
2092,120,1346,798,81,61,1,-1,-1,-1
2093,120,1345,798,82,62,1,-1,-1,-1
2094,120,1346,798,81,61,1,-1,-1,-1
2095,120,1346,797,81,62,1,-1,-1,-1
2096,120,1345,797,82,62,1,-1,-1,-1
2097,120,1346,798,82,61,1,-1,-1,-1
2098,120,1346,797,81,62,1,-1,-1,-1
2099,120,1346,797,81,62,1,-1,-1,-1
2100,120,1345,797,82,61,1,-1,-1,-1
2101,120,1348,798,81,62,1,-1,-1,-1
2102,120,1348,798,80,62,1,-1,-1,-1
2103,120,1348,798,80,62,1,-1,-1,-1
2104,120,1348,798,80,62,1,-1,-1,-1
2105,120,1348,798,81,62,1,-1,-1,-1
2106,120,1348,798,80,62,1,-1,-1,-1
2107,120,1348,798,81,62,1,-1,-1,-1
2108,120,1349,798,80,62,1,-1,-1,-1
2109,120,1348,798,80,62,1,-1,-1,-1
2110,120,1348,797,80,62,1,-1,-1,-1
2111,120,1348,798,80,62,1,-1,-1,-1
2112,120,1348,798,80,62,1,-1,-1,-1
2125,121,1049,751,65,49,1,-1,-1,-1
2126,121,1049,751,65,49,1,-1,-1,-1
2127,121,1049,751,65,49,1,-1,-1,-1
2128,121,1047,751,66,49,1,-1,-1,-1
2129,121,1048,751,66,50,1,-1,-1,-1
2130,121,1048,751,66,50,1,-1,-1,-1
2131,121,1048,751,66,50,1,-1,-1,-1
2132,121,1048,751,66,50,1,-1,-1,-1
2133,121,1048,751,66,50,1,-1,-1,-1
2134,121,1047,750,66,50,1,-1,-1,-1
2135,121,1047,751,66,50,1,-1,-1,-1
2136,121,1047,751,66,50,1,-1,-1,-1
2137,121,1046,750,66,51,1,-1,-1,-1
2138,121,1046,750,66,51,1,-1,-1,-1
2139,121,1046,749,67,52,1,-1,-1,-1
2140,121,1046,749,67,52,1,-1,-1,-1
2141,121,1046,749,67,52,1,-1,-1,-1
2142,121,1046,749,67,52,1,-1,-1,-1
2143,121,1046,749,67,52,1,-1,-1,-1
2144,121,1046,749,67,52,1,-1,-1,-1
2145,121,1046,749,67,52,1,-1,-1,-1
2146,121,1046,749,67,52,1,-1,-1,-1
2147,121,1046,749,67,52,1,-1,-1,-1
2148,121,1046,749,67,52,1,-1,-1,-1
2149,121,1046,749,67,51,1,-1,-1,-1
2150,121,1046,749,67,51,1,-1,-1,-1
2151,121,1046,749,67,51,1,-1,-1,-1
2152,121,1046,749,66,51,1,-1,-1,-1
2153,121,1046,749,67,52,1,-1,-1,-1
2154,121,1046,749,66,51,1,-1,-1,-1
2155,121,1046,749,66,51,1,-1,-1,-1
2156,121,1046,749,66,51,1,-1,-1,-1
2157,121,1046,749,66,51,1,-1,-1,-1
2158,121,1046,749,66,51,1,-1,-1,-1
2159,121,1046,749,66,51,1,-1,-1,-1
2160,121,1046,749,66,51,1,-1,-1,-1
2161,121,1046,749,67,52,1,-1,-1,-1
2162,121,1046,749,67,52,1,-1,-1,-1
2163,121,1046,749,67,52,1,-1,-1,-1
2164,121,1046,749,67,52,1,-1,-1,-1
2165,121,1046,749,66,52,1,-1,-1,-1
2166,121,1046,749,66,51,1,-1,-1,-1
2167,121,1046,749,66,51,1,-1,-1,-1
2168,121,1046,749,66,51,1,-1,-1,-1
2169,121,1046,749,66,51,1,-1,-1,-1
2170,121,1046,749,66,51,1,-1,-1,-1
2171,121,1046,749,66,51,1,-1,-1,-1
2172,121,1046,749,66,51,1,-1,-1,-1
2173,121,1046,750,67,51,1,-1,-1,-1
2174,121,1046,750,67,51,1,-1,-1,-1
2175,121,1046,751,67,50,1,-1,-1,-1
2176,121,1046,751,67,50,1,-1,-1,-1
2177,121,1046,751,67,50,1,-1,-1,-1
2178,121,1046,751,67,50,1,-1,-1,-1
2179,121,1046,751,67,50,1,-1,-1,-1
2197,121,1045,750,69,50,1,-1,-1,-1
2198,121,1045,750,69,50,1,-1,-1,-1
2199,121,1045,750,69,50,1,-1,-1,-1
2200,121,1046,751,69,49,1,-1,-1,-1
2201,121,1045,752,70,49,1,-1,-1,-1
2202,121,1045,752,70,49,1,-1,-1,-1
2203,121,1046,752,69,48,1,-1,-1,-1
2204,121,1046,752,69,48,1,-1,-1,-1
2205,121,1046,752,68,48,1,-1,-1,-1
2206,121,1046,752,68,48,1,-1,-1,-1
2207,121,1046,752,68,48,1,-1,-1,-1
2208,121,1046,752,68,48,1,-1,-1,-1
2183,122,0,518,19,60,1,-1,-1,-1
2184,122,0,517,19,61,1,-1,-1,-1
2185,122,0,525,19,54,1,-1,-1,-1
2186,122,0,523,19,57,1,-1,-1,-1
2187,122,0,522,19,57,1,-1,-1,-1
2188,122,0,522,19,57,1,-1,-1,-1
2189,122,0,522,19,57,1,-1,-1,-1
2190,122,0,525,19,55,1,-1,-1,-1
2191,122,0,525,19,55,1,-1,-1,-1
2192,122,0,525,19,56,1,-1,-1,-1
2193,122,0,525,19,56,1,-1,-1,-1
2194,122,0,525,19,56,1,-1,-1,-1
2195,122,0,525,19,55,1,-1,-1,-1
2196,122,0,526,19,55,1,-1,-1,-1
2219,122,0,527,20,53,1,-1,-1,-1
2220,122,0,524,19,55,1,-1,-1,-1
2221,122,0,526,19,50,1,-1,-1,-1
2222,122,0,527,19,49,1,-1,-1,-1
2223,122,0,527,19,49,1,-1,-1,-1
2224,122,0,527,19,49,1,-1,-1,-1
2225,122,0,526,19,49,1,-1,-1,-1
2226,122,0,526,19,50,1,-1,-1,-1
2227,122,0,526,19,50,1,-1,-1,-1
2228,122,0,526,19,50,1,-1,-1,-1
2229,122,0,526,19,50,1,-1,-1,-1
2230,122,0,527,19,50,1,-1,-1,-1
2231,122,0,527,19,51,1,-1,-1,-1
2232,122,0,526,19,51,1,-1,-1,-1
2233,122,0,528,19,50,1,-1,-1,-1
2234,122,0,528,19,50,1,-1,-1,-1
2235,122,0,528,19,50,1,-1,-1,-1
2236,122,0,528,19,50,1,-1,-1,-1
2237,122,0,528,19,50,1,-1,-1,-1
2238,122,0,528,19,49,1,-1,-1,-1
2239,122,0,528,19,49,1,-1,-1,-1
2240,122,0,528,20,50,1,-1,-1,-1
2241,122,0,528,20,50,1,-1,-1,-1
2242,122,0,527,20,50,1,-1,-1,-1
2243,122,0,527,20,50,1,-1,-1,-1
2244,122,0,527,20,50,1,-1,-1,-1
2245,122,0,525,20,52,1,-1,-1,-1
2246,122,0,527,20,51,1,-1,-1,-1
2247,122,0,526,20,51,1,-1,-1,-1
2248,122,0,526,20,51,1,-1,-1,-1
2249,122,0,526,20,51,1,-1,-1,-1
2250,122,0,525,20,53,1,-1,-1,-1
2245,123,1688,926,24,19,1,-1,-1,-1
2246,123,1688,926,24,19,1,-1,-1,-1
2247,123,1688,926,24,19,1,-1,-1,-1
2248,123,1688,926,24,19,1,-1,-1,-1
2249,123,1688,926,24,19,1,-1,-1,-1
2250,123,1688,926,24,19,1,-1,-1,-1
2251,123,1688,926,25,20,1,-1,-1,-1
2252,123,1688,926,25,20,1,-1,-1,-1
2253,123,1687,926,25,20,1,-1,-1,-1
2254,123,1688,926,25,20,1,-1,-1,-1
2255,123,1687,926,25,20,1,-1,-1,-1
2256,123,1687,926,25,20,1,-1,-1,-1
841,127,0,627,54,80,1,-1,-1,-1
842,127,0,635,106,79,1,-1,-1,-1
843,127,32,643,125,78,1,-1,-1,-1
844,127,84,654,122,75,1,-1,-1,-1
845,127,134,661,115,75,1,-1,-1,-1
846,127,183,670,109,71,1,-1,-1,-1
847,127,227,676,108,72,1,-1,-1,-1
848,127,271,683,105,72,1,-1,-1,-1
849,127,314,690,99,71,1,-1,-1,-1
850,127,354,697,94,69,1,-1,-1,-1
851,127,392,701,89,69,1,-1,-1,-1
852,127,430,705,83,68,1,-1,-1,-1
853,127,462,712,78,63,1,-1,-1,-1
854,127,492,717,71,61,1,-1,-1,-1
855,127,519,718,72,61,1,-1,-1,-1
856,127,546,722,65,58,1,-1,-1,-1
857,127,571,719,61,64,1,-1,-1,-1
858,127,594,719,68,65,1,-1,-1,-1
859,127,614,723,59,61,1,-1,-1,-1
860,127,635,723,67,61,1,-1,-1,-1
861,127,654,741,53,43,1,-1,-1,-1
862,127,673,739,54,46,1,-1,-1,-1
863,127,690,742,55,44,1,-1,-1,-1
864,127,708,739,58,48,1,-1,-1,-1
865,127,726,746,57,41,1,-1,-1,-1
866,127,745,746,59,44,1,-1,-1,-1
867,127,765,751,56,42,1,-1,-1,-1
868,127,783,750,62,46,1,-1,-1,-1
869,127,803,757,58,42,1,-1,-1,-1
870,127,824,760,56,42,1,-1,-1,-1
871,127,843,761,58,43,1,-1,-1,-1
872,127,863,765,55,43,1,-1,-1,-1
873,127,882,769,55,42,1,-1,-1,-1
874,127,901,772,52,42,1,-1,-1,-1
875,127,919,770,55,47,1,-1,-1,-1
876,127,937,776,50,43,1,-1,-1,-1
877,127,954,780,50,39,1,-1,-1,-1
878,127,972,785,48,38,1,-1,-1,-1
879,127,987,787,43,38,1,-1,-1,-1
880,127,1003,788,44,39,1,-1,-1,-1
881,127,1018,790,42,41,1,-1,-1,-1
886,127,1088,808,44,38,1,-1,-1,-1
887,127,1101,810,43,39,1,-1,-1,-1
888,127,1114,813,42,38,1,-1,-1,-1
889,127,1128,818,40,38,1,-1,-1,-1
890,127,1141,821,40,39,1,-1,-1,-1
891,127,1153,820,40,43,1,-1,-1,-1
892,127,1164,830,38,34,1,-1,-1,-1
1052,128,2496,1631,62,121,1,-1,-1,-1
1053,128,2467,1624,92,134,1,-1,-1,-1
1054,128,2440,1614,119,143,1,-1,-1,-1
1055,128,2415,1603,144,172,1,-1,-1,-1
1056,128,2393,1594,166,181,1,-1,-1,-1
1057,128,2374,1586,185,178,1,-1,-1,-1
1058,128,2358,1579,200,181,1,-1,-1,-1
1059,128,2347,1574,212,183,1,-1,-1,-1
1060,128,2336,1570,223,182,1,-1,-1,-1
1061,128,2328,1565,230,180,1,-1,-1,-1
1062,128,2313,1557,246,194,1,-1,-1,-1
1063,128,2310,1557,248,194,1,-1,-1,-1
1064,128,2310,1557,248,194,1,-1,-1,-1
1065,128,2311,1557,247,194,1,-1,-1,-1
1066,128,2311,1556,248,195,1,-1,-1,-1
1067,128,2311,1555,247,195,1,-1,-1,-1
1068,128,2309,1555,249,192,1,-1,-1,-1
1069,128,2305,1554,254,190,1,-1,-1,-1
1070,128,2302,1551,257,193,1,-1,-1,-1
1071,128,2297,1549,261,197,1,-1,-1,-1
1072,128,2291,1547,267,197,1,-1,-1,-1
1073,128,2283,1544,276,202,1,-1,-1,-1
1074,128,2275,1542,283,204,1,-1,-1,-1
1075,128,2268,1537,290,210,1,-1,-1,-1
1076,128,2257,1532,301,214,1,-1,-1,-1
1077,128,2243,1525,316,220,1,-1,-1,-1
1078,128,2226,1518,332,232,1,-1,-1,-1
1079,128,2207,1509,352,242,1,-1,-1,-1
1080,128,2181,1496,377,257,1,-1,-1,-1
1081,128,2154,1484,405,268,1,-1,-1,-1
1082,128,2120,1472,439,287,1,-1,-1,-1
1083,128,2084,1456,475,313,1,-1,-1,-1
1084,128,2042,1441,517,313,1,-1,-1,-1
1085,128,2002,1424,556,308,1,-1,-1,-1
1086,128,1955,1407,604,306,1,-1,-1,-1
1087,128,1907,1389,606,303,1,-1,-1,-1
1088,128,1856,1372,599,298,1,-1,-1,-1
1089,128,1806,1353,591,292,1,-1,-1,-1
1090,128,1753,1334,586,285,1,-1,-1,-1
1091,128,1698,1314,580,282,1,-1,-1,-1
1092,128,1639,1295,579,278,1,-1,-1,-1
1093,128,1582,1273,576,280,1,-1,-1,-1
1094,128,1520,1256,575,275,1,-1,-1,-1
1095,128,1463,1237,571,273,1,-1,-1,-1
1096,128,1399,1222,572,268,1,-1,-1,-1
1097,128,1331,1204,578,266,1,-1,-1,-1
1098,128,1266,1188,581,260,1,-1,-1,-1
1099,128,1198,1170,585,261,1,-1,-1,-1
1100,128,1128,1153,589,261,1,-1,-1,-1
1101,128,1055,1135,595,262,1,-1,-1,-1
1102,128,979,1117,605,266,1,-1,-1,-1
1103,128,901,1102,615,268,1,-1,-1,-1
1104,128,816,1087,631,269,1,-1,-1,-1
1105,128,732,1070,643,275,1,-1,-1,-1
1106,128,640,1054,665,282,1,-1,-1,-1
1107,128,541,1038,687,288,1,-1,-1,-1
1108,128,432,1024,717,295,1,-1,-1,-1
1109,128,318,1007,749,305,1,-1,-1,-1
1110,128,188,991,794,314,1,-1,-1,-1
1111,128,40,974,849,326,1,-1,-1,-1
1112,128,0,958,787,337,1,-1,-1,-1
1113,128,1,940,678,354,1,-1,-1,-1
1114,128,0,915,558,376,1,-1,-1,-1
1115,128,1,909,425,378,1,-1,-1,-1
1116,128,0,929,278,356,1,-1,-1,-1
1,129,640,623,200,111,1,-1,-1,-1
2,129,641,623,199,111,1,-1,-1,-1
3,129,641,623,199,111,1,-1,-1,-1
4,129,641,623,199,111,1,-1,-1,-1
5,129,641,623,199,111,1,-1,-1,-1
6,129,641,623,199,111,1,-1,-1,-1
7,129,641,623,199,111,1,-1,-1,-1
8,129,641,623,199,111,1,-1,-1,-1
9,129,641,623,199,111,1,-1,-1,-1
10,129,641,623,199,111,1,-1,-1,-1
11,129,641,623,199,111,1,-1,-1,-1
12,129,641,623,199,111,1,-1,-1,-1
13,129,640,624,200,111,1,-1,-1,-1
14,129,640,624,200,111,1,-1,-1,-1
15,129,640,624,200,111,1,-1,-1,-1
16,129,640,623,200,111,1,-1,-1,-1
17,129,640,624,200,111,1,-1,-1,-1
18,129,640,624,200,111,1,-1,-1,-1
19,129,640,624,200,111,1,-1,-1,-1
20,129,640,624,200,111,1,-1,-1,-1
21,129,640,624,200,111,1,-1,-1,-1
22,129,640,624,200,111,1,-1,-1,-1
23,129,640,624,200,111,1,-1,-1,-1
24,129,640,624,200,111,1,-1,-1,-1
25,129,641,624,199,111,1,-1,-1,-1
26,129,641,624,199,111,1,-1,-1,-1
27,129,641,624,199,111,1,-1,-1,-1
28,129,641,624,199,111,1,-1,-1,-1
29,129,641,624,199,111,1,-1,-1,-1
30,129,641,624,199,111,1,-1,-1,-1
31,129,641,624,199,111,1,-1,-1,-1
32,129,641,624,200,111,1,-1,-1,-1
33,129,641,624,200,111,1,-1,-1,-1
34,129,641,624,200,111,1,-1,-1,-1
35,129,641,624,200,111,1,-1,-1,-1
36,129,641,624,200,111,1,-1,-1,-1
37,129,641,624,200,111,1,-1,-1,-1
38,129,641,623,200,111,1,-1,-1,-1
39,129,641,623,200,111,1,-1,-1,-1
40,129,641,623,200,111,1,-1,-1,-1
41,129,640,623,200,111,1,-1,-1,-1
42,129,640,623,200,111,1,-1,-1,-1
43,129,640,623,200,111,1,-1,-1,-1
44,129,640,623,200,111,1,-1,-1,-1
45,129,640,623,200,111,1,-1,-1,-1
46,129,640,624,200,111,1,-1,-1,-1
47,129,640,624,200,111,1,-1,-1,-1
48,129,640,624,200,111,1,-1,-1,-1
49,129,640,623,200,111,1,-1,-1,-1
50,129,640,623,200,111,1,-1,-1,-1
51,129,640,623,200,111,1,-1,-1,-1
52,129,640,623,200,111,1,-1,-1,-1
53,129,640,623,200,111,1,-1,-1,-1
54,129,640,623,200,111,1,-1,-1,-1
55,129,640,623,200,111,1,-1,-1,-1
56,129,640,623,200,111,1,-1,-1,-1
57,129,640,623,200,111,1,-1,-1,-1
58,129,640,623,200,111,1,-1,-1,-1
59,129,640,623,200,111,1,-1,-1,-1
60,129,640,623,200,111,1,-1,-1,-1
61,129,641,624,200,111,1,-1,-1,-1
62,129,641,624,200,111,1,-1,-1,-1
63,129,640,623,200,112,1,-1,-1,-1
64,129,640,623,200,112,1,-1,-1,-1
65,129,640,623,200,112,1,-1,-1,-1
66,129,640,623,200,112,1,-1,-1,-1
67,129,640,623,200,112,1,-1,-1,-1
68,129,640,623,200,112,1,-1,-1,-1
69,129,640,623,200,112,1,-1,-1,-1
70,129,640,623,200,111,1,-1,-1,-1
71,129,640,623,200,111,1,-1,-1,-1
72,129,640,623,200,111,1,-1,-1,-1
73,129,640,623,200,111,1,-1,-1,-1
74,129,640,623,200,111,1,-1,-1,-1
75,129,640,623,201,112,1,-1,-1,-1
76,129,640,623,201,112,1,-1,-1,-1
77,129,640,623,201,111,1,-1,-1,-1
78,129,640,623,201,112,1,-1,-1,-1
79,129,640,623,201,112,1,-1,-1,-1
80,129,640,623,201,112,1,-1,-1,-1
81,129,639,623,201,112,1,-1,-1,-1
82,129,639,623,201,112,1,-1,-1,-1
83,129,639,623,201,112,1,-1,-1,-1
84,129,640,623,201,112,1,-1,-1,-1
85,129,640,623,200,111,1,-1,-1,-1
86,129,640,623,200,111,1,-1,-1,-1
87,129,640,623,200,111,1,-1,-1,-1
88,129,640,623,200,111,1,-1,-1,-1
89,129,640,623,200,111,1,-1,-1,-1
90,129,640,623,200,111,1,-1,-1,-1
91,129,640,623,200,111,1,-1,-1,-1
92,129,640,623,200,111,1,-1,-1,-1
93,129,640,623,200,111,1,-1,-1,-1
94,129,640,623,200,111,1,-1,-1,-1
95,129,640,623,200,111,1,-1,-1,-1
96,129,640,623,200,111,1,-1,-1,-1
97,129,640,623,200,112,1,-1,-1,-1
98,129,640,623,200,112,1,-1,-1,-1
99,129,640,623,200,112,1,-1,-1,-1
100,129,640,623,200,112,1,-1,-1,-1
101,129,640,623,200,111,1,-1,-1,-1
102,129,640,623,200,111,1,-1,-1,-1
103,129,640,623,200,111,1,-1,-1,-1
104,129,640,623,200,111,1,-1,-1,-1
105,129,640,623,200,111,1,-1,-1,-1
106,129,640,623,200,111,1,-1,-1,-1
107,129,640,623,200,111,1,-1,-1,-1
108,129,640,623,200,111,1,-1,-1,-1
109,129,640,623,200,111,1,-1,-1,-1
110,129,640,624,200,111,1,-1,-1,-1
111,129,640,624,200,111,1,-1,-1,-1
112,129,640,624,200,111,1,-1,-1,-1
113,129,640,623,200,111,1,-1,-1,-1
114,129,640,624,200,111,1,-1,-1,-1
115,129,640,624,200,111,1,-1,-1,-1
116,129,640,624,200,111,1,-1,-1,-1
117,129,640,624,200,111,1,-1,-1,-1
118,129,640,624,200,111,1,-1,-1,-1
119,129,640,624,200,111,1,-1,-1,-1
120,129,640,624,200,111,1,-1,-1,-1
121,129,640,624,200,111,1,-1,-1,-1
122,129,640,623,200,111,1,-1,-1,-1
123,129,641,623,199,111,1,-1,-1,-1
124,129,641,623,199,111,1,-1,-1,-1
125,129,641,623,199,111,1,-1,-1,-1
126,129,641,623,199,111,1,-1,-1,-1
127,129,641,623,199,111,1,-1,-1,-1
128,129,641,623,199,111,1,-1,-1,-1
129,129,641,623,199,111,1,-1,-1,-1
130,129,641,623,199,111,1,-1,-1,-1
131,129,641,623,199,111,1,-1,-1,-1
132,129,641,623,199,111,1,-1,-1,-1
133,129,641,623,199,112,1,-1,-1,-1
134,129,641,623,199,112,1,-1,-1,-1
135,129,641,623,199,112,1,-1,-1,-1
136,129,641,623,199,112,1,-1,-1,-1
137,129,641,623,199,112,1,-1,-1,-1
138,129,641,623,199,112,1,-1,-1,-1
139,129,641,623,199,112,1,-1,-1,-1
140,129,641,623,199,112,1,-1,-1,-1
141,129,641,623,199,112,1,-1,-1,-1
142,129,641,623,199,112,1,-1,-1,-1
143,129,641,623,199,112,1,-1,-1,-1
144,129,641,623,199,111,1,-1,-1,-1
145,129,641,624,199,111,1,-1,-1,-1
146,129,641,624,199,111,1,-1,-1,-1
147,129,641,624,199,111,1,-1,-1,-1
148,129,641,624,199,111,1,-1,-1,-1
149,129,641,623,199,111,1,-1,-1,-1
150,129,641,623,199,111,1,-1,-1,-1
151,129,641,623,199,111,1,-1,-1,-1
152,129,641,623,199,111,1,-1,-1,-1
153,129,641,623,199,111,1,-1,-1,-1
154,129,641,623,199,111,1,-1,-1,-1
155,129,641,623,199,111,1,-1,-1,-1
156,129,641,623,199,111,1,-1,-1,-1
157,129,641,623,199,112,1,-1,-1,-1
158,129,641,623,199,112,1,-1,-1,-1
159,129,641,623,198,112,1,-1,-1,-1
160,129,641,623,199,112,1,-1,-1,-1
161,129,641,623,198,112,1,-1,-1,-1
162,129,641,623,199,112,1,-1,-1,-1
163,129,641,623,199,112,1,-1,-1,-1
164,129,641,623,199,112,1,-1,-1,-1
165,129,641,623,199,112,1,-1,-1,-1
166,129,641,623,199,112,1,-1,-1,-1
167,129,641,623,199,112,1,-1,-1,-1
168,129,641,623,199,112,1,-1,-1,-1
169,129,641,624,199,111,1,-1,-1,-1
170,129,641,624,199,111,1,-1,-1,-1
171,129,641,624,199,111,1,-1,-1,-1
172,129,641,624,199,111,1,-1,-1,-1
173,129,641,624,199,111,1,-1,-1,-1
174,129,641,624,199,111,1,-1,-1,-1
175,129,641,623,199,111,1,-1,-1,-1
176,129,641,623,199,111,1,-1,-1,-1
177,129,641,623,199,111,1,-1,-1,-1
178,129,641,623,199,111,1,-1,-1,-1
179,129,641,623,199,111,1,-1,-1,-1
180,129,641,623,199,111,1,-1,-1,-1
181,129,641,623,199,111,1,-1,-1,-1
182,129,641,623,199,111,1,-1,-1,-1
183,129,641,623,198,111,1,-1,-1,-1
184,129,641,623,198,111,1,-1,-1,-1
185,129,641,623,198,111,1,-1,-1,-1
186,129,641,623,198,111,1,-1,-1,-1
187,129,641,623,198,111,1,-1,-1,-1
188,129,641,623,198,111,1,-1,-1,-1
189,129,641,623,199,111,1,-1,-1,-1
190,129,641,624,199,111,1,-1,-1,-1
191,129,641,624,199,111,1,-1,-1,-1
192,129,641,624,199,111,1,-1,-1,-1
193,129,641,624,200,111,1,-1,-1,-1
194,129,641,624,200,111,1,-1,-1,-1
195,129,641,624,200,111,1,-1,-1,-1
196,129,641,624,200,111,1,-1,-1,-1
197,129,641,624,200,111,1,-1,-1,-1
198,129,641,624,200,111,1,-1,-1,-1
199,129,641,624,200,111,1,-1,-1,-1
200,129,641,624,199,111,1,-1,-1,-1
201,129,641,624,199,111,1,-1,-1,-1
202,129,641,624,199,111,1,-1,-1,-1
203,129,641,624,199,111,1,-1,-1,-1
204,129,641,624,199,111,1,-1,-1,-1
205,129,640,623,200,111,1,-1,-1,-1
206,129,640,623,200,111,1,-1,-1,-1
207,129,640,623,200,111,1,-1,-1,-1
208,129,640,623,200,111,1,-1,-1,-1
209,129,640,623,200,111,1,-1,-1,-1
210,129,640,623,200,111,1,-1,-1,-1
211,129,640,623,200,111,1,-1,-1,-1
212,129,640,623,200,111,1,-1,-1,-1
213,129,640,623,200,111,1,-1,-1,-1
214,129,640,623,200,111,1,-1,-1,-1
215,129,640,623,200,111,1,-1,-1,-1
216,129,640,623,200,111,1,-1,-1,-1
217,129,640,623,200,111,1,-1,-1,-1
218,129,640,623,200,111,1,-1,-1,-1
219,129,640,623,200,111,1,-1,-1,-1
220,129,640,623,200,111,1,-1,-1,-1
221,129,640,623,200,111,1,-1,-1,-1
222,129,640,623,200,111,1,-1,-1,-1
223,129,640,623,200,111,1,-1,-1,-1
224,129,640,623,200,111,1,-1,-1,-1
225,129,640,623,200,111,1,-1,-1,-1
226,129,640,623,200,111,1,-1,-1,-1
227,129,640,623,200,111,1,-1,-1,-1
228,129,640,623,200,111,1,-1,-1,-1
229,129,640,623,200,111,1,-1,-1,-1
230,129,640,623,200,111,1,-1,-1,-1
231,129,640,623,200,111,1,-1,-1,-1
232,129,640,623,200,111,1,-1,-1,-1
233,129,640,623,200,111,1,-1,-1,-1
234,129,640,623,200,111,1,-1,-1,-1
235,129,640,623,200,111,1,-1,-1,-1
236,129,640,623,200,111,1,-1,-1,-1
237,129,640,623,200,111,1,-1,-1,-1
238,129,640,623,200,111,1,-1,-1,-1
239,129,640,623,200,111,1,-1,-1,-1
240,129,640,623,200,111,1,-1,-1,-1
241,129,641,623,200,111,1,-1,-1,-1
242,129,641,623,200,111,1,-1,-1,-1
243,129,641,623,200,111,1,-1,-1,-1
244,129,641,623,200,111,1,-1,-1,-1
245,129,641,623,200,111,1,-1,-1,-1
246,129,641,623,200,111,1,-1,-1,-1
247,129,640,623,200,111,1,-1,-1,-1
248,129,640,623,200,111,1,-1,-1,-1
249,129,640,623,200,111,1,-1,-1,-1
250,129,641,623,199,111,1,-1,-1,-1
251,129,641,623,199,111,1,-1,-1,-1
252,129,641,624,199,111,1,-1,-1,-1
253,129,641,624,199,111,1,-1,-1,-1
254,129,641,624,199,111,1,-1,-1,-1
255,129,641,624,199,111,1,-1,-1,-1
256,129,641,623,199,111,1,-1,-1,-1
257,129,641,623,199,111,1,-1,-1,-1
258,129,641,624,199,111,1,-1,-1,-1
259,129,641,624,200,111,1,-1,-1,-1
260,129,641,623,200,111,1,-1,-1,-1
261,129,640,623,200,111,1,-1,-1,-1
262,129,641,624,200,111,1,-1,-1,-1
263,129,641,624,199,111,1,-1,-1,-1
264,129,641,624,199,111,1,-1,-1,-1
265,129,640,623,200,111,1,-1,-1,-1
266,129,640,623,200,111,1,-1,-1,-1
267,129,640,623,200,111,1,-1,-1,-1
268,129,640,623,200,111,1,-1,-1,-1
269,129,640,623,200,111,1,-1,-1,-1
270,129,641,624,200,111,1,-1,-1,-1
271,129,641,624,200,111,1,-1,-1,-1
272,129,641,624,199,111,1,-1,-1,-1
273,129,641,624,199,111,1,-1,-1,-1
274,129,641,624,199,111,1,-1,-1,-1
275,129,641,624,199,111,1,-1,-1,-1
276,129,641,624,199,111,1,-1,-1,-1
277,129,641,624,199,111,1,-1,-1,-1
278,129,641,624,199,111,1,-1,-1,-1
279,129,641,624,199,111,1,-1,-1,-1
280,129,641,624,200,111,1,-1,-1,-1
281,129,641,624,200,111,1,-1,-1,-1
282,129,641,624,200,111,1,-1,-1,-1
283,129,641,624,199,111,1,-1,-1,-1
284,129,641,624,199,111,1,-1,-1,-1
285,129,641,624,199,111,1,-1,-1,-1
286,129,641,624,200,111,1,-1,-1,-1
287,129,641,624,200,111,1,-1,-1,-1
288,129,641,624,200,111,1,-1,-1,-1
289,129,641,624,199,111,1,-1,-1,-1
290,129,641,624,199,111,1,-1,-1,-1
291,129,641,624,199,111,1,-1,-1,-1
292,129,641,624,199,111,1,-1,-1,-1
293,129,641,624,199,111,1,-1,-1,-1
294,129,641,624,199,111,1,-1,-1,-1
295,129,641,624,199,111,1,-1,-1,-1
296,129,641,624,199,111,1,-1,-1,-1
297,129,641,624,199,111,1,-1,-1,-1
298,129,641,624,199,111,1,-1,-1,-1
299,129,641,624,199,111,1,-1,-1,-1
300,129,641,624,199,111,1,-1,-1,-1
301,129,641,624,199,111,1,-1,-1,-1
302,129,641,624,199,111,1,-1,-1,-1
303,129,640,623,200,111,1,-1,-1,-1
304,129,640,624,200,111,1,-1,-1,-1
305,129,640,624,200,111,1,-1,-1,-1
306,129,640,624,200,111,1,-1,-1,-1
307,129,640,624,200,111,1,-1,-1,-1
308,129,640,624,200,111,1,-1,-1,-1
309,129,640,624,200,111,1,-1,-1,-1
310,129,640,624,200,111,1,-1,-1,-1
311,129,640,624,200,111,1,-1,-1,-1
312,129,640,624,200,111,1,-1,-1,-1
313,129,641,624,199,112,1,-1,-1,-1
314,129,641,624,199,112,1,-1,-1,-1
315,129,640,623,200,112,1,-1,-1,-1
316,129,641,624,199,112,1,-1,-1,-1
317,129,641,624,199,112,1,-1,-1,-1
318,129,641,624,199,112,1,-1,-1,-1
319,129,640,624,199,111,1,-1,-1,-1
320,129,641,623,199,111,1,-1,-1,-1
321,129,641,623,199,111,1,-1,-1,-1
322,129,640,623,199,111,1,-1,-1,-1
323,129,640,623,199,111,1,-1,-1,-1
324,129,640,623,199,111,1,-1,-1,-1
325,129,641,624,199,111,1,-1,-1,-1
326,129,641,624,199,111,1,-1,-1,-1
327,129,641,624,199,111,1,-1,-1,-1
328,129,641,624,199,111,1,-1,-1,-1
329,129,641,624,199,111,1,-1,-1,-1
330,129,641,624,199,111,1,-1,-1,-1
331,129,641,624,199,111,1,-1,-1,-1
332,129,641,624,199,111,1,-1,-1,-1
333,129,641,624,199,111,1,-1,-1,-1
334,129,641,624,199,111,1,-1,-1,-1
335,129,641,624,199,111,1,-1,-1,-1
336,129,641,624,199,111,1,-1,-1,-1
337,129,641,624,199,111,1,-1,-1,-1
338,129,641,624,199,111,1,-1,-1,-1
339,129,641,624,199,111,1,-1,-1,-1
340,129,641,624,199,111,1,-1,-1,-1
341,129,641,624,199,111,1,-1,-1,-1
342,129,641,624,199,111,1,-1,-1,-1
343,129,641,624,199,111,1,-1,-1,-1
344,129,641,623,199,111,1,-1,-1,-1
345,129,641,623,199,111,1,-1,-1,-1
346,129,641,623,199,111,1,-1,-1,-1
347,129,641,623,199,111,1,-1,-1,-1
348,129,641,623,199,111,1,-1,-1,-1
349,129,641,623,198,111,1,-1,-1,-1
350,129,641,623,198,111,1,-1,-1,-1
351,129,641,623,198,111,1,-1,-1,-1
352,129,641,623,199,111,1,-1,-1,-1
353,129,641,623,199,111,1,-1,-1,-1
354,129,641,624,199,111,1,-1,-1,-1
355,129,641,623,199,111,1,-1,-1,-1
356,129,641,624,198,111,1,-1,-1,-1
357,129,641,624,198,111,1,-1,-1,-1
358,129,641,624,198,111,1,-1,-1,-1
359,129,641,624,199,111,1,-1,-1,-1
360,129,641,624,199,111,1,-1,-1,-1
361,129,641,623,199,111,1,-1,-1,-1
362,129,641,623,199,111,1,-1,-1,-1
363,129,640,623,200,111,1,-1,-1,-1
364,129,640,623,200,111,1,-1,-1,-1
365,129,640,623,200,111,1,-1,-1,-1
366,129,640,623,200,111,1,-1,-1,-1
367,129,640,623,200,112,1,-1,-1,-1
368,129,640,623,199,112,1,-1,-1,-1
369,129,640,623,200,112,1,-1,-1,-1
370,129,640,623,200,112,1,-1,-1,-1
371,129,640,623,200,112,1,-1,-1,-1
372,129,640,623,200,112,1,-1,-1,-1
373,129,640,624,200,112,1,-1,-1,-1
374,129,640,624,200,112,1,-1,-1,-1
375,129,640,624,200,112,1,-1,-1,-1
376,129,640,624,200,112,1,-1,-1,-1
377,129,640,624,200,112,1,-1,-1,-1
378,129,640,624,200,112,1,-1,-1,-1
379,129,640,624,200,112,1,-1,-1,-1
380,129,640,624,200,112,1,-1,-1,-1
381,129,640,624,200,112,1,-1,-1,-1
382,129,640,624,200,112,1,-1,-1,-1
383,129,640,624,200,112,1,-1,-1,-1
384,129,640,624,200,112,1,-1,-1,-1
385,129,640,624,200,112,1,-1,-1,-1
386,129,640,624,200,112,1,-1,-1,-1
387,129,640,624,200,112,1,-1,-1,-1
388,129,640,624,200,112,1,-1,-1,-1
389,129,640,624,200,112,1,-1,-1,-1
390,129,640,624,200,112,1,-1,-1,-1
391,129,640,624,200,112,1,-1,-1,-1
392,129,640,624,200,112,1,-1,-1,-1
393,129,640,624,200,112,1,-1,-1,-1
394,129,640,624,200,112,1,-1,-1,-1
395,129,640,624,200,112,1,-1,-1,-1
396,129,640,624,200,112,1,-1,-1,-1
397,129,640,623,200,112,1,-1,-1,-1
398,129,640,623,200,112,1,-1,-1,-1
399,129,641,623,200,112,1,-1,-1,-1
400,129,640,623,200,112,1,-1,-1,-1
401,129,641,623,200,112,1,-1,-1,-1
402,129,641,623,200,112,1,-1,-1,-1
403,129,641,623,200,112,1,-1,-1,-1
404,129,641,623,200,112,1,-1,-1,-1
405,129,641,623,200,112,1,-1,-1,-1
406,129,641,623,200,112,1,-1,-1,-1
407,129,640,623,200,112,1,-1,-1,-1
408,129,640,623,200,112,1,-1,-1,-1
409,129,640,624,200,112,1,-1,-1,-1
410,129,640,624,200,112,1,-1,-1,-1
411,129,640,624,200,112,1,-1,-1,-1
412,129,640,624,200,112,1,-1,-1,-1
413,129,640,624,200,112,1,-1,-1,-1
414,129,640,624,200,112,1,-1,-1,-1
415,129,640,624,200,112,1,-1,-1,-1
416,129,640,624,200,112,1,-1,-1,-1
417,129,640,624,200,112,1,-1,-1,-1
418,129,640,624,200,112,1,-1,-1,-1
419,129,640,624,200,112,1,-1,-1,-1
420,129,640,624,200,112,1,-1,-1,-1
421,129,641,624,199,112,1,-1,-1,-1
422,129,640,624,200,112,1,-1,-1,-1
423,129,640,623,200,111,1,-1,-1,-1
424,129,640,623,200,111,1,-1,-1,-1
425,129,640,623,200,111,1,-1,-1,-1
426,129,640,623,200,111,1,-1,-1,-1
427,129,640,623,200,111,1,-1,-1,-1
428,129,640,623,200,111,1,-1,-1,-1
429,129,640,623,200,111,1,-1,-1,-1
430,129,640,623,200,111,1,-1,-1,-1
431,129,640,623,200,111,1,-1,-1,-1
432,129,640,623,200,111,1,-1,-1,-1
433,129,640,623,200,112,1,-1,-1,-1
434,129,640,623,200,112,1,-1,-1,-1
435,129,640,623,200,112,1,-1,-1,-1
436,129,640,623,200,112,1,-1,-1,-1
437,129,640,623,200,112,1,-1,-1,-1
438,129,640,623,200,112,1,-1,-1,-1
439,129,640,623,200,112,1,-1,-1,-1
440,129,640,623,200,112,1,-1,-1,-1
441,129,640,623,200,112,1,-1,-1,-1
442,129,640,623,200,112,1,-1,-1,-1
443,129,640,623,200,112,1,-1,-1,-1
444,129,640,623,200,112,1,-1,-1,-1
445,129,640,623,200,112,1,-1,-1,-1
446,129,640,623,200,112,1,-1,-1,-1
447,129,640,623,200,112,1,-1,-1,-1
448,129,640,623,200,112,1,-1,-1,-1
449,129,640,623,200,112,1,-1,-1,-1
450,129,640,623,200,112,1,-1,-1,-1
451,129,640,623,200,112,1,-1,-1,-1
452,129,640,623,200,112,1,-1,-1,-1
453,129,640,623,200,112,1,-1,-1,-1
454,129,640,623,200,112,1,-1,-1,-1
455,129,640,623,200,112,1,-1,-1,-1
456,129,640,623,200,112,1,-1,-1,-1
457,129,640,623,200,112,1,-1,-1,-1
458,129,640,623,200,112,1,-1,-1,-1
459,129,640,623,200,112,1,-1,-1,-1
460,129,640,623,200,112,1,-1,-1,-1
461,129,640,623,200,112,1,-1,-1,-1
462,129,640,623,200,112,1,-1,-1,-1
463,129,640,623,200,112,1,-1,-1,-1
464,129,640,623,200,112,1,-1,-1,-1
465,129,640,623,200,112,1,-1,-1,-1
466,129,640,623,200,112,1,-1,-1,-1
467,129,640,623,200,112,1,-1,-1,-1
468,129,640,623,200,112,1,-1,-1,-1
469,129,640,623,200,112,1,-1,-1,-1
470,129,640,623,200,111,1,-1,-1,-1
471,129,640,623,200,111,1,-1,-1,-1
472,129,640,623,200,111,1,-1,-1,-1
473,129,640,623,200,111,1,-1,-1,-1
474,129,640,623,200,111,1,-1,-1,-1
475,129,640,623,200,111,1,-1,-1,-1
476,129,640,623,200,111,1,-1,-1,-1
477,129,640,623,200,111,1,-1,-1,-1
478,129,640,623,200,111,1,-1,-1,-1
479,129,640,623,200,111,1,-1,-1,-1
480,129,640,624,199,109,1,-1,-1,-1
481,129,640,624,201,109,1,-1,-1,-1
482,129,640,624,200,109,1,-1,-1,-1
483,129,640,624,197,110,1,-1,-1,-1
484,129,640,624,194,110,1,-1,-1,-1
485,129,640,623,198,110,1,-1,-1,-1
486,129,640,624,193,109,1,-1,-1,-1
487,129,640,624,182,106,1,-1,-1,-1
488,129,640,624,187,106,1,-1,-1,-1
489,129,641,624,199,105,1,-1,-1,-1
490,129,641,624,199,105,1,-1,-1,-1
491,129,640,624,198,106,1,-1,-1,-1
492,129,641,624,198,104,1,-1,-1,-1
493,129,641,623,198,108,1,-1,-1,-1
494,129,641,623,199,109,1,-1,-1,-1
495,129,640,623,199,110,1,-1,-1,-1
496,129,641,623,199,111,1,-1,-1,-1
497,129,641,623,199,112,1,-1,-1,-1
498,129,640,623,199,111,1,-1,-1,-1
499,129,641,623,199,111,1,-1,-1,-1
500,129,664,624,176,111,1,-1,-1,-1
501,129,641,624,199,111,1,-1,-1,-1
502,129,641,624,199,111,1,-1,-1,-1
503,129,641,624,199,111,1,-1,-1,-1
504,129,640,624,200,111,1,-1,-1,-1
505,129,643,624,197,111,1,-1,-1,-1
506,129,640,623,200,111,1,-1,-1,-1
507,129,685,624,155,111,1,-1,-1,-1
508,129,649,624,191,111,1,-1,-1,-1
509,129,680,624,159,111,1,-1,-1,-1
510,129,642,623,198,111,1,-1,-1,-1
511,129,644,623,196,111,1,-1,-1,-1
512,129,664,623,175,111,1,-1,-1,-1
513,129,653,621,186,113,1,-1,-1,-1
514,129,650,622,189,113,1,-1,-1,-1
515,129,652,623,187,111,1,-1,-1,-1
516,129,654,623,186,111,1,-1,-1,-1
517,129,649,623,191,112,1,-1,-1,-1
518,129,643,623,197,112,1,-1,-1,-1
519,129,637,623,202,112,1,-1,-1,-1
520,129,637,623,203,111,1,-1,-1,-1
521,129,638,623,202,111,1,-1,-1,-1
522,129,639,623,201,111,1,-1,-1,-1
523,129,640,623,200,111,1,-1,-1,-1
524,129,640,623,200,111,1,-1,-1,-1
525,129,640,623,200,111,1,-1,-1,-1
526,129,640,623,200,111,1,-1,-1,-1
527,129,640,623,200,111,1,-1,-1,-1
528,129,640,623,200,111,1,-1,-1,-1
529,129,640,623,200,112,1,-1,-1,-1
530,129,640,623,200,112,1,-1,-1,-1
531,129,640,623,200,111,1,-1,-1,-1
532,129,640,623,200,112,1,-1,-1,-1
533,129,640,623,200,112,1,-1,-1,-1
534,129,641,624,200,111,1,-1,-1,-1
535,129,641,624,200,111,1,-1,-1,-1
536,129,640,623,200,112,1,-1,-1,-1
537,129,641,624,200,111,1,-1,-1,-1
538,129,640,624,200,111,1,-1,-1,-1
539,129,640,623,200,111,1,-1,-1,-1
540,129,640,624,200,111,1,-1,-1,-1
541,129,640,623,200,111,1,-1,-1,-1
542,129,640,623,200,111,1,-1,-1,-1
543,129,640,623,200,111,1,-1,-1,-1
544,129,640,623,200,111,1,-1,-1,-1
545,129,640,623,200,111,1,-1,-1,-1
546,129,640,623,200,111,1,-1,-1,-1
547,129,640,623,200,111,1,-1,-1,-1
548,129,640,623,200,111,1,-1,-1,-1
549,129,640,623,200,111,1,-1,-1,-1
550,129,640,623,200,111,1,-1,-1,-1
551,129,641,623,200,111,1,-1,-1,-1
552,129,641,623,200,111,1,-1,-1,-1
553,129,640,623,200,111,1,-1,-1,-1
554,129,640,623,200,111,1,-1,-1,-1
555,129,640,623,200,111,1,-1,-1,-1
556,129,640,623,200,111,1,-1,-1,-1
557,129,640,623,200,111,1,-1,-1,-1
558,129,640,623,200,111,1,-1,-1,-1
559,129,640,623,200,111,1,-1,-1,-1
560,129,640,623,200,111,1,-1,-1,-1
561,129,640,623,200,111,1,-1,-1,-1
562,129,640,623,200,111,1,-1,-1,-1
563,129,640,623,200,111,1,-1,-1,-1
564,129,640,623,200,111,1,-1,-1,-1
565,129,640,623,200,111,1,-1,-1,-1
566,129,640,623,200,111,1,-1,-1,-1
567,129,640,623,200,111,1,-1,-1,-1
568,129,640,623,200,111,1,-1,-1,-1
569,129,640,623,200,111,1,-1,-1,-1
570,129,640,623,200,111,1,-1,-1,-1
571,129,640,623,200,111,1,-1,-1,-1
572,129,640,623,200,111,1,-1,-1,-1
573,129,640,623,200,111,1,-1,-1,-1
574,129,640,623,200,111,1,-1,-1,-1
575,129,640,623,200,111,1,-1,-1,-1
576,129,640,623,200,111,1,-1,-1,-1
577,129,640,623,200,111,1,-1,-1,-1
578,129,640,623,200,111,1,-1,-1,-1
579,129,640,623,200,111,1,-1,-1,-1
580,129,640,623,200,111,1,-1,-1,-1
581,129,640,623,200,111,1,-1,-1,-1
582,129,640,623,200,111,1,-1,-1,-1
583,129,640,623,200,111,1,-1,-1,-1
584,129,640,623,200,111,1,-1,-1,-1
585,129,640,623,200,111,1,-1,-1,-1
586,129,640,623,201,111,1,-1,-1,-1
587,129,640,623,200,111,1,-1,-1,-1
588,129,640,623,200,111,1,-1,-1,-1
589,129,640,623,201,111,1,-1,-1,-1
590,129,640,623,201,111,1,-1,-1,-1
591,129,640,623,201,111,1,-1,-1,-1
592,129,640,623,201,111,1,-1,-1,-1
593,129,640,623,200,111,1,-1,-1,-1
594,129,640,623,200,111,1,-1,-1,-1
595,129,640,623,201,111,1,-1,-1,-1
596,129,640,623,201,111,1,-1,-1,-1
597,129,640,623,201,111,1,-1,-1,-1
598,129,640,623,200,111,1,-1,-1,-1
599,129,640,623,201,111,1,-1,-1,-1
600,129,640,623,200,111,1,-1,-1,-1
601,129,640,623,200,111,1,-1,-1,-1
602,129,640,623,200,111,1,-1,-1,-1
603,129,640,623,200,111,1,-1,-1,-1
604,129,641,623,200,111,1,-1,-1,-1
605,129,640,623,200,111,1,-1,-1,-1
606,129,640,623,200,111,1,-1,-1,-1
607,129,641,623,200,111,1,-1,-1,-1
608,129,641,623,200,111,1,-1,-1,-1
609,129,641,623,200,111,1,-1,-1,-1
610,129,641,623,200,111,1,-1,-1,-1
611,129,641,623,200,111,1,-1,-1,-1
612,129,641,623,200,111,1,-1,-1,-1
613,129,641,624,199,111,1,-1,-1,-1
614,129,641,624,199,111,1,-1,-1,-1
615,129,641,624,199,111,1,-1,-1,-1
616,129,641,624,199,111,1,-1,-1,-1
617,129,641,624,199,111,1,-1,-1,-1
618,129,641,624,199,111,1,-1,-1,-1
619,129,641,624,199,111,1,-1,-1,-1
620,129,641,624,199,111,1,-1,-1,-1
621,129,641,624,199,111,1,-1,-1,-1
622,129,641,624,199,111,1,-1,-1,-1
623,129,641,624,199,111,1,-1,-1,-1
624,129,641,624,199,111,1,-1,-1,-1
625,129,640,623,199,111,1,-1,-1,-1
626,129,640,623,200,111,1,-1,-1,-1
627,129,640,623,200,111,1,-1,-1,-1
628,129,640,623,200,111,1,-1,-1,-1
629,129,640,623,200,112,1,-1,-1,-1
630,129,640,623,200,112,1,-1,-1,-1
631,129,640,623,200,112,1,-1,-1,-1
632,129,640,623,200,112,1,-1,-1,-1
633,129,641,624,199,112,1,-1,-1,-1
634,129,641,624,199,111,1,-1,-1,-1
635,129,640,623,200,112,1,-1,-1,-1
636,129,640,623,200,112,1,-1,-1,-1
637,129,640,623,199,112,1,-1,-1,-1
638,129,641,623,199,112,1,-1,-1,-1
639,129,640,623,199,112,1,-1,-1,-1
640,129,640,623,199,112,1,-1,-1,-1
641,129,640,623,200,112,1,-1,-1,-1
642,129,641,623,199,112,1,-1,-1,-1
643,129,641,623,199,112,1,-1,-1,-1
644,129,641,623,199,112,1,-1,-1,-1
645,129,641,623,199,112,1,-1,-1,-1
646,129,641,623,199,112,1,-1,-1,-1
647,129,641,623,199,112,1,-1,-1,-1
648,129,640,623,200,112,1,-1,-1,-1
649,129,640,623,200,112,1,-1,-1,-1
650,129,640,623,200,112,1,-1,-1,-1
651,129,640,623,200,112,1,-1,-1,-1
652,129,640,623,200,112,1,-1,-1,-1
653,129,640,623,200,112,1,-1,-1,-1
654,129,640,623,200,112,1,-1,-1,-1
655,129,640,623,200,112,1,-1,-1,-1
656,129,640,623,200,112,1,-1,-1,-1
657,129,640,623,200,112,1,-1,-1,-1
658,129,640,623,200,112,1,-1,-1,-1
659,129,640,623,200,112,1,-1,-1,-1
660,129,640,623,200,112,1,-1,-1,-1
661,129,640,623,200,111,1,-1,-1,-1
662,129,640,623,200,111,1,-1,-1,-1
663,129,640,623,200,111,1,-1,-1,-1
664,129,640,623,200,111,1,-1,-1,-1
665,129,640,623,200,112,1,-1,-1,-1
666,129,640,623,200,112,1,-1,-1,-1
667,129,640,623,200,112,1,-1,-1,-1
668,129,640,623,200,112,1,-1,-1,-1
669,129,640,623,200,112,1,-1,-1,-1
670,129,640,623,200,112,1,-1,-1,-1
671,129,640,623,199,112,1,-1,-1,-1
672,129,640,623,199,112,1,-1,-1,-1
673,129,641,623,199,112,1,-1,-1,-1
674,129,641,623,199,112,1,-1,-1,-1
675,129,641,623,199,111,1,-1,-1,-1
676,129,641,623,199,111,1,-1,-1,-1
677,129,641,623,199,111,1,-1,-1,-1
678,129,641,623,199,111,1,-1,-1,-1
679,129,641,623,199,111,1,-1,-1,-1
680,129,641,623,200,111,1,-1,-1,-1
681,129,641,623,199,111,1,-1,-1,-1
682,129,641,623,199,111,1,-1,-1,-1
683,129,641,623,199,111,1,-1,-1,-1
684,129,641,623,199,111,1,-1,-1,-1
685,129,641,623,199,112,1,-1,-1,-1
686,129,641,623,199,112,1,-1,-1,-1
687,129,641,623,199,112,1,-1,-1,-1
688,129,641,623,199,112,1,-1,-1,-1
689,129,641,623,199,112,1,-1,-1,-1
690,129,641,623,199,112,1,-1,-1,-1
691,129,641,623,199,112,1,-1,-1,-1
692,129,641,623,199,112,1,-1,-1,-1
693,129,641,623,199,112,1,-1,-1,-1
694,129,641,623,199,112,1,-1,-1,-1
695,129,641,623,200,112,1,-1,-1,-1
696,129,641,623,200,112,1,-1,-1,-1
697,129,641,623,199,112,1,-1,-1,-1
698,129,641,623,199,112,1,-1,-1,-1
699,129,641,623,199,111,1,-1,-1,-1
700,129,641,623,199,112,1,-1,-1,-1
701,129,641,623,199,111,1,-1,-1,-1
702,129,641,623,199,111,1,-1,-1,-1
703,129,641,623,199,111,1,-1,-1,-1
704,129,641,623,199,111,1,-1,-1,-1
705,129,640,623,199,112,1,-1,-1,-1
706,129,640,623,199,112,1,-1,-1,-1
707,129,641,623,199,112,1,-1,-1,-1
708,129,641,623,199,112,1,-1,-1,-1
709,129,641,623,199,112,1,-1,-1,-1
710,129,641,623,199,112,1,-1,-1,-1
711,129,641,623,199,112,1,-1,-1,-1
712,129,641,623,199,112,1,-1,-1,-1
713,129,641,623,199,112,1,-1,-1,-1
714,129,641,623,199,112,1,-1,-1,-1
715,129,641,623,199,112,1,-1,-1,-1
716,129,641,623,199,112,1,-1,-1,-1
717,129,641,623,199,112,1,-1,-1,-1
718,129,641,623,199,112,1,-1,-1,-1
719,129,641,623,199,112,1,-1,-1,-1
720,129,641,623,199,112,1,-1,-1,-1
721,129,640,623,199,112,1,-1,-1,-1
722,129,640,623,199,112,1,-1,-1,-1
723,129,640,623,199,112,1,-1,-1,-1
724,129,640,623,199,112,1,-1,-1,-1
725,129,640,623,199,112,1,-1,-1,-1
726,129,640,623,199,112,1,-1,-1,-1
727,129,640,623,199,112,1,-1,-1,-1
728,129,640,623,199,112,1,-1,-1,-1
729,129,640,623,199,112,1,-1,-1,-1
730,129,640,623,199,112,1,-1,-1,-1
731,129,640,623,199,112,1,-1,-1,-1
732,129,640,623,199,112,1,-1,-1,-1
733,129,641,623,199,112,1,-1,-1,-1
734,129,641,623,199,112,1,-1,-1,-1
735,129,641,623,199,112,1,-1,-1,-1
736,129,641,623,199,112,1,-1,-1,-1
737,129,641,623,199,111,1,-1,-1,-1
738,129,641,623,199,111,1,-1,-1,-1
739,129,641,623,198,111,1,-1,-1,-1
740,129,641,623,198,111,1,-1,-1,-1
741,129,641,623,198,111,1,-1,-1,-1
742,129,641,623,198,111,1,-1,-1,-1
743,129,641,623,198,111,1,-1,-1,-1
744,129,641,623,198,111,1,-1,-1,-1
745,129,640,623,200,111,1,-1,-1,-1
746,129,640,623,200,111,1,-1,-1,-1
747,129,641,623,199,112,1,-1,-1,-1
748,129,641,623,199,112,1,-1,-1,-1
749,129,641,623,199,112,1,-1,-1,-1
750,129,641,623,199,112,1,-1,-1,-1
751,129,641,623,199,112,1,-1,-1,-1
752,129,641,623,199,112,1,-1,-1,-1
753,129,641,623,199,112,1,-1,-1,-1
754,129,640,623,200,112,1,-1,-1,-1
755,129,640,623,200,112,1,-1,-1,-1
756,129,641,623,199,112,1,-1,-1,-1
757,129,640,623,200,112,1,-1,-1,-1
758,129,640,623,200,112,1,-1,-1,-1
759,129,640,623,200,112,1,-1,-1,-1
760,129,640,623,200,112,1,-1,-1,-1
761,129,640,623,200,112,1,-1,-1,-1
762,129,640,623,200,112,1,-1,-1,-1
763,129,640,623,200,112,1,-1,-1,-1
764,129,640,623,200,112,1,-1,-1,-1
765,129,640,623,200,112,1,-1,-1,-1
766,129,640,623,200,112,1,-1,-1,-1
767,129,640,623,200,112,1,-1,-1,-1
768,129,640,623,200,112,1,-1,-1,-1
769,129,641,623,199,111,1,-1,-1,-1
770,129,641,623,199,111,1,-1,-1,-1
771,129,641,623,199,111,1,-1,-1,-1
772,129,641,623,199,111,1,-1,-1,-1
773,129,641,623,199,111,1,-1,-1,-1
774,129,641,623,199,111,1,-1,-1,-1
775,129,641,624,199,111,1,-1,-1,-1
776,129,641,623,199,111,1,-1,-1,-1
777,129,641,623,199,111,1,-1,-1,-1
778,129,641,623,199,111,1,-1,-1,-1
779,129,641,624,199,111,1,-1,-1,-1
780,129,640,624,199,111,1,-1,-1,-1
781,129,640,623,200,111,1,-1,-1,-1
782,129,640,623,199,111,1,-1,-1,-1
783,129,639,623,201,111,1,-1,-1,-1
784,129,638,623,202,112,1,-1,-1,-1
785,129,645,623,194,112,1,-1,-1,-1
786,129,650,623,190,111,1,-1,-1,-1
787,129,662,624,178,111,1,-1,-1,-1
788,129,668,624,172,111,1,-1,-1,-1
789,129,670,624,170,111,1,-1,-1,-1
790,129,674,624,165,110,1,-1,-1,-1
791,129,668,623,172,112,1,-1,-1,-1
792,129,661,623,178,112,1,-1,-1,-1
793,129,656,622,183,112,1,-1,-1,-1
794,129,649,623,191,112,1,-1,-1,-1
795,129,644,623,196,112,1,-1,-1,-1
796,129,642,624,198,111,1,-1,-1,-1
797,129,641,624,199,111,1,-1,-1,-1
798,129,640,624,199,112,1,-1,-1,-1
799,129,640,624,200,112,1,-1,-1,-1
800,129,640,624,200,111,1,-1,-1,-1
801,129,640,624,199,111,1,-1,-1,-1
802,129,640,624,200,110,1,-1,-1,-1
803,129,639,624,200,111,1,-1,-1,-1
804,129,640,624,200,111,1,-1,-1,-1
805,129,642,624,198,110,1,-1,-1,-1
806,129,640,624,200,111,1,-1,-1,-1
807,129,640,624,200,111,1,-1,-1,-1
808,129,640,624,200,111,1,-1,-1,-1
809,129,639,623,200,111,1,-1,-1,-1
810,129,640,624,199,111,1,-1,-1,-1
811,129,639,624,200,111,1,-1,-1,-1
812,129,640,624,200,111,1,-1,-1,-1
813,129,639,623,200,111,1,-1,-1,-1
814,129,639,623,201,111,1,-1,-1,-1
815,129,639,623,200,111,1,-1,-1,-1
816,129,639,623,200,111,1,-1,-1,-1
817,129,640,623,200,111,1,-1,-1,-1
818,129,640,623,200,111,1,-1,-1,-1
819,129,640,624,200,111,1,-1,-1,-1
820,129,640,624,200,111,1,-1,-1,-1
821,129,640,624,199,111,1,-1,-1,-1
822,129,639,623,200,111,1,-1,-1,-1
823,129,640,624,200,111,1,-1,-1,-1
824,129,640,624,200,111,1,-1,-1,-1
825,129,640,624,200,111,1,-1,-1,-1
826,129,640,624,200,111,1,-1,-1,-1
827,129,640,624,200,111,1,-1,-1,-1
828,129,640,624,200,111,1,-1,-1,-1
829,129,640,624,200,111,1,-1,-1,-1
830,129,640,624,200,111,1,-1,-1,-1
831,129,640,624,200,111,1,-1,-1,-1
832,129,640,624,200,111,1,-1,-1,-1
833,129,640,624,200,111,1,-1,-1,-1
834,129,640,624,200,111,1,-1,-1,-1
835,129,640,624,200,111,1,-1,-1,-1
836,129,640,624,200,111,1,-1,-1,-1
837,129,641,624,200,111,1,-1,-1,-1
838,129,640,624,200,111,1,-1,-1,-1
839,129,640,624,200,111,1,-1,-1,-1
840,129,640,624,200,111,1,-1,-1,-1
841,129,640,624,200,111,1,-1,-1,-1
842,129,640,624,200,111,1,-1,-1,-1
843,129,640,623,201,111,1,-1,-1,-1
844,129,640,624,200,111,1,-1,-1,-1
845,129,639,623,201,111,1,-1,-1,-1
846,129,639,623,200,111,1,-1,-1,-1
847,129,639,623,201,111,1,-1,-1,-1
848,129,639,623,201,112,1,-1,-1,-1
849,129,639,623,201,111,1,-1,-1,-1
850,129,639,623,201,111,1,-1,-1,-1
851,129,638,622,201,112,1,-1,-1,-1
852,129,638,623,201,111,1,-1,-1,-1
853,129,638,622,201,112,1,-1,-1,-1
854,129,638,622,201,111,1,-1,-1,-1
855,129,639,622,201,111,1,-1,-1,-1
856,129,639,623,201,111,1,-1,-1,-1
857,129,639,623,201,111,1,-1,-1,-1
858,129,639,623,200,111,1,-1,-1,-1
859,129,639,623,200,111,1,-1,-1,-1
860,129,639,623,200,111,1,-1,-1,-1
861,129,639,623,200,110,1,-1,-1,-1
862,129,639,624,200,110,1,-1,-1,-1
863,129,639,623,201,110,1,-1,-1,-1
864,129,639,624,200,110,1,-1,-1,-1
865,129,640,624,200,110,1,-1,-1,-1
866,129,641,624,199,107,1,-1,-1,-1
867,129,642,623,197,108,1,-1,-1,-1
868,129,645,623,195,110,1,-1,-1,-1
869,129,643,622,197,112,1,-1,-1,-1
870,129,653,620,187,114,1,-1,-1,-1
871,129,667,620,173,115,1,-1,-1,-1
872,129,657,620,182,115,1,-1,-1,-1
873,129,663,621,176,114,1,-1,-1,-1
874,129,672,621,168,114,1,-1,-1,-1
875,129,670,621,169,114,1,-1,-1,-1
876,129,659,622,180,113,1,-1,-1,-1
877,129,645,622,194,113,1,-1,-1,-1
878,129,644,623,196,113,1,-1,-1,-1
879,129,647,622,193,112,1,-1,-1,-1
880,129,641,622,198,107,1,-1,-1,-1
881,129,641,623,199,106,1,-1,-1,-1
882,129,671,623,169,109,1,-1,-1,-1
883,129,679,623,160,110,1,-1,-1,-1
884,129,675,623,165,111,1,-1,-1,-1
885,129,647,623,193,112,1,-1,-1,-1
886,129,643,624,197,111,1,-1,-1,-1
887,129,641,624,199,111,1,-1,-1,-1
888,129,639,623,200,111,1,-1,-1,-1
889,129,640,624,199,110,1,-1,-1,-1
890,129,639,624,200,111,1,-1,-1,-1
891,129,640,624,200,111,1,-1,-1,-1
892,129,640,624,199,111,1,-1,-1,-1
893,129,640,624,200,111,1,-1,-1,-1
894,129,640,624,200,111,1,-1,-1,-1
895,129,640,624,200,111,1,-1,-1,-1
896,129,640,624,200,111,1,-1,-1,-1
897,129,640,624,200,111,1,-1,-1,-1
898,129,640,624,200,111,1,-1,-1,-1
899,129,640,624,200,111,1,-1,-1,-1
900,129,640,624,200,111,1,-1,-1,-1
901,129,640,624,200,111,1,-1,-1,-1
902,129,640,624,199,111,1,-1,-1,-1
903,129,640,624,199,111,1,-1,-1,-1
904,129,640,624,199,111,1,-1,-1,-1
905,129,640,624,199,111,1,-1,-1,-1
906,129,640,624,199,111,1,-1,-1,-1
907,129,640,624,199,111,1,-1,-1,-1
908,129,640,624,199,111,1,-1,-1,-1
909,129,640,624,199,111,1,-1,-1,-1
910,129,640,624,199,111,1,-1,-1,-1
911,129,640,624,199,111,1,-1,-1,-1
912,129,641,624,199,111,1,-1,-1,-1
913,129,641,624,199,110,1,-1,-1,-1
914,129,640,624,199,111,1,-1,-1,-1
915,129,641,624,199,110,1,-1,-1,-1
916,129,640,624,199,111,1,-1,-1,-1
917,129,641,624,199,111,1,-1,-1,-1
918,129,641,624,199,111,1,-1,-1,-1
919,129,641,624,199,111,1,-1,-1,-1
920,129,641,624,199,111,1,-1,-1,-1
921,129,641,624,199,111,1,-1,-1,-1
922,129,641,624,199,111,1,-1,-1,-1
923,129,641,624,199,111,1,-1,-1,-1
924,129,641,624,199,110,1,-1,-1,-1
925,129,641,624,199,111,1,-1,-1,-1
926,129,641,624,199,111,1,-1,-1,-1
927,129,641,624,199,111,1,-1,-1,-1
928,129,640,624,199,110,1,-1,-1,-1
929,129,641,624,199,111,1,-1,-1,-1
930,129,641,624,199,111,1,-1,-1,-1
931,129,641,624,199,111,1,-1,-1,-1
932,129,641,624,199,111,1,-1,-1,-1
933,129,641,624,199,111,1,-1,-1,-1
934,129,641,624,199,111,1,-1,-1,-1
935,129,641,624,199,111,1,-1,-1,-1
936,129,641,624,199,111,1,-1,-1,-1
937,129,641,624,199,111,1,-1,-1,-1
938,129,641,624,199,111,1,-1,-1,-1
939,129,640,623,199,112,1,-1,-1,-1
940,129,640,623,199,112,1,-1,-1,-1
941,129,640,623,199,112,1,-1,-1,-1
942,129,640,623,199,112,1,-1,-1,-1
943,129,640,623,199,112,1,-1,-1,-1
944,129,641,623,199,112,1,-1,-1,-1
945,129,640,623,199,112,1,-1,-1,-1
946,129,640,623,199,112,1,-1,-1,-1
947,129,641,624,198,112,1,-1,-1,-1
948,129,641,623,198,112,1,-1,-1,-1
949,129,641,624,199,111,1,-1,-1,-1
950,129,641,624,199,111,1,-1,-1,-1
951,129,641,624,199,111,1,-1,-1,-1
952,129,641,624,199,111,1,-1,-1,-1
953,129,641,624,199,111,1,-1,-1,-1
954,129,641,624,199,111,1,-1,-1,-1
955,129,641,624,199,111,1,-1,-1,-1
956,129,641,624,199,111,1,-1,-1,-1
957,129,641,624,199,111,1,-1,-1,-1
958,129,641,624,199,111,1,-1,-1,-1
959,129,640,623,201,111,1,-1,-1,-1
960,129,640,623,200,112,1,-1,-1,-1
961,129,640,623,200,112,1,-1,-1,-1
962,129,640,623,200,112,1,-1,-1,-1
963,129,640,623,201,112,1,-1,-1,-1
964,129,640,623,201,112,1,-1,-1,-1
965,129,639,623,201,112,1,-1,-1,-1
966,129,640,623,201,112,1,-1,-1,-1
967,129,640,623,200,112,1,-1,-1,-1
968,129,640,623,200,112,1,-1,-1,-1
969,129,641,624,199,111,1,-1,-1,-1
970,129,641,624,199,111,1,-1,-1,-1
971,129,641,624,199,111,1,-1,-1,-1
972,129,641,624,199,111,1,-1,-1,-1
973,129,641,623,199,111,1,-1,-1,-1
974,129,641,623,199,111,1,-1,-1,-1
975,129,641,623,199,111,1,-1,-1,-1
976,129,641,623,199,111,1,-1,-1,-1
977,129,640,623,199,111,1,-1,-1,-1
978,129,640,623,199,112,1,-1,-1,-1
979,129,641,623,199,112,1,-1,-1,-1
980,129,641,623,199,111,1,-1,-1,-1
981,129,641,624,199,111,1,-1,-1,-1
982,129,642,624,199,111,1,-1,-1,-1
983,129,643,624,199,111,1,-1,-1,-1
984,129,643,624,200,111,1,-1,-1,-1
985,129,645,625,198,110,1,-1,-1,-1
986,129,647,625,198,110,1,-1,-1,-1
987,129,648,626,198,111,1,-1,-1,-1
988,129,647,626,199,111,1,-1,-1,-1
989,129,648,626,200,110,1,-1,-1,-1
990,129,651,627,199,109,1,-1,-1,-1
991,129,652,628,199,109,1,-1,-1,-1
992,129,652,628,199,110,1,-1,-1,-1
993,129,655,629,198,110,1,-1,-1,-1
994,129,658,629,196,110,1,-1,-1,-1
995,129,658,630,197,110,1,-1,-1,-1
996,129,659,631,198,110,1,-1,-1,-1
997,129,662,632,198,110,1,-1,-1,-1
998,129,661,632,201,110,1,-1,-1,-1
999,129,664,633,199,110,1,-1,-1,-1
1000,129,665,633,200,110,1,-1,-1,-1
1001,129,666,634,200,110,1,-1,-1,-1
1002,129,666,635,202,111,1,-1,-1,-1
1003,129,666,636,203,111,1,-1,-1,-1
1004,129,668,636,202,111,1,-1,-1,-1
1005,129,670,638,204,111,1,-1,-1,-1
1006,129,670,639,206,110,1,-1,-1,-1
1007,129,670,640,207,110,1,-1,-1,-1
1008,129,671,641,209,110,1,-1,-1,-1
1009,129,673,641,209,110,1,-1,-1,-1
1010,129,674,642,211,110,1,-1,-1,-1
1011,129,678,643,209,111,1,-1,-1,-1
1012,129,678,643,211,112,1,-1,-1,-1
1013,129,680,644,213,112,1,-1,-1,-1
1014,129,682,645,214,113,1,-1,-1,-1
1015,129,683,647,216,112,1,-1,-1,-1
1016,129,684,647,217,113,1,-1,-1,-1
1017,129,685,649,218,114,1,-1,-1,-1
1018,129,688,651,218,113,1,-1,-1,-1
1019,129,691,653,220,112,1,-1,-1,-1
1020,129,692,655,224,111,1,-1,-1,-1
1021,129,694,657,228,111,1,-1,-1,-1
1022,129,697,659,228,111,1,-1,-1,-1
1023,129,699,660,228,110,1,-1,-1,-1
1024,129,703,661,226,112,1,-1,-1,-1
1025,129,707,662,225,112,1,-1,-1,-1
1026,129,710,664,226,113,1,-1,-1,-1
1027,129,714,666,227,113,1,-1,-1,-1
1028,129,717,667,236,114,1,-1,-1,-1
1029,129,719,668,251,114,1,-1,-1,-1
1030,129,721,670,236,115,1,-1,-1,-1
1031,129,724,671,234,116,1,-1,-1,-1
1032,129,726,673,236,117,1,-1,-1,-1
1033,129,729,675,240,117,1,-1,-1,-1
1034,129,733,677,235,116,1,-1,-1,-1
1035,129,738,677,238,117,1,-1,-1,-1
1036,129,744,680,236,117,1,-1,-1,-1
1037,129,748,681,233,117,1,-1,-1,-1
1038,129,753,681,235,120,1,-1,-1,-1
1039,129,757,680,235,122,1,-1,-1,-1
1040,129,762,681,238,124,1,-1,-1,-1
1041,129,768,685,238,122,1,-1,-1,-1
1042,129,774,690,235,120,1,-1,-1,-1
1043,129,779,691,234,120,1,-1,-1,-1
1044,129,785,694,234,120,1,-1,-1,-1
1045,129,790,699,235,117,1,-1,-1,-1
1046,129,796,682,234,137,1,-1,-1,-1
1047,129,802,683,233,137,1,-1,-1,-1
1048,129,809,702,232,121,1,-1,-1,-1
1049,129,814,705,232,121,1,-1,-1,-1
1050,129,811,707,240,120,1,-1,-1,-1
1051,129,827,711,228,117,1,-1,-1,-1
1052,129,834,712,226,117,1,-1,-1,-1
1053,129,839,714,225,117,1,-1,-1,-1
1054,129,842,715,227,118,1,-1,-1,-1
1055,129,848,717,226,118,1,-1,-1,-1
1056,129,852,718,227,117,1,-1,-1,-1
1057,129,857,720,225,117,1,-1,-1,-1
1058,129,861,722,225,117,1,-1,-1,-1
1059,129,868,723,222,117,1,-1,-1,-1
1060,129,872,725,221,117,1,-1,-1,-1
1061,129,877,726,219,117,1,-1,-1,-1
1062,129,890,727,219,119,1,-1,-1,-1
1063,129,893,728,217,120,1,-1,-1,-1
1064,129,896,729,216,119,1,-1,-1,-1
1065,129,899,732,215,116,1,-1,-1,-1
1066,129,902,734,215,116,1,-1,-1,-1
1067,129,905,736,214,114,1,-1,-1,-1
1068,129,908,736,214,115,1,-1,-1,-1
1069,129,911,736,212,116,1,-1,-1,-1
1070,129,915,737,212,115,1,-1,-1,-1
1071,129,917,738,211,116,1,-1,-1,-1
1072,129,919,738,212,117,1,-1,-1,-1
1073,129,922,737,211,118,1,-1,-1,-1
1074,129,923,738,212,118,1,-1,-1,-1
1075,129,925,737,210,119,1,-1,-1,-1
1076,129,926,738,211,118,1,-1,-1,-1
1077,129,926,738,211,119,1,-1,-1,-1
1078,129,926,738,211,118,1,-1,-1,-1
1079,129,926,738,211,118,1,-1,-1,-1
1080,129,925,738,212,118,1,-1,-1,-1
1081,129,923,738,212,118,1,-1,-1,-1
1082,129,921,738,211,118,1,-1,-1,-1
1083,129,919,737,211,117,1,-1,-1,-1
1084,129,915,735,211,118,1,-1,-1,-1
1085,129,912,736,211,116,1,-1,-1,-1
1086,129,908,736,209,114,1,-1,-1,-1
1087,129,904,736,210,113,1,-1,-1,-1
1088,129,900,733,209,116,1,-1,-1,-1
1089,129,894,731,205,115,1,-1,-1,-1
1090,129,889,729,206,115,1,-1,-1,-1
1091,129,885,727,205,115,1,-1,-1,-1
1092,129,879,726,205,116,1,-1,-1,-1
1093,129,872,724,206,116,1,-1,-1,-1
1094,129,866,724,205,115,1,-1,-1,-1
1095,129,861,723,201,115,1,-1,-1,-1
1096,129,854,722,202,115,1,-1,-1,-1
1097,129,849,720,197,114,1,-1,-1,-1
1098,129,844,720,195,115,1,-1,-1,-1
1099,129,836,718,195,116,1,-1,-1,-1
1100,129,830,717,195,115,1,-1,-1,-1
1101,129,823,716,193,115,1,-1,-1,-1
1102,129,815,715,194,116,1,-1,-1,-1
1103,129,806,714,196,117,1,-1,-1,-1
1104,129,796,712,197,118,1,-1,-1,-1
1105,129,787,710,196,119,1,-1,-1,-1
1106,129,776,708,202,121,1,-1,-1,-1
1107,129,766,707,200,120,1,-1,-1,-1
1108,129,753,704,204,123,1,-1,-1,-1
1109,129,742,702,206,124,1,-1,-1,-1
1110,129,730,701,211,124,1,-1,-1,-1
1111,129,717,700,212,124,1,-1,-1,-1
1112,129,704,697,216,125,1,-1,-1,-1
1113,129,690,695,219,127,1,-1,-1,-1
1114,129,677,693,223,128,1,-1,-1,-1
1115,129,664,691,223,129,1,-1,-1,-1
1116,129,651,689,228,130,1,-1,-1,-1
1117,129,637,687,231,131,1,-1,-1,-1
1118,129,624,685,233,132,1,-1,-1,-1
1119,129,610,682,237,134,1,-1,-1,-1
1120,129,597,679,238,137,1,-1,-1,-1
1121,129,584,678,242,138,1,-1,-1,-1
1122,129,570,678,245,136,1,-1,-1,-1
1123,129,558,674,246,139,1,-1,-1,-1
1124,129,545,672,249,140,1,-1,-1,-1
1125,129,535,671,248,141,1,-1,-1,-1
1126,129,524,670,248,142,1,-1,-1,-1
1127,129,513,667,248,144,1,-1,-1,-1
1128,129,505,666,245,145,1,-1,-1,-1
1129,129,496,666,246,146,1,-1,-1,-1
1130,129,488,665,246,148,1,-1,-1,-1
1131,129,481,663,244,155,1,-1,-1,-1
1132,129,476,664,243,158,1,-1,-1,-1
1133,129,470,662,245,163,1,-1,-1,-1
1134,129,466,662,237,166,1,-1,-1,-1
1135,129,461,660,233,172,1,-1,-1,-1
1136,129,458,660,229,175,1,-1,-1,-1
1137,129,455,660,227,178,1,-1,-1,-1
1138,129,452,659,224,183,1,-1,-1,-1
1139,129,449,660,221,187,1,-1,-1,-1
1140,129,446,662,220,191,1,-1,-1,-1
1141,129,445,664,218,193,1,-1,-1,-1
1142,129,444,666,216,196,1,-1,-1,-1
1143,129,443,667,213,200,1,-1,-1,-1
1144,129,442,667,212,205,1,-1,-1,-1
1145,129,442,671,211,207,1,-1,-1,-1
1146,129,442,673,212,209,1,-1,-1,-1
1147,129,444,676,211,211,1,-1,-1,-1
1148,129,444,677,214,215,1,-1,-1,-1
1149,129,445,679,214,220,1,-1,-1,-1
1150,129,446,682,216,222,1,-1,-1,-1
1151,129,449,686,216,225,1,-1,-1,-1
1152,129,453,689,216,228,1,-1,-1,-1
1153,129,454,691,221,233,1,-1,-1,-1
1154,129,459,694,218,235,1,-1,-1,-1
1155,129,459,695,219,239,1,-1,-1,-1
1156,129,461,700,222,240,1,-1,-1,-1
1157,129,461,704,224,244,1,-1,-1,-1
1158,129,462,707,227,250,1,-1,-1,-1
1159,129,462,710,232,256,1,-1,-1,-1
1160,129,462,713,234,261,1,-1,-1,-1
1161,129,460,719,237,267,1,-1,-1,-1
1162,129,456,724,244,270,1,-1,-1,-1
1163,129,452,730,250,275,1,-1,-1,-1
1164,129,444,735,259,281,1,-1,-1,-1
1165,129,436,740,262,285,1,-1,-1,-1
1166,129,423,746,272,287,1,-1,-1,-1
1167,129,408,751,281,292,1,-1,-1,-1
1168,129,389,757,293,295,1,-1,-1,-1
1169,129,369,763,303,297,1,-1,-1,-1
1170,129,346,771,316,301,1,-1,-1,-1
1171,129,318,777,339,306,1,-1,-1,-1
1172,129,288,783,364,311,1,-1,-1,-1
1173,129,252,787,388,318,1,-1,-1,-1
1174,129,208,790,420,326,1,-1,-1,-1
1175,129,156,793,458,334,1,-1,-1,-1
1176,129,96,796,500,342,1,-1,-1,-1
1177,129,26,798,548,350,1,-1,-1,-1
1178,129,0,797,550,362,1,-1,-1,-1
1179,129,0,795,519,376,1,-1,-1,-1
1180,129,0,790,481,389,1,-1,-1,-1
1181,129,0,777,433,401,1,-1,-1,-1
1182,129,1,758,375,379,1,-1,-1,-1
1183,129,1,778,305,370,1,-1,-1,-1
1184,129,0,783,225,377,1,-1,-1,-1
1185,129,0,813,129,347,1,-1,-1,-1
2170,132,1687,929,44,50,1,-1,-1,-1
2171,132,1685,928,45,52,1,-1,-1,-1
2172,132,1684,927,46,54,1,-1,-1,-1
2173,132,1683,929,46,53,1,-1,-1,-1
2174,132,1682,928,46,55,1,-1,-1,-1
2175,132,1682,939,46,46,1,-1,-1,-1
2176,132,1680,942,47,43,1,-1,-1,-1
2177,132,1678,942,48,45,1,-1,-1,-1
2178,132,1676,942,50,47,1,-1,-1,-1
2179,132,1674,942,52,48,1,-1,-1,-1
2180,132,1649,960,71,61,1,-1,-1,-1
2181,132,1646,961,71,63,1,-1,-1,-1
2182,132,1643,962,74,66,1,-1,-1,-1
2183,132,1638,964,78,67,1,-1,-1,-1
2184,132,1635,966,78,68,1,-1,-1,-1
2185,132,1642,966,69,70,1,-1,-1,-1
2186,132,1625,967,83,72,1,-1,-1,-1
2187,132,1619,970,87,72,1,-1,-1,-1
2188,132,1612,972,91,75,1,-1,-1,-1
2189,132,1603,973,94,76,1,-1,-1,-1
2190,132,1596,973,96,78,1,-1,-1,-1
2191,132,1586,975,100,81,1,-1,-1,-1
2192,132,1575,975,103,84,1,-1,-1,-1
2193,132,1565,977,105,85,1,-1,-1,-1
2194,132,1551,977,112,89,1,-1,-1,-1
2195,132,1537,979,118,90,1,-1,-1,-1
2196,132,1523,978,122,94,1,-1,-1,-1
2197,132,1507,980,128,97,1,-1,-1,-1
2198,132,1492,979,131,102,1,-1,-1,-1
2199,132,1469,979,141,106,1,-1,-1,-1
2200,132,1447,979,150,111,1,-1,-1,-1
2201,132,1424,980,158,114,1,-1,-1,-1
2202,132,1397,982,168,117,1,-1,-1,-1
2203,132,1368,980,179,123,1,-1,-1,-1
2204,132,1334,978,191,130,1,-1,-1,-1
2205,132,1298,976,203,135,1,-1,-1,-1
2206,132,1256,975,220,142,1,-1,-1,-1
2207,132,1210,973,236,148,1,-1,-1,-1
2208,132,1158,972,256,154,1,-1,-1,-1
2209,132,1099,966,278,164,1,-1,-1,-1
2210,132,1033,962,304,174,1,-1,-1,-1
2211,132,958,957,331,182,1,-1,-1,-1
2212,132,871,951,363,193,1,-1,-1,-1
2213,132,772,942,401,205,1,-1,-1,-1
2214,132,658,932,445,220,1,-1,-1,-1
2215,132,527,920,495,235,1,-1,-1,-1
2216,132,368,907,559,252,1,-1,-1,-1
2217,132,185,889,633,274,1,-1,-1,-1
2218,132,0,869,689,297,1,-1,-1,-1
2219,132,0,847,537,319,1,-1,-1,-1
2220,132,1,833,354,332,1,-1,-1,-1
